time[s]	CH1[V]	CH2[V] (num. of cycles: 5)
0.000000000000000000e+00	-7.775613885176808626e-01	-5.823765804893091813e-01
5.000000000000000240e-05	-7.775613885176808626e-01	-5.823765804893091813e-01
1.000000000000000048e-04	-7.787820916426808626e-01	-5.799351742393091813e-01
1.499999999999999869e-04	-8.019754510176808626e-01	-5.994664242393091813e-01
2.000000000000000096e-04	-8.031961541426808626e-01	-6.019078304893091813e-01
2.500000000000000052e-04	-8.239481072676808626e-01	-6.238804867393091813e-01
2.999999999999999737e-04	-8.263895135176808626e-01	-6.214390804893091813e-01
3.499999999999999964e-04	-8.483621697676808626e-01	-6.385289242393092923e-01
4.000000000000000192e-04	-8.483621697676808626e-01	-6.409703304893092923e-01
4.499999999999999877e-04	-8.691141228926808626e-01	-6.605015804893092923e-01
5.000000000000000104e-04	-8.727762322676808626e-01	-6.580601742393092923e-01
5.500000000000000331e-04	-8.935281853926808626e-01	-6.800328304893092923e-01
5.999999999999999474e-04	-8.959695916426808626e-01	-6.800328304893092923e-01
6.499999999999999702e-04	-9.167215447676808626e-01	-6.995640804893092923e-01
6.999999999999999929e-04	-9.179422478926808626e-01	-6.995640804893092923e-01
7.500000000000000156e-04	-9.399149041426808626e-01	-7.190953304893092923e-01
8.000000000000000383e-04	-9.411356072676808626e-01	-7.166539242393092923e-01
8.499999999999999526e-04	-9.643289666426808626e-01	-7.386265804893092923e-01
8.999999999999999754e-04	-9.631082635176808626e-01	-7.361851742393092923e-01
9.499999999999999981e-04	-9.863016228926808626e-01	-7.581578304893092923e-01
1.000000000000000021e-03	-9.887430291426808626e-01	-7.532750179893092923e-01
1.049999999999999935e-03	-1.009494982267680863e+00	-7.776890804893092923e-01
1.100000000000000066e-03	-1.010715685392680863e+00	-7.752476742393092923e-01
1.149999999999999981e-03	-1.032688341642680863e+00	-7.947789242393092923e-01
1.199999999999999895e-03	-1.033909044767680863e+00	-7.923375179893092923e-01
1.250000000000000026e-03	-1.054660997892680863e+00	-8.143101742393092923e-01
1.299999999999999940e-03	-1.055881701017680863e+00	-8.094273617393092923e-01
1.350000000000000071e-03	-1.076633654142680863e+00	-8.338414242393092923e-01
1.399999999999999986e-03	-1.079075060392680863e+00	-8.338414242393092923e-01
1.449999999999999900e-03	-1.099827013517680863e+00	-8.533726742393092923e-01
1.500000000000000031e-03	-1.102268419767680863e+00	-8.509312679893092923e-01
1.549999999999999946e-03	-1.121799669767680863e+00	-8.704625179893092923e-01
1.600000000000000077e-03	-1.124241076017680863e+00	-8.704625179893092923e-01
1.649999999999999991e-03	-1.144993029142680863e+00	-8.924351742393092923e-01
1.699999999999999905e-03	-1.146213732267680863e+00	-8.899937679893092923e-01
1.750000000000000036e-03	-1.168186388517680863e+00	-9.119664242393092923e-01
1.799999999999999951e-03	-1.170627794767680863e+00	-9.095250179893092923e-01
1.850000000000000082e-03	-1.190159044767680863e+00	-9.314976742393092923e-01
1.899999999999999996e-03	-1.192600451017680863e+00	-9.266148617393092923e-01
1.949999999999999910e-03	-1.213352404142680863e+00	-9.485875179893092923e-01
2.000000000000000042e-03	-1.215793810392680863e+00	-9.461461117393092923e-01
2.050000000000000173e-03	-1.236545763517680863e+00	-9.705601742393092923e-01
2.099999999999999870e-03	-1.237766466642680863e+00	-9.656773617393092923e-01
2.150000000000000001e-03	-1.258518419767681085e+00	-9.876500179893092923e-01
2.200000000000000133e-03	-1.259739122892681085e+00	-9.876500179893092923e-01
2.249999999999999830e-03	-1.279270372892681085e+00	-1.007181267989309292e+00
2.299999999999999961e-03	-1.281711779142681085e+00	-1.007181267989309292e+00
2.350000000000000092e-03	-1.303684435392681085e+00	-1.026712517989309292e+00
2.399999999999999790e-03	-1.303684435392681085e+00	-1.024271111739309292e+00
2.449999999999999921e-03	-1.325657091642681085e+00	-1.046243767989309292e+00
2.500000000000000052e-03	-1.325657091642681085e+00	-1.043802361739309292e+00
2.550000000000000183e-03	-1.347629747892681085e+00	-1.063333611739309292e+00
2.599999999999999881e-03	-1.347629747892681085e+00	-1.065775017989309292e+00
2.650000000000000012e-03	-1.368381701017681085e+00	-1.082864861739309292e+00
2.700000000000000143e-03	-1.370823107267681085e+00	-1.082864861739309292e+00
2.749999999999999840e-03	-1.394016466642681085e+00	-1.102396111739309292e+00
2.799999999999999972e-03	-1.392795763517681085e+00	-1.099954705489309292e+00
2.850000000000000103e-03	-1.413547716642681085e+00	-1.119485955489309292e+00
2.899999999999999800e-03	-1.415989122892681085e+00	-1.119485955489309292e+00
2.949999999999999931e-03	-1.435520372892681085e+00	-1.136575799239309292e+00
3.000000000000000062e-03	-1.436741076017681085e+00	-1.112161736739309292e+00
3.050000000000000194e-03	-1.457493029142681085e+00	-1.129251580489309292e+00
3.099999999999999891e-03	-1.456272326017681085e+00	-1.092630486739309292e+00
3.150000000000000022e-03	-1.467258654142681085e+00	-1.112161736739309292e+00
3.200000000000000153e-03	-1.445285997892681085e+00	-1.073099236739309292e+00
3.249999999999999851e-03	-1.466037951017681085e+00	-1.092630486739309292e+00
3.299999999999999982e-03	-1.392795763517681085e+00	-1.053567986739309292e+00
3.350000000000000113e-03	-1.441623888517681085e+00	-1.075540642989309292e+00
3.399999999999999811e-03	-1.332981310392681085e+00	-1.034036736739309292e+00
3.449999999999999942e-03	-1.389133654142681085e+00	-1.056009392989309292e+00
3.500000000000000073e-03	-1.284153185392681085e+00	-1.014505486739309292e+00
3.550000000000000204e-03	-1.326877794767681085e+00	-1.034036736739309292e+00
3.599999999999999901e-03	-1.253635607267681085e+00	-9.949742367393092923e-01
3.650000000000000033e-03	-1.280491076017681085e+00	-1.016946892989309292e+00
3.700000000000000164e-03	-1.231662951017680863e+00	-9.778843929893092923e-01
3.749999999999999861e-03	-1.249973497892680863e+00	-9.974156429893092923e-01
3.799999999999999992e-03	-1.217014513517680863e+00	-9.583531429893092923e-01
3.850000000000000124e-03	-1.231662951017680863e+00	-9.803257992393092923e-01
3.899999999999999821e-03	-1.204807482267680863e+00	-9.412632992393092923e-01
3.950000000000000386e-03	-1.218235216642680863e+00	-9.607945492393092923e-01
4.000000000000000083e-03	-1.190159044767680863e+00	-9.192906429893092923e-01
4.049999999999999781e-03	-1.206028185392680863e+00	-9.412632992393092923e-01
4.100000000000000346e-03	-1.165744982267680863e+00	-9.046422054893092923e-01
4.150000000000000043e-03	-1.188938341642680863e+00	-9.217320492393092923e-01
4.199999999999999740e-03	-1.132785997892680863e+00	-8.826695492393092923e-01
4.250000000000000305e-03	-1.163303576017680863e+00	-9.022007992393092923e-01
4.300000000000000003e-03	-1.098606310392680863e+00	-8.655797054893092923e-01
4.349999999999999700e-03	-1.130344591642680863e+00	-8.851109554893092923e-01
4.400000000000000265e-03	-1.066868029142680863e+00	-8.484898617393092923e-01
4.449999999999999963e-03	-1.097385607267680863e+00	-8.655797054893092923e-01
4.499999999999999660e-03	-1.040012560392680863e+00	-8.265172054893092923e-01
4.550000000000000225e-03	-1.066868029142680863e+00	-8.460484554893092923e-01
4.599999999999999922e-03	-1.015598497892680863e+00	-8.069859554893092923e-01
4.649999999999999620e-03	-1.038791857267680863e+00	-8.289586117393092923e-01
4.700000000000000185e-03	-9.924051385176808626e-01	-7.898961117393092923e-01
4.749999999999999882e-03	-1.013157091642680863e+00	-8.069859554893092923e-01
4.799999999999999580e-03	-9.704324822676808626e-01	-7.703648617393092923e-01
4.850000000000000144e-03	-9.911844353926808626e-01	-7.874547054893092923e-01
4.899999999999999842e-03	-9.460184197676808626e-01	-7.508336117393092923e-01
4.950000000000000407e-03	-9.692117791426808626e-01	-7.703648617393092923e-01
5.000000000000000104e-03	-9.203836541426808626e-01	-7.288609554893092923e-01
5.049999999999999802e-03	-9.447977166426808626e-01	-7.508336117393092923e-01
5.100000000000000366e-03	-8.947488885176808626e-01	-7.142125179893092923e-01
5.150000000000000064e-03	-9.191629510176808626e-01	-7.313023617393092923e-01
5.199999999999999761e-03	-8.666727166426808626e-01	-6.922398617393092923e-01
5.250000000000000326e-03	-8.910867791426808626e-01	-7.117711117393092923e-01
5.300000000000000024e-03	-8.398172478926808626e-01	-6.727086117393092923e-01
5.349999999999999721e-03	-8.630106072676808626e-01	-6.946812679893092923e-01
5.400000000000000286e-03	-8.117410760176808626e-01	-6.531773617393092923e-01
5.449999999999999983e-03	-8.349344353926808626e-01	-6.751500179893092923e-01
5.499999999999999681e-03	-7.861063103926808626e-01	-6.336461117393092923e-01
5.550000000000000246e-03	-8.092996697676808626e-01	-6.556187679893092923e-01
5.599999999999999943e-03	-7.629129510176808626e-01	-6.189976742393091813e-01
5.649999999999999641e-03	-7.848856072676808626e-01	-6.360875179893092923e-01
5.700000000000000205e-03	-7.360574822676808626e-01	-5.970250179893091813e-01
5.749999999999999903e-03	-7.604715447676808626e-01	-6.189976742393091813e-01
5.799999999999999600e-03	-7.092020135176808626e-01	-5.750523617393091813e-01
5.850000000000000165e-03	-7.348367791426808626e-01	-5.970250179893091813e-01
5.899999999999999863e-03	-6.860086541426808626e-01	-5.579625179893091813e-01
5.950000000000000427e-03	-7.104227166426808626e-01	-5.799351742393091813e-01
6.000000000000000125e-03	-6.603738885176808626e-01	-5.384312679893091813e-01
6.049999999999999822e-03	-6.835672478926808626e-01	-5.604039242393091813e-01
6.100000000000000387e-03	-6.347391228926808626e-01	-5.189000179893091813e-01
6.150000000000000085e-03	-6.591531853926808626e-01	-5.408726742393091813e-01
6.199999999999999782e-03	-6.066629510176808626e-01	-5.018101742393091813e-01
6.250000000000000347e-03	-6.310770135176808626e-01	-5.213414242393091813e-01
6.300000000000000044e-03	-5.798074822676808626e-01	-4.847203304893091813e-01
6.349999999999999742e-03	-6.042215447676808626e-01	-4.993687679893091813e-01
6.400000000000000307e-03	-5.553934197676808626e-01	-4.651890804893091813e-01
6.450000000000000004e-03	-5.798074822676808626e-01	-4.847203304893091813e-01
6.499999999999999702e-03	-5.285379510176808626e-01	-4.432164242393091813e-01
6.550000000000000266e-03	-5.541727166426808626e-01	-4.651890804893091813e-01
6.599999999999999964e-03	-5.041238885176808626e-01	-4.236851742393091813e-01
6.649999999999999661e-03	-5.285379510176808626e-01	-4.456578304893091813e-01
6.700000000000000226e-03	-4.784891228926808626e-01	-4.065953304893091813e-01
6.749999999999999924e-03	-5.029031853926808626e-01	-4.261265804893091813e-01
6.799999999999999621e-03	-4.552957635176808626e-01	-3.870640804893091813e-01
6.850000000000000186e-03	-4.772684197676808626e-01	-4.114781429893091813e-01
6.899999999999999883e-03	-4.296609978926808626e-01	-3.675328304893091813e-01
6.949999999999999581e-03	-4.528543572676808626e-01	-3.895054867393091813e-01
7.000000000000000146e-03	-4.040262322676808626e-01	-3.480015804893091813e-01
7.049999999999999843e-03	-4.272195916426808626e-01	-3.699742367393091813e-01
7.100000000000000408e-03	-3.783914666426808626e-01	-3.284703304893091813e-01
7.150000000000000105e-03	-4.015848260176808626e-01	-3.504429867393091813e-01
7.199999999999999803e-03	-3.515359978926808626e-01	-3.113804867393091813e-01
7.250000000000000368e-03	-3.759500603926808626e-01	-3.284703304893091813e-01
7.300000000000000065e-03	-3.271219353926808626e-01	-2.918492367393091813e-01
7.349999999999999763e-03	-3.503152947676808626e-01	-3.113804867393091813e-01
7.400000000000000328e-03	-3.014871697676809181e-01	-2.723179867393091813e-01
7.450000000000000025e-03	-3.259012322676808626e-01	-2.918492367393091813e-01
7.499999999999999722e-03	-2.758524041426809181e-01	-2.503453304893091813e-01
7.550000000000000287e-03	-3.002664666426809181e-01	-2.723179867393091813e-01
7.599999999999999985e-03	-2.502176385176809181e-01	-2.308140804893091813e-01
7.649999999999999682e-03	-2.746317010176809181e-01	-2.527867367393091813e-01
7.700000000000000247e-03	-2.245828728926809181e-01	-2.137242367393091813e-01
7.749999999999999944e-03	-2.489969353926809181e-01	-2.356968929893091813e-01
7.799999999999999642e-03	-2.001688103926809181e-01	-1.941929867393091813e-01
7.849999999999999339e-03	-2.221414666426809181e-01	-2.137242367393091813e-01
7.900000000000000772e-03	-1.757547478926809181e-01	-1.771031429893091813e-01
7.950000000000000469e-03	-1.989481072676809181e-01	-1.941929867393091813e-01
8.000000000000000167e-03	-1.501199822676809181e-01	-1.551304867393092091e-01
8.049999999999999864e-03	-1.733133416426809181e-01	-1.771031429893091813e-01
8.099999999999999561e-03	-1.257059197676809181e-01	-1.355992367393092091e-01
8.149999999999999259e-03	-1.488992791426809181e-01	-1.575718929893091813e-01
8.200000000000000691e-03	-1.025125603926809181e-01	-1.185093929893092091e-01
8.250000000000000389e-03	-1.232645135176809181e-01	-1.355992367393092091e-01
8.300000000000000086e-03	-7.687779476768091813e-02	-9.897814298930920907e-02
8.349999999999999784e-03	-1.000711541426809181e-01	-1.185093929893092091e-01
8.399999999999999481e-03	-5.246373226768092507e-02	-7.944689298930920907e-02
8.449999999999999178e-03	-7.565709164268091813e-02	-9.897814298930920907e-02
8.500000000000000611e-03	-2.560826351768092160e-02	-5.747423673930920907e-02
8.550000000000000308e-03	-5.002232601768092507e-02	-8.188829923930920907e-02
8.600000000000000006e-03	-2.414904142680920733e-03	-4.038439298930920907e-02
8.649999999999999703e-03	-2.560826351768092160e-02	-5.991564298930920907e-02
8.699999999999999400e-03	2.321986148231907840e-02	-2.085314298930921253e-02
8.750000000000000833e-03	1.247205232319079267e-03	-4.038439298930920907e-02
8.800000000000000530e-03	4.763392398231907493e-02	-1.321892989309212535e-03
8.850000000000000228e-03	2.566126773231907840e-02	-2.573595548930921253e-02
8.899999999999999925e-03	7.082728335731908187e-02	1.576795076069078747e-02
8.949999999999999623e-03	4.885462710731907493e-02	-3.763299239309212535e-03
8.999999999999999320e-03	9.646204898231908187e-02	3.285779451069079093e-02
9.050000000000000752e-03	7.326868960731908187e-02	1.820935701069078747e-02
9.100000000000000450e-03	1.196554083573190819e-01	5.238904451069079093e-02
9.150000000000000147e-03	9.890345523231908187e-02	3.285779451069079093e-02
9.199999999999999845e-03	1.440694708573190819e-01	6.947888826069079093e-02
9.249999999999999542e-03	1.208761114823190819e-01	4.994763826069079093e-02
9.299999999999999239e-03	1.697042364823190819e-01	9.145154451069079093e-02
9.350000000000000672e-03	1.465108771073190819e-01	7.192029451069079093e-02
9.400000000000000369e-03	1.953390021073190819e-01	1.134242007606907909e-01
9.450000000000000067e-03	1.709249396073190819e-01	9.145154451069079093e-02
9.499999999999999764e-03	2.185323614823190819e-01	1.305140445106907909e-01
9.549999999999999462e-03	1.965597052323190819e-01	1.109827945106907909e-01
9.599999999999999159e-03	2.429464239823190819e-01	1.500452945106907909e-01
9.650000000000000591e-03	2.209737677323190819e-01	1.305140445106907909e-01
9.700000000000000289e-03	2.685811896073190819e-01	1.695765445106908187e-01
9.749999999999999986e-03	2.453878302323190819e-01	1.476038882606907909e-01
9.799999999999999684e-03	2.905538458573190819e-01	1.866663882606908187e-01
9.849999999999999381e-03	2.698018927323190819e-01	1.671351382606908187e-01
9.900000000000000813e-03	3.161886114823191374e-01	2.061976382606908187e-01
9.950000000000000511e-03	2.929952521073190819e-01	1.866663882606908187e-01
1.000000000000000021e-02	3.418233771073191374e-01	2.232874820106908187e-01
1.004999999999999991e-02	3.174093146073191374e-01	2.061976382606908187e-01
1.009999999999999960e-02	3.662374396073191374e-01	2.452601382606908187e-01
1.014999999999999930e-02	3.418233771073191374e-01	2.257288882606908187e-01
1.020000000000000073e-02	3.894307989823191374e-01	2.647913882606908187e-01
1.025000000000000043e-02	3.662374396073191374e-01	2.452601382606908187e-01
1.030000000000000013e-02	4.126241583573191374e-01	2.843226382606908187e-01
1.034999999999999983e-02	3.906515021073191374e-01	2.623499820106908187e-01
1.039999999999999952e-02	4.370382208573191374e-01	3.014124820106908187e-01
1.044999999999999922e-02	4.150655646073191374e-01	2.818812320106908187e-01
1.050000000000000065e-02	4.602315802323191374e-01	3.209437320106908187e-01
1.055000000000000035e-02	4.382589239823191374e-01	2.989710757606908187e-01
1.060000000000000005e-02	4.834249396073191374e-01	3.404749820106908187e-01
1.064999999999999974e-02	4.626729864823191374e-01	3.209437320106908187e-01
1.069999999999999944e-02	5.090597052323191374e-01	3.600062320106908187e-01
1.074999999999999914e-02	4.858663458573191374e-01	3.404749820106908187e-01
1.080000000000000057e-02	5.334737677323191374e-01	3.795374820106908187e-01
1.085000000000000027e-02	5.115011114823191374e-01	3.600062320106908187e-01
1.089999999999999997e-02	5.566671271073191374e-01	3.990687320106908187e-01
1.094999999999999966e-02	5.359151739823191374e-01	3.795374820106908187e-01
1.099999999999999936e-02	5.798604864823191374e-01	4.185999820106908187e-01
1.105000000000000079e-02	5.591085333573191374e-01	3.990687320106908187e-01
1.110000000000000049e-02	6.042745489823191374e-01	4.381312320106908187e-01
1.115000000000000019e-02	5.810811896073191374e-01	4.161585757606908187e-01
1.119999999999999989e-02	6.274679083573191374e-01	4.552210757606908187e-01
1.124999999999999958e-02	6.054952521073191374e-01	4.381312320106908187e-01
1.129999999999999928e-02	6.506612677323191374e-01	4.771937320106908187e-01
1.135000000000000071e-02	6.286886114823191374e-01	4.552210757606908187e-01
1.140000000000000041e-02	6.738546271073191374e-01	4.942835757606908187e-01
1.145000000000000011e-02	6.531026739823191374e-01	4.747523257606908187e-01
1.149999999999999981e-02	6.982686896073191374e-01	5.138148257606908187e-01
1.154999999999999950e-02	6.775167364823191374e-01	4.942835757606908187e-01
1.159999999999999920e-02	7.226827521073191374e-01	5.357874820106908187e-01
1.165000000000000063e-02	7.007100958573191374e-01	5.138148257606908187e-01
1.170000000000000033e-02	7.458761114823191374e-01	5.528773257606908187e-01
1.175000000000000003e-02	7.251241583573191374e-01	5.333460757606908187e-01
1.179999999999999973e-02	7.702901739823191374e-01	5.724085757606908187e-01
1.184999999999999942e-02	7.483175177323191374e-01	5.504359195106908187e-01
1.190000000000000085e-02	7.922628302323191374e-01	5.943812320106908187e-01
1.195000000000000055e-02	7.715108771073191374e-01	5.699671695106908187e-01
1.200000000000000025e-02	8.154561896073191374e-01	6.090296695106908187e-01
1.204999999999999995e-02	7.947042364823191374e-01	5.870570132606908187e-01
1.209999999999999964e-02	8.398702521073191374e-01	6.310023257606907077e-01
1.214999999999999934e-02	8.166768927323191374e-01	6.114710757606908187e-01
1.220000000000000077e-02	8.618429083573191374e-01	6.480921695106907077e-01
1.225000000000000047e-02	8.410909552323191374e-01	6.285609195106907077e-01
1.230000000000000017e-02	8.850362677323191374e-01	6.676234195106907077e-01
1.234999999999999987e-02	8.642843146073191374e-01	6.456507632606907077e-01
1.239999999999999956e-02	9.094503302323191374e-01	6.871546695106907077e-01
1.244999999999999926e-02	8.886983771073191374e-01	6.676234195106907077e-01
1.250000000000000069e-02	9.326436896073191374e-01	7.042445132606907077e-01
1.255000000000000039e-02	9.106710333573191374e-01	6.847132632606907077e-01
1.260000000000000009e-02	9.558370489823191374e-01	7.286585757606907077e-01
1.264999999999999979e-02	9.338643927323191374e-01	7.066859195106907077e-01
1.269999999999999948e-02	9.790304083573191374e-01	7.457484195106907077e-01
1.274999999999999918e-02	9.582784552323191374e-01	7.237757632606907077e-01
1.280000000000000061e-02	1.003444470857319137e+00	7.628382632606907077e-01
1.285000000000000031e-02	9.802511114823191374e-01	7.433070132606907077e-01
1.290000000000000001e-02	1.025417127107319137e+00	7.823695132606907077e-01
1.294999999999999971e-02	1.004665173982319137e+00	7.652796695106907077e-01
1.299999999999999940e-02	1.048610486482319137e+00	8.019007632606907077e-01
1.305000000000000084e-02	1.026637830232319137e+00	7.823695132606907077e-01
1.310000000000000053e-02	1.070583142732319137e+00	8.214320132606907077e-01
1.315000000000000023e-02	1.049831189607319137e+00	8.019007632606907077e-01
1.319999999999999993e-02	1.093776502107319137e+00	8.385218570106907077e-01
1.324999999999999963e-02	1.073024548982319137e+00	8.189906070106907077e-01
1.329999999999999932e-02	1.116969861482319137e+00	8.604945132606907077e-01
1.335000000000000075e-02	1.096217908357319137e+00	8.385218570106907077e-01
1.340000000000000045e-02	1.137721814607319137e+00	8.800257632606907077e-01
1.345000000000000015e-02	1.119411267732319137e+00	8.580531070106907077e-01
1.349999999999999985e-02	1.163356580232319137e+00	8.971156070106907077e-01
1.354999999999999954e-02	1.141383923982319137e+00	8.775843570106907077e-01
1.359999999999999924e-02	1.185329236482319137e+00	9.190882632606907077e-01
1.365000000000000067e-02	1.163356580232319137e+00	8.946742007606907077e-01
1.370000000000000037e-02	1.208522595857319137e+00	9.361781070106907077e-01
1.375000000000000007e-02	1.186549939607319137e+00	9.166468570106907077e-01
1.379999999999999977e-02	1.231715955232319137e+00	9.581507632606907077e-01
1.384999999999999946e-02	1.208522595857319137e+00	9.337367007606907077e-01
1.389999999999999916e-02	1.253688611482318915e+00	9.776820132606907077e-01
1.395000000000000059e-02	1.234157361482319137e+00	9.557093570106907077e-01
1.400000000000000029e-02	1.276881970857318915e+00	9.947718570106907077e-01
1.404999999999999999e-02	1.256130017732318915e+00	9.752406070106907077e-01
1.409999999999999969e-02	1.300075330232318915e+00	1.014303107010690708e+00
1.414999999999999938e-02	1.278102673982318915e+00	9.923304507606907077e-01
1.420000000000000082e-02	1.320827283357318915e+00	1.033834357010690708e+00
1.425000000000000051e-02	1.301296033357318915e+00	1.014303107010690708e+00
1.430000000000000021e-02	1.344020642732318915e+00	1.050924200760690708e+00
1.434999999999999991e-02	1.323268689607318915e+00	1.033834357010690708e+00
1.439999999999999961e-02	1.365993298982318915e+00	1.072896857010690708e+00
1.444999999999999930e-02	1.345241345857318915e+00	1.050924200760690708e+00
1.450000000000000074e-02	1.387965955232318915e+00	1.089986700760690708e+00
1.455000000000000043e-02	1.367214002107318915e+00	1.070455450760690708e+00
1.460000000000000013e-02	1.409938611482318915e+00	1.109517950760690708e+00
1.464999999999999983e-02	1.389186658357318915e+00	1.089986700760690708e+00
1.469999999999999953e-02	1.433131970857318915e+00	1.126607794510690708e+00
1.474999999999999922e-02	1.412380017732318915e+00	1.107076544510690708e+00
1.480000000000000066e-02	1.455104627107318915e+00	1.151021857010690708e+00
1.485000000000000035e-02	1.434352673982318915e+00	1.129049200760690708e+00
1.490000000000000005e-02	1.475856580232318915e+00	1.165670294510690708e+00
1.494999999999999975e-02	1.456325330232318915e+00	1.148580450760690708e+00
1.499999999999999944e-02	1.499049939607318915e+00	1.185201544510690708e+00
1.504999999999999914e-02	1.478297986482318915e+00	1.168111700760690708e+00
1.510000000000000057e-02	1.521022595857318915e+00	1.199849982010690708e+00
1.515000000000000027e-02	1.500270642732318915e+00	1.185201544510690708e+00
1.519999999999999997e-02	1.541774548982318915e+00	1.197408575760690708e+00
1.524999999999999967e-02	1.522243298982318915e+00	1.172994513260690708e+00
1.529999999999999936e-02	1.550319470857318915e+00	1.175435919510690708e+00
1.535000000000000080e-02	1.541774548982318915e+00	1.153463263260690708e+00
1.540000000000000049e-02	1.549098767732318915e+00	1.158346075760690708e+00
1.545000000000000019e-02	1.523464002107318915e+00	1.133932013260690708e+00
1.549999999999999989e-02	1.518581189607318915e+00	1.138814825760690708e+00
1.554999999999999959e-02	1.467311658357318915e+00	1.116842169510690708e+00
1.559999999999999928e-02	1.461208142732318915e+00	1.119283575760690708e+00
1.565000000000000072e-02	1.405055798982318915e+00	1.099752325760690708e+00
1.569999999999999868e-02	1.401393689607318915e+00	1.099752325760690708e+00
1.575000000000000011e-02	1.361110486482318915e+00	1.077779669510690708e+00
1.580000000000000154e-02	1.357448377107318915e+00	1.080221075760690708e+00
1.584999999999999951e-02	1.334255017732318915e+00	1.058248419510690708e+00
1.590000000000000094e-02	1.331813611482318915e+00	1.060689825760690708e+00
1.594999999999999890e-02	1.315944470857318915e+00	1.041158575760690708e+00
1.600000000000000033e-02	1.315944470857318915e+00	1.043599982010690708e+00
1.604999999999999830e-02	1.302516736482318915e+00	1.024068732010690708e+00
1.609999999999999973e-02	1.303737439607318915e+00	1.024068732010690708e+00
1.615000000000000116e-02	1.292751111482318915e+00	1.004537482010690708e+00
1.619999999999999912e-02	1.291530408357318915e+00	1.004537482010690708e+00
1.625000000000000056e-02	1.274440564607318915e+00	9.850062320106907077e-01
1.629999999999999852e-02	1.271999158357318915e+00	9.850062320106907077e-01
1.634999999999999995e-02	1.247585095857319137e+00	9.654749820106907077e-01
1.640000000000000138e-02	1.243922986482319137e+00	9.654749820106907077e-01
1.644999999999999934e-02	1.213405408357319137e+00	9.483851382606907077e-01
1.650000000000000078e-02	1.209743298982319137e+00	9.483851382606907077e-01
1.654999999999999874e-02	1.180446423982319137e+00	9.264124820106907077e-01
1.660000000000000017e-02	1.175563611482319137e+00	9.288538882606907077e-01
1.665000000000000160e-02	1.148708142732319137e+00	9.093226382606907077e-01
1.669999999999999957e-02	1.146266736482319137e+00	9.093226382606907077e-01
1.675000000000000100e-02	1.120631970857319137e+00	8.873499820106907077e-01
1.679999999999999896e-02	1.120631970857319137e+00	8.922327945106907077e-01
1.685000000000000039e-02	1.097438611482319137e+00	8.727015445106907077e-01
1.689999999999999836e-02	1.094997205232319137e+00	8.702601382606907077e-01
1.694999999999999979e-02	1.074245252107319137e+00	8.507288882606907077e-01
1.700000000000000122e-02	1.073024548982319137e+00	8.531702945106907077e-01
1.704999999999999918e-02	1.052272595857319137e+00	8.311976382606907077e-01
1.710000000000000062e-02	1.049831189607319137e+00	8.336390445106907077e-01
1.714999999999999858e-02	1.027858533357319137e+00	8.116663882606907077e-01
1.720000000000000001e-02	1.026637830232319137e+00	8.141077945106907077e-01
1.725000000000000144e-02	1.001003064607319137e+00	7.945765445106907077e-01
1.729999999999999941e-02	9.997823614823191374e-01	7.970179507606907077e-01
1.735000000000000084e-02	9.741475958573191374e-01	7.750452945106907077e-01
1.739999999999999880e-02	9.717061896073191374e-01	7.774867007606907077e-01
1.745000000000000023e-02	9.460714239823191374e-01	7.555140445106907077e-01
1.750000000000000167e-02	9.436300177323191374e-01	7.579554507606907077e-01
1.754999999999999963e-02	9.192159552323191374e-01	7.359827945106907077e-01
1.760000000000000106e-02	9.167745489823191374e-01	7.384242007606907077e-01
1.764999999999999902e-02	8.948018927323191374e-01	7.188929507606907077e-01
1.770000000000000046e-02	8.923604864823191374e-01	7.188929507606907077e-01
1.774999999999999842e-02	8.691671271073191374e-01	6.993617007606907077e-01
1.779999999999999985e-02	8.667257208573191374e-01	6.993617007606907077e-01
1.785000000000000128e-02	8.447530646073191374e-01	6.798304507606907077e-01
1.789999999999999925e-02	8.410909552323191374e-01	6.798304507606907077e-01
1.795000000000000068e-02	8.178975958573191374e-01	6.627406070106907077e-01
1.799999999999999864e-02	8.166768927323191374e-01	6.602992007606907077e-01
1.805000000000000007e-02	7.934835333573191374e-01	6.407679507606907077e-01
1.810000000000000150e-02	7.910421271073191374e-01	6.432093570106907077e-01
1.814999999999999947e-02	7.666280646073191374e-01	6.236781070106908187e-01
1.820000000000000090e-02	7.666280646073191374e-01	6.236781070106908187e-01
1.824999999999999886e-02	7.422140021073191374e-01	6.017054507606908187e-01
1.830000000000000029e-02	7.409932989823191374e-01	6.041468570106908187e-01
1.835000000000000173e-02	7.153585333573191374e-01	5.870570132606908187e-01
1.839999999999999969e-02	7.141378302323191374e-01	5.846156070106908187e-01
1.845000000000000112e-02	6.897237677323191374e-01	5.650843570106908187e-01
1.849999999999999908e-02	6.885030646073191374e-01	5.675257632606908187e-01
1.855000000000000052e-02	6.628682989823191374e-01	5.479945132606908187e-01
1.859999999999999848e-02	6.604268927323191374e-01	5.431117007606908187e-01
1.864999999999999991e-02	6.384542364823191374e-01	5.284632632606908187e-01
1.870000000000000134e-02	6.360128302323191374e-01	5.284632632606908187e-01
1.874999999999999931e-02	6.140401739823191374e-01	5.064906070106908187e-01
1.880000000000000074e-02	6.103780646073191374e-01	5.089320132606908187e-01
1.884999999999999870e-02	5.884054083573191374e-01	4.894007632606908187e-01
1.890000000000000013e-02	5.871847052323191374e-01	4.918421695106908187e-01
1.895000000000000157e-02	5.627706427323191374e-01	4.698695132606908187e-01
1.899999999999999953e-02	5.603292364823191374e-01	4.698695132606908187e-01
1.905000000000000096e-02	5.371358771073191374e-01	4.503382632606908187e-01
1.909999999999999892e-02	5.346944708573191374e-01	4.527796695106908187e-01
1.915000000000000036e-02	5.102804083573191374e-01	4.308070132606908187e-01
1.919999999999999832e-02	5.102804083573191374e-01	4.332484195106908187e-01
1.924999999999999975e-02	4.858663458573191374e-01	4.112757632606908187e-01
1.930000000000000118e-02	4.834249396073191374e-01	4.112757632606908187e-01
1.934999999999999915e-02	4.602315802323191374e-01	3.917445132606908187e-01
1.940000000000000058e-02	4.590108771073191374e-01	3.941859195106908187e-01
1.944999999999999854e-02	4.345968146073191374e-01	3.746546695106908187e-01
1.949999999999999997e-02	4.321554083573191374e-01	3.746546695106908187e-01
1.955000000000000140e-02	4.077413458573191374e-01	3.551234195106908187e-01
1.959999999999999937e-02	4.089620489823191374e-01	3.551234195106908187e-01
1.965000000000000080e-02	3.857686896073191374e-01	3.331507632606908187e-01
1.969999999999999876e-02	3.821065802323191374e-01	3.355921695106908187e-01
1.975000000000000019e-02	3.589132208573191374e-01	3.160609195106908187e-01
1.980000000000000163e-02	3.576925177323191374e-01	3.185023257606908187e-01
1.984999999999999959e-02	3.344991583573191374e-01	2.940882632606908187e-01
1.990000000000000102e-02	3.320577521073191374e-01	2.965296695106908187e-01
1.994999999999999898e-02	3.100850958573190819e-01	2.769984195106908187e-01
2.000000000000000042e-02	3.076436896073190819e-01	2.794398257606908187e-01
2.004999999999999838e-02	2.844503302323190819e-01	2.574671695106908187e-01
2.009999999999999981e-02	2.807882208573190819e-01	2.599085757606908187e-01
2.015000000000000124e-02	2.600362677323190819e-01	2.403773257606908187e-01
2.019999999999999921e-02	2.575948614823190819e-01	2.403773257606908187e-01
2.025000000000000064e-02	2.344015021073190819e-01	2.208460757606908187e-01
2.029999999999999860e-02	2.319600958573190819e-01	2.208460757606908187e-01
2.035000000000000003e-02	2.087667364823190819e-01	1.988734195106908187e-01
2.040000000000000147e-02	2.063253302323190819e-01	2.013148257606908187e-01
2.044999999999999943e-02	1.843526739823190819e-01	1.817835757606908187e-01
2.050000000000000086e-02	1.819112677323190819e-01	1.817835757606908187e-01
2.054999999999999882e-02	1.587179083573190819e-01	1.622523257606908187e-01
2.060000000000000026e-02	1.562765021073190819e-01	1.622523257606908187e-01
2.065000000000000169e-02	1.343038458573190819e-01	1.427210757606907909e-01
2.069999999999999965e-02	1.318624396073190819e-01	1.427210757606907909e-01
2.075000000000000108e-02	1.086690802323190819e-01	1.231898257606907909e-01
2.079999999999999905e-02	1.074483771073190819e-01	1.256312320106907909e-01
2.085000000000000048e-02	8.547572085731908187e-02	1.060999820106907909e-01
2.089999999999999844e-02	8.303431460731908187e-02	1.060999820106907909e-01
2.094999999999999987e-02	5.862025210731907493e-02	8.656873201069079093e-02
2.100000000000000130e-02	5.739954898231907493e-02	8.656873201069079093e-02
2.104999999999999927e-02	3.298548648231908187e-02	6.703748201069079093e-02
2.110000000000000070e-02	3.298548648231908187e-02	6.947888826069079093e-02
2.114999999999999866e-02	1.101283023231907840e-02	4.750623201069079093e-02
2.120000000000000009e-02	9.792127107319078400e-03	4.750623201069079093e-02
2.125000000000000153e-02	-1.340123226768092160e-02	3.041638826069078747e-02
2.129999999999999949e-02	-1.462193539268092160e-02	3.285779451069079093e-02
2.135000000000000092e-02	-3.781529476768091813e-02	1.088513826069078747e-02
2.139999999999999888e-02	-3.903599789268091813e-02	1.332654451069078747e-02
2.145000000000000032e-02	-6.222935726768092507e-02	-6.204705489309212535e-03
2.149999999999999828e-02	-6.467076351768091813e-02	-8.646111739309212535e-03
2.154999999999999971e-02	-8.664341976768091813e-02	-2.817736173930921253e-02
2.160000000000000114e-02	-8.908482601768091813e-02	-2.573595548930921253e-02
2.164999999999999911e-02	-1.110574822676809181e-01	-4.526720548930920907e-02
2.170000000000000054e-02	-1.134988885176809181e-01	-4.770861173930920907e-02
2.174999999999999850e-02	-1.354715447676809181e-01	-6.723986173930920907e-02
2.179999999999999993e-02	-1.379129510176809181e-01	-6.479845548930920907e-02
2.185000000000000137e-02	-1.598856072676809181e-01	-8.677111173930920907e-02
2.189999999999999933e-02	-1.635477166426809181e-01	-8.432970548930920907e-02
2.195000000000000076e-02	-1.855203728926809181e-01	-1.038609554893092091e-01
2.199999999999999872e-02	-1.867410760176809181e-01	-1.038609554893092091e-01
2.205000000000000016e-02	-2.099344353926809181e-01	-1.233922054893092091e-01
2.210000000000000159e-02	-2.111551385176809181e-01	-1.209507992393092091e-01
2.214999999999999955e-02	-2.355692010176809181e-01	-1.429234554893092091e-01
2.220000000000000098e-02	-2.343484978926809181e-01	-1.429234554893092091e-01
2.224999999999999895e-02	-2.587625603926809181e-01	-1.648961117393091813e-01
2.230000000000000038e-02	-2.599832635176809181e-01	-1.624547054893091813e-01
2.234999999999999834e-02	-2.831766228926809181e-01	-1.819859554893091813e-01
2.239999999999999977e-02	-2.831766228926809181e-01	-1.819859554893091813e-01
2.245000000000000120e-02	-3.063699822676809181e-01	-2.015172054893091813e-01
2.249999999999999917e-02	-3.075906853926809181e-01	-1.990757992393091813e-01
2.255000000000000060e-02	-3.307840447676808626e-01	-2.186070492393091813e-01
2.259999999999999856e-02	-3.320047478926808626e-01	-2.186070492393091813e-01
2.264999999999999999e-02	-3.539774041426808626e-01	-2.381382992393091813e-01
2.270000000000000143e-02	-3.551981072676808626e-01	-2.381382992393091813e-01
2.274999999999999939e-02	-3.771707635176808626e-01	-2.576695492393091813e-01
2.280000000000000082e-02	-3.796121697676808626e-01	-2.552281429893091813e-01
2.284999999999999878e-02	-4.015848260176808626e-01	-2.772007992393091813e-01
2.290000000000000022e-02	-4.040262322676808626e-01	-2.772007992393091813e-01
2.295000000000000165e-02	-4.259988885176808626e-01	-2.967320492393091813e-01
2.299999999999999961e-02	-4.272195916426808626e-01	-2.967320492393091813e-01
2.305000000000000104e-02	-4.504129510176808626e-01	-3.187047054893091813e-01
2.309999999999999901e-02	-4.516336541426808626e-01	-3.162632992393091813e-01
2.315000000000000044e-02	-4.736063103926808626e-01	-3.333531429893091813e-01
2.319999999999999840e-02	-4.760477166426808626e-01	-3.309117367393091813e-01
2.324999999999999983e-02	-4.980203728926808626e-01	-3.553257992393091813e-01
2.330000000000000127e-02	-4.992410760176808626e-01	-3.528843929893091813e-01
2.334999999999999923e-02	-5.224344353926808626e-01	-3.748570492393091813e-01
2.340000000000000066e-02	-5.224344353926808626e-01	-3.699742367393091813e-01
2.344999999999999862e-02	-5.444070916426808626e-01	-3.919468929893091813e-01
2.350000000000000006e-02	-5.468484978926808626e-01	-3.895054867393091813e-01
2.355000000000000149e-02	-5.688211541426808626e-01	-4.114781429893091813e-01
2.359999999999999945e-02	-5.700418572676808626e-01	-4.114781429893091813e-01
2.365000000000000088e-02	-5.907938103926808626e-01	-4.334507992393091813e-01
2.369999999999999885e-02	-5.932352166426808626e-01	-4.310093929893091813e-01
2.375000000000000028e-02	-6.152078728926808626e-01	-4.480992367393091813e-01
2.380000000000000171e-02	-6.176492791426808626e-01	-4.480992367393091813e-01
2.384999999999999967e-02	-6.396219353926808626e-01	-4.725132992393091813e-01
2.390000000000000110e-02	-6.408426385176808626e-01	-4.700718929893091813e-01
2.394999999999999907e-02	-6.640359978926808626e-01	-4.920445492393091813e-01
2.400000000000000050e-02	-6.652567010176808626e-01	-4.871617367393091813e-01
2.404999999999999846e-02	-6.872293572676808626e-01	-5.115757992393091813e-01
2.409999999999999989e-02	-6.884500603926808626e-01	-5.066929867393091813e-01
2.415000000000000133e-02	-7.104227166426808626e-01	-5.237828304893091813e-01
2.419999999999999929e-02	-7.116434197676808626e-01	-5.262242367393091813e-01
2.425000000000000072e-02	-7.336160760176808626e-01	-5.481968929893091813e-01
2.429999999999999868e-02	-7.336160760176808626e-01	-5.457554867393091813e-01
2.435000000000000012e-02	-7.555887322676808626e-01	-5.652867367393091813e-01
2.440000000000000155e-02	-7.580301385176808626e-01	-5.652867367393091813e-01
2.444999999999999951e-02	-7.800027947676808626e-01	-5.848179867393091813e-01
2.450000000000000094e-02	-7.824442010176808626e-01	-5.848179867393091813e-01
2.454999999999999891e-02	-8.031961541426808626e-01	-6.043492367393091813e-01
2.460000000000000034e-02	-8.044168572676808626e-01	-6.019078304893091813e-01
2.464999999999999830e-02	-8.288309197676808626e-01	-6.238804867393091813e-01
2.469999999999999973e-02	-8.288309197676808626e-01	-6.238804867393091813e-01
2.475000000000000117e-02	-8.495828728926808626e-01	-6.434117367393092923e-01
2.479999999999999913e-02	-8.520242791426808626e-01	-6.409703304893092923e-01
2.485000000000000056e-02	-8.739969353926808626e-01	-6.629429867393092923e-01
2.489999999999999852e-02	-8.752176385176808626e-01	-6.629429867393092923e-01
2.494999999999999996e-02	-8.971902947676808626e-01	-6.800328304893092923e-01
2.500000000000000139e-02	-8.984109978926808626e-01	-6.800328304893092923e-01
2.504999999999999935e-02	-9.203836541426808626e-01	-6.995640804893092923e-01
2.510000000000000078e-02	-9.216043572676808626e-01	-6.995640804893092923e-01
2.514999999999999875e-02	-9.423563103926808626e-01	-7.190953304893092923e-01
2.520000000000000018e-02	-9.460184197676808626e-01	-7.190953304893092923e-01
2.525000000000000161e-02	-9.667703728926808626e-01	-7.410679867393092923e-01
2.529999999999999957e-02	-9.679910760176808626e-01	-7.386265804893092923e-01
2.535000000000000100e-02	-9.899637322676808626e-01	-7.605992367393092923e-01
2.539999999999999897e-02	-9.887430291426808626e-01	-7.581578304893092923e-01
2.545000000000000040e-02	-1.011936388517680863e+00	-7.801304867393092923e-01
2.549999999999999836e-02	-1.011936388517680863e+00	-7.752476742393092923e-01
2.554999999999999979e-02	-1.033909044767680863e+00	-7.972203304893092923e-01
2.560000000000000123e-02	-1.036350451017680863e+00	-7.947789242393092923e-01
2.564999999999999919e-02	-1.057102404142680863e+00	-8.167515804893092923e-01
2.570000000000000062e-02	-1.059543810392680863e+00	-8.143101742393092923e-01
2.574999999999999858e-02	-1.079075060392680863e+00	-8.362828304893092923e-01
2.580000000000000002e-02	-1.081516466642680863e+00	-8.338414242393092923e-01
2.585000000000000145e-02	-1.102268419767680863e+00	-8.533726742393092923e-01
2.589999999999999941e-02	-1.104709826017680863e+00	-8.533726742393092923e-01
2.595000000000000084e-02	-1.125461779142680863e+00	-8.729039242393092923e-01
2.599999999999999881e-02	-1.125461779142680863e+00	-8.729039242393092923e-01
2.605000000000000024e-02	-1.149875841642680863e+00	-8.948765804893092923e-01
2.610000000000000167e-02	-1.151096544767680863e+00	-8.924351742393092923e-01
2.614999999999999963e-02	-1.170627794767680863e+00	-9.119664242393092923e-01
2.620000000000000107e-02	-1.173069201017680863e+00	-9.119664242393092923e-01
2.624999999999999903e-02	-1.193821154142680863e+00	-9.314976742393092923e-01
2.630000000000000046e-02	-1.195041857267680863e+00	-9.290562679893092923e-01
2.634999999999999842e-02	-1.214573107267680863e+00	-9.510289242393092923e-01
2.639999999999999986e-02	-1.217014513517680863e+00	-9.510289242393092923e-01
2.645000000000000129e-02	-1.238987169767680863e+00	-9.705601742393092923e-01
2.649999999999999925e-02	-1.237766466642680863e+00	-9.681187679893092923e-01
2.655000000000000068e-02	-1.259739122892681085e+00	-9.900914242393092923e-01
2.659999999999999865e-02	-1.263401232267681085e+00	-9.900914242393092923e-01
2.665000000000000008e-02	-1.284153185392681085e+00	-1.007181267989309292e+00
2.670000000000000151e-02	-1.282932482267681085e+00	-1.007181267989309292e+00
2.674999999999999947e-02	-1.304905138517681085e+00	-1.029153924239309292e+00
2.680000000000000090e-02	-1.307346544767681085e+00	-1.026712517989309292e+00
2.684999999999999887e-02	-1.326877794767681085e+00	-1.046243767989309292e+00
2.690000000000000030e-02	-1.329319201017681085e+00	-1.046243767989309292e+00
2.695000000000000173e-02	-1.350071154142681085e+00	-1.065775017989309292e+00
2.699999999999999969e-02	-1.352512560392681085e+00	-1.063333611739309292e+00
2.705000000000000113e-02	-1.372043810392681085e+00	-1.085306267989309292e+00
2.709999999999999909e-02	-1.375705919767681085e+00	-1.082864861739309292e+00
2.715000000000000052e-02	-1.395237169767681085e+00	-1.104837517989309292e+00
2.719999999999999848e-02	-1.396457872892681085e+00	-1.102396111739309292e+00
2.724999999999999992e-02	-1.414768419767681085e+00	-1.124368767989309292e+00
2.730000000000000135e-02	-1.417209826017681085e+00	-1.121927361739309292e+00
2.734999999999999931e-02	-1.436741076017681085e+00	-1.136575799239309292e+00
2.740000000000000074e-02	-1.439182482267681085e+00	-1.112161736739309292e+00
2.744999999999999871e-02	-1.457493029142681085e+00	-1.129251580489309292e+00
2.750000000000000014e-02	-1.458713732267681085e+00	-1.092630486739309292e+00
2.755000000000000157e-02	-1.467258654142681085e+00	-1.112161736739309292e+00
2.759999999999999953e-02	-1.441623888517681085e+00	-1.073099236739309292e+00
2.765000000000000097e-02	-1.464817247892681085e+00	-1.092630486739309292e+00
2.769999999999999893e-02	-1.387912951017681085e+00	-1.051126580489309292e+00
2.775000000000000036e-02	-1.436741076017681085e+00	-1.070657830489309292e+00
2.779999999999999832e-02	-1.326877794767681085e+00	-1.034036736739309292e+00
2.784999999999999976e-02	-1.383030138517681085e+00	-1.053567986739309292e+00
2.790000000000000119e-02	-1.280491076017681085e+00	-1.012064080489309292e+00
2.794999999999999915e-02	-1.323215685392681085e+00	-1.036478142989309292e+00
2.800000000000000058e-02	-1.251194201017681085e+00	-9.949742367393092923e-01
2.804999999999999855e-02	-1.275608263517681085e+00	-1.014505486739309292e+00
2.809999999999999998e-02	-1.230442247892680863e+00	-9.778843929893092923e-01
2.815000000000000141e-02	-1.247532091642680863e+00	-9.974156429893092923e-01
2.819999999999999937e-02	-1.217014513517680863e+00	-9.583531429893092923e-01
2.825000000000000080e-02	-1.230442247892680863e+00	-9.778843929893092923e-01
2.829999999999999877e-02	-1.206028185392680863e+00	-9.388218929893092923e-01
2.835000000000000020e-02	-1.218235216642680863e+00	-9.583531429893092923e-01
2.840000000000000163e-02	-1.190159044767680863e+00	-9.192906429893092923e-01
2.844999999999999959e-02	-1.206028185392680863e+00	-9.412632992393092923e-01
2.850000000000000103e-02	-1.164524279142680863e+00	-8.997593929893092923e-01
2.854999999999999899e-02	-1.187717638517680863e+00	-9.217320492393092923e-01
2.860000000000000042e-02	-1.130344591642680863e+00	-8.802281429893092923e-01
2.864999999999999838e-02	-1.160862169767680863e+00	-9.022007992393092923e-01
2.869999999999999982e-02	-1.097385607267680863e+00	-8.631382992393092923e-01
2.875000000000000125e-02	-1.125461779142680863e+00	-8.826695492393092923e-01
2.879999999999999921e-02	-1.066868029142680863e+00	-8.436070492393092923e-01
2.885000000000000064e-02	-1.094944201017680863e+00	-8.606968929893092923e-01
2.889999999999999861e-02	-1.038791857267680863e+00	-8.265172054893092923e-01
2.895000000000000004e-02	-1.064426622892680863e+00	-8.436070492393092923e-01
2.900000000000000147e-02	-1.011936388517680863e+00	-8.045445492393092923e-01
2.904999999999999943e-02	-1.037571154142680863e+00	-8.265172054893092923e-01
2.910000000000000087e-02	-9.899637322676808626e-01	-7.850132992393092923e-01
2.914999999999999883e-02	-1.010715685392680863e+00	-8.069859554893092923e-01
2.920000000000000026e-02	-9.667703728926808626e-01	-7.654820492393092923e-01
2.925000000000000169e-02	-9.875223260176808626e-01	-7.874547054893092923e-01
2.929999999999999966e-02	-9.435770135176808626e-01	-7.483922054893092923e-01
2.935000000000000109e-02	-9.667703728926808626e-01	-7.703648617393092923e-01
2.939999999999999905e-02	-9.179422478926808626e-01	-7.264195492393092923e-01
2.945000000000000048e-02	-9.423563103926808626e-01	-7.483922054893092923e-01
2.949999999999999845e-02	-8.910867791426808626e-01	-7.093297054893092923e-01
2.954999999999999988e-02	-9.167215447676808626e-01	-7.313023617393092923e-01
2.960000000000000131e-02	-8.642313103926808626e-01	-6.897984554893092923e-01
2.964999999999999927e-02	-8.886453728926808626e-01	-7.117711117393092923e-01
2.970000000000000070e-02	-8.373758416426808626e-01	-6.702672054893092923e-01
2.974999999999999867e-02	-8.617899041426808626e-01	-6.922398617393092923e-01
2.980000000000000010e-02	-8.092996697676808626e-01	-6.531773617393092923e-01
2.985000000000000153e-02	-8.337137322676808626e-01	-6.727086117393092923e-01
2.989999999999999949e-02	-7.836649041426808626e-01	-6.312047054893092923e-01
2.995000000000000093e-02	-8.068582635176808626e-01	-6.531773617393092923e-01
2.999999999999999889e-02	-7.592508416426808626e-01	-6.165562679893091813e-01
3.005000000000000032e-02	-7.824442010176808626e-01	-6.336461117393092923e-01
3.009999999999999828e-02	-7.336160760176808626e-01	-5.970250179893091813e-01
3.014999999999999972e-02	-7.568094353926808626e-01	-6.141148617393091813e-01
3.020000000000000115e-02	-7.079813103926808626e-01	-5.774937679893091813e-01
3.024999999999999911e-02	-7.311746697676808626e-01	-5.970250179893091813e-01
3.030000000000000054e-02	-6.823465447676808626e-01	-5.579625179893091813e-01
3.034999999999999851e-02	-7.067606072676808626e-01	-5.774937679893091813e-01
3.039999999999999994e-02	-6.567117791426808626e-01	-5.359898617393091813e-01
3.045000000000000137e-02	-6.811258416426808626e-01	-5.579625179893091813e-01
3.049999999999999933e-02	-6.310770135176808626e-01	-5.189000179893091813e-01
3.055000000000000077e-02	-6.542703728926808626e-01	-5.384312679893091813e-01
3.059999999999999873e-02	-6.054422478926808626e-01	-4.993687679893091813e-01
3.065000000000000016e-02	-6.298563103926808626e-01	-5.189000179893091813e-01
3.070000000000000159e-02	-5.785867791426808626e-01	-4.798375179893091813e-01
3.074999999999999956e-02	-6.030008416426808626e-01	-5.018101742393091813e-01
3.080000000000000099e-02	-5.529520135176808626e-01	-4.603062679893091813e-01
3.084999999999999895e-02	-5.773660760176808626e-01	-4.798375179893091813e-01
3.090000000000000038e-02	-5.273172478926808626e-01	-4.432164242393091813e-01
3.094999999999999835e-02	-5.517313103926808626e-01	-4.627476742393091813e-01
3.099999999999999978e-02	-5.041238885176808626e-01	-4.236851742393091813e-01
3.105000000000000121e-02	-5.260965447676808626e-01	-4.432164242393091813e-01
3.109999999999999917e-02	-4.784891228926808626e-01	-4.041539242393091813e-01
3.115000000000000061e-02	-5.016824822676808626e-01	-4.236851742393091813e-01
3.119999999999999857e-02	-4.528543572676808626e-01	-3.846226742393091813e-01
3.125000000000000000e-02	-4.760477166426808626e-01	-4.065953304893091813e-01
3.130000000000000143e-02	-4.272195916426808626e-01	-3.650914242393091813e-01
3.135000000000000286e-02	-4.504129510176808626e-01	-3.870640804893091813e-01
3.139999999999999736e-02	-4.003641228926808626e-01	-3.480015804893091813e-01
3.144999999999999879e-02	-4.259988885176808626e-01	-3.675328304893091813e-01
3.150000000000000022e-02	-3.759500603926808626e-01	-3.284703304893091813e-01
3.155000000000000165e-02	-3.991434197676808626e-01	-3.480015804893091813e-01
3.160000000000000309e-02	-3.490945916426808626e-01	-3.089390804893091813e-01
3.164999999999999758e-02	-3.722879510176808626e-01	-3.284703304893091813e-01
3.169999999999999901e-02	-3.246805291426808626e-01	-2.869664242393091813e-01
3.175000000000000044e-02	-3.478738885176808626e-01	-3.089390804893091813e-01
3.180000000000000188e-02	-2.978250603926809181e-01	-2.698765804893091813e-01
3.185000000000000331e-02	-3.234598260176808626e-01	-2.894078304893091813e-01
3.189999999999999780e-02	-2.746317010176809181e-01	-2.479039242393091813e-01
3.194999999999999923e-02	-2.966043572676809181e-01	-2.698765804893091813e-01
3.200000000000000067e-02	-2.477762322676809181e-01	-2.308140804893091813e-01
3.205000000000000210e-02	-2.721902947676809181e-01	-2.503453304893091813e-01
3.209999999999999659e-02	-2.245828728926809181e-01	-2.088414242393091813e-01
3.214999999999999802e-02	-2.465555291426809181e-01	-2.332554867393091813e-01
3.219999999999999946e-02	-1.977274041426809181e-01	-1.917515804893091813e-01
3.225000000000000089e-02	-2.209207635176809181e-01	-2.137242367393091813e-01
3.230000000000000232e-02	-1.720926385176809181e-01	-1.746617367393091813e-01
3.234999999999999681e-02	-1.952859978926809181e-01	-1.941929867393091813e-01
3.239999999999999825e-02	-1.476785760176809181e-01	-1.526890804893092091e-01
3.244999999999999968e-02	-1.720926385176809181e-01	-1.746617367393091813e-01
3.250000000000000111e-02	-1.232645135176809181e-01	-1.355992367393092091e-01
3.255000000000000254e-02	-1.476785760176809181e-01	-1.551304867393092091e-01
3.259999999999999704e-02	-1.000711541426809181e-01	-1.136265804893092091e-01
3.264999999999999847e-02	-1.208231072676809181e-01	-1.355992367393092091e-01
3.269999999999999990e-02	-7.443638851768091813e-02	-9.653673673930920907e-02
3.275000000000000133e-02	-9.518834164268091813e-02	-1.160679867393092091e-01
3.280000000000000276e-02	-4.880162289268092507e-02	-7.700548673930920907e-02
3.284999999999999726e-02	-7.199498226768091813e-02	-9.653673673930920907e-02
3.289999999999999869e-02	-2.316685726768092160e-02	-5.747423673930920907e-02
3.295000000000000012e-02	-4.758091976768092507e-02	-7.944689298930920907e-02
3.300000000000000155e-02	2.650210731907926692e-05	-4.038439298930920907e-02
3.305000000000000299e-02	-2.194615414268092160e-02	-5.991564298930920907e-02
3.309999999999999748e-02	2.566126773231907840e-02	-1.841173673930921253e-02
3.314999999999999891e-02	3.688611482319079267e-03	-4.038439298930920907e-02
3.320000000000000034e-02	4.885462710731907493e-02	-1.321892989309212535e-03
3.325000000000000178e-02	2.932337710731907840e-02	-1.841173673930921253e-02
3.330000000000000321e-02	7.571009585731908187e-02	1.820935701069078747e-02
3.334999999999999770e-02	5.129603335731907493e-02	-1.321892989309212535e-03
3.339999999999999913e-02	9.768275210731908187e-02	3.529920076069079093e-02
3.345000000000000057e-02	7.571009585731908187e-02	1.820935701069078747e-02
3.350000000000000200e-02	1.233175177323190819e-01	5.238904451069079093e-02
3.355000000000000343e-02	1.001241583573190819e-01	3.285779451069079093e-02
3.359999999999999792e-02	1.477315802323190819e-01	7.192029451069079093e-02
3.364999999999999936e-02	1.245382208573190819e-01	5.238904451069079093e-02
3.370000000000000079e-02	1.721456427323190819e-01	9.389295076069079093e-02
3.375000000000000222e-02	1.489522833573190819e-01	7.192029451069079093e-02
3.379999999999999671e-02	1.965597052323190819e-01	1.109827945106907909e-01
3.384999999999999815e-02	1.733663458573190819e-01	9.145154451069079093e-02
3.389999999999999958e-02	2.197530646073190819e-01	1.329554507606907909e-01
3.395000000000000101e-02	1.990011114823190819e-01	1.109827945106907909e-01
3.400000000000000244e-02	2.453878302323190819e-01	1.500452945106907909e-01
3.404999999999999694e-02	2.221944708573190819e-01	1.280726382606907909e-01
3.409999999999999837e-02	2.710225958573190819e-01	1.695765445106908187e-01
3.414999999999999980e-02	2.466085333573190819e-01	1.476038882606907909e-01
3.420000000000000123e-02	2.942159552323190819e-01	1.891077945106908187e-01
3.425000000000000266e-02	2.710225958573190819e-01	1.695765445106908187e-01
3.429999999999999716e-02	3.186300177323191374e-01	2.061976382606908187e-01
3.434999999999999859e-02	2.954366583573190819e-01	1.866663882606908187e-01
3.440000000000000002e-02	3.430440802323191374e-01	2.281702945106908187e-01
3.445000000000000145e-02	3.198507208573191374e-01	2.061976382606908187e-01
3.450000000000000289e-02	3.686788458573191374e-01	2.452601382606908187e-01
3.454999999999999738e-02	3.454854864823191374e-01	2.281702945106908187e-01
3.459999999999999881e-02	3.918722052323191374e-01	2.647913882606908187e-01
3.465000000000000024e-02	3.698995489823191374e-01	2.452601382606908187e-01
3.470000000000000168e-02	4.150655646073191374e-01	2.843226382606908187e-01
3.475000000000000311e-02	3.930929083573191374e-01	2.647913882606908187e-01
3.479999999999999760e-02	4.394796271073191374e-01	3.038538882606908187e-01
3.484999999999999903e-02	4.175069708573191374e-01	2.843226382606908187e-01
3.490000000000000047e-02	4.638936896073191374e-01	3.233851382606908187e-01
3.495000000000000190e-02	4.419210333573191374e-01	3.038538882606908187e-01
3.500000000000000333e-02	4.870870489823191374e-01	3.429163882606908187e-01
3.504999999999999782e-02	4.651143927323191374e-01	3.233851382606908187e-01
3.509999999999999926e-02	5.102804083573191374e-01	3.624476382606908187e-01
3.515000000000000069e-02	4.895284552323191374e-01	3.429163882606908187e-01
3.520000000000000212e-02	5.346944708573191374e-01	3.819788882606908187e-01
3.524999999999999661e-02	5.127218146073191374e-01	3.624476382606908187e-01
3.529999999999999805e-02	5.603292364823191374e-01	4.015101382606908187e-01
3.534999999999999948e-02	5.371358771073191374e-01	3.795374820106908187e-01
3.540000000000000091e-02	5.835225958573191374e-01	4.210413882606908187e-01
3.545000000000000234e-02	5.615499396073191374e-01	3.990687320106908187e-01
3.549999999999999684e-02	6.054952521073191374e-01	4.381312320106908187e-01
3.554999999999999827e-02	5.859640021073191374e-01	4.185999820106908187e-01
3.559999999999999970e-02	6.311300177323191374e-01	4.601038882606908187e-01
3.565000000000000113e-02	6.091573614823191374e-01	4.381312320106908187e-01
3.570000000000000256e-02	6.531026739823191374e-01	4.771937320106908187e-01
3.574999999999999706e-02	6.323507208573191374e-01	4.576624820106908187e-01
3.579999999999999849e-02	6.762960333573191374e-01	4.967249820106908187e-01
3.584999999999999992e-02	6.543233771073191374e-01	4.771937320106908187e-01
3.590000000000000135e-02	7.019307989823191374e-01	5.162562320106908187e-01
3.595000000000000279e-02	6.799581427323191374e-01	4.967249820106908187e-01
3.599999999999999728e-02	7.239034552323191374e-01	5.357874820106908187e-01
3.604999999999999871e-02	7.031515021073191374e-01	5.138148257606908187e-01
3.610000000000000014e-02	7.495382208573191374e-01	5.528773257606908187e-01
3.615000000000000158e-02	7.263448614823191374e-01	5.357874820106908187e-01
3.620000000000000301e-02	7.715108771073191374e-01	5.724085757606908187e-01
3.624999999999999750e-02	7.507589239823191374e-01	5.528773257606908187e-01
3.629999999999999893e-02	7.959249396073191374e-01	5.919398257606908187e-01
3.635000000000000037e-02	7.751729864823191374e-01	5.748499820106908187e-01
3.640000000000000180e-02	8.191182989823191374e-01	6.163538882606908187e-01
3.645000000000000323e-02	7.971456427323191374e-01	5.919398257606908187e-01
3.649999999999999772e-02	8.435323614823191374e-01	6.285609195106907077e-01
3.654999999999999916e-02	8.203390021073191374e-01	6.114710757606908187e-01
3.660000000000000059e-02	8.655050177323191374e-01	6.505335757606907077e-01
3.665000000000000202e-02	8.435323614823191374e-01	6.310023257606907077e-01
3.670000000000000345e-02	8.886983771073191374e-01	6.725062320106907077e-01
3.674999999999999795e-02	8.667257208573191374e-01	6.480921695106907077e-01
3.679999999999999938e-02	9.143331427323191374e-01	6.871546695106907077e-01
3.685000000000000081e-02	8.899190802323191374e-01	6.676234195106907077e-01
3.690000000000000224e-02	9.363057989823191374e-01	7.066859195106907077e-01
3.694999999999999674e-02	9.143331427323191374e-01	6.895960757606907077e-01
3.699999999999999817e-02	9.594991583573191374e-01	7.262171695106907077e-01
3.704999999999999960e-02	9.375265021073191374e-01	7.066859195106907077e-01
3.710000000000000103e-02	9.814718146073191374e-01	7.481898257606907077e-01
3.715000000000000246e-02	9.607198614823191374e-01	7.262171695106907077e-01
3.719999999999999696e-02	1.004665173982319137e+00	7.652796695106907077e-01
3.724999999999999839e-02	9.839132208573191374e-01	7.457484195106907077e-01
3.729999999999999982e-02	1.027858533357319137e+00	7.848109195106907077e-01
3.735000000000000125e-02	1.005885877107319137e+00	7.652796695106907077e-01
3.740000000000000269e-02	1.049831189607319137e+00	8.067835757606907077e-01
3.744999999999999718e-02	1.029079236482319137e+00	7.823695132606907077e-01
3.749999999999999861e-02	1.073024548982319137e+00	8.238734195106907077e-01
3.755000000000000004e-02	1.053493298982319137e+00	8.019007632606907077e-01
3.760000000000000148e-02	1.096217908357319137e+00	8.434046695106907077e-01
3.765000000000000291e-02	1.075465955232319137e+00	8.214320132606907077e-01
3.769999999999999740e-02	1.119411267732319137e+00	8.629359195106907077e-01
3.774999999999999883e-02	1.097438611482319137e+00	8.409632632606907077e-01
3.780000000000000027e-02	1.141383923982319137e+00	8.800257632606907077e-01
3.785000000000000170e-02	1.119411267732319137e+00	8.580531070106907077e-01
3.790000000000000313e-02	1.164577283357319137e+00	8.995570132606907077e-01
3.794999999999999762e-02	1.142604627107319137e+00	8.800257632606907077e-01
3.799999999999999906e-02	1.186549939607319137e+00	9.215296695106907077e-01
3.805000000000000049e-02	1.165797986482319137e+00	8.971156070106907077e-01
3.810000000000000192e-02	1.210964002107319137e+00	9.386195132606907077e-01
3.815000000000000335e-02	1.190212048982319137e+00	9.190882632606907077e-01
3.819999999999999785e-02	1.234157361482319137e+00	9.581507632606907077e-01
3.824999999999999928e-02	1.212184705232319137e+00	9.386195132606907077e-01
3.830000000000000071e-02	1.254909314607318915e+00	9.752406070106907077e-01
3.835000000000000214e-02	1.234157361482319137e+00	9.532679507606907077e-01
3.839999999999999664e-02	1.278102673982318915e+00	9.996546695106907077e-01
3.844999999999999807e-02	1.258571423982318915e+00	9.776820132606907077e-01
3.849999999999999950e-02	1.302516736482318915e+00	1.014303107010690708e+00
3.855000000000000093e-02	1.281764783357318915e+00	9.972132632606907077e-01
3.860000000000000236e-02	1.324489392732318915e+00	1.033834357010690708e+00
3.864999999999999686e-02	1.302516736482318915e+00	1.014303107010690708e+00
3.869999999999999829e-02	1.345241345857318915e+00	1.053365607010690708e+00
3.874999999999999972e-02	1.324489392732318915e+00	1.036275763260690708e+00
3.880000000000000115e-02	1.368434705232318915e+00	1.072896857010690708e+00
3.885000000000000259e-02	1.346462048982318915e+00	1.053365607010690708e+00
3.889999999999999708e-02	1.390407361482318915e+00	1.094869513260690708e+00
3.894999999999999851e-02	1.368434705232318915e+00	1.072896857010690708e+00
3.899999999999999994e-02	1.412380017732318915e+00	1.111959357010690708e+00
3.905000000000000138e-02	1.391628064607318915e+00	1.089986700760690708e+00
3.910000000000000281e-02	1.435573377107318915e+00	1.131490607010690708e+00
3.914999999999999730e-02	1.414821423982318915e+00	1.109517950760690708e+00
3.919999999999999873e-02	1.457546033357318915e+00	1.148580450760690708e+00
3.925000000000000017e-02	1.436794080232318915e+00	1.129049200760690708e+00
3.930000000000000160e-02	1.478297986482318915e+00	1.168111700760690708e+00
3.935000000000000303e-02	1.458766736482318915e+00	1.148580450760690708e+00
3.939999999999999752e-02	1.501491345857318915e+00	1.190084357010690708e+00
3.944999999999999896e-02	1.480739392732318915e+00	1.168111700760690708e+00
3.950000000000000039e-02	1.523464002107318915e+00	1.199849982010690708e+00
3.955000000000000182e-02	1.502712048982318915e+00	1.185201544510690708e+00
3.960000000000000325e-02	1.542995252107318915e+00	1.194967169510690708e+00
3.964999999999999775e-02	1.524684705232318915e+00	1.172994513260690708e+00
3.969999999999999918e-02	1.550319470857318915e+00	1.172994513260690708e+00
3.975000000000000061e-02	1.542995252107318915e+00	1.153463263260690708e+00
3.980000000000000204e-02	1.546657361482318915e+00	1.153463263260690708e+00
3.984999999999999654e-02	1.519801892732318915e+00	1.133932013260690708e+00
3.989999999999999797e-02	1.513698377107318915e+00	1.136373419510690708e+00
3.994999999999999940e-02	1.461208142732318915e+00	1.114400763260690708e+00
4.000000000000000083e-02	1.456325330232318915e+00	1.119283575760690708e+00
4.005000000000000226e-02	1.400172986482318915e+00	1.094869513260690708e+00
4.009999999999999676e-02	1.395290173982318915e+00	1.097310919510690708e+00
4.014999999999999819e-02	1.357448377107318915e+00	1.075338263260690708e+00
4.019999999999999962e-02	1.353786267732318915e+00	1.077779669510690708e+00
4.025000000000000105e-02	1.329372205232318915e+00	1.058248419510690708e+00
4.030000000000000249e-02	1.329372205232318915e+00	1.060689825760690708e+00
4.034999999999999698e-02	1.313503064607318915e+00	1.041158575760690708e+00
4.039999999999999841e-02	1.313503064607318915e+00	1.041158575760690708e+00
4.044999999999999984e-02	1.301296033357318915e+00	1.019185919510690708e+00
4.050000000000000128e-02	1.302516736482318915e+00	1.021627325760690708e+00
4.055000000000000271e-02	1.290309705232318915e+00	9.996546695106907077e-01
4.059999999999999720e-02	1.290309705232318915e+00	1.004537482010690708e+00
4.064999999999999863e-02	1.270778455232318915e+00	9.825648257606907077e-01
4.070000000000000007e-02	1.267116345857318915e+00	9.825648257606907077e-01
4.075000000000000150e-02	1.242702283357319137e+00	9.630335757606907077e-01
4.080000000000000293e-02	1.240260877107319137e+00	9.654749820106907077e-01
4.084999999999999742e-02	1.208522595857319137e+00	9.459437320106907077e-01
4.089999999999999886e-02	1.206081189607319137e+00	9.459437320106907077e-01
4.095000000000000029e-02	1.176784314607319137e+00	9.239710757606907077e-01
4.100000000000000172e-02	1.174342908357319137e+00	9.264124820106907077e-01
4.105000000000000315e-02	1.145046033357319137e+00	9.068812320106907077e-01
4.109999999999999765e-02	1.142604627107319137e+00	9.068812320106907077e-01
4.114999999999999908e-02	1.118190564607319137e+00	8.873499820106907077e-01
4.120000000000000051e-02	1.116969861482319137e+00	8.897913882606907077e-01
4.125000000000000194e-02	1.094997205232319137e+00	8.678187320106907077e-01
4.130000000000000338e-02	1.093776502107319137e+00	8.678187320106907077e-01
4.134999999999999787e-02	1.073024548982319137e+00	8.482874820106907077e-01
4.139999999999999930e-02	1.071803845857319137e+00	8.507288882606907077e-01
4.145000000000000073e-02	1.049831189607319137e+00	8.311976382606907077e-01
4.150000000000000216e-02	1.048610486482319137e+00	8.336390445106907077e-01
4.154999999999999666e-02	1.025417127107319137e+00	8.116663882606907077e-01
4.159999999999999809e-02	1.024196423982319137e+00	8.116663882606907077e-01
4.164999999999999952e-02	9.985616583573191374e-01	7.921351382606907077e-01
4.170000000000000095e-02	9.973409552323191374e-01	7.945765445106907077e-01
4.175000000000000239e-02	9.729268927323191374e-01	7.750452945106907077e-01
4.179999999999999688e-02	9.680440802323191374e-01	7.750452945106907077e-01
4.184999999999999831e-02	9.436300177323191374e-01	7.530726382606907077e-01
4.189999999999999974e-02	9.424093146073191374e-01	7.555140445106907077e-01
4.195000000000000118e-02	9.179952521073191374e-01	7.335413882606907077e-01
4.200000000000000261e-02	9.143331427323191374e-01	7.359827945106907077e-01
4.204999999999999710e-02	8.911397833573191374e-01	7.164515445106907077e-01
4.209999999999999853e-02	8.886983771073191374e-01	7.164515445106907077e-01
4.214999999999999997e-02	8.667257208573191374e-01	6.993617007606907077e-01
4.220000000000000140e-02	8.655050177323191374e-01	6.969202945106907077e-01
4.225000000000000283e-02	8.398702521073191374e-01	6.773890445106907077e-01
4.229999999999999732e-02	8.398702521073191374e-01	6.798304507606907077e-01
4.234999999999999876e-02	8.154561896073191374e-01	6.578577945106907077e-01
4.240000000000000019e-02	8.130147833573191374e-01	6.578577945106907077e-01
4.245000000000000162e-02	7.898214239823191374e-01	6.407679507606907077e-01
4.250000000000000305e-02	7.886007208573191374e-01	6.407679507606907077e-01
4.254999999999999755e-02	7.641866583573191374e-01	6.236781070106908187e-01
4.259999999999999898e-02	7.629659552323191374e-01	6.236781070106908187e-01
4.265000000000000041e-02	7.385518927323191374e-01	6.017054507606908187e-01
4.270000000000000184e-02	7.361104864823191374e-01	6.041468570106908187e-01
4.275000000000000328e-02	7.129171271073191374e-01	5.846156070106908187e-01
4.279999999999999777e-02	7.104757208573191374e-01	5.821742007606908187e-01
4.284999999999999920e-02	6.872823614823191374e-01	5.626429507606908187e-01
4.290000000000000063e-02	6.836202521073191374e-01	5.650843570106908187e-01
4.295000000000000207e-02	6.604268927323191374e-01	5.455531070106908187e-01
4.299999999999999656e-02	6.579854864823191374e-01	5.455531070106908187e-01
4.304999999999999799e-02	6.360128302323191374e-01	5.260218570106908187e-01
4.309999999999999942e-02	6.335714239823191374e-01	5.260218570106908187e-01
4.315000000000000085e-02	6.103780646073191374e-01	5.064906070106908187e-01
4.320000000000000229e-02	6.091573614823191374e-01	5.089320132606908187e-01
4.324999999999999678e-02	5.859640021073191374e-01	4.869593570106908187e-01
4.329999999999999821e-02	5.835225958573191374e-01	4.869593570106908187e-01
4.334999999999999964e-02	5.591085333573191374e-01	4.674281070106908187e-01
4.340000000000000108e-02	5.578878302323191374e-01	4.723109195106908187e-01
4.345000000000000251e-02	5.346944708573191374e-01	4.478968570106908187e-01
4.349999999999999700e-02	5.322530646073191374e-01	4.503382632606908187e-01
4.354999999999999843e-02	5.090597052323191374e-01	4.308070132606908187e-01
4.359999999999999987e-02	5.066182989823191374e-01	4.283656070106908187e-01
4.365000000000000130e-02	4.809835333573191374e-01	4.112757632606908187e-01
4.370000000000000273e-02	4.822042364823191374e-01	4.112757632606908187e-01
4.374999999999999722e-02	4.565694708573191374e-01	3.917445132606908187e-01
4.379999999999999866e-02	4.553487677323191374e-01	3.941859195106908187e-01
4.385000000000000009e-02	4.321554083573191374e-01	3.697718570106908187e-01
4.390000000000000152e-02	4.297140021073191374e-01	3.697718570106908187e-01
4.395000000000000295e-02	4.065206427323191374e-01	3.526820132606908187e-01
4.399999999999999745e-02	4.065206427323191374e-01	3.551234195106908187e-01
4.404999999999999888e-02	3.821065802323191374e-01	3.331507632606908187e-01
4.410000000000000031e-02	3.796651739823191374e-01	3.355921695106908187e-01
4.415000000000000174e-02	3.576925177323191374e-01	3.160609195106908187e-01
4.420000000000000318e-02	3.540304083573191374e-01	3.185023257606908187e-01
4.424999999999999767e-02	3.308370489823191374e-01	2.940882632606908187e-01
4.429999999999999910e-02	3.296163458573191374e-01	2.965296695106908187e-01
4.435000000000000053e-02	3.052022833573190819e-01	2.769984195106908187e-01
4.440000000000000197e-02	3.027608771073190819e-01	2.794398257606908187e-01
4.445000000000000340e-02	2.820089239823190819e-01	2.574671695106908187e-01
4.449999999999999789e-02	2.783468146073190819e-01	2.574671695106908187e-01
4.454999999999999932e-02	2.563741583573190819e-01	2.354945132606908187e-01
4.460000000000000075e-02	2.539327521073190819e-01	2.379359195106908187e-01
4.465000000000000219e-02	2.295186896073190819e-01	2.184046695106908187e-01
4.469999999999999668e-02	2.282979864823190819e-01	2.208460757606908187e-01
4.474999999999999811e-02	2.051046271073190819e-01	1.988734195106908187e-01
4.479999999999999954e-02	2.051046271073190819e-01	2.013148257606908187e-01
4.485000000000000098e-02	1.819112677323190819e-01	1.793421695106908187e-01
4.490000000000000241e-02	1.794698614823190819e-01	1.793421695106908187e-01
4.494999999999999690e-02	1.562765021073190819e-01	1.622523257606908187e-01
4.499999999999999833e-02	1.526143927323190819e-01	1.598109195106908187e-01
4.504999999999999977e-02	1.318624396073190819e-01	1.427210757606907909e-01
4.510000000000000120e-02	1.306417364823190819e-01	1.427210757606907909e-01
4.515000000000000263e-02	1.062276739823190819e-01	1.231898257606907909e-01
4.519999999999999712e-02	1.037862677323190819e-01	1.256312320106907909e-01
4.524999999999999856e-02	8.181361148231908187e-02	1.036585757606907909e-01
4.529999999999999999e-02	7.937220523231908187e-02	1.060999820106907909e-01
4.535000000000000142e-02	5.495814273231907493e-02	8.168591951069079093e-02
4.540000000000000285e-02	5.373743960731907493e-02	8.412732576069079093e-02
4.544999999999999735e-02	3.176478335731908187e-02	6.459607576069079093e-02
4.549999999999999878e-02	3.176478335731908187e-02	6.459607576069079093e-02
4.555000000000000021e-02	7.350720857319079267e-03	4.506482576069079093e-02
4.560000000000000164e-02	4.909314607319079267e-03	4.750623201069079093e-02
4.565000000000000308e-02	-1.584263851768092160e-02	2.797498201069078747e-02
4.569999999999999757e-02	-1.828404476768092160e-02	3.041638826069078747e-02
4.574999999999999900e-02	-4.147740414268092507e-02	8.443732010690787465e-03
4.580000000000000043e-02	-4.269810726768092507e-02	1.088513826069078747e-02
4.585000000000000187e-02	-6.589146664268091813e-02	-1.108751798930921253e-02
4.590000000000000330e-02	-6.589146664268091813e-02	-8.646111739309212535e-03
4.594999999999999779e-02	-8.908482601768091813e-02	-3.061876798930921253e-02
4.599999999999999922e-02	-9.274693539268091813e-02	-3.061876798930921253e-02
4.605000000000000066e-02	-1.147195916426809181e-01	-5.015001798930920907e-02
4.610000000000000209e-02	-1.159402947676809181e-01	-4.770861173930920907e-02
4.614999999999999658e-02	-1.379129510176809181e-01	-6.968126798930920907e-02
4.619999999999999801e-02	-1.391336541426809181e-01	-6.723986173930920907e-02
4.624999999999999944e-02	-1.611063103926809181e-01	-8.432970548930920907e-02
4.630000000000000088e-02	-1.623270135176809181e-01	-8.432970548930920907e-02
4.635000000000000231e-02	-1.842996697676809181e-01	-1.063023617393092091e-01
4.639999999999999680e-02	-1.855203728926809181e-01	-1.038609554893092091e-01
4.644999999999999823e-02	-2.087137322676809181e-01	-1.233922054893092091e-01
4.649999999999999967e-02	-2.111551385176809181e-01	-1.233922054893092091e-01
4.655000000000000110e-02	-2.343484978926809181e-01	-1.453648617393092091e-01
4.660000000000000253e-02	-2.343484978926809181e-01	-1.429234554893092091e-01
4.664999999999999702e-02	-2.575418572676809181e-01	-1.648961117393091813e-01
4.669999999999999846e-02	-2.612039666426809181e-01	-1.624547054893091813e-01
4.674999999999999989e-02	-2.831766228926809181e-01	-1.819859554893091813e-01
4.680000000000000132e-02	-2.856180291426809181e-01	-1.819859554893091813e-01
4.685000000000000275e-02	-3.063699822676809181e-01	-2.015172054893091813e-01
4.689999999999999725e-02	-3.100320916426809181e-01	-2.015172054893091813e-01
4.694999999999999868e-02	-3.320047478926808626e-01	-2.210484554893091813e-01
4.700000000000000011e-02	-3.320047478926808626e-01	-2.210484554893091813e-01
4.705000000000000154e-02	-3.539774041426808626e-01	-2.405797054893091813e-01
4.710000000000000298e-02	-3.564188103926808626e-01	-2.381382992393091813e-01
4.714999999999999747e-02	-3.771707635176808626e-01	-2.601109554893091813e-01
4.719999999999999890e-02	-3.808328728926808626e-01	-2.576695492393091813e-01
4.725000000000000033e-02	-4.028055291426808626e-01	-2.796422054893091813e-01
4.730000000000000177e-02	-4.052469353926808626e-01	-2.747593929893091813e-01
4.735000000000000320e-02	-4.284402947676808626e-01	-2.967320492393091813e-01
4.739999999999999769e-02	-4.308817010176808626e-01	-2.991734554893091813e-01
4.744999999999999912e-02	-4.528543572676808626e-01	-3.162632992393091813e-01
4.750000000000000056e-02	-4.552957635176808626e-01	-3.162632992393091813e-01
4.755000000000000199e-02	-4.772684197676808626e-01	-3.357945492393091813e-01
4.760000000000000342e-02	-4.797098260176808626e-01	-3.357945492393091813e-01
4.764999999999999791e-02	-5.016824822676808626e-01	-3.553257992393091813e-01
4.769999999999999934e-02	-5.016824822676808626e-01	-3.553257992393091813e-01
4.775000000000000078e-02	-5.248758416426808626e-01	-3.748570492393091813e-01
4.780000000000000221e-02	-5.248758416426808626e-01	-3.724156429893091813e-01
4.784999999999999670e-02	-5.480692010176808626e-01	-3.919468929893091813e-01
4.789999999999999813e-02	-5.505106072676808626e-01	-3.919468929893091813e-01
4.794999999999999957e-02	-5.700418572676808626e-01	-4.139195492393091813e-01
4.800000000000000100e-02	-5.724832635176808626e-01	-4.114781429893091813e-01
4.805000000000000243e-02	-5.944559197676808626e-01	-4.310093929893091813e-01
4.809999999999999692e-02	-5.968973260176808626e-01	-4.310093929893091813e-01
4.814999999999999836e-02	-6.176492791426808626e-01	-4.529820492393091813e-01
4.819999999999999979e-02	-6.200906853926808626e-01	-4.505406429893091813e-01
4.825000000000000122e-02	-6.420633416426808626e-01	-4.700718929893091813e-01
4.830000000000000265e-02	-6.445047478926808626e-01	-4.700718929893091813e-01
4.834999999999999715e-02	-6.652567010176808626e-01	-4.920445492393091813e-01
4.839999999999999858e-02	-6.676981072676808626e-01	-4.896031429893091813e-01
4.845000000000000001e-02	-6.896707635176808626e-01	-5.091343929893091813e-01
4.850000000000000144e-02	-6.921121697676808626e-01	-5.066929867393091813e-01
4.855000000000000288e-02	-7.128641228926808626e-01	-5.311070492393091813e-01
4.859999999999999737e-02	-7.128641228926808626e-01	-5.286656429893091813e-01
4.864999999999999880e-02	-7.372781853926808626e-01	-5.481968929893091813e-01
4.870000000000000023e-02	-7.384988885176808626e-01	-5.481968929893091813e-01
4.875000000000000167e-02	-7.604715447676808626e-01	-5.677281429893091813e-01
4.880000000000000310e-02	-7.616922478926808626e-01	-5.677281429893091813e-01
4.884999999999999759e-02	-7.836649041426808626e-01	-5.872593929893091813e-01
4.889999999999999902e-02	-7.848856072676808626e-01	-5.848179867393091813e-01
4.895000000000000046e-02	-8.056375603926808626e-01	-6.043492367393091813e-01
4.900000000000000189e-02	-8.080789666426808626e-01	-6.067906429893091813e-01
4.905000000000000332e-02	-8.288309197676808626e-01	-6.263218929893092923e-01
4.909999999999999781e-02	-8.300516228926808626e-01	-6.238804867393091813e-01
4.914999999999999925e-02	-8.532449822676808626e-01	-6.434117367393092923e-01
4.920000000000000068e-02	-8.532449822676808626e-01	-6.434117367393092923e-01
4.925000000000000211e-02	-8.776590447676808626e-01	-6.629429867393092923e-01
4.929999999999999660e-02	-8.764383416426808626e-01	-6.629429867393092923e-01
4.934999999999999803e-02	-8.996317010176808626e-01	-6.824742367393092923e-01
4.939999999999999947e-02	-9.008524041426808626e-01	-6.824742367393092923e-01
4.945000000000000090e-02	-9.216043572676808626e-01	-7.044468929893092923e-01
4.950000000000000233e-02	-9.240457635176808626e-01	-7.020054867393092923e-01
4.954999999999999682e-02	-9.447977166426808626e-01	-7.215367367393092923e-01
4.959999999999999826e-02	-9.460184197676808626e-01	-7.215367367393092923e-01
4.964999999999999969e-02	-9.692117791426808626e-01	-7.410679867393092923e-01
4.970000000000000112e-02	-9.704324822676808626e-01	-7.386265804893092923e-01
4.975000000000000255e-02	-9.911844353926808626e-01	-7.605992367393092923e-01
4.979999999999999705e-02	-9.936258416426808626e-01	-7.581578304893092923e-01
4.984999999999999848e-02	-1.013157091642680863e+00	-7.801304867393092923e-01
4.989999999999999991e-02	-1.015598497892680863e+00	-7.801304867393092923e-01
4.995000000000000134e-02	-1.036350451017680863e+00	-7.947789242393092923e-01
5.000000000000000278e-02	-1.037571154142680863e+00	-7.972203304893092923e-01
5.004999999999999727e-02	-1.059543810392680863e+00	-8.191929867393092923e-01
5.009999999999999870e-02	-1.060764513517680863e+00	-8.167515804893092923e-01
5.015000000000000013e-02	-1.083957872892680863e+00	-8.362828304893092923e-01
5.020000000000000157e-02	-1.083957872892680863e+00	-8.338414242393092923e-01
5.025000000000000300e-02	-1.105930529142680863e+00	-8.558140804893092923e-01
5.029999999999999749e-02	-1.105930529142680863e+00	-8.558140804893092923e-01
5.034999999999999892e-02	-1.127903185392680863e+00	-8.777867367393092923e-01
5.040000000000000036e-02	-1.129123888517680863e+00	-8.729039242393092923e-01
5.045000000000000179e-02	-1.151096544767680863e+00	-8.948765804893092923e-01
5.050000000000000322e-02	-1.152317247892680863e+00	-8.924351742393092923e-01
5.054999999999999771e-02	-1.174289904142680863e+00	-9.144078304893092923e-01
5.059999999999999915e-02	-1.175510607267680863e+00	-9.144078304893092923e-01
5.065000000000000058e-02	-1.196262560392680863e+00	-9.314976742393092923e-01
5.070000000000000201e-02	-1.197483263517680863e+00	-9.339390804893092923e-01
5.075000000000000344e-02	-1.218235216642680863e+00	-9.534703304893092923e-01
5.079999999999999793e-02	-1.218235216642680863e+00	-9.534703304893092923e-01
5.084999999999999937e-02	-1.242649279142680863e+00	-9.705601742393092923e-01
5.090000000000000080e-02	-1.241428576017680863e+00	-9.705601742393092923e-01
5.095000000000000223e-02	-1.264621935392681085e+00	-9.900914242393092923e-01
5.099999999999999672e-02	-1.264621935392681085e+00	-9.900914242393092923e-01
5.104999999999999816e-02	-1.284153185392681085e+00	-1.009622674239309292e+00
5.109999999999999959e-02	-1.286594591642681085e+00	-1.009622674239309292e+00
5.115000000000000102e-02	-1.307346544767681085e+00	-1.029153924239309292e+00
5.120000000000000245e-02	-1.307346544767681085e+00	-1.026712517989309292e+00
5.124999999999999695e-02	-1.330539904142681085e+00	-1.051126580489309292e+00
5.129999999999999838e-02	-1.331760607267681085e+00	-1.048685174239309292e+00
5.134999999999999981e-02	-1.352512560392681085e+00	-1.068216424239309292e+00
5.140000000000000124e-02	-1.354953966642681085e+00	-1.068216424239309292e+00
5.145000000000000268e-02	-1.374485216642681085e+00	-1.090189080489309292e+00
5.149999999999999717e-02	-1.375705919767681085e+00	-1.085306267989309292e+00
5.154999999999999860e-02	-1.396457872892681085e+00	-1.102396111739309292e+00
5.160000000000000003e-02	-1.397678576017681085e+00	-1.104837517989309292e+00
5.165000000000000147e-02	-1.418430529142681085e+00	-1.126810174239309292e+00
5.170000000000000290e-02	-1.419651232267681085e+00	-1.124368767989309292e+00
5.174999999999999739e-02	-1.440403185392681085e+00	-1.136575799239309292e+00
5.179999999999999882e-02	-1.439182482267681085e+00	-1.109720330489309292e+00
5.185000000000000026e-02	-1.459934435392681085e+00	-1.126810174239309292e+00
5.190000000000000169e-02	-1.458713732267681085e+00	-1.087747674239309292e+00
5.195000000000000312e-02	-1.468479357267681085e+00	-1.107278924239309292e+00
5.199999999999999761e-02	-1.439182482267681085e+00	-1.068216424239309292e+00
5.204999999999999905e-02	-1.462375841642681085e+00	-1.090189080489309292e+00
5.210000000000000048e-02	-1.381809435392681085e+00	-1.051126580489309292e+00
5.215000000000000191e-02	-1.434299669767681085e+00	-1.073099236739309292e+00
5.220000000000000334e-02	-1.323215685392681085e+00	-1.031595330489309292e+00
5.224999999999999784e-02	-1.374485216642681085e+00	-1.053567986739309292e+00
5.229999999999999927e-02	-1.276828966642681085e+00	-1.014505486739309292e+00
5.235000000000000070e-02	-1.317112169767681085e+00	-1.034036736739309292e+00
5.240000000000000213e-02	-1.246311388517680863e+00	-9.949742367393092923e-01
5.244999999999999662e-02	-1.273166857267681085e+00	-1.012064080489309292e+00
5.249999999999999806e-02	-1.229221544767680863e+00	-9.754429867393092923e-01
5.254999999999999949e-02	-1.245090685392680863e+00	-9.949742367393092923e-01
5.260000000000000092e-02	-1.215793810392680863e+00	-9.559117367393092923e-01
5.265000000000000235e-02	-1.228000841642680863e+00	-9.754429867393092923e-01
5.269999999999999685e-02	-1.203586779142680863e+00	-9.363804867393092923e-01
5.274999999999999828e-02	-1.215793810392680863e+00	-9.583531429893092923e-01
5.279999999999999971e-02	-1.185276232267680863e+00	-9.168492367393092923e-01
5.285000000000000114e-02	-1.203586779142680863e+00	-9.388218929893092923e-01
5.290000000000000258e-02	-1.159641466642680863e+00	-8.997593929893092923e-01
5.294999999999999707e-02	-1.184055529142680863e+00	-9.168492367393092923e-01
5.299999999999999850e-02	-1.126682482267680863e+00	-8.802281429893092923e-01
5.304999999999999993e-02	-1.157200060392680863e+00	-9.022007992393092923e-01
5.310000000000000137e-02	-1.092502794767680863e+00	-8.582554867393092923e-01
5.315000000000000280e-02	-1.124241076017680863e+00	-8.826695492393092923e-01
5.319999999999999729e-02	-1.064426622892680863e+00	-8.411656429893092923e-01
5.324999999999999872e-02	-1.092502794767680863e+00	-8.606968929893092923e-01
5.330000000000000016e-02	-1.035129747892680863e+00	-8.240757992393092923e-01
5.335000000000000159e-02	-1.060764513517680863e+00	-8.436070492393092923e-01
5.340000000000000302e-02	-1.010715685392680863e+00	-8.045445492393092923e-01
5.344999999999999751e-02	-1.032688341642680863e+00	-8.216343929893092923e-01
5.349999999999999895e-02	-9.875223260176808626e-01	-7.850132992393092923e-01
5.355000000000000038e-02	-1.009494982267680863e+00	-8.045445492393092923e-01
5.360000000000000181e-02	-9.655496697676808626e-01	-7.654820492393092923e-01
5.365000000000000324e-02	-9.875223260176808626e-01	-7.850132992393092923e-01
5.369999999999999774e-02	-9.423563103926808626e-01	-7.459507992393092923e-01
5.374999999999999917e-02	-9.655496697676808626e-01	-7.654820492393092923e-01
5.380000000000000060e-02	-9.167215447676808626e-01	-7.264195492393092923e-01
5.385000000000000203e-02	-9.399149041426808626e-01	-7.459507992393092923e-01
5.390000000000000346e-02	-8.886453728926808626e-01	-7.068882992393092923e-01
5.394999999999999796e-02	-9.130594353926808626e-01	-7.264195492393092923e-01
5.399999999999999939e-02	-8.617899041426808626e-01	-6.897984554893092923e-01
5.405000000000000082e-02	-8.849832635176808626e-01	-7.093297054893092923e-01
5.410000000000000225e-02	-8.324930291426808626e-01	-6.678257992393092923e-01
5.414999999999999675e-02	-8.581277947676808626e-01	-6.897984554893092923e-01
5.419999999999999818e-02	-8.068582635176808626e-01	-6.507359554893092923e-01
5.424999999999999961e-02	-8.324930291426808626e-01	-6.702672054893092923e-01
5.430000000000000104e-02	-7.812234978926808626e-01	-6.312047054893092923e-01
5.435000000000000248e-02	-8.044168572676808626e-01	-6.507359554893092923e-01
5.439999999999999697e-02	-7.580301385176808626e-01	-6.116734554893091813e-01
5.444999999999999840e-02	-7.787820916426808626e-01	-6.312047054893092923e-01
5.449999999999999983e-02	-7.311746697676808626e-01	-5.921422054893091813e-01
5.455000000000000127e-02	-7.555887322676808626e-01	-6.141148617393091813e-01
5.460000000000000270e-02	-7.055399041426808626e-01	-5.750523617393091813e-01
5.464999999999999719e-02	-7.299539666426808626e-01	-5.921422054893091813e-01
5.469999999999999862e-02	-6.811258416426808626e-01	-5.555211117393091813e-01
5.475000000000000006e-02	-7.030984978926808626e-01	-5.750523617393091813e-01
5.480000000000000149e-02	-6.554910760176808626e-01	-5.384312679893091813e-01
5.485000000000000292e-02	-6.774637322676808626e-01	-5.555211117393091813e-01
5.489999999999999741e-02	-6.286356072676808626e-01	-5.140172054893091813e-01
5.494999999999999885e-02	-6.530496697676808626e-01	-5.359898617393091813e-01
5.500000000000000028e-02	-6.030008416426808626e-01	-4.969273617393091813e-01
5.505000000000000171e-02	-6.249734978926808626e-01	-5.189000179893091813e-01
5.510000000000000314e-02	-5.773660760176808626e-01	-4.773961117393091813e-01
5.514999999999999764e-02	-6.005594353926808626e-01	-4.993687679893091813e-01
5.519999999999999907e-02	-5.517313103926808626e-01	-4.578648617393091813e-01
5.525000000000000050e-02	-5.749246697676808626e-01	-4.798375179893091813e-01
5.530000000000000193e-02	-5.248758416426808626e-01	-4.383336117393091813e-01
5.535000000000000336e-02	-5.480692010176808626e-01	-4.578648617393091813e-01
5.539999999999999786e-02	-4.992410760176808626e-01	-4.212437679893091813e-01
5.544999999999999929e-02	-5.224344353926808626e-01	-4.407750179893091813e-01
5.550000000000000072e-02	-4.748270135176808626e-01	-4.017125179893091813e-01
5.555000000000000215e-02	-4.980203728926808626e-01	-4.236851742393091813e-01
5.559999999999999665e-02	-4.491922478926808626e-01	-3.821812679893091813e-01
5.564999999999999808e-02	-4.736063103926808626e-01	-4.017125179893091813e-01
5.569999999999999951e-02	-4.223367791426808626e-01	-3.626500179893091813e-01
5.575000000000000094e-02	-4.467508416426808626e-01	-3.821812679893091813e-01
5.580000000000000238e-02	-3.979227166426808626e-01	-3.431187679893091813e-01
5.584999999999999687e-02	-4.223367791426808626e-01	-3.650914242393091813e-01
5.589999999999999830e-02	-3.710672478926808626e-01	-3.260289242393091813e-01
5.594999999999999973e-02	-3.954813103926808626e-01	-3.455601742393091813e-01
5.600000000000000117e-02	-3.466531853926808626e-01	-3.040562679893091813e-01
5.605000000000000260e-02	-3.722879510176808626e-01	-3.260289242393091813e-01
5.609999999999999709e-02	-3.210184197676808626e-01	-2.869664242393091813e-01
5.614999999999999852e-02	-3.442117791426808626e-01	-3.089390804893091813e-01
5.619999999999999996e-02	-2.966043572676809181e-01	-2.674351742393091813e-01
5.625000000000000139e-02	-3.185770135176808626e-01	-2.869664242393091813e-01
5.630000000000000282e-02	-2.709695916426809181e-01	-2.479039242393091813e-01
5.634999999999999731e-02	-2.941629510176809181e-01	-2.674351742393091813e-01
5.639999999999999875e-02	-2.465555291426809181e-01	-2.283726742393091813e-01
5.645000000000000018e-02	-2.697488885176809181e-01	-2.503453304893091813e-01
5.650000000000000161e-02	-2.209207635176809181e-01	-2.088414242393091813e-01
5.655000000000000304e-02	-2.428934197676809181e-01	-2.308140804893091813e-01
5.659999999999999754e-02	-1.952859978926809181e-01	-1.917515804893091813e-01
5.664999999999999897e-02	-2.197000603926809181e-01	-2.112828304893091813e-01
5.670000000000000040e-02	-1.708719353926809181e-01	-1.697789242393091813e-01
5.675000000000000183e-02	-1.940652947676809181e-01	-1.917515804893091813e-01
5.680000000000000326e-02	-1.452371697676809181e-01	-1.526890804893092091e-01
5.684999999999999776e-02	-1.684305291426809181e-01	-1.722203304893091813e-01
5.689999999999999919e-02	-1.196024041426809181e-01	-1.331578304893092091e-01
5.695000000000000062e-02	-1.440164666426809181e-01	-1.526890804893092091e-01
5.700000000000000205e-02	-9.640904476768091813e-02	-1.160679867393092091e-01
5.704999999999999655e-02	-1.183817010176809181e-01	-1.355992367393092091e-01
5.709999999999999798e-02	-7.077427914268091813e-02	-9.409533048930920907e-02
5.714999999999999941e-02	-9.396763851768091813e-02	-1.160679867393092091e-01
5.720000000000000084e-02	-4.513951351768092507e-02	-7.456408048930920907e-02
5.725000000000000228e-02	-6.955357601768091813e-02	-9.409533048930920907e-02
5.729999999999999677e-02	-2.072545101768092160e-02	-5.503283048930920907e-02
5.734999999999999820e-02	-4.513951351768092507e-02	-7.456408048930920907e-02
5.739999999999999963e-02	3.688611482319079267e-03	-3.550158048930920907e-02
5.745000000000000107e-02	-1.950474789268092160e-02	-5.747423673930920907e-02
5.750000000000000250e-02	2.932337710731907840e-02	-1.841173673930921253e-02
5.754999999999999699e-02	6.130017732319079267e-03	-4.038439298930920907e-02
5.759999999999999842e-02	5.129603335731907493e-02	1.119513260690787465e-03
5.764999999999999986e-02	2.810267398231907840e-02	-2.085314298930921253e-02
5.770000000000000129e-02	7.693079898231908187e-02	2.065076326069078747e-02
5.775000000000000272e-02	5.251673648231907493e-02	1.119513260690787465e-03
5.779999999999999721e-02	1.013448614823190819e-01	3.774060701069079093e-02
5.784999999999999865e-02	7.815150210731908187e-02	2.065076326069078747e-02
5.790000000000000008e-02	1.257589239823190819e-01	5.483045076069079093e-02
5.795000000000000151e-02	1.025655646073190819e-01	3.529920076069079093e-02
5.800000000000000294e-02	1.501729864823190819e-01	7.680310701069079093e-02
5.804999999999999744e-02	1.282003302323190819e-01	5.727185701069079093e-02
5.809999999999999887e-02	1.745870489823190819e-01	9.633435701069079093e-02
5.815000000000000030e-02	1.526143927323190819e-01	7.436170076069079093e-02
5.820000000000000173e-02	1.990011114823190819e-01	1.158656070106907909e-01
5.825000000000000316e-02	1.758077521073190819e-01	9.633435701069079093e-02
5.829999999999999766e-02	2.234151739823190819e-01	1.353968570106907909e-01
5.834999999999999909e-02	2.014425177323190819e-01	1.109827945106907909e-01
5.840000000000000052e-02	2.490499396073190819e-01	1.524867007606907909e-01
5.845000000000000195e-02	2.258565802323190819e-01	1.329554507606907909e-01
5.850000000000000339e-02	2.722432989823190819e-01	1.720179507606908187e-01
5.854999999999999788e-02	2.502706427323190819e-01	1.524867007606907909e-01
5.859999999999999931e-02	2.954366583573190819e-01	1.939906070106908187e-01
5.865000000000000074e-02	2.746847052323190819e-01	1.695765445106908187e-01
5.870000000000000218e-02	3.210714239823191374e-01	2.110804507606908187e-01
5.874999999999999667e-02	2.990987677323190819e-01	1.915492007606908187e-01
5.879999999999999810e-02	3.454854864823191374e-01	2.306117007606908187e-01
5.884999999999999953e-02	3.235128302323191374e-01	2.110804507606908187e-01
5.890000000000000097e-02	3.698995489823191374e-01	2.525843570106908187e-01
5.895000000000000240e-02	3.467061896073191374e-01	2.281702945106908187e-01
5.899999999999999689e-02	3.943136114823191374e-01	2.696742007606908187e-01
5.904999999999999832e-02	3.711202521073191374e-01	2.477015445106908187e-01
5.909999999999999976e-02	4.199483771073191374e-01	2.867640445106908187e-01
5.915000000000000119e-02	3.955343146073191374e-01	2.672327945106908187e-01
5.920000000000000262e-02	4.431417364823191374e-01	3.062952945106908187e-01
5.924999999999999711e-02	4.199483771073191374e-01	2.867640445106908187e-01
5.929999999999999855e-02	4.651143927323191374e-01	3.258265445106908187e-01
5.934999999999999998e-02	4.455831427323191374e-01	3.038538882606908187e-01
5.940000000000000141e-02	4.895284552323191374e-01	3.453577945106908187e-01
5.945000000000000284e-02	4.687765021073191374e-01	3.233851382606908187e-01
5.949999999999999734e-02	5.127218146073191374e-01	3.648890445106908187e-01
5.954999999999999877e-02	4.907491583573191374e-01	3.429163882606908187e-01
5.960000000000000020e-02	5.383565802323191374e-01	3.844202945106908187e-01
5.965000000000000163e-02	5.163839239823191374e-01	3.624476382606908187e-01
5.970000000000000306e-02	5.603292364823191374e-01	4.039515445106908187e-01
5.974999999999999756e-02	5.395772833573191374e-01	3.819788882606908187e-01
5.979999999999999899e-02	5.859640021073191374e-01	4.210413882606908187e-01
5.985000000000000042e-02	5.627706427323191374e-01	4.015101382606908187e-01
5.990000000000000185e-02	6.091573614823191374e-01	4.405726382606908187e-01
5.995000000000000329e-02	5.871847052323191374e-01	4.185999820106908187e-01
5.999999999999999778e-02	6.323507208573191374e-01	4.601038882606908187e-01
6.004999999999999921e-02	6.103780646073191374e-01	4.405726382606908187e-01
6.010000000000000064e-02	6.555440802323191374e-01	4.796351382606908187e-01
6.015000000000000208e-02	6.347921271073191374e-01	4.625452945106908187e-01
6.019999999999999657e-02	6.787374396073191374e-01	4.991663882606908187e-01
6.024999999999999800e-02	6.567647833573191374e-01	4.771937320106908187e-01
6.029999999999999943e-02	7.043722052323191374e-01	5.186976382606908187e-01
6.035000000000000087e-02	6.811788458573191374e-01	4.942835757606908187e-01
6.040000000000000230e-02	7.275655646073191374e-01	5.382288882606908187e-01
6.044999999999999679e-02	7.055929083573191374e-01	5.162562320106908187e-01
6.049999999999999822e-02	7.507589239823191374e-01	5.553187320106908187e-01
6.054999999999999966e-02	7.312276739823191374e-01	5.357874820106908187e-01
6.060000000000000109e-02	7.751729864823191374e-01	5.748499820106908187e-01
6.065000000000000252e-02	7.532003302323191374e-01	5.553187320106908187e-01
6.069999999999999701e-02	7.995870489823191374e-01	5.919398257606908187e-01
6.074999999999999845e-02	7.763936896073191374e-01	5.748499820106908187e-01
6.079999999999999988e-02	8.215597052323191374e-01	6.139124820106908187e-01
6.085000000000000131e-02	8.008077521073191374e-01	5.943812320106908187e-01
6.090000000000000274e-02	8.447530646073191374e-01	6.334437320106907077e-01
6.094999999999999724e-02	8.240011114823191374e-01	6.139124820106908187e-01
6.099999999999999867e-02	8.691671271073191374e-01	6.529749820106907077e-01
6.105000000000000010e-02	8.471944708573191374e-01	6.310023257606907077e-01
6.110000000000000153e-02	8.911397833573191374e-01	6.725062320106907077e-01
6.115000000000000296e-02	8.703878302323191374e-01	6.529749820106907077e-01
6.119999999999999746e-02	9.131124396073191374e-01	6.920374820106907077e-01
6.124999999999999889e-02	8.935811896073191374e-01	6.725062320106907077e-01
6.130000000000000032e-02	9.375265021073191374e-01	7.115687320106907077e-01
6.135000000000000175e-02	9.167745489823191374e-01	6.920374820106907077e-01
6.140000000000000319e-02	9.607198614823191374e-01	7.310999820106907077e-01
6.144999999999999768e-02	9.399679083573191374e-01	7.115687320106907077e-01
6.149999999999999911e-02	9.826925177323191374e-01	7.506312320106907077e-01
6.155000000000000054e-02	9.619405646073191374e-01	7.310999820106907077e-01
6.160000000000000198e-02	1.007106580232319137e+00	7.677210757606907077e-01
6.165000000000000341e-02	9.863546271073191374e-01	7.506312320106907077e-01
6.169999999999999790e-02	1.030299939607319137e+00	7.872523257606907077e-01
6.174999999999999933e-02	1.009547986482319137e+00	7.677210757606907077e-01
6.180000000000000077e-02	1.052272595857319137e+00	8.067835757606907077e-01
6.185000000000000220e-02	1.030299939607319137e+00	7.848109195106907077e-01
6.189999999999999669e-02	1.075465955232319137e+00	8.263148257606907077e-01
6.194999999999999812e-02	1.054714002107319137e+00	8.043421695106907077e-01
6.199999999999999956e-02	1.098659314607319137e+00	8.458460757606907077e-01
6.205000000000000099e-02	1.076686658357319137e+00	8.238734195106907077e-01
6.210000000000000242e-02	1.123073377107319137e+00	8.629359195106907077e-01
6.214999999999999691e-02	1.101100720857319137e+00	8.434046695106907077e-01
6.219999999999999835e-02	1.146266736482319137e+00	8.824671695106907077e-01
6.224999999999999978e-02	1.125514783357319137e+00	8.604945132606907077e-01
6.230000000000000121e-02	1.167018689607319137e+00	9.019984195106907077e-01
6.235000000000000264e-02	1.146266736482319137e+00	8.824671695106907077e-01
6.239999999999999714e-02	1.190212048982319137e+00	9.215296695106907077e-01
6.244999999999999857e-02	1.169460095857319137e+00	8.995570132606907077e-01
6.250000000000000000e-02	1.212184705232319137e+00	9.410609195106907077e-01
6.254999999999999449e-02	1.191432752107319137e+00	9.215296695106907077e-01
6.260000000000000286e-02	1.235378064607319137e+00	9.581507632606907077e-01
6.264999999999999736e-02	1.214626111482319137e+00	9.410609195106907077e-01
6.270000000000000573e-02	1.258571423982318915e+00	9.776820132606907077e-01
6.275000000000000022e-02	1.237819470857319137e+00	9.581507632606907077e-01
6.279999999999999472e-02	1.281764783357318915e+00	9.996546695106907077e-01
6.285000000000000309e-02	1.259792127107318915e+00	9.776820132606907077e-01
6.289999999999999758e-02	1.303737439607318915e+00	1.019185919510690708e+00
6.295000000000000595e-02	1.284206189607318915e+00	9.996546695106907077e-01
6.300000000000000044e-02	1.325710095857318915e+00	1.036275763260690708e+00
6.304999999999999494e-02	1.304958142732318915e+00	1.016744513260690708e+00
6.310000000000000331e-02	1.347682752107318915e+00	1.055807013260690708e+00
6.314999999999999780e-02	1.328151502107318915e+00	1.036275763260690708e+00
6.320000000000000617e-02	1.369655408357318915e+00	1.077779669510690708e+00
6.325000000000000067e-02	1.348903455232318915e+00	1.055807013260690708e+00
6.329999999999999516e-02	1.392848767732318915e+00	1.094869513260690708e+00
6.335000000000000353e-02	1.370876111482318915e+00	1.072896857010690708e+00
6.339999999999999802e-02	1.414821423982318915e+00	1.114400763260690708e+00
6.345000000000000639e-02	1.394069470857318915e+00	1.092428107010690708e+00
6.350000000000000089e-02	1.439235486482318915e+00	1.133932013260690708e+00
6.354999999999999538e-02	1.417262830232318915e+00	1.114400763260690708e+00
6.360000000000000375e-02	1.461208142732318915e+00	1.153463263260690708e+00
6.364999999999999825e-02	1.440456189607318915e+00	1.131490607010690708e+00
6.370000000000000662e-02	1.481960095857318915e+00	1.172994513260690708e+00
6.375000000000000111e-02	1.461208142732318915e+00	1.151021857010690708e+00
6.379999999999999560e-02	1.502712048982318915e+00	1.190084357010690708e+00
6.385000000000000397e-02	1.483180798982318915e+00	1.168111700760690708e+00
6.389999999999999847e-02	1.524684705232318915e+00	1.202291388260690708e+00
6.395000000000000684e-02	1.505153455232318915e+00	1.187642950760690708e+00
6.400000000000000133e-02	1.545436658357318915e+00	1.192525763260690708e+00
6.404999999999999583e-02	1.525905408357318915e+00	1.170553107010690708e+00
6.410000000000000420e-02	1.550319470857318915e+00	1.170553107010690708e+00
6.414999999999999869e-02	1.544215955232318915e+00	1.151021857010690708e+00
6.419999999999999318e-02	1.545436658357318915e+00	1.151021857010690708e+00
6.425000000000000155e-02	1.514919080232318915e+00	1.131490607010690708e+00
6.429999999999999605e-02	1.511256970857318915e+00	1.133932013260690708e+00
6.435000000000000442e-02	1.456325330232318915e+00	1.114400763260690708e+00
6.439999999999999891e-02	1.449001111482318915e+00	1.114400763260690708e+00
6.444999999999999341e-02	1.395290173982318915e+00	1.094869513260690708e+00
6.450000000000000178e-02	1.390407361482318915e+00	1.097310919510690708e+00
6.454999999999999627e-02	1.355006970857318915e+00	1.075338263260690708e+00
6.460000000000000464e-02	1.350124158357318915e+00	1.077779669510690708e+00
6.464999999999999913e-02	1.328151502107318915e+00	1.058248419510690708e+00
6.469999999999999363e-02	1.326930798982318915e+00	1.058248419510690708e+00
6.475000000000000200e-02	1.311061658357318915e+00	1.038717169510690708e+00
6.479999999999999649e-02	1.312282361482318915e+00	1.038717169510690708e+00
6.485000000000000486e-02	1.300075330232318915e+00	1.019185919510690708e+00
6.489999999999999936e-02	1.302516736482318915e+00	1.021627325760690708e+00
6.494999999999999385e-02	1.289089002107318915e+00	1.002096075760690708e+00
6.500000000000000222e-02	1.287868298982318915e+00	1.002096075760690708e+00
6.504999999999999671e-02	1.268337048982318915e+00	9.825648257606907077e-01
6.510000000000000508e-02	1.265895642732318915e+00	9.850062320106907077e-01
6.514999999999999958e-02	1.240260877107319137e+00	9.630335757606907077e-01
6.519999999999999407e-02	1.236598767732319137e+00	9.630335757606907077e-01
6.525000000000000244e-02	1.203639783357319137e+00	9.435023257606907077e-01
6.529999999999999694e-02	1.203639783357319137e+00	9.435023257606907077e-01
6.535000000000000531e-02	1.173122205232319137e+00	9.239710757606907077e-01
6.539999999999999980e-02	1.171901502107319137e+00	9.239710757606907077e-01
6.544999999999999429e-02	1.143825330232319137e+00	9.044398257606907077e-01
6.550000000000000266e-02	1.140163220857319137e+00	9.068812320106907077e-01
6.554999999999999716e-02	1.115749158357319137e+00	8.873499820106907077e-01
6.560000000000000553e-02	1.113307752107319137e+00	8.873499820106907077e-01
6.565000000000000002e-02	1.091335095857319137e+00	8.678187320106907077e-01
6.569999999999999452e-02	1.090114392732319137e+00	8.678187320106907077e-01
6.575000000000000289e-02	1.070583142732319137e+00	8.458460757606907077e-01
6.579999999999999738e-02	1.069362439607319137e+00	8.507288882606907077e-01
6.585000000000000575e-02	1.048610486482319137e+00	8.311976382606907077e-01
6.590000000000000024e-02	1.046169080232319137e+00	8.287562320106907077e-01
6.594999999999999474e-02	1.022975720857319137e+00	8.092249820106907077e-01
6.600000000000000311e-02	1.021755017732319137e+00	8.116663882606907077e-01
6.604999999999999760e-02	9.961202521073191374e-01	7.896937320106907077e-01
6.610000000000000597e-02	9.948995489823191374e-01	7.921351382606907077e-01
6.615000000000000047e-02	9.692647833573191374e-01	7.701624820106907077e-01
6.619999999999999496e-02	9.656026739823191374e-01	7.726038882606907077e-01
6.625000000000000333e-02	9.411886114823191374e-01	7.506312320106907077e-01
6.629999999999999782e-02	9.387472052323191374e-01	7.530726382606907077e-01
6.635000000000000620e-02	9.155538458573191374e-01	7.335413882606907077e-01
6.640000000000000069e-02	9.131124396073191374e-01	7.335413882606907077e-01
6.644999999999999518e-02	8.886983771073191374e-01	7.115687320106907077e-01
6.650000000000000355e-02	8.874776739823191374e-01	7.140101382606907077e-01
6.654999999999999805e-02	8.630636114823191374e-01	6.969202945106907077e-01
6.660000000000000642e-02	8.606222052323191374e-01	6.969202945106907077e-01
6.665000000000000091e-02	8.386495489823191374e-01	6.773890445106907077e-01
6.669999999999999540e-02	8.374288458573191374e-01	6.773890445106907077e-01
6.675000000000000377e-02	8.142354864823191374e-01	6.578577945106907077e-01
6.679999999999999827e-02	8.117940802323191374e-01	6.578577945106907077e-01
6.685000000000000664e-02	7.886007208573191374e-01	6.383265445106907077e-01
6.690000000000000113e-02	7.861593146073191374e-01	6.383265445106907077e-01
6.694999999999999563e-02	7.629659552323191374e-01	6.212367007606908187e-01
6.700000000000000400e-02	7.617452521073191374e-01	6.212367007606908187e-01
6.704999999999999849e-02	7.373311896073191374e-01	5.992640445106908187e-01
6.710000000000000686e-02	7.348897833573191374e-01	6.041468570106908187e-01
6.715000000000000135e-02	7.092550177323191374e-01	5.821742007606908187e-01
6.719999999999999585e-02	7.092550177323191374e-01	5.821742007606908187e-01
6.725000000000000422e-02	6.836202521073191374e-01	5.626429507606908187e-01
6.729999999999999871e-02	6.811788458573191374e-01	5.626429507606908187e-01
6.734999999999999321e-02	6.579854864823191374e-01	5.431117007606908187e-01
6.740000000000000158e-02	6.555440802323191374e-01	5.431117007606908187e-01
6.744999999999999607e-02	6.335714239823191374e-01	5.235804507606908187e-01
6.750000000000000444e-02	6.311300177323191374e-01	5.260218570106908187e-01
6.754999999999999893e-02	6.067159552323191374e-01	5.040492007606908187e-01
6.759999999999999343e-02	6.054952521073191374e-01	5.064906070106908187e-01
6.765000000000000180e-02	5.823018927323191374e-01	4.845179507606908187e-01
6.769999999999999629e-02	5.810811896073191374e-01	4.869593570106908187e-01
6.775000000000000466e-02	5.591085333573191374e-01	4.674281070106908187e-01
6.779999999999999916e-02	5.554464239823191374e-01	4.674281070106908187e-01
6.784999999999999365e-02	5.322530646073191374e-01	4.478968570106908187e-01
6.790000000000000202e-02	5.285909552323191374e-01	4.478968570106908187e-01
6.794999999999999651e-02	5.066182989823191374e-01	4.283656070106908187e-01
6.800000000000000488e-02	5.041768927323191374e-01	4.283656070106908187e-01
6.804999999999999938e-02	4.797628302323191374e-01	4.088343570106908187e-01
6.809999999999999387e-02	4.773214239823191374e-01	4.112757632606908187e-01
6.815000000000000224e-02	4.553487677323191374e-01	3.868617007606908187e-01
6.819999999999999674e-02	4.541280646073191374e-01	3.917445132606908187e-01
6.825000000000000511e-02	4.297140021073191374e-01	3.697718570106908187e-01
6.829999999999999960e-02	4.272725958573191374e-01	3.722132632606908187e-01
6.834999999999999409e-02	4.040792364823191374e-01	3.502406070106908187e-01
6.840000000000000246e-02	4.028585333573191374e-01	3.502406070106908187e-01
6.844999999999999696e-02	3.784444708573191374e-01	3.307093570106908187e-01
6.850000000000000533e-02	3.784444708573191374e-01	3.355921695106908187e-01
6.854999999999999982e-02	3.540304083573191374e-01	3.136195132606908187e-01
6.859999999999999432e-02	3.515890021073191374e-01	3.160609195106908187e-01
6.865000000000000269e-02	3.283956427323191374e-01	2.940882632606908187e-01
6.869999999999999718e-02	3.271749396073191374e-01	2.916468570106908187e-01
6.875000000000000555e-02	3.039815802323190819e-01	2.721156070106908187e-01
6.880000000000000004e-02	3.015401739823190819e-01	2.745570132606908187e-01
6.884999999999999454e-02	2.783468146073190819e-01	2.550257632606908187e-01
6.890000000000000291e-02	2.771261114823190819e-01	2.550257632606908187e-01
6.894999999999999740e-02	2.539327521073190819e-01	2.354945132606908187e-01
6.900000000000000577e-02	2.514913458573190819e-01	2.354945132606908187e-01
6.905000000000000027e-02	2.282979864823190819e-01	2.159632632606908187e-01
6.909999999999999476e-02	2.258565802323190819e-01	2.184046695106908187e-01
6.915000000000000313e-02	2.026632208573190819e-01	1.939906070106908187e-01
6.919999999999999762e-02	2.026632208573190819e-01	1.964320132606908187e-01
6.925000000000000600e-02	1.794698614823190819e-01	1.793421695106908187e-01
6.930000000000000049e-02	1.758077521073190819e-01	1.817835757606908187e-01
6.934999999999999498e-02	1.526143927323190819e-01	1.573695132606908187e-01
6.940000000000000335e-02	1.538350958573190819e-01	1.598109195106908187e-01
6.944999999999999785e-02	1.294210333573190819e-01	1.378382632606907909e-01
6.950000000000000622e-02	1.269796271073190819e-01	1.427210757606907909e-01
6.955000000000000071e-02	1.037862677323190819e-01	1.183070132606907909e-01
6.959999999999999520e-02	1.037862677323190819e-01	1.207484195106907909e-01
6.965000000000000357e-02	7.937220523231908187e-02	1.012171695106907909e-01
6.969999999999999807e-02	7.937220523231908187e-02	1.036585757606907909e-01
6.975000000000000644e-02	5.373743960731907493e-02	8.168591951069079093e-02
6.980000000000000093e-02	5.251673648231907493e-02	8.412732576069079093e-02
6.984999999999999543e-02	3.298548648231908187e-02	6.459607576069079093e-02
6.990000000000000380e-02	2.810267398231907840e-02	6.215466951069079093e-02
6.994999999999999829e-02	7.350720857319079267e-03	4.506482576069079093e-02
7.000000000000000666e-02	3.688611482319079267e-03	4.506482576069079093e-02
7.005000000000000115e-02	-1.828404476768092160e-02	2.553357576069078747e-02
7.009999999999999565e-02	-1.950474789268092160e-02	2.797498201069078747e-02
7.015000000000000402e-02	-4.391881039268092507e-02	6.002325760690787465e-03
7.019999999999999851e-02	-4.513951351768092507e-02	8.443732010690787465e-03
7.025000000000000688e-02	-6.833287289268091813e-02	-1.108751798930921253e-02
7.030000000000000138e-02	-6.955357601768091813e-02	-1.108751798930921253e-02
7.034999999999999587e-02	-9.274693539268091813e-02	-3.061876798930921253e-02
7.040000000000000424e-02	-9.396763851768091813e-02	-3.061876798930921253e-02
7.044999999999999873e-02	-1.159402947676809181e-01	-5.259142423930920907e-02
7.049999999999999323e-02	-1.183817010176809181e-01	-5.015001798930920907e-02
7.055000000000000160e-02	-1.415750603926809181e-01	-6.968126798930920907e-02
7.059999999999999609e-02	-1.427957635176809181e-01	-6.968126798930920907e-02
7.065000000000000446e-02	-1.647684197676809181e-01	-8.921251798930920907e-02
7.069999999999999896e-02	-1.672098260176809181e-01	-8.677111173930920907e-02
7.074999999999999345e-02	-1.916238885176809181e-01	-1.087437679893092091e-01
7.080000000000000182e-02	-1.916238885176809181e-01	-1.063023617393092091e-01
7.084999999999999631e-02	-2.148172478926809181e-01	-1.282750179893092091e-01
7.090000000000000469e-02	-2.160379510176809181e-01	-1.282750179893092091e-01
7.094999999999999918e-02	-2.380106072676809181e-01	-1.453648617393092091e-01
7.099999999999999367e-02	-2.404520135176809181e-01	-1.453648617393092091e-01
7.105000000000000204e-02	-2.612039666426809181e-01	-1.648961117393091813e-01
7.109999999999999654e-02	-2.636453728926809181e-01	-1.648961117393091813e-01
7.115000000000000491e-02	-2.856180291426809181e-01	-1.844273617393091813e-01
7.119999999999999940e-02	-2.880594353926809181e-01	-1.819859554893091813e-01
7.124999999999999389e-02	-3.112527947676809181e-01	-2.039586117393091813e-01
7.130000000000000226e-02	-3.136942010176808626e-01	-2.039586117393091813e-01
7.134999999999999676e-02	-3.344461541426808626e-01	-2.210484554893091813e-01
7.140000000000000513e-02	-3.368875603926808626e-01	-2.234898617393091813e-01
7.144999999999999962e-02	-3.576395135176808626e-01	-2.430211117393091813e-01
7.149999999999999412e-02	-3.613016228926808626e-01	-2.405797054893091813e-01
7.155000000000000249e-02	-3.820535760176808626e-01	-2.601109554893091813e-01
7.159999999999999698e-02	-3.857156853926808626e-01	-2.601109554893091813e-01
7.165000000000000535e-02	-4.064676385176808626e-01	-2.820836117393091813e-01
7.169999999999999984e-02	-4.089090447676808626e-01	-2.796422054893091813e-01
7.174999999999999434e-02	-4.308817010176808626e-01	-2.991734554893091813e-01
7.180000000000000271e-02	-4.333231072676808626e-01	-3.016148617393091813e-01
7.184999999999999720e-02	-4.540750603926808626e-01	-3.211461117393091813e-01
7.190000000000000557e-02	-4.565164666426808626e-01	-3.187047054893091813e-01
7.195000000000000007e-02	-4.784891228926808626e-01	-3.406773617393091813e-01
7.199999999999999456e-02	-4.809305291426808626e-01	-3.357945492393091813e-01
7.205000000000000293e-02	-5.029031853926808626e-01	-3.602086117393091813e-01
7.209999999999999742e-02	-5.041238885176808626e-01	-3.553257992393091813e-01
7.215000000000000580e-02	-5.260965447676808626e-01	-3.772984554893091813e-01
7.220000000000000029e-02	-5.285379510176808626e-01	-3.748570492393091813e-01
7.224999999999999478e-02	-5.492899041426808626e-01	-3.968297054893091813e-01
7.230000000000000315e-02	-5.505106072676808626e-01	-3.943882992393091813e-01
7.234999999999999765e-02	-5.737039666426808626e-01	-4.139195492393091813e-01
7.240000000000000602e-02	-5.749246697676808626e-01	-4.139195492393091813e-01
7.245000000000000051e-02	-5.981180291426808626e-01	-4.358922054893091813e-01
7.249999999999999500e-02	-5.993387322676808626e-01	-4.334507992393091813e-01
7.255000000000000338e-02	-6.188699822676808626e-01	-4.529820492393091813e-01
7.259999999999999787e-02	-6.237527947676808626e-01	-4.529820492393091813e-01
7.265000000000000624e-02	-6.457254510176808626e-01	-4.725132992393091813e-01
7.270000000000000073e-02	-6.469461541426808626e-01	-4.725132992393091813e-01
7.274999999999999523e-02	-6.676981072676808626e-01	-4.944859554893091813e-01
7.280000000000000360e-02	-6.689188103926808626e-01	-4.896031429893091813e-01
7.284999999999999809e-02	-6.933328728926808626e-01	-5.115757992393091813e-01
7.290000000000000646e-02	-6.933328728926808626e-01	-5.115757992393091813e-01
7.295000000000000095e-02	-7.153055291426808626e-01	-5.311070492393091813e-01
7.299999999999999545e-02	-7.165262322676808626e-01	-5.311070492393091813e-01
7.305000000000000382e-02	-7.384988885176808626e-01	-5.506382992393091813e-01
7.309999999999999831e-02	-7.409402947676808626e-01	-5.506382992393091813e-01
7.315000000000000668e-02	-7.616922478926808626e-01	-5.701695492393091813e-01
7.320000000000000118e-02	-7.629129510176808626e-01	-5.701695492393091813e-01
7.324999999999999567e-02	-7.848856072676808626e-01	-5.897007992393091813e-01
7.330000000000000404e-02	-7.861063103926808626e-01	-5.848179867393091813e-01
7.334999999999999853e-02	-8.092996697676808626e-01	-6.067906429893091813e-01
7.340000000000000691e-02	-8.105203728926808626e-01	-6.067906429893091813e-01
7.345000000000000140e-02	-8.324930291426808626e-01	-6.287632992393092923e-01
7.349999999999999589e-02	-8.337137322676808626e-01	-6.263218929893092923e-01
7.355000000000000426e-02	-8.556863885176808626e-01	-6.482945492393092923e-01
7.359999999999999876e-02	-8.569070916426808626e-01	-6.458531429893092923e-01
7.364999999999999325e-02	-8.776590447676808626e-01	-6.653843929893092923e-01
7.370000000000000162e-02	-8.788797478926808626e-01	-6.629429867393092923e-01
7.374999999999999611e-02	-9.008524041426808626e-01	-6.849156429893092923e-01
7.380000000000000449e-02	-9.008524041426808626e-01	-6.849156429893092923e-01
7.384999999999999898e-02	-9.240457635176808626e-01	-7.020054867393092923e-01
7.389999999999999347e-02	-9.252664666426808626e-01	-7.020054867393092923e-01
7.395000000000000184e-02	-9.460184197676808626e-01	-7.239781429893092923e-01
7.399999999999999634e-02	-9.484598260176808626e-01	-7.239781429893092923e-01
7.405000000000000471e-02	-9.692117791426808626e-01	-7.435093929893092923e-01
7.409999999999999920e-02	-9.716531853926808626e-01	-7.435093929893092923e-01
7.414999999999999369e-02	-9.924051385176808626e-01	-7.630406429893092923e-01
7.420000000000000207e-02	-9.948465447676808626e-01	-7.605992367393092923e-01
7.424999999999999656e-02	-1.016819201017680863e+00	-7.825718929893092923e-01
7.430000000000000493e-02	-1.016819201017680863e+00	-7.776890804893092923e-01
7.434999999999999942e-02	-1.040012560392680863e+00	-7.996617367393092923e-01
7.439999999999999392e-02	-1.040012560392680863e+00	-7.996617367393092923e-01
7.445000000000000229e-02	-1.063205919767680863e+00	-8.191929867393092923e-01
7.449999999999999678e-02	-1.061985216642680863e+00	-8.167515804893092923e-01
7.455000000000000515e-02	-1.083957872892680863e+00	-8.362828304893092923e-01
7.459999999999999964e-02	-1.086399279142680863e+00	-8.387242367393092923e-01
7.464999999999999414e-02	-1.107151232267680863e+00	-8.606968929893092923e-01
7.470000000000000251e-02	-1.107151232267680863e+00	-8.558140804893092923e-01
7.474999999999999700e-02	-1.129123888517680863e+00	-8.777867367393092923e-01
7.480000000000000537e-02	-1.131565294767680863e+00	-8.777867367393092923e-01
7.484999999999999987e-02	-1.151096544767680863e+00	-8.973179867393092923e-01
7.489999999999999436e-02	-1.153537951017680863e+00	-8.973179867393092923e-01
7.495000000000000273e-02	-1.174289904142680863e+00	-9.168492367393092923e-01
7.499999999999999722e-02	-1.176731310392680863e+00	-9.144078304893092923e-01
7.505000000000000560e-02	-1.198703966642680863e+00	-9.339390804893092923e-01
7.510000000000000009e-02	-1.198703966642680863e+00	-9.314976742393092923e-01
7.514999999999999458e-02	-1.219455919767680863e+00	-9.559117367393092923e-01
7.520000000000000295e-02	-1.220676622892680863e+00	-9.534703304893092923e-01
7.524999999999999745e-02	-1.242649279142680863e+00	-9.730015804893092923e-01
7.530000000000000582e-02	-1.243869982267680863e+00	-9.705601742393092923e-01
7.535000000000000031e-02	-1.265842638517681085e+00	-9.925328304893092923e-01
7.539999999999999480e-02	-1.262180529142681085e+00	-9.900914242393092923e-01
7.545000000000000318e-02	-1.287815294767681085e+00	-1.012064080489309292e+00
7.549999999999999767e-02	-1.289035997892681085e+00	-1.009622674239309292e+00
7.555000000000000604e-02	-1.308567247892681085e+00	-1.031595330489309292e+00
7.560000000000000053e-02	-1.311008654142681085e+00	-1.031595330489309292e+00
7.564999999999999503e-02	-1.330539904142681085e+00	-1.048685174239309292e+00
7.570000000000000340e-02	-1.332981310392681085e+00	-1.051126580489309292e+00
7.574999999999999789e-02	-1.353733263517681085e+00	-1.068216424239309292e+00
7.580000000000000626e-02	-1.354953966642681085e+00	-1.065775017989309292e+00
7.585000000000000075e-02	-1.376926622892681085e+00	-1.087747674239309292e+00
7.589999999999999525e-02	-1.376926622892681085e+00	-1.090189080489309292e+00
7.595000000000000362e-02	-1.397678576017681085e+00	-1.109720330489309292e+00
0.000000000000000000e+00	-7.795731393914473450e-01	-5.830351177014801989e-01
5.000000000000000240e-05	-7.795731393914473450e-01	-5.830351177014801989e-01
1.000000000000000048e-04	-7.807938425164473450e-01	-5.805937114514801989e-01
1.499999999999999869e-04	-8.015457956414473450e-01	-6.025663677014801989e-01
2.000000000000000096e-04	-8.039872018914473450e-01	-6.001249614514801989e-01
2.500000000000000052e-04	-8.247391550164473450e-01	-6.220976177014801989e-01
2.999999999999999737e-04	-8.259598581414473450e-01	-6.196562114514801989e-01
3.499999999999999964e-04	-8.479325143914473450e-01	-6.416288677014803099e-01
4.000000000000000192e-04	-8.491532175164473450e-01	-6.391874614514803099e-01
4.499999999999999877e-04	-8.711258737664473450e-01	-6.611601177014803099e-01
5.000000000000000104e-04	-8.735672800164473450e-01	-6.587187114514803099e-01
5.500000000000000331e-04	-8.955399362664473450e-01	-6.782499614514803099e-01
5.999999999999999474e-04	-8.955399362664473450e-01	-6.782499614514803099e-01
6.499999999999999702e-04	-9.162918893914473450e-01	-6.977812114514803099e-01
6.999999999999999929e-04	-9.199539987664473450e-01	-6.977812114514803099e-01
7.500000000000000156e-04	-9.394852487664473450e-01	-7.197538677014803099e-01
8.000000000000000383e-04	-9.407059518914473450e-01	-7.173124614514803099e-01
8.499999999999999526e-04	-9.638993112664473450e-01	-7.368437114514803099e-01
8.999999999999999754e-04	-9.651200143914473450e-01	-7.344023052014803099e-01
9.499999999999999981e-04	-9.858719675164473450e-01	-7.539335552014803099e-01
1.000000000000000021e-03	-9.883133737664473450e-01	-7.539335552014803099e-01
1.049999999999999935e-03	-1.009065326891447345e+00	-7.759062114514803099e-01
1.100000000000000066e-03	-1.011506733141447345e+00	-7.759062114514803099e-01
1.149999999999999981e-03	-1.033479389391447345e+00	-7.954374614514803099e-01
1.199999999999999895e-03	-1.034700092516447345e+00	-7.929960552014803099e-01
1.250000000000000026e-03	-1.056672748766447345e+00	-8.125273052014803099e-01
1.299999999999999940e-03	-1.056672748766447345e+00	-8.125273052014803099e-01
1.350000000000000071e-03	-1.077424701891447345e+00	-8.344999614514803099e-01
1.399999999999999986e-03	-1.078645405016447345e+00	-8.320585552014803099e-01
1.449999999999999900e-03	-1.100618061266447345e+00	-8.540312114514803099e-01
1.500000000000000031e-03	-1.101838764391447345e+00	-8.515898052014803099e-01
1.549999999999999946e-03	-1.122590717516447345e+00	-8.711210552014803099e-01
1.600000000000000077e-03	-1.125032123766447345e+00	-8.686796489514803099e-01
1.649999999999999991e-03	-1.144563373766447345e+00	-8.906523052014803099e-01
1.699999999999999905e-03	-1.145784076891447345e+00	-8.906523052014803099e-01
1.750000000000000036e-03	-1.167756733141447345e+00	-9.101835552014803099e-01
1.799999999999999951e-03	-1.170198139391447345e+00	-9.101835552014803099e-01
1.850000000000000082e-03	-1.190950092516447345e+00	-9.297148052014803099e-01
1.899999999999999996e-03	-1.192170795641447345e+00	-9.297148052014803099e-01
1.949999999999999910e-03	-1.212922748766447345e+00	-9.492460552014803099e-01
2.000000000000000042e-03	-1.215364155016447345e+00	-9.468046489514803099e-01
2.050000000000000173e-03	-1.236116108141447345e+00	-9.687773052014803099e-01
2.099999999999999870e-03	-1.237336811266447345e+00	-9.663358989514803099e-01
2.150000000000000001e-03	-1.259309467516447345e+00	-9.883085552014803099e-01
2.200000000000000133e-03	-1.259309467516447345e+00	-9.858671489514803099e-01
2.249999999999999830e-03	-1.281282123766447345e+00	-1.005398398951480310e+00
2.299999999999999961e-03	-1.280061420641447345e+00	-1.005398398951480310e+00
2.350000000000000092e-03	-1.300813373766447345e+00	-1.024929648951480310e+00
2.399999999999999790e-03	-1.304475483141447345e+00	-1.024929648951480310e+00
2.449999999999999921e-03	-1.325227436266447345e+00	-1.046902305201480310e+00
2.500000000000000052e-03	-1.327668842516447345e+00	-1.044460898951480310e+00
2.550000000000000183e-03	-1.349641498766447345e+00	-1.066433555201480310e+00
2.599999999999999881e-03	-1.348420795641447345e+00	-1.061550742701480310e+00
2.650000000000000012e-03	-1.369172748766447345e+00	-1.081081992701480310e+00
2.700000000000000143e-03	-1.371614155016447345e+00	-1.083523398951480310e+00
2.749999999999999840e-03	-1.392366108141447345e+00	-1.103054648951480310e+00
2.799999999999999972e-03	-1.393586811266447345e+00	-1.100613242701480310e+00
2.850000000000000103e-03	-1.414338764391447345e+00	-1.122585898951480310e+00
2.899999999999999800e-03	-1.415559467516447345e+00	-1.120144492701480310e+00
2.949999999999999931e-03	-1.437532123766447345e+00	-1.137234336451480310e+00
3.000000000000000062e-03	-1.437532123766447345e+00	-1.112820273951480310e+00
3.050000000000000194e-03	-1.455842670641447345e+00	-1.129910117701480310e+00
3.099999999999999891e-03	-1.457063373766447345e+00	-1.088406211451480310e+00
3.150000000000000022e-03	-1.468049701891447345e+00	-1.112820273951480310e+00
3.200000000000000153e-03	-1.446077045641447345e+00	-1.073757773951480310e+00
3.249999999999999851e-03	-1.466828998766447345e+00	-1.093289023951480310e+00
3.299999999999999982e-03	-1.396028217516447345e+00	-1.056667930201480310e+00
3.350000000000000113e-03	-1.443635639391447345e+00	-1.073757773951480310e+00
3.399999999999999811e-03	-1.333772358141447345e+00	-1.037136680201480310e+00
3.449999999999999942e-03	-1.389924701891447345e+00	-1.054226523951480310e+00
3.500000000000000073e-03	-1.284944233141447345e+00	-1.015164023951480310e+00
3.550000000000000204e-03	-1.327668842516447345e+00	-1.037136680201480310e+00
3.599999999999999901e-03	-1.250764545641447345e+00	-9.980741802014803099e-01
3.650000000000000033e-03	-1.282502826891447345e+00	-1.017605430201480310e+00
3.700000000000000164e-03	-1.230012592516447345e+00	-9.761015239514803099e-01
3.749999999999999861e-03	-1.249543842516447345e+00	-9.980741802014803099e-01
3.799999999999999992e-03	-1.217805561266447345e+00	-9.590116802014803099e-01
3.850000000000000124e-03	-1.231233295641447345e+00	-9.785429302014803099e-01
3.899999999999999821e-03	-1.205598530016447345e+00	-9.419218364514803099e-01
3.950000000000000386e-03	-1.217805561266447345e+00	-9.614530864514803099e-01
4.000000000000000083e-03	-1.189729389391447345e+00	-9.199491802014803099e-01
4.049999999999999781e-03	-1.206819233141447345e+00	-9.419218364514803099e-01
4.100000000000000346e-03	-1.165315326891447345e+00	-9.004179302014803099e-01
4.150000000000000043e-03	-1.188508686266447345e+00	-9.223905864514803099e-01
4.199999999999999740e-03	-1.133577045641447345e+00	-8.833280864514803099e-01
4.250000000000000305e-03	-1.165315326891447345e+00	-9.028593364514803099e-01
4.300000000000000003e-03	-1.100618061266447345e+00	-8.637968364514803099e-01
4.349999999999999700e-03	-1.131135639391447345e+00	-8.857694927014803099e-01
4.400000000000000265e-03	-1.068879780016447345e+00	-8.467069927014803099e-01
4.449999999999999963e-03	-1.096955951891447345e+00	-8.662382427014803099e-01
4.499999999999999660e-03	-1.040803608141447345e+00	-8.271757427014803099e-01
4.550000000000000225e-03	-1.065217670641447345e+00	-8.467069927014803099e-01
4.599999999999999922e-03	-1.013948139391447345e+00	-8.076444927014803099e-01
4.649999999999999620e-03	-1.038362201891447345e+00	-8.271757427014803099e-01
4.700000000000000185e-03	-9.919754831414473450e-01	-7.905546489514803099e-01
4.749999999999999882e-03	-1.015168842516447345e+00	-8.076444927014803099e-01
4.799999999999999580e-03	-9.712235300164473450e-01	-7.685819927014803099e-01
4.850000000000000144e-03	-9.907547800164473450e-01	-7.881132427014803099e-01
4.899999999999999842e-03	-9.455887643914473450e-01	-7.490507427014803099e-01
4.950000000000000407e-03	-9.675614206414473450e-01	-7.710233989514803099e-01
5.000000000000000104e-03	-9.211747018914473450e-01	-7.319608989514803099e-01
5.049999999999999802e-03	-9.443680612664473450e-01	-7.539335552014803099e-01
5.100000000000000366e-03	-8.943192331414473450e-01	-7.124296489514803099e-01
5.150000000000000064e-03	-9.187332956414473450e-01	-7.344023052014803099e-01
5.199999999999999761e-03	-8.662430612664473450e-01	-6.928983989514803099e-01
5.250000000000000326e-03	-8.918778268914473450e-01	-7.124296489514803099e-01
5.300000000000000024e-03	-8.381668893914473450e-01	-6.733671489514803099e-01
5.349999999999999721e-03	-8.638016550164473450e-01	-6.928983989514803099e-01
5.400000000000000286e-03	-8.125321237664473450e-01	-6.562773052014803099e-01
5.449999999999999983e-03	-8.369461862664473450e-01	-6.733671489514803099e-01
5.499999999999999681e-03	-7.856766550164473450e-01	-6.343046489514803099e-01
5.550000000000000246e-03	-8.113114206414473450e-01	-6.562773052014803099e-01
5.599999999999999943e-03	-7.612625925164473450e-01	-6.172148052014801989e-01
5.649999999999999641e-03	-7.844559518914473450e-01	-6.367460552014803099e-01
5.700000000000000205e-03	-7.356278268914473450e-01	-5.976835552014801989e-01
5.749999999999999903e-03	-7.588211862664473450e-01	-6.172148052014801989e-01
5.799999999999999600e-03	-7.112137643914473450e-01	-5.781523052014801989e-01
5.850000000000000165e-03	-7.344071237664473450e-01	-5.976835552014801989e-01
5.899999999999999863e-03	-6.855789987664473450e-01	-5.610624614514801989e-01
5.950000000000000427e-03	-7.087723581414473450e-01	-5.805937114514801989e-01
6.000000000000000125e-03	-6.599442331414473450e-01	-5.390898052014801989e-01
6.049999999999999822e-03	-6.831375925164473450e-01	-5.610624614514801989e-01
6.100000000000000387e-03	-6.330887643914473450e-01	-5.195585552014801989e-01
6.150000000000000085e-03	-6.562821237664473450e-01	-5.415312114514801989e-01
6.199999999999999782e-03	-6.086747018914473450e-01	-5.024687114514801989e-01
6.250000000000000347e-03	-6.318680612664473450e-01	-5.195585552014801989e-01
6.300000000000000044e-03	-5.818192331414473450e-01	-4.804960552014802544e-01
6.349999999999999742e-03	-6.050125925164473450e-01	-5.024687114514801989e-01
6.400000000000000307e-03	-5.561844675164473450e-01	-4.634062114514802544e-01
6.450000000000000004e-03	-5.793778268914473450e-01	-4.829374614514802544e-01
6.499999999999999702e-03	-5.293289987664473450e-01	-4.414335552014802544e-01
6.550000000000000266e-03	-5.537430612664473450e-01	-4.634062114514802544e-01
6.599999999999999964e-03	-5.049149362664473450e-01	-4.243437114514802544e-01
6.649999999999999661e-03	-5.281082956414473450e-01	-4.463163677014802544e-01
6.700000000000000226e-03	-4.792801706414473450e-01	-4.072538677014802544e-01
6.749999999999999924e-03	-5.024735300164473450e-01	-4.243437114514802544e-01
6.799999999999999621e-03	-4.536454050164473450e-01	-3.852812114514802544e-01
6.850000000000000186e-03	-4.768387643914473450e-01	-4.072538677014802544e-01
6.899999999999999883e-03	-4.280106393914473450e-01	-3.681913677014802544e-01
6.949999999999999581e-03	-4.536454050164473450e-01	-3.877226177014802544e-01
7.000000000000000146e-03	-4.023758737664473450e-01	-3.486601177014802544e-01
7.049999999999999843e-03	-4.267899362664473450e-01	-3.681913677014802544e-01
7.100000000000000408e-03	-3.779618112664473450e-01	-3.291288677014802544e-01
7.150000000000000105e-03	-4.011551706414473450e-01	-3.511015239514802544e-01
7.199999999999999803e-03	-3.535477487664473450e-01	-3.095976177014802544e-01
7.250000000000000368e-03	-3.755204050164473450e-01	-3.291288677014802544e-01
7.300000000000000065e-03	-3.266922800164473450e-01	-2.876249614514802544e-01
7.349999999999999763e-03	-3.498856393914473450e-01	-3.120390239514802544e-01
7.400000000000000328e-03	-3.010575143914474006e-01	-2.705351177014802544e-01
7.450000000000000025e-03	-3.230301706414473450e-01	-2.900663677014802544e-01
7.499999999999999722e-03	-2.766434518914474006e-01	-2.485624614514802821e-01
7.550000000000000287e-03	-2.986161081414474006e-01	-2.705351177014802544e-01
7.599999999999999985e-03	-2.522293893914474006e-01	-2.314726177014802821e-01
7.649999999999999682e-03	-2.766434518914474006e-01	-2.510038677014802544e-01
7.700000000000000247e-03	-2.253739206414473728e-01	-2.119413677014802821e-01
7.749999999999999944e-03	-2.485672800164473728e-01	-2.339140239514802821e-01
7.799999999999999642e-03	-1.997391550164473728e-01	-1.924101177014802821e-01
7.849999999999999339e-03	-2.229325143914473728e-01	-2.143827739514802821e-01
7.900000000000000772e-03	-1.765457956414473728e-01	-1.753202739514802821e-01
7.950000000000000469e-03	-1.985184518914473728e-01	-1.948515239514802821e-01
8.000000000000000167e-03	-1.496903268914473728e-01	-1.582304302014802821e-01
8.049999999999999864e-03	-1.728836862664473728e-01	-1.753202739514802821e-01
8.099999999999999561e-03	-1.252762643914473728e-01	-1.386991802014802544e-01
8.149999999999999259e-03	-1.484696237664473728e-01	-1.582304302014802821e-01
8.200000000000000691e-03	-1.008622018914473589e-01	-1.191679302014802544e-01
8.250000000000000389e-03	-1.240555612664473589e-01	-1.386991802014802544e-01
8.300000000000000086e-03	-7.644813939144735893e-02	-9.719527395148025439e-02
8.349999999999999784e-03	-1.008622018914473589e-01	-1.167265239514802544e-01
8.399999999999999481e-03	-5.081337376644735893e-02	-8.010543020148025439e-02
8.449999999999999178e-03	-7.400673314144735893e-02	-9.963668020148025439e-02
8.500000000000000611e-03	-2.639931126644736586e-02	-6.057418020148025439e-02
8.550000000000000308e-03	-4.959267064144735893e-02	-8.010543020148025439e-02
8.600000000000000006e-03	-1.985248766447366732e-03	-4.104293020148025439e-02
8.649999999999999703e-03	-2.517860814144736586e-02	-6.301558645148025439e-02
8.699999999999999400e-03	2.364951685855263414e-02	-2.151168020148026133e-02
8.750000000000000833e-03	1.676860608552633268e-03	-4.104293020148025439e-02
8.800000000000000530e-03	4.684287623355264107e-02	-1.980430201480262199e-03
8.850000000000000228e-03	2.487021998355263414e-02	-2.151168020148026133e-02
8.899999999999999925e-03	7.247764185855264107e-02	1.755081979851973867e-02
8.949999999999999623e-03	4.806357935855264107e-02	-4.421836451480262199e-03
8.999999999999999320e-03	9.567100123355264107e-02	3.464066354851973867e-02
9.050000000000000752e-03	7.125693873355264107e-02	1.510941354851973867e-02
9.100000000000000450e-03	1.213057668585526411e-01	5.417191354851974561e-02
9.150000000000000147e-03	9.811240748355264107e-02	3.219925729851973867e-02
9.199999999999999845e-03	1.457198293585526272e-01	7.126175729851974561e-02
9.249999999999999542e-03	1.225264699835526411e-01	4.928910104851974561e-02
9.299999999999999239e-03	1.701338918585526272e-01	9.079300729851974561e-02
9.350000000000000672e-03	1.469405324835526272e-01	6.882035104851974561e-02
9.400000000000000369e-03	1.945479543585526272e-01	1.103242572985197456e-01
9.450000000000000067e-03	1.725752981085526272e-01	8.835160104851974561e-02
9.499999999999999764e-03	2.189620168585526272e-01	1.298555072985197456e-01
9.549999999999999462e-03	1.957686574835526272e-01	1.103242572985197456e-01
9.599999999999999159e-03	2.433760793585526272e-01	1.493867572985197456e-01
9.650000000000000591e-03	2.214034231085526272e-01	1.274141010485197456e-01
9.700000000000000289e-03	2.690108449835525994e-01	1.664766010485197179e-01
9.749999999999999986e-03	2.458174856085526272e-01	1.469453510485197456e-01
9.799999999999999684e-03	2.922042043585525994e-01	1.884492572985197179e-01
9.849999999999999381e-03	2.702315481085525994e-01	1.689180072985197179e-01
9.900000000000000813e-03	3.153975637335526550e-01	2.079805072985197179e-01
9.950000000000000511e-03	2.946456106085525994e-01	1.860078510485197179e-01
1.000000000000000021e-02	3.398116262335526550e-01	2.250703510485197179e-01
1.004999999999999991e-02	3.178389699835526550e-01	2.030976947985197179e-01
1.009999999999999960e-02	3.642256887335526550e-01	2.446016010485197179e-01
1.014999999999999930e-02	3.422530324835526550e-01	2.250703510485197179e-01
1.020000000000000073e-02	3.898604543585526550e-01	2.641328510485197456e-01
1.025000000000000043e-02	3.654463918585526550e-01	2.446016010485197179e-01
1.030000000000000013e-02	4.142745168585526550e-01	2.861055072985197456e-01
1.034999999999999983e-02	3.923018606085526550e-01	2.641328510485197456e-01
1.039999999999999952e-02	4.386885793585526550e-01	3.007539447985197456e-01
1.044999999999999922e-02	4.142745168585526550e-01	2.836641010485197456e-01
1.050000000000000065e-02	4.606612356085526550e-01	3.227266010485197456e-01
1.055000000000000035e-02	4.386885793585526550e-01	3.007539447985197456e-01
1.060000000000000005e-02	4.838545949835526550e-01	3.422578510485197456e-01
1.064999999999999974e-02	4.643233449835526550e-01	3.202851947985197456e-01
1.069999999999999944e-02	5.082686574835526550e-01	3.617891010485197456e-01
1.074999999999999914e-02	4.875167043585526550e-01	3.373750385485197456e-01
1.080000000000000057e-02	5.339034231085526550e-01	3.788789447985197456e-01
1.085000000000000027e-02	5.107100637335526550e-01	3.593476947985197456e-01
1.089999999999999997e-02	5.570967824835526550e-01	4.008516010485197456e-01
1.094999999999999966e-02	5.339034231085526550e-01	3.813203510485197456e-01
1.099999999999999936e-02	5.827315481085526550e-01	4.179414447985197456e-01
1.105000000000000079e-02	5.595381887335526550e-01	3.959687885485197456e-01
1.110000000000000049e-02	6.047042043585526550e-01	4.374726947985197456e-01
1.115000000000000019e-02	5.827315481085526550e-01	4.155000385485197456e-01
1.119999999999999989e-02	6.278975637335526550e-01	4.570039447985197456e-01
1.124999999999999958e-02	6.071456106085526550e-01	4.374726947985197456e-01
1.129999999999999928e-02	6.523116262335526550e-01	4.765351947985197456e-01
1.135000000000000071e-02	6.303389699835526550e-01	4.545625385485197456e-01
1.140000000000000041e-02	6.755049856085526550e-01	4.936250385485197456e-01
1.145000000000000011e-02	6.535323293585526550e-01	4.765351947985197456e-01
1.149999999999999981e-02	6.999190481085526550e-01	5.131562885485198011e-01
1.154999999999999950e-02	6.767256887335526550e-01	4.960664447985197456e-01
1.159999999999999920e-02	7.231124074835526550e-01	5.351289447985198011e-01
1.165000000000000063e-02	6.999190481085526550e-01	5.131562885485198011e-01
1.170000000000000033e-02	7.463057668585526550e-01	5.546601947985198011e-01
1.175000000000000003e-02	7.243331106085526550e-01	5.326875385485198011e-01
1.179999999999999973e-02	7.707198293585526550e-01	5.717500385485198011e-01
1.184999999999999942e-02	7.475264699835526550e-01	5.497773822985198011e-01
1.190000000000000085e-02	7.939131887335526550e-01	5.912812885485198011e-01
1.195000000000000055e-02	7.719405324835526550e-01	5.693086322985198011e-01
1.200000000000000025e-02	8.158858449835526550e-01	6.108125385485198011e-01
1.204999999999999995e-02	7.951338918585526550e-01	5.888398822985198011e-01
1.209999999999999964e-02	8.402999074835526550e-01	6.303437885485196901e-01
1.214999999999999934e-02	8.183272512335526550e-01	6.083711322985198011e-01
1.220000000000000077e-02	8.634932668585526550e-01	6.474336322985196901e-01
1.225000000000000047e-02	8.415206106085526550e-01	6.279023822985196901e-01
1.230000000000000017e-02	8.854659231085526550e-01	6.694062885485196901e-01
1.234999999999999987e-02	8.647139699835526550e-01	6.449922260485196901e-01
1.239999999999999956e-02	9.086592824835526550e-01	6.864961322985196901e-01
1.244999999999999926e-02	8.879073293585526550e-01	6.669648822985196901e-01
1.250000000000000069e-02	9.330733449835526550e-01	7.060273822985196901e-01
1.255000000000000039e-02	9.111006887335526550e-01	6.864961322985196901e-01
1.260000000000000009e-02	9.562667043585526550e-01	7.255586322985196901e-01
1.264999999999999979e-02	9.355147512335526550e-01	7.060273822985196901e-01
1.269999999999999948e-02	9.794600637335526550e-01	7.450898822985196901e-01
1.274999999999999918e-02	9.587081106085526550e-01	7.231172260485196901e-01
1.280000000000000061e-02	1.002653423108552655e+00	7.646211322985196901e-01
1.285000000000000031e-02	9.819014699835526550e-01	7.426484760485196901e-01
1.290000000000000001e-02	1.024626079358552655e+00	7.817109760485196901e-01
1.294999999999999971e-02	1.003874126233552655e+00	7.646211322985196901e-01
1.299999999999999940e-02	1.047819438733552655e+00	8.036836322985196901e-01
1.305000000000000084e-02	1.027067485608552655e+00	7.817109760485196901e-01
1.310000000000000053e-02	1.069792094983552655e+00	8.232148822985196901e-01
1.315000000000000023e-02	1.050260844983552655e+00	8.012422260485196901e-01
1.319999999999999993e-02	1.094206157483552655e+00	8.403047260485196901e-01
1.324999999999999963e-02	1.074674907483552655e+00	8.207734760485196901e-01
1.329999999999999932e-02	1.117399516858552655e+00	8.598359760485196901e-01
1.335000000000000075e-02	1.096647563733552655e+00	8.403047260485196901e-01
1.340000000000000045e-02	1.139372173108552655e+00	8.793672260485196901e-01
1.345000000000000015e-02	1.119840923108552655e+00	8.573945697985196901e-01
1.349999999999999985e-02	1.161344829358552655e+00	8.964570697985196901e-01
1.354999999999999954e-02	1.141813579358552655e+00	8.769258197985196901e-01
1.359999999999999924e-02	1.184538188733552655e+00	9.184297260485196901e-01
1.365000000000000067e-02	1.163786235608552655e+00	8.964570697985196901e-01
1.370000000000000037e-02	1.207731548108552655e+00	9.379609760485196901e-01
1.375000000000000007e-02	1.185758891858552655e+00	9.159883197985196901e-01
1.379999999999999977e-02	1.230924907483552655e+00	9.574922260485196901e-01
1.384999999999999946e-02	1.208952251233552655e+00	9.355195697985196901e-01
1.389999999999999916e-02	1.254118266858552655e+00	9.770234760485196901e-01
1.395000000000000059e-02	1.233366313733552655e+00	9.550508197985196901e-01
1.400000000000000029e-02	1.274870219983552655e+00	9.965547260485196901e-01
1.404999999999999999e-02	1.254118266858552655e+00	9.745820697985196901e-01
1.409999999999999969e-02	1.298063579358552655e+00	1.013644569798519690e+00
1.414999999999999938e-02	1.278532329358552655e+00	9.941133197985196901e-01
1.420000000000000082e-02	1.322477641858552655e+00	1.033175819798519690e+00
1.425000000000000051e-02	1.300504985608552655e+00	1.011203163548519690e+00
1.430000000000000021e-02	1.344450298108552655e+00	1.052707069798519690e+00
1.434999999999999991e-02	1.322477641858552655e+00	1.033175819798519690e+00
1.439999999999999961e-02	1.365202251233552655e+00	1.072238319798519690e+00
1.444999999999999930e-02	1.345671001233552655e+00	1.050265663548519690e+00
1.450000000000000074e-02	1.387174907483552655e+00	1.089328163548519690e+00
1.455000000000000043e-02	1.366422954358552655e+00	1.072238319798519690e+00
1.460000000000000013e-02	1.410368266858552655e+00	1.108859413548519690e+00
1.464999999999999983e-02	1.389616313733552655e+00	1.089328163548519690e+00
1.469999999999999953e-02	1.432340923108552655e+00	1.128390663548519690e+00
1.474999999999999922e-02	1.411588969983552655e+00	1.108859413548519690e+00
1.480000000000000066e-02	1.454313579358552655e+00	1.147921913548519690e+00
1.485000000000000035e-02	1.433561626233552655e+00	1.128390663548519690e+00
1.490000000000000005e-02	1.476286235608552655e+00	1.167453163548519690e+00
1.494999999999999975e-02	1.456754985608552655e+00	1.145480507298519690e+00
1.499999999999999944e-02	1.499479594983552655e+00	1.186984413548519690e+00
1.504999999999999914e-02	1.477506938733552655e+00	1.165011757298519690e+00
1.510000000000000057e-02	1.520231548108552655e+00	1.199191444798519690e+00
1.515000000000000027e-02	1.500700298108552655e+00	1.182101601048519690e+00
1.519999999999999997e-02	1.543424907483552655e+00	1.194308632298519690e+00
1.524999999999999967e-02	1.522672954358552655e+00	1.174777382298519690e+00
1.529999999999999936e-02	1.550749126233552655e+00	1.177218788548519690e+00
1.535000000000000080e-02	1.540983501233552655e+00	1.152804726048519690e+00
1.540000000000000049e-02	1.548307719983552655e+00	1.155246132298519690e+00
1.545000000000000019e-02	1.523893657483552655e+00	1.135714882298519690e+00
1.549999999999999989e-02	1.520231548108552655e+00	1.138156288548519690e+00
1.554999999999999959e-02	1.467741313733552655e+00	1.118625038548519690e+00
1.559999999999999928e-02	1.460417094983552655e+00	1.118625038548519690e+00
1.565000000000000072e-02	1.405485454358552655e+00	1.096652382298519690e+00
1.569999999999999868e-02	1.399381938733552655e+00	1.099093788548519690e+00
1.575000000000000011e-02	1.360319438733552655e+00	1.077121132298519690e+00
1.580000000000000154e-02	1.356657329358552655e+00	1.082003944798519690e+00
1.584999999999999951e-02	1.333463969983552655e+00	1.060031288548519690e+00
1.590000000000000094e-02	1.331022563733552655e+00	1.062472694798519690e+00
1.594999999999999890e-02	1.315153423108552655e+00	1.042941444798519690e+00
1.600000000000000033e-02	1.315153423108552655e+00	1.042941444798519690e+00
1.604999999999999830e-02	1.302946391858552655e+00	1.023410194798519690e+00
1.609999999999999973e-02	1.304167094983552655e+00	1.023410194798519690e+00
1.615000000000000116e-02	1.290739360608552655e+00	1.003878944798519690e+00
1.619999999999999912e-02	1.290739360608552655e+00	1.003878944798519690e+00
1.625000000000000056e-02	1.272428813733552655e+00	9.843476947985196901e-01
1.629999999999999852e-02	1.272428813733552655e+00	9.867891010485196901e-01
1.634999999999999995e-02	1.246794048108552655e+00	9.648164447985196901e-01
1.640000000000000138e-02	1.244352641858552655e+00	9.672578510485196901e-01
1.644999999999999934e-02	1.212614360608552655e+00	9.477266010485196901e-01
1.650000000000000078e-02	1.210172954358552655e+00	9.501680072985196901e-01
1.654999999999999874e-02	1.179655376233552655e+00	9.281953510485196901e-01
1.660000000000000017e-02	1.174772563733552655e+00	9.306367572985196901e-01
1.665000000000000160e-02	1.147917094983552655e+00	9.086641010485196901e-01
1.669999999999999957e-02	1.146696391858552655e+00	9.086641010485196901e-01
1.675000000000000100e-02	1.122282329358552655e+00	8.891328510485196901e-01
1.679999999999999896e-02	1.118620219983552655e+00	8.915742572985196901e-01
1.685000000000000039e-02	1.096647563733552655e+00	8.720430072985196901e-01
1.689999999999999836e-02	1.095426860608552655e+00	8.720430072985196901e-01
1.694999999999999979e-02	1.074674907483552655e+00	8.525117572985196901e-01
1.700000000000000122e-02	1.073454204358552655e+00	8.525117572985196901e-01
1.704999999999999918e-02	1.052702251233552655e+00	8.329805072985196901e-01
1.710000000000000062e-02	1.050260844983552655e+00	8.329805072985196901e-01
1.714999999999999858e-02	1.027067485608552655e+00	8.134492572985196901e-01
1.720000000000000001e-02	1.025846782483552655e+00	8.158906635485196901e-01
1.725000000000000144e-02	1.002653423108552655e+00	7.939180072985196901e-01
1.729999999999999941e-02	1.000212016858552655e+00	7.963594135485196901e-01
1.735000000000000084e-02	9.757979543585526550e-01	7.768281635485196901e-01
1.739999999999999880e-02	9.733565481085526550e-01	7.768281635485196901e-01
1.745000000000000023e-02	9.477217824835526550e-01	7.572969135485196901e-01
1.750000000000000167e-02	9.465010793585526550e-01	7.572969135485196901e-01
1.754999999999999963e-02	9.196456106085526550e-01	7.402070697985196901e-01
1.760000000000000106e-02	9.184249074835526550e-01	7.377656635485196901e-01
1.764999999999999902e-02	8.927901418585526550e-01	7.182344135485196901e-01
1.770000000000000046e-02	8.927901418585526550e-01	7.206758197985196901e-01
1.774999999999999842e-02	8.683760793585526550e-01	7.011445697985196901e-01
1.779999999999999985e-02	8.659346731085526550e-01	7.011445697985196901e-01
1.785000000000000128e-02	8.427413137335526550e-01	6.816133197985196901e-01
1.789999999999999925e-02	8.427413137335526550e-01	6.816133197985196901e-01
1.795000000000000068e-02	8.183272512335526550e-01	6.596406635485196901e-01
1.799999999999999864e-02	8.171065481085526550e-01	6.620820697985196901e-01
1.805000000000000007e-02	7.939131887335526550e-01	6.425508197985196901e-01
1.810000000000000150e-02	7.926924856085526550e-01	6.425508197985196901e-01
1.814999999999999947e-02	7.682784231085526550e-01	6.205781635485198011e-01
1.820000000000000090e-02	7.658370168585526550e-01	6.254609760485196901e-01
1.824999999999999886e-02	7.414229543585526550e-01	6.034883197985198011e-01
1.830000000000000029e-02	7.402022512335526550e-01	6.059297260485198011e-01
1.835000000000000173e-02	7.145674856085526550e-01	5.863984760485198011e-01
1.839999999999999969e-02	7.145674856085526550e-01	5.863984760485198011e-01
1.845000000000000112e-02	6.901534231085526550e-01	5.668672260485198011e-01
1.849999999999999908e-02	6.877120168585526550e-01	5.668672260485198011e-01
1.855000000000000052e-02	6.645186574835526550e-01	5.448945697985198011e-01
1.859999999999999848e-02	6.608565481085526550e-01	5.497773822985198011e-01
1.864999999999999991e-02	6.401045949835526550e-01	5.278047260485198011e-01
1.870000000000000134e-02	6.376631887335526550e-01	5.302461322985198011e-01
1.874999999999999931e-02	6.132491262335526550e-01	5.082734760485198011e-01
1.880000000000000074e-02	6.108077199835526550e-01	5.107148822985198011e-01
1.884999999999999870e-02	5.888350637335526550e-01	4.887422260485197456e-01
1.890000000000000013e-02	5.876143606085526550e-01	4.887422260485197456e-01
1.895000000000000157e-02	5.619795949835526550e-01	4.692109760485197456e-01
1.899999999999999953e-02	5.619795949835526550e-01	4.692109760485197456e-01
1.905000000000000096e-02	5.375655324835526550e-01	4.521211322985197456e-01
1.909999999999999892e-02	5.351241262335526550e-01	4.521211322985197456e-01
1.915000000000000036e-02	5.119307668585526550e-01	4.301484760485197456e-01
1.919999999999999832e-02	5.094893606085526550e-01	4.325898822985197456e-01
1.924999999999999975e-02	4.862960012335526550e-01	4.106172260485197456e-01
1.930000000000000118e-02	4.838545949835526550e-01	4.130586322985197456e-01
1.934999999999999915e-02	4.606612356085526550e-01	3.910859760485197456e-01
1.940000000000000058e-02	4.582198293585526550e-01	3.935273822985197456e-01
1.944999999999999854e-02	4.350264699835526550e-01	3.739961322985197456e-01
1.949999999999999997e-02	4.325850637335526550e-01	3.739961322985197456e-01
1.955000000000000140e-02	4.106124074835526550e-01	3.544648822985197456e-01
1.959999999999999937e-02	4.081710012335526550e-01	3.569062885485197456e-01
1.965000000000000080e-02	3.861983449835526550e-01	3.373750385485197456e-01
1.969999999999999876e-02	3.837569387335526550e-01	3.373750385485197456e-01
1.975000000000000019e-02	3.593428762335526550e-01	3.178437885485197456e-01
1.980000000000000163e-02	3.581221731085526550e-01	3.178437885485197456e-01
1.984999999999999959e-02	3.349288137335526550e-01	2.983125385485197456e-01
1.990000000000000102e-02	3.324874074835526550e-01	2.983125385485197456e-01
1.994999999999999898e-02	3.080733449835525994e-01	2.763398822985197456e-01
2.000000000000000042e-02	3.080733449835525994e-01	2.763398822985197456e-01
2.004999999999999838e-02	2.836592824835525994e-01	2.592500385485197456e-01
2.009999999999999981e-02	2.812178762335525994e-01	2.592500385485197456e-01
2.015000000000000124e-02	2.580245168585525994e-01	2.397187885485197179e-01
2.019999999999999921e-02	2.568038137335525994e-01	2.397187885485197179e-01
2.025000000000000064e-02	2.336104543585526272e-01	2.201875385485197179e-01
2.029999999999999860e-02	2.311690481085526272e-01	2.201875385485197179e-01
2.035000000000000003e-02	2.091963918585526272e-01	2.006562885485197179e-01
2.040000000000000147e-02	2.091963918585526272e-01	2.006562885485197179e-01
2.044999999999999943e-02	1.835616262335526272e-01	1.811250385485197179e-01
2.050000000000000086e-02	1.823409231085526272e-01	1.835664447985197179e-01
2.054999999999999882e-02	1.591475637335526272e-01	1.615937885485197179e-01
2.060000000000000026e-02	1.579268606085526272e-01	1.615937885485197179e-01
2.065000000000000169e-02	1.347335012335526272e-01	1.445039447985197456e-01
2.069999999999999965e-02	1.335127981085526272e-01	1.445039447985197456e-01
2.075000000000000108e-02	1.090987356085526411e-01	1.225312885485197456e-01
2.079999999999999905e-02	1.066573293585526411e-01	1.225312885485197456e-01
2.085000000000000048e-02	8.346396998355264107e-02	1.054414447985197456e-01
2.089999999999999844e-02	8.102256373355264107e-02	1.054414447985197456e-01
2.094999999999999987e-02	5.904990748355264107e-02	8.835160104851974561e-02
2.100000000000000130e-02	5.660850123355264107e-02	8.591019479851974561e-02
2.104999999999999927e-02	3.463584498355263414e-02	6.637894479851974561e-02
2.110000000000000070e-02	3.341514185855263414e-02	6.882035104851974561e-02
2.114999999999999866e-02	1.144248560855263414e-02	4.684769479851974561e-02
2.120000000000000009e-02	1.022178248355263414e-02	4.928910104851974561e-02
2.125000000000000153e-02	-1.297157689144736586e-02	3.219925729851973867e-02
2.129999999999999949e-02	-1.541298314144736586e-02	2.975785104851973867e-02
2.135000000000000092e-02	-3.738563939144736586e-02	1.022660104851973867e-02
2.139999999999999888e-02	-3.860634251644736586e-02	1.022660104851973867e-02
2.145000000000000032e-02	-6.057899876644735893e-02	-9.304648951480261332e-03
2.149999999999999828e-02	-6.424110814144735893e-02	-9.304648951480261332e-03
2.154999999999999971e-02	-8.621376439144735893e-02	-2.883589895148026133e-02
2.160000000000000114e-02	-8.987587376644735893e-02	-2.639449270148026133e-02
2.164999999999999911e-02	-1.106278268914473589e-01	-4.592574270148025439e-02
2.170000000000000054e-02	-1.130692331414473589e-01	-4.592574270148025439e-02
2.174999999999999850e-02	-1.362625925164473728e-01	-6.545699270148025439e-02
2.179999999999999993e-02	-1.362625925164473728e-01	-6.301558645148025439e-02
2.185000000000000137e-02	-1.606766550164473728e-01	-8.498824270148025439e-02
2.189999999999999933e-02	-1.631180612664473728e-01	-8.254683645148025439e-02
2.195000000000000076e-02	-1.838700143914473728e-01	-1.045194927014802544e-01
2.199999999999999872e-02	-1.863114206414473728e-01	-1.045194927014802544e-01
2.205000000000000016e-02	-2.095047800164473728e-01	-1.240507427014802544e-01
2.210000000000000159e-02	-2.107254831414473728e-01	-1.216093364514802544e-01
2.214999999999999955e-02	-2.339188425164473728e-01	-1.435819927014802544e-01
2.220000000000000098e-02	-2.351395456414473728e-01	-1.411405864514802544e-01
2.224999999999999895e-02	-2.571122018914474006e-01	-1.606718364514802821e-01
2.230000000000000038e-02	-2.595536081414474006e-01	-1.606718364514802821e-01
2.234999999999999834e-02	-2.815262643914474006e-01	-1.802030864514802821e-01
2.239999999999999977e-02	-2.827469675164474006e-01	-1.802030864514802821e-01
2.245000000000000120e-02	-3.059403268914474006e-01	-1.997343364514802821e-01
2.249999999999999917e-02	-3.071610300164474006e-01	-1.997343364514802821e-01
2.255000000000000060e-02	-3.291336862664473450e-01	-2.192655864514802821e-01
2.259999999999999856e-02	-3.315750925164473450e-01	-2.168241802014802821e-01
2.264999999999999999e-02	-3.535477487664473450e-01	-2.387968364514802821e-01
2.270000000000000143e-02	-3.547684518914473450e-01	-2.387968364514802821e-01
2.274999999999999939e-02	-3.767411081414473450e-01	-2.607694927014802544e-01
2.280000000000000082e-02	-3.791825143914473450e-01	-2.558866802014802544e-01
2.284999999999999878e-02	-4.011551706414473450e-01	-2.803007427014802544e-01
2.290000000000000022e-02	-4.035965768914473450e-01	-2.754179302014802544e-01
2.295000000000000165e-02	-4.267899362664473450e-01	-2.949491802014802544e-01
2.299999999999999961e-02	-4.267899362664473450e-01	-2.949491802014802544e-01
2.305000000000000104e-02	-4.499832956414473450e-01	-3.169218364514802544e-01
2.309999999999999901e-02	-4.512039987664473450e-01	-3.144804302014802544e-01
2.315000000000000044e-02	-4.743973581414473450e-01	-3.364530864514802544e-01
2.319999999999999840e-02	-4.756180612664473450e-01	-3.340116802014802544e-01
2.324999999999999983e-02	-4.975907175164473450e-01	-3.535429302014802544e-01
2.330000000000000127e-02	-5.000321237664473450e-01	-3.535429302014802544e-01
2.334999999999999923e-02	-5.207840768914473450e-01	-3.706327739514802544e-01
2.340000000000000066e-02	-5.244461862664473450e-01	-3.730741802014802544e-01
2.344999999999999862e-02	-5.451981393914473450e-01	-3.926054302014802544e-01
2.350000000000000006e-02	-5.464188425164473450e-01	-3.926054302014802544e-01
2.355000000000000149e-02	-5.683914987664473450e-01	-4.096952739514802544e-01
2.359999999999999945e-02	-5.696122018914473450e-01	-4.121366802014802544e-01
2.365000000000000088e-02	-5.940262643914473450e-01	-4.316679302014802544e-01
2.369999999999999885e-02	-5.940262643914473450e-01	-4.316679302014802544e-01
2.375000000000000028e-02	-6.159989206414473450e-01	-4.487577739514802544e-01
2.380000000000000171e-02	-6.184403268914473450e-01	-4.487577739514802544e-01
2.384999999999999967e-02	-6.391922800164473450e-01	-4.682890239514802544e-01
2.390000000000000110e-02	-6.416336862664473450e-01	-4.658476177014802544e-01
2.394999999999999907e-02	-6.623856393914473450e-01	-4.878202739514802544e-01
2.400000000000000050e-02	-6.648270456414473450e-01	-4.878202739514802544e-01
2.404999999999999846e-02	-6.867997018914473450e-01	-5.097929302014801989e-01
2.409999999999999989e-02	-6.880204050164473450e-01	-5.049101177014801989e-01
2.415000000000000133e-02	-7.112137643914473450e-01	-5.268827739514801989e-01
2.419999999999999929e-02	-7.124344675164473450e-01	-5.268827739514801989e-01
2.425000000000000072e-02	-7.319657175164473450e-01	-5.488554302014801989e-01
2.429999999999999868e-02	-7.344071237664473450e-01	-5.464140239514801989e-01
2.435000000000000012e-02	-7.563797800164473450e-01	-5.659452739514801989e-01
2.440000000000000155e-02	-7.576004831414473450e-01	-5.635038677014801989e-01
2.444999999999999951e-02	-7.807938425164473450e-01	-5.854765239514801989e-01
2.450000000000000094e-02	-7.820145456414473450e-01	-5.854765239514801989e-01
2.454999999999999891e-02	-8.039872018914473450e-01	-6.050077739514801989e-01
2.460000000000000034e-02	-8.052079050164473450e-01	-6.025663677014801989e-01
2.464999999999999830e-02	-8.284012643914473450e-01	-6.245390239514801989e-01
2.469999999999999973e-02	-8.284012643914473450e-01	-6.220976177014801989e-01
2.475000000000000117e-02	-8.503739206414473450e-01	-6.416288677014803099e-01
2.479999999999999913e-02	-8.515946237664473450e-01	-6.416288677014803099e-01
2.485000000000000056e-02	-8.735672800164473450e-01	-6.611601177014803099e-01
2.489999999999999852e-02	-8.747879831414473450e-01	-6.611601177014803099e-01
2.494999999999999996e-02	-8.955399362664473450e-01	-6.782499614514803099e-01
2.500000000000000139e-02	-8.979813425164473450e-01	-6.806913677014803099e-01
2.504999999999999935e-02	-9.187332956414473450e-01	-7.002226177014803099e-01
2.510000000000000078e-02	-9.199539987664473450e-01	-7.002226177014803099e-01
2.514999999999999875e-02	-9.419266550164473450e-01	-7.173124614514803099e-01
2.520000000000000018e-02	-9.419266550164473450e-01	-7.173124614514803099e-01
2.525000000000000161e-02	-9.651200143914473450e-01	-7.392851177014803099e-01
2.529999999999999957e-02	-9.663407175164473450e-01	-7.368437114514803099e-01
2.535000000000000100e-02	-9.883133737664473450e-01	-7.588163677014803099e-01
2.539999999999999897e-02	-9.895340768914473450e-01	-7.563749614514803099e-01
2.545000000000000040e-02	-1.012727436266447345e+00	-7.783476177014803099e-01
2.549999999999999836e-02	-1.013948139391447345e+00	-7.759062114514803099e-01
2.554999999999999979e-02	-1.033479389391447345e+00	-7.978788677014803099e-01
2.560000000000000123e-02	-1.035920795641447345e+00	-7.954374614514803099e-01
2.564999999999999919e-02	-1.057893451891447345e+00	-8.149687114514803099e-01
2.570000000000000062e-02	-1.056672748766447345e+00	-8.125273052014803099e-01
2.574999999999999858e-02	-1.078645405016447345e+00	-8.344999614514803099e-01
2.580000000000000002e-02	-1.081086811266447345e+00	-8.344999614514803099e-01
2.585000000000000145e-02	-1.100618061266447345e+00	-8.540312114514803099e-01
2.589999999999999941e-02	-1.104280170641447345e+00	-8.515898052014803099e-01
2.595000000000000084e-02	-1.123811420641447345e+00	-8.735624614514803099e-01
2.599999999999999881e-02	-1.125032123766447345e+00	-8.735624614514803099e-01
2.605000000000000024e-02	-1.148225483141447345e+00	-8.930937114514803099e-01
2.610000000000000167e-02	-1.148225483141447345e+00	-8.906523052014803099e-01
2.614999999999999963e-02	-1.168977436266447345e+00	-9.126249614514803099e-01
2.620000000000000107e-02	-1.172639545641447345e+00	-9.101835552014803099e-01
2.624999999999999903e-02	-1.192170795641447345e+00	-9.297148052014803099e-01
2.630000000000000046e-02	-1.194612201891447345e+00	-9.297148052014803099e-01
2.634999999999999842e-02	-1.215364155016447345e+00	-9.492460552014803099e-01
2.639999999999999986e-02	-1.216584858141447345e+00	-9.516874614514803099e-01
2.645000000000000129e-02	-1.237336811266447345e+00	-9.687773052014803099e-01
2.649999999999999925e-02	-1.239778217516447345e+00	-9.712187114514803099e-01
2.655000000000000068e-02	-1.259309467516447345e+00	-9.907499614514803099e-01
2.659999999999999865e-02	-1.261750873766447345e+00	-9.883085552014803099e-01
2.665000000000000008e-02	-1.281282123766447345e+00	-1.007839805201480310e+00
2.670000000000000151e-02	-1.283723530016447345e+00	-1.007839805201480310e+00
2.674999999999999947e-02	-1.305696186266447345e+00	-1.027371055201480310e+00
2.680000000000000090e-02	-1.305696186266447345e+00	-1.027371055201480310e+00
2.684999999999999887e-02	-1.326448139391447345e+00	-1.046902305201480310e+00
2.690000000000000030e-02	-1.328889545641447345e+00	-1.044460898951480310e+00
2.695000000000000173e-02	-1.350862201891447345e+00	-1.068874961451480310e+00
2.699999999999999969e-02	-1.350862201891447345e+00	-1.063992148951480310e+00
2.705000000000000113e-02	-1.371614155016447345e+00	-1.083523398951480310e+00
2.709999999999999909e-02	-1.374055561266447345e+00	-1.085964805201480310e+00
2.715000000000000052e-02	-1.393586811266447345e+00	-1.103054648951480310e+00
2.719999999999999848e-02	-1.396028217516447345e+00	-1.103054648951480310e+00
2.724999999999999992e-02	-1.415559467516447345e+00	-1.122585898951480310e+00
2.730000000000000135e-02	-1.416780170641447345e+00	-1.122585898951480310e+00
2.734999999999999931e-02	-1.437532123766447345e+00	-1.137234336451480310e+00
2.740000000000000074e-02	-1.438752826891447345e+00	-1.110378867701480310e+00
2.744999999999999871e-02	-1.457063373766447345e+00	-1.129910117701480310e+00
2.750000000000000014e-02	-1.458284076891447345e+00	-1.090847617701480310e+00
2.755000000000000157e-02	-1.468049701891447345e+00	-1.110378867701480310e+00
2.759999999999999953e-02	-1.441194233141447345e+00	-1.071316367701480310e+00
2.765000000000000097e-02	-1.465608295641447345e+00	-1.090847617701480310e+00
2.769999999999999893e-02	-1.388703998766447345e+00	-1.051785117701480310e+00
2.775000000000000036e-02	-1.436311420641447345e+00	-1.071316367701480310e+00
2.779999999999999832e-02	-1.327668842516447345e+00	-1.034695273951480310e+00
2.784999999999999976e-02	-1.383821186266447345e+00	-1.054226523951480310e+00
2.790000000000000119e-02	-1.280061420641447345e+00	-1.015164023951480310e+00
2.794999999999999915e-02	-1.321565326891447345e+00	-1.032253867701480310e+00
2.800000000000000058e-02	-1.248323139391447345e+00	-9.956327739514803099e-01
2.804999999999999855e-02	-1.278840717516447345e+00	-1.017605430201480310e+00
2.809999999999999998e-02	-1.230012592516447345e+00	-9.761015239514803099e-01
2.815000000000000141e-02	-1.248323139391447345e+00	-9.980741802014803099e-01
2.819999999999999937e-02	-1.216584858141447345e+00	-9.590116802014803099e-01
2.825000000000000080e-02	-1.230012592516447345e+00	-9.785429302014803099e-01
2.829999999999999877e-02	-1.204377826891447345e+00	-9.394804302014803099e-01
2.835000000000000020e-02	-1.216584858141447345e+00	-9.614530864514803099e-01
2.840000000000000163e-02	-1.187287983141447345e+00	-9.175077739514803099e-01
2.844999999999999959e-02	-1.205598530016447345e+00	-9.419218364514803099e-01
2.850000000000000103e-02	-1.162873920641447345e+00	-9.028593364514803099e-01
2.854999999999999899e-02	-1.187287983141447345e+00	-9.199491802014803099e-01
2.860000000000000042e-02	-1.131135639391447345e+00	-8.833280864514803099e-01
2.864999999999999838e-02	-1.160432514391447345e+00	-9.028593364514803099e-01
2.869999999999999982e-02	-1.096955951891447345e+00	-8.662382427014803099e-01
2.875000000000000125e-02	-1.126252826891447345e+00	-8.833280864514803099e-01
2.879999999999999921e-02	-1.065217670641447345e+00	-8.442655864514803099e-01
2.885000000000000064e-02	-1.094514545641447345e+00	-8.637968364514803099e-01
2.889999999999999861e-02	-1.037141498766447345e+00	-8.247343364514803099e-01
2.895000000000000004e-02	-1.062776264391447345e+00	-8.467069927014803099e-01
2.900000000000000147e-02	-1.012727436266447345e+00	-8.052030864514803099e-01
2.904999999999999943e-02	-1.037141498766447345e+00	-8.271757427014803099e-01
2.910000000000000087e-02	-9.907547800164473450e-01	-7.881132427014803099e-01
2.914999999999999883e-02	-1.011506733141447345e+00	-8.076444927014803099e-01
2.920000000000000026e-02	-9.700028268914473450e-01	-7.661405864514803099e-01
2.925000000000000169e-02	-9.883133737664473450e-01	-7.881132427014803099e-01
2.929999999999999966e-02	-9.455887643914473450e-01	-7.490507427014803099e-01
2.935000000000000109e-02	-9.663407175164473450e-01	-7.685819927014803099e-01
2.939999999999999905e-02	-9.175125925164473450e-01	-7.295194927014803099e-01
2.945000000000000048e-02	-9.419266550164473450e-01	-7.514921489514803099e-01
2.949999999999999845e-02	-8.918778268914473450e-01	-7.099882427014803099e-01
2.954999999999999988e-02	-9.162918893914473450e-01	-7.319608989514803099e-01
2.960000000000000131e-02	-8.638016550164473450e-01	-6.928983989514803099e-01
2.964999999999999927e-02	-8.882157175164473450e-01	-7.099882427014803099e-01
2.970000000000000070e-02	-8.369461862664473450e-01	-6.733671489514803099e-01
2.974999999999999867e-02	-8.613602487664473450e-01	-6.953398052014803099e-01
2.980000000000000010e-02	-8.088700143914473450e-01	-6.513944927014803099e-01
2.985000000000000153e-02	-8.345047800164473450e-01	-6.758085552014803099e-01
2.989999999999999949e-02	-7.844559518914473450e-01	-6.343046489514803099e-01
2.995000000000000093e-02	-8.064286081414473450e-01	-6.562773052014803099e-01
2.999999999999999889e-02	-7.576004831414473450e-01	-6.147733989514801989e-01
3.005000000000000032e-02	-7.832352487664473450e-01	-6.343046489514803099e-01
3.009999999999999828e-02	-7.331864206414473450e-01	-5.952421489514801989e-01
3.014999999999999972e-02	-7.576004831414473450e-01	-6.172148052014801989e-01
3.020000000000000115e-02	-7.087723581414473450e-01	-5.781523052014801989e-01
3.024999999999999911e-02	-7.319657175164473450e-01	-5.976835552014801989e-01
3.030000000000000054e-02	-6.831375925164473450e-01	-5.561796489514801989e-01
3.034999999999999851e-02	-7.075516550164473450e-01	-5.781523052014801989e-01
3.039999999999999994e-02	-6.587235300164473450e-01	-5.366483989514801989e-01
3.045000000000000137e-02	-6.806961862664473450e-01	-5.586210552014801989e-01
3.049999999999999933e-02	-6.318680612664473450e-01	-5.171171489514801989e-01
3.055000000000000077e-02	-6.562821237664473450e-01	-5.390898052014801989e-01
3.059999999999999873e-02	-6.050125925164473450e-01	-5.000273052014801989e-01
3.065000000000000016e-02	-6.294266550164473450e-01	-5.195585552014801989e-01
3.070000000000000159e-02	-5.781571237664473450e-01	-4.829374614514802544e-01
3.074999999999999956e-02	-6.037918893914473450e-01	-5.000273052014801989e-01
3.080000000000000099e-02	-5.537430612664473450e-01	-4.609648052014802544e-01
3.084999999999999895e-02	-5.769364206414473450e-01	-4.804960552014802544e-01
3.090000000000000038e-02	-5.268875925164473450e-01	-4.414335552014802544e-01
3.094999999999999835e-02	-5.500809518914473450e-01	-4.634062114514802544e-01
3.099999999999999978e-02	-5.024735300164473450e-01	-4.219023052014802544e-01
3.105000000000000121e-02	-5.256668893914473450e-01	-4.414335552014802544e-01
3.109999999999999917e-02	-4.756180612664473450e-01	-4.048124614514802544e-01
3.115000000000000061e-02	-5.012528268914473450e-01	-4.243437114514802544e-01
3.119999999999999857e-02	-4.524247018914473450e-01	-3.852812114514802544e-01
3.125000000000000000e-02	-4.756180612664473450e-01	-4.048124614514802544e-01
3.130000000000000143e-02	-4.267899362664473450e-01	-3.657499614514802544e-01
3.135000000000000286e-02	-4.499832956414473450e-01	-3.852812114514802544e-01
3.139999999999999736e-02	-4.011551706414473450e-01	-3.462187114514802544e-01
3.144999999999999879e-02	-4.243485300164473450e-01	-3.681913677014802544e-01
3.150000000000000022e-02	-3.755204050164473450e-01	-3.266874614514802544e-01
3.155000000000000165e-02	-3.999344675164473450e-01	-3.486601177014802544e-01
3.160000000000000309e-02	-3.486649362664473450e-01	-3.071562114514802544e-01
3.164999999999999758e-02	-3.730789987664473450e-01	-3.291288677014802544e-01
3.169999999999999901e-02	-3.254715768914473450e-01	-2.900663677014802544e-01
3.175000000000000044e-02	-3.498856393914473450e-01	-3.095976177014802544e-01
3.180000000000000188e-02	-2.973954050164474006e-01	-2.680937114514802544e-01
3.185000000000000331e-02	-3.218094675164473450e-01	-2.925077739514802544e-01
3.189999999999999780e-02	-2.742020456414474006e-01	-2.485624614514802821e-01
3.194999999999999923e-02	-2.986161081414474006e-01	-2.705351177014802544e-01
3.200000000000000067e-02	-2.485672800164473728e-01	-2.314726177014802821e-01
3.205000000000000210e-02	-2.717606393914474006e-01	-2.510038677014802544e-01
3.209999999999999659e-02	-2.241532175164473728e-01	-2.119413677014802821e-01
3.214999999999999802e-02	-2.461258737664473728e-01	-2.314726177014802821e-01
3.219999999999999946e-02	-1.985184518914473728e-01	-1.924101177014802821e-01
3.225000000000000089e-02	-2.217118112664473728e-01	-2.119413677014802821e-01
3.230000000000000232e-02	-1.716629831414473728e-01	-1.704374614514802821e-01
3.234999999999999681e-02	-1.960770456414473728e-01	-1.924101177014802821e-01
3.239999999999999825e-02	-1.472489206414473728e-01	-1.557890239514802544e-01
3.244999999999999968e-02	-1.704422800164473728e-01	-1.728788677014802821e-01
3.250000000000000111e-02	-1.228348581414473589e-01	-1.338163677014802544e-01
3.255000000000000254e-02	-1.472489206414473728e-01	-1.557890239514802544e-01
3.259999999999999704e-02	-9.842079564144735893e-02	-1.142851177014802544e-01
3.264999999999999847e-02	-1.203934518914473589e-01	-1.338163677014802544e-01
3.269999999999999990e-02	-7.400673314144735893e-02	-9.719527395148025439e-02
3.275000000000000133e-02	-9.720009251644735893e-02	-1.167265239514802544e-01
3.280000000000000276e-02	-4.715126439144735893e-02	-7.766402395148025439e-02
3.284999999999999726e-02	-7.156532689144735893e-02	-9.719527395148025439e-02
3.289999999999999869e-02	-2.517860814144736586e-02	-5.813277395148025439e-02
3.295000000000000012e-02	-4.593056126644735893e-02	-7.766402395148025439e-02
3.300000000000000155e-02	1.676860608552633268e-03	-3.860152395148026133e-02
3.305000000000000299e-02	-2.151649876644736586e-02	-6.057418020148025439e-02
3.309999999999999748e-02	2.609092310855263414e-02	-1.907027395148026133e-02
3.314999999999999891e-02	4.118266858552633268e-03	-4.104293020148025439e-02
3.320000000000000034e-02	5.050498560855264107e-02	-1.980430201480262199e-03
3.325000000000000178e-02	2.853232935855263414e-02	-2.151168020148026133e-02
3.330000000000000321e-02	7.369834498355264107e-02	1.755081979851973867e-02
3.334999999999999770e-02	5.172568873355264107e-02	-1.980430201480262199e-03
3.339999999999999913e-02	9.689170435855264107e-02	3.464066354851973867e-02
3.345000000000000057e-02	7.736045435855264107e-02	1.755081979851973867e-02
3.350000000000000200e-02	1.225264699835526411e-01	5.417191354851974561e-02
3.355000000000000343e-02	9.933311060855264107e-02	3.464066354851973867e-02
3.359999999999999792e-02	1.481612356085526272e-01	7.370316354851974561e-02
3.364999999999999936e-02	1.249678762335526411e-01	5.417191354851974561e-02
3.370000000000000079e-02	1.713545949835526272e-01	9.323441354851974561e-02
3.375000000000000222e-02	1.493819387335526272e-01	7.126175729851974561e-02
3.379999999999999671e-02	1.969893606085526272e-01	1.103242572985197456e-01
3.384999999999999815e-02	1.737960012335526272e-01	9.323441354851974561e-02
3.389999999999999958e-02	2.201827199835526272e-01	1.322969135485197456e-01
3.395000000000000101e-02	1.982100637335526272e-01	1.127656635485197456e-01
3.400000000000000244e-02	2.445967824835526272e-01	1.518281635485197456e-01
3.404999999999999694e-02	2.226241262335526272e-01	1.274141010485197456e-01
3.409999999999999837e-02	2.690108449835525994e-01	1.689180072985197179e-01
3.414999999999999980e-02	2.470381887335526272e-01	1.518281635485197456e-01
3.420000000000000123e-02	2.946456106085525994e-01	1.908906635485197179e-01
3.425000000000000266e-02	2.714522512335525994e-01	1.713594135485197179e-01
3.429999999999999716e-02	3.190596731085526550e-01	2.104219135485197179e-01
3.434999999999999859e-02	2.958663137335525994e-01	1.884492572985197179e-01
3.440000000000000002e-02	3.434737356085526550e-01	2.275117572985197179e-01
3.445000000000000145e-02	3.202803762335526550e-01	2.055391010485197179e-01
3.450000000000000289e-02	3.678877981085526550e-01	2.494844135485197179e-01
3.454999999999999738e-02	3.446944387335526550e-01	2.275117572985197179e-01
3.459999999999999881e-02	3.910811574835526550e-01	2.665742572985197456e-01
3.465000000000000024e-02	3.691085012335526550e-01	2.470430072985197179e-01
3.470000000000000168e-02	4.154952199835526550e-01	2.836641010485197456e-01
3.475000000000000311e-02	3.935225637335526550e-01	2.665742572985197456e-01
3.479999999999999760e-02	4.399092824835526550e-01	3.056367572985197456e-01
3.484999999999999903e-02	4.179366262335526550e-01	2.861055072985197456e-01
3.490000000000000047e-02	4.643233449835526550e-01	3.251680072985197456e-01
3.495000000000000190e-02	4.423506887335526550e-01	3.031953510485197456e-01
3.500000000000000333e-02	4.875167043585526550e-01	3.446992572985197456e-01
3.504999999999999782e-02	4.655440481085526550e-01	3.202851947985197456e-01
3.509999999999999926e-02	5.107100637335526550e-01	3.617891010485197456e-01
3.515000000000000069e-02	4.887374074835526550e-01	3.422578510485197456e-01
3.520000000000000212e-02	5.339034231085526550e-01	3.813203510485197456e-01
3.524999999999999661e-02	5.131514699835526550e-01	3.617891010485197456e-01
3.529999999999999805e-02	5.583174856085526550e-01	4.008516010485197456e-01
3.534999999999999948e-02	5.363448293585526550e-01	3.813203510485197456e-01
3.540000000000000091e-02	5.839522512335526550e-01	4.179414447985197456e-01
3.545000000000000234e-02	5.595381887335526550e-01	3.984101947985197456e-01
3.549999999999999684e-02	6.059249074835526550e-01	4.399141010485197456e-01
3.554999999999999827e-02	5.839522512335526550e-01	4.203828510485197456e-01
3.559999999999999970e-02	6.303389699835526550e-01	4.594453510485197456e-01
3.565000000000000113e-02	6.095870168585526550e-01	4.374726947985197456e-01
3.570000000000000256e-02	6.535323293585526550e-01	4.765351947985197456e-01
3.574999999999999706e-02	6.315596731085526550e-01	4.570039447985197456e-01
3.579999999999999849e-02	6.779463918585526550e-01	4.985078510485197456e-01
3.584999999999999992e-02	6.559737356085526550e-01	4.765351947985197456e-01
3.590000000000000135e-02	6.999190481085526550e-01	5.155976947985198011e-01
3.595000000000000279e-02	6.791670949835526550e-01	4.960664447985197456e-01
3.599999999999999728e-02	7.243331106085526550e-01	5.375703510485198011e-01
3.604999999999999871e-02	7.023604543585526550e-01	5.131562885485198011e-01
3.610000000000000014e-02	7.499678762335526550e-01	5.546601947985198011e-01
3.615000000000000158e-02	7.255538137335526550e-01	5.351289447985198011e-01
3.620000000000000301e-02	7.719405324835526550e-01	5.717500385485198011e-01
3.624999999999999750e-02	7.499678762335526550e-01	5.522187885485198011e-01
3.629999999999999893e-02	7.951338918585526550e-01	5.937226947985198011e-01
3.635000000000000037e-02	7.731612356085526550e-01	5.717500385485198011e-01
3.640000000000000180e-02	8.183272512335526550e-01	6.132539447985198011e-01
3.645000000000000323e-02	7.975752981085526550e-01	5.912812885485198011e-01
3.649999999999999772e-02	8.427413137335526550e-01	6.327851947985196901e-01
3.654999999999999916e-02	8.207686574835526550e-01	6.108125385485198011e-01
3.660000000000000059e-02	8.647139699835526550e-01	6.498750385485196901e-01
3.665000000000000202e-02	8.439620168585526550e-01	6.303437885485196901e-01
3.670000000000000345e-02	8.879073293585526550e-01	6.694062885485196901e-01
3.674999999999999795e-02	8.659346731085526550e-01	6.498750385485196901e-01
3.679999999999999938e-02	9.111006887335526550e-01	6.913789447985196901e-01
3.685000000000000081e-02	8.903487356085526550e-01	6.694062885485196901e-01
3.690000000000000224e-02	9.355147512335526550e-01	7.084687885485196901e-01
3.694999999999999674e-02	9.135420949835526550e-01	6.889375385485196901e-01
3.699999999999999817e-02	9.574874074835526550e-01	7.280000385485196901e-01
3.704999999999999960e-02	9.379561574835526550e-01	7.084687885485196901e-01
3.710000000000000103e-02	9.819014699835526550e-01	7.450898822985196901e-01
3.715000000000000246e-02	9.611495168585526550e-01	7.255586322985196901e-01
3.719999999999999696e-02	1.003874126233552655e+00	7.646211322985196901e-01
3.724999999999999839e-02	9.819014699835526550e-01	7.450898822985196901e-01
3.729999999999999982e-02	1.025846782483552655e+00	7.865937885485196901e-01
3.735000000000000125e-02	1.007536235608552655e+00	7.646211322985196901e-01
3.740000000000000269e-02	1.049040141858552655e+00	8.061250385485196901e-01
3.744999999999999718e-02	1.029508891858552655e+00	7.841523822985196901e-01
3.749999999999999861e-02	1.073454204358552655e+00	8.232148822985196901e-01
3.755000000000000004e-02	1.051481548108552655e+00	8.036836322985196901e-01
3.760000000000000148e-02	1.097868266858552655e+00	8.427461322985196901e-01
3.765000000000000291e-02	1.074674907483552655e+00	8.232148822985196901e-01
3.769999999999999740e-02	1.118620219983552655e+00	8.622773822985196901e-01
3.774999999999999883e-02	1.099088969983552655e+00	8.403047260485196901e-01
3.780000000000000027e-02	1.143034282483552655e+00	8.818086322985196901e-01
3.785000000000000170e-02	1.121061626233552655e+00	8.622773822985196901e-01
3.790000000000000313e-02	1.165006938733552655e+00	9.013398822985196901e-01
3.794999999999999762e-02	1.144254985608552655e+00	8.793672260485196901e-01
3.799999999999999906e-02	1.188200298108552655e+00	9.184297260485196901e-01
3.805000000000000049e-02	1.166227641858552655e+00	8.988984760485196901e-01
3.810000000000000192e-02	1.208952251233552655e+00	9.379609760485196901e-01
3.815000000000000335e-02	1.190641704358552655e+00	9.184297260485196901e-01
3.819999999999999785e-02	1.234587016858552655e+00	9.574922260485196901e-01
3.824999999999999928e-02	1.212614360608552655e+00	9.379609760485196901e-01
3.830000000000000071e-02	1.256559673108552655e+00	9.770234760485196901e-01
3.835000000000000214e-02	1.235807719983552655e+00	9.550508197985196901e-01
3.839999999999999664e-02	1.277311626233552655e+00	9.941133197985196901e-01
3.844999999999999807e-02	1.257780376233552655e+00	9.770234760485196901e-01
3.849999999999999950e-02	1.301725688733552655e+00	1.016085976048519690e+00
3.855000000000000093e-02	1.280973735608552655e+00	9.965547260485196901e-01
3.860000000000000236e-02	1.324919048108552655e+00	1.035617226048519690e+00
3.864999999999999686e-02	1.304167094983552655e+00	1.016085976048519690e+00
3.869999999999999829e-02	1.345671001233552655e+00	1.052707069798519690e+00
3.874999999999999972e-02	1.324919048108552655e+00	1.033175819798519690e+00
3.880000000000000115e-02	1.366422954358552655e+00	1.072238319798519690e+00
3.885000000000000259e-02	1.348112407483552655e+00	1.052707069798519690e+00
3.889999999999999708e-02	1.389616313733552655e+00	1.094210976048519690e+00
3.894999999999999851e-02	1.370085063733552655e+00	1.074679726048519690e+00
3.899999999999999994e-02	1.411588969983552655e+00	1.111300819798519690e+00
3.905000000000000138e-02	1.390837016858552655e+00	1.091769569798519690e+00
3.910000000000000281e-02	1.434782329358552655e+00	1.130832069798519690e+00
3.914999999999999730e-02	1.414030376233552655e+00	1.111300819798519690e+00
3.919999999999999873e-02	1.457975688733552655e+00	1.150363319798519690e+00
3.925000000000000017e-02	1.436003032483552655e+00	1.128390663548519690e+00
3.930000000000000160e-02	1.479948344983552655e+00	1.169894569798519690e+00
3.935000000000000303e-02	1.457975688733552655e+00	1.150363319798519690e+00
3.939999999999999752e-02	1.501921001233552655e+00	1.189425819798519690e+00
3.944999999999999896e-02	1.481169048108552655e+00	1.167453163548519690e+00
3.950000000000000039e-02	1.522672954358552655e+00	1.201632851048519690e+00
3.955000000000000182e-02	1.501921001233552655e+00	1.184543007298519690e+00
3.960000000000000325e-02	1.543424907483552655e+00	1.194308632298519690e+00
3.964999999999999775e-02	1.526335063733552655e+00	1.172335976048519690e+00
3.969999999999999918e-02	1.551969829358552655e+00	1.174777382298519690e+00
3.975000000000000061e-02	1.542204204358552655e+00	1.152804726048519690e+00
3.980000000000000204e-02	1.545866313733552655e+00	1.152804726048519690e+00
3.984999999999999654e-02	1.519010844983552655e+00	1.135714882298519690e+00
3.989999999999999797e-02	1.515348735608552655e+00	1.135714882298519690e+00
3.994999999999999940e-02	1.462858501233552655e+00	1.116183632298519690e+00
4.000000000000000083e-02	1.455534282483552655e+00	1.116183632298519690e+00
4.005000000000000226e-02	1.401823344983552655e+00	1.096652382298519690e+00
4.009999999999999676e-02	1.396940532483552655e+00	1.096652382298519690e+00
4.014999999999999819e-02	1.357878032483552655e+00	1.079562538548519690e+00
4.019999999999999962e-02	1.355436626233552655e+00	1.079562538548519690e+00
4.025000000000000105e-02	1.329801860608552655e+00	1.060031288548519690e+00
4.030000000000000249e-02	1.328581157483552655e+00	1.062472694798519690e+00
4.034999999999999698e-02	1.313932719983552655e+00	1.040500038548519690e+00
4.039999999999999841e-02	1.313932719983552655e+00	1.042941444798519690e+00
4.044999999999999984e-02	1.301725688733552655e+00	1.020968788548519690e+00
4.050000000000000128e-02	1.301725688733552655e+00	1.020968788548519690e+00
4.055000000000000271e-02	1.289518657483552655e+00	1.001437538548519690e+00
4.059999999999999720e-02	1.288297954358552655e+00	1.001437538548519690e+00
4.064999999999999863e-02	1.272428813733552655e+00	9.843476947985196901e-01
4.070000000000000007e-02	1.269987407483552655e+00	9.843476947985196901e-01
4.075000000000000150e-02	1.241911235608552655e+00	9.648164447985196901e-01
4.080000000000000293e-02	1.239469829358552655e+00	9.648164447985196901e-01
4.084999999999999742e-02	1.208952251233552655e+00	9.452851947985196901e-01
4.089999999999999886e-02	1.206510844983552655e+00	9.452851947985196901e-01
4.095000000000000029e-02	1.175993266858552655e+00	9.257539447985196901e-01
4.100000000000000172e-02	1.172331157483552655e+00	9.281953510485196901e-01
4.105000000000000315e-02	1.145475688733552655e+00	9.086641010485196901e-01
4.109999999999999765e-02	1.143034282483552655e+00	9.086641010485196901e-01
4.114999999999999908e-02	1.117399516858552655e+00	8.891328510485196901e-01
4.120000000000000051e-02	1.116178813733552655e+00	8.891328510485196901e-01
4.125000000000000194e-02	1.095426860608552655e+00	8.696016010485196901e-01
4.130000000000000338e-02	1.092985454358552655e+00	8.720430072985196901e-01
4.134999999999999787e-02	1.073454204358552655e+00	8.500703510485196901e-01
4.139999999999999930e-02	1.072233501233552655e+00	8.500703510485196901e-01
4.145000000000000073e-02	1.050260844983552655e+00	8.305391010485196901e-01
4.150000000000000216e-02	1.046598735608552655e+00	8.329805072985196901e-01
4.154999999999999666e-02	1.025846782483552655e+00	8.110078510485196901e-01
4.159999999999999809e-02	1.024626079358552655e+00	8.134492572985196901e-01
4.164999999999999952e-02	9.989913137335526550e-01	7.914766010485196901e-01
4.170000000000000095e-02	9.977706106085526550e-01	7.963594135485196901e-01
4.175000000000000239e-02	9.733565481085526550e-01	7.719453510485196901e-01
4.179999999999999688e-02	9.696944387335526550e-01	7.743867572985196901e-01
4.184999999999999831e-02	9.440596731085526550e-01	7.548555072985196901e-01
4.189999999999999974e-02	9.416182668585526550e-01	7.572969135485196901e-01
4.195000000000000118e-02	9.184249074835526550e-01	7.353242572985196901e-01
4.200000000000000261e-02	9.147627981085526550e-01	7.377656635485196901e-01
4.204999999999999710e-02	8.903487356085526550e-01	7.182344135485196901e-01
4.209999999999999853e-02	8.891280324835526550e-01	7.182344135485196901e-01
4.214999999999999997e-02	8.671553762335526550e-01	6.962617572985196901e-01
4.220000000000000140e-02	8.622725637335526550e-01	6.987031635485196901e-01
4.225000000000000283e-02	8.415206106085526550e-01	6.767305072985196901e-01
4.229999999999999732e-02	8.390792043585526550e-01	6.791719135485196901e-01
4.234999999999999876e-02	8.146651418585526550e-01	6.596406635485196901e-01
4.240000000000000019e-02	8.158858449835526550e-01	6.596406635485196901e-01
4.245000000000000162e-02	7.902510793585526550e-01	6.401094135485196901e-01
4.250000000000000305e-02	7.890303762335526550e-01	6.401094135485196901e-01
4.254999999999999755e-02	7.646163137335526550e-01	6.181367572985198011e-01
4.259999999999999898e-02	7.633956106085526550e-01	6.254609760485196901e-01
4.265000000000000041e-02	7.389815481085526550e-01	6.010469135485198011e-01
4.270000000000000184e-02	7.365401418585526550e-01	6.034883197985198011e-01
4.275000000000000328e-02	7.121260793585526550e-01	5.839570697985198011e-01
4.279999999999999777e-02	7.109053762335526550e-01	5.839570697985198011e-01
4.284999999999999920e-02	6.877120168585526550e-01	5.644258197985198011e-01
4.290000000000000063e-02	6.840499074835526550e-01	5.644258197985198011e-01
4.295000000000000207e-02	6.608565481085526550e-01	5.448945697985198011e-01
4.299999999999999656e-02	6.584151418585526550e-01	5.473359760485198011e-01
4.304999999999999799e-02	6.364424856085526550e-01	5.253633197985198011e-01
4.309999999999999942e-02	6.327803762335526550e-01	5.278047260485198011e-01
4.315000000000000085e-02	6.095870168585526550e-01	5.058320697985198011e-01
4.320000000000000229e-02	6.083663137335526550e-01	5.082734760485198011e-01
4.324999999999999678e-02	5.851729543585526550e-01	4.863008197985197456e-01
4.329999999999999821e-02	5.827315481085526550e-01	4.863008197985197456e-01
4.334999999999999964e-02	5.595381887335526550e-01	4.692109760485197456e-01
4.340000000000000108e-02	5.570967824835526550e-01	4.692109760485197456e-01
4.345000000000000251e-02	5.351241262335526550e-01	4.496797260485197456e-01
4.349999999999999700e-02	5.326827199835526550e-01	4.496797260485197456e-01
4.354999999999999843e-02	5.082686574835526550e-01	4.277070697985197456e-01
4.359999999999999987e-02	5.070479543585526550e-01	4.325898822985197456e-01
4.365000000000000130e-02	4.838545949835526550e-01	4.106172260485197456e-01
4.370000000000000273e-02	4.814131887335526550e-01	4.130586322985197456e-01
4.374999999999999722e-02	4.582198293585526550e-01	3.935273822985197456e-01
4.379999999999999866e-02	4.557784231085526550e-01	3.910859760485197456e-01
4.385000000000000009e-02	4.325850637335526550e-01	3.715547260485197456e-01
4.390000000000000152e-02	4.301436574835526550e-01	3.739961322985197456e-01
4.395000000000000295e-02	4.069502981085526550e-01	3.544648822985197456e-01
4.399999999999999745e-02	4.069502981085526550e-01	3.544648822985197456e-01
4.404999999999999888e-02	3.825362356085526550e-01	3.349336322985197456e-01
4.410000000000000031e-02	3.800948293585526550e-01	3.349336322985197456e-01
4.415000000000000174e-02	3.569014699835526550e-01	3.154023822985197456e-01
4.420000000000000318e-02	3.556807668585526550e-01	3.154023822985197456e-01
4.424999999999999767e-02	3.312667043585526550e-01	2.958711322985197456e-01
4.429999999999999910e-02	3.300460012335526550e-01	2.983125385485197456e-01
4.435000000000000053e-02	3.068526418585525994e-01	2.738984760485197456e-01
4.440000000000000197e-02	3.044112356085525994e-01	2.787812885485197456e-01
4.445000000000000340e-02	2.824385793585525994e-01	2.568086322985197456e-01
4.449999999999999789e-02	2.799971731085525994e-01	2.568086322985197456e-01
4.454999999999999932e-02	2.568038137335525994e-01	2.372773822985197179e-01
4.460000000000000075e-02	2.543624074835525994e-01	2.397187885485197179e-01
4.465000000000000219e-02	2.311690481085526272e-01	2.177461322985197179e-01
4.469999999999999668e-02	2.299483449835526272e-01	2.201875385485197179e-01
4.474999999999999811e-02	2.055342824835526272e-01	2.006562885485197179e-01
4.479999999999999954e-02	2.055342824835526272e-01	2.006562885485197179e-01
4.485000000000000098e-02	1.798995168585526272e-01	1.786836322985197179e-01
4.490000000000000241e-02	1.786788137335526272e-01	1.811250385485197179e-01
4.494999999999999690e-02	1.554854543585526272e-01	1.615937885485197179e-01
4.499999999999999833e-02	1.542647512335526272e-01	1.615937885485197179e-01
4.504999999999999977e-02	1.310713918585526272e-01	1.396211322985197456e-01
4.510000000000000120e-02	1.286299856085526272e-01	1.396211322985197456e-01
4.515000000000000263e-02	1.078780324835526411e-01	1.225312885485197456e-01
4.519999999999999712e-02	1.042159231085526411e-01	1.225312885485197456e-01
4.524999999999999856e-02	7.980186060855264107e-02	1.005586322985197456e-01
4.529999999999999999e-02	7.858115748355264107e-02	1.030000385485197456e-01
4.535000000000000142e-02	5.538779810855264107e-02	8.346878854851974561e-02
4.540000000000000285e-02	5.538779810855264107e-02	8.346878854851974561e-02
4.544999999999999735e-02	3.219443873355263414e-02	6.393753854851974561e-02
4.549999999999999878e-02	3.219443873355263414e-02	6.393753854851974561e-02
4.555000000000000021e-02	7.780376233552633268e-03	4.196488229851974561e-02
4.560000000000000164e-02	7.780376233552633268e-03	4.684769479851974561e-02
4.565000000000000308e-02	-1.419228001644736586e-02	2.975785104851973867e-02
4.569999999999999757e-02	-1.541298314144736586e-02	2.975785104851973867e-02
4.574999999999999900e-02	-4.104774876644735893e-02	1.022660104851973867e-02
4.580000000000000043e-02	-4.104774876644735893e-02	1.022660104851973867e-02
4.585000000000000187e-02	-6.546181126644735893e-02	-9.304648951480261332e-03
4.590000000000000330e-02	-6.546181126644735893e-02	-1.174605520148026133e-02
4.594999999999999779e-02	-8.987587376644735893e-02	-2.883589895148026133e-02
4.599999999999999922e-02	-9.109657689144735893e-02	-2.639449270148026133e-02
4.605000000000000066e-02	-1.130692331414473589e-01	-4.836714895148025439e-02
4.610000000000000209e-02	-1.142899362664473589e-01	-4.836714895148025439e-02
4.614999999999999658e-02	-1.399247018914473728e-01	-6.789839895148025439e-02
4.619999999999999801e-02	-1.399247018914473728e-01	-6.789839895148025439e-02
4.624999999999999944e-02	-1.643387643914473728e-01	-8.742964895148025439e-02
4.630000000000000088e-02	-1.643387643914473728e-01	-8.742964895148025439e-02
4.635000000000000231e-02	-1.875321237664473728e-01	-1.045194927014802544e-01
4.639999999999999680e-02	-1.899735300164473728e-01	-1.045194927014802544e-01
4.644999999999999823e-02	-2.107254831414473728e-01	-1.240507427014802544e-01
4.649999999999999967e-02	-2.143875925164473728e-01	-1.240507427014802544e-01
4.655000000000000110e-02	-2.363602487664473728e-01	-1.435819927014802544e-01
4.660000000000000253e-02	-2.363602487664473728e-01	-1.460233989514802544e-01
4.664999999999999702e-02	-2.595536081414474006e-01	-1.655546489514802821e-01
4.669999999999999846e-02	-2.619950143914474006e-01	-1.631132427014802821e-01
4.674999999999999989e-02	-2.851883737664474006e-01	-1.826444927014802821e-01
4.680000000000000132e-02	-2.876297800164474006e-01	-1.826444927014802821e-01
4.685000000000000275e-02	-3.083817331414474006e-01	-2.046171489514802821e-01
4.689999999999999725e-02	-3.108231393914474006e-01	-2.021757427014802821e-01
4.694999999999999868e-02	-3.327957956414473450e-01	-2.217069927014802821e-01
4.700000000000000011e-02	-3.340164987664473450e-01	-2.192655864514802821e-01
4.705000000000000154e-02	-3.559891550164473450e-01	-2.412382427014802821e-01
4.710000000000000298e-02	-3.572098581414473450e-01	-2.387968364514802821e-01
4.714999999999999747e-02	-3.779618112664473450e-01	-2.583280864514802544e-01
4.719999999999999890e-02	-3.828446237664473450e-01	-2.607694927014802544e-01
4.725000000000000033e-02	-4.048172800164473450e-01	-2.803007427014802544e-01
4.730000000000000177e-02	-4.048172800164473450e-01	-2.778593364514802544e-01
4.735000000000000320e-02	-4.292313425164473450e-01	-2.973905864514802544e-01
4.739999999999999769e-02	-4.304520456414473450e-01	-2.973905864514802544e-01
4.744999999999999912e-02	-4.524247018914473450e-01	-3.169218364514802544e-01
4.750000000000000056e-02	-4.536454050164473450e-01	-3.169218364514802544e-01
4.755000000000000199e-02	-4.768387643914473450e-01	-3.364530864514802544e-01
4.760000000000000342e-02	-4.792801706414473450e-01	-3.364530864514802544e-01
4.764999999999999791e-02	-5.000321237664473450e-01	-3.535429302014802544e-01
4.769999999999999934e-02	-5.024735300164473450e-01	-3.535429302014802544e-01
4.775000000000000078e-02	-5.244461862664473450e-01	-3.779569927014802544e-01
4.780000000000000221e-02	-5.256668893914473450e-01	-3.755155864514802544e-01
4.784999999999999670e-02	-5.476395456414473450e-01	-3.950468364514802544e-01
4.789999999999999813e-02	-5.488602487664473450e-01	-3.926054302014802544e-01
4.794999999999999957e-02	-5.720536081414473450e-01	-4.145780864514802544e-01
4.800000000000000100e-02	-5.732743112664473450e-01	-4.145780864514802544e-01
4.805000000000000243e-02	-5.952469675164473450e-01	-4.341093364514802544e-01
4.809999999999999692e-02	-5.976883737664473450e-01	-4.316679302014802544e-01
4.814999999999999836e-02	-6.172196237664473450e-01	-4.511991802014802544e-01
4.819999999999999979e-02	-6.196610300164473450e-01	-4.511991802014802544e-01
4.825000000000000122e-02	-6.416336862664473450e-01	-4.731718364514802544e-01
4.830000000000000265e-02	-6.440750925164473450e-01	-4.707304302014802544e-01
4.834999999999999715e-02	-6.648270456414473450e-01	-4.902616802014802544e-01
4.839999999999999858e-02	-6.672684518914473450e-01	-4.878202739514802544e-01
4.845000000000000001e-02	-6.892411081414473450e-01	-5.097929302014801989e-01
4.850000000000000144e-02	-6.904618112664473450e-01	-5.097929302014801989e-01
4.855000000000000288e-02	-7.136551706414473450e-01	-5.293241802014801989e-01
4.859999999999999737e-02	-7.160965768914473450e-01	-5.293241802014801989e-01
4.864999999999999880e-02	-7.356278268914473450e-01	-5.488554302014801989e-01
4.870000000000000023e-02	-7.380692331414473450e-01	-5.464140239514801989e-01
4.875000000000000167e-02	-7.588211862664473450e-01	-5.659452739514801989e-01
4.880000000000000310e-02	-7.612625925164473450e-01	-5.659452739514801989e-01
4.884999999999999759e-02	-7.820145456414473450e-01	-5.879179302014801989e-01
4.889999999999999902e-02	-7.844559518914473450e-01	-5.854765239514801989e-01
4.895000000000000046e-02	-8.064286081414473450e-01	-6.074491802014801989e-01
4.900000000000000189e-02	-8.088700143914473450e-01	-6.050077739514801989e-01
4.905000000000000332e-02	-8.296219675164473450e-01	-6.245390239514801989e-01
4.909999999999999781e-02	-8.308426706414473450e-01	-6.245390239514801989e-01
4.914999999999999925e-02	-8.528153268914473450e-01	-6.440702739514803099e-01
4.920000000000000068e-02	-8.540360300164473450e-01	-6.440702739514803099e-01
4.925000000000000211e-02	-8.772293893914473450e-01	-6.636015239514803099e-01
4.929999999999999660e-02	-8.772293893914473450e-01	-6.611601177014803099e-01
4.934999999999999803e-02	-8.992020456414473450e-01	-6.831327739514803099e-01
4.939999999999999947e-02	-9.004227487664473450e-01	-6.806913677014803099e-01
4.945000000000000090e-02	-9.223954050164473450e-01	-7.026640239514803099e-01
4.950000000000000233e-02	-9.248368112664473450e-01	-7.002226177014803099e-01
4.954999999999999682e-02	-9.468094675164473450e-01	-7.221952739514803099e-01
4.959999999999999826e-02	-9.468094675164473450e-01	-7.221952739514803099e-01
4.964999999999999969e-02	-9.687821237664473450e-01	-7.417265239514803099e-01
4.970000000000000112e-02	-9.700028268914473450e-01	-7.392851177014803099e-01
4.975000000000000255e-02	-9.919754831414473450e-01	-7.588163677014803099e-01
4.979999999999999705e-02	-9.919754831414473450e-01	-7.588163677014803099e-01
4.984999999999999848e-02	-1.015168842516447345e+00	-7.807890239514803099e-01
4.989999999999999991e-02	-1.015168842516447345e+00	-7.783476177014803099e-01
4.995000000000000134e-02	-1.037141498766447345e+00	-7.978788677014803099e-01
5.000000000000000278e-02	-1.037141498766447345e+00	-7.978788677014803099e-01
5.004999999999999727e-02	-1.059114155016447345e+00	-8.174101177014803099e-01
5.009999999999999870e-02	-1.060334858141447345e+00	-8.174101177014803099e-01
5.015000000000000013e-02	-1.083528217516447345e+00	-8.369413677014803099e-01
5.020000000000000157e-02	-1.084748920641447345e+00	-8.369413677014803099e-01
5.025000000000000300e-02	-1.105500873766447345e+00	-8.540312114514803099e-01
5.029999999999999749e-02	-1.106721576891447345e+00	-8.564726177014803099e-01
5.034999999999999892e-02	-1.128694233141447345e+00	-8.760038677014803099e-01
5.040000000000000036e-02	-1.128694233141447345e+00	-8.760038677014803099e-01
5.045000000000000179e-02	-1.150666889391447345e+00	-8.955351177014803099e-01
5.050000000000000322e-02	-1.151887592516447345e+00	-8.930937114514803099e-01
5.054999999999999771e-02	-1.173860248766447345e+00	-9.126249614514803099e-01
5.059999999999999915e-02	-1.175080951891447345e+00	-9.150663677014803099e-01
5.065000000000000058e-02	-1.195832905016447345e+00	-9.321562114514803099e-01
5.070000000000000201e-02	-1.197053608141447345e+00	-9.321562114514803099e-01
5.075000000000000344e-02	-1.216584858141447345e+00	-9.541288677014803099e-01
5.079999999999999793e-02	-1.219026264391447345e+00	-9.516874614514803099e-01
5.084999999999999937e-02	-1.239778217516447345e+00	-9.712187114514803099e-01
5.090000000000000080e-02	-1.242219623766447345e+00	-9.712187114514803099e-01
5.095000000000000223e-02	-1.261750873766447345e+00	-9.883085552014803099e-01
5.099999999999999672e-02	-1.264192280016447345e+00	-9.907499614514803099e-01
5.104999999999999816e-02	-1.286164936266447345e+00	-1.010281211451480310e+00
5.109999999999999959e-02	-1.284944233141447345e+00	-1.007839805201480310e+00
5.115000000000000102e-02	-1.306916889391447345e+00	-1.029812461451480310e+00
5.120000000000000245e-02	-1.308137592516447345e+00	-1.027371055201480310e+00
5.124999999999999695e-02	-1.330110248766447345e+00	-1.049343711451480310e+00
5.129999999999999838e-02	-1.332551655016447345e+00	-1.046902305201480310e+00
5.134999999999999981e-02	-1.353303608141447345e+00	-1.066433555201480310e+00
5.140000000000000124e-02	-1.354524311266447345e+00	-1.066433555201480310e+00
5.145000000000000268e-02	-1.376496967516447345e+00	-1.088406211451480310e+00
5.149999999999999717e-02	-1.376496967516447345e+00	-1.085964805201480310e+00
5.154999999999999860e-02	-1.397248920641447345e+00	-1.107937461451480310e+00
5.160000000000000003e-02	-1.398469623766447345e+00	-1.103054648951480310e+00
5.165000000000000147e-02	-1.419221576891447345e+00	-1.127468711451480310e+00
5.170000000000000290e-02	-1.420442280016447345e+00	-1.125027305201480310e+00
5.174999999999999739e-02	-1.442414936266447345e+00	-1.137234336451480310e+00
5.179999999999999882e-02	-1.442414936266447345e+00	-1.107937461451480310e+00
5.185000000000000026e-02	-1.460725483141447345e+00	-1.127468711451480310e+00
5.190000000000000169e-02	-1.460725483141447345e+00	-1.088406211451480310e+00
5.195000000000000312e-02	-1.468049701891447345e+00	-1.110378867701480310e+00
5.199999999999999761e-02	-1.437532123766447345e+00	-1.068874961451480310e+00
5.204999999999999905e-02	-1.465608295641447345e+00	-1.090847617701480310e+00
5.210000000000000048e-02	-1.382600483141447345e+00	-1.051785117701480310e+00
5.215000000000000191e-02	-1.436311420641447345e+00	-1.071316367701480310e+00
5.220000000000000334e-02	-1.322786030016447345e+00	-1.032253867701480310e+00
5.224999999999999784e-02	-1.377717670641447345e+00	-1.051785117701480310e+00
5.229999999999999927e-02	-1.278840717516447345e+00	-1.012722617701480310e+00
5.235000000000000070e-02	-1.316682514391447345e+00	-1.032253867701480310e+00
5.240000000000000213e-02	-1.248323139391447345e+00	-9.956327739514803099e-01
5.244999999999999662e-02	-1.275178608141447345e+00	-1.015164023951480310e+00
5.249999999999999806e-02	-1.228791889391447345e+00	-9.761015239514803099e-01
5.254999999999999949e-02	-1.247102436266447345e+00	-9.931913677014803099e-01
5.260000000000000092e-02	-1.216584858141447345e+00	-9.541288677014803099e-01
5.265000000000000235e-02	-1.228791889391447345e+00	-9.761015239514803099e-01
5.269999999999999685e-02	-1.203157123766447345e+00	-9.394804302014803099e-01
5.274999999999999828e-02	-1.216584858141447345e+00	-9.590116802014803099e-01
5.279999999999999971e-02	-1.186067280016447345e+00	-9.199491802014803099e-01
5.285000000000000114e-02	-1.204377826891447345e+00	-9.419218364514803099e-01
5.290000000000000258e-02	-1.159211811266447345e+00	-9.004179302014803099e-01
5.294999999999999707e-02	-1.183625873766447345e+00	-9.175077739514803099e-01
5.299999999999999850e-02	-1.126252826891447345e+00	-8.784452739514803099e-01
5.304999999999999993e-02	-1.157991108141447345e+00	-9.004179302014803099e-01
5.310000000000000137e-02	-1.092073139391447345e+00	-8.613554302014803099e-01
5.315000000000000280e-02	-1.125032123766447345e+00	-8.808866802014803099e-01
5.319999999999999729e-02	-1.062776264391447345e+00	-8.393827739514803099e-01
5.324999999999999872e-02	-1.090852436266447345e+00	-8.613554302014803099e-01
5.330000000000000016e-02	-1.037141498766447345e+00	-8.222929302014803099e-01
5.335000000000000159e-02	-1.060334858141447345e+00	-8.418241802014803099e-01
5.340000000000000302e-02	-1.010286030016447345e+00	-8.027616802014803099e-01
5.344999999999999751e-02	-1.034700092516447345e+00	-8.247343364514803099e-01
5.349999999999999895e-02	-9.883133737664473450e-01	-7.856718364514803099e-01
5.355000000000000038e-02	-1.009065326891447345e+00	-8.052030864514803099e-01
5.360000000000000181e-02	-9.651200143914473450e-01	-7.661405864514803099e-01
5.365000000000000324e-02	-9.870926706414473450e-01	-7.881132427014803099e-01
5.369999999999999774e-02	-9.419266550164473450e-01	-7.466093364514803099e-01
5.374999999999999917e-02	-9.651200143914473450e-01	-7.661405864514803099e-01
5.380000000000000060e-02	-9.150711862664473450e-01	-7.270780864514803099e-01
5.385000000000000203e-02	-9.407059518914473450e-01	-7.490507427014803099e-01
5.390000000000000346e-02	-8.894364206414473450e-01	-7.099882427014803099e-01
5.394999999999999796e-02	-9.126297800164473450e-01	-7.295194927014803099e-01
5.399999999999999939e-02	-8.613602487664473450e-01	-6.880155864514803099e-01
5.405000000000000082e-02	-8.869950143914473450e-01	-7.099882427014803099e-01
5.410000000000000225e-02	-8.332840768914473450e-01	-6.709257427014803099e-01
5.414999999999999675e-02	-8.601395456414473450e-01	-6.904569927014803099e-01
5.419999999999999818e-02	-8.064286081414473450e-01	-6.513944927014803099e-01
5.424999999999999961e-02	-8.320633737664473450e-01	-6.709257427014803099e-01
5.430000000000000104e-02	-7.820145456414473450e-01	-6.318632427014803099e-01
5.435000000000000248e-02	-8.039872018914473450e-01	-6.513944927014803099e-01
5.439999999999999697e-02	-7.563797800164473450e-01	-6.123319927014801989e-01
5.444999999999999840e-02	-7.807938425164473450e-01	-6.318632427014803099e-01
5.449999999999999983e-02	-7.307450143914473450e-01	-5.928007427014801989e-01
5.455000000000000127e-02	-7.539383737664473450e-01	-6.123319927014801989e-01
5.460000000000000270e-02	-7.063309518914473450e-01	-5.757108989514801989e-01
5.464999999999999719e-02	-7.307450143914473450e-01	-5.952421489514801989e-01
5.469999999999999862e-02	-6.819168893914473450e-01	-5.561796489514801989e-01
5.475000000000000006e-02	-7.063309518914473450e-01	-5.757108989514801989e-01
5.480000000000000149e-02	-6.550614206414473450e-01	-5.366483989514801989e-01
5.485000000000000292e-02	-6.782547800164473450e-01	-5.561796489514801989e-01
5.489999999999999741e-02	-6.294266550164473450e-01	-5.171171489514801989e-01
5.494999999999999885e-02	-6.538407175164473450e-01	-5.366483989514801989e-01
5.500000000000000028e-02	-6.025711862664473450e-01	-4.975858989514802544e-01
5.505000000000000171e-02	-6.269852487664473450e-01	-5.195585552014801989e-01
5.510000000000000314e-02	-5.769364206414473450e-01	-4.780546489514802544e-01
5.514999999999999764e-02	-6.013504831414473450e-01	-4.975858989514802544e-01
5.519999999999999907e-02	-5.513016550164473450e-01	-4.585233989514802544e-01
5.525000000000000050e-02	-5.744950143914473450e-01	-4.780546489514802544e-01
5.530000000000000193e-02	-5.244461862664473450e-01	-4.414335552014802544e-01
5.535000000000000336e-02	-5.488602487664473450e-01	-4.634062114514802544e-01
5.539999999999999786e-02	-5.000321237664473450e-01	-4.194608989514802544e-01
5.544999999999999929e-02	-5.232254831414473450e-01	-4.438749614514802544e-01
5.550000000000000072e-02	-4.743973581414473450e-01	-3.999296489514802544e-01
5.555000000000000215e-02	-4.988114206414473450e-01	-4.219023052014802544e-01
5.559999999999999665e-02	-4.487625925164473450e-01	-3.828398052014802544e-01
5.564999999999999808e-02	-4.719559518914473450e-01	-4.023710552014802544e-01
5.569999999999999951e-02	-4.255692331414473450e-01	-3.633085552014802544e-01
5.575000000000000094e-02	-4.475418893914473450e-01	-3.852812114514802544e-01
5.580000000000000238e-02	-3.974930612664473450e-01	-3.437773052014802544e-01
5.584999999999999687e-02	-4.206864206414473450e-01	-3.633085552014802544e-01
5.589999999999999830e-02	-3.742997018914473450e-01	-3.242460552014802544e-01
5.594999999999999973e-02	-3.962723581414473450e-01	-3.437773052014802544e-01
5.600000000000000117e-02	-3.474442331414473450e-01	-3.071562114514802544e-01
5.605000000000000260e-02	-3.706375925164473450e-01	-3.242460552014802544e-01
5.609999999999999709e-02	-3.218094675164473450e-01	-2.851835552014802544e-01
5.614999999999999852e-02	-3.474442331414473450e-01	-3.071562114514802544e-01
5.619999999999999996e-02	-2.961747018914474006e-01	-2.680937114514802544e-01
5.625000000000000139e-02	-3.205887643914473450e-01	-2.876249614514802544e-01
5.630000000000000282e-02	-2.717606393914474006e-01	-2.485624614514802821e-01
5.634999999999999731e-02	-2.961747018914474006e-01	-2.680937114514802544e-01
5.639999999999999875e-02	-2.461258737664473728e-01	-2.290312114514802821e-01
5.645000000000000018e-02	-2.680985300164474006e-01	-2.485624614514802821e-01
5.650000000000000161e-02	-2.204911081414473728e-01	-2.070585552014802821e-01
5.655000000000000304e-02	-2.449051706414473728e-01	-2.314726177014802821e-01
5.659999999999999754e-02	-1.960770456414473728e-01	-1.875273052014802821e-01
5.664999999999999897e-02	-2.192704050164473728e-01	-2.119413677014802821e-01
5.670000000000000040e-02	-1.716629831414473728e-01	-1.704374614514802821e-01
5.675000000000000183e-02	-1.936356393914473728e-01	-1.924101177014802821e-01
5.680000000000000326e-02	-1.460282175164473728e-01	-1.533476177014802544e-01
5.684999999999999776e-02	-1.704422800164473728e-01	-1.728788677014802821e-01
5.689999999999999919e-02	-1.216141550164473589e-01	-1.338163677014802544e-01
5.695000000000000062e-02	-1.435868112664473728e-01	-1.533476177014802544e-01
5.700000000000000205e-02	-9.720009251644735893e-02	-1.118437114514802544e-01
5.704999999999999655e-02	-1.203934518914473589e-01	-1.338163677014802544e-01
5.709999999999999798e-02	-7.156532689144735893e-02	-9.475386770148025439e-02
5.714999999999999941e-02	-9.475868626644735893e-02	-1.142851177014802544e-01
5.720000000000000084e-02	-4.593056126644735893e-02	-7.522261770148025439e-02
5.725000000000000228e-02	-7.034462376644735893e-02	-9.719527395148025439e-02
5.729999999999999677e-02	-2.151649876644736586e-02	-5.569136770148025439e-02
5.734999999999999820e-02	-4.470985814144735893e-02	-7.766402395148025439e-02
5.739999999999999963e-02	2.897563733552633268e-03	-3.616011770148026133e-02
5.745000000000000107e-02	-1.907509251644736586e-02	-5.569136770148025439e-02
5.750000000000000250e-02	2.853232935855263414e-02	-1.662886770148026133e-02
5.754999999999999699e-02	4.118266858552633268e-03	-4.348433645148025439e-02
5.759999999999999842e-02	5.294639185855264107e-02	4.609760485197378008e-04
5.764999999999999986e-02	3.097373560855263414e-02	-1.907027395148026133e-02
5.770000000000000129e-02	7.736045435855264107e-02	1.999222604851973867e-02
5.775000000000000272e-02	5.172568873355264107e-02	4.609760485197378008e-04
5.779999999999999721e-02	9.933311060855264107e-02	3.708206979851973867e-02
5.784999999999999865e-02	7.858115748355264107e-02	1.755081979851973867e-02
5.790000000000000008e-02	1.249678762335526411e-01	5.661331979851974561e-02
5.795000000000000151e-02	1.029952199835526411e-01	3.708206979851973867e-02
5.800000000000000294e-02	1.506026418585526272e-01	7.614456979851974561e-02
5.804999999999999744e-02	1.274092824835526272e-01	5.661331979851974561e-02
5.809999999999999887e-02	1.737960012335526272e-01	9.323441354851974561e-02
5.815000000000000030e-02	1.518233449835526272e-01	7.614456979851974561e-02
5.820000000000000173e-02	1.982100637335526272e-01	1.127656635485197456e-01
5.825000000000000316e-02	1.762374074835526272e-01	9.323441354851974561e-02
5.829999999999999766e-02	2.238448293585526272e-01	1.322969135485197456e-01
5.834999999999999909e-02	2.006514699835526272e-01	1.127656635485197456e-01
5.840000000000000052e-02	2.470381887335526272e-01	1.518281635485197456e-01
5.845000000000000195e-02	2.262862356085526272e-01	1.322969135485197456e-01
5.850000000000000339e-02	2.714522512335525994e-01	1.738008197985197179e-01
5.854999999999999788e-02	2.494795949835526272e-01	1.493867572985197456e-01
5.859999999999999931e-02	2.970870168585525994e-01	1.908906635485197179e-01
5.865000000000000074e-02	2.751143606085525994e-01	1.713594135485197179e-01
5.870000000000000218e-02	3.215010793585526550e-01	2.079805072985197179e-01
5.874999999999999667e-02	2.995284231085525994e-01	1.908906635485197179e-01
5.879999999999999810e-02	3.434737356085526550e-01	2.299531635485197179e-01
5.884999999999999953e-02	3.239424856085526550e-01	2.079805072985197179e-01
5.890000000000000097e-02	3.715499074835526550e-01	2.470430072985197179e-01
5.895000000000000240e-02	3.459151418585526550e-01	2.275117572985197179e-01
5.899999999999999689e-02	3.935225637335526550e-01	2.665742572985197456e-01
5.904999999999999832e-02	3.703292043585526550e-01	2.470430072985197179e-01
5.909999999999999976e-02	4.167159231085526550e-01	2.885469135485197456e-01
5.915000000000000119e-02	3.959639699835526550e-01	2.665742572985197456e-01
5.920000000000000262e-02	4.423506887335526550e-01	3.080781635485197456e-01
5.924999999999999711e-02	4.203780324835526550e-01	2.885469135485197456e-01
5.929999999999999855e-02	4.643233449835526550e-01	3.276094135485197456e-01
5.934999999999999998e-02	4.435713918585526550e-01	3.056367572985197456e-01
5.940000000000000141e-02	4.899581106085526550e-01	3.446992572985197456e-01
5.945000000000000284e-02	4.667647512335526550e-01	3.276094135485197456e-01
5.949999999999999734e-02	5.143721731085526550e-01	3.642305072985197456e-01
5.954999999999999877e-02	4.923995168585526550e-01	3.446992572985197456e-01
5.960000000000000020e-02	5.387862356085526550e-01	3.837617572985197456e-01
5.965000000000000163e-02	5.143721731085526550e-01	3.617891010485197456e-01
5.970000000000000306e-02	5.632002981085526550e-01	4.008516010485197456e-01
5.974999999999999756e-02	5.400069387335526550e-01	3.813203510485197456e-01
5.979999999999999899e-02	5.863936574835526550e-01	4.203828510485197456e-01
5.985000000000000042e-02	5.632002981085526550e-01	4.008516010485197456e-01
5.990000000000000185e-02	6.095870168585526550e-01	4.399141010485197456e-01
5.995000000000000329e-02	5.863936574835526550e-01	4.203828510485197456e-01
5.999999999999999778e-02	6.327803762335526550e-01	4.618867572985197456e-01
6.004999999999999921e-02	6.108077199835526550e-01	4.399141010485197456e-01
6.010000000000000064e-02	6.559737356085526550e-01	4.789766010485197456e-01
6.015000000000000208e-02	6.352217824835526550e-01	4.570039447985197456e-01
6.019999999999999657e-02	6.803877981085526550e-01	4.985078510485197456e-01
6.024999999999999800e-02	6.584151418585526550e-01	4.789766010485197456e-01
6.029999999999999943e-02	7.035811574835526550e-01	5.155976947985198011e-01
6.035000000000000087e-02	6.816085012335526550e-01	4.960664447985197456e-01
6.040000000000000230e-02	7.279952199835526550e-01	5.375703510485198011e-01
6.044999999999999679e-02	7.048018606085526550e-01	5.180391010485198011e-01
6.049999999999999822e-02	7.499678762335526550e-01	5.571016010485198011e-01
6.054999999999999966e-02	7.304366262335526550e-01	5.351289447985198011e-01
6.060000000000000109e-02	7.743819387335526550e-01	5.766328510485198011e-01
6.065000000000000252e-02	7.524092824835526550e-01	5.546601947985198011e-01
6.069999999999999701e-02	7.975752981085526550e-01	5.961641010485198011e-01
6.074999999999999845e-02	7.756026418585526550e-01	5.741914447985198011e-01
6.079999999999999988e-02	8.219893606085526550e-01	6.156953510485198011e-01
6.085000000000000131e-02	7.987960012335526550e-01	5.961641010485198011e-01
6.090000000000000274e-02	8.439620168585526550e-01	6.327851947985196901e-01
6.094999999999999724e-02	8.232100637335526550e-01	6.132539447985198011e-01
6.099999999999999867e-02	8.683760793585526550e-01	6.523164447985196901e-01
6.105000000000000010e-02	8.476241262335526550e-01	6.327851947985196901e-01
6.110000000000000153e-02	8.927901418585526550e-01	6.718476947985196901e-01
6.115000000000000296e-02	8.695967824835526550e-01	6.523164447985196901e-01
6.119999999999999746e-02	9.159835012335526550e-01	6.913789447985196901e-01
6.124999999999999889e-02	8.927901418585526550e-01	6.694062885485196901e-01
6.130000000000000032e-02	9.379561574835526550e-01	7.109101947985196901e-01
6.135000000000000175e-02	9.172042043585526550e-01	6.913789447985196901e-01
6.140000000000000319e-02	9.611495168585526550e-01	7.304414447985196901e-01
6.144999999999999768e-02	9.391768606085526550e-01	7.109101947985196901e-01
6.149999999999999911e-02	9.843428762335526550e-01	7.475312885485196901e-01
6.155000000000000054e-02	9.623702199835526550e-01	7.304414447985196901e-01
6.160000000000000198e-02	1.007536235608552655e+00	7.695039447985196901e-01
6.165000000000000341e-02	9.855635793585526550e-01	7.475312885485196901e-01
6.169999999999999790e-02	1.029508891858552655e+00	7.865937885485196901e-01
6.174999999999999933e-02	1.008756938733552655e+00	7.646211322985196901e-01
6.180000000000000077e-02	1.051481548108552655e+00	8.061250385485196901e-01
6.185000000000000220e-02	1.031950298108552655e+00	7.841523822985196901e-01
6.189999999999999669e-02	1.075895610608552655e+00	8.256562885485196901e-01
6.194999999999999812e-02	1.053922954358552655e+00	8.061250385485196901e-01
6.199999999999999956e-02	1.097868266858552655e+00	8.451875385485196901e-01
6.205000000000000099e-02	1.078337016858552655e+00	8.232148822985196901e-01
6.210000000000000242e-02	1.121061626233552655e+00	8.622773822985196901e-01
6.214999999999999691e-02	1.100309673108552655e+00	8.451875385485196901e-01
6.219999999999999835e-02	1.144254985608552655e+00	8.842500385485196901e-01
6.224999999999999978e-02	1.123503032483552655e+00	8.622773822985196901e-01
6.230000000000000121e-02	1.166227641858552655e+00	9.037812885485196901e-01
6.235000000000000264e-02	1.145475688733552655e+00	8.818086322985196901e-01
6.239999999999999714e-02	1.190641704358552655e+00	9.208711322985196901e-01
6.244999999999999857e-02	1.168669048108552655e+00	9.013398822985196901e-01
6.250000000000000000e-02	1.212614360608552655e+00	9.404023822985196901e-01
6.254999999999999449e-02	1.193083110608552655e+00	9.208711322985196901e-01
6.260000000000000286e-02	1.234587016858552655e+00	9.599336322985196901e-01
6.264999999999999736e-02	1.215055766858552655e+00	9.404023822985196901e-01
6.270000000000000573e-02	1.259001079358552655e+00	9.794648822985196901e-01
6.275000000000000022e-02	1.237028423108552655e+00	9.599336322985196901e-01
6.279999999999999472e-02	1.279753032483552655e+00	9.989961322985196901e-01
6.285000000000000309e-02	1.259001079358552655e+00	9.794648822985196901e-01
6.289999999999999758e-02	1.304167094983552655e+00	1.018527382298519690e+00
6.295000000000000595e-02	1.283415141858552655e+00	9.989961322985196901e-01
6.300000000000000044e-02	1.324919048108552655e+00	1.038058632298519690e+00
6.304999999999999494e-02	1.304167094983552655e+00	1.018527382298519690e+00
6.310000000000000331e-02	1.346891704358552655e+00	1.057589882298519690e+00
6.314999999999999780e-02	1.327360454358552655e+00	1.038058632298519690e+00
6.320000000000000617e-02	1.370085063733552655e+00	1.074679726048519690e+00
6.325000000000000067e-02	1.349333110608552655e+00	1.055148476048519690e+00
6.329999999999999516e-02	1.393278423108552655e+00	1.096652382298519690e+00
6.335000000000000353e-02	1.372526469983552655e+00	1.072238319798519690e+00
6.339999999999999802e-02	1.415251079358552655e+00	1.111300819798519690e+00
6.345000000000000639e-02	1.392057719983552655e+00	1.091769569798519690e+00
6.350000000000000089e-02	1.437223735608552655e+00	1.130832069798519690e+00
6.354999999999999538e-02	1.416471782483552655e+00	1.113742226048519690e+00
6.360000000000000375e-02	1.459196391858552655e+00	1.152804726048519690e+00
6.364999999999999825e-02	1.439665141858552655e+00	1.133273476048519690e+00
6.370000000000000662e-02	1.482389751233552655e+00	1.169894569798519690e+00
6.375000000000000111e-02	1.461637798108552655e+00	1.150363319798519690e+00
6.379999999999999560e-02	1.505583110608552655e+00	1.191867226048519690e+00
6.385000000000000397e-02	1.483610454358552655e+00	1.169894569798519690e+00
6.389999999999999847e-02	1.525114360608552655e+00	1.201632851048519690e+00
6.395000000000000684e-02	1.505583110608552655e+00	1.186984413548519690e+00
6.400000000000000133e-02	1.545866313733552655e+00	1.189425819798519690e+00
6.404999999999999583e-02	1.528776469983552655e+00	1.172335976048519690e+00
6.410000000000000420e-02	1.551969829358552655e+00	1.172335976048519690e+00
6.414999999999999869e-02	1.544645610608552655e+00	1.152804726048519690e+00
6.419999999999999318e-02	1.544645610608552655e+00	1.152804726048519690e+00
6.425000000000000155e-02	1.512907329358552655e+00	1.133273476048519690e+00
6.429999999999999605e-02	1.510465923108552655e+00	1.133273476048519690e+00
6.435000000000000442e-02	1.455534282483552655e+00	1.113742226048519690e+00
6.439999999999999891e-02	1.449430766858552655e+00	1.113742226048519690e+00
6.444999999999999341e-02	1.396940532483552655e+00	1.094210976048519690e+00
6.450000000000000178e-02	1.390837016858552655e+00	1.096652382298519690e+00
6.454999999999999627e-02	1.354215923108552655e+00	1.074679726048519690e+00
6.460000000000000464e-02	1.350553813733552655e+00	1.077121132298519690e+00
6.464999999999999913e-02	1.328581157483552655e+00	1.057589882298519690e+00
6.469999999999999363e-02	1.327360454358552655e+00	1.060031288548519690e+00
6.475000000000000200e-02	1.312712016858552655e+00	1.038058632298519690e+00
6.479999999999999649e-02	1.312712016858552655e+00	1.040500038548519690e+00
6.485000000000000486e-02	1.300504985608552655e+00	1.018527382298519690e+00
6.489999999999999936e-02	1.302946391858552655e+00	1.020968788548519690e+00
6.494999999999999385e-02	1.288297954358552655e+00	9.989961322985196901e-01
6.500000000000000222e-02	1.289518657483552655e+00	1.001437538548519690e+00
6.504999999999999671e-02	1.268766704358552655e+00	9.819062885485196901e-01
6.510000000000000508e-02	1.266325298108552655e+00	9.819062885485196901e-01
6.514999999999999958e-02	1.239469829358552655e+00	9.623750385485196901e-01
6.519999999999999407e-02	1.238249126233552655e+00	9.648164447985196901e-01
6.525000000000000244e-02	1.206510844983552655e+00	9.428437885485196901e-01
6.529999999999999694e-02	1.201628032483552655e+00	9.477266010485196901e-01
6.535000000000000531e-02	1.172331157483552655e+00	9.233125385485196901e-01
6.539999999999999980e-02	1.169889751233552655e+00	9.257539447985196901e-01
6.544999999999999429e-02	1.143034282483552655e+00	9.062226947985196901e-01
6.550000000000000266e-02	1.141813579358552655e+00	9.062226947985196901e-01
6.554999999999999716e-02	1.116178813733552655e+00	8.866914447985196901e-01
6.560000000000000553e-02	1.114958110608552655e+00	8.866914447985196901e-01
6.565000000000000002e-02	1.092985454358552655e+00	8.671601947985196901e-01
6.569999999999999452e-02	1.090544048108552655e+00	8.696016010485196901e-01
6.575000000000000289e-02	1.071012798108552655e+00	8.500703510485196901e-01
6.579999999999999738e-02	1.068571391858552655e+00	8.500703510485196901e-01
6.585000000000000575e-02	1.047819438733552655e+00	8.280976947985196901e-01
6.590000000000000024e-02	1.046598735608552655e+00	8.280976947985196901e-01
6.594999999999999474e-02	1.024626079358552655e+00	8.110078510485196901e-01
6.600000000000000311e-02	1.022184673108552655e+00	8.085664447985196901e-01
6.604999999999999760e-02	9.953292043585526550e-01	7.914766010485196901e-01
6.610000000000000597e-02	9.941085012335526550e-01	7.914766010485196901e-01
6.615000000000000047e-02	9.709151418585526550e-01	7.719453510485196901e-01
6.619999999999999496e-02	9.660323293585526550e-01	7.743867572985196901e-01
6.625000000000000333e-02	9.428389699835526550e-01	7.524141010485196901e-01
6.629999999999999782e-02	9.391768606085526550e-01	7.548555072985196901e-01
6.635000000000000620e-02	9.159835012335526550e-01	7.328828510485196901e-01
6.640000000000000069e-02	9.135420949835526550e-01	7.353242572985196901e-01
6.644999999999999518e-02	8.879073293585526550e-01	7.133516010485196901e-01
6.650000000000000355e-02	8.854659231085526550e-01	7.157930072985196901e-01
6.654999999999999805e-02	8.647139699835526550e-01	6.962617572985196901e-01
6.660000000000000642e-02	8.622725637335526550e-01	6.987031635485196901e-01
6.665000000000000091e-02	8.390792043585526550e-01	6.742891010485196901e-01
6.669999999999999540e-02	8.366377981085526550e-01	6.791719135485196901e-01
6.675000000000000377e-02	8.134444387335526550e-01	6.571992572985196901e-01
6.679999999999999827e-02	8.122237356085526550e-01	6.596406635485196901e-01
6.685000000000000664e-02	7.890303762335526550e-01	6.376680072985196901e-01
6.690000000000000113e-02	7.878096731085526550e-01	6.376680072985196901e-01
6.694999999999999563e-02	7.633956106085526550e-01	6.181367572985198011e-01
6.700000000000000400e-02	7.609542043585526550e-01	6.205781635485198011e-01
6.704999999999999849e-02	7.377608449835526550e-01	5.986055072985198011e-01
6.710000000000000686e-02	7.353194387335526550e-01	6.034883197985198011e-01
6.715000000000000135e-02	7.096846731085526550e-01	5.815156635485198011e-01
6.719999999999999585e-02	7.096846731085526550e-01	5.815156635485198011e-01
6.725000000000000422e-02	6.840499074835526550e-01	5.619844135485198011e-01
6.729999999999999871e-02	6.840499074835526550e-01	5.644258197985198011e-01
6.734999999999999321e-02	6.596358449835526550e-01	5.424531635485198011e-01
6.740000000000000158e-02	6.571944387335526550e-01	5.448945697985198011e-01
6.744999999999999607e-02	6.327803762335526550e-01	5.229219135485198011e-01
6.750000000000000444e-02	6.315596731085526550e-01	5.253633197985198011e-01
6.754999999999999893e-02	6.059249074835526550e-01	5.033906635485198011e-01
6.759999999999999343e-02	6.047042043585526550e-01	5.058320697985198011e-01
6.765000000000000180e-02	5.815108449835526550e-01	4.838594135485197456e-01
6.769999999999999629e-02	5.802901418585526550e-01	4.863008197985197456e-01
6.775000000000000466e-02	5.558760793585526550e-01	4.667695697985197456e-01
6.779999999999999916e-02	5.546553762335526550e-01	4.667695697985197456e-01
6.784999999999999365e-02	5.339034231085526550e-01	4.472383197985197456e-01
6.790000000000000202e-02	5.302413137335526550e-01	4.472383197985197456e-01
6.794999999999999651e-02	5.058272512335526550e-01	4.277070697985197456e-01
6.800000000000000488e-02	5.046065481085526550e-01	4.301484760485197456e-01
6.804999999999999938e-02	4.801924856085526550e-01	4.081758197985197456e-01
6.809999999999999387e-02	4.777510793585526550e-01	4.081758197985197456e-01
6.815000000000000224e-02	4.557784231085526550e-01	3.886445697985197456e-01
6.819999999999999674e-02	4.545577199835526550e-01	3.910859760485197456e-01
6.825000000000000511e-02	4.301436574835526550e-01	3.715547260485197456e-01
6.829999999999999960e-02	4.264815481085526550e-01	3.715547260485197456e-01
6.834999999999999409e-02	4.045088918585526550e-01	3.520234760485197456e-01
6.840000000000000246e-02	4.020674856085526550e-01	3.520234760485197456e-01
6.844999999999999696e-02	3.788741262335526550e-01	3.324922260485197456e-01
6.850000000000000533e-02	3.776534231085526550e-01	3.349336322985197456e-01
6.854999999999999982e-02	3.544600637335526550e-01	3.129609760485197456e-01
6.859999999999999432e-02	3.520186574835526550e-01	3.129609760485197456e-01
6.865000000000000269e-02	3.300460012335526550e-01	2.958711322985197456e-01
6.869999999999999718e-02	3.276045949835526550e-01	2.958711322985197456e-01
6.875000000000000555e-02	3.044112356085525994e-01	2.738984760485197456e-01
6.880000000000000004e-02	3.019698293585525994e-01	2.763398822985197456e-01
6.884999999999999454e-02	2.799971731085525994e-01	2.543672260485197456e-01
6.890000000000000291e-02	2.775557668585525994e-01	2.568086322985197456e-01
6.894999999999999740e-02	2.543624074835525994e-01	2.348359760485197179e-01
6.900000000000000577e-02	2.519210012335525994e-01	2.348359760485197179e-01
6.905000000000000027e-02	2.287276418585526272e-01	2.153047260485197179e-01
6.909999999999999476e-02	2.262862356085526272e-01	2.153047260485197179e-01
6.915000000000000313e-02	2.043135793585526272e-01	1.982148822985197179e-01
6.919999999999999762e-02	2.018721731085526272e-01	1.982148822985197179e-01
6.925000000000000600e-02	1.786788137335526272e-01	1.786836322985197179e-01
6.930000000000000049e-02	1.774581106085526272e-01	1.786836322985197179e-01
6.934999999999999498e-02	1.554854543585526272e-01	1.591523822985197179e-01
6.940000000000000335e-02	1.518233449835526272e-01	1.615937885485197179e-01
6.944999999999999785e-02	1.286299856085526272e-01	1.371797260485197456e-01
6.950000000000000622e-02	1.261885793585526272e-01	1.396211322985197456e-01
6.955000000000000071e-02	1.042159231085526411e-01	1.200898822985197456e-01
6.959999999999999520e-02	1.029952199835526411e-01	1.200898822985197456e-01
6.965000000000000357e-02	7.980186060855264107e-02	1.005586322985197456e-01
6.969999999999999807e-02	7.736045435855264107e-02	1.030000385485197456e-01
6.975000000000000644e-02	5.416709498355264107e-02	8.102738229851974561e-02
6.980000000000000093e-02	5.294639185855264107e-02	8.346878854851974561e-02
6.984999999999999543e-02	3.097373560855263414e-02	6.149613229851974561e-02
6.990000000000000380e-02	2.853232935855263414e-02	6.393753854851974561e-02
6.994999999999999829e-02	6.559673108552633268e-03	4.440628854851974561e-02
7.000000000000000666e-02	4.118266858552633268e-03	4.440628854851974561e-02
7.005000000000000115e-02	-1.785438939144736586e-02	2.731644479851973867e-02
7.009999999999999565e-02	-2.029579564144736586e-02	2.731644479851973867e-02
7.015000000000000402e-02	-4.226845189144735893e-02	7.785194798519737801e-03
7.019999999999999851e-02	-4.470985814144735893e-02	1.022660104851973867e-02
7.025000000000000688e-02	-6.668251439144735893e-02	-1.174605520148026133e-02
7.030000000000000138e-02	-6.912392064144735893e-02	-9.304648951480261332e-03
7.034999999999999587e-02	-9.109657689144735893e-02	-3.127730520148026133e-02
7.040000000000000424e-02	-9.475868626644735893e-02	-2.883589895148026133e-02
7.044999999999999873e-02	-1.179520456414473589e-01	-5.080855520148025439e-02
7.049999999999999323e-02	-1.191727487664473589e-01	-4.836714895148025439e-02
7.055000000000000160e-02	-1.411454050164473728e-01	-7.033980520148025439e-02
7.059999999999999609e-02	-1.435868112664473728e-01	-6.789839895148025439e-02
7.065000000000000446e-02	-1.655594675164473728e-01	-8.742964895148025439e-02
7.069999999999999896e-02	-1.667801706414473728e-01	-8.742964895148025439e-02
7.074999999999999345e-02	-1.911942331414473728e-01	-1.094023052014802544e-01
7.080000000000000182e-02	-1.911942331414473728e-01	-1.069608989514802544e-01
7.084999999999999631e-02	-2.143875925164473728e-01	-1.264921489514802544e-01
7.090000000000000469e-02	-2.143875925164473728e-01	-1.240507427014802544e-01
7.094999999999999918e-02	-2.375809518914473728e-01	-1.484648052014802544e-01
7.099999999999999367e-02	-2.388016550164473728e-01	-1.435819927014802544e-01
7.105000000000000204e-02	-2.607743112664474006e-01	-1.655546489514802821e-01
7.109999999999999654e-02	-2.632157175164474006e-01	-1.631132427014802821e-01
7.115000000000000491e-02	-2.876297800164474006e-01	-1.850858989514802821e-01
7.119999999999999940e-02	-2.876297800164474006e-01	-1.802030864514802821e-01
7.124999999999999389e-02	-3.108231393914474006e-01	-2.046171489514802821e-01
7.130000000000000226e-02	-3.132645456414473450e-01	-1.997343364514802821e-01
7.134999999999999676e-02	-3.364579050164473450e-01	-2.217069927014802821e-01
7.140000000000000513e-02	-3.364579050164473450e-01	-2.217069927014802821e-01
7.144999999999999962e-02	-3.572098581414473450e-01	-2.412382427014802821e-01
7.149999999999999412e-02	-3.596512643914473450e-01	-2.387968364514802821e-01
7.155000000000000249e-02	-3.840653268914473450e-01	-2.607694927014802544e-01
7.159999999999999698e-02	-3.852860300164473450e-01	-2.607694927014802544e-01
7.165000000000000535e-02	-4.072586862664473450e-01	-2.803007427014802544e-01
7.169999999999999984e-02	-4.072586862664473450e-01	-2.778593364514802544e-01
7.174999999999999434e-02	-4.304520456414473450e-01	-3.022733989514802544e-01
7.180000000000000271e-02	-4.304520456414473450e-01	-2.998319927014802544e-01
7.184999999999999720e-02	-4.560868112664473450e-01	-3.218046489514802544e-01
7.190000000000000557e-02	-4.585282175164473450e-01	-3.193632427014802544e-01
7.195000000000000007e-02	-4.780594675164473450e-01	-3.388944927014802544e-01
7.199999999999999456e-02	-4.805008737664473450e-01	-3.364530864514802544e-01
7.205000000000000293e-02	-5.012528268914473450e-01	-3.559843364514802544e-01
7.209999999999999742e-02	-5.049149362664473450e-01	-3.584257427014802544e-01
7.215000000000000580e-02	-5.256668893914473450e-01	-3.779569927014802544e-01
7.220000000000000029e-02	-5.281082956414473450e-01	-3.755155864514802544e-01
7.224999999999999478e-02	-5.500809518914473450e-01	-3.974882427014802544e-01
7.230000000000000315e-02	-5.513016550164473450e-01	-3.974882427014802544e-01
7.234999999999999765e-02	-5.732743112664473450e-01	-4.145780864514802544e-01
7.240000000000000602e-02	-5.744950143914473450e-01	-4.145780864514802544e-01
7.245000000000000051e-02	-5.976883737664473450e-01	-4.365507427014802544e-01
7.249999999999999500e-02	-5.989090768914473450e-01	-4.341093364514802544e-01
7.255000000000000338e-02	-6.208817331414473450e-01	-4.511991802014802544e-01
7.259999999999999787e-02	-6.233231393914473450e-01	-4.536405864514802544e-01
7.265000000000000624e-02	-6.440750925164473450e-01	-4.731718364514802544e-01
7.270000000000000073e-02	-6.452957956414473450e-01	-4.731718364514802544e-01
7.274999999999999523e-02	-6.684891550164473450e-01	-4.927030864514802544e-01
7.280000000000000360e-02	-6.697098581414473450e-01	-4.902616802014802544e-01
7.284999999999999809e-02	-6.904618112664473450e-01	-5.122343364514801989e-01
7.290000000000000646e-02	-6.904618112664473450e-01	-5.097929302014801989e-01
7.295000000000000095e-02	-7.148758737664473450e-01	-5.317655864514801989e-01
7.299999999999999545e-02	-7.148758737664473450e-01	-5.317655864514801989e-01
7.305000000000000382e-02	-7.380692331414473450e-01	-5.488554302014801989e-01
7.309999999999999831e-02	-7.380692331414473450e-01	-5.488554302014801989e-01
7.315000000000000668e-02	-7.624832956414473450e-01	-5.708280864514801989e-01
7.320000000000000118e-02	-7.637039987664473450e-01	-5.683866802014801989e-01
7.324999999999999567e-02	-7.856766550164473450e-01	-5.879179302014801989e-01
7.330000000000000404e-02	-7.868973581414473450e-01	-5.879179302014801989e-01
7.334999999999999853e-02	-8.088700143914473450e-01	-6.074491802014801989e-01
7.340000000000000691e-02	-8.088700143914473450e-01	-6.074491802014801989e-01
7.345000000000000140e-02	-8.332840768914473450e-01	-6.269804302014803099e-01
7.349999999999999589e-02	-8.332840768914473450e-01	-6.269804302014803099e-01
7.355000000000000426e-02	-8.552567331414473450e-01	-6.465116802014803099e-01
7.359999999999999876e-02	-8.564774362664473450e-01	-6.465116802014803099e-01
7.364999999999999325e-02	-8.784500925164473450e-01	-6.684843364514803099e-01
7.370000000000000162e-02	-8.796707956414473450e-01	-6.660429302014803099e-01
7.374999999999999611e-02	-9.016434518914473450e-01	-6.855741802014803099e-01
7.380000000000000449e-02	-9.028641550164473450e-01	-6.831327739514803099e-01
7.384999999999999898e-02	-9.236161081414473450e-01	-7.051054302014803099e-01
7.389999999999999347e-02	-9.248368112664473450e-01	-7.026640239514803099e-01
7.395000000000000184e-02	-9.468094675164473450e-01	-7.246366802014803099e-01
7.399999999999999634e-02	-9.504715768914473450e-01	-7.221952739514803099e-01
7.405000000000000471e-02	-9.712235300164473450e-01	-7.441679302014803099e-01
7.409999999999999920e-02	-9.724442331414473450e-01	-7.417265239514803099e-01
7.414999999999999369e-02	-9.944168893914473450e-01	-7.612577739514803099e-01
7.420000000000000207e-02	-9.956375925164473450e-01	-7.588163677014803099e-01
7.424999999999999656e-02	-1.017610248766447345e+00	-7.807890239514803099e-01
7.430000000000000493e-02	-1.018830951891447345e+00	-7.807890239514803099e-01
7.434999999999999942e-02	-1.039582905016447345e+00	-8.027616802014803099e-01
7.439999999999999392e-02	-1.040803608141447345e+00	-8.003202739514803099e-01
7.445000000000000229e-02	-1.062776264391447345e+00	-8.222929302014803099e-01
7.449999999999999678e-02	-1.063996967516447345e+00	-8.174101177014803099e-01
7.455000000000000515e-02	-1.083528217516447345e+00	-8.393827739514803099e-01
7.459999999999999964e-02	-1.084748920641447345e+00	-8.369413677014803099e-01
7.464999999999999414e-02	-1.106721576891447345e+00	-8.564726177014803099e-01
7.470000000000000251e-02	-1.109162983141447345e+00	-8.564726177014803099e-01
7.474999999999999700e-02	-1.129914936266447345e+00	-8.784452739514803099e-01
7.480000000000000537e-02	-1.131135639391447345e+00	-8.784452739514803099e-01
7.484999999999999987e-02	-1.151887592516447345e+00	-8.979765239514803099e-01
7.489999999999999436e-02	-1.154328998766447345e+00	-8.979765239514803099e-01
7.495000000000000273e-02	-1.175080951891447345e+00	-9.175077739514803099e-01
7.499999999999999722e-02	-1.176301655016447345e+00	-9.150663677014803099e-01
7.505000000000000560e-02	-1.197053608141447345e+00	-9.345976177014803099e-01
7.510000000000000009e-02	-1.199495014391447345e+00	-9.345976177014803099e-01
7.514999999999999458e-02	-1.221467670641447345e+00	-9.541288677014803099e-01
7.520000000000000295e-02	-1.221467670641447345e+00	-9.541288677014803099e-01
7.524999999999999745e-02	-1.242219623766447345e+00	-9.736601177014803099e-01
7.530000000000000582e-02	-1.244661030016447345e+00	-9.712187114514803099e-01
7.535000000000000031e-02	-1.264192280016447345e+00	-9.931913677014803099e-01
7.539999999999999480e-02	-1.265412983141447345e+00	-9.907499614514803099e-01
7.545000000000000318e-02	-1.287385639391447345e+00	-1.012722617701480310e+00
7.549999999999999767e-02	-1.287385639391447345e+00	-1.010281211451480310e+00
7.555000000000000604e-02	-1.309358295641447345e+00	-1.032253867701480310e+00
7.560000000000000053e-02	-1.309358295641447345e+00	-1.032253867701480310e+00
7.564999999999999503e-02	-1.332551655016447345e+00	-1.051785117701480310e+00
7.570000000000000340e-02	-1.333772358141447345e+00	-1.049343711451480310e+00
7.574999999999999789e-02	-1.354524311266447345e+00	-1.068874961451480310e+00
7.580000000000000626e-02	-1.354524311266447345e+00	-1.068874961451480310e+00
7.585000000000000075e-02	-1.377717670641447345e+00	-1.090847617701480310e+00
7.589999999999999525e-02	-1.377717670641447345e+00	-1.088406211451480310e+00
7.595000000000000362e-02	-1.399690326891447345e+00	-1.110378867701480310e+00
0.000000000000000000e+00	-7.786543996710526550e-01	-5.821083470394736725e-01
5.000000000000000240e-05	-7.786543996710526550e-01	-5.821083470394736725e-01
1.000000000000000048e-04	-7.798751027960526550e-01	-5.821083470394736725e-01
1.499999999999999869e-04	-8.018477590460526550e-01	-6.040810032894736725e-01
2.000000000000000096e-04	-8.030684621710526550e-01	-5.991981907894736725e-01
2.500000000000000052e-04	-8.250411184210526550e-01	-6.211708470394736725e-01
2.999999999999999737e-04	-8.274825246710526550e-01	-6.211708470394736725e-01
3.499999999999999964e-04	-8.482344777960526550e-01	-6.382606907894736725e-01
4.000000000000000192e-04	-8.494551809210526550e-01	-6.382606907894736725e-01
4.499999999999999877e-04	-8.702071340460526550e-01	-6.577919407894736725e-01
5.000000000000000104e-04	-8.726485402960526550e-01	-6.602333470394736725e-01
5.500000000000000331e-04	-8.946211965460526550e-01	-6.797645970394736725e-01
5.999999999999999474e-04	-8.958418996710526550e-01	-6.773231907894736725e-01
6.499999999999999702e-04	-9.165938527960526550e-01	-6.968544407894736725e-01
6.999999999999999929e-04	-9.178145559210526550e-01	-6.968544407894736725e-01
7.500000000000000156e-04	-9.410079152960526550e-01	-7.188270970394736725e-01
8.000000000000000383e-04	-9.422286184210526550e-01	-7.163856907894736725e-01
8.499999999999999526e-04	-9.629805715460526550e-01	-7.407997532894736725e-01
8.999999999999999754e-04	-9.654219777960526550e-01	-7.334755345394736725e-01
9.499999999999999981e-04	-9.861739309210526550e-01	-7.578895970394736725e-01
1.000000000000000021e-03	-9.873946340460526550e-01	-7.530067845394736725e-01
1.049999999999999935e-03	-1.009367290296052655e+00	-7.774208470394736725e-01
1.100000000000000066e-03	-1.010587993421052655e+00	-7.749794407894736725e-01
1.149999999999999981e-03	-1.032560649671052655e+00	-7.945106907894736725e-01
1.199999999999999895e-03	-1.033781352796052655e+00	-7.920692845394736725e-01
1.250000000000000026e-03	-1.054533305921052655e+00	-8.140419407894736725e-01
1.299999999999999940e-03	-1.056974712171052655e+00	-8.116005345394736725e-01
1.350000000000000071e-03	-1.077726665296052655e+00	-8.311317845394736725e-01
1.399999999999999986e-03	-1.078947368421052655e+00	-8.335731907894736725e-01
1.449999999999999900e-03	-1.100920024671052655e+00	-8.506630345394736725e-01
1.500000000000000031e-03	-1.102140727796052655e+00	-8.555458470394736725e-01
1.549999999999999946e-03	-1.122892680921052655e+00	-8.726356907894736725e-01
1.600000000000000077e-03	-1.125334087171052655e+00	-8.701942845394736725e-01
1.649999999999999991e-03	-1.147306743421052655e+00	-8.897255345394736725e-01
1.699999999999999905e-03	-1.148527446546052655e+00	-8.872841282894736725e-01
1.750000000000000036e-03	-1.169279399671052655e+00	-9.092567845394736725e-01
1.799999999999999951e-03	-1.170500102796052655e+00	-9.092567845394736725e-01
1.850000000000000082e-03	-1.191252055921052655e+00	-9.287880345394736725e-01
1.899999999999999996e-03	-1.193693462171052655e+00	-9.287880345394736725e-01
1.949999999999999910e-03	-1.214445415296052655e+00	-9.483192845394736725e-01
2.000000000000000042e-03	-1.215666118421052655e+00	-9.483192845394736725e-01
2.050000000000000173e-03	-1.236418071546052655e+00	-9.678505345394736725e-01
2.099999999999999870e-03	-1.237638774671052655e+00	-9.654091282894736725e-01
2.150000000000000001e-03	-1.257170024671052655e+00	-9.898231907894736725e-01
2.200000000000000133e-03	-1.259611430921052655e+00	-9.873817845394736725e-01
2.249999999999999830e-03	-1.280363384046052655e+00	-1.006913034539473673e+00
2.299999999999999961e-03	-1.282804790296052655e+00	-1.004471628289473673e+00
2.350000000000000092e-03	-1.303556743421052655e+00	-1.026444284539473673e+00
2.399999999999999790e-03	-1.303556743421052655e+00	-1.024002878289473673e+00
2.449999999999999921e-03	-1.325529399671052655e+00	-1.045975534539473673e+00
2.500000000000000052e-03	-1.325529399671052655e+00	-1.043534128289473673e+00
2.550000000000000183e-03	-1.347502055921052655e+00	-1.065506784539473673e+00
2.599999999999999881e-03	-1.348722759046052655e+00	-1.065506784539473673e+00
2.650000000000000012e-03	-1.369474712171052655e+00	-1.082596628289473673e+00
2.700000000000000143e-03	-1.370695415296052655e+00	-1.080155222039473673e+00
2.749999999999999840e-03	-1.392668071546052655e+00	-1.104569284539473673e+00
2.799999999999999972e-03	-1.392668071546052655e+00	-1.102127878289473673e+00
2.850000000000000103e-03	-1.414640727796052655e+00	-1.121659128289473673e+00
2.899999999999999800e-03	-1.413420024671052655e+00	-1.116776315789473673e+00
2.949999999999999931e-03	-1.435392680921052655e+00	-1.138748972039473673e+00
3.000000000000000062e-03	-1.436613384046052655e+00	-1.111893503289473673e+00
3.050000000000000194e-03	-1.456144634046052655e+00	-1.131424753289473673e+00
3.099999999999999891e-03	-1.456144634046052655e+00	-1.092362253289473673e+00
3.150000000000000022e-03	-1.465910259046052655e+00	-1.111893503289473673e+00
3.200000000000000153e-03	-1.443937602796052655e+00	-1.075272409539473673e+00
3.249999999999999851e-03	-1.465910259046052655e+00	-1.094803659539473673e+00
3.299999999999999982e-03	-1.396330180921052655e+00	-1.053299753289473673e+00
3.350000000000000113e-03	-1.442716899671052655e+00	-1.075272409539473673e+00
3.399999999999999811e-03	-1.334074321546052655e+00	-1.036209909539473673e+00
3.449999999999999942e-03	-1.387785259046052655e+00	-1.055741159539473673e+00
3.500000000000000073e-03	-1.284025493421052655e+00	-1.016678659539473673e+00
3.550000000000000204e-03	-1.327970805921052655e+00	-1.036209909539473673e+00
3.599999999999999901e-03	-1.253507915296052655e+00	-9.995888157894736725e-01
3.650000000000000033e-03	-1.281584087171052655e+00	-1.019120065789473673e+00
3.700000000000000164e-03	-1.231535259046052655e+00	-9.800575657894736725e-01
3.749999999999999861e-03	-1.248625102796052655e+00	-9.995888157894736725e-01
3.799999999999999992e-03	-1.218107524671052655e+00	-9.605263157894736725e-01
3.850000000000000124e-03	-1.231535259046052655e+00	-9.800575657894736725e-01
3.899999999999999821e-03	-1.207121196546052655e+00	-9.409950657894736725e-01
3.950000000000000386e-03	-1.218107524671052655e+00	-9.629677220394736725e-01
4.000000000000000083e-03	-1.190031352796052655e+00	-9.214638157894736725e-01
4.049999999999999781e-03	-1.205900493421052655e+00	-9.434364720394736725e-01
4.100000000000000346e-03	-1.166837993421052655e+00	-9.019325657894736725e-01
4.150000000000000043e-03	-1.190031352796052655e+00	-9.239052220394736725e-01
4.199999999999999740e-03	-1.132658305921052655e+00	-8.848427220394736725e-01
4.250000000000000305e-03	-1.163175884046052655e+00	-9.043739720394736725e-01
4.300000000000000003e-03	-1.099699321546052655e+00	-8.677528782894736725e-01
4.349999999999999700e-03	-1.130216899671052655e+00	-8.848427220394736725e-01
4.400000000000000265e-03	-1.069181743421052655e+00	-8.433388157894736725e-01
4.449999999999999963e-03	-1.096037212171052655e+00	-8.653114720394736725e-01
4.499999999999999660e-03	-1.038664165296052655e+00	-8.262489720394736725e-01
4.550000000000000225e-03	-1.066740337171052655e+00	-8.482216282894736725e-01
4.599999999999999922e-03	-1.015470805921052655e+00	-8.067177220394736725e-01
4.649999999999999620e-03	-1.038664165296052655e+00	-8.262489720394736725e-01
4.700000000000000185e-03	-9.922774465460526550e-01	-7.871864720394736725e-01
4.749999999999999882e-03	-1.014250102796052655e+00	-8.067177220394736725e-01
4.799999999999999580e-03	-9.690840871710526550e-01	-7.700966282894736725e-01
4.850000000000000144e-03	-9.898360402960526550e-01	-7.920692845394736725e-01
4.899999999999999842e-03	-9.458907277960526550e-01	-7.530067845394736725e-01
4.950000000000000407e-03	-9.690840871710526550e-01	-7.700966282894736725e-01
5.000000000000000104e-03	-9.214766652960526550e-01	-7.334755345394736725e-01
5.049999999999999802e-03	-9.446700246710526550e-01	-7.505653782894736725e-01
5.100000000000000366e-03	-8.934004934210526550e-01	-7.115028782894736725e-01
5.150000000000000064e-03	-9.178145559210526550e-01	-7.334755345394736725e-01
5.199999999999999761e-03	-8.665450246710526550e-01	-6.919716282894736725e-01
5.250000000000000326e-03	-8.921797902960526550e-01	-7.115028782894736725e-01
5.300000000000000024e-03	-8.396895559210526550e-01	-6.748817845394736725e-01
5.349999999999999721e-03	-8.628829152960526550e-01	-6.944130345394736725e-01
5.400000000000000286e-03	-8.116133840460526550e-01	-6.529091282894736725e-01
5.449999999999999983e-03	-8.372481496710526550e-01	-6.748817845394736725e-01
5.499999999999999681e-03	-7.859786184210526550e-01	-6.358192845394736725e-01
5.550000000000000246e-03	-8.116133840460526550e-01	-6.553505345394736725e-01
5.599999999999999943e-03	-7.615645559210526550e-01	-6.162880345394736725e-01
5.649999999999999641e-03	-7.847579152960526550e-01	-6.382606907894736725e-01
5.700000000000000205e-03	-7.359297902960526550e-01	-5.991981907894736725e-01
5.749999999999999903e-03	-7.615645559210526550e-01	-6.162880345394736725e-01
5.799999999999999600e-03	-7.127364309210526550e-01	-5.796669407894736725e-01
5.850000000000000165e-03	-7.347090871710526550e-01	-5.991981907894736725e-01
5.899999999999999863e-03	-6.846602590460526550e-01	-5.576942845394736725e-01
5.950000000000000427e-03	-7.090743215460526550e-01	-5.796669407894736725e-01
6.000000000000000125e-03	-6.602461965460526550e-01	-5.381630345394736725e-01
6.049999999999999822e-03	-6.846602590460526550e-01	-5.601356907894736725e-01
6.100000000000000387e-03	-6.346114309210526550e-01	-5.186317845394736725e-01
6.150000000000000085e-03	-6.590254934210526550e-01	-5.406044407894736725e-01
6.199999999999999782e-03	-6.077559621710526550e-01	-5.015419407894736725e-01
6.250000000000000347e-03	-6.333907277960526550e-01	-5.235145970394736725e-01
6.300000000000000044e-03	-5.821211965460526550e-01	-4.820106907894736725e-01
6.349999999999999742e-03	-6.053145559210526550e-01	-5.039833470394736725e-01
6.400000000000000307e-03	-5.564864309210526550e-01	-4.624794407894736725e-01
6.450000000000000004e-03	-5.784590871710526550e-01	-4.844520970394736725e-01
6.499999999999999702e-03	-5.296309621710526550e-01	-4.453895970394736725e-01
6.550000000000000266e-03	-5.540450246710526550e-01	-4.649208470394736725e-01
6.599999999999999964e-03	-5.052168996710526550e-01	-4.234169407894736725e-01
6.649999999999999661e-03	-5.271895559210526550e-01	-4.478310032894736725e-01
6.700000000000000226e-03	-4.795821340460526550e-01	-4.063270970394736725e-01
6.749999999999999924e-03	-5.039961965460526550e-01	-4.282997532894736725e-01
6.799999999999999621e-03	-4.551680715460526550e-01	-3.867958470394736725e-01
6.850000000000000186e-03	-4.783614309210526550e-01	-4.087685032894736725e-01
6.899999999999999883e-03	-4.295333059210526550e-01	-3.672645970394736725e-01
6.949999999999999581e-03	-4.527266652960526550e-01	-3.867958470394736725e-01
7.000000000000000146e-03	-4.038985402960526550e-01	-3.477333470394736725e-01
7.049999999999999843e-03	-4.270918996710526550e-01	-3.672645970394736725e-01
7.100000000000000408e-03	-3.782637746710526550e-01	-3.306435032894736725e-01
7.150000000000000105e-03	-4.014571340460526550e-01	-3.501747532894736725e-01
7.199999999999999803e-03	-3.526290090460526550e-01	-3.111122532894736725e-01
7.250000000000000368e-03	-3.758223684210526550e-01	-3.306435032894736725e-01
7.300000000000000065e-03	-3.269942434210526550e-01	-2.915810032894736725e-01
7.349999999999999763e-03	-3.514083059210526550e-01	-3.111122532894736725e-01
7.400000000000000328e-03	-3.025801809210525994e-01	-2.696083470394736725e-01
7.450000000000000025e-03	-3.245528371710526550e-01	-2.915810032894736725e-01
7.499999999999999722e-03	-2.769454152960525994e-01	-2.525185032894736725e-01
7.550000000000000287e-03	-2.989180715460525994e-01	-2.696083470394736725e-01
7.599999999999999985e-03	-2.513106496710525994e-01	-2.329872532894736725e-01
7.649999999999999682e-03	-2.732833059210525994e-01	-2.525185032894736725e-01
7.700000000000000247e-03	-2.268965871710526272e-01	-2.110145970394736725e-01
7.749999999999999944e-03	-2.488692434210526272e-01	-2.329872532894736725e-01
7.799999999999999642e-03	-2.012618215460526272e-01	-1.939247532894736725e-01
7.849999999999999339e-03	-2.244551809210526272e-01	-2.134560032894736725e-01
7.900000000000000772e-03	-1.756270559210526272e-01	-1.743935032894736725e-01
7.950000000000000469e-03	-1.988204152960526272e-01	-1.988075657894736725e-01
8.000000000000000167e-03	-1.499922902960526272e-01	-1.548622532894736725e-01
8.049999999999999864e-03	-1.744063527960526272e-01	-1.768349095394736725e-01
8.099999999999999561e-03	-1.255782277960526272e-01	-1.377724095394736725e-01
8.149999999999999259e-03	-1.487715871710526272e-01	-1.597450657894736725e-01
8.200000000000000691e-03	-1.023848684210526411e-01	-1.182411595394736864e-01
8.250000000000000389e-03	-1.231368215460526411e-01	-1.377724095394736725e-01
8.300000000000000086e-03	-7.675010279605264107e-02	-9.626850328947368640e-02
8.349999999999999784e-03	-9.994346217105264107e-02	-1.182411595394736864e-01
8.399999999999999481e-03	-4.989463404605264107e-02	-7.917865953947368640e-02
8.449999999999999178e-03	-7.430869654605264107e-02	-1.011513157894736864e-01
8.500000000000000611e-03	-2.548057154605263414e-02	-5.720600328947368640e-02
8.550000000000000308e-03	-4.867393092105264107e-02	-7.917865953947368640e-02
8.600000000000000006e-03	-1.066509046052633268e-03	-4.255756578947368640e-02
8.649999999999999703e-03	-2.425986842105263414e-02	-6.208881578947368640e-02
8.699999999999999400e-03	2.334755345394736586e-02	-2.058490953947368293e-02
8.750000000000000833e-03	1.541940789473667320e-04	-4.011615953947368640e-02
8.800000000000000530e-03	4.654091282894735893e-02	-1.053659539473682065e-03
8.850000000000000228e-03	2.578895970394736586e-02	-2.302631578947368293e-02
8.899999999999999925e-03	7.095497532894735893e-02	1.603618421052631707e-02
8.949999999999999623e-03	4.776161595394735893e-02	-3.495065789473682065e-03
8.999999999999999320e-03	9.536903782894735893e-02	3.312602796052632054e-02
9.050000000000000752e-03	7.339638157894735893e-02	1.603618421052631707e-02
9.100000000000000450e-03	1.222245065789473589e-01	5.265727796052631360e-02
9.150000000000000147e-03	9.781044407894735893e-02	3.312602796052632054e-02
9.199999999999999845e-03	1.441971628289473728e-01	7.218852796052631360e-02
9.249999999999999542e-03	1.222245065789473589e-01	5.265727796052631360e-02
9.299999999999999239e-03	1.710526315789473728e-01	9.171977796052631360e-02
9.350000000000000672e-03	1.466385690789473728e-01	6.974712171052631360e-02
9.400000000000000369e-03	1.930252878289473728e-01	1.112510279605263136e-01
9.450000000000000067e-03	1.710526315789473728e-01	8.927837171052631360e-02
9.499999999999999764e-03	2.174393503289473728e-01	1.307822779605263275e-01
9.549999999999999462e-03	1.979081003289473728e-01	1.112510279605263136e-01
9.599999999999999159e-03	2.430741159539473728e-01	1.503135279605263275e-01
9.650000000000000591e-03	2.211014597039473728e-01	1.283408717105263275e-01
9.700000000000000289e-03	2.662674753289474006e-01	1.674033717105263275e-01
9.749999999999999986e-03	2.455155222039473728e-01	1.454307154605263275e-01
9.799999999999999684e-03	2.906815378289474006e-01	1.893760279605263275e-01
9.849999999999999381e-03	2.687088815789474006e-01	1.649619654605263275e-01
9.900000000000000813e-03	3.163163034539473450e-01	2.064658717105263275e-01
9.950000000000000511e-03	2.931229440789474006e-01	1.869346217105263275e-01
1.000000000000000021e-02	3.407303659539473450e-01	2.235557154605263275e-01
1.004999999999999991e-02	3.175370065789473450e-01	2.064658717105263275e-01
1.009999999999999960e-02	3.651444284539473450e-01	2.455283717105263275e-01
1.014999999999999930e-02	3.407303659539473450e-01	2.259971217105263275e-01
1.020000000000000073e-02	3.895584909539473450e-01	2.626182154605263275e-01
1.025000000000000043e-02	3.651444284539473450e-01	2.430869654605263275e-01
1.030000000000000013e-02	4.139725534539473450e-01	2.845908717105263275e-01
1.034999999999999983e-02	3.907791940789473450e-01	2.626182154605263275e-01
1.039999999999999952e-02	4.371659128289473450e-01	3.041221217105263275e-01
1.044999999999999922e-02	4.139725534539473450e-01	2.821494654605263275e-01
1.050000000000000065e-02	4.603592722039473450e-01	3.212119654605263275e-01
1.055000000000000035e-02	4.396073190789473450e-01	2.992393092105263275e-01
1.060000000000000005e-02	4.835526315789473450e-01	3.407432154605263275e-01
1.064999999999999974e-02	4.640213815789473450e-01	3.212119654605263275e-01
1.069999999999999944e-02	5.091873972039473450e-01	3.602744654605263275e-01
1.074999999999999914e-02	4.859940378289473450e-01	3.407432154605263275e-01
1.080000000000000057e-02	5.323807565789473450e-01	3.798057154605263275e-01
1.085000000000000027e-02	5.091873972039473450e-01	3.602744654605263275e-01
1.089999999999999997e-02	5.567948190789473450e-01	4.017783717105263275e-01
1.094999999999999966e-02	5.336014597039473450e-01	3.798057154605263275e-01
1.099999999999999936e-02	5.799881784539473450e-01	4.213096217105263275e-01
1.105000000000000079e-02	5.580155222039473450e-01	3.968955592105263275e-01
1.110000000000000049e-02	6.044022409539473450e-01	4.359580592105263275e-01
1.115000000000000019e-02	5.812088815789473450e-01	4.164268092105263275e-01
1.119999999999999989e-02	6.275956003289473450e-01	4.579307154605263275e-01
1.124999999999999958e-02	6.068436472039473450e-01	4.359580592105263275e-01
1.129999999999999928e-02	6.507889597039473450e-01	4.774619654605263275e-01
1.135000000000000071e-02	6.288163034539473450e-01	4.554893092105263275e-01
1.140000000000000041e-02	6.739823190789473450e-01	4.969932154605263275e-01
1.145000000000000011e-02	6.532303659539473450e-01	4.750205592105263275e-01
1.149999999999999981e-02	6.983963815789473450e-01	5.140830592105263275e-01
1.154999999999999950e-02	6.764237253289473450e-01	4.921104029605263275e-01
1.159999999999999920e-02	7.215897409539473450e-01	5.336143092105263275e-01
1.165000000000000063e-02	6.996170847039473450e-01	5.116416529605263275e-01
1.170000000000000033e-02	7.460038034539473450e-01	5.555869654605263275e-01
1.175000000000000003e-02	7.240311472039473450e-01	5.311729029605263275e-01
1.179999999999999973e-02	7.691971628289473450e-01	5.702354029605263275e-01
1.184999999999999942e-02	7.484452097039473450e-01	5.531455592105263275e-01
1.190000000000000085e-02	7.936112253289473450e-01	5.897666529605263275e-01
1.195000000000000055e-02	7.716385690789473450e-01	5.702354029605263275e-01
1.200000000000000025e-02	8.168045847039473450e-01	6.117393092105263275e-01
1.204999999999999995e-02	7.960526315789473450e-01	5.922080592105263275e-01
1.209999999999999964e-02	8.399979440789473450e-01	6.288291529605263275e-01
1.214999999999999934e-02	8.180252878289473450e-01	6.092979029605263275e-01
1.220000000000000077e-02	8.631913034539473450e-01	6.483604029605263275e-01
1.225000000000000047e-02	8.412186472039473450e-01	6.288291529605263275e-01
1.230000000000000017e-02	8.863846628289473450e-01	6.678916529605263275e-01
1.234999999999999987e-02	8.644120065789473450e-01	6.459189967105263275e-01
1.239999999999999956e-02	9.083573190789473450e-01	6.874229029605263275e-01
1.244999999999999926e-02	8.876053659539473450e-01	6.654502467105263275e-01
1.250000000000000069e-02	9.315506784539473450e-01	7.069541529605263275e-01
1.255000000000000039e-02	9.095780222039473450e-01	6.874229029605263275e-01
1.260000000000000009e-02	9.547440378289473450e-01	7.264854029605263275e-01
1.264999999999999979e-02	9.339920847039473450e-01	7.045127467105263275e-01
1.269999999999999948e-02	9.779373972039473450e-01	7.435752467105263275e-01
1.274999999999999918e-02	9.571854440789473450e-01	7.240439967105263275e-01
1.280000000000000061e-02	1.001130756578947345e+00	7.631064967105263275e-01
1.285000000000000031e-02	9.803788034539473450e-01	7.435752467105263275e-01
1.290000000000000001e-02	1.024324115953947345e+00	7.826377467105263275e-01
1.294999999999999971e-02	1.003572162828947345e+00	7.631064967105263275e-01
1.299999999999999940e-02	1.047517475328947345e+00	8.046104029605263275e-01
1.305000000000000084e-02	1.026765522203947345e+00	7.826377467105263275e-01
1.310000000000000053e-02	1.070710834703947345e+00	8.217002467105263275e-01
1.315000000000000023e-02	1.048738178453947345e+00	8.021689967105263275e-01
1.319999999999999993e-02	1.092683490953947345e+00	8.412314967105263275e-01
1.324999999999999963e-02	1.071931537828947345e+00	8.217002467105263275e-01
1.329999999999999932e-02	1.115876850328947345e+00	8.607627467105263275e-01
1.335000000000000075e-02	1.095124897203947345e+00	8.412314967105263275e-01
1.340000000000000045e-02	1.140290912828947345e+00	8.778525904605263275e-01
1.345000000000000015e-02	1.117097553453947345e+00	8.583213404605263275e-01
1.349999999999999985e-02	1.162263569078947345e+00	8.973838404605263275e-01
1.354999999999999954e-02	1.139070209703947345e+00	8.754111842105263275e-01
1.359999999999999924e-02	1.184236225328947345e+00	9.193564967105263275e-01
1.365000000000000067e-02	1.162263569078947345e+00	8.973838404605263275e-01
1.370000000000000037e-02	1.207429584703947345e+00	9.364463404605263275e-01
1.375000000000000007e-02	1.186677631578947345e+00	9.169150904605263275e-01
1.379999999999999977e-02	1.230622944078947345e+00	9.535361842105263275e-01
1.384999999999999946e-02	1.209870990953947345e+00	9.364463404605263275e-01
1.389999999999999916e-02	1.255037006578947345e+00	9.779502467105263275e-01
1.395000000000000059e-02	1.231843647203947345e+00	9.535361842105263275e-01
1.400000000000000029e-02	1.275788959703947345e+00	9.925986842105263275e-01
1.404999999999999999e-02	1.255037006578947345e+00	9.755088404605263275e-01
1.409999999999999969e-02	1.298982319078947345e+00	1.012129934210526327e+00
1.414999999999999938e-02	1.277009662828947345e+00	9.925986842105263275e-01
1.420000000000000082e-02	1.320954975328947345e+00	1.034102590460526327e+00
1.425000000000000051e-02	1.300203022203947345e+00	1.014571340460526327e+00
1.430000000000000021e-02	1.342927631578947345e+00	1.051192434210526327e+00
1.434999999999999991e-02	1.322175678453947345e+00	1.031661184210526327e+00
1.439999999999999961e-02	1.364900287828947345e+00	1.070723684210526327e+00
1.444999999999999930e-02	1.344148334703947345e+00	1.051192434210526327e+00
1.450000000000000074e-02	1.386872944078947345e+00	1.090254934210526327e+00
1.455000000000000043e-02	1.366120990953947345e+00	1.070723684210526327e+00
1.460000000000000013e-02	1.408845600328947345e+00	1.109786184210526327e+00
1.464999999999999983e-02	1.389314350328947345e+00	1.087813527960526327e+00
1.469999999999999953e-02	1.433259662828947345e+00	1.126876027960526327e+00
1.474999999999999922e-02	1.411287006578947345e+00	1.109786184210526327e+00
1.480000000000000066e-02	1.454011615953947345e+00	1.146407277960526327e+00
1.485000000000000035e-02	1.433259662828947345e+00	1.129317434210526327e+00
1.490000000000000005e-02	1.475984272203947345e+00	1.165938527960526327e+00
1.494999999999999975e-02	1.455232319078947345e+00	1.146407277960526327e+00
1.499999999999999944e-02	1.497956928453947345e+00	1.187911184210526327e+00
1.504999999999999914e-02	1.478425678453947345e+00	1.165938527960526327e+00
1.510000000000000057e-02	1.519929584703947345e+00	1.202559621710526327e+00
1.515000000000000027e-02	1.499177631578947345e+00	1.183028371710526327e+00
1.519999999999999997e-02	1.540681537828947345e+00	1.195235402960526327e+00
1.524999999999999967e-02	1.521150287828947345e+00	1.175704152960526327e+00
1.529999999999999936e-02	1.549226459703947345e+00	1.175704152960526327e+00
1.535000000000000080e-02	1.541902240953947345e+00	1.156172902960526327e+00
1.540000000000000049e-02	1.548005756578947345e+00	1.156172902960526327e+00
1.545000000000000019e-02	1.523591694078947345e+00	1.134200246710526327e+00
1.549999999999999989e-02	1.518708881578947345e+00	1.136641652960526327e+00
1.554999999999999959e-02	1.468660053453947345e+00	1.117110402960526327e+00
1.559999999999999928e-02	1.462556537828947345e+00	1.119551809210526327e+00
1.565000000000000072e-02	1.406404194078947345e+00	1.100020559210526327e+00
1.569999999999999868e-02	1.401521381578947345e+00	1.100020559210526327e+00
1.575000000000000011e-02	1.361238178453947345e+00	1.078047902960526327e+00
1.580000000000000154e-02	1.356355365953947345e+00	1.082930715460526327e+00
1.584999999999999951e-02	1.331941303453947345e+00	1.060958059210526327e+00
1.590000000000000094e-02	1.331941303453947345e+00	1.060958059210526327e+00
1.594999999999999890e-02	1.314851459703947345e+00	1.041426809210526327e+00
1.600000000000000033e-02	1.313630756578947345e+00	1.043868215460526327e+00
1.604999999999999830e-02	1.301423725328947345e+00	1.021895559210526327e+00
1.609999999999999973e-02	1.302644428453947345e+00	1.024336965460526327e+00
1.615000000000000116e-02	1.290437397203947345e+00	1.002364309210526327e+00
1.619999999999999912e-02	1.289216694078947345e+00	1.004805715460526327e+00
1.625000000000000056e-02	1.273347553453947345e+00	9.852744654605263275e-01
1.629999999999999852e-02	1.270906147203947345e+00	9.852744654605263275e-01
1.634999999999999995e-02	1.245271381578947345e+00	9.657432154605263275e-01
1.640000000000000138e-02	1.242829975328947345e+00	9.681846217105263275e-01
1.644999999999999934e-02	1.212312397203947345e+00	9.462119654605263275e-01
1.650000000000000078e-02	1.209870990953947345e+00	9.486533717105263275e-01
1.654999999999999874e-02	1.179353412828947345e+00	9.291221217105263275e-01
1.660000000000000017e-02	1.174470600328947345e+00	9.266807154605263275e-01
1.665000000000000160e-02	1.147615131578947345e+00	9.095908717105263275e-01
1.669999999999999957e-02	1.143953022203947345e+00	9.120322779605263275e-01
1.675000000000000100e-02	1.121980365953947345e+00	8.876182154605263275e-01
1.679999999999999896e-02	1.119538959703947345e+00	8.900596217105263275e-01
1.685000000000000039e-02	1.096345600328947345e+00	8.705283717105263275e-01
1.689999999999999836e-02	1.095124897203947345e+00	8.729697779605263275e-01
1.694999999999999979e-02	1.073152240953947345e+00	8.509971217105263275e-01
1.700000000000000122e-02	1.073152240953947345e+00	8.534385279605263275e-01
1.704999999999999918e-02	1.051179584703947345e+00	8.339072779605263275e-01
1.710000000000000062e-02	1.049958881578947345e+00	8.314658717105263275e-01
1.714999999999999858e-02	1.027986225328947345e+00	8.119346217105263275e-01
1.720000000000000001e-02	1.025544819078947345e+00	8.168174342105263275e-01
1.725000000000000144e-02	1.001130756578947345e+00	7.948447779605263275e-01
1.729999999999999941e-02	9.986893503289473450e-01	7.972861842105263275e-01
1.735000000000000084e-02	9.718338815789473450e-01	7.728721217105263275e-01
1.739999999999999880e-02	9.706131784539473450e-01	7.777549342105263275e-01
1.745000000000000023e-02	9.449784128289473450e-01	7.557822779605263275e-01
1.750000000000000167e-02	9.437577097039473450e-01	7.582236842105263275e-01
1.754999999999999963e-02	9.193436472039473450e-01	7.362510279605263275e-01
1.760000000000000106e-02	9.181229440789473450e-01	7.386924342105263275e-01
1.764999999999999902e-02	8.937088815789473450e-01	7.191611842105263275e-01
1.770000000000000046e-02	8.912674753289473450e-01	7.216025904605263275e-01
1.774999999999999842e-02	8.668534128289473450e-01	6.996299342105263275e-01
1.779999999999999985e-02	8.644120065789473450e-01	6.996299342105263275e-01
1.785000000000000128e-02	8.436600534539473450e-01	6.825400904605263275e-01
1.789999999999999925e-02	8.399979440789473450e-01	6.825400904605263275e-01
1.795000000000000068e-02	8.192459909539473450e-01	6.630088404605263275e-01
1.799999999999999864e-02	8.155838815789473450e-01	6.630088404605263275e-01
1.805000000000000007e-02	7.911698190789473450e-01	6.434775904605263275e-01
1.810000000000000150e-02	7.911698190789473450e-01	6.434775904605263275e-01
1.814999999999999947e-02	7.667557565789473450e-01	6.215049342105263275e-01
1.820000000000000090e-02	7.643143503289473450e-01	6.263877467105263275e-01
1.824999999999999886e-02	7.399002878289473450e-01	6.044150904605263275e-01
1.830000000000000029e-02	7.386795847039473450e-01	6.068564967105263275e-01
1.835000000000000173e-02	7.142655222039473450e-01	5.848838404605263275e-01
1.839999999999999969e-02	7.106034128289473450e-01	5.873252467105263275e-01
1.845000000000000112e-02	6.874100534539473450e-01	5.653525904605263275e-01
1.849999999999999908e-02	6.861893503289473450e-01	5.653525904605263275e-01
1.855000000000000052e-02	6.629959909539473450e-01	5.458213404605263275e-01
1.859999999999999848e-02	6.617752878289473450e-01	5.482627467105263275e-01
1.864999999999999991e-02	6.385819284539473450e-01	5.287314967105263275e-01
1.870000000000000134e-02	6.361405222039473450e-01	5.287314967105263275e-01
1.874999999999999931e-02	6.129471628289473450e-01	5.092002467105263275e-01
1.880000000000000074e-02	6.117264597039473450e-01	5.067588404605263275e-01
1.884999999999999870e-02	5.885331003289473450e-01	4.896689967105263275e-01
1.890000000000000013e-02	5.848709909539473450e-01	4.896689967105263275e-01
1.895000000000000157e-02	5.616776315789473450e-01	4.701377467105263275e-01
1.899999999999999953e-02	5.604569284539473450e-01	4.725791529605263275e-01
1.905000000000000096e-02	5.372635690789473450e-01	4.506064967105263275e-01
1.909999999999999892e-02	5.348221628289473450e-01	4.530479029605263275e-01
1.915000000000000036e-02	5.116288034539473450e-01	4.310752467105263275e-01
1.919999999999999832e-02	5.091873972039473450e-01	4.335166529605263275e-01
1.924999999999999975e-02	4.847733347039473450e-01	4.139854029605263275e-01
1.930000000000000118e-02	4.823319284539473450e-01	4.139854029605263275e-01
1.934999999999999915e-02	4.591385690789473450e-01	3.944541529605263275e-01
1.940000000000000058e-02	4.566971628289473450e-01	3.920127467105263275e-01
1.944999999999999854e-02	4.335038034539473450e-01	3.724814967105263275e-01
1.949999999999999997e-02	4.322831003289473450e-01	3.749229029605263275e-01
1.955000000000000140e-02	4.078690378289473450e-01	3.553916529605263275e-01
1.959999999999999937e-02	4.078690378289473450e-01	3.553916529605263275e-01
1.965000000000000080e-02	3.834549753289473450e-01	3.358604029605263275e-01
1.969999999999999876e-02	3.822342722039473450e-01	3.383018092105263275e-01
1.975000000000000019e-02	3.590409128289473450e-01	3.138877467105263275e-01
1.980000000000000163e-02	3.578202097039473450e-01	3.163291529605263275e-01
1.984999999999999959e-02	3.346268503289473450e-01	2.992393092105263275e-01
1.990000000000000102e-02	3.334061472039473450e-01	2.992393092105263275e-01
1.994999999999999898e-02	3.077713815789474006e-01	2.772666529605263275e-01
2.000000000000000042e-02	3.077713815789474006e-01	2.772666529605263275e-01
2.004999999999999838e-02	2.833573190789474006e-01	2.601768092105263275e-01
2.009999999999999981e-02	2.821366159539474006e-01	2.601768092105263275e-01
2.015000000000000124e-02	2.577225534539474006e-01	2.406455592105263275e-01
2.019999999999999921e-02	2.565018503289474006e-01	2.430869654605263275e-01
2.025000000000000064e-02	2.333084909539473728e-01	2.186729029605263275e-01
2.029999999999999860e-02	2.308670847039473728e-01	2.235557154605263275e-01
2.035000000000000003e-02	2.088944284539473728e-01	2.015830592105263275e-01
2.040000000000000147e-02	2.076737253289473728e-01	2.015830592105263275e-01
2.044999999999999943e-02	1.832596628289473728e-01	1.796104029605263275e-01
2.050000000000000086e-02	1.820389597039473728e-01	1.844932154605263275e-01
2.054999999999999882e-02	1.588456003289473728e-01	1.625205592105263275e-01
2.060000000000000026e-02	1.576248972039473728e-01	1.625205592105263275e-01
2.065000000000000169e-02	1.332108347039473728e-01	1.429893092105263275e-01
2.069999999999999965e-02	1.332108347039473728e-01	1.429893092105263275e-01
2.075000000000000108e-02	1.075760690789473589e-01	1.234580592105263136e-01
2.079999999999999905e-02	1.063553659539473589e-01	1.258994654605263275e-01
2.085000000000000048e-02	8.438270970394735893e-02	1.039268092105263136e-01
2.089999999999999844e-02	8.194130345394735893e-02	1.039268092105263136e-01
2.094999999999999987e-02	5.996864720394735893e-02	8.683696546052631360e-02
2.100000000000000130e-02	5.630653782894735893e-02	8.683696546052631360e-02
2.104999999999999927e-02	3.433388157894736586e-02	6.730571546052631360e-02
2.110000000000000070e-02	3.311317845394736586e-02	6.730571546052631360e-02
2.114999999999999866e-02	1.114052220394736586e-02	5.021587171052631360e-02
2.120000000000000009e-02	8.699115953947365865e-03	4.777446546052631360e-02
2.125000000000000153e-02	-1.327354029605263414e-02	3.068462171052631707e-02
2.129999999999999949e-02	-1.449424342105263414e-02	3.312602796052632054e-02
2.135000000000000092e-02	-3.768760279605263414e-02	1.115337171052631707e-02
2.139999999999999888e-02	-3.890830592105263414e-02	8.711965460526317068e-03
2.145000000000000032e-02	-6.210166529605264107e-02	-8.377878289473682932e-03
2.149999999999999828e-02	-6.576377467105264107e-02	-8.377878289473682932e-03
2.154999999999999971e-02	-8.773643092105264107e-02	-2.546772203947368293e-02
2.160000000000000114e-02	-8.895713404605264107e-02	-2.546772203947368293e-02
2.164999999999999911e-02	-1.121504934210526411e-01	-4.744037828947368640e-02
2.170000000000000054e-02	-1.133711965460526411e-01	-4.499897203947368640e-02
2.174999999999999850e-02	-1.353438527960526272e-01	-6.697162828947368640e-02
2.179999999999999993e-02	-1.377852590460526272e-01	-6.453022203947368640e-02
2.185000000000000137e-02	-1.609786184210526272e-01	-8.406147203947368640e-02
2.189999999999999933e-02	-1.621993215460526272e-01	-8.406147203947368640e-02
2.195000000000000076e-02	-1.853926809210526272e-01	-1.035927220394736864e-01
2.199999999999999872e-02	-1.866133840460526272e-01	-1.035927220394736864e-01
2.205000000000000016e-02	-2.085860402960526272e-01	-1.231239720394736864e-01
2.210000000000000159e-02	-2.110274465460526272e-01	-1.231239720394736864e-01
2.214999999999999955e-02	-2.330001027960526272e-01	-1.426552220394736725e-01
2.220000000000000098e-02	-2.354415090460526272e-01	-1.426552220394736725e-01
2.224999999999999895e-02	-2.586348684210525994e-01	-1.621864720394736725e-01
2.230000000000000038e-02	-2.598555715460525994e-01	-1.621864720394736725e-01
2.234999999999999834e-02	-2.830489309210525994e-01	-1.792763157894736725e-01
2.239999999999999977e-02	-2.830489309210525994e-01	-1.792763157894736725e-01
2.245000000000000120e-02	-3.050215871710525994e-01	-2.012489720394736725e-01
2.249999999999999917e-02	-3.086836965460525994e-01	-1.988075657894736725e-01
2.255000000000000060e-02	-3.294356496710526550e-01	-2.183388157894736725e-01
2.259999999999999856e-02	-3.318770559210526550e-01	-2.183388157894736725e-01
2.264999999999999999e-02	-3.550704152960526550e-01	-2.378700657894736725e-01
2.270000000000000143e-02	-3.550704152960526550e-01	-2.378700657894736725e-01
2.274999999999999939e-02	-3.782637746710526550e-01	-2.574013157894736725e-01
2.280000000000000082e-02	-3.794844777960526550e-01	-2.574013157894736725e-01
2.284999999999999878e-02	-4.026778371710526550e-01	-2.769325657894736725e-01
2.290000000000000022e-02	-4.038985402960526550e-01	-2.769325657894736725e-01
2.295000000000000165e-02	-4.246504934210526550e-01	-2.964638157894736725e-01
2.299999999999999961e-02	-4.270918996710526550e-01	-2.940224095394736725e-01
2.305000000000000104e-02	-4.478438527960526550e-01	-3.159950657894736725e-01
2.309999999999999901e-02	-4.515059621710526550e-01	-3.135536595394736725e-01
2.315000000000000044e-02	-4.734786184210526550e-01	-3.330849095394736725e-01
2.319999999999999840e-02	-4.759200246710526550e-01	-3.330849095394736725e-01
2.324999999999999983e-02	-4.978926809210526550e-01	-3.550575657894736725e-01
2.330000000000000127e-02	-5.003340871710526550e-01	-3.526161595394736725e-01
2.334999999999999923e-02	-5.223067434210526550e-01	-3.745888157894736725e-01
2.340000000000000066e-02	-5.235274465460526550e-01	-3.697060032894736725e-01
2.344999999999999862e-02	-5.455001027960526550e-01	-3.916786595394736725e-01
2.350000000000000006e-02	-5.467208059210526550e-01	-3.916786595394736725e-01
2.355000000000000149e-02	-5.686934621710526550e-01	-4.112099095394736725e-01
2.359999999999999945e-02	-5.699141652960526550e-01	-4.112099095394736725e-01
2.365000000000000088e-02	-5.906661184210526550e-01	-4.307411595394736725e-01
2.369999999999999885e-02	-5.931075246710526550e-01	-4.282997532894736725e-01
2.375000000000000028e-02	-6.163008840460526550e-01	-4.502724095394736725e-01
2.380000000000000171e-02	-6.175215871710526550e-01	-4.478310032894736725e-01
2.384999999999999967e-02	-6.394942434210526550e-01	-4.698036595394736725e-01
2.390000000000000110e-02	-6.419356496710526550e-01	-4.698036595394736725e-01
2.394999999999999907e-02	-6.639083059210526550e-01	-4.868935032894736725e-01
2.400000000000000050e-02	-6.651290090460526550e-01	-4.868935032894736725e-01
2.404999999999999846e-02	-6.871016652960526550e-01	-5.088661595394736725e-01
2.409999999999999989e-02	-6.858809621710526550e-01	-5.064247532894736725e-01
2.415000000000000133e-02	-7.115157277960526550e-01	-5.259560032894736725e-01
2.419999999999999929e-02	-7.115157277960526550e-01	-5.259560032894736725e-01
2.425000000000000072e-02	-7.334883840460526550e-01	-5.454872532894736725e-01
2.429999999999999868e-02	-7.347090871710526550e-01	-5.454872532894736725e-01
2.435000000000000012e-02	-7.579024465460526550e-01	-5.650185032894736725e-01
2.440000000000000155e-02	-7.591231496710526550e-01	-5.650185032894736725e-01
2.444999999999999951e-02	-7.798751027960526550e-01	-5.845497532894736725e-01
2.450000000000000094e-02	-7.823165090460526550e-01	-5.845497532894736725e-01
2.454999999999999891e-02	-8.030684621710526550e-01	-6.040810032894736725e-01
2.460000000000000034e-02	-8.055098684210526550e-01	-6.016395970394736725e-01
2.464999999999999830e-02	-8.262618215460526550e-01	-6.211708470394736725e-01
2.469999999999999973e-02	-8.287032277960526550e-01	-6.211708470394736725e-01
2.475000000000000117e-02	-8.506758840460526550e-01	-6.407020970394736725e-01
2.479999999999999913e-02	-8.518965871710526550e-01	-6.407020970394736725e-01
2.485000000000000056e-02	-8.750899465460526550e-01	-6.602333470394736725e-01
2.489999999999999852e-02	-8.750899465460526550e-01	-6.602333470394736725e-01
2.494999999999999996e-02	-8.970626027960526550e-01	-6.822060032894736725e-01
2.500000000000000139e-02	-8.982833059210526550e-01	-6.773231907894736725e-01
2.504999999999999935e-02	-9.190352590460526550e-01	-6.992958470394736725e-01
2.510000000000000078e-02	-9.202559621710526550e-01	-6.992958470394736725e-01
2.514999999999999875e-02	-9.422286184210526550e-01	-7.188270970394736725e-01
2.520000000000000018e-02	-9.434493215460526550e-01	-7.188270970394736725e-01
2.525000000000000161e-02	-9.654219777960526550e-01	-7.383583470394736725e-01
2.529999999999999957e-02	-9.678633840460526550e-01	-7.383583470394736725e-01
2.535000000000000100e-02	-9.898360402960526550e-01	-7.578895970394736725e-01
2.539999999999999897e-02	-9.898360402960526550e-01	-7.578895970394736725e-01
2.545000000000000040e-02	-1.010587993421052655e+00	-7.774208470394736725e-01
2.549999999999999836e-02	-1.011808696546052655e+00	-7.749794407894736725e-01
2.554999999999999979e-02	-1.032560649671052655e+00	-7.969520970394736725e-01
2.560000000000000123e-02	-1.036222759046052655e+00	-7.920692845394736725e-01
2.564999999999999919e-02	-1.055754009046052655e+00	-8.140419407894736725e-01
2.570000000000000062e-02	-1.056974712171052655e+00	-8.164833470394736725e-01
2.574999999999999858e-02	-1.080168071546052655e+00	-8.360145970394736725e-01
2.580000000000000002e-02	-1.081388774671052655e+00	-8.335731907894736725e-01
2.585000000000000145e-02	-1.102140727796052655e+00	-8.531044407894736725e-01
2.589999999999999941e-02	-1.104582134046052655e+00	-8.506630345394736725e-01
2.595000000000000084e-02	-1.124113384046052655e+00	-8.726356907894736725e-01
2.599999999999999881e-02	-1.125334087171052655e+00	-8.726356907894736725e-01
2.605000000000000024e-02	-1.147306743421052655e+00	-8.946083470394736725e-01
2.610000000000000167e-02	-1.149748149671052655e+00	-8.921669407894736725e-01
2.614999999999999963e-02	-1.171720805921052655e+00	-9.116981907894736725e-01
2.620000000000000107e-02	-1.172941509046052655e+00	-9.092567845394736725e-01
2.624999999999999903e-02	-1.193693462171052655e+00	-9.312294407894736725e-01
2.630000000000000046e-02	-1.194914165296052655e+00	-9.287880345394736725e-01
2.634999999999999842e-02	-1.215666118421052655e+00	-9.483192845394736725e-01
2.639999999999999986e-02	-1.215666118421052655e+00	-9.483192845394736725e-01
2.645000000000000129e-02	-1.237638774671052655e+00	-9.702919407894736725e-01
2.649999999999999925e-02	-1.238859477796052655e+00	-9.702919407894736725e-01
2.655000000000000068e-02	-1.259611430921052655e+00	-9.873817845394736725e-01
2.659999999999999865e-02	-1.260832134046052655e+00	-9.873817845394736725e-01
2.665000000000000008e-02	-1.281584087171052655e+00	-1.006913034539473673e+00
2.670000000000000151e-02	-1.284025493421052655e+00	-1.006913034539473673e+00
2.674999999999999947e-02	-1.303556743421052655e+00	-1.024002878289473673e+00
2.680000000000000090e-02	-1.304777446546052655e+00	-1.024002878289473673e+00
2.684999999999999887e-02	-1.325529399671052655e+00	-1.048416940789473673e+00
2.690000000000000030e-02	-1.329191509046052655e+00	-1.045975534539473673e+00
2.695000000000000173e-02	-1.348722759046052655e+00	-1.067948190789473673e+00
2.699999999999999969e-02	-1.351164165296052655e+00	-1.065506784539473673e+00
2.705000000000000113e-02	-1.370695415296052655e+00	-1.085038034539473673e+00
2.709999999999999909e-02	-1.373136821546052655e+00	-1.085038034539473673e+00
2.715000000000000052e-02	-1.393888774671052655e+00	-1.104569284539473673e+00
2.719999999999999848e-02	-1.393888774671052655e+00	-1.104569284539473673e+00
2.724999999999999992e-02	-1.417082134046052655e+00	-1.121659128289473673e+00
2.730000000000000135e-02	-1.415861430921052655e+00	-1.121659128289473673e+00
2.734999999999999931e-02	-1.437834087171052655e+00	-1.138748972039473673e+00
2.740000000000000074e-02	-1.437834087171052655e+00	-1.109452097039473673e+00
2.744999999999999871e-02	-1.456144634046052655e+00	-1.128983347039473673e+00
2.750000000000000014e-02	-1.457365337171052655e+00	-1.092362253289473673e+00
2.755000000000000157e-02	-1.467130962171052655e+00	-1.109452097039473673e+00
2.759999999999999953e-02	-1.441496196546052655e+00	-1.072831003289473673e+00
2.765000000000000097e-02	-1.464689555921052655e+00	-1.092362253289473673e+00
2.769999999999999893e-02	-1.387785259046052655e+00	-1.053299753289473673e+00
2.775000000000000036e-02	-1.437834087171052655e+00	-1.070389597039473673e+00
2.779999999999999832e-02	-1.326750102796052655e+00	-1.033768503289473673e+00
2.784999999999999976e-02	-1.382902446546052655e+00	-1.053299753289473673e+00
2.790000000000000119e-02	-1.279142680921052655e+00	-1.016678659539473673e+00
2.794999999999999915e-02	-1.323087993421052655e+00	-1.038651315789473673e+00
2.800000000000000058e-02	-1.249845805921052655e+00	-9.971474095394736725e-01
2.804999999999999855e-02	-1.276701274671052655e+00	-1.016678659539473673e+00
2.809999999999999998e-02	-1.229093852796052655e+00	-9.751747532894736725e-01
2.815000000000000141e-02	-1.248625102796052655e+00	-9.947060032894736725e-01
2.819999999999999937e-02	-1.215666118421052655e+00	-9.580849095394736725e-01
2.825000000000000080e-02	-1.230314555921052655e+00	-9.776161595394736725e-01
2.829999999999999877e-02	-1.203459087171052655e+00	-9.385536595394736725e-01
2.835000000000000020e-02	-1.216886821546052655e+00	-9.605263157894736725e-01
2.840000000000000163e-02	-1.186369243421052655e+00	-9.190224095394736725e-01
2.844999999999999959e-02	-1.205900493421052655e+00	-9.409950657894736725e-01
2.850000000000000103e-02	-1.160734477796052655e+00	-8.994911595394736725e-01
2.854999999999999899e-02	-1.186369243421052655e+00	-9.214638157894736725e-01
2.860000000000000042e-02	-1.130216899671052655e+00	-8.824013157894736725e-01
2.864999999999999838e-02	-1.159513774671052655e+00	-9.043739720394736725e-01
2.869999999999999982e-02	-1.097257915296052655e+00	-8.604286595394736725e-01
2.875000000000000125e-02	-1.126554790296052655e+00	-8.824013157894736725e-01
2.879999999999999921e-02	-1.066740337171052655e+00	-8.433388157894736725e-01
2.885000000000000064e-02	-1.096037212171052655e+00	-8.628700657894736725e-01
2.889999999999999861e-02	-1.037443462171052655e+00	-8.238075657894736725e-01
2.895000000000000004e-02	-1.063078227796052655e+00	-8.457802220394736725e-01
2.900000000000000147e-02	-1.011808696546052655e+00	-8.067177220394736725e-01
2.904999999999999943e-02	-1.035002055921052655e+00	-8.238075657894736725e-01
2.910000000000000087e-02	-9.898360402960526550e-01	-7.847450657894736725e-01
2.914999999999999883e-02	-1.010587993421052655e+00	-8.067177220394736725e-01
2.920000000000000026e-02	-9.678633840460526550e-01	-7.676552220394736725e-01
2.925000000000000169e-02	-9.886153371710526550e-01	-7.871864720394736725e-01
2.929999999999999966e-02	-9.446700246710526550e-01	-7.481239720394736725e-01
2.935000000000000109e-02	-9.654219777960526550e-01	-7.676552220394736725e-01
2.939999999999999905e-02	-9.190352590460526550e-01	-7.285927220394736725e-01
2.945000000000000048e-02	-9.422286184210526550e-01	-7.505653782894736725e-01
2.949999999999999845e-02	-8.909590871710526550e-01	-7.115028782894736725e-01
2.954999999999999988e-02	-9.153731496710526550e-01	-7.310341282894736725e-01
2.960000000000000131e-02	-8.641036184210526550e-01	-6.919716282894736725e-01
2.964999999999999927e-02	-8.885176809210526550e-01	-7.090614720394736725e-01
2.970000000000000070e-02	-8.372481496710526550e-01	-6.699989720394736725e-01
2.974999999999999867e-02	-8.616622121710526550e-01	-6.919716282894736725e-01
2.980000000000000010e-02	-8.116133840460526550e-01	-6.529091282894736725e-01
2.985000000000000153e-02	-8.335860402960526550e-01	-6.748817845394736725e-01
2.989999999999999949e-02	-7.847579152960526550e-01	-6.333778782894736725e-01
2.995000000000000093e-02	-8.079512746710526550e-01	-6.529091282894736725e-01
2.999999999999999889e-02	-7.579024465460526550e-01	-6.138466282894736725e-01
3.005000000000000032e-02	-7.823165090460526550e-01	-6.358192845394736725e-01
3.009999999999999828e-02	-7.347090871710526550e-01	-5.943153782894736725e-01
3.014999999999999972e-02	-7.554610402960526550e-01	-6.162880345394736725e-01
3.020000000000000115e-02	-7.090743215460526550e-01	-5.747841282894736725e-01
3.024999999999999911e-02	-7.322676809210526550e-01	-5.943153782894736725e-01
3.030000000000000054e-02	-6.822188527960526550e-01	-5.576942845394736725e-01
3.034999999999999851e-02	-7.054122121710526550e-01	-5.772255345394736725e-01
3.039999999999999994e-02	-6.578047902960526550e-01	-5.357216282894736725e-01
3.045000000000000137e-02	-6.809981496710526550e-01	-5.601356907894736725e-01
3.049999999999999933e-02	-6.309493215460526550e-01	-5.186317845394736725e-01
3.055000000000000077e-02	-6.553633840460526550e-01	-5.381630345394736725e-01
3.059999999999999873e-02	-6.053145559210526550e-01	-4.991005345394736725e-01
3.065000000000000016e-02	-6.285079152960526550e-01	-5.210731907894736725e-01
3.070000000000000159e-02	-5.796797902960526550e-01	-4.795692845394736725e-01
3.074999999999999956e-02	-6.016524465460526550e-01	-4.991005345394736725e-01
3.080000000000000099e-02	-5.528243215460526550e-01	-4.624794407894736725e-01
3.084999999999999895e-02	-5.772383840460526550e-01	-4.820106907894736725e-01
3.090000000000000038e-02	-5.284102590460526550e-01	-4.429481907894736725e-01
3.094999999999999835e-02	-5.516036184210526550e-01	-4.624794407894736725e-01
3.099999999999999978e-02	-5.039961965460526550e-01	-4.234169407894736725e-01
3.105000000000000121e-02	-5.271895559210526550e-01	-4.429481907894736725e-01
3.109999999999999917e-02	-4.771407277960526550e-01	-4.038856907894736725e-01
3.115000000000000061e-02	-5.027754934210526550e-01	-4.234169407894736725e-01
3.119999999999999857e-02	-4.527266652960526550e-01	-3.843544407894736725e-01
3.125000000000000000e-02	-4.759200246710526550e-01	-4.014442845394736725e-01
3.130000000000000143e-02	-4.270918996710526550e-01	-3.648231907894736725e-01
3.135000000000000286e-02	-4.490645559210526550e-01	-3.867958470394736725e-01
3.139999999999999736e-02	-4.014571340460526550e-01	-3.452919407894736725e-01
3.144999999999999879e-02	-4.234297902960526550e-01	-3.672645970394736725e-01
3.150000000000000022e-02	-3.758223684210526550e-01	-3.282020970394736725e-01
3.155000000000000165e-02	-3.990157277960526550e-01	-3.477333470394736725e-01
3.160000000000000309e-02	-3.501876027960526550e-01	-3.086708470394736725e-01
3.164999999999999758e-02	-3.721602590460526550e-01	-3.282020970394736725e-01
3.169999999999999901e-02	-3.257735402960526550e-01	-2.891395970394736725e-01
3.175000000000000044e-02	-3.477461965460526550e-01	-3.086708470394736725e-01
3.180000000000000188e-02	-2.989180715460525994e-01	-2.696083470394736725e-01
3.185000000000000331e-02	-3.245528371710526550e-01	-2.891395970394736725e-01
3.189999999999999780e-02	-2.732833059210525994e-01	-2.500770970394736725e-01
3.194999999999999923e-02	-2.976973684210525994e-01	-2.696083470394736725e-01
3.200000000000000067e-02	-2.488692434210526272e-01	-2.305458470394736725e-01
3.205000000000000210e-02	-2.720626027960525994e-01	-2.500770970394736725e-01
3.209999999999999659e-02	-2.232344777960526272e-01	-2.110145970394736725e-01
3.214999999999999802e-02	-2.476485402960526272e-01	-2.305458470394736725e-01
3.219999999999999946e-02	-1.975997121710526272e-01	-1.914833470394736725e-01
3.225000000000000089e-02	-2.220137746710526272e-01	-2.110145970394736725e-01
3.230000000000000232e-02	-1.731856496710526272e-01	-1.743935032894736725e-01
3.234999999999999681e-02	-1.975997121710526272e-01	-1.939247532894736725e-01
3.239999999999999825e-02	-1.487715871710526272e-01	-1.548622532894736725e-01
3.244999999999999968e-02	-1.719649465460526272e-01	-1.768349095394736725e-01
3.250000000000000111e-02	-1.231368215460526411e-01	-1.353310032894736725e-01
3.255000000000000254e-02	-1.463301809210526272e-01	-1.573036595394736725e-01
3.259999999999999704e-02	-9.872275904605264107e-02	-1.157997532894736864e-01
3.264999999999999847e-02	-1.219161184210526411e-01	-1.377724095394736725e-01
3.269999999999999990e-02	-7.430869654605264107e-02	-9.626850328947368640e-02
3.275000000000000133e-02	-9.628135279605264107e-02	-1.182411595394736864e-01
3.280000000000000276e-02	-4.989463404605264107e-02	-7.917865953947368640e-02
3.284999999999999726e-02	-7.186729029605264107e-02	-9.870990953947368640e-02
3.289999999999999869e-02	-2.303916529605263414e-02	-5.964740953947368640e-02
3.295000000000000012e-02	-4.745322779605264107e-02	-7.917865953947368640e-02
3.300000000000000155e-02	1.541940789473667320e-04	-4.011615953947368640e-02
3.305000000000000299e-02	-2.181846217105263414e-02	-5.964740953947368640e-02
3.309999999999999748e-02	2.456825657894736586e-02	-2.058490953947368293e-02
3.314999999999999891e-02	1.374897203947366732e-03	-4.011615953947368640e-02
3.320000000000000034e-02	4.776161595394735893e-02	-1.053659539473682065e-03
3.325000000000000178e-02	2.700966282894736586e-02	-2.058490953947368293e-02
3.330000000000000321e-02	7.339638157894735893e-02	1.847759046052631707e-02
3.334999999999999770e-02	5.020302220394735893e-02	-1.053659539473682065e-03
3.339999999999999913e-02	9.781044407894735893e-02	3.556743421052632054e-02
3.345000000000000057e-02	7.583778782894735893e-02	1.603618421052631707e-02
3.350000000000000200e-02	1.222245065789473589e-01	5.265727796052631360e-02
3.355000000000000343e-02	1.002518503289473589e-01	3.312602796052632054e-02
3.359999999999999792e-02	1.478592722039473728e-01	7.462993421052631360e-02
3.364999999999999936e-02	1.258866159539473728e-01	5.265727796052631360e-02
3.370000000000000079e-02	1.722733347039473728e-01	9.416118421052631360e-02
3.375000000000000222e-02	1.515213815789473728e-01	7.218852796052631360e-02
3.379999999999999671e-02	1.966873972039473728e-01	1.112510279605263136e-01
3.384999999999999815e-02	1.747147409539473728e-01	9.171977796052631360e-02
3.389999999999999958e-02	2.198807565789473728e-01	1.307822779605263275e-01
3.395000000000000101e-02	1.979081003289473728e-01	1.136924342105263136e-01
3.400000000000000244e-02	2.455155222039473728e-01	1.503135279605263275e-01
3.404999999999999694e-02	2.223221628289473728e-01	1.307822779605263275e-01
3.409999999999999837e-02	2.699295847039474006e-01	1.698447779605263275e-01
3.414999999999999980e-02	2.467362253289473728e-01	1.478721217105263275e-01
3.420000000000000123e-02	2.931229440789474006e-01	1.893760279605263275e-01
3.425000000000000266e-02	2.711502878289474006e-01	1.698447779605263275e-01
3.429999999999999716e-02	3.175370065789473450e-01	2.113486842105263275e-01
3.434999999999999859e-02	2.967850534539474006e-01	1.869346217105263275e-01
3.440000000000000002e-02	3.431717722039473450e-01	2.284385279605263275e-01
3.445000000000000145e-02	3.187577097039473450e-01	2.064658717105263275e-01
3.450000000000000289e-02	3.663651315789473450e-01	2.479697779605263275e-01
3.454999999999999738e-02	3.443924753289473450e-01	2.235557154605263275e-01
3.459999999999999881e-02	3.919998972039473450e-01	2.650596217105263275e-01
3.465000000000000024e-02	3.675858347039473450e-01	2.479697779605263275e-01
3.470000000000000168e-02	4.151932565789473450e-01	2.821494654605263275e-01
3.475000000000000311e-02	3.932206003289473450e-01	2.626182154605263275e-01
3.479999999999999760e-02	4.383866159539473450e-01	3.041221217105263275e-01
3.484999999999999903e-02	4.164139597039473450e-01	2.821494654605263275e-01
3.490000000000000047e-02	4.628006784539473450e-01	3.236533717105263275e-01
3.495000000000000190e-02	4.420487253289473450e-01	3.041221217105263275e-01
3.500000000000000333e-02	4.872147409539473450e-01	3.431846217105263275e-01
3.504999999999999782e-02	4.652420847039473450e-01	3.236533717105263275e-01
3.509999999999999926e-02	5.104081003289473450e-01	3.602744654605263275e-01
3.515000000000000069e-02	4.884354440789473450e-01	3.431846217105263275e-01
3.520000000000000212e-02	5.360428659539473450e-01	3.798057154605263275e-01
3.524999999999999661e-02	5.116288034539473450e-01	3.602744654605263275e-01
3.529999999999999805e-02	5.592362253289473450e-01	4.017783717105263275e-01
3.534999999999999948e-02	5.360428659539473450e-01	3.822471217105263275e-01
3.540000000000000091e-02	5.824295847039473450e-01	4.213096217105263275e-01
3.545000000000000234e-02	5.604569284539473450e-01	3.993369654605263275e-01
3.549999999999999684e-02	6.068436472039473450e-01	4.408408717105263275e-01
3.554999999999999827e-02	5.848709909539473450e-01	4.188682154605263275e-01
3.559999999999999970e-02	6.312577097039473450e-01	4.579307154605263275e-01
3.565000000000000113e-02	6.080643503289473450e-01	4.383994654605263275e-01
3.570000000000000256e-02	6.532303659539473450e-01	4.774619654605263275e-01
3.574999999999999706e-02	6.312577097039473450e-01	4.554893092105263275e-01
3.579999999999999849e-02	6.752030222039473450e-01	4.969932154605263275e-01
3.584999999999999992e-02	6.544510690789473450e-01	4.774619654605263275e-01
3.590000000000000135e-02	6.996170847039473450e-01	5.140830592105263275e-01
3.595000000000000279e-02	6.776444284539473450e-01	4.969932154605263275e-01
3.599999999999999728e-02	7.252518503289473450e-01	5.336143092105263275e-01
3.604999999999999871e-02	7.020584909539473450e-01	5.165244654605263275e-01
3.610000000000000014e-02	7.484452097039473450e-01	5.555869654605263275e-01
3.615000000000000158e-02	7.276932565789473450e-01	5.336143092105263275e-01
3.620000000000000301e-02	7.716385690789473450e-01	5.751182154605263275e-01
3.624999999999999750e-02	7.496659128289473450e-01	5.531455592105263275e-01
3.629999999999999893e-02	7.948319284539473450e-01	5.946494654605263275e-01
3.635000000000000037e-02	7.740799753289473450e-01	5.726768092105263275e-01
3.640000000000000180e-02	8.180252878289473450e-01	6.117393092105263275e-01
3.645000000000000323e-02	7.960526315789473450e-01	5.922080592105263275e-01
3.649999999999999772e-02	8.436600534539473450e-01	6.312705592105263275e-01
3.654999999999999916e-02	8.192459909539473450e-01	6.092979029605263275e-01
3.660000000000000059e-02	8.656327097039473450e-01	6.508018092105263275e-01
3.665000000000000202e-02	8.436600534539473450e-01	6.288291529605263275e-01
3.670000000000000345e-02	8.888260690789473450e-01	6.703330592105263275e-01
3.674999999999999795e-02	8.668534128289473450e-01	6.483604029605263275e-01
3.679999999999999938e-02	9.132401315789473450e-01	6.874229029605263275e-01
3.685000000000000081e-02	8.888260690789473450e-01	6.678916529605263275e-01
3.690000000000000224e-02	9.339920847039473450e-01	7.069541529605263275e-01
3.694999999999999674e-02	9.144608347039473450e-01	6.874229029605263275e-01
3.699999999999999817e-02	9.584061472039473450e-01	7.264854029605263275e-01
3.704999999999999960e-02	9.364334909539473450e-01	7.069541529605263275e-01
3.710000000000000103e-02	9.815995065789473450e-01	7.460166529605263275e-01
3.715000000000000246e-02	9.596268503289473450e-01	7.264854029605263275e-01
3.719999999999999696e-02	1.003572162828947345e+00	7.655479029605263275e-01
3.724999999999999839e-02	9.828202097039473450e-01	7.460166529605263275e-01
3.729999999999999982e-02	1.026765522203947345e+00	7.875205592105263275e-01
3.735000000000000125e-02	1.006013569078947345e+00	7.631064967105263275e-01
3.740000000000000269e-02	1.049958881578947345e+00	8.046104029605263275e-01
3.744999999999999718e-02	1.027986225328947345e+00	7.826377467105263275e-01
3.749999999999999861e-02	1.073152240953947345e+00	8.241416529605263275e-01
3.755000000000000004e-02	1.051179584703947345e+00	8.021689967105263275e-01
3.760000000000000148e-02	1.096345600328947345e+00	8.436729029605263275e-01
3.765000000000000291e-02	1.075593647203947345e+00	8.217002467105263275e-01
3.769999999999999740e-02	1.119538959703947345e+00	8.607627467105263275e-01
3.774999999999999883e-02	1.097566303453947345e+00	8.412314967105263275e-01
3.780000000000000027e-02	1.141511615953947345e+00	8.802939967105263275e-01
3.785000000000000170e-02	1.120759662828947345e+00	8.607627467105263275e-01
3.790000000000000313e-02	1.164704975328947345e+00	8.998252467105263275e-01
3.794999999999999762e-02	1.143953022203947345e+00	8.778525904605263275e-01
3.799999999999999906e-02	1.186677631578947345e+00	9.169150904605263275e-01
3.805000000000000049e-02	1.167146381578947345e+00	8.998252467105263275e-01
3.810000000000000192e-02	1.209870990953947345e+00	9.388877467105263275e-01
3.815000000000000335e-02	1.190339740953947345e+00	9.169150904605263275e-01
3.819999999999999785e-02	1.234285053453947345e+00	9.584189967105263275e-01
3.824999999999999928e-02	1.211091694078947345e+00	9.388877467105263275e-01
3.830000000000000071e-02	1.256257709703947345e+00	9.779502467105263275e-01
3.835000000000000214e-02	1.234285053453947345e+00	9.559775904605263275e-01
3.839999999999999664e-02	1.278230365953947345e+00	9.950400904605263275e-01
3.844999999999999807e-02	1.257478412828947345e+00	9.779502467105263275e-01
3.849999999999999950e-02	1.301423725328947345e+00	1.014571340460526327e+00
3.855000000000000093e-02	1.279451069078947345e+00	9.925986842105263275e-01
3.860000000000000236e-02	1.320954975328947345e+00	1.034102590460526327e+00
3.864999999999999686e-02	1.301423725328947345e+00	1.014571340460526327e+00
3.869999999999999829e-02	1.342927631578947345e+00	1.053633840460526327e+00
3.874999999999999972e-02	1.323396381578947345e+00	1.034102590460526327e+00
3.880000000000000115e-02	1.367341694078947345e+00	1.073165090460526327e+00
3.885000000000000259e-02	1.346589740953947345e+00	1.053633840460526327e+00
3.889999999999999708e-02	1.390535053453947345e+00	1.092696340460526327e+00
3.894999999999999851e-02	1.368562397203947345e+00	1.070723684210526327e+00
3.899999999999999994e-02	1.411287006578947345e+00	1.109786184210526327e+00
3.905000000000000138e-02	1.391755756578947345e+00	1.090254934210526327e+00
3.910000000000000281e-02	1.434480365953947345e+00	1.131758840460526327e+00
3.914999999999999730e-02	1.413728412828947345e+00	1.109786184210526327e+00
3.919999999999999873e-02	1.457673725328947345e+00	1.151290090460526327e+00
3.925000000000000017e-02	1.435701069078947345e+00	1.129317434210526327e+00
3.930000000000000160e-02	1.479646381578947345e+00	1.168379934210526327e+00
3.935000000000000303e-02	1.457673725328947345e+00	1.146407277960526327e+00
3.939999999999999752e-02	1.499177631578947345e+00	1.187911184210526327e+00
3.944999999999999896e-02	1.482087787828947345e+00	1.165938527960526327e+00
3.950000000000000039e-02	1.522370990953947345e+00	1.200118215460526327e+00
3.955000000000000182e-02	1.502839740953947345e+00	1.187911184210526327e+00
3.960000000000000325e-02	1.541902240953947345e+00	1.192793996710526327e+00
3.964999999999999775e-02	1.523591694078947345e+00	1.170821340460526327e+00
3.969999999999999918e-02	1.550447162828947345e+00	1.173262746710526327e+00
3.975000000000000061e-02	1.541902240953947345e+00	1.153731496710526327e+00
3.980000000000000204e-02	1.546785053453947345e+00	1.153731496710526327e+00
3.984999999999999654e-02	1.519929584703947345e+00	1.134200246710526327e+00
3.989999999999999797e-02	1.513826069078947345e+00	1.134200246710526327e+00
3.994999999999999940e-02	1.460115131578947345e+00	1.117110402960526327e+00
4.000000000000000083e-02	1.455232319078947345e+00	1.117110402960526327e+00
4.005000000000000226e-02	1.400300678453947345e+00	1.097579152960526327e+00
4.009999999999999676e-02	1.396638569078947345e+00	1.097579152960526327e+00
4.014999999999999819e-02	1.356355365953947345e+00	1.078047902960526327e+00
4.019999999999999962e-02	1.355134662828947345e+00	1.080489309210526327e+00
4.025000000000000105e-02	1.329499897203947345e+00	1.058516652960526327e+00
4.030000000000000249e-02	1.328279194078947345e+00	1.063399465460526327e+00
4.034999999999999698e-02	1.312410053453947345e+00	1.041426809210526327e+00
4.039999999999999841e-02	1.314851459703947345e+00	1.038985402960526327e+00
4.044999999999999984e-02	1.301423725328947345e+00	1.021895559210526327e+00
4.050000000000000128e-02	1.302644428453947345e+00	1.021895559210526327e+00
4.055000000000000271e-02	1.290437397203947345e+00	9.999229029605263275e-01
4.059999999999999720e-02	1.289216694078947345e+00	1.004805715460526327e+00
4.064999999999999863e-02	1.272126850328947345e+00	9.828330592105263275e-01
4.070000000000000007e-02	1.268464740953947345e+00	9.852744654605263275e-01
4.075000000000000150e-02	1.242829975328947345e+00	9.657432154605263275e-01
4.080000000000000293e-02	1.239167865953947345e+00	9.657432154605263275e-01
4.084999999999999742e-02	1.208650287828947345e+00	9.462119654605263275e-01
4.089999999999999886e-02	1.206208881578947345e+00	9.462119654605263275e-01
4.095000000000000029e-02	1.175691303453947345e+00	9.242393092105263275e-01
4.100000000000000172e-02	1.174470600328947345e+00	9.266807154605263275e-01
4.105000000000000315e-02	1.145173725328947345e+00	9.071494654605263275e-01
4.109999999999999765e-02	1.143953022203947345e+00	9.120322779605263275e-01
4.114999999999999908e-02	1.119538959703947345e+00	8.900596217105263275e-01
4.120000000000000051e-02	1.115876850328947345e+00	8.900596217105263275e-01
4.125000000000000194e-02	1.095124897203947345e+00	8.705283717105263275e-01
4.130000000000000338e-02	1.092683490953947345e+00	8.705283717105263275e-01
4.134999999999999787e-02	1.071931537828947345e+00	8.485557154605263275e-01
4.139999999999999930e-02	1.070710834703947345e+00	8.509971217105263275e-01
4.145000000000000073e-02	1.048738178453947345e+00	8.290244654605263275e-01
4.150000000000000216e-02	1.048738178453947345e+00	8.314658717105263275e-01
4.154999999999999666e-02	1.025544819078947345e+00	8.119346217105263275e-01
4.159999999999999809e-02	1.024324115953947345e+00	8.143760279605263275e-01
4.164999999999999952e-02	9.986893503289473450e-01	7.924033717105263275e-01
4.170000000000000095e-02	9.950272409539473450e-01	7.948447779605263275e-01
4.175000000000000239e-02	9.730545847039473450e-01	7.753135279605263275e-01
4.179999999999999688e-02	9.693924753289473450e-01	7.728721217105263275e-01
4.184999999999999831e-02	9.449784128289473450e-01	7.557822779605263275e-01
4.189999999999999974e-02	9.425370065789473450e-01	7.582236842105263275e-01
4.195000000000000118e-02	9.181229440789473450e-01	7.362510279605263275e-01
4.200000000000000261e-02	9.144608347039473450e-01	7.362510279605263275e-01
4.204999999999999710e-02	8.924881784539473450e-01	7.167197779605263275e-01
4.209999999999999853e-02	8.900467722039473450e-01	7.191611842105263275e-01
4.214999999999999997e-02	8.656327097039473450e-01	6.996299342105263275e-01
4.220000000000000140e-02	8.644120065789473450e-01	7.020713404605263275e-01
4.225000000000000283e-02	8.412186472039473450e-01	6.800986842105263275e-01
4.229999999999999732e-02	8.399979440789473450e-01	6.800986842105263275e-01
4.234999999999999876e-02	8.155838815789473450e-01	6.581260279605263275e-01
4.240000000000000019e-02	8.155838815789473450e-01	6.605674342105263275e-01
4.245000000000000162e-02	7.911698190789473450e-01	6.385947779605263275e-01
4.250000000000000305e-02	7.899491159539473450e-01	6.410361842105263275e-01
4.254999999999999755e-02	7.655350534539473450e-01	6.239463404605263275e-01
4.259999999999999898e-02	7.618729440789473450e-01	6.215049342105263275e-01
4.265000000000000041e-02	7.386795847039473450e-01	6.019736842105263275e-01
4.270000000000000184e-02	7.374588815789473450e-01	6.019736842105263275e-01
4.275000000000000328e-02	7.118241159539473450e-01	5.824424342105263275e-01
4.279999999999999777e-02	7.106034128289473450e-01	5.848838404605263275e-01
4.284999999999999920e-02	6.861893503289473450e-01	5.629111842105263275e-01
4.290000000000000063e-02	6.861893503289473450e-01	5.653525904605263275e-01
4.295000000000000207e-02	6.617752878289473450e-01	5.458213404605263275e-01
4.299999999999999656e-02	6.593338815789473450e-01	5.458213404605263275e-01
4.304999999999999799e-02	6.361405222039473450e-01	5.262900904605263275e-01
4.309999999999999942e-02	6.336991159539473450e-01	5.287314967105263275e-01
4.315000000000000085e-02	6.105057565789473450e-01	5.067588404605263275e-01
4.320000000000000229e-02	6.092850534539473450e-01	5.067588404605263275e-01
4.324999999999999678e-02	5.860916940789473450e-01	4.896689967105263275e-01
4.329999999999999821e-02	5.836502878289473450e-01	4.872275904605263275e-01
4.334999999999999964e-02	5.604569284539473450e-01	4.701377467105263275e-01
4.340000000000000108e-02	5.592362253289473450e-01	4.701377467105263275e-01
4.345000000000000251e-02	5.348221628289473450e-01	4.481650904605263275e-01
4.349999999999999700e-02	5.336014597039473450e-01	4.481650904605263275e-01
4.354999999999999843e-02	5.091873972039473450e-01	4.286338404605263275e-01
4.359999999999999987e-02	5.067459909539473450e-01	4.335166529605263275e-01
4.365000000000000130e-02	4.835526315789473450e-01	4.091025904605263275e-01
4.370000000000000273e-02	4.823319284539473450e-01	4.115439967105263275e-01
4.374999999999999722e-02	4.579178659539473450e-01	3.920127467105263275e-01
4.379999999999999866e-02	4.554764597039473450e-01	3.920127467105263275e-01
4.385000000000000009e-02	4.335038034539473450e-01	3.700400904605263275e-01
4.390000000000000152e-02	4.310623972039473450e-01	3.749229029605263275e-01
4.395000000000000295e-02	4.078690378289473450e-01	3.505088404605263275e-01
4.399999999999999745e-02	4.066483347039473450e-01	3.553916529605263275e-01
4.404999999999999888e-02	3.822342722039473450e-01	3.334189967105263275e-01
4.410000000000000031e-02	3.810135690789473450e-01	3.334189967105263275e-01
4.415000000000000174e-02	3.578202097039473450e-01	3.138877467105263275e-01
4.420000000000000318e-02	3.553788034539473450e-01	3.138877467105263275e-01
4.424999999999999767e-02	3.321854440789473450e-01	2.943564967105263275e-01
4.429999999999999910e-02	3.309647409539473450e-01	2.943564967105263275e-01
4.435000000000000053e-02	3.065506784539474006e-01	2.748252467105263275e-01
4.440000000000000197e-02	3.053299753289474006e-01	2.772666529605263275e-01
4.445000000000000340e-02	2.821366159539474006e-01	2.577354029605263275e-01
4.449999999999999789e-02	2.809159128289474006e-01	2.577354029605263275e-01
4.454999999999999932e-02	2.577225534539474006e-01	2.382041529605263275e-01
4.460000000000000075e-02	2.565018503289474006e-01	2.382041529605263275e-01
4.465000000000000219e-02	2.320877878289473728e-01	2.186729029605263275e-01
4.469999999999999668e-02	2.308670847039473728e-01	2.186729029605263275e-01
4.474999999999999811e-02	2.076737253289473728e-01	1.991416529605263275e-01
4.479999999999999954e-02	2.052323190789473728e-01	2.015830592105263275e-01
4.485000000000000098e-02	1.820389597039473728e-01	1.796104029605263275e-01
4.490000000000000241e-02	1.795975534539473728e-01	1.820518092105263275e-01
4.494999999999999690e-02	1.564041940789473728e-01	1.600791529605263275e-01
4.499999999999999833e-02	1.551834909539473728e-01	1.600791529605263275e-01
4.504999999999999977e-02	1.319901315789473728e-01	1.405479029605263275e-01
4.510000000000000120e-02	1.295487253289473728e-01	1.429893092105263275e-01
4.515000000000000263e-02	1.063553659539473589e-01	1.234580592105263136e-01
4.519999999999999712e-02	1.051346628289473589e-01	1.234580592105263136e-01
4.524999999999999856e-02	8.194130345394735893e-02	1.014854029605263136e-01
4.529999999999999999e-02	8.072060032894735893e-02	1.063682154605263136e-01
4.535000000000000142e-02	5.630653782894735893e-02	8.195415296052631360e-02
4.540000000000000285e-02	5.508583470394735893e-02	8.439555921052631360e-02
4.544999999999999735e-02	3.189247532894736586e-02	6.486430921052631360e-02
4.549999999999999878e-02	3.067177220394736586e-02	6.486430921052631360e-02
4.555000000000000021e-02	8.699115953947365865e-03	4.289165296052631360e-02
4.560000000000000164e-02	7.478412828947366732e-03	4.777446546052631360e-02
4.565000000000000308e-02	-1.571494654605263414e-02	2.824321546052631707e-02
4.569999999999999757e-02	-1.693564967105263414e-02	3.068462171052631707e-02
4.574999999999999900e-02	-3.890830592105263414e-02	8.711965460526317068e-03
4.580000000000000043e-02	-4.134971217105264107e-02	1.115337171052631707e-02
4.585000000000000187e-02	-6.454307154605264107e-02	-8.377878289473682932e-03
4.590000000000000330e-02	-6.576377467105264107e-02	-1.081928453947368293e-02
4.594999999999999779e-02	-9.017783717105264107e-02	-2.790912828947368293e-02
4.599999999999999922e-02	-9.017783717105264107e-02	-2.790912828947368293e-02
4.605000000000000066e-02	-1.133711965460526411e-01	-4.744037828947368640e-02
4.610000000000000209e-02	-1.145918996710526411e-01	-4.744037828947368640e-02
4.614999999999999658e-02	-1.377852590460526272e-01	-6.697162828947368640e-02
4.619999999999999801e-02	-1.402266652960526272e-01	-6.697162828947368640e-02
4.624999999999999944e-02	-1.621993215460526272e-01	-8.406147203947368640e-02
4.630000000000000088e-02	-1.646407277960526272e-01	-8.650287828947368640e-02
4.635000000000000231e-02	-1.866133840460526272e-01	-1.060341282894736864e-01
4.639999999999999680e-02	-1.878340871710526272e-01	-1.035927220394736864e-01
4.644999999999999823e-02	-2.122481496710526272e-01	-1.255653782894736725e-01
4.649999999999999967e-02	-2.122481496710526272e-01	-1.255653782894736725e-01
4.655000000000000110e-02	-2.342208059210526272e-01	-1.426552220394736725e-01
4.660000000000000253e-02	-2.366622121710526272e-01	-1.450966282894736725e-01
4.664999999999999702e-02	-2.574141652960525994e-01	-1.646278782894736725e-01
4.669999999999999846e-02	-2.598555715460525994e-01	-1.621864720394736725e-01
4.674999999999999989e-02	-2.830489309210525994e-01	-1.817177220394736725e-01
4.680000000000000132e-02	-2.842696340460525994e-01	-1.817177220394736725e-01
4.685000000000000275e-02	-3.062422902960525994e-01	-2.012489720394736725e-01
4.689999999999999725e-02	-3.074629934210525994e-01	-2.012489720394736725e-01
4.694999999999999868e-02	-3.306563527960526550e-01	-2.207802220394736725e-01
4.700000000000000011e-02	-3.330977590460526550e-01	-2.207802220394736725e-01
4.705000000000000154e-02	-3.550704152960526550e-01	-2.403114720394736725e-01
4.710000000000000298e-02	-3.562911184210526550e-01	-2.378700657894736725e-01
4.714999999999999747e-02	-3.794844777960526550e-01	-2.598427220394736725e-01
4.719999999999999890e-02	-3.819258840460526550e-01	-2.598427220394736725e-01
4.725000000000000033e-02	-4.038985402960526550e-01	-2.769325657894736725e-01
4.730000000000000177e-02	-4.063399465460526550e-01	-2.793739720394736725e-01
4.735000000000000320e-02	-4.270918996710526550e-01	-2.989052220394736725e-01
4.739999999999999769e-02	-4.295333059210526550e-01	-2.989052220394736725e-01
4.744999999999999912e-02	-4.515059621710526550e-01	-3.184364720394736725e-01
4.750000000000000056e-02	-4.539473684210526550e-01	-3.184364720394736725e-01
4.755000000000000199e-02	-4.759200246710526550e-01	-3.379677220394736725e-01
4.760000000000000342e-02	-4.771407277960526550e-01	-3.355263157894736725e-01
4.764999999999999791e-02	-5.003340871710526550e-01	-3.550575657894736725e-01
4.769999999999999934e-02	-5.003340871710526550e-01	-3.550575657894736725e-01
4.775000000000000078e-02	-5.235274465460526550e-01	-3.745888157894736725e-01
4.780000000000000221e-02	-5.235274465460526550e-01	-3.745888157894736725e-01
4.784999999999999670e-02	-5.479415090460526550e-01	-3.965614720394736725e-01
4.789999999999999813e-02	-5.491622121710526550e-01	-3.916786595394736725e-01
4.794999999999999957e-02	-5.711348684210526550e-01	-4.136513157894736725e-01
4.800000000000000100e-02	-5.723555715460526550e-01	-4.136513157894736725e-01
4.805000000000000243e-02	-5.943282277960526550e-01	-4.331825657894736725e-01
4.809999999999999692e-02	-5.955489309210526550e-01	-4.307411595394736725e-01
4.814999999999999836e-02	-6.175215871710526550e-01	-4.527138157894736725e-01
4.819999999999999979e-02	-6.187422902960526550e-01	-4.527138157894736725e-01
4.825000000000000122e-02	-6.407149465460526550e-01	-4.722450657894736725e-01
4.830000000000000265e-02	-6.431563527960526550e-01	-4.698036595394736725e-01
4.834999999999999715e-02	-6.639083059210526550e-01	-4.917763157894736725e-01
4.839999999999999858e-02	-6.663497121710526550e-01	-4.868935032894736725e-01
4.845000000000000001e-02	-6.883223684210526550e-01	-5.088661595394736725e-01
4.850000000000000144e-02	-6.919844777960526550e-01	-5.088661595394736725e-01
4.855000000000000288e-02	-7.115157277960526550e-01	-5.283974095394736725e-01
4.859999999999999737e-02	-7.127364309210526550e-01	-5.259560032894736725e-01
4.864999999999999880e-02	-7.359297902960526550e-01	-5.454872532894736725e-01
4.870000000000000023e-02	-7.371504934210526550e-01	-5.479286595394736725e-01
4.875000000000000167e-02	-7.579024465460526550e-01	-5.674599095394736725e-01
4.880000000000000310e-02	-7.603438527960526550e-01	-5.674599095394736725e-01
4.884999999999999759e-02	-7.835372121710526550e-01	-5.869911595394736725e-01
4.889999999999999902e-02	-7.835372121710526550e-01	-5.869911595394736725e-01
4.895000000000000046e-02	-8.042891652960526550e-01	-6.065224095394736725e-01
4.900000000000000189e-02	-8.067305715460526550e-01	-6.040810032894736725e-01
4.905000000000000332e-02	-8.299239309210526550e-01	-6.260536595394736725e-01
4.909999999999999781e-02	-8.299239309210526550e-01	-6.236122532894736725e-01
4.914999999999999925e-02	-8.518965871710526550e-01	-6.455849095394736725e-01
4.920000000000000068e-02	-8.531172902960526550e-01	-6.455849095394736725e-01
4.925000000000000211e-02	-8.750899465460526550e-01	-6.651161595394736725e-01
4.929999999999999660e-02	-8.775313527960526550e-01	-6.602333470394736725e-01
4.934999999999999803e-02	-8.982833059210526550e-01	-6.822060032894736725e-01
4.939999999999999947e-02	-8.995040090460526550e-01	-6.822060032894736725e-01
4.945000000000000090e-02	-9.202559621710526550e-01	-7.017372532894736725e-01
4.950000000000000233e-02	-9.226973684210526550e-01	-7.017372532894736725e-01
4.954999999999999682e-02	-9.458907277960526550e-01	-7.212685032894736725e-01
4.959999999999999826e-02	-9.471114309210526550e-01	-7.212685032894736725e-01
4.964999999999999969e-02	-9.666426809210526550e-01	-7.407997532894736725e-01
4.970000000000000112e-02	-9.678633840460526550e-01	-7.383583470394736725e-01
4.975000000000000255e-02	-9.898360402960526550e-01	-7.627724095394736725e-01
4.979999999999999705e-02	-9.922774465460526550e-01	-7.578895970394736725e-01
4.984999999999999848e-02	-1.013029399671052655e+00	-7.798622532894736725e-01
4.989999999999999991e-02	-1.014250102796052655e+00	-7.774208470394736725e-01
4.995000000000000134e-02	-1.036222759046052655e+00	-7.993935032894736725e-01
5.000000000000000278e-02	-1.037443462171052655e+00	-7.993935032894736725e-01
5.004999999999999727e-02	-1.060636821546052655e+00	-8.164833470394736725e-01
5.009999999999999870e-02	-1.060636821546052655e+00	-8.164833470394736725e-01
5.015000000000000013e-02	-1.081388774671052655e+00	-8.384560032894736725e-01
5.020000000000000157e-02	-1.082609477796052655e+00	-8.360145970394736725e-01
5.025000000000000300e-02	-1.104582134046052655e+00	-8.555458470394736725e-01
5.029999999999999749e-02	-1.105802837171052655e+00	-8.531044407894736725e-01
5.034999999999999892e-02	-1.126554790296052655e+00	-8.775185032894736725e-01
5.040000000000000036e-02	-1.127775493421052655e+00	-8.750770970394736725e-01
5.045000000000000179e-02	-1.149748149671052655e+00	-8.970497532894736725e-01
5.050000000000000322e-02	-1.153410259046052655e+00	-8.946083470394736725e-01
5.054999999999999771e-02	-1.172941509046052655e+00	-9.141395970394736725e-01
5.059999999999999915e-02	-1.174162212171052655e+00	-9.141395970394736725e-01
5.065000000000000058e-02	-1.193693462171052655e+00	-9.312294407894736725e-01
5.070000000000000201e-02	-1.196134868421052655e+00	-9.312294407894736725e-01
5.075000000000000344e-02	-1.216886821546052655e+00	-9.507606907894736725e-01
5.079999999999999793e-02	-1.219328227796052655e+00	-9.532020970394736725e-01
5.084999999999999937e-02	-1.240080180921052655e+00	-9.727333470394736725e-01
5.090000000000000080e-02	-1.241300884046052655e+00	-9.727333470394736725e-01
5.095000000000000223e-02	-1.260832134046052655e+00	-9.922645970394736725e-01
5.099999999999999672e-02	-1.263273540296052655e+00	-9.898231907894736725e-01
5.104999999999999816e-02	-1.284025493421052655e+00	-1.011795847039473673e+00
5.109999999999999959e-02	-1.284025493421052655e+00	-1.009354440789473673e+00
5.115000000000000102e-02	-1.307218852796052655e+00	-1.028885690789473673e+00
5.120000000000000245e-02	-1.307218852796052655e+00	-1.028885690789473673e+00
5.124999999999999695e-02	-1.329191509046052655e+00	-1.048416940789473673e+00
5.129999999999999838e-02	-1.329191509046052655e+00	-1.048416940789473673e+00
5.134999999999999981e-02	-1.351164165296052655e+00	-1.067948190789473673e+00
5.140000000000000124e-02	-1.352384868421052655e+00	-1.065506784539473673e+00
5.145000000000000268e-02	-1.371916118421052655e+00	-1.087479440789473673e+00
5.149999999999999717e-02	-1.374357524671052655e+00	-1.087479440789473673e+00
5.154999999999999860e-02	-1.395109477796052655e+00	-1.107010690789473673e+00
5.160000000000000003e-02	-1.395109477796052655e+00	-1.107010690789473673e+00
5.165000000000000147e-02	-1.415861430921052655e+00	-1.126541940789473673e+00
5.170000000000000290e-02	-1.418302837171052655e+00	-1.124100534539473673e+00
5.174999999999999739e-02	-1.437834087171052655e+00	-1.138748972039473673e+00
5.179999999999999882e-02	-1.440275493421052655e+00	-1.107010690789473673e+00
5.185000000000000026e-02	-1.457365337171052655e+00	-1.128983347039473673e+00
5.190000000000000169e-02	-1.458586040296052655e+00	-1.089920847039473673e+00
5.195000000000000312e-02	-1.467130962171052655e+00	-1.109452097039473673e+00
5.199999999999999761e-02	-1.435392680921052655e+00	-1.070389597039473673e+00
5.204999999999999905e-02	-1.463468852796052655e+00	-1.089920847039473673e+00
5.210000000000000048e-02	-1.380461040296052655e+00	-1.050858347039473673e+00
5.215000000000000191e-02	-1.432951274671052655e+00	-1.070389597039473673e+00
5.220000000000000334e-02	-1.321867290296052655e+00	-1.031327097039473673e+00
5.224999999999999784e-02	-1.375578227796052655e+00	-1.053299753289473673e+00
5.229999999999999927e-02	-1.276701274671052655e+00	-1.014237253289473673e+00
5.235000000000000070e-02	-1.314543071546052655e+00	-1.033768503289473673e+00
5.240000000000000213e-02	-1.247404399671052655e+00	-9.947060032894736725e-01
5.244999999999999662e-02	-1.273039165296052655e+00	-1.016678659539473673e+00
5.249999999999999806e-02	-1.227873149671052655e+00	-9.776161595394736725e-01
5.254999999999999949e-02	-1.244962993421052655e+00	-9.947060032894736725e-01
5.260000000000000092e-02	-1.213224712171052655e+00	-9.556435032894736725e-01
5.265000000000000235e-02	-1.225431743421052655e+00	-9.776161595394736725e-01
5.269999999999999685e-02	-1.202238384046052655e+00	-9.385536595394736725e-01
5.274999999999999828e-02	-1.214445415296052655e+00	-9.556435032894736725e-01
5.279999999999999971e-02	-1.183927837171052655e+00	-9.165810032894736725e-01
5.285000000000000114e-02	-1.202238384046052655e+00	-9.409950657894736725e-01
5.290000000000000258e-02	-1.158293071546052655e+00	-8.994911595394736725e-01
5.294999999999999707e-02	-1.182707134046052655e+00	-9.214638157894736725e-01
5.299999999999999850e-02	-1.126554790296052655e+00	-8.824013157894736725e-01
5.304999999999999993e-02	-1.158293071546052655e+00	-8.994911595394736725e-01
5.310000000000000137e-02	-1.093595805921052655e+00	-8.604286595394736725e-01
5.315000000000000280e-02	-1.122892680921052655e+00	-8.848427220394736725e-01
5.319999999999999729e-02	-1.063078227796052655e+00	-8.433388157894736725e-01
5.324999999999999872e-02	-1.089933696546052655e+00	-8.628700657894736725e-01
5.330000000000000016e-02	-1.035002055921052655e+00	-8.213661595394736725e-01
5.335000000000000159e-02	-1.060636821546052655e+00	-8.433388157894736725e-01
5.340000000000000302e-02	-1.010587993421052655e+00	-8.067177220394736725e-01
5.344999999999999751e-02	-1.032560649671052655e+00	-8.238075657894736725e-01
5.349999999999999895e-02	-9.873946340460526550e-01	-7.823036595394736725e-01
5.355000000000000038e-02	-1.009367290296052655e+00	-8.067177220394736725e-01
5.360000000000000181e-02	-9.666426809210526550e-01	-7.652138157894736725e-01
5.365000000000000324e-02	-9.861739309210526550e-01	-7.871864720394736725e-01
5.369999999999999774e-02	-9.410079152960526550e-01	-7.481239720394736725e-01
5.374999999999999917e-02	-9.642012746710526550e-01	-7.676552220394736725e-01
5.380000000000000060e-02	-9.165938527960526550e-01	-7.285927220394736725e-01
5.385000000000000203e-02	-9.397872121710526550e-01	-7.481239720394736725e-01
5.390000000000000346e-02	-8.885176809210526550e-01	-7.090614720394736725e-01
5.394999999999999796e-02	-9.117110402960526550e-01	-7.285927220394736725e-01
5.399999999999999939e-02	-8.604415090460526550e-01	-6.895302220394736725e-01
5.405000000000000082e-02	-8.860762746710526550e-01	-7.115028782894736725e-01
5.410000000000000225e-02	-8.335860402960526550e-01	-6.699989720394736725e-01
5.414999999999999675e-02	-8.580001027960526550e-01	-6.919716282894736725e-01
5.419999999999999818e-02	-8.079512746710526550e-01	-6.504677220394736725e-01
5.424999999999999961e-02	-8.299239309210526550e-01	-6.699989720394736725e-01
5.430000000000000104e-02	-7.798751027960526550e-01	-6.333778782894736725e-01
5.435000000000000248e-02	-8.067305715460526550e-01	-6.529091282894736725e-01
5.439999999999999697e-02	-7.554610402960526550e-01	-6.114052220394736725e-01
5.444999999999999840e-02	-7.786543996710526550e-01	-6.333778782894736725e-01
5.449999999999999983e-02	-7.310469777960526550e-01	-5.918739720394736725e-01
5.455000000000000127e-02	-7.530196340460526550e-01	-6.138466282894736725e-01
5.460000000000000270e-02	-7.054122121710526550e-01	-5.747841282894736725e-01
5.464999999999999719e-02	-7.286055715460526550e-01	-5.943153782894736725e-01
5.469999999999999862e-02	-6.809981496710526550e-01	-5.552528782894736725e-01
5.475000000000000006e-02	-7.029708059210526550e-01	-5.747841282894736725e-01
5.480000000000000149e-02	-6.529219777960526550e-01	-5.381630345394736725e-01
5.485000000000000292e-02	-6.785567434210526550e-01	-5.576942845394736725e-01
5.489999999999999741e-02	-6.285079152960526550e-01	-5.186317845394736725e-01
5.494999999999999885e-02	-6.517012746710526550e-01	-5.381630345394736725e-01
5.500000000000000028e-02	-6.016524465460526550e-01	-4.991005345394736725e-01
5.505000000000000171e-02	-6.260665090460526550e-01	-5.186317845394736725e-01
5.510000000000000314e-02	-5.760176809210526550e-01	-4.795692845394736725e-01
5.514999999999999764e-02	-6.004317434210526550e-01	-4.991005345394736725e-01
5.519999999999999907e-02	-5.516036184210526550e-01	-4.600380345394736725e-01
5.525000000000000050e-02	-5.747969777960526550e-01	-4.795692845394736725e-01
5.530000000000000193e-02	-5.247481496710526550e-01	-4.405067845394736725e-01
5.535000000000000336e-02	-5.479415090460526550e-01	-4.600380345394736725e-01
5.539999999999999786e-02	-4.978926809210526550e-01	-4.209755345394736725e-01
5.544999999999999929e-02	-5.223067434210526550e-01	-4.405067845394736725e-01
5.550000000000000072e-02	-4.722579152960526550e-01	-4.014442845394736725e-01
5.555000000000000215e-02	-4.966719777960526550e-01	-4.234169407894736725e-01
5.559999999999999665e-02	-4.502852590460526550e-01	-3.843544407894736725e-01
5.564999999999999808e-02	-4.722579152960526550e-01	-4.038856907894736725e-01
5.569999999999999951e-02	-4.209883840460526550e-01	-3.648231907894736725e-01
5.575000000000000094e-02	-4.466231496710526550e-01	-3.843544407894736725e-01
5.580000000000000238e-02	-3.977950246710526550e-01	-3.452919407894736725e-01
5.584999999999999687e-02	-4.209883840460526550e-01	-3.648231907894736725e-01
5.589999999999999830e-02	-3.721602590460526550e-01	-3.257606907894736725e-01
5.594999999999999973e-02	-3.953536184210526550e-01	-3.452919407894736725e-01
5.600000000000000117e-02	-3.465254934210526550e-01	-3.062294407894736725e-01
5.605000000000000260e-02	-3.697188527960526550e-01	-3.257606907894736725e-01
5.609999999999999709e-02	-3.221114309210526550e-01	-2.866981907894736725e-01
5.614999999999999852e-02	-3.440840871710526550e-01	-3.062294407894736725e-01
5.619999999999999996e-02	-2.964766652960525994e-01	-2.671669407894736725e-01
5.625000000000000139e-02	-3.196700246710526550e-01	-2.891395970394736725e-01
5.630000000000000282e-02	-2.720626027960525994e-01	-2.476356907894736725e-01
5.634999999999999731e-02	-2.952559621710525994e-01	-2.671669407894736725e-01
5.639999999999999875e-02	-2.464278371710526272e-01	-2.305458470394736725e-01
5.645000000000000018e-02	-2.720626027960525994e-01	-2.476356907894736725e-01
5.650000000000000161e-02	-2.195723684210526272e-01	-2.085731907894736725e-01
5.655000000000000304e-02	-2.439864309210526272e-01	-2.305458470394736725e-01
5.659999999999999754e-02	-1.939376027960526272e-01	-1.890419407894736725e-01
5.664999999999999897e-02	-2.183516652960526272e-01	-2.110145970394736725e-01
5.670000000000000040e-02	-1.695235402960526272e-01	-1.719520970394736725e-01
5.675000000000000183e-02	-1.939376027960526272e-01	-1.914833470394736725e-01
5.680000000000000326e-02	-1.451094777960526272e-01	-1.524208470394736725e-01
5.684999999999999776e-02	-1.683028371710526272e-01	-1.719520970394736725e-01
5.689999999999999919e-02	-1.194747121710526411e-01	-1.328895970394736725e-01
5.695000000000000062e-02	-1.426680715460526272e-01	-1.548622532894736725e-01
5.700000000000000205e-02	-9.628135279605264107e-02	-1.133583470394736864e-01
5.704999999999999655e-02	-1.194747121710526411e-01	-1.353310032894736725e-01
5.709999999999999798e-02	-7.186729029605264107e-02	-9.626850328947368640e-02
5.714999999999999941e-02	-9.261924342105264107e-02	-1.133583470394736864e-01
5.720000000000000084e-02	-4.745322779605264107e-02	-7.429584703947368640e-02
5.725000000000000228e-02	-6.820518092105264107e-02	-9.626850328947368640e-02
5.729999999999999677e-02	-2.059775904605263414e-02	-5.720600328947368640e-02
5.734999999999999820e-02	-4.501182154605264107e-02	-7.673725328947368640e-02
5.739999999999999963e-02	2.595600328947366732e-03	-3.767475328947367946e-02
5.745000000000000107e-02	-1.937705592105263414e-02	-5.964740953947368640e-02
5.750000000000000250e-02	2.823036595394736586e-02	-1.570209703947368293e-02
5.754999999999999699e-02	5.037006578947366732e-03	-4.011615953947368640e-02
5.759999999999999842e-02	5.142372532894735893e-02	1.387746710526317935e-03
5.764999999999999986e-02	2.945106907894736586e-02	-1.814350328947368293e-02
5.770000000000000129e-02	7.583778782894735893e-02	2.336040296052631707e-02
5.775000000000000272e-02	5.386513157894735893e-02	1.387746710526317935e-03
5.779999999999999721e-02	1.002518503289473589e-01	3.800884046052632054e-02
5.784999999999999865e-02	7.827919407894735893e-02	1.847759046052631707e-02
5.790000000000000008e-02	1.258866159539473728e-01	5.509868421052631360e-02
5.795000000000000151e-02	1.026932565789473589e-01	3.556743421052632054e-02
5.800000000000000294e-02	1.503006784539473728e-01	7.462993421052631360e-02
5.804999999999999744e-02	1.271073190789473728e-01	5.509868421052631360e-02
5.809999999999999887e-02	1.747147409539473728e-01	9.416118421052631360e-02
5.815000000000000030e-02	1.515213815789473728e-01	7.218852796052631360e-02
5.820000000000000173e-02	1.991288034539473728e-01	1.136924342105263136e-01
5.825000000000000316e-02	1.747147409539473728e-01	9.416118421052631360e-02
5.829999999999999766e-02	2.235428659539473728e-01	1.307822779605263275e-01
5.834999999999999909e-02	2.003495065789473728e-01	1.112510279605263136e-01
5.840000000000000052e-02	2.467362253289473728e-01	1.527549342105263275e-01
5.845000000000000195e-02	2.235428659539473728e-01	1.307822779605263275e-01
5.850000000000000339e-02	2.711502878289474006e-01	1.722861842105263275e-01
5.854999999999999788e-02	2.491776315789473728e-01	1.527549342105263275e-01
5.859999999999999931e-02	2.955643503289474006e-01	1.918174342105263275e-01
5.865000000000000074e-02	2.735916940789474006e-01	1.698447779605263275e-01
5.870000000000000218e-02	3.199784128289473450e-01	2.113486842105263275e-01
5.874999999999999667e-02	2.967850534539474006e-01	1.869346217105263275e-01
5.879999999999999810e-02	3.443924753289473450e-01	2.308799342105263275e-01
5.884999999999999953e-02	3.187577097039473450e-01	2.089072779605263275e-01
5.890000000000000097e-02	3.700272409539473450e-01	2.479697779605263275e-01
5.895000000000000240e-02	3.443924753289473450e-01	2.284385279605263275e-01
5.899999999999999689e-02	3.932206003289473450e-01	2.699424342105263275e-01
5.904999999999999832e-02	3.712479440789473450e-01	2.479697779605263275e-01
5.909999999999999976e-02	4.176346628289473450e-01	2.870322779605263275e-01
5.915000000000000119e-02	3.968827097039473450e-01	2.675010279605263275e-01
5.920000000000000262e-02	4.420487253289473450e-01	3.065635279605263275e-01
5.924999999999999711e-02	4.200760690789473450e-01	2.845908717105263275e-01
5.929999999999999855e-02	4.640213815789473450e-01	3.236533717105263275e-01
5.934999999999999998e-02	4.432694284539473450e-01	3.065635279605263275e-01
5.940000000000000141e-02	4.884354440789473450e-01	3.431846217105263275e-01
5.945000000000000284e-02	4.664627878289473450e-01	3.236533717105263275e-01
5.949999999999999734e-02	5.116288034539473450e-01	3.627158717105263275e-01
5.954999999999999877e-02	4.896561472039473450e-01	3.431846217105263275e-01
5.960000000000000020e-02	5.372635690789473450e-01	3.846885279605263275e-01
5.965000000000000163e-02	5.152909128289473450e-01	3.627158717105263275e-01
5.970000000000000306e-02	5.604569284539473450e-01	4.042197779605263275e-01
5.974999999999999756e-02	5.397049753289473450e-01	3.822471217105263275e-01
5.979999999999999899e-02	5.848709909539473450e-01	4.213096217105263275e-01
5.985000000000000042e-02	5.628983347039473450e-01	4.017783717105263275e-01
5.990000000000000185e-02	6.080643503289473450e-01	4.432822779605263275e-01
5.995000000000000329e-02	5.860916940789473450e-01	4.213096217105263275e-01
5.999999999999999778e-02	6.312577097039473450e-01	4.603721217105263275e-01
6.004999999999999921e-02	6.105057565789473450e-01	4.383994654605263275e-01
6.010000000000000064e-02	6.556717722039473450e-01	4.799033717105263275e-01
6.015000000000000208e-02	6.336991159539473450e-01	4.579307154605263275e-01
6.019999999999999657e-02	6.776444284539473450e-01	4.969932154605263275e-01
6.024999999999999800e-02	6.568924753289473450e-01	4.774619654605263275e-01
6.029999999999999943e-02	7.032791940789473450e-01	5.165244654605263275e-01
6.035000000000000087e-02	6.800858347039473450e-01	4.969932154605263275e-01
6.040000000000000230e-02	7.276932565789473450e-01	5.360557154605263275e-01
6.044999999999999679e-02	7.057206003289473450e-01	5.165244654605263275e-01
6.049999999999999822e-02	7.508866159539473450e-01	5.555869654605263275e-01
6.054999999999999966e-02	7.289139597039473450e-01	5.360557154605263275e-01
6.060000000000000109e-02	7.753006784539473450e-01	5.751182154605263275e-01
6.065000000000000252e-02	7.533280222039473450e-01	5.555869654605263275e-01
6.069999999999999701e-02	7.972733347039473450e-01	5.946494654605263275e-01
6.074999999999999845e-02	7.765213815789473450e-01	5.726768092105263275e-01
6.079999999999999988e-02	8.229081003289473450e-01	6.141807154605263275e-01
6.085000000000000131e-02	7.997147409539473450e-01	5.922080592105263275e-01
6.090000000000000274e-02	8.436600534539473450e-01	6.312705592105263275e-01
6.094999999999999724e-02	8.229081003289473450e-01	6.117393092105263275e-01
6.099999999999999867e-02	8.680741159539473450e-01	6.508018092105263275e-01
6.105000000000000010e-02	8.448807565789473450e-01	6.312705592105263275e-01
6.110000000000000153e-02	8.912674753289473450e-01	6.727744654605263275e-01
6.115000000000000296e-02	8.692948190789473450e-01	6.508018092105263275e-01
6.119999999999999746e-02	9.156815378289473450e-01	6.898643092105263275e-01
6.124999999999999889e-02	8.924881784539473450e-01	6.678916529605263275e-01
6.130000000000000032e-02	9.376541940789473450e-01	7.093955592105263275e-01
6.135000000000000175e-02	9.169022409539473450e-01	6.874229029605263275e-01
6.140000000000000319e-02	9.620682565789473450e-01	7.313682154605263275e-01
6.144999999999999768e-02	9.400956003289473450e-01	7.069541529605263275e-01
6.149999999999999911e-02	9.840409128289473450e-01	7.484580592105263275e-01
6.155000000000000054e-02	9.620682565789473450e-01	7.289268092105263275e-01
6.160000000000000198e-02	1.006013569078947345e+00	7.679893092105263275e-01
6.165000000000000341e-02	9.877030222039473450e-01	7.484580592105263275e-01
6.169999999999999790e-02	1.029206928453947345e+00	7.875205592105263275e-01
6.174999999999999933e-02	1.007234272203947345e+00	7.679893092105263275e-01
6.180000000000000077e-02	1.052400287828947345e+00	8.046104029605263275e-01
6.185000000000000220e-02	1.031648334703947345e+00	7.850791529605263275e-01
6.189999999999999669e-02	1.074372944078947345e+00	8.241416529605263275e-01
6.194999999999999812e-02	1.053620990953947345e+00	8.046104029605263275e-01
6.199999999999999956e-02	1.098787006578947345e+00	8.461143092105263275e-01
6.205000000000000099e-02	1.075593647203947345e+00	8.265830592105263275e-01
6.210000000000000242e-02	1.120759662828947345e+00	8.656455592105263275e-01
6.214999999999999691e-02	1.100007709703947345e+00	8.436729029605263275e-01
6.219999999999999835e-02	1.145173725328947345e+00	8.851768092105263275e-01
6.224999999999999978e-02	1.123201069078947345e+00	8.632041529605263275e-01
6.230000000000000121e-02	1.167146381578947345e+00	9.022666529605263275e-01
6.235000000000000264e-02	1.146394428453947345e+00	8.827354029605263275e-01
6.239999999999999714e-02	1.190339740953947345e+00	9.217979029605263275e-01
6.244999999999999857e-02	1.169587787828947345e+00	9.022666529605263275e-01
6.250000000000000000e-02	1.212312397203947345e+00	9.388877467105263275e-01
6.254999999999999449e-02	1.190339740953947345e+00	9.217979029605263275e-01
6.260000000000000286e-02	1.234285053453947345e+00	9.608604029605263275e-01
6.264999999999999736e-02	1.213533100328947345e+00	9.388877467105263275e-01
6.270000000000000573e-02	1.257478412828947345e+00	9.828330592105263275e-01
6.275000000000000022e-02	1.235505756578947345e+00	9.584189967105263275e-01
6.279999999999999472e-02	1.280671772203947345e+00	9.974814967105263275e-01
6.285000000000000309e-02	1.258699115953947345e+00	9.779502467105263275e-01
6.289999999999999758e-02	1.303865131578947345e+00	1.017012746710526327e+00
6.295000000000000595e-02	1.283113178453947345e+00	9.974814967105263275e-01
6.300000000000000044e-02	1.324617084703947345e+00	1.036543996710526327e+00
6.304999999999999494e-02	1.303865131578947345e+00	1.017012746710526327e+00
6.310000000000000331e-02	1.346589740953947345e+00	1.056075246710526327e+00
6.314999999999999780e-02	1.327058490953947345e+00	1.034102590460526327e+00
6.320000000000000617e-02	1.368562397203947345e+00	1.075606496710526327e+00
6.325000000000000067e-02	1.349031147203947345e+00	1.056075246710526327e+00
6.329999999999999516e-02	1.391755756578947345e+00	1.092696340460526327e+00
6.335000000000000353e-02	1.369783100328947345e+00	1.073165090460526327e+00
6.339999999999999802e-02	1.412507709703947345e+00	1.112227590460526327e+00
6.345000000000000639e-02	1.392976459703947345e+00	1.092696340460526327e+00
6.350000000000000089e-02	1.435701069078947345e+00	1.131758840460526327e+00
6.354999999999999538e-02	1.414949115953947345e+00	1.112227590460526327e+00
6.360000000000000375e-02	1.456453022203947345e+00	1.151290090460526327e+00
6.364999999999999825e-02	1.436921772203947345e+00	1.131758840460526327e+00
6.370000000000000662e-02	1.480867084703947345e+00	1.170821340460526327e+00
6.375000000000000111e-02	1.458894428453947345e+00	1.148848684210526327e+00
6.379999999999999560e-02	1.502839740953947345e+00	1.187911184210526327e+00
6.385000000000000397e-02	1.480867084703947345e+00	1.170821340460526327e+00
6.389999999999999847e-02	1.522370990953947345e+00	1.200118215460526327e+00
6.395000000000000684e-02	1.504060444078947345e+00	1.187911184210526327e+00
6.400000000000000133e-02	1.544343647203947345e+00	1.192793996710526327e+00
6.404999999999999583e-02	1.524812397203947345e+00	1.168379934210526327e+00
6.410000000000000420e-02	1.550447162828947345e+00	1.170821340460526327e+00
6.414999999999999869e-02	1.543122944078947345e+00	1.151290090460526327e+00
6.419999999999999318e-02	1.543122944078947345e+00	1.151290090460526327e+00
6.425000000000000155e-02	1.515046772203947345e+00	1.134200246710526327e+00
6.429999999999999605e-02	1.508943256578947345e+00	1.131758840460526327e+00
6.435000000000000442e-02	1.454011615953947345e+00	1.114668996710526327e+00
6.439999999999999891e-02	1.449128803453947345e+00	1.114668996710526327e+00
6.444999999999999341e-02	1.395417865953947345e+00	1.095137746710526327e+00
6.450000000000000178e-02	1.390535053453947345e+00	1.097579152960526327e+00
6.454999999999999627e-02	1.353913959703947345e+00	1.078047902960526327e+00
6.460000000000000464e-02	1.350251850328947345e+00	1.078047902960526327e+00
6.464999999999999913e-02	1.327058490953947345e+00	1.056075246710526327e+00
6.469999999999999363e-02	1.327058490953947345e+00	1.058516652960526327e+00
6.475000000000000200e-02	1.311189350328947345e+00	1.038985402960526327e+00
6.479999999999999649e-02	1.311189350328947345e+00	1.038985402960526327e+00
6.485000000000000486e-02	1.298982319078947345e+00	1.019454152960526327e+00
6.489999999999999936e-02	1.300203022203947345e+00	1.019454152960526327e+00
6.494999999999999385e-02	1.287995990953947345e+00	1.002364309210526327e+00
6.500000000000000222e-02	1.286775287828947345e+00	9.999229029605263275e-01
6.504999999999999671e-02	1.268464740953947345e+00	9.828330592105263275e-01
6.510000000000000508e-02	1.266023334703947345e+00	9.803916529605263275e-01
6.514999999999999958e-02	1.237947162828947345e+00	9.633018092105263275e-01
6.519999999999999407e-02	1.236726459703947345e+00	9.633018092105263275e-01
6.525000000000000244e-02	1.204988178453947345e+00	9.413291529605263275e-01
6.529999999999999694e-02	1.202546772203947345e+00	9.437705592105263275e-01
6.535000000000000531e-02	1.172029194078947345e+00	9.266807154605263275e-01
6.539999999999999980e-02	1.169587787828947345e+00	9.266807154605263275e-01
6.544999999999999429e-02	1.142732319078947345e+00	9.022666529605263275e-01
6.550000000000000266e-02	1.140290912828947345e+00	9.071494654605263275e-01
6.554999999999999716e-02	1.115876850328947345e+00	8.851768092105263275e-01
6.560000000000000553e-02	1.113435444078947345e+00	8.851768092105263275e-01
6.565000000000000002e-02	1.091462787828947345e+00	8.680869654605263275e-01
6.569999999999999452e-02	1.090242084703947345e+00	8.680869654605263275e-01
6.575000000000000289e-02	1.069490131578947345e+00	8.461143092105263275e-01
6.579999999999999738e-02	1.068269428453947345e+00	8.485557154605263275e-01
6.585000000000000575e-02	1.047517475328947345e+00	8.290244654605263275e-01
6.590000000000000024e-02	1.046296772203947345e+00	8.290244654605263275e-01
6.594999999999999474e-02	1.023103412828947345e+00	8.119346217105263275e-01
6.600000000000000311e-02	1.020662006578947345e+00	8.119346217105263275e-01
6.604999999999999760e-02	9.974686472039473450e-01	7.899619654605263275e-01
6.610000000000000597e-02	9.950272409539473450e-01	7.924033717105263275e-01
6.615000000000000047e-02	9.681717722039473450e-01	7.704307154605263275e-01
6.619999999999999496e-02	9.657303659539473450e-01	7.728721217105263275e-01
6.625000000000000333e-02	9.425370065789473450e-01	7.533408717105263275e-01
6.629999999999999782e-02	9.388748972039473450e-01	7.557822779605263275e-01
6.635000000000000620e-02	9.144608347039473450e-01	7.362510279605263275e-01
6.640000000000000069e-02	9.120194284539473450e-01	7.338096217105263275e-01
6.644999999999999518e-02	8.888260690789473450e-01	7.167197779605263275e-01
6.650000000000000355e-02	8.863846628289473450e-01	7.167197779605263275e-01
6.654999999999999805e-02	8.644120065789473450e-01	6.947471217105263275e-01
6.660000000000000642e-02	8.631913034539473450e-01	6.971885279605263275e-01
6.665000000000000091e-02	8.399979440789473450e-01	6.752158717105263275e-01
6.669999999999999540e-02	8.387772409539473450e-01	6.800986842105263275e-01
6.675000000000000377e-02	8.143631784539473450e-01	6.581260279605263275e-01
6.679999999999999827e-02	8.119217722039473450e-01	6.581260279605263275e-01
6.685000000000000664e-02	7.875077097039473450e-01	6.385947779605263275e-01
6.690000000000000113e-02	7.862870065789473450e-01	6.385947779605263275e-01
6.694999999999999563e-02	7.630936472039473450e-01	6.190635279605263275e-01
6.700000000000000400e-02	7.606522409539473450e-01	6.190635279605263275e-01
6.704999999999999849e-02	7.362381784539473450e-01	5.995322779605263275e-01
6.710000000000000686e-02	7.337967722039473450e-01	6.019736842105263275e-01
6.715000000000000135e-02	7.106034128289473450e-01	5.800010279605263275e-01
6.719999999999999585e-02	7.093827097039473450e-01	5.824424342105263275e-01
6.725000000000000422e-02	6.849686472039473450e-01	5.604697779605263275e-01
6.729999999999999871e-02	6.825272409539473450e-01	5.629111842105263275e-01
6.734999999999999321e-02	6.593338815789473450e-01	5.433799342105263275e-01
6.740000000000000158e-02	6.556717722039473450e-01	5.433799342105263275e-01
6.744999999999999607e-02	6.324784128289473450e-01	5.238486842105263275e-01
6.750000000000000444e-02	6.312577097039473450e-01	5.262900904605263275e-01
6.754999999999999893e-02	6.068436472039473450e-01	5.043174342105263275e-01
6.759999999999999343e-02	6.056229440789473450e-01	5.067588404605263275e-01
6.765000000000000180e-02	5.836502878289473450e-01	4.823447779605263275e-01
6.769999999999999629e-02	5.812088815789473450e-01	4.872275904605263275e-01
6.775000000000000466e-02	5.567948190789473450e-01	4.652549342105263275e-01
6.779999999999999916e-02	5.555741159539473450e-01	4.676963404605263275e-01
6.784999999999999365e-02	5.323807565789473450e-01	4.457236842105263275e-01
6.790000000000000202e-02	5.299393503289473450e-01	4.481650904605263275e-01
6.794999999999999651e-02	5.067459909539473450e-01	4.286338404605263275e-01
6.800000000000000488e-02	5.043045847039473450e-01	4.310752467105263275e-01
6.804999999999999938e-02	4.786698190789473450e-01	4.115439967105263275e-01
6.809999999999999387e-02	4.786698190789473450e-01	4.115439967105263275e-01
6.815000000000000224e-02	4.554764597039473450e-01	3.895713404605263275e-01
6.819999999999999674e-02	4.530350534539473450e-01	3.895713404605263275e-01
6.825000000000000511e-02	4.298416940789473450e-01	3.700400904605263275e-01
6.829999999999999960e-02	4.274002878289473450e-01	3.724814967105263275e-01
6.834999999999999409e-02	4.054276315789473450e-01	3.505088404605263275e-01
6.840000000000000246e-02	4.029862253289473450e-01	3.529502467105263275e-01
6.844999999999999696e-02	3.797928659539473450e-01	3.334189967105263275e-01
6.850000000000000533e-02	3.785721628289473450e-01	3.309775904605263275e-01
6.854999999999999982e-02	3.541581003289473450e-01	3.138877467105263275e-01
6.859999999999999432e-02	3.529373972039473450e-01	3.138877467105263275e-01
6.865000000000000269e-02	3.297440378289473450e-01	2.919150904605263275e-01
6.869999999999999718e-02	3.273026315789473450e-01	2.943564967105263275e-01
6.875000000000000555e-02	3.028885690789474006e-01	2.748252467105263275e-01
6.880000000000000004e-02	3.016678659539474006e-01	2.748252467105263275e-01
6.884999999999999454e-02	2.784745065789474006e-01	2.528525904605263275e-01
6.890000000000000291e-02	2.760331003289474006e-01	2.552939967105263275e-01
6.894999999999999740e-02	2.528397409539474006e-01	2.357627467105263275e-01
6.900000000000000577e-02	2.516190378289474006e-01	2.357627467105263275e-01
6.905000000000000027e-02	2.296463815789473728e-01	2.186729029605263275e-01
6.909999999999999476e-02	2.284256784539473728e-01	2.186729029605263275e-01
6.915000000000000313e-02	2.052323190789473728e-01	1.967002467105263275e-01
6.919999999999999762e-02	2.027909128289473728e-01	1.967002467105263275e-01
6.925000000000000600e-02	1.795975534539473728e-01	1.796104029605263275e-01
6.930000000000000049e-02	1.771561472039473728e-01	1.796104029605263275e-01
6.934999999999999498e-02	1.551834909539473728e-01	1.600791529605263275e-01
6.940000000000000335e-02	1.539627878289473728e-01	1.600791529605263275e-01
6.944999999999999785e-02	1.283280222039473728e-01	1.381064967105263275e-01
6.950000000000000622e-02	1.271073190789473728e-01	1.405479029605263275e-01
6.955000000000000071e-02	1.051346628289473589e-01	1.210166529605263136e-01
6.959999999999999520e-02	1.039139597039473589e-01	1.234580592105263136e-01
6.965000000000000357e-02	7.949989720394735893e-02	1.014854029605263136e-01
6.969999999999999807e-02	7.827919407894735893e-02	1.039268092105263136e-01
6.975000000000000644e-02	5.508583470394735893e-02	8.439555921052631360e-02
6.980000000000000093e-02	5.386513157894735893e-02	8.439555921052631360e-02
6.984999999999999543e-02	3.067177220394736586e-02	6.242290296052631360e-02
6.990000000000000380e-02	2.823036595394736586e-02	6.486430921052631360e-02
6.994999999999999829e-02	6.257709703947366732e-03	4.289165296052631360e-02
7.000000000000000666e-02	5.037006578947366732e-03	4.533305921052631360e-02
7.005000000000000115e-02	-1.693564967105263414e-02	2.580180921052631707e-02
7.009999999999999565e-02	-1.937705592105263414e-02	2.824321546052631707e-02
7.015000000000000402e-02	-4.257041529605264107e-02	8.711965460526317068e-03
7.019999999999999851e-02	-4.501182154605264107e-02	8.711965460526317068e-03
7.025000000000000688e-02	-6.698447779605264107e-02	-1.081928453947368293e-02
7.030000000000000138e-02	-6.820518092105264107e-02	-8.377878289473682932e-03
7.034999999999999587e-02	-9.139854029605264107e-02	-3.035053453947368293e-02
7.040000000000000424e-02	-9.139854029605264107e-02	-2.790912828947368293e-02
7.044999999999999873e-02	-1.145918996710526411e-01	-5.232319078947368640e-02
7.049999999999999323e-02	-1.182540090460526411e-01	-4.744037828947368640e-02
7.055000000000000160e-02	-1.414473684210526272e-01	-7.185444078947368640e-02
7.059999999999999609e-02	-1.414473684210526272e-01	-6.697162828947368640e-02
7.065000000000000446e-02	-1.634200246710526272e-01	-8.894428453947368640e-02
7.069999999999999896e-02	-1.670821340460526272e-01	-8.650287828947368640e-02
7.074999999999999345e-02	-1.890547902960526272e-01	-1.084755345394736864e-01
7.080000000000000182e-02	-1.890547902960526272e-01	-1.060341282894736864e-01
7.084999999999999631e-02	-2.134688527960526272e-01	-1.255653782894736725e-01
7.090000000000000469e-02	-2.146895559210526272e-01	-1.255653782894736725e-01
7.094999999999999918e-02	-2.378829152960526272e-01	-1.450966282894736725e-01
7.099999999999999367e-02	-2.391036184210526272e-01	-1.426552220394736725e-01
7.105000000000000204e-02	-2.598555715460525994e-01	-1.670692845394736725e-01
7.109999999999999654e-02	-2.635176809210525994e-01	-1.646278782894736725e-01
7.115000000000000491e-02	-2.867110402960525994e-01	-1.841591282894736725e-01
7.119999999999999940e-02	-2.879317434210525994e-01	-1.841591282894736725e-01
7.124999999999999389e-02	-3.099043996710525994e-01	-2.036903782894736725e-01
7.130000000000000226e-02	-3.111251027960525994e-01	-2.012489720394736725e-01
7.134999999999999676e-02	-3.343184621710526550e-01	-2.207802220394736725e-01
7.140000000000000513e-02	-3.355391652960526550e-01	-2.232216282894736725e-01
7.144999999999999962e-02	-3.587325246710526550e-01	-2.427528782894736725e-01
7.149999999999999412e-02	-3.599532277960526550e-01	-2.403114720394736725e-01
7.155000000000000249e-02	-3.819258840460526550e-01	-2.598427220394736725e-01
7.159999999999999698e-02	-3.831465871710526550e-01	-2.574013157894736725e-01
7.165000000000000535e-02	-4.063399465460526550e-01	-2.793739720394736725e-01
7.169999999999999984e-02	-4.075606496710526550e-01	-2.793739720394736725e-01
7.174999999999999434e-02	-4.295333059210526550e-01	-3.013466282894736725e-01
7.180000000000000271e-02	-4.307540090460526550e-01	-2.989052220394736725e-01
7.184999999999999720e-02	-4.539473684210526550e-01	-3.208778782894736725e-01
7.190000000000000557e-02	-4.563887746710526550e-01	-3.184364720394736725e-01
7.195000000000000007e-02	-4.783614309210526550e-01	-3.379677220394736725e-01
7.199999999999999456e-02	-4.783614309210526550e-01	-3.355263157894736725e-01
7.205000000000000293e-02	-5.015547902960526550e-01	-3.574989720394736725e-01
7.209999999999999742e-02	-5.052168996710526550e-01	-3.574989720394736725e-01
7.215000000000000580e-02	-5.259688527960526550e-01	-3.770302220394736725e-01
7.220000000000000029e-02	-5.271895559210526550e-01	-3.770302220394736725e-01
7.224999999999999478e-02	-5.491622121710526550e-01	-3.941200657894736725e-01
7.230000000000000315e-02	-5.491622121710526550e-01	-3.941200657894736725e-01
7.234999999999999765e-02	-5.723555715460526550e-01	-4.136513157894736725e-01
7.240000000000000602e-02	-5.760176809210526550e-01	-4.160927220394736725e-01
7.245000000000000051e-02	-5.967696340460526550e-01	-4.331825657894736725e-01
7.249999999999999500e-02	-5.992110402960526550e-01	-4.356239720394736725e-01
7.255000000000000338e-02	-6.211836965460526550e-01	-4.527138157894736725e-01
7.259999999999999787e-02	-6.224043996710526550e-01	-4.527138157894736725e-01
7.265000000000000624e-02	-6.431563527960526550e-01	-4.722450657894736725e-01
7.270000000000000073e-02	-6.455977590460526550e-01	-4.722450657894736725e-01
7.274999999999999523e-02	-6.663497121710526550e-01	-4.917763157894736725e-01
7.280000000000000360e-02	-6.687911184210526550e-01	-4.917763157894736725e-01
7.284999999999999809e-02	-6.919844777960526550e-01	-5.137489720394736725e-01
7.290000000000000646e-02	-6.932051809210526550e-01	-5.088661595394736725e-01
7.295000000000000095e-02	-7.139571340460526550e-01	-5.308388157894736725e-01
7.299999999999999545e-02	-7.163985402960526550e-01	-5.332802220394736725e-01
7.305000000000000382e-02	-7.371504934210526550e-01	-5.503700657894736725e-01
7.309999999999999831e-02	-7.395918996710526550e-01	-5.479286595394736725e-01
7.315000000000000668e-02	-7.615645559210526550e-01	-5.699013157894736725e-01
7.320000000000000118e-02	-7.627852590460526550e-01	-5.674599095394736725e-01
7.324999999999999567e-02	-7.859786184210526550e-01	-5.894325657894736725e-01
7.330000000000000404e-02	-7.859786184210526550e-01	-5.845497532894736725e-01
7.334999999999999853e-02	-8.079512746710526550e-01	-6.065224095394736725e-01
7.340000000000000691e-02	-8.103926809210526550e-01	-6.065224095394736725e-01
7.345000000000000140e-02	-8.311446340460526550e-01	-6.260536595394736725e-01
7.349999999999999589e-02	-8.323653371710526550e-01	-6.260536595394736725e-01
7.355000000000000426e-02	-8.543379934210526550e-01	-6.455849095394736725e-01
7.359999999999999876e-02	-8.555586965460526550e-01	-6.431435032894736725e-01
7.364999999999999325e-02	-8.775313527960526550e-01	-6.651161595394736725e-01
7.370000000000000162e-02	-8.787520559210526550e-01	-6.651161595394736725e-01
7.374999999999999611e-02	-9.007247121710526550e-01	-6.846474095394736725e-01
7.380000000000000449e-02	-9.019454152960526550e-01	-6.822060032894736725e-01
7.384999999999999898e-02	-9.226973684210526550e-01	-7.041786595394736725e-01
7.389999999999999347e-02	-9.251387746710526550e-01	-7.041786595394736725e-01
7.395000000000000184e-02	-9.471114309210526550e-01	-7.237099095394736725e-01
7.399999999999999634e-02	-9.483321340460526550e-01	-7.237099095394736725e-01
7.405000000000000471e-02	-9.690840871710526550e-01	-7.432411595394736725e-01
7.409999999999999920e-02	-9.703047902960526550e-01	-7.432411595394736725e-01
7.414999999999999369e-02	-9.922774465460526550e-01	-7.603310032894736725e-01
7.420000000000000207e-02	-9.947188527960526550e-01	-7.603310032894736725e-01
7.424999999999999656e-02	-1.015470805921052655e+00	-7.823036595394736725e-01
7.430000000000000493e-02	-1.017912212171052655e+00	-7.798622532894736725e-01
7.434999999999999942e-02	-1.038664165296052655e+00	-7.993935032894736725e-01
7.439999999999999392e-02	-1.038664165296052655e+00	-7.993935032894736725e-01
7.445000000000000229e-02	-1.061857524671052655e+00	-8.189247532894736725e-01
7.449999999999999678e-02	-1.063078227796052655e+00	-8.189247532894736725e-01
7.455000000000000515e-02	-1.082609477796052655e+00	-8.384560032894736725e-01
7.459999999999999964e-02	-1.085050884046052655e+00	-8.384560032894736725e-01
7.464999999999999414e-02	-1.105802837171052655e+00	-8.579872532894736725e-01
7.470000000000000251e-02	-1.107023540296052655e+00	-8.555458470394736725e-01
7.474999999999999700e-02	-1.127775493421052655e+00	-8.775185032894736725e-01
7.480000000000000537e-02	-1.130216899671052655e+00	-8.750770970394736725e-01
7.484999999999999987e-02	-1.150968852796052655e+00	-8.970497532894736725e-01
7.489999999999999436e-02	-1.153410259046052655e+00	-8.946083470394736725e-01
7.495000000000000273e-02	-1.174162212171052655e+00	-9.141395970394736725e-01
7.499999999999999722e-02	-1.175382915296052655e+00	-9.165810032894736725e-01
7.505000000000000560e-02	-1.197355571546052655e+00	-9.336708470394736725e-01
7.510000000000000009e-02	-1.199796977796052655e+00	-9.336708470394736725e-01
7.514999999999999458e-02	-1.219328227796052655e+00	-9.532020970394736725e-01
7.520000000000000295e-02	-1.220548930921052655e+00	-9.532020970394736725e-01
7.524999999999999745e-02	-1.240080180921052655e+00	-9.727333470394736725e-01
7.530000000000000582e-02	-1.243742290296052655e+00	-9.702919407894736725e-01
7.535000000000000031e-02	-1.263273540296052655e+00	-9.922645970394736725e-01
7.539999999999999480e-02	-1.265714946546052655e+00	-9.873817845394736725e-01
7.545000000000000318e-02	-1.286466899671052655e+00	-1.011795847039473673e+00
7.549999999999999767e-02	-1.287687602796052655e+00	-1.011795847039473673e+00
7.555000000000000604e-02	-1.307218852796052655e+00	-1.031327097039473673e+00
7.560000000000000053e-02	-1.308439555921052655e+00	-1.031327097039473673e+00
7.564999999999999503e-02	-1.329191509046052655e+00	-1.048416940789473673e+00
7.570000000000000340e-02	-1.331632915296052655e+00	-1.048416940789473673e+00
7.574999999999999789e-02	-1.351164165296052655e+00	-1.067948190789473673e+00
7.580000000000000626e-02	-1.354826274671052655e+00	-1.067948190789473673e+00
7.585000000000000075e-02	-1.376798930921052655e+00	-1.087479440789473673e+00
7.589999999999999525e-02	-1.376798930921052655e+00	-1.087479440789473673e+00
7.595000000000000362e-02	-1.396330180921052655e+00	-1.107010690789473673e+00
0.000000000000000000e+00	-7.630221718236019912e-01	-5.843505859375000000e-01
5.000000000000000240e-05	-7.630221718236019912e-01	-5.843505859375000000e-01
1.000000000000000048e-04	-7.654635780736019912e-01	-5.843505859375000000e-01
1.499999999999999869e-04	-7.862155311986019912e-01	-6.014404296875000000e-01
2.000000000000000096e-04	-7.874362343236019912e-01	-6.014404296875000000e-01
2.500000000000000052e-04	-8.106295936986019912e-01	-6.234130859375000000e-01
2.999999999999999737e-04	-8.118502968236019912e-01	-6.234130859375000000e-01
3.499999999999999964e-04	-8.338229530736019912e-01	-6.429443359375000000e-01
4.000000000000000192e-04	-8.326022499486019912e-01	-6.380615234375000000e-01
4.499999999999999877e-04	-8.557956093236019912e-01	-6.600341796875000000e-01
5.000000000000000104e-04	-8.582370155736019912e-01	-6.600341796875000000e-01
5.500000000000000331e-04	-8.777682655736019912e-01	-6.795654296875000000e-01
5.999999999999999474e-04	-8.802096718236019912e-01	-6.795654296875000000e-01
6.499999999999999702e-04	-8.997409218236019912e-01	-6.990966796875000000e-01
6.999999999999999929e-04	-9.009616249486019912e-01	-6.990966796875000000e-01
7.500000000000000156e-04	-9.229342811986019912e-01	-7.186279296875000000e-01
8.000000000000000383e-04	-9.241549843236019912e-01	-7.186279296875000000e-01
8.499999999999999526e-04	-9.449069374486019912e-01	-7.381591796875000000e-01
8.999999999999999754e-04	-9.461276405736019912e-01	-7.357177734375000000e-01
9.499999999999999981e-04	-9.681002968236019912e-01	-7.552490234375000000e-01
1.000000000000000021e-03	-9.693209999486019912e-01	-7.576904296875000000e-01
1.049999999999999935e-03	-9.912936561986019912e-01	-7.772216796875000000e-01
1.100000000000000066e-03	-9.925143593236019912e-01	-7.747802734375000000e-01
1.149999999999999981e-03	-1.014487015573602102e+00	-7.967529296875000000e-01
1.199999999999999895e-03	-1.015707718698602102e+00	-7.943115234375000000e-01
1.250000000000000026e-03	-1.035238968698602102e+00	-8.162841796875000000e-01
1.299999999999999940e-03	-1.037680374948602102e+00	-8.138427734375000000e-01
1.350000000000000071e-03	-1.058432328073602102e+00	-8.333740234375000000e-01
1.399999999999999986e-03	-1.059653031198602102e+00	-8.333740234375000000e-01
1.449999999999999900e-03	-1.080404984323602102e+00	-8.529052734375000000e-01
1.500000000000000031e-03	-1.080404984323602102e+00	-8.553466796875000000e-01
1.549999999999999946e-03	-1.101156937448602102e+00	-8.724365234375000000e-01
1.600000000000000077e-03	-1.103598343698602102e+00	-8.724365234375000000e-01
1.649999999999999991e-03	-1.125570999948602102e+00	-8.919677734375000000e-01
1.699999999999999905e-03	-1.124350296823602102e+00	-8.895263671875000000e-01
1.750000000000000036e-03	-1.147543656198602102e+00	-9.114990234375000000e-01
1.799999999999999951e-03	-1.147543656198602102e+00	-9.090576171875000000e-01
1.850000000000000082e-03	-1.170737015573602102e+00	-9.334716796875000000e-01
1.899999999999999996e-03	-1.170737015573602102e+00	-9.285888671875000000e-01
1.949999999999999910e-03	-1.190268265573602102e+00	-9.481201171875000000e-01
2.000000000000000042e-03	-1.193930374948602102e+00	-9.481201171875000000e-01
2.050000000000000173e-03	-1.213461624948602102e+00	-9.700927734375000000e-01
2.099999999999999870e-03	-1.214682328073602102e+00	-9.676513671875000000e-01
2.150000000000000001e-03	-1.234213578073602102e+00	-9.847412109375000000e-01
2.200000000000000133e-03	-1.234213578073602102e+00	-9.871826171875000000e-01
2.249999999999999830e-03	-1.256186234323601880e+00	-1.006713867187500000e+00
2.299999999999999961e-03	-1.258627640573601880e+00	-1.006713867187500000e+00
2.350000000000000092e-03	-1.279379593698601880e+00	-1.026245117187500000e+00
2.399999999999999790e-03	-1.281820999948601880e+00	-1.026245117187500000e+00
2.449999999999999921e-03	-1.301352249948601880e+00	-1.045776367187500000e+00
2.500000000000000052e-03	-1.303793656198601880e+00	-1.045776367187500000e+00
2.550000000000000183e-03	-1.322104203073601880e+00	-1.065307617187500000e+00
2.599999999999999881e-03	-1.323324906198601880e+00	-1.062866210937500000e+00
2.650000000000000012e-03	-1.345297562448601880e+00	-1.084838867187500000e+00
2.700000000000000143e-03	-1.345297562448601880e+00	-1.082397460937500000e+00
2.749999999999999840e-03	-1.366049515573601880e+00	-1.101928710937500000e+00
2.799999999999999972e-03	-1.367270218698601880e+00	-1.104370117187500000e+00
2.850000000000000103e-03	-1.386801468698601880e+00	-1.123901367187500000e+00
2.899999999999999800e-03	-1.389242874948601880e+00	-1.121459960937500000e+00
2.949999999999999931e-03	-1.408774124948601880e+00	-1.136108398437500000e+00
3.000000000000000062e-03	-1.411215531198601880e+00	-1.111694335937500000e+00
3.050000000000000194e-03	-1.428305374948601880e+00	-1.131225585937500000e+00
3.099999999999999891e-03	-1.429526078073601880e+00	-1.092163085937500000e+00
3.150000000000000022e-03	-1.440512406198601880e+00	-1.111694335937500000e+00
3.200000000000000153e-03	-1.418539749948601880e+00	-1.072631835937500000e+00
3.249999999999999851e-03	-1.436850296823601880e+00	-1.092163085937500000e+00
3.299999999999999982e-03	-1.368490921823601880e+00	-1.053100585937500000e+00
3.350000000000000113e-03	-1.414877640573601880e+00	-1.075073242187500000e+00
3.399999999999999811e-03	-1.309897171823601880e+00	-1.036010742187500000e+00
3.449999999999999942e-03	-1.362387406198601880e+00	-1.053100585937500000e+00
3.500000000000000073e-03	-1.262289749948601880e+00	-1.016479492187500000e+00
3.550000000000000204e-03	-1.305014359323601880e+00	-1.036010742187500000e+00
3.599999999999999901e-03	-1.228110062448602102e+00	-9.969482421875000000e-01
3.650000000000000033e-03	-1.257406937448601880e+00	-1.016479492187500000e+00
3.700000000000000164e-03	-1.207358109323602102e+00	-9.774169921875000000e-01
3.749999999999999861e-03	-1.226889359323602102e+00	-9.993896484375000000e-01
3.799999999999999992e-03	-1.193930374948602102e+00	-9.603271484375000000e-01
3.850000000000000124e-03	-1.207358109323602102e+00	-9.798583984375000000e-01
3.899999999999999821e-03	-1.181723343698602102e+00	-9.407958984375000000e-01
3.950000000000000386e-03	-1.193930374948602102e+00	-9.603271484375000000e-01
4.000000000000000083e-03	-1.167074906198602102e+00	-9.212646484375000000e-01
4.049999999999999781e-03	-1.182944046823602102e+00	-9.432373046875000000e-01
4.100000000000000346e-03	-1.143881546823602102e+00	-9.017333984375000000e-01
4.150000000000000043e-03	-1.165854203073602102e+00	-9.212646484375000000e-01
4.199999999999999740e-03	-1.112143265573602102e+00	-8.822021484375000000e-01
4.250000000000000305e-03	-1.141440140573602102e+00	-9.041748046875000000e-01
4.300000000000000003e-03	-1.081625687448602102e+00	-8.651123046875000000e-01
4.349999999999999700e-03	-1.110922562448602102e+00	-8.846435546875000000e-01
4.400000000000000265e-03	-1.049887406198602102e+00	-8.455810546875000000e-01
4.449999999999999963e-03	-1.077963578073602102e+00	-8.651123046875000000e-01
4.499999999999999660e-03	-1.020590531198602102e+00	-8.236083984375000000e-01
4.550000000000000225e-03	-1.047445999948602102e+00	-8.480224609375000000e-01
4.599999999999999922e-03	-9.973971718236019912e-01	-8.065185546875000000e-01
4.649999999999999620e-03	-1.019369828073602102e+00	-8.260498046875000000e-01
4.700000000000000185e-03	-9.729831093236019912e-01	-7.869873046875000000e-01
4.749999999999999882e-03	-9.937350624486019912e-01	-8.089599609375000000e-01
4.799999999999999580e-03	-9.510104530736019912e-01	-7.698974609375000000e-01
4.850000000000000144e-03	-9.705417030736019912e-01	-7.869873046875000000e-01
4.899999999999999842e-03	-9.278170936986019912e-01	-7.503662109375000000e-01
4.950000000000000407e-03	-9.473483436986019912e-01	-7.698974609375000000e-01
5.000000000000000104e-03	-9.021823280736019912e-01	-7.332763671875000000e-01
5.049999999999999802e-03	-9.253756874486019912e-01	-7.503662109375000000e-01
5.100000000000000366e-03	-8.777682655736019912e-01	-7.064208984375000000e-01
5.150000000000000064e-03	-9.021823280736019912e-01	-7.308349609375000000e-01
5.199999999999999761e-03	-8.496920936986019912e-01	-6.917724609375000000e-01
5.250000000000000326e-03	-8.753268593236019912e-01	-7.137451171875000000e-01
5.300000000000000024e-03	-8.228366249486019912e-01	-6.746826171875000000e-01
5.349999999999999721e-03	-8.472506874486019912e-01	-6.917724609375000000e-01
5.400000000000000286e-03	-7.972018593236019912e-01	-6.551513671875000000e-01
5.449999999999999983e-03	-8.203952186986019912e-01	-6.722412109375000000e-01
5.499999999999999681e-03	-7.727877968236019912e-01	-6.356201171875000000e-01
5.550000000000000246e-03	-7.947604530736019912e-01	-6.551513671875000000e-01
5.599999999999999943e-03	-7.495944374486019912e-01	-6.160888671875000000e-01
5.649999999999999641e-03	-7.703463905736019912e-01	-6.356201171875000000e-01
5.700000000000000205e-03	-7.239596718236019912e-01	-5.965576171875000000e-01
5.749999999999999903e-03	-7.471530311986019912e-01	-6.160888671875000000e-01
5.799999999999999600e-03	-6.995456093236019912e-01	-5.794677734375000000e-01
5.850000000000000165e-03	-7.239596718236019912e-01	-5.965576171875000000e-01
5.899999999999999863e-03	-6.726901405736019912e-01	-5.599365234375000000e-01
5.950000000000000427e-03	-6.971042030736019912e-01	-5.794677734375000000e-01
6.000000000000000125e-03	-6.482760780736019912e-01	-5.404052734375000000e-01
6.049999999999999822e-03	-6.714694374486019912e-01	-5.599365234375000000e-01
6.100000000000000387e-03	-6.226413124486019912e-01	-5.184326171875000000e-01
6.150000000000000085e-03	-6.458346718236019912e-01	-5.404052734375000000e-01
6.199999999999999782e-03	-5.957858436986019912e-01	-5.013427734375000000e-01
6.250000000000000347e-03	-6.201999061986019912e-01	-5.208740234375000000e-01
6.300000000000000044e-03	-5.701510780736019912e-01	-4.818115234375000000e-01
6.349999999999999742e-03	-5.945651405736019912e-01	-5.037841796875000000e-01
6.400000000000000307e-03	-5.469577186986019912e-01	-4.622802734375000000e-01
6.450000000000000004e-03	-5.689303749486019912e-01	-4.842529296875000000e-01
6.499999999999999702e-03	-5.213229530736019912e-01	-4.427490234375000000e-01
6.550000000000000266e-03	-5.432956093236019912e-01	-4.622802734375000000e-01
6.599999999999999964e-03	-4.981295936986019357e-01	-4.232177734375000000e-01
6.649999999999999661e-03	-5.201022499486019912e-01	-4.451904296875000000e-01
6.700000000000000226e-03	-4.724948280736019357e-01	-4.061279296875000000e-01
6.749999999999999924e-03	-4.944674843236019357e-01	-4.281005859375000000e-01
6.799999999999999621e-03	-4.480807655736019357e-01	-3.890380859375000000e-01
6.850000000000000186e-03	-4.688327186986019357e-01	-4.061279296875000000e-01
6.899999999999999883e-03	-4.224459999486019357e-01	-3.646240234375000000e-01
6.949999999999999581e-03	-4.444186561986019357e-01	-3.865966796875000000e-01
7.000000000000000146e-03	-3.968112343236019357e-01	-3.475341796875000000e-01
7.049999999999999843e-03	-4.212252968236019357e-01	-3.670654296875000000e-01
7.100000000000000408e-03	-3.711764686986019357e-01	-3.280029296875000000e-01
7.150000000000000105e-03	-3.955905311986019357e-01	-3.475341796875000000e-01
7.199999999999999803e-03	-3.455417030736019357e-01	-3.084716796875000000e-01
7.250000000000000368e-03	-3.699557655736019357e-01	-3.304443359375000000e-01
7.300000000000000065e-03	-3.211276405736019357e-01	-2.913818359375000000e-01
7.349999999999999763e-03	-3.455417030736019357e-01	-3.109130859375000000e-01
7.400000000000000328e-03	-2.967135780736019912e-01	-2.718505859375000000e-01
7.450000000000000025e-03	-3.199069374486019357e-01	-2.913818359375000000e-01
7.499999999999999722e-03	-2.710788124486019912e-01	-2.523193359375000000e-01
7.550000000000000287e-03	-2.954928749486019912e-01	-2.694091796875000000e-01
7.599999999999999985e-03	-2.454440468236019912e-01	-2.327880859375000000e-01
7.649999999999999682e-03	-2.698581093236019912e-01	-2.523193359375000000e-01
7.700000000000000247e-03	-2.198092811986019912e-01	-2.132568359375000000e-01
7.749999999999999944e-03	-2.442233436986019912e-01	-2.327880859375000000e-01
7.799999999999999642e-03	-1.953952186986019912e-01	-1.937255859375000000e-01
7.849999999999999339e-03	-2.185885780736019912e-01	-2.156982421875000000e-01
7.900000000000000772e-03	-1.722018593236019912e-01	-1.741943359375000000e-01
7.950000000000000469e-03	-1.941745155736019912e-01	-1.937255859375000000e-01
8.000000000000000167e-03	-1.477877968236019912e-01	-1.571044921875000000e-01
8.049999999999999864e-03	-1.709811561986019912e-01	-1.766357421875000000e-01
8.099999999999999561e-03	-1.245944374486019912e-01	-1.375732421875000000e-01
8.149999999999999259e-03	-1.465670936986019912e-01	-1.595458984375000000e-01
8.200000000000000691e-03	-9.895967182360199121e-02	-1.180419921875000000e-01
8.250000000000000389e-03	-1.233737343236019912e-01	-1.375732421875000000e-01
8.300000000000000086e-03	-7.698701557360197734e-02	-9.606933593750000000e-02
8.349999999999999784e-03	-9.895967182360199121e-02	-1.180419921875000000e-01
8.399999999999999481e-03	-5.013154682360197734e-02	-7.897949218750000000e-02
8.449999999999999178e-03	-7.332490619860197734e-02	-9.851074218750000000e-02
8.500000000000000611e-03	-2.571748432360197734e-02	-5.944824218750000000e-02
8.550000000000000308e-03	-4.891084369860197734e-02	-7.897949218750000000e-02
8.600000000000000006e-03	-1.303421823601975602e-03	-4.235839843750000000e-02
8.649999999999999703e-03	-2.449678119860197734e-02	-6.188964843750000000e-02
8.699999999999999400e-03	2.311064067639802266e-02	-2.038574218750000000e-02
8.750000000000000833e-03	-8.271869860197560154e-05	-3.991699218750000000e-02
8.800000000000000530e-03	4.630400005139802266e-02	-8.544921874999991326e-04
8.850000000000000228e-03	2.555204692639802266e-02	-2.038574218750000000e-02
8.899999999999999925e-03	6.949735942639802266e-02	1.867675781250000000e-02
8.949999999999999623e-03	4.752470317639802266e-02	-5.737304687499999133e-03
8.999999999999999320e-03	9.391142192639800879e-02	3.332519531250000000e-02
9.050000000000000752e-03	7.193876567639802266e-02	1.623535156250000000e-02
9.100000000000000450e-03	1.183254844263980088e-01	5.041503906250000000e-02
9.150000000000000147e-03	9.513212505139800879e-02	3.332519531250000000e-02
9.199999999999999845e-03	1.427395469263980088e-01	7.238769531250000000e-02
9.249999999999999542e-03	1.195461875513980088e-01	5.041503906250000000e-02
9.299999999999999239e-03	1.671536094263980088e-01	9.191894531250000000e-02
9.350000000000000672e-03	1.439602500513980088e-01	6.994628906250000000e-02
9.400000000000000369e-03	1.903469688013980088e-01	1.090087890625000000e-01
9.450000000000000067e-03	1.695950156763980088e-01	8.947753906250000000e-02
9.499999999999999764e-03	2.147610313013980088e-01	1.309814453125000000e-01
9.549999999999999462e-03	1.927883750513980088e-01	1.114501953125000000e-01
9.599999999999999159e-03	2.391750938013980088e-01	1.480712890625000000e-01
9.650000000000000591e-03	2.172024375513980088e-01	1.309814453125000000e-01
9.700000000000000289e-03	2.635891563013980088e-01	1.700439453125000000e-01
9.749999999999999986e-03	2.403957969263980088e-01	1.480712890625000000e-01
9.799999999999999684e-03	2.855618125513980088e-01	1.871337890625000000e-01
9.849999999999999381e-03	2.623684531763980088e-01	1.676025390625000000e-01
9.900000000000000813e-03	3.087551719263980088e-01	2.066650390625000000e-01
9.950000000000000511e-03	2.880032188013980088e-01	1.871337890625000000e-01
1.000000000000000021e-02	3.319485313013980643e-01	2.237548828125000000e-01
1.004999999999999991e-02	3.124172813013980088e-01	2.066650390625000000e-01
1.009999999999999960e-02	3.575832969263980643e-01	2.457275390625000000e-01
1.014999999999999930e-02	3.356106406763980643e-01	2.237548828125000000e-01
1.020000000000000073e-02	3.819973594263980643e-01	2.628173828125000000e-01
1.025000000000000043e-02	3.588040000513980643e-01	2.432861328125000000e-01
1.030000000000000013e-02	4.064114219263980643e-01	2.847900390625000000e-01
1.034999999999999983e-02	3.832180625513980643e-01	2.652587890625000000e-01
1.039999999999999952e-02	4.283840781763980643e-01	3.018798828125000000e-01
1.044999999999999922e-02	4.076321250513980643e-01	2.823486328125000000e-01
1.050000000000000065e-02	4.527981406763980643e-01	3.238525390625000000e-01
1.055000000000000035e-02	4.308254844263980643e-01	3.043212890625000000e-01
1.060000000000000005e-02	4.747707969263980643e-01	3.409423828125000000e-01
1.064999999999999974e-02	4.540188438013980643e-01	3.214111328125000000e-01
1.069999999999999944e-02	4.991848594263980643e-01	3.629150390625000000e-01
1.074999999999999914e-02	4.772122031763980643e-01	3.409423828125000000e-01
1.080000000000000057e-02	5.235989219263980088e-01	3.800048828125000000e-01
1.085000000000000027e-02	5.004055625513980088e-01	3.604736328125000000e-01
1.089999999999999997e-02	5.467922813013980088e-01	4.019775390625000000e-01
1.094999999999999966e-02	5.235989219263980088e-01	3.800048828125000000e-01
1.099999999999999936e-02	5.699856406763980088e-01	4.190673828125000000e-01
1.105000000000000079e-02	5.480129844263980088e-01	3.995361328125000000e-01
1.110000000000000049e-02	5.943997031763980088e-01	4.385986328125000000e-01
1.115000000000000019e-02	5.724270469263980088e-01	4.166259765625000000e-01
1.119999999999999989e-02	6.163723594263980088e-01	4.581298828125000000e-01
1.124999999999999958e-02	5.968411094263980088e-01	4.385986328125000000e-01
1.129999999999999928e-02	6.407864219263980088e-01	4.776611328125000000e-01
1.135000000000000071e-02	6.188137656763980088e-01	4.556884765625000000e-01
1.140000000000000041e-02	6.615383750513980088e-01	4.971923828125000000e-01
1.145000000000000011e-02	6.420071250513980088e-01	4.752197265625000000e-01
1.149999999999999981e-02	6.859524375513980088e-01	5.142822265625000000e-01
1.154999999999999950e-02	6.652004844263980088e-01	4.947509765625000000e-01
1.159999999999999920e-02	7.091457969263980088e-01	5.338134765625000000e-01
1.165000000000000063e-02	6.883938438013980088e-01	5.142822265625000000e-01
1.170000000000000033e-02	7.323391563013980088e-01	5.533447265625000000e-01
1.175000000000000003e-02	7.115872031763980088e-01	5.338134765625000000e-01
1.179999999999999973e-02	7.543118125513980088e-01	5.728759765625000000e-01
1.184999999999999942e-02	7.360012656763980088e-01	5.509033203125000000e-01
1.190000000000000085e-02	7.787258750513980088e-01	5.924072265625000000e-01
1.195000000000000055e-02	7.567532188013980088e-01	5.728759765625000000e-01
1.200000000000000025e-02	8.019192344263980088e-01	6.119384765625000000e-01
1.204999999999999995e-02	7.799465781763980088e-01	5.924072265625000000e-01
1.209999999999999964e-02	8.238918906763980088e-01	6.314697265625000000e-01
1.214999999999999934e-02	8.031399375513980088e-01	6.094970703125000000e-01
1.220000000000000077e-02	8.470852500513980088e-01	6.510009765625000000e-01
1.225000000000000047e-02	8.263332969263980088e-01	6.290283203125000000e-01
1.230000000000000017e-02	8.690579063013980088e-01	6.680908203125000000e-01
1.234999999999999987e-02	8.483059531763980088e-01	6.485595703125000000e-01
1.239999999999999956e-02	8.934719688013980088e-01	6.876220703125000000e-01
1.244999999999999926e-02	8.714993125513980088e-01	6.705322265625000000e-01
1.250000000000000069e-02	9.142239219263980088e-01	7.071533203125000000e-01
1.255000000000000039e-02	8.959133750513980088e-01	6.900634765625000000e-01
1.260000000000000009e-02	9.386379844263980088e-01	7.242431640625000000e-01
1.264999999999999979e-02	9.178860313013980088e-01	7.047119140625000000e-01
1.269999999999999948e-02	9.618313438013980088e-01	7.462158203125000000e-01
1.274999999999999918e-02	9.410793906763980088e-01	7.242431640625000000e-01
1.280000000000000061e-02	9.838040000513980088e-01	7.633056640625000000e-01
1.285000000000000031e-02	9.630520469263980088e-01	7.437744140625000000e-01
1.290000000000000001e-02	1.004555953176397898e+00	7.852783203125000000e-01
1.294999999999999971e-02	9.850247031763980088e-01	7.633056640625000000e-01
1.299999999999999940e-02	1.027749312551397898e+00	8.023681640625000000e-01
1.305000000000000084e-02	1.008218062551397898e+00	7.828369140625000000e-01
1.310000000000000053e-02	1.049721968801397898e+00	8.218994140625000000e-01
1.315000000000000023e-02	1.030190718801397898e+00	8.023681640625000000e-01
1.319999999999999993e-02	1.072915328176397898e+00	8.414306640625000000e-01
1.324999999999999963e-02	1.050942671926397898e+00	8.194580078125000000e-01
1.329999999999999932e-02	1.096108687551397898e+00	8.585205078125000000e-01
1.335000000000000075e-02	1.074136031301397898e+00	8.389892578125000000e-01
1.340000000000000045e-02	1.119302046926397898e+00	8.804931640625000000e-01
1.345000000000000015e-02	1.096108687551397898e+00	8.585205078125000000e-01
1.349999999999999985e-02	1.141274703176397898e+00	9.000244140625000000e-01
1.354999999999999954e-02	1.120522750051397898e+00	8.804931640625000000e-01
1.359999999999999924e-02	1.162026656301397898e+00	9.195556640625000000e-01
1.365000000000000067e-02	1.142495406301397898e+00	8.975830078125000000e-01
1.370000000000000037e-02	1.185220015676397898e+00	9.390869140625000000e-01
1.375000000000000007e-02	1.164468062551397898e+00	9.171142578125000000e-01
1.379999999999999977e-02	1.208413375051397898e+00	9.561767578125000000e-01
1.384999999999999946e-02	1.186440718801397898e+00	9.366455078125000000e-01
1.389999999999999916e-02	1.230386031301397898e+00	9.781494140625000000e-01
1.395000000000000059e-02	1.209634078176397898e+00	9.561767578125000000e-01
1.400000000000000029e-02	1.253579390676398120e+00	9.952392578125000000e-01
1.404999999999999999e-02	1.231606734426397898e+00	9.757080078125000000e-01
1.409999999999999969e-02	1.275552046926398120e+00	1.014770507812500000e+00
1.414999999999999938e-02	1.254800093801398120e+00	9.952392578125000000e-01
1.420000000000000082e-02	1.296304000051398120e+00	1.034301757812500000e+00
1.425000000000000051e-02	1.274331343801398120e+00	1.012329101562500000e+00
1.430000000000000021e-02	1.318276656301398120e+00	1.051391601562500000e+00
1.434999999999999991e-02	1.297524703176398120e+00	1.034301757812500000e+00
1.439999999999999961e-02	1.340249312551398120e+00	1.073364257812500000e+00
1.444999999999999930e-02	1.318276656301398120e+00	1.053833007812500000e+00
1.450000000000000074e-02	1.362221968801398120e+00	1.092895507812500000e+00
1.455000000000000043e-02	1.342690718801398120e+00	1.070922851562500000e+00
1.460000000000000013e-02	1.382973921926398120e+00	1.109985351562500000e+00
1.464999999999999983e-02	1.363442671926398120e+00	1.092895507812500000e+00
1.469999999999999953e-02	1.404946578176398120e+00	1.129516601562500000e+00
1.474999999999999922e-02	1.385415328176398120e+00	1.109985351562500000e+00
1.480000000000000066e-02	1.428139937551398120e+00	1.149047851562500000e+00
1.485000000000000035e-02	1.407387984426398120e+00	1.129516601562500000e+00
1.490000000000000005e-02	1.451333296926398120e+00	1.168579101562500000e+00
1.494999999999999975e-02	1.429360640676398120e+00	1.146606445312500000e+00
1.499999999999999944e-02	1.469643843801398120e+00	1.188110351562500000e+00
1.504999999999999914e-02	1.451333296926398120e+00	1.166137695312500000e+00
1.510000000000000057e-02	1.491616500051398120e+00	1.200317382812500000e+00
1.515000000000000027e-02	1.473305953176398120e+00	1.185668945312500000e+00
1.519999999999999997e-02	1.511147750051398120e+00	1.195434570312500000e+00
1.524999999999999967e-02	1.494057906301398120e+00	1.173461914062500000e+00
1.529999999999999936e-02	1.520913375051398120e+00	1.175903320312500000e+00
1.535000000000000080e-02	1.512368453176398120e+00	1.153930664062500000e+00
1.540000000000000049e-02	1.518471968801398120e+00	1.153930664062500000e+00
1.545000000000000019e-02	1.492837203176398120e+00	1.136840820312500000e+00
1.549999999999999989e-02	1.489175093801398120e+00	1.136840820312500000e+00
1.554999999999999959e-02	1.441567671926398120e+00	1.117309570312500000e+00
1.559999999999999928e-02	1.433022750051398120e+00	1.117309570312500000e+00
1.565000000000000072e-02	1.380532515676398120e+00	1.097778320312500000e+00
1.569999999999999868e-02	1.375649703176398120e+00	1.100219726562500000e+00
1.575000000000000011e-02	1.334145796926398120e+00	1.080688476562500000e+00
1.580000000000000154e-02	1.332925093801398120e+00	1.080688476562500000e+00
1.584999999999999951e-02	1.306069625051398120e+00	1.061157226562500000e+00
1.590000000000000094e-02	1.304848921926398120e+00	1.061157226562500000e+00
1.594999999999999890e-02	1.288979781301398120e+00	1.039184570312500000e+00
1.600000000000000033e-02	1.287759078176398120e+00	1.041625976562500000e+00
1.604999999999999830e-02	1.276772750051398120e+00	1.019653320312500000e+00
1.609999999999999973e-02	1.276772750051398120e+00	1.024536132812500000e+00
1.615000000000000116e-02	1.264565718801398120e+00	1.002563476562500000e+00
1.619999999999999912e-02	1.265786421926398120e+00	1.002563476562500000e+00
1.625000000000000056e-02	1.248696578176397898e+00	9.830322265625000000e-01
1.629999999999999852e-02	1.246255171926397898e+00	9.879150390625000000e-01
1.634999999999999995e-02	1.223061812551397898e+00	9.683837890625000000e-01
1.640000000000000138e-02	1.220620406301397898e+00	9.659423828125000000e-01
1.644999999999999934e-02	1.190102828176397898e+00	9.464111328125000000e-01
1.650000000000000078e-02	1.187661421926397898e+00	9.488525390625000000e-01
1.654999999999999874e-02	1.158364546926397898e+00	9.268798828125000000e-01
1.660000000000000017e-02	1.154702437551397898e+00	9.293212890625000000e-01
1.665000000000000160e-02	1.127846968801397898e+00	9.073486328125000000e-01
1.669999999999999957e-02	1.125405562551397898e+00	9.097900390625000000e-01
1.675000000000000100e-02	1.100991500051397898e+00	8.878173828125000000e-01
1.679999999999999896e-02	1.098550093801397898e+00	8.927001953125000000e-01
1.685000000000000039e-02	1.075356734426397898e+00	8.682861328125000000e-01
1.689999999999999836e-02	1.074136031301397898e+00	8.707275390625000000e-01
1.694999999999999979e-02	1.054604781301397898e+00	8.511962890625000000e-01
1.700000000000000122e-02	1.052163375051397898e+00	8.511962890625000000e-01
1.704999999999999918e-02	1.031411421926397898e+00	8.316650390625000000e-01
1.710000000000000062e-02	1.030190718801397898e+00	8.316650390625000000e-01
1.714999999999999858e-02	1.006997359426397898e+00	8.145751953125000000e-01
1.720000000000000001e-02	1.006997359426397898e+00	8.145751953125000000e-01
1.725000000000000144e-02	9.838040000513980088e-01	7.950439453125000000e-01
1.729999999999999941e-02	9.801418906763980088e-01	7.950439453125000000e-01
1.735000000000000084e-02	9.569485313013980088e-01	7.730712890625000000e-01
1.739999999999999880e-02	9.557278281763980088e-01	7.755126953125000000e-01
1.745000000000000023e-02	9.288723594263980088e-01	7.584228515625000000e-01
1.750000000000000167e-02	9.264309531763980088e-01	7.584228515625000000e-01
1.754999999999999963e-02	9.020168906763980088e-01	7.364501953125000000e-01
1.760000000000000106e-02	8.995754844263980088e-01	7.388916015625000000e-01
1.764999999999999902e-02	8.751614219263980088e-01	7.169189453125000000e-01
1.770000000000000046e-02	8.714993125513980088e-01	7.193603515625000000e-01
1.774999999999999842e-02	8.483059531763980088e-01	6.998291015625000000e-01
1.779999999999999985e-02	8.470852500513980088e-01	6.998291015625000000e-01
1.785000000000000128e-02	8.238918906763980088e-01	6.778564453125000000e-01
1.789999999999999925e-02	8.226711875513980088e-01	6.827392578125000000e-01
1.795000000000000068e-02	8.006985313013980088e-01	6.607666015625000000e-01
1.799999999999999864e-02	7.982571250513980088e-01	6.632080078125000000e-01
1.805000000000000007e-02	7.775051719263980088e-01	6.412353515625000000e-01
1.810000000000000150e-02	7.750637656763980088e-01	6.436767578125000000e-01
1.814999999999999947e-02	7.518704063013980088e-01	6.241455078125000000e-01
1.820000000000000090e-02	7.494290000513980088e-01	6.241455078125000000e-01
1.824999999999999886e-02	7.262356406763980088e-01	6.021728515625000000e-01
1.830000000000000029e-02	7.250149375513980088e-01	6.046142578125000000e-01
1.835000000000000173e-02	7.018215781763980088e-01	5.850830078125000000e-01
1.839999999999999969e-02	6.993801719263980088e-01	5.826416015625000000e-01
1.845000000000000112e-02	6.749661094263980088e-01	5.655517578125000000e-01
1.849999999999999908e-02	6.737454063013980088e-01	5.679931640625000000e-01
1.855000000000000052e-02	6.493313438013980088e-01	5.460205078125000000e-01
1.859999999999999848e-02	6.456692344263980088e-01	5.484619140625000000e-01
1.864999999999999991e-02	6.224758750513980088e-01	5.264892578125000000e-01
1.870000000000000134e-02	6.236965781763980088e-01	5.264892578125000000e-01
1.874999999999999931e-02	5.980618125513980088e-01	5.093994140625000000e-01
1.880000000000000074e-02	5.968411094263980088e-01	5.069580078125000000e-01
1.884999999999999870e-02	5.748684531763980088e-01	4.874267578125000000e-01
1.890000000000000013e-02	5.724270469263980088e-01	4.898681640625000000e-01
1.895000000000000157e-02	5.504543906763980088e-01	4.678955078125000000e-01
1.899999999999999953e-02	5.480129844263980088e-01	4.678955078125000000e-01
1.905000000000000096e-02	5.260403281763980088e-01	4.508056640625000000e-01
1.909999999999999892e-02	5.235989219263980088e-01	4.508056640625000000e-01
1.915000000000000036e-02	5.004055625513980088e-01	4.288330078125000000e-01
1.919999999999999832e-02	4.991848594263980643e-01	4.288330078125000000e-01
1.924999999999999975e-02	4.747707969263980643e-01	4.117431640625000000e-01
1.930000000000000118e-02	4.723293906763980643e-01	4.117431640625000000e-01
1.934999999999999915e-02	4.503567344263980643e-01	3.922119140625000000e-01
1.940000000000000058e-02	4.479153281763980643e-01	3.946533203125000000e-01
1.944999999999999854e-02	4.247219688013980643e-01	3.751220703125000000e-01
1.949999999999999997e-02	4.235012656763980643e-01	3.751220703125000000e-01
1.955000000000000140e-02	4.015286094263980643e-01	3.555908203125000000e-01
1.959999999999999937e-02	3.978665000513980643e-01	3.580322265625000000e-01
1.965000000000000080e-02	3.783352500513980643e-01	3.336181640625000000e-01
1.969999999999999876e-02	3.758938438013980643e-01	3.336181640625000000e-01
1.975000000000000019e-02	3.527004844263980643e-01	3.140869140625000000e-01
1.980000000000000163e-02	3.514797813013980643e-01	3.165283203125000000e-01
1.984999999999999959e-02	3.270657188013980643e-01	2.969970703125000000e-01
1.990000000000000102e-02	3.246243125513980643e-01	2.969970703125000000e-01
1.994999999999999898e-02	3.038723594263980088e-01	2.799072265625000000e-01
2.000000000000000042e-02	3.014309531763980088e-01	2.799072265625000000e-01
2.004999999999999838e-02	2.770168906763980088e-01	2.579345703125000000e-01
2.009999999999999981e-02	2.757961875513980088e-01	2.579345703125000000e-01
2.015000000000000124e-02	2.526028281763980088e-01	2.384033203125000000e-01
2.019999999999999921e-02	2.513821250513980088e-01	2.408447265625000000e-01
2.025000000000000064e-02	2.281887656763980088e-01	2.188720703125000000e-01
2.029999999999999860e-02	2.269680625513980088e-01	2.213134765625000000e-01
2.035000000000000003e-02	2.037747031763980088e-01	2.017822265625000000e-01
2.040000000000000147e-02	2.013332969263980088e-01	2.017822265625000000e-01
2.044999999999999943e-02	1.793606406763980088e-01	1.822509765625000000e-01
2.050000000000000086e-02	1.769192344263980088e-01	1.822509765625000000e-01
2.054999999999999882e-02	1.561672813013980088e-01	1.602783203125000000e-01
2.060000000000000026e-02	1.537258750513980088e-01	1.651611328125000000e-01
2.065000000000000169e-02	1.317532188013980088e-01	1.407470703125000000e-01
2.069999999999999965e-02	1.293118125513980088e-01	1.431884765625000000e-01
2.075000000000000108e-02	1.073391563013980088e-01	1.236572265625000000e-01
2.079999999999999905e-02	1.061184531763980088e-01	1.260986328125000000e-01
2.085000000000000048e-02	8.170439067639800879e-02	1.041259765625000000e-01
2.089999999999999844e-02	8.048368755139800879e-02	1.041259765625000000e-01
2.094999999999999987e-02	5.729032817639802266e-02	8.459472656250000000e-02
2.100000000000000130e-02	5.484892192639802266e-02	8.703613281250000000e-02
2.104999999999999927e-02	3.165556255139802266e-02	6.506347656250000000e-02
2.110000000000000070e-02	3.165556255139802266e-02	6.750488281250000000e-02
2.114999999999999866e-02	9.682906301398024398e-03	4.553222656250000000e-02
2.120000000000000009e-02	8.462203176398024398e-03	4.797363281250000000e-02
2.125000000000000153e-02	-1.351045307360197560e-02	3.088378906250000000e-02
2.129999999999999949e-02	-1.595185932360197734e-02	3.088378906250000000e-02
2.135000000000000092e-02	-3.792451557360197734e-02	1.135253906250000000e-02
2.139999999999999888e-02	-3.914521869860197734e-02	1.379394531250000000e-02
2.145000000000000032e-02	-6.111787494860197734e-02	-5.737304687499999133e-03
2.149999999999999828e-02	-6.233857807360197734e-02	-8.178710937500000000e-03
2.154999999999999971e-02	-8.431123432360199121e-02	-2.770996093750000000e-02
2.160000000000000114e-02	-8.553193744860199121e-02	-2.770996093750000000e-02
2.164999999999999911e-02	-1.099459999486019912e-01	-4.968261718750000000e-02
2.170000000000000054e-02	-1.123874061986019912e-01	-4.479980468750000000e-02
2.174999999999999850e-02	-1.343600624486019912e-01	-6.677246093750000000e-02
2.179999999999999993e-02	-1.355807655736019912e-01	-6.433105468750000000e-02
2.185000000000000137e-02	-1.575534218236019912e-01	-8.386230468750000000e-02
2.189999999999999933e-02	-1.599948280736019912e-01	-8.386230468750000000e-02
2.195000000000000076e-02	-1.831881874486019912e-01	-1.033935546875000000e-01
2.199999999999999872e-02	-1.831881874486019912e-01	-1.058349609375000000e-01
2.205000000000000016e-02	-2.039401405736019912e-01	-1.253662109375000000e-01
2.210000000000000159e-02	-2.076022499486019912e-01	-1.229248046875000000e-01
2.214999999999999955e-02	-2.295749061986019912e-01	-1.448974609375000000e-01
2.220000000000000098e-02	-2.307956093236019912e-01	-1.400146484375000000e-01
2.224999999999999895e-02	-2.527682655736019912e-01	-1.644287109375000000e-01
2.230000000000000038e-02	-2.539889686986019912e-01	-1.619873046875000000e-01
2.234999999999999834e-02	-2.771823280736019912e-01	-1.790771484375000000e-01
2.239999999999999977e-02	-2.784030311986019912e-01	-1.790771484375000000e-01
2.245000000000000120e-02	-3.015963905736019912e-01	-2.010498046875000000e-01
2.249999999999999917e-02	-3.028170936986019912e-01	-1.986083984375000000e-01
2.255000000000000060e-02	-3.260104530736019357e-01	-2.181396484375000000e-01
2.259999999999999856e-02	-3.260104530736019357e-01	-2.181396484375000000e-01
2.264999999999999999e-02	-3.467624061986019357e-01	-2.376708984375000000e-01
2.270000000000000143e-02	-3.492038124486019357e-01	-2.376708984375000000e-01
2.274999999999999939e-02	-3.711764686986019357e-01	-2.596435546875000000e-01
2.280000000000000082e-02	-3.736178749486019357e-01	-2.572021484375000000e-01
2.284999999999999878e-02	-3.955905311986019357e-01	-2.767333984375000000e-01
2.290000000000000022e-02	-3.955905311986019357e-01	-2.742919921875000000e-01
2.295000000000000165e-02	-4.187838905736019357e-01	-2.962646484375000000e-01
2.299999999999999961e-02	-4.187838905736019357e-01	-2.938232421875000000e-01
2.305000000000000104e-02	-4.419772499486019357e-01	-3.157958984375000000e-01
2.309999999999999901e-02	-4.444186561986019357e-01	-3.157958984375000000e-01
2.315000000000000044e-02	-4.651706093236019357e-01	-3.353271484375000000e-01
2.319999999999999840e-02	-4.663913124486019357e-01	-3.353271484375000000e-01
2.324999999999999983e-02	-4.883639686986019357e-01	-3.548583984375000000e-01
2.330000000000000127e-02	-4.908053749486019357e-01	-3.548583984375000000e-01
2.334999999999999923e-02	-5.115573280736019912e-01	-3.743896484375000000e-01
2.340000000000000066e-02	-5.127780311986019912e-01	-3.719482421875000000e-01
2.344999999999999862e-02	-5.347506874486019912e-01	-3.914794921875000000e-01
2.350000000000000006e-02	-5.359713905736019912e-01	-3.914794921875000000e-01
2.355000000000000149e-02	-5.579440468236019912e-01	-4.134521484375000000e-01
2.359999999999999945e-02	-5.591647499486019912e-01	-4.110107421875000000e-01
2.365000000000000088e-02	-5.811374061986019912e-01	-4.305419921875000000e-01
2.369999999999999885e-02	-5.811374061986019912e-01	-4.281005859375000000e-01
2.375000000000000028e-02	-6.018893593236019912e-01	-4.500732421875000000e-01
2.380000000000000171e-02	-6.055514686986019912e-01	-4.500732421875000000e-01
2.384999999999999967e-02	-6.263034218236019912e-01	-4.696044921875000000e-01
2.390000000000000110e-02	-6.287448280736019912e-01	-4.671630859375000000e-01
2.394999999999999907e-02	-6.507174843236019912e-01	-4.915771484375000000e-01
2.400000000000000050e-02	-6.519381874486019912e-01	-4.891357421875000000e-01
2.404999999999999846e-02	-6.751315468236019912e-01	-5.086669921875000000e-01
2.409999999999999989e-02	-6.763522499486019912e-01	-5.086669921875000000e-01
2.415000000000000133e-02	-6.958834999486019912e-01	-5.257568359375000000e-01
2.419999999999999929e-02	-6.971042030736019912e-01	-5.257568359375000000e-01
2.425000000000000072e-02	-7.190768593236019912e-01	-5.477294921875000000e-01
2.429999999999999868e-02	-7.202975624486019912e-01	-5.452880859375000000e-01
2.435000000000000012e-02	-7.434909218236019912e-01	-5.648193359375000000e-01
2.440000000000000155e-02	-7.447116249486019912e-01	-5.648193359375000000e-01
2.444999999999999951e-02	-7.654635780736019912e-01	-5.843505859375000000e-01
2.450000000000000094e-02	-7.666842811986019912e-01	-5.843505859375000000e-01
2.454999999999999891e-02	-7.886569374486019912e-01	-6.038818359375000000e-01
2.460000000000000034e-02	-7.898776405736019912e-01	-6.038818359375000000e-01
2.464999999999999830e-02	-8.130709999486019912e-01	-6.258544921875000000e-01
2.469999999999999973e-02	-8.130709999486019912e-01	-6.234130859375000000e-01
2.475000000000000117e-02	-8.350436561986019912e-01	-6.405029296875000000e-01
2.479999999999999913e-02	-8.362643593236019912e-01	-6.429443359375000000e-01
2.485000000000000056e-02	-8.582370155736019912e-01	-6.624755859375000000e-01
2.489999999999999852e-02	-8.582370155736019912e-01	-6.600341796875000000e-01
2.494999999999999996e-02	-8.789889686986019912e-01	-6.820068359375000000e-01
2.500000000000000139e-02	-8.814303749486019912e-01	-6.795654296875000000e-01
2.504999999999999935e-02	-9.021823280736019912e-01	-7.015380859375000000e-01
2.510000000000000078e-02	-9.034030311986019912e-01	-7.015380859375000000e-01
2.514999999999999875e-02	-9.241549843236019912e-01	-7.186279296875000000e-01
2.520000000000000018e-02	-9.265963905736019912e-01	-7.186279296875000000e-01
2.525000000000000161e-02	-9.473483436986019912e-01	-7.406005859375000000e-01
2.529999999999999957e-02	-9.485690468236019912e-01	-7.381591796875000000e-01
2.535000000000000100e-02	-9.705417030736019912e-01	-7.601318359375000000e-01
2.539999999999999897e-02	-9.717624061986019912e-01	-7.576904296875000000e-01
2.545000000000000040e-02	-9.925143593236019912e-01	-7.772216796875000000e-01
2.549999999999999836e-02	-9.949557655736019912e-01	-7.772216796875000000e-01
2.554999999999999979e-02	-1.015707718698602102e+00	-7.967529296875000000e-01
2.560000000000000123e-02	-1.016928421823602102e+00	-7.967529296875000000e-01
2.564999999999999919e-02	-1.037680374948602102e+00	-8.162841796875000000e-01
2.570000000000000062e-02	-1.040121781198602102e+00	-8.138427734375000000e-01
2.574999999999999858e-02	-1.060873734323602102e+00	-8.358154296875000000e-01
2.580000000000000002e-02	-1.062094437448602102e+00	-8.333740234375000000e-01
2.585000000000000145e-02	-1.082846390573602102e+00	-8.529052734375000000e-01
2.589999999999999941e-02	-1.084067093698602102e+00	-8.553466796875000000e-01
2.595000000000000084e-02	-1.104819046823602102e+00	-8.748779296875000000e-01
2.599999999999999881e-02	-1.107260453073602102e+00	-8.724365234375000000e-01
2.605000000000000024e-02	-1.128012406198602102e+00	-8.944091796875000000e-01
2.610000000000000167e-02	-1.129233109323602102e+00	-8.895263671875000000e-01
2.614999999999999963e-02	-1.149985062448602102e+00	-9.139404296875000000e-01
2.620000000000000107e-02	-1.151205765573602102e+00	-9.114990234375000000e-01
2.624999999999999903e-02	-1.171957718698602102e+00	-9.310302734375000000e-01
2.630000000000000046e-02	-1.173178421823602102e+00	-9.310302734375000000e-01
2.634999999999999842e-02	-1.193930374948602102e+00	-9.505615234375000000e-01
2.639999999999999986e-02	-1.193930374948602102e+00	-9.505615234375000000e-01
2.645000000000000129e-02	-1.215903031198602102e+00	-9.676513671875000000e-01
2.649999999999999925e-02	-1.217123734323602102e+00	-9.700927734375000000e-01
2.655000000000000068e-02	-1.237875687448602102e+00	-9.896240234375000000e-01
2.659999999999999865e-02	-1.239096390573602102e+00	-9.896240234375000000e-01
2.665000000000000008e-02	-1.259848343698601880e+00	-1.009155273437500000e+00
2.670000000000000151e-02	-1.262289749948601880e+00	-1.006713867187500000e+00
2.674999999999999947e-02	-1.281820999948601880e+00	-1.031127929687500000e+00
2.680000000000000090e-02	-1.284262406198601880e+00	-1.026245117187500000e+00
2.684999999999999887e-02	-1.303793656198601880e+00	-1.048217773437500000e+00
2.690000000000000030e-02	-1.305014359323601880e+00	-1.045776367187500000e+00
2.695000000000000173e-02	-1.324545609323601880e+00	-1.067749023437500000e+00
2.699999999999999969e-02	-1.326987015573601880e+00	-1.065307617187500000e+00
2.705000000000000113e-02	-1.348959671823601880e+00	-1.084838867187500000e+00
2.709999999999999909e-02	-1.350180374948601880e+00	-1.084838867187500000e+00
2.715000000000000052e-02	-1.368490921823601880e+00	-1.106811523437500000e+00
2.719999999999999848e-02	-1.369711624948601880e+00	-1.104370117187500000e+00
2.724999999999999992e-02	-1.389242874948601880e+00	-1.123901367187500000e+00
2.730000000000000135e-02	-1.390463578073601880e+00	-1.121459960937500000e+00
2.734999999999999931e-02	-1.411215531198601880e+00	-1.138549804687500000e+00
2.740000000000000074e-02	-1.412436234323601880e+00	-1.109252929687500000e+00
2.744999999999999871e-02	-1.430746781198601880e+00	-1.128784179687500000e+00
2.750000000000000014e-02	-1.430746781198601880e+00	-1.089721679687500000e+00
2.755000000000000157e-02	-1.441733109323601880e+00	-1.109252929687500000e+00
2.759999999999999953e-02	-1.414877640573601880e+00	-1.070190429687500000e+00
2.765000000000000097e-02	-1.436850296823601880e+00	-1.092163085937500000e+00
2.769999999999999893e-02	-1.363608109323601880e+00	-1.050659179687500000e+00
2.775000000000000036e-02	-1.409994828073601880e+00	-1.072631835937500000e+00
2.779999999999999832e-02	-1.303793656198601880e+00	-1.033569335937500000e+00
2.784999999999999976e-02	-1.357504593698601880e+00	-1.053100585937500000e+00
2.790000000000000119e-02	-1.258627640573601880e+00	-1.011596679687500000e+00
2.794999999999999915e-02	-1.297690140573601880e+00	-1.033569335937500000e+00
2.800000000000000058e-02	-1.225668656198602102e+00	-9.945068359375000000e-01
2.804999999999999855e-02	-1.254965531198601880e+00	-1.016479492187500000e+00
2.809999999999999998e-02	-1.208578812448602102e+00	-9.749755859375000000e-01
2.815000000000000141e-02	-1.224447953073602102e+00	-9.969482421875000000e-01
2.819999999999999937e-02	-1.193930374948602102e+00	-9.578857421875000000e-01
2.825000000000000080e-02	-1.206137406198602102e+00	-9.774169921875000000e-01
2.829999999999999877e-02	-1.181723343698602102e+00	-9.383544921875000000e-01
2.835000000000000020e-02	-1.193930374948602102e+00	-9.578857421875000000e-01
2.840000000000000163e-02	-1.164633499948602102e+00	-9.188232421875000000e-01
2.844999999999999959e-02	-1.182944046823602102e+00	-9.383544921875000000e-01
2.850000000000000103e-02	-1.140219437448602102e+00	-8.992919921875000000e-01
2.854999999999999899e-02	-1.162192093698602102e+00	-9.188232421875000000e-01
2.860000000000000042e-02	-1.109701859323602102e+00	-8.797607421875000000e-01
2.864999999999999838e-02	-1.136557328073602102e+00	-9.017333984375000000e-01
2.869999999999999982e-02	-1.076742874948602102e+00	-8.602294921875000000e-01
2.875000000000000125e-02	-1.106039749948602102e+00	-8.822021484375000000e-01
2.879999999999999921e-02	-1.045004593698602102e+00	-8.431396484375000000e-01
2.885000000000000064e-02	-1.073080765573602102e+00	-8.626708984375000000e-01
2.889999999999999861e-02	-1.018149124948602102e+00	-8.236083984375000000e-01
2.895000000000000004e-02	-1.042563187448602102e+00	-8.431396484375000000e-01
2.900000000000000147e-02	-9.925143593236019912e-01	-8.040771484375000000e-01
2.904999999999999943e-02	-1.015707718698602102e+00	-8.260498046875000000e-01
2.910000000000000087e-02	-9.705417030736019912e-01	-7.869873046875000000e-01
2.914999999999999883e-02	-9.912936561986019912e-01	-8.065185546875000000e-01
2.920000000000000026e-02	-9.473483436986019912e-01	-7.674560546875000000e-01
2.925000000000000169e-02	-9.693209999486019912e-01	-7.869873046875000000e-01
2.929999999999999966e-02	-9.241549843236019912e-01	-7.479248046875000000e-01
2.935000000000000109e-02	-9.473483436986019912e-01	-7.674560546875000000e-01
2.939999999999999905e-02	-8.997409218236019912e-01	-7.283935546875000000e-01
2.945000000000000048e-02	-9.241549843236019912e-01	-7.479248046875000000e-01
2.949999999999999845e-02	-8.741061561986019912e-01	-7.088623046875000000e-01
2.954999999999999988e-02	-8.972995155736019912e-01	-7.308349609375000000e-01
2.960000000000000131e-02	-8.460299843236019912e-01	-6.917724609375000000e-01
2.964999999999999927e-02	-8.716647499486019912e-01	-7.088623046875000000e-01
2.970000000000000070e-02	-8.179538124486019912e-01	-6.697998046875000000e-01
2.974999999999999867e-02	-8.435885780736019912e-01	-6.917724609375000000e-01
2.980000000000000010e-02	-7.910983436986019912e-01	-6.527099609375000000e-01
2.985000000000000153e-02	-8.179538124486019912e-01	-6.722412109375000000e-01
2.989999999999999949e-02	-7.679049843236019912e-01	-6.307373046875000000e-01
2.995000000000000093e-02	-7.898776405736019912e-01	-6.551513671875000000e-01
2.999999999999999889e-02	-7.434909218236019912e-01	-6.136474609375000000e-01
3.005000000000000032e-02	-7.654635780736019912e-01	-6.331787109375000000e-01
3.009999999999999828e-02	-7.178561561986019912e-01	-5.941162109375000000e-01
3.014999999999999972e-02	-7.422702186986019912e-01	-6.136474609375000000e-01
3.020000000000000115e-02	-6.946627968236019912e-01	-5.745849609375000000e-01
3.024999999999999911e-02	-7.166354530736019912e-01	-5.965576171875000000e-01
3.030000000000000054e-02	-6.690280311986019912e-01	-5.574951171875000000e-01
3.034999999999999851e-02	-6.934420936986019912e-01	-5.770263671875000000e-01
3.039999999999999994e-02	-6.458346718236019912e-01	-5.355224609375000000e-01
3.045000000000000137e-02	-6.665866249486019912e-01	-5.574951171875000000e-01
3.049999999999999933e-02	-6.201999061986019912e-01	-5.184326171875000000e-01
3.055000000000000077e-02	-6.421725624486019912e-01	-5.379638671875000000e-01
3.059999999999999873e-02	-5.945651405736019912e-01	-4.989013671875000000e-01
3.065000000000000016e-02	-6.165377968236019912e-01	-5.208740234375000000e-01
3.070000000000000159e-02	-5.689303749486019912e-01	-4.793701171875000000e-01
3.074999999999999956e-02	-5.909030311986019912e-01	-5.013427734375000000e-01
3.080000000000000099e-02	-5.420749061986019912e-01	-4.598388671875000000e-01
3.084999999999999895e-02	-5.652682655736019912e-01	-4.818115234375000000e-01
3.090000000000000038e-02	-5.164401405736019912e-01	-4.403076171875000000e-01
3.094999999999999835e-02	-5.396334999486019912e-01	-4.622802734375000000e-01
3.099999999999999978e-02	-4.920260780736019357e-01	-4.232177734375000000e-01
3.105000000000000121e-02	-5.164401405736019912e-01	-4.403076171875000000e-01
3.109999999999999917e-02	-4.663913124486019357e-01	-4.036865234375000000e-01
3.115000000000000061e-02	-4.908053749486019357e-01	-4.232177734375000000e-01
3.119999999999999857e-02	-4.431979530736019357e-01	-3.841552734375000000e-01
3.125000000000000000e-02	-4.663913124486019357e-01	-4.036865234375000000e-01
3.130000000000000143e-02	-4.187838905736019357e-01	-3.646240234375000000e-01
3.135000000000000286e-02	-4.419772499486019357e-01	-3.817138671875000000e-01
3.139999999999999736e-02	-3.931491249486019357e-01	-3.450927734375000000e-01
3.144999999999999879e-02	-4.151217811986019357e-01	-3.646240234375000000e-01
3.150000000000000022e-02	-3.675143593236019357e-01	-3.255615234375000000e-01
3.155000000000000165e-02	-3.907077186986019357e-01	-3.450927734375000000e-01
3.160000000000000309e-02	-3.443209999486019357e-01	-3.084716796875000000e-01
3.164999999999999758e-02	-3.662936561986019357e-01	-3.280029296875000000e-01
3.169999999999999901e-02	-3.174655311986019357e-01	-2.864990234375000000e-01
3.175000000000000044e-02	-3.418795936986019357e-01	-3.084716796875000000e-01
3.180000000000000188e-02	-2.918307655736019912e-01	-2.694091796875000000e-01
3.185000000000000331e-02	-3.162448280736019357e-01	-2.889404296875000000e-01
3.189999999999999780e-02	-2.686374061986019912e-01	-2.474365234375000000e-01
3.194999999999999923e-02	-2.918307655736019912e-01	-2.718505859375000000e-01
3.200000000000000067e-02	-2.430026405736019912e-01	-2.303466796875000000e-01
3.205000000000000210e-02	-2.661959999486019912e-01	-2.498779296875000000e-01
3.209999999999999659e-02	-2.185885780736019912e-01	-2.108154296875000000e-01
3.214999999999999802e-02	-2.405612343236019912e-01	-2.303466796875000000e-01
3.219999999999999946e-02	-1.929538124486019912e-01	-1.888427734375000000e-01
3.225000000000000089e-02	-2.161471718236019912e-01	-2.132568359375000000e-01
3.230000000000000232e-02	-1.709811561986019912e-01	-1.741943359375000000e-01
3.234999999999999681e-02	-1.917331093236019912e-01	-1.937255859375000000e-01
3.239999999999999825e-02	-1.453463905736019912e-01	-1.522216796875000000e-01
3.244999999999999968e-02	-1.685397499486019912e-01	-1.741943359375000000e-01
3.250000000000000111e-02	-1.197116249486019912e-01	-1.351318359375000000e-01
3.255000000000000254e-02	-1.441256874486019912e-01	-1.546630859375000000e-01
3.259999999999999704e-02	-9.529756244860199121e-02	-1.156005859375000000e-01
3.264999999999999847e-02	-1.172702186986019912e-01	-1.351318359375000000e-01
3.269999999999999990e-02	-7.210420307360197734e-02	-9.606933593750000000e-02
3.275000000000000133e-02	-9.407685932360199121e-02	-1.156005859375000000e-01
3.280000000000000276e-02	-4.646943744860197734e-02	-7.653808593750000000e-02
3.284999999999999726e-02	-6.966279682360197734e-02	-9.606933593750000000e-02
3.289999999999999869e-02	-2.205537494860197734e-02	-5.700683593750000000e-02
3.295000000000000012e-02	-4.402803119860197734e-02	-7.653808593750000000e-02
3.300000000000000155e-02	1.137984426398024398e-03	-3.991699218750000000e-02
3.305000000000000299e-02	-1.961396869860197734e-02	-5.944824218750000000e-02
3.309999999999999748e-02	2.677275005139802266e-02	-1.794433593750000000e-02
3.314999999999999891e-02	4.800093801398024398e-03	-3.991699218750000000e-02
3.320000000000000034e-02	4.874540630139802266e-02	1.586914062500000867e-03
3.325000000000000178e-02	2.799345317639802266e-02	-1.794433593750000000e-02
3.330000000000000321e-02	7.438017192639802266e-02	2.111816406250000000e-02
3.334999999999999770e-02	4.996610942639802266e-02	-8.544921874999991326e-04
3.339999999999999913e-02	9.879423442639800879e-02	3.576660156250000000e-02
3.345000000000000057e-02	7.560087505139802266e-02	2.111816406250000000e-02
3.350000000000000200e-02	1.207668906763980088e-01	5.529785156250000000e-02
3.355000000000000343e-02	9.879423442639800879e-02	3.576660156250000000e-02
3.359999999999999792e-02	1.451809531763980088e-01	7.482910156250000000e-02
3.364999999999999936e-02	1.232082969263980088e-01	5.529785156250000000e-02
3.370000000000000079e-02	1.695950156763980088e-01	9.436035156250000000e-02
3.375000000000000222e-02	1.476223594263980088e-01	7.238769531250000000e-02
3.379999999999999671e-02	1.927883750513980088e-01	1.138916015625000000e-01
3.384999999999999815e-02	1.708157188013980088e-01	9.191894531250000000e-02
3.389999999999999958e-02	2.172024375513980088e-01	1.334228515625000000e-01
3.395000000000000101e-02	1.927883750513980088e-01	1.114501953125000000e-01
3.400000000000000244e-02	2.416165000513980088e-01	1.505126953125000000e-01
3.404999999999999694e-02	2.196438438013980088e-01	1.309814453125000000e-01
3.409999999999999837e-02	2.660305625513980088e-01	1.700439453125000000e-01
3.414999999999999980e-02	2.428372031763980088e-01	1.505126953125000000e-01
3.420000000000000123e-02	2.892239219263980088e-01	1.895751953125000000e-01
3.425000000000000266e-02	2.684719688013980088e-01	1.700439453125000000e-01
3.429999999999999716e-02	3.124172813013980088e-01	2.115478515625000000e-01
3.434999999999999859e-02	2.904446250513980088e-01	1.895751953125000000e-01
3.440000000000000002e-02	3.368313438013980643e-01	2.286376953125000000e-01
3.445000000000000145e-02	3.136379844263980643e-01	2.066650390625000000e-01
3.450000000000000289e-02	3.624661094263980643e-01	2.481689453125000000e-01
3.454999999999999738e-02	3.392727500513980643e-01	2.286376953125000000e-01
3.459999999999999881e-02	3.856594688013980643e-01	2.677001953125000000e-01
3.465000000000000024e-02	3.636868125513980643e-01	2.457275390625000000e-01
3.470000000000000168e-02	4.112942344263980643e-01	2.847900390625000000e-01
3.475000000000000311e-02	3.881008750513980643e-01	2.677001953125000000e-01
3.479999999999999760e-02	4.332668906763980643e-01	3.067626953125000000e-01
3.484999999999999903e-02	4.112942344263980643e-01	2.847900390625000000e-01
3.490000000000000047e-02	4.564602500513980643e-01	3.238525390625000000e-01
3.495000000000000190e-02	4.344875938013980643e-01	3.043212890625000000e-01
3.500000000000000333e-02	4.796536094263980643e-01	3.433837890625000000e-01
3.504999999999999782e-02	4.576809531763980643e-01	3.238525390625000000e-01
3.509999999999999926e-02	5.028469688013980088e-01	3.629150390625000000e-01
3.515000000000000069e-02	4.820950156763980643e-01	3.409423828125000000e-01
3.520000000000000212e-02	5.248196250513980088e-01	3.824462890625000000e-01
3.524999999999999661e-02	5.040676719263980088e-01	3.604736328125000000e-01
3.529999999999999805e-02	5.492336875513980088e-01	4.019775390625000000e-01
3.534999999999999948e-02	5.272610313013980088e-01	3.824462890625000000e-01
3.540000000000000091e-02	5.724270469263980088e-01	4.215087890625000000e-01
3.545000000000000234e-02	5.504543906763980088e-01	3.995361328125000000e-01
3.549999999999999684e-02	5.968411094263980088e-01	4.385986328125000000e-01
3.554999999999999827e-02	5.736477500513980088e-01	4.190673828125000000e-01
3.559999999999999970e-02	6.188137656763980088e-01	4.605712890625000000e-01
3.565000000000000113e-02	5.980618125513980088e-01	4.410400390625000000e-01
3.570000000000000256e-02	6.420071250513980088e-01	4.776611328125000000e-01
3.574999999999999706e-02	6.200344688013980088e-01	4.581298828125000000e-01
3.579999999999999849e-02	6.652004844263980088e-01	4.996337890625000000e-01
3.584999999999999992e-02	6.432278281763980088e-01	4.801025390625000000e-01
3.590000000000000135e-02	6.883938438013980088e-01	5.191650390625000000e-01
3.595000000000000279e-02	6.664211875513980088e-01	4.971923828125000000e-01
3.599999999999999728e-02	7.103665000513980088e-01	5.362548828125000000e-01
3.604999999999999871e-02	6.896145469263980088e-01	5.142822265625000000e-01
3.610000000000000014e-02	7.347805625513980088e-01	5.557861328125000000e-01
3.615000000000000158e-02	7.140286094263980088e-01	5.362548828125000000e-01
3.620000000000000301e-02	7.591946250513980088e-01	5.777587890625000000e-01
3.624999999999999750e-02	7.372219688013980088e-01	5.557861328125000000e-01
3.629999999999999893e-02	7.811672813013980088e-01	5.948486328125000000e-01
3.635000000000000037e-02	7.591946250513980088e-01	5.753173828125000000e-01
3.640000000000000180e-02	8.043606406763980088e-01	6.119384765625000000e-01
3.645000000000000323e-02	7.836086875513980088e-01	5.924072265625000000e-01
3.649999999999999772e-02	8.263332969263980088e-01	6.314697265625000000e-01
3.654999999999999916e-02	8.043606406763980088e-01	6.119384765625000000e-01
3.660000000000000059e-02	8.507473594263980088e-01	6.510009765625000000e-01
3.665000000000000202e-02	8.287747031763980088e-01	6.314697265625000000e-01
3.670000000000000345e-02	8.727200156763980088e-01	6.680908203125000000e-01
3.674999999999999795e-02	8.519680625513980088e-01	6.510009765625000000e-01
3.679999999999999938e-02	8.946926719263980088e-01	6.900634765625000000e-01
3.685000000000000081e-02	8.727200156763980088e-01	6.705322265625000000e-01
3.690000000000000224e-02	9.178860313013980088e-01	7.095947265625000000e-01
3.694999999999999674e-02	8.983547813013980088e-01	6.900634765625000000e-01
3.699999999999999817e-02	9.410793906763980088e-01	7.315673828125000000e-01
3.704999999999999960e-02	9.215481406763980088e-01	7.071533203125000000e-01
3.710000000000000103e-02	9.630520469263980088e-01	7.462158203125000000e-01
3.715000000000000246e-02	9.423000938013980088e-01	7.266845703125000000e-01
3.719999999999999696e-02	9.850247031763980088e-01	7.657470703125000000e-01
3.724999999999999839e-02	9.654934531763980088e-01	7.437744140625000000e-01
3.729999999999999982e-02	1.009438765676397898e+00	7.852783203125000000e-01
3.735000000000000125e-02	9.874661094263980088e-01	7.657470703125000000e-01
3.740000000000000269e-02	1.031411421926397898e+00	8.048095703125000000e-01
3.744999999999999718e-02	1.010659468801397898e+00	7.852783203125000000e-01
3.749999999999999861e-02	1.053384078176397898e+00	8.243408203125000000e-01
3.755000000000000004e-02	1.032632125051397898e+00	8.048095703125000000e-01
3.760000000000000148e-02	1.076577437551397898e+00	8.438720703125000000e-01
3.765000000000000291e-02	1.054604781301397898e+00	8.218994140625000000e-01
3.769999999999999740e-02	1.099770796926397898e+00	8.634033203125000000e-01
3.774999999999999883e-02	1.077798140676397898e+00	8.414306640625000000e-01
3.780000000000000027e-02	1.120522750051397898e+00	8.804931640625000000e-01
3.785000000000000170e-02	1.099770796926397898e+00	8.609619140625000000e-01
3.790000000000000313e-02	1.143716109426397898e+00	9.000244140625000000e-01
3.794999999999999762e-02	1.122964156301397898e+00	8.829345703125000000e-01
3.799999999999999906e-02	1.164468062551397898e+00	9.219970703125000000e-01
3.805000000000000049e-02	1.146157515676397898e+00	9.000244140625000000e-01
3.810000000000000192e-02	1.188882125051397898e+00	9.390869140625000000e-01
3.815000000000000335e-02	1.166909468801397898e+00	9.195556640625000000e-01
3.819999999999999785e-02	1.210854781301397898e+00	9.586181640625000000e-01
3.824999999999999928e-02	1.190102828176397898e+00	9.366455078125000000e-01
3.830000000000000071e-02	1.235268843801397898e+00	9.781494140625000000e-01
3.835000000000000214e-02	1.212075484426397898e+00	9.586181640625000000e-01
3.839999999999999664e-02	1.254800093801398120e+00	9.976806640625000000e-01
3.844999999999999807e-02	1.235268843801397898e+00	9.781494140625000000e-01
3.849999999999999950e-02	1.276772750051398120e+00	1.017211914062500000e+00
3.855000000000000093e-02	1.256020796926398120e+00	9.952392578125000000e-01
3.860000000000000236e-02	1.299966109426398120e+00	1.034301757812500000e+00
3.864999999999999686e-02	1.279214156301398120e+00	1.012329101562500000e+00
3.869999999999999829e-02	1.320718062551398120e+00	1.056274414062500000e+00
3.874999999999999972e-02	1.302407515676398120e+00	1.034301757812500000e+00
3.880000000000000115e-02	1.342690718801398120e+00	1.070922851562500000e+00
3.885000000000000259e-02	1.321938765676398120e+00	1.051391601562500000e+00
3.889999999999999708e-02	1.363442671926398120e+00	1.092895507812500000e+00
3.894999999999999851e-02	1.343911421926398120e+00	1.070922851562500000e+00
3.899999999999999994e-02	1.386636031301398120e+00	1.112426757812500000e+00
3.905000000000000138e-02	1.365884078176398120e+00	1.092895507812500000e+00
3.910000000000000281e-02	1.407387984426398120e+00	1.131958007812500000e+00
3.914999999999999730e-02	1.387856734426398120e+00	1.109985351562500000e+00
3.919999999999999873e-02	1.430581343801398120e+00	1.151489257812500000e+00
3.925000000000000017e-02	1.409829390676398120e+00	1.131958007812500000e+00
3.930000000000000160e-02	1.451333296926398120e+00	1.168579101562500000e+00
3.935000000000000303e-02	1.431802046926398120e+00	1.151489257812500000e+00
3.939999999999999752e-02	1.473305953176398120e+00	1.188110351562500000e+00
3.944999999999999896e-02	1.452554000051398120e+00	1.168579101562500000e+00
3.950000000000000039e-02	1.495278609426398120e+00	1.202758789062500000e+00
3.955000000000000182e-02	1.475747359426398120e+00	1.185668945312500000e+00
3.960000000000000325e-02	1.514809859426398120e+00	1.190551757812500000e+00
3.964999999999999775e-02	1.495278609426398120e+00	1.173461914062500000e+00
3.969999999999999918e-02	1.522134078176398120e+00	1.171020507812500000e+00
3.975000000000000061e-02	1.514809859426398120e+00	1.151489257812500000e+00
3.980000000000000204e-02	1.518471968801398120e+00	1.153930664062500000e+00
3.984999999999999654e-02	1.490395796926398120e+00	1.131958007812500000e+00
3.989999999999999797e-02	1.486733687551398120e+00	1.131958007812500000e+00
3.994999999999999940e-02	1.434243453176398120e+00	1.114868164062500000e+00
4.000000000000000083e-02	1.428139937551398120e+00	1.114868164062500000e+00
4.005000000000000226e-02	1.375649703176398120e+00	1.095336914062500000e+00
4.009999999999999676e-02	1.369546187551398120e+00	1.095336914062500000e+00
4.014999999999999819e-02	1.332925093801398120e+00	1.075805664062500000e+00
4.019999999999999962e-02	1.329262984426398120e+00	1.078247070312500000e+00
4.025000000000000105e-02	1.306069625051398120e+00	1.058715820312500000e+00
4.030000000000000249e-02	1.304848921926398120e+00	1.058715820312500000e+00
4.034999999999999698e-02	1.286538375051398120e+00	1.039184570312500000e+00
4.039999999999999841e-02	1.287759078176398120e+00	1.041625976562500000e+00
4.044999999999999984e-02	1.275552046926398120e+00	1.019653320312500000e+00
4.050000000000000128e-02	1.276772750051398120e+00	1.022094726562500000e+00
4.055000000000000271e-02	1.264565718801398120e+00	1.002563476562500000e+00
4.059999999999999720e-02	1.264565718801398120e+00	1.002563476562500000e+00
4.064999999999999863e-02	1.245034468801397898e+00	9.830322265625000000e-01
4.070000000000000007e-02	1.245034468801397898e+00	9.830322265625000000e-01
4.075000000000000150e-02	1.220620406301397898e+00	9.635009765625000000e-01
4.080000000000000293e-02	1.216958296926397898e+00	9.659423828125000000e-01
4.084999999999999742e-02	1.187661421926397898e+00	9.464111328125000000e-01
4.089999999999999886e-02	1.183999312551397898e+00	9.439697265625000000e-01
4.095000000000000029e-02	1.154702437551397898e+00	9.244384765625000000e-01
4.100000000000000172e-02	1.151040328176397898e+00	9.268798828125000000e-01
4.105000000000000315e-02	1.125405562551397898e+00	9.073486328125000000e-01
4.109999999999999765e-02	1.121743453176397898e+00	9.073486328125000000e-01
4.114999999999999908e-02	1.097329390676397898e+00	8.878173828125000000e-01
4.120000000000000051e-02	1.096108687551397898e+00	8.878173828125000000e-01
4.125000000000000194e-02	1.074136031301397898e+00	8.682861328125000000e-01
4.130000000000000338e-02	1.071694625051397898e+00	8.707275390625000000e-01
4.134999999999999787e-02	1.052163375051397898e+00	8.487548828125000000e-01
4.139999999999999930e-02	1.052163375051397898e+00	8.487548828125000000e-01
4.145000000000000073e-02	1.030190718801397898e+00	8.316650390625000000e-01
4.150000000000000216e-02	1.027749312551397898e+00	8.341064453125000000e-01
4.154999999999999666e-02	1.006997359426397898e+00	8.121337890625000000e-01
4.159999999999999809e-02	1.002114546926397898e+00	8.121337890625000000e-01
4.164999999999999952e-02	9.801418906763980088e-01	7.926025390625000000e-01
4.170000000000000095e-02	9.777004844263980088e-01	7.926025390625000000e-01
4.175000000000000239e-02	9.532864219263980088e-01	7.755126953125000000e-01
4.179999999999999688e-02	9.545071250513980088e-01	7.755126953125000000e-01
4.184999999999999831e-02	9.276516563013980088e-01	7.535400390625000000e-01
4.189999999999999974e-02	9.252102500513980088e-01	7.559814453125000000e-01
4.195000000000000118e-02	9.007961875513980088e-01	7.340087890625000000e-01
4.200000000000000261e-02	8.971340781763980088e-01	7.364501953125000000e-01
4.204999999999999710e-02	8.751614219263980088e-01	7.169189453125000000e-01
4.209999999999999853e-02	8.714993125513980088e-01	7.169189453125000000e-01
4.214999999999999997e-02	8.507473594263980088e-01	6.949462890625000000e-01
4.220000000000000140e-02	8.470852500513980088e-01	6.973876953125000000e-01
4.225000000000000283e-02	8.251125938013980088e-01	6.778564453125000000e-01
4.229999999999999732e-02	8.238918906763980088e-01	6.778564453125000000e-01
4.234999999999999876e-02	8.006985313013980088e-01	6.583251953125000000e-01
4.240000000000000019e-02	7.994778281763980088e-01	6.583251953125000000e-01
4.245000000000000162e-02	7.762844688013980088e-01	6.387939453125000000e-01
4.250000000000000305e-02	7.738430625513980088e-01	6.387939453125000000e-01
4.254999999999999755e-02	7.518704063013980088e-01	6.217041015625000000e-01
4.259999999999999898e-02	7.506497031763980088e-01	6.217041015625000000e-01
4.265000000000000041e-02	7.262356406763980088e-01	5.997314453125000000e-01
4.270000000000000184e-02	7.250149375513980088e-01	6.021728515625000000e-01
4.275000000000000328e-02	6.993801719263980088e-01	5.826416015625000000e-01
4.279999999999999777e-02	6.981594688013980088e-01	5.826416015625000000e-01
4.284999999999999920e-02	6.737454063013980088e-01	5.631103515625000000e-01
4.290000000000000063e-02	6.737454063013980088e-01	5.655517578125000000e-01
4.295000000000000207e-02	6.505520469263980088e-01	5.460205078125000000e-01
4.299999999999999656e-02	6.468899375513980088e-01	5.484619140625000000e-01
4.304999999999999799e-02	6.236965781763980088e-01	5.240478515625000000e-01
4.309999999999999942e-02	6.236965781763980088e-01	5.264892578125000000e-01
4.315000000000000085e-02	5.992825156763980088e-01	5.069580078125000000e-01
4.320000000000000229e-02	5.968411094263980088e-01	5.069580078125000000e-01
4.324999999999999678e-02	5.736477500513980088e-01	4.874267578125000000e-01
4.329999999999999821e-02	5.724270469263980088e-01	4.874267578125000000e-01
4.334999999999999964e-02	5.492336875513980088e-01	4.654541015625000000e-01
4.340000000000000108e-02	5.467922813013980088e-01	4.703369140625000000e-01
4.345000000000000251e-02	5.248196250513980088e-01	4.483642578125000000e-01
4.349999999999999700e-02	5.223782188013980088e-01	4.483642578125000000e-01
4.354999999999999843e-02	5.004055625513980088e-01	4.288330078125000000e-01
4.359999999999999987e-02	5.004055625513980088e-01	4.312744140625000000e-01
4.365000000000000130e-02	4.759915000513980643e-01	4.117431640625000000e-01
4.370000000000000273e-02	4.747707969263980643e-01	4.093017578125000000e-01
4.374999999999999722e-02	4.515774375513980643e-01	3.922119140625000000e-01
4.379999999999999866e-02	4.479153281763980643e-01	3.922119140625000000e-01
4.385000000000000009e-02	4.247219688013980643e-01	3.702392578125000000e-01
4.390000000000000152e-02	4.247219688013980643e-01	3.726806640625000000e-01
4.395000000000000295e-02	4.027493125513980643e-01	3.531494140625000000e-01
4.399999999999999745e-02	4.003079063013980643e-01	3.507080078125000000e-01
4.404999999999999888e-02	3.758938438013980643e-01	3.311767578125000000e-01
4.410000000000000031e-02	3.746731406763980643e-01	3.336181640625000000e-01
4.415000000000000174e-02	3.514797813013980643e-01	3.140869140625000000e-01
4.420000000000000318e-02	3.502590781763980643e-01	3.165283203125000000e-01
4.424999999999999767e-02	3.258450156763980643e-01	2.945556640625000000e-01
4.429999999999999910e-02	3.258450156763980643e-01	2.945556640625000000e-01
4.435000000000000053e-02	3.014309531763980088e-01	2.774658203125000000e-01
4.440000000000000197e-02	2.989895469263980088e-01	2.750244140625000000e-01
4.445000000000000340e-02	2.782375938013980088e-01	2.554931640625000000e-01
4.449999999999999789e-02	2.757961875513980088e-01	2.579345703125000000e-01
4.454999999999999932e-02	2.513821250513980088e-01	2.384033203125000000e-01
4.460000000000000075e-02	2.501614219263980088e-01	2.359619140625000000e-01
4.465000000000000219e-02	2.269680625513980088e-01	2.188720703125000000e-01
4.469999999999999668e-02	2.257473594263980088e-01	2.164306640625000000e-01
4.474999999999999811e-02	2.025540000513980088e-01	1.993408203125000000e-01
4.479999999999999954e-02	2.001125938013980088e-01	2.017822265625000000e-01
4.485000000000000098e-02	1.793606406763980088e-01	1.773681640625000000e-01
4.490000000000000241e-02	1.756985313013980088e-01	1.798095703125000000e-01
4.494999999999999690e-02	1.537258750513980088e-01	1.602783203125000000e-01
4.499999999999999833e-02	1.525051719263980088e-01	1.627197265625000000e-01
4.504999999999999977e-02	1.293118125513980088e-01	1.407470703125000000e-01
4.510000000000000120e-02	1.293118125513980088e-01	1.407470703125000000e-01
4.515000000000000263e-02	1.036770469263980088e-01	1.187744140625000000e-01
4.519999999999999712e-02	1.048977500513980088e-01	1.236572265625000000e-01
4.524999999999999856e-02	8.170439067639800879e-02	1.016845703125000000e-01
4.529999999999999999e-02	7.926298442639800879e-02	1.041259765625000000e-01
4.535000000000000142e-02	5.729032817639802266e-02	8.215332031250000000e-02
4.540000000000000285e-02	5.484892192639802266e-02	8.459472656250000000e-02
4.544999999999999735e-02	3.165556255139802266e-02	6.262207031250000000e-02
4.549999999999999878e-02	2.921415630139802266e-02	6.750488281250000000e-02
4.555000000000000021e-02	8.462203176398024398e-03	4.309082031250000000e-02
4.560000000000000164e-02	6.020796926398024398e-03	4.553222656250000000e-02
4.565000000000000308e-02	-1.595185932360197734e-02	3.088378906250000000e-02
4.569999999999999757e-02	-1.717256244860197734e-02	2.844238281250000000e-02
4.574999999999999900e-02	-3.914521869860197734e-02	8.911132812500000000e-03
4.580000000000000043e-02	-4.036592182360197734e-02	8.911132812500000000e-03
4.585000000000000187e-02	-6.355928119860197734e-02	-1.306152343750000000e-02
4.590000000000000330e-02	-6.477998432360197734e-02	-8.178710937500000000e-03
4.594999999999999779e-02	-8.675264057360199121e-02	-3.015136718750000000e-02
4.599999999999999922e-02	-9.041474994860199121e-02	-2.770996093750000000e-02
4.605000000000000066e-02	-1.123874061986019912e-01	-5.212402343750000000e-02
4.610000000000000209e-02	-1.136081093236019912e-01	-4.724121093750000000e-02
4.614999999999999658e-02	-1.355807655736019912e-01	-6.921386718750000000e-02
4.619999999999999801e-02	-1.380221718236019912e-01	-6.677246093750000000e-02
4.624999999999999944e-02	-1.599948280736019912e-01	-8.630371093750000000e-02
4.630000000000000088e-02	-1.612155311986019912e-01	-8.630371093750000000e-02
4.635000000000000231e-02	-1.831881874486019912e-01	-1.058349609375000000e-01
4.639999999999999680e-02	-1.856295936986019912e-01	-1.033935546875000000e-01
4.644999999999999823e-02	-2.076022499486019912e-01	-1.253662109375000000e-01
4.649999999999999967e-02	-2.088229530736019912e-01	-1.253662109375000000e-01
4.655000000000000110e-02	-2.320163124486019912e-01	-1.448974609375000000e-01
4.660000000000000253e-02	-2.332370155736019912e-01	-1.424560546875000000e-01
4.664999999999999702e-02	-2.564303749486019912e-01	-1.644287109375000000e-01
4.669999999999999846e-02	-2.564303749486019912e-01	-1.644287109375000000e-01
4.674999999999999989e-02	-2.796237343236019912e-01	-1.864013671875000000e-01
4.680000000000000132e-02	-2.808444374486019912e-01	-1.839599609375000000e-01
4.685000000000000275e-02	-3.040377968236019912e-01	-2.034912109375000000e-01
4.689999999999999725e-02	-3.040377968236019912e-01	-2.034912109375000000e-01
4.694999999999999868e-02	-3.260104530736019357e-01	-2.230224609375000000e-01
4.700000000000000011e-02	-3.272311561986019357e-01	-2.205810546875000000e-01
4.705000000000000154e-02	-3.492038124486019357e-01	-2.401123046875000000e-01
4.710000000000000298e-02	-3.516452186986019357e-01	-2.401123046875000000e-01
4.714999999999999747e-02	-3.723971718236019357e-01	-2.572021484375000000e-01
4.719999999999999890e-02	-3.748385780736019357e-01	-2.596435546875000000e-01
4.725000000000000033e-02	-3.955905311986019357e-01	-2.791748046875000000e-01
4.730000000000000177e-02	-3.968112343236019357e-01	-2.791748046875000000e-01
4.735000000000000320e-02	-4.175631874486019357e-01	-3.011474609375000000e-01
4.739999999999999769e-02	-4.224459999486019357e-01	-2.987060546875000000e-01
4.744999999999999912e-02	-4.431979530736019357e-01	-3.157958984375000000e-01
4.750000000000000056e-02	-4.444186561986019357e-01	-3.182373046875000000e-01
4.755000000000000199e-02	-4.676120155736019357e-01	-3.377685546875000000e-01
4.760000000000000342e-02	-4.676120155736019357e-01	-3.353271484375000000e-01
4.764999999999999791e-02	-4.908053749486019357e-01	-3.572998046875000000e-01
4.769999999999999934e-02	-4.908053749486019357e-01	-3.548583984375000000e-01
4.775000000000000078e-02	-5.127780311986019912e-01	-3.743896484375000000e-01
4.780000000000000221e-02	-5.139987343236019912e-01	-3.768310546875000000e-01
4.784999999999999670e-02	-5.371920936986019912e-01	-3.939208984375000000e-01
4.789999999999999813e-02	-5.359713905736019912e-01	-3.939208984375000000e-01
4.794999999999999957e-02	-5.603854530736019912e-01	-4.134521484375000000e-01
4.800000000000000100e-02	-5.603854530736019912e-01	-4.134521484375000000e-01
4.805000000000000243e-02	-5.835788124486019912e-01	-4.329833984375000000e-01
4.809999999999999692e-02	-5.835788124486019912e-01	-4.329833984375000000e-01
4.814999999999999836e-02	-6.067721718236019912e-01	-4.525146484375000000e-01
4.819999999999999979e-02	-6.079928749486019912e-01	-4.525146484375000000e-01
4.825000000000000122e-02	-6.287448280736019912e-01	-4.720458984375000000e-01
4.830000000000000265e-02	-6.311862343236019912e-01	-4.720458984375000000e-01
4.834999999999999715e-02	-6.519381874486019912e-01	-4.915771484375000000e-01
4.839999999999999858e-02	-6.543795936986019912e-01	-4.915771484375000000e-01
4.845000000000000001e-02	-6.751315468236019912e-01	-5.111083984375000000e-01
4.850000000000000144e-02	-6.775729530736019912e-01	-5.062255859375000000e-01
4.855000000000000288e-02	-6.983249061986019912e-01	-5.281982421875000000e-01
4.859999999999999737e-02	-7.007663124486019912e-01	-5.281982421875000000e-01
4.864999999999999880e-02	-7.227389686986019912e-01	-5.477294921875000000e-01
4.870000000000000023e-02	-7.264010780736019912e-01	-5.477294921875000000e-01
4.875000000000000167e-02	-7.471530311986019912e-01	-5.672607421875000000e-01
4.880000000000000310e-02	-7.471530311986019912e-01	-5.672607421875000000e-01
4.884999999999999759e-02	-7.691256874486019912e-01	-5.867919921875000000e-01
4.889999999999999902e-02	-7.715670936986019912e-01	-5.867919921875000000e-01
4.895000000000000046e-02	-7.910983436986019912e-01	-6.087646484375000000e-01
4.900000000000000189e-02	-7.935397499486019912e-01	-6.063232421875000000e-01
4.905000000000000332e-02	-8.142917030736019912e-01	-6.258544921875000000e-01
4.909999999999999781e-02	-8.155124061986019912e-01	-6.258544921875000000e-01
4.914999999999999925e-02	-8.362643593236019912e-01	-6.453857421875000000e-01
4.920000000000000068e-02	-8.374850624486019912e-01	-6.429443359375000000e-01
4.925000000000000211e-02	-8.594577186986019912e-01	-6.649169921875000000e-01
4.929999999999999660e-02	-8.618991249486019912e-01	-6.624755859375000000e-01
4.934999999999999803e-02	-8.814303749486019912e-01	-6.820068359375000000e-01
4.939999999999999947e-02	-8.850924843236019912e-01	-6.844482421875000000e-01
4.945000000000000090e-02	-9.046237343236019912e-01	-7.039794921875000000e-01
4.950000000000000233e-02	-9.058444374486019912e-01	-7.015380859375000000e-01
4.954999999999999682e-02	-9.290377968236019912e-01	-7.235107421875000000e-01
4.959999999999999826e-02	-9.278170936986019912e-01	-7.210693359375000000e-01
4.964999999999999969e-02	-9.497897499486019912e-01	-7.406005859375000000e-01
4.970000000000000112e-02	-9.522311561986019912e-01	-7.381591796875000000e-01
4.975000000000000255e-02	-9.729831093236019912e-01	-7.601318359375000000e-01
4.979999999999999705e-02	-9.754245155736019912e-01	-7.601318359375000000e-01
4.984999999999999848e-02	-9.961764686986019912e-01	-7.796630859375000000e-01
4.989999999999999991e-02	-9.973971718236019912e-01	-7.796630859375000000e-01
4.995000000000000134e-02	-1.016928421823602102e+00	-7.991943359375000000e-01
5.000000000000000278e-02	-1.019369828073602102e+00	-7.991943359375000000e-01
5.004999999999999727e-02	-1.041342484323602102e+00	-8.187255859375000000e-01
5.009999999999999870e-02	-1.042563187448602102e+00	-8.162841796875000000e-01
5.015000000000000013e-02	-1.062094437448602102e+00	-8.382568359375000000e-01
5.020000000000000157e-02	-1.064535843698602102e+00	-8.358154296875000000e-01
5.025000000000000300e-02	-1.084067093698602102e+00	-8.577880859375000000e-01
5.029999999999999749e-02	-1.086508499948602102e+00	-8.577880859375000000e-01
5.034999999999999892e-02	-1.107260453073602102e+00	-8.773193359375000000e-01
5.040000000000000036e-02	-1.108481156198602102e+00	-8.724365234375000000e-01
5.045000000000000179e-02	-1.129233109323602102e+00	-8.944091796875000000e-01
5.050000000000000322e-02	-1.131674515573602102e+00	-8.968505859375000000e-01
5.054999999999999771e-02	-1.149985062448602102e+00	-9.114990234375000000e-01
5.059999999999999915e-02	-1.152426468698602102e+00	-9.139404296875000000e-01
5.065000000000000058e-02	-1.171957718698602102e+00	-9.310302734375000000e-01
5.070000000000000201e-02	-1.171957718698602102e+00	-9.334716796875000000e-01
5.075000000000000344e-02	-1.193930374948602102e+00	-9.530029296875000000e-01
5.079999999999999793e-02	-1.196371781198602102e+00	-9.505615234375000000e-01
5.084999999999999937e-02	-1.215903031198602102e+00	-9.700927734375000000e-01
5.090000000000000080e-02	-1.218344437448602102e+00	-9.700927734375000000e-01
5.095000000000000223e-02	-1.237875687448602102e+00	-9.896240234375000000e-01
5.099999999999999672e-02	-1.240317093698602102e+00	-9.896240234375000000e-01
5.104999999999999816e-02	-1.261069046823601880e+00	-1.011596679687500000e+00
5.109999999999999959e-02	-1.262289749948601880e+00	-1.009155273437500000e+00
5.115000000000000102e-02	-1.283041703073601880e+00	-1.031127929687500000e+00
5.120000000000000245e-02	-1.284262406198601880e+00	-1.031127929687500000e+00
5.124999999999999695e-02	-1.303793656198601880e+00	-1.050659179687500000e+00
5.129999999999999838e-02	-1.306235062448601880e+00	-1.048217773437500000e+00
5.134999999999999981e-02	-1.325766312448601880e+00	-1.067749023437500000e+00
5.140000000000000124e-02	-1.329428421823601880e+00	-1.065307617187500000e+00
5.145000000000000268e-02	-1.347738968698601880e+00	-1.087280273437500000e+00
5.149999999999999717e-02	-1.350180374948601880e+00	-1.084838867187500000e+00
5.154999999999999860e-02	-1.369711624948601880e+00	-1.106811523437500000e+00
5.160000000000000003e-02	-1.372153031198601880e+00	-1.104370117187500000e+00
5.165000000000000147e-02	-1.391684281198601880e+00	-1.126342773437500000e+00
5.170000000000000290e-02	-1.391684281198601880e+00	-1.123901367187500000e+00
5.174999999999999739e-02	-1.413656937448601880e+00	-1.138549804687500000e+00
5.179999999999999882e-02	-1.414877640573601880e+00	-1.104370117187500000e+00
5.185000000000000026e-02	-1.433188187448601880e+00	-1.126342773437500000e+00
5.190000000000000169e-02	-1.430746781198601880e+00	-1.087280273437500000e+00
5.195000000000000312e-02	-1.440512406198601880e+00	-1.109252929687500000e+00
5.199999999999999761e-02	-1.411215531198601880e+00	-1.065307617187500000e+00
5.204999999999999905e-02	-1.434408890573601880e+00	-1.087280273437500000e+00
5.210000000000000048e-02	-1.357504593698601880e+00	-1.050659179687500000e+00
5.215000000000000191e-02	-1.406332718698601880e+00	-1.070190429687500000e+00
5.220000000000000334e-02	-1.297690140573601880e+00	-1.031127929687500000e+00
5.224999999999999784e-02	-1.351401078073601880e+00	-1.053100585937500000e+00
5.229999999999999927e-02	-1.253744828073601880e+00	-1.014038085937500000e+00
5.235000000000000070e-02	-1.291586624948601880e+00	-1.033569335937500000e+00
5.240000000000000213e-02	-1.224447953073602102e+00	-9.945068359375000000e-01
5.244999999999999662e-02	-1.251303421823601880e+00	-1.014038085937500000e+00
5.249999999999999806e-02	-1.203695999948602102e+00	-9.774169921875000000e-01
5.254999999999999949e-02	-1.222006546823602102e+00	-9.945068359375000000e-01
5.260000000000000092e-02	-1.191488968698602102e+00	-9.554443359375000000e-01
5.265000000000000235e-02	-1.203695999948602102e+00	-9.774169921875000000e-01
5.269999999999999685e-02	-1.179281937448602102e+00	-9.359130859375000000e-01
5.274999999999999828e-02	-1.191488968698602102e+00	-9.554443359375000000e-01
5.279999999999999971e-02	-1.162192093698602102e+00	-9.188232421875000000e-01
5.285000000000000114e-02	-1.179281937448602102e+00	-9.383544921875000000e-01
5.290000000000000258e-02	-1.136557328073602102e+00	-8.992919921875000000e-01
5.294999999999999707e-02	-1.159750687448602102e+00	-9.188232421875000000e-01
5.299999999999999850e-02	-1.106039749948602102e+00	-8.797607421875000000e-01
5.304999999999999993e-02	-1.135336624948602102e+00	-9.017333984375000000e-01
5.310000000000000137e-02	-1.073080765573602102e+00	-8.602294921875000000e-01
5.315000000000000280e-02	-1.102377640573602102e+00	-8.797607421875000000e-01
5.319999999999999729e-02	-1.043783890573602102e+00	-8.406982421875000000e-01
5.324999999999999872e-02	-1.073080765573602102e+00	-8.626708984375000000e-01
5.330000000000000016e-02	-1.015707718698602102e+00	-8.236083984375000000e-01
5.335000000000000159e-02	-1.041342484323602102e+00	-8.431396484375000000e-01
5.340000000000000302e-02	-9.900729530736019912e-01	-8.016357421875000000e-01
5.344999999999999751e-02	-1.013266312448602102e+00	-8.236083984375000000e-01
5.349999999999999895e-02	-9.681002968236019912e-01	-7.845458984375000000e-01
5.355000000000000038e-02	-9.900729530736019912e-01	-8.016357421875000000e-01
5.360000000000000181e-02	-9.449069374486019912e-01	-7.625732421875000000e-01
5.365000000000000324e-02	-9.656588905736019912e-01	-7.845458984375000000e-01
5.369999999999999774e-02	-9.217135780736019912e-01	-7.454833984375000000e-01
5.374999999999999917e-02	-9.424655311986019912e-01	-7.650146484375000000e-01
5.380000000000000060e-02	-8.972995155736019912e-01	-7.259521484375000000e-01
5.385000000000000203e-02	-9.204928749486019912e-01	-7.479248046875000000e-01
5.390000000000000346e-02	-8.716647499486019912e-01	-7.088623046875000000e-01
5.394999999999999796e-02	-8.948581093236019912e-01	-7.259521484375000000e-01
5.399999999999999939e-02	-8.435885780736019912e-01	-6.893310546875000000e-01
5.405000000000000082e-02	-8.692233436986019912e-01	-7.088623046875000000e-01
5.410000000000000225e-02	-8.179538124486019912e-01	-6.697998046875000000e-01
5.414999999999999675e-02	-8.423678749486019912e-01	-6.917724609375000000e-01
5.419999999999999818e-02	-7.910983436986019912e-01	-6.502685546875000000e-01
5.424999999999999961e-02	-8.179538124486019912e-01	-6.697998046875000000e-01
5.430000000000000104e-02	-7.654635780736019912e-01	-6.331787109375000000e-01
5.435000000000000248e-02	-7.898776405736019912e-01	-6.527099609375000000e-01
5.439999999999999697e-02	-7.422702186986019912e-01	-6.136474609375000000e-01
5.444999999999999840e-02	-7.654635780736019912e-01	-6.307373046875000000e-01
5.449999999999999983e-02	-7.178561561986019912e-01	-5.916748046875000000e-01
5.455000000000000127e-02	-7.386081093236019912e-01	-6.136474609375000000e-01
5.460000000000000270e-02	-6.922213905736019912e-01	-5.721435546875000000e-01
5.464999999999999719e-02	-7.154147499486019912e-01	-5.941162109375000000e-01
5.469999999999999862e-02	-6.653659218236019912e-01	-5.526123046875000000e-01
5.475000000000000006e-02	-6.897799843236019912e-01	-5.721435546875000000e-01
5.480000000000000149e-02	-6.421725624486019912e-01	-5.355224609375000000e-01
5.485000000000000292e-02	-6.641452186986019912e-01	-5.550537109375000000e-01
5.489999999999999741e-02	-6.165377968236019912e-01	-5.159912109375000000e-01
5.494999999999999885e-02	-6.385104530736019912e-01	-5.355224609375000000e-01
5.500000000000000028e-02	-5.896823280736019912e-01	-4.964599609375000000e-01
5.505000000000000171e-02	-6.140963905736019912e-01	-5.159912109375000000e-01
5.510000000000000314e-02	-5.640475624486019912e-01	-4.793701171875000000e-01
5.514999999999999764e-02	-5.884616249486019912e-01	-4.964599609375000000e-01
5.519999999999999907e-02	-5.408542030736019912e-01	-4.598388671875000000e-01
5.525000000000000050e-02	-5.628268593236019912e-01	-4.793701171875000000e-01
5.530000000000000193e-02	-5.152194374486019912e-01	-4.403076171875000000e-01
5.535000000000000336e-02	-5.384127968236019912e-01	-4.598388671875000000e-01
5.539999999999999786e-02	-4.908053749486019357e-01	-4.232177734375000000e-01
5.544999999999999929e-02	-5.127780311986019912e-01	-4.427490234375000000e-01
5.550000000000000072e-02	-4.651706093236019357e-01	-4.012451171875000000e-01
5.555000000000000215e-02	-4.871432655736019357e-01	-4.207763671875000000e-01
5.559999999999999665e-02	-4.395358436986019357e-01	-3.792724609375000000e-01
5.564999999999999808e-02	-4.639499061986019357e-01	-4.036865234375000000e-01
5.569999999999999951e-02	-4.151217811986019357e-01	-3.646240234375000000e-01
5.575000000000000094e-02	-4.370944374486019357e-01	-3.817138671875000000e-01
5.580000000000000238e-02	-3.907077186986019357e-01	-3.426513671875000000e-01
5.584999999999999687e-02	-4.126803749486019357e-01	-3.621826171875000000e-01
5.589999999999999830e-02	-3.650729530736019357e-01	-3.231201171875000000e-01
5.594999999999999973e-02	-3.894870155736019357e-01	-3.450927734375000000e-01
5.600000000000000117e-02	-3.406588905736019357e-01	-3.060302734375000000e-01
5.605000000000000260e-02	-3.638522499486019357e-01	-3.255615234375000000e-01
5.609999999999999709e-02	-3.150241249486019357e-01	-2.840576171875000000e-01
5.614999999999999852e-02	-3.394381874486019357e-01	-3.084716796875000000e-01
5.619999999999999996e-02	-2.906100624486019912e-01	-2.645263671875000000e-01
5.625000000000000139e-02	-3.138034218236019357e-01	-2.864990234375000000e-01
5.630000000000000282e-02	-2.661959999486019912e-01	-2.474365234375000000e-01
5.634999999999999731e-02	-2.881686561986019912e-01	-2.694091796875000000e-01
5.639999999999999875e-02	-2.417819374486019912e-01	-2.303466796875000000e-01
5.645000000000000018e-02	-2.637545936986019912e-01	-2.474365234375000000e-01
5.650000000000000161e-02	-2.161471718236019912e-01	-2.108154296875000000e-01
5.655000000000000304e-02	-2.405612343236019912e-01	-2.303466796875000000e-01
5.659999999999999754e-02	-1.917331093236019912e-01	-1.888427734375000000e-01
5.664999999999999897e-02	-2.124850624486019912e-01	-2.132568359375000000e-01
5.670000000000000040e-02	-1.660983436986019912e-01	-1.693115234375000000e-01
5.675000000000000183e-02	-1.892917030736019912e-01	-1.912841796875000000e-01
5.680000000000000326e-02	-1.416842811986019912e-01	-1.522216796875000000e-01
5.684999999999999776e-02	-1.636569374486019912e-01	-1.717529296875000000e-01
5.689999999999999919e-02	-1.184909218236019912e-01	-1.302490234375000000e-01
5.695000000000000062e-02	-1.392428749486019912e-01	-1.522216796875000000e-01
5.700000000000000205e-02	-9.407685932360199121e-02	-1.156005859375000000e-01
5.704999999999999655e-02	-1.148288124486019912e-01	-1.326904296875000000e-01
5.709999999999999798e-02	-6.844209369860197734e-02	-9.362792968750000000e-02
5.714999999999999941e-02	-9.163545307360199121e-02	-1.156005859375000000e-01
5.720000000000000084e-02	-4.524873432360197734e-02	-7.409667968750000000e-02
5.725000000000000228e-02	-6.844209369860197734e-02	-9.362792968750000000e-02
5.729999999999999677e-02	-2.083467182360197734e-02	-5.700683593750000000e-02
5.734999999999999820e-02	-4.158662494860197734e-02	-7.653808593750000000e-02
5.739999999999999963e-02	4.800093801398024398e-03	-3.747558593750000000e-02
5.745000000000000107e-02	-1.961396869860197734e-02	-5.944824218750000000e-02
5.750000000000000250e-02	2.799345317639802266e-02	-1.794433593750000000e-02
5.754999999999999699e-02	4.800093801398024398e-03	-3.747558593750000000e-02
5.759999999999999842e-02	4.874540630139802266e-02	1.586914062500000867e-03
5.764999999999999986e-02	2.921415630139802266e-02	-1.794433593750000000e-02
5.770000000000000129e-02	7.438017192639802266e-02	2.111816406250000000e-02
5.775000000000000272e-02	5.362821880139802266e-02	-8.544921874999991326e-04
5.779999999999999721e-02	9.879423442639800879e-02	3.576660156250000000e-02
5.784999999999999865e-02	7.560087505139802266e-02	2.111816406250000000e-02
5.790000000000000008e-02	1.232082969263980088e-01	5.773925781250000000e-02
5.795000000000000151e-02	1.000149375513980088e-01	3.576660156250000000e-02
5.800000000000000294e-02	1.476223594263980088e-01	7.727050781250000000e-02
5.804999999999999744e-02	1.256497031763980088e-01	5.773925781250000000e-02
5.809999999999999887e-02	1.708157188013980088e-01	9.680175781250000000e-02
5.815000000000000030e-02	1.500637656763980088e-01	7.482910156250000000e-02
5.820000000000000173e-02	1.952297813013980088e-01	1.163330078125000000e-01
5.825000000000000316e-02	1.720364219263980088e-01	9.680175781250000000e-02
5.829999999999999766e-02	2.208645469263980088e-01	1.334228515625000000e-01
5.834999999999999909e-02	1.976711875513980088e-01	1.163330078125000000e-01
5.840000000000000052e-02	2.428372031763980088e-01	1.505126953125000000e-01
5.845000000000000195e-02	2.220852500513980088e-01	1.334228515625000000e-01
5.850000000000000339e-02	2.672512656763980088e-01	1.724853515625000000e-01
5.854999999999999788e-02	2.452786094263980088e-01	1.529541015625000000e-01
5.859999999999999931e-02	2.916653281763980088e-01	1.944580078125000000e-01
5.865000000000000074e-02	2.684719688013980088e-01	1.724853515625000000e-01
5.870000000000000218e-02	3.136379844263980643e-01	2.115478515625000000e-01
5.874999999999999667e-02	2.916653281763980088e-01	1.920166015625000000e-01
5.879999999999999810e-02	3.380520469263980643e-01	2.310791015625000000e-01
5.884999999999999953e-02	3.148586875513980643e-01	2.091064453125000000e-01
5.890000000000000097e-02	3.612454063013980643e-01	2.506103515625000000e-01
5.895000000000000240e-02	3.417141563013980643e-01	2.286376953125000000e-01
5.899999999999999689e-02	3.881008750513980643e-01	2.677001953125000000e-01
5.904999999999999832e-02	3.636868125513980643e-01	2.481689453125000000e-01
5.909999999999999976e-02	4.100735313013980643e-01	2.872314453125000000e-01
5.915000000000000119e-02	3.881008750513980643e-01	2.677001953125000000e-01
5.920000000000000262e-02	4.332668906763980643e-01	3.067626953125000000e-01
5.924999999999999711e-02	4.112942344263980643e-01	2.872314453125000000e-01
5.929999999999999855e-02	4.564602500513980643e-01	3.262939453125000000e-01
5.934999999999999998e-02	4.357082969263980643e-01	3.067626953125000000e-01
5.940000000000000141e-02	4.808743125513980643e-01	3.458251953125000000e-01
5.945000000000000284e-02	4.576809531763980643e-01	3.262939453125000000e-01
5.949999999999999734e-02	5.016262656763980088e-01	3.629150390625000000e-01
5.954999999999999877e-02	4.808743125513980643e-01	3.433837890625000000e-01
5.960000000000000020e-02	5.260403281763980088e-01	3.824462890625000000e-01
5.965000000000000163e-02	5.040676719263980088e-01	3.653564453125000000e-01
5.970000000000000306e-02	5.504543906763980088e-01	4.044189453125000000e-01
5.974999999999999756e-02	5.272610313013980088e-01	3.824462890625000000e-01
5.979999999999999899e-02	5.724270469263980088e-01	4.239501953125000000e-01
5.985000000000000042e-02	5.504543906763980088e-01	4.019775390625000000e-01
5.990000000000000185e-02	5.956204063013980088e-01	4.410400390625000000e-01
5.995000000000000329e-02	5.748684531763980088e-01	4.215087890625000000e-01
5.999999999999999778e-02	6.200344688013980088e-01	4.581298828125000000e-01
6.004999999999999921e-02	5.980618125513980088e-01	4.410400390625000000e-01
6.010000000000000064e-02	6.432278281763980088e-01	4.801025390625000000e-01
6.015000000000000208e-02	6.212551719263980088e-01	4.581298828125000000e-01
6.019999999999999657e-02	6.652004844263980088e-01	4.996337890625000000e-01
6.024999999999999800e-02	6.444485313013980088e-01	4.776611328125000000e-01
6.029999999999999943e-02	6.896145469263980088e-01	5.167236328125000000e-01
6.035000000000000087e-02	6.676418906763980088e-01	4.996337890625000000e-01
6.040000000000000230e-02	7.115872031763980088e-01	5.386962890625000000e-01
6.044999999999999679e-02	6.908352500513980088e-01	5.191650390625000000e-01
6.049999999999999822e-02	7.360012656763980088e-01	5.582275390625000000e-01
6.054999999999999966e-02	7.140286094263980088e-01	5.362548828125000000e-01
6.060000000000000109e-02	7.591946250513980088e-01	5.777587890625000000e-01
6.065000000000000252e-02	7.360012656763980088e-01	5.557861328125000000e-01
6.069999999999999701e-02	7.811672813013980088e-01	5.948486328125000000e-01
6.074999999999999845e-02	7.604153281763980088e-01	5.753173828125000000e-01
6.079999999999999988e-02	8.043606406763980088e-01	6.119384765625000000e-01
6.085000000000000131e-02	7.836086875513980088e-01	5.948486328125000000e-01
6.090000000000000274e-02	8.275540000513980088e-01	6.339111328125000000e-01
6.094999999999999724e-02	8.055813438013980088e-01	6.119384765625000000e-01
6.099999999999999867e-02	8.495266563013980088e-01	6.534423828125000000e-01
6.105000000000000010e-02	8.275540000513980088e-01	6.339111328125000000e-01
6.110000000000000153e-02	8.714993125513980088e-01	6.729736328125000000e-01
6.115000000000000296e-02	8.519680625513980088e-01	6.510009765625000000e-01
6.119999999999999746e-02	8.959133750513980088e-01	6.900634765625000000e-01
6.124999999999999889e-02	8.751614219263980088e-01	6.705322265625000000e-01
6.130000000000000032e-02	9.178860313013980088e-01	7.095947265625000000e-01
6.135000000000000175e-02	8.971340781763980088e-01	6.900634765625000000e-01
6.140000000000000319e-02	9.423000938013980088e-01	7.315673828125000000e-01
6.144999999999999768e-02	9.215481406763980088e-01	7.095947265625000000e-01
6.149999999999999911e-02	9.654934531763980088e-01	7.486572265625000000e-01
6.155000000000000054e-02	9.447415000513980088e-01	7.291259765625000000e-01
6.160000000000000198e-02	9.886868125513980088e-01	7.681884765625000000e-01
6.165000000000000341e-02	9.667141563013980088e-01	7.486572265625000000e-01
6.169999999999999790e-02	1.011880171926397898e+00	7.852783203125000000e-01
6.174999999999999933e-02	9.899075156763980088e-01	7.633056640625000000e-01
6.180000000000000077e-02	1.032632125051397898e+00	8.072509765625000000e-01
6.185000000000000220e-02	1.013100875051397898e+00	7.877197265625000000e-01
6.189999999999999669e-02	1.057046187551397898e+00	8.243408203125000000e-01
6.194999999999999812e-02	1.033852828176397898e+00	8.048095703125000000e-01
6.199999999999999956e-02	1.079018843801397898e+00	8.438720703125000000e-01
6.205000000000000099e-02	1.058266890676397898e+00	8.243408203125000000e-01
6.210000000000000242e-02	1.099770796926397898e+00	8.634033203125000000e-01
6.214999999999999691e-02	1.079018843801397898e+00	8.438720703125000000e-01
6.219999999999999835e-02	1.122964156301397898e+00	8.829345703125000000e-01
6.224999999999999978e-02	1.102212203176397898e+00	8.634033203125000000e-01
6.230000000000000121e-02	1.147378218801397898e+00	9.049072265625000000e-01
6.235000000000000264e-02	1.124184859426397898e+00	8.829345703125000000e-01
6.239999999999999714e-02	1.166909468801397898e+00	9.219970703125000000e-01
6.244999999999999857e-02	1.144936812551397898e+00	9.024658203125000000e-01
6.250000000000000000e-02	1.190102828176397898e+00	9.415283203125000000e-01
6.254999999999999449e-02	1.169350875051397898e+00	9.219970703125000000e-01
6.260000000000000286e-02	1.212075484426397898e+00	9.610595703125000000e-01
6.264999999999999736e-02	1.191323531301397898e+00	9.390869140625000000e-01
6.270000000000000573e-02	1.234048140676397898e+00	9.805908203125000000e-01
6.275000000000000022e-02	1.213296187551397898e+00	9.610595703125000000e-01
6.279999999999999472e-02	1.257241500051398120e+00	1.000122070312500000e+00
6.285000000000000309e-02	1.235268843801397898e+00	9.781494140625000000e-01
6.289999999999999758e-02	1.280434859426398120e+00	1.019653320312500000e+00
6.295000000000000595e-02	1.258462203176398120e+00	9.976806640625000000e-01
6.300000000000000044e-02	1.299966109426398120e+00	1.036743164062500000e+00
6.304999999999999494e-02	1.281655562551398120e+00	1.017211914062500000e+00
6.310000000000000331e-02	1.321938765676398120e+00	1.058715820312500000e+00
6.314999999999999780e-02	1.302407515676398120e+00	1.034301757812500000e+00
6.320000000000000617e-02	1.343911421926398120e+00	1.075805664062500000e+00
6.325000000000000067e-02	1.324380171926398120e+00	1.053833007812500000e+00
6.329999999999999516e-02	1.365884078176398120e+00	1.095336914062500000e+00
6.335000000000000353e-02	1.345132125051398120e+00	1.073364257812500000e+00
6.339999999999999802e-02	1.386636031301398120e+00	1.114868164062500000e+00
6.345000000000000639e-02	1.367104781301398120e+00	1.092895507812500000e+00
6.350000000000000089e-02	1.408608687551398120e+00	1.131958007812500000e+00
6.354999999999999538e-02	1.390298140676398120e+00	1.112426757812500000e+00
6.360000000000000375e-02	1.431802046926398120e+00	1.151489257812500000e+00
6.364999999999999825e-02	1.411050093801398120e+00	1.131958007812500000e+00
6.370000000000000662e-02	1.452554000051398120e+00	1.173461914062500000e+00
6.375000000000000111e-02	1.434243453176398120e+00	1.151489257812500000e+00
6.379999999999999560e-02	1.474526656301398120e+00	1.190551757812500000e+00
6.385000000000000397e-02	1.453774703176398120e+00	1.171020507812500000e+00
6.389999999999999847e-02	1.496499312551398120e+00	1.200317382812500000e+00
6.395000000000000684e-02	1.474526656301398120e+00	1.188110351562500000e+00
6.400000000000000133e-02	1.514809859426398120e+00	1.188110351562500000e+00
6.404999999999999583e-02	1.496499312551398120e+00	1.168579101562500000e+00
6.410000000000000420e-02	1.520913375051398120e+00	1.168579101562500000e+00
6.414999999999999869e-02	1.513589156301398120e+00	1.149047851562500000e+00
6.419999999999999318e-02	1.514809859426398120e+00	1.151489257812500000e+00
6.425000000000000155e-02	1.484292281301398120e+00	1.134399414062500000e+00
6.429999999999999605e-02	1.480630171926398120e+00	1.131958007812500000e+00
6.435000000000000442e-02	1.428139937551398120e+00	1.112426757812500000e+00
6.439999999999999891e-02	1.422036421926398120e+00	1.112426757812500000e+00
6.444999999999999341e-02	1.370766890676398120e+00	1.092895507812500000e+00
6.450000000000000178e-02	1.365884078176398120e+00	1.095336914062500000e+00
6.454999999999999627e-02	1.328042281301398120e+00	1.075805664062500000e+00
6.460000000000000464e-02	1.325600875051398120e+00	1.078247070312500000e+00
6.464999999999999913e-02	1.303628218801398120e+00	1.058715820312500000e+00
6.469999999999999363e-02	1.301186812551398120e+00	1.058715820312500000e+00
6.475000000000000200e-02	1.285317671926398120e+00	1.036743164062500000e+00
6.479999999999999649e-02	1.286538375051398120e+00	1.036743164062500000e+00
6.485000000000000486e-02	1.273110640676398120e+00	1.019653320312500000e+00
6.489999999999999936e-02	1.273110640676398120e+00	1.019653320312500000e+00
6.494999999999999385e-02	1.260903609426398120e+00	9.976806640625000000e-01
6.500000000000000222e-02	1.262124312551398120e+00	1.000122070312500000e+00
6.504999999999999671e-02	1.243813765676397898e+00	9.805908203125000000e-01
6.510000000000000508e-02	1.241372359426397898e+00	9.830322265625000000e-01
6.514999999999999958e-02	1.216958296926397898e+00	9.610595703125000000e-01
6.519999999999999407e-02	1.213296187551397898e+00	9.635009765625000000e-01
6.525000000000000244e-02	1.183999312551397898e+00	9.415283203125000000e-01
6.529999999999999694e-02	1.180337203176397898e+00	9.415283203125000000e-01
6.535000000000000531e-02	1.152261031301397898e+00	9.244384765625000000e-01
6.539999999999999980e-02	1.147378218801397898e+00	9.244384765625000000e-01
6.544999999999999429e-02	1.122964156301397898e+00	9.073486328125000000e-01
6.550000000000000266e-02	1.119302046926397898e+00	9.049072265625000000e-01
6.554999999999999716e-02	1.096108687551397898e+00	8.878173828125000000e-01
6.560000000000000553e-02	1.093667281301397898e+00	8.878173828125000000e-01
6.565000000000000002e-02	1.071694625051397898e+00	8.658447265625000000e-01
6.569999999999999452e-02	1.069253218801397898e+00	8.682861328125000000e-01
6.575000000000000289e-02	1.049721968801397898e+00	8.463134765625000000e-01
6.579999999999999738e-02	1.047280562551397898e+00	8.487548828125000000e-01
6.585000000000000575e-02	1.026528609426397898e+00	8.292236328125000000e-01
6.590000000000000024e-02	1.025307906301397898e+00	8.316650390625000000e-01
6.594999999999999474e-02	1.003335250051397898e+00	8.096923828125000000e-01
6.600000000000000311e-02	1.003335250051397898e+00	8.096923828125000000e-01
6.604999999999999760e-02	9.777004844263980088e-01	7.901611328125000000e-01
6.610000000000000597e-02	9.764797813013980088e-01	7.901611328125000000e-01
6.615000000000000047e-02	9.520657188013980088e-01	7.706298828125000000e-01
6.619999999999999496e-02	9.496243125513980088e-01	7.706298828125000000e-01
6.625000000000000333e-02	9.252102500513980088e-01	7.510986328125000000e-01
6.629999999999999782e-02	9.215481406763980088e-01	7.535400390625000000e-01
6.635000000000000620e-02	8.983547813013980088e-01	7.340087890625000000e-01
6.640000000000000069e-02	8.959133750513980088e-01	7.364501953125000000e-01
6.644999999999999518e-02	8.727200156763980088e-01	7.144775390625000000e-01
6.650000000000000355e-02	8.690579063013980088e-01	7.169189453125000000e-01
6.654999999999999805e-02	8.470852500513980088e-01	6.949462890625000000e-01
6.660000000000000642e-02	8.446438438013980088e-01	6.973876953125000000e-01
6.665000000000000091e-02	8.214504844263980088e-01	6.778564453125000000e-01
6.669999999999999540e-02	8.190090781763980088e-01	6.778564453125000000e-01
6.675000000000000377e-02	7.970364219263980088e-01	6.558837890625000000e-01
6.679999999999999827e-02	7.970364219263980088e-01	6.583251953125000000e-01
6.685000000000000664e-02	7.738430625513980088e-01	6.387939453125000000e-01
6.690000000000000113e-02	7.714016563013980088e-01	6.387939453125000000e-01
6.694999999999999563e-02	7.482082969263980088e-01	6.192626953125000000e-01
6.700000000000000400e-02	7.457668906763980088e-01	6.192626953125000000e-01
6.704999999999999849e-02	7.213528281763980088e-01	5.997314453125000000e-01
6.710000000000000686e-02	7.213528281763980088e-01	5.997314453125000000e-01
6.715000000000000135e-02	6.969387656763980088e-01	5.802001953125000000e-01
6.719999999999999585e-02	6.932766563013980088e-01	5.826416015625000000e-01
6.725000000000000422e-02	6.713040000513980088e-01	5.606689453125000000e-01
6.729999999999999871e-02	6.688625938013980088e-01	5.631103515625000000e-01
6.734999999999999321e-02	6.456692344263980088e-01	5.411376953125000000e-01
6.740000000000000158e-02	6.444485313013980088e-01	5.411376953125000000e-01
6.744999999999999607e-02	6.212551719263980088e-01	5.216064453125000000e-01
6.750000000000000444e-02	6.175930625513980088e-01	5.240478515625000000e-01
6.754999999999999893e-02	5.980618125513980088e-01	5.045166015625000000e-01
6.759999999999999343e-02	5.956204063013980088e-01	5.045166015625000000e-01
6.765000000000000180e-02	5.736477500513980088e-01	4.849853515625000000e-01
6.769999999999999629e-02	5.712063438013980088e-01	4.849853515625000000e-01
6.775000000000000466e-02	5.480129844263980088e-01	4.654541015625000000e-01
6.779999999999999916e-02	5.455715781763980088e-01	4.654541015625000000e-01
6.784999999999999365e-02	5.223782188013980088e-01	4.434814453125000000e-01
6.790000000000000202e-02	5.211575156763980088e-01	4.483642578125000000e-01
6.794999999999999651e-02	4.967434531763980643e-01	4.263916015625000000e-01
6.800000000000000488e-02	4.955227500513980643e-01	4.288330078125000000e-01
6.804999999999999938e-02	4.735500938013980643e-01	4.068603515625000000e-01
6.809999999999999387e-02	4.698879844263980643e-01	4.093017578125000000e-01
6.815000000000000224e-02	4.479153281763980643e-01	3.873291015625000000e-01
6.819999999999999674e-02	4.442532188013980643e-01	3.897705078125000000e-01
6.825000000000000511e-02	4.210598594263980643e-01	3.677978515625000000e-01
6.829999999999999960e-02	4.186184531763980643e-01	3.702392578125000000e-01
6.834999999999999409e-02	3.978665000513980643e-01	3.482666015625000000e-01
6.840000000000000246e-02	3.942043906763980643e-01	3.531494140625000000e-01
6.844999999999999696e-02	3.734524375513980643e-01	3.287353515625000000e-01
6.850000000000000533e-02	3.710110313013980643e-01	3.311767578125000000e-01
6.854999999999999982e-02	3.478176719263980643e-01	3.116455078125000000e-01
6.859999999999999432e-02	3.453762656763980643e-01	3.140869140625000000e-01
6.865000000000000269e-02	3.246243125513980643e-01	2.921142578125000000e-01
6.869999999999999718e-02	3.209622031763980643e-01	2.945556640625000000e-01
6.875000000000000555e-02	2.989895469263980088e-01	2.725830078125000000e-01
6.880000000000000004e-02	2.977688438013980088e-01	2.725830078125000000e-01
6.884999999999999454e-02	2.745754844263980088e-01	2.554931640625000000e-01
6.890000000000000291e-02	2.721340781763980088e-01	2.554931640625000000e-01
6.894999999999999740e-02	2.489407188013980088e-01	2.359619140625000000e-01
6.900000000000000577e-02	2.477200156763980088e-01	2.384033203125000000e-01
6.905000000000000027e-02	2.257473594263980088e-01	2.164306640625000000e-01
6.909999999999999476e-02	2.245266563013980088e-01	2.188720703125000000e-01
6.915000000000000313e-02	2.001125938013980088e-01	1.944580078125000000e-01
6.919999999999999762e-02	1.976711875513980088e-01	1.993408203125000000e-01
6.925000000000000600e-02	1.756985313013980088e-01	1.773681640625000000e-01
6.930000000000000049e-02	1.732571250513980088e-01	1.773681640625000000e-01
6.934999999999999498e-02	1.525051719263980088e-01	1.578369140625000000e-01
6.940000000000000335e-02	1.500637656763980088e-01	1.602783203125000000e-01
6.944999999999999785e-02	1.268704063013980088e-01	1.383056640625000000e-01
6.950000000000000622e-02	1.256497031763980088e-01	1.383056640625000000e-01
6.955000000000000071e-02	1.024563438013980088e-01	1.187744140625000000e-01
6.959999999999999520e-02	1.000149375513980088e-01	1.187744140625000000e-01
6.965000000000000357e-02	7.804228130139802266e-02	1.016845703125000000e-01
6.969999999999999807e-02	7.560087505139802266e-02	1.016845703125000000e-01
6.975000000000000644e-02	5.240751567639802266e-02	7.971191406250000000e-02
6.980000000000000093e-02	5.118681255139802266e-02	8.215332031250000000e-02
6.984999999999999543e-02	3.043485942639802266e-02	6.262207031250000000e-02
6.990000000000000380e-02	2.799345317639802266e-02	6.262207031250000000e-02
6.994999999999999829e-02	4.800093801398024398e-03	4.309082031250000000e-02
7.000000000000000666e-02	4.800093801398024398e-03	4.309082031250000000e-02
7.005000000000000115e-02	-1.839326557360197734e-02	2.600097656250000000e-02
7.009999999999999565e-02	-1.961396869860197734e-02	2.844238281250000000e-02
7.015000000000000402e-02	-4.158662494860197734e-02	6.469726562500000867e-03
7.019999999999999851e-02	-4.402803119860197734e-02	4.028320312500000867e-03
7.025000000000000688e-02	-6.600068744860197734e-02	-1.062011718750000000e-02
7.030000000000000138e-02	-6.600068744860197734e-02	-1.062011718750000000e-02
7.034999999999999587e-02	-8.919404682360199121e-02	-3.259277343750000000e-02
7.040000000000000424e-02	-9.041474994860199121e-02	-3.015136718750000000e-02
7.044999999999999873e-02	-1.136081093236019912e-01	-4.968261718750000000e-02
7.049999999999999323e-02	-1.160495155736019912e-01	-4.968261718750000000e-02
7.055000000000000160e-02	-1.368014686986019912e-01	-7.165527343750000000e-02
7.059999999999999609e-02	-1.392428749486019912e-01	-6.921386718750000000e-02
7.065000000000000446e-02	-1.612155311986019912e-01	-8.874511718750000000e-02
7.069999999999999896e-02	-1.648776405736019912e-01	-8.874511718750000000e-02
7.074999999999999345e-02	-1.856295936986019912e-01	-1.082763671875000000e-01
7.080000000000000182e-02	-1.880709999486019912e-01	-1.082763671875000000e-01
7.084999999999999631e-02	-2.100436561986019912e-01	-1.278076171875000000e-01
7.090000000000000469e-02	-2.112643593236019912e-01	-1.278076171875000000e-01
7.094999999999999918e-02	-2.332370155736019912e-01	-1.473388671875000000e-01
7.099999999999999367e-02	-2.356784218236019912e-01	-1.473388671875000000e-01
7.105000000000000204e-02	-2.588717811986019912e-01	-1.668701171875000000e-01
7.109999999999999654e-02	-2.588717811986019912e-01	-1.644287109375000000e-01
7.115000000000000491e-02	-2.820651405736019912e-01	-1.864013671875000000e-01
7.119999999999999940e-02	-2.832858436986019912e-01	-1.864013671875000000e-01
7.124999999999999389e-02	-3.040377968236019912e-01	-2.034912109375000000e-01
7.130000000000000226e-02	-3.064792030736019912e-01	-2.034912109375000000e-01
7.134999999999999676e-02	-3.272311561986019357e-01	-2.230224609375000000e-01
7.140000000000000513e-02	-3.296725624486019357e-01	-2.230224609375000000e-01
7.144999999999999962e-02	-3.504245155736019357e-01	-2.449951171875000000e-01
7.149999999999999412e-02	-3.516452186986019357e-01	-2.401123046875000000e-01
7.155000000000000249e-02	-3.760592811986019357e-01	-2.645263671875000000e-01
7.159999999999999698e-02	-3.772799843236019357e-01	-2.620849609375000000e-01
7.165000000000000535e-02	-3.980319374486019357e-01	-2.816162109375000000e-01
7.169999999999999984e-02	-4.016940468236019357e-01	-2.791748046875000000e-01
7.174999999999999434e-02	-4.224459999486019357e-01	-3.011474609375000000e-01
7.180000000000000271e-02	-4.236667030736019357e-01	-2.987060546875000000e-01
7.184999999999999720e-02	-4.468600624486019357e-01	-3.206787109375000000e-01
7.190000000000000557e-02	-4.468600624486019357e-01	-3.182373046875000000e-01
7.195000000000000007e-02	-4.688327186986019357e-01	-3.402099609375000000e-01
7.199999999999999456e-02	-4.724948280736019357e-01	-3.377685546875000000e-01
7.205000000000000293e-02	-4.932467811986019357e-01	-3.597412109375000000e-01
7.209999999999999742e-02	-4.944674843236019357e-01	-3.572998046875000000e-01
7.215000000000000580e-02	-5.152194374486019912e-01	-3.792724609375000000e-01
7.220000000000000029e-02	-5.188815468236019912e-01	-3.768310546875000000e-01
7.224999999999999478e-02	-5.396334999486019912e-01	-3.963623046875000000e-01
7.230000000000000315e-02	-5.408542030736019912e-01	-3.963623046875000000e-01
7.234999999999999765e-02	-5.628268593236019912e-01	-4.183349609375000000e-01
7.240000000000000602e-02	-5.652682655736019912e-01	-4.158935546875000000e-01
7.245000000000000051e-02	-5.872409218236019912e-01	-4.354248046875000000e-01
7.249999999999999500e-02	-5.872409218236019912e-01	-4.329833984375000000e-01
7.255000000000000338e-02	-6.079928749486019912e-01	-4.573974609375000000e-01
7.259999999999999787e-02	-6.104342811986019912e-01	-4.549560546875000000e-01
7.265000000000000624e-02	-6.311862343236019912e-01	-4.744873046875000000e-01
7.270000000000000073e-02	-6.311862343236019912e-01	-4.720458984375000000e-01
7.274999999999999523e-02	-6.556002968236019912e-01	-4.940185546875000000e-01
7.280000000000000360e-02	-6.556002968236019912e-01	-4.915771484375000000e-01
7.284999999999999809e-02	-6.775729530736019912e-01	-5.135498046875000000e-01
7.290000000000000646e-02	-6.787936561986019912e-01	-5.111083984375000000e-01
7.295000000000000095e-02	-7.007663124486019912e-01	-5.330810546875000000e-01
7.299999999999999545e-02	-7.032077186986019912e-01	-5.306396484375000000e-01
7.305000000000000382e-02	-7.251803749486019912e-01	-5.501708984375000000e-01
7.309999999999999831e-02	-7.251803749486019912e-01	-5.501708984375000000e-01
7.315000000000000668e-02	-7.471530311986019912e-01	-5.697021484375000000e-01
7.320000000000000118e-02	-7.495944374486019912e-01	-5.697021484375000000e-01
7.324999999999999567e-02	-7.715670936986019912e-01	-5.892333984375000000e-01
7.330000000000000404e-02	-7.715670936986019912e-01	-5.867919921875000000e-01
7.334999999999999853e-02	-7.935397499486019912e-01	-6.112060546875000000e-01
7.340000000000000691e-02	-7.959811561986019912e-01	-6.087646484375000000e-01
7.345000000000000140e-02	-8.167331093236019912e-01	-6.258544921875000000e-01
7.349999999999999589e-02	-8.191745155736019912e-01	-6.282958984375000000e-01
7.355000000000000426e-02	-8.387057655736019912e-01	-6.453857421875000000e-01
7.359999999999999876e-02	-8.411471718236019912e-01	-6.453857421875000000e-01
7.364999999999999325e-02	-8.606784218236019912e-01	-6.673583984375000000e-01
7.370000000000000162e-02	-8.631198280736019912e-01	-6.649169921875000000e-01
7.374999999999999611e-02	-8.850924843236019912e-01	-6.868896484375000000e-01
7.380000000000000449e-02	-8.850924843236019912e-01	-6.820068359375000000e-01
7.384999999999999898e-02	-9.046237343236019912e-01	-7.039794921875000000e-01
7.389999999999999347e-02	-9.070651405736019912e-01	-7.039794921875000000e-01
7.395000000000000184e-02	-9.278170936986019912e-01	-7.235107421875000000e-01
7.399999999999999634e-02	-9.314792030736019912e-01	-7.210693359375000000e-01
7.405000000000000471e-02	-9.510104530736019912e-01	-7.454833984375000000e-01
7.409999999999999920e-02	-9.546725624486019912e-01	-7.430419921875000000e-01
7.414999999999999369e-02	-9.742038124486019912e-01	-7.625732421875000000e-01
7.420000000000000207e-02	-9.766452186986019912e-01	-7.625732421875000000e-01
7.424999999999999656e-02	-9.973971718236019912e-01	-7.821044921875000000e-01
7.430000000000000493e-02	-9.986178749486019912e-01	-7.821044921875000000e-01
7.434999999999999942e-02	-1.019369828073602102e+00	-8.016357421875000000e-01
7.439999999999999392e-02	-1.019369828073602102e+00	-7.991943359375000000e-01
7.445000000000000229e-02	-1.040121781198602102e+00	-8.211669921875000000e-01
7.449999999999999678e-02	-1.042563187448602102e+00	-8.187255859375000000e-01
7.455000000000000515e-02	-1.062094437448602102e+00	-8.382568359375000000e-01
7.459999999999999964e-02	-1.064535843698602102e+00	-8.382568359375000000e-01
7.464999999999999414e-02	-1.084067093698602102e+00	-8.577880859375000000e-01
7.470000000000000251e-02	-1.086508499948602102e+00	-8.577880859375000000e-01
7.474999999999999700e-02	-1.106039749948602102e+00	-8.797607421875000000e-01
7.480000000000000537e-02	-1.107260453073602102e+00	-8.773193359375000000e-01
7.484999999999999987e-02	-1.129233109323602102e+00	-8.968505859375000000e-01
7.489999999999999436e-02	-1.130453812448602102e+00	-8.968505859375000000e-01
7.495000000000000273e-02	-1.151205765573602102e+00	-9.163818359375000000e-01
7.499999999999999722e-02	-1.152426468698602102e+00	-9.163818359375000000e-01
7.505000000000000560e-02	-1.174399124948602102e+00	-9.359130859375000000e-01
7.510000000000000009e-02	-1.175619828073602102e+00	-9.334716796875000000e-01
7.514999999999999458e-02	-1.195151078073602102e+00	-9.554443359375000000e-01
7.520000000000000295e-02	-1.198813187448602102e+00	-9.530029296875000000e-01
7.524999999999999745e-02	-1.217123734323602102e+00	-9.749755859375000000e-01
7.530000000000000582e-02	-1.219565140573602102e+00	-9.725341796875000000e-01
7.535000000000000031e-02	-1.240317093698602102e+00	-9.920654296875000000e-01
7.539999999999999480e-02	-1.241537796823602102e+00	-9.920654296875000000e-01
7.545000000000000318e-02	-1.262289749948601880e+00	-1.014038085937500000e+00
7.549999999999999767e-02	-1.264731156198601880e+00	-1.011596679687500000e+00
7.555000000000000604e-02	-1.284262406198601880e+00	-1.033569335937500000e+00
7.560000000000000053e-02	-1.286703812448601880e+00	-1.031127929687500000e+00
7.564999999999999503e-02	-1.307455765573601880e+00	-1.050659179687500000e+00
7.570000000000000340e-02	-1.307455765573601880e+00	-1.050659179687500000e+00
7.574999999999999789e-02	-1.329428421823601880e+00	-1.070190429687500000e+00
7.580000000000000626e-02	-1.331869828073601880e+00	-1.070190429687500000e+00
7.585000000000000075e-02	-1.351401078073601880e+00	-1.089721679687500000e+00
7.589999999999999525e-02	-1.352621781198601880e+00	-1.089721679687500000e+00
7.595000000000000362e-02	-1.372153031198601880e+00	-1.109252929687500000e+00
0.000000000000000000e+00	-9.720812345805920907e-02	-5.830640290912828538e-01
5.000000000000000240e-05	-9.720812345805920907e-02	-5.830640290912828538e-01
1.000000000000000048e-04	-9.354601408305920907e-02	-5.830640290912828538e-01
1.499999999999999869e-04	-1.008702328330592091e-01	-6.025952790912828538e-01
2.000000000000000096e-04	-9.720812345805920907e-02	-5.977124665912828538e-01
2.500000000000000052e-04	-1.033116390830592091e-01	-6.245679353412828538e-01
2.999999999999999737e-04	-9.842882658305920907e-02	-6.221265290912828538e-01
3.499999999999999964e-04	-1.057530453330592091e-01	-6.416577790912829649e-01
4.000000000000000192e-04	-1.008702328330592091e-01	-6.392163728412829649e-01
4.499999999999999877e-04	-1.081944515830592091e-01	-6.587476228412829649e-01
5.000000000000000104e-04	-1.033116390830592091e-01	-6.587476228412829649e-01
5.500000000000000331e-04	-1.094151547080592091e-01	-6.807202790912829649e-01
5.999999999999999474e-04	-1.057530453330592091e-01	-6.758374665912829649e-01
6.499999999999999702e-04	-1.130772640830592091e-01	-6.978101228412829649e-01
6.999999999999999929e-04	-1.069737484580592091e-01	-6.978101228412829649e-01
7.500000000000000156e-04	-1.155186703330592091e-01	-7.148999665912829649e-01
8.000000000000000383e-04	-1.106358578330592091e-01	-7.148999665912829649e-01
8.499999999999999526e-04	-1.167393734580592091e-01	-7.368726228412829649e-01
8.999999999999999754e-04	-1.142979672080592091e-01	-7.344312165912829649e-01
9.499999999999999981e-04	-1.204014828330592091e-01	-7.539624665912829649e-01
1.000000000000000021e-03	-1.167393734580592091e-01	-7.539624665912829649e-01
1.049999999999999935e-03	-1.240635922080592091e-01	-7.759351228412829649e-01
1.100000000000000066e-03	-1.216221859580592091e-01	-7.734937165912829649e-01
1.149999999999999981e-03	-1.277257015830592091e-01	-7.954663728412829649e-01
1.199999999999999895e-03	-1.228428890830592091e-01	-7.930249665912829649e-01
1.250000000000000026e-03	-1.301671078330592091e-01	-8.125562165912829649e-01
1.299999999999999940e-03	-1.265049984580592091e-01	-8.125562165912829649e-01
1.350000000000000071e-03	-1.338292172080592091e-01	-8.320874665912829649e-01
1.399999999999999986e-03	-1.289464047080592091e-01	-8.345288728412829649e-01
1.449999999999999900e-03	-1.374913265830592091e-01	-8.516187165912829649e-01
1.500000000000000031e-03	-1.338292172080592091e-01	-8.516187165912829649e-01
1.549999999999999946e-03	-1.411534359580592091e-01	-8.735913728412829649e-01
1.600000000000000077e-03	-1.374913265830592091e-01	-8.687085603412829649e-01
1.649999999999999991e-03	-1.448155453330592091e-01	-8.906812165912829649e-01
1.699999999999999905e-03	-1.399327328330592091e-01	-8.906812165912829649e-01
1.750000000000000036e-03	-1.472569515830592091e-01	-9.102124665912829649e-01
1.799999999999999951e-03	-1.435948422080592091e-01	-9.077710603412829649e-01
1.850000000000000082e-03	-1.509190609580592091e-01	-9.297437165912829649e-01
1.899999999999999996e-03	-1.472569515830592091e-01	-9.273023103412829649e-01
1.949999999999999910e-03	-1.533604672080592091e-01	-9.492749665912829649e-01
2.000000000000000042e-03	-1.496983578330592091e-01	-9.492749665912829649e-01
2.050000000000000173e-03	-1.570225765830592091e-01	-9.639234040912829649e-01
2.099999999999999870e-03	-1.521397640830592091e-01	-9.663648103412829649e-01
2.150000000000000001e-03	-1.606846859580592091e-01	-9.883374665912829649e-01
2.200000000000000133e-03	-1.558018734580592091e-01	-9.858960603412829649e-01
2.249999999999999830e-03	-1.619053890830592091e-01	-1.007868716591282965e+00
2.299999999999999961e-03	-1.570225765830592091e-01	-1.005427310341282965e+00
2.350000000000000092e-03	-1.643467953330592091e-01	-1.024958560341282965e+00
2.399999999999999790e-03	-1.606846859580592091e-01	-1.024958560341282965e+00
2.449999999999999921e-03	-1.667882015830592091e-01	-1.044489810341282965e+00
2.500000000000000052e-03	-1.619053890830592091e-01	-1.044489810341282965e+00
2.550000000000000183e-03	-1.680089047080592091e-01	-1.064021060341282965e+00
2.599999999999999881e-03	-1.643467953330592091e-01	-1.061579654091282965e+00
2.650000000000000012e-03	-1.704503109580592091e-01	-1.083552310341282965e+00
2.700000000000000143e-03	-1.667882015830592091e-01	-1.081110904091282965e+00
2.749999999999999840e-03	-1.741124203330592091e-01	-1.103083560341282965e+00
2.799999999999999972e-03	-1.692296078330592091e-01	-1.100642154091282965e+00
2.850000000000000103e-03	-1.753331234580592091e-01	-1.117731997841282965e+00
2.899999999999999800e-03	-1.716710140830592091e-01	-1.120173404091282965e+00
2.949999999999999931e-03	-1.802159359580592091e-01	-1.137263247841282965e+00
3.000000000000000062e-03	-1.741124203330592091e-01	-1.112849185341282965e+00
3.050000000000000194e-03	-1.814366390830592091e-01	-1.132380435341282965e+00
3.099999999999999891e-03	-1.789952328330592091e-01	-1.093317935341282965e+00
3.150000000000000022e-03	-1.838780453330592091e-01	-1.112849185341282965e+00
3.200000000000000153e-03	-1.789952328330592091e-01	-1.073786685341282965e+00
3.249999999999999851e-03	-1.850987484580592091e-01	-1.093317935341282965e+00
3.299999999999999982e-03	-1.765538265830592091e-01	-1.056696841591282965e+00
3.350000000000000113e-03	-1.838780453330592091e-01	-1.076228091591282965e+00
3.399999999999999811e-03	-1.728917172080592091e-01	-1.037165591591282965e+00
3.449999999999999942e-03	-1.814366390830592091e-01	-1.054255435341282965e+00
3.500000000000000073e-03	-1.680089047080592091e-01	-1.017634341591282965e+00
3.550000000000000204e-03	-1.753331234580592091e-01	-1.037165591591282965e+00
3.599999999999999901e-03	-1.631260922080592091e-01	-9.981030915912829649e-01
3.650000000000000033e-03	-1.704503109580592091e-01	-1.017634341591282965e+00
3.700000000000000164e-03	-1.570225765830592091e-01	-9.785718415912829649e-01
3.749999999999999861e-03	-1.655674984580592091e-01	-1.000544497841282965e+00
3.799999999999999992e-03	-1.509190609580592091e-01	-9.614819978412829649e-01
3.850000000000000124e-03	-1.606846859580592091e-01	-9.785718415912829649e-01
3.899999999999999821e-03	-1.472569515830592091e-01	-9.395093415912829649e-01
3.950000000000000386e-03	-1.545811703330592091e-01	-9.614819978412829649e-01
4.000000000000000083e-03	-1.460362484580592091e-01	-9.224194978412829649e-01
4.049999999999999781e-03	-1.521397640830592091e-01	-9.395093415912829649e-01
4.100000000000000346e-03	-1.423741390830592091e-01	-9.028882478412829649e-01
4.150000000000000043e-03	-1.484776547080592091e-01	-9.224194978412829649e-01
4.199999999999999740e-03	-1.411534359580592091e-01	-8.833569978412829649e-01
4.250000000000000305e-03	-1.472569515830592091e-01	-9.053296540912829649e-01
4.300000000000000003e-03	-1.374913265830592091e-01	-8.662671540912829649e-01
4.349999999999999700e-03	-1.435948422080592091e-01	-8.857984040912829649e-01
4.400000000000000265e-03	-1.350499203330592091e-01	-8.467359040912829649e-01
4.449999999999999963e-03	-1.423741390830592091e-01	-8.687085603412829649e-01
4.499999999999999660e-03	-1.313878109580592091e-01	-8.272046540912829649e-01
4.550000000000000225e-03	-1.387120297080592091e-01	-8.467359040912829649e-01
4.599999999999999922e-03	-1.277257015830592091e-01	-8.076734040912829649e-01
4.649999999999999620e-03	-1.362706234580592091e-01	-8.272046540912829649e-01
4.700000000000000185e-03	-1.252842953330592091e-01	-7.881421540912829649e-01
4.749999999999999882e-03	-1.326085140830592091e-01	-8.101148103412829649e-01
4.799999999999999580e-03	-1.204014828330592091e-01	-7.686109040912829649e-01
4.850000000000000144e-03	-1.289464047080592091e-01	-7.905835603412829649e-01
4.899999999999999842e-03	-1.167393734580592091e-01	-7.539624665912829649e-01
4.950000000000000407e-03	-1.240635922080592091e-01	-7.710523103412829649e-01
5.000000000000000104e-03	-1.118565609580592091e-01	-7.319898103412829649e-01
5.049999999999999802e-03	-1.204014828330592091e-01	-7.539624665912829649e-01
5.100000000000000366e-03	-1.094151547080592091e-01	-7.124585603412829649e-01
5.150000000000000064e-03	-1.155186703330592091e-01	-7.319898103412829649e-01
5.199999999999999761e-03	-1.069737484580592091e-01	-6.929273103412829649e-01
5.250000000000000326e-03	-1.130772640830592091e-01	-7.148999665912829649e-01
5.300000000000000024e-03	-1.045323422080592091e-01	-6.733960603412829649e-01
5.349999999999999721e-03	-1.094151547080592091e-01	-6.929273103412829649e-01
5.400000000000000286e-03	-9.964952970805920907e-02	-6.563062165912829649e-01
5.449999999999999983e-03	-1.069737484580592091e-01	-6.782788728412829649e-01
5.499999999999999681e-03	-9.598742033305920907e-02	-6.367749665912829649e-01
5.550000000000000246e-03	-1.045323422080592091e-01	-6.538648103412829649e-01
5.599999999999999943e-03	-9.354601408305920907e-02	-6.172437165912828538e-01
5.649999999999999641e-03	-9.964952970805920907e-02	-6.392163728412829649e-01
5.700000000000000205e-03	-8.988390470805920907e-02	-6.001538728412828538e-01
5.749999999999999903e-03	-9.720812345805920907e-02	-6.196851228412828538e-01
5.799999999999999600e-03	-8.500109220805920907e-02	-5.781812165912828538e-01
5.850000000000000165e-03	-9.354601408305920907e-02	-6.001538728412828538e-01
5.899999999999999863e-03	-8.255968595805920907e-02	-5.586499665912828538e-01
5.950000000000000427e-03	-8.988390470805920907e-02	-5.781812165912828538e-01
6.000000000000000125e-03	-7.889757658305920907e-02	-5.391187165912828538e-01
6.049999999999999822e-03	-8.622179533305920907e-02	-5.610913728412828538e-01
6.100000000000000387e-03	-7.645617033305920907e-02	-5.220288728412828538e-01
6.150000000000000085e-03	-8.378038908305920907e-02	-5.440015290912828538e-01
6.199999999999999782e-03	-7.401476408305920907e-02	-5.024976228412828538e-01
6.250000000000000347e-03	-8.011827970805920907e-02	-5.220288728412828538e-01
6.300000000000000044e-03	-7.035265470805920907e-02	-4.805249665912828538e-01
6.349999999999999742e-03	-7.767687345805920907e-02	-5.024976228412828538e-01
6.400000000000000307e-03	-6.791124845805920907e-02	-4.634351228412828538e-01
6.450000000000000004e-03	-7.523546720805920907e-02	-4.829663728412828538e-01
6.499999999999999702e-03	-6.546984220805920907e-02	-4.463452790912828538e-01
6.550000000000000266e-03	-7.279406095805920907e-02	-4.634351228412828538e-01
6.599999999999999964e-03	-6.302843595805920907e-02	-4.268140290912828538e-01
6.649999999999999661e-03	-7.035265470805920907e-02	-4.439038728412828538e-01
6.700000000000000226e-03	-5.936632658305920907e-02	-4.072827790912828538e-01
6.749999999999999924e-03	-6.669054533305920907e-02	-4.268140290912828538e-01
6.799999999999999621e-03	-5.692492033305920907e-02	-3.853101228412828538e-01
6.850000000000000186e-03	-6.424913908305920907e-02	-4.048413728412828538e-01
6.899999999999999883e-03	-5.448351408305920907e-02	-3.682202790912828538e-01
6.949999999999999581e-03	-6.180773283305920907e-02	-3.877515290912828538e-01
7.000000000000000146e-03	-5.082140470805920907e-02	-3.486890290912828538e-01
7.049999999999999843e-03	-5.692492033305920907e-02	-3.682202790912828538e-01
7.100000000000000408e-03	-4.715929533305920907e-02	-3.291577790912828538e-01
7.150000000000000105e-03	-5.326281095805920907e-02	-3.511304353412828538e-01
7.199999999999999803e-03	-4.349718595805920907e-02	-3.096265290912829093e-01
7.250000000000000368e-03	-5.082140470805920907e-02	-3.315991853412828538e-01
7.300000000000000065e-03	-3.983507658305920907e-02	-2.900952790912829093e-01
7.349999999999999763e-03	-4.715929533305920907e-02	-3.120679353412829093e-01
7.400000000000000328e-03	-3.617296720805920907e-02	-2.705640290912829093e-01
7.450000000000000025e-03	-4.349718595805920907e-02	-2.925366853412829093e-01
7.499999999999999722e-03	-3.373156095805920907e-02	-2.534741853412829093e-01
7.550000000000000287e-03	-3.983507658305920907e-02	-2.705640290912829093e-01
7.599999999999999985e-03	-3.129015470805920907e-02	-2.339429353412829093e-01
7.649999999999999682e-03	-3.739367033305920907e-02	-2.534741853412829093e-01
7.700000000000000247e-03	-2.762804533305920907e-02	-2.144116853412829093e-01
7.749999999999999944e-03	-3.495226408305920907e-02	-2.339429353412829093e-01
7.799999999999999642e-03	-2.396593595805920907e-02	-1.924390290912829093e-01
7.849999999999999339e-03	-3.129015470805920907e-02	-2.144116853412829093e-01
7.900000000000000772e-03	-2.152452970805920907e-02	-1.777905915912829093e-01
7.950000000000000469e-03	-2.884874845805920907e-02	-1.948804353412829093e-01
8.000000000000000167e-03	-1.786242033305920907e-02	-1.558179353412829093e-01
8.049999999999999864e-03	-2.518663908305920907e-02	-1.777905915912829093e-01
8.099999999999999561e-03	-1.542101408305920907e-02	-1.387280915912829093e-01
8.149999999999999259e-03	-2.152452970805920907e-02	-1.582593415912829093e-01
8.200000000000000691e-03	-1.297960783305920907e-02	-1.191968415912829093e-01
8.250000000000000389e-03	-1.908312345805920907e-02	-1.387280915912829093e-01
8.300000000000000086e-03	-9.317498458059210800e-03	-9.966559159128290935e-02
8.349999999999999784e-03	-1.664171720805920907e-02	-1.191968415912829093e-01
8.399999999999999481e-03	-5.655389083059209933e-03	-8.013434159128290935e-02
8.449999999999999178e-03	-1.297960783305920907e-02	-9.966559159128290935e-02
8.500000000000000611e-03	-1.993279708059209933e-03	-6.060309159128289547e-02
8.550000000000000308e-03	-9.317498458059210800e-03	-8.257574784128290935e-02
8.600000000000000006e-03	-7.725765830592101497e-04	-3.863043534128289547e-02
8.649999999999999703e-03	-5.655389083059209933e-03	-6.060309159128289547e-02
8.699999999999999400e-03	2.889532791940790067e-03	-2.154059159128289547e-02
8.750000000000000833e-03	-4.434685958059209933e-03	-4.107184159128289547e-02
8.800000000000000530e-03	5.330939041940790067e-03	-2.009341591282893733e-03
8.850000000000000228e-03	-7.725765830592101497e-04	-2.398199784128289547e-02
8.899999999999999925e-03	8.993048416940789200e-03	1.752190840871710453e-02
8.949999999999999623e-03	1.668829666940789850e-03	-2.009341591282893733e-03
8.999999999999999320e-03	1.265515779194079093e-02	3.217034590871710453e-02
9.050000000000000752e-03	5.330939041940790067e-03	1.508050215871710627e-02
9.100000000000000450e-03	1.509656404194079093e-02	5.170159590871710453e-02
9.150000000000000147e-03	7.772345291940790067e-03	3.217034590871710453e-02
9.199999999999999845e-03	1.753797029194079093e-02	7.123284590871710453e-02
9.249999999999999542e-03	1.021375154194079093e-02	4.926018965871710453e-02
9.299999999999999239e-03	1.997937654194079093e-02	9.076409590871709065e-02
9.350000000000000672e-03	1.265515779194079093e-02	6.879143965871710453e-02
9.400000000000000369e-03	2.120007966694079093e-02	1.102953459087170907e-01
9.450000000000000067e-03	1.387586091694079093e-02	8.832268965871709065e-02
9.499999999999999764e-03	2.242078279194079093e-02	1.273851896587170907e-01
9.549999999999999462e-03	1.509656404194079093e-02	1.054125334087170907e-01
9.599999999999999159e-03	2.486218904194079093e-02	1.469164396587170907e-01
9.650000000000000591e-03	1.875867341694079093e-02	1.273851896587170907e-01
9.700000000000000289e-03	2.974500154194079093e-02	1.664476896587170907e-01
9.749999999999999986e-03	2.120007966694079093e-02	1.469164396587170907e-01
9.799999999999999684e-03	3.096570466694079093e-02	1.859789396587170907e-01
9.849999999999999381e-03	2.486218904194079093e-02	1.664476896587170907e-01
9.900000000000000813e-03	3.462781404194079093e-02	2.055101896587170907e-01
9.950000000000000511e-03	2.852429841694079093e-02	1.859789396587170907e-01
1.000000000000000021e-02	3.828992341694079093e-02	2.250414396587170907e-01
1.004999999999999991e-02	3.096570466694079093e-02	2.055101896587170907e-01
1.009999999999999960e-02	4.073132966694079093e-02	2.445726896587170907e-01
1.014999999999999930e-02	3.462781404194079093e-02	2.250414396587170907e-01
1.020000000000000073e-02	4.439343904194079093e-02	2.641039396587170907e-01
1.025000000000000043e-02	3.828992341694079093e-02	2.421312834087170907e-01
1.030000000000000013e-02	4.927625154194079093e-02	2.860765959087170907e-01
1.034999999999999983e-02	4.073132966694079093e-02	2.616625334087170907e-01
1.039999999999999952e-02	5.293836091694079093e-02	3.031664396587170907e-01
1.044999999999999922e-02	4.439343904194079093e-02	2.811937834087170907e-01
1.050000000000000065e-02	5.415906404194079093e-02	3.202562834087171462e-01
1.055000000000000035e-02	4.683484529194079093e-02	3.007250334087170907e-01
1.060000000000000005e-02	5.782117341694079093e-02	3.397875334087171462e-01
1.064999999999999974e-02	5.171765779194079093e-02	3.202562834087171462e-01
1.069999999999999944e-02	6.026257966694079093e-02	3.593187834087171462e-01
1.074999999999999914e-02	5.415906404194079093e-02	3.397875334087171462e-01
1.080000000000000057e-02	6.270398591694079093e-02	3.812914396587171462e-01
1.085000000000000027e-02	5.537976716694079093e-02	3.593187834087171462e-01
1.089999999999999997e-02	6.636609529194079093e-02	3.983812834087171462e-01
1.094999999999999966e-02	5.904187654194079093e-02	3.788500334087171462e-01
1.099999999999999936e-02	6.880750154194079093e-02	4.203539396587171462e-01
1.105000000000000079e-02	6.148328279194079093e-02	3.983812834087171462e-01
1.110000000000000049e-02	7.124890779194079093e-02	4.374437834087171462e-01
1.115000000000000019e-02	6.514539216694079093e-02	4.179125334087171462e-01
1.119999999999999989e-02	7.491101716694079093e-02	4.569750334087171462e-01
1.124999999999999958e-02	6.758679841694079093e-02	4.350023771587171462e-01
1.129999999999999928e-02	7.735242341694079093e-02	4.789476896587171462e-01
1.135000000000000071e-02	7.002820466694079093e-02	4.545336271587171462e-01
1.140000000000000041e-02	7.979382966694079093e-02	4.960375334087171462e-01
1.145000000000000011e-02	7.246961091694079093e-02	4.740648771587171462e-01
1.149999999999999981e-02	8.223523591694079093e-02	5.131273771587171462e-01
1.154999999999999950e-02	7.491101716694079093e-02	4.935961271587171462e-01
1.159999999999999920e-02	8.589734529194079093e-02	5.351000334087171462e-01
1.165000000000000063e-02	7.979382966694079093e-02	5.131273771587171462e-01
1.170000000000000033e-02	8.955945466694079093e-02	5.521898771587171462e-01
1.175000000000000003e-02	8.223523591694079093e-02	5.302172209087171462e-01
1.179999999999999973e-02	9.200086091694079093e-02	5.717211271587171462e-01
1.184999999999999942e-02	8.589734529194079093e-02	5.497484709087171462e-01
1.190000000000000085e-02	9.444226716694079093e-02	5.912523771587171462e-01
1.195000000000000055e-02	8.833875154194079093e-02	5.717211271587171462e-01
1.200000000000000025e-02	9.810437654194079093e-02	6.107836271587171462e-01
1.204999999999999995e-02	9.078015779194079093e-02	5.888109709087171462e-01
1.209999999999999964e-02	1.005457827919407909e-01	6.303148771587170351e-01
1.214999999999999934e-02	9.322156404194079093e-02	6.083422209087171462e-01
1.220000000000000077e-02	1.042078921669407909e-01	6.474047209087170351e-01
1.225000000000000047e-02	9.688367341694079093e-02	6.278734709087170351e-01
1.230000000000000017e-02	1.078700015419407909e-01	6.669359709087170351e-01
1.234999999999999987e-02	9.932507966694079093e-02	6.474047209087170351e-01
1.239999999999999956e-02	1.103114077919407909e-01	6.864672209087170351e-01
1.244999999999999926e-02	1.029871890419407909e-01	6.644945646587170351e-01
1.250000000000000069e-02	1.127528140419407909e-01	7.059984709087170351e-01
1.255000000000000039e-02	1.054285952919407909e-01	6.864672209087170351e-01
1.260000000000000009e-02	1.139735171669407909e-01	7.230883146587170351e-01
1.264999999999999979e-02	1.078700015419407909e-01	7.035570646587170351e-01
1.269999999999999948e-02	1.176356265419407909e-01	7.426195646587170351e-01
1.274999999999999918e-02	1.115321109169407909e-01	7.230883146587170351e-01
1.280000000000000061e-02	1.200770327919407909e-01	7.645922209087170351e-01
1.285000000000000031e-02	1.139735171669407909e-01	7.426195646587170351e-01
1.290000000000000001e-02	1.225184390419407909e-01	7.841234709087170351e-01
1.294999999999999971e-02	1.151942202919407909e-01	7.621508146587170351e-01
1.299999999999999940e-02	1.261805484169407909e-01	8.012133146587170351e-01
1.305000000000000084e-02	1.176356265419407909e-01	7.816820646587170351e-01
1.310000000000000053e-02	1.274012515419407909e-01	8.207445646587170351e-01
1.315000000000000023e-02	1.200770327919407909e-01	8.012133146587170351e-01
1.319999999999999993e-02	1.310633609169407909e-01	8.378344084087170351e-01
1.324999999999999963e-02	1.249598452919407909e-01	8.207445646587170351e-01
1.329999999999999932e-02	1.335047671669407909e-01	8.598070646587170351e-01
1.335000000000000075e-02	1.274012515419407909e-01	8.402758146587170351e-01
1.340000000000000045e-02	1.371668765419407909e-01	8.793383146587170351e-01
1.345000000000000015e-02	1.298426577919407909e-01	8.598070646587170351e-01
1.349999999999999985e-02	1.420496890419407909e-01	8.988695646587170351e-01
1.354999999999999954e-02	1.335047671669407909e-01	8.768969084087170351e-01
1.359999999999999924e-02	1.457117984169407909e-01	9.184008146587170351e-01
1.365000000000000067e-02	1.383875796669407909e-01	8.964281584087170351e-01
1.370000000000000037e-02	1.493739077919407909e-01	9.354906584087170351e-01
1.375000000000000007e-02	1.420496890419407909e-01	9.159594084087170351e-01
1.379999999999999977e-02	1.518153140419407909e-01	9.550219084087170351e-01
1.384999999999999946e-02	1.457117984169407909e-01	9.379320646587170351e-01
1.389999999999999916e-02	1.554774234169407909e-01	9.745531584087170351e-01
1.395000000000000059e-02	1.481532046669407909e-01	9.525805021587170351e-01
1.400000000000000029e-02	1.579188296669407909e-01	9.940844084087170351e-01
1.404999999999999999e-02	1.518153140419407909e-01	9.745531584087170351e-01
1.409999999999999969e-02	1.603602359169407909e-01	1.013615658408717035e+00
1.414999999999999938e-02	1.542567202919407909e-01	9.940844084087170351e-01
1.420000000000000082e-02	1.640223452919407909e-01	1.033146908408717035e+00
1.425000000000000051e-02	1.566981265419407909e-01	1.011174252158717035e+00
1.430000000000000021e-02	1.664637515419407909e-01	1.052678158408717035e+00
1.434999999999999991e-02	1.603602359169407909e-01	1.030705502158717035e+00
1.439999999999999961e-02	1.689051577919407909e-01	1.072209408408717035e+00
1.444999999999999930e-02	1.628016421669407909e-01	1.050236752158717035e+00
1.450000000000000074e-02	1.737879702919407909e-01	1.089299252158717035e+00
1.455000000000000043e-02	1.664637515419407909e-01	1.069768002158717035e+00
1.460000000000000013e-02	1.750086734169407909e-01	1.108830502158717035e+00
1.464999999999999983e-02	1.689051577919407909e-01	1.086857845908717035e+00
1.469999999999999953e-02	1.774500796669407909e-01	1.128361752158717035e+00
1.474999999999999922e-02	1.713465640419407909e-01	1.108830502158717035e+00
1.480000000000000066e-02	1.798914859169407909e-01	1.147893002158717035e+00
1.485000000000000035e-02	1.737879702919407909e-01	1.125920345908717035e+00
1.490000000000000005e-02	1.823328921669407909e-01	1.167424252158717035e+00
1.494999999999999975e-02	1.750086734169407909e-01	1.145451595908717035e+00
1.499999999999999944e-02	1.859950015419407909e-01	1.184514095908717035e+00
1.504999999999999914e-02	1.786707827919407909e-01	1.164982845908717035e+00
1.510000000000000057e-02	1.884364077919407909e-01	1.199162533408717035e+00
1.515000000000000027e-02	1.811121890419407909e-01	1.184514095908717035e+00
1.519999999999999997e-02	1.908778140419407909e-01	1.194279720908717035e+00
1.524999999999999967e-02	1.847742984169407909e-01	1.172307064658717035e+00
1.529999999999999936e-02	1.933192202919407909e-01	1.177189877158717035e+00
1.535000000000000080e-02	1.872157046669407909e-01	1.155217220908717035e+00
1.540000000000000049e-02	1.945399234169407909e-01	1.157658627158717035e+00
1.545000000000000019e-02	1.884364077919407909e-01	1.135685970908717035e+00
1.549999999999999989e-02	1.945399234169407909e-01	1.135685970908717035e+00
1.554999999999999959e-02	1.872157046669407909e-01	1.118596127158717035e+00
1.559999999999999928e-02	1.908778140419407909e-01	1.118596127158717035e+00
1.565000000000000072e-02	1.823328921669407909e-01	1.099064877158717035e+00
1.569999999999999868e-02	1.847742984169407909e-01	1.101506283408717035e+00
1.575000000000000011e-02	1.762293765419407909e-01	1.081975033408717035e+00
1.580000000000000154e-02	1.786707827919407909e-01	1.081975033408717035e+00
1.584999999999999951e-02	1.713465640419407909e-01	1.060002377158717035e+00
1.590000000000000094e-02	1.737879702919407909e-01	1.062443783408717035e+00
1.594999999999999890e-02	1.652430484169407909e-01	1.040471127158717035e+00
1.600000000000000033e-02	1.676844546669407909e-01	1.042912533408717035e+00
1.604999999999999830e-02	1.603602359169407909e-01	1.023381283408717035e+00
1.609999999999999973e-02	1.640223452919407909e-01	1.023381283408717035e+00
1.615000000000000116e-02	1.566981265419407909e-01	1.006291439658717035e+00
1.619999999999999912e-02	1.615809390419407909e-01	1.006291439658717035e+00
1.625000000000000056e-02	1.530360171669407909e-01	9.843187834087170351e-01
1.629999999999999852e-02	1.579188296669407909e-01	9.867601896587170351e-01
1.634999999999999995e-02	1.505946109169407909e-01	9.696703459087170351e-01
1.640000000000000138e-02	1.554774234169407909e-01	9.696703459087170351e-01
1.644999999999999934e-02	1.469325015419407909e-01	9.452562834087170351e-01
1.650000000000000078e-02	1.518153140419407909e-01	9.476976896587170351e-01
1.654999999999999874e-02	1.432703921669407909e-01	9.281664396587170351e-01
1.660000000000000017e-02	1.469325015419407909e-01	9.306078459087170351e-01
1.665000000000000160e-02	1.396082827919407909e-01	9.061937834087170351e-01
1.669999999999999957e-02	1.420496890419407909e-01	9.086351896587170351e-01
1.675000000000000100e-02	1.347254702919407909e-01	8.891039396587170351e-01
1.679999999999999896e-02	1.396082827919407909e-01	8.939867521587170351e-01
1.685000000000000039e-02	1.322840640419407909e-01	8.720140959087170351e-01
1.689999999999999836e-02	1.347254702919407909e-01	8.720140959087170351e-01
1.694999999999999979e-02	1.274012515419407909e-01	8.524828459087170351e-01
1.700000000000000122e-02	1.310633609169407909e-01	8.549242521587170351e-01
1.704999999999999918e-02	1.237391421669407909e-01	8.329515959087170351e-01
1.710000000000000062e-02	1.274012515419407909e-01	8.353930021587170351e-01
1.714999999999999858e-02	1.200770327919407909e-01	8.134203459087170351e-01
1.720000000000000001e-02	1.249598452919407909e-01	8.158617521587170351e-01
1.725000000000000144e-02	1.164149234169407909e-01	7.963305021587170351e-01
1.729999999999999941e-02	1.212977359169407909e-01	7.938890959087170351e-01
1.735000000000000084e-02	1.127528140419407909e-01	7.792406584087170351e-01
1.739999999999999880e-02	1.188563296669407909e-01	7.767992521587170351e-01
1.745000000000000023e-02	1.115321109169407909e-01	7.597094084087170351e-01
1.750000000000000167e-02	1.164149234169407909e-01	7.597094084087170351e-01
1.754999999999999963e-02	1.090907046669407909e-01	7.377367521587170351e-01
1.760000000000000106e-02	1.127528140419407909e-01	7.377367521587170351e-01
1.764999999999999902e-02	1.054285952919407909e-01	7.206469084087170351e-01
1.770000000000000046e-02	1.090907046669407909e-01	7.206469084087170351e-01
1.774999999999999842e-02	1.017664859169407909e-01	7.011156584087170351e-01
1.779999999999999985e-02	1.078700015419407909e-01	7.011156584087170351e-01
1.785000000000000128e-02	1.005457827919407909e-01	6.815844084087170351e-01
1.789999999999999925e-02	1.029871890419407909e-01	6.815844084087170351e-01
1.795000000000000068e-02	9.566297029194079093e-02	6.620531584087170351e-01
1.799999999999999864e-02	9.932507966694079093e-02	6.644945646587170351e-01
1.805000000000000007e-02	9.322156404194079093e-02	6.449633146587170351e-01
1.810000000000000150e-02	9.688367341694079093e-02	6.425219084087170351e-01
1.814999999999999947e-02	8.955945466694079093e-02	6.229906584087171462e-01
1.820000000000000090e-02	9.322156404194079093e-02	6.229906584087171462e-01
1.824999999999999886e-02	8.467664216694079093e-02	6.034594084087171462e-01
1.830000000000000029e-02	8.833875154194079093e-02	6.083422209087171462e-01
1.835000000000000173e-02	8.101453279194079093e-02	5.863695646587171462e-01
1.839999999999999969e-02	8.589734529194079093e-02	5.839281584087171462e-01
1.845000000000000112e-02	7.857312654194079093e-02	5.643969084087171462e-01
1.849999999999999908e-02	8.467664216694079093e-02	5.668383146587171462e-01
1.855000000000000052e-02	7.735242341694079093e-02	5.448656584087171462e-01
1.859999999999999848e-02	8.589734529194079093e-02	5.497484709087171462e-01
1.864999999999999991e-02	7.613172029194079093e-02	5.277758146587171462e-01
1.870000000000000134e-02	8.223523591694079093e-02	5.277758146587171462e-01
1.874999999999999931e-02	7.491101716694079093e-02	5.106859709087171462e-01
1.880000000000000074e-02	7.979382966694079093e-02	5.106859709087171462e-01
1.884999999999999870e-02	7.246961091694079093e-02	4.911547209087171462e-01
1.890000000000000013e-02	7.735242341694079093e-02	4.911547209087171462e-01
1.895000000000000157e-02	7.002820466694079093e-02	4.691820646587171462e-01
1.899999999999999953e-02	7.491101716694079093e-02	4.716234709087171462e-01
1.905000000000000096e-02	6.758679841694079093e-02	4.496508146587171462e-01
1.909999999999999892e-02	7.124890779194079093e-02	4.520922209087171462e-01
1.915000000000000036e-02	6.392468904194079093e-02	4.301195646587171462e-01
1.919999999999999832e-02	6.758679841694079093e-02	4.350023771587171462e-01
1.924999999999999975e-02	5.904187654194079093e-02	4.130297209087171462e-01
1.930000000000000118e-02	6.270398591694079093e-02	4.130297209087171462e-01
1.934999999999999915e-02	5.537976716694079093e-02	3.959398771587171462e-01
1.940000000000000058e-02	5.904187654194079093e-02	3.983812834087171462e-01
1.944999999999999854e-02	5.171765779194079093e-02	3.739672209087171462e-01
1.949999999999999997e-02	5.537976716694079093e-02	3.764086271587171462e-01
1.955000000000000140e-02	4.805554841694079093e-02	3.568773771587171462e-01
1.959999999999999937e-02	5.293836091694079093e-02	3.568773771587171462e-01
1.965000000000000080e-02	4.561414216694079093e-02	3.349047209087171462e-01
1.969999999999999876e-02	4.927625154194079093e-02	3.373461271587171462e-01
1.975000000000000019e-02	4.195203279194079093e-02	3.153734709087171462e-01
1.980000000000000163e-02	4.683484529194079093e-02	3.202562834087171462e-01
1.984999999999999959e-02	3.951062654194079093e-02	2.982836271587170907e-01
1.990000000000000102e-02	4.439343904194079093e-02	3.007250334087170907e-01
1.994999999999999898e-02	3.706922029194079093e-02	2.787523771587170907e-01
2.000000000000000042e-02	4.073132966694079093e-02	2.787523771587170907e-01
2.004999999999999838e-02	3.462781404194079093e-02	2.616625334087170907e-01
2.009999999999999981e-02	3.828992341694079093e-02	2.616625334087170907e-01
2.015000000000000124e-02	3.096570466694079093e-02	2.396898771587170907e-01
2.019999999999999921e-02	3.584851716694079093e-02	2.421312834087170907e-01
2.025000000000000064e-02	2.730359529194079093e-02	2.201586271587170907e-01
2.029999999999999860e-02	3.218640779194079093e-02	2.226000334087170907e-01
2.035000000000000003e-02	2.486218904194079093e-02	2.006273771587170907e-01
2.040000000000000147e-02	2.852429841694079093e-02	2.030687834087170907e-01
2.044999999999999943e-02	2.120007966694079093e-02	1.810961271587170907e-01
2.050000000000000086e-02	2.608289216694079093e-02	1.835375334087170907e-01
2.054999999999999882e-02	1.875867341694079093e-02	1.640062834087170907e-01
2.060000000000000026e-02	2.242078279194079093e-02	1.640062834087170907e-01
2.065000000000000169e-02	1.631726716694079093e-02	1.444750334087170907e-01
2.069999999999999965e-02	1.997937654194079093e-02	1.444750334087170907e-01
2.075000000000000108e-02	1.265515779194079093e-02	1.249437834087170907e-01
2.079999999999999905e-02	1.753797029194079093e-02	1.249437834087170907e-01
2.085000000000000048e-02	1.021375154194079093e-02	1.054125334087170907e-01
2.089999999999999844e-02	1.509656404194079093e-02	1.078539396587170907e-01
2.094999999999999987e-02	7.772345291940790067e-03	8.588128340871709065e-02
2.100000000000000130e-02	1.265515779194079093e-02	8.832268965871709065e-02
2.104999999999999927e-02	5.330939041940790067e-03	6.635003340871710453e-02
2.110000000000000070e-02	7.772345291940790067e-03	6.635003340871710453e-02
2.114999999999999866e-02	4.481265419407898503e-04	4.926018965871710453e-02
2.120000000000000009e-02	5.330939041940790067e-03	4.926018965871710453e-02
2.125000000000000153e-02	-1.993279708059209933e-03	3.217034590871710453e-02
2.129999999999999949e-02	1.668829666940789850e-03	3.217034590871710453e-02
2.135000000000000092e-02	-3.213982833059209933e-03	1.019768965871710627e-02
2.139999999999999888e-02	4.481265419407898503e-04	1.508050215871710627e-02
2.145000000000000032e-02	-5.655389083059209933e-03	-6.892154091282893733e-03
2.149999999999999828e-02	-1.993279708059209933e-03	-6.892154091282893733e-03
2.154999999999999971e-02	-8.096795333059210800e-03	-2.642340409128289547e-02
2.160000000000000114e-02	-5.655389083059209933e-03	-2.642340409128289547e-02
2.164999999999999911e-02	-1.053820158305920907e-02	-4.595465409128289547e-02
2.170000000000000054e-02	-6.876092208059209933e-03	-4.595465409128289547e-02
2.174999999999999850e-02	-1.420031095805920907e-02	-6.792731034128289547e-02
2.179999999999999993e-02	-9.317498458059210800e-03	-6.548590409128289547e-02
2.185000000000000137e-02	-1.542101408305920907e-02	-8.501715409128290935e-02
2.189999999999999933e-02	-1.175890470805920907e-02	-8.257574784128290935e-02
2.195000000000000076e-02	-1.908312345805920907e-02	-1.021069978412829093e-01
2.199999999999999872e-02	-1.420031095805920907e-02	-1.021069978412829093e-01
2.205000000000000016e-02	-2.152452970805920907e-02	-1.216382478412829093e-01
2.210000000000000159e-02	-1.664171720805920907e-02	-1.216382478412829093e-01
2.214999999999999955e-02	-2.518663908305920907e-02	-1.436109040912829093e-01
2.220000000000000098e-02	-2.152452970805920907e-02	-1.411694978412829093e-01
2.224999999999999895e-02	-2.884874845805920907e-02	-1.607007478412829093e-01
2.230000000000000038e-02	-2.396593595805920907e-02	-1.607007478412829093e-01
2.234999999999999834e-02	-3.129015470805920907e-02	-1.777905915912829093e-01
2.239999999999999977e-02	-2.762804533305920907e-02	-1.802319978412829093e-01
2.245000000000000120e-02	-3.495226408305920907e-02	-1.997632478412829093e-01
2.249999999999999917e-02	-3.006945158305920907e-02	-1.973218415912829093e-01
2.255000000000000060e-02	-3.739367033305920907e-02	-2.168530915912829093e-01
2.259999999999999856e-02	-3.251085783305920907e-02	-2.168530915912829093e-01
2.264999999999999999e-02	-3.983507658305920907e-02	-2.363843415912829093e-01
2.270000000000000143e-02	-3.495226408305920907e-02	-2.363843415912829093e-01
2.274999999999999939e-02	-4.227648283305920907e-02	-2.559155915912829093e-01
2.280000000000000082e-02	-3.861437345805920907e-02	-2.559155915912829093e-01
2.284999999999999878e-02	-4.471788908305920907e-02	-2.778882478412829093e-01
2.290000000000000022e-02	-4.105577970805920907e-02	-2.754468415912829093e-01
2.295000000000000165e-02	-4.715929533305920907e-02	-2.949780915912829093e-01
2.299999999999999961e-02	-4.227648283305920907e-02	-2.925366853412829093e-01
2.305000000000000104e-02	-4.960070158305920907e-02	-3.145093415912828538e-01
2.309999999999999901e-02	-4.593859220805920907e-02	-3.145093415912828538e-01
2.315000000000000044e-02	-5.204210783305920907e-02	-3.340405915912828538e-01
2.319999999999999840e-02	-4.837999845805920907e-02	-3.315991853412828538e-01
2.324999999999999983e-02	-5.570421720805920907e-02	-3.560132478412828538e-01
2.330000000000000127e-02	-5.082140470805920907e-02	-3.535718415912828538e-01
2.334999999999999923e-02	-5.814562345805920907e-02	-3.731030915912828538e-01
2.340000000000000066e-02	-5.448351408305920907e-02	-3.706616853412828538e-01
2.344999999999999862e-02	-6.058702970805920907e-02	-3.926343415912828538e-01
2.350000000000000006e-02	-5.692492033305920907e-02	-3.901929353412828538e-01
2.355000000000000149e-02	-6.546984220805920907e-02	-4.121655915912828538e-01
2.359999999999999945e-02	-6.180773283305920907e-02	-4.097241853412828538e-01
2.365000000000000088e-02	-6.913195158305920907e-02	-4.292554353412828538e-01
2.369999999999999885e-02	-6.424913908305920907e-02	-4.292554353412828538e-01
2.375000000000000028e-02	-7.157335783305920907e-02	-4.512280915912828538e-01
2.380000000000000171e-02	-6.669054533305920907e-02	-4.487866853412828538e-01
2.384999999999999967e-02	-7.401476408305920907e-02	-4.683179353412828538e-01
2.390000000000000110e-02	-7.035265470805920907e-02	-4.658765290912828538e-01
2.394999999999999907e-02	-7.645617033305920907e-02	-4.878491853412828538e-01
2.400000000000000050e-02	-7.401476408305920907e-02	-4.829663728412828538e-01
2.404999999999999846e-02	-8.011827970805920907e-02	-5.073804353412828538e-01
2.409999999999999989e-02	-7.645617033305920907e-02	-5.049390290912828538e-01
2.415000000000000133e-02	-8.255968595805920907e-02	-5.269116853412828538e-01
2.419999999999999929e-02	-7.767687345805920907e-02	-5.269116853412828538e-01
2.425000000000000072e-02	-8.622179533305920907e-02	-5.440015290912828538e-01
2.429999999999999868e-02	-8.011827970805920907e-02	-5.464429353412828538e-01
2.435000000000000012e-02	-8.744249845805920907e-02	-5.635327790912828538e-01
2.440000000000000155e-02	-8.378038908305920907e-02	-5.635327790912828538e-01
2.444999999999999951e-02	-8.988390470805920907e-02	-5.855054353412828538e-01
2.450000000000000094e-02	-8.622179533305920907e-02	-5.830640290912828538e-01
2.454999999999999891e-02	-9.476671720805920907e-02	-6.025952790912828538e-01
2.460000000000000034e-02	-8.988390470805920907e-02	-6.050366853412828538e-01
2.464999999999999830e-02	-9.720812345805920907e-02	-6.245679353412828538e-01
2.469999999999999973e-02	-9.110460783305920907e-02	-6.221265290912828538e-01
2.475000000000000117e-02	-9.964952970805920907e-02	-6.416577790912829649e-01
2.479999999999999913e-02	-9.476671720805920907e-02	-6.392163728412829649e-01
2.485000000000000056e-02	-1.020909359580592091e-01	-6.587476228412829649e-01
2.489999999999999852e-02	-9.720812345805920907e-02	-6.611890290912829649e-01
2.494999999999999996e-02	-1.045323422080592091e-01	-6.782788728412829649e-01
2.500000000000000139e-02	-9.964952970805920907e-02	-6.807202790912829649e-01
2.504999999999999935e-02	-1.069737484580592091e-01	-7.002515290912829649e-01
2.510000000000000078e-02	-1.033116390830592091e-01	-6.978101228412829649e-01
2.514999999999999875e-02	-1.094151547080592091e-01	-7.197827790912829649e-01
2.520000000000000018e-02	-1.045323422080592091e-01	-7.173413728412829649e-01
2.525000000000000161e-02	-1.118565609580592091e-01	-7.393140290912829649e-01
2.529999999999999957e-02	-1.081944515830592091e-01	-7.368726228412829649e-01
2.535000000000000100e-02	-1.155186703330592091e-01	-7.564038728412829649e-01
2.539999999999999897e-02	-1.106358578330592091e-01	-7.588452790912829649e-01
2.545000000000000040e-02	-1.179600765830592091e-01	-7.759351228412829649e-01
2.549999999999999836e-02	-1.130772640830592091e-01	-7.734937165912829649e-01
2.554999999999999979e-02	-1.216221859580592091e-01	-7.954663728412829649e-01
2.560000000000000123e-02	-1.179600765830592091e-01	-7.954663728412829649e-01
2.564999999999999919e-02	-1.252842953330592091e-01	-8.149976228412829649e-01
2.570000000000000062e-02	-1.204014828330592091e-01	-8.149976228412829649e-01
2.574999999999999858e-02	-1.277257015830592091e-01	-8.345288728412829649e-01
2.580000000000000002e-02	-1.240635922080592091e-01	-8.345288728412829649e-01
2.585000000000000145e-02	-1.313878109580592091e-01	-8.540601228412829649e-01
2.589999999999999941e-02	-1.265049984580592091e-01	-8.516187165912829649e-01
2.595000000000000084e-02	-1.338292172080592091e-01	-8.711499665912829649e-01
2.599999999999999881e-02	-1.301671078330592091e-01	-8.735913728412829649e-01
2.605000000000000024e-02	-1.374913265830592091e-01	-8.931226228412829649e-01
2.610000000000000167e-02	-1.313878109580592091e-01	-8.906812165912829649e-01
2.614999999999999963e-02	-1.399327328330592091e-01	-9.126538728412829649e-01
2.620000000000000107e-02	-1.362706234580592091e-01	-9.102124665912829649e-01
2.624999999999999903e-02	-1.423741390830592091e-01	-9.321851228412829649e-01
2.630000000000000046e-02	-1.387120297080592091e-01	-9.297437165912829649e-01
2.634999999999999842e-02	-1.448155453330592091e-01	-9.492749665912829649e-01
2.639999999999999986e-02	-1.399327328330592091e-01	-9.517163728412829649e-01
2.645000000000000129e-02	-1.472569515830592091e-01	-9.712476228412829649e-01
2.649999999999999925e-02	-1.423741390830592091e-01	-9.688062165912829649e-01
2.655000000000000068e-02	-1.496983578330592091e-01	-9.883374665912829649e-01
2.659999999999999865e-02	-1.448155453330592091e-01	-9.883374665912829649e-01
2.665000000000000008e-02	-1.521397640830592091e-01	-1.007868716591282965e+00
2.670000000000000151e-02	-1.472569515830592091e-01	-1.005427310341282965e+00
2.674999999999999947e-02	-1.545811703330592091e-01	-1.027399966591282965e+00
2.680000000000000090e-02	-1.509190609580592091e-01	-1.024958560341282965e+00
2.684999999999999887e-02	-1.582432797080592091e-01	-1.044489810341282965e+00
2.690000000000000030e-02	-1.545811703330592091e-01	-1.044489810341282965e+00
2.695000000000000173e-02	-1.606846859580592091e-01	-1.064021060341282965e+00
2.699999999999999969e-02	-1.594639828330592091e-01	-1.064021060341282965e+00
2.705000000000000113e-02	-1.643467953330592091e-01	-1.085993716591282965e+00
2.709999999999999909e-02	-1.606846859580592091e-01	-1.081110904091282965e+00
2.715000000000000052e-02	-1.680089047080592091e-01	-1.103083560341282965e+00
2.719999999999999848e-02	-1.631260922080592091e-01	-1.100642154091282965e+00
2.724999999999999992e-02	-1.704503109580592091e-01	-1.122614810341282965e+00
2.730000000000000135e-02	-1.667882015830592091e-01	-1.120173404091282965e+00
2.734999999999999931e-02	-1.728917172080592091e-01	-1.137263247841282965e+00
2.740000000000000074e-02	-1.704503109580592091e-01	-1.110407779091282965e+00
2.744999999999999871e-02	-1.765538265830592091e-01	-1.129939029091282965e+00
2.750000000000000014e-02	-1.741124203330592091e-01	-1.090876529091282965e+00
2.755000000000000157e-02	-1.802159359580592091e-01	-1.112849185341282965e+00
2.759999999999999953e-02	-1.753331234580592091e-01	-1.073786685341282965e+00
2.765000000000000097e-02	-1.802159359580592091e-01	-1.088435122841282965e+00
2.769999999999999893e-02	-1.716710140830592091e-01	-1.051814029091282965e+00
2.775000000000000036e-02	-1.789952328330592091e-01	-1.073786685341282965e+00
2.779999999999999832e-02	-1.680089047080592091e-01	-1.034724185341282965e+00
2.784999999999999976e-02	-1.765538265830592091e-01	-1.051814029091282965e+00
2.790000000000000119e-02	-1.606846859580592091e-01	-1.017634341591282965e+00
2.794999999999999915e-02	-1.704503109580592091e-01	-1.034724185341282965e+00
2.800000000000000058e-02	-1.558018734580592091e-01	-9.981030915912829649e-01
2.804999999999999855e-02	-1.631260922080592091e-01	-1.017634341591282965e+00
2.809999999999999998e-02	-1.496983578330592091e-01	-9.785718415912829649e-01
2.815000000000000141e-02	-1.582432797080592091e-01	-9.981030915912829649e-01
2.819999999999999937e-02	-1.435948422080592091e-01	-9.565991853412829649e-01
2.825000000000000080e-02	-1.521397640830592091e-01	-9.785718415912829649e-01
2.829999999999999877e-02	-1.399327328330592091e-01	-9.395093415912829649e-01
2.835000000000000020e-02	-1.472569515830592091e-01	-9.590405915912829649e-01
2.840000000000000163e-02	-1.362706234580592091e-01	-9.175366853412829649e-01
2.844999999999999959e-02	-1.435948422080592091e-01	-9.395093415912829649e-01
2.850000000000000103e-02	-1.338292172080592091e-01	-9.028882478412829649e-01
2.854999999999999899e-02	-1.411534359580592091e-01	-9.224194978412829649e-01
2.860000000000000042e-02	-1.313878109580592091e-01	-8.833569978412829649e-01
2.864999999999999838e-02	-1.387120297080592091e-01	-9.028882478412829649e-01
2.869999999999999982e-02	-1.301671078330592091e-01	-8.613843415912829649e-01
2.875000000000000125e-02	-1.374913265830592091e-01	-8.833569978412829649e-01
2.879999999999999921e-02	-1.289464047080592091e-01	-8.442944978412829649e-01
2.885000000000000064e-02	-1.350499203330592091e-01	-8.638257478412829649e-01
2.889999999999999861e-02	-1.252842953330592091e-01	-8.247632478412829649e-01
2.895000000000000004e-02	-1.338292172080592091e-01	-8.442944978412829649e-01
2.900000000000000147e-02	-1.228428890830592091e-01	-8.052319978412829649e-01
2.904999999999999943e-02	-1.289464047080592091e-01	-8.247632478412829649e-01
2.910000000000000087e-02	-1.191807797080592091e-01	-7.881421540912829649e-01
2.914999999999999883e-02	-1.265049984580592091e-01	-8.076734040912829649e-01
2.920000000000000026e-02	-1.155186703330592091e-01	-7.686109040912829649e-01
2.925000000000000169e-02	-1.228428890830592091e-01	-7.881421540912829649e-01
2.929999999999999966e-02	-1.118565609580592091e-01	-7.490796540912829649e-01
2.935000000000000109e-02	-1.204014828330592091e-01	-7.686109040912829649e-01
2.939999999999999905e-02	-1.094151547080592091e-01	-7.295484040912829649e-01
2.945000000000000048e-02	-1.167393734580592091e-01	-7.490796540912829649e-01
2.949999999999999845e-02	-1.057530453330592091e-01	-7.100171540912829649e-01
2.954999999999999988e-02	-1.142979672080592091e-01	-7.319898103412829649e-01
2.960000000000000131e-02	-1.008702328330592091e-01	-6.929273103412829649e-01
2.964999999999999927e-02	-1.081944515830592091e-01	-7.124585603412829649e-01
2.970000000000000070e-02	-9.842882658305920907e-02	-6.709546540912829649e-01
2.974999999999999867e-02	-1.057530453330592091e-01	-6.929273103412829649e-01
2.980000000000000010e-02	-9.476671720805920907e-02	-6.538648103412829649e-01
2.985000000000000153e-02	-1.020909359580592091e-01	-6.733960603412829649e-01
2.989999999999999949e-02	-9.110460783305920907e-02	-6.343335603412829649e-01
2.995000000000000093e-02	-9.964952970805920907e-02	-6.538648103412829649e-01
2.999999999999999889e-02	-8.866320158305920907e-02	-6.148023103412828538e-01
3.005000000000000032e-02	-9.598742033305920907e-02	-6.367749665912829649e-01
3.009999999999999828e-02	-8.622179533305920907e-02	-5.977124665912828538e-01
3.014999999999999972e-02	-9.232531095805920907e-02	-6.172437165912828538e-01
3.020000000000000115e-02	-8.255968595805920907e-02	-5.757398103412828538e-01
3.024999999999999911e-02	-8.988390470805920907e-02	-5.977124665912828538e-01
3.030000000000000054e-02	-7.889757658305920907e-02	-5.562085603412828538e-01
3.034999999999999851e-02	-8.622179533305920907e-02	-5.781812165912828538e-01
3.039999999999999994e-02	-7.645617033305920907e-02	-5.391187165912828538e-01
3.045000000000000137e-02	-8.378038908305920907e-02	-5.610913728412828538e-01
3.049999999999999933e-02	-7.401476408305920907e-02	-5.171460603412828538e-01
3.055000000000000077e-02	-8.133898283305920907e-02	-5.391187165912828538e-01
3.059999999999999873e-02	-7.035265470805920907e-02	-5.000562165912828538e-01
3.065000000000000016e-02	-7.767687345805920907e-02	-5.195874665912828538e-01
3.070000000000000159e-02	-6.913195158305920907e-02	-4.805249665912828538e-01
3.074999999999999956e-02	-7.523546720805920907e-02	-5.024976228412828538e-01
3.080000000000000099e-02	-6.546984220805920907e-02	-4.634351228412828538e-01
3.084999999999999895e-02	-7.279406095805920907e-02	-4.805249665912828538e-01
3.090000000000000038e-02	-6.302843595805920907e-02	-4.414624665912828538e-01
3.094999999999999835e-02	-6.913195158305920907e-02	-4.634351228412828538e-01
3.099999999999999978e-02	-5.936632658305920907e-02	-4.243726228412828538e-01
3.105000000000000121e-02	-6.669054533305920907e-02	-4.439038728412828538e-01
3.109999999999999917e-02	-5.570421720805920907e-02	-4.048413728412828538e-01
3.115000000000000061e-02	-6.302843595805920907e-02	-4.243726228412828538e-01
3.119999999999999857e-02	-5.326281095805920907e-02	-3.853101228412828538e-01
3.125000000000000000e-02	-5.936632658305920907e-02	-4.048413728412828538e-01
3.130000000000000143e-02	-4.960070158305920907e-02	-3.657788728412828538e-01
3.135000000000000286e-02	-5.570421720805920907e-02	-3.877515290912828538e-01
3.139999999999999736e-02	-4.593859220805920907e-02	-3.462476228412828538e-01
3.144999999999999879e-02	-5.326281095805920907e-02	-3.682202790912828538e-01
3.150000000000000022e-02	-4.227648283305920907e-02	-3.291577790912828538e-01
3.155000000000000165e-02	-4.837999845805920907e-02	-3.486890290912828538e-01
3.160000000000000309e-02	-3.861437345805920907e-02	-3.071851228412829093e-01
3.164999999999999758e-02	-4.593859220805920907e-02	-3.291577790912828538e-01
3.169999999999999901e-02	-3.495226408305920907e-02	-2.900952790912829093e-01
3.175000000000000044e-02	-4.227648283305920907e-02	-3.096265290912829093e-01
3.180000000000000188e-02	-3.129015470805920907e-02	-2.705640290912829093e-01
3.185000000000000331e-02	-3.861437345805920907e-02	-2.900952790912829093e-01
3.189999999999999780e-02	-2.762804533305920907e-02	-2.510327790912829093e-01
3.194999999999999923e-02	-3.495226408305920907e-02	-2.705640290912829093e-01
3.200000000000000067e-02	-2.640734220805920907e-02	-2.290601228412829093e-01
3.205000000000000210e-02	-3.129015470805920907e-02	-2.534741853412829093e-01
3.209999999999999659e-02	-2.274523283305920907e-02	-2.119702790912829093e-01
3.214999999999999802e-02	-3.006945158305920907e-02	-2.315015290912829093e-01
3.219999999999999946e-02	-1.908312345805920907e-02	-1.924390290912829093e-01
3.225000000000000089e-02	-2.640734220805920907e-02	-2.119702790912829093e-01
3.230000000000000232e-02	-1.664171720805920907e-02	-1.729077790912829093e-01
3.234999999999999681e-02	-2.274523283305920907e-02	-1.948804353412829093e-01
3.239999999999999825e-02	-1.420031095805920907e-02	-1.558179353412829093e-01
3.244999999999999968e-02	-2.152452970805920907e-02	-1.753491853412829093e-01
3.250000000000000111e-02	-1.053820158305920907e-02	-1.362866853412829093e-01
3.255000000000000254e-02	-1.908312345805920907e-02	-1.558179353412829093e-01
3.259999999999999704e-02	-9.317498458059210800e-03	-1.167554353412829093e-01
3.264999999999999847e-02	-1.542101408305920907e-02	-1.387280915912829093e-01
3.269999999999999990e-02	-6.876092208059209933e-03	-9.722418534128290935e-02
3.275000000000000133e-02	-1.420031095805920907e-02	-1.167554353412829093e-01
3.280000000000000276e-02	-5.655389083059209933e-03	-8.013434159128290935e-02
3.284999999999999726e-02	-1.175890470805920907e-02	-9.722418534128290935e-02
3.289999999999999869e-02	-3.213982833059209933e-03	-5.816168534128289547e-02
3.295000000000000012e-02	-9.317498458059210800e-03	-7.769293534128289547e-02
3.300000000000000155e-02	-7.725765830592101497e-04	-3.863043534128289547e-02
3.305000000000000299e-02	-5.655389083059209933e-03	-6.060309159128289547e-02
3.309999999999999748e-02	2.889532791940790067e-03	-1.909918534128289547e-02
3.314999999999999891e-02	-4.434685958059209933e-03	-3.863043534128289547e-02
3.320000000000000034e-02	5.330939041940790067e-03	4.320646587171062675e-04
3.325000000000000178e-02	-1.993279708059209933e-03	-2.154059159128289547e-02
3.330000000000000321e-02	7.772345291940790067e-03	1.508050215871710627e-02
3.334999999999999770e-02	4.481265419407898503e-04	-2.009341591282893733e-03
3.339999999999999913e-02	1.021375154194079093e-02	3.461175215871710453e-02
3.345000000000000057e-02	4.110235916940790067e-03	1.508050215871710627e-02
3.350000000000000200e-02	1.509656404194079093e-02	5.414300215871710453e-02
3.355000000000000343e-02	8.993048416940789200e-03	3.217034590871710453e-02
3.359999999999999792e-02	1.875867341694079093e-02	7.367425215871710453e-02
3.364999999999999936e-02	1.143445466694079093e-02	5.170159590871710453e-02
3.370000000000000079e-02	2.120007966694079093e-02	9.320550215871709065e-02
3.375000000000000222e-02	1.509656404194079093e-02	7.123284590871710453e-02
3.379999999999999671e-02	2.364148591694079093e-02	1.127367521587170907e-01
3.384999999999999815e-02	1.753797029194079093e-02	9.076409590871709065e-02
3.389999999999999958e-02	2.730359529194079093e-02	1.273851896587170907e-01
3.395000000000000101e-02	1.997937654194079093e-02	1.102953459087170907e-01
3.400000000000000244e-02	3.096570466694079093e-02	1.517992521587170907e-01
3.404999999999999694e-02	2.364148591694079093e-02	1.298265959087170907e-01
3.409999999999999837e-02	3.340711091694079093e-02	1.664476896587170907e-01
3.414999999999999980e-02	2.730359529194079093e-02	1.517992521587170907e-01
3.420000000000000123e-02	3.706922029194079093e-02	1.884203459087170907e-01
3.425000000000000266e-02	2.852429841694079093e-02	1.664476896587170907e-01
3.429999999999999716e-02	3.951062654194079093e-02	2.079515959087170907e-01
3.434999999999999859e-02	3.218640779194079093e-02	1.884203459087170907e-01
3.440000000000000002e-02	4.195203279194079093e-02	2.274828459087170907e-01
3.445000000000000145e-02	3.584851716694079093e-02	2.055101896587170907e-01
3.450000000000000289e-02	4.439343904194079093e-02	2.470140959087170907e-01
3.454999999999999738e-02	3.706922029194079093e-02	2.274828459087170907e-01
3.459999999999999881e-02	4.683484529194079093e-02	2.641039396587170907e-01
3.465000000000000024e-02	3.951062654194079093e-02	2.445726896587170907e-01
3.470000000000000168e-02	4.927625154194079093e-02	2.836351896587170907e-01
3.475000000000000311e-02	4.195203279194079093e-02	2.641039396587170907e-01
3.479999999999999760e-02	5.171765779194079093e-02	3.031664396587170907e-01
3.484999999999999903e-02	4.561414216694079093e-02	2.836351896587170907e-01
3.490000000000000047e-02	5.415906404194079093e-02	3.251390959087171462e-01
3.495000000000000190e-02	4.683484529194079093e-02	3.031664396587170907e-01
3.500000000000000333e-02	5.660047029194079093e-02	3.422289396587171462e-01
3.504999999999999782e-02	4.927625154194079093e-02	3.226976896587171462e-01
3.509999999999999926e-02	6.026257966694079093e-02	3.593187834087171462e-01
3.515000000000000069e-02	5.293836091694079093e-02	3.422289396587171462e-01
3.520000000000000212e-02	6.270398591694079093e-02	3.812914396587171462e-01
3.524999999999999661e-02	5.537976716694079093e-02	3.617601896587171462e-01
3.529999999999999805e-02	6.636609529194079093e-02	4.008226896587171462e-01
3.534999999999999948e-02	5.782117341694079093e-02	3.788500334087171462e-01
3.540000000000000091e-02	6.758679841694079093e-02	4.179125334087171462e-01
3.545000000000000234e-02	6.148328279194079093e-02	3.983812834087171462e-01
3.549999999999999684e-02	7.002820466694079093e-02	4.423265959087171462e-01
3.554999999999999827e-02	6.514539216694079093e-02	4.154711271587171462e-01
3.559999999999999970e-02	7.369031404194079093e-02	4.594164396587171462e-01
3.565000000000000113e-02	6.636609529194079093e-02	4.374437834087171462e-01
3.570000000000000256e-02	7.613172029194079093e-02	4.765062834087171462e-01
3.574999999999999706e-02	6.880750154194079093e-02	4.569750334087171462e-01
3.579999999999999849e-02	7.979382966694079093e-02	4.960375334087171462e-01
3.584999999999999992e-02	7.246961091694079093e-02	4.765062834087171462e-01
3.590000000000000135e-02	8.223523591694079093e-02	5.155687834087171462e-01
3.595000000000000279e-02	7.491101716694079093e-02	4.960375334087171462e-01
3.599999999999999728e-02	8.467664216694079093e-02	5.351000334087171462e-01
3.604999999999999871e-02	7.857312654194079093e-02	5.155687834087171462e-01
3.610000000000000014e-02	8.833875154194079093e-02	5.546312834087171462e-01
3.615000000000000158e-02	8.101453279194079093e-02	5.326586271587171462e-01
3.620000000000000301e-02	9.078015779194079093e-02	5.741625334087171462e-01
3.624999999999999750e-02	8.345593904194079093e-02	5.521898771587171462e-01
3.629999999999999893e-02	9.322156404194079093e-02	5.912523771587171462e-01
3.635000000000000037e-02	8.711804841694079093e-02	5.717211271587171462e-01
3.640000000000000180e-02	9.688367341694079093e-02	6.107836271587171462e-01
3.645000000000000323e-02	8.955945466694079093e-02	5.912523771587171462e-01
3.649999999999999772e-02	1.005457827919407909e-01	6.327562834087170351e-01
3.654999999999999916e-02	9.200086091694079093e-02	6.083422209087171462e-01
3.660000000000000059e-02	1.017664859169407909e-01	6.498461271587170351e-01
3.665000000000000202e-02	9.566297029194079093e-02	6.303148771587170351e-01
3.670000000000000345e-02	1.054285952919407909e-01	6.669359709087170351e-01
3.674999999999999795e-02	9.810437654194079093e-02	6.474047209087170351e-01
3.679999999999999938e-02	1.078700015419407909e-01	6.913500334087170351e-01
3.685000000000000081e-02	1.005457827919407909e-01	6.693773771587170351e-01
3.690000000000000224e-02	1.115321109169407909e-01	7.084398771587170351e-01
3.694999999999999674e-02	1.042078921669407909e-01	6.864672209087170351e-01
3.699999999999999817e-02	1.139735171669407909e-01	7.255297209087170351e-01
3.704999999999999960e-02	1.078700015419407909e-01	7.084398771587170351e-01
3.710000000000000103e-02	1.164149234169407909e-01	7.450609709087170351e-01
3.715000000000000246e-02	1.103114077919407909e-01	7.279711271587170351e-01
3.719999999999999696e-02	1.188563296669407909e-01	7.670336271587170351e-01
3.724999999999999839e-02	1.115321109169407909e-01	7.426195646587170351e-01
3.729999999999999982e-02	1.212977359169407909e-01	7.841234709087170351e-01
3.735000000000000125e-02	1.151942202919407909e-01	7.621508146587170351e-01
3.740000000000000269e-02	1.237391421669407909e-01	8.036547209087170351e-01
3.744999999999999718e-02	1.176356265419407909e-01	7.865648771587170351e-01
3.749999999999999861e-02	1.274012515419407909e-01	8.231859709087170351e-01
3.755000000000000004e-02	1.200770327919407909e-01	8.012133146587170351e-01
3.760000000000000148e-02	1.286219546669407909e-01	8.402758146587170351e-01
3.765000000000000291e-02	1.212977359169407909e-01	8.207445646587170351e-01
3.769999999999999740e-02	1.335047671669407909e-01	8.622484709087170351e-01
3.774999999999999883e-02	1.249598452919407909e-01	8.402758146587170351e-01
3.780000000000000027e-02	1.359461734169407909e-01	8.817797209087170351e-01
3.785000000000000170e-02	1.286219546669407909e-01	8.573656584087170351e-01
3.790000000000000313e-02	1.383875796669407909e-01	8.988695646587170351e-01
3.794999999999999762e-02	1.322840640419407909e-01	8.817797209087170351e-01
3.799999999999999906e-02	1.408289859169407909e-01	9.184008146587170351e-01
3.805000000000000049e-02	1.347254702919407909e-01	8.988695646587170351e-01
3.810000000000000192e-02	1.457117984169407909e-01	9.379320646587170351e-01
3.815000000000000335e-02	1.371668765419407909e-01	9.184008146587170351e-01
3.819999999999999785e-02	1.469325015419407909e-01	9.574633146587170351e-01
3.824999999999999928e-02	1.396082827919407909e-01	9.379320646587170351e-01
3.830000000000000071e-02	1.481532046669407909e-01	9.745531584087170351e-01
3.835000000000000214e-02	1.420496890419407909e-01	9.550219084087170351e-01
3.839999999999999664e-02	1.518153140419407909e-01	9.965258146587170351e-01
3.844999999999999807e-02	1.444910952919407909e-01	9.745531584087170351e-01
3.849999999999999950e-02	1.542567202919407909e-01	1.016057064658717035e+00
3.855000000000000093e-02	1.481532046669407909e-01	9.940844084087170351e-01
3.860000000000000236e-02	1.591395327919407909e-01	1.030705502158717035e+00
3.864999999999999686e-02	1.505946109169407909e-01	1.016057064658717035e+00
3.869999999999999829e-02	1.628016421669407909e-01	1.055119564658717035e+00
3.874999999999999972e-02	1.542567202919407909e-01	1.030705502158717035e+00
3.880000000000000115e-02	1.652430484169407909e-01	1.072209408408717035e+00
3.885000000000000259e-02	1.566981265419407909e-01	1.050236752158717035e+00
3.889999999999999708e-02	1.676844546669407909e-01	1.094182064658717035e+00
3.894999999999999851e-02	1.603602359169407909e-01	1.072209408408717035e+00
3.899999999999999994e-02	1.689051577919407909e-01	1.111271908408717035e+00
3.905000000000000138e-02	1.628016421669407909e-01	1.089299252158717035e+00
3.910000000000000281e-02	1.737879702919407909e-01	1.130803158408717035e+00
3.914999999999999730e-02	1.664637515419407909e-01	1.111271908408717035e+00
3.919999999999999873e-02	1.762293765419407909e-01	1.147893002158717035e+00
3.925000000000000017e-02	1.689051577919407909e-01	1.128361752158717035e+00
3.930000000000000160e-02	1.774500796669407909e-01	1.169865658408717035e+00
3.935000000000000303e-02	1.713465640419407909e-01	1.150334408408717035e+00
3.939999999999999752e-02	1.798914859169407909e-01	1.189396908408717035e+00
3.944999999999999896e-02	1.737879702919407909e-01	1.167424252158717035e+00
3.950000000000000039e-02	1.823328921669407909e-01	1.201603939658717035e+00
3.955000000000000182e-02	1.762293765419407909e-01	1.186955502158717035e+00
3.960000000000000325e-02	1.847742984169407909e-01	1.194279720908717035e+00
3.964999999999999775e-02	1.786707827919407909e-01	1.172307064658717035e+00
3.969999999999999918e-02	1.859950015419407909e-01	1.174748470908717035e+00
3.975000000000000061e-02	1.798914859169407909e-01	1.155217220908717035e+00
3.980000000000000204e-02	1.872157046669407909e-01	1.152775814658717035e+00
3.984999999999999654e-02	1.798914859169407909e-01	1.135685970908717035e+00
3.989999999999999797e-02	1.859950015419407909e-01	1.135685970908717035e+00
3.994999999999999940e-02	1.786707827919407909e-01	1.116154720908717035e+00
4.000000000000000083e-02	1.811121890419407909e-01	1.118596127158717035e+00
4.005000000000000226e-02	1.725672671669407909e-01	1.094182064658717035e+00
4.009999999999999676e-02	1.774500796669407909e-01	1.099064877158717035e+00
4.014999999999999819e-02	1.689051577919407909e-01	1.079533627158717035e+00
4.019999999999999962e-02	1.713465640419407909e-01	1.079533627158717035e+00
4.025000000000000105e-02	1.640223452919407909e-01	1.057560970908717035e+00
4.030000000000000249e-02	1.664637515419407909e-01	1.062443783408717035e+00
4.034999999999999698e-02	1.579188296669407909e-01	1.040471127158717035e+00
4.039999999999999841e-02	1.615809390419407909e-01	1.042912533408717035e+00
4.044999999999999984e-02	1.530360171669407909e-01	1.020939877158717035e+00
4.050000000000000128e-02	1.579188296669407909e-01	1.023381283408717035e+00
4.055000000000000271e-02	1.493739077919407909e-01	1.001408627158717035e+00
4.059999999999999720e-02	1.542567202919407909e-01	1.006291439658717035e+00
4.064999999999999863e-02	1.481532046669407909e-01	9.818773771587170351e-01
4.070000000000000007e-02	1.518153140419407909e-01	9.843187834087170351e-01
4.075000000000000150e-02	1.444910952919407909e-01	9.647875334087170351e-01
4.080000000000000293e-02	1.493739077919407909e-01	9.647875334087170351e-01
4.084999999999999742e-02	1.420496890419407909e-01	9.452562834087170351e-01
4.089999999999999886e-02	1.457117984169407909e-01	9.452562834087170351e-01
4.095000000000000029e-02	1.396082827919407909e-01	9.281664396587170351e-01
4.100000000000000172e-02	1.444910952919407909e-01	9.281664396587170351e-01
4.105000000000000315e-02	1.371668765419407909e-01	9.061937834087170351e-01
4.109999999999999765e-02	1.420496890419407909e-01	9.110765959087170351e-01
4.114999999999999908e-02	1.335047671669407909e-01	8.866625334087170351e-01
4.120000000000000051e-02	1.383875796669407909e-01	8.891039396587170351e-01
4.125000000000000194e-02	1.310633609169407909e-01	8.671312834087170351e-01
4.130000000000000338e-02	1.347254702919407909e-01	8.720140959087170351e-01
4.134999999999999787e-02	1.274012515419407909e-01	8.500414396587170351e-01
4.139999999999999930e-02	1.310633609169407909e-01	8.524828459087170351e-01
4.145000000000000073e-02	1.237391421669407909e-01	8.305101896587170351e-01
4.150000000000000216e-02	1.261805484169407909e-01	8.305101896587170351e-01
4.154999999999999666e-02	1.188563296669407909e-01	8.109789396587170351e-01
4.159999999999999809e-02	1.225184390419407909e-01	8.109789396587170351e-01
4.164999999999999952e-02	1.164149234169407909e-01	7.938890959087170351e-01
4.170000000000000095e-02	1.200770327919407909e-01	7.938890959087170351e-01
4.175000000000000239e-02	1.127528140419407909e-01	7.743578459087170351e-01
4.179999999999999688e-02	1.164149234169407909e-01	7.767992521587170351e-01
4.184999999999999831e-02	1.090907046669407909e-01	7.548265959087170351e-01
4.189999999999999974e-02	1.139735171669407909e-01	7.548265959087170351e-01
4.195000000000000118e-02	1.066492984169407909e-01	7.377367521587170351e-01
4.200000000000000261e-02	1.103114077919407909e-01	7.377367521587170351e-01
4.204999999999999710e-02	1.029871890419407909e-01	7.182055021587170351e-01
4.209999999999999853e-02	1.066492984169407909e-01	7.182055021587170351e-01
4.214999999999999997e-02	1.005457827919407909e-01	6.986742521587170351e-01
4.220000000000000140e-02	1.042078921669407909e-01	6.986742521587170351e-01
4.225000000000000283e-02	9.810437654194079093e-02	6.791430021587170351e-01
4.229999999999999732e-02	1.029871890419407909e-01	6.791430021587170351e-01
4.234999999999999876e-02	9.444226716694079093e-02	6.596117521587170351e-01
4.240000000000000019e-02	9.932507966694079093e-02	6.620531584087170351e-01
4.245000000000000162e-02	9.322156404194079093e-02	6.400805021587170351e-01
4.250000000000000305e-02	9.566297029194079093e-02	6.425219084087170351e-01
4.254999999999999755e-02	8.955945466694079093e-02	6.229906584087171462e-01
4.259999999999999898e-02	9.322156404194079093e-02	6.229906584087171462e-01
4.265000000000000041e-02	8.589734529194079093e-02	6.034594084087171462e-01
4.270000000000000184e-02	9.078015779194079093e-02	6.034594084087171462e-01
4.275000000000000328e-02	8.345593904194079093e-02	5.839281584087171462e-01
4.279999999999999777e-02	8.833875154194079093e-02	5.839281584087171462e-01
4.284999999999999920e-02	8.101453279194079093e-02	5.619555021587171462e-01
4.290000000000000063e-02	8.467664216694079093e-02	5.668383146587171462e-01
4.295000000000000207e-02	7.735242341694079093e-02	5.448656584087171462e-01
4.299999999999999656e-02	8.223523591694079093e-02	5.473070646587171462e-01
4.304999999999999799e-02	7.369031404194079093e-02	5.253344084087171462e-01
4.309999999999999942e-02	7.857312654194079093e-02	5.277758146587171462e-01
4.315000000000000085e-02	7.246961091694079093e-02	5.082445646587171462e-01
4.320000000000000229e-02	7.613172029194079093e-02	5.058031584087171462e-01
4.324999999999999678e-02	6.880750154194079093e-02	4.887133146587171462e-01
4.329999999999999821e-02	7.246961091694079093e-02	4.887133146587171462e-01
4.334999999999999964e-02	6.514539216694079093e-02	4.691820646587171462e-01
4.340000000000000108e-02	6.880750154194079093e-02	4.716234709087171462e-01
4.345000000000000251e-02	6.148328279194079093e-02	4.496508146587171462e-01
4.349999999999999700e-02	6.636609529194079093e-02	4.545336271587171462e-01
4.354999999999999843e-02	5.904187654194079093e-02	4.301195646587171462e-01
4.359999999999999987e-02	6.270398591694079093e-02	4.301195646587171462e-01
4.365000000000000130e-02	5.415906404194079093e-02	4.130297209087171462e-01
4.370000000000000273e-02	6.026257966694079093e-02	4.130297209087171462e-01
4.374999999999999722e-02	5.171765779194079093e-02	3.934984709087171462e-01
4.379999999999999866e-02	5.660047029194079093e-02	3.934984709087171462e-01
4.385000000000000009e-02	4.927625154194079093e-02	3.715258146587171462e-01
4.390000000000000152e-02	5.293836091694079093e-02	3.739672209087171462e-01
4.395000000000000295e-02	4.683484529194079093e-02	3.544359709087171462e-01
4.399999999999999745e-02	5.171765779194079093e-02	3.544359709087171462e-01
4.404999999999999888e-02	4.317273591694079093e-02	3.349047209087171462e-01
4.410000000000000031e-02	4.805554841694079093e-02	3.349047209087171462e-01
4.415000000000000174e-02	3.951062654194079093e-02	3.104906584087170907e-01
4.420000000000000318e-02	4.439343904194079093e-02	3.153734709087171462e-01
4.424999999999999767e-02	3.706922029194079093e-02	2.958422209087170907e-01
4.429999999999999910e-02	4.195203279194079093e-02	2.982836271587170907e-01
4.435000000000000053e-02	3.462781404194079093e-02	2.763109709087170907e-01
4.440000000000000197e-02	3.951062654194079093e-02	2.787523771587170907e-01
4.445000000000000340e-02	3.218640779194079093e-02	2.567797209087170907e-01
4.449999999999999789e-02	3.584851716694079093e-02	2.592211271587170907e-01
4.454999999999999932e-02	2.852429841694079093e-02	2.372484709087170907e-01
4.460000000000000075e-02	3.218640779194079093e-02	2.372484709087170907e-01
4.465000000000000219e-02	2.608289216694079093e-02	2.201586271587170907e-01
4.469999999999999668e-02	2.974500154194079093e-02	2.201586271587170907e-01
4.474999999999999811e-02	2.242078279194079093e-02	1.981859709087170907e-01
4.479999999999999954e-02	2.608289216694079093e-02	2.006273771587170907e-01
4.485000000000000098e-02	1.875867341694079093e-02	1.786547209087170907e-01
4.490000000000000241e-02	2.364148591694079093e-02	1.810961271587170907e-01
4.494999999999999690e-02	1.631726716694079093e-02	1.615648771587170907e-01
4.499999999999999833e-02	1.997937654194079093e-02	1.615648771587170907e-01
4.504999999999999977e-02	1.387586091694079093e-02	1.420336271587170907e-01
4.510000000000000120e-02	1.753797029194079093e-02	1.444750334087170907e-01
4.515000000000000263e-02	1.143445466694079093e-02	1.249437834087170907e-01
4.519999999999999712e-02	1.631726716694079093e-02	1.249437834087170907e-01
4.524999999999999856e-02	7.772345291940790067e-03	1.029711271587170907e-01
4.529999999999999999e-02	1.265515779194079093e-02	1.054125334087170907e-01
4.535000000000000142e-02	5.330939041940790067e-03	8.343987715871709065e-02
4.540000000000000285e-02	1.021375154194079093e-02	8.343987715871709065e-02
4.544999999999999735e-02	2.889532791940790067e-03	6.635003340871710453e-02
4.549999999999999878e-02	8.993048416940789200e-03	6.635003340871710453e-02
4.555000000000000021e-02	4.481265419407898503e-04	4.437737715871710453e-02
4.560000000000000164e-02	6.551642166940790067e-03	4.681878340871710453e-02
4.565000000000000308e-02	-1.993279708059209933e-03	2.728753340871710453e-02
4.569999999999999757e-02	2.889532791940790067e-03	2.972893965871710453e-02
4.574999999999999900e-02	-3.213982833059209933e-03	1.019768965871710627e-02
4.580000000000000043e-02	1.668829666940789850e-03	1.263909590871710627e-02
4.585000000000000187e-02	-5.655389083059209933e-03	-1.177496659128289373e-02
4.590000000000000330e-02	-1.993279708059209933e-03	-9.333560341282893733e-03
4.594999999999999779e-02	-8.096795333059210800e-03	-2.886481034128289547e-02
4.599999999999999922e-02	-5.655389083059209933e-03	-2.398199784128289547e-02
4.605000000000000066e-02	-1.053820158305920907e-02	-4.839606034128289547e-02
4.610000000000000209e-02	-6.876092208059209933e-03	-4.595465409128289547e-02
4.614999999999999658e-02	-1.297960783305920907e-02	-6.792731034128289547e-02
4.619999999999999801e-02	-9.317498458059210800e-03	-6.548590409128289547e-02
4.624999999999999944e-02	-1.664171720805920907e-02	-8.745856034128290935e-02
4.630000000000000088e-02	-1.297960783305920907e-02	-8.257574784128290935e-02
4.635000000000000231e-02	-2.030382658305920907e-02	-1.045484040912829093e-01
4.639999999999999680e-02	-1.542101408305920907e-02	-1.045484040912829093e-01
4.644999999999999823e-02	-2.274523283305920907e-02	-1.265210603412829093e-01
4.649999999999999967e-02	-1.908312345805920907e-02	-1.240796540912829093e-01
4.655000000000000110e-02	-2.640734220805920907e-02	-1.436109040912829093e-01
4.660000000000000253e-02	-2.274523283305920907e-02	-1.436109040912829093e-01
4.664999999999999702e-02	-2.884874845805920907e-02	-1.631421540912829093e-01
4.669999999999999846e-02	-2.518663908305920907e-02	-1.607007478412829093e-01
4.674999999999999989e-02	-3.251085783305920907e-02	-1.826734040912829093e-01
4.680000000000000132e-02	-2.884874845805920907e-02	-1.826734040912829093e-01
4.685000000000000275e-02	-3.739367033305920907e-02	-2.022046540912829093e-01
4.689999999999999725e-02	-3.251085783305920907e-02	-1.997632478412829093e-01
4.694999999999999868e-02	-3.861437345805920907e-02	-2.217359040912829093e-01
4.700000000000000011e-02	-3.495226408305920907e-02	-2.192944978412829093e-01
4.705000000000000154e-02	-4.349718595805920907e-02	-2.412671540912829093e-01
4.710000000000000298e-02	-3.739367033305920907e-02	-2.388257478412829093e-01
4.714999999999999747e-02	-4.349718595805920907e-02	-2.583569978412829093e-01
4.719999999999999890e-02	-3.983507658305920907e-02	-2.583569978412829093e-01
4.725000000000000033e-02	-4.593859220805920907e-02	-2.778882478412829093e-01
4.730000000000000177e-02	-4.227648283305920907e-02	-2.778882478412829093e-01
4.735000000000000320e-02	-4.837999845805920907e-02	-2.974194978412829093e-01
4.739999999999999769e-02	-4.471788908305920907e-02	-2.974194978412829093e-01
4.744999999999999912e-02	-5.082140470805920907e-02	-3.169507478412828538e-01
4.750000000000000056e-02	-4.593859220805920907e-02	-3.169507478412828538e-01
4.755000000000000199e-02	-5.326281095805920907e-02	-3.364819978412828538e-01
4.760000000000000342e-02	-4.960070158305920907e-02	-3.364819978412828538e-01
4.764999999999999791e-02	-5.570421720805920907e-02	-3.560132478412828538e-01
4.769999999999999934e-02	-5.204210783305920907e-02	-3.535718415912828538e-01
4.775000000000000078e-02	-5.936632658305920907e-02	-3.731030915912828538e-01
4.780000000000000221e-02	-5.448351408305920907e-02	-3.731030915912828538e-01
4.784999999999999670e-02	-6.180773283305920907e-02	-3.950757478412828538e-01
4.789999999999999813e-02	-5.692492033305920907e-02	-3.926343415912828538e-01
4.794999999999999957e-02	-6.546984220805920907e-02	-4.121655915912828538e-01
4.800000000000000100e-02	-6.180773283305920907e-02	-4.097241853412828538e-01
4.805000000000000243e-02	-6.791124845805920907e-02	-4.341382478412828538e-01
4.809999999999999692e-02	-6.302843595805920907e-02	-4.316968415912828538e-01
4.814999999999999836e-02	-7.035265470805920907e-02	-4.536694978412828538e-01
4.819999999999999979e-02	-6.546984220805920907e-02	-4.512280915912828538e-01
4.825000000000000122e-02	-7.279406095805920907e-02	-4.683179353412828538e-01
4.830000000000000265e-02	-6.913195158305920907e-02	-4.683179353412828538e-01
4.834999999999999715e-02	-7.645617033305920907e-02	-4.878491853412828538e-01
4.839999999999999858e-02	-7.279406095805920907e-02	-4.878491853412828538e-01
4.845000000000000001e-02	-7.889757658305920907e-02	-5.073804353412828538e-01
4.850000000000000144e-02	-7.523546720805920907e-02	-5.073804353412828538e-01
4.855000000000000288e-02	-8.255968595805920907e-02	-5.293530915912828538e-01
4.859999999999999737e-02	-7.767687345805920907e-02	-5.269116853412828538e-01
4.864999999999999880e-02	-8.500109220805920907e-02	-5.464429353412828538e-01
4.870000000000000023e-02	-8.011827970805920907e-02	-5.464429353412828538e-01
4.875000000000000167e-02	-8.866320158305920907e-02	-5.684155915912828538e-01
4.880000000000000310e-02	-8.500109220805920907e-02	-5.659741853412828538e-01
4.884999999999999759e-02	-8.988390470805920907e-02	-5.879468415912828538e-01
4.889999999999999902e-02	-8.622179533305920907e-02	-5.855054353412828538e-01
4.895000000000000046e-02	-9.476671720805920907e-02	-6.050366853412828538e-01
4.900000000000000189e-02	-8.988390470805920907e-02	-6.050366853412828538e-01
4.905000000000000332e-02	-9.598742033305920907e-02	-6.245679353412828538e-01
4.909999999999999781e-02	-9.354601408305920907e-02	-6.221265290912828538e-01
4.914999999999999925e-02	-1.008702328330592091e-01	-6.440991853412829649e-01
4.920000000000000068e-02	-9.598742033305920907e-02	-6.440991853412829649e-01
4.925000000000000211e-02	-1.033116390830592091e-01	-6.636304353412829649e-01
4.929999999999999660e-02	-9.842882658305920907e-02	-6.636304353412829649e-01
4.934999999999999803e-02	-1.057530453330592091e-01	-6.807202790912829649e-01
4.939999999999999947e-02	-1.020909359580592091e-01	-6.807202790912829649e-01
4.945000000000000090e-02	-1.081944515830592091e-01	-7.026929353412829649e-01
4.950000000000000233e-02	-1.045323422080592091e-01	-7.002515290912829649e-01
4.954999999999999682e-02	-1.106358578330592091e-01	-7.222241853412829649e-01
4.959999999999999826e-02	-1.057530453330592091e-01	-7.173413728412829649e-01
4.964999999999999969e-02	-1.118565609580592091e-01	-7.393140290912829649e-01
4.970000000000000112e-02	-1.069737484580592091e-01	-7.393140290912829649e-01
4.975000000000000255e-02	-1.155186703330592091e-01	-7.612866853412829649e-01
4.979999999999999705e-02	-1.106358578330592091e-01	-7.564038728412829649e-01
4.984999999999999848e-02	-1.167393734580592091e-01	-7.808179353412829649e-01
4.989999999999999991e-02	-1.130772640830592091e-01	-7.759351228412829649e-01
4.995000000000000134e-02	-1.191807797080592091e-01	-8.003491853412829649e-01
5.000000000000000278e-02	-1.167393734580592091e-01	-7.954663728412829649e-01
5.004999999999999727e-02	-1.240635922080592091e-01	-8.174390290912829649e-01
5.009999999999999870e-02	-1.204014828330592091e-01	-8.174390290912829649e-01
5.015000000000000013e-02	-1.252842953330592091e-01	-8.394116853412829649e-01
5.020000000000000157e-02	-1.216221859580592091e-01	-8.345288728412829649e-01
5.025000000000000300e-02	-1.289464047080592091e-01	-8.589429353412829649e-01
5.029999999999999749e-02	-1.252842953330592091e-01	-8.540601228412829649e-01
5.034999999999999892e-02	-1.326085140830592091e-01	-8.735913728412829649e-01
5.040000000000000036e-02	-1.277257015830592091e-01	-8.735913728412829649e-01
5.045000000000000179e-02	-1.350499203330592091e-01	-8.931226228412829649e-01
5.050000000000000322e-02	-1.313878109580592091e-01	-8.906812165912829649e-01
5.054999999999999771e-02	-1.387120297080592091e-01	-9.126538728412829649e-01
5.059999999999999915e-02	-1.338292172080592091e-01	-9.126538728412829649e-01
5.065000000000000058e-02	-1.411534359580592091e-01	-9.321851228412829649e-01
5.070000000000000201e-02	-1.374913265830592091e-01	-9.297437165912829649e-01
5.075000000000000344e-02	-1.435948422080592091e-01	-9.517163728412829649e-01
5.079999999999999793e-02	-1.387120297080592091e-01	-9.517163728412829649e-01
5.084999999999999937e-02	-1.472569515830592091e-01	-9.712476228412829649e-01
5.090000000000000080e-02	-1.411534359580592091e-01	-9.712476228412829649e-01
5.095000000000000223e-02	-1.496983578330592091e-01	-9.932202790912829649e-01
5.099999999999999672e-02	-1.435948422080592091e-01	-9.907788728412829649e-01
5.104999999999999816e-02	-1.509190609580592091e-01	-1.010310122841282965e+00
5.109999999999999959e-02	-1.472569515830592091e-01	-1.010310122841282965e+00
5.115000000000000102e-02	-1.533604672080592091e-01	-1.029841372841282965e+00
5.120000000000000245e-02	-1.484776547080592091e-01	-1.027399966591282965e+00
5.124999999999999695e-02	-1.570225765830592091e-01	-1.049372622841282965e+00
5.129999999999999838e-02	-1.533604672080592091e-01	-1.046931216591282965e+00
5.134999999999999981e-02	-1.594639828330592091e-01	-1.066462466591282965e+00
5.140000000000000124e-02	-1.558018734580592091e-01	-1.066462466591282965e+00
5.145000000000000268e-02	-1.619053890830592091e-01	-1.088435122841282965e+00
5.149999999999999717e-02	-1.570225765830592091e-01	-1.083552310341282965e+00
5.154999999999999860e-02	-1.643467953330592091e-01	-1.105524966591282965e+00
5.160000000000000003e-02	-1.594639828330592091e-01	-1.103083560341282965e+00
5.165000000000000147e-02	-1.667882015830592091e-01	-1.122614810341282965e+00
5.170000000000000290e-02	-1.631260922080592091e-01	-1.122614810341282965e+00
5.174999999999999739e-02	-1.692296078330592091e-01	-1.137263247841282965e+00
5.179999999999999882e-02	-1.655674984580592091e-01	-1.107966372841282965e+00
5.185000000000000026e-02	-1.728917172080592091e-01	-1.127497622841282965e+00
5.190000000000000169e-02	-1.680089047080592091e-01	-1.088435122841282965e+00
5.195000000000000312e-02	-1.741124203330592091e-01	-1.110407779091282965e+00
5.199999999999999761e-02	-1.680089047080592091e-01	-1.068903872841282965e+00
5.204999999999999905e-02	-1.753331234580592091e-01	-1.090876529091282965e+00
5.210000000000000048e-02	-1.667882015830592091e-01	-1.051814029091282965e+00
5.215000000000000191e-02	-1.741124203330592091e-01	-1.073786685341282965e+00
5.220000000000000334e-02	-1.619053890830592091e-01	-1.032282779091282965e+00
5.224999999999999784e-02	-1.704503109580592091e-01	-1.054255435341282965e+00
5.229999999999999927e-02	-1.570225765830592091e-01	-1.012751529091282965e+00
5.235000000000000070e-02	-1.655674984580592091e-01	-1.032282779091282965e+00
5.240000000000000213e-02	-1.509190609580592091e-01	-9.932202790912829649e-01
5.244999999999999662e-02	-1.594639828330592091e-01	-1.012751529091282965e+00
5.249999999999999806e-02	-1.448155453330592091e-01	-9.761304353412829649e-01
5.254999999999999949e-02	-1.521397640830592091e-01	-9.956616853412829649e-01
5.260000000000000092e-02	-1.399327328330592091e-01	-9.565991853412829649e-01
5.265000000000000235e-02	-1.472569515830592091e-01	-9.761304353412829649e-01
5.269999999999999685e-02	-1.362706234580592091e-01	-9.395093415912829649e-01
5.274999999999999828e-02	-1.423741390830592091e-01	-9.590405915912829649e-01
5.279999999999999971e-02	-1.326085140830592091e-01	-9.175366853412829649e-01
5.285000000000000114e-02	-1.399327328330592091e-01	-9.395093415912829649e-01
5.290000000000000258e-02	-1.313878109580592091e-01	-9.004468415912829649e-01
5.294999999999999707e-02	-1.374913265830592091e-01	-9.199780915912829649e-01
5.299999999999999850e-02	-1.289464047080592091e-01	-8.809155915912829649e-01
5.304999999999999993e-02	-1.350499203330592091e-01	-9.004468415912829649e-01
5.310000000000000137e-02	-1.265049984580592091e-01	-8.589429353412829649e-01
5.315000000000000280e-02	-1.338292172080592091e-01	-8.833569978412829649e-01
5.319999999999999729e-02	-1.240635922080592091e-01	-8.442944978412829649e-01
5.324999999999999872e-02	-1.313878109580592091e-01	-8.613843415912829649e-01
5.330000000000000016e-02	-1.228428890830592091e-01	-8.223218415912829649e-01
5.335000000000000159e-02	-1.277257015830592091e-01	-8.418530915912829649e-01
5.340000000000000302e-02	-1.191807797080592091e-01	-8.052319978412829649e-01
5.344999999999999751e-02	-1.265049984580592091e-01	-8.247632478412829649e-01
5.349999999999999895e-02	-1.167393734580592091e-01	-7.857007478412829649e-01
5.355000000000000038e-02	-1.240635922080592091e-01	-8.052319978412829649e-01
5.360000000000000181e-02	-1.130772640830592091e-01	-7.661694978412829649e-01
5.365000000000000324e-02	-1.204014828330592091e-01	-7.881421540912829649e-01
5.369999999999999774e-02	-1.094151547080592091e-01	-7.466382478412829649e-01
5.374999999999999917e-02	-1.167393734580592091e-01	-7.661694978412829649e-01
5.380000000000000060e-02	-1.057530453330592091e-01	-7.271069978412829649e-01
5.385000000000000203e-02	-1.130772640830592091e-01	-7.490796540912829649e-01
5.390000000000000346e-02	-1.008702328330592091e-01	-7.075757478412829649e-01
5.394999999999999796e-02	-1.094151547080592091e-01	-7.295484040912829649e-01
5.399999999999999939e-02	-9.842882658305920907e-02	-6.904859040912829649e-01
5.405000000000000082e-02	-1.057530453330592091e-01	-7.124585603412829649e-01
5.410000000000000225e-02	-9.476671720805920907e-02	-6.709546540912829649e-01
5.414999999999999675e-02	-1.020909359580592091e-01	-6.929273103412829649e-01
5.419999999999999818e-02	-9.232531095805920907e-02	-6.514234040912829649e-01
5.424999999999999961e-02	-9.842882658305920907e-02	-6.733960603412829649e-01
5.430000000000000104e-02	-8.866320158305920907e-02	-6.343335603412829649e-01
5.435000000000000248e-02	-9.476671720805920907e-02	-6.538648103412829649e-01
5.439999999999999697e-02	-8.622179533305920907e-02	-6.123609040912828538e-01
5.444999999999999840e-02	-9.232531095805920907e-02	-6.367749665912829649e-01
5.449999999999999983e-02	-8.255968595805920907e-02	-5.952710603412828538e-01
5.455000000000000127e-02	-8.988390470805920907e-02	-6.148023103412828538e-01
5.460000000000000270e-02	-8.011827970805920907e-02	-5.781812165912828538e-01
5.464999999999999719e-02	-8.744249845805920907e-02	-5.977124665912828538e-01
5.469999999999999862e-02	-7.645617033305920907e-02	-5.562085603412828538e-01
5.475000000000000006e-02	-8.378038908305920907e-02	-5.757398103412828538e-01
5.480000000000000149e-02	-7.401476408305920907e-02	-5.391187165912828538e-01
5.485000000000000292e-02	-8.133898283305920907e-02	-5.562085603412828538e-01
5.489999999999999741e-02	-7.157335783305920907e-02	-5.171460603412828538e-01
5.494999999999999885e-02	-7.889757658305920907e-02	-5.391187165912828538e-01
5.500000000000000028e-02	-6.913195158305920907e-02	-4.976148103412828538e-01
5.505000000000000171e-02	-7.523546720805920907e-02	-5.195874665912828538e-01
5.510000000000000314e-02	-6.669054533305920907e-02	-4.805249665912828538e-01
5.514999999999999764e-02	-7.401476408305920907e-02	-5.024976228412828538e-01
5.519999999999999907e-02	-6.424913908305920907e-02	-4.609937165912828538e-01
5.525000000000000050e-02	-6.913195158305920907e-02	-4.805249665912828538e-01
5.530000000000000193e-02	-6.058702970805920907e-02	-4.390210603412828538e-01
5.535000000000000336e-02	-6.669054533305920907e-02	-4.634351228412828538e-01
5.539999999999999786e-02	-5.692492033305920907e-02	-4.219312165912828538e-01
5.544999999999999929e-02	-6.424913908305920907e-02	-4.414624665912828538e-01
5.550000000000000072e-02	-5.448351408305920907e-02	-4.023999665912828538e-01
5.555000000000000215e-02	-6.180773283305920907e-02	-4.219312165912828538e-01
5.559999999999999665e-02	-5.082140470805920907e-02	-3.853101228412828538e-01
5.564999999999999808e-02	-5.814562345805920907e-02	-4.048413728412828538e-01
5.569999999999999951e-02	-4.837999845805920907e-02	-3.657788728412828538e-01
5.575000000000000094e-02	-5.570421720805920907e-02	-3.853101228412828538e-01
5.580000000000000238e-02	-4.593859220805920907e-02	-3.438062165912828538e-01
5.584999999999999687e-02	-5.204210783305920907e-02	-3.657788728412828538e-01
5.589999999999999830e-02	-4.349718595805920907e-02	-3.242749665912828538e-01
5.594999999999999973e-02	-4.960070158305920907e-02	-3.462476228412828538e-01
5.600000000000000117e-02	-3.983507658305920907e-02	-3.047437165912829093e-01
5.605000000000000260e-02	-4.593859220805920907e-02	-3.267163728412828538e-01
5.609999999999999709e-02	-3.617296720805920907e-02	-2.852124665912829093e-01
5.614999999999999852e-02	-4.349718595805920907e-02	-3.071851228412829093e-01
5.619999999999999996e-02	-3.129015470805920907e-02	-2.681226228412829093e-01
5.625000000000000139e-02	-3.983507658305920907e-02	-2.876538728412829093e-01
5.630000000000000282e-02	-3.006945158305920907e-02	-2.485913728412829093e-01
5.634999999999999731e-02	-3.739367033305920907e-02	-2.681226228412829093e-01
5.639999999999999875e-02	-2.762804533305920907e-02	-2.315015290912829093e-01
5.645000000000000018e-02	-3.373156095805920907e-02	-2.485913728412829093e-01
5.650000000000000161e-02	-2.396593595805920907e-02	-2.119702790912829093e-01
5.655000000000000304e-02	-3.006945158305920907e-02	-2.290601228412829093e-01
5.659999999999999754e-02	-2.030382658305920907e-02	-1.924390290912829093e-01
5.664999999999999897e-02	-2.640734220805920907e-02	-2.119702790912829093e-01
5.670000000000000040e-02	-1.786242033305920907e-02	-1.729077790912829093e-01
5.675000000000000183e-02	-2.396593595805920907e-02	-1.924390290912829093e-01
5.680000000000000326e-02	-1.542101408305920907e-02	-1.533765290912829093e-01
5.684999999999999776e-02	-2.030382658305920907e-02	-1.729077790912829093e-01
5.689999999999999919e-02	-1.175890470805920907e-02	-1.338452790912829093e-01
5.695000000000000062e-02	-1.908312345805920907e-02	-1.533765290912829093e-01
5.700000000000000205e-02	-9.317498458059210800e-03	-1.143140290912829093e-01
5.704999999999999655e-02	-1.542101408305920907e-02	-1.338452790912829093e-01
5.709999999999999798e-02	-5.655389083059209933e-03	-9.478277909128290935e-02
5.714999999999999941e-02	-1.297960783305920907e-02	-1.143140290912829093e-01
5.720000000000000084e-02	-4.434685958059209933e-03	-7.769293534128289547e-02
5.725000000000000228e-02	-8.096795333059210800e-03	-9.478277909128290935e-02
5.729999999999999677e-02	-7.725765830592101497e-04	-5.816168534128289547e-02
5.734999999999999820e-02	-5.655389083059209933e-03	-8.013434159128290935e-02
5.739999999999999963e-02	1.668829666940789850e-03	-3.618902909128289547e-02
5.745000000000000107e-02	-5.655389083059209933e-03	-5.572027909128289547e-02
5.750000000000000250e-02	4.110235916940790067e-03	-1.909918534128289547e-02
5.754999999999999699e-02	-3.213982833059209933e-03	-3.863043534128289547e-02
5.759999999999999842e-02	6.551642166940790067e-03	2.873470908717106267e-03
5.764999999999999986e-02	-7.725765830592101497e-04	-1.909918534128289547e-02
5.770000000000000129e-02	8.993048416940789200e-03	1.996331465871710453e-02
5.775000000000000272e-02	1.668829666940789850e-03	-2.009341591282893733e-03
5.779999999999999721e-02	1.143445466694079093e-02	3.461175215871710453e-02
5.784999999999999865e-02	4.110235916940790067e-03	1.996331465871710453e-02
5.790000000000000008e-02	1.387586091694079093e-02	5.414300215871710453e-02
5.795000000000000151e-02	6.551642166940790067e-03	3.461175215871710453e-02
5.800000000000000294e-02	1.631726716694079093e-02	7.367425215871710453e-02
5.804999999999999744e-02	8.993048416940789200e-03	5.658440840871710453e-02
5.809999999999999887e-02	1.997937654194079093e-02	9.564690840871709065e-02
5.815000000000000030e-02	1.265515779194079093e-02	7.367425215871710453e-02
5.820000000000000173e-02	2.242078279194079093e-02	1.127367521587170907e-01
5.825000000000000316e-02	1.509656404194079093e-02	9.320550215871709065e-02
5.829999999999999766e-02	2.486218904194079093e-02	1.322680021587170907e-01
5.834999999999999909e-02	1.753797029194079093e-02	1.127367521587170907e-01
5.840000000000000052e-02	2.852429841694079093e-02	1.517992521587170907e-01
5.845000000000000195e-02	2.120007966694079093e-02	1.322680021587170907e-01
5.850000000000000339e-02	3.096570466694079093e-02	1.713305021587170907e-01
5.854999999999999788e-02	2.364148591694079093e-02	1.517992521587170907e-01
5.859999999999999931e-02	3.340711091694079093e-02	1.859789396587170907e-01
5.865000000000000074e-02	2.730359529194079093e-02	1.713305021587170907e-01
5.870000000000000218e-02	3.828992341694079093e-02	2.079515959087170907e-01
5.874999999999999667e-02	2.974500154194079093e-02	1.908617521587170907e-01
5.879999999999999810e-02	4.195203279194079093e-02	2.274828459087170907e-01
5.884999999999999953e-02	3.340711091694079093e-02	2.079515959087170907e-01
5.890000000000000097e-02	4.317273591694079093e-02	2.470140959087170907e-01
5.895000000000000240e-02	3.584851716694079093e-02	2.274828459087170907e-01
5.899999999999999689e-02	4.561414216694079093e-02	2.689867521587170907e-01
5.904999999999999832e-02	3.951062654194079093e-02	2.470140959087170907e-01
5.909999999999999976e-02	4.927625154194079093e-02	2.860765959087170907e-01
5.915000000000000119e-02	4.073132966694079093e-02	2.665453459087170907e-01
5.920000000000000262e-02	5.049695466694079093e-02	3.080492521587170907e-01
5.924999999999999711e-02	4.439343904194079093e-02	2.836351896587170907e-01
5.929999999999999855e-02	5.293836091694079093e-02	3.226976896587171462e-01
5.934999999999999998e-02	4.561414216694079093e-02	3.056078459087170907e-01
5.940000000000000141e-02	5.537976716694079093e-02	3.422289396587171462e-01
5.945000000000000284e-02	4.927625154194079093e-02	3.251390959087171462e-01
5.949999999999999734e-02	5.782117341694079093e-02	3.642015959087171462e-01
5.954999999999999877e-02	4.927625154194079093e-02	3.397875334087171462e-01
5.960000000000000020e-02	6.026257966694079093e-02	3.837328459087171462e-01
5.965000000000000163e-02	5.415906404194079093e-02	3.617601896587171462e-01
5.970000000000000306e-02	6.392468904194079093e-02	4.032640959087171462e-01
5.974999999999999756e-02	5.660047029194079093e-02	3.812914396587171462e-01
5.979999999999999899e-02	6.758679841694079093e-02	4.203539396587171462e-01
5.985000000000000042e-02	6.026257966694079093e-02	4.008226896587171462e-01
5.990000000000000185e-02	7.002820466694079093e-02	4.398851896587171462e-01
5.995000000000000329e-02	6.270398591694079093e-02	4.203539396587171462e-01
5.999999999999999778e-02	7.246961091694079093e-02	4.594164396587171462e-01
6.004999999999999921e-02	6.514539216694079093e-02	4.398851896587171462e-01
6.010000000000000064e-02	7.491101716694079093e-02	4.789476896587171462e-01
6.015000000000000208e-02	6.758679841694079093e-02	4.594164396587171462e-01
6.019999999999999657e-02	7.735242341694079093e-02	5.009203459087171462e-01
6.024999999999999800e-02	7.002820466694079093e-02	4.789476896587171462e-01
6.029999999999999943e-02	7.979382966694079093e-02	5.180101896587171462e-01
6.035000000000000087e-02	7.369031404194079093e-02	4.960375334087171462e-01
6.040000000000000230e-02	8.223523591694079093e-02	5.351000334087171462e-01
6.044999999999999679e-02	7.491101716694079093e-02	5.155687834087171462e-01
6.049999999999999822e-02	8.589734529194079093e-02	5.546312834087171462e-01
6.054999999999999966e-02	7.857312654194079093e-02	5.351000334087171462e-01
6.060000000000000109e-02	8.833875154194079093e-02	5.741625334087171462e-01
6.065000000000000252e-02	8.101453279194079093e-02	5.546312834087171462e-01
6.069999999999999701e-02	9.078015779194079093e-02	5.936937834087171462e-01
6.074999999999999845e-02	8.345593904194079093e-02	5.741625334087171462e-01
6.079999999999999988e-02	9.444226716694079093e-02	6.132250334087171462e-01
6.085000000000000131e-02	8.711804841694079093e-02	5.912523771587171462e-01
6.090000000000000274e-02	9.688367341694079093e-02	6.327562834087170351e-01
6.094999999999999724e-02	9.078015779194079093e-02	6.107836271587171462e-01
6.099999999999999867e-02	1.005457827919407909e-01	6.522875334087170351e-01
6.105000000000000010e-02	9.322156404194079093e-02	6.327562834087170351e-01
6.110000000000000153e-02	1.017664859169407909e-01	6.718187834087170351e-01
6.115000000000000296e-02	9.566297029194079093e-02	6.498461271587170351e-01
6.119999999999999746e-02	1.042078921669407909e-01	6.913500334087170351e-01
6.124999999999999889e-02	9.810437654194079093e-02	6.693773771587170351e-01
6.130000000000000032e-02	1.078700015419407909e-01	7.084398771587170351e-01
6.135000000000000175e-02	1.005457827919407909e-01	6.889086271587170351e-01
6.140000000000000319e-02	1.115321109169407909e-01	7.279711271587170351e-01
6.144999999999999768e-02	1.042078921669407909e-01	7.059984709087170351e-01
6.149999999999999911e-02	1.127528140419407909e-01	7.475023771587170351e-01
6.155000000000000054e-02	1.078700015419407909e-01	7.279711271587170351e-01
6.160000000000000198e-02	1.164149234169407909e-01	7.670336271587170351e-01
6.165000000000000341e-02	1.090907046669407909e-01	7.450609709087170351e-01
6.169999999999999790e-02	1.200770327919407909e-01	7.865648771587170351e-01
6.174999999999999933e-02	1.127528140419407909e-01	7.645922209087170351e-01
6.180000000000000077e-02	1.225184390419407909e-01	8.036547209087170351e-01
6.185000000000000220e-02	1.151942202919407909e-01	7.865648771587170351e-01
6.189999999999999669e-02	1.237391421669407909e-01	8.231859709087170351e-01
6.194999999999999812e-02	1.176356265419407909e-01	8.060961271587170351e-01
6.199999999999999956e-02	1.274012515419407909e-01	8.451586271587170351e-01
6.205000000000000099e-02	1.212977359169407909e-01	8.256273771587170351e-01
6.210000000000000242e-02	1.310633609169407909e-01	8.622484709087170351e-01
6.214999999999999691e-02	1.237391421669407909e-01	8.427172209087170351e-01
6.219999999999999835e-02	1.322840640419407909e-01	8.817797209087170351e-01
6.224999999999999978e-02	1.261805484169407909e-01	8.622484709087170351e-01
6.230000000000000121e-02	1.359461734169407909e-01	9.013109709087170351e-01
6.235000000000000264e-02	1.286219546669407909e-01	8.817797209087170351e-01
6.239999999999999714e-02	1.396082827919407909e-01	9.208422209087170351e-01
6.244999999999999857e-02	1.322840640419407909e-01	9.013109709087170351e-01
6.250000000000000000e-02	1.420496890419407909e-01	9.403734709087170351e-01
6.254999999999999449e-02	1.347254702919407909e-01	9.208422209087170351e-01
6.260000000000000286e-02	1.444910952919407909e-01	9.599047209087170351e-01
6.264999999999999736e-02	1.371668765419407909e-01	9.379320646587170351e-01
6.270000000000000573e-02	1.469325015419407909e-01	9.769945646587170351e-01
6.275000000000000022e-02	1.396082827919407909e-01	9.599047209087170351e-01
6.279999999999999472e-02	1.493739077919407909e-01	9.965258146587170351e-01
6.285000000000000309e-02	1.432703921669407909e-01	9.769945646587170351e-01
6.289999999999999758e-02	1.530360171669407909e-01	1.016057064658717035e+00
6.295000000000000595e-02	1.457117984169407909e-01	9.965258146587170351e-01
6.300000000000000044e-02	1.554774234169407909e-01	1.038029720908717035e+00
6.304999999999999494e-02	1.481532046669407909e-01	1.016057064658717035e+00
6.310000000000000331e-02	1.579188296669407909e-01	1.052678158408717035e+00
6.314999999999999780e-02	1.518153140419407909e-01	1.033146908408717035e+00
6.320000000000000617e-02	1.591395327919407909e-01	1.072209408408717035e+00
6.325000000000000067e-02	1.542567202919407909e-01	1.055119564658717035e+00
6.329999999999999516e-02	1.640223452919407909e-01	1.094182064658717035e+00
6.335000000000000353e-02	1.566981265419407909e-01	1.074650814658717035e+00
6.339999999999999802e-02	1.664637515419407909e-01	1.113713314658717035e+00
6.345000000000000639e-02	1.579188296669407909e-01	1.094182064658717035e+00
6.350000000000000089e-02	1.676844546669407909e-01	1.130803158408717035e+00
6.354999999999999538e-02	1.603602359169407909e-01	1.111271908408717035e+00
6.360000000000000375e-02	1.701258609169407909e-01	1.150334408408717035e+00
6.364999999999999825e-02	1.628016421669407909e-01	1.130803158408717035e+00
6.370000000000000662e-02	1.737879702919407909e-01	1.169865658408717035e+00
6.375000000000000111e-02	1.664637515419407909e-01	1.150334408408717035e+00
6.379999999999999560e-02	1.774500796669407909e-01	1.189396908408717035e+00
6.385000000000000397e-02	1.689051577919407909e-01	1.169865658408717035e+00
6.389999999999999847e-02	1.786707827919407909e-01	1.201603939658717035e+00
6.395000000000000684e-02	1.725672671669407909e-01	1.186955502158717035e+00
6.400000000000000133e-02	1.798914859169407909e-01	1.191838314658717035e+00
6.404999999999999583e-02	1.737879702919407909e-01	1.167424252158717035e+00
6.410000000000000420e-02	1.823328921669407909e-01	1.172307064658717035e+00
6.414999999999999869e-02	1.762293765419407909e-01	1.150334408408717035e+00
6.419999999999999318e-02	1.823328921669407909e-01	1.152775814658717035e+00
6.425000000000000155e-02	1.762293765419407909e-01	1.133244564658717035e+00
6.429999999999999605e-02	1.811121890419407909e-01	1.135685970908717035e+00
6.435000000000000442e-02	1.725672671669407909e-01	1.113713314658717035e+00
6.439999999999999891e-02	1.774500796669407909e-01	1.116154720908717035e+00
6.444999999999999341e-02	1.689051577919407909e-01	1.094182064658717035e+00
6.450000000000000178e-02	1.713465640419407909e-01	1.096623470908717035e+00
6.454999999999999627e-02	1.628016421669407909e-01	1.077092220908717035e+00
6.460000000000000464e-02	1.676844546669407909e-01	1.079533627158717035e+00
6.464999999999999913e-02	1.579188296669407909e-01	1.055119564658717035e+00
6.469999999999999363e-02	1.628016421669407909e-01	1.060002377158717035e+00
6.475000000000000200e-02	1.554774234169407909e-01	1.040471127158717035e+00
6.479999999999999649e-02	1.579188296669407909e-01	1.040471127158717035e+00
6.485000000000000486e-02	1.505946109169407909e-01	1.020939877158717035e+00
6.489999999999999936e-02	1.530360171669407909e-01	1.020939877158717035e+00
6.494999999999999385e-02	1.457117984169407909e-01	1.001408627158717035e+00
6.500000000000000222e-02	1.505946109169407909e-01	1.001408627158717035e+00
6.504999999999999671e-02	1.432703921669407909e-01	9.818773771587170351e-01
6.510000000000000508e-02	1.481532046669407909e-01	9.843187834087170351e-01
6.514999999999999958e-02	1.420496890419407909e-01	9.647875334087170351e-01
6.519999999999999407e-02	1.457117984169407909e-01	9.623461271587170351e-01
6.525000000000000244e-02	1.396082827919407909e-01	9.452562834087170351e-01
6.529999999999999694e-02	1.432703921669407909e-01	9.452562834087170351e-01
6.535000000000000531e-02	1.371668765419407909e-01	9.257250334087170351e-01
6.539999999999999980e-02	1.420496890419407909e-01	9.257250334087170351e-01
6.544999999999999429e-02	1.347254702919407909e-01	9.037523771587170351e-01
6.550000000000000266e-02	1.396082827919407909e-01	9.061937834087170351e-01
6.554999999999999716e-02	1.310633609169407909e-01	8.842211271587170351e-01
6.560000000000000553e-02	1.347254702919407909e-01	8.866625334087170351e-01
6.565000000000000002e-02	1.261805484169407909e-01	8.671312834087170351e-01
6.569999999999999452e-02	1.298426577919407909e-01	8.671312834087170351e-01
6.575000000000000289e-02	1.225184390419407909e-01	8.476000334087170351e-01
6.579999999999999738e-02	1.274012515419407909e-01	8.476000334087170351e-01
6.585000000000000575e-02	1.200770327919407909e-01	8.305101896587170351e-01
6.590000000000000024e-02	1.237391421669407909e-01	8.305101896587170351e-01
6.594999999999999474e-02	1.164149234169407909e-01	8.109789396587170351e-01
6.600000000000000311e-02	1.200770327919407909e-01	8.109789396587170351e-01
6.604999999999999760e-02	1.127528140419407909e-01	7.914476896587170351e-01
6.610000000000000597e-02	1.164149234169407909e-01	7.914476896587170351e-01
6.615000000000000047e-02	1.103114077919407909e-01	7.719164396587170351e-01
6.619999999999999496e-02	1.139735171669407909e-01	7.743578459087170351e-01
6.625000000000000333e-02	1.066492984169407909e-01	7.548265959087170351e-01
6.629999999999999782e-02	1.103114077919407909e-01	7.548265959087170351e-01
6.635000000000000620e-02	1.042078921669407909e-01	7.352953459087170351e-01
6.640000000000000069e-02	1.090907046669407909e-01	7.352953459087170351e-01
6.644999999999999518e-02	1.017664859169407909e-01	7.157640959087170351e-01
6.650000000000000355e-02	1.054285952919407909e-01	7.182055021587170351e-01
6.654999999999999805e-02	9.810437654194079093e-02	6.962328459087170351e-01
6.660000000000000642e-02	1.029871890419407909e-01	6.986742521587170351e-01
6.665000000000000091e-02	9.566297029194079093e-02	6.791430021587170351e-01
6.669999999999999540e-02	1.005457827919407909e-01	6.791430021587170351e-01
6.675000000000000377e-02	9.200086091694079093e-02	6.571703459087170351e-01
6.679999999999999827e-02	9.688367341694079093e-02	6.596117521587170351e-01
6.685000000000000664e-02	8.955945466694079093e-02	6.376390959087170351e-01
6.690000000000000113e-02	9.322156404194079093e-02	6.400805021587170351e-01
6.694999999999999563e-02	8.711804841694079093e-02	6.181078459087171462e-01
6.700000000000000400e-02	8.955945466694079093e-02	6.205492521587171462e-01
6.704999999999999849e-02	8.223523591694079093e-02	5.985765959087171462e-01
6.710000000000000686e-02	8.711804841694079093e-02	6.034594084087171462e-01
6.715000000000000135e-02	7.979382966694079093e-02	5.839281584087171462e-01
6.719999999999999585e-02	8.467664216694079093e-02	5.814867521587171462e-01
6.725000000000000422e-02	7.735242341694079093e-02	5.619555021587171462e-01
6.729999999999999871e-02	8.101453279194079093e-02	5.643969084087171462e-01
6.734999999999999321e-02	7.491101716694079093e-02	5.424242521587171462e-01
6.740000000000000158e-02	7.857312654194079093e-02	5.448656584087171462e-01
6.744999999999999607e-02	7.124890779194079093e-02	5.253344084087171462e-01
6.750000000000000444e-02	7.613172029194079093e-02	5.253344084087171462e-01
6.754999999999999893e-02	6.880750154194079093e-02	5.033617521587171462e-01
6.759999999999999343e-02	7.246961091694079093e-02	5.058031584087171462e-01
6.765000000000000180e-02	6.636609529194079093e-02	4.862719084087171462e-01
6.769999999999999629e-02	7.002820466694079093e-02	4.862719084087171462e-01
6.775000000000000466e-02	6.392468904194079093e-02	4.667406584087171462e-01
6.779999999999999916e-02	6.758679841694079093e-02	4.691820646587171462e-01
6.784999999999999365e-02	6.026257966694079093e-02	4.472094084087171462e-01
6.790000000000000202e-02	6.392468904194079093e-02	4.472094084087171462e-01
6.794999999999999651e-02	5.782117341694079093e-02	4.301195646587171462e-01
6.800000000000000488e-02	6.148328279194079093e-02	4.276781584087171462e-01
6.804999999999999938e-02	5.537976716694079093e-02	4.081469084087171462e-01
6.809999999999999387e-02	5.904187654194079093e-02	4.105883146587171462e-01
6.815000000000000224e-02	5.171765779194079093e-02	3.910570646587171462e-01
6.819999999999999674e-02	5.537976716694079093e-02	3.910570646587171462e-01
6.825000000000000511e-02	4.927625154194079093e-02	3.715258146587171462e-01
6.829999999999999960e-02	5.171765779194079093e-02	3.715258146587171462e-01
6.834999999999999409e-02	4.561414216694079093e-02	3.519945646587171462e-01
6.840000000000000246e-02	4.927625154194079093e-02	3.544359709087171462e-01
6.844999999999999696e-02	4.195203279194079093e-02	3.324633146587171462e-01
6.850000000000000533e-02	4.683484529194079093e-02	3.324633146587171462e-01
6.854999999999999982e-02	3.951062654194079093e-02	3.129320646587171462e-01
6.859999999999999432e-02	4.195203279194079093e-02	3.153734709087171462e-01
6.865000000000000269e-02	3.584851716694079093e-02	2.958422209087170907e-01
6.869999999999999718e-02	3.828992341694079093e-02	2.958422209087170907e-01
6.875000000000000555e-02	3.218640779194079093e-02	2.763109709087170907e-01
6.880000000000000004e-02	3.584851716694079093e-02	2.763109709087170907e-01
6.884999999999999454e-02	2.852429841694079093e-02	2.567797209087170907e-01
6.890000000000000291e-02	3.340711091694079093e-02	2.592211271587170907e-01
6.894999999999999740e-02	2.608289216694079093e-02	2.348070646587170907e-01
6.900000000000000577e-02	2.974500154194079093e-02	2.396898771587170907e-01
6.905000000000000027e-02	2.364148591694079093e-02	2.177172209087170907e-01
6.909999999999999476e-02	2.730359529194079093e-02	2.177172209087170907e-01
6.915000000000000313e-02	1.997937654194079093e-02	1.957445646587170907e-01
6.919999999999999762e-02	2.486218904194079093e-02	1.981859709087170907e-01
6.925000000000000600e-02	1.875867341694079093e-02	1.786547209087170907e-01
6.930000000000000049e-02	2.242078279194079093e-02	1.810961271587170907e-01
6.934999999999999498e-02	1.631726716694079093e-02	1.591234709087170907e-01
6.940000000000000335e-02	2.120007966694079093e-02	1.615648771587170907e-01
6.944999999999999785e-02	1.265515779194079093e-02	1.395922209087170907e-01
6.950000000000000622e-02	1.875867341694079093e-02	1.395922209087170907e-01
6.955000000000000071e-02	1.265515779194079093e-02	1.200609709087170907e-01
6.959999999999999520e-02	1.387586091694079093e-02	1.225023771587170907e-01
6.965000000000000357e-02	7.772345291940790067e-03	1.029711271587170907e-01
6.969999999999999807e-02	1.143445466694079093e-02	1.029711271587170907e-01
6.975000000000000644e-02	4.110235916940790067e-03	8.343987715871709065e-02
6.980000000000000093e-02	8.993048416940789200e-03	8.343987715871709065e-02
6.984999999999999543e-02	4.481265419407898503e-04	6.390862715871710453e-02
6.990000000000000380e-02	5.330939041940790067e-03	6.635003340871710453e-02
6.994999999999999829e-02	-1.993279708059209933e-03	4.437737715871710453e-02
7.000000000000000666e-02	2.889532791940790067e-03	4.437737715871710453e-02
7.005000000000000115e-02	-4.434685958059209933e-03	2.484612715871710453e-02
7.009999999999999565e-02	-7.725765830592101497e-04	2.728753340871710453e-02
7.015000000000000402e-02	-5.655389083059209933e-03	1.019768965871710627e-02
7.019999999999999851e-02	-3.213982833059209933e-03	1.019768965871710627e-02
7.025000000000000688e-02	-8.096795333059210800e-03	-9.333560341282893733e-03
7.030000000000000138e-02	-4.434685958059209933e-03	-1.177496659128289373e-02
7.034999999999999587e-02	-1.053820158305920907e-02	-3.130621659128289547e-02
7.040000000000000424e-02	-5.655389083059209933e-03	-3.130621659128289547e-02
7.044999999999999873e-02	-1.175890470805920907e-02	-4.839606034128289547e-02
7.049999999999999323e-02	-8.096795333059210800e-03	-4.839606034128289547e-02
7.055000000000000160e-02	-1.542101408305920907e-02	-7.036871659128289547e-02
7.059999999999999609e-02	-1.175890470805920907e-02	-6.792731034128289547e-02
7.065000000000000446e-02	-1.786242033305920907e-02	-8.745856034128290935e-02
7.069999999999999896e-02	-1.420031095805920907e-02	-8.745856034128290935e-02
7.074999999999999345e-02	-2.152452970805920907e-02	-1.069898103412829093e-01
7.080000000000000182e-02	-1.786242033305920907e-02	-1.069898103412829093e-01
7.084999999999999631e-02	-2.396593595805920907e-02	-1.265210603412829093e-01
7.090000000000000469e-02	-2.030382658305920907e-02	-1.240796540912829093e-01
7.094999999999999918e-02	-2.762804533305920907e-02	-1.460523103412829093e-01
7.099999999999999367e-02	-2.274523283305920907e-02	-1.436109040912829093e-01
7.105000000000000204e-02	-3.006945158305920907e-02	-1.631421540912829093e-01
7.109999999999999654e-02	-2.640734220805920907e-02	-1.631421540912829093e-01
7.115000000000000491e-02	-3.251085783305920907e-02	-1.851148103412829093e-01
7.119999999999999940e-02	-2.884874845805920907e-02	-1.826734040912829093e-01
7.124999999999999389e-02	-3.617296720805920907e-02	-2.046460603412829093e-01
7.130000000000000226e-02	-3.129015470805920907e-02	-1.997632478412829093e-01
7.134999999999999676e-02	-3.861437345805920907e-02	-2.217359040912829093e-01
7.140000000000000513e-02	-3.373156095805920907e-02	-2.217359040912829093e-01
7.144999999999999962e-02	-3.983507658305920907e-02	-2.437085603412829093e-01
7.149999999999999412e-02	-3.617296720805920907e-02	-2.412671540912829093e-01
7.155000000000000249e-02	-4.349718595805920907e-02	-2.632398103412829093e-01
7.159999999999999698e-02	-3.983507658305920907e-02	-2.607984040912829093e-01
7.165000000000000535e-02	-4.593859220805920907e-02	-2.803296540912829093e-01
7.169999999999999984e-02	-4.105577970805920907e-02	-2.778882478412829093e-01
7.174999999999999434e-02	-4.960070158305920907e-02	-2.998609040912829093e-01
7.180000000000000271e-02	-4.471788908305920907e-02	-2.974194978412829093e-01
7.184999999999999720e-02	-5.204210783305920907e-02	-3.193921540912828538e-01
7.190000000000000557e-02	-4.837999845805920907e-02	-3.169507478412828538e-01
7.195000000000000007e-02	-5.448351408305920907e-02	-3.389234040912828538e-01
7.199999999999999456e-02	-4.960070158305920907e-02	-3.364819978412828538e-01
7.205000000000000293e-02	-5.692492033305920907e-02	-3.608960603412828538e-01
7.209999999999999742e-02	-5.326281095805920907e-02	-3.560132478412828538e-01
7.215000000000000580e-02	-6.058702970805920907e-02	-3.755444978412828538e-01
7.220000000000000029e-02	-5.570421720805920907e-02	-3.755444978412828538e-01
7.224999999999999478e-02	-6.302843595805920907e-02	-3.975171540912828538e-01
7.230000000000000315e-02	-5.814562345805920907e-02	-3.950757478412828538e-01
7.234999999999999765e-02	-6.546984220805920907e-02	-4.146069978412828538e-01
7.240000000000000602e-02	-6.180773283305920907e-02	-4.146069978412828538e-01
7.245000000000000051e-02	-6.791124845805920907e-02	-4.341382478412828538e-01
7.249999999999999500e-02	-6.424913908305920907e-02	-4.341382478412828538e-01
7.255000000000000338e-02	-7.035265470805920907e-02	-4.536694978412828538e-01
7.259999999999999787e-02	-6.669054533305920907e-02	-4.536694978412828538e-01
7.265000000000000624e-02	-7.401476408305920907e-02	-4.707593415912828538e-01
7.270000000000000073e-02	-6.913195158305920907e-02	-4.707593415912828538e-01
7.274999999999999523e-02	-7.645617033305920907e-02	-4.927319978412828538e-01
7.280000000000000360e-02	-7.279406095805920907e-02	-4.902905915912828538e-01
7.284999999999999809e-02	-8.011827970805920907e-02	-5.122632478412828538e-01
7.290000000000000646e-02	-7.645617033305920907e-02	-5.098218415912828538e-01
7.295000000000000095e-02	-8.133898283305920907e-02	-5.317944978412828538e-01
7.299999999999999545e-02	-7.767687345805920907e-02	-5.293530915912828538e-01
7.305000000000000382e-02	-8.622179533305920907e-02	-5.488843415912828538e-01
7.309999999999999831e-02	-8.133898283305920907e-02	-5.488843415912828538e-01
7.315000000000000668e-02	-8.744249845805920907e-02	-5.708569978412828538e-01
7.320000000000000118e-02	-8.500109220805920907e-02	-5.684155915912828538e-01
7.324999999999999567e-02	-9.110460783305920907e-02	-5.903882478412828538e-01
7.330000000000000404e-02	-8.622179533305920907e-02	-5.879468415912828538e-01
7.334999999999999853e-02	-9.354601408305920907e-02	-6.074780915912828538e-01
7.340000000000000691e-02	-8.988390470805920907e-02	-6.074780915912828538e-01
7.345000000000000140e-02	-9.598742033305920907e-02	-6.245679353412828538e-01
7.349999999999999589e-02	-9.110460783305920907e-02	-6.245679353412828538e-01
7.355000000000000426e-02	-9.842882658305920907e-02	-6.465405915912829649e-01
7.359999999999999876e-02	-9.354601408305920907e-02	-6.440991853412829649e-01
7.364999999999999325e-02	-1.008702328330592091e-01	-6.660718415912829649e-01
7.370000000000000162e-02	-9.598742033305920907e-02	-6.636304353412829649e-01
7.374999999999999611e-02	-1.033116390830592091e-01	-6.856030915912829649e-01
7.380000000000000449e-02	-9.720812345805920907e-02	-6.831616853412829649e-01
7.384999999999999898e-02	-1.057530453330592091e-01	-7.026929353412829649e-01
7.389999999999999347e-02	-1.008702328330592091e-01	-7.051343415912829649e-01
7.395000000000000184e-02	-1.069737484580592091e-01	-7.246655915912829649e-01
7.399999999999999634e-02	-1.033116390830592091e-01	-7.246655915912829649e-01
7.405000000000000471e-02	-1.106358578330592091e-01	-7.417554353412829649e-01
7.409999999999999920e-02	-1.069737484580592091e-01	-7.417554353412829649e-01
7.414999999999999369e-02	-1.130772640830592091e-01	-7.612866853412829649e-01
7.420000000000000207e-02	-1.094151547080592091e-01	-7.612866853412829649e-01
7.424999999999999656e-02	-1.155186703330592091e-01	-7.808179353412829649e-01
7.430000000000000493e-02	-1.118565609580592091e-01	-7.808179353412829649e-01
7.434999999999999942e-02	-1.191807797080592091e-01	-8.003491853412829649e-01
7.439999999999999392e-02	-1.155186703330592091e-01	-7.979077790912829649e-01
7.445000000000000229e-02	-1.204014828330592091e-01	-8.174390290912829649e-01
7.449999999999999678e-02	-1.179600765830592091e-01	-8.174390290912829649e-01
7.455000000000000515e-02	-1.240635922080592091e-01	-8.369702790912829649e-01
7.459999999999999964e-02	-1.204014828330592091e-01	-8.369702790912829649e-01
7.464999999999999414e-02	-1.265049984580592091e-01	-8.565015290912829649e-01
7.470000000000000251e-02	-1.228428890830592091e-01	-8.540601228412829649e-01
7.474999999999999700e-02	-1.301671078330592091e-01	-8.760327790912829649e-01
7.480000000000000537e-02	-1.252842953330592091e-01	-8.760327790912829649e-01
7.484999999999999987e-02	-1.313878109580592091e-01	-8.955640290912829649e-01
7.489999999999999436e-02	-1.277257015830592091e-01	-8.931226228412829649e-01
7.495000000000000273e-02	-1.350499203330592091e-01	-9.150952790912829649e-01
7.499999999999999722e-02	-1.313878109580592091e-01	-9.126538728412829649e-01
7.505000000000000560e-02	-1.387120297080592091e-01	-9.346265290912829649e-01
7.510000000000000009e-02	-1.338292172080592091e-01	-9.321851228412829649e-01
7.514999999999999458e-02	-1.411534359580592091e-01	-9.541577790912829649e-01
7.520000000000000295e-02	-1.387120297080592091e-01	-9.517163728412829649e-01
7.524999999999999745e-02	-1.435948422080592091e-01	-9.712476228412829649e-01
7.530000000000000582e-02	-1.399327328330592091e-01	-9.712476228412829649e-01
7.535000000000000031e-02	-1.460362484580592091e-01	-9.932202790912829649e-01
7.539999999999999480e-02	-1.423741390830592091e-01	-9.907788728412829649e-01
7.545000000000000318e-02	-1.496983578330592091e-01	-1.010310122841282965e+00
7.549999999999999767e-02	-1.460362484580592091e-01	-1.010310122841282965e+00
7.555000000000000604e-02	-1.521397640830592091e-01	-1.032282779091282965e+00
7.560000000000000053e-02	-1.484776547080592091e-01	-1.029841372841282965e+00
7.564999999999999503e-02	-1.545811703330592091e-01	-1.049372622841282965e+00
7.570000000000000340e-02	-1.509190609580592091e-01	-1.046931216591282965e+00
7.574999999999999789e-02	-1.582432797080592091e-01	-1.068903872841282965e+00
7.580000000000000626e-02	-1.533604672080592091e-01	-1.068903872841282965e+00
7.585000000000000075e-02	-1.606846859580592091e-01	-1.090876529091282965e+00
7.589999999999999525e-02	-1.558018734580592091e-01	-1.083552310341282965e+00
7.595000000000000362e-02	-1.631260922080592091e-01	-1.105524966591282965e+00
