time[s]	CH1[V]	CH2[V] (num. of cycles: 1)
0.000000000000000000e+00	-5.006652832031249778e-02	-1.221668444181743363e+00
1.000000000000000082e-05	-5.006652832031249778e-02	-1.221668444181743363e+00
2.000000000000000164e-05	-5.006652832031249778e-02	-1.218006334806743363e+00
3.000000000000000076e-05	-5.006652832031249778e-02	-1.225330553556743363e+00
4.000000000000000327e-05	-5.006652832031249778e-02	-1.222889147306743363e+00
5.000000000000000240e-05	-5.006652832031249778e-02	-1.228992662931743363e+00
6.000000000000000152e-05	-5.006652832031249778e-02	-1.226551256681743363e+00
6.999999999999999387e-05	-5.006652832031249778e-02	-1.233875475431743363e+00
8.000000000000000654e-05	-5.006652832031249778e-02	-1.230213366056743363e+00
9.000000000000000567e-05	-5.006652832031249778e-02	-1.236316881681743363e+00
1.000000000000000048e-04	-5.006652832031249778e-02	-1.233875475431743363e+00
1.100000000000000039e-04	-5.006652832031249778e-02	-1.239978991056743363e+00
1.200000000000000030e-04	-5.006652832031249778e-02	-1.237537584806743363e+00
1.299999999999999886e-04	-5.006652832031249778e-02	-1.244861803556743363e+00
1.399999999999999877e-04	-5.006652832031249778e-02	-1.241199694181743363e+00
1.499999999999999869e-04	-5.006652832031249778e-02	-1.248523912931743363e+00
1.600000000000000131e-04	-5.006652832031249778e-02	-1.244861803556743363e+00
1.700000000000000122e-04	-5.006652832031249778e-02	-1.250965319181743585e+00
1.800000000000000113e-04	-5.006652832031249778e-02	-1.248523912931743363e+00
1.900000000000000105e-04	-5.006652832031249778e-02	-1.254627428556743585e+00
2.000000000000000096e-04	-5.006652832031249778e-02	-1.252186022306743585e+00
2.100000000000000087e-04	-5.006652832031249778e-02	-1.259510241056743585e+00
2.200000000000000078e-04	-5.006652832031249778e-02	-1.255848131681743585e+00
2.300000000000000070e-04	-5.006652832031249778e-02	-1.263172350431743585e+00
2.400000000000000061e-04	-5.006652832031249778e-02	-1.259510241056743585e+00
2.500000000000000052e-04	-5.006652832031249778e-02	-1.266834459806743585e+00
2.599999999999999772e-04	-5.006652832031249778e-02	-1.263172350431743585e+00
2.700000000000000035e-04	-5.006652832031249778e-02	-1.270496569181743585e+00
2.799999999999999755e-04	-5.006652832031249778e-02	-1.266834459806743585e+00
2.900000000000000017e-04	-5.006652832031249778e-02	-1.274158678556743585e+00
2.999999999999999737e-04	-5.006652832031249778e-02	-1.270496569181743585e+00
3.099999999999999999e-04	-5.006652832031249778e-02	-1.277820787931743585e+00
3.200000000000000262e-04	-5.006652832031249778e-02	-1.274158678556743585e+00
3.299999999999999982e-04	-5.006652832031249778e-02	-1.281482897306743585e+00
3.400000000000000244e-04	-5.006652832031249778e-02	-1.277820787931743585e+00
3.499999999999999964e-04	-5.006652832031249778e-02	-1.285145006681743585e+00
3.600000000000000227e-04	-5.006652832031249778e-02	-1.281482897306743585e+00
3.699999999999999947e-04	-5.006652832031249778e-02	-1.288807116056743585e+00
3.800000000000000209e-04	-5.006652832031249778e-02	-1.285145006681743585e+00
3.899999999999999929e-04	-5.006652832031249778e-02	-1.292469225431743585e+00
4.000000000000000192e-04	-5.006652832031249778e-02	-1.288807116056743585e+00
4.099999999999999912e-04	-5.006652832031249778e-02	-1.296131334806743585e+00
4.200000000000000174e-04	-5.006652832031249778e-02	-1.292469225431743585e+00
4.299999999999999894e-04	-5.006652832031249778e-02	-1.299793444181743585e+00
4.400000000000000157e-04	-5.006652832031249778e-02	-1.296131334806743585e+00
4.499999999999999877e-04	-5.006652832031249778e-02	-1.303455553556743585e+00
4.600000000000000139e-04	-5.006652832031249778e-02	-1.299793444181743585e+00
4.699999999999999859e-04	-5.006652832031249778e-02	-1.307117662931743585e+00
4.800000000000000122e-04	-5.006652832031249778e-02	-1.303455553556743585e+00
4.899999999999999842e-04	-5.006652832031249778e-02	-1.310779772306743585e+00
5.000000000000000104e-04	-5.006652832031249778e-02	-1.307117662931743585e+00
5.100000000000000366e-04	-5.006652832031249778e-02	-1.314441881681743585e+00
5.199999999999999544e-04	-5.006652832031249778e-02	-1.310779772306743585e+00
5.299999999999999807e-04	-5.006652832031249778e-02	-1.318103991056743585e+00
5.400000000000000069e-04	-5.006652832031249778e-02	-1.314441881681743585e+00
5.500000000000000331e-04	-5.006652832031249778e-02	-1.321766100431743585e+00
5.599999999999999509e-04	-5.006652832031249778e-02	-1.318103991056743585e+00
5.699999999999999772e-04	-5.006652832031249778e-02	-1.325428209806743585e+00
5.800000000000000034e-04	-5.006652832031249778e-02	-1.321766100431743585e+00
5.900000000000000296e-04	-5.006652832031249778e-02	-1.329090319181743585e+00
5.999999999999999474e-04	-5.006652832031249778e-02	-1.325428209806743585e+00
6.099999999999999737e-04	-5.006652832031249778e-02	-1.332752428556743585e+00
6.199999999999999999e-04	-5.006652832031249778e-02	-1.329090319181743585e+00
6.300000000000000261e-04	-5.006652832031249778e-02	-1.336414537931743585e+00
6.400000000000000524e-04	-5.006652832031249778e-02	-1.332752428556743585e+00
6.499999999999999702e-04	-5.006652832031249778e-02	-1.340076647306743585e+00
6.599999999999999964e-04	-5.006652832031249778e-02	-1.336414537931743585e+00
6.700000000000000226e-04	-5.006652832031249778e-02	-1.343738756681743585e+00
6.800000000000000488e-04	-5.006652832031249778e-02	-1.340076647306743585e+00
6.899999999999999667e-04	-5.006652832031249778e-02	-1.347400866056743585e+00
6.999999999999999929e-04	-5.006652832031249778e-02	-1.343738756681743585e+00
7.100000000000000191e-04	-5.006652832031249778e-02	-1.351062975431743585e+00
7.200000000000000453e-04	-5.006652832031249778e-02	-1.347400866056743585e+00
7.299999999999999632e-04	-5.006652832031249778e-02	-1.354725084806743585e+00
7.399999999999999894e-04	-5.006652832031249778e-02	-1.351062975431743585e+00
7.500000000000000156e-04	-5.006652832031249778e-02	-1.358387194181743585e+00
7.600000000000000418e-04	-5.006652832031249778e-02	-1.354725084806743585e+00
7.699999999999999597e-04	-5.006652832031249778e-02	-1.362049303556743585e+00
7.799999999999999859e-04	-5.006652832031249778e-02	-1.358387194181743585e+00
7.900000000000000121e-04	-5.006652832031249778e-02	-1.364490709806743585e+00
8.000000000000000383e-04	-5.006652832031249778e-02	-1.362049303556743585e+00
8.099999999999999561e-04	-5.006652832031249778e-02	-1.368152819181743585e+00
8.199999999999999824e-04	-5.006652832031249778e-02	-1.365711412931743585e+00
8.300000000000000086e-04	-5.006652832031249778e-02	-1.371814928556743585e+00
8.400000000000000348e-04	-5.006652832031249778e-02	-1.369373522306743585e+00
8.499999999999999526e-04	-5.006652832031249778e-02	-1.376697741056743585e+00
8.599999999999999789e-04	-5.006652832031249778e-02	-1.373035631681743585e+00
8.700000000000000051e-04	-5.006652832031249778e-02	-1.379139147306743585e+00
8.800000000000000313e-04	-5.006652832031249778e-02	-1.375477037931743585e+00
8.899999999999999491e-04	-5.006652832031249778e-02	-1.382801256681743585e+00
8.999999999999999754e-04	-5.006652832031249778e-02	-1.379139147306743585e+00
9.100000000000000016e-04	-5.006652832031249778e-02	-1.386463366056743585e+00
9.200000000000000278e-04	-5.006652832031249778e-02	-1.382801256681743585e+00
9.300000000000000541e-04	-5.006652832031249778e-02	-1.390125475431743585e+00
9.399999999999999719e-04	-5.006652832031249778e-02	-1.387684069181743585e+00
9.499999999999999981e-04	-5.006652832031249778e-02	-1.393787584806743585e+00
9.600000000000000243e-04	-5.006652832031249778e-02	-1.390125475431743585e+00
9.700000000000000505e-04	-5.006652832031249778e-02	-1.397449694181743585e+00
9.799999999999999684e-04	-5.006652832031249778e-02	-1.393787584806743585e+00
9.899999999999999946e-04	-5.006652832031249778e-02	-1.401111803556743585e+00
1.000000000000000021e-03	-5.006652832031249778e-02	-1.391346178556743585e+00
1.010000000000000047e-03	-5.006652832031249778e-02	-1.398670397306743585e+00
1.020000000000000073e-03	-5.006652832031249778e-02	-1.386463366056743585e+00
1.030000000000000100e-03	-5.006652832031249778e-02	-1.393787584806743585e+00
1.039999999999999909e-03	-5.006652832031249778e-02	-1.382801256681743585e+00
1.049999999999999935e-03	-5.006652832031249778e-02	-1.390125475431743585e+00
1.059999999999999961e-03	-5.006652832031249778e-02	-1.377918444181743585e+00
1.069999999999999988e-03	-5.006652832031249778e-02	-1.385242662931743585e+00
1.080000000000000014e-03	-5.006652832031249778e-02	-1.374256334806743585e+00
1.090000000000000040e-03	-5.006652832031249778e-02	-1.381580553556743585e+00
1.100000000000000066e-03	-5.006652832031249778e-02	-1.369373522306743585e+00
1.110000000000000092e-03	-5.006652832031249778e-02	-1.376697741056743585e+00
1.119999999999999902e-03	-5.006652832031249778e-02	-1.364490709806743585e+00
1.129999999999999928e-03	-5.006652832031249778e-02	-1.371814928556743585e+00
1.139999999999999954e-03	-5.006652832031249778e-02	-1.360828600431743585e+00
1.149999999999999981e-03	-5.006652832031249778e-02	-1.368152819181743585e+00
1.160000000000000007e-03	-5.006652832031249778e-02	-1.355945787931743585e+00
1.170000000000000033e-03	-5.006652832031249778e-02	-1.363270006681743585e+00
1.180000000000000059e-03	-5.006652832031249778e-02	-1.351062975431743585e+00
1.190000000000000085e-03	-5.006652832031249778e-02	-1.359607897306743585e+00
1.199999999999999895e-03	-5.006652832031249778e-02	-1.347400866056743585e+00
1.209999999999999921e-03	-5.006652832031249778e-02	-1.354725084806743585e+00
1.219999999999999947e-03	-5.006652832031249778e-02	-1.342518053556743585e+00
1.229999999999999974e-03	-5.006652832031249778e-02	-1.351062975431743585e+00
1.240000000000000000e-03	-5.006652832031249778e-02	-1.338855944181743585e+00
1.250000000000000026e-03	-5.006652832031249778e-02	-1.346180162931743585e+00
1.260000000000000052e-03	-5.006652832031249778e-02	-1.333973131681743585e+00
1.270000000000000078e-03	-5.006652832031249778e-02	-1.341297350431743585e+00
1.280000000000000105e-03	-5.006652832031249778e-02	-1.330311022306743585e+00
1.289999999999999914e-03	-5.006652832031249778e-02	-1.337635241056743585e+00
1.299999999999999940e-03	-5.006652832031249778e-02	-1.325428209806743585e+00
1.309999999999999967e-03	-5.006652832031249778e-02	-1.333973131681743585e+00
1.319999999999999993e-03	-5.006652832031249778e-02	-1.320545397306743585e+00
1.330000000000000019e-03	-5.006652832031249778e-02	-1.329090319181743585e+00
1.340000000000000045e-03	-5.006652832031249778e-02	-1.316883287931743585e+00
1.350000000000000071e-03	-5.006652832031249778e-02	-1.324207506681743585e+00
1.360000000000000098e-03	-5.006652832031249778e-02	-1.312000475431743585e+00
1.369999999999999907e-03	-5.006652832031249778e-02	-1.320545397306743585e+00
1.379999999999999933e-03	-5.006652832031249778e-02	-1.308338366056743585e+00
1.389999999999999960e-03	-5.006652832031249778e-02	-1.315662584806743585e+00
1.399999999999999986e-03	-5.006652832031249778e-02	-1.303455553556743585e+00
1.410000000000000012e-03	-5.006652832031249778e-02	-1.310779772306743585e+00
1.420000000000000038e-03	-5.006652832031249778e-02	-1.299793444181743585e+00
1.430000000000000064e-03	-5.006652832031249778e-02	-1.307117662931743585e+00
1.440000000000000091e-03	-5.006652832031249778e-02	-1.294910631681743585e+00
1.449999999999999900e-03	-5.006652832031249778e-02	-1.302234850431743585e+00
1.459999999999999926e-03	-5.006652832031249778e-02	-1.290027819181743585e+00
1.469999999999999953e-03	-5.006652832031249778e-02	-1.298572741056743585e+00
1.479999999999999979e-03	-5.006652832031249778e-02	-1.286365709806743585e+00
1.490000000000000005e-03	-5.006652832031249778e-02	-1.293689928556743585e+00
1.500000000000000031e-03	-5.006652832031249778e-02	-1.281482897306743585e+00
1.510000000000000057e-03	-5.006652832031249778e-02	-1.288807116056743585e+00
1.520000000000000084e-03	-5.006652832031249778e-02	-1.276600084806743585e+00
1.529999999999999893e-03	-5.006652832031249778e-02	-1.285145006681743585e+00
1.539999999999999919e-03	-5.006652832031249778e-02	-1.272937975431743585e+00
1.549999999999999946e-03	-5.006652832031249778e-02	-1.280262194181743585e+00
1.559999999999999972e-03	-5.006652832031249778e-02	-1.268055162931743585e+00
1.569999999999999998e-03	-5.006652832031249778e-02	-1.275379381681743585e+00
1.580000000000000024e-03	-5.006652832031249778e-02	-1.264393053556743585e+00
1.590000000000000050e-03	-5.006652832031249778e-02	-1.271717272306743585e+00
1.600000000000000077e-03	-5.006652832031249778e-02	-1.259510241056743585e+00
1.610000000000000103e-03	-5.006652832031249778e-02	-1.266834459806743585e+00
1.619999999999999912e-03	-5.006652832031249778e-02	-1.254627428556743585e+00
1.629999999999999939e-03	-5.006652832031249778e-02	-1.263172350431743585e+00
1.639999999999999965e-03	-5.006652832031249778e-02	-1.250965319181743585e+00
1.649999999999999991e-03	-5.006652832031249778e-02	-1.258289537931743585e+00
1.660000000000000017e-03	-5.006652832031249778e-02	-1.246082506681743363e+00
1.670000000000000043e-03	-5.006652832031249778e-02	-1.254627428556743585e+00
1.680000000000000070e-03	-5.006652832031249778e-02	-1.242420397306743363e+00
1.690000000000000096e-03	-5.006652832031249778e-02	-1.249744616056743363e+00
1.699999999999999905e-03	-5.006652832031249778e-02	-1.237537584806743363e+00
1.709999999999999932e-03	-5.006652832031249778e-02	-1.244861803556743363e+00
1.719999999999999958e-03	-5.006652832031249778e-02	-1.233875475431743363e+00
1.729999999999999984e-03	-5.006652832031249778e-02	-1.239978991056743363e+00
1.740000000000000010e-03	-5.006652832031249778e-02	-1.228992662931743363e+00
1.750000000000000036e-03	-5.006652832031249778e-02	-1.236316881681743363e+00
1.760000000000000063e-03	-5.006652832031249778e-02	-1.224109850431743363e+00
1.770000000000000089e-03	-5.006652832031249778e-02	-1.231434069181743363e+00
1.779999999999999898e-03	-5.006652832031249778e-02	-1.220447741056743363e+00
1.789999999999999925e-03	-5.006652832031249778e-02	-1.227771959806743363e+00
1.799999999999999951e-03	-5.006652832031249778e-02	-1.215564928556743363e+00
1.809999999999999977e-03	-5.006652832031249778e-02	-1.222889147306743363e+00
1.820000000000000003e-03	-5.006652832031249778e-02	-1.210682116056743363e+00
1.830000000000000029e-03	-5.006652832031249778e-02	-1.218006334806743363e+00
1.840000000000000056e-03	-5.006652832031249778e-02	-1.207020006681743363e+00
1.850000000000000082e-03	-5.006652832031249778e-02	-1.214344225431743363e+00
1.860000000000000108e-03	-5.006652832031249778e-02	-1.202137194181743363e+00
1.869999999999999917e-03	-5.006652832031249778e-02	-1.209461412931743363e+00
1.879999999999999944e-03	-5.006652832031249778e-02	-1.197254381681743363e+00
1.889999999999999970e-03	-5.006652832031249778e-02	-1.205799303556743363e+00
1.899999999999999996e-03	-5.006652832031249778e-02	-1.193592272306743363e+00
1.910000000000000022e-03	-5.006652832031249778e-02	-1.200916491056743363e+00
1.920000000000000049e-03	-5.006652832031249778e-02	-1.188709459806743363e+00
1.930000000000000075e-03	-5.006652832031249778e-02	-1.196033678556743363e+00
1.940000000000000101e-03	-5.006652832031249778e-02	-1.185047350431743363e+00
1.949999999999999910e-03	-5.006652832031249778e-02	-1.192371569181743363e+00
1.959999999999999937e-03	-5.006652832031249778e-02	-1.180164537931743363e+00
1.969999999999999963e-03	-5.006652832031249778e-02	-1.187488756681743363e+00
1.979999999999999989e-03	-5.006652832031249778e-02	-1.175281725431743363e+00
1.990000000000000015e-03	-5.006652832031249778e-02	-1.182605944181743363e+00
2.000000000000000042e-03	-5.006652832031249778e-02	-1.171619616056743363e+00
2.010000000000000068e-03	-5.006652832031249778e-02	-1.178943834806743363e+00
2.020000000000000094e-03	-5.006652832031249778e-02	-1.166736803556743363e+00
2.030000000000000120e-03	-5.006652832031249778e-02	-1.174061022306743363e+00
2.040000000000000147e-03	-5.006652832031249778e-02	-1.163074694181743363e+00
2.050000000000000173e-03	-5.006652832031249778e-02	-1.170398912931743363e+00
2.060000000000000199e-03	-5.006652832031249778e-02	-1.158191881681743363e+00
2.069999999999999792e-03	-5.006652832031249778e-02	-1.165516100431743363e+00
2.079999999999999818e-03	-5.006652832031249778e-02	-1.153309069181743363e+00
2.089999999999999844e-03	-5.006652832031249778e-02	-1.160633287931743363e+00
2.099999999999999870e-03	-5.006652832031249778e-02	-1.149646959806743363e+00
2.109999999999999896e-03	-5.006652832031249778e-02	-1.156971178556743363e+00
2.119999999999999923e-03	-5.006652832031249778e-02	-1.144764147306743363e+00
2.129999999999999949e-03	-5.006652832031249778e-02	-1.152088366056743363e+00
2.139999999999999975e-03	-5.006652832031249778e-02	-1.141102037931743363e+00
2.150000000000000001e-03	-5.006652832031249778e-02	-1.148426256681743363e+00
2.160000000000000028e-03	-5.006652832031249778e-02	-1.136219225431743363e+00
2.170000000000000054e-03	-5.006652832031249778e-02	-1.143543444181743363e+00
2.180000000000000080e-03	-5.006652832031249778e-02	-1.131336412931743363e+00
2.190000000000000106e-03	-5.006652832031249778e-02	-1.138660631681743363e+00
2.200000000000000133e-03	-5.006652832031249778e-02	-1.127674303556743363e+00
2.210000000000000159e-03	-5.006652832031249778e-02	-1.134998522306743363e+00
2.220000000000000185e-03	-5.006652832031249778e-02	-1.122791491056743363e+00
2.230000000000000211e-03	-5.006652832031249778e-02	-1.130115709806743363e+00
2.239999999999999804e-03	-5.006652832031249778e-02	-1.117908678556743363e+00
2.249999999999999830e-03	-5.006652832031249778e-02	-1.126453600431743363e+00
2.259999999999999856e-03	-5.006652832031249778e-02	-1.114246569181743363e+00
2.269999999999999882e-03	-5.006652832031249778e-02	-1.121570787931743363e+00
2.279999999999999909e-03	-5.006652832031249778e-02	-1.109363756681743363e+00
2.289999999999999935e-03	-5.006652832031249778e-02	-1.117908678556743363e+00
2.299999999999999961e-03	-5.006652832031249778e-02	-1.105701647306743363e+00
2.309999999999999987e-03	-5.006652832031249778e-02	-1.113025866056743363e+00
2.320000000000000014e-03	-5.006652832031249778e-02	-1.100818834806743363e+00
2.330000000000000040e-03	-5.006652832031249778e-02	-1.108143053556743363e+00
2.340000000000000066e-03	-5.006652832031249778e-02	-1.097156725431743363e+00
2.350000000000000092e-03	-5.006652832031249778e-02	-1.103260241056743363e+00
2.360000000000000119e-03	-5.006652832031249778e-02	-1.092273912931743363e+00
2.370000000000000145e-03	-5.006652832031249778e-02	-1.099598131681743363e+00
2.380000000000000171e-03	-5.006652832031249778e-02	-1.087391100431743363e+00
2.390000000000000197e-03	-5.006652832031249778e-02	-1.094715319181743363e+00
2.399999999999999790e-03	-5.006652832031249778e-02	-1.083728991056743363e+00
2.409999999999999816e-03	-5.006652832031249778e-02	-1.091053209806743363e+00
2.419999999999999842e-03	-5.006652832031249778e-02	-1.078846178556743363e+00
2.429999999999999868e-03	-5.006652832031249778e-02	-1.086170397306743363e+00
2.439999999999999895e-03	-5.006652832031249778e-02	-1.075184069181743363e+00
2.449999999999999921e-03	-5.006652832031249778e-02	-1.082508287931743363e+00
2.459999999999999947e-03	-5.006652832031249778e-02	-1.070301256681743363e+00
2.469999999999999973e-03	-5.006652832031249778e-02	-1.077625475431743363e+00
2.480000000000000000e-03	-5.006652832031249778e-02	-1.065418444181743363e+00
2.490000000000000026e-03	-5.006652832031249778e-02	-1.072742662931743363e+00
2.500000000000000052e-03	-5.006652832031249778e-02	-1.061756334806743363e+00
2.510000000000000078e-03	-5.006652832031249778e-02	-1.069080553556743363e+00
2.520000000000000104e-03	-5.006652832031249778e-02	-1.056873522306743363e+00
2.530000000000000131e-03	-5.006652832031249778e-02	-1.064197741056743363e+00
2.540000000000000157e-03	-5.006652832031249778e-02	-1.051990709806743363e+00
2.550000000000000183e-03	-5.006652832031249778e-02	-1.059314928556743363e+00
2.560000000000000209e-03	-5.006652832031249778e-02	-1.048328600431743363e+00
2.569999999999999802e-03	-5.006652832031249778e-02	-1.055652819181743363e+00
2.579999999999999828e-03	-5.006652832031249778e-02	-1.044666491056743363e+00
2.589999999999999854e-03	-5.006652832031249778e-02	-1.051990709806743363e+00
2.599999999999999881e-03	-5.006652832031249778e-02	-1.039783678556743363e+00
2.609999999999999907e-03	-5.006652832031249778e-02	-1.047107897306743363e+00
2.619999999999999933e-03	-5.006652832031249778e-02	-1.034900866056743363e+00
2.629999999999999959e-03	-5.006652832031249778e-02	-1.042225084806743363e+00
2.639999999999999986e-03	-5.006652832031249778e-02	-1.031238756681743363e+00
2.650000000000000012e-03	-5.006652832031249778e-02	-1.038562975431743363e+00
2.660000000000000038e-03	-5.006652832031249778e-02	-1.026355944181743363e+00
2.670000000000000064e-03	-5.006652832031249778e-02	-1.033680162931743363e+00
2.680000000000000090e-03	-5.006652832031249778e-02	-1.022693834806743363e+00
2.690000000000000117e-03	-5.006652832031249778e-02	-1.030018053556743363e+00
2.700000000000000143e-03	-5.006652832031249778e-02	-1.017811022306743363e+00
2.710000000000000169e-03	-5.006652832031249778e-02	-1.025135241056743363e+00
2.720000000000000195e-03	-5.006652832031249778e-02	-1.014148912931743363e+00
2.729999999999999788e-03	-5.006652832031249778e-02	-1.021473131681743363e+00
2.739999999999999814e-03	-5.006652832031249778e-02	-1.009266100431743363e+00
2.749999999999999840e-03	-5.006652832031249778e-02	-1.016590319181743363e+00
2.759999999999999867e-03	-5.006652832031249778e-02	-1.004383287931743363e+00
2.769999999999999893e-03	-5.006652832031249778e-02	-1.011707506681743363e+00
2.779999999999999919e-03	-5.006652832031249778e-02	-1.000721178556743363e+00
2.789999999999999945e-03	-5.006652832031249778e-02	-1.008045397306743363e+00
2.799999999999999972e-03	-5.006652832031249778e-02	-9.958383660567433626e-01
2.809999999999999998e-03	-5.006652832031249778e-02	-1.003162584806743363e+00
2.820000000000000024e-03	-5.006652832031249778e-02	-9.909555535567433626e-01
2.830000000000000050e-03	-5.006652832031249778e-02	-9.982797723067433626e-01
2.840000000000000076e-03	-5.006652832031249778e-02	-9.872934441817433626e-01
2.850000000000000103e-03	-5.006652832031249778e-02	-9.946176629317433626e-01
2.860000000000000129e-03	-5.006652832031249778e-02	-9.824106316817433626e-01
2.870000000000000155e-03	-5.006652832031249778e-02	-9.897348504317433626e-01
2.880000000000000181e-03	-5.006652832031249778e-02	-9.787485223067433626e-01
2.890000000000000208e-03	-5.006652832031249778e-02	-9.860727410567433626e-01
2.899999999999999800e-03	-5.006652832031249778e-02	-9.738657098067433626e-01
2.909999999999999826e-03	-5.006652832031249778e-02	-9.811899285567433626e-01
2.919999999999999853e-03	-5.004211425781249917e-02	-9.702036004317433626e-01
2.929999999999999879e-03	-5.006652832031249778e-02	-9.775278191817433626e-01
2.939999999999999905e-03	-5.004211425781249917e-02	-9.653207879317433626e-01
2.949999999999999931e-03	-5.004211425781249917e-02	-9.726450066817433626e-01
2.959999999999999958e-03	-5.004211425781249917e-02	-9.604379754317433626e-01
2.969999999999999984e-03	-5.004211425781249917e-02	-9.677621941817433626e-01
2.980000000000000010e-03	-5.001770019531250056e-02	-9.567758660567433626e-01
2.990000000000000036e-03	-5.004211425781249917e-02	-9.641000848067433626e-01
3.000000000000000062e-03	-4.999328613281250194e-02	-9.518930535567433626e-01
3.010000000000000089e-03	-5.001770019531250056e-02	-9.592172723067433626e-01
3.020000000000000115e-03	-4.999328613281250194e-02	-9.470102410567433626e-01
3.030000000000000141e-03	-5.001770019531250056e-02	-9.543344598067433626e-01
3.040000000000000167e-03	-4.999328613281250194e-02	-9.433481316817433626e-01
3.050000000000000194e-03	-4.999328613281250194e-02	-9.506723504317433626e-01
3.059999999999999786e-03	-4.999328613281250194e-02	-9.384653191817433626e-01
3.069999999999999812e-03	-4.999328613281250194e-02	-9.457895379317433626e-01
3.079999999999999839e-03	-4.999328613281250194e-02	-9.348032098067433626e-01
3.089999999999999865e-03	-4.999328613281250194e-02	-9.421274285567433626e-01
3.099999999999999891e-03	-4.996887207031250333e-02	-9.299203973067433626e-01
3.109999999999999917e-03	-4.999328613281250194e-02	-9.372446160567433626e-01
3.119999999999999944e-03	-4.999328613281250194e-02	-9.250375848067433626e-01
3.129999999999999970e-03	-4.999328613281250194e-02	-9.323618035567433626e-01
3.139999999999999996e-03	-4.999328613281250194e-02	-9.213754754317433626e-01
3.150000000000000022e-03	-4.999328613281250194e-02	-9.286996941817433626e-01
3.160000000000000048e-03	-4.996887207031250333e-02	-9.164926629317433626e-01
3.170000000000000075e-03	-4.999328613281250194e-02	-9.238168816817433626e-01
3.180000000000000101e-03	-4.996887207031250333e-02	-9.128305535567433626e-01
3.190000000000000127e-03	-4.999328613281250194e-02	-9.201547723067433626e-01
3.200000000000000153e-03	-4.994445800781249778e-02	-9.079477410567433626e-01
3.210000000000000180e-03	-4.996887207031250333e-02	-9.152719598067433626e-01
3.220000000000000206e-03	-4.994445800781249778e-02	-9.042856316817433626e-01
3.229999999999999798e-03	-4.996887207031250333e-02	-9.116098504317433626e-01
3.239999999999999825e-03	-4.992004394531249917e-02	-8.994028191817433626e-01
3.249999999999999851e-03	-4.994445800781249778e-02	-9.067270379317433626e-01
3.259999999999999877e-03	-4.989562988281250056e-02	-8.945200066817433626e-01
3.269999999999999903e-03	-4.992004394531249917e-02	-9.030649285567433626e-01
3.279999999999999930e-03	-4.987121582031250194e-02	-8.908578973067433626e-01
3.289999999999999956e-03	-4.992004394531249917e-02	-8.981821160567433626e-01
3.299999999999999982e-03	-4.984680175781250333e-02	-8.859750848067433626e-01
3.310000000000000008e-03	-4.989562988281250056e-02	-8.932993035567433626e-01
3.320000000000000034e-03	-4.982238769531249778e-02	-8.823129754317433626e-01
3.330000000000000061e-03	-4.987121582031250194e-02	-8.896371941817433626e-01
3.340000000000000087e-03	-4.977355957031250056e-02	-8.774301629317433626e-01
3.350000000000000113e-03	-4.984680175781250333e-02	-8.847543816817433626e-01
3.360000000000000139e-03	-4.972473144531250333e-02	-8.725473504317433626e-01
3.370000000000000166e-03	-4.979797363281249917e-02	-8.798715691817433626e-01
3.380000000000000192e-03	-4.967590332031249917e-02	-8.688852410567433626e-01
3.389999999999999784e-03	-4.972473144531250333e-02	-8.762094598067433626e-01
3.399999999999999811e-03	-4.960266113281250333e-02	-8.640024285567433626e-01
3.409999999999999837e-03	-4.967590332031249917e-02	-8.713266473067433626e-01
3.419999999999999863e-03	-4.955383300781249917e-02	-8.603403191817433626e-01
3.429999999999999889e-03	-4.962707519531250194e-02	-8.676645379317433626e-01
3.439999999999999915e-03	-4.948059082031250333e-02	-8.554575066817433626e-01
3.449999999999999942e-03	-4.955383300781249917e-02	-8.627817254317433626e-01
3.459999999999999968e-03	-4.943176269531249917e-02	-8.517953973067433626e-01
3.469999999999999994e-03	-4.950500488281250194e-02	-8.591196160567433626e-01
3.480000000000000020e-03	-4.935852050781250333e-02	-8.469125848067433626e-01
3.490000000000000047e-03	-4.943176269531249917e-02	-8.542368035567433626e-01
3.500000000000000073e-03	-4.928527832031250056e-02	-8.420297723067433626e-01
3.510000000000000099e-03	-4.938293457031250194e-02	-8.493539910567433626e-01
3.520000000000000125e-03	-4.921203613281249778e-02	-8.383676629317433626e-01
3.530000000000000152e-03	-4.930969238281249917e-02	-8.456918816817433626e-01
3.540000000000000178e-03	-4.913879394531250194e-02	-8.334848504317433626e-01
3.550000000000000204e-03	-4.923645019531250333e-02	-8.408090691817433626e-01
3.559999999999999797e-03	-4.906555175781249917e-02	-8.286020379317433626e-01
3.569999999999999823e-03	-4.916320800781250056e-02	-8.371469598067433626e-01
3.579999999999999849e-03	-4.896789550781249778e-02	-8.249399285567433626e-01
3.589999999999999875e-03	-4.908996582031249778e-02	-8.322641473067433626e-01
3.599999999999999901e-03	-4.889465332031250194e-02	-8.200571160567433626e-01
3.609999999999999928e-03	-4.901672363281250194e-02	-8.273813348067433626e-01
3.619999999999999954e-03	-4.879699707031250056e-02	-8.163950066817433626e-01
3.629999999999999980e-03	-4.891906738281250056e-02	-8.237192254317433626e-01
3.640000000000000006e-03	-4.872375488281249778e-02	-8.115121941817433626e-01
3.650000000000000033e-03	-4.884582519531249778e-02	-8.188364129317433626e-01
3.660000000000000059e-03	-4.862609863281250333e-02	-8.066293816817433626e-01
3.670000000000000085e-03	-4.874816894531250333e-02	-8.151743035567433626e-01
3.680000000000000111e-03	-4.850402832031250333e-02	-8.029672723067433626e-01
3.690000000000000138e-03	-4.865051269531250194e-02	-8.102914910567433626e-01
3.700000000000000164e-03	-4.840637207031250194e-02	-7.993051629317433626e-01
3.710000000000000190e-03	-4.855285644531250056e-02	-8.054086785567433626e-01
3.720000000000000216e-03	-4.828430175781250194e-02	-7.944223504317433626e-01
3.729999999999999809e-03	-4.845520019531249917e-02	-8.017465691817433626e-01
3.739999999999999835e-03	-4.818664550781250056e-02	-7.895395379317433626e-01
3.749999999999999861e-03	-4.833312988281249917e-02	-7.968637566817433626e-01
3.759999999999999887e-03	-4.806457519531250056e-02	-7.858774285567433626e-01
3.769999999999999914e-03	-4.823547363281249778e-02	-7.932016473067433626e-01
3.779999999999999940e-03	-4.794250488281250056e-02	-7.809946160567433626e-01
3.789999999999999966e-03	-4.811340332031249778e-02	-7.883188348067433626e-01
3.799999999999999992e-03	-4.779602050781250194e-02	-7.773325066817433626e-01
3.810000000000000019e-03	-4.799133300781249778e-02	-7.846567254317433626e-01
3.820000000000000045e-03	-4.764953613281250333e-02	-7.724496941817433626e-01
3.830000000000000071e-03	-4.784484863281249917e-02	-7.797739129317433626e-01
3.840000000000000097e-03	-4.747863769531249917e-02	-7.675668816817433626e-01
3.850000000000000124e-03	-4.767395019531250194e-02	-7.761118035567433626e-01
3.860000000000000150e-03	-4.730773925781250194e-02	-7.639047723067433626e-01
3.870000000000000176e-03	-4.752746582031250333e-02	-7.712289910567433626e-01
3.880000000000000202e-03	-4.713684082031249778e-02	-7.590219598067433626e-01
3.889999999999999795e-03	-4.735656738281249917e-02	-7.663461785567433626e-01
3.899999999999999821e-03	-4.694152832031250194e-02	-7.553598504317433626e-01
3.910000000000000281e-03	-4.716125488281250333e-02	-7.626840691817433626e-01
3.919999999999999873e-03	-4.674621582031249917e-02	-7.504770379317433626e-01
3.930000000000000333e-03	-4.699035644531249917e-02	-7.578012566817433626e-01
3.939999999999999926e-03	-4.652648925781249778e-02	-7.468149285567433626e-01
3.950000000000000386e-03	-4.677062988281249778e-02	-7.541391473067433626e-01
3.959999999999999978e-03	-4.633117675781250194e-02	-7.419321160567433626e-01
3.969999999999999571e-03	-4.657531738281250194e-02	-7.492563348067433626e-01
3.980000000000000031e-03	-4.611145019531250056e-02	-7.370493035567433626e-01
3.989999999999999623e-03	-4.635559082031250056e-02	-7.443735223067433626e-01
4.000000000000000083e-03	-4.589172363281249917e-02	-7.333871941817433626e-01
4.009999999999999676e-03	-4.613586425781249917e-02	-7.407114129317433626e-01
4.020000000000000136e-03	-4.564758300781249917e-02	-7.285043816817433626e-01
4.029999999999999728e-03	-4.591613769531249778e-02	-7.358286004317433626e-01
4.040000000000000188e-03	-4.542785644531249778e-02	-7.248422723067433626e-01
4.049999999999999781e-03	-4.569641113281250333e-02	-7.321664910567433626e-01
4.060000000000000241e-03	-4.518371582031249778e-02	-7.199594598067433626e-01
4.069999999999999833e-03	-4.545227050781250333e-02	-7.272836785567433626e-01
4.080000000000000293e-03	-4.493957519531249778e-02	-7.150766473067433626e-01
4.089999999999999886e-03	-4.520812988281250333e-02	-7.224008660567433626e-01
4.100000000000000346e-03	-4.471984863281250333e-02	-7.114145379317433626e-01
4.109999999999999938e-03	-4.498840332031250194e-02	-7.187387566817433626e-01
4.120000000000000398e-03	-4.447570800781250333e-02	-7.065317254317433626e-01
4.129999999999999991e-03	-4.476867675781250056e-02	-7.138559441817433626e-01
4.139999999999999583e-03	-4.423156738281250333e-02	-7.028696160567433626e-01
4.150000000000000043e-03	-4.452453613281250056e-02	-7.101938348067433626e-01
4.159999999999999636e-03	-4.398742675781250333e-02	-6.979868035567433626e-01
4.170000000000000095e-03	-4.428039550781250056e-02	-7.053110223067433626e-01
4.179999999999999688e-03	-4.374328613281250333e-02	-6.943246941817433626e-01
4.190000000000000148e-03	-4.403625488281250056e-02	-7.016489129317433626e-01
4.199999999999999740e-03	-4.349914550781250333e-02	-6.894418816817433626e-01
4.210000000000000200e-03	-4.379211425781250056e-02	-6.967661004317433626e-01
4.219999999999999793e-03	-4.323059082031249778e-02	-6.845590691817433626e-01
4.230000000000000253e-03	-4.354797363281250056e-02	-6.931039910567433626e-01
4.239999999999999845e-03	-4.298645019531249778e-02	-6.808969598067433626e-01
4.250000000000000305e-03	-4.330383300781250056e-02	-6.882211785567433626e-01
4.259999999999999898e-03	-4.274230957031249778e-02	-6.760141473067433626e-01
4.270000000000000358e-03	-4.305969238281250056e-02	-6.833383660567433626e-01
4.279999999999999950e-03	-4.249816894531249778e-02	-6.723520379317433626e-01
4.290000000000000410e-03	-4.281555175781250056e-02	-6.796762566817433626e-01
4.300000000000000003e-03	-4.227844238281250333e-02	-6.674692254317433626e-01
4.309999999999999595e-03	-4.257141113281250056e-02	-6.747934441817433626e-01
4.320000000000000055e-03	-4.203430175781250333e-02	-6.625864129317433626e-01
4.329999999999999648e-03	-4.235168457031249917e-02	-6.711313348067433626e-01
4.340000000000000108e-03	-4.181457519531250194e-02	-6.589243035567433626e-01
4.349999999999999700e-03	-4.213195800781249778e-02	-6.662485223067433626e-01
4.360000000000000160e-03	-4.159484863281250056e-02	-6.552621941817433626e-01
4.369999999999999753e-03	-4.191223144531250333e-02	-6.613657098067433626e-01
4.380000000000000213e-03	-4.139953613281249778e-02	-6.503793816817433626e-01
4.389999999999999805e-03	-4.171691894531250056e-02	-6.577036004317433626e-01
4.400000000000000265e-03	-4.122863769531250056e-02	-6.454965691817433626e-01
4.409999999999999858e-03	-4.149719238281249917e-02	-6.528207879317433626e-01
4.420000000000000318e-03	-4.105773925781250333e-02	-6.418344598067433626e-01
4.429999999999999910e-03	-4.135070800781250056e-02	-6.491586785567433626e-01
4.440000000000000370e-03	-4.088684082031249917e-02	-6.369516473067433626e-01
4.449999999999999963e-03	-4.117980957031250333e-02	-6.442758660567433626e-01
4.460000000000000422e-03	-4.074035644531250056e-02	-6.332895379317433626e-01
4.470000000000000015e-03	-4.103332519531249778e-02	-6.406137566817433626e-01
4.479999999999999608e-03	-4.061828613281250056e-02	-6.284067254317433626e-01
4.490000000000000067e-03	-4.086242675781250056e-02	-6.357309441817433626e-01
4.499999999999999660e-03	-4.047180175781250194e-02	-6.235239129317433626e-01
4.510000000000000120e-03	-4.076477050781249917e-02	-6.308481316817433626e-01
4.519999999999999712e-03	-4.034973144531250194e-02	-6.198618035567433626e-01
4.530000000000000172e-03	-4.061828613281250056e-02	-6.271860223067433626e-01
4.539999999999999765e-03	-4.022766113281250194e-02	-6.149789910567433626e-01
4.550000000000000225e-03	-4.049621582031250056e-02	-6.223032098067433626e-01
4.559999999999999817e-03	-4.010559082031250194e-02	-6.113168816817433626e-01
4.570000000000000277e-03	-4.037414550781250056e-02	-6.186411004317433626e-01
4.579999999999999870e-03	-3.998352050781250194e-02	-6.064340691817433626e-01
4.590000000000000330e-03	-4.027648925781249917e-02	-6.137582879317433626e-01
4.599999999999999922e-03	-3.986145019531250194e-02	-6.027719598067433626e-01
4.610000000000000382e-03	-4.015441894531249917e-02	-6.100961785567433626e-01
4.619999999999999975e-03	-3.973937988281250194e-02	-5.978891473067433626e-01
4.629999999999999567e-03	-4.003234863281249917e-02	-6.052133660567433626e-01
4.640000000000000027e-03	-3.964172363281250056e-02	-5.942270379317433626e-01
4.649999999999999620e-03	-3.993469238281249778e-02	-6.003305535567433626e-01
4.660000000000000080e-03	-3.951965332031250056e-02	-5.893442254317433626e-01
4.669999999999999672e-03	-3.981262207031249778e-02	-5.966684441817433626e-01
4.680000000000000132e-03	-3.942199707031249917e-02	-5.844614129317433626e-01
4.689999999999999725e-03	-3.971496582031250333e-02	-5.917856316817433626e-01
4.700000000000000185e-03	-3.929992675781249917e-02	-5.807993035567433626e-01
4.709999999999999777e-03	-3.959289550781250333e-02	-5.881235223067433626e-01
4.720000000000000237e-03	-3.920227050781249778e-02	-5.759164910567433626e-01
4.729999999999999830e-03	-3.949523925781250194e-02	-5.832407098067433626e-01
4.740000000000000289e-03	-3.908020019531249778e-02	-5.722543816817433626e-01
4.749999999999999882e-03	-3.939758300781250056e-02	-5.795786004317433626e-01
4.760000000000000342e-03	-3.898254394531250333e-02	-5.673715691817433626e-01
4.769999999999999934e-03	-3.927551269531250056e-02	-5.746957879317433626e-01
4.780000000000000394e-03	-3.886047363281250333e-02	-5.637094598067433626e-01
4.789999999999999987e-03	-3.915344238281250056e-02	-5.710336785567433626e-01
4.799999999999999580e-03	-3.873840332031250333e-02	-5.588266473067433626e-01
4.810000000000000039e-03	-3.903137207031250056e-02	-5.661508660567433626e-01
4.819999999999999632e-03	-3.861633300781250333e-02	-5.551645379317433626e-01
4.830000000000000092e-03	-3.890930175781250056e-02	-5.624887566817433626e-01
4.839999999999999684e-03	-3.846984863281249778e-02	-5.502817254317433626e-01
4.850000000000000144e-03	-3.876281738281250194e-02	-5.576059441817433626e-01
4.859999999999999737e-03	-3.832336425781249917e-02	-5.466196160567433626e-01
4.870000000000000197e-03	-3.864074707031250194e-02	-5.539438348067433626e-01
4.879999999999999789e-03	-3.817687988281250056e-02	-5.417368035567433626e-01
4.890000000000000249e-03	-3.849426269531250333e-02	-5.490610223067433626e-01
4.899999999999999842e-03	-3.800598144531250333e-02	-5.380746941817433626e-01
4.910000000000000302e-03	-3.832336425781249917e-02	-5.453989129317433626e-01
4.919999999999999894e-03	-3.785949707031249778e-02	-5.331918816817433626e-01
4.930000000000000354e-03	-3.815246582031250194e-02	-5.405161004317433626e-01
4.939999999999999947e-03	-3.766418457031250194e-02	-5.295297723067433626e-01
4.950000000000000407e-03	-3.798156738281249778e-02	-5.356332879317433626e-01
4.959999999999999999e-03	-3.749328613281249778e-02	-5.246469598067433626e-01
4.969999999999999592e-03	-3.781066894531250056e-02	-5.319711785567433626e-01
4.980000000000000052e-03	-3.727355957031249639e-02	-5.197641473067433626e-01
4.989999999999999644e-03	-3.761535644531249778e-02	-5.270883660567433626e-01
5.000000000000000104e-03	-3.707824707031250056e-02	-5.161020379317433626e-01
5.009999999999999697e-03	-3.742004394531250194e-02	-5.234262566817433626e-01
5.020000000000000157e-03	-3.685852050781249917e-02	-5.112192254317433626e-01
5.029999999999999749e-03	-3.720031738281250056e-02	-5.185434441817433626e-01
5.040000000000000209e-03	-3.663879394531249778e-02	-5.075571160567433626e-01
5.049999999999999802e-03	-3.698059082031249917e-02	-5.148813348067433626e-01
5.060000000000000261e-03	-3.639465332031249778e-02	-5.038950066817433626e-01
5.069999999999999854e-03	-3.676086425781249778e-02	-5.112192254317433626e-01
5.080000000000000314e-03	-3.612609863281249917e-02	-4.990121941817433626e-01
5.089999999999999906e-03	-3.649230957031249917e-02	-5.063364129317433626e-01
5.100000000000000366e-03	-3.585754394531250056e-02	-4.941293816817433626e-01
5.109999999999999959e-03	-3.624816894531249917e-02	-5.014536004317433626e-01
5.120000000000000419e-03	-3.556457519531249639e-02	-4.904672723067433626e-01
5.130000000000000011e-03	-3.595520019531250194e-02	-4.977914910567433626e-01
5.139999999999999604e-03	-3.529602050781249778e-02	-4.855844598067433626e-01
5.150000000000000064e-03	-3.568664550781249639e-02	-4.929086785567433626e-01
5.159999999999999656e-03	-3.500305175781250056e-02	-4.819223504317433626e-01
5.170000000000000116e-03	-3.541809082031249778e-02	-4.892465691817433626e-01
5.179999999999999709e-03	-3.471008300781249639e-02	-4.770395379317433626e-01
5.190000000000000169e-03	-3.512512207031250056e-02	-4.843637566817433626e-01
5.199999999999999761e-03	-3.441711425781249917e-02	-4.733774285567433626e-01
5.210000000000000221e-03	-3.483215332031249639e-02	-4.807016473067433626e-01
5.219999999999999814e-03	-3.409973144531249639e-02	-4.684946160567433626e-01
5.230000000000000274e-03	-3.451477050781250056e-02	-4.758188348067433626e-01
5.239999999999999866e-03	-3.378234863281250056e-02	-4.648325066817433626e-01
5.250000000000000326e-03	-3.419738769531249778e-02	-4.721567254317433626e-01
5.259999999999999919e-03	-3.346496582031249778e-02	-4.599496941817433626e-01
5.270000000000000379e-03	-3.388000488281250194e-02	-4.672739129317433626e-01
5.279999999999999971e-03	-3.314758300781250194e-02	-4.562875848067433626e-01
5.290000000000000431e-03	-3.358703613281249778e-02	-4.636118035567433626e-01
5.300000000000000024e-03	-3.280578613281250056e-02	-4.514047723067433626e-01
5.309999999999999616e-03	-3.324523925781249639e-02	-4.587289910567433626e-01
5.320000000000000076e-03	-3.243957519531250056e-02	-4.465219598067433626e-01
5.329999999999999669e-03	-3.287902832031249639e-02	-4.550668816817433626e-01
5.340000000000000129e-03	-3.209777832031249917e-02	-4.428598504317433626e-01
5.349999999999999721e-03	-3.253723144531250194e-02	-4.501840691817433626e-01
5.360000000000000181e-03	-3.170715332031250056e-02	-4.391977410567433626e-01
5.369999999999999774e-03	-3.217102050781250194e-02	-4.465219598067433626e-01
5.380000000000000233e-03	-3.134094238281250056e-02	-4.343149285567433626e-01
5.389999999999999826e-03	-3.178039550781249639e-02	-4.416391473067433626e-01
5.400000000000000286e-03	-3.095031738281249847e-02	-4.306528191817433626e-01
5.409999999999999878e-03	-3.141418457031249639e-02	-4.379770379317433626e-01
5.420000000000000338e-03	-3.055969238281249986e-02	-4.257700066817433626e-01
5.429999999999999931e-03	-3.102355957031249778e-02	-4.330942254317433626e-01
5.440000000000000391e-03	-3.016906738281249778e-02	-4.221078973067433626e-01
5.449999999999999983e-03	-3.060852050781250056e-02	-4.294321160567433626e-01
5.459999999999999576e-03	-2.975402832031250056e-02	-4.172250848067433626e-01
5.470000000000000036e-03	-3.021789550781249847e-02	-4.245493035567433626e-01
5.479999999999999628e-03	-2.936340332031249847e-02	-4.135629754317433626e-01
5.490000000000000088e-03	-2.980285644531249778e-02	-4.208871941817433626e-01
5.499999999999999681e-03	-2.894836425781249778e-02	-4.086801629317433626e-01
5.510000000000000141e-03	-2.941223144531249917e-02	-4.160043816817433626e-01
5.519999999999999733e-03	-2.853332519531250056e-02	-4.050180535567433626e-01
5.530000000000000193e-03	-2.899719238281249847e-02	-4.123422723067433626e-01
5.539999999999999786e-03	-2.814270019531249847e-02	-4.001352410567433626e-01
5.550000000000000246e-03	-2.860656738281249986e-02	-4.074594598067433626e-01
5.559999999999999838e-03	-2.772766113281249778e-02	-3.964731316817433626e-01
5.570000000000000298e-03	-2.821594238281249778e-02	-4.037973504317433626e-01
5.579999999999999891e-03	-2.733703613281249917e-02	-3.928110223067433626e-01
5.590000000000000351e-03	-2.777648925781249847e-02	-3.989145379317433626e-01
5.599999999999999943e-03	-2.692199707031249847e-02	-3.879282098067433626e-01
5.610000000000000403e-03	-2.738586425781249986e-02	-3.952524285567433626e-01
5.619999999999999996e-03	-2.650695800781249778e-02	-3.830453973067433626e-01
5.629999999999999588e-03	-2.697082519531249917e-02	-3.903696160567433626e-01
5.640000000000000048e-03	-2.609191894531250056e-02	-3.793832879317433626e-01
5.649999999999999641e-03	-2.658020019531250056e-02	-3.867075066817433626e-01
5.660000000000000100e-03	-2.570129394531249847e-02	-3.745004754317433626e-01
5.669999999999999693e-03	-2.614074707031249778e-02	-3.830453973067433626e-01
5.680000000000000153e-03	-2.526184082031249917e-02	-3.708383660567433626e-01
5.689999999999999745e-03	-2.575012207031249917e-02	-3.781625848067433626e-01
5.700000000000000205e-03	-2.487121582031250056e-02	-3.671762566817433626e-01
5.709999999999999798e-03	-2.531066894531249986e-02	-3.732797723067433626e-01
5.720000000000000258e-03	-2.443176269531250125e-02	-3.622934441817433626e-01
5.729999999999999850e-03	-2.489562988281250264e-02	-3.696176629317433626e-01
5.740000000000000310e-03	-2.399230957031250194e-02	-3.574106316817433626e-01
5.749999999999999903e-03	-2.448059082031250194e-02	-3.659555535567433626e-01
5.760000000000000363e-03	-2.357727050781250125e-02	-3.537485223067433626e-01
5.769999999999999955e-03	-2.404113769531250264e-02	-3.610727410567433626e-01
5.780000000000000415e-03	-2.316223144531250056e-02	-3.488657098067433626e-01
5.790000000000000008e-03	-2.362609863281250194e-02	-3.561899285567433626e-01
5.799999999999999600e-03	-2.274719238281250333e-02	-3.452036004317433626e-01
5.810000000000000060e-03	-2.321105957031250125e-02	-3.525278191817433626e-01
5.819999999999999653e-03	-2.235656738281250125e-02	-3.403207879317433626e-01
5.830000000000000113e-03	-2.279602050781250056e-02	-3.488657098067433626e-01
5.839999999999999705e-03	-2.196594238281250264e-02	-3.366586785567433626e-01
5.850000000000000165e-03	-2.240539550781250194e-02	-3.439828973067433626e-01
5.859999999999999758e-03	-2.157531738281250056e-02	-3.317758660567433626e-01
5.870000000000000218e-03	-2.203918457031250194e-02	-3.391000848067433626e-01
5.879999999999999810e-03	-2.123352050781250264e-02	-3.281137566817433626e-01
5.890000000000000270e-03	-2.164855957031250333e-02	-3.354379754317433626e-01
5.899999999999999863e-03	-2.086730957031250264e-02	-3.244516473067433626e-01
5.910000000000000323e-03	-2.128234863281250333e-02	-3.317758660567433626e-01
5.919999999999999915e-03	-2.052551269531250125e-02	-3.195688348067433626e-01
5.930000000000000375e-03	-2.094055175781250194e-02	-3.268930535567433626e-01
5.939999999999999968e-03	-2.020812988281250194e-02	-3.159067254317433626e-01
5.950000000000000427e-03	-2.059875488281250056e-02	-3.220102410567433626e-01
5.960000000000000020e-03	-1.991516113281250125e-02	-3.110239129317434181e-01
5.969999999999999613e-03	-2.030578613281250333e-02	-3.183481316817433626e-01
5.980000000000000072e-03	-1.962219238281250056e-02	-3.061411004317434181e-01
5.989999999999999665e-03	-1.998840332031250056e-02	-3.146860223067433626e-01
6.000000000000000125e-03	-1.932922363281250333e-02	-3.024789910567434181e-01
6.009999999999999717e-03	-1.969543457031250333e-02	-3.098032098067434181e-01
6.020000000000000177e-03	-1.906066894531250125e-02	-2.988168816817434181e-01
6.029999999999999770e-03	-1.940246582031250264e-02	-3.049203973067434181e-01
6.040000000000000230e-03	-1.879211425781250264e-02	-2.939340691817434181e-01
6.049999999999999822e-03	-1.915832519531250264e-02	-3.012582879317434181e-01
6.060000000000000282e-03	-1.854797363281250264e-02	-2.902719598067434181e-01
6.069999999999999875e-03	-1.888977050781250056e-02	-2.975961785567434181e-01
6.080000000000000335e-03	-1.832824707031250125e-02	-2.853891473067434181e-01
6.089999999999999927e-03	-1.867004394531250264e-02	-2.927133660567434181e-01
6.100000000000000387e-03	-1.810852050781249986e-02	-2.817270379317434181e-01
6.109999999999999980e-03	-1.842590332031250264e-02	-2.890512566817434181e-01
6.119999999999999572e-03	-1.786437988281249986e-02	-2.768442254317434181e-01
6.130000000000000032e-03	-1.820617675781250125e-02	-2.841684441817434181e-01
6.139999999999999625e-03	-1.766906738281250056e-02	-2.731821160567434181e-01
6.150000000000000085e-03	-1.798645019531249986e-02	-2.805063348067434181e-01
6.159999999999999677e-03	-1.747375488281250125e-02	-2.682993035567434181e-01
6.170000000000000137e-03	-1.779113769531250056e-02	-2.756235223067434181e-01
6.179999999999999730e-03	-1.727844238281250194e-02	-2.646371941817434181e-01
6.190000000000000190e-03	-1.759582519531250125e-02	-2.719614129317434181e-01
6.199999999999999782e-03	-1.710754394531250125e-02	-2.597543816817434181e-01
6.210000000000000242e-03	-1.742492675781250056e-02	-2.670786004317434181e-01
6.219999999999999835e-03	-1.693664550781250056e-02	-2.560922723067434181e-01
6.230000000000000294e-03	-1.725402832031249986e-02	-2.634164910567434181e-01
6.239999999999999887e-03	-1.676574707031249986e-02	-2.512094598067434181e-01
6.250000000000000347e-03	-1.708312988281250264e-02	-2.597543816817434181e-01
6.259999999999999939e-03	-1.659484863281250264e-02	-2.475473504317434181e-01
6.270000000000000399e-03	-1.691223144531250194e-02	-2.548715691817434181e-01
6.279999999999999992e-03	-1.642395019531250194e-02	-2.438852410567434181e-01
6.289999999999999584e-03	-1.676574707031249986e-02	-2.512094598067434181e-01
6.300000000000000044e-03	-1.627746582031249986e-02	-2.390024285567434181e-01
6.309999999999999637e-03	-1.659484863281250264e-02	-2.463266473067434181e-01
6.320000000000000097e-03	-1.613098144531250125e-02	-2.353403191817434181e-01
6.329999999999999689e-03	-1.644836425781250056e-02	-2.414438348067434181e-01
6.340000000000000149e-03	-1.598449707031250264e-02	-2.304575066817434181e-01
6.349999999999999742e-03	-1.630187988281250194e-02	-2.377817254317434181e-01
6.360000000000000202e-03	-1.581359863281250194e-02	-2.267953973067434181e-01
6.369999999999999794e-03	-1.615539550781249986e-02	-2.341196160567434181e-01
6.380000000000000254e-03	-1.566711425781249986e-02	-2.219125848067434181e-01
6.389999999999999847e-03	-1.600891113281250125e-02	-2.292368035567434181e-01
6.400000000000000307e-03	-1.552062988281250125e-02	-2.182504754317434181e-01
6.409999999999999899e-03	-1.583801269531250056e-02	-2.255746941817434181e-01
6.420000000000000359e-03	-1.537414550781250090e-02	-2.133676629317434181e-01
6.429999999999999952e-03	-1.569152832031250194e-02	-2.206918816817434181e-01
6.440000000000000412e-03	-1.522766113281250056e-02	-2.097055535567434181e-01
6.450000000000000004e-03	-1.554504394531250160e-02	-2.170297723067434181e-01
6.459999999999999597e-03	-1.505676269531250160e-02	-2.048227410567434181e-01
6.470000000000000057e-03	-1.537414550781250090e-02	-2.121469598067434181e-01
6.479999999999999649e-03	-1.491027832031250125e-02	-2.011606316817434181e-01
6.490000000000000109e-03	-1.520324707031250194e-02	-2.084848504317434181e-01
6.499999999999999702e-03	-1.473937988281250056e-02	-1.974985223067434181e-01
6.510000000000000162e-03	-1.505676269531250160e-02	-2.048227410567434181e-01
6.519999999999999754e-03	-1.456848144531250160e-02	-1.926157098067434181e-01
6.530000000000000214e-03	-1.488586425781250090e-02	-1.999399285567434181e-01
6.539999999999999807e-03	-1.439758300781250090e-02	-1.889536004317434181e-01
6.550000000000000266e-03	-1.471496582031250194e-02	-1.962778191817434181e-01
6.559999999999999859e-03	-1.420227050781250160e-02	-1.840707879317434181e-01
6.570000000000000319e-03	-1.454406738281250125e-02	-1.913950066817434181e-01
6.579999999999999911e-03	-1.403137207031250090e-02	-1.804086785567434181e-01
6.590000000000000371e-03	-1.434875488281250194e-02	-1.877328973067434181e-01
6.599999999999999964e-03	-1.383605957031250160e-02	-1.755258660567434181e-01
6.610000000000000424e-03	-1.415344238281250090e-02	-1.840707879317434181e-01
6.620000000000000016e-03	-1.364074707031250056e-02	-1.718637566817434181e-01
6.629999999999999609e-03	-1.395812988281250160e-02	-1.791879754317434181e-01
6.640000000000000069e-03	-1.342102050781250090e-02	-1.682016473067434181e-01
6.649999999999999661e-03	-1.376281738281250056e-02	-1.755258660567434181e-01
6.660000000000000121e-03	-1.320129394531250125e-02	-1.633188348067434181e-01
6.669999999999999714e-03	-1.354309082031250090e-02	-1.706430535567434181e-01
6.680000000000000174e-03	-1.295715332031250125e-02	-1.596567254317434181e-01
6.689999999999999766e-03	-1.329895019531250090e-02	-1.669809441817434181e-01
6.700000000000000226e-03	-1.268859863281250090e-02	-1.547739129317434181e-01
6.709999999999999819e-03	-1.305480957031250090e-02	-1.620981316817434181e-01
6.720000000000000279e-03	-1.242004394531250056e-02	-1.511118035567434181e-01
6.729999999999999871e-03	-1.281066894531250090e-02	-1.584360223067434181e-01
6.740000000000000331e-03	-1.212707519531250160e-02	-1.462289910567434181e-01
6.749999999999999924e-03	-1.251770019531250194e-02	-1.535532098067434181e-01
6.760000000000000384e-03	-1.183410644531250090e-02	-1.425668816817434181e-01
6.769999999999999976e-03	-1.222473144531250125e-02	-1.498911004317434181e-01
6.779999999999999569e-03	-1.151672363281250160e-02	-1.376840691817434181e-01
6.790000000000000029e-03	-1.190734863281250194e-02	-1.462289910567434181e-01
6.799999999999999621e-03	-1.117492675781250194e-02	-1.340219598067434181e-01
6.810000000000000081e-03	-1.158996582031250090e-02	-1.413461785567434181e-01
6.819999999999999674e-03	-1.083312988281250056e-02	-1.303598504317434181e-01
6.830000000000000134e-03	-1.124816894531250125e-02	-1.376840691817434181e-01
6.839999999999999726e-03	-1.051574707031250125e-02	-1.266977410567434181e-01
6.850000000000000186e-03	-1.090637207031250160e-02	-1.328012566817434181e-01
6.859999999999999779e-03	-1.014953613281250125e-02	-1.218149285567434181e-01
6.870000000000000238e-03	-1.056457519531250194e-02	-1.291391473067434181e-01
6.879999999999999831e-03	-9.783325195312501249e-03	-1.181528191817434181e-01
6.890000000000000291e-03	-1.019836425781250194e-02	-1.242563348067434181e-01
6.899999999999999883e-03	-9.417114257812501249e-03	-1.132700066817434181e-01
6.910000000000000343e-03	-9.856567382812500555e-03	-1.205942254317434181e-01
6.919999999999999936e-03	-9.050903320312501249e-03	-1.096078973067434181e-01
6.930000000000000396e-03	-9.490356445312500555e-03	-1.169321160567434181e-01
6.939999999999999988e-03	-8.684692382812501249e-03	-1.047250848067434181e-01
6.949999999999999581e-03	-9.124145507812500555e-03	-1.120493035567434181e-01
6.960000000000000041e-03	-8.342895507812501596e-03	-1.010629754317434181e-01
6.969999999999999633e-03	-8.757934570312500555e-03	-1.083871941817434181e-01
6.980000000000000093e-03	-7.976684570312501596e-03	-9.740086605674341813e-02
6.989999999999999686e-03	-8.391723632812500555e-03	-1.035043816817434181e-01
7.000000000000000146e-03	-7.610473632812500729e-03	-9.251805355674341813e-02
7.009999999999999738e-03	-8.049926757812500902e-03	-9.984227230674341813e-02
7.020000000000000198e-03	-7.244262695312500729e-03	-8.885594418174341813e-02
7.029999999999999791e-03	-7.683715820312500902e-03	-9.618016293174341813e-02
7.040000000000000251e-03	-6.878051757812500729e-03	-8.397313168174341813e-02
7.049999999999999843e-03	-7.317504882812500902e-03	-9.129735043174341813e-02
7.060000000000000303e-03	-6.511840820312500729e-03	-8.031102230674341813e-02
7.069999999999999896e-03	-6.926879882812500555e-03	-8.763524105674341813e-02
7.080000000000000356e-03	-6.145629882812499861e-03	-7.542820980674341813e-02
7.089999999999999948e-03	-6.560668945312500555e-03	-8.275242855674341813e-02
7.100000000000000408e-03	-5.755004882812500382e-03	-7.176610043174341813e-02
7.110000000000000001e-03	-6.194458007812500555e-03	-7.909031918174341813e-02
7.119999999999999593e-03	-5.364379882812500035e-03	-6.810399105674341813e-02
7.130000000000000053e-03	-5.803833007812500208e-03	-7.420750668174341813e-02
7.139999999999999646e-03	-4.973754882812500555e-03	-6.322117855674341813e-02
7.150000000000000105e-03	-5.413208007812499861e-03	-7.054539730674341813e-02
7.159999999999999698e-03	-4.583129882812500208e-03	-5.955906918174342507e-02
7.170000000000000158e-03	-5.022583007812500382e-03	-6.688328793174341813e-02
7.179999999999999750e-03	-4.192504882812499861e-03	-5.467625668174342507e-02
7.190000000000000210e-03	-4.631958007812500035e-03	-6.200047543174342507e-02
7.199999999999999803e-03	-3.801879882812499948e-03	-5.101414730674342507e-02
7.210000000000000263e-03	-4.241333007812499688e-03	-5.833836605674342507e-02
7.219999999999999855e-03	-3.435668945312499948e-03	-4.735203793174342507e-02
7.230000000000000315e-03	-3.850708007812500208e-03	-5.467625668174342507e-02
7.239999999999999908e-03	-3.020629882812500121e-03	-4.246922543174342507e-02
7.250000000000000368e-03	-3.484497070312500208e-03	-4.979344418174342507e-02
7.259999999999999960e-03	-2.654418945312500121e-03	-3.880711605674342507e-02
7.270000000000000420e-03	-3.093872070312499861e-03	-4.613133480674342507e-02
7.280000000000000013e-03	-2.263793945312499774e-03	-3.392430355674342507e-02
7.289999999999999605e-03	-2.703247070312499948e-03	-4.124852230674342507e-02
7.300000000000000065e-03	-1.921997070312499905e-03	-3.026219418174342507e-02
7.309999999999999658e-03	-2.337036132812499948e-03	-3.758641293174342507e-02
7.320000000000000118e-03	-1.555786132812500121e-03	-2.660008480674342507e-02
7.329999999999999710e-03	-1.995239257812499861e-03	-3.270360043174342507e-02
7.340000000000000170e-03	-1.189575195312500121e-03	-2.171727230674342507e-02
7.349999999999999763e-03	-1.629028320312499861e-03	-2.904149105674342507e-02
7.360000000000000223e-03	-8.477783203125000347e-04	-1.805516293174342507e-02
7.369999999999999815e-03	-1.287231445312500208e-03	-2.537938168174342507e-02
7.380000000000000275e-03	-5.303955078125000781e-04	-1.317235043174342507e-02
7.389999999999999868e-03	-9.210205078125000997e-04	-2.049656918174342507e-02
7.400000000000000328e-03	-2.130126953125000130e-04	-9.510241056743425070e-03
7.409999999999999920e-03	-6.036376953125000347e-04	-1.683445980674342507e-02
7.420000000000000380e-03	7.995605468750000325e-05	-4.627428556743425070e-03
7.429999999999999973e-03	-2.862548828125000239e-04	-1.195164730674342507e-02
7.440000000000000432e-03	3.729248046875000195e-04	-9.653191817434250699e-04
7.450000000000000025e-03	-1.770019531250000217e-05	-8.289537931743425070e-03
7.459999999999999618e-03	6.658935546875000087e-04	2.696790193256574930e-03
7.470000000000000077e-03	2.996826171875000087e-04	-4.627428556743425070e-03
7.479999999999999670e-03	9.588623046875000520e-04	7.579602693256574930e-03
7.490000000000000130e-03	5.682373046875000304e-04	2.553839432565749301e-04
7.499999999999999722e-03	1.227416992187499965e-03	1.124171206825657493e-02
7.510000000000000182e-03	8.612060546874999653e-04	3.917493318256574930e-03
7.519999999999999775e-03	1.495971679687500095e-03	1.490382144325657493e-02
7.530000000000000235e-03	1.129760742187500095e-03	8.800305818256574930e-03
7.539999999999999827e-03	1.764526367187500226e-03	1.978663394325657493e-02
7.550000000000000287e-03	1.373901367187500095e-03	1.246241519325657493e-02
7.559999999999999880e-03	2.008666992187500226e-03	2.344874331825657493e-02
7.570000000000000340e-03	1.642456054687500226e-03	1.612452456825657493e-02
7.579999999999999932e-03	2.252807617187500226e-03	2.833155581825657493e-02
7.590000000000000392e-03	1.911010742187500139e-03	2.100733706825657493e-02
7.599999999999999985e-03	2.496948242187500226e-03	3.199366519325657493e-02
7.609999999999999577e-03	2.130737304687500226e-03	2.466944644325657493e-02
7.620000000000000037e-03	2.741088867187500226e-03	3.565577456825657493e-02
7.629999999999999630e-03	2.374877929687500226e-03	2.833155581825657493e-02
7.640000000000000090e-03	2.960815429687500312e-03	4.053858706825657493e-02
7.649999999999999682e-03	2.619018554687500226e-03	3.321436831825657493e-02
7.660000000000000142e-03	3.229370117187500226e-03	4.420069644325657493e-02
7.669999999999999735e-03	2.838745117187500312e-03	3.687647769325657493e-02
7.680000000000000195e-03	3.449096679687500312e-03	4.786280581825657493e-02
7.689999999999999787e-03	3.058471679687500399e-03	4.175929019325657493e-02
7.700000000000000247e-03	3.644409179687500486e-03	5.274561831825657493e-02
7.709999999999999840e-03	3.302612304687500399e-03	4.542139956825657493e-02
7.720000000000000299e-03	3.888549804687500486e-03	5.640772769325657493e-02
7.729999999999999892e-03	3.522338867187500486e-03	4.908350894325657493e-02
7.740000000000000352e-03	4.083862304687500659e-03	6.129054019325657493e-02
7.749999999999999944e-03	3.742065429687500139e-03	5.396632144325657493e-02
7.760000000000000404e-03	4.279174804687499965e-03	6.495264956825658187e-02
7.769999999999999997e-03	3.937377929687500312e-03	5.762843081825657493e-02
7.779999999999999589e-03	4.474487304687500139e-03	6.861475894325658187e-02
7.790000000000000049e-03	4.132690429687500486e-03	6.129054019325657493e-02
7.799999999999999642e-03	4.645385742187499965e-03	7.227686831825658187e-02
7.810000000000000102e-03	4.328002929687500659e-03	6.617335269325658187e-02
7.820000000000000562e-03	4.840698242187500139e-03	7.715968081825658187e-02
7.830000000000000154e-03	4.523315429687499965e-03	6.983546206825658187e-02
7.839999999999999747e-03	4.987182617187500486e-03	8.082179019325658187e-02
7.849999999999999339e-03	4.669799804687500312e-03	7.349757144325658187e-02
7.860000000000000667e-03	5.158081054687500312e-03	8.570460269325658187e-02
7.870000000000000259e-03	4.840698242187500139e-03	7.838038394325658187e-02
7.879999999999999852e-03	5.304565429687500659e-03	8.936671206825658187e-02
7.889999999999999444e-03	5.011596679687500833e-03	8.204249331825658187e-02
7.900000000000000772e-03	5.451049804687500139e-03	9.302882144325658187e-02
7.910000000000000364e-03	5.158081054687500312e-03	8.692530581825658187e-02
7.919999999999999957e-03	5.597534179687500486e-03	9.791163394325658187e-02
7.929999999999999549e-03	5.280151367187500312e-03	9.058741519325658187e-02
7.939999999999999142e-03	5.744018554687500833e-03	1.015737433182565819e-01
7.950000000000000469e-03	5.426635742187500659e-03	9.424952456825658187e-02
7.960000000000000062e-03	5.890502929687500312e-03	1.052358526932565819e-01
7.969999999999999654e-03	5.573120117187500139e-03	9.791163394325658187e-02
7.979999999999999247e-03	6.061401367187500139e-03	1.101186651932565819e-01
7.990000000000000574e-03	5.719604492187500486e-03	1.027944464432565819e-01
8.000000000000000167e-03	6.183471679687500139e-03	1.137807745682565819e-01
8.009999999999999759e-03	5.866088867187500833e-03	1.064565558182565819e-01
8.019999999999999352e-03	6.329956054687499618e-03	1.174428839432565819e-01
8.030000000000000679e-03	6.012573242187500312e-03	1.101186651932565819e-01
8.040000000000000271e-03	6.476440429687499965e-03	1.211049933182565819e-01
8.049999999999999864e-03	6.159057617187500659e-03	1.150014776932565819e-01
8.059999999999999457e-03	6.622924804687499445e-03	1.259878058182565819e-01
8.070000000000000784e-03	6.305541992187500139e-03	1.186635870682565819e-01
8.080000000000000376e-03	6.793823242187500139e-03	1.296499151932565819e-01
8.089999999999999969e-03	6.476440429687499965e-03	1.223256964432565819e-01
8.099999999999999561e-03	6.940307617187499618e-03	1.345327276932565819e-01
8.109999999999999154e-03	6.622924804687499445e-03	1.272085089432565819e-01
8.120000000000000481e-03	7.086791992187499965e-03	1.381948370682565819e-01
8.130000000000000074e-03	6.769409179687499792e-03	1.308706183182565819e-01
8.139999999999999666e-03	7.233276367187499445e-03	1.418569464432565819e-01
8.149999999999999259e-03	6.915893554687500139e-03	1.345327276932565819e-01
8.160000000000000586e-03	7.428588867187499618e-03	1.467397589432565819e-01
8.170000000000000179e-03	7.086791992187499965e-03	1.394155401932565819e-01
8.179999999999999771e-03	7.575073242187499965e-03	1.504018683182565819e-01
8.189999999999999364e-03	7.257690429687499792e-03	1.430776495682565819e-01
8.200000000000000691e-03	7.745971679687499792e-03	1.540639776932565819e-01
8.210000000000000284e-03	7.428588867187499618e-03	1.479604620682565819e-01
8.219999999999999876e-03	7.941284179687499098e-03	1.589467901932565819e-01
8.229999999999999469e-03	7.599487304687499445e-03	1.516225714432565819e-01
8.240000000000000796e-03	8.136596679687500139e-03	1.626088995682565819e-01
8.250000000000000389e-03	7.794799804687499618e-03	1.552846808182565819e-01
8.259999999999999981e-03	8.307495117187499098e-03	1.662710089432565819e-01
8.269999999999999574e-03	7.965698242187499445e-03	1.589467901932565819e-01
8.279999999999999166e-03	8.502807617187500139e-03	1.711538214432565819e-01
8.290000000000000493e-03	8.161010742187500486e-03	1.638296026932565819e-01
8.300000000000000086e-03	8.722534179687499792e-03	1.748159308182565819e-01
8.309999999999999679e-03	8.380737304687500139e-03	1.674917120682565819e-01
8.319999999999999271e-03	8.942260742187499445e-03	1.784780401932565819e-01
8.330000000000000598e-03	8.576049804687499445e-03	1.723745245682565819e-01
8.340000000000000191e-03	9.161987304687499098e-03	1.833608526932565819e-01
8.349999999999999784e-03	8.795776367187499098e-03	1.760366339432565819e-01
8.359999999999999376e-03	9.381713867187500486e-03	1.870229620682565819e-01
8.370000000000000703e-03	9.039916992187499098e-03	1.796987433182565819e-01
8.380000000000000296e-03	9.601440429687500139e-03	1.919057745682565819e-01
8.389999999999999888e-03	9.259643554687500486e-03	1.845815558182565819e-01
8.399999999999999481e-03	9.845581054687500139e-03	1.955678839432565819e-01
8.410000000000000808e-03	9.503784179687500486e-03	1.882436651932565819e-01
8.420000000000000401e-03	1.008972167968750014e-02	1.992299933182565819e-01
8.429999999999999993e-03	9.747924804687500486e-03	1.919057745682565819e-01
8.439999999999999586e-03	1.035827636718750049e-02	2.028921026932565819e-01
8.449999999999999178e-03	9.992065429687500486e-03	1.955678839432565819e-01
8.460000000000000506e-03	1.062683105468750083e-02	2.077749151932565819e-01
8.470000000000000098e-03	1.026062011718750083e-02	2.004506964432565819e-01
8.479999999999999691e-03	1.091979980468749979e-02	2.114370245682565819e-01
8.489999999999999283e-03	1.052917480468749944e-02	2.041128058182565819e-01
8.500000000000000611e-03	1.121276855468750049e-02	2.150991339432565819e-01
8.510000000000000203e-03	1.082214355468750014e-02	2.077749151932565819e-01
8.519999999999999796e-03	1.153015136718749979e-02	2.199819464432565819e-01
8.529999999999999388e-03	1.113952636718749944e-02	2.126577276932565819e-01
8.540000000000000716e-03	1.184753417968750083e-02	2.236440558182565819e-01
8.550000000000000308e-03	1.145690917968750049e-02	2.163198370682565819e-01
8.559999999999999901e-03	1.218933105468750049e-02	2.273061651932565819e-01
8.569999999999999493e-03	1.179870605468750014e-02	2.212026495682565819e-01
8.580000000000000820e-03	1.253112792968750014e-02	2.321889776932565819e-01
8.590000000000000413e-03	1.211608886718749944e-02	2.248647589432565819e-01
8.600000000000000006e-03	1.289733886718750014e-02	2.358510870682565819e-01
8.609999999999999598e-03	1.248229980468749944e-02	2.285268683182565819e-01
8.619999999999999191e-03	1.323913574218749979e-02	2.395131964432565819e-01
8.630000000000000518e-03	1.282409667968750083e-02	2.334096808182565819e-01
8.640000000000000110e-03	1.360534667968749979e-02	2.443960089432565819e-01
8.649999999999999703e-03	1.319030761718750083e-02	2.370717901932565819e-01
8.659999999999999296e-03	1.397155761718749979e-02	2.480581183182565819e-01
8.670000000000000623e-03	1.355651855468750083e-02	2.407338995682565819e-01
8.680000000000000215e-03	1.433776855468749979e-02	2.517202276932565819e-01
8.689999999999999808e-03	1.392272949218750083e-02	2.443960089432565819e-01
8.699999999999999400e-03	1.470397949218749979e-02	2.566030401932565819e-01
8.710000000000000728e-03	1.428894042968750083e-02	2.492788214432565819e-01
8.720000000000000320e-03	1.507019042968749979e-02	2.602651495682565819e-01
8.729999999999999913e-03	1.465515136718750083e-02	2.529409308182565819e-01
8.739999999999999505e-03	1.543640136718749979e-02	2.639272589432565819e-01
8.750000000000000833e-03	1.502136230468750083e-02	2.578237433182565819e-01
8.760000000000000425e-03	1.577819824218749944e-02	2.688100714432565819e-01
8.770000000000000018e-03	1.536315917968750049e-02	2.614858526932565819e-01
8.779999999999999610e-03	1.611999511718750083e-02	2.712514776932565819e-01
8.789999999999999203e-03	1.570495605468750014e-02	2.651479620682565819e-01
8.800000000000000530e-03	1.648620605468750083e-02	2.749135870682565819e-01
8.810000000000000123e-03	1.607116699218750014e-02	2.688100714432565819e-01
8.819999999999999715e-03	1.682800292968749875e-02	2.797963995682565819e-01
8.829999999999999308e-03	1.641296386718750153e-02	2.724721808182565819e-01
8.840000000000000635e-03	1.719421386718749875e-02	2.834585089432565819e-01
8.850000000000000228e-03	1.677917480468750153e-02	2.761342901932565819e-01
8.859999999999999820e-03	1.753601074218750014e-02	2.871206183182565819e-01
8.869999999999999413e-03	1.712097167968749944e-02	2.797963995682565819e-01
8.880000000000000740e-03	1.787780761718750153e-02	2.920034308182565819e-01
8.890000000000000333e-03	1.748718261718749944e-02	2.846792120682565819e-01
8.899999999999999925e-03	1.824401855468750153e-02	2.956655401932565819e-01
8.909999999999999518e-03	1.782897949218750083e-02	2.883413214432565819e-01
8.920000000000000845e-03	1.861022949218750153e-02	2.993276495682565819e-01
8.930000000000000437e-03	1.819519042968750083e-02	2.920034308182565819e-01
8.940000000000000030e-03	1.895202636718749944e-02	3.029897589432565819e-01
8.949999999999999623e-03	1.853698730468749875e-02	2.956655401932565819e-01
8.959999999999999215e-03	1.931823730468749944e-02	3.078725714432565819e-01
8.970000000000000542e-03	1.890319824218750222e-02	3.005483526932565819e-01
8.980000000000000135e-03	1.968444824218749944e-02	3.115346808182565819e-01
8.989999999999999727e-03	1.926940917968750222e-02	3.042104620682565819e-01
8.999999999999999320e-03	2.002624511718750083e-02	3.151967901932566374e-01
9.010000000000000647e-03	1.961120605468750014e-02	3.090932745682565819e-01
9.020000000000000240e-03	2.039245605468750083e-02	3.188588995682566374e-01
9.029999999999999832e-03	1.995300292968750153e-02	3.127553839432566374e-01
9.039999999999999425e-03	2.073425292968750222e-02	3.237417120682566374e-01
9.050000000000000752e-03	2.031921386718750153e-02	3.164174933182566374e-01
9.060000000000000345e-03	2.107604980468750014e-02	3.274038214432566374e-01
9.069999999999999937e-03	2.066101074218749944e-02	3.200796026932566374e-01
9.079999999999999530e-03	2.144226074218750014e-02	3.322866339432566374e-01
9.090000000000000857e-03	2.100280761718750083e-02	3.249624151932566374e-01
9.100000000000000450e-03	2.175964355468749944e-02	3.359487433182566374e-01
9.110000000000000042e-03	2.132019042968750014e-02	3.286245245682566374e-01
9.119999999999999635e-03	2.210144042968750083e-02	3.396108526932566374e-01
9.129999999999999227e-03	2.166198730468750153e-02	3.322866339432566374e-01
9.140000000000000555e-03	2.241882324218750014e-02	3.432729620682566374e-01
9.150000000000000147e-03	2.200378417968749944e-02	3.359487433182566374e-01
9.159999999999999740e-03	2.273620605468749944e-02	3.481557745682566374e-01
9.169999999999999332e-03	2.229675292968750014e-02	3.408315558182566374e-01
9.180000000000000659e-03	2.305358886718750222e-02	3.518178839432566374e-01
9.190000000000000252e-03	2.261413574218749944e-02	3.444936651932566374e-01
9.199999999999999845e-03	2.334655761718749944e-02	3.554799933182566374e-01
9.209999999999999437e-03	2.293151855468750222e-02	3.481557745682566374e-01
9.220000000000000764e-03	2.363952636718750014e-02	3.603628058182566374e-01
9.230000000000000357e-03	2.324890136718750153e-02	3.530385870682566374e-01
9.239999999999999949e-03	2.393249511718750083e-02	3.640249151932566374e-01
9.249999999999999542e-03	2.354187011718750222e-02	3.567006964432566374e-01
9.259999999999999135e-03	2.422546386718750153e-02	3.676870245682566374e-01
9.270000000000000462e-03	2.383483886718749944e-02	3.603628058182566374e-01
9.280000000000000054e-03	2.449401855468750014e-02	3.713491339432566374e-01
9.289999999999999647e-03	2.412780761718750014e-02	3.640249151932566374e-01
9.299999999999999239e-03	2.478698730468750083e-02	3.750112433182566374e-01
9.310000000000000567e-03	2.439636230468750222e-02	3.689077276932566374e-01
9.320000000000000159e-03	2.505554199218750291e-02	3.798940558182566374e-01
9.329999999999999752e-03	2.468933105468749944e-02	3.725698370682566374e-01
9.339999999999999344e-03	2.532409667968750500e-02	3.835561651932566374e-01
9.350000000000000672e-03	2.495788574218750153e-02	3.762319464432566374e-01
9.360000000000000264e-03	2.559265136718750361e-02	3.872182745682566374e-01
9.369999999999999857e-03	2.522644042968750361e-02	3.811147589432566374e-01
9.379999999999999449e-03	2.583679199218750361e-02	3.921010870682566374e-01
9.390000000000000777e-03	2.547058105468750361e-02	3.847768683182566374e-01
9.400000000000000369e-03	2.608093261718750361e-02	3.957631964432566374e-01
9.409999999999999962e-03	2.571472167968750361e-02	3.884389776932566374e-01
9.419999999999999554e-03	2.630065917968750500e-02	3.994253058182566374e-01
9.429999999999999147e-03	2.595886230468750361e-02	3.921010870682566374e-01
9.440000000000000474e-03	2.654479980468750500e-02	4.043081183182566374e-01
9.450000000000000067e-03	2.620300292968750361e-02	3.969838995682566374e-01
9.459999999999999659e-03	2.676452636718750291e-02	4.079702276932566374e-01
9.469999999999999252e-03	2.639831542968750291e-02	4.006460089432566374e-01
9.480000000000000579e-03	2.698425292968750430e-02	4.116323370682566374e-01
9.490000000000000172e-03	2.661804199218750430e-02	4.043081183182566374e-01
9.499999999999999764e-03	2.717956542968750361e-02	4.152944464432566374e-01
9.509999999999999357e-03	2.683776855468750222e-02	4.091909308182566374e-01
9.520000000000000684e-03	2.737487792968750291e-02	4.201772589432566374e-01
9.530000000000000276e-03	2.703308105468750500e-02	4.128530401932566374e-01
9.539999999999999869e-03	2.754577636718750361e-02	4.238393683182566374e-01
9.549999999999999462e-03	2.720397949218750222e-02	4.165151495682566374e-01
9.560000000000000789e-03	2.774108886718750291e-02	4.275014776932566374e-01
9.570000000000000381e-03	2.739929199218750500e-02	4.201772589432566374e-01
9.579999999999999974e-03	2.791198730468750361e-02	4.311635870682566374e-01
9.589999999999999566e-03	2.757019042968750222e-02	4.250600714432566374e-01
9.599999999999999159e-03	2.808288574218750430e-02	4.360463995682566374e-01
9.610000000000000486e-03	2.774108886718750291e-02	4.287221808182566374e-01
9.620000000000000079e-03	2.822937011718750291e-02	4.397085089432566374e-01
9.629999999999999671e-03	2.788757324218750500e-02	4.323842901932566374e-01
9.639999999999999264e-03	2.840026855468750361e-02	4.433706183182566374e-01
9.650000000000000591e-03	2.805847167968750222e-02	4.372671026932566374e-01
9.660000000000000184e-03	2.854675292968750222e-02	4.470327276932566374e-01
9.669999999999999776e-03	2.822937011718750291e-02	4.409292120682566374e-01
9.679999999999999369e-03	2.871765136718750291e-02	4.519155401932566374e-01
9.690000000000000696e-03	2.837585449218750500e-02	4.445913214432566374e-01
9.700000000000000289e-03	2.888854980468750361e-02	4.555776495682566374e-01
9.709999999999999881e-03	2.854675292968750222e-02	4.482534308182566374e-01
9.719999999999999474e-03	2.903503417968750222e-02	4.592397589432566374e-01
9.730000000000000801e-03	2.869323730468750430e-02	4.519155401932566374e-01
9.740000000000000394e-03	2.918151855468750430e-02	4.629018683182566374e-01
9.749999999999999986e-03	2.883972167968750291e-02	4.567983526932566374e-01
9.759999999999999579e-03	2.932800292968750291e-02	4.677846808182566374e-01
9.769999999999999171e-03	2.901062011718750361e-02	4.604604620682566374e-01
9.780000000000000498e-03	2.947448730468750500e-02	4.714467901932566374e-01
9.790000000000000091e-03	2.915710449218750222e-02	4.641225714432566374e-01
9.799999999999999684e-03	2.964538574218750222e-02	4.751088995682566374e-01
9.809999999999999276e-03	2.932800292968750291e-02	4.690053839432566374e-01
9.820000000000000603e-03	2.979187011718750430e-02	4.799917120682566374e-01
9.830000000000000196e-03	2.947448730468750500e-02	4.726674933182566374e-01
9.839999999999999789e-03	2.996276855468750500e-02	4.836538214432566374e-01
9.849999999999999381e-03	2.964538574218750222e-02	4.763296026932566374e-01
9.860000000000000708e-03	3.010925292968750361e-02	4.873159308182566374e-01
9.870000000000000301e-03	2.979187011718750430e-02	4.799917120682566374e-01
9.879999999999999893e-03	3.030456542968750291e-02	4.909780401932566374e-01
9.889999999999999486e-03	2.996276855468750500e-02	4.836538214432566374e-01
9.900000000000000813e-03	3.047546386718750361e-02	4.946401495682566374e-01
9.910000000000000406e-03	3.015808105468750430e-02	4.885366339432566374e-01
9.919999999999999998e-03	3.064636230468750430e-02	4.995229620682566374e-01
9.929999999999999591e-03	3.032897949218750500e-02	4.921987433182566374e-01
9.939999999999999183e-03	3.084167480468750361e-02	5.031850714432566374e-01
9.950000000000000511e-03	3.049987792968750222e-02	4.958608526932566374e-01
9.960000000000000103e-03	3.103698730468750291e-02	5.068471808182566374e-01
9.969999999999999696e-03	3.071960449218750361e-02	4.995229620682566374e-01
9.979999999999999288e-03	3.123229980468750222e-02	5.105092901932566374e-01
9.990000000000000616e-03	3.091491699218750291e-02	5.044057745682566374e-01
1.000000000000000021e-02	3.145202636718750361e-02	5.153921026932566374e-01
1.000999999999999980e-02	3.111022949218750222e-02	5.080678839432566374e-01
1.001999999999999939e-02	3.167175292968750500e-02	5.190542120682566374e-01
1.003000000000000072e-02	3.132995605468750361e-02	5.117299933182566374e-01
1.004000000000000031e-02	3.191589355468750500e-02	5.227163214432566374e-01
1.004999999999999991e-02	3.157409667968750361e-02	5.153921026932566374e-01
1.005999999999999950e-02	3.216003417968750500e-02	5.263784308182566374e-01
1.007000000000000083e-02	3.179382324218750500e-02	5.190542120682566374e-01
1.008000000000000042e-02	3.242858886718750361e-02	5.300405401932566374e-01
1.009000000000000001e-02	3.206237792968750361e-02	5.239370245682566374e-01
1.009999999999999960e-02	3.269714355468750222e-02	5.349233526932566374e-01
1.010999999999999920e-02	3.230651855468750361e-02	5.275991339432566374e-01
1.012000000000000052e-02	3.296569824218750083e-02	5.385854620682566374e-01
1.013000000000000012e-02	3.259948730468750083e-02	5.312612433182566374e-01
1.013999999999999971e-02	3.328308105468750361e-02	5.422475714432566374e-01
1.014999999999999930e-02	3.289245605468750500e-02	5.349233526932566374e-01
1.016000000000000063e-02	3.357604980468750083e-02	5.459096808182566374e-01
1.017000000000000022e-02	3.320983886718750083e-02	5.385854620682566374e-01
1.017999999999999981e-02	3.389343261718750361e-02	5.507924933182566374e-01
1.018999999999999941e-02	3.352722167968750361e-02	5.434682745682566374e-01
1.020000000000000073e-02	3.423522949218750500e-02	5.544546026932566374e-01
1.021000000000000033e-02	3.384460449218750638e-02	5.471303839432566374e-01
1.021999999999999992e-02	3.457702636718750638e-02	5.581167120682566374e-01
1.022999999999999951e-02	3.418640136718750083e-02	5.507924933182566374e-01
1.024000000000000084e-02	3.494323730468750638e-02	5.617788214432566374e-01
1.025000000000000043e-02	3.452819824218750222e-02	5.544546026932566374e-01
1.026000000000000002e-02	3.530944824218750638e-02	5.654409308182566374e-01
1.026999999999999962e-02	3.489440917968750222e-02	5.581167120682566374e-01
1.027999999999999921e-02	3.570007324218750500e-02	5.703237433182566374e-01
1.029000000000000054e-02	3.526062011718750222e-02	5.629995245682566374e-01
1.030000000000000013e-02	3.606628417968750500e-02	5.739858526932566374e-01
1.030999999999999972e-02	3.565124511718750083e-02	5.666616339432566374e-01
1.031999999999999931e-02	3.648132324218750222e-02	5.776479620682566374e-01
1.033000000000000064e-02	3.604187011718750638e-02	5.703237433182566374e-01
1.034000000000000023e-02	3.687194824218750083e-02	5.813100714432566374e-01
1.034999999999999983e-02	3.643249511718750500e-02	5.752065558182566374e-01
1.035999999999999942e-02	3.728698730468750500e-02	5.849721808182566374e-01
1.037000000000000074e-02	3.684753417968750222e-02	5.788686651932566374e-01
1.038000000000000034e-02	3.767761230468750361e-02	5.898549933182566374e-01
1.038999999999999993e-02	3.723815917968750083e-02	5.825307745682566374e-01
1.039999999999999952e-02	3.809265136718750777e-02	5.935171026932566374e-01
1.041000000000000085e-02	3.765319824218750500e-02	5.861928839432566374e-01
1.042000000000000044e-02	3.850769042968750500e-02	5.971792120682566374e-01
1.043000000000000003e-02	3.806823730468750222e-02	5.910756964432566374e-01
1.043999999999999963e-02	3.889831542968750361e-02	6.008413214432566374e-01
1.044999999999999922e-02	3.845886230468750777e-02	5.947378058182566374e-01
1.046000000000000055e-02	3.931335449218750777e-02	6.057241339432566374e-01
1.047000000000000014e-02	3.884948730468750638e-02	5.983999151932566374e-01
1.047999999999999973e-02	3.970397949218750638e-02	6.093862433182566374e-01
1.048999999999999932e-02	3.926452636718750361e-02	6.020620245682566374e-01
1.050000000000000065e-02	4.009460449218750500e-02	6.130483526932566374e-01
1.051000000000000024e-02	3.967956542968750777e-02	6.057241339432566374e-01
1.051999999999999984e-02	4.048522949218750361e-02	6.167104620682566374e-01
1.052999999999999943e-02	4.007019042968750638e-02	6.093862433182566374e-01
1.054000000000000076e-02	4.087585449218750222e-02	6.203725714432566374e-01
1.055000000000000035e-02	4.046081542968750500e-02	6.142690558182566374e-01
1.055999999999999994e-02	4.124206542968750222e-02	6.252553839432566374e-01
1.056999999999999953e-02	4.082702636718750500e-02	6.179311651932566374e-01
1.058000000000000086e-02	4.163269042968750777e-02	6.289174933182566374e-01
1.059000000000000045e-02	4.121765136718750361e-02	6.215932745682566374e-01
1.060000000000000005e-02	4.197448730468750222e-02	6.325796026932566374e-01
1.060999999999999964e-02	4.158386230468750361e-02	6.252553839432566374e-01
1.061999999999999923e-02	4.229187011718750500e-02	6.362417120682566374e-01
1.063000000000000056e-02	4.192565917968750500e-02	6.301381964432566374e-01
1.064000000000000015e-02	4.263366699218750638e-02	6.411245245682566374e-01
1.064999999999999974e-02	4.224304199218750777e-02	6.338003058182566374e-01
1.065999999999999934e-02	4.290222167968750500e-02	6.447866339432566374e-01
1.067000000000000066e-02	4.256042480468750361e-02	6.374624151932566374e-01
1.068000000000000026e-02	4.319519042968750222e-02	6.484487433182566374e-01
1.068999999999999985e-02	4.285339355468750777e-02	6.411245245682566374e-01
1.069999999999999944e-02	4.343933105468750222e-02	6.521108526932566374e-01
1.071000000000000077e-02	4.312194824218750638e-02	6.447866339432566374e-01
1.072000000000000036e-02	4.370788574218750777e-02	6.557729620682566374e-01
1.072999999999999995e-02	4.339050292968750500e-02	6.496694464432566374e-01
1.073999999999999955e-02	4.392761230468750222e-02	6.606557745682566374e-01
1.074999999999999914e-02	4.363464355468750500e-02	6.533315558182566374e-01
1.076000000000000047e-02	4.417175292968750222e-02	6.643178839432566374e-01
1.077000000000000006e-02	4.387878417968750500e-02	6.569936651932566374e-01
1.077999999999999965e-02	4.436706542968750500e-02	6.679799933182566374e-01
1.078999999999999924e-02	4.409851074218750638e-02	6.606557745682566374e-01
1.080000000000000057e-02	4.456237792968750777e-02	6.716421026932566374e-01
1.081000000000000016e-02	4.431823730468750777e-02	6.643178839432566374e-01
1.081999999999999976e-02	4.473327636718750500e-02	6.765249151932566374e-01
1.082999999999999935e-02	4.448913574218750500e-02	6.692006964432566374e-01
1.084000000000000068e-02	4.490417480468750222e-02	6.801870245682566374e-01
1.085000000000000027e-02	4.466003417968750222e-02	6.728628058182566374e-01
1.085999999999999986e-02	4.507507324218750638e-02	6.838491339432566374e-01
1.086999999999999945e-02	4.483093261718750638e-02	6.765249151932566374e-01
1.088000000000000078e-02	4.522155761718750500e-02	6.875112433182566374e-01
1.089000000000000037e-02	4.497741699218750500e-02	6.801870245682566374e-01
1.089999999999999997e-02	4.534362792968750500e-02	6.911733526932566374e-01
1.090999999999999956e-02	4.512390136718750361e-02	6.838491339432566374e-01
1.091999999999999915e-02	4.549011230468750361e-02	6.948354620682566374e-01
1.093000000000000048e-02	4.527038574218750222e-02	6.875112433182566374e-01
1.094000000000000007e-02	4.561218261718750361e-02	6.984975714432566374e-01
1.094999999999999966e-02	4.539245605468750222e-02	6.923940558182566374e-01
1.095999999999999926e-02	4.573425292968750361e-02	7.033803839432566374e-01
1.097000000000000058e-02	4.551452636718750222e-02	6.960561651932566374e-01
1.098000000000000018e-02	4.583190917968750500e-02	7.070424933182566374e-01
1.098999999999999977e-02	4.563659667968750222e-02	6.997182745682566374e-01
1.099999999999999936e-02	4.592956542968750638e-02	7.107046026932566374e-01
1.101000000000000069e-02	4.573425292968750361e-02	7.033803839432566374e-01
1.102000000000000028e-02	4.605163574218750638e-02	7.143667120682566374e-01
1.102999999999999987e-02	4.583190917968750500e-02	7.070424933182566374e-01
1.103999999999999947e-02	4.612487792968750222e-02	7.180288214432566374e-01
1.105000000000000079e-02	4.592956542968750638e-02	7.107046026932566374e-01
1.106000000000000039e-02	4.619812011718750500e-02	7.216909308182566374e-01
1.106999999999999998e-02	4.600280761718750222e-02	7.143667120682566374e-01
1.107999999999999957e-02	4.627136230468750777e-02	7.265737433182566374e-01
1.108999999999999916e-02	4.610046386718750361e-02	7.192495245682566374e-01
1.110000000000000049e-02	4.632019042968750500e-02	7.302358526932566374e-01
1.111000000000000008e-02	4.614929199218750777e-02	7.229116339432566374e-01
1.111999999999999968e-02	4.636901855468750222e-02	7.338979620682566374e-01
1.112999999999999927e-02	4.619812011718750500e-02	7.265737433182566374e-01
1.114000000000000060e-02	4.639343261718750777e-02	7.375600714432566374e-01
1.115000000000000019e-02	4.622253417968750361e-02	7.302358526932566374e-01
1.115999999999999978e-02	4.641784667968750638e-02	7.412221808182566374e-01
1.116999999999999937e-02	4.624694824218750222e-02	7.338979620682566374e-01
1.118000000000000070e-02	4.644226074218750500e-02	7.448842901932566374e-01
1.119000000000000029e-02	4.627136230468750777e-02	7.387807745682566374e-01
1.119999999999999989e-02	4.646667480468750361e-02	7.497671026932566374e-01
1.120999999999999948e-02	4.629577636718750638e-02	7.424428839432566374e-01
1.122000000000000081e-02	4.649108886718750222e-02	7.534292120682566374e-01
1.123000000000000040e-02	4.632019042968750500e-02	7.461049933182566374e-01
1.123999999999999999e-02	4.651550292968750777e-02	7.570913214432566374e-01
1.124999999999999958e-02	4.634460449218750361e-02	7.497671026932566374e-01
1.125999999999999918e-02	4.653991699218750638e-02	7.607534308182566374e-01
1.127000000000000050e-02	4.636901855468750222e-02	7.534292120682566374e-01
1.128000000000000010e-02	4.656433105468750500e-02	7.644155401932566374e-01
1.128999999999999969e-02	4.639343261718750777e-02	7.570913214432566374e-01
1.129999999999999928e-02	4.658874511718750361e-02	7.680776495682566374e-01
1.131000000000000061e-02	4.641784667968750638e-02	7.619741339432566374e-01
1.132000000000000020e-02	4.661315917968750222e-02	7.717397589432566374e-01
1.132999999999999979e-02	4.644226074218750500e-02	7.656362433182566374e-01
1.133999999999999939e-02	4.663757324218750777e-02	7.766225714432566374e-01
1.135000000000000071e-02	4.646667480468750361e-02	7.692983526932566374e-01
1.136000000000000031e-02	4.666198730468750638e-02	7.802846808182566374e-01
1.136999999999999990e-02	4.649108886718750222e-02	7.729604620682566374e-01
1.137999999999999949e-02	4.668640136718750500e-02	7.839467901932566374e-01
1.139000000000000082e-02	4.651550292968750777e-02	7.766225714432566374e-01
1.140000000000000041e-02	4.673522949218750222e-02	7.876088995682566374e-01
1.141000000000000000e-02	4.656433105468750500e-02	7.802846808182566374e-01
1.141999999999999960e-02	4.678405761718750638e-02	7.912710089432566374e-01
1.142999999999999919e-02	4.658874511718750361e-02	7.839467901932566374e-01
1.144000000000000052e-02	4.680847167968750500e-02	7.949331183182566374e-01
1.145000000000000011e-02	4.663757324218750777e-02	7.888296026932566374e-01
1.145999999999999970e-02	4.685729980468750222e-02	7.985952276932566374e-01
1.146999999999999929e-02	4.668640136718750500e-02	7.924917120682566374e-01
1.148000000000000062e-02	4.690612792968750638e-02	8.034780401932566374e-01
1.149000000000000021e-02	4.673522949218750222e-02	7.961538214432566374e-01
1.149999999999999981e-02	4.695495605468750361e-02	8.071401495682566374e-01
1.150999999999999940e-02	4.678405761718750638e-02	7.998159308182566374e-01
1.152000000000000073e-02	4.700378417968750777e-02	8.108022589432566374e-01
1.153000000000000032e-02	4.683288574218750361e-02	8.034780401932566374e-01
1.153999999999999991e-02	4.705261230468750500e-02	8.144643683182566374e-01
1.154999999999999950e-02	4.690612792968750638e-02	8.071401495682566374e-01
1.156000000000000083e-02	4.712585449218750777e-02	8.181264776932566374e-01
1.157000000000000042e-02	4.697937011718750222e-02	8.108022589432566374e-01
1.158000000000000002e-02	4.719909667968750361e-02	8.230092901932566374e-01
1.158999999999999961e-02	4.702819824218750638e-02	8.156850714432566374e-01
1.159999999999999920e-02	4.727233886718750638e-02	8.254506964432566374e-01
1.161000000000000053e-02	4.710144042968750222e-02	8.193471808182566374e-01
1.162000000000000012e-02	4.734558105468750222e-02	8.303335089432566374e-01
1.162999999999999971e-02	4.717468261718750500e-02	8.230092901932566374e-01
1.163999999999999931e-02	4.741882324218750500e-02	8.339956183182566374e-01
1.165000000000000063e-02	4.724792480468750777e-02	8.266713995682566374e-01
1.166000000000000023e-02	4.749206542968750777e-02	8.376577276932566374e-01
1.166999999999999982e-02	4.734558105468750222e-02	8.303335089432566374e-01
1.167999999999999941e-02	4.758972167968750222e-02	8.413198370682566374e-01
1.169000000000000074e-02	4.741882324218750500e-02	8.339956183182566374e-01
1.170000000000000033e-02	4.766296386718750500e-02	8.449819464432566374e-01
1.170999999999999992e-02	4.751647949218750638e-02	8.376577276932566374e-01
1.171999999999999952e-02	4.776062011718750638e-02	8.486440558182566374e-01
1.173000000000000084e-02	4.761413574218750777e-02	8.425405401932566374e-01
1.174000000000000044e-02	4.785827636718750777e-02	8.523061651932566374e-01
1.175000000000000003e-02	4.771179199218750222e-02	8.462026495682566374e-01
1.175999999999999962e-02	4.795593261718750222e-02	8.571889776932566374e-01
1.176999999999999921e-02	4.780944824218750361e-02	8.498647589432566374e-01
1.178000000000000054e-02	4.805358886718750361e-02	8.596303839432566374e-01
1.179000000000000013e-02	4.790710449218750500e-02	8.535268683182566374e-01
1.179999999999999973e-02	4.815124511718750500e-02	8.645131964432566374e-01
1.180999999999999932e-02	4.802917480468750500e-02	8.571889776932566374e-01
1.182000000000000065e-02	4.824890136718750638e-02	8.681753058182566374e-01
1.183000000000000024e-02	4.812683105468750638e-02	8.608510870682566374e-01
1.183999999999999983e-02	4.837097167968750638e-02	8.718374151932566374e-01
1.184999999999999942e-02	4.822448730468750777e-02	8.645131964432566374e-01
1.186000000000000075e-02	4.846862792968750777e-02	8.754995245682566374e-01
1.187000000000000034e-02	4.832214355468750222e-02	8.681753058182566374e-01
1.187999999999999994e-02	4.856628417968750222e-02	8.791616339432566374e-01
1.188999999999999953e-02	4.844421386718750222e-02	8.718374151932566374e-01
1.190000000000000085e-02	4.868835449218750222e-02	8.828237433182566374e-01
1.191000000000000045e-02	4.854187011718750361e-02	8.767202276932566374e-01
1.192000000000000004e-02	4.878601074218750361e-02	8.864858526932566374e-01
1.192999999999999963e-02	4.866394042968750361e-02	8.803823370682566374e-01
1.193999999999999923e-02	4.888366699218750500e-02	8.901479620682566374e-01
1.195000000000000055e-02	4.876159667968750500e-02	8.828237433182566374e-01
1.196000000000000014e-02	4.898132324218750638e-02	8.938100714432566374e-01
1.196999999999999974e-02	4.885925292968750638e-02	8.877065558182566374e-01
1.197999999999999933e-02	4.907897949218750777e-02	8.986928839432566374e-01
1.199000000000000066e-02	4.898132324218750638e-02	8.913686651932566374e-01
1.200000000000000025e-02	4.915222167968750361e-02	9.023549933182566374e-01
1.200999999999999984e-02	4.905456542968750222e-02	8.950307745682566374e-01
1.201999999999999943e-02	4.924987792968750500e-02	9.060171026932566374e-01
1.203000000000000076e-02	4.915222167968750361e-02	8.986928839432566374e-01
1.204000000000000035e-02	4.932312011718750777e-02	9.096792120682566374e-01
1.204999999999999995e-02	4.922546386718750638e-02	9.023549933182566374e-01
1.205999999999999954e-02	4.939636230468750361e-02	9.133413214432566374e-01
1.207000000000000087e-02	4.929870605468750222e-02	9.060171026932566374e-01
1.208000000000000046e-02	4.946960449218750638e-02	9.170034308182566374e-01
1.209000000000000005e-02	4.937194824218750500e-02	9.096792120682566374e-01
1.209999999999999964e-02	4.954284667968750222e-02	9.206655401932566374e-01
1.210999999999999924e-02	4.946960449218750638e-02	9.133413214432566374e-01
1.212000000000000056e-02	4.959167480468750638e-02	9.243276495682566374e-01
1.213000000000000016e-02	4.954284667968750222e-02	9.170034308182566374e-01
1.213999999999999975e-02	4.966491699218750222e-02	9.279897589432566374e-01
1.214999999999999934e-02	4.959167480468750638e-02	9.206655401932566374e-01
1.216000000000000067e-02	4.968933105468750777e-02	9.316518683182566374e-01
1.217000000000000026e-02	4.964050292968750361e-02	9.255483526932566374e-01
1.217999999999999985e-02	4.973815917968750500e-02	9.353139776932566374e-01
1.218999999999999945e-02	4.968933105468750777e-02	9.292104620682566374e-01
1.220000000000000077e-02	4.976257324218750361e-02	9.389760870682566374e-01
1.221000000000000037e-02	4.971374511718750638e-02	9.328725714432566374e-01
1.221999999999999996e-02	4.978698730468750222e-02	9.438588995682566374e-01
1.222999999999999955e-02	4.973815917968750500e-02	9.365346808182566374e-01
1.223999999999999914e-02	4.978698730468750222e-02	9.475210089432566374e-01
1.225000000000000047e-02	4.976257324218750361e-02	9.401967901932566374e-01
1.226000000000000006e-02	4.981140136718750777e-02	9.511831183182566374e-01
1.226999999999999966e-02	4.978698730468750222e-02	9.438588995682566374e-01
1.227999999999999925e-02	4.981140136718750777e-02	9.548452276932566374e-01
1.229000000000000058e-02	4.981140136718750777e-02	9.475210089432566374e-01
1.230000000000000017e-02	4.981140136718750777e-02	9.585073370682566374e-01
1.230999999999999976e-02	4.981140136718750777e-02	9.511831183182566374e-01
1.231999999999999935e-02	4.983581542968750638e-02	9.621694464432566374e-01
1.233000000000000068e-02	4.981140136718750777e-02	9.548452276932566374e-01
1.234000000000000027e-02	4.983581542968750638e-02	9.658315558182566374e-01
1.234999999999999987e-02	4.983581542968750638e-02	9.597280401932566374e-01
1.235999999999999946e-02	4.983581542968750638e-02	9.694936651932566374e-01
1.237000000000000079e-02	4.983581542968750638e-02	9.633901495682566374e-01
1.238000000000000038e-02	4.983581542968750638e-02	9.731557745682566374e-01
1.238999999999999997e-02	4.983581542968750638e-02	9.670522589432566374e-01
1.239999999999999956e-02	4.986022949218750500e-02	9.768178839432566374e-01
1.240999999999999916e-02	4.983581542968750638e-02	9.707143683182566374e-01
1.242000000000000048e-02	4.986022949218750500e-02	9.817006964432566374e-01
1.243000000000000008e-02	4.986022949218750500e-02	9.743764776932566374e-01
1.243999999999999967e-02	4.986022949218750500e-02	9.853628058182566374e-01
1.244999999999999926e-02	4.986022949218750500e-02	9.780385870682566374e-01
1.246000000000000059e-02	4.986022949218750500e-02	9.890249151932566374e-01
1.247000000000000018e-02	4.986022949218750500e-02	9.817006964432566374e-01
1.247999999999999977e-02	4.986022949218750500e-02	9.926870245682566374e-01
1.248999999999999937e-02	4.986022949218750500e-02	9.853628058182566374e-01
1.250000000000000069e-02	4.986022949218750500e-02	9.963491339432566374e-01
1.251000000000000029e-02	4.986022949218750500e-02	9.890249151932566374e-01
1.251999999999999988e-02	4.986022949218750500e-02	1.000011243318256637e+00
1.252999999999999947e-02	4.986022949218750500e-02	9.926870245682566374e-01
1.254000000000000080e-02	4.986022949218750500e-02	1.003673352693256637e+00
1.255000000000000039e-02	4.986022949218750500e-02	9.963491339432566374e-01
1.255999999999999998e-02	4.986022949218750500e-02	1.007335462068256637e+00
1.256999999999999958e-02	4.986022949218750500e-02	1.000011243318256637e+00
1.257999999999999917e-02	4.986022949218750500e-02	1.010997571443256637e+00
1.259000000000000050e-02	4.986022949218750500e-02	1.004894055818256637e+00
1.260000000000000009e-02	4.986022949218750500e-02	1.014659680818256637e+00
1.260999999999999968e-02	4.986022949218750500e-02	1.008556165193256637e+00
1.261999999999999927e-02	4.986022949218750500e-02	1.018321790193256637e+00
1.263000000000000060e-02	4.986022949218750500e-02	1.012218274568256637e+00
1.264000000000000019e-02	4.986022949218750500e-02	1.021983899568256637e+00
1.264999999999999979e-02	4.986022949218750500e-02	1.015880383943256637e+00
1.265999999999999938e-02	4.986022949218750500e-02	1.026866712068256637e+00
1.267000000000000071e-02	4.986022949218750500e-02	1.019542493318256637e+00
1.268000000000000030e-02	4.986022949218750500e-02	1.030528821443256637e+00
1.268999999999999989e-02	4.986022949218750500e-02	1.023204602693256637e+00
1.269999999999999948e-02	4.986022949218750500e-02	1.034190930818256637e+00
1.271000000000000081e-02	4.986022949218750500e-02	1.026866712068256637e+00
1.272000000000000040e-02	4.986022949218750500e-02	1.037853040193256637e+00
1.273000000000000000e-02	4.986022949218750500e-02	1.030528821443256637e+00
1.273999999999999959e-02	4.986022949218750500e-02	1.041515149568256637e+00
1.274999999999999918e-02	4.986022949218750500e-02	1.034190930818256637e+00
1.276000000000000051e-02	4.986022949218750500e-02	1.045177258943256637e+00
1.277000000000000010e-02	4.986022949218750500e-02	1.037853040193256637e+00
1.277999999999999969e-02	4.986022949218750500e-02	1.048839368318256637e+00
1.278999999999999929e-02	4.986022949218750500e-02	1.041515149568256637e+00
1.280000000000000061e-02	4.986022949218750500e-02	1.052501477693256637e+00
1.281000000000000021e-02	4.986022949218750500e-02	1.046397962068256637e+00
1.281999999999999980e-02	4.986022949218750500e-02	1.056163587068256637e+00
1.282999999999999939e-02	4.986022949218750500e-02	1.050060071443256637e+00
1.284000000000000072e-02	4.986022949218750500e-02	1.059825696443256637e+00
1.285000000000000031e-02	4.986022949218750500e-02	1.053722180818256637e+00
1.285999999999999990e-02	4.986022949218750500e-02	1.063487805818256637e+00
1.286999999999999950e-02	4.986022949218750500e-02	1.056163587068256637e+00
1.288000000000000082e-02	4.986022949218750500e-02	1.067149915193256637e+00
1.289000000000000042e-02	4.986022949218750500e-02	1.061046399568256637e+00
1.290000000000000001e-02	4.986022949218750500e-02	1.072032727693256637e+00
1.290999999999999960e-02	4.986022949218750500e-02	1.064708508943256637e+00
1.291999999999999919e-02	4.986022949218750500e-02	1.075694837068256637e+00
1.293000000000000052e-02	4.986022949218750500e-02	1.068370618318256637e+00
1.294000000000000011e-02	4.986022949218750500e-02	1.079356946443256637e+00
1.294999999999999971e-02	4.986022949218750500e-02	1.072032727693256637e+00
1.295999999999999930e-02	4.986022949218750500e-02	1.083019055818256637e+00
1.297000000000000063e-02	4.986022949218750500e-02	1.075694837068256637e+00
1.298000000000000022e-02	4.986022949218750500e-02	1.086681165193256637e+00
1.298999999999999981e-02	4.986022949218750500e-02	1.079356946443256637e+00
1.299999999999999940e-02	4.986022949218750500e-02	1.090343274568256637e+00
1.301000000000000073e-02	4.986022949218750500e-02	1.083019055818256637e+00
1.302000000000000032e-02	4.986022949218750500e-02	1.094005383943256637e+00
1.302999999999999992e-02	4.986022949218750500e-02	1.086681165193256637e+00
1.303999999999999951e-02	4.986022949218750500e-02	1.097667493318256637e+00
1.305000000000000084e-02	4.986022949218750500e-02	1.090343274568256637e+00
1.306000000000000043e-02	4.986022949218750500e-02	1.101329602693256637e+00
1.307000000000000002e-02	4.986022949218750500e-02	1.094005383943256637e+00
1.307999999999999961e-02	4.986022949218750500e-02	1.104991712068256637e+00
1.308999999999999921e-02	4.986022949218750500e-02	1.097667493318256637e+00
1.310000000000000053e-02	4.986022949218750500e-02	1.108653821443256637e+00
1.311000000000000013e-02	4.986022949218750500e-02	1.101329602693256637e+00
1.311999999999999972e-02	4.986022949218750500e-02	1.112315930818256637e+00
1.312999999999999931e-02	4.986022949218750500e-02	1.106212415193256637e+00
1.314000000000000064e-02	4.986022949218750500e-02	1.115978040193256637e+00
1.315000000000000023e-02	4.986022949218750500e-02	1.109874524568256637e+00
1.315999999999999982e-02	4.986022949218750500e-02	1.119640149568256637e+00
1.316999999999999942e-02	4.986022949218750500e-02	1.113536633943256637e+00
1.318000000000000074e-02	4.986022949218750500e-02	1.123302258943256637e+00
1.319000000000000034e-02	4.986022949218750500e-02	1.117198743318256637e+00
1.319999999999999993e-02	4.986022949218750500e-02	1.126964368318256637e+00
1.320999999999999952e-02	4.986022949218750500e-02	1.120860852693256637e+00
1.322000000000000085e-02	4.986022949218750500e-02	1.131847180818256637e+00
1.323000000000000044e-02	4.986022949218750500e-02	1.124522962068256637e+00
1.324000000000000003e-02	4.986022949218750500e-02	1.134288587068256637e+00
1.324999999999999963e-02	4.986022949218750500e-02	1.126964368318256637e+00
1.325999999999999922e-02	4.986022949218750500e-02	1.137950696443256637e+00
1.327000000000000055e-02	4.986022949218750500e-02	1.131847180818256637e+00
1.328000000000000014e-02	4.986022949218750500e-02	1.141612805818256637e+00
1.328999999999999973e-02	4.986022949218750500e-02	1.135509290193256637e+00
1.329999999999999932e-02	4.986022949218750500e-02	1.146495618318256637e+00
1.331000000000000065e-02	4.986022949218750500e-02	1.139171399568256637e+00
1.332000000000000024e-02	4.986022949218750500e-02	1.150157727693256637e+00
1.332999999999999984e-02	4.986022949218750500e-02	1.142833508943256637e+00
1.333999999999999943e-02	4.986022949218750500e-02	1.153819837068256637e+00
1.335000000000000075e-02	4.986022949218750500e-02	1.146495618318256637e+00
1.336000000000000035e-02	4.986022949218750500e-02	1.157481946443256637e+00
1.336999999999999994e-02	4.986022949218750500e-02	1.150157727693256637e+00
1.337999999999999953e-02	4.986022949218750500e-02	1.161144055818256637e+00
1.339000000000000086e-02	4.986022949218750500e-02	1.153819837068256637e+00
1.340000000000000045e-02	4.986022949218750500e-02	1.164806165193256637e+00
1.341000000000000004e-02	4.986022949218750500e-02	1.157481946443256637e+00
1.341999999999999964e-02	4.986022949218750500e-02	1.168468274568256637e+00
1.342999999999999923e-02	4.986022949218750500e-02	1.161144055818256637e+00
1.344000000000000056e-02	4.986022949218750500e-02	1.172130383943256637e+00
1.345000000000000015e-02	4.986022949218750500e-02	1.164806165193256637e+00
1.345999999999999974e-02	4.986022949218750500e-02	1.175792493318256637e+00
1.346999999999999933e-02	4.986022949218750500e-02	1.168468274568256637e+00
1.348000000000000066e-02	4.986022949218750500e-02	1.179454602693256637e+00
1.349000000000000025e-02	4.986022949218750500e-02	1.172130383943256637e+00
1.349999999999999985e-02	4.986022949218750500e-02	1.183116712068256637e+00
1.350999999999999944e-02	4.986022949218750500e-02	1.175792493318256637e+00
1.352000000000000077e-02	4.986022949218750500e-02	1.186778821443256637e+00
1.353000000000000036e-02	4.986022949218750500e-02	1.179454602693256637e+00
1.353999999999999995e-02	4.986022949218750500e-02	1.190440930818256637e+00
1.354999999999999954e-02	4.986022949218750500e-02	1.183116712068256637e+00
1.355999999999999914e-02	4.986022949218750500e-02	1.194103040193256637e+00
1.357000000000000046e-02	4.986022949218750500e-02	1.186778821443256637e+00
1.358000000000000006e-02	4.986022949218750500e-02	1.197765149568256637e+00
1.358999999999999965e-02	4.986022949218750500e-02	1.190440930818256637e+00
1.359999999999999924e-02	4.986022949218750500e-02	1.201427258943256637e+00
1.361000000000000057e-02	4.986022949218750500e-02	1.194103040193256637e+00
1.362000000000000016e-02	4.986022949218750500e-02	1.205089368318256637e+00
1.362999999999999975e-02	4.986022949218750500e-02	1.197765149568256637e+00
1.363999999999999935e-02	4.986022949218750500e-02	1.208751477693256637e+00
1.365000000000000067e-02	4.986022949218750500e-02	1.201427258943256637e+00
1.366000000000000027e-02	4.986022949218750500e-02	1.212413587068256637e+00
1.366999999999999986e-02	4.986022949218750500e-02	1.205089368318256637e+00
1.367999999999999945e-02	4.986022949218750500e-02	1.216075696443256637e+00
1.369000000000000078e-02	4.986022949218750500e-02	1.208751477693256637e+00
1.370000000000000037e-02	4.986022949218750500e-02	1.219737805818256637e+00
1.370999999999999996e-02	4.986022949218750500e-02	1.212413587068256637e+00
1.371999999999999956e-02	4.986022949218750500e-02	1.223399915193256637e+00
1.372999999999999915e-02	4.986022949218750500e-02	1.216075696443256637e+00
1.374000000000000048e-02	4.986022949218750500e-02	1.227062024568256637e+00
1.375000000000000007e-02	4.986022949218750500e-02	1.219737805818256637e+00
1.375999999999999966e-02	4.986022949218750500e-02	1.230724133943256637e+00
1.376999999999999925e-02	4.986022949218750500e-02	1.223399915193256637e+00
1.378000000000000058e-02	4.986022949218750500e-02	1.234386243318256637e+00
1.379000000000000017e-02	4.986022949218750500e-02	1.227062024568256637e+00
1.379999999999999977e-02	4.986022949218750500e-02	1.238048352693256637e+00
1.380999999999999936e-02	4.986022949218750500e-02	1.230724133943256637e+00
1.382000000000000069e-02	4.986022949218750500e-02	1.241710462068256637e+00
1.383000000000000028e-02	4.986022949218750500e-02	1.234386243318256637e+00
1.383999999999999987e-02	4.986022949218750500e-02	1.245372571443256637e+00
1.384999999999999946e-02	4.986022949218750500e-02	1.238048352693256637e+00
1.386000000000000079e-02	4.986022949218750500e-02	1.249034680818256637e+00
1.387000000000000038e-02	4.986022949218750500e-02	1.241710462068256637e+00
1.387999999999999998e-02	4.986022949218750500e-02	1.252696790193256415e+00
1.388999999999999957e-02	4.986022949218750500e-02	1.245372571443256637e+00
1.389999999999999916e-02	4.986022949218750500e-02	1.256358899568256415e+00
1.391000000000000049e-02	4.986022949218750500e-02	1.249034680818256637e+00
1.392000000000000008e-02	4.986022949218750500e-02	1.260021008943256415e+00
1.392999999999999967e-02	4.986022949218750500e-02	1.252696790193256415e+00
1.393999999999999927e-02	4.986022949218750500e-02	1.263683118318256415e+00
1.395000000000000059e-02	4.986022949218750500e-02	1.256358899568256415e+00
1.396000000000000019e-02	4.986022949218750500e-02	1.267345227693256415e+00
1.396999999999999978e-02	4.986022949218750500e-02	1.260021008943256415e+00
1.397999999999999937e-02	4.986022949218750500e-02	1.271007337068256415e+00
1.399000000000000070e-02	4.986022949218750500e-02	1.263683118318256415e+00
1.400000000000000029e-02	4.986022949218750500e-02	1.274669446443256415e+00
1.400999999999999988e-02	4.986022949218750500e-02	1.267345227693256415e+00
1.401999999999999948e-02	4.986022949218750500e-02	1.278331555818256415e+00
1.403000000000000080e-02	4.986022949218750500e-02	1.271007337068256415e+00
1.404000000000000040e-02	4.986022949218750500e-02	1.281993665193256415e+00
1.404999999999999999e-02	4.986022949218750500e-02	1.274669446443256415e+00
1.405999999999999958e-02	4.986022949218750500e-02	1.285655774568256415e+00
1.406999999999999917e-02	4.986022949218750500e-02	1.278331555818256415e+00
1.408000000000000050e-02	4.986022949218750500e-02	1.289317883943256415e+00
1.409000000000000009e-02	4.986022949218750500e-02	1.281993665193256415e+00
1.409999999999999969e-02	4.986022949218750500e-02	1.292979993318256415e+00
1.410999999999999928e-02	4.986022949218750500e-02	1.285655774568256415e+00
1.412000000000000061e-02	4.986022949218750500e-02	1.296642102693256415e+00
1.413000000000000020e-02	4.986022949218750500e-02	1.289317883943256415e+00
1.413999999999999979e-02	4.986022949218750500e-02	1.300304212068256415e+00
1.414999999999999938e-02	4.986022949218750500e-02	1.292979993318256415e+00
1.416000000000000071e-02	4.986022949218750500e-02	1.303966321443256415e+00
1.417000000000000030e-02	4.986022949218750500e-02	1.296642102693256415e+00
1.417999999999999990e-02	4.986022949218750500e-02	1.307628430818256415e+00
1.418999999999999949e-02	4.986022949218750500e-02	1.300304212068256415e+00
1.420000000000000082e-02	4.986022949218750500e-02	1.311290540193256415e+00
1.421000000000000041e-02	4.986022949218750500e-02	1.303966321443256415e+00
1.422000000000000000e-02	4.986022949218750500e-02	1.314952649568256415e+00
1.422999999999999959e-02	4.986022949218750500e-02	1.307628430818256415e+00
1.423999999999999919e-02	4.986022949218750500e-02	1.318614758943256415e+00
1.425000000000000051e-02	4.986022949218750500e-02	1.311290540193256415e+00
1.426000000000000011e-02	4.986022949218750500e-02	1.321056165193256415e+00
1.426999999999999970e-02	4.986022949218750500e-02	1.314952649568256415e+00
1.427999999999999929e-02	4.986022949218750500e-02	1.325938977693256415e+00
1.429000000000000062e-02	4.986022949218750500e-02	1.318614758943256415e+00
1.430000000000000021e-02	4.986022949218750500e-02	1.329601087068256415e+00
1.430999999999999980e-02	4.986022949218750500e-02	1.322276868318256415e+00
1.431999999999999940e-02	4.986022949218750500e-02	1.333263196443256415e+00
1.433000000000000072e-02	4.986022949218750500e-02	1.325938977693256415e+00
1.434000000000000032e-02	4.986022949218750500e-02	1.336925305818256415e+00
1.434999999999999991e-02	4.986022949218750500e-02	1.329601087068256415e+00
1.435999999999999950e-02	4.986022949218750500e-02	1.340587415193256415e+00
1.437000000000000083e-02	4.986022949218750500e-02	1.333263196443256415e+00
1.438000000000000042e-02	4.986022949218750500e-02	1.344249524568256415e+00
1.439000000000000001e-02	4.986022949218750500e-02	1.336925305818256415e+00
1.439999999999999961e-02	4.986022949218750500e-02	1.347911633943256415e+00
1.440999999999999920e-02	4.986022949218750500e-02	1.340587415193256415e+00
1.442000000000000053e-02	4.986022949218750500e-02	1.351573743318256415e+00
1.443000000000000012e-02	4.986022949218750500e-02	1.344249524568256415e+00
1.443999999999999971e-02	4.986022949218750500e-02	1.355235852693256415e+00
1.444999999999999930e-02	4.986022949218750500e-02	1.347911633943256415e+00
1.446000000000000063e-02	4.986022949218750500e-02	1.357677258943256415e+00
1.447000000000000022e-02	4.986022949218750500e-02	1.351573743318256415e+00
1.447999999999999982e-02	4.986022949218750500e-02	1.361339368318256415e+00
1.448999999999999941e-02	4.986022949218750500e-02	1.355235852693256415e+00
1.450000000000000074e-02	4.986022949218750500e-02	1.363780774568256415e+00
1.451000000000000033e-02	4.986022949218750500e-02	1.356456555818256415e+00
1.451999999999999992e-02	4.986022949218750500e-02	1.360118665193256415e+00
1.452999999999999951e-02	4.986022949218750500e-02	1.352794446443256415e+00
1.454000000000000084e-02	4.986022949218750500e-02	1.356456555818256415e+00
1.455000000000000043e-02	4.986022949218750500e-02	1.349132337068256415e+00
1.456000000000000003e-02	4.986022949218750500e-02	1.351573743318256415e+00
1.456999999999999962e-02	4.986022949218750500e-02	1.344249524568256415e+00
1.457999999999999921e-02	4.986022949218750500e-02	1.347911633943256415e+00
1.459000000000000054e-02	4.986022949218750500e-02	1.340587415193256415e+00
1.460000000000000013e-02	4.986022949218750500e-02	1.343028821443256415e+00
1.460999999999999972e-02	4.986022949218750500e-02	1.335704602693256415e+00
1.461999999999999932e-02	4.986022949218750500e-02	1.338146008943256415e+00
1.463000000000000064e-02	4.986022949218750500e-02	1.330821790193256415e+00
1.464000000000000024e-02	4.986022949218750500e-02	1.334483899568256415e+00
1.464999999999999983e-02	4.986022949218750500e-02	1.327159680818256415e+00
1.465999999999999942e-02	4.986022949218750500e-02	1.329601087068256415e+00
1.467000000000000075e-02	4.986022949218750500e-02	1.322276868318256415e+00
1.468000000000000034e-02	4.986022949218750500e-02	1.324718274568256415e+00
1.468999999999999993e-02	4.986022949218750500e-02	1.317394055818256415e+00
1.469999999999999953e-02	4.986022949218750500e-02	1.321056165193256415e+00
1.471000000000000085e-02	4.986022949218750500e-02	1.313731946443256415e+00
1.472000000000000045e-02	4.986022949218750500e-02	1.316173352693256415e+00
1.473000000000000004e-02	4.986022949218750500e-02	1.308849133943256415e+00
1.473999999999999963e-02	4.986022949218750500e-02	1.312511243318256415e+00
1.474999999999999922e-02	4.986022949218750500e-02	1.305187024568256415e+00
1.476000000000000055e-02	4.986022949218750500e-02	1.307628430818256415e+00
1.477000000000000014e-02	4.986022949218750500e-02	1.300304212068256415e+00
1.477999999999999974e-02	4.986022949218750500e-02	1.303966321443256415e+00
1.478999999999999933e-02	4.986022949218750500e-02	1.295421399568256415e+00
1.480000000000000066e-02	4.986022949218750500e-02	1.299083508943256415e+00
1.481000000000000025e-02	4.986022949218750500e-02	1.291759290193256415e+00
1.481999999999999984e-02	4.986022949218750500e-02	1.294200696443256415e+00
1.482999999999999943e-02	4.986022949218750500e-02	1.286876477693256415e+00
1.484000000000000076e-02	4.986022949218750500e-02	1.290538587068256415e+00
1.485000000000000035e-02	4.986022949218750500e-02	1.283214368318256415e+00
1.485999999999999995e-02	4.986022949218750500e-02	1.285655774568256415e+00
1.486999999999999954e-02	4.986022949218750500e-02	1.278331555818256415e+00
1.488000000000000086e-02	4.986022949218750500e-02	1.280772962068256415e+00
1.489000000000000046e-02	4.986022949218750500e-02	1.274669446443256415e+00
1.490000000000000005e-02	4.986022949218750500e-02	1.277110852693256415e+00
1.490999999999999964e-02	4.986022949218750500e-02	1.269786633943256415e+00
1.491999999999999924e-02	4.986022949218750500e-02	1.272228040193256415e+00
1.493000000000000056e-02	4.986022949218750500e-02	1.264903821443256415e+00
1.494000000000000015e-02	4.986022949218750500e-02	1.268565930818256415e+00
1.494999999999999975e-02	4.986022949218750500e-02	1.261241712068256415e+00
1.495999999999999934e-02	4.986022949218750500e-02	1.263683118318256415e+00
1.497000000000000067e-02	4.986022949218750500e-02	1.256358899568256415e+00
1.498000000000000026e-02	4.986022949218750500e-02	1.260021008943256415e+00
1.498999999999999985e-02	4.986022949218750500e-02	1.252696790193256415e+00
1.499999999999999944e-02	4.986022949218750500e-02	1.255138196443256415e+00
1.501000000000000077e-02	4.986022949218750500e-02	1.247813977693256637e+00
1.502000000000000036e-02	4.986022949218750500e-02	1.251476087068256415e+00
1.502999999999999996e-02	4.986022949218750500e-02	1.242931165193256637e+00
1.503999999999999955e-02	4.986022949218750500e-02	1.246593274568256637e+00
1.504999999999999914e-02	4.986022949218750500e-02	1.239269055818256637e+00
1.506000000000000047e-02	4.986022949218750500e-02	1.241710462068256637e+00
1.507000000000000006e-02	4.986022949218750500e-02	1.234386243318256637e+00
1.507999999999999965e-02	4.986022949218750500e-02	1.236827649568256637e+00
1.508999999999999925e-02	4.986022949218750500e-02	1.230724133943256637e+00
1.510000000000000057e-02	4.986022949218750500e-02	1.233165540193256637e+00
1.511000000000000017e-02	4.986022949218750500e-02	1.225841321443256637e+00
1.511999999999999976e-02	4.986022949218750500e-02	1.228282727693256637e+00
1.512999999999999935e-02	4.986022949218750500e-02	1.220958508943256637e+00
1.514000000000000068e-02	4.986022949218750500e-02	1.224620618318256637e+00
1.515000000000000027e-02	4.986022949218750500e-02	1.217296399568256637e+00
1.515999999999999986e-02	4.986022949218750500e-02	1.219737805818256637e+00
1.516999999999999946e-02	4.986022949218750500e-02	1.212413587068256637e+00
1.518000000000000078e-02	4.986022949218750500e-02	1.216075696443256637e+00
1.519000000000000038e-02	4.986022949218750500e-02	1.208751477693256637e+00
