time[s]	CH1[V]	CH2[V] (num. of cycles: 1)
0.000000000000000000e+00	-2.667093377364309140e-02	-9.473451313219571901e-01
1.000000000000000082e-05	-2.667093377364309140e-02	-9.473451313219571901e-01
2.000000000000000164e-05	-2.662210564864309070e-02	-9.436830219469571901e-01
3.000000000000000076e-05	-2.701273064864309278e-02	-9.497865375719571901e-01
4.000000000000000327e-05	-2.696390252364309209e-02	-9.461244281969571901e-01
5.000000000000000240e-05	-2.737894158614309278e-02	-9.534486469469571901e-01
6.000000000000000152e-05	-2.730569939864309348e-02	-9.485658344469571901e-01
6.999999999999999387e-05	-2.772073846114309070e-02	-9.558900531969571901e-01
8.000000000000000654e-05	-2.769632439864309209e-02	-9.522279438219571901e-01
9.000000000000000567e-05	-2.811136346114309278e-02	-9.583314594469571901e-01
1.000000000000000048e-04	-2.806253533614309209e-02	-9.546693500719571901e-01
1.100000000000000039e-04	-2.850198846114309140e-02	-9.619935688219571901e-01
1.200000000000000030e-04	-2.842874627364309209e-02	-9.583314594469571901e-01
1.299999999999999886e-04	-2.886819939864309140e-02	-9.644349750719571901e-01
1.399999999999999877e-04	-2.884378533614309278e-02	-9.607728656969571901e-01
1.499999999999999869e-04	-2.925882439864309348e-02	-9.668763813219571901e-01
1.600000000000000131e-04	-2.923441033614309140e-02	-9.632142719469571901e-01
1.700000000000000122e-04	-2.967386346114309070e-02	-9.693177875719571901e-01
1.800000000000000113e-04	-2.964944939864309209e-02	-9.656556781969571901e-01
1.900000000000000105e-04	-3.011331658614309348e-02	-9.729798969469571901e-01
2.000000000000000096e-04	-3.006448846114309278e-02	-9.693177875719571901e-01
2.100000000000000087e-04	-3.050394158614309209e-02	-9.766420063219571901e-01
2.200000000000000078e-04	-3.047952752364309348e-02	-9.717591938219571901e-01
2.300000000000000070e-04	-3.091898064864309278e-02	-9.790834125719571901e-01
2.400000000000000061e-04	-3.089456658614309070e-02	-9.742006000719571901e-01
2.500000000000000052e-04	-3.135843377364309209e-02	-9.815248188219571901e-01
2.599999999999999772e-04	-3.130960564864309487e-02	-9.778627094469571901e-01
2.700000000000000035e-04	-3.177347283614308932e-02	-9.839662250719571901e-01
2.799999999999999755e-04	-3.174905877364309070e-02	-9.766420063219571901e-01
2.900000000000000017e-04	-3.218851189864309348e-02	-9.839662250719571901e-01
2.999999999999999737e-04	-3.216409783614309487e-02	-9.742006000719571901e-01
3.099999999999999999e-04	-3.262796502364308932e-02	-9.803041156969571901e-01
3.200000000000000262e-04	-3.257913689864309209e-02	-9.717591938219571901e-01
3.299999999999999982e-04	-3.306741814864309209e-02	-9.778627094469571901e-01
3.400000000000000244e-04	-3.301859002364309487e-02	-9.680970844469571901e-01
3.499999999999999964e-04	-3.348245721114308932e-02	-9.754213031969571901e-01
3.600000000000000227e-04	-3.345804314864309070e-02	-9.656556781969571901e-01
3.699999999999999947e-04	-3.392191033614309209e-02	-9.717591938219571901e-01
3.800000000000000209e-04	-3.387308221114309487e-02	-9.632142719469571901e-01
3.899999999999999929e-04	-3.433694939864308932e-02	-9.693177875719571901e-01
4.000000000000000192e-04	-3.428812127364309209e-02	-9.595521625719571901e-01
4.099999999999999912e-04	-3.472757439864309487e-02	-9.668763813219571901e-01
4.200000000000000174e-04	-3.470316033614308932e-02	-9.571107563219571901e-01
4.299999999999999894e-04	-3.511819939864309348e-02	-9.632142719469571901e-01
4.400000000000000157e-04	-3.504495721114309070e-02	-9.534486469469571901e-01
4.499999999999999877e-04	-3.545999627364309487e-02	-9.607728656969571901e-01
4.600000000000000139e-04	-3.541116814864309070e-02	-9.510072406969571901e-01
4.699999999999999859e-04	-3.577737908614309070e-02	-9.583314594469571901e-01
4.800000000000000122e-04	-3.570413689864309487e-02	-9.485658344469571901e-01
4.899999999999999842e-04	-3.607034783614309487e-02	-9.546693500719571901e-01
5.000000000000000104e-04	-3.594827752364309487e-02	-9.461244281969571901e-01
5.100000000000000366e-04	-3.626566033614309070e-02	-9.522279438219571901e-01
5.199999999999999544e-04	-3.614359002364309070e-02	-9.424623188219571901e-01
5.299999999999999807e-04	-3.643655877364309487e-02	-9.497865375719571901e-01
5.400000000000000069e-04	-3.629007439864308932e-02	-9.400209125719571901e-01
5.500000000000000331e-04	-3.655862908614309487e-02	-9.473451313219571901e-01
5.599999999999999509e-04	-3.631448846114309487e-02	-9.363588031969571901e-01
5.699999999999999772e-04	-3.658304314864309348e-02	-9.436830219469571901e-01
5.800000000000000034e-04	-3.626566033614309070e-02	-9.339173969469571901e-01
5.900000000000000296e-04	-3.655862908614309487e-02	-9.412416156969571901e-01
5.999999999999999474e-04	-3.614359002364309070e-02	-9.314759906969571901e-01
6.099999999999999737e-04	-3.643655877364309487e-02	-9.375795063219571901e-01
6.199999999999999999e-04	-3.592386346114308932e-02	-9.278138813219571901e-01
6.300000000000000261e-04	-3.624124627364309209e-02	-9.351381000719571901e-01
6.400000000000000524e-04	-3.560648064864309348e-02	-9.253724750719571901e-01
6.499999999999999702e-04	-3.599710564864309209e-02	-9.326966938219571901e-01
6.599999999999999964e-04	-3.524026971114309348e-02	-9.229310688219571901e-01
6.700000000000000226e-04	-3.567972283614308932e-02	-9.302552875719571901e-01
6.800000000000000488e-04	-3.480081658614309070e-02	-9.204896625719571901e-01
6.899999999999999667e-04	-3.528909783614309070e-02	-9.265931781969571901e-01
6.999999999999999929e-04	-3.433694939864308932e-02	-9.180482563219571901e-01
7.100000000000000191e-04	-3.482523064864308932e-02	-9.241517719469571901e-01
7.200000000000000453e-04	-3.379984002364309209e-02	-9.143861469469571901e-01
7.299999999999999632e-04	-3.431253533614309070e-02	-9.217103656969571901e-01
7.399999999999999894e-04	-3.321390252364309070e-02	-9.119447406969571901e-01
7.500000000000000156e-04	-3.377542596114309348e-02	-9.180482563219571901e-01
7.600000000000000418e-04	-3.260355096114309070e-02	-9.082826313219571901e-01
7.699999999999999597e-04	-3.318948846114309209e-02	-9.156068500719571901e-01
7.799999999999999859e-04	-3.196878533614309209e-02	-9.058412250719571901e-01
7.900000000000000121e-04	-3.257913689864309209e-02	-9.131654438219571901e-01
8.000000000000000383e-04	-3.130960564864309487e-02	-9.033998188219571901e-01
8.099999999999999561e-04	-3.194437127364309348e-02	-9.095033344469571901e-01
8.199999999999999824e-04	-3.065042596114309070e-02	-9.009584125719571901e-01
8.300000000000000086e-04	-3.126077752364309070e-02	-9.070619281969571901e-01
8.400000000000000348e-04	-2.994241814864309278e-02	-8.972963031969571901e-01
8.499999999999999526e-04	-3.060159783614309348e-02	-9.046205219469571901e-01
8.599999999999999789e-04	-2.925882439864309348e-02	-8.948548969469571901e-01
8.700000000000000051e-04	-2.991800408614309070e-02	-9.009584125719571901e-01
8.800000000000000313e-04	-2.857523064864309070e-02	-8.924134906969571901e-01
8.899999999999999491e-04	-2.923441033614309140e-02	-8.985170063219571901e-01
8.999999999999999754e-04	-2.786722283614309278e-02	-8.887513813219571901e-01
9.100000000000000016e-04	-2.852640252364309348e-02	-8.960756000719571901e-01
9.200000000000000278e-04	-2.715921502364309140e-02	-8.863099750719571901e-01
9.300000000000000541e-04	-2.784280877364309070e-02	-8.924134906969571901e-01
9.399999999999999719e-04	-2.647562127364309209e-02	-8.826478656969571901e-01
9.499999999999999981e-04	-2.713480096114309278e-02	-8.899720844469571901e-01
9.600000000000000243e-04	-2.576761346114309070e-02	-8.802064594469571901e-01
9.700000000000000505e-04	-2.642679314864309140e-02	-8.875306781969571901e-01
9.799999999999999684e-04	-2.505960564864309278e-02	-8.777650531969571901e-01
9.899999999999999946e-04	-2.571878533614309348e-02	-8.838685688219571901e-01
1.000000000000000021e-03	-2.437601189864309348e-02	-8.741029438219571901e-01
1.010000000000000047e-03	-2.503519158614309070e-02	-8.814271625719571901e-01
1.020000000000000073e-03	-2.369241814864309070e-02	-8.716615375719571901e-01
1.030000000000000100e-03	-2.435159783614309140e-02	-8.789857563219571901e-01
1.039999999999999909e-03	-2.303323846114309348e-02	-8.692201313219571901e-01
1.049999999999999935e-03	-2.366800408614309209e-02	-8.753236469469571901e-01
1.059999999999999961e-03	-2.237405877364309278e-02	-8.655580219469571901e-01
1.069999999999999988e-03	-2.298441033614309278e-02	-8.728822406969571901e-01
1.080000000000000014e-03	-2.171487908614309209e-02	-8.631166156969571901e-01
1.090000000000000040e-03	-2.232523064864309209e-02	-8.704408344469571901e-01
1.100000000000000066e-03	-2.108011346114309348e-02	-8.606752094469571901e-01
1.110000000000000092e-03	-2.169046502364309348e-02	-8.667787250719571901e-01
1.119999999999999902e-03	-2.046976189864309348e-02	-8.570131000719571901e-01
1.129999999999999928e-03	-2.105569939864309140e-02	-8.643373188219571901e-01
1.139999999999999954e-03	-1.988382439864309209e-02	-8.545716938219571901e-01
1.149999999999999981e-03	-2.046976189864309348e-02	-8.618959125719571901e-01
1.160000000000000007e-03	-1.932230096114309278e-02	-8.521302875719571901e-01
1.170000000000000033e-03	-1.985941033614309348e-02	-8.582338031969571901e-01
1.180000000000000059e-03	-1.878519158614309209e-02	-8.484681781969571901e-01
1.190000000000000085e-03	-1.929788689864309070e-02	-8.557923969469571901e-01
1.199999999999999895e-03	-1.827249627364309001e-02	-8.460267719469571901e-01
1.209999999999999921e-03	-1.878519158614309209e-02	-8.533509906969571901e-01
1.219999999999999947e-03	-1.778421502364309001e-02	-8.435853656969571901e-01
1.229999999999999974e-03	-1.827249627364309001e-02	-8.496888813219571901e-01
1.240000000000000000e-03	-1.732034783614309209e-02	-8.399232563219571901e-01
1.250000000000000026e-03	-1.778421502364309001e-02	-8.472474750719571901e-01
1.260000000000000052e-03	-1.690530877364309140e-02	-8.374818500719571901e-01
1.270000000000000078e-03	-1.734476189864309070e-02	-8.435853656969571901e-01
1.280000000000000105e-03	-1.651468377364309278e-02	-8.350404438219571901e-01
1.289999999999999914e-03	-1.695413689864309209e-02	-8.411439594469571901e-01
1.299999999999999940e-03	-1.614847283614309278e-02	-8.313783344469571901e-01
1.309999999999999967e-03	-1.656351189864309001e-02	-8.387025531969571901e-01
1.319999999999999993e-03	-1.583109002364309001e-02	-8.289369281969571901e-01
1.330000000000000019e-03	-1.622171502364309209e-02	-8.350404438219571901e-01
1.340000000000000045e-03	-1.551370721114309070e-02	-8.264955219469571901e-01
1.350000000000000071e-03	-1.587991814864309070e-02	-8.325990375719571901e-01
1.360000000000000098e-03	-1.524515252364309209e-02	-8.228334125719571901e-01
1.369999999999999907e-03	-1.558694939864309174e-02	-8.301576313219571901e-01
1.379999999999999933e-03	-1.497659783614309174e-02	-8.203920063219571901e-01
1.389999999999999960e-03	-1.534280877364309174e-02	-8.264955219469571901e-01
1.399999999999999986e-03	-1.475687127364309209e-02	-8.167298969469571901e-01
1.410000000000000012e-03	-1.507425408614309140e-02	-8.240541156969571901e-01
1.420000000000000038e-03	-1.453714471114309070e-02	-8.142884906969571901e-01
1.430000000000000064e-03	-1.485452752364309174e-02	-8.216127094469571901e-01
1.440000000000000091e-03	-1.434183221114309140e-02	-8.118470844469571901e-01
1.449999999999999900e-03	-1.465921502364309070e-02	-8.191713031969571901e-01
1.459999999999999926e-03	-1.419534783614309105e-02	-8.094056781969571901e-01
1.469999999999999953e-03	-1.448831658614309174e-02	-8.155091938219571901e-01
1.479999999999999979e-03	-1.402444939864309209e-02	-8.057435688219571901e-01
1.490000000000000005e-03	-1.431741814864309105e-02	-8.130677875719571901e-01
1.500000000000000031e-03	-1.387796502364309174e-02	-8.033021625719571901e-01
1.510000000000000057e-03	-1.417093377364309070e-02	-8.106263813219571901e-01
1.520000000000000084e-03	-1.375589471114309174e-02	-8.008607563219571901e-01
1.529999999999999893e-03	-1.402444939864309209e-02	-8.069642719469571901e-01
1.539999999999999919e-03	-1.363382439864309174e-02	-7.984193500719571901e-01
1.549999999999999946e-03	-1.390237908614309209e-02	-8.045228656969571901e-01
1.559999999999999972e-03	-1.353616814864309209e-02	-7.947572406969571901e-01
1.569999999999999998e-03	-1.380472283614309070e-02	-8.020814594469571901e-01
1.580000000000000024e-03	-1.341409783614309209e-02	-7.923158344469571901e-01
1.590000000000000050e-03	-1.368265252364309070e-02	-7.984193500719571901e-01
1.600000000000000077e-03	-1.331644158614309070e-02	-7.886537250719571901e-01
1.610000000000000103e-03	-1.360941033614309140e-02	-7.959779438219571901e-01
1.619999999999999912e-03	-1.321878533614309105e-02	-7.862123188219571901e-01
1.629999999999999939e-03	-1.348734002364309140e-02	-7.935365375719571901e-01
1.639999999999999965e-03	-1.312112908614309140e-02	-7.837709125719571901e-01
1.649999999999999991e-03	-1.341409783614309209e-02	-7.898744281969571901e-01
1.660000000000000017e-03	-1.302347283614309174e-02	-7.801088031969571901e-01
1.670000000000000043e-03	-1.331644158614309070e-02	-7.874330219469571901e-01
1.680000000000000070e-03	-1.292581658614309209e-02	-7.776673969469571901e-01
1.690000000000000096e-03	-1.321878533614309105e-02	-7.849916156969571901e-01
1.699999999999999905e-03	-1.282816033614309070e-02	-7.752259906969571901e-01
1.709999999999999932e-03	-1.312112908614309140e-02	-7.813295063219571901e-01
1.719999999999999958e-03	-1.270609002364309070e-02	-7.715638813219571901e-01
1.729999999999999984e-03	-1.299905877364309140e-02	-7.788881000719571901e-01
1.740000000000000010e-03	-1.258401971114309070e-02	-7.691224750719571901e-01
1.750000000000000036e-03	-1.290140252364309174e-02	-7.764466938219571901e-01
1.760000000000000063e-03	-1.246194939864309244e-02	-7.654603656969571901e-01
1.770000000000000089e-03	-1.277933221114309174e-02	-7.727845844469571901e-01
1.779999999999999898e-03	-1.233987908614309244e-02	-7.630189594469571901e-01
1.789999999999999925e-03	-1.263284783614309140e-02	-7.703431781969571901e-01
1.799999999999999951e-03	-1.221780877364309244e-02	-7.605775531969571901e-01
1.809999999999999977e-03	-1.251077752364309140e-02	-7.666810688219571901e-01
1.820000000000000003e-03	-1.204691033614309348e-02	-7.581361469469571901e-01
1.830000000000000029e-03	-1.236429314864309278e-02	-7.642396625719571901e-01
1.840000000000000056e-03	-1.190042596114309313e-02	-7.556947406969571901e-01
1.850000000000000082e-03	-1.221780877364309244e-02	-7.617982563219571901e-01
1.860000000000000108e-03	-1.175394158614309278e-02	-7.520326313219571901e-01
1.869999999999999917e-03	-1.204691033614309348e-02	-7.593568500719571901e-01
1.879999999999999944e-03	-1.158304314864309209e-02	-7.495912250719571901e-01
1.889999999999999970e-03	-1.190042596114309313e-02	-7.556947406969571901e-01
1.899999999999999996e-03	-1.141214471114309313e-02	-7.459291156969571901e-01
1.910000000000000022e-03	-1.172952752364309244e-02	-7.532533344469571901e-01
1.920000000000000049e-03	-1.121683221114309209e-02	-7.434877094469571901e-01
1.930000000000000075e-03	-1.155862908614309348e-02	-7.508119281969571901e-01
1.940000000000000101e-03	-1.104593377364309313e-02	-7.410463031969571901e-01
1.949999999999999910e-03	-1.136331658614309244e-02	-7.471498188219571901e-01
1.959999999999999937e-03	-1.085062127364309209e-02	-7.373841938219571901e-01
1.969999999999999963e-03	-1.116800408614309313e-02	-7.447084125719571901e-01
1.979999999999999989e-03	-1.065530877364309278e-02	-7.349427875719571901e-01
1.990000000000000015e-03	-1.097269158614309209e-02	-7.410463031969571901e-01
2.000000000000000042e-03	-1.043558221114309313e-02	-7.325013813219571901e-01
2.010000000000000068e-03	-1.077737908614309278e-02	-7.386048969469571901e-01
2.020000000000000094e-03	-1.024026971114309209e-02	-7.288392719469571901e-01
2.030000000000000120e-03	-1.055765252364309313e-02	-7.361634906969571901e-01
2.040000000000000147e-03	-1.004495721114309278e-02	-7.263978656969571901e-01
2.050000000000000173e-03	-1.036234002364309209e-02	-7.325013813219571901e-01
2.060000000000000199e-03	-9.825230648643093131e-03	-7.227357563219571901e-01
2.069999999999999792e-03	-1.016702752364309278e-02	-7.300599750719571901e-01
2.079999999999999818e-03	-9.629918148643092091e-03	-7.202943500719571901e-01
2.089999999999999844e-03	-9.947300961143093131e-03	-7.263978656969571901e-01
2.099999999999999870e-03	-9.410191586143092438e-03	-7.178529438219571901e-01
2.109999999999999896e-03	-9.751988461143092091e-03	-7.239564594469571901e-01
2.119999999999999923e-03	-9.214879086143093131e-03	-7.154115375719571901e-01
2.129999999999999949e-03	-9.556675961143092785e-03	-7.215150531969571901e-01
2.139999999999999975e-03	-8.995152523643091744e-03	-7.117494281969571901e-01
2.150000000000000001e-03	-9.336949398643093131e-03	-7.190736469469571901e-01
2.160000000000000028e-03	-8.775425961143092091e-03	-7.093080219469571901e-01
2.170000000000000054e-03	-9.141636898643092091e-03	-7.154115375719571901e-01
2.180000000000000080e-03	-8.580113461143092785e-03	-7.056459125719571901e-01
2.190000000000000106e-03	-8.921910336143092438e-03	-7.129701313219571901e-01
2.200000000000000133e-03	-8.384800961143091744e-03	-7.032045063219571901e-01
2.210000000000000159e-03	-8.702183773643092785e-03	-7.105287250719571901e-01
2.220000000000000185e-03	-8.165074398643092091e-03	-7.007631000719571901e-01
2.230000000000000211e-03	-8.506871273643091744e-03	-7.068666156969571901e-01
2.239999999999999804e-03	-7.945347836143092438e-03	-6.971009906969571901e-01
2.249999999999999830e-03	-8.287144711143092091e-03	-7.044252094469571901e-01
2.259999999999999856e-03	-7.750035336143092264e-03	-6.946595844469571901e-01
2.269999999999999882e-03	-8.091832211143092785e-03	-7.019838031969571901e-01
2.279999999999999909e-03	-7.554722836143092091e-03	-6.922181781969571901e-01
2.289999999999999935e-03	-7.896519711143091744e-03	-6.983216938219571901e-01
2.299999999999999961e-03	-7.334996273643092438e-03	-6.897767719469571901e-01
2.309999999999999987e-03	-7.676793148643092091e-03	-6.958802875719571901e-01
2.320000000000000014e-03	-7.164097836143092611e-03	-6.861146625719571901e-01
2.330000000000000040e-03	-7.481480648643092785e-03	-6.934388813219571901e-01
2.340000000000000066e-03	-6.968785336143092438e-03	-6.836732563219571901e-01
2.350000000000000092e-03	-7.286168148643092611e-03	-6.897767719469571901e-01
2.360000000000000119e-03	-6.749058773643092785e-03	-6.812318500719571901e-01
2.370000000000000145e-03	-7.090855648643092438e-03	-6.873353656969571901e-01
2.380000000000000171e-03	-6.578160336143092091e-03	-6.775697406969571901e-01
2.390000000000000197e-03	-6.895543148643092264e-03	-6.848939594469571901e-01
2.399999999999999790e-03	-6.407261898643092264e-03	-6.751283344469571901e-01
2.409999999999999816e-03	-6.724644711143092438e-03	-6.824525531969571901e-01
2.419999999999999842e-03	-6.236363461143092438e-03	-6.726869281969571901e-01
2.429999999999999868e-03	-6.553746273643092611e-03	-6.787904438219571901e-01
2.439999999999999895e-03	-6.065465023643092611e-03	-6.690248188219571901e-01
2.449999999999999921e-03	-6.358433773643092438e-03	-6.763490375719571901e-01
2.459999999999999947e-03	-5.918980648643092264e-03	-6.665834125719571901e-01
2.469999999999999973e-03	-6.211949398643092091e-03	-6.739076313219571901e-01
2.480000000000000000e-03	-5.748082211143092438e-03	-6.629213031969571901e-01
2.490000000000000026e-03	-6.041050961143092264e-03	-6.702455219469571901e-01
2.500000000000000052e-03	-5.601597836143092091e-03	-6.604798969469571901e-01
2.510000000000000078e-03	-5.894566586143092785e-03	-6.678041156969571901e-01
2.520000000000000104e-03	-5.455113461143092611e-03	-6.580384906969571901e-01
2.530000000000000131e-03	-5.772496273643092785e-03	-6.641420063219571901e-01
2.540000000000000157e-03	-5.333043148643092611e-03	-6.543763813219571901e-01
2.550000000000000183e-03	-5.626011898643092438e-03	-6.617006000719571901e-01
2.560000000000000209e-03	-5.210972836143092611e-03	-6.519349750719571901e-01
2.569999999999999802e-03	-5.503941586143092438e-03	-6.592591938219571901e-01
2.579999999999999828e-03	-5.064488461143092264e-03	-6.494935688219571901e-01
2.589999999999999854e-03	-5.381871273643092438e-03	-6.555970844469571901e-01
2.599999999999999881e-03	-4.942418148643092264e-03	-6.470521625719571901e-01
2.609999999999999907e-03	-5.259800961143092438e-03	-6.531556781969571901e-01
2.619999999999999933e-03	-4.844761898643092611e-03	-6.433900531969571901e-01
2.629999999999999959e-03	-5.137730648643092438e-03	-6.507142719469571901e-01
2.639999999999999986e-03	-4.722691586143092611e-03	-6.409486469469571901e-01
2.650000000000000012e-03	-5.040074398643092785e-03	-6.470521625719571901e-01
2.660000000000000038e-03	-4.625035336143092091e-03	-6.372865375719571901e-01
2.670000000000000064e-03	-4.942418148643092264e-03	-6.446107563219571901e-01
2.680000000000000090e-03	-4.527379086143092438e-03	-6.348451313219571901e-01
2.690000000000000117e-03	-4.820347836143092264e-03	-6.421693500719571901e-01
2.700000000000000143e-03	-4.429722836143091917e-03	-6.324037250719571901e-01
2.710000000000000169e-03	-4.747105648643092091e-03	-6.385072406969571901e-01
2.720000000000000195e-03	-4.356480648643092611e-03	-6.287416156969571901e-01
2.729999999999999788e-03	-4.649449398643092438e-03	-6.360658344469571901e-01
2.739999999999999814e-03	-4.258824398643092091e-03	-6.263002094469571901e-01
2.749999999999999840e-03	-4.551793148643091917e-03	-6.324037250719571901e-01
2.759999999999999867e-03	-4.161168148643092438e-03	-6.238588031969573011e-01
2.769999999999999893e-03	-4.478550961143092611e-03	-6.299623188219571901e-01
2.779999999999999919e-03	-4.087925961143092264e-03	-6.201966938219573011e-01
2.789999999999999945e-03	-4.380894711143092091e-03	-6.275209125719571901e-01
2.799999999999999972e-03	-3.990269711143092611e-03	-6.177552875719573011e-01
2.809999999999999998e-03	-4.307652523643091917e-03	-6.238588031969573011e-01
2.820000000000000024e-03	-3.917027523643092438e-03	-6.153138813219573011e-01
2.830000000000000050e-03	-4.234410336143092611e-03	-6.214173969469573011e-01
2.840000000000000076e-03	-3.843785336143092264e-03	-6.116517719469573011e-01
2.850000000000000103e-03	-4.161168148643092438e-03	-6.189759906969573011e-01
2.860000000000000129e-03	-3.770543148643092091e-03	-6.092103656969573011e-01
2.870000000000000155e-03	-4.087925961143092264e-03	-6.153138813219573011e-01
2.880000000000000181e-03	-3.697300961143092351e-03	-6.067689594469573011e-01
2.890000000000000208e-03	-4.014683773643092091e-03	-6.128724750719573011e-01
2.899999999999999800e-03	-3.624058773643092177e-03	-6.031068500719573011e-01
2.909999999999999826e-03	-3.941441586143091917e-03	-6.104310688219573011e-01
2.919999999999999853e-03	-3.575230648643092351e-03	-6.006654438219573011e-01
2.929999999999999879e-03	-3.868199398643092177e-03	-6.067689594469573011e-01
2.939999999999999905e-03	-3.501988461143092177e-03	-5.982240375719573011e-01
2.949999999999999931e-03	-3.794957211143092438e-03	-6.043275531969573011e-01
2.959999999999999958e-03	-3.453160336143092351e-03	-5.945619281969573011e-01
2.969999999999999984e-03	-3.746129086143092177e-03	-6.018861469469573011e-01
2.980000000000000010e-03	-3.404332211143092091e-03	-5.921205219469573011e-01
2.990000000000000036e-03	-3.697300961143092351e-03	-5.982240375719573011e-01
3.000000000000000062e-03	-3.355504086143092264e-03	-5.884584125719573011e-01
3.010000000000000089e-03	-3.648472836143092091e-03	-5.957826313219573011e-01
3.020000000000000115e-03	-3.306675961143092438e-03	-5.860170063219573011e-01
3.030000000000000141e-03	-3.599644711143092264e-03	-5.933412250719573011e-01
3.040000000000000167e-03	-3.257847836143092177e-03	-5.835756000719573011e-01
3.050000000000000194e-03	-3.526402523643092091e-03	-5.896791156969573011e-01
3.059999999999999786e-03	-3.209019711143092351e-03	-5.811341938219573011e-01
3.069999999999999812e-03	-3.501988461143092177e-03	-5.872377094469573011e-01
3.079999999999999839e-03	-3.160191586143092091e-03	-5.774720844469573011e-01
3.089999999999999865e-03	-3.453160336143092351e-03	-5.847963031969573011e-01
3.099999999999999891e-03	-3.111363461143092264e-03	-5.750306781969573011e-01
3.109999999999999917e-03	-3.404332211143092091e-03	-5.811341938219573011e-01
3.119999999999999944e-03	-3.062535336143092438e-03	-5.713685688219573011e-01
3.129999999999999970e-03	-3.355504086143092264e-03	-5.786927875719573011e-01
3.139999999999999996e-03	-3.013707211143092177e-03	-5.689271625719573011e-01
3.150000000000000022e-03	-3.306675961143092438e-03	-5.750306781969573011e-01
3.160000000000000048e-03	-2.964879086143092351e-03	-5.664857563219573011e-01
3.170000000000000075e-03	-3.257847836143092177e-03	-5.725892719469573011e-01
3.180000000000000101e-03	-2.916050961143092091e-03	-5.628236469469573011e-01
3.190000000000000127e-03	-3.209019711143092351e-03	-5.701478656969573011e-01
3.200000000000000153e-03	-2.867222836143092264e-03	-5.603822406969573011e-01
3.210000000000000180e-03	-3.160191586143092091e-03	-5.677064594469573011e-01
3.220000000000000206e-03	-2.842808773643092351e-03	-5.567201313219573011e-01
3.229999999999999798e-03	-3.111363461143092264e-03	-5.640443500719573011e-01
3.239999999999999825e-03	-2.793980648643092091e-03	-5.542787250719573011e-01
3.249999999999999851e-03	-3.086949398643092351e-03	-5.616029438219573011e-01
3.259999999999999877e-03	-2.745152523643092264e-03	-5.518373188219573011e-01
3.269999999999999903e-03	-3.038121273643092091e-03	-5.579408344469573011e-01
3.279999999999999930e-03	-2.720738461143092351e-03	-5.481752094469573011e-01
3.289999999999999956e-03	-2.989293148643092264e-03	-5.554994281969573011e-01
3.299999999999999982e-03	-2.696324398643092438e-03	-5.457338031969573011e-01
3.310000000000000008e-03	-2.964879086143092351e-03	-5.530580219469573011e-01
3.320000000000000034e-03	-2.671910336143092091e-03	-5.432923969469573011e-01
3.330000000000000061e-03	-2.940465023643092438e-03	-5.493959125719573011e-01
3.340000000000000087e-03	-2.647496273643092177e-03	-5.396302875719573011e-01
3.350000000000000113e-03	-2.940465023643092438e-03	-5.469545063219573011e-01
3.360000000000000139e-03	-2.647496273643092177e-03	-5.371888813219573011e-01
3.370000000000000166e-03	-2.916050961143092091e-03	-5.432923969469573011e-01
3.380000000000000192e-03	-2.647496273643092177e-03	-5.335267719469573011e-01
3.389999999999999784e-03	-2.916050961143092091e-03	-5.408509906969573011e-01
3.399999999999999811e-03	-2.647496273643092177e-03	-5.310853656969573011e-01
3.409999999999999837e-03	-2.891636898643092177e-03	-5.384095844469573011e-01
3.419999999999999863e-03	-2.623082211143092264e-03	-5.286439594469573011e-01
3.429999999999999889e-03	-2.891636898643092177e-03	-5.347474750719573011e-01
3.439999999999999915e-03	-2.623082211143092264e-03	-5.249818500719573011e-01
3.449999999999999942e-03	-2.891636898643092177e-03	-5.323060688219573011e-01
3.459999999999999968e-03	-2.598668148643092351e-03	-5.225404438219573011e-01
3.469999999999999994e-03	-2.891636898643092177e-03	-5.298646625719573011e-01
3.480000000000000020e-03	-2.598668148643092351e-03	-5.200990375719573011e-01
3.490000000000000047e-03	-2.867222836143092264e-03	-5.262025531969573011e-01
3.500000000000000073e-03	-2.598668148643092351e-03	-5.164369281969573011e-01
3.510000000000000099e-03	-2.867222836143092264e-03	-5.237611469469573011e-01
3.520000000000000125e-03	-2.598668148643092351e-03	-5.139955219469573011e-01
3.530000000000000152e-03	-2.842808773643092351e-03	-5.200990375719573011e-01
3.540000000000000178e-03	-2.574254086143092438e-03	-5.115541156969573011e-01
3.550000000000000204e-03	-2.842808773643092351e-03	-5.176576313219573011e-01
3.559999999999999797e-03	-2.574254086143092438e-03	-5.078920063219573011e-01
3.569999999999999823e-03	-2.842808773643092351e-03	-5.152162250719573011e-01
3.579999999999999849e-03	-2.549840023643092091e-03	-5.054506000719573011e-01
3.589999999999999875e-03	-2.818394711143092438e-03	-5.115541156969573011e-01
3.599999999999999901e-03	-2.525425961143092177e-03	-5.030091938219573011e-01
3.609999999999999928e-03	-2.793980648643092091e-03	-5.091127094469573011e-01
3.619999999999999954e-03	-2.525425961143092177e-03	-4.993470844469572456e-01
3.629999999999999980e-03	-2.793980648643092091e-03	-5.066713031969573011e-01
3.640000000000000006e-03	-2.525425961143092177e-03	-4.969056781969572456e-01
3.650000000000000033e-03	-2.793980648643092091e-03	-5.030091938219573011e-01
3.660000000000000059e-03	-2.501011898643092264e-03	-4.932435688219572456e-01
3.670000000000000085e-03	-2.769566586143092177e-03	-5.005677875719573011e-01
3.680000000000000111e-03	-2.501011898643092264e-03	-4.908021625719572456e-01
3.690000000000000138e-03	-2.769566586143092177e-03	-4.981263813219572456e-01
3.700000000000000164e-03	-2.501011898643092264e-03	-4.883607563219572456e-01
3.710000000000000190e-03	-2.745152523643092264e-03	-4.944642719469572456e-01
3.720000000000000216e-03	-2.501011898643092264e-03	-4.846986469469572456e-01
3.729999999999999809e-03	-2.769566586143092177e-03	-4.920228656969572456e-01
3.739999999999999835e-03	-2.501011898643092264e-03	-4.822572406969572456e-01
3.749999999999999861e-03	-2.769566586143092177e-03	-4.895814594469572456e-01
3.759999999999999887e-03	-2.501011898643092264e-03	-4.798158344469572456e-01
3.769999999999999914e-03	-2.769566586143092177e-03	-4.859193500719572456e-01
3.779999999999999940e-03	-2.501011898643092264e-03	-4.761537250719572456e-01
3.789999999999999966e-03	-2.769566586143092177e-03	-4.834779438219572456e-01
3.799999999999999992e-03	-2.525425961143092177e-03	-4.737123188219572456e-01
3.810000000000000019e-03	-2.793980648643092091e-03	-4.798158344469572456e-01
3.820000000000000045e-03	-2.549840023643092091e-03	-4.712709125719572456e-01
3.830000000000000071e-03	-2.818394711143092438e-03	-4.773744281969572456e-01
3.840000000000000097e-03	-2.574254086143092438e-03	-4.676088031969572456e-01
3.850000000000000124e-03	-2.842808773643092351e-03	-4.749330219469572456e-01
3.860000000000000150e-03	-2.598668148643092351e-03	-4.651673969469572456e-01
3.870000000000000176e-03	-2.867222836143092264e-03	-4.712709125719572456e-01
3.880000000000000202e-03	-2.623082211143092264e-03	-4.627259906969572456e-01
3.889999999999999795e-03	-2.867222836143092264e-03	-4.688295063219572456e-01
3.899999999999999821e-03	-2.647496273643092177e-03	-4.590638813219572456e-01
3.910000000000000281e-03	-2.891636898643092177e-03	-4.663881000719572456e-01
3.919999999999999873e-03	-2.647496273643092177e-03	-4.566224750719572456e-01
3.930000000000000333e-03	-2.891636898643092177e-03	-4.627259906969572456e-01
3.939999999999999926e-03	-2.647496273643092177e-03	-4.529603656969572456e-01
3.950000000000000386e-03	-2.891636898643092177e-03	-4.602845844469572456e-01
3.959999999999999978e-03	-2.647496273643092177e-03	-4.505189594469572456e-01
3.969999999999999571e-03	-2.891636898643092177e-03	-4.566224750719572456e-01
3.980000000000000031e-03	-2.647496273643092177e-03	-4.480775531969572456e-01
3.989999999999999623e-03	-2.891636898643092177e-03	-4.541810688219572456e-01
4.000000000000000083e-03	-2.647496273643092177e-03	-4.444154438219572456e-01
4.009999999999999676e-03	-2.891636898643092177e-03	-4.517396625719572456e-01
4.020000000000000136e-03	-2.623082211143092264e-03	-4.419740375719572456e-01
4.029999999999999728e-03	-2.867222836143092264e-03	-4.480775531969572456e-01
4.040000000000000188e-03	-2.623082211143092264e-03	-4.395326313219572456e-01
4.049999999999999781e-03	-2.867222836143092264e-03	-4.456361469469572456e-01
4.060000000000000241e-03	-2.623082211143092264e-03	-4.358705219469572456e-01
4.069999999999999833e-03	-2.842808773643092351e-03	-4.431947406969572456e-01
4.080000000000000293e-03	-2.574254086143092438e-03	-4.334291156969572456e-01
4.089999999999999886e-03	-2.842808773643092351e-03	-4.395326313219572456e-01
4.100000000000000346e-03	-2.574254086143092438e-03	-4.297670063219572456e-01
4.109999999999999938e-03	-2.818394711143092438e-03	-4.370912250719572456e-01
4.120000000000000398e-03	-2.549840023643092091e-03	-4.273256000719572456e-01
4.129999999999999991e-03	-2.793980648643092091e-03	-4.346498188219572456e-01
4.139999999999999583e-03	-2.549840023643092091e-03	-4.248841938219572456e-01
4.150000000000000043e-03	-2.793980648643092091e-03	-4.309877094469572456e-01
4.159999999999999636e-03	-2.525425961143092177e-03	-4.224427875719572456e-01
4.170000000000000095e-03	-2.769566586143092177e-03	-4.285463031969572456e-01
4.179999999999999688e-03	-2.525425961143092177e-03	-4.187806781969572456e-01
4.190000000000000148e-03	-2.769566586143092177e-03	-4.261048969469572456e-01
4.199999999999999740e-03	-2.501011898643092264e-03	-4.163392719469572456e-01
4.210000000000000200e-03	-2.769566586143092177e-03	-4.224427875719572456e-01
4.219999999999999793e-03	-2.501011898643092264e-03	-4.126771625719572456e-01
4.230000000000000253e-03	-2.769566586143092177e-03	-4.200013813219572456e-01
4.239999999999999845e-03	-2.501011898643092264e-03	-4.102357563219572456e-01
4.250000000000000305e-03	-2.769566586143092177e-03	-4.175599750719572456e-01
4.259999999999999898e-03	-2.501011898643092264e-03	-4.077943500719572456e-01
4.270000000000000358e-03	-2.769566586143092177e-03	-4.138978656969572456e-01
4.279999999999999950e-03	-2.501011898643092264e-03	-4.041322406969572456e-01
4.290000000000000410e-03	-2.769566586143092177e-03	-4.114564594469572456e-01
4.300000000000000003e-03	-2.501011898643092264e-03	-4.016908344469572456e-01
4.309999999999999595e-03	-2.769566586143092177e-03	-4.090150531969572456e-01
4.320000000000000055e-03	-2.501011898643092264e-03	-3.992494281969572456e-01
4.329999999999999648e-03	-2.769566586143092177e-03	-4.053529438219572456e-01
4.340000000000000108e-03	-2.525425961143092177e-03	-3.955873188219572456e-01
4.349999999999999700e-03	-2.769566586143092177e-03	-4.029115375719572456e-01
4.360000000000000160e-03	-2.525425961143092177e-03	-3.931459125719572456e-01
4.369999999999999753e-03	-2.793980648643092091e-03	-3.992494281969572456e-01
4.380000000000000213e-03	-2.549840023643092091e-03	-3.894838031969572456e-01
4.389999999999999805e-03	-2.793980648643092091e-03	-3.968080219469572456e-01
4.400000000000000265e-03	-2.549840023643092091e-03	-3.870423969469572456e-01
4.409999999999999858e-03	-2.818394711143092438e-03	-3.931459125719572456e-01
4.420000000000000318e-03	-2.574254086143092438e-03	-3.846009906969572456e-01
4.429999999999999910e-03	-2.818394711143092438e-03	-3.907045063219572456e-01
4.440000000000000370e-03	-2.598668148643092351e-03	-3.809388813219572456e-01
4.449999999999999963e-03	-2.842808773643092351e-03	-3.882631000719572456e-01
4.460000000000000422e-03	-2.598668148643092351e-03	-3.784974750719572456e-01
4.470000000000000015e-03	-2.842808773643092351e-03	-3.846009906969572456e-01
4.479999999999999608e-03	-2.574254086143092438e-03	-3.760560688219572456e-01
4.490000000000000067e-03	-2.842808773643092351e-03	-3.821595844469572456e-01
4.499999999999999660e-03	-2.574254086143092438e-03	-3.723939594469572456e-01
4.510000000000000120e-03	-2.818394711143092438e-03	-3.797181781969572456e-01
4.519999999999999712e-03	-2.574254086143092438e-03	-3.699525531969572456e-01
4.530000000000000172e-03	-2.818394711143092438e-03	-3.760560688219572456e-01
4.539999999999999765e-03	-2.549840023643092091e-03	-3.675111469469572456e-01
4.550000000000000225e-03	-2.793980648643092091e-03	-3.736146625719572456e-01
4.559999999999999817e-03	-2.525425961143092177e-03	-3.638490375719572456e-01
4.570000000000000277e-03	-2.769566586143092177e-03	-3.699525531969572456e-01
4.579999999999999870e-03	-2.501011898643092264e-03	-3.614076313219572456e-01
4.590000000000000330e-03	-2.745152523643092264e-03	-3.675111469469572456e-01
4.599999999999999922e-03	-2.476597836143092351e-03	-3.589662250719572456e-01
4.610000000000000382e-03	-2.720738461143092351e-03	-3.650697406969572456e-01
4.619999999999999975e-03	-2.427769711143092091e-03	-3.553041156969572456e-01
4.629999999999999567e-03	-2.696324398643092438e-03	-3.626283344469572456e-01
4.640000000000000027e-03	-2.403355648643092177e-03	-3.528627094469572456e-01
4.649999999999999620e-03	-2.647496273643092177e-03	-3.589662250719572456e-01
4.660000000000000080e-03	-2.354527523643092351e-03	-3.492006000719572456e-01
4.669999999999999672e-03	-2.647496273643092177e-03	-3.565248188219572456e-01
4.680000000000000132e-03	-2.330113461143092004e-03	-3.467591938219572456e-01
4.689999999999999725e-03	-2.598668148643092351e-03	-3.528627094469572456e-01
4.700000000000000185e-03	-2.305699398643092091e-03	-3.430970844469572456e-01
4.709999999999999777e-03	-2.574254086143092438e-03	-3.504213031969572456e-01
4.720000000000000237e-03	-2.281285336143092177e-03	-3.406556781969572456e-01
4.729999999999999830e-03	-2.574254086143092438e-03	-3.479798969469572456e-01
4.740000000000000289e-03	-2.281285336143092177e-03	-3.382142719469572456e-01
4.749999999999999882e-03	-2.549840023643092091e-03	-3.443177875719572456e-01
4.760000000000000342e-03	-2.256871273643092264e-03	-3.345521625719572456e-01
4.769999999999999934e-03	-2.549840023643092091e-03	-3.418763813219572456e-01
4.780000000000000394e-03	-2.256871273643092264e-03	-3.321107563219572456e-01
4.789999999999999987e-03	-2.525425961143092177e-03	-3.382142719469572456e-01
4.799999999999999580e-03	-2.256871273643092264e-03	-3.296693500719572456e-01
4.810000000000000039e-03	-2.525425961143092177e-03	-3.357728656969572456e-01
4.819999999999999632e-03	-2.256871273643092264e-03	-3.260072406969572456e-01
4.830000000000000092e-03	-2.525425961143092177e-03	-3.333314594469572456e-01
4.839999999999999684e-03	-2.256871273643092264e-03	-3.235658344469572456e-01
4.850000000000000144e-03	-2.525425961143092177e-03	-3.296693500719572456e-01
4.859999999999999737e-03	-2.256871273643092264e-03	-3.211244281969572456e-01
4.870000000000000197e-03	-2.525425961143092177e-03	-3.272279438219572456e-01
4.879999999999999789e-03	-2.256871273643092264e-03	-3.174623188219572456e-01
4.890000000000000249e-03	-2.525425961143092177e-03	-3.247865375719572456e-01
4.899999999999999842e-03	-2.256871273643092264e-03	-3.150209125719572456e-01
4.910000000000000302e-03	-2.501011898643092264e-03	-3.211244281969572456e-01
4.919999999999999894e-03	-2.232457211143092351e-03	-3.113588031969572456e-01
4.930000000000000354e-03	-2.525425961143092177e-03	-3.186830219469572456e-01
4.939999999999999947e-03	-2.232457211143092351e-03	-3.089173969469572456e-01
4.950000000000000407e-03	-2.501011898643092264e-03	-3.162416156969572456e-01
4.959999999999999999e-03	-2.232457211143092351e-03	-3.064759906969572456e-01
4.969999999999999592e-03	-2.501011898643092264e-03	-3.125795063219572456e-01
4.980000000000000052e-03	-2.232457211143092351e-03	-3.028138813219572456e-01
4.989999999999999644e-03	-2.476597836143092351e-03	-3.101381000719572456e-01
5.000000000000000104e-03	-2.208043148643092004e-03	-3.003724750719572456e-01
5.009999999999999697e-03	-2.476597836143092351e-03	-3.076966938219572456e-01
5.020000000000000157e-03	-2.208043148643092004e-03	-2.979310688219572456e-01
5.029999999999999749e-03	-2.476597836143092351e-03	-3.040345844469572456e-01
5.040000000000000209e-03	-2.183629086143092091e-03	-2.942689594469572456e-01
5.049999999999999802e-03	-2.452183773643092438e-03	-3.015931781969572456e-01
5.060000000000000261e-03	-2.183629086143092091e-03	-2.918275531969572456e-01
5.069999999999999854e-03	-2.452183773643092438e-03	-2.979310688219572456e-01
5.080000000000000314e-03	-2.183629086143092091e-03	-2.881654438219572456e-01
5.089999999999999906e-03	-2.452183773643092438e-03	-2.954896625719572456e-01
5.100000000000000366e-03	-2.159215023643092177e-03	-2.857240375719572456e-01
5.109999999999999959e-03	-2.452183773643092438e-03	-2.930482563219572456e-01
5.120000000000000419e-03	-2.159215023643092177e-03	-2.832826313219572456e-01
5.130000000000000011e-03	-2.427769711143092091e-03	-2.893861469469572456e-01
5.139999999999999604e-03	-2.159215023643092177e-03	-2.796205219469572456e-01
5.150000000000000064e-03	-2.452183773643092438e-03	-2.869447406969572456e-01
5.159999999999999656e-03	-2.159215023643092177e-03	-2.771791156969572456e-01
5.170000000000000116e-03	-2.427769711143092091e-03	-2.845033344469572456e-01
5.179999999999999709e-03	-2.159215023643092177e-03	-2.747377094469572456e-01
5.190000000000000169e-03	-2.427769711143092091e-03	-2.808412250719572456e-01
5.199999999999999761e-03	-2.159215023643092177e-03	-2.710756000719572456e-01
5.210000000000000221e-03	-2.427769711143092091e-03	-2.783998188219572456e-01
5.219999999999999814e-03	-2.159215023643092177e-03	-2.686341938219572456e-01
5.230000000000000274e-03	-2.427769711143092091e-03	-2.747377094469572456e-01
5.239999999999999866e-03	-2.159215023643092177e-03	-2.661927875719572456e-01
5.250000000000000326e-03	-2.427769711143092091e-03	-2.722963031969572456e-01
5.259999999999999919e-03	-2.134800961143092264e-03	-2.625306781969572456e-01
5.270000000000000379e-03	-2.403355648643092177e-03	-2.698548969469572456e-01
5.279999999999999971e-03	-2.110386898643092351e-03	-2.600892719469572456e-01
5.290000000000000431e-03	-2.403355648643092177e-03	-2.661927875719572456e-01
5.300000000000000024e-03	-2.110386898643092351e-03	-2.576478656969572456e-01
5.309999999999999616e-03	-2.378941586143092264e-03	-2.637513813219572456e-01
5.320000000000000076e-03	-2.085972836143092004e-03	-2.539857563219572456e-01
5.329999999999999669e-03	-2.354527523643092351e-03	-2.613099750719572456e-01
5.340000000000000129e-03	-2.061558773643092091e-03	-2.515443500719572456e-01
5.349999999999999721e-03	-2.330113461143092004e-03	-2.576478656969572456e-01
5.360000000000000181e-03	-2.037144711143092177e-03	-2.491029438219572456e-01
5.369999999999999774e-03	-2.305699398643092091e-03	-2.552064594469572456e-01
5.380000000000000233e-03	-2.012730648643092264e-03	-2.454408344469572456e-01
5.389999999999999826e-03	-2.256871273643092264e-03	-2.527650531969572456e-01
5.400000000000000286e-03	-1.963902523643092004e-03	-2.429994281969572456e-01
5.409999999999999878e-03	-2.232457211143092351e-03	-2.491029438219572456e-01
5.420000000000000338e-03	-1.939488461143092091e-03	-2.405580219469572456e-01
5.429999999999999931e-03	-2.208043148643092004e-03	-2.466615375719572456e-01
5.440000000000000391e-03	-1.915074398643092177e-03	-2.381166156969572456e-01
5.449999999999999983e-03	-2.159215023643092177e-03	-2.442201313219572456e-01
5.459999999999999576e-03	-1.866246273643092134e-03	-2.344545063219572456e-01
5.470000000000000036e-03	-2.134800961143092264e-03	-2.405580219469572456e-01
5.479999999999999628e-03	-1.841832211143092221e-03	-2.320131000719572456e-01
5.490000000000000088e-03	-2.110386898643092351e-03	-2.381166156969572456e-01
5.499999999999999681e-03	-1.817418148643092091e-03	-2.283509906969572456e-01
5.510000000000000141e-03	-2.085972836143092004e-03	-2.344545063219572456e-01
5.519999999999999733e-03	-1.793004086143092177e-03	-2.259095844469572456e-01
5.530000000000000193e-03	-2.037144711143092177e-03	-2.320131000719572456e-01
5.539999999999999786e-03	-1.744175961143092134e-03	-2.222474750719572456e-01
5.550000000000000246e-03	-2.037144711143092177e-03	-2.295716938219572456e-01
5.559999999999999838e-03	-1.744175961143092134e-03	-2.198060688219572456e-01
5.570000000000000298e-03	-2.012730648643092264e-03	-2.259095844469572456e-01
5.579999999999999891e-03	-1.719761898643092221e-03	-2.173646625719572456e-01
5.590000000000000351e-03	-1.988316586143092351e-03	-2.234681781969572456e-01
5.599999999999999943e-03	-1.695347836143092091e-03	-2.137025531969572456e-01
5.610000000000000403e-03	-1.963902523643092004e-03	-2.210267719469572456e-01
5.619999999999999996e-03	-1.670933773643092177e-03	-2.112611469469572456e-01
5.629999999999999588e-03	-1.939488461143092091e-03	-2.173646625719572456e-01
5.640000000000000048e-03	-1.646519711143092264e-03	-2.088197406969572456e-01
5.649999999999999641e-03	-1.939488461143092091e-03	-2.149232563219572456e-01
5.660000000000000100e-03	-1.646519711143092264e-03	-2.051576313219572456e-01
5.669999999999999693e-03	-1.915074398643092177e-03	-2.124818500719572456e-01
5.680000000000000153e-03	-1.646519711143092264e-03	-2.027162250719572456e-01
5.689999999999999745e-03	-1.890660336143092264e-03	-2.088197406969572456e-01
5.700000000000000205e-03	-1.622105648643092134e-03	-1.990541156969572456e-01
5.709999999999999798e-03	-1.890660336143092264e-03	-2.063783344469572456e-01
5.720000000000000258e-03	-1.597691586143092221e-03	-1.966127094469572456e-01
5.729999999999999850e-03	-1.866246273643092134e-03	-2.027162250719572456e-01
5.740000000000000310e-03	-1.597691586143092221e-03	-1.941713031969572456e-01
5.749999999999999903e-03	-1.866246273643092134e-03	-2.002748188219572456e-01
5.760000000000000363e-03	-1.573277523643092091e-03	-1.905091938219572456e-01
5.769999999999999955e-03	-1.841832211143092221e-03	-1.978334125719572456e-01
5.780000000000000415e-03	-1.573277523643092091e-03	-1.880677875719572456e-01
5.790000000000000008e-03	-1.817418148643092091e-03	-1.941713031969572456e-01
5.799999999999999600e-03	-1.573277523643092091e-03	-1.856263813219572456e-01
5.810000000000000060e-03	-1.817418148643092091e-03	-1.917298969469572456e-01
5.819999999999999653e-03	-1.548863461143092177e-03	-1.819642719469572456e-01
5.830000000000000113e-03	-1.817418148643092091e-03	-1.892884906969572456e-01
5.839999999999999705e-03	-1.548863461143092177e-03	-1.795228656969572456e-01
5.850000000000000165e-03	-1.793004086143092177e-03	-1.856263813219572456e-01
5.859999999999999758e-03	-1.524449398643092264e-03	-1.758607563219572456e-01
5.870000000000000218e-03	-1.793004086143092177e-03	-1.831849750719572456e-01
5.879999999999999810e-03	-1.500035336143092134e-03	-1.734193500719572456e-01
5.890000000000000270e-03	-1.768590023643092264e-03	-1.807435688219572456e-01
5.899999999999999863e-03	-1.500035336143092134e-03	-1.709779438219572456e-01
5.910000000000000323e-03	-1.744175961143092134e-03	-1.770814594469572456e-01
5.919999999999999915e-03	-1.500035336143092134e-03	-1.685365375719572456e-01
5.930000000000000375e-03	-1.744175961143092134e-03	-1.746400531969572456e-01
5.939999999999999968e-03	-1.475621273643092221e-03	-1.648744281969572456e-01
5.950000000000000427e-03	-1.719761898643092221e-03	-1.721986469469572456e-01
5.960000000000000020e-03	-1.475621273643092221e-03	-1.624330219469572456e-01
5.969999999999999613e-03	-1.719761898643092221e-03	-1.685365375719572456e-01
5.980000000000000072e-03	-1.475621273643092221e-03	-1.599916156969572456e-01
5.989999999999999665e-03	-1.719761898643092221e-03	-1.660951313219572456e-01
6.000000000000000125e-03	-1.451207211143092091e-03	-1.563295063219572456e-01
6.009999999999999717e-03	-1.719761898643092221e-03	-1.624330219469572456e-01
6.020000000000000177e-03	-1.451207211143092091e-03	-1.538881000719572456e-01
6.029999999999999770e-03	-1.695347836143092091e-03	-1.599916156969572456e-01
6.040000000000000230e-03	-1.451207211143092091e-03	-1.502259906969572456e-01
6.049999999999999822e-03	-1.695347836143092091e-03	-1.575502094469572456e-01
6.060000000000000282e-03	-1.426793148643092177e-03	-1.477845844469572456e-01
6.069999999999999875e-03	-1.670933773643092177e-03	-1.538881000719572456e-01
6.080000000000000335e-03	-1.426793148643092177e-03	-1.441224750719572456e-01
6.089999999999999927e-03	-1.670933773643092177e-03	-1.514466938219572456e-01
6.100000000000000387e-03	-1.402379086143092264e-03	-1.416810688219572456e-01
6.109999999999999980e-03	-1.646519711143092264e-03	-1.490052875719572456e-01
6.119999999999999572e-03	-1.353550961143092221e-03	-1.392396625719572456e-01
6.130000000000000032e-03	-1.622105648643092134e-03	-1.453431781969572456e-01
6.139999999999999625e-03	-1.329136898643092091e-03	-1.355775531969572456e-01
6.150000000000000085e-03	-1.597691586143092221e-03	-1.429017719469572456e-01
6.159999999999999677e-03	-1.304722836143092177e-03	-1.331361469469572456e-01
6.170000000000000137e-03	-1.548863461143092177e-03	-1.392396625719572456e-01
6.179999999999999730e-03	-1.280308773643092264e-03	-1.306947406969572456e-01
6.190000000000000190e-03	-1.524449398643092264e-03	-1.367982563219572456e-01
6.199999999999999782e-03	-1.231480648643092221e-03	-1.270326313219572456e-01
6.210000000000000242e-03	-1.500035336143092134e-03	-1.343568500719572456e-01
6.219999999999999835e-03	-1.231480648643092221e-03	-1.245912250719572456e-01
6.230000000000000294e-03	-1.475621273643092221e-03	-1.306947406969572456e-01
6.239999999999999887e-03	-1.182652523643092177e-03	-1.221498188219572456e-01
6.250000000000000347e-03	-1.426793148643092177e-03	-1.282533344469572456e-01
6.259999999999999939e-03	-1.158238461143092047e-03	-1.184877094469572456e-01
6.270000000000000399e-03	-1.402379086143092264e-03	-1.258119281969572456e-01
6.279999999999999992e-03	-1.133824398643092134e-03	-1.160463031969572456e-01
6.289999999999999584e-03	-1.377965023643092134e-03	-1.221498188219572456e-01
6.300000000000000044e-03	-1.109410336143092221e-03	-1.123841938219572456e-01
6.309999999999999637e-03	-1.353550961143092221e-03	-1.197084125719572456e-01
6.320000000000000097e-03	-1.084996273643092091e-03	-1.099427875719572456e-01
6.329999999999999689e-03	-1.329136898643092091e-03	-1.160463031969572456e-01
6.340000000000000149e-03	-1.060582211143092177e-03	-1.075013813219572456e-01
6.349999999999999742e-03	-1.304722836143092177e-03	-1.136048969469572456e-01
6.360000000000000202e-03	-1.036168148643092047e-03	-1.050599750719572456e-01
6.369999999999999794e-03	-1.304722836143092177e-03	-1.111634906969572456e-01
6.380000000000000254e-03	-1.036168148643092047e-03	-1.026185688219572456e-01
6.389999999999999847e-03	-1.280308773643092264e-03	-1.087220844469572456e-01
6.400000000000000307e-03	-1.011754086143092134e-03	-1.001771625719572456e-01
6.409999999999999899e-03	-1.255894711143092134e-03	-1.050599750719572456e-01
6.420000000000000359e-03	-9.873400236430922208e-04	-9.651505319695724561e-02
6.429999999999999952e-03	-1.255894711143092134e-03	-1.038392719469572456e-01
6.440000000000000412e-03	-9.873400236430922208e-04	-9.407364694695724561e-02
6.450000000000000004e-03	-1.231480648643092221e-03	-1.013978656969572456e-01
6.459999999999999597e-03	-9.629259611430920907e-04	-9.163224069695724561e-02
6.470000000000000057e-03	-1.231480648643092221e-03	-9.773575632195724561e-02
6.479999999999999649e-03	-9.629259611430920907e-04	-8.797013132195724561e-02
6.490000000000000109e-03	-1.231480648643092221e-03	-9.529435007195724561e-02
6.499999999999999702e-03	-9.629259611430920907e-04	-8.552872507195724561e-02
6.510000000000000162e-03	-1.231480648643092221e-03	-9.163224069695724561e-02
6.519999999999999754e-03	-9.629259611430920907e-04	-8.308731882195724561e-02
6.530000000000000214e-03	-1.207066586143092091e-03	-8.919083444695724561e-02
6.539999999999999807e-03	-9.385118986430921774e-04	-7.942520944695724561e-02
6.550000000000000266e-03	-1.207066586143092091e-03	-8.674942819695724561e-02
6.559999999999999859e-03	-9.385118986430921774e-04	-7.698380319695724561e-02
6.570000000000000319e-03	-1.182652523643092177e-03	-8.430802194695724561e-02
6.579999999999999911e-03	-9.140978361430921557e-04	-7.454239694695724561e-02
6.590000000000000371e-03	-1.182652523643092177e-03	-8.064591257195724561e-02
6.599999999999999964e-03	-9.140978361430921557e-04	-7.088028757195724561e-02
6.610000000000000424e-03	-1.158238461143092047e-03	-7.820450632195724561e-02
6.620000000000000016e-03	-8.896837736430921340e-04	-6.843888132195724561e-02
6.629999999999999609e-03	-1.133824398643092134e-03	-7.454239694695724561e-02
6.640000000000000069e-03	-8.652697111430921123e-04	-6.599747507195724561e-02
6.649999999999999661e-03	-1.109410336143092221e-03	-7.210099069695724561e-02
6.660000000000000121e-03	-8.408556486430920907e-04	-6.233536569695724561e-02
6.669999999999999714e-03	-1.084996273643092091e-03	-6.965958444695724561e-02
6.680000000000000174e-03	-8.164415861430921774e-04	-5.989395944695724561e-02
6.689999999999999766e-03	-1.060582211143092177e-03	-6.599747507195724561e-02
6.700000000000000226e-03	-7.920275236430921557e-04	-5.623185007195724561e-02
6.709999999999999819e-03	-1.060582211143092177e-03	-6.355606882195724561e-02
6.720000000000000279e-03	-7.676134611430921340e-04	-5.379044382195724561e-02
6.729999999999999871e-03	-1.036168148643092047e-03	-5.989395944695724561e-02
6.740000000000000331e-03	-7.676134611430921340e-04	-5.134903757195724561e-02
6.749999999999999924e-03	-1.011754086143092134e-03	-5.745255319695724561e-02
6.760000000000000384e-03	-7.431993986430921123e-04	-4.890763132195724561e-02
6.769999999999999976e-03	-9.873400236430922208e-04	-5.501114694695724561e-02
6.779999999999999569e-03	-7.431993986430921123e-04	-4.524552194695724561e-02
6.790000000000000029e-03	-9.873400236430922208e-04	-5.256974069695724561e-02
6.799999999999999621e-03	-7.187853361430920907e-04	-4.280411569695724561e-02
6.810000000000000081e-03	-9.629259611430920907e-04	-4.890763132195724561e-02
6.819999999999999674e-03	-7.187853361430920907e-04	-3.914200632195724561e-02
6.830000000000000134e-03	-9.629259611430920907e-04	-4.646622507195724561e-02
6.839999999999999726e-03	-7.187853361430920907e-04	-3.670060007195724561e-02
6.850000000000000186e-03	-9.629259611430920907e-04	-4.280411569695724561e-02
6.859999999999999779e-03	-6.943712736430921774e-04	-3.425919382195724561e-02
6.870000000000000238e-03	-9.629259611430920907e-04	-4.036270944695724561e-02
6.879999999999999831e-03	-7.187853361430920907e-04	-3.059708444695724214e-02
6.890000000000000291e-03	-9.629259611430920907e-04	-3.792130319695724561e-02
6.899999999999999883e-03	-7.187853361430920907e-04	-2.815567819695724214e-02
6.910000000000000343e-03	-9.629259611430920907e-04	-3.425919382195724561e-02
6.919999999999999936e-03	-7.187853361430920907e-04	-2.449356882195724214e-02
6.930000000000000396e-03	-9.629259611430920907e-04	-3.181778757195724561e-02
6.939999999999999988e-03	-7.187853361430920907e-04	-2.205216257195724214e-02
6.949999999999999581e-03	-9.629259611430920907e-04	-2.937638132195724214e-02
6.960000000000000041e-03	-6.943712736430921774e-04	-1.961075632195724214e-02
6.969999999999999633e-03	-9.385118986430921774e-04	-2.571427194695724214e-02
6.980000000000000093e-03	-6.943712736430921774e-04	-1.594864694695724214e-02
6.989999999999999686e-03	-9.629259611430920907e-04	-2.327286569695724214e-02
7.000000000000000146e-03	-6.943712736430921774e-04	-1.350724069695724214e-02
7.009999999999999738e-03	-9.629259611430920907e-04	-1.961075632195724214e-02
7.020000000000000198e-03	-6.943712736430921774e-04	-1.106583444695724214e-02
7.029999999999999791e-03	-9.385118986430921774e-04	-1.716935007195724214e-02
7.040000000000000251e-03	-7.187853361430920907e-04	-7.403725071957242138e-03
7.049999999999999843e-03	-9.385118986430921774e-04	-1.472794382195724214e-02
7.060000000000000303e-03	-6.943712736430921774e-04	-4.962318821957242138e-03
7.069999999999999896e-03	-9.629259611430920907e-04	-1.106583444695724214e-02
7.080000000000000356e-03	-6.943712736430921774e-04	-2.520912571957242138e-03
7.089999999999999948e-03	-9.385118986430921774e-04	-8.624428196957242138e-03
7.100000000000000408e-03	-6.943712736430921774e-04	1.141196803042757862e-03
7.110000000000000001e-03	-9.385118986430921774e-04	-6.183021946957242138e-03
7.119999999999999593e-03	-6.943712736430921774e-04	3.582603053042757862e-03
7.130000000000000053e-03	-9.385118986430921774e-04	-2.520912571957242138e-03
7.139999999999999646e-03	-6.699572111430921557e-04	7.244712428042757862e-03
7.150000000000000105e-03	-9.385118986430921774e-04	-7.950632195724213758e-05
7.159999999999999698e-03	-6.699572111430921557e-04	9.686118678042757862e-03
7.170000000000000158e-03	-9.385118986430921774e-04	3.582603053042757862e-03
7.179999999999999750e-03	-6.699572111430921557e-04	1.212752492804275786e-02
7.190000000000000210e-03	-9.140978361430921557e-04	6.024009303042757862e-03
7.199999999999999803e-03	-6.699572111430921557e-04	1.578963430304275786e-02
7.210000000000000263e-03	-9.140978361430921557e-04	8.465415553042757862e-03
7.219999999999999855e-03	-6.455431486430921340e-04	1.823104055304275786e-02
7.230000000000000315e-03	-8.896837736430921340e-04	1.212752492804275786e-02
7.239999999999999908e-03	-6.455431486430921340e-04	2.067244680304275786e-02
7.250000000000000368e-03	-8.896837736430921340e-04	1.456893117804275786e-02
7.259999999999999960e-03	-6.211290861430921123e-04	2.433455617804275786e-02
7.270000000000000420e-03	-8.652697111430921123e-04	1.701033742804275786e-02
7.280000000000000013e-03	-5.967150236430920907e-04	2.677596242804275786e-02
7.289999999999999605e-03	-8.652697111430921123e-04	2.067244680304275786e-02
7.300000000000000065e-03	-5.967150236430920907e-04	3.043807180304275786e-02
7.309999999999999658e-03	-8.408556486430920907e-04	2.311385305304275786e-02
7.320000000000000118e-03	-5.967150236430920907e-04	3.287947805304275439e-02
7.329999999999999710e-03	-8.408556486430920907e-04	2.555525930304275786e-02
7.340000000000000170e-03	-5.723009611430920690e-04	3.532088430304275439e-02
7.349999999999999763e-03	-8.164415861430921774e-04	2.921736867804275786e-02
7.360000000000000223e-03	-5.723009611430920690e-04	3.898299367804275439e-02
7.369999999999999815e-03	-8.164415861430921774e-04	3.165877492804275439e-02
7.380000000000000275e-03	-5.723009611430920690e-04	4.142439992804275439e-02
7.389999999999999868e-03	-8.164415861430921774e-04	3.532088430304275439e-02
7.400000000000000328e-03	-5.478868986430921557e-04	4.386580617804275439e-02
7.409999999999999920e-03	-8.164415861430921774e-04	3.776229055304275439e-02
7.420000000000000380e-03	-5.478868986430921557e-04	4.752791555304275439e-02
7.429999999999999973e-03	-8.164415861430921774e-04	4.020369680304275439e-02
7.440000000000000432e-03	-5.478868986430921557e-04	4.996932180304275439e-02
7.450000000000000025e-03	-8.164415861430921774e-04	4.386580617804275439e-02
7.459999999999999618e-03	-5.478868986430921557e-04	5.241072805304275439e-02
7.470000000000000077e-03	-8.164415861430921774e-04	4.630721242804275439e-02
7.479999999999999670e-03	-5.478868986430921557e-04	5.607283742804275439e-02
7.490000000000000130e-03	-8.164415861430921774e-04	4.874861867804275439e-02
7.499999999999999722e-03	-5.478868986430921557e-04	5.851424367804275439e-02
7.510000000000000182e-03	-8.164415861430921774e-04	5.241072805304275439e-02
7.519999999999999775e-03	-5.478868986430921557e-04	6.217635305304275439e-02
7.530000000000000235e-03	-8.164415861430921774e-04	5.485213430304275439e-02
7.539999999999999827e-03	-5.723009611430920690e-04	6.461775930304275439e-02
7.550000000000000287e-03	-8.164415861430921774e-04	5.851424367804275439e-02
7.559999999999999880e-03	-5.478868986430921557e-04	6.705916555304275439e-02
7.570000000000000340e-03	-8.164415861430921774e-04	6.095564992804275439e-02
7.579999999999999932e-03	-5.723009611430920690e-04	7.072127492804275439e-02
7.590000000000000392e-03	-8.164415861430921774e-04	6.339705617804275439e-02
7.599999999999999985e-03	-5.723009611430920690e-04	7.316268117804275439e-02
7.609999999999999577e-03	-8.164415861430921774e-04	6.705916555304275439e-02
7.620000000000000037e-03	-5.723009611430920690e-04	7.682479055304275439e-02
7.629999999999999630e-03	-8.164415861430921774e-04	6.950057180304275439e-02
7.640000000000000090e-03	-5.723009611430920690e-04	7.926619680304275439e-02
7.649999999999999682e-03	-8.408556486430920907e-04	7.316268117804275439e-02
7.660000000000000142e-03	-5.967150236430920907e-04	8.170760305304275439e-02
7.669999999999999735e-03	-8.408556486430920907e-04	7.560408742804275439e-02
7.680000000000000195e-03	-5.967150236430920907e-04	8.536971242804275439e-02
7.689999999999999787e-03	-8.652697111430921123e-04	7.804549367804275439e-02
7.700000000000000247e-03	-6.211290861430921123e-04	8.781111867804275439e-02
7.709999999999999840e-03	-8.652697111430921123e-04	8.170760305304275439e-02
7.720000000000000299e-03	-6.211290861430921123e-04	9.147322805304275439e-02
7.729999999999999892e-03	-8.652697111430921123e-04	8.414900930304275439e-02
7.740000000000000352e-03	-6.211290861430921123e-04	9.391463430304275439e-02
7.749999999999999944e-03	-8.896837736430921340e-04	8.659041555304275439e-02
7.760000000000000404e-03	-6.455431486430921340e-04	9.635604055304275439e-02
7.769999999999999997e-03	-8.896837736430921340e-04	9.025252492804275439e-02
7.779999999999999589e-03	-6.455431486430921340e-04	1.000181499280427544e-01
7.790000000000000049e-03	-8.896837736430921340e-04	9.269393117804275439e-02
7.799999999999999642e-03	-6.455431486430921340e-04	1.024595561780427544e-01
7.810000000000000102e-03	-8.896837736430921340e-04	9.513533742804275439e-02
7.820000000000000562e-03	-6.455431486430921340e-04	1.049009624280427544e-01
7.830000000000000154e-03	-9.140978361430921557e-04	9.879744680304275439e-02
7.839999999999999747e-03	-6.455431486430921340e-04	1.085630718030427544e-01
7.849999999999999339e-03	-9.140978361430921557e-04	1.012388530530427544e-01
7.860000000000000667e-03	-6.455431486430921340e-04	1.110044780530427544e-01
7.870000000000000259e-03	-8.896837736430921340e-04	1.036802593030427544e-01
7.879999999999999852e-03	-6.455431486430921340e-04	1.134458843030427544e-01
7.889999999999999444e-03	-8.896837736430921340e-04	1.073423686780427544e-01
7.900000000000000772e-03	-6.455431486430921340e-04	1.171079936780427544e-01
7.910000000000000364e-03	-8.896837736430921340e-04	1.097837749280427544e-01
7.919999999999999957e-03	-6.211290861430921123e-04	1.195493999280427544e-01
7.929999999999999549e-03	-8.652697111430921123e-04	1.122251811780427544e-01
7.939999999999999142e-03	-5.967150236430920907e-04	1.219908061780427544e-01
7.950000000000000469e-03	-8.652697111430921123e-04	1.158872905530427544e-01
7.960000000000000062e-03	-5.723009611430920690e-04	1.256529155530427544e-01
7.969999999999999654e-03	-8.408556486430920907e-04	1.183286968030427544e-01
7.979999999999999247e-03	-5.723009611430920690e-04	1.280943218030427544e-01
7.990000000000000574e-03	-8.164415861430921774e-04	1.219908061780427544e-01
8.000000000000000167e-03	-5.478868986430921557e-04	1.317564311780427544e-01
8.009999999999999759e-03	-7.920275236430921557e-04	1.244322124280427544e-01
8.019999999999999352e-03	-5.234728361430921340e-04	1.341978374280427544e-01
8.030000000000000679e-03	-7.676134611430921340e-04	1.268736186780427544e-01
8.040000000000000271e-03	-4.990587736430921123e-04	1.366392436780427544e-01
8.049999999999999864e-03	-7.431993986430921123e-04	1.305357280530427544e-01
8.059999999999999457e-03	-4.746447111430920907e-04	1.403013530530427544e-01
8.070000000000000784e-03	-7.187853361430920907e-04	1.329771343030427544e-01
8.080000000000000376e-03	-4.502306486430921232e-04	1.427427593030427544e-01
8.089999999999999969e-03	-6.943712736430921774e-04	1.366392436780427544e-01
8.099999999999999561e-03	-4.014025236430921340e-04	1.451841655530427544e-01
8.109999999999999154e-03	-6.699572111430921557e-04	1.390806499280427544e-01
8.120000000000000481e-03	-3.769884611430921123e-04	1.488462749280427544e-01
8.130000000000000074e-03	-6.455431486430921340e-04	1.415220561780427544e-01
8.139999999999999666e-03	-3.525743986430920907e-04	1.512876811780427544e-01
8.149999999999999259e-03	-6.211290861430921123e-04	1.451841655530427544e-01
8.160000000000000586e-03	-3.281603361430921232e-04	1.549497905530427544e-01
8.170000000000000179e-03	-5.967150236430920907e-04	1.476255718030427544e-01
8.179999999999999771e-03	-3.037462736430921015e-04	1.573911968030427544e-01
8.189999999999999364e-03	-5.723009611430920690e-04	1.512876811780427544e-01
8.200000000000000691e-03	-2.793322111430920798e-04	1.598326030530427544e-01
8.210000000000000284e-03	-5.234728361430921340e-04	1.537290874280427544e-01
8.219999999999999876e-03	-2.549181486430921123e-04	1.634947124280427544e-01
8.229999999999999469e-03	-4.990587736430921123e-04	1.561704936780427544e-01
8.240000000000000796e-03	-2.060900236430920961e-04	1.659361186780427544e-01
8.250000000000000389e-03	-4.746447111430920907e-04	1.598326030530427544e-01
8.259999999999999981e-03	-1.816759611430921015e-04	1.683775249280427544e-01
8.269999999999999574e-03	-4.258165861430921015e-04	1.622740093030427544e-01
8.279999999999999166e-03	-1.328478361430920852e-04	1.720396343030427544e-01
8.290000000000000493e-03	-4.258165861430921015e-04	1.647154155530427544e-01
8.300000000000000086e-03	-1.084337736430920907e-04	1.744810405530427544e-01
8.309999999999999679e-03	-3.769884611430921123e-04	1.683775249280427544e-01
8.319999999999999271e-03	-8.401971114309209608e-05	1.769224468030427544e-01
8.330000000000000598e-03	-3.281603361430921232e-04	1.708189311780427544e-01
8.340000000000000191e-03	-5.960564864309209472e-05	1.805845561780427544e-01
8.349999999999999784e-03	-3.037462736430921015e-04	1.732603374280427544e-01
8.359999999999999376e-03	-3.519158614309209337e-05	1.830259624280427544e-01
8.370000000000000703e-03	-3.037462736430921015e-04	1.769224468030427544e-01
8.380000000000000296e-03	-1.077752364309209201e-05	1.854673686780427544e-01
8.389999999999999888e-03	-2.793322111430920798e-04	1.793638530530427544e-01
8.399999999999999481e-03	1.363653885690790935e-05	1.891294780530427544e-01
8.410000000000000808e-03	-2.305040861430920907e-04	1.818052593030427544e-01
8.420000000000000401e-03	3.805060135690791070e-05	1.915708843030427544e-01
8.429999999999999993e-03	-2.305040861430920907e-04	1.854673686780427544e-01
8.439999999999999586e-03	6.246466385690791206e-05	1.940122905530427544e-01
8.449999999999999178e-03	-1.816759611430921015e-04	1.879087749280427544e-01
8.460000000000000506e-03	8.687872635690792019e-05	1.976743999280427544e-01
8.470000000000000098e-03	-1.572618986430921069e-04	1.915708843030427544e-01
8.479999999999999691e-03	1.357068513569079093e-04	2.001158061780427544e-01
8.489999999999999283e-03	-1.328478361430920852e-04	1.940122905530427544e-01
8.500000000000000611e-03	1.357068513569079093e-04	2.025572124280427544e-01
8.510000000000000203e-03	-1.084337736430920907e-04	1.964536968030427544e-01
8.519999999999999796e-03	1.601209138569079310e-04	2.062193218030427544e-01
8.529999999999999388e-03	-8.401971114309209608e-05	1.988951030530427544e-01
8.540000000000000716e-03	2.089490388569079202e-04	2.086607280530427544e-01
8.550000000000000308e-03	-5.960564864309209472e-05	2.025572124280427544e-01
8.559999999999999901e-03	2.333631013569079148e-04	2.123228374280427544e-01
8.569999999999999493e-03	-3.519158614309209337e-05	2.049986186780427544e-01
8.580000000000000820e-03	2.577771638569079093e-04	2.147642436780427544e-01
8.590000000000000413e-03	-1.077752364309209201e-05	2.086607280530427544e-01
8.600000000000000006e-03	2.821912263569079310e-04	2.184263530530427544e-01
8.609999999999999598e-03	1.363653885690790935e-05	2.111021343030427544e-01
8.619999999999999191e-03	3.066052888569079527e-04	2.208677593030427544e-01
8.630000000000000518e-03	3.805060135690791070e-05	2.135435405530427544e-01
8.640000000000000110e-03	3.310193513569079202e-04	2.233091655530427544e-01
8.649999999999999703e-03	3.805060135690791070e-05	2.172056499280427544e-01
8.659999999999999296e-03	3.798474763569079093e-04	2.269712749280427544e-01
8.670000000000000623e-03	8.687872635690792019e-05	2.196470561780427544e-01
8.680000000000000215e-03	3.798474763569079093e-04	2.294126811780427544e-01
8.689999999999999808e-03	8.687872635690792019e-05	2.233091655530427544e-01
8.699999999999999400e-03	4.286756013569079527e-04	2.318540874280427544e-01
8.710000000000000728e-03	1.112927888569079148e-04	2.257505718030427544e-01
8.720000000000000320e-03	4.530896638569079202e-04	2.355161968030427544e-01
8.729999999999999913e-03	1.601209138569079310e-04	2.281919780530427544e-01
8.739999999999999505e-03	4.775037263569079419e-04	2.379576030530427544e-01
8.750000000000000833e-03	1.845349763569079256e-04	2.318540874280427544e-01
8.760000000000000425e-03	5.019177888569079093e-04	2.403990093030427544e-01
8.770000000000000018e-03	2.089490388569079202e-04	2.342954936780427544e-01
8.779999999999999610e-03	5.263318513569079310e-04	2.440611186780427544e-01
8.789999999999999203e-03	2.333631013569079148e-04	2.367368999280427544e-01
8.800000000000000530e-03	5.751599763569079744e-04	2.465025249280427544e-01
8.810000000000000123e-03	2.821912263569079310e-04	2.403990093030427544e-01
8.819999999999999715e-03	5.995740388569079961e-04	2.501646343030427544e-01
8.829999999999999308e-03	3.310193513569079202e-04	2.428404155530427544e-01
8.840000000000000635e-03	6.484021638569079310e-04	2.526060405530427544e-01
8.850000000000000228e-03	3.798474763569079093e-04	2.465025249280427544e-01
8.859999999999999820e-03	6.972302888569079744e-04	2.550474468030427544e-01
8.869999999999999413e-03	4.042615388569079310e-04	2.489439311780427544e-01
8.880000000000000740e-03	7.460584138569079093e-04	2.574888530530427544e-01
8.890000000000000333e-03	4.530896638569079202e-04	2.513853374280427544e-01
8.899999999999999925e-03	7.704724763569079310e-04	2.611509624280427544e-01
8.909999999999999518e-03	5.019177888569079093e-04	2.550474468030427544e-01
8.920000000000000845e-03	8.193006013569079744e-04	2.635923686780427544e-01
8.930000000000000437e-03	5.507459138569079527e-04	2.574888530530427544e-01
8.940000000000000030e-03	8.437146638569079961e-04	2.672544780530427544e-01
8.949999999999999623e-03	5.751599763569079744e-04	2.599302593030427544e-01
8.959999999999999215e-03	8.925427888569079310e-04	2.696958843030427544e-01
8.970000000000000542e-03	6.239881013569079093e-04	2.635923686780427544e-01
8.980000000000000135e-03	9.169568513569079527e-04	2.721372905530427544e-01
8.989999999999999727e-03	6.484021638569079310e-04	2.660337749280427544e-01
8.999999999999999320e-03	9.413709138569079744e-04	2.757993999280427544e-01
9.010000000000000647e-03	6.728162263569079527e-04	2.684751811780427544e-01
9.020000000000000240e-03	9.657849763569079961e-04	2.782408061780427544e-01
9.029999999999999832e-03	6.972302888569079744e-04	2.721372905530427544e-01
9.039999999999999425e-03	9.657849763569079961e-04	2.806822124280427544e-01
9.050000000000000752e-03	6.972302888569079744e-04	2.745786968030427544e-01
9.060000000000000345e-03	9.901990388569079093e-04	2.843443218030427544e-01
9.069999999999999937e-03	7.216443513569079961e-04	2.770201030530427544e-01
9.079999999999999530e-03	9.901990388569079093e-04	2.867857280530427544e-01
9.090000000000000857e-03	7.216443513569079961e-04	2.806822124280427544e-01
9.100000000000000450e-03	9.901990388569079093e-04	2.904478374280427544e-01
9.110000000000000042e-03	7.216443513569079961e-04	2.831236186780427544e-01
9.119999999999999635e-03	9.901990388569079093e-04	2.928892436780427544e-01
9.129999999999999227e-03	7.216443513569079961e-04	2.855650249280427544e-01
9.140000000000000555e-03	9.657849763569079961e-04	2.953306499280427544e-01
9.150000000000000147e-03	6.972302888569079744e-04	2.892271343030427544e-01
9.159999999999999740e-03	9.413709138569079744e-04	2.989927593030427544e-01
9.169999999999999332e-03	6.972302888569079744e-04	2.916685405530427544e-01
9.180000000000000659e-03	9.413709138569079744e-04	3.014341655530427544e-01
9.190000000000000252e-03	6.728162263569079527e-04	2.953306499280427544e-01
9.199999999999999845e-03	9.169568513569079527e-04	3.038755718030427544e-01
9.209999999999999437e-03	6.484021638569079310e-04	2.977720561780427544e-01
9.220000000000000764e-03	8.681287263569079093e-04	3.075376811780427544e-01
9.230000000000000357e-03	6.239881013569079093e-04	3.002134624280427544e-01
9.239999999999999949e-03	8.437146638569079961e-04	3.099790874280427544e-01
9.249999999999999542e-03	5.751599763569079744e-04	3.038755718030427544e-01
9.259999999999999135e-03	8.193006013569079744e-04	3.124204936780427544e-01
9.270000000000000462e-03	5.507459138569079527e-04	3.063169780530427544e-01
9.280000000000000054e-03	7.704724763569079310e-04	3.160826030530427544e-01
9.289999999999999647e-03	5.019177888569079093e-04	3.087583843030427544e-01
9.299999999999999239e-03	7.460584138569079093e-04	3.185240093030427544e-01
9.310000000000000567e-03	4.775037263569079419e-04	3.124204936780427544e-01
9.320000000000000159e-03	6.972302888569079744e-04	3.209654155530427544e-01
9.329999999999999752e-03	4.286756013569079527e-04	3.148618999280427544e-01
9.339999999999999344e-03	6.728162263569079527e-04	3.246275249280427544e-01
9.350000000000000672e-03	4.042615388569079310e-04	3.173033061780427544e-01
9.360000000000000264e-03	6.484021638569079310e-04	3.270689311780427544e-01
9.369999999999999857e-03	3.798474763569079093e-04	3.209654155530427544e-01
9.379999999999999449e-03	6.239881013569079093e-04	3.307310405530427544e-01
9.390000000000000777e-03	3.554334138569079419e-04	3.234068218030427544e-01
9.400000000000000369e-03	5.995740388569079961e-04	3.331724468030427544e-01
9.409999999999999962e-03	3.310193513569079202e-04	3.270689311780427544e-01
9.419999999999999554e-03	5.995740388569079961e-04	3.356138530530427544e-01
9.429999999999999147e-03	3.066052888569079527e-04	3.295103374280427544e-01
9.440000000000000474e-03	5.751599763569079744e-04	3.392759624280427544e-01
9.450000000000000067e-03	2.821912263569079310e-04	3.319517436780427544e-01
9.459999999999999659e-03	5.507459138569079527e-04	3.417173686780427544e-01
9.469999999999999252e-03	2.821912263569079310e-04	3.356138530530427544e-01
9.480000000000000579e-03	5.507459138569079527e-04	3.441587749280427544e-01
9.490000000000000172e-03	2.577771638569079093e-04	3.380552593030427544e-01
9.499999999999999764e-03	5.263318513569079310e-04	3.478208843030427544e-01
9.509999999999999357e-03	2.333631013569079148e-04	3.404966655530427544e-01
9.520000000000000684e-03	5.263318513569079310e-04	3.502622905530427544e-01
9.530000000000000276e-03	2.089490388569079202e-04	3.441587749280427544e-01
9.539999999999999869e-03	4.775037263569079419e-04	3.527036968030427544e-01
9.549999999999999462e-03	1.845349763569079256e-04	3.466001811780427544e-01
9.560000000000000789e-03	4.775037263569079419e-04	3.563658061780427544e-01
9.570000000000000381e-03	1.601209138569079310e-04	3.490415874280427544e-01
9.579999999999999974e-03	4.530896638569079202e-04	3.588072124280427544e-01
9.589999999999999566e-03	1.357068513569079093e-04	3.527036968030427544e-01
9.599999999999999159e-03	4.042615388569079310e-04	3.624693218030427544e-01
9.610000000000000486e-03	1.357068513569079093e-04	3.551451030530427544e-01
9.620000000000000079e-03	4.042615388569079310e-04	3.649107280530427544e-01
9.629999999999999671e-03	8.687872635690792019e-05	3.575865093030427544e-01
9.639999999999999264e-03	3.798474763569079093e-04	3.673521343030427544e-01
9.650000000000000591e-03	6.246466385690791206e-05	3.612486186780427544e-01
9.660000000000000184e-03	3.554334138569079419e-04	3.710142436780427544e-01
9.669999999999999776e-03	6.246466385690791206e-05	3.636900249280427544e-01
9.679999999999999369e-03	3.310193513569079202e-04	3.734556499280427544e-01
9.690000000000000696e-03	1.363653885690790935e-05	3.673521343030427544e-01
9.700000000000000289e-03	3.066052888569079527e-04	3.771177593030427544e-01
9.709999999999999881e-03	-1.077752364309209201e-05	3.697935405530427544e-01
9.719999999999999474e-03	2.821912263569079310e-04	3.795591655530427544e-01
9.730000000000000801e-03	-3.519158614309209337e-05	3.722349468030427544e-01
9.740000000000000394e-03	2.577771638569079093e-04	3.832212749280427544e-01
9.749999999999999986e-03	-3.519158614309209337e-05	3.758970561780427544e-01
9.759999999999999579e-03	2.577771638569079093e-04	3.856626811780427544e-01
9.769999999999999171e-03	-3.519158614309209337e-05	3.783384624280427544e-01
9.780000000000000498e-03	2.577771638569079093e-04	3.881040874280427544e-01
9.790000000000000091e-03	-3.519158614309209337e-05	3.820005718030427544e-01
9.799999999999999684e-03	2.577771638569079093e-04	3.905454936780427544e-01
9.809999999999999276e-03	-3.519158614309209337e-05	3.844419780530427544e-01
9.820000000000000603e-03	2.577771638569079093e-04	3.942076030530427544e-01
9.830000000000000196e-03	-1.077752364309209201e-05	3.868833843030427544e-01
9.839999999999999789e-03	3.066052888569079527e-04	3.966490093030427544e-01
9.849999999999999381e-03	-1.077752364309209201e-05	3.905454936780427544e-01
9.860000000000000708e-03	3.310193513569079202e-04	4.003111186780427544e-01
9.870000000000000301e-03	3.805060135690791070e-05	3.929868999280427544e-01
9.879999999999999893e-03	3.554334138569079419e-04	4.027525249280427544e-01
9.889999999999999486e-03	6.246466385690791206e-05	3.966490093030427544e-01
9.900000000000000813e-03	3.798474763569079093e-04	4.051939311780427544e-01
9.910000000000000406e-03	8.687872635690792019e-05	3.990904155530427544e-01
9.919999999999999998e-03	4.530896638569079202e-04	4.076353374280427544e-01
9.929999999999999591e-03	1.357068513569079093e-04	4.015318218030427544e-01
9.939999999999999183e-03	5.019177888569079093e-04	4.112974468030427544e-01
9.950000000000000511e-03	2.089490388569079202e-04	4.039732280530427544e-01
9.960000000000000103e-03	5.751599763569079744e-04	4.137388530530427544e-01
9.969999999999999696e-03	2.821912263569079310e-04	4.076353374280427544e-01
9.979999999999999288e-03	6.728162263569079527e-04	4.174009624280427544e-01
9.990000000000000616e-03	3.554334138569079419e-04	4.100767436780427544e-01
1.000000000000000021e-02	7.460584138569079093e-04	4.198423686780427544e-01
1.000999999999999980e-02	4.530896638569079202e-04	4.125181499280427544e-01
1.001999999999999939e-02	8.437146638569079961e-04	4.222837749280427544e-01
1.003000000000000072e-02	5.507459138569079527e-04	4.161802593030427544e-01
1.004000000000000031e-02	9.413709138569079744e-04	4.259458843030427544e-01
1.004999999999999991e-02	6.484021638569079310e-04	4.186216655530427544e-01
1.005999999999999950e-02	1.063441226356907866e-03	4.283872905530427544e-01
1.007000000000000083e-02	7.460584138569079093e-04	4.210630718030427544e-01
1.008000000000000042e-02	1.185511538856908083e-03	4.308286968030427544e-01
1.009000000000000001e-02	8.681287263569079093e-04	4.247251811780427544e-01
1.009999999999999960e-02	1.283167788856907953e-03	4.344908061780427544e-01
1.010999999999999920e-02	9.901990388569079093e-04	4.271665874280427544e-01
1.012000000000000052e-02	1.405238101356907953e-03	4.369322124280427544e-01
1.013000000000000012e-02	1.112269351356907909e-03	4.308286968030427544e-01
1.013999999999999971e-02	1.527308413856907953e-03	4.393736186780427544e-01
1.014999999999999930e-02	1.234339663856907909e-03	4.332701030530427544e-01
1.016000000000000063e-02	1.649378726356907953e-03	4.430357280530427544e-01
1.017000000000000022e-02	1.331995913856907996e-03	4.357115093030427544e-01
1.017999999999999981e-02	1.771449038856907953e-03	4.454771343030427544e-01
1.018999999999999941e-02	1.478480288856907909e-03	4.393736186780427544e-01
1.020000000000000073e-02	1.869105288856908039e-03	4.491392436780427544e-01
1.021000000000000033e-02	1.576136538856907996e-03	4.418150249280427544e-01
1.021999999999999992e-02	1.991175601356907823e-03	4.515806499280427544e-01
1.022999999999999951e-02	1.698206851356907996e-03	4.442564311780427544e-01
1.024000000000000084e-02	2.088831851356907909e-03	4.540220561780427544e-01
1.025000000000000043e-02	1.795863101356908083e-03	4.479185405530427544e-01
1.026000000000000002e-02	2.210902163856907909e-03	4.576841655530427544e-01
1.026999999999999962e-02	1.917933413856908083e-03	4.503599468030427544e-01
1.027999999999999921e-02	2.308558413856907996e-03	4.601255718030427544e-01
1.029000000000000054e-02	2.015589663856908170e-03	4.528013530530427544e-01
1.030000000000000013e-02	2.381800601356908170e-03	4.625669780530427544e-01
1.030999999999999972e-02	2.088831851356907909e-03	4.564634624280427544e-01
1.031999999999999931e-02	2.479456851356908256e-03	4.662290874280427544e-01
1.033000000000000064e-02	2.186488101356907996e-03	4.589048686780427544e-01
1.034000000000000023e-02	2.577113101356907909e-03	4.686704936780427544e-01
1.034999999999999983e-02	2.284144351356908083e-03	4.625669780530427544e-01
1.035999999999999942e-02	2.650355288856908083e-03	4.711118999280427544e-01
1.037000000000000074e-02	2.357386538856908256e-03	4.650083843030427544e-01
1.038000000000000034e-02	2.723597476356908256e-03	4.747740093030427544e-01
1.038999999999999993e-02	2.430628726356907996e-03	4.674497905530427544e-01
1.039999999999999952e-02	2.796839663856907996e-03	4.772154155530427544e-01
1.041000000000000085e-02	2.503870913856908170e-03	4.711118999280427544e-01
1.042000000000000044e-02	2.894495913856908083e-03	4.796568218030427544e-01
1.043000000000000003e-02	2.601527163856908256e-03	4.735533061780427544e-01
1.043999999999999963e-02	2.967738101356908256e-03	4.833189311780427544e-01
1.044999999999999922e-02	2.674769351356907996e-03	4.759947124280427544e-01
1.046000000000000055e-02	3.040980288856907996e-03	4.857603374280427544e-01
1.047000000000000014e-02	2.748011538856908170e-03	4.796568218030427544e-01
1.047999999999999973e-02	3.089808413856908256e-03	4.894224468030427544e-01
1.048999999999999932e-02	2.796839663856907996e-03	4.820982280530427544e-01
1.050000000000000065e-02	3.163050601356907996e-03	4.918638530530427544e-01
1.051000000000000024e-02	2.870081851356908170e-03	4.857603374280427544e-01
1.051999999999999984e-02	3.236292788856908170e-03	4.943052593030427544e-01
1.052999999999999943e-02	2.918909976356907996e-03	4.882017436780427544e-01
1.054000000000000076e-02	3.285120913856907996e-03	4.979673686780427544e-01
1.055000000000000035e-02	2.992152163856908170e-03	4.906431499280427544e-01
1.055999999999999994e-02	3.333949038856908256e-03	5.004087749280426989e-01
1.056999999999999953e-02	3.040980288856907996e-03	4.930845561780427544e-01
1.058000000000000086e-02	3.382777163856908083e-03	5.028501811780426989e-01
1.059000000000000045e-02	3.089808413856908256e-03	4.967466655530427544e-01
1.060000000000000005e-02	3.431605288856907909e-03	5.065122905530426989e-01
1.060999999999999964e-02	3.138636538856908083e-03	4.991880718030427544e-01
1.061999999999999923e-02	3.480433413856908170e-03	5.089536968030426989e-01
1.063000000000000056e-02	3.163050601356907996e-03	5.028501811780426989e-01
1.064000000000000015e-02	3.504847476356908083e-03	5.113951030530426989e-01
1.064999999999999974e-02	3.211878726356908256e-03	5.052915874280426989e-01
1.065999999999999934e-02	3.553675601356907909e-03	5.150572124280426989e-01
1.067000000000000066e-02	3.260706851356908083e-03	5.077329936780426989e-01
1.068000000000000026e-02	3.602503726356908170e-03	5.174986186780426989e-01
1.068999999999999985e-02	3.309534976356907909e-03	5.101743999280426989e-01
1.069999999999999944e-02	3.651331851356907996e-03	5.199400249280426989e-01
1.071000000000000077e-02	3.358363101356908170e-03	5.138365093030426989e-01
1.072000000000000036e-02	3.724574038856908170e-03	5.236021343030426989e-01
1.072999999999999995e-02	3.382777163856908083e-03	5.162779155530426989e-01
1.073999999999999955e-02	3.748988101356908083e-03	5.260435405530426989e-01
1.074999999999999914e-02	3.456019351356908256e-03	5.187193218030426989e-01
1.076000000000000047e-02	3.822230288856908256e-03	5.284849468030426989e-01
1.077000000000000006e-02	3.504847476356908083e-03	5.223814311780426989e-01
1.077999999999999965e-02	3.871058413856908083e-03	5.321470561780426989e-01
1.078999999999999924e-02	3.578089663856908256e-03	5.248228374280426989e-01
1.080000000000000057e-02	3.944300601356908256e-03	5.345884624280426989e-01
1.081000000000000016e-02	3.651331851356907996e-03	5.284849468030426989e-01
1.081999999999999976e-02	4.017542788856908430e-03	5.370298686780426989e-01
1.082999999999999935e-02	3.700159976356908256e-03	5.309263530530426989e-01
1.084000000000000068e-02	4.090784976356907736e-03	5.406919780530426989e-01
1.085000000000000027e-02	3.797816226356907909e-03	5.333677593030426989e-01
1.085999999999999986e-02	4.188441226356908256e-03	5.431333843030426989e-01
1.086999999999999945e-02	3.871058413856908083e-03	5.370298686780426989e-01
1.088000000000000078e-02	4.286097476356907909e-03	5.455747905530426989e-01
1.089000000000000037e-02	3.968714663856907736e-03	5.394712749280426989e-01
1.089999999999999997e-02	4.408167788856907909e-03	5.492368999280426989e-01
1.090999999999999956e-02	4.066370913856908256e-03	5.431333843030426989e-01
1.091999999999999915e-02	4.505824038856908430e-03	5.516783061780426989e-01
1.093000000000000048e-02	4.188441226356908256e-03	5.455747905530426989e-01
1.094000000000000007e-02	4.652308413856907909e-03	5.553404155530426989e-01
1.094999999999999966e-02	4.334925601356907736e-03	5.480161968030426989e-01
1.095999999999999926e-02	4.798792788856908256e-03	5.577818218030426989e-01
1.097000000000000058e-02	4.456995913856907736e-03	5.516783061780426989e-01
1.098000000000000018e-02	4.945277163856908603e-03	5.602232280530426989e-01
1.098999999999999977e-02	4.603480288856908083e-03	5.541197124280426989e-01
1.099999999999999936e-02	5.091761538856908083e-03	5.638853374280426989e-01
1.101000000000000069e-02	4.774378726356907909e-03	5.565611186780426989e-01
1.102000000000000028e-02	5.262659976356907909e-03	5.663267436780426989e-01
1.102999999999999987e-02	4.945277163856908603e-03	5.602232280530426989e-01
1.103999999999999947e-02	5.457972476356908083e-03	5.687681499280426989e-01
1.105000000000000079e-02	5.091761538856908083e-03	5.626646343030426989e-01
1.106000000000000039e-02	5.653284976356908256e-03	5.724302593030426989e-01
1.106999999999999998e-02	5.287074038856908256e-03	5.651060405530426989e-01
1.107999999999999957e-02	5.848597476356908430e-03	5.748716655530426989e-01
1.108999999999999916e-02	5.482386538856908430e-03	5.687681499280426989e-01
1.110000000000000049e-02	6.043909976356908603e-03	5.785337749280426989e-01
1.111000000000000008e-02	5.702113101356908083e-03	5.712095561780426989e-01
1.111999999999999968e-02	6.263636538856908256e-03	5.809751811780426989e-01
1.112999999999999927e-02	5.897425601356908256e-03	5.736509624280426989e-01
1.114000000000000060e-02	6.483363101356907909e-03	5.834165874280426989e-01
1.115000000000000019e-02	6.092738101356908430e-03	5.773130718030426989e-01
1.115999999999999978e-02	6.703089663856908430e-03	5.870786968030426989e-01
1.116999999999999937e-02	6.336878726356908430e-03	5.797544780530426989e-01
1.118000000000000070e-02	6.922816226356908083e-03	5.895201030530426989e-01
1.119000000000000029e-02	6.556605288856908083e-03	5.821958843030426989e-01
1.119999999999999989e-02	7.166956851356908083e-03	5.919615093030426989e-01
1.120999999999999948e-02	6.800745913856908083e-03	5.858579936780426989e-01
1.122000000000000081e-02	7.435511538856908430e-03	5.956236186780426989e-01
1.123000000000000040e-02	7.044886538856908083e-03	5.882993999280426989e-01
1.123999999999999999e-02	7.704066226356907909e-03	5.980650249280426989e-01
1.124999999999999958e-02	7.313441226356908430e-03	5.907408061780426989e-01
1.125999999999999918e-02	7.972620913856908256e-03	6.017271343030426989e-01
1.127000000000000050e-02	7.581995913856907909e-03	5.944029155530426989e-01
1.128000000000000010e-02	8.265589663856908950e-03	6.041685405530426989e-01
1.128999999999999969e-02	7.874964663856908603e-03	5.968443218030426989e-01
1.129999999999999928e-02	8.558558413856907909e-03	6.066099468030426989e-01
1.131000000000000061e-02	8.167933413856907562e-03	6.005064311780426989e-01
1.132000000000000020e-02	8.851527163856908603e-03	6.090513530530426989e-01
1.132999999999999979e-02	8.485316226356908603e-03	6.029478374280426989e-01
1.133999999999999939e-02	9.193324038856908256e-03	6.127134624280426989e-01
1.135000000000000071e-02	8.802699038856907909e-03	6.053892436780426989e-01
1.136000000000000031e-02	9.535120913856907909e-03	6.151548686780426989e-01
1.136999999999999990e-02	9.120081851356908950e-03	6.090513530530426989e-01
1.137999999999999949e-02	9.876917788856909297e-03	6.188169780530426989e-01
1.139000000000000082e-02	9.461878726356908603e-03	6.114927593030426989e-01
1.140000000000000041e-02	1.021871466385690895e-02	6.212583843030426989e-01
1.141000000000000000e-02	9.803675601356908256e-03	6.139341655530426989e-01
1.141999999999999960e-02	1.056051153885690860e-02	6.249204936780426989e-01
1.142999999999999919e-02	1.014547247635690791e-02	6.175962749280426989e-01
1.144000000000000052e-02	1.090230841385690826e-02	6.273618999280428099e-01
1.145000000000000011e-02	1.051168341385690791e-02	6.200376811780426989e-01
1.145999999999999970e-02	1.126851935135690826e-02	6.298033061780428099e-01
1.146999999999999929e-02	1.085348028885690930e-02	6.236997905530426989e-01
1.148000000000000062e-02	1.163473028885690826e-02	6.322447124280428099e-01
1.149000000000000021e-02	1.121969122635690930e-02	6.261411968030428099e-01
1.149999999999999981e-02	1.202535528885690860e-02	6.359068218030428099e-01
1.150999999999999940e-02	1.158590216385690930e-02	6.285826030530428099e-01
1.152000000000000073e-02	1.239156622635690860e-02	6.383482280530428099e-01
1.153000000000000032e-02	1.195211310135690930e-02	6.322447124280428099e-01
1.153999999999999991e-02	1.275777716385691034e-02	6.407896343030428099e-01
1.154999999999999950e-02	1.231832403885690930e-02	6.346861186780428099e-01
1.156000000000000083e-02	1.314840216385691068e-02	6.444517436780428099e-01
1.157000000000000042e-02	1.270894903885690964e-02	6.371275249280428099e-01
1.158000000000000002e-02	1.353902716385690930e-02	6.468931499280428099e-01
1.158999999999999961e-02	1.309957403885690999e-02	6.407896343030428099e-01
1.159999999999999920e-02	1.395406622635690999e-02	6.505552593030428099e-01
1.161000000000000053e-02	1.349019903885691034e-02	6.432310405530428099e-01
1.162000000000000012e-02	1.434469122635691034e-02	6.529966655530428099e-01
1.162999999999999971e-02	1.390523810135690930e-02	6.468931499280428099e-01
1.163999999999999931e-02	1.475973028885690930e-02	6.554380718030428099e-01
1.165000000000000063e-02	1.429586310135690964e-02	6.493345561780428099e-01
1.166000000000000023e-02	1.515035528885690964e-02	6.591001811780428099e-01
1.166999999999999982e-02	1.471090216385691034e-02	6.517759624280428099e-01
1.167999999999999941e-02	1.556539435135691034e-02	6.615415874280428099e-01
1.169000000000000074e-02	1.510152716385691068e-02	6.554380718030428099e-01
1.170000000000000033e-02	1.595601935135691068e-02	6.639829936780428099e-01
1.170999999999999992e-02	1.551656622635690964e-02	6.578794780530428099e-01
1.171999999999999952e-02	1.637105841385691138e-02	6.676451030530428099e-01
1.173000000000000084e-02	1.590719122635690999e-02	6.603208843030428099e-01
1.174000000000000044e-02	1.676168341385690999e-02	6.700865093030428099e-01
1.175000000000000003e-02	1.629781622635690860e-02	6.639829936780428099e-01
1.175999999999999962e-02	1.715230841385690860e-02	6.725279155530428099e-01
1.176999999999999921e-02	1.668844122635691068e-02	6.664243999280428099e-01
1.178000000000000054e-02	1.751851935135690860e-02	6.761900249280428099e-01
1.179000000000000013e-02	1.707906622635690930e-02	6.688658061780428099e-01
1.179999999999999973e-02	1.790914435135691068e-02	6.786314311780428099e-01
1.180999999999999932e-02	1.746969122635691138e-02	6.725279155530428099e-01
1.182000000000000065e-02	1.827535528885691068e-02	6.822935405530428099e-01
1.183000000000000024e-02	1.786031622635690999e-02	6.749693218030428099e-01
1.183999999999999983e-02	1.864156622635691068e-02	6.847349468030428099e-01
1.184999999999999942e-02	1.820211310135691138e-02	6.786314311780428099e-01
1.186000000000000075e-02	1.903219122635690930e-02	6.871763530530428099e-01
1.187000000000000034e-02	1.859273810135690999e-02	6.810728374280428099e-01
1.187999999999999994e-02	1.939840216385690930e-02	6.908384624280428099e-01
1.188999999999999953e-02	1.895894903885690999e-02	6.835142436780428099e-01
1.190000000000000085e-02	1.981344122635690999e-02	6.932798686780428099e-01
1.191000000000000045e-02	1.934957403885691207e-02	6.871763530530428099e-01
1.192000000000000004e-02	2.015523810135691138e-02	6.957212749280428099e-01
1.192999999999999963e-02	1.971578497635691207e-02	6.896177593030428099e-01
1.193999999999999923e-02	2.057027716385691207e-02	6.993833843030428099e-01
1.195000000000000055e-02	2.010640997635691068e-02	6.920591655530428099e-01
1.196000000000000014e-02	2.093648810135691207e-02	7.018247905530428099e-01
1.196999999999999974e-02	2.049703497635690930e-02	6.957212749280428099e-01
1.197999999999999933e-02	2.135152716385690930e-02	7.054868999280428099e-01
1.199000000000000066e-02	2.088765997635691138e-02	6.981626811780428099e-01
1.200000000000000025e-02	2.174215216385691138e-02	7.079283061780428099e-01
1.200999999999999984e-02	2.130269903885691207e-02	7.006040874280428099e-01
1.201999999999999943e-02	2.215719122635691207e-02	7.103697124280428099e-01
1.203000000000000076e-02	2.169332403885691068e-02	7.042661968030428099e-01
1.204000000000000035e-02	2.254781622635691068e-02	7.140318218030428099e-01
1.204999999999999995e-02	2.210836310135691138e-02	7.067076030530428099e-01
1.205999999999999954e-02	2.293844122635690930e-02	7.164732280530428099e-01
1.207000000000000087e-02	2.249898810135690999e-02	7.103697124280428099e-01
1.208000000000000046e-02	2.335348028885690999e-02	7.189146343030428099e-01
1.209000000000000005e-02	2.288961310135691207e-02	7.128111186780428099e-01
1.209999999999999964e-02	2.374410528885691207e-02	7.213560405530428099e-01
1.210999999999999924e-02	2.330465216385690930e-02	7.152525249280428099e-01
1.212000000000000056e-02	2.413473028885691068e-02	7.250181499280428099e-01
1.213000000000000016e-02	2.369527716385691138e-02	7.176939311780428099e-01
1.213999999999999975e-02	2.452535528885690930e-02	7.274595561780428099e-01
1.214999999999999934e-02	2.408590216385690999e-02	7.213560405530428099e-01
1.216000000000000067e-02	2.489156622635690930e-02	7.311216655530428099e-01
1.217000000000000026e-02	2.447652716385691207e-02	7.237974468030428099e-01
1.217999999999999985e-02	2.525777716385690930e-02	7.335630718030428099e-01
1.218999999999999945e-02	2.486715216385691068e-02	7.274595561780428099e-01
1.220000000000000077e-02	2.564840216385691138e-02	7.360044780530428099e-01
1.221000000000000037e-02	2.523336310135691068e-02	7.299009624280428099e-01
1.221999999999999996e-02	2.599019903885690930e-02	7.396665874280428099e-01
1.222999999999999955e-02	2.559957403885691068e-02	7.323423686780428099e-01
1.223999999999999914e-02	2.635640997635690930e-02	7.421079936780428099e-01
1.225000000000000047e-02	2.596578497635691068e-02	7.360044780530428099e-01
1.226000000000000006e-02	2.669820685135691068e-02	7.457701030530428099e-01
1.226999999999999966e-02	2.630758185135691207e-02	7.384458843030428099e-01
1.227999999999999925e-02	2.706441778885691068e-02	7.482115093030428099e-01
1.229000000000000058e-02	2.667379278885691207e-02	7.408872905530428099e-01
1.230000000000000017e-02	2.740621466385691207e-02	7.506529155530428099e-01
1.230999999999999976e-02	2.701558966385690999e-02	7.445493999280428099e-01
1.231999999999999935e-02	2.777242560135691207e-02	7.530943218030428099e-01
1.233000000000000068e-02	2.738180060135690999e-02	7.469908061780428099e-01
1.234000000000000027e-02	2.813863653885691207e-02	7.567564311780428099e-01
1.234999999999999987e-02	2.772359747635691138e-02	7.494322124280428099e-01
1.235999999999999946e-02	2.848043341385690999e-02	7.591978374280428099e-01
1.237000000000000079e-02	2.808980841385691138e-02	7.530943218030428099e-01
1.238000000000000038e-02	2.884664435135690999e-02	7.628599468030428099e-01
1.238999999999999997e-02	2.843160528885690930e-02	7.555357280530428099e-01
1.239999999999999956e-02	2.918844122635691138e-02	7.653013530530428099e-01
1.240999999999999916e-02	2.877340216385691068e-02	7.591978374280428099e-01
1.242000000000000048e-02	2.955465216385691138e-02	7.677427593030428099e-01
1.243000000000000008e-02	2.913961310135691068e-02	7.616392436780428099e-01
1.243999999999999967e-02	2.992086310135691138e-02	7.714048686780428099e-01
1.244999999999999926e-02	2.950582403885691068e-02	7.640806499280428099e-01
1.246000000000000059e-02	3.028707403885691138e-02	7.726255718030428099e-01
1.247000000000000018e-02	2.989644903885690930e-02	7.665220561780428099e-01
1.247999999999999977e-02	3.065328497635691138e-02	7.726255718030428099e-01
1.248999999999999937e-02	3.026265997635690930e-02	7.653013530530428099e-01
1.250000000000000069e-02	3.104390997635690999e-02	7.689634624280428099e-01
1.251000000000000029e-02	3.062887091385690930e-02	7.628599468030428099e-01
1.251999999999999988e-02	3.143453497635691207e-02	7.665220561780428099e-01
1.252999999999999947e-02	3.101949591385691138e-02	7.591978374280428099e-01
1.254000000000000080e-02	3.180074591385691207e-02	7.628599468030428099e-01
1.255000000000000039e-02	3.138570685135690791e-02	7.567564311780428099e-01
1.255999999999999998e-02	3.216695685135691207e-02	7.604185405530428099e-01
1.256999999999999958e-02	3.177633185135691346e-02	7.530943218030428099e-01
1.257999999999999917e-02	3.255758185135691068e-02	7.567564311780428099e-01
1.259000000000000050e-02	3.214254278885691346e-02	7.506529155530428099e-01
1.260000000000000009e-02	3.289937872635691207e-02	7.555357280530428099e-01
1.260999999999999968e-02	3.250875372635691346e-02	7.482115093030428099e-01
1.261999999999999927e-02	3.321676153885690791e-02	7.518736186780428099e-01
1.263000000000000060e-02	3.282613653885690930e-02	7.457701030530428099e-01
1.264000000000000019e-02	3.353414435135691068e-02	7.494322124280428099e-01
1.264999999999999979e-02	3.316793341385691068e-02	7.421079936780428099e-01
1.265999999999999938e-02	3.380269903885690930e-02	7.457701030530428099e-01
1.267000000000000071e-02	3.343648810135690930e-02	7.396665874280428099e-01
1.268000000000000030e-02	3.402242560135691068e-02	7.433286968030428099e-01
1.268999999999999989e-02	3.368062872635690930e-02	7.360044780530428099e-01
1.269999999999999948e-02	3.419332403885690791e-02	7.408872905530428099e-01
1.271000000000000081e-02	3.390035528885691068e-02	7.335630718030428099e-01
1.272000000000000040e-02	3.431539435135690791e-02	7.372251811780428099e-01
1.273000000000000000e-02	3.404683966385690930e-02	7.311216655530428099e-01
1.273999999999999959e-02	3.438863653885691068e-02	7.347837749280428099e-01
1.274999999999999918e-02	3.412008185135691207e-02	7.286802593030428099e-01
1.276000000000000051e-02	3.438863653885691068e-02	7.323423686780428099e-01
1.277000000000000010e-02	3.412008185135691207e-02	7.250181499280428099e-01
1.277999999999999969e-02	3.431539435135690791e-02	7.286802593030428099e-01
1.278999999999999929e-02	3.404683966385690930e-02	7.225767436780428099e-01
1.280000000000000061e-02	3.419332403885690791e-02	7.262388530530428099e-01
1.281000000000000021e-02	3.387594122635691207e-02	7.201353374280428099e-01
1.281999999999999980e-02	3.397359747635691346e-02	7.237974468030428099e-01
1.282999999999999939e-02	3.363180060135691207e-02	7.164732280530428099e-01
1.284000000000000072e-02	3.370504278885690791e-02	7.201353374280428099e-01
1.285000000000000031e-02	3.331441778885690930e-02	7.140318218030428099e-01
1.285999999999999990e-02	3.336324591385691346e-02	7.176939311780428099e-01
1.286999999999999950e-02	3.294820685135690930e-02	7.115904155530428099e-01
1.288000000000000082e-02	3.297262091385690791e-02	7.152525249280428099e-01
1.289000000000000042e-02	3.250875372635691346e-02	7.091490093030428099e-01
1.290000000000000001e-02	3.250875372635691346e-02	7.128111186780428099e-01
1.290999999999999960e-02	3.199605841385690791e-02	7.054868999280428099e-01
1.291999999999999919e-02	3.199605841385690791e-02	7.091490093030428099e-01
1.293000000000000052e-02	3.145894903885691068e-02	7.030454936780428099e-01
1.294000000000000011e-02	3.143453497635691207e-02	7.067076030530428099e-01
1.294999999999999971e-02	3.084859747635691068e-02	6.993833843030428099e-01
1.295999999999999930e-02	3.082418341385691207e-02	7.030454936780428099e-01
1.297000000000000063e-02	3.021383185135691207e-02	6.969419780530428099e-01
1.298000000000000022e-02	3.018941778885690999e-02	7.006040874280428099e-01
1.298999999999999981e-02	2.955465216385691138e-02	6.945005718030428099e-01
1.299999999999999940e-02	2.953023810135690930e-02	6.981626811780428099e-01
1.301000000000000073e-02	2.887105841385691207e-02	6.908384624280428099e-01
1.302000000000000032e-02	2.884664435135690999e-02	6.957212749280428099e-01
1.302999999999999992e-02	2.818746466385690930e-02	6.883970561780428099e-01
1.303999999999999951e-02	2.816305060135691068e-02	6.920591655530428099e-01
1.305000000000000084e-02	2.745504278885690930e-02	6.859556499280428099e-01
1.306000000000000043e-02	2.743062872635691068e-02	6.896177593030428099e-01
1.307000000000000002e-02	2.674703497635691138e-02	6.822935405530428099e-01
1.307999999999999961e-02	2.672262091385690930e-02	6.871763530530428099e-01
1.308999999999999921e-02	2.601461310135691138e-02	6.798521343030428099e-01
1.310000000000000053e-02	2.599019903885690930e-02	6.835142436780428099e-01
1.311000000000000013e-02	2.530660528885690999e-02	6.774107280530428099e-01
1.311999999999999972e-02	2.528219122635691138e-02	6.810728374280428099e-01
1.312999999999999931e-02	2.457418341385690999e-02	6.737486186780428099e-01
1.314000000000000064e-02	2.454976935135691138e-02	6.786314311780428099e-01
1.315000000000000023e-02	2.386617560135691207e-02	6.713072124280428099e-01
1.315999999999999982e-02	2.381734747635691138e-02	6.749693218030428099e-01
1.316999999999999942e-02	2.313375372635691207e-02	6.688658061780428099e-01
1.318000000000000074e-02	2.308492560135691138e-02	6.725279155530428099e-01
1.319000000000000034e-02	2.242574591385691068e-02	6.652036968030428099e-01
1.319999999999999993e-02	2.237691778885690999e-02	6.700865093030428099e-01
1.320999999999999952e-02	2.171773810135690930e-02	6.627622905530428099e-01
1.322000000000000085e-02	2.166890997635691207e-02	6.664243999280428099e-01
1.323000000000000044e-02	2.098531622635690930e-02	6.603208843030428099e-01
1.324000000000000003e-02	2.098531622635690930e-02	6.639829936780428099e-01
1.324999999999999963e-02	2.030172247635690999e-02	6.566587749280428099e-01
1.325999999999999922e-02	2.027730841385691138e-02	6.615415874280428099e-01
1.327000000000000055e-02	1.961812872635691068e-02	6.542173686780428099e-01
1.328000000000000014e-02	1.959371466385691207e-02	6.578794780530428099e-01
1.328999999999999973e-02	1.895894903885690999e-02	6.517759624280428099e-01
1.329999999999999932e-02	1.893453497635691138e-02	6.554380718030428099e-01
1.331000000000000065e-02	1.829976935135690930e-02	6.481138530530428099e-01
1.332000000000000024e-02	1.825094122635690860e-02	6.529966655530428099e-01
1.332999999999999984e-02	1.764058966385690860e-02	6.456724468030428099e-01
1.333999999999999943e-02	1.761617560135690999e-02	6.493345561780428099e-01
1.335000000000000075e-02	1.700582403885690999e-02	6.432310405530428099e-01
1.336000000000000035e-02	1.700582403885690999e-02	6.468931499280428099e-01
1.336999999999999994e-02	1.644430060135691068e-02	6.395689311780428099e-01
1.337999999999999953e-02	1.641988653885690860e-02	6.444517436780428099e-01
1.339000000000000086e-02	1.585836310135690930e-02	6.371275249280428099e-01
1.340000000000000045e-02	1.585836310135690930e-02	6.407896343030428099e-01
1.341000000000000004e-02	1.532125372635691034e-02	6.346861186780428099e-01
1.341999999999999964e-02	1.532125372635691034e-02	6.383482280530428099e-01
1.342999999999999923e-02	1.478414435135690964e-02	6.310240093030428099e-01
1.344000000000000056e-02	1.480855841385690999e-02	6.359068218030428099e-01
1.345000000000000015e-02	1.429586310135690964e-02	6.285826030530428099e-01
1.345999999999999974e-02	1.429586310135690964e-02	6.322447124280428099e-01
1.346999999999999933e-02	1.383199591385690999e-02	6.261411968030428099e-01
1.348000000000000066e-02	1.385640997635691034e-02	6.298033061780428099e-01
1.349000000000000025e-02	1.339254278885691068e-02	6.224790874280426989e-01
1.349999999999999985e-02	1.341695685135690930e-02	6.273618999280428099e-01
1.350999999999999944e-02	1.297750372635690999e-02	6.200376811780426989e-01
1.352000000000000077e-02	1.300191778885691034e-02	6.236997905530426989e-01
1.353000000000000036e-02	1.258687872635690964e-02	6.175962749280426989e-01
1.353999999999999995e-02	1.263570685135691034e-02	6.212583843030426989e-01
1.354999999999999954e-02	1.222066778885690791e-02	6.139341655530426989e-01
1.355999999999999914e-02	1.226949591385690860e-02	6.188169780530426989e-01
1.357000000000000046e-02	1.187887091385690826e-02	6.114927593030426989e-01
1.358000000000000006e-02	1.195211310135690930e-02	6.151548686780426989e-01
1.358999999999999965e-02	1.156148810135690895e-02	6.090513530530426989e-01
1.359999999999999924e-02	1.163473028885690826e-02	6.127134624280426989e-01
1.361000000000000057e-02	1.126851935135690826e-02	6.066099468030426989e-01
1.362000000000000016e-02	1.134176153885690930e-02	6.102720561780426989e-01
1.362999999999999975e-02	1.097555060135690930e-02	6.029478374280426989e-01
1.363999999999999935e-02	1.107320685135690895e-02	6.066099468030426989e-01
1.365000000000000067e-02	1.070699591385690895e-02	6.005064311780426989e-01
1.366000000000000027e-02	1.080465216385690860e-02	6.041685405530426989e-01
1.366999999999999986e-02	1.046285528885690895e-02	5.980650249280426989e-01
1.367999999999999945e-02	1.056051153885690860e-02	6.017271343030426989e-01
1.369000000000000078e-02	1.024312872635690930e-02	5.944029155530426989e-01
1.370000000000000037e-02	1.034078497635690895e-02	5.980650249280426989e-01
1.370999999999999996e-02	1.002340216385690791e-02	5.919615093030426989e-01
1.371999999999999956e-02	1.012105841385690930e-02	5.956236186780426989e-01
1.372999999999999915e-02	9.803675601356908256e-03	5.895201030530426989e-01
1.374000000000000048e-02	9.925745913856908256e-03	5.931822124280426989e-01
1.375000000000000007e-02	9.608363101356908950e-03	5.858579936780426989e-01
1.375999999999999966e-02	9.706019351356908603e-03	5.895201030530426989e-01
1.376999999999999925e-02	9.413050601356907909e-03	5.834165874280426989e-01
1.378000000000000058e-02	9.535120913856907909e-03	5.870786968030426989e-01
1.379000000000000017e-02	9.217738101356908603e-03	5.809751811780426989e-01
1.379999999999999977e-02	9.339808413856908603e-03	5.846372905530426989e-01
1.380999999999999936e-02	9.046839663856907909e-03	5.773130718030426989e-01
1.382000000000000069e-02	9.168909976356907909e-03	5.809751811780426989e-01
1.383000000000000028e-02	8.851527163856908603e-03	5.748716655530426989e-01
1.383999999999999987e-02	8.998011538856908950e-03	5.785337749280426989e-01
1.384999999999999946e-02	8.680628726356907909e-03	5.724302593030426989e-01
1.386000000000000079e-02	8.827113101356908256e-03	5.760923686780426989e-01
1.387000000000000038e-02	8.509730288856908950e-03	5.687681499280426989e-01
1.387999999999999998e-02	8.656214663856907562e-03	5.724302593030426989e-01
1.388999999999999957e-02	8.314417788856907909e-03	5.663267436780426989e-01
1.389999999999999916e-02	8.460902163856908256e-03	5.699888530530426989e-01
1.391000000000000049e-02	8.143519351356908950e-03	5.626646343030426989e-01
1.392000000000000008e-02	8.290003726356907562e-03	5.675474468030426989e-01
1.392999999999999967e-02	7.972620913856908256e-03	5.602232280530426989e-01
1.393999999999999927e-02	8.119105288856908603e-03	5.638853374280426989e-01
1.395000000000000059e-02	7.777308413856908083e-03	5.577818218030426989e-01
1.396000000000000019e-02	7.923792788856907562e-03	5.614439311780426989e-01
1.396999999999999978e-02	7.581995913856907909e-03	5.541197124280426989e-01
1.397999999999999937e-02	7.728480288856908256e-03	5.577818218030426989e-01
1.399000000000000070e-02	7.362269351356908256e-03	5.516783061780426989e-01
1.400000000000000029e-02	7.508753726356908603e-03	5.553404155530426989e-01
1.400999999999999988e-02	7.142542788856908603e-03	5.492368999280426989e-01
1.401999999999999948e-02	7.289027163856908083e-03	5.528990093030426989e-01
1.403000000000000080e-02	6.922816226356908083e-03	5.455747905530426989e-01
1.404000000000000040e-02	7.069300601356908430e-03	5.504576030530426989e-01
1.404999999999999999e-02	6.703089663856908430e-03	5.431333843030426989e-01
1.405999999999999958e-02	6.849574038856907909e-03	5.467954936780426989e-01
1.406999999999999917e-02	6.458949038856908430e-03	5.406919780530426989e-01
1.408000000000000050e-02	6.605433413856907909e-03	5.443540874280426989e-01
1.409000000000000009e-02	6.239222476356907909e-03	5.370298686780426989e-01
1.409999999999999969e-02	6.361292788856907909e-03	5.419126811780426989e-01
1.410999999999999928e-02	5.995081851356907909e-03	5.345884624280426989e-01
1.412000000000000061e-02	6.117152163856907909e-03	5.382505718030426989e-01
1.413000000000000020e-02	5.750941226356907909e-03	5.321470561780426989e-01
1.413999999999999979e-02	5.873011538856907909e-03	5.358091655530426989e-01
1.414999999999999938e-02	5.506800601356907909e-03	5.284849468030426989e-01
1.416000000000000071e-02	5.628870913856907909e-03	5.321470561780426989e-01
1.417000000000000030e-02	5.262659976356907909e-03	5.260435405530426989e-01
1.417999999999999990e-02	5.384730288856907909e-03	5.297056499280426989e-01
1.418999999999999949e-02	5.042933413856908256e-03	5.236021343030426989e-01
1.420000000000000082e-02	5.140589663856907909e-03	5.272642436780426989e-01
1.421000000000000041e-02	4.798792788856908256e-03	5.211607280530426989e-01
1.422000000000000000e-02	4.945277163856908603e-03	5.248228374280426989e-01
1.422999999999999959e-02	4.579066226356907736e-03	5.174986186780426989e-01
1.423999999999999919e-02	4.701136538856908603e-03	5.211607280530426989e-01
1.425000000000000051e-02	4.359339663856908083e-03	5.150572124280426989e-01
1.426000000000000011e-02	4.505824038856908430e-03	5.187193218030426989e-01
1.426999999999999970e-02	4.164027163856907909e-03	5.113951030530426989e-01
1.427999999999999929e-02	4.286097476356907909e-03	5.162779155530426989e-01
1.429000000000000062e-02	3.944300601356908256e-03	5.089536968030426989e-01
1.430000000000000021e-02	4.090784976356907736e-03	5.126158061780426989e-01
1.430999999999999980e-02	3.748988101356908083e-03	5.065122905530426989e-01
1.431999999999999940e-02	3.895472476356907996e-03	5.101743999280426989e-01
1.433000000000000072e-02	3.578089663856908256e-03	5.028501811780426989e-01
1.434000000000000032e-02	3.700159976356908256e-03	5.077329936780426989e-01
1.434999999999999991e-02	3.382777163856908083e-03	5.004087749280426989e-01
1.435999999999999950e-02	3.529261538856907996e-03	5.040708843030426989e-01
1.437000000000000083e-02	3.187464663856907909e-03	4.979673686780427544e-01
1.438000000000000042e-02	3.333949038856908256e-03	5.016294780530426989e-01
1.439000000000000001e-02	2.992152163856908170e-03	4.943052593030427544e-01
1.439999999999999961e-02	3.163050601356907996e-03	4.991880718030427544e-01
1.440999999999999920e-02	2.821253726356907909e-03	4.918638530530427544e-01
1.442000000000000053e-02	2.967738101356908256e-03	4.955259624280427544e-01
1.443000000000000012e-02	2.625941226356908170e-03	4.894224468030427544e-01
1.443999999999999971e-02	2.796839663856907996e-03	4.930845561780427544e-01
1.444999999999999930e-02	2.455042788856907909e-03	4.857603374280427544e-01
1.446000000000000063e-02	2.601527163856908256e-03	4.894224468030427544e-01
1.447000000000000022e-02	2.259730288856908170e-03	4.833189311780427544e-01
1.447999999999999982e-02	2.406214663856908083e-03	4.869810405530427544e-01
1.448999999999999941e-02	2.064417788856907996e-03	4.808775249280427544e-01
1.450000000000000074e-02	2.235316226356907823e-03	4.845396343030427544e-01
1.451000000000000033e-02	1.893519351356907953e-03	4.772154155530427544e-01
1.451999999999999992e-02	2.040003726356908083e-03	4.808775249280427544e-01
1.452999999999999951e-02	1.698206851356907996e-03	4.747740093030427544e-01
1.454000000000000084e-02	1.844691226356907909e-03	4.784361186780427544e-01
1.455000000000000043e-02	1.527308413856907953e-03	4.723326030530427544e-01
1.456000000000000003e-02	1.673792788856908083e-03	4.759947124280427544e-01
1.456999999999999962e-02	1.331995913856907996e-03	4.698911968030427544e-01
1.457999999999999921e-02	1.527308413856907953e-03	4.735533061780427544e-01
1.459000000000000054e-02	1.185511538856908083e-03	4.662290874280427544e-01
1.460000000000000013e-02	1.380824038856908039e-03	4.698911968030427544e-01
1.460999999999999972e-02	1.039027163856907953e-03	4.637876811780427544e-01
1.461999999999999932e-02	1.209925601356907996e-03	4.674497905530427544e-01
1.463000000000000064e-02	8.925427888569079310e-04	4.601255718030427544e-01
1.464000000000000024e-02	1.087855288856907996e-03	4.637876811780427544e-01
1.464999999999999983e-02	7.704724763569079310e-04	4.576841655530427544e-01
1.465999999999999942e-02	9.657849763569079961e-04	4.613462749280427544e-01
1.467000000000000075e-02	6.484021638569079310e-04	4.552427593030427544e-01
1.468000000000000034e-02	8.681287263569079093e-04	4.589048686780427544e-01
1.468999999999999993e-02	5.507459138569079527e-04	4.515806499280427544e-01
1.469999999999999953e-02	7.704724763569079310e-04	4.552427593030427544e-01
1.471000000000000085e-02	4.530896638569079202e-04	4.491392436780427544e-01
1.472000000000000045e-02	6.728162263569079527e-04	4.528013530530427544e-01
1.473000000000000004e-02	3.798474763569079093e-04	4.466978374280427544e-01
1.473999999999999963e-02	5.995740388569079961e-04	4.503599468030427544e-01
1.474999999999999922e-02	3.066052888569079527e-04	4.430357280530427544e-01
1.476000000000000055e-02	5.507459138569079527e-04	4.466978374280427544e-01
1.477000000000000014e-02	2.333631013569079148e-04	4.405943218030427544e-01
1.477999999999999974e-02	4.775037263569079419e-04	4.442564311780427544e-01
1.478999999999999933e-02	1.601209138569079310e-04	4.381529155530427544e-01
1.480000000000000066e-02	4.042615388569079310e-04	4.418150249280427544e-01
1.481000000000000025e-02	1.112927888569079148e-04	4.344908061780427544e-01
1.481999999999999984e-02	3.554334138569079419e-04	4.393736186780427544e-01
1.482999999999999943e-02	3.805060135690791070e-05	4.320493999280427544e-01
1.484000000000000076e-02	3.066052888569079527e-04	4.357115093030427544e-01
1.485000000000000035e-02	-1.077752364309209201e-05	4.296079936780427544e-01
1.485999999999999995e-02	2.577771638569079093e-04	4.332701030530427544e-01
1.486999999999999954e-02	-3.519158614309209337e-05	4.259458843030427544e-01
1.488000000000000086e-02	2.089490388569079202e-04	4.296079936780427544e-01
1.489000000000000046e-02	-8.401971114309209608e-05	4.235044780530427544e-01
1.490000000000000005e-02	1.845349763569079256e-04	4.271665874280427544e-01
1.490999999999999964e-02	-1.328478361430920852e-04	4.210630718030427544e-01
1.491999999999999924e-02	1.357068513569079093e-04	4.247251811780427544e-01
1.493000000000000056e-02	-1.572618986430921069e-04	4.174009624280427544e-01
1.494000000000000015e-02	1.112927888569079148e-04	4.210630718030427544e-01
1.494999999999999975e-02	-2.060900236430920961e-04	4.149595561780427544e-01
1.495999999999999934e-02	1.112927888569079148e-04	4.186216655530427544e-01
1.497000000000000067e-02	-2.060900236430920961e-04	4.125181499280427544e-01
1.498000000000000026e-02	8.687872635690792019e-05	4.161802593030427544e-01
1.498999999999999985e-02	-2.305040861430920907e-04	4.088560405530427544e-01
1.499999999999999944e-02	1.112927888569079148e-04	4.137388530530427544e-01
1.501000000000000077e-02	-2.060900236430920961e-04	4.064146343030427544e-01
1.502000000000000036e-02	1.112927888569079148e-04	4.100767436780427544e-01
1.502999999999999996e-02	-2.060900236430920961e-04	4.039732280530427544e-01
1.503999999999999955e-02	1.357068513569079093e-04	4.076353374280427544e-01
1.504999999999999914e-02	-1.816759611430921015e-04	4.003111186780427544e-01
1.506000000000000047e-02	1.601209138569079310e-04	4.039732280530427544e-01
1.507000000000000006e-02	-1.328478361430920852e-04	3.978697124280427544e-01
1.507999999999999965e-02	1.845349763569079256e-04	4.015318218030427544e-01
1.508999999999999925e-02	-1.084337736430920907e-04	3.954283061780427544e-01
1.510000000000000057e-02	2.577771638569079093e-04	3.990904155530427544e-01
1.511000000000000017e-02	-5.960564864309209472e-05	3.917661968030427544e-01
1.511999999999999976e-02	2.821912263569079310e-04	3.954283061780427544e-01
1.512999999999999935e-02	-1.077752364309209201e-05	3.893247905530427544e-01
1.514000000000000068e-02	3.554334138569079419e-04	3.929868999280427544e-01
1.515000000000000027e-02	6.246466385690791206e-05	3.868833843030427544e-01
1.515999999999999986e-02	4.042615388569079310e-04	3.905454936780427544e-01
1.516999999999999946e-02	1.112927888569079148e-04	3.832212749280427544e-01
1.518000000000000078e-02	4.530896638569079202e-04	3.881040874280427544e-01
1.519000000000000038e-02	1.601209138569079310e-04	3.807798686780427544e-01
