time[s]	CH1[V]	CH2[V] (num. of cycles: 1)
0.000000000000000000e+00	-3.073621247944079149e-02	-9.460537559107730088e-01
1.000000000000000082e-05	-3.073621247944079149e-02	-9.460537559107730088e-01
2.000000000000000164e-05	-3.066297029194078871e-02	-9.423916465357730088e-01
3.000000000000000076e-05	-3.115125154194078871e-02	-9.497158652857730088e-01
4.000000000000000327e-05	-3.107800935444078941e-02	-9.460537559107730088e-01
5.000000000000000240e-05	-3.159070466694079149e-02	-9.521572715357730088e-01
6.000000000000000152e-05	-3.149304841694079010e-02	-9.484951621607730088e-01
6.999999999999999387e-05	-3.198132966694079010e-02	-9.545986777857730088e-01
8.000000000000000654e-05	-3.188367341694078871e-02	-9.509365684107730088e-01
9.000000000000000567e-05	-3.237195466694078871e-02	-9.582607871607730088e-01
1.000000000000000048e-04	-3.229871247944079288e-02	-9.545986777857730088e-01
1.100000000000000039e-04	-3.278699372944079288e-02	-9.607021934107730088e-01
1.200000000000000030e-04	-3.268933747944079149e-02	-9.570400840357730088e-01
1.299999999999999886e-04	-3.317761872944079149e-02	-9.643643027857730088e-01
1.399999999999999877e-04	-3.310437654194078871e-02	-9.594814902857730088e-01
1.499999999999999869e-04	-3.356824372944079010e-02	-9.668057090357730088e-01
1.600000000000000131e-04	-3.351941560444079288e-02	-9.631435996607730088e-01
1.700000000000000122e-04	-3.398328279194078733e-02	-9.692471152857730088e-01
1.800000000000000113e-04	-3.391004060444079149e-02	-9.655850059107730088e-01
1.900000000000000105e-04	-3.437390779194079288e-02	-9.729092246607730088e-01
2.000000000000000096e-04	-3.430066560444079010e-02	-9.680264121607730088e-01
2.100000000000000087e-04	-3.478894685444079010e-02	-9.753506309107730088e-01
2.200000000000000078e-04	-3.471570466694078733e-02	-9.716885215357730088e-01
2.300000000000000070e-04	-3.517957185444078871e-02	-9.777920371607730088e-01
2.400000000000000061e-04	-3.510632966694079288e-02	-9.741299277857730088e-01
2.500000000000000052e-04	-3.554578279194078871e-02	-9.802334434107730088e-01
2.599999999999999772e-04	-3.547254060444079288e-02	-9.765713340357730088e-01
2.700000000000000035e-04	-3.596082185444079288e-02	-9.838955527857730088e-01
2.799999999999999755e-04	-3.588757966694079010e-02	-9.765713340357730088e-01
2.900000000000000017e-04	-3.632703279194079288e-02	-9.838955527857730088e-01
2.999999999999999737e-04	-3.625379060444079010e-02	-9.741299277857730088e-01
3.099999999999999999e-04	-3.671765779194079149e-02	-9.814541465357730088e-01
3.200000000000000262e-04	-3.664441560444078871e-02	-9.716885215357730088e-01
3.299999999999999982e-04	-3.710828279194079010e-02	-9.777920371607730088e-01
3.400000000000000244e-04	-3.703504060444078733e-02	-9.680264121607730088e-01
3.499999999999999964e-04	-3.749890779194078871e-02	-9.753506309107730088e-01
3.600000000000000227e-04	-3.742566560444079288e-02	-9.655850059107730088e-01
3.699999999999999947e-04	-3.788953279194079427e-02	-9.729092246607730088e-01
3.800000000000000209e-04	-3.781629060444079149e-02	-9.631435996607730088e-01
3.899999999999999929e-04	-3.825574372944079427e-02	-9.692471152857730088e-01
4.000000000000000192e-04	-3.818250154194079149e-02	-9.594814902857730088e-01
4.099999999999999912e-04	-3.862195466694079427e-02	-9.668057090357730088e-01
4.200000000000000174e-04	-3.854871247944079149e-02	-9.570400840357730088e-01
4.299999999999999894e-04	-3.896375154194078871e-02	-9.643643027857730088e-01
4.400000000000000157e-04	-3.889050935444079288e-02	-9.545986777857730088e-01
4.499999999999999877e-04	-3.930554841694079010e-02	-9.607021934107730088e-01
4.600000000000000139e-04	-3.920789216694078871e-02	-9.509365684107730088e-01
4.699999999999999859e-04	-3.959851716694079427e-02	-9.582607871607730088e-01
4.800000000000000122e-04	-3.950086091694079288e-02	-9.484951621607730088e-01
4.899999999999999842e-04	-3.986707185444079288e-02	-9.558193809107730088e-01
5.000000000000000104e-04	-3.974500154194079288e-02	-9.460537559107730088e-01
5.100000000000000366e-04	-4.008679841694079427e-02	-9.521572715357730088e-01
5.199999999999999544e-04	-3.991589997944079010e-02	-9.423916465357730088e-01
5.299999999999999807e-04	-4.020886872944079427e-02	-9.497158652857730088e-01
5.400000000000000069e-04	-4.001355622944079149e-02	-9.399502402857730088e-01
5.500000000000000331e-04	-4.030652497944078871e-02	-9.472744590357730088e-01
5.599999999999999509e-04	-4.006238435444078871e-02	-9.375088340357730088e-01
5.699999999999999772e-04	-4.030652497944078871e-02	-9.436123496607730088e-01
5.800000000000000034e-04	-4.001355622944079149e-02	-9.338467246607730088e-01
5.900000000000000296e-04	-4.028211091694079010e-02	-9.411709434107730088e-01
5.999999999999999474e-04	-3.989148591694079149e-02	-9.314053184107730088e-01
6.099999999999999737e-04	-4.018445466694078871e-02	-9.387295371607730088e-01
6.199999999999999999e-04	-3.972058747944079427e-02	-9.289639121607730088e-01
6.300000000000000261e-04	-4.001355622944079149e-02	-9.350674277857730088e-01
6.400000000000000524e-04	-3.945203279194078871e-02	-9.253018027857730088e-01
6.499999999999999702e-04	-3.979382966694079010e-02	-9.326260215357730088e-01
6.599999999999999964e-04	-3.911023591694079427e-02	-9.228603965357730088e-01
6.700000000000000226e-04	-3.950086091694079288e-02	-9.301846152857730088e-01
6.800000000000000488e-04	-3.874402497944079427e-02	-9.204189902857730088e-01
6.899999999999999667e-04	-3.915906404194079149e-02	-9.265225059107730088e-01
6.999999999999999929e-04	-3.828015779194079288e-02	-9.179775840357730088e-01
7.100000000000000191e-04	-3.874402497944079427e-02	-9.240810996607730088e-01
7.200000000000000453e-04	-3.776746247944079427e-02	-9.143154746607730088e-01
7.299999999999999632e-04	-3.828015779194079288e-02	-9.216396934107730088e-01
7.399999999999999894e-04	-3.720593904194079149e-02	-9.118740684107730088e-01
7.500000000000000156e-04	-3.776746247944079427e-02	-9.179775840357730088e-01
7.600000000000000418e-04	-3.659558747944079149e-02	-9.094326621607730088e-01
7.699999999999999597e-04	-3.718152497944079288e-02	-9.155361777857730088e-01
7.799999999999999859e-04	-3.593640779194078733e-02	-9.057705527857730088e-01
7.900000000000000121e-04	-3.657117341694079288e-02	-9.130947715357730088e-01
8.000000000000000383e-04	-3.527722810444079010e-02	-9.033291465357730088e-01
8.099999999999999561e-04	-3.591199372944078871e-02	-9.094326621607730088e-01
8.199999999999999824e-04	-3.456922029194078871e-02	-8.996670371607730088e-01
8.300000000000000086e-04	-3.522839997944079288e-02	-9.069912559107730088e-01
8.400000000000000348e-04	-3.386121247944078733e-02	-8.972256309107730088e-01
8.499999999999999526e-04	-3.452039216694079149e-02	-9.045498496607730088e-01
8.599999999999999789e-04	-3.315320466694079288e-02	-8.947842246607730088e-01
8.700000000000000051e-04	-3.381238435444079010e-02	-9.008877402857730088e-01
8.800000000000000313e-04	-3.242078279194079288e-02	-8.923428184107730088e-01
8.899999999999999491e-04	-3.310437654194078871e-02	-8.984463340357730088e-01
8.999999999999999754e-04	-3.168836091694079288e-02	-8.886807090357730088e-01
9.100000000000000016e-04	-3.239636872944078733e-02	-8.960049277857730088e-01
9.200000000000000278e-04	-3.093152497944079080e-02	-8.862393027857730088e-01
9.300000000000000541e-04	-3.166394685444078733e-02	-8.923428184107730088e-01
9.399999999999999719e-04	-3.019910310444079080e-02	-8.837978965357730088e-01
9.499999999999999981e-04	-3.090711091694078871e-02	-8.899014121607730088e-01
9.600000000000000243e-04	-2.944226716694078871e-02	-8.801357871607730088e-01
9.700000000000000505e-04	-3.015027497944079010e-02	-8.874600059107730088e-01
9.799999999999999684e-04	-2.868543122944079010e-02	-8.776943809107730088e-01
9.899999999999999946e-04	-2.941785310444079010e-02	-8.837978965357730088e-01
1.000000000000000021e-03	-2.792859529194079149e-02	-8.740322715357730088e-01
1.010000000000000047e-03	-2.868543122944079010e-02	-8.813564902857730088e-01
1.020000000000000073e-03	-2.722058747944079010e-02	-8.715908652857730088e-01
1.030000000000000100e-03	-2.795300935444079010e-02	-8.789150840357730088e-01
1.039999999999999909e-03	-2.648816560444079010e-02	-8.691494590357730088e-01
1.049999999999999935e-03	-2.719617341694079149e-02	-8.752529746607730088e-01
1.059999999999999961e-03	-2.580457185444079080e-02	-8.667080527857730088e-01
1.069999999999999988e-03	-2.651257966694078871e-02	-8.728115684107730088e-01
1.080000000000000014e-03	-2.512097810444079149e-02	-8.630459434107730088e-01
1.090000000000000040e-03	-2.582898591694078941e-02	-8.703701621607730088e-01
1.100000000000000066e-03	-2.446179841694079080e-02	-8.606045371607730088e-01
1.110000000000000092e-03	-2.512097810444079149e-02	-8.667080527857730088e-01
1.119999999999999902e-03	-2.382703279194078871e-02	-8.569424277857730088e-01
1.129999999999999928e-03	-2.448621247944078941e-02	-8.642666465357730088e-01
1.139999999999999954e-03	-2.321668122944078871e-02	-8.545010215357730088e-01
1.149999999999999981e-03	-2.385144685444079080e-02	-8.618252402857730088e-01
1.160000000000000007e-03	-2.263074372944079080e-02	-8.520596152857730088e-01
1.170000000000000033e-03	-2.324109529194079080e-02	-8.581631309107730088e-01
1.180000000000000059e-03	-2.206922029194079149e-02	-8.483975059107730088e-01
1.190000000000000085e-03	-2.265515779194078941e-02	-8.557217246607730088e-01
1.199999999999999895e-03	-2.155652497944078941e-02	-8.459560996607730088e-01
1.209999999999999921e-03	-2.209363435444079010e-02	-8.532803184107730088e-01
1.219999999999999947e-03	-2.104382966694079080e-02	-8.435146934107730088e-01
1.229999999999999974e-03	-2.158093904194079149e-02	-8.496182090357730088e-01
1.240000000000000000e-03	-2.060437654194079149e-02	-8.398525840357730088e-01
1.250000000000000026e-03	-2.109265779194079149e-02	-8.471768027857730088e-01
1.260000000000000052e-03	-2.016492341694078871e-02	-8.374111777857730088e-01
1.270000000000000078e-03	-2.062879060444079010e-02	-8.435146934107730088e-01
1.280000000000000105e-03	-1.977429841694079010e-02	-8.349697715357730088e-01
1.289999999999999914e-03	-2.023816560444079149e-02	-8.410732871607730088e-01
1.299999999999999940e-03	-1.940808747944079010e-02	-8.313076621607730088e-01
1.309999999999999967e-03	-1.984754060444078941e-02	-8.386318809107730088e-01
1.319999999999999993e-03	-1.909070466694079080e-02	-8.288662559107730088e-01
1.330000000000000019e-03	-1.950574372944079149e-02	-8.361904746607730088e-01
1.340000000000000045e-03	-1.879773591694079010e-02	-8.264248496607730088e-01
1.350000000000000071e-03	-1.918836091694078871e-02	-8.325283652857730088e-01
1.360000000000000098e-03	-1.852918122944078802e-02	-8.227627402857730088e-01
1.369999999999999907e-03	-1.891980622944079010e-02	-8.300869590357730088e-01
1.379999999999999933e-03	-1.828504060444078802e-02	-8.203213340357730088e-01
1.389999999999999960e-03	-1.865125154194078802e-02	-8.264248496607730088e-01
1.399999999999999986e-03	-1.806531404194079010e-02	-8.178799277857730088e-01
1.410000000000000012e-03	-1.843152497944079010e-02	-8.239834434107730088e-01
1.420000000000000038e-03	-1.787000154194079080e-02	-8.154385215357730088e-01
1.430000000000000064e-03	-1.821179841694078871e-02	-8.215420371607730088e-01
1.440000000000000091e-03	-1.767468904194078802e-02	-8.117764121607730088e-01
1.449999999999999900e-03	-1.801648591694078941e-02	-8.191006309107730088e-01
1.459999999999999926e-03	-1.750379060444079080e-02	-8.093350059107730088e-01
1.469999999999999953e-03	-1.784558747944078871e-02	-8.154385215357730088e-01
1.479999999999999979e-03	-1.735730622944078871e-02	-8.068935996607730088e-01
1.490000000000000005e-03	-1.769910310444079010e-02	-8.129971152857730088e-01
1.500000000000000031e-03	-1.723523591694078871e-02	-8.032314902857730088e-01
1.510000000000000057e-03	-1.755261872944078802e-02	-8.105557090357730088e-01
1.520000000000000084e-03	-1.711316560444078871e-02	-8.007900840357730088e-01
1.529999999999999893e-03	-1.740613435444078941e-02	-8.068935996607730088e-01
1.539999999999999919e-03	-1.699109529194078871e-02	-7.971279746607730088e-01
1.549999999999999946e-03	-1.730847810444078802e-02	-8.044521934107730088e-01
1.559999999999999972e-03	-1.689343904194079080e-02	-7.946865684107730088e-01
1.569999999999999998e-03	-1.721082185444079010e-02	-8.020107871607730088e-01
1.580000000000000024e-03	-1.682019685444078802e-02	-7.922451621607730088e-01
1.590000000000000050e-03	-1.713757966694079080e-02	-7.983486777857730088e-01
1.600000000000000077e-03	-1.672254060444079010e-02	-7.898037559107730088e-01
1.610000000000000103e-03	-1.703992341694078941e-02	-7.959072715357730088e-01
1.619999999999999912e-03	-1.664929841694079080e-02	-7.861416465357730088e-01
1.629999999999999939e-03	-1.696668122944079010e-02	-7.934658652857730088e-01
1.639999999999999965e-03	-1.660047029194079010e-02	-7.837002402857730088e-01
1.649999999999999991e-03	-1.691785310444078941e-02	-7.898037559107730088e-01
1.660000000000000017e-03	-1.652722810444079080e-02	-7.812588340357730088e-01
1.670000000000000043e-03	-1.684461091694079010e-02	-7.873623496607730088e-01
1.680000000000000070e-03	-1.647839997944079010e-02	-7.775967246607730088e-01
1.690000000000000096e-03	-1.679578279194078941e-02	-7.849209434107730088e-01
1.699999999999999905e-03	-1.642957185444078941e-02	-7.751553184107730088e-01
1.709999999999999932e-03	-1.674695466694078871e-02	-7.812588340357730088e-01
1.719999999999999958e-03	-1.638074372944078871e-02	-7.727139121607730088e-01
1.729999999999999984e-03	-1.669812654194078802e-02	-7.788174277857730088e-01
1.740000000000000010e-03	-1.633191560444078802e-02	-7.690518027857730088e-01
1.750000000000000036e-03	-1.667371247944078941e-02	-7.763760215357730088e-01
1.760000000000000063e-03	-1.630750154194078941e-02	-7.666103965357730088e-01
1.770000000000000089e-03	-1.664929841694079080e-02	-7.727139121607730088e-01
1.779999999999999898e-03	-1.625867341694078871e-02	-7.641689902857730088e-01
1.789999999999999925e-03	-1.660047029194079010e-02	-7.702725059107730088e-01
1.799999999999999951e-03	-1.623425935444079010e-02	-7.605068809107730088e-01
1.809999999999999977e-03	-1.657605622944078802e-02	-7.678310996607730088e-01
1.820000000000000003e-03	-1.618543122944078941e-02	-7.580654746607730088e-01
1.830000000000000029e-03	-1.655164216694078941e-02	-7.641689902857730088e-01
1.840000000000000056e-03	-1.613660310444078871e-02	-7.556240684107730088e-01
1.850000000000000082e-03	-1.650281404194078871e-02	-7.617275840357730088e-01
1.860000000000000108e-03	-1.608777497944078802e-02	-7.519619590357730088e-01
1.869999999999999917e-03	-1.645398591694078802e-02	-7.592861777857730088e-01
1.879999999999999944e-03	-1.601453279194078871e-02	-7.495205527857730088e-01
1.889999999999999970e-03	-1.638074372944078871e-02	-7.556240684107730088e-01
1.899999999999999996e-03	-1.591687654194079080e-02	-7.458584434107730088e-01
1.910000000000000022e-03	-1.630750154194078941e-02	-7.531826621607730088e-01
1.920000000000000049e-03	-1.581922029194078941e-02	-7.434170371607730088e-01
1.930000000000000075e-03	-1.618543122944078941e-02	-7.507412559107730088e-01
1.940000000000000101e-03	-1.569714997944078941e-02	-7.409756309107730088e-01
1.949999999999999910e-03	-1.608777497944078802e-02	-7.470791465357730088e-01
1.959999999999999937e-03	-1.555066560444078906e-02	-7.373135215357730088e-01
1.969999999999999963e-03	-1.594129060444078941e-02	-7.446377402857730088e-01
1.979999999999999989e-03	-1.537976716694079010e-02	-7.348721152857730088e-01
1.990000000000000015e-03	-1.579480622944079080e-02	-7.421963340357730088e-01
2.000000000000000042e-03	-1.520886872944078941e-02	-7.324307090357730088e-01
2.010000000000000068e-03	-1.562390779194079010e-02	-7.385342246607730088e-01
2.020000000000000094e-03	-1.503797029194078871e-02	-7.287685996607730088e-01
2.030000000000000120e-03	-1.542859529194078906e-02	-7.360928184107730088e-01
2.040000000000000147e-03	-1.481824372944078906e-02	-7.263271934107730088e-01
2.050000000000000173e-03	-1.523328279194078975e-02	-7.336514121607730088e-01
2.060000000000000199e-03	-1.462293122944078975e-02	-7.238857871607730088e-01
2.069999999999999792e-03	-1.501355622944079010e-02	-7.299893027857730088e-01
2.079999999999999818e-03	-1.437879060444078975e-02	-7.202236777857730088e-01
2.089999999999999844e-03	-1.479382966694078871e-02	-7.275478965357730088e-01
2.099999999999999870e-03	-1.415906404194079010e-02	-7.177822715357730088e-01
2.109999999999999896e-03	-1.454968904194078871e-02	-7.238857871607730088e-01
2.119999999999999923e-03	-1.391492341694079010e-02	-7.141201621607730088e-01
2.129999999999999949e-03	-1.432996247944078906e-02	-7.214443809107730088e-01
2.139999999999999975e-03	-1.367078279194079010e-02	-7.116787559107730088e-01
2.150000000000000001e-03	-1.406140779194078871e-02	-7.177822715357730088e-01
2.160000000000000028e-03	-1.342664216694079010e-02	-7.092373496607730088e-01
2.170000000000000054e-03	-1.381726716694078871e-02	-7.153408652857730088e-01
2.180000000000000080e-03	-1.318250154194079010e-02	-7.067959434107730088e-01
2.190000000000000106e-03	-1.359754060444078906e-02	-7.128994590357730088e-01
2.200000000000000133e-03	-1.293836091694079010e-02	-7.031338340357730088e-01
2.210000000000000159e-03	-1.335339997944078906e-02	-7.104580527857730088e-01
2.220000000000000185e-03	-1.271863435444078871e-02	-7.006924277857730088e-01
2.230000000000000211e-03	-1.310925935444078906e-02	-7.067959434107730088e-01
2.239999999999999804e-03	-1.249890779194078906e-02	-6.982510215357730088e-01
2.249999999999999830e-03	-1.291394685444078975e-02	-7.043545371607730088e-01
2.259999999999999856e-03	-1.230359529194078975e-02	-6.945889121607730088e-01
2.269999999999999882e-03	-1.269422029194079010e-02	-7.019131309107730088e-01
2.279999999999999909e-03	-1.208386872944079010e-02	-6.921475059107730088e-01
2.289999999999999935e-03	-1.247449372944078871e-02	-6.994717246607730088e-01
2.299999999999999961e-03	-1.191297029194078941e-02	-6.897060996607730088e-01
2.309999999999999987e-03	-1.230359529194078975e-02	-6.958096152857730088e-01
2.320000000000000014e-03	-1.174207185444078871e-02	-6.860439902857730088e-01
2.330000000000000040e-03	-1.210828279194078871e-02	-6.933682090357730088e-01
2.340000000000000066e-03	-1.157117341694078975e-02	-6.836025840357730088e-01
2.350000000000000092e-03	-1.193738435444078975e-02	-6.909268027857730088e-01
2.360000000000000119e-03	-1.142468904194078941e-02	-6.811611777857730088e-01
2.370000000000000145e-03	-1.179089997944078941e-02	-6.872646934107730088e-01
2.380000000000000171e-03	-1.127820466694078906e-02	-6.787197715357730088e-01
2.390000000000000197e-03	-1.162000154194078871e-02	-6.848232871607730088e-01
2.399999999999999790e-03	-1.113172029194078871e-02	-6.750576621607730088e-01
2.409999999999999816e-03	-1.147351716694079010e-02	-6.823818809107730088e-01
2.419999999999999842e-03	-1.098523591694079010e-02	-6.726162559107730088e-01
2.429999999999999868e-03	-1.135144685444079010e-02	-6.787197715357730088e-01
2.439999999999999895e-03	-1.083875154194078975e-02	-6.689541465357730088e-01
2.449999999999999921e-03	-1.120496247944078975e-02	-6.762783652857730088e-01
2.459999999999999947e-03	-1.071668122944078975e-02	-6.665127402857730088e-01
2.469999999999999973e-03	-1.105847810444078941e-02	-6.738369590357730088e-01
2.480000000000000000e-03	-1.059461091694078975e-02	-6.640713340357730088e-01
2.490000000000000026e-03	-1.093640779194078941e-02	-6.701748496607730088e-01
2.500000000000000052e-03	-1.047254060444078975e-02	-6.604092246607730088e-01
2.510000000000000078e-03	-1.081433747944078941e-02	-6.677334434107730088e-01
2.520000000000000104e-03	-1.035047029194078975e-02	-6.579678184107730088e-01
2.530000000000000131e-03	-1.069226716694078941e-02	-6.640713340357730088e-01
2.540000000000000157e-03	-1.020398591694078941e-02	-6.555264121607730088e-01
2.550000000000000183e-03	-1.057019685444078941e-02	-6.616299277857730088e-01
2.560000000000000209e-03	-1.010632966694078975e-02	-6.518643027857730088e-01
2.569999999999999802e-03	-1.047254060444078975e-02	-6.591885215357730088e-01
2.579999999999999828e-03	-9.984259354440789755e-03	-6.494228965357730088e-01
2.589999999999999854e-03	-1.037488435444079010e-02	-6.555264121607730088e-01
2.599999999999999881e-03	-9.886603104440790102e-03	-6.469814902857730088e-01
2.609999999999999907e-03	-1.025281404194079010e-02	-6.530850059107730088e-01
2.619999999999999933e-03	-9.788946854440788714e-03	-6.433193809107730088e-01
2.629999999999999959e-03	-1.015515779194078871e-02	-6.506435996607730088e-01
2.639999999999999986e-03	-9.691290604440789061e-03	-6.408779746607730088e-01
2.650000000000000012e-03	-1.005750154194078906e-02	-6.469814902857730088e-01
2.660000000000000038e-03	-9.618048416940789755e-03	-6.384365684107730088e-01
2.670000000000000064e-03	-9.984259354440789755e-03	-6.445400840357730088e-01
2.680000000000000090e-03	-9.520392166940790102e-03	-6.347744590357730088e-01
2.690000000000000117e-03	-9.911017166940788714e-03	-6.420986777857730088e-01
2.700000000000000143e-03	-9.471564041940789408e-03	-6.323330527857730088e-01
2.710000000000000169e-03	-9.837774979440789408e-03	-6.384365684107730088e-01
2.720000000000000195e-03	-9.422735916940788714e-03	-6.286709434107730088e-01
2.729999999999999788e-03	-9.788946854440788714e-03	-6.359951621607730088e-01
2.739999999999999814e-03	-9.349493729440789408e-03	-6.262295371607730088e-01
2.749999999999999840e-03	-9.740118729440789755e-03	-6.335537559107730088e-01
2.759999999999999867e-03	-9.325079666940789061e-03	-6.237881309107730088e-01
2.769999999999999893e-03	-9.691290604440789061e-03	-6.298916465357730088e-01
2.779999999999999919e-03	-9.300665604440788714e-03	-6.213467246607730088e-01
2.789999999999999945e-03	-9.666876541940788714e-03	-6.274502402857730088e-01
2.799999999999999972e-03	-9.276251541940788367e-03	-6.176846152857730088e-01
2.809999999999999998e-03	-9.642462479440790102e-03	-6.250088340357730088e-01
2.820000000000000024e-03	-9.251837479440789755e-03	-6.152432090357730088e-01
2.830000000000000050e-03	-9.618048416940789755e-03	-6.213467246607730088e-01
2.840000000000000076e-03	-9.251837479440789755e-03	-6.115810996607730088e-01
2.850000000000000103e-03	-9.618048416940789755e-03	-6.189053184107730088e-01
2.860000000000000129e-03	-9.251837479440789755e-03	-6.091396934107730088e-01
2.870000000000000155e-03	-9.618048416940789755e-03	-6.152432090357730088e-01
2.880000000000000181e-03	-9.276251541940788367e-03	-6.066982871607730088e-01
2.890000000000000208e-03	-9.642462479440790102e-03	-6.128018027857730088e-01
2.899999999999999800e-03	-9.300665604440788714e-03	-6.030361777857730088e-01
2.909999999999999826e-03	-9.666876541940788714e-03	-6.103603965357730088e-01
2.919999999999999853e-03	-9.325079666940789061e-03	-6.005947715357730088e-01
2.929999999999999879e-03	-9.666876541940788714e-03	-6.066982871607730088e-01
2.939999999999999905e-03	-9.349493729440789408e-03	-5.981533652857730088e-01
2.949999999999999931e-03	-9.715704666940789408e-03	-6.042568809107730088e-01
2.959999999999999958e-03	-9.373907791940789755e-03	-5.944912559107730088e-01
2.969999999999999984e-03	-9.740118729440789755e-03	-6.018154746607730088e-01
2.980000000000000010e-03	-9.422735916940788714e-03	-5.920498496607730088e-01
2.990000000000000036e-03	-9.788946854440788714e-03	-5.993740684107730088e-01
3.000000000000000062e-03	-9.447149979440789061e-03	-5.896084434107730088e-01
3.010000000000000089e-03	-9.813360916940789061e-03	-5.957119590357730088e-01
3.020000000000000115e-03	-9.471564041940789408e-03	-5.859463340357730088e-01
3.030000000000000141e-03	-9.837774979440789408e-03	-5.932705527857730088e-01
3.040000000000000167e-03	-9.520392166940790102e-03	-5.835049277857730088e-01
3.050000000000000194e-03	-9.886603104440790102e-03	-5.896084434107730088e-01
3.059999999999999786e-03	-9.544806229440788714e-03	-5.810635215357730088e-01
3.069999999999999812e-03	-9.911017166940788714e-03	-5.871670371607730088e-01
3.079999999999999839e-03	-9.569220291940789061e-03	-5.774014121607730088e-01
3.089999999999999865e-03	-9.935431229440789061e-03	-5.847256309107730088e-01
3.099999999999999891e-03	-9.593634354440789408e-03	-5.749600059107730088e-01
3.109999999999999917e-03	-9.959845291940789408e-03	-5.822842246607730088e-01
3.119999999999999944e-03	-9.618048416940789755e-03	-5.712978965357730088e-01
3.129999999999999970e-03	-9.959845291940789408e-03	-5.786221152857730088e-01
3.139999999999999996e-03	-9.618048416940789755e-03	-5.688564902857730088e-01
3.150000000000000022e-03	-9.959845291940789408e-03	-5.761807090357730088e-01
3.160000000000000048e-03	-9.618048416940789755e-03	-5.664150840357730088e-01
3.170000000000000075e-03	-9.959845291940789408e-03	-5.725185996607730088e-01
3.180000000000000101e-03	-9.593634354440789408e-03	-5.639736777857730088e-01
3.190000000000000127e-03	-9.935431229440789061e-03	-5.700771934107730088e-01
3.200000000000000153e-03	-9.593634354440789408e-03	-5.603115684107730088e-01
3.210000000000000180e-03	-9.935431229440789061e-03	-5.676357871607730088e-01
3.220000000000000206e-03	-9.569220291940789061e-03	-5.578701621607730088e-01
3.229999999999999798e-03	-9.886603104440790102e-03	-5.639736777857730088e-01
3.239999999999999825e-03	-9.520392166940790102e-03	-5.542080527857730088e-01
3.249999999999999851e-03	-9.837774979440789408e-03	-5.615322715357730088e-01
3.259999999999999877e-03	-9.447149979440789061e-03	-5.517666465357730088e-01
3.269999999999999903e-03	-9.788946854440788714e-03	-5.578701621607730088e-01
3.279999999999999930e-03	-9.398321854440790102e-03	-5.493252402857730088e-01
3.289999999999999956e-03	-9.715704666940789408e-03	-5.554287559107730088e-01
3.299999999999999982e-03	-9.325079666940789061e-03	-5.456631309107730088e-01
3.310000000000000008e-03	-9.666876541940788714e-03	-5.529873496607730088e-01
3.320000000000000034e-03	-9.251837479440789755e-03	-5.432217246607730088e-01
3.330000000000000061e-03	-9.569220291940789061e-03	-5.493252402857730088e-01
3.340000000000000087e-03	-9.178595291940788714e-03	-5.395596152857730088e-01
3.350000000000000113e-03	-9.495978104440789755e-03	-5.468838340357730088e-01
3.360000000000000139e-03	-9.105353104440789408e-03	-5.371182090357730088e-01
3.370000000000000166e-03	-9.422735916940788714e-03	-5.432217246607730088e-01
3.380000000000000192e-03	-9.032110916940788367e-03	-5.346768027857730088e-01
3.389999999999999784e-03	-9.349493729440789408e-03	-5.407803184107730088e-01
3.399999999999999811e-03	-8.958868729440789061e-03	-5.310146934107730088e-01
3.409999999999999837e-03	-9.276251541940788367e-03	-5.383389121607730088e-01
3.419999999999999863e-03	-8.885626541940789755e-03	-5.285732871607730088e-01
3.429999999999999889e-03	-9.203009354440789061e-03	-5.358975059107730088e-01
3.439999999999999915e-03	-8.812384354440788714e-03	-5.249111777857730088e-01
3.449999999999999942e-03	-9.129767166940789755e-03	-5.322353965357730088e-01
3.459999999999999968e-03	-8.739142166940789408e-03	-5.224697715357730088e-01
3.469999999999999994e-03	-9.080939041940789061e-03	-5.297939902857730088e-01
3.480000000000000020e-03	-8.665899979440788367e-03	-5.200283652857730088e-01
3.490000000000000047e-03	-9.007696854440789755e-03	-5.261318809107730088e-01
3.500000000000000073e-03	-8.592657791940789061e-03	-5.175869590357730088e-01
3.510000000000000099e-03	-8.934454666940788714e-03	-5.236904746607730088e-01
3.520000000000000125e-03	-8.543829666940788367e-03	-5.139248496607730088e-01
3.530000000000000152e-03	-8.861212479440789408e-03	-5.212490684107730088e-01
3.540000000000000178e-03	-8.446173416940788714e-03	-5.114834434107730088e-01
3.550000000000000204e-03	-8.787970291940788367e-03	-5.175869590357730088e-01
3.559999999999999797e-03	-8.372931229440789408e-03	-5.078213340357730088e-01
3.569999999999999823e-03	-8.714728104440789061e-03	-5.151455527857730088e-01
3.579999999999999849e-03	-8.324103104440788714e-03	-5.053799277857730088e-01
3.589999999999999875e-03	-8.665899979440788367e-03	-5.127041465357730088e-01
3.599999999999999901e-03	-8.226446854440789061e-03	-5.029385215357730088e-01
3.609999999999999928e-03	-8.592657791940789061e-03	-5.090420371607730088e-01
3.619999999999999954e-03	-8.177618729440788367e-03	-4.992764121607730088e-01
3.629999999999999980e-03	-8.519415604440789755e-03	-5.066006309107730088e-01
3.640000000000000006e-03	-8.079962479440788714e-03	-4.968350059107730088e-01
3.650000000000000033e-03	-8.446173416940788714e-03	-5.029385215357730088e-01
3.660000000000000059e-03	-8.006720291940789408e-03	-4.931728965357730088e-01
3.670000000000000085e-03	-8.372931229440789408e-03	-5.004971152857730088e-01
3.680000000000000111e-03	-7.933478104440788367e-03	-4.907314902857730088e-01
3.690000000000000138e-03	-8.299689041940788367e-03	-4.980557090357730088e-01
3.700000000000000164e-03	-7.860235916940789061e-03	-4.882900840357730088e-01
3.710000000000000190e-03	-8.202032791940788714e-03	-4.943935996607730088e-01
3.720000000000000216e-03	-7.762579666940789408e-03	-4.858486777857730088e-01
3.729999999999999809e-03	-8.128790604440789408e-03	-4.919521934107730088e-01
3.739999999999999835e-03	-7.689337479440789234e-03	-4.821865684107730088e-01
3.749999999999999861e-03	-8.031134354440789755e-03	-4.895107871607730088e-01
3.759999999999999887e-03	-7.591681229440788714e-03	-4.797451621607730088e-01
3.769999999999999914e-03	-7.957892166940788714e-03	-4.858486777857730088e-01
3.779999999999999940e-03	-7.494024979440789061e-03	-4.760830527857730088e-01
3.789999999999999966e-03	-7.860235916940789061e-03	-4.834072715357730088e-01
3.799999999999999992e-03	-7.420782791940788888e-03	-4.736416465357730088e-01
3.810000000000000019e-03	-7.762579666940789408e-03	-4.809658652857730088e-01
3.820000000000000045e-03	-7.323126541940789234e-03	-4.712002402857730088e-01
3.830000000000000071e-03	-7.664923416940788888e-03	-4.773037559107730088e-01
3.840000000000000097e-03	-7.249884354440789061e-03	-4.675381309107730088e-01
3.850000000000000124e-03	-7.567267166940789234e-03	-4.748623496607730088e-01
3.860000000000000150e-03	-7.127814041940789061e-03	-4.650967246607730088e-01
3.870000000000000176e-03	-7.469610916940788714e-03	-4.712002402857730088e-01
3.880000000000000202e-03	-7.030157791940789408e-03	-4.626553184107730088e-01
3.889999999999999795e-03	-7.371954666940789061e-03	-4.687588340357730088e-01
3.899999999999999821e-03	-6.956915604440789234e-03	-4.589932090357730088e-01
3.910000000000000281e-03	-7.298712479440788888e-03	-4.663174277857730088e-01
3.919999999999999873e-03	-6.859259354440788714e-03	-4.565518027857730088e-01
3.930000000000000333e-03	-7.176642166940788888e-03	-4.626553184107730088e-01
3.939999999999999926e-03	-6.761603104440789061e-03	-4.541103965357730088e-01
3.950000000000000386e-03	-7.103399979440788714e-03	-4.602139121607730088e-01
3.959999999999999978e-03	-6.663946854440789408e-03	-4.504482871607730088e-01
3.969999999999999571e-03	-7.005743729440789061e-03	-4.577725059107730088e-01
3.980000000000000031e-03	-6.566290604440788888e-03	-4.480068809107730088e-01
3.989999999999999623e-03	-6.908087479440789408e-03	-4.541103965357730088e-01
4.000000000000000083e-03	-6.493048416940788714e-03	-4.443447715357730088e-01
4.009999999999999676e-03	-6.834845291940789234e-03	-4.516689902857730088e-01
4.020000000000000136e-03	-6.419806229440789408e-03	-4.419033652857730088e-01
4.029999999999999728e-03	-6.737189041940788714e-03	-4.492275840357730088e-01
4.040000000000000188e-03	-6.346564041940789234e-03	-4.394619590357730088e-01
4.049999999999999781e-03	-6.688360916940788888e-03	-4.455654746607730088e-01
4.060000000000000241e-03	-6.273321854440789061e-03	-4.357998496607730088e-01
4.069999999999999833e-03	-6.615118729440788714e-03	-4.431240684107730088e-01
4.080000000000000293e-03	-6.200079666940789755e-03	-4.333584434107730088e-01
4.089999999999999886e-03	-6.541876541940789408e-03	-4.406826621607730088e-01
4.100000000000000346e-03	-6.151251541940789928e-03	-4.309170371607730088e-01
4.109999999999999938e-03	-6.468634354440789234e-03	-4.370205527857730088e-01
4.120000000000000398e-03	-6.102423416940790102e-03	-4.272549277857730088e-01
4.129999999999999991e-03	-6.444220291940788888e-03	-4.345791465357730088e-01
4.139999999999999583e-03	-6.053595291940789408e-03	-4.248135215357730088e-01
4.150000000000000043e-03	-6.370978104440788714e-03	-4.309170371607730088e-01
4.159999999999999636e-03	-5.980353104440790102e-03	-4.223721152857730088e-01
4.170000000000000095e-03	-6.322149979440788888e-03	-4.284756309107730088e-01
4.179999999999999688e-03	-5.931524979440789408e-03	-4.187100059107730088e-01
4.190000000000000148e-03	-6.273321854440789061e-03	-4.260342246607730088e-01
4.199999999999999740e-03	-5.882696854440789581e-03	-4.162685996607730088e-01
4.210000000000000200e-03	-6.224493729440790102e-03	-4.223721152857730088e-01
4.219999999999999793e-03	-5.833868729440789755e-03	-4.138271934107730088e-01
4.230000000000000253e-03	-6.175665604440789408e-03	-4.199307090357730088e-01
4.239999999999999845e-03	-5.785040604440789928e-03	-4.101650840357730088e-01
4.250000000000000305e-03	-6.102423416940790102e-03	-4.174893027857730088e-01
4.259999999999999898e-03	-5.736212479440790102e-03	-4.077236777857730088e-01
4.270000000000000358e-03	-6.053595291940789408e-03	-4.138271934107730088e-01
4.279999999999999950e-03	-5.687384354440789408e-03	-4.040615684107730088e-01
4.290000000000000410e-03	-6.004767166940789581e-03	-4.113857871607730088e-01
4.300000000000000003e-03	-5.638556229440789581e-03	-4.016201621607730088e-01
4.309999999999999595e-03	-5.955939041940789755e-03	-4.089443809107730088e-01
4.320000000000000055e-03	-5.565314041940789408e-03	-3.991787559107730088e-01
4.329999999999999648e-03	-5.882696854440789581e-03	-4.052822715357730088e-01
4.340000000000000108e-03	-5.516485916940789581e-03	-3.955166465357730088e-01
4.349999999999999700e-03	-5.833868729440789755e-03	-4.028408652857730088e-01
4.360000000000000160e-03	-5.467657791940789755e-03	-3.930752402857730088e-01
4.369999999999999753e-03	-5.760626541940789581e-03	-3.991787559107730088e-01
4.380000000000000213e-03	-5.418829666940789928e-03	-3.906338340357730088e-01
4.389999999999999805e-03	-5.736212479440790102e-03	-3.967373496607730088e-01
4.400000000000000265e-03	-5.345587479440789755e-03	-3.869717246607730088e-01
4.409999999999999858e-03	-5.662970291940789928e-03	-3.942959434107730088e-01
4.420000000000000318e-03	-5.321173416940789408e-03	-3.845303184107730088e-01
4.429999999999999910e-03	-5.614142166940790102e-03	-3.906338340357730088e-01
4.440000000000000370e-03	-5.272345291940789581e-03	-3.808682090357730088e-01
4.449999999999999963e-03	-5.589728104440789755e-03	-3.881924277857730088e-01
4.460000000000000422e-03	-5.223517166940789755e-03	-3.784268027857730088e-01
4.470000000000000015e-03	-5.540899979440789928e-03	-3.857510215357730088e-01
4.479999999999999608e-03	-5.199103104440789408e-03	-3.759853965357730088e-01
4.490000000000000067e-03	-5.492071854440790102e-03	-3.820889121607730088e-01
4.499999999999999660e-03	-5.150274979440789581e-03	-3.723232871607730088e-01
4.510000000000000120e-03	-5.467657791940789755e-03	-3.796475059107730088e-01
4.519999999999999712e-03	-5.125860916940790102e-03	-3.698818809107730088e-01
4.530000000000000172e-03	-5.443243729440789408e-03	-3.772060996607730088e-01
4.539999999999999765e-03	-5.101446854440789755e-03	-3.674404746607730088e-01
4.550000000000000225e-03	-5.418829666940789928e-03	-3.735439902857730088e-01
4.559999999999999817e-03	-5.101446854440789755e-03	-3.637783652857730088e-01
4.570000000000000277e-03	-5.418829666940789928e-03	-3.711025840357730088e-01
4.579999999999999870e-03	-5.077032791940789408e-03	-3.613369590357730088e-01
4.590000000000000330e-03	-5.394415604440789581e-03	-3.686611777857730088e-01
4.599999999999999922e-03	-5.052618729440789928e-03	-3.588955527857730088e-01
4.610000000000000382e-03	-5.394415604440789581e-03	-3.649990684107730088e-01
4.619999999999999975e-03	-5.052618729440789928e-03	-3.552334434107730088e-01
4.629999999999999567e-03	-5.370001541940790102e-03	-3.625576621607730088e-01
4.640000000000000027e-03	-5.028204666940789581e-03	-3.527920371607730088e-01
4.649999999999999620e-03	-5.370001541940790102e-03	-3.588955527857730088e-01
4.660000000000000080e-03	-5.052618729440789928e-03	-3.503506309107730088e-01
4.669999999999999672e-03	-5.370001541940790102e-03	-3.564541465357730088e-01
4.680000000000000132e-03	-5.028204666940789581e-03	-3.466885215357730088e-01
4.689999999999999725e-03	-5.370001541940790102e-03	-3.540127402857730088e-01
4.700000000000000185e-03	-5.028204666940789581e-03	-3.442471152857730088e-01
4.709999999999999777e-03	-5.345587479440789755e-03	-3.503506309107730088e-01
4.720000000000000237e-03	-5.028204666940789581e-03	-3.405850059107730088e-01
4.729999999999999830e-03	-5.345587479440789755e-03	-3.479092246607730088e-01
4.740000000000000289e-03	-5.003790604440790102e-03	-3.381435996607730088e-01
4.749999999999999882e-03	-5.345587479440789755e-03	-3.442471152857730088e-01
4.760000000000000342e-03	-5.003790604440790102e-03	-3.357021934107730088e-01
4.769999999999999934e-03	-5.321173416940789408e-03	-3.418057090357730088e-01
4.780000000000000394e-03	-5.003790604440790102e-03	-3.320400840357730088e-01
4.789999999999999987e-03	-5.296759354440789928e-03	-3.393643027857730088e-01
4.799999999999999580e-03	-4.979376541940789755e-03	-3.295986777857730088e-01
4.810000000000000039e-03	-5.296759354440789928e-03	-3.357021934107730088e-01
4.819999999999999632e-03	-4.954962479440789408e-03	-3.271572715357730088e-01
4.830000000000000092e-03	-5.272345291940789581e-03	-3.332607871607730088e-01
4.839999999999999684e-03	-4.954962479440789408e-03	-3.234951621607730088e-01
4.850000000000000144e-03	-5.247931229440790102e-03	-3.308193809107730088e-01
4.859999999999999737e-03	-4.930548416940789928e-03	-3.210537559107730088e-01
4.870000000000000197e-03	-5.223517166940789755e-03	-3.271572715357730088e-01
4.879999999999999789e-03	-4.881720291940790102e-03	-3.173916465357730088e-01
4.890000000000000249e-03	-5.174689041940789928e-03	-3.247158652857730088e-01
4.899999999999999842e-03	-4.857306229440789755e-03	-3.149502402857730088e-01
4.910000000000000302e-03	-5.150274979440789581e-03	-3.210537559107730088e-01
4.919999999999999894e-03	-4.832892166940789408e-03	-3.112881309107730088e-01
4.930000000000000354e-03	-5.125860916940790102e-03	-3.186123496607730088e-01
4.939999999999999947e-03	-4.808478104440789928e-03	-3.088467246607730088e-01
4.950000000000000407e-03	-5.101446854440789755e-03	-3.161709434107730088e-01
4.959999999999999999e-03	-4.784064041940789581e-03	-3.064053184107730088e-01
4.969999999999999592e-03	-5.052618729440789928e-03	-3.125088340357730088e-01
4.980000000000000052e-03	-4.735235916940789755e-03	-3.027432090357730088e-01
4.989999999999999644e-03	-5.028204666940789581e-03	-3.100674277857730088e-01
5.000000000000000104e-03	-4.686407791940789928e-03	-3.003018027857730088e-01
5.009999999999999697e-03	-4.979376541940789755e-03	-3.076260215357730088e-01
5.020000000000000157e-03	-4.661993729440789581e-03	-2.978603965357730088e-01
5.029999999999999749e-03	-4.954962479440789408e-03	-3.039639121607730088e-01
5.040000000000000209e-03	-4.613165604440789755e-03	-2.941982871607730088e-01
5.049999999999999802e-03	-4.906134354440789581e-03	-3.015225059107730088e-01
5.060000000000000261e-03	-4.588751541940789408e-03	-2.917568809107730088e-01
5.069999999999999854e-03	-4.881720291940790102e-03	-2.978603965357730088e-01
5.080000000000000314e-03	-4.539923416940789581e-03	-2.893154746607730088e-01
5.089999999999999906e-03	-4.832892166940789408e-03	-2.954189902857730088e-01
5.100000000000000366e-03	-4.491095291940789755e-03	-2.856533652857730088e-01
5.109999999999999959e-03	-4.808478104440789928e-03	-2.929775840357730088e-01
5.120000000000000419e-03	-4.442267166940789928e-03	-2.832119590357730088e-01
5.130000000000000011e-03	-4.759649979440790102e-03	-2.893154746607730088e-01
5.139999999999999604e-03	-4.417853104440789581e-03	-2.807705527857730088e-01
5.150000000000000064e-03	-4.710821854440789408e-03	-2.868740684107730088e-01
5.159999999999999656e-03	-4.369024979440789755e-03	-2.771084434107730088e-01
5.170000000000000116e-03	-4.686407791940789928e-03	-2.844326621607730088e-01
5.179999999999999709e-03	-4.344610916940789408e-03	-2.746670371607730088e-01
5.190000000000000169e-03	-4.661993729440789581e-03	-2.819912559107730088e-01
5.199999999999999761e-03	-4.295782791940789581e-03	-2.722256309107730088e-01
5.210000000000000221e-03	-4.613165604440789755e-03	-2.783291465357730088e-01
5.219999999999999814e-03	-4.271368729440789234e-03	-2.685635215357730088e-01
5.230000000000000274e-03	-4.588751541940789408e-03	-2.758877402857730088e-01
5.239999999999999866e-03	-4.246954666940789755e-03	-2.661221152857730088e-01
5.250000000000000326e-03	-4.539923416940789581e-03	-2.722256309107730088e-01
5.259999999999999919e-03	-4.222540604440789408e-03	-2.624600059107730088e-01
5.270000000000000379e-03	-4.515509354440789234e-03	-2.697842246607730088e-01
5.279999999999999971e-03	-4.173712479440789581e-03	-2.600185996607730088e-01
5.290000000000000431e-03	-4.466681229440789408e-03	-2.673428184107730088e-01
5.300000000000000024e-03	-4.149298416940789234e-03	-2.575771934107730088e-01
5.309999999999999616e-03	-4.442267166940789928e-03	-2.636807090357730088e-01
5.320000000000000076e-03	-4.124884354440789755e-03	-2.551357871607730088e-01
5.329999999999999669e-03	-4.393439041940789234e-03	-2.612393027857730088e-01
5.340000000000000129e-03	-4.076056229440789928e-03	-2.514736777857730088e-01
5.349999999999999721e-03	-4.369024979440789755e-03	-2.587978965357730088e-01
5.360000000000000181e-03	-4.027228104440789234e-03	-2.490322715357730365e-01
5.369999999999999774e-03	-4.295782791940789581e-03	-2.551357871607730088e-01
5.380000000000000233e-03	-3.978399979440789408e-03	-2.453701621607730365e-01
5.389999999999999826e-03	-4.271368729440789234e-03	-2.526943809107730088e-01
5.400000000000000286e-03	-3.905157791940789668e-03	-2.429287559107730365e-01
5.409999999999999878e-03	-4.198126541940789928e-03	-2.490322715357730365e-01
5.420000000000000338e-03	-3.856329666940789408e-03	-2.404873496607730365e-01
5.429999999999999931e-03	-4.149298416940789234e-03	-2.465908652857730365e-01
5.440000000000000391e-03	-3.807501541940789581e-03	-2.368252402857730365e-01
5.449999999999999983e-03	-4.100470291940789408e-03	-2.441494590357730365e-01
5.459999999999999576e-03	-3.734259354440789408e-03	-2.343838340357730365e-01
5.470000000000000036e-03	-4.027228104440789234e-03	-2.404873496607730365e-01
5.479999999999999628e-03	-3.685431229440789581e-03	-2.319424277857730365e-01
5.490000000000000088e-03	-3.953985916940789928e-03	-2.380459434107730365e-01
5.499999999999999681e-03	-3.612189041940789408e-03	-2.282803184107730365e-01
5.510000000000000141e-03	-3.905157791940789668e-03	-2.356045371607730365e-01
5.519999999999999733e-03	-3.538946854440789668e-03	-2.258389121607730365e-01
5.530000000000000193e-03	-3.831915604440789495e-03	-2.319424277857730365e-01
5.539999999999999786e-03	-3.490118729440789408e-03	-2.233975059107730365e-01
5.550000000000000246e-03	-3.783087479440789668e-03	-2.295010215357730365e-01
5.559999999999999838e-03	-3.441290604440789581e-03	-2.197353965357730365e-01
5.570000000000000298e-03	-3.709845291940789495e-03	-2.270596152857730365e-01
5.579999999999999891e-03	-3.392462479440789755e-03	-2.172939902857730365e-01
5.590000000000000351e-03	-3.661017166940789668e-03	-2.233975059107730365e-01
5.599999999999999943e-03	-3.368048416940789408e-03	-2.148525840357730365e-01
5.610000000000000403e-03	-3.612189041940789408e-03	-2.209560996607730365e-01
5.619999999999999996e-03	-3.319220291940789581e-03	-2.111904746607730365e-01
5.629999999999999588e-03	-3.563360916940789581e-03	-2.185146934107730365e-01
5.640000000000000048e-03	-3.270392166940789755e-03	-2.087490684107730365e-01
5.649999999999999641e-03	-3.538946854440789668e-03	-2.148525840357730365e-01
5.660000000000000100e-03	-3.221564041940789495e-03	-2.050869590357730365e-01
5.669999999999999693e-03	-3.490118729440789408e-03	-2.124111777857730365e-01
5.680000000000000153e-03	-3.197149979440789581e-03	-2.026455527857730365e-01
5.689999999999999745e-03	-3.465704666940789495e-03	-2.099697715357730365e-01
5.700000000000000205e-03	-3.172735916940789668e-03	-2.002041465357730365e-01
5.709999999999999798e-03	-3.441290604440789581e-03	-2.063076621607730365e-01
5.720000000000000258e-03	-3.123907791940789408e-03	-1.965420371607730365e-01
5.729999999999999850e-03	-3.392462479440789755e-03	-2.038662559107730365e-01
5.740000000000000310e-03	-3.099493729440789495e-03	-1.941006309107730365e-01
5.749999999999999903e-03	-3.392462479440789755e-03	-2.002041465357730365e-01
5.760000000000000363e-03	-3.050665604440789668e-03	-1.916592246607730365e-01
5.769999999999999955e-03	-3.343634354440789495e-03	-1.977627402857730365e-01
5.780000000000000415e-03	-3.026251541940789755e-03	-1.879971152857730365e-01
5.790000000000000008e-03	-3.294806229440789668e-03	-1.941006309107730365e-01
5.799999999999999600e-03	-3.001837479440789408e-03	-1.855557090357730365e-01
5.810000000000000060e-03	-3.270392166940789755e-03	-1.916592246607730365e-01
5.819999999999999653e-03	-2.953009354440789581e-03	-1.831143027857730365e-01
5.830000000000000113e-03	-3.245978104440789408e-03	-1.892178184107730365e-01
5.839999999999999705e-03	-2.928595291940789668e-03	-1.794521934107730365e-01
5.850000000000000165e-03	-3.197149979440789581e-03	-1.867764121607730365e-01
5.859999999999999758e-03	-2.904181229440789755e-03	-1.770107871607730365e-01
5.870000000000000218e-03	-3.172735916940789668e-03	-1.831143027857730365e-01
5.879999999999999810e-03	-2.855353104440789495e-03	-1.733486777857730365e-01
5.890000000000000270e-03	-3.123907791940789408e-03	-1.806728965357730365e-01
5.899999999999999863e-03	-2.830939041940789581e-03	-1.709072715357730365e-01
5.910000000000000323e-03	-3.075079666940789581e-03	-1.770107871607730365e-01
5.919999999999999915e-03	-2.782110916940789755e-03	-1.684658652857730365e-01
5.930000000000000375e-03	-3.050665604440789668e-03	-1.745693809107730365e-01
5.939999999999999968e-03	-2.757696854440789408e-03	-1.648037559107730365e-01
5.950000000000000427e-03	-3.001837479440789408e-03	-1.721279746607730365e-01
5.960000000000000020e-03	-2.708868729440789581e-03	-1.623623496607730365e-01
5.969999999999999613e-03	-2.977423416940789495e-03	-1.684658652857730365e-01
5.980000000000000072e-03	-2.684454666940789668e-03	-1.587002402857730365e-01
5.989999999999999665e-03	-2.953009354440789581e-03	-1.660244590357730365e-01
6.000000000000000125e-03	-2.635626541940789408e-03	-1.562588340357730365e-01
6.009999999999999717e-03	-2.904181229440789755e-03	-1.635830527857730365e-01
6.020000000000000177e-03	-2.611212479440789495e-03	-1.538174277857730088e-01
6.029999999999999770e-03	-2.879767166940789408e-03	-1.599209434107730365e-01
6.040000000000000230e-03	-2.586798416940789581e-03	-1.501553184107730088e-01
6.049999999999999822e-03	-2.830939041940789581e-03	-1.574795371607730365e-01
6.060000000000000282e-03	-2.562384354440789668e-03	-1.477139121607730088e-01
6.069999999999999875e-03	-2.830939041940789581e-03	-1.538174277857730088e-01
6.080000000000000335e-03	-2.513556229440789408e-03	-1.440518027857730088e-01
6.089999999999999927e-03	-2.782110916940789755e-03	-1.513760215357730088e-01
6.100000000000000387e-03	-2.489142166940789495e-03	-1.416103965357730088e-01
6.109999999999999980e-03	-2.757696854440789408e-03	-1.489346152857730088e-01
6.119999999999999572e-03	-2.440314041940789668e-03	-1.391689902857730088e-01
6.130000000000000032e-03	-2.708868729440789581e-03	-1.452725059107730088e-01
6.139999999999999625e-03	-2.415899979440789755e-03	-1.355068809107730088e-01
6.150000000000000085e-03	-2.684454666940789668e-03	-1.428310996607730088e-01
6.159999999999999677e-03	-2.391485916940789408e-03	-1.330654746607730088e-01
6.170000000000000137e-03	-2.635626541940789408e-03	-1.403896934107730088e-01
6.179999999999999730e-03	-2.342657791940789581e-03	-1.306240684107730088e-01
6.190000000000000190e-03	-2.611212479440789495e-03	-1.367275840357730088e-01
6.199999999999999782e-03	-2.318243729440789668e-03	-1.269619590357730088e-01
6.210000000000000242e-03	-2.562384354440789668e-03	-1.342861777857730088e-01
6.219999999999999835e-03	-2.293829666940789321e-03	-1.245205527857730227e-01
6.230000000000000294e-03	-2.537970291940789755e-03	-1.306240684107730088e-01
6.239999999999999887e-03	-2.245001541940789495e-03	-1.220791465357730227e-01
6.250000000000000347e-03	-2.513556229440789408e-03	-1.281826621607730088e-01
6.259999999999999939e-03	-2.220587479440789581e-03	-1.184170371607730227e-01
6.270000000000000399e-03	-2.489142166940789495e-03	-1.257412559107730088e-01
6.279999999999999992e-03	-2.196173416940789668e-03	-1.159756309107730227e-01
6.289999999999999584e-03	-2.440314041940789668e-03	-1.232998496607730227e-01
6.300000000000000044e-03	-2.147345291940789408e-03	-1.135342246607730227e-01
6.309999999999999637e-03	-2.415899979440789755e-03	-1.196377402857730227e-01
6.320000000000000097e-03	-2.122931229440789495e-03	-1.098721152857730227e-01
6.329999999999999689e-03	-2.391485916940789408e-03	-1.171963340357730227e-01
6.340000000000000149e-03	-2.098517166940789581e-03	-1.074307090357730227e-01
6.349999999999999742e-03	-2.367071854440789495e-03	-1.135342246607730227e-01
6.360000000000000202e-03	-2.074103104440789668e-03	-1.049893027857730227e-01
6.369999999999999794e-03	-2.318243729440789668e-03	-1.110928184107730227e-01
6.380000000000000254e-03	-2.049689041940789321e-03	-1.025478965357730227e-01
6.389999999999999847e-03	-2.293829666940789321e-03	-1.086514121607730227e-01
6.400000000000000307e-03	-2.025274979440789408e-03	-1.001064902857730227e-01
6.409999999999999899e-03	-2.293829666940789321e-03	-1.062100059107730227e-01
6.420000000000000359e-03	-2.000860916940789495e-03	-9.766508403577302266e-02
6.429999999999999952e-03	-2.269415604440789408e-03	-1.037685996607730227e-01
6.440000000000000412e-03	-1.976446854440789581e-03	-9.400297466077302266e-02
6.450000000000000004e-03	-2.220587479440789581e-03	-1.013271934107730227e-01
6.459999999999999597e-03	-1.927618729440789538e-03	-9.156156841077302266e-02
6.470000000000000057e-03	-2.196173416940789668e-03	-9.766508403577302266e-02
6.479999999999999649e-03	-1.903204666940789408e-03	-8.789945903577302266e-02
6.490000000000000109e-03	-2.147345291940789408e-03	-9.522367778577302266e-02
6.499999999999999702e-03	-1.878790604440789495e-03	-8.545805278577302266e-02
6.510000000000000162e-03	-2.147345291940789408e-03	-9.278227153577302266e-02
6.519999999999999754e-03	-1.829962479440789451e-03	-8.301664653577302266e-02
6.530000000000000214e-03	-2.098517166940789581e-03	-8.912016216077302266e-02
6.539999999999999807e-03	-1.781134354440789408e-03	-7.935453716077302266e-02
6.550000000000000266e-03	-2.049689041940789321e-03	-8.667875591077302266e-02
6.559999999999999859e-03	-1.732306229440789581e-03	-7.691313091077302266e-02
6.570000000000000319e-03	-2.000860916940789495e-03	-8.301664653577302266e-02
6.579999999999999911e-03	-1.683478104440789538e-03	-7.447172466077302266e-02
6.590000000000000371e-03	-1.952032791940789451e-03	-8.057524028577302266e-02
6.599999999999999964e-03	-1.659064041940789408e-03	-7.080961528577302266e-02
6.610000000000000424e-03	-1.903204666940789408e-03	-7.813383403577302266e-02
6.620000000000000016e-03	-1.610235916940789581e-03	-6.836820903577302266e-02
6.629999999999999609e-03	-1.854376541940789581e-03	-7.569242778577302266e-02
6.640000000000000069e-03	-1.536993729440789408e-03	-6.592680278577302266e-02
6.649999999999999661e-03	-1.805548416940789538e-03	-7.203031841077302266e-02
6.660000000000000121e-03	-1.488165604440789581e-03	-6.226469341077302266e-02
6.669999999999999714e-03	-1.732306229440789581e-03	-6.958891216077302266e-02
6.680000000000000174e-03	-1.439337479440789538e-03	-5.982328716077302266e-02
6.689999999999999766e-03	-1.683478104440789538e-03	-6.592680278577302266e-02
6.700000000000000226e-03	-1.390509354440789495e-03	-5.738188091077302266e-02
6.709999999999999819e-03	-1.634649979440789495e-03	-6.348539653577302266e-02
6.720000000000000279e-03	-1.317267166940789538e-03	-5.371977153577302266e-02
6.729999999999999871e-03	-1.585821854440789451e-03	-6.104399028577302266e-02
6.740000000000000331e-03	-1.268439041940789495e-03	-5.127836528577302266e-02
6.749999999999999924e-03	-1.536993729440789408e-03	-5.738188091077302266e-02
6.760000000000000384e-03	-1.219610916940789451e-03	-4.883695903577302266e-02
6.769999999999999976e-03	-1.463751541940789451e-03	-5.494047466077302266e-02
6.779999999999999569e-03	-1.170782791940789408e-03	-4.517484966077302266e-02
6.790000000000000029e-03	-1.414923416940789408e-03	-5.249906841077302266e-02
6.799999999999999621e-03	-1.097540604440789451e-03	-4.273344341077302266e-02
6.810000000000000081e-03	-1.366095291940789581e-03	-4.883695903577302266e-02
6.819999999999999674e-03	-1.048712479440789408e-03	-3.907133403577302266e-02
6.830000000000000134e-03	-1.317267166940789538e-03	-4.639555278577302266e-02
6.839999999999999726e-03	-9.998843544407893646e-04	-3.662992778577302266e-02
6.850000000000000186e-03	-1.244024979440789581e-03	-4.273344341077302266e-02
6.859999999999999779e-03	-9.266421669407894079e-04	-3.418852153577302266e-02
6.870000000000000238e-03	-1.195196854440789538e-03	-4.029203716077302266e-02
6.879999999999999831e-03	-8.778140419407894730e-04	-3.174711528577302266e-02
6.890000000000000291e-03	-1.146368729440789495e-03	-3.785063091077302266e-02
6.899999999999999883e-03	-8.045718544407894079e-04	-2.808500591077301919e-02
6.910000000000000343e-03	-1.073126541940789538e-03	-3.418852153577302266e-02
6.919999999999999936e-03	-7.557437294407894730e-04	-2.564359966077301919e-02
6.930000000000000396e-03	-9.998843544407893646e-04	-3.174711528577302266e-02
6.939999999999999988e-03	-6.825015419407894079e-04	-2.198149028577301919e-02
6.949999999999999581e-03	-9.510562294407894296e-04	-2.930570903577301919e-02
6.960000000000000041e-03	-6.336734169407894730e-04	-1.954008403577301919e-02
6.969999999999999633e-03	-8.778140419407894730e-04	-2.564359966077301919e-02
6.980000000000000093e-03	-5.604312294407894079e-04	-1.709867778577301919e-02
6.989999999999999686e-03	-8.045718544407894079e-04	-2.320219341077301919e-02
7.000000000000000146e-03	-4.871890419407894513e-04	-1.343656841077301919e-02
7.009999999999999738e-03	-7.557437294407894730e-04	-2.076078716077301919e-02
7.020000000000000198e-03	-3.895327919407894188e-04	-1.099516216077301919e-02
7.029999999999999791e-03	-6.580874794407894947e-04	-1.709867778577301919e-02
7.040000000000000251e-03	-3.407046669407894296e-04	-7.333052785773019194e-03
7.049999999999999843e-03	-6.092593544407894513e-04	-1.465727153577301919e-02
7.060000000000000303e-03	-2.674624794407894188e-04	-4.891646535773019194e-03
7.069999999999999896e-03	-5.116031044407894730e-04	-1.099516216077301919e-02
7.080000000000000356e-03	-1.698062294407894134e-04	-2.450240285773019194e-03
7.089999999999999948e-03	-4.383609169407894079e-04	-8.553755910773019194e-03
7.100000000000000408e-03	-1.209781044407894107e-04	1.211869089226980806e-03
7.110000000000000001e-03	-3.651187294407894513e-04	-6.112349660773019194e-03
7.119999999999999593e-03	-4.773591694078941337e-05	3.653275339226980806e-03
7.130000000000000053e-03	-3.162906044407894079e-04	-2.450240285773019194e-03
7.139999999999999646e-03	2.550627055921059409e-05	6.094681589226980806e-03
7.150000000000000105e-03	-2.430484169407894242e-04	-8.834035773019194293e-06
7.159999999999999698e-03	7.433439555921060018e-05	9.756790964226980806e-03
7.170000000000000158e-03	-1.942202919407894079e-04	2.432572214226980806e-03
7.179999999999999750e-03	1.475765830592105975e-04	1.219819721422698081e-02
7.190000000000000210e-03	-1.209781044407894107e-04	6.094681589226980806e-03
7.199999999999999803e-03	1.964047080592106137e-04	1.586030658922698081e-02
7.210000000000000263e-03	-4.773591694078941337e-05	8.536087839226980806e-03
7.219999999999999855e-03	2.696468955592106246e-04	1.830171283922698081e-02
7.230000000000000315e-03	1.092208059210592095e-06	1.097749408922698081e-02
7.239999999999999908e-03	3.184750205592106137e-04	2.074311908922698081e-02
7.250000000000000368e-03	4.992033305921059205e-05	1.463960346422698081e-02
7.259999999999999960e-03	3.673031455592106029e-04	2.440522846422698081e-02
7.270000000000000420e-03	1.231625205592106029e-04	1.708100971422698081e-02
7.280000000000000013e-03	4.161312705592105921e-04	2.684663471422698081e-02
7.289999999999999605e-03	1.475765830592105975e-04	1.952241596422698081e-02
7.300000000000000065e-03	4.649593955592106354e-04	2.928804096422698081e-02
7.309999999999999658e-03	1.964047080592106137e-04	2.318452533922698081e-02
7.320000000000000118e-03	5.137875205592105704e-04	3.295015033922697734e-02
7.329999999999999710e-03	2.452328330592106029e-04	2.562593158922698081e-02
7.340000000000000170e-03	5.626156455592106137e-04	3.539155658922697734e-02
7.349999999999999763e-03	2.940609580592105921e-04	2.928804096422698081e-02
7.360000000000000223e-03	5.870297080592106354e-04	3.905366596422697734e-02
7.369999999999999815e-03	3.184750205592106137e-04	3.172944721422697734e-02
7.380000000000000275e-03	6.358578330592106788e-04	4.149507221422697734e-02
7.389999999999999868e-03	3.673031455592106029e-04	3.417085346422697734e-02
7.400000000000000328e-03	6.846859580592106137e-04	4.393647846422697734e-02
7.409999999999999920e-03	4.161312705592105921e-04	3.783296283922697734e-02
7.420000000000000380e-03	7.091000205592106354e-04	4.759858783922697734e-02
7.429999999999999973e-03	4.405453330592106137e-04	4.027436908922697734e-02
7.440000000000000432e-03	7.579281455592106788e-04	5.003999408922697734e-02
7.450000000000000025e-03	4.649593955592106354e-04	4.393647846422697734e-02
7.459999999999999618e-03	7.823422080592105921e-04	5.248140033922697734e-02
7.470000000000000077e-03	5.137875205592105704e-04	4.637788471422697734e-02
7.479999999999999670e-03	8.067562705592106137e-04	5.614350971422697734e-02
7.490000000000000130e-03	5.382015830592105921e-04	4.881929096422697734e-02
7.499999999999999722e-03	8.311703330592106354e-04	5.858491596422697734e-02
7.510000000000000182e-03	5.626156455592106137e-04	5.248140033922697734e-02
7.519999999999999775e-03	8.799984580592106788e-04	6.102632221422697734e-02
7.530000000000000235e-03	5.870297080592106354e-04	5.492280658922697734e-02
7.539999999999999827e-03	9.044125205592105921e-04	6.468843158922697734e-02
7.550000000000000287e-03	6.358578330592106788e-04	5.736421283922697734e-02
7.559999999999999880e-03	9.288265830592106137e-04	6.712983783922697734e-02
7.570000000000000340e-03	6.602718955592105921e-04	6.102632221422697734e-02
7.579999999999999932e-03	9.532406455592106354e-04	7.079194721422697734e-02
7.590000000000000392e-03	6.846859580592106137e-04	6.346772846422697734e-02
7.599999999999999985e-03	9.776547080592105487e-04	7.323335346422697734e-02
7.609999999999999577e-03	7.091000205592106354e-04	6.712983783922697734e-02
7.620000000000000037e-03	1.002068770559210679e-03	7.567475971422697734e-02
7.629999999999999630e-03	7.335140830592106571e-04	6.957124408922697734e-02
7.640000000000000090e-03	1.026482833059210592e-03	7.933686908922697734e-02
7.649999999999999682e-03	7.335140830592106571e-04	7.201265033922697734e-02
7.660000000000000142e-03	1.026482833059210592e-03	8.177827533922697734e-02
7.669999999999999735e-03	7.579281455592106788e-04	7.567475971422697734e-02
7.680000000000000195e-03	1.050896895559210722e-03	8.544038471422697734e-02
7.689999999999999787e-03	7.823422080592105921e-04	7.811616596422697734e-02
7.700000000000000247e-03	1.050896895559210722e-03	8.788179096422697734e-02
7.709999999999999840e-03	7.823422080592105921e-04	8.177827533922697734e-02
7.720000000000000299e-03	1.050896895559210722e-03	9.032319721422697734e-02
7.729999999999999892e-03	7.823422080592105921e-04	8.421968158922697734e-02
7.740000000000000352e-03	1.075310958059210635e-03	9.398530658922697734e-02
7.749999999999999944e-03	8.067562705592106137e-04	8.666108783922697734e-02
7.760000000000000404e-03	1.075310958059210635e-03	9.642671283922697734e-02
7.769999999999999997e-03	8.067562705592106137e-04	8.910249408922697734e-02
7.779999999999999589e-03	1.099725020559210549e-03	9.886811908922697734e-02
7.790000000000000049e-03	8.311703330592106354e-04	9.276460346422697734e-02
7.799999999999999642e-03	1.099725020559210549e-03	1.025302284642269773e-01
7.810000000000000102e-03	8.311703330592106354e-04	9.520600971422697734e-02
7.820000000000000562e-03	1.099725020559210549e-03	1.049716347142269773e-01
7.830000000000000154e-03	8.311703330592106354e-04	9.886811908922697734e-02
7.839999999999999747e-03	1.124139083059210679e-03	1.074130409642269773e-01
7.849999999999999339e-03	8.555843955592106571e-04	1.013095253392269773e-01
7.860000000000000667e-03	1.148553145559210592e-03	1.110751503392269773e-01
7.870000000000000259e-03	8.555843955592106571e-04	1.037509315892269773e-01
7.879999999999999852e-03	1.172967208059210722e-03	1.135165565892269773e-01
7.889999999999999444e-03	8.799984580592106788e-04	1.074130409642269773e-01
7.900000000000000772e-03	1.172967208059210722e-03	1.159579628392269773e-01
7.910000000000000364e-03	9.044125205592105921e-04	1.098544472142269773e-01
7.919999999999999957e-03	1.197381270559210635e-03	1.196200722142269773e-01
7.929999999999999549e-03	9.044125205592105921e-04	1.122958534642269773e-01
7.939999999999999142e-03	1.221795333059210766e-03	1.220614784642269773e-01
7.950000000000000469e-03	9.288265830592106137e-04	1.159579628392269773e-01
7.960000000000000062e-03	1.246209395559210679e-03	1.257235878392269912e-01
7.969999999999999654e-03	9.532406455592106354e-04	1.183993690892269773e-01
7.979999999999999247e-03	1.270623458059210592e-03	1.281649940892269912e-01
7.990000000000000574e-03	9.776547080592105487e-04	1.208407753392269773e-01
8.000000000000000167e-03	1.295037520559210722e-03	1.318271034642269912e-01
8.009999999999999759e-03	1.002068770559210679e-03	1.245028847142269773e-01
8.019999999999999352e-03	1.319451583059210635e-03	1.342685097142269912e-01
8.030000000000000679e-03	1.026482833059210592e-03	1.269442909642269912e-01
8.040000000000000271e-03	1.343865645559210766e-03	1.367099159642269912e-01
8.049999999999999864e-03	1.050896895559210722e-03	1.306064003392269912e-01
8.059999999999999457e-03	1.368279708059210679e-03	1.403720253392269912e-01
8.070000000000000784e-03	1.075310958059210635e-03	1.330478065892269912e-01
8.080000000000000376e-03	1.392693770559210592e-03	1.428134315892269912e-01
8.089999999999999969e-03	1.099725020559210549e-03	1.354892128392269912e-01
8.099999999999999561e-03	1.417107833059210722e-03	1.452548378392269912e-01
8.109999999999999154e-03	1.124139083059210679e-03	1.391513222142269912e-01
8.120000000000000481e-03	1.441521895559210635e-03	1.489169472142269912e-01
8.130000000000000074e-03	1.124139083059210679e-03	1.415927284642269912e-01
8.139999999999999666e-03	1.465935958059210766e-03	1.513583534642269912e-01
8.149999999999999259e-03	1.148553145559210592e-03	1.452548378392269912e-01
8.160000000000000586e-03	1.490350020559210679e-03	1.550204628392269912e-01
8.170000000000000179e-03	1.172967208059210722e-03	1.476962440892269912e-01
8.179999999999999771e-03	1.490350020559210679e-03	1.574618690892269635e-01
8.189999999999999364e-03	1.197381270559210635e-03	1.501376503392269912e-01
8.200000000000000691e-03	1.514764083059210592e-03	1.599032753392269635e-01
8.210000000000000284e-03	1.197381270559210635e-03	1.537997597142269912e-01
8.219999999999999876e-03	1.539178145559210722e-03	1.623446815892269635e-01
8.229999999999999469e-03	1.246209395559210679e-03	1.562411659642269912e-01
8.240000000000000796e-03	1.588006270559210766e-03	1.660067909642269635e-01
8.250000000000000389e-03	1.270623458059210592e-03	1.586825722142269635e-01
8.259999999999999981e-03	1.612420333059210679e-03	1.684481972142269635e-01
8.269999999999999574e-03	1.319451583059210635e-03	1.623446815892269635e-01
8.279999999999999166e-03	1.661248458059210722e-03	1.721103065892269635e-01
8.290000000000000493e-03	1.343865645559210766e-03	1.647860878392269635e-01
8.300000000000000086e-03	1.710076583059210766e-03	1.745517128392269635e-01
8.309999999999999679e-03	1.392693770559210592e-03	1.672274940892269635e-01
8.319999999999999271e-03	1.783318770559210722e-03	1.769931190892269635e-01
8.330000000000000598e-03	1.465935958059210766e-03	1.708896034642269635e-01
8.340000000000000191e-03	1.832146895559210766e-03	1.806552284642269635e-01
8.349999999999999784e-03	1.514764083059210592e-03	1.733310097142269635e-01
8.359999999999999376e-03	1.905389083059210722e-03	1.830966347142269635e-01
8.370000000000000703e-03	1.563592208059210635e-03	1.769931190892269635e-01
8.380000000000000296e-03	1.978631270559210679e-03	1.855380409642269635e-01
8.389999999999999888e-03	1.636834395559210592e-03	1.794345253392269635e-01
8.399999999999999481e-03	2.051873458059210852e-03	1.892001503392269635e-01
8.410000000000000808e-03	1.710076583059210766e-03	1.818759315892269635e-01
8.420000000000000401e-03	2.125115645559210592e-03	1.916415565892269635e-01
8.429999999999999993e-03	1.807732833059210635e-03	1.855380409642269635e-01
8.439999999999999586e-03	2.198357833059210766e-03	1.953036659642269635e-01
8.449999999999999178e-03	1.880975020559210592e-03	1.879794472142269635e-01
8.460000000000000506e-03	2.271600020559210505e-03	1.977450722142269635e-01
8.470000000000000098e-03	1.954217208059210766e-03	1.904208534642269635e-01
8.479999999999999691e-03	2.344842208059210679e-03	2.001864784642269635e-01
8.489999999999999283e-03	2.027459395559210505e-03	1.928622597142269635e-01
8.500000000000000611e-03	2.418084395559210852e-03	2.026278847142269635e-01
8.510000000000000203e-03	2.125115645559210592e-03	1.965243690892269635e-01
8.519999999999999796e-03	2.515740645559210939e-03	2.062899940892269635e-01
8.529999999999999388e-03	2.198357833059210766e-03	1.989657753392269635e-01
8.540000000000000716e-03	2.564568770559210766e-03	2.087314003392269635e-01
8.550000000000000308e-03	2.271600020559210505e-03	2.026278847142269635e-01
8.559999999999999901e-03	2.637810958059210939e-03	2.123935097142269635e-01
8.569999999999999493e-03	2.344842208059210679e-03	2.050692909642269635e-01
8.580000000000000820e-03	2.711053145559210679e-03	2.148349159642269635e-01
8.590000000000000413e-03	2.418084395559210852e-03	2.087314003392269635e-01
8.600000000000000006e-03	2.808709395559210766e-03	2.184970253392269635e-01
8.609999999999999598e-03	2.491326583059210592e-03	2.111728065892269635e-01
8.619999999999999191e-03	2.906365645559210852e-03	2.209384315892269635e-01
8.630000000000000518e-03	2.564568770559210766e-03	2.136142128392269635e-01
8.640000000000000110e-03	2.979607833059210592e-03	2.233798378392269635e-01
8.649999999999999703e-03	2.662225020559210852e-03	2.172763222142269635e-01
8.659999999999999296e-03	3.077264083059210679e-03	2.258212440892269635e-01
8.670000000000000623e-03	2.735467208059210592e-03	2.197177284642269635e-01
8.680000000000000215e-03	3.174920333059210766e-03	2.294833534642269635e-01
8.689999999999999808e-03	2.833123458059210679e-03	2.221591347142269635e-01
8.699999999999999400e-03	3.272576583059210852e-03	2.319247597142269635e-01
8.710000000000000728e-03	2.930779708059210766e-03	2.258212440892269635e-01
8.720000000000000320e-03	3.370232833059210939e-03	2.355868690892269635e-01
8.729999999999999913e-03	3.028435958059210852e-03	2.282626503392269635e-01
8.739999999999999505e-03	3.492303145559210939e-03	2.380282753392269635e-01
8.750000000000000833e-03	3.150506270559210852e-03	2.307040565892269635e-01
8.760000000000000425e-03	3.589959395559210592e-03	2.404696815892269635e-01
8.770000000000000018e-03	3.223748458059210592e-03	2.343661659642269635e-01
8.779999999999999610e-03	3.687615645559210679e-03	2.429110878392269635e-01
8.789999999999999203e-03	3.345818770559210592e-03	2.368075722142269635e-01
8.800000000000000530e-03	3.785271895559210766e-03	2.465731972142269635e-01
8.810000000000000123e-03	3.443475020559210679e-03	2.404696815892269635e-01
8.819999999999999715e-03	3.882928145559210852e-03	2.490146034642269635e-01
8.829999999999999308e-03	3.516717208059210852e-03	2.429110878392269635e-01
8.840000000000000635e-03	3.956170333059210592e-03	2.526767128392269912e-01
8.850000000000000228e-03	3.589959395559210592e-03	2.453524940892269635e-01
8.859999999999999820e-03	4.004998458059210419e-03	2.551181190892269912e-01
8.869999999999999413e-03	3.663201583059210766e-03	2.490146034642269635e-01
8.880000000000000740e-03	4.078240645559210592e-03	2.587802284642269912e-01
8.890000000000000333e-03	3.712029708059210592e-03	2.514560097142269912e-01
8.899999999999999925e-03	4.102654708059210939e-03	2.612216347142269912e-01
8.909999999999999518e-03	3.760857833059210852e-03	2.538974159642269912e-01
8.920000000000000845e-03	4.127068770559210419e-03	2.636630409642269912e-01
8.930000000000000437e-03	3.785271895559210766e-03	2.575595253392269912e-01
8.940000000000000030e-03	4.127068770559210419e-03	2.673251503392269912e-01
8.949999999999999623e-03	3.809685958059210679e-03	2.600009315892269912e-01
8.959999999999999215e-03	4.127068770559210419e-03	2.697665565892269912e-01
8.970000000000000542e-03	3.785271895559210766e-03	2.624423378392269912e-01
8.980000000000000135e-03	4.127068770559210419e-03	2.722079628392269912e-01
8.989999999999999727e-03	3.785271895559210766e-03	2.661044472142269912e-01
8.999999999999999320e-03	4.102654708059210939e-03	2.758700722142269912e-01
9.010000000000000647e-03	3.785271895559210766e-03	2.685458534642269912e-01
9.020000000000000240e-03	4.078240645559210592e-03	2.783114784642269912e-01
9.029999999999999832e-03	3.760857833059210852e-03	2.722079628392269912e-01
9.039999999999999425e-03	4.078240645559210592e-03	2.807528847142269912e-01
9.050000000000000752e-03	3.736443770559210939e-03	2.746493690892269912e-01
9.060000000000000345e-03	4.053826583059211112e-03	2.844149940892269912e-01
9.069999999999999937e-03	3.736443770559210939e-03	2.770907753392269912e-01
9.079999999999999530e-03	4.053826583059211112e-03	2.868564003392269912e-01
9.090000000000000857e-03	3.712029708059210592e-03	2.795321815892269912e-01
9.100000000000000450e-03	4.053826583059211112e-03	2.892978065892269912e-01
9.110000000000000042e-03	3.712029708059210592e-03	2.831942909642269912e-01
9.119999999999999635e-03	4.053826583059211112e-03	2.929599159642269912e-01
9.129999999999999227e-03	3.712029708059210592e-03	2.856356972142269912e-01
9.140000000000000555e-03	4.078240645559210592e-03	2.954013222142269912e-01
9.150000000000000147e-03	3.736443770559210939e-03	2.880771034642269912e-01
9.159999999999999740e-03	4.102654708059210939e-03	2.978427284642269912e-01
9.169999999999999332e-03	3.760857833059210852e-03	2.917392128392269912e-01
9.180000000000000659e-03	4.127068770559210419e-03	3.015048378392269912e-01
9.190000000000000252e-03	3.760857833059210852e-03	2.941806190892269912e-01
9.199999999999999845e-03	4.175896895559211112e-03	3.039462440892269912e-01
9.209999999999999437e-03	3.809685958059210679e-03	2.978427284642269912e-01
9.220000000000000764e-03	4.224725020559210939e-03	3.076083534642269912e-01
9.230000000000000357e-03	3.858514083059210939e-03	3.002841347142269912e-01
9.239999999999999949e-03	4.249139083059210419e-03	3.100497597142269912e-01
9.249999999999999542e-03	3.882928145559210852e-03	3.027255409642269912e-01
9.259999999999999135e-03	4.297967208059211112e-03	3.124911659642269912e-01
9.270000000000000462e-03	3.931756270559211112e-03	3.063876503392269912e-01
9.280000000000000054e-03	4.346795333059210939e-03	3.161532753392269912e-01
9.289999999999999647e-03	3.980584395559210939e-03	3.088290565892269912e-01
9.299999999999999239e-03	4.395623458059210766e-03	3.185946815892269912e-01
9.310000000000000567e-03	4.004998458059210419e-03	3.124911659642269912e-01
9.320000000000000159e-03	4.468865645559210939e-03	3.210360878392269912e-01
9.329999999999999752e-03	4.078240645559210592e-03	3.149325722142269912e-01
9.339999999999999344e-03	4.517693770559210766e-03	3.246981972142269912e-01
9.350000000000000672e-03	4.127068770559210419e-03	3.173739784642269912e-01
9.360000000000000264e-03	4.566521895559210592e-03	3.271396034642269912e-01
9.369999999999999857e-03	4.200310958059210592e-03	3.210360878392269912e-01
9.379999999999999449e-03	4.639764083059210766e-03	3.295810097142269912e-01
9.390000000000000777e-03	4.249139083059210419e-03	3.234774940892269912e-01
9.400000000000000369e-03	4.688592208059210592e-03	3.332431190892269912e-01
9.409999999999999962e-03	4.322381270559210592e-03	3.259189003392269912e-01
9.419999999999999554e-03	4.761834395559210766e-03	3.356845253392269912e-01
9.429999999999999147e-03	4.395623458059210766e-03	3.295810097142269912e-01
9.440000000000000474e-03	4.835076583059210939e-03	3.381259315892269912e-01
9.450000000000000067e-03	4.444451583059210592e-03	3.320224159642269912e-01
9.459999999999999659e-03	4.908318770559211112e-03	3.417880409642269912e-01
9.469999999999999252e-03	4.542107833059211112e-03	3.356845253392269912e-01
9.480000000000000579e-03	4.981560958059211286e-03	3.442294472142269912e-01
9.490000000000000172e-03	4.639764083059210766e-03	3.381259315892269912e-01
9.499999999999999764e-03	5.079217208059210939e-03	3.478915565892269912e-01
9.509999999999999357e-03	4.688592208059210592e-03	3.405673378392269912e-01
9.520000000000000684e-03	5.152459395559211112e-03	3.503329628392269912e-01
9.530000000000000276e-03	4.786248458059211112e-03	3.442294472142269912e-01
9.539999999999999869e-03	5.201287520559210939e-03	3.539950722142269912e-01
9.549999999999999462e-03	4.859490645559211286e-03	3.466708534642269912e-01
9.560000000000000789e-03	5.274529708059211112e-03	3.564364784642269912e-01
9.570000000000000381e-03	4.908318770559211112e-03	3.491122597142269912e-01
9.579999999999999974e-03	5.347771895559211286e-03	3.588778847142269912e-01
9.589999999999999566e-03	4.981560958059211286e-03	3.527743690892269912e-01
9.599999999999999159e-03	5.421014083059210592e-03	3.625399940892269912e-01
9.610000000000000486e-03	5.030389083059211112e-03	3.552157753392269912e-01
9.620000000000000079e-03	5.469842208059211286e-03	3.649814003392269912e-01
9.629999999999999671e-03	5.079217208059210939e-03	3.576571815892269912e-01
9.639999999999999264e-03	5.518670333059211112e-03	3.674228065892269912e-01
9.650000000000000591e-03	5.128045333059210766e-03	3.613192909642269912e-01
9.660000000000000184e-03	5.567498458059210939e-03	3.710849159642269912e-01
9.669999999999999776e-03	5.176873458059210592e-03	3.637606972142269912e-01
9.679999999999999369e-03	5.591912520559211286e-03	3.735263222142269912e-01
9.690000000000000696e-03	5.201287520559210939e-03	3.674228065892269912e-01
9.700000000000000289e-03	5.616326583059210766e-03	3.759677284642269912e-01
9.709999999999999881e-03	5.225701583059211286e-03	3.698642128392269912e-01
9.719999999999999474e-03	5.665154708059210592e-03	3.796298378392269912e-01
9.730000000000000801e-03	5.250115645559210766e-03	3.723056190892269912e-01
9.740000000000000394e-03	5.665154708059210592e-03	3.820712440892269912e-01
9.749999999999999986e-03	5.250115645559210766e-03	3.759677284642269912e-01
9.759999999999999579e-03	5.689568770559210939e-03	3.857333534642269912e-01
9.769999999999999171e-03	5.274529708059211112e-03	3.784091347142269912e-01
9.780000000000000498e-03	5.713982833059211286e-03	3.881747597142269912e-01
9.790000000000000091e-03	5.298943770559210592e-03	3.820712440892269912e-01
9.799999999999999684e-03	5.713982833059211286e-03	3.906161659642269912e-01
9.809999999999999276e-03	5.323357833059210939e-03	3.845126503392269912e-01
9.820000000000000603e-03	5.738396895559210766e-03	3.942782753392269912e-01
9.830000000000000196e-03	5.347771895559211286e-03	3.869540565892269912e-01
9.839999999999999789e-03	5.762810958059211112e-03	3.967196815892269912e-01
9.849999999999999381e-03	5.372185958059210766e-03	3.906161659642269912e-01
9.860000000000000708e-03	5.787225020559210592e-03	3.991610878392269912e-01
9.870000000000000301e-03	5.396600020559211112e-03	3.930575722142269912e-01
9.879999999999999893e-03	5.811639083059210939e-03	4.028231972142269912e-01
9.889999999999999486e-03	5.421014083059210592e-03	3.954989784642269912e-01
9.900000000000000813e-03	5.836053145559211286e-03	4.052646034642269912e-01
9.910000000000000406e-03	5.445428145559210939e-03	3.991610878392269912e-01
9.919999999999999998e-03	5.884881270559211112e-03	4.077060097142269912e-01
9.929999999999999591e-03	5.494256270559210766e-03	4.016024940892269912e-01
9.939999999999999183e-03	5.933709395559210939e-03	4.113681190892269912e-01
9.950000000000000511e-03	5.543084395559210592e-03	4.040439003392269912e-01
9.960000000000000103e-03	5.958123458059211286e-03	4.138095253392269912e-01
9.969999999999999696e-03	5.616326583059210766e-03	4.077060097142269912e-01
9.979999999999999288e-03	6.031365645559210592e-03	4.162509315892269912e-01
9.990000000000000616e-03	5.689568770559210939e-03	4.101474159642269912e-01
1.000000000000000021e-02	6.080193770559211286e-03	4.199130409642269912e-01
1.000999999999999980e-02	5.738396895559210766e-03	4.125888222142269912e-01
1.001999999999999939e-02	6.153435958059210592e-03	4.223544472142269912e-01
1.003000000000000072e-02	5.811639083059210939e-03	4.162509315892269912e-01
1.004000000000000031e-02	6.226678145559210766e-03	4.247958534642269912e-01
1.004999999999999991e-02	5.860467208059210766e-03	4.186923378392269912e-01
1.005999999999999950e-02	6.299920333059211806e-03	4.284579628392269912e-01
1.007000000000000083e-02	5.958123458059211286e-03	4.211337440892269912e-01
1.008000000000000042e-02	6.373162520559211980e-03	4.308993690892269912e-01
1.009000000000000001e-02	6.006951583059211112e-03	4.247958534642269912e-01
1.009999999999999960e-02	6.446404708059211286e-03	4.345614784642269912e-01
1.010999999999999920e-02	6.080193770559211286e-03	4.272372597142269912e-01
1.012000000000000052e-02	6.495232833059211980e-03	4.370028847142269912e-01
1.013000000000000012e-02	6.153435958059210592e-03	4.296786659642269912e-01
1.013999999999999971e-02	6.568475020559211286e-03	4.394442909642269912e-01
1.014999999999999930e-02	6.202264083059211286e-03	4.333407753392269912e-01
1.016000000000000063e-02	6.641717208059211459e-03	4.431064003392269912e-01
1.017000000000000022e-02	6.275506270559211459e-03	4.357821815892269912e-01
1.017999999999999981e-02	6.690545333059211286e-03	4.455478065892269912e-01
1.018999999999999941e-02	6.324334395559211286e-03	4.382235878392269912e-01
1.020000000000000073e-02	6.739373458059211980e-03	4.479892128392269912e-01
1.021000000000000033e-02	6.373162520559211980e-03	4.418856972142269912e-01
1.021999999999999992e-02	6.788201583059211806e-03	4.516513222142269912e-01
1.022999999999999951e-02	6.421990645559211806e-03	4.443271034642269912e-01
1.024000000000000084e-02	6.812615645559211286e-03	4.540927284642269912e-01
1.025000000000000043e-02	6.446404708059211286e-03	4.479892128392269912e-01
1.026000000000000002e-02	6.861443770559211980e-03	4.565341347142269912e-01
1.026999999999999962e-02	6.470818770559211633e-03	4.504306190892269912e-01
1.027999999999999921e-02	6.885857833059211459e-03	4.601962440892269912e-01
1.029000000000000054e-02	6.495232833059211980e-03	4.528720253392269912e-01
1.030000000000000013e-02	6.934685958059211286e-03	4.626376503392269912e-01
1.030999999999999972e-02	6.519646895559211459e-03	4.565341347142269912e-01
1.031999999999999931e-02	6.934685958059211286e-03	4.662997597142269912e-01
1.033000000000000064e-02	6.568475020559211286e-03	4.589755409642269912e-01
1.034000000000000023e-02	6.983514083059211980e-03	4.687411659642269912e-01
1.034999999999999983e-02	6.592889083059211633e-03	4.614169472142269912e-01
1.035999999999999942e-02	7.007928145559211459e-03	4.711825722142269912e-01
1.037000000000000074e-02	6.617303145559211980e-03	4.650790565892269912e-01
1.038000000000000034e-02	7.056756270559211286e-03	4.736239784642269912e-01
1.038999999999999993e-02	6.666131270559211806e-03	4.675204628392269912e-01
1.039999999999999952e-02	7.081170333059211633e-03	4.772860878392269912e-01
1.041000000000000085e-02	6.690545333059211286e-03	4.699618690892269912e-01
1.042000000000000044e-02	7.129998458059211459e-03	4.797274940892269912e-01
1.043000000000000003e-02	6.739373458059211980e-03	4.736239784642269912e-01
1.043999999999999963e-02	7.178826583059211286e-03	4.833896034642269912e-01
1.044999999999999922e-02	6.788201583059211806e-03	4.760653847142269912e-01
1.046000000000000055e-02	7.227654708059211980e-03	4.858310097142269912e-01
1.047000000000000014e-02	6.837029708059211633e-03	4.785067909642269912e-01
1.047999999999999973e-02	7.276482833059211806e-03	4.882724159642269912e-01
1.048999999999999932e-02	6.910271895559211806e-03	4.821689003392269912e-01
1.050000000000000065e-02	7.325310958059211633e-03	4.919345253392269912e-01
1.051000000000000024e-02	6.934685958059211286e-03	4.846103065892269912e-01
1.051999999999999984e-02	7.374139083059211459e-03	4.943759315892269912e-01
1.052999999999999943e-02	7.007928145559211459e-03	4.882724159642269912e-01
1.054000000000000076e-02	7.447381270559211633e-03	4.968173378392269912e-01
1.055000000000000035e-02	7.056756270559211286e-03	4.907138222142269912e-01
1.055999999999999994e-02	7.496209395559211459e-03	5.004794472142269912e-01
1.056999999999999953e-02	7.129998458059211459e-03	4.931552284642269912e-01
1.058000000000000086e-02	7.520623458059211806e-03	5.029208534642269912e-01
1.059000000000000045e-02	7.154412520559211806e-03	4.955966347142269912e-01
1.060000000000000005e-02	7.569451583059211633e-03	5.053622597142269912e-01
1.060999999999999964e-02	7.203240645559211633e-03	4.992587440892269912e-01
1.061999999999999923e-02	7.618279708059211459e-03	5.090243690892269912e-01
1.063000000000000056e-02	7.252068770559211459e-03	5.017001503392269912e-01
1.064000000000000015e-02	7.667107833059211286e-03	5.114657753392269912e-01
1.064999999999999974e-02	7.300896895559211286e-03	5.053622597142269912e-01
1.065999999999999934e-02	7.740350020559211459e-03	5.139071815892269912e-01
1.067000000000000066e-02	7.349725020559211980e-03	5.078036659642269912e-01
1.068000000000000026e-02	7.789178145559211286e-03	5.175692909642269912e-01
1.068999999999999985e-02	7.398553145559211806e-03	5.102450722142269912e-01
1.069999999999999944e-02	7.838006270559211980e-03	5.200106972142269912e-01
1.071000000000000077e-02	7.447381270559211633e-03	5.139071815892269912e-01
1.072000000000000036e-02	7.886834395559210939e-03	5.236728065892269912e-01
1.072999999999999995e-02	7.520623458059211806e-03	5.163485878392269912e-01
1.073999999999999955e-02	7.935662520559211633e-03	5.261142128392269912e-01
1.074999999999999914e-02	7.593865645559211980e-03	5.187899940892269912e-01
1.076000000000000047e-02	8.008904708059210939e-03	5.285556190892269912e-01
1.077000000000000006e-02	7.642693770559211806e-03	5.224521034642269912e-01
1.077999999999999965e-02	8.057732833059211633e-03	5.322177284642269912e-01
1.078999999999999924e-02	7.715935958059211980e-03	5.248935097142269912e-01
1.080000000000000057e-02	8.106560958059212327e-03	5.346591347142269912e-01
1.081000000000000016e-02	7.764764083059211806e-03	5.273349159642269912e-01
1.081999999999999976e-02	8.179803145559211633e-03	5.371005409642269912e-01
1.082999999999999935e-02	7.838006270559211980e-03	5.309970253392269912e-01
1.084000000000000068e-02	8.253045333059210939e-03	5.407626503392269912e-01
1.085000000000000027e-02	7.911248458059211286e-03	5.334384315892269912e-01
1.085999999999999986e-02	8.326287520559211980e-03	5.432040565892269912e-01
1.086999999999999945e-02	7.984490645559212327e-03	5.371005409642269912e-01
1.088000000000000078e-02	8.399529708059211286e-03	5.456454628392269912e-01
1.089000000000000037e-02	8.057732833059211633e-03	5.395419472142269912e-01
1.089999999999999997e-02	8.497185958059210939e-03	5.493075722142269912e-01
1.090999999999999956e-02	8.155389083059211286e-03	5.419833534642269912e-01
1.091999999999999915e-02	8.594842208059212327e-03	5.517489784642269912e-01
1.093000000000000048e-02	8.277459395559211286e-03	5.456454628392269912e-01
1.094000000000000007e-02	8.716912520559212327e-03	5.541903847142269912e-01
1.094999999999999966e-02	8.375115645559210939e-03	5.480868690892269912e-01
1.095999999999999926e-02	8.838982833059212327e-03	5.578524940892269912e-01
1.097000000000000058e-02	8.497185958059210939e-03	5.505282753392269912e-01
1.098000000000000018e-02	8.985467208059210939e-03	5.602939003392269912e-01
1.098999999999999977e-02	8.619256270559210939e-03	5.541903847142269912e-01
1.099999999999999936e-02	9.131951583059211286e-03	5.627353065892269912e-01
1.101000000000000069e-02	8.765740645559211286e-03	5.566317909642269912e-01
1.102000000000000028e-02	9.278435958059211633e-03	5.663974159642269912e-01
1.102999999999999987e-02	8.912225020559211633e-03	5.590731972142269912e-01
1.103999999999999947e-02	9.449334395559212327e-03	5.688388222142269912e-01
1.105000000000000079e-02	9.058709395559211980e-03	5.627353065892269912e-01
1.106000000000000039e-02	9.620232833059211286e-03	5.725009315892269912e-01
1.106999999999999998e-02	9.229607833059210939e-03	5.651767128392269912e-01
1.107999999999999957e-02	9.791131270559211980e-03	5.749423378392269912e-01
1.108999999999999916e-02	9.400506270559211633e-03	5.688388222142269912e-01
1.110000000000000049e-02	9.962029708059212674e-03	5.773837440892269912e-01
1.111000000000000008e-02	9.571404708059212327e-03	5.712802284642269912e-01
1.111999999999999968e-02	1.015734220805921198e-02	5.810458534642269912e-01
1.112999999999999927e-02	9.742303145559211286e-03	5.737216347142269912e-01
1.114000000000000060e-02	1.032824064555921267e-02	5.834872597142269912e-01
1.115000000000000019e-02	9.937615645559212327e-03	5.773837440892269912e-01
1.115999999999999978e-02	1.052355314555921198e-02	5.871493690892269912e-01
1.116999999999999937e-02	1.013292814555921163e-02	5.798251503392269912e-01
1.118000000000000070e-02	1.074327970805921163e-02	5.895907753392269912e-01
1.119000000000000029e-02	1.032824064555921267e-02	5.822665565892269912e-01
1.119999999999999989e-02	1.096300627055921129e-02	5.920321815892269912e-01
1.120999999999999948e-02	1.054796720805921233e-02	5.859286659642269912e-01
1.122000000000000081e-02	1.115831877055921233e-02	5.956942909642269912e-01
1.123000000000000040e-02	1.074327970805921163e-02	5.883700722142269912e-01
1.123999999999999999e-02	1.140245939555921233e-02	5.981356972142269912e-01
1.124999999999999958e-02	1.098742033305921163e-02	5.920321815892269912e-01
1.125999999999999918e-02	1.162218595805921198e-02	6.005771034642269912e-01
1.127000000000000050e-02	1.120714689555921129e-02	5.944735878392269912e-01
1.128000000000000010e-02	1.186632658305921198e-02	6.042392128392269912e-01
1.128999999999999969e-02	1.145128752055921129e-02	5.969149940892269912e-01
1.129999999999999928e-02	1.208605314555921163e-02	6.066806190892269912e-01
1.131000000000000061e-02	1.169542814555921129e-02	6.005771034642269912e-01
1.132000000000000020e-02	1.230577970805921129e-02	6.091220253392269912e-01
1.132999999999999979e-02	1.191515470805921267e-02	6.030185097142269912e-01
1.133999999999999939e-02	1.254992033305921129e-02	6.127841347142269912e-01
1.135000000000000071e-02	1.215929533305921267e-02	6.054599159642269912e-01
1.136000000000000031e-02	1.279406095805921129e-02	6.152255409642269912e-01
1.136999999999999990e-02	1.240343595805921267e-02	6.091220253392269912e-01
1.137999999999999949e-02	1.303820158305921129e-02	6.188876503392269912e-01
1.139000000000000082e-02	1.267199064555921129e-02	6.115634315892269912e-01
1.140000000000000041e-02	1.330675627055921163e-02	6.213290565892269912e-01
1.141000000000000000e-02	1.291613127055921129e-02	6.140048378392269912e-01
1.141999999999999960e-02	1.359972502055921233e-02	6.237704628392269912e-01
1.142999999999999919e-02	1.318468595805921163e-02	6.176669472142269912e-01
1.144000000000000052e-02	1.384386564555921233e-02	6.274325722142269912e-01
1.145000000000000011e-02	1.345324064555921198e-02	6.201083534642269912e-01
1.145999999999999970e-02	1.411242033305921267e-02	6.298739784642269912e-01
1.146999999999999929e-02	1.372179533305921233e-02	6.225497597142269912e-01
1.148000000000000062e-02	1.435656095805921267e-02	6.323153847142269912e-01
1.149000000000000021e-02	1.399035002055921267e-02	6.262118690892269912e-01
1.149999999999999981e-02	1.464952970805921163e-02	6.359774940892269912e-01
1.150999999999999940e-02	1.425890470805921129e-02	6.286532753392269912e-01
1.152000000000000073e-02	1.491808439555921198e-02	6.384189003392269912e-01
1.153000000000000032e-02	1.452745939555921163e-02	6.310946815892269912e-01
1.153999999999999991e-02	1.521105314555921267e-02	6.408603065892269912e-01
1.154999999999999950e-02	1.479601408305921198e-02	6.347567909642269912e-01
1.156000000000000083e-02	1.550402189555921163e-02	6.445224159642269912e-01
1.157000000000000042e-02	1.508898283305921267e-02	6.371981972142269912e-01
1.158000000000000002e-02	1.577257658305921198e-02	6.469638222142269912e-01
1.158999999999999961e-02	1.535753752055921129e-02	6.396396034642269912e-01
1.159999999999999920e-02	1.606554533305921267e-02	6.494052284642269912e-01
1.161000000000000053e-02	1.562609220805921337e-02	6.433017128392269912e-01
1.162000000000000012e-02	1.638292814555921198e-02	6.530673378392269912e-01
1.162999999999999971e-02	1.591906095805921059e-02	6.457431190892269912e-01
1.163999999999999931e-02	1.665148283305921059e-02	6.555087440892269912e-01
1.165000000000000063e-02	1.621202970805921129e-02	6.494052284642269912e-01
1.166000000000000023e-02	1.696886564555921337e-02	6.579501503392269912e-01
1.166999999999999982e-02	1.650499845805921198e-02	6.518466347142269912e-01
1.167999999999999941e-02	1.726183439555921059e-02	6.616122597142269912e-01
1.169000000000000074e-02	1.679796720805921267e-02	6.542880409642269912e-01
1.170000000000000033e-02	1.755480314555921129e-02	6.640536659642269912e-01
1.170999999999999992e-02	1.709093595805921337e-02	6.579501503392269912e-01
1.171999999999999952e-02	1.787218595805921059e-02	6.677157753392269912e-01
1.173000000000000084e-02	1.740831877055921267e-02	6.603915565892269912e-01
1.174000000000000044e-02	1.818956877055921337e-02	6.701571815892269912e-01
1.175000000000000003e-02	1.772570158305921198e-02	6.640536659642269912e-01
1.175999999999999962e-02	1.845812345805921198e-02	6.725985878392269912e-01
1.176999999999999921e-02	1.804308439555921129e-02	6.664950722142269912e-01
1.178000000000000054e-02	1.875109220805921267e-02	6.762606972142269912e-01
1.179000000000000013e-02	1.831163908305921337e-02	6.689364784642269912e-01
1.179999999999999973e-02	1.901964689555921129e-02	6.787021034642269912e-01
1.180999999999999932e-02	1.860460783305921059e-02	6.725985878392269912e-01
1.182000000000000065e-02	1.928820158305921337e-02	6.811435097142269912e-01
1.183000000000000024e-02	1.889757658305921129e-02	6.750399940892269912e-01
1.183999999999999983e-02	1.958117033305921406e-02	6.848056190892269912e-01
1.184999999999999942e-02	1.916613127055921337e-02	6.774814003392269912e-01
1.186000000000000075e-02	1.987413908305921129e-02	6.872470253392269912e-01
1.187000000000000034e-02	1.945910002055921406e-02	6.811435097142269912e-01
1.187999999999999994e-02	2.016710783305921198e-02	6.909091347142269912e-01
1.188999999999999953e-02	1.975206877055921129e-02	6.835849159642269912e-01
1.190000000000000085e-02	2.046007658305921267e-02	6.933505409642269912e-01
1.191000000000000045e-02	2.004503752055921198e-02	6.860263222142269912e-01
1.192000000000000004e-02	2.075304533305921337e-02	6.957919472142269912e-01
1.192999999999999963e-02	2.036242033305921129e-02	6.896884315892269912e-01
1.193999999999999923e-02	2.109484220805921129e-02	6.994540565892269912e-01
1.195000000000000055e-02	2.065538908305921198e-02	6.921298378392269912e-01
1.196000000000000014e-02	2.141222502055921406e-02	7.018954628392269912e-01
1.196999999999999974e-02	2.099718595805921337e-02	6.945712440892269912e-01
1.197999999999999933e-02	2.172960783305921337e-02	7.043368690892269912e-01
1.199000000000000066e-02	2.131456877055921267e-02	6.982333534642269912e-01
1.200000000000000025e-02	2.207140470805921129e-02	7.079989784642269912e-01
1.200999999999999984e-02	2.165636564555921406e-02	7.006747597142269912e-01
1.201999999999999943e-02	2.243761564555921129e-02	7.104403847142269912e-01
1.203000000000000076e-02	2.199816252055921198e-02	7.043368690892269912e-01
1.204000000000000035e-02	2.280382658305921129e-02	7.128817909642269912e-01
1.204999999999999995e-02	2.236437345805921198e-02	7.067782753392269912e-01
1.205999999999999954e-02	2.317003752055921129e-02	7.165439003392269912e-01
1.207000000000000087e-02	2.273058439555921198e-02	7.092196815892269912e-01
1.208000000000000046e-02	2.353624845805921129e-02	7.189853065892269912e-01
1.209000000000000005e-02	2.309679533305921198e-02	7.128817909642269912e-01
1.209999999999999964e-02	2.392687345805921337e-02	7.226474159642269912e-01
1.210999999999999924e-02	2.346300627055921198e-02	7.153231972142269912e-01
1.212000000000000056e-02	2.431749845805921198e-02	7.250888222142269912e-01
1.213000000000000016e-02	2.385363127055921406e-02	7.177646034642269912e-01
1.213999999999999975e-02	2.470812345805921406e-02	7.275302284642269912e-01
1.214999999999999934e-02	2.421984220805921406e-02	7.214267128392269912e-01
1.216000000000000067e-02	2.507433439555921406e-02	7.299716347142269912e-01
1.217000000000000026e-02	2.458605314555921406e-02	7.238681190892269912e-01
1.217999999999999985e-02	2.544054533305921406e-02	7.336337440892269912e-01
1.218999999999999945e-02	2.495226408305921406e-02	7.263095253392269912e-01
1.220000000000000077e-02	2.583117033305921267e-02	7.360751503392269912e-01
1.221000000000000037e-02	2.534288908305921267e-02	7.299716347142269912e-01
1.221999999999999996e-02	2.619738127055921267e-02	7.397372597142269912e-01
1.222999999999999955e-02	2.570910002055921267e-02	7.324130409642269912e-01
1.223999999999999914e-02	2.658800627055921129e-02	7.421786659642269912e-01
1.225000000000000047e-02	2.607531095805921267e-02	7.348544472142269912e-01
1.226000000000000006e-02	2.695421720805921129e-02	7.446200722142269912e-01
1.226999999999999966e-02	2.644152189555921267e-02	7.385165565892269912e-01
1.227999999999999925e-02	2.734484220805921337e-02	7.482821815892269912e-01
1.229000000000000058e-02	2.683214689555921129e-02	7.409579628392269912e-01
1.230000000000000017e-02	2.768663908305921129e-02	7.507235878392269912e-01
1.230999999999999976e-02	2.719835783305921129e-02	7.446200722142269912e-01
1.231999999999999935e-02	2.805285002055921129e-02	7.543856972142269912e-01
1.233000000000000068e-02	2.756456877055921129e-02	7.470614784642269912e-01
1.234000000000000027e-02	2.841906095805921129e-02	7.568271034642269912e-01
1.234999999999999987e-02	2.795519377055921337e-02	7.495028847142269912e-01
1.235999999999999946e-02	2.878527189555921129e-02	7.592685097142269912e-01
1.237000000000000079e-02	2.832140470805921337e-02	7.531649940892269912e-01
1.238000000000000038e-02	2.915148283305921129e-02	7.629306190892269912e-01
1.238999999999999997e-02	2.868761564555921337e-02	7.556064003392269912e-01
1.239999999999999956e-02	2.954210783305921337e-02	7.653720253392269912e-01
1.240999999999999916e-02	2.907824064555921198e-02	7.580478065892269912e-01
1.242000000000000048e-02	2.993273283305921198e-02	7.678134315892269912e-01
1.243000000000000008e-02	2.949327970805921267e-02	7.617099159642269912e-01
1.243999999999999967e-02	3.034777189555921267e-02	7.714755409642269912e-01
1.244999999999999926e-02	2.988390470805921129e-02	7.641513222142269912e-01
1.246000000000000059e-02	3.076281095805921337e-02	7.739169472142269912e-01
1.247000000000000018e-02	3.029894377055921198e-02	7.665927284642269912e-01
1.247999999999999977e-02	3.117785002055921406e-02	7.726962440892269912e-01
1.248999999999999937e-02	3.071398283305921267e-02	7.653720253392269912e-01
1.250000000000000069e-02	3.159288908305921129e-02	7.690341347142269912e-01
1.251000000000000029e-02	3.110460783305921129e-02	7.629306190892269912e-01
1.251999999999999988e-02	3.198351408305920990e-02	7.665927284642269912e-01
1.252999999999999947e-02	3.151964689555921545e-02	7.604892128392269912e-01
1.254000000000000080e-02	3.239855314555921406e-02	7.641513222142269912e-01
1.255000000000000039e-02	3.191027189555921406e-02	7.568271034642269912e-01
1.255999999999999998e-02	3.281359220805921129e-02	7.604892128392269912e-01
1.256999999999999958e-02	3.232531095805921129e-02	7.543856972142269912e-01
1.257999999999999917e-02	3.320421720805920990e-02	7.580478065892269912e-01
1.259000000000000050e-02	3.271593595805920990e-02	7.507235878392269912e-01
1.260000000000000009e-02	3.359484220805921545e-02	7.556064003392269912e-01
1.260999999999999968e-02	3.313097502055921406e-02	7.482821815892269912e-01
1.261999999999999927e-02	3.396105314555921545e-02	7.519442909642269912e-01
1.263000000000000060e-02	3.352160002055921267e-02	7.458407753392269912e-01
1.264000000000000019e-02	3.430285002055920990e-02	7.495028847142269912e-01
1.264999999999999979e-02	3.386339689555921406e-02	7.421786659642269912e-01
1.265999999999999938e-02	3.459581877055921406e-02	7.470614784642269912e-01
1.267000000000000071e-02	3.418077970805920990e-02	7.397372597142269912e-01
1.268000000000000030e-02	3.483995939555921406e-02	7.433993690892269912e-01
1.268999999999999989e-02	3.447374845805921406e-02	7.372958534642269912e-01
1.269999999999999948e-02	3.501085783305921129e-02	7.409579628392269912e-01
1.271000000000000081e-02	3.466906095805920990e-02	7.336337440892269912e-01
1.272000000000000040e-02	3.513292814555921129e-02	7.385165565892269912e-01
1.273000000000000000e-02	3.481554533305921545e-02	7.311923378392269912e-01
1.273999999999999959e-02	3.518175627055921545e-02	7.348544472142269912e-01
1.274999999999999918e-02	3.486437345805921267e-02	7.287509315892269912e-01
1.276000000000000051e-02	3.515734220805920990e-02	7.324130409642269912e-01
1.277000000000000010e-02	3.486437345805921267e-02	7.263095253392269912e-01
1.277999999999999969e-02	3.508410002055921406e-02	7.299716347142269912e-01
1.278999999999999929e-02	3.476671720805921129e-02	7.226474159642269912e-01
1.280000000000000061e-02	3.493761564555921545e-02	7.263095253392269912e-01
1.281000000000000021e-02	3.459581877055921406e-02	7.202060097142269912e-01
1.281999999999999980e-02	3.474230314555921267e-02	7.238681190892269912e-01
1.282999999999999939e-02	3.432726408305921545e-02	7.177646034642269912e-01
1.284000000000000072e-02	3.447374845805921406e-02	7.214267128392269912e-01
1.285000000000000031e-02	3.403429533305921129e-02	7.141024940892269912e-01
1.285999999999999990e-02	3.410753752055921406e-02	7.189853065892269912e-01
1.286999999999999950e-02	3.364367033305921267e-02	7.116610878392269912e-01
1.288000000000000082e-02	3.369249845805920990e-02	7.153231972142269912e-01
1.289000000000000042e-02	3.320421720805920990e-02	7.092196815892269912e-01
1.290000000000000001e-02	3.325304533305921406e-02	7.128817909642269912e-01
1.290999999999999960e-02	3.271593595805920990e-02	7.055575722142269912e-01
1.291999999999999919e-02	3.274035002055921545e-02	7.092196815892269912e-01
1.293000000000000052e-02	3.217882658305921267e-02	7.031161659642269912e-01
1.294000000000000011e-02	3.220324064555921129e-02	7.067782753392269912e-01
1.294999999999999971e-02	3.161730314555920990e-02	7.006747597142269912e-01
1.295999999999999930e-02	3.164171720805921545e-02	7.043368690892269912e-01
1.297000000000000063e-02	3.105577970805921406e-02	6.970126503392269912e-01
1.298000000000000022e-02	3.108019377055921267e-02	7.006747597142269912e-01
1.298999999999999981e-02	3.044542814555921406e-02	6.945712440892269912e-01
1.299999999999999940e-02	3.046984220805921267e-02	6.982333534642269912e-01
1.301000000000000073e-02	2.983507658305921406e-02	6.921298378392269912e-01
1.302000000000000032e-02	2.985949064555921267e-02	6.957919472142269912e-01
1.302999999999999992e-02	2.922472502055921406e-02	6.884677284642269912e-01
1.303999999999999951e-02	2.920031095805921198e-02	6.933505409642269912e-01
1.305000000000000084e-02	2.856554533305921337e-02	6.860263222142269912e-01
1.306000000000000043e-02	2.856554533305921337e-02	6.896884315892269912e-01
1.307000000000000002e-02	2.793077970805921129e-02	6.835849159642269912e-01
1.307999999999999961e-02	2.793077970805921129e-02	6.872470253392269912e-01
1.308999999999999921e-02	2.727160002055921406e-02	6.799228065892269912e-01
1.310000000000000053e-02	2.724718595805921198e-02	6.835849159642269912e-01
1.311000000000000013e-02	2.656359220805921267e-02	6.774814003392269912e-01
1.311999999999999972e-02	2.656359220805921267e-02	6.811435097142269912e-01
1.312999999999999931e-02	2.587999845805921337e-02	6.750399940892269912e-01
1.314000000000000064e-02	2.585558439555921129e-02	6.787021034642269912e-01
1.315000000000000023e-02	2.519640470805921406e-02	6.713778847142269912e-01
1.315999999999999982e-02	2.514757658305921337e-02	6.750399940892269912e-01
1.316999999999999942e-02	2.446398283305921406e-02	6.689364784642269912e-01
1.318000000000000074e-02	2.443956877055921198e-02	6.725985878392269912e-01
1.319000000000000034e-02	2.375597502055921267e-02	6.664950722142269912e-01
1.319999999999999993e-02	2.373156095805921406e-02	6.701571815892269912e-01
1.320999999999999952e-02	2.302355314555921267e-02	6.628329628392269912e-01
1.322000000000000085e-02	2.299913908305921406e-02	6.677157753392269912e-01
1.323000000000000044e-02	2.231554533305921129e-02	6.603915565892269912e-01
1.324000000000000003e-02	2.229113127055921267e-02	6.640536659642269912e-01
1.324999999999999963e-02	2.160753752055921337e-02	6.579501503392269912e-01
1.325999999999999922e-02	2.160753752055921337e-02	6.616122597142269912e-01
1.327000000000000055e-02	2.094835783305921267e-02	6.542880409642269912e-01
1.328000000000000014e-02	2.092394377055921406e-02	6.591708534642269912e-01
1.328999999999999973e-02	2.026476408305921337e-02	6.518466347142269912e-01
1.329999999999999932e-02	2.026476408305921337e-02	6.555087440892269912e-01
1.331000000000000065e-02	1.960558439555921267e-02	6.494052284642269912e-01
1.332000000000000024e-02	1.962999845805921129e-02	6.530673378392269912e-01
1.332999999999999984e-02	1.899523283305921267e-02	6.457431190892269912e-01
1.333999999999999943e-02	1.901964689555921129e-02	6.494052284642269912e-01
1.335000000000000075e-02	1.840929533305921129e-02	6.433017128392269912e-01
1.336000000000000035e-02	1.845812345805921198e-02	6.469638222142269912e-01
1.336999999999999994e-02	1.784777189555921198e-02	6.408603065892269912e-01
1.337999999999999953e-02	1.789660002055921267e-02	6.445224159642269912e-01
1.339000000000000086e-02	1.731066252055921129e-02	6.384189003392269912e-01
1.340000000000000045e-02	1.738390470805921059e-02	6.408603065892269912e-01
1.341000000000000004e-02	1.682238127055921129e-02	6.347567909642269912e-01
1.341999999999999964e-02	1.689562345805921059e-02	6.384189003392269912e-01
1.342999999999999923e-02	1.635851408305921337e-02	6.323153847142269912e-01
1.344000000000000056e-02	1.645617033305921129e-02	6.359774940892269912e-01
1.345000000000000015e-02	1.591906095805921059e-02	6.298739784642269912e-01
1.345999999999999974e-02	1.601671720805921198e-02	6.335360878392269912e-01
1.346999999999999933e-02	1.555285002055921233e-02	6.262118690892269912e-01
1.348000000000000066e-02	1.562609220805921337e-02	6.298739784642269912e-01
1.349000000000000025e-02	1.513781095805921163e-02	6.237704628392269912e-01
1.349999999999999985e-02	1.525988127055921163e-02	6.274325722142269912e-01
1.350999999999999944e-02	1.482042814555921233e-02	6.201083534642269912e-01
1.352000000000000077e-02	1.491808439555921198e-02	6.249911659642269912e-01
1.353000000000000036e-02	1.447863127055921267e-02	6.176669472142269912e-01
1.353999999999999995e-02	1.460070158305921267e-02	6.213290565892269912e-01
1.354999999999999954e-02	1.418566252055921198e-02	6.152255409642269912e-01
1.355999999999999914e-02	1.433214689555921233e-02	6.188876503392269912e-01
1.357000000000000046e-02	1.394152189555921198e-02	6.115634315892269912e-01
1.358000000000000006e-02	1.408800627055921233e-02	6.164462440892269912e-01
1.358999999999999965e-02	1.367296720805921163e-02	6.091220253392269912e-01
1.359999999999999924e-02	1.384386564555921233e-02	6.127841347142269912e-01
1.361000000000000057e-02	1.347765470805921233e-02	6.066806190892269912e-01
1.362000000000000016e-02	1.367296720805921163e-02	6.103427284642269912e-01
1.362999999999999975e-02	1.328234220805921129e-02	6.042392128392269912e-01
1.363999999999999935e-02	1.350206877055921267e-02	6.079013222142269912e-01
1.365000000000000067e-02	1.313585783305921267e-02	6.005771034642269912e-01
1.366000000000000027e-02	1.335558439555921233e-02	6.042392128392269912e-01
1.366999999999999986e-02	1.301378752055921267e-02	5.981356972142269912e-01
1.367999999999999945e-02	1.323351408305921233e-02	6.017978065892269912e-01
1.369000000000000078e-02	1.286730314555921233e-02	5.956942909642269912e-01
1.370000000000000037e-02	1.313585783305921267e-02	5.993564003392269912e-01
1.370999999999999996e-02	1.279406095805921129e-02	5.920321815892269912e-01
1.371999999999999956e-02	1.306261564555921163e-02	5.956942909642269912e-01
1.372999999999999915e-02	1.269640470805921163e-02	5.895907753392269912e-01
1.374000000000000048e-02	1.298937345805921233e-02	5.932528847142269912e-01
1.375000000000000007e-02	1.267199064555921129e-02	5.859286659642269912e-01
1.375999999999999966e-02	1.294054533305921163e-02	5.908114784642269912e-01
1.376999999999999925e-02	1.262316252055921233e-02	5.834872597142269912e-01
1.378000000000000058e-02	1.291613127055921129e-02	5.871493690892269912e-01
1.379000000000000017e-02	1.259874845805921198e-02	5.810458534642269912e-01
1.379999999999999977e-02	1.289171720805921267e-02	5.847079628392269912e-01
1.380999999999999936e-02	1.254992033305921129e-02	5.773837440892269912e-01
1.382000000000000069e-02	1.284288908305921198e-02	5.810458534642269912e-01
1.383000000000000028e-02	1.250109220805921233e-02	5.749423378392269912e-01
1.383999999999999987e-02	1.279406095805921129e-02	5.786044472142269912e-01
1.384999999999999946e-02	1.245226408305921163e-02	5.725009315892269912e-01
1.386000000000000079e-02	1.269640470805921163e-02	5.761630409642269912e-01
1.387000000000000038e-02	1.240343595805921267e-02	5.688388222142269912e-01
1.387999999999999998e-02	1.262316252055921233e-02	5.737216347142269912e-01
1.388999999999999957e-02	1.230577970805921129e-02	5.663974159642269912e-01
1.389999999999999916e-02	1.252550627055921267e-02	5.700595253392269912e-01
1.391000000000000049e-02	1.220812345805921163e-02	5.639560097142269912e-01
1.392000000000000008e-02	1.245226408305921163e-02	5.676181190892269912e-01
1.392999999999999967e-02	1.211046720805921198e-02	5.602939003392269912e-01
1.393999999999999927e-02	1.235460783305921198e-02	5.651767128392269912e-01
1.395000000000000059e-02	1.203722502055921267e-02	5.578524940892269912e-01
1.396000000000000019e-02	1.225695158305921233e-02	5.615146034642269912e-01
1.396999999999999978e-02	1.191515470805921267e-02	5.554110878392269912e-01
1.397999999999999937e-02	1.215929533305921267e-02	5.590731972142269912e-01
1.399000000000000070e-02	1.181749845805921129e-02	5.517489784642269912e-01
1.400000000000000029e-02	1.203722502055921267e-02	5.566317909642269912e-01
1.400999999999999988e-02	1.171984220805921163e-02	5.493075722142269912e-01
1.401999999999999948e-02	1.193956877055921129e-02	5.529696815892269912e-01
1.403000000000000080e-02	1.159777189555921163e-02	5.468661659642269912e-01
1.404000000000000040e-02	1.181749845805921129e-02	5.505282753392269912e-01
1.404999999999999999e-02	1.147570158305921163e-02	5.432040565892269912e-01
1.405999999999999958e-02	1.169542814555921129e-02	5.468661659642269912e-01
1.406999999999999917e-02	1.137804533305921198e-02	5.407626503392269912e-01
1.408000000000000050e-02	1.157335783305921129e-02	5.444247597142269912e-01
1.409000000000000009e-02	1.125597502055921198e-02	5.383212440892269912e-01
1.409999999999999969e-02	1.147570158305921163e-02	5.419833534642269912e-01
1.410999999999999928e-02	1.113390470805921198e-02	5.346591347142269912e-01
1.412000000000000061e-02	1.135363127055921163e-02	5.395419472142269912e-01
1.413000000000000020e-02	1.103624845805921233e-02	5.322177284642269912e-01
1.413999999999999979e-02	1.123156095805921163e-02	5.358798378392269912e-01
1.414999999999999938e-02	1.091417814555921233e-02	5.297763222142269912e-01
1.416000000000000071e-02	1.110949064555921163e-02	5.334384315892269912e-01
1.417000000000000030e-02	1.081652189555921267e-02	5.261142128392269912e-01
1.417999999999999990e-02	1.098742033305921163e-02	5.297763222142269912e-01
1.418999999999999949e-02	1.069445158305921267e-02	5.236728065892269912e-01
1.420000000000000082e-02	1.086535002055921163e-02	5.273349159642269912e-01
1.421000000000000041e-02	1.057238127055921267e-02	5.212314003392269912e-01
1.422000000000000000e-02	1.074327970805921163e-02	5.248935097142269912e-01
1.422999999999999959e-02	1.045031095805921267e-02	5.175692909642269912e-01
1.423999999999999919e-02	1.062120939555921163e-02	5.224521034642269912e-01
1.425000000000000051e-02	1.032824064555921267e-02	5.151278847142269912e-01
1.426000000000000011e-02	1.049913908305921163e-02	5.187899940892269912e-01
1.426999999999999970e-02	1.018175627055921233e-02	5.126864784642269912e-01
1.427999999999999929e-02	1.035265470805921129e-02	5.163485878392269912e-01
1.429000000000000062e-02	1.001085783305921163e-02	5.090243690892269912e-01
1.430000000000000021e-02	1.018175627055921233e-02	5.126864784642269912e-01
1.430999999999999980e-02	9.839959395559212674e-03	5.065829628392269912e-01
1.431999999999999940e-02	1.001085783305921163e-02	5.102450722142269912e-01
1.433000000000000072e-02	9.669060958059211980e-03	5.041415565892269912e-01
1.434000000000000032e-02	9.839959395559212674e-03	5.078036659642269912e-01
1.434999999999999991e-02	9.473748458059212674e-03	5.004794472142269912e-01
1.435999999999999950e-02	9.644646895559211633e-03	5.041415565892269912e-01
1.437000000000000083e-02	9.278435958059211633e-03	4.980380409642269912e-01
1.438000000000000042e-02	9.449334395559212327e-03	5.017001503392269912e-01
1.439000000000000001e-02	9.058709395559211980e-03	4.955966347142269912e-01
1.439999999999999961e-02	9.229607833059210939e-03	4.992587440892269912e-01
1.440999999999999920e-02	8.838982833059212327e-03	4.919345253392269912e-01
1.442000000000000053e-02	9.034295333059211633e-03	4.955966347142269912e-01
1.443000000000000012e-02	8.619256270559210939e-03	4.894931190892269912e-01
1.443999999999999971e-02	8.790154708059211633e-03	4.931552284642269912e-01
1.444999999999999930e-02	8.375115645559210939e-03	4.870517128392269912e-01
1.446000000000000063e-02	8.546014083059211633e-03	4.907138222142269912e-01
1.447000000000000022e-02	8.130975020559210939e-03	4.833896034642269912e-01
1.447999999999999982e-02	8.301873458059211633e-03	4.882724159642269912e-01
1.448999999999999941e-02	7.862420333059212327e-03	4.809481972142269912e-01
1.450000000000000074e-02	8.057732833059211633e-03	4.846103065892269912e-01
1.451000000000000033e-02	7.642693770559211806e-03	4.785067909642269912e-01
1.451999999999999992e-02	7.813592208059211633e-03	4.821689003392269912e-01
1.452999999999999951e-02	7.398553145559211806e-03	4.748446815892269912e-01
1.454000000000000084e-02	7.569451583059211633e-03	4.785067909642269912e-01
1.455000000000000043e-02	7.154412520559211806e-03	4.724032753392269912e-01
1.456000000000000003e-02	7.325310958059211633e-03	4.760653847142269912e-01
1.456999999999999962e-02	6.934685958059211286e-03	4.699618690892269912e-01
1.457999999999999921e-02	7.105584395559211980e-03	4.736239784642269912e-01
1.459000000000000054e-02	6.714959395559211633e-03	4.662997597142269912e-01
1.460000000000000013e-02	6.885857833059211459e-03	4.711825722142269912e-01
1.460999999999999972e-02	6.470818770559211633e-03	4.638583534642269912e-01
1.461999999999999932e-02	6.690545333059211286e-03	4.675204628392269912e-01
1.463000000000000064e-02	6.275506270559211459e-03	4.614169472142269912e-01
1.464000000000000024e-02	6.495232833059211980e-03	4.650790565892269912e-01
1.464999999999999983e-02	6.080193770559211286e-03	4.577548378392269912e-01
1.465999999999999942e-02	6.299920333059211806e-03	4.626376503392269912e-01
1.467000000000000075e-02	5.909295333059210592e-03	4.553134315892269912e-01
1.468000000000000034e-02	6.153435958059210592e-03	4.589755409642269912e-01
1.468999999999999993e-02	5.738396895559210766e-03	4.528720253392269912e-01
1.469999999999999953e-02	6.006951583059211112e-03	4.565341347142269912e-01
1.471000000000000085e-02	5.616326583059210766e-03	4.492099159642269912e-01
1.472000000000000045e-02	5.884881270559211112e-03	4.528720253392269912e-01
1.473000000000000004e-02	5.494256270559210766e-03	4.467685097142269912e-01
1.473999999999999963e-02	5.787225020559210592e-03	4.504306190892269912e-01
1.474999999999999922e-02	5.372185958059210766e-03	4.443271034642269912e-01
1.476000000000000055e-02	5.689568770559210939e-03	4.479892128392269912e-01
1.477000000000000014e-02	5.274529708059211112e-03	4.418856972142269912e-01
1.477999999999999974e-02	5.616326583059210766e-03	4.455478065892269912e-01
1.478999999999999933e-02	5.201287520559210939e-03	4.382235878392269912e-01
1.480000000000000066e-02	5.567498458059210939e-03	4.418856972142269912e-01
1.481000000000000025e-02	5.152459395559211112e-03	4.357821815892269912e-01
1.481999999999999984e-02	5.494256270559210766e-03	4.394442909642269912e-01
1.482999999999999943e-02	5.079217208059210939e-03	4.321200722142269912e-01
1.484000000000000076e-02	5.445428145559210939e-03	4.357821815892269912e-01
1.485000000000000035e-02	5.030389083059211112e-03	4.296786659642269912e-01
1.485999999999999995e-02	5.396600020559211112e-03	4.333407753392269912e-01
1.486999999999999954e-02	4.981560958059211286e-03	4.272372597142269912e-01
1.488000000000000086e-02	5.347771895559211286e-03	4.308993690892269912e-01
1.489000000000000046e-02	4.957146895559210939e-03	4.235751503392269912e-01
1.490000000000000005e-02	5.298943770559210592e-03	4.272372597142269912e-01
1.490999999999999964e-02	4.908318770559211112e-03	4.211337440892269912e-01
1.491999999999999924e-02	5.250115645559210766e-03	4.247958534642269912e-01
1.493000000000000056e-02	4.859490645559211286e-03	4.174716347142269912e-01
1.494000000000000015e-02	5.201287520559210939e-03	4.223544472142269912e-01
1.494999999999999975e-02	4.810662520559210592e-03	4.150302284642269912e-01
1.495999999999999934e-02	5.152459395559211112e-03	4.186923378392269912e-01
1.497000000000000067e-02	4.761834395559210766e-03	4.125888222142269912e-01
1.498000000000000026e-02	5.103631270559211286e-03	4.162509315892269912e-01
1.498999999999999985e-02	4.713006270559210939e-03	4.101474159642269912e-01
1.499999999999999944e-02	5.054803145559210592e-03	4.138095253392269912e-01
1.501000000000000077e-02	4.664178145559211112e-03	4.064853065892269912e-01
1.502000000000000036e-02	4.981560958059211286e-03	4.101474159642269912e-01
1.502999999999999996e-02	4.615350020559210419e-03	4.040439003392269912e-01
1.503999999999999955e-02	4.932732833059210592e-03	4.077060097142269912e-01
1.504999999999999914e-02	4.566521895559210592e-03	4.016024940892269912e-01
1.506000000000000047e-02	4.859490645559211286e-03	4.052646034642269912e-01
1.507000000000000006e-02	4.517693770559210766e-03	3.979403847142269912e-01
1.507999999999999965e-02	4.810662520559210592e-03	4.016024940892269912e-01
1.508999999999999925e-02	4.468865645559210939e-03	3.954989784642269912e-01
1.510000000000000057e-02	4.761834395559210766e-03	3.991610878392269912e-01
1.511000000000000017e-02	4.420037520559211112e-03	3.930575722142269912e-01
1.511999999999999976e-02	4.713006270559210939e-03	3.967196815892269912e-01
1.512999999999999935e-02	4.346795333059210939e-03	3.893954628392269912e-01
1.514000000000000068e-02	4.639764083059210766e-03	3.930575722142269912e-01
1.515000000000000027e-02	4.322381270559210592e-03	3.869540565892269912e-01
1.515999999999999986e-02	4.590935958059210939e-03	3.906161659642269912e-01
1.516999999999999946e-02	4.249139083059210419e-03	3.845126503392269912e-01
1.518000000000000078e-02	4.542107833059211112e-03	3.881747597142269912e-01
1.519000000000000038e-02	4.200310958059210592e-03	3.808505409642269912e-01
