time[s]	CH1[V]	CH2[V] (num. of cycles: 4)
0.000000000000000000e+00	1.634224339535361725e-01	7.357980828536184181e-03
1.840402703536184268e-03	1.013999999999999971e-02	5.699165745785361725e-01
-2.272025660464638275e-01	8.676340203536183834e-03	2.027999999999999942e-02
2.000000000000000164e-05	1.536568089535361725e-01	7.602121453536184181e-03
1.840402703536184268e-03	1.016000000000000063e-02	5.723579808285361725e-01
-2.272025660464638275e-01	9.018137078536185222e-03	2.029999999999999860e-02
4.000000000000000327e-05	1.683052464535361725e-01	7.260324578536184528e-03
2.426340203536184355e-03	1.017999999999999981e-02	5.625923558285361725e-01
-2.247611597964638275e-01	8.627512078536184875e-03	2.032000000000000126e-02
6.000000000000000152e-05	1.609810277035361725e-01	7.553293328536184355e-03
1.938058953536184355e-03	1.020000000000000073e-02	5.650337620785361725e-01
-2.345267847964638275e-01	8.969308953536184528e-03	2.034000000000000044e-02
8.000000000000000654e-05	1.768501683285361725e-01	7.162668328536184875e-03
2.475168328536184181e-03	1.021999999999999992e-02	5.552681370785361725e-01
-2.333060816714638275e-01	8.627512078536184875e-03	2.035999999999999963e-02
1.000000000000000048e-04	1.683052464535361725e-01	7.455637078536184702e-03
2.035715203536184442e-03	1.024000000000000084e-02	5.577095433285361725e-01
-2.418510035464638275e-01	8.920480828536183834e-03	2.037999999999999881e-02
1.200000000000000030e-04	1.853950902035361725e-01	7.113840203536184181e-03
2.523996453536184442e-03	1.026000000000000002e-02	5.479439183285361725e-01
-2.406303004214638275e-01	8.578683953536184181e-03	2.040000000000000147e-02
1.399999999999999877e-04	1.744087620785361725e-01	7.406808953536184875e-03
2.084543328536184268e-03	1.027999999999999921e-02	5.491646214535361725e-01
-2.503959254214638275e-01	8.920480828536183834e-03	2.042000000000000065e-02
1.600000000000000131e-04	1.927193089535361725e-01	7.065012078536184355e-03
2.523996453536184442e-03	1.030000000000000013e-02	5.393989964535361725e-01
-2.479545191714638275e-01	8.529855828536185222e-03	2.043999999999999984e-02
1.800000000000000113e-04	1.829536839535361725e-01	7.406808953536184875e-03
2.133371453536184095e-03	1.031999999999999931e-02	5.418404027035361725e-01
-2.577201441714638275e-01	8.871652703536184875e-03	2.045999999999999902e-02
2.000000000000000096e-04	2.000435277035361725e-01	7.016183953536184528e-03
2.523996453536184442e-03	1.034000000000000023e-02	5.320747777035361725e-01
-2.552787379214638275e-01	8.481027703536184528e-03	2.048000000000000168e-02
2.200000000000000078e-04	1.902779027035361725e-01	7.357980828536184181e-03
2.133371453536184095e-03	1.035999999999999942e-02	5.345161839535361725e-01
-2.650443629214638275e-01	8.871652703536184875e-03	2.050000000000000086e-02
2.400000000000000061e-04	2.073677464535361725e-01	7.016183953536184528e-03
2.523996453536184442e-03	1.038000000000000034e-02	5.247505589535361725e-01
-2.638236597964638275e-01	8.481027703536184528e-03	2.052000000000000005e-02
2.599999999999999772e-04	1.988228245785361725e-01	7.357980828536184181e-03
2.133371453536184095e-03	1.039999999999999952e-02	5.271919652035361725e-01
-2.735892847964638275e-01	8.822824578536184181e-03	2.053999999999999923e-02
2.799999999999999755e-04	2.146919652035361725e-01	6.967355828536184702e-03
2.523996453536184442e-03	1.042000000000000044e-02	5.162056370785361725e-01
-2.711478785464638275e-01	8.481027703536184528e-03	2.055999999999999842e-02
2.999999999999999737e-04	2.061470433285361725e-01	7.357980828536184181e-03
2.133371453536184095e-03	1.043999999999999963e-02	5.186470433285361725e-01
-2.809135035464638275e-01	8.822824578536184181e-03	2.058000000000000107e-02
3.200000000000000262e-04	2.232368870785361725e-01	6.967355828536184702e-03
2.572824578536184268e-03	1.046000000000000055e-02	5.088814183285361725e-01
-2.784720972964638275e-01	8.481027703536184528e-03	2.060000000000000026e-02
3.400000000000000244e-04	2.134712620785361725e-01	7.357980828536184181e-03
2.182199578536184355e-03	1.047999999999999973e-02	5.101021214535361725e-01
-2.882377222964638275e-01	8.822824578536184181e-03	2.061999999999999944e-02
3.600000000000000227e-04	2.305611058285361725e-01	6.967355828536184702e-03
2.670480828536184355e-03	1.050000000000000065e-02	5.015571995785361725e-01
-2.870170191714638275e-01	8.481027703536184528e-03	2.063999999999999863e-02
3.800000000000000209e-04	2.220161839535361725e-01	7.309152703536184355e-03
2.182199578536184355e-03	1.051999999999999984e-02	5.027779027035361725e-01
-2.955619410464638275e-01	8.822824578536184181e-03	2.066000000000000128e-02
4.000000000000000192e-04	2.378853245785361725e-01	6.967355828536184702e-03
2.768137078536184442e-03	1.054000000000000076e-02	4.942329808285361725e-01
-2.943412379214638275e-01	8.481027703536184528e-03	2.068000000000000047e-02
4.200000000000000174e-04	2.293404027035361725e-01	7.309152703536184355e-03
2.279855828536184442e-03	1.055999999999999994e-02	4.954536839535361725e-01
-3.041068629214638275e-01	8.871652703536184875e-03	2.069999999999999965e-02
4.400000000000000157e-04	2.464302464535361725e-01	6.967355828536184702e-03
2.914621453536184355e-03	1.058000000000000086e-02	4.856880589535361725e-01
-3.016654566714638275e-01	8.529855828536185222e-03	2.071999999999999884e-02
4.600000000000000139e-04	2.366646214535361725e-01	7.309152703536184355e-03
2.377512078536184528e-03	1.060000000000000005e-02	4.881294652035361725e-01
-3.114310816714638275e-01	8.871652703536184875e-03	2.074000000000000149e-02
4.800000000000000122e-04	2.537544652035361725e-01	6.967355828536184702e-03
3.109933953536184528e-03	1.061999999999999923e-02	4.783638402035361725e-01
-3.102103785464638275e-01	8.578683953536184181e-03	2.076000000000000068e-02
5.000000000000000104e-04	2.439888402035361725e-01	7.357980828536184181e-03
2.572824578536184268e-03	1.064000000000000015e-02	4.808052464535361725e-01
-3.187553004214638275e-01	8.969308953536184528e-03	2.077999999999999986e-02
5.199999999999999544e-04	2.622993870785361725e-01	7.016183953536184528e-03
3.305246453536184268e-03	1.065999999999999934e-02	4.710396214535361725e-01
-3.175345972964638275e-01	8.627512078536184875e-03	2.079999999999999905e-02
5.400000000000000069e-04	2.525337620785361725e-01	7.406808953536184875e-03
2.719308953536184181e-03	1.068000000000000026e-02	4.722603245785361725e-01
-3.260795191714638275e-01	9.066965203536184181e-03	2.082000000000000170e-02
5.599999999999999509e-04	2.696236058285361725e-01	7.065012078536184355e-03
3.451730828536184181e-03	1.069999999999999944e-02	4.624946995785361725e-01
-3.248588160464638275e-01	8.676340203536183834e-03	2.084000000000000088e-02
5.800000000000000034e-04	2.598579808285361725e-01	7.455637078536184702e-03
2.914621453536184355e-03	1.072000000000000036e-02	4.649361058285361725e-01
-3.346244410464638275e-01	9.115793328536184875e-03	2.086000000000000007e-02
5.999999999999999474e-04	2.769478245785361725e-01	7.113840203536184181e-03
3.598215203536184528e-03	1.073999999999999955e-02	4.551704808285361725e-01
-3.321830347964638275e-01	8.773996453536185222e-03	2.087999999999999926e-02
6.199999999999999999e-04	2.671821995785361725e-01	7.553293328536184355e-03
3.012277703536184442e-03	1.076000000000000047e-02	4.563911839535361725e-01
-3.419486597964638275e-01	9.213449578536184528e-03	2.089999999999999844e-02
6.400000000000000524e-04	2.842720433285361725e-01	7.162668328536184875e-03
3.647043328536184355e-03	1.077999999999999965e-02	4.478462620785361725e-01
-3.407279566714638275e-01	8.822824578536184181e-03	2.092000000000000109e-02
6.599999999999999964e-04	2.745064183285361725e-01	7.699777703536184702e-03
3.109933953536184528e-03	1.080000000000000057e-02	4.490669652035361725e-01
-3.492728785464638275e-01	9.262277703536185222e-03	2.094000000000000028e-02
6.800000000000000488e-04	2.915962620785361725e-01	7.260324578536184528e-03
3.695871453536184181e-03	1.081999999999999976e-02	4.405220433285361725e-01
-3.480521754214638275e-01	8.920480828536183834e-03	2.095999999999999946e-02
6.999999999999999929e-04	2.830513402035361725e-01	7.895090203536184875e-03
3.158762078536184355e-03	1.084000000000000068e-02	4.417427464535361725e-01
-3.565970972964638275e-01	9.311105828536184181e-03	2.097999999999999865e-02
7.200000000000000453e-04	3.001411839535361725e-01	7.357980828536184181e-03
3.647043328536184355e-03	1.085999999999999986e-02	4.331978245785361725e-01
-3.553763941714638275e-01	9.018137078536185222e-03	2.100000000000000130e-02
7.399999999999999894e-04	2.903755589535361725e-01	8.090402703536184181e-03
3.158762078536184355e-03	1.088000000000000078e-02	4.344185277035361725e-01
-3.651420191714638275e-01	9.457590203536184528e-03	2.102000000000000049e-02
7.600000000000000418e-04	3.074654027035361725e-01	7.553293328536184355e-03
3.549387078536184268e-03	1.089999999999999997e-02	4.246529027035361725e-01
-3.639213160464638275e-01	9.066965203536184181e-03	2.103999999999999967e-02
7.799999999999999859e-04	2.976997777035361725e-01	8.236887078536184528e-03
3.061105828536184268e-03	1.091999999999999915e-02	4.258736058285361725e-01
-3.724662379214638275e-01	9.506418328536185222e-03	2.105999999999999886e-02
8.000000000000000383e-04	3.160103245785361725e-01	7.699777703536184702e-03
3.451730828536184181e-03	1.094000000000000007e-02	4.161079808285361725e-01
-3.712455347964638275e-01	9.115793328536184875e-03	2.108000000000000151e-02
8.199999999999999824e-04	3.062446995785361725e-01	8.334543328536184181e-03
2.914621453536184355e-03	1.095999999999999926e-02	4.185493870785361725e-01
-3.810111597964638275e-01	9.555246453536184181e-03	2.110000000000000070e-02
8.400000000000000348e-04	3.233345433285361725e-01	7.846262078536184181e-03
3.256418328536184442e-03	1.098000000000000018e-02	4.087837620785361725e-01
-3.785697535464638275e-01	9.213449578536184528e-03	2.111999999999999988e-02
8.599999999999999789e-04	3.135689183285361725e-01	8.432199578536183834e-03
2.670480828536184355e-03	1.099999999999999936e-02	4.100044652035361725e-01
-3.883353785464638275e-01	9.604074578536184875e-03	2.113999999999999907e-02
8.800000000000000313e-04	3.306587620785361725e-01	7.943918328536183834e-03
3.061105828536184268e-03	1.102000000000000028e-02	4.014595433285361725e-01
-3.871146754214638275e-01	9.262277703536185222e-03	2.116000000000000172e-02
8.999999999999999754e-04	3.221138402035361725e-01	8.432199578536183834e-03
2.475168328536184181e-03	1.103999999999999947e-02	4.026802464535361725e-01
-3.956595972964638275e-01	9.701730828536184528e-03	2.118000000000000091e-02
9.200000000000000278e-04	3.379829808285361725e-01	8.041574578536185222e-03
2.768137078536184442e-03	1.106000000000000039e-02	3.941353245785361725e-01
-3.944388941714638275e-01	9.311105828536184181e-03	2.120000000000000009e-02
9.399999999999999719e-04	3.294380589535361725e-01	8.383371453536184875e-03
2.231027703536184181e-03	1.107999999999999957e-02	3.953560277035361725e-01
-4.042045191714638275e-01	9.750558953536185222e-03	2.121999999999999928e-02
9.600000000000000243e-04	3.465279027035361725e-01	7.992746453536184528e-03
2.523996453536184442e-03	1.110000000000000049e-02	3.855904027035361725e-01
-4.017631129214638275e-01	9.408762078536185569e-03	2.123999999999999846e-02
9.799999999999999684e-04	3.367622777035361725e-01	8.334543328536184181e-03
1.938058953536184355e-03	1.111999999999999968e-02	3.880318089535361725e-01
-4.115287379214638275e-01	9.897043328536185569e-03	2.126000000000000112e-02
1.000000000000000021e-03	3.538521214535361725e-01	7.943918328536183834e-03
2.231027703536184181e-03	1.114000000000000060e-02	3.794868870785361725e-01
-4.103080347964638275e-01	9.457590203536184528e-03	2.128000000000000030e-02
1.020000000000000073e-03	3.440864964535361725e-01	8.236887078536184528e-03
1.645090203536184311e-03	1.115999999999999978e-02	3.807075902035361725e-01
-4.200736597964638275e-01	9.994699578536185222e-03	2.129999999999999949e-02
1.039999999999999909e-03	3.623970433285361725e-01	7.846262078536184181e-03
1.938058953536184355e-03	1.118000000000000070e-02	3.709419652035361725e-01
-4.176322535464638275e-01	9.604074578536184875e-03	2.131999999999999867e-02
1.059999999999999961e-03	3.526314183285361725e-01	8.139230828536184875e-03
1.449777703536184355e-03	1.119999999999999989e-02	3.721626683285361725e-01
-4.273978785464638275e-01	1.019001207853618453e-02	2.134000000000000133e-02
1.080000000000000014e-03	3.709419652035361725e-01	7.699777703536184702e-03
1.693918328536184355e-03	1.122000000000000081e-02	3.636177464535361725e-01
-4.261771754214638275e-01	9.750558953536185222e-03	2.136000000000000051e-02
1.100000000000000066e-03	3.599556370785361725e-01	8.041574578536185222e-03
1.205637078536184355e-03	1.123999999999999999e-02	3.648384495785361725e-01
-4.347220972964638275e-01	1.033649645353618488e-02	2.137999999999999970e-02
1.119999999999999902e-03	3.770454808285361725e-01	7.553293328536184355e-03
1.498605828536184181e-03	1.125999999999999918e-02	3.550728245785361725e-01
-4.335013941714638275e-01	9.848215203536184875e-03	2.139999999999999888e-02
1.139999999999999954e-03	3.672798558285361725e-01	7.846262078536184181e-03
9.614964535361842464e-04	1.128000000000000010e-02	3.575142308285361725e-01
-4.420463160464638275e-01	1.043415270353618453e-02	2.142000000000000154e-02
1.160000000000000007e-03	3.843696995785361725e-01	7.406808953536184875e-03
1.303293328536184225e-03	1.129999999999999928e-02	3.477486058285361725e-01
-4.408256129214638275e-01	9.945871453536184528e-03	2.144000000000000072e-02
1.180000000000000059e-03	3.758247777035361725e-01	7.650949578536184875e-03
6.685277035361842030e-04	1.132000000000000020e-02	3.489693089535361725e-01
-4.505912379214638275e-01	1.048298082853618522e-02	2.145999999999999991e-02
1.199999999999999895e-03	3.929146214535361725e-01	7.113840203536184181e-03
1.059152703536184225e-03	1.133999999999999939e-02	3.392036839535361725e-01
-4.481498316714638275e-01	1.004352770353618418e-02	2.147999999999999909e-02
1.219999999999999947e-03	3.831489964535361725e-01	7.357980828536184181e-03
4.243870785361842030e-04	1.136000000000000031e-02	3.416450902035361725e-01
-4.579154566714638275e-01	1.058063707853618488e-02	2.149999999999999828e-02
1.240000000000000000e-03	4.002388402035361725e-01	6.918527703536184875e-03
8.638402035361842680e-04	1.137999999999999949e-02	3.318794652035361725e-01
-4.554740504214638275e-01	1.014118395353618557e-02	2.152000000000000093e-02
1.260000000000000052e-03	3.904732152035361725e-01	7.065012078536184355e-03
2.779027035361841813e-04	1.140000000000000041e-02	3.331001683285361725e-01
-4.652396754214638275e-01	1.062946520353618557e-02	2.154000000000000012e-02
1.280000000000000105e-03	4.075630589535361725e-01	6.576730828536184355e-03
6.685277035361842030e-04	1.141999999999999960e-02	3.245552464535361725e-01
-4.640189722964638275e-01	1.019001207853618453e-02	2.155999999999999930e-02
1.299999999999999940e-03	3.990181370785361725e-01	6.820871453536184355e-03
8.259020353618418402e-05	1.144000000000000052e-02	3.257759495785361725e-01
-4.737845972964638275e-01	1.067829332853618453e-02	2.157999999999999849e-02
1.319999999999999993e-03	4.161079808285361725e-01	6.332590203536184355e-03
4.732152035361841922e-04	1.145999999999999970e-02	3.172310277035361725e-01
-4.713431910464638275e-01	1.028766832853618418e-02	2.160000000000000114e-02
1.340000000000000045e-03	4.063423558285361725e-01	6.479074578536184702e-03
-6.389417146381582411e-05	1.148000000000000062e-02	3.184517308285361725e-01
-4.811088160464638275e-01	1.077594957853618418e-02	2.162000000000000033e-02
1.360000000000000098e-03	4.234321995785361725e-01	5.990793328536184702e-03
3.267308285361842247e-04	1.149999999999999981e-02	3.086861058285361725e-01
-4.798881129214638275e-01	1.033649645353618488e-02	2.163999999999999951e-02
1.379999999999999933e-03	4.136665745785361725e-01	6.234933953536184702e-03
-2.103785464638158187e-04	1.152000000000000073e-02	3.099068089535361725e-01
-4.884330347964638275e-01	1.082477770353618488e-02	2.165999999999999870e-02
1.399999999999999986e-03	4.307564183285361725e-01	5.746652703536184702e-03
1.802464535361842030e-04	1.153999999999999991e-02	3.013618870785361725e-01
-4.859916285464638275e-01	1.048298082853618522e-02	2.168000000000000135e-02
1.420000000000000038e-03	4.209907933285361725e-01	5.990793328536184702e-03
-3.568629214638158404e-04	1.156000000000000083e-02	3.025825902035361725e-01
-4.957572535464638275e-01	1.097126207853618522e-02	2.170000000000000054e-02
1.440000000000000091e-03	4.393013402035361725e-01	5.551340203536184528e-03
3.376207853618418131e-05	1.158000000000000002e-02	2.940376683285361725e-01
-4.945365504214638275e-01	1.058063707853618488e-02	2.171999999999999972e-02
1.459999999999999926e-03	4.295357152035361725e-01	5.795480828536184528e-03
-5.521754214638157970e-04	1.159999999999999920e-02	2.952583714535361725e-01
-5.043021754214638275e-01	1.106891832853618488e-02	2.173999999999999891e-02
1.479999999999999979e-03	4.466255589535361725e-01	5.356027703536184355e-03
-1.615504214638158295e-04	1.162000000000000012e-02	2.854927464535361725e-01
-5.018607691714638275e-01	1.067829332853618453e-02	2.176000000000000156e-02
1.500000000000000031e-03	4.368599339535361725e-01	5.600168328536184355e-03
-6.986597964638158187e-04	1.163999999999999931e-02	2.879341527035361725e-01
-5.116263941714638275e-01	1.116657457853618453e-02	2.178000000000000075e-02
1.520000000000000084e-03	4.539497777035361725e-01	5.160715203536184181e-03
-4.056910464638158295e-04	1.166000000000000023e-02	2.781685277035361725e-01
-5.104056910464638275e-01	1.082477770353618488e-02	2.179999999999999993e-02
1.539999999999999919e-03	4.454048558285361725e-01	5.404855828536184181e-03
-9.428004214638158187e-04	1.167999999999999941e-02	2.793892308285361725e-01
-5.189506129214638275e-01	1.126423082853618418e-02	2.181999999999999912e-02
1.559999999999999972e-03	4.612739964535361725e-01	5.014230828536184702e-03
-6.986597964638158187e-04	1.170000000000000033e-02	2.696236058285361725e-01
-5.177299097964638275e-01	1.087360582853618557e-02	2.183999999999999830e-02
1.580000000000000024e-03	4.527290745785361725e-01	5.307199578536184528e-03
-1.235769171463815862e-03	1.171999999999999952e-02	2.720650120785361725e-01
-5.274955347964638275e-01	1.131305895353618488e-02	2.186000000000000096e-02
1.600000000000000077e-03	4.698189183285361725e-01	4.867746453536184355e-03
-9.916285464638158621e-04	1.174000000000000044e-02	2.622993870785361725e-01
-5.250541285464638275e-01	1.092243395353618453e-02	2.188000000000000014e-02
1.619999999999999912e-03	4.600532933285361725e-01	5.160715203536184181e-03
-1.528737921463815905e-03	1.175999999999999962e-02	2.647407933285361725e-01
-5.348197535464638275e-01	1.126423082853618418e-02	2.189999999999999933e-02
1.639999999999999965e-03	4.771431370785361725e-01	4.721262078536184875e-03
-1.284597296463815905e-03	1.178000000000000054e-02	2.549751683285361725e-01
-5.335990504214638275e-01	1.092243395353618453e-02	2.191999999999999851e-02
1.660000000000000017e-03	4.673775120785361725e-01	5.014230828536184702e-03
-1.821706671463815949e-03	1.179999999999999973e-02	2.561958714535361725e-01
-5.421439722964638275e-01	1.126423082853618418e-02	2.194000000000000117e-02
1.680000000000000070e-03	4.856880589535361725e-01	4.574777703536184528e-03
-1.675222296463815819e-03	1.182000000000000065e-02	2.476509495785361725e-01
-5.409232691714638275e-01	1.082477770353618488e-02	2.196000000000000035e-02
1.699999999999999905e-03	4.759224339535361725e-01	4.916574578536184181e-03
-2.163503546463815819e-03	1.183999999999999983e-02	2.488716527035361725e-01
-5.506888941714638275e-01	1.116657457853618453e-02	2.197999999999999954e-02
1.719999999999999958e-03	4.930122777035361725e-01	4.525949578536184702e-03
-2.017019171463815905e-03	1.186000000000000075e-02	2.403267308285361725e-01
-5.494681910464638275e-01	1.072712145353618522e-02	2.199999999999999872e-02
1.740000000000000010e-03	4.844673558285361725e-01	4.867746453536184355e-03
-2.554128546463816166e-03	1.187999999999999994e-02	2.415474339535361725e-01
-5.580131129214638275e-01	1.102009020353618418e-02	2.202000000000000138e-02
1.760000000000000063e-03	5.003364964535361725e-01	4.428293328536184181e-03
-2.505300421463815905e-03	1.190000000000000085e-02	2.317818089535361725e-01
-5.567924097964638275e-01	1.058063707853618488e-02	2.204000000000000056e-02
1.779999999999999898e-03	4.917915745785361725e-01	4.867746453536184355e-03
-3.042409796463816166e-03	1.192000000000000004e-02	2.330025120785361725e-01
-5.665580347964638275e-01	1.087360582853618557e-02	2.205999999999999975e-02
1.799999999999999951e-03	5.088814183285361725e-01	4.379465203536184355e-03
-2.944753546463816079e-03	1.193999999999999923e-02	2.244575902035361725e-01
-5.641166285464638275e-01	1.043415270353618453e-02	2.207999999999999893e-02
1.820000000000000003e-03	4.991157933285361725e-01	4.867746453536184355e-03
-3.628347296463815819e-03	1.196000000000000014e-02	2.256782933285361725e-01
-5.738822535464638275e-01	1.072712145353618522e-02	2.210000000000000159e-02
1.840000000000000056e-03	5.162056370785361725e-01	4.428293328536184181e-03
-3.579519171463815992e-03	1.197999999999999933e-02	2.159126683285361725e-01
-5.714408472964638275e-01	1.028766832853618418e-02	2.212000000000000077e-02
1.860000000000000108e-03	5.064400120785361725e-01	4.867746453536184355e-03
-4.311941046463815992e-03	1.200000000000000025e-02	2.183540745785361725e-01
-5.812064722964638275e-01	1.058063707853618488e-02	2.213999999999999996e-02
1.879999999999999944e-03	5.235298558285361725e-01	4.428293328536184181e-03
-4.263112921463816166e-03	1.201999999999999943e-02	2.085884495785361725e-01
-5.799857691714638275e-01	1.014118395353618557e-02	2.215999999999999914e-02
1.899999999999999996e-03	5.137642308285361725e-01	4.867746453536184355e-03
-5.093191046463815819e-03	1.204000000000000035e-02	2.110298558285361725e-01
-5.885306910464638275e-01	1.043415270353618453e-02	2.217999999999999833e-02
1.920000000000000049e-03	5.308540745785361725e-01	4.477121453536184008e-03
-5.142019171463816513e-03	1.205999999999999954e-02	2.012642308285361725e-01
-5.873099879214638275e-01	1.004352770353618418e-02	2.220000000000000098e-02
1.940000000000000101e-03	5.223091527035361725e-01	4.916574578536184181e-03
-5.972097296463816166e-03	1.208000000000000046e-02	2.024849339535361725e-01
-5.958549097964638275e-01	1.033649645353618488e-02	2.222000000000000017e-02
1.959999999999999937e-03	5.381782933285361725e-01	4.525949578536184702e-03
-5.972097296463816166e-03	1.209999999999999964e-02	1.939400120785361725e-01
-5.946342066714638275e-01	9.897043328536185569e-03	2.223999999999999935e-02
1.979999999999999989e-03	5.296333714535361725e-01	5.014230828536184702e-03
-6.851003546463816513e-03	1.212000000000000056e-02	1.951607152035361725e-01
-6.043998316714638275e-01	1.019001207853618453e-02	2.225999999999999854e-02
2.000000000000000042e-03	5.467232152035361725e-01	4.623605828536184355e-03
-6.899831671463816339e-03	1.213999999999999975e-02	1.853950902035361725e-01
-6.031791285464638275e-01	9.799387078536184181e-03	2.228000000000000119e-02
2.020000000000000094e-03	5.369575902035361725e-01	5.111887078536184355e-03
-7.827566046463816513e-03	1.216000000000000067e-02	1.878364964535361725e-01
-6.117240504214638275e-01	1.004352770353618418e-02	2.230000000000000038e-02
2.040000000000000147e-03	5.540474339535361725e-01	4.721262078536184875e-03
-7.827566046463816513e-03	1.217999999999999985e-02	1.780708714535361725e-01
-6.105033472964638275e-01	9.652902703536185569e-03	2.231999999999999956e-02
2.060000000000000199e-03	5.442818089535361725e-01	5.258371453536184702e-03
-8.755300421463815819e-03	1.220000000000000077e-02	1.792915745785361725e-01
-6.190482691714638275e-01	9.945871453536184528e-03	2.233999999999999875e-02
2.079999999999999818e-03	5.625923558285361725e-01	4.818918328536184528e-03
-8.852956671463815472e-03	1.221999999999999996e-02	1.707466527035361725e-01
-6.178275660464638275e-01	9.506418328536185222e-03	2.236000000000000140e-02
2.099999999999999870e-03	5.528267308285361725e-01	5.307199578536184528e-03
-9.780691046463816513e-03	1.223999999999999914e-02	1.731880589535361725e-01
-6.263724879214638275e-01	9.799387078536184181e-03	2.238000000000000059e-02
2.119999999999999923e-03	5.686958714535361725e-01	4.916574578536184181e-03
-9.780691046463816513e-03	1.226000000000000006e-02	1.646431370785361725e-01
-6.251517847964638275e-01	9.359933953536184875e-03	2.239999999999999977e-02
2.139999999999999975e-03	5.601509495785361725e-01	5.404855828536184181e-03
-1.080608167146381721e-02	1.227999999999999925e-02	1.658638402035361725e-01
-6.349174097964638275e-01	9.701730828536184528e-03	2.241999999999999896e-02
2.160000000000000028e-03	5.772407933285361725e-01	5.014230828536184702e-03
-1.080608167146381721e-02	1.230000000000000017e-02	1.560982152035361725e-01
-6.336967066714638275e-01	9.262277703536185222e-03	2.244000000000000161e-02
2.180000000000000080e-03	5.674751683285361725e-01	5.453683953536184875e-03
-1.183147229646381617e-02	1.231999999999999935e-02	1.573189183285361725e-01
-6.422416285464638275e-01	9.604074578536184875e-03	2.246000000000000080e-02
2.200000000000000133e-03	5.845650120785361725e-01	5.063058953536184528e-03
-1.192912854646381582e-02	1.234000000000000027e-02	1.487739964535361725e-01
-6.410209254214638275e-01	9.164621453536183834e-03	2.247999999999999998e-02
2.220000000000000185e-03	5.760200902035361725e-01	5.502512078536184702e-03
-1.295451917146381651e-02	1.235999999999999946e-02	1.499946995785361725e-01
-6.495658472964638275e-01	9.506418328536185222e-03	2.249999999999999917e-02
2.239999999999999804e-03	5.931099339535361725e-01	5.063058953536184528e-03
-1.300334729646381721e-02	1.238000000000000038e-02	1.414497777035361725e-01
-6.483451441714638275e-01	9.066965203536184181e-03	2.251999999999999835e-02
2.259999999999999856e-03	5.833443089535361725e-01	5.453683953536184875e-03
-1.417522229646381651e-02	1.239999999999999956e-02	1.426704808285361725e-01
-6.581107691714638275e-01	9.457590203536184528e-03	2.254000000000000101e-02
2.279999999999999909e-03	6.004341527035361725e-01	5.111887078536184355e-03
-1.422405042146381721e-02	1.242000000000000048e-02	1.329048558285361725e-01
-6.568900660464638275e-01	9.018137078536185222e-03	2.256000000000000019e-02
2.299999999999999961e-03	5.906685277035361725e-01	5.453683953536184875e-03
-1.544475354646381721e-02	1.243999999999999967e-02	1.353462620785361725e-01
-6.666556910464638275e-01	9.408762078536185569e-03	2.257999999999999938e-02
2.320000000000000014e-03	6.077583714535361725e-01	5.063058953536184528e-03
-1.544475354646381721e-02	1.246000000000000059e-02	1.255806370785361725e-01
-6.642142847964638275e-01	8.920480828536183834e-03	2.259999999999999856e-02
2.340000000000000066e-03	5.979927464535361725e-01	5.404855828536184181e-03
-1.666545667146381721e-02	1.247999999999999977e-02	1.268013402035361725e-01
-6.727592066714638275e-01	9.408762078536185569e-03	2.262000000000000122e-02
2.360000000000000119e-03	6.163032933285361725e-01	5.063058953536184528e-03
-1.676311292146381512e-02	1.250000000000000069e-02	1.182564183285361725e-01
-6.715385035464638275e-01	8.920480828536183834e-03	2.264000000000000040e-02
2.380000000000000171e-03	6.065376683285361725e-01	5.404855828536184181e-03
-1.803264417146381582e-02	1.251999999999999988e-02	1.194771214535361725e-01
-6.813041285464638275e-01	9.359933953536184875e-03	2.265999999999999959e-02
2.399999999999999790e-03	6.236275120785361725e-01	5.063058953536184528e-03
-1.803264417146381582e-02	1.254000000000000080e-02	1.097114964535361725e-01
-6.788627222964638275e-01	8.871652703536184875e-03	2.267999999999999877e-02
2.419999999999999842e-03	6.138618870785361725e-01	5.404855828536184181e-03
-1.930217542146381651e-02	1.255999999999999998e-02	1.121529027035361725e-01
-6.886283472964638275e-01	9.359933953536184875e-03	2.270000000000000143e-02
2.439999999999999895e-03	6.309517308285361725e-01	5.063058953536184528e-03
-1.935100354646381721e-02	1.257999999999999917e-02	1.023872777035361725e-01
-6.874076441714638275e-01	8.871652703536184875e-03	2.272000000000000061e-02
2.459999999999999947e-03	6.224068089535361725e-01	5.404855828536184181e-03
-2.066936292146381859e-02	1.260000000000000009e-02	1.036079808285361725e-01
-6.971732691714638275e-01	9.311105828536184181e-03	2.273999999999999980e-02
2.480000000000000000e-03	6.394966527035361725e-01	5.063058953536184528e-03
-2.062053479646381790e-02	1.261999999999999927e-02	9.506305895353617252e-02
-6.959525660464638275e-01	8.822824578536184181e-03	2.275999999999999898e-02
2.500000000000000052e-03	6.297310277035361725e-01	5.404855828536184181e-03
-2.203655042146381721e-02	1.264000000000000019e-02	9.628376207853617252e-02
-7.044974879214638275e-01	9.262277703536185222e-03	2.278000000000000164e-02
2.520000000000000104e-03	6.468208714535361725e-01	5.063058953536184528e-03
-2.193889417146381582e-02	1.265999999999999938e-02	8.651813707853617252e-02
-7.032767847964638275e-01	8.822824578536184181e-03	2.280000000000000082e-02
2.540000000000000157e-03	6.382759495785361725e-01	5.356027703536184355e-03
-2.335490979646381859e-02	1.268000000000000030e-02	8.773884020353617252e-02
-7.118217066714638275e-01	9.262277703536185222e-03	2.282000000000000001e-02
2.560000000000000209e-03	6.541450902035361725e-01	5.014230828536184702e-03
-2.325725354646381721e-02	1.269999999999999948e-02	7.919391832853617252e-02
-7.106010035464638275e-01	8.822824578536184181e-03	2.283999999999999919e-02
2.579999999999999828e-03	6.456001683285361725e-01	5.307199578536184528e-03
-2.462444104646381582e-02	1.272000000000000040e-02	8.041462145353617252e-02
-7.203666285464638275e-01	9.359933953536184875e-03	2.285999999999999838e-02
2.599999999999999881e-03	6.626900120785361725e-01	4.965402703536184875e-03
-2.462444104646381582e-02	1.273999999999999959e-02	7.064899645353617252e-02
-7.179252222964638275e-01	8.920480828536183834e-03	2.288000000000000103e-02
2.619999999999999933e-03	6.529243870785361725e-01	5.209543328536184875e-03
-2.604045667146381859e-02	1.276000000000000051e-02	7.309040270353617252e-02
-7.276908472964638275e-01	9.604074578536184875e-03	2.290000000000000022e-02
2.639999999999999986e-03	6.700142308285361725e-01	4.867746453536184355e-03
-2.599162854646382137e-02	1.277999999999999969e-02	6.332477770353617252e-02
-7.252494410464638275e-01	9.115793328536184875e-03	2.291999999999999940e-02
2.660000000000000038e-03	6.602486058285361725e-01	5.111887078536184355e-03
-2.735881604646381998e-02	1.280000000000000061e-02	6.576618395353617252e-02
-7.350150660464638275e-01	9.848215203536184875e-03	2.293999999999999859e-02
2.680000000000000090e-03	6.773384495785361725e-01	4.770090203536184702e-03
-2.740764417146382068e-02	1.281999999999999980e-02	5.600055895353617252e-02
-7.337943629214638275e-01	9.359933953536184875e-03	2.296000000000000124e-02
2.700000000000000143e-03	6.675728245785361725e-01	4.965402703536184875e-03
-2.872600354646381859e-02	1.284000000000000072e-02	5.722126207853617252e-02
-7.435599879214638275e-01	1.023884020353618522e-02	2.298000000000000043e-02
2.720000000000000195e-03	6.858833714535361725e-01	4.574777703536184528e-03
-2.882365979646381998e-02	1.285999999999999990e-02	4.867634020353617252e-02
-7.411185816714638275e-01	9.701730828536184528e-03	2.299999999999999961e-02
2.739999999999999814e-03	6.748970433285361725e-01	4.770090203536184702e-03
-3.014201917146382137e-02	1.288000000000000082e-02	4.989704332853617252e-02
-7.508842066714638275e-01	1.067829332853618453e-02	2.301999999999999880e-02
2.759999999999999867e-03	6.932075902035361725e-01	4.428293328536184181e-03
-3.023967542146381929e-02	1.290000000000000001e-02	4.013141832853617252e-02
-7.484428004214638275e-01	1.009235582853618488e-02	2.304000000000000145e-02
2.779999999999999919e-03	6.834419652035361725e-01	4.623605828536184355e-03
-3.150920667146381998e-02	1.291999999999999919e-02	4.257282457853617252e-02
-7.582084254214638275e-01	1.106891832853618488e-02	2.306000000000000064e-02
2.799999999999999972e-03	7.005318089535361725e-01	4.232980828536184008e-03
-3.165569104646381859e-02	1.294000000000000011e-02	3.280719957853617252e-02
-7.569877222964638275e-01	1.048298082853618522e-02	2.307999999999999982e-02
2.820000000000000024e-03	6.907661839535361725e-01	4.477121453536184008e-03
-3.292522229646382276e-02	1.295999999999999930e-02	3.524860582853617252e-02
-7.655326441714638275e-01	1.145954332853618522e-02	2.309999999999999901e-02
2.840000000000000076e-03	7.078560277035361725e-01	4.086496453536184528e-03
-3.302287854646381721e-02	1.298000000000000022e-02	2.548298082853617252e-02
-7.643119410464638275e-01	1.087360582853618557e-02	2.312000000000000166e-02
2.860000000000000129e-03	6.993111058285361725e-01	4.330637078536184528e-03
-3.434123792146381859e-02	1.299999999999999940e-02	2.670368395353617252e-02
-7.728568629214638275e-01	1.185016832853618557e-02	2.314000000000000085e-02
2.880000000000000181e-03	7.164009495785361725e-01	3.891183953536184355e-03
-3.439006604646382276e-02	1.302000000000000032e-02	1.693805895353617252e-02
-7.716361597964638275e-01	1.126423082853618418e-02	2.316000000000000003e-02
2.899999999999999800e-03	7.066353245785361725e-01	4.135324578536184355e-03
-3.575725354646382137e-02	1.303999999999999951e-02	1.937946520353617252e-02
-7.814017847964638275e-01	1.214313707853618453e-02	2.317999999999999922e-02
2.919999999999999853e-03	7.237251683285361725e-01	3.744699578536184442e-03
-3.585490979646382276e-02	1.306000000000000043e-02	9.613840203536172524e-03
-7.789603785464638275e-01	1.165485582853618453e-02	2.319999999999999840e-02
2.939999999999999905e-03	7.139595433285361725e-01	3.988840203536184008e-03
-3.712444104646381998e-02	1.307999999999999961e-02	1.205524645353617252e-02
-7.887260035464638275e-01	1.248493395353618418e-02	2.322000000000000106e-02
2.959999999999999958e-03	7.310493870785361725e-01	3.598215203536184528e-03
-3.717326917146381721e-02	1.310000000000000053e-02	2.289621453536172524e-03
-7.875053004214638275e-01	1.194782457853618522e-02	2.324000000000000024e-02
2.980000000000000010e-03	7.212837620785361725e-01	3.842355828536184528e-03
-3.849162854646381859e-02	1.311999999999999972e-02	3.510324578536172524e-03
-7.960502222964638275e-01	1.277790270353618488e-02	2.325999999999999943e-02
3.000000000000000062e-03	7.383736058285361725e-01	3.451730828536184181e-03
-3.858928479646381998e-02	1.314000000000000064e-02	-6.255300421463827476e-03
-7.948295191714638275e-01	1.224079332853618418e-02	2.327999999999999861e-02
3.020000000000000115e-03	7.298286839535361725e-01	3.744699578536184442e-03
-3.976115979646382276e-02	1.315999999999999982e-02	-3.813894171463827476e-03
-8.045951441714638275e-01	1.302204332853618488e-02	2.330000000000000127e-02
3.040000000000000167e-03	7.469185277035361725e-01	3.354074578536184528e-03
-3.985881604646382415e-02	1.318000000000000074e-02	-1.357951917146382748e-02
-8.021537379214638275e-01	1.258259020353618557e-02	2.332000000000000045e-02
3.059999999999999786e-03	7.371529027035361725e-01	3.647043328536184355e-03
-4.107951917146382415e-02	1.319999999999999993e-02	-1.113811292146382748e-02
-8.119193629214638275e-01	1.331501207853618557e-02	2.333999999999999964e-02
3.079999999999999839e-03	7.542427464535361725e-01	3.305246453536184268e-03
-4.122600354646382276e-02	1.322000000000000085e-02	-2.090373792146382748e-02
-8.106986597964638275e-01	1.287555895353618453e-02	2.335999999999999882e-02
3.099999999999999891e-03	7.444771214535361725e-01	3.598215203536184528e-03
-4.244670667146382276e-02	1.324000000000000003e-02	-1.968303479646382748e-02
-8.192435816714638275e-01	1.360798082853618453e-02	2.338000000000000148e-02
3.119999999999999944e-03	7.615669652035361725e-01	3.256418328536184442e-03
-4.254436292146382415e-02	1.325999999999999922e-02	-2.822795667146382748e-02
-8.180228785464638275e-01	1.316852770353618522e-02	2.340000000000000066e-02
3.139999999999999996e-03	7.518013402035361725e-01	3.598215203536184528e-03
-4.376506604646382415e-02	1.328000000000000014e-02	-2.700725354646382748e-02
-8.277885035464638275e-01	1.385212145353618453e-02	2.341999999999999985e-02
3.160000000000000048e-03	7.701118870785361725e-01	3.207590203536184181e-03
-4.386272229646381859e-02	1.329999999999999932e-02	-3.555217542146382748e-02
-8.253470972964638275e-01	1.341266832853618522e-02	2.343999999999999903e-02
3.180000000000000101e-03	7.603462620785361725e-01	3.598215203536184528e-03
-4.513225354646382276e-02	1.332000000000000024e-02	-3.433147229646382748e-02
-8.351127222964638275e-01	1.409626207853618453e-02	2.346000000000000169e-02
3.200000000000000153e-03	7.774361058285361725e-01	3.207590203536184181e-03
-4.527873792146382137e-02	1.333999999999999943e-02	-4.409709729646382748e-02
-8.338920191714638275e-01	1.365680895353618522e-02	2.348000000000000087e-02
3.220000000000000206e-03	7.676704808285361725e-01	3.647043328536184355e-03
-4.654826917146381859e-02	1.336000000000000035e-02	-4.287639417146382748e-02
-8.424369410464638275e-01	1.424274645353618488e-02	2.350000000000000006e-02
3.239999999999999825e-03	7.847603245785361725e-01	3.256418328536184442e-03
-4.664592542146381998e-02	1.337999999999999953e-02	-5.142131604646382748e-02
-8.412162379214638275e-01	1.385212145353618453e-02	2.351999999999999924e-02
3.259999999999999877e-03	7.749946995785361725e-01	3.695871453536184181e-03
-4.801311292146381859e-02	1.340000000000000045e-02	-5.020061292146382748e-02
-8.509818629214638275e-01	1.438923082853618522e-02	2.353999999999999843e-02
3.279999999999999930e-03	7.933052464535361725e-01	3.305246453536184268e-03
-4.811076917146381998e-02	1.341999999999999964e-02	-5.874553479646382748e-02
-8.485404566714638275e-01	1.399860582853618488e-02	2.356000000000000108e-02
3.299999999999999982e-03	7.835396214535361725e-01	3.744699578536184442e-03
-4.942912854646382137e-02	1.344000000000000056e-02	-5.752483167146382748e-02
-8.583060816714638275e-01	1.453571520353618557e-02	2.358000000000000027e-02
3.320000000000000034e-03	8.006294652035361725e-01	3.354074578536184528e-03
-4.957561292146381998e-02	1.345999999999999974e-02	-6.729045667146382748e-02
-8.558646754214638275e-01	1.414509020353618522e-02	2.359999999999999945e-02
3.340000000000000087e-03	7.908638402035361725e-01	3.793527703536184268e-03
-5.089397229646382137e-02	1.348000000000000066e-02	-6.606975354646382748e-02
-8.656303004214638275e-01	1.463337145353618522e-02	2.361999999999999864e-02
3.360000000000000139e-03	8.079536839535361725e-01	3.402902703536184355e-03
-5.099162854646382276e-02	1.349999999999999985e-02	-7.461467542146382748e-02
-8.644095972964638275e-01	1.419391832853618418e-02	2.364000000000000129e-02
3.380000000000000192e-03	7.994087620785361725e-01	3.793527703536184268e-03
-5.226115979646381998e-02	1.352000000000000077e-02	-7.339397229646382748e-02
-8.741752222964638275e-01	1.473102770353618488e-02	2.366000000000000048e-02
3.399999999999999811e-03	8.164986058285361725e-01	3.451730828536184181e-03
-5.235881604646382137e-02	1.353999999999999995e-02	-8.193889417146382748e-02
-8.717338160464638275e-01	1.434040270353618453e-02	2.367999999999999966e-02
3.419999999999999863e-03	8.067329808285361725e-01	3.793527703536184268e-03
-5.362834729646381859e-02	1.355999999999999914e-02	-8.071819104646382748e-02
-8.814994410464638275e-01	1.482868395353618453e-02	2.369999999999999885e-02
3.439999999999999915e-03	8.238228245785361725e-01	3.451730828536184181e-03
-5.372600354646381998e-02	1.358000000000000006e-02	-9.048381604646382748e-02
-8.790580347964638275e-01	1.443805895353618418e-02	2.372000000000000150e-02
3.459999999999999968e-03	8.140571995785361725e-01	3.842355828536184528e-03
-5.494670667146381998e-02	1.359999999999999924e-02	-8.804240979646382748e-02
-8.888236597964638275e-01	1.502399645353618557e-02	2.374000000000000069e-02
3.480000000000000020e-03	8.311470433285361725e-01	3.500558953536184442e-03
-5.509319104646381859e-02	1.362000000000000016e-02	-9.780803479646382748e-02
-8.876029566714638275e-01	1.458454332853618453e-02	2.375999999999999987e-02
3.500000000000000073e-03	8.213814183285361725e-01	3.891183953536184355e-03
-5.626506604646382137e-02	1.363999999999999935e-02	-9.536662854646382748e-02
-8.973685816714638275e-01	1.517048082853618418e-02	2.377999999999999906e-02
3.520000000000000125e-03	8.384712620785361725e-01	3.549387078536184268e-03
-5.636272229646382276e-02	1.366000000000000027e-02	-1.051322535464638275e-01
-8.949271754214638275e-01	1.473102770353618488e-02	2.380000000000000171e-02
3.540000000000000178e-03	8.299263402035361725e-01	3.988840203536184008e-03
-5.753459729646381859e-02	1.367999999999999945e-02	-1.039115504214638275e-01
-9.046928004214638275e-01	1.541462145353618418e-02	2.382000000000000089e-02
3.559999999999999797e-03	8.457954808285361725e-01	3.647043328536184355e-03
-5.763225354646381998e-02	1.370000000000000037e-02	-1.124564722964638275e-01
-9.022513941714638275e-01	1.492634020353618418e-02	2.384000000000000008e-02
3.579999999999999849e-03	8.372505589535361725e-01	4.086496453536184528e-03
-5.875530042146381859e-02	1.371999999999999956e-02	-1.112357691714638275e-01
-9.120170191714638275e-01	1.565876207853618418e-02	2.385999999999999927e-02
3.599999999999999901e-03	8.543404027035361725e-01	3.744699578536184442e-03
-5.885295667146381998e-02	1.374000000000000048e-02	-1.210013941714638275e-01
-9.107963160464638275e-01	1.517048082853618418e-02	2.387999999999999845e-02
3.619999999999999954e-03	8.445747777035361725e-01	4.184152703536184181e-03
-5.997600354646381859e-02	1.375999999999999966e-02	-1.197806910464638275e-01
-9.193412379214638275e-01	1.595173082853618488e-02	2.390000000000000110e-02
3.640000000000000006e-03	8.616646214535361725e-01	3.842355828536184528e-03
-6.007365979646381998e-02	1.378000000000000058e-02	-1.283256129214638275e-01
-9.181205347964638275e-01	1.551227770353618557e-02	2.392000000000000029e-02
3.660000000000000059e-03	8.518989964535361725e-01	4.330637078536184528e-03
-6.114787854646382137e-02	1.379999999999999977e-02	-1.271049097964638275e-01
-9.266654566714638275e-01	1.629352770353618626e-02	2.393999999999999947e-02
3.680000000000000111e-03	8.689888402035361725e-01	3.940012078536184181e-03
-6.119670667146381859e-02	1.382000000000000069e-02	-1.368705347964638275e-01
-9.254447535464638275e-01	1.580524645353618626e-02	2.395999999999999866e-02
3.700000000000000164e-03	8.592232152035361725e-01	4.379465203536184355e-03
-6.222209729646382276e-02	1.383999999999999987e-02	-1.344291285464638275e-01
-9.339896754214638275e-01	1.668415270353618488e-02	2.398000000000000131e-02
3.720000000000000216e-03	8.775337620785361725e-01	3.988840203536184008e-03
-6.227092542146381998e-02	1.386000000000000079e-02	-1.441947535464638275e-01
-9.327689722964638275e-01	1.614704332853618418e-02	2.400000000000000050e-02
3.739999999999999835e-03	8.677681370785361725e-01	4.379465203536184355e-03
-6.324748792146382692e-02	1.387999999999999998e-02	-1.417533472964638275e-01
-9.425345972964638275e-01	1.712360582853618418e-02	2.401999999999999968e-02
3.759999999999999887e-03	8.848579808285361725e-01	3.988840203536184008e-03
-6.334514417146382137e-02	1.389999999999999916e-02	-1.527396754214638275e-01
-9.400931910464638275e-01	1.658649645353618349e-02	2.403999999999999887e-02
3.779999999999999940e-03	8.750923558285361725e-01	4.379465203536184355e-03
-6.427287854646382415e-02	1.392000000000000008e-02	-1.502982691714638275e-01
-9.498588160464638275e-01	1.766071520353618488e-02	2.406000000000000152e-02
3.799999999999999992e-03	8.921821995785361725e-01	3.988840203536184008e-03
-6.432170667146382137e-02	1.393999999999999927e-02	-1.600638941714638275e-01
-9.486381129214638275e-01	1.702594957853618626e-02	2.408000000000000071e-02
3.820000000000000045e-03	8.824165745785361725e-01	4.379465203536184355e-03
-6.520061292146382692e-02	1.396000000000000019e-02	-1.576224879214638275e-01
-9.584037379214638275e-01	1.819782457853618557e-02	2.409999999999999989e-02
3.840000000000000097e-03	8.995064183285361725e-01	3.940012078536184181e-03
-6.524944104646382415e-02	1.397999999999999937e-02	-1.673881129214638275e-01
-9.559623316714638275e-01	1.756305895353618349e-02	2.411999999999999908e-02
3.860000000000000150e-03	8.909614964535361725e-01	4.330637078536184528e-03
-6.607951917146381859e-02	1.400000000000000029e-02	-1.649467066714638275e-01
-9.657279566714638275e-01	1.878376207853618696e-02	2.414000000000000173e-02
3.880000000000000202e-03	9.080513402035361725e-01	3.940012078536184181e-03
-6.607951917146381859e-02	1.401999999999999948e-02	-1.747123316714638275e-01
-9.632865504214638275e-01	1.814899645353618488e-02	2.416000000000000092e-02
3.899999999999999821e-03	8.982857152035361725e-01	4.281808953536184702e-03
-6.686076917146381582e-02	1.404000000000000040e-02	-1.734916285464638275e-01
-9.730521754214638275e-01	1.946735582853618626e-02	2.418000000000000010e-02
3.919999999999999873e-03	9.153755589535361725e-01	3.891183953536184355e-03
-6.686076917146381582e-02	1.405999999999999958e-02	-1.820365504214638275e-01
-9.706107691714638275e-01	1.878376207853618696e-02	2.419999999999999929e-02
3.939999999999999926e-03	9.056099339535361725e-01	4.281808953536184702e-03
-6.759319104646381582e-02	1.408000000000000050e-02	-1.808158472964638275e-01
-9.815970972964638275e-01	2.015094957853618557e-02	2.421999999999999847e-02
3.959999999999999978e-03	9.239204808285361725e-01	3.891183953536184355e-03
-6.754436292146381859e-02	1.409999999999999969e-02	-1.905814722964638275e-01
-9.791556910464638275e-01	1.941852770353618557e-02	2.424000000000000113e-02
3.980000000000000031e-03	9.141548558285361725e-01	4.232980828536184008e-03
-6.817912854646382415e-02	1.412000000000000061e-02	-1.893607691714638275e-01
-9.889213160464638275e-01	2.088337145353618557e-02	2.426000000000000031e-02
4.000000000000000083e-03	9.312446995785361725e-01	3.891183953536184355e-03
-6.817912854646382415e-02	1.413999999999999979e-02	-1.979056910464638275e-01
-9.864799097964638275e-01	2.015094957853618557e-02	2.427999999999999950e-02
4.020000000000000136e-03	9.226997777035361725e-01	4.232980828536184008e-03
-6.881389417146381582e-02	1.416000000000000071e-02	-1.966849879214638275e-01
-9.962455347964638275e-01	2.166462145353618626e-02	2.429999999999999868e-02
4.040000000000000188e-03	9.385689183285361725e-01	3.891183953536184355e-03
-6.876506604646381859e-02	1.417999999999999990e-02	-2.064506129214638275e-01
-9.938041285464638275e-01	2.088337145353618557e-02	2.432000000000000134e-02
4.060000000000000241e-03	9.300239964535361725e-01	4.184152703536184181e-03
-6.930217542146381582e-02	1.420000000000000082e-02	-2.040092066714638275e-01
-1.003569753546463827e+00	2.259235582853618557e-02	2.434000000000000052e-02
4.080000000000000293e-03	9.458931370785361725e-01	3.842355828536184528e-03
-6.925334729646381859e-02	1.422000000000000000e-02	-2.137748316714638275e-01
-9.925834254214638275e-01	2.171344957853618696e-02	2.435999999999999971e-02
4.100000000000000346e-03	9.373482152035361725e-01	4.135324578536184355e-03
-6.983928479646382692e-02	1.423999999999999919e-02	-2.113334254214638275e-01
-1.001128347296463827e+00	2.347126207853618418e-02	2.437999999999999889e-02
4.120000000000000398e-03	9.544380589535361725e-01	3.793527703536184268e-03
-6.979045667146381582e-02	1.426000000000000011e-02	-2.210990504214638275e-01
-9.852592066714638275e-01	2.259235582853618557e-02	2.440000000000000155e-02
4.139999999999999583e-03	9.446724339535361725e-01	4.086496453536184528e-03
-7.032756604646382692e-02	1.427999999999999929e-02	-2.198783472964638275e-01
-9.938041285464638275e-01	2.449665270353618488e-02	2.442000000000000073e-02
4.159999999999999636e-03	9.617622777035361725e-01	3.744699578536184442e-03
-7.022990979646381859e-02	1.430000000000000021e-02	-2.284232691714638275e-01
-9.767142847964638275e-01	2.352009020353618488e-02	2.443999999999999992e-02
4.179999999999999688e-03	9.532173558285361725e-01	3.988840203536184008e-03
-7.076701917146381582e-02	1.431999999999999940e-02	-2.272025660464638275e-01
-9.864799097964638275e-01	2.557087145353618279e-02	2.445999999999999910e-02
4.199999999999999740e-03	9.703071995785361725e-01	3.647043328536184355e-03
-7.066936292146382137e-02	1.434000000000000032e-02	-2.369681910464638275e-01
-9.693900660464638275e-01	2.454548082853618557e-02	2.447999999999999829e-02
4.219999999999999793e-03	9.605415745785361725e-01	3.891183953536184355e-03
-7.110881604646382415e-02	1.435999999999999950e-02	-2.345267847964638275e-01
-9.791556910464638275e-01	2.669391832853618141e-02	2.450000000000000094e-02
4.239999999999999845e-03	9.764107152035361725e-01	3.549387078536184268e-03
-7.096233167146381859e-02	1.438000000000000042e-02	-2.442924097964638275e-01
-9.620658472964638275e-01	2.561969957853618349e-02	2.452000000000000013e-02
4.259999999999999898e-03	9.678657933285361725e-01	3.793527703536184268e-03
-7.135295667146382415e-02	1.439999999999999961e-02	-2.418510035464638275e-01
-9.718314722964638275e-01	2.786579332853618418e-02	2.453999999999999931e-02
4.279999999999999950e-03	9.849556370785361725e-01	3.451730828536184181e-03
-7.110881604646382415e-02	1.442000000000000053e-02	-2.516166285464638275e-01
-9.547416285464638275e-01	2.679157457853618279e-02	2.455999999999999850e-02
4.300000000000000003e-03	9.764107152035361725e-01	3.744699578536184442e-03
-7.149944104646381582e-02	1.443999999999999971e-02	-2.503959254214638275e-01
-9.632865504214638275e-01	2.908649645353618418e-02	2.458000000000000115e-02
4.320000000000000055e-03	9.922798558285361725e-01	3.354074578536184528e-03
-7.110881604646382415e-02	1.446000000000000063e-02	-2.601615504214638275e-01
-9.461967066714638275e-01	2.796344957853618210e-02	2.460000000000000034e-02
4.340000000000000108e-03	9.825142308285361725e-01	3.695871453536184181e-03
-7.149944104646381582e-02	1.447999999999999982e-02	-2.589408472964638275e-01
-9.559623316714638275e-01	3.040485582853618210e-02	2.461999999999999952e-02
4.360000000000000160e-03	1.000824777703536173e+00	3.256418328536184442e-03
-7.081584729646382692e-02	1.450000000000000074e-02	-2.674857691714638275e-01
-9.388724879214638275e-01	2.923298082853618279e-02	2.463999999999999871e-02
4.380000000000000213e-03	9.910591527035361725e-01	3.598215203536184528e-03
-7.135295667146382415e-02	1.451999999999999992e-02	-2.662650660464638275e-01
-9.486381129214638275e-01	3.172321520353618002e-02	2.466000000000000136e-02
4.400000000000000265e-03	1.008148996453536173e+00	3.207590203536184181e-03
-7.037639417146382415e-02	1.454000000000000084e-02	-2.748099879214638275e-01
-9.315482691714638275e-01	3.045368395353618279e-02	2.468000000000000055e-02
4.420000000000000318e-03	9.983833714535361725e-01	3.549387078536184268e-03
-7.101115979646381582e-02	1.456000000000000003e-02	-2.735892847964638275e-01
-9.413138941714638275e-01	3.313923082853618279e-02	2.469999999999999973e-02
4.440000000000000370e-03	1.015473215203536173e+00	3.109933953536184528e-03
-6.964397229646382415e-02	1.457999999999999921e-02	-2.833549097964638275e-01
-9.242240504214638275e-01	3.182087145353618141e-02	2.471999999999999892e-02
4.460000000000000422e-03	1.006928293328536173e+00	3.500558953536184442e-03
-7.042522229646382137e-02	1.460000000000000013e-02	-2.809135035464638275e-01
-9.327689722964638275e-01	3.455524645353618557e-02	2.474000000000000157e-02
4.479999999999999608e-03	1.022797433953536173e+00	3.061105828536184268e-03
-6.886272229646382692e-02	1.461999999999999932e-02	-2.906791285464638275e-01
-9.168998316714638275e-01	3.318805895353618002e-02	2.476000000000000076e-02
4.499999999999999660e-03	1.013031808953536173e+00	3.402902703536184355e-03
-6.969280042146382137e-02	1.464000000000000024e-02	-2.882377222964638275e-01
-9.254447535464638275e-01	3.602009020353618557e-02	2.477999999999999994e-02
4.519999999999999712e-03	1.031342355828536173e+00	2.914621453536184355e-03
-6.778850354646381859e-02	1.465999999999999942e-02	-2.980033472964638275e-01
-9.095756129214638275e-01	3.465290270353618002e-02	2.479999999999999913e-02
4.539999999999999765e-03	1.021576730828536173e+00	3.256418328536184442e-03
-6.881389417146381582e-02	1.468000000000000034e-02	-2.967826441714638275e-01
-9.193412379214638275e-01	3.753376207853618279e-02	2.481999999999999831e-02
4.559999999999999817e-03	1.038666574578536173e+00	2.768137078536184442e-03
-6.661662854646381582e-02	1.469999999999999953e-02	-3.065482691714638275e-01
-9.010306910464638275e-01	3.611774645353618002e-02	2.484000000000000097e-02
4.579999999999999870e-03	1.030121652703536173e+00	3.061105828536184268e-03
-6.769084729646382415e-02	1.472000000000000045e-02	-3.041068629214638275e-01
-9.107963160464638275e-01	3.904743395353618696e-02	2.486000000000000015e-02
4.599999999999999922e-03	1.045990793328536173e+00	2.572824578536184268e-03
-6.544475354646382692e-02	1.473999999999999963e-02	-3.138724879214638275e-01
-8.949271754214638275e-01	3.763141832853618418e-02	2.487999999999999934e-02
4.619999999999999975e-03	1.036225168328536173e+00	2.865793328536184528e-03
-6.656780042146381859e-02	1.476000000000000055e-02	-3.114310816714638275e-01
-9.034720972964638275e-01	4.051227770353618696e-02	2.489999999999999852e-02
4.640000000000000027e-03	1.054535715203536173e+00	2.328683953536184268e-03
-6.417522229646381582e-02	1.477999999999999974e-02	-3.211967066714638275e-01
-8.863822535464638275e-01	3.914509020353618141e-02	2.492000000000000118e-02
4.660000000000000080e-03	1.044770090203536173e+00	2.621652703536184528e-03
-6.529826917146382137e-02	1.480000000000000066e-02	-3.199760035464638275e-01
-8.961478785464638275e-01	4.207477770353618141e-02	2.494000000000000036e-02
4.680000000000000132e-03	1.061859933953536173e+00	2.084543328536184268e-03
-6.295451917146381582e-02	1.481999999999999984e-02	-3.285209254214638275e-01
-8.790580347964638275e-01	4.070759020353618279e-02	2.495999999999999955e-02
4.700000000000000185e-03	1.052094308953536173e+00	2.377512078536184528e-03
-6.412639417146381859e-02	1.484000000000000076e-02	-3.273002222964638275e-01
-8.888236597964638275e-01	4.353962145353618141e-02	2.497999999999999873e-02
4.720000000000000237e-03	1.069184152703536173e+00	1.889230828536184311e-03
-6.163615979646382137e-02	1.485999999999999995e-02	-3.370658472964638275e-01
-8.717338160464638275e-01	4.217243395353618279e-02	2.500000000000000139e-02
4.740000000000000289e-03	1.060639230828536173e+00	2.133371453536184095e-03
-6.285686292146382137e-02	1.488000000000000086e-02	-3.358451441714638275e-01
-8.814994410464638275e-01	4.500446520353618141e-02	2.502000000000000057e-02
4.760000000000000342e-03	1.077729074578536173e+00	1.645090203536184311e-03
-6.031780042146381998e-02	1.490000000000000005e-02	-3.443900660464638275e-01
-8.631888941714638275e-01	4.363727770353618279e-02	2.503999999999999976e-02
4.780000000000000394e-03	1.067963449578536173e+00	1.889230828536184311e-03
-6.153850354646381998e-02	1.491999999999999924e-02	-3.431693629214638275e-01
-8.729545191714638275e-01	4.646930895353618141e-02	2.505999999999999894e-02
4.799999999999999580e-03	1.085053293328536173e+00	1.449777703536184355e-03
-5.895061292146382137e-02	1.494000000000000015e-02	-3.517142847964638275e-01
-8.570853785464638275e-01	4.510212145353618279e-02	2.508000000000000160e-02
4.819999999999999632e-03	1.075287668328536173e+00	1.742746453536184181e-03
-6.022014417146381859e-02	1.495999999999999934e-02	-3.504935816714638275e-01
-8.656303004214638275e-01	4.783649645353618696e-02	2.510000000000000078e-02
4.839999999999999684e-03	1.092377512078536173e+00	1.303293328536184225e-03
-5.748576917146382137e-02	1.498000000000000026e-02	-3.590385035464638275e-01
-8.485404566714638275e-01	4.656696520353618279e-02	2.511999999999999997e-02
4.859999999999999737e-03	1.083832590203536173e+00	1.547433953536184225e-03
-5.885295667146381998e-02	1.499999999999999944e-02	-3.578178004214638275e-01
-8.583060816714638275e-01	4.925251207853618279e-02	2.513999999999999915e-02
4.879999999999999789e-03	1.100922433953536173e+00	1.156808953536184311e-03
-5.602092542146382137e-02	1.502000000000000036e-02	-3.675834254214638275e-01
-8.412162379214638275e-01	4.793415270353618141e-02	2.515999999999999834e-02
4.899999999999999842e-03	1.091156808953536173e+00	1.352121453536184268e-03
-5.738811292146381998e-02	1.503999999999999955e-02	-3.663627222964638275e-01
-8.509818629214638275e-01	5.071735582853618279e-02	2.518000000000000099e-02
4.919999999999999894e-03	1.108246652703536173e+00	9.614964535361842464e-04
-5.455608167146382137e-02	1.506000000000000047e-02	-3.749076441714638275e-01
-8.326713160464638275e-01	4.939899645353618141e-02	2.520000000000000018e-02
4.939999999999999947e-03	1.098481027703536173e+00	1.205637078536184355e-03
-5.592326917146381998e-02	1.507999999999999965e-02	-3.736869410464638275e-01
-8.436576441714638275e-01	5.213337145353618557e-02	2.521999999999999936e-02
4.959999999999999999e-03	1.115570871453536173e+00	7.661839535361841813e-04
-5.304240979646382415e-02	1.510000000000000057e-02	-3.822318629214638275e-01
-8.265678004214638275e-01	5.081501207853618418e-02	2.523999999999999855e-02
4.980000000000000052e-03	1.105805246453536173e+00	9.614964535361842464e-04
-5.440959729646382276e-02	1.511999999999999976e-02	-3.810111597964638275e-01
-8.351127222964638275e-01	5.345173082853618696e-02	2.526000000000000120e-02
5.000000000000000104e-03	1.122895090203536173e+00	5.708714535361842247e-04
-5.157756604646382415e-02	1.514000000000000068e-02	-3.907767847964638275e-01
-8.180228785464638275e-01	5.223102770353618696e-02	2.528000000000000039e-02
5.020000000000000157e-03	1.113129465203536173e+00	8.150120785361842247e-04
-5.294475354646382276e-02	1.515999999999999986e-02	-3.895560816714638275e-01
-8.277885035464638275e-01	5.486774645353618279e-02	2.529999999999999957e-02
5.040000000000000209e-03	1.131440012078536173e+00	3.755589535361842138e-04
-5.006389417146381998e-02	1.518000000000000078e-02	-3.981010035464638275e-01
-8.106986597964638275e-01	5.359821520353618557e-02	2.531999999999999876e-02
5.060000000000000261e-03	1.121674387078536173e+00	6.196995785361842680e-04
-5.143108167146381859e-02	1.519999999999999997e-02	-3.968803004214638275e-01
-8.204642847964638275e-01	5.613727770353618696e-02	2.534000000000000141e-02
5.080000000000000314e-03	1.138764230828536173e+00	1.802464535361842030e-04
-4.859905042146381998e-02	1.521999999999999915e-02	-4.054252222964638275e-01
-8.033744410464638275e-01	5.496540270353618418e-02	2.536000000000000060e-02
5.100000000000000366e-03	1.128998605828536173e+00	4.732152035361841922e-04
-4.991740979646382137e-02	1.524000000000000007e-02	-4.042045191714638275e-01
-8.119193629214638275e-01	5.750446520353618557e-02	2.537999999999999978e-02
5.120000000000000419e-03	1.146088449578536173e+00	3.376207853618418131e-05
-4.708537854646382276e-02	1.525999999999999926e-02	-4.139701441714638275e-01
-7.948295191714638275e-01	5.623493395353618141e-02	2.539999999999999897e-02
5.139999999999999604e-03	1.136322824578536173e+00	3.755589535361842138e-04
-4.845256604646382137e-02	1.528000000000000018e-02	-4.127494410464638275e-01
-8.045951441714638275e-01	5.877399645353618279e-02	2.542000000000000162e-02
5.159999999999999656e-03	1.154633371453536173e+00	-6.389417146381582411e-05
-4.566936292146381998e-02	1.529999999999999936e-02	-4.225150660464638275e-01
-7.875053004214638275e-01	5.755329332853618279e-02	2.544000000000000081e-02
5.179999999999999709e-03	1.144867746453536173e+00	2.779027035361841813e-04
-4.698772229646382137e-02	1.532000000000000028e-02	-4.200736597964638275e-01
-7.972709254214638275e-01	6.004352770353618696e-02	2.545999999999999999e-02
5.199999999999999761e-03	1.161957590203536173e+00	-1.127222964638158268e-04
-4.415569104646382276e-02	1.533999999999999947e-02	-4.298392847964638275e-01
-7.801810816714638275e-01	5.887165270353618418e-02	2.547999999999999918e-02
5.219999999999999814e-03	1.152191965203536173e+00	2.779027035361841813e-04
-4.552287854646382137e-02	1.536000000000000039e-02	-4.273978785464638275e-01
-7.899467066714638275e-01	6.131305895353618418e-02	2.549999999999999836e-02
5.239999999999999866e-03	1.169281808953536173e+00	-1.127222964638158268e-04
-4.273967542146381998e-02	1.537999999999999957e-02	-4.371635035464638275e-01
-7.728568629214638275e-01	6.014118395353618141e-02	2.552000000000000102e-02
5.259999999999999919e-03	1.159516183953536173e+00	2.290745785361841922e-04
-4.405803479646382137e-02	1.540000000000000049e-02	-4.359428004214638275e-01
-7.814017847964638275e-01	6.258259020353618141e-02	2.554000000000000020e-02
5.279999999999999971e-03	1.176606027703536173e+00	-1.615504214638158295e-04
-4.127483167146381998e-02	1.541999999999999968e-02	-4.444877222964638275e-01
-7.655326441714638275e-01	6.141071520353618557e-02	2.555999999999999939e-02
5.300000000000000024e-03	1.166840402703536173e+00	2.290745785361841922e-04
-4.259319104646382137e-02	1.544000000000000060e-02	-4.432670191714638275e-01
-7.740775660464638275e-01	6.394977770353618696e-02	2.557999999999999857e-02
5.320000000000000076e-03	1.183930246453536173e+00	-2.103785464638158187e-04
-3.985881604646382415e-02	1.545999999999999978e-02	-4.530326441714638275e-01
-7.569877222964638275e-01	6.268024645353618973e-02	2.560000000000000123e-02
5.340000000000000129e-03	1.175385324578536173e+00	1.802464535361842030e-04
-4.112834729646382137e-02	1.548000000000000070e-02	-4.505912379214638275e-01
-7.667533472964638275e-01	6.526813707853618141e-02	2.562000000000000041e-02
5.360000000000000181e-03	1.192475168328536173e+00	-2.103785464638158187e-04
-3.839397229646382415e-02	1.549999999999999989e-02	-4.603568629214638275e-01
-7.496635035464638275e-01	6.404743395353618141e-02	2.563999999999999960e-02
5.380000000000000233e-03	1.182709543328536173e+00	1.314183285361841867e-04
-3.976115979646382276e-02	1.552000000000000081e-02	-4.579154566714638275e-01
-7.594291285464638275e-01	6.658649645353618973e-02	2.565999999999999878e-02
5.400000000000000286e-03	1.199799387078536173e+00	-2.592066714638158078e-04
-3.702678479646381859e-02	1.553999999999999999e-02	-4.676810816714638275e-01
-7.423392847964638275e-01	6.536579332853618973e-02	2.568000000000000144e-02
5.420000000000000338e-03	1.191254465203536173e+00	8.259020353618418402e-05
-3.834514417146381998e-02	1.555999999999999918e-02	-4.664603785464638275e-01
-7.521049097964638275e-01	6.795368395353618141e-02	2.570000000000000062e-02
5.440000000000000391e-03	1.207123605828536173e+00	-3.080347964638158512e-04
-3.565959729646381998e-02	1.558000000000000010e-02	-4.762260035464638275e-01
-7.350150660464638275e-01	6.668415270353618418e-02	2.571999999999999981e-02
5.459999999999999576e-03	1.198578683953536173e+00	3.376207853618418131e-05
-3.697795667146382137e-02	1.559999999999999928e-02	-4.737845972964638275e-01
-7.447806910464638275e-01	6.927204332853618973e-02	2.573999999999999899e-02
5.479999999999999628e-03	1.215668527703536173e+00	-4.056910464638158295e-04
-3.424358167146381721e-02	1.562000000000000020e-02	-4.835502222964638275e-01
-7.264701441714638275e-01	6.805134020353618973e-02	2.576000000000000165e-02
5.499999999999999681e-03	1.205902902703536173e+00	-1.506604646381581971e-05
-3.561076917146382276e-02	1.564000000000000112e-02	-4.823295191714638275e-01
-7.362357691714638275e-01	7.059040270353618418e-02	2.578000000000000083e-02
5.519999999999999733e-03	1.222992746453536173e+00	-4.545191714638158187e-04
-3.282756604646382137e-02	1.566000000000000031e-02	-4.908744410464638275e-01
-7.191459254214638275e-01	6.936969957853618418e-02	2.580000000000000002e-02
5.539999999999999786e-03	1.214447824578536173e+00	-1.506604646381581971e-05
-3.419475354646381998e-02	1.567999999999999949e-02	-4.884330347964638275e-01
-7.289115504214638275e-01	7.185993395353618141e-02	2.581999999999999920e-02
5.559999999999999838e-03	1.231537668328536173e+00	-5.033472964638158621e-04
-3.141155042146381859e-02	1.569999999999999868e-02	-4.981986597964638275e-01
-7.118217066714638275e-01	7.073688707853618973e-02	2.583999999999999839e-02
5.579999999999999891e-03	1.221772043328536173e+00	-6.389417146381582411e-05
-3.277873792146381721e-02	1.572000000000000133e-02	-4.957572535464638275e-01
-7.203666285464638275e-01	7.312946520353617863e-02	2.586000000000000104e-02
5.599999999999999943e-03	1.237641183953536173e+00	-6.010035464638158404e-04
-2.999553479646381929e-02	1.574000000000000052e-02	-5.055228785464638275e-01
-7.044974879214638275e-01	7.195759020353618973e-02	2.588000000000000023e-02
5.619999999999999996e-03	1.229096262078536173e+00	-1.615504214638158295e-04
-3.136272229646382137e-02	1.575999999999999970e-02	-5.043021754214638275e-01
-7.142631129214638275e-01	7.435016832853617863e-02	2.589999999999999941e-02
5.640000000000000048e-03	1.246186105828536173e+00	-6.986597964638158187e-04
-2.857951917146381998e-02	1.577999999999999889e-02	-5.140678004214638275e-01
-6.959525660464638275e-01	7.317829332853618973e-02	2.591999999999999860e-02
5.660000000000000100e-03	1.236420480828536173e+00	-2.592066714638158078e-04
-2.989787854646382137e-02	1.580000000000000154e-02	-5.116263941714638275e-01
-7.057181910464638275e-01	7.547321520353618418e-02	2.594000000000000125e-02
5.680000000000000153e-03	1.253510324578536173e+00	-8.451441714638158404e-04
-2.726115979646381859e-02	1.582000000000000073e-02	-5.213920191714638275e-01
-6.886283472964638275e-01	7.439899645353618973e-02	2.596000000000000044e-02
5.700000000000000205e-03	1.243744699578536173e+00	-5.033472964638158621e-04
-2.853069104646381929e-02	1.583999999999999991e-02	-5.201713160464638275e-01
-6.983939722964638275e-01	7.659626207853618973e-02	2.597999999999999962e-02
5.720000000000000258e-03	1.260834543328536173e+00	-1.089284796463815949e-03
-2.589397229646381998e-02	1.585999999999999910e-02	-5.287162379214638275e-01
-6.813041285464638275e-01	7.557087145353619251e-02	2.599999999999999881e-02
5.740000000000000310e-03	1.252289621453536173e+00	-7.474879214638158621e-04
-2.716350354646382068e-02	1.587999999999999828e-02	-5.274955347964638275e-01
-6.898490504214638275e-01	7.767048082853618418e-02	2.602000000000000146e-02
5.760000000000000363e-03	1.269379465203536173e+00	-1.333425421463815949e-03
-2.457561292146381859e-02	1.590000000000000094e-02	-5.372611597964638275e-01
-6.739799097964638275e-01	7.669391832853618418e-02	2.604000000000000065e-02
5.780000000000000415e-03	1.259613840203536173e+00	-1.138112921463815775e-03
-2.579631604646381859e-02	1.592000000000000012e-02	-5.348197535464638275e-01
-6.825248316714638275e-01	7.859821520353618696e-02	2.605999999999999983e-02
5.799999999999999600e-03	1.276703683953536173e+00	-1.724050421463815862e-03
-2.325725354646381721e-02	1.593999999999999931e-02	-5.445853785464638275e-01
-6.666556910464638275e-01	7.767048082853618418e-02	2.607999999999999902e-02
5.819999999999999653e-03	1.266938058953536173e+00	-1.528737921463815905e-03
-2.447795667146381721e-02	1.595999999999999849e-02	-5.433646754214638275e-01
-6.752006129214638275e-01	7.947712145353619251e-02	2.610000000000000167e-02
5.839999999999999705e-03	1.284027902703536173e+00	-2.065847296463815732e-03
-2.193889417146381582e-02	1.598000000000000115e-02	-5.531303004214638275e-01
-6.581107691714638275e-01	7.864704332853618418e-02	2.612000000000000086e-02
5.859999999999999758e-03	1.274262277703536173e+00	-1.919362921463815819e-03
-2.315959729646381582e-02	1.600000000000000033e-02	-5.506888941714638275e-01
-6.678763941714638275e-01	8.030719957853618696e-02	2.614000000000000004e-02
5.879999999999999810e-03	1.292572824578536173e+00	-2.505300421463815905e-03
-2.062053479646381790e-02	1.601999999999999952e-02	-5.604545191714638275e-01
-6.507865504214638275e-01	7.947712145353619251e-02	2.615999999999999923e-02
5.899999999999999863e-03	1.282807199578536173e+00	-2.407644171463815819e-03
-2.184123792146381790e-02	1.603999999999999870e-02	-5.580131129214638275e-01
-6.593314722964638275e-01	8.103962145353618696e-02	2.617999999999999841e-02
5.919999999999999915e-03	1.299897043328536173e+00	-2.944753546463816079e-03
-1.930217542146381651e-02	1.606000000000000136e-02	-5.677787379214638275e-01
-6.434623316714638275e-01	8.030719957853618696e-02	2.620000000000000107e-02
5.939999999999999968e-03	1.290131418328536173e+00	-2.847097296463815992e-03
-2.052287854646381651e-02	1.608000000000000054e-02	-5.665580347964638275e-01
-6.520072535464638275e-01	8.167438707853619251e-02	2.622000000000000025e-02
5.960000000000000020e-03	1.307221262078536173e+00	-3.433034796463816079e-03
-1.793498792146381790e-02	1.609999999999999973e-02	-5.763236597964638275e-01
-6.361381129214638275e-01	8.103962145353618696e-02	2.623999999999999944e-02
5.980000000000000072e-03	1.297455637078536173e+00	-3.335378546463815992e-03
-1.920451917146381859e-02	1.611999999999999891e-02	-5.738822535464638275e-01
-6.446830347964638275e-01	8.226032457853618696e-02	2.625999999999999862e-02
6.000000000000000125e-03	1.314545480828536173e+00	-3.970144171463816339e-03
-1.666545667146381721e-02	1.614000000000000157e-02	-5.836478785464638275e-01
-6.288138941714638275e-01	8.162555895353618141e-02	2.628000000000000128e-02
6.020000000000000177e-03	1.304779855828536173e+00	-3.970144171463816339e-03
-1.788615979646381721e-02	1.616000000000000075e-02	-5.812064722964638275e-01
-6.373588160464638275e-01	8.274860582853618696e-02	2.630000000000000046e-02
6.040000000000000230e-03	1.321869699578536173e+00	-4.604909796463815819e-03
-1.534709729646381582e-02	1.617999999999999994e-02	-5.909720972964638275e-01
-6.202689722964638275e-01	8.221149645353618973e-02	2.631999999999999965e-02
6.060000000000000282e-03	1.313324777703536173e+00	-4.604909796463815819e-03
-1.651897229646381512e-02	1.619999999999999912e-02	-5.897513941714638275e-01
-6.300345972964638275e-01	8.328571520353618418e-02	2.633999999999999883e-02
6.080000000000000335e-03	1.330414621453536173e+00	-5.337331671463815819e-03
-1.407756604646381686e-02	1.621999999999999831e-02	-5.995170191714638275e-01
-6.129447535464638275e-01	8.269977770353618973e-02	2.636000000000000149e-02
6.100000000000000387e-03	1.321869699578536173e+00	-5.386159796463816513e-03
-1.524944104646381617e-02	1.624000000000000096e-02	-5.970756129214638275e-01
-6.227103785464638275e-01	8.372516832853618696e-02	2.638000000000000067e-02
6.119999999999999572e-03	1.336518137078536173e+00	-6.167409796463816339e-03
-1.290569104646381582e-02	1.626000000000000015e-02	-6.056205347964638275e-01
-6.043998316714638275e-01	8.318805895353618973e-02	2.639999999999999986e-02
6.139999999999999625e-03	1.327973215203536173e+00	-6.216237921463816166e-03
-1.402873792146381617e-02	1.627999999999999933e-02	-6.043998316714638275e-01
-6.141654566714638275e-01	8.426227770353618418e-02	2.641999999999999904e-02
6.159999999999999677e-03	1.334076730828536173e+00	-7.143972296463816339e-03
-1.168498792146381582e-02	1.629999999999999852e-02	-6.141654566714638275e-01
-5.970756129214638275e-01	8.367634020353618973e-02	2.644000000000000170e-02
6.179999999999999730e-03	1.325531808953536173e+00	-7.143972296463816339e-03
-1.280803479646381617e-02	1.632000000000000117e-02	-6.129447535464638275e-01
-6.068412379214638275e-01	8.475055895353618418e-02	2.646000000000000088e-02
6.199999999999999782e-03	1.326752512078536173e+00	-8.169362921463816166e-03
-1.056194104646381721e-02	1.634000000000000036e-02	-6.214896754214638275e-01
-5.897513941714638275e-01	8.421344957853618696e-02	2.648000000000000007e-02
6.219999999999999835e-03	1.316986887078536173e+00	-8.169362921463816166e-03
-1.168498792146381582e-02	1.635999999999999954e-02	-6.190482691714638275e-01
-5.995170191714638275e-01	8.519001207853618696e-02	2.649999999999999925e-02
6.239999999999999887e-03	1.319428293328536173e+00	-9.194753546463816860e-03
-9.438894171463816860e-03	1.637999999999999873e-02	-6.288138941714638275e-01
-5.824271754214638275e-01	8.465290270353618973e-02	2.651999999999999844e-02
6.259999999999999939e-03	1.309662668328536173e+00	-9.243581671463815819e-03
-1.051311292146381651e-02	1.640000000000000138e-02	-6.275931910464638275e-01
-5.921928004214638275e-01	8.558063707853619251e-02	2.654000000000000109e-02
6.279999999999999992e-03	1.312104074578536173e+00	-1.031780042146381721e-02
-8.364675421463815472e-03	1.642000000000000057e-02	-6.361381129214638275e-01
-5.738822535464638275e-01	8.509235582853619251e-02	2.656000000000000028e-02
6.300000000000000044e-03	1.302338449578536173e+00	-1.041545667146381686e-02
-9.390066046463816166e-03	1.643999999999999975e-02	-6.361381129214638275e-01
-5.836478785464638275e-01	8.582477770353619251e-02	2.657999999999999946e-02
6.320000000000000097e-03	1.303559152703536173e+00	-1.144084729646381582e-02
-7.241628546463815992e-03	1.645999999999999894e-02	-6.446830347964638275e-01
-5.677787379214638275e-01	8.538532457853618973e-02	2.659999999999999865e-02
6.340000000000000149e-03	1.293793527703536173e+00	-1.153850354646381721e-02
-8.267019171463815819e-03	1.648000000000000159e-02	-6.422416285464638275e-01
-5.763236597964638275e-01	8.592243395353618696e-02	2.662000000000000130e-02
6.360000000000000202e-03	1.296234933953536173e+00	-1.266155042146381582e-02
-6.118581671463816513e-03	1.650000000000000078e-02	-6.520072535464638275e-01
-5.592338160464638275e-01	8.548298082853618418e-02	2.664000000000000049e-02
6.380000000000000254e-03	1.287690012078536173e+00	-1.275920667146381721e-02
-7.192800421463816166e-03	1.651999999999999996e-02	-6.507865504214638275e-01
-5.689994410464638275e-01	8.582477770353619251e-02	2.665999999999999967e-02
6.400000000000000307e-03	1.288910715203536173e+00	-1.388225354646381582e-02
-5.044362921463815992e-03	1.653999999999999915e-02	-6.605521754214638275e-01
-5.506888941714638275e-01	8.543415270353618696e-02	2.667999999999999886e-02
6.420000000000000359e-03	1.279145090203536173e+00	-1.397990979646381721e-02
-6.069753546463815819e-03	1.655999999999999833e-02	-6.581107691714638275e-01
-5.604545191714638275e-01	8.562946520353618973e-02	2.670000000000000151e-02
6.440000000000000412e-03	1.281586496453536173e+00	-1.520061292146381721e-02
-3.970144171463816339e-03	1.658000000000000099e-02	-6.678763941714638275e-01
-5.433646754214638275e-01	8.509235582853619251e-02	2.672000000000000069e-02
6.459999999999999597e-03	1.271820871453536173e+00	-1.524944104646381617e-02
-4.995534796463816166e-03	1.660000000000000017e-02	-6.666556910464638275e-01
-5.543510035464638275e-01	8.519001207853618696e-02	2.673999999999999988e-02
6.479999999999999649e-03	1.274262277703536173e+00	-1.651897229646381512e-02
-2.993581671463815905e-03	1.661999999999999936e-02	-6.752006129214638275e-01
-5.360404566714638275e-01	8.455524645353618141e-02	2.675999999999999907e-02
6.499999999999999702e-03	1.264496652703536173e+00	-1.661662854646381651e-02
-3.921316046463815645e-03	1.663999999999999854e-02	-6.739799097964638275e-01
-5.458060816714638275e-01	8.455524645353618141e-02	2.678000000000000172e-02
6.519999999999999754e-03	1.265717355828536173e+00	-1.788615979646381721e-02
-2.017019171463815905e-03	1.666000000000000120e-02	-6.825248316714638275e-01
-5.287162379214638275e-01	8.377399645353618418e-02	2.680000000000000090e-02
6.539999999999999807e-03	1.255951730828536173e+00	-1.793498792146381790e-02
-2.895925421463815819e-03	1.668000000000000038e-02	-6.813041285464638275e-01
-5.372611597964638275e-01	8.377399645353618418e-02	2.682000000000000009e-02
6.559999999999999859e-03	1.258393137078536173e+00	-1.925334729646381582e-02
-1.089284796463815949e-03	1.669999999999999957e-02	-6.910697535464638275e-01
-5.213920191714638275e-01	8.294391832853618973e-02	2.683999999999999928e-02
6.579999999999999911e-03	1.249848215203536173e+00	-1.939983167146381790e-02
-1.968191046463816079e-03	1.671999999999999875e-02	-6.886283472964638275e-01
-5.299369410464638275e-01	8.289509020353619251e-02	2.685999999999999846e-02
6.599999999999999964e-03	1.251068918328536173e+00	-2.071819104646381582e-02
-2.103785464638158187e-04	1.674000000000000141e-02	-6.996146754214638275e-01
-5.140678004214638275e-01	8.201618395353618696e-02	2.688000000000000111e-02
6.620000000000000016e-03	1.242523996453536173e+00	-2.086467542146381790e-02
-1.089284796463815949e-03	1.676000000000000059e-02	-6.971732691714638275e-01
-5.226127222964638275e-01	8.196735582853618973e-02	2.690000000000000030e-02
6.640000000000000069e-03	1.243744699578536173e+00	-2.218303479646381582e-02
6.196995785361842680e-04	1.677999999999999978e-02	-7.057181910464638275e-01
-5.055228785464638275e-01	8.103962145353618696e-02	2.691999999999999948e-02
6.660000000000000121e-03	1.233979074578536173e+00	-2.232951917146381790e-02
-2.103785464638158187e-04	1.679999999999999896e-02	-7.044974879214638275e-01
-5.152885035464638275e-01	8.103962145353618696e-02	2.693999999999999867e-02
6.680000000000000174e-03	1.236420480828536173e+00	-2.364787854646381582e-02
1.352121453536184268e-03	1.682000000000000162e-02	-7.142631129214638275e-01
-4.981986597964638275e-01	8.006305895353618696e-02	2.696000000000000132e-02
6.700000000000000226e-03	1.227875558953536173e+00	-2.374553479646381721e-02
6.196995785361842680e-04	1.684000000000000080e-02	-7.130424097964638275e-01
-5.067435816714638275e-01	8.001423082853618973e-02	2.698000000000000051e-02
6.720000000000000279e-03	1.229096262078536173e+00	-2.511272229646381929e-02
2.035715203536184442e-03	1.685999999999999999e-02	-7.215873316714638275e-01
-4.908744410464638275e-01	7.898884020353619251e-02	2.699999999999999969e-02
6.740000000000000331e-03	1.219330637078536173e+00	-2.525920667146382137e-02
1.352121453536184268e-03	1.687999999999999917e-02	-7.203666285464638275e-01
-4.994193629214638275e-01	7.889118395353618418e-02	2.701999999999999888e-02
6.760000000000000384e-03	1.220551340203536173e+00	-2.662639417146381998e-02
2.719308953536184181e-03	1.689999999999999836e-02	-7.301322535464638275e-01
-4.835502222964638275e-01	7.786579332853618696e-02	2.704000000000000153e-02
6.779999999999999569e-03	1.212006418328536173e+00	-2.672405042146382137e-02
2.035715203536184442e-03	1.692000000000000101e-02	-7.276908472964638275e-01
-4.920951441714638275e-01	7.776813707853619251e-02	2.706000000000000072e-02
6.799999999999999621e-03	1.213227121453536173e+00	-2.814006604646382068e-02
3.305246453536184268e-03	1.694000000000000020e-02	-7.374564722964638275e-01
-4.750053004214638275e-01	7.664509020353618696e-02	2.707999999999999990e-02
6.819999999999999674e-03	1.204682199578536173e+00	-2.828655042146381929e-02
2.621652703536184528e-03	1.695999999999999938e-02	-7.350150660464638275e-01
-4.847709254214638275e-01	7.649860582853618141e-02	2.709999999999999909e-02
6.839999999999999726e-03	1.205902902703536173e+00	-2.960490979646382068e-02
3.940012078536184181e-03	1.697999999999999857e-02	-7.460013941714638275e-01
-4.676810816714638275e-01	7.532673082853619251e-02	2.711999999999999827e-02
6.859999999999999779e-03	1.196137277703536173e+00	-2.975139417146381929e-02
3.256418328536184442e-03	1.700000000000000122e-02	-7.435599879214638275e-01
-4.774467066714638275e-01	7.518024645353618696e-02	2.714000000000000093e-02
6.879999999999999831e-03	1.198578683953536173e+00	-3.106975354646382068e-02
4.477121453536184008e-03	1.702000000000000041e-02	-7.533256129214638275e-01
-4.603568629214638275e-01	7.391071520353618973e-02	2.716000000000000011e-02
6.899999999999999883e-03	1.188813058953536173e+00	-3.121623792146381929e-02
3.793527703536184268e-03	1.703999999999999959e-02	-7.508842066714638275e-01
-4.701224879214638275e-01	7.381305895353618141e-02	2.717999999999999930e-02
6.919999999999999936e-03	1.191254465203536173e+00	-3.253459729646381721e-02
5.014230828536184702e-03	1.705999999999999878e-02	-7.594291285464638275e-01
-4.518119410464638275e-01	7.244587145353618973e-02	2.719999999999999848e-02
6.939999999999999988e-03	1.181488840203536173e+00	-3.268108167146382276e-02
4.379465203536184355e-03	1.708000000000000143e-02	-7.582084254214638275e-01
-4.615775660464638275e-01	7.229938707853618418e-02	2.722000000000000114e-02
6.960000000000000041e-03	1.182709543328536173e+00	-3.404826917146382137e-02
5.551340203536184528e-03	1.710000000000000062e-02	-7.679740504214638275e-01
-4.444877222964638275e-01	7.093219957853617863e-02	2.724000000000000032e-02
6.980000000000000093e-03	1.174164621453536173e+00	-3.414592542146382276e-02
4.916574578536184181e-03	1.711999999999999980e-02	-7.655326441714638275e-01
-4.542533472964638275e-01	7.078571520353618696e-02	2.725999999999999951e-02
7.000000000000000146e-03	1.175385324578536173e+00	-3.541545667146381998e-02
5.990793328536184702e-03	1.713999999999999899e-02	-7.752982691714638275e-01
-4.371635035464638275e-01	6.946735582853617863e-02	2.727999999999999869e-02
7.020000000000000198e-03	1.166840402703536173e+00	-3.556194104646381859e-02
5.404855828536184181e-03	1.716000000000000164e-02	-7.728568629214638275e-01
-4.469291285464638275e-01	6.932087145353618696e-02	2.730000000000000135e-02
7.040000000000000251e-03	1.168061105828536173e+00	-3.688030042146381998e-02
6.332590203536184355e-03	1.718000000000000083e-02	-7.838431910464638275e-01
-4.298392847964638275e-01	6.800251207853617863e-02	2.732000000000000053e-02
7.060000000000000303e-03	1.158295480828536173e+00	-3.702678479646381859e-02
5.795480828536184528e-03	1.720000000000000001e-02	-7.814017847964638275e-01
-4.383842066714638275e-01	6.790485582853618418e-02	2.733999999999999972e-02
7.080000000000000356e-03	1.160736887078536173e+00	-3.829631604646382276e-02
6.625558953536184181e-03	1.721999999999999920e-02	-7.911674097964638275e-01
-4.225150660464638275e-01	6.658649645353618973e-02	2.735999999999999890e-02
7.100000000000000408e-03	1.150971262078536173e+00	-3.844280042146382137e-02
6.088449578536184355e-03	1.723999999999999838e-02	-7.887260035464638275e-01
-4.310599879214638275e-01	6.653766832853617863e-02	2.738000000000000156e-02
7.119999999999999593e-03	1.152191965203536173e+00	-3.966350354646382137e-02
6.772043328536184528e-03	1.726000000000000104e-02	-7.984916285464638275e-01
-4.139701441714638275e-01	6.526813707853618141e-02	2.740000000000000074e-02
7.139999999999999646e-03	1.143647043328536173e+00	-3.980998792146381998e-02
6.332590203536184355e-03	1.728000000000000022e-02	-7.972709254214638275e-01
-4.237357691714638275e-01	6.517048082853618696e-02	2.741999999999999993e-02
7.159999999999999698e-03	1.144867746453536173e+00	-4.107951917146382415e-02
6.869699578536184181e-03	1.729999999999999941e-02	-8.058158472964638275e-01
-4.066459254214638275e-01	6.390094957853618973e-02	2.743999999999999911e-02
7.179999999999999750e-03	1.136322824578536173e+00	-4.112834729646382137e-02
6.430246453536184875e-03	1.731999999999999859e-02	-8.045951441714638275e-01
-4.151908472964638275e-01	6.380329332853618141e-02	2.745999999999999830e-02
7.199999999999999803e-03	1.137543527703536173e+00	-4.244670667146382276e-02
6.869699578536184181e-03	1.734000000000000125e-02	-8.143607691714638275e-01
-3.981010035464638275e-01	6.258259020353618141e-02	2.748000000000000095e-02
7.219999999999999855e-03	1.128998605828536173e+00	-4.254436292146382415e-02
6.381418328536184181e-03	1.736000000000000043e-02	-8.119193629214638275e-01
-4.078666285464638275e-01	6.243610582853618279e-02	2.750000000000000014e-02
7.239999999999999908e-03	1.130219308953536173e+00	-4.381389417146382137e-02
6.723215203536184702e-03	1.737999999999999962e-02	-8.216849879214638275e-01
-3.907767847964638275e-01	6.121540270353618279e-02	2.751999999999999932e-02
7.259999999999999960e-03	1.120453683953536173e+00	-4.391155042146382276e-02
6.234933953536184702e-03	1.739999999999999880e-02	-8.204642847964638275e-01
-4.005424097964638275e-01	6.111774645353618141e-02	2.753999999999999851e-02
7.280000000000000013e-03	1.122895090203536173e+00	-4.522990979646382415e-02
6.625558953536184181e-03	1.742000000000000146e-02	-8.290092066714638275e-01
-3.834525660464638275e-01	5.984821520353618418e-02	2.756000000000000116e-02
7.300000000000000065e-03	1.113129465203536173e+00	-4.532756604646381859e-02
6.088449578536184355e-03	1.744000000000000064e-02	-8.277885035464638275e-01
-3.932181910464638275e-01	5.975055895353618279e-02	2.758000000000000035e-02
7.320000000000000118e-03	1.115570871453536173e+00	-4.669475354646382415e-02
6.430246453536184875e-03	1.745999999999999983e-02	-8.375541285464638275e-01
-3.749076441714638275e-01	5.848102770353618557e-02	2.759999999999999953e-02
7.340000000000000170e-03	1.105805246453536173e+00	-4.679240979646381859e-02
5.844308953536184355e-03	1.747999999999999901e-02	-8.351127222964638275e-01
-3.846732691714638275e-01	5.838337145353618418e-02	2.761999999999999872e-02
7.360000000000000223e-03	1.107025949578536173e+00	-4.811076917146381998e-02
6.186105828536184875e-03	1.750000000000000167e-02	-8.448783472964638275e-01
-3.675834254214638275e-01	5.711384020353618696e-02	2.764000000000000137e-02
7.380000000000000275e-03	1.098481027703536173e+00	-4.825725354646381859e-02
5.551340203536184528e-03	1.752000000000000085e-02	-8.436576441714638275e-01
-3.773490504214638275e-01	5.701618395353618557e-02	2.766000000000000056e-02
7.400000000000000328e-03	1.100922433953536173e+00	-4.962444104646382415e-02
5.844308953536184355e-03	1.754000000000000004e-02	-8.522025660464638275e-01
-3.602592066714638275e-01	5.574665270353618141e-02	2.767999999999999974e-02
7.420000000000000380e-03	1.089936105828536173e+00	-4.972209729646381859e-02
5.258371453536184702e-03	1.755999999999999922e-02	-8.509818629214638275e-01
-3.688041285464638275e-01	5.569782457853618418e-02	2.769999999999999893e-02
7.440000000000000432e-03	1.092377512078536173e+00	-5.108928479646382415e-02
5.551340203536184528e-03	1.757999999999999841e-02	-8.595267847964638275e-01
-3.517142847964638275e-01	5.437946520353618279e-02	2.772000000000000158e-02
7.459999999999999618e-03	1.082611887078536173e+00	-5.118694104646381859e-02
4.916574578536184181e-03	1.760000000000000106e-02	-8.583060816714638275e-01
-3.614799097964638275e-01	5.437946520353618279e-02	2.774000000000000077e-02
7.479999999999999670e-03	1.085053293328536173e+00	-5.250530042146381998e-02
5.258371453536184702e-03	1.762000000000000025e-02	-8.680717066714638275e-01
-3.443900660464638275e-01	5.306110582853618141e-02	2.775999999999999995e-02
7.499999999999999722e-03	1.075287668328536173e+00	-5.260295667146382137e-02
4.672433953536184181e-03	1.763999999999999943e-02	-8.668510035464638275e-01
-3.541556910464638275e-01	5.306110582853618141e-02	2.777999999999999914e-02
7.519999999999999775e-03	1.076508371453536173e+00	-5.392131604646382276e-02
4.916574578536184181e-03	1.765999999999999862e-02	-8.766166285464638275e-01
-3.370658472964638275e-01	5.169391832853618279e-02	2.779999999999999832e-02
7.539999999999999827e-03	1.067963449578536173e+00	-5.401897229646382415e-02
4.379465203536184355e-03	1.768000000000000127e-02	-8.741752222964638275e-01
-3.468314722964638275e-01	5.169391832853618279e-02	2.782000000000000098e-02
7.559999999999999880e-03	1.069184152703536173e+00	-5.519084729646381998e-02
4.672433953536184181e-03	1.770000000000000046e-02	-8.839408472964638275e-01
-3.297416285464638275e-01	5.032673082853618418e-02	2.784000000000000016e-02
7.579999999999999932e-03	1.059418527703536173e+00	-5.528850354646382137e-02
4.135324578536184355e-03	1.771999999999999964e-02	-8.814994410464638275e-01
-3.382865504214638275e-01	5.037555895353618141e-02	2.785999999999999935e-02
7.599999999999999985e-03	1.061859933953536173e+00	-5.641155042146381998e-02
4.379465203536184355e-03	1.773999999999999883e-02	-8.912650660464638275e-01
-3.224174097964638275e-01	4.900837145353618279e-02	2.787999999999999853e-02
7.620000000000000037e-03	1.053315012078536173e+00	-5.646037854646382415e-02
3.891183953536184355e-03	1.776000000000000148e-02	-8.888236597964638275e-01
-3.309623316714638275e-01	4.900837145353618279e-02	2.790000000000000119e-02
7.640000000000000090e-03	1.054535715203536173e+00	-5.763225354646381998e-02
4.184152703536184181e-03	1.778000000000000067e-02	-8.985892847964638275e-01
-3.126517847964638275e-01	4.764118395353618418e-02	2.792000000000000037e-02
7.660000000000000142e-03	1.044770090203536173e+00	-5.768108167146382415e-02
3.647043328536184355e-03	1.779999999999999985e-02	-8.961478785464638275e-01
-3.236381129214638275e-01	4.754352770353618279e-02	2.793999999999999956e-02
7.680000000000000195e-03	1.047211496453536173e+00	-5.875530042146381859e-02
3.988840203536184008e-03	1.781999999999999904e-02	-9.059135035464638275e-01
-3.065482691714638275e-01	4.622516832853618141e-02	2.795999999999999874e-02
7.700000000000000247e-03	1.036225168328536173e+00	-5.880412854646382276e-02
3.451730828536184181e-03	1.784000000000000169e-02	-9.046928004214638275e-01
-3.150931910464638275e-01	4.622516832853618141e-02	2.798000000000000140e-02
7.720000000000000299e-03	1.038666574578536173e+00	-5.987834729646382415e-02
3.891183953536184355e-03	1.786000000000000087e-02	-9.144584254214638275e-01
-2.992240504214638275e-01	4.485798082853618279e-02	2.800000000000000058e-02
7.740000000000000352e-03	1.030121652703536173e+00	-5.992717542146382137e-02
3.305246453536184268e-03	1.788000000000000006e-02	-9.120170191714638275e-01
-3.077689722964638275e-01	4.476032457853618141e-02	2.801999999999999977e-02
7.760000000000000404e-03	1.031342355828536173e+00	-6.095256604646381859e-02
3.793527703536184268e-03	1.789999999999999925e-02	-9.217826441714638275e-01
-2.906791285464638275e-01	4.339313707853618279e-02	2.803999999999999895e-02
7.779999999999999589e-03	1.021576730828536173e+00	-6.100139417146382276e-02
3.158762078536184355e-03	1.791999999999999843e-02	-9.193412379214638275e-01
-3.004447535464638275e-01	4.324665270353618418e-02	2.806000000000000161e-02
7.799999999999999642e-03	1.024018137078536173e+00	-6.202678479646381998e-02
3.744699578536184442e-03	1.794000000000000108e-02	-9.291068629214638275e-01
-2.833549097964638275e-01	4.187946520353618557e-02	2.808000000000000079e-02
7.820000000000000562e-03	1.014252512078536173e+00	-6.207561292146382415e-02
3.061105828536184268e-03	1.796000000000000027e-02	-9.266654566714638275e-01
-2.931205347964638275e-01	4.173298082853618696e-02	2.809999999999999998e-02
7.839999999999999747e-03	1.015473215203536173e+00	-6.305217542146382415e-02
3.695871453536184181e-03	1.797999999999999945e-02	-9.364310816714638275e-01
-2.748099879214638275e-01	4.036579332853618141e-02	2.811999999999999916e-02
7.860000000000000667e-03	1.005707590203536173e+00	-6.310100354646382137e-02
3.012277703536184442e-03	1.799999999999999864e-02	-9.339896754214638275e-01
-2.845756129214638275e-01	4.026813707853618696e-02	2.813999999999999835e-02
7.879999999999999852e-03	1.008148996453536173e+00	-6.402873792146382415e-02
3.695871453536184181e-03	1.802000000000000129e-02	-9.437553004214638275e-01
-2.687064722964638275e-01	3.885212145353618418e-02	2.816000000000000100e-02
7.900000000000000772e-03	9.983833714535361725e-01	-6.402873792146382415e-02
2.963449578536184181e-03	1.804000000000000048e-02	-9.425345972964638275e-01
-2.772513941714638275e-01	3.875446520353618279e-02	2.818000000000000019e-02
7.919999999999999957e-03	1.000824777703536173e+00	-6.490764417146381582e-02
3.695871453536184181e-03	1.805999999999999966e-02	-9.523002222964638275e-01
-2.601615504214638275e-01	3.728962145353618279e-02	2.819999999999999937e-02
7.939999999999999142e-03	9.910591527035361725e-01	-6.490764417146381582e-02
2.963449578536184181e-03	1.807999999999999885e-02	-9.510795191714638275e-01
-2.699271754214638275e-01	3.719196520353618141e-02	2.821999999999999856e-02
7.960000000000000062e-03	9.935005589535361725e-01	-6.573772229646382415e-02
3.744699578536184442e-03	1.810000000000000150e-02	-9.608451441714638275e-01
-2.516166285464638275e-01	3.577594957853618557e-02	2.824000000000000121e-02
7.979999999999999247e-03	9.837349339535361725e-01	-6.573772229646382415e-02
3.012277703536184442e-03	1.812000000000000069e-02	-9.584037379214638275e-01
-2.613822535464638275e-01	3.567829332853618418e-02	2.826000000000000040e-02
8.000000000000000167e-03	9.849556370785361725e-01	-6.651897229646382137e-02
3.793527703536184268e-03	1.813999999999999987e-02	-9.669486597964638275e-01
-2.455131129214638275e-01	3.431110582853618557e-02	2.827999999999999958e-02
8.019999999999999352e-03	9.764107152035361725e-01	-6.647014417146382415e-02
3.158762078536184355e-03	1.815999999999999906e-02	-9.657279566714638275e-01
-2.540580347964638275e-01	3.416462145353618002e-02	2.829999999999999877e-02
8.040000000000000271e-03	9.776314183285361725e-01	-6.720256604646382415e-02
3.891183953536184355e-03	1.818000000000000171e-02	-9.742728785464638275e-01
-2.369681910464638275e-01	3.279743395353618141e-02	2.832000000000000142e-02
8.059999999999999457e-03	9.690864964535361725e-01	-6.715373792146382692e-02
3.354074578536184528e-03	1.820000000000000090e-02	-9.730521754214638275e-01
-2.467338160464638275e-01	3.269977770353618002e-02	2.834000000000000061e-02
8.080000000000000376e-03	9.703071995785361725e-01	-6.788615979646382692e-02
4.037668328536184702e-03	1.822000000000000008e-02	-9.815970972964638275e-01
-2.296439722964638275e-01	3.138141832853618557e-02	2.835999999999999979e-02
8.099999999999999561e-03	9.605415745785361725e-01	-6.778850354646381859e-02
3.500558953536184442e-03	1.823999999999999927e-02	-9.803763941714638275e-01
-2.394095972964638275e-01	3.123493395353618349e-02	2.837999999999999898e-02
8.120000000000000481e-03	9.629829808285361725e-01	-6.852092542146381859e-02
4.232980828536184008e-03	1.825999999999999845e-02	-9.901420191714638275e-01
-2.210990504214638275e-01	2.991657457853618210e-02	2.840000000000000163e-02
8.139999999999999666e-03	9.532173558285361725e-01	-6.842326917146382415e-02
3.744699578536184442e-03	1.828000000000000111e-02	-9.889213160464638275e-01
-2.308646754214638275e-01	2.977009020353618349e-02	2.842000000000000082e-02
8.160000000000000586e-03	9.556587620785361725e-01	-6.910686292146382692e-02
4.428293328536184181e-03	1.830000000000000029e-02	-9.974662379214638275e-01
-2.137748316714638275e-01	2.850055895353618279e-02	2.844000000000000000e-02
8.179999999999999771e-03	9.458931370785361725e-01	-6.900920667146381859e-02
3.988840203536184008e-03	1.831999999999999948e-02	-9.950248316714638275e-01
-2.235404566714638275e-01	2.835407457853618418e-02	2.845999999999999919e-02
8.200000000000000691e-03	9.471138402035361725e-01	-6.964397229646382415e-02
4.721262078536184875e-03	1.833999999999999866e-02	-1.003569753546463827e+00
-2.064506129214638275e-01	2.713337145353618418e-02	2.847999999999999837e-02
8.219999999999999876e-03	9.385689183285361725e-01	-6.954631604646381582e-02
4.232980828536184008e-03	1.836000000000000132e-02	-9.901420191714638275e-01
-2.162162379214638275e-01	2.698688707853618210e-02	2.850000000000000103e-02
8.240000000000000796e-03	9.397896214535361725e-01	-7.013225354646382415e-02
5.063058953536184528e-03	1.838000000000000050e-02	-9.999076441714638275e-01
-1.979056910464638275e-01	2.571735582853618141e-02	2.852000000000000021e-02
8.259999999999999981e-03	9.312446995785361725e-01	-7.003459729646381582e-02
4.477121453536184008e-03	1.839999999999999969e-02	-9.815970972964638275e-01
-2.088920191714638275e-01	2.561969957853618349e-02	2.853999999999999940e-02
8.279999999999999166e-03	9.324654027035361725e-01	-7.052287854646381582e-02
5.404855828536184181e-03	1.841999999999999887e-02	-9.925834254214638275e-01
-1.905814722964638275e-01	2.435016832853618626e-02	2.855999999999999858e-02
8.300000000000000086e-03	9.226997777035361725e-01	-7.042522229646382137e-02
4.818918328536184528e-03	1.844000000000000153e-02	-9.742728785464638275e-01
-2.003470972964638275e-01	2.425251207853618488e-02	2.858000000000000124e-02
8.319999999999999271e-03	9.251411839535361725e-01	-7.091350354646382137e-02
5.746652703536184702e-03	1.846000000000000071e-02	-9.840385035464638275e-01
-1.832572535464638275e-01	2.303180895353618488e-02	2.860000000000000042e-02
8.340000000000000191e-03	9.141548558285361725e-01	-7.066936292146382137e-02
5.209543328536184875e-03	1.847999999999999990e-02	-9.669486597964638275e-01
-1.918021754214638275e-01	2.293415270353618696e-02	2.861999999999999961e-02
8.359999999999999376e-03	9.165962620785361725e-01	-7.115764417146382137e-02
6.088449578536184355e-03	1.849999999999999908e-02	-9.767142847964638275e-01
-1.759330347964638275e-01	2.176227770353618418e-02	2.863999999999999879e-02
8.380000000000000296e-03	9.068306370785361725e-01	-7.086467542146382415e-02
5.551340203536184528e-03	1.851999999999999827e-02	-9.596244410464638275e-01
-1.856986597964638275e-01	2.166462145353618626e-02	2.866000000000000145e-02
8.399999999999999481e-03	9.092720433285361725e-01	-7.130412854646382692e-02
6.479074578536184702e-03	1.854000000000000092e-02	-9.693900660464638275e-01
-1.673881129214638275e-01	2.054157457853618418e-02	2.868000000000000063e-02
8.420000000000000401e-03	8.995064183285361725e-01	-7.101115979646381582e-02
5.844308953536184355e-03	1.856000000000000011e-02	-9.535209254214638275e-01
-1.783744410464638275e-01	2.049274645353618696e-02	2.869999999999999982e-02
8.439999999999999586e-03	9.007271214535361725e-01	-7.135295667146382415e-02
6.723215203536184702e-03	1.857999999999999929e-02	-9.620658472964638275e-01
-1.600638941714638275e-01	1.941852770353618557e-02	2.871999999999999900e-02
8.460000000000000506e-03	8.921821995785361725e-01	-7.086467542146382415e-02
6.186105828536184875e-03	1.859999999999999848e-02	-9.449760035464638275e-01
-1.698295191714638275e-01	1.936969957853618488e-02	2.874000000000000166e-02
8.479999999999999691e-03	8.946236058285361725e-01	-7.125530042146381582e-02
6.918527703536184875e-03	1.862000000000000113e-02	-9.547416285464638275e-01
-1.527396754214638275e-01	1.834430895353618418e-02	2.876000000000000084e-02
8.500000000000000611e-03	8.836372777035361725e-01	-7.057170667146382692e-02
6.430246453536184875e-03	1.864000000000000032e-02	-9.376517847964638275e-01
-1.625053004214638275e-01	1.829548082853618349e-02	2.878000000000000003e-02
8.519999999999999796e-03	8.860786839535361725e-01	-7.101115979646381582e-02
7.113840203536184181e-03	1.865999999999999950e-02	-9.461967066714638275e-01
-1.454154566714638275e-01	1.741657457853618488e-02	2.879999999999999921e-02
8.540000000000000716e-03	8.763130589535361725e-01	-7.003459729646381582e-02
6.625558953536184181e-03	1.867999999999999869e-02	-9.303275660464638275e-01
-1.551810816714638275e-01	1.731891832853618349e-02	2.881999999999999840e-02
8.559999999999999901e-03	8.787544652035361725e-01	-7.062053479646382415e-02
7.260324578536184528e-03	1.870000000000000134e-02	-9.388724879214638275e-01
-1.380912379214638275e-01	1.644001207853618488e-02	2.884000000000000105e-02
8.580000000000000820e-03	8.689888402035361725e-01	-6.930217542146381582e-02
6.820871453536184355e-03	1.872000000000000053e-02	-9.217826441714638275e-01
-1.466361597964638275e-01	1.648884020353618557e-02	2.886000000000000024e-02
8.600000000000000006e-03	8.714302464535361725e-01	-7.003459729646381582e-02
7.455637078536184702e-03	1.873999999999999971e-02	-9.327689722964638275e-01
-1.295463160464638275e-01	1.565876207853618418e-02	2.887999999999999942e-02
8.619999999999999191e-03	8.616646214535361725e-01	-6.842326917146382415e-02
6.918527703536184875e-03	1.875999999999999890e-02	-9.144584254214638275e-01
-1.393119410464638275e-01	1.565876207853618418e-02	2.889999999999999861e-02
8.640000000000000110e-03	8.628853245785361725e-01	-6.930217542146381582e-02
7.602121453536184181e-03	1.878000000000000155e-02	-9.242240504214638275e-01
-1.222220972964638275e-01	1.482868395353618453e-02	2.892000000000000126e-02
8.659999999999999296e-03	8.531196995785361725e-01	-6.739787854646382692e-02
7.113840203536184181e-03	1.880000000000000074e-02	-9.071342066714638275e-01
-1.307670191714638275e-01	1.487751207853618522e-02	2.894000000000000045e-02
8.680000000000000215e-03	8.555611058285361725e-01	-6.837444104646382692e-02
7.846262078536184181e-03	1.881999999999999992e-02	-9.168998316714638275e-01
-1.136771754214638275e-01	1.414509020353618522e-02	2.895999999999999963e-02
8.699999999999999400e-03	8.470161839535361725e-01	-6.617717542146382692e-02
7.309152703536184355e-03	1.883999999999999911e-02	-8.998099879214638275e-01
-1.234428004214638275e-01	1.429157457853618557e-02	2.897999999999999882e-02
8.720000000000000320e-03	8.482368870785361725e-01	-6.730022229646381859e-02
8.041574578536185222e-03	1.885999999999999829e-02	-9.095756129214638275e-01
-1.063529566714638275e-01	1.355915270353618557e-02	2.900000000000000147e-02
8.739999999999999505e-03	8.384712620785361725e-01	-6.500530042146382415e-02
7.553293328536184355e-03	1.888000000000000095e-02	-8.924857691714638275e-01
-1.161185816714638275e-01	1.380329332853618557e-02	2.902000000000000066e-02
8.760000000000000425e-03	8.396919652035361725e-01	-6.612834729646381582e-02
8.236887078536184528e-03	1.890000000000000013e-02	-9.022513941714638275e-01
-9.902873792146382748e-02	1.311969957853618453e-02	2.903999999999999984e-02
8.779999999999999610e-03	8.311470433285361725e-01	-6.368694104646381582e-02
7.748605828536184528e-03	1.891999999999999932e-02	-8.839408472964638275e-01
-1.075736597964638275e-01	1.341266832853618522e-02	2.905999999999999903e-02
8.800000000000000530e-03	8.323677464535361725e-01	-6.485881604646381859e-02
8.383371453536184875e-03	1.893999999999999850e-02	-8.949271754214638275e-01
-9.048381604646382748e-02	1.272907457853618418e-02	2.908000000000000168e-02
8.819999999999999715e-03	8.238228245785361725e-01	-6.222209729646382276e-02
7.895090203536184875e-03	1.896000000000000116e-02	-8.778373316714638275e-01
-1.002494410464638275e-01	1.311969957853618453e-02	2.910000000000000087e-02
8.840000000000000635e-03	8.250435277035361725e-01	-6.354045667146382415e-02
8.383371453536184875e-03	1.898000000000000034e-02	-8.863822535464638275e-01
-8.315959729646382748e-02	1.243610582853618522e-02	2.912000000000000005e-02
8.859999999999999820e-03	8.152779027035361725e-01	-6.090373792146382137e-02
7.943918328536183834e-03	1.899999999999999953e-02	-8.692924097964638275e-01
-9.292522229646382748e-02	1.287555895353618453e-02	2.913999999999999924e-02
8.880000000000000740e-03	8.177193089535361725e-01	-6.217326917146381859e-02
8.383371453536184875e-03	1.901999999999999871e-02	-8.790580347964638275e-01
-7.583537854646382748e-02	1.228962145353618488e-02	2.915999999999999842e-02
8.899999999999999925e-03	8.091743870785361725e-01	-5.943889417146382137e-02
7.895090203536184875e-03	1.904000000000000137e-02	-8.619681910464638275e-01
-8.438030042146382748e-02	1.263141832853618453e-02	2.918000000000000108e-02
8.920000000000000845e-03	8.103950902035361725e-01	-6.070842542146381859e-02
8.285715203536185222e-03	1.906000000000000055e-02	-8.717338160464638275e-01
-6.729045667146382748e-02	1.214313707853618453e-02	2.920000000000000026e-02
8.940000000000000030e-03	8.006294652035361725e-01	-5.797405042146382137e-02
7.797433953536184355e-03	1.907999999999999974e-02	-8.546439722964638275e-01
-7.705608167146382748e-02	1.248493395353618418e-02	2.921999999999999945e-02
8.959999999999999215e-03	8.030708714535361725e-01	-5.929240979646382276e-02
8.188058953536183834e-03	1.909999999999999892e-02	-8.644095972964638275e-01
-5.996623792146382748e-02	1.204548082853618488e-02	2.923999999999999863e-02
8.980000000000000135e-03	7.933052464535361725e-01	-5.655803479646381859e-02
7.748605828536184528e-03	1.912000000000000158e-02	-8.460990504214638275e-01
-6.973186292146382748e-02	1.238727770353618453e-02	2.926000000000000129e-02
8.999999999999999320e-03	7.945259495785361725e-01	-5.782756604646382276e-02
8.041574578536185222e-03	1.914000000000000076e-02	-8.570853785464638275e-01
-5.264201917146382748e-02	1.194782457853618522e-02	2.928000000000000047e-02
9.020000000000000240e-03	7.847603245785361725e-01	-5.514201917146382276e-02
7.602121453536184181e-03	1.915999999999999995e-02	-8.399955347964638275e-01
-6.240764417146382748e-02	1.224079332853618418e-02	2.929999999999999966e-02
9.039999999999999425e-03	7.884224339535361725e-01	-5.646037854646382415e-02
7.992746453536184528e-03	1.917999999999999913e-02	-8.485404566714638275e-01
-4.531780042146382748e-02	1.180134020353618488e-02	2.931999999999999884e-02
9.060000000000000345e-03	7.786568089535361725e-01	-5.367717542146382276e-02
7.504465203536184528e-03	1.919999999999999832e-02	-8.314506129214638275e-01
-5.386272229646382748e-02	1.209430895353618557e-02	2.934000000000000150e-02
9.079999999999999530e-03	7.798775120785361725e-01	-5.499553479646382415e-02
7.943918328536183834e-03	1.922000000000000097e-02	-8.412162379214638275e-01
-3.799358167146382748e-02	1.170368395353618522e-02	2.936000000000000068e-02
9.100000000000000450e-03	7.701118870785361725e-01	-5.226115979646381998e-02
7.504465203536184528e-03	1.924000000000000016e-02	-8.241263941714638275e-01
-4.653850354646382748e-02	1.194782457853618522e-02	2.937999999999999987e-02
9.119999999999999635e-03	7.713325902035361725e-01	-5.353069104646382415e-02
7.895090203536184875e-03	1.925999999999999934e-02	-8.326713160464638275e-01
-2.944865979646382748e-02	1.155719957853618488e-02	2.939999999999999905e-02
9.140000000000000555e-03	7.627876683285361725e-01	-5.079631604646381998e-02
7.504465203536184528e-03	1.927999999999999853e-02	-8.168021754214638275e-01
-3.921428479646382748e-02	1.180134020353618488e-02	2.942000000000000171e-02
9.159999999999999740e-03	7.640083714535361725e-01	-5.211467542146382137e-02
7.895090203536184875e-03	1.930000000000000118e-02	-8.265678004214638275e-01
-2.212444104646382748e-02	1.141071520353618453e-02	2.944000000000000089e-02
9.180000000000000659e-03	7.554634495785361725e-01	-4.938030042146382415e-02
7.455637078536184702e-03	1.932000000000000037e-02	-8.082572535464638275e-01
-3.066936292146382748e-02	1.165485582853618453e-02	2.946000000000000008e-02
9.199999999999999845e-03	7.554634495785361725e-01	-5.064983167146382137e-02
7.895090203536184875e-03	1.933999999999999955e-02	-8.180228785464638275e-01
-1.480022229646382748e-02	1.121540270353618522e-02	2.947999999999999926e-02
9.220000000000000764e-03	7.469185277035361725e-01	-4.791545667146382415e-02
7.455637078536184702e-03	1.935999999999999874e-02	-8.009330347964638275e-01
-2.334514417146382748e-02	1.145954332853618522e-02	2.949999999999999845e-02
9.239999999999999949e-03	7.481392308285361725e-01	-4.918498792146382137e-02
7.895090203536184875e-03	1.938000000000000139e-02	-8.106986597964638275e-01
-6.255300421463827476e-03	1.102009020353618418e-02	2.952000000000000110e-02
9.259999999999999135e-03	7.383736058285361725e-01	-4.645061292146382415e-02
7.455637078536184702e-03	1.940000000000000058e-02	-7.936088160464638275e-01
-1.602092542146382748e-02	1.126423082853618418e-02	2.954000000000000029e-02
9.280000000000000054e-03	7.408150120785361725e-01	-4.772014417146382137e-02
7.846262078536184181e-03	1.941999999999999976e-02	-8.021537379214638275e-01
1.068918328536172524e-03	1.082477770353618488e-02	2.955999999999999947e-02
9.299999999999999239e-03	7.322700902035361725e-01	-4.498576917146382415e-02
7.455637078536184702e-03	1.943999999999999895e-02	-7.862845972964638275e-01
-8.696706671463827476e-03	1.106891832853618488e-02	2.957999999999999866e-02
9.320000000000000159e-03	7.334907933285361725e-01	-4.630412854646381859e-02
7.846262078536184181e-03	1.946000000000000160e-02	-7.960502222964638275e-01
8.393137078536172524e-03	1.067829332853618453e-02	2.960000000000000131e-02
9.339999999999999344e-03	7.249458714535361725e-01	-4.356975354646382137e-02
7.406808953536184875e-03	1.948000000000000079e-02	-7.789603785464638275e-01
-1.517847964638274760e-04	1.092243395353618453e-02	2.962000000000000050e-02
9.360000000000000264e-03	7.261665745785361725e-01	-4.488811292146382276e-02
7.797433953536184355e-03	1.949999999999999997e-02	-7.875053004214638275e-01
1.571735582853617252e-02	1.048298082853618522e-02	2.963999999999999968e-02
9.379999999999999449e-03	7.164009495785361725e-01	-4.210490979646382137e-02
7.406808953536184875e-03	1.951999999999999916e-02	-7.704154566714638275e-01
7.172433953536172524e-03	1.077594957853618418e-02	2.965999999999999887e-02
9.400000000000000369e-03	7.176216527035361725e-01	-4.342326917146382276e-02
7.797433953536184355e-03	1.953999999999999834e-02	-7.801810816714638275e-01
2.426227770353617252e-02	1.033649645353618488e-02	2.968000000000000152e-02
9.419999999999999554e-03	7.090767308285361725e-01	-4.068889417146381859e-02
7.406808953536184875e-03	1.956000000000000100e-02	-7.630912379214638275e-01
1.449665270353617252e-02	1.062946520353618557e-02	2.970000000000000070e-02
9.440000000000000474e-03	7.102974339535361725e-01	-4.200725354646381998e-02
7.797433953536184355e-03	1.958000000000000018e-02	-7.728568629214638275e-01
3.158649645353617252e-02	1.023884020353618522e-02	2.971999999999999989e-02
9.459999999999999659e-03	7.005318089535361725e-01	-3.927287854646382276e-02
7.357980828536184181e-03	1.959999999999999937e-02	-7.557670191714638275e-01
2.304157457853617252e-02	1.053180895353618418e-02	2.973999999999999908e-02
9.480000000000000579e-03	7.029732152035361725e-01	-4.059123792146382415e-02
7.846262078536184181e-03	1.961999999999999855e-02	-7.643119410464638275e-01
3.891071520353617252e-02	1.009235582853618488e-02	2.976000000000000173e-02
9.499999999999999764e-03	6.932075902035361725e-01	-3.785686292146381998e-02
7.406808953536184875e-03	1.964000000000000121e-02	-7.484428004214638275e-01
3.036579332853617252e-02	1.038532457853618557e-02	2.978000000000000091e-02
9.520000000000000684e-03	6.944282933285361725e-01	-3.912639417146382415e-02
7.943918328536183834e-03	1.966000000000000039e-02	-7.569877222964638275e-01
4.745563707853617252e-02	9.945871453536184528e-03	2.980000000000000010e-02
9.539999999999999869e-03	6.858833714535361725e-01	-3.639201917146381998e-02
7.455637078536184702e-03	1.967999999999999958e-02	-7.411185816714638275e-01
3.769001207853617252e-02	1.019001207853618453e-02	2.981999999999999929e-02
9.560000000000000789e-03	6.871040745785361725e-01	-3.775920667146381859e-02
8.041574578536185222e-03	1.969999999999999876e-02	-7.496635035464638275e-01
5.477985582853617252e-02	9.750558953536185222e-03	2.983999999999999847e-02
9.579999999999999974e-03	6.785591527035361725e-01	-3.502483167146382137e-02
7.553293328536184355e-03	1.972000000000000142e-02	-7.325736597964638275e-01
4.623493395353617252e-02	9.994699578536185222e-03	2.986000000000000112e-02
9.599999999999999159e-03	6.797798558285361725e-01	-3.629436292146381859e-02
8.139230828536184875e-03	1.974000000000000060e-02	-7.423392847964638275e-01
6.210407457853617252e-02	9.555246453536184181e-03	2.988000000000000031e-02
9.620000000000000079e-03	6.712349339535361725e-01	-3.355998792146382137e-02
7.699777703536184702e-03	1.975999999999999979e-02	-7.252494410464638275e-01
5.355915270353617252e-02	9.750558953536185222e-03	2.989999999999999949e-02
9.639999999999999264e-03	6.724556370785361725e-01	-3.487834729646382276e-02
8.285715203536185222e-03	1.977999999999999897e-02	-7.350150660464638275e-01
7.064899645353617252e-02	9.359933953536184875e-03	2.991999999999999868e-02
9.660000000000000184e-03	6.626900120785361725e-01	-3.209514417146382137e-02
7.797433953536184355e-03	1.980000000000000163e-02	-7.179252222964638275e-01
6.210407457853617252e-02	9.555246453536184181e-03	2.994000000000000133e-02
9.679999999999999369e-03	6.639107152035361725e-01	-3.341350354646382276e-02
8.334543328536184181e-03	1.982000000000000081e-02	-7.276908472964638275e-01
7.797321520353617252e-02	9.115793328536184875e-03	2.996000000000000052e-02
9.700000000000000289e-03	6.553657933285361725e-01	-3.067912854646381859e-02
7.943918328536183834e-03	1.984000000000000000e-02	-7.106010035464638275e-01
6.820759020353617252e-02	9.311105828536184181e-03	2.997999999999999970e-02
9.719999999999999474e-03	6.565864964535361725e-01	-3.199748792146381998e-02
8.432199578536183834e-03	1.985999999999999918e-02	-7.191459254214638275e-01
8.529743395353617252e-02	8.871652703536184875e-03	2.999999999999999889e-02
9.740000000000000394e-03	6.468208714535361725e-01	-2.931194104646381998e-02
7.992746453536184528e-03	1.987999999999999837e-02	-7.032767847964638275e-01
7.675251207853617252e-02	9.164621453536183834e-03	3.002000000000000154e-02
9.759999999999999579e-03	6.492622777035361725e-01	-3.058147229646382068e-02
8.529855828536185222e-03	1.990000000000000102e-02	-7.118217066714638275e-01
9.384235582853617252e-02	8.676340203536183834e-03	3.004000000000000073e-02
9.780000000000000498e-03	6.394966527035361725e-01	-2.794475354646382137e-02
8.090402703536184181e-03	1.992000000000000021e-02	-6.947318629214638275e-01
8.407673082853617252e-02	9.018137078536185222e-03	3.005999999999999991e-02
9.799999999999999684e-03	6.419380589535361725e-01	-2.921428479646381859e-02
8.578683953536184181e-03	1.993999999999999939e-02	-7.044974879214638275e-01
1.011665745785361725e-01	8.529855828536185222e-03	3.007999999999999910e-02
9.820000000000000603e-03	6.321724339535361725e-01	-2.662639417146381998e-02
8.090402703536184181e-03	1.995999999999999858e-02	-6.874076441714638275e-01
9.140094957853617252e-02	8.822824578536184181e-03	3.009999999999999828e-02
9.839999999999999789e-03	6.333931370785361725e-01	-2.784709729646381998e-02
8.578683953536184181e-03	1.998000000000000123e-02	-6.971732691714638275e-01
1.084907933285361725e-01	8.383371453536184875e-03	3.012000000000000094e-02
9.860000000000000708e-03	6.236275120785361725e-01	-2.530803479646381859e-02
8.139230828536184875e-03	2.000000000000000042e-02	-6.800834254214638275e-01
9.994587145353617252e-02	8.676340203536183834e-03	3.014000000000000012e-02
9.879999999999999893e-03	6.260689183285361725e-01	-2.652873792146381859e-02
8.627512078536184875e-03	2.001999999999999960e-02	-6.886283472964638275e-01
1.158150120785361725e-01	8.236887078536184528e-03	3.015999999999999931e-02
9.900000000000000813e-03	6.163032933285361725e-01	-2.398967542146381721e-02
8.188058953536183834e-03	2.003999999999999879e-02	-6.715385035464638275e-01
1.072700902035361725e-01	8.529855828536185222e-03	3.017999999999999849e-02
9.919999999999999998e-03	6.187446995785361725e-01	-2.525920667146382137e-02
8.676340203536183834e-03	2.006000000000000144e-02	-6.813041285464638275e-01
1.243599339535361725e-01	8.090402703536184181e-03	3.020000000000000115e-02
9.939999999999999183e-03	6.089790745785361725e-01	-2.262248792146381859e-02
8.285715203536185222e-03	2.008000000000000063e-02	-6.642142847964638275e-01
1.145943089535361725e-01	8.334543328536184181e-03	3.022000000000000033e-02
9.960000000000000103e-03	6.114204808285361725e-01	-2.389201917146381582e-02
8.822824578536184181e-03	2.009999999999999981e-02	-6.739799097964638275e-01
1.316841527035361725e-01	7.943918328536183834e-03	3.023999999999999952e-02
9.979999999999999288e-03	6.016548558285361725e-01	-2.130412854646381721e-02
8.383371453536184875e-03	2.011999999999999900e-02	-6.568900660464638275e-01
1.219185277035361725e-01	8.188058953536183834e-03	3.025999999999999870e-02
1.000000000000000021e-02	6.028755589535361725e-01	-2.257365979646381790e-02
8.920480828536183834e-03	2.014000000000000165e-02	-6.654349879214638275e-01
1.402290745785361725e-01	7.797433953536184355e-03	3.028000000000000136e-02
1.001999999999999939e-02	5.943306370785361725e-01	-1.993694104646381859e-02
8.481027703536184528e-03	2.016000000000000084e-02	-6.483451441714638275e-01
1.304634495785361725e-01	8.041574578536185222e-03	3.030000000000000054e-02
1.004000000000000031e-02	5.955513402035361725e-01	-2.120647229646381582e-02
8.969308953536184528e-03	2.018000000000000002e-02	-6.581107691714638275e-01
1.475532933285361725e-01	7.650949578536184875e-03	3.031999999999999973e-02
1.005999999999999950e-02	5.857857152035361725e-01	-1.856975354646381651e-02
8.627512078536184875e-03	2.019999999999999921e-02	-6.422416285464638275e-01
1.377876683285361725e-01	7.895090203536184875e-03	3.033999999999999891e-02
1.008000000000000042e-02	5.882271214535361725e-01	-1.983928479646381721e-02
9.018137078536185222e-03	2.021999999999999839e-02	-6.507865504214638275e-01
1.548775120785361725e-01	7.504465203536184528e-03	3.036000000000000157e-02
1.009999999999999960e-02	5.784614964535361725e-01	-1.720256604646381790e-02
8.676340203536183834e-03	2.024000000000000105e-02	-6.336967066714638275e-01
1.463325902035361725e-01	7.797433953536184355e-03	3.038000000000000075e-02
1.012000000000000052e-02	5.796821995785361725e-01	-1.847209729646381512e-02
9.018137078536185222e-03	2.026000000000000023e-02	-6.434623316714638275e-01
0.000000000000000000e+00	1.618058054070723450e-01	9.405196340460525439e-02
-2.911698190789473867e-02	1.013999999999999971e-02	5.695206491570723450e-01
-2.263777883429276550e-01	3.912032277960526133e-02	2.027999999999999942e-02
2.000000000000000164e-05	1.532608835320723450e-01	9.405196340460525439e-02
-2.911698190789473867e-02	1.016000000000000063e-02	5.719620554070723450e-01
-2.263777883429276550e-01	4.058516652960526133e-02	2.029999999999999860e-02
4.000000000000000327e-05	1.691300241570723450e-01	9.209883840460525439e-02
-2.911698190789473867e-02	1.017999999999999981e-02	5.621964304070723450e-01
-2.239363820929276550e-01	3.948653371710526133e-02	2.032000000000000126e-02
6.000000000000000152e-05	1.605851022820723450e-01	9.197676809210525439e-02
-3.119217722039473867e-02	1.020000000000000073e-02	5.646378366570723450e-01
-2.349227102179276550e-01	4.095137746710526133e-02	2.034000000000000044e-02
8.000000000000000654e-05	1.764542429070723450e-01	9.002364309210525439e-02
-3.119217722039473867e-02	1.021999999999999992e-02	5.548722116570723450e-01
-2.324813039679276550e-01	3.985274465460526133e-02	2.035999999999999963e-02
1.000000000000000048e-04	1.679093210320723450e-01	9.002364309210525439e-02
-3.314530222039473867e-02	1.024000000000000084e-02	5.573136179070723450e-01
-2.422469289679276550e-01	4.143965871710526133e-02	2.037999999999999881e-02
1.200000000000000030e-04	1.849991647820723450e-01	8.794844777960525439e-02
-3.302323190789473867e-02	1.026000000000000002e-02	5.475479929070723450e-01
-2.410262258429276550e-01	4.034102590460526133e-02	2.040000000000000147e-02
1.399999999999999877e-04	1.752335397820723450e-01	8.782637746710525439e-02
-3.497635690789473867e-02	1.027999999999999921e-02	5.499893991570723450e-01
-2.495711477179276550e-01	4.192793996710526133e-02	2.042000000000000065e-02
1.600000000000000131e-04	1.923233835320723450e-01	8.575118215460525439e-02
-3.485428659539473867e-02	1.030000000000000013e-02	5.402237741570723450e-01
-2.483504445929276550e-01	4.095137746710526133e-02	2.043999999999999984e-02
1.800000000000000113e-04	1.825577585320723450e-01	8.575118215460525439e-02
-3.668534128289473867e-02	1.031999999999999931e-02	5.414444772820723450e-01
-2.581160695929276550e-01	4.253829152960526133e-02	2.045999999999999902e-02
2.000000000000000096e-04	1.996476022820723450e-01	8.367598684210525439e-02
-3.656327097039473867e-02	1.034000000000000023e-02	5.316788522820723450e-01
-2.556746633429276550e-01	4.156172902960526133e-02	2.048000000000000168e-02
2.200000000000000078e-04	1.898819772820723450e-01	8.355391652960525439e-02
-3.839432565789473867e-02	1.035999999999999942e-02	5.341202585320723450e-01
-2.654402883429276550e-01	4.314864309210526133e-02	2.050000000000000086e-02
2.400000000000000061e-04	2.069718210320723450e-01	8.160079152960525439e-02
-3.827225534539473867e-02	1.038000000000000034e-02	5.243546335320723450e-01
-2.642195852179276550e-01	4.217208059210526133e-02	2.052000000000000005e-02
2.599999999999999772e-04	1.984268991570723450e-01	8.160079152960525439e-02
-4.010331003289473867e-02	1.039999999999999952e-02	5.267960397820723450e-01
-2.727645070929276550e-01	4.375899465460526133e-02	2.053999999999999923e-02
2.799999999999999755e-04	2.142960397820723450e-01	7.952559621710525439e-02
-3.998123972039473867e-02	1.042000000000000044e-02	5.170304147820723450e-01
-2.715438039679276550e-01	4.278243215460526133e-02	2.055999999999999842e-02
2.999999999999999737e-04	2.057511179070723450e-01	7.964766652960525439e-02
-4.181229440789473867e-02	1.043999999999999963e-02	5.182511179070723450e-01
-2.800887258429276550e-01	4.449141652960526133e-02	2.058000000000000107e-02
3.200000000000000262e-04	2.228409616570723450e-01	7.757247121710525439e-02
-4.169022409539473867e-02	1.046000000000000055e-02	5.097061960320723450e-01
-2.788680227179276550e-01	4.339278371710526133e-02	2.060000000000000026e-02
3.400000000000000244e-04	2.130753366570723450e-01	7.757247121710525439e-02
-4.352127878289473867e-02	1.047999999999999973e-02	5.109268991570723450e-01
-2.886336477179276550e-01	4.497969777960526133e-02	2.061999999999999944e-02
3.600000000000000227e-04	2.301651804070723450e-01	7.561934621710525439e-02
-4.352127878289473867e-02	1.050000000000000065e-02	5.011612741570723450e-01
-2.861922414679276550e-01	4.388106496710526133e-02	2.063999999999999863e-02
3.800000000000000209e-04	2.216202585320723450e-01	7.561934621710525439e-02
-4.523026315789473867e-02	1.051999999999999984e-02	5.036026804070723450e-01
-2.959578664679276550e-01	4.546797902960526133e-02	2.066000000000000128e-02
4.000000000000000192e-04	2.387101022820723450e-01	7.354415090460525439e-02
-4.523026315789473867e-02	1.054000000000000076e-02	4.938370554070723450e-01
-2.947371633429276550e-01	4.449141652960526133e-02	2.068000000000000047e-02
4.200000000000000174e-04	2.289444772820723450e-01	7.366622121710525439e-02
-4.706131784539473867e-02	1.055999999999999994e-02	4.950577585320723450e-01
-3.032820852179276550e-01	4.595626027960526133e-02	2.069999999999999965e-02
4.400000000000000157e-04	2.460343210320723450e-01	7.159102590460525439e-02
-4.706131784539473867e-02	1.058000000000000086e-02	4.865128366570723450e-01
-3.020613820929276550e-01	4.485762746710526133e-02	2.071999999999999884e-02
4.600000000000000139e-04	2.362686960320723450e-01	7.171309621710525439e-02
-4.877030222039473867e-02	1.060000000000000005e-02	4.877335397820723450e-01
-3.118270070929276550e-01	4.632247121710526133e-02	2.074000000000000149e-02
4.800000000000000122e-04	2.533585397820723450e-01	6.963790090460525439e-02
-4.877030222039473867e-02	1.061999999999999923e-02	4.791886179070723450e-01
-3.106063039679276550e-01	4.534590871710526133e-02	2.076000000000000068e-02
5.000000000000000104e-04	2.448136179070723450e-01	6.963790090460525439e-02
-5.060135690789473867e-02	1.064000000000000015e-02	4.804093210320723450e-01
-3.191512258429276550e-01	4.681075246710526133e-02	2.077999999999999986e-02
5.199999999999999544e-04	2.619034616570723450e-01	6.744063527960525439e-02
-5.060135690789473867e-02	1.065999999999999934e-02	4.706436960320723450e-01
-3.179305227179276550e-01	4.583418996710526133e-02	2.079999999999999905e-02
5.400000000000000069e-04	2.521378366570723450e-01	6.744063527960525439e-02
-5.231034128289473867e-02	1.068000000000000026e-02	4.730851022820723450e-01
-3.264754445929276550e-01	4.717696340460526133e-02	2.082000000000000170e-02
5.599999999999999509e-04	2.692276804070723450e-01	6.524336965460525439e-02
-5.231034128289473867e-02	1.069999999999999944e-02	4.633194772820723450e-01
-3.252547414679276550e-01	4.620040090460526133e-02	2.084000000000000088e-02
5.800000000000000034e-04	2.594620554070723450e-01	6.524336965460525439e-02
-5.414139597039473867e-02	1.072000000000000036e-02	4.645401804070723450e-01
-3.350203664679276550e-01	4.766524465460526133e-02	2.086000000000000007e-02
5.999999999999999474e-04	2.765518991570723450e-01	6.292403371710525439e-02
-5.426346628289473867e-02	1.073999999999999955e-02	4.547745554070723450e-01
-3.325789602179276550e-01	4.668868215460526133e-02	2.087999999999999926e-02
6.199999999999999999e-04	2.667862741570723450e-01	6.280196340460525439e-02
-5.609452097039473867e-02	1.076000000000000047e-02	4.572159616570723450e-01
-3.423445852179276550e-01	4.815352590460526133e-02	2.089999999999999844e-02
6.400000000000000524e-04	2.850968210320723450e-01	6.060469777960526133e-02
-5.597245065789473867e-02	1.077999999999999965e-02	4.474503366570723450e-01
-3.411238820929276550e-01	4.717696340460526133e-02	2.092000000000000109e-02
6.599999999999999964e-04	2.753311960320723450e-01	6.036055715460526133e-02
-5.780350534539473867e-02	1.080000000000000057e-02	4.498917429070723450e-01
-3.496688039679276550e-01	4.864180715460526133e-02	2.094000000000000028e-02
6.800000000000000488e-04	2.912003366570723450e-01	5.828536184210526133e-02
-5.780350534539473867e-02	1.081999999999999976e-02	4.401261179070723450e-01
-3.484481008429276550e-01	4.754317434210526133e-02	2.095999999999999946e-02
6.999999999999999929e-04	2.826554147820723450e-01	5.816329152960526133e-02
-5.975663034539473867e-02	1.084000000000000068e-02	4.413468210320723450e-01
-3.569930227179276550e-01	4.913008840460526133e-02	2.097999999999999865e-02
7.200000000000000453e-04	2.997452585320723450e-01	5.584395559210526133e-02
-5.975663034539473867e-02	1.085999999999999986e-02	4.315811960320723450e-01
-3.557723195929276550e-01	4.803145559210526133e-02	2.100000000000000130e-02
7.399999999999999894e-04	2.899796335320723450e-01	5.584395559210526133e-02
-6.158768503289473867e-02	1.088000000000000078e-02	4.340226022820723450e-01
-3.655379445929276550e-01	4.961836965460526133e-02	2.102000000000000049e-02
7.600000000000000418e-04	3.082901804070723450e-01	5.352461965460526133e-02
-6.158768503289473867e-02	1.089999999999999997e-02	4.242569772820723450e-01
-3.630965383429276550e-01	4.851973684210526133e-02	2.103999999999999967e-02
7.799999999999999859e-04	2.985245554070723450e-01	5.340254934210526133e-02
-6.366288034539474561e-02	1.091999999999999915e-02	4.254776804070723450e-01
-3.728621633429276550e-01	5.022872121710526133e-02	2.105999999999999886e-02
8.000000000000000383e-04	3.156143991570723450e-01	5.120528371710526133e-02
-6.366288034539474561e-02	1.094000000000000007e-02	4.169327585320723450e-01
-3.716414602179276550e-01	4.913008840460526133e-02	2.108000000000000151e-02
8.199999999999999824e-04	3.058487741570723450e-01	5.120528371710526133e-02
-6.573807565789474561e-02	1.095999999999999926e-02	4.193741647820723450e-01
-3.801863820929276550e-01	5.083907277960526133e-02	2.110000000000000070e-02
8.400000000000000348e-04	3.229386179070723450e-01	4.925215871710526133e-02
-6.586014597039474561e-02	1.098000000000000018e-02	4.096085397820723450e-01
-3.789656789679276550e-01	4.961836965460526133e-02	2.111999999999999988e-02
8.599999999999999789e-04	3.131729929070723450e-01	4.900801809210526133e-02
-6.781327097039474561e-02	1.099999999999999936e-02	4.108292429070723450e-01
-3.887313039679276550e-01	5.132735402960526133e-02	2.113999999999999907e-02
8.800000000000000313e-04	3.302628366570723450e-01	4.705489309210526133e-02
-6.805741159539474561e-02	1.102000000000000028e-02	4.022843210320723450e-01
-3.875106008429276550e-01	5.022872121710526133e-02	2.116000000000000172e-02
8.999999999999999754e-04	3.204972116570723450e-01	4.705489309210526133e-02
-7.013260690789474561e-02	1.103999999999999947e-02	4.035050241570723450e-01
-3.960555227179276550e-01	5.193770559210526133e-02	2.118000000000000091e-02
9.200000000000000278e-04	3.375870554070723450e-01	4.497969777960526133e-02
-7.025467722039474561e-02	1.106000000000000039e-02	3.937393991570723450e-01
-3.948348195929276550e-01	5.071700246710526133e-02	2.120000000000000009e-02
9.399999999999999719e-04	3.290421335320723450e-01	4.497969777960526133e-02
-7.232987253289474561e-02	1.107999999999999957e-02	3.949601022820723450e-01
-4.033797414679276550e-01	5.242598684210526133e-02	2.121999999999999928e-02
9.600000000000000243e-04	3.461319772820723450e-01	4.302657277960526133e-02
-7.245194284539474561e-02	1.110000000000000049e-02	3.864151804070723450e-01
-4.021590383429276550e-01	5.120528371710526133e-02	2.123999999999999846e-02
9.799999999999999684e-04	3.363663522820723450e-01	4.314864309210526133e-02
-7.452713815789474561e-02	1.111999999999999968e-02	3.876358835320723450e-01
-4.119246633429276550e-01	5.303633840460526133e-02	2.126000000000000112e-02
1.000000000000000021e-03	3.534561960320723450e-01	4.107344777960526133e-02
-7.464920847039474561e-02	1.114000000000000060e-02	3.790909616570723450e-01
-4.107039602179276550e-01	5.181563527960526133e-02	2.128000000000000030e-02
1.020000000000000073e-03	3.449112741570723450e-01	4.119551809210526133e-02
-7.660233347039474561e-02	1.115999999999999978e-02	3.803116647820723450e-01
-4.192488820929276550e-01	5.352461965460526133e-02	2.129999999999999949e-02
1.039999999999999909e-03	3.607804147820723450e-01	3.936446340460526133e-02
-7.684647409539474561e-02	1.118000000000000070e-02	3.705460397820723450e-01
-4.180281789679276550e-01	5.242598684210526133e-02	2.131999999999999867e-02
1.059999999999999961e-03	3.522354929070723450e-01	3.948653371710526133e-02
-7.879959909539474561e-02	1.119999999999999989e-02	3.729874460320723450e-01
-4.277938039679276550e-01	5.413497121710526133e-02	2.134000000000000133e-02
1.080000000000000014e-03	3.693253366570723450e-01	3.777754934210526133e-02
-7.879959909539474561e-02	1.122000000000000081e-02	3.632218210320723450e-01
-4.253523977179276550e-01	5.291426809210526133e-02	2.136000000000000051e-02
1.100000000000000066e-03	3.607804147820723450e-01	3.777754934210526133e-02
-8.063065378289474561e-02	1.123999999999999999e-02	3.644425241570723450e-01
-4.351180227179276550e-01	5.474532277960526133e-02	2.137999999999999970e-02
1.119999999999999902e-03	3.778702585320723450e-01	3.619063527960526133e-02
-8.087479440789474561e-02	1.125999999999999918e-02	3.546768991570723450e-01
-4.338973195929276550e-01	5.352461965460526133e-02	2.139999999999999888e-02
1.139999999999999954e-03	3.681046335320723450e-01	3.643477590460526133e-02
-8.270584909539474561e-02	1.128000000000000010e-02	3.571183054070723450e-01
-4.424422414679276550e-01	5.535567434210526133e-02	2.142000000000000154e-02
1.160000000000000007e-03	3.851944772820723450e-01	3.484786184210526133e-02
-8.270584909539474561e-02	1.129999999999999928e-02	3.485733835320723450e-01
-4.412215383429276550e-01	5.413497121710526133e-02	2.144000000000000072e-02
1.180000000000000059e-03	3.754288522820723450e-01	3.509200246710526133e-02
-8.453690378289474561e-02	1.132000000000000020e-02	3.485733835320723450e-01
-4.497664602179276550e-01	5.608809621710526133e-02	2.145999999999999991e-02
1.199999999999999895e-03	3.925186960320723450e-01	3.362715871710526133e-02
-8.453690378289474561e-02	1.133999999999999939e-02	3.400284616570723450e-01
-4.485457570929276550e-01	5.474532277960526133e-02	2.147999999999999909e-02
1.219999999999999947e-03	3.827530710320723450e-01	3.387129934210526133e-02
-8.649002878289474561e-02	1.136000000000000031e-02	3.412491647820723450e-01
-4.583113820929276550e-01	5.682051809210526133e-02	2.149999999999999828e-02
1.240000000000000000e-03	3.998429147820723450e-01	3.265059621710526133e-02
-8.649002878289474561e-02	1.137999999999999949e-02	3.327042429070723450e-01
-4.558699758429276550e-01	5.547774465460526133e-02	2.152000000000000093e-02
1.260000000000000052e-03	3.912979929070723450e-01	3.289473684210526133e-02
-8.832108347039474561e-02	1.140000000000000041e-02	3.339249460320723450e-01
-4.656356008429276550e-01	5.767501027960526133e-02	2.154000000000000012e-02
1.280000000000000105e-03	4.071671335320723450e-01	3.167403371710526133e-02
-8.844315378289474561e-02	1.141999999999999960e-02	3.241593210320723450e-01
-4.631941945929276550e-01	5.621016652960526133e-02	2.155999999999999930e-02
1.299999999999999940e-03	3.986222116570723450e-01	3.228438527960526133e-02
-9.027420847039474561e-02	1.144000000000000052e-02	3.266007272820723450e-01
-4.729598195929276550e-01	5.865157277960526133e-02	2.157999999999999849e-02
1.319999999999999993e-03	4.157120554070723450e-01	3.094161184210526133e-02
-9.027420847039474561e-02	1.145999999999999970e-02	3.168351022820723450e-01
-4.717391164679276550e-01	5.706465871710526133e-02	2.160000000000000114e-02
1.340000000000000045e-03	4.059464304070723450e-01	3.155196340460526133e-02
-9.222733347039474561e-02	1.148000000000000062e-02	3.180558054070723450e-01
-4.802840383429276550e-01	5.962813527960526133e-02	2.162000000000000033e-02
1.360000000000000098e-03	4.230362741570723450e-01	3.020918996710526133e-02
-9.222733347039474561e-02	1.149999999999999981e-02	3.082901804070723450e-01
-4.790633352179276550e-01	5.804122121710526133e-02	2.163999999999999951e-02
1.379999999999999933e-03	4.132706491570723450e-01	3.081954152960526133e-02
-9.405838815789474561e-02	1.152000000000000073e-02	3.107315866570723450e-01
-4.888289602179276550e-01	6.060469777960526133e-02	2.165999999999999870e-02
1.399999999999999986e-03	4.303604929070723450e-01	2.959883840460526133e-02
-9.405838815789474561e-02	1.153999999999999991e-02	3.009659616570723450e-01
-4.863875539679276550e-01	5.913985402960526133e-02	2.168000000000000135e-02
1.420000000000000038e-03	4.218155710320723450e-01	3.033126027960526133e-02
-9.576737253289474561e-02	1.156000000000000083e-02	3.034073679070723450e-01
-4.961531789679276550e-01	6.182540090460526133e-02	2.170000000000000054e-02
1.440000000000000091e-03	4.389054147820723450e-01	2.911055715460526133e-02
-9.576737253289474561e-02	1.158000000000000002e-02	2.924210397820723450e-01
-4.949324758429276550e-01	6.023848684210526133e-02	2.171999999999999972e-02
1.459999999999999926e-03	4.291397897820723450e-01	2.972090871710526133e-02
-9.747635690789474561e-02	1.159999999999999920e-02	2.948624460320723450e-01
-5.034773977179276550e-01	6.316817434210525439e-02	2.173999999999999891e-02
1.479999999999999979e-03	4.462296335320723450e-01	2.850020559210526133e-02
-9.747635690789474561e-02	1.162000000000000012e-02	2.863175241570723450e-01
-5.022566945929276550e-01	6.158126027960526133e-02	2.176000000000000156e-02
1.500000000000000031e-03	4.364640085320723450e-01	2.923262746710526133e-02
-9.918534128289474561e-02	1.163999999999999931e-02	2.875382272820723450e-01
-5.120223195929276550e-01	6.463301809210525439e-02	2.178000000000000075e-02
1.520000000000000084e-03	4.547745554070723450e-01	2.813399465460526133e-02
-9.918534128289474561e-02	1.166000000000000023e-02	2.777726022820723450e-01
-5.108016164679276550e-01	6.292403371710525439e-02	2.179999999999999993e-02
1.539999999999999919e-03	4.450089304070723450e-01	2.886641652960526133e-02
-1.007722553453947456e-01	1.167999999999999941e-02	2.802140085320723450e-01
-5.193465383429276550e-01	6.609786184210525439e-02	2.181999999999999912e-02
1.559999999999999972e-03	4.620987741570723450e-01	2.788985402960526133e-02
-1.007722553453947456e-01	1.170000000000000033e-02	2.704483835320723450e-01
-5.181258352179276550e-01	6.438887746710525439e-02	2.183999999999999830e-02
1.580000000000000024e-03	4.523331491570723450e-01	2.874434621710526133e-02
-1.023591694078947456e-01	1.171999999999999952e-02	2.716690866570723450e-01
-5.266707570929276550e-01	6.780684621710525439e-02	2.186000000000000096e-02
1.600000000000000077e-03	4.694229929070723450e-01	2.764571340460526133e-02
-1.022370990953947456e-01	1.174000000000000044e-02	2.631241647820723450e-01
-5.254500539679276550e-01	6.585372121710525439e-02	2.188000000000000014e-02
1.619999999999999912e-03	4.596573679070723450e-01	2.862227590460526133e-02
-1.039460834703947456e-01	1.175999999999999962e-02	2.643448679070723450e-01
-5.352156789679276550e-01	6.951583059210525439e-02	2.189999999999999933e-02
1.639999999999999965e-03	4.779679147820723450e-01	2.752364309210526133e-02
-1.038240131578947456e-01	1.178000000000000054e-02	2.545792429070723450e-01
-5.327742727179276550e-01	6.768477590460525439e-02	2.191999999999999851e-02
1.660000000000000017e-03	4.669815866570723450e-01	2.850020559210526133e-02
-1.054109272203947456e-01	1.179999999999999973e-02	2.570206491570723450e-01
-5.425398977179276550e-01	7.134688527960525439e-02	2.194000000000000117e-02
1.680000000000000070e-03	4.840714304070723450e-01	2.752364309210526133e-02
-1.054109272203947456e-01	1.182000000000000065e-02	2.472550241570723450e-01
-5.413191945929276550e-01	6.927168996710525439e-02	2.196000000000000035e-02
1.699999999999999905e-03	4.755265085320723450e-01	2.850020559210526133e-02
-1.069978412828947456e-01	1.183999999999999983e-02	2.484757272820723450e-01
-5.510848195929276550e-01	7.342208059210525439e-02	2.197999999999999954e-02
1.719999999999999958e-03	4.926163522820723450e-01	2.727950246710526133e-02
-1.069978412828947456e-01	1.186000000000000075e-02	2.399308054070723450e-01
-5.486434133429276550e-01	7.122481496710525439e-02	2.199999999999999872e-02
1.740000000000000010e-03	4.828507272820723450e-01	2.825606496710526133e-02
-1.087068256578947456e-01	1.187999999999999994e-02	2.411515085320723450e-01
-5.584090383429276550e-01	7.549727590460525439e-02	2.202000000000000138e-02
1.760000000000000063e-03	4.999405710320723450e-01	2.703536184210526133e-02
-1.085847553453947456e-01	1.190000000000000085e-02	2.326065866570723450e-01
-5.559676320929276550e-01	7.330001027960525439e-02	2.204000000000000056e-02
1.779999999999999898e-03	4.913956491570723450e-01	2.788985402960526133e-02
-1.102937397203947456e-01	1.192000000000000004e-02	2.338272897820723450e-01
-5.657332570929276550e-01	7.781661184210525439e-02	2.205999999999999975e-02
1.799999999999999951e-03	5.072647897820723450e-01	2.666915090460526133e-02
-1.102937397203947456e-01	1.193999999999999923e-02	2.240616647820723450e-01
-5.645125539679276550e-01	7.537520559210525439e-02	2.207999999999999893e-02
1.820000000000000003e-03	4.987198679070723450e-01	2.752364309210526133e-02
-1.120027240953947456e-01	1.196000000000000014e-02	2.252823679070723450e-01
-5.730574758429276550e-01	8.025801809210525439e-02	2.210000000000000159e-02
1.840000000000000056e-03	5.158097116570723450e-01	2.642501027960526133e-02
-1.118806537828947456e-01	1.197999999999999933e-02	2.167374460320723450e-01
-5.718367727179276550e-01	7.781661184210525439e-02	2.212000000000000077e-02
1.860000000000000108e-03	5.060440866570723450e-01	2.715743215460526133e-02
-1.135896381578947456e-01	1.200000000000000025e-02	2.179581491570723450e-01
-5.803816945929276550e-01	8.269942434210525439e-02	2.213999999999999996e-02
1.879999999999999944e-03	5.231339304070723450e-01	2.605879934210526133e-02
-1.134675678453947456e-01	1.201999999999999943e-02	2.081925241570723450e-01
-5.791609914679276550e-01	8.025801809210525439e-02	2.215999999999999914e-02
1.899999999999999996e-03	5.133683054070723450e-01	2.679122121710526133e-02
-1.151765522203947456e-01	1.204000000000000035e-02	2.106339304070723450e-01
-5.889266164679276550e-01	8.526290090460525439e-02	2.217999999999999833e-02
1.920000000000000049e-03	5.304581491570723450e-01	2.569258840460526133e-02
-1.150544819078947456e-01	1.205999999999999954e-02	2.008683054070723450e-01
-5.877059133429276550e-01	8.269942434210525439e-02	2.220000000000000098e-02
1.940000000000000101e-03	5.219132272820723450e-01	2.654708059210526133e-02
-1.166413959703947456e-01	1.208000000000000046e-02	2.033097116570723450e-01
-5.974715383429276550e-01	8.770430715460525439e-02	2.222000000000000017e-02
1.959999999999999937e-03	5.390030710320723450e-01	2.544844777960526133e-02
-1.165193256578947456e-01	1.209999999999999964e-02	1.947647897820723450e-01
-5.950301320929276550e-01	8.526290090460525439e-02	2.223999999999999935e-02
1.979999999999999989e-03	5.292374460320723450e-01	2.630293996710526133e-02
-1.181062397203947456e-01	1.212000000000000056e-02	1.947647897820723450e-01
-6.035750539679276550e-01	9.014571340460525439e-02	2.225999999999999854e-02
2.000000000000000042e-03	5.463272897820723450e-01	2.520430715460526133e-02
-1.179841694078947456e-01	1.213999999999999975e-02	1.862198679070723450e-01
-6.023543508429276550e-01	8.782637746710525439e-02	2.228000000000000119e-02
2.020000000000000094e-03	5.365616647820723450e-01	2.630293996710526133e-02
-1.195710834703947456e-01	1.216000000000000067e-02	1.874405710320723450e-01
-6.121199758429276550e-01	9.258711965460525439e-02	2.230000000000000038e-02
2.040000000000000147e-03	5.536515085320723450e-01	2.520430715460526133e-02
-1.195710834703947456e-01	1.217999999999999985e-02	1.788956491570723450e-01
-6.096785695929276550e-01	9.026778371710525439e-02	2.231999999999999956e-02
2.060000000000000199e-03	5.451065866570723450e-01	2.618086965460526133e-02
-1.211579975328947456e-01	1.220000000000000077e-02	1.801163522820723450e-01
-6.194441945929276550e-01	9.478438527960525439e-02	2.233999999999999875e-02
2.079999999999999818e-03	5.621964304070723450e-01	2.508223684210526133e-02
-1.212800678453947456e-01	1.221999999999999996e-02	1.703507272820723450e-01
-6.182234914679276550e-01	9.270918996710525439e-02	2.236000000000000140e-02
2.099999999999999870e-03	5.524308054070723450e-01	2.605879934210526133e-02
-1.228669819078947456e-01	1.223999999999999914e-02	1.727921335320723450e-01
-6.279891164679276550e-01	9.710372121710525439e-02	2.238000000000000059e-02
2.119999999999999923e-03	5.695206491570723450e-01	2.496016652960526133e-02
-1.228669819078947456e-01	1.226000000000000006e-02	1.642472116570723450e-01
-6.255477102179276550e-01	9.490645559210525439e-02	2.239999999999999977e-02
2.139999999999999975e-03	5.597550241570723450e-01	2.569258840460526133e-02
-1.246980365953947456e-01	1.227999999999999925e-02	1.654679147820723450e-01
-6.340926320929276550e-01	9.942305715460525439e-02	2.241999999999999896e-02
2.160000000000000028e-03	5.768448679070723450e-01	2.471602590460526133e-02
-1.246980365953947456e-01	1.230000000000000017e-02	1.569229929070723450e-01
-6.328719289679276550e-01	9.722579152960525439e-02	2.244000000000000161e-02
2.180000000000000080e-03	5.670792429070723450e-01	2.532637746710526133e-02
-1.264070209703947456e-01	1.231999999999999935e-02	1.581436960320723450e-01
-6.426375539679276550e-01	1.016203227796052544e-01	2.246000000000000080e-02
2.200000000000000133e-03	5.841690866570723450e-01	2.434981496710526133e-02
-1.264070209703947456e-01	1.234000000000000027e-02	1.483780710320723450e-01
-6.401961477179276550e-01	9.942305715460525439e-02	2.247999999999999998e-02
2.220000000000000185e-03	5.756241647820723450e-01	2.483809621710526133e-02
-1.282380756578947456e-01	1.235999999999999946e-02	1.508194772820723450e-01
-6.499617727179276550e-01	1.039396587171052544e-01	2.249999999999999917e-02
2.239999999999999804e-03	5.927140085320723450e-01	2.386153371710526133e-02
-1.282380756578947456e-01	1.238000000000000038e-02	1.410538522820723450e-01
-6.487410695929276550e-01	1.017423930921052544e-01	2.251999999999999835e-02
2.259999999999999856e-03	5.829483835320723450e-01	2.434981496710526133e-02
-1.301912006578947456e-01	1.239999999999999956e-02	1.422745554070723450e-01
-6.585066945929276550e-01	1.061369243421052544e-01	2.254000000000000101e-02
2.279999999999999909e-03	6.000382272820723450e-01	2.337325246710526133e-02
-1.301912006578947456e-01	1.242000000000000048e-02	1.337296335320723450e-01
-6.560652883429276550e-01	1.040617290296052544e-01	2.256000000000000019e-02
2.299999999999999961e-03	5.914933054070723450e-01	2.386153371710526133e-02
-1.320222553453947456e-01	1.243999999999999967e-02	1.349503366570723450e-01
-6.658309133429276550e-01	1.083341899671052544e-01	2.257999999999999938e-02
2.320000000000000014e-03	6.085831491570723450e-01	2.288497121710526133e-02
-1.320222553453947456e-01	1.246000000000000059e-02	1.251847116570723450e-01
-6.633895070929276550e-01	1.062589946546052544e-01	2.259999999999999856e-02
2.340000000000000066e-03	5.988175241570723450e-01	2.337325246710526133e-02
-1.339753803453947456e-01	1.247999999999999977e-02	1.276261179070723450e-01
-6.731551320929276550e-01	1.104093852796052544e-01	2.262000000000000122e-02
2.360000000000000119e-03	6.159073679070723450e-01	2.239668996710526133e-02
-1.339753803453947456e-01	1.250000000000000069e-02	1.178604929070723589e-01
-6.707137258429276550e-01	1.084562602796052544e-01	2.264000000000000040e-02
2.380000000000000171e-03	6.061417429070723450e-01	2.288497121710526133e-02
-1.359285053453947456e-01	1.251999999999999988e-02	1.190811960320723589e-01
-6.817000539679276550e-01	1.124845805921052544e-01	2.265999999999999959e-02
2.399999999999999790e-03	6.232315866570723450e-01	2.203047902960526133e-02
-1.359285053453947456e-01	1.254000000000000080e-02	1.105362741570723589e-01
-6.792586477179276550e-01	1.105314555921052544e-01	2.267999999999999877e-02
2.419999999999999842e-03	6.134659616570723450e-01	2.251876027960526133e-02
-1.377595600328947456e-01	1.255999999999999998e-02	1.117569772820723589e-01
-6.890242727179276550e-01	1.145597759046052544e-01	2.270000000000000143e-02
2.439999999999999895e-03	6.317765085320723450e-01	2.154219777960526133e-02
-1.378816303453947456e-01	1.257999999999999917e-02	1.032120554070723589e-01
-6.865828664679276550e-01	1.126066509046052544e-01	2.272000000000000061e-02
2.459999999999999947e-03	6.220108835320723450e-01	2.215254934210526133e-02
-1.398347553453947456e-01	1.260000000000000009e-02	1.044327585320723589e-01
-6.963484914679276550e-01	1.165129009046052544e-01	2.273999999999999980e-02
2.480000000000000000e-03	6.391007272820723450e-01	2.129805715460526133e-02
-1.398347553453947456e-01	1.261999999999999927e-02	9.344643040707235893e-02
-6.951277883429276550e-01	1.145597759046052544e-01	2.275999999999999898e-02
2.500000000000000052e-03	6.293351022820723450e-01	2.190840871710526133e-02
-1.416658100328947456e-01	1.264000000000000019e-02	9.588783665707235893e-02
-7.036727102179276550e-01	1.182218852796052544e-01	2.278000000000000164e-02
2.520000000000000104e-03	6.464249460320723450e-01	2.093184621710526133e-02
-1.416658100328947456e-01	1.265999999999999938e-02	8.734291478207235893e-02
-7.024520070929276550e-01	1.163908305921052544e-01	2.280000000000000082e-02
2.540000000000000157e-03	6.366593210320723450e-01	2.154219777960526133e-02
-1.436189350328947456e-01	1.268000000000000030e-02	8.856361790707235893e-02
-7.122176320929276550e-01	1.199308696546052544e-01	2.282000000000000001e-02
2.560000000000000209e-03	6.549698679070723450e-01	2.044356496710526133e-02
-1.436189350328947456e-01	1.269999999999999948e-02	7.879799290707235893e-02
-7.109969289679276550e-01	1.182218852796052544e-01	2.283999999999999919e-02
2.579999999999999828e-03	6.452042429070723450e-01	2.117598684210526133e-02
-1.453279194078947456e-01	1.272000000000000040e-02	8.123939915707235893e-02
-7.195418508429276550e-01	1.217619243421052544e-01	2.285999999999999838e-02
2.599999999999999881e-03	6.622940866570723450e-01	2.007735402960526133e-02
-1.453279194078947456e-01	1.273999999999999959e-02	7.147377415707235893e-02
-7.183211477179276550e-01	1.200529399671052544e-01	2.288000000000000103e-02
2.619999999999999933e-03	6.525284616570723450e-01	2.080977590460526133e-02
-1.471589740953947456e-01	1.276000000000000051e-02	7.269447728207235893e-02
-7.268660695929276550e-01	1.235929790296052544e-01	2.290000000000000022e-02
2.639999999999999986e-03	6.696183054070723450e-01	1.971114309210526133e-02
-1.471589740953947456e-01	1.277999999999999969e-02	6.414955540707235893e-02
-7.256453664679276550e-01	1.217619243421052544e-01	2.291999999999999940e-02
2.660000000000000038e-03	6.598526804070723450e-01	2.032149465460526133e-02
-1.487458881578947456e-01	1.280000000000000061e-02	6.537025853207235893e-02
-7.354109914679276550e-01	1.254240337171052544e-01	2.293999999999999859e-02
2.680000000000000090e-03	6.769425241570723450e-01	1.922286184210526133e-02
-1.488679584703947456e-01	1.281999999999999980e-02	5.682533665707235893e-02
-7.341902883429276550e-01	1.235929790296052544e-01	2.296000000000000124e-02
2.700000000000000143e-03	6.683976022820723450e-01	1.983321340460526133e-02
-1.504548725328947456e-01	1.284000000000000072e-02	5.804603978207235893e-02
-7.427352102179276550e-01	1.271330180921052544e-01	2.298000000000000043e-02
2.720000000000000195e-03	6.854874460320723450e-01	1.873458059210526133e-02
-1.504548725328947456e-01	1.285999999999999990e-02	4.950111790707235893e-02
-7.415145070929276550e-01	1.254240337171052544e-01	2.299999999999999961e-02
2.739999999999999814e-03	6.757218210320723450e-01	1.946700246710526133e-02
-1.520417865953947456e-01	1.288000000000000082e-02	5.072182103207235893e-02
-7.500594289679276550e-01	1.289640727796052544e-01	2.301999999999999880e-02
2.759999999999999867e-03	6.928116647820723450e-01	1.836836965460526133e-02
-1.519197162828947456e-01	1.290000000000000001e-02	4.095619603207235893e-02
-7.488387258429276550e-01	1.272550884046052544e-01	2.304000000000000145e-02
2.779999999999999919e-03	6.830460397820723450e-01	1.910079152960526133e-02
-1.536287006578947456e-01	1.291999999999999919e-02	4.217689915707235893e-02
-7.573836477179276550e-01	1.307951274671052544e-01	2.306000000000000064e-02
2.799999999999999972e-03	7.001358835320723450e-01	1.800215871710526133e-02
-1.536287006578947456e-01	1.294000000000000011e-02	3.363197728207235893e-02
-7.561629445929276550e-01	1.289640727796052544e-01	2.307999999999999982e-02
2.820000000000000024e-03	6.915909616570723450e-01	1.873458059210526133e-02
-1.552156147203947456e-01	1.295999999999999930e-02	3.485268040707235893e-02
-7.659285695929276550e-01	1.325041118421052544e-01	2.309999999999999901e-02
2.840000000000000076e-03	7.074601022820723450e-01	1.775801809210526133e-02
-1.552156147203947456e-01	1.298000000000000022e-02	2.508705540707235893e-02
-7.647078664679276550e-01	1.307951274671052544e-01	2.312000000000000166e-02
2.860000000000000129e-03	6.989151804070723450e-01	1.849043996710526133e-02
-1.568025287828947456e-01	1.299999999999999940e-02	2.752846165707235893e-02
-7.744734914679276550e-01	1.340910259046052544e-01	2.314000000000000085e-02
2.880000000000000181e-03	7.160050241570723450e-01	1.751387746710526133e-02
-1.568025287828947456e-01	1.302000000000000032e-02	1.776283665707235893e-02
-7.720320852179276550e-01	1.325041118421052544e-01	2.316000000000000003e-02
2.899999999999999800e-03	7.062393991570723450e-01	1.836836965460526133e-02
-1.583894428453947456e-01	1.303999999999999951e-02	2.020424290707235893e-02
-7.805770070929276550e-01	1.359220805921052544e-01	2.317999999999999922e-02
2.919999999999999853e-03	7.233292429070723450e-01	1.714766652960526133e-02
-1.583894428453947456e-01	1.306000000000000043e-02	9.217914782072358926e-03
-7.793563039679276550e-01	1.340910259046052544e-01	2.319999999999999840e-02
2.939999999999999905e-03	7.135636179070723450e-01	1.800215871710526133e-02
-1.600984272203947456e-01	1.307999999999999961e-02	1.165932103207235893e-02
-7.891219289679276550e-01	1.375089946546052544e-01	2.322000000000000106e-02
2.959999999999999958e-03	7.318741647820723450e-01	1.690352590460526133e-02
-1.599763569078947456e-01	1.310000000000000053e-02	1.893696032072358926e-03
-7.866805227179276550e-01	1.359220805921052544e-01	2.324000000000000024e-02
2.980000000000000010e-03	7.221085397820723450e-01	1.775801809210526133e-02
-1.615632709703947456e-01	1.311999999999999972e-02	4.335102282072358926e-03
-7.964461477179276550e-01	1.393400493421052544e-01	2.325999999999999943e-02
3.000000000000000062e-03	7.391983835320723450e-01	1.665938527960526133e-02
-1.615632709703947456e-01	1.314000000000000064e-02	-5.430522717927641074e-03
-7.940047414679276550e-01	1.375089946546052544e-01	2.327999999999999861e-02
3.020000000000000115e-03	7.294327585320723450e-01	1.739180715460526133e-02
-1.631501850328947456e-01	1.315999999999999982e-02	-4.209819592927641074e-03
-8.037703664679276550e-01	1.411711040296052544e-01	2.330000000000000127e-02
3.040000000000000167e-03	7.465226022820723450e-01	1.629317434210526133e-02
-1.630281147203947456e-01	1.318000000000000074e-02	-1.275474146792764107e-02
-8.025496633429276550e-01	1.393400493421052544e-01	2.332000000000000045e-02
3.059999999999999786e-03	7.367569772820723450e-01	1.702559621710526133e-02
-1.644929584703947456e-01	1.319999999999999993e-02	-1.153403834292764107e-02
-8.123152883429276550e-01	1.431242290296052544e-01	2.333999999999999964e-02
3.079999999999999839e-03	7.538468210320723450e-01	1.592696340460526133e-02
-1.644929584703947456e-01	1.322000000000000085e-02	-2.007896021792764107e-02
-8.098738820929276550e-01	1.412931743421052544e-01	2.335999999999999882e-02
3.099999999999999891e-03	7.453018991570723450e-01	1.653731496710526133e-02
-1.660798725328947456e-01	1.324000000000000003e-02	-1.885825709292764107e-02
-8.196395070929276550e-01	1.450773540296052544e-01	2.338000000000000148e-02
3.119999999999999944e-03	7.623917429070723450e-01	1.543868215460526133e-02
-1.659578022203947456e-01	1.325999999999999922e-02	-2.740317896792764107e-02
-8.171981008429276550e-01	1.431242290296052544e-01	2.340000000000000066e-02
3.139999999999999996e-03	7.526261179070723450e-01	1.592696340460526133e-02
-1.675447162828947456e-01	1.328000000000000014e-02	-2.740317896792764107e-02
-8.269637258429276550e-01	1.471525493421052544e-01	2.341999999999999985e-02
3.160000000000000048e-03	7.697159616570723450e-01	1.495040090460526133e-02
-1.674226459703947456e-01	1.329999999999999932e-02	-3.594810084292764107e-02
-8.257430227179276550e-01	1.451994243421052544e-01	2.343999999999999903e-02
3.180000000000000101e-03	7.599503366570723450e-01	1.531661184210526133e-02
-1.690095600328947456e-01	1.332000000000000024e-02	-3.472739771792764107e-02
-8.355086477179276550e-01	1.491056743421052544e-01	2.346000000000000169e-02
3.200000000000000153e-03	7.770401804070723450e-01	1.409590871710526133e-02
-1.688874897203947456e-01	1.333999999999999943e-02	-4.327231959292764107e-02
-8.330672414679276550e-01	1.471525493421052544e-01	2.348000000000000087e-02
3.220000000000000206e-03	7.684952585320723450e-01	1.458418996710526133e-02
-1.703523334703947456e-01	1.336000000000000035e-02	-4.205161646792764107e-02
-8.428328664679276550e-01	1.510587993421052544e-01	2.350000000000000006e-02
3.239999999999999825e-03	7.843643991570723450e-01	1.336348684210526133e-02
-1.703523334703947456e-01	1.337999999999999953e-02	-5.181724146792764107e-02
-8.416121633429276550e-01	1.492277446546052544e-01	2.351999999999999924e-02
3.259999999999999877e-03	7.758194772820723450e-01	1.372969777960526133e-02
-1.718171772203947456e-01	1.340000000000000045e-02	-5.059653834292764107e-02
-8.501570852179276550e-01	1.530119243421052544e-01	2.353999999999999843e-02
3.279999999999999930e-03	7.929093210320723450e-01	1.238692434210526133e-02
-1.716951069078947456e-01	1.341999999999999964e-02	-5.914146021792764107e-02
-8.477156789679276550e-01	1.510587993421052544e-01	2.356000000000000108e-02
3.299999999999999982e-03	7.831436960320723450e-01	1.263106496710526133e-02
-1.731599506578947456e-01	1.344000000000000056e-02	-5.670005396792764107e-02
-8.587020070929276550e-01	1.549650493421052544e-01	2.358000000000000027e-02
3.320000000000000034e-03	8.002335397820723450e-01	1.116622121710526133e-02
-1.731599506578947456e-01	1.345999999999999974e-02	-6.646567896792764107e-02
-8.562606008429276550e-01	1.530119243421052544e-01	2.359999999999999945e-02
3.340000000000000087e-03	7.916886179070723450e-01	1.141036184210526133e-02
-1.747468647203947456e-01	1.348000000000000066e-02	-6.524497584292764107e-02
-8.660262258429276550e-01	1.569181743421052544e-01	2.361999999999999864e-02
3.360000000000000139e-03	8.087784616570723450e-01	9.823447779605261332e-03
-1.746247944078947456e-01	1.349999999999999985e-02	-7.378989771792764107e-02
-8.635848195929276550e-01	1.549650493421052544e-01	2.364000000000000129e-02
3.380000000000000192e-03	7.990128366570723450e-01	1.006758840460526133e-02
-1.762117084703947456e-01	1.352000000000000077e-02	-7.256919459292764107e-02
-8.733504445929276550e-01	1.588712993421052544e-01	2.366000000000000048e-02
3.399999999999999811e-03	8.161026804070723450e-01	8.358604029605261332e-03
-1.760896381578947456e-01	1.353999999999999995e-02	-8.233481959292764107e-02
-8.709090383429276550e-01	1.570402446546052544e-01	2.367999999999999966e-02
3.419999999999999863e-03	8.063370554070723450e-01	8.480674342105261332e-03
-1.776765522203947456e-01	1.355999999999999914e-02	-7.989341334292764107e-02
-8.806746633429276550e-01	1.609464946546052544e-01	2.369999999999999885e-02
3.439999999999999915e-03	8.234268991570723450e-01	6.771689967105261332e-03
-1.776765522203947456e-01	1.358000000000000006e-02	-8.965903834292764107e-02
-8.794539602179276550e-01	1.591154399671052544e-01	2.372000000000000150e-02
3.459999999999999968e-03	8.148819772820723450e-01	6.893760279605261332e-03
-1.792634662828947456e-01	1.359999999999999924e-02	-8.843833521792764107e-02
-8.892195852179276550e-01	1.628996196546052544e-01	2.374000000000000069e-02
3.480000000000000020e-03	8.307511179070723450e-01	5.062705592105261332e-03
-1.792634662828947456e-01	1.362000000000000016e-02	-9.820396021792764107e-02
-8.867781789679276550e-01	1.609464946546052544e-01	2.375999999999999987e-02
3.500000000000000073e-03	8.222061960320723450e-01	5.306846217105261332e-03
-1.808503803453947456e-01	1.363999999999999935e-02	-9.576255396792764107e-02
-8.965438039679276550e-01	1.648527446546052544e-01	2.377999999999999906e-02
3.520000000000000125e-03	8.380753366570723450e-01	3.231650904605261332e-03
-1.808503803453947456e-01	1.366000000000000027e-02	-1.055281789679276411e-01
-8.953231008429276550e-01	1.630216899671052544e-01	2.380000000000000171e-02
3.540000000000000178e-03	8.295304147820723450e-01	3.353721217105261332e-03
-1.824372944078947456e-01	1.367999999999999945e-02	-1.030867727179276411e-01
-9.038680227179276550e-01	1.666837993421052544e-01	2.382000000000000089e-02
3.559999999999999797e-03	8.466202585320723450e-01	1.278525904605261332e-03
-1.825593647203947456e-01	1.370000000000000037e-02	-1.128523977179276411e-01
-9.026473195929276550e-01	1.648527446546052544e-01	2.384000000000000008e-02
3.579999999999999849e-03	8.368546335320723450e-01	1.400596217105261332e-03
-1.841462787828947456e-01	1.371999999999999956e-02	-1.116316945929276411e-01
-9.124129445929276550e-01	1.683927837171052544e-01	2.385999999999999927e-02
3.599999999999999901e-03	8.539444772820723450e-01	-6.745990953947386681e-04
-1.840242084703947456e-01	1.374000000000000048e-02	-1.201766164679276411e-01
-9.099715383429276550e-01	1.665617290296052544e-01	2.387999999999999845e-02
3.619999999999999954e-03	8.441788522820723450e-01	-5.525287828947386681e-04
-1.857331928453947456e-01	1.375999999999999966e-02	-1.189559133429276411e-01
-9.197371633429276550e-01	1.699796977796052544e-01	2.390000000000000110e-02
3.640000000000000006e-03	8.612686960320723450e-01	-2.627724095394738668e-03
-1.857331928453947456e-01	1.378000000000000058e-02	-1.275008352179276550e-01
-9.172957570929276550e-01	1.682707134046052544e-01	2.392000000000000029e-02
3.660000000000000059e-03	8.515030710320723450e-01	-2.627724095394738668e-03
-1.874421772203947456e-01	1.379999999999999977e-02	-1.262801320929276550e-01
-9.270613820929276550e-01	1.714445415296052544e-01	2.393999999999999947e-02
3.680000000000000111e-03	8.698136179070723450e-01	-4.824989720394738668e-03
-1.873201069078947456e-01	1.382000000000000069e-02	-1.360457570929276550e-01
-9.258406789679276550e-01	1.698576274671052544e-01	2.395999999999999866e-02
3.700000000000000164e-03	8.600479929070723450e-01	-4.580849095394738668e-03
-1.889070209703947456e-01	1.383999999999999987e-02	-1.336043508429276550e-01
-9.343856008429276550e-01	1.731535259046052544e-01	2.398000000000000131e-02
3.720000000000000216e-03	8.771378366570723450e-01	-6.778114720394738668e-03
-1.889070209703947456e-01	1.386000000000000079e-02	-1.445906789679276550e-01
-9.319441945929276550e-01	1.714445415296052544e-01	2.400000000000000050e-02
3.739999999999999835e-03	8.673722116570723450e-01	-6.533974095394738668e-03
-1.903718647203947456e-01	1.387999999999999998e-02	-1.421492727179276550e-01
-9.417098195929276550e-01	1.748625102796052544e-01	2.401999999999999968e-02
3.759999999999999887e-03	8.844620554070723450e-01	-8.853310032894738668e-03
-1.903718647203947456e-01	1.389999999999999916e-02	-1.519148977179276550e-01
-9.404891164679276550e-01	1.731535259046052544e-01	2.403999999999999887e-02
3.779999999999999940e-03	8.746964304070723450e-01	-8.487099095394738668e-03
-1.919587787828947456e-01	1.392000000000000008e-02	-1.494734914679276550e-01
-9.502547414679276550e-01	1.765714946546052544e-01	2.406000000000000152e-02
3.799999999999999992e-03	8.917862741570723450e-01	-1.080643503289473867e-02
-1.918367084703947456e-01	1.393999999999999927e-02	-1.592391164679276550e-01
-9.478133352179276550e-01	1.748625102796052544e-01	2.408000000000000071e-02
3.820000000000000045e-03	8.820206491570723450e-01	-1.044022409539473867e-02
-1.934236225328947456e-01	1.396000000000000019e-02	-1.580184133429276550e-01
-9.575789602179276550e-01	1.784025493421052544e-01	2.409999999999999989e-02
3.840000000000000097e-03	9.003311960320723450e-01	-1.275956003289473867e-02
-1.934236225328947456e-01	1.397999999999999937e-02	-1.677840383429276550e-01
-9.551375539679276550e-01	1.766935649671052544e-01	2.411999999999999908e-02
3.860000000000000150e-03	8.905655710320723450e-01	-1.263748972039473867e-02
-1.950105365953947456e-01	1.400000000000000029e-02	-1.641219289679276550e-01
-9.649031789679276550e-01	1.803556743421052544e-01	2.414000000000000173e-02
3.880000000000000202e-03	9.076554147820723450e-01	-1.483475534539473867e-02
-1.948884662828947456e-01	1.401999999999999948e-02	-1.751082570929276550e-01
-9.636824758429276550e-01	1.785246196546052544e-01	2.416000000000000092e-02
3.899999999999999821e-03	8.991104929070723450e-01	-1.471268503289473867e-02
-1.963533100328947456e-01	1.404000000000000040e-02	-1.738875539679276550e-01
-9.722273977179276550e-01	1.821867290296052544e-01	2.418000000000000010e-02
3.919999999999999873e-03	9.149796335320723450e-01	-1.690995065789473867e-02
-1.963533100328947456e-01	1.405999999999999958e-02	-1.824324758429276550e-01
-9.710066945929276550e-01	1.803556743421052544e-01	2.419999999999999929e-02
3.939999999999999926e-03	9.064347116570723450e-01	-1.678788034539473867e-02
-1.979402240953947456e-01	1.408000000000000050e-02	-1.799910695929276550e-01
-9.807723195929276550e-01	1.838957134046052544e-01	2.421999999999999847e-02
3.959999999999999978e-03	9.223038522820723450e-01	-1.898514597039473867e-02
-1.979402240953947456e-01	1.409999999999999969e-02	-1.909773977179276550e-01
-9.783309133429276550e-01	1.821867290296052544e-01	2.424000000000000113e-02
3.980000000000000031e-03	9.137589304070723450e-01	-1.898514597039473867e-02
-1.995271381578947456e-01	1.412000000000000061e-02	-1.885359914679276550e-01
-9.880965383429276550e-01	1.854826274671052544e-01	2.426000000000000031e-02
4.000000000000000083e-03	9.308487741570723450e-01	-2.118241159539473867e-02
-1.995271381578947456e-01	1.413999999999999979e-02	-1.970809133429276550e-01
-9.868758352179276550e-01	1.838957134046052544e-01	2.427999999999999950e-02
4.020000000000000136e-03	9.223038522820723450e-01	-2.106034128289473867e-02
-2.012361225328947456e-01	1.416000000000000071e-02	-1.958602102179276550e-01
-9.966414602179276550e-01	1.870695415296052544e-01	2.429999999999999868e-02
4.040000000000000188e-03	9.381729929070723450e-01	-2.325760690789473867e-02
-2.012361225328947456e-01	1.417999999999999990e-02	-2.044051320929276550e-01
-9.942000539679276550e-01	1.854826274671052544e-01	2.432000000000000134e-02
4.060000000000000241e-03	9.296280710320723450e-01	-2.313553659539473867e-02
-2.029451069078947456e-01	1.420000000000000082e-02	-2.031844289679276550e-01
-1.002744975842927655e+00	1.884123149671052544e-01	2.434000000000000052e-02
4.080000000000000293e-03	9.454972116570723450e-01	-2.521073190789473867e-02
-2.028230365953947456e-01	1.422000000000000000e-02	-2.129500539679276550e-01
-9.917586477179276550e-01	1.868254009046052544e-01	2.435999999999999971e-02
4.100000000000000346e-03	9.369522897820723450e-01	-2.533280222039473867e-02
-2.045320209703947456e-01	1.423999999999999919e-02	-2.105086477179276550e-01
-1.001524272717927655e+00	1.897550884046052544e-01	2.437999999999999889e-02
4.120000000000000398e-03	9.540421335320723450e-01	-2.740799753289473867e-02
-2.044099506578947456e-01	1.426000000000000011e-02	-2.202742727179276550e-01
-9.844344289679276550e-01	1.882902446546052544e-01	2.440000000000000155e-02
4.139999999999999583e-03	9.442765085320723450e-01	-2.740799753289473867e-02
-2.061189350328947456e-01	1.427999999999999929e-02	-2.190535695929276550e-01
-9.942000539679276550e-01	1.912199321546052544e-01	2.442000000000000073e-02
4.159999999999999636e-03	9.613663522820723450e-01	-2.948319284539473867e-02
-2.059968647203947456e-01	1.430000000000000021e-02	-2.275984914679276550e-01
-9.758895070929276550e-01	1.896330180921052544e-01	2.443999999999999992e-02
4.179999999999999688e-03	9.516007272820723450e-01	-2.948319284539473867e-02
-2.075837787828947456e-01	1.431999999999999940e-02	-2.263777883429276550e-01
-9.868758352179276550e-01	1.925627055921052544e-01	2.445999999999999910e-02
4.199999999999999740e-03	9.699112741570723450e-01	-3.155838815789473867e-02
-2.074617084703947456e-01	1.434000000000000032e-02	-2.361434133429276550e-01
-9.697859914679276550e-01	1.909757915296052544e-01	2.447999999999999829e-02
4.219999999999999793e-03	9.601456491570723450e-01	-3.155838815789473867e-02
-2.088044819078947456e-01	1.435999999999999950e-02	-2.349227102179276550e-01
-9.783309133429276550e-01	1.941496196546052544e-01	2.450000000000000094e-02
4.239999999999999845e-03	9.772354929070723450e-01	-3.363358347039473867e-02
-2.086824115953947456e-01	1.438000000000000042e-02	-2.446883352179276550e-01
-9.624617727179276550e-01	1.925627055921052544e-01	2.452000000000000013e-02
4.259999999999999898e-03	9.674698679070723450e-01	-3.363358347039473867e-02
-2.097810444078947456e-01	1.439999999999999961e-02	-2.422469289679276550e-01
-9.710066945929276550e-01	1.958586040296052544e-01	2.453999999999999931e-02
4.279999999999999950e-03	9.845597116570723450e-01	-3.570877878289473867e-02
-2.095369037828947456e-01	1.442000000000000053e-02	-2.520125539679276550e-01
-9.551375539679276550e-01	1.941496196546052544e-01	2.455999999999999850e-02
4.300000000000000003e-03	9.747940866570723450e-01	-3.558670847039473867e-02
-2.103913959703947456e-01	1.443999999999999971e-02	-2.507918508429276550e-01
-9.624617727179276550e-01	1.976896587171052544e-01	2.458000000000000115e-02
4.320000000000000055e-03	9.918839304070723450e-01	-3.778397409539473867e-02
-2.097810444078947456e-01	1.446000000000000063e-02	-2.593367727179276550e-01
-9.465926320929276550e-01	1.958586040296052544e-01	2.460000000000000034e-02
4.340000000000000108e-03	9.833390085320723450e-01	-3.766190378289473867e-02
-2.106355365953947456e-01	1.447999999999999982e-02	-2.581160695929276550e-01
-9.563582570929276550e-01	1.995207134046052544e-01	2.461999999999999952e-02
4.360000000000000160e-03	1.000428852282072345e+00	-3.973709909539473867e-02
-2.095369037828947456e-01	1.450000000000000074e-02	-2.678816945929276550e-01
-9.392684133429276550e-01	1.976896587171052544e-01	2.463999999999999871e-02
4.380000000000000213e-03	9.906632272820723450e-01	-3.961502878289473867e-02
-2.106355365953947456e-01	1.451999999999999992e-02	-2.654402883429276550e-01
-9.490340383429276550e-01	2.012296977796052544e-01	2.466000000000000136e-02
4.400000000000000265e-03	1.007753071032072345e+00	-4.156815378289473867e-02
-2.086824115953947456e-01	1.454000000000000084e-02	-2.752059133429276550e-01
-9.319441945929276550e-01	1.995207134046052544e-01	2.468000000000000055e-02
4.420000000000000318e-03	9.979874460320723450e-01	-4.144608347039473867e-02
-2.100251850328947456e-01	1.456000000000000003e-02	-2.727645070929276550e-01
-9.404891164679276550e-01	2.031828227796052544e-01	2.469999999999999973e-02
4.440000000000000370e-03	1.015077289782072345e+00	-4.339920847039473867e-02
-2.072175678453947456e-01	1.457999999999999921e-02	-2.825301320929276550e-01
-9.246199758429276550e-01	2.013517680921052544e-01	2.471999999999999892e-02
4.460000000000000422e-03	1.005311664782072345e+00	-4.327713815789473867e-02
-2.088044819078947456e-01	1.460000000000000013e-02	-2.813094289679276550e-01
-9.331648977179276550e-01	2.048918071546052544e-01	2.474000000000000157e-02
4.479999999999999608e-03	1.022401508532072345e+00	-4.523026315789473867e-02
-2.052644428453947456e-01	1.461999999999999932e-02	-2.910750539679276550e-01
-9.160750539679276550e-01	2.030607524671052544e-01	2.476000000000000076e-02
4.499999999999999660e-03	1.013856586657072345e+00	-4.510819284539473867e-02
-2.072175678453947456e-01	1.464000000000000024e-02	-2.886336477179276550e-01
-9.270613820929276550e-01	2.066007915296052544e-01	2.477999999999999994e-02
4.519999999999999712e-03	1.030946430407072345e+00	-4.693924753289473867e-02
-2.027009662828947456e-01	1.465999999999999942e-02	-2.983992727179276550e-01
-9.087508352179276550e-01	2.048918071546052544e-01	2.479999999999999913e-02
4.539999999999999765e-03	1.021180805407072345e+00	-4.681717722039473867e-02
-2.051423725328947456e-01	1.468000000000000034e-02	-2.959578664679276550e-01
-9.185164602179276550e-01	2.083097759046052544e-01	2.481999999999999831e-02
4.559999999999999817e-03	1.038270649157072345e+00	-4.864823190789473867e-02
-2.000154194078947456e-01	1.469999999999999953e-02	-3.057234914679276550e-01
-9.014266164679276550e-01	2.066007915296052544e-01	2.484000000000000097e-02
4.579999999999999870e-03	1.029725727282072345e+00	-4.840409128289473867e-02
-2.025788959703947456e-01	1.472000000000000045e-02	-3.045027883429276550e-01
-9.111922414679276550e-01	2.100187602796052544e-01	2.486000000000000015e-02
4.599999999999999922e-03	1.045594867907072345e+00	-5.035721628289473867e-02
-1.972078022203947456e-01	1.473999999999999963e-02	-3.130477102179276550e-01
-8.941023977179276550e-01	2.083097759046052544e-01	2.487999999999999934e-02
4.619999999999999975e-03	1.037049946032072345e+00	-5.023514597039473867e-02
-1.998933490953947456e-01	1.476000000000000055e-02	-3.118270070929276550e-01
-9.038680227179276550e-01	2.116056743421052544e-01	2.489999999999999852e-02
4.640000000000000027e-03	1.054139789782072345e+00	-5.194413034539473867e-02
-1.940339740953947456e-01	1.477999999999999974e-02	-3.203719289679276550e-01
-8.867781789679276550e-01	2.100187602796052544e-01	2.492000000000000118e-02
4.660000000000000080e-03	1.044374164782072345e+00	-5.182206003289473867e-02
-1.968415912828947456e-01	1.480000000000000066e-02	-3.191512258429276550e-01
-8.965438039679276550e-01	2.133146587171052544e-01	2.494000000000000036e-02
4.680000000000000132e-03	1.061464008532072345e+00	-5.377518503289473867e-02
-1.909822162828947456e-01	1.481999999999999984e-02	-3.289168508429276550e-01
-8.794539602179276550e-01	2.116056743421052544e-01	2.495999999999999955e-02
4.700000000000000185e-03	1.052919086657072345e+00	-5.377518503289473867e-02
-1.939119037828947456e-01	1.484000000000000076e-02	-3.264754445929276550e-01
-8.879988820929276550e-01	2.150236430921052544e-01	2.497999999999999873e-02
4.720000000000000237e-03	1.070008930407072345e+00	-5.536209909539473867e-02
-1.878083881578947456e-01	1.485999999999999995e-02	-3.362410695929276550e-01
-8.721297414679276550e-01	2.133146587171052544e-01	2.500000000000000139e-02
4.740000000000000289e-03	1.060243305407072345e+00	-5.548416940789473867e-02
-1.907380756578947456e-01	1.488000000000000086e-02	-3.350203664679276550e-01
-8.806746633429276550e-01	2.168546977796052544e-01	2.502000000000000057e-02
4.760000000000000342e-03	1.077333149157072345e+00	-5.719315378289473867e-02
-1.846345600328947456e-01	1.490000000000000005e-02	-3.435652883429276550e-01
-8.635848195929276550e-01	2.150236430921052544e-01	2.503999999999999976e-02
4.780000000000000394e-03	1.067567524157072345e+00	-5.707108347039473867e-02
-1.875642475328947456e-01	1.491999999999999924e-02	-3.423445852179276550e-01
-8.733504445929276550e-01	2.186857524671052544e-01	2.505999999999999894e-02
4.799999999999999580e-03	1.084657367907072345e+00	-5.890213815789473867e-02
-1.814607319078947456e-01	1.494000000000000015e-02	-3.521102102179276550e-01
-8.562606008429276550e-01	2.168546977796052544e-01	2.508000000000000160e-02
4.819999999999999632e-03	1.074891742907072345e+00	-5.890213815789473867e-02
-1.843904194078947456e-01	1.495999999999999934e-02	-3.496688039679276550e-01
-8.648055227179276550e-01	2.205168071546052544e-01	2.510000000000000078e-02
4.839999999999999684e-03	1.091981586657072345e+00	-6.061112253289473867e-02
-1.782869037828947456e-01	1.498000000000000026e-02	-3.594344289679276550e-01
-8.489363820929276550e-01	2.186857524671052544e-01	2.511999999999999997e-02
4.859999999999999737e-03	1.083436664782072345e+00	-6.061112253289473867e-02
-1.810945209703947456e-01	1.499999999999999944e-02	-3.582137258429276550e-01
-8.574813039679276550e-01	2.222257915296052544e-01	2.513999999999999915e-02
4.879999999999999789e-03	1.099305805407072345e+00	-6.256424753289474561e-02
-1.752351459703947456e-01	1.502000000000000036e-02	-3.679793508429276550e-01
-8.416121633429276550e-01	2.205168071546052544e-01	2.515999999999999834e-02
4.899999999999999842e-03	1.090760883532072345e+00	-6.244217722039473867e-02
-1.781648334703947456e-01	1.503999999999999955e-02	-3.655379445929276550e-01
-8.501570852179276550e-01	2.240568462171052544e-01	2.518000000000000099e-02
4.919999999999999894e-03	1.107850727282072345e+00	-6.415116159539474561e-02
-1.723054584703947456e-01	1.506000000000000047e-02	-3.753035695929276550e-01
-8.330672414679276550e-01	2.222257915296052544e-01	2.520000000000000018e-02
4.939999999999999947e-03	1.098085102282072345e+00	-6.402909128289474561e-02
-1.748689350328947456e-01	1.507999999999999965e-02	-3.728621633429276550e-01
-8.428328664679276550e-01	2.257658305921052544e-01	2.521999999999999936e-02
4.959999999999999999e-03	1.116395649157072345e+00	-6.573807565789474561e-02
-1.694978412828947456e-01	1.510000000000000057e-02	-3.826277883429276550e-01
-8.257430227179276550e-01	2.240568462171052544e-01	2.523999999999999855e-02
4.980000000000000052e-03	1.106630024157072345e+00	-6.573807565789474561e-02
-1.720613178453947456e-01	1.511999999999999976e-02	-3.814070852179276550e-01
-8.355086477179276550e-01	2.274748149671052544e-01	2.526000000000000120e-02
5.000000000000000104e-03	1.123719867907072345e+00	-6.744706003289474561e-02
-1.669343647203947456e-01	1.514000000000000068e-02	-3.899520070929276550e-01
-8.184188039679276550e-01	2.256437602796052544e-01	2.528000000000000039e-02
5.020000000000000157e-03	1.113954242907072345e+00	-6.744706003289474561e-02
-1.693757709703947456e-01	1.515999999999999986e-02	-3.887313039679276550e-01
-8.281844289679276550e-01	2.290617290296052544e-01	2.529999999999999957e-02
5.040000000000000209e-03	1.131044086657072345e+00	-6.927811472039474561e-02
-1.647370990953947456e-01	1.518000000000000078e-02	-3.984969289679276550e-01
-8.110945852179276550e-01	2.272306743421052544e-01	2.531999999999999876e-02
5.060000000000000261e-03	1.122499164782072345e+00	-6.927811472039474561e-02
-1.668122944078947456e-01	1.519999999999999997e-02	-3.972762258429276550e-01
-8.196395070929276550e-01	2.307707134046052544e-01	2.534000000000000141e-02
5.080000000000000314e-03	1.138368305407072345e+00	-7.110916940789474561e-02
-1.629060444078947456e-01	1.521999999999999915e-02	-4.058211477179276550e-01
-8.037703664679276550e-01	2.290617290296052544e-01	2.536000000000000060e-02
5.100000000000000366e-03	1.128602680407072345e+00	-7.123123972039474561e-02
-1.648591694078947456e-01	1.524000000000000007e-02	-4.046004445929276550e-01
-8.123152883429276550e-01	2.326017680921052544e-01	2.537999999999999978e-02
5.120000000000000419e-03	1.145692524157072345e+00	-7.306229440789474561e-02
-1.611970600328947456e-01	1.525999999999999926e-02	-4.143660695929276550e-01
-7.952254445929276550e-01	2.306486430921052544e-01	2.539999999999999897e-02
5.139999999999999604e-03	1.137147602282072345e+00	-7.306229440789474561e-02
-1.627839740953947456e-01	1.528000000000000018e-02	-4.119246633429276550e-01
-8.049910695929276550e-01	2.344328227796052544e-01	2.542000000000000162e-02
5.159999999999999656e-03	1.154237446032072345e+00	-7.501541940789474561e-02
-1.596101459703947456e-01	1.529999999999999936e-02	-4.216902883429276550e-01
-7.879012258429276550e-01	2.326017680921052544e-01	2.544000000000000081e-02
5.179999999999999709e-03	1.144471821032072345e+00	-7.513748972039474561e-02
-1.611970600328947456e-01	1.532000000000000028e-02	-4.204695852179276550e-01
-7.976668508429276550e-01	2.360197368421052544e-01	2.545999999999999999e-02
5.199999999999999761e-03	1.161561664782072345e+00	-7.696854440789474561e-02
-1.582673725328947456e-01	1.533999999999999947e-02	-4.290145070929276550e-01
-7.805770070929276550e-01	2.343107524671052544e-01	2.547999999999999918e-02
5.219999999999999814e-03	1.153016742907072345e+00	-7.709061472039474561e-02
-1.597322162828947456e-01	1.536000000000000039e-02	-4.277938039679276550e-01
-7.891219289679276550e-01	2.377287212171052544e-01	2.549999999999999836e-02
5.239999999999999866e-03	1.168885883532072345e+00	-7.904373972039474561e-02
-1.569245990953947456e-01	1.537999999999999957e-02	-4.363387258429276550e-01
-7.732527883429276550e-01	2.360197368421052544e-01	2.552000000000000102e-02
5.259999999999999919e-03	1.159120258532072345e+00	-7.916581003289474561e-02
-1.583894428453947456e-01	1.540000000000000049e-02	-4.351180227179276550e-01
-7.817977102179276550e-01	2.394377055921052544e-01	2.554000000000000020e-02
5.279999999999999971e-03	1.177430805407072345e+00	-8.111893503289474561e-02
-1.557038959703947456e-01	1.541999999999999968e-02	-4.448836477179276550e-01
-7.647078664679276550e-01	2.377287212171052544e-01	2.555999999999999939e-02
5.300000000000000024e-03	1.167665180407072345e+00	-8.111893503289474561e-02
-1.570466694078947456e-01	1.544000000000000060e-02	-4.424422414679276550e-01
-7.744734914679276550e-01	2.407804790296052544e-01	2.557999999999999857e-02
5.320000000000000076e-03	1.184755024157072345e+00	-8.307206003289474561e-02
-1.544831928453947456e-01	1.545999999999999978e-02	-4.522078664679276550e-01
-7.573836477179276550e-01	2.393156352796052544e-01	2.560000000000000123e-02
5.340000000000000129e-03	1.174989399157072345e+00	-8.307206003289474561e-02
-1.558259662828947456e-01	1.548000000000000070e-02	-4.509871633429276550e-01
-7.671492727179276550e-01	2.421232524671052544e-01	2.562000000000000041e-02
5.360000000000000181e-03	1.192079242907072345e+00	-8.502518503289474561e-02
-1.532624897203947456e-01	1.549999999999999989e-02	-4.595320852179276550e-01
-7.500594289679276550e-01	2.406584087171052544e-01	2.563999999999999960e-02
5.380000000000000233e-03	1.182313617907072345e+00	-8.514725534539474561e-02
-1.544831928453947456e-01	1.552000000000000081e-02	-4.583113820929276550e-01
-7.598250539679276550e-01	2.434660259046052544e-01	2.565999999999999878e-02
5.400000000000000286e-03	1.199403461657072345e+00	-8.697831003289474561e-02
-1.520417865953947456e-01	1.553999999999999999e-02	-4.668563039679276550e-01
-7.427352102179276550e-01	2.420011821546052544e-01	2.568000000000000144e-02
5.420000000000000338e-03	1.190858539782072345e+00	-8.710038034539474561e-02
-1.533845600328947456e-01	1.555999999999999918e-02	-4.656356008429276550e-01
-7.525008352179276550e-01	2.446867290296052544e-01	2.570000000000000062e-02
5.440000000000000391e-03	1.207948383532072345e+00	-8.905350534539474561e-02
-1.509431537828947456e-01	1.558000000000000010e-02	-4.754012258429276550e-01
-7.354109914679276550e-01	2.433439555921052544e-01	2.571999999999999981e-02
5.459999999999999576e-03	1.198182758532072345e+00	-8.917557565789474561e-02
-1.521638569078947456e-01	1.559999999999999928e-02	-4.729598195929276550e-01
-7.451766164679276550e-01	2.462736430921052544e-01	2.573999999999999899e-02
5.479999999999999628e-03	1.215272602282072345e+00	-9.125077097039474561e-02
-1.497224506578947456e-01	1.562000000000000020e-02	-4.827254445929276550e-01
-7.268660695929276550e-01	2.446867290296052544e-01	2.576000000000000165e-02
5.499999999999999681e-03	1.205506977282072345e+00	-9.125077097039474561e-02
-1.510652240953947456e-01	1.564000000000000112e-02	-4.815047414679276550e-01
-7.366316945929276550e-01	2.476164165296052544e-01	2.578000000000000083e-02
5.519999999999999733e-03	1.222596821032072345e+00	-9.332596628289474561e-02
-1.487458881578947456e-01	1.566000000000000031e-02	-4.900496633429276550e-01
-7.195418508429276550e-01	2.460295024671052544e-01	2.580000000000000002e-02
5.539999999999999786e-03	1.214051899157072345e+00	-9.332596628289474561e-02
-1.499665912828947456e-01	1.567999999999999949e-02	-4.888289602179276550e-01
-7.293074758429276550e-01	2.492033305921052544e-01	2.581999999999999920e-02
5.559999999999999838e-03	1.231141742907072345e+00	-9.527909128289474561e-02
-1.474031147203947456e-01	1.569999999999999868e-02	-4.973738820929276550e-01
-7.122176320929276550e-01	2.474943462171052544e-01	2.583999999999999839e-02
5.579999999999999891e-03	1.221376117907072345e+00	-9.527909128289474561e-02
-1.488679584703947456e-01	1.572000000000000133e-02	-4.961531789679276550e-01
-7.219832570929276550e-01	2.507902446546052544e-01	2.586000000000000104e-02
5.599999999999999943e-03	1.238465961657072345e+00	-9.711014597039474561e-02
-1.463044819078947456e-01	1.574000000000000052e-02	-5.046981008429276550e-01
-7.048934133429276550e-01	2.492033305921052544e-01	2.588000000000000023e-02
5.619999999999999996e-03	1.228700336657072345e+00	-9.711014597039474561e-02
-1.476472553453947456e-01	1.575999999999999970e-02	-5.034773977179276550e-01
-7.134383352179276550e-01	2.522550884046052544e-01	2.589999999999999941e-02
5.640000000000000048e-03	1.245790180407072345e+00	-9.894120065789474561e-02
-1.450837787828947456e-01	1.577999999999999889e-02	-5.144637258429276550e-01
-6.975691945929276550e-01	2.506681743421052544e-01	2.591999999999999860e-02
5.660000000000000100e-03	1.236024555407072345e+00	-9.894120065789474561e-02
-1.463044819078947456e-01	1.580000000000000154e-02	-5.120223195929276550e-01
-7.061141164679276550e-01	2.538420024671052544e-01	2.594000000000000125e-02
5.680000000000000153e-03	1.253114399157072345e+00	-1.005281147203947456e-01
-1.436189350328947456e-01	1.582000000000000073e-02	-5.205672414679276550e-01
-6.890242727179276550e-01	2.522550884046052544e-01	2.596000000000000044e-02
5.700000000000000205e-03	1.244569477282072345e+00	-1.005281147203947456e-01
-1.450837787828947456e-01	1.583999999999999991e-02	-5.193465383429276550e-01
-6.987898977179276550e-01	2.551847759046052544e-01	2.597999999999999962e-02
5.720000000000000258e-03	1.261659321032072345e+00	-1.022370990953947456e-01
-1.421540912828947456e-01	1.585999999999999910e-02	-5.291121633429276550e-01
-6.817000539679276550e-01	2.537199321546052544e-01	2.599999999999999881e-02
5.740000000000000310e-03	1.251893696032072345e+00	-1.022370990953947456e-01
-1.437410053453947456e-01	1.587999999999999828e-02	-5.278914602179276550e-01
-6.914656789679276550e-01	2.566496196546052544e-01	2.602000000000000146e-02
5.760000000000000363e-03	1.268983539782072345e+00	-1.039460834703947456e-01
-1.404451069078947456e-01	1.590000000000000094e-02	-5.364363820929276550e-01
-6.731551320929276550e-01	2.551847759046052544e-01	2.604000000000000065e-02
5.780000000000000415e-03	1.259217914782072345e+00	-1.039460834703947456e-01
-1.420320209703947456e-01	1.592000000000000012e-02	-5.352156789679276550e-01
-6.829207570929276550e-01	2.579923930921052544e-01	2.605999999999999983e-02
5.799999999999999600e-03	1.276307758532072345e+00	-1.056550678453947456e-01
-1.387361225328947456e-01	1.593999999999999931e-02	-5.449813039679276550e-01
-6.658309133429276550e-01	2.565275493421052544e-01	2.607999999999999902e-02
5.819999999999999653e-03	1.266542133532072345e+00	-1.057771381578947456e-01
-1.404451069078947456e-01	1.595999999999999849e-02	-5.425398977179276550e-01
-6.755965383429276550e-01	2.593351665296052544e-01	2.610000000000000167e-02
5.839999999999999705e-03	1.284852680407072345e+00	-1.074861225328947456e-01
-1.367829975328947456e-01	1.598000000000000115e-02	-5.523055227179276550e-01
-6.585066945929276550e-01	2.578703227796052544e-01	2.612000000000000086e-02
5.859999999999999758e-03	1.275087055407072345e+00	-1.076081928453947456e-01
-1.386140522203947456e-01	1.600000000000000033e-02	-5.498641164679276550e-01
-6.670516164679276550e-01	2.609220805921052544e-01	2.614000000000000004e-02
5.879999999999999810e-03	1.292176899157072345e+00	-1.094392475328947456e-01
-1.349519428453947456e-01	1.601999999999999952e-02	-5.596297414679276550e-01
-6.499617727179276550e-01	2.593351665296052544e-01	2.615999999999999923e-02
5.899999999999999863e-03	1.282411274157072345e+00	-1.094392475328947456e-01
-1.367829975328947456e-01	1.603999999999999870e-02	-5.584090383429276550e-01
-6.597273977179276550e-01	2.623869243421052544e-01	2.617999999999999841e-02
5.919999999999999915e-03	1.299501117907072345e+00	-1.113923725328947456e-01
-1.328767475328947456e-01	1.606000000000000136e-02	-5.681746633429276550e-01
-6.438582570929276550e-01	2.608000102796052544e-01	2.620000000000000107e-02
5.939999999999999968e-03	1.289735492907072345e+00	-1.113923725328947456e-01
-1.348298725328947456e-01	1.608000000000000054e-02	-5.657332570929276550e-01
-6.524031789679276550e-01	2.639738384046052544e-01	2.622000000000000025e-02
5.960000000000000020e-03	1.306825336657072345e+00	-1.132234272203947456e-01
-1.309236225328947456e-01	1.609999999999999973e-02	-5.754988820929276550e-01
-6.353133352179276550e-01	2.623869243421052544e-01	2.623999999999999944e-02
5.980000000000000072e-03	1.297059711657072345e+00	-1.132234272203947456e-01
-1.328767475328947456e-01	1.611999999999999891e-02	-5.730574758429276550e-01
-6.450789602179276550e-01	2.656828227796052544e-01	2.625999999999999862e-02
6.000000000000000125e-03	1.315370258532072345e+00	-1.150544819078947456e-01
-1.289704975328947456e-01	1.614000000000000157e-02	-5.828231008429276550e-01
-6.279891164679276550e-01	2.639738384046052544e-01	2.628000000000000128e-02
6.020000000000000177e-03	1.305604633532072345e+00	-1.150544819078947456e-01
-1.308015522203947456e-01	1.616000000000000075e-02	-5.816023977179276550e-01
-6.377547414679276550e-01	2.672697368421052544e-01	2.630000000000000046e-02
6.040000000000000230e-03	1.322694477282072345e+00	-1.167634662828947456e-01
-1.267732319078947456e-01	1.617999999999999994e-02	-5.913680227179276550e-01
-6.206648977179276550e-01	2.656828227796052544e-01	2.631999999999999965e-02
6.060000000000000282e-03	1.312928852282072345e+00	-1.167634662828947456e-01
-1.287263569078947456e-01	1.619999999999999912e-02	-5.889266164679276550e-01
-6.292098195929276550e-01	2.688566509046052544e-01	2.633999999999999883e-02
6.080000000000000335e-03	1.330018696032072345e+00	-1.184724506578947456e-01
-1.245759662828947456e-01	1.621999999999999831e-02	-5.974715383429276550e-01
-6.133406789679276550e-01	2.671476665296052544e-01	2.636000000000000149e-02
6.100000000000000387e-03	1.321473774157072345e+00	-1.183503803453947456e-01
-1.267732319078947456e-01	1.624000000000000096e-02	-5.962508352179276550e-01
-6.218856008429276550e-01	2.703214946546052544e-01	2.638000000000000067e-02
6.119999999999999572e-03	1.336122211657072345e+00	-1.201814350328947456e-01
-1.225007709703947456e-01	1.626000000000000015e-02	-6.060164602179276550e-01
-6.047957570929276550e-01	2.687345805921052544e-01	2.639999999999999986e-02
6.139999999999999625e-03	1.327577289782072345e+00	-1.200593647203947456e-01
-1.246980365953947456e-01	1.627999999999999933e-02	-6.035750539679276550e-01
-6.145613820929276550e-01	2.716642680921052544e-01	2.641999999999999904e-02
6.159999999999999677e-03	1.334901508532072345e+00	-1.218904194078947456e-01
-1.203035053453947456e-01	1.629999999999999852e-02	-6.133406789679276550e-01
-5.974715383429276550e-01	2.701994243421052544e-01	2.644000000000000170e-02
6.179999999999999730e-03	1.325135883532072345e+00	-1.217683490953947456e-01
-1.223787006578947456e-01	1.632000000000000117e-02	-6.121199758429276550e-01
-6.072371633429276550e-01	2.730070415296052544e-01	2.646000000000000088e-02
6.199999999999999782e-03	1.326356586657072345e+00	-1.234773334703947456e-01
-1.179841694078947456e-01	1.634000000000000036e-02	-6.206648977179276550e-01
-5.901473195929276550e-01	2.715421977796052544e-01	2.648000000000000007e-02
6.219999999999999835e-03	1.316590961657072345e+00	-1.234773334703947456e-01
-1.201814350328947456e-01	1.635999999999999954e-02	-6.194441945929276550e-01
-5.986922414679276550e-01	2.743498149671052544e-01	2.649999999999999925e-02
6.239999999999999887e-03	1.319032367907072345e+00	-1.251863178453947456e-01
-1.156648334703947456e-01	1.637999999999999873e-02	-6.292098195929276550e-01
-5.828231008429276550e-01	2.728849712171052544e-01	2.651999999999999844e-02
6.259999999999999939e-03	1.309266742907072345e+00	-1.250642475328947456e-01
-1.178620990953947456e-01	1.640000000000000138e-02	-6.267684133429276550e-01
-5.913680227179276550e-01	2.755705180921052544e-01	2.654000000000000109e-02
6.279999999999999992e-03	1.311708149157072345e+00	-1.268953022203947456e-01
-1.133454975328947456e-01	1.642000000000000057e-02	-6.365340383429276550e-01
-5.742781789679276550e-01	2.742277446546052544e-01	2.656000000000000028e-02
6.300000000000000044e-03	1.301942524157072345e+00	-1.267732319078947456e-01
-1.155427631578947456e-01	1.643999999999999975e-02	-6.353133352179276550e-01
-5.840438039679276550e-01	2.766691509046052544e-01	2.657999999999999946e-02
6.320000000000000097e-03	1.304383930407072345e+00	-1.286042865953947456e-01
-1.110261615953947456e-01	1.645999999999999894e-02	-6.438582570929276550e-01
-5.669539602179276550e-01	2.754484477796052544e-01	2.659999999999999865e-02
6.340000000000000149e-03	1.294618305407072345e+00	-1.284822162828947456e-01
-1.132234272203947456e-01	1.648000000000000159e-02	-6.426375539679276550e-01
-5.767195852179276550e-01	2.774015727796052544e-01	2.662000000000000130e-02
6.360000000000000202e-03	1.295839008532072345e+00	-1.300691303453947456e-01
-1.087068256578947456e-01	1.650000000000000078e-02	-6.524031789679276550e-01
-5.596297414679276550e-01	2.765470805921052544e-01	2.664000000000000049e-02
6.380000000000000254e-03	1.287294086657072345e+00	-1.300691303453947456e-01
-1.109040912828947456e-01	1.651999999999999996e-02	-6.511824758429276550e-01
-5.693953664679276550e-01	2.778898540296052544e-01	2.665999999999999967e-02
6.400000000000000307e-03	1.288514789782072345e+00	-1.317781147203947456e-01
-1.065095600328947456e-01	1.653999999999999915e-02	-6.597273977179276550e-01
-5.523055227179276550e-01	2.771574321546052544e-01	2.667999999999999886e-02
6.420000000000000359e-03	1.279969867907072345e+00	-1.317781147203947456e-01
-1.085847553453947456e-01	1.655999999999999833e-02	-6.572859914679276550e-01
-5.608504445929276550e-01	2.778898540296052544e-01	2.670000000000000151e-02
6.440000000000000412e-03	1.281190571032072345e+00	-1.333650287828947456e-01
-1.044343647203947456e-01	1.658000000000000099e-02	-6.670516164679276550e-01
-5.437606008429276550e-01	2.772795024671052544e-01	2.672000000000000069e-02
6.459999999999999597e-03	1.271424946032072345e+00	-1.333650287828947456e-01
-1.065095600328947456e-01	1.660000000000000017e-02	-6.658309133429276550e-01
-5.535262258429276550e-01	2.776457134046052544e-01	2.673999999999999988e-02
6.479999999999999649e-03	1.273866352282072345e+00	-1.350740131578947456e-01
-1.022370990953947456e-01	1.661999999999999936e-02	-6.755965383429276550e-01
-5.364363820929276550e-01	2.766691509046052544e-01	2.675999999999999907e-02
6.499999999999999702e-03	1.264100727282072345e+00	-1.350740131578947456e-01
-1.043122944078947456e-01	1.663999999999999854e-02	-6.731551320929276550e-01
-5.462020070929276550e-01	2.769132915296052544e-01	2.678000000000000172e-02
6.519999999999999754e-03	1.266542133532072345e+00	-1.367829975328947456e-01
-1.001619037828947456e-01	1.666000000000000120e-02	-6.841414602179276550e-01
-5.291121633429276550e-01	2.756925884046052544e-01	2.680000000000000090e-02
6.539999999999999807e-03	1.256776508532072345e+00	-1.367829975328947456e-01
-1.022370990953947456e-01	1.668000000000000038e-02	-6.817000539679276550e-01
-5.388777883429276550e-01	2.756925884046052544e-01	2.682000000000000009e-02
6.559999999999999859e-03	1.257997211657072345e+00	-1.384919819078947456e-01
-9.808670847039474561e-02	1.669999999999999957e-02	-6.902449758429276550e-01
-5.205672414679276550e-01	2.741056743421052544e-01	2.683999999999999928e-02
6.579999999999999911e-03	1.249452289782072345e+00	-1.386140522203947456e-01
-1.001619037828947456e-01	1.671999999999999875e-02	-6.890242727179276550e-01
-5.303328664679276550e-01	2.739836040296052544e-01	2.685999999999999846e-02
6.599999999999999964e-03	1.251893696032072345e+00	-1.403230365953947456e-01
-9.613358347039474561e-02	1.674000000000000141e-02	-6.987898977179276550e-01
-5.144637258429276550e-01	2.716642680921052544e-01	2.688000000000000111e-02
6.620000000000000016e-03	1.242128071032072345e+00	-1.404451069078947456e-01
-9.808670847039474561e-02	1.676000000000000059e-02	-6.963484914679276550e-01
-5.230086477179276550e-01	2.716642680921052544e-01	2.690000000000000030e-02
6.640000000000000069e-03	1.243348774157072345e+00	-1.422761615953947456e-01
-9.418045847039474561e-02	1.677999999999999978e-02	-7.061141164679276550e-01
-5.059188039679276550e-01	2.691007915296052544e-01	2.691999999999999948e-02
6.660000000000000121e-03	1.234803852282072345e+00	-1.422761615953947456e-01
-9.601151315789474561e-02	1.679999999999999896e-02	-7.036727102179276550e-01
-5.144637258429276550e-01	2.689787212171052544e-01	2.693999999999999867e-02
6.680000000000000174e-03	1.236024555407072345e+00	-1.441072162828947456e-01
-9.198319284539474561e-02	1.682000000000000162e-02	-7.146590383429276550e-01
-4.985945852179276550e-01	2.661711040296052544e-01	2.696000000000000132e-02
6.700000000000000226e-03	1.227479633532072345e+00	-1.441072162828947456e-01
-9.405838815789474561e-02	1.684000000000000080e-02	-7.122176320929276550e-01
-5.071395070929276550e-01	2.660490337171052544e-01	2.698000000000000051e-02
6.720000000000000279e-03	1.228700336657072345e+00	-1.459382709703947456e-01
-9.003006784539474561e-02	1.685999999999999999e-02	-7.207625539679276550e-01
-4.900496633429276550e-01	2.633634868421052544e-01	2.699999999999999969e-02
6.740000000000000331e-03	1.218934711657072345e+00	-1.459382709703947456e-01
-9.210526315789474561e-02	1.687999999999999917e-02	-7.195418508429276550e-01
-4.998152883429276550e-01	2.629972759046052544e-01	2.701999999999999888e-02
6.760000000000000384e-03	1.221376117907072345e+00	-1.477693256578947456e-01
-8.807694284539474561e-02	1.689999999999999836e-02	-7.293074758429276550e-01
-4.827254445929276550e-01	2.600675884046052544e-01	2.704000000000000153e-02
6.779999999999999569e-03	1.211610492907072345e+00	-1.477693256578947456e-01
-8.990799753289474561e-02	1.692000000000000101e-02	-7.280867727179276550e-01
-4.924910695929276550e-01	2.599455180921052544e-01	2.706000000000000072e-02
6.799999999999999621e-03	1.214051899157072345e+00	-1.494783100328947456e-01
-8.612381784539474561e-02	1.694000000000000020e-02	-7.366316945929276550e-01
-4.754012258429276550e-01	2.568937602796052544e-01	2.707999999999999990e-02
6.819999999999999674e-03	1.204286274157072345e+00	-1.494783100328947456e-01
-8.795487253289474561e-02	1.695999999999999938e-02	-7.354109914679276550e-01
-4.851668508429276550e-01	2.567716899671052544e-01	2.709999999999999909e-02
6.839999999999999726e-03	1.205506977282072345e+00	-1.511872944078947456e-01
-8.417069284539474561e-02	1.697999999999999857e-02	-7.451766164679276550e-01
-4.680770070929276550e-01	2.538420024671052544e-01	2.711999999999999827e-02
6.859999999999999779e-03	1.196962055407072345e+00	-1.510652240953947456e-01
-8.600174753289474561e-02	1.700000000000000122e-02	-7.427352102179276550e-01
-4.766219289679276550e-01	2.534757915296052544e-01	2.714000000000000093e-02
6.879999999999999831e-03	1.198182758532072345e+00	-1.528962787828947456e-01
-8.221756784539474561e-02	1.702000000000000041e-02	-7.525008352179276550e-01
-4.595320852179276550e-01	2.505461040296052544e-01	2.716000000000000011e-02
6.899999999999999883e-03	1.188417133532072345e+00	-1.528962787828947456e-01
-8.417069284539474561e-02	1.703999999999999959e-02	-7.500594289679276550e-01
-4.692977102179276550e-01	2.501798930921052544e-01	2.717999999999999930e-02
6.919999999999999936e-03	1.190858539782072345e+00	-1.544831928453947456e-01
-8.050858347039474561e-02	1.705999999999999878e-02	-7.598250539679276550e-01
-4.522078664679276550e-01	2.473722759046052544e-01	2.719999999999999848e-02
6.939999999999999988e-03	1.181092914782072345e+00	-1.546052631578947456e-01
-8.233963815789474561e-02	1.708000000000000143e-02	-7.586043508429276550e-01
-4.607527883429276550e-01	2.470060649671052544e-01	2.722000000000000114e-02
6.960000000000000041e-03	1.183534321032072345e+00	-1.563142475328947456e-01
-7.867752878289474561e-02	1.710000000000000062e-02	-7.671492727179276550e-01
-4.448836477179276550e-01	2.441984477796052544e-01	2.724000000000000032e-02
6.980000000000000093e-03	1.173768696032072345e+00	-1.563142475328947456e-01
-8.050858347039474561e-02	1.711999999999999980e-02	-7.659285695929276550e-01
-4.546492727179276550e-01	2.439543071546052544e-01	2.725999999999999951e-02
7.000000000000000146e-03	1.174989399157072345e+00	-1.581453022203947456e-01
-7.709061472039474561e-02	1.713999999999999899e-02	-7.756941945929276550e-01
-4.375594289679276550e-01	2.411466899671052544e-01	2.727999999999999869e-02
7.020000000000000198e-03	1.165223774157072345e+00	-1.580232319078947456e-01
-7.879959909539474561e-02	1.716000000000000164e-02	-7.732527883429276550e-01
-4.461043508429276550e-01	2.409025493421052544e-01	2.730000000000000135e-02
7.040000000000000251e-03	1.167665180407072345e+00	-1.598542865953947456e-01
-7.525956003289474561e-02	1.718000000000000083e-02	-7.842391164679276550e-01
-4.290145070929276550e-01	2.383390727796052544e-01	2.732000000000000053e-02
7.060000000000000303e-03	1.157899555407072345e+00	-1.597322162828947456e-01
-7.709061472039474561e-02	1.720000000000000001e-02	-7.817977102179276550e-01
-4.387801320929276550e-01	2.380949321546052544e-01	2.733999999999999972e-02
7.080000000000000356e-03	1.160340961657072345e+00	-1.614412006578947456e-01
-7.367264597039474561e-02	1.721999999999999920e-02	-7.903426320929276550e-01
-4.216902883429276550e-01	2.356535259046052544e-01	2.735999999999999890e-02
7.100000000000000408e-03	1.150575336657072345e+00	-1.613191303453947456e-01
-7.525956003289474561e-02	1.723999999999999838e-02	-7.891219289679276550e-01
-4.302352102179276550e-01	2.355314555921052544e-01	2.738000000000000156e-02
7.119999999999999593e-03	1.153016742907072345e+00	-1.630281147203947456e-01
-7.196366159539474561e-02	1.726000000000000104e-02	-7.976668508429276550e-01
-4.143660695929276550e-01	2.332121196546052544e-01	2.740000000000000074e-02
7.139999999999999646e-03	1.143251117907072345e+00	-1.629060444078947456e-01
-7.355057565789474561e-02	1.728000000000000022e-02	-7.964461477179276550e-01
-4.229109914679276550e-01	2.330900493421052544e-01	2.741999999999999993e-02
7.159999999999999698e-03	1.145692524157072345e+00	-1.646150287828947456e-01
-7.013260690789474561e-02	1.729999999999999941e-02	-8.062117727179276550e-01
-4.070418508429276550e-01	2.310148540296052544e-01	2.743999999999999911e-02
7.179999999999999750e-03	1.135926899157072345e+00	-1.643708881578947456e-01
-7.184159128289474561e-02	1.731999999999999859e-02	-8.049910695929276550e-01
-4.155867727179276550e-01	2.308927837171052544e-01	2.745999999999999830e-02
7.199999999999999803e-03	1.138368305407072345e+00	-1.659578022203947456e-01
-6.805741159539474561e-02	1.734000000000000125e-02	-8.135359914679276550e-01
-3.984969289679276550e-01	2.288175884046052544e-01	2.748000000000000095e-02
7.219999999999999855e-03	1.128602680407072345e+00	-1.658357319078947456e-01
-7.001053659539474561e-02	1.736000000000000043e-02	-8.123152883429276550e-01
-4.082625539679276550e-01	2.288175884046052544e-01	2.750000000000000014e-02
7.239999999999999908e-03	1.129823383532072345e+00	-1.673005756578947456e-01
-6.634842722039474561e-02	1.737999999999999962e-02	-8.208602102179276550e-01
-3.911727102179276550e-01	2.268644634046052544e-01	2.751999999999999932e-02
7.259999999999999960e-03	1.121278461657072345e+00	-1.671785053453947456e-01
-6.817948190789474561e-02	1.739999999999999880e-02	-8.196395070929276550e-01
-3.997176320929276550e-01	2.268644634046052544e-01	2.753999999999999851e-02
7.280000000000000013e-03	1.122499164782072345e+00	-1.687654194078947456e-01
-6.439530222039474561e-02	1.742000000000000146e-02	-8.281844289679276550e-01
-3.838484914679276550e-01	2.250334087171052544e-01	2.756000000000000116e-02
7.300000000000000065e-03	1.112733539782072345e+00	-1.686433490953947456e-01
-6.622635690789474561e-02	1.744000000000000064e-02	-8.281844289679276550e-01
-3.923934133429276550e-01	2.250334087171052544e-01	2.758000000000000035e-02
7.320000000000000118e-03	1.115174946032072345e+00	-1.701081928453947456e-01
-6.232010690789473867e-02	1.745999999999999983e-02	-8.367293508429276550e-01
-3.753035695929276550e-01	2.234464946546052544e-01	2.759999999999999953e-02
7.340000000000000170e-03	1.105409321032072345e+00	-1.701081928453947456e-01
-6.427323190789474561e-02	1.747999999999999901e-02	-8.355086477179276550e-01
-3.850691945929276550e-01	2.234464946546052544e-01	2.761999999999999872e-02
7.360000000000000223e-03	1.107850727282072345e+00	-1.716951069078947456e-01
-6.036698190789473867e-02	1.750000000000000167e-02	-8.440535695929276550e-01
-3.679793508429276550e-01	2.218595805921052544e-01	2.764000000000000137e-02
7.380000000000000275e-03	1.098085102282072345e+00	-1.715730365953947456e-01
-6.232010690789473867e-02	1.752000000000000085e-02	-8.428328664679276550e-01
-3.777449758429276550e-01	2.219816509046052544e-01	2.766000000000000056e-02
7.400000000000000328e-03	1.099305805407072345e+00	-1.730378803453947456e-01
-5.853592722039473867e-02	1.754000000000000004e-02	-8.525984914679276550e-01
-3.594344289679276550e-01	2.206388774671052544e-01	2.767999999999999974e-02
7.420000000000000380e-03	1.090760883532072345e+00	-1.729158100328947456e-01
-6.036698190789473867e-02	1.755999999999999922e-02	-8.501570852179276550e-01
-3.704207570929276550e-01	2.207609477796052544e-01	2.769999999999999893e-02
7.440000000000000432e-03	1.091981586657072345e+00	-1.745027240953947456e-01
-5.646073190789473867e-02	1.757999999999999841e-02	-8.599227102179276550e-01
-3.521102102179276550e-01	2.194181743421052544e-01	2.772000000000000158e-02
7.459999999999999618e-03	1.083436664782072345e+00	-1.743806537828947456e-01
-5.841385690789473867e-02	1.760000000000000106e-02	-8.587020070929276550e-01
-3.618758352179276550e-01	2.196623149671052544e-01	2.774000000000000077e-02
7.479999999999999670e-03	1.084657367907072345e+00	-1.759675678453947456e-01
-5.462967722039473867e-02	1.762000000000000025e-02	-8.684676320929276550e-01
-3.447859914679276550e-01	2.183195415296052544e-01	2.775999999999999995e-02
7.499999999999999722e-03	1.074891742907072345e+00	-1.757234272203947456e-01
-5.658280222039473867e-02	1.763999999999999943e-02	-8.660262258429276550e-01
-3.545516164679276550e-01	2.185636821546052544e-01	2.777999999999999914e-02
7.519999999999999775e-03	1.076112446032072345e+00	-1.773103412828947456e-01
-5.267655222039473867e-02	1.765999999999999862e-02	-8.757918508429276550e-01
-3.374617727179276550e-01	2.173429790296052544e-01	2.779999999999999832e-02
7.539999999999999827e-03	1.067567524157072345e+00	-1.771882709703947456e-01
-5.450760690789473867e-02	1.768000000000000127e-02	-8.733504445929276550e-01
-3.460066945929276550e-01	2.175871196546052544e-01	2.782000000000000098e-02
7.559999999999999880e-03	1.068788227282072345e+00	-1.786531147203947456e-01
-5.060135690789473867e-02	1.770000000000000046e-02	-8.843367727179276550e-01
-3.289168508429276550e-01	2.163664165296052544e-01	2.784000000000000016e-02
7.579999999999999932e-03	1.060243305407072345e+00	-1.786531147203947456e-01
-5.267655222039473867e-02	1.771999999999999964e-02	-8.818953664679276550e-01
-3.386824758429276550e-01	2.164884868421052544e-01	2.785999999999999935e-02
7.599999999999999985e-03	1.061464008532072345e+00	-1.801179584703947456e-01
-4.840409128289473867e-02	1.773999999999999883e-02	-8.904402883429276550e-01
-3.215926320929276550e-01	2.152677837171052544e-01	2.787999999999999853e-02
7.620000000000000037e-03	1.052919086657072345e+00	-1.799958881578947456e-01
-5.047928659539473867e-02	1.776000000000000148e-02	-8.892195852179276550e-01
-3.313582570929276550e-01	2.156339946546052544e-01	2.790000000000000119e-02
7.640000000000000090e-03	1.054139789782072345e+00	-1.817048725328947456e-01
-4.632889597039473867e-02	1.778000000000000067e-02	-8.989852102179276550e-01
-3.142684133429276550e-01	2.142912212171052544e-01	2.792000000000000037e-02
7.660000000000000142e-03	1.044374164782072345e+00	-1.814607319078947456e-01
-4.840409128289473867e-02	1.779999999999999985e-02	-8.965438039679276550e-01
-3.240340383429276550e-01	2.144132915296052544e-01	2.793999999999999956e-02
7.680000000000000195e-03	1.046815571032072345e+00	-1.830476459703947456e-01
-4.400956003289473867e-02	1.781999999999999904e-02	-9.063094289679276550e-01
-3.069441945929276550e-01	2.130705180921052544e-01	2.795999999999999874e-02
7.700000000000000247e-03	1.037049946032072345e+00	-1.830476459703947456e-01
-4.608475534539473867e-02	1.784000000000000169e-02	-9.038680227179276550e-01
-3.154891164679276550e-01	2.131925884046052544e-01	2.798000000000000140e-02
7.720000000000000299e-03	1.039491352282072345e+00	-1.846345600328947456e-01
-4.193436472039473867e-02	1.786000000000000087e-02	-9.136336477179276550e-01
-2.983992727179276550e-01	2.118498149671052544e-01	2.800000000000000058e-02
7.740000000000000352e-03	1.029725727282072345e+00	-1.846345600328947456e-01
-4.400956003289473867e-02	1.788000000000000006e-02	-9.124129445929276550e-01
-3.081648977179276550e-01	2.118498149671052544e-01	2.801999999999999977e-02
7.760000000000000404e-03	1.030946430407072345e+00	-1.863435444078947456e-01
-3.961502878289473867e-02	1.789999999999999925e-02	-9.209578664679276550e-01
-2.910750539679276550e-01	2.103849712171052544e-01	2.803999999999999895e-02
7.779999999999999589e-03	1.022401508532072345e+00	-1.862214740953947456e-01
-4.169022409539473867e-02	1.791999999999999843e-02	-9.197371633429276550e-01
-3.008406789679276550e-01	2.105070415296052544e-01	2.806000000000000161e-02
7.799999999999999642e-03	1.023622211657072345e+00	-1.879304584703947456e-01
-3.741776315789473867e-02	1.794000000000000108e-02	-9.282820852179276550e-01
-2.837508352179276550e-01	2.087980571546052544e-01	2.808000000000000079e-02
7.820000000000000562e-03	1.013856586657072345e+00	-1.879304584703947456e-01
-3.961502878289473867e-02	1.796000000000000027e-02	-9.270613820929276550e-01
-2.935164602179276550e-01	2.089201274671052544e-01	2.809999999999999998e-02
7.839999999999999747e-03	1.015077289782072345e+00	-1.896394428453947456e-01
-3.546463815789473867e-02	1.797999999999999945e-02	-9.356063039679276550e-01
-2.764266164679276550e-01	2.073332134046052544e-01	2.811999999999999916e-02
7.860000000000000667e-03	1.006532367907072345e+00	-1.895173725328947456e-01
-3.741776315789473867e-02	1.799999999999999864e-02	-9.343856008429276550e-01
-2.849715383429276550e-01	2.073332134046052544e-01	2.813999999999999835e-02
7.879999999999999852e-03	1.007753071032072345e+00	-1.912263569078947456e-01
-3.314530222039473867e-02	1.802000000000000129e-02	-9.441512258429276550e-01
-2.678816945929276550e-01	2.056242290296052544e-01	2.816000000000000100e-02
7.900000000000000772e-03	9.992081491570723450e-01	-1.911042865953947456e-01
-3.534256784539473867e-02	1.804000000000000048e-02	-9.417098195929276550e-01
-2.776473195929276550e-01	2.057462993421052544e-01	2.818000000000000019e-02
7.919999999999999957e-03	1.000428852282072345e+00	-1.926912006578947456e-01
-3.107010690789473867e-02	1.805999999999999966e-02	-9.514754445929276550e-01
-2.605574758429276550e-01	2.039152446546052544e-01	2.819999999999999937e-02
7.939999999999999142e-03	9.918839304070723450e-01	-1.926912006578947456e-01
-3.314530222039473867e-02	1.807999999999999885e-02	-9.502547414679276550e-01
-2.691023977179276550e-01	2.039152446546052544e-01	2.821999999999999856e-02
7.960000000000000062e-03	9.931046335320723450e-01	-1.944001850328947456e-01
-2.899491159539473867e-02	1.810000000000000150e-02	-9.600203664679276550e-01
-2.532332570929276550e-01	2.022062602796052544e-01	2.824000000000000121e-02
7.979999999999999247e-03	9.833390085320723450e-01	-1.941560444078947456e-01
-3.107010690789473867e-02	1.812000000000000069e-02	-9.587996633429276550e-01
-2.629988820929276550e-01	2.020841899671052544e-01	2.826000000000000040e-02
8.000000000000000167e-03	9.845597116570723450e-01	-1.958650287828947456e-01
-2.691971628289473867e-02	1.813999999999999987e-02	-9.673445852179276550e-01
-2.446883352179276550e-01	2.002531352796052544e-01	2.827999999999999958e-02
8.019999999999999352e-03	9.760147897820723450e-01	-1.957429584703947456e-01
-2.887284128289473867e-02	1.815999999999999906e-02	-9.661238820929276550e-01
-2.544539602179276550e-01	2.002531352796052544e-01	2.829999999999999877e-02
8.040000000000000271e-03	9.772354929070723450e-01	-1.973298725328947456e-01
-2.496659128289473867e-02	1.818000000000000171e-02	-9.746688039679276550e-01
-2.373641164679276550e-01	1.984220805921052544e-01	2.832000000000000142e-02
8.059999999999999457e-03	9.686905710320723450e-01	-1.972078022203947456e-01
-2.691971628289473867e-02	1.820000000000000090e-02	-9.734481008429276550e-01
-2.471297414679276550e-01	1.983000102796052544e-01	2.834000000000000061e-02
8.080000000000000376e-03	9.699112741570723450e-01	-1.987947162828947456e-01
-2.301346628289473867e-02	1.822000000000000008e-02	-9.819930227179276550e-01
-2.300398977179276550e-01	1.963468852796052544e-01	2.835999999999999979e-02
8.099999999999999561e-03	9.601456491570723450e-01	-1.987947162828947456e-01
-2.484452097039473867e-02	1.823999999999999927e-02	-9.807723195929276550e-01
-2.385848195929276550e-01	1.962248149671052544e-01	2.837999999999999898e-02
8.120000000000000481e-03	9.625870554070723450e-01	-2.003816303453947456e-01
-2.106034128289473867e-02	1.825999999999999845e-02	-9.905379445929276550e-01
-2.214949758429276550e-01	1.941496196546052544e-01	2.840000000000000163e-02
8.139999999999999666e-03	9.528214304070723450e-01	-2.003816303453947456e-01
-2.289139597039473867e-02	1.828000000000000111e-02	-9.893172414679276550e-01
-2.312606008429276550e-01	1.940275493421052544e-01	2.842000000000000082e-02
8.160000000000000586e-03	9.552628366570723450e-01	-2.019685444078947456e-01
-1.910721628289473867e-02	1.830000000000000029e-02	-9.978621633429276550e-01
-2.141707570929276550e-01	1.920744243421052544e-01	2.844000000000000000e-02
8.179999999999999771e-03	9.454972116570723450e-01	-2.018464740953947456e-01
-2.093827097039473867e-02	1.831999999999999948e-02	-9.954207570929276550e-01
-2.239363820929276550e-01	1.919523540296052544e-01	2.845999999999999919e-02
8.200000000000000691e-03	9.467179147820723450e-01	-2.034333881578947456e-01
-1.727616159539473867e-02	1.833999999999999866e-02	-1.002744975842927655e+00
-2.068465383429276550e-01	1.898771587171052544e-01	2.847999999999999837e-02
8.219999999999999876e-03	9.381729929070723450e-01	-2.034333881578947456e-01
-1.910721628289473867e-02	1.836000000000000132e-02	-9.917586477179276550e-01
-2.153914602179276550e-01	1.896330180921052544e-01	2.850000000000000103e-02
8.240000000000000796e-03	9.393936960320723450e-01	-2.048982319078947456e-01
-1.532303659539473867e-02	1.838000000000000050e-02	-1.000303569592927655e+00
-1.995223195929276550e-01	1.874357524671052544e-01	2.852000000000000021e-02
8.259999999999999981e-03	9.308487741570723450e-01	-2.048982319078947456e-01
-1.727616159539473867e-02	1.839999999999999969e-02	-9.832137258429276550e-01
-2.080672414679276550e-01	1.874357524671052544e-01	2.853999999999999940e-02
8.279999999999999166e-03	9.320694772820723450e-01	-2.064851459703947456e-01
-1.349198190789473867e-02	1.841999999999999887e-02	-9.929793508429276550e-01
-1.909773977179276550e-01	1.851164165296052544e-01	2.855999999999999858e-02
8.300000000000000086e-03	9.223038522820723450e-01	-2.062410053453947456e-01
-1.544510690789473867e-02	1.844000000000000153e-02	-9.746688039679276550e-01
-2.007430227179276550e-01	1.849943462171052544e-01	2.858000000000000124e-02
8.319999999999999271e-03	9.247452585320723450e-01	-2.077058490953947456e-01
-1.178299753289473867e-02	1.846000000000000071e-02	-9.844344289679276550e-01
-1.836531789679276550e-01	1.829191509046052544e-01	2.860000000000000042e-02
8.340000000000000191e-03	9.149796335320723450e-01	-2.074617084703947456e-01
-1.361405222039473867e-02	1.847999999999999990e-02	-9.673445852179276550e-01
-1.921981008429276550e-01	1.827970805921052544e-01	2.861999999999999961e-02
8.359999999999999376e-03	9.162003366570723450e-01	-2.086824115953947456e-01
-9.951942845394738668e-03	1.849999999999999908e-02	-9.771102102179276550e-01
-1.763289602179276550e-01	1.805998149671052544e-01	2.863999999999999879e-02
8.380000000000000296e-03	9.076554147820723450e-01	-2.084382709703947456e-01
-1.178299753289473867e-02	1.851999999999999827e-02	-9.600203664679276550e-01
-1.848738820929276550e-01	1.804777446546052544e-01	2.866000000000000145e-02
8.399999999999999481e-03	9.088761179070723450e-01	-2.096589740953947456e-01
-8.365028782894738668e-03	1.854000000000000092e-02	-9.697859914679276550e-01
-1.677840383429276550e-01	1.784025493421052544e-01	2.868000000000000063e-02
8.420000000000000401e-03	9.003311960320723450e-01	-2.091706928453947456e-01
-1.007401315789473867e-02	1.856000000000000011e-02	-9.526961477179276550e-01
-1.775496633429276550e-01	1.782804790296052544e-01	2.869999999999999982e-02
8.439999999999999586e-03	9.015518991570723450e-01	-2.101472553453947456e-01
-6.656044407894738668e-03	1.857999999999999929e-02	-9.624617727179276550e-01
-1.604598195929276550e-01	1.763273540296052544e-01	2.871999999999999900e-02
8.460000000000000506e-03	8.930069772820723450e-01	-2.094148334703947456e-01
-8.365028782894738668e-03	1.859999999999999848e-02	-9.453719289679276550e-01
-1.690047414679276550e-01	1.762052837171052544e-01	2.874000000000000166e-02
8.479999999999999691e-03	8.942276804070723450e-01	-2.103913959703947456e-01
-5.069130345394738668e-03	1.862000000000000113e-02	-9.539168508429276550e-01
-1.531356008429276550e-01	1.741300884046052544e-01	2.876000000000000084e-02
8.500000000000000611e-03	8.844620554070723450e-01	-2.091706928453947456e-01
-6.778114720394738668e-03	1.864000000000000032e-02	-9.368270070929276550e-01
-1.629012258429276550e-01	1.741300884046052544e-01	2.878000000000000003e-02
8.519999999999999796e-03	8.856827585320723450e-01	-2.101472553453947456e-01
-3.482216282894738668e-03	1.865999999999999950e-02	-9.465926320929276550e-01
-1.445906789679276550e-01	1.721769634046052544e-01	2.879999999999999921e-02
8.540000000000000716e-03	8.771378366570723450e-01	-2.083162006578947456e-01
-5.069130345394738668e-03	1.867999999999999869e-02	-9.295027883429276550e-01
-1.543563039679276550e-01	1.720548930921052544e-01	2.881999999999999840e-02
8.559999999999999901e-03	8.783585397820723450e-01	-2.095369037828947456e-01
-1.651161595394738668e-03	1.870000000000000134e-02	-9.392684133429276550e-01
-1.372664602179276550e-01	1.701017680921052544e-01	2.884000000000000105e-02
8.580000000000000820e-03	8.685929147820723450e-01	-2.069734272203947456e-01
-3.360145970394738668e-03	1.872000000000000053e-02	-9.221785695929276550e-01
-1.470320852179276550e-01	1.699796977796052544e-01	2.886000000000000024e-02
8.600000000000000006e-03	8.710343210320723450e-01	-2.084382709703947456e-01
1.798930921052613319e-04	1.873999999999999971e-02	-9.319441945929276550e-01
-1.299422414679276550e-01	1.680265727796052544e-01	2.887999999999999942e-02
8.619999999999999191e-03	8.612686960320723450e-01	-2.052644428453947456e-01
-1.651161595394738668e-03	1.875999999999999890e-02	-9.148543508429276550e-01
-1.384871633429276550e-01	1.679045024671052544e-01	2.889999999999999861e-02
8.640000000000000110e-03	8.624893991570723450e-01	-2.069734272203947456e-01
2.133018092105261332e-03	1.878000000000000155e-02	-9.246199758429276550e-01
-1.213973195929276411e-01	1.658293071546052544e-01	2.892000000000000126e-02
8.659999999999999296e-03	8.539444772820723450e-01	-2.030671772203947456e-01
1.798930921052613319e-04	1.880000000000000074e-02	-9.075301320929276550e-01
-1.311629445929276550e-01	1.658293071546052544e-01	2.894000000000000045e-02
8.680000000000000215e-03	8.551651804070723450e-01	-2.052644428453947456e-01
4.208213404605261332e-03	1.881999999999999992e-02	-9.160750539679276550e-01
-1.152938039679276411e-01	1.638761821546052544e-01	2.895999999999999963e-02
8.699999999999999400e-03	8.466202585320723450e-01	-2.005037006578947456e-01
2.255088404605261332e-03	1.883999999999999911e-02	-9.002059133429276550e-01
-1.238387258429276411e-01	1.638761821546052544e-01	2.897999999999999882e-02
8.720000000000000320e-03	8.478409616570723450e-01	-2.029451069078947456e-01
6.283408717105261332e-03	1.885999999999999829e-02	-9.087508352179276550e-01
-1.067488820929276411e-01	1.619230571546052544e-01	2.900000000000000147e-02
8.739999999999999505e-03	8.392960397820723450e-01	-1.976960834703947456e-01
4.208213404605261332e-03	1.888000000000000095e-02	-8.928816945929276550e-01
-1.152938039679276411e-01	1.618009868421052544e-01	2.902000000000000066e-02
8.760000000000000425e-03	8.405167429070723450e-01	-2.002595600328947456e-01
8.480674342105261332e-03	1.890000000000000013e-02	-9.026473195929276550e-01
-9.942466334292764107e-02	1.598478618421052544e-01	2.903999999999999984e-02
8.779999999999999610e-03	8.307511179070723450e-01	-1.946443256578947456e-01
6.405479029605261332e-03	1.891999999999999932e-02	-8.855574758429276550e-01
-1.079695852179276411e-01	1.598478618421052544e-01	2.905999999999999903e-02
8.800000000000000530e-03	8.319718210320723450e-01	-1.974519428453947456e-01
1.067793996710526133e-02	1.893999999999999850e-02	-8.941023977179276550e-01
-9.087974146792764107e-02	1.580168071546052544e-01	2.908000000000000168e-02
8.819999999999999715e-03	8.234268991570723450e-01	-1.915925678453947456e-01
8.602744654605261332e-03	1.896000000000000116e-02	-8.770125539679276550e-01
-1.006453664679276411e-01	1.580168071546052544e-01	2.910000000000000087e-02
8.840000000000000635e-03	8.258683054070723450e-01	-1.944001850328947456e-01
1.287520559210526133e-02	1.898000000000000034e-02	-8.867781789679276550e-01
-8.355552271792764107e-02	1.560636821546052544e-01	2.912000000000000005e-02
8.859999999999999820e-03	8.161026804070723450e-01	-1.884187397203947456e-01
1.067793996710526133e-02	1.899999999999999953e-02	-8.696883352179276550e-01
-9.332114771792764107e-02	1.560636821546052544e-01	2.913999999999999924e-02
8.880000000000000740e-03	8.185440866570723450e-01	-1.913484272203947456e-01
1.507247121710526133e-02	1.901999999999999871e-02	-8.794539602179276550e-01
-7.623130396792764107e-02	1.542326274671052544e-01	2.915999999999999842e-02
8.899999999999999925e-03	8.087784616570723450e-01	-1.854890522203947456e-01
1.287520559210526133e-02	1.904000000000000137e-02	-8.623641164679276550e-01
-8.477622584292764107e-02	1.543546977796052544e-01	2.918000000000000108e-02
8.920000000000000845e-03	8.099991647820723450e-01	-1.882966694078947456e-01
1.714766652960526133e-02	1.906000000000000055e-02	-8.709090383429276550e-01
-6.768638209292764107e-02	1.525236430921052544e-01	2.920000000000000026e-02
8.940000000000000030e-03	8.002335397820723450e-01	-1.824372944078947456e-01
1.495040090460526133e-02	1.907999999999999974e-02	-8.538191945929276550e-01
-7.745200709292764107e-02	1.525236430921052544e-01	2.921999999999999945e-02
8.959999999999999215e-03	8.026749460320723450e-01	-1.852449115953947456e-01
1.934493215460526133e-02	1.909999999999999892e-02	-8.635848195929276550e-01
-6.036216334292764107e-02	1.506925884046052544e-01	2.923999999999999863e-02
8.980000000000000135e-03	7.929093210320723450e-01	-1.795076069078947456e-01
1.714766652960526133e-02	1.912000000000000158e-02	-8.464949758429276550e-01
-7.012778834292764107e-02	1.506925884046052544e-01	2.926000000000000129e-02
8.999999999999999320e-03	7.941300241570723450e-01	-1.823152240953947456e-01
2.154219777960526133e-02	1.914000000000000076e-02	-8.562606008429276550e-01
-5.181724146792764107e-02	1.488615337171052544e-01	2.928000000000000047e-02
9.020000000000000240e-03	7.855851022820723450e-01	-1.764558490953947456e-01
1.934493215460526133e-02	1.915999999999999995e-02	-8.391707570929276550e-01
-6.280356959292764107e-02	1.488615337171052544e-01	2.929999999999999966e-02
9.039999999999999425e-03	7.868058054070723450e-01	-1.791413959703947456e-01
2.361739309210526133e-02	1.917999999999999913e-02	-8.489363820929276550e-01
-4.449302271792764107e-02	1.470304790296052544e-01	2.931999999999999884e-02
9.060000000000000345e-03	7.782608835320723450e-01	-1.736482319078947456e-01
2.142012746710526133e-02	1.919999999999999832e-02	-8.318465383429276550e-01
-5.425864771792764107e-02	1.471525493421052544e-01	2.934000000000000150e-02
9.079999999999999530e-03	7.794815866570723450e-01	-1.762117084703947456e-01
2.544844777960526133e-02	1.922000000000000097e-02	-8.403914602179276550e-01
-3.716880396792764107e-02	1.453214946546052544e-01	2.936000000000000068e-02
9.100000000000000450e-03	7.697159616570723450e-01	-1.707185444078947456e-01
2.349532277960526133e-02	1.924000000000000016e-02	-8.245223195929276550e-01
-4.693442896792764107e-02	1.454435649671052544e-01	2.937999999999999987e-02
9.119999999999999635e-03	7.709366647820723450e-01	-1.734040912828947456e-01
2.752364309210526133e-02	1.925999999999999934e-02	-8.330672414679276550e-01
-2.984458521792764107e-02	1.436125102796052544e-01	2.939999999999999905e-02
9.140000000000000555e-03	7.623917429070723450e-01	-1.681550678453947456e-01
2.544844777960526133e-02	1.927999999999999853e-02	-8.171981008429276550e-01
-3.838950709292764107e-02	1.436125102796052544e-01	2.942000000000000171e-02
9.159999999999999740e-03	7.636124460320723450e-01	-1.707185444078947456e-01
2.898848684210526133e-02	1.930000000000000118e-02	-8.257430227179276550e-01
-2.252036646792764107e-02	1.419035259046052544e-01	2.944000000000000089e-02
9.180000000000000659e-03	7.538468210320723450e-01	-1.658357319078947456e-01
2.727950246710526133e-02	1.932000000000000037e-02	-8.086531789679276550e-01
-3.106528834292764107e-02	1.417814555921052544e-01	2.946000000000000008e-02
9.199999999999999845e-03	7.562882272820723450e-01	-1.681550678453947456e-01
3.057540090460526133e-02	1.933999999999999955e-02	-8.184188039679276550e-01
-1.397544459292764107e-02	1.400724712171052544e-01	2.947999999999999926e-02
9.220000000000000764e-03	7.477433054070723450e-01	-1.637605365953947456e-01
2.886641652960526133e-02	1.935999999999999874e-02	-8.013289602179276550e-01
-2.374106959292764107e-02	1.400724712171052544e-01	2.949999999999999845e-02
9.239999999999999949e-03	7.477433054070723450e-01	-1.658357319078947456e-01
3.204024465460526133e-02	1.938000000000000139e-02	-8.110945852179276550e-01
-6.651225842927641074e-03	1.382414165296052544e-01	2.952000000000000110e-02
9.259999999999999135e-03	7.391983835320723450e-01	-1.620515522203947456e-01
3.045333059210526133e-02	1.940000000000000058e-02	-7.940047414679276550e-01
-1.641685084292764107e-02	1.382414165296052544e-01	2.954000000000000029e-02
9.280000000000000054e-03	7.416397897820723450e-01	-1.638826069078947456e-01
3.326094777960526133e-02	1.941999999999999976e-02	-8.025496633429276550e-01
6.729929070723589257e-04	1.365324321546052544e-01	2.955999999999999947e-02
9.299999999999999239e-03	7.318741647820723450e-01	-1.605867084703947456e-01
3.179610402960526133e-02	1.943999999999999895e-02	-7.854598195929276550e-01
-7.871928967927641074e-03	1.365324321546052544e-01	2.957999999999999866e-02
9.320000000000000159e-03	7.343155710320723450e-01	-1.621736225328947456e-01
3.448165090460526133e-02	1.946000000000000160e-02	-7.952254445929276550e-01
7.997211657072358926e-03	1.347013774671052544e-01	2.960000000000000131e-02
9.339999999999999344e-03	7.233292429070723450e-01	-1.593660053453947456e-01
3.301680715460526133e-02	1.948000000000000079e-02	-7.781356008429276550e-01
-5.477102179276410743e-04	1.347013774671052544e-01	2.962000000000000050e-02
9.360000000000000264e-03	7.257706491570723450e-01	-1.608308490953947456e-01
3.570235402960526133e-02	1.949999999999999997e-02	-7.879012258429276550e-01
1.654213353207235893e-02	1.328703227796052544e-01	2.963999999999999968e-02
9.379999999999999449e-03	7.160050241570723450e-01	-1.583894428453947456e-01
3.423751027960526133e-02	1.951999999999999916e-02	-7.708113820929276550e-01
6.776508532072358926e-03	1.327482524671052544e-01	2.965999999999999887e-02
9.400000000000000369e-03	7.184464304070723450e-01	-1.596101459703947456e-01
3.667891652960526133e-02	1.953999999999999834e-02	-7.805770070929276550e-01
2.386635228207235893e-02	1.309171977796052544e-01	2.968000000000000152e-02
9.419999999999999554e-03	7.086808054070723450e-01	-1.574128803453947456e-01
3.533614309210526133e-02	1.956000000000000100e-02	-7.634871633429276550e-01
1.532143040707235893e-02	1.307951274671052544e-01	2.970000000000000070e-02
9.440000000000000474e-03	7.099015085320723450e-01	-1.585115131578947456e-01
3.741133840460526133e-02	1.958000000000000018e-02	-7.732527883429276550e-01
3.119057103207235893e-02	1.288420024671052544e-01	2.971999999999999989e-02
9.459999999999999659e-03	7.001358835320723450e-01	-1.563142475328947456e-01
3.619063527960526133e-02	1.959999999999999937e-02	-7.549422414679276550e-01
2.142494603207235893e-02	1.288420024671052544e-01	2.973999999999999908e-02
9.480000000000000579e-03	7.025772897820723450e-01	-1.575349506578947456e-01
3.814376027960526133e-02	1.961999999999999855e-02	-7.647078664679276550e-01
3.973549290707235893e-02	1.267668071546052544e-01	2.976000000000000173e-02
9.499999999999999764e-03	6.928116647820723450e-01	-1.552156147203947456e-01
3.692305715460526133e-02	1.964000000000000121e-02	-7.476180227179276550e-01
2.996986790707235893e-02	1.267668071546052544e-01	2.978000000000000091e-02
9.520000000000000684e-03	6.952530710320723450e-01	-1.565583881578947456e-01
3.863204152960526133e-02	1.966000000000000039e-02	-7.573836477179276550e-01
4.705971165707235893e-02	1.248136821546052544e-01	2.980000000000000010e-02
9.539999999999999869e-03	6.854874460320723450e-01	-1.539949115953947456e-01
3.741133840460526133e-02	1.967999999999999958e-02	-7.415145070929276550e-01
3.851478978207235893e-02	1.246916118421052544e-01	2.981999999999999929e-02
9.560000000000000789e-03	6.879288522820723450e-01	-1.553376850328947456e-01
3.887618215460526133e-02	1.969999999999999876e-02	-7.500594289679276550e-01
5.438393040707235893e-02	1.226164165296052544e-01	2.983999999999999847e-02
9.579999999999999974e-03	6.781632272820723450e-01	-1.526521381578947456e-01
3.777754934210526133e-02	1.972000000000000142e-02	-7.329695852179276550e-01
4.583900853207235893e-02	1.224943462171052544e-01	2.986000000000000112e-02
9.599999999999999159e-03	6.806046335320723450e-01	-1.541169819078947456e-01
3.899825246710526133e-02	1.974000000000000060e-02	-7.427352102179276550e-01
6.292885228207235893e-02	1.202970805921052544e-01	2.988000000000000031e-02
9.620000000000000079e-03	6.708390085320723450e-01	-1.511872944078947456e-01
3.802168996710526133e-02	1.975999999999999979e-02	-7.256453664679276550e-01
5.316322728207235893e-02	1.202970805921052544e-01	2.989999999999999949e-02
9.639999999999999264e-03	6.720597116570723450e-01	-1.526521381578947456e-01
3.899825246710526133e-02	1.977999999999999897e-02	-7.341902883429276550e-01
7.025307103207235893e-02	1.180998149671052544e-01	2.991999999999999868e-02
9.660000000000000184e-03	6.622940866570723450e-01	-1.497224506578947456e-01
3.802168996710526133e-02	1.980000000000000163e-02	-7.183211477179276550e-01
6.048744603207235893e-02	1.179777446546052544e-01	2.994000000000000133e-02
9.679999999999999369e-03	6.647354929070723450e-01	-1.513093647203947456e-01
3.899825246710526133e-02	1.982000000000000081e-02	-7.268660695929276550e-01
7.879799290707235893e-02	1.160246196546052544e-01	2.996000000000000052e-02
9.700000000000000289e-03	6.549698679070723450e-01	-1.483796772203947456e-01
3.789961965460526133e-02	1.984000000000000000e-02	-7.097762258429276550e-01
6.903236790707235893e-02	1.159025493421052544e-01	2.997999999999999970e-02
9.719999999999999474e-03	6.574112741570723450e-01	-1.498445209703947456e-01
3.899825246710526133e-02	1.985999999999999918e-02	-7.195418508429276550e-01
8.612221165707235893e-02	1.138273540296052544e-01	2.999999999999999889e-02
9.740000000000000394e-03	6.476456491570723450e-01	-1.467927631578947456e-01
3.789961965460526133e-02	1.987999999999999837e-02	-7.024520070929276550e-01
7.635658665707235893e-02	1.137052837171052544e-01	3.002000000000000154e-02
9.759999999999999579e-03	6.488663522820723450e-01	-1.483796772203947456e-01
3.887618215460526133e-02	1.990000000000000102e-02	-7.122176320929276550e-01
9.344643040707235893e-02	1.116300884046052544e-01	3.004000000000000073e-02
9.780000000000000498e-03	6.391007272820723450e-01	-1.452058490953947456e-01
3.777754934210526133e-02	1.992000000000000021e-02	-6.951277883429276550e-01
8.368080540707235893e-02	1.117521587171052544e-01	3.005999999999999991e-02
9.799999999999999684e-03	6.415421335320723450e-01	-1.469148334703947456e-01
3.875411184210526133e-02	1.993999999999999939e-02	-7.036727102179276550e-01
1.007706491570723589e-01	1.096769634046052544e-01	3.007999999999999910e-02
9.820000000000000603e-03	6.317765085320723450e-01	-1.436189350328947456e-01
3.765547902960526133e-02	1.995999999999999858e-02	-6.865828664679276550e-01
9.222572728207235893e-02	1.096769634046052544e-01	3.009999999999999828e-02
9.839999999999999789e-03	6.342179147820723450e-01	-1.453279194078947456e-01
3.887618215460526133e-02	1.998000000000000123e-02	-6.963484914679276550e-01
1.093155710320723589e-01	1.076017680921052544e-01	3.012000000000000094e-02
9.860000000000000708e-03	6.244522897820723450e-01	-1.419099506578947456e-01
3.765547902960526133e-02	2.000000000000000042e-02	-6.792586477179276550e-01
9.954994603207235893e-02	1.076017680921052544e-01	3.014000000000000012e-02
9.879999999999999893e-03	6.256729929070723450e-01	-1.436189350328947456e-01
3.899825246710526133e-02	2.001999999999999960e-02	-6.890242727179276550e-01
1.166397897820723589e-01	1.056486430921052544e-01	3.015999999999999931e-02
9.900000000000000813e-03	6.171280710320723450e-01	-1.399568256578947456e-01
3.765547902960526133e-02	2.003999999999999879e-02	-6.719344289679276550e-01
1.068741647820723589e-01	1.055265727796052544e-01	3.017999999999999849e-02
9.919999999999999998e-03	6.183487741570723450e-01	-1.419099506578947456e-01
3.912032277960526133e-02	2.006000000000000144e-02	-6.817000539679276550e-01
1.239640085320723589e-01	1.035734477796052544e-01	3.020000000000000115e-02
9.939999999999999183e-03	6.098038522820723450e-01	-1.378816303453947456e-01
3.789961965460526133e-02	2.008000000000000063e-02	-6.646102102179276550e-01
1.154190866570723589e-01	1.035734477796052544e-01	3.022000000000000033e-02
9.960000000000000103e-03	6.110245554070723450e-01	-1.399568256578947456e-01
3.924239309210526133e-02	2.009999999999999981e-02	-6.731551320929276550e-01
1.325089304070723450e-01	1.016203227796052544e-01	3.023999999999999952e-02
9.979999999999999288e-03	6.012589304070723450e-01	-1.359285053453947456e-01
3.814376027960526133e-02	2.011999999999999900e-02	-6.560652883429276550e-01
1.227433054070723589e-01	1.016203227796052544e-01	3.025999999999999870e-02
1.000000000000000021e-02	6.024796335320723450e-01	-1.380037006578947456e-01
3.948653371710526133e-02	2.014000000000000165e-02	-6.658309133429276550e-01
1.398331491570723450e-01	9.978926809210525439e-02	3.028000000000000136e-02
1.001999999999999939e-02	5.939347116570723450e-01	-1.339753803453947456e-01
3.826583059210526133e-02	2.016000000000000084e-02	-6.499617727179276550e-01
1.300675241570723450e-01	9.966719777960525439e-02	3.030000000000000054e-02
1.004000000000000031e-02	5.951554147820723450e-01	-1.358064350328947456e-01
3.973067434210526133e-02	2.018000000000000002e-02	-6.585066945929276550e-01
1.471573679070723450e-01	9.783614309210525439e-02	3.031999999999999973e-02
1.005999999999999950e-02	5.866104929070723450e-01	-1.320222553453947456e-01
3.850997121710526133e-02	2.019999999999999921e-02	-6.414168508429276550e-01
1.373917429070723450e-01	9.783614309210525439e-02	3.033999999999999891e-02
1.008000000000000042e-02	5.878311960320723450e-01	-1.339753803453947456e-01
3.985274465460526133e-02	2.021999999999999839e-02	-6.511824758429276550e-01
1.544815866570723450e-01	9.600508840460525439e-02	3.036000000000000157e-02
1.009999999999999960e-02	5.780655710320723450e-01	-1.299470600328947456e-01
3.875411184210526133e-02	2.024000000000000105e-02	-6.340926320929276550e-01
1.459366647820723450e-01	9.600508840460525439e-02	3.038000000000000075e-02
1.012000000000000052e-02	5.805069772820723450e-01	-1.320222553453947456e-01
4.021895559210526133e-02	2.026000000000000023e-02	-6.438582570929276550e-01
0.000000000000000000e+00	1.629694888466282632e-01	4.495488217002466813e-01
-2.108515689247533187e-01	1.013999999999999971e-02	5.706843325966283187e-01
-2.264348080283717368e-01	1.565800717002466813e-01	2.027999999999999942e-02
2.000000000000000164e-05	1.532038638466282632e-01	4.507695248252466813e-01
-2.108515689247533187e-01	1.016000000000000063e-02	5.719050357216283187e-01
-2.264348080283717368e-01	1.712285092002466813e-01	2.029999999999999860e-02
4.000000000000000327e-05	1.690730044716282632e-01	4.434453060752466813e-01
-2.084101626747533187e-01	1.017999999999999981e-02	5.633601138466283187e-01
-2.252141049033717368e-01	1.626835873252466813e-01	2.032000000000000126e-02
6.000000000000000152e-05	1.605280825966282632e-01	4.446660092002466813e-01
-2.169550845497533187e-01	1.020000000000000073e-02	5.645808169716283187e-01
-2.337590267783717368e-01	1.773320248252466813e-01	2.034000000000000044e-02
8.000000000000000654e-05	1.763972232216282632e-01	4.349003842002466813e-01
-2.145136782997533187e-01	1.021999999999999992e-02	5.560358950966283187e-01
-2.325383236533717368e-01	1.687871029502466813e-01	2.035999999999999963e-02
1.000000000000000048e-04	1.678523013466282632e-01	4.373417904502466813e-01
-2.230586001747533187e-01	1.024000000000000084e-02	5.572565982216283187e-01
-2.423039486533717368e-01	1.846562435752466813e-01	2.037999999999999881e-02
1.200000000000000030e-04	1.837214419716282632e-01	4.287968685752466813e-01
-2.206171939247533187e-01	1.026000000000000002e-02	5.474909732216283187e-01
-2.398625424033717368e-01	1.761113217002466813e-01	2.040000000000000147e-02
1.399999999999999877e-04	1.751765200966282632e-01	4.312382748252466813e-01
-2.291621157997533187e-01	1.027999999999999921e-02	5.487116763466283187e-01
-2.496281674033717368e-01	1.907597592002466813e-01	2.042000000000000065e-02
1.600000000000000131e-04	1.910456607216282632e-01	4.226933529502466813e-01
-2.279414126747533187e-01	1.030000000000000013e-02	5.401667544716283187e-01
-2.484074642783717368e-01	1.822148373252466813e-01	2.043999999999999984e-02
1.800000000000000113e-04	1.825007388466282632e-01	4.251347592002466813e-01
-2.352656314247533187e-01	1.031999999999999931e-02	5.413874575966283187e-01
-2.569523861533717368e-01	1.968632748252466813e-01	2.045999999999999902e-02
2.000000000000000096e-04	1.995905825966282632e-01	4.165898373252466813e-01
-2.340449282997533187e-01	1.034000000000000023e-02	5.328425357216283187e-01
-2.557316830283717368e-01	1.883183529502466813e-01	2.048000000000000168e-02
2.200000000000000078e-04	1.898249575966282632e-01	4.178105404502466813e-01
-2.413691470497533187e-01	1.035999999999999942e-02	5.340632388466283187e-01
-2.642766049033717368e-01	2.029667904502466813e-01	2.050000000000000086e-02
2.400000000000000061e-04	2.069148013466282632e-01	4.092656185752466813e-01
-2.401484439247533187e-01	1.038000000000000034e-02	5.255183169716283187e-01
-2.630559017783717368e-01	1.944218685752466813e-01	2.052000000000000005e-02
2.599999999999999772e-04	1.983698794716282632e-01	4.117070248252466813e-01
-2.474726626747533187e-01	1.039999999999999952e-02	5.267390200966283187e-01
-2.728215267783717368e-01	2.090703060752466813e-01	2.053999999999999923e-02
2.799999999999999755e-04	2.154597232216282632e-01	4.031621029502466813e-01
-2.450312564247533187e-01	1.042000000000000044e-02	5.169733950966283187e-01
-2.703801205283717368e-01	2.017460873252466813e-01	2.055999999999999842e-02
2.999999999999999737e-04	2.056940982216282632e-01	4.043828060752466813e-01
-2.535761782997533187e-01	1.043999999999999963e-02	5.194148013466283187e-01
-2.801457455283717368e-01	2.163945248252466813e-01	2.058000000000000107e-02
3.200000000000000262e-04	2.227839419716282632e-01	3.970585873252466813e-01
-2.511347720497533187e-01	1.046000000000000055e-02	5.096491763466283187e-01
-2.777043392783717368e-01	2.078496029502466813e-01	2.060000000000000026e-02
3.400000000000000244e-04	2.130183169716282632e-01	3.982792904502466813e-01
-2.596796939247533187e-01	1.047999999999999973e-02	5.108698794716283187e-01
-2.886906674033717368e-01	2.212773373252466813e-01	2.061999999999999944e-02
3.600000000000000227e-04	2.301081607216282632e-01	3.909550717002466813e-01
-2.584589907997533187e-01	1.050000000000000065e-02	5.023249575966283187e-01
-2.862492611533717368e-01	2.139531185752466813e-01	2.063999999999999863e-02
3.800000000000000209e-04	2.215632388466282632e-01	3.921757748252466813e-01
-2.657832095497533187e-01	1.051999999999999984e-02	5.035456607216283187e-01
-2.960148861533717368e-01	2.286015560752466813e-01	2.066000000000000128e-02
4.000000000000000192e-04	2.374323794716282632e-01	3.836308529502466813e-01
-2.633418032997533187e-01	1.054000000000000076e-02	4.937800357216282632e-01
-2.947941830283717368e-01	2.200566342002466813e-01	2.068000000000000047e-02
4.200000000000000174e-04	2.288874575966282632e-01	3.860722592002466813e-01
-2.718867251747533187e-01	1.055999999999999994e-02	4.962214419716282632e-01
-3.033391049033717368e-01	2.347050717002466813e-01	2.069999999999999965e-02
4.400000000000000157e-04	2.459773013466282632e-01	3.763066342002466813e-01
-2.694453189247533187e-01	1.058000000000000086e-02	4.864558169716282632e-01
-3.021184017783717368e-01	2.261601498252466813e-01	2.071999999999999884e-02
4.600000000000000139e-04	2.362116763466282632e-01	3.787480404502466813e-01
-2.779902407997533187e-01	1.060000000000000005e-02	4.876765200966282632e-01
-3.106633236533717368e-01	2.408085873252466813e-01	2.074000000000000149e-02
4.800000000000000122e-04	2.533015200966282632e-01	3.702031185752466813e-01
-2.755488345497533187e-01	1.061999999999999923e-02	4.791315982216282632e-01
-3.094426205283717368e-01	2.322636654502466813e-01	2.076000000000000068e-02
5.000000000000000104e-04	2.447565982216282632e-01	3.726445248252466813e-01
-2.840937564247533187e-01	1.064000000000000015e-02	4.803523013466282632e-01
-3.192082455283717368e-01	2.469121029502466813e-01	2.077999999999999986e-02
5.199999999999999544e-04	2.606257388466282632e-01	3.640996029502466813e-01
-2.816523501747533187e-01	1.065999999999999934e-02	4.718073794716282632e-01
-3.167668392783717368e-01	2.383671810752466813e-01	2.079999999999999905e-02
5.400000000000000069e-04	2.520808169716282632e-01	3.653203060752466813e-01
-2.889765689247533187e-01	1.068000000000000026e-02	4.730280825966282632e-01
-3.265324642783717368e-01	2.542363217002466813e-01	2.082000000000000170e-02
5.599999999999999509e-04	2.679499575966282632e-01	3.579960873252466813e-01
-2.877558657997533187e-01	1.069999999999999944e-02	4.632624575966282632e-01
-3.240910580283717368e-01	2.456913998252466813e-01	2.084000000000000088e-02
5.800000000000000034e-04	2.594050357216282632e-01	3.592167904502466813e-01
-2.950800845497533187e-01	1.072000000000000036e-02	4.644831607216282632e-01
-3.338566830283717368e-01	2.591191342002466813e-01	2.086000000000000007e-02
5.999999999999999474e-04	2.764948794716282632e-01	3.506718685752466813e-01
-2.938593814247533187e-01	1.073999999999999955e-02	4.559382388466282632e-01
-3.326359799033717368e-01	2.517949154502466813e-01	2.087999999999999926e-02
6.199999999999999999e-04	2.667292544716282632e-01	3.531132748252466813e-01
-3.011836001747533187e-01	1.076000000000000047e-02	4.571589419716282632e-01
-3.411809017783717368e-01	2.652226498252466813e-01	2.089999999999999844e-02
6.400000000000000524e-04	2.838190982216282632e-01	3.445683529502466813e-01
-2.999628970497533187e-01	1.077999999999999965e-02	4.486140200966282632e-01
-3.399601986533717368e-01	2.566777279502466813e-01	2.092000000000000109e-02
6.599999999999999964e-04	2.752741763466282632e-01	3.457890560752466813e-01
-3.085078189247533187e-01	1.080000000000000057e-02	4.498347232216282632e-01
-3.485051205283717368e-01	2.725468685752466813e-01	2.094000000000000028e-02
6.800000000000000488e-04	2.911433169716282632e-01	3.384648373252466813e-01
-3.060664126747533187e-01	1.081999999999999976e-02	4.400690982216282632e-01
-3.472844174033717368e-01	2.640019467002466813e-01	2.095999999999999946e-02
6.999999999999999929e-04	2.825983950966282632e-01	3.396855404502466813e-01
-3.146113345497533187e-01	1.084000000000000068e-02	4.412898013466282632e-01
-3.570500424033717368e-01	2.786503842002466813e-01	2.097999999999999865e-02
7.200000000000000453e-04	2.996882388466282632e-01	3.323613217002466813e-01
-3.121699282997533187e-01	1.085999999999999986e-02	4.327448794716282632e-01
-3.558293392783717368e-01	2.701054623252466813e-01	2.100000000000000130e-02
7.399999999999999894e-04	2.899226138466282632e-01	3.335820248252466813e-01
-3.207148501747533187e-01	1.088000000000000078e-02	4.351862857216282632e-01
-3.643742611533717368e-01	2.847538998252466813e-01	2.102000000000000049e-02
7.600000000000000418e-04	3.070124575966282632e-01	3.250371029502466813e-01
-3.182734439247533187e-01	1.089999999999999997e-02	4.254206607216282632e-01
-3.643742611533717368e-01	2.762089779502466813e-01	2.103999999999999967e-02
7.799999999999999859e-04	2.984675357216282632e-01	3.262578060752466813e-01
-3.268183657997533187e-01	1.091999999999999915e-02	4.266413638466282632e-01
-3.729191830283717368e-01	2.908574154502466813e-01	2.105999999999999886e-02
8.000000000000000383e-04	3.143366763466282632e-01	3.189335873252466813e-01
-3.243769595497533187e-01	1.094000000000000007e-02	4.168757388466282632e-01
-3.716984799033717368e-01	2.823124935752466813e-01	2.108000000000000151e-02
8.199999999999999824e-04	3.057917544716282632e-01	3.213749935752466813e-01
-3.329218814247533187e-01	1.095999999999999926e-02	4.180964419716282632e-01
-3.802434017783717368e-01	2.969609310752466813e-01	2.110000000000000070e-02
8.400000000000000348e-04	3.228815982216282632e-01	3.116093685752466813e-01
-3.292597720497533187e-01	1.098000000000000018e-02	4.095515200966282632e-01
-3.790226986533717368e-01	2.884160092002466813e-01	2.111999999999999988e-02
8.599999999999999789e-04	3.131159732216282632e-01	3.140507748252466813e-01
-3.390253970497533187e-01	1.099999999999999936e-02	4.107722232216282632e-01
-3.887883236533717368e-01	3.030644467002466813e-01	2.113999999999999907e-02
8.800000000000000313e-04	3.302058169716282632e-01	3.055058529502466813e-01
-3.365839907997533187e-01	1.102000000000000028e-02	4.022273013466282632e-01
-3.863469174033717368e-01	2.957402279502466813e-01	2.116000000000000172e-02
8.999999999999999754e-04	3.216608950966282632e-01	3.067265560752466813e-01
-3.439082095497533187e-01	1.103999999999999947e-02	4.034480044716282632e-01
-3.961125424033717368e-01	3.103886654502466813e-01	2.118000000000000091e-02
9.200000000000000278e-04	3.387507388466282632e-01	2.994023373252466813e-01
-3.426875064247533187e-01	1.106000000000000039e-02	3.936823794716282632e-01
-3.936711361533717368e-01	3.018437435752466813e-01	2.120000000000000009e-02
9.399999999999999719e-04	3.289851138466282632e-01	3.018437435752466813e-01
-3.512324282997533187e-01	1.107999999999999957e-02	3.961237857216282632e-01
-4.034367611533717368e-01	3.164921810752466813e-01	2.121999999999999928e-02
9.600000000000000243e-04	3.460749575966282632e-01	2.920781185752466813e-01
-3.487910220497533187e-01	1.110000000000000049e-02	3.863581607216282632e-01
-4.022160580283717368e-01	3.079472592002466813e-01	2.123999999999999846e-02
9.799999999999999684e-04	3.363093325966282632e-01	2.945195248252466813e-01
-3.573359439247533187e-01	1.111999999999999968e-02	3.887995669716282632e-01
-4.119816830283717368e-01	3.225956967002466813e-01	2.126000000000000112e-02
1.000000000000000021e-03	3.533991763466282632e-01	2.859746029502466813e-01
-3.548945376747533187e-01	1.114000000000000060e-02	3.790339419716282632e-01
-4.095402767783717368e-01	3.140507748252466813e-01	2.128000000000000030e-02
1.020000000000000073e-03	3.448542544716282632e-01	2.884160092002466813e-01
-3.622187564247533187e-01	1.115999999999999978e-02	3.802546450966282632e-01
-4.205266049033717368e-01	3.286992123252466813e-01	2.129999999999999949e-02
1.039999999999999909e-03	3.607233950966282632e-01	2.786503842002466813e-01
-3.609980532997533187e-01	1.118000000000000070e-02	3.717097232216282632e-01
-4.180851986533717368e-01	3.213749935752466813e-01	2.131999999999999867e-02
1.059999999999999961e-03	3.521784732216282632e-01	2.810917904502466813e-01
-3.695429751747533187e-01	1.119999999999999989e-02	3.729304263466282632e-01
-4.266301205283717368e-01	3.348027279502466813e-01	2.134000000000000133e-02
1.080000000000000014e-03	3.692683169716282632e-01	2.725468685752466813e-01
-3.671015689247533187e-01	1.122000000000000081e-02	3.643855044716282632e-01
-4.241887142783717368e-01	3.262578060752466813e-01	2.136000000000000051e-02
1.100000000000000066e-03	3.595026919716282632e-01	2.749882748252466813e-01
-3.756464907997533187e-01	1.123999999999999999e-02	3.643855044716282632e-01
-4.339543392783717368e-01	3.421269467002466813e-01	2.137999999999999970e-02
1.119999999999999902e-03	3.765925357216282632e-01	2.664433529502466813e-01
-3.732050845497533187e-01	1.125999999999999918e-02	3.558405825966282632e-01
-4.327336361533717368e-01	3.335820248252466813e-01	2.139999999999999888e-02
1.139999999999999954e-03	3.680476138466282632e-01	2.676640560752466813e-01
-3.817500064247533187e-01	1.128000000000000010e-02	3.570612857216282632e-01
-4.424992611533717368e-01	3.482304623252466813e-01	2.142000000000000154e-02
1.160000000000000007e-03	3.839167544716282632e-01	2.603398373252466813e-01
-3.793086001747533187e-01	1.129999999999999928e-02	3.485163638466282632e-01
-4.400578549033717368e-01	3.396855404502466813e-01	2.144000000000000072e-02
1.180000000000000059e-03	3.741511294716282632e-01	2.615605404502466813e-01
-3.878535220497533187e-01	1.132000000000000020e-02	3.497370669716282632e-01
-4.498234799033717368e-01	3.543339779502466813e-01	2.145999999999999991e-02
1.199999999999999895e-03	3.924616763466282632e-01	2.542363217002466813e-01
-3.854121157997533187e-01	1.133999999999999939e-02	3.399714419716282632e-01
-4.473820736533717368e-01	3.457890560752466813e-01	2.147999999999999909e-02
1.219999999999999947e-03	3.826960513466282632e-01	2.554570248252466813e-01
-3.939570376747533187e-01	1.136000000000000031e-02	3.411921450966282632e-01
-4.583684017783717368e-01	3.604374935752466813e-01	2.149999999999999828e-02
1.240000000000000000e-03	3.997858950966282632e-01	2.469121029502466813e-01
-3.915156314247533187e-01	1.137999999999999949e-02	3.326472232216282632e-01
-4.559269955283717368e-01	3.518925717002466813e-01	2.152000000000000093e-02
1.260000000000000052e-03	3.912409732216282632e-01	2.493535092002466813e-01
-4.000605532997533187e-01	1.140000000000000041e-02	3.338679263466282632e-01
-4.656926205283717368e-01	3.665410092002466813e-01	2.154000000000000012e-02
1.280000000000000105e-03	4.071101138466282632e-01	2.408085873252466813e-01
-3.976191470497533187e-01	1.141999999999999960e-02	3.241023013466282632e-01
-4.632512142783717368e-01	3.592167904502466813e-01	2.155999999999999930e-02
1.299999999999999940e-03	3.985651919716282632e-01	2.432499935752466813e-01
-4.061640689247533187e-01	1.144000000000000052e-02	3.265437075966282632e-01
-4.730168392783717368e-01	3.726445248252466813e-01	2.157999999999999849e-02
1.319999999999999993e-03	4.144343325966282632e-01	2.334843685752466813e-01
-4.037226626747533187e-01	1.145999999999999970e-02	3.167780825966282632e-01
-4.705754330283717368e-01	3.640996029502466813e-01	2.160000000000000114e-02
1.340000000000000045e-03	4.058894107216282632e-01	2.359257748252466813e-01
-4.122675845497533187e-01	1.148000000000000062e-02	3.192194888466282632e-01
-4.803410580283717368e-01	3.787480404502466813e-01	2.162000000000000033e-02
1.360000000000000098e-03	4.229792544716282632e-01	2.273808529502466813e-01
-4.098261782997533187e-01	1.149999999999999981e-02	3.094538638466282632e-01
-4.791203549033717368e-01	3.714238217002466813e-01	2.163999999999999951e-02
1.379999999999999933e-03	4.132136294716282632e-01	2.298222592002466813e-01
-4.171503970497533187e-01	1.152000000000000073e-02	3.106745669716282632e-01
-4.876652767783717368e-01	3.860722592002466813e-01	2.165999999999999870e-02
1.399999999999999986e-03	4.303034732216282632e-01	2.212773373252466813e-01
-4.159296939247533187e-01	1.153999999999999991e-02	3.009089419716282632e-01
-4.864445736533717368e-01	3.775273373252466813e-01	2.168000000000000135e-02
1.420000000000000038e-03	4.217585513466282632e-01	2.237187435752466813e-01
-4.232539126747533187e-01	1.156000000000000083e-02	3.033503482216282632e-01
-4.962101986533717368e-01	3.921757748252466813e-01	2.170000000000000054e-02
1.440000000000000091e-03	4.376276919716282632e-01	2.151738217002466813e-01
-4.208125064247533187e-01	1.158000000000000002e-02	2.935847232216282632e-01
-4.937687924033717368e-01	3.836308529502466813e-01	2.171999999999999972e-02
1.459999999999999926e-03	4.290827700966282632e-01	2.163945248252466813e-01
-4.293574282997533187e-01	1.159999999999999920e-02	2.960261294716282632e-01
-5.035344174033716813e-01	3.982792904502466813e-01	2.173999999999999891e-02
1.479999999999999979e-03	4.461726138466282632e-01	2.078496029502466813e-01
-4.269160220497533187e-01	1.162000000000000012e-02	2.862605044716282632e-01
-5.010930111533716813e-01	3.897343685752466813e-01	2.176000000000000156e-02
1.500000000000000031e-03	4.364069888466282632e-01	2.102910092002466813e-01
-4.354609439247533187e-01	1.163999999999999931e-02	2.874812075966282632e-01
-5.108586361533716813e-01	4.043828060752466813e-01	2.178000000000000075e-02
1.520000000000000084e-03	4.534968325966282632e-01	2.017460873252466813e-01
-4.330195376747533187e-01	1.166000000000000023e-02	2.789362857216282632e-01
-5.096379330283716813e-01	3.958378842002466813e-01	2.179999999999999993e-02
1.539999999999999919e-03	4.437312075966282632e-01	2.041874935752466813e-01
-4.415644595497533187e-01	1.167999999999999941e-02	2.801569888466282632e-01
-5.194035580283716813e-01	4.104863217002466813e-01	2.181999999999999912e-02
1.559999999999999972e-03	4.608210513466282632e-01	1.944218685752466813e-01
-4.391230532997533187e-01	1.170000000000000033e-02	2.703913638466282632e-01
-5.169621517783716813e-01	4.019413998252466813e-01	2.183999999999999830e-02
1.580000000000000024e-03	4.522761294716282632e-01	1.968632748252466813e-01
-4.464472720497533187e-01	1.171999999999999952e-02	2.728327700966282632e-01
-5.267277767783716813e-01	4.165898373252466813e-01	2.186000000000000096e-02
1.600000000000000077e-03	4.681452700966282632e-01	1.895390560752466813e-01
-4.452265689247533187e-01	1.174000000000000044e-02	2.630671450966282632e-01
-5.255070736533716813e-01	4.080449154502466813e-01	2.188000000000000014e-02
1.619999999999999912e-03	4.608210513466282632e-01	1.919804623252466813e-01
-4.537714907997533187e-01	1.175999999999999962e-02	2.655085513466282632e-01
-5.352726986533716813e-01	4.226933529502466813e-01	2.189999999999999933e-02
1.639999999999999965e-03	4.766901919716282632e-01	1.822148373252466813e-01
-4.513300845497533187e-01	1.178000000000000054e-02	2.557429263466282632e-01
-5.328312924033716813e-01	4.141484310752466813e-01	2.191999999999999851e-02
1.660000000000000017e-03	4.669245669716282632e-01	1.846562435752466813e-01
-4.586543032997533187e-01	1.179999999999999973e-02	2.569636294716282632e-01
-5.425969174033716813e-01	4.287968685752466813e-01	2.194000000000000117e-02
1.680000000000000070e-03	4.852351138466282632e-01	1.761113217002466813e-01
-4.574336001747533187e-01	1.182000000000000065e-02	2.471980044716282632e-01
-5.401555111533716813e-01	4.214726498252466813e-01	2.196000000000000035e-02
1.699999999999999905e-03	4.754694888466282632e-01	1.785527279502466813e-01
-4.647578189247533187e-01	1.183999999999999983e-02	2.496394107216282632e-01
-5.499211361533716813e-01	4.349003842002466813e-01	2.197999999999999954e-02
1.719999999999999958e-03	4.925593325966282632e-01	1.700078060752466813e-01
-4.623164126747533187e-01	1.186000000000000075e-02	2.398737857216282632e-01
-5.487004330283716813e-01	4.263554623252466813e-01	2.199999999999999872e-02
1.740000000000000010e-03	4.827937075966282632e-01	1.712285092002466813e-01
-4.708613345497533187e-01	1.187999999999999994e-02	2.410944888466282632e-01
-5.572453549033716813e-01	4.410038998252466813e-01	2.202000000000000138e-02
1.760000000000000063e-03	4.998835513466282632e-01	1.639042904502466813e-01
-4.684199282997533187e-01	1.190000000000000085e-02	2.325495669716282632e-01
-5.560246517783716813e-01	4.336796810752466813e-01	2.204000000000000056e-02
1.779999999999999898e-03	4.913386294716282632e-01	1.651249935752466813e-01
-4.769648501747533187e-01	1.192000000000000004e-02	2.337702700966282632e-01
-5.657902767783716813e-01	4.471074154502466813e-01	2.205999999999999975e-02
1.799999999999999951e-03	5.084284732216283187e-01	1.565800717002466813e-01
-4.745234439247533187e-01	1.193999999999999923e-02	2.252253482216282632e-01
-5.645695736533716813e-01	4.385624935752466813e-01	2.207999999999999893e-02
1.820000000000000003e-03	4.986628482216282632e-01	1.578007748252466813e-01
-4.830683657997533187e-01	1.196000000000000014e-02	2.264460513466282632e-01
-5.731144955283716813e-01	4.532109310752466813e-01	2.210000000000000159e-02
1.840000000000000056e-03	5.157526919716283187e-01	1.504765560752467091e-01
-4.806269595497533187e-01	1.197999999999999933e-02	2.166804263466282632e-01
-5.718937924033716813e-01	4.446660092002466813e-01	2.212000000000000077e-02
1.860000000000000108e-03	5.059870669716283187e-01	1.516972592002467091e-01
-4.891718814247533187e-01	1.200000000000000025e-02	2.191218325966282632e-01
-5.804387142783716813e-01	4.593144467002466813e-01	2.213999999999999996e-02
1.879999999999999944e-03	5.230769107216283187e-01	1.431523373252467091e-01
-4.867304751747533187e-01	1.201999999999999943e-02	2.093562075966282632e-01
-5.792180111533716813e-01	4.507695248252466813e-01	2.215999999999999914e-02
1.899999999999999996e-03	5.133112857216283187e-01	1.455937435752467091e-01
-4.952753970497533187e-01	1.204000000000000035e-02	2.105769107216282632e-01
-5.889836361533716813e-01	4.666386654502466813e-01	2.217999999999999833e-02
1.920000000000000049e-03	5.316218325966283187e-01	1.370488217002467091e-01
-4.928339907997533187e-01	1.205999999999999954e-02	2.020319888466282632e-01
-5.865422299033716813e-01	4.568730404502466813e-01	2.220000000000000098e-02
1.940000000000000101e-03	5.218562075966283187e-01	1.382695248252467091e-01
-5.013789126747533187e-01	1.208000000000000046e-02	2.032526919716282632e-01
-5.963078549033716813e-01	4.727421810752466813e-01	2.222000000000000017e-02
1.959999999999999937e-03	5.389460513466283187e-01	1.309453060752467091e-01
-4.989375064247533187e-01	1.209999999999999964e-02	1.934870669716282632e-01
-5.950871517783716813e-01	4.641972592002466813e-01	2.223999999999999935e-02
1.979999999999999989e-03	5.291804263466283187e-01	1.321660092002467091e-01
-5.074824282997533187e-01	1.212000000000000056e-02	1.959284732216282632e-01
-6.036320736533716813e-01	4.776249935752466813e-01	2.225999999999999854e-02
2.000000000000000042e-03	5.462702700966283187e-01	1.260624935752467091e-01
-5.050410220497533187e-01	1.213999999999999975e-02	1.861628482216282632e-01
-6.024113705283716813e-01	4.703007748252466813e-01	2.228000000000000119e-02
2.020000000000000094e-03	5.365046450966283187e-01	1.285038998252467091e-01
-5.123652407997533187e-01	1.216000000000000067e-02	1.873835513466282632e-01
-6.109562924033716813e-01	4.849492123252466813e-01	2.230000000000000038e-02
2.040000000000000147e-03	5.548151919716283187e-01	1.199589779502467091e-01
-5.111445376747533187e-01	1.217999999999999985e-02	1.788386294716282632e-01
-6.097355892783716813e-01	4.751835873252466813e-01	2.231999999999999956e-02
2.060000000000000199e-03	5.450495669716283187e-01	1.211796810752467091e-01
-5.184687564247533187e-01	1.220000000000000077e-02	1.800593325966282632e-01
-6.195012142783716813e-01	4.898320248252466813e-01	2.233999999999999875e-02
2.079999999999999818e-03	5.609187075966283187e-01	1.126347592002467091e-01
-5.172480532997533187e-01	1.221999999999999996e-02	1.702937075966282632e-01
-6.182805111533716813e-01	4.825078060752466813e-01	2.236000000000000140e-02
2.099999999999999870e-03	5.523737857216283187e-01	1.150761654502467091e-01
-5.245722720497533187e-01	1.223999999999999914e-02	1.727351138466282632e-01
-6.280461361533717923e-01	4.971562435752466813e-01	2.238000000000000059e-02
2.119999999999999923e-03	5.694636294716283187e-01	1.065312435752467091e-01
-5.221308657997533187e-01	1.226000000000000006e-02	1.641901919716282632e-01
-6.256047299033717923e-01	4.886113217002466813e-01	2.239999999999999977e-02
2.139999999999999975e-03	5.596980044716283187e-01	1.089726498252467091e-01
-5.306757876747533187e-01	1.227999999999999925e-02	1.666315982216282632e-01
-6.341496517783717923e-01	5.032597592002466813e-01	2.241999999999999896e-02
2.160000000000000028e-03	5.767878482216283187e-01	1.004277279502467091e-01
-5.282343814247533187e-01	1.230000000000000017e-02	1.568659732216282632e-01
-6.329289486533717923e-01	4.947148373252466813e-01	2.244000000000000161e-02
2.180000000000000080e-03	5.670222232216283187e-01	1.028691342002467091e-01
-5.367793032997533187e-01	1.231999999999999935e-02	1.580866763466282632e-01
-6.426945736533717923e-01	5.093632748252466813e-01	2.246000000000000080e-02
2.200000000000000133e-03	5.841120669716283187e-01	9.432421232524670907e-02
-5.343378970497533187e-01	1.234000000000000027e-02	1.495417544716282632e-01
-6.402531674033717923e-01	5.008183529502466813e-01	2.247999999999999998e-02
2.220000000000000185e-03	5.755671450966283187e-01	9.554491545024670907e-02
-5.428828189247533187e-01	1.235999999999999946e-02	1.507624575966282632e-01
-6.500187924033717923e-01	5.154667904502466813e-01	2.249999999999999917e-02
2.239999999999999804e-03	5.926569888466283187e-01	8.822069670024670907e-02
-5.404414126747533187e-01	1.238000000000000038e-02	1.409968325966282632e-01
-6.475773861533717923e-01	5.069218685752466813e-01	2.251999999999999835e-02
2.259999999999999856e-03	5.828913638466283187e-01	8.944139982524670907e-02
-5.489863345497533187e-01	1.239999999999999956e-02	1.422175357216282632e-01
-6.573430111533717923e-01	5.215703060752466813e-01	2.254000000000000101e-02
2.279999999999999909e-03	5.999812075966283187e-01	8.089647795024670907e-02
-5.465449282997533187e-01	1.242000000000000048e-02	1.324519107216282632e-01
-6.561223080283717923e-01	5.130253842002466813e-01	2.256000000000000019e-02
2.299999999999999961e-03	5.902155825966283187e-01	8.333788420024670907e-02
-5.550898501747533187e-01	1.243999999999999967e-02	1.348933169716282632e-01
-6.658879330283717923e-01	5.276738217002466813e-01	2.257999999999999938e-02
2.320000000000000014e-03	6.073054263466283187e-01	7.479296232524670907e-02
-5.514277407997533187e-01	1.246000000000000059e-02	1.263483950966282632e-01
-6.634465267783717923e-01	5.191288998252466813e-01	2.259999999999999856e-02
2.340000000000000066e-03	5.987605044716283187e-01	7.723436857524670907e-02
-5.599726626747533187e-01	1.247999999999999977e-02	1.275690982216282632e-01
-6.732121517783717923e-01	5.337773373252466813e-01	2.262000000000000122e-02
2.360000000000000119e-03	6.158503482216283187e-01	6.868944670024670907e-02
-5.575312564247533187e-01	1.250000000000000069e-02	1.178034732216282771e-01
-6.707707455283717923e-01	5.252324154502466813e-01	2.264000000000000040e-02
2.380000000000000171e-03	6.060847232216283187e-01	7.113085295024670907e-02
-5.660761782997533187e-01	1.251999999999999988e-02	1.202448794716282771e-01
-6.817570736533717923e-01	5.398808529502466813e-01	2.265999999999999959e-02
2.399999999999999790e-03	6.231745669716283187e-01	6.258593107524670907e-02
-5.636347720497533187e-01	1.254000000000000080e-02	1.104792544716282771e-01
-6.793156674033717923e-01	5.313359310752466813e-01	2.267999999999999877e-02
2.419999999999999842e-03	6.134089419716283187e-01	6.380663420024670907e-02
-5.721796939247533187e-01	1.255999999999999998e-02	1.116999575966282771e-01
-6.890812924033717923e-01	5.459843685752466813e-01	2.270000000000000143e-02
2.439999999999999895e-03	6.304987857216282077e-01	5.648241545024670907e-02
-5.697382876747533187e-01	1.257999999999999917e-02	1.031550357216282771e-01
-6.866398861533717923e-01	5.374394467002466813e-01	2.272000000000000061e-02
2.459999999999999947e-03	6.207331607216283187e-01	5.892382170024670907e-02
-5.782832095497533187e-01	1.260000000000000009e-02	1.043757388466282771e-01
-6.964055111533717923e-01	5.520878842002466813e-01	2.273999999999999980e-02
2.480000000000000000e-03	6.390437075966282077e-01	5.037889982524670907e-02
-5.770625064247533187e-01	1.261999999999999927e-02	9.461011384662827706e-02
-6.951848080283717923e-01	5.435429623252466813e-01	2.275999999999999898e-02
2.500000000000000052e-03	6.292780825966282077e-01	5.159960295024670907e-02
-5.843867251747533187e-01	1.264000000000000019e-02	9.705152009662827706e-02
-7.037297299033717923e-01	5.581913998252466813e-01	2.278000000000000164e-02
2.520000000000000104e-03	6.463679263466282077e-01	4.305468107524670907e-02
-5.819453189247533187e-01	1.265999999999999938e-02	8.728589509662827706e-02
-7.025090267783717923e-01	5.496464779502466813e-01	2.280000000000000082e-02
2.540000000000000157e-03	6.366023013466282077e-01	4.549608732524670907e-02
-5.892695376747533187e-01	1.268000000000000030e-02	8.972730134662827706e-02
-7.122746517783717923e-01	5.642949154502466813e-01	2.282000000000000001e-02
2.560000000000000209e-03	6.536921450966282077e-01	3.695116545024670907e-02
-5.868281314247533187e-01	1.269999999999999948e-02	7.996167634662827706e-02
-7.098332455283717923e-01	5.557499935752466813e-01	2.283999999999999919e-02
2.579999999999999828e-03	6.451472232216282077e-01	3.939257170024670907e-02
-5.965937564247533187e-01	1.272000000000000040e-02	8.118237947162827706e-02
-7.195988705283717923e-01	5.703984310752466813e-01	2.285999999999999838e-02
2.599999999999999881e-03	6.622370669716282077e-01	3.084764982524671253e-02
-5.941523501747533187e-01	1.273999999999999959e-02	7.141675447162827706e-02
-7.183781674033717923e-01	5.618535092002466813e-01	2.288000000000000103e-02
2.619999999999999933e-03	6.524714419716282077e-01	3.328905607524670907e-02
-6.014765689247533187e-01	1.276000000000000051e-02	7.385816072162827706e-02
-7.269230892783717923e-01	5.765019467002466813e-01	2.290000000000000022e-02
2.639999999999999986e-03	6.695612857216282077e-01	2.474413420024671253e-02
-5.990351626747533187e-01	1.277999999999999969e-02	6.409253572162827706e-02
-7.257023861533717923e-01	5.679570248252466813e-01	2.291999999999999940e-02
2.660000000000000038e-03	6.597956607216282077e-01	2.718554045024671253e-02
-6.075800845497533187e-01	1.280000000000000061e-02	6.531323884662827706e-02
-7.354680111533717923e-01	5.826054623252466813e-01	2.293999999999999859e-02
2.680000000000000090e-03	6.768855044716282077e-01	1.864061857524671253e-02
-6.051386782997533187e-01	1.281999999999999980e-02	5.676831697162827706e-02
-7.330266049033717923e-01	5.740605404502466813e-01	2.296000000000000124e-02
2.700000000000000143e-03	6.683405825966282077e-01	1.986132170024671253e-02
-6.136836001747533187e-01	1.284000000000000072e-02	5.798902009662827706e-02
-7.415715267783717923e-01	5.874882748252466813e-01	2.298000000000000043e-02
2.720000000000000195e-03	6.842097232216282077e-01	1.253710295024671253e-02
-6.112421939247533187e-01	1.285999999999999990e-02	4.822339509662827706e-02
-7.403508236533717923e-01	5.801640560752466813e-01	2.299999999999999961e-02
2.739999999999999814e-03	6.744440982216282077e-01	1.375780607524671253e-02
-6.197871157997533187e-01	1.288000000000000082e-02	5.066480134662827706e-02
-7.501164486533717923e-01	5.948124935752466813e-01	2.301999999999999880e-02
2.759999999999999867e-03	6.927546450966282077e-01	6.433587325246712535e-03
-6.173457095497533187e-01	1.290000000000000001e-02	4.089917634662827706e-02
-7.488957455283717923e-01	5.862675717002466813e-01	2.304000000000000145e-02
2.779999999999999919e-03	6.829890200966282077e-01	7.654290450246712535e-03
-6.258906314247532077e-01	1.291999999999999919e-02	4.211987947162827706e-02
-7.574406674033717923e-01	6.009160092002466813e-01	2.306000000000000064e-02
2.799999999999999972e-03	7.000788638466282077e-01	-8.906314247532874651e-04
-6.234492251747533187e-01	1.294000000000000011e-02	3.235425447162827706e-02
-7.562199642783717923e-01	5.923710873252466813e-01	2.307999999999999982e-02
2.820000000000000024e-03	6.903132388466282077e-01	1.550774825246712535e-03
-6.307734439247532077e-01	1.295999999999999930e-02	3.479566072162827706e-02
-7.647648861533717923e-01	6.070195248252466813e-01	2.309999999999999901e-02
2.840000000000000076e-03	7.074030825966282077e-01	-6.994147049753287465e-03
-6.283320376747532077e-01	1.298000000000000022e-02	2.503003572162827706e-02
-7.635441830283717923e-01	5.984746029502466813e-01	2.312000000000000166e-02
2.860000000000000129e-03	6.988581607216282077e-01	-4.552740799753287465e-03
-6.368769595497532077e-01	1.299999999999999940e-02	2.747144197162827706e-02
-7.733098080283717923e-01	6.131230404502466813e-01	2.314000000000000085e-02
2.880000000000000181e-03	7.159480044716282077e-01	-1.309766267475328747e-02
-6.344355532997532077e-01	1.302000000000000032e-02	1.770581697162827706e-02
-7.708684017783717923e-01	6.045781185752466813e-01	2.316000000000000003e-02
2.899999999999999800e-03	7.061823794716282077e-01	-1.065625642475328747e-02
-6.429804751747532077e-01	1.303999999999999951e-02	1.892652009662827706e-02
-7.806340267783717923e-01	6.192265560752466813e-01	2.317999999999999922e-02
2.919999999999999853e-03	7.232722232216282077e-01	-1.920117829975328747e-02
-6.405390689247532077e-01	1.306000000000000043e-02	1.038159822162827706e-02
-7.794133236533717923e-01	6.106816342002466813e-01	2.319999999999999840e-02
2.939999999999999905e-03	7.135065982216282077e-01	-1.675977204975328747e-02
-6.490839907997532077e-01	1.307999999999999961e-02	1.160230134662827706e-02
-7.891789486533717923e-01	6.253300717002467923e-01	2.322000000000000106e-02
2.959999999999999958e-03	7.305964419716282077e-01	-2.530469392475328747e-02
-6.466425845497532077e-01	1.310000000000000053e-02	1.836676346628277057e-03
-7.867375424033717923e-01	6.167851498252466813e-01	2.324000000000000024e-02
2.980000000000000010e-03	7.208308169716282077e-01	-2.408399079975328747e-02
-6.539668032997532077e-01	1.311999999999999972e-02	4.278082596628277057e-03
-7.952824642783717923e-01	6.314335873252467923e-01	2.325999999999999943e-02
3.000000000000000062e-03	7.391413638466282077e-01	-3.140820954975329093e-02
-6.515253970497532077e-01	1.314000000000000064e-02	-5.487542403371722943e-03
-7.940617611533717923e-01	6.228886654502466813e-01	2.327999999999999861e-02
3.020000000000000115e-03	7.293757388466282077e-01	-3.018750642475328747e-02
-6.600703189247532077e-01	1.315999999999999982e-02	-3.046136153371722943e-03
-8.038273861533717923e-01	6.363163998252467923e-01	2.330000000000000127e-02
3.040000000000000167e-03	7.452448794716282077e-01	-3.873242829975329093e-02
-6.576289126747532077e-01	1.318000000000000074e-02	-1.281176115337172294e-02
-8.026066830283717923e-01	6.289921810752467923e-01	2.332000000000000045e-02
3.059999999999999786e-03	7.366999575966282077e-01	-3.751172517475329093e-02
-6.661738345497532077e-01	1.319999999999999993e-02	-1.159105802837172294e-02
-8.123723080283717923e-01	6.424199154502467923e-01	2.333999999999999964e-02
3.079999999999999839e-03	7.537898013466282077e-01	-4.483594392475329093e-02
-6.637324282997532077e-01	1.322000000000000085e-02	-2.013597990337172294e-02
-8.099309017783717923e-01	6.350956967002467923e-01	2.335999999999999882e-02
3.099999999999999891e-03	7.440241763466282077e-01	-4.239453767475329093e-02
-6.722773501747532077e-01	1.324000000000000003e-02	-1.891527677837172294e-02
-8.196965267783717923e-01	6.497441342002467923e-01	2.338000000000000148e-02
3.119999999999999944e-03	7.611140200966282077e-01	-5.093945954975329093e-02
-6.698359439247532077e-01	1.325999999999999922e-02	-2.868090177837172294e-02
-8.172551205283717923e-01	6.411992123252467923e-01	2.340000000000000066e-02
3.139999999999999996e-03	7.525690982216282077e-01	-4.971875642475329093e-02
-6.771601626747532077e-01	1.328000000000000014e-02	-2.623949552837172294e-02
-8.270207455283717923e-01	6.558476498252467923e-01	2.341999999999999985e-02
3.160000000000000048e-03	7.696589419716282077e-01	-5.704297517475329093e-02
-6.759394595497532077e-01	1.329999999999999932e-02	-3.600512052837172294e-02
-8.258000424033717923e-01	6.473027279502467923e-01	2.343999999999999903e-02
3.180000000000000101e-03	7.598933169716282077e-01	-5.460156892475329093e-02
-6.832636782997532077e-01	1.332000000000000024e-02	-3.356371427837172294e-02
-8.343449642783717923e-01	6.607304623252467923e-01	2.346000000000000169e-02
3.200000000000000153e-03	7.769831607216282077e-01	-6.314649079975329093e-02
-6.808222720497532077e-01	1.333999999999999943e-02	-4.332933927837172294e-02
-8.331242611533717923e-01	6.534062435752467923e-01	2.348000000000000087e-02
3.220000000000000206e-03	7.672175357216282077e-01	-6.192578767475329093e-02
-6.893671939247532077e-01	1.336000000000000035e-02	-4.088793302837172294e-02
-8.428898861533717923e-01	6.668339779502467923e-01	2.350000000000000006e-02
3.239999999999999825e-03	7.855280825966282077e-01	-6.925000642475329093e-02
-6.869257876747532077e-01	1.337999999999999953e-02	-5.187426115337172294e-02
-8.404484799033717923e-01	6.595097592002467923e-01	2.351999999999999924e-02
3.259999999999999877e-03	7.757624575966282077e-01	-6.680860017475329093e-02
-6.942500064247532077e-01	1.340000000000000045e-02	-4.943285490337172294e-02
-8.502141049033717923e-01	6.729374935752467923e-01	2.353999999999999843e-02
3.279999999999999930e-03	7.916315982216282077e-01	-7.657422517475329093e-02
-6.930293032997532077e-01	1.341999999999999964e-02	-5.919847990337172294e-02
-8.489934017783717923e-01	6.643925717002467923e-01	2.356000000000000108e-02
3.299999999999999982e-03	7.830866763466282077e-01	-7.413281892475329093e-02
-7.003535220497532077e-01	1.344000000000000056e-02	-5.675707365337172294e-02
-8.575383236533717923e-01	6.790410092002467923e-01	2.358000000000000027e-02
3.320000000000000034e-03	8.001765200966282077e-01	-8.145703767475329093e-02
-6.979121157997532077e-01	1.345999999999999974e-02	-6.652269865337172294e-02
-8.563176205283717923e-01	6.704960873252467923e-01	2.359999999999999945e-02
3.340000000000000087e-03	7.904108950966282077e-01	-8.023633454975329093e-02
-7.064570376747532077e-01	1.348000000000000066e-02	-6.408129240337172294e-02
-8.660832455283717923e-01	6.851445248252467923e-01	2.361999999999999864e-02
3.360000000000000139e-03	8.075007388466282077e-01	-8.878125642475329093e-02
-7.040156314247532077e-01	1.349999999999999985e-02	-7.384691740337172294e-02
-8.636418392783717923e-01	6.765996029502467923e-01	2.364000000000000129e-02
3.380000000000000192e-03	7.989558169716282077e-01	-8.633985017475329093e-02
-7.125605532997532077e-01	1.352000000000000077e-02	-7.262621427837172294e-02
-8.734074642783717923e-01	6.912480404502467923e-01	2.366000000000000048e-02
3.399999999999999811e-03	8.148249575966282077e-01	-9.488477204975329093e-02
-7.101191470497532077e-01	1.353999999999999995e-02	-8.239183927837172294e-02
-8.709660580283717923e-01	6.827031185752467923e-01	2.367999999999999966e-02
3.419999999999999863e-03	8.062800357216282077e-01	-9.244336579975329093e-02
-7.174433657997532077e-01	1.355999999999999914e-02	-7.995043302837172294e-02
-8.807316830283717923e-01	6.973515560752467923e-01	2.369999999999999885e-02
3.439999999999999915e-03	8.233698794716282077e-01	-1.009882876747532909e-01
-7.162226626747532077e-01	1.358000000000000006e-02	-8.971605802837172294e-02
-8.795109799033717923e-01	6.888066342002467923e-01	2.372000000000000150e-02
3.459999999999999968e-03	8.136042544716282077e-01	-9.854688142475329093e-02
-7.247675845497532077e-01	1.359999999999999924e-02	-8.849535490337172294e-02
-8.892766049033717923e-01	7.034550717002467923e-01	2.374000000000000069e-02
3.480000000000000020e-03	8.306940982216282077e-01	-1.058711001747532909e-01
-7.211054751747532077e-01	1.362000000000000016e-02	-9.704027677837172294e-02
-8.868351986533717923e-01	6.949101498252467923e-01	2.375999999999999987e-02
3.500000000000000073e-03	8.209284732216282077e-01	-1.046503970497532909e-01
-7.296503970497532077e-01	1.363999999999999935e-02	-9.581957365337172294e-02
-8.966008236533717923e-01	7.083378842002467923e-01	2.377999999999999906e-02
3.520000000000000125e-03	8.380183169716282077e-01	-1.131953189247532909e-01
-7.272089907997532077e-01	1.366000000000000027e-02	-1.055851986533717229e-01
-8.941594174033717923e-01	7.010136654502467923e-01	2.380000000000000171e-02
3.540000000000000178e-03	8.294733950966282077e-01	-1.095332095497532909e-01
-7.357539126747532077e-01	1.367999999999999945e-02	-1.031437924033717229e-01
-9.039250424033717923e-01	7.144413998252467923e-01	2.382000000000000089e-02
3.559999999999999797e-03	8.453425357216282077e-01	-1.192988345497532909e-01
-7.333125064247532077e-01	1.370000000000000037e-02	-1.129094174033717229e-01
-9.027043392783717923e-01	7.071171810752467923e-01	2.384000000000000008e-02
3.579999999999999849e-03	8.367976138466282077e-01	-1.168574282997532909e-01
-7.418574282997532077e-01	1.371999999999999956e-02	-1.104680111533717229e-01
-9.112492611533717923e-01	7.217656185752467923e-01	2.385999999999999927e-02
3.599999999999999901e-03	8.538874575966282077e-01	-1.254023501747532909e-01
-7.394160220497532077e-01	1.374000000000000048e-02	-1.202336361533717229e-01
-9.100285580283717923e-01	7.132206967002467923e-01	2.387999999999999845e-02
3.619999999999999954e-03	8.441218325966282077e-01	-1.229609439247532909e-01
-7.479609439247532077e-01	1.375999999999999966e-02	-1.190129330283717229e-01
-9.197941830283717923e-01	7.266484310752467923e-01	2.390000000000000110e-02
3.640000000000000006e-03	8.612116763466282077e-01	-1.315058657997532909e-01
-7.442988345497532077e-01	1.378000000000000058e-02	-1.287785580283717368e-01
-9.173527767783717923e-01	7.193242123252467923e-01	2.392000000000000029e-02
3.660000000000000059e-03	8.514460513466282077e-01	-1.290644595497532909e-01
-7.540644595497532077e-01	1.379999999999999977e-02	-1.275578549033717368e-01
-9.271184017783717923e-01	7.339726498252467923e-01	2.393999999999999947e-02
3.680000000000000111e-03	8.685358950966282077e-01	-1.376093814247532909e-01
-7.504023501747532077e-01	1.382000000000000069e-02	-1.361027767783717368e-01
-9.258976986533717923e-01	7.254277279502467923e-01	2.395999999999999866e-02
3.700000000000000164e-03	8.599909732216282077e-01	-1.351679751747532909e-01
-7.589472720497532077e-01	1.383999999999999987e-02	-1.336613705283717368e-01
-9.344426205283717923e-01	7.388554623252467923e-01	2.398000000000000131e-02
3.720000000000000216e-03	8.770808169716282077e-01	-1.437128970497532909e-01
-7.565058657997532077e-01	1.386000000000000079e-02	-1.434269955283717368e-01
-9.320012142783717923e-01	7.315312435752467923e-01	2.400000000000000050e-02
3.739999999999999835e-03	8.673151919716282077e-01	-1.424921939247532909e-01
-7.650507876747532077e-01	1.387999999999999998e-02	-1.422062924033717368e-01
-9.417668392783717923e-01	7.449589779502467923e-01	2.401999999999999968e-02
3.759999999999999887e-03	8.844050357216282077e-01	-1.498164126747532909e-01
-7.626093814247532077e-01	1.389999999999999916e-02	-1.507512142783717368e-01
-9.405461361533717923e-01	7.376347592002467923e-01	2.403999999999999887e-02
3.779999999999999940e-03	8.746394107216282077e-01	-1.485957095497532909e-01
-7.699336001747532077e-01	1.392000000000000008e-02	-1.495305111533717368e-01
-9.503117611533717923e-01	7.510624935752467923e-01	2.406000000000000152e-02
3.799999999999999992e-03	8.929499575966282077e-01	-1.559199282997532909e-01
-7.687128970497532077e-01	1.393999999999999927e-02	-1.592961361533717368e-01
-9.478703549033717923e-01	7.437382748252467923e-01	2.408000000000000071e-02
3.820000000000000045e-03	8.819636294716282077e-01	-1.546992251747532909e-01
-7.772578189247532077e-01	1.396000000000000019e-02	-1.580754330283717368e-01
-9.576359799033717923e-01	7.571660092002467923e-01	2.409999999999999989e-02
3.840000000000000097e-03	9.002741763466282077e-01	-1.620234439247533187e-01
-7.735957095497532077e-01	1.397999999999999937e-02	-1.666203549033717368e-01
-9.564152767783717923e-01	7.486210873252467923e-01	2.411999999999999908e-02
3.860000000000000150e-03	8.905085513466282077e-01	-1.608027407997533187e-01
-7.809199282997532077e-01	1.400000000000000029e-02	-1.653996517783717368e-01
-9.649601986533717923e-01	7.632695248252467923e-01	2.414000000000000173e-02
3.880000000000000202e-03	9.075983950966282077e-01	-1.693476626747533187e-01
-7.796992251747532077e-01	1.401999999999999948e-02	-1.739445736533717368e-01
-9.625187924033717923e-01	7.547246029502467923e-01	2.416000000000000092e-02
3.899999999999999821e-03	8.978327700966282077e-01	-1.669062564247533187e-01
-7.882441470497532077e-01	1.404000000000000040e-02	-1.727238705283717368e-01
-9.722844174033717923e-01	7.693730404502467923e-01	2.418000000000000010e-02
3.919999999999999873e-03	9.149226138466282077e-01	-1.754511782997533187e-01
-7.858027407997532077e-01	1.405999999999999958e-02	-1.824894955283717368e-01
-9.710637142783717923e-01	7.608281185752467923e-01	2.419999999999999929e-02
3.939999999999999926e-03	9.051569888466282077e-01	-1.730097720497533187e-01
-7.931269595497532077e-01	1.408000000000000050e-02	-1.800480892783717368e-01
-9.796086361533717923e-01	7.754765560752467923e-01	2.421999999999999847e-02
3.959999999999999978e-03	9.234675357216282077e-01	-1.815546939247533187e-01
-7.906855532997532077e-01	1.409999999999999969e-02	-1.898137142783717368e-01
-9.783879330283717923e-01	7.669316342002467923e-01	2.424000000000000113e-02
3.980000000000000031e-03	9.137019107216282077e-01	-1.791132876747533187e-01
-7.992304751747532077e-01	1.412000000000000061e-02	-1.885930111533717368e-01
-9.881535580283717923e-01	7.815800717002467923e-01	2.426000000000000031e-02
4.000000000000000083e-03	9.295710513466282077e-01	-1.876582095497533187e-01
-7.967890689247532077e-01	1.413999999999999979e-02	-1.971379330283717368e-01
-9.857121517783717923e-01	7.730351498252467923e-01	2.427999999999999950e-02
4.020000000000000136e-03	9.210261294716282077e-01	-1.852168032997533187e-01
-8.053339907997532077e-01	1.416000000000000071e-02	-1.959172299033717368e-01
-9.954777767783717923e-01	7.864628842002467923e-01	2.429999999999999868e-02
4.040000000000000188e-03	9.381159732216282077e-01	-1.937617251747533187e-01
-8.028925845497532077e-01	1.417999999999999990e-02	-2.056828549033717368e-01
-9.942570736533717923e-01	7.791386654502467923e-01	2.432000000000000134e-02
4.060000000000000241e-03	9.295710513466282077e-01	-1.913203189247533187e-01
-8.114375064247532077e-01	1.420000000000000082e-02	-2.032414486533717368e-01
-1.002801995528371792e+00	7.925663998252467923e-01	2.434000000000000052e-02
4.080000000000000293e-03	9.454401919716282077e-01	-1.998652407997533187e-01
-8.077753970497532077e-01	1.422000000000000000e-02	-2.130070736533717368e-01
-9.930363705283717923e-01	7.840214779502467923e-01	2.435999999999999971e-02
4.100000000000000346e-03	9.356745669716282077e-01	-1.974238345497533187e-01
-8.163203189247532077e-01	1.423999999999999919e-02	-2.117863705283717368e-01
-1.001581292403371792e+00	7.986699154502467923e-01	2.437999999999999889e-02
4.120000000000000398e-03	9.539851138466282077e-01	-2.059687564247533187e-01
-8.138789126747532077e-01	1.426000000000000011e-02	-2.203312924033717368e-01
-9.857121517783717923e-01	7.901249935752467923e-01	2.440000000000000155e-02
4.139999999999999583e-03	9.442194888466282077e-01	-2.035273501747533187e-01
-8.212031314247532077e-01	1.427999999999999929e-02	-2.191105892783717368e-01
-9.942570736533717923e-01	8.047734310752467923e-01	2.442000000000000073e-02
4.159999999999999636e-03	9.613093325966282077e-01	-2.120722720497533187e-01
-8.199824282997532077e-01	1.430000000000000021e-02	-2.288762142783717368e-01
-9.771672299033717923e-01	7.962285092002467923e-01	2.443999999999999992e-02
4.179999999999999688e-03	9.515437075966282077e-01	-2.108515689247533187e-01
-8.273066470497532077e-01	1.431999999999999940e-02	-2.276555111533717368e-01
-9.869328549033717923e-01	8.108769467002467923e-01	2.445999999999999910e-02
4.199999999999999740e-03	9.686335513466282077e-01	-2.181757876747533187e-01
-8.248652407997532077e-01	1.434000000000000032e-02	-2.362004330283717368e-01
-9.698430111533717923e-01	8.023320248252467923e-01	2.447999999999999829e-02
4.219999999999999793e-03	9.600886294716282077e-01	-2.157343814247533187e-01
-8.321894595497532077e-01	1.435999999999999950e-02	-2.349797299033717368e-01
-9.796086361533717923e-01	8.157597592002467923e-01	2.450000000000000094e-02
4.239999999999999845e-03	9.771784732216282077e-01	-2.242793032997533187e-01
-8.285273501747532077e-01	1.438000000000000042e-02	-2.435246517783717368e-01
-9.625187924033717923e-01	8.096562435752467923e-01	2.452000000000000013e-02
4.259999999999999898e-03	9.674128482216282077e-01	-2.230586001747533187e-01
-8.358515689247532077e-01	1.439999999999999961e-02	-2.423039486533717368e-01
-9.710637142783717923e-01	8.218632748252467923e-01	2.453999999999999931e-02
4.279999999999999950e-03	9.845026919716282077e-01	-2.303828189247533187e-01
-8.309687564247532077e-01	1.442000000000000053e-02	-2.508488705283717368e-01
-9.551945736533717923e-01	8.145390560752467923e-01	2.455999999999999850e-02
4.300000000000000003e-03	9.747370669716282077e-01	-2.291621157997533187e-01
-8.370722720497532077e-01	1.443999999999999971e-02	-2.496281674033717368e-01
-9.637394955283717923e-01	8.279667904502467923e-01	2.458000000000000115e-02
4.320000000000000055e-03	9.918269107216282077e-01	-2.364863345497533187e-01
-8.309687564247532077e-01	1.446000000000000063e-02	-2.593937924033717368e-01
-9.466496517783717923e-01	8.206425717002467923e-01	2.460000000000000034e-02
4.340000000000000108e-03	9.832819888466282077e-01	-2.352656314247533187e-01
-8.370722720497532077e-01	1.447999999999999982e-02	-2.581730892783717368e-01
-9.564152767783717923e-01	8.340703060752467923e-01	2.461999999999999952e-02
4.360000000000000160e-03	1.000371832596628208e+00	-2.425898501747533187e-01
-8.273066470497532077e-01	1.450000000000000074e-02	-2.667180111533717368e-01
-9.393254330283717923e-01	8.267460873252467923e-01	2.463999999999999871e-02
4.380000000000000213e-03	9.906062075966282077e-01	-2.413691470497533187e-01
-8.358515689247532077e-01	1.451999999999999992e-02	-2.654973080283717368e-01
-9.490910580283717923e-01	8.401738217002467923e-01	2.466000000000000136e-02
4.400000000000000265e-03	1.007696051346628208e+00	-2.486933657997533187e-01
-8.224238345497532077e-01	1.454000000000000084e-02	-2.740422299033717368e-01
-9.320012142783717923e-01	8.316288998252467923e-01	2.468000000000000055e-02
4.420000000000000318e-03	9.979304263466282077e-01	-2.474726626747533187e-01
-8.309687564247532077e-01	1.456000000000000003e-02	-2.728215267783717368e-01
-9.417668392783717923e-01	8.462773373252467923e-01	2.469999999999999973e-02
4.440000000000000370e-03	1.015020270096628208e+00	-2.560175845497533187e-01
-8.126582095497532077e-01	1.457999999999999921e-02	-2.825871517783717368e-01
-9.246769955283717923e-01	8.377324154502467923e-01	2.471999999999999892e-02
4.460000000000000422e-03	1.005254645096628208e+00	-2.523554751747533187e-01
-8.224238345497532077e-01	1.460000000000000013e-02	-2.801457455283717368e-01
-9.332219174033717923e-01	8.523808529502467923e-01	2.474000000000000157e-02
4.479999999999999608e-03	1.022344488846628208e+00	-2.621211001747533187e-01
-8.016718814247532077e-01	1.461999999999999932e-02	-2.899113705283717368e-01
-9.173527767783717923e-01	8.438359310752467923e-01	2.476000000000000076e-02
4.499999999999999660e-03	1.012578863846628208e+00	-2.584589907997533187e-01
-8.138789126747532077e-01	1.464000000000000024e-02	-2.874699642783717368e-01
-9.258976986533717923e-01	8.584843685752467923e-01	2.477999999999999994e-02
4.519999999999999712e-03	1.030889410721628208e+00	-2.670039126747533187e-01
-7.882441470497532077e-01	1.465999999999999942e-02	-2.972355892783717368e-01
-9.100285580283717923e-01	8.499394467002467923e-01	2.479999999999999913e-02
4.539999999999999765e-03	1.021123785721628208e+00	-2.645625064247533187e-01
-8.016718814247532077e-01	1.468000000000000034e-02	-2.960148861533717368e-01
-9.185734799033717923e-01	8.633671810752467923e-01	2.481999999999999831e-02
4.559999999999999817e-03	1.038213629471628208e+00	-2.731074282997533187e-01
-7.748164126747532077e-01	1.469999999999999953e-02	-3.057805111533717368e-01
-9.014836361533717923e-01	8.560429623252467923e-01	2.484000000000000097e-02
4.579999999999999870e-03	1.029668707596628208e+00	-2.718867251747533187e-01
-7.882441470497532077e-01	1.472000000000000045e-02	-3.033391049033717368e-01
-9.112492611533717923e-01	8.694706967002467923e-01	2.486000000000000015e-02
4.599999999999999922e-03	1.045537848221628208e+00	-2.792109439247533187e-01
-7.613886782997532077e-01	1.473999999999999963e-02	-3.131047299033717368e-01
-8.953801205283717923e-01	8.621464779502467923e-01	2.487999999999999934e-02
4.619999999999999975e-03	1.036992926346628208e+00	-2.779902407997533187e-01
-7.748164126747532077e-01	1.476000000000000055e-02	-3.118840267783717368e-01
-9.051457455283717923e-01	8.755742123252467923e-01	2.489999999999999852e-02
4.640000000000000027e-03	1.054082770096628208e+00	-2.853144595497533187e-01
-7.479609439247532077e-01	1.477999999999999974e-02	-3.204289486533717368e-01
-8.880559017783717923e-01	8.670292904502467923e-01	2.492000000000000118e-02
4.660000000000000080e-03	1.044317145096628208e+00	-2.828730532997533187e-01
-7.613886782997532077e-01	1.480000000000000066e-02	-3.192082455283717368e-01
-8.966008236533717923e-01	8.816777279502467923e-01	2.494000000000000036e-02
4.680000000000000132e-03	1.061406988846628208e+00	-2.926386782997533187e-01
-7.345332095497532077e-01	1.481999999999999984e-02	-3.289738705283717368e-01
-8.795109799033717923e-01	8.731328060752467923e-01	2.495999999999999955e-02
4.700000000000000185e-03	1.051641363846628208e+00	-2.901972720497533187e-01
-7.467402407997532077e-01	1.484000000000000076e-02	-3.265324642783717368e-01
-8.892766049033717923e-01	8.877812435752467923e-01	2.497999999999999873e-02
4.720000000000000237e-03	1.068731207596628208e+00	-2.975214907997533187e-01
-7.223261782997532077e-01	1.485999999999999995e-02	-3.362980892783717368e-01
-8.709660580283717923e-01	8.792363217002467923e-01	2.500000000000000139e-02
4.740000000000000289e-03	1.060186285721628208e+00	-2.950800845497533187e-01
-7.357539126747532077e-01	1.488000000000000086e-02	-3.350773861533717368e-01
-8.807316830283717923e-01	8.938847592002467923e-01	2.502000000000000057e-02
4.760000000000000342e-03	1.077276129471628208e+00	-3.036250064247533187e-01
-7.101191470497532077e-01	1.490000000000000005e-02	-3.436223080283717368e-01
-8.636418392783717923e-01	8.853398373252467923e-01	2.503999999999999976e-02
4.780000000000000394e-03	1.067510504471628208e+00	-3.024043032997533187e-01
-7.235468814247532077e-01	1.491999999999999924e-02	-3.424016049033717368e-01
-8.734074642783717923e-01	8.999882748252467923e-01	2.505999999999999894e-02
4.799999999999999580e-03	1.084600348221628208e+00	-3.097285220497533187e-01
-7.003535220497532077e-01	1.494000000000000015e-02	-3.509465267783717368e-01
-8.563176205283717923e-01	8.914433529502467923e-01	2.508000000000000160e-02
4.819999999999999632e-03	1.074834723221628208e+00	-3.085078189247533187e-01
-7.113398501747532077e-01	1.495999999999999934e-02	-3.497258236533717368e-01
-8.660832455283717923e-01	9.048710873252467923e-01	2.510000000000000078e-02
4.839999999999999684e-03	1.091924566971628208e+00	-3.158320376747533187e-01
-6.918086001747532077e-01	1.498000000000000026e-02	-3.594914486533717368e-01
-8.489934017783717923e-01	8.975468685752467923e-01	2.511999999999999997e-02
4.859999999999999737e-03	1.083379645096628208e+00	-3.133906314247533187e-01
-7.015742251747532077e-01	1.499999999999999944e-02	-3.570500424033717368e-01
-8.587590267783717923e-01	9.121953060752467923e-01	2.513999999999999915e-02
4.879999999999999789e-03	1.100469488846628208e+00	-3.231562564247533187e-01
-6.820429751747532077e-01	1.502000000000000036e-02	-3.680363705283717368e-01
-8.416691830283717923e-01	9.036503842002467923e-01	2.515999999999999834e-02
4.899999999999999842e-03	1.090703863846628208e+00	-3.207148501747533187e-01
-6.918086001747532077e-01	1.503999999999999955e-02	-3.655949642783717368e-01
-8.514348080283717923e-01	9.182988217002467923e-01	2.518000000000000099e-02
4.919999999999999894e-03	1.107793707596628208e+00	-3.280390689247533187e-01
-6.747187564247532077e-01	1.506000000000000047e-02	-3.753605892783717368e-01
-8.343449642783717923e-01	9.085331967002467923e-01	2.520000000000000018e-02
4.939999999999999947e-03	1.098028082596628208e+00	-3.268183657997533187e-01
-6.832636782997532077e-01	1.507999999999999965e-02	-3.729191830283717368e-01
-8.428898861533717923e-01	9.231816342002467923e-01	2.521999999999999936e-02
4.959999999999999999e-03	1.115117926346628208e+00	-3.341425845497533187e-01
-6.673945376747532077e-01	1.510000000000000057e-02	-3.826848080283717368e-01
-8.258000424033717923e-01	9.146367123252467923e-01	2.523999999999999855e-02
4.980000000000000052e-03	1.105352301346628208e+00	-3.317011782997533187e-01
-6.759394595497532077e-01	1.511999999999999976e-02	-3.802434017783717368e-01
-8.355656674033717923e-01	9.292851498252467923e-01	2.526000000000000120e-02
5.000000000000000104e-03	1.123662848221628208e+00	-3.402461001747533187e-01
-6.612910220497532077e-01	1.514000000000000068e-02	-3.900090267783717368e-01
-8.184758236533717923e-01	9.207402279502467923e-01	2.528000000000000039e-02
5.020000000000000157e-03	1.113897223221628208e+00	-3.390253970497533187e-01
-6.698359439247532077e-01	1.515999999999999986e-02	-3.887883236533717368e-01
-8.270207455283717923e-01	9.353886654502467923e-01	2.529999999999999957e-02
5.040000000000000209e-03	1.130987066971628208e+00	-3.463496157997533187e-01
-6.564082095497532077e-01	1.518000000000000078e-02	-3.985539486533717368e-01
-8.111516049033717923e-01	9.268437435752467923e-01	2.531999999999999876e-02
5.060000000000000261e-03	1.121221441971628208e+00	-3.439082095497533187e-01
-6.637324282997532077e-01	1.519999999999999997e-02	-3.961125424033717368e-01
-8.196965267783717923e-01	9.402714779502467923e-01	2.534000000000000141e-02
5.080000000000000314e-03	1.138311285721628208e+00	-3.524531314247533187e-01
-6.527461001747532077e-01	1.521999999999999915e-02	-4.058781674033717368e-01
-8.038273861533717923e-01	9.329472592002467923e-01	2.536000000000000060e-02
5.100000000000000366e-03	1.129766363846628208e+00	-3.500117251747533187e-01
-6.588496157997532077e-01	1.524000000000000007e-02	-4.034367611533717368e-01
-8.123723080283717923e-01	9.463749935752467923e-01	2.537999999999999978e-02
5.120000000000000419e-03	1.145635504471628208e+00	-3.585566470497533187e-01
-6.478632876747532077e-01	1.525999999999999926e-02	-4.132023861533717368e-01
-7.952824642783717923e-01	9.390507748252467923e-01	2.539999999999999897e-02
5.139999999999999604e-03	1.137090582596628208e+00	-3.561152407997533187e-01
-6.551875064247532077e-01	1.528000000000000018e-02	-4.119816830283717368e-01
-8.050480892783717923e-01	9.524785092002467923e-01	2.542000000000000162e-02
5.159999999999999656e-03	1.154180426346628208e+00	-3.646601626747533187e-01
-6.454218814247532077e-01	1.529999999999999936e-02	-4.217473080283717368e-01
-7.879582455283717923e-01	9.439335873252467923e-01	2.544000000000000081e-02
5.179999999999999709e-03	1.144414801346628208e+00	-3.622187564247533187e-01
-6.515253970497532077e-01	1.532000000000000028e-02	-4.193059017783717368e-01
-7.977238705283717923e-01	9.585820248252467923e-01	2.545999999999999999e-02
5.199999999999999761e-03	1.161504645096628208e+00	-3.707636782997533187e-01
-6.405390689247532077e-01	1.533999999999999947e-02	-4.290715267783717368e-01
-7.806340267783717923e-01	9.500371029502467923e-01	2.547999999999999918e-02
5.219999999999999814e-03	1.151739020096628208e+00	-3.683222720497533187e-01
-6.478632876747532077e-01	1.536000000000000039e-02	-4.278508236533717368e-01
-7.903996517783717923e-01	9.634648373252467923e-01	2.549999999999999836e-02
5.239999999999999866e-03	1.168828863846628208e+00	-3.768671939247533187e-01
-6.368769595497532077e-01	1.537999999999999957e-02	-4.363957455283717368e-01
-7.733098080283717923e-01	9.561406185752467923e-01	2.552000000000000102e-02
5.259999999999999919e-03	1.160283941971628208e+00	-3.744257876747533187e-01
-6.442011782997532077e-01	1.540000000000000049e-02	-4.351750424033717368e-01
-7.830754330283717923e-01	9.695683529502467923e-01	2.554000000000000020e-02
5.279999999999999971e-03	1.176153082596628208e+00	-3.829707095497533187e-01
-6.332148501747532077e-01	1.541999999999999968e-02	-4.449406674033717368e-01
-7.647648861533717923e-01	9.622441342002467923e-01	2.555999999999999939e-02
5.300000000000000024e-03	1.167608160721628208e+00	-3.805293032997533187e-01
-6.405390689247532077e-01	1.544000000000000060e-02	-4.424992611533717368e-01
-7.745305111533717923e-01	9.756718685752467923e-01	2.557999999999999857e-02
5.320000000000000076e-03	1.184698004471628208e+00	-3.890742251747533187e-01
-6.283320376747532077e-01	1.545999999999999978e-02	-4.522648861533717368e-01
-7.586613705283717923e-01	9.671269467002467923e-01	2.560000000000000123e-02
5.340000000000000129e-03	1.174932379471628208e+00	-3.866328189247533187e-01
-6.368769595497532077e-01	1.548000000000000070e-02	-4.510441830283717368e-01
-7.672062924033717923e-01	9.805546810752467923e-01	2.562000000000000041e-02
5.360000000000000181e-03	1.192022223221628208e+00	-3.951777407997533187e-01
-6.234492251747533187e-01	1.549999999999999989e-02	-4.595891049033717368e-01
-7.501164486533717923e-01	9.732304623252467923e-01	2.563999999999999960e-02
5.380000000000000233e-03	1.182256598221628208e+00	-3.927363345497533187e-01
-6.307734439247532077e-01	1.552000000000000081e-02	-4.583684017783717368e-01
-7.598820736533717923e-01	9.866581967002467923e-01	2.565999999999999878e-02
5.400000000000000286e-03	1.199346441971628208e+00	-4.012812564247533187e-01
-6.185664126747533187e-01	1.553999999999999999e-02	-4.669133236533717368e-01
-7.427922299033717923e-01	9.793339779502467923e-01	2.568000000000000144e-02
5.420000000000000338e-03	1.190801520096628208e+00	-3.988398501747533187e-01
-6.258906314247532077e-01	1.555999999999999918e-02	-4.656926205283717368e-01
-7.513371517783717923e-01	9.927617123252467923e-01	2.570000000000000062e-02
5.440000000000000391e-03	1.207891363846628208e+00	-4.073847720497533187e-01
-6.124628970497533187e-01	1.558000000000000010e-02	-4.754582455283717368e-01
-7.354680111533717923e-01	9.842167904502467923e-01	2.571999999999999981e-02
5.459999999999999576e-03	1.198125738846628208e+00	-4.049433657997533187e-01
-6.197871157997533187e-01	1.559999999999999928e-02	-4.730168392783717368e-01
-7.440129330283717923e-01	9.976445248252467923e-01	2.573999999999999899e-02
5.479999999999999628e-03	1.213994879471628208e+00	-4.134882876747533187e-01
-6.051386782997533187e-01	1.562000000000000020e-02	-4.827824642783717368e-01
-7.281437924033717923e-01	9.903203060752467923e-01	2.576000000000000165e-02
5.499999999999999681e-03	1.206670660721628208e+00	-4.110468814247533187e-01
-6.136836001747533187e-01	1.564000000000000112e-02	-4.815617611533717368e-01
-7.366887142783717923e-01	1.003748040450246792e+00	2.578000000000000083e-02
5.519999999999999733e-03	1.222539801346628208e+00	-4.195918032997533187e-01
-5.990351626747533187e-01	1.566000000000000031e-02	-4.901066830283717368e-01
-7.208195736533717923e-01	9.964238217002467923e-01	2.580000000000000002e-02
5.539999999999999786e-03	1.213994879471628208e+00	-4.171503970497533187e-01
-6.075800845497533187e-01	1.567999999999999949e-02	-4.888859799033717368e-01
-7.293644955283717923e-01	1.009851556075246792e+00	2.581999999999999920e-02
5.559999999999999838e-03	1.229864020096628208e+00	-4.256953189247533187e-01
-5.917109439247533187e-01	1.569999999999999868e-02	-4.986516049033717368e-01
-7.122746517783717923e-01	1.001306634200246792e+00	2.583999999999999839e-02
5.579999999999999891e-03	1.221319098221628208e+00	-4.232539126747533187e-01
-6.002558657997533187e-01	1.572000000000000133e-02	-4.962101986533717368e-01
-7.220402767783717923e-01	1.015955071700246792e+00	2.586000000000000104e-02
5.599999999999999943e-03	1.238408941971628208e+00	-4.305781314247533187e-01
-5.843867251747533187e-01	1.574000000000000052e-02	-5.059758236533716813e-01
-7.049504330283717923e-01	1.007410149825246792e+00	2.588000000000000023e-02
5.619999999999999996e-03	1.228643316971628208e+00	-4.293574282997533187e-01
-5.941523501747533187e-01	1.575999999999999970e-02	-5.035344174033716813e-01
-7.134953549033717923e-01	1.022058587325246792e+00	2.589999999999999941e-02
5.640000000000000048e-03	1.245733160721628208e+00	-4.366816470497533187e-01
-5.770625064247533187e-01	1.577999999999999889e-02	-5.133000424033716813e-01
-6.976262142783717923e-01	1.013513665450246792e+00	2.591999999999999860e-02
5.660000000000000100e-03	1.235967535721628208e+00	-4.354609439247533187e-01
-5.856074282997533187e-01	1.580000000000000154e-02	-5.120793392783716813e-01
-7.061711361533717923e-01	1.026941399825246792e+00	2.594000000000000125e-02
5.680000000000000153e-03	1.253057379471628208e+00	-4.427851626747533187e-01
-5.685175845497533187e-01	1.582000000000000073e-02	-5.218449642783716813e-01
-6.890812924033717923e-01	1.019617181075246792e+00	2.596000000000000044e-02
5.700000000000000205e-03	1.244512457596628208e+00	-4.403437564247533187e-01
-5.782832095497533187e-01	1.583999999999999991e-02	-5.194035580283716813e-01
-6.988469174033717923e-01	1.033044915450246792e+00	2.597999999999999962e-02
5.720000000000000258e-03	1.260381598221628208e+00	-4.488886782997533187e-01
-5.611933657997533187e-01	1.585999999999999910e-02	-5.291691830283716813e-01
-6.817570736533717923e-01	1.025720696700246792e+00	2.599999999999999881e-02
5.740000000000000310e-03	1.251836676346628208e+00	-4.464472720497533187e-01
-5.697382876747533187e-01	1.587999999999999828e-02	-5.267277767783716813e-01
-6.915226986533717923e-01	1.039148431075246792e+00	2.602000000000000146e-02
5.760000000000000363e-03	1.268926520096628208e+00	-4.549921939247533187e-01
-5.526484439247533187e-01	1.590000000000000094e-02	-5.364934017783716813e-01
-6.744328549033717923e-01	1.030603509200246792e+00	2.604000000000000065e-02
5.780000000000000415e-03	1.259160895096628208e+00	-4.525507876747533187e-01
-5.624140689247533187e-01	1.592000000000000012e-02	-5.340519955283716813e-01
-6.841984799033717923e-01	1.044031243575246792e+00	2.605999999999999983e-02
5.799999999999999600e-03	1.276250738846628208e+00	-4.610957095497533187e-01
-5.441035220497533187e-01	1.593999999999999931e-02	-5.438176205283716813e-01
-6.658879330283717923e-01	1.036707024825246792e+00	2.607999999999999902e-02
5.819999999999999653e-03	1.266485113846628208e+00	-4.586543032997533187e-01
-5.538691470497533187e-01	1.595999999999999849e-02	-5.425969174033716813e-01
-6.756535580283717923e-01	1.050134759200246792e+00	2.610000000000000167e-02
5.839999999999999705e-03	1.284795660721628208e+00	-4.659785220497533187e-01
-5.367793032997533187e-01	1.598000000000000115e-02	-5.523625424033716813e-01
-6.585637142783717923e-01	1.041589837325246792e+00	2.612000000000000086e-02
5.859999999999999758e-03	1.275030035721628208e+00	-4.647578189247533187e-01
-5.465449282997533187e-01	1.600000000000000033e-02	-5.499211361533716813e-01
-6.683293392783717923e-01	1.056238274825246792e+00	2.614000000000000004e-02
5.879999999999999810e-03	1.290899176346628208e+00	-4.733027407997533187e-01
-5.294550845497533187e-01	1.601999999999999952e-02	-5.596867611533716813e-01
-6.512394955283717923e-01	1.047693352950246792e+00	2.615999999999999923e-02
5.899999999999999863e-03	1.282354254471628208e+00	-4.708613345497533187e-01
-5.380000064247533187e-01	1.603999999999999870e-02	-5.584660580283716813e-01
-6.610051205283717923e-01	1.062341790450246792e+00	2.617999999999999841e-02
5.919999999999999915e-03	1.299444098221628208e+00	-4.781855532997533187e-01
-5.221308657997533187e-01	1.606000000000000136e-02	-5.670109799033716813e-01
-6.439152767783717923e-01	1.053796868575246792e+00	2.620000000000000107e-02
5.939999999999999968e-03	1.289678473221628208e+00	-4.769648501747533187e-01
-5.306757876747533187e-01	1.608000000000000054e-02	-5.657902767783716813e-01
-6.524601986533717923e-01	1.067224602950246792e+00	2.622000000000000025e-02
5.960000000000000020e-03	1.306768316971628208e+00	-4.855097720497533187e-01
-5.148066470497533187e-01	1.609999999999999973e-02	-5.755559017783716813e-01
-6.365910580283717923e-01	1.059900384200246792e+00	2.623999999999999944e-02
5.980000000000000072e-03	1.297002691971628208e+00	-4.818476626747533187e-01
-5.233515689247533187e-01	1.611999999999999891e-02	-5.731144955283716813e-01
-6.451359799033717923e-01	1.073328118575246792e+00	2.625999999999999862e-02
6.000000000000000125e-03	1.315313238846628208e+00	-4.903925845497533187e-01
-5.074824282997533187e-01	1.614000000000000157e-02	-5.828801205283716813e-01
-6.280461361533717923e-01	1.064783196700246792e+00	2.628000000000000128e-02
6.020000000000000177e-03	1.305547613846628208e+00	-4.879511782997533187e-01
-5.160273501747533187e-01	1.616000000000000075e-02	-5.816594174033716813e-01
-6.378117611533717923e-01	1.078210931075246792e+00	2.630000000000000046e-02
6.040000000000000230e-03	1.322637457596628208e+00	-4.964961001747533187e-01
-5.013789126747533187e-01	1.617999999999999994e-02	-5.902043392783716813e-01
-6.207219174033716813e-01	1.070886712325246792e+00	2.631999999999999965e-02
6.060000000000000282e-03	1.312871832596628208e+00	-4.940546939247533187e-01
-5.087031314247533187e-01	1.619999999999999912e-02	-5.889836361533716813e-01
-6.292668392783717923e-01	1.084314446700246792e+00	2.633999999999999883e-02
6.080000000000000335e-03	1.331182379471628208e+00	-5.025996157997533187e-01
-4.940546939247533187e-01	1.621999999999999831e-02	-5.975285580283716813e-01
-6.133976986533716813e-01	1.076990227950246792e+00	2.636000000000000149e-02
6.100000000000000387e-03	1.321416754471628208e+00	-4.989375064247533187e-01
-5.025996157997533187e-01	1.624000000000000096e-02	-5.963078549033716813e-01
-6.231633236533716813e-01	1.090417962325246792e+00	2.638000000000000067e-02
6.119999999999999572e-03	1.337285895096628208e+00	-5.074824282997533187e-01
-4.867304751747533187e-01	1.626000000000000015e-02	-6.048527767783716813e-01
-6.060734799033716813e-01	1.081873040450246792e+00	2.639999999999999986e-02
6.139999999999999625e-03	1.328740973221628208e+00	-5.062617251747533187e-01
-4.952753970497533187e-01	1.627999999999999933e-02	-6.036320736533716813e-01
-6.158391049033716813e-01	1.095300774825246792e+00	2.641999999999999904e-02
6.159999999999999677e-03	1.334844488846628208e+00	-5.148066470497533187e-01
-4.806269595497533187e-01	1.629999999999999852e-02	-6.133976986533716813e-01
-5.987492611533716813e-01	1.087976556075246792e+00	2.644000000000000170e-02
6.179999999999999730e-03	1.325078863846628208e+00	-5.123652407997533187e-01
-4.891718814247533187e-01	1.632000000000000117e-02	-6.109562924033716813e-01
-6.072941830283716813e-01	1.101404290450246792e+00	2.646000000000000088e-02
6.199999999999999782e-03	1.327520270096628208e+00	-5.209101626747533187e-01
-4.745234439247533187e-01	1.634000000000000036e-02	-6.207219174033716813e-01
-5.902043392783716813e-01	1.094080071700246792e+00	2.648000000000000007e-02
6.219999999999999835e-03	1.317754645096628208e+00	-5.184687564247533187e-01
-4.830683657997533187e-01	1.635999999999999954e-02	-6.195012142783716813e-01
-5.999699642783716813e-01	1.107507806075246792e+00	2.649999999999999925e-02
6.239999999999999887e-03	1.318975348221628208e+00	-5.270136782997533187e-01
-4.684199282997533187e-01	1.637999999999999873e-02	-6.292668392783717923e-01
-5.828801205283716813e-01	1.098962884200246792e+00	2.651999999999999844e-02
6.259999999999999939e-03	1.310430426346628208e+00	-5.245722720497533187e-01
-4.769648501747533187e-01	1.640000000000000138e-02	-6.268254330283717923e-01
-5.914250424033716813e-01	1.111169915450246792e+00	2.654000000000000109e-02
6.279999999999999992e-03	1.310430426346628208e+00	-5.318964907997533187e-01
-4.623164126747533187e-01	1.642000000000000057e-02	-6.365910580283717923e-01
-5.755559017783716813e-01	1.103845696700246792e+00	2.656000000000000028e-02
6.300000000000000044e-03	1.303106207596628208e+00	-5.294550845497533187e-01
-4.708613345497533187e-01	1.643999999999999975e-02	-6.353703549033717923e-01
-5.841008236533716813e-01	1.114832024825246792e+00	2.657999999999999946e-02
6.320000000000000097e-03	1.304326910721628208e+00	-5.380000064247533187e-01
-4.562128970497533187e-01	1.645999999999999894e-02	-6.439152767783717923e-01
-5.670109799033716813e-01	1.107507806075246792e+00	2.659999999999999865e-02
6.340000000000000149e-03	1.294561285721628208e+00	-5.367793032997533187e-01
-4.635371157997533187e-01	1.648000000000000159e-02	-6.426945736533717923e-01
-5.767766049033716813e-01	1.116052727950246792e+00	2.662000000000000130e-02
6.360000000000000202e-03	1.297002691971628208e+00	-5.441035220497533187e-01
-4.501093814247533187e-01	1.650000000000000078e-02	-6.524601986533717923e-01
-5.596867611533716813e-01	1.109949212325246792e+00	2.664000000000000049e-02
6.380000000000000254e-03	1.287237066971628208e+00	-5.428828189247533187e-01
-4.574336001747533187e-01	1.651999999999999996e-02	-6.500187924033717923e-01
-5.694523861533716813e-01	1.116052727950246792e+00	2.665999999999999967e-02
6.400000000000000307e-03	1.289678473221628208e+00	-5.502070376747533187e-01
-4.440058657997533187e-01	1.653999999999999915e-02	-6.597844174033717923e-01
-5.523625424033716813e-01	1.109949212325246792e+00	2.667999999999999886e-02
6.420000000000000359e-03	1.279912848221628208e+00	-5.477656314247533187e-01
-4.525507876747533187e-01	1.655999999999999833e-02	-6.585637142783717923e-01
-5.621281674033716813e-01	1.113611321700246792e+00	2.670000000000000151e-02
6.440000000000000412e-03	1.281133551346628208e+00	-5.563105532997533187e-01
-4.379023501747533187e-01	1.658000000000000099e-02	-6.671086361533717923e-01
-5.438176205283716813e-01	1.105066399825246792e+00	2.672000000000000069e-02
6.459999999999999597e-03	1.272588629471628208e+00	-5.538691470497533187e-01
-4.452265689247533187e-01	1.660000000000000017e-02	-6.658879330283717923e-01
-5.535832455283716813e-01	1.107507806075246792e+00	2.673999999999999988e-02
6.479999999999999649e-03	1.273809332596628208e+00	-5.611933657997533187e-01
-4.317988345497533187e-01	1.661999999999999936e-02	-6.756535580283717923e-01
-5.364934017783716813e-01	1.098962884200246792e+00	2.675999999999999907e-02
6.499999999999999702e-03	1.265264410721628208e+00	-5.599726626747533187e-01
-4.403437564247533187e-01	1.663999999999999854e-02	-6.732121517783717923e-01
-5.462590267783716813e-01	1.100183587325246792e+00	2.678000000000000172e-02
6.519999999999999754e-03	1.266485113846628208e+00	-5.685175845497533187e-01
-4.244746157997533187e-01	1.666000000000000120e-02	-6.829777767783717923e-01
-5.291691830283716813e-01	1.087976556075246792e+00	2.680000000000000090e-02
6.539999999999999807e-03	1.256719488846628208e+00	-5.660761782997533187e-01
-4.330195376747533187e-01	1.668000000000000038e-02	-6.805363705283717923e-01
-5.389348080283716813e-01	1.089197259200246792e+00	2.682000000000000009e-02
6.559999999999999859e-03	1.259160895096628208e+00	-5.734003970497533187e-01
-4.183711001747533187e-01	1.669999999999999957e-02	-6.903019955283717923e-01
-5.206242611533716813e-01	1.075769524825246792e+00	2.683999999999999928e-02
6.579999999999999911e-03	1.249395270096628208e+00	-5.721796939247533187e-01
-4.269160220497533187e-01	1.671999999999999875e-02	-6.890812924033717923e-01
-5.303898861533716813e-01	1.076990227950246792e+00	2.685999999999999846e-02
6.599999999999999964e-03	1.251836676346628208e+00	-5.795039126747533187e-01
-4.122675845497533187e-01	1.674000000000000141e-02	-6.976262142783717923e-01
-5.145207455283716813e-01	1.062341790450246792e+00	2.688000000000000111e-02
6.620000000000000016e-03	1.242071051346628208e+00	-5.770625064247533187e-01
-4.208125064247533187e-01	1.676000000000000059e-02	-6.964055111533717923e-01
-5.230656674033716813e-01	1.062341790450246792e+00	2.690000000000000030e-02
6.640000000000000069e-03	1.244512457596628208e+00	-5.856074282997533187e-01
-4.049433657997533187e-01	1.677999999999999978e-02	-7.061711361533717923e-01
-5.059758236533716813e-01	1.048914056075246792e+00	2.691999999999999948e-02
6.660000000000000121e-03	1.234746832596628208e+00	-5.831660220497533187e-01
-4.134882876747533187e-01	1.679999999999999896e-02	-7.037297299033717923e-01
-5.157414486533716813e-01	1.048914056075246792e+00	2.693999999999999867e-02
6.680000000000000174e-03	1.235967535721628208e+00	-5.917109439247533187e-01
-3.976191470497533187e-01	1.682000000000000162e-02	-7.134953549033717923e-01
-4.986516049033717368e-01	1.035486321700246792e+00	2.696000000000000132e-02
6.700000000000000226e-03	1.227422613846628208e+00	-5.892695376747533187e-01
-4.073847720497533187e-01	1.684000000000000080e-02	-7.122746517783717923e-01
-5.071965267783716813e-01	1.034265618575246792e+00	2.698000000000000051e-02
6.720000000000000279e-03	1.228643316971628208e+00	-5.978144595497533187e-01
-3.915156314247533187e-01	1.685999999999999999e-02	-7.208195736533717923e-01
-4.913273861533717368e-01	1.022058587325246792e+00	2.699999999999999969e-02
6.740000000000000331e-03	1.218877691971628208e+00	-5.953730532997533187e-01
-4.000605532997533187e-01	1.687999999999999917e-02	-7.195988705283717923e-01
-4.998723080283717368e-01	1.022058587325246792e+00	2.701999999999999888e-02
6.760000000000000384e-03	1.221319098221628208e+00	-6.026972720497533187e-01
-3.841914126747533187e-01	1.689999999999999836e-02	-7.293644955283717923e-01
-4.827824642783717368e-01	1.009851556075246792e+00	2.704000000000000153e-02
6.779999999999999569e-03	1.212774176346628208e+00	-6.014765689247533187e-01
-3.939570376747533187e-01	1.692000000000000101e-02	-7.281437924033717923e-01
-4.925480892783717368e-01	1.009851556075246792e+00	2.706000000000000072e-02
6.799999999999999621e-03	1.213994879471628208e+00	-6.088007876747533187e-01
-3.768671939247533187e-01	1.694000000000000020e-02	-7.366887142783717923e-01
-4.754582455283717368e-01	9.976445248252467923e-01	2.707999999999999990e-02
6.819999999999999674e-03	1.204229254471628208e+00	-6.075800845497533187e-01
-3.866328189247533187e-01	1.695999999999999938e-02	-7.354680111533717923e-01
-4.852238705283717368e-01	9.976445248252467923e-01	2.709999999999999909e-02
6.839999999999999726e-03	1.206670660721628208e+00	-6.149043032997533187e-01
-3.707636782997533187e-01	1.697999999999999857e-02	-7.440129330283717923e-01
-4.681340267783717368e-01	9.866581967002467923e-01	2.711999999999999827e-02
6.859999999999999779e-03	1.196905035721628208e+00	-6.124628970497533187e-01
-3.793086001747533187e-01	1.700000000000000122e-02	-7.427922299033717923e-01
-4.766789486533717368e-01	9.866581967002467923e-01	2.714000000000000093e-02
6.879999999999999831e-03	1.198125738846628208e+00	-6.210078189247533187e-01
-3.634394595497533187e-01	1.702000000000000041e-02	-7.513371517783717923e-01
-4.595891049033717368e-01	9.756718685752467923e-01	2.716000000000000011e-02
6.899999999999999883e-03	1.189580816971628208e+00	-6.185664126747533187e-01
-3.732050845497533187e-01	1.703999999999999959e-02	-7.501164486533717923e-01
-4.693547299033717368e-01	9.768925717002467923e-01	2.717999999999999930e-02
6.919999999999999936e-03	1.190801520096628208e+00	-6.271113345497532077e-01
-3.573359439247533187e-01	1.705999999999999878e-02	-7.598820736533717923e-01
-4.534855892783717368e-01	9.671269467002467923e-01	2.719999999999999848e-02
6.939999999999999988e-03	1.181035895096628208e+00	-6.246699282997533187e-01
-3.658808657997533187e-01	1.708000000000000143e-02	-7.586613705283717923e-01
-4.620305111533717368e-01	9.683476498252467923e-01	2.722000000000000114e-02
6.960000000000000041e-03	1.183477301346628208e+00	-6.319941470497532077e-01
-3.500117251747533187e-01	1.710000000000000062e-02	-7.672062924033717923e-01
-4.449406674033717368e-01	9.585820248252467923e-01	2.724000000000000032e-02
6.980000000000000093e-03	1.174932379471628208e+00	-6.295527407997532077e-01
-3.585566470497533187e-01	1.711999999999999980e-02	-7.659855892783717923e-01
-4.547062924033717368e-01	9.598027279502467923e-01	2.725999999999999951e-02
7.000000000000000146e-03	1.174932379471628208e+00	-6.380976626747532077e-01
-3.426875064247533187e-01	1.713999999999999899e-02	-7.757512142783717923e-01
-4.376164486533717368e-01	9.512578060752467923e-01	2.727999999999999869e-02
7.020000000000000198e-03	1.166387457596628208e+00	-6.368769595497532077e-01
-3.524531314247533187e-01	1.716000000000000164e-02	-7.733098080283717923e-01
-4.473820736533717368e-01	9.536992123252467923e-01	2.730000000000000135e-02
7.040000000000000251e-03	1.168828863846628208e+00	-6.442011782997532077e-01
-3.365839907997533187e-01	1.718000000000000083e-02	-7.830754330283717923e-01
-4.302922299033717368e-01	9.451542904502467923e-01	2.732000000000000053e-02
7.060000000000000303e-03	1.159063238846628208e+00	-6.429804751747532077e-01
-3.451289126747533187e-01	1.720000000000000001e-02	-7.818547299033717923e-01
-4.388371517783717368e-01	9.475956967002467923e-01	2.733999999999999972e-02
7.080000000000000356e-03	1.161504645096628208e+00	-6.503046939247532077e-01
-3.292597720497533187e-01	1.721999999999999920e-02	-7.903996517783717923e-01
-4.217473080283717368e-01	9.390507748252467923e-01	2.735999999999999890e-02
7.100000000000000408e-03	1.151739020096628208e+00	-6.478632876747532077e-01
-3.378046939247533187e-01	1.723999999999999838e-02	-7.879582455283717923e-01
-4.315129330283717368e-01	9.427128842002467923e-01	2.738000000000000156e-02
7.119999999999999593e-03	1.152959723221628208e+00	-6.551875064247532077e-01
-3.219355532997533187e-01	1.726000000000000104e-02	-7.977238705283717923e-01
-4.132023861533717368e-01	9.353886654502467923e-01	2.740000000000000074e-02
7.139999999999999646e-03	1.143194098221628208e+00	-6.539668032997532077e-01
-3.317011782997533187e-01	1.728000000000000022e-02	-7.965031674033717923e-01
-4.241887142783717368e-01	9.378300717002467923e-01	2.741999999999999993e-02
7.159999999999999698e-03	1.145635504471628208e+00	-6.612910220497532077e-01
-3.170527407997533187e-01	1.729999999999999941e-02	-8.062687924033717923e-01
-4.058781674033717368e-01	9.317265560752467923e-01	2.743999999999999911e-02
7.179999999999999750e-03	1.135869879471628208e+00	-6.600703189247532077e-01
-3.243769595497533187e-01	1.731999999999999859e-02	-8.038273861533717923e-01
-4.168644955283717368e-01	9.341679623252467923e-01	2.745999999999999830e-02
7.199999999999999803e-03	1.137090582596628208e+00	-6.673945376747532077e-01
-3.097285220497533187e-01	1.734000000000000125e-02	-8.135930111533717923e-01
-3.985539486533717368e-01	9.280644467002467923e-01	2.748000000000000095e-02
7.219999999999999855e-03	1.128545660721628208e+00	-6.649531314247532077e-01
-3.182734439247533187e-01	1.736000000000000043e-02	-8.123723080283717923e-01
-4.095402767783717368e-01	9.305058529502467923e-01	2.750000000000000014e-02
7.239999999999999908e-03	1.129766363846628208e+00	-6.734980532997532077e-01
-3.036250064247533187e-01	1.737999999999999962e-02	-8.221379330283717923e-01
-3.912297299033717368e-01	9.244023373252467923e-01	2.751999999999999932e-02
7.259999999999999960e-03	1.121221441971628208e+00	-6.710566470497532077e-01
-3.109492251747533187e-01	1.739999999999999880e-02	-8.196965267783717923e-01
-4.009953549033717368e-01	9.280644467002467923e-01	2.753999999999999851e-02
7.280000000000000013e-03	1.123662848221628208e+00	-6.796015689247532077e-01
-2.963007876747533187e-01	1.742000000000000146e-02	-8.294621517783717923e-01
-3.839055111533717368e-01	9.207402279502467923e-01	2.756000000000000116e-02
7.300000000000000065e-03	1.113897223221628208e+00	-6.771601626747532077e-01
-3.060664126747533187e-01	1.744000000000000064e-02	-8.270207455283717923e-01
-3.924504330283717368e-01	9.231816342002467923e-01	2.758000000000000035e-02
7.320000000000000118e-03	1.115117926346628208e+00	-6.857050845497532077e-01
-2.901972720497533187e-01	1.745999999999999983e-02	-8.367863705283717923e-01
-3.753605892783717368e-01	9.158574154502467923e-01	2.759999999999999953e-02
7.340000000000000170e-03	1.106573004471628208e+00	-6.820429751747532077e-01
-2.987421939247533187e-01	1.747999999999999901e-02	-8.343449642783717923e-01
-3.851262142783717368e-01	9.195195248252467923e-01	2.761999999999999872e-02
7.360000000000000223e-03	1.107793707596628208e+00	-6.905878970497532077e-01
-2.828730532997533187e-01	1.750000000000000167e-02	-8.453312924033717923e-01
-3.680363705283717368e-01	9.121953060752467923e-01	2.764000000000000137e-02
7.380000000000000275e-03	1.098028082596628208e+00	-6.881464907997532077e-01
-2.926386782997533187e-01	1.752000000000000085e-02	-8.428898861533717923e-01
-3.778019955283717368e-01	9.158574154502467923e-01	2.766000000000000056e-02
7.400000000000000328e-03	1.100469488846628208e+00	-6.966914126747532077e-01
-2.767695376747533187e-01	1.754000000000000004e-02	-8.514348080283717923e-01
-3.607121517783717368e-01	9.073124935752467923e-01	2.767999999999999974e-02
7.420000000000000380e-03	1.090703863846628208e+00	-6.942500064247532077e-01
-2.853144595497533187e-01	1.755999999999999922e-02	-8.502141049033717923e-01
-3.692570736533717368e-01	9.097538998252467923e-01	2.769999999999999893e-02
7.440000000000000432e-03	1.091924566971628208e+00	-7.027949282997532077e-01
-2.706660220497533187e-01	1.757999999999999841e-02	-8.599797299033717923e-01
-3.533879330283717368e-01	9.024296810752467923e-01	2.772000000000000158e-02
7.459999999999999618e-03	1.083379645096628208e+00	-7.003535220497532077e-01
-2.792109439247533187e-01	1.760000000000000106e-02	-8.575383236533717923e-01
-3.619328549033717368e-01	9.048710873252467923e-01	2.774000000000000077e-02
7.479999999999999670e-03	1.084600348221628208e+00	-7.088984439247532077e-01
-2.645625064247533187e-01	1.762000000000000025e-02	-8.673039486533717923e-01
-3.448430111533717368e-01	8.963261654502467923e-01	2.775999999999999995e-02
7.499999999999999722e-03	1.074834723221628208e+00	-7.064570376747532077e-01
-2.718867251747533187e-01	1.763999999999999943e-02	-8.660832455283717923e-01
-3.533879330283717368e-01	8.987675717002467923e-01	2.777999999999999914e-02
7.519999999999999775e-03	1.077276129471628208e+00	-7.137812564247532077e-01
-2.572382876747533187e-01	1.765999999999999862e-02	-8.746281674033717923e-01
-3.375187924033717368e-01	8.902226498252467923e-01	2.779999999999999832e-02
7.539999999999999827e-03	1.067510504471628208e+00	-7.113398501747532077e-01
-2.657832095497533187e-01	1.768000000000000127e-02	-8.734074642783717923e-01
-3.460637142783717368e-01	8.926640560752467923e-01	2.782000000000000098e-02
7.559999999999999880e-03	1.069951910721628208e+00	-7.198847720497532077e-01
-2.511347720497533187e-01	1.770000000000000046e-02	-8.831730892783717923e-01
-3.301945736533717368e-01	8.841191342002467923e-01	2.784000000000000016e-02
7.579999999999999932e-03	1.060186285721628208e+00	-7.174433657997532077e-01
-2.596796939247533187e-01	1.771999999999999964e-02	-8.819523861533717923e-01
-3.387394955283717368e-01	8.853398373252467923e-01	2.785999999999999935e-02
7.599999999999999985e-03	1.061406988846628208e+00	-7.259882876747532077e-01
-2.438105532997533187e-01	1.773999999999999883e-02	-8.904973080283717923e-01
-3.216496517783717368e-01	8.767949154502467923e-01	2.787999999999999853e-02
7.620000000000000037e-03	1.052862066971628208e+00	-7.235468814247532077e-01
-2.523554751747533187e-01	1.776000000000000148e-02	-8.892766049033717923e-01
-3.314152767783717368e-01	8.780156185752467923e-01	2.790000000000000119e-02
7.640000000000000090e-03	1.054082770096628208e+00	-7.320918032997532077e-01
-2.377070376747533187e-01	1.778000000000000067e-02	-8.990422299033717923e-01
-3.143254330283717368e-01	8.682499935752467923e-01	2.792000000000000037e-02
7.660000000000000142e-03	1.044317145096628208e+00	-7.296503970497532077e-01
-2.462519595497533187e-01	1.779999999999999985e-02	-8.966008236533717923e-01
-3.228703549033717368e-01	8.719121029502467923e-01	2.793999999999999956e-02
7.680000000000000195e-03	1.046758551346628208e+00	-7.369746157997532077e-01
-2.303828189247533187e-01	1.781999999999999904e-02	-9.063664486533717923e-01
-3.070012142783717368e-01	8.621464779502467923e-01	2.795999999999999874e-02
7.700000000000000247e-03	1.036992926346628208e+00	-7.345332095497532077e-01
-2.389277407997533187e-01	1.784000000000000169e-02	-9.039250424033717923e-01
-3.167668392783717368e-01	8.633671810752467923e-01	2.798000000000000140e-02
7.720000000000000299e-03	1.039434332596628208e+00	-7.430781314247532077e-01
-2.242793032997533187e-01	1.786000000000000087e-02	-9.136906674033717923e-01
-2.996769955283717368e-01	8.536015560752467923e-01	2.800000000000000058e-02
7.740000000000000352e-03	1.029668707596628208e+00	-7.406367251747532077e-01
-2.328242251747533187e-01	1.788000000000000006e-02	-9.112492611533717923e-01
-3.082219174033717368e-01	8.536015560752467923e-01	2.801999999999999977e-02
7.760000000000000404e-03	1.030889410721628208e+00	-7.491816470497532077e-01
-2.169550845497533187e-01	1.789999999999999925e-02	-9.210148861533717923e-01
-2.911320736533717368e-01	8.450566342002467923e-01	2.803999999999999895e-02
7.779999999999999589e-03	1.022344488846628208e+00	-7.467402407997532077e-01
-2.255000064247533187e-01	1.791999999999999843e-02	-9.197941830283717923e-01
-3.008976986533717368e-01	8.462773373252467923e-01	2.806000000000000161e-02
7.799999999999999642e-03	1.023565191971628208e+00	-7.552851626747532077e-01
-2.108515689247533187e-01	1.794000000000000108e-02	-9.283391049033717923e-01
-2.838078549033717368e-01	8.377324154502467923e-01	2.808000000000000079e-02
7.820000000000000562e-03	1.015020270096628208e+00	-7.528437564247532077e-01
-2.193964907997533187e-01	1.796000000000000027e-02	-9.271184017783717923e-01
-2.923527767783717368e-01	8.377324154502467923e-01	2.809999999999999998e-02
7.839999999999999747e-03	1.016240973221628208e+00	-7.601679751747532077e-01
-2.035273501747533187e-01	1.797999999999999945e-02	-9.356633236533717923e-01
-2.764836361533717368e-01	8.279667904502467923e-01	2.811999999999999916e-02
7.860000000000000667e-03	1.006475348221628208e+00	-7.577265689247532077e-01
-2.120722720497533187e-01	1.799999999999999864e-02	-9.344426205283717923e-01
-2.850285580283717368e-01	8.304081967002467923e-01	2.813999999999999835e-02
7.879999999999999852e-03	1.008916754471628208e+00	-7.662714907997532077e-01
-1.974238345497533187e-01	1.802000000000000129e-02	-9.442082455283717923e-01
-2.679387142783717368e-01	8.218632748252467923e-01	2.816000000000000100e-02
7.900000000000000772e-03	9.991511294716282077e-01	-7.638300845497532077e-01
-2.059687564247533187e-01	1.804000000000000048e-02	-9.429875424033717923e-01
-2.789250424033717368e-01	8.230839779502467923e-01	2.818000000000000019e-02
7.919999999999999957e-03	1.001592535721628208e+00	-7.723750064247532077e-01
-1.900996157997533187e-01	1.805999999999999966e-02	-9.515324642783717923e-01
-2.606144955283717368e-01	8.133183529502467923e-01	2.819999999999999937e-02
7.939999999999999142e-03	9.918269107216282077e-01	-7.699336001747532077e-01
-1.986445376747533187e-01	1.807999999999999885e-02	-9.503117611533717923e-01
-2.703801205283717368e-01	8.145390560752467923e-01	2.821999999999999856e-02
7.960000000000000062e-03	9.930476138466282077e-01	-7.784785220497532077e-01
-1.839961001747533187e-01	1.810000000000000150e-02	-9.588566830283717923e-01
-2.532902767783717368e-01	8.059941342002467923e-01	2.824000000000000121e-02
7.979999999999999247e-03	9.845026919716282077e-01	-7.760371157997532077e-01
-1.925410220497533187e-01	1.812000000000000069e-02	-9.576359799033717923e-01
-2.630559017783717368e-01	8.072148373252467923e-01	2.826000000000000040e-02
8.000000000000000167e-03	9.857233950966282077e-01	-7.833613345497532077e-01
-1.778925845497533187e-01	1.813999999999999987e-02	-9.674016049033717923e-01
-2.459660580283717368e-01	7.986699154502467923e-01	2.827999999999999958e-02
8.019999999999999352e-03	9.771784732216282077e-01	-7.809199282997532077e-01
-1.864375064247533187e-01	1.815999999999999906e-02	-9.649601986533717923e-01
-2.545109799033717368e-01	7.998906185752467923e-01	2.829999999999999877e-02
8.040000000000000271e-03	9.783991763466282077e-01	-7.894648501747532077e-01
-1.705683657997533187e-01	1.818000000000000171e-02	-9.747258236533717923e-01
-2.374211361533717368e-01	7.901249935752467923e-01	2.832000000000000142e-02
8.059999999999999457e-03	9.686335513466282077e-01	-7.870234439247532077e-01
-1.791132876747533187e-01	1.820000000000000090e-02	-9.735051205283717923e-01
-2.471867611533717368e-01	7.925663998252467923e-01	2.834000000000000061e-02
8.080000000000000376e-03	9.710749575966282077e-01	-7.943476626747532077e-01
-1.644648501747533187e-01	1.822000000000000008e-02	-9.820500424033717923e-01
-2.300969174033717368e-01	7.840214779502467923e-01	2.835999999999999979e-02
8.099999999999999561e-03	9.613093325966282077e-01	-7.931269595497532077e-01
-1.717890689247533187e-01	1.823999999999999927e-02	-9.808293392783717923e-01
-2.386418392783717368e-01	7.852421810752467923e-01	2.837999999999999898e-02
8.120000000000000481e-03	9.625300357216282077e-01	-8.004511782997532077e-01
-1.571406314247533187e-01	1.825999999999999845e-02	-9.905949642783717923e-01
-2.215519955283717368e-01	7.779179623252467923e-01	2.840000000000000163e-02
8.139999999999999666e-03	9.539851138466282077e-01	-7.992304751747532077e-01
-1.656855532997533187e-01	1.828000000000000111e-02	-9.881535580283717923e-01
-2.325383236533717368e-01	7.791386654502467923e-01	2.842000000000000082e-02
8.160000000000000586e-03	9.552058169716282077e-01	-8.065546939247532077e-01
-1.510371157997532909e-01	1.830000000000000029e-02	-9.979191830283717923e-01
-2.154484799033717368e-01	7.718144467002467923e-01	2.844000000000000000e-02
8.179999999999999771e-03	9.466608950966282077e-01	-8.041132876747532077e-01
-1.595820376747533187e-01	1.831999999999999948e-02	-9.954777767783717923e-01
-2.239934017783717368e-01	7.730351498252467923e-01	2.845999999999999919e-02
8.200000000000000691e-03	9.478815982216282077e-01	-8.126582095497532077e-01
-1.449336001747532909e-01	1.833999999999999866e-02	-1.004022698653371792e+00
-2.069035580283717368e-01	7.644902279502467923e-01	2.847999999999999837e-02
8.219999999999999876e-03	9.381159732216282077e-01	-8.102168032997532077e-01
-1.534785220497532909e-01	1.836000000000000132e-02	-9.905949642783717923e-01
-2.154484799033717368e-01	7.669316342002467923e-01	2.850000000000000103e-02
8.240000000000000796e-03	9.405573794716282077e-01	-8.175410220497532077e-01
-1.388300845497532909e-01	1.838000000000000050e-02	-1.000360589278371792e+00
-1.983586361533717368e-01	7.583867123252467923e-01	2.852000000000000021e-02
8.259999999999999981e-03	9.307917544716282077e-01	-8.163203189247532077e-01
-1.461543032997532909e-01	1.839999999999999969e-02	-9.820500424033717923e-01
-2.081242611533717368e-01	7.608281185752467923e-01	2.853999999999999940e-02
8.279999999999999166e-03	9.332331607216282077e-01	-8.236445376747532077e-01
-1.315058657997532909e-01	1.841999999999999887e-02	-9.930363705283717923e-01
-1.910344174033717368e-01	7.522831967002467923e-01	2.855999999999999858e-02
8.300000000000000086e-03	9.222468325966282077e-01	-8.212031314247532077e-01
-1.400507876747532909e-01	1.844000000000000153e-02	-9.747258236533717923e-01
-2.008000424033717368e-01	7.547246029502467923e-01	2.858000000000000124e-02
8.319999999999999271e-03	9.246882388466282077e-01	-8.285273501747532077e-01
-1.254023501747532909e-01	1.846000000000000071e-02	-9.844914486533717923e-01
-1.837101986533717368e-01	7.461796810752467923e-01	2.860000000000000042e-02
8.340000000000000191e-03	9.149226138466282077e-01	-8.260859439247532077e-01
-1.327265689247532909e-01	1.847999999999999990e-02	-9.674016049033717923e-01
-1.934758236533717368e-01	7.486210873252467923e-01	2.861999999999999961e-02
8.359999999999999376e-03	9.173640200966282077e-01	-8.334101626747532077e-01
-1.180781314247532909e-01	1.849999999999999908e-02	-9.771672299033717923e-01
-1.763859799033717368e-01	7.412968685752467923e-01	2.863999999999999879e-02
8.380000000000000296e-03	9.075983950966282077e-01	-8.297480532997532077e-01
-1.266230532997532909e-01	1.851999999999999827e-02	-9.600773861533717923e-01
-1.849309017783717368e-01	7.425175717002467923e-01	2.866000000000000145e-02
8.399999999999999481e-03	9.088190982216282077e-01	-8.358515689247532077e-01
-1.119746157997532909e-01	1.854000000000000092e-02	-9.698430111533717923e-01
-1.690617611533717368e-01	7.339726498252467923e-01	2.868000000000000063e-02
8.420000000000000401e-03	9.002741763466282077e-01	-8.321894595497532077e-01
-1.205195376747532909e-01	1.856000000000000011e-02	-9.527531674033717923e-01
-1.776066830283717368e-01	7.364140560752467923e-01	2.869999999999999982e-02
8.439999999999999586e-03	9.014948794716282077e-01	-8.382929751747532077e-01
-1.046503970497532909e-01	1.857999999999999929e-02	-9.625187924033717923e-01
-1.605168392783717368e-01	7.290898373252467923e-01	2.871999999999999900e-02
8.460000000000000506e-03	8.917292544716282077e-01	-8.309687564247532077e-01
-1.131953189247532909e-01	1.859999999999999848e-02	-9.454289486533717923e-01
-1.715031674033717368e-01	7.303105404502467923e-01	2.874000000000000166e-02
8.479999999999999691e-03	8.941706607216282077e-01	-8.370722720497532077e-01
-9.976758454975329093e-02	1.862000000000000113e-02	-9.551945736533717923e-01
-1.531926205283717368e-01	7.217656185752467923e-01	2.876000000000000084e-02
8.500000000000000611e-03	8.844050357216282077e-01	-8.273066470497532077e-01
-1.070918032997532909e-01	1.864000000000000032e-02	-9.381047299033717923e-01
-1.629582455283717368e-01	7.242070248252467923e-01	2.878000000000000003e-02
8.519999999999999796e-03	8.868464419716282077e-01	-8.346308657997532077e-01
-9.244336579975329093e-02	1.865999999999999950e-02	-9.466496517783717923e-01
-1.446476986533717368e-01	7.156621029502467923e-01	2.879999999999999921e-02
8.540000000000000716e-03	8.770808169716282077e-01	-8.199824282997532077e-01
-1.009882876747532909e-01	1.867999999999999869e-02	-9.295598080283717923e-01
-1.544133236533717368e-01	7.181035092002467923e-01	2.881999999999999840e-02
8.559999999999999901e-03	8.795222232216282077e-01	-8.285273501747532077e-01
-8.633985017475329093e-02	1.870000000000000134e-02	-9.393254330283717923e-01
-1.373234799033717368e-01	7.095585873252467923e-01	2.884000000000000105e-02
8.580000000000000820e-03	8.697565982216282077e-01	-8.102168032997532077e-01
-9.366406892475329093e-02	1.872000000000000053e-02	-9.222355892783717923e-01
-1.470891049033717368e-01	7.119999935752467923e-01	2.886000000000000024e-02
8.600000000000000006e-03	8.721980044716282077e-01	-8.212031314247532077e-01
-8.023633454975329093e-02	1.873999999999999971e-02	-9.320012142783717923e-01
-1.312199642783717368e-01	7.022343685752467923e-01	2.887999999999999942e-02
8.619999999999999191e-03	8.612116763466282077e-01	-7.980097720497532077e-01
-8.756055329975329093e-02	1.875999999999999890e-02	-9.161320736533717923e-01
-1.397648861533717368e-01	7.046757748252467923e-01	2.889999999999999861e-02
8.640000000000000110e-03	8.636530825966282077e-01	-8.114375064247532077e-01
-7.291211579975329093e-02	1.878000000000000155e-02	-9.246769955283717923e-01
-1.226750424033717229e-01	6.961308529502467923e-01	2.892000000000000126e-02
8.659999999999999296e-03	8.538874575966282077e-01	-7.858027407997532077e-01
-8.145703767475329093e-02	1.880000000000000074e-02	-9.088078549033717923e-01
-1.312199642783717368e-01	6.985722592002467923e-01	2.894000000000000045e-02
8.680000000000000215e-03	8.563288638466282077e-01	-7.992304751747532077e-01
-6.680860017475329093e-02	1.881999999999999992e-02	-9.173527767783717923e-01
-1.153508236533717229e-01	6.888066342002467923e-01	2.895999999999999963e-02
8.699999999999999400e-03	8.465632388466282077e-01	-7.711543032997532077e-01
-7.535352204975329093e-02	1.883999999999999911e-02	-9.014836361533717923e-01
-1.238957455283717229e-01	6.912480404502467923e-01	2.897999999999999882e-02
8.720000000000000320e-03	8.490046450966282077e-01	-7.858027407997532077e-01
-5.948438142475329093e-02	1.885999999999999829e-02	-9.100285580283717923e-01
-1.068059017783717229e-01	6.827031185752467923e-01	2.900000000000000147e-02
8.739999999999999505e-03	8.392390200966282077e-01	-7.577265689247532077e-01
-6.802930329975329093e-02	1.888000000000000095e-02	-8.929387142783717923e-01
-1.165715267783717229e-01	6.839238217002467923e-01	2.902000000000000066e-02
8.760000000000000425e-03	8.404597232216282077e-01	-7.711543032997532077e-01
-5.338086579975329093e-02	1.890000000000000013e-02	-9.014836361533717923e-01
-9.948168302837172294e-02	6.753788998252467923e-01	2.903999999999999984e-02
8.779999999999999610e-03	8.319148013466282077e-01	-7.442988345497532077e-01
-6.192578767475329093e-02	1.891999999999999932e-02	-8.856144955283717923e-01
-1.092473080283717229e-01	6.778203060752467923e-01	2.905999999999999903e-02
8.800000000000000530e-03	8.331355044716282077e-01	-7.577265689247532077e-01
-4.727735017475329093e-02	1.893999999999999850e-02	-8.941594174033717923e-01
-9.215746427837172294e-02	6.692753842002467923e-01	2.908000000000000168e-02
8.819999999999999715e-03	8.245905825966282077e-01	-7.320918032997532077e-01
-5.460156892475329093e-02	1.896000000000000116e-02	-8.770695736533717923e-01
-1.019230892783717229e-01	6.704960873252467923e-01	2.910000000000000087e-02
8.840000000000000635e-03	8.258112857216282077e-01	-7.455195376747532077e-01
-3.995313142475329093e-02	1.898000000000000034e-02	-8.868351986533717923e-01
-8.361254240337172294e-02	6.619511654502467923e-01	2.912000000000000005e-02
8.859999999999999820e-03	8.172663638466282077e-01	-7.198847720497532077e-01
-4.849805329975329093e-02	1.899999999999999953e-02	-8.697453549033717923e-01
-9.337816740337172294e-02	6.643925717002467923e-01	2.913999999999999924e-02
8.880000000000000740e-03	8.172663638466282077e-01	-7.320918032997532077e-01
-3.384961579975329093e-02	1.901999999999999871e-02	-8.795109799033717923e-01
-7.506762052837172294e-02	6.558476498252467923e-01	2.915999999999999842e-02
8.899999999999999925e-03	8.087214419716282077e-01	-7.088984439247532077e-01
-4.239453767475329093e-02	1.904000000000000137e-02	-8.624211361533717923e-01
-8.605394865337172294e-02	6.570683529502467923e-01	2.918000000000000108e-02
8.920000000000000845e-03	8.099421450966282077e-01	-7.211054751747532077e-01
-2.652539704975328747e-02	1.906000000000000055e-02	-8.721867611533717923e-01
-6.896410490337172294e-02	6.473027279502467923e-01	2.920000000000000026e-02
8.940000000000000030e-03	8.013972232216282077e-01	-6.991328189247532077e-01
-3.629102204975329093e-02	1.907999999999999974e-02	-8.550969174033717923e-01
-7.750902677837172294e-02	6.497441342002467923e-01	2.921999999999999945e-02
8.959999999999999215e-03	8.026179263466282077e-01	-7.088984439247532077e-01
-2.042188142475328747e-02	1.909999999999999892e-02	-8.648625424033717923e-01
-6.041918302837172294e-02	6.411992123252467923e-01	2.923999999999999863e-02
8.980000000000000135e-03	7.928523013466282077e-01	-6.893671939247532077e-01
-2.896680329975328747e-02	1.912000000000000158e-02	-8.477726986533717923e-01
-7.018480802837172294e-02	6.424199154502467923e-01	2.926000000000000129e-02
8.999999999999999320e-03	7.952937075966282077e-01	-6.991328189247532077e-01
-1.431836579975328747e-02	1.914000000000000076e-02	-8.575383236533717923e-01
-5.309496427837172294e-02	6.338749935752467923e-01	2.928000000000000047e-02
9.020000000000000240e-03	7.855280825966282077e-01	-6.808222720497532077e-01
-2.164258454975328747e-02	1.915999999999999995e-02	-8.404484799033717923e-01
-6.286058927837172294e-02	6.363163998252467923e-01	2.929999999999999966e-02
9.039999999999999425e-03	7.867487857216282077e-01	-6.893671939247532077e-01
-6.994147049753287465e-03	1.917999999999999913e-02	-8.489934017783717923e-01
-4.577074552837172294e-02	6.265507748252467923e-01	2.931999999999999884e-02
9.060000000000000345e-03	7.782038638466282077e-01	-6.722773501747532077e-01
-1.553906892475328747e-02	1.919999999999999832e-02	-8.319035580283717923e-01
-5.553637052837172294e-02	6.289921810752467923e-01	2.934000000000000150e-02
9.079999999999999530e-03	7.794245669716282077e-01	-6.820429751747532077e-01
3.300717002467125349e-04	1.922000000000000097e-02	-8.416691830283717923e-01
-3.722582365337172294e-02	6.204472592002466813e-01	2.936000000000000068e-02
9.100000000000000450e-03	7.696589419716282077e-01	-6.661738345497532077e-01
-9.435553299753287465e-03	1.924000000000000016e-02	-8.245793392783717923e-01
-4.699144865337172294e-02	6.216679623252466813e-01	2.937999999999999987e-02
9.119999999999999635e-03	7.721003482216282077e-01	-6.734980532997532077e-01
6.433587325246712535e-03	1.925999999999999934e-02	-8.331242611533717923e-01
-2.990160490337172294e-02	6.143437435752466813e-01	2.939999999999999905e-02
9.140000000000000555e-03	7.623347232216282077e-01	-6.600703189247532077e-01
-2.111334549753287465e-03	1.927999999999999853e-02	-8.172551205283717923e-01
-3.966722990337172294e-02	6.155644467002466813e-01	2.942000000000000171e-02
9.159999999999999740e-03	7.635554263466282077e-01	-6.686152407997532077e-01
1.253710295024671253e-02	1.930000000000000118e-02	-8.258000424033717923e-01
-2.135668302837172294e-02	6.070195248252466813e-01	2.944000000000000089e-02
9.180000000000000659e-03	7.550105044716282077e-01	-6.551875064247532077e-01
3.992181075246712535e-03	1.932000000000000037e-02	-8.099309017783717923e-01
-3.112230802837172294e-02	6.094609310752466813e-01	2.946000000000000008e-02
9.199999999999999845e-03	7.562312075966282077e-01	-6.637324282997532077e-01
1.864061857524671253e-02	1.933999999999999955e-02	-8.184758236533717923e-01
-1.525316740337172294e-02	6.009160092002466813e-01	2.947999999999999926e-02
9.220000000000000764e-03	7.476862857216282077e-01	-6.515253970497532077e-01
1.009569670024671253e-02	1.935999999999999874e-02	-8.013859799033717923e-01
-2.379808927837172294e-02	6.021367123252466813e-01	2.949999999999999845e-02
9.239999999999999949e-03	7.489069888466282077e-01	-6.588496157997532077e-01
2.474413420024671253e-02	1.938000000000000139e-02	-8.111516049033717923e-01
-6.708245528371722943e-03	5.948124935752466813e-01	2.952000000000000110e-02
9.259999999999999135e-03	7.403620669716282077e-01	-6.478632876747532077e-01
1.741991545024671253e-02	1.940000000000000058e-02	-7.940617611533717923e-01
-1.647387052837172294e-02	5.960331967002466813e-01	2.954000000000000029e-02
9.280000000000000054e-03	7.415827700966282077e-01	-6.551875064247532077e-01
3.206835295024670907e-02	1.941999999999999976e-02	-8.038273861533717923e-01
6.159732216282770567e-04	5.874882748252466813e-01	2.955999999999999947e-02
9.299999999999999239e-03	7.318171450966282077e-01	-6.442011782997532077e-01
2.352343107524671253e-02	1.943999999999999895e-02	-7.867375424033717923e-01
-9.149651778371722943e-03	5.899296810752466813e-01	2.957999999999999866e-02
9.320000000000000159e-03	7.342585513466282077e-01	-6.515253970497532077e-01
3.817186857524670907e-02	1.946000000000000160e-02	-7.952824642783717923e-01
7.940191971628277057e-03	5.813847592002466813e-01	2.960000000000000131e-02
9.339999999999999344e-03	7.244929263466282077e-01	-6.405390689247532077e-01
2.962694670024671253e-02	1.948000000000000079e-02	-7.794133236533717923e-01
-6.047299033717229433e-04	5.826054623252466813e-01	2.962000000000000050e-02
9.360000000000000264e-03	7.257136294716282077e-01	-6.478632876747532077e-01
4.427538420024670907e-02	1.949999999999999997e-02	-7.879582455283717923e-01
1.648511384662827706e-02	5.740605404502466813e-01	2.963999999999999968e-02
9.379999999999999449e-03	7.159480044716282077e-01	-6.368769595497532077e-01
3.573046232524670907e-02	1.951999999999999916e-02	-7.708684017783717923e-01
6.719488846628277057e-03	5.765019467002466813e-01	2.965999999999999887e-02
9.400000000000000369e-03	7.183894107216282077e-01	-6.442011782997532077e-01
5.037889982524670907e-02	1.953999999999999834e-02	-7.806340267783717923e-01
2.380933259662827706e-02	5.679570248252466813e-01	2.968000000000000152e-02
9.419999999999999554e-03	7.086237857216282077e-01	-6.332148501747532077e-01
4.305468107524670907e-02	1.956000000000000100e-02	-7.647648861533717923e-01
1.526441072162827706e-02	5.691777279502466813e-01	2.970000000000000070e-02
9.440000000000000474e-03	7.110651919716282077e-01	-6.393183657997532077e-01
5.770311857524670907e-02	1.958000000000000018e-02	-7.720891049033717923e-01
3.235425447162827706e-02	5.618535092002466813e-01	2.971999999999999989e-02
9.459999999999999659e-03	7.012995669716282077e-01	-6.271113345497532077e-01
4.793749357524670907e-02	1.959999999999999937e-02	-7.562199642783717923e-01
2.258862947162827706e-02	5.630742123252466813e-01	2.973999999999999908e-02
9.480000000000000579e-03	7.037409732216282077e-01	-6.344355532997532077e-01
6.258593107524670907e-02	1.961999999999999855e-02	-7.659855892783717923e-01
3.845777009662827706e-02	5.545292904502466813e-01	2.976000000000000173e-02
9.499999999999999764e-03	6.939753482216282077e-01	-6.222285220497533187e-01
5.526171232524670907e-02	1.964000000000000121e-02	-7.476750424033717923e-01
2.991284822162827706e-02	5.569706967002466813e-01	2.978000000000000091e-02
9.520000000000000684e-03	6.951960513466282077e-01	-6.295527407997532077e-01
6.991014982524670907e-02	1.966000000000000039e-02	-7.586613705283717923e-01
4.700269197162827706e-02	5.472050717002466813e-01	2.980000000000000010e-02
9.539999999999999869e-03	6.866511294716282077e-01	-6.173457095497533187e-01
6.136522795024670907e-02	1.967999999999999958e-02	-7.415715267783717923e-01
3.723706697162827706e-02	5.496464779502466813e-01	2.981999999999999929e-02
9.560000000000000789e-03	6.878718325966282077e-01	-6.246699282997533187e-01
7.601366545024670907e-02	1.969999999999999876e-02	-7.501164486533717923e-01
5.432691072162827706e-02	5.411015560752466813e-01	2.983999999999999847e-02
9.579999999999999974e-03	6.781062075966282077e-01	-6.112421939247533187e-01
6.746874357524670907e-02	1.972000000000000142e-02	-7.330266049033717923e-01
4.578198884662827706e-02	5.435429623252466813e-01	2.986000000000000112e-02
9.599999999999999159e-03	6.805476138466282077e-01	-6.185664126747533187e-01
8.211718107524670907e-02	1.974000000000000060e-02	-7.427922299033717923e-01
6.165112947162827706e-02	5.349980404502466813e-01	2.988000000000000031e-02
9.620000000000000079e-03	6.707819888466282077e-01	-6.039179751747533187e-01
7.479296232524670907e-02	1.975999999999999979e-02	-7.257023861533717923e-01
5.310620759662827706e-02	5.374394467002466813e-01	2.989999999999999949e-02
9.639999999999999264e-03	6.720026919716282077e-01	-6.124628970497533187e-01
8.822069670024670907e-02	1.977999999999999897e-02	-7.354680111533717923e-01
7.019605134662827706e-02	5.288945248252466813e-01	2.991999999999999868e-02
9.660000000000000184e-03	6.634577700966282077e-01	-5.978144595497533187e-01
8.089647795024670907e-02	1.980000000000000163e-02	-7.171574642783717923e-01
6.043042634662827706e-02	5.313359310752466813e-01	2.994000000000000133e-02
9.679999999999999369e-03	6.646784732216282077e-01	-6.063593814247533187e-01
9.432421232524670907e-02	1.982000000000000081e-02	-7.281437924033717923e-01
7.752027009662827706e-02	5.227910092002466813e-01	2.996000000000000052e-02
9.700000000000000289e-03	6.549128482216282077e-01	-5.904902407997533187e-01
8.577929045024670907e-02	1.984000000000000000e-02	-7.098332455283717923e-01
6.897534822162827706e-02	5.240117123252466813e-01	2.997999999999999970e-02
9.719999999999999474e-03	6.573542544716282077e-01	-5.990351626747533187e-01
1.016484310752467091e-01	1.985999999999999918e-02	-7.208195736533717923e-01
8.484448884662827706e-02	5.154667904502466813e-01	2.999999999999999889e-02
9.740000000000000394e-03	6.488093325966282077e-01	-5.831660220497533187e-01
9.310350920024670907e-02	1.987999999999999837e-02	-7.037297299033717923e-01
7.629956697162827706e-02	5.179081967002466813e-01	3.002000000000000154e-02
9.759999999999999579e-03	6.500300357216282077e-01	-5.917109439247533187e-01
1.089726498252467091e-01	1.990000000000000102e-02	-7.122746517783717923e-01
9.216870759662827706e-02	5.093632748252466813e-01	3.004000000000000073e-02
9.780000000000000498e-03	6.402644107216282077e-01	-5.746211001747533187e-01
1.004277279502467091e-01	1.992000000000000021e-02	-6.951848080283717923e-01
8.362378572162827706e-02	5.105839779502466813e-01	3.005999999999999991e-02
9.799999999999999684e-03	6.414851138466282077e-01	-5.843867251747533187e-01
1.150761654502467091e-01	1.993999999999999939e-02	-7.049504330283717923e-01
1.007136294716282771e-01	5.020390560752466813e-01	3.007999999999999910e-02
9.820000000000000603e-03	6.317194888466282077e-01	-5.672968814247533187e-01
1.065312435752467091e-01	1.995999999999999858e-02	-6.878605892783717923e-01
9.216870759662827706e-02	5.032597592002466813e-01	3.009999999999999828e-02
9.839999999999999789e-03	6.341608950966282077e-01	-5.770625064247533187e-01
1.211796810752467091e-01	1.998000000000000123e-02	-6.976262142783717923e-01
1.092585513466282771e-01	4.959355404502466813e-01	3.012000000000000094e-02
9.860000000000000708e-03	6.243952700966283187e-01	-5.599726626747533187e-01
1.126347592002467091e-01	2.000000000000000042e-02	-6.793156674033717923e-01
9.949292634662827706e-02	4.971562435752466813e-01	3.014000000000000012e-02
9.879999999999999893e-03	6.256159732216282077e-01	-5.685175845497533187e-01
1.285038998252467091e-01	2.001999999999999960e-02	-6.890812924033717923e-01
1.165827700966282771e-01	4.898320248252466813e-01	3.015999999999999931e-02
9.900000000000000813e-03	6.170710513466283187e-01	-5.514277407997533187e-01
1.187382748252467091e-01	2.003999999999999879e-02	-6.719914486533717923e-01
1.068171450966282771e-01	4.910527279502466813e-01	3.017999999999999849e-02
9.919999999999999998e-03	6.195124575966283187e-01	-5.611933657997533187e-01
1.333867123252467091e-01	2.006000000000000144e-02	-6.817570736533717923e-01
1.239069888466282771e-01	4.825078060752466813e-01	3.020000000000000115e-02
9.939999999999999183e-03	6.097468325966283187e-01	-5.441035220497533187e-01
1.260624935752467091e-01	2.008000000000000063e-02	-6.646672299033717923e-01
1.141413638466282771e-01	4.837285092002466813e-01	3.022000000000000033e-02
9.960000000000000103e-03	6.109675357216283187e-01	-5.526484439247533187e-01
1.394902279502467091e-01	2.009999999999999981e-02	-6.744328549033717923e-01
1.312312075966282632e-01	4.751835873252466813e-01	3.023999999999999952e-02
9.979999999999999288e-03	6.012019107216283187e-01	-5.355586001747533187e-01
1.309453060752467091e-01	2.011999999999999900e-02	-6.573430111533717923e-01
1.226862857216282771e-01	4.776249935752466813e-01	3.025999999999999870e-02
1.000000000000000021e-02	6.036433169716283187e-01	-5.453242251747533187e-01
1.455937435752467091e-01	2.014000000000000165e-02	-6.671086361533717923e-01
1.397761294716282632e-01	4.690800717002466813e-01	3.028000000000000136e-02
1.001999999999999939e-02	5.926569888466283187e-01	-5.282343814247533187e-01
1.370488217002467091e-01	2.016000000000000084e-02	-6.487980892783717923e-01
1.300105044716282632e-01	4.703007748252466813e-01	3.030000000000000054e-02
1.004000000000000031e-02	5.963190982216283187e-01	-5.367793032997533187e-01
1.516972592002467091e-01	2.018000000000000002e-02	-6.585637142783717923e-01
1.471003482216282632e-01	4.629765560752466813e-01	3.031999999999999973e-02
1.005999999999999950e-02	5.865534732216283187e-01	-5.196894595497533187e-01
1.431523373252467091e-01	2.019999999999999921e-02	-6.414738705283717923e-01
1.373347232216282632e-01	4.641972592002466813e-01	3.033999999999999891e-02
1.008000000000000042e-02	5.877741763466283187e-01	-5.294550845497533187e-01
1.590214779502466813e-01	2.021999999999999839e-02	-6.512394955283717923e-01
1.556452700966282632e-01	4.556523373252466813e-01	3.036000000000000157e-02
1.009999999999999960e-02	5.780085513466283187e-01	-5.135859439247533187e-01
1.504765560752467091e-01	2.024000000000000105e-02	-6.341496517783717923e-01
1.458796450966282632e-01	4.568730404502466813e-01	3.038000000000000075e-02
1.012000000000000052e-02	5.804499575966283187e-01	-5.221308657997533187e-01
1.651249935752466813e-01	2.026000000000000023e-02	-6.439152767783717923e-01
0.000000000000000000e+00	1.621655915912828816e-01	4.932877390008223450e-01
-2.330306203741776272e-01	1.013999999999999971e-02	5.711011384662828538e-01
-2.260180021587171184e-01	1.734635202508223728e-01	2.027999999999999942e-02
2.000000000000000164e-05	1.536206697162828816e-01	4.945084421258223450e-01
-2.330306203741776272e-01	1.016000000000000063e-02	5.723218415912828538e-01
-2.260180021587171184e-01	1.893326608758223728e-01	2.029999999999999860e-02
4.000000000000000327e-05	1.682691072162828816e-01	4.847428171258223450e-01
-2.305892141241776272e-01	1.017999999999999981e-02	5.637769197162828538e-01
-2.247972990337171184e-01	1.807877390008223728e-01	2.032000000000000126e-02
6.000000000000000152e-05	1.609448884662828816e-01	4.871842233758223450e-01
-2.403548391241776272e-01	1.020000000000000073e-02	5.637769197162828538e-01
-2.345629240337171184e-01	1.966568796258223728e-01	2.034000000000000044e-02
8.000000000000000654e-05	1.768140290912828816e-01	4.786393015008223450e-01
-2.379134328741776272e-01	1.021999999999999992e-02	5.552319978412828538e-01
-2.321215177837171184e-01	1.881119577508223728e-01	2.035999999999999963e-02
1.000000000000000048e-04	1.682691072162828816e-01	4.798600046258223450e-01
-2.464583547491776272e-01	1.024000000000000084e-02	5.576734040912828538e-01
-2.418871427837171184e-01	2.027603952508223728e-01	2.037999999999999881e-02
1.200000000000000030e-04	1.841382478412828816e-01	4.713150827508223450e-01
-2.440169484991776272e-01	1.026000000000000002e-02	5.479077790912828538e-01
-2.406664396587171184e-01	1.942154733758223728e-01	2.040000000000000147e-02
1.399999999999999877e-04	1.743726228412828816e-01	4.725357858758223450e-01
-2.537825734991776550e-01	1.027999999999999921e-02	5.491284822162828538e-01
-2.492113615337171184e-01	2.100846140008223728e-01	2.042000000000000065e-02
1.600000000000000131e-04	1.926831697162828816e-01	4.639908640008223450e-01
-2.513411672491776550e-01	1.030000000000000013e-02	5.405835603412828538e-01
-2.479906584087171184e-01	2.015396921258223728e-01	2.043999999999999984e-02
1.800000000000000113e-04	1.829175447162828816e-01	4.652115671258223450e-01
-2.598860891241776550e-01	1.031999999999999931e-02	5.418042634662828538e-01
-2.577562834087170907e-01	2.174088327508223728e-01	2.045999999999999902e-02
2.000000000000000096e-04	1.987866853412828816e-01	4.566666452508223450e-01
-2.574446828741776550e-01	1.034000000000000023e-02	5.320386384662828538e-01
-2.553148771587170907e-01	2.076432077508223728e-01	2.048000000000000168e-02
2.200000000000000078e-04	1.902417634662828816e-01	4.578873483758223450e-01
-2.672103078741776550e-01	1.035999999999999942e-02	5.344800447162828538e-01
-2.650805021587170907e-01	2.235123483758223728e-01	2.050000000000000086e-02
2.400000000000000061e-04	2.073316072162828816e-01	4.493424265008223450e-01
-2.647689016241776550e-01	1.038000000000000034e-02	5.247144197162828538e-01
-2.638597990337170907e-01	2.149674265008223728e-01	2.052000000000000005e-02
2.599999999999999772e-04	1.975659822162828816e-01	4.517838327508223450e-01
-2.733138234991776550e-01	1.039999999999999952e-02	5.271558259662828538e-01
-2.724047209087170907e-01	2.308365671258223728e-01	2.053999999999999923e-02
2.799999999999999755e-04	2.146558259662828816e-01	4.432389108758223450e-01
-2.708724172491776550e-01	1.042000000000000044e-02	5.173902009662828538e-01
-2.711840177837170907e-01	2.222916452508223728e-01	2.055999999999999842e-02
2.999999999999999737e-04	2.061109040912828816e-01	4.444596140008223450e-01
-2.806380422491776550e-01	1.043999999999999963e-02	5.186109040912828538e-01
-2.809496427837170907e-01	2.381607858758223728e-01	2.058000000000000107e-02
3.200000000000000262e-04	2.232007478412828816e-01	4.359146921258223450e-01
-2.781966359991776550e-01	1.046000000000000055e-02	5.088452790912828538e-01
-2.785082365337170907e-01	2.296158640008223728e-01	2.060000000000000026e-02
3.400000000000000244e-04	2.134351228412828816e-01	4.371353952508223450e-01
-2.867415578741776550e-01	1.047999999999999973e-02	5.112866853412828538e-01
-2.882738615337170907e-01	2.454850046258223728e-01	2.061999999999999944e-02
3.600000000000000227e-04	2.305249665912828816e-01	4.285904733758223450e-01
-2.843001516241776550e-01	1.050000000000000065e-02	5.015210603412828538e-01
-2.870531584087170907e-01	2.369400827508223728e-01	2.063999999999999863e-02
3.800000000000000209e-04	2.207593415912828816e-01	4.310318796258223450e-01
-2.928450734991776550e-01	1.051999999999999984e-02	5.027417634662828538e-01
-2.955980802837170907e-01	2.515885202508223450e-01	2.066000000000000128e-02
4.000000000000000192e-04	2.378491853412828816e-01	4.212662546258223450e-01
-2.916243703741776550e-01	1.054000000000000076e-02	4.941968415912828538e-01
-2.943773771587170907e-01	2.430435983758223728e-01	2.068000000000000047e-02
4.200000000000000174e-04	2.280835603412828816e-01	4.237076608758223450e-01
-3.001692922491776550e-01	1.055999999999999994e-02	4.954175447162828538e-01
-3.041430021587170907e-01	2.589127390008223450e-01	2.069999999999999965e-02
4.400000000000000157e-04	2.451734040912828816e-01	4.139420358758223450e-01
-2.989485891241776550e-01	1.058000000000000086e-02	4.856519197162828538e-01
-3.017015959087170907e-01	2.503678171258223450e-01	2.071999999999999884e-02
4.600000000000000139e-04	2.366284822162828816e-01	4.163834421258223450e-01
-3.062728078741776550e-01	1.060000000000000005e-02	4.880933259662828538e-01
-3.114672209087170907e-01	2.662369577508223450e-01	2.074000000000000149e-02
4.800000000000000122e-04	2.537183259662829093e-01	4.078385202508223450e-01
-3.038314016241776550e-01	1.061999999999999923e-02	4.783277009662828538e-01
-3.102465177837170907e-01	2.576920358758223450e-01	2.076000000000000068e-02
5.000000000000000104e-04	2.439527009662828816e-01	4.090592233758223450e-01
-3.135970266241776550e-01	1.064000000000000015e-02	4.807691072162828538e-01
-3.200121427837171462e-01	2.723404733758223450e-01	2.077999999999999986e-02
5.199999999999999544e-04	2.610425447162829093e-01	4.005143015008223450e-01
-3.111556203741776550e-01	1.065999999999999934e-02	4.710034822162828538e-01
-3.175707365337171462e-01	2.637955515008223450e-01	2.079999999999999905e-02
5.400000000000000069e-04	2.524976228412829093e-01	4.017350046258223450e-01
-3.197005422491776550e-01	1.068000000000000026e-02	4.722241853412828538e-01
-3.273363615337171462e-01	2.796646921258223450e-01	2.082000000000000170e-02
5.599999999999999509e-04	2.695874665912829093e-01	3.931900827508223450e-01
-3.184798391241776550e-01	1.069999999999999944e-02	4.624585603412828538e-01
-3.261156584087171462e-01	2.711197702508223450e-01	2.084000000000000088e-02
5.800000000000000034e-04	2.598218415912829093e-01	3.944107858758223450e-01
-3.270247609991776550e-01	1.072000000000000036e-02	4.648999665912828538e-01
-3.346605802837171462e-01	2.869889108758223450e-01	2.086000000000000007e-02
5.999999999999999474e-04	2.769116853412829093e-01	3.858658640008223450e-01
-3.245833547491776550e-01	1.073999999999999955e-02	4.551343415912828538e-01
-3.334398771587171462e-01	2.784439890008223450e-01	2.087999999999999926e-02
6.199999999999999999e-04	2.671460603412829093e-01	3.883072702508223450e-01
-3.343489797491776550e-01	1.076000000000000047e-02	4.575757478412828538e-01
-3.419847990337171462e-01	2.930924265008223450e-01	2.089999999999999844e-02
6.400000000000000524e-04	2.842359040912829093e-01	3.785416452508223450e-01
-3.319075734991776550e-01	1.077999999999999965e-02	4.478101228412828538e-01
-3.407640959087171462e-01	2.845475046258223450e-01	2.092000000000000109e-02
6.599999999999999964e-04	2.744702790912829093e-01	3.797623483758223450e-01
-3.404524953741776550e-01	1.080000000000000057e-02	4.490308259662828538e-01
-3.493090177837171462e-01	3.004166452508223450e-01	2.094000000000000028e-02
6.800000000000000488e-04	2.927808259662829093e-01	3.724381296258223450e-01
-3.380110891241776550e-01	1.081999999999999976e-02	4.404859040912828538e-01
-3.480883146587171462e-01	2.918717233758223450e-01	2.095999999999999946e-02
6.999999999999999929e-04	2.830152009662829093e-01	3.724381296258223450e-01
-3.465560109991776550e-01	1.084000000000000068e-02	4.417066072162828538e-01
-3.578539396587171462e-01	3.077408640008223450e-01	2.097999999999999865e-02
7.200000000000000453e-04	3.001050447162829093e-01	3.651139108758223450e-01
-3.453353078741776550e-01	1.085999999999999986e-02	4.331616853412828538e-01
-3.554125334087171462e-01	2.991959421258223450e-01	2.100000000000000130e-02
7.399999999999999894e-04	2.903394197162829093e-01	3.663346140008223450e-01
-3.538802297491776550e-01	1.088000000000000078e-02	4.343823884662828538e-01
-3.651781584087171462e-01	3.150650827508223450e-01	2.102000000000000049e-02
7.600000000000000418e-04	3.074292634662829093e-01	3.577896921258223450e-01
-3.514388234991776550e-01	1.089999999999999997e-02	4.246167634662828538e-01
-3.639574552837171462e-01	3.052994577508223450e-01	2.103999999999999967e-02
7.799999999999999859e-04	2.988843415912829093e-01	3.590103952508223450e-01
-3.612044484991776550e-01	1.091999999999999915e-02	4.270581697162828538e-01
-3.737230802837171462e-01	3.211685983758223450e-01	2.105999999999999886e-02
8.000000000000000383e-04	3.147534822162828538e-01	3.504654733758223450e-01
-3.587630422491776550e-01	1.094000000000000007e-02	4.172925447162828538e-01
-3.712816740337171462e-01	3.126236765008223450e-01	2.108000000000000151e-02
8.199999999999999824e-04	3.049878572162829093e-01	3.516861765008223450e-01
-3.660872609991776550e-01	1.095999999999999926e-02	4.185132478412828538e-01
-3.810472990337171462e-01	3.284928171258223450e-01	2.110000000000000070e-02
8.400000000000000348e-04	3.232984040912828538e-01	3.431412546258223450e-01
-3.648665578741776550e-01	1.098000000000000018e-02	4.087476228412828538e-01
-3.786058927837171462e-01	3.199478952508223450e-01	2.111999999999999988e-02
8.599999999999999789e-04	3.135327790912828538e-01	3.443619577508223450e-01
-3.734114797491776550e-01	1.099999999999999936e-02	4.111890290912828538e-01
-3.883715177837171462e-01	3.358170358758223450e-01	2.113999999999999907e-02
8.800000000000000313e-04	3.306226228412828538e-01	3.358170358758223450e-01
-3.721907766241776550e-01	1.102000000000000028e-02	4.014234040912828538e-01
-3.871508146587171462e-01	3.260514108758223450e-01	2.116000000000000172e-02
8.999999999999999754e-04	3.208569978412828538e-01	3.370377390008223450e-01
-3.807356984991776550e-01	1.103999999999999947e-02	4.038648103412828538e-01
-3.969164396587171462e-01	3.419205515008223450e-01	2.118000000000000091e-02
9.200000000000000278e-04	3.379468415912828538e-01	3.284928171258223450e-01
-3.782942922491776550e-01	1.106000000000000039e-02	3.940991853412828538e-01
-3.944750334087171462e-01	3.333756296258223450e-01	2.120000000000000009e-02
9.399999999999999719e-04	3.294019197162828538e-01	3.297135202508223450e-01
-3.868392141241776550e-01	1.107999999999999957e-02	3.953198884662828538e-01
-4.042406584087171462e-01	3.492447702508223450e-01	2.121999999999999928e-02
9.600000000000000243e-04	3.464917634662828538e-01	3.211685983758223450e-01
-3.843978078741776550e-01	1.110000000000000049e-02	3.867749665912828538e-01
-4.017992521587171462e-01	3.406998483758223450e-01	2.123999999999999846e-02
9.799999999999999684e-04	3.367261384662828538e-01	3.223893015008223450e-01
-3.929427297491776550e-01	1.111999999999999968e-02	3.879956697162828538e-01
-4.115648771587171462e-01	3.553482858758223450e-01	2.126000000000000112e-02
1.000000000000000021e-03	3.538159822162828538e-01	3.138443796258223450e-01
-3.917220266241776550e-01	1.114000000000000060e-02	3.794507478412828538e-01
-4.103441740337171462e-01	3.468033640008223450e-01	2.128000000000000030e-02
1.020000000000000073e-03	3.452710603412828538e-01	3.150650827508223450e-01
-4.002669484991776550e-01	1.115999999999999978e-02	3.806714509662828538e-01
-4.201097990337171462e-01	3.626725046258223450e-01	2.129999999999999949e-02
1.039999999999999909e-03	3.611402009662828538e-01	3.065201608758223450e-01
-3.990462453741776550e-01	1.118000000000000070e-02	3.709058259662828538e-01
-4.176683927837171462e-01	3.541275827508223450e-01	2.131999999999999867e-02
1.059999999999999961e-03	3.525952790912828538e-01	3.077408640008223450e-01
-4.063704641241776550e-01	1.119999999999999989e-02	3.721265290912828538e-01
-4.274340177837171462e-01	3.699967233758223450e-01	2.134000000000000133e-02
1.080000000000000014e-03	3.696851228412828538e-01	2.991959421258223450e-01
-4.051497609991776550e-01	1.122000000000000081e-02	3.635816072162828538e-01
-4.249926115337171462e-01	3.614518015008223450e-01	2.136000000000000051e-02
1.100000000000000066e-03	3.611402009662828538e-01	3.004166452508223450e-01
-4.136946828741776550e-01	1.123999999999999999e-02	3.648023103412828538e-01
-4.347582365337171462e-01	3.773209421258223450e-01	2.137999999999999970e-02
1.119999999999999902e-03	3.770093415912828538e-01	2.918717233758223450e-01
-4.124739797491776550e-01	1.125999999999999918e-02	3.550366853412828538e-01
-4.335375334087171462e-01	3.687760202508223450e-01	2.139999999999999888e-02
1.139999999999999954e-03	3.684644197162828538e-01	2.930924265008223450e-01
-4.197981984991776550e-01	1.128000000000000010e-02	3.574780915912828538e-01
-4.433031584087171462e-01	3.834244577508223450e-01	2.142000000000000154e-02
1.160000000000000007e-03	3.843335603412828538e-01	2.845475046258223450e-01
-4.185774953741776550e-01	1.129999999999999928e-02	3.477124665912828538e-01
-4.408617521587171462e-01	3.748795358758223450e-01	2.144000000000000072e-02
1.180000000000000059e-03	3.757886384662828538e-01	2.869889108758223450e-01
-4.271224172491776550e-01	1.132000000000000020e-02	3.489331697162828538e-01
-4.506273771587171462e-01	3.907486765008223450e-01	2.145999999999999991e-02
1.199999999999999895e-03	3.928784822162828538e-01	2.784439890008223450e-01
-4.259017141241776550e-01	1.133999999999999939e-02	3.403882478412828538e-01
-4.481859709087171462e-01	3.822037546258223450e-01	2.147999999999999909e-02
1.219999999999999947e-03	3.831128572162828538e-01	2.796646921258223450e-01
-4.344466359991776550e-01	1.136000000000000031e-02	3.416089509662828538e-01
-4.579515959087171462e-01	3.980728952508223450e-01	2.149999999999999828e-02
1.240000000000000000e-03	4.002027009662828538e-01	2.711197702508223450e-01
-4.320052297491776550e-01	1.137999999999999949e-02	3.318433259662828538e-01
-4.567308927837171462e-01	3.883072702508223450e-01	2.152000000000000093e-02
1.260000000000000052e-03	3.904370759662828538e-01	2.723404733758223450e-01
-4.405501516241776550e-01	1.140000000000000041e-02	3.342847322162828538e-01
-4.652758146587171462e-01	4.053971140008223450e-01	2.154000000000000012e-02
1.280000000000000105e-03	4.075269197162828538e-01	2.637955515008223450e-01
-4.381087453741776550e-01	1.141999999999999960e-02	3.245191072162828538e-01
-4.640551115337171462e-01	3.956314890008223450e-01	2.155999999999999930e-02
1.299999999999999940e-03	3.989819978412828538e-01	2.662369577508223450e-01
-4.478743703741776550e-01	1.144000000000000052e-02	3.257398103412828538e-01
-4.738207365337171462e-01	4.115006296258223450e-01	2.157999999999999849e-02
1.319999999999999993e-03	4.160718415912828538e-01	2.576920358758223450e-01
-4.454329641241776550e-01	1.145999999999999970e-02	3.171948884662828538e-01
-4.713793302837171462e-01	4.029557077508223450e-01	2.160000000000000114e-02
1.340000000000000045e-03	4.063062165912828538e-01	2.576920358758223450e-01
-4.539778859991776550e-01	1.148000000000000062e-02	3.184155915912828538e-01
-4.811449552837171462e-01	4.176041452508223450e-01	2.162000000000000033e-02
1.360000000000000098e-03	4.233960603412828538e-01	2.503678171258223450e-01
-4.515364797491776550e-01	1.149999999999999981e-02	3.086499665912829093e-01
-4.799242521587171462e-01	4.102799265008223450e-01	2.163999999999999951e-02
1.379999999999999933e-03	4.136304353412828538e-01	2.515885202508223450e-01
-4.600814016241776550e-01	1.152000000000000073e-02	3.110913728412829093e-01
-4.884691740337171462e-01	4.249283640008223450e-01	2.165999999999999870e-02
1.399999999999999986e-03	4.307202790912828538e-01	2.430435983758223728e-01
-4.588606984991776550e-01	1.153999999999999991e-02	3.013257478412829093e-01
-4.872484709087171462e-01	4.163834421258223450e-01	2.168000000000000135e-02
1.420000000000000038e-03	4.221753572162828538e-01	2.442643015008223728e-01
-4.674056203741776550e-01	1.156000000000000083e-02	3.037671540912829093e-01
-4.957933927837171462e-01	4.322525827508223450e-01	2.170000000000000054e-02
1.440000000000000091e-03	4.380444978412828538e-01	2.357193796258223728e-01
-4.649642141241776550e-01	1.158000000000000002e-02	2.927808259662829093e-01
-4.945726896587171462e-01	4.237076608758223450e-01	2.171999999999999972e-02
1.459999999999999926e-03	4.294995759662828538e-01	2.381607858758223728e-01
-4.747298391241776550e-01	1.159999999999999920e-02	2.952222322162829093e-01
-5.031176115337171462e-01	4.383560983758223450e-01	2.173999999999999891e-02
1.479999999999999979e-03	4.465894197162828538e-01	2.283951608758223728e-01
-4.710677297491776550e-01	1.162000000000000012e-02	2.866773103412829093e-01
-5.031176115337171462e-01	4.298111765008223450e-01	2.176000000000000156e-02
1.500000000000000031e-03	4.368237947162828538e-01	2.308365671258223728e-01
-4.808333547491776550e-01	1.163999999999999931e-02	2.878980134662829093e-01
-5.116625334087171462e-01	4.456803171258223450e-01	2.178000000000000075e-02
1.520000000000000084e-03	4.539136384662828538e-01	2.210709421258223728e-01
-4.783919484991776550e-01	1.166000000000000023e-02	2.781323884662829093e-01
-5.104418302837171462e-01	4.371353952508223450e-01	2.179999999999999993e-02
1.539999999999999919e-03	4.453687165912828538e-01	2.235123483758223728e-01
-4.869368703741776550e-01	1.167999999999999941e-02	2.793530915912829093e-01
-5.202074552837171462e-01	4.530045358758223450e-01	2.181999999999999912e-02
1.559999999999999972e-03	4.612378572162828538e-01	2.137467233758223728e-01
-4.844954641241776550e-01	1.170000000000000033e-02	2.708081697162829093e-01
-5.177660490337171462e-01	4.432389108758223450e-01	2.183999999999999830e-02
1.580000000000000024e-03	4.514722322162828538e-01	2.161881296258223728e-01
-4.930403859991776550e-01	1.171999999999999952e-02	2.720288728412829093e-01
-5.275316740337171462e-01	4.591080515008223450e-01	2.186000000000000096e-02
1.600000000000000077e-03	4.685620759662828538e-01	2.076432077508223728e-01
-4.905989797491776550e-01	1.174000000000000044e-02	2.622632478412829093e-01
-5.250902677837171462e-01	4.505631296258223450e-01	2.188000000000000014e-02
1.619999999999999912e-03	4.600171540912828538e-01	2.088639108758223728e-01
-4.991439016241776550e-01	1.175999999999999962e-02	2.634839509662829093e-01
-5.348558927837171462e-01	4.652115671258223450e-01	2.189999999999999933e-02
1.639999999999999965e-03	4.783277009662828538e-01	2.003189890008223728e-01
-4.979231984991776550e-01	1.178000000000000054e-02	2.549390290912829093e-01
-5.336351896587171462e-01	4.578873483758223450e-01	2.191999999999999851e-02
1.660000000000000017e-03	4.673413728412828538e-01	2.015396921258223728e-01
-5.052474172491776550e-01	1.179999999999999973e-02	2.573804353412829093e-01
-5.421801115337171462e-01	4.725357858758223450e-01	2.194000000000000117e-02
1.680000000000000070e-03	4.856519197162828538e-01	1.929947702508223728e-01
-5.040267141241776550e-01	1.182000000000000065e-02	2.463941072162828816e-01
-5.397387052837171462e-01	4.639908640008223450e-01	2.196000000000000035e-02
1.699999999999999905e-03	4.758862947162828538e-01	1.942154733758223728e-01
-5.137923391241776550e-01	1.183999999999999983e-02	2.488355134662828816e-01
-5.495043302837171462e-01	4.798600046258223450e-01	2.197999999999999954e-02
1.719999999999999958e-03	4.929761384662828538e-01	1.856705515008223728e-01
-5.113509328741776550e-01	1.186000000000000075e-02	2.402905915912828816e-01
-5.482836271587171462e-01	4.713150827508223450e-01	2.199999999999999872e-02
1.740000000000000010e-03	4.832105134662828538e-01	1.868912546258223728e-01
-5.186751516241776550e-01	1.187999999999999994e-02	2.415112947162828816e-01
-5.580492521587171462e-01	4.859635202508223450e-01	2.202000000000000138e-02
1.760000000000000063e-03	5.003003572162828538e-01	1.783463327508223728e-01
-5.174544484991776550e-01	1.190000000000000085e-02	2.317456697162828816e-01
-5.568285490337171462e-01	4.774185983758223450e-01	2.204000000000000056e-02
1.779999999999999898e-03	4.905347322162828538e-01	1.807877390008223728e-01
-5.259993703741776550e-01	1.192000000000000004e-02	2.341870759662828816e-01
-5.653734709087171462e-01	4.932877390008223450e-01	2.205999999999999975e-02
1.799999999999999951e-03	5.076245759662828538e-01	1.710221140008223728e-01
-5.235579641241776550e-01	1.193999999999999923e-02	2.244214509662828816e-01
-5.641527677837171462e-01	4.835221140008223450e-01	2.207999999999999893e-02
1.820000000000000003e-03	4.990796540912828538e-01	1.734635202508223728e-01
-5.321028859991776550e-01	1.196000000000000014e-02	2.256421540912828816e-01
-5.739183927837171462e-01	5.006119577508223450e-01	2.210000000000000159e-02
1.840000000000000056e-03	5.149487947162828538e-01	1.636978952508223728e-01
-5.308821828741776550e-01	1.197999999999999933e-02	2.170972322162828816e-01
-5.714769865337171462e-01	4.920670358758223450e-01	2.212000000000000077e-02
1.860000000000000108e-03	5.064038728412828538e-01	1.649185983758223728e-01
-5.394271047491776550e-01	1.200000000000000025e-02	2.183179353412828816e-01
-5.812426115337171462e-01	5.079361765008223450e-01	2.213999999999999996e-02
1.879999999999999944e-03	5.234937165912828538e-01	1.563736765008223728e-01
-5.369856984991776550e-01	1.201999999999999943e-02	2.085523103412828816e-01
-5.788012052837171462e-01	4.981705515008223450e-01	2.215999999999999914e-02
1.899999999999999996e-03	5.137280915912828538e-01	1.588150827508223728e-01
-5.455306203741776550e-01	1.204000000000000035e-02	2.109937165912828816e-01
-5.885668302837171462e-01	5.140396921258223450e-01	2.217999999999999833e-02
1.920000000000000049e-03	5.308179353412828538e-01	1.502701608758223728e-01
-5.443099172491776550e-01	1.205999999999999954e-02	2.012280915912828816e-01
-5.873461271587171462e-01	5.054947702508223450e-01	2.220000000000000098e-02
1.940000000000000101e-03	5.222730134662828538e-01	1.514908640008223728e-01
-5.516341359991776550e-01	1.208000000000000046e-02	2.024487947162828816e-01
-5.958910490337171462e-01	5.213639108758223450e-01	2.222000000000000017e-02
1.959999999999999937e-03	5.393628572162828538e-01	1.441666452508223728e-01
-5.504134328741776550e-01	1.209999999999999964e-02	1.939038728412828816e-01
-5.946703459087171462e-01	5.115982858758223450e-01	2.223999999999999935e-02
1.979999999999999989e-03	5.295972322162828538e-01	1.453873483758223728e-01
-5.577376516241776550e-01	1.212000000000000056e-02	1.951245759662828816e-01
-6.044359709087171462e-01	5.274674265008223450e-01	2.225999999999999854e-02
2.000000000000000042e-03	5.454663728412828538e-01	1.368424265008223728e-01
-5.565169484991776550e-01	1.213999999999999975e-02	1.865796540912828816e-01
-6.032152677837171462e-01	5.189225046258223450e-01	2.228000000000000119e-02
2.020000000000000094e-03	5.381421540912828538e-01	1.380631296258223728e-01
-5.662825734991776550e-01	1.216000000000000067e-02	1.878003572162828816e-01
-6.117601896587171462e-01	5.335709421258223450e-01	2.230000000000000038e-02
2.040000000000000147e-03	5.540112947162828538e-01	1.307389108758223728e-01
-5.638411672491776550e-01	1.217999999999999985e-02	1.780347322162828816e-01
-6.105394865337171462e-01	5.262467233758223450e-01	2.231999999999999956e-02
2.060000000000000199e-03	5.442456697162828538e-01	1.331803171258223728e-01
-5.723860891241776550e-01	1.220000000000000077e-02	1.792554353412828816e-01
-6.190844084087171462e-01	5.408951608758223450e-01	2.233999999999999875e-02
2.079999999999999818e-03	5.613355134662828538e-01	1.234146921258223728e-01
-5.699446828741776550e-01	1.221999999999999996e-02	1.707105134662828816e-01
-6.178637052837171462e-01	5.323502390008223450e-01	2.236000000000000140e-02
2.099999999999999870e-03	5.527905915912828538e-01	1.258560983758223728e-01
-5.784896047491776550e-01	1.223999999999999914e-02	1.719312165912828816e-01
-6.276293302837171462e-01	5.482193796258223450e-01	2.238000000000000059e-02
2.119999999999999923e-03	5.686597322162828538e-01	1.173111765008223728e-01
-5.760481984991776550e-01	1.226000000000000006e-02	1.646069978412828816e-01
-6.251879240337171462e-01	5.396744577508223450e-01	2.239999999999999977e-02
2.139999999999999975e-03	5.601148103412828538e-01	1.185318796258223728e-01
-5.845931203741776550e-01	1.227999999999999925e-02	1.658277009662828816e-01
-6.349535490337171462e-01	5.555435983758223450e-01	2.241999999999999896e-02
2.160000000000000028e-03	5.772046540912828538e-01	1.099869577508223728e-01
-5.833724172491776550e-01	1.230000000000000017e-02	1.560620759662828816e-01
-6.337328459087171462e-01	5.457779733758223450e-01	2.244000000000000161e-02
2.180000000000000080e-03	5.686597322162828538e-01	1.112076608758223728e-01
-5.919173391241776550e-01	1.231999999999999935e-02	1.572827790912828816e-01
-6.422777677837171462e-01	5.616471140008223450e-01	2.246000000000000080e-02
2.200000000000000133e-03	5.845288728412828538e-01	1.026627390008223728e-01
-5.894759328741776550e-01	1.234000000000000027e-02	1.487378572162828816e-01
-6.410570646587171462e-01	5.531021921258223450e-01	2.247999999999999998e-02
2.220000000000000185e-03	5.759839509662828538e-01	1.051041452508223728e-01
-5.980208547491776550e-01	1.235999999999999946e-02	1.499585603412828816e-01
-6.508226896587171462e-01	5.677506296258223450e-01	2.249999999999999917e-02
2.239999999999999804e-03	5.930737947162828538e-01	9.655922337582237280e-02
-5.968001516241776550e-01	1.238000000000000038e-02	1.414136384662828816e-01
-6.483812834087171462e-01	5.604264108758223450e-01	2.251999999999999835e-02
2.259999999999999856e-03	5.833081697162828538e-01	9.777992650082237280e-02
-6.053450734991776550e-01	1.239999999999999956e-02	1.426343415912828816e-01
-6.581469084087171462e-01	5.750748483758223450e-01	2.254000000000000101e-02
2.279999999999999909e-03	6.003980134662828538e-01	8.801430150082237280e-02
-6.029036672491776550e-01	1.242000000000000048e-02	1.328687165912828816e-01
-6.569262052837171462e-01	5.665299265008223450e-01	2.256000000000000019e-02
2.299999999999999961e-03	5.906323884662828538e-01	9.167641087582237280e-02
-6.114485891241776550e-01	1.243999999999999967e-02	1.353101228412828816e-01
-6.654711271587171462e-01	5.811783640008223450e-01	2.257999999999999938e-02
2.320000000000000014e-03	6.077222322162828538e-01	8.191078587582237280e-02
-6.090071828741776550e-01	1.246000000000000059e-02	1.255444978412828816e-01
-6.642504240337171462e-01	5.726334421258223450e-01	2.259999999999999856e-02
2.340000000000000066e-03	5.979566072162828538e-01	8.313148900082237280e-02
-6.175521047491776550e-01	1.247999999999999977e-02	1.267652009662828816e-01
-6.740160490337171462e-01	5.885025827508223450e-01	2.262000000000000122e-02
2.360000000000000119e-03	6.150464509662828538e-01	7.458656712582237280e-02
-6.163314016241776550e-01	1.250000000000000069e-02	1.182202790912828816e-01
-6.715746427837171462e-01	5.799576608758223450e-01	2.264000000000000040e-02
2.380000000000000171e-03	6.065015290912828538e-01	7.580727025082237280e-02
-6.236556203741776550e-01	1.251999999999999988e-02	1.206616853412828816e-01
-6.813402677837171462e-01	5.946060983758223450e-01	2.265999999999999959e-02
2.399999999999999790e-03	6.235913728412828538e-01	6.848305150082237280e-02
-6.224349172491776550e-01	1.254000000000000080e-02	1.096753572162828816e-01
-6.801195646587171462e-01	5.860611765008223450e-01	2.267999999999999877e-02
2.419999999999999842e-03	6.138257478412828538e-01	6.970375462582237280e-02
-6.309798391241776550e-01	1.255999999999999998e-02	1.121167634662828816e-01
-6.886644865337171462e-01	6.007096140008223450e-01	2.270000000000000143e-02
2.439999999999999895e-03	6.309155915912828538e-01	6.115883275082237280e-02
-6.285384328741776550e-01	1.257999999999999917e-02	1.023511384662828816e-01
-6.874437834087171462e-01	5.933853952508223450e-01	2.272000000000000061e-02
2.459999999999999947e-03	6.211499665912828538e-01	6.237953587582237280e-02
-6.370833547491776550e-01	1.260000000000000009e-02	1.047925447162828816e-01
-6.959887052837171462e-01	6.080338327508223450e-01	2.273999999999999980e-02
2.480000000000000000e-03	6.394605134662828538e-01	5.383461400082237280e-02
-6.346419484991776550e-01	1.261999999999999927e-02	9.502691971628288159e-02
-6.947680021587171462e-01	5.982682077508223450e-01	2.275999999999999898e-02
2.500000000000000052e-03	6.296948884662828538e-01	5.627602025082237280e-02
-6.431868703741776550e-01	1.264000000000000019e-02	9.624762284128288159e-02
-7.045336271587171462e-01	6.141373483758223450e-01	2.278000000000000164e-02
2.520000000000000104e-03	6.467847322162828538e-01	4.651039525082237280e-02
-6.419661672491776550e-01	1.265999999999999938e-02	8.770270096628288159e-02
-7.033129240337171462e-01	6.055924265008223450e-01	2.280000000000000082e-02
2.540000000000000157e-03	6.370191072162828538e-01	4.895180150082237280e-02
-6.505110891241776550e-01	1.268000000000000030e-02	8.892340409128288159e-02
-7.118578459087171462e-01	6.214615671258223450e-01	2.282000000000000001e-02
2.560000000000000209e-03	6.541089509662828538e-01	4.040687962582237280e-02
-6.480696828741776550e-01	1.269999999999999948e-02	7.915777909128288159e-02
-7.106371427837171462e-01	6.129166452508223450e-01	2.283999999999999919e-02
2.579999999999999828e-03	6.443433259662828538e-01	4.162758275082237280e-02
-6.566146047491776550e-01	1.272000000000000040e-02	8.159918534128288159e-02
-7.204027677837171462e-01	6.275650827508223450e-01	2.285999999999999838e-02
2.599999999999999881e-03	6.614331697162828538e-01	3.308266087582237280e-02
-6.541731984991776550e-01	1.273999999999999959e-02	7.183356034128288159e-02
-7.179613615337171462e-01	6.190201608758223450e-01	2.288000000000000103e-02
2.619999999999999933e-03	6.528882478412828538e-01	3.552406712582237280e-02
-6.627181203741776550e-01	1.276000000000000051e-02	7.305426346628288159e-02
-7.277269865337171462e-01	6.348893015008223450e-01	2.290000000000000022e-02
2.639999999999999986e-03	6.699780915912828538e-01	2.575844212582237280e-02
-6.614974172491776550e-01	1.277999999999999969e-02	6.450934159128288159e-02
-7.265062834087171462e-01	6.263443796258223450e-01	2.291999999999999940e-02
2.660000000000000038e-03	6.602124665912828538e-01	2.819984837582237280e-02
-6.688216359991776550e-01	1.280000000000000061e-02	6.573004471628288159e-02
-7.350512052837171462e-01	6.409928171258223450e-01	2.293999999999999859e-02
2.680000000000000090e-03	6.773023103412828538e-01	1.965492650082237280e-02
-6.676009328741776550e-01	1.281999999999999980e-02	5.596441971628288853e-02
-7.338305021587171462e-01	6.336685983758223450e-01	2.296000000000000124e-02
2.700000000000000143e-03	6.687573884662828538e-01	2.087562962582237280e-02
-6.761458547491776550e-01	1.284000000000000072e-02	5.840582596628288853e-02
-7.423754240337171462e-01	6.483170358758223450e-01	2.298000000000000043e-02
2.720000000000000195e-03	6.858472322162828538e-01	1.233070775082237280e-02
-6.737044484991776550e-01	1.285999999999999990e-02	4.864020096628288853e-02
-7.411547209087171462e-01	6.397721140008223450e-01	2.299999999999999961e-02
2.739999999999999814e-03	6.748609040912828538e-01	1.477211400082237280e-02
-6.822493703741776550e-01	1.288000000000000082e-02	5.108160721628288853e-02
-7.509203459087171462e-01	6.556412546258223450e-01	2.301999999999999880e-02
2.759999999999999867e-03	6.931714509662828538e-01	6.227192125822372804e-03
-6.798079641241776550e-01	1.290000000000000001e-02	4.131598221628288853e-02
-7.484789396587171462e-01	6.470963327508223450e-01	2.304000000000000145e-02
2.779999999999999919e-03	6.834058259662828538e-01	7.447895250822372804e-03
-6.883528859991776550e-01	1.291999999999999919e-02	4.253668534128288853e-02
-7.582445646587171462e-01	6.617447702508223450e-01	2.306000000000000064e-02
2.799999999999999972e-03	7.004956697162828538e-01	-1.097026624177627196e-03
-6.871321828741776550e-01	1.294000000000000011e-02	3.277106034128288853e-02
-7.558031584087171462e-01	6.531998483758223450e-01	2.307999999999999982e-02
2.820000000000000024e-03	6.907300447162828538e-01	1.236765008223728035e-04
-6.944564016241776550e-01	1.295999999999999930e-02	3.521246659128288853e-02
-7.655687834087171462e-01	6.690689890008223450e-01	2.309999999999999901e-02
2.840000000000000076e-03	7.078198884662828538e-01	-8.421245374177627196e-03
-6.932356984991776550e-01	1.298000000000000022e-02	2.544684159128288853e-02
-7.643480802837171462e-01	6.605240671258223450e-01	2.312000000000000166e-02
2.860000000000000129e-03	6.992749665912828538e-01	-7.200542249177627196e-03
-7.005599172491776550e-01	1.299999999999999940e-02	2.666754471628288853e-02
-7.728930021587171462e-01	6.751725046258223450e-01	2.314000000000000085e-02
2.880000000000000181e-03	7.163648103412828538e-01	-1.574546412417762720e-02
-6.993392141241776550e-01	1.302000000000000032e-02	1.690191971628288853e-02
-7.716722990337171462e-01	6.666275827508223450e-01	2.316000000000000003e-02
2.899999999999999800e-03	7.065991853412828538e-01	-1.330405787417762720e-02
-7.078841359991776550e-01	1.303999999999999951e-02	1.934332596628288853e-02
-7.814379240337171462e-01	6.824967233758223450e-01	2.317999999999999922e-02
2.919999999999999853e-03	7.236890290912828538e-01	-2.306968287417762720e-02
-7.066634328741776550e-01	1.306000000000000043e-02	9.577700966282888528e-03
-7.789965177837171462e-01	6.739518015008223450e-01	2.319999999999999840e-02
2.939999999999999905e-03	7.139234040912828538e-01	-2.062827662417762720e-02
-7.139876516241776550e-01	1.307999999999999961e-02	1.201910721628288853e-02
-7.887621427837171462e-01	6.886002390008223450e-01	2.322000000000000106e-02
2.959999999999999958e-03	7.310132478412828538e-01	-2.917319849917762720e-02
-7.115462453741776550e-01	1.310000000000000053e-02	2.253482216282888528e-03
-7.863207365337171462e-01	6.800553171258223450e-01	2.324000000000000024e-02
2.980000000000000010e-03	7.224683259662828538e-01	-2.795249537417762720e-02
-7.213118703741776550e-01	1.311999999999999972e-02	3.474185341282888528e-03
-7.960863615337171462e-01	6.947037546258223450e-01	2.325999999999999943e-02
3.000000000000000062e-03	7.395581697162828538e-01	-3.649741724917762720e-02
-7.188704641241776550e-01	1.314000000000000064e-02	-6.291439658717111472e-03
-7.948656584087171462e-01	6.861588327508223450e-01	2.327999999999999861e-02
3.020000000000000115e-03	7.285718415912828538e-01	-3.405601099917762720e-02
-7.274153859991776550e-01	1.315999999999999982e-02	-3.850033408717111472e-03
-8.046312834087171462e-01	7.020279733758223450e-01	2.330000000000000127e-02
3.040000000000000167e-03	7.468823884662828538e-01	-4.260093287417762720e-02
-7.249739797491776550e-01	1.318000000000000074e-02	-1.361565840871711147e-02
-8.021898771587171462e-01	6.934830515008223450e-01	2.332000000000000045e-02
3.059999999999999786e-03	7.371167634662828538e-01	-4.015952662417762720e-02
-7.335189016241776550e-01	1.319999999999999993e-02	-1.117425215871711147e-02
-8.119555021587171462e-01	7.081314890008223450e-01	2.333999999999999964e-02
3.079999999999999839e-03	7.542066072162828538e-01	-4.992515162417762720e-02
-7.310774953741776550e-01	1.322000000000000085e-02	-2.093987715871711147e-02
-8.107347990337171462e-01	7.008072702508223450e-01	2.335999999999999882e-02
3.099999999999999891e-03	7.444409822162828538e-01	-4.870444849917762720e-02
-7.396224172491776550e-01	1.324000000000000003e-02	-1.849847090871711147e-02
-8.192797209087171462e-01	7.154557077508223450e-01	2.338000000000000148e-02
3.119999999999999944e-03	7.615308259662828538e-01	-5.724937037417762720e-02
-7.371810109991776550e-01	1.325999999999999922e-02	-2.826409590871711147e-02
-8.180590177837171462e-01	7.069107858758223450e-01	2.340000000000000066e-02
3.139999999999999996e-03	7.529859040912828538e-01	-5.480796412417762720e-02
-7.469466359991776550e-01	1.328000000000000014e-02	-2.704339278371711147e-02
-8.278246427837171462e-01	7.227799265008223450e-01	2.341999999999999985e-02
3.160000000000000048e-03	7.700757478412828538e-01	-6.335288599917762720e-02
-7.445052297491776550e-01	1.329999999999999932e-02	-3.558831465871711147e-02
-8.253832365337171462e-01	7.130143015008223450e-01	2.343999999999999903e-02
3.180000000000000101e-03	7.603101228412828538e-01	-6.213218287417762720e-02
-7.530501516241776550e-01	1.332000000000000024e-02	-3.436761153371711147e-02
-8.351488615337171462e-01	7.288834421258223450e-01	2.346000000000000169e-02
3.200000000000000153e-03	7.773999665912828538e-01	-7.067710474917762720e-02
-7.506087453741776550e-01	1.333999999999999943e-02	-4.413323653371711147e-02
-8.339281584087171462e-01	7.203385202508223450e-01	2.348000000000000087e-02
3.220000000000000206e-03	7.676343415912828538e-01	-6.823569849917762720e-02
-7.591536672491776550e-01	1.336000000000000035e-02	-4.169183028371711147e-02
-8.424730802837171462e-01	7.349869577508223450e-01	2.350000000000000006e-02
3.239999999999999825e-03	7.847241853412828538e-01	-7.800132349917762720e-02
-7.567122609991776550e-01	1.337999999999999953e-02	-5.145745528371711147e-02
-8.412523771587171462e-01	7.264420358758223450e-01	2.351999999999999924e-02
3.259999999999999877e-03	7.761792634662828538e-01	-7.555991724917762720e-02
-7.652571828741776550e-01	1.340000000000000045e-02	-5.023675215871711147e-02
-8.510180021587171462e-01	7.410904733758223450e-01	2.353999999999999843e-02
3.279999999999999930e-03	7.920484040912828538e-01	-8.410483912417762720e-02
-7.628157766241776550e-01	1.341999999999999964e-02	-5.878167403371711147e-02
-8.485765959087171462e-01	7.337662546258223450e-01	2.356000000000000108e-02
3.299999999999999982e-03	7.835034822162828538e-01	-8.288413599917762720e-02
-7.713606984991776550e-01	1.344000000000000056e-02	-5.756097090871711147e-02
-8.583422209087171462e-01	7.484146921258223450e-01	2.358000000000000027e-02
3.320000000000000034e-03	8.005933259662828538e-01	-9.142905787417762720e-02
-7.701399953741776550e-01	1.345999999999999974e-02	-6.610589278371711841e-02
-8.559008146587171462e-01	7.398697702508223450e-01	2.359999999999999945e-02
3.340000000000000087e-03	7.908277009662828538e-01	-9.020835474917762720e-02
-7.774642141241776550e-01	1.348000000000000066e-02	-6.488518965871711841e-02
-8.656664396587171462e-01	7.545182077508223450e-01	2.361999999999999864e-02
3.360000000000000139e-03	8.079175447162828538e-01	-9.875327662417762720e-02
-7.762435109991776550e-01	1.349999999999999985e-02	-7.465081465871711841e-02
-8.632250334087171462e-01	7.459732858758223450e-01	2.364000000000000129e-02
3.380000000000000192e-03	7.981519197162828538e-01	-9.631187037417762720e-02
-7.847884328741776550e-01	1.352000000000000077e-02	-7.343011153371711841e-02
-8.729906584087171462e-01	7.618424265008223450e-01	2.366000000000000048e-02
3.399999999999999811e-03	8.152417634662828538e-01	-1.048567922491776272e-01
-7.835677297491776550e-01	1.353999999999999995e-02	-8.197503340871711841e-02
-8.717699552837171462e-01	7.532975046258223450e-01	2.367999999999999966e-02
3.419999999999999863e-03	8.066968415912828538e-01	-1.036360891241776272e-01
-7.908919484991776550e-01	1.355999999999999914e-02	-8.075433028371711841e-02
-8.803148771587171462e-01	7.679459421258223450e-01	2.369999999999999885e-02
3.439999999999999915e-03	8.237866853412828538e-01	-1.121810109991776272e-01
-7.896712453741776550e-01	1.358000000000000006e-02	-9.051995528371711841e-02
-8.803148771587171462e-01	7.594010202508223450e-01	2.372000000000000150e-02
3.459999999999999968e-03	8.140210603412828538e-01	-1.097396047491776272e-01
-7.982161672491776550e-01	1.359999999999999924e-02	-8.807854903371711841e-02
-8.888597990337171462e-01	7.752701608758223450e-01	2.374000000000000069e-02
3.480000000000000020e-03	8.311109040912828538e-01	-1.182845266241776272e-01
-7.957747609991776550e-01	1.362000000000000016e-02	-9.784417403371711841e-02
-8.876390959087171462e-01	7.667252390008223450e-01	2.375999999999999987e-02
3.500000000000000073e-03	8.213452790912828538e-01	-1.158431203741776272e-01
-8.030989797491776550e-01	1.363999999999999935e-02	-9.540276778371711841e-02
-8.974047209087171462e-01	7.813736765008223450e-01	2.377999999999999906e-02
3.520000000000000125e-03	8.384351228412828538e-01	-1.256087453741776272e-01
-8.018782766241776550e-01	1.366000000000000027e-02	-1.051683927837171184e-01
-8.949633146587171462e-01	7.728287546258223450e-01	2.380000000000000171e-02
3.540000000000000178e-03	8.298902009662828538e-01	-1.231673391241776272e-01
-8.104231984991776550e-01	1.367999999999999945e-02	-1.039476896587171184e-01
-9.047289396587171462e-01	7.886978952508223450e-01	2.382000000000000089e-02
3.559999999999999797e-03	8.469800447162828538e-01	-1.329329641241776272e-01
-8.079817922491776550e-01	1.370000000000000037e-02	-1.124926115337171184e-01
-9.022875334087171462e-01	7.789322702508223450e-01	2.384000000000000008e-02
3.579999999999999849e-03	8.372144197162828538e-01	-1.304915578741776272e-01
-8.165267141241776550e-01	1.371999999999999956e-02	-1.112719084087171184e-01
-9.120531584087171462e-01	7.948014108758223450e-01	2.385999999999999927e-02
3.599999999999999901e-03	8.543042634662828538e-01	-1.390364797491776272e-01
-8.140853078741776550e-01	1.374000000000000048e-02	-1.210375334087171184e-01
-9.108324552837171462e-01	7.862564890008223450e-01	2.387999999999999845e-02
3.619999999999999954e-03	8.457593415912828538e-01	-1.365950734991776272e-01
-8.226302297491776550e-01	1.375999999999999966e-02	-1.185961271587171184e-01
-9.193773771587171462e-01	8.009049265008223450e-01	2.390000000000000110e-02
3.640000000000000006e-03	8.616284822162828538e-01	-1.451399953741776272e-01
-8.214095266241776550e-01	1.378000000000000058e-02	-1.283617521587171184e-01
-9.181566740337171462e-01	7.935807077508223450e-01	2.392000000000000029e-02
3.660000000000000059e-03	8.530835603412828538e-01	-1.439192922491776272e-01
-8.287337453741776550e-01	1.379999999999999977e-02	-1.271410490337171184e-01
-9.267015959087171462e-01	8.082291452508223450e-01	2.393999999999999947e-02
3.680000000000000111e-03	8.689527009662828538e-01	-1.524642141241776272e-01
-8.275130422491776550e-01	1.382000000000000069e-02	-1.356859709087171184e-01
-9.254808927837171462e-01	7.996842233758223450e-01	2.395999999999999866e-02
3.700000000000000164e-03	8.604077790912828538e-01	-1.500228078741776272e-01
-8.360579641241776550e-01	1.383999999999999987e-02	-1.344652677837171184e-01
-9.340258146587171462e-01	8.143326608758223450e-01	2.398000000000000131e-02
3.720000000000000216e-03	8.762769197162828538e-01	-1.585677297491776272e-01
-8.336165578741776550e-01	1.386000000000000079e-02	-1.442308927837171184e-01
-9.328051115337171462e-01	8.057877390008223450e-01	2.400000000000000050e-02
3.739999999999999835e-03	8.677319978412828538e-01	-1.573470266241776272e-01
-8.421614797491776550e-01	1.387999999999999998e-02	-1.417894865337171184e-01
-9.425707365337171462e-01	8.216568796258223450e-01	2.401999999999999968e-02
3.759999999999999887e-03	8.848218415912828538e-01	-1.658919484991776272e-01
-8.409407766241776550e-01	1.389999999999999916e-02	-1.515551115337171184e-01
-9.401293302837171462e-01	8.131119577508223450e-01	2.403999999999999887e-02
3.779999999999999940e-03	8.750562165912828538e-01	-1.646712453741776272e-01
-8.482649953741776550e-01	1.392000000000000008e-02	-1.503344084087171184e-01
-9.498949552837171462e-01	8.277603952508223450e-01	2.406000000000000152e-02
3.799999999999999992e-03	8.921460603412828538e-01	-1.732161672491776272e-01
-8.470442922491776550e-01	1.393999999999999927e-02	-1.588793302837171184e-01
-9.486742521587171462e-01	8.192154733758223450e-01	2.408000000000000071e-02
3.820000000000000045e-03	8.823804353412828538e-01	-1.707747609991776272e-01
-8.555892141241776550e-01	1.396000000000000019e-02	-1.576586271587171184e-01
-9.572191740337171462e-01	8.338639108758223450e-01	2.409999999999999989e-02
3.840000000000000097e-03	9.006909822162828538e-01	-1.793196828741776272e-01
-8.531478078741776550e-01	1.397999999999999937e-02	-1.674242521587171184e-01
-9.559984709087171462e-01	8.253189890008223450e-01	2.411999999999999908e-02
3.860000000000000150e-03	8.909253572162828538e-01	-1.780989797491776272e-01
-8.604720266241776550e-01	1.400000000000000029e-02	-1.649828459087171184e-01
-9.657640959087171462e-01	8.411881296258223450e-01	2.414000000000000173e-02
3.880000000000000202e-03	9.080152009662828538e-01	-1.866439016241776272e-01
-8.592513234991776550e-01	1.401999999999999948e-02	-1.747484709087171184e-01
-9.633226896587171462e-01	8.314225046258223450e-01	2.416000000000000092e-02
3.899999999999999821e-03	8.982495759662828538e-01	-1.842024953741776272e-01
-8.665755422491776550e-01	1.404000000000000040e-02	-1.735277677837171184e-01
-9.730883146587171462e-01	8.472916452508223450e-01	2.418000000000000010e-02
3.919999999999999873e-03	9.153394197162828538e-01	-1.939681203741776272e-01
-8.653548391241776550e-01	1.405999999999999958e-02	-1.832933927837171184e-01
-9.706469084087171462e-01	8.387467233758223450e-01	2.419999999999999929e-02
3.939999999999999926e-03	9.067944978412828538e-01	-1.915267141241776272e-01
-8.738997609991776550e-01	1.408000000000000050e-02	-1.808519865337171184e-01
-9.804125334087171462e-01	8.533951608758223450e-01	2.421999999999999847e-02
3.959999999999999978e-03	9.238843415912828538e-01	-2.000716359991776272e-01
-8.714583547491776550e-01	1.409999999999999969e-02	-1.893969084087171184e-01
-9.779711271587171462e-01	8.448502390008223450e-01	2.424000000000000113e-02
3.980000000000000031e-03	9.141187165912828538e-01	-1.988509328741776272e-01
-8.800032766241776550e-01	1.412000000000000061e-02	-1.881762052837171184e-01
-9.877367521587171462e-01	8.607193796258223450e-01	2.426000000000000031e-02
4.000000000000000083e-03	9.312085603412828538e-01	-2.073958547491776272e-01
-8.775618703741776550e-01	1.413999999999999979e-02	-1.979418302837171184e-01
-9.865160490337171462e-01	8.509537546258223450e-01	2.427999999999999950e-02
4.020000000000000136e-03	9.214429353412828538e-01	-2.061751516241776272e-01
-8.861067922491776550e-01	1.416000000000000071e-02	-1.967211271587171184e-01
-9.962816740337171462e-01	8.668228952508223450e-01	2.429999999999999868e-02
4.040000000000000188e-03	9.373120759662828538e-01	-2.134993703741776272e-01
-8.836653859991776550e-01	1.417999999999999990e-02	-2.052660490337171184e-01
-9.938402677837171462e-01	8.582779733758223450e-01	2.432000000000000134e-02
4.060000000000000241e-03	9.287671540912828538e-01	-2.122786672491776272e-01
-8.922103078741776550e-01	1.420000000000000082e-02	-2.040453459087171184e-01
-1.003605892783717035e+00	8.729264108758223450e-01	2.434000000000000052e-02
4.080000000000000293e-03	9.458569978412828538e-01	-2.208235891241776272e-01
-8.897689016241776550e-01	1.422000000000000000e-02	-2.125902677837171184e-01
-9.926195646587171462e-01	8.643814890008223450e-01	2.435999999999999971e-02
4.100000000000000346e-03	9.360913728412828538e-01	-2.196028859991776272e-01
-8.983138234991776550e-01	1.423999999999999919e-02	-2.113695646587171184e-01
-1.002385189658717035e+00	8.790299265008223450e-01	2.437999999999999889e-02
4.120000000000000398e-03	9.544019197162828538e-01	-2.281478078741776272e-01
-8.958724172491776550e-01	1.426000000000000011e-02	-2.211351896587171184e-01
-9.852953459087171462e-01	8.717057077508223450e-01	2.440000000000000155e-02
4.139999999999999583e-03	9.446362947162828538e-01	-2.257064016241776272e-01
-9.044173391241776550e-01	1.427999999999999929e-02	-2.199144865337171184e-01
-9.938402677837171462e-01	8.863541452508223450e-01	2.442000000000000073e-02
4.159999999999999636e-03	9.617261384662828538e-01	-2.342513234991776272e-01
-9.031966359991776550e-01	1.430000000000000021e-02	-2.284594084087171184e-01
-9.767504240337171462e-01	8.778092233758223450e-01	2.443999999999999992e-02
4.179999999999999688e-03	9.531812165912828538e-01	-2.330306203741776272e-01
-9.105208547491776550e-01	1.431999999999999940e-02	-2.272387052837171184e-01
-9.865160490337171462e-01	8.924576608758223450e-01	2.445999999999999910e-02
4.199999999999999740e-03	9.702710603412828538e-01	-2.415755422491776272e-01
-9.080794484991776550e-01	1.434000000000000032e-02	-2.357836271587171184e-01
-9.694262052837171462e-01	8.839127390008223450e-01	2.447999999999999829e-02
4.219999999999999793e-03	9.605054353412828538e-01	-2.391341359991776272e-01
-9.154036672491776550e-01	1.435999999999999950e-02	-2.345629240337171184e-01
-9.791918302837171462e-01	8.985611765008223450e-01	2.450000000000000094e-02
4.239999999999999845e-03	9.775952790912828538e-01	-2.476790578741776272e-01
-9.129622609991776550e-01	1.438000000000000042e-02	-2.443285490337171184e-01
-9.621019865337171462e-01	8.912369577508223450e-01	2.452000000000000013e-02
4.259999999999999898e-03	9.678296540912828538e-01	-2.464583547491776272e-01
-9.202864797491776550e-01	1.439999999999999961e-02	-2.418871427837171184e-01
-9.718676115337171462e-01	9.058853952508223450e-01	2.453999999999999931e-02
4.279999999999999950e-03	9.849194978412828538e-01	-2.550032766241776550e-01
-9.154036672491776550e-01	1.442000000000000053e-02	-2.516527677837170907e-01
-9.547777677837171462e-01	8.973404733758223450e-01	2.455999999999999850e-02
4.300000000000000003e-03	9.751538728412828538e-01	-2.525618703741776550e-01
-9.215071828741776550e-01	1.443999999999999971e-02	-2.504320646587170907e-01
-9.645433927837171462e-01	9.119889108758223450e-01	2.458000000000000115e-02
4.320000000000000055e-03	9.922437165912828538e-01	-2.611067922491776550e-01
-9.141829641241776550e-01	1.446000000000000063e-02	-2.589769865337170907e-01
-9.474535490337171462e-01	9.034439890008223450e-01	2.460000000000000034e-02
4.340000000000000108e-03	9.824780915912828538e-01	-2.598860891241776550e-01
-9.202864797491776550e-01	1.447999999999999982e-02	-2.577562834087170907e-01
-9.559984709087171462e-01	9.193131296258223450e-01	2.461999999999999952e-02
4.360000000000000160e-03	9.995679353412828538e-01	-2.684310109991776550e-01
-9.105208547491776550e-01	1.450000000000000074e-02	-2.663012052837170907e-01
-9.389086271587171462e-01	9.107682077508223450e-01	2.463999999999999871e-02
4.380000000000000213e-03	9.910230134662828538e-01	-2.659896047491776550e-01
-9.190657766241776550e-01	1.451999999999999992e-02	-2.650805021587170907e-01
-9.486742521587171462e-01	9.254166452508223450e-01	2.466000000000000136e-02
4.400000000000000265e-03	1.008112857216282965e+00	-2.745345266241776550e-01
-9.031966359991776550e-01	1.454000000000000084e-02	-2.748461271587170907e-01
-9.315844084087171462e-01	9.168717233758223450e-01	2.468000000000000055e-02
4.420000000000000318e-03	9.983472322162828538e-01	-2.733138234991776550e-01
-9.129622609991776550e-01	1.456000000000000003e-02	-2.724047209087170907e-01
-9.413500334087171462e-01	9.315201608758223450e-01	2.469999999999999973e-02
4.440000000000000370e-03	1.015437075966282965e+00	-2.818587453741776550e-01
-8.922103078741776550e-01	1.457999999999999921e-02	-2.821703459087170907e-01
-9.242601896587171462e-01	9.229752390008223450e-01	2.471999999999999892e-02
4.460000000000000422e-03	1.005671450966282965e+00	-2.794173391241776550e-01
-9.044173391241776550e-01	1.460000000000000013e-02	-2.809496427837170907e-01
-9.340258146587171462e-01	9.388443796258223450e-01	2.474000000000000157e-02
4.479999999999999608e-03	1.022761294716282965e+00	-2.879622609991776550e-01
-8.787825734991776550e-01	1.461999999999999932e-02	-2.907152677837170907e-01
-9.169359709087171462e-01	9.302994577508223450e-01	2.476000000000000076e-02
4.499999999999999660e-03	1.012995669716282965e+00	-2.867415578741776550e-01
-8.922103078741776550e-01	1.464000000000000024e-02	-2.882738615337170907e-01
-9.254808927837171462e-01	9.449478952508223450e-01	2.477999999999999994e-02
4.519999999999999712e-03	1.031306216591282965e+00	-2.952864797491776550e-01
-8.629134328741776550e-01	1.465999999999999942e-02	-2.980394865337170907e-01
-9.096117521587171462e-01	9.364029733758223450e-01	2.479999999999999913e-02
4.539999999999999765e-03	1.021540591591282965e+00	-2.928450734991776550e-01
-8.787825734991776550e-01	1.468000000000000034e-02	-2.968187834087170907e-01
-9.193773771587171462e-01	9.510514108758223450e-01	2.481999999999999831e-02
4.559999999999999817e-03	1.038630435341282965e+00	-3.013899953741776550e-01
-8.482649953741776550e-01	1.469999999999999953e-02	-3.065844084087170907e-01
-9.022875334087171462e-01	9.425064890008223450e-01	2.484000000000000097e-02
4.579999999999999870e-03	1.028864810341282965e+00	-3.001692922491776550e-01
-8.641341359991776550e-01	1.472000000000000045e-02	-3.041430021587170907e-01
-9.120531584087171462e-01	9.583756296258223450e-01	2.486000000000000015e-02
4.599999999999999922e-03	1.045954654091282965e+00	-3.087142141241776550e-01
-8.323958547491776550e-01	1.473999999999999963e-02	-3.126879240337171462e-01
-8.949633146587171462e-01	9.498307077508223450e-01	2.487999999999999934e-02
4.619999999999999975e-03	1.036189029091282965e+00	-3.062728078741776550e-01
-8.482649953741776550e-01	1.476000000000000055e-02	-3.114672209087170907e-01
-9.035082365337171462e-01	9.644791452508223450e-01	2.489999999999999852e-02
4.640000000000000027e-03	1.053278872841282965e+00	-3.160384328741776550e-01
-8.177474172491776550e-01	1.477999999999999974e-02	-3.212328459087171462e-01
-8.876390959087171462e-01	9.559342233758223450e-01	2.492000000000000118e-02
4.660000000000000080e-03	1.044733950966282965e+00	-3.135970266241776550e-01
-8.323958547491776550e-01	1.480000000000000066e-02	-3.200121427837171462e-01
-8.961840177837171462e-01	9.718033640008223450e-01	2.494000000000000036e-02
4.680000000000000132e-03	1.061823794716282965e+00	-3.221419484991776550e-01
-8.030989797491776550e-01	1.481999999999999984e-02	-3.285570646587171462e-01
-8.790941740337171462e-01	9.620377390008223450e-01	2.495999999999999955e-02
4.700000000000000185e-03	1.052058169716282965e+00	-3.209212453741776550e-01
-8.177474172491776550e-01	1.484000000000000076e-02	-3.273363615337171462e-01
-8.888597990337171462e-01	9.779068796258223450e-01	2.497999999999999873e-02
4.720000000000000237e-03	1.069148013466282965e+00	-3.282454641241776550e-01
-7.908919484991776550e-01	1.485999999999999995e-02	-3.358812834087171462e-01
-8.717699552837171462e-01	9.693619577508223450e-01	2.500000000000000139e-02
4.740000000000000289e-03	1.060603091591282965e+00	-3.270247609991776550e-01
-8.043196828741776550e-01	1.488000000000000086e-02	-3.346605802837171462e-01
-8.815355802837171462e-01	9.852310983758223450e-01	2.502000000000000057e-02
4.760000000000000342e-03	1.077692935341282965e+00	-3.355696828741776550e-01
-7.799056203741776550e-01	1.490000000000000005e-02	-3.444262052837171462e-01
-8.644457365337171462e-01	9.754654733758223450e-01	2.503999999999999976e-02
4.780000000000000394e-03	1.067927310341282965e+00	-3.331282766241776550e-01
-7.908919484991776550e-01	1.491999999999999924e-02	-3.419847990337171462e-01
-8.729906584087171462e-01	9.901139108758223450e-01	2.505999999999999894e-02
4.799999999999999580e-03	1.085017154091282965e+00	-3.416731984991776550e-01
-7.676985891241776550e-01	1.494000000000000015e-02	-3.517504240337171462e-01
-8.571215177837171462e-01	9.815689890008223450e-01	2.508000000000000160e-02
4.819999999999999632e-03	1.075251529091282965e+00	-3.404524953741776550e-01
-7.799056203741776550e-01	1.495999999999999934e-02	-3.505297209087171462e-01
-8.656664396587171462e-01	9.962174265008223450e-01	2.510000000000000078e-02
4.839999999999999684e-03	1.092341372841282965e+00	-3.477767141241776550e-01
-7.579329641241776550e-01	1.498000000000000026e-02	-3.590746427837171462e-01
-8.485765959087171462e-01	9.888932077508223450e-01	2.511999999999999997e-02
4.859999999999999737e-03	1.083796450966282965e+00	-3.465560109991776550e-01
-7.689192922491776550e-01	1.499999999999999944e-02	-3.578539396587171462e-01
-8.583422209087171462e-01	1.003541645250822345e+00	2.513999999999999915e-02
4.879999999999999789e-03	1.100886294716282965e+00	-3.551009328741776550e-01
-7.493880422491776550e-01	1.502000000000000036e-02	-3.676195646587171462e-01
-8.412523771587171462e-01	9.949967233758223450e-01	2.515999999999999834e-02
4.899999999999999842e-03	1.089899966591282965e+00	-3.526595266241776550e-01
-7.579329641241776550e-01	1.503999999999999955e-02	-3.651781584087171462e-01
-8.497972990337171462e-01	1.009645160875822345e+00	2.518000000000000099e-02
4.919999999999999894e-03	1.108210513466282965e+00	-3.624251516241776550e-01
-7.396224172491776550e-01	1.506000000000000047e-02	-3.749437834087171462e-01
-8.339281584087171462e-01	1.002320942125822345e+00	2.520000000000000018e-02
4.939999999999999947e-03	1.098444888466282965e+00	-3.599837453741776550e-01
-7.506087453741776550e-01	1.507999999999999965e-02	-3.725023771587171462e-01
-8.436937834087171462e-01	1.016969379625822345e+00	2.521999999999999936e-02
4.959999999999999999e-03	1.115534732216282965e+00	-3.685286672491776550e-01
-7.335189016241776550e-01	1.510000000000000057e-02	-3.822680021587171462e-01
-8.266039396587171462e-01	1.008424457750822345e+00	2.523999999999999855e-02
4.980000000000000052e-03	1.106989810341282965e+00	-3.660872609991776550e-01
-7.420638234991776550e-01	1.511999999999999976e-02	-3.810472990337171462e-01
-8.351488615337171462e-01	1.023072895250822345e+00	2.526000000000000120e-02
5.000000000000000104e-03	1.122858950966282965e+00	-3.758528859991776550e-01
-7.286360891241776550e-01	1.514000000000000068e-02	-3.908129240337171462e-01
-8.180590177837171462e-01	1.014527973375822345e+00	2.528000000000000039e-02
5.020000000000000157e-03	1.114314029091282965e+00	-3.734114797491776550e-01
-7.359603078741776550e-01	1.515999999999999986e-02	-3.883715177837171462e-01
-8.278246427837171462e-01	1.029176410875822345e+00	2.529999999999999957e-02
5.040000000000000209e-03	1.131403872841282965e+00	-3.807356984991776550e-01
-7.225325734991776550e-01	1.518000000000000078e-02	-3.981371427837171462e-01
-8.107347990337171462e-01	1.020631489000822345e+00	2.531999999999999876e-02
5.060000000000000261e-03	1.121638247841282965e+00	-3.807356984991776550e-01
-7.310774953741776550e-01	1.519999999999999997e-02	-3.969164396587171462e-01
-8.205004240337171462e-01	1.035279926500822345e+00	2.534000000000000141e-02
5.080000000000000314e-03	1.138728091591282965e+00	-3.880599172491776550e-01
-7.188704641241776550e-01	1.521999999999999915e-02	-4.066820646587171462e-01
-8.034105802837171462e-01	1.026735004625822345e+00	2.536000000000000060e-02
5.100000000000000366e-03	1.128962466591282965e+00	-3.868392141241776550e-01
-7.261946828741776550e-01	1.524000000000000007e-02	-4.054613615337171462e-01
-8.131762052837171462e-01	1.042604145250822345e+00	2.537999999999999978e-02
5.120000000000000419e-03	1.146052310341282965e+00	-3.953841359991776550e-01
-7.152083547491776550e-01	1.525999999999999926e-02	-4.140062834087171462e-01
-7.960863615337171462e-01	1.034059223375822345e+00	2.539999999999999897e-02
5.139999999999999604e-03	1.137507388466282965e+00	-3.941634328741776550e-01
-7.213118703741776550e-01	1.528000000000000018e-02	-4.127855802837171462e-01
-8.046312834087171462e-01	1.048707660875822345e+00	2.542000000000000162e-02
5.159999999999999656e-03	1.154597232216282965e+00	-4.014876516241776550e-01
-7.115462453741776550e-01	1.529999999999999936e-02	-4.213305021587171462e-01
-7.875414396587171462e-01	1.040162739000822345e+00	2.544000000000000081e-02
5.179999999999999709e-03	1.144831607216282965e+00	-3.990462453741776550e-01
-7.176497609991776550e-01	1.532000000000000028e-02	-4.201097990337171462e-01
-7.973070646587171462e-01	1.054811176500822345e+00	2.545999999999999999e-02
5.199999999999999761e-03	1.161921450966282965e+00	-4.088118703741776550e-01
-7.066634328741776550e-01	1.533999999999999947e-02	-4.298754240337171462e-01
-7.802172209087171462e-01	1.046266254625822345e+00	2.547999999999999918e-02
5.219999999999999814e-03	1.152155825966282965e+00	-4.063704641241776550e-01
-7.139876516241776550e-01	1.536000000000000039e-02	-4.274340177837171462e-01
-7.899828459087171462e-01	1.060914692125822345e+00	2.549999999999999836e-02
5.239999999999999866e-03	1.169245669716282965e+00	-4.161360891241776550e-01
-7.030013234991776550e-01	1.537999999999999957e-02	-4.371996427837171462e-01
-7.741137052837171462e-01	1.052369770250822345e+00	2.552000000000000102e-02
5.259999999999999919e-03	1.160700747841282965e+00	-4.136946828741776550e-01
-7.103255422491776550e-01	1.540000000000000049e-02	-4.347582365337171462e-01
-7.826586271587171462e-01	1.067018207750822345e+00	2.554000000000000020e-02
5.279999999999999971e-03	1.176569888466282965e+00	-4.222396047491776550e-01
-6.981185109991776550e-01	1.541999999999999968e-02	-4.445238615337171462e-01
-7.655687834087171462e-01	1.058473285875822345e+00	2.555999999999999939e-02
5.300000000000000024e-03	1.166804263466282965e+00	-4.197981984991776550e-01
-7.054427297491776550e-01	1.544000000000000060e-02	-4.433031584087171462e-01
-7.753344084087171462e-01	1.074342426500822345e+00	2.557999999999999857e-02
5.320000000000000076e-03	1.183894107216282965e+00	-4.283431203741776550e-01
-6.920149953741776550e-01	1.545999999999999978e-02	-4.518480802837171462e-01
-7.582445646587171462e-01	1.065797504625822345e+00	2.560000000000000123e-02
5.340000000000000129e-03	1.175349185341282965e+00	-4.271224172491776550e-01
-7.005599172491776550e-01	1.548000000000000070e-02	-4.506273771587171462e-01
-7.667894865337171462e-01	1.080445942125822345e+00	2.562000000000000041e-02
5.360000000000000181e-03	1.192439029091282965e+00	-4.344466359991776550e-01
-6.871321828741776550e-01	1.549999999999999989e-02	-4.591722990337171462e-01
-7.509203459087171462e-01	1.071901020250822345e+00	2.563999999999999960e-02
5.380000000000000233e-03	1.182673404091282965e+00	-4.332259328741776550e-01
-6.944564016241776550e-01	1.552000000000000081e-02	-4.579515959087171462e-01
-7.606859709087171462e-01	1.086549457750822345e+00	2.565999999999999878e-02
5.400000000000000286e-03	1.199763247841282965e+00	-4.429915578741776550e-01
-6.798079641241776550e-01	1.553999999999999999e-02	-4.677172209087171462e-01
-7.423754240337171462e-01	1.078004535875822345e+00	2.568000000000000144e-02
5.420000000000000338e-03	1.189997622841282965e+00	-4.393294484991776550e-01
-6.883528859991776550e-01	1.555999999999999918e-02	-4.664965177837171462e-01
-7.521410490337171462e-01	1.092652973375822345e+00	2.570000000000000062e-02
5.440000000000000391e-03	1.208308169716282965e+00	-4.490950734991776550e-01
-6.724837453741776550e-01	1.558000000000000010e-02	-4.750414396587171462e-01
-7.350512052837171462e-01	1.084108051500822345e+00	2.571999999999999981e-02
5.459999999999999576e-03	1.198542544716282965e+00	-4.466536672491776550e-01
-6.822493703741776550e-01	1.559999999999999928e-02	-4.726000334087171462e-01
-7.448168302837171462e-01	1.099977192125822345e+00	2.573999999999999899e-02
5.479999999999999628e-03	1.215632388466282965e+00	-4.551985891241776550e-01
-6.651595266241776550e-01	1.562000000000000020e-02	-4.823656584087171462e-01
-7.277269865337171462e-01	1.091432270250822345e+00	2.576000000000000165e-02
5.499999999999999681e-03	1.205866763466282965e+00	-4.539778859991776550e-01
-6.749251516241776550e-01	1.564000000000000112e-02	-4.811449552837171462e-01
-7.374926115337171462e-01	1.106080707750822345e+00	2.578000000000000083e-02
5.519999999999999733e-03	1.222956607216282965e+00	-4.625228078741776550e-01
-6.578353078741776550e-01	1.566000000000000031e-02	-4.896898771587171462e-01
-7.204027677837171462e-01	1.097535785875822345e+00	2.580000000000000002e-02
5.539999999999999786e-03	1.214411685341282965e+00	-4.600814016241776550e-01
-6.676009328741776550e-01	1.567999999999999949e-02	-4.896898771587171462e-01
-7.289476896587171462e-01	1.112184223375822345e+00	2.581999999999999920e-02
5.559999999999999838e-03	1.231501529091282965e+00	-4.686263234991776550e-01
-6.492903859991776550e-01	1.569999999999999868e-02	-4.982347990337171462e-01
-7.130785490337171462e-01	1.103639301500822345e+00	2.583999999999999839e-02
5.579999999999999891e-03	1.221735904091282965e+00	-4.661849172491776550e-01
-6.590560109991776550e-01	1.572000000000000133e-02	-4.970140959087171462e-01
-7.216234709087171462e-01	1.118287739000822345e+00	2.586000000000000104e-02
5.599999999999999943e-03	1.237605044716282965e+00	-4.759505422491776550e-01
-6.407454641241776550e-01	1.574000000000000052e-02	-5.055590177837171462e-01
-7.045336271587171462e-01	1.109742817125822345e+00	2.588000000000000023e-02
5.619999999999999996e-03	1.229060122841282965e+00	-4.735091359991776550e-01
-6.505110891241776550e-01	1.575999999999999970e-02	-5.043383146587171462e-01
-7.130785490337171462e-01	1.124391254625822345e+00	2.589999999999999941e-02
5.640000000000000048e-03	1.246149966591282965e+00	-4.820540578741776550e-01
-6.322005422491776550e-01	1.577999999999999889e-02	-5.141039396587171462e-01
-6.972094084087171462e-01	1.117067035875822345e+00	2.591999999999999860e-02
5.660000000000000100e-03	1.236384341591282965e+00	-4.808333547491776550e-01
-6.419661672491776550e-01	1.580000000000000154e-02	-5.116625334087171462e-01
-7.057543302837171462e-01	1.131715473375822345e+00	2.594000000000000125e-02
5.680000000000000153e-03	1.254694888466282965e+00	-4.881575734991776550e-01
-6.224349172491776550e-01	1.582000000000000073e-02	-5.214281584087171462e-01
-6.898851896587171462e-01	1.123170551500822345e+00	2.596000000000000044e-02
5.700000000000000205e-03	1.244929263466282965e+00	-4.869368703741776550e-01
-6.334212453741776550e-01	1.583999999999999991e-02	-5.189867521587171462e-01
-6.996508146587171462e-01	1.137818989000822345e+00	2.597999999999999962e-02
5.720000000000000258e-03	1.260798404091282965e+00	-4.954817922491776550e-01
-6.138899953741776550e-01	1.585999999999999910e-02	-5.287523771587171462e-01
-6.813402677837171462e-01	1.129274067125822345e+00	2.599999999999999881e-02
5.740000000000000310e-03	1.252253482216282965e+00	-4.930403859991776550e-01
-6.236556203741776550e-01	1.587999999999999828e-02	-5.275316740337171462e-01
-6.911058927837171462e-01	1.143922504625822345e+00	2.602000000000000146e-02
5.760000000000000363e-03	1.269343325966282965e+00	-5.015853078741776550e-01
-6.053450734991776550e-01	1.590000000000000094e-02	-5.360765959087171462e-01
-6.740160490337171462e-01	1.135377582750822345e+00	2.604000000000000065e-02
5.780000000000000415e-03	1.259577700966282965e+00	-4.991439016241776550e-01
-6.151106984991776550e-01	1.592000000000000012e-02	-5.348558927837171462e-01
-6.837816740337171462e-01	1.151246723375822345e+00	2.605999999999999983e-02
5.799999999999999600e-03	1.276667544716282965e+00	-5.076888234991776550e-01
-5.968001516241776550e-01	1.593999999999999931e-02	-5.434008146587171462e-01
-6.654711271587171462e-01	1.142701801500822345e+00	2.607999999999999902e-02
5.819999999999999653e-03	1.266901919716282965e+00	-5.064681203741776550e-01
-6.065657766241776550e-01	1.595999999999999849e-02	-5.421801115337171462e-01
-6.752367521587171462e-01	1.157350239000822345e+00	2.610000000000000167e-02
5.839999999999999705e-03	1.283991763466282965e+00	-5.150130422491776550e-01
-5.870345266241776550e-01	1.598000000000000115e-02	-5.519457365337171462e-01
-6.581469084087171462e-01	1.148805317125822345e+00	2.612000000000000086e-02
5.859999999999999758e-03	1.275446841591282965e+00	-5.125716359991776550e-01
-5.980208547491776550e-01	1.600000000000000033e-02	-5.507250334087171462e-01
-6.679125334087171462e-01	1.163453754625822345e+00	2.614000000000000004e-02
5.879999999999999810e-03	1.291315982216282965e+00	-5.211165578741776550e-01
-5.797103078741776550e-01	1.601999999999999952e-02	-5.592699552837171462e-01
-6.508226896587171462e-01	1.154908832750822345e+00	2.615999999999999923e-02
5.899999999999999863e-03	1.282771060341282965e+00	-5.186751516241776550e-01
-5.894759328741776550e-01	1.603999999999999870e-02	-5.580492521587171462e-01
-6.605883146587171462e-01	1.169557270250822345e+00	2.617999999999999841e-02
5.919999999999999915e-03	1.298640200966282965e+00	-5.272200734991776550e-01
-5.711653859991776550e-01	1.606000000000000136e-02	-5.678148771587171462e-01
-6.434984709087171462e-01	1.161012348375822345e+00	2.620000000000000107e-02
5.939999999999999968e-03	1.290095279091282965e+00	-5.259993703741776550e-01
-5.809310109991776550e-01	1.608000000000000054e-02	-5.653734709087171462e-01
-6.532640959087171462e-01	1.175660785875822345e+00	2.622000000000000025e-02
5.960000000000000020e-03	1.307185122841282965e+00	-5.345442922491776550e-01
-5.638411672491776550e-01	1.609999999999999973e-02	-5.751390959087171462e-01
-6.361742521587171462e-01	1.167115864000822345e+00	2.623999999999999944e-02
5.980000000000000072e-03	1.297419497841282965e+00	-5.321028859991776550e-01
-5.736067922491776550e-01	1.611999999999999891e-02	-5.726976896587171462e-01
-6.459398771587171462e-01	1.181764301500822345e+00	2.625999999999999862e-02
6.000000000000000125e-03	1.314509341591282965e+00	-5.406478078741776550e-01
-5.565169484991776550e-01	1.614000000000000157e-02	-5.824633146587171462e-01
-6.288500334087171462e-01	1.173219379625822345e+00	2.628000000000000128e-02
6.020000000000000177e-03	1.305964419716282965e+00	-5.382064016241776550e-01
-5.662825734991776550e-01	1.616000000000000075e-02	-5.812426115337171462e-01
-6.373949552837171462e-01	1.187867817125822345e+00	2.630000000000000046e-02
6.040000000000000230e-03	1.321833560341282965e+00	-5.467513234991776550e-01
-5.491927297491776550e-01	1.617999999999999994e-02	-5.910082365337171462e-01
-6.203051115337171462e-01	1.180543598375822345e+00	2.631999999999999965e-02
6.060000000000000282e-03	1.313288638466282965e+00	-5.455306203741776550e-01
-5.589583547491776550e-01	1.619999999999999912e-02	-5.897875334087171462e-01
-6.300707365337171462e-01	1.195192035875822345e+00	2.633999999999999883e-02
6.080000000000000335e-03	1.330378482216282965e+00	-5.540755422491776550e-01
-5.430892141241776550e-01	1.621999999999999831e-02	-5.983324552837171462e-01
-6.129808927837171462e-01	1.186647114000822345e+00	2.636000000000000149e-02
6.100000000000000387e-03	1.320612857216282965e+00	-5.516341359991776550e-01
-5.516341359991776550e-01	1.624000000000000096e-02	-5.971117521587171462e-01
-6.227465177837171462e-01	1.200074848375822345e+00	2.638000000000000067e-02
6.119999999999999572e-03	1.336481997841282965e+00	-5.613997609991776550e-01
-5.369856984991776550e-01	1.626000000000000015e-02	-6.056566740337171462e-01
-6.056566740337171462e-01	1.192750629625822345e+00	2.639999999999999986e-02
6.139999999999999625e-03	1.327937075966282965e+00	-5.589583547491776550e-01
-5.443099172491776550e-01	1.627999999999999933e-02	-6.044359709087171462e-01
-6.154222990337171462e-01	1.206178364000822345e+00	2.641999999999999904e-02
6.159999999999999677e-03	1.335261294716282965e+00	-5.675032766241776550e-01
-5.296614797491776550e-01	1.629999999999999852e-02	-6.129808927837171462e-01
-5.983324552837171462e-01	1.197633442125822345e+00	2.644000000000000170e-02
6.179999999999999730e-03	1.325495669716282965e+00	-5.650618703741776550e-01
-5.382064016241776550e-01	1.632000000000000117e-02	-6.117601896587171462e-01
-6.068773771587171462e-01	1.212281879625822345e+00	2.646000000000000088e-02
6.199999999999999782e-03	1.327937075966282965e+00	-5.736067922491776550e-01
-5.223372609991776550e-01	1.634000000000000036e-02	-6.215258146587171462e-01
-5.897875334087171462e-01	1.204957660875822345e+00	2.648000000000000007e-02
6.219999999999999835e-03	1.318171450966282965e+00	-5.711653859991776550e-01
-5.321028859991776550e-01	1.635999999999999954e-02	-6.203051115337171462e-01
-5.995531584087171462e-01	1.218385395250822345e+00	2.649999999999999925e-02
6.239999999999999887e-03	1.319392154091282965e+00	-5.797103078741776550e-01
-5.162337453741776550e-01	1.637999999999999873e-02	-6.288500334087171462e-01
-5.824633146587171462e-01	1.211061176500822345e+00	2.651999999999999844e-02
6.259999999999999939e-03	1.309626529091282965e+00	-5.772689016241776550e-01
-5.247786672491776550e-01	1.640000000000000138e-02	-6.276293302837171462e-01
-5.922289396587171462e-01	1.223268207750822345e+00	2.654000000000000109e-02
6.279999999999999992e-03	1.312067935341282965e+00	-5.858138234991776550e-01
-5.089095266241776550e-01	1.642000000000000057e-02	-6.373949552837171462e-01
-5.751390959087171462e-01	1.215943989000822345e+00	2.656000000000000028e-02
6.300000000000000044e-03	1.302302310341282965e+00	-5.845931203741776550e-01
-5.174544484991776550e-01	1.643999999999999975e-02	-6.349535490337171462e-01
-5.836840177837171462e-01	1.226930317125822345e+00	2.657999999999999946e-02
6.320000000000000097e-03	1.304743716591282965e+00	-5.931380422491776550e-01
-5.028060109991776550e-01	1.645999999999999894e-02	-6.447191740337171462e-01
-5.678148771587171462e-01	1.220826801500822345e+00	2.659999999999999865e-02
6.340000000000000149e-03	1.294978091591282965e+00	-5.906966359991776550e-01
-5.101302297491776550e-01	1.648000000000000159e-02	-6.422777677837171462e-01
-5.763597990337171462e-01	1.228151020250822345e+00	2.662000000000000130e-02
6.360000000000000202e-03	1.297419497841282965e+00	-5.992415578741776550e-01
-4.954817922491776550e-01	1.650000000000000078e-02	-6.520433927837171462e-01
-5.592699552837171462e-01	1.222047504625822345e+00	2.664000000000000049e-02
6.380000000000000254e-03	1.287653872841282965e+00	-5.980208547491776550e-01
-5.040267141241776550e-01	1.651999999999999996e-02	-6.496019865337171462e-01
-5.690355802837171462e-01	1.228151020250822345e+00	2.665999999999999967e-02
6.400000000000000307e-03	1.288874575966282965e+00	-6.053450734991776550e-01
-4.881575734991776550e-01	1.653999999999999915e-02	-6.605883146587171462e-01
-5.519457365337171462e-01	1.220826801500822345e+00	2.667999999999999886e-02
6.420000000000000359e-03	1.279108950966282965e+00	-6.041243703741776550e-01
-4.967024953741776550e-01	1.655999999999999833e-02	-6.581469084087171462e-01
-5.617113615337171462e-01	1.224488910875822345e+00	2.670000000000000151e-02
6.440000000000000412e-03	1.281550357216282965e+00	-6.126692922491776550e-01
-4.808333547491776550e-01	1.658000000000000099e-02	-6.679125334087171462e-01
-5.446215177837171462e-01	1.215943989000822345e+00	2.672000000000000069e-02
6.459999999999999597e-03	1.271784732216282965e+00	-6.114485891241776550e-01
-4.905989797491776550e-01	1.660000000000000017e-02	-6.666918302837171462e-01
-5.531664396587171462e-01	1.217164692125822345e+00	2.673999999999999988e-02
6.479999999999999649e-03	1.274226138466282965e+00	-6.199935109991776550e-01
-4.747298391241776550e-01	1.661999999999999936e-02	-6.752367521587171462e-01
-5.360765959087171462e-01	1.207399067125822345e+00	2.675999999999999907e-02
6.499999999999999702e-03	1.264460513466282965e+00	-6.175521047491776550e-01
-4.832747609991776550e-01	1.663999999999999854e-02	-6.740160490337171462e-01
-5.458422209087171462e-01	1.208619770250822345e+00	2.678000000000000172e-02
6.519999999999999754e-03	1.266901919716282965e+00	-6.260970266241776550e-01
-4.674056203741776550e-01	1.666000000000000120e-02	-6.825609709087171462e-01
-5.287523771587171462e-01	1.196412739000822345e+00	2.680000000000000090e-02
6.539999999999999807e-03	1.257136294716282965e+00	-6.236556203741776550e-01
-4.771712453741776550e-01	1.668000000000000038e-02	-6.813402677837171462e-01
-5.385180021587171462e-01	1.195192035875822345e+00	2.682000000000000009e-02
6.559999999999999859e-03	1.258356997841282965e+00	-6.322005422491776550e-01
-4.600814016241776550e-01	1.669999999999999957e-02	-6.898851896587171462e-01
-5.214281584087171462e-01	1.180543598375822345e+00	2.683999999999999928e-02
6.579999999999999911e-03	1.249812075966282965e+00	-6.309798391241776550e-01
-4.686263234991776550e-01	1.671999999999999875e-02	-6.898851896587171462e-01
-5.299730802837171462e-01	1.180543598375822345e+00	2.685999999999999846e-02
6.599999999999999964e-03	1.251032779091282965e+00	-6.395247609991776550e-01
-4.527571828741776550e-01	1.674000000000000141e-02	-6.984301115337171462e-01
-5.141039396587171462e-01	1.164674457750822345e+00	2.688000000000000111e-02
6.620000000000000016e-03	1.242487857216282965e+00	-6.370833547491776550e-01
-4.613021047491776550e-01	1.676000000000000059e-02	-6.972094084087171462e-01
-5.226488615337171462e-01	1.164674457750822345e+00	2.690000000000000030e-02
6.640000000000000069e-03	1.243708560341282965e+00	-6.456282766241776550e-01
-4.454329641241776550e-01	1.677999999999999978e-02	-7.057543302837171462e-01
-5.055590177837171462e-01	1.150026020250822345e+00	2.691999999999999948e-02
6.660000000000000121e-03	1.233942935341282965e+00	-6.431868703741776550e-01
-4.527571828741776550e-01	1.679999999999999896e-02	-7.045336271587171462e-01
-5.153246427837171462e-01	1.148805317125822345e+00	2.693999999999999867e-02
6.680000000000000174e-03	1.236384341591282965e+00	-6.517317922491776550e-01
-4.368880422491776550e-01	1.682000000000000162e-02	-7.142992521587171462e-01
-4.982347990337171462e-01	1.134156879625822345e+00	2.696000000000000132e-02
6.700000000000000226e-03	1.226618716591282965e+00	-6.492903859991776550e-01
-4.454329641241776550e-01	1.684000000000000080e-02	-7.118578459087171462e-01
-5.080004240337171462e-01	1.132936176500822345e+00	2.698000000000000051e-02
6.720000000000000279e-03	1.229060122841282965e+00	-6.578353078741776550e-01
-4.295638234991776550e-01	1.685999999999999999e-02	-7.216234709087171462e-01
-4.909105802837171462e-01	1.119508442125822345e+00	2.699999999999999969e-02
6.740000000000000331e-03	1.219294497841282965e+00	-6.566146047491776550e-01
-4.381087453741776550e-01	1.687999999999999917e-02	-7.191820646587171462e-01
-4.994555021587171462e-01	1.118287739000822345e+00	2.701999999999999888e-02
6.760000000000000384e-03	1.220515200966282965e+00	-6.651595266241776550e-01
-4.210189016241776550e-01	1.689999999999999836e-02	-7.301683927837171462e-01
-4.835863615337171462e-01	1.104860004625822345e+00	2.704000000000000153e-02
6.779999999999999569e-03	1.211970279091282965e+00	-6.614974172491776550e-01
-4.307845266241776550e-01	1.692000000000000101e-02	-7.277269865337171462e-01
-4.933519865337171462e-01	1.106080707750822345e+00	2.706000000000000072e-02
6.799999999999999621e-03	1.213190982216282965e+00	-6.712630422491776550e-01
-4.136946828741776550e-01	1.694000000000000020e-02	-7.362719084087171462e-01
-4.762621427837171462e-01	1.092652973375822345e+00	2.707999999999999990e-02
6.819999999999999674e-03	1.204646060341282965e+00	-6.688216359991776550e-01
-4.234603078741776550e-01	1.695999999999999938e-02	-7.350512052837171462e-01
-4.848070646587171462e-01	1.092652973375822345e+00	2.709999999999999909e-02
6.839999999999999726e-03	1.205866763466282965e+00	-6.773665578741776550e-01
-4.063704641241776550e-01	1.697999999999999857e-02	-7.435961271587171462e-01
-4.677172209087171462e-01	1.081666645250822345e+00	2.711999999999999827e-02
6.859999999999999779e-03	1.197321841591282965e+00	-6.749251516241776550e-01
-4.149153859991776550e-01	1.700000000000000122e-02	-7.435961271587171462e-01
-4.774828459087171462e-01	1.081666645250822345e+00	2.714000000000000093e-02
6.879999999999999831e-03	1.198542544716282965e+00	-6.834700734991776550e-01
-3.990462453741776550e-01	1.702000000000000041e-02	-7.521410490337171462e-01
-4.603930021587171462e-01	1.070680317125822345e+00	2.716000000000000011e-02
6.899999999999999883e-03	1.188776919716282965e+00	-6.822493703741776550e-01
-4.088118703741776550e-01	1.703999999999999959e-02	-7.496996427837171462e-01
-4.701586271587171462e-01	1.071901020250822345e+00	2.717999999999999930e-02
6.919999999999999936e-03	1.191218325966282965e+00	-6.907942922491776550e-01
-3.917220266241776550e-01	1.705999999999999878e-02	-7.594652677837171462e-01
-4.530687834087171462e-01	1.060914692125822345e+00	2.719999999999999848e-02
6.939999999999999988e-03	1.181452700966282965e+00	-6.883528859991776550e-01
-4.002669484991776550e-01	1.708000000000000143e-02	-7.582445646587171462e-01
-4.616137052837171462e-01	1.062135395250822345e+00	2.722000000000000114e-02
6.960000000000000041e-03	1.182673404091282965e+00	-6.968978078741776550e-01
-3.831771047491776550e-01	1.710000000000000062e-02	-7.680101896587171462e-01
-4.445238615337171462e-01	1.052369770250822345e+00	2.724000000000000032e-02
6.980000000000000093e-03	1.174128482216282965e+00	-6.944564016241776550e-01
-3.929427297491776550e-01	1.711999999999999980e-02	-7.655687834087171462e-01
-4.542894865337171462e-01	1.054811176500822345e+00	2.725999999999999951e-02
7.000000000000000146e-03	1.176569888466282965e+00	-7.030013234991776550e-01
-3.758528859991776550e-01	1.713999999999999899e-02	-7.753344084087171462e-01
-4.371996427837171462e-01	1.046266254625822345e+00	2.727999999999999869e-02
7.020000000000000198e-03	1.165583560341282965e+00	-7.017806203741776550e-01
-3.856185109991776550e-01	1.716000000000000164e-02	-7.728930021587171462e-01
-4.469652677837171462e-01	1.047486957750822345e+00	2.730000000000000135e-02
7.040000000000000251e-03	1.168024966591282965e+00	-7.091048391241776550e-01
-3.685286672491776550e-01	1.718000000000000083e-02	-7.826586271587171462e-01
-4.298754240337171462e-01	1.040162739000822345e+00	2.732000000000000053e-02
7.060000000000000303e-03	1.158259341591282965e+00	-7.078841359991776550e-01
-3.782942922491776550e-01	1.720000000000000001e-02	-7.814379240337171462e-01
-4.396410490337171462e-01	1.041383442125822345e+00	2.733999999999999972e-02
7.080000000000000356e-03	1.159480044716282965e+00	-7.164290578741776550e-01
-3.612044484991776550e-01	1.721999999999999920e-02	-7.899828459087171462e-01
-4.225512052837171462e-01	1.034059223375822345e+00	2.735999999999999890e-02
7.100000000000000408e-03	1.150935122841282965e+00	-7.139876516241776550e-01
-3.709700734991776550e-01	1.723999999999999838e-02	-7.887621427837171462e-01
-4.310961271587171462e-01	1.037721332750822345e+00	2.738000000000000156e-02
7.119999999999999593e-03	1.153376529091282965e+00	-7.225325734991776550e-01
-3.551009328741776550e-01	1.726000000000000104e-02	-7.973070646587171462e-01
-4.140062834087171462e-01	1.029176410875822345e+00	2.740000000000000074e-02
7.139999999999999646e-03	1.143610904091282965e+00	-7.213118703741776550e-01
-3.636458547491776550e-01	1.728000000000000022e-02	-7.960863615337171462e-01
-4.237719084087171462e-01	1.032838520250822345e+00	2.741999999999999993e-02
7.159999999999999698e-03	1.144831607216282965e+00	-7.286360891241776550e-01
-3.465560109991776550e-01	1.729999999999999941e-02	-8.058519865337171462e-01
-4.066820646587171462e-01	1.026735004625822345e+00	2.743999999999999911e-02
7.179999999999999750e-03	1.136286685341282965e+00	-7.261946828741776550e-01
-3.563216359991776550e-01	1.731999999999999859e-02	-8.046312834087171462e-01
-4.152269865337171462e-01	1.029176410875822345e+00	2.745999999999999830e-02
7.199999999999999803e-03	1.137507388466282965e+00	-7.347396047491776550e-01
-3.404524953741776550e-01	1.734000000000000125e-02	-8.143969084087171462e-01
-3.981371427837171462e-01	1.023072895250822345e+00	2.748000000000000095e-02
7.219999999999999855e-03	1.127741763466282965e+00	-7.335189016241776550e-01
-3.489974172491776550e-01	1.736000000000000043e-02	-8.119555021587171462e-01
-4.079027677837171462e-01	1.026735004625822345e+00	2.750000000000000014e-02
7.239999999999999908e-03	1.130183169716282965e+00	-7.420638234991776550e-01
-3.331282766241776550e-01	1.737999999999999962e-02	-8.217211271587171462e-01
-3.908129240337171462e-01	1.019410785875822345e+00	2.751999999999999932e-02
7.259999999999999960e-03	1.120417544716282965e+00	-7.396224172491776550e-01
-3.404524953741776550e-01	1.739999999999999880e-02	-8.192797209087171462e-01
-4.005785490337171462e-01	1.023072895250822345e+00	2.753999999999999851e-02
7.280000000000000013e-03	1.122858950966282965e+00	-7.481673391241776550e-01
-3.258040578741776550e-01	1.742000000000000146e-02	-8.290453459087171462e-01
-3.834887052837171462e-01	1.015748676500822345e+00	2.756000000000000116e-02
7.300000000000000065e-03	1.114314029091282965e+00	-7.457259328741776550e-01
-3.343489797491776550e-01	1.744000000000000064e-02	-8.278246427837171462e-01
-3.932543302837171462e-01	1.018190082750822345e+00	2.758000000000000035e-02
7.320000000000000118e-03	1.114314029091282965e+00	-7.542708547491776550e-01
-3.184798391241776550e-01	1.745999999999999983e-02	-8.375902677837171462e-01
-3.761644865337171462e-01	1.010865864000822345e+00	2.759999999999999953e-02
7.340000000000000170e-03	1.105769107216282965e+00	-7.518294484991776550e-01
-3.270247609991776550e-01	1.747999999999999901e-02	-8.351488615337171462e-01
-3.847094084087171462e-01	1.013307270250822345e+00	2.761999999999999872e-02
7.360000000000000223e-03	1.108210513466282965e+00	-7.603743703741776550e-01
-3.111556203741776550e-01	1.750000000000000167e-02	-8.449144865337171462e-01
-3.676195646587171462e-01	1.005983051500822345e+00	2.764000000000000137e-02
7.380000000000000275e-03	1.098444888466282965e+00	-7.591536672491776550e-01
-3.197005422491776550e-01	1.752000000000000085e-02	-8.424730802837171462e-01
-3.773851896587171462e-01	1.008424457750822345e+00	2.766000000000000056e-02
7.400000000000000328e-03	1.099665591591282965e+00	-7.664778859991776550e-01
-3.038314016241776550e-01	1.754000000000000004e-02	-8.522387052837171462e-01
-3.602953459087171462e-01	9.998795358758223450e-01	2.767999999999999974e-02
7.420000000000000380e-03	1.091120669716282965e+00	-7.640364797491776550e-01
-3.123763234991776550e-01	1.755999999999999922e-02	-8.510180021587171462e-01
-3.700609709087171462e-01	1.002320942125822345e+00	2.769999999999999893e-02
7.440000000000000432e-03	1.092341372841282965e+00	-7.750228078741776550e-01
-2.965071828741776550e-01	1.757999999999999841e-02	-8.595629240337171462e-01
-3.517504240337171462e-01	9.937760202508223450e-01	2.772000000000000158e-02
7.459999999999999618e-03	1.082575747841282965e+00	-7.713606984991776550e-01
-3.050521047491776550e-01	1.760000000000000106e-02	-8.583422209087171462e-01
-3.615160490337171462e-01	9.949967233758223450e-01	2.774000000000000077e-02
7.479999999999999670e-03	1.085017154091282965e+00	-7.799056203741776550e-01
-2.891829641241776550e-01	1.762000000000000025e-02	-8.668871427837171462e-01
-3.444262052837171462e-01	9.864518015008223450e-01	2.775999999999999995e-02
7.499999999999999722e-03	1.075251529091282965e+00	-7.774642141241776550e-01
-2.977278859991776550e-01	1.763999999999999943e-02	-8.656664396587171462e-01
-3.541918302837171462e-01	9.876725046258223450e-01	2.777999999999999914e-02
7.519999999999999775e-03	1.076472232216282965e+00	-7.872298391241776550e-01
-2.818587453741776550e-01	1.765999999999999862e-02	-8.754320646587171462e-01
-3.371019865337171462e-01	9.791275827508223450e-01	2.779999999999999832e-02
7.539999999999999827e-03	1.067927310341282965e+00	-7.847884328741776550e-01
-2.904036672491776550e-01	1.768000000000000127e-02	-8.742113615337171462e-01
-3.468676115337171462e-01	9.803482858758223450e-01	2.782000000000000098e-02
7.559999999999999880e-03	1.069148013466282965e+00	-7.933333547491776550e-01
-2.745345266241776550e-01	1.770000000000000046e-02	-8.827562834087171462e-01
-3.297777677837171462e-01	9.705826608758223450e-01	2.784000000000000016e-02
7.579999999999999932e-03	1.059382388466282965e+00	-7.908919484991776550e-01
-2.843001516241776550e-01	1.771999999999999964e-02	-8.815355802837171462e-01
-3.395433927837171462e-01	9.730240671258223450e-01	2.785999999999999935e-02
7.599999999999999985e-03	1.061823794716282965e+00	-7.994368703741776550e-01
-2.672103078741776550e-01	1.773999999999999883e-02	-8.900805021587171462e-01
-3.212328459087171462e-01	9.620377390008223450e-01	2.787999999999999853e-02
7.620000000000000037e-03	1.053278872841282965e+00	-7.969954641241776550e-01
-2.757552297491776550e-01	1.776000000000000148e-02	-8.888597990337171462e-01
-3.309984709087171462e-01	9.644791452508223450e-01	2.790000000000000119e-02
7.640000000000000090e-03	1.054499575966282965e+00	-8.055403859991776550e-01
-2.598860891241776550e-01	1.778000000000000067e-02	-8.986254240337171462e-01
-3.139086271587171462e-01	9.534928171258223450e-01	2.792000000000000037e-02
7.660000000000000142e-03	1.044733950966282965e+00	-8.030989797491776550e-01
-2.684310109991776550e-01	1.779999999999999985e-02	-8.961840177837171462e-01
-3.236742521587171462e-01	9.547135202508223450e-01	2.793999999999999956e-02
7.680000000000000195e-03	1.045954654091282965e+00	-8.116439016241776550e-01
-2.525618703741776550e-01	1.781999999999999904e-02	-9.059496427837171462e-01
-3.065844084087170907e-01	9.449478952508223450e-01	2.795999999999999874e-02
7.700000000000000247e-03	1.037409732216282965e+00	-8.104231984991776550e-01
-2.611067922491776550e-01	1.784000000000000169e-02	-9.047289396587171462e-01
-3.163500334087171462e-01	9.461685983758223450e-01	2.798000000000000140e-02
7.720000000000000299e-03	1.038630435341282965e+00	-8.177474172491776550e-01
-2.452376516241776272e-01	1.786000000000000087e-02	-9.132738615337171462e-01
-2.992601896587170907e-01	9.364029733758223450e-01	2.800000000000000058e-02
7.740000000000000352e-03	1.030085513466282965e+00	-8.165267141241776550e-01
-2.550032766241776550e-01	1.788000000000000006e-02	-9.120531584087171462e-01
-3.078051115337170907e-01	9.376236765008223450e-01	2.801999999999999977e-02
7.760000000000000404e-03	1.031306216591282965e+00	-8.250716359991776550e-01
-2.379134328741776272e-01	1.789999999999999925e-02	-9.218187834087171462e-01
-2.919359709087170907e-01	9.266373483758223450e-01	2.803999999999999895e-02
7.779999999999999589e-03	1.022761294716282965e+00	-8.226302297491776550e-01
-2.464583547491776272e-01	1.791999999999999843e-02	-9.193773771587171462e-01
-3.004808927837170907e-01	9.278580515008223450e-01	2.806000000000000161e-02
7.799999999999999642e-03	1.023981997841282965e+00	-8.311751516241776550e-01
-2.305892141241776272e-01	1.794000000000000108e-02	-9.291430021587171462e-01
-2.846117521587170907e-01	9.180924265008223450e-01	2.808000000000000079e-02
7.820000000000000562e-03	1.015437075966282965e+00	-8.299544484991776550e-01
-2.403548391241776272e-01	1.796000000000000027e-02	-9.267015959087171462e-01
-2.931566740337170907e-01	9.193131296258223450e-01	2.809999999999999998e-02
7.839999999999999747e-03	1.016657779091282965e+00	-8.372786672491776550e-01
-2.232649953741776272e-01	1.797999999999999945e-02	-9.364672209087171462e-01
-2.760668302837170907e-01	9.095475046258223450e-01	2.811999999999999916e-02
7.860000000000000667e-03	1.006892154091282965e+00	-8.360579641241776550e-01
-2.318099172491776272e-01	1.799999999999999864e-02	-9.352465177837171462e-01
-2.858324552837170907e-01	9.107682077508223450e-01	2.813999999999999835e-02
7.879999999999999852e-03	1.008112857216282965e+00	-8.446028859991776550e-01
-2.159407766241776272e-01	1.802000000000000129e-02	-9.437914396587171462e-01
-2.675219084087170907e-01	9.010025827508223450e-01	2.816000000000000100e-02
7.900000000000000772e-03	9.995679353412828538e-01	-8.421614797491776550e-01
-2.257064016241776272e-01	1.804000000000000048e-02	-9.425707365337171462e-01
-2.772875334087170907e-01	9.022232858758223450e-01	2.818000000000000019e-02
7.919999999999999957e-03	1.000788638466282965e+00	-8.507064016241776550e-01
-2.086165578741776272e-01	1.805999999999999966e-02	-9.523363615337171462e-01
-2.601976896587170907e-01	8.924576608758223450e-01	2.819999999999999937e-02
7.939999999999999142e-03	9.922437165912828538e-01	-8.482649953741776550e-01
-2.183821828741776272e-01	1.807999999999999885e-02	-9.498949552837171462e-01
-2.699633146587170907e-01	8.948990671258223450e-01	2.821999999999999856e-02
7.960000000000000062e-03	9.934644197162828538e-01	-8.568099172491776550e-01
-2.012923391241776272e-01	1.810000000000000150e-02	-9.596605802837171462e-01
-2.528734709087170907e-01	8.839127390008223450e-01	2.824000000000000121e-02
7.979999999999999247e-03	9.836987947162828538e-01	-8.543685109991776550e-01
-2.098372609991776272e-01	1.812000000000000069e-02	-9.584398771587171462e-01
-2.626390959087170907e-01	8.863541452508223450e-01	2.826000000000000040e-02
8.000000000000000167e-03	9.861402009662828538e-01	-8.629134328741776550e-01
-1.939681203741776272e-01	1.813999999999999987e-02	-9.669847990337171462e-01
-2.443285490337171184e-01	8.765885202508223450e-01	2.827999999999999958e-02
8.019999999999999352e-03	9.763745759662828538e-01	-8.604720266241776550e-01
-2.037337453741776272e-01	1.815999999999999906e-02	-9.657640959087171462e-01
-2.540941740337170907e-01	8.778092233758223450e-01	2.829999999999999877e-02
8.040000000000000271e-03	9.775952790912828538e-01	-8.690169484991776550e-01
-1.878646047491776272e-01	1.818000000000000171e-02	-9.755297209087171462e-01
-2.382250334087171184e-01	8.692643015008223450e-01	2.832000000000000142e-02
8.059999999999999457e-03	9.690503572162828538e-01	-8.677962453741776550e-01
-1.964095266241776272e-01	1.820000000000000090e-02	-9.730883146587171462e-01
-2.467699552837171184e-01	8.717057077508223450e-01	2.834000000000000061e-02
8.080000000000000376e-03	9.702710603412828538e-01	-8.751204641241776550e-01
-1.793196828741776272e-01	1.822000000000000008e-02	-9.816332365337171462e-01
-2.296801115337171184e-01	8.619400827508223450e-01	2.835999999999999979e-02
8.099999999999999561e-03	9.617261384662828538e-01	-8.738997609991776550e-01
-1.890853078741776272e-01	1.823999999999999927e-02	-9.804125334087171462e-01
-2.394457365337171184e-01	8.643814890008223450e-01	2.837999999999999898e-02
8.120000000000000481e-03	9.629468415912828538e-01	-8.812239797491776550e-01
-1.732161672491776272e-01	1.825999999999999845e-02	-9.901781584087171462e-01
-2.223558927837171184e-01	8.546158640008223450e-01	2.840000000000000163e-02
8.139999999999999666e-03	9.531812165912828538e-01	-8.800032766241776550e-01
-1.817610891241776272e-01	1.828000000000000111e-02	-9.889574552837171462e-01
-2.321215177837171184e-01	8.570572702508223450e-01	2.842000000000000082e-02
8.160000000000000586e-03	9.556226228412828538e-01	-8.873274953741776550e-01
-1.658919484991776272e-01	1.830000000000000029e-02	-9.975023771587171462e-01
-2.150316740337171184e-01	8.485123483758223450e-01	2.844000000000000000e-02
8.179999999999999771e-03	9.458569978412828538e-01	-8.861067922491776550e-01
-1.744368703741776272e-01	1.831999999999999948e-02	-9.950609709087171462e-01
-2.235765959087171184e-01	8.509537546258223450e-01	2.845999999999999919e-02
8.200000000000000691e-03	9.470777009662828538e-01	-8.934310109991776550e-01
-1.573470266241776272e-01	1.833999999999999866e-02	-1.003605892783717035e+00
-2.064867521587171184e-01	8.411881296258223450e-01	2.847999999999999837e-02
8.219999999999999876e-03	9.373120759662828538e-01	-8.909896047491776550e-01
-1.671126516241776272e-01	1.836000000000000132e-02	-9.913988615337171462e-01
-2.162523771587171184e-01	8.436295358758223450e-01	2.850000000000000103e-02
8.240000000000000796e-03	9.397534822162828538e-01	-9.007552297491776550e-01
-1.512435109991776272e-01	1.838000000000000050e-02	-9.999437834087171462e-01
-1.991625334087171184e-01	8.350846140008223450e-01	2.852000000000000021e-02
8.259999999999999981e-03	9.312085603412828538e-01	-8.983138234991776550e-01
-1.597884328741776272e-01	1.839999999999999969e-02	-9.828539396587171462e-01
-2.089281584087171184e-01	8.375260202508223450e-01	2.853999999999999940e-02
8.279999999999999166e-03	9.324292634662828538e-01	-9.068587453741776550e-01
-1.439192922491776272e-01	1.841999999999999887e-02	-9.926195646587171462e-01
-1.918383146587171184e-01	8.289810983758223450e-01	2.855999999999999858e-02
8.300000000000000086e-03	9.226636384662828538e-01	-9.044173391241776550e-01
-1.524642141241776272e-01	1.844000000000000153e-02	-9.755297209087171462e-01
-2.003832365337171184e-01	8.302018015008223450e-01	2.858000000000000124e-02
8.319999999999999271e-03	9.251050447162828538e-01	-9.129622609991776550e-01
-1.365950734991776272e-01	1.846000000000000071e-02	-9.840746427837171462e-01
-1.832933927837171184e-01	8.216568796258223450e-01	2.860000000000000042e-02
8.340000000000000191e-03	9.153394197162828538e-01	-9.093001516241776550e-01
-1.463606984991776272e-01	1.847999999999999990e-02	-9.682055021587171462e-01
-1.930590177837171184e-01	8.240982858758223450e-01	2.861999999999999961e-02
8.359999999999999376e-03	9.177808259662828538e-01	-9.166243703741776550e-01
-1.292708547491776272e-01	1.849999999999999908e-02	-9.779711271587171462e-01
-1.759691740337171184e-01	8.143326608758223450e-01	2.863999999999999879e-02
8.380000000000000296e-03	9.080152009662828538e-01	-9.141829641241776550e-01
-1.390364797491776272e-01	1.851999999999999827e-02	-9.596605802837171462e-01
-1.857347990337171184e-01	8.167740671258223450e-01	2.866000000000000145e-02
8.399999999999999481e-03	9.092359040912828538e-01	-9.202864797491776550e-01
-1.231673391241776272e-01	1.854000000000000092e-02	-9.694262052837171462e-01
-1.686449552837171184e-01	8.082291452508223450e-01	2.868000000000000063e-02
8.420000000000000401e-03	9.006909822162828538e-01	-9.154036672491776550e-01
-1.317122609991776272e-01	1.856000000000000011e-02	-9.523363615337171462e-01
-1.771898771587171184e-01	8.106705515008223450e-01	2.869999999999999982e-02
8.439999999999999586e-03	9.019116853412828538e-01	-9.215071828741776550e-01
-1.158431203741776272e-01	1.857999999999999929e-02	-9.621019865337171462e-01
-1.601000334087171184e-01	8.009049265008223450e-01	2.871999999999999900e-02
8.460000000000000506e-03	8.921460603412828538e-01	-9.141829641241776550e-01
-1.243880422491776272e-01	1.859999999999999848e-02	-9.450121427837171462e-01
-1.698656584087171184e-01	8.033463327508223450e-01	2.874000000000000166e-02
8.479999999999999691e-03	8.945874665912828538e-01	-9.215071828741776550e-01
-1.072981984991776272e-01	1.862000000000000113e-02	-9.547777677837171462e-01
-1.527758146587171184e-01	7.935807077508223450e-01	2.876000000000000084e-02
8.500000000000000611e-03	8.848218415912828538e-01	-9.093001516241776550e-01
-1.170638234991776272e-01	1.864000000000000032e-02	-9.376879240337171462e-01
-1.613207365337171184e-01	7.972428171258223450e-01	2.878000000000000003e-02
8.519999999999999796e-03	8.860425447162828538e-01	-9.178450734991776550e-01
-1.011946828741776272e-01	1.865999999999999950e-02	-9.462328459087171462e-01
-1.454515959087171184e-01	7.874771921258223450e-01	2.879999999999999921e-02
8.540000000000000716e-03	8.774976228412828538e-01	-9.007552297491776550e-01
-1.097396047491776272e-01	1.867999999999999869e-02	-9.303637052837171462e-01
-1.552172209087171184e-01	7.886978952508223450e-01	2.881999999999999840e-02
8.559999999999999901e-03	8.787183259662828538e-01	-9.105208547491776550e-01
-9.387046412417762720e-02	1.870000000000000134e-02	-9.389086271587171462e-01
-1.369066740337171184e-01	7.801529733758223450e-01	2.884000000000000105e-02
8.580000000000000820e-03	8.701734040912828538e-01	-8.885481984991776550e-01
-1.036360891241776272e-01	1.872000000000000053e-02	-9.230394865337171462e-01
-1.466722990337171184e-01	7.813736765008223450e-01	2.886000000000000024e-02
8.600000000000000006e-03	8.713941072162828538e-01	-9.007552297491776550e-01
-8.654624537417762720e-02	1.873999999999999971e-02	-9.315844084087171462e-01
-1.295824552837171184e-01	7.728287546258223450e-01	2.887999999999999942e-02
8.619999999999999191e-03	8.616284822162828538e-01	-8.751204641241776550e-01
-9.509116724917762720e-02	1.875999999999999890e-02	-9.157152677837171462e-01
-1.393480802837171184e-01	7.740494577508223450e-01	2.889999999999999861e-02
8.640000000000000110e-03	8.640698884662828538e-01	-8.885481984991776550e-01
-7.922202662417762720e-02	1.878000000000000155e-02	-9.254808927837171462e-01
-1.222582365337171184e-01	7.655045358758223450e-01	2.892000000000000126e-02
8.659999999999999296e-03	8.543042634662828538e-01	-8.604720266241776550e-01
-8.776694849917762720e-02	1.880000000000000074e-02	-9.083910490337171462e-01
-1.308031584087171184e-01	7.667252390008223450e-01	2.894000000000000045e-02
8.680000000000000215e-03	8.555249665912828538e-01	-8.751204641241776550e-01
-7.189780787417762720e-02	1.881999999999999992e-02	-9.169359709087171462e-01
-1.149340177837171184e-01	7.581803171258223450e-01	2.895999999999999963e-02
8.699999999999999400e-03	8.469800447162828538e-01	-8.446028859991776550e-01
-8.166343287417762720e-02	1.883999999999999911e-02	-8.998461271587171462e-01
-1.234789396587171184e-01	7.581803171258223450e-01	2.897999999999999882e-02
8.720000000000000320e-03	8.482007478412828538e-01	-8.592513234991776550e-01
-6.457358912417762720e-02	1.885999999999999829e-02	-9.096117521587171462e-01
-1.063890959087171184e-01	7.496353952508223450e-01	2.900000000000000147e-02
8.739999999999999505e-03	8.396558259662828538e-01	-8.287337453741776550e-01
-7.311851099917762720e-02	1.888000000000000095e-02	-8.925219084087171462e-01
-1.161547209087171184e-01	7.508560983758223450e-01	2.902000000000000066e-02
8.760000000000000425e-03	8.408765290912828538e-01	-8.446028859991776550e-01
-5.847007349917762720e-02	1.890000000000000013e-02	-9.022875334087171462e-01
-9.906487715871711841e-02	7.423111765008223450e-01	2.903999999999999984e-02
8.779999999999999610e-03	8.311109040912828538e-01	-8.140853078741776550e-01
-6.579429224917762720e-02	1.891999999999999932e-02	-8.851976896587171462e-01
-1.076097990337171184e-01	7.435318796258223450e-01	2.905999999999999903e-02
8.800000000000000530e-03	8.335523103412828538e-01	-8.287337453741776550e-01
-4.992515162417762720e-02	1.893999999999999850e-02	-8.949633146587171462e-01
-9.174065840871711841e-02	7.349869577508223450e-01	2.908000000000000168e-02
8.819999999999999715e-03	8.237866853412828538e-01	-8.006575734991776550e-01
-5.847007349917762720e-02	1.896000000000000116e-02	-8.778734709087171462e-01
-1.002855802837171184e-01	7.362076608758223450e-01	2.910000000000000087e-02
8.840000000000000635e-03	8.262280915912828538e-01	-8.153060109991776550e-01
-4.260093287417762720e-02	1.898000000000000034e-02	-8.876390959087171462e-01
-8.441643965871711841e-02	7.264420358758223450e-01	2.912000000000000005e-02
8.859999999999999820e-03	8.164624665912828538e-01	-7.872298391241776550e-01
-5.236655787417762720e-02	1.899999999999999953e-02	-8.705492521587171462e-01
-9.296136153371711841e-02	7.276627390008223450e-01	2.913999999999999924e-02
8.880000000000000740e-03	8.176831697162828538e-01	-8.006575734991776550e-01
-3.527671412417762720e-02	1.901999999999999871e-02	-8.803148771587171462e-01
-7.587151778371711841e-02	7.191178171258223450e-01	2.915999999999999842e-02
8.899999999999999925e-03	8.091382478412828538e-01	-7.762435109991776550e-01
-4.504233912417762720e-02	1.904000000000000137e-02	-8.632250334087171462e-01
-8.563714278371711841e-02	7.215592233758223450e-01	2.918000000000000108e-02
8.920000000000000845e-03	8.103589509662828538e-01	-7.884505422491776550e-01
-2.917319849917762720e-02	1.906000000000000055e-02	-8.717699552837171462e-01
-6.732659590871711841e-02	7.117935983758223450e-01	2.920000000000000026e-02
8.940000000000000030e-03	8.005933259662828538e-01	-7.640364797491776550e-01
-3.771812037417762720e-02	1.907999999999999974e-02	-8.546801115337171462e-01
-7.709222090871711841e-02	7.130143015008223450e-01	2.921999999999999945e-02
8.959999999999999215e-03	8.018140290912828538e-01	-7.762435109991776550e-01
-2.062827662417762720e-02	1.909999999999999892e-02	-8.644457365337171462e-01
-6.122308028371711147e-02	7.044693796258223450e-01	2.923999999999999863e-02
8.980000000000000135e-03	7.932691072162828538e-01	-7.554915578741776550e-01
-3.039390162417762720e-02	1.912000000000000158e-02	-8.473558927837171462e-01
-6.976800215871711841e-02	7.056900827508223450e-01	2.926000000000000129e-02
8.999999999999999320e-03	7.944898103412828538e-01	-7.664778859991776550e-01
-1.452476099917762720e-02	1.914000000000000076e-02	-8.571215177837171462e-01
-5.267815840871711147e-02	6.971451608758223450e-01	2.928000000000000047e-02
9.020000000000000240e-03	7.859448884662828538e-01	-7.469466359991776550e-01
-2.306968287417762720e-02	1.915999999999999995e-02	-8.400316740337171462e-01
-6.244378340871711147e-02	6.983658640008223450e-01	2.929999999999999966e-02
9.039999999999999425e-03	7.871655915912828538e-01	-7.567122609991776550e-01
-7.200542249177627196e-03	1.917999999999999913e-02	-8.485765959087171462e-01
-4.413323653371711147e-02	6.898209421258223450e-01	2.931999999999999884e-02
9.060000000000000345e-03	7.786206697162828538e-01	-7.396224172491776550e-01
-1.574546412417762720e-02	1.919999999999999832e-02	-8.314867521587171462e-01
-5.389886153371711147e-02	6.910416452508223450e-01	2.934000000000000150e-02
9.079999999999999530e-03	7.798413728412828538e-01	-7.481673391241776550e-01
1.236765008223728035e-04	1.922000000000000097e-02	-8.412523771587171462e-01
-3.802972090871711147e-02	6.824967233758223450e-01	2.936000000000000068e-02
9.100000000000000450e-03	7.700757478412828538e-01	-7.322981984991776550e-01
-9.641948499177627196e-03	1.924000000000000016e-02	-8.241625334087171462e-01
-4.657464278371711147e-02	6.837174265008223450e-01	2.937999999999999987e-02
9.119999999999999635e-03	7.712964509662828538e-01	-7.408431203741776550e-01
6.227192125822372804e-03	1.925999999999999934e-02	-8.339281584087171462e-01
-2.948479903371711147e-02	6.751725046258223450e-01	2.939999999999999905e-02
9.140000000000000555e-03	7.627515290912828538e-01	-7.274153859991776550e-01
-1.097026624177627196e-03	1.927999999999999853e-02	-8.168383146587171462e-01
-3.925042403371711147e-02	6.763932077508223450e-01	2.942000000000000171e-02
9.159999999999999740e-03	7.639722322162828538e-01	-7.347396047491776550e-01
1.355141087582237280e-02	1.930000000000000118e-02	-8.253832365337171462e-01
-2.216058028371711147e-02	6.678482858758223450e-01	2.944000000000000089e-02
9.180000000000000659e-03	7.542066072162828538e-01	-7.225325734991776550e-01
5.006489000822372804e-03	1.932000000000000037e-02	-8.095140959087171462e-01
-3.070550215871711147e-02	6.690689890008223450e-01	2.946000000000000008e-02
9.199999999999999845e-03	7.554273103412828538e-01	-7.298567922491776550e-01
2.087562962582237280e-02	1.933999999999999955e-02	-8.180590177837171462e-01
-1.361565840871711147e-02	6.605240671258223450e-01	2.947999999999999926e-02
9.220000000000000764e-03	7.468823884662828538e-01	-7.176497609991776550e-01
1.233070775082237280e-02	1.935999999999999874e-02	-8.009691740337171462e-01
-2.338128340871711147e-02	6.617447702508223450e-01	2.949999999999999845e-02
9.239999999999999949e-03	7.493237947162828538e-01	-7.261946828741776550e-01
2.819984837582237280e-02	1.938000000000000139e-02	-8.107347990337171462e-01
-7.512142783717111472e-03	6.531998483758223450e-01	2.952000000000000110e-02
9.259999999999999135e-03	7.395581697162828538e-01	-7.139876516241776550e-01
1.965492650082237280e-02	1.940000000000000058e-02	-7.936449552837171462e-01
-1.605706465871711147e-02	6.556412546258223450e-01	2.954000000000000029e-02
9.280000000000000054e-03	7.419995759662828538e-01	-7.213118703741776550e-01
3.552406712582237280e-02	1.941999999999999976e-02	-8.034105802837171462e-01
1.032779091282888528e-03	6.458756296258223450e-01	2.955999999999999947e-02
9.299999999999999239e-03	7.322339509662828538e-01	-7.103255422491776550e-01
2.697914525082237280e-02	1.943999999999999895e-02	-7.863207365337171462e-01
-8.732845908717111472e-03	6.470963327508223450e-01	2.957999999999999866e-02
9.320000000000000159e-03	7.334546540912828538e-01	-7.176497609991776550e-01
4.284828587582237280e-02	1.946000000000000160e-02	-7.960863615337171462e-01
8.356997841282888528e-03	6.385514108758223450e-01	2.960000000000000131e-02
9.339999999999999344e-03	7.249097322162828538e-01	-7.066634328741776550e-01
3.430336400082237280e-02	1.948000000000000079e-02	-7.777758146587171462e-01
-1.879240337171114716e-04	6.397721140008223450e-01	2.962000000000000050e-02
9.360000000000000264e-03	7.261304353412828538e-01	-7.139876516241776550e-01
4.895180150082237280e-02	1.949999999999999997e-02	-7.875414396587171462e-01
1.690191971628288853e-02	6.312271921258223450e-01	2.963999999999999968e-02
9.379999999999999449e-03	7.175855134662828538e-01	-7.030013234991776550e-01
4.040687962582237280e-02	1.951999999999999916e-02	-7.716722990337171462e-01
7.136294716282888528e-03	6.336685983758223450e-01	2.965999999999999887e-02
9.400000000000000369e-03	7.188062165912828538e-01	-7.103255422491776550e-01
5.627602025082237280e-02	1.953999999999999834e-02	-7.802172209087171462e-01
2.422613846628288853e-02	6.239029733758223450e-01	2.968000000000000152e-02
9.419999999999999554e-03	7.090405915912828538e-01	-6.981185109991776550e-01
4.773109837582237280e-02	1.956000000000000100e-02	-7.631273771587171462e-01
1.446051346628288853e-02	6.251236765008223450e-01	2.970000000000000070e-02
9.440000000000000474e-03	7.102612947162828538e-01	-7.054427297491776550e-01
6.360023900082237280e-02	1.958000000000000018e-02	-7.728930021587171462e-01
3.155035721628288853e-02	6.165787546258223450e-01	2.971999999999999989e-02
9.459999999999999659e-03	7.017163728412828538e-01	-6.920149953741776550e-01
5.505531712582237280e-02	1.959999999999999937e-02	-7.558031584087171462e-01
2.178473221628288853e-02	6.190201608758223450e-01	2.973999999999999908e-02
9.480000000000000579e-03	7.029370759662828538e-01	-6.993392141241776550e-01
7.092445775082237280e-02	1.961999999999999855e-02	-7.655687834087171462e-01
4.009527909128288853e-02	6.092545358758223450e-01	2.976000000000000173e-02
9.499999999999999764e-03	6.943921540912828538e-01	-6.859114797491776550e-01
6.115883275082237280e-02	1.964000000000000121e-02	-7.484789396587171462e-01
3.032965409128288853e-02	6.104752390008223450e-01	2.978000000000000091e-02
9.520000000000000684e-03	6.956128572162828538e-01	-6.944564016241776550e-01
7.702797337582237280e-02	1.966000000000000039e-02	-7.570238615337171462e-01
4.741949784128288853e-02	6.031510202508223450e-01	2.980000000000000010e-02
9.539999999999999869e-03	6.858472322162828538e-01	-6.785872609991776550e-01
6.848305150082237280e-02	1.967999999999999958e-02	-7.411547209087171462e-01
3.765387284128288853e-02	6.043717233758223450e-01	2.981999999999999929e-02
9.560000000000000789e-03	6.870679353412828538e-01	-6.871321828741776550e-01
8.435219212582237280e-02	1.969999999999999876e-02	-7.496996427837171462e-01
5.474371659128288853e-02	5.946060983758223450e-01	2.983999999999999847e-02
9.579999999999999974e-03	6.785230134662828538e-01	-6.712630422491776550e-01
7.580727025082237280e-02	1.972000000000000142e-02	-7.338305021587171462e-01
4.619879471628288853e-02	5.970475046258223450e-01	2.986000000000000112e-02
9.599999999999999159e-03	6.797437165912828538e-01	-6.798079641241776550e-01
9.167641087582237280e-02	1.974000000000000060e-02	-7.423754240337171462e-01
6.328863846628288159e-02	5.872818796258223450e-01	2.988000000000000031e-02
9.620000000000000079e-03	6.711987947162828538e-01	-6.639388234991776550e-01
8.191078587582237280e-02	1.975999999999999979e-02	-7.252855802837171462e-01
5.352301346628288853e-02	5.897232858758223450e-01	2.989999999999999949e-02
9.639999999999999264e-03	6.724194978412828538e-01	-6.724837453741776550e-01
9.900062962582237280e-02	1.977999999999999897e-02	-7.350512052837171462e-01
7.061285721628288159e-02	5.811783640008223450e-01	2.991999999999999868e-02
9.660000000000000184e-03	6.626538728412828538e-01	-6.541731984991776550e-01
9.045570775082237280e-02	1.980000000000000163e-02	-7.179613615337171462e-01
6.084723221628288853e-02	5.823990671258223450e-01	2.994000000000000133e-02
9.679999999999999369e-03	6.638745759662828538e-01	-6.651595266241776550e-01
1.051041452508223728e-01	1.982000000000000081e-02	-7.277269865337171462e-01
7.793707596628288159e-02	5.738541452508223450e-01	2.996000000000000052e-02
9.700000000000000289e-03	6.553296540912828538e-01	-6.468489797491776550e-01
9.655922337582237280e-02	1.984000000000000000e-02	-7.106371427837171462e-01
6.939215409128288159e-02	5.750748483758223450e-01	2.997999999999999970e-02
9.719999999999999474e-03	6.565503572162828538e-01	-6.566146047491776550e-01
1.136490671258223728e-01	1.985999999999999918e-02	-7.191820646587171462e-01
8.648199784128288159e-02	5.665299265008223450e-01	2.999999999999999889e-02
9.740000000000000394e-03	6.480054353412828538e-01	-6.383040578741776550e-01
1.038834421258223728e-01	1.987999999999999837e-02	-7.033129240337171462e-01
7.671637284128288159e-02	5.677506296258223450e-01	3.002000000000000154e-02
9.759999999999999579e-03	6.492261384662828538e-01	-6.480696828741776550e-01
1.197525827508223728e-01	1.990000000000000102e-02	-7.130785490337171462e-01
9.258551346628288159e-02	5.592057077508223450e-01	3.004000000000000073e-02
9.780000000000000498e-03	6.406812165912828538e-01	-6.297591359991776550e-01
1.124283640008223728e-01	1.992000000000000021e-02	-6.947680021587171462e-01
8.404059159128288159e-02	5.616471140008223450e-01	3.005999999999999991e-02
9.799999999999999684e-03	6.419019197162828538e-01	-6.395247609991776550e-01
1.282975046258223728e-01	1.993999999999999939e-02	-7.045336271587171462e-01
1.011304353412828816e-01	5.518814890008223450e-01	3.007999999999999910e-02
9.820000000000000603e-03	6.321362947162828538e-01	-6.199935109991776550e-01
1.185318796258223728e-01	1.995999999999999858e-02	-6.874437834087171462e-01
9.258551346628288159e-02	5.531021921258223450e-01	3.009999999999999828e-02
9.839999999999999789e-03	6.333569978412828538e-01	-6.309798391241776550e-01
1.344010202508223728e-01	1.998000000000000123e-02	-6.972094084087171462e-01
1.084546540912828816e-01	5.445572702508223450e-01	3.012000000000000094e-02
9.860000000000000708e-03	6.248120759662828538e-01	-6.114485891241776550e-01
1.258560983758223728e-01	2.000000000000000042e-02	-6.801195646587171462e-01
9.990973221628288159e-02	5.457779733758223450e-01	3.014000000000000012e-02
9.879999999999999893e-03	6.260327790912828538e-01	-6.212142141241776550e-01
1.417252390008223728e-01	2.001999999999999960e-02	-6.886644865337171462e-01
1.157788728412828816e-01	5.372330515008223450e-01	3.015999999999999931e-02
9.900000000000000813e-03	6.174878572162828538e-01	-6.029036672491776550e-01
1.319596140008223728e-01	2.003999999999999879e-02	-6.715746427837171462e-01
1.072339509662828816e-01	5.384537546258223450e-01	3.017999999999999849e-02
9.919999999999999998e-03	6.187085603412828538e-01	-6.126692922491776550e-01
1.466080515008223728e-01	2.006000000000000144e-02	-6.813402677837171462e-01
1.243237947162828816e-01	5.299088327508223450e-01	3.020000000000000115e-02
9.939999999999999183e-03	6.089429353412828538e-01	-5.943587453741776550e-01
1.405045358758223728e-01	2.008000000000000063e-02	-6.642504240337171462e-01
1.145581697162828816e-01	5.311295358758223450e-01	3.022000000000000033e-02
9.960000000000000103e-03	6.101636384662828538e-01	-6.041243703741776550e-01
1.551529733758223728e-01	2.009999999999999981e-02	-6.740160490337171462e-01
1.316480134662828816e-01	5.225846140008223450e-01	3.023999999999999952e-02
9.979999999999999288e-03	6.016187165912828538e-01	-5.870345266241776550e-01
1.453873483758223728e-01	2.011999999999999900e-02	-6.569262052837171462e-01
1.218823884662828816e-01	5.238053171258223450e-01	3.025999999999999870e-02
1.000000000000000021e-02	6.028394197162828538e-01	-5.955794484991776550e-01
1.612564890008223728e-01	2.014000000000000165e-02	-6.666918302837171462e-01
1.389722322162828816e-01	5.152603952508223450e-01	3.028000000000000136e-02
1.001999999999999939e-02	5.930737947162828538e-01	-5.784896047491776550e-01
1.527115671258223728e-01	2.016000000000000084e-02	-6.483812834087171462e-01
1.304273103412828816e-01	5.177018015008223450e-01	3.030000000000000054e-02
1.004000000000000031e-02	5.955152009662828538e-01	-5.882552297491776550e-01
1.685807077508223728e-01	2.018000000000000002e-02	-6.581469084087171462e-01
1.475171540912828816e-01	5.079361765008223450e-01	3.031999999999999973e-02
1.005999999999999950e-02	5.857495759662828538e-01	-5.711653859991776550e-01
1.600357858758223728e-01	2.019999999999999921e-02	-6.422777677837171462e-01
1.377515290912828816e-01	5.091568796258223450e-01	3.033999999999999891e-02
1.008000000000000042e-02	5.881909822162828538e-01	-5.797103078741776550e-01
1.759049265008223728e-01	2.021999999999999839e-02	-6.508226896587171462e-01
1.548413728412828816e-01	5.006119577508223450e-01	3.036000000000000157e-02
1.009999999999999960e-02	5.784253572162828538e-01	-5.626204641241776550e-01
1.661393015008223728e-01	2.024000000000000105e-02	-6.337328459087171462e-01
1.450757478412828816e-01	5.018326608758223450e-01	3.038000000000000075e-02
1.012000000000000052e-02	5.796460603412828538e-01	-5.723860891241776550e-01
1.820084421258223728e-01	2.026000000000000023e-02	-6.434984709087171462e-01
