Time (s)	Peltier Voltage (V)	Peltier PSU Current (A)	PT1000 Resistance (Ohm)	Temperature (C)	Drive Voltage (V)	Bias Voltage (V)	Resistor Voltage Drop (V)	Current (A)	Sample Resistance (Ohm)	Raw AO0 (V)	Raw AI0 (V)	Raw AI1 (V)
1.13999938964844	0	0	1104	27.012987012987	0.2	0.178036773856729	0.0219632261432707	1.01213023701708E-05	17590.3028429852	0.2	0.199663730803877	0.0219632261432707
2.2669997215271	0	0	1104	27.012987012987	0.2	0.179343395214528	0.0206566047854722	9.51917271219915E-06	18840.2291498181	0.2	0.200317041482776	0.0206566047854722
2.64399909973145	0	0	1104	27.012987012987	0.2	0.178363429196179	0.0216365708038211	9.97076995567792E-06	17888.631468687	0.2	0.199990386143327	0.0216365708038211
3.14199924468994	0	0	1104	27.012987012987	0.2	0.179016739875078	0.0209832601249218	9.66970512669207E-06	18513.1539720817	0.2	0.200643696822226	0.0209832601249218
3.63199949264526	0	0	1103	26.7532467532468	0.2	0.17738346317783	0.02261653682217	1.04223671991567E-05	17019.4985254581	0.2	0.200643696822226	0.02261653682217
4.1419997215271	0	0	1103	26.7532467532468	0.2	0.178363429196179	0.0216365708038211	9.97076995567792E-06	17888.631468687	0.2	0.200317041482776	0.0216365708038211
4.63199996948242	0	0	1103	26.7532467532468	0.2	0.178363429196179	0.0216365708038211	9.97076995567792E-06	17888.631468687	0.2	0.200317041482776	0.0216365708038211
5.15900039672852	0	0	1104	27.012987012987	0.2	0.17771011851728	0.0222898814827204	1.02718347846638E-05	17300.7181523799	0.2	0.200643696822226	0.0222898814827204
5.6439995765686	0	0	1104	27.012987012987	0.2	0.17738346317783	0.02261653682217	1.04223671991567E-05	17019.4985254581	0.2	0.200643696822226	0.02261653682217
6.13899993896484	0	0	1103	26.7532467532468	0.2	0.178036773856729	0.0219632261432707	1.01213023701708E-05	17590.3028429852	0.2	0.200643696822226	0.0219632261432707
6.64299917221069	0	0	1103	26.7532467532468	0.2	0.17705680783838	0.0229431921616197	1.05728996136496E-05	16746.2866676422	0.2	0.200317041482776	0.0229431921616197
7.13999938964844	0	0	1103	26.7532467532468	0.2	0.178036773856729	0.0219632261432707	1.01213023701708E-05	17590.3028429852	0.2	0.200970352161676	0.0219632261432707
7.63399934768677	0	0	1103	26.7532467532468	0.2	0.178363429196179	0.0216365708038211	9.97076995567792E-06	17888.631468687	0.2	0.200970352161676	0.0216365708038211
8.13199901580811	0	0	1103	26.7532467532468	0.2	0.178036773856729	0.0219632261432707	1.01213023701708E-05	17590.3028429852	0.2	0.200317041482776	0.0219632261432707
8.63899946212769	0	0	1103	26.7532467532468	0.2	0.178363429196179	0.0216365708038211	9.97076995567792E-06	17888.631468687	0.2	0.200643696822226	0.0216365708038211
9.14699983596802	0	0	1103	26.7532467532468	0.2	0.17771011851728	0.0222898814827204	1.02718347846638E-05	17300.7181523799	0.2	0.201950318180025	0.0222898814827204
9.64400005340576	0	0	1103	26.7532467532468	0.2	0.17771011851728	0.0222898814827204	1.02718347846638E-05	17300.7181523799	0.2	0.200317041482776	0.0222898814827204
10.1380000114441	0	0	1103	26.7532467532468	0.2	0.17771011851728	0.0222898814827204	1.02718347846638E-05	17300.7181523799	0.2	0.200970352161676	0.0222898814827204
10.6429996490479	0	0	1103	26.7532467532468	0.2	0.178690084535629	0.0213099154643714	9.820237541185E-06	18196.106131468	0.2	0.200317041482776	0.0213099154643714
11.1440000534058	0.1	0	1103	26.7532467532468	0.2	0.17738346317783	0.02261653682217	1.04223671991567E-05	17019.4985254581	0.2	0.200643696822226	0.02261653682217
11.6319994926453	0.1	0.042	1103	26.7532467532468	0.2	0.178690084535629	0.0213099154643714	9.820237541185E-06	18196.106131468	0.2	0.200317041482776	0.0213099154643714
12.1389999389648	0.1	0.04	1103	26.7532467532468	0.2	0.178363429196179	0.0216365708038211	9.97076995567792E-06	17888.631468687	0.2	0.200643696822226	0.0216365708038211
12.6399998664856	0.1	0.039	1103	26.7532467532468	0.2	0.179343395214528	0.0206566047854722	9.51917271219915E-06	18840.2291498181	0.2	0.200970352161676	0.0206566047854722
13.1469993591309	0.1	0.038	1103	26.7532467532468	0.2	0.178363429196179	0.0216365708038211	9.97076995567792E-06	17888.631468687	0.2	0.200643696822226	0.0216365708038211
13.6449999809265	0.1	0.037	1103	26.7532467532468	0.2	0.178036773856729	0.0219632261432707	1.01213023701708E-05	17590.3028429852	0.2	0.199990386143327	0.0219632261432707
14.1320004463196	0.1	0.037	1103	26.7532467532468	0.2	0.178036773856729	0.0219632261432707	1.01213023701708E-05	17590.3028429852	0.2	0.200970352161676	0.0219632261432707
14.6399998664856	0.1	0.036	1103	26.7532467532468	0.2	0.179016739875078	0.0209832601249218	9.66970512669207E-06	18513.1539720817	0.2	0.200643696822226	0.0209832601249218
15.1399993896484	0.1	0.036	1103	26.7532467532468	0.2	0.178363429196179	0.0216365708038211	9.97076995567792E-06	17888.631468687	0.2	0.200643696822226	0.0216365708038211
15.6309995651245	0.1	0.036	1103	26.7532467532468	0.2	0.178036773856729	0.0219632261432707	1.01213023701708E-05	17590.3028429852	0.2	0.200317041482776	0.0219632261432707
16.1379990577698	0.1	0.035	1103	26.7532467532468	0.2	0.17738346317783	0.02261653682217	1.04223671991567E-05	17019.4985254581	0.2	0.200317041482776	0.02261653682217
16.6389989852905	0.1	0.035	1103	26.7532467532468	0.2	0.178036773856729	0.0219632261432707	1.01213023701708E-05	17590.3028429852	0.2	0.201297007501125	0.0219632261432707
17.1389994621277	0.1	0.035	1103	26.7532467532468	0.2	0.178690084535629	0.0213099154643714	9.820237541185E-06	18196.106131468	0.2	0.200317041482776	0.0213099154643714
17.6449990272522	0.1	0.035	1103	26.7532467532468	0.2	0.17771011851728	0.0222898814827204	1.02718347846638E-05	17300.7181523799	0.2	0.200317041482776	0.0222898814827204
18.1309995651245	0.1	0.035	1103	26.7532467532468	0.2	0.178363429196179	0.0216365708038211	9.97076995567792E-06	17888.631468687	0.2	0.200317041482776	0.0216365708038211
18.6459994316101	0.1	0.035	1103	26.7532467532468	0.2	0.178036773856729	0.0219632261432707	1.01213023701708E-05	17590.3028429852	0.2	0.200317041482776	0.0219632261432707
19.1349997520447	0.1	0.035	1103	26.7532467532468	0.2	0.17771011851728	0.0222898814827204	1.02718347846638E-05	17300.7181523799	0.2	0.199990386143327	0.0222898814827204
19.6619992256165	0.1	0.034	1103	26.7532467532468	0.2	0.178036773856729	0.0219632261432707	1.01213023701708E-05	17590.3028429852	0.2	0.199990386143327	0.0219632261432707
20.1389999389648	0.1	0.034	1103	26.7532467532468	0.2	0.178363429196179	0.0216365708038211	9.97076995567792E-06	17888.631468687	0.2	0.200643696822226	0.0216365708038211
20.6529994010925	0.1	0.034	1103	26.7532467532468	0.2	0.178690084535629	0.0213099154643714	9.820237541185E-06	18196.106131468	0.2	0.201297007501125	0.0213099154643714
21.1539998054504	0.2	0.091	1103	26.7532467532468	0.2	0.178036773856729	0.0219632261432707	1.01213023701708E-05	17590.3028429852	0.2	0.200317041482776	0.0219632261432707
21.6319999694824	0.2	0.089	1103	26.7532467532468	0.2	0.178036773856729	0.0219632261432707	1.01213023701708E-05	17590.3028429852	0.2	0.200970352161676	0.0219632261432707
22.1349992752075	0.2	0.085	1103	26.7532467532468	0.2	0.178363429196179	0.0216365708038211	9.97076995567792E-06	17888.631468687	0.2	0.201297007501125	0.0216365708038211
22.6449995040894	0.2	0.084	1103	26.7532467532468	0.2	0.178363429196179	0.0216365708038211	9.97076995567792E-06	17888.631468687	0.2	0.201297007501125	0.0216365708038211
23.1380000114441	0.2	0.082	1103	26.7532467532468	0.2	0.178363429196179	0.0216365708038211	9.97076995567792E-06	17888.631468687	0.2	0.200643696822226	0.0216365708038211
23.6440000534058	0.2	0.082	1103	26.7532467532468	0.2	0.178036773856729	0.0219632261432707	1.01213023701708E-05	17590.3028429852	0.2	0.200970352161676	0.0219632261432707
24.1399993896484	0.2	0.081	1103	26.7532467532468	0.2	0.178690084535629	0.0213099154643714	9.820237541185E-06	18196.106131468	0.2	0.201297007501125	0.0213099154643714
24.6399998664856	0.2	0.08	1103	26.7532467532468	0.2	0.178036773856729	0.0219632261432707	1.01213023701708E-05	17590.3028429852	0.2	0.200970352161676	0.0219632261432707
25.1399998664856	0.2	0.079	1103	26.7532467532468	0.2	0.178690084535629	0.0213099154643714	9.820237541185E-06	18196.106131468	0.2	0.200970352161676	0.0213099154643714
25.6369996070862	0.2	0.079	1103	26.7532467532468	0.2	0.178363429196179	0.0216365708038211	9.97076995567792E-06	17888.631468687	0.2	0.200643696822226	0.0216365708038211
26.1399993896484	0.2	0.079	1103	26.7532467532468	0.2	0.178363429196179	0.0216365708038211	9.97076995567792E-06	17888.631468687	0.2	0.200970352161676	0.0216365708038211
26.6379990577698	0.2	0.078	1103	26.7532467532468	0.2	0.178690084535629	0.0213099154643714	9.820237541185E-06	18196.106131468	0.2	0.201297007501125	0.0213099154643714
27.1419997215271	0.2	0.078	1103	26.7532467532468	0.2	0.178363429196179	0.0216365708038211	9.97076995567792E-06	17888.631468687	0.2	0.199663730803877	0.0216365708038211
27.6420001983643	0.2	0.078	1102	26.4935064935065	0.2	0.178036773856729	0.0219632261432707	1.01213023701708E-05	17590.3028429852	0.2	0.200643696822226	0.0219632261432707
28.1409993171692	0.2	0.077	1103	26.7532467532468	0.2	0.178363429196179	0.0216365708038211	9.97076995567792E-06	17888.631468687	0.2	0.199990386143327	0.0216365708038211
28.6399998664856	0.2	0.077	1102	26.4935064935065	0.2	0.178690084535629	0.0213099154643714	9.820237541185E-06	18196.106131468	0.2	0.200317041482776	0.0213099154643714
29.1370000839233	0.2	0.077	1103	26.7532467532468	0.2	0.178363429196179	0.0216365708038211	9.97076995567792E-06	17888.631468687	0.2	0.200643696822226	0.0216365708038211
29.6349997520447	0.2	0.077	1103	26.7532467532468	0.2	0.178363429196179	0.0216365708038211	9.97076995567792E-06	17888.631468687	0.2	0.200970352161676	0.0216365708038211
30.1569995880127	0.2	0.076	1103	26.7532467532468	0.2	0.178363429196179	0.0216365708038211	9.97076995567792E-06	17888.631468687	0.2	0.201950318180025	0.0216365708038211
30.6339993476868	0.2	0.076	1103	26.7532467532468	0.2	0.178036773856729	0.0219632261432707	1.01213023701708E-05	17590.3028429852	0.2	0.200970352161676	0.0219632261432707
31.150999546051	0.3	0.076	1102	26.4935064935065	0.2	0.178363429196179	0.0216365708038211	9.97076995567792E-06	17888.631468687	0.2	0.200970352161676	0.0216365708038211
31.6409997940063	0.3	0.13	1102	26.4935064935065	0.2	0.178690084535629	0.0213099154643714	9.820237541185E-06	18196.106131468	0.2	0.200317041482776	0.0213099154643714
32.1389994621277	0.3	0.128	1102	26.4935064935065	0.2	0.178363429196179	0.0216365708038211	9.97076995567792E-06	17888.631468687	0.2	0.200317041482776	0.0216365708038211
32.6409993171692	0.3	0.125	1103	26.7532467532468	0.2	0.179016739875078	0.0209832601249218	9.66970512669207E-06	18513.1539720817	0.2	0.200643696822226	0.0209832601249218
33.1389999389648	0.3	0.125	1103	26.7532467532468	0.2	0.178036773856729	0.0219632261432707	1.01213023701708E-05	17590.3028429852	0.2	0.199663730803877	0.0219632261432707
33.6319999694824	0.3	0.123	1103	26.7532467532468	0.2	0.178363429196179	0.0216365708038211	9.97076995567792E-06	17888.631468687	0.2	0.200970352161676	0.0216365708038211
34.1399993896484	0.3	0.122	1103	26.7532467532468	0.2	0.178036773856729	0.0219632261432707	1.01213023701708E-05	17590.3028429852	0.2	0.200317041482776	0.0219632261432707
34.6439990997314	0.3	0.121	1103	26.7532467532468	0.2	0.178690084535629	0.0213099154643714	9.820237541185E-06	18196.106131468	0.2	0.200317041482776	0.0213099154643714
35.1489996910095	0.3	0.121	1102	26.4935064935065	0.2	0.178363429196179	0.0216365708038211	9.97076995567792E-06	17888.631468687	0.2	0.201297007501125	0.0216365708038211
35.6409997940063	0.3	0.12	1103	26.7532467532468	0.2	0.178036773856729	0.0219632261432707	1.01213023701708E-05	17590.3028429852	0.2	0.200317041482776	0.0219632261432707
36.1389994621277	0.3	0.12	1103	26.7532467532468	0.2	0.178363429196179	0.0216365708038211	9.97076995567792E-06	17888.631468687	0.2	0.200970352161676	0.0216365708038211
36.6389994621277	0.3	0.119	1103	26.7532467532468	0.2	0.178363429196179	0.0216365708038211	9.97076995567792E-06	17888.631468687	0.2	0.199990386143327	0.0216365708038211
37.1409997940063	0.3	0.119	1103	26.7532467532468	0.2	0.178690084535629	0.0213099154643714	9.820237541185E-06	18196.106131468	0.2	0.200643696822226	0.0213099154643714
37.6409997940063	0.3	0.118	1102	26.4935064935065	0.2	0.178036773856729	0.0219632261432707	1.01213023701708E-05	17590.3028429852	0.2	0.200643696822226	0.0219632261432707
38.1409997940063	0.3	0.118	1103	26.7532467532468	0.2	0.17738346317783	0.02261653682217	1.04223671991567E-05	17019.4985254581	0.2	0.200643696822226	0.02261653682217
38.6379995346069	0.3	0.117	1103	26.7532467532468	0.2	0.179016739875078	0.0209832601249218	9.66970512669207E-06	18513.1539720817	0.2	0.200970352161676	0.0209832601249218
39.1479997634888	0.3	0.117	1103	26.7532467532468	0.2	0.179016739875078	0.0209832601249218	9.66970512669207E-06	18513.1539720817	0.2	0.200643696822226	0.0209832601249218
39.6360001564026	0.3	0.117	1103	26.7532467532468	0.2	0.178363429196179	0.0216365708038211	9.97076995567792E-06	17888.631468687	0.2	0.199990386143327	0.0216365708038211
40.1359996795654	0.3	0.116	1103	26.7532467532468	0.2	0.178363429196179	0.0216365708038211	9.97076995567792E-06	17888.631468687	0.2	0.200643696822226	0.0216365708038211
40.6399993896484	0.3	0.116	1103	26.7532467532468	0.2	0.178036773856729	0.0219632261432707	1.01213023701708E-05	17590.3028429852	0.2	0.199990386143327	0.0219632261432707
41.1419992446899	0.3	0.116	1103	26.7532467532468	0.2	0.17771011851728	0.0222898814827204	1.02718347846638E-05	17300.7181523799	0.2	0.199990386143327	0.0222898814827204
41.6659998893738	0.4	0.116	1103	26.7532467532468	0.2	0.17771011851728	0.0222898814827204	1.02718347846638E-05	17300.7181523799	0.2	0.200317041482776	0.0222898814827204
42.1359992027283	0.4	0.17	1103	26.7532467532468	0.2	0.178690084535629	0.0213099154643714	9.820237541185E-06	18196.106131468	0.2	0.199663730803877	0.0213099154643714
42.6549997329712	0.4	0.168	1103	26.7532467532468	0.2	0.176730152498931	0.0232698475010693	1.07234320281425E-05	16480.7453467435	0.2	0.199663730803877	0.0232698475010693
43.1389994621277	0.4	0.165	1103	26.7532467532468	0.2	0.178036773856729	0.0219632261432707	1.01213023701708E-05	17590.3028429852	0.2	0.200317041482776	0.0219632261432707
43.6419997215271	0.4	0.164	1103	26.7532467532468	0.2	0.178363429196179	0.0216365708038211	9.97076995567792E-06	17888.631468687	0.2	0.200317041482776	0.0216365708038211
44.1419997215271	0.4	0.163	1103	26.7532467532468	0.2	0.178036773856729	0.0219632261432707	1.01213023701708E-05	17590.3028429852	0.2	0.199990386143327	0.0219632261432707
44.6339988708496	0.4	0.162	1103	26.7532467532468	0.2	0.178036773856729	0.0219632261432707	1.01213023701708E-05	17590.3028429852	0.2	0.199990386143327	0.0219632261432707
45.1389994621277	0.4	0.161	1103	26.7532467532468	0.2	0.178363429196179	0.0216365708038211	9.97076995567792E-06	17888.631468687	0.2	0.200317041482776	0.0216365708038211
45.6420001983643	0.4	0.16	1103	26.7532467532468	0.2	0.179016739875078	0.0209832601249218	9.66970512669207E-06	18513.1539720817	0.2	0.199990386143327	0.0209832601249218
46.1339993476868	0.4	0.159	1103	26.7532467532468	0.2	0.17738346317783	0.02261653682217	1.04223671991567E-05	17019.4985254581	0.2	0.200970352161676	0.02261653682217
46.6439995765686	0.4	0.159	1104	27.012987012987	0.2	0.178363429196179	0.0216365708038211	9.97076995567792E-06	17888.631468687	0.2	0.200643696822226	0.0216365708038211
47.1389994621277	0.4	0.158	1104	27.012987012987	0.2	0.17738346317783	0.02261653682217	1.04223671991567E-05	17019.4985254581	0.2	0.200317041482776	0.02261653682217
47.6379995346069	0.4	0.158	1103	26.7532467532468	0.2	0.178363429196179	0.0216365708038211	9.97076995567792E-06	17888.631468687	0.2	0.200317041482776	0.0216365708038211
48.1439995765686	0.4	0.157	1103	26.7532467532468	0.2	0.178363429196179	0.0216365708038211	9.97076995567792E-06	17888.631468687	0.2	0.200317041482776	0.0216365708038211
48.6389999389648	0.4	0.157	1104	27.012987012987	0.2	0.17771011851728	0.0222898814827204	1.02718347846638E-05	17300.7181523799	0.2	0.200970352161676	0.0222898814827204
49.1389994621277	0.4	0.156	1103	26.7532467532468	0.2	0.178363429196179	0.0216365708038211	9.97076995567792E-06	17888.631468687	0.2	0.200643696822226	0.0216365708038211
49.6410002708435	0.4	0.156	1104	27.012987012987	0.2	0.179016739875078	0.0209832601249218	9.66970512669207E-06	18513.1539720817	0.2	0.201297007501125	0.0209832601249218
50.1399989128113	0.4	0.156	1104	27.012987012987	0.2	0.178363429196179	0.0216365708038211	9.97076995567792E-06	17888.631468687	0.2	0.200317041482776	0.0216365708038211
50.6349997520447	0.4	0.155	1103	26.7532467532468	0.2	0.17771011851728	0.0222898814827204	1.02718347846638E-05	17300.7181523799	0.2	0.199990386143327	0.0222898814827204
51.1349997520447	0.4	0.155	1104	27.012987012987	0.2	0.178363429196179	0.0216365708038211	9.97076995567792E-06	17888.631468687	0.2	0.200643696822226	0.0216365708038211
51.646999835968	0.4	0.155	1103	26.7532467532468	0.2	0.178036773856729	0.0219632261432707	1.01213023701708E-05	17590.3028429852	0.2	0.199990386143327	0.0219632261432707
52.136999130249	0.5	0.155	1104	27.012987012987	0.2	0.179016739875078	0.0209832601249218	9.66970512669207E-06	18513.1539720817	0.2	0.200317041482776	0.0209832601249218
52.6469993591309	0.5	0.208	1104	27.012987012987	0.2	0.17771011851728	0.0222898814827204	1.02718347846638E-05	17300.7181523799	0.2	0.200643696822226	0.0222898814827204
53.1450004577637	0.5	0.206	1104	27.012987012987	0.2	0.17771011851728	0.0222898814827204	1.02718347846638E-05	17300.7181523799	0.2	0.201297007501125	0.0222898814827204
53.6409993171692	0.5	0.204	1104	27.012987012987	0.2	0.178036773856729	0.0219632261432707	1.01213023701708E-05	17590.3028429852	0.2	0.200970352161676	0.0219632261432707
54.1330003738403	0.5	0.203	1104	27.012987012987	0.2	0.17771011851728	0.0222898814827204	1.02718347846638E-05	17300.7181523799	0.2	0.200643696822226	0.0222898814827204
54.6370000839233	0.5	0.201	1104	27.012987012987	0.2	0.178036773856729	0.0219632261432707	1.01213023701708E-05	17590.3028429852	0.2	0.200970352161676	0.0219632261432707
55.1379995346069	0.5	0.2	1104	27.012987012987	0.2	0.178036773856729	0.0219632261432707	1.01213023701708E-05	17590.3028429852	0.2	0.199663730803877	0.0219632261432707
55.6359996795654	0.5	0.199	1104	27.012987012987	0.2	0.17771011851728	0.0222898814827204	1.02718347846638E-05	17300.7181523799	0.2	0.200643696822226	0.0222898814827204
56.1419992446899	0.5	0.198	1104	27.012987012987	0.2	0.178363429196179	0.0216365708038211	9.97076995567792E-06	17888.631468687	0.2	0.200317041482776	0.0216365708038211
56.646999835968	0.5	0.198	1104	27.012987012987	0.2	0.17705680783838	0.0229431921616197	1.05728996136496E-05	16746.2866676422	0.2	0.200970352161676	0.0229431921616197
57.1309990882874	0.5	0.197	1104	27.012987012987	0.2	0.178363429196179	0.0216365708038211	9.97076995567792E-06	17888.631468687	0.2	0.200970352161676	0.0216365708038211
57.6389994621277	0.5	0.197	1104	27.012987012987	0.2	0.176730152498931	0.0232698475010693	1.07234320281425E-05	16480.7453467435	0.2	0.200643696822226	0.0232698475010693
58.1449999809265	0.5	0.196	1104	27.012987012987	0.2	0.178036773856729	0.0219632261432707	1.01213023701708E-05	17590.3028429852	0.2	0.199990386143327	0.0219632261432707
58.6419997215271	0.5	0.195	1104	27.012987012987	0.2	0.178036773856729	0.0219632261432707	1.01213023701708E-05	17590.3028429852	0.2	0.200643696822226	0.0219632261432707
59.1389999389648	0.5	0.195	1104	27.012987012987	0.2	0.17771011851728	0.0222898814827204	1.02718347846638E-05	17300.7181523799	0.2	0.200643696822226	0.0222898814827204
59.6429996490479	0.5	0.195	1104	27.012987012987	0.2	0.17738346317783	0.02261653682217	1.04223671991567E-05	17019.4985254581	0.2	0.199663730803877	0.02261653682217
60.143000125885	0.5	0.194	1105	27.2727272727273	0.2	0.17738346317783	0.02261653682217	1.04223671991567E-05	17019.4985254581	0.2	0.200317041482776	0.02261653682217
60.6389999389648	0.5	0.194	1105	27.2727272727273	0.2	0.17771011851728	0.0222898814827204	1.02718347846638E-05	17300.7181523799	0.2	0.200970352161676	0.0222898814827204
61.1459994316101	0.5	0.194	1105	27.2727272727273	0.2	0.17771011851728	0.0222898814827204	1.02718347846638E-05	17300.7181523799	0.2	0.201297007501125	0.0222898814827204
61.6369996070862	0.5	0.193	1104	27.012987012987	0.2	0.178690084535629	0.0213099154643714	9.820237541185E-06	18196.106131468	0.2	0.199990386143327	0.0213099154643714
62.1410002708435	0.5	0.193	1105	27.2727272727273	0.2	0.178036773856729	0.0219632261432707	1.01213023701708E-05	17590.3028429852	0.2	0.200643696822226	0.0219632261432707
62.6499996185303	0.6	0.193	1105	27.2727272727273	0.2	0.17771011851728	0.0222898814827204	1.02718347846638E-05	17300.7181523799	0.2	0.200643696822226	0.0222898814827204
63.1360001564026	0.6	0.246	1105	27.2727272727273	0.2	0.17705680783838	0.0229431921616197	1.05728996136496E-05	16746.2866676422	0.2	0.199337075464427	0.0229431921616197
63.6419997215271	0.6	0.244	1105	27.2727272727273	0.2	0.17705680783838	0.0229431921616197	1.05728996136496E-05	16746.2866676422	0.2	0.201623662840575	0.0229431921616197
64.1389994621277	0.6	0.241	1105	27.2727272727273	0.2	0.17771011851728	0.0222898814827204	1.02718347846638E-05	17300.7181523799	0.2	0.200970352161676	0.0222898814827204
64.643000125885	0.6	0.241	1105	27.2727272727273	0.2	0.17771011851728	0.0222898814827204	1.02718347846638E-05	17300.7181523799	0.2	0.200317041482776	0.0222898814827204
65.1419997215271	0.6	0.239	1105	27.2727272727273	0.2	0.17705680783838	0.0229431921616197	1.05728996136496E-05	16746.2866676422	0.2	0.201950318180025	0.0229431921616197
65.6409997940063	0.6	0.238	1105	27.2727272727273	0.2	0.17771011851728	0.0222898814827204	1.02718347846638E-05	17300.7181523799	0.2	0.200970352161676	0.0222898814827204
66.1519999504089	0.6	0.237	1105	27.2727272727273	0.2	0.17771011851728	0.0222898814827204	1.02718347846638E-05	17300.7181523799	0.2	0.200970352161676	0.0222898814827204
66.6309995651245	0.6	0.236	1105	27.2727272727273	0.2	0.17771011851728	0.0222898814827204	1.02718347846638E-05	17300.7181523799	0.2	0.200317041482776	0.0222898814827204
67.1419992446899	0.6	0.235	1105	27.2727272727273	0.2	0.17738346317783	0.02261653682217	1.04223671991567E-05	17019.4985254581	0.2	0.200317041482776	0.02261653682217
67.6459994316101	0.6	0.235	1105	27.2727272727273	0.2	0.178363429196179	0.0216365708038211	9.97076995567792E-06	17888.631468687	0.2	0.200317041482776	0.0216365708038211
68.1449995040894	0.6	0.234	1105	27.2727272727273	0.2	0.17705680783838	0.0229431921616197	1.05728996136496E-05	16746.2866676422	0.2	0.201297007501125	0.0229431921616197
68.6359996795654	0.6	0.234	1105	27.2727272727273	0.2	0.178363429196179	0.0216365708038211	9.97076995567792E-06	17888.631468687	0.2	0.200317041482776	0.0216365708038211
69.1489996910095	0.6	0.233	1105	27.2727272727273	0.2	0.17771011851728	0.0222898814827204	1.02718347846638E-05	17300.7181523799	0.2	0.199990386143327	0.0222898814827204
69.6399989128113	0.6	0.233	1105	27.2727272727273	0.2	0.17738346317783	0.02261653682217	1.04223671991567E-05	17019.4985254581	0.2	0.200317041482776	0.02261653682217
70.1419997215271	0.6	0.232	1105	27.2727272727273	0.2	0.17738346317783	0.02261653682217	1.04223671991567E-05	17019.4985254581	0.2	0.201297007501125	0.02261653682217
70.6389994621277	0.6	0.232	1105	27.2727272727273	0.2	0.17771011851728	0.0222898814827204	1.02718347846638E-05	17300.7181523799	0.2	0.200643696822226	0.0222898814827204
71.1319994926453	0.6	0.232	1106	27.5324675324675	0.2	0.178036773856729	0.0219632261432707	1.01213023701708E-05	17590.3028429852	0.2	0.200643696822226	0.0219632261432707
71.6469993591309	0.6	0.231	1105	27.2727272727273	0.2	0.17771011851728	0.0222898814827204	1.02718347846638E-05	17300.7181523799	0.2	0.200643696822226	0.0222898814827204
72.1349997520447	0.6	0.231	1106	27.5324675324675	0.2	0.17771011851728	0.0222898814827204	1.02718347846638E-05	17300.7181523799	0.2	0.200317041482776	0.0222898814827204
72.6489996910095	0.6	0.231	1105	27.2727272727273	0.2	0.178363429196179	0.0216365708038211	9.97076995567792E-06	17888.631468687	0.2	0.201297007501125	0.0216365708038211
73.1590003967285	0.7	0.23	1106	27.5324675324675	0.2	0.17705680783838	0.0229431921616197	1.05728996136496E-05	16746.2866676422	0.2	0.200643696822226	0.0229431921616197
73.6389999389648	0.7	0.285	1106	27.5324675324675	0.2	0.176730152498931	0.0232698475010693	1.07234320281425E-05	16480.7453467435	0.2	0.201623662840575	0.0232698475010693
74.1519989967346	0.7	0.282	1106	27.5324675324675	0.2	0.176730152498931	0.0232698475010693	1.07234320281425E-05	16480.7453467435	0.2	0.201297007501125	0.0232698475010693
74.6310000419617	0.7	0.28	1106	27.5324675324675	0.2	0.17771011851728	0.0222898814827204	1.02718347846638E-05	17300.7181523799	0.2	0.200317041482776	0.0222898814827204
75.1489996910095	0.7	0.279	1106	27.5324675324675	0.2	0.17738346317783	0.02261653682217	1.04223671991567E-05	17019.4985254581	0.2	0.200643696822226	0.02261653682217
75.646999835968	0.7	0.277	1106	27.5324675324675	0.2	0.178036773856729	0.0219632261432707	1.01213023701708E-05	17590.3028429852	0.2	0.200317041482776	0.0219632261432707
76.1319999694824	0.7	0.276	1106	27.5324675324675	0.2	0.178036773856729	0.0219632261432707	1.01213023701708E-05	17590.3028429852	0.2	0.199990386143327	0.0219632261432707
76.6480002403259	0.7	0.275	1106	27.5324675324675	0.2	0.17738346317783	0.02261653682217	1.04223671991567E-05	17019.4985254581	0.2	0.201950318180025	0.02261653682217
77.1380004882813	0.7	0.275	1107	27.7922077922078	0.2	0.17738346317783	0.02261653682217	1.04223671991567E-05	17019.4985254581	0.2	0.200317041482776	0.02261653682217
77.6459999084473	0.7	0.273	1106	27.5324675324675	0.2	0.17771011851728	0.0222898814827204	1.02718347846638E-05	17300.7181523799	0.2	0.200643696822226	0.0222898814827204
78.1550002098083	0.7	0.273	1107	27.7922077922078	0.2	0.17705680783838	0.0229431921616197	1.05728996136496E-05	16746.2866676422	0.2	0.201623662840575	0.0229431921616197
78.6399993896484	0.7	0.272	1106	27.5324675324675	0.2	0.17771011851728	0.0222898814827204	1.02718347846638E-05	17300.7181523799	0.2	0.201297007501125	0.0222898814827204
79.1449999809265	0.7	0.272	1106	27.5324675324675	0.2	0.17738346317783	0.02261653682217	1.04223671991567E-05	17019.4985254581	0.2	0.200643696822226	0.02261653682217
79.6389994621277	0.7	0.271	1107	27.7922077922078	0.2	0.17771011851728	0.0222898814827204	1.02718347846638E-05	17300.7181523799	0.2	0.200643696822226	0.0222898814827204
80.1459994316101	0.7	0.271	1107	27.7922077922078	0.2	0.17705680783838	0.0229431921616197	1.05728996136496E-05	16746.2866676422	0.2	0.199990386143327	0.0229431921616197
80.6419997215271	0.7	0.27	1107	27.7922077922078	0.2	0.17771011851728	0.0222898814827204	1.02718347846638E-05	17300.7181523799	0.2	0.200317041482776	0.0222898814827204
81.1400003433228	0.7	0.27	1107	27.7922077922078	0.2	0.17738346317783	0.02261653682217	1.04223671991567E-05	17019.4985254581	0.2	0.200970352161676	0.02261653682217
81.6479997634888	0.7	0.27	1107	27.7922077922078	0.2	0.17738346317783	0.02261653682217	1.04223671991567E-05	17019.4985254581	0.2	0.200643696822226	0.02261653682217
82.1429996490479	0.7	0.269	1107	27.7922077922078	0.2	0.17705680783838	0.0229431921616197	1.05728996136496E-05	16746.2866676422	0.2	0.200643696822226	0.0229431921616197
82.6319999694824	0.7	0.269	1107	27.7922077922078	0.2	0.17705680783838	0.0229431921616197	1.05728996136496E-05	16746.2866676422	0.2	0.200970352161676	0.0229431921616197
83.1299996376038	0.7	0.268	1107	27.7922077922078	0.2	0.178036773856729	0.0219632261432707	1.01213023701708E-05	17590.3028429852	0.2	0.199990386143327	0.0219632261432707
83.6429991722107	0.8	0.268	1107	27.7922077922078	0.2	0.17738346317783	0.02261653682217	1.04223671991567E-05	17019.4985254581	0.2	0.200317041482776	0.02261653682217
84.146999835968	0.8	0.322	1107	27.7922077922078	0.2	0.17738346317783	0.02261653682217	1.04223671991567E-05	17019.4985254581	0.2	0.200643696822226	0.02261653682217
84.6459994316101	0.8	0.32	1107	27.7922077922078	0.2	0.176730152498931	0.0232698475010693	1.07234320281425E-05	16480.7453467435	0.2	0.201297007501125	0.0232698475010693
85.1389994621277	0.8	0.317	1107	27.7922077922078	0.2	0.17738346317783	0.02261653682217	1.04223671991567E-05	17019.4985254581	0.2	0.201623662840575	0.02261653682217
85.6379995346069	0.8	0.316	1107	27.7922077922078	0.2	0.17705680783838	0.0229431921616197	1.05728996136496E-05	16746.2866676422	0.2	0.200643696822226	0.0229431921616197
86.1399998664856	0.8	0.314	1107	27.7922077922078	0.2	0.176403497159481	0.023596502840519	1.08739644426355E-05	16222.5560043056	0.2	0.200643696822226	0.023596502840519
86.6449995040894	0.8	0.313	1107	27.7922077922078	0.2	0.17705680783838	0.0229431921616197	1.05728996136496E-05	16746.2866676422	0.2	0.200643696822226	0.0229431921616197
87.1399993896484	0.8	0.312	1108	28.0519480519481	0.2	0.17738346317783	0.02261653682217	1.04223671991567E-05	17019.4985254581	0.2	0.200970352161676	0.02261653682217
87.6349997520447	0.8	0.311	1108	28.0519480519481	0.2	0.17705680783838	0.0229431921616197	1.05728996136496E-05	16746.2866676422	0.2	0.200970352161676	0.0229431921616197
88.1449999809265	0.8	0.311	1108	28.0519480519481	0.2	0.17738346317783	0.02261653682217	1.04223671991567E-05	17019.4985254581	0.2	0.201297007501125	0.02261653682217
88.6389999389648	0.8	0.31	1108	28.0519480519481	0.2	0.17705680783838	0.0229431921616197	1.05728996136496E-05	16746.2866676422	0.2	0.200643696822226	0.0229431921616197
89.1310000419617	0.8	0.309	1108	28.0519480519481	0.2	0.17705680783838	0.0229431921616197	1.05728996136496E-05	16746.2866676422	0.2	0.201297007501125	0.0229431921616197
89.6410002708435	0.8	0.309	1108	28.0519480519481	0.2	0.17738346317783	0.02261653682217	1.04223671991567E-05	17019.4985254581	0.2	0.200643696822226	0.02261653682217
90.1389999389648	0.8	0.308	1108	28.0519480519481	0.2	0.17705680783838	0.0229431921616197	1.05728996136496E-05	16746.2866676422	0.2	0.200317041482776	0.0229431921616197
90.6449995040894	0.8	0.308	1108	28.0519480519481	0.2	0.17705680783838	0.0229431921616197	1.05728996136496E-05	16746.2866676422	0.2	0.199990386143327	0.0229431921616197
91.1379995346069	0.8	0.307	1108	28.0519480519481	0.2	0.17705680783838	0.0229431921616197	1.05728996136496E-05	16746.2866676422	0.2	0.200317041482776	0.0229431921616197
91.6329998970032	0.8	0.307	1108	28.0519480519481	0.2	0.176730152498931	0.0232698475010693	1.07234320281425E-05	16480.7453467435	0.2	0.200317041482776	0.0232698475010693
92.1620001792908	0.8	0.306	1108	28.0519480519481	0.2	0.17705680783838	0.0229431921616197	1.05728996136496E-05	16746.2866676422	0.2	0.199990386143327	0.0229431921616197
92.6419997215271	0.8	0.306	1108	28.0519480519481	0.2	0.17705680783838	0.0229431921616197	1.05728996136496E-05	16746.2866676422	0.2	0.200317041482776	0.0229431921616197
93.1369996070862	0.8	0.306	1108	28.0519480519481	0.2	0.17771011851728	0.0222898814827204	1.02718347846638E-05	17300.7181523799	0.2	0.200643696822226	0.0222898814827204
93.6559996604919	0.8	0.305	1108	28.0519480519481	0.2	0.176730152498931	0.0232698475010693	1.07234320281425E-05	16480.7453467435	0.2	0.200317041482776	0.0232698475010693
94.1349997520447	0.9	0.305	1108	28.0519480519481	0.2	0.17771011851728	0.0222898814827204	1.02718347846638E-05	17300.7181523799	0.2	0.199990386143327	0.0222898814827204
94.6389989852905	0.9	0.359	1108	28.0519480519481	0.2	0.17738346317783	0.02261653682217	1.04223671991567E-05	17019.4985254581	0.2	0.200643696822226	0.02261653682217
95.1419997215271	0.9	0.357	1108	28.0519480519481	0.2	0.176730152498931	0.0232698475010693	1.07234320281425E-05	16480.7453467435	0.2	0.200317041482776	0.0232698475010693
95.6419997215271	0.9	0.354	1108	28.0519480519481	0.2	0.17705680783838	0.0229431921616197	1.05728996136496E-05	16746.2866676422	0.2	0.200643696822226	0.0229431921616197
96.1489996910095	0.9	0.352	1108	28.0519480519481	0.2	0.17705680783838	0.0229431921616197	1.05728996136496E-05	16746.2866676422	0.2	0.200643696822226	0.0229431921616197
96.6320004463196	0.9	0.351	1108	28.0519480519481	0.2	0.17705680783838	0.0229431921616197	1.05728996136496E-05	16746.2866676422	0.2	0.200317041482776	0.0229431921616197
97.1290001869202	0.9	0.35	1109	28.3116883116883	0.2	0.17705680783838	0.0229431921616197	1.05728996136496E-05	16746.2866676422	0.2	0.199990386143327	0.0229431921616197
97.6399998664856	0.9	0.349	1109	28.3116883116883	0.2	0.176403497159481	0.023596502840519	1.08739644426355E-05	16222.5560043056	0.2	0.200643696822226	0.023596502840519
98.1369996070862	0.9	0.348	1109	28.3116883116883	0.2	0.176730152498931	0.0232698475010693	1.07234320281425E-05	16480.7453467435	0.2	0.199990386143327	0.0232698475010693
98.6389999389648	0.9	0.347	1109	28.3116883116883	0.2	0.176403497159481	0.023596502840519	1.08739644426355E-05	16222.5560043056	0.2	0.200317041482776	0.023596502840519
99.1399998664856	0.9	0.347	1109	28.3116883116883	0.2	0.17705680783838	0.0229431921616197	1.05728996136496E-05	16746.2866676422	0.2	0.200643696822226	0.0229431921616197
99.6479992866516	0.9	0.346	1109	28.3116883116883	0.2	0.176730152498931	0.0232698475010693	1.07234320281425E-05	16480.7453467435	0.2	0.200970352161676	0.0232698475010693
100.144999504089	0.9	0.346	1109	28.3116883116883	0.2	0.17771011851728	0.0222898814827204	1.02718347846638E-05	17300.7181523799	0.2	0.200643696822226	0.0222898814827204
100.631999492645	0.9	0.345	1109	28.3116883116883	0.2	0.17705680783838	0.0229431921616197	1.05728996136496E-05	16746.2866676422	0.2	0.200643696822226	0.0229431921616197
101.146999835968	0.9	0.344	1109	28.3116883116883	0.2	0.176403497159481	0.023596502840519	1.08739644426355E-05	16222.5560043056	0.2	0.201297007501125	0.023596502840519
101.638000011444	0.9	0.344	1109	28.3116883116883	0.2	0.176403497159481	0.023596502840519	1.08739644426355E-05	16222.5560043056	0.2	0.199990386143327	0.023596502840519
102.135999679565	0.9	0.344	1109	28.3116883116883	0.2	0.17705680783838	0.0229431921616197	1.05728996136496E-05	16746.2866676422	0.2	0.200643696822226	0.0229431921616197
102.647999763489	0.9	0.343	1109	28.3116883116883	0.2	0.176730152498931	0.0232698475010693	1.07234320281425E-05	16480.7453467435	0.2	0.200643696822226	0.0232698475010693
103.138999938965	0.9	0.343	1109	28.3116883116883	0.2	0.17738346317783	0.02261653682217	1.04223671991567E-05	17019.4985254581	0.2	0.200317041482776	0.02261653682217
103.638999938965	0.9	0.342	1109	28.3116883116883	0.2	0.176730152498931	0.0232698475010693	1.07234320281425E-05	16480.7453467435	0.2	0.200970352161676	0.0232698475010693
104.136999607086	0.9	0.342	1109	28.3116883116883	0.2	0.176403497159481	0.023596502840519	1.08739644426355E-05	16222.5560043056	0.2	0.200317041482776	0.023596502840519
104.637999534607	1	0.342	1109	28.3116883116883	0.2	0.17738346317783	0.02261653682217	1.04223671991567E-05	17019.4985254581	0.2	0.199990386143327	0.02261653682217
105.13799905777	1	0.395	1109	28.3116883116883	0.2	0.17738346317783	0.02261653682217	1.04223671991567E-05	17019.4985254581	0.2	0.200643696822226	0.02261653682217
105.641999721527	1	0.393	1110	28.5714285714286	0.2	0.17705680783838	0.0229431921616197	1.05728996136496E-05	16746.2866676422	0.2	0.200317041482776	0.0229431921616197
106.146000385284	1	0.391	1110	28.5714285714286	0.2	0.176730152498931	0.0232698475010693	1.07234320281425E-05	16480.7453467435	0.2	0.201297007501125	0.0232698475010693
106.63700056076	1	0.389	1110	28.5714285714286	0.2	0.17705680783838	0.0229431921616197	1.05728996136496E-05	16746.2866676422	0.2	0.200643696822226	0.0229431921616197
107.144000053406	1	0.387	1109	28.3116883116883	0.2	0.175750186480582	0.0242498135194182	1.11750292716213E-05	15727.044843354	0.2	0.200643696822226	0.0242498135194182
107.638000011444	1	0.387	1110	28.5714285714286	0.2	0.176730152498931	0.0232698475010693	1.07234320281425E-05	16480.7453467435	0.2	0.200643696822226	0.0232698475010693
108.147000312805	1	0.386	1110	28.5714285714286	0.2	0.176730152498931	0.0232698475010693	1.07234320281425E-05	16480.7453467435	0.2	0.199990386143327	0.0232698475010693
108.640999317169	1	0.385	1110	28.5714285714286	0.2	0.17705680783838	0.0229431921616197	1.05728996136496E-05	16746.2866676422	0.2	0.200970352161676	0.0229431921616197
109.146999835968	1	0.384	1110	28.5714285714286	0.2	0.176730152498931	0.0232698475010693	1.07234320281425E-05	16480.7453467435	0.2	0.200970352161676	0.0232698475010693
109.653999328613	1	0.383	1110	28.5714285714286	0.2	0.17738346317783	0.02261653682217	1.04223671991567E-05	17019.4985254581	0.2	0.199990386143327	0.02261653682217
110.135999679565	1	0.383	1111	28.8311688311688	0.2	0.176403497159481	0.023596502840519	1.08739644426355E-05	16222.5560043056	0.2	0.200317041482776	0.023596502840519
110.651000022888	1	0.382	1111	28.8311688311688	0.2	0.176730152498931	0.0232698475010693	1.07234320281425E-05	16480.7453467435	0.2	0.199990386143327	0.0232698475010693
111.140999317169	1	0.381	1111	28.8311688311688	0.2	0.176730152498931	0.0232698475010693	1.07234320281425E-05	16480.7453467435	0.2	0.199990386143327	0.0232698475010693
111.635999202728	1	0.381	1111	28.8311688311688	0.2	0.17705680783838	0.0229431921616197	1.05728996136496E-05	16746.2866676422	0.2	0.200317041482776	0.0229431921616197
112.139999866486	1	0.381	1110	28.5714285714286	0.2	0.176730152498931	0.0232698475010693	1.07234320281425E-05	16480.7453467435	0.2	0.200317041482776	0.0232698475010693
112.641999721527	1	0.38	1111	28.8311688311688	0.2	0.176403497159481	0.023596502840519	1.08739644426355E-05	16222.5560043056	0.2	0.199990386143327	0.023596502840519
113.146999835968	1	0.379	1111	28.8311688311688	0.2	0.176730152498931	0.0232698475010693	1.07234320281425E-05	16480.7453467435	0.2	0.200970352161676	0.0232698475010693
113.640999794006	1	0.379	1111	28.8311688311688	0.2	0.176403497159481	0.023596502840519	1.08739644426355E-05	16222.5560043056	0.2	0.199990386143327	0.023596502840519
114.144999504089	1	0.379	1111	28.8311688311688	0.2	0.176403497159481	0.023596502840519	1.08739644426355E-05	16222.5560043056	0.2	0.199990386143327	0.023596502840519
114.649999141693	1.1	0.379	1111	28.8311688311688	0.2	0.176730152498931	0.0232698475010693	1.07234320281425E-05	16480.7453467435	0.2	0.201297007501125	0.0232698475010693
115.136999607086	1.1	0.432	1111	28.8311688311688	0.2	0.176730152498931	0.0232698475010693	1.07234320281425E-05	16480.7453467435	0.2	0.201297007501125	0.0232698475010693
115.647999763489	1.1	0.43	1111	28.8311688311688	0.2	0.175750186480582	0.0242498135194182	1.11750292716213E-05	15727.044843354	0.2	0.199990386143327	0.0242498135194182
116.151000499725	1.1	0.427	1111	28.8311688311688	0.2	0.176076841820031	0.0239231581799686	1.10244968571284E-05	15971.4174807153	0.2	0.200970352161676	0.0239231581799686
116.633999824524	1.1	0.426	1111	28.8311688311688	0.2	0.176076841820031	0.0239231581799686	1.10244968571284E-05	15971.4174807153	0.2	0.199990386143327	0.0239231581799686
117.159999370575	1.1	0.425	1111	28.8311688311688	0.2	0.176403497159481	0.023596502840519	1.08739644426355E-05	16222.5560043056	0.2	0.199990386143327	0.023596502840519
117.644000053406	1.1	0.424	1111	28.8311688311688	0.2	0.176730152498931	0.0232698475010693	1.07234320281425E-05	16480.7453467435	0.2	0.200643696822226	0.0232698475010693
118.129999637604	1.1	0.423	1111	28.8311688311688	0.2	0.176730152498931	0.0232698475010693	1.07234320281425E-05	16480.7453467435	0.2	0.200643696822226	0.0232698475010693
118.658999919891	1.1	0.422	1111	28.8311688311688	0.2	0.176403497159481	0.023596502840519	1.08739644426355E-05	16222.5560043056	0.2	0.200643696822226	0.023596502840519
119.138999462128	1.1	0.421	1111	28.8311688311688	0.2	0.176403497159481	0.023596502840519	1.08739644426355E-05	16222.5560043056	0.2	0.200970352161676	0.023596502840519
119.644000053406	1.1	0.42	1111	28.8311688311688	0.2	0.176403497159481	0.023596502840519	1.08739644426355E-05	16222.5560043056	0.2	0.200970352161676	0.023596502840519
120.147999763489	1.1	0.42	1112	29.0909090909091	0.2	0.176076841820031	0.0239231581799686	1.10244968571284E-05	15971.4174807153	0.2	0.199990386143327	0.0239231581799686
120.638999938965	1.1	0.419	1112	29.0909090909091	0.2	0.17705680783838	0.0229431921616197	1.05728996136496E-05	16746.2866676422	0.2	0.199990386143327	0.0229431921616197
121.139999389648	1.1	0.419	1112	29.0909090909091	0.2	0.176730152498931	0.0232698475010693	1.07234320281425E-05	16480.7453467435	0.2	0.200970352161676	0.0232698475010693
121.642000198364	1.1	0.418	1112	29.0909090909091	0.2	0.176403497159481	0.023596502840519	1.08739644426355E-05	16222.5560043056	0.2	0.200317041482776	0.023596502840519
122.14899969101	1.1	0.418	1112	29.0909090909091	0.2	0.176076841820031	0.0239231581799686	1.10244968571284E-05	15971.4174807153	0.2	0.199990386143327	0.0239231581799686
122.64599943161	1.1	0.417	1113	29.3506493506493	0.2	0.176076841820031	0.0239231581799686	1.10244968571284E-05	15971.4174807153	0.2	0.200643696822226	0.0239231581799686
123.133999824524	1.1	0.416	1112	29.0909090909091	0.2	0.176076841820031	0.0239231581799686	1.10244968571284E-05	15971.4174807153	0.2	0.200643696822226	0.0239231581799686
123.658000469208	1.1	0.416	1113	29.3506493506493	0.2	0.176403497159481	0.023596502840519	1.08739644426355E-05	16222.5560043056	0.2	0.201297007501125	0.023596502840519
124.143000125885	1.1	0.416	1113	29.3506493506493	0.2	0.176403497159481	0.023596502840519	1.08739644426355E-05	16222.5560043056	0.2	0.201623662840575	0.023596502840519
124.643999576569	1.1	0.415	1112	29.0909090909091	0.2	0.176730152498931	0.0232698475010693	1.07234320281425E-05	16480.7453467435	0.2	0.200317041482776	0.0232698475010693
125.150000095367	1.2	0.415	1112	29.0909090909091	0.2	0.176403497159481	0.023596502840519	1.08739644426355E-05	16222.5560043056	0.2	0.200970352161676	0.023596502840519
125.637999534607	1.2	0.468	1113	29.3506493506493	0.2	0.176403497159481	0.023596502840519	1.08739644426355E-05	16222.5560043056	0.2	0.200970352161676	0.023596502840519
126.147999763489	1.2	0.466	1113	29.3506493506493	0.2	0.176403497159481	0.023596502840519	1.08739644426355E-05	16222.5560043056	0.2	0.201297007501125	0.023596502840519
126.645999908447	1.2	0.463	1113	29.3506493506493	0.2	0.176076841820031	0.0239231581799686	1.10244968571284E-05	15971.4174807153	0.2	0.201950318180025	0.0239231581799686
127.14599943161	1.2	0.462	1112	29.0909090909091	0.2	0.176076841820031	0.0239231581799686	1.10244968571284E-05	15971.4174807153	0.2	0.200643696822226	0.0239231581799686
127.639999389648	1.2	0.46	1113	29.3506493506493	0.2	0.176403497159481	0.023596502840519	1.08739644426355E-05	16222.5560043056	0.2	0.200317041482776	0.023596502840519
128.133999347687	1.2	0.459	1113	29.3506493506493	0.2	0.176403497159481	0.023596502840519	1.08739644426355E-05	16222.5560043056	0.2	0.200970352161676	0.023596502840519
128.650999546051	1.2	0.458	1113	29.3506493506493	0.2	0.176403497159481	0.023596502840519	1.08739644426355E-05	16222.5560043056	0.2	0.200970352161676	0.023596502840519
129.14599943161	1.2	0.457	1113	29.3506493506493	0.2	0.176730152498931	0.0232698475010693	1.07234320281425E-05	16480.7453467435	0.2	0.200317041482776	0.0232698475010693
129.637999534607	1.2	0.456	1113	29.3506493506493	0.2	0.176403497159481	0.023596502840519	1.08739644426355E-05	16222.5560043056	0.2	0.199990386143327	0.023596502840519
130.140999317169	1.2	0.456	1113	29.3506493506493	0.2	0.176076841820031	0.0239231581799686	1.10244968571284E-05	15971.4174807153	0.2	0.200317041482776	0.0239231581799686
130.639999866486	1.2	0.455	1113	29.3506493506493	0.2	0.176076841820031	0.0239231581799686	1.10244968571284E-05	15971.4174807153	0.2	0.200317041482776	0.0239231581799686
131.137000083923	1.2	0.454	1113	29.3506493506493	0.2	0.176730152498931	0.0232698475010693	1.07234320281425E-05	16480.7453467435	0.2	0.201297007501125	0.0232698475010693
131.660999774933	1.2	0.454	1114	29.6103896103896	0.2	0.175750186480582	0.0242498135194182	1.11750292716213E-05	15727.044843354	0.2	0.200643696822226	0.0242498135194182
132.142999172211	1.2	0.453	1114	29.6103896103896	0.2	0.175096875801682	0.0249031241983175	1.14760941006072E-05	15257.5322463083	0.2	0.199990386143327	0.0249031241983175
132.643000125885	1.2	0.453	1114	29.6103896103896	0.2	0.176076841820031	0.0239231581799686	1.10244968571284E-05	15971.4174807153	0.2	0.200317041482776	0.0239231581799686
133.139999866486	1.2	0.452	1114	29.6103896103896	0.2	0.176076841820031	0.0239231581799686	1.10244968571284E-05	15971.4174807153	0.2	0.200970352161676	0.0239231581799686
133.648000240326	1.2	0.452	1114	29.6103896103896	0.2	0.176076841820031	0.0239231581799686	1.10244968571284E-05	15971.4174807153	0.2	0.200317041482776	0.0239231581799686
134.151999950409	1.2	0.451	1114	29.6103896103896	0.2	0.176076841820031	0.0239231581799686	1.10244968571284E-05	15971.4174807153	0.2	0.200317041482776	0.0239231581799686
134.632999420166	1.2	0.451	1114	29.6103896103896	0.2	0.176076841820031	0.0239231581799686	1.10244968571284E-05	15971.4174807153	0.2	0.201297007501125	0.0239231581799686
135.139999866486	1.2	0.451	1114	29.6103896103896	0.2	0.176076841820031	0.0239231581799686	1.10244968571284E-05	15971.4174807153	0.2	0.200643696822226	0.0239231581799686
135.643999576569	1.3	0.45	1114	29.6103896103896	0.2	0.176403497159481	0.023596502840519	1.08739644426355E-05	16222.5560043056	0.2	0.200317041482776	0.023596502840519
136.144999504089	1.3	0.503	1115	29.8701298701299	0.2	0.175096875801682	0.0249031241983175	1.14760941006072E-05	15257.5322463083	0.2	0.199990386143327	0.0249031241983175
136.647998809814	1.3	0.501	1115	29.8701298701299	0.2	0.175750186480582	0.0242498135194182	1.11750292716213E-05	15727.044843354	0.2	0.200317041482776	0.0242498135194182
137.134000301361	1.3	0.499	1115	29.8701298701299	0.2	0.176403497159481	0.023596502840519	1.08739644426355E-05	16222.5560043056	0.2	0.200970352161676	0.023596502840519
137.656000137329	1.3	0.497	1115	29.8701298701299	0.2	0.175750186480582	0.0242498135194182	1.11750292716213E-05	15727.044843354	0.2	0.200643696822226	0.0242498135194182
138.155999660492	1.3	0.495	1115	29.8701298701299	0.2	0.175423531141132	0.0245764688588679	1.13255616861142E-05	15489.1683082007	0.2	0.200643696822226	0.0245764688588679
138.637999534607	1.3	0.495	1115	29.8701298701299	0.2	0.175423531141132	0.0245764688588679	1.13255616861142E-05	15489.1683082007	0.2	0.200643696822226	0.0245764688588679
139.14999961853	1.3	0.493	1115	29.8701298701299	0.2	0.175750186480582	0.0242498135194182	1.11750292716213E-05	15727.044843354	0.2	0.201623662840575	0.0242498135194182
139.641999721527	1.3	0.493	1115	29.8701298701299	0.2	0.175750186480582	0.0242498135194182	1.11750292716213E-05	15727.044843354	0.2	0.200970352161676	0.0242498135194182
140.142999649048	1.3	0.492	1115	29.8701298701299	0.2	0.176403497159481	0.023596502840519	1.08739644426355E-05	16222.5560043056	0.2	0.200643696822226	0.023596502840519
140.638999462128	1.3	0.491	1115	29.8701298701299	0.2	0.175750186480582	0.0242498135194182	1.11750292716213E-05	15727.044843354	0.2	0.199990386143327	0.0242498135194182
141.143000125885	1.3	0.49	1115	29.8701298701299	0.2	0.176076841820031	0.0239231581799686	1.10244968571284E-05	15971.4174807153	0.2	0.200970352161676	0.0239231581799686
141.654000282288	1.3	0.49	1115	29.8701298701299	0.2	0.176403497159481	0.023596502840519	1.08739644426355E-05	16222.5560043056	0.2	0.201297007501125	0.023596502840519
142.140999794006	1.3	0.489	1115	29.8701298701299	0.2	0.176076841820031	0.0239231581799686	1.10244968571284E-05	15971.4174807153	0.2	0.200970352161676	0.0239231581799686
142.632999897003	1.3	0.489	1115	29.8701298701299	0.2	0.176403497159481	0.023596502840519	1.08739644426355E-05	16222.5560043056	0.2	0.200970352161676	0.023596502840519
143.156999588013	1.3	0.488	1115	29.8701298701299	0.2	0.176403497159481	0.023596502840519	1.08739644426355E-05	16222.5560043056	0.2	0.200643696822226	0.023596502840519
143.637000083923	1.3	0.488	1115	29.8701298701299	0.2	0.176730152498931	0.0232698475010693	1.07234320281425E-05	16480.7453467435	0.2	0.199990386143327	0.0232698475010693
144.150999069214	1.3	0.487	1115	29.8701298701299	0.2	0.175750186480582	0.0242498135194182	1.11750292716213E-05	15727.044843354	0.2	0.201297007501125	0.0242498135194182
144.638999462128	1.3	0.487	1115	29.8701298701299	0.2	0.174770220462233	0.0252297795377672	1.16266265151001E-05	15031.8942674601	0.2	0.201623662840575	0.0252297795377672
145.137999534607	1.3	0.487	1115	29.8701298701299	0.2	0.175423531141132	0.0245764688588679	1.13255616861142E-05	15489.1683082007	0.2	0.200317041482776	0.0245764688588679
145.656000137329	1.3	0.486	1116	30.1298701298701	0.2	0.175423531141132	0.0245764688588679	1.13255616861142E-05	15489.1683082007	0.2	0.201623662840575	0.0245764688588679
146.148999214172	1.4	0.486	1116	30.1298701298701	0.2	0.175750186480582	0.0242498135194182	1.11750292716213E-05	15727.044843354	0.2	0.201623662840575	0.0242498135194182
146.636999607086	1.4	0.539	1115	29.8701298701299	0.2	0.175423531141132	0.0245764688588679	1.13255616861142E-05	15489.1683082007	0.2	0.200317041482776	0.0245764688588679
147.146999835968	1.4	0.537	1116	30.1298701298701	0.2	0.175096875801682	0.0249031241983175	1.14760941006072E-05	15257.5322463083	0.2	0.201297007501125	0.0249031241983175
147.654999256134	1.4	0.534	1116	30.1298701298701	0.2	0.175750186480582	0.0242498135194182	1.11750292716213E-05	15727.044843354	0.2	0.199990386143327	0.0242498135194182
148.156999111176	1.4	0.533	1116	30.1298701298701	0.2	0.176403497159481	0.023596502840519	1.08739644426355E-05	16222.5560043056	0.2	0.200643696822226	0.023596502840519
148.647999286652	1.4	0.531	1116	30.1298701298701	0.2	0.174770220462233	0.0252297795377672	1.16266265151001E-05	15031.8942674601	0.2	0.200317041482776	0.0252297795377672
149.130999565125	1.4	0.53	1116	30.1298701298701	0.2	0.175750186480582	0.0242498135194182	1.11750292716213E-05	15727.044843354	0.2	0.200643696822226	0.0242498135194182
149.654999256134	1.4	0.529	1116	30.1298701298701	0.2	0.175750186480582	0.0242498135194182	1.11750292716213E-05	15727.044843354	0.2	0.200970352161676	0.0242498135194182
150.141999721527	1.4	0.528	1116	30.1298701298701	0.2	0.175750186480582	0.0242498135194182	1.11750292716213E-05	15727.044843354	0.2	0.200970352161676	0.0242498135194182
150.65399980545	1.4	0.527	1116	30.1298701298701	0.2	0.176076841820031	0.0239231581799686	1.10244968571284E-05	15971.4174807153	0.2	0.200317041482776	0.0239231581799686
151.137999534607	1.4	0.527	1116	30.1298701298701	0.2	0.176076841820031	0.0239231581799686	1.10244968571284E-05	15971.4174807153	0.2	0.199663730803877	0.0239231581799686
151.644999980927	1.4	0.526	1116	30.1298701298701	0.2	0.176076841820031	0.0239231581799686	1.10244968571284E-05	15971.4174807153	0.2	0.200970352161676	0.0239231581799686
152.143999576569	1.4	0.525	1117	30.3896103896104	0.2	0.175096875801682	0.0249031241983175	1.14760941006072E-05	15257.5322463083	0.2	0.200643696822226	0.0249031241983175
152.642999649048	1.4	0.524	1117	30.3896103896104	0.2	0.175750186480582	0.0242498135194182	1.11750292716213E-05	15727.044843354	0.2	0.200317041482776	0.0242498135194182
153.144999980927	1.4	0.524	1117	30.3896103896104	0.2	0.175750186480582	0.0242498135194182	1.11750292716213E-05	15727.044843354	0.2	0.200970352161676	0.0242498135194182
153.637999534607	1.4	0.524	1117	30.3896103896104	0.2	0.175096875801682	0.0249031241983175	1.14760941006072E-05	15257.5322463083	0.2	0.201297007501125	0.0249031241983175
154.136000156403	1.4	0.523	1117	30.3896103896104	0.2	0.174443565122783	0.0255564348772168	1.1777158929593E-05	14812.0243741002	0.2	0.200317041482776	0.0255564348772168
154.646999359131	1.4	0.522	1117	30.3896103896104	0.2	0.175423531141132	0.0245764688588679	1.13255616861142E-05	15489.1683082007	0.2	0.200970352161676	0.0245764688588679
155.136999607086	1.4	0.522	1117	30.3896103896104	0.2	0.175096875801682	0.0249031241983175	1.14760941006072E-05	15257.5322463083	0.2	0.200643696822226	0.0249031241983175
155.664999961853	1.4	0.522	1117	30.3896103896104	0.2	0.175750186480582	0.0242498135194182	1.11750292716213E-05	15727.044843354	0.2	0.200317041482776	0.0242498135194182
156.14199924469	1.5	0.577	1117	30.3896103896104	0.2	0.175750186480582	0.0242498135194182	1.11750292716213E-05	15727.044843354	0.2	0.200643696822226	0.0242498135194182
156.644999504089	1.5	0.574	1117	30.3896103896104	0.2	0.175423531141132	0.0245764688588679	1.13255616861142E-05	15489.1683082007	0.2	0.200317041482776	0.0245764688588679
157.150999069214	1.5	0.571	1117	30.3896103896104	0.2	0.175096875801682	0.0249031241983175	1.14760941006072E-05	15257.5322463083	0.2	0.200643696822226	0.0249031241983175
157.637999534607	1.5	0.569	1117	30.3896103896104	0.2	0.175423531141132	0.0245764688588679	1.13255616861142E-05	15489.1683082007	0.2	0.200643696822226	0.0245764688588679
158.153999328613	1.5	0.567	1117	30.3896103896104	0.2	0.175423531141132	0.0245764688588679	1.13255616861142E-05	15489.1683082007	0.2	0.200970352161676	0.0245764688588679
158.65700006485	1.5	0.566	1117	30.3896103896104	0.2	0.175423531141132	0.0245764688588679	1.13255616861142E-05	15489.1683082007	0.2	0.200643696822226	0.0245764688588679
159.144999504089	1.5	0.565	1117	30.3896103896104	0.2	0.175423531141132	0.0245764688588679	1.13255616861142E-05	15489.1683082007	0.2	0.199990386143327	0.0245764688588679
159.649000167847	1.5	0.564	1117	30.3896103896104	0.2	0.175423531141132	0.0245764688588679	1.13255616861142E-05	15489.1683082007	0.2	0.200643696822226	0.0245764688588679
160.160000324249	1.5	0.563	1118	30.6493506493506	0.2	0.175750186480582	0.0242498135194182	1.11750292716213E-05	15727.044843354	0.2	0.201297007501125	0.0242498135194182
160.640998840332	1.5	0.562	1118	30.6493506493506	0.2	0.175423531141132	0.0245764688588679	1.13255616861142E-05	15489.1683082007	0.2	0.201297007501125	0.0245764688588679
161.149000167847	1.5	0.561	1118	30.6493506493506	0.2	0.175096875801682	0.0249031241983175	1.14760941006072E-05	15257.5322463083	0.2	0.200970352161676	0.0249031241983175
161.64199924469	1.5	0.561	1118	30.6493506493506	0.2	0.175096875801682	0.0249031241983175	1.14760941006072E-05	15257.5322463083	0.2	0.200317041482776	0.0249031241983175
162.140999317169	1.5	0.56	1118	30.6493506493506	0.2	0.174770220462233	0.0252297795377672	1.16266265151001E-05	15031.8942674601	0.2	0.200317041482776	0.0252297795377672
162.645999908447	1.5	0.56	1118	30.6493506493506	0.2	0.175423531141132	0.0245764688588679	1.13255616861142E-05	15489.1683082007	0.2	0.200643696822226	0.0245764688588679
163.138999938965	1.5	0.559	1118	30.6493506493506	0.2	0.174116909783334	0.0258830902166665	1.19276913440859E-05	14597.704179331	0.2	0.200643696822226	0.0258830902166665
163.656999588013	1.5	0.559	1118	30.6493506493506	0.2	0.175096875801682	0.0249031241983175	1.14760941006072E-05	15257.5322463083	0.2	0.200643696822226	0.0249031241983175
164.156000614166	1.5	0.558	1119	30.9090909090909	0.2	0.175096875801682	0.0249031241983175	1.14760941006072E-05	15257.5322463083	0.2	0.200317041482776	0.0249031241983175
164.635000228882	1.5	0.557	1119	30.9090909090909	0.2	0.175096875801682	0.0249031241983175	1.14760941006072E-05	15257.5322463083	0.2	0.200970352161676	0.0249031241983175
165.137000083923	1.5	0.557	1119	30.9090909090909	0.2	0.175423531141132	0.0245764688588679	1.13255616861142E-05	15489.1683082007	0.2	0.200317041482776	0.0245764688588679
165.634999752045	1.5	0.557	1119	30.9090909090909	0.2	0.175423531141132	0.0245764688588679	1.13255616861142E-05	15489.1683082007	0.2	0.199990386143327	0.0245764688588679
166.155999660492	1.6	0.556	1119	30.9090909090909	0.2	0.175096875801682	0.0249031241983175	1.14760941006072E-05	15257.5322463083	0.2	0.200643696822226	0.0249031241983175
166.642000198364	1.6	0.61	1119	30.9090909090909	0.2	0.174770220462233	0.0252297795377672	1.16266265151001E-05	15031.8942674601	0.2	0.200643696822226	0.0252297795377672
167.136000156403	1.6	0.608	1119	30.9090909090909	0.2	0.175423531141132	0.0245764688588679	1.13255616861142E-05	15489.1683082007	0.2	0.201297007501125	0.0245764688588679
167.640999794006	1.6	0.605	1119	30.9090909090909	0.2	0.175423531141132	0.0245764688588679	1.13255616861142E-05	15489.1683082007	0.2	0.199663730803877	0.0245764688588679
168.156999588013	1.6	0.603	1119	30.9090909090909	0.2	0.175750186480582	0.0242498135194182	1.11750292716213E-05	15727.044843354	0.2	0.200317041482776	0.0242498135194182
168.637000083923	1.6	0.602	1120	31.1688311688312	0.2	0.175750186480582	0.0242498135194182	1.11750292716213E-05	15727.044843354	0.2	0.200970352161676	0.0242498135194182
169.150999546051	1.6	0.6	1120	31.1688311688312	0.2	0.174443565122783	0.0255564348772168	1.1777158929593E-05	14812.0243741002	0.2	0.201950318180025	0.0255564348772168
169.639999866486	1.6	0.599	1120	31.1688311688312	0.2	0.174770220462233	0.0252297795377672	1.16266265151001E-05	15031.8942674601	0.2	0.200643696822226	0.0252297795377672
170.138999462128	1.6	0.599	1120	31.1688311688312	0.2	0.175096875801682	0.0249031241983175	1.14760941006072E-05	15257.5322463083	0.2	0.200317041482776	0.0249031241983175
170.651999473572	1.6	0.597	1120	31.1688311688312	0.2	0.175423531141132	0.0245764688588679	1.13255616861142E-05	15489.1683082007	0.2	0.200317041482776	0.0245764688588679
171.135999202728	1.6	0.597	1120	31.1688311688312	0.2	0.174770220462233	0.0252297795377672	1.16266265151001E-05	15031.8942674601	0.2	0.200643696822226	0.0252297795377672
171.646999359131	1.6	0.596	1120	31.1688311688312	0.2	0.175423531141132	0.0245764688588679	1.13255616861142E-05	15489.1683082007	0.2	0.199663730803877	0.0245764688588679
172.139999389648	1.6	0.595	1120	31.1688311688312	0.2	0.175096875801682	0.0249031241983175	1.14760941006072E-05	15257.5322463083	0.2	0.201297007501125	0.0249031241983175
172.638000488281	1.6	0.595	1121	31.4285714285714	0.2	0.174770220462233	0.0252297795377672	1.16266265151001E-05	15031.8942674601	0.2	0.200970352161676	0.0252297795377672
173.147999763489	1.6	0.594	1120	31.1688311688312	0.2	0.175750186480582	0.0242498135194182	1.11750292716213E-05	15727.044843354	0.2	0.200970352161676	0.0242498135194182
173.628999233246	1.6	0.594	1120	31.1688311688312	0.2	0.174770220462233	0.0252297795377672	1.16266265151001E-05	15031.8942674601	0.2	0.199990386143327	0.0252297795377672
174.138999462128	1.6	0.593	1121	31.4285714285714	0.2	0.175096875801682	0.0249031241983175	1.14760941006072E-05	15257.5322463083	0.2	0.199990386143327	0.0249031241983175
174.639999389648	1.6	0.592	1121	31.4285714285714	0.2	0.176076841820031	0.0239231581799686	1.10244968571284E-05	15971.4174807153	0.2	0.200643696822226	0.0239231581799686
175.136000156403	1.6	0.592	1121	31.4285714285714	0.2	0.174770220462233	0.0252297795377672	1.16266265151001E-05	15031.8942674601	0.2	0.200970352161676	0.0252297795377672
175.652000427246	1.6	0.592	1121	31.4285714285714	0.2	0.174443565122783	0.0255564348772168	1.1777158929593E-05	14812.0243741002	0.2	0.200317041482776	0.0255564348772168
176.131999969482	1.6	0.591	1121	31.4285714285714	0.2	0.174770220462233	0.0252297795377672	1.16266265151001E-05	15031.8942674601	0.2	0.200643696822226	0.0252297795377672
176.644000053406	1.7	0.591	1121	31.4285714285714	0.2	0.175750186480582	0.0242498135194182	1.11750292716213E-05	15727.044843354	0.2	0.200317041482776	0.0242498135194182
177.138999462128	1.7	0.643	1121	31.4285714285714	0.2	0.175750186480582	0.0242498135194182	1.11750292716213E-05	15727.044843354	0.2	0.200317041482776	0.0242498135194182
177.632999420166	1.7	0.642	1121	31.4285714285714	0.2	0.174443565122783	0.0255564348772168	1.1777158929593E-05	14812.0243741002	0.2	0.200317041482776	0.0255564348772168
178.14599943161	1.7	0.638	1121	31.4285714285714	0.2	0.175096875801682	0.0249031241983175	1.14760941006072E-05	15257.5322463083	0.2	0.200643696822226	0.0249031241983175
178.633999824524	1.7	0.637	1121	31.4285714285714	0.2	0.175096875801682	0.0249031241983175	1.14760941006072E-05	15257.5322463083	0.2	0.201623662840575	0.0249031241983175
179.147999763489	1.7	0.635	1121	31.4285714285714	0.2	0.175096875801682	0.0249031241983175	1.14760941006072E-05	15257.5322463083	0.2	0.199990386143327	0.0249031241983175
179.63799905777	1.7	0.635	1121	31.4285714285714	0.2	0.175750186480582	0.0242498135194182	1.11750292716213E-05	15727.044843354	0.2	0.200643696822226	0.0242498135194182
180.141999721527	1.7	0.633	1121	31.4285714285714	0.2	0.174770220462233	0.0252297795377672	1.16266265151001E-05	15031.8942674601	0.2	0.199990386143327	0.0252297795377672
180.633999824524	1.7	0.633	1121	31.4285714285714	0.2	0.174443565122783	0.0255564348772168	1.1777158929593E-05	14812.0243741002	0.2	0.200643696822226	0.0255564348772168
181.140999317169	1.7	0.632	1121	31.4285714285714	0.2	0.175750186480582	0.0242498135194182	1.11750292716213E-05	15727.044843354	0.2	0.200970352161676	0.0242498135194182
181.633999347687	1.7	0.631	1122	31.6883116883117	0.2	0.175096875801682	0.0249031241983175	1.14760941006072E-05	15257.5322463083	0.2	0.200317041482776	0.0249031241983175
182.14999961853	1.7	0.63	1122	31.6883116883117	0.2	0.174770220462233	0.0252297795377672	1.16266265151001E-05	15031.8942674601	0.2	0.201297007501125	0.0252297795377672
182.640999317169	1.7	0.63	1122	31.6883116883117	0.2	0.175096875801682	0.0249031241983175	1.14760941006072E-05	15257.5322463083	0.2	0.200970352161676	0.0249031241983175
183.15299987793	1.7	0.629	1122	31.6883116883117	0.2	0.173790254443884	0.0262097455561161	1.20782237585789E-05	14388.7261833881	0.2	0.200643696822226	0.0262097455561161
183.638000011444	1.7	0.629	1122	31.6883116883117	0.2	0.175096875801682	0.0249031241983175	1.14760941006072E-05	15257.5322463083	0.2	0.200317041482776	0.0249031241983175
184.138000011444	1.7	0.628	1122	31.6883116883117	0.2	0.174443565122783	0.0255564348772168	1.1777158929593E-05	14812.0243741002	0.2	0.200317041482776	0.0255564348772168
184.646999359131	1.7	0.627	1122	31.6883116883117	0.2	0.174443565122783	0.0255564348772168	1.1777158929593E-05	14812.0243741002	0.2	0.200317041482776	0.0255564348772168
185.135999679565	1.7	0.627	1122	31.6883116883117	0.2	0.175096875801682	0.0249031241983175	1.14760941006072E-05	15257.5322463083	0.2	0.201297007501125	0.0249031241983175
185.642000198364	1.7	0.626	1122	31.6883116883117	0.2	0.174116909783334	0.0258830902166665	1.19276913440859E-05	14597.704179331	0.2	0.199010420124978	0.0258830902166665
186.133999347687	1.7	0.626	1122	31.6883116883117	0.2	0.173790254443884	0.0262097455561161	1.20782237585789E-05	14388.7261833881	0.2	0.200970352161676	0.0262097455561161
186.638999938965	1.7	0.626	1122	31.6883116883117	0.2	0.175096875801682	0.0249031241983175	1.14760941006072E-05	15257.5322463083	0.2	0.200970352161676	0.0249031241983175
187.158999443054	1.8	0.625	1122	31.6883116883117	0.2	0.174770220462233	0.0252297795377672	1.16266265151001E-05	15031.8942674601	0.2	0.200643696822226	0.0252297795377672
187.63300037384	1.8	0.677	1123	31.9480519480519	0.2	0.174116909783334	0.0258830902166665	1.19276913440859E-05	14597.704179331	0.2	0.200643696822226	0.0258830902166665
188.130999565125	1.8	0.675	1123	31.9480519480519	0.2	0.174770220462233	0.0252297795377672	1.16266265151001E-05	15031.8942674601	0.2	0.200643696822226	0.0252297795377672
188.641999721527	1.8	0.672	1123	31.9480519480519	0.2	0.174770220462233	0.0252297795377672	1.16266265151001E-05	15031.8942674601	0.2	0.200643696822226	0.0252297795377672
189.144999504089	1.8	0.672	1123	31.9480519480519	0.2	0.174770220462233	0.0252297795377672	1.16266265151001E-05	15031.8942674601	0.2	0.199663730803877	0.0252297795377672
189.65399980545	1.8	0.669	1123	31.9480519480519	0.2	0.174770220462233	0.0252297795377672	1.16266265151001E-05	15031.8942674601	0.2	0.200970352161676	0.0252297795377672
190.132999420166	1.8	0.669	1123	31.9480519480519	0.2	0.174443565122783	0.0255564348772168	1.1777158929593E-05	14812.0243741002	0.2	0.200643696822226	0.0255564348772168
190.647000312805	1.8	0.667	1123	31.9480519480519	0.2	0.175423531141132	0.0245764688588679	1.13255616861142E-05	15489.1683082007	0.2	0.200970352161676	0.0245764688588679
191.135999679565	1.8	0.667	1124	32.2077922077922	0.2	0.174770220462233	0.0252297795377672	1.16266265151001E-05	15031.8942674601	0.2	0.200643696822226	0.0252297795377672
191.639999389648	1.8	0.665	1124	32.2077922077922	0.2	0.174116909783334	0.0258830902166665	1.19276913440859E-05	14597.704179331	0.2	0.200317041482776	0.0258830902166665
192.147999763489	1.8	0.665	1124	32.2077922077922	0.2	0.174443565122783	0.0255564348772168	1.1777158929593E-05	14812.0243741002	0.2	0.200317041482776	0.0255564348772168
192.638999938965	1.8	0.664	1124	32.2077922077922	0.2	0.174770220462233	0.0252297795377672	1.16266265151001E-05	15031.8942674601	0.2	0.200317041482776	0.0252297795377672
193.14599943161	1.8	0.664	1123	31.9480519480519	0.2	0.174116909783334	0.0258830902166665	1.19276913440859E-05	14597.704179331	0.2	0.200643696822226	0.0258830902166665
193.628999710083	1.8	0.663	1123	31.9480519480519	0.2	0.174443565122783	0.0255564348772168	1.1777158929593E-05	14812.0243741002	0.2	0.200643696822226	0.0255564348772168
194.137000083923	1.8	0.662	1123	31.9480519480519	0.2	0.173790254443884	0.0262097455561161	1.20782237585789E-05	14388.7261833881	0.2	0.200643696822226	0.0262097455561161
194.638998985291	1.8	0.662	1123	31.9480519480519	0.2	0.174116909783334	0.0258830902166665	1.19276913440859E-05	14597.704179331	0.2	0.200970352161676	0.0258830902166665
195.151999950409	1.8	0.661	1123	31.9480519480519	0.2	0.174443565122783	0.0255564348772168	1.1777158929593E-05	14812.0243741002	0.2	0.200643696822226	0.0255564348772168
195.635999679565	1.8	0.661	1123	31.9480519480519	0.2	0.174770220462233	0.0252297795377672	1.16266265151001E-05	15031.8942674601	0.2	0.200643696822226	0.0252297795377672
196.138999462128	1.8	0.661	1123	31.9480519480519	0.2	0.175096875801682	0.0249031241983175	1.14760941006072E-05	15257.5322463083	0.2	0.200317041482776	0.0249031241983175
196.631999492645	1.8	0.66	1123	31.9480519480519	0.2	0.174443565122783	0.0255564348772168	1.1777158929593E-05	14812.0243741002	0.2	0.200643696822226	0.0255564348772168
197.151999473572	1.8	0.66	1123	31.9480519480519	0.2	0.174770220462233	0.0252297795377672	1.16266265151001E-05	15031.8942674601	0.2	0.200643696822226	0.0252297795377672
197.65399980545	1.9	0.714	1123	31.9480519480519	0.2	0.174116909783334	0.0258830902166665	1.19276913440859E-05	14597.704179331	0.2	0.200643696822226	0.0258830902166665
198.129999637604	1.9	0.712	1123	31.9480519480519	0.2	0.173790254443884	0.0262097455561161	1.20782237585789E-05	14388.7261833881	0.2	0.200970352161676	0.0262097455561161
198.64899969101	1.9	0.71	1123	31.9480519480519	0.2	0.173790254443884	0.0262097455561161	1.20782237585789E-05	14388.7261833881	0.2	0.200643696822226	0.0262097455561161
199.139999866486	1.9	0.707	1124	32.2077922077922	0.2	0.174116909783334	0.0258830902166665	1.19276913440859E-05	14597.704179331	0.2	0.200643696822226	0.0258830902166665
199.647999286652	1.9	0.706	1124	32.2077922077922	0.2	0.174116909783334	0.0258830902166665	1.19276913440859E-05	14597.704179331	0.2	0.200643696822226	0.0258830902166665
200.150999069214	1.9	0.704	1124	32.2077922077922	0.2	0.173790254443884	0.0262097455561161	1.20782237585789E-05	14388.7261833881	0.2	0.200643696822226	0.0262097455561161
200.635999202728	1.9	0.703	1124	32.2077922077922	0.2	0.174443565122783	0.0255564348772168	1.1777158929593E-05	14812.0243741002	0.2	0.200643696822226	0.0255564348772168
201.140999794006	1.9	0.702	1123	31.9480519480519	0.2	0.173790254443884	0.0262097455561161	1.20782237585789E-05	14388.7261833881	0.2	0.200643696822226	0.0262097455561161
201.640999794006	1.9	0.701	1124	32.2077922077922	0.2	0.174116909783334	0.0258830902166665	1.19276913440859E-05	14597.704179331	0.2	0.200970352161676	0.0258830902166665
202.144999027252	1.9	0.7	1124	32.2077922077922	0.2	0.174443565122783	0.0255564348772168	1.1777158929593E-05	14812.0243741002	0.2	0.200643696822226	0.0255564348772168
202.638999462128	1.9	0.7	1124	32.2077922077922	0.2	0.174443565122783	0.0255564348772168	1.1777158929593E-05	14812.0243741002	0.2	0.201297007501125	0.0255564348772168
203.139998912811	1.9	0.699	1124	32.2077922077922	0.2	0.173790254443884	0.0262097455561161	1.20782237585789E-05	14388.7261833881	0.2	0.199990386143327	0.0262097455561161
203.647000312805	1.9	0.698	1124	32.2077922077922	0.2	0.173790254443884	0.0262097455561161	1.20782237585789E-05	14388.7261833881	0.2	0.200317041482776	0.0262097455561161
204.154999732971	1.9	0.697	1124	32.2077922077922	0.2	0.174770220462233	0.0252297795377672	1.16266265151001E-05	15031.8942674601	0.2	0.200970352161676	0.0252297795377672
204.757999897003	1.9	0.697	1125	32.4675324675325	0.2	0.173790254443884	0.0262097455561161	1.20782237585789E-05	14388.7261833881	0.2	0.200317041482776	0.0262097455561161
205.138999938965	1.9	0.696	1125	32.4675324675325	0.2	0.173463599104434	0.0265364008955657	1.22287561730718E-05	14184.8931035528	0.2	0.200970352161676	0.0265364008955657
205.639999866486	1.9	0.696	1125	32.4675324675325	0.2	0.174116909783334	0.0258830902166665	1.19276913440859E-05	14597.704179331	0.2	0.200317041482776	0.0258830902166665
206.140999317169	1.9	0.695	1126	32.7272727272727	0.2	0.174116909783334	0.0258830902166665	1.19276913440859E-05	14597.704179331	0.2	0.199990386143327	0.0258830902166665
206.642000198364	1.9	0.695	1126	32.7272727272727	0.2	0.174443565122783	0.0255564348772168	1.1777158929593E-05	14812.0243741002	0.2	0.200643696822226	0.0255564348772168
207.133999347687	1.9	0.694	1126	32.7272727272727	0.2	0.174443565122783	0.0255564348772168	1.1777158929593E-05	14812.0243741002	0.2	0.200317041482776	0.0255564348772168
207.638000011444	1.9	0.694	1126	32.7272727272727	0.2	0.173790254443884	0.0262097455561161	1.20782237585789E-05	14388.7261833881	0.2	0.201297007501125	0.0262097455561161
208.139999389648	2	0.749	1126	32.7272727272727	0.2	0.173790254443884	0.0262097455561161	1.20782237585789E-05	14388.7261833881	0.2	0.200317041482776	0.0262097455561161
208.632999420166	2	0.746	1126	32.7272727272727	0.2	0.174443565122783	0.0255564348772168	1.1777158929593E-05	14812.0243741002	0.2	0.199990386143327	0.0255564348772168
209.141999721527	2	0.743	1127	32.987012987013	0.2	0.174443565122783	0.0255564348772168	1.1777158929593E-05	14812.0243741002	0.2	0.200317041482776	0.0255564348772168
209.638000011444	2	0.741	1127	32.987012987013	0.2	0.174443565122783	0.0255564348772168	1.1777158929593E-05	14812.0243741002	0.2	0.200970352161676	0.0255564348772168
210.144999504089	2	0.739	1127	32.987012987013	0.2	0.173790254443884	0.0262097455561161	1.20782237585789E-05	14388.7261833881	0.2	0.200970352161676	0.0262097455561161
210.651000022888	2	0.738	1127	32.987012987013	0.2	0.173463599104434	0.0265364008955657	1.22287561730718E-05	14184.8931035528	0.2	0.200643696822226	0.0265364008955657
211.147999763489	2	0.737	1127	32.987012987013	0.2	0.173790254443884	0.0262097455561161	1.20782237585789E-05	14388.7261833881	0.2	0.200643696822226	0.0262097455561161
211.638000011444	2	0.736	1128	33.2467532467532	0.2	0.174116909783334	0.0258830902166665	1.19276913440859E-05	14597.704179331	0.2	0.200643696822226	0.0258830902166665
212.130000114441	2	0.735	1128	33.2467532467532	0.2	0.173136943764985	0.0268630562350154	1.23792885875647E-05	13986.0172529547	0.2	0.200643696822226	0.0268630562350154
212.646999359131	2	0.734	1128	33.2467532467532	0.2	0.173790254443884	0.0262097455561161	1.20782237585789E-05	14388.7261833881	0.2	0.199990386143327	0.0262097455561161
213.14999961853	2	0.733	1128	33.2467532467532	0.2	0.174116909783334	0.0258830902166665	1.19276913440859E-05	14597.704179331	0.2	0.200317041482776	0.0258830902166665
213.635999202728	2	0.732	1128	33.2467532467532	0.2	0.174116909783334	0.0258830902166665	1.19276913440859E-05	14597.704179331	0.2	0.201297007501125	0.0258830902166665
214.14599943161	2	0.732	1128	33.2467532467532	0.2	0.173463599104434	0.0265364008955657	1.22287561730718E-05	14184.8931035528	0.2	0.201297007501125	0.0265364008955657
214.635999679565	2	0.731	1128	33.2467532467532	0.2	0.173790254443884	0.0262097455561161	1.20782237585789E-05	14388.7261833881	0.2	0.201623662840575	0.0262097455561161
215.14199924469	2	0.73	1128	33.2467532467532	0.2	0.173463599104434	0.0265364008955657	1.22287561730718E-05	14184.8931035528	0.2	0.200970352161676	0.0265364008955657
215.645999908447	2	0.73	1129	33.5064935064935	0.2	0.174116909783334	0.0258830902166665	1.19276913440859E-05	14597.704179331	0.2	0.200317041482776	0.0258830902166665
216.138999938965	2	0.729	1129	33.5064935064935	0.2	0.173136943764985	0.0268630562350154	1.23792885875647E-05	13986.0172529547	0.2	0.200970352161676	0.0268630562350154
216.636999607086	2	0.729	1129	33.5064935064935	0.2	0.173790254443884	0.0262097455561161	1.20782237585789E-05	14388.7261833881	0.2	0.200643696822226	0.0262097455561161
217.139999389648	2	0.728	1129	33.5064935064935	0.2	0.173463599104434	0.0265364008955657	1.22287561730718E-05	14184.8931035528	0.2	0.200317041482776	0.0265364008955657
217.632999420166	2	0.728	1129	33.5064935064935	0.2	0.173136943764985	0.0268630562350154	1.23792885875647E-05	13986.0172529547	0.2	0.200643696822226	0.0268630562350154
218.143999576569	2.1	0.727	1129	33.5064935064935	0.2	0.174443565122783	0.0255564348772168	1.1777158929593E-05	14812.0243741002	0.2	0.200317041482776	0.0255564348772168
218.638999462128	2.1	0.779	1129	33.5064935064935	0.2	0.173136943764985	0.0268630562350154	1.23792885875647E-05	13986.0172529547	0.2	0.200643696822226	0.0268630562350154
219.137999534607	2.1	0.777	1130	33.7662337662338	0.2	0.173136943764985	0.0268630562350154	1.23792885875647E-05	13986.0172529547	0.2	0.200643696822226	0.0268630562350154
219.650999546051	2.1	0.774	1130	33.7662337662338	0.2	0.173463599104434	0.0265364008955657	1.22287561730718E-05	14184.8931035528	0.2	0.200970352161676	0.0265364008955657
220.134000301361	2.1	0.773	1129	33.5064935064935	0.2	0.173790254443884	0.0262097455561161	1.20782237585789E-05	14388.7261833881	0.2	0.199663730803877	0.0262097455561161
220.639999866486	2.1	0.771	1130	33.7662337662338	0.2	0.174116909783334	0.0258830902166665	1.19276913440859E-05	14597.704179331	0.2	0.200970352161676	0.0258830902166665
221.140999317169	2.1	0.77	1130	33.7662337662338	0.2	0.173463599104434	0.0265364008955657	1.22287561730718E-05	14184.8931035528	0.2	0.200317041482776	0.0265364008955657
221.637000083923	2.1	0.769	1130	33.7662337662338	0.2	0.174116909783334	0.0258830902166665	1.19276913440859E-05	14597.704179331	0.2	0.200317041482776	0.0258830902166665
222.141999721527	2.1	0.768	1131	34.025974025974	0.2	0.172810288425535	0.027189711574465	1.25298210020576E-05	13791.9199641524	0.2	0.200643696822226	0.027189711574465
222.641999721527	2.1	0.767	1131	34.025974025974	0.2	0.173136943764985	0.0268630562350154	1.23792885875647E-05	13986.0172529547	0.2	0.201623662840575	0.0268630562350154
223.148000240326	2.1	0.766	1130	33.7662337662338	0.2	0.172156977746636	0.0278430222533643	1.28308858310435E-05	13417.3883248274	0.2	0.201297007501125	0.0278430222533643
223.645999908447	2.1	0.765	1131	34.025974025974	0.2	0.173136943764985	0.0268630562350154	1.23792885875647E-05	13986.0172529547	0.2	0.199990386143327	0.0268630562350154
224.132999420166	2.1	0.765	1131	34.025974025974	0.2	0.173136943764985	0.0268630562350154	1.23792885875647E-05	13986.0172529547	0.2	0.199990386143327	0.0268630562350154
224.642999649048	2.1	0.764	1131	34.025974025974	0.2	0.173136943764985	0.0268630562350154	1.23792885875647E-05	13986.0172529547	0.2	0.200317041482776	0.0268630562350154
225.137999534607	2.1	0.764	1131	34.025974025974	0.2	0.172810288425535	0.027189711574465	1.25298210020576E-05	13791.9199641524	0.2	0.200643696822226	0.027189711574465
225.65399980545	2.1	0.763	1131	34.025974025974	0.2	0.173463599104434	0.0265364008955657	1.22287561730718E-05	14184.8931035528	0.2	0.200970352161676	0.0265364008955657
226.121999740601	2.1	0.762	1131	34.025974025974	0.2	0.173136943764985	0.0268630562350154	1.23792885875647E-05	13986.0172529547	0.2	0.200643696822226	0.0268630562350154
226.640999794006	2.1	0.762	1131	34.025974025974	0.2	0.172483633086085	0.0275163669139147	1.26803534165505E-05	13602.4310537716	0.2	0.200970352161676	0.0275163669139147
227.137999534607	2.1	0.761	1131	34.025974025974	0.2	0.173463599104434	0.0265364008955657	1.22287561730718E-05	14184.8931035528	0.2	0.200970352161676	0.0265364008955657
227.640999317169	2.1	0.761	1131	34.025974025974	0.2	0.173790254443884	0.0262097455561161	1.20782237585789E-05	14388.7261833881	0.2	0.201297007501125	0.0262097455561161
228.135999202728	2.1	0.76	1131	34.025974025974	0.2	0.173463599104434	0.0265364008955657	1.22287561730718E-05	14184.8931035528	0.2	0.199990386143327	0.0265364008955657
228.640999794006	2.2	0.76	1132	34.2857142857143	0.2	0.173136943764985	0.0268630562350154	1.23792885875647E-05	13986.0172529547	0.2	0.201623662840575	0.0268630562350154
229.140999794006	2.2	0.812	1132	34.2857142857143	0.2	0.172810288425535	0.027189711574465	1.25298210020576E-05	13791.9199641524	0.2	0.200643696822226	0.027189711574465
229.644999980927	2.2	0.81	1132	34.2857142857143	0.2	0.173136943764985	0.0268630562350154	1.23792885875647E-05	13986.0172529547	0.2	0.200643696822226	0.0268630562350154
230.143000125885	2.2	0.807	1132	34.2857142857143	0.2	0.173136943764985	0.0268630562350154	1.23792885875647E-05	13986.0172529547	0.2	0.200317041482776	0.0268630562350154
230.63799905777	2.2	0.805	1132	34.2857142857143	0.2	0.173790254443884	0.0262097455561161	1.20782237585789E-05	14388.7261833881	0.2	0.199990386143327	0.0262097455561161
231.140999794006	2.2	0.804	1132	34.2857142857143	0.2	0.173136943764985	0.0268630562350154	1.23792885875647E-05	13986.0172529547	0.2	0.200643696822226	0.0268630562350154
231.636999607086	2.2	0.803	1132	34.2857142857143	0.2	0.173136943764985	0.0268630562350154	1.23792885875647E-05	13986.0172529547	0.2	0.201297007501125	0.0268630562350154
232.140000343323	2.2	0.801	1132	34.2857142857143	0.2	0.172810288425535	0.027189711574465	1.25298210020576E-05	13791.9199641524	0.2	0.199990386143327	0.027189711574465
232.634000301361	2.2	0.8	1132	34.2857142857143	0.2	0.173136943764985	0.0268630562350154	1.23792885875647E-05	13986.0172529547	0.2	0.200317041482776	0.0268630562350154
233.138000011444	2.2	0.799	1132	34.2857142857143	0.2	0.173136943764985	0.0268630562350154	1.23792885875647E-05	13986.0172529547	0.2	0.199990386143327	0.0268630562350154
233.643000125885	2.2	0.799	1131	34.025974025974	0.2	0.173790254443884	0.0262097455561161	1.20782237585789E-05	14388.7261833881	0.2	0.200970352161676	0.0262097455561161
234.141000270844	2.2	0.798	1132	34.2857142857143	0.2	0.173136943764985	0.0268630562350154	1.23792885875647E-05	13986.0172529547	0.2	0.200970352161676	0.0268630562350154
234.647999763489	2.2	0.797	1132	34.2857142857143	0.2	0.173463599104434	0.0265364008955657	1.22287561730718E-05	14184.8931035528	0.2	0.200317041482776	0.0265364008955657
235.154999256134	2.2	0.797	1131	34.025974025974	0.2	0.173463599104434	0.0265364008955657	1.22287561730718E-05	14184.8931035528	0.2	0.200643696822226	0.0265364008955657
235.636999607086	2.2	0.796	1132	34.2857142857143	0.2	0.172810288425535	0.027189711574465	1.25298210020576E-05	13791.9199641524	0.2	0.200317041482776	0.027189711574465
236.15299987793	2.2	0.796	1132	34.2857142857143	0.2	0.173136943764985	0.0268630562350154	1.23792885875647E-05	13986.0172529547	0.2	0.200643696822226	0.0268630562350154
236.653999328613	2.2	0.795	1132	34.2857142857143	0.2	0.172810288425535	0.027189711574465	1.25298210020576E-05	13791.9199641524	0.2	0.200643696822226	0.027189711574465
237.162999153137	2.2	0.794	1132	34.2857142857143	0.2	0.173136943764985	0.0268630562350154	1.23792885875647E-05	13986.0172529547	0.2	0.201297007501125	0.0268630562350154
237.635999679565	2.2	0.794	1132	34.2857142857143	0.2	0.173136943764985	0.0268630562350154	1.23792885875647E-05	13986.0172529547	0.2	0.200643696822226	0.0268630562350154
238.135999679565	2.2	0.794	1132	34.2857142857143	0.2	0.173790254443884	0.0262097455561161	1.20782237585789E-05	14388.7261833881	0.2	0.200970352161676	0.0262097455561161
238.64199924469	2.2	0.793	1132	34.2857142857143	0.2	0.173463599104434	0.0265364008955657	1.22287561730718E-05	14184.8931035528	0.2	0.200970352161676	0.0265364008955657
239.150999546051	2.3	0.793	1132	34.2857142857143	0.2	0.173136943764985	0.0268630562350154	1.23792885875647E-05	13986.0172529547	0.2	0.200317041482776	0.0268630562350154
239.641999721527	2.3	0.845	1132	34.2857142857143	0.2	0.173136943764985	0.0268630562350154	1.23792885875647E-05	13986.0172529547	0.2	0.200643696822226	0.0268630562350154
240.131999969482	2.3	0.843	1132	34.2857142857143	0.2	0.172810288425535	0.027189711574465	1.25298210020576E-05	13791.9199641524	0.2	0.200970352161676	0.027189711574465
240.635999679565	2.3	0.84	1132	34.2857142857143	0.2	0.173136943764985	0.0268630562350154	1.23792885875647E-05	13986.0172529547	0.2	0.201297007501125	0.0268630562350154
241.142999649048	2.3	0.839	1132	34.2857142857143	0.2	0.172483633086085	0.0275163669139147	1.26803534165505E-05	13602.4310537716	0.2	0.199990386143327	0.0275163669139147
241.644999504089	2.3	0.837	1132	34.2857142857143	0.2	0.173463599104434	0.0265364008955657	1.22287561730718E-05	14184.8931035528	0.2	0.201297007501125	0.0265364008955657
242.150000095367	2.3	0.835	1132	34.2857142857143	0.2	0.172483633086085	0.0275163669139147	1.26803534165505E-05	13602.4310537716	0.2	0.200643696822226	0.0275163669139147
242.630999565125	2.3	0.834	1132	34.2857142857143	0.2	0.173463599104434	0.0265364008955657	1.22287561730718E-05	14184.8931035528	0.2	0.200317041482776	0.0265364008955657
243.138999938965	2.3	0.834	1132	34.2857142857143	0.2	0.171830322407186	0.028169677592814	1.29814182455364E-05	13236.6371036746	0.2	0.200970352161676	0.028169677592814
243.637000083923	2.3	0.832	1133	34.5454545454545	0.2	0.172156977746636	0.0278430222533643	1.28308858310435E-05	13417.3883248274	0.2	0.199990386143327	0.0278430222533643
244.141999721527	2.3	0.832	1133	34.5454545454545	0.2	0.172483633086085	0.0275163669139147	1.26803534165505E-05	13602.4310537716	0.2	0.200317041482776	0.0275163669139147
244.638999462128	2.3	0.831	1133	34.5454545454545	0.2	0.173463599104434	0.0265364008955657	1.22287561730718E-05	14184.8931035528	0.2	0.199990386143327	0.0265364008955657
245.150999546051	2.3	0.831	1133	34.5454545454545	0.2	0.173136943764985	0.0268630562350154	1.23792885875647E-05	13986.0172529547	0.2	0.200317041482776	0.0268630562350154
245.628999233246	2.3	0.829	1133	34.5454545454545	0.2	0.172483633086085	0.0275163669139147	1.26803534165505E-05	13602.4310537716	0.2	0.200317041482776	0.0275163669139147
246.142999649048	2.3	0.829	1133	34.5454545454545	0.2	0.173136943764985	0.0268630562350154	1.23792885875647E-05	13986.0172529547	0.2	0.200317041482776	0.0268630562350154
246.643000125885	2.3	0.828	1134	34.8051948051949	0.2	0.173463599104434	0.0265364008955657	1.22287561730718E-05	14184.8931035528	0.2	0.200970352161676	0.0265364008955657
247.134999275208	2.3	0.828	1134	34.8051948051949	0.2	0.171830322407186	0.028169677592814	1.29814182455364E-05	13236.6371036746	0.2	0.199990386143327	0.028169677592814
247.650999546051	2.3	0.827	1134	34.8051948051949	0.2	0.173136943764985	0.0268630562350154	1.23792885875647E-05	13986.0172529547	0.2	0.200970352161676	0.0268630562350154
248.136999130249	2.3	0.827	1134	34.8051948051949	0.2	0.172483633086085	0.0275163669139147	1.26803534165505E-05	13602.4310537716	0.2	0.200317041482776	0.0275163669139147
248.658999443054	2.3	0.826	1134	34.8051948051949	0.2	0.172483633086085	0.0275163669139147	1.26803534165505E-05	13602.4310537716	0.2	0.199990386143327	0.0275163669139147
249.133999347687	2.3	0.826	1135	35.0649350649351	0.2	0.172483633086085	0.0275163669139147	1.26803534165505E-05	13602.4310537716	0.2	0.200317041482776	0.0275163669139147
249.630999565125	2.4	0.826	1135	35.0649350649351	0.2	0.172156977746636	0.0278430222533643	1.28308858310435E-05	13417.3883248274	0.2	0.200643696822226	0.0278430222533643
250.142999649048	2.4	0.877	1135	35.0649350649351	0.2	0.172810288425535	0.027189711574465	1.25298210020576E-05	13791.9199641524	0.2	0.199990386143327	0.027189711574465
250.640999317169	2.4	0.875	1135	35.0649350649351	0.2	0.172156977746636	0.0278430222533643	1.28308858310435E-05	13417.3883248274	0.2	0.200970352161676	0.0278430222533643
251.142000198364	2.4	0.872	1135	35.0649350649351	0.2	0.172810288425535	0.027189711574465	1.25298210020576E-05	13791.9199641524	0.2	0.200317041482776	0.027189711574465
251.643000125885	2.4	0.871	1135	35.0649350649351	0.2	0.171830322407186	0.028169677592814	1.29814182455364E-05	13236.6371036746	0.2	0.200317041482776	0.028169677592814
252.14599943161	2.4	0.869	1135	35.0649350649351	0.2	0.172483633086085	0.0275163669139147	1.26803534165505E-05	13602.4310537716	0.2	0.200643696822226	0.0275163669139147
252.647999286652	2.4	0.868	1135	35.0649350649351	0.2	0.172483633086085	0.0275163669139147	1.26803534165505E-05	13602.4310537716	0.2	0.200970352161676	0.0275163669139147
253.138999462128	2.4	0.866	1135	35.0649350649351	0.2	0.172156977746636	0.0278430222533643	1.28308858310435E-05	13417.3883248274	0.2	0.200970352161676	0.0278430222533643
253.642000198364	2.4	0.866	1136	35.3246753246754	0.2	0.172810288425535	0.027189711574465	1.25298210020576E-05	13791.9199641524	0.2	0.200643696822226	0.027189711574465
254.143999576569	2.4	0.864	1136	35.3246753246754	0.2	0.172156977746636	0.0278430222533643	1.28308858310435E-05	13417.3883248274	0.2	0.200970352161676	0.0278430222533643
254.635999679565	2.4	0.864	1136	35.3246753246754	0.2	0.172483633086085	0.0275163669139147	1.26803534165505E-05	13602.4310537716	0.2	0.200317041482776	0.0275163669139147
255.149000167847	2.4	0.863	1136	35.3246753246754	0.2	0.172156977746636	0.0278430222533643	1.28308858310435E-05	13417.3883248274	0.2	0.200970352161676	0.0278430222533643
255.637999534607	2.4	0.862	1136	35.3246753246754	0.2	0.171830322407186	0.028169677592814	1.29814182455364E-05	13236.6371036746	0.2	0.199990386143327	0.028169677592814
256.14599943161	2.4	0.862	1136	35.3246753246754	0.2	0.172483633086085	0.0275163669139147	1.26803534165505E-05	13602.4310537716	0.2	0.200970352161676	0.0275163669139147
256.635999679565	2.4	0.861	1136	35.3246753246754	0.2	0.172156977746636	0.0278430222533643	1.28308858310435E-05	13417.3883248274	0.2	0.200970352161676	0.0278430222533643
257.140999317169	2.4	0.86	1136	35.3246753246754	0.2	0.173136943764985	0.0268630562350154	1.23792885875647E-05	13986.0172529547	0.2	0.200317041482776	0.0268630562350154
257.643000125885	2.4	0.86	1136	35.3246753246754	0.2	0.172156977746636	0.0278430222533643	1.28308858310435E-05	13417.3883248274	0.2	0.200317041482776	0.0278430222533643
258.159999370575	2.4	0.859	1136	35.3246753246754	0.2	0.172156977746636	0.0278430222533643	1.28308858310435E-05	13417.3883248274	0.2	0.200643696822226	0.0278430222533643
258.639999866486	2.4	0.859	1137	35.5844155844156	0.2	0.172156977746636	0.0278430222533643	1.28308858310435E-05	13417.3883248274	0.2	0.200643696822226	0.0278430222533643
259.140000343323	2.4	0.858	1137	35.5844155844156	0.2	0.171503667067736	0.0284963329322636	1.31319506600293E-05	13060.0298088048	0.2	0.200643696822226	0.0284963329322636
259.634999752045	2.4	0.858	1136	35.3246753246754	0.2	0.172810288425535	0.027189711574465	1.25298210020576E-05	13791.9199641524	0.2	0.199990386143327	0.027189711574465
260.147999763489	2.5	0.858	1137	35.5844155844156	0.2	0.171830322407186	0.028169677592814	1.29814182455364E-05	13236.6371036746	0.2	0.200643696822226	0.028169677592814
260.659999847412	2.5	0.909	1137	35.5844155844156	0.2	0.171830322407186	0.028169677592814	1.29814182455364E-05	13236.6371036746	0.2	0.200643696822226	0.028169677592814
261.133999824524	2.5	0.907	1137	35.5844155844156	0.2	0.172156977746636	0.0278430222533643	1.28308858310435E-05	13417.3883248274	0.2	0.200643696822226	0.0278430222533643
261.644000053406	2.5	0.904	1137	35.5844155844156	0.2	0.173136943764985	0.0268630562350154	1.23792885875647E-05	13986.0172529547	0.2	0.200317041482776	0.0268630562350154
262.146999835968	2.5	0.903	1137	35.5844155844156	0.2	0.172810288425535	0.027189711574465	1.25298210020576E-05	13791.9199641524	0.2	0.200317041482776	0.027189711574465
262.633999347687	2.5	0.901	1137	35.5844155844156	0.2	0.171830322407186	0.028169677592814	1.29814182455364E-05	13236.6371036746	0.2	0.199990386143327	0.028169677592814
263.149000167847	2.5	0.9	1138	35.8441558441559	0.2	0.172156977746636	0.0278430222533643	1.28308858310435E-05	13417.3883248274	0.2	0.200643696822226	0.0278430222533643
263.639000415802	2.5	0.898	1138	35.8441558441559	0.2	0.172156977746636	0.0278430222533643	1.28308858310435E-05	13417.3883248274	0.2	0.200970352161676	0.0278430222533643
264.142000198364	2.5	0.898	1138	35.8441558441559	0.2	0.172483633086085	0.0275163669139147	1.26803534165505E-05	13602.4310537716	0.2	0.200317041482776	0.0275163669139147
264.644999504089	2.5	0.896	1138	35.8441558441559	0.2	0.172156977746636	0.0278430222533643	1.28308858310435E-05	13417.3883248274	0.2	0.200970352161676	0.0278430222533643
265.136999607086	2.5	0.896	1138	35.8441558441559	0.2	0.171503667067736	0.0284963329322636	1.31319506600293E-05	13060.0298088048	0.2	0.200643696822226	0.0284963329322636
265.654999732971	2.5	0.895	1138	35.8441558441559	0.2	0.172483633086085	0.0275163669139147	1.26803534165505E-05	13602.4310537716	0.2	0.200317041482776	0.0275163669139147
266.139999389648	2.5	0.894	1138	35.8441558441559	0.2	0.172483633086085	0.0275163669139147	1.26803534165505E-05	13602.4310537716	0.2	0.199337075464427	0.0275163669139147
266.641999721527	2.5	0.893	1138	35.8441558441559	0.2	0.172483633086085	0.0275163669139147	1.26803534165505E-05	13602.4310537716	0.2	0.200643696822226	0.0275163669139147
267.148999214172	2.5	0.893	1139	36.1038961038961	0.2	0.171177011728287	0.0288229882717133	1.32824830745222E-05	12887.4255489645	0.2	0.200317041482776	0.0288229882717133
267.651999950409	2.5	0.892	1138	35.8441558441559	0.2	0.171830322407186	0.028169677592814	1.29814182455364E-05	13236.6371036746	0.2	0.200970352161676	0.028169677592814
268.131999492645	2.5	0.892	1138	35.8441558441559	0.2	0.172156977746636	0.0278430222533643	1.28308858310435E-05	13417.3883248274	0.2	0.201297007501125	0.0278430222533643
268.640999794006	2.5	0.891	1139	36.1038961038961	0.2	0.172483633086085	0.0275163669139147	1.26803534165505E-05	13602.4310537716	0.2	0.200970352161676	0.0275163669139147
269.139999866486	2.5	0.891	1139	36.1038961038961	0.2	0.171830322407186	0.028169677592814	1.29814182455364E-05	13236.6371036746	0.2	0.200643696822226	0.028169677592814
269.658999919891	2.5	0.89	1139	36.1038961038961	0.2	0.171830322407186	0.028169677592814	1.29814182455364E-05	13236.6371036746	0.2	0.201297007501125	0.028169677592814
270.154999732971	2.5	0.89	1139	36.1038961038961	0.2	0.171830322407186	0.028169677592814	1.29814182455364E-05	13236.6371036746	0.2	0.199663730803877	0.028169677592814
270.640999317169	2.6	0.889	1139	36.1038961038961	0.2	0.171830322407186	0.028169677592814	1.29814182455364E-05	13236.6371036746	0.2	0.199990386143327	0.028169677592814
271.139999866486	2.6	0.941	1139	36.1038961038961	0.2	0.172483633086085	0.0275163669139147	1.26803534165505E-05	13602.4310537716	0.2	0.200317041482776	0.0275163669139147
271.633999824524	2.6	0.939	1139	36.1038961038961	0.2	0.171503667067736	0.0284963329322636	1.31319506600293E-05	13060.0298088048	0.2	0.200317041482776	0.0284963329322636
272.151000022888	2.6	0.936	1139	36.1038961038961	0.2	0.171830322407186	0.028169677592814	1.29814182455364E-05	13236.6371036746	0.2	0.200317041482776	0.028169677592814
272.639999389648	2.6	0.935	1139	36.1038961038961	0.2	0.172156977746636	0.0278430222533643	1.28308858310435E-05	13417.3883248274	0.2	0.200317041482776	0.0278430222533643
273.139999866486	2.6	0.932	1139	36.1038961038961	0.2	0.171830322407186	0.028169677592814	1.29814182455364E-05	13236.6371036746	0.2	0.199990386143327	0.028169677592814
273.657999992371	2.6	0.932	1139	36.1038961038961	0.2	0.171177011728287	0.0288229882717133	1.32824830745222E-05	12887.4255489645	0.2	0.201950318180025	0.0288229882717133
274.139999389648	2.6	0.93	1139	36.1038961038961	0.2	0.171503667067736	0.0284963329322636	1.31319506600293E-05	13060.0298088048	0.2	0.200643696822226	0.0284963329322636
274.639000415802	2.6	0.929	1139	36.1038961038961	0.2	0.172483633086085	0.0275163669139147	1.26803534165505E-05	13602.4310537716	0.2	0.199990386143327	0.0275163669139147
275.156999111176	2.6	0.928	1140	36.3636363636364	0.2	0.171830322407186	0.028169677592814	1.29814182455364E-05	13236.6371036746	0.2	0.200970352161676	0.028169677592814
275.630999088287	2.6	0.927	1140	36.3636363636364	0.2	0.171830322407186	0.028169677592814	1.29814182455364E-05	13236.6371036746	0.2	0.200970352161676	0.028169677592814
276.15299987793	2.6	0.927	1140	36.3636363636364	0.2	0.171830322407186	0.028169677592814	1.29814182455364E-05	13236.6371036746	0.2	0.199990386143327	0.028169677592814
276.640000343323	2.6	0.926	1140	36.3636363636364	0.2	0.172483633086085	0.0275163669139147	1.26803534165505E-05	13602.4310537716	0.2	0.199990386143327	0.0275163669139147
277.138998985291	2.6	0.925	1140	36.3636363636364	0.2	0.171830322407186	0.028169677592814	1.29814182455364E-05	13236.6371036746	0.2	0.200643696822226	0.028169677592814
277.638000011444	2.6	0.925	1140	36.3636363636364	0.2	0.171830322407186	0.028169677592814	1.29814182455364E-05	13236.6371036746	0.2	0.200643696822226	0.028169677592814
278.140999794006	2.6	0.924	1140	36.3636363636364	0.2	0.171830322407186	0.028169677592814	1.29814182455364E-05	13236.6371036746	0.2	0.201297007501125	0.028169677592814
278.636999607086	2.6	0.923	1140	36.3636363636364	0.2	0.171177011728287	0.0288229882717133	1.32824830745222E-05	12887.4255489645	0.2	0.200317041482776	0.0288229882717133
279.131999492645	2.6	0.923	1141	36.6233766233766	0.2	0.171177011728287	0.0288229882717133	1.32824830745222E-05	12887.4255489645	0.2	0.201297007501125	0.0288229882717133
279.64999961853	2.6	0.923	1141	36.6233766233766	0.2	0.171503667067736	0.0284963329322636	1.31319506600293E-05	13060.0298088048	0.2	0.200970352161676	0.0284963329322636
280.139999866486	2.6	0.922	1141	36.6233766233766	0.2	0.172156977746636	0.0278430222533643	1.28308858310435E-05	13417.3883248274	0.2	0.200643696822226	0.0278430222533643
280.636999607086	2.6	0.921	1141	36.6233766233766	0.2	0.172156977746636	0.0278430222533643	1.28308858310435E-05	13417.3883248274	0.2	0.200643696822226	0.0278430222533643
281.15700006485	2.7	0.921	1141	36.6233766233766	0.2	0.172156977746636	0.0278430222533643	1.28308858310435E-05	13417.3883248274	0.2	0.200317041482776	0.0278430222533643
281.63799905777	2.7	0.972	1142	36.8831168831169	0.2	0.171177011728287	0.0288229882717133	1.32824830745222E-05	12887.4255489645	0.2	0.199990386143327	0.0288229882717133
282.139999866486	2.7	0.97	1142	36.8831168831169	0.2	0.171830322407186	0.028169677592814	1.29814182455364E-05	13236.6371036746	0.2	0.200643696822226	0.028169677592814
282.657999515533	2.7	0.967	1142	36.8831168831169	0.2	0.171177011728287	0.0288229882717133	1.32824830745222E-05	12887.4255489645	0.2	0.200643696822226	0.0288229882717133
283.137999534607	2.7	0.966	1142	36.8831168831169	0.2	0.170523701049387	0.0294762989506125	1.35835479035081E-05	12553.6937964012	0.2	0.200317041482776	0.0294762989506125
283.64899969101	2.7	0.964	1142	36.8831168831169	0.2	0.171177011728287	0.0288229882717133	1.32824830745222E-05	12887.4255489645	0.2	0.201297007501125	0.0288229882717133
284.140999794006	2.7	0.963	1142	36.8831168831169	0.2	0.171503667067736	0.0284963329322636	1.31319506600293E-05	13060.0298088048	0.2	0.200970352161676	0.0284963329322636
284.633999824524	2.7	0.961	1143	37.1428571428571	0.2	0.170850356388837	0.0291496436111629	1.34330154890152E-05	12718.6897482959	0.2	0.200970352161676	0.0291496436111629
285.147999763489	2.7	0.96	1143	37.1428571428571	0.2	0.171503667067736	0.0284963329322636	1.31319506600293E-05	13060.0298088048	0.2	0.200643696822226	0.0284963329322636
285.631999492645	2.7	0.959	1143	37.1428571428571	0.2	0.170523701049387	0.0294762989506125	1.35835479035081E-05	12553.6937964012	0.2	0.199990386143327	0.0294762989506125
286.136999130249	2.7	0.959	1143	37.1428571428571	0.2	0.171503667067736	0.0284963329322636	1.31319506600293E-05	13060.0298088048	0.2	0.200317041482776	0.0284963329322636
286.65399980545	2.7	0.958	1143	37.1428571428571	0.2	0.170523701049387	0.0294762989506125	1.35835479035081E-05	12553.6937964012	0.2	0.200317041482776	0.0294762989506125
287.139999389648	2.7	0.957	1143	37.1428571428571	0.2	0.170850356388837	0.0291496436111629	1.34330154890152E-05	12718.6897482959	0.2	0.200643696822226	0.0291496436111629
287.646999835968	2.7	0.956	1143	37.1428571428571	0.2	0.170850356388837	0.0291496436111629	1.34330154890152E-05	12718.6897482959	0.2	0.200970352161676	0.0291496436111629
288.137000083923	2.7	0.956	1144	37.4025974025975	0.2	0.170850356388837	0.0291496436111629	1.34330154890152E-05	12718.6897482959	0.2	0.200970352161676	0.0291496436111629
288.639999866486	2.7	0.955	1144	37.4025974025975	0.2	0.171830322407186	0.028169677592814	1.29814182455364E-05	13236.6371036746	0.2	0.200970352161676	0.028169677592814
289.150000095367	2.7	0.954	1144	37.4025974025975	0.2	0.170523701049387	0.0294762989506125	1.35835479035081E-05	12553.6937964012	0.2	0.200643696822226	0.0294762989506125
289.637000083923	2.7	0.954	1144	37.4025974025975	0.2	0.171503667067736	0.0284963329322636	1.31319506600293E-05	13060.0298088048	0.2	0.199990386143327	0.0284963329322636
290.153999328613	2.7	0.953	1144	37.4025974025975	0.2	0.170197045709938	0.0298029542900622	1.3734080318001E-05	12392.3147214207	0.2	0.200317041482776	0.0298029542900622
290.651999950409	2.7	0.953	1144	37.4025974025975	0.2	0.171177011728287	0.0288229882717133	1.32824830745222E-05	12887.4255489645	0.2	0.200317041482776	0.0288229882717133
291.136999607086	2.7	0.952	1144	37.4025974025975	0.2	0.170523701049387	0.0294762989506125	1.35835479035081E-05	12553.6937964012	0.2	0.200643696822226	0.0294762989506125
291.645999908447	2.8	0.952	1144	37.4025974025975	0.2	0.170850356388837	0.0291496436111629	1.34330154890152E-05	12718.6897482959	0.2	0.200970352161676	0.0291496436111629
292.137000083923	2.8	1.002	1144	37.4025974025975	0.2	0.170850356388837	0.0291496436111629	1.34330154890152E-05	12718.6897482959	0.2	0.200317041482776	0.0291496436111629
292.636999130249	2.8	1.001	1145	37.6623376623377	0.2	0.171177011728287	0.0288229882717133	1.32824830745222E-05	12887.4255489645	0.2	0.200643696822226	0.0288229882717133
293.140999317169	2.8	0.997	1145	37.6623376623377	0.2	0.170850356388837	0.0291496436111629	1.34330154890152E-05	12718.6897482959	0.2	0.199990386143327	0.0291496436111629
293.637999534607	2.8	0.996	1145	37.6623376623377	0.2	0.170197045709938	0.0298029542900622	1.3734080318001E-05	12392.3147214207	0.2	0.200643696822226	0.0298029542900622
294.134999275208	2.8	0.994	1145	37.6623376623377	0.2	0.170523701049387	0.0294762989506125	1.35835479035081E-05	12553.6937964012	0.2	0.200317041482776	0.0294762989506125
294.646999359131	2.8	0.993	1145	37.6623376623377	0.2	0.170850356388837	0.0291496436111629	1.34330154890152E-05	12718.6897482959	0.2	0.200643696822226	0.0291496436111629
295.128999233246	2.8	0.992	1146	37.922077922078	0.2	0.171177011728287	0.0288229882717133	1.32824830745222E-05	12887.4255489645	0.2	0.199990386143327	0.0288229882717133
295.646999835968	2.8	0.991	1145	37.6623376623377	0.2	0.171177011728287	0.0288229882717133	1.32824830745222E-05	12887.4255489645	0.2	0.200970352161676	0.0288229882717133
296.138999938965	2.8	0.99	1146	37.922077922078	0.2	0.170850356388837	0.0291496436111629	1.34330154890152E-05	12718.6897482959	0.2	0.200317041482776	0.0291496436111629
296.638000011444	2.8	0.989	1146	37.922077922078	0.2	0.170523701049387	0.0294762989506125	1.35835479035081E-05	12553.6937964012	0.2	0.201297007501125	0.0294762989506125
297.157999992371	2.8	0.988	1146	37.922077922078	0.2	0.170850356388837	0.0291496436111629	1.34330154890152E-05	12718.6897482959	0.2	0.200643696822226	0.0291496436111629
297.633999824524	2.8	0.988	1146	37.922077922078	0.2	0.169870390370488	0.0301296096295118	1.38846127324939E-05	12234.434884377	0.2	0.200970352161676	0.0301296096295118
298.135999202728	2.8	0.987	1146	37.922077922078	0.2	0.170197045709938	0.0298029542900622	1.3734080318001E-05	12392.3147214207	0.2	0.200317041482776	0.0298029542900622
298.646999835968	2.8	0.986	1147	38.1818181818182	0.2	0.170850356388837	0.0291496436111629	1.34330154890152E-05	12718.6897482959	0.2	0.200317041482776	0.0291496436111629
299.139999866486	2.8	0.985	1146	37.922077922078	0.2	0.170523701049387	0.0294762989506125	1.35835479035081E-05	12553.6937964012	0.2	0.200643696822226	0.0294762989506125
299.646999359131	2.8	0.985	1147	38.1818181818182	0.2	0.170523701049387	0.0294762989506125	1.35835479035081E-05	12553.6937964012	0.2	0.201623662840575	0.0294762989506125
300.142000198364	2.8	0.984	1147	38.1818181818182	0.2	0.169870390370488	0.0301296096295118	1.38846127324939E-05	12234.434884377	0.2	0.199337075464427	0.0301296096295118
300.638000011444	2.8	0.984	1147	38.1818181818182	0.2	0.170197045709938	0.0298029542900622	1.3734080318001E-05	12392.3147214207	0.2	0.200317041482776	0.0298029542900622
301.130000114441	2.8	0.983	1147	38.1818181818182	0.2	0.171177011728287	0.0288229882717133	1.32824830745222E-05	12887.4255489645	0.2	0.200643696822226	0.0288229882717133
301.639999389648	2.8	0.983	1147	38.1818181818182	0.2	0.169870390370488	0.0301296096295118	1.38846127324939E-05	12234.434884377	0.2	0.200317041482776	0.0301296096295118
302.146999835968	2.9	0.982	1147	38.1818181818182	0.2	0.169870390370488	0.0301296096295118	1.38846127324939E-05	12234.434884377	0.2	0.199990386143327	0.0301296096295118
302.642999649048	2.9	1.034	1147	38.1818181818182	0.2	0.170197045709938	0.0298029542900622	1.3734080318001E-05	12392.3147214207	0.2	0.200643696822226	0.0298029542900622
303.137000083923	2.9	1.032	1147	38.1818181818182	0.2	0.170850356388837	0.0291496436111629	1.34330154890152E-05	12718.6897482959	0.2	0.200317041482776	0.0291496436111629
303.641999721527	2.9	1.028	1147	38.1818181818182	0.2	0.170197045709938	0.0298029542900622	1.3734080318001E-05	12392.3147214207	0.2	0.200643696822226	0.0298029542900622
304.141000270844	2.9	1.027	1147	38.1818181818182	0.2	0.169870390370488	0.0301296096295118	1.38846127324939E-05	12234.434884377	0.2	0.201297007501125	0.0301296096295118
304.638999462128	2.9	1.025	1147	38.1818181818182	0.2	0.170523701049387	0.0294762989506125	1.35835479035081E-05	12553.6937964012	0.2	0.200317041482776	0.0294762989506125
305.138999938965	2.9	1.024	1148	38.4415584415585	0.2	0.170523701049387	0.0294762989506125	1.35835479035081E-05	12553.6937964012	0.2	0.200643696822226	0.0294762989506125
305.639999866486	2.9	1.023	1148	38.4415584415585	0.2	0.170850356388837	0.0291496436111629	1.34330154890152E-05	12718.6897482959	0.2	0.200970352161676	0.0291496436111629
306.138000488281	2.9	1.022	1148	38.4415584415585	0.2	0.170523701049387	0.0294762989506125	1.35835479035081E-05	12553.6937964012	0.2	0.200970352161676	0.0294762989506125
306.641000270844	2.9	1.021	1148	38.4415584415585	0.2	0.170197045709938	0.0298029542900622	1.3734080318001E-05	12392.3147214207	0.2	0.200643696822226	0.0298029542900622
307.138000011444	2.9	1.02	1148	38.4415584415585	0.2	0.170523701049387	0.0294762989506125	1.35835479035081E-05	12553.6937964012	0.2	0.201950318180025	0.0294762989506125
307.661999702454	2.9	1.019	1148	38.4415584415585	0.2	0.170523701049387	0.0294762989506125	1.35835479035081E-05	12553.6937964012	0.2	0.200970352161676	0.0294762989506125
308.136999607086	2.9	1.018	1148	38.4415584415585	0.2	0.170523701049387	0.0294762989506125	1.35835479035081E-05	12553.6937964012	0.2	0.200970352161676	0.0294762989506125
308.657999515533	2.9	1.018	1148	38.4415584415585	0.2	0.170523701049387	0.0294762989506125	1.35835479035081E-05	12553.6937964012	0.2	0.200643696822226	0.0294762989506125
309.14999961853	2.9	1.017	1149	38.7012987012987	0.2	0.170197045709938	0.0298029542900622	1.3734080318001E-05	12392.3147214207	0.2	0.200970352161676	0.0298029542900622
309.643999576569	2.9	1.016	1149	38.7012987012987	0.2	0.169870390370488	0.0301296096295118	1.38846127324939E-05	12234.434884377	0.2	0.200317041482776	0.0301296096295118
310.150000095367	2.9	1.016	1149	38.7012987012987	0.2	0.169217079691589	0.0307829203084111	1.41856775614798E-05	11928.7273348921	0.2	0.200970352161676	0.0307829203084111
310.638999462128	2.9	1.015	1149	38.7012987012987	0.2	0.169870390370488	0.0301296096295118	1.38846127324939E-05	12234.434884377	0.2	0.200643696822226	0.0301296096295118
311.144000053406	2.9	1.015	1149	38.7012987012987	0.2	0.169870390370488	0.0301296096295118	1.38846127324939E-05	12234.434884377	0.2	0.201297007501125	0.0301296096295118
311.656000137329	2.9	1.014	1149	38.7012987012987	0.2	0.169870390370488	0.0301296096295118	1.38846127324939E-05	12234.434884377	0.2	0.200970352161676	0.0301296096295118
312.131999969482	2.9	1.014	1149	38.7012987012987	0.2	0.170197045709938	0.0298029542900622	1.3734080318001E-05	12392.3147214207	0.2	0.200317041482776	0.0298029542900622
312.638999462128	3	1.013	1149	38.7012987012987	0.2	0.169870390370488	0.0301296096295118	1.38846127324939E-05	12234.434884377	0.2	0.200643696822226	0.0301296096295118
313.139999389648	3	1.064	1149	38.7012987012987	0.2	0.170523701049387	0.0294762989506125	1.35835479035081E-05	12553.6937964012	0.2	0.201297007501125	0.0294762989506125
313.652999401093	3	1.062	1150	38.961038961039	0.2	0.170850356388837	0.0291496436111629	1.34330154890152E-05	12718.6897482959	0.2	0.200317041482776	0.0291496436111629
314.157999992371	3	1.059	1150	38.961038961039	0.2	0.169870390370488	0.0301296096295118	1.38846127324939E-05	12234.434884377	0.2	0.201623662840575	0.0301296096295118
314.631999969482	3	1.058	1150	38.961038961039	0.2	0.169543735031039	0.0304562649689615	1.40351451469869E-05	12079.9416931885	0.2	0.200317041482776	0.0304562649689615
315.143000125885	3	1.056	1150	38.961038961039	0.2	0.169543735031039	0.0304562649689615	1.40351451469869E-05	12079.9416931885	0.2	0.200643696822226	0.0304562649689615
315.639999866486	3	1.055	1150	38.961038961039	0.2	0.170850356388837	0.0291496436111629	1.34330154890152E-05	12718.6897482959	0.2	0.200317041482776	0.0291496436111629
316.15299987793	3	1.053	1150	38.961038961039	0.2	0.169543735031039	0.0304562649689615	1.40351451469869E-05	12079.9416931885	0.2	0.200643696822226	0.0304562649689615
316.637999534607	3	1.053	1150	38.961038961039	0.2	0.170523701049387	0.0294762989506125	1.35835479035081E-05	12553.6937964012	0.2	0.200970352161676	0.0294762989506125
317.131999492645	3	1.051	1150	38.961038961039	0.2	0.169870390370488	0.0301296096295118	1.38846127324939E-05	12234.434884377	0.2	0.199337075464427	0.0301296096295118
317.632999420166	3	1.051	1150	38.961038961039	0.2	0.169870390370488	0.0301296096295118	1.38846127324939E-05	12234.434884377	0.2	0.199990386143327	0.0301296096295118
318.138000011444	3	1.05	1150	38.961038961039	0.2	0.169870390370488	0.0301296096295118	1.38846127324939E-05	12234.434884377	0.2	0.200643696822226	0.0301296096295118
318.644999980927	3	1.049	1150	38.961038961039	0.2	0.169870390370488	0.0301296096295118	1.38846127324939E-05	12234.434884377	0.2	0.201297007501125	0.0301296096295118
319.142999172211	3	1.048	1151	39.2207792207792	0.2	0.170850356388837	0.0291496436111629	1.34330154890152E-05	12718.6897482959	0.2	0.200643696822226	0.0291496436111629
319.643999099731	3	1.048	1151	39.2207792207792	0.2	0.169870390370488	0.0301296096295118	1.38846127324939E-05	12234.434884377	0.2	0.200317041482776	0.0301296096295118
320.155000209808	3	1.047	1151	39.2207792207792	0.2	0.16856376901269	0.0314362309873104	1.44867423904656E-05	11635.726270913	0.2	0.200317041482776	0.0314362309873104
320.649000167847	3	1.047	1151	39.2207792207792	0.2	0.169870390370488	0.0301296096295118	1.38846127324939E-05	12234.434884377	0.2	0.200970352161676	0.0301296096295118
321.144999980927	3	1.046	1151	39.2207792207792	0.2	0.169870390370488	0.0301296096295118	1.38846127324939E-05	12234.434884377	0.2	0.200317041482776	0.0301296096295118
321.638999462128	3	1.045	1151	39.2207792207792	0.2	0.169870390370488	0.0301296096295118	1.38846127324939E-05	12234.434884377	0.2	0.200317041482776	0.0301296096295118
322.131999492645	3	1.045	1152	39.4805194805195	0.2	0.169543735031039	0.0304562649689615	1.40351451469869E-05	12079.9416931885	0.2	0.200643696822226	0.0304562649689615
322.637999534607	3	1.044	1152	39.4805194805195	0.2	0.170197045709938	0.0298029542900622	1.3734080318001E-05	12392.3147214207	0.2	0.200970352161676	0.0298029542900622
323.147999763489	3.1	1.097	1152	39.4805194805195	0.2	0.169543735031039	0.0304562649689615	1.40351451469869E-05	12079.9416931885	0.2	0.200970352161676	0.0304562649689615
323.631999492645	3.1	1.094	1152	39.4805194805195	0.2	0.169217079691589	0.0307829203084111	1.41856775614798E-05	11928.7273348921	0.2	0.200970352161676	0.0307829203084111
324.153000354767	3.1	1.092	1152	39.4805194805195	0.2	0.170197045709938	0.0298029542900622	1.3734080318001E-05	12392.3147214207	0.2	0.200317041482776	0.0298029542900622
324.637999534607	3.1	1.089	1152	39.4805194805195	0.2	0.169543735031039	0.0304562649689615	1.40351451469869E-05	12079.9416931885	0.2	0.200643696822226	0.0304562649689615
325.139999389648	3.1	1.088	1152	39.4805194805195	0.2	0.168890424352139	0.0311095756478608	1.43362099759727E-05	11780.6885247354	0.2	0.200643696822226	0.0311095756478608
325.647999763489	3.1	1.086	1152	39.4805194805195	0.2	0.169870390370488	0.0301296096295118	1.38846127324939E-05	12234.434884377	0.2	0.200970352161676	0.0301296096295118
326.151999473572	3.1	1.085	1153	39.7402597402597	0.2	0.169217079691589	0.0307829203084111	1.41856775614798E-05	11928.7273348921	0.2	0.200643696822226	0.0307829203084111
326.640999794006	3.1	1.083	1153	39.7402597402597	0.2	0.169543735031039	0.0304562649689615	1.40351451469869E-05	12079.9416931885	0.2	0.200317041482776	0.0304562649689615
327.142000198364	3.1	1.083	1153	39.7402597402597	0.2	0.169870390370488	0.0301296096295118	1.38846127324939E-05	12234.434884377	0.2	0.200970352161676	0.0301296096295118
327.640999317169	3.1	1.081	1153	39.7402597402597	0.2	0.168890424352139	0.0311095756478608	1.43362099759727E-05	11780.6885247354	0.2	0.200643696822226	0.0311095756478608
328.13799905777	3.1	1.08	1153	39.7402597402597	0.2	0.169543735031039	0.0304562649689615	1.40351451469869E-05	12079.9416931885	0.2	0.200643696822226	0.0304562649689615
328.648999214172	3.1	1.079	1153	39.7402597402597	0.2	0.168890424352139	0.0311095756478608	1.43362099759727E-05	11780.6885247354	0.2	0.200317041482776	0.0311095756478608
329.134999752045	3.1	1.079	1153	39.7402597402597	0.2	0.169543735031039	0.0304562649689615	1.40351451469869E-05	12079.9416931885	0.2	0.201297007501125	0.0304562649689615
329.637999534607	3.1	1.078	1154	40.0000000000001	0.2	0.169543735031039	0.0304562649689615	1.40351451469869E-05	12079.9416931885	0.2	0.200643696822226	0.0304562649689615
330.131999492645	3.1	1.077	1154	40.0000000000001	0.2	0.169870390370488	0.0301296096295118	1.38846127324939E-05	12234.434884377	0.2	0.200317041482776	0.0301296096295118
330.638999938965	3.1	1.077	1154	40.0000000000001	0.2	0.169217079691589	0.0307829203084111	1.41856775614798E-05	11928.7273348921	0.2	0.201297007501125	0.0307829203084111
331.141999721527	3.1	1.076	1154	40.0000000000001	0.2	0.169543735031039	0.0304562649689615	1.40351451469869E-05	12079.9416931885	0.2	0.200643696822226	0.0304562649689615
331.642000198364	3.1	1.075	1154	40.0000000000001	0.2	0.168890424352139	0.0311095756478608	1.43362099759727E-05	11780.6885247354	0.2	0.200317041482776	0.0311095756478608
332.145999908447	3.1	1.075	1154	40.0000000000001	0.2	0.168890424352139	0.0311095756478608	1.43362099759727E-05	11780.6885247354	0.2	0.200970352161676	0.0311095756478608
332.652999401093	3.1	1.074	1154	40.0000000000001	0.2	0.16856376901269	0.0314362309873104	1.44867423904656E-05	11635.726270913	0.2	0.200317041482776	0.0314362309873104
333.149999141693	3.1	1.074	1155	40.2597402597403	0.2	0.168890424352139	0.0311095756478608	1.43362099759727E-05	11780.6885247354	0.2	0.200643696822226	0.0311095756478608
333.645999908447	3.2	1.126	1155	40.2597402597403	0.2	0.168890424352139	0.0311095756478608	1.43362099759727E-05	11780.6885247354	0.2	0.200643696822226	0.0311095756478608
334.136999607086	3.2	1.124	1155	40.2597402597403	0.2	0.169870390370488	0.0301296096295118	1.38846127324939E-05	12234.434884377	0.2	0.201297007501125	0.0301296096295118
334.630999565125	3.2	1.12	1155	40.2597402597403	0.2	0.16823711367324	0.0317628863267601	1.46372748049586E-05	11493.7456538185	0.2	0.200317041482776	0.0317628863267601
335.150999069214	3.2	1.119	1155	40.2597402597403	0.2	0.169543735031039	0.0304562649689615	1.40351451469869E-05	12079.9416931885	0.2	0.200970352161676	0.0304562649689615
335.635999679565	3.2	1.117	1155	40.2597402597403	0.2	0.169543735031039	0.0304562649689615	1.40351451469869E-05	12079.9416931885	0.2	0.200970352161676	0.0304562649689615
336.150999546051	3.2	1.115	1155	40.2597402597403	0.2	0.16791045833379	0.0320895416662097	1.47878072194515E-05	11354.6556187807	0.2	0.200643696822226	0.0320895416662097
336.638998985291	3.2	1.113	1156	40.5194805194806	0.2	0.169217079691589	0.0307829203084111	1.41856775614798E-05	11928.7273348921	0.2	0.199990386143327	0.0307829203084111
337.155999183655	3.2	1.113	1156	40.5194805194806	0.2	0.169543735031039	0.0304562649689615	1.40351451469869E-05	12079.9416931885	0.2	0.201297007501125	0.0304562649689615
337.644999504089	3.2	1.112	1156	40.5194805194806	0.2	0.169217079691589	0.0307829203084111	1.41856775614798E-05	11928.7273348921	0.2	0.201297007501125	0.0307829203084111
338.133999824524	3.2	1.111	1156	40.5194805194806	0.2	0.16856376901269	0.0314362309873104	1.44867423904656E-05	11635.726270913	0.2	0.200643696822226	0.0314362309873104
338.66100025177	3.2	1.11	1156	40.5194805194806	0.2	0.16823711367324	0.0317628863267601	1.46372748049586E-05	11493.7456538185	0.2	0.201297007501125	0.0317628863267601
339.13799905777	3.2	1.109	1156	40.5194805194806	0.2	0.16856376901269	0.0314362309873104	1.44867423904656E-05	11635.726270913	0.2	0.200643696822226	0.0314362309873104
339.638999462128	3.2	1.109	1156	40.5194805194806	0.2	0.16856376901269	0.0314362309873104	1.44867423904656E-05	11635.726270913	0.2	0.200970352161676	0.0314362309873104
340.156999588013	3.2	1.107	1157	40.7792207792208	0.2	0.169217079691589	0.0307829203084111	1.41856775614798E-05	11928.7273348921	0.2	0.201297007501125	0.0307829203084111
340.639999866486	3.2	1.107	1157	40.7792207792208	0.2	0.16823711367324	0.0317628863267601	1.46372748049586E-05	11493.7456538185	0.2	0.199663730803877	0.0317628863267601
341.131999492645	3.2	1.106	1157	40.7792207792208	0.2	0.16823711367324	0.0317628863267601	1.46372748049586E-05	11493.7456538185	0.2	0.200643696822226	0.0317628863267601
341.644999504089	3.2	1.106	1157	40.7792207792208	0.2	0.168890424352139	0.0311095756478608	1.43362099759727E-05	11780.6885247354	0.2	0.200317041482776	0.0311095756478608
342.143000125885	3.2	1.105	1157	40.7792207792208	0.2	0.169217079691589	0.0307829203084111	1.41856775614798E-05	11928.7273348921	0.2	0.200643696822226	0.0307829203084111
342.64199924469	3.2	1.105	1157	40.7792207792208	0.2	0.168890424352139	0.0311095756478608	1.43362099759727E-05	11780.6885247354	0.2	0.200317041482776	0.0311095756478608
343.147999763489	3.2	1.104	1157	40.7792207792208	0.2	0.169217079691589	0.0307829203084111	1.41856775614798E-05	11928.7273348921	0.2	0.200317041482776	0.0307829203084111
343.643999576569	3.2	1.104	1158	41.0389610389611	0.2	0.169217079691589	0.0307829203084111	1.41856775614798E-05	11928.7273348921	0.2	0.200643696822226	0.0307829203084111
344.138999462128	3.3	1.156	1157	40.7792207792208	0.2	0.16856376901269	0.0314362309873104	1.44867423904656E-05	11635.726270913	0.2	0.201623662840575	0.0314362309873104
344.641000270844	3.3	1.153	1157	40.7792207792208	0.2	0.168890424352139	0.0311095756478608	1.43362099759727E-05	11780.6885247354	0.2	0.200970352161676	0.0311095756478608
345.136999130249	3.3	1.15	1157	40.7792207792208	0.2	0.16823711367324	0.0317628863267601	1.46372748049586E-05	11493.7456538185	0.2	0.200643696822226	0.0317628863267601
345.652999401093	3.3	1.148	1157	40.7792207792208	0.2	0.169543735031039	0.0304562649689615	1.40351451469869E-05	12079.9416931885	0.2	0.200970352161676	0.0304562649689615
346.134999752045	3.3	1.146	1158	41.0389610389611	0.2	0.169217079691589	0.0307829203084111	1.41856775614798E-05	11928.7273348921	0.2	0.200643696822226	0.0307829203084111
346.646999835968	3.3	1.145	1158	41.0389610389611	0.2	0.16823711367324	0.0317628863267601	1.46372748049586E-05	11493.7456538185	0.2	0.200317041482776	0.0317628863267601
347.139999866486	3.3	1.143	1158	41.0389610389611	0.2	0.169217079691589	0.0307829203084111	1.41856775614798E-05	11928.7273348921	0.2	0.200970352161676	0.0307829203084111
347.646999359131	3.3	1.142	1158	41.0389610389611	0.2	0.16791045833379	0.0320895416662097	1.47878072194515E-05	11354.6556187807	0.2	0.200970352161676	0.0320895416662097
348.147000312805	3.3	1.141	1158	41.0389610389611	0.2	0.16823711367324	0.0317628863267601	1.46372748049586E-05	11493.7456538185	0.2	0.200970352161676	0.0317628863267601
348.632999897003	3.3	1.14	1158	41.0389610389611	0.2	0.16823711367324	0.0317628863267601	1.46372748049586E-05	11493.7456538185	0.2	0.200643696822226	0.0317628863267601
349.175999641418	3.3	1.139	1158	41.0389610389611	0.2	0.168890424352139	0.0311095756478608	1.43362099759727E-05	11780.6885247354	0.2	0.201297007501125	0.0311095756478608
349.640999794006	3.3	1.139	1158	41.0389610389611	0.2	0.16856376901269	0.0314362309873104	1.44867423904656E-05	11635.726270913	0.2	0.201297007501125	0.0314362309873104
350.137999534607	3.3	1.137	1159	41.2987012987013	0.2	0.16791045833379	0.0320895416662097	1.47878072194515E-05	11354.6556187807	0.2	0.200643696822226	0.0320895416662097
350.638000488281	3.3	1.137	1159	41.2987012987013	0.2	0.16823711367324	0.0317628863267601	1.46372748049586E-05	11493.7456538185	0.2	0.200643696822226	0.0317628863267601
351.143000125885	3.3	1.136	1159	41.2987012987013	0.2	0.16823711367324	0.0317628863267601	1.46372748049586E-05	11493.7456538185	0.2	0.200317041482776	0.0317628863267601
351.652999401093	3.3	1.136	1159	41.2987012987013	0.2	0.16856376901269	0.0314362309873104	1.44867423904656E-05	11635.726270913	0.2	0.200970352161676	0.0314362309873104
352.14599943161	3.3	1.135	1159	41.2987012987013	0.2	0.16823711367324	0.0317628863267601	1.46372748049586E-05	11493.7456538185	0.2	0.200970352161676	0.0317628863267601
352.632999897003	3.3	1.134	1159	41.2987012987013	0.2	0.16791045833379	0.0320895416662097	1.47878072194515E-05	11354.6556187807	0.2	0.200317041482776	0.0320895416662097
353.146999835968	3.3	1.134	1159	41.2987012987013	0.2	0.16856376901269	0.0314362309873104	1.44867423904656E-05	11635.726270913	0.2	0.200317041482776	0.0314362309873104
353.64199924469	3.3	1.133	1159	41.2987012987013	0.2	0.16791045833379	0.0320895416662097	1.47878072194515E-05	11354.6556187807	0.2	0.200970352161676	0.0320895416662097
354.144999504089	3.4	1.133	1159	41.2987012987013	0.2	0.168890424352139	0.0311095756478608	1.43362099759727E-05	11780.6885247354	0.2	0.200643696822226	0.0311095756478608
354.640000343323	3.4	1.183	1159	41.2987012987013	0.2	0.168890424352139	0.0311095756478608	1.43362099759727E-05	11780.6885247354	0.2	0.200970352161676	0.0311095756478608
355.137999534607	3.4	1.181	1159	41.2987012987013	0.2	0.16791045833379	0.0320895416662097	1.47878072194515E-05	11354.6556187807	0.2	0.199663730803877	0.0320895416662097
355.642999172211	3.4	1.178	1159	41.2987012987013	0.2	0.168890424352139	0.0311095756478608	1.43362099759727E-05	11780.6885247354	0.2	0.200643696822226	0.0311095756478608
356.138999938965	3.4	1.177	1159	41.2987012987013	0.2	0.167583802994341	0.0324161970056593	1.49383396339444E-05	11218.3687813296	0.2	0.199990386143327	0.0324161970056593
356.644999504089	3.4	1.174	1159	41.2987012987013	0.2	0.16823711367324	0.0317628863267601	1.46372748049586E-05	11493.7456538185	0.2	0.200970352161676	0.0317628863267601
357.147999763489	3.4	1.174	1160	41.5584415584416	0.2	0.16791045833379	0.0320895416662097	1.47878072194515E-05	11354.6556187807	0.2	0.199663730803877	0.0320895416662097
357.635999202728	3.4	1.172	1160	41.5584415584416	0.2	0.16823711367324	0.0317628863267601	1.46372748049586E-05	11493.7456538185	0.2	0.200317041482776	0.0317628863267601
358.144999504089	3.4	1.171	1160	41.5584415584416	0.2	0.16823711367324	0.0317628863267601	1.46372748049586E-05	11493.7456538185	0.2	0.200317041482776	0.0317628863267601
358.637999534607	3.4	1.17	1160	41.5584415584416	0.2	0.16791045833379	0.0320895416662097	1.47878072194515E-05	11354.6556187807	0.2	0.200317041482776	0.0320895416662097
359.131000041962	3.4	1.169	1159	41.2987012987013	0.2	0.16791045833379	0.0320895416662097	1.47878072194515E-05	11354.6556187807	0.2	0.199990386143327	0.0320895416662097
359.64999961853	3.4	1.168	1160	41.5584415584416	0.2	0.16823711367324	0.0317628863267601	1.46372748049586E-05	11493.7456538185	0.2	0.200643696822226	0.0317628863267601
360.125999450684	3.4	1.167	1160	41.5584415584416	0.2	0.16791045833379	0.0320895416662097	1.47878072194515E-05	11354.6556187807	0.2	0.200317041482776	0.0320895416662097
360.638000011444	3.4	1.166	1160	41.5584415584416	0.2	0.16823711367324	0.0317628863267601	1.46372748049586E-05	11493.7456538185	0.2	0.200970352161676	0.0317628863267601
361.140000343323	3.4	1.166	1160	41.5584415584416	0.2	0.167583802994341	0.0324161970056593	1.49383396339444E-05	11218.3687813296	0.2	0.200643696822226	0.0324161970056593
361.635999679565	3.4	1.165	1160	41.5584415584416	0.2	0.16856376901269	0.0314362309873104	1.44867423904656E-05	11635.726270913	0.2	0.200643696822226	0.0314362309873104
362.14899969101	3.4	1.164	1161	41.8181818181818	0.2	0.16791045833379	0.0320895416662097	1.47878072194515E-05	11354.6556187807	0.2	0.200970352161676	0.0320895416662097
362.638000011444	3.4	1.164	1161	41.8181818181818	0.2	0.167583802994341	0.0324161970056593	1.49383396339444E-05	11218.3687813296	0.2	0.200643696822226	0.0324161970056593
363.143999576569	3.4	1.163	1161	41.8181818181818	0.2	0.16856376901269	0.0314362309873104	1.44867423904656E-05	11635.726270913	0.2	0.199990386143327	0.0314362309873104
363.658999443054	3.4	1.163	1161	41.8181818181818	0.2	0.16823711367324	0.0317628863267601	1.46372748049586E-05	11493.7456538185	0.2	0.200317041482776	0.0317628863267601
364.131999492645	3.4	1.162	1162	42.0779220779221	0.2	0.167257147654891	0.032742852345109	1.50888720484373E-05	11084.8012441204	0.2	0.201297007501125	0.032742852345109
364.634999275208	3.5	1.162	1161	41.8181818181818	0.2	0.16823711367324	0.0317628863267601	1.46372748049586E-05	11493.7456538185	0.2	0.200643696822226	0.0317628863267601
365.144999504089	3.5	1.212	1162	42.0779220779221	0.2	0.16823711367324	0.0317628863267601	1.46372748049586E-05	11493.7456538185	0.2	0.200317041482776	0.0317628863267601
365.630999565125	3.5	1.21	1162	42.0779220779221	0.2	0.167257147654891	0.032742852345109	1.50888720484373E-05	11084.8012441204	0.2	0.200317041482776	0.032742852345109
366.146999835968	3.5	1.206	1162	42.0779220779221	0.2	0.16823711367324	0.0317628863267601	1.46372748049586E-05	11493.7456538185	0.2	0.200643696822226	0.0317628863267601
366.631000041962	3.5	1.205	1162	42.0779220779221	0.2	0.167257147654891	0.032742852345109	1.50888720484373E-05	11084.8012441204	0.2	0.200970352161676	0.032742852345109
367.135999679565	3.5	1.203	1162	42.0779220779221	0.2	0.166930492315441	0.0330695076845586	1.52394044629302E-05	10953.8724247065	0.2	0.200317041482776	0.0330695076845586
367.64199924469	3.5	1.202	1162	42.0779220779221	0.2	0.167257147654891	0.032742852345109	1.50888720484373E-05	11084.8012441204	0.2	0.200643696822226	0.032742852345109
368.130999565125	3.5	1.201	1163	42.3376623376623	0.2	0.167583802994341	0.0324161970056593	1.49383396339444E-05	11218.3687813296	0.2	0.200643696822226	0.0324161970056593
368.642999649048	3.5	1.2	1163	42.3376623376623	0.2	0.167257147654891	0.032742852345109	1.50888720484373E-05	11084.8012441204	0.2	0.201297007501125	0.032742852345109
369.138000011444	3.5	1.198	1163	42.3376623376623	0.2	0.167583802994341	0.0324161970056593	1.49383396339444E-05	11218.3687813296	0.2	0.200643696822226	0.0324161970056593
369.638999462128	3.5	1.198	1162	42.0779220779221	0.2	0.16791045833379	0.0320895416662097	1.47878072194515E-05	11354.6556187807	0.2	0.200970352161676	0.0320895416662097
370.147999763489	3.5	1.196	1163	42.3376623376623	0.2	0.167257147654891	0.032742852345109	1.50888720484373E-05	11084.8012441204	0.2	0.200643696822226	0.032742852345109
370.63799905777	3.5	1.196	1162	42.0779220779221	0.2	0.167257147654891	0.032742852345109	1.50888720484373E-05	11084.8012441204	0.2	0.200643696822226	0.032742852345109
371.145000457764	3.5	1.195	1162	42.0779220779221	0.2	0.166930492315441	0.0330695076845586	1.52394044629302E-05	10953.8724247065	0.2	0.200970352161676	0.0330695076845586
371.637999534607	3.5	1.194	1163	42.3376623376623	0.2	0.167583802994341	0.0324161970056593	1.49383396339444E-05	11218.3687813296	0.2	0.201297007501125	0.0324161970056593
372.134999752045	3.5	1.194	1163	42.3376623376623	0.2	0.166603836975992	0.0333961630240083	1.53899368774232E-05	10825.5048934215	0.2	0.201623662840575	0.0333961630240083
372.64899969101	3.5	1.193	1163	42.3376623376623	0.2	0.167583802994341	0.0324161970056593	1.49383396339444E-05	11218.3687813296	0.2	0.200970352161676	0.0324161970056593
373.140999794006	3.5	1.192	1164	42.5974025974027	0.2	0.167257147654891	0.032742852345109	1.50888720484373E-05	11084.8012441204	0.2	0.199990386143327	0.032742852345109
373.643000125885	3.5	1.192	1164	42.5974025974027	0.2	0.167583802994341	0.0324161970056593	1.49383396339444E-05	11218.3687813296	0.2	0.200970352161676	0.0324161970056593
374.142999172211	3.5	1.191	1164	42.5974025974027	0.2	0.166930492315441	0.0330695076845586	1.52394044629302E-05	10953.8724247065	0.2	0.200970352161676	0.0330695076845586
374.632999420166	3.5	1.191	1164	42.5974025974027	0.2	0.166603836975992	0.0333961630240083	1.53899368774232E-05	10825.5048934215	0.2	0.200643696822226	0.0333961630240083
375.163999557495	3.6	1.19	1164	42.5974025974027	0.2	0.166603836975992	0.0333961630240083	1.53899368774232E-05	10825.5048934215	0.2	0.200970352161676	0.0333961630240083
375.641999721527	3.6	1.24	1165	42.8571428571429	0.2	0.167257147654891	0.032742852345109	1.50888720484373E-05	11084.8012441204	0.2	0.200970352161676	0.032742852345109
376.137999534607	3.6	1.238	1165	42.8571428571429	0.2	0.167257147654891	0.032742852345109	1.50888720484373E-05	11084.8012441204	0.2	0.200970352161676	0.032742852345109
376.625	3.6	1.235	1165	42.8571428571429	0.2	0.166603836975992	0.0333961630240083	1.53899368774232E-05	10825.5048934215	0.2	0.201297007501125	0.0333961630240083
377.14599943161	3.6	1.233	1165	42.8571428571429	0.2	0.166277181636542	0.0337228183634579	1.55404692919161E-05	10699.6242206815	0.2	0.200643696822226	0.0337228183634579
377.636999607086	3.6	1.231	1165	42.8571428571429	0.2	0.167257147654891	0.032742852345109	1.50888720484373E-05	11084.8012441204	0.2	0.200643696822226	0.032742852345109
378.150000095367	3.6	1.23	1165	42.8571428571429	0.2	0.166603836975992	0.0333961630240083	1.53899368774232E-05	10825.5048934215	0.2	0.200643696822226	0.0333961630240083
378.636999607086	3.6	1.229	1165	42.8571428571429	0.2	0.167257147654891	0.032742852345109	1.50888720484373E-05	11084.8012441204	0.2	0.200970352161676	0.032742852345109
379.143999576569	3.6	1.228	1165	42.8571428571429	0.2	0.166930492315441	0.0330695076845586	1.52394044629302E-05	10953.8724247065	0.2	0.200317041482776	0.0330695076845586
379.642999649048	3.6	1.226	1166	43.1168831168832	0.2	0.166603836975992	0.0333961630240083	1.53899368774232E-05	10825.5048934215	0.2	0.200317041482776	0.0333961630240083
380.133999824524	3.6	1.226	1166	43.1168831168832	0.2	0.165950526297092	0.0340494737029076	1.5691001706409E-05	10576.1588330788	0.2	0.200643696822226	0.0340494737029076
380.646999835968	3.6	1.225	1166	43.1168831168832	0.2	0.166930492315441	0.0330695076845586	1.52394044629302E-05	10953.8724247065	0.2	0.200317041482776	0.0330695076845586
381.135999202728	3.6	1.224	1166	43.1168831168832	0.2	0.166277181636542	0.0337228183634579	1.55404692919161E-05	10699.6242206815	0.2	0.200317041482776	0.0337228183634579
381.636000156403	3.6	1.223	1166	43.1168831168832	0.2	0.166603836975992	0.0333961630240083	1.53899368774232E-05	10825.5048934215	0.2	0.200643696822226	0.0333961630240083
382.141999721527	3.6	1.223	1166	43.1168831168832	0.2	0.166603836975992	0.0333961630240083	1.53899368774232E-05	10825.5048934215	0.2	0.201297007501125	0.0333961630240083
382.637999534607	3.6	1.222	1166	43.1168831168832	0.2	0.166277181636542	0.0337228183634579	1.55404692919161E-05	10699.6242206815	0.2	0.200317041482776	0.0337228183634579
383.144999980927	3.6	1.221	1166	43.1168831168832	0.2	0.166277181636542	0.0337228183634579	1.55404692919161E-05	10699.6242206815	0.2	0.200970352161676	0.0337228183634579
383.63799905777	3.6	1.221	1167	43.3766233766234	0.2	0.166277181636542	0.0337228183634579	1.55404692919161E-05	10699.6242206815	0.2	0.200643696822226	0.0337228183634579
384.133999824524	3.6	1.22	1167	43.3766233766234	0.2	0.167583802994341	0.0324161970056593	1.49383396339444E-05	11218.3687813296	0.2	0.200317041482776	0.0324161970056593
384.654999732971	3.6	1.22	1167	43.3766233766234	0.2	0.166603836975992	0.0333961630240083	1.53899368774232E-05	10825.5048934215	0.2	0.200970352161676	0.0333961630240083
385.14199924469	3.6	1.219	1167	43.3766233766234	0.2	0.166277181636542	0.0337228183634579	1.55404692919161E-05	10699.6242206815	0.2	0.200643696822226	0.0337228183634579
385.653999328613	3.7	1.218	1167	43.3766233766234	0.2	0.166277181636542	0.0337228183634579	1.55404692919161E-05	10699.6242206815	0.2	0.199990386143327	0.0337228183634579
386.128999233246	3.7	1.268	1167	43.3766233766234	0.2	0.165297215618193	0.0347027843818069	1.59920665353949E-05	10336.2010939827	0.2	0.200970352161676	0.0347027843818069
386.634999752045	3.7	1.266	1167	43.3766233766234	0.2	0.167257147654891	0.032742852345109	1.50888720484373E-05	11084.8012441204	0.2	0.200970352161676	0.032742852345109
387.14199924469	3.7	1.263	1167	43.3766233766234	0.2	0.166603836975992	0.0333961630240083	1.53899368774232E-05	10825.5048934215	0.2	0.200643696822226	0.0333961630240083
387.651999473572	3.7	1.261	1167	43.3766233766234	0.2	0.166603836975992	0.0333961630240083	1.53899368774232E-05	10825.5048934215	0.2	0.201623662840575	0.0333961630240083
388.138000011444	3.7	1.259	1167	43.3766233766234	0.2	0.166603836975992	0.0333961630240083	1.53899368774232E-05	10825.5048934215	0.2	0.200970352161676	0.0333961630240083
388.640999317169	3.7	1.258	1167	43.3766233766234	0.2	0.166603836975992	0.0333961630240083	1.53899368774232E-05	10825.5048934215	0.2	0.200643696822226	0.0333961630240083
389.141000270844	3.7	1.257	1167	43.3766233766234	0.2	0.166930492315441	0.0330695076845586	1.52394044629302E-05	10953.8724247065	0.2	0.201297007501125	0.0330695076845586
389.655999183655	3.7	1.256	1168	43.6363636363637	0.2	0.166930492315441	0.0330695076845586	1.52394044629302E-05	10953.8724247065	0.2	0.201623662840575	0.0330695076845586
390.138999938965	3.7	1.255	1168	43.6363636363637	0.2	0.166277181636542	0.0337228183634579	1.55404692919161E-05	10699.6242206815	0.2	0.200643696822226	0.0337228183634579
390.635999679565	3.7	1.254	1168	43.6363636363637	0.2	0.166930492315441	0.0330695076845586	1.52394044629302E-05	10953.8724247065	0.2	0.200317041482776	0.0330695076845586
391.136999607086	3.7	1.253	1168	43.6363636363637	0.2	0.165297215618193	0.0347027843818069	1.59920665353949E-05	10336.2010939827	0.2	0.200317041482776	0.0347027843818069
391.639999866486	3.7	1.252	1168	43.6363636363637	0.2	0.166277181636542	0.0337228183634579	1.55404692919161E-05	10699.6242206815	0.2	0.200317041482776	0.0337228183634579
392.126999378204	3.7	1.251	1168	43.6363636363637	0.2	0.165950526297092	0.0340494737029076	1.5691001706409E-05	10576.1588330788	0.2	0.200970352161676	0.0340494737029076
392.633999824524	3.7	1.251	1168	43.6363636363637	0.2	0.166277181636542	0.0337228183634579	1.55404692919161E-05	10699.6242206815	0.2	0.200643696822226	0.0337228183634579
393.143000125885	3.7	1.25	1169	43.8961038961039	0.2	0.165950526297092	0.0340494737029076	1.5691001706409E-05	10576.1588330788	0.2	0.200643696822226	0.0340494737029076
393.642999172211	3.7	1.249	1168	43.6363636363637	0.2	0.166603836975992	0.0333961630240083	1.53899368774232E-05	10825.5048934215	0.2	0.200317041482776	0.0333961630240083
394.127999305725	3.7	1.248	1169	43.8961038961039	0.2	0.166277181636542	0.0337228183634579	1.55404692919161E-05	10699.6242206815	0.2	0.200643696822226	0.0337228183634579
394.636999130249	3.7	1.248	1169	43.8961038961039	0.2	0.166277181636542	0.0337228183634579	1.55404692919161E-05	10699.6242206815	0.2	0.200970352161676	0.0337228183634579
395.140999317169	3.7	1.247	1169	43.8961038961039	0.2	0.166603836975992	0.0333961630240083	1.53899368774232E-05	10825.5048934215	0.2	0.200317041482776	0.0333961630240083
395.639000415802	3.7	1.247	1169	43.8961038961039	0.2	0.165950526297092	0.0340494737029076	1.5691001706409E-05	10576.1588330788	0.2	0.201623662840575	0.0340494737029076
396.166999816895	3.8	1.247	1170	44.1558441558442	0.2	0.165623870957643	0.0343761290423572	1.58415341209019E-05	10455.039877679	0.2	0.200970352161676	0.0343761290423572
396.639999866486	3.8	1.296	1170	44.1558441558442	0.2	0.165623870957643	0.0343761290423572	1.58415341209019E-05	10455.039877679	0.2	0.200970352161676	0.0343761290423572
397.136999607086	3.8	1.294	1170	44.1558441558442	0.2	0.165950526297092	0.0340494737029076	1.5691001706409E-05	10576.1588330788	0.2	0.200643696822226	0.0340494737029076
397.651999950409	3.8	1.291	1170	44.1558441558442	0.2	0.165623870957643	0.0343761290423572	1.58415341209019E-05	10455.039877679	0.2	0.199990386143327	0.0343761290423572
398.140999794006	3.8	1.29	1170	44.1558441558442	0.2	0.165623870957643	0.0343761290423572	1.58415341209019E-05	10455.039877679	0.2	0.200970352161676	0.0343761290423572
398.646999359131	3.8	1.288	1170	44.1558441558442	0.2	0.165950526297092	0.0340494737029076	1.5691001706409E-05	10576.1588330788	0.2	0.200970352161676	0.0340494737029076
399.15299987793	3.8	1.287	1171	44.4155844155844	0.2	0.165623870957643	0.0343761290423572	1.58415341209019E-05	10455.039877679	0.2	0.200643696822226	0.0343761290423572
399.639999389648	3.8	1.285	1170	44.1558441558442	0.2	0.165950526297092	0.0340494737029076	1.5691001706409E-05	10576.1588330788	0.2	0.200970352161676	0.0340494737029076
400.141999721527	3.8	1.284	1170	44.1558441558442	0.2	0.165623870957643	0.0343761290423572	1.58415341209019E-05	10455.039877679	0.2	0.200317041482776	0.0343761290423572
400.647999763489	3.8	1.283	1170	44.1558441558442	0.2	0.166277181636542	0.0337228183634579	1.55404692919161E-05	10699.6242206815	0.2	0.200970352161676	0.0337228183634579
401.143999576569	3.8	1.282	1171	44.4155844155844	0.2	0.166277181636542	0.0337228183634579	1.55404692919161E-05	10699.6242206815	0.2	0.200643696822226	0.0337228183634579
401.636999607086	3.8	1.281	1171	44.4155844155844	0.2	0.165623870957643	0.0343761290423572	1.58415341209019E-05	10455.039877679	0.2	0.200643696822226	0.0343761290423572
402.138999938965	3.8	1.28	1170	44.1558441558442	0.2	0.165297215618193	0.0347027843818069	1.59920665353949E-05	10336.2010939827	0.2	0.201950318180025	0.0347027843818069
402.646999835968	3.8	1.279	1171	44.4155844155844	0.2	0.165297215618193	0.0347027843818069	1.59920665353949E-05	10336.2010939827	0.2	0.200970352161676	0.0347027843818069
403.150999069214	3.8	1.279	1171	44.4155844155844	0.2	0.165623870957643	0.0343761290423572	1.58415341209019E-05	10455.039877679	0.2	0.200317041482776	0.0343761290423572
403.642999172211	3.8	1.278	1171	44.4155844155844	0.2	0.165950526297092	0.0340494737029076	1.5691001706409E-05	10576.1588330788	0.2	0.200317041482776	0.0340494737029076
404.145999908447	3.8	1.277	1171	44.4155844155844	0.2	0.165297215618193	0.0347027843818069	1.59920665353949E-05	10336.2010939827	0.2	0.200643696822226	0.0347027843818069
404.638999938965	3.8	1.277	1171	44.4155844155844	0.2	0.164970560278744	0.0350294397212565	1.61425989498878E-05	10219.5786930512	0.2	0.200643696822226	0.0350294397212565
405.142999649048	3.8	1.276	1171	44.4155844155844	0.2	0.165297215618193	0.0347027843818069	1.59920665353949E-05	10336.2010939827	0.2	0.200970352161676	0.0347027843818069
405.648999214172	3.8	1.275	1172	44.6753246753247	0.2	0.165297215618193	0.0347027843818069	1.59920665353949E-05	10336.2010939827	0.2	0.200317041482776	0.0347027843818069
406.163000106812	3.8	1.275	1172	44.6753246753247	0.2	0.164970560278744	0.0350294397212565	1.61425989498878E-05	10219.5786930512	0.2	0.200317041482776	0.0350294397212565
406.641999721527	3.9	1.275	1172	44.6753246753247	0.2	0.165297215618193	0.0347027843818069	1.59920665353949E-05	10336.2010939827	0.2	0.200643696822226	0.0347027843818069
407.14599943161	3.9	1.324	1172	44.6753246753247	0.2	0.165623870957643	0.0343761290423572	1.58415341209019E-05	10455.039877679	0.2	0.199337075464427	0.0343761290423572
407.635999679565	3.9	1.322	1172	44.6753246753247	0.2	0.165950526297092	0.0340494737029076	1.5691001706409E-05	10576.1588330788	0.2	0.200643696822226	0.0340494737029076
408.155999660492	3.9	1.318	1172	44.6753246753247	0.2	0.165297215618193	0.0347027843818069	1.59920665353949E-05	10336.2010939827	0.2	0.200317041482776	0.0347027843818069
408.631999492645	3.9	1.317	1172	44.6753246753247	0.2	0.165623870957643	0.0343761290423572	1.58415341209019E-05	10455.039877679	0.2	0.200970352161676	0.0343761290423572
409.138999938965	3.9	1.315	1173	44.9350649350649	0.2	0.165297215618193	0.0347027843818069	1.59920665353949E-05	10336.2010939827	0.2	0.199990386143327	0.0347027843818069
409.654999732971	3.9	1.314	1172	44.6753246753247	0.2	0.165623870957643	0.0343761290423572	1.58415341209019E-05	10455.039877679	0.2	0.200317041482776	0.0343761290423572
410.139000415802	3.9	1.312	1173	44.9350649350649	0.2	0.165297215618193	0.0347027843818069	1.59920665353949E-05	10336.2010939827	0.2	0.201950318180025	0.0347027843818069
410.637000083923	3.9	1.312	1172	44.6753246753247	0.2	0.164970560278744	0.0350294397212565	1.61425989498878E-05	10219.5786930512	0.2	0.200970352161676	0.0350294397212565
411.138000011444	3.9	1.31	1173	44.9350649350649	0.2	0.164643904939294	0.0353560950607061	1.62931313643807E-05	10105.1112433323	0.2	0.200317041482776	0.0353560950607061
411.636999607086	3.9	1.31	1173	44.9350649350649	0.2	0.165297215618193	0.0347027843818069	1.59920665353949E-05	10336.2010939827	0.2	0.199663730803877	0.0347027843818069
412.138999462128	3.9	1.309	1173	44.9350649350649	0.2	0.165297215618193	0.0347027843818069	1.59920665353949E-05	10336.2010939827	0.2	0.200317041482776	0.0347027843818069
412.64899969101	3.9	1.308	1173	44.9350649350649	0.2	0.164643904939294	0.0353560950607061	1.62931313643807E-05	10105.1112433323	0.2	0.200970352161676	0.0353560950607061
413.135999202728	3.9	1.307	1173	44.9350649350649	0.2	0.164643904939294	0.0353560950607061	1.62931313643807E-05	10105.1112433323	0.2	0.200970352161676	0.0353560950607061
413.641999721527	3.9	1.306	1173	44.9350649350649	0.2	0.164643904939294	0.0353560950607061	1.62931313643807E-05	10105.1112433323	0.2	0.200970352161676	0.0353560950607061
414.130000114441	3.9	1.306	1173	44.9350649350649	0.2	0.164317249599844	0.0356827504001558	1.64436637788736E-05	9992.73956275818	0.2	0.200970352161676	0.0356827504001558
414.640999317169	3.9	1.305	1174	45.1948051948053	0.2	0.164643904939294	0.0353560950607061	1.62931313643807E-05	10105.1112433323	0.2	0.200970352161676	0.0353560950607061
415.138999938965	3.9	1.304	1173	44.9350649350649	0.2	0.164970560278744	0.0350294397212565	1.61425989498878E-05	10219.5786930512	0.2	0.200317041482776	0.0350294397212565
415.636000156403	3.9	1.304	1173	44.9350649350649	0.2	0.164643904939294	0.0353560950607061	1.62931313643807E-05	10105.1112433323	0.2	0.200317041482776	0.0353560950607061
416.137999534607	3.9	1.303	1173	44.9350649350649	0.2	0.164970560278744	0.0350294397212565	1.61425989498878E-05	10219.5786930512	0.2	0.200317041482776	0.0350294397212565
416.660999298096	3.9	1.302	1173	44.9350649350649	0.2	0.164643904939294	0.0353560950607061	1.62931313643807E-05	10105.1112433323	0.2	0.200970352161676	0.0353560950607061
417.134999275208	4	1.302	1173	44.9350649350649	0.2	0.164970560278744	0.0350294397212565	1.61425989498878E-05	10219.5786930512	0.2	0.200643696822226	0.0350294397212565
417.644999504089	4	1.351	1174	45.1948051948053	0.2	0.164970560278744	0.0350294397212565	1.61425989498878E-05	10219.5786930512	0.2	0.199990386143327	0.0350294397212565
418.143999576569	4	1.349	1174	45.1948051948053	0.2	0.164643904939294	0.0353560950607061	1.62931313643807E-05	10105.1112433323	0.2	0.200317041482776	0.0353560950607061
418.651000022888	4	1.346	1174	45.1948051948053	0.2	0.164317249599844	0.0356827504001558	1.64436637788736E-05	9992.73956275818	0.2	0.201623662840575	0.0356827504001558
419.152999401093	4	1.344	1174	45.1948051948053	0.2	0.164643904939294	0.0353560950607061	1.62931313643807E-05	10105.1112433323	0.2	0.200970352161676	0.0353560950607061
419.639999866486	4	1.342	1174	45.1948051948053	0.2	0.164643904939294	0.0353560950607061	1.62931313643807E-05	10105.1112433323	0.2	0.201297007501125	0.0353560950607061
420.15399980545	4	1.341	1174	45.1948051948053	0.2	0.164970560278744	0.0350294397212565	1.61425989498878E-05	10219.5786930512	0.2	0.200970352161676	0.0350294397212565
420.65399980545	4	1.34	1174	45.1948051948053	0.2	0.165297215618193	0.0347027843818069	1.59920665353949E-05	10336.2010939827	0.2	0.200317041482776	0.0347027843818069
421.129999637604	4	1.339	1174	45.1948051948053	0.2	0.164643904939294	0.0353560950607061	1.62931313643807E-05	10105.1112433323	0.2	0.200643696822226	0.0353560950607061
421.636000156403	4	1.337	1175	45.4545454545455	0.2	0.164317249599844	0.0356827504001558	1.64436637788736E-05	9992.73956275818	0.2	0.201297007501125	0.0356827504001558
422.137000083923	4	1.337	1175	45.4545454545455	0.2	0.163337283581495	0.0366627164185047	1.68952610223524E-05	9667.63895304135	0.2	0.199990386143327	0.0366627164185047
422.636999607086	4	1.336	1175	45.4545454545455	0.2	0.164970560278744	0.0350294397212565	1.61425989498878E-05	10219.5786930512	0.2	0.200317041482776	0.0350294397212565
423.146999835968	4	1.335	1174	45.1948051948053	0.2	0.164643904939294	0.0353560950607061	1.62931313643807E-05	10105.1112433323	0.2	0.200643696822226	0.0353560950607061
423.644999980927	4	1.334	1175	45.4545454545455	0.2	0.163990594260395	0.0360094057396054	1.65941961933666E-05	9882.40661671512	0.2	0.200643696822226	0.0360094057396054
424.138999938965	4	1.334	1175	45.4545454545455	0.2	0.164643904939294	0.0353560950607061	1.62931313643807E-05	10105.1112433323	0.2	0.200317041482776	0.0353560950607061
424.651998996735	4	1.333	1175	45.4545454545455	0.2	0.164643904939294	0.0353560950607061	1.62931313643807E-05	10105.1112433323	0.2	0.200643696822226	0.0353560950607061
425.137999534607	4	1.332	1175	45.4545454545455	0.2	0.164317249599844	0.0356827504001558	1.64436637788736E-05	9992.73956275818	0.2	0.199990386143327	0.0356827504001558
425.645998954773	4	1.331	1175	45.4545454545455	0.2	0.163990594260395	0.0360094057396054	1.65941961933666E-05	9882.40661671512	0.2	0.201297007501125	0.0360094057396054
426.135000228882	4	1.331	1175	45.4545454545455	0.2	0.164317249599844	0.0356827504001558	1.64436637788736E-05	9992.73956275818	0.2	0.200643696822226	0.0356827504001558
426.638999462128	4	1.33	1176	45.7142857142858	0.2	0.163010628242046	0.0369893717579544	1.70457934368453E-05	9563.10006019961	0.2	0.199990386143327	0.0369893717579544
427.144999980927	4.1	1.33	1176	45.7142857142858	0.2	0.164317249599844	0.0356827504001558	1.64436637788736E-05	9992.73956275818	0.2	0.200643696822226	0.0356827504001558
427.644999980927	4.1	1.379	1176	45.7142857142858	0.2	0.163663938920945	0.0363360610790551	1.67447286078595E-05	9774.05742151748	0.2	0.200970352161676	0.0363360610790551
428.13799905777	4.1	1.376	1176	45.7142857142858	0.2	0.164643904939294	0.0353560950607061	1.62931313643807E-05	10105.1112433323	0.2	0.200970352161676	0.0353560950607061
428.638999938965	4.1	1.375	1176	45.7142857142858	0.2	0.163990594260395	0.0360094057396054	1.65941961933666E-05	9882.40661671512	0.2	0.200317041482776	0.0360094057396054
429.135999679565	4.1	1.372	1176	45.7142857142858	0.2	0.164643904939294	0.0353560950607061	1.62931313643807E-05	10105.1112433323	0.2	0.200643696822226	0.0353560950607061
429.644999980927	4.1	1.371	1176	45.7142857142858	0.2	0.163990594260395	0.0360094057396054	1.65941961933666E-05	9882.40661671512	0.2	0.200317041482776	0.0360094057396054
430.143999576569	4.1	1.369	1176	45.7142857142858	0.2	0.163990594260395	0.0360094057396054	1.65941961933666E-05	9882.40661671512	0.2	0.200643696822226	0.0360094057396054
430.631999015808	4.1	1.368	1176	45.7142857142858	0.2	0.163663938920945	0.0363360610790551	1.67447286078595E-05	9774.05742151748	0.2	0.200317041482776	0.0363360610790551
431.131000041962	4.1	1.366	1177	45.974025974026	0.2	0.163990594260395	0.0360094057396054	1.65941961933666E-05	9882.40661671512	0.2	0.200970352161676	0.0360094057396054
431.640000343323	4.1	1.366	1177	45.974025974026	0.2	0.163990594260395	0.0360094057396054	1.65941961933666E-05	9882.40661671512	0.2	0.201623662840575	0.0360094057396054
432.144999980927	4.1	1.364	1177	45.974025974026	0.2	0.164317249599844	0.0356827504001558	1.64436637788736E-05	9992.73956275818	0.2	0.199990386143327	0.0356827504001558
432.657999992371	4.1	1.364	1177	45.974025974026	0.2	0.164317249599844	0.0356827504001558	1.64436637788736E-05	9992.73956275818	0.2	0.201297007501125	0.0356827504001558
433.137999534607	4.1	1.363	1177	45.974025974026	0.2	0.163663938920945	0.0363360610790551	1.67447286078595E-05	9774.05742151748	0.2	0.201623662840575	0.0363360610790551
433.637999534607	4.1	1.362	1177	45.974025974026	0.2	0.163663938920945	0.0363360610790551	1.67447286078595E-05	9774.05742151748	0.2	0.199663730803877	0.0363360610790551
434.141999721527	4.1	1.361	1177	45.974025974026	0.2	0.163663938920945	0.0363360610790551	1.67447286078595E-05	9774.05742151748	0.2	0.200643696822226	0.0363360610790551
434.636000156403	4.1	1.36	1177	45.974025974026	0.2	0.163663938920945	0.0363360610790551	1.67447286078595E-05	9774.05742151748	0.2	0.201297007501125	0.0363360610790551
435.138999462128	4.1	1.36	1177	45.974025974026	0.2	0.163663938920945	0.0363360610790551	1.67447286078595E-05	9774.05742151748	0.2	0.200643696822226	0.0363360610790551
435.637999534607	4.1	1.359	1177	45.974025974026	0.2	0.163337283581495	0.0366627164185047	1.68952610223524E-05	9667.63895304135	0.2	0.200317041482776	0.0366627164185047
436.138999938965	4.1	1.358	1178	46.2337662337663	0.2	0.163337283581495	0.0366627164185047	1.68952610223524E-05	9667.63895304135	0.2	0.200970352161676	0.0366627164185047
436.656000137329	4.1	1.358	1178	46.2337662337663	0.2	0.163337283581495	0.0366627164185047	1.68952610223524E-05	9667.63895304135	0.2	0.200643696822226	0.0366627164185047
437.135999202728	4.1	1.357	1177	45.974025974026	0.2	0.163663938920945	0.0363360610790551	1.67447286078595E-05	9774.05742151748	0.2	0.199990386143327	0.0363360610790551
437.65299987793	4.2	1.357	1178	46.2337662337663	0.2	0.163010628242046	0.0369893717579544	1.70457934368453E-05	9563.10006019961	0.2	0.200317041482776	0.0369893717579544
438.138999462128	4.2	1.405	1178	46.2337662337663	0.2	0.163337283581495	0.0366627164185047	1.68952610223524E-05	9667.63895304135	0.2	0.199990386143327	0.0366627164185047
438.637000083923	4.2	1.403	1178	46.2337662337663	0.2	0.163990594260395	0.0360094057396054	1.65941961933666E-05	9882.40661671512	0.2	0.199663730803877	0.0360094057396054
439.15700006485	4.2	1.4	1178	46.2337662337663	0.2	0.163010628242046	0.0369893717579544	1.70457934368453E-05	9563.10006019961	0.2	0.200317041482776	0.0369893717579544
439.638999462128	4.2	1.399	1178	46.2337662337663	0.2	0.164317249599844	0.0356827504001558	1.64436637788736E-05	9992.73956275818	0.2	0.200643696822226	0.0356827504001558
440.154999732971	4.2	1.396	1178	46.2337662337663	0.2	0.163337283581495	0.0366627164185047	1.68952610223524E-05	9667.63895304135	0.2	0.200643696822226	0.0366627164185047
440.63200044632	4.2	1.396	1178	46.2337662337663	0.2	0.163337283581495	0.0366627164185047	1.68952610223524E-05	9667.63895304135	0.2	0.200970352161676	0.0366627164185047
441.131999015808	4.2	1.394	1178	46.2337662337663	0.2	0.154190934076905	0.0458090659230947	2.11101686281543E-05	7304.10717189931	0.2	0.199990386143327	0.0458090659230947
441.640999317169	4.2	1.393	1179	46.4935064935065	0.2	0.155170900095254	0.0448290999047458	2.06585713846755E-05	7511.21155504295	0.2	0.201297007501125	0.0448290999047458
442.143999099731	4.2	1.392	1178	46.2337662337663	0.2	0.154844244755805	0.0451557552441955	2.08091037991684E-05	7441.17796951892	0.2	0.199990386143327	0.0451557552441955
442.626999855042	4.2	1.391	1178	46.2337662337663	0.2	0.154844244755805	0.0451557552441955	2.08091037991684E-05	7441.17796951892	0.2	0.200317041482776	0.0451557552441955
443.155000209808	4.2	1.391	1179	46.4935064935065	0.2	0.155497555434704	0.0445024445652962	2.05080389701826E-05	7582.27325688174	0.2	0.200643696822226	0.0445024445652962
443.633999824524	4.2	1.389	1179	46.4935064935065	0.2	0.155170900095254	0.0448290999047458	2.06585713846755E-05	7511.21155504295	0.2	0.199990386143327	0.0448290999047458
444.151000022888	4.2	1.389	1179	46.4935064935065	0.2	0.155497555434704	0.0445024445652962	2.05080389701826E-05	7582.27325688174	0.2	0.200643696822226	0.0445024445652962
444.664999961853	4.2	1.388	1179	46.4935064935065	0.2	0.155497555434704	0.0445024445652962	2.05080389701826E-05	7582.27325688174	0.2	0.201297007501125	0.0445024445652962
445.138999938965	4.2	1.387	1179	46.4935064935065	0.2	0.155497555434704	0.0445024445652962	2.05080389701826E-05	7582.27325688174	0.2	0.201297007501125	0.0445024445652962
445.648000240326	4.2	1.387	1180	46.7532467532468	0.2	0.155824210774153	0.0441757892258465	2.03575065556896E-05	7654.38588207664	0.2	0.200317041482776	0.0441757892258465
446.136999607086	4.2	1.386	1180	46.7532467532468	0.2	0.155824210774153	0.0441757892258465	2.03575065556896E-05	7654.38588207664	0.2	0.201297007501125	0.0441757892258465
446.644999980927	4.2	1.385	1180	46.7532467532468	0.2	0.155824210774153	0.0441757892258465	2.03575065556896E-05	7654.38588207664	0.2	0.200643696822226	0.0441757892258465
447.157999992371	4.2	1.385	1180	46.7532467532468	0.2	0.155170900095254	0.0448290999047458	2.06585713846755E-05	7511.21155504295	0.2	0.200970352161676	0.0448290999047458
447.630999088287	4.2	1.384	1180	46.7532467532468	0.2	0.156150866113603	0.0438491338863969	2.02069741411967E-05	7727.57291727575	0.2	0.200970352161676	0.0438491338863969
448.144999980927	4.3	1.383	1180	46.7532467532468	0.2	0.155497555434704	0.0445024445652962	2.05080389701826E-05	7582.27325688174	0.2	0.201297007501125	0.0445024445652962
448.632999420166	4.3	1.432	1181	47.012987012987	0.2	0.155170900095254	0.0448290999047458	2.06585713846755E-05	7511.21155504295	0.2	0.200970352161676	0.0448290999047458
449.158999919891	4.3	1.43	1181	47.012987012987	0.2	0.155824210774153	0.0441757892258465	2.03575065556896E-05	7654.38588207664	0.2	0.200317041482776	0.0441757892258465
449.663999557495	4.3	1.426	1181	47.012987012987	0.2	0.156150866113603	0.0438491338863969	2.02069741411967E-05	7727.57291727575	0.2	0.200643696822226	0.0438491338863969
450.131000041962	4.3	1.425	1181	47.012987012987	0.2	0.155824210774153	0.0441757892258465	2.03575065556896E-05	7654.38588207664	0.2	0.200643696822226	0.0441757892258465
450.64999961853	4.3	1.423	1182	47.2727272727273	0.2	0.156150866113603	0.0438491338863969	2.02069741411967E-05	7727.57291727575	0.2	0.200317041482776	0.0438491338863969
451.132999420166	4.3	1.422	1182	47.2727272727273	0.2	0.156150866113603	0.0438491338863969	2.02069741411967E-05	7727.57291727575	0.2	0.200970352161676	0.0438491338863969
451.657999992371	4.3	1.42	1182	47.2727272727273	0.2	0.154844244755805	0.0451557552441955	2.08091037991684E-05	7441.17796951892	0.2	0.200317041482776	0.0451557552441955
452.15299987793	4.3	1.42	1183	47.5324675324675	0.2	0.154844244755805	0.0451557552441955	2.08091037991684E-05	7441.17796951892	0.2	0.200643696822226	0.0451557552441955
452.636999607086	4.3	1.418	1182	47.2727272727273	0.2	0.156150866113603	0.0438491338863969	2.02069741411967E-05	7727.57291727575	0.2	0.200970352161676	0.0438491338863969
453.151999473572	4.3	1.418	1183	47.5324675324675	0.2	0.155497555434704	0.0445024445652962	2.05080389701826E-05	7582.27325688174	0.2	0.200317041482776	0.0445024445652962
453.652999401093	4.3	1.416	1183	47.5324675324675	0.2	0.156150866113603	0.0438491338863969	2.02069741411967E-05	7727.57291727575	0.2	0.200970352161676	0.0438491338863969
454.142999649048	4.3	1.416	1183	47.5324675324675	0.2	0.156477521453053	0.0435224785469472	2.00564417267038E-05	7801.85855423764	0.2	0.199990386143327	0.0435224785469472
454.636999607086	4.3	1.415	1183	47.5324675324675	0.2	0.155497555434704	0.0445024445652962	2.05080389701826E-05	7582.27325688174	0.2	0.200643696822226	0.0445024445652962
455.140999317169	4.3	1.414	1183	47.5324675324675	0.2	0.155170900095254	0.0448290999047458	2.06585713846755E-05	7511.21155504295	0.2	0.200643696822226	0.0448290999047458
455.640999794006	4.3	1.413	1183	47.5324675324675	0.2	0.155824210774153	0.0441757892258465	2.03575065556896E-05	7654.38588207664	0.2	0.200643696822226	0.0441757892258465
456.140999794006	4.3	1.413	1183	47.5324675324675	0.2	0.155497555434704	0.0445024445652962	2.05080389701826E-05	7582.27325688174	0.2	0.200643696822226	0.0445024445652962
456.648999214172	4.3	1.412	1184	47.7922077922078	0.2	0.154844244755805	0.0451557552441955	2.08091037991684E-05	7441.17796951892	0.2	0.200970352161676	0.0451557552441955
457.131999492645	4.3	1.411	1184	47.7922077922078	0.2	0.155497555434704	0.0445024445652962	2.05080389701826E-05	7582.27325688174	0.2	0.199990386143327	0.0445024445652962
457.665999889374	4.3	1.411	1184	47.7922077922078	0.2	0.155497555434704	0.0445024445652962	2.05080389701826E-05	7582.27325688174	0.2	0.200643696822226	0.0445024445652962
458.137000083923	4.3	1.41	1184	47.7922077922078	0.2	0.155497555434704	0.0445024445652962	2.05080389701826E-05	7582.27325688174	0.2	0.200970352161676	0.0445024445652962
458.644999504089	4.4	1.409	1184	47.7922077922078	0.2	0.155497555434704	0.0445024445652962	2.05080389701826E-05	7582.27325688174	0.2	0.200643696822226	0.0445024445652962
459.142000198364	4.4	1.458	1185	48.0519480519481	0.2	0.154844244755805	0.0451557552441955	2.08091037991684E-05	7441.17796951892	0.2	0.200317041482776	0.0451557552441955
459.633999347687	4.4	1.456	1185	48.0519480519481	0.2	0.154517589416355	0.0454824105836451	2.09596362136613E-05	7372.15034847034	0.2	0.199990386143327	0.0454824105836451
460.139999866486	4.4	1.452	1185	48.0519480519481	0.2	0.154844244755805	0.0451557552441955	2.08091037991684E-05	7441.17796951892	0.2	0.200317041482776	0.0451557552441955
460.642000198364	4.4	1.451	1185	48.0519480519481	0.2	0.164643904939294	0.0353560950607061	1.62931313643807E-05	10105.1112433323	0.2	0.200317041482776	0.0353560950607061
461.151999950409	4.4	1.449	1185	48.0519480519481	0.2	0.164317249599844	0.0356827504001558	1.64436637788736E-05	9992.73956275818	0.2	0.201297007501125	0.0356827504001558
461.637999534607	4.4	1.448	1185	48.0519480519481	0.2	0.164643904939294	0.0353560950607061	1.62931313643807E-05	10105.1112433323	0.2	0.200643696822226	0.0353560950607061
462.144999504089	4.4	1.446	1185	48.0519480519481	0.2	0.163663938920945	0.0363360610790551	1.67447286078595E-05	9774.05742151748	0.2	0.199990386143327	0.0363360610790551
462.641999721527	4.4	1.445	1185	48.0519480519481	0.2	0.163990594260395	0.0360094057396054	1.65941961933666E-05	9882.40661671512	0.2	0.199990386143327	0.0360094057396054
463.138999462128	4.4	1.444	1184	47.7922077922078	0.2	0.164643904939294	0.0353560950607061	1.62931313643807E-05	10105.1112433323	0.2	0.200317041482776	0.0353560950607061
463.639999389648	4.4	1.443	1185	48.0519480519481	0.2	0.163663938920945	0.0363360610790551	1.67447286078595E-05	9774.05742151748	0.2	0.201297007501125	0.0363360610790551
464.135999202728	4.4	1.442	1185	48.0519480519481	0.2	0.163010628242046	0.0369893717579544	1.70457934368453E-05	9563.10006019961	0.2	0.199663730803877	0.0369893717579544
464.636999607086	4.4	1.441	1185	48.0519480519481	0.2	0.164317249599844	0.0356827504001558	1.64436637788736E-05	9992.73956275818	0.2	0.199990386143327	0.0356827504001558
465.147000312805	4.4	1.44	1185	48.0519480519481	0.2	0.163337283581495	0.0366627164185047	1.68952610223524E-05	9667.63895304135	0.2	0.200643696822226	0.0366627164185047
465.642999172211	4.4	1.44	1185	48.0519480519481	0.2	0.163337283581495	0.0366627164185047	1.68952610223524E-05	9667.63895304135	0.2	0.201297007501125	0.0366627164185047
466.135000228882	4.4	1.439	1185	48.0519480519481	0.2	0.164317249599844	0.0356827504001558	1.64436637788736E-05	9992.73956275818	0.2	0.199663730803877	0.0356827504001558
466.640999794006	4.4	1.438	1185	48.0519480519481	0.2	0.164317249599844	0.0356827504001558	1.64436637788736E-05	9992.73956275818	0.2	0.199990386143327	0.0356827504001558
467.150999069214	4.4	1.437	1185	48.0519480519481	0.2	0.163337283581495	0.0366627164185047	1.68952610223524E-05	9667.63895304135	0.2	0.200643696822226	0.0366627164185047
467.640000343323	4.4	1.437	1186	48.3116883116884	0.2	0.163337283581495	0.0366627164185047	1.68952610223524E-05	9667.63895304135	0.2	0.199663730803877	0.0366627164185047
468.14899969101	4.4	1.436	1185	48.0519480519481	0.2	0.162683972902596	0.037316027097404	1.71963258513383E-05	9460.39138296136	0.2	0.200643696822226	0.037316027097404
468.637000083923	4.4	1.436	1186	48.3116883116884	0.2	0.163663938920945	0.0363360610790551	1.67447286078595E-05	9774.05742151748	0.2	0.200317041482776	0.0363360610790551
469.158999919891	4.5	1.435	1186	48.3116883116884	0.2	0.163337283581495	0.0366627164185047	1.68952610223524E-05	9667.63895304135	0.2	0.200317041482776	0.0366627164185047
469.634999752045	4.5	1.484	1186	48.3116883116884	0.2	0.163990594260395	0.0360094057396054	1.65941961933666E-05	9882.40661671512	0.2	0.200643696822226	0.0360094057396054
470.145998954773	4.5	1.481	1187	48.5714285714286	0.2	0.164317249599844	0.0356827504001558	1.64436637788736E-05	9992.73956275818	0.2	0.200317041482776	0.0356827504001558
470.640999794006	4.5	1.478	1187	48.5714285714286	0.2	0.163663938920945	0.0363360610790551	1.67447286078595E-05	9774.05742151748	0.2	0.200317041482776	0.0363360610790551
471.142999649048	4.5	1.477	1187	48.5714285714286	0.2	0.163010628242046	0.0369893717579544	1.70457934368453E-05	9563.10006019961	0.2	0.200643696822226	0.0369893717579544
471.65399980545	4.5	1.475	1188	48.8311688311689	0.2	0.163337283581495	0.0366627164185047	1.68952610223524E-05	9667.63895304135	0.2	0.201297007501125	0.0366627164185047
472.130999565125	4.5	1.474	1188	48.8311688311689	0.2	0.163337283581495	0.0366627164185047	1.68952610223524E-05	9667.63895304135	0.2	0.200643696822226	0.0366627164185047
472.646999835968	4.5	1.472	1188	48.8311688311689	0.2	0.163337283581495	0.0366627164185047	1.68952610223524E-05	9667.63895304135	0.2	0.201297007501125	0.0366627164185047
473.133999824524	4.5	1.471	1188	48.8311688311689	0.2	0.163010628242046	0.0369893717579544	1.70457934368453E-05	9563.10006019961	0.2	0.200643696822226	0.0369893717579544
473.642999172211	4.5	1.469	1188	48.8311688311689	0.2	0.163337283581495	0.0366627164185047	1.68952610223524E-05	9667.63895304135	0.2	0.200643696822226	0.0366627164185047
474.155999660492	4.5	1.469	1188	48.8311688311689	0.2	0.163337283581495	0.0366627164185047	1.68952610223524E-05	9667.63895304135	0.2	0.200970352161676	0.0366627164185047
474.638998985291	4.5	1.468	1188	48.8311688311689	0.2	0.163990594260395	0.0360094057396054	1.65941961933666E-05	9882.40661671512	0.2	0.200970352161676	0.0360094057396054
475.131999015808	4.5	1.467	1188	48.8311688311689	0.2	0.163010628242046	0.0369893717579544	1.70457934368453E-05	9563.10006019961	0.2	0.199990386143327	0.0369893717579544
475.636999607086	4.5	1.466	1189	49.0909090909091	0.2	0.163010628242046	0.0369893717579544	1.70457934368453E-05	9563.10006019961	0.2	0.200643696822226	0.0369893717579544
476.14999961853	4.5	1.466	1189	49.0909090909091	0.2	0.163990594260395	0.0360094057396054	1.65941961933666E-05	9882.40661671512	0.2	0.199990386143327	0.0360094057396054
476.645999908447	4.5	1.464	1189	49.0909090909091	0.2	0.163010628242046	0.0369893717579544	1.70457934368453E-05	9563.10006019961	0.2	0.200970352161676	0.0369893717579544
477.129999160767	4.5	1.464	1189	49.0909090909091	0.2	0.162683972902596	0.037316027097404	1.71963258513383E-05	9460.39138296136	0.2	0.200317041482776	0.037316027097404
477.629999160767	4.5	1.463	1189	49.0909090909091	0.2	0.163337283581495	0.0366627164185047	1.68952610223524E-05	9667.63895304135	0.2	0.200970352161676	0.0366627164185047
478.136999607086	4.5	1.463	1189	49.0909090909091	0.2	0.163663938920945	0.0363360610790551	1.67447286078595E-05	9774.05742151748	0.2	0.201950318180025	0.0363360610790551
478.64899969101	4.5	1.462	1189	49.0909090909091	0.2	0.163663938920945	0.0363360610790551	1.67447286078595E-05	9774.05742151748	0.2	0.201950318180025	0.0363360610790551
479.144999504089	4.5	1.461	1189	49.0909090909091	0.2	0.163990594260395	0.0360094057396054	1.65941961933666E-05	9882.40661671512	0.2	0.201297007501125	0.0360094057396054
479.642999649048	4.6	1.461	1189	49.0909090909091	0.2	0.163010628242046	0.0369893717579544	1.70457934368453E-05	9563.10006019961	0.2	0.200970352161676	0.0369893717579544
480.146999359131	4.6	1.509	1189	49.0909090909091	0.2	0.163337283581495	0.0366627164185047	1.68952610223524E-05	9667.63895304135	0.2	0.200317041482776	0.0366627164185047
480.64199924469	4.6	1.506	1189	49.0909090909091	0.2	0.163010628242046	0.0369893717579544	1.70457934368453E-05	9563.10006019961	0.2	0.200317041482776	0.0369893717579544
481.134000301361	4.6	1.503	1189	49.0909090909091	0.2	0.162683972902596	0.037316027097404	1.71963258513383E-05	9460.39138296136	0.2	0.200643696822226	0.037316027097404
481.638999938965	4.6	1.502	1188	48.8311688311689	0.2	0.163010628242046	0.0369893717579544	1.70457934368453E-05	9563.10006019961	0.2	0.200643696822226	0.0369893717579544
482.139999389648	4.6	1.5	1188	48.8311688311689	0.2	0.163010628242046	0.0369893717579544	1.70457934368453E-05	9563.10006019961	0.2	0.200643696822226	0.0369893717579544
482.636999607086	4.6	1.499	1189	49.0909090909091	0.2	0.162357317563146	0.0376426824368536	1.73468582658312E-05	9359.46527463986	0.2	0.201623662840575	0.0376426824368536
483.160999774933	4.6	1.497	1189	49.0909090909091	0.2	0.161704006884247	0.0382959931157529	1.7647923094817E-05	9162.77830628906	0.2	0.200643696822226	0.0382959931157529
483.638000011444	4.6	1.496	1189	49.0909090909091	0.2	0.162683972902596	0.037316027097404	1.71963258513383E-05	9460.39138296136	0.2	0.201297007501125	0.037316027097404
484.151000022888	4.6	1.495	1189	49.0909090909091	0.2	0.163010628242046	0.0369893717579544	1.70457934368453E-05	9563.10006019961	0.2	0.200317041482776	0.0369893717579544
484.64899969101	4.6	1.494	1189	49.0909090909091	0.2	0.163337283581495	0.0366627164185047	1.68952610223524E-05	9667.63895304135	0.2	0.200643696822226	0.0366627164185047
485.130999565125	4.6	1.493	1189	49.0909090909091	0.2	0.163010628242046	0.0369893717579544	1.70457934368453E-05	9563.10006019961	0.2	0.200970352161676	0.0369893717579544
485.630999088287	4.6	1.492	1189	49.0909090909091	0.2	0.162683972902596	0.037316027097404	1.71963258513383E-05	9460.39138296136	0.2	0.200317041482776	0.037316027097404
486.136999607086	4.6	1.491	1189	49.0909090909091	0.2	0.162683972902596	0.037316027097404	1.71963258513383E-05	9460.39138296136	0.2	0.200643696822226	0.037316027097404
486.644999027252	4.6	1.491	1189	49.0909090909091	0.2	0.162357317563146	0.0376426824368536	1.73468582658312E-05	9359.46527463986	0.2	0.201623662840575	0.0376426824368536
487.127999782562	4.6	1.49	1189	49.0909090909091	0.2	0.162683972902596	0.037316027097404	1.71963258513383E-05	9460.39138296136	0.2	0.200970352161676	0.037316027097404
487.634999275208	4.6	1.489	1189	49.0909090909091	0.2	0.162683972902596	0.037316027097404	1.71963258513383E-05	9460.39138296136	0.2	0.199337075464427	0.037316027097404
488.151999950409	4.6	1.488	1189	49.0909090909091	0.2	0.162030662223697	0.0379693377763033	1.74973906803241E-05	9260.27572819192	0.2	0.200643696822226	0.0379693377763033
488.635999679565	4.6	1.488	1189	49.0909090909091	0.2	0.163010628242046	0.0369893717579544	1.70457934368453E-05	9563.10006019961	0.2	0.201297007501125	0.0369893717579544
489.141000270844	4.6	1.487	1189	49.0909090909091	0.2	0.162357317563146	0.0376426824368536	1.73468582658312E-05	9359.46527463986	0.2	0.201297007501125	0.0376426824368536
489.640999794006	4.6	1.487	1190	49.3506493506494	0.2	0.162030662223697	0.0379693377763033	1.74973906803241E-05	9260.27572819192	0.2	0.201623662840575	0.0379693377763033
490.149999141693	4.7	1.487	1190	49.3506493506494	0.2	0.162030662223697	0.0379693377763033	1.74973906803241E-05	9260.27572819192	0.2	0.200317041482776	0.0379693377763033
490.644999980927	4.7	1.534	1190	49.3506493506494	0.2	0.162357317563146	0.0376426824368536	1.73468582658312E-05	9359.46527463986	0.2	0.200317041482776	0.0376426824368536
491.147999763489	4.7	1.532	1190	49.3506493506494	0.2	0.162030662223697	0.0379693377763033	1.74973906803241E-05	9260.27572819192	0.2	0.200317041482776	0.0379693377763033
491.627999782562	4.7	1.528	1191	49.6103896103896	0.2	0.162357317563146	0.0376426824368536	1.73468582658312E-05	9359.46527463986	0.2	0.200317041482776	0.0376426824368536
492.134999752045	4.7	1.527	1191	49.6103896103896	0.2	0.162683972902596	0.037316027097404	1.71963258513383E-05	9460.39138296136	0.2	0.200643696822226	0.037316027097404
492.636999607086	4.7	1.525	1191	49.6103896103896	0.2	0.162683972902596	0.037316027097404	1.71963258513383E-05	9460.39138296136	0.2	0.201297007501125	0.037316027097404
493.126999855042	4.7	1.524	1191	49.6103896103896	0.2	0.163010628242046	0.0369893717579544	1.70457934368453E-05	9563.10006019961	0.2	0.200643696822226	0.0369893717579544
493.663000106812	4.7	1.522	1191	49.6103896103896	0.2	0.161704006884247	0.0382959931157529	1.7647923094817E-05	9162.77830628906	0.2	0.201623662840575	0.0382959931157529
494.138000011444	4.7	1.522	1192	49.8701298701299	0.2	0.161704006884247	0.0382959931157529	1.7647923094817E-05	9162.77830628906	0.2	0.200970352161676	0.0382959931157529
494.65399980545	4.7	1.52	1192	49.8701298701299	0.2	0.162357317563146	0.0376426824368536	1.73468582658312E-05	9359.46527463986	0.2	0.200970352161676	0.0376426824368536
495.141000270844	4.7	1.519	1192	49.8701298701299	0.2	0.171830322407186	0.028169677592814	1.29814182455364E-05	13236.6371036746	0.2	0.200317041482776	0.028169677592814
495.635999202728	4.7	1.518	1192	49.8701298701299	0.2	0.172156977746636	0.0278430222533643	1.28308858310435E-05	13417.3883248274	0.2	0.200317041482776	0.0278430222533643
496.150999546051	4.7	1.517	1192	49.8701298701299	0.2	0.172156977746636	0.0278430222533643	1.28308858310435E-05	13417.3883248274	0.2	0.200970352161676	0.0278430222533643
496.628000259399	4.7	1.516	1192	49.8701298701299	0.2	0.171177011728287	0.0288229882717133	1.32824830745222E-05	12887.4255489645	0.2	0.199990386143327	0.0288229882717133
497.134999752045	4.7	1.516	1192	49.8701298701299	0.2	0.172483633086085	0.0275163669139147	1.26803534165505E-05	13602.4310537716	0.2	0.200317041482776	0.0275163669139147
497.654000282288	4.7	1.515	1193	50.1298701298701	0.2	0.171830322407186	0.028169677592814	1.29814182455364E-05	13236.6371036746	0.2	0.200643696822226	0.028169677592814
498.136000156403	4.7	1.514	1193	50.1298701298701	0.2	0.171503667067736	0.0284963329322636	1.31319506600293E-05	13060.0298088048	0.2	0.200643696822226	0.0284963329322636
498.642999649048	4.7	1.513	1193	50.1298701298701	0.2	0.172156977746636	0.0278430222533643	1.28308858310435E-05	13417.3883248274	0.2	0.200643696822226	0.0278430222533643
499.134999752045	4.7	1.513	1194	50.3896103896104	0.2	0.171177011728287	0.0288229882717133	1.32824830745222E-05	12887.4255489645	0.2	0.199990386143327	0.0288229882717133
499.644000053406	4.7	1.512	1194	50.3896103896104	0.2	0.171503667067736	0.0284963329322636	1.31319506600293E-05	13060.0298088048	0.2	0.199990386143327	0.0284963329322636
500.14899969101	4.7	1.512	1194	50.3896103896104	0.2	0.171177011728287	0.0288229882717133	1.32824830745222E-05	12887.4255489645	0.2	0.201297007501125	0.0288229882717133
500.655000209808	4.8	1.511	1194	50.3896103896104	0.2	0.171503667067736	0.0284963329322636	1.31319506600293E-05	13060.0298088048	0.2	0.201297007501125	0.0284963329322636
501.147000312805	4.8	1.559	1195	50.6493506493507	0.2	0.170850356388837	0.0291496436111629	1.34330154890152E-05	12718.6897482959	0.2	0.200970352161676	0.0291496436111629
501.637999534607	4.8	1.557	1195	50.6493506493507	0.2	0.170850356388837	0.0291496436111629	1.34330154890152E-05	12718.6897482959	0.2	0.200643696822226	0.0291496436111629
502.147999763489	4.8	1.554	1195	50.6493506493507	0.2	0.171503667067736	0.0284963329322636	1.31319506600293E-05	13060.0298088048	0.2	0.200970352161676	0.0284963329322636
502.648999214172	4.8	1.552	1195	50.6493506493507	0.2	0.171177011728287	0.0288229882717133	1.32824830745222E-05	12887.4255489645	0.2	0.199990386143327	0.0288229882717133
503.138999462128	4.8	1.55	1195	50.6493506493507	0.2	0.171503667067736	0.0284963329322636	1.31319506600293E-05	13060.0298088048	0.2	0.200970352161676	0.0284963329322636
503.644000053406	4.8	1.549	1194	50.3896103896104	0.2	0.170523701049387	0.0294762989506125	1.35835479035081E-05	12553.6937964012	0.2	0.200643696822226	0.0294762989506125
504.135000228882	4.8	1.547	1195	50.6493506493507	0.2	0.171503667067736	0.0284963329322636	1.31319506600293E-05	13060.0298088048	0.2	0.201297007501125	0.0284963329322636
504.64999961853	4.8	1.547	1196	50.909090909091	0.2	0.171177011728287	0.0288229882717133	1.32824830745222E-05	12887.4255489645	0.2	0.200970352161676	0.0288229882717133
505.142999649048	4.8	1.545	1196	50.909090909091	0.2	0.170850356388837	0.0291496436111629	1.34330154890152E-05	12718.6897482959	0.2	0.201623662840575	0.0291496436111629
505.637999534607	4.8	1.544	1196	50.909090909091	0.2	0.170850356388837	0.0291496436111629	1.34330154890152E-05	12718.6897482959	0.2	0.200970352161676	0.0291496436111629
506.145999908447	4.8	1.543	1196	50.909090909091	0.2	0.171503667067736	0.0284963329322636	1.31319506600293E-05	13060.0298088048	0.2	0.200317041482776	0.0284963329322636
506.629999637604	4.8	1.542	1197	51.1688311688312	0.2	0.171177011728287	0.0288229882717133	1.32824830745222E-05	12887.4255489645	0.2	0.200643696822226	0.0288229882717133
507.134999752045	4.8	1.541	1197	51.1688311688312	0.2	0.171503667067736	0.0284963329322636	1.31319506600293E-05	13060.0298088048	0.2	0.200970352161676	0.0284963329322636
507.651999950409	4.8	1.541	1197	51.1688311688312	0.2	0.169870390370488	0.0301296096295118	1.38846127324939E-05	12234.434884377	0.2	0.200317041482776	0.0301296096295118
508.134999275208	4.8	1.54	1197	51.1688311688312	0.2	0.170523701049387	0.0294762989506125	1.35835479035081E-05	12553.6937964012	0.2	0.200643696822226	0.0294762989506125
508.635000228882	4.8	1.539	1197	51.1688311688312	0.2	0.170523701049387	0.0294762989506125	1.35835479035081E-05	12553.6937964012	0.2	0.201297007501125	0.0294762989506125
509.151999473572	4.8	1.538	1197	51.1688311688312	0.2	0.170197045709938	0.0298029542900622	1.3734080318001E-05	12392.3147214207	0.2	0.201297007501125	0.0298029542900622
509.635999679565	4.8	1.538	1197	51.1688311688312	0.2	0.169543735031039	0.0304562649689615	1.40351451469869E-05	12079.9416931885	0.2	0.201950318180025	0.0304562649689615
510.142000198364	4.8	1.537	1198	51.4285714285715	0.2	0.170523701049387	0.0294762989506125	1.35835479035081E-05	12553.6937964012	0.2	0.200970352161676	0.0294762989506125
510.638999938965	4.8	1.537	1198	51.4285714285715	0.2	0.169870390370488	0.0301296096295118	1.38846127324939E-05	12234.434884377	0.2	0.200643696822226	0.0301296096295118
511.141999721527	4.9	1.536	1198	51.4285714285715	0.2	0.169543735031039	0.0304562649689615	1.40351451469869E-05	12079.9416931885	0.2	0.201297007501125	0.0304562649689615
511.635999679565	4.9	1.583	1198	51.4285714285715	0.2	0.16856376901269	0.0314362309873104	1.44867423904656E-05	11635.726270913	0.2	0.199990386143327	0.0314362309873104
512.139000415802	4.9	1.581	1198	51.4285714285715	0.2	0.169217079691589	0.0307829203084111	1.41856775614798E-05	11928.7273348921	0.2	0.200970352161676	0.0307829203084111
512.631999492645	4.9	1.578	1199	51.6883116883117	0.2	0.169870390370488	0.0301296096295118	1.38846127324939E-05	12234.434884377	0.2	0.200643696822226	0.0301296096295118
513.140999794006	4.9	1.577	1199	51.6883116883117	0.2	0.168890424352139	0.0311095756478608	1.43362099759727E-05	11780.6885247354	0.2	0.200970352161676	0.0311095756478608
513.630000114441	4.9	1.574	1199	51.6883116883117	0.2	0.169217079691589	0.0307829203084111	1.41856775614798E-05	11928.7273348921	0.2	0.200970352161676	0.0307829203084111
514.147999763489	4.9	1.574	1199	51.6883116883117	0.2	0.168890424352139	0.0311095756478608	1.43362099759727E-05	11780.6885247354	0.2	0.201297007501125	0.0311095756478608
514.638000011444	4.9	1.572	1199	51.6883116883117	0.2	0.168890424352139	0.0311095756478608	1.43362099759727E-05	11780.6885247354	0.2	0.200317041482776	0.0311095756478608
515.130999565125	4.9	1.571	1200	51.9480519480519	0.2	0.16856376901269	0.0314362309873104	1.44867423904656E-05	11635.726270913	0.2	0.200970352161676	0.0314362309873104
515.635999679565	4.9	1.569	1199	51.6883116883117	0.2	0.16856376901269	0.0314362309873104	1.44867423904656E-05	11635.726270913	0.2	0.199990386143327	0.0314362309873104
516.127999782562	4.9	1.569	1199	51.6883116883117	0.2	0.168890424352139	0.0311095756478608	1.43362099759727E-05	11780.6885247354	0.2	0.200970352161676	0.0311095756478608
516.634999275208	4.9	1.568	1200	51.9480519480519	0.2	0.169217079691589	0.0307829203084111	1.41856775614798E-05	11928.7273348921	0.2	0.200317041482776	0.0307829203084111
517.136999130249	4.9	1.567	1200	51.9480519480519	0.2	0.168890424352139	0.0311095756478608	1.43362099759727E-05	11780.6885247354	0.2	0.199990386143327	0.0311095756478608
517.632999897003	4.9	1.566	1199	51.6883116883117	0.2	0.16856376901269	0.0314362309873104	1.44867423904656E-05	11635.726270913	0.2	0.201623662840575	0.0314362309873104
518.155999660492	4.9	1.565	1199	51.6883116883117	0.2	0.16856376901269	0.0314362309873104	1.44867423904656E-05	11635.726270913	0.2	0.200317041482776	0.0314362309873104
518.639000415802	4.9	1.564	1200	51.9480519480519	0.2	0.16856376901269	0.0314362309873104	1.44867423904656E-05	11635.726270913	0.2	0.200643696822226	0.0314362309873104
519.144999027252	4.9	1.564	1199	51.6883116883117	0.2	0.167257147654891	0.032742852345109	1.50888720484373E-05	11084.8012441204	0.2	0.200643696822226	0.032742852345109
519.640999794006	4.9	1.563	1199	51.6883116883117	0.2	0.16823711367324	0.0317628863267601	1.46372748049586E-05	11493.7456538185	0.2	0.199990386143327	0.0317628863267601
520.134999752045	4.9	1.562	1199	51.6883116883117	0.2	0.167583802994341	0.0324161970056593	1.49383396339444E-05	11218.3687813296	0.2	0.200643696822226	0.0324161970056593
520.651999950409	4.9	1.561	1200	51.9480519480519	0.2	0.167257147654891	0.032742852345109	1.50888720484373E-05	11084.8012441204	0.2	0.200643696822226	0.032742852345109
521.138999462128	5	1.561	1200	51.9480519480519	0.2	0.167257147654891	0.032742852345109	1.50888720484373E-05	11084.8012441204	0.2	0.200970352161676	0.032742852345109
521.636000156403	5	1.611	1200	51.9480519480519	0.2	0.167583802994341	0.0324161970056593	1.49383396339444E-05	11218.3687813296	0.2	0.200317041482776	0.0324161970056593
522.134999752045	5	1.606	1200	51.9480519480519	0.2	0.167257147654891	0.032742852345109	1.50888720484373E-05	11084.8012441204	0.2	0.200317041482776	0.032742852345109
522.639999389648	5	1.604	1201	52.2077922077921	0.2	0.167583802994341	0.0324161970056593	1.49383396339444E-05	11218.3687813296	0.2	0.199663730803877	0.0324161970056593
523.139999389648	5	1.601	1200	51.9480519480519	0.2	0.16791045833379	0.0320895416662097	1.47878072194515E-05	11354.6556187807	0.2	0.200317041482776	0.0320895416662097
523.636999130249	5	1.6	1201	52.2077922077921	0.2	0.166930492315441	0.0330695076845586	1.52394044629302E-05	10953.8724247065	0.2	0.200643696822226	0.0330695076845586
524.143999576569	5	1.598	1202	52.4675324675325	0.2	0.166603836975992	0.0333961630240083	1.53899368774232E-05	10825.5048934215	0.2	0.200643696822226	0.0333961630240083
524.636999607086	5	1.597	1202	52.4675324675325	0.2	0.166930492315441	0.0330695076845586	1.52394044629302E-05	10953.8724247065	0.2	0.200643696822226	0.0330695076845586
525.140000343323	5	1.596	1202	52.4675324675325	0.2	0.167257147654891	0.032742852345109	1.50888720484373E-05	11084.8012441204	0.2	0.200643696822226	0.032742852345109
525.639999866486	5	1.595	1202	52.4675324675325	0.2	0.167583802994341	0.0324161970056593	1.49383396339444E-05	11218.3687813296	0.2	0.200317041482776	0.0324161970056593
526.133999824524	5	1.593	1202	52.4675324675325	0.2	0.166930492315441	0.0330695076845586	1.52394044629302E-05	10953.8724247065	0.2	0.200643696822226	0.0330695076845586
526.638999462128	5	1.593	1202	52.4675324675325	0.2	0.16823711367324	0.0317628863267601	1.46372748049586E-05	11493.7456538185	0.2	0.200317041482776	0.0317628863267601
527.146999835968	5	1.592	1202	52.4675324675325	0.2	0.166930492315441	0.0330695076845586	1.52394044629302E-05	10953.8724247065	0.2	0.200643696822226	0.0330695076845586
527.635000228882	5	1.591	1203	52.7272727272727	0.2	0.166277181636542	0.0337228183634579	1.55404692919161E-05	10699.6242206815	0.2	0.200643696822226	0.0337228183634579
528.148999214172	5	1.59	1202	52.4675324675325	0.2	0.166603836975992	0.0333961630240083	1.53899368774232E-05	10825.5048934215	0.2	0.201297007501125	0.0333961630240083
528.650000095367	5	1.589	1202	52.4675324675325	0.2	0.166603836975992	0.0333961630240083	1.53899368774232E-05	10825.5048934215	0.2	0.200317041482776	0.0333961630240083
529.129999637604	5	1.588	1202	52.4675324675325	0.2	0.166930492315441	0.0330695076845586	1.52394044629302E-05	10953.8724247065	0.2	0.199990386143327	0.0330695076845586
529.64899969101	5	1.588	1202	52.4675324675325	0.2	0.166277181636542	0.0337228183634579	1.55404692919161E-05	10699.6242206815	0.2	0.199990386143327	0.0337228183634579
530.137000083923	5	1.587	1203	52.7272727272727	0.2	0.166277181636542	0.0337228183634579	1.55404692919161E-05	10699.6242206815	0.2	0.200970352161676	0.0337228183634579
530.649000167847	5	1.587	1203	52.7272727272727	0.2	0.165297215618193	0.0347027843818069	1.59920665353949E-05	10336.2010939827	0.2	0.200317041482776	0.0347027843818069
531.144999027252	5	1.586	1203	52.7272727272727	0.2	0.165623870957643	0.0343761290423572	1.58415341209019E-05	10455.039877679	0.2	0.200970352161676	0.0343761290423572
531.631999492645	5.1	1.585	1204	52.987012987013	0.2	0.165623870957643	0.0343761290423572	1.58415341209019E-05	10455.039877679	0.2	0.200317041482776	0.0343761290423572
532.156999111176	5.1	1.632	1203	52.7272727272727	0.2	0.164970560278744	0.0350294397212565	1.61425989498878E-05	10219.5786930512	0.2	0.200643696822226	0.0350294397212565
532.639999866486	5.1	1.63	1204	52.987012987013	0.2	0.164970560278744	0.0350294397212565	1.61425989498878E-05	10219.5786930512	0.2	0.200317041482776	0.0350294397212565
533.139999389648	5.1	1.628	1204	52.987012987013	0.2	0.165297215618193	0.0347027843818069	1.59920665353949E-05	10336.2010939827	0.2	0.200643696822226	0.0347027843818069
533.645999908447	5.1	1.626	1204	52.987012987013	0.2	0.165297215618193	0.0347027843818069	1.59920665353949E-05	10336.2010939827	0.2	0.200317041482776	0.0347027843818069
534.137000083923	5.1	1.625	1204	52.987012987013	0.2	0.165623870957643	0.0343761290423572	1.58415341209019E-05	10455.039877679	0.2	0.199990386143327	0.0343761290423572
534.647999286652	5.1	1.622	1205	53.2467532467532	0.2	0.164970560278744	0.0350294397212565	1.61425989498878E-05	10219.5786930512	0.2	0.199337075464427	0.0350294397212565
535.135999679565	5.1	1.622	1205	53.2467532467532	0.2	0.164970560278744	0.0350294397212565	1.61425989498878E-05	10219.5786930512	0.2	0.200317041482776	0.0350294397212565
535.64899969101	5.1	1.62	1205	53.2467532467532	0.2	0.164643904939294	0.0353560950607061	1.62931313643807E-05	10105.1112433323	0.2	0.200643696822226	0.0353560950607061
536.133999347687	5.1	1.619	1205	53.2467532467532	0.2	0.164317249599844	0.0356827504001558	1.64436637788736E-05	9992.73956275818	0.2	0.200643696822226	0.0356827504001558
536.644999504089	5.1	1.617	1206	53.5064935064935	0.2	0.163990594260395	0.0360094057396054	1.65941961933666E-05	9882.40661671512	0.2	0.200970352161676	0.0360094057396054
537.125999927521	5.1	1.617	1206	53.5064935064935	0.2	0.163663938920945	0.0363360610790551	1.67447286078595E-05	9774.05742151748	0.2	0.200317041482776	0.0363360610790551
537.643999099731	5.1	1.616	1206	53.5064935064935	0.2	0.163990594260395	0.0360094057396054	1.65941961933666E-05	9882.40661671512	0.2	0.200317041482776	0.0360094057396054
538.143000125885	5.1	1.615	1207	53.7662337662337	0.2	0.163010628242046	0.0369893717579544	1.70457934368453E-05	9563.10006019961	0.2	0.200317041482776	0.0369893717579544
538.634999275208	5.1	1.614	1207	53.7662337662337	0.2	0.163337283581495	0.0366627164185047	1.68952610223524E-05	9667.63895304135	0.2	0.200643696822226	0.0366627164185047
539.139999866486	5.1	1.614	1206	53.5064935064935	0.2	0.163663938920945	0.0363360610790551	1.67447286078595E-05	9774.05742151748	0.2	0.200317041482776	0.0363360610790551
539.651000022888	5.1	1.612	1207	53.7662337662337	0.2	0.163337283581495	0.0366627164185047	1.68952610223524E-05	9667.63895304135	0.2	0.200643696822226	0.0366627164185047
540.141000270844	5.1	1.612	1207	53.7662337662337	0.2	0.163337283581495	0.0366627164185047	1.68952610223524E-05	9667.63895304135	0.2	0.200970352161676	0.0366627164185047
540.646999835968	5.1	1.611	1207	53.7662337662337	0.2	0.162030662223697	0.0379693377763033	1.74973906803241E-05	9260.27572819192	0.2	0.200317041482776	0.0379693377763033
541.141999721527	5.1	1.611	1207	53.7662337662337	0.2	0.162030662223697	0.0379693377763033	1.74973906803241E-05	9260.27572819192	0.2	0.200643696822226	0.0379693377763033
541.639999389648	5.1	1.61	1207	53.7662337662337	0.2	0.161704006884247	0.0382959931157529	1.7647923094817E-05	9162.77830628906	0.2	0.199990386143327	0.0382959931157529
542.137999534607	5.2	1.609	1207	53.7662337662337	0.2	0.161050696205348	0.0389493037946522	1.79489879238029E-05	8972.68954043766	0.2	0.199990386143327	0.0389493037946522
542.636000156403	5.2	1.656	1207	53.7662337662337	0.2	0.160070730186999	0.0399292698130012	1.84005851672816E-05	8699.21954827953	0.2	0.200970352161676	0.0399292698130012
543.13799905777	5.2	1.654	1207	53.7662337662337	0.2	0.160397385526448	0.0396026144735515	1.82500527527887E-05	8788.87243226948	0.2	0.200643696822226	0.0396026144735515
543.64199924469	5.2	1.651	1208	54.025974025974	0.2	0.160070730186999	0.0399292698130012	1.84005851672816E-05	8699.21954827953	0.2	0.200970352161676	0.0399292698130012
544.144999027252	5.2	1.649	1208	54.025974025974	0.2	0.1594174195081	0.0405825804919004	1.87016499962675E-05	8524.24355818425	0.2	0.200970352161676	0.0405825804919004
544.642999649048	5.2	1.647	1209	54.2857142857142	0.2	0.160070730186999	0.0399292698130012	1.84005851672816E-05	8699.21954827953	0.2	0.200317041482776	0.0399292698130012
545.138000011444	5.2	1.646	1209	54.2857142857142	0.2	0.15909076416865	0.0409092358313501	1.88521824107604E-05	8438.85130656515	0.2	0.201297007501125	0.0409092358313501
545.639999389648	5.2	1.644	1209	54.2857142857142	0.2	0.160070730186999	0.0399292698130012	1.84005851672816E-05	8699.21954827953	0.2	0.200643696822226	0.0399292698130012
546.147999763489	5.2	1.644	1209	54.2857142857142	0.2	0.1587641088292	0.0412358911707997	1.90027148252533E-05	8354.81194603907	0.2	0.200317041482776	0.0412358911707997
546.635999202728	5.2	1.642	1209	54.2857142857142	0.2	0.15909076416865	0.0409092358313501	1.88521824107604E-05	8438.85130656515	0.2	0.201297007501125	0.0409092358313501
547.137000083923	5.2	1.641	1209	54.2857142857142	0.2	0.158437453489751	0.0415625465102494	1.91532472397463E-05	8272.09357799997	0.2	0.200643696822226	0.0415625465102494
547.661999702454	5.2	1.641	1209	54.2857142857142	0.2	0.158110798150301	0.041889201849699	1.93037796542392E-05	8190.66529883329	0.2	0.200970352161676	0.041889201849699
548.128999710083	5.2	1.639	1209	54.2857142857142	0.2	0.158437453489751	0.0415625465102494	1.91532472397463E-05	8272.09357799997	0.2	0.201297007501125	0.0415625465102494
548.636999130249	5.2	1.639	1209	54.2857142857142	0.2	0.157457487471402	0.0425425125285983	1.9604844483225E-05	8031.56013842042	0.2	0.200643696822226	0.0425425125285983
549.141999721527	5.2	1.638	1209	54.2857142857142	0.2	0.156477521453053	0.0435224785469472	2.00564417267038E-05	7801.85855423764	0.2	0.199990386143327	0.0435224785469472
549.640999794006	5.2	1.637	1209	54.2857142857142	0.2	0.155824210774153	0.0441757892258465	2.03575065556896E-05	7654.38588207664	0.2	0.200970352161676	0.0441757892258465
550.139999389648	5.2	1.636	1209	54.2857142857142	0.2	0.155497555434704	0.0445024445652962	2.05080389701826E-05	7582.27325688174	0.2	0.200317041482776	0.0445024445652962
550.632999420166	5.2	1.636	1209	54.2857142857142	0.2	0.155170900095254	0.0448290999047458	2.06585713846755E-05	7511.21155504295	0.2	0.200643696822226	0.0448290999047458
551.141998767853	5.2	1.634	1209	54.2857142857142	0.2	0.156150866113603	0.0438491338863969	2.02069741411967E-05	7727.57291727575	0.2	0.200970352161676	0.0438491338863969
551.636999607086	5.2	1.634	1209	54.2857142857142	0.2	0.154844244755805	0.0451557552441955	2.08091037991684E-05	7441.17796951892	0.2	0.200970352161676	0.0451557552441955
552.137999534607	5.2	1.633	1210	54.5454545454545	0.2	0.152557657379657	0.047442342620343	2.18628307006189E-05	6977.94624441466	0.2	0.200317041482776	0.047442342620343
552.637999534607	5.3	1.633	1210	54.5454545454545	0.2	0.153537623398006	0.046462376601994	2.14112334571401E-05	7170.89109814012	0.2	0.200643696822226	0.046462376601994
553.130999565125	5.3	1.679	1210	54.5454545454545	0.2	0.148964448645711	0.0510355513542891	2.3518687260041E-05	6333.87599395507	0.2	0.199990386143327	0.0510355513542891
553.644999504089	5.3	1.677	1211	54.8051948051947	0.2	0.148311137966812	0.0516888620331883	2.38197520890269E-05	6226.39301250892	0.2	0.200317041482776	0.0516888620331883
554.139999389648	5.3	1.674	1211	54.8051948051947	0.2	0.145697895251215	0.0543021047487855	2.50240114049703E-05	5822.32372313721	0.2	0.200643696822226	0.0543021047487855
554.638999462128	5.3	1.673	1211	54.8051948051947	0.2	0.137531511764973	0.0624684882350266	2.87873217672934E-05	4777.50284923099	0.2	0.200643696822226	0.0624684882350266
555.131999492645	5.3	1.67	1211	54.8051948051947	0.2	0.135571579728276	0.0644284202717245	2.96905162542509E-05	4566.15771067521	0.2	0.200643696822226	0.0644284202717245
555.638999938965	5.3	1.669	1211	54.8051948051947	0.2	0.134918269049376	0.0650817309506238	2.99915810832368E-05	4498.53806222928	0.2	0.199990386143327	0.0650817309506238
556.146999359131	5.3	1.668	1211	54.8051948051947	0.2	0.134918269049376	0.0650817309506238	2.99915810832368E-05	4498.53806222928	0.2	0.200643696822226	0.0650817309506238
556.643000125885	5.3	1.667	1212	55.0649350649351	0.2	0.133611647691578	0.0663883523084223	3.05937107412084E-05	4367.29133062007	0.2	0.200317041482776	0.0663883523084223
557.144999027252	5.3	1.665	1211	54.8051948051947	0.2	0.134591613709927	0.0654083862900734	3.01421134977297E-05	4465.23478587738	0.2	0.200643696822226	0.0654083862900734
557.634000301361	5.3	1.665	1212	55.0649350649351	0.2	0.133284992352128	0.066715007647872	3.07442431557014E-05	4335.28292360682	0.2	0.200970352161676	0.066715007647872
558.143999576569	5.3	1.663	1212	55.0649350649351	0.2	0.131978370994329	0.0680216290056705	3.13463728136731E-05	4210.32352862088	0.2	0.200643696822226	0.0680216290056705
558.633999824524	5.3	1.663	1212	55.0649350649351	0.2	0.131978370994329	0.0680216290056705	3.13463728136731E-05	4210.32352862088	0.2	0.200970352161676	0.0680216290056705
559.143000125885	5.3	1.661	1213	55.3246753246753	0.2	0.130998404975981	0.0690015950240195	3.17979700571518E-05	4119.70967770998	0.2	0.200317041482776	0.0690015950240195
559.638000011444	5.3	1.661	1213	55.3246753246753	0.2	0.130345094297081	0.0696549057029188	3.20990348861377E-05	4060.7169268311	0.2	0.200317041482776	0.0696549057029188
560.152999401093	5.3	1.66	1213	55.3246753246753	0.2	0.130345094297081	0.0696549057029188	3.20990348861377E-05	4060.7169268311	0.2	0.199990386143327	0.0696549057029188
560.643999576569	5.3	1.659	1213	55.3246753246753	0.2	0.130018438957632	0.0699815610423684	3.22495673006306E-05	4031.6335951301	0.2	0.200643696822226	0.0699815610423684
561.135999679565	5.3	1.659	1214	55.5844155844156	0.2	0.130018438957632	0.0699815610423684	3.22495673006306E-05	4031.6335951301	0.2	0.200317041482776	0.0699815610423684
561.644999980927	5.3	1.658	1213	55.3246753246753	0.2	0.130018438957632	0.0699815610423684	3.22495673006306E-05	4031.6335951301	0.2	0.200970352161676	0.0699815610423684
562.133999347687	5.3	1.658	1213	55.3246753246753	0.2	0.129365128278732	0.0706348717212677	3.25506321296165E-05	3974.27391774148	0.2	0.200970352161676	0.0706348717212677
562.646000385284	5.4	1.706	1213	55.3246753246753	0.2	0.129038472939283	0.0709615270607173	3.27011645441094E-05	3945.99014249867	0.2	0.201297007501125	0.0709615270607173
563.145999908447	5.4	1.703	1214	55.5844155844156	0.2	0.129691783618182	0.0703082163818181	3.24000997151235E-05	4002.82050853211	0.2	0.201297007501125	0.0703082163818181
563.63799905777	5.4	1.7	1213	55.3246753246753	0.2	0.129365128278732	0.0706348717212677	3.25506321296165E-05	3974.27391774148	0.2	0.200317041482776	0.0706348717212677
564.134999275208	5.4	1.698	1214	55.5844155844156	0.2	0.129038472939283	0.0709615270607173	3.27011645441094E-05	3945.99014249867	0.2	0.200970352161676	0.0709615270607173
564.634999752045	5.4	1.696	1213	55.3246753246753	0.2	0.129365128278732	0.0706348717212677	3.25506321296165E-05	3974.27391774148	0.2	0.200317041482776	0.0706348717212677
565.146999835968	5.4	1.695	1214	55.5844155844156	0.2	0.129038472939283	0.0709615270607173	3.27011645441094E-05	3945.99014249867	0.2	0.200970352161676	0.0709615270607173
565.643000125885	5.4	1.693	1214	55.5844155844156	0.2	0.128711817599833	0.071288182400167	3.28516969586023E-05	3917.96556999865	0.2	0.200317041482776	0.071288182400167
566.131999969482	5.4	1.692	1214	55.5844155844156	0.2	0.128058506920934	0.0719414930790663	3.31527617875881E-05	3862.67991009053	0.2	0.200970352161676	0.0719414930790663
566.646999359131	5.4	1.69	1214	55.5844155844156	0.2	0.127405196242034	0.0725948037579656	3.3453826616574E-05	3808.38932724408	0.2	0.200970352161676	0.0725948037579656
567.133999824524	5.4	1.689	1215	55.8441558441558	0.2	0.126425230223686	0.0735747697763145	3.39054238600528E-05	3728.76123730278	0.2	0.200317041482776	0.0735747697763145
567.64999961853	5.4	1.688	1215	55.8441558441558	0.2	0.124791953526437	0.0752080464735627	3.46580859325174E-05	3600.6591295728	0.2	0.200643696822226	0.0752080464735627
568.145999908447	5.4	1.687	1215	55.8441558441558	0.2	0.125445264205337	0.0745547357946634	3.43570211035315E-05	3651.22645025945	0.2	0.199990386143327	0.0745547357946634
568.638999938965	5.4	1.686	1215	55.8441558441558	0.2	0.123485332168639	0.0765146678313613	3.52602155904891E-05	3502.11506369652	0.2	0.200317041482776	0.0765146678313613
569.138999462128	5.4	1.685	1215	55.8441558441558	0.2	0.0839600360952318	0.116039963904768	5.34746377441328E-05	1570.09078765464	0.2	0.199990386143327	0.116039963904768
569.65299987793	5.4	1.684	1215	55.8441558441558	0.2	0.0816734487190843	0.118326551280916	5.45283646455833E-05	1497.81584776905	0.2	0.200970352161676	0.118326551280916
570.134000301361	5.4	1.684	1215	55.8441558441558	0.2	0.0816734487190843	0.118326551280916	5.45283646455833E-05	1497.81584776905	0.2	0.200317041482776	0.118326551280916
570.635999202728	5.4	1.683	1216	56.1038961038961	0.2	0.0800401720218361	0.119959827978164	5.52810267180479E-05	1447.87781222061	0.2	0.200317041482776	0.119959827978164
571.120999336243	5.4	1.682	1216	56.1038961038961	0.2	0.0797135166823864	0.120286483317614	5.54315591325408E-05	1438.05294185909	0.2	0.200317041482776	0.120286483317614
571.644999027252	5.4	1.682	1216	56.1038961038961	0.2	0.0793868613429368	0.120613138657063	5.55820915470338E-05	1428.28128869097	0.2	0.200643696822226	0.120613138657063
572.138000011444	5.4	1.681	1216	56.1038961038961	0.2	0.0780802399851382	0.121919760014862	5.61842212050054E-05	1389.71829297479	0.2	0.200317041482776	0.121919760014862
572.650999546051	5.5	1.681	1217	56.3636363636363	0.2	0.0748136865906417	0.125186313409358	5.76895453499347E-05	1296.83266069849	0.2	0.200317041482776	0.125186313409358
573.141999721527	5.5	1.727	1217	56.3636363636363	0.2	0.0735070652328432	0.126492934767157	5.82916750079064E-05	1261.0216677231	0.2	0.200643696822226	0.126492934767157
573.646999835968	5.5	1.724	1217	56.3636363636363	0.2	0.0722004438750446	0.127799556124955	5.88938046658781E-05	1225.94293720127	0.2	0.200643696822226	0.127799556124955
574.135999202728	5.5	1.721	1218	56.6233766233766	0.2	0.0695872011594474	0.130412798840553	6.00980639818215E-05	1157.89422402186	0.2	0.199990386143327	0.130412798840553
574.643999576569	5.5	1.72	1217	56.3636363636363	0.2	0.0692605458199978	0.130739454180002	6.02485963963144E-05	1149.57940869532	0.2	0.200970352161676	0.130739454180002
575.137999534607	5.5	1.717	1218	56.6233766233766	0.2	0.0633807497099042	0.136619250290096	6.2958179857187E-05	1006.71191342691	0.2	0.199663730803877	0.136619250290096
575.632999897003	5.5	1.717	1218	56.6233766233766	0.2	0.0630540943704546	0.136945905629545	6.31087122716799E-05	999.134542612908	0.2	0.201950318180025	0.136945905629545
576.140000343323	5.5	1.715	1218	56.6233766233766	0.2	0.0624007836915553	0.137599216308445	6.34097771006658E-05	984.087731336625	0.2	0.201623662840575	0.137599216308445
576.638000011444	5.5	1.714	1218	56.6233766233766	0.2	0.0633807497099042	0.136619250290096	6.2958179857187E-05	1006.71191342691	0.2	0.200970352161676	0.136619250290096
577.144999504089	5.5	1.712	1217	56.3636363636363	0.2	0.0620741283521056	0.137925871647894	6.35603095151587E-05	976.617779642835	0.2	0.199010420124978	0.137925871647894
577.654999732971	5.5	1.712	1217	56.3636363636363	0.2	0.0601141963154078	0.139885803684592	6.44635040021162E-05	932.530696957371	0.2	0.200317041482776	0.139885803684592
578.144000053406	5.5	1.71	1217	56.3636363636363	0.2	0.0588075749576092	0.141192425042391	6.50656336600879E-05	903.819292144733	0.2	0.200317041482776	0.141192425042391
578.632999420166	5.5	1.709	1217	56.3636363636363	0.2	0.0581542642787099	0.14184573572129	6.53666984890738E-05	889.661947488912	0.2	0.199990386143327	0.14184573572129
579.138000011444	5.5	1.708	1217	56.3636363636363	0.2	0.0578276089392603	0.14217239106074	6.55172309035667E-05	882.632067041652	0.2	0.200970352161676	0.14217239106074
579.64599943161	5.5	1.708	1217	56.3636363636363	0.2	0.0581542642787099	0.14184573572129	6.53666984890738E-05	889.661947488912	0.2	0.199990386143327	0.14184573572129
580.14899969101	5.5	1.707	1217	56.3636363636363	0.2	0.0575009535998106	0.142499046400189	6.56677633180596E-05	875.634416255456	0.2	0.200643696822226	0.142499046400189
580.625999927521	5.5	1.706	1217	56.3636363636363	0.2	0.0581542642787099	0.14184573572129	6.53666984890738E-05	889.661947488912	0.2	0.199990386143327	0.14184573572129
581.144999504089	5.5	1.705	1218	56.6233766233766	0.2	0.0578276089392603	0.14217239106074	6.55172309035667E-05	882.632067041652	0.2	0.199663730803877	0.14217239106074
581.63499879837	5.5	1.705	1218	56.6233766233766	0.2	0.0575009535998106	0.142499046400189	6.56677633180596E-05	875.634416255456	0.2	0.201297007501125	0.142499046400189
582.140999317169	5.5	1.704	1218	56.6233766233766	0.2	0.0588075749576092	0.141192425042391	6.50656336600879E-05	903.819292144733	0.2	0.200317041482776	0.141192425042391
582.63300037384	5.5	1.703	1218	56.6233766233766	0.2	0.0568476429209113	0.143152357079089	6.59688281470455E-05	861.73492113877	0.2	0.200643696822226	0.143152357079089
583.149000167847	5.6	1.703	1219	56.8831168831168	0.2	0.0565209875814617	0.143479012418538	6.61193605615384E-05	854.832640567609	0.2	0.200643696822226	0.143479012418538
583.650000095367	5.6	1.749	1219	56.8831168831168	0.2	0.0555410215631127	0.144458978436887	6.65709578050172E-05	834.313090789372	0.2	0.200970352161676	0.144458978436887
584.15299987793	5.6	1.747	1219	56.8831168831168	0.2	0.0552143662236631	0.144785633776337	6.67214902195101E-05	827.534967249844	0.2	0.200317041482776	0.144785633776337
584.629999637604	5.6	1.743	1218	56.6233766233766	0.2	0.0548877108842135	0.145112289115787	6.6872022634003E-05	820.787359530295	0.2	0.199990386143327	0.145112289115787
585.143999576569	5.6	1.742	1219	56.8831168831168	0.2	0.0532544341869652	0.146745565813035	6.76246847064676E-05	787.499925775949	0.2	0.200643696822226	0.146745565813035
585.634999752045	5.6	1.74	1218	56.6233766233766	0.2	0.0522744681686163	0.147725531831384	6.80762819499464E-05	767.880775378589	0.2	0.200317041482776	0.147725531831384
586.14199924469	5.6	1.739	1218	56.6233766233766	0.2	0.0519478128291667	0.148052187170833	6.82268143644393E-05	761.398774266126	0.2	0.199990386143327	0.148052187170833
586.647999763489	5.6	1.737	1218	56.6233766233766	0.2	0.051621157489717	0.148378842510283	6.83773467789323E-05	754.945313344946	0.2	0.200970352161676	0.148378842510283
587.139999866486	5.6	1.736	1218	56.6233766233766	0.2	0.0509678468108177	0.149032153189182	6.86784116079181E-05	742.123261408415	0.2	0.199990386143327	0.149032153189182
587.643999576569	5.6	1.735	1218	56.6233766233766	0.2	0.0506411914713681	0.149358808528632	6.8828944022411E-05	735.754299163432	0.2	0.200970352161676	0.149358808528632
588.132999897003	5.6	1.734	1219	56.8831168831168	0.2	0.0496612254530192	0.150338774546981	6.92805412658898E-05	716.813473821253	0.2	0.200643696822226	0.150338774546981
588.646999835968	5.6	1.733	1218	56.6233766233766	0.2	0.0493345701135695	0.150665429886431	6.94310736803827E-05	710.554619112979	0.2	0.200643696822226	0.150665429886431
589.137000083923	5.6	1.732	1218	56.6233766233766	0.2	0.0493345701135695	0.150665429886431	6.94310736803827E-05	710.554619112979	0.2	0.200970352161676	0.150665429886431
589.637000083923	5.6	1.731	1219	56.8831168831168	0.2	0.0490079147741199	0.15099208522588	6.95816060948756E-05	704.322845139515	0.2	0.200643696822226	0.15099208522588
590.135999679565	5.6	1.73	1219	56.8831168831168	0.2	0.0473746380768716	0.152625361923128	7.03342681673403E-05	673.564100562719	0.2	0.200317041482776	0.152625361923128
590.634999752045	5.6	1.729	1220	57.1428571428571	0.2	0.047047982737422	0.152952017262578	7.04848005818332E-05	667.491180354537	0.2	0.201297007501125	0.152952017262578
591.134999275208	5.6	1.729	1220	57.1428571428571	0.2	0.0447613953612745	0.155238604638726	7.15385274832836E-05	625.696347632174	0.2	0.200317041482776	0.155238604638726
591.641999721527	5.6	1.728	1220	57.1428571428571	0.2	0.0434547740034759	0.156545225996524	7.21406571412553E-05	602.361771093783	0.2	0.199990386143327	0.156545225996524
592.131999969482	5.6	1.727	1220	57.1428571428571	0.2	0.0421481526456773	0.157851847354323	7.2742786799227E-05	579.413499265678	0.2	0.200970352161676	0.157851847354323
592.634999752045	5.6	1.727	1221	57.4025974025973	0.2	0.0414948419667781	0.158505158033222	7.30438516282129E-05	568.081242182892	0.2	0.200317041482776	0.158505158033222
593.146999835968	5.6	1.726	1221	57.4025974025973	0.2	0.0408415312878788	0.159158468712121	7.33449164571987E-05	556.842017970152	0.2	0.200317041482776	0.159158468712121
593.647999763489	5.7	1.725	1221	57.4025974025973	0.2	0.0411681866273284	0.158831813372672	7.31943840427058E-05	562.450072717444	0.2	0.200643696822226	0.158831813372672
594.146999359131	5.7	1.771	1221	57.4025974025973	0.2	0.0398615652695298	0.16013843473047	7.37965137006775E-05	540.155127533672	0.2	0.201297007501125	0.16013843473047
594.636999607086	5.7	1.769	1221	57.4025974025973	0.2	0.0401882206089795	0.159811779391021	7.36459812861846E-05	545.694685672122	0.2	0.200643696822226	0.159811779391021
595.134999275208	5.7	1.766	1221	57.4025974025973	0.2	0.0398615652695298	0.16013843473047	7.37965137006775E-05	540.155127533672	0.2	0.199990386143327	0.16013843473047
595.640999794006	5.7	1.765	1222	57.6623376623377	0.2	0.0375749778933823	0.162425022106618	7.4850240602128E-05	502.002099006133	0.2	0.199990386143327	0.162425022106618
596.134999752045	5.7	1.763	1222	57.6623376623377	0.2	0.037901633232832	0.162098366767168	7.4699708187635E-05	507.386630448789	0.2	0.200317041482776	0.162098366767168
596.635999679565	5.7	1.762	1223	57.9220779220779	0.2	0.036921667214483	0.163078332785517	7.51513054311138E-05	491.29774928962	0.2	0.200970352161676	0.163078332785517
597.14899969101	5.7	1.76	1223	57.9220779220779	0.2	0.0365950118750334	0.163404988124967	7.53018378456067E-05	485.97767228557	0.2	0.200317041482776	0.163404988124967
597.628999710083	5.7	1.759	1223	57.9220779220779	0.2	0.0339817691594362	0.166018230840564	7.65060971615501E-05	444.170731748091	0.2	0.200317041482776	0.166018230840564
598.15700006485	5.7	1.758	1223	57.9220779220779	0.2	0.0333284584805369	0.166671541519463	7.6807161990536E-05	433.923837527594	0.2	0.199990386143327	0.166671541519463
598.637999534607	5.7	1.757	1223	57.9220779220779	0.2	0.0316951817832887	0.168304818216711	7.75598240630006E-05	408.654637451772	0.2	0.200317041482776	0.168304818216711
599.134999752045	5.7	1.756	1223	57.9220779220779	0.2	0.0307152157649398	0.16928478423506	7.80114213064794E-05	393.727165209188	0.2	0.200970352161676	0.16928478423506
599.640999794006	5.7	1.755	1223	57.9220779220779	0.2	0.0300619050860405	0.16993809491396	7.83124861354652E-05	383.87116243557	0.2	0.199663730803877	0.16993809491396
600.137000083923	5.7	1.754	1224	58.1818181818182	0.2	0.0271220070309937	0.172877992969006	7.96672778659015E-05	340.440991050885	0.2	0.201950318180025	0.172877992969006
600.646999359131	5.7	1.753	1223	57.9220779220779	0.2	0.027775317709893	0.172224682290107	7.93662130369157E-05	349.964004166028	0.2	0.200643696822226	0.172224682290107
601.145999908447	5.7	1.752	1223	57.9220779220779	0.2	0.0264686963520944	0.173531303647906	7.99683426948874E-05	330.989682418248	0.2	0.200317041482776	0.173531303647906
601.634999275208	5.7	1.752	1223	57.9220779220779	0.2	0.0264686963520944	0.173531303647906	7.99683426948874E-05	330.989682418248	0.2	0.199990386143327	0.173531303647906
602.140999794006	5.7	1.75	1223	57.9220779220779	0.2	0.0258153856731951	0.174184614326805	8.02694075238732E-05	321.609271446501	0.2	0.201297007501125	0.174184614326805
602.641999721527	5.7	1.75	1223	57.9220779220779	0.2	0.0245087643153966	0.175491235684603	8.08715371818449E-05	303.057975271164	0.2	0.199663730803877	0.175491235684603
603.147999286652	5.7	1.749	1223	57.9220779220779	0.2	0.0245087643153966	0.175491235684603	8.08715371818449E-05	303.057975271164	0.2	0.200643696822226	0.175491235684603
603.643000125885	5.7	1.749	1223	57.9220779220779	0.2	0.0238554536364973	0.176144546363503	8.11726020108308E-05	293.885535827893	0.2	0.199990386143327	0.176144546363503
604.138000011444	5.8	1.748	1222	57.6623376623377	0.2	0.0238554536364973	0.176144546363503	8.11726020108308E-05	293.885535827893	0.2	0.200317041482776	0.176144546363503
604.633999347687	5.8	1.794	1223	57.9220779220779	0.2	0.022222176939249	0.177777823060751	8.19252640832954E-05	271.249378172956	0.2	0.200970352161676	0.177777823060751
605.137999534607	5.8	1.792	1223	57.9220779220779	0.2	0.0218955215997994	0.178104478400201	8.20757964977883E-05	266.771966086122	0.2	0.200643696822226	0.178104478400201
605.64999961853	5.8	1.789	1224	58.1818181818182	0.2	0.0212422109209001	0.1787577890791	8.23768613267741E-05	257.866233051003	0.2	0.200970352161676	0.1787577890791
606.145999908447	5.8	1.787	1224	58.1818181818182	0.2	0.0199355895631015	0.180064410436898	8.29789909847458E-05	240.248637956641	0.2	0.200317041482776	0.180064410436898
606.641999721527	5.8	1.785	1224	58.1818181818182	0.2	0.0202622449025512	0.179737755097449	8.28284585702529E-05	244.629023071403	0.2	0.200643696822226	0.179737755097449
607.132999897003	5.8	1.784	1224	58.1818181818182	0.2	0.0202622449025512	0.179737755097449	8.28284585702529E-05	244.629023071403	0.2	0.200643696822226	0.179737755097449
607.637999534607	5.8	1.782	1224	58.1818181818182	0.2	0.0189556235447526	0.181044376455247	8.34305882282246E-05	227.202324079263	0.2	0.200317041482776	0.181044376455247
608.134999275208	5.8	1.781	1224	58.1818181818182	0.2	0.0173223468475044	0.182677653152496	8.41832503006892E-05	205.769518112353	0.2	0.201623662840575	0.182677653152496
608.656000137329	5.8	1.779	1224	58.1818181818182	0.2	0.0169956915080547	0.183004308491945	8.43337827151821E-05	201.528864956215	0.2	0.200643696822226	0.183004308491945
609.136999607086	5.8	1.779	1225	58.4415584415584	0.2	0.0173223468475044	0.182677653152496	8.41832503006892E-05	205.769518112353	0.2	0.200317041482776	0.182677653152496
609.634999752045	5.8	1.777	1225	58.4415584415584	0.2	0.0166690361686051	0.183330963831395	8.44843151296751E-05	197.303323617168	0.2	0.200643696822226	0.183330963831395
610.135999202728	5.8	1.777	1225	58.4415584415584	0.2	0.0156890701502562	0.184310929849744	8.49359123731538E-05	184.716567019713	0.2	0.199990386143327	0.184310929849744
610.635999202728	5.8	1.776	1225	58.4415584415584	0.2	0.0166690361686051	0.183330963831395	8.44843151296751E-05	197.303323617168	0.2	0.200317041482776	0.183330963831395
611.144999504089	5.8	1.775	1225	58.4415584415584	0.2	0.0153624148108065	0.184637585189193	8.50864447876468E-05	180.550672309168	0.2	0.200970352161676	0.184637585189193
611.634999752045	5.8	1.774	1225	58.4415584415584	0.2	0.0150357594713569	0.184964240528643	8.52369772021397E-05	176.399491921206	0.2	0.200970352161676	0.184964240528643
612.139000415802	5.8	1.773	1225	58.4415584415584	0.2	0.0150357594713569	0.184964240528643	8.52369772021397E-05	176.399491921206	0.2	0.200970352161676	0.184964240528643
612.643999099731	5.8	1.773	1225	58.4415584415584	0.2	0.0143824487924576	0.185617551207542	8.55380420311255E-05	168.140963376554	0.2	0.199663730803877	0.185617551207542
613.135999679565	5.8	1.772	1225	58.4415584415584	0.2	0.0143824487924576	0.185617551207542	8.55380420311255E-05	168.140963376554	0.2	0.201297007501125	0.185617551207542
613.637999534607	5.8	1.771	1226	58.7012987012987	0.2	0.0140557934530079	0.185944206546992	8.56885744456185E-05	164.03346121633	0.2	0.200643696822226	0.185944206546992
614.132999420166	5.8	1.771	1225	58.4415584415584	0.2	0.013075827434659	0.186924172565341	8.61401716890972E-05	151.797090466143	0.2	0.200317041482776	0.186924172565341
614.645999908447	5.9	1.77	1225	58.4415584415584	0.2	0.013075827434659	0.186924172565341	8.61401716890972E-05	151.797090466143	0.2	0.200317041482776	0.186924172565341
615.14999961853	5.9	1.816	1226	58.7012987012987	0.2	0.0127491720952094	0.187250827904791	8.62907041035902E-05	147.746761689466	0.2	0.200317041482776	0.187250827904791
615.649000167847	5.9	1.813	1226	58.7012987012987	0.2	0.0127491720952094	0.187250827904791	8.62907041035902E-05	147.746761689466	0.2	0.200317041482776	0.187250827904791
616.136999607086	5.9	1.81	1226	58.7012987012987	0.2	0.0124225167557597	0.18757748324424	8.64412365180831E-05	143.710539739456	0.2	0.199990386143327	0.18757748324424
616.627999782562	5.9	1.809	1227	58.9610389610389	0.2	0.0111158953979612	0.188884104602039	8.70433661760548E-05	127.705256429054	0.2	0.199663730803877	0.188884104602039
617.14899969101	5.9	1.806	1227	58.9610389610389	0.2	0.0117692060768604	0.18823079392314	8.67423013470689E-05	135.680122547938	0.2	0.200643696822226	0.18823079392314
617.650000095367	5.9	1.806	1227	58.9610389610389	0.2	0.0104625847190619	0.189537415280938	8.73444310050406E-05	119.785366950963	0.2	0.200970352161676	0.189537415280938
618.135999679565	5.9	1.804	1228	59.2207792207792	0.2	0.00882930802181364	0.191170691978186	8.80970930775052E-05	100.222467204972	0.2	0.201297007501125	0.191170691978186
618.634999275208	5.9	1.803	1228	59.2207792207792	0.2	0.0101359293796122	0.189864070620388	8.74949634195335E-05	115.845861104153	0.2	0.200643696822226	0.189864070620388
619.13799905777	5.9	1.801	1228	59.2207792207792	0.2	0.00882930802181364	0.191170691978186	8.80970930775052E-05	100.222467204972	0.2	0.200643696822226	0.191170691978186
619.645000457764	5.9	1.801	1227	58.9610389610389	0.2	0.00948261870071293	0.190517381299287	8.77960282485194E-05	108.007376755939	0.2	0.200970352161676	0.190517381299287
620.143999576569	5.9	1.8	1227	58.9610389610389	0.2	0.00915596336126329	0.190844036638737	8.79465606630123E-05	104.108259518487	0.2	0.200317041482776	0.190844036638737
620.640999317169	5.9	1.799	1227	58.9610389610389	0.2	0.00817599734291435	0.191824002657086	8.83981579064911E-05	92.490585059058	0.2	0.201623662840575	0.191824002657086
621.127999782562	5.9	1.798	1227	58.9610389610389	0.2	0.00915596336126329	0.190844036638737	8.79465606630123E-05	104.108259518487	0.2	0.199990386143327	0.190844036638737
621.638000011444	5.9	1.797	1226	58.7012987012987	0.2	0.00588940996676685	0.194110590033233	8.94518848079415E-05	65.8388582802001	0.2	0.200970352161676	0.194110590033233
622.149000167847	5.9	1.796	1226	58.7012987012987	0.2	0.00621606530621649	0.193783934693784	8.93013523934486E-05	69.6077398562725	0.2	0.200643696822226	0.193783934693784
622.644999980927	5.9	1.795	1226	58.7012987012987	0.2	0.00686937598511578	0.193130624014884	8.90002875644628E-05	77.1837504473263	0.2	0.200970352161676	0.193130624014884
623.140999794006	5.9	1.795	1226	58.7012987012987	0.2	0.00523609928786756	0.194763900712132	8.97529496369274E-05	58.3390218265679	0.2	0.200317041482776	0.194763900712132
623.634999752045	5.9	1.794	1227	58.9610389610389	0.2	0.00654272064566613	0.193457279354334	8.91508199789557E-05	73.3893490515349	0.2	0.200643696822226	0.193457279354334
624.150000095367	5.9	1.793	1227	58.9610389610389	0.2	0.00588940996676685	0.194110590033233	8.94518848079415E-05	65.8388582802001	0.2	0.200643696822226	0.194110590033233
624.646999835968	5.9	1.793	1226	58.7012987012987	0.2	0.00621606530621649	0.193783934693784	8.93013523934486E-05	69.6077398562725	0.2	0.200317041482776	0.193783934693784
625.151999473572	5.99999999999999	1.792	1227	58.9610389610389	0.2	0.0055627546273172	0.194437245372683	8.96024172224345E-05	62.0826401759663	0.2	0.200317041482776	0.194437245372683
625.63799905777	5.99999999999999	1.837	1227	58.9610389610389	0.2	0.00654272064566613	0.193457279354334	8.91508199789557E-05	73.3893490515349	0.2	0.200317041482776	0.193457279354334
626.13499879837	5.99999999999999	1.835	1227	58.9610389610389	0.2	0.00621606530621649	0.193783934693784	8.93013523934486E-05	69.6077398562725	0.2	0.200317041482776	0.193783934693784
626.643000125885	5.99999999999999	1.832	1227	58.9610389610389	0.2	0.00588940996676685	0.194110590033233	8.94518848079415E-05	65.8388582802001	0.2	0.200970352161676	0.194110590033233
627.129999637604	5.99999999999999	1.831	1227	58.9610389610389	0.2	0.0055627546273172	0.194437245372683	8.96024172224345E-05	62.0826401759663	0.2	0.200970352161676	0.194437245372683
627.640999794006	5.99999999999999	1.828	1228	59.2207792207792	0.2	0.00458278860896827	0.195417211391032	9.00540144659133E-05	50.8893316544253	0.2	0.201623662840575	0.195417211391032
628.142999649048	5.99999999999999	1.827	1228	59.2207792207792	0.2	0.00490944394841791	0.195090556051582	8.99034820514203E-05	54.6079399417473	0.2	0.199990386143327	0.195090556051582
628.647999286652	5.99999999999999	1.826	1228	59.2207792207792	0.2	0.00621606530621649	0.193783934693784	8.93013523934486E-05	69.6077398562725	0.2	0.200317041482776	0.193783934693784
629.14899969101	5.99999999999999	1.825	1228	59.2207792207792	0.2	0.00588940996676685	0.194110590033233	8.94518848079415E-05	65.8388582802001	0.2	0.199990386143327	0.194110590033233
629.633999347687	5.99999999999999	1.823	1229	59.4805194805194	0.2	0.00490944394841791	0.195090556051582	8.99034820514203E-05	54.6079399417473	0.2	0.200643696822226	0.195090556051582
630.135999679565	5.99999999999999	1.822	1229	59.4805194805194	0.2	0.00523609928786756	0.194763900712132	8.97529496369274E-05	58.3390218265679	0.2	0.200970352161676	0.194763900712132
630.632999897003	5.99999999999999	1.821	1229	59.4805194805194	0.2	0.0055627546273172	0.194437245372683	8.96024172224345E-05	62.0826401759663	0.2	0.200317041482776	0.194437245372683
631.138999462128	5.99999999999999	1.82	1230	59.7402597402597	0.2	0.00425613326951862	0.195743866730481	9.02045468804062E-05	47.1831345171706	0.2	0.200317041482776	0.195743866730481
631.636999130249	5.99999999999999	1.819	1230	59.7402597402597	0.2	0.00490944394841791	0.195090556051582	8.99034820514203E-05	54.6079399417473	0.2	0.200317041482776	0.195090556051582
632.134999752045	5.99999999999999	1.819	1230	59.7402597402597	0.2	0.00523609928786756	0.194763900712132	8.97529496369274E-05	58.3390218265679	0.2	0.199990386143327	0.194763900712132
632.651999950409	5.99999999999999	1.818	1231	59.9999999999999	0.2	0.00588940996676685	0.194110590033233	8.94518848079415E-05	65.8388582802001	0.2	0.200970352161676	0.194110590033233
633.133999824524	5.99999999999999	1.817	1231	59.9999999999999	0.2	0.00588940996676685	0.194110590033233	8.94518848079415E-05	65.8388582802001	0.2	0.200643696822226	0.194110590033233
633.640999794006	5.99999999999999	1.816	1232	60.2597402597403	0.2	0.00588940996676685	0.194110590033233	8.94518848079415E-05	65.8388582802001	0.2	0.200317041482776	0.194110590033233
634.141999721527	5.99999999999999	1.816	1233	60.5194805194805	0.2	0.00490944394841791	0.195090556051582	8.99034820514203E-05	54.6079399417473	0.2	0.200317041482776	0.195090556051582
634.644999504089	5.99999999999999	1.815	1233	60.5194805194805	0.2	0.00392947793006898	0.196070522069931	9.03550792948991E-05	43.489286498704	0.2	0.201297007501125	0.196070522069931
635.13700056076	5.99999999999999	1.814	1233	60.5194805194805	0.2	0.00523609928786756	0.194763900712132	8.97529496369274E-05	58.3390218265679	0.2	0.199990386143327	0.194763900712132
635.626999855042	6.09999999999999	1.814	1233	60.5194805194805	0.2	0.00425613326951862	0.195743866730481	9.02045468804062E-05	47.1831345171706	0.2	0.200643696822226	0.195743866730481
636.141999721527	6.09999999999999	1.859	1234	60.7792207792208	0.2	0.00621606530621649	0.193783934693784	8.93013523934486E-05	69.6077398562725	0.2	0.200643696822226	0.193783934693784
636.64599943161	6.09999999999999	1.857	1234	60.7792207792208	0.2	0.0055627546273172	0.194437245372683	8.96024172224345E-05	62.0826401759663	0.2	0.200643696822226	0.194437245372683
637.130000114441	6.09999999999999	1.854	1234	60.7792207792208	0.2	0.00490944394841791	0.195090556051582	8.99034820514203E-05	54.6079399417473	0.2	0.200317041482776	0.195090556051582
637.633999347687	6.09999999999999	1.852	1234	60.7792207792208	0.2	0.00458278860896827	0.195417211391032	9.00540144659133E-05	50.8893316544253	0.2	0.200970352161676	0.195417211391032
638.134999275208	6.09999999999999	1.85	1234	60.7792207792208	0.2	0.00490944394841791	0.195090556051582	8.99034820514203E-05	54.6079399417473	0.2	0.200317041482776	0.195090556051582
638.648999214172	6.09999999999999	1.849	1235	61.038961038961	0.2	0.00425613326951862	0.195743866730481	9.02045468804062E-05	47.1831345171706	0.2	0.201950318180025	0.195743866730481
639.146999359131	6.09999999999999	1.847	1235	61.038961038961	0.2	0.00392947793006898	0.196070522069931	9.03550792948991E-05	43.489286498704	0.2	0.201297007501125	0.196070522069931
639.634999752045	6.09999999999999	1.847	1235	61.038961038961	0.2	0.00392947793006898	0.196070522069931	9.03550792948991E-05	43.489286498704	0.2	0.200970352161676	0.196070522069931
640.133999347687	6.09999999999999	1.845	1235	61.038961038961	0.2	0.00458278860896827	0.195417211391032	9.00540144659133E-05	50.8893316544253	0.2	0.200643696822226	0.195417211391032
640.640999794006	6.09999999999999	1.844	1235	61.038961038961	0.2	0.00490944394841791	0.195090556051582	8.99034820514203E-05	54.6079399417473	0.2	0.200317041482776	0.195090556051582
641.150000095367	6.09999999999999	1.843	1235	61.038961038961	0.2	0.00523609928786756	0.194763900712132	8.97529496369274E-05	58.3390218265679	0.2	0.200317041482776	0.194763900712132
641.63700056076	6.09999999999999	1.843	1235	61.038961038961	0.2	0.00392947793006898	0.196070522069931	9.03550792948991E-05	43.489286498704	0.2	0.200970352161676	0.196070522069931
642.140999794006	6.09999999999999	1.841	1235	61.038961038961	0.2	0.00425613326951862	0.195743866730481	9.02045468804062E-05	47.1831345171706	0.2	0.200970352161676	0.195743866730481
642.651999473572	6.09999999999999	1.841	1235	61.038961038961	0.2	0.00327616725116969	0.19672383274883	9.06561441238849E-05	36.1383917530475	0.2	0.200970352161676	0.19672383274883
643.148000240326	6.09999999999999	1.84	1235	61.038961038961	0.2	0.00425613326951862	0.195743866730481	9.02045468804062E-05	47.1831345171706	0.2	0.200643696822226	0.195743866730481
643.633999824524	6.09999999999999	1.839	1235	61.038961038961	0.2	0.00458278860896827	0.195417211391032	9.00540144659133E-05	50.8893316544253	0.2	0.200970352161676	0.195417211391032
644.142000198364	6.09999999999999	1.838	1235	61.038961038961	0.2	0.00458278860896827	0.195417211391032	9.00540144659133E-05	50.8893316544253	0.2	0.200643696822226	0.195417211391032
644.636000156403	6.09999999999999	1.838	1235	61.038961038961	0.2	0.00490944394841791	0.195090556051582	8.99034820514203E-05	54.6079399417473	0.2	0.200643696822226	0.195090556051582
645.137999534607	6.09999999999999	1.837	1234	60.7792207792208	0.2	0.00458278860896827	0.195417211391032	9.00540144659133E-05	50.8893316544253	0.2	0.200317041482776	0.195417211391032
645.644999980927	6.19999999999999	1.836	1234	60.7792207792208	0.2	0.00458278860896827	0.195417211391032	9.00540144659133E-05	50.8893316544253	0.2	0.200643696822226	0.195417211391032
646.147999763489	6.19999999999999	1.881	1233	60.5194805194805	0.2	0.00490944394841791	0.195090556051582	8.99034820514203E-05	54.6079399417473	0.2	0.200643696822226	0.195090556051582
646.623999595642	6.19999999999999	1.879	1233	60.5194805194805	0.2	0.00392947793006898	0.196070522069931	9.03550792948991E-05	43.489286498704	0.2	0.200317041482776	0.196070522069931
647.150000095367	6.19999999999999	1.877	1234	60.7792207792208	0.2	0.00458278860896827	0.195417211391032	9.00540144659133E-05	50.8893316544253	0.2	0.199663730803877	0.195417211391032
647.634999752045	6.19999999999999	1.875	1234	60.7792207792208	0.2	0.00425613326951862	0.195743866730481	9.02045468804062E-05	47.1831345171706	0.2	0.200643696822226	0.195743866730481
648.141000270844	6.19999999999999	1.874	1235	61.038961038961	0.2	0.00458278860896827	0.195417211391032	9.00540144659133E-05	50.8893316544253	0.2	0.200317041482776	0.195417211391032
648.65700006485	6.19999999999999	1.871	1235	61.038961038961	0.2	0.00458278860896827	0.195417211391032	9.00540144659133E-05	50.8893316544253	0.2	0.200643696822226	0.195417211391032
649.134999752045	6.19999999999999	1.871	1235	61.038961038961	0.2	0.00360282259061934	0.196397177409381	9.0505611709392E-05	39.8077259804373	0.2	0.201623662840575	0.196397177409381
649.634999752045	6.19999999999999	1.869	1236	61.2987012987013	0.2	0.00490944394841791	0.195090556051582	8.99034820514203E-05	54.6079399417473	0.2	0.200643696822226	0.195090556051582
650.138000488281	6.19999999999999	1.868	1236	61.2987012987013	0.2	0.00392947793006898	0.196070522069931	9.03550792948991E-05	43.489286498704	0.2	0.200643696822226	0.196070522069931
650.632999420166	6.19999999999999	1.866	1236	61.2987012987013	0.2	0.00458278860896827	0.195417211391032	9.00540144659133E-05	50.8893316544253	0.2	0.200970352161676	0.195417211391032
651.140998840332	6.19999999999999	1.866	1236	61.2987012987013	0.2	0.00392947793006898	0.196070522069931	9.03550792948991E-05	43.489286498704	0.2	0.200317041482776	0.196070522069931
651.642999649048	6.19999999999999	1.865	1237	61.5584415584415	0.2	0.00425613326951862	0.195743866730481	9.02045468804062E-05	47.1831345171706	0.2	0.200970352161676	0.195743866730481
652.133999824524	6.19999999999999	1.864	1237	61.5584415584415	0.2	0.00360282259061934	0.196397177409381	9.0505611709392E-05	39.8077259804373	0.2	0.199663730803877	0.196397177409381
652.650999546051	6.19999999999999	1.863	1237	61.5584415584415	0.2	0.00392947793006898	0.196070522069931	9.03550792948991E-05	43.489286498704	0.2	0.200317041482776	0.196070522069931
653.134999275208	6.19999999999999	1.862	1237	61.5584415584415	0.2	0.00490944394841791	0.195090556051582	8.99034820514203E-05	54.6079399417473	0.2	0.200317041482776	0.195090556051582
653.639999866486	6.19999999999999	1.861	1238	61.8181818181818	0.2	0.00360282259061934	0.196397177409381	9.0505611709392E-05	39.8077259804373	0.2	0.200317041482776	0.196397177409381
654.134999752045	6.19999999999999	1.861	1238	61.8181818181818	0.2	0.00425613326951862	0.195743866730481	9.02045468804062E-05	47.1831345171706	0.2	0.200643696822226	0.195743866730481
654.634999275208	6.19999999999999	1.86	1238	61.8181818181818	0.2	0.00392947793006898	0.196070522069931	9.03550792948991E-05	43.489286498704	0.2	0.200317041482776	0.196070522069931
655.150999546051	6.19999999999999	1.859	1239	62.077922077922	0.2	0.00294951191172005	0.19705048808828	9.08066765383779E-05	32.4812230130842	0.2	0.200643696822226	0.19705048808828
655.631999969482	6.19999999999999	1.858	1239	62.077922077922	0.2	0.00392947793006898	0.196070522069931	9.03550792948991E-05	43.489286498704	0.2	0.199990386143327	0.196070522069931
656.138999462128	6.29999999999999	1.858	1239	62.077922077922	0.2	0.00392947793006898	0.196070522069931	9.03550792948991E-05	43.489286498704	0.2	0.200317041482776	0.196070522069931
656.642999172211	6.29999999999999	1.902	1239	62.077922077922	0.2	0.00294951191172005	0.19705048808828	9.08066765383779E-05	32.4812230130842	0.2	0.200317041482776	0.19705048808828
657.156999111176	6.29999999999999	1.9	1240	62.3376623376623	0.2	0.00458278860896827	0.195417211391032	9.00540144659133E-05	50.8893316544253	0.2	0.200317041482776	0.195417211391032
657.65700006485	6.29999999999999	1.897	1240	62.3376623376623	0.2	0.00392947793006898	0.196070522069931	9.03550792948991E-05	43.489286498704	0.2	0.200317041482776	0.196070522069931
658.155999660492	6.29999999999999	1.896	1240	62.3376623376623	0.2	0.00392947793006898	0.196070522069931	9.03550792948991E-05	43.489286498704	0.2	0.199990386143327	0.196070522069931
658.647999286652	6.29999999999999	1.893	1241	62.5974025974025	0.2	0.00360282259061934	0.196397177409381	9.0505611709392E-05	39.8077259804373	0.2	0.201297007501125	0.196397177409381
659.132999420166	6.29999999999999	1.892	1241	62.5974025974025	0.2	0.00327616725116969	0.19672383274883	9.06561441238849E-05	36.1383917530475	0.2	0.200317041482776	0.19672383274883
659.637000083923	6.29999999999999	1.89	1241	62.5974025974025	0.2	0.00327616725116969	0.19672383274883	9.06561441238849E-05	36.1383917530475	0.2	0.200643696822226	0.19672383274883
660.150000095367	6.29999999999999	1.89	1241	62.5974025974025	0.2	0.00327616725116969	0.19672383274883	9.06561441238849E-05	36.1383917530475	0.2	0.200643696822226	0.19672383274883
660.64199924469	6.29999999999999	1.888	1242	62.8571428571429	0.2	0.00327616725116969	0.19672383274883	9.06561441238849E-05	36.1383917530475	0.2	0.200643696822226	0.19672383274883
661.127999782562	6.29999999999999	1.887	1242	62.8571428571429	0.2	0.00392947793006898	0.196070522069931	9.03550792948991E-05	43.489286498704	0.2	0.200317041482776	0.196070522069931
661.653000354767	6.29999999999999	1.886	1242	62.8571428571429	0.2	0.00392947793006898	0.196070522069931	9.03550792948991E-05	43.489286498704	0.2	0.200643696822226	0.196070522069931
662.137999534607	6.29999999999999	1.885	1242	62.8571428571429	0.2	0.00425613326951862	0.195743866730481	9.02045468804062E-05	47.1831345171706	0.2	0.200970352161676	0.195743866730481
662.634999752045	6.29999999999999	1.885	1242	62.8571428571429	0.2	0.00392947793006898	0.196070522069931	9.03550792948991E-05	43.489286498704	0.2	0.200970352161676	0.196070522069931
663.131999492645	6.29999999999999	1.883	1243	63.1168831168831	0.2	0.00294951191172005	0.19705048808828	9.08066765383779E-05	32.4812230130842	0.2	0.200643696822226	0.19705048808828
663.633999347687	6.29999999999999	1.883	1243	63.1168831168831	0.2	0.00327616725116969	0.19672383274883	9.06561441238849E-05	36.1383917530475	0.2	0.199663730803877	0.19672383274883
664.145000457764	6.29999999999999	1.882	1243	63.1168831168831	0.2	0.00229620123282076	0.197703798767179	9.11077413673637E-05	25.2031407908801	0.2	0.200643696822226	0.197703798767179
664.632999897003	6.29999999999999	1.881	1242	62.8571428571429	0.2	0.0026228565722704	0.19737714342773	9.09572089528708E-05	28.8361593596108	0.2	0.200970352161676	0.19737714342773
665.137999534607	6.29999999999999	1.88	1243	63.1168831168831	0.2	0.00392947793006898	0.196070522069931	9.03550792948991E-05	43.489286498704	0.2	0.200643696822226	0.196070522069931
665.634000301361	6.29999999999999	1.88	1243	63.1168831168831	0.2	0.00458278860896827	0.195417211391032	9.00540144659133E-05	50.8893316544253	0.2	0.200317041482776	0.195417211391032
666.134999752045	6.29999999999999	1.879	1243	63.1168831168831	0.2	0.00360282259061934	0.196397177409381	9.0505611709392E-05	39.8077259804373	0.2	0.200317041482776	0.196397177409381
666.647000312805	6.39999999999999	1.878	1243	63.1168831168831	0.2	0.00294951191172005	0.19705048808828	9.08066765383779E-05	32.4812230130842	0.2	0.200970352161676	0.19705048808828
667.125999927521	6.39999999999999	1.923	1243	63.1168831168831	0.2	0.0026228565722704	0.19737714342773	9.09572089528708E-05	28.8361593596108	0.2	0.200970352161676	0.19737714342773
667.64999961853	6.39999999999999	1.921	1243	63.1168831168831	0.2	0.00327616725116969	0.19672383274883	9.06561441238849E-05	36.1383917530475	0.2	0.200643696822226	0.19672383274883
668.133999824524	6.39999999999999	1.917	1243	63.1168831168831	0.2	0.00360282259061934	0.196397177409381	9.0505611709392E-05	39.8077259804373	0.2	0.200643696822226	0.196397177409381
668.642999649048	6.39999999999999	1.916	1243	63.1168831168831	0.2	0.00327616725116969	0.19672383274883	9.06561441238849E-05	36.1383917530475	0.2	0.201623662840575	0.19672383274883
669.14599943161	6.39999999999999	1.914	1243	63.1168831168831	0.2	0.00327616725116969	0.19672383274883	9.06561441238849E-05	36.1383917530475	0.2	0.200970352161676	0.19672383274883
669.635999202728	6.39999999999999	1.913	1243	63.1168831168831	0.2	0.00360282259061934	0.196397177409381	9.0505611709392E-05	39.8077259804373	0.2	0.200643696822226	0.196397177409381
670.143999576569	6.39999999999999	1.911	1243	63.1168831168831	0.2	0.00392947793006898	0.196070522069931	9.03550792948991E-05	43.489286498704	0.2	0.200970352161676	0.196070522069931
670.632999897003	6.39999999999999	1.91	1243	63.1168831168831	0.2	0.00327616725116969	0.19672383274883	9.06561441238849E-05	36.1383917530475	0.2	0.200317041482776	0.19672383274883
671.137999534607	6.39999999999999	1.909	1244	63.3766233766234	0.2	0.00392947793006898	0.196070522069931	9.03550792948991E-05	43.489286498704	0.2	0.200643696822226	0.196070522069931
671.63300037384	6.39999999999999	1.908	1244	63.3766233766234	0.2	0.00392947793006898	0.196070522069931	9.03550792948991E-05	43.489286498704	0.2	0.201297007501125	0.196070522069931
672.14999961853	6.39999999999999	1.906	1244	63.3766233766234	0.2	0.00327616725116969	0.19672383274883	9.06561441238849E-05	36.1383917530475	0.2	0.200317041482776	0.19672383274883
672.646000385284	6.39999999999999	1.906	1243	63.1168831168831	0.2	0.00294951191172005	0.19705048808828	9.08066765383779E-05	32.4812230130842	0.2	0.199990386143327	0.19705048808828
673.132998943329	6.39999999999999	1.905	1244	63.3766233766234	0.2	0.00360282259061934	0.196397177409381	9.0505611709392E-05	39.8077259804373	0.2	0.200970352161676	0.196397177409381
673.634000301361	6.39999999999999	1.904	1244	63.3766233766234	0.2	0.00327616725116969	0.19672383274883	9.06561441238849E-05	36.1383917530475	0.2	0.200317041482776	0.19672383274883
674.146999835968	6.39999999999999	1.903	1245	63.6363636363636	0.2	0.00392947793006898	0.196070522069931	9.03550792948991E-05	43.489286498704	0.2	0.199990386143327	0.196070522069931
674.632999420166	6.39999999999999	1.902	1245	63.6363636363636	0.2	0.00360282259061934	0.196397177409381	9.0505611709392E-05	39.8077259804373	0.2	0.200317041482776	0.196397177409381
675.141999721527	6.39999999999999	1.901	1245	63.6363636363636	0.2	0.00327616725116969	0.19672383274883	9.06561441238849E-05	36.1383917530475	0.2	0.200643696822226	0.19672383274883
675.630999565125	6.39999999999999	1.901	1245	63.6363636363636	0.2	0.0026228565722704	0.19737714342773	9.09572089528708E-05	28.8361593596108	0.2	0.200643696822226	0.19737714342773
676.151999473572	6.39999999999999	1.9	1245	63.6363636363636	0.2	0.00327616725116969	0.19672383274883	9.06561441238849E-05	36.1383917530475	0.2	0.201950318180025	0.19672383274883
676.640999794006	6.49999999999999	1.946	1245	63.6363636363636	0.2	0.00327616725116969	0.19672383274883	9.06561441238849E-05	36.1383917530475	0.2	0.200970352161676	0.19672383274883
677.136999607086	6.49999999999999	1.944	1245	63.6363636363636	0.2	0.00360282259061934	0.196397177409381	9.0505611709392E-05	39.8077259804373	0.2	0.200643696822226	0.196397177409381
677.631999969482	6.49999999999999	1.94	1246	63.8961038961039	0.2	0.00327616725116969	0.19672383274883	9.06561441238849E-05	36.1383917530475	0.2	0.199990386143327	0.19672383274883
678.133999347687	6.49999999999999	1.939	1245	63.6363636363636	0.2	0.0026228565722704	0.19737714342773	9.09572089528708E-05	28.8361593596108	0.2	0.200970352161676	0.19737714342773
678.644999504089	6.49999999999999	1.936	1245	63.6363636363636	0.2	0.00196954589337112	0.198030454106629	9.12582737818566E-05	21.582107701041	0.2	0.200970352161676	0.198030454106629
679.143999576569	6.49999999999999	1.935	1245	63.6363636363636	0.2	0.00360282259061934	0.196397177409381	9.0505611709392E-05	39.8077259804373	0.2	0.200317041482776	0.196397177409381
679.634999752045	6.49999999999999	1.933	1246	63.8961038961039	0.2	0.00196954589337112	0.198030454106629	9.12582737818566E-05	21.582107701041	0.2	0.199990386143327	0.198030454106629
680.129999637604	6.49999999999999	1.932	1246	63.8961038961039	0.2	0.0026228565722704	0.19737714342773	9.09572089528708E-05	28.8361593596108	0.2	0.199663730803877	0.19737714342773
680.637000083923	6.49999999999999	1.93	1246	63.8961038961039	0.2	0.00327616725116969	0.19672383274883	9.06561441238849E-05	36.1383917530475	0.2	0.200643696822226	0.19672383274883
681.134999752045	6.49999999999999	1.93	1246	63.8961038961039	0.2	0.0026228565722704	0.19737714342773	9.09572089528708E-05	28.8361593596108	0.2	0.200317041482776	0.19737714342773
681.648999214172	6.49999999999999	1.928	1246	63.8961038961039	0.2	0.0026228565722704	0.19737714342773	9.09572089528708E-05	28.8361593596108	0.2	0.200643696822226	0.19737714342773
682.139000415802	6.49999999999999	1.927	1246	63.8961038961039	0.2	0.0026228565722704	0.19737714342773	9.09572089528708E-05	28.8361593596108	0.2	0.200317041482776	0.19737714342773
682.634999275208	6.49999999999999	1.926	1246	63.8961038961039	0.2	0.0026228565722704	0.19737714342773	9.09572089528708E-05	28.8361593596108	0.2	0.199663730803877	0.19737714342773
683.152999401093	6.49999999999999	1.925	1246	63.8961038961039	0.2	0.00294951191172005	0.19705048808828	9.08066765383779E-05	32.4812230130842	0.2	0.200643696822226	0.19705048808828
683.638999462128	6.49999999999999	1.924	1247	64.1558441558442	0.2	0.00294951191172005	0.19705048808828	9.08066765383779E-05	32.4812230130842	0.2	0.201297007501125	0.19705048808828
684.142000198364	6.49999999999999	1.924	1247	64.1558441558442	0.2	0.0026228565722704	0.19737714342773	9.09572089528708E-05	28.8361593596108	0.2	0.200643696822226	0.19737714342773
684.631999492645	6.49999999999999	1.923	1247	64.1558441558442	0.2	0.00294951191172005	0.19705048808828	9.08066765383779E-05	32.4812230130842	0.2	0.200317041482776	0.19705048808828
685.14999961853	6.49999999999999	1.922	1248	64.4155844155844	0.2	0.00327616725116969	0.19672383274883	9.06561441238849E-05	36.1383917530475	0.2	0.200970352161676	0.19672383274883
685.659999847412	6.49999999999999	1.921	1248	64.4155844155844	0.2	0.0026228565722704	0.19737714342773	9.09572089528708E-05	28.8361593596108	0.2	0.200317041482776	0.19737714342773
686.128999710083	6.49999999999999	1.921	1249	64.6753246753247	0.2	0.00196954589337112	0.198030454106629	9.12582737818566E-05	21.582107701041	0.2	0.199990386143327	0.198030454106629
686.653000354767	6.59999999999999	1.92	1249	64.6753246753247	0.2	0.0026228565722704	0.19737714342773	9.09572089528708E-05	28.8361593596108	0.2	0.200643696822226	0.19737714342773
687.133999347687	6.59999999999999	1.965	1249	64.6753246753247	0.2	0.0026228565722704	0.19737714342773	9.09572089528708E-05	28.8361593596108	0.2	0.200643696822226	0.19737714342773
687.644999504089	6.59999999999999	1.963	1250	64.9350649350649	0.2	0.00392947793006898	0.196070522069931	9.03550792948991E-05	43.489286498704	0.2	0.200643696822226	0.196070522069931
688.138000488281	6.59999999999999	1.959	1250	64.9350649350649	0.2	0.0026228565722704	0.19737714342773	9.09572089528708E-05	28.8361593596108	0.2	0.200643696822226	0.19737714342773
688.635000228882	6.59999999999999	1.958	1250	64.9350649350649	0.2	0.0026228565722704	0.19737714342773	9.09572089528708E-05	28.8361593596108	0.2	0.200317041482776	0.19737714342773
689.14999961853	6.59999999999999	1.956	1250	64.9350649350649	0.2	0.00392947793006898	0.196070522069931	9.03550792948991E-05	43.489286498704	0.2	0.200317041482776	0.196070522069931
689.636999607086	6.59999999999999	1.955	1249	64.6753246753247	0.2	0.00327616725116969	0.19672383274883	9.06561441238849E-05	36.1383917530475	0.2	0.201623662840575	0.19672383274883
690.136999607086	6.59999999999999	1.953	1250	64.9350649350649	0.2	0.00294951191172005	0.19705048808828	9.08066765383779E-05	32.4812230130842	0.2	0.199663730803877	0.19705048808828
690.638999462128	6.59999999999999	1.952	1249	64.6753246753247	0.2	0.00196954589337112	0.198030454106629	9.12582737818566E-05	21.582107701041	0.2	0.200643696822226	0.198030454106629
691.129999637604	6.59999999999999	1.951	1250	64.9350649350649	0.2	0.0026228565722704	0.19737714342773	9.09572089528708E-05	28.8361593596108	0.2	0.200317041482776	0.19737714342773
691.64599943161	6.59999999999999	1.95	1249	64.6753246753247	0.2	0.0026228565722704	0.19737714342773	9.09572089528708E-05	28.8361593596108	0.2	0.200970352161676	0.19737714342773
692.133999824524	6.59999999999999	1.948	1249	64.6753246753247	0.2	0.00294951191172005	0.19705048808828	9.08066765383779E-05	32.4812230130842	0.2	0.200317041482776	0.19705048808828
692.632999420166	6.59999999999999	1.947	1249	64.6753246753247	0.2	0.0026228565722704	0.19737714342773	9.09572089528708E-05	28.8361593596108	0.2	0.200317041482776	0.19737714342773
693.147999763489	6.59999999999999	1.946	1249	64.6753246753247	0.2	0.0026228565722704	0.19737714342773	9.09572089528708E-05	28.8361593596108	0.2	0.200317041482776	0.19737714342773
693.646999359131	6.59999999999999	1.946	1249	64.6753246753247	0.2	0.00327616725116969	0.19672383274883	9.06561441238849E-05	36.1383917530475	0.2	0.200317041482776	0.19672383274883
694.133999824524	6.59999999999999	1.945	1249	64.6753246753247	0.2	0.0026228565722704	0.19737714342773	9.09572089528708E-05	28.8361593596108	0.2	0.200643696822226	0.19737714342773
694.646999359131	6.59999999999999	1.944	1249	64.6753246753247	0.2	0.00327616725116969	0.19672383274883	9.06561441238849E-05	36.1383917530475	0.2	0.199990386143327	0.19672383274883
695.136999130249	6.59999999999999	1.943	1249	64.6753246753247	0.2	0.0026228565722704	0.19737714342773	9.09572089528708E-05	28.8361593596108	0.2	0.200970352161676	0.19737714342773
695.636000156403	6.59999999999999	1.943	1249	64.6753246753247	0.2	0.00327616725116969	0.19672383274883	9.06561441238849E-05	36.1383917530475	0.2	0.200643696822226	0.19672383274883
696.133999824524	6.59999999999999	1.942	1249	64.6753246753247	0.2	0.00360282259061934	0.196397177409381	9.0505611709392E-05	39.8077259804373	0.2	0.199990386143327	0.196397177409381
696.621000289917	6.59999999999999	1.941	1249	64.6753246753247	0.2	0.0026228565722704	0.19737714342773	9.09572089528708E-05	28.8361593596108	0.2	0.200643696822226	0.19737714342773
697.14899969101	6.69999999999999	1.941	1250	64.9350649350649	0.2	0.00294951191172005	0.19705048808828	9.08066765383779E-05	32.4812230130842	0.2	0.200970352161676	0.19705048808828
697.646999835968	6.69999999999999	1.985	1250	64.9350649350649	0.2	0.00327616725116969	0.19672383274883	9.06561441238849E-05	36.1383917530475	0.2	0.200643696822226	0.19672383274883
698.136999607086	6.69999999999999	1.982	1251	65.1948051948052	0.2	0.0026228565722704	0.19737714342773	9.09572089528708E-05	28.8361593596108	0.2	0.199990386143327	0.19737714342773
698.633999824524	6.69999999999999	1.979	1251	65.1948051948052	0.2	0.0026228565722704	0.19737714342773	9.09572089528708E-05	28.8361593596108	0.2	0.200317041482776	0.19737714342773
699.133999347687	6.69999999999999	1.978	1251	65.1948051948052	0.2	0.00294951191172005	0.19705048808828	9.08066765383779E-05	32.4812230130842	0.2	0.200643696822226	0.19705048808828
699.640999794006	6.69999999999999	1.976	1251	65.1948051948052	0.2	0.00327616725116969	0.19672383274883	9.06561441238849E-05	36.1383917530475	0.2	0.199663730803877	0.19672383274883
700.133999347687	6.69999999999999	1.974	1251	65.1948051948052	0.2	0.0026228565722704	0.19737714342773	9.09572089528708E-05	28.8361593596108	0.2	0.200643696822226	0.19737714342773
700.639999389648	6.69999999999999	1.973	1252	65.4545454545455	0.2	0.00196954589337112	0.198030454106629	9.12582737818566E-05	21.582107701041	0.2	0.201297007501125	0.198030454106629
701.133999824524	6.69999999999999	1.972	1252	65.4545454545455	0.2	0.00360282259061934	0.196397177409381	9.0505611709392E-05	39.8077259804373	0.2	0.199990386143327	0.196397177409381
701.636999130249	6.69999999999999	1.97	1252	65.4545454545455	0.2	0.0026228565722704	0.19737714342773	9.09572089528708E-05	28.8361593596108	0.2	0.200317041482776	0.19737714342773
702.153999328613	6.69999999999999	1.97	1252	65.4545454545455	0.2	0.00229620123282076	0.197703798767179	9.11077413673637E-05	25.2031407908801	0.2	0.200643696822226	0.197703798767179
702.635999679565	6.69999999999999	1.968	1253	65.7142857142857	0.2	0.0026228565722704	0.19737714342773	9.09572089528708E-05	28.8361593596108	0.2	0.201297007501125	0.19737714342773
703.133999824524	6.69999999999999	1.968	1253	65.7142857142857	0.2	0.00327616725116969	0.19672383274883	9.06561441238849E-05	36.1383917530475	0.2	0.200970352161676	0.19672383274883
703.630999565125	6.69999999999999	1.966	1253	65.7142857142857	0.2	0.00294951191172005	0.19705048808828	9.08066765383779E-05	32.4812230130842	0.2	0.201297007501125	0.19705048808828
704.134000301361	6.69999999999999	1.966	1252	65.4545454545455	0.2	0.0026228565722704	0.19737714342773	9.09572089528708E-05	28.8361593596108	0.2	0.201297007501125	0.19737714342773
704.650999069214	6.69999999999999	1.965	1251	65.1948051948052	0.2	0.00294951191172005	0.19705048808828	9.08066765383779E-05	32.4812230130842	0.2	0.199010420124978	0.19705048808828
705.131999969482	6.69999999999999	1.964	1250	64.9350649350649	0.2	0.00294951191172005	0.19705048808828	9.08066765383779E-05	32.4812230130842	0.2	0.200643696822226	0.19705048808828
705.637000083923	6.69999999999999	1.963	1249	64.6753246753247	0.2	0.00229620123282076	0.197703798767179	9.11077413673637E-05	25.2031407908801	0.2	0.199990386143327	0.197703798767179
706.134000301361	6.69999999999999	1.963	1248	64.4155844155844	0.2	0.00294951191172005	0.19705048808828	9.08066765383779E-05	32.4812230130842	0.2	0.200970352161676	0.19705048808828
706.634999752045	6.69999999999999	1.962	1248	64.4155844155844	0.2	0.00327616725116969	0.19672383274883	9.06561441238849E-05	36.1383917530475	0.2	0.200643696822226	0.19672383274883
707.144999980927	6.69999999999999	1.962	1247	64.1558441558442	0.2	0.00294951191172005	0.19705048808828	9.08066765383779E-05	32.4812230130842	0.2	0.200643696822226	0.19705048808828
707.66100025177	6.79999999999999	1.961	1247	64.1558441558442	0.2	0.0026228565722704	0.19737714342773	9.09572089528708E-05	28.8361593596108	0.2	0.201297007501125	0.19737714342773
708.133999347687	6.79999999999999	2.005	1248	64.4155844155844	0.2	0.00360282259061934	0.196397177409381	9.0505611709392E-05	39.8077259804373	0.2	0.200317041482776	0.196397177409381
708.641999721527	6.79999999999999	2.003	1248	64.4155844155844	0.2	0.00327616725116969	0.19672383274883	9.06561441238849E-05	36.1383917530475	0.2	0.200317041482776	0.19672383274883
709.135999679565	6.79999999999999	2	1249	64.6753246753247	0.2	0.00229620123282076	0.197703798767179	9.11077413673637E-05	25.2031407908801	0.2	0.200317041482776	0.197703798767179
709.650999546051	6.79999999999999	1.998	1248	64.4155844155844	0.2	0.00392947793006898	0.196070522069931	9.03550792948991E-05	43.489286498704	0.2	0.200970352161676	0.196070522069931
710.144000053406	6.79999999999999	1.997	1249	64.6753246753247	0.2	0.00327616725116969	0.19672383274883	9.06561441238849E-05	36.1383917530475	0.2	0.200643696822226	0.19672383274883
710.632999897003	6.79999999999999	1.995	1249	64.6753246753247	0.2	0.0026228565722704	0.19737714342773	9.09572089528708E-05	28.8361593596108	0.2	0.199663730803877	0.19737714342773
711.149000167847	6.79999999999999	1.993	1250	64.9350649350649	0.2	0.00294951191172005	0.19705048808828	9.08066765383779E-05	32.4812230130842	0.2	0.201297007501125	0.19705048808828
711.646999835968	6.79999999999999	1.993	1250	64.9350649350649	0.2	0.0026228565722704	0.19737714342773	9.09572089528708E-05	28.8361593596108	0.2	0.200643696822226	0.19737714342773
712.142000198364	6.79999999999999	1.991	1251	65.1948051948052	0.2	0.0026228565722704	0.19737714342773	9.09572089528708E-05	28.8361593596108	0.2	0.200643696822226	0.19737714342773
712.632999420166	6.79999999999999	1.99	1252	65.4545454545455	0.2	0.0026228565722704	0.19737714342773	9.09572089528708E-05	28.8361593596108	0.2	0.200643696822226	0.19737714342773
713.13399887085	6.79999999999999	1.989	1252	65.4545454545455	0.2	0.00196954589337112	0.198030454106629	9.12582737818566E-05	21.582107701041	0.2	0.199990386143327	0.198030454106629
713.634999752045	6.79999999999999	1.988	1253	65.7142857142857	0.2	0.0026228565722704	0.19737714342773	9.09572089528708E-05	28.8361593596108	0.2	0.200643696822226	0.19737714342773
714.132999420166	6.79999999999999	1.987	1253	65.7142857142857	0.2	0.00327616725116969	0.19672383274883	9.06561441238849E-05	36.1383917530475	0.2	0.200317041482776	0.19672383274883
714.635000228882	6.79999999999999	1.987	1253	65.7142857142857	0.2	0.00294951191172005	0.19705048808828	9.08066765383779E-05	32.4812230130842	0.2	0.200643696822226	0.19705048808828
715.132999897003	6.79999999999999	1.986	1254	65.974025974026	0.2	0.00196954589337112	0.198030454106629	9.12582737818566E-05	21.582107701041	0.2	0.200970352161676	0.198030454106629
715.655999660492	6.79999999999999	1.985	1254	65.974025974026	0.2	0.00294951191172005	0.19705048808828	9.08066765383779E-05	32.4812230130842	0.2	0.201297007501125	0.19705048808828
716.131999492645	6.79999999999999	1.984	1255	66.2337662337662	0.2	0.0026228565722704	0.19737714342773	9.09572089528708E-05	28.8361593596108	0.2	0.200317041482776	0.19737714342773
716.631999492645	6.79999999999999	1.983	1255	66.2337662337662	0.2	0.00294951191172005	0.19705048808828	9.08066765383779E-05	32.4812230130842	0.2	0.200643696822226	0.19705048808828
717.140999794006	6.79999999999999	1.982	1256	66.4935064935065	0.2	0.00229620123282076	0.197703798767179	9.11077413673637E-05	25.2031407908801	0.2	0.200317041482776	0.197703798767179
717.62900018692	6.79999999999999	1.982	1256	66.4935064935065	0.2	0.00294951191172005	0.19705048808828	9.08066765383779E-05	32.4812230130842	0.2	0.200643696822226	0.19705048808828
718.14199924469	6.89999999999999	1.981	1256	66.4935064935065	0.2	0.00294951191172005	0.19705048808828	9.08066765383779E-05	32.4812230130842	0.2	0.201297007501125	0.19705048808828
718.631999492645	6.89999999999999	2.025	1256	66.4935064935065	0.2	0.0026228565722704	0.19737714342773	9.09572089528708E-05	28.8361593596108	0.2	0.199337075464427	0.19737714342773
719.144999504089	6.89999999999999	2.023	1256	66.4935064935065	0.2	0.00327616725116969	0.19672383274883	9.06561441238849E-05	36.1383917530475	0.2	0.200643696822226	0.19672383274883
719.639999389648	6.89999999999999	2.02	1256	66.4935064935065	0.2	0.0026228565722704	0.19737714342773	9.09572089528708E-05	28.8361593596108	0.2	0.200643696822226	0.19737714342773
720.130999565125	6.89999999999999	2.018	1256	66.4935064935065	0.2	0.0026228565722704	0.19737714342773	9.09572089528708E-05	28.8361593596108	0.2	0.200643696822226	0.19737714342773
720.640999317169	6.89999999999999	2.016	1257	66.7532467532468	0.2	0.0026228565722704	0.19737714342773	9.09572089528708E-05	28.8361593596108	0.2	0.200643696822226	0.19737714342773
721.141999721527	6.89999999999999	2.015	1257	66.7532467532468	0.2	0.00229620123282076	0.197703798767179	9.11077413673637E-05	25.2031407908801	0.2	0.200970352161676	0.197703798767179
721.651999950409	6.89999999999999	2.013	1257	66.7532467532468	0.2	0.00294951191172005	0.19705048808828	9.08066765383779E-05	32.4812230130842	0.2	0.200317041482776	0.19705048808828
722.136999607086	6.89999999999999	2.013	1257	66.7532467532468	0.2	0.0026228565722704	0.19737714342773	9.09572089528708E-05	28.8361593596108	0.2	0.201297007501125	0.19737714342773
722.631999492645	6.89999999999999	2.011	1257	66.7532467532468	0.2	0.00294951191172005	0.19705048808828	9.08066765383779E-05	32.4812230130842	0.2	0.200970352161676	0.19705048808828
723.146999835968	6.89999999999999	2.01	1258	67.012987012987	0.2	0.00229620123282076	0.197703798767179	9.11077413673637E-05	25.2031407908801	0.2	0.200643696822226	0.197703798767179
723.636999607086	6.89999999999999	2.009	1258	67.012987012987	0.2	0.0026228565722704	0.19737714342773	9.09572089528708E-05	28.8361593596108	0.2	0.201623662840575	0.19737714342773
724.137999534607	6.89999999999999	2.008	1258	67.012987012987	0.2	0.00294951191172005	0.19705048808828	9.08066765383779E-05	32.4812230130842	0.2	0.199990386143327	0.19705048808828
724.635999679565	6.89999999999999	2.007	1257	66.7532467532468	0.2	0.00229620123282076	0.197703798767179	9.11077413673637E-05	25.2031407908801	0.2	0.200643696822226	0.197703798767179
725.133999347687	6.89999999999999	2.006	1257	66.7532467532468	0.2	0.00294951191172005	0.19705048808828	9.08066765383779E-05	32.4812230130842	0.2	0.199990386143327	0.19705048808828
725.636999130249	6.89999999999999	2.005	1258	67.012987012987	0.2	0.00196954589337112	0.198030454106629	9.12582737818566E-05	21.582107701041	0.2	0.200970352161676	0.198030454106629
726.138999462128	6.89999999999999	2.005	1258	67.012987012987	0.2	0.00327616725116969	0.19672383274883	9.06561441238849E-05	36.1383917530475	0.2	0.200970352161676	0.19672383274883
726.639999389648	6.89999999999999	2.004	1257	66.7532467532468	0.2	0.00360282259061934	0.196397177409381	9.0505611709392E-05	39.8077259804373	0.2	0.199663730803877	0.196397177409381
727.136000156403	6.89999999999999	2.003	1258	67.012987012987	0.2	0.00196954589337112	0.198030454106629	9.12582737818566E-05	21.582107701041	0.2	0.199990386143327	0.198030454106629
727.634999752045	6.89999999999999	2.003	1259	67.2727272727273	0.2	0.0026228565722704	0.19737714342773	9.09572089528708E-05	28.8361593596108	0.2	0.200317041482776	0.19737714342773
728.143999576569	6.89999999999999	2.002	1259	67.2727272727273	0.2	0.00229620123282076	0.197703798767179	9.11077413673637E-05	25.2031407908801	0.2	0.200970352161676	0.197703798767179
728.64999961853	6.99999999999999	2.001	1260	67.5324675324675	0.2	0.0026228565722704	0.19737714342773	9.09572089528708E-05	28.8361593596108	0.2	0.200643696822226	0.19737714342773
729.137000083923	6.99999999999999	2.045	1260	67.5324675324675	0.2	0.00229620123282076	0.197703798767179	9.11077413673637E-05	25.2031407908801	0.2	0.200970352161676	0.197703798767179
729.631000041962	6.99999999999999	2.043	1260	67.5324675324675	0.2	0.0026228565722704	0.19737714342773	9.09572089528708E-05	28.8361593596108	0.2	0.199663730803877	0.19737714342773
