Time (s)	Peltier Voltage (V)	Peltier PSU Current (A)	PT1000 Resistance (Ohm)	Temperature (C)	Drive Voltage (V)	Bias Voltage (V)	Resistor Voltage Drop (V)	Current (A)	Sample Resistance (Ohm)	Raw AO0 (V)	Raw AI0 (V)	Raw AI1 (V)
0.8319993019104	0	0	1109	28.3116883116883	0.2	0.185549846664071	0.0144501533359289	6.6590568368336E-06	27864.2833678381	0.2	0.200643696822226	0.0144501533359289
1.98399972915649	0	0	1109	28.3116883116883	0.2	0.185549846664071	0.0144501533359289	6.6590568368336E-06	27864.2833678381	0.2	0.201297007501125	0.0144501533359289
2.34299898147583	0	0	1109	28.3116883116883	0.2	0.18620315734297	0.0137968426570296	6.35799200784775E-06	29286.4723820252	0.2	0.200970352161676	0.0137968426570296
2.83699893951416	0	0	1109	28.3116883116883	0.2	0.185549846664071	0.0144501533359289	6.6590568368336E-06	27864.2833678381	0.2	0.199990386143327	0.0144501533359289
3.33299922943115	0	0	1108	28.0519480519481	0.2	0.18620315734297	0.0137968426570296	6.35799200784775E-06	29286.4723820252	0.2	0.200970352161676	0.0137968426570296
3.84500026702881	0	0	1109	28.3116883116883	0.2	0.185876502003521	0.0141234979964793	6.50852442234068E-06	28558.9313248169	0.2	0.200643696822226	0.0141234979964793
4.33599948883057	0	0	1109	28.3116883116883	0.2	0.185549846664071	0.0144501533359289	6.6590568368336E-06	27864.2833678381	0.2	0.200317041482776	0.0144501533359289
4.84299993515015	0	0	1109	28.3116883116883	0.2	0.185223191324621	0.0147768086753786	6.80958925132653E-06	27200.3471117644	0.2	0.200970352161676	0.0147768086753786
5.33899879455566	0	0	1109	28.3116883116883	0.2	0.185223191324621	0.0147768086753786	6.80958925132653E-06	27200.3471117644	0.2	0.201297007501125	0.0147768086753786
5.83499956130981	0	0	1109	28.3116883116883	0.2	0.185549846664071	0.0144501533359289	6.6590568368336E-06	27864.2833678381	0.2	0.200970352161676	0.0144501533359289
6.33299875259399	0	0	1109	28.3116883116883	0.2	0.18620315734297	0.0137968426570296	6.35799200784775E-06	29286.4723820252	0.2	0.200317041482776	0.0137968426570296
6.84199905395508	0	0	1109	28.3116883116883	0.2	0.185876502003521	0.0141234979964793	6.50852442234068E-06	28558.9313248169	0.2	0.199663730803877	0.0141234979964793
7.34299945831299	0	0	1109	28.3116883116883	0.2	0.18652981268242	0.01347018731758	6.20745959335483E-06	30049.2995366579	0.2	0.200970352161676	0.01347018731758
7.85199928283691	0	0	1108	28.0519480519481	0.2	0.18652981268242	0.01347018731758	6.20745959335483E-06	30049.2995366579	0.2	0.200643696822226	0.01347018731758
8.33399868011475	0	0	1109	28.3116883116883	0.2	0.18620315734297	0.0137968426570296	6.35799200784775E-06	29286.4723820252	0.2	0.200970352161676	0.0137968426570296
8.83599948883057	0.1	0	1108	28.0519480519481	0.2	0.185876502003521	0.0141234979964793	6.50852442234068E-06	28558.9313248169	0.2	0.200643696822226	0.0141234979964793
9.34299993515015	0.1	0.047	1108	28.0519480519481	0.2	0.185549846664071	0.0144501533359289	6.6590568368336E-06	27864.2833678381	0.2	0.200970352161676	0.0144501533359289
9.83599996566772	0.1	0.046	1108	28.0519480519481	0.2	0.18620315734297	0.0137968426570296	6.35799200784775E-06	29286.4723820252	0.2	0.200643696822226	0.0137968426570296
10.3349986076355	0.1	0.043	1108	28.0519480519481	0.2	0.185549846664071	0.0144501533359289	6.6590568368336E-06	27864.2833678381	0.2	0.199990386143327	0.0144501533359289
10.8379993438721	0.1	0.043	1108	28.0519480519481	0.2	0.18620315734297	0.0137968426570296	6.35799200784775E-06	29286.4723820252	0.2	0.200970352161676	0.0137968426570296
11.3359990119934	0.1	0.041	1109	28.3116883116883	0.2	0.185876502003521	0.0141234979964793	6.50852442234068E-06	28558.9313248169	0.2	0.200970352161676	0.0141234979964793
11.8369998931885	0.1	0.041	1108	28.0519480519481	0.2	0.18620315734297	0.0137968426570296	6.35799200784775E-06	29286.4723820252	0.2	0.200317041482776	0.0137968426570296
12.3359990119934	0.1	0.04	1108	28.0519480519481	0.2	0.18620315734297	0.0137968426570296	6.35799200784775E-06	29286.4723820252	0.2	0.200317041482776	0.0137968426570296
12.8319997787476	0.1	0.039	1108	28.0519480519481	0.2	0.185549846664071	0.0144501533359289	6.6590568368336E-06	27864.2833678381	0.2	0.200970352161676	0.0144501533359289
13.3379993438721	0.1	0.039	1108	28.0519480519481	0.2	0.18652981268242	0.01347018731758	6.20745959335483E-06	30049.2995366579	0.2	0.200643696822226	0.01347018731758
13.8399987220764	0.1	0.039	1108	28.0519480519481	0.2	0.185549846664071	0.0144501533359289	6.6590568368336E-06	27864.2833678381	0.2	0.200317041482776	0.0144501533359289
14.33899974823	0.1	0.038	1108	28.0519480519481	0.2	0.185549846664071	0.0144501533359289	6.6590568368336E-06	27864.2833678381	0.2	0.199990386143327	0.0144501533359289
14.8379993438721	0.1	0.038	1108	28.0519480519481	0.2	0.185876502003521	0.0141234979964793	6.50852442234068E-06	28558.9313248169	0.2	0.199990386143327	0.0141234979964793
15.3399991989136	0.1	0.038	1108	28.0519480519481	0.2	0.185549846664071	0.0144501533359289	6.6590568368336E-06	27864.2833678381	0.2	0.199990386143327	0.0144501533359289
15.8359999656677	0.1	0.038	1108	28.0519480519481	0.2	0.18620315734297	0.0137968426570296	6.35799200784775E-06	29286.4723820252	0.2	0.200643696822226	0.0137968426570296
16.3319993019104	0.1	0.037	1108	28.0519480519481	0.2	0.185549846664071	0.0144501533359289	6.6590568368336E-06	27864.2833678381	0.2	0.200317041482776	0.0144501533359289
16.8439993858337	0.1	0.037	1109	28.3116883116883	0.2	0.18620315734297	0.0137968426570296	6.35799200784775E-06	29286.4723820252	0.2	0.200970352161676	0.0137968426570296
17.3309993743896	0.2	0.093	1108	28.0519480519481	0.2	0.185876502003521	0.0141234979964793	6.50852442234068E-06	28558.9313248169	0.2	0.200643696822226	0.0141234979964793
17.8299994468689	0.2	0.091	1108	28.0519480519481	0.2	0.185876502003521	0.0141234979964793	6.50852442234068E-06	28558.9313248169	0.2	0.200643696822226	0.0141234979964793
18.3439993858337	0.2	0.089	1108	28.0519480519481	0.2	0.185876502003521	0.0141234979964793	6.50852442234068E-06	28558.9313248169	0.2	0.200643696822226	0.0141234979964793
18.8359985351563	0.2	0.086	1108	28.0519480519481	0.2	0.185876502003521	0.0141234979964793	6.50852442234068E-06	28558.9313248169	0.2	0.199990386143327	0.0141234979964793
19.3369994163513	0.2	0.085	1108	28.0519480519481	0.2	0.185549846664071	0.0144501533359289	6.6590568368336E-06	27864.2833678381	0.2	0.201297007501125	0.0144501533359289
19.8379993438721	0.2	0.084	1108	28.0519480519481	0.2	0.18652981268242	0.01347018731758	6.20745959335483E-06	30049.2995366579	0.2	0.200970352161676	0.01347018731758
20.3359990119934	0.2	0.083	1108	28.0519480519481	0.2	0.185549846664071	0.0144501533359289	6.6590568368336E-06	27864.2833678381	0.2	0.199990386143327	0.0144501533359289
20.8470001220703	0.2	0.082	1108	28.0519480519481	0.2	0.18620315734297	0.0137968426570296	6.35799200784775E-06	29286.4723820252	0.2	0.200317041482776	0.0137968426570296
21.3409991264343	0.2	0.082	1108	28.0519480519481	0.2	0.185876502003521	0.0141234979964793	6.50852442234068E-06	28558.9313248169	0.2	0.200317041482776	0.0141234979964793
21.8309993743896	0.2	0.081	1108	28.0519480519481	0.2	0.18620315734297	0.0137968426570296	6.35799200784775E-06	29286.4723820252	0.2	0.200643696822226	0.0137968426570296
22.3369989395142	0.2	0.081	1108	28.0519480519481	0.2	0.185223191324621	0.0147768086753786	6.80958925132653E-06	27200.3471117644	0.2	0.199990386143327	0.0147768086753786
22.8359994888306	0.2	0.08	1108	28.0519480519481	0.2	0.185549846664071	0.0144501533359289	6.6590568368336E-06	27864.2833678381	0.2	0.200643696822226	0.0144501533359289
23.3389992713928	0.2	0.079	1108	28.0519480519481	0.2	0.18620315734297	0.0137968426570296	6.35799200784775E-06	29286.4723820252	0.2	0.200317041482776	0.0137968426570296
23.8379993438721	0.2	0.079	1108	28.0519480519481	0.2	0.185876502003521	0.0141234979964793	6.50852442234068E-06	28558.9313248169	0.2	0.200317041482776	0.0141234979964793
24.3299994468689	0.2	0.079	1108	28.0519480519481	0.2	0.18652981268242	0.01347018731758	6.20745959335483E-06	30049.2995366579	0.2	0.201297007501125	0.01347018731758
24.8439993858337	0.2	0.078	1108	28.0519480519481	0.2	0.185876502003521	0.0141234979964793	6.50852442234068E-06	28558.9313248169	0.2	0.199990386143327	0.0141234979964793
25.3299989700317	0.2	0.078	1108	28.0519480519481	0.2	0.185549846664071	0.0144501533359289	6.6590568368336E-06	27864.2833678381	0.2	0.200317041482776	0.0144501533359289
25.8379993438721	0.3	0.134	1108	28.0519480519481	0.2	0.185876502003521	0.0141234979964793	6.50852442234068E-06	28558.9313248169	0.2	0.200317041482776	0.0141234979964793
26.3319993019104	0.3	0.131	1108	28.0519480519481	0.2	0.185549846664071	0.0144501533359289	6.6590568368336E-06	27864.2833678381	0.2	0.200970352161676	0.0144501533359289
26.842999458313	0.3	0.128	1108	28.0519480519481	0.2	0.185876502003521	0.0141234979964793	6.50852442234068E-06	28558.9313248169	0.2	0.199990386143327	0.0141234979964793
27.3379993438721	0.3	0.127	1108	28.0519480519481	0.2	0.18685646802187	0.0131435319781303	6.05692717886191E-06	30850.0436779198	0.2	0.200970352161676	0.0131435319781303
27.8380002975464	0.3	0.124	1108	28.0519480519481	0.2	0.18620315734297	0.0137968426570296	6.35799200784775E-06	29286.4723820252	0.2	0.200643696822226	0.0137968426570296
28.33899974823	0.3	0.124	1108	28.0519480519481	0.2	0.18620315734297	0.0137968426570296	6.35799200784775E-06	29286.4723820252	0.2	0.199990386143327	0.0137968426570296
28.8319997787476	0.3	0.122	1108	28.0519480519481	0.2	0.18620315734297	0.0137968426570296	6.35799200784775E-06	29286.4723820252	0.2	0.199990386143327	0.0137968426570296
29.342999458313	0.3	0.122	1108	28.0519480519481	0.2	0.185876502003521	0.0141234979964793	6.50852442234068E-06	28558.9313248169	0.2	0.200970352161676	0.0141234979964793
29.8359994888306	0.3	0.121	1108	28.0519480519481	0.2	0.185876502003521	0.0141234979964793	6.50852442234068E-06	28558.9313248169	0.2	0.199990386143327	0.0141234979964793
30.4529995918274	0.3	0.12	1108	28.0519480519481	0.2	0.185549846664071	0.0144501533359289	6.6590568368336E-06	27864.2833678381	0.2	0.200643696822226	0.0144501533359289
30.8459997177124	0.3	0.12	1108	28.0519480519481	0.2	0.185876502003521	0.0141234979964793	6.50852442234068E-06	28558.9313248169	0.2	0.200643696822226	0.0141234979964793
31.332998752594	0.3	0.119	1108	28.0519480519481	0.2	0.185549846664071	0.0144501533359289	6.6590568368336E-06	27864.2833678381	0.2	0.200317041482776	0.0144501533359289
31.8429989814758	0.3	0.119	1108	28.0519480519481	0.2	0.185876502003521	0.0141234979964793	6.50852442234068E-06	28558.9313248169	0.2	0.200317041482776	0.0141234979964793
32.3329992294312	0.3	0.118	1108	28.0519480519481	0.2	0.185876502003521	0.0141234979964793	6.50852442234068E-06	28558.9313248169	0.2	0.200970352161676	0.0141234979964793
32.8489995002747	0.3	0.118	1108	28.0519480519481	0.2	0.18652981268242	0.01347018731758	6.20745959335483E-06	30049.2995366579	0.2	0.200643696822226	0.01347018731758
33.3349995613098	0.3	0.117	1108	28.0519480519481	0.2	0.185549846664071	0.0144501533359289	6.6590568368336E-06	27864.2833678381	0.2	0.200970352161676	0.0144501533359289
33.8499989509583	0.4	0.117	1109	28.3116883116883	0.2	0.18620315734297	0.0137968426570296	6.35799200784775E-06	29286.4723820252	0.2	0.200317041482776	0.0137968426570296
34.3389992713928	0.4	0.171	1108	28.0519480519481	0.2	0.185223191324621	0.0147768086753786	6.80958925132653E-06	27200.3471117644	0.2	0.200317041482776	0.0147768086753786
34.8279995918274	0.4	0.169	1108	28.0519480519481	0.2	0.185223191324621	0.0147768086753786	6.80958925132653E-06	27200.3471117644	0.2	0.200317041482776	0.0147768086753786
35.3359999656677	0.4	0.166	1108	28.0519480519481	0.2	0.185876502003521	0.0141234979964793	6.50852442234068E-06	28558.9313248169	0.2	0.200317041482776	0.0141234979964793
35.8519997596741	0.4	0.165	1109	28.3116883116883	0.2	0.185876502003521	0.0141234979964793	6.50852442234068E-06	28558.9313248169	0.2	0.199990386143327	0.0141234979964793
36.3419990539551	0.4	0.163	1109	28.3116883116883	0.2	0.185223191324621	0.0147768086753786	6.80958925132653E-06	27200.3471117644	0.2	0.200317041482776	0.0147768086753786
36.8359999656677	0.4	0.162	1108	28.0519480519481	0.2	0.185876502003521	0.0141234979964793	6.50852442234068E-06	28558.9313248169	0.2	0.199990386143327	0.0141234979964793
37.33899974823	0.4	0.161	1109	28.3116883116883	0.2	0.185549846664071	0.0144501533359289	6.6590568368336E-06	27864.2833678381	0.2	0.200643696822226	0.0144501533359289
37.8319988250732	0.4	0.16	1108	28.0519480519481	0.2	0.185876502003521	0.0141234979964793	6.50852442234068E-06	28558.9313248169	0.2	0.199990386143327	0.0141234979964793
38.3419990539551	0.4	0.159	1109	28.3116883116883	0.2	0.185549846664071	0.0144501533359289	6.6590568368336E-06	27864.2833678381	0.2	0.200317041482776	0.0144501533359289
38.8439998626709	0.4	0.159	1109	28.3116883116883	0.2	0.185876502003521	0.0141234979964793	6.50852442234068E-06	28558.9313248169	0.2	0.200643696822226	0.0141234979964793
39.3359990119934	0.4	0.158	1109	28.3116883116883	0.2	0.185549846664071	0.0144501533359289	6.6590568368336E-06	27864.2833678381	0.2	0.201297007501125	0.0144501533359289
39.846999168396	0.4	0.158	1109	28.3116883116883	0.2	0.18620315734297	0.0137968426570296	6.35799200784775E-06	29286.4723820252	0.2	0.200643696822226	0.0137968426570296
40.3359994888306	0.4	0.157	1109	28.3116883116883	0.2	0.185876502003521	0.0141234979964793	6.50852442234068E-06	28558.9313248169	0.2	0.199990386143327	0.0141234979964793
40.8329992294312	0.4	0.157	1109	28.3116883116883	0.2	0.185549846664071	0.0144501533359289	6.6590568368336E-06	27864.2833678381	0.2	0.200970352161676	0.0144501533359289
41.3469996452332	0.4	0.156	1109	28.3116883116883	0.2	0.185549846664071	0.0144501533359289	6.6590568368336E-06	27864.2833678381	0.2	0.200970352161676	0.0144501533359289
41.8279991149902	0.4	0.156	1109	28.3116883116883	0.2	0.185549846664071	0.0144501533359289	6.6590568368336E-06	27864.2833678381	0.2	0.200643696822226	0.0144501533359289
42.3420000076294	0.5	0.211	1109	28.3116883116883	0.2	0.184896535985172	0.0151034640148282	6.96012166581945E-06	26565.1298731145	0.2	0.200970352161676	0.0151034640148282
42.8449997901917	0.5	0.209	1109	28.3116883116883	0.2	0.185549846664071	0.0144501533359289	6.6590568368336E-06	27864.2833678381	0.2	0.201297007501125	0.0144501533359289
43.3569993972778	0.5	0.205	1109	28.3116883116883	0.2	0.184896535985172	0.0151034640148282	6.96012166581945E-06	26565.1298731145	0.2	0.200317041482776	0.0151034640148282
43.8279991149902	0.5	0.204	1109	28.3116883116883	0.2	0.185876502003521	0.0141234979964793	6.50852442234068E-06	28558.9313248169	0.2	0.200317041482776	0.0141234979964793
44.3359994888306	0.5	0.203	1109	28.3116883116883	0.2	0.185223191324621	0.0147768086753786	6.80958925132653E-06	27200.3471117644	0.2	0.200970352161676	0.0147768086753786
44.8439998626709	0.5	0.201	1109	28.3116883116883	0.2	0.185549846664071	0.0144501533359289	6.6590568368336E-06	27864.2833678381	0.2	0.200317041482776	0.0144501533359289
45.3439998626709	0.5	0.2	1109	28.3116883116883	0.2	0.185549846664071	0.0144501533359289	6.6590568368336E-06	27864.2833678381	0.2	0.200970352161676	0.0144501533359289
45.8369989395142	0.5	0.199	1109	28.3116883116883	0.2	0.18620315734297	0.0137968426570296	6.35799200784775E-06	29286.4723820252	0.2	0.200970352161676	0.0137968426570296
46.3339986801147	0.5	0.198	1109	28.3116883116883	0.2	0.185223191324621	0.0147768086753786	6.80958925132653E-06	27200.3471117644	0.2	0.200317041482776	0.0147768086753786
46.8439989089966	0.5	0.197	1109	28.3116883116883	0.2	0.185549846664071	0.0144501533359289	6.6590568368336E-06	27864.2833678381	0.2	0.199663730803877	0.0144501533359289
47.3359990119934	0.5	0.197	1109	28.3116883116883	0.2	0.185549846664071	0.0144501533359289	6.6590568368336E-06	27864.2833678381	0.2	0.200970352161676	0.0144501533359289
47.8479995727539	0.5	0.196	1109	28.3116883116883	0.2	0.185223191324621	0.0147768086753786	6.80958925132653E-06	27200.3471117644	0.2	0.199990386143327	0.0147768086753786
48.3359994888306	0.5	0.195	1110	28.5714285714286	0.2	0.185549846664071	0.0144501533359289	6.6590568368336E-06	27864.2833678381	0.2	0.200317041482776	0.0144501533359289
48.8369994163513	0.5	0.195	1110	28.5714285714286	0.2	0.185223191324621	0.0147768086753786	6.80958925132653E-06	27200.3471117644	0.2	0.200643696822226	0.0147768086753786
49.3369994163513	0.5	0.195	1110	28.5714285714286	0.2	0.185549846664071	0.0144501533359289	6.6590568368336E-06	27864.2833678381	0.2	0.200643696822226	0.0144501533359289
49.8379988670349	0.5	0.194	1110	28.5714285714286	0.2	0.185549846664071	0.0144501533359289	6.6590568368336E-06	27864.2833678381	0.2	0.200317041482776	0.0144501533359289
50.328999042511	0.5	0.194	1110	28.5714285714286	0.2	0.185549846664071	0.0144501533359289	6.6590568368336E-06	27864.2833678381	0.2	0.200317041482776	0.0144501533359289
50.8369994163513	0.6	0.249	1110	28.5714285714286	0.2	0.184896535985172	0.0151034640148282	6.96012166581945E-06	26565.1298731145	0.2	0.200317041482776	0.0151034640148282
51.3359994888306	0.6	0.246	1110	28.5714285714286	0.2	0.18620315734297	0.0137968426570296	6.35799200784775E-06	29286.4723820252	0.2	0.200970352161676	0.0137968426570296
51.8309993743896	0.6	0.243	1110	28.5714285714286	0.2	0.185876502003521	0.0141234979964793	6.50852442234068E-06	28558.9313248169	0.2	0.200970352161676	0.0141234979964793
52.3369989395142	0.6	0.241	1110	28.5714285714286	0.2	0.185876502003521	0.0141234979964793	6.50852442234068E-06	28558.9313248169	0.2	0.199990386143327	0.0141234979964793
52.8409996032715	0.6	0.239	1110	28.5714285714286	0.2	0.185223191324621	0.0147768086753786	6.80958925132653E-06	27200.3471117644	0.2	0.200970352161676	0.0147768086753786
53.3369994163513	0.6	0.238	1110	28.5714285714286	0.2	0.185876502003521	0.0141234979964793	6.50852442234068E-06	28558.9313248169	0.2	0.199990386143327	0.0141234979964793
53.8469986915588	0.6	0.237	1110	28.5714285714286	0.2	0.184896535985172	0.0151034640148282	6.96012166581945E-06	26565.1298731145	0.2	0.200643696822226	0.0151034640148282
54.3379988670349	0.6	0.236	1110	28.5714285714286	0.2	0.185876502003521	0.0141234979964793	6.50852442234068E-06	28558.9313248169	0.2	0.200643696822226	0.0141234979964793
54.8459992408752	0.6	0.235	1111	28.8311688311688	0.2	0.185549846664071	0.0144501533359289	6.6590568368336E-06	27864.2833678381	0.2	0.200317041482776	0.0144501533359289
55.3499999046326	0.6	0.235	1110	28.5714285714286	0.2	0.185549846664071	0.0144501533359289	6.6590568368336E-06	27864.2833678381	0.2	0.201297007501125	0.0144501533359289
55.8369994163513	0.6	0.234	1110	28.5714285714286	0.2	0.185223191324621	0.0147768086753786	6.80958925132653E-06	27200.3471117644	0.2	0.199990386143327	0.0147768086753786
56.3369998931885	0.6	0.233	1110	28.5714285714286	0.2	0.185549846664071	0.0144501533359289	6.6590568368336E-06	27864.2833678381	0.2	0.199990386143327	0.0144501533359289
56.8419995307922	0.6	0.232	1111	28.8311688311688	0.2	0.185549846664071	0.0144501533359289	6.6590568368336E-06	27864.2833678381	0.2	0.201623662840575	0.0144501533359289
57.3459992408752	0.6	0.232	1111	28.8311688311688	0.2	0.185223191324621	0.0147768086753786	6.80958925132653E-06	27200.3471117644	0.2	0.200970352161676	0.0147768086753786
57.8529996871948	0.6	0.232	1111	28.8311688311688	0.2	0.185549846664071	0.0144501533359289	6.6590568368336E-06	27864.2833678381	0.2	0.200970352161676	0.0144501533359289
58.3259992599487	0.6	0.231	1111	28.8311688311688	0.2	0.185549846664071	0.0144501533359289	6.6590568368336E-06	27864.2833678381	0.2	0.199990386143327	0.0144501533359289
58.8419995307922	0.7	0.231	1111	28.8311688311688	0.2	0.185876502003521	0.0141234979964793	6.50852442234068E-06	28558.9313248169	0.2	0.200317041482776	0.0141234979964793
59.3309998512268	0.7	0.284	1111	28.8311688311688	0.2	0.185549846664071	0.0144501533359289	6.6590568368336E-06	27864.2833678381	0.2	0.200643696822226	0.0144501533359289
59.8379993438721	0.7	0.282	1111	28.8311688311688	0.2	0.185223191324621	0.0147768086753786	6.80958925132653E-06	27200.3471117644	0.2	0.200643696822226	0.0147768086753786
60.3359990119934	0.7	0.279	1111	28.8311688311688	0.2	0.185223191324621	0.0147768086753786	6.80958925132653E-06	27200.3471117644	0.2	0.200970352161676	0.0147768086753786
60.842999458313	0.7	0.278	1111	28.8311688311688	0.2	0.185549846664071	0.0144501533359289	6.6590568368336E-06	27864.2833678381	0.2	0.199337075464427	0.0144501533359289
61.3409996032715	0.7	0.276	1111	28.8311688311688	0.2	0.184896535985172	0.0151034640148282	6.96012166581945E-06	26565.1298731145	0.2	0.200643696822226	0.0151034640148282
61.8399991989136	0.7	0.275	1112	29.0909090909091	0.2	0.185223191324621	0.0147768086753786	6.80958925132653E-06	27200.3471117644	0.2	0.199990386143327	0.0147768086753786
62.3289995193481	0.7	0.274	1112	29.0909090909091	0.2	0.184896535985172	0.0151034640148282	6.96012166581945E-06	26565.1298731145	0.2	0.200643696822226	0.0151034640148282
62.8449993133545	0.7	0.273	1112	29.0909090909091	0.2	0.185549846664071	0.0144501533359289	6.6590568368336E-06	27864.2833678381	0.2	0.200317041482776	0.0144501533359289
63.3389992713928	0.7	0.272	1111	28.8311688311688	0.2	0.185549846664071	0.0144501533359289	6.6590568368336E-06	27864.2833678381	0.2	0.200317041482776	0.0144501533359289
63.8369994163513	0.7	0.272	1112	29.0909090909091	0.2	0.185549846664071	0.0144501533359289	6.6590568368336E-06	27864.2833678381	0.2	0.200643696822226	0.0144501533359289
64.3369994163513	0.7	0.271	1112	29.0909090909091	0.2	0.185549846664071	0.0144501533359289	6.6590568368336E-06	27864.2833678381	0.2	0.199990386143327	0.0144501533359289
64.8369998931885	0.7	0.27	1112	29.0909090909091	0.2	0.184896535985172	0.0151034640148282	6.96012166581945E-06	26565.1298731145	0.2	0.201297007501125	0.0151034640148282
65.3459992408752	0.7	0.27	1112	29.0909090909091	0.2	0.185223191324621	0.0147768086753786	6.80958925132653E-06	27200.3471117644	0.2	0.200643696822226	0.0147768086753786
65.8399991989136	0.7	0.269	1112	29.0909090909091	0.2	0.185876502003521	0.0141234979964793	6.50852442234068E-06	28558.9313248169	0.2	0.200643696822226	0.0141234979964793
66.3359994888306	0.7	0.268	1113	29.3506493506493	0.2	0.18652981268242	0.01347018731758	6.20745959335483E-06	30049.2995366579	0.2	0.200643696822226	0.01347018731758
66.8379998207092	0.7	0.268	1112	29.0909090909091	0.2	0.185223191324621	0.0147768086753786	6.80958925132653E-06	27200.3471117644	0.2	0.199990386143327	0.0147768086753786
67.3439993858337	0.8	0.324	1112	29.0909090909091	0.2	0.185549846664071	0.0144501533359289	6.6590568368336E-06	27864.2833678381	0.2	0.199990386143327	0.0144501533359289
67.8339996337891	0.8	0.321	1112	29.0909090909091	0.2	0.185223191324621	0.0147768086753786	6.80958925132653E-06	27200.3471117644	0.2	0.200317041482776	0.0147768086753786
68.3589992523193	0.8	0.317	1113	29.3506493506493	0.2	0.185549846664071	0.0144501533359289	6.6590568368336E-06	27864.2833678381	0.2	0.200643696822226	0.0144501533359289
68.8289995193481	0.8	0.316	1113	29.3506493506493	0.2	0.184896535985172	0.0151034640148282	6.96012166581945E-06	26565.1298731145	0.2	0.200317041482776	0.0151034640148282
69.3459992408752	0.8	0.315	1113	29.3506493506493	0.2	0.184569880645722	0.0154301193542778	7.11065408031237E-06	25956.8077086959	0.2	0.199990386143327	0.0154301193542778
69.8519997596741	0.8	0.313	1113	29.3506493506493	0.2	0.185223191324621	0.0147768086753786	6.80958925132653E-06	27200.3471117644	0.2	0.200643696822226	0.0147768086753786
70.3319993019104	0.8	0.312	1113	29.3506493506493	0.2	0.184896535985172	0.0151034640148282	6.96012166581945E-06	26565.1298731145	0.2	0.201297007501125	0.0151034640148282
70.8459997177124	0.8	0.311	1113	29.3506493506493	0.2	0.185549846664071	0.0144501533359289	6.6590568368336E-06	27864.2833678381	0.2	0.200317041482776	0.0144501533359289
71.3489995002747	0.8	0.31	1113	29.3506493506493	0.2	0.185223191324621	0.0147768086753786	6.80958925132653E-06	27200.3471117644	0.2	0.200643696822226	0.0147768086753786
71.8329997062683	0.8	0.309	1113	29.3506493506493	0.2	0.185549846664071	0.0144501533359289	6.6590568368336E-06	27864.2833678381	0.2	0.199990386143327	0.0144501533359289
72.3409991264343	0.8	0.308	1113	29.3506493506493	0.2	0.185549846664071	0.0144501533359289	6.6590568368336E-06	27864.2833678381	0.2	0.199990386143327	0.0144501533359289
72.8339991569519	0.8	0.308	1113	29.3506493506493	0.2	0.185223191324621	0.0147768086753786	6.80958925132653E-06	27200.3471117644	0.2	0.199990386143327	0.0147768086753786
73.3499994277954	0.8	0.307	1113	29.3506493506493	0.2	0.185549846664071	0.0144501533359289	6.6590568368336E-06	27864.2833678381	0.2	0.201297007501125	0.0144501533359289
73.8559999465942	0.8	0.306	1114	29.6103896103896	0.2	0.185876502003521	0.0141234979964793	6.50852442234068E-06	28558.9313248169	0.2	0.200643696822226	0.0141234979964793
74.346999168396	0.8	0.306	1114	29.6103896103896	0.2	0.185223191324621	0.0147768086753786	6.80958925132653E-06	27200.3471117644	0.2	0.200643696822226	0.0147768086753786
74.8339991569519	0.8	0.305	1114	29.6103896103896	0.2	0.185223191324621	0.0147768086753786	6.80958925132653E-06	27200.3471117644	0.2	0.200317041482776	0.0147768086753786
75.3369998931885	0.8	0.305	1114	29.6103896103896	0.2	0.184896535985172	0.0151034640148282	6.96012166581945E-06	26565.1298731145	0.2	0.201297007501125	0.0151034640148282
75.8369998931885	0.9	0.36	1114	29.6103896103896	0.2	0.185223191324621	0.0147768086753786	6.80958925132653E-06	27200.3471117644	0.2	0.200643696822226	0.0147768086753786
76.342999458313	0.9	0.357	1114	29.6103896103896	0.2	0.185223191324621	0.0147768086753786	6.80958925132653E-06	27200.3471117644	0.2	0.199990386143327	0.0147768086753786
76.8279995918274	0.9	0.354	1114	29.6103896103896	0.2	0.185549846664071	0.0144501533359289	6.6590568368336E-06	27864.2833678381	0.2	0.200643696822226	0.0144501533359289
77.353000164032	0.9	0.352	1114	29.6103896103896	0.2	0.184896535985172	0.0151034640148282	6.96012166581945E-06	26565.1298731145	0.2	0.199663730803877	0.0151034640148282
77.8399987220764	0.9	0.35	1114	29.6103896103896	0.2	0.185223191324621	0.0147768086753786	6.80958925132653E-06	27200.3471117644	0.2	0.200970352161676	0.0147768086753786
78.3419995307922	0.9	0.349	1114	29.6103896103896	0.2	0.185549846664071	0.0144501533359289	6.6590568368336E-06	27864.2833678381	0.2	0.200317041482776	0.0144501533359289
78.8389992713928	0.9	0.348	1114	29.6103896103896	0.2	0.185223191324621	0.0147768086753786	6.80958925132653E-06	27200.3471117644	0.2	0.200970352161676	0.0147768086753786
79.3459997177124	0.9	0.347	1114	29.6103896103896	0.2	0.185549846664071	0.0144501533359289	6.6590568368336E-06	27864.2833678381	0.2	0.200970352161676	0.0144501533359289
79.8359999656677	0.9	0.346	1114	29.6103896103896	0.2	0.184896535985172	0.0151034640148282	6.96012166581945E-06	26565.1298731145	0.2	0.200317041482776	0.0151034640148282
80.3439993858337	0.9	0.345	1114	29.6103896103896	0.2	0.185223191324621	0.0147768086753786	6.80958925132653E-06	27200.3471117644	0.2	0.201623662840575	0.0147768086753786
80.8379993438721	0.9	0.344	1114	29.6103896103896	0.2	0.184896535985172	0.0151034640148282	6.96012166581945E-06	26565.1298731145	0.2	0.200970352161676	0.0151034640148282
81.3379993438721	0.9	0.344	1114	29.6103896103896	0.2	0.185223191324621	0.0147768086753786	6.80958925132653E-06	27200.3471117644	0.2	0.200970352161676	0.0147768086753786
81.8379988670349	0.9	0.343	1115	29.8701298701299	0.2	0.185223191324621	0.0147768086753786	6.80958925132653E-06	27200.3471117644	0.2	0.200317041482776	0.0147768086753786
82.3409996032715	0.9	0.343	1114	29.6103896103896	0.2	0.184896535985172	0.0151034640148282	6.96012166581945E-06	26565.1298731145	0.2	0.200643696822226	0.0151034640148282
82.8400001525879	0.9	0.342	1115	29.8701298701299	0.2	0.185549846664071	0.0144501533359289	6.6590568368336E-06	27864.2833678381	0.2	0.200643696822226	0.0144501533359289
83.3319993019104	0.9	0.341	1115	29.8701298701299	0.2	0.185549846664071	0.0144501533359289	6.6590568368336E-06	27864.2833678381	0.2	0.201297007501125	0.0144501533359289
83.8599996566772	1	0.341	1115	29.8701298701299	0.2	0.18620315734297	0.0137968426570296	6.35799200784775E-06	29286.4723820252	0.2	0.201297007501125	0.0137968426570296
84.3309998512268	1	0.394	1115	29.8701298701299	0.2	0.184896535985172	0.0151034640148282	6.96012166581945E-06	26565.1298731145	0.2	0.200317041482776	0.0151034640148282
84.8329997062683	1	0.392	1115	29.8701298701299	0.2	0.184896535985172	0.0151034640148282	6.96012166581945E-06	26565.1298731145	0.2	0.200970352161676	0.0151034640148282
85.3529996871948	1	0.389	1115	29.8701298701299	0.2	0.184896535985172	0.0151034640148282	6.96012166581945E-06	26565.1298731145	0.2	0.200970352161676	0.0151034640148282
85.8419995307922	1	0.388	1115	29.8701298701299	0.2	0.185549846664071	0.0144501533359289	6.6590568368336E-06	27864.2833678381	0.2	0.200643696822226	0.0144501533359289
86.3409986495972	1	0.386	1115	29.8701298701299	0.2	0.184896535985172	0.0151034640148282	6.96012166581945E-06	26565.1298731145	0.2	0.200970352161676	0.0151034640148282
86.8379993438721	1	0.385	1115	29.8701298701299	0.2	0.184569880645722	0.0154301193542778	7.11065408031237E-06	25956.8077086959	0.2	0.201297007501125	0.0154301193542778
87.3379993438721	1	0.384	1115	29.8701298701299	0.2	0.184569880645722	0.0154301193542778	7.11065408031237E-06	25956.8077086959	0.2	0.200970352161676	0.0154301193542778
87.8449988365173	1	0.383	1116	30.1298701298701	0.2	0.184896535985172	0.0151034640148282	6.96012166581945E-06	26565.1298731145	0.2	0.200317041482776	0.0151034640148282
88.3489995002747	1	0.382	1115	29.8701298701299	0.2	0.184569880645722	0.0154301193542778	7.11065408031237E-06	25956.8077086959	0.2	0.200970352161676	0.0154301193542778
88.8419995307922	1	0.381	1116	30.1298701298701	0.2	0.184896535985172	0.0151034640148282	6.96012166581945E-06	26565.1298731145	0.2	0.200643696822226	0.0151034640148282
89.3489990234375	1	0.38	1116	30.1298701298701	0.2	0.185549846664071	0.0144501533359289	6.6590568368336E-06	27864.2833678381	0.2	0.200643696822226	0.0144501533359289
89.8399991989136	1	0.38	1115	29.8701298701299	0.2	0.185223191324621	0.0147768086753786	6.80958925132653E-06	27200.3471117644	0.2	0.200317041482776	0.0147768086753786
90.3309993743896	1	0.379	1115	29.8701298701299	0.2	0.185223191324621	0.0147768086753786	6.80958925132653E-06	27200.3471117644	0.2	0.199990386143327	0.0147768086753786
90.8459992408752	1	0.379	1116	30.1298701298701	0.2	0.185549846664071	0.0144501533359289	6.6590568368336E-06	27864.2833678381	0.2	0.200317041482776	0.0144501533359289
91.3419990539551	1	0.378	1116	30.1298701298701	0.2	0.185549846664071	0.0144501533359289	6.6590568368336E-06	27864.2833678381	0.2	0.199990386143327	0.0144501533359289
91.8559994697571	1	0.378	1116	30.1298701298701	0.2	0.185223191324621	0.0147768086753786	6.80958925132653E-06	27200.3471117644	0.2	0.199663730803877	0.0147768086753786
92.3439989089966	1.1	0.377	1116	30.1298701298701	0.2	0.185223191324621	0.0147768086753786	6.80958925132653E-06	27200.3471117644	0.2	0.200317041482776	0.0147768086753786
92.8299999237061	1.1	0.43	1116	30.1298701298701	0.2	0.185223191324621	0.0147768086753786	6.80958925132653E-06	27200.3471117644	0.2	0.199990386143327	0.0147768086753786
93.3379993438721	1.1	0.428	1116	30.1298701298701	0.2	0.184243225306273	0.0157567746937275	7.2611864948053E-06	25373.7079247422	0.2	0.201297007501125	0.0157567746937275
93.8409991264343	1.1	0.425	1116	30.1298701298701	0.2	0.185223191324621	0.0147768086753786	6.80958925132653E-06	27200.3471117644	0.2	0.199663730803877	0.0147768086753786
94.3459997177124	1.1	0.424	1116	30.1298701298701	0.2	0.184896535985172	0.0151034640148282	6.96012166581945E-06	26565.1298731145	0.2	0.200317041482776	0.0151034640148282
94.8489990234375	1.1	0.422	1117	30.3896103896104	0.2	0.185223191324621	0.0147768086753786	6.80958925132653E-06	27200.3471117644	0.2	0.200317041482776	0.0147768086753786
95.3389992713928	1.1	0.421	1117	30.3896103896104	0.2	0.184569880645722	0.0154301193542778	7.11065408031237E-06	25956.8077086959	0.2	0.200317041482776	0.0154301193542778
95.8499994277954	1.1	0.42	1117	30.3896103896104	0.2	0.185223191324621	0.0147768086753786	6.80958925132653E-06	27200.3471117644	0.2	0.199663730803877	0.0147768086753786
96.3319993019104	1.1	0.419	1117	30.3896103896104	0.2	0.185223191324621	0.0147768086753786	6.80958925132653E-06	27200.3471117644	0.2	0.199990386143327	0.0147768086753786
96.8549990653992	1.1	0.418	1117	30.3896103896104	0.2	0.184896535985172	0.0151034640148282	6.96012166581945E-06	26565.1298731145	0.2	0.199990386143327	0.0151034640148282
97.342999458313	1.1	0.418	1117	30.3896103896104	0.2	0.184569880645722	0.0154301193542778	7.11065408031237E-06	25956.8077086959	0.2	0.199990386143327	0.0154301193542778
97.8359994888306	1.1	0.416	1117	30.3896103896104	0.2	0.184896535985172	0.0151034640148282	6.96012166581945E-06	26565.1298731145	0.2	0.200970352161676	0.0151034640148282
98.3359990119934	1.1	0.416	1117	30.3896103896104	0.2	0.184896535985172	0.0151034640148282	6.96012166581945E-06	26565.1298731145	0.2	0.200317041482776	0.0151034640148282
98.8309993743896	1.1	0.415	1117	30.3896103896104	0.2	0.184896535985172	0.0151034640148282	6.96012166581945E-06	26565.1298731145	0.2	0.199663730803877	0.0151034640148282
99.3399996757507	1.1	0.415	1117	30.3896103896104	0.2	0.185223191324621	0.0147768086753786	6.80958925132653E-06	27200.3471117644	0.2	0.200643696822226	0.0147768086753786
99.8559994697571	1.1	0.414	1117	30.3896103896104	0.2	0.185549846664071	0.0144501533359289	6.6590568368336E-06	27864.2833678381	0.2	0.200970352161676	0.0144501533359289
100.354999542236	1.2	0.414	1117	30.3896103896104	0.2	0.185223191324621	0.0147768086753786	6.80958925132653E-06	27200.3471117644	0.2	0.201297007501125	0.0147768086753786
100.836999893188	1.2	0.466	1117	30.3896103896104	0.2	0.184569880645722	0.0154301193542778	7.11065408031237E-06	25956.8077086959	0.2	0.199990386143327	0.0154301193542778
101.337999820709	1.2	0.464	1118	30.6493506493506	0.2	0.184896535985172	0.0151034640148282	6.96012166581945E-06	26565.1298731145	0.2	0.201297007501125	0.0151034640148282
101.84700012207	1.2	0.461	1117	30.3896103896104	0.2	0.184569880645722	0.0154301193542778	7.11065408031237E-06	25956.8077086959	0.2	0.200643696822226	0.0154301193542778
102.33099937439	1.2	0.46	1118	30.6493506493506	0.2	0.184896535985172	0.0151034640148282	6.96012166581945E-06	26565.1298731145	0.2	0.200970352161676	0.0151034640148282
102.839998722076	1.2	0.458	1118	30.6493506493506	0.2	0.185549846664071	0.0144501533359289	6.6590568368336E-06	27864.2833678381	0.2	0.199990386143327	0.0144501533359289
103.356999874115	1.2	0.457	1118	30.6493506493506	0.2	0.184896535985172	0.0151034640148282	6.96012166581945E-06	26565.1298731145	0.2	0.200970352161676	0.0151034640148282
103.845999240875	1.2	0.456	1118	30.6493506493506	0.2	0.184569880645722	0.0154301193542778	7.11065408031237E-06	25956.8077086959	0.2	0.200317041482776	0.0154301193542778
104.32399892807	1.2	0.455	1118	30.6493506493506	0.2	0.185549846664071	0.0144501533359289	6.6590568368336E-06	27864.2833678381	0.2	0.201297007501125	0.0144501533359289
104.853999137878	1.2	0.454	1118	30.6493506493506	0.2	0.184896535985172	0.0151034640148282	6.96012166581945E-06	26565.1298731145	0.2	0.200970352161676	0.0151034640148282
105.336998939514	1.2	0.453	1118	30.6493506493506	0.2	0.185223191324621	0.0147768086753786	6.80958925132653E-06	27200.3471117644	0.2	0.201950318180025	0.0147768086753786
105.836999416351	1.2	0.453	1118	30.6493506493506	0.2	0.184569880645722	0.0154301193542778	7.11065408031237E-06	25956.8077086959	0.2	0.200317041482776	0.0154301193542778
106.339999198914	1.2	0.452	1118	30.6493506493506	0.2	0.184569880645722	0.0154301193542778	7.11065408031237E-06	25956.8077086959	0.2	0.200643696822226	0.0154301193542778
106.836998939514	1.2	0.451	1118	30.6493506493506	0.2	0.184896535985172	0.0151034640148282	6.96012166581945E-06	26565.1298731145	0.2	0.200643696822226	0.0151034640148282
107.345999240875	1.2	0.451	1119	30.9090909090909	0.2	0.184569880645722	0.0154301193542778	7.11065408031237E-06	25956.8077086959	0.2	0.200317041482776	0.0154301193542778
107.839999675751	1.2	0.45	1119	30.9090909090909	0.2	0.184243225306273	0.0157567746937275	7.2611864948053E-06	25373.7079247422	0.2	0.200970352161676	0.0157567746937275
108.337999343872	1.2	0.449	1119	30.9090909090909	0.2	0.184569880645722	0.0154301193542778	7.11065408031237E-06	25956.8077086959	0.2	0.201297007501125	0.0154301193542778
108.841000080109	1.3	0.449	1119	30.9090909090909	0.2	0.184896535985172	0.0151034640148282	6.96012166581945E-06	26565.1298731145	0.2	0.200970352161676	0.0151034640148282
109.333999156952	1.3	0.502	1119	30.9090909090909	0.2	0.185549846664071	0.0144501533359289	6.6590568368336E-06	27864.2833678381	0.2	0.200317041482776	0.0144501533359289
109.845999240875	1.3	0.5	1119	30.9090909090909	0.2	0.185223191324621	0.0147768086753786	6.80958925132653E-06	27200.3471117644	0.2	0.200970352161676	0.0147768086753786
110.339999198914	1.3	0.497	1119	30.9090909090909	0.2	0.185549846664071	0.0144501533359289	6.6590568368336E-06	27864.2833678381	0.2	0.200643696822226	0.0144501533359289
110.851999759674	1.3	0.495	1119	30.9090909090909	0.2	0.184243225306273	0.0157567746937275	7.2611864948053E-06	25373.7079247422	0.2	0.200970352161676	0.0157567746937275
111.360999584198	1.3	0.493	1119	30.9090909090909	0.2	0.184569880645722	0.0154301193542778	7.11065408031237E-06	25956.8077086959	0.2	0.200970352161676	0.0154301193542778
111.837998867035	1.3	0.492	1120	31.1688311688312	0.2	0.184569880645722	0.0154301193542778	7.11065408031237E-06	25956.8077086959	0.2	0.200317041482776	0.0154301193542778
112.338999271393	1.3	0.491	1120	31.1688311688312	0.2	0.184243225306273	0.0157567746937275	7.2611864948053E-06	25373.7079247422	0.2	0.200970352161676	0.0157567746937275
112.840999126434	1.3	0.49	1120	31.1688311688312	0.2	0.185223191324621	0.0147768086753786	6.80958925132653E-06	27200.3471117644	0.2	0.200970352161676	0.0147768086753786
113.352999210358	1.3	0.489	1120	31.1688311688312	0.2	0.184896535985172	0.0151034640148282	6.96012166581945E-06	26565.1298731145	0.2	0.201297007501125	0.0151034640148282
113.834999084473	1.3	0.489	1120	31.1688311688312	0.2	0.184896535985172	0.0151034640148282	6.96012166581945E-06	26565.1298731145	0.2	0.199990386143327	0.0151034640148282
114.338999271393	1.3	0.487	1120	31.1688311688312	0.2	0.185549846664071	0.0144501533359289	6.6590568368336E-06	27864.2833678381	0.2	0.200970352161676	0.0144501533359289
114.83499956131	1.3	0.487	1120	31.1688311688312	0.2	0.184569880645722	0.0154301193542778	7.11065408031237E-06	25956.8077086959	0.2	0.200643696822226	0.0154301193542778
115.354999542236	1.3	0.486	1120	31.1688311688312	0.2	0.184569880645722	0.0154301193542778	7.11065408031237E-06	25956.8077086959	0.2	0.200970352161676	0.0154301193542778
115.829999446869	1.3	0.486	1120	31.1688311688312	0.2	0.184896535985172	0.0151034640148282	6.96012166581945E-06	26565.1298731145	0.2	0.200970352161676	0.0151034640148282
116.34700012207	1.3	0.485	1120	31.1688311688312	0.2	0.184896535985172	0.0151034640148282	6.96012166581945E-06	26565.1298731145	0.2	0.200970352161676	0.0151034640148282
116.840999126434	1.3	0.485	1120	31.1688311688312	0.2	0.184896535985172	0.0151034640148282	6.96012166581945E-06	26565.1298731145	0.2	0.200317041482776	0.0151034640148282
117.352999210358	1.4	0.484	1120	31.1688311688312	0.2	0.184569880645722	0.0154301193542778	7.11065408031237E-06	25956.8077086959	0.2	0.199990386143327	0.0154301193542778
117.847999572754	1.4	0.537	1120	31.1688311688312	0.2	0.184896535985172	0.0151034640148282	6.96012166581945E-06	26565.1298731145	0.2	0.199990386143327	0.0151034640148282
118.333999156952	1.4	0.535	1121	31.4285714285714	0.2	0.184569880645722	0.0154301193542778	7.11065408031237E-06	25956.8077086959	0.2	0.199990386143327	0.0154301193542778
118.850999832153	1.4	0.532	1121	31.4285714285714	0.2	0.184896535985172	0.0151034640148282	6.96012166581945E-06	26565.1298731145	0.2	0.200317041482776	0.0151034640148282
119.345999717712	1.4	0.53	1121	31.4285714285714	0.2	0.184569880645722	0.0154301193542778	7.11065408031237E-06	25956.8077086959	0.2	0.200643696822226	0.0154301193542778
119.848999500275	1.4	0.529	1121	31.4285714285714	0.2	0.185223191324621	0.0147768086753786	6.80958925132653E-06	27200.3471117644	0.2	0.201297007501125	0.0147768086753786
120.346999168396	1.4	0.528	1121	31.4285714285714	0.2	0.184896535985172	0.0151034640148282	6.96012166581945E-06	26565.1298731145	0.2	0.200970352161676	0.0151034640148282
120.840999126434	1.4	0.526	1121	31.4285714285714	0.2	0.183589914627373	0.0164100853726268	7.56225132379114E-06	24277.1506482193	0.2	0.200643696822226	0.0164100853726268
121.356999397278	1.4	0.526	1121	31.4285714285714	0.2	0.184569880645722	0.0154301193542778	7.11065408031237E-06	25956.8077086959	0.2	0.200643696822226	0.0154301193542778
121.834999084473	1.4	0.524	1122	31.6883116883117	0.2	0.183916569966823	0.0160834300331771	7.41171890929822E-06	24814.293717493	0.2	0.200643696822226	0.0160834300331771
122.342999458313	1.4	0.524	1122	31.6883116883117	0.2	0.185549846664071	0.0144501533359289	6.6590568368336E-06	27864.2833678381	0.2	0.201297007501125	0.0144501533359289
122.859999656677	1.4	0.523	1122	31.6883116883117	0.2	0.184896535985172	0.0151034640148282	6.96012166581945E-06	26565.1298731145	0.2	0.200643696822226	0.0151034640148282
123.352998733521	1.4	0.522	1122	31.6883116883117	0.2	0.184569880645722	0.0154301193542778	7.11065408031237E-06	25956.8077086959	0.2	0.200317041482776	0.0154301193542778
123.843998908997	1.4	0.521	1122	31.6883116883117	0.2	0.184896535985172	0.0151034640148282	6.96012166581945E-06	26565.1298731145	0.2	0.200970352161676	0.0151034640148282
124.337999820709	1.4	0.521	1122	31.6883116883117	0.2	0.185223191324621	0.0147768086753786	6.80958925132653E-06	27200.3471117644	0.2	0.200970352161676	0.0147768086753786
124.850998878479	1.4	0.52	1123	31.9480519480519	0.2	0.184569880645722	0.0154301193542778	7.11065408031237E-06	25956.8077086959	0.2	0.199990386143327	0.0154301193542778
125.352999687195	1.4	0.52	1122	31.6883116883117	0.2	0.184896535985172	0.0151034640148282	6.96012166581945E-06	26565.1298731145	0.2	0.201297007501125	0.0151034640148282
125.850999355316	1.5	0.574	1122	31.6883116883117	0.2	0.184243225306273	0.0157567746937275	7.2611864948053E-06	25373.7079247422	0.2	0.200643696822226	0.0157567746937275
126.33099937439	1.5	0.572	1123	31.9480519480519	0.2	0.183916569966823	0.0160834300331771	7.41171890929822E-06	24814.293717493	0.2	0.199990386143327	0.0160834300331771
126.843999385834	1.5	0.568	1123	31.9480519480519	0.2	0.184569880645722	0.0154301193542778	7.11065408031237E-06	25956.8077086959	0.2	0.200643696822226	0.0154301193542778
127.336999416351	1.5	0.567	1123	31.9480519480519	0.2	0.184569880645722	0.0154301193542778	7.11065408031237E-06	25956.8077086959	0.2	0.200643696822226	0.0154301193542778
127.853999614716	1.5	0.565	1123	31.9480519480519	0.2	0.184569880645722	0.0154301193542778	7.11065408031237E-06	25956.8077086959	0.2	0.200970352161676	0.0154301193542778
128.361999034882	1.5	0.563	1123	31.9480519480519	0.2	0.184569880645722	0.0154301193542778	7.11065408031237E-06	25956.8077086959	0.2	0.200643696822226	0.0154301193542778
128.832999229431	1.5	0.562	1124	32.2077922077922	0.2	0.184569880645722	0.0154301193542778	7.11065408031237E-06	25956.8077086959	0.2	0.200643696822226	0.0154301193542778
129.348999023438	1.5	0.561	1123	31.9480519480519	0.2	0.183916569966823	0.0160834300331771	7.41171890929822E-06	24814.293717493	0.2	0.200970352161676	0.0160834300331771
129.838000297546	1.5	0.56	1124	32.2077922077922	0.2	0.185223191324621	0.0147768086753786	6.80958925132653E-06	27200.3471117644	0.2	0.200970352161676	0.0147768086753786
130.340999603271	1.5	0.559	1124	32.2077922077922	0.2	0.184569880645722	0.0154301193542778	7.11065408031237E-06	25956.8077086959	0.2	0.199990386143327	0.0154301193542778
130.849999427795	1.5	0.559	1124	32.2077922077922	0.2	0.185223191324621	0.0147768086753786	6.80958925132653E-06	27200.3471117644	0.2	0.200643696822226	0.0147768086753786
131.341999530792	1.5	0.557	1124	32.2077922077922	0.2	0.183916569966823	0.0160834300331771	7.41171890929822E-06	24814.293717493	0.2	0.199990386143327	0.0160834300331771
131.851999759674	1.5	0.557	1124	32.2077922077922	0.2	0.184896535985172	0.0151034640148282	6.96012166581945E-06	26565.1298731145	0.2	0.200317041482776	0.0151034640148282
132.348999500275	1.5	0.556	1124	32.2077922077922	0.2	0.184896535985172	0.0151034640148282	6.96012166581945E-06	26565.1298731145	0.2	0.199990386143327	0.0151034640148282
132.833000183105	1.5	0.556	1124	32.2077922077922	0.2	0.184243225306273	0.0157567746937275	7.2611864948053E-06	25373.7079247422	0.2	0.200643696822226	0.0157567746937275
133.348999977112	1.5	0.555	1124	32.2077922077922	0.2	0.183916569966823	0.0160834300331771	7.41171890929822E-06	24814.293717493	0.2	0.200643696822226	0.0160834300331771
133.842998981476	1.5	0.555	1124	32.2077922077922	0.2	0.183916569966823	0.0160834300331771	7.41171890929822E-06	24814.293717493	0.2	0.199990386143327	0.0160834300331771
134.336999893188	1.6	0.609	1125	32.4675324675325	0.2	0.184569880645722	0.0154301193542778	7.11065408031237E-06	25956.8077086959	0.2	0.201297007501125	0.0154301193542778
134.848999500275	1.6	0.607	1124	32.2077922077922	0.2	0.184243225306273	0.0157567746937275	7.2611864948053E-06	25373.7079247422	0.2	0.200643696822226	0.0157567746937275
135.347999095917	1.6	0.603	1125	32.4675324675325	0.2	0.184243225306273	0.0157567746937275	7.2611864948053E-06	25373.7079247422	0.2	0.200970352161676	0.0157567746937275
135.848999023438	1.6	0.602	1125	32.4675324675325	0.2	0.184896535985172	0.0151034640148282	6.96012166581945E-06	26565.1298731145	0.2	0.200317041482776	0.0151034640148282
136.351999282837	1.6	0.599	1125	32.4675324675325	0.2	0.183916569966823	0.0160834300331771	7.41171890929822E-06	24814.293717493	0.2	0.199990386143327	0.0160834300331771
136.850999355316	1.6	0.598	1125	32.4675324675325	0.2	0.184896535985172	0.0151034640148282	6.96012166581945E-06	26565.1298731145	0.2	0.200317041482776	0.0151034640148282
137.348999023438	1.6	0.597	1125	32.4675324675325	0.2	0.184569880645722	0.0154301193542778	7.11065408031237E-06	25956.8077086959	0.2	0.200643696822226	0.0154301193542778
137.844999313354	1.6	0.596	1125	32.4675324675325	0.2	0.184243225306273	0.0157567746937275	7.2611864948053E-06	25373.7079247422	0.2	0.201297007501125	0.0157567746937275
138.340999126434	1.6	0.595	1125	32.4675324675325	0.2	0.184896535985172	0.0151034640148282	6.96012166581945E-06	26565.1298731145	0.2	0.199990386143327	0.0151034640148282
138.858999729156	1.6	0.594	1125	32.4675324675325	0.2	0.184569880645722	0.0154301193542778	7.11065408031237E-06	25956.8077086959	0.2	0.200970352161676	0.0154301193542778
139.340999603271	1.6	0.593	1125	32.4675324675325	0.2	0.184569880645722	0.0154301193542778	7.11065408031237E-06	25956.8077086959	0.2	0.201623662840575	0.0154301193542778
139.841999530792	1.6	0.592	1125	32.4675324675325	0.2	0.184896535985172	0.0151034640148282	6.96012166581945E-06	26565.1298731145	0.2	0.200317041482776	0.0151034640148282
140.344998836517	1.6	0.592	1125	32.4675324675325	0.2	0.184896535985172	0.0151034640148282	6.96012166581945E-06	26565.1298731145	0.2	0.199663730803877	0.0151034640148282
140.837999343872	1.6	0.591	1125	32.4675324675325	0.2	0.184569880645722	0.0154301193542778	7.11065408031237E-06	25956.8077086959	0.2	0.200970352161676	0.0154301193542778
141.351999282837	1.6	0.59	1125	32.4675324675325	0.2	0.183916569966823	0.0160834300331771	7.41171890929822E-06	24814.293717493	0.2	0.200317041482776	0.0160834300331771
141.830999851227	1.6	0.59	1125	32.4675324675325	0.2	0.184896535985172	0.0151034640148282	6.96012166581945E-06	26565.1298731145	0.2	0.199337075464427	0.0151034640148282
142.353999614716	1.7	0.589	1126	32.7272727272727	0.2	0.184243225306273	0.0157567746937275	7.2611864948053E-06	25373.7079247422	0.2	0.201950318180025	0.0157567746937275
142.862999916077	1.7	0.642	1126	32.7272727272727	0.2	0.184243225306273	0.0157567746937275	7.2611864948053E-06	25373.7079247422	0.2	0.200317041482776	0.0157567746937275
143.335999965668	1.7	0.64	1126	32.7272727272727	0.2	0.184243225306273	0.0157567746937275	7.2611864948053E-06	25373.7079247422	0.2	0.200970352161676	0.0157567746937275
143.842999458313	1.7	0.636	1126	32.7272727272727	0.2	0.183916569966823	0.0160834300331771	7.41171890929822E-06	24814.293717493	0.2	0.200317041482776	0.0160834300331771
144.337999343872	1.7	0.635	1126	32.7272727272727	0.2	0.184243225306273	0.0157567746937275	7.2611864948053E-06	25373.7079247422	0.2	0.200970352161676	0.0157567746937275
144.841999053955	1.7	0.633	1126	32.7272727272727	0.2	0.183916569966823	0.0160834300331771	7.41171890929822E-06	24814.293717493	0.2	0.200643696822226	0.0160834300331771
145.329999446869	1.7	0.632	1126	32.7272727272727	0.2	0.184569880645722	0.0154301193542778	7.11065408031237E-06	25956.8077086959	0.2	0.199990386143327	0.0154301193542778
145.830999851227	1.7	0.63	1126	32.7272727272727	0.2	0.183589914627373	0.0164100853726268	7.56225132379114E-06	24277.1506482193	0.2	0.200970352161676	0.0164100853726268
146.33499956131	1.7	0.63	1126	32.7272727272727	0.2	0.184243225306273	0.0157567746937275	7.2611864948053E-06	25373.7079247422	0.2	0.201623662840575	0.0157567746937275
146.838999271393	1.7	0.629	1126	32.7272727272727	0.2	0.183589914627373	0.0164100853726268	7.56225132379114E-06	24277.1506482193	0.2	0.201623662840575	0.0164100853726268
147.346999645233	1.7	0.628	1126	32.7272727272727	0.2	0.183916569966823	0.0160834300331771	7.41171890929822E-06	24814.293717493	0.2	0.200317041482776	0.0160834300331771
147.83899974823	1.7	0.627	1126	32.7272727272727	0.2	0.184243225306273	0.0157567746937275	7.2611864948053E-06	25373.7079247422	0.2	0.200317041482776	0.0157567746937275
148.338999271393	1.7	0.627	1126	32.7272727272727	0.2	0.184569880645722	0.0154301193542778	7.11065408031237E-06	25956.8077086959	0.2	0.201950318180025	0.0154301193542778
148.839999198914	1.7	0.626	1127	32.987012987013	0.2	0.183589914627373	0.0164100853726268	7.56225132379114E-06	24277.1506482193	0.2	0.200970352161676	0.0164100853726268
149.339999198914	1.7	0.625	1126	32.7272727272727	0.2	0.183263259287924	0.0167367407120764	7.71278373828407E-06	23760.9747020725	0.2	0.201623662840575	0.0167367407120764
149.839999675751	1.7	0.624	1127	32.987012987013	0.2	0.184243225306273	0.0157567746937275	7.2611864948053E-06	25373.7079247422	0.2	0.200317041482776	0.0157567746937275
150.330998897552	1.7	0.624	1127	32.987012987013	0.2	0.184243225306273	0.0157567746937275	7.2611864948053E-06	25373.7079247422	0.2	0.200317041482776	0.0157567746937275
150.837999343872	1.8	0.678	1127	32.987012987013	0.2	0.184243225306273	0.0157567746937275	7.2611864948053E-06	25373.7079247422	0.2	0.200317041482776	0.0157567746937275
151.351999282837	1.8	0.675	1127	32.987012987013	0.2	0.183916569966823	0.0160834300331771	7.41171890929822E-06	24814.293717493	0.2	0.200643696822226	0.0160834300331771
151.849999427795	1.8	0.672	1127	32.987012987013	0.2	0.184569880645722	0.0154301193542778	7.11065408031237E-06	25956.8077086959	0.2	0.199990386143327	0.0154301193542778
152.331998825073	1.8	0.67	1127	32.987012987013	0.2	0.184243225306273	0.0157567746937275	7.2611864948053E-06	25373.7079247422	0.2	0.200643696822226	0.0157567746937275
152.848999977112	1.8	0.669	1128	33.2467532467532	0.2	0.184243225306273	0.0157567746937275	7.2611864948053E-06	25373.7079247422	0.2	0.200643696822226	0.0157567746937275
153.336999416351	1.8	0.667	1128	33.2467532467532	0.2	0.184569880645722	0.0154301193542778	7.11065408031237E-06	25956.8077086959	0.2	0.200970352161676	0.0154301193542778
153.839998722076	1.8	0.666	1128	33.2467532467532	0.2	0.184243225306273	0.0157567746937275	7.2611864948053E-06	25373.7079247422	0.2	0.199990386143327	0.0157567746937275
154.336998939514	1.8	0.664	1128	33.2467532467532	0.2	0.183916569966823	0.0160834300331771	7.41171890929822E-06	24814.293717493	0.2	0.200970352161676	0.0160834300331771
154.835999488831	1.8	0.664	1128	33.2467532467532	0.2	0.184243225306273	0.0157567746937275	7.2611864948053E-06	25373.7079247422	0.2	0.200643696822226	0.0157567746937275
155.354999542236	1.8	0.662	1128	33.2467532467532	0.2	0.183589914627373	0.0164100853726268	7.56225132379114E-06	24277.1506482193	0.2	0.200317041482776	0.0164100853726268
155.826999664307	1.8	0.662	1128	33.2467532467532	0.2	0.183589914627373	0.0164100853726268	7.56225132379114E-06	24277.1506482193	0.2	0.200317041482776	0.0164100853726268
156.345999240875	1.8	0.661	1129	33.5064935064935	0.2	0.183589914627373	0.0164100853726268	7.56225132379114E-06	24277.1506482193	0.2	0.200643696822226	0.0164100853726268
156.834998607635	1.8	0.661	1129	33.5064935064935	0.2	0.183263259287924	0.0167367407120764	7.71278373828407E-06	23760.9747020725	0.2	0.200317041482776	0.0167367407120764
157.337999343872	1.8	0.659	1129	33.5064935064935	0.2	0.184243225306273	0.0157567746937275	7.2611864948053E-06	25373.7079247422	0.2	0.200317041482776	0.0157567746937275
157.835999011993	1.8	0.659	1129	33.5064935064935	0.2	0.183916569966823	0.0160834300331771	7.41171890929822E-06	24814.293717493	0.2	0.200643696822226	0.0160834300331771
158.348999977112	1.8	0.658	1129	33.5064935064935	0.2	0.183916569966823	0.0160834300331771	7.41171890929822E-06	24814.293717493	0.2	0.200970352161676	0.0160834300331771
158.83899974823	1.8	0.658	1129	33.5064935064935	0.2	0.184243225306273	0.0157567746937275	7.2611864948053E-06	25373.7079247422	0.2	0.200317041482776	0.0157567746937275
159.341999053955	1.9	0.712	1129	33.5064935064935	0.2	0.184243225306273	0.0157567746937275	7.2611864948053E-06	25373.7079247422	0.2	0.200970352161676	0.0157567746937275
159.845999717712	1.9	0.709	1129	33.5064935064935	0.2	0.184243225306273	0.0157567746937275	7.2611864948053E-06	25373.7079247422	0.2	0.199990386143327	0.0157567746937275
160.335000038147	1.9	0.705	1129	33.5064935064935	0.2	0.183589914627373	0.0164100853726268	7.56225132379114E-06	24277.1506482193	0.2	0.200643696822226	0.0164100853726268
160.839999675751	1.9	0.704	1129	33.5064935064935	0.2	0.184243225306273	0.0157567746937275	7.2611864948053E-06	25373.7079247422	0.2	0.199663730803877	0.0157567746937275
161.345999240875	1.9	0.702	1129	33.5064935064935	0.2	0.183589914627373	0.0164100853726268	7.56225132379114E-06	24277.1506482193	0.2	0.200970352161676	0.0164100853726268
161.835999488831	1.9	0.701	1129	33.5064935064935	0.2	0.183589914627373	0.0164100853726268	7.56225132379114E-06	24277.1506482193	0.2	0.200643696822226	0.0164100853726268
162.347999572754	1.9	0.699	1129	33.5064935064935	0.2	0.184569880645722	0.0154301193542778	7.11065408031237E-06	25956.8077086959	0.2	0.201297007501125	0.0154301193542778
162.846999168396	1.9	0.698	1129	33.5064935064935	0.2	0.183916569966823	0.0160834300331771	7.41171890929822E-06	24814.293717493	0.2	0.200643696822226	0.0160834300331771
163.329999923706	1.9	0.697	1129	33.5064935064935	0.2	0.183589914627373	0.0164100853726268	7.56225132379114E-06	24277.1506482193	0.2	0.200317041482776	0.0164100853726268
163.83099937439	1.9	0.696	1130	33.7662337662338	0.2	0.184569880645722	0.0154301193542778	7.11065408031237E-06	25956.8077086959	0.2	0.200317041482776	0.0154301193542778
164.33899974823	1.9	0.695	1130	33.7662337662338	0.2	0.183916569966823	0.0160834300331771	7.41171890929822E-06	24814.293717493	0.2	0.199990386143327	0.0160834300331771
164.846999168396	1.9	0.695	1130	33.7662337662338	0.2	0.184243225306273	0.0157567746937275	7.2611864948053E-06	25373.7079247422	0.2	0.199990386143327	0.0157567746937275
165.336999416351	1.9	0.694	1130	33.7662337662338	0.2	0.183916569966823	0.0160834300331771	7.41171890929822E-06	24814.293717493	0.2	0.199990386143327	0.0160834300331771
165.838999271393	1.9	0.693	1130	33.7662337662338	0.2	0.183589914627373	0.0164100853726268	7.56225132379114E-06	24277.1506482193	0.2	0.200643696822226	0.0164100853726268
166.370999336243	1.9	0.692	1130	33.7662337662338	0.2	0.183916569966823	0.0160834300331771	7.41171890929822E-06	24814.293717493	0.2	0.199990386143327	0.0160834300331771
166.832999229431	1.9	0.692	1130	33.7662337662338	0.2	0.183589914627373	0.0164100853726268	7.56225132379114E-06	24277.1506482193	0.2	0.200317041482776	0.0164100853726268
167.348999023438	2	0.692	1131	34.025974025974	0.2	0.183589914627373	0.0164100853726268	7.56225132379114E-06	24277.1506482193	0.2	0.201297007501125	0.0164100853726268
167.838999271393	2	0.744	1131	34.025974025974	0.2	0.183916569966823	0.0160834300331771	7.41171890929822E-06	24814.293717493	0.2	0.200643696822226	0.0160834300331771
168.335999011993	2	0.742	1131	34.025974025974	0.2	0.183589914627373	0.0164100853726268	7.56225132379114E-06	24277.1506482193	0.2	0.201623662840575	0.0164100853726268
168.839999675751	2	0.738	1131	34.025974025974	0.2	0.183263259287924	0.0167367407120764	7.71278373828407E-06	23760.9747020725	0.2	0.200317041482776	0.0167367407120764
169.33499956131	2	0.737	1131	34.025974025974	0.2	0.183263259287924	0.0167367407120764	7.71278373828407E-06	23760.9747020725	0.2	0.200643696822226	0.0167367407120764
169.841999053955	2	0.735	1131	34.025974025974	0.2	0.183263259287924	0.0167367407120764	7.71278373828407E-06	23760.9747020725	0.2	0.200643696822226	0.0167367407120764
170.337999343872	2	0.734	1131	34.025974025974	0.2	0.183263259287924	0.0167367407120764	7.71278373828407E-06	23760.9747020725	0.2	0.200970352161676	0.0167367407120764
170.83199930191	2	0.732	1131	34.025974025974	0.2	0.184569880645722	0.0154301193542778	7.11065408031237E-06	25956.8077086959	0.2	0.200643696822226	0.0154301193542778
171.346999168396	2	0.732	1131	34.025974025974	0.2	0.183589914627373	0.0164100853726268	7.56225132379114E-06	24277.1506482193	0.2	0.199990386143327	0.0164100853726268
171.833999633789	2	0.73	1131	34.025974025974	0.2	0.184243225306273	0.0157567746937275	7.2611864948053E-06	25373.7079247422	0.2	0.200643696822226	0.0157567746937275
172.337000370026	2	0.73	1132	34.2857142857143	0.2	0.184243225306273	0.0157567746937275	7.2611864948053E-06	25373.7079247422	0.2	0.199663730803877	0.0157567746937275
172.837999820709	2	0.729	1132	34.2857142857143	0.2	0.183589914627373	0.0164100853726268	7.56225132379114E-06	24277.1506482193	0.2	0.200970352161676	0.0164100853726268
173.335999011993	2	0.728	1132	34.2857142857143	0.2	0.183916569966823	0.0160834300331771	7.41171890929822E-06	24814.293717493	0.2	0.200643696822226	0.0160834300331771
173.837999343872	2	0.727	1132	34.2857142857143	0.2	0.183263259287924	0.0167367407120764	7.71278373828407E-06	23760.9747020725	0.2	0.200643696822226	0.0167367407120764
174.329999446869	2	0.727	1132	34.2857142857143	0.2	0.183263259287924	0.0167367407120764	7.71278373828407E-06	23760.9747020725	0.2	0.200643696822226	0.0167367407120764
174.839999198914	2	0.726	1132	34.2857142857143	0.2	0.184243225306273	0.0157567746937275	7.2611864948053E-06	25373.7079247422	0.2	0.201297007501125	0.0157567746937275
175.336998939514	2	0.726	1132	34.2857142857143	0.2	0.184243225306273	0.0157567746937275	7.2611864948053E-06	25373.7079247422	0.2	0.199990386143327	0.0157567746937275
175.837998867035	2.1	0.779	1132	34.2857142857143	0.2	0.183589914627373	0.0164100853726268	7.56225132379114E-06	24277.1506482193	0.2	0.200643696822226	0.0164100853726268
176.336999416351	2.1	0.777	1132	34.2857142857143	0.2	0.183589914627373	0.0164100853726268	7.56225132379114E-06	24277.1506482193	0.2	0.199663730803877	0.0164100853726268
176.848999500275	2.1	0.773	1132	34.2857142857143	0.2	0.183916569966823	0.0160834300331771	7.41171890929822E-06	24814.293717493	0.2	0.200317041482776	0.0160834300331771
177.325999259949	2.1	0.771	1133	34.5454545454545	0.2	0.183916569966823	0.0160834300331771	7.41171890929822E-06	24814.293717493	0.2	0.199990386143327	0.0160834300331771
177.856999874115	2.1	0.77	1133	34.5454545454545	0.2	0.184569880645722	0.0154301193542778	7.11065408031237E-06	25956.8077086959	0.2	0.200643696822226	0.0154301193542778
178.335999488831	2.1	0.768	1132	34.2857142857143	0.2	0.183916569966823	0.0160834300331771	7.41171890929822E-06	24814.293717493	0.2	0.199990386143327	0.0160834300331771
178.83099937439	2.1	0.767	1133	34.5454545454545	0.2	0.184243225306273	0.0157567746937275	7.2611864948053E-06	25373.7079247422	0.2	0.200643696822226	0.0157567746937275
179.342998981476	2.1	0.765	1133	34.5454545454545	0.2	0.184243225306273	0.0157567746937275	7.2611864948053E-06	25373.7079247422	0.2	0.199663730803877	0.0157567746937275
179.836999893188	2.1	0.765	1133	34.5454545454545	0.2	0.182936603948474	0.0170633960515261	7.86331615277699E-06	23264.5617185147	0.2	0.200317041482776	0.0170633960515261
180.343999385834	2.1	0.763	1133	34.5454545454545	0.2	0.184243225306273	0.0157567746937275	7.2611864948053E-06	25373.7079247422	0.2	0.200317041482776	0.0157567746937275
180.848999500275	2.1	0.763	1133	34.5454545454545	0.2	0.183263259287924	0.0167367407120764	7.71278373828407E-06	23760.9747020725	0.2	0.200970352161676	0.0167367407120764
181.335999011993	2.1	0.762	1134	34.8051948051949	0.2	0.183916569966823	0.0160834300331771	7.41171890929822E-06	24814.293717493	0.2	0.200970352161676	0.0160834300331771
181.844999313354	2.1	0.761	1134	34.8051948051949	0.2	0.183589914627373	0.0164100853726268	7.56225132379114E-06	24277.1506482193	0.2	0.201623662840575	0.0164100853726268
182.345999240875	2.1	0.76	1134	34.8051948051949	0.2	0.183916569966823	0.0160834300331771	7.41171890929822E-06	24814.293717493	0.2	0.200317041482776	0.0160834300331771
182.837999343872	2.1	0.76	1134	34.8051948051949	0.2	0.183589914627373	0.0164100853726268	7.56225132379114E-06	24277.1506482193	0.2	0.200643696822226	0.0164100853726268
183.352999210358	2.1	0.759	1134	34.8051948051949	0.2	0.183589914627373	0.0164100853726268	7.56225132379114E-06	24277.1506482193	0.2	0.201297007501125	0.0164100853726268
183.836999893188	2.1	0.759	1134	34.8051948051949	0.2	0.183263259287924	0.0167367407120764	7.71278373828407E-06	23760.9747020725	0.2	0.200317041482776	0.0167367407120764
184.328000068665	2.2	0.812	1135	35.0649350649351	0.2	0.183916569966823	0.0160834300331771	7.41171890929822E-06	24814.293717493	0.2	0.200970352161676	0.0160834300331771
184.842998981476	2.2	0.809	1135	35.0649350649351	0.2	0.183916569966823	0.0160834300331771	7.41171890929822E-06	24814.293717493	0.2	0.199990386143327	0.0160834300331771
185.336999893188	2.2	0.805	1135	35.0649350649351	0.2	0.183263259287924	0.0167367407120764	7.71278373828407E-06	23760.9747020725	0.2	0.200317041482776	0.0167367407120764
185.835999011993	2.2	0.804	1135	35.0649350649351	0.2	0.183589914627373	0.0164100853726268	7.56225132379114E-06	24277.1506482193	0.2	0.200317041482776	0.0164100853726268
186.335999488831	2.2	0.802	1135	35.0649350649351	0.2	0.182936603948474	0.0170633960515261	7.86331615277699E-06	23264.5617185147	0.2	0.200970352161676	0.0170633960515261
186.848999023438	2.2	0.801	1135	35.0649350649351	0.2	0.183589914627373	0.0164100853726268	7.56225132379114E-06	24277.1506482193	0.2	0.200317041482776	0.0164100853726268
187.346998691559	2.2	0.799	1135	35.0649350649351	0.2	0.183916569966823	0.0160834300331771	7.41171890929822E-06	24814.293717493	0.2	0.200643696822226	0.0160834300331771
187.829999446869	2.2	0.798	1135	35.0649350649351	0.2	0.183263259287924	0.0167367407120764	7.71278373828407E-06	23760.9747020725	0.2	0.200643696822226	0.0167367407120764
188.341999530792	2.2	0.797	1135	35.0649350649351	0.2	0.183263259287924	0.0167367407120764	7.71278373828407E-06	23760.9747020725	0.2	0.200643696822226	0.0167367407120764
188.838999271393	2.2	0.796	1135	35.0649350649351	0.2	0.183589914627373	0.0164100853726268	7.56225132379114E-06	24277.1506482193	0.2	0.200643696822226	0.0164100853726268
189.328998565674	2.2	0.795	1136	35.3246753246754	0.2	0.183263259287924	0.0167367407120764	7.71278373828407E-06	23760.9747020725	0.2	0.200643696822226	0.0167367407120764
189.841999530792	2.2	0.794	1136	35.3246753246754	0.2	0.183263259287924	0.0167367407120764	7.71278373828407E-06	23760.9747020725	0.2	0.200643696822226	0.0167367407120764
190.333999633789	2.2	0.794	1136	35.3246753246754	0.2	0.183589914627373	0.0164100853726268	7.56225132379114E-06	24277.1506482193	0.2	0.201297007501125	0.0164100853726268
190.853999614716	2.2	0.793	1136	35.3246753246754	0.2	0.183263259287924	0.0167367407120764	7.71278373828407E-06	23760.9747020725	0.2	0.200317041482776	0.0167367407120764
191.347999572754	2.2	0.792	1136	35.3246753246754	0.2	0.182609948609024	0.0173900513909757	8.01384856726991E-06	22786.7980129844	0.2	0.200643696822226	0.0173900513909757
191.825999736786	2.2	0.792	1136	35.3246753246754	0.2	0.183263259287924	0.0167367407120764	7.71278373828407E-06	23760.9747020725	0.2	0.199990386143327	0.0167367407120764
192.36799955368	2.3	0.791	1136	35.3246753246754	0.2	0.183589914627373	0.0164100853726268	7.56225132379114E-06	24277.1506482193	0.2	0.201297007501125	0.0164100853726268
192.835999488831	2.3	0.843	1136	35.3246753246754	0.2	0.184243225306273	0.0157567746937275	7.2611864948053E-06	25373.7079247422	0.2	0.200317041482776	0.0157567746937275
193.341000080109	2.3	0.84	1136	35.3246753246754	0.2	0.183916569966823	0.0160834300331771	7.41171890929822E-06	24814.293717493	0.2	0.200970352161676	0.0160834300331771
193.842000007629	2.3	0.837	1137	35.5844155844156	0.2	0.183589914627373	0.0164100853726268	7.56225132379114E-06	24277.1506482193	0.2	0.200643696822226	0.0164100853726268
194.349999427795	2.3	0.836	1137	35.5844155844156	0.2	0.183263259287924	0.0167367407120764	7.71278373828407E-06	23760.9747020725	0.2	0.200317041482776	0.0167367407120764
194.848999023438	2.3	0.834	1137	35.5844155844156	0.2	0.183916569966823	0.0160834300331771	7.41171890929822E-06	24814.293717493	0.2	0.200317041482776	0.0160834300331771
195.329999923706	2.3	0.833	1137	35.5844155844156	0.2	0.182609948609024	0.0173900513909757	8.01384856726991E-06	22786.7980129844	0.2	0.200970352161676	0.0173900513909757
195.83099937439	2.3	0.831	1137	35.5844155844156	0.2	0.183589914627373	0.0164100853726268	7.56225132379114E-06	24277.1506482193	0.2	0.200317041482776	0.0164100853726268
196.335999965668	2.3	0.831	1137	35.5844155844156	0.2	0.184243225306273	0.0157567746937275	7.2611864948053E-06	25373.7079247422	0.2	0.201623662840575	0.0157567746937275
196.833999633789	2.3	0.829	1138	35.8441558441559	0.2	0.183263259287924	0.0167367407120764	7.71278373828407E-06	23760.9747020725	0.2	0.200643696822226	0.0167367407120764
197.335999488831	2.3	0.829	1138	35.8441558441559	0.2	0.182936603948474	0.0170633960515261	7.86331615277699E-06	23264.5617185147	0.2	0.200643696822226	0.0170633960515261
197.837999343872	2.3	0.827	1138	35.8441558441559	0.2	0.184243225306273	0.0157567746937275	7.2611864948053E-06	25373.7079247422	0.2	0.200317041482776	0.0157567746937275
198.335999011993	2.3	0.827	1138	35.8441558441559	0.2	0.183589914627373	0.0164100853726268	7.56225132379114E-06	24277.1506482193	0.2	0.201297007501125	0.0164100853726268
198.849999427795	2.3	0.826	1138	35.8441558441559	0.2	0.182936603948474	0.0170633960515261	7.86331615277699E-06	23264.5617185147	0.2	0.201297007501125	0.0170633960515261
199.337999343872	2.3	0.826	1138	35.8441558441559	0.2	0.183589914627373	0.0164100853726268	7.56225132379114E-06	24277.1506482193	0.2	0.200317041482776	0.0164100853726268
199.835999488831	2.3	0.824	1138	35.8441558441559	0.2	0.183589914627373	0.0164100853726268	7.56225132379114E-06	24277.1506482193	0.2	0.200643696822226	0.0164100853726268
200.335999011993	2.3	0.824	1138	35.8441558441559	0.2	0.182936603948474	0.0170633960515261	7.86331615277699E-06	23264.5617185147	0.2	0.200970352161676	0.0170633960515261
200.842999458313	2.4	0.877	1138	35.8441558441559	0.2	0.182936603948474	0.0170633960515261	7.86331615277699E-06	23264.5617185147	0.2	0.200317041482776	0.0170633960515261
201.342999458313	2.4	0.875	1138	35.8441558441559	0.2	0.183589914627373	0.0164100853726268	7.56225132379114E-06	24277.1506482193	0.2	0.200643696822226	0.0164100853726268
201.850998878479	2.4	0.871	1139	36.1038961038961	0.2	0.182936603948474	0.0170633960515261	7.86331615277699E-06	23264.5617185147	0.2	0.201623662840575	0.0170633960515261
202.334999084473	2.4	0.869	1139	36.1038961038961	0.2	0.183916569966823	0.0160834300331771	7.41171890929822E-06	24814.293717493	0.2	0.200317041482776	0.0160834300331771
202.849999427795	2.4	0.868	1139	36.1038961038961	0.2	0.182936603948474	0.0170633960515261	7.86331615277699E-06	23264.5617185147	0.2	0.199990386143327	0.0170633960515261
203.329998970032	2.4	0.866	1139	36.1038961038961	0.2	0.182936603948474	0.0170633960515261	7.86331615277699E-06	23264.5617185147	0.2	0.199990386143327	0.0170633960515261
203.833999633789	2.4	0.865	1139	36.1038961038961	0.2	0.181956637930125	0.018043362069875	8.31491339625576E-06	21883.166938583	0.2	0.200970352161676	0.018043362069875
204.336999416351	2.4	0.863	1139	36.1038961038961	0.2	0.182283293269575	0.0177167067304254	8.16438098176284E-06	22326.6520360514	0.2	0.200643696822226	0.0177167067304254
204.849999427795	2.4	0.862	1139	36.1038961038961	0.2	0.182936603948474	0.0170633960515261	7.86331615277699E-06	23264.5617185147	0.2	0.200970352161676	0.0170633960515261
205.341999530792	2.4	0.861	1139	36.1038961038961	0.2	0.183589914627373	0.0164100853726268	7.56225132379114E-06	24277.1506482193	0.2	0.200643696822226	0.0164100853726268
205.838999271393	2.4	0.861	1140	36.3636363636364	0.2	0.183589914627373	0.0164100853726268	7.56225132379114E-06	24277.1506482193	0.2	0.200643696822226	0.0164100853726268
206.351999759674	2.4	0.859	1140	36.3636363636364	0.2	0.183589914627373	0.0164100853726268	7.56225132379114E-06	24277.1506482193	0.2	0.200643696822226	0.0164100853726268
206.829999446869	2.4	0.859	1140	36.3636363636364	0.2	0.183263259287924	0.0167367407120764	7.71278373828407E-06	23760.9747020725	0.2	0.199663730803877	0.0167367407120764
207.344999313354	2.4	0.858	1140	36.3636363636364	0.2	0.182936603948474	0.0170633960515261	7.86331615277699E-06	23264.5617185147	0.2	0.200643696822226	0.0170633960515261
207.838999271393	2.4	0.858	1140	36.3636363636364	0.2	0.182936603948474	0.0170633960515261	7.86331615277699E-06	23264.5617185147	0.2	0.201297007501125	0.0170633960515261
208.338999271393	2.4	0.856	1140	36.3636363636364	0.2	0.182936603948474	0.0170633960515261	7.86331615277699E-06	23264.5617185147	0.2	0.200643696822226	0.0170633960515261
208.856999397278	2.4	0.856	1140	36.3636363636364	0.2	0.183589914627373	0.0164100853726268	7.56225132379114E-06	24277.1506482193	0.2	0.201297007501125	0.0164100853726268
209.32799911499	2.5	0.909	1140	36.3636363636364	0.2	0.183263259287924	0.0167367407120764	7.71278373828407E-06	23760.9747020725	0.2	0.200317041482776	0.0167367407120764
209.835999011993	2.5	0.907	1140	36.3636363636364	0.2	0.182936603948474	0.0170633960515261	7.86331615277699E-06	23264.5617185147	0.2	0.200970352161676	0.0170633960515261
210.338999271393	2.5	0.903	1140	36.3636363636364	0.2	0.182936603948474	0.0170633960515261	7.86331615277699E-06	23264.5617185147	0.2	0.200643696822226	0.0170633960515261
210.835999011993	2.5	0.901	1140	36.3636363636364	0.2	0.182936603948474	0.0170633960515261	7.86331615277699E-06	23264.5617185147	0.2	0.200643696822226	0.0170633960515261
211.332999229431	2.5	0.899	1140	36.3636363636364	0.2	0.183263259287924	0.0167367407120764	7.71278373828407E-06	23760.9747020725	0.2	0.200970352161676	0.0167367407120764
211.837999820709	2.5	0.898	1140	36.3636363636364	0.2	0.182936603948474	0.0170633960515261	7.86331615277699E-06	23264.5617185147	0.2	0.200317041482776	0.0170633960515261
212.341999053955	2.5	0.896	1140	36.3636363636364	0.2	0.183589914627373	0.0164100853726268	7.56225132379114E-06	24277.1506482193	0.2	0.199990386143327	0.0164100853726268
212.849998950958	2.5	0.896	1141	36.6233766233766	0.2	0.183589914627373	0.0164100853726268	7.56225132379114E-06	24277.1506482193	0.2	0.199990386143327	0.0164100853726268
213.336998939514	2.5	0.894	1141	36.6233766233766	0.2	0.182936603948474	0.0170633960515261	7.86331615277699E-06	23264.5617185147	0.2	0.200970352161676	0.0170633960515261
213.835999488831	2.5	0.893	1141	36.6233766233766	0.2	0.182936603948474	0.0170633960515261	7.86331615277699E-06	23264.5617185147	0.2	0.199990386143327	0.0170633960515261
214.335999488831	2.5	0.892	1141	36.6233766233766	0.2	0.182936603948474	0.0170633960515261	7.86331615277699E-06	23264.5617185147	0.2	0.200970352161676	0.0170633960515261
214.84299993515	2.5	0.891	1141	36.6233766233766	0.2	0.182936603948474	0.0170633960515261	7.86331615277699E-06	23264.5617185147	0.2	0.200643696822226	0.0170633960515261
215.341999053955	2.5	0.891	1141	36.6233766233766	0.2	0.182609948609024	0.0173900513909757	8.01384856726991E-06	22786.7980129844	0.2	0.200643696822226	0.0173900513909757
215.839999675751	2.5	0.89	1141	36.6233766233766	0.2	0.182936603948474	0.0170633960515261	7.86331615277699E-06	23264.5617185147	0.2	0.200643696822226	0.0170633960515261
216.337999343872	2.5	0.889	1141	36.6233766233766	0.2	0.182936603948474	0.0170633960515261	7.86331615277699E-06	23264.5617185147	0.2	0.200970352161676	0.0170633960515261
216.839999198914	2.5	0.889	1142	36.8831168831169	0.2	0.183263259287924	0.0167367407120764	7.71278373828407E-06	23760.9747020725	0.2	0.200643696822226	0.0167367407120764
217.362999916077	2.6	0.888	1142	36.8831168831169	0.2	0.182609948609024	0.0173900513909757	8.01384856726991E-06	22786.7980129844	0.2	0.200970352161676	0.0173900513909757
217.848999500275	2.6	0.939	1142	36.8831168831169	0.2	0.182609948609024	0.0173900513909757	8.01384856726991E-06	22786.7980129844	0.2	0.200970352161676	0.0173900513909757
218.335999488831	2.6	0.937	1142	36.8831168831169	0.2	0.182283293269575	0.0177167067304254	8.16438098176284E-06	22326.6520360514	0.2	0.200317041482776	0.0177167067304254
218.838999271393	2.6	0.934	1142	36.8831168831169	0.2	0.183589914627373	0.0164100853726268	7.56225132379114E-06	24277.1506482193	0.2	0.200317041482776	0.0164100853726268
219.345999717712	2.6	0.932	1142	36.8831168831169	0.2	0.182609948609024	0.0173900513909757	8.01384856726991E-06	22786.7980129844	0.2	0.200317041482776	0.0173900513909757
219.841999530792	2.6	0.93	1142	36.8831168831169	0.2	0.182936603948474	0.0170633960515261	7.86331615277699E-06	23264.5617185147	0.2	0.200643696822226	0.0170633960515261
220.348000049591	2.6	0.929	1142	36.8831168831169	0.2	0.183263259287924	0.0167367407120764	7.71278373828407E-06	23760.9747020725	0.2	0.200317041482776	0.0167367407120764
220.836999416351	2.6	0.927	1143	37.1428571428571	0.2	0.183589914627373	0.0164100853726268	7.56225132379114E-06	24277.1506482193	0.2	0.200317041482776	0.0164100853726268
221.336999416351	2.6	0.927	1143	37.1428571428571	0.2	0.182283293269575	0.0177167067304254	8.16438098176284E-06	22326.6520360514	0.2	0.200317041482776	0.0177167067304254
221.844999790192	2.6	0.926	1143	37.1428571428571	0.2	0.183263259287924	0.0167367407120764	7.71278373828407E-06	23760.9747020725	0.2	0.200643696822226	0.0167367407120764
222.335999488831	2.6	0.925	1143	37.1428571428571	0.2	0.182283293269575	0.0177167067304254	8.16438098176284E-06	22326.6520360514	0.2	0.200970352161676	0.0177167067304254
222.843999385834	2.6	0.924	1143	37.1428571428571	0.2	0.182609948609024	0.0173900513909757	8.01384856726991E-06	22786.7980129844	0.2	0.200317041482776	0.0173900513909757
223.338999271393	2.6	0.923	1144	37.4025974025975	0.2	0.182609948609024	0.0173900513909757	8.01384856726991E-06	22786.7980129844	0.2	0.199990386143327	0.0173900513909757
223.851999282837	2.6	0.922	1143	37.1428571428571	0.2	0.181303327251226	0.0186966727487743	8.61597822524161E-06	21042.6863336393	0.2	0.200317041482776	0.0186966727487743
224.352999210358	2.6	0.922	1143	37.1428571428571	0.2	0.183263259287924	0.0167367407120764	7.71278373828407E-06	23760.9747020725	0.2	0.200970352161676	0.0167367407120764
224.831999778748	2.6	0.921	1144	37.4025974025975	0.2	0.183263259287924	0.0167367407120764	7.71278373828407E-06	23760.9747020725	0.2	0.199990386143327	0.0167367407120764
225.353999614716	2.6	0.92	1144	37.4025974025975	0.2	0.182283293269575	0.0177167067304254	8.16438098176284E-06	22326.6520360514	0.2	0.199990386143327	0.0177167067304254
225.83899974823	2.7	0.92	1144	37.4025974025975	0.2	0.183263259287924	0.0167367407120764	7.71278373828407E-06	23760.9747020725	0.2	0.200970352161676	0.0167367407120764
226.357999801636	2.7	0.97	1144	37.4025974025975	0.2	0.182283293269575	0.0177167067304254	8.16438098176284E-06	22326.6520360514	0.2	0.200317041482776	0.0177167067304254
226.844999313354	2.7	0.968	1144	37.4025974025975	0.2	0.182936603948474	0.0170633960515261	7.86331615277699E-06	23264.5617185147	0.2	0.200643696822226	0.0170633960515261
227.337999343872	2.7	0.965	1143	37.1428571428571	0.2	0.181956637930125	0.018043362069875	8.31491339625576E-06	21883.166938583	0.2	0.199990386143327	0.018043362069875
227.850999355316	2.7	0.964	1144	37.4025974025975	0.2	0.182936603948474	0.0170633960515261	7.86331615277699E-06	23264.5617185147	0.2	0.200643696822226	0.0170633960515261
228.334999084473	2.7	0.961	1144	37.4025974025975	0.2	0.183916569966823	0.0160834300331771	7.41171890929822E-06	24814.293717493	0.2	0.200643696822226	0.0160834300331771
228.839999675751	2.7	0.961	1144	37.4025974025975	0.2	0.182283293269575	0.0177167067304254	8.16438098176284E-06	22326.6520360514	0.2	0.200643696822226	0.0177167067304254
229.342998981476	2.7	0.959	1144	37.4025974025975	0.2	0.182609948609024	0.0173900513909757	8.01384856726991E-06	22786.7980129844	0.2	0.200643696822226	0.0173900513909757
229.838999271393	2.7	0.958	1144	37.4025974025975	0.2	0.182609948609024	0.0173900513909757	8.01384856726991E-06	22786.7980129844	0.2	0.200643696822226	0.0173900513909757
230.338998794556	2.7	0.957	1144	37.4025974025975	0.2	0.183263259287924	0.0167367407120764	7.71278373828407E-06	23760.9747020725	0.2	0.200970352161676	0.0167367407120764
230.829998970032	2.7	0.956	1145	37.6623376623377	0.2	0.182609948609024	0.0173900513909757	8.01384856726991E-06	22786.7980129844	0.2	0.201297007501125	0.0173900513909757
231.336999416351	2.7	0.955	1145	37.6623376623377	0.2	0.182609948609024	0.0173900513909757	8.01384856726991E-06	22786.7980129844	0.2	0.201623662840575	0.0173900513909757
231.854999542236	2.7	0.954	1146	37.922077922078	0.2	0.181956637930125	0.018043362069875	8.31491339625576E-06	21883.166938583	0.2	0.199990386143327	0.018043362069875
232.346999645233	2.7	0.953	1146	37.922077922078	0.2	0.182936603948474	0.0170633960515261	7.86331615277699E-06	23264.5617185147	0.2	0.200970352161676	0.0170633960515261
232.843999385834	2.7	0.953	1146	37.922077922078	0.2	0.181956637930125	0.018043362069875	8.31491339625576E-06	21883.166938583	0.2	0.200317041482776	0.018043362069875
233.339999198914	2.7	0.952	1146	37.922077922078	0.2	0.182936603948474	0.0170633960515261	7.86331615277699E-06	23264.5617185147	0.2	0.200317041482776	0.0170633960515261
233.836999416351	2.7	0.951	1146	37.922077922078	0.2	0.182609948609024	0.0173900513909757	8.01384856726991E-06	22786.7980129844	0.2	0.200643696822226	0.0173900513909757
234.346999645233	2.8	1.004	1146	37.922077922078	0.2	0.182936603948474	0.0170633960515261	7.86331615277699E-06	23264.5617185147	0.2	0.200970352161676	0.0170633960515261
234.849999427795	2.8	1.001	1146	37.922077922078	0.2	0.182283293269575	0.0177167067304254	8.16438098176284E-06	22326.6520360514	0.2	0.201623662840575	0.0177167067304254
235.329999923706	2.8	0.997	1146	37.922077922078	0.2	0.182283293269575	0.0177167067304254	8.16438098176284E-06	22326.6520360514	0.2	0.199990386143327	0.0177167067304254
235.836999416351	2.8	0.996	1147	38.1818181818182	0.2	0.182936603948474	0.0170633960515261	7.86331615277699E-06	23264.5617185147	0.2	0.200970352161676	0.0170633960515261
236.353999137878	2.8	0.994	1147	38.1818181818182	0.2	0.182609948609024	0.0173900513909757	8.01384856726991E-06	22786.7980129844	0.2	0.200643696822226	0.0173900513909757
236.836998939514	2.8	0.993	1147	38.1818181818182	0.2	0.182283293269575	0.0177167067304254	8.16438098176284E-06	22326.6520360514	0.2	0.200970352161676	0.0177167067304254
237.341999530792	2.8	0.991	1147	38.1818181818182	0.2	0.181956637930125	0.018043362069875	8.31491339625576E-06	21883.166938583	0.2	0.200643696822226	0.018043362069875
237.830998897552	2.8	0.99	1147	38.1818181818182	0.2	0.182283293269575	0.0177167067304254	8.16438098176284E-06	22326.6520360514	0.2	0.199990386143327	0.0177167067304254
238.358999252319	2.8	0.989	1147	38.1818181818182	0.2	0.181956637930125	0.018043362069875	8.31491339625576E-06	21883.166938583	0.2	0.199990386143327	0.018043362069875
238.83899974823	2.8	0.988	1148	38.4415584415585	0.2	0.182283293269575	0.0177167067304254	8.16438098176284E-06	22326.6520360514	0.2	0.201623662840575	0.0177167067304254
239.335999488831	2.8	0.987	1148	38.4415584415585	0.2	0.182283293269575	0.0177167067304254	8.16438098176284E-06	22326.6520360514	0.2	0.199990386143327	0.0177167067304254
239.851999759674	2.8	0.986	1148	38.4415584415585	0.2	0.181956637930125	0.018043362069875	8.31491339625576E-06	21883.166938583	0.2	0.200643696822226	0.018043362069875
240.34299993515	2.8	0.985	1148	38.4415584415585	0.2	0.182609948609024	0.0173900513909757	8.01384856726991E-06	22786.7980129844	0.2	0.200970352161676	0.0173900513909757
240.839999675751	2.8	0.984	1148	38.4415584415585	0.2	0.181956637930125	0.018043362069875	8.31491339625576E-06	21883.166938583	0.2	0.199990386143327	0.018043362069875
241.335999011993	2.8	0.984	1148	38.4415584415585	0.2	0.182609948609024	0.0173900513909757	8.01384856726991E-06	22786.7980129844	0.2	0.200970352161676	0.0173900513909757
241.838999271393	2.8	0.983	1148	38.4415584415585	0.2	0.181629982590675	0.0183700174093246	8.46544581074869E-06	21455.4539301471	0.2	0.200970352161676	0.0183700174093246
242.340000152588	2.9	0.982	1148	38.4415584415585	0.2	0.182283293269575	0.0177167067304254	8.16438098176284E-06	22326.6520360514	0.2	0.200643696822226	0.0177167067304254
242.852999210358	2.9	1.033	1149	38.7012987012987	0.2	0.181956637930125	0.018043362069875	8.31491339625576E-06	21883.166938583	0.2	0.200317041482776	0.018043362069875
243.328999042511	2.9	1.031	1149	38.7012987012987	0.2	0.181629982590675	0.0183700174093246	8.46544581074869E-06	21455.4539301471	0.2	0.200317041482776	0.0183700174093246
243.851998806	2.9	1.028	1149	38.7012987012987	0.2	0.182609948609024	0.0173900513909757	8.01384856726991E-06	22786.7980129844	0.2	0.200317041482776	0.0173900513909757
244.338999271393	2.9	1.026	1149	38.7012987012987	0.2	0.181956637930125	0.018043362069875	8.31491339625576E-06	21883.166938583	0.2	0.199990386143327	0.018043362069875
244.83899974823	2.9	1.024	1149	38.7012987012987	0.2	0.182283293269575	0.0177167067304254	8.16438098176284E-06	22326.6520360514	0.2	0.200317041482776	0.0177167067304254
245.335999965668	2.9	1.023	1149	38.7012987012987	0.2	0.182609948609024	0.0173900513909757	8.01384856726991E-06	22786.7980129844	0.2	0.200643696822226	0.0173900513909757
245.837999343872	2.9	1.021	1149	38.7012987012987	0.2	0.181956637930125	0.018043362069875	8.31491339625576E-06	21883.166938583	0.2	0.200643696822226	0.018043362069875
246.342998981476	2.9	1.021	1150	38.961038961039	0.2	0.181956637930125	0.018043362069875	8.31491339625576E-06	21883.166938583	0.2	0.199990386143327	0.018043362069875
246.836999416351	2.9	1.019	1150	38.961038961039	0.2	0.182283293269575	0.0177167067304254	8.16438098176284E-06	22326.6520360514	0.2	0.200643696822226	0.0177167067304254
247.334999084473	2.9	1.018	1150	38.961038961039	0.2	0.181956637930125	0.018043362069875	8.31491339625576E-06	21883.166938583	0.2	0.200970352161676	0.018043362069875
247.828999042511	2.9	1.017	1150	38.961038961039	0.2	0.182936603948474	0.0170633960515261	7.86331615277699E-06	23264.5617185147	0.2	0.200643696822226	0.0170633960515261
248.340999126434	2.9	1.016	1151	39.2207792207792	0.2	0.181956637930125	0.018043362069875	8.31491339625576E-06	21883.166938583	0.2	0.200970352161676	0.018043362069875
248.841999053955	2.9	1.016	1151	39.2207792207792	0.2	0.182283293269575	0.0177167067304254	8.16438098176284E-06	22326.6520360514	0.2	0.200970352161676	0.0177167067304254
249.332999229431	2.9	1.015	1151	39.2207792207792	0.2	0.181629982590675	0.0183700174093246	8.46544581074869E-06	21455.4539301471	0.2	0.200643696822226	0.0183700174093246
249.849999427795	2.9	1.014	1151	39.2207792207792	0.2	0.182283293269575	0.0177167067304254	8.16438098176284E-06	22326.6520360514	0.2	0.200643696822226	0.0177167067304254
250.342999458313	2.9	1.014	1151	39.2207792207792	0.2	0.181956637930125	0.018043362069875	8.31491339625576E-06	21883.166938583	0.2	0.200643696822226	0.018043362069875
250.841000080109	3	1.013	1151	39.2207792207792	0.2	0.182283293269575	0.0177167067304254	8.16438098176284E-06	22326.6520360514	0.2	0.200317041482776	0.0177167067304254
251.346998691559	3	1.063	1151	39.2207792207792	0.2	0.181956637930125	0.018043362069875	8.31491339625576E-06	21883.166938583	0.2	0.200970352161676	0.018043362069875
251.837998867035	3	1.061	1151	39.2207792207792	0.2	0.181629982590675	0.0183700174093246	8.46544581074869E-06	21455.4539301471	0.2	0.200970352161676	0.0183700174093246
252.332999706268	3	1.058	1152	39.4805194805195	0.2	0.181956637930125	0.018043362069875	8.31491339625576E-06	21883.166938583	0.2	0.200643696822226	0.018043362069875
252.844998836517	3	1.057	1152	39.4805194805195	0.2	0.181629982590675	0.0183700174093246	8.46544581074869E-06	21455.4539301471	0.2	0.200643696822226	0.0183700174093246
253.337999343872	3	1.055	1152	39.4805194805195	0.2	0.182609948609024	0.0173900513909757	8.01384856726991E-06	22786.7980129844	0.2	0.201297007501125	0.0173900513909757
253.853999137878	3	1.053	1152	39.4805194805195	0.2	0.182283293269575	0.0177167067304254	8.16438098176284E-06	22326.6520360514	0.2	0.200643696822226	0.0177167067304254
254.335999011993	3	1.052	1152	39.4805194805195	0.2	0.182609948609024	0.0173900513909757	8.01384856726991E-06	22786.7980129844	0.2	0.200970352161676	0.0173900513909757
254.841999053955	3	1.051	1152	39.4805194805195	0.2	0.182283293269575	0.0177167067304254	8.16438098176284E-06	22326.6520360514	0.2	0.200317041482776	0.0177167067304254
255.335999011993	3	1.05	1152	39.4805194805195	0.2	0.181956637930125	0.018043362069875	8.31491339625576E-06	21883.166938583	0.2	0.200317041482776	0.018043362069875
255.836999893188	3	1.049	1152	39.4805194805195	0.2	0.181629982590675	0.0183700174093246	8.46544581074869E-06	21455.4539301471	0.2	0.199990386143327	0.0183700174093246
256.337999820709	3	1.048	1153	39.7402597402597	0.2	0.181303327251226	0.0186966727487743	8.61597822524161E-06	21042.6863336393	0.2	0.200643696822226	0.0186966727487743
256.838999271393	3	1.047	1153	39.7402597402597	0.2	0.182283293269575	0.0177167067304254	8.16438098176284E-06	22326.6520360514	0.2	0.200643696822226	0.0177167067304254
257.344999790192	3	1.046	1153	39.7402597402597	0.2	0.181629982590675	0.0183700174093246	8.46544581074869E-06	21455.4539301471	0.2	0.200643696822226	0.0183700174093246
257.856999874115	3	1.045	1153	39.7402597402597	0.2	0.182283293269575	0.0177167067304254	8.16438098176284E-06	22326.6520360514	0.2	0.200317041482776	0.0177167067304254
258.335999965668	3	1.044	1153	39.7402597402597	0.2	0.181629982590675	0.0183700174093246	8.46544581074869E-06	21455.4539301471	0.2	0.200643696822226	0.0183700174093246
258.835999488831	3.1	1.044	1153	39.7402597402597	0.2	0.181956637930125	0.018043362069875	8.31491339625576E-06	21883.166938583	0.2	0.200643696822226	0.018043362069875
259.346998691559	3.1	1.094	1153	39.7402597402597	0.2	0.182609948609024	0.0173900513909757	8.01384856726991E-06	22786.7980129844	0.2	0.199337075464427	0.0173900513909757
259.83199930191	3.1	1.091	1154	40.0000000000001	0.2	0.181629982590675	0.0183700174093246	8.46544581074869E-06	21455.4539301471	0.2	0.200970352161676	0.0183700174093246
260.36399936676	3.1	1.09	1153	39.7402597402597	0.2	0.180976671911776	0.0190233280882239	8.76651063973453E-06	20644.0942524489	0.2	0.200643696822226	0.0190233280882239
260.829998970032	3.1	1.087	1154	40.0000000000001	0.2	0.181956637930125	0.018043362069875	8.31491339625576E-06	21883.166938583	0.2	0.200317041482776	0.018043362069875
261.332999706268	3.1	1.086	1154	40.0000000000001	0.2	0.181956637930125	0.018043362069875	8.31491339625576E-06	21883.166938583	0.2	0.200317041482776	0.018043362069875
261.843999862671	3.1	1.083	1154	40.0000000000001	0.2	0.181629982590675	0.0183700174093246	8.46544581074869E-06	21455.4539301471	0.2	0.200317041482776	0.0183700174093246
262.335000038147	3.1	1.083	1154	40.0000000000001	0.2	0.181629982590675	0.0183700174093246	8.46544581074869E-06	21455.4539301471	0.2	0.200317041482776	0.0183700174093246
262.836998939514	3.1	1.081	1154	40.0000000000001	0.2	0.181956637930125	0.018043362069875	8.31491339625576E-06	21883.166938583	0.2	0.200970352161676	0.018043362069875
263.332999706268	3.1	1.08	1155	40.2597402597403	0.2	0.181956637930125	0.018043362069875	8.31491339625576E-06	21883.166938583	0.2	0.200970352161676	0.018043362069875
263.843998908997	3.1	1.079	1155	40.2597402597403	0.2	0.181956637930125	0.018043362069875	8.31491339625576E-06	21883.166938583	0.2	0.200317041482776	0.018043362069875
264.342999458313	3.1	1.078	1155	40.2597402597403	0.2	0.181629982590675	0.0183700174093246	8.46544581074869E-06	21455.4539301471	0.2	0.200317041482776	0.0183700174093246
264.839999675751	3.1	1.077	1155	40.2597402597403	0.2	0.181956637930125	0.018043362069875	8.31491339625576E-06	21883.166938583	0.2	0.200970352161676	0.018043362069875
265.356999397278	3.1	1.077	1155	40.2597402597403	0.2	0.181303327251226	0.0186966727487743	8.61597822524161E-06	21042.6863336393	0.2	0.200317041482776	0.0186966727487743
265.829999446869	3.1	1.075	1155	40.2597402597403	0.2	0.180976671911776	0.0190233280882239	8.76651063973453E-06	20644.0942524489	0.2	0.200643696822226	0.0190233280882239
266.336999893188	3.1	1.075	1156	40.5194805194806	0.2	0.182283293269575	0.0177167067304254	8.16438098176284E-06	22326.6520360514	0.2	0.199990386143327	0.0177167067304254
266.851999282837	3.1	1.074	1156	40.5194805194806	0.2	0.181629982590675	0.0183700174093246	8.46544581074869E-06	21455.4539301471	0.2	0.200317041482776	0.0183700174093246
267.337999343872	3.2	1.074	1156	40.5194805194806	0.2	0.181303327251226	0.0186966727487743	8.61597822524161E-06	21042.6863336393	0.2	0.201297007501125	0.0186966727487743
267.837999343872	3.2	1.123	1156	40.5194805194806	0.2	0.181956637930125	0.018043362069875	8.31491339625576E-06	21883.166938583	0.2	0.200317041482776	0.018043362069875
268.334999084473	3.2	1.121	1156	40.5194805194806	0.2	0.182283293269575	0.0177167067304254	8.16438098176284E-06	22326.6520360514	0.2	0.200317041482776	0.0177167067304254
268.829998970032	3.2	1.118	1156	40.5194805194806	0.2	0.181956637930125	0.018043362069875	8.31491339625576E-06	21883.166938583	0.2	0.201297007501125	0.018043362069875
269.356999397278	3.2	1.117	1156	40.5194805194806	0.2	0.182609948609024	0.0173900513909757	8.01384856726991E-06	22786.7980129844	0.2	0.200970352161676	0.0173900513909757
269.840999126434	3.2	1.115	1156	40.5194805194806	0.2	0.181956637930125	0.018043362069875	8.31491339625576E-06	21883.166938583	0.2	0.200970352161676	0.018043362069875
270.348999500275	3.2	1.113	1156	40.5194805194806	0.2	0.181629982590675	0.0183700174093246	8.46544581074869E-06	21455.4539301471	0.2	0.200970352161676	0.0183700174093246
270.847999572754	3.2	1.112	1156	40.5194805194806	0.2	0.181629982590675	0.0183700174093246	8.46544581074869E-06	21455.4539301471	0.2	0.201297007501125	0.0183700174093246
271.33499956131	3.2	1.111	1156	40.5194805194806	0.2	0.181629982590675	0.0183700174093246	8.46544581074869E-06	21455.4539301471	0.2	0.199990386143327	0.0183700174093246
271.851999759674	3.2	1.11	1156	40.5194805194806	0.2	0.180650016572326	0.0193499834276736	8.91704305422745E-06	20258.95977778	0.2	0.200643696822226	0.0193499834276736
272.334999084473	3.2	1.109	1156	40.5194805194806	0.2	0.180976671911776	0.0190233280882239	8.76651063973453E-06	20644.0942524489	0.2	0.200970352161676	0.0190233280882239
272.835999011993	3.2	1.108	1156	40.5194805194806	0.2	0.181303327251226	0.0186966727487743	8.61597822524161E-06	21042.6863336393	0.2	0.201623662840575	0.0186966727487743
273.355999946594	3.2	1.107	1157	40.7792207792208	0.2	0.181629982590675	0.0183700174093246	8.46544581074869E-06	21455.4539301471	0.2	0.200317041482776	0.0183700174093246
273.839999198914	3.2	1.106	1157	40.7792207792208	0.2	0.181956637930125	0.018043362069875	8.31491339625576E-06	21883.166938583	0.2	0.200970352161676	0.018043362069875
274.341999053955	3.2	1.105	1157	40.7792207792208	0.2	0.181956637930125	0.018043362069875	8.31491339625576E-06	21883.166938583	0.2	0.200317041482776	0.018043362069875
274.847999572754	3.2	1.104	1157	40.7792207792208	0.2	0.182283293269575	0.0177167067304254	8.16438098176284E-06	22326.6520360514	0.2	0.200317041482776	0.0177167067304254
275.330999851227	3.2	1.104	1157	40.7792207792208	0.2	0.180976671911776	0.0190233280882239	8.76651063973453E-06	20644.0942524489	0.2	0.199990386143327	0.0190233280882239
275.866000175476	3.3	1.104	1158	41.0389610389611	0.2	0.181629982590675	0.0183700174093246	8.46544581074869E-06	21455.4539301471	0.2	0.200643696822226	0.0183700174093246
276.335999488831	3.3	1.153	1158	41.0389610389611	0.2	0.181303327251226	0.0186966727487743	8.61597822524161E-06	21042.6863336393	0.2	0.200317041482776	0.0186966727487743
276.839999198914	3.3	1.151	1158	41.0389610389611	0.2	0.181303327251226	0.0186966727487743	8.61597822524161E-06	21042.6863336393	0.2	0.200970352161676	0.0186966727487743
277.336999893188	3.3	1.148	1158	41.0389610389611	0.2	0.181629982590675	0.0183700174093246	8.46544581074869E-06	21455.4539301471	0.2	0.200643696822226	0.0183700174093246
277.841999530792	3.3	1.146	1158	41.0389610389611	0.2	0.180323361232877	0.0196766387671232	9.06757546872038E-06	19886.6126733571	0.2	0.199990386143327	0.0196766387671232
278.348999500275	3.3	1.144	1159	41.2987012987013	0.2	0.181303327251226	0.0186966727487743	8.61597822524161E-06	21042.6863336393	0.2	0.201623662840575	0.0186966727487743
278.838999271393	3.3	1.143	1159	41.2987012987013	0.2	0.181956637930125	0.018043362069875	8.31491339625576E-06	21883.166938583	0.2	0.200643696822226	0.018043362069875
279.347999572754	3.3	1.141	1159	41.2987012987013	0.2	0.181303327251226	0.0186966727487743	8.61597822524161E-06	21042.6863336393	0.2	0.200643696822226	0.0186966727487743
279.837999343872	3.3	1.14	1159	41.2987012987013	0.2	0.181956637930125	0.018043362069875	8.31491339625576E-06	21883.166938583	0.2	0.199990386143327	0.018043362069875
280.337999343872	3.3	1.139	1159	41.2987012987013	0.2	0.181956637930125	0.018043362069875	8.31491339625576E-06	21883.166938583	0.2	0.199990386143327	0.018043362069875
280.829999446869	3.3	1.138	1159	41.2987012987013	0.2	0.181629982590675	0.0183700174093246	8.46544581074869E-06	21455.4539301471	0.2	0.200643696822226	0.0183700174093246
281.336998939514	3.3	1.137	1159	41.2987012987013	0.2	0.181303327251226	0.0186966727487743	8.61597822524161E-06	21042.6863336393	0.2	0.200970352161676	0.0186966727487743
281.857999801636	3.3	1.136	1160	41.5584415584416	0.2	0.181629982590675	0.0183700174093246	8.46544581074869E-06	21455.4539301471	0.2	0.200317041482776	0.0183700174093246
282.336999416351	3.3	1.135	1160	41.5584415584416	0.2	0.181629982590675	0.0183700174093246	8.46544581074869E-06	21455.4539301471	0.2	0.200317041482776	0.0183700174093246
282.83499956131	3.3	1.135	1160	41.5584415584416	0.2	0.181303327251226	0.0186966727487743	8.61597822524161E-06	21042.6863336393	0.2	0.200643696822226	0.0186966727487743
283.337998867035	3.3	1.134	1160	41.5584415584416	0.2	0.180976671911776	0.0190233280882239	8.76651063973453E-06	20644.0942524489	0.2	0.201623662840575	0.0190233280882239
283.844999313354	3.3	1.133	1161	41.8181818181818	0.2	0.180976671911776	0.0190233280882239	8.76651063973453E-06	20644.0942524489	0.2	0.200970352161676	0.0190233280882239
284.348999977112	3.4	1.133	1161	41.8181818181818	0.2	0.181303327251226	0.0186966727487743	8.61597822524161E-06	21042.6863336393	0.2	0.200643696822226	0.0186966727487743
284.83499956131	3.4	1.182	1161	41.8181818181818	0.2	0.180976671911776	0.0190233280882239	8.76651063973453E-06	20644.0942524489	0.2	0.200317041482776	0.0190233280882239
285.328999519348	3.4	1.18	1162	42.0779220779221	0.2	0.180976671911776	0.0190233280882239	8.76651063973453E-06	20644.0942524489	0.2	0.200643696822226	0.0190233280882239
285.868999481201	3.4	1.177	1161	41.8181818181818	0.2	0.181303327251226	0.0186966727487743	8.61597822524161E-06	21042.6863336393	0.2	0.200643696822226	0.0186966727487743
286.352999687195	3.4	1.176	1162	42.0779220779221	0.2	0.181303327251226	0.0186966727487743	8.61597822524161E-06	21042.6863336393	0.2	0.199990386143327	0.0186966727487743
286.835999488831	3.4	1.173	1162	42.0779220779221	0.2	0.181303327251226	0.0186966727487743	8.61597822524161E-06	21042.6863336393	0.2	0.200643696822226	0.0186966727487743
287.343999862671	3.4	1.172	1162	42.0779220779221	0.2	0.180976671911776	0.0190233280882239	8.76651063973453E-06	20644.0942524489	0.2	0.199990386143327	0.0190233280882239
287.83899974823	3.4	1.171	1162	42.0779220779221	0.2	0.180650016572326	0.0193499834276736	8.91704305422745E-06	20258.95977778	0.2	0.201297007501125	0.0193499834276736
288.347999095917	3.4	1.17	1162	42.0779220779221	0.2	0.180976671911776	0.0190233280882239	8.76651063973453E-06	20644.0942524489	0.2	0.200317041482776	0.0190233280882239
288.852999687195	3.4	1.168	1163	42.3376623376623	0.2	0.180323361232877	0.0196766387671232	9.06757546872038E-06	19886.6126733571	0.2	0.199990386143327	0.0196766387671232
289.337999820709	3.4	1.167	1163	42.3376623376623	0.2	0.180976671911776	0.0190233280882239	8.76651063973453E-06	20644.0942524489	0.2	0.201297007501125	0.0190233280882239
289.828999996185	3.4	1.166	1163	42.3376623376623	0.2	0.180976671911776	0.0190233280882239	8.76651063973453E-06	20644.0942524489	0.2	0.200317041482776	0.0190233280882239
290.336999416351	3.4	1.166	1163	42.3376623376623	0.2	0.181303327251226	0.0186966727487743	8.61597822524161E-06	21042.6863336393	0.2	0.199663730803877	0.0186966727487743
290.839999198914	3.4	1.164	1163	42.3376623376623	0.2	0.180323361232877	0.0196766387671232	9.06757546872038E-06	19886.6126733571	0.2	0.200970352161676	0.0196766387671232
291.344999790192	3.4	1.164	1163	42.3376623376623	0.2	0.180976671911776	0.0190233280882239	8.76651063973453E-06	20644.0942524489	0.2	0.199990386143327	0.0190233280882239
291.827999591827	3.4	1.163	1163	42.3376623376623	0.2	0.181303327251226	0.0186966727487743	8.61597822524161E-06	21042.6863336393	0.2	0.200970352161676	0.0186966727487743
292.349998950958	3.5	1.163	1164	42.5974025974027	0.2	0.180650016572326	0.0193499834276736	8.91704305422745E-06	20258.95977778	0.2	0.200970352161676	0.0193499834276736
292.848999977112	3.5	1.212	1164	42.5974025974027	0.2	0.181956637930125	0.018043362069875	8.31491339625576E-06	21883.166938583	0.2	0.199337075464427	0.018043362069875
293.33199930191	3.5	1.21	1164	42.5974025974027	0.2	0.180650016572326	0.0193499834276736	8.91704305422745E-06	20258.95977778	0.2	0.200970352161676	0.0193499834276736
293.845998764038	3.5	1.206	1164	42.5974025974027	0.2	0.180976671911776	0.0190233280882239	8.76651063973453E-06	20644.0942524489	0.2	0.201297007501125	0.0190233280882239
294.329998970032	3.5	1.205	1164	42.5974025974027	0.2	0.180976671911776	0.0190233280882239	8.76651063973453E-06	20644.0942524489	0.2	0.200643696822226	0.0190233280882239
294.850999832153	3.5	1.202	1164	42.5974025974027	0.2	0.181303327251226	0.0186966727487743	8.61597822524161E-06	21042.6863336393	0.2	0.200643696822226	0.0186966727487743
295.352999687195	3.5	1.202	1164	42.5974025974027	0.2	0.180976671911776	0.0190233280882239	8.76651063973453E-06	20644.0942524489	0.2	0.200317041482776	0.0190233280882239
295.837999820709	3.5	1.2	1164	42.5974025974027	0.2	0.180976671911776	0.0190233280882239	8.76651063973453E-06	20644.0942524489	0.2	0.200643696822226	0.0190233280882239
296.333999156952	3.5	1.199	1165	42.8571428571429	0.2	0.180650016572326	0.0193499834276736	8.91704305422745E-06	20258.95977778	0.2	0.201297007501125	0.0193499834276736
296.854999542236	3.5	1.198	1165	42.8571428571429	0.2	0.180650016572326	0.0193499834276736	8.91704305422745E-06	20258.95977778	0.2	0.200643696822226	0.0193499834276736
297.344998836517	3.5	1.197	1165	42.8571428571429	0.2	0.180976671911776	0.0190233280882239	8.76651063973453E-06	20644.0942524489	0.2	0.200970352161676	0.0190233280882239
297.83899974823	3.5	1.196	1165	42.8571428571429	0.2	0.181303327251226	0.0186966727487743	8.61597822524161E-06	21042.6863336393	0.2	0.201297007501125	0.0186966727487743
298.332999229431	3.5	1.195	1166	43.1168831168832	0.2	0.180323361232877	0.0196766387671232	9.06757546872038E-06	19886.6126733571	0.2	0.200970352161676	0.0196766387671232
298.833999633789	3.5	1.194	1165	42.8571428571429	0.2	0.181303327251226	0.0186966727487743	8.61597822524161E-06	21042.6863336393	0.2	0.200970352161676	0.0186966727487743
299.344999313354	3.5	1.193	1166	43.1168831168832	0.2	0.181303327251226	0.0186966727487743	8.61597822524161E-06	21042.6863336393	0.2	0.201623662840575	0.0186966727487743
299.842998981476	3.5	1.193	1166	43.1168831168832	0.2	0.180976671911776	0.0190233280882239	8.76651063973453E-06	20644.0942524489	0.2	0.201297007501125	0.0190233280882239
300.338998794556	3.5	1.191	1166	43.1168831168832	0.2	0.180650016572326	0.0193499834276736	8.91704305422745E-06	20258.95977778	0.2	0.200970352161676	0.0193499834276736
300.835999488831	3.6	1.191	1166	43.1168831168832	0.2	0.180323361232877	0.0196766387671232	9.06757546872038E-06	19886.6126733571	0.2	0.200643696822226	0.0196766387671232
301.324999809265	3.6	1.24	1166	43.1168831168832	0.2	0.180976671911776	0.0190233280882239	8.76651063973453E-06	20644.0942524489	0.2	0.200317041482776	0.0190233280882239
301.844999790192	3.6	1.238	1166	43.1168831168832	0.2	0.180976671911776	0.0190233280882239	8.76651063973453E-06	20644.0942524489	0.2	0.200317041482776	0.0190233280882239
302.327999591827	3.6	1.234	1166	43.1168831168832	0.2	0.181303327251226	0.0186966727487743	8.61597822524161E-06	21042.6863336393	0.2	0.201623662840575	0.0186966727487743
302.844999313354	3.6	1.233	1166	43.1168831168832	0.2	0.180976671911776	0.0190233280882239	8.76651063973453E-06	20644.0942524489	0.2	0.200643696822226	0.0190233280882239
303.32799911499	3.6	1.231	1166	43.1168831168832	0.2	0.179996705893427	0.0200032941065729	9.2181078832133E-06	19526.4264829457	0.2	0.200643696822226	0.0200032941065729
303.836999416351	3.6	1.23	1166	43.1168831168832	0.2	0.180650016572326	0.0193499834276736	8.91704305422745E-06	20258.95977778	0.2	0.201297007501125	0.0193499834276736
304.336998939514	3.6	1.228	1167	43.3766233766234	0.2	0.180976671911776	0.0190233280882239	8.76651063973453E-06	20644.0942524489	0.2	0.199990386143327	0.0190233280882239
304.836999893188	3.6	1.227	1167	43.3766233766234	0.2	0.180323361232877	0.0196766387671232	9.06757546872038E-06	19886.6126733571	0.2	0.200317041482776	0.0196766387671232
305.34600019455	3.6	1.226	1167	43.3766233766234	0.2	0.181303327251226	0.0186966727487743	8.61597822524161E-06	21042.6863336393	0.2	0.201297007501125	0.0186966727487743
305.839999198914	3.6	1.225	1167	43.3766233766234	0.2	0.180650016572326	0.0193499834276736	8.91704305422745E-06	20258.95977778	0.2	0.200643696822226	0.0193499834276736
306.326999664307	3.6	1.224	1167	43.3766233766234	0.2	0.180976671911776	0.0190233280882239	8.76651063973453E-06	20644.0942524489	0.2	0.200317041482776	0.0190233280882239
306.840999603271	3.6	1.223	1167	43.3766233766234	0.2	0.180650016572326	0.0193499834276736	8.91704305422745E-06	20258.95977778	0.2	0.199990386143327	0.0193499834276736
307.350999832153	3.6	1.222	1167	43.3766233766234	0.2	0.180323361232877	0.0196766387671232	9.06757546872038E-06	19886.6126733571	0.2	0.200643696822226	0.0196766387671232
307.826999187469	3.6	1.221	1168	43.6363636363637	0.2	0.180323361232877	0.0196766387671232	9.06757546872038E-06	19886.6126733571	0.2	0.199990386143327	0.0196766387671232
308.33199930191	3.6	1.22	1168	43.6363636363637	0.2	0.180976671911776	0.0190233280882239	8.76651063973453E-06	20644.0942524489	0.2	0.200317041482776	0.0190233280882239
308.83099937439	3.6	1.22	1168	43.6363636363637	0.2	0.180323361232877	0.0196766387671232	9.06757546872038E-06	19886.6126733571	0.2	0.200643696822226	0.0196766387671232
309.359999656677	3.7	1.219	1168	43.6363636363637	0.2	0.180650016572326	0.0193499834276736	8.91704305422745E-06	20258.95977778	0.2	0.200317041482776	0.0193499834276736
309.840999126434	3.7	1.268	1168	43.6363636363637	0.2	0.180323361232877	0.0196766387671232	9.06757546872038E-06	19886.6126733571	0.2	0.200643696822226	0.0196766387671232
310.33099937439	3.7	1.266	1168	43.6363636363637	0.2	0.180323361232877	0.0196766387671232	9.06757546872038E-06	19886.6126733571	0.2	0.200970352161676	0.0196766387671232
310.833999156952	3.7	1.263	1168	43.6363636363637	0.2	0.182283293269575	0.0177167067304254	8.16438098176284E-06	22326.6520360514	0.2	0.201297007501125	0.0177167067304254
311.343999385834	3.7	1.261	1168	43.6363636363637	0.2	0.180976671911776	0.0190233280882239	8.76651063973453E-06	20644.0942524489	0.2	0.200970352161676	0.0190233280882239
311.824999332428	3.7	1.259	1168	43.6363636363637	0.2	0.180976671911776	0.0190233280882239	8.76651063973453E-06	20644.0942524489	0.2	0.200643696822226	0.0190233280882239
312.343999862671	3.7	1.258	1169	43.8961038961039	0.2	0.180323361232877	0.0196766387671232	9.06757546872038E-06	19886.6126733571	0.2	0.200970352161676	0.0196766387671232
312.835999011993	3.7	1.256	1168	43.6363636363637	0.2	0.180976671911776	0.0190233280882239	8.76651063973453E-06	20644.0942524489	0.2	0.200643696822226	0.0190233280882239
313.332999229431	3.7	1.255	1169	43.8961038961039	0.2	0.180650016572326	0.0193499834276736	8.91704305422745E-06	20258.95977778	0.2	0.200643696822226	0.0193499834276736
313.843999385834	3.7	1.254	1169	43.8961038961039	0.2	0.180650016572326	0.0193499834276736	8.91704305422745E-06	20258.95977778	0.2	0.199990386143327	0.0193499834276736
314.335999488831	3.7	1.253	1169	43.8961038961039	0.2	0.180976671911776	0.0190233280882239	8.76651063973453E-06	20644.0942524489	0.2	0.199990386143327	0.0190233280882239
314.835000038147	3.7	1.252	1169	43.8961038961039	0.2	0.180650016572326	0.0193499834276736	8.91704305422745E-06	20258.95977778	0.2	0.199990386143327	0.0193499834276736
315.337999820709	3.7	1.251	1169	43.8961038961039	0.2	0.180323361232877	0.0196766387671232	9.06757546872038E-06	19886.6126733571	0.2	0.200643696822226	0.0196766387671232
315.845999240875	3.7	1.25	1169	43.8961038961039	0.2	0.180976671911776	0.0190233280882239	8.76651063973453E-06	20644.0942524489	0.2	0.200643696822226	0.0190233280882239
316.33499956131	3.7	1.25	1169	43.8961038961039	0.2	0.180323361232877	0.0196766387671232	9.06757546872038E-06	19886.6126733571	0.2	0.200970352161676	0.0196766387671232
316.835999965668	3.7	1.248	1170	44.1558441558442	0.2	0.180976671911776	0.0190233280882239	8.76651063973453E-06	20644.0942524489	0.2	0.200970352161676	0.0190233280882239
317.346999645233	3.7	1.248	1169	43.8961038961039	0.2	0.181303327251226	0.0186966727487743	8.61597822524161E-06	21042.6863336393	0.2	0.201297007501125	0.0186966727487743
317.825999259949	3.8	1.299	1170	44.1558441558442	0.2	0.180323361232877	0.0196766387671232	9.06757546872038E-06	19886.6126733571	0.2	0.201297007501125	0.0196766387671232
318.33499956131	3.8	1.297	1170	44.1558441558442	0.2	0.180650016572326	0.0193499834276736	8.91704305422745E-06	20258.95977778	0.2	0.200970352161676	0.0193499834276736
318.864998817444	3.8	1.293	1170	44.1558441558442	0.2	0.179996705893427	0.0200032941065729	9.2181078832133E-06	19526.4264829457	0.2	0.200317041482776	0.0200032941065729
319.325999736786	3.8	1.291	1170	44.1558441558442	0.2	0.180976671911776	0.0190233280882239	8.76651063973453E-06	20644.0942524489	0.2	0.201297007501125	0.0190233280882239
319.847999095917	3.8	1.29	1170	44.1558441558442	0.2	0.180650016572326	0.0193499834276736	8.91704305422745E-06	20258.95977778	0.2	0.199990386143327	0.0193499834276736
320.341999530792	3.8	1.287	1171	44.4155844155844	0.2	0.179996705893427	0.0200032941065729	9.2181078832133E-06	19526.4264829457	0.2	0.200317041482776	0.0200032941065729
320.833999633789	3.8	1.287	1171	44.4155844155844	0.2	0.180650016572326	0.0193499834276736	8.91704305422745E-06	20258.95977778	0.2	0.200970352161676	0.0193499834276736
321.342000007629	3.8	1.285	1171	44.4155844155844	0.2	0.179996705893427	0.0200032941065729	9.2181078832133E-06	19526.4264829457	0.2	0.200970352161676	0.0200032941065729
321.83899974823	3.8	1.284	1171	44.4155844155844	0.2	0.179670050553978	0.0203299494460225	9.36864029770623E-06	19177.8150131313	0.2	0.200643696822226	0.0203299494460225
322.33499956131	3.8	1.282	1171	44.4155844155844	0.2	0.179670050553978	0.0203299494460225	9.36864029770623E-06	19177.8150131313	0.2	0.201297007501125	0.0203299494460225
322.835999488831	3.8	1.282	1171	44.4155844155844	0.2	0.180650016572326	0.0193499834276736	8.91704305422745E-06	20258.95977778	0.2	0.200317041482776	0.0193499834276736
323.333999156952	3.8	1.28	1171	44.4155844155844	0.2	0.180323361232877	0.0196766387671232	9.06757546872038E-06	19886.6126733571	0.2	0.200970352161676	0.0196766387671232
323.841998577118	3.8	1.28	1171	44.4155844155844	0.2	0.180323361232877	0.0196766387671232	9.06757546872038E-06	19886.6126733571	0.2	0.201297007501125	0.0196766387671232
324.33499956131	3.8	1.279	1172	44.6753246753247	0.2	0.179670050553978	0.0203299494460225	9.36864029770623E-06	19177.8150131313	0.2	0.200970352161676	0.0203299494460225
324.833999633789	3.8	1.278	1172	44.6753246753247	0.2	0.179670050553978	0.0203299494460225	9.36864029770623E-06	19177.8150131313	0.2	0.200643696822226	0.0203299494460225
325.34299993515	3.8	1.277	1172	44.6753246753247	0.2	0.179996705893427	0.0200032941065729	9.2181078832133E-06	19526.4264829457	0.2	0.200317041482776	0.0200032941065729
325.832999229431	3.9	1.276	1172	44.6753246753247	0.2	0.180323361232877	0.0196766387671232	9.06757546872038E-06	19886.6126733571	0.2	0.200643696822226	0.0196766387671232
326.33899974823	3.9	1.325	1172	44.6753246753247	0.2	0.180323361232877	0.0196766387671232	9.06757546872038E-06	19886.6126733571	0.2	0.199990386143327	0.0196766387671232
326.841000080109	3.9	1.323	1172	44.6753246753247	0.2	0.180323361232877	0.0196766387671232	9.06757546872038E-06	19886.6126733571	0.2	0.200317041482776	0.0196766387671232
327.340999126434	3.9	1.32	1172	44.6753246753247	0.2	0.179670050553978	0.0203299494460225	9.36864029770623E-06	19177.8150131313	0.2	0.201297007501125	0.0203299494460225
327.843998908997	3.9	1.318	1172	44.6753246753247	0.2	0.179996705893427	0.0200032941065729	9.2181078832133E-06	19526.4264829457	0.2	0.200317041482776	0.0200032941065729
328.337999820709	3.9	1.316	1172	44.6753246753247	0.2	0.179996705893427	0.0200032941065729	9.2181078832133E-06	19526.4264829457	0.2	0.200970352161676	0.0200032941065729
328.846999168396	3.9	1.315	1172	44.6753246753247	0.2	0.180323361232877	0.0196766387671232	9.06757546872038E-06	19886.6126733571	0.2	0.200317041482776	0.0196766387671232
329.33499956131	3.9	1.313	1171	44.4155844155844	0.2	0.179670050553978	0.0203299494460225	9.36864029770623E-06	19177.8150131313	0.2	0.199990386143327	0.0203299494460225
329.853999137878	3.9	1.312	1171	44.4155844155844	0.2	0.179996705893427	0.0200032941065729	9.2181078832133E-06	19526.4264829457	0.2	0.200643696822226	0.0200032941065729
330.346999168396	3.9	1.311	1171	44.4155844155844	0.2	0.179996705893427	0.0200032941065729	9.2181078832133E-06	19526.4264829457	0.2	0.201623662840575	0.0200032941065729
330.837999343872	3.9	1.31	1172	44.6753246753247	0.2	0.179996705893427	0.0200032941065729	9.2181078832133E-06	19526.4264829457	0.2	0.200970352161676	0.0200032941065729
331.344998836517	3.9	1.309	1172	44.6753246753247	0.2	0.180323361232877	0.0196766387671232	9.06757546872038E-06	19886.6126733571	0.2	0.200970352161676	0.0196766387671232
331.832999229431	3.9	1.308	1172	44.6753246753247	0.2	0.179670050553978	0.0203299494460225	9.36864029770623E-06	19177.8150131313	0.2	0.200970352161676	0.0203299494460225
332.332999229431	3.9	1.307	1172	44.6753246753247	0.2	0.179996705893427	0.0200032941065729	9.2181078832133E-06	19526.4264829457	0.2	0.200643696822226	0.0200032941065729
332.845999240875	3.9	1.307	1172	44.6753246753247	0.2	0.179996705893427	0.0200032941065729	9.2181078832133E-06	19526.4264829457	0.2	0.200317041482776	0.0200032941065729
333.346999645233	3.9	1.306	1172	44.6753246753247	0.2	0.180323361232877	0.0196766387671232	9.06757546872038E-06	19886.6126733571	0.2	0.200643696822226	0.0196766387671232
333.832999229431	3.9	1.305	1173	44.9350649350649	0.2	0.179343395214528	0.0206566047854722	9.51917271219915E-06	18840.2291498181	0.2	0.199990386143327	0.0206566047854722
334.348999500275	4	1.304	1173	44.9350649350649	0.2	0.180650016572326	0.0193499834276736	8.91704305422745E-06	20258.95977778	0.2	0.200317041482776	0.0193499834276736
334.832999706268	4	1.353	1173	44.9350649350649	0.2	0.180323361232877	0.0196766387671232	9.06757546872038E-06	19886.6126733571	0.2	0.200970352161676	0.0196766387671232
335.357999324799	4	1.351	1173	44.9350649350649	0.2	0.179996705893427	0.0200032941065729	9.2181078832133E-06	19526.4264829457	0.2	0.200643696822226	0.0200032941065729
335.83499956131	4	1.347	1174	45.1948051948053	0.2	0.179670050553978	0.0203299494460225	9.36864029770623E-06	19177.8150131313	0.2	0.201297007501125	0.0203299494460225
336.33099937439	4	1.346	1174	45.1948051948053	0.2	0.179343395214528	0.0206566047854722	9.51917271219915E-06	18840.2291498181	0.2	0.201297007501125	0.0206566047854722
336.849999427795	4	1.344	1175	45.4545454545455	0.2	0.179670050553978	0.0203299494460225	9.36864029770623E-06	19177.8150131313	0.2	0.200643696822226	0.0203299494460225
337.338999271393	4	1.343	1175	45.4545454545455	0.2	0.179996705893427	0.0200032941065729	9.2181078832133E-06	19526.4264829457	0.2	0.201297007501125	0.0200032941065729
337.841999053955	4	1.341	1175	45.4545454545455	0.2	0.179996705893427	0.0200032941065729	9.2181078832133E-06	19526.4264829457	0.2	0.200970352161676	0.0200032941065729
338.343999862671	4	1.34	1175	45.4545454545455	0.2	0.180323361232877	0.0196766387671232	9.06757546872038E-06	19886.6126733571	0.2	0.200970352161676	0.0196766387671232
338.835999011993	4	1.339	1175	45.4545454545455	0.2	0.179016739875078	0.0209832601249218	9.66970512669207E-06	18513.1539720817	0.2	0.200970352161676	0.0209832601249218
339.339999675751	4	1.338	1175	45.4545454545455	0.2	0.179996705893427	0.0200032941065729	9.2181078832133E-06	19526.4264829457	0.2	0.200970352161676	0.0200032941065729
339.835999488831	4	1.336	1176	45.7142857142858	0.2	0.179670050553978	0.0203299494460225	9.36864029770623E-06	19177.8150131313	0.2	0.200643696822226	0.0203299494460225
340.342000007629	4	1.336	1176	45.7142857142858	0.2	0.179670050553978	0.0203299494460225	9.36864029770623E-06	19177.8150131313	0.2	0.199990386143327	0.0203299494460225
340.836998939514	4	1.334	1176	45.7142857142858	0.2	0.179996705893427	0.0200032941065729	9.2181078832133E-06	19526.4264829457	0.2	0.199990386143327	0.0200032941065729
341.32799911499	4	1.334	1176	45.7142857142858	0.2	0.179670050553978	0.0203299494460225	9.36864029770623E-06	19177.8150131313	0.2	0.199663730803877	0.0203299494460225
341.846999168396	4	1.333	1176	45.7142857142858	0.2	0.179670050553978	0.0203299494460225	9.36864029770623E-06	19177.8150131313	0.2	0.200970352161676	0.0203299494460225
342.337999343872	4	1.333	1175	45.4545454545455	0.2	0.179343395214528	0.0206566047854722	9.51917271219915E-06	18840.2291498181	0.2	0.200643696822226	0.0206566047854722
342.83099937439	4.1	1.383	1175	45.4545454545455	0.2	0.179016739875078	0.0209832601249218	9.66970512669207E-06	18513.1539720817	0.2	0.200317041482776	0.0209832601249218
343.328999042511	4.1	1.38	1176	45.7142857142858	0.2	0.179016739875078	0.0209832601249218	9.66970512669207E-06	18513.1539720817	0.2	0.200643696822226	0.0209832601249218
343.850998878479	4.1	1.378	1176	45.7142857142858	0.2	0.179016739875078	0.0209832601249218	9.66970512669207E-06	18513.1539720817	0.2	0.200317041482776	0.0209832601249218
344.342998981476	4.1	1.375	1176	45.7142857142858	0.2	0.179670050553978	0.0203299494460225	9.36864029770623E-06	19177.8150131313	0.2	0.199990386143327	0.0203299494460225
344.843999862671	4.1	1.373	1176	45.7142857142858	0.2	0.179996705893427	0.0200032941065729	9.2181078832133E-06	19526.4264829457	0.2	0.200643696822226	0.0200032941065729
345.340999603271	4.1	1.371	1176	45.7142857142858	0.2	0.179343395214528	0.0206566047854722	9.51917271219915E-06	18840.2291498181	0.2	0.201297007501125	0.0206566047854722
345.846999168396	4.1	1.37	1177	45.974025974026	0.2	0.180323361232877	0.0196766387671232	9.06757546872038E-06	19886.6126733571	0.2	0.200317041482776	0.0196766387671232
346.33499956131	4.1	1.368	1177	45.974025974026	0.2	0.179670050553978	0.0203299494460225	9.36864029770623E-06	19177.8150131313	0.2	0.200317041482776	0.0203299494460225
346.847999572754	4.1	1.368	1178	46.2337662337663	0.2	0.179996705893427	0.0200032941065729	9.2181078832133E-06	19526.4264829457	0.2	0.200317041482776	0.0200032941065729
347.344999313354	4.1	1.366	1178	46.2337662337663	0.2	0.179343395214528	0.0206566047854722	9.51917271219915E-06	18840.2291498181	0.2	0.200643696822226	0.0206566047854722
347.826000213623	4.1	1.365	1178	46.2337662337663	0.2	0.178690084535629	0.0213099154643714	9.820237541185E-06	18196.106131468	0.2	0.200643696822226	0.0213099154643714
348.324998855591	4.1	1.364	1178	46.2337662337663	0.2	0.179670050553978	0.0203299494460225	9.36864029770623E-06	19177.8150131313	0.2	0.200970352161676	0.0203299494460225
348.840999126434	4.1	1.363	1179	46.4935064935065	0.2	0.178363429196179	0.0216365708038211	9.97076995567792E-06	17888.631468687	0.2	0.200970352161676	0.0216365708038211
349.325999259949	4.1	1.362	1179	46.4935064935065	0.2	0.179670050553978	0.0203299494460225	9.36864029770623E-06	19177.8150131313	0.2	0.201297007501125	0.0203299494460225
349.842999458313	4.1	1.361	1179	46.4935064935065	0.2	0.179016739875078	0.0209832601249218	9.66970512669207E-06	18513.1539720817	0.2	0.200317041482776	0.0209832601249218
350.338999271393	4.1	1.36	1179	46.4935064935065	0.2	0.179016739875078	0.0209832601249218	9.66970512669207E-06	18513.1539720817	0.2	0.200317041482776	0.0209832601249218
350.835999488831	4.2	1.36	1180	46.7532467532468	0.2	0.179670050553978	0.0203299494460225	9.36864029770623E-06	19177.8150131313	0.2	0.200643696822226	0.0203299494460225
351.354999065399	4.2	1.408	1180	46.7532467532468	0.2	0.179670050553978	0.0203299494460225	9.36864029770623E-06	19177.8150131313	0.2	0.200970352161676	0.0203299494460225
351.837999820709	4.2	1.406	1180	46.7532467532468	0.2	0.179016739875078	0.0209832601249218	9.66970512669207E-06	18513.1539720817	0.2	0.200970352161676	0.0209832601249218
352.353999614716	4.2	1.402	1181	47.012987012987	0.2	0.179343395214528	0.0206566047854722	9.51917271219915E-06	18840.2291498181	0.2	0.200643696822226	0.0206566047854722
352.848999500275	4.2	1.401	1181	47.012987012987	0.2	0.178690084535629	0.0213099154643714	9.820237541185E-06	18196.106131468	0.2	0.199990386143327	0.0213099154643714
353.33099937439	4.2	1.398	1181	47.012987012987	0.2	0.179016739875078	0.0209832601249218	9.66970512669207E-06	18513.1539720817	0.2	0.199990386143327	0.0209832601249218
353.850999355316	4.2	1.398	1181	47.012987012987	0.2	0.179016739875078	0.0209832601249218	9.66970512669207E-06	18513.1539720817	0.2	0.201297007501125	0.0209832601249218
354.333999633789	4.2	1.395	1182	47.2727272727273	0.2	0.178690084535629	0.0213099154643714	9.820237541185E-06	18196.106131468	0.2	0.200970352161676	0.0213099154643714
354.845999717712	4.2	1.395	1182	47.2727272727273	0.2	0.178363429196179	0.0216365708038211	9.97076995567792E-06	17888.631468687	0.2	0.200317041482776	0.0216365708038211
355.353999137878	4.2	1.393	1181	47.012987012987	0.2	0.178363429196179	0.0216365708038211	9.97076995567792E-06	17888.631468687	0.2	0.200317041482776	0.0216365708038211
355.835999965668	4.2	1.392	1181	47.012987012987	0.2	0.179016739875078	0.0209832601249218	9.66970512669207E-06	18513.1539720817	0.2	0.199990386143327	0.0209832601249218
356.342999458313	4.2	1.391	1181	47.012987012987	0.2	0.178690084535629	0.0213099154643714	9.820237541185E-06	18196.106131468	0.2	0.200317041482776	0.0213099154643714
356.840999126434	4.2	1.39	1181	47.012987012987	0.2	0.179016739875078	0.0209832601249218	9.66970512669207E-06	18513.1539720817	0.2	0.199990386143327	0.0209832601249218
357.329999446869	4.2	1.389	1181	47.012987012987	0.2	0.179016739875078	0.0209832601249218	9.66970512669207E-06	18513.1539720817	0.2	0.199990386143327	0.0209832601249218
357.837999820709	4.2	1.388	1180	46.7532467532468	0.2	0.179016739875078	0.0209832601249218	9.66970512669207E-06	18513.1539720817	0.2	0.200317041482776	0.0209832601249218
358.345999240875	4.2	1.387	1180	46.7532467532468	0.2	0.179016739875078	0.0209832601249218	9.66970512669207E-06	18513.1539720817	0.2	0.200970352161676	0.0209832601249218
358.849999904633	4.2	1.387	1181	47.012987012987	0.2	0.179343395214528	0.0206566047854722	9.51917271219915E-06	18840.2291498181	0.2	0.200643696822226	0.0206566047854722
359.337999343872	4.3	1.386	1180	46.7532467532468	0.2	0.178363429196179	0.0216365708038211	9.97076995567792E-06	17888.631468687	0.2	0.201297007501125	0.0216365708038211
359.856999874115	4.3	1.434	1181	47.012987012987	0.2	0.178036773856729	0.0219632261432707	1.01213023701708E-05	17590.3028429852	0.2	0.199990386143327	0.0219632261432707
360.324999332428	4.3	1.432	1181	47.012987012987	0.2	0.179016739875078	0.0209832601249218	9.66970512669207E-06	18513.1539720817	0.2	0.200317041482776	0.0209832601249218
360.830999851227	4.3	1.428	1181	47.012987012987	0.2	0.178690084535629	0.0213099154643714	9.820237541185E-06	18196.106131468	0.2	0.201297007501125	0.0213099154643714
361.345999717712	4.3	1.427	1181	47.012987012987	0.2	0.178690084535629	0.0213099154643714	9.820237541185E-06	18196.106131468	0.2	0.200317041482776	0.0213099154643714
361.839999675751	4.3	1.425	1181	47.012987012987	0.2	0.179016739875078	0.0209832601249218	9.66970512669207E-06	18513.1539720817	0.2	0.200970352161676	0.0209832601249218
362.336999893188	4.3	1.424	1182	47.2727272727273	0.2	0.179016739875078	0.0209832601249218	9.66970512669207E-06	18513.1539720817	0.2	0.200317041482776	0.0209832601249218
362.833999633789	4.3	1.422	1182	47.2727272727273	0.2	0.179016739875078	0.0209832601249218	9.66970512669207E-06	18513.1539720817	0.2	0.200643696822226	0.0209832601249218
363.337000370026	4.3	1.421	1182	47.2727272727273	0.2	0.179016739875078	0.0209832601249218	9.66970512669207E-06	18513.1539720817	0.2	0.200643696822226	0.0209832601249218
363.841999053955	4.3	1.419	1182	47.2727272727273	0.2	0.178363429196179	0.0216365708038211	9.97076995567792E-06	17888.631468687	0.2	0.200643696822226	0.0216365708038211
364.346999168396	4.3	1.418	1182	47.2727272727273	0.2	0.179016739875078	0.0209832601249218	9.66970512669207E-06	18513.1539720817	0.2	0.201297007501125	0.0209832601249218
364.837999343872	4.3	1.417	1182	47.2727272727273	0.2	0.178690084535629	0.0213099154643714	9.820237541185E-06	18196.106131468	0.2	0.200643696822226	0.0213099154643714
365.339999198914	4.3	1.417	1182	47.2727272727273	0.2	0.178690084535629	0.0213099154643714	9.820237541185E-06	18196.106131468	0.2	0.200643696822226	0.0213099154643714
365.835999011993	4.3	1.415	1182	47.2727272727273	0.2	0.178690084535629	0.0213099154643714	9.820237541185E-06	18196.106131468	0.2	0.200970352161676	0.0213099154643714
366.335999965668	4.3	1.415	1182	47.2727272727273	0.2	0.179016739875078	0.0209832601249218	9.66970512669207E-06	18513.1539720817	0.2	0.200643696822226	0.0209832601249218
366.845999240875	4.3	1.414	1182	47.2727272727273	0.2	0.179016739875078	0.0209832601249218	9.66970512669207E-06	18513.1539720817	0.2	0.200643696822226	0.0209832601249218
367.335999488831	4.3	1.413	1183	47.5324675324675	0.2	0.178690084535629	0.0213099154643714	9.820237541185E-06	18196.106131468	0.2	0.201297007501125	0.0213099154643714
367.838999271393	4.4	1.412	1183	47.5324675324675	0.2	0.178690084535629	0.0213099154643714	9.820237541185E-06	18196.106131468	0.2	0.200643696822226	0.0213099154643714
368.333999156952	4.4	1.46	1183	47.5324675324675	0.2	0.178363429196179	0.0216365708038211	9.97076995567792E-06	17888.631468687	0.2	0.200643696822226	0.0216365708038211
368.843999385834	4.4	1.458	1183	47.5324675324675	0.2	0.178690084535629	0.0213099154643714	9.820237541185E-06	18196.106131468	0.2	0.200970352161676	0.0213099154643714
369.338999271393	4.4	1.455	1183	47.5324675324675	0.2	0.17771011851728	0.0222898814827204	1.02718347846638E-05	17300.7181523799	0.2	0.200643696822226	0.0222898814827204
369.833999156952	4.4	1.453	1184	47.7922077922078	0.2	0.179343395214528	0.0206566047854722	9.51917271219915E-06	18840.2291498181	0.2	0.200643696822226	0.0206566047854722
370.340999603271	4.4	1.45	1184	47.7922077922078	0.2	0.179016739875078	0.0209832601249218	9.66970512669207E-06	18513.1539720817	0.2	0.200317041482776	0.0209832601249218
370.83499956131	4.4	1.45	1184	47.7922077922078	0.2	0.178690084535629	0.0213099154643714	9.820237541185E-06	18196.106131468	0.2	0.200643696822226	0.0213099154643714
371.341999530792	4.4	1.448	1184	47.7922077922078	0.2	0.178363429196179	0.0216365708038211	9.97076995567792E-06	17888.631468687	0.2	0.200643696822226	0.0216365708038211
371.842000007629	4.4	1.447	1184	47.7922077922078	0.2	0.178690084535629	0.0213099154643714	9.820237541185E-06	18196.106131468	0.2	0.201297007501125	0.0213099154643714
372.339999198914	4.4	1.445	1184	47.7922077922078	0.2	0.178690084535629	0.0213099154643714	9.820237541185E-06	18196.106131468	0.2	0.200317041482776	0.0213099154643714
372.837999820709	4.4	1.444	1185	48.0519480519481	0.2	0.178690084535629	0.0213099154643714	9.820237541185E-06	18196.106131468	0.2	0.200317041482776	0.0213099154643714
373.340999603271	4.4	1.443	1185	48.0519480519481	0.2	0.178036773856729	0.0219632261432707	1.01213023701708E-05	17590.3028429852	0.2	0.200643696822226	0.0219632261432707
373.839000225067	4.4	1.442	1185	48.0519480519481	0.2	0.178036773856729	0.0219632261432707	1.01213023701708E-05	17590.3028429852	0.2	0.200643696822226	0.0219632261432707
374.334999084473	4.4	1.441	1185	48.0519480519481	0.2	0.178363429196179	0.0216365708038211	9.97076995567792E-06	17888.631468687	0.2	0.199990386143327	0.0216365708038211
374.834999084473	4.4	1.441	1185	48.0519480519481	0.2	0.178690084535629	0.0213099154643714	9.820237541185E-06	18196.106131468	0.2	0.201623662840575	0.0213099154643714
375.335999488831	4.4	1.439	1186	48.3116883116884	0.2	0.179016739875078	0.0209832601249218	9.66970512669207E-06	18513.1539720817	0.2	0.200970352161676	0.0209832601249218
375.828999519348	4.4	1.439	1185	48.0519480519481	0.2	0.178363429196179	0.0216365708038211	9.97076995567792E-06	17888.631468687	0.2	0.200970352161676	0.0216365708038211
376.351999282837	4.5	1.488	1186	48.3116883116884	0.2	0.17771011851728	0.0222898814827204	1.02718347846638E-05	17300.7181523799	0.2	0.200970352161676	0.0222898814827204
376.834000110626	4.5	1.486	1186	48.3116883116884	0.2	0.17705680783838	0.0229431921616197	1.05728996136496E-05	16746.2866676422	0.2	0.200643696822226	0.0229431921616197
377.339999675751	4.5	1.482	1186	48.3116883116884	0.2	0.178363429196179	0.0216365708038211	9.97076995567792E-06	17888.631468687	0.2	0.200643696822226	0.0216365708038211
377.852999687195	4.5	1.48	1186	48.3116883116884	0.2	0.178690084535629	0.0213099154643714	9.820237541185E-06	18196.106131468	0.2	0.200643696822226	0.0213099154643714
378.336999416351	4.5	1.478	1187	48.5714285714286	0.2	0.178690084535629	0.0213099154643714	9.820237541185E-06	18196.106131468	0.2	0.200317041482776	0.0213099154643714
378.837998867035	4.5	1.477	1186	48.3116883116884	0.2	0.17771011851728	0.0222898814827204	1.02718347846638E-05	17300.7181523799	0.2	0.200643696822226	0.0222898814827204
379.349998950958	4.5	1.474	1187	48.5714285714286	0.2	0.178363429196179	0.0216365708038211	9.97076995567792E-06	17888.631468687	0.2	0.200970352161676	0.0216365708038211
379.82799911499	4.5	1.474	1187	48.5714285714286	0.2	0.179016739875078	0.0209832601249218	9.66970512669207E-06	18513.1539720817	0.2	0.200643696822226	0.0209832601249218
380.344999790192	4.5	1.472	1187	48.5714285714286	0.2	0.178036773856729	0.0219632261432707	1.01213023701708E-05	17590.3028429852	0.2	0.200970352161676	0.0219632261432707
380.836999893188	4.5	1.471	1187	48.5714285714286	0.2	0.17771011851728	0.0222898814827204	1.02718347846638E-05	17300.7181523799	0.2	0.200643696822226	0.0222898814827204
381.337999820709	4.5	1.47	1187	48.5714285714286	0.2	0.178036773856729	0.0219632261432707	1.01213023701708E-05	17590.3028429852	0.2	0.200643696822226	0.0219632261432707
381.838999271393	4.5	1.469	1188	48.8311688311689	0.2	0.17771011851728	0.0222898814827204	1.02718347846638E-05	17300.7181523799	0.2	0.200643696822226	0.0222898814827204
382.338999271393	4.5	1.468	1188	48.8311688311689	0.2	0.17738346317783	0.02261653682217	1.04223671991567E-05	17019.4985254581	0.2	0.199990386143327	0.02261653682217
382.833999156952	4.5	1.467	1188	48.8311688311689	0.2	0.178036773856729	0.0219632261432707	1.01213023701708E-05	17590.3028429852	0.2	0.200643696822226	0.0219632261432707
383.354999065399	4.5	1.466	1188	48.8311688311689	0.2	0.178036773856729	0.0219632261432707	1.01213023701708E-05	17590.3028429852	0.2	0.201297007501125	0.0219632261432707
383.832998752594	4.5	1.465	1188	48.8311688311689	0.2	0.178690084535629	0.0213099154643714	9.820237541185E-06	18196.106131468	0.2	0.200970352161676	0.0213099154643714
384.348999023438	4.5	1.465	1188	48.8311688311689	0.2	0.17771011851728	0.0222898814827204	1.02718347846638E-05	17300.7181523799	0.2	0.200970352161676	0.0222898814827204
384.835999011993	4.6	1.514	1188	48.8311688311689	0.2	0.178363429196179	0.0216365708038211	9.97076995567792E-06	17888.631468687	0.2	0.200970352161676	0.0216365708038211
385.328999996185	4.6	1.512	1188	48.8311688311689	0.2	0.178363429196179	0.0216365708038211	9.97076995567792E-06	17888.631468687	0.2	0.200317041482776	0.0216365708038211
385.834999084473	4.6	1.507	1188	48.8311688311689	0.2	0.17705680783838	0.0229431921616197	1.05728996136496E-05	16746.2866676422	0.2	0.199990386143327	0.0229431921616197
386.330999851227	4.6	1.506	1188	48.8311688311689	0.2	0.178036773856729	0.0219632261432707	1.01213023701708E-05	17590.3028429852	0.2	0.200317041482776	0.0219632261432707
386.84799861908	4.6	1.503	1189	49.0909090909091	0.2	0.178036773856729	0.0219632261432707	1.01213023701708E-05	17590.3028429852	0.2	0.199990386143327	0.0219632261432707
387.353999137878	4.6	1.502	1189	49.0909090909091	0.2	0.17771011851728	0.0222898814827204	1.02718347846638E-05	17300.7181523799	0.2	0.200317041482776	0.0222898814827204
387.831998825073	4.6	1.5	1189	49.0909090909091	0.2	0.17771011851728	0.0222898814827204	1.02718347846638E-05	17300.7181523799	0.2	0.200317041482776	0.0222898814827204
388.337999343872	4.6	1.499	1189	49.0909090909091	0.2	0.17738346317783	0.02261653682217	1.04223671991567E-05	17019.4985254581	0.2	0.200643696822226	0.02261653682217
388.840999126434	4.6	1.498	1189	49.0909090909091	0.2	0.17771011851728	0.0222898814827204	1.02718347846638E-05	17300.7181523799	0.2	0.200643696822226	0.0222898814827204
389.349999427795	4.6	1.497	1189	49.0909090909091	0.2	0.17738346317783	0.02261653682217	1.04223671991567E-05	17019.4985254581	0.2	0.200317041482776	0.02261653682217
389.842999458313	4.6	1.495	1189	49.0909090909091	0.2	0.17771011851728	0.0222898814827204	1.02718347846638E-05	17300.7181523799	0.2	0.200643696822226	0.0222898814827204
390.342999458313	4.6	1.495	1190	49.3506493506494	0.2	0.17738346317783	0.02261653682217	1.04223671991567E-05	17019.4985254581	0.2	0.199663730803877	0.02261653682217
390.837999343872	4.6	1.493	1190	49.3506493506494	0.2	0.17771011851728	0.0222898814827204	1.02718347846638E-05	17300.7181523799	0.2	0.201297007501125	0.0222898814827204
391.327999591827	4.6	1.493	1190	49.3506493506494	0.2	0.17771011851728	0.0222898814827204	1.02718347846638E-05	17300.7181523799	0.2	0.200643696822226	0.0222898814827204
391.848999500275	4.6	1.492	1190	49.3506493506494	0.2	0.178036773856729	0.0219632261432707	1.01213023701708E-05	17590.3028429852	0.2	0.199990386143327	0.0219632261432707
392.349998950958	4.6	1.491	1191	49.6103896103896	0.2	0.17771011851728	0.0222898814827204	1.02718347846638E-05	17300.7181523799	0.2	0.201623662840575	0.0222898814827204
392.852999687195	4.7	1.491	1191	49.6103896103896	0.2	0.17771011851728	0.0222898814827204	1.02718347846638E-05	17300.7181523799	0.2	0.200317041482776	0.0222898814827204
393.336999416351	4.7	1.538	1191	49.6103896103896	0.2	0.17771011851728	0.0222898814827204	1.02718347846638E-05	17300.7181523799	0.2	0.201297007501125	0.0222898814827204
393.83199930191	4.7	1.536	1192	49.8701298701299	0.2	0.17738346317783	0.02261653682217	1.04223671991567E-05	17019.4985254581	0.2	0.201297007501125	0.02261653682217
394.356999874115	4.7	1.532	1191	49.6103896103896	0.2	0.178036773856729	0.0219632261432707	1.01213023701708E-05	17590.3028429852	0.2	0.199990386143327	0.0219632261432707
394.852999687195	4.7	1.531	1192	49.8701298701299	0.2	0.17771011851728	0.0222898814827204	1.02718347846638E-05	17300.7181523799	0.2	0.199990386143327	0.0222898814827204
395.333999156952	4.7	1.528	1192	49.8701298701299	0.2	0.17771011851728	0.0222898814827204	1.02718347846638E-05	17300.7181523799	0.2	0.201297007501125	0.0222898814827204
395.836999893188	4.7	1.527	1193	50.1298701298701	0.2	0.176730152498931	0.0232698475010693	1.07234320281425E-05	16480.7453467435	0.2	0.200970352161676	0.0232698475010693
396.335999965668	4.7	1.525	1193	50.1298701298701	0.2	0.176076841820031	0.0239231581799686	1.10244968571284E-05	15971.4174807153	0.2	0.201623662840575	0.0239231581799686
396.848999023438	4.7	1.525	1193	50.1298701298701	0.2	0.176730152498931	0.0232698475010693	1.07234320281425E-05	16480.7453467435	0.2	0.200643696822226	0.0232698475010693
397.353999614716	4.7	1.523	1193	50.1298701298701	0.2	0.17771011851728	0.0222898814827204	1.02718347846638E-05	17300.7181523799	0.2	0.199990386143327	0.0222898814827204
397.828999519348	4.7	1.522	1194	50.3896103896104	0.2	0.17705680783838	0.0229431921616197	1.05728996136496E-05	16746.2866676422	0.2	0.201297007501125	0.0229431921616197
398.345999240875	4.7	1.521	1194	50.3896103896104	0.2	0.17771011851728	0.0222898814827204	1.02718347846638E-05	17300.7181523799	0.2	0.200643696822226	0.0222898814827204
398.837999343872	4.7	1.52	1194	50.3896103896104	0.2	0.17738346317783	0.02261653682217	1.04223671991567E-05	17019.4985254581	0.2	0.200970352161676	0.02261653682217
399.342000007629	4.7	1.518	1194	50.3896103896104	0.2	0.17738346317783	0.02261653682217	1.04223671991567E-05	17019.4985254581	0.2	0.200970352161676	0.02261653682217
399.846999645233	4.7	1.518	1195	50.6493506493507	0.2	0.17705680783838	0.0229431921616197	1.05728996136496E-05	16746.2866676422	0.2	0.200317041482776	0.0229431921616197
400.334000110626	4.7	1.517	1195	50.6493506493507	0.2	0.176730152498931	0.0232698475010693	1.07234320281425E-05	16480.7453467435	0.2	0.200643696822226	0.0232698475010693
400.842999458313	4.7	1.516	1195	50.6493506493507	0.2	0.176730152498931	0.0232698475010693	1.07234320281425E-05	16480.7453467435	0.2	0.199990386143327	0.0232698475010693
401.356999397278	4.8	1.566	1195	50.6493506493507	0.2	0.176403497159481	0.023596502840519	1.08739644426355E-05	16222.5560043056	0.2	0.200643696822226	0.023596502840519
401.834999084473	4.8	1.563	1195	50.6493506493507	0.2	0.17705680783838	0.0229431921616197	1.05728996136496E-05	16746.2866676422	0.2	0.200643696822226	0.0229431921616197
402.33199930191	4.8	1.559	1195	50.6493506493507	0.2	0.176403497159481	0.023596502840519	1.08739644426355E-05	16222.5560043056	0.2	0.200643696822226	0.023596502840519
402.842999458313	4.8	1.558	1195	50.6493506493507	0.2	0.175750186480582	0.0242498135194182	1.11750292716213E-05	15727.044843354	0.2	0.200970352161676	0.0242498135194182
403.335999488831	4.8	1.555	1195	50.6493506493507	0.2	0.176730152498931	0.0232698475010693	1.07234320281425E-05	16480.7453467435	0.2	0.200317041482776	0.0232698475010693
403.842000007629	4.8	1.553	1196	50.909090909091	0.2	0.176076841820031	0.0239231581799686	1.10244968571284E-05	15971.4174807153	0.2	0.200643696822226	0.0239231581799686
404.351999282837	4.8	1.552	1196	50.909090909091	0.2	0.176403497159481	0.023596502840519	1.08739644426355E-05	16222.5560043056	0.2	0.200643696822226	0.023596502840519
404.835999488831	4.8	1.55	1196	50.909090909091	0.2	0.175750186480582	0.0242498135194182	1.11750292716213E-05	15727.044843354	0.2	0.200643696822226	0.0242498135194182
405.346999168396	4.8	1.55	1197	51.1688311688312	0.2	0.176076841820031	0.0239231581799686	1.10244968571284E-05	15971.4174807153	0.2	0.200970352161676	0.0239231581799686
405.83499956131	4.8	1.548	1197	51.1688311688312	0.2	0.176076841820031	0.0239231581799686	1.10244968571284E-05	15971.4174807153	0.2	0.200643696822226	0.0239231581799686
406.340999126434	4.8	1.547	1197	51.1688311688312	0.2	0.17738346317783	0.02261653682217	1.04223671991567E-05	17019.4985254581	0.2	0.201297007501125	0.02261653682217
406.829999923706	4.8	1.546	1198	51.4285714285715	0.2	0.176076841820031	0.0239231581799686	1.10244968571284E-05	15971.4174807153	0.2	0.200643696822226	0.0239231581799686
407.331999778748	4.8	1.545	1197	51.1688311688312	0.2	0.17705680783838	0.0229431921616197	1.05728996136496E-05	16746.2866676422	0.2	0.201623662840575	0.0229431921616197
407.83499956131	4.8	1.544	1198	51.4285714285715	0.2	0.175750186480582	0.0242498135194182	1.11750292716213E-05	15727.044843354	0.2	0.200317041482776	0.0242498135194182
408.334999084473	4.8	1.543	1198	51.4285714285715	0.2	0.175750186480582	0.0242498135194182	1.11750292716213E-05	15727.044843354	0.2	0.201623662840575	0.0242498135194182
408.852999210358	4.8	1.542	1198	51.4285714285715	0.2	0.175750186480582	0.0242498135194182	1.11750292716213E-05	15727.044843354	0.2	0.200643696822226	0.0242498135194182
409.338999271393	4.8	1.541	1198	51.4285714285715	0.2	0.175750186480582	0.0242498135194182	1.11750292716213E-05	15727.044843354	0.2	0.200970352161676	0.0242498135194182
409.830999851227	4.9	1.59	1199	51.6883116883117	0.2	0.175423531141132	0.0245764688588679	1.13255616861142E-05	15489.1683082007	0.2	0.200317041482776	0.0245764688588679
410.339999198914	4.9	1.588	1198	51.4285714285715	0.2	0.175096875801682	0.0249031241983175	1.14760941006072E-05	15257.5322463083	0.2	0.201297007501125	0.0249031241983175
410.83099937439	4.9	1.584	1199	51.6883116883117	0.2	0.175750186480582	0.0242498135194182	1.11750292716213E-05	15727.044843354	0.2	0.200970352161676	0.0242498135194182
411.346999168396	4.9	1.582	1199	51.6883116883117	0.2	0.176403497159481	0.023596502840519	1.08739644426355E-05	16222.5560043056	0.2	0.201623662840575	0.023596502840519
411.830999851227	4.9	1.579	1199	51.6883116883117	0.2	0.175423531141132	0.0245764688588679	1.13255616861142E-05	15489.1683082007	0.2	0.200317041482776	0.0245764688588679
412.342000007629	4.9	1.578	1199	51.6883116883117	0.2	0.175423531141132	0.0245764688588679	1.13255616861142E-05	15489.1683082007	0.2	0.199990386143327	0.0245764688588679
412.854999065399	4.9	1.576	1199	51.6883116883117	0.2	0.175096875801682	0.0249031241983175	1.14760941006072E-05	15257.5322463083	0.2	0.200643696822226	0.0249031241983175
413.335999488831	4.9	1.575	1199	51.6883116883117	0.2	0.175096875801682	0.0249031241983175	1.14760941006072E-05	15257.5322463083	0.2	0.200643696822226	0.0249031241983175
413.84600019455	4.9	1.573	1199	51.6883116883117	0.2	0.175750186480582	0.0242498135194182	1.11750292716213E-05	15727.044843354	0.2	0.199663730803877	0.0242498135194182
414.337999343872	4.9	1.572	1199	51.6883116883117	0.2	0.175096875801682	0.0249031241983175	1.14760941006072E-05	15257.5322463083	0.2	0.200643696822226	0.0249031241983175
414.832999229431	4.9	1.571	1200	51.9480519480519	0.2	0.174770220462233	0.0252297795377672	1.16266265151001E-05	15031.8942674601	0.2	0.200317041482776	0.0252297795377672
415.36399936676	4.9	1.571	1200	51.9480519480519	0.2	0.175096875801682	0.0249031241983175	1.14760941006072E-05	15257.5322463083	0.2	0.199990386143327	0.0249031241983175
415.833999633789	4.9	1.569	1200	51.9480519480519	0.2	0.175096875801682	0.0249031241983175	1.14760941006072E-05	15257.5322463083	0.2	0.200317041482776	0.0249031241983175
416.344999790192	4.9	1.568	1201	52.2077922077921	0.2	0.174116909783334	0.0258830902166665	1.19276913440859E-05	14597.704179331	0.2	0.199990386143327	0.0258830902166665
416.857999324799	4.9	1.567	1201	52.2077922077921	0.2	0.175096875801682	0.0249031241983175	1.14760941006072E-05	15257.5322463083	0.2	0.200970352161676	0.0249031241983175
417.322999477386	4.9	1.567	1201	52.2077922077921	0.2	0.174770220462233	0.0252297795377672	1.16266265151001E-05	15031.8942674601	0.2	0.200970352161676	0.0252297795377672
417.848000049591	5	1.566	1202	52.4675324675325	0.2	0.174443565122783	0.0255564348772168	1.1777158929593E-05	14812.0243741002	0.2	0.200643696822226	0.0255564348772168
418.339000225067	5	1.612	1202	52.4675324675325	0.2	0.173790254443884	0.0262097455561161	1.20782237585789E-05	14388.7261833881	0.2	0.201297007501125	0.0262097455561161
418.835999965668	5	1.611	1202	52.4675324675325	0.2	0.174116909783334	0.0258830902166665	1.19276913440859E-05	14597.704179331	0.2	0.200643696822226	0.0258830902166665
419.352000236511	5	1.607	1202	52.4675324675325	0.2	0.174116909783334	0.0258830902166665	1.19276913440859E-05	14597.704179331	0.2	0.200317041482776	0.0258830902166665
419.828999042511	5	1.606	1202	52.4675324675325	0.2	0.173790254443884	0.0262097455561161	1.20782237585789E-05	14388.7261833881	0.2	0.200643696822226	0.0262097455561161
420.354998588562	5	1.603	1202	52.4675324675325	0.2	0.173463599104434	0.0265364008955657	1.22287561730718E-05	14184.8931035528	0.2	0.200970352161676	0.0265364008955657
420.852999210358	5	1.602	1202	52.4675324675325	0.2	0.173463599104434	0.0265364008955657	1.22287561730718E-05	14184.8931035528	0.2	0.200643696822226	0.0265364008955657
421.332999229431	5	1.6	1203	52.7272727272727	0.2	0.173136943764985	0.0268630562350154	1.23792885875647E-05	13986.0172529547	0.2	0.201297007501125	0.0268630562350154
421.847999095917	5	1.599	1203	52.7272727272727	0.2	0.172483633086085	0.0275163669139147	1.26803534165505E-05	13602.4310537716	0.2	0.201623662840575	0.0275163669139147
422.335999488831	5	1.597	1203	52.7272727272727	0.2	0.173463599104434	0.0265364008955657	1.22287561730718E-05	14184.8931035528	0.2	0.201297007501125	0.0265364008955657
422.845998764038	5	1.596	1203	52.7272727272727	0.2	0.172483633086085	0.0275163669139147	1.26803534165505E-05	13602.4310537716	0.2	0.200643696822226	0.0275163669139147
423.352999210358	5	1.595	1203	52.7272727272727	0.2	0.173463599104434	0.0265364008955657	1.22287561730718E-05	14184.8931035528	0.2	0.200317041482776	0.0265364008955657
423.835999965668	5	1.595	1203	52.7272727272727	0.2	0.172810288425535	0.027189711574465	1.25298210020576E-05	13791.9199641524	0.2	0.200317041482776	0.027189711574465
424.336999416351	5	1.593	1203	52.7272727272727	0.2	0.172483633086085	0.0275163669139147	1.26803534165505E-05	13602.4310537716	0.2	0.200970352161676	0.0275163669139147
424.846999168396	5	1.592	1203	52.7272727272727	0.2	0.171830322407186	0.028169677592814	1.29814182455364E-05	13236.6371036746	0.2	0.200643696822226	0.028169677592814
425.335999965668	5	1.591	1204	52.987012987013	0.2	0.171177011728287	0.0288229882717133	1.32824830745222E-05	12887.4255489645	0.2	0.199990386143327	0.0288229882717133
425.844999313354	5	1.591	1204	52.987012987013	0.2	0.171503667067736	0.0284963329322636	1.31319506600293E-05	13060.0298088048	0.2	0.200970352161676	0.0284963329322636
426.348999977112	5.1	1.639	1204	52.987012987013	0.2	0.170850356388837	0.0291496436111629	1.34330154890152E-05	12718.6897482959	0.2	0.200970352161676	0.0291496436111629
426.851999759674	5.1	1.637	1204	52.987012987013	0.2	0.172156977746636	0.0278430222533643	1.28308858310435E-05	13417.3883248274	0.2	0.200317041482776	0.0278430222533643
427.352999210358	5.1	1.633	1204	52.987012987013	0.2	0.171503667067736	0.0284963329322636	1.31319506600293E-05	13060.0298088048	0.2	0.200643696822226	0.0284963329322636
427.848999500275	5.1	1.631	1203	52.7272727272727	0.2	0.171503667067736	0.0284963329322636	1.31319506600293E-05	13060.0298088048	0.2	0.200970352161676	0.0284963329322636
428.351998806	5.1	1.63	1203	52.7272727272727	0.2	0.172156977746636	0.0278430222533643	1.28308858310435E-05	13417.3883248274	0.2	0.201623662840575	0.0278430222533643
428.826999187469	5.1	1.627	1203	52.7272727272727	0.2	0.170850356388837	0.0291496436111629	1.34330154890152E-05	12718.6897482959	0.2	0.200643696822226	0.0291496436111629
429.350999355316	5.1	1.626	1203	52.7272727272727	0.2	0.171830322407186	0.028169677592814	1.29814182455364E-05	13236.6371036746	0.2	0.200317041482776	0.028169677592814
429.845999717712	5.1	1.624	1203	52.7272727272727	0.2	0.171503667067736	0.0284963329322636	1.31319506600293E-05	13060.0298088048	0.2	0.200970352161676	0.0284963329322636
430.346999168396	5.1	1.623	1203	52.7272727272727	0.2	0.170850356388837	0.0291496436111629	1.34330154890152E-05	12718.6897482959	0.2	0.200317041482776	0.0291496436111629
430.832999706268	5.1	1.622	1203	52.7272727272727	0.2	0.171177011728287	0.0288229882717133	1.32824830745222E-05	12887.4255489645	0.2	0.200317041482776	0.0288229882717133
431.327999591827	5.1	1.621	1203	52.7272727272727	0.2	0.171503667067736	0.0284963329322636	1.31319506600293E-05	13060.0298088048	0.2	0.200970352161676	0.0284963329322636
431.846999645233	5.1	1.62	1204	52.987012987013	0.2	0.171830322407186	0.028169677592814	1.29814182455364E-05	13236.6371036746	0.2	0.200317041482776	0.028169677592814
432.334999084473	5.1	1.619	1204	52.987012987013	0.2	0.170850356388837	0.0291496436111629	1.34330154890152E-05	12718.6897482959	0.2	0.200643696822226	0.0291496436111629
432.828000068665	5.1	1.618	1204	52.987012987013	0.2	0.170523701049387	0.0294762989506125	1.35835479035081E-05	12553.6937964012	0.2	0.200643696822226	0.0294762989506125
433.325998783112	5.1	1.617	1204	52.987012987013	0.2	0.171503667067736	0.0284963329322636	1.31319506600293E-05	13060.0298088048	0.2	0.200643696822226	0.0284963329322636
433.836999893188	5.1	1.616	1204	52.987012987013	0.2	0.170197045709938	0.0298029542900622	1.3734080318001E-05	12392.3147214207	0.2	0.199990386143327	0.0298029542900622
434.347999572754	5.2	1.615	1205	53.2467532467532	0.2	0.169543735031039	0.0304562649689615	1.40351451469869E-05	12079.9416931885	0.2	0.199990386143327	0.0304562649689615
434.842999458313	5.2	1.662	1205	53.2467532467532	0.2	0.169870390370488	0.0301296096295118	1.38846127324939E-05	12234.434884377	0.2	0.200643696822226	0.0301296096295118
435.330998897552	5.2	1.66	1205	53.2467532467532	0.2	0.169217079691589	0.0307829203084111	1.41856775614798E-05	11928.7273348921	0.2	0.200643696822226	0.0307829203084111
435.853999137878	5.2	1.657	1205	53.2467532467532	0.2	0.168890424352139	0.0311095756478608	1.43362099759727E-05	11780.6885247354	0.2	0.200317041482776	0.0311095756478608
436.335000038147	5.2	1.655	1205	53.2467532467532	0.2	0.16856376901269	0.0314362309873104	1.44867423904656E-05	11635.726270913	0.2	0.200970352161676	0.0314362309873104
436.845999240875	5.2	1.652	1206	53.5064935064935	0.2	0.16791045833379	0.0320895416662097	1.47878072194515E-05	11354.6556187807	0.2	0.200643696822226	0.0320895416662097
437.336999416351	5.2	1.652	1206	53.5064935064935	0.2	0.16823711367324	0.0317628863267601	1.46372748049586E-05	11493.7456538185	0.2	0.200970352161676	0.0317628863267601
437.83199930191	5.2	1.649	1207	53.7662337662337	0.2	0.16856376901269	0.0314362309873104	1.44867423904656E-05	11635.726270913	0.2	0.200643696822226	0.0314362309873104
438.348999500275	5.2	1.649	1208	54.025974025974	0.2	0.167583802994341	0.0324161970056593	1.49383396339444E-05	11218.3687813296	0.2	0.200317041482776	0.0324161970056593
438.843999385834	5.2	1.647	1208	54.025974025974	0.2	0.167257147654891	0.032742852345109	1.50888720484373E-05	11084.8012441204	0.2	0.200643696822226	0.032742852345109
439.330999851227	5.2	1.646	1208	54.025974025974	0.2	0.167583802994341	0.0324161970056593	1.49383396339444E-05	11218.3687813296	0.2	0.200643696822226	0.0324161970056593
439.842998981476	5.2	1.645	1208	54.025974025974	0.2	0.166603836975992	0.0333961630240083	1.53899368774232E-05	10825.5048934215	0.2	0.200970352161676	0.0333961630240083
440.337999820709	5.2	1.644	1208	54.025974025974	0.2	0.166277181636542	0.0337228183634579	1.55404692919161E-05	10699.6242206815	0.2	0.200970352161676	0.0337228183634579
440.83499956131	5.2	1.642	1208	54.025974025974	0.2	0.166277181636542	0.0337228183634579	1.55404692919161E-05	10699.6242206815	0.2	0.200970352161676	0.0337228183634579
441.350999832153	5.2	1.642	1208	54.025974025974	0.2	0.165950526297092	0.0340494737029076	1.5691001706409E-05	10576.1588330788	0.2	0.200317041482776	0.0340494737029076
441.851999759674	5.2	1.641	1208	54.025974025974	0.2	0.166930492315441	0.0330695076845586	1.52394044629302E-05	10953.8724247065	0.2	0.200643696822226	0.0330695076845586
442.341999530792	5.2	1.64	1208	54.025974025974	0.2	0.166277181636542	0.0337228183634579	1.55404692919161E-05	10699.6242206815	0.2	0.200317041482776	0.0337228183634579
442.83899974823	5.3	1.639	1208	54.025974025974	0.2	0.166277181636542	0.0337228183634579	1.55404692919161E-05	10699.6242206815	0.2	0.200643696822226	0.0337228183634579
443.330998897552	5.3	1.685	1207	53.7662337662337	0.2	0.165623870957643	0.0343761290423572	1.58415341209019E-05	10455.039877679	0.2	0.200643696822226	0.0343761290423572
443.851999759674	5.3	1.683	1207	53.7662337662337	0.2	0.165297215618193	0.0347027843818069	1.59920665353949E-05	10336.2010939827	0.2	0.200317041482776	0.0347027843818069
444.344999790192	5.3	1.68	1208	54.025974025974	0.2	0.165297215618193	0.0347027843818069	1.59920665353949E-05	10336.2010939827	0.2	0.200643696822226	0.0347027843818069
444.834999084473	5.3	1.679	1207	53.7662337662337	0.2	0.164643904939294	0.0353560950607061	1.62931313643807E-05	10105.1112433323	0.2	0.201623662840575	0.0353560950607061
445.330999851227	5.3	1.676	1207	53.7662337662337	0.2	0.164970560278744	0.0350294397212565	1.61425989498878E-05	10219.5786930512	0.2	0.200970352161676	0.0350294397212565
445.835999488831	5.3	1.675	1208	54.025974025974	0.2	0.164643904939294	0.0353560950607061	1.62931313643807E-05	10105.1112433323	0.2	0.200643696822226	0.0353560950607061
446.349999427795	5.3	1.673	1207	53.7662337662337	0.2	0.164970560278744	0.0350294397212565	1.61425989498878E-05	10219.5786930512	0.2	0.201297007501125	0.0350294397212565
446.848999500275	5.3	1.672	1207	53.7662337662337	0.2	0.163990594260395	0.0360094057396054	1.65941961933666E-05	9882.40661671512	0.2	0.200317041482776	0.0360094057396054
447.331999778748	5.3	1.67	1207	53.7662337662337	0.2	0.164317249599844	0.0356827504001558	1.64436637788736E-05	9992.73956275818	0.2	0.200643696822226	0.0356827504001558
447.836999416351	5.3	1.669	1207	53.7662337662337	0.2	0.163990594260395	0.0360094057396054	1.65941961933666E-05	9882.40661671512	0.2	0.199990386143327	0.0360094057396054
448.345998764038	5.3	1.668	1207	53.7662337662337	0.2	0.163663938920945	0.0363360610790551	1.67447286078595E-05	9774.05742151748	0.2	0.200317041482776	0.0363360610790551
448.833999156952	5.3	1.668	1207	53.7662337662337	0.2	0.163663938920945	0.0363360610790551	1.67447286078595E-05	9774.05742151748	0.2	0.200643696822226	0.0363360610790551
449.33499956131	5.3	1.666	1207	53.7662337662337	0.2	0.163337283581495	0.0366627164185047	1.68952610223524E-05	9667.63895304135	0.2	0.200643696822226	0.0366627164185047
449.833999633789	5.3	1.666	1207	53.7662337662337	0.2	0.161704006884247	0.0382959931157529	1.7647923094817E-05	9162.77830628906	0.2	0.199990386143327	0.0382959931157529
450.34299993515	5.3	1.665	1207	53.7662337662337	0.2	0.161704006884247	0.0382959931157529	1.7647923094817E-05	9162.77830628906	0.2	0.200317041482776	0.0382959931157529
450.835999011993	5.4	1.664	1207	53.7662337662337	0.2	0.162030662223697	0.0379693377763033	1.74973906803241E-05	9260.27572819192	0.2	0.199990386143327	0.0379693377763033
451.346999168396	5.4	1.71	1207	53.7662337662337	0.2	0.161050696205348	0.0389493037946522	1.79489879238029E-05	8972.68954043766	0.2	0.200970352161676	0.0389493037946522
451.843999385834	5.4	1.708	1207	53.7662337662337	0.2	0.160724040865898	0.0392759591341019	1.80995203382958E-05	8880.0165894911	0.2	0.200970352161676	0.0392759591341019
452.347999095917	5.4	1.704	1207	53.7662337662337	0.2	0.161050696205348	0.0389493037946522	1.79489879238029E-05	8972.68954043766	0.2	0.200643696822226	0.0389493037946522
452.837999343872	5.4	1.703	1207	53.7662337662337	0.2	0.160724040865898	0.0392759591341019	1.80995203382958E-05	8880.0165894911	0.2	0.200970352161676	0.0392759591341019
453.352999210358	5.4	1.702	1207	53.7662337662337	0.2	0.160724040865898	0.0392759591341019	1.80995203382958E-05	8880.0165894911	0.2	0.201297007501125	0.0392759591341019
453.83499956131	5.4	1.7	1207	53.7662337662337	0.2	0.160397385526448	0.0396026144735515	1.82500527527887E-05	8788.87243226948	0.2	0.199990386143327	0.0396026144735515
454.340999126434	5.4	1.698	1207	53.7662337662337	0.2	0.160724040865898	0.0392759591341019	1.80995203382958E-05	8880.0165894911	0.2	0.200643696822226	0.0392759591341019
454.845999717712	5.4	1.696	1207	53.7662337662337	0.2	0.159744074847549	0.0402559251524508	1.85511175817746E-05	8611.02163486306	0.2	0.200970352161676	0.0402559251524508
455.325999259949	5.4	1.696	1207	53.7662337662337	0.2	0.158437453489751	0.0415625465102494	1.91532472397463E-05	8272.09357799997	0.2	0.200643696822226	0.0415625465102494
455.83499956131	5.4	1.694	1207	53.7662337662337	0.2	0.158110798150301	0.041889201849699	1.93037796542392E-05	8190.66529883329	0.2	0.200317041482776	0.041889201849699
456.334998607635	5.4	1.693	1208	54.025974025974	0.2	0.156477521453053	0.0435224785469472	2.00564417267038E-05	7801.85855423764	0.2	0.200643696822226	0.0435224785469472
456.83499956131	5.4	1.692	1208	54.025974025974	0.2	0.156804176792502	0.0431958232074976	1.99059093122109E-05	7877.26771649231	0.2	0.201623662840575	0.0431958232074976
457.352999210358	5.4	1.692	1209	54.2857142857142	0.2	0.155497555434704	0.0445024445652962	2.05080389701826E-05	7582.27325688174	0.2	0.200317041482776	0.0445024445652962
457.834999084473	5.4	1.69	1209	54.2857142857142	0.2	0.155497555434704	0.0445024445652962	2.05080389701826E-05	7582.27325688174	0.2	0.200317041482776	0.0445024445652962
458.339999198914	5.4	1.69	1210	54.5454545454545	0.2	0.153537623398006	0.046462376601994	2.14112334571401E-05	7170.89109814012	0.2	0.201297007501125	0.046462376601994
458.833999633789	5.4	1.688	1210	54.5454545454545	0.2	0.152884312719107	0.0471156872808933	2.1712298286126E-05	7041.36939831924	0.2	0.200643696822226	0.0471156872808933
459.325999736786	5.5	1.688	1211	54.8051948051947	0.2	0.150924380682409	0.0490756193175912	2.26154927730835E-05	6673.4951210984	0.2	0.200317041482776	0.0490756193175912
459.840999603271	5.5	1.733	1211	54.8051948051947	0.2	0.14961775932461	0.0503822406753898	2.32176224310552E-05	6444.14645680886	0.2	0.200970352161676	0.0503822406753898
460.344999313354	5.5	1.731	1212	55.0649350649351	0.2	0.146677861269563	0.0533221387304366	2.45724141614915E-05	5969.20841011335	0.2	0.200643696822226	0.0533221387304366
460.838000297546	5.5	1.728	1212	55.0649350649351	0.2	0.144064618553966	0.0559353814460337	2.57766734774349E-05	5588.95307728833	0.2	0.200970352161676	0.0559353814460337
461.337999343872	5.5	1.726	1212	55.0649350649351	0.2	0.142104686517268	0.0578953134827316	2.66798679643924E-05	5326.28897215401	0.2	0.200970352161676	0.0578953134827316
461.826999187469	5.5	1.724	1213	55.3246753246753	0.2	0.14079806515947	0.0592019348405302	2.72819976223641E-05	5160.84148633061	0.2	0.200317041482776	0.0592019348405302
462.331998825073	5.5	1.723	1214	55.5844155844156	0.2	0.139491443801671	0.0605085561983287	2.78841272803358E-05	5002.53934431156	0.2	0.200643696822226	0.0605085561983287
462.848999977112	5.5	1.72	1214	55.5844155844156	0.2	0.137858167104423	0.062141832895577	2.86367893528004E-05	4814.02315762544	0.2	0.201297007501125	0.062141832895577
463.335999965668	5.5	1.72	1214	55.5844155844156	0.2	0.137204856425524	0.0627951435744762	2.89378541817863E-05	4741.36249231229	0.2	0.200643696822226	0.0627951435744762
463.827999591827	5.5	1.718	1214	55.5844155844156	0.2	0.131978370994329	0.0680216290056705	3.13463728136731E-05	4210.32352862088	0.2	0.200317041482776	0.0680216290056705
464.33499956131	5.5	1.717	1214	55.5844155844156	0.2	0.132958337012678	0.0670416629873216	3.08947755701943E-05	4303.58643358943	0.2	0.200970352161676	0.0670416629873216
464.844999313354	5.5	1.715	1214	55.5844155844156	0.2	0.130671749636531	0.0693282503634691	3.19485024716448E-05	4090.07432359329	0.2	0.200643696822226	0.0693282503634691
465.339999198914	5.5	1.715	1214	55.5844155844156	0.2	0.129691783618182	0.0703082163818181	3.24000997151235E-05	4002.82050853211	0.2	0.200317041482776	0.0703082163818181
465.83199930191	5.5	1.713	1215	55.8441558441558	0.2	0.128711817599833	0.071288182400167	3.28516969586023E-05	3917.96556999865	0.2	0.201297007501125	0.071288182400167
466.332999229431	5.5	1.712	1215	55.8441558441558	0.2	0.128385162260383	0.0716148377396166	3.30022293730952E-05	3890.1966533524	0.2	0.200317041482776	0.0716148377396166
466.84700012207	5.5	1.711	1215	55.8441558441558	0.2	0.127078540902585	0.0729214590974152	3.36043590310669E-05	3781.60883191082	0.2	0.199990386143327	0.0729214590974152
467.33099937439	5.6	1.711	1215	55.8441558441558	0.2	0.126098574884236	0.0739014251157641	3.40559562745457E-05	3702.68783139369	0.2	0.199990386143327	0.0739014251157641
467.86799955368	5.6	1.759	1215	55.8441558441558	0.2	0.125118608865887	0.0748813911341131	3.45075535180245E-05	3625.83249492124	0.2	0.199990386143327	0.0748813911341131
468.332999706268	5.6	1.754	1215	55.8441558441558	0.2	0.123158676829189	0.0768413231708109	3.5410748004982E-05	3478.0026903657	0.2	0.200317041482776	0.0768413231708109
468.851999759674	5.6	1.752	1215	55.8441558441558	0.2	0.121525400131941	0.0784745998680592	3.61634100774466E-05	3360.45190073849	0.2	0.200970352161676	0.0784745998680592
469.332999706268	5.6	1.749	1215	55.8441558441558	0.2	0.117605536058545	0.0823944639414549	3.79697990513617E-05	3097.34417871057	0.2	0.200970352161676	0.0823944639414549
469.833999156952	5.6	1.747	1215	55.8441558441558	0.2	0.115318948682398	0.0846810513176024	3.90235259528122E-05	2955.11350824226	0.2	0.201297007501125	0.0846810513176024
470.33899974823	5.6	1.745	1216	56.1038961038961	0.2	0.115645604021847	0.0843543959781528	3.88729935383192E-05	2974.96008142128	0.2	0.200643696822226	0.0843543959781528
470.826999187469	5.6	1.744	1216	56.1038961038961	0.2	0.114665638003498	0.0853343619965017	3.9324590781798E-05	2915.87619156035	0.2	0.199990386143327	0.0853343619965017
471.340999126434	5.6	1.742	1216	56.1038961038961	0.2	0.11303236130625	0.0869676386937499	4.00772528542626E-05	2820.36200727835	0.2	0.200643696822226	0.0869676386937499
471.833999156952	5.6	1.741	1216	56.1038961038961	0.2	0.112379050627351	0.0876209493726492	4.03783176832485E-05	2783.15336237926	0.2	0.200643696822226	0.0876209493726492
472.325999259949	5.6	1.74	1217	56.3636363636363	0.2	0.111072429269552	0.0889275707304478	4.09804473412202E-05	2710.37620318581	0.2	0.200317041482776	0.0889275707304478
472.832998752594	5.6	1.739	1217	56.3636363636363	0.2	0.108785841893405	0.0912141581065953	4.20341742426706E-05	2588.03328133354	0.2	0.200970352161676	0.0912141581065953
473.332999706268	5.6	1.738	1217	56.3636363636363	0.2	0.107152565196157	0.0928474348038435	4.27868363151353E-05	2504.33484745056	0.2	0.200643696822226	0.0928474348038435
473.875999450684	5.6	1.737	1218	56.6233766233766	0.2	0.101599424425513	0.0984005755744874	4.5345887361515E-05	2240.54330694915	0.2	0.200643696822226	0.0984005755744874
474.340999603271	5.6	1.736	1218	56.6233766233766	0.2	0.100619458407164	0.0993805415928364	4.57974846049937E-05	2197.05207120026	0.2	0.200317041482776	0.0993805415928364
474.832999706268	5.6	1.735	1218	56.6233766233766	0.2	0.0953929729759693	0.104607027024031	4.82060032368805E-05	1978.86085903483	0.2	0.200643696822226	0.104607027024031
475.332999706268	5.7	1.783	1218	56.6233766233766	0.2	0.0940863516181707	0.105913648381829	4.88081328948522E-05	1927.6777462654	0.2	0.201297007501125	0.105913648381829
475.829999446869	5.7	1.78	1219	56.8831168831168	0.2	0.091146453563124	0.108853546436876	5.01629246252885E-05	1817.0083631283	0.2	0.200643696822226	0.108853546436876
476.334999084473	5.7	1.776	1218	56.6233766233766	0.2	0.0908197982236743	0.109180201776326	5.03134570397814E-05	1805.07966590063	0.2	0.200643696822226	0.109180201776326
476.849999427795	5.7	1.774	1219	56.8831168831168	0.2	0.0872265894897282	0.112773410510272	5.19693135992036E-05	1678.42489055051	0.2	0.200317041482776	0.112773410510272
477.340999603271	5.7	1.771	1219	56.8831168831168	0.2	0.0833067254163325	0.116693274583668	5.37757025731187E-05	1549.15178101226	0.2	0.199990386143327	0.116693274583668
477.82399892807	5.7	1.77	1219	56.8831168831168	0.2	0.0790602060034871	0.120939793996513	5.57326239615267E-05	1418.56242150134	0.2	0.200317041482776	0.120939793996513
478.353999137878	5.7	1.769	1219	56.8831168831168	0.2	0.0751403419300914	0.124859658069909	5.75390129354418E-05	1305.90251894655	0.2	0.199990386143327	0.124859658069909
478.835000038147	5.7	1.767	1218	56.6233766233766	0.2	0.0738337205722928	0.126166279427707	5.81411425934135E-05	1269.90487766329	0.2	0.200317041482776	0.126166279427707
479.359999656677	5.7	1.766	1219	56.8831168831168	0.2	0.0725270992144942	0.127472900785506	5.87432722513851E-05	1234.64520165174	0.2	0.200643696822226	0.127472900785506
479.841999053955	5.7	1.764	1218	56.6233766233766	0.2	0.0699138564988971	0.130086143501103	5.99475315673285E-05	1166.25079750573	0.2	0.200970352161676	0.130086143501103
480.340999126434	5.7	1.763	1218	56.6233766233766	0.2	0.0682805798016489	0.131719420198351	6.07001936397932E-05	1124.88240493662	0.2	0.200317041482776	0.131719420198351
480.835999965668	5.7	1.762	1219	56.8831168831168	0.2	0.066320647764951	0.133679352235049	6.16033881267507E-05	1076.57467846565	0.2	0.200317041482776	0.133679352235049
481.388999938965	5.7	1.761	1218	56.6233766233766	0.2	0.0659939924255014	0.134006007574499	6.17539205412436E-05	1068.66077241891	0.2	0.200970352161676	0.134006007574499
481.835999488831	5.7	1.76	1218	56.6233766233766	0.2	0.0640340603888035	0.135965939611197	6.26571150282012E-05	1021.97588190874	0.2	0.200643696822226	0.135965939611197
482.34799861908	5.7	1.759	1218	56.6233766233766	0.2	0.0630540943704546	0.136945905629545	6.31087122716799E-05	999.134542612908	0.2	0.200317041482776	0.136945905629545
482.841999530792	5.7	1.758	1218	56.6233766233766	0.2	0.0610941623337567	0.138905837666243	6.40119067586375E-05	954.418723443399	0.2	0.200317041482776	0.138905837666243
483.329998970032	5.7	1.757	1218	56.6233766233766	0.2	0.0594608856365085	0.140539114363492	6.47645688311021E-05	918.108260576474	0.2	0.200970352161676	0.140539114363492
483.831999778748	5.8	1.804	1218	56.6233766233766	0.2	0.0578276089392603	0.14217239106074	6.55172309035667E-05	882.632067041652	0.2	0.200643696822226	0.14217239106074
484.33099937439	5.8	1.801	1218	56.6233766233766	0.2	0.0552143662236631	0.144785633776337	6.67214902195101E-05	827.534967249844	0.2	0.200317041482776	0.144785633776337
484.849999427795	5.8	1.798	1219	56.8831168831168	0.2	0.0545610555447638	0.145438944455236	6.70225550484959E-05	814.070062015462	0.2	0.201297007501125	0.145438944455236
485.336998939514	5.8	1.796	1219	56.8831168831168	0.2	0.051621157489717	0.148378842510283	6.83773467789323E-05	754.945313344946	0.2	0.200643696822226	0.148378842510283
485.842999458313	5.8	1.793	1220	57.1428571428571	0.2	0.0503145361319184	0.149685463868082	6.89794764369039E-05	729.413134614635	0.2	0.199990386143327	0.149685463868082
486.336999416351	5.8	1.792	1220	57.1428571428571	0.2	0.0493345701135695	0.150665429886431	6.94310736803827E-05	710.554619112979	0.2	0.200970352161676	0.150665429886431
486.92099905014	5.8	1.79	1221	57.4025974025973	0.2	0.0444347400218248	0.155565259978175	7.16890598977766E-05	619.825955106478	0.2	0.201297007501125	0.155565259978175
487.343999385834	5.8	1.789	1222	57.6623376623377	0.2	0.0418214973062277	0.158178502693772	7.289331921372E-05	573.735669569511	0.2	0.199990386143327	0.158178502693772
487.83899974823	5.8	1.787	1222	57.6623376623377	0.2	0.0392082545906305	0.160791745409369	7.40975785296633E-05	529.143534359013	0.2	0.200970352161676	0.160791745409369
488.33499956131	5.8	1.786	1223	57.9220779220779	0.2	0.037901633232832	0.162098366767168	7.4699708187635E-05	507.386630448789	0.2	0.201297007501125	0.162098366767168
488.83099937439	5.8	1.785	1223	57.9220779220779	0.2	0.0356150458566845	0.164384954143316	7.57534350890855E-05	470.144301902632	0.2	0.200317041482776	0.164384954143316
489.345999717712	5.8	1.784	1224	58.1818181818182	0.2	0.0326751478016377	0.167324852198362	7.71082268195218E-05	423.756960176461	0.2	0.200643696822226	0.167324852198362
489.829998970032	5.8	1.782	1224	58.1818181818182	0.2	0.0313685264438391	0.168631473556161	7.77103564774935E-05	403.659536073857	0.2	0.200970352161676	0.168631473556161
490.323999881744	5.8	1.782	1224	58.1818181818182	0.2	0.0294085944071412	0.170591405592859	7.86135509644511E-05	374.090650356702	0.2	0.200643696822226	0.170591405592859
490.836999416351	5.8	1.781	1224	58.1818181818182	0.2	0.0281019730493426	0.171898026950657	7.92156806224228E-05	354.752655390152	0.2	0.200643696822226	0.171898026950657
491.329999446869	5.8	1.78	1225	58.4415584415584	0.2	0.027775317709893	0.172224682290107	7.93662130369157E-05	349.964004166028	0.2	0.200970352161676	0.172224682290107
491.851999282837	5.9	1.779	1225	58.4415584415584	0.2	0.0258153856731951	0.174184614326805	8.02694075238732E-05	321.609271446501	0.2	0.200317041482776	0.174184614326805
492.338999271393	5.9	1.824	1225	58.4415584415584	0.2	0.023202142957598	0.176797857042402	8.14736668398166E-05	284.780885132065	0.2	0.199990386143327	0.176797857042402
492.835999488831	5.9	1.822	1225	58.4415584415584	0.2	0.022222176939249	0.177777823060751	8.19252640832954E-05	271.249378172956	0.2	0.201297007501125	0.177777823060751
493.323999404907	5.9	1.819	1226	58.7012987012987	0.2	0.0202622449025512	0.179737755097449	8.28284585702529E-05	244.629023071403	0.2	0.200643696822226	0.179737755097449
493.822999477386	5.9	1.817	1226	58.7012987012987	0.2	0.0209155555814505	0.17908444441855	8.25273937412671E-05	253.437733015333	0.2	0.200317041482776	0.17908444441855
494.335999488831	5.9	1.815	1226	58.7012987012987	0.2	0.0199355895631015	0.180064410436898	8.29789909847458E-05	240.248637956641	0.2	0.199663730803877	0.180064410436898
494.833999633789	5.9	1.814	1226	58.7012987012987	0.2	0.0205889002420008	0.179411099757999	8.267792615576E-05	249.025358996217	0.2	0.199990386143327	0.179411099757999
495.333999156952	5.9	1.811	1227	58.9610389610389	0.2	0.0189556235447526	0.181044376455247	8.34305882282246E-05	227.202324079263	0.2	0.200970352161676	0.181044376455247
495.835999965668	5.9	NaN	1227	58.9610389610389	0.2	0.0163423808291555	0.183657619170845	8.4634847544168E-05	193.092813461109	0.2	0.200970352161676	0.183657619170845
498.418999195099	5.9	1.804	1228	59.2207792207792	0.2	0.0137291381135583	0.186270861886442	8.58391068601114E-05	159.94036536205	0.2	0.200317041482776	0.186270861886442
498.833998680115	5.9	NaN	1228	59.2207792207792	0.2	0.0134024827741087	0.186597517225891	8.59896392746043E-05	155.861600155205	0.2	0.200643696822226	0.186597517225891
501.380000114441	5.99999999999999	1.847	1227	58.9610389610389	0.2	0.0111158953979612	0.188884104602039	8.70433661760548E-05	127.705256429054	0.2	0.201297007501125	0.188884104602039
501.834999084473	5.99999999999999	1.844	1227	58.9610389610389	0.2	0.0107892400585115	0.189210759941489	8.71938985905477E-05	123.738475201992	0.2	0.200317041482776	0.189210759941489
502.340999603271	5.99999999999999	1.841	1227	58.9610389610389	0.2	0.0117692060768604	0.18823079392314	8.67423013470689E-05	135.680122547938	0.2	0.200317041482776	0.18823079392314
502.828999042511	5.99999999999999	1.839	1227	58.9610389610389	0.2	0.0111158953979612	0.188884104602039	8.70433661760548E-05	127.705256429054	0.2	0.200317041482776	0.188884104602039
503.345998764038	5.99999999999999	1.836	1227	58.9610389610389	0.2	0.0101359293796122	0.189864070620388	8.74949634195335E-05	115.845861104153	0.2	0.200643696822226	0.189864070620388
503.827999591827	5.99999999999999	1.835	1227	58.9610389610389	0.2	0.0104625847190619	0.189537415280938	8.73444310050406E-05	119.785366950963	0.2	0.200970352161676	0.189537415280938
504.343999385834	5.99999999999999	1.834	1228	59.2207792207792	0.2	0.0101359293796122	0.189864070620388	8.74949634195335E-05	115.845861104153	0.2	0.200643696822226	0.189864070620388
504.839999675751	5.99999999999999	1.832	1228	59.2207792207792	0.2	0.00980927404016257	0.190190725959837	8.76454958340265E-05	111.91988757458	0.2	0.200317041482776	0.190190725959837
505.337999343872	5.99999999999999	1.831	1227	58.9610389610389	0.2	0.00980927404016257	0.190190725959837	8.76454958340265E-05	111.91988757458	0.2	0.200643696822226	0.190190725959837
505.832999229431	5.99999999999999	1.829	1227	58.9610389610389	0.2	0.00948261870071293	0.190517381299287	8.77960282485194E-05	108.007376755939	0.2	0.200970352161676	0.190517381299287
506.336998939514	5.99999999999999	1.828	1227	58.9610389610389	0.2	0.00915596336126329	0.190844036638737	8.79465606630123E-05	104.108259518487	0.2	0.201297007501125	0.190844036638737
506.837998867035	5.99999999999999	1.827	1227	58.9610389610389	0.2	0.00817599734291435	0.191824002657086	8.83981579064911E-05	92.490585059058	0.2	0.201297007501125	0.191824002657086
507.33499956131	5.99999999999999	1.827	1227	58.9610389610389	0.2	0.00882930802181364	0.191170691978186	8.80970930775052E-05	100.222467204972	0.2	0.200317041482776	0.191170691978186
507.827999591827	5.99999999999999	1.825	1227	58.9610389610389	0.2	0.00817599734291435	0.191824002657086	8.83981579064911E-05	92.490585059058	0.2	0.200317041482776	0.191824002657086
508.334999084473	5.99999999999999	1.824	1227	58.9610389610389	0.2	0.00817599734291435	0.191824002657086	8.83981579064911E-05	92.490585059058	0.2	0.200970352161676	0.191824002657086
508.836999893188	5.99999999999999	1.823	1228	59.2207792207792	0.2	0.00752268666401507	0.192477313335985	8.86992227354769E-05	84.811190357886	0.2	0.201297007501125	0.192477313335985
509.336999416351	5.99999999999999	1.823	1227	58.9610389610389	0.2	0.008502652682364	0.191497347317636	8.82476254919982E-05	96.349931626602	0.2	0.199990386143327	0.191497347317636
509.828999519348	6.09999999999999	1.87	1227	58.9610389610389	0.2	0.008502652682364	0.191497347317636	8.82476254919982E-05	96.349931626602	0.2	0.200643696822226	0.191497347317636
510.334000110626	6.09999999999999	1.867	1227	58.9610389610389	0.2	0.00752268666401507	0.192477313335985	8.86992227354769E-05	84.811190357886	0.2	0.201297007501125	0.192477313335985
510.836999893188	6.09999999999999	1.863	1227	58.9610389610389	0.2	0.00752268666401507	0.192477313335985	8.86992227354769E-05	84.811190357886	0.2	0.200317041482776	0.192477313335985
511.343999385834	6.09999999999999	1.862	1227	58.9610389610389	0.2	0.00719603132456542	0.192803968675435	8.88497551499699E-05	80.9910090626498	0.2	0.200643696822226	0.192803968675435
511.83499956131	6.09999999999999	1.859	1226	58.7012987012987	0.2	0.00719603132456542	0.192803968675435	8.88497551499699E-05	80.9910090626498	0.2	0.200643696822226	0.192803968675435
512.346999645233	6.09999999999999	1.858	1226	58.7012987012987	0.2	0.00719603132456542	0.192803968675435	8.88497551499699E-05	80.9910090626498	0.2	0.200643696822226	0.192803968675435
512.837999820709	6.09999999999999	1.855	1226	58.7012987012987	0.2	0.00752268666401507	0.192477313335985	8.86992227354769E-05	84.811190357886	0.2	0.200970352161676	0.192477313335985
513.353999614716	6.09999999999999	1.855	1226	58.7012987012987	0.2	0.00817599734291435	0.191824002657086	8.83981579064911E-05	92.490585059058	0.2	0.200643696822226	0.191824002657086
513.847999095917	6.09999999999999	1.853	1226	58.7012987012987	0.2	0.00686937598511578	0.193130624014884	8.90002875644628E-05	77.1837504473263	0.2	0.199990386143327	0.193130624014884
514.333999156952	6.09999999999999	1.852	1226	58.7012987012987	0.2	0.00654272064566613	0.193457279354334	8.91508199789557E-05	73.3893490515349	0.2	0.200317041482776	0.193457279354334
514.834999084473	6.09999999999999	1.85	1227	58.9610389610389	0.2	0.00784934200346471	0.192150657996535	8.8548690320984E-05	88.6443602385455	0.2	0.200317041482776	0.192150657996535
515.331998825073	6.09999999999999	1.85	1227	58.9610389610389	0.2	0.00686937598511578	0.193130624014884	8.90002875644628E-05	77.1837504473263	0.2	0.200643696822226	0.193130624014884
515.832999706268	6.09999999999999	1.849	1226	58.7012987012987	0.2	0.00784934200346471	0.192150657996535	8.8548690320984E-05	88.6443602385455	0.2	0.200317041482776	0.192150657996535
516.335999488831	6.09999999999999	1.848	1226	58.7012987012987	0.2	0.00621606530621649	0.193783934693784	8.93013523934486E-05	69.6077398562725	0.2	0.200317041482776	0.193783934693784
516.840999603271	6.09999999999999	1.847	1227	58.9610389610389	0.2	0.00654272064566613	0.193457279354334	8.91508199789557E-05	73.3893490515349	0.2	0.200317041482776	0.193457279354334
517.337999820709	6.09999999999999	1.846	1227	58.9610389610389	0.2	0.00654272064566613	0.193457279354334	8.91508199789557E-05	73.3893490515349	0.2	0.200317041482776	0.193457279354334
517.885999202728	6.19999999999999	1.845	1226	58.7012987012987	0.2	0.00654272064566613	0.193457279354334	8.91508199789557E-05	73.3893490515349	0.2	0.201297007501125	0.193457279354334
518.336999416351	6.19999999999999	1.89	1226	58.7012987012987	0.2	0.00654272064566613	0.193457279354334	8.91508199789557E-05	73.3893490515349	0.2	0.200643696822226	0.193457279354334
518.836998939514	6.19999999999999	1.887	1227	58.9610389610389	0.2	0.00621606530621649	0.193783934693784	8.93013523934486E-05	69.6077398562725	0.2	0.200643696822226	0.193783934693784
519.330998897552	6.19999999999999	1.884	1227	58.9610389610389	0.2	0.00621606530621649	0.193783934693784	8.93013523934486E-05	69.6077398562725	0.2	0.200643696822226	0.193783934693784
519.830998897552	6.19999999999999	1.882	1227	58.9610389610389	0.2	0.00621606530621649	0.193783934693784	8.93013523934486E-05	69.6077398562725	0.2	0.199990386143327	0.193783934693784
520.337999343872	6.19999999999999	1.88	1227	58.9610389610389	0.2	0.00654272064566613	0.193457279354334	8.91508199789557E-05	73.3893490515349	0.2	0.200317041482776	0.193457279354334
520.837998867035	6.19999999999999	1.879	1227	58.9610389610389	0.2	0.00686937598511578	0.193130624014884	8.90002875644628E-05	77.1837504473263	0.2	0.200317041482776	0.193130624014884
521.335999011993	6.19999999999999	1.877	1228	59.2207792207792	0.2	0.00588940996676685	0.194110590033233	8.94518848079415E-05	65.8388582802001	0.2	0.199990386143327	0.194110590033233
521.841999530792	6.19999999999999	1.876	1228	59.2207792207792	0.2	0.00621606530621649	0.193783934693784	8.93013523934486E-05	69.6077398562725	0.2	0.200970352161676	0.193783934693784
522.330999851227	6.19999999999999	1.874	1228	59.2207792207792	0.2	0.00588940996676685	0.194110590033233	8.94518848079415E-05	65.8388582802001	0.2	0.200317041482776	0.194110590033233
522.832999229431	6.19999999999999	1.874	1229	59.4805194805194	0.2	0.0055627546273172	0.194437245372683	8.96024172224345E-05	62.0826401759663	0.2	0.201623662840575	0.194437245372683
523.334000110626	6.19999999999999	1.872	1229	59.4805194805194	0.2	0.00523609928786756	0.194763900712132	8.97529496369274E-05	58.3390218265679	0.2	0.201623662840575	0.194763900712132
523.83499956131	6.19999999999999	1.871	1229	59.4805194805194	0.2	0.00490944394841791	0.195090556051582	8.99034820514203E-05	54.6079399417473	0.2	0.199990386143327	0.195090556051582
524.343999385834	6.19999999999999	1.87	1229	59.4805194805194	0.2	0.0055627546273172	0.194437245372683	8.96024172224345E-05	62.0826401759663	0.2	0.200970352161676	0.194437245372683
524.83199930191	6.19999999999999	1.87	1229	59.4805194805194	0.2	0.00523609928786756	0.194763900712132	8.97529496369274E-05	58.3390218265679	0.2	0.199990386143327	0.194763900712132
525.323999404907	6.19999999999999	1.868	1229	59.4805194805194	0.2	0.00523609928786756	0.194763900712132	8.97529496369274E-05	58.3390218265679	0.2	0.200970352161676	0.194763900712132
525.842999458313	6.19999999999999	1.868	1230	59.7402597402597	0.2	0.00588940996676685	0.194110590033233	8.94518848079415E-05	65.8388582802001	0.2	0.200643696822226	0.194110590033233
526.333999633789	6.29999999999999	1.915	1230	59.7402597402597	0.2	0.0055627546273172	0.194437245372683	8.96024172224345E-05	62.0826401759663	0.2	0.200643696822226	0.194437245372683
526.839000225067	6.29999999999999	1.912	1230	59.7402597402597	0.2	0.00490944394841791	0.195090556051582	8.99034820514203E-05	54.6079399417473	0.2	0.200643696822226	0.195090556051582
527.336999893188	6.29999999999999	1.908	1231	59.9999999999999	0.2	0.00490944394841791	0.195090556051582	8.99034820514203E-05	54.6079399417473	0.2	0.200643696822226	0.195090556051582
527.832999706268	6.29999999999999	1.906	1231	59.9999999999999	0.2	0.00523609928786756	0.194763900712132	8.97529496369274E-05	58.3390218265679	0.2	0.200643696822226	0.194763900712132
528.332998752594	6.29999999999999	1.905	1231	59.9999999999999	0.2	0.0055627546273172	0.194437245372683	8.96024172224345E-05	62.0826401759663	0.2	0.200643696822226	0.194437245372683
528.829998970032	6.29999999999999	1.903	1232	60.2597402597403	0.2	0.00523609928786756	0.194763900712132	8.97529496369274E-05	58.3390218265679	0.2	0.200643696822226	0.194763900712132
529.325999736786	6.29999999999999	1.901	1232	60.2597402597403	0.2	0.00523609928786756	0.194763900712132	8.97529496369274E-05	58.3390218265679	0.2	0.200643696822226	0.194763900712132
529.83099937439	6.29999999999999	1.9	1232	60.2597402597403	0.2	0.00490944394841791	0.195090556051582	8.99034820514203E-05	54.6079399417473	0.2	0.199990386143327	0.195090556051582
530.335999488831	6.29999999999999	1.899	1232	60.2597402597403	0.2	0.00523609928786756	0.194763900712132	8.97529496369274E-05	58.3390218265679	0.2	0.199990386143327	0.194763900712132
530.830998897552	6.29999999999999	1.897	1232	60.2597402597403	0.2	0.00425613326951862	0.195743866730481	9.02045468804062E-05	47.1831345171706	0.2	0.200643696822226	0.195743866730481
531.33899974823	6.29999999999999	1.896	1233	60.5194805194805	0.2	0.00523609928786756	0.194763900712132	8.97529496369274E-05	58.3390218265679	0.2	0.200643696822226	0.194763900712132
531.82799911499	6.29999999999999	1.895	1233	60.5194805194805	0.2	0.00425613326951862	0.195743866730481	9.02045468804062E-05	47.1831345171706	0.2	0.200643696822226	0.195743866730481
532.334999084473	6.29999999999999	1.894	1233	60.5194805194805	0.2	0.00458278860896827	0.195417211391032	9.00540144659133E-05	50.8893316544253	0.2	0.200643696822226	0.195417211391032
532.833999633789	6.29999999999999	1.893	1234	60.7792207792208	0.2	0.00588940996676685	0.194110590033233	8.94518848079415E-05	65.8388582802001	0.2	0.200970352161676	0.194110590033233
533.333999156952	6.29999999999999	1.892	1235	61.038961038961	0.2	0.00490944394841791	0.195090556051582	8.99034820514203E-05	54.6079399417473	0.2	0.200970352161676	0.195090556051582
533.829999923706	6.29999999999999	1.891	1235	61.038961038961	0.2	0.00425613326951862	0.195743866730481	9.02045468804062E-05	47.1831345171706	0.2	0.200643696822226	0.195743866730481
534.33899974823	6.39999999999999	1.89	1235	61.038961038961	0.2	0.00425613326951862	0.195743866730481	9.02045468804062E-05	47.1831345171706	0.2	0.200643696822226	0.195743866730481
534.833999633789	6.39999999999999	1.935	1235	61.038961038961	0.2	0.00392947793006898	0.196070522069931	9.03550792948991E-05	43.489286498704	0.2	0.199990386143327	0.196070522069931
535.33099937439	6.39999999999999	1.933	1235	61.038961038961	0.2	0.00425613326951862	0.195743866730481	9.02045468804062E-05	47.1831345171706	0.2	0.200643696822226	0.195743866730481
535.834999084473	6.39999999999999	1.929	1235	61.038961038961	0.2	0.00425613326951862	0.195743866730481	9.02045468804062E-05	47.1831345171706	0.2	0.200317041482776	0.195743866730481
536.330998897552	6.39999999999999	1.928	1235	61.038961038961	0.2	0.00458278860896827	0.195417211391032	9.00540144659133E-05	50.8893316544253	0.2	0.199990386143327	0.195417211391032
536.838999271393	6.39999999999999	1.925	1235	61.038961038961	0.2	0.00327616725116969	0.19672383274883	9.06561441238849E-05	36.1383917530475	0.2	0.199990386143327	0.19672383274883
537.332999706268	6.39999999999999	1.924	1235	61.038961038961	0.2	0.00360282259061934	0.196397177409381	9.0505611709392E-05	39.8077259804373	0.2	0.199663730803877	0.196397177409381
537.823999404907	6.39999999999999	1.922	1236	61.2987012987013	0.2	0.00425613326951862	0.195743866730481	9.02045468804062E-05	47.1831345171706	0.2	0.200643696822226	0.195743866730481
538.335000038147	6.39999999999999	1.921	1236	61.2987012987013	0.2	0.00425613326951862	0.195743866730481	9.02045468804062E-05	47.1831345171706	0.2	0.200643696822226	0.195743866730481
538.840999603271	6.39999999999999	1.919	1235	61.038961038961	0.2	0.00425613326951862	0.195743866730481	9.02045468804062E-05	47.1831345171706	0.2	0.200970352161676	0.195743866730481
539.333999633789	6.39999999999999	1.919	1235	61.038961038961	0.2	0.00392947793006898	0.196070522069931	9.03550792948991E-05	43.489286498704	0.2	0.200643696822226	0.196070522069931
539.824999809265	6.39999999999999	1.917	1235	61.038961038961	0.2	0.00392947793006898	0.196070522069931	9.03550792948991E-05	43.489286498704	0.2	0.199990386143327	0.196070522069931
540.334999084473	6.39999999999999	1.916	1235	61.038961038961	0.2	0.00425613326951862	0.195743866730481	9.02045468804062E-05	47.1831345171706	0.2	0.200643696822226	0.195743866730481
540.830999851227	6.39999999999999	1.915	1235	61.038961038961	0.2	0.00425613326951862	0.195743866730481	9.02045468804062E-05	47.1831345171706	0.2	0.200317041482776	0.195743866730481
541.337999343872	6.39999999999999	1.914	1235	61.038961038961	0.2	0.00392947793006898	0.196070522069931	9.03550792948991E-05	43.489286498704	0.2	0.200970352161676	0.196070522069931
541.846999645233	6.39999999999999	1.913	1235	61.038961038961	0.2	0.00458278860896827	0.195417211391032	9.00540144659133E-05	50.8893316544253	0.2	0.200317041482776	0.195417211391032
542.329999446869	6.39999999999999	1.912	1235	61.038961038961	0.2	0.0026228565722704	0.19737714342773	9.09572089528708E-05	28.8361593596108	0.2	0.200317041482776	0.19737714342773
542.845999240875	6.49999999999999	1.912	1234	60.7792207792208	0.2	0.00392947793006898	0.196070522069931	9.03550792948991E-05	43.489286498704	0.2	0.199337075464427	0.196070522069931
543.332999706268	6.49999999999999	1.955	1234	60.7792207792208	0.2	0.00392947793006898	0.196070522069931	9.03550792948991E-05	43.489286498704	0.2	0.200643696822226	0.196070522069931
543.829999446869	6.49999999999999	1.954	1234	60.7792207792208	0.2	0.00425613326951862	0.195743866730481	9.02045468804062E-05	47.1831345171706	0.2	0.199990386143327	0.195743866730481
544.329999446869	6.49999999999999	1.95	1234	60.7792207792208	0.2	0.00425613326951862	0.195743866730481	9.02045468804062E-05	47.1831345171706	0.2	0.199990386143327	0.195743866730481
544.822999477386	6.49999999999999	1.949	1235	61.038961038961	0.2	0.00425613326951862	0.195743866730481	9.02045468804062E-05	47.1831345171706	0.2	0.200317041482776	0.195743866730481
545.329999923706	6.49999999999999	1.946	1235	61.038961038961	0.2	0.00392947793006898	0.196070522069931	9.03550792948991E-05	43.489286498704	0.2	0.200317041482776	0.196070522069931
545.839999198914	6.49999999999999	1.945	1235	61.038961038961	0.2	0.00327616725116969	0.19672383274883	9.06561441238849E-05	36.1383917530475	0.2	0.200317041482776	0.19672383274883
546.333999156952	6.49999999999999	1.943	1235	61.038961038961	0.2	0.00360282259061934	0.196397177409381	9.0505611709392E-05	39.8077259804373	0.2	0.200970352161676	0.196397177409381
546.825999259949	6.49999999999999	1.942	1235	61.038961038961	0.2	0.00327616725116969	0.19672383274883	9.06561441238849E-05	36.1383917530475	0.2	0.201297007501125	0.19672383274883
547.341999530792	6.49999999999999	1.94	1235	61.038961038961	0.2	0.00294951191172005	0.19705048808828	9.08066765383779E-05	32.4812230130842	0.2	0.199663730803877	0.19705048808828
547.831999778748	6.49999999999999	1.939	1235	61.038961038961	0.2	0.00360282259061934	0.196397177409381	9.0505611709392E-05	39.8077259804373	0.2	0.200970352161676	0.196397177409381
548.345999717712	6.49999999999999	1.938	1235	61.038961038961	0.2	0.00360282259061934	0.196397177409381	9.0505611709392E-05	39.8077259804373	0.2	0.199663730803877	0.196397177409381
548.832999229431	6.49999999999999	1.937	1235	61.038961038961	0.2	0.00327616725116969	0.19672383274883	9.06561441238849E-05	36.1383917530475	0.2	0.200643696822226	0.19672383274883
549.332998752594	6.49999999999999	1.936	1236	61.2987012987013	0.2	0.00294951191172005	0.19705048808828	9.08066765383779E-05	32.4812230130842	0.2	0.200643696822226	0.19705048808828
549.832999706268	6.49999999999999	1.935	1236	61.2987012987013	0.2	0.00458278860896827	0.195417211391032	9.00540144659133E-05	50.8893316544253	0.2	0.200317041482776	0.195417211391032
550.335000038147	6.49999999999999	1.934	1236	61.2987012987013	0.2	0.00294951191172005	0.19705048808828	9.08066765383779E-05	32.4812230130842	0.2	0.200317041482776	0.19705048808828
550.829999446869	6.49999999999999	1.933	1237	61.5584415584415	0.2	0.00425613326951862	0.195743866730481	9.02045468804062E-05	47.1831345171706	0.2	0.200643696822226	0.195743866730481
551.332999706268	6.5	1.932	1236	61.2987012987013	0.2	0.00360282259061934	0.196397177409381	9.0505611709392E-05	39.8077259804373	0.2	0.201297007501125	0.196397177409381
551.825999736786	6.5	1.932	1236	61.2987012987013	0.2	0.00360282259061934	0.196397177409381	9.0505611709392E-05	39.8077259804373	0.2	0.200317041482776	0.196397177409381
552.343998908997	6.5	1.931	1236	61.2987012987013	0.2	0.00360282259061934	0.196397177409381	9.0505611709392E-05	39.8077259804373	0.2	0.200317041482776	0.196397177409381
552.829999446869	6.5	1.93	1237	61.5584415584415	0.2	0.00327616725116969	0.19672383274883	9.06561441238849E-05	36.1383917530475	0.2	0.200970352161676	0.19672383274883
553.348999977112	6.5	1.93	1237	61.5584415584415	0.2	0.00327616725116969	0.19672383274883	9.06561441238849E-05	36.1383917530475	0.2	0.200317041482776	0.19672383274883
553.825999259949	6.5	1.929	1236	61.2987012987013	0.2	0.00327616725116969	0.19672383274883	9.06561441238849E-05	36.1383917530475	0.2	0.200643696822226	0.19672383274883
554.333999633789	6.5	1.928	1236	61.2987012987013	0.2	0.00360282259061934	0.196397177409381	9.0505611709392E-05	39.8077259804373	0.2	0.200317041482776	0.196397177409381
554.844999790192	6.5	1.927	1236	61.2987012987013	0.2	0.00360282259061934	0.196397177409381	9.0505611709392E-05	39.8077259804373	0.2	0.201297007501125	0.196397177409381
555.345999240875	6.5	1.927	1237	61.5584415584415	0.2	0.00327616725116969	0.19672383274883	9.06561441238849E-05	36.1383917530475	0.2	0.200643696822226	0.19672383274883
555.825999259949	6.5	1.926	1238	61.8181818181818	0.2	0.00294951191172005	0.19705048808828	9.08066765383779E-05	32.4812230130842	0.2	0.200317041482776	0.19705048808828
556.343999862671	6.5	1.925	1238	61.8181818181818	0.2	0.00360282259061934	0.196397177409381	9.0505611709392E-05	39.8077259804373	0.2	0.200317041482776	0.196397177409381
556.841000080109	6.5	1.925	1238	61.8181818181818	0.2	0.00294951191172005	0.19705048808828	9.08066765383779E-05	32.4812230130842	0.2	0.200643696822226	0.19705048808828
557.343999385834	6.5	1.924	1238	61.8181818181818	0.2	0.00327616725116969	0.19672383274883	9.06561441238849E-05	36.1383917530475	0.2	0.200970352161676	0.19672383274883
557.845999240875	6.5	1.924	1238	61.8181818181818	0.2	0.00360282259061934	0.196397177409381	9.0505611709392E-05	39.8077259804373	0.2	0.200643696822226	0.196397177409381
558.333999633789	6.5	1.923	1238	61.8181818181818	0.2	0.00327616725116969	0.19672383274883	9.06561441238849E-05	36.1383917530475	0.2	0.199990386143327	0.19672383274883
558.840999126434	6.5	1.922	1238	61.8181818181818	0.2	0.00327616725116969	0.19672383274883	9.06561441238849E-05	36.1383917530475	0.2	0.199663730803877	0.19672383274883
559.346999645233	6.5	1.922	1238	61.8181818181818	0.2	0.00294951191172005	0.19705048808828	9.08066765383779E-05	32.4812230130842	0.2	0.200970352161676	0.19705048808828
559.837999820709	6.4	1.874	1239	62.077922077922	0.2	0.00360282259061934	0.196397177409381	9.0505611709392E-05	39.8077259804373	0.2	0.200317041482776	0.196397177409381
560.336999416351	6.4	1.876	1239	62.077922077922	0.2	0.0026228565722704	0.19737714342773	9.09572089528708E-05	28.8361593596108	0.2	0.200643696822226	0.19737714342773
560.825999736786	6.4	1.878	1239	62.077922077922	0.2	0.00327616725116969	0.19672383274883	9.06561441238849E-05	36.1383917530475	0.2	0.201297007501125	0.19672383274883
561.344999790192	6.4	1.879	1239	62.077922077922	0.2	0.00294951191172005	0.19705048808828	9.08066765383779E-05	32.4812230130842	0.2	0.201297007501125	0.19705048808828
561.844999313354	6.4	1.88	1239	62.077922077922	0.2	0.00327616725116969	0.19672383274883	9.06561441238849E-05	36.1383917530475	0.2	0.200643696822226	0.19672383274883
562.336999416351	6.4	1.881	1240	62.3376623376623	0.2	0.0026228565722704	0.19737714342773	9.09572089528708E-05	28.8361593596108	0.2	0.200317041482776	0.19737714342773
562.838999271393	6.4	1.881	1240	62.3376623376623	0.2	0.00294951191172005	0.19705048808828	9.08066765383779E-05	32.4812230130842	0.2	0.200643696822226	0.19705048808828
563.337998867035	6.4	1.881	1240	62.3376623376623	0.2	0.00294951191172005	0.19705048808828	9.08066765383779E-05	32.4812230130842	0.2	0.200317041482776	0.19705048808828
563.837999820709	6.4	1.882	1240	62.3376623376623	0.2	0.00229620123282076	0.197703798767179	9.11077413673637E-05	25.2031407908801	0.2	0.200317041482776	0.197703798767179
564.335999488831	6.4	1.882	1240	62.3376623376623	0.2	0.00360282259061934	0.196397177409381	9.0505611709392E-05	39.8077259804373	0.2	0.200643696822226	0.196397177409381
564.833999633789	6.4	1.882	1240	62.3376623376623	0.2	0.0026228565722704	0.19737714342773	9.09572089528708E-05	28.8361593596108	0.2	0.200970352161676	0.19737714342773
565.338999271393	6.4	1.882	1240	62.3376623376623	0.2	0.00229620123282076	0.197703798767179	9.11077413673637E-05	25.2031407908801	0.2	0.199990386143327	0.197703798767179
565.834999084473	6.4	1.882	1240	62.3376623376623	0.2	0.00327616725116969	0.19672383274883	9.06561441238849E-05	36.1383917530475	0.2	0.201623662840575	0.19672383274883
566.359999656677	6.4	1.882	1240	62.3376623376623	0.2	0.00327616725116969	0.19672383274883	9.06561441238849E-05	36.1383917530475	0.2	0.200317041482776	0.19672383274883
566.860999107361	6.4	1.882	1240	62.3376623376623	0.2	0.00327616725116969	0.19672383274883	9.06561441238849E-05	36.1383917530475	0.2	0.200317041482776	0.19672383274883
567.326998710632	6.4	1.882	1240	62.3376623376623	0.2	0.00294951191172005	0.19705048808828	9.08066765383779E-05	32.4812230130842	0.2	0.200643696822226	0.19705048808828
567.843999385834	6.3	1.882	1240	62.3376623376623	0.2	0.0026228565722704	0.19737714342773	9.09572089528708E-05	28.8361593596108	0.2	0.199990386143327	0.19737714342773
568.340999603271	6.3	1.837	1241	62.5974025974025	0.2	0.00360282259061934	0.196397177409381	9.0505611709392E-05	39.8077259804373	0.2	0.200970352161676	0.196397177409381
568.829999923706	6.3	1.838	1241	62.5974025974025	0.2	0.0026228565722704	0.19737714342773	9.09572089528708E-05	28.8361593596108	0.2	0.200643696822226	0.19737714342773
569.336999416351	6.3	1.841	1241	62.5974025974025	0.2	0.0026228565722704	0.19737714342773	9.09572089528708E-05	28.8361593596108	0.2	0.200317041482776	0.19737714342773
569.826999664307	6.3	1.842	1241	62.5974025974025	0.2	0.0026228565722704	0.19737714342773	9.09572089528708E-05	28.8361593596108	0.2	0.200970352161676	0.19737714342773
570.346999168396	6.3	1.843	1242	62.8571428571429	0.2	0.0026228565722704	0.19737714342773	9.09572089528708E-05	28.8361593596108	0.2	0.200317041482776	0.19737714342773
570.848000049591	6.3	1.844	1242	62.8571428571429	0.2	0.00229620123282076	0.197703798767179	9.11077413673637E-05	25.2031407908801	0.2	0.200317041482776	0.197703798767179
571.324998855591	6.3	1.844	1242	62.8571428571429	0.2	0.00327616725116969	0.19672383274883	9.06561441238849E-05	36.1383917530475	0.2	0.200643696822226	0.19672383274883
571.841999530792	6.3	1.845	1243	63.1168831168831	0.2	0.00360282259061934	0.196397177409381	9.0505611709392E-05	39.8077259804373	0.2	0.200317041482776	0.196397177409381
572.332999706268	6.3	1.846	1243	63.1168831168831	0.2	0.00229620123282076	0.197703798767179	9.11077413673637E-05	25.2031407908801	0.2	0.199990386143327	0.197703798767179
572.83499956131	6.3	1.846	1244	63.3766233766234	0.2	0.00327616725116969	0.19672383274883	9.06561441238849E-05	36.1383917530475	0.2	0.200643696822226	0.19672383274883
573.33099937439	6.3	1.846	1245	63.6363636363636	0.2	0.00294951191172005	0.19705048808828	9.08066765383779E-05	32.4812230130842	0.2	0.201297007501125	0.19705048808828
573.83099937439	6.3	1.846	1245	63.6363636363636	0.2	0.00327616725116969	0.19672383274883	9.06561441238849E-05	36.1383917530475	0.2	0.201297007501125	0.19672383274883
574.344999313354	6.3	1.847	1245	63.6363636363636	0.2	0.00360282259061934	0.196397177409381	9.0505611709392E-05	39.8077259804373	0.2	0.200643696822226	0.196397177409381
574.831999778748	6.3	1.847	1246	63.8961038961039	0.2	0.00294951191172005	0.19705048808828	9.08066765383779E-05	32.4812230130842	0.2	0.200643696822226	0.19705048808828
575.333999633789	6.3	1.847	1247	64.1558441558442	0.2	0.0026228565722704	0.19737714342773	9.09572089528708E-05	28.8361593596108	0.2	0.200317041482776	0.19737714342773
575.826999664307	6.3	1.847	1247	64.1558441558442	0.2	0.0026228565722704	0.19737714342773	9.09572089528708E-05	28.8361593596108	0.2	0.199990386143327	0.19737714342773
576.335000038147	6.2	1.8	1247	64.1558441558442	0.2	0.0026228565722704	0.19737714342773	9.09572089528708E-05	28.8361593596108	0.2	0.200970352161676	0.19737714342773
576.826999187469	6.2	1.803	1248	64.4155844155844	0.2	0.0026228565722704	0.19737714342773	9.09572089528708E-05	28.8361593596108	0.2	0.200317041482776	0.19737714342773
577.357999324799	6.2	1.806	1248	64.4155844155844	0.2	0.00327616725116969	0.19672383274883	9.06561441238849E-05	36.1383917530475	0.2	0.201623662840575	0.19672383274883
577.825999736786	6.2	1.807	1248	64.4155844155844	0.2	0.00360282259061934	0.196397177409381	9.0505611709392E-05	39.8077259804373	0.2	0.199990386143327	0.196397177409381
578.351999282837	6.2	1.808	1248	64.4155844155844	0.2	0.00327616725116969	0.19672383274883	9.06561441238849E-05	36.1383917530475	0.2	0.200970352161676	0.19672383274883
578.836999893188	6.2	1.809	1248	64.4155844155844	0.2	0.00360282259061934	0.196397177409381	9.0505611709392E-05	39.8077259804373	0.2	0.200970352161676	0.196397177409381
579.328000068665	6.2	1.81	1248	64.4155844155844	0.2	0.00327616725116969	0.19672383274883	9.06561441238849E-05	36.1383917530475	0.2	0.200970352161676	0.19672383274883
579.835999488831	6.2	1.811	1248	64.4155844155844	0.2	0.00360282259061934	0.196397177409381	9.0505611709392E-05	39.8077259804373	0.2	0.201297007501125	0.196397177409381
580.325999736786	6.2	1.812	1249	64.6753246753247	0.2	0.00164289055392147	0.198357109446079	9.14088061963496E-05	17.9730008768792	0.2	0.199990386143327	0.198357109446079
580.831999778748	6.2	1.813	1249	64.6753246753247	0.2	0.00327616725116969	0.19672383274883	9.06561441238849E-05	36.1383917530475	0.2	0.200643696822226	0.19672383274883
581.344000339508	6.2	1.813	1249	64.6753246753247	0.2	0.00327616725116969	0.19672383274883	9.06561441238849E-05	36.1383917530475	0.2	0.200970352161676	0.19672383274883
581.829999446869	6.2	1.814	1249	64.6753246753247	0.2	0.00360282259061934	0.196397177409381	9.0505611709392E-05	39.8077259804373	0.2	0.201297007501125	0.196397177409381
582.334999084473	6.2	1.814	1249	64.6753246753247	0.2	0.00360282259061934	0.196397177409381	9.0505611709392E-05	39.8077259804373	0.2	0.200643696822226	0.196397177409381
582.825999259949	6.2	1.815	1249	64.6753246753247	0.2	0.00294951191172005	0.19705048808828	9.08066765383779E-05	32.4812230130842	0.2	0.201297007501125	0.19705048808828
583.340999603271	6.2	1.815	1249	64.6753246753247	0.2	0.00164289055392147	0.198357109446079	9.14088061963496E-05	17.9730008768792	0.2	0.201297007501125	0.198357109446079
583.824998855591	6.2	1.816	1250	64.9350649350649	0.2	0.00327616725116969	0.19672383274883	9.06561441238849E-05	36.1383917530475	0.2	0.200317041482776	0.19672383274883
584.341999053955	6.1	1.816	1249	64.6753246753247	0.2	0.00360282259061934	0.196397177409381	9.0505611709392E-05	39.8077259804373	0.2	0.199990386143327	0.196397177409381
584.845999717712	6.1	1.771	1249	64.6753246753247	0.2	0.00327616725116969	0.19672383274883	9.06561441238849E-05	36.1383917530475	0.2	0.200643696822226	0.19672383274883
585.32799911499	6.1	1.773	1249	64.6753246753247	0.2	0.00294951191172005	0.19705048808828	9.08066765383779E-05	32.4812230130842	0.2	0.199990386143327	0.19705048808828
585.835999488831	6.1	1.776	1249	64.6753246753247	0.2	0.0026228565722704	0.19737714342773	9.09572089528708E-05	28.8361593596108	0.2	0.199990386143327	0.19737714342773
586.33199930191	6.1	1.777	1249	64.6753246753247	0.2	0.0026228565722704	0.19737714342773	9.09572089528708E-05	28.8361593596108	0.2	0.199990386143327	0.19737714342773
586.848999500275	6.1	1.779	1249	64.6753246753247	0.2	0.00294951191172005	0.19705048808828	9.08066765383779E-05	32.4812230130842	0.2	0.200643696822226	0.19705048808828
587.337999820709	6.1	1.78	1249	64.6753246753247	0.2	0.00360282259061934	0.196397177409381	9.0505611709392E-05	39.8077259804373	0.2	0.200317041482776	0.196397177409381
587.832999706268	6.1	1.781	1249	64.6753246753247	0.2	0.00360282259061934	0.196397177409381	9.0505611709392E-05	39.8077259804373	0.2	0.200317041482776	0.196397177409381
588.330998897552	6.1	1.782	1249	64.6753246753247	0.2	0.00294951191172005	0.19705048808828	9.08066765383779E-05	32.4812230130842	0.2	0.200643696822226	0.19705048808828
588.832999229431	6.1	1.782	1249	64.6753246753247	0.2	0.00327616725116969	0.19672383274883	9.06561441238849E-05	36.1383917530475	0.2	0.200643696822226	0.19672383274883
589.332999706268	6.1	1.783	1249	64.6753246753247	0.2	0.00327616725116969	0.19672383274883	9.06561441238849E-05	36.1383917530475	0.2	0.200643696822226	0.19672383274883
589.839999675751	6.1	1.784	1249	64.6753246753247	0.2	0.00229620123282076	0.197703798767179	9.11077413673637E-05	25.2031407908801	0.2	0.200317041482776	0.197703798767179
590.33499956131	6.1	1.784	1248	64.4155844155844	0.2	0.00327616725116969	0.19672383274883	9.06561441238849E-05	36.1383917530475	0.2	0.200970352161676	0.19672383274883
590.846999645233	6.1	1.785	1249	64.6753246753247	0.2	0.00229620123282076	0.197703798767179	9.11077413673637E-05	25.2031407908801	0.2	0.200317041482776	0.197703798767179
591.340999603271	6.1	1.785	1249	64.6753246753247	0.2	0.00360282259061934	0.196397177409381	9.0505611709392E-05	39.8077259804373	0.2	0.201297007501125	0.196397177409381
591.848999023438	6.1	1.786	1249	64.6753246753247	0.2	0.00392947793006898	0.196070522069931	9.03550792948991E-05	43.489286498704	0.2	0.200970352161676	0.196070522069931
592.343998908997	6.1	1.787	1250	64.9350649350649	0.2	0.00294951191172005	0.19705048808828	9.08066765383779E-05	32.4812230130842	0.2	0.200643696822226	0.19705048808828
592.849999427795	6	1.787	1250	64.9350649350649	0.2	0.00327616725116969	0.19672383274883	9.06561441238849E-05	36.1383917530475	0.2	0.200643696822226	0.19672383274883
593.327999591827	6	1.742	1250	64.9350649350649	0.2	0.00360282259061934	0.196397177409381	9.0505611709392E-05	39.8077259804373	0.2	0.200317041482776	0.196397177409381
593.845999240875	6	1.744	1249	64.6753246753247	0.2	0.00294951191172005	0.19705048808828	9.08066765383779E-05	32.4812230130842	0.2	0.200970352161676	0.19705048808828
594.325999736786	6	1.747	1249	64.6753246753247	0.2	0.00294951191172005	0.19705048808828	9.08066765383779E-05	32.4812230130842	0.2	0.201297007501125	0.19705048808828
594.839999198914	6	1.748	1249	64.6753246753247	0.2	0.0026228565722704	0.19737714342773	9.09572089528708E-05	28.8361593596108	0.2	0.200643696822226	0.19737714342773
595.337999820709	6	1.75	1249	64.6753246753247	0.2	0.00327616725116969	0.19672383274883	9.06561441238849E-05	36.1383917530475	0.2	0.200970352161676	0.19672383274883
595.831998825073	6	1.75	1249	64.6753246753247	0.2	0.00294951191172005	0.19705048808828	9.08066765383779E-05	32.4812230130842	0.2	0.200317041482776	0.19705048808828
596.341999530792	6	1.752	1249	64.6753246753247	0.2	0.00360282259061934	0.196397177409381	9.0505611709392E-05	39.8077259804373	0.2	0.199990386143327	0.196397177409381
596.833999633789	6	1.753	1248	64.4155844155844	0.2	0.0026228565722704	0.19737714342773	9.09572089528708E-05	28.8361593596108	0.2	0.200643696822226	0.19737714342773
597.341999053955	6	1.754	1248	64.4155844155844	0.2	0.00294951191172005	0.19705048808828	9.08066765383779E-05	32.4812230130842	0.2	0.200970352161676	0.19705048808828
597.839999675751	6	1.754	1248	64.4155844155844	0.2	0.00360282259061934	0.196397177409381	9.0505611709392E-05	39.8077259804373	0.2	0.200643696822226	0.196397177409381
598.329998970032	6	1.755	1248	64.4155844155844	0.2	0.00229620123282076	0.197703798767179	9.11077413673637E-05	25.2031407908801	0.2	0.200317041482776	0.197703798767179
598.838999271393	6	1.756	1248	64.4155844155844	0.2	0.00425613326951862	0.195743866730481	9.02045468804062E-05	47.1831345171706	0.2	0.200643696822226	0.195743866730481
599.335999011993	6	1.757	1248	64.4155844155844	0.2	0.00229620123282076	0.197703798767179	9.11077413673637E-05	25.2031407908801	0.2	0.200643696822226	0.197703798767179
599.839998722076	6	1.757	1248	64.4155844155844	0.2	0.0026228565722704	0.19737714342773	9.09572089528708E-05	28.8361593596108	0.2	0.200317041482776	0.19737714342773
600.344999313354	6	1.758	1248	64.4155844155844	0.2	0.00327616725116969	0.19672383274883	9.06561441238849E-05	36.1383917530475	0.2	0.200643696822226	0.19672383274883
600.821999073029	6	1.758	1248	64.4155844155844	0.2	0.00360282259061934	0.196397177409381	9.0505611709392E-05	39.8077259804373	0.2	0.200643696822226	0.196397177409381
601.339999198914	5.9	1.711	1248	64.4155844155844	0.2	0.00294951191172005	0.19705048808828	9.08066765383779E-05	32.4812230130842	0.2	0.200970352161676	0.19705048808828
601.839999675751	5.9	1.714	1248	64.4155844155844	0.2	0.00327616725116969	0.19672383274883	9.06561441238849E-05	36.1383917530475	0.2	0.200317041482776	0.19672383274883
602.342999458313	5.9	1.717	1247	64.1558441558442	0.2	0.00327616725116969	0.19672383274883	9.06561441238849E-05	36.1383917530475	0.2	0.200317041482776	0.19672383274883
602.820000171661	5.9	1.719	1248	64.4155844155844	0.2	0.00196954589337112	0.198030454106629	9.12582737818566E-05	21.582107701041	0.2	0.201297007501125	0.198030454106629
603.346999645233	5.9	1.72	1248	64.4155844155844	0.2	0.00294951191172005	0.19705048808828	9.08066765383779E-05	32.4812230130842	0.2	0.200317041482776	0.19705048808828
603.840999603271	5.9	1.722	1249	64.6753246753247	0.2	0.00327616725116969	0.19672383274883	9.06561441238849E-05	36.1383917530475	0.2	0.200317041482776	0.19672383274883
604.349998950958	5.9	1.723	1249	64.6753246753247	0.2	0.00360282259061934	0.196397177409381	9.0505611709392E-05	39.8077259804373	0.2	0.200643696822226	0.196397177409381
604.831999778748	5.9	1.724	1249	64.6753246753247	0.2	0.00327616725116969	0.19672383274883	9.06561441238849E-05	36.1383917530475	0.2	0.200643696822226	0.19672383274883
605.322999000549	5.9	1.725	1250	64.9350649350649	0.2	0.00294951191172005	0.19705048808828	9.08066765383779E-05	32.4812230130842	0.2	0.200643696822226	0.19705048808828
605.832999229431	5.9	1.726	1249	64.6753246753247	0.2	0.00327616725116969	0.19672383274883	9.06561441238849E-05	36.1383917530475	0.2	0.200317041482776	0.19672383274883
606.341999530792	5.9	1.727	1249	64.6753246753247	0.2	0.0026228565722704	0.19737714342773	9.09572089528708E-05	28.8361593596108	0.2	0.199990386143327	0.19737714342773
606.839999198914	5.9	1.728	1249	64.6753246753247	0.2	0.0026228565722704	0.19737714342773	9.09572089528708E-05	28.8361593596108	0.2	0.200643696822226	0.19737714342773
607.326999664307	5.9	1.728	1250	64.9350649350649	0.2	0.00294951191172005	0.19705048808828	9.08066765383779E-05	32.4812230130842	0.2	0.200317041482776	0.19705048808828
607.832999229431	5.9	1.729	1250	64.9350649350649	0.2	0.00294951191172005	0.19705048808828	9.08066765383779E-05	32.4812230130842	0.2	0.200643696822226	0.19705048808828
608.339999675751	5.9	1.73	1250	64.9350649350649	0.2	0.00229620123282076	0.197703798767179	9.11077413673637E-05	25.2031407908801	0.2	0.200970352161676	0.197703798767179
608.825999259949	5.9	1.731	1250	64.9350649350649	0.2	0.00229620123282076	0.197703798767179	9.11077413673637E-05	25.2031407908801	0.2	0.200643696822226	0.197703798767179
609.335999488831	5.9	1.731	1250	64.9350649350649	0.2	0.00229620123282076	0.197703798767179	9.11077413673637E-05	25.2031407908801	0.2	0.200317041482776	0.197703798767179
609.837999343872	5.8	1.684	1250	64.9350649350649	0.2	0.0026228565722704	0.19737714342773	9.09572089528708E-05	28.8361593596108	0.2	0.200317041482776	0.19737714342773
610.348999500275	5.8	1.687	1250	64.9350649350649	0.2	0.00360282259061934	0.196397177409381	9.0505611709392E-05	39.8077259804373	0.2	0.200643696822226	0.196397177409381
610.847999095917	5.8	1.69	1250	64.9350649350649	0.2	0.00294951191172005	0.19705048808828	9.08066765383779E-05	32.4812230130842	0.2	0.201297007501125	0.19705048808828
611.33499956131	5.8	1.692	1250	64.9350649350649	0.2	0.0026228565722704	0.19737714342773	9.09572089528708E-05	28.8361593596108	0.2	0.201623662840575	0.19737714342773
611.83499956131	5.8	1.694	1250	64.9350649350649	0.2	0.0026228565722704	0.19737714342773	9.09572089528708E-05	28.8361593596108	0.2	0.200317041482776	0.19737714342773
612.33199930191	5.8	1.695	1250	64.9350649350649	0.2	0.0026228565722704	0.19737714342773	9.09572089528708E-05	28.8361593596108	0.2	0.200317041482776	0.19737714342773
612.840999603271	5.8	1.696	1250	64.9350649350649	0.2	0.00327616725116969	0.19672383274883	9.06561441238849E-05	36.1383917530475	0.2	0.200317041482776	0.19672383274883
613.340999126434	5.8	1.697	1250	64.9350649350649	0.2	0.00327616725116969	0.19672383274883	9.06561441238849E-05	36.1383917530475	0.2	0.200970352161676	0.19672383274883
613.83099937439	5.8	1.699	1250	64.9350649350649	0.2	0.00294951191172005	0.19705048808828	9.08066765383779E-05	32.4812230130842	0.2	0.199990386143327	0.19705048808828
614.336998939514	5.8	1.7	1249	64.6753246753247	0.2	0.00360282259061934	0.196397177409381	9.0505611709392E-05	39.8077259804373	0.2	0.200317041482776	0.196397177409381
614.829998970032	5.8	1.701	1249	64.6753246753247	0.2	0.00294951191172005	0.19705048808828	9.08066765383779E-05	32.4812230130842	0.2	0.200317041482776	0.19705048808828
615.325999259949	5.8	1.701	1249	64.6753246753247	0.2	0.00229620123282076	0.197703798767179	9.11077413673637E-05	25.2031407908801	0.2	0.200970352161676	0.197703798767179
615.836999416351	5.8	1.702	1249	64.6753246753247	0.2	0.00294951191172005	0.19705048808828	9.08066765383779E-05	32.4812230130842	0.2	0.200970352161676	0.19705048808828
616.334999084473	5.8	1.703	1249	64.6753246753247	0.2	0.00327616725116969	0.19672383274883	9.06561441238849E-05	36.1383917530475	0.2	0.201297007501125	0.19672383274883
616.843999385834	5.8	1.704	1249	64.6753246753247	0.2	0.00294951191172005	0.19705048808828	9.08066765383779E-05	32.4812230130842	0.2	0.200970352161676	0.19705048808828
617.332998752594	5.8	1.704	1250	64.9350649350649	0.2	0.00360282259061934	0.196397177409381	9.0505611709392E-05	39.8077259804373	0.2	0.200643696822226	0.196397177409381
617.850999832153	5.7	1.704	1250	64.9350649350649	0.2	0.0026228565722704	0.19737714342773	9.09572089528708E-05	28.8361593596108	0.2	0.200317041482776	0.19737714342773
618.341999053955	5.7	1.66	1250	64.9350649350649	0.2	0.00229620123282076	0.197703798767179	9.11077413673637E-05	25.2031407908801	0.2	0.201297007501125	0.197703798767179
618.843999385834	5.7	1.662	1250	64.9350649350649	0.2	0.00294951191172005	0.19705048808828	9.08066765383779E-05	32.4812230130842	0.2	0.200643696822226	0.19705048808828
619.331999778748	5.7	1.665	1249	64.6753246753247	0.2	0.0026228565722704	0.19737714342773	9.09572089528708E-05	28.8361593596108	0.2	0.199990386143327	0.19737714342773
619.835999488831	5.7	1.666	1249	64.6753246753247	0.2	0.00327616725116969	0.19672383274883	9.06561441238849E-05	36.1383917530475	0.2	0.199990386143327	0.19672383274883
620.33199930191	5.7	1.668	1249	64.6753246753247	0.2	0.00327616725116969	0.19672383274883	9.06561441238849E-05	36.1383917530475	0.2	0.200970352161676	0.19672383274883
620.83099937439	5.7	1.669	1249	64.6753246753247	0.2	0.00360282259061934	0.196397177409381	9.0505611709392E-05	39.8077259804373	0.2	0.201297007501125	0.196397177409381
621.346999168396	5.7	1.671	1249	64.6753246753247	0.2	0.00392947793006898	0.196070522069931	9.03550792948991E-05	43.489286498704	0.2	0.200643696822226	0.196070522069931
621.828999996185	5.7	1.672	1248	64.4155844155844	0.2	0.0026228565722704	0.19737714342773	9.09572089528708E-05	28.8361593596108	0.2	0.200643696822226	0.19737714342773
622.34299993515	5.7	1.673	1248	64.4155844155844	0.2	0.00327616725116969	0.19672383274883	9.06561441238849E-05	36.1383917530475	0.2	0.201297007501125	0.19672383274883
622.849999427795	5.7	1.674	1248	64.4155844155844	0.2	0.00327616725116969	0.19672383274883	9.06561441238849E-05	36.1383917530475	0.2	0.200317041482776	0.19672383274883
623.333999633789	5.7	1.675	1247	64.1558441558442	0.2	0.00327616725116969	0.19672383274883	9.06561441238849E-05	36.1383917530475	0.2	0.200643696822226	0.19672383274883
623.841999530792	5.7	1.675	1247	64.1558441558442	0.2	0.00425613326951862	0.195743866730481	9.02045468804062E-05	47.1831345171706	0.2	0.200643696822226	0.195743866730481
624.329998970032	5.7	1.676	1247	64.1558441558442	0.2	0.00229620123282076	0.197703798767179	9.11077413673637E-05	25.2031407908801	0.2	0.200643696822226	0.197703798767179
624.838999271393	5.7	1.677	1247	64.1558441558442	0.2	0.00360282259061934	0.196397177409381	9.0505611709392E-05	39.8077259804373	0.2	0.200643696822226	0.196397177409381
625.328000068665	5.7	1.677	1246	63.8961038961039	0.2	0.00294951191172005	0.19705048808828	9.08066765383779E-05	32.4812230130842	0.2	0.200643696822226	0.19705048808828
625.833998680115	5.7	1.678	1246	63.8961038961039	0.2	0.00360282259061934	0.196397177409381	9.0505611709392E-05	39.8077259804373	0.2	0.201297007501125	0.196397177409381
626.328999519348	5.6	1.679	1246	63.8961038961039	0.2	0.00294951191172005	0.19705048808828	9.08066765383779E-05	32.4812230130842	0.2	0.200970352161676	0.19705048808828
626.826999664307	5.6	1.633	1246	63.8961038961039	0.2	0.00229620123282076	0.197703798767179	9.11077413673637E-05	25.2031407908801	0.2	0.200970352161676	0.197703798767179
627.333999156952	5.6	1.636	1246	63.8961038961039	0.2	0.0026228565722704	0.19737714342773	9.09572089528708E-05	28.8361593596108	0.2	0.200317041482776	0.19737714342773
627.848999023438	5.6	1.639	1246	63.8961038961039	0.2	0.0026228565722704	0.19737714342773	9.09572089528708E-05	28.8361593596108	0.2	0.200970352161676	0.19737714342773
628.338999271393	5.6	1.64	1246	63.8961038961039	0.2	0.00392947793006898	0.196070522069931	9.03550792948991E-05	43.489286498704	0.2	0.200317041482776	0.196070522069931
628.821000099182	5.6	1.642	1246	63.8961038961039	0.2	0.0026228565722704	0.19737714342773	9.09572089528708E-05	28.8361593596108	0.2	0.200317041482776	0.19737714342773
629.339999675751	5.6	1.643	1246	63.8961038961039	0.2	0.00327616725116969	0.19672383274883	9.06561441238849E-05	36.1383917530475	0.2	0.199990386143327	0.19672383274883
629.828999042511	5.6	1.645	1246	63.8961038961039	0.2	0.0026228565722704	0.19737714342773	9.09572089528708E-05	28.8361593596108	0.2	0.201297007501125	0.19737714342773
630.347999095917	5.6	1.646	1246	63.8961038961039	0.2	0.00294951191172005	0.19705048808828	9.08066765383779E-05	32.4812230130842	0.2	0.200970352161676	0.19705048808828
630.845999717712	5.6	1.647	1247	64.1558441558442	0.2	0.00360282259061934	0.196397177409381	9.0505611709392E-05	39.8077259804373	0.2	0.201297007501125	0.196397177409381
631.333999156952	5.6	1.647	1247	64.1558441558442	0.2	0.0026228565722704	0.19737714342773	9.09572089528708E-05	28.8361593596108	0.2	0.200970352161676	0.19737714342773
631.830998897552	5.6	1.649	1247	64.1558441558442	0.2	0.00392947793006898	0.196070522069931	9.03550792948991E-05	43.489286498704	0.2	0.200643696822226	0.196070522069931
632.332999706268	5.6	1.649	1247	64.1558441558442	0.2	0.00327616725116969	0.19672383274883	9.06561441238849E-05	36.1383917530475	0.2	0.200643696822226	0.19672383274883
632.835999488831	5.6	1.65	1247	64.1558441558442	0.2	0.00294951191172005	0.19705048808828	9.08066765383779E-05	32.4812230130842	0.2	0.200970352161676	0.19705048808828
633.322999477386	5.6	1.651	1246	63.8961038961039	0.2	0.00360282259061934	0.196397177409381	9.0505611709392E-05	39.8077259804373	0.2	0.199990386143327	0.196397177409381
633.833999156952	5.6	1.652	1246	63.8961038961039	0.2	0.0026228565722704	0.19737714342773	9.09572089528708E-05	28.8361593596108	0.2	0.200970352161676	0.19737714342773
634.347999095917	5.5	1.652	1247	64.1558441558442	0.2	0.00229620123282076	0.197703798767179	9.11077413673637E-05	25.2031407908801	0.2	0.200317041482776	0.197703798767179
634.835999488831	5.5	1.607	1247	64.1558441558442	0.2	0.00360282259061934	0.196397177409381	9.0505611709392E-05	39.8077259804373	0.2	0.200317041482776	0.196397177409381
635.334999084473	5.5	1.609	1247	64.1558441558442	0.2	0.00360282259061934	0.196397177409381	9.0505611709392E-05	39.8077259804373	0.2	0.200970352161676	0.196397177409381
635.829999923706	5.5	1.612	1247	64.1558441558442	0.2	0.00294951191172005	0.19705048808828	9.08066765383779E-05	32.4812230130842	0.2	0.199990386143327	0.19705048808828
636.330999851227	5.5	1.614	1247	64.1558441558442	0.2	0.0026228565722704	0.19737714342773	9.09572089528708E-05	28.8361593596108	0.2	0.199990386143327	0.19737714342773
636.835999488831	5.5	1.616	1246	63.8961038961039	0.2	0.00327616725116969	0.19672383274883	9.06561441238849E-05	36.1383917530475	0.2	0.200970352161676	0.19672383274883
637.338999271393	5.5	1.617	1246	63.8961038961039	0.2	0.00294951191172005	0.19705048808828	9.08066765383779E-05	32.4812230130842	0.2	0.200970352161676	0.19705048808828
637.837999820709	5.5	1.619	1246	63.8961038961039	0.2	0.00360282259061934	0.196397177409381	9.0505611709392E-05	39.8077259804373	0.2	0.200643696822226	0.196397177409381
638.326999187469	5.5	1.619	1246	63.8961038961039	0.2	0.0026228565722704	0.19737714342773	9.09572089528708E-05	28.8361593596108	0.2	0.200970352161676	0.19737714342773
638.843999862671	5.5	1.621	1246	63.8961038961039	0.2	0.00327616725116969	0.19672383274883	9.06561441238849E-05	36.1383917530475	0.2	0.199663730803877	0.19672383274883
639.333999633789	5.5	1.622	1246	63.8961038961039	0.2	0.0026228565722704	0.19737714342773	9.09572089528708E-05	28.8361593596108	0.2	0.200643696822226	0.19737714342773
639.839999198914	5.5	1.622	1246	63.8961038961039	0.2	0.00392947793006898	0.196070522069931	9.03550792948991E-05	43.489286498704	0.2	0.200643696822226	0.196070522069931
640.32799911499	5.5	1.623	1246	63.8961038961039	0.2	0.00294951191172005	0.19705048808828	9.08066765383779E-05	32.4812230130842	0.2	0.200317041482776	0.19705048808828
640.831999778748	5.5	1.624	1245	63.6363636363636	0.2	0.00327616725116969	0.19672383274883	9.06561441238849E-05	36.1383917530475	0.2	0.200317041482776	0.19672383274883
641.343998908997	5.5	1.625	1245	63.6363636363636	0.2	0.00392947793006898	0.196070522069931	9.03550792948991E-05	43.489286498704	0.2	0.201297007501125	0.196070522069931
641.83199930191	5.5	1.625	1245	63.6363636363636	0.2	0.00327616725116969	0.19672383274883	9.06561441238849E-05	36.1383917530475	0.2	0.199990386143327	0.19672383274883
642.332999229431	5.5	1.626	1245	63.6363636363636	0.2	0.0026228565722704	0.19737714342773	9.09572089528708E-05	28.8361593596108	0.2	0.200317041482776	0.19737714342773
642.835999011993	5.4	1.626	1245	63.6363636363636	0.2	0.00294951191172005	0.19705048808828	9.08066765383779E-05	32.4812230130842	0.2	0.200317041482776	0.19705048808828
643.336999416351	5.4	1.582	1245	63.6363636363636	0.2	0.00327616725116969	0.19672383274883	9.06561441238849E-05	36.1383917530475	0.2	0.201297007501125	0.19672383274883
643.854999542236	5.4	1.584	1244	63.3766233766234	0.2	0.00392947793006898	0.196070522069931	9.03550792948991E-05	43.489286498704	0.2	0.199990386143327	0.196070522069931
644.33199930191	5.4	1.587	1244	63.3766233766234	0.2	0.00425613326951862	0.195743866730481	9.02045468804062E-05	47.1831345171706	0.2	0.201297007501125	0.195743866730481
644.83899974823	5.4	1.588	1244	63.3766233766234	0.2	0.00327616725116969	0.19672383274883	9.06561441238849E-05	36.1383917530475	0.2	0.201623662840575	0.19672383274883
645.330999851227	5.4	1.59	1243	63.1168831168831	0.2	0.00327616725116969	0.19672383274883	9.06561441238849E-05	36.1383917530475	0.2	0.200317041482776	0.19672383274883
645.841000080109	5.4	1.591	1242	62.8571428571429	0.2	0.00392947793006898	0.196070522069931	9.03550792948991E-05	43.489286498704	0.2	0.201297007501125	0.196070522069931
646.339998722076	5.4	1.593	1242	62.8571428571429	0.2	0.0026228565722704	0.19737714342773	9.09572089528708E-05	28.8361593596108	0.2	0.200643696822226	0.19737714342773
646.826999187469	5.4	1.593	1242	62.8571428571429	0.2	0.00360282259061934	0.196397177409381	9.0505611709392E-05	39.8077259804373	0.2	0.199990386143327	0.196397177409381
647.343999385834	5.4	1.595	1241	62.5974025974025	0.2	0.0026228565722704	0.19737714342773	9.09572089528708E-05	28.8361593596108	0.2	0.200317041482776	0.19737714342773
647.829999446869	5.4	1.595	1241	62.5974025974025	0.2	0.00392947793006898	0.196070522069931	9.03550792948991E-05	43.489286498704	0.2	0.199990386143327	0.196070522069931
648.337998867035	5.4	1.596	1240	62.3376623376623	0.2	0.00327616725116969	0.19672383274883	9.06561441238849E-05	36.1383917530475	0.2	0.201297007501125	0.19672383274883
648.843999385834	5.4	1.597	1240	62.3376623376623	0.2	0.0026228565722704	0.19737714342773	9.09572089528708E-05	28.8361593596108	0.2	0.200643696822226	0.19737714342773
649.333999633789	5.4	1.598	1239	62.077922077922	0.2	0.00360282259061934	0.196397177409381	9.0505611709392E-05	39.8077259804373	0.2	0.200970352161676	0.196397177409381
649.841999053955	5.4	1.599	1239	62.077922077922	0.2	0.00360282259061934	0.196397177409381	9.0505611709392E-05	39.8077259804373	0.2	0.200317041482776	0.196397177409381
650.33199930191	5.4	1.599	1239	62.077922077922	0.2	0.00294951191172005	0.19705048808828	9.08066765383779E-05	32.4812230130842	0.2	0.200643696822226	0.19705048808828
650.823999404907	5.4	1.6	1238	61.8181818181818	0.2	0.00327616725116969	0.19672383274883	9.06561441238849E-05	36.1383917530475	0.2	0.200970352161676	0.19672383274883
651.369998931885	5.3	1.601	1238	61.8181818181818	0.2	0.00327616725116969	0.19672383274883	9.06561441238849E-05	36.1383917530475	0.2	0.200643696822226	0.19672383274883
651.832999706268	5.3	1.555	1238	61.8181818181818	0.2	0.00294951191172005	0.19705048808828	9.08066765383779E-05	32.4812230130842	0.2	0.200317041482776	0.19705048808828
652.335000038147	5.3	1.557	1238	61.8181818181818	0.2	0.00392947793006898	0.196070522069931	9.03550792948991E-05	43.489286498704	0.2	0.199990386143327	0.196070522069931
652.835999965668	5.3	1.561	1237	61.5584415584415	0.2	0.0026228565722704	0.19737714342773	9.09572089528708E-05	28.8361593596108	0.2	0.201297007501125	0.19737714342773
653.333999633789	5.3	1.562	1237	61.5584415584415	0.2	0.00327616725116969	0.19672383274883	9.06561441238849E-05	36.1383917530475	0.2	0.200643696822226	0.19672383274883
653.83499956131	5.3	1.564	1238	61.8181818181818	0.2	0.0026228565722704	0.19737714342773	9.09572089528708E-05	28.8361593596108	0.2	0.200643696822226	0.19737714342773
654.326999664307	5.3	1.565	1238	61.8181818181818	0.2	0.00294951191172005	0.19705048808828	9.08066765383779E-05	32.4812230130842	0.2	0.200970352161676	0.19705048808828
654.835999011993	5.3	1.567	1238	61.8181818181818	0.2	0.0026228565722704	0.19737714342773	9.09572089528708E-05	28.8361593596108	0.2	0.200970352161676	0.19737714342773
655.332998752594	5.3	1.568	1237	61.5584415584415	0.2	0.00327616725116969	0.19672383274883	9.06561441238849E-05	36.1383917530475	0.2	0.200317041482776	0.19672383274883
655.842999458313	5.3	1.569	1237	61.5584415584415	0.2	0.00360282259061934	0.196397177409381	9.0505611709392E-05	39.8077259804373	0.2	0.200643696822226	0.196397177409381
656.344998836517	5.3	1.569	1237	61.5584415584415	0.2	0.00327616725116969	0.19672383274883	9.06561441238849E-05	36.1383917530475	0.2	0.200970352161676	0.19672383274883
656.825999736786	5.3	1.571	1237	61.5584415584415	0.2	0.00327616725116969	0.19672383274883	9.06561441238849E-05	36.1383917530475	0.2	0.201297007501125	0.19672383274883
657.332999229431	5.3	1.571	1236	61.2987012987013	0.2	0.00327616725116969	0.19672383274883	9.06561441238849E-05	36.1383917530475	0.2	0.200970352161676	0.19672383274883
657.832999706268	5.3	1.572	1236	61.2987012987013	0.2	0.00327616725116969	0.19672383274883	9.06561441238849E-05	36.1383917530475	0.2	0.199990386143327	0.19672383274883
658.333999633789	5.3	1.573	1236	61.2987012987013	0.2	0.00327616725116969	0.19672383274883	9.06561441238849E-05	36.1383917530475	0.2	0.199663730803877	0.19672383274883
658.842000007629	5.3	1.574	1236	61.2987012987013	0.2	0.0026228565722704	0.19737714342773	9.09572089528708E-05	28.8361593596108	0.2	0.200643696822226	0.19737714342773
659.329998970032	5.3	1.575	1236	61.2987012987013	0.2	0.0026228565722704	0.19737714342773	9.09572089528708E-05	28.8361593596108	0.2	0.199990386143327	0.19737714342773
659.831998825073	5.2	1.528	1236	61.2987012987013	0.2	0.00327616725116969	0.19672383274883	9.06561441238849E-05	36.1383917530475	0.2	0.201297007501125	0.19672383274883
660.324998855591	5.2	1.53	1236	61.2987012987013	0.2	0.00327616725116969	0.19672383274883	9.06561441238849E-05	36.1383917530475	0.2	0.199990386143327	0.19672383274883
660.842000007629	5.2	1.534	1236	61.2987012987013	0.2	0.00327616725116969	0.19672383274883	9.06561441238849E-05	36.1383917530475	0.2	0.200643696822226	0.19672383274883
661.333000183105	5.2	1.535	1236	61.2987012987013	0.2	0.00327616725116969	0.19672383274883	9.06561441238849E-05	36.1383917530475	0.2	0.200643696822226	0.19672383274883
661.830999851227	5.2	1.537	1236	61.2987012987013	0.2	0.00294951191172005	0.19705048808828	9.08066765383779E-05	32.4812230130842	0.2	0.200643696822226	0.19705048808828
662.340000152588	5.2	1.539	1236	61.2987012987013	0.2	0.00294951191172005	0.19705048808828	9.08066765383779E-05	32.4812230130842	0.2	0.200643696822226	0.19705048808828
662.834999084473	5.2	1.54	1236	61.2987012987013	0.2	0.00360282259061934	0.196397177409381	9.0505611709392E-05	39.8077259804373	0.2	0.200643696822226	0.196397177409381
663.334000110626	5.2	1.542	1236	61.2987012987013	0.2	0.00360282259061934	0.196397177409381	9.0505611709392E-05	39.8077259804373	0.2	0.200643696822226	0.196397177409381
663.837999820709	5.2	1.542	1236	61.2987012987013	0.2	0.00327616725116969	0.19672383274883	9.06561441238849E-05	36.1383917530475	0.2	0.200970352161676	0.19672383274883
664.330998897552	5.2	1.544	1236	61.2987012987013	0.2	0.00327616725116969	0.19672383274883	9.06561441238849E-05	36.1383917530475	0.2	0.200317041482776	0.19672383274883
664.847999572754	5.2	1.544	1236	61.2987012987013	0.2	0.00294951191172005	0.19705048808828	9.08066765383779E-05	32.4812230130842	0.2	0.199990386143327	0.19705048808828
665.337998867035	5.2	1.545	1236	61.2987012987013	0.2	0.00327616725116969	0.19672383274883	9.06561441238849E-05	36.1383917530475	0.2	0.200970352161676	0.19672383274883
665.828999042511	5.2	1.546	1236	61.2987012987013	0.2	0.0026228565722704	0.19737714342773	9.09572089528708E-05	28.8361593596108	0.2	0.200970352161676	0.19737714342773
666.337999343872	5.2	1.547	1236	61.2987012987013	0.2	0.00327616725116969	0.19672383274883	9.06561441238849E-05	36.1383917530475	0.2	0.200643696822226	0.19672383274883
666.829999446869	5.2	1.548	1236	61.2987012987013	0.2	0.00327616725116969	0.19672383274883	9.06561441238849E-05	36.1383917530475	0.2	0.200970352161676	0.19672383274883
667.348999500275	5.2	1.549	1236	61.2987012987013	0.2	0.00360282259061934	0.196397177409381	9.0505611709392E-05	39.8077259804373	0.2	0.201297007501125	0.196397177409381
667.834999084473	5.1	1.549	1236	61.2987012987013	0.2	0.00327616725116969	0.19672383274883	9.06561441238849E-05	36.1383917530475	0.2	0.199990386143327	0.19672383274883
668.328999042511	5.1	1.504	1236	61.2987012987013	0.2	0.00294951191172005	0.19705048808828	9.08066765383779E-05	32.4812230130842	0.2	0.200317041482776	0.19705048808828
668.835999488831	5.1	1.506	1237	61.5584415584415	0.2	0.00392947793006898	0.196070522069931	9.03550792948991E-05	43.489286498704	0.2	0.200643696822226	0.196070522069931
669.322999954224	5.1	1.509	1237	61.5584415584415	0.2	0.00458278860896827	0.195417211391032	9.00540144659133E-05	50.8893316544253	0.2	0.200970352161676	0.195417211391032
669.835000038147	5.1	1.511	1237	61.5584415584415	0.2	0.00425613326951862	0.195743866730481	9.02045468804062E-05	47.1831345171706	0.2	0.201623662840575	0.195743866730481
670.344999313354	5.1	1.513	1237	61.5584415584415	0.2	0.00392947793006898	0.196070522069931	9.03550792948991E-05	43.489286498704	0.2	0.200317041482776	0.196070522069931
670.836999416351	5.1	1.514	1238	61.8181818181818	0.2	0.00294951191172005	0.19705048808828	9.08066765383779E-05	32.4812230130842	0.2	0.199990386143327	0.19705048808828
671.332999229431	5.1	1.515	1238	61.8181818181818	0.2	0.00294951191172005	0.19705048808828	9.08066765383779E-05	32.4812230130842	0.2	0.200643696822226	0.19705048808828
671.832999229431	5.1	1.516	1237	61.5584415584415	0.2	0.00392947793006898	0.196070522069931	9.03550792948991E-05	43.489286498704	0.2	0.200317041482776	0.196070522069931
672.330998897552	5.1	1.518	1238	61.8181818181818	0.2	0.00294951191172005	0.19705048808828	9.08066765383779E-05	32.4812230130842	0.2	0.200970352161676	0.19705048808828
672.836999416351	5.1	1.518	1238	61.8181818181818	0.2	0.0026228565722704	0.19737714342773	9.09572089528708E-05	28.8361593596108	0.2	0.200317041482776	0.19737714342773
673.327999591827	5.1	1.519	1237	61.5584415584415	0.2	0.00327616725116969	0.19672383274883	9.06561441238849E-05	36.1383917530475	0.2	0.200317041482776	0.19672383274883
673.844998836517	5.1	1.52	1237	61.5584415584415	0.2	0.00360282259061934	0.196397177409381	9.0505611709392E-05	39.8077259804373	0.2	0.200643696822226	0.196397177409381
674.329998970032	5.1	1.521	1237	61.5584415584415	0.2	0.00360282259061934	0.196397177409381	9.0505611709392E-05	39.8077259804373	0.2	0.200643696822226	0.196397177409381
674.831999778748	5.1	1.522	1236	61.2987012987013	0.2	0.00360282259061934	0.196397177409381	9.0505611709392E-05	39.8077259804373	0.2	0.200317041482776	0.196397177409381
675.340000152588	5.1	1.523	1236	61.2987012987013	0.2	0.00294951191172005	0.19705048808828	9.08066765383779E-05	32.4812230130842	0.2	0.200970352161676	0.19705048808828
675.826999664307	5.1	1.523	1236	61.2987012987013	0.2	0.0026228565722704	0.19737714342773	9.09572089528708E-05	28.8361593596108	0.2	0.201297007501125	0.19737714342773
676.353000164032	5.00000000000001	1.523	1236	61.2987012987013	0.2	0.00327616725116969	0.19672383274883	9.06561441238849E-05	36.1383917530475	0.2	0.200317041482776	0.19672383274883
676.83499956131	5.00000000000001	1.478	1236	61.2987012987013	0.2	0.00294951191172005	0.19705048808828	9.08066765383779E-05	32.4812230130842	0.2	0.200317041482776	0.19705048808828
677.347999572754	5.00000000000001	1.48	1237	61.5584415584415	0.2	0.00327616725116969	0.19672383274883	9.06561441238849E-05	36.1383917530475	0.2	0.200317041482776	0.19672383274883
677.853999137878	5.00000000000001	1.483	1237	61.5584415584415	0.2	0.00294951191172005	0.19705048808828	9.08066765383779E-05	32.4812230130842	0.2	0.200317041482776	0.19705048808828
678.345999240875	5.00000000000001	1.485	1237	61.5584415584415	0.2	0.00425613326951862	0.195743866730481	9.02045468804062E-05	47.1831345171706	0.2	0.200317041482776	0.195743866730481
678.835999488831	5.00000000000001	1.487	1236	61.2987012987013	0.2	0.00392947793006898	0.196070522069931	9.03550792948991E-05	43.489286498704	0.2	0.200970352161676	0.196070522069931
679.331998825073	5.00000000000001	1.488	1236	61.2987012987013	0.2	0.0026228565722704	0.19737714342773	9.09572089528708E-05	28.8361593596108	0.2	0.200643696822226	0.19737714342773
679.840999126434	5.00000000000001	1.49	1236	61.2987012987013	0.2	0.00327616725116969	0.19672383274883	9.06561441238849E-05	36.1383917530475	0.2	0.200317041482776	0.19672383274883
680.333999156952	5.00000000000001	1.49	1236	61.2987012987013	0.2	0.00327616725116969	0.19672383274883	9.06561441238849E-05	36.1383917530475	0.2	0.200643696822226	0.19672383274883
680.831998825073	5.00000000000001	1.492	1236	61.2987012987013	0.2	0.00360282259061934	0.196397177409381	9.0505611709392E-05	39.8077259804373	0.2	0.200643696822226	0.196397177409381
681.341999053955	5.00000000000001	1.492	1236	61.2987012987013	0.2	0.00294951191172005	0.19705048808828	9.08066765383779E-05	32.4812230130842	0.2	0.199990386143327	0.19705048808828
681.833999156952	5.00000000000001	1.494	1235	61.038961038961	0.2	0.00392947793006898	0.196070522069931	9.03550792948991E-05	43.489286498704	0.2	0.200643696822226	0.196070522069931
682.347999572754	5.00000000000001	1.494	1235	61.038961038961	0.2	0.00425613326951862	0.195743866730481	9.02045468804062E-05	47.1831345171706	0.2	0.200643696822226	0.195743866730481
682.842999458313	5.00000000000001	1.495	1235	61.038961038961	0.2	0.00425613326951862	0.195743866730481	9.02045468804062E-05	47.1831345171706	0.2	0.200643696822226	0.195743866730481
683.332999706268	5.00000000000001	1.496	1235	61.038961038961	0.2	0.00360282259061934	0.196397177409381	9.0505611709392E-05	39.8077259804373	0.2	0.200317041482776	0.196397177409381
683.839999198914	5.00000000000001	1.497	1234	60.7792207792208	0.2	0.00294951191172005	0.19705048808828	9.08066765383779E-05	32.4812230130842	0.2	0.200643696822226	0.19705048808828
684.340999126434	5.00000000000001	1.497	1234	60.7792207792208	0.2	0.00360282259061934	0.196397177409381	9.0505611709392E-05	39.8077259804373	0.2	0.200643696822226	0.196397177409381
684.825999259949	4.90000000000001	1.498	1235	61.038961038961	0.2	0.00327616725116969	0.19672383274883	9.06561441238849E-05	36.1383917530475	0.2	0.200970352161676	0.19672383274883
685.338999271393	4.90000000000001	1.453	1235	61.038961038961	0.2	0.00392947793006898	0.196070522069931	9.03550792948991E-05	43.489286498704	0.2	0.200970352161676	0.196070522069931
685.827999591827	4.90000000000001	1.455	1235	61.038961038961	0.2	0.00327616725116969	0.19672383274883	9.06561441238849E-05	36.1383917530475	0.2	0.201297007501125	0.19672383274883
686.336998939514	4.90000000000001	1.458	1235	61.038961038961	0.2	0.00360282259061934	0.196397177409381	9.0505611709392E-05	39.8077259804373	0.2	0.200317041482776	0.196397177409381
686.834000110626	4.90000000000001	1.459	1234	60.7792207792208	0.2	0.00294951191172005	0.19705048808828	9.08066765383779E-05	32.4812230130842	0.2	0.200643696822226	0.19705048808828
687.325999259949	4.90000000000001	1.461	1235	61.038961038961	0.2	0.00360282259061934	0.196397177409381	9.0505611709392E-05	39.8077259804373	0.2	0.200317041482776	0.196397177409381
687.841999053955	4.90000000000001	1.462	1235	61.038961038961	0.2	0.00392947793006898	0.196070522069931	9.03550792948991E-05	43.489286498704	0.2	0.200643696822226	0.196070522069931
688.332999229431	4.90000000000001	1.464	1234	60.7792207792208	0.2	0.00360282259061934	0.196397177409381	9.0505611709392E-05	39.8077259804373	0.2	0.200643696822226	0.196397177409381
688.840999603271	4.90000000000001	1.464	1234	60.7792207792208	0.2	0.00327616725116969	0.19672383274883	9.06561441238849E-05	36.1383917530475	0.2	0.200970352161676	0.19672383274883
689.344999313354	4.90000000000001	1.466	1234	60.7792207792208	0.2	0.00425613326951862	0.195743866730481	9.02045468804062E-05	47.1831345171706	0.2	0.199990386143327	0.195743866730481
689.830999851227	4.90000000000001	1.467	1234	60.7792207792208	0.2	0.00458278860896827	0.195417211391032	9.00540144659133E-05	50.8893316544253	0.2	0.200970352161676	0.195417211391032
690.336999416351	4.90000000000001	1.468	1234	60.7792207792208	0.2	0.00327616725116969	0.19672383274883	9.06561441238849E-05	36.1383917530475	0.2	0.200643696822226	0.19672383274883
690.826999664307	4.90000000000001	1.469	1234	60.7792207792208	0.2	0.00425613326951862	0.195743866730481	9.02045468804062E-05	47.1831345171706	0.2	0.200643696822226	0.195743866730481
691.336999893188	4.90000000000001	1.47	1234	60.7792207792208	0.2	0.00294951191172005	0.19705048808828	9.08066765383779E-05	32.4812230130842	0.2	0.200317041482776	0.19705048808828
691.841999530792	4.90000000000001	1.471	1234	60.7792207792208	0.2	0.00425613326951862	0.195743866730481	9.02045468804062E-05	47.1831345171706	0.2	0.200643696822226	0.195743866730481
692.329999446869	4.90000000000001	1.471	1233	60.5194805194805	0.2	0.00392947793006898	0.196070522069931	9.03550792948991E-05	43.489286498704	0.2	0.201297007501125	0.196070522069931
692.836999893188	4.80000000000001	1.472	1233	60.5194805194805	0.2	0.00360282259061934	0.196397177409381	9.0505611709392E-05	39.8077259804373	0.2	0.200643696822226	0.196397177409381
693.33199930191	4.80000000000001	1.426	1233	60.5194805194805	0.2	0.00392947793006898	0.196070522069931	9.03550792948991E-05	43.489286498704	0.2	0.201297007501125	0.196070522069931
693.824999332428	4.80000000000001	1.429	1232	60.2597402597403	0.2	0.00425613326951862	0.195743866730481	9.02045468804062E-05	47.1831345171706	0.2	0.200970352161676	0.195743866730481
694.331999778748	4.80000000000001	1.432	1232	60.2597402597403	0.2	0.00425613326951862	0.195743866730481	9.02045468804062E-05	47.1831345171706	0.2	0.200317041482776	0.195743866730481
694.836998939514	4.80000000000001	1.433	1232	60.2597402597403	0.2	0.00392947793006898	0.196070522069931	9.03550792948991E-05	43.489286498704	0.2	0.200643696822226	0.196070522069931
695.330999851227	4.80000000000001	1.435	1232	60.2597402597403	0.2	0.00327616725116969	0.19672383274883	9.06561441238849E-05	36.1383917530475	0.2	0.200643696822226	0.19672383274883
695.850999832153	4.80000000000001	1.436	1232	60.2597402597403	0.2	0.00425613326951862	0.195743866730481	9.02045468804062E-05	47.1831345171706	0.2	0.200643696822226	0.195743866730481
696.335999488831	4.80000000000001	1.438	1232	60.2597402597403	0.2	0.00425613326951862	0.195743866730481	9.02045468804062E-05	47.1831345171706	0.2	0.200643696822226	0.195743866730481
696.826999664307	4.80000000000001	1.439	1232	60.2597402597403	0.2	0.00458278860896827	0.195417211391032	9.00540144659133E-05	50.8893316544253	0.2	0.201297007501125	0.195417211391032
697.348999500275	4.80000000000001	1.44	1232	60.2597402597403	0.2	0.00392947793006898	0.196070522069931	9.03550792948991E-05	43.489286498704	0.2	0.200643696822226	0.196070522069931
697.837998867035	4.80000000000001	1.441	1232	60.2597402597403	0.2	0.00294951191172005	0.19705048808828	9.08066765383779E-05	32.4812230130842	0.2	0.200643696822226	0.19705048808828
698.344999790192	4.80000000000001	1.442	1232	60.2597402597403	0.2	0.00425613326951862	0.195743866730481	9.02045468804062E-05	47.1831345171706	0.2	0.199663730803877	0.195743866730481
698.835999965668	4.80000000000001	1.443	1233	60.5194805194805	0.2	0.00327616725116969	0.19672383274883	9.06561441238849E-05	36.1383917530475	0.2	0.200643696822226	0.19672383274883
699.33099937439	4.80000000000001	1.444	1233	60.5194805194805	0.2	0.00458278860896827	0.195417211391032	9.00540144659133E-05	50.8893316544253	0.2	0.199663730803877	0.195417211391032
699.845999240875	4.80000000000001	1.445	1232	60.2597402597403	0.2	0.00360282259061934	0.196397177409381	9.0505611709392E-05	39.8077259804373	0.2	0.200970352161676	0.196397177409381
700.324999332428	4.80000000000001	1.445	1232	60.2597402597403	0.2	0.00327616725116969	0.19672383274883	9.06561441238849E-05	36.1383917530475	0.2	0.200317041482776	0.19672383274883
700.829999446869	4.80000000000001	1.446	1232	60.2597402597403	0.2	0.00360282259061934	0.196397177409381	9.0505611709392E-05	39.8077259804373	0.2	0.199337075464427	0.196397177409381
701.335999011993	4.70000000000001	1.447	1232	60.2597402597403	0.2	0.00327616725116969	0.19672383274883	9.06561441238849E-05	36.1383917530475	0.2	0.201623662840575	0.19672383274883
701.825999259949	4.70000000000001	1.401	1232	60.2597402597403	0.2	0.00327616725116969	0.19672383274883	9.06561441238849E-05	36.1383917530475	0.2	0.199990386143327	0.19672383274883
702.343999385834	4.70000000000001	1.402	1232	60.2597402597403	0.2	0.00360282259061934	0.196397177409381	9.0505611709392E-05	39.8077259804373	0.2	0.199990386143327	0.196397177409381
702.833999633789	4.70000000000001	1.406	1231	59.9999999999999	0.2	0.00360282259061934	0.196397177409381	9.0505611709392E-05	39.8077259804373	0.2	0.200643696822226	0.196397177409381
703.337999343872	4.70000000000001	1.407	1231	59.9999999999999	0.2	0.00360282259061934	0.196397177409381	9.0505611709392E-05	39.8077259804373	0.2	0.200317041482776	0.196397177409381
703.825999259949	4.70000000000001	1.409	1231	59.9999999999999	0.2	0.00327616725116969	0.19672383274883	9.06561441238849E-05	36.1383917530475	0.2	0.199990386143327	0.19672383274883
704.339999675751	4.70000000000001	1.41	1231	59.9999999999999	0.2	0.00360282259061934	0.196397177409381	9.0505611709392E-05	39.8077259804373	0.2	0.200317041482776	0.196397177409381
704.836999416351	4.70000000000001	1.412	1231	59.9999999999999	0.2	0.00425613326951862	0.195743866730481	9.02045468804062E-05	47.1831345171706	0.2	0.200643696822226	0.195743866730481
705.327999591827	4.70000000000001	1.413	1230	59.7402597402597	0.2	0.00392947793006898	0.196070522069931	9.03550792948991E-05	43.489286498704	0.2	0.200970352161676	0.196070522069931
705.835999011993	4.70000000000001	1.414	1231	59.9999999999999	0.2	0.00425613326951862	0.195743866730481	9.02045468804062E-05	47.1831345171706	0.2	0.200643696822226	0.195743866730481
706.329999923706	4.70000000000001	1.415	1231	59.9999999999999	0.2	0.00458278860896827	0.195417211391032	9.00540144659133E-05	50.8893316544253	0.2	0.200643696822226	0.195417211391032
706.836999416351	4.70000000000001	1.416	1230	59.7402597402597	0.2	0.00425613326951862	0.195743866730481	9.02045468804062E-05	47.1831345171706	0.2	0.201623662840575	0.195743866730481
707.339999198914	4.70000000000001	1.417	1231	59.9999999999999	0.2	0.00425613326951862	0.195743866730481	9.02045468804062E-05	47.1831345171706	0.2	0.199337075464427	0.195743866730481
707.837999820709	4.70000000000001	1.418	1230	59.7402597402597	0.2	0.00490944394841791	0.195090556051582	8.99034820514203E-05	54.6079399417473	0.2	0.199990386143327	0.195090556051582
708.330999851227	4.70000000000001	1.418	1230	59.7402597402597	0.2	0.00458278860896827	0.195417211391032	9.00540144659133E-05	50.8893316544253	0.2	0.200643696822226	0.195417211391032
708.824999332428	4.70000000000001	1.42	1230	59.7402597402597	0.2	0.00490944394841791	0.195090556051582	8.99034820514203E-05	54.6079399417473	0.2	0.199990386143327	0.195090556051582
709.33499956131	4.70000000000001	1.42	1229	59.4805194805194	0.2	0.00458278860896827	0.195417211391032	9.00540144659133E-05	50.8893316544253	0.2	0.201623662840575	0.195417211391032
709.850999355316	4.60000000000001	1.42	1229	59.4805194805194	0.2	0.00490944394841791	0.195090556051582	8.99034820514203E-05	54.6079399417473	0.2	0.200643696822226	0.195090556051582
710.329998970032	4.60000000000001	1.375	1229	59.4805194805194	0.2	0.00490944394841791	0.195090556051582	8.99034820514203E-05	54.6079399417473	0.2	0.200970352161676	0.195090556051582
710.833999633789	4.60000000000001	1.377	1229	59.4805194805194	0.2	0.00458278860896827	0.195417211391032	9.00540144659133E-05	50.8893316544253	0.2	0.199990386143327	0.195417211391032
711.325999736786	4.60000000000001	1.38	1229	59.4805194805194	0.2	0.00392947793006898	0.196070522069931	9.03550792948991E-05	43.489286498704	0.2	0.200643696822226	0.196070522069931
711.824999809265	4.60000000000001	1.382	1229	59.4805194805194	0.2	0.0055627546273172	0.194437245372683	8.96024172224345E-05	62.0826401759663	0.2	0.201297007501125	0.194437245372683
712.341998577118	4.60000000000001	1.384	1229	59.4805194805194	0.2	0.00458278860896827	0.195417211391032	9.00540144659133E-05	50.8893316544253	0.2	0.200970352161676	0.195417211391032
712.824999332428	4.60000000000001	1.385	1229	59.4805194805194	0.2	0.00392947793006898	0.196070522069931	9.03550792948991E-05	43.489286498704	0.2	0.200317041482776	0.196070522069931
713.331999778748	4.60000000000001	1.387	1229	59.4805194805194	0.2	0.00523609928786756	0.194763900712132	8.97529496369274E-05	58.3390218265679	0.2	0.199990386143327	0.194763900712132
713.835999011993	4.60000000000001	1.387	1229	59.4805194805194	0.2	0.00523609928786756	0.194763900712132	8.97529496369274E-05	58.3390218265679	0.2	0.199663730803877	0.194763900712132
714.338998794556	4.60000000000001	1.389	1229	59.4805194805194	0.2	0.00458278860896827	0.195417211391032	9.00540144659133E-05	50.8893316544253	0.2	0.201297007501125	0.195417211391032
714.836999416351	4.60000000000001	1.39	1228	59.2207792207792	0.2	0.00490944394841791	0.195090556051582	8.99034820514203E-05	54.6079399417473	0.2	0.200317041482776	0.195090556051582
715.322999000549	4.60000000000001	1.391	1228	59.2207792207792	0.2	0.00523609928786756	0.194763900712132	8.97529496369274E-05	58.3390218265679	0.2	0.199663730803877	0.194763900712132
715.83199930191	4.60000000000001	1.391	1228	59.2207792207792	0.2	0.00458278860896827	0.195417211391032	9.00540144659133E-05	50.8893316544253	0.2	0.200970352161676	0.195417211391032
716.33199930191	4.60000000000001	1.392	1228	59.2207792207792	0.2	0.00360282259061934	0.196397177409381	9.0505611709392E-05	39.8077259804373	0.2	0.200643696822226	0.196397177409381
716.836999893188	4.60000000000001	1.393	1228	59.2207792207792	0.2	0.00490944394841791	0.195090556051582	8.99034820514203E-05	54.6079399417473	0.2	0.200970352161676	0.195090556051582
717.336999416351	4.60000000000001	1.394	1228	59.2207792207792	0.2	0.00523609928786756	0.194763900712132	8.97529496369274E-05	58.3390218265679	0.2	0.200317041482776	0.194763900712132
717.833999633789	4.60000000000001	1.395	1228	59.2207792207792	0.2	0.00490944394841791	0.195090556051582	8.99034820514203E-05	54.6079399417473	0.2	0.200317041482776	0.195090556051582
718.332999229431	4.50000000000001	1.347	1228	59.2207792207792	0.2	0.0055627546273172	0.194437245372683	8.96024172224345E-05	62.0826401759663	0.2	0.200317041482776	0.194437245372683
718.824999332428	4.50000000000001	1.349	1227	58.9610389610389	0.2	0.00458278860896827	0.195417211391032	9.00540144659133E-05	50.8893316544253	0.2	0.200643696822226	0.195417211391032
719.352999687195	4.50000000000001	1.353	1228	59.2207792207792	0.2	0.00490944394841791	0.195090556051582	8.99034820514203E-05	54.6079399417473	0.2	0.200317041482776	0.195090556051582
719.838999271393	4.50000000000001	1.354	1227	58.9610389610389	0.2	0.00523609928786756	0.194763900712132	8.97529496369274E-05	58.3390218265679	0.2	0.200970352161676	0.194763900712132
720.345998764038	4.50000000000001	1.356	1227	58.9610389610389	0.2	0.0055627546273172	0.194437245372683	8.96024172224345E-05	62.0826401759663	0.2	0.200643696822226	0.194437245372683
720.823999404907	4.50000000000001	1.358	1227	58.9610389610389	0.2	0.00490944394841791	0.195090556051582	8.99034820514203E-05	54.6079399417473	0.2	0.200317041482776	0.195090556051582
721.328999996185	4.50000000000001	1.359	1227	58.9610389610389	0.2	0.00490944394841791	0.195090556051582	8.99034820514203E-05	54.6079399417473	0.2	0.200643696822226	0.195090556051582
721.844999790192	4.50000000000001	1.361	1227	58.9610389610389	0.2	0.00458278860896827	0.195417211391032	9.00540144659133E-05	50.8893316544253	0.2	0.200643696822226	0.195417211391032
722.336999416351	4.50000000000001	1.361	1227	58.9610389610389	0.2	0.00458278860896827	0.195417211391032	9.00540144659133E-05	50.8893316544253	0.2	0.200970352161676	0.195417211391032
722.823999404907	4.50000000000001	1.363	1227	58.9610389610389	0.2	0.00588940996676685	0.194110590033233	8.94518848079415E-05	65.8388582802001	0.2	0.200317041482776	0.194110590033233
723.342999458313	4.50000000000001	1.364	1227	58.9610389610389	0.2	0.0055627546273172	0.194437245372683	8.96024172224345E-05	62.0826401759663	0.2	0.200643696822226	0.194437245372683
723.824998855591	4.50000000000001	1.365	1227	58.9610389610389	0.2	0.00523609928786756	0.194763900712132	8.97529496369274E-05	58.3390218265679	0.2	0.199990386143327	0.194763900712132
724.333999156952	4.50000000000001	1.366	1227	58.9610389610389	0.2	0.00523609928786756	0.194763900712132	8.97529496369274E-05	58.3390218265679	0.2	0.201297007501125	0.194763900712132
724.835999965668	4.50000000000001	1.366	1227	58.9610389610389	0.2	0.0055627546273172	0.194437245372683	8.96024172224345E-05	62.0826401759663	0.2	0.200970352161676	0.194437245372683
725.334999084473	4.50000000000001	1.367	1226	58.7012987012987	0.2	0.00490944394841791	0.195090556051582	8.99034820514203E-05	54.6079399417473	0.2	0.200643696822226	0.195090556051582
725.820999145508	4.50000000000001	1.368	1226	58.7012987012987	0.2	0.0055627546273172	0.194437245372683	8.96024172224345E-05	62.0826401759663	0.2	0.199990386143327	0.194437245372683
726.336999416351	4.40000000000001	1.369	1225	58.4415584415584	0.2	0.0055627546273172	0.194437245372683	8.96024172224345E-05	62.0826401759663	0.2	0.200317041482776	0.194437245372683
726.829999446869	4.40000000000001	1.322	1225	58.4415584415584	0.2	0.00490944394841791	0.195090556051582	8.99034820514203E-05	54.6079399417473	0.2	0.200970352161676	0.195090556051582
727.326999187469	4.40000000000001	1.325	1225	58.4415584415584	0.2	0.00588940996676685	0.194110590033233	8.94518848079415E-05	65.8388582802001	0.2	0.199990386143327	0.194110590033233
727.823999404907	4.40000000000001	1.328	1225	58.4415584415584	0.2	0.00588940996676685	0.194110590033233	8.94518848079415E-05	65.8388582802001	0.2	0.200317041482776	0.194110590033233
728.338999271393	4.40000000000001	1.329	1225	58.4415584415584	0.2	0.00621606530621649	0.193783934693784	8.93013523934486E-05	69.6077398562725	0.2	0.200317041482776	0.193783934693784
728.827999591827	4.40000000000001	1.331	1225	58.4415584415584	0.2	0.00588940996676685	0.194110590033233	8.94518848079415E-05	65.8388582802001	0.2	0.200643696822226	0.194110590033233
729.339999675751	4.40000000000001	1.333	1224	58.1818181818182	0.2	0.00654272064566613	0.193457279354334	8.91508199789557E-05	73.3893490515349	0.2	0.200643696822226	0.193457279354334
729.836999416351	4.40000000000001	1.334	1224	58.1818181818182	0.2	0.00654272064566613	0.193457279354334	8.91508199789557E-05	73.3893490515349	0.2	0.200970352161676	0.193457279354334
730.330999851227	4.40000000000001	1.335	1224	58.1818181818182	0.2	0.00621606530621649	0.193783934693784	8.93013523934486E-05	69.6077398562725	0.2	0.200317041482776	0.193783934693784
730.836999416351	4.40000000000001	1.336	1223	57.9220779220779	0.2	0.00654272064566613	0.193457279354334	8.91508199789557E-05	73.3893490515349	0.2	0.200643696822226	0.193457279354334
731.322999477386	4.40000000000001	1.337	1223	57.9220779220779	0.2	0.00654272064566613	0.193457279354334	8.91508199789557E-05	73.3893490515349	0.2	0.200970352161676	0.193457279354334
731.83499956131	4.40000000000001	1.339	1223	57.9220779220779	0.2	0.00686937598511578	0.193130624014884	8.90002875644628E-05	77.1837504473263	0.2	0.199990386143327	0.193130624014884
732.331999778748	4.40000000000001	1.339	1223	57.9220779220779	0.2	0.00719603132456542	0.192803968675435	8.88497551499699E-05	80.9910090626498	0.2	0.200317041482776	0.192803968675435
732.836999416351	4.40000000000001	1.341	1223	57.9220779220779	0.2	0.00686937598511578	0.193130624014884	8.90002875644628E-05	77.1837504473263	0.2	0.200317041482776	0.193130624014884
733.336999893188	4.40000000000001	1.341	1222	57.6623376623377	0.2	0.00719603132456542	0.192803968675435	8.88497551499699E-05	80.9910090626498	0.2	0.200317041482776	0.192803968675435
733.843999385834	4.40000000000001	1.342	1222	57.6623376623377	0.2	0.00752268666401507	0.192477313335985	8.86992227354769E-05	84.811190357886	0.2	0.200970352161676	0.192477313335985
734.324999809265	4.40000000000001	1.342	1221	57.4025974025973	0.2	0.00719603132456542	0.192803968675435	8.88497551499699E-05	80.9910090626498	0.2	0.200970352161676	0.192803968675435
734.848999500275	4.30000000000001	1.343	1220	57.1428571428571	0.2	0.00784934200346471	0.192150657996535	8.8548690320984E-05	88.6443602385455	0.2	0.200317041482776	0.192150657996535
735.325999736786	4.30000000000001	1.297	1220	57.1428571428571	0.2	0.00719603132456542	0.192803968675435	8.88497551499699E-05	80.9910090626498	0.2	0.200317041482776	0.192803968675435
735.841999530792	4.30000000000001	1.299	1220	57.1428571428571	0.2	0.00784934200346471	0.192150657996535	8.8548690320984E-05	88.6443602385455	0.2	0.199663730803877	0.192150657996535
736.346999168396	4.30000000000001	1.302	1220	57.1428571428571	0.2	0.00784934200346471	0.192150657996535	8.8548690320984E-05	88.6443602385455	0.2	0.200643696822226	0.192150657996535
736.83099937439	4.30000000000001	1.304	1219	56.8831168831168	0.2	0.00915596336126329	0.190844036638737	8.79465606630123E-05	104.108259518487	0.2	0.200643696822226	0.190844036638737
737.345999717712	4.30000000000001	1.306	1219	56.8831168831168	0.2	0.00882930802181364	0.191170691978186	8.80970930775052E-05	100.222467204972	0.2	0.201297007501125	0.191170691978186
737.83199930191	4.30000000000001	1.307	1219	56.8831168831168	0.2	0.008502652682364	0.191497347317636	8.82476254919982E-05	96.349931626602	0.2	0.200643696822226	0.191497347317636
738.339999675751	4.30000000000001	1.309	1218	56.6233766233766	0.2	0.00817599734291435	0.191824002657086	8.83981579064911E-05	92.490585059058	0.2	0.200970352161676	0.191824002657086
738.851998806	4.30000000000001	1.31	1218	56.6233766233766	0.2	0.008502652682364	0.191497347317636	8.82476254919982E-05	96.349931626602	0.2	0.201297007501125	0.191497347317636
739.338999271393	4.30000000000001	1.311	1218	56.6233766233766	0.2	0.00817599734291435	0.191824002657086	8.83981579064911E-05	92.490585059058	0.2	0.200317041482776	0.191824002657086
739.837999820709	4.30000000000001	1.312	1218	56.6233766233766	0.2	0.00882930802181364	0.191170691978186	8.80970930775052E-05	100.222467204972	0.2	0.200317041482776	0.191170691978186
740.331999778748	4.30000000000001	1.313	1218	56.6233766233766	0.2	0.00882930802181364	0.191170691978186	8.80970930775052E-05	100.222467204972	0.2	0.200643696822226	0.191170691978186
740.842998981476	4.30000000000001	1.314	1217	56.3636363636363	0.2	0.00948261870071293	0.190517381299287	8.77960282485194E-05	108.007376755939	0.2	0.200970352161676	0.190517381299287
741.33099937439	4.30000000000001	1.315	1217	56.3636363636363	0.2	0.00882930802181364	0.191170691978186	8.80970930775052E-05	100.222467204972	0.2	0.200317041482776	0.191170691978186
741.824999332428	4.30000000000001	1.315	1218	56.6233766233766	0.2	0.00948261870071293	0.190517381299287	8.77960282485194E-05	108.007376755939	0.2	0.199990386143327	0.190517381299287
742.348999023438	4.30000000000001	1.317	1217	56.3636363636363	0.2	0.008502652682364	0.191497347317636	8.82476254919982E-05	96.349931626602	0.2	0.200643696822226	0.191497347317636
742.832999706268	4.30000000000001	1.317	1218	56.6233766233766	0.2	0.00980927404016257	0.190190725959837	8.76454958340265E-05	111.91988757458	0.2	0.200643696822226	0.190190725959837
743.33499956131	4.20000000000001	1.269	1218	56.6233766233766	0.2	0.00980927404016257	0.190190725959837	8.76454958340265E-05	111.91988757458	0.2	0.200317041482776	0.190190725959837
743.825999736786	4.20000000000001	1.271	1217	56.3636363636363	0.2	0.0107892400585115	0.189210759941489	8.71938985905477E-05	123.738475201992	0.2	0.200317041482776	0.189210759941489
744.334999084473	4.20000000000001	1.275	1217	56.3636363636363	0.2	0.0104625847190619	0.189537415280938	8.73444310050406E-05	119.785366950963	0.2	0.200970352161676	0.189537415280938
744.839999198914	4.20000000000001	1.276	1218	56.6233766233766	0.2	0.00980927404016257	0.190190725959837	8.76454958340265E-05	111.91988757458	0.2	0.200317041482776	0.190190725959837
745.346999645233	4.20000000000001	1.278	1218	56.6233766233766	0.2	0.0111158953979612	0.188884104602039	8.70433661760548E-05	127.705256429054	0.2	0.200317041482776	0.188884104602039
745.821999549866	4.20000000000001	1.28	1218	56.6233766233766	0.2	0.0101359293796122	0.189864070620388	8.74949634195335E-05	115.845861104153	0.2	0.200970352161676	0.189864070620388
746.342999458313	4.20000000000001	1.281	1218	56.6233766233766	0.2	0.0114425507374108	0.188557449262589	8.68928337615618E-05	131.685781692996	0.2	0.200317041482776	0.188557449262589
746.833999633789	4.20000000000001	1.283	1218	56.6233766233766	0.2	0.0111158953979612	0.188884104602039	8.70433661760548E-05	127.705256429054	0.2	0.200970352161676	0.188884104602039
747.331999778748	4.20000000000001	1.283	1217	56.3636363636363	0.2	0.0124225167557597	0.18757748324424	8.64412365180831E-05	143.710539739456	0.2	0.199990386143327	0.18757748324424
747.842998981476	4.20000000000001	1.285	1217	56.3636363636363	0.2	0.0114425507374108	0.188557449262589	8.68928337615618E-05	131.685781692996	0.2	0.200970352161676	0.188557449262589
748.324999332428	4.20000000000001	1.286	1217	56.3636363636363	0.2	0.0117692060768604	0.18823079392314	8.67423013470689E-05	135.680122547938	0.2	0.201623662840575	0.18823079392314
748.845999240875	4.20000000000001	1.287	1217	56.3636363636363	0.2	0.0120958614163101	0.18790413858369	8.6591768932576E-05	139.688351045565	0.2	0.201297007501125	0.18790413858369
749.330999851227	4.20000000000001	1.288	1216	56.1038961038961	0.2	0.0120958614163101	0.18790413858369	8.6591768932576E-05	139.688351045565	0.2	0.200970352161676	0.18790413858369
749.836999416351	4.20000000000001	1.289	1216	56.1038961038961	0.2	0.0124225167557597	0.18757748324424	8.64412365180831E-05	143.710539739456	0.2	0.200970352161676	0.18757748324424
750.342999458313	4.20000000000001	1.289	1216	56.1038961038961	0.2	0.013075827434659	0.186924172565341	8.61401716890972E-05	151.797090466143	0.2	0.200970352161676	0.186924172565341
750.829999923706	4.20000000000001	1.29	1217	56.3636363636363	0.2	0.0140557934530079	0.185944206546992	8.56885744456185E-05	164.03346121633	0.2	0.200643696822226	0.185944206546992
751.341999053955	4.10000000000001	1.291	1216	56.1038961038961	0.2	0.0143824487924576	0.185617551207542	8.55380420311255E-05	168.140963376554	0.2	0.200643696822226	0.185617551207542
751.83199930191	4.10000000000001	1.244	1216	56.1038961038961	0.2	0.0143824487924576	0.185617551207542	8.55380420311255E-05	168.140963376554	0.2	0.200317041482776	0.185617551207542
752.329999446869	4.10000000000001	1.246	1216	56.1038961038961	0.2	0.0156890701502562	0.184310929849744	8.49359123731538E-05	184.716567019713	0.2	0.201297007501125	0.184310929849744
752.83899974823	4.10000000000001	1.25	1216	56.1038961038961	0.2	0.0150357594713569	0.184964240528643	8.52369772021397E-05	176.399491921206	0.2	0.201297007501125	0.184964240528643
753.329998970032	4.10000000000001	1.251	1216	56.1038961038961	0.2	0.0163423808291555	0.183657619170845	8.4634847544168E-05	193.092813461109	0.2	0.200643696822226	0.183657619170845
753.838999271393	4.10000000000001	1.253	1216	56.1038961038961	0.2	0.0153624148108065	0.184637585189193	8.50864447876468E-05	180.550672309168	0.2	0.200643696822226	0.184637585189193
754.337998867035	4.10000000000001	1.254	1216	56.1038961038961	0.2	0.0163423808291555	0.183657619170845	8.4634847544168E-05	193.092813461109	0.2	0.200317041482776	0.183657619170845
754.833999156952	4.10000000000001	1.256	1216	56.1038961038961	0.2	0.0163423808291555	0.183657619170845	8.4634847544168E-05	193.092813461109	0.2	0.200643696822226	0.183657619170845
755.329999923706	4.10000000000001	1.256	1216	56.1038961038961	0.2	0.0173223468475044	0.182677653152496	8.41832503006892E-05	205.769518112353	0.2	0.201297007501125	0.182677653152496
755.833999633789	4.10000000000001	1.258	1216	56.1038961038961	0.2	0.0166690361686051	0.183330963831395	8.44843151296751E-05	197.303323617168	0.2	0.200643696822226	0.183330963831395
756.339999675751	4.10000000000001	1.259	1216	56.1038961038961	0.2	0.017649002186954	0.182350997813046	8.40327178861963E-05	210.02536429746	0.2	0.200970352161676	0.182350997813046
756.849999427795	4.10000000000001	1.26	1216	56.1038961038961	0.2	0.0179756575264037	0.182024342473596	8.38821854717034E-05	214.296485306377	0.2	0.200643696822226	0.182024342473596
757.32799911499	4.10000000000001	1.261	1216	56.1038961038961	0.2	0.017649002186954	0.182350997813046	8.40327178861963E-05	210.02536429746	0.2	0.200970352161676	0.182350997813046
757.829998970032	4.10000000000001	1.262	1216	56.1038961038961	0.2	0.0196089342236519	0.180391065776348	8.31295233992388E-05	235.884116999899	0.2	0.200643696822226	0.180391065776348
758.33199930191	4.10000000000001	1.262	1216	56.1038961038961	0.2	0.0199355895631015	0.180064410436898	8.29789909847458E-05	240.248637956641	0.2	0.201623662840575	0.180064410436898
758.839999675751	4.10000000000001	1.263	1215	55.8441558441558	0.2	0.0199355895631015	0.180064410436898	8.29789909847458E-05	240.248637956641	0.2	0.200970352161676	0.180064410436898
759.333999156952	4.10000000000001	1.264	1215	55.8441558441558	0.2	0.0215688662603498	0.17843113373965	8.22263289122812E-05	262.310947669321	0.2	0.200643696822226	0.17843113373965
759.845999240875	4.00000000000001	1.264	1216	56.1038961038961	0.2	0.0209155555814505	0.17908444441855	8.25273937412671E-05	253.437733015333	0.2	0.200317041482776	0.17908444441855
760.333999633789	4.00000000000001	1.218	1216	56.1038961038961	0.2	0.0218955215997994	0.178104478400201	8.20757964977883E-05	266.771966086122	0.2	0.201623662840575	0.178104478400201
760.846999645233	4.00000000000001	1.22	1216	56.1038961038961	0.2	0.0225488322786987	0.177451167721301	8.17747316688025E-05	275.743274463121	0.2	0.201297007501125	0.177451167721301
761.326999187469	4.00000000000001	1.223	1216	56.1038961038961	0.2	0.0238554536364973	0.176144546363503	8.11726020108308E-05	293.885535827893	0.2	0.200643696822226	0.176144546363503
761.838999271393	4.00000000000001	1.224	1216	56.1038961038961	0.2	0.0241821089759469	0.175817891024053	8.10220695963378E-05	298.463234726356	0.2	0.200317041482776	0.175817891024053
762.332999706268	4.00000000000001	1.226	1215	55.8441558441558	0.2	0.0251620749942958	0.174837925005704	8.05704723528591E-05	312.29896337331	0.2	0.200317041482776	0.174837925005704
762.856999397278	4.00000000000001	1.227	1215	55.8441558441558	0.2	0.0258153856731951	0.174184614326805	8.02694075238732E-05	321.609271446501	0.2	0.199663730803877	0.174184614326805
763.344999313354	4.00000000000001	1.229	1215	55.8441558441558	0.2	0.0267953516915441	0.173204648308456	7.98178102803944E-05	335.706424385909	0.2	0.200970352161676	0.173204648308456
763.830999851227	4.00000000000001	1.23	1215	55.8441558441558	0.2	0.027775317709893	0.172224682290107	7.93662130369157E-05	349.964004166028	0.2	0.200643696822226	0.172224682290107
764.356999397278	4.00000000000001	1.231	1214	55.5844155844156	0.2	0.0287552837282419	0.171244716271758	7.89146157934369E-05	364.384764965597	0.2	0.200970352161676	0.171244716271758
764.83199930191	4.00000000000001	1.232	1215	55.8441558441558	0.2	0.0300619050860405	0.16993809491396	7.83124861354652E-05	383.87116243557	0.2	0.200970352161676	0.16993809491396
765.335999011993	4.00000000000001	1.233	1214	55.5844155844156	0.2	0.0313685264438391	0.168631473556161	7.77103564774935E-05	403.659536073857	0.2	0.200643696822226	0.168631473556161
765.832998752594	4.00000000000001	1.234	1214	55.5844155844156	0.2	0.032348492462188	0.167651507537812	7.72587592340147E-05	418.703235502466	0.2	0.200643696822226	0.167651507537812
766.328999519348	4.00000000000001	1.235	1214	55.5844155844156	0.2	0.0330018031410873	0.166998196858913	7.69576944050289E-05	428.830455436965	0.2	0.201297007501125	0.166998196858913
766.838999271393	4.00000000000001	1.236	1214	55.5844155844156	0.2	0.0343084244988859	0.165691575501114	7.63555647470572E-05	449.324480966636	0.2	0.200317041482776	0.165691575501114
767.335999965668	4.00000000000001	1.237	1214	55.5844155844156	0.2	0.0356150458566845	0.164384954143316	7.57534350890855E-05	470.144301902632	0.2	0.201297007501125	0.164384954143316
767.828999042511	4.00000000000001	1.237	1214	55.5844155844156	0.2	0.036921667214483	0.163078332785517	7.51513054311138E-05	491.29774928962	0.2	0.199990386143327	0.163078332785517
768.342000007629	3.90000000000001	1.188	1214	55.5844155844156	0.2	0.0382282885722816	0.161771711427718	7.45491757731421E-05	512.792907175966	0.2	0.200643696822226	0.161771711427718
768.828998565674	3.90000000000001	1.191	1214	55.5844155844156	0.2	0.0392082545906305	0.160791745409369	7.40975785296633E-05	529.143534359013	0.2	0.201297007501125	0.160791745409369
769.343999862671	3.90000000000001	1.194	1214	55.5844155844156	0.2	0.0405148759484291	0.159485124051571	7.34954488716917E-05	551.256935911229	0.2	0.199990386143327	0.159485124051571
769.86799955368	3.90000000000001	1.196	1214	55.5844155844156	0.2	0.0411681866273284	0.158831813372672	7.31943840427058E-05	562.450072717444	0.2	0.200970352161676	0.158831813372672
770.351998806	3.90000000000001	1.198	1214	55.5844155844156	0.2	0.0434547740034759	0.156545225996524	7.21406571412553E-05	602.361771093783	0.2	0.200970352161676	0.156545225996524
770.833999633789	3.90000000000001	1.2	1213	55.3246753246753	0.2	0.0450880507007241	0.154911949299276	7.13879950687907E-05	631.59149738379	0.2	0.200643696822226	0.154911949299276
771.335999011993	3.90000000000001	1.201	1213	55.3246753246753	0.2	0.0460680167190731	0.153931983280927	7.0936397825312E-05	649.427066095465	0.2	0.200643696822226	0.153931983280927
771.828000068665	3.90000000000001	1.202	1213	55.3246753246753	0.2	0.0477012934163213	0.152298706583679	7.01837357528473E-05	679.663071574044	0.2	0.201623662840575	0.152298706583679
772.330999851227	3.90000000000001	1.203	1213	55.3246753246753	0.2	0.0490079147741199	0.15099208522588	6.95816060948756E-05	704.322845139515	0.2	0.199663730803877	0.15099208522588
772.831999778748	3.90000000000001	1.205	1212	55.0649350649351	0.2	0.0509678468108177	0.149032153189182	6.86784116079181E-05	742.123261408415	0.2	0.200643696822226	0.149032153189182
773.337999820709	3.90000000000001	1.205	1213	55.3246753246753	0.2	0.0522744681686163	0.147725531831384	6.80762819499464E-05	767.880775378589	0.2	0.200643696822226	0.147725531831384
773.837998867035	3.90000000000001	1.207	1212	55.0649350649351	0.2	0.0555410215631127	0.144458978436887	6.65709578050172E-05	834.313090789372	0.2	0.199990386143327	0.144458978436887
774.32799911499	3.90000000000001	1.207	1212	55.0649350649351	0.2	0.0575009535998106	0.142499046400189	6.56677633180596E-05	875.634416255456	0.2	0.200643696822226	0.142499046400189
774.833999633789	3.90000000000001	1.209	1212	55.0649350649351	0.2	0.0601141963154078	0.139885803684592	6.44635040021162E-05	932.530696957371	0.2	0.200317041482776	0.139885803684592
775.337999343872	3.90000000000001	1.209	1212	55.0649350649351	0.2	0.0614208176732063	0.138579182326794	6.38613743441446E-05	961.783524141115	0.2	0.200643696822226	0.138579182326794
775.836999893188	3.90000000000001	1.21	1212	55.0649350649351	0.2	0.0640340603888035	0.135965939611197	6.26571150282012E-05	1021.97588190874	0.2	0.200970352161676	0.135965939611197
776.333999633789	3.80000000000001	1.21	1212	55.0649350649351	0.2	0.0669739584438503	0.13302604155615	6.13023232977649E-05	1092.5190896687	0.2	0.200317041482776	0.13302604155615
776.833999633789	3.80000000000001	1.164	1211	54.8051948051947	0.2	0.0702405118383467	0.129759488161653	5.97969991528356E-05	1174.64944451173	0.2	0.199990386143327	0.129759488161653
777.33099937439	3.80000000000001	1.166	1211	54.8051948051947	0.2	0.0715471331961453	0.128452866803855	5.91948694948639E-05	1208.67118732905	0.2	0.200643696822226	0.128452866803855
777.840999603271	3.80000000000001	1.169	1210	54.5454545454545	0.2	0.0738337205722928	0.126166279427707	5.81411425934135E-05	1269.90487766329	0.2	0.200970352161676	0.126166279427707
778.33499956131	3.80000000000001	1.17	1210	54.5454545454545	0.2	0.0757936526089907	0.124206347391009	5.72379481064559E-05	1324.1853545837	0.2	0.200643696822226	0.124206347391009
778.829998970032	3.80000000000001	1.172	1210	54.5454545454545	0.2	0.0777535846456885	0.122246415354311	5.63347536194984E-05	1380.20634954507	0.2	0.200970352161676	0.122246415354311
779.333999633789	3.80000000000001	1.173	1210	54.5454545454545	0.2	0.0793868613429368	0.120613138657063	5.55820915470338E-05	1428.28128869097	0.2	0.200643696822226	0.120613138657063
779.844999790192	3.80000000000001	1.175	1209	54.2857142857142	0.2	0.0823267593979836	0.117673240602016	5.42272998165974E-05	1518.17921372485	0.2	0.200643696822226	0.117673240602016
780.345999240875	3.80000000000001	1.176	1209	54.2857142857142	0.2	0.0839600360952318	0.116039963904768	5.34746377441328E-05	1570.09078765464	0.2	0.200970352161676	0.116039963904768
780.831999778748	3.80000000000001	1.177	1209	54.2857142857142	0.2	0.0865732788108289	0.113426721189171	5.22703784281894E-05	1656.25888723507	0.2	0.200643696822226	0.113426721189171
781.332999706268	3.80000000000001	1.178	1209	54.2857142857142	0.2	0.0878799001686275	0.112120099831372	5.16682487702177E-05	1700.84921127195	0.2	0.201297007501125	0.112120099831372
781.83099937439	3.80000000000001	1.179	1208	54.025974025974	0.2	0.091146453563124	0.108853546436876	5.01629246252885E-05	1817.0083631283	0.2	0.200643696822226	0.108853546436876
782.324999332428	3.80000000000001	1.18	1208	54.025974025974	0.2	0.0966995943337679	0.103300405666232	4.76038735789088E-05	2031.338776948	0.2	0.200317041482776	0.103300405666232
782.839999675751	3.80000000000001	1.181	1208	54.025974025974	0.2	0.0986595263704658	0.101340473629534	4.67006790919513E-05	2112.59297056923	0.2	0.200970352161676	0.101340473629534
783.328999519348	3.80000000000001	1.182	1207	53.7662337662337	0.2	0.0999661477282643	0.100033852271736	4.60985494339796E-05	2168.53130859208	0.2	0.200970352161676	0.100033852271736
783.837999343872	3.80000000000001	1.183	1206	53.5064935064935	0.2	0.10355935646221	0.0964406435377896	4.44426928745574E-05	2330.17735344062	0.2	0.200970352161676	0.0964406435377896
784.329999446869	3.80000000000001	1.183	1207	53.7662337662337	0.2	0.104865977820009	0.095134022179991	4.38405632165857E-05	2391.9851873695	0.2	0.201623662840575	0.095134022179991
784.850999355316	3.70000000000001	1.183	1206	53.5064935064935	0.2	0.105845943838358	0.0941540561616421	4.33889659731069E-05	2439.46684288265	0.2	0.199990386143327	0.0941540561616421
785.337999343872	3.70000000000001	1.136	1206	53.5064935064935	0.2	0.108785841893405	0.0912141581065953	4.20341742426706E-05	2588.03328133354	0.2	0.200643696822226	0.0912141581065953
785.848999500275	3.70000000000001	1.138	1206	53.5064935064935	0.2	0.110745773930103	0.0892542260698974	4.11309797557131E-05	2692.51485347173	0.2	0.199990386143327	0.0892542260698974
786.332999229431	3.70000000000001	1.141	1206	53.5064935064935	0.2	0.112052395287901	0.0879476047120988	4.05288500977414E-05	2764.75634067263	0.2	0.200317041482776	0.0879476047120988
786.832999706268	3.70000000000001	1.143	1205	53.2467532467532	0.2	0.1127057059668	0.0872942940331995	4.02277852687556E-05	2801.68806743477	0.2	0.200643696822226	0.0872942940331995
787.330998897552	3.70000000000001	1.145	1205	53.2467532467532	0.2	0.114665638003498	0.0853343619965017	3.9324590781798E-05	2915.87619156035	0.2	0.200317041482776	0.0853343619965017
787.853999614716	3.70000000000001	1.146	1206	53.5064935064935	0.2	0.115972259361297	0.0840277406387031	3.87224611238263E-05	2994.96096052474	0.2	0.200317041482776	0.0840277406387031
788.333000183105	3.70000000000001	1.148	1206	53.5064935064935	0.2	0.115645604021847	0.0843543959781528	3.88729935383192E-05	2974.96008142128	0.2	0.199663730803877	0.0843543959781528
788.838998794556	3.70000000000001	1.148	1206	53.5064935064935	0.2	0.116625570040196	0.0833744299598038	3.84213962948405E-05	3035.43289122623	0.2	0.200970352161676	0.0833744299598038
789.332999706268	3.70000000000001	1.15	1206	53.5064935064935	0.2	0.119892123434693	0.0801078765653074	3.69160721499112E-05	3247.69447160648	0.2	0.200643696822226	0.0801078765653074
789.83099937439	3.70000000000001	1.151	1206	53.5064935064935	0.2	0.12250536615029	0.0774946338497102	3.57118128339678E-05	3430.3877744836	0.2	0.200970352161676	0.0774946338497102
790.342998981476	3.70000000000001	1.152	1205	53.2467532467532	0.2	0.124465298186988	0.0755347018130124	3.48086183470103E-05	3575.70349234151	0.2	0.200643696822226	0.0755347018130124
790.832999229431	3.70000000000001	1.153	1206	53.5064935064935	0.2	0.126751885563135	0.0732481144368649	3.37548914455598E-05	3755.0671957444	0.2	0.200643696822226	0.0732481144368649
791.33899974823	3.70000000000001	1.154	1205	53.2467532467532	0.2	0.128058506920934	0.0719414930790663	3.31527617875881E-05	3862.67991009053	0.2	0.200643696822226	0.0719414930790663
791.837999343872	3.70000000000001	1.154	1205	53.2467532467532	0.2	0.129691783618182	0.0703082163818181	3.24000997151235E-05	4002.82050853211	0.2	0.200970352161676	0.0703082163818181
792.350999355316	3.70000000000001	1.155	1205	53.2467532467532	0.2	0.130998404975981	0.0690015950240195	3.17979700571518E-05	4119.70967770998	0.2	0.199990386143327	0.0690015950240195
792.823999404907	3.70000000000001	1.156	1205	53.2467532467532	0.2	0.132305026333779	0.0676949736662209	3.11958403991801E-05	4241.11114305022	0.2	0.200317041482776	0.0676949736662209
793.324999332428	3.60000000000001	1.107	1205	53.2467532467532	0.2	0.132631681673229	0.0673683183267713	3.10453079846872E-05	4272.19732330077	0.2	0.200317041482776	0.0673683183267713
793.825999736786	3.60000000000001	1.109	1205	53.2467532467532	0.2	0.133938303031027	0.0660616969689727	3.04431783267155E-05	4399.61628163802	0.2	0.200643696822226	0.0660616969689727
794.364999771118	3.60000000000001	1.113	1205	53.2467532467532	0.2	0.135244924388826	0.0647550756111741	2.98410486687438E-05	4532.17733364995	0.2	0.201297007501125	0.0647550756111741
794.842999458313	3.60000000000001	1.115	1205	53.2467532467532	0.2	0.135898235067725	0.0641017649322748	2.9539983839758E-05	4600.48440801173	0.2	0.200970352161676	0.0641017649322748
795.338998794556	3.60000000000001	1.116	1204	52.987012987013	0.2	0.137204856425524	0.0627951435744762	2.89378541817863E-05	4741.36249231229	0.2	0.200317041482776	0.0627951435744762
795.831999778748	3.60000000000001	1.118	1204	52.987012987013	0.2	0.137858167104423	0.062141832895577	2.86367893528004E-05	4814.02315762544	0.2	0.199990386143327	0.062141832895577
796.33499956131	3.60000000000001	1.119	1204	52.987012987013	0.2	0.139164788462222	0.0608352115377784	2.80346596948287E-05	4964.02631517913	0.2	0.200970352161676	0.0608352115377784
796.832999229431	3.60000000000001	1.121	1204	52.987012987013	0.2	0.14047140982002	0.0595285901799798	2.74325300368571E-05	5120.61445412762	0.2	0.200970352161676	0.0595285901799798
797.337999820709	3.60000000000001	1.122	1204	52.987012987013	0.2	0.14047140982002	0.0595285901799798	2.74325300368571E-05	5120.61445412762	0.2	0.200643696822226	0.0595285901799798
797.830998897552	3.60000000000001	1.123	1204	52.987012987013	0.2	0.141124720498919	0.0588752795010805	2.71314652078712E-05	5201.5148985753	0.2	0.201297007501125	0.0588752795010805
798.336999416351	3.60000000000001	1.124	1204	52.987012987013	0.2	0.141778031177819	0.0582219688221812	2.68304003788854E-05	5284.23091626294	0.2	0.200643696822226	0.0582219688221812
798.833999156952	3.60000000000001	1.125	1204	52.987012987013	0.2	0.142757997196168	0.0572420028038323	2.63788031354066E-05	5411.84512668631	0.2	0.200643696822226	0.0572420028038323
799.33099937439	3.60000000000001	1.126	1203	52.7272727272727	0.2	0.143084652535617	0.0569153474643826	2.62282707209137E-05	5455.35975505719	0.2	0.200643696822226	0.0569153474643826
799.829999923706	3.60000000000001	1.127	1203	52.7272727272727	0.2	0.144391273893416	0.0556087261065841	2.5626141062942E-05	5634.53051861252	0.2	0.201297007501125	0.0556087261065841
800.328999042511	3.60000000000001	1.128	1202	52.4675324675325	0.2	0.146024550590664	0.0539754494093359	2.48734789904774E-05	5870.69266211489	0.2	0.201297007501125	0.0539754494093359
800.846999645233	3.60000000000001	1.129	1203	52.7272727272727	0.2	0.146351205930114	0.0536487940698862	2.47229465759844E-05	5919.65061609111	0.2	0.201623662840575	0.0536487940698862
801.341999053955	3.50000000000001	1.129	1203	52.7272727272727	0.2	0.147984482627362	0.052015517372638	2.39702845035198E-05	6173.6640049321	0.2	0.200317041482776	0.052015517372638
801.838998794556	3.50000000000001	1.082	1202	52.4675324675325	0.2	0.148311137966812	0.0516888620331883	2.38197520890269E-05	6226.39301250892	0.2	0.200643696822226	0.0516888620331883
802.343999385834	3.50000000000001	1.084	1202	52.4675324675325	0.2	0.148637793306261	0.0513622066937387	2.3669219674534E-05	6279.79271603038	0.2	0.200970352161676	0.0513622066937387
802.824999809265	3.50000000000001	1.087	1202	52.4675324675325	0.2	0.151251036021858	0.0487489639781415	2.24649603585906E-05	6732.75330147735	0.2	0.200643696822226	0.0487489639781415
803.337999820709	3.50000000000001	1.088	1202	52.4675324675325	0.2	0.150924380682409	0.0490756193175912	2.26154927730835E-05	6673.4951210984	0.2	0.200317041482776	0.0490756193175912
803.845999240875	3.50000000000001	1.091	1202	52.4675324675325	0.2	0.151577691361308	0.0484223086386919	2.23144279440976E-05	6792.81098942093	0.2	0.200970352161676	0.0484223086386919
804.332999706268	3.50000000000001	1.092	1201	52.2077922077921	0.2	0.151577691361308	0.0484223086386919	2.23144279440976E-05	6792.81098942093	0.2	0.200970352161676	0.0484223086386919
804.83199930191	3.50000000000001	1.094	1201	52.2077922077921	0.2	0.153210968058556	0.0467890319414437	2.1561765871633E-05	7105.67812352155	0.2	0.199990386143327	0.0467890319414437
805.323999404907	3.50000000000001	1.094	1201	52.2077922077921	0.2	0.153210968058556	0.0467890319414437	2.1561765871633E-05	7105.67812352155	0.2	0.199990386143327	0.0467890319414437
805.844999313354	3.50000000000001	1.096	1201	52.2077922077921	0.2	0.153537623398006	0.046462376601994	2.14112334571401E-05	7170.89109814012	0.2	0.200970352161676	0.046462376601994
806.339999675751	3.50000000000001	1.097	1201	52.2077922077921	0.2	0.155170900095254	0.0448290999047458	2.06585713846755E-05	7511.21155504295	0.2	0.201623662840575	0.0448290999047458
806.827999591827	3.50000000000001	1.098	1201	52.2077922077921	0.2	0.155824210774153	0.0441757892258465	2.03575065556896E-05	7654.38588207664	0.2	0.200317041482776	0.0441757892258465
807.323999881744	3.50000000000001	1.099	1200	51.9480519480519	0.2	0.156477521453053	0.0435224785469472	2.00564417267038E-05	7801.85855423764	0.2	0.200643696822226	0.0435224785469472
807.829999446869	3.50000000000001	1.1	1200	51.9480519480519	0.2	0.155824210774153	0.0441757892258465	2.03575065556896E-05	7654.38588207664	0.2	0.200970352161676	0.0441757892258465
808.329999923706	3.50000000000001	1.1	1200	51.9480519480519	0.2	0.156804176792502	0.0431958232074976	1.99059093122109E-05	7877.26771649231	0.2	0.201297007501125	0.0431958232074976
808.854998588562	3.50000000000001	1.101	1200	51.9480519480519	0.2	0.157784142810851	0.0422158571891487	1.94543120687321E-05	8110.49716142107	0.2	0.199990386143327	0.0422158571891487
809.33099937439	3.50000000000001	1.102	1200	51.9480519480519	0.2	0.158110798150301	0.041889201849699	1.93037796542392E-05	8190.66529883329	0.2	0.200970352161676	0.041889201849699
809.85599899292	3.40000000000001	1.102	1200	51.9480519480519	0.2	0.157130832131952	0.042869167868048	1.9755376897718E-05	7953.826087221	0.2	0.200643696822226	0.042869167868048
810.333999156952	3.40000000000001	1.055	1200	51.9480519480519	0.2	0.158437453489751	0.0415625465102494	1.91532472397463E-05	8272.09357799997	0.2	0.200317041482776	0.0415625465102494
810.828999996185	3.40000000000001	1.057	1200	51.9480519480519	0.2	0.1587641088292	0.0412358911707997	1.90027148252533E-05	8354.81194603907	0.2	0.201297007501125	0.0412358911707997
811.329999446869	3.40000000000001	1.06	1200	51.9480519480519	0.2	0.1587641088292	0.0412358911707997	1.90027148252533E-05	8354.81194603907	0.2	0.199990386143327	0.0412358911707997
811.840999603271	3.40000000000001	1.061	1200	51.9480519480519	0.2	0.1594174195081	0.0405825804919004	1.87016499962675E-05	8524.24355818425	0.2	0.199990386143327	0.0405825804919004
812.340998649597	3.40000000000001	1.064	1200	51.9480519480519	0.2	0.160070730186999	0.0399292698130012	1.84005851672816E-05	8699.21954827953	0.2	0.200970352161676	0.0399292698130012
812.829999923706	3.40000000000001	1.065	1199	51.6883116883117	0.2	0.160397385526448	0.0396026144735515	1.82500527527887E-05	8788.87243226948	0.2	0.199990386143327	0.0396026144735515
813.33099937439	3.40000000000001	1.066	1199	51.6883116883117	0.2	0.160724040865898	0.0392759591341019	1.80995203382958E-05	8880.0165894911	0.2	0.200643696822226	0.0392759591341019
813.832999229431	3.40000000000001	1.067	1199	51.6883116883117	0.2	0.162683972902596	0.037316027097404	1.71963258513383E-05	9460.39138296136	0.2	0.200317041482776	0.037316027097404
814.33099937439	3.40000000000001	1.069	1198	51.4285714285715	0.2	0.162030662223697	0.0379693377763033	1.74973906803241E-05	9260.27572819192	0.2	0.200643696822226	0.0379693377763033
814.83499956131	3.40000000000001	1.069	1198	51.4285714285715	0.2	0.161704006884247	0.0382959931157529	1.7647923094817E-05	9162.77830628906	0.2	0.200643696822226	0.0382959931157529
815.331999778748	3.40000000000001	1.071	1198	51.4285714285715	0.2	0.162683972902596	0.037316027097404	1.71963258513383E-05	9460.39138296136	0.2	0.201297007501125	0.037316027097404
815.829999446869	3.40000000000001	1.071	1198	51.4285714285715	0.2	0.163337283581495	0.0366627164185047	1.68952610223524E-05	9667.63895304135	0.2	0.200643696822226	0.0366627164185047
816.328999042511	3.40000000000001	1.072	1197	51.1688311688312	0.2	0.163337283581495	0.0366627164185047	1.68952610223524E-05	9667.63895304135	0.2	0.200317041482776	0.0366627164185047
816.870999336243	3.40000000000001	1.073	1197	51.1688311688312	0.2	0.163990594260395	0.0360094057396054	1.65941961933666E-05	9882.40661671512	0.2	0.200317041482776	0.0360094057396054
817.336999416351	3.40000000000001	1.074	1197	51.1688311688312	0.2	0.164643904939294	0.0353560950607061	1.62931313643807E-05	10105.1112433323	0.2	0.200970352161676	0.0353560950607061
817.825999736786	3.40000000000001	1.075	1197	51.1688311688312	0.2	0.163663938920945	0.0363360610790551	1.67447286078595E-05	9774.05742151748	0.2	0.199990386143327	0.0363360610790551
818.327999591827	3.30000000000001	1.075	1197	51.1688311688312	0.2	0.164970560278744	0.0350294397212565	1.61425989498878E-05	10219.5786930512	0.2	0.201623662840575	0.0350294397212565
818.82799911499	3.30000000000001	1.028	1197	51.1688311688312	0.2	0.164317249599844	0.0356827504001558	1.64436637788736E-05	9992.73956275818	0.2	0.200970352161676	0.0356827504001558
819.343999385834	3.30000000000001	1.029	1197	51.1688311688312	0.2	0.164970560278744	0.0350294397212565	1.61425989498878E-05	10219.5786930512	0.2	0.201623662840575	0.0350294397212565
819.858000278473	3.30000000000001	1.033	1197	51.1688311688312	0.2	0.165297215618193	0.0347027843818069	1.59920665353949E-05	10336.2010939827	0.2	0.200317041482776	0.0347027843818069
820.326999664307	3.30000000000001	1.034	1197	51.1688311688312	0.2	0.165623870957643	0.0343761290423572	1.58415341209019E-05	10455.039877679	0.2	0.200643696822226	0.0343761290423572
820.839999675751	3.30000000000001	1.036	1197	51.1688311688312	0.2	0.165623870957643	0.0343761290423572	1.58415341209019E-05	10455.039877679	0.2	0.201297007501125	0.0343761290423572
821.328999042511	3.30000000000001	1.037	1197	51.1688311688312	0.2	0.165623870957643	0.0343761290423572	1.58415341209019E-05	10455.039877679	0.2	0.199990386143327	0.0343761290423572
821.83199930191	3.30000000000001	1.039	1197	51.1688311688312	0.2	0.165950526297092	0.0340494737029076	1.5691001706409E-05	10576.1588330788	0.2	0.200643696822226	0.0340494737029076
822.337999820709	3.30000000000001	1.04	1197	51.1688311688312	0.2	0.165297215618193	0.0347027843818069	1.59920665353949E-05	10336.2010939827	0.2	0.201297007501125	0.0347027843818069
822.826999187469	3.30000000000001	1.041	1197	51.1688311688312	0.2	0.165950526297092	0.0340494737029076	1.5691001706409E-05	10576.1588330788	0.2	0.200317041482776	0.0340494737029076
823.335999488831	3.30000000000001	1.042	1197	51.1688311688312	0.2	0.165950526297092	0.0340494737029076	1.5691001706409E-05	10576.1588330788	0.2	0.200643696822226	0.0340494737029076
823.835999488831	3.30000000000001	1.043	1197	51.1688311688312	0.2	0.166603836975992	0.0333961630240083	1.53899368774232E-05	10825.5048934215	0.2	0.200317041482776	0.0333961630240083
824.328999519348	3.30000000000001	1.043	1196	50.909090909091	0.2	0.16823711367324	0.0317628863267601	1.46372748049586E-05	11493.7456538185	0.2	0.200643696822226	0.0317628863267601
824.820999622345	3.30000000000001	1.045	1196	50.909090909091	0.2	0.166930492315441	0.0330695076845586	1.52394044629302E-05	10953.8724247065	0.2	0.200643696822226	0.0330695076845586
825.337999343872	3.30000000000001	1.045	1196	50.909090909091	0.2	0.167257147654891	0.032742852345109	1.50888720484373E-05	11084.8012441204	0.2	0.200643696822226	0.032742852345109
825.831998825073	3.30000000000001	1.047	1196	50.909090909091	0.2	0.167583802994341	0.0324161970056593	1.49383396339444E-05	11218.3687813296	0.2	0.200643696822226	0.0324161970056593
826.333999156952	3.30000000000001	1.047	1195	50.6493506493507	0.2	0.16823711367324	0.0317628863267601	1.46372748049586E-05	11493.7456538185	0.2	0.200643696822226	0.0317628863267601
826.835999965668	3.20000000000001	0.997	1196	50.909090909091	0.2	0.16823711367324	0.0317628863267601	1.46372748049586E-05	11493.7456538185	0.2	0.200970352161676	0.0317628863267601
827.337999820709	3.20000000000001	0.999	1196	50.909090909091	0.2	0.16823711367324	0.0317628863267601	1.46372748049586E-05	11493.7456538185	0.2	0.200643696822226	0.0317628863267601
827.831999778748	3.20000000000001	1.003	1196	50.909090909091	0.2	0.16856376901269	0.0314362309873104	1.44867423904656E-05	11635.726270913	0.2	0.201297007501125	0.0314362309873104
828.37099981308	3.20000000000001	1.005	1195	50.6493506493507	0.2	0.169217079691589	0.0307829203084111	1.41856775614798E-05	11928.7273348921	0.2	0.200970352161676	0.0307829203084111
828.836999893188	3.20000000000001	1.007	1196	50.909090909091	0.2	0.169217079691589	0.0307829203084111	1.41856775614798E-05	11928.7273348921	0.2	0.200317041482776	0.0307829203084111
829.331999778748	3.20000000000001	1.009	1195	50.6493506493507	0.2	0.16856376901269	0.0314362309873104	1.44867423904656E-05	11635.726270913	0.2	0.199663730803877	0.0314362309873104
829.842999458313	3.20000000000001	1.01	1195	50.6493506493507	0.2	0.16856376901269	0.0314362309873104	1.44867423904656E-05	11635.726270913	0.2	0.200970352161676	0.0314362309873104
830.33099937439	3.20000000000001	1.011	1195	50.6493506493507	0.2	0.168890424352139	0.0311095756478608	1.43362099759727E-05	11780.6885247354	0.2	0.200643696822226	0.0311095756478608
830.844999790192	3.20000000000001	1.013	1195	50.6493506493507	0.2	0.169870390370488	0.0301296096295118	1.38846127324939E-05	12234.434884377	0.2	0.200643696822226	0.0301296096295118
831.333999156952	3.20000000000001	1.013	1195	50.6493506493507	0.2	0.170197045709938	0.0298029542900622	1.3734080318001E-05	12392.3147214207	0.2	0.201297007501125	0.0298029542900622
831.831999778748	3.20000000000001	1.014	1195	50.6493506493507	0.2	0.169870390370488	0.0301296096295118	1.38846127324939E-05	12234.434884377	0.2	0.200970352161676	0.0301296096295118
832.346999168396	3.20000000000001	1.015	1195	50.6493506493507	0.2	0.169543735031039	0.0304562649689615	1.40351451469869E-05	12079.9416931885	0.2	0.200643696822226	0.0304562649689615
832.837999343872	3.20000000000001	1.016	1195	50.6493506493507	0.2	0.170197045709938	0.0298029542900622	1.3734080318001E-05	12392.3147214207	0.2	0.200970352161676	0.0298029542900622
833.332999229431	3.20000000000001	1.017	1195	50.6493506493507	0.2	0.169870390370488	0.0301296096295118	1.38846127324939E-05	12234.434884377	0.2	0.199663730803877	0.0301296096295118
833.849999904633	3.20000000000001	1.018	1194	50.3896103896104	0.2	0.169870390370488	0.0301296096295118	1.38846127324939E-05	12234.434884377	0.2	0.200317041482776	0.0301296096295118
834.332998752594	3.20000000000001	1.018	1194	50.3896103896104	0.2	0.170850356388837	0.0291496436111629	1.34330154890152E-05	12718.6897482959	0.2	0.200643696822226	0.0291496436111629
834.829999446869	3.10000000000001	1.019	1194	50.3896103896104	0.2	0.170197045709938	0.0298029542900622	1.3734080318001E-05	12392.3147214207	0.2	0.201297007501125	0.0298029542900622
835.338998794556	3.10000000000001	0.971	1194	50.3896103896104	0.2	0.170197045709938	0.0298029542900622	1.3734080318001E-05	12392.3147214207	0.2	0.200643696822226	0.0298029542900622
835.852999687195	3.10000000000001	0.973	1194	50.3896103896104	0.2	0.170523701049387	0.0294762989506125	1.35835479035081E-05	12553.6937964012	0.2	0.200643696822226	0.0294762989506125
836.342998981476	3.10000000000001	0.976	1193	50.1298701298701	0.2	0.171503667067736	0.0284963329322636	1.31319506600293E-05	13060.0298088048	0.2	0.200970352161676	0.0284963329322636
836.833999156952	3.10000000000001	0.977	1193	50.1298701298701	0.2	0.170197045709938	0.0298029542900622	1.3734080318001E-05	12392.3147214207	0.2	0.199990386143327	0.0298029542900622
837.336998939514	3.10000000000001	0.98	1193	50.1298701298701	0.2	0.171177011728287	0.0288229882717133	1.32824830745222E-05	12887.4255489645	0.2	0.201297007501125	0.0288229882717133
837.831998825073	3.10000000000001	0.981	1193	50.1298701298701	0.2	0.171503667067736	0.0284963329322636	1.31319506600293E-05	13060.0298088048	0.2	0.200317041482776	0.0284963329322636
838.328999042511	3.10000000000001	0.982	1193	50.1298701298701	0.2	0.171503667067736	0.0284963329322636	1.31319506600293E-05	13060.0298088048	0.2	0.200317041482776	0.0284963329322636
838.828999519348	3.10000000000001	0.983	1193	50.1298701298701	0.2	0.170850356388837	0.0291496436111629	1.34330154890152E-05	12718.6897482959	0.2	0.201950318180025	0.0291496436111629
839.33199930191	3.10000000000001	0.985	1192	49.8701298701299	0.2	0.171503667067736	0.0284963329322636	1.31319506600293E-05	13060.0298088048	0.2	0.200970352161676	0.0284963329322636
839.825999259949	3.10000000000001	0.985	1192	49.8701298701299	0.2	0.171830322407186	0.028169677592814	1.29814182455364E-05	13236.6371036746	0.2	0.199663730803877	0.028169677592814
840.343999385834	3.10000000000001	0.986	1192	49.8701298701299	0.2	0.171830322407186	0.028169677592814	1.29814182455364E-05	13236.6371036746	0.2	0.201623662840575	0.028169677592814
840.828999519348	3.10000000000001	0.987	1192	49.8701298701299	0.2	0.171830322407186	0.028169677592814	1.29814182455364E-05	13236.6371036746	0.2	0.201623662840575	0.028169677592814
841.327999591827	3.10000000000001	0.988	1191	49.6103896103896	0.2	0.172483633086085	0.0275163669139147	1.26803534165505E-05	13602.4310537716	0.2	0.200970352161676	0.0275163669139147
841.836999893188	3.10000000000001	0.989	1192	49.8701298701299	0.2	0.172156977746636	0.0278430222533643	1.28308858310435E-05	13417.3883248274	0.2	0.200643696822226	0.0278430222533643
842.342999458313	3.10000000000001	0.989	1191	49.6103896103896	0.2	0.172483633086085	0.0275163669139147	1.26803534165505E-05	13602.4310537716	0.2	0.199990386143327	0.0275163669139147
842.837999343872	3.10000000000001	0.99	1191	49.6103896103896	0.2	0.172156977746636	0.0278430222533643	1.28308858310435E-05	13417.3883248274	0.2	0.200970352161676	0.0278430222533643
843.329999446869	3.00000000000001	0.991	1191	49.6103896103896	0.2	0.172156977746636	0.0278430222533643	1.28308858310435E-05	13417.3883248274	0.2	0.200643696822226	0.0278430222533643
843.840998649597	3.00000000000001	0.943	1191	49.6103896103896	0.2	0.172810288425535	0.027189711574465	1.25298210020576E-05	13791.9199641524	0.2	0.201297007501125	0.027189711574465
844.348999023438	3.00000000000001	0.945	1191	49.6103896103896	0.2	0.172483633086085	0.0275163669139147	1.26803534165505E-05	13602.4310537716	0.2	0.201623662840575	0.0275163669139147
844.831999778748	3.00000000000001	0.948	1191	49.6103896103896	0.2	0.173136943764985	0.0268630562350154	1.23792885875647E-05	13986.0172529547	0.2	0.201297007501125	0.0268630562350154
845.335999965668	3.00000000000001	0.949	1190	49.3506493506494	0.2	0.172810288425535	0.027189711574465	1.25298210020576E-05	13791.9199641524	0.2	0.200643696822226	0.027189711574465
845.823999404907	3.00000000000001	0.951	1190	49.3506493506494	0.2	0.172156977746636	0.0278430222533643	1.28308858310435E-05	13417.3883248274	0.2	0.199990386143327	0.0278430222533643
846.328999042511	3.00000000000001	0.952	1190	49.3506493506494	0.2	0.173136943764985	0.0268630562350154	1.23792885875647E-05	13986.0172529547	0.2	0.199990386143327	0.0268630562350154
846.828000068665	3.00000000000001	0.954	1190	49.3506493506494	0.2	0.172483633086085	0.0275163669139147	1.26803534165505E-05	13602.4310537716	0.2	0.201297007501125	0.0275163669139147
847.329999446869	3.00000000000001	0.954	1190	49.3506493506494	0.2	0.172483633086085	0.0275163669139147	1.26803534165505E-05	13602.4310537716	0.2	0.200643696822226	0.0275163669139147
847.840999603271	3.00000000000001	0.956	1190	49.3506493506494	0.2	0.173790254443884	0.0262097455561161	1.20782237585789E-05	14388.7261833881	0.2	0.200317041482776	0.0262097455561161
848.329998970032	3.00000000000001	0.957	1190	49.3506493506494	0.2	0.173790254443884	0.0262097455561161	1.20782237585789E-05	14388.7261833881	0.2	0.200643696822226	0.0262097455561161
848.832999706268	3.00000000000001	0.958	1189	49.0909090909091	0.2	0.172810288425535	0.027189711574465	1.25298210020576E-05	13791.9199641524	0.2	0.200643696822226	0.027189711574465
849.33099937439	3.00000000000001	0.959	1189	49.0909090909091	0.2	0.173463599104434	0.0265364008955657	1.22287561730718E-05	14184.8931035528	0.2	0.201623662840575	0.0265364008955657
849.83099937439	3.00000000000001	0.959	1189	49.0909090909091	0.2	0.174770220462233	0.0252297795377672	1.16266265151001E-05	15031.8942674601	0.2	0.200643696822226	0.0252297795377672
850.340998649597	3.00000000000001	0.96	1189	49.0909090909091	0.2	0.173463599104434	0.0265364008955657	1.22287561730718E-05	14184.8931035528	0.2	0.200643696822226	0.0265364008955657
850.832999706268	3.00000000000001	0.961	1189	49.0909090909091	0.2	0.173790254443884	0.0262097455561161	1.20782237585789E-05	14388.7261833881	0.2	0.200317041482776	0.0262097455561161
851.327999591827	3.00000000000001	0.961	1189	49.0909090909091	0.2	0.174116909783334	0.0258830902166665	1.19276913440859E-05	14597.704179331	0.2	0.200643696822226	0.0258830902166665
851.842000007629	2.90000000000001	0.911	1189	49.0909090909091	0.2	0.174116909783334	0.0258830902166665	1.19276913440859E-05	14597.704179331	0.2	0.201297007501125	0.0258830902166665
852.322998523712	2.90000000000001	0.914	1189	49.0909090909091	0.2	0.175096875801682	0.0249031241983175	1.14760941006072E-05	15257.5322463083	0.2	0.201950318180025	0.0249031241983175
852.830999851227	2.90000000000001	0.918	1188	48.8311688311689	0.2	0.174443565122783	0.0255564348772168	1.1777158929593E-05	14812.0243741002	0.2	0.200643696822226	0.0255564348772168
853.32399892807	2.90000000000001	0.919	1188	48.8311688311689	0.2	0.174443565122783	0.0255564348772168	1.1777158929593E-05	14812.0243741002	0.2	0.200317041482776	0.0255564348772168
853.823999881744	2.90000000000001	0.92	1188	48.8311688311689	0.2	0.174770220462233	0.0252297795377672	1.16266265151001E-05	15031.8942674601	0.2	0.200970352161676	0.0252297795377672
854.342998981476	2.90000000000001	0.923	1188	48.8311688311689	0.2	0.174770220462233	0.0252297795377672	1.16266265151001E-05	15031.8942674601	0.2	0.200317041482776	0.0252297795377672
854.831999778748	2.90000000000001	0.923	1188	48.8311688311689	0.2	0.174116909783334	0.0258830902166665	1.19276913440859E-05	14597.704179331	0.2	0.201297007501125	0.0258830902166665
855.330998897552	2.90000000000001	0.925	1188	48.8311688311689	0.2	0.173790254443884	0.0262097455561161	1.20782237585789E-05	14388.7261833881	0.2	0.200317041482776	0.0262097455561161
855.836999416351	2.90000000000001	0.926	1187	48.5714285714286	0.2	0.174116909783334	0.0258830902166665	1.19276913440859E-05	14597.704179331	0.2	0.200970352161676	0.0258830902166665
856.319999694824	2.90000000000001	0.927	1187	48.5714285714286	0.2	0.174443565122783	0.0255564348772168	1.1777158929593E-05	14812.0243741002	0.2	0.200970352161676	0.0255564348772168
856.844999313354	2.90000000000001	0.928	1187	48.5714285714286	0.2	0.174443565122783	0.0255564348772168	1.1777158929593E-05	14812.0243741002	0.2	0.199990386143327	0.0255564348772168
857.348000049591	2.90000000000001	0.929	1186	48.3116883116884	0.2	0.174770220462233	0.0252297795377672	1.16266265151001E-05	15031.8942674601	0.2	0.199990386143327	0.0252297795377672
857.846999168396	2.90000000000001	0.93	1186	48.3116883116884	0.2	0.174770220462233	0.0252297795377672	1.16266265151001E-05	15031.8942674601	0.2	0.201623662840575	0.0252297795377672
858.344998836517	2.90000000000001	0.931	1186	48.3116883116884	0.2	0.175096875801682	0.0249031241983175	1.14760941006072E-05	15257.5322463083	0.2	0.201623662840575	0.0249031241983175
858.836999893188	2.90000000000001	0.931	1186	48.3116883116884	0.2	0.174770220462233	0.0252297795377672	1.16266265151001E-05	15031.8942674601	0.2	0.200317041482776	0.0252297795377672
859.335999488831	2.90000000000001	0.932	1185	48.0519480519481	0.2	0.175096875801682	0.0249031241983175	1.14760941006072E-05	15257.5322463083	0.2	0.200643696822226	0.0249031241983175
859.831999778748	2.80000000000001	0.933	1185	48.0519480519481	0.2	0.175423531141132	0.0245764688588679	1.13255616861142E-05	15489.1683082007	0.2	0.201950318180025	0.0245764688588679
860.33099937439	2.80000000000001	0.884	1185	48.0519480519481	0.2	0.175096875801682	0.0249031241983175	1.14760941006072E-05	15257.5322463083	0.2	0.199990386143327	0.0249031241983175
860.825999259949	2.80000000000001	0.886	1185	48.0519480519481	0.2	0.175423531141132	0.0245764688588679	1.13255616861142E-05	15489.1683082007	0.2	0.201297007501125	0.0245764688588679
861.333998680115	2.80000000000001	0.889	1185	48.0519480519481	0.2	0.175423531141132	0.0245764688588679	1.13255616861142E-05	15489.1683082007	0.2	0.199990386143327	0.0245764688588679
861.841000080109	2.80000000000001	0.89	1185	48.0519480519481	0.2	0.174770220462233	0.0252297795377672	1.16266265151001E-05	15031.8942674601	0.2	0.200970352161676	0.0252297795377672
862.323999881744	2.80000000000001	0.893	1185	48.0519480519481	0.2	0.175096875801682	0.0249031241983175	1.14760941006072E-05	15257.5322463083	0.2	0.200317041482776	0.0249031241983175
862.83099937439	2.80000000000001	0.894	1185	48.0519480519481	0.2	0.175750186480582	0.0242498135194182	1.11750292716213E-05	15727.044843354	0.2	0.200643696822226	0.0242498135194182
863.332999706268	2.80000000000001	0.895	1184	47.7922077922078	0.2	0.175750186480582	0.0242498135194182	1.11750292716213E-05	15727.044843354	0.2	0.200643696822226	0.0242498135194182
863.825999259949	2.80000000000001	0.896	1184	47.7922077922078	0.2	0.175750186480582	0.0242498135194182	1.11750292716213E-05	15727.044843354	0.2	0.200970352161676	0.0242498135194182
864.332999229431	2.80000000000001	0.897	1184	47.7922077922078	0.2	0.175750186480582	0.0242498135194182	1.11750292716213E-05	15727.044843354	0.2	0.201297007501125	0.0242498135194182
864.829999446869	2.80000000000001	0.898	1183	47.5324675324675	0.2	0.175750186480582	0.0242498135194182	1.11750292716213E-05	15727.044843354	0.2	0.200970352161676	0.0242498135194182
865.330998897552	2.80000000000001	0.899	1183	47.5324675324675	0.2	0.175423531141132	0.0245764688588679	1.13255616861142E-05	15489.1683082007	0.2	0.200317041482776	0.0245764688588679
865.845999240875	2.80000000000001	0.9	1183	47.5324675324675	0.2	0.175750186480582	0.0242498135194182	1.11750292716213E-05	15727.044843354	0.2	0.200643696822226	0.0242498135194182
866.33199930191	2.80000000000001	0.901	1183	47.5324675324675	0.2	0.175750186480582	0.0242498135194182	1.11750292716213E-05	15727.044843354	0.2	0.201297007501125	0.0242498135194182
866.850999355316	2.80000000000001	0.902	1183	47.5324675324675	0.2	0.176076841820031	0.0239231581799686	1.10244968571284E-05	15971.4174807153	0.2	0.200643696822226	0.0239231581799686
867.339999675751	2.80000000000001	0.903	1183	47.5324675324675	0.2	0.175096875801682	0.0249031241983175	1.14760941006072E-05	15257.5322463083	0.2	0.199990386143327	0.0249031241983175
867.837999343872	2.80000000000001	0.903	1183	47.5324675324675	0.2	0.176076841820031	0.0239231581799686	1.10244968571284E-05	15971.4174807153	0.2	0.200643696822226	0.0239231581799686
868.344999790192	2.70000000000001	0.904	1183	47.5324675324675	0.2	0.176403497159481	0.023596502840519	1.08739644426355E-05	16222.5560043056	0.2	0.199663730803877	0.023596502840519
868.83099937439	2.70000000000001	0.855	1182	47.2727272727273	0.2	0.176730152498931	0.0232698475010693	1.07234320281425E-05	16480.7453467435	0.2	0.201297007501125	0.0232698475010693
869.33199930191	2.70000000000001	0.857	1182	47.2727272727273	0.2	0.176730152498931	0.0232698475010693	1.07234320281425E-05	16480.7453467435	0.2	0.201297007501125	0.0232698475010693
869.832999706268	2.70000000000001	0.861	1182	47.2727272727273	0.2	0.176730152498931	0.0232698475010693	1.07234320281425E-05	16480.7453467435	0.2	0.199990386143327	0.0232698475010693
870.329999923706	2.70000000000001	0.862	1182	47.2727272727273	0.2	0.17705680783838	0.0229431921616197	1.05728996136496E-05	16746.2866676422	0.2	0.201297007501125	0.0229431921616197
870.827999591827	2.70000000000001	0.864	1182	47.2727272727273	0.2	0.17738346317783	0.02261653682217	1.04223671991567E-05	17019.4985254581	0.2	0.200643696822226	0.02261653682217
871.363998889923	2.70000000000001	0.865	1181	47.012987012987	0.2	0.176730152498931	0.0232698475010693	1.07234320281425E-05	16480.7453467435	0.2	0.200970352161676	0.0232698475010693
871.830999851227	2.70000000000001	0.867	1181	47.012987012987	0.2	0.17738346317783	0.02261653682217	1.04223671991567E-05	17019.4985254581	0.2	0.200970352161676	0.02261653682217
872.323999881744	2.70000000000001	0.867	1181	47.012987012987	0.2	0.176403497159481	0.023596502840519	1.08739644426355E-05	16222.5560043056	0.2	0.199990386143327	0.023596502840519
872.824999809265	2.70000000000001	0.869	1180	46.7532467532468	0.2	0.176076841820031	0.0239231581799686	1.10244968571284E-05	15971.4174807153	0.2	0.201297007501125	0.0239231581799686
873.331000328064	2.70000000000001	0.869	1181	47.012987012987	0.2	0.176730152498931	0.0232698475010693	1.07234320281425E-05	16480.7453467435	0.2	0.200317041482776	0.0232698475010693
873.833999633789	2.70000000000001	0.87	1180	46.7532467532468	0.2	0.17771011851728	0.0222898814827204	1.02718347846638E-05	17300.7181523799	0.2	0.201297007501125	0.0222898814827204
874.339999198914	2.70000000000001	0.871	1180	46.7532467532468	0.2	0.176730152498931	0.0232698475010693	1.07234320281425E-05	16480.7453467435	0.2	0.200643696822226	0.0232698475010693
874.830998897552	2.70000000000001	0.872	1180	46.7532467532468	0.2	0.17705680783838	0.0229431921616197	1.05728996136496E-05	16746.2866676422	0.2	0.200970352161676	0.0229431921616197
875.394999504089	2.70000000000001	0.873	1180	46.7532467532468	0.2	0.17705680783838	0.0229431921616197	1.05728996136496E-05	16746.2866676422	0.2	0.200970352161676	0.0229431921616197
875.83099937439	2.70000000000001	0.874	1180	46.7532467532468	0.2	0.17705680783838	0.0229431921616197	1.05728996136496E-05	16746.2866676422	0.2	0.200317041482776	0.0229431921616197
876.349998950958	2.70000000000001	0.874	1180	46.7532467532468	0.2	0.17705680783838	0.0229431921616197	1.05728996136496E-05	16746.2866676422	0.2	0.200317041482776	0.0229431921616197
876.829999446869	2.60000000000001	0.875	1180	46.7532467532468	0.2	0.17705680783838	0.0229431921616197	1.05728996136496E-05	16746.2866676422	0.2	0.200643696822226	0.0229431921616197
877.325999736786	2.60000000000001	0.826	1180	46.7532467532468	0.2	0.176730152498931	0.0232698475010693	1.07234320281425E-05	16480.7453467435	0.2	0.200317041482776	0.0232698475010693
877.83099937439	2.60000000000001	0.828	1179	46.4935064935065	0.2	0.17738346317783	0.02261653682217	1.04223671991567E-05	17019.4985254581	0.2	0.200643696822226	0.02261653682217
878.320999622345	2.60000000000001	0.831	1179	46.4935064935065	0.2	0.17705680783838	0.0229431921616197	1.05728996136496E-05	16746.2866676422	0.2	0.200317041482776	0.0229431921616197
878.837999343872	2.60000000000001	0.832	1180	46.7532467532468	0.2	0.17738346317783	0.02261653682217	1.04223671991567E-05	17019.4985254581	0.2	0.201297007501125	0.02261653682217
879.337999343872	2.60000000000001	0.835	1179	46.4935064935065	0.2	0.17771011851728	0.0222898814827204	1.02718347846638E-05	17300.7181523799	0.2	0.200643696822226	0.0222898814827204
879.822999477386	2.60000000000001	0.835	1179	46.4935064935065	0.2	0.178363429196179	0.0216365708038211	9.97076995567792E-06	17888.631468687	0.2	0.200643696822226	0.0216365708038211
880.330998897552	2.60000000000001	0.837	1179	46.4935064935065	0.2	0.176730152498931	0.0232698475010693	1.07234320281425E-05	16480.7453467435	0.2	0.200317041482776	0.0232698475010693
880.831999778748	2.60000000000001	0.838	1179	46.4935064935065	0.2	0.17738346317783	0.02261653682217	1.04223671991567E-05	17019.4985254581	0.2	0.200970352161676	0.02261653682217
881.338999271393	2.60000000000001	0.839	1179	46.4935064935065	0.2	0.17771011851728	0.0222898814827204	1.02718347846638E-05	17300.7181523799	0.2	0.200317041482776	0.0222898814827204
881.836998939514	2.60000000000001	0.84	1179	46.4935064935065	0.2	0.17705680783838	0.0229431921616197	1.05728996136496E-05	16746.2866676422	0.2	0.200317041482776	0.0229431921616197
882.323999404907	2.60000000000001	0.841	1179	46.4935064935065	0.2	0.17771011851728	0.0222898814827204	1.02718347846638E-05	17300.7181523799	0.2	0.201623662840575	0.0222898814827204
882.829999923706	2.60000000000001	0.842	1178	46.2337662337663	0.2	0.17705680783838	0.0229431921616197	1.05728996136496E-05	16746.2866676422	0.2	0.199663730803877	0.0229431921616197
883.33199930191	2.60000000000001	0.843	1179	46.4935064935065	0.2	0.176730152498931	0.0232698475010693	1.07234320281425E-05	16480.7453467435	0.2	0.200970352161676	0.0232698475010693
883.828999519348	2.60000000000001	0.843	1178	46.2337662337663	0.2	0.17705680783838	0.0229431921616197	1.05728996136496E-05	16746.2866676422	0.2	0.200317041482776	0.0229431921616197
884.347999572754	2.60000000000001	0.844	1178	46.2337662337663	0.2	0.178036773856729	0.0219632261432707	1.01213023701708E-05	17590.3028429852	0.2	0.200970352161676	0.0219632261432707
884.833999633789	2.50000000000001	0.845	1179	46.4935064935065	0.2	0.17771011851728	0.0222898814827204	1.02718347846638E-05	17300.7181523799	0.2	0.200643696822226	0.0222898814827204
885.329999446869	2.50000000000001	0.796	1178	46.2337662337663	0.2	0.17705680783838	0.0229431921616197	1.05728996136496E-05	16746.2866676422	0.2	0.200970352161676	0.0229431921616197
885.832999229431	2.50000000000001	0.798	1178	46.2337662337663	0.2	0.178036773856729	0.0219632261432707	1.01213023701708E-05	17590.3028429852	0.2	0.201623662840575	0.0219632261432707
886.332999229431	2.50000000000001	0.801	1178	46.2337662337663	0.2	0.17738346317783	0.02261653682217	1.04223671991567E-05	17019.4985254581	0.2	0.200643696822226	0.02261653682217
886.823999404907	2.50000000000001	0.802	1178	46.2337662337663	0.2	0.17771011851728	0.0222898814827204	1.02718347846638E-05	17300.7181523799	0.2	0.200643696822226	0.0222898814827204
887.324999809265	2.50000000000001	0.804	1178	46.2337662337663	0.2	0.17771011851728	0.0222898814827204	1.02718347846638E-05	17300.7181523799	0.2	0.200317041482776	0.0222898814827204
887.835000038147	2.50000000000001	0.805	1178	46.2337662337663	0.2	0.17738346317783	0.02261653682217	1.04223671991567E-05	17019.4985254581	0.2	0.200317041482776	0.02261653682217
888.335999965668	2.50000000000001	0.807	1178	46.2337662337663	0.2	0.178036773856729	0.0219632261432707	1.01213023701708E-05	17590.3028429852	0.2	0.200317041482776	0.0219632261432707
888.818999767303	2.50000000000001	0.808	1177	45.974025974026	0.2	0.178036773856729	0.0219632261432707	1.01213023701708E-05	17590.3028429852	0.2	0.201950318180025	0.0219632261432707
889.338999271393	2.50000000000001	0.808	1178	46.2337662337663	0.2	0.17771011851728	0.0222898814827204	1.02718347846638E-05	17300.7181523799	0.2	0.200317041482776	0.0222898814827204
889.842000007629	2.50000000000001	0.81	1177	45.974025974026	0.2	0.178036773856729	0.0219632261432707	1.01213023701708E-05	17590.3028429852	0.2	0.199663730803877	0.0219632261432707
890.349999427795	2.50000000000001	0.81	1177	45.974025974026	0.2	0.17705680783838	0.0229431921616197	1.05728996136496E-05	16746.2866676422	0.2	0.200970352161676	0.0229431921616197
890.845999240875	2.50000000000001	0.812	1177	45.974025974026	0.2	0.176730152498931	0.0232698475010693	1.07234320281425E-05	16480.7453467435	0.2	0.200970352161676	0.0232698475010693
891.341999530792	2.50000000000001	0.812	1177	45.974025974026	0.2	0.178363429196179	0.0216365708038211	9.97076995567792E-06	17888.631468687	0.2	0.201297007501125	0.0216365708038211
891.832999706268	2.50000000000001	0.813	1177	45.974025974026	0.2	0.17771011851728	0.0222898814827204	1.02718347846638E-05	17300.7181523799	0.2	0.200317041482776	0.0222898814827204
892.328999519348	2.50000000000001	0.813	1177	45.974025974026	0.2	0.178363429196179	0.0216365708038211	9.97076995567792E-06	17888.631468687	0.2	0.200643696822226	0.0216365708038211
892.825999259949	2.50000000000001	0.815	1177	45.974025974026	0.2	0.178690084535629	0.0213099154643714	9.820237541185E-06	18196.106131468	0.2	0.200317041482776	0.0213099154643714
893.333999633789	2.40000000000001	0.815	1176	45.7142857142858	0.2	0.178036773856729	0.0219632261432707	1.01213023701708E-05	17590.3028429852	0.2	0.200970352161676	0.0219632261432707
893.835999488831	2.40000000000001	0.765	1176	45.7142857142858	0.2	0.178036773856729	0.0219632261432707	1.01213023701708E-05	17590.3028429852	0.2	0.201297007501125	0.0219632261432707
894.352999210358	2.40000000000001	0.768	1176	45.7142857142858	0.2	0.178363429196179	0.0216365708038211	9.97076995567792E-06	17888.631468687	0.2	0.199990386143327	0.0216365708038211
894.829999446869	2.40000000000001	0.771	1175	45.4545454545455	0.2	0.17738346317783	0.02261653682217	1.04223671991567E-05	17019.4985254581	0.2	0.200317041482776	0.02261653682217
895.328999996185	2.40000000000001	0.772	1175	45.4545454545455	0.2	0.178690084535629	0.0213099154643714	9.820237541185E-06	18196.106131468	0.2	0.201297007501125	0.0213099154643714
895.850999832153	2.40000000000001	0.774	1175	45.4545454545455	0.2	0.17771011851728	0.0222898814827204	1.02718347846638E-05	17300.7181523799	0.2	0.200970352161676	0.0222898814827204
896.333999156952	2.40000000000001	0.775	1175	45.4545454545455	0.2	0.178363429196179	0.0216365708038211	9.97076995567792E-06	17888.631468687	0.2	0.200970352161676	0.0216365708038211
896.841999053955	2.40000000000001	0.777	1175	45.4545454545455	0.2	0.178363429196179	0.0216365708038211	9.97076995567792E-06	17888.631468687	0.2	0.200970352161676	0.0216365708038211
897.33499956131	2.40000000000001	0.778	1175	45.4545454545455	0.2	0.178363429196179	0.0216365708038211	9.97076995567792E-06	17888.631468687	0.2	0.201297007501125	0.0216365708038211
897.837999343872	2.40000000000001	0.779	1175	45.4545454545455	0.2	0.178363429196179	0.0216365708038211	9.97076995567792E-06	17888.631468687	0.2	0.200970352161676	0.0216365708038211
898.327999591827	2.40000000000001	0.78	1174	45.1948051948053	0.2	0.178036773856729	0.0219632261432707	1.01213023701708E-05	17590.3028429852	0.2	0.199337075464427	0.0219632261432707
898.821999549866	2.40000000000001	0.781	1174	45.1948051948053	0.2	0.178036773856729	0.0219632261432707	1.01213023701708E-05	17590.3028429852	0.2	0.200317041482776	0.0219632261432707
899.33499956131	2.40000000000001	0.781	1174	45.1948051948053	0.2	0.178690084535629	0.0213099154643714	9.820237541185E-06	18196.106131468	0.2	0.200643696822226	0.0213099154643714
899.832999706268	2.40000000000001	0.783	1174	45.1948051948053	0.2	0.178036773856729	0.0219632261432707	1.01213023701708E-05	17590.3028429852	0.2	0.200643696822226	0.0219632261432707
900.342998981476	2.40000000000001	0.783	1174	45.1948051948053	0.2	0.178690084535629	0.0213099154643714	9.820237541185E-06	18196.106131468	0.2	0.200643696822226	0.0213099154643714
900.83199930191	2.40000000000001	0.784	1174	45.1948051948053	0.2	0.179016739875078	0.0209832601249218	9.66970512669207E-06	18513.1539720817	0.2	0.200317041482776	0.0209832601249218
901.32799911499	2.40000000000001	0.785	1174	45.1948051948053	0.2	0.178363429196179	0.0216365708038211	9.97076995567792E-06	17888.631468687	0.2	0.201623662840575	0.0216365708038211
901.845999240875	2.30000000000001	0.785	1173	44.9350649350649	0.2	0.179016739875078	0.0209832601249218	9.66970512669207E-06	18513.1539720817	0.2	0.200317041482776	0.0209832601249218
902.339000225067	2.30000000000001	0.736	1173	44.9350649350649	0.2	0.178690084535629	0.0213099154643714	9.820237541185E-06	18196.106131468	0.2	0.201297007501125	0.0213099154643714
902.84299993515	2.30000000000001	0.738	1173	44.9350649350649	0.2	0.179016739875078	0.0209832601249218	9.66970512669207E-06	18513.1539720817	0.2	0.200643696822226	0.0209832601249218
903.33099937439	2.30000000000001	0.741	1173	44.9350649350649	0.2	0.179343395214528	0.0206566047854722	9.51917271219915E-06	18840.2291498181	0.2	0.200970352161676	0.0206566047854722
903.831998825073	2.30000000000001	0.742	1173	44.9350649350649	0.2	0.179016739875078	0.0209832601249218	9.66970512669207E-06	18513.1539720817	0.2	0.201297007501125	0.0209832601249218
904.37099981308	2.30000000000001	0.745	1173	44.9350649350649	0.2	0.178363429196179	0.0216365708038211	9.97076995567792E-06	17888.631468687	0.2	0.201297007501125	0.0216365708038211
904.843999862671	2.30000000000001	0.745	1173	44.9350649350649	0.2	0.179016739875078	0.0209832601249218	9.66970512669207E-06	18513.1539720817	0.2	0.200643696822226	0.0209832601249218
905.33199930191	2.30000000000001	0.747	1173	44.9350649350649	0.2	0.179016739875078	0.0209832601249218	9.66970512669207E-06	18513.1539720817	0.2	0.200643696822226	0.0209832601249218
905.828999042511	2.30000000000001	0.748	1172	44.6753246753247	0.2	0.179016739875078	0.0209832601249218	9.66970512669207E-06	18513.1539720817	0.2	0.200317041482776	0.0209832601249218
906.335999488831	2.30000000000001	0.749	1172	44.6753246753247	0.2	0.179343395214528	0.0206566047854722	9.51917271219915E-06	18840.2291498181	0.2	0.200643696822226	0.0206566047854722
906.839999198914	2.30000000000001	0.75	1173	44.9350649350649	0.2	0.178690084535629	0.0213099154643714	9.820237541185E-06	18196.106131468	0.2	0.200970352161676	0.0213099154643714
907.344999790192	2.30000000000001	0.751	1172	44.6753246753247	0.2	0.178363429196179	0.0216365708038211	9.97076995567792E-06	17888.631468687	0.2	0.201297007501125	0.0216365708038211
907.836999893188	2.30000000000001	0.751	1172	44.6753246753247	0.2	0.179343395214528	0.0206566047854722	9.51917271219915E-06	18840.2291498181	0.2	0.201297007501125	0.0206566047854722
908.32799911499	2.30000000000001	0.753	1172	44.6753246753247	0.2	0.178363429196179	0.0216365708038211	9.97076995567792E-06	17888.631468687	0.2	0.200970352161676	0.0216365708038211
908.836999416351	2.30000000000001	0.753	1172	44.6753246753247	0.2	0.178690084535629	0.0213099154643714	9.820237541185E-06	18196.106131468	0.2	0.201623662840575	0.0213099154643714
909.336998939514	2.30000000000001	0.754	1171	44.4155844155844	0.2	0.179343395214528	0.0206566047854722	9.51917271219915E-06	18840.2291498181	0.2	0.199990386143327	0.0206566047854722
909.842999458313	2.30000000000001	0.754	1172	44.6753246753247	0.2	0.179670050553978	0.0203299494460225	9.36864029770623E-06	19177.8150131313	0.2	0.200970352161676	0.0203299494460225
910.330999851227	2.20000000000001	0.702	1171	44.4155844155844	0.2	0.179343395214528	0.0206566047854722	9.51917271219915E-06	18840.2291498181	0.2	0.199990386143327	0.0206566047854722
910.837999343872	2.20000000000001	0.705	1171	44.4155844155844	0.2	0.179016739875078	0.0209832601249218	9.66970512669207E-06	18513.1539720817	0.2	0.200970352161676	0.0209832601249218
911.34299993515	2.20000000000001	0.709	1171	44.4155844155844	0.2	0.179016739875078	0.0209832601249218	9.66970512669207E-06	18513.1539720817	0.2	0.200317041482776	0.0209832601249218
911.835999011993	2.20000000000001	0.71	1171	44.4155844155844	0.2	0.179996705893427	0.0200032941065729	9.2181078832133E-06	19526.4264829457	0.2	0.201297007501125	0.0200032941065729
912.354999065399	2.20000000000001	0.711	1171	44.4155844155844	0.2	0.178690084535629	0.0213099154643714	9.820237541185E-06	18196.106131468	0.2	0.201297007501125	0.0213099154643714
912.819999217987	2.20000000000001	0.714	1170	44.1558441558442	0.2	0.179670050553978	0.0203299494460225	9.36864029770623E-06	19177.8150131313	0.2	0.199663730803877	0.0203299494460225
913.335999488831	2.20000000000001	0.715	1170	44.1558441558442	0.2	0.178690084535629	0.0213099154643714	9.820237541185E-06	18196.106131468	0.2	0.200643696822226	0.0213099154643714
913.826999187469	2.20000000000001	0.716	1170	44.1558441558442	0.2	0.179016739875078	0.0209832601249218	9.66970512669207E-06	18513.1539720817	0.2	0.200643696822226	0.0209832601249218
914.335999488831	2.20000000000001	0.717	1170	44.1558441558442	0.2	0.179670050553978	0.0203299494460225	9.36864029770623E-06	19177.8150131313	0.2	0.201297007501125	0.0203299494460225
914.831998825073	2.20000000000001	0.718	1170	44.1558441558442	0.2	0.179343395214528	0.0206566047854722	9.51917271219915E-06	18840.2291498181	0.2	0.201297007501125	0.0206566047854722
915.325999736786	2.20000000000001	0.719	1169	43.8961038961039	0.2	0.179670050553978	0.0203299494460225	9.36864029770623E-06	19177.8150131313	0.2	0.199990386143327	0.0203299494460225
915.843999862671	2.20000000000001	0.72	1169	43.8961038961039	0.2	0.179016739875078	0.0209832601249218	9.66970512669207E-06	18513.1539720817	0.2	0.200643696822226	0.0209832601249218
916.341999530792	2.20000000000001	0.721	1169	43.8961038961039	0.2	0.179016739875078	0.0209832601249218	9.66970512669207E-06	18513.1539720817	0.2	0.200317041482776	0.0209832601249218
916.824999332428	2.20000000000001	0.722	1169	43.8961038961039	0.2	0.179016739875078	0.0209832601249218	9.66970512669207E-06	18513.1539720817	0.2	0.200643696822226	0.0209832601249218
917.321000099182	2.20000000000001	0.722	1169	43.8961038961039	0.2	0.179670050553978	0.0203299494460225	9.36864029770623E-06	19177.8150131313	0.2	0.200970352161676	0.0203299494460225
917.83199930191	2.20000000000001	0.723	1169	43.8961038961039	0.2	0.180323361232877	0.0196766387671232	9.06757546872038E-06	19886.6126733571	0.2	0.200970352161676	0.0196766387671232
918.343999385834	2.10000000000001	0.724	1169	43.8961038961039	0.2	0.179996705893427	0.0200032941065729	9.2181078832133E-06	19526.4264829457	0.2	0.200643696822226	0.0200032941065729
918.838999271393	2.10000000000001	0.674	1169	43.8961038961039	0.2	0.179343395214528	0.0206566047854722	9.51917271219915E-06	18840.2291498181	0.2	0.199990386143327	0.0206566047854722
919.330998897552	2.10000000000001	0.676	1168	43.6363636363637	0.2	0.179343395214528	0.0206566047854722	9.51917271219915E-06	18840.2291498181	0.2	0.199990386143327	0.0206566047854722
919.828999519348	2.10000000000001	0.679	1168	43.6363636363637	0.2	0.179670050553978	0.0203299494460225	9.36864029770623E-06	19177.8150131313	0.2	0.200317041482776	0.0203299494460225
920.342999458313	2.10000000000001	0.681	1168	43.6363636363637	0.2	0.179343395214528	0.0206566047854722	9.51917271219915E-06	18840.2291498181	0.2	0.200970352161676	0.0206566047854722
920.845999240875	2.10000000000001	0.683	1168	43.6363636363637	0.2	0.179016739875078	0.0209832601249218	9.66970512669207E-06	18513.1539720817	0.2	0.200970352161676	0.0209832601249218
921.351999759674	2.10000000000001	0.684	1167	43.3766233766234	0.2	0.179343395214528	0.0206566047854722	9.51917271219915E-06	18840.2291498181	0.2	0.200970352161676	0.0206566047854722
921.829999446869	2.10000000000001	0.685	1167	43.3766233766234	0.2	0.179670050553978	0.0203299494460225	9.36864029770623E-06	19177.8150131313	0.2	0.200643696822226	0.0203299494460225
922.33099937439	2.10000000000001	0.686	1167	43.3766233766234	0.2	0.179996705893427	0.0200032941065729	9.2181078832133E-06	19526.4264829457	0.2	0.201297007501125	0.0200032941065729
922.830999851227	2.10000000000001	0.688	1167	43.3766233766234	0.2	0.179996705893427	0.0200032941065729	9.2181078832133E-06	19526.4264829457	0.2	0.200643696822226	0.0200032941065729
923.323999881744	2.10000000000001	0.688	1167	43.3766233766234	0.2	0.179016739875078	0.0209832601249218	9.66970512669207E-06	18513.1539720817	0.2	0.200643696822226	0.0209832601249218
923.83499956131	2.10000000000001	0.689	1166	43.1168831168832	0.2	0.179670050553978	0.0203299494460225	9.36864029770623E-06	19177.8150131313	0.2	0.201623662840575	0.0203299494460225
924.325999259949	2.10000000000001	0.69	1166	43.1168831168832	0.2	0.179996705893427	0.0200032941065729	9.2181078832133E-06	19526.4264829457	0.2	0.199663730803877	0.0200032941065729
924.833999633789	2.10000000000001	0.691	1166	43.1168831168832	0.2	0.179343395214528	0.0206566047854722	9.51917271219915E-06	18840.2291498181	0.2	0.200317041482776	0.0206566047854722
925.336999416351	2.10000000000001	0.691	1166	43.1168831168832	0.2	0.179343395214528	0.0206566047854722	9.51917271219915E-06	18840.2291498181	0.2	0.200317041482776	0.0206566047854722
925.845998764038	2.10000000000001	0.692	1166	43.1168831168832	0.2	0.180650016572326	0.0193499834276736	8.91704305422745E-06	20258.95977778	0.2	0.200643696822226	0.0193499834276736
926.33099937439	2.10000000000001	0.693	1165	42.8571428571429	0.2	0.180323361232877	0.0196766387671232	9.06757546872038E-06	19886.6126733571	0.2	0.200317041482776	0.0196766387671232
926.85599899292	2.00000000000001	0.694	1165	42.8571428571429	0.2	0.179996705893427	0.0200032941065729	9.2181078832133E-06	19526.4264829457	0.2	0.201623662840575	0.0200032941065729
927.336999416351	2.00000000000001	0.644	1165	42.8571428571429	0.2	0.180323361232877	0.0196766387671232	9.06757546872038E-06	19886.6126733571	0.2	0.200970352161676	0.0196766387671232
927.840999126434	2.00000000000001	0.646	1165	42.8571428571429	0.2	0.179670050553978	0.0203299494460225	9.36864029770623E-06	19177.8150131313	0.2	0.201297007501125	0.0203299494460225
928.322999000549	2.00000000000001	0.649	1164	42.5974025974027	0.2	0.180650016572326	0.0193499834276736	8.91704305422745E-06	20258.95977778	0.2	0.200643696822226	0.0193499834276736
928.834000110626	2.00000000000001	0.65	1164	42.5974025974027	0.2	0.179343395214528	0.0206566047854722	9.51917271219915E-06	18840.2291498181	0.2	0.201297007501125	0.0206566047854722
929.332999706268	2.00000000000001	0.653	1164	42.5974025974027	0.2	0.180323361232877	0.0196766387671232	9.06757546872038E-06	19886.6126733571	0.2	0.200317041482776	0.0196766387671232
929.830999851227	2.00000000000001	0.653	1164	42.5974025974027	0.2	0.180323361232877	0.0196766387671232	9.06757546872038E-06	19886.6126733571	0.2	0.200317041482776	0.0196766387671232
930.344999790192	2.00000000000001	0.655	1164	42.5974025974027	0.2	0.180323361232877	0.0196766387671232	9.06757546872038E-06	19886.6126733571	0.2	0.200643696822226	0.0196766387671232
930.837999820709	2.00000000000001	0.656	1163	42.3376623376623	0.2	0.180976671911776	0.0190233280882239	8.76651063973453E-06	20644.0942524489	0.2	0.201950318180025	0.0190233280882239
931.331999778748	2.00000000000001	0.657	1163	42.3376623376623	0.2	0.180323361232877	0.0196766387671232	9.06757546872038E-06	19886.6126733571	0.2	0.200643696822226	0.0196766387671232
931.82799911499	2.00000000000001	0.658	1163	42.3376623376623	0.2	0.180323361232877	0.0196766387671232	9.06757546872038E-06	19886.6126733571	0.2	0.199663730803877	0.0196766387671232
932.338999271393	2.00000000000001	0.659	1162	42.0779220779221	0.2	0.180650016572326	0.0193499834276736	8.91704305422745E-06	20258.95977778	0.2	0.200643696822226	0.0193499834276736
932.832999229431	2.00000000000001	0.659	1162	42.0779220779221	0.2	0.179996705893427	0.0200032941065729	9.2181078832133E-06	19526.4264829457	0.2	0.200643696822226	0.0200032941065729
933.330998897552	2.00000000000001	0.661	1162	42.0779220779221	0.2	0.180650016572326	0.0193499834276736	8.91704305422745E-06	20258.95977778	0.2	0.200317041482776	0.0193499834276736
933.833999633789	2.00000000000001	0.661	1161	41.8181818181818	0.2	0.180650016572326	0.0193499834276736	8.91704305422745E-06	20258.95977778	0.2	0.200317041482776	0.0193499834276736
934.329999446869	2.00000000000001	0.662	1161	41.8181818181818	0.2	0.179996705893427	0.0200032941065729	9.2181078832133E-06	19526.4264829457	0.2	0.200970352161676	0.0200032941065729
934.84299993515	2.00000000000001	0.662	1161	41.8181818181818	0.2	0.180323361232877	0.0196766387671232	9.06757546872038E-06	19886.6126733571	0.2	0.200317041482776	0.0196766387671232
935.351999282837	1.90000000000001	0.61	1160	41.5584415584416	0.2	0.179996705893427	0.0200032941065729	9.2181078832133E-06	19526.4264829457	0.2	0.200970352161676	0.0200032941065729
935.828000068665	1.90000000000001	0.613	1160	41.5584415584416	0.2	0.180650016572326	0.0193499834276736	8.91704305422745E-06	20258.95977778	0.2	0.200643696822226	0.0193499834276736
936.350999832153	1.90000000000001	0.616	1160	41.5584415584416	0.2	0.180976671911776	0.0190233280882239	8.76651063973453E-06	20644.0942524489	0.2	0.201297007501125	0.0190233280882239
936.857999324799	1.90000000000001	0.618	1160	41.5584415584416	0.2	0.180323361232877	0.0196766387671232	9.06757546872038E-06	19886.6126733571	0.2	0.200643696822226	0.0196766387671232
937.349999904633	1.90000000000001	0.619	1160	41.5584415584416	0.2	0.180323361232877	0.0196766387671232	9.06757546872038E-06	19886.6126733571	0.2	0.200317041482776	0.0196766387671232
937.833999633789	1.90000000000001	0.621	1160	41.5584415584416	0.2	0.179670050553978	0.0203299494460225	9.36864029770623E-06	19177.8150131313	0.2	0.200970352161676	0.0203299494460225
938.332999706268	1.90000000000001	0.622	1160	41.5584415584416	0.2	0.180650016572326	0.0193499834276736	8.91704305422745E-06	20258.95977778	0.2	0.200643696822226	0.0193499834276736
938.829999446869	1.90000000000001	0.624	1160	41.5584415584416	0.2	0.180976671911776	0.0190233280882239	8.76651063973453E-06	20644.0942524489	0.2	0.199990386143327	0.0190233280882239
939.332000255585	1.90000000000001	0.624	1160	41.5584415584416	0.2	0.180650016572326	0.0193499834276736	8.91704305422745E-06	20258.95977778	0.2	0.200643696822226	0.0193499834276736
939.823999404907	1.90000000000001	0.626	1160	41.5584415584416	0.2	0.180650016572326	0.0193499834276736	8.91704305422745E-06	20258.95977778	0.2	0.200970352161676	0.0193499834276736
940.343999385834	1.90000000000001	0.626	1160	41.5584415584416	0.2	0.180323361232877	0.0196766387671232	9.06757546872038E-06	19886.6126733571	0.2	0.200643696822226	0.0196766387671232
940.843998908997	1.90000000000001	0.627	1160	41.5584415584416	0.2	0.180323361232877	0.0196766387671232	9.06757546872038E-06	19886.6126733571	0.2	0.201297007501125	0.0196766387671232
941.329999446869	1.90000000000001	0.628	1160	41.5584415584416	0.2	0.180976671911776	0.0190233280882239	8.76651063973453E-06	20644.0942524489	0.2	0.200643696822226	0.0190233280882239
941.828999042511	1.90000000000001	0.629	1160	41.5584415584416	0.2	0.181303327251226	0.0186966727487743	8.61597822524161E-06	21042.6863336393	0.2	0.199990386143327	0.0186966727487743
942.335998535156	1.90000000000001	0.629	1160	41.5584415584416	0.2	0.180323361232877	0.0196766387671232	9.06757546872038E-06	19886.6126733571	0.2	0.200970352161676	0.0196766387671232
942.829999446869	1.90000000000001	0.63	1160	41.5584415584416	0.2	0.180323361232877	0.0196766387671232	9.06757546872038E-06	19886.6126733571	0.2	0.200317041482776	0.0196766387671232
943.334999084473	1.80000000000001	0.631	1159	41.2987012987013	0.2	0.180323361232877	0.0196766387671232	9.06757546872038E-06	19886.6126733571	0.2	0.200970352161676	0.0196766387671232
943.832999229431	1.80000000000001	0.581	1159	41.2987012987013	0.2	0.180650016572326	0.0193499834276736	8.91704305422745E-06	20258.95977778	0.2	0.200317041482776	0.0193499834276736
944.341999530792	1.80000000000001	0.583	1159	41.2987012987013	0.2	0.179996705893427	0.0200032941065729	9.2181078832133E-06	19526.4264829457	0.2	0.199663730803877	0.0200032941065729
944.826999664307	1.80000000000001	0.586	1159	41.2987012987013	0.2	0.180323361232877	0.0196766387671232	9.06757546872038E-06	19886.6126733571	0.2	0.200643696822226	0.0196766387671232
945.327999591827	1.80000000000001	0.587	1159	41.2987012987013	0.2	0.180650016572326	0.0193499834276736	8.91704305422745E-06	20258.95977778	0.2	0.200317041482776	0.0193499834276736
945.828999042511	1.80000000000001	0.589	1159	41.2987012987013	0.2	0.180976671911776	0.0190233280882239	8.76651063973453E-06	20644.0942524489	0.2	0.200970352161676	0.0190233280882239
946.33499956131	1.80000000000001	0.59	1159	41.2987012987013	0.2	0.180650016572326	0.0193499834276736	8.91704305422745E-06	20258.95977778	0.2	0.200643696822226	0.0193499834276736
946.830999851227	1.80000000000001	0.592	1159	41.2987012987013	0.2	0.180976671911776	0.0190233280882239	8.76651063973453E-06	20644.0942524489	0.2	0.200643696822226	0.0190233280882239
947.33099937439	1.80000000000001	0.592	1159	41.2987012987013	0.2	0.181629982590675	0.0183700174093246	8.46544581074869E-06	21455.4539301471	0.2	0.201623662840575	0.0183700174093246
947.83899974823	1.80000000000001	0.594	1159	41.2987012987013	0.2	0.181303327251226	0.0186966727487743	8.61597822524161E-06	21042.6863336393	0.2	0.200643696822226	0.0186966727487743
948.329999923706	1.80000000000001	0.594	1159	41.2987012987013	0.2	0.180323361232877	0.0196766387671232	9.06757546872038E-06	19886.6126733571	0.2	0.200970352161676	0.0196766387671232
948.833999633789	1.80000000000001	0.595	1159	41.2987012987013	0.2	0.181956637930125	0.018043362069875	8.31491339625576E-06	21883.166938583	0.2	0.200643696822226	0.018043362069875
949.33099937439	1.80000000000001	0.596	1158	41.0389610389611	0.2	0.180976671911776	0.0190233280882239	8.76651063973453E-06	20644.0942524489	0.2	0.200643696822226	0.0190233280882239
949.836998939514	1.80000000000001	0.597	1158	41.0389610389611	0.2	0.180976671911776	0.0190233280882239	8.76651063973453E-06	20644.0942524489	0.2	0.200643696822226	0.0190233280882239
950.325999259949	1.80000000000001	0.597	1158	41.0389610389611	0.2	0.181956637930125	0.018043362069875	8.31491339625576E-06	21883.166938583	0.2	0.201297007501125	0.018043362069875
950.843999385834	1.80000000000001	0.599	1158	41.0389610389611	0.2	0.180976671911776	0.0190233280882239	8.76651063973453E-06	20644.0942524489	0.2	0.201297007501125	0.0190233280882239
951.33099937439	1.80000000000001	0.599	1158	41.0389610389611	0.2	0.181303327251226	0.0186966727487743	8.61597822524161E-06	21042.6863336393	0.2	0.200970352161676	0.0186966727487743
951.854999065399	1.70000000000001	0.599	1158	41.0389610389611	0.2	0.181303327251226	0.0186966727487743	8.61597822524161E-06	21042.6863336393	0.2	0.200970352161676	0.0186966727487743
952.329998970032	1.70000000000001	0.549	1158	41.0389610389611	0.2	0.180976671911776	0.0190233280882239	8.76651063973453E-06	20644.0942524489	0.2	0.200317041482776	0.0190233280882239
952.831998825073	1.70000000000001	0.551	1158	41.0389610389611	0.2	0.180650016572326	0.0193499834276736	8.91704305422745E-06	20258.95977778	0.2	0.200643696822226	0.0193499834276736
953.33199930191	1.70000000000001	0.554	1158	41.0389610389611	0.2	0.180650016572326	0.0193499834276736	8.91704305422745E-06	20258.95977778	0.2	0.200970352161676	0.0193499834276736
953.83099937439	1.70000000000001	0.556	1158	41.0389610389611	0.2	0.180976671911776	0.0190233280882239	8.76651063973453E-06	20644.0942524489	0.2	0.200643696822226	0.0190233280882239
954.348999500275	1.70000000000001	0.557	1158	41.0389610389611	0.2	0.180650016572326	0.0193499834276736	8.91704305422745E-06	20258.95977778	0.2	0.200317041482776	0.0193499834276736
954.824999332428	1.70000000000001	0.559	1157	40.7792207792208	0.2	0.181629982590675	0.0183700174093246	8.46544581074869E-06	21455.4539301471	0.2	0.200643696822226	0.0183700174093246
955.328999519348	1.70000000000001	0.56	1157	40.7792207792208	0.2	0.181956637930125	0.018043362069875	8.31491339625576E-06	21883.166938583	0.2	0.200643696822226	0.018043362069875
955.841999053955	1.70000000000001	0.561	1156	40.5194805194806	0.2	0.181303327251226	0.0186966727487743	8.61597822524161E-06	21042.6863336393	0.2	0.200317041482776	0.0186966727487743
956.319999694824	1.70000000000001	0.562	1156	40.5194805194806	0.2	0.181303327251226	0.0186966727487743	8.61597822524161E-06	21042.6863336393	0.2	0.201297007501125	0.0186966727487743
956.825999259949	1.70000000000001	0.563	1156	40.5194805194806	0.2	0.181629982590675	0.0183700174093246	8.46544581074869E-06	21455.4539301471	0.2	0.200643696822226	0.0183700174093246
957.332999706268	1.70000000000001	0.564	1156	40.5194805194806	0.2	0.180323361232877	0.0196766387671232	9.06757546872038E-06	19886.6126733571	0.2	0.201297007501125	0.0196766387671232
957.83099937439	1.70000000000001	0.564	1156	40.5194805194806	0.2	0.181629982590675	0.0183700174093246	8.46544581074869E-06	21455.4539301471	0.2	0.200643696822226	0.0183700174093246
958.336998939514	1.70000000000001	0.565	1156	40.5194805194806	0.2	0.181629982590675	0.0183700174093246	8.46544581074869E-06	21455.4539301471	0.2	0.200643696822226	0.0183700174093246
958.85599899292	1.70000000000001	0.566	1156	40.5194805194806	0.2	0.181303327251226	0.0186966727487743	8.61597822524161E-06	21042.6863336393	0.2	0.200317041482776	0.0186966727487743
959.337999343872	1.70000000000001	0.567	1156	40.5194805194806	0.2	0.181303327251226	0.0186966727487743	8.61597822524161E-06	21042.6863336393	0.2	0.200317041482776	0.0186966727487743
959.826999664307	1.70000000000001	0.567	1155	40.2597402597403	0.2	0.181629982590675	0.0183700174093246	8.46544581074869E-06	21455.4539301471	0.2	0.200643696822226	0.0183700174093246
960.329999446869	1.60000000000001	0.514	1155	40.2597402597403	0.2	0.181303327251226	0.0186966727487743	8.61597822524161E-06	21042.6863336393	0.2	0.200643696822226	0.0186966727487743
960.83899974823	1.60000000000001	0.517	1155	40.2597402597403	0.2	0.180650016572326	0.0193499834276736	8.91704305422745E-06	20258.95977778	0.2	0.201297007501125	0.0193499834276736
961.33499956131	1.60000000000001	0.521	1155	40.2597402597403	0.2	0.182283293269575	0.0177167067304254	8.16438098176284E-06	22326.6520360514	0.2	0.200317041482776	0.0177167067304254
961.833999633789	1.60000000000001	0.522	1155	40.2597402597403	0.2	0.180976671911776	0.0190233280882239	8.76651063973453E-06	20644.0942524489	0.2	0.200970352161676	0.0190233280882239
962.344999790192	1.60000000000001	0.523	1154	40.0000000000001	0.2	0.181303327251226	0.0186966727487743	8.61597822524161E-06	21042.6863336393	0.2	0.199990386143327	0.0186966727487743
962.829999446869	1.60000000000001	0.525	1155	40.2597402597403	0.2	0.180976671911776	0.0190233280882239	8.76651063973453E-06	20644.0942524489	0.2	0.200643696822226	0.0190233280882239
963.326999187469	1.60000000000001	0.526	1155	40.2597402597403	0.2	0.181303327251226	0.0186966727487743	8.61597822524161E-06	21042.6863336393	0.2	0.200317041482776	0.0186966727487743
963.830998897552	1.60000000000001	0.528	1154	40.0000000000001	0.2	0.181956637930125	0.018043362069875	8.31491339625576E-06	21883.166938583	0.2	0.200317041482776	0.018043362069875
964.337999820709	1.60000000000001	0.529	1154	40.0000000000001	0.2	0.181629982590675	0.0183700174093246	8.46544581074869E-06	21455.4539301471	0.2	0.200970352161676	0.0183700174093246
964.833999156952	1.60000000000001	0.53	1154	40.0000000000001	0.2	0.181629982590675	0.0183700174093246	8.46544581074869E-06	21455.4539301471	0.2	0.201297007501125	0.0183700174093246
965.326999187469	1.60000000000001	0.53	1154	40.0000000000001	0.2	0.181629982590675	0.0183700174093246	8.46544581074869E-06	21455.4539301471	0.2	0.200643696822226	0.0183700174093246
965.829999923706	1.60000000000001	0.532	1153	39.7402597402597	0.2	0.181956637930125	0.018043362069875	8.31491339625576E-06	21883.166938583	0.2	0.200970352161676	0.018043362069875
966.335999488831	1.60000000000001	0.532	1154	40.0000000000001	0.2	0.181629982590675	0.0183700174093246	8.46544581074869E-06	21455.4539301471	0.2	0.199990386143327	0.0183700174093246
966.83199930191	1.60000000000001	0.533	1153	39.7402597402597	0.2	0.181629982590675	0.0183700174093246	8.46544581074869E-06	21455.4539301471	0.2	0.199990386143327	0.0183700174093246
967.327000141144	1.60000000000001	0.533	1153	39.7402597402597	0.2	0.181629982590675	0.0183700174093246	8.46544581074869E-06	21455.4539301471	0.2	0.199990386143327	0.0183700174093246
967.831999778748	1.60000000000001	0.534	1153	39.7402597402597	0.2	0.181956637930125	0.018043362069875	8.31491339625576E-06	21883.166938583	0.2	0.200970352161676	0.018043362069875
968.319999217987	1.60000000000001	0.535	1153	39.7402597402597	0.2	0.181956637930125	0.018043362069875	8.31491339625576E-06	21883.166938583	0.2	0.201623662840575	0.018043362069875
968.829999446869	1.50000000000001	0.481	1153	39.7402597402597	0.2	0.181956637930125	0.018043362069875	8.31491339625576E-06	21883.166938583	0.2	0.200970352161676	0.018043362069875
969.333999633789	1.50000000000001	0.484	1153	39.7402597402597	0.2	0.181629982590675	0.0183700174093246	8.46544581074869E-06	21455.4539301471	0.2	0.200317041482776	0.0183700174093246
969.837999343872	1.50000000000001	0.488	1153	39.7402597402597	0.2	0.181956637930125	0.018043362069875	8.31491339625576E-06	21883.166938583	0.2	0.199990386143327	0.018043362069875
970.329999446869	1.50000000000001	0.489	1152	39.4805194805195	0.2	0.181303327251226	0.0186966727487743	8.61597822524161E-06	21042.6863336393	0.2	0.200317041482776	0.0186966727487743
970.828999519348	1.50000000000001	0.492	1152	39.4805194805195	0.2	0.181303327251226	0.0186966727487743	8.61597822524161E-06	21042.6863336393	0.2	0.199337075464427	0.0186966727487743
971.341999530792	1.50000000000001	0.492	1152	39.4805194805195	0.2	0.181303327251226	0.0186966727487743	8.61597822524161E-06	21042.6863336393	0.2	0.199990386143327	0.0186966727487743
971.831999778748	1.50000000000001	0.494	1152	39.4805194805195	0.2	0.182609948609024	0.0173900513909757	8.01384856726991E-06	22786.7980129844	0.2	0.200317041482776	0.0173900513909757
972.339999198914	1.50000000000001	0.495	1152	39.4805194805195	0.2	0.182283293269575	0.0177167067304254	8.16438098176284E-06	22326.6520360514	0.2	0.200643696822226	0.0177167067304254
972.833999156952	1.50000000000001	0.496	1152	39.4805194805195	0.2	0.181303327251226	0.0186966727487743	8.61597822524161E-06	21042.6863336393	0.2	0.199990386143327	0.0186966727487743
973.334999084473	1.50000000000001	0.497	1152	39.4805194805195	0.2	0.181629982590675	0.0183700174093246	8.46544581074869E-06	21455.4539301471	0.2	0.200643696822226	0.0183700174093246
973.860999584198	1.50000000000001	0.498	1152	39.4805194805195	0.2	0.181956637930125	0.018043362069875	8.31491339625576E-06	21883.166938583	0.2	0.199663730803877	0.018043362069875
974.326999187469	1.50000000000001	0.499	1151	39.2207792207792	0.2	0.182283293269575	0.0177167067304254	8.16438098176284E-06	22326.6520360514	0.2	0.199990386143327	0.0177167067304254
974.828999519348	1.50000000000001	0.5	1151	39.2207792207792	0.2	0.181303327251226	0.0186966727487743	8.61597822524161E-06	21042.6863336393	0.2	0.200643696822226	0.0186966727487743
975.328999519348	1.50000000000001	0.5	1151	39.2207792207792	0.2	0.181956637930125	0.018043362069875	8.31491339625576E-06	21883.166938583	0.2	0.201297007501125	0.018043362069875
975.844999313354	1.50000000000001	0.501	1151	39.2207792207792	0.2	0.182609948609024	0.0173900513909757	8.01384856726991E-06	22786.7980129844	0.2	0.200643696822226	0.0173900513909757
976.332999706268	1.50000000000001	0.502	1150	38.961038961039	0.2	0.181629982590675	0.0183700174093246	8.46544581074869E-06	21455.4539301471	0.2	0.200317041482776	0.0183700174093246
976.845998764038	1.40000000000001	0.502	1150	38.961038961039	0.2	0.181629982590675	0.0183700174093246	8.46544581074869E-06	21455.4539301471	0.2	0.200317041482776	0.0183700174093246
977.328999519348	1.40000000000001	0.451	1150	38.961038961039	0.2	0.181956637930125	0.018043362069875	8.31491339625576E-06	21883.166938583	0.2	0.201623662840575	0.018043362069875
977.823999404907	1.40000000000001	0.453	1150	38.961038961039	0.2	0.182283293269575	0.0177167067304254	8.16438098176284E-06	22326.6520360514	0.2	0.201623662840575	0.0177167067304254
978.323999404907	1.40000000000001	0.456	1150	38.961038961039	0.2	0.182283293269575	0.0177167067304254	8.16438098176284E-06	22326.6520360514	0.2	0.201623662840575	0.0177167067304254
978.83199930191	1.40000000000001	0.457	1150	38.961038961039	0.2	0.181956637930125	0.018043362069875	8.31491339625576E-06	21883.166938583	0.2	0.201297007501125	0.018043362069875
979.333999156952	1.40000000000001	0.46	1150	38.961038961039	0.2	0.182283293269575	0.0177167067304254	8.16438098176284E-06	22326.6520360514	0.2	0.200643696822226	0.0177167067304254
979.83199930191	1.40000000000001	0.46	1150	38.961038961039	0.2	0.181956637930125	0.018043362069875	8.31491339625576E-06	21883.166938583	0.2	0.199990386143327	0.018043362069875
980.323999404907	1.40000000000001	0.462	1149	38.7012987012987	0.2	0.182283293269575	0.0177167067304254	8.16438098176284E-06	22326.6520360514	0.2	0.201297007501125	0.0177167067304254
980.829999446869	1.40000000000001	0.463	1149	38.7012987012987	0.2	0.181956637930125	0.018043362069875	8.31491339625576E-06	21883.166938583	0.2	0.200970352161676	0.018043362069875
981.334999084473	1.40000000000001	0.464	1149	38.7012987012987	0.2	0.182936603948474	0.0170633960515261	7.86331615277699E-06	23264.5617185147	0.2	0.199990386143327	0.0170633960515261
981.826999187469	1.40000000000001	0.465	1149	38.7012987012987	0.2	0.182609948609024	0.0173900513909757	8.01384856726991E-06	22786.7980129844	0.2	0.200643696822226	0.0173900513909757
982.337999820709	1.40000000000001	0.466	1149	38.7012987012987	0.2	0.182283293269575	0.0177167067304254	8.16438098176284E-06	22326.6520360514	0.2	0.199663730803877	0.0177167067304254
982.832999706268	1.40000000000001	0.466	1149	38.7012987012987	0.2	0.182283293269575	0.0177167067304254	8.16438098176284E-06	22326.6520360514	0.2	0.201297007501125	0.0177167067304254
983.327999591827	1.40000000000001	0.467	1149	38.7012987012987	0.2	0.182283293269575	0.0177167067304254	8.16438098176284E-06	22326.6520360514	0.2	0.200317041482776	0.0177167067304254
983.83099937439	1.40000000000001	0.468	1148	38.4415584415585	0.2	0.182609948609024	0.0173900513909757	8.01384856726991E-06	22786.7980129844	0.2	0.201297007501125	0.0173900513909757
984.32799911499	1.40000000000001	0.468	1148	38.4415584415585	0.2	0.182936603948474	0.0170633960515261	7.86331615277699E-06	23264.5617185147	0.2	0.200970352161676	0.0170633960515261
984.833999633789	1.40000000000001	0.469	1148	38.4415584415585	0.2	0.182609948609024	0.0173900513909757	8.01384856726991E-06	22786.7980129844	0.2	0.199990386143327	0.0173900513909757
985.33099937439	1.30000000000001	0.416	1147	38.1818181818182	0.2	0.181629982590675	0.0183700174093246	8.46544581074869E-06	21455.4539301471	0.2	0.201297007501125	0.0183700174093246
985.835999011993	1.30000000000001	0.418	1147	38.1818181818182	0.2	0.182283293269575	0.0177167067304254	8.16438098176284E-06	22326.6520360514	0.2	0.201623662840575	0.0177167067304254
986.351999282837	1.30000000000001	0.422	1147	38.1818181818182	0.2	0.183263259287924	0.0167367407120764	7.71278373828407E-06	23760.9747020725	0.2	0.200317041482776	0.0167367407120764
986.823999404907	1.30000000000001	0.424	1146	37.922077922078	0.2	0.182936603948474	0.0170633960515261	7.86331615277699E-06	23264.5617185147	0.2	0.200643696822226	0.0170633960515261
987.343999862671	1.30000000000001	0.425	1146	37.922077922078	0.2	0.182283293269575	0.0177167067304254	8.16438098176284E-06	22326.6520360514	0.2	0.200317041482776	0.0177167067304254
987.834000110626	1.30000000000001	0.427	1146	37.922077922078	0.2	0.182609948609024	0.0173900513909757	8.01384856726991E-06	22786.7980129844	0.2	0.200317041482776	0.0173900513909757
988.322999477386	1.30000000000001	0.428	1146	37.922077922078	0.2	0.182609948609024	0.0173900513909757	8.01384856726991E-06	22786.7980129844	0.2	0.199990386143327	0.0173900513909757
988.850999832153	1.30000000000001	0.429	1146	37.922077922078	0.2	0.182609948609024	0.0173900513909757	8.01384856726991E-06	22786.7980129844	0.2	0.200970352161676	0.0173900513909757
989.328999519348	1.30000000000001	0.43	1146	37.922077922078	0.2	0.182936603948474	0.0170633960515261	7.86331615277699E-06	23264.5617185147	0.2	0.201623662840575	0.0170633960515261
989.842998981476	1.30000000000001	0.431	1145	37.6623376623377	0.2	0.182609948609024	0.0173900513909757	8.01384856726991E-06	22786.7980129844	0.2	0.200643696822226	0.0173900513909757
990.334999084473	1.30000000000001	0.432	1146	37.922077922078	0.2	0.182283293269575	0.0177167067304254	8.16438098176284E-06	22326.6520360514	0.2	0.200643696822226	0.0177167067304254
990.829999923706	1.30000000000001	0.433	1146	37.922077922078	0.2	0.182283293269575	0.0177167067304254	8.16438098176284E-06	22326.6520360514	0.2	0.200643696822226	0.0177167067304254
991.338999271393	1.30000000000001	0.433	1145	37.6623376623377	0.2	0.182283293269575	0.0177167067304254	8.16438098176284E-06	22326.6520360514	0.2	0.199990386143327	0.0177167067304254
991.83099937439	1.30000000000001	0.434	1145	37.6623376623377	0.2	0.182936603948474	0.0170633960515261	7.86331615277699E-06	23264.5617185147	0.2	0.200317041482776	0.0170633960515261
992.33199930191	1.30000000000001	0.435	1145	37.6623376623377	0.2	0.183589914627373	0.0164100853726268	7.56225132379114E-06	24277.1506482193	0.2	0.199990386143327	0.0164100853726268
992.858999729156	1.30000000000001	0.435	1145	37.6623376623377	0.2	0.182283293269575	0.0177167067304254	8.16438098176284E-06	22326.6520360514	0.2	0.200970352161676	0.0177167067304254
993.357999324799	1.20000000000001	0.436	1145	37.6623376623377	0.2	0.182283293269575	0.0177167067304254	8.16438098176284E-06	22326.6520360514	0.2	0.200643696822226	0.0177167067304254
993.84299993515	1.20000000000001	0.385	1145	37.6623376623377	0.2	0.182609948609024	0.0173900513909757	8.01384856726991E-06	22786.7980129844	0.2	0.200643696822226	0.0173900513909757
994.33199930191	1.20000000000001	0.387	1144	37.4025974025975	0.2	0.182283293269575	0.0177167067304254	8.16438098176284E-06	22326.6520360514	0.2	0.199663730803877	0.0177167067304254
994.831999778748	1.20000000000001	0.39	1144	37.4025974025975	0.2	0.183263259287924	0.0167367407120764	7.71278373828407E-06	23760.9747020725	0.2	0.200643696822226	0.0167367407120764
995.333999633789	1.20000000000001	0.391	1144	37.4025974025975	0.2	0.182609948609024	0.0173900513909757	8.01384856726991E-06	22786.7980129844	0.2	0.200643696822226	0.0173900513909757
995.824999809265	1.20000000000001	0.393	1144	37.4025974025975	0.2	0.182609948609024	0.0173900513909757	8.01384856726991E-06	22786.7980129844	0.2	0.200970352161676	0.0173900513909757
996.345999717712	1.20000000000001	0.394	1144	37.4025974025975	0.2	0.182283293269575	0.0177167067304254	8.16438098176284E-06	22326.6520360514	0.2	0.200317041482776	0.0177167067304254
996.836998939514	1.20000000000001	0.395	1144	37.4025974025975	0.2	0.182936603948474	0.0170633960515261	7.86331615277699E-06	23264.5617185147	0.2	0.201623662840575	0.0170633960515261
997.337999343872	1.20000000000001	0.396	1143	37.1428571428571	0.2	0.182936603948474	0.0170633960515261	7.86331615277699E-06	23264.5617185147	0.2	0.200317041482776	0.0170633960515261
997.820000171661	1.20000000000001	0.398	1143	37.1428571428571	0.2	0.183263259287924	0.0167367407120764	7.71278373828407E-06	23760.9747020725	0.2	0.201297007501125	0.0167367407120764
998.335999965668	1.20000000000001	0.398	1143	37.1428571428571	0.2	0.182936603948474	0.0170633960515261	7.86331615277699E-06	23264.5617185147	0.2	0.200317041482776	0.0170633960515261
998.848999500275	1.20000000000001	0.399	1143	37.1428571428571	0.2	0.183263259287924	0.0167367407120764	7.71278373828407E-06	23760.9747020725	0.2	0.199990386143327	0.0167367407120764
999.330999851227	1.20000000000001	0.4	1143	37.1428571428571	0.2	0.183263259287924	0.0167367407120764	7.71278373828407E-06	23760.9747020725	0.2	0.200317041482776	0.0167367407120764
999.837999343872	1.20000000000001	0.401	1142	36.8831168831169	0.2	0.182609948609024	0.0173900513909757	8.01384856726991E-06	22786.7980129844	0.2	0.200643696822226	0.0173900513909757
1000.33399915695	1.20000000000001	0.401	1142	36.8831168831169	0.2	0.182283293269575	0.0177167067304254	8.16438098176284E-06	22326.6520360514	0.2	0.199990386143327	0.0177167067304254
1000.83999967575	1.20000000000001	0.402	1142	36.8831168831169	0.2	0.182609948609024	0.0173900513909757	8.01384856726991E-06	22786.7980129844	0.2	0.199990386143327	0.0173900513909757
1001.33499956131	1.20000000000001	0.402	1142	36.8831168831169	0.2	0.182936603948474	0.0170633960515261	7.86331615277699E-06	23264.5617185147	0.2	0.199990386143327	0.0170633960515261
1001.84399938583	1.10000000000001	0.403	1142	36.8831168831169	0.2	0.182936603948474	0.0170633960515261	7.86331615277699E-06	23264.5617185147	0.2	0.200970352161676	0.0170633960515261
1002.32899951935	1.10000000000001	0.352	1142	36.8831168831169	0.2	0.183589914627373	0.0164100853726268	7.56225132379114E-06	24277.1506482193	0.2	0.200970352161676	0.0164100853726268
1002.83500003815	1.10000000000001	0.354	1141	36.6233766233766	0.2	0.182936603948474	0.0170633960515261	7.86331615277699E-06	23264.5617185147	0.2	0.200643696822226	0.0170633960515261
1003.31999969482	1.10000000000001	0.357	1141	36.6233766233766	0.2	0.183263259287924	0.0167367407120764	7.71278373828407E-06	23760.9747020725	0.2	0.200317041482776	0.0167367407120764
1003.83099889755	1.10000000000001	0.358	1141	36.6233766233766	0.2	0.183916569966823	0.0160834300331771	7.41171890929822E-06	24814.293717493	0.2	0.201297007501125	0.0160834300331771
1004.34499979019	1.10000000000001	0.36	1141	36.6233766233766	0.2	0.183263259287924	0.0167367407120764	7.71278373828407E-06	23760.9747020725	0.2	0.200643696822226	0.0167367407120764
1004.83799886703	1.10000000000001	0.361	1141	36.6233766233766	0.2	0.183916569966823	0.0160834300331771	7.41171890929822E-06	24814.293717493	0.2	0.200970352161676	0.0160834300331771
1005.33499908447	1.10000000000001	0.362	1140	36.3636363636364	0.2	0.183589914627373	0.0164100853726268	7.56225132379114E-06	24277.1506482193	0.2	0.200643696822226	0.0164100853726268
1005.83499956131	1.10000000000001	0.363	1141	36.6233766233766	0.2	0.183916569966823	0.0160834300331771	7.41171890929822E-06	24814.293717493	0.2	0.200643696822226	0.0160834300331771
1006.33699941635	1.10000000000001	0.365	1140	36.3636363636364	0.2	0.183589914627373	0.0164100853726268	7.56225132379114E-06	24277.1506482193	0.2	0.200970352161676	0.0164100853726268
1006.8499994278	1.10000000000001	0.365	1140	36.3636363636364	0.2	0.182936603948474	0.0170633960515261	7.86331615277699E-06	23264.5617185147	0.2	0.201297007501125	0.0170633960515261
1007.32099962234	1.10000000000001	0.366	1140	36.3636363636364	0.2	0.184243225306273	0.0157567746937275	7.2611864948053E-06	25373.7079247422	0.2	0.200317041482776	0.0157567746937275
1007.83499956131	1.10000000000001	0.367	1139	36.1038961038961	0.2	0.182609948609024	0.0173900513909757	8.01384856726991E-06	22786.7980129844	0.2	0.201297007501125	0.0173900513909757
1008.33799934387	1.10000000000001	0.368	1139	36.1038961038961	0.2	0.183916569966823	0.0160834300331771	7.41171890929822E-06	24814.293717493	0.2	0.200970352161676	0.0160834300331771
1008.82899951935	1.10000000000001	0.368	1139	36.1038961038961	0.2	0.183263259287924	0.0167367407120764	7.71278373828407E-06	23760.9747020725	0.2	0.201297007501125	0.0167367407120764
1009.33399915695	1.10000000000001	0.369	1139	36.1038961038961	0.2	0.183263259287924	0.0167367407120764	7.71278373828407E-06	23760.9747020725	0.2	0.200317041482776	0.0167367407120764
1009.82600021362	1.10000000000001	0.369	1139	36.1038961038961	0.2	0.183589914627373	0.0164100853726268	7.56225132379114E-06	24277.1506482193	0.2	0.200970352161676	0.0164100853726268
1010.31999921799	1.00000000000001	0.37	1139	36.1038961038961	0.2	0.183916569966823	0.0160834300331771	7.41171890929822E-06	24814.293717493	0.2	0.199990386143327	0.0160834300331771
1010.83199930191	1.00000000000001	0.318	1138	35.8441558441559	0.2	0.183263259287924	0.0167367407120764	7.71278373828407E-06	23760.9747020725	0.2	0.200970352161676	0.0167367407120764
1011.35500001907	1.00000000000001	0.32	1138	35.8441558441559	0.2	0.184569880645722	0.0154301193542778	7.11065408031237E-06	25956.8077086959	0.2	0.200643696822226	0.0154301193542778
1011.82499933243	1.00000000000001	0.323	1138	35.8441558441559	0.2	0.184243225306273	0.0157567746937275	7.2611864948053E-06	25373.7079247422	0.2	0.200970352161676	0.0157567746937275
1012.33099985123	1.00000000000001	0.324	1138	35.8441558441559	0.2	0.183916569966823	0.0160834300331771	7.41171890929822E-06	24814.293717493	0.2	0.200317041482776	0.0160834300331771
1012.84899902344	1.00000000000001	0.326	1138	35.8441558441559	0.2	0.183589914627373	0.0164100853726268	7.56225132379114E-06	24277.1506482193	0.2	0.200970352161676	0.0164100853726268
1013.34699964523	1.00000000000001	0.327	1138	35.8441558441559	0.2	0.183263259287924	0.0167367407120764	7.71278373828407E-06	23760.9747020725	0.2	0.200643696822226	0.0167367407120764
1013.82399940491	1.00000000000001	0.329	1137	35.5844155844156	0.2	0.183589914627373	0.0164100853726268	7.56225132379114E-06	24277.1506482193	0.2	0.200643696822226	0.0164100853726268
1014.33099985123	1.00000000000001	0.329	1137	35.5844155844156	0.2	0.182936603948474	0.0170633960515261	7.86331615277699E-06	23264.5617185147	0.2	0.201623662840575	0.0170633960515261
1014.83799934387	1.00000000000001	0.331	1137	35.5844155844156	0.2	0.183916569966823	0.0160834300331771	7.41171890929822E-06	24814.293717493	0.2	0.200317041482776	0.0160834300331771
1015.34599971771	1.00000000000001	0.331	1137	35.5844155844156	0.2	0.183916569966823	0.0160834300331771	7.41171890929822E-06	24814.293717493	0.2	0.199663730803877	0.0160834300331771
1015.85199928284	1.00000000000001	0.332	1137	35.5844155844156	0.2	0.183589914627373	0.0164100853726268	7.56225132379114E-06	24277.1506482193	0.2	0.200970352161676	0.0164100853726268
1016.32799911499	1.00000000000001	0.333	1137	35.5844155844156	0.2	0.184243225306273	0.0157567746937275	7.2611864948053E-06	25373.7079247422	0.2	0.200970352161676	0.0157567746937275
1016.82999992371	1.00000000000001	0.333	1137	35.5844155844156	0.2	0.183263259287924	0.0167367407120764	7.71278373828407E-06	23760.9747020725	0.2	0.200970352161676	0.0167367407120764
1017.33099937439	1.00000000000001	0.334	1137	35.5844155844156	0.2	0.184243225306273	0.0157567746937275	7.2611864948053E-06	25373.7079247422	0.2	0.201297007501125	0.0157567746937275
1017.85199928284	1.00000000000001	0.335	1137	35.5844155844156	0.2	0.183263259287924	0.0167367407120764	7.71278373828407E-06	23760.9747020725	0.2	0.200643696822226	0.0167367407120764
1018.32999897003	1.00000000000001	0.335	1137	35.5844155844156	0.2	0.183589914627373	0.0164100853726268	7.56225132379114E-06	24277.1506482193	0.2	0.200970352161676	0.0164100853726268
1018.82399988174	0.900000000000006	0.281	1136	35.3246753246754	0.2	0.184243225306273	0.0157567746937275	7.2611864948053E-06	25373.7079247422	0.2	0.200643696822226	0.0157567746937275
1019.33899927139	0.900000000000006	0.284	1136	35.3246753246754	0.2	0.183263259287924	0.0167367407120764	7.71278373828407E-06	23760.9747020725	0.2	0.200317041482776	0.0167367407120764
1019.84299945831	0.900000000000006	0.288	1136	35.3246753246754	0.2	0.183916569966823	0.0160834300331771	7.41171890929822E-06	24814.293717493	0.2	0.200643696822226	0.0160834300331771
1020.33899974823	0.900000000000006	0.289	1135	35.0649350649351	0.2	0.183916569966823	0.0160834300331771	7.41171890929822E-06	24814.293717493	0.2	0.200970352161676	0.0160834300331771
1020.85699939728	0.900000000000006	0.291	1136	35.3246753246754	0.2	0.183589914627373	0.0164100853726268	7.56225132379114E-06	24277.1506482193	0.2	0.200970352161676	0.0164100853726268
1021.32899951935	0.900000000000006	0.292	1136	35.3246753246754	0.2	0.183589914627373	0.0164100853726268	7.56225132379114E-06	24277.1506482193	0.2	0.199663730803877	0.0164100853726268
1021.84399986267	0.900000000000006	0.294	1135	35.0649350649351	0.2	0.183916569966823	0.0160834300331771	7.41171890929822E-06	24814.293717493	0.2	0.199990386143327	0.0160834300331771
1022.34199953079	0.900000000000006	0.295	1135	35.0649350649351	0.2	0.183916569966823	0.0160834300331771	7.41171890929822E-06	24814.293717493	0.2	0.200643696822226	0.0160834300331771
1022.84500026703	0.900000000000006	0.295	1135	35.0649350649351	0.2	0.184243225306273	0.0157567746937275	7.2611864948053E-06	25373.7079247422	0.2	0.200317041482776	0.0157567746937275
1023.32899951935	0.900000000000006	0.297	1135	35.0649350649351	0.2	0.183589914627373	0.0164100853726268	7.56225132379114E-06	24277.1506482193	0.2	0.200317041482776	0.0164100853726268
1023.83300018311	0.900000000000006	0.297	1135	35.0649350649351	0.2	0.184243225306273	0.0157567746937275	7.2611864948053E-06	25373.7079247422	0.2	0.200643696822226	0.0157567746937275
1024.34199953079	0.900000000000006	0.298	1135	35.0649350649351	0.2	0.184569880645722	0.0154301193542778	7.11065408031237E-06	25956.8077086959	0.2	0.200643696822226	0.0154301193542778
1024.84299945831	0.900000000000006	0.298	1135	35.0649350649351	0.2	0.184569880645722	0.0154301193542778	7.11065408031237E-06	25956.8077086959	0.2	0.200317041482776	0.0154301193542778
1025.32199907303	0.900000000000006	0.3	1135	35.0649350649351	0.2	0.184569880645722	0.0154301193542778	7.11065408031237E-06	25956.8077086959	0.2	0.199990386143327	0.0154301193542778
1025.82499980927	0.900000000000006	0.3	1135	35.0649350649351	0.2	0.183589914627373	0.0164100853726268	7.56225132379114E-06	24277.1506482193	0.2	0.199990386143327	0.0164100853726268
1026.33099985123	0.900000000000006	0.301	1135	35.0649350649351	0.2	0.184243225306273	0.0157567746937275	7.2611864948053E-06	25373.7079247422	0.2	0.199990386143327	0.0157567746937275
1026.83799982071	0.900000000000006	0.301	1135	35.0649350649351	0.2	0.183916569966823	0.0160834300331771	7.41171890929822E-06	24814.293717493	0.2	0.200970352161676	0.0160834300331771
1027.35099983215	0.800000000000006	0.247	1134	34.8051948051949	0.2	0.183589914627373	0.0164100853726268	7.56225132379114E-06	24277.1506482193	0.2	0.200643696822226	0.0164100853726268
1027.82299995422	0.800000000000006	0.25	1134	34.8051948051949	0.2	0.183916569966823	0.0160834300331771	7.41171890929822E-06	24814.293717493	0.2	0.200317041482776	0.0160834300331771
1028.33200025558	0.800000000000006	0.253	1134	34.8051948051949	0.2	0.183589914627373	0.0164100853726268	7.56225132379114E-06	24277.1506482193	0.2	0.200317041482776	0.0164100853726268
1028.84399938583	0.800000000000006	0.255	1134	34.8051948051949	0.2	0.183916569966823	0.0160834300331771	7.41171890929822E-06	24814.293717493	0.2	0.200643696822226	0.0160834300331771
1029.33399963379	0.800000000000006	0.257	1134	34.8051948051949	0.2	0.184569880645722	0.0154301193542778	7.11065408031237E-06	25956.8077086959	0.2	0.200317041482776	0.0154301193542778
1029.83499956131	0.800000000000006	0.258	1134	34.8051948051949	0.2	0.184243225306273	0.0157567746937275	7.2611864948053E-06	25373.7079247422	0.2	0.200970352161676	0.0157567746937275
1030.32899951935	0.800000000000006	0.26	1134	34.8051948051949	0.2	0.183916569966823	0.0160834300331771	7.41171890929822E-06	24814.293717493	0.2	0.200970352161676	0.0160834300331771
1030.82899904251	0.800000000000006	0.26	1134	34.8051948051949	0.2	0.184243225306273	0.0157567746937275	7.2611864948053E-06	25373.7079247422	0.2	0.201297007501125	0.0157567746937275
1031.34600019455	0.800000000000006	0.262	1134	34.8051948051949	0.2	0.184243225306273	0.0157567746937275	7.2611864948053E-06	25373.7079247422	0.2	0.200317041482776	0.0157567746937275
1031.83699941635	0.800000000000006	0.262	1133	34.5454545454545	0.2	0.182936603948474	0.0170633960515261	7.86331615277699E-06	23264.5617185147	0.2	0.200317041482776	0.0170633960515261
1032.34100008011	0.800000000000006	0.263	1133	34.5454545454545	0.2	0.183916569966823	0.0160834300331771	7.41171890929822E-06	24814.293717493	0.2	0.200643696822226	0.0160834300331771
1032.83500003815	0.800000000000006	0.263	1133	34.5454545454545	0.2	0.183263259287924	0.0167367407120764	7.71278373828407E-06	23760.9747020725	0.2	0.200317041482776	0.0167367407120764
1033.33699893951	0.800000000000006	0.265	1133	34.5454545454545	0.2	0.184569880645722	0.0154301193542778	7.11065408031237E-06	25956.8077086959	0.2	0.200643696822226	0.0154301193542778
1033.83399963379	0.800000000000006	0.265	1133	34.5454545454545	0.2	0.183589914627373	0.0164100853726268	7.56225132379114E-06	24277.1506482193	0.2	0.200317041482776	0.0164100853726268
1034.33399915695	0.800000000000006	0.266	1133	34.5454545454545	0.2	0.183589914627373	0.0164100853726268	7.56225132379114E-06	24277.1506482193	0.2	0.199990386143327	0.0164100853726268
1034.83699893951	0.800000000000006	0.266	1133	34.5454545454545	0.2	0.184243225306273	0.0157567746937275	7.2611864948053E-06	25373.7079247422	0.2	0.200317041482776	0.0157567746937275
1035.3469991684	0.700000000000006	0.267	1133	34.5454545454545	0.2	0.184896535985172	0.0151034640148282	6.96012166581945E-06	26565.1298731145	0.2	0.200317041482776	0.0151034640148282
1035.83699941635	0.700000000000006	0.215	1132	34.2857142857143	0.2	0.184243225306273	0.0157567746937275	7.2611864948053E-06	25373.7079247422	0.2	0.200317041482776	0.0157567746937275
1036.33899927139	0.700000000000006	0.217	1132	34.2857142857143	0.2	0.183916569966823	0.0160834300331771	7.41171890929822E-06	24814.293717493	0.2	0.200643696822226	0.0160834300331771
1036.83699989319	0.700000000000006	0.22	1132	34.2857142857143	0.2	0.185223191324621	0.0147768086753786	6.80958925132653E-06	27200.3471117644	0.2	0.200643696822226	0.0147768086753786
1037.33599996567	0.700000000000006	0.221	1132	34.2857142857143	0.2	0.184243225306273	0.0157567746937275	7.2611864948053E-06	25373.7079247422	0.2	0.199337075464427	0.0157567746937275
1037.82100009918	0.700000000000006	0.223	1132	34.2857142857143	0.2	0.184569880645722	0.0154301193542778	7.11065408031237E-06	25956.8077086959	0.2	0.200317041482776	0.0154301193542778
1038.32699871063	0.700000000000006	0.224	1132	34.2857142857143	0.2	0.183916569966823	0.0160834300331771	7.41171890929822E-06	24814.293717493	0.2	0.200970352161676	0.0160834300331771
1038.83799982071	0.700000000000006	0.225	1132	34.2857142857143	0.2	0.183916569966823	0.0160834300331771	7.41171890929822E-06	24814.293717493	0.2	0.200317041482776	0.0160834300331771
1039.33799982071	0.700000000000006	0.226	1132	34.2857142857143	0.2	0.183916569966823	0.0160834300331771	7.41171890929822E-06	24814.293717493	0.2	0.200317041482776	0.0160834300331771
1039.82899999619	0.700000000000006	0.227	1132	34.2857142857143	0.2	0.184569880645722	0.0154301193542778	7.11065408031237E-06	25956.8077086959	0.2	0.200643696822226	0.0154301193542778
1040.34299898148	0.700000000000006	0.228	1132	34.2857142857143	0.2	0.184243225306273	0.0157567746937275	7.2611864948053E-06	25373.7079247422	0.2	0.200643696822226	0.0157567746937275
1040.81999969482	0.700000000000006	0.228	1131	34.025974025974	0.2	0.185223191324621	0.0147768086753786	6.80958925132653E-06	27200.3471117644	0.2	0.199990386143327	0.0147768086753786
1041.34199953079	0.700000000000006	0.229	1132	34.2857142857143	0.2	0.184896535985172	0.0151034640148282	6.96012166581945E-06	26565.1298731145	0.2	0.200643696822226	0.0151034640148282
1041.82899999619	0.700000000000006	0.23	1131	34.025974025974	0.2	0.184896535985172	0.0151034640148282	6.96012166581945E-06	26565.1298731145	0.2	0.199663730803877	0.0151034640148282
1042.32999944687	0.700000000000006	0.23	1131	34.025974025974	0.2	0.184896535985172	0.0151034640148282	6.96012166581945E-06	26565.1298731145	0.2	0.201297007501125	0.0151034640148282
1042.83299922943	0.700000000000006	0.231	1131	34.025974025974	0.2	0.184569880645722	0.0154301193542778	7.11065408031237E-06	25956.8077086959	0.2	0.200317041482776	0.0154301193542778
1043.33199930191	0.700000000000006	0.232	1131	34.025974025974	0.2	0.184569880645722	0.0154301193542778	7.11065408031237E-06	25956.8077086959	0.2	0.200643696822226	0.0154301193542778
1043.84799909592	0.600000000000006	0.177	1131	34.025974025974	0.2	0.184243225306273	0.0157567746937275	7.2611864948053E-06	25373.7079247422	0.2	0.200970352161676	0.0157567746937275
1044.34700012207	0.600000000000006	0.179	1131	34.025974025974	0.2	0.184243225306273	0.0157567746937275	7.2611864948053E-06	25373.7079247422	0.2	0.200970352161676	0.0157567746937275
1044.83399915695	0.600000000000006	0.183	1130	33.7662337662338	0.2	0.183916569966823	0.0160834300331771	7.41171890929822E-06	24814.293717493	0.2	0.199663730803877	0.0160834300331771
1045.33699893951	0.600000000000006	0.184	1130	33.7662337662338	0.2	0.183916569966823	0.0160834300331771	7.41171890929822E-06	24814.293717493	0.2	0.199990386143327	0.0160834300331771
1045.84899902344	0.600000000000006	0.186	1131	34.025974025974	0.2	0.184569880645722	0.0154301193542778	7.11065408031237E-06	25956.8077086959	0.2	0.200317041482776	0.0154301193542778
1046.35499954224	0.600000000000006	0.187	1130	33.7662337662338	0.2	0.183916569966823	0.0160834300331771	7.41171890929822E-06	24814.293717493	0.2	0.200317041482776	0.0160834300331771
1046.83699941635	0.600000000000006	0.188	1130	33.7662337662338	0.2	0.185223191324621	0.0147768086753786	6.80958925132653E-06	27200.3471117644	0.2	0.200643696822226	0.0147768086753786
1047.32499885559	0.600000000000006	0.19	1130	33.7662337662338	0.2	0.184243225306273	0.0157567746937275	7.2611864948053E-06	25373.7079247422	0.2	0.200317041482776	0.0157567746937275
1047.84899950027	0.600000000000006	0.19	1129	33.5064935064935	0.2	0.184896535985172	0.0151034640148282	6.96012166581945E-06	26565.1298731145	0.2	0.201297007501125	0.0151034640148282
1048.33599948883	0.600000000000006	0.192	1130	33.7662337662338	0.2	0.184896535985172	0.0151034640148282	6.96012166581945E-06	26565.1298731145	0.2	0.201297007501125	0.0151034640148282
1048.82499885559	0.600000000000006	0.192	1129	33.5064935064935	0.2	0.184896535985172	0.0151034640148282	6.96012166581945E-06	26565.1298731145	0.2	0.200317041482776	0.0151034640148282
1049.32499980927	0.600000000000006	0.193	1129	33.5064935064935	0.2	0.184569880645722	0.0154301193542778	7.11065408031237E-06	25956.8077086959	0.2	0.200643696822226	0.0154301193542778
1049.83199930191	0.600000000000006	0.194	1129	33.5064935064935	0.2	0.183916569966823	0.0160834300331771	7.41171890929822E-06	24814.293717493	0.2	0.200643696822226	0.0160834300331771
1050.34299945831	0.600000000000006	0.194	1129	33.5064935064935	0.2	0.184896535985172	0.0151034640148282	6.96012166581945E-06	26565.1298731145	0.2	0.199990386143327	0.0151034640148282
1050.85999917984	0.600000000000006	0.195	1129	33.5064935064935	0.2	0.184896535985172	0.0151034640148282	6.96012166581945E-06	26565.1298731145	0.2	0.200643696822226	0.0151034640148282
1051.33199930191	0.600000000000006	0.195	1129	33.5064935064935	0.2	0.184243225306273	0.0157567746937275	7.2611864948053E-06	25373.7079247422	0.2	0.199990386143327	0.0157567746937275
1051.82599925995	0.600000000000006	0.196	1129	33.5064935064935	0.2	0.185223191324621	0.0147768086753786	6.80958925132653E-06	27200.3471117644	0.2	0.200317041482776	0.0147768086753786
1052.33999967575	0.500000000000006	0.142	1129	33.5064935064935	0.2	0.184243225306273	0.0157567746937275	7.2611864948053E-06	25373.7079247422	0.2	0.200970352161676	0.0157567746937275
1052.82799959183	0.500000000000006	0.144	1129	33.5064935064935	0.2	0.184896535985172	0.0151034640148282	6.96012166581945E-06	26565.1298731145	0.2	0.200643696822226	0.0151034640148282
1053.34499979019	0.500000000000006	0.148	1128	33.2467532467532	0.2	0.184896535985172	0.0151034640148282	6.96012166581945E-06	26565.1298731145	0.2	0.200317041482776	0.0151034640148282
1053.82999944687	0.500000000000006	0.149	1128	33.2467532467532	0.2	0.184243225306273	0.0157567746937275	7.2611864948053E-06	25373.7079247422	0.2	0.201297007501125	0.0157567746937275
1054.3409986496	0.500000000000006	0.152	1128	33.2467532467532	0.2	0.185549846664071	0.0144501533359289	6.6590568368336E-06	27864.2833678381	0.2	0.200970352161676	0.0144501533359289
1054.85199975967	0.500000000000006	0.152	1128	33.2467532467532	0.2	0.184896535985172	0.0151034640148282	6.96012166581945E-06	26565.1298731145	0.2	0.200970352161676	0.0151034640148282
1055.33900022507	0.500000000000006	0.154	1128	33.2467532467532	0.2	0.185549846664071	0.0144501533359289	6.6590568368336E-06	27864.2833678381	0.2	0.201297007501125	0.0144501533359289
1055.84299993515	0.500000000000006	0.155	1128	33.2467532467532	0.2	0.184569880645722	0.0154301193542778	7.11065408031237E-06	25956.8077086959	0.2	0.200970352161676	0.0154301193542778
1056.32399940491	0.500000000000006	0.156	1128	33.2467532467532	0.2	0.184896535985172	0.0151034640148282	6.96012166581945E-06	26565.1298731145	0.2	0.200317041482776	0.0151034640148282
1056.8469991684	0.500000000000006	0.157	1128	33.2467532467532	0.2	0.184243225306273	0.0157567746937275	7.2611864948053E-06	25373.7079247422	0.2	0.200317041482776	0.0157567746937275
1057.34099912643	0.500000000000006	0.157	1128	33.2467532467532	0.2	0.184569880645722	0.0154301193542778	7.11065408031237E-06	25956.8077086959	0.2	0.200970352161676	0.0154301193542778
1057.83499908447	0.500000000000006	0.158	1128	33.2467532467532	0.2	0.184569880645722	0.0154301193542778	7.11065408031237E-06	25956.8077086959	0.2	0.200643696822226	0.0154301193542778
1058.35399913788	0.500000000000006	0.159	1127	32.987012987013	0.2	0.185223191324621	0.0147768086753786	6.80958925132653E-06	27200.3471117644	0.2	0.199663730803877	0.0147768086753786
1058.8250002861	0.500000000000006	0.159	1128	33.2467532467532	0.2	0.184896535985172	0.0151034640148282	6.96012166581945E-06	26565.1298731145	0.2	0.199990386143327	0.0151034640148282
1059.33199977875	0.500000000000006	0.16	1127	32.987012987013	0.2	0.184896535985172	0.0151034640148282	6.96012166581945E-06	26565.1298731145	0.2	0.200317041482776	0.0151034640148282
1059.82599973679	0.500000000000006	0.16	1127	32.987012987013	0.2	0.183916569966823	0.0160834300331771	7.41171890929822E-06	24814.293717493	0.2	0.200970352161676	0.0160834300331771
1060.34699964523	0.400000000000006	0.161	1127	32.987012987013	0.2	0.185223191324621	0.0147768086753786	6.80958925132653E-06	27200.3471117644	0.2	0.200970352161676	0.0147768086753786
1060.83399915695	0.400000000000006	0.108	1127	32.987012987013	0.2	0.184896535985172	0.0151034640148282	6.96012166581945E-06	26565.1298731145	0.2	0.200317041482776	0.0151034640148282
1061.33399963379	0.400000000000006	0.11	1127	32.987012987013	0.2	0.184243225306273	0.0157567746937275	7.2611864948053E-06	25373.7079247422	0.2	0.200317041482776	0.0157567746937275
1061.85099935532	0.400000000000006	0.113	1127	32.987012987013	0.2	0.185876502003521	0.0141234979964793	6.50852442234068E-06	28558.9313248169	0.2	0.200643696822226	0.0141234979964793
1062.32799959183	0.400000000000006	0.115	1126	32.7272727272727	0.2	0.185223191324621	0.0147768086753786	6.80958925132653E-06	27200.3471117644	0.2	0.200970352161676	0.0147768086753786
1062.83499908447	0.400000000000006	0.117	1126	32.7272727272727	0.2	0.184569880645722	0.0154301193542778	7.11065408031237E-06	25956.8077086959	0.2	0.201623662840575	0.0154301193542778
1063.32999992371	0.400000000000006	0.117	1126	32.7272727272727	0.2	0.184569880645722	0.0154301193542778	7.11065408031237E-06	25956.8077086959	0.2	0.200970352161676	0.0154301193542778
1063.83299922943	0.400000000000006	0.119	1126	32.7272727272727	0.2	0.184896535985172	0.0151034640148282	6.96012166581945E-06	26565.1298731145	0.2	0.200643696822226	0.0151034640148282
1064.34199953079	0.400000000000006	0.119	1126	32.7272727272727	0.2	0.184569880645722	0.0154301193542778	7.11065408031237E-06	25956.8077086959	0.2	0.200643696822226	0.0154301193542778
1064.82999897003	0.400000000000006	0.12	1126	32.7272727272727	0.2	0.184569880645722	0.0154301193542778	7.11065408031237E-06	25956.8077086959	0.2	0.200643696822226	0.0154301193542778
1065.34999990463	0.400000000000006	0.121	1126	32.7272727272727	0.2	0.184569880645722	0.0154301193542778	7.11065408031237E-06	25956.8077086959	0.2	0.201623662840575	0.0154301193542778
1065.83399963379	0.400000000000006	0.122	1125	32.4675324675325	0.2	0.184569880645722	0.0154301193542778	7.11065408031237E-06	25956.8077086959	0.2	0.201297007501125	0.0154301193542778
1066.32299947739	0.400000000000006	0.122	1125	32.4675324675325	0.2	0.185223191324621	0.0147768086753786	6.80958925132653E-06	27200.3471117644	0.2	0.200317041482776	0.0147768086753786
1066.83999967575	0.400000000000006	0.123	1125	32.4675324675325	0.2	0.185223191324621	0.0147768086753786	6.80958925132653E-06	27200.3471117644	0.2	0.201623662840575	0.0147768086753786
1067.33299970627	0.400000000000006	0.124	1125	32.4675324675325	0.2	0.185549846664071	0.0144501533359289	6.6590568368336E-06	27864.2833678381	0.2	0.201297007501125	0.0144501533359289
1067.83699941635	0.400000000000006	0.124	1125	32.4675324675325	0.2	0.184569880645722	0.0154301193542778	7.11065408031237E-06	25956.8077086959	0.2	0.199990386143327	0.0154301193542778
1068.33099937439	0.400000000000006	0.125	1125	32.4675324675325	0.2	0.185223191324621	0.0147768086753786	6.80958925132653E-06	27200.3471117644	0.2	0.199990386143327	0.0147768086753786
1068.84699964523	0.300000000000006	0.07	1124	32.2077922077922	0.2	0.184896535985172	0.0151034640148282	6.96012166581945E-06	26565.1298731145	0.2	0.200643696822226	0.0151034640148282
1069.33899974823	0.300000000000006	0.073	1124	32.2077922077922	0.2	0.184896535985172	0.0151034640148282	6.96012166581945E-06	26565.1298731145	0.2	0.200970352161676	0.0151034640148282
1069.84700012207	0.300000000000006	0.076	1125	32.4675324675325	0.2	0.184896535985172	0.0151034640148282	6.96012166581945E-06	26565.1298731145	0.2	0.201297007501125	0.0151034640148282
1070.32799959183	0.300000000000006	0.078	1125	32.4675324675325	0.2	0.184569880645722	0.0154301193542778	7.11065408031237E-06	25956.8077086959	0.2	0.201623662840575	0.0154301193542778
1070.85399913788	0.300000000000006	0.079	1124	32.2077922077922	0.2	0.185549846664071	0.0144501533359289	6.6590568368336E-06	27864.2833678381	0.2	0.200317041482776	0.0144501533359289
1071.32199954987	0.300000000000006	0.081	1124	32.2077922077922	0.2	0.184569880645722	0.0154301193542778	7.11065408031237E-06	25956.8077086959	0.2	0.200643696822226	0.0154301193542778
1071.84299945831	0.300000000000006	0.081	1124	32.2077922077922	0.2	0.184896535985172	0.0151034640148282	6.96012166581945E-06	26565.1298731145	0.2	0.199990386143327	0.0151034640148282
1072.32399892807	0.300000000000006	0.083	1124	32.2077922077922	0.2	0.185223191324621	0.0147768086753786	6.80958925132653E-06	27200.3471117644	0.2	0.200317041482776	0.0147768086753786
1072.82899951935	0.300000000000006	0.083	1123	31.9480519480519	0.2	0.184569880645722	0.0154301193542778	7.11065408031237E-06	25956.8077086959	0.2	0.201297007501125	0.0154301193542778
1073.33799886703	0.300000000000006	0.084	1124	32.2077922077922	0.2	0.184896535985172	0.0151034640148282	6.96012166581945E-06	26565.1298731145	0.2	0.200643696822226	0.0151034640148282
1073.82599973679	0.300000000000006	0.085	1124	32.2077922077922	0.2	0.185223191324621	0.0147768086753786	6.80958925132653E-06	27200.3471117644	0.2	0.199990386143327	0.0147768086753786
1074.34200000763	0.300000000000006	0.086	1123	31.9480519480519	0.2	0.185223191324621	0.0147768086753786	6.80958925132653E-06	27200.3471117644	0.2	0.200970352161676	0.0147768086753786
1074.82799959183	0.300000000000006	0.087	1123	31.9480519480519	0.2	0.185549846664071	0.0144501533359289	6.6590568368336E-06	27864.2833678381	0.2	0.200643696822226	0.0144501533359289
1075.33199930191	0.300000000000006	0.087	1123	31.9480519480519	0.2	0.184243225306273	0.0157567746937275	7.2611864948053E-06	25373.7079247422	0.2	0.200643696822226	0.0157567746937275
1075.84299945831	0.300000000000006	0.088	1123	31.9480519480519	0.2	0.185223191324621	0.0147768086753786	6.80958925132653E-06	27200.3471117644	0.2	0.200643696822226	0.0147768086753786
1076.33499956131	0.300000000000006	0.089	1123	31.9480519480519	0.2	0.185223191324621	0.0147768086753786	6.80958925132653E-06	27200.3471117644	0.2	0.200643696822226	0.0147768086753786
1076.84100008011	0.200000000000006	0.089	1123	31.9480519480519	0.2	0.185876502003521	0.0141234979964793	6.50852442234068E-06	28558.9313248169	0.2	0.200643696822226	0.0141234979964793
1077.33299922943	0.200000000000006	0.036	1123	31.9480519480519	0.2	0.184896535985172	0.0151034640148282	6.96012166581945E-06	26565.1298731145	0.2	0.200970352161676	0.0151034640148282
1077.82599925995	0.200000000000006	0.038	1122	31.6883116883117	0.2	0.185223191324621	0.0147768086753786	6.80958925132653E-06	27200.3471117644	0.2	0.200317041482776	0.0147768086753786
1078.33399868011	0.200000000000006	0.041	1122	31.6883116883117	0.2	0.184896535985172	0.0151034640148282	6.96012166581945E-06	26565.1298731145	0.2	0.200970352161676	0.0151034640148282
1078.83999919891	0.200000000000006	0.043	1122	31.6883116883117	0.2	0.184896535985172	0.0151034640148282	6.96012166581945E-06	26565.1298731145	0.2	0.201297007501125	0.0151034640148282
1079.34099912643	0.200000000000006	0.044	1122	31.6883116883117	0.2	0.185549846664071	0.0144501533359289	6.6590568368336E-06	27864.2833678381	0.2	0.200970352161676	0.0144501533359289
1079.83899974823	0.200000000000006	0.045	1121	31.4285714285714	0.2	0.185223191324621	0.0147768086753786	6.80958925132653E-06	27200.3471117644	0.2	0.201297007501125	0.0147768086753786
1080.32799911499	0.200000000000006	0.046	1121	31.4285714285714	0.2	0.185549846664071	0.0144501533359289	6.6590568368336E-06	27864.2833678381	0.2	0.201297007501125	0.0144501533359289
1080.83299922943	0.200000000000006	0.047	1121	31.4285714285714	0.2	0.18620315734297	0.0137968426570296	6.35799200784775E-06	29286.4723820252	0.2	0.200317041482776	0.0137968426570296
1081.33300018311	0.200000000000006	0.048	1121	31.4285714285714	0.2	0.184569880645722	0.0154301193542778	7.11065408031237E-06	25956.8077086959	0.2	0.201297007501125	0.0154301193542778
1081.85399913788	0.200000000000006	0.049	1121	31.4285714285714	0.2	0.185223191324621	0.0147768086753786	6.80958925132653E-06	27200.3471117644	0.2	0.199990386143327	0.0147768086753786
1082.32499933243	0.200000000000006	0.05	1121	31.4285714285714	0.2	0.185549846664071	0.0144501533359289	6.6590568368336E-06	27864.2833678381	0.2	0.200970352161676	0.0144501533359289
1082.83699941635	0.200000000000006	0.05	1121	31.4285714285714	0.2	0.185223191324621	0.0147768086753786	6.80958925132653E-06	27200.3471117644	0.2	0.200970352161676	0.0147768086753786
1083.33699893951	0.200000000000006	0.051	1120	31.1688311688312	0.2	0.184896535985172	0.0151034640148282	6.96012166581945E-06	26565.1298731145	0.2	0.199990386143327	0.0151034640148282
1083.84499931335	0.200000000000006	0.051	1120	31.1688311688312	0.2	0.185223191324621	0.0147768086753786	6.80958925132653E-06	27200.3471117644	0.2	0.200970352161676	0.0147768086753786
1084.36299943924	0.200000000000006	0.052	1120	31.1688311688312	0.2	0.185549846664071	0.0144501533359289	6.6590568368336E-06	27864.2833678381	0.2	0.200643696822226	0.0144501533359289
1084.82799911499	0.200000000000006	0.052	1120	31.1688311688312	0.2	0.185549846664071	0.0144501533359289	6.6590568368336E-06	27864.2833678381	0.2	0.200643696822226	0.0144501533359289
1085.34299898148	0.100000000000006	0.053	1120	31.1688311688312	0.2	0.185549846664071	0.0144501533359289	6.6590568368336E-06	27864.2833678381	0.2	0.200643696822226	0.0144501533359289
1085.83299922943	0.100000000000006	0	1120	31.1688311688312	0.2	0.185876502003521	0.0141234979964793	6.50852442234068E-06	28558.9313248169	0.2	0.200970352161676	0.0141234979964793
1086.33699941635	0.100000000000006	0.002	1120	31.1688311688312	0.2	0.185876502003521	0.0141234979964793	6.50852442234068E-06	28558.9313248169	0.2	0.200643696822226	0.0141234979964793
1086.82599973679	0.100000000000006	0.005	1120	31.1688311688312	0.2	0.185223191324621	0.0147768086753786	6.80958925132653E-06	27200.3471117644	0.2	0.200970352161676	0.0147768086753786
1087.36399888992	0.100000000000006	0.006	1119	30.9090909090909	0.2	0.185549846664071	0.0144501533359289	6.6590568368336E-06	27864.2833678381	0.2	0.200643696822226	0.0144501533359289
1087.82499933243	0.100000000000006	0.008	1119	30.9090909090909	0.2	0.185876502003521	0.0141234979964793	6.50852442234068E-06	28558.9313248169	0.2	0.199990386143327	0.0141234979964793
1088.33499908447	0.100000000000006	0.009	1120	31.1688311688312	0.2	0.185876502003521	0.0141234979964793	6.50852442234068E-06	28558.9313248169	0.2	0.200970352161676	0.0141234979964793
1088.82999897003	0.100000000000006	0.01	1119	30.9090909090909	0.2	0.185876502003521	0.0141234979964793	6.50852442234068E-06	28558.9313248169	0.2	0.200317041482776	0.0141234979964793
1089.33399963379	0.100000000000006	0.011	1119	30.9090909090909	0.2	0.185549846664071	0.0144501533359289	6.6590568368336E-06	27864.2833678381	0.2	0.199990386143327	0.0144501533359289
1089.82999944687	0.100000000000006	0.012	1119	30.9090909090909	0.2	0.185223191324621	0.0147768086753786	6.80958925132653E-06	27200.3471117644	0.2	0.200970352161676	0.0147768086753786
1090.33999872208	0.100000000000006	0.012	1119	30.9090909090909	0.2	0.184896535985172	0.0151034640148282	6.96012166581945E-06	26565.1298731145	0.2	0.200970352161676	0.0151034640148282
1090.82800006866	0.100000000000006	0.013	1119	30.9090909090909	0.2	0.185549846664071	0.0144501533359289	6.6590568368336E-06	27864.2833678381	0.2	0.200643696822226	0.0144501533359289
1091.32899951935	0.100000000000006	0.014	1119	30.9090909090909	0.2	0.185549846664071	0.0144501533359289	6.6590568368336E-06	27864.2833678381	0.2	0.201297007501125	0.0144501533359289
1091.83199930191	0.100000000000006	0.014	1119	30.9090909090909	0.2	0.185223191324621	0.0147768086753786	6.80958925132653E-06	27200.3471117644	0.2	0.200317041482776	0.0147768086753786
1092.32599925995	0.100000000000006	0.015	1119	30.9090909090909	0.2	0.185876502003521	0.0141234979964793	6.50852442234068E-06	28558.9313248169	0.2	0.199990386143327	0.0141234979964793
1092.82999992371	0.100000000000006	0.016	1119	30.9090909090909	0.2	0.185223191324621	0.0147768086753786	6.80958925132653E-06	27200.3471117644	0.2	0.200317041482776	0.0147768086753786
1093.343998909	0.100000000000006	0.016	1118	30.6493506493506	0.2	0.185223191324621	0.0147768086753786	6.80958925132653E-06	27200.3471117644	0.2	0.200643696822226	0.0147768086753786
1093.83399915695	6.35602681597902E-15	0	1118	30.6493506493506	0.2	0.18652981268242	0.01347018731758	6.20745959335483E-06	30049.2995366579	0.2	0.201297007501125	0.01347018731758
1094.32599925995	6.35602681597902E-15	0	1118	30.6493506493506	0.2	0.185549846664071	0.0144501533359289	6.6590568368336E-06	27864.2833678381	0.2	0.200317041482776	0.0144501533359289
1094.83699941635	6.35602681597902E-15	0	1118	30.6493506493506	0.2	0.185549846664071	0.0144501533359289	6.6590568368336E-06	27864.2833678381	0.2	0.200643696822226	0.0144501533359289
1095.33099985123	6.35602681597902E-15	0	1118	30.6493506493506	0.2	0.185549846664071	0.0144501533359289	6.6590568368336E-06	27864.2833678381	0.2	0.200643696822226	0.0144501533359289
1095.85199928284	6.35602681597902E-15	0	1118	30.6493506493506	0.2	0.185549846664071	0.0144501533359289	6.6590568368336E-06	27864.2833678381	0.2	0.201623662840575	0.0144501533359289
1096.33299922943	6.35602681597902E-15	0	1118	30.6493506493506	0.2	0.18620315734297	0.0137968426570296	6.35799200784775E-06	29286.4723820252	0.2	0.200970352161676	0.0137968426570296
1096.82599925995	6.35602681597902E-15	0	1118	30.6493506493506	0.2	0.185876502003521	0.0141234979964793	6.50852442234068E-06	28558.9313248169	0.2	0.200970352161676	0.0141234979964793
1097.33899927139	6.35602681597902E-15	0	1118	30.6493506493506	0.2	0.18620315734297	0.0137968426570296	6.35799200784775E-06	29286.4723820252	0.2	0.199990386143327	0.0137968426570296
1097.82799863815	6.35602681597902E-15	0	1117	30.3896103896104	0.2	0.185876502003521	0.0141234979964793	6.50852442234068E-06	28558.9313248169	0.2	0.200970352161676	0.0141234979964793
1098.33999919891	6.35602681597902E-15	0	1117	30.3896103896104	0.2	0.185549846664071	0.0144501533359289	6.6590568368336E-06	27864.2833678381	0.2	0.200970352161676	0.0144501533359289
1098.82899904251	6.35602681597902E-15	0	1117	30.3896103896104	0.2	0.185876502003521	0.0141234979964793	6.50852442234068E-06	28558.9313248169	0.2	0.200643696822226	0.0141234979964793
1099.33399963379	6.35602681597902E-15	0	1117	30.3896103896104	0.2	0.185549846664071	0.0144501533359289	6.6590568368336E-06	27864.2833678381	0.2	0.200317041482776	0.0144501533359289
1099.83399963379	6.35602681597902E-15	0	1117	30.3896103896104	0.2	0.185876502003521	0.0141234979964793	6.50852442234068E-06	28558.9313248169	0.2	0.199990386143327	0.0141234979964793
1100.33699893951	6.35602681597902E-15	0	1116	30.1298701298701	0.2	0.18652981268242	0.01347018731758	6.20745959335483E-06	30049.2995366579	0.2	0.201297007501125	0.01347018731758
1100.83499908447	6.35602681597902E-15	0	1116	30.1298701298701	0.2	0.184896535985172	0.0151034640148282	6.96012166581945E-06	26565.1298731145	0.2	0.201623662840575	0.0151034640148282
1101.33099985123	6.35602681597902E-15	0	1116	30.1298701298701	0.2	0.185876502003521	0.0141234979964793	6.50852442234068E-06	28558.9313248169	0.2	0.200317041482776	0.0141234979964793
1101.82899951935	0	0	1116	30.1298701298701	0.2	0.185549846664071	0.0144501533359289	6.6590568368336E-06	27864.2833678381	0.2	0.199990386143327	0.0144501533359289
1102.33399915695	0	0	1116	30.1298701298701	0.2	0.185223191324621	0.0147768086753786	6.80958925132653E-06	27200.3471117644	0.2	0.199990386143327	0.0147768086753786
1102.84599924088	0	0	1116	30.1298701298701	0.2	0.18620315734297	0.0137968426570296	6.35799200784775E-06	29286.4723820252	0.2	0.200317041482776	0.0137968426570296
1103.33199977875	0	0	1116	30.1298701298701	0.2	0.184569880645722	0.0154301193542778	7.11065408031237E-06	25956.8077086959	0.2	0.201623662840575	0.0154301193542778
1103.84100008011	0	0	1116	30.1298701298701	0.2	0.185876502003521	0.0141234979964793	6.50852442234068E-06	28558.9313248169	0.2	0.200970352161676	0.0141234979964793
1104.33499908447	0	0	1115	29.8701298701299	0.2	0.185549846664071	0.0144501533359289	6.6590568368336E-06	27864.2833678381	0.2	0.199990386143327	0.0144501533359289
1104.85599899292	0	0	1115	29.8701298701299	0.2	0.185549846664071	0.0144501533359289	6.6590568368336E-06	27864.2833678381	0.2	0.200643696822226	0.0144501533359289
1105.32199954987	0	0	1115	29.8701298701299	0.2	0.185549846664071	0.0144501533359289	6.6590568368336E-06	27864.2833678381	0.2	0.200317041482776	0.0144501533359289
1105.83899927139	0	0	1115	29.8701298701299	0.2	0.185549846664071	0.0144501533359289	6.6590568368336E-06	27864.2833678381	0.2	0.201297007501125	0.0144501533359289
1106.32499885559	0	0	1115	29.8701298701299	0.2	0.18620315734297	0.0137968426570296	6.35799200784775E-06	29286.4723820252	0.2	0.200643696822226	0.0137968426570296
1106.82699966431	0	0	1115	29.8701298701299	0.2	0.18620315734297	0.0137968426570296	6.35799200784775E-06	29286.4723820252	0.2	0.200643696822226	0.0137968426570296
1107.33399963379	0	0	1115	29.8701298701299	0.2	0.185549846664071	0.0144501533359289	6.6590568368336E-06	27864.2833678381	0.2	0.200643696822226	0.0144501533359289
1107.82899904251	0	0	1115	29.8701298701299	0.2	0.185876502003521	0.0141234979964793	6.50852442234068E-06	28558.9313248169	0.2	0.201623662840575	0.0141234979964793
1108.33299970627	0	0	1114	29.6103896103896	0.2	0.184896535985172	0.0151034640148282	6.96012166581945E-06	26565.1298731145	0.2	0.200643696822226	0.0151034640148282
1108.8499994278	0	0	1114	29.6103896103896	0.2	0.185549846664071	0.0144501533359289	6.6590568368336E-06	27864.2833678381	0.2	0.200317041482776	0.0144501533359289
1109.34299850464	0	0	1114	29.6103896103896	0.2	0.185549846664071	0.0144501533359289	6.6590568368336E-06	27864.2833678381	0.2	0.200970352161676	0.0144501533359289
1109.82299947739	0	0	1114	29.6103896103896	0.2	0.185549846664071	0.0144501533359289	6.6590568368336E-06	27864.2833678381	0.2	0.201297007501125	0.0144501533359289
1110.34100008011	0.1	0	1114	29.6103896103896	0.2	0.185549846664071	0.0144501533359289	6.6590568368336E-06	27864.2833678381	0.2	0.200970352161676	0.0144501533359289
1110.85299921036	0.1	0.033	1114	29.6103896103896	0.2	0.18652981268242	0.01347018731758	6.20745959335483E-06	30049.2995366579	0.2	0.200970352161676	0.01347018731758
1111.32899999619	0.1	0.032	1113	29.3506493506493	0.2	0.18620315734297	0.0137968426570296	6.35799200784775E-06	29286.4723820252	0.2	0.200643696822226	0.0137968426570296
1111.82399940491	0.1	0.031	1114	29.6103896103896	0.2	0.185223191324621	0.0147768086753786	6.80958925132653E-06	27200.3471117644	0.2	0.201297007501125	0.0147768086753786
1112.33299970627	0.1	0.031	1113	29.3506493506493	0.2	0.185549846664071	0.0144501533359289	6.6590568368336E-06	27864.2833678381	0.2	0.200970352161676	0.0144501533359289
1112.83399915695	0.1	0.03	1113	29.3506493506493	0.2	0.185549846664071	0.0144501533359289	6.6590568368336E-06	27864.2833678381	0.2	0.200643696822226	0.0144501533359289
1113.32099962234	0.1	0.03	1113	29.3506493506493	0.2	0.185549846664071	0.0144501533359289	6.6590568368336E-06	27864.2833678381	0.2	0.200970352161676	0.0144501533359289
1113.82999897003	0.1	0.03	1113	29.3506493506493	0.2	0.185223191324621	0.0147768086753786	6.80958925132653E-06	27200.3471117644	0.2	0.201623662840575	0.0147768086753786
1114.33399963379	0.1	0.03	1113	29.3506493506493	0.2	0.18620315734297	0.0137968426570296	6.35799200784775E-06	29286.4723820252	0.2	0.200643696822226	0.0137968426570296
1114.84299898148	0.1	0.03	1113	29.3506493506493	0.2	0.18652981268242	0.01347018731758	6.20745959335483E-06	30049.2995366579	0.2	0.200643696822226	0.01347018731758
1115.33199930191	0.1	0.03	1113	29.3506493506493	0.2	0.185549846664071	0.0144501533359289	6.6590568368336E-06	27864.2833678381	0.2	0.200970352161676	0.0144501533359289
1115.83299922943	0.1	0.03	1113	29.3506493506493	0.2	0.18620315734297	0.0137968426570296	6.35799200784775E-06	29286.4723820252	0.2	0.200970352161676	0.0137968426570296
1116.33299970627	0.1	0.03	1113	29.3506493506493	0.2	0.18652981268242	0.01347018731758	6.20745959335483E-06	30049.2995366579	0.2	0.200643696822226	0.01347018731758
1116.82899951935	0.1	0.03	1112	29.0909090909091	0.2	0.18620315734297	0.0137968426570296	6.35799200784775E-06	29286.4723820252	0.2	0.200643696822226	0.0137968426570296
1117.32499980927	0.1	0.03	1112	29.0909090909091	0.2	0.185876502003521	0.0141234979964793	6.50852442234068E-06	28558.9313248169	0.2	0.200970352161676	0.0141234979964793
1117.82399940491	0.1	0.03	1112	29.0909090909091	0.2	0.185549846664071	0.0144501533359289	6.6590568368336E-06	27864.2833678381	0.2	0.199990386143327	0.0144501533359289
1118.32199954987	0.1	0.03	1112	29.0909090909091	0.2	0.18620315734297	0.0137968426570296	6.35799200784775E-06	29286.4723820252	0.2	0.200643696822226	0.0137968426570296
1118.84299898148	0.2	0.086	1112	29.0909090909091	0.2	0.18652981268242	0.01347018731758	6.20745959335483E-06	30049.2995366579	0.2	0.200643696822226	0.01347018731758
1119.32399988174	0.2	0.084	1112	29.0909090909091	0.2	0.185549846664071	0.0144501533359289	6.6590568368336E-06	27864.2833678381	0.2	0.201623662840575	0.0144501533359289
1119.84599924088	0.2	0.081	1112	29.0909090909091	0.2	0.18620315734297	0.0137968426570296	6.35799200784775E-06	29286.4723820252	0.2	0.199663730803877	0.0137968426570296
1120.32599925995	0.2	0.079	1112	29.0909090909091	0.2	0.18652981268242	0.01347018731758	6.20745959335483E-06	30049.2995366579	0.2	0.200317041482776	0.01347018731758
1120.82599878311	0.2	0.079	1112	29.0909090909091	0.2	0.185876502003521	0.0141234979964793	6.50852442234068E-06	28558.9313248169	0.2	0.200643696822226	0.0141234979964793
