Time,X(CH1),X(CH2),
Second,Volt,Volt,
-6.0000002e-01,-0.00000e+00,5.60000e-01,
-5.9985352e-01,-0.00000e+00,5.60000e-01,
-5.9970701e-01,-0.00000e+00,5.60000e-01,
-5.9956050e-01,-0.00000e+00,5.60000e-01,
-5.9941399e-01,-0.00000e+00,5.60000e-01,
-5.9926748e-01,-0.00000e+00,5.60000e-01,
-5.9912097e-01,-0.00000e+00,5.60000e-01,
-5.9897447e-01,-0.00000e+00,5.60000e-01,
-5.9882796e-01,-0.00000e+00,5.60000e-01,
-5.9868145e-01,-0.00000e+00,5.60000e-01,
-5.9853494e-01,-0.00000e+00,5.60000e-01,
-5.9838843e-01,-0.00000e+00,5.60000e-01,
-5.9824193e-01,-0.00000e+00,5.60000e-01,
-5.9809542e-01,-0.00000e+00,5.60000e-01,
-5.9794891e-01,-0.00000e+00,5.60000e-01,
-5.9780240e-01,-0.00000e+00,5.60000e-01,
-5.9765589e-01,-0.00000e+00,5.60000e-01,
-5.9750938e-01,-0.00000e+00,5.60000e-01,
-5.9736288e-01,-0.00000e+00,5.60000e-01,
-5.9721637e-01,-0.00000e+00,5.60000e-01,
-5.9706986e-01,2.00001e-01,6.20000e-01,
-5.9692335e-01,2.00001e-01,5.60000e-01,
-5.9677684e-01,-0.00000e+00,5.60000e-01,
-5.9663033e-01,2.00001e-01,5.60000e-01,
-5.9648383e-01,-0.00000e+00,5.60000e-01,
-5.9633732e-01,-0.00000e+00,5.80000e-01,
-5.9619081e-01,-0.00000e+00,5.80000e-01,
-5.9604430e-01,-0.00000e+00,5.60000e-01,
-5.9589779e-01,-0.00000e+00,5.60000e-01,
-5.9575129e-01,2.00001e-01,5.60000e-01,
-5.9560478e-01,-0.00000e+00,5.60000e-01,
-5.9545827e-01,2.00001e-01,5.80000e-01,
-5.9531176e-01,-0.00000e+00,5.60000e-01,
-5.9516525e-01,-0.00000e+00,6.00000e-01,
-5.9501874e-01,2.00001e-01,5.80000e-01,
-5.9487224e-01,-0.00000e+00,5.60000e-01,
-5.9472573e-01,-0.00000e+00,5.60000e-01,
-5.9457922e-01,2.00001e-01,5.60000e-01,
-5.9443271e-01,-0.00000e+00,5.40000e-01,
-5.9428620e-01,-0.00000e+00,5.60000e-01,
-5.9413970e-01,-0.00000e+00,5.60000e-01,
-5.9399319e-01,-0.00000e+00,5.60000e-01,
-5.9384668e-01,-0.00000e+00,5.40000e-01,
-5.9370017e-01,2.00001e-01,5.40000e-01,
-5.9355366e-01,-0.00000e+00,5.40000e-01,
-5.9340715e-01,-0.00000e+00,5.60000e-01,
-5.9326065e-01,-0.00000e+00,5.40000e-01,
-5.9311414e-01,2.00001e-01,5.40000e-01,
-5.9296763e-01,-0.00000e+00,5.40000e-01,
-5.9282112e-01,2.00001e-01,5.40000e-01,
-5.9267461e-01,-0.00000e+00,5.40000e-01,
-5.9252810e-01,2.00001e-01,5.40000e-01,
-5.9238160e-01,-0.00000e+00,5.40000e-01,
-5.9223509e-01,-0.00000e+00,5.80000e-01,
-5.9208858e-01,-0.00000e+00,5.40000e-01,
-5.9194207e-01,-0.00000e+00,5.40000e-01,
-5.9179556e-01,2.00001e-01,5.40000e-01,
-5.9164906e-01,-0.00000e+00,5.40000e-01,
-5.9150255e-01,-0.00000e+00,5.40000e-01,
-5.9135604e-01,-0.00000e+00,5.40000e-01,
-5.9120953e-01,-0.00000e+00,5.40000e-01,
-5.9106302e-01,-0.00000e+00,5.40000e-01,
-5.9091651e-01,-0.00000e+00,5.40000e-01,
-5.9077001e-01,2.00001e-01,5.40000e-01,
-5.9062350e-01,-0.00000e+00,5.40000e-01,
-5.9047699e-01,-0.00000e+00,5.40000e-01,
-5.9033048e-01,-0.00000e+00,5.40000e-01,
-5.9018397e-01,-0.00000e+00,5.40000e-01,
-5.9003747e-01,-0.00000e+00,5.40000e-01,
-5.8989096e-01,2.00001e-01,5.40000e-01,
-5.8974445e-01,-0.00000e+00,5.00000e-01,
-5.8959794e-01,-0.00000e+00,5.40000e-01,
-5.8945143e-01,2.00001e-01,5.40000e-01,
-5.8930492e-01,2.00001e-01,5.40000e-01,
-5.8915842e-01,2.00001e-01,5.40000e-01,
-5.8901191e-01,2.00001e-01,5.40000e-01,
-5.8886540e-01,-0.00000e+00,5.40000e-01,
-5.8871889e-01,2.00001e-01,5.00000e-01,
-5.8857238e-01,2.00001e-01,5.40000e-01,
-5.8842587e-01,-0.00000e+00,5.40000e-01,
-5.8827937e-01,2.00001e-01,5.40000e-01,
-5.8813286e-01,-0.00000e+00,5.40000e-01,
-5.8798635e-01,-0.00000e+00,5.40000e-01,
-5.8783984e-01,-0.00000e+00,5.40000e-01,
-5.8769333e-01,-0.00000e+00,5.40000e-01,
-5.8754683e-01,-0.00000e+00,5.40000e-01,
-5.8740032e-01,-0.00000e+00,5.40000e-01,
-5.8725381e-01,-0.00000e+00,5.40000e-01,
-5.8710730e-01,-0.00000e+00,5.40000e-01,
-5.8696079e-01,2.00001e-01,5.40000e-01,
-5.8681428e-01,2.00001e-01,5.40000e-01,
-5.8666778e-01,-0.00000e+00,5.40000e-01,
-5.8652127e-01,-0.00000e+00,5.40000e-01,
-5.8637476e-01,2.00001e-01,5.40000e-01,
-5.8622825e-01,-0.00000e+00,5.40000e-01,
-5.8608174e-01,-0.00000e+00,5.40000e-01,
-5.8593524e-01,-0.00000e+00,5.40000e-01,
-5.8578873e-01,-0.00000e+00,5.40000e-01,
-5.8564222e-01,-0.00000e+00,5.40000e-01,
-5.8549571e-01,-0.00000e+00,5.40000e-01,
-5.8534920e-01,-0.00000e+00,5.40000e-01,
-5.8520269e-01,2.00001e-01,5.20000e-01,
-5.8505619e-01,2.00001e-01,6.00000e-01,
-5.8490968e-01,-0.00000e+00,5.40000e-01,
-5.8476317e-01,-0.00000e+00,5.40000e-01,
-5.8461666e-01,-0.00000e+00,5.40000e-01,
-5.8447015e-01,-0.00000e+00,5.40000e-01,
-5.8432364e-01,-0.00000e+00,5.20000e-01,
-5.8417714e-01,-0.00000e+00,5.20000e-01,
-5.8403063e-01,-0.00000e+00,5.20000e-01,
-5.8388412e-01,-0.00000e+00,5.40000e-01,
-5.8373761e-01,-0.00000e+00,5.40000e-01,
-5.8359110e-01,-0.00000e+00,5.20000e-01,
-5.8344460e-01,2.00001e-01,5.20000e-01,
-5.8329809e-01,-0.00000e+00,5.20000e-01,
-5.8315158e-01,-0.00000e+00,5.40000e-01,
-5.8300507e-01,-0.00000e+00,5.20000e-01,
-5.8285856e-01,-0.00000e+00,5.20000e-01,
-5.8271205e-01,2.00001e-01,5.40000e-01,
-5.8256555e-01,-0.00000e+00,5.20000e-01,
-5.8241904e-01,-0.00000e+00,5.00000e-01,
-5.8227253e-01,-0.00000e+00,5.20000e-01,
-5.8212602e-01,-0.00000e+00,5.20000e-01,
-5.8197951e-01,2.00001e-01,5.20000e-01,
-5.8183300e-01,-0.00000e+00,5.00000e-01,
-5.8168650e-01,-0.00000e+00,5.40000e-01,
-5.8153999e-01,-0.00000e+00,5.20000e-01,
-5.8139348e-01,-0.00000e+00,5.40000e-01,
-5.8124697e-01,-0.00000e+00,5.80000e-01,
-5.8110046e-01,2.00001e-01,5.20000e-01,
-5.8095396e-01,2.00001e-01,5.20000e-01,
-5.8080745e-01,-0.00000e+00,5.20000e-01,
-5.8066094e-01,-0.00000e+00,5.20000e-01,
-5.8051443e-01,-0.00000e+00,5.20000e-01,
-5.8036792e-01,-0.00000e+00,5.20000e-01,
-5.8022141e-01,-0.00000e+00,5.20000e-01,
-5.8007491e-01,-0.00000e+00,5.20000e-01,
-5.7992840e-01,-0.00000e+00,5.20000e-01,
-5.7978189e-01,2.00001e-01,5.20000e-01,
-5.7963538e-01,-0.00000e+00,5.20000e-01,
-5.7948887e-01,-0.00000e+00,5.20000e-01,
-5.7934237e-01,-0.00000e+00,5.20000e-01,
-5.7919586e-01,2.00001e-01,5.20000e-01,
-5.7904935e-01,-0.00000e+00,5.00000e-01,
-5.7890284e-01,-0.00000e+00,5.20000e-01,
-5.7875633e-01,-0.00000e+00,5.00000e-01,
-5.7860982e-01,2.00001e-01,5.20000e-01,
-5.7846332e-01,2.00001e-01,5.40000e-01,
-5.7831681e-01,-0.00000e+00,5.00000e-01,
-5.7817030e-01,-0.00000e+00,5.00000e-01,
-5.7802379e-01,2.00001e-01,5.00000e-01,
-5.7787728e-01,-0.00000e+00,4.60000e-01,
-5.7773077e-01,-0.00000e+00,5.00000e-01,
-5.7758427e-01,-0.00000e+00,5.20000e-01,
-5.7743776e-01,-0.00000e+00,5.00000e-01,
-5.7729125e-01,2.00001e-01,4.60000e-01,
-5.7714474e-01,-0.00000e+00,5.20000e-01,
-5.7699823e-01,2.00001e-01,5.20000e-01,
-5.7685173e-01,-0.00000e+00,5.00000e-01,
-5.7670522e-01,-0.00000e+00,5.60000e-01,
-5.7655871e-01,-0.00000e+00,5.20000e-01,
-5.7641220e-01,-0.00000e+00,5.20000e-01,
-5.7626569e-01,-0.00000e+00,5.00000e-01,
-5.7611918e-01,-0.00000e+00,5.40000e-01,
-5.7597268e-01,-0.00000e+00,5.00000e-01,
-5.7582617e-01,-0.00000e+00,5.00000e-01,
-5.7567966e-01,-0.00000e+00,5.20000e-01,
-5.7553315e-01,-0.00000e+00,4.60000e-01,
-5.7538664e-01,-0.00000e+00,5.00000e-01,
-5.7524014e-01,-0.00000e+00,5.00000e-01,
-5.7509363e-01,-0.00000e+00,5.00000e-01,
-5.7494712e-01,-0.00000e+00,4.60000e-01,
-5.7480061e-01,-0.00000e+00,5.00000e-01,
-5.7465410e-01,-0.00000e+00,5.00000e-01,
-5.7450759e-01,-0.00000e+00,5.00000e-01,
-5.7436109e-01,2.00001e-01,5.20000e-01,
-5.7421458e-01,-0.00000e+00,5.00000e-01,
-5.7406807e-01,2.00001e-01,5.00000e-01,
-5.7392156e-01,-0.00000e+00,5.00000e-01,
-5.7377505e-01,2.00001e-01,5.20000e-01,
-5.7362854e-01,2.00001e-01,5.00000e-01,
-5.7348204e-01,-0.00000e+00,5.00000e-01,
-5.7333553e-01,-0.00000e+00,5.00000e-01,
-5.7318902e-01,-0.00000e+00,5.00000e-01,
-5.7304251e-01,-0.00000e+00,5.00000e-01,
-5.7289600e-01,-0.00000e+00,4.80000e-01,
-5.7274950e-01,-0.00000e+00,5.00000e-01,
-5.7260299e-01,-0.00000e+00,5.00000e-01,
-5.7245648e-01,-0.00000e+00,5.00000e-01,
-5.7230997e-01,2.00001e-01,4.80000e-01,
-5.7216346e-01,2.00001e-01,4.80000e-01,
-5.7201695e-01,-0.00000e+00,4.80000e-01,
-5.7187045e-01,-0.00000e+00,5.00000e-01,
-5.7172394e-01,2.00001e-01,5.00000e-01,
-5.7157743e-01,2.00001e-01,4.80000e-01,
-5.7143092e-01,-0.00000e+00,4.80000e-01,
-5.7128441e-01,2.00001e-01,4.40000e-01,
-5.7113791e-01,-0.00000e+00,4.60000e-01,
-5.7099140e-01,-0.00000e+00,4.80000e-01,
-5.7084489e-01,-0.00000e+00,4.80000e-01,
-5.7069838e-01,-0.00000e+00,4.60000e-01,
-5.7055187e-01,-0.00000e+00,4.80000e-01,
-5.7040536e-01,-0.00000e+00,4.80000e-01,
-5.7025886e-01,2.00001e-01,4.80000e-01,
-5.7011235e-01,2.00001e-01,5.00000e-01,
-5.6996584e-01,-0.00000e+00,4.60000e-01,
-5.6981933e-01,-0.00000e+00,4.80000e-01,
-5.6967282e-01,-0.00000e+00,4.60000e-01,
-5.6952631e-01,-0.00000e+00,4.80000e-01,
-5.6937981e-01,-0.00000e+00,5.80000e-01,
-5.6923330e-01,-0.00000e+00,4.80000e-01,
-5.6908679e-01,-0.00000e+00,4.80000e-01,
-5.6894028e-01,-0.00000e+00,4.80000e-01,
-5.6879377e-01,-0.00000e+00,4.40000e-01,
-5.6864727e-01,-0.00000e+00,4.80000e-01,
-5.6850076e-01,-0.00000e+00,4.60000e-01,
-5.6835425e-01,-0.00000e+00,4.60000e-01,
-5.6820774e-01,-0.00000e+00,4.60000e-01,
-5.6806123e-01,-0.00000e+00,4.60000e-01,
-5.6791472e-01,-0.00000e+00,4.60000e-01,
-5.6776822e-01,-0.00000e+00,4.80000e-01,
-5.6762171e-01,2.00001e-01,4.60000e-01,
-5.6747520e-01,-0.00000e+00,5.00000e-01,
-5.6732869e-01,-0.00000e+00,4.60000e-01,
-5.6718218e-01,-0.00000e+00,4.60000e-01,
-5.6703568e-01,-0.00000e+00,4.60000e-01,
-5.6688917e-01,2.00001e-01,4.60000e-01,
-5.6674266e-01,-0.00000e+00,4.60000e-01,
-5.6659615e-01,-0.00000e+00,4.60000e-01,
-5.6644964e-01,-0.00000e+00,4.60000e-01,
-5.6630313e-01,-0.00000e+00,4.80000e-01,
-5.6615663e-01,-0.00000e+00,4.60000e-01,
-5.6601012e-01,-0.00000e+00,4.60000e-01,
-5.6586361e-01,-0.00000e+00,4.60000e-01,
-5.6571710e-01,-0.00000e+00,4.60000e-01,
-5.6557059e-01,-0.00000e+00,4.60000e-01,
-5.6542408e-01,2.00001e-01,4.60000e-01,
-5.6527758e-01,2.00001e-01,4.60000e-01,
-5.6513107e-01,2.00001e-01,4.60000e-01,
-5.6498456e-01,-0.00000e+00,4.60000e-01,
-5.6483805e-01,-0.00000e+00,4.60000e-01,
-5.6469154e-01,-0.00000e+00,4.60000e-01,
-5.6454504e-01,-0.00000e+00,4.60000e-01,
-5.6439853e-01,-0.00000e+00,4.60000e-01,
-5.6425202e-01,2.00001e-01,4.60000e-01,
-5.6410551e-01,2.00001e-01,4.40000e-01,
-5.6395900e-01,-0.00000e+00,4.60000e-01,
-5.6381249e-01,2.00001e-01,4.60000e-01,
-5.6366599e-01,-0.00000e+00,4.60000e-01,
-5.6351948e-01,-0.00000e+00,4.60000e-01,
-5.6337297e-01,-0.00000e+00,4.60000e-01,
-5.6322646e-01,-0.00000e+00,4.60000e-01,
-5.6307995e-01,-0.00000e+00,4.60000e-01,
-5.6293344e-01,-0.00000e+00,4.60000e-01,
-5.6278694e-01,2.00001e-01,4.80000e-01,
-5.6264043e-01,-0.00000e+00,4.60000e-01,
-5.6249392e-01,-0.00000e+00,4.60000e-01,
-5.6234741e-01,-0.00000e+00,4.60000e-01,
-5.6220090e-01,-0.00000e+00,4.60000e-01,
-5.6205440e-01,-0.00000e+00,4.60000e-01,
-5.6190789e-01,-0.00000e+00,4.60000e-01,
-5.6176138e-01,-0.00000e+00,4.60000e-01,
-5.6161487e-01,-0.00000e+00,4.60000e-01,
-5.6146836e-01,-0.00000e+00,4.60000e-01,
-5.6132185e-01,-0.00000e+00,5.40000e-01,
-5.6117535e-01,-0.00000e+00,4.60000e-01,
-5.6102884e-01,-0.00000e+00,4.60000e-01,
-5.6088233e-01,-0.00000e+00,4.60000e-01,
-5.6073582e-01,-0.00000e+00,4.40000e-01,
-5.6058931e-01,-0.00000e+00,4.20000e-01,
-5.6044281e-01,-0.00000e+00,4.60000e-01,
-5.6029630e-01,-0.00000e+00,4.60000e-01,
-5.6014979e-01,-0.00000e+00,4.60000e-01,
-5.6000328e-01,-0.00000e+00,4.60000e-01,
-5.5985677e-01,-0.00000e+00,4.60000e-01,
-5.5971026e-01,-0.00000e+00,4.40000e-01,
-5.5956376e-01,-0.00000e+00,4.60000e-01,
-5.5941725e-01,-0.00000e+00,4.60000e-01,
-5.5927074e-01,-0.00000e+00,4.60000e-01,
-5.5912423e-01,-0.00000e+00,5.60000e-01,
-5.5897772e-01,-0.00000e+00,4.60000e-01,
-5.5883121e-01,-0.00000e+00,4.40000e-01,
-5.5868471e-01,-0.00000e+00,4.60000e-01,
-5.5853820e-01,2.00001e-01,4.60000e-01,
-5.5839169e-01,-0.00000e+00,4.20000e-01,
-5.5824518e-01,-0.00000e+00,4.60000e-01,
-5.5809867e-01,-0.00000e+00,4.60000e-01,
-5.5795217e-01,-0.00000e+00,4.40000e-01,
-5.5780566e-01,-0.00000e+00,4.40000e-01,
-5.5765915e-01,2.00001e-01,5.20000e-01,
-5.5751264e-01,-0.00000e+00,4.40000e-01,
-5.5736613e-01,-0.00000e+00,4.60000e-01,
-5.5721962e-01,-0.00000e+00,4.60000e-01,
-5.5707312e-01,-0.00000e+00,4.60000e-01,
-5.5692661e-01,-0.00000e+00,4.40000e-01,
-5.5678010e-01,2.00001e-01,4.40000e-01,
-5.5663359e-01,-0.00000e+00,4.40000e-01,
-5.5648708e-01,-0.00000e+00,4.60000e-01,
-5.5634058e-01,-0.00000e+00,4.60000e-01,
-5.5619407e-01,-0.00000e+00,4.40000e-01,
-5.5604756e-01,-0.00000e+00,4.40000e-01,
-5.5590105e-01,2.00001e-01,4.40000e-01,
-5.5575454e-01,-0.00000e+00,4.60000e-01,
-5.5560803e-01,2.00001e-01,4.40000e-01,
-5.5546153e-01,-0.00000e+00,4.60000e-01,
-5.5531502e-01,2.00001e-01,4.40000e-01,
-5.5516851e-01,-0.00000e+00,4.40000e-01,
-5.5502200e-01,-0.00000e+00,4.40000e-01,
-5.5487549e-01,-0.00000e+00,4.40000e-01,
-5.5472898e-01,2.00001e-01,4.60000e-01,
-5.5458248e-01,-0.00000e+00,4.40000e-01,
-5.5443597e-01,-0.00000e+00,4.20000e-01,
-5.5428946e-01,2.00001e-01,4.60000e-01,
-5.5414295e-01,2.00001e-01,4.40000e-01,
-5.5399644e-01,-0.00000e+00,4.40000e-01,
-5.5384994e-01,-0.00000e+00,4.20000e-01,
-5.5370343e-01,-0.00000e+00,4.40000e-01,
-5.5355692e-01,-0.00000e+00,4.40000e-01,
-5.5341041e-01,-0.00000e+00,4.40000e-01,
-5.5326390e-01,-0.00000e+00,4.40000e-01,
-5.5311739e-01,-0.00000e+00,4.20000e-01,
-5.5297089e-01,-0.00000e+00,5.40000e-01,
-5.5282438e-01,-0.00000e+00,4.40000e-01,
-5.5267787e-01,-0.00000e+00,4.40000e-01,
-5.5253136e-01,-0.00000e+00,4.40000e-01,
-5.5238485e-01,-0.00000e+00,4.40000e-01,
-5.5223835e-01,2.00001e-01,4.00000e-01,
-5.5209184e-01,-0.00000e+00,4.40000e-01,
-5.5194533e-01,-0.00000e+00,4.20000e-01,
-5.5179882e-01,-0.00000e+00,4.20000e-01,
-5.5165231e-01,-0.00000e+00,4.40000e-01,
-5.5150580e-01,-0.00000e+00,4.40000e-01,
-5.5135930e-01,-0.00000e+00,3.80000e-01,
-5.5121279e-01,-0.00000e+00,4.40000e-01,
-5.5106628e-01,-0.00000e+00,4.20000e-01,
-5.5091977e-01,2.00001e-01,4.20000e-01,
-5.5077326e-01,-0.00000e+00,4.40000e-01,
-5.5062675e-01,-0.00000e+00,4.20000e-01,
-5.5048025e-01,-0.00000e+00,4.40000e-01,
-5.5033374e-01,-0.00000e+00,4.20000e-01,
-5.5018723e-01,-0.00000e+00,4.20000e-01,
-5.5004072e-01,2.00001e-01,4.20000e-01,
-5.4989421e-01,-0.00000e+00,4.40000e-01,
-5.4974771e-01,-0.00000e+00,4.20000e-01,
-5.4960120e-01,-0.00000e+00,4.20000e-01,
-5.4945469e-01,2.00001e-01,4.20000e-01,
-5.4930818e-01,-0.00000e+00,4.40000e-01,
-5.4916167e-01,-0.00000e+00,4.20000e-01,
-5.4901516e-01,-0.00000e+00,4.40000e-01,
-5.4886866e-01,-0.00000e+00,4.20000e-01,
-5.4872215e-01,2.00001e-01,4.40000e-01,
-5.4857564e-01,-0.00000e+00,4.20000e-01,
-5.4842913e-01,-0.00000e+00,4.20000e-01,
-5.4828262e-01,2.00001e-01,4.40000e-01,
-5.4813612e-01,-0.00000e+00,4.20000e-01,
-5.4798961e-01,-0.00000e+00,4.60000e-01,
-5.4784310e-01,-0.00000e+00,4.20000e-01,
-5.4769659e-01,2.00001e-01,4.20000e-01,
-5.4755008e-01,-0.00000e+00,4.20000e-01,
-5.4740357e-01,2.00001e-01,4.20000e-01,
-5.4725707e-01,-0.00000e+00,4.20000e-01,
-5.4711056e-01,-0.00000e+00,4.00000e-01,
-5.4696405e-01,-0.00000e+00,4.20000e-01,
-5.4681754e-01,-0.00000e+00,4.20000e-01,
-5.4667103e-01,-0.00000e+00,4.20000e-01,
-5.4652452e-01,-0.00000e+00,4.20000e-01,
-5.4637802e-01,2.00001e-01,4.20000e-01,
-5.4623151e-01,-0.00000e+00,4.20000e-01,
-5.4608500e-01,-0.00000e+00,4.20000e-01,
-5.4593849e-01,-0.00000e+00,4.20000e-01,
-5.4579198e-01,-0.00000e+00,4.20000e-01,
-5.4564548e-01,-0.00000e+00,4.20000e-01,
-5.4549897e-01,-0.00000e+00,4.00000e-01,
-5.4535246e-01,-0.00000e+00,4.20000e-01,
-5.4520595e-01,-0.00000e+00,4.20000e-01,
-5.4505944e-01,2.00001e-01,4.20000e-01,
-5.4491293e-01,-0.00000e+00,4.00000e-01,
-5.4476643e-01,-0.00000e+00,4.20000e-01,
-5.4461992e-01,2.00001e-01,4.20000e-01,
-5.4447341e-01,2.00001e-01,4.20000e-01,
-5.4432690e-01,-0.00000e+00,4.00000e-01,
-5.4418039e-01,-0.00000e+00,4.00000e-01,
-5.4403389e-01,-0.00000e+00,4.20000e-01,
-5.4388738e-01,2.00001e-01,4.20000e-01,
-5.4374087e-01,2.00001e-01,4.20000e-01,
-5.4359436e-01,-0.00000e+00,4.20000e-01,
-5.4344785e-01,2.00001e-01,4.00000e-01,
-5.4330134e-01,2.00001e-01,4.20000e-01,
-5.4315484e-01,-0.00000e+00,4.20000e-01,
-5.4300833e-01,-0.00000e+00,4.00000e-01,
-5.4286182e-01,2.00001e-01,4.20000e-01,
-5.4271531e-01,-0.00000e+00,4.00000e-01,
-5.4256880e-01,2.00001e-01,4.20000e-01,
-5.4242229e-01,-0.00000e+00,4.20000e-01,
-5.4227579e-01,-0.00000e+00,3.80000e-01,
-5.4212928e-01,-0.00000e+00,4.00000e-01,
-5.4198277e-01,-0.00000e+00,4.00000e-01,
-5.4183626e-01,2.00001e-01,4.00000e-01,
-5.4168975e-01,-0.00000e+00,4.20000e-01,
-5.4154325e-01,2.00001e-01,4.00000e-01,
-5.4139674e-01,2.00001e-01,3.00000e-01,
-5.4125023e-01,-0.00000e+00,4.00000e-01,
-5.4110372e-01,2.00001e-01,4.00000e-01,
-5.4095721e-01,-0.00000e+00,3.80000e-01,
-5.4081070e-01,2.00001e-01,4.00000e-01,
-5.4066420e-01,2.00001e-01,4.00000e-01,
-5.4051769e-01,-0.00000e+00,3.80000e-01,
-5.4037118e-01,-0.00000e+00,3.80000e-01,
-5.4022467e-01,-0.00000e+00,4.00000e-01,
-5.4007816e-01,-0.00000e+00,4.00000e-01,
-5.3993165e-01,-0.00000e+00,4.00000e-01,
-5.3978515e-01,2.00001e-01,4.00000e-01,
-5.3963864e-01,-0.00000e+00,3.80000e-01,
-5.3949213e-01,-0.00000e+00,4.00000e-01,
-5.3934562e-01,-0.00000e+00,3.80000e-01,
-5.3919911e-01,-0.00000e+00,4.00000e-01,
-5.3905261e-01,-0.00000e+00,4.00000e-01,
-5.3890610e-01,-0.00000e+00,3.80000e-01,
-5.3875959e-01,-0.00000e+00,4.00000e-01,
-5.3861308e-01,-0.00000e+00,3.80000e-01,
-5.3846657e-01,2.00001e-01,3.80000e-01,
-5.3832006e-01,-0.00000e+00,3.80000e-01,
-5.3817356e-01,2.00001e-01,3.80000e-01,
-5.3802705e-01,-0.00000e+00,3.80000e-01,
-5.3788054e-01,-0.00000e+00,3.80000e-01,
-5.3773403e-01,-0.00000e+00,3.80000e-01,
-5.3758752e-01,2.00001e-01,4.00000e-01,
-5.3744102e-01,-0.00000e+00,3.80000e-01,
-5.3729451e-01,-0.00000e+00,3.80000e-01,
-5.3714800e-01,-0.00000e+00,3.80000e-01,
-5.3700149e-01,-0.00000e+00,3.80000e-01,
-5.3685498e-01,2.00001e-01,3.80000e-01,
-5.3670847e-01,-0.00000e+00,3.80000e-01,
-5.3656197e-01,-0.00000e+00,3.80000e-01,
-5.3641546e-01,2.00001e-01,3.80000e-01,
-5.3626895e-01,-0.00000e+00,3.80000e-01,
-5.3612244e-01,-0.00000e+00,3.80000e-01,
-5.3597593e-01,-0.00000e+00,3.80000e-01,
-5.3582942e-01,2.00001e-01,3.80000e-01,
-5.3568292e-01,-0.00000e+00,3.80000e-01,
-5.3553641e-01,2.00001e-01,3.80000e-01,
-5.3538990e-01,2.00001e-01,3.80000e-01,
-5.3524339e-01,2.00001e-01,3.80000e-01,
-5.3509688e-01,2.00001e-01,3.60000e-01,
-5.3495038e-01,-0.00000e+00,3.80000e-01,
-5.3480387e-01,2.00001e-01,3.80000e-01,
-5.3465736e-01,2.00001e-01,3.80000e-01,
-5.3451085e-01,2.00001e-01,3.80000e-01,
-5.3436434e-01,-0.00000e+00,4.00000e-01,
-5.3421783e-01,-0.00000e+00,3.80000e-01,
-5.3407133e-01,-0.00000e+00,3.80000e-01,
-5.3392482e-01,-0.00000e+00,4.60000e-01,
-5.3377831e-01,2.00001e-01,3.80000e-01,
-5.3363180e-01,2.00001e-01,3.80000e-01,
-5.3348529e-01,2.00001e-01,3.80000e-01,
-5.3333879e-01,2.00001e-01,3.80000e-01,
-5.3319228e-01,2.00001e-01,3.80000e-01,
-5.3304577e-01,-0.00000e+00,3.80000e-01,
-5.3289926e-01,2.00001e-01,3.80000e-01,
-5.3275275e-01,-0.00000e+00,3.60000e-01,
-5.3260624e-01,-0.00000e+00,3.80000e-01,
-5.3245974e-01,-0.00000e+00,3.80000e-01,
-5.3231323e-01,2.00001e-01,3.80000e-01,
-5.3216672e-01,-0.00000e+00,3.80000e-01,
-5.3202021e-01,-0.00000e+00,3.80000e-01,
-5.3187370e-01,-0.00000e+00,3.80000e-01,
-5.3172719e-01,2.00001e-01,3.80000e-01,
-5.3158069e-01,2.00001e-01,4.00000e-01,
-5.3143418e-01,-0.00000e+00,3.80000e-01,
-5.3128767e-01,2.00001e-01,3.80000e-01,
-5.3114116e-01,-0.00000e+00,3.80000e-01,
-5.3099465e-01,-0.00000e+00,3.80000e-01,
-5.3084815e-01,-0.00000e+00,3.80000e-01,
-5.3070164e-01,-0.00000e+00,3.80000e-01,
-5.3055513e-01,2.00001e-01,3.80000e-01,
-5.3040862e-01,2.00001e-01,3.80000e-01,
-5.3026211e-01,-0.00000e+00,3.00000e-01,
-5.3011560e-01,2.00001e-01,3.80000e-01,
-5.2996910e-01,2.00001e-01,3.80000e-01,
-5.2982259e-01,2.00001e-01,3.80000e-01,
-5.2967608e-01,-0.00000e+00,3.80000e-01,
-5.2952957e-01,-0.00000e+00,3.80000e-01,
-5.2938306e-01,-0.00000e+00,3.80000e-01,
-5.2923656e-01,-0.00000e+00,3.80000e-01,
-5.2909005e-01,-0.00000e+00,3.80000e-01,
-5.2894354e-01,-0.00000e+00,3.60000e-01,
-5.2879703e-01,-0.00000e+00,3.80000e-01,
-5.2865052e-01,-0.00000e+00,3.80000e-01,
-5.2850401e-01,-0.00000e+00,3.80000e-01,
-5.2835751e-01,-0.00000e+00,3.60000e-01,
-5.2821100e-01,-0.00000e+00,3.80000e-01,
-5.2806449e-01,-0.00000e+00,3.60000e-01,
-5.2791798e-01,-0.00000e+00,3.80000e-01,
-5.2777147e-01,-0.00000e+00,3.60000e-01,
-5.2762496e-01,-0.00000e+00,3.00000e-01,
-5.2747846e-01,-0.00000e+00,3.80000e-01,
-5.2733195e-01,2.00001e-01,3.80000e-01,
-5.2718544e-01,-0.00000e+00,3.80000e-01,
-5.2703893e-01,-0.00000e+00,3.60000e-01,
-5.2689242e-01,-0.00000e+00,3.60000e-01,
-5.2674592e-01,-0.00000e+00,3.60000e-01,
-5.2659941e-01,2.00001e-01,3.80000e-01,
-5.2645290e-01,-0.00000e+00,3.60000e-01,
-5.2630639e-01,-0.00000e+00,3.80000e-01,
-5.2615988e-01,-0.00000e+00,3.80000e-01,
-5.2601337e-01,-0.00000e+00,3.60000e-01,
-5.2586687e-01,-0.00000e+00,3.80000e-01,
-5.2572036e-01,-0.00000e+00,3.60000e-01,
-5.2557385e-01,-0.00000e+00,3.60000e-01,
-5.2542734e-01,-0.00000e+00,3.60000e-01,
-5.2528083e-01,-0.00000e+00,3.80000e-01,
-5.2513433e-01,-0.00000e+00,3.80000e-01,
-5.2498782e-01,2.00001e-01,3.80000e-01,
-5.2484131e-01,-0.00000e+00,3.40000e-01,
-5.2469480e-01,-0.00000e+00,3.60000e-01,
-5.2454829e-01,-0.00000e+00,3.60000e-01,
-5.2440178e-01,2.00001e-01,3.60000e-01,
-5.2425528e-01,2.00001e-01,3.60000e-01,
-5.2410877e-01,-0.00000e+00,3.60000e-01,
-5.2396226e-01,2.00001e-01,3.60000e-01,
-5.2381575e-01,-0.00000e+00,3.60000e-01,
-5.2366924e-01,2.00001e-01,3.60000e-01,
-5.2352273e-01,-0.00000e+00,3.60000e-01,
-5.2337623e-01,2.00001e-01,3.40000e-01,
-5.2322972e-01,-0.00000e+00,4.20000e-01,
-5.2308321e-01,-0.00000e+00,3.60000e-01,
-5.2293670e-01,-0.00000e+00,3.60000e-01,
-5.2279019e-01,2.00001e-01,3.60000e-01,
-5.2264369e-01,2.00001e-01,3.60000e-01,
-5.2249718e-01,-0.00000e+00,3.60000e-01,
-5.2235067e-01,-0.00000e+00,3.60000e-01,
-5.2220416e-01,-0.00000e+00,3.60000e-01,
-5.2205765e-01,-0.00000e+00,3.60000e-01,
-5.2191114e-01,-0.00000e+00,3.60000e-01,
-5.2176464e-01,-0.00000e+00,3.60000e-01,
-5.2161813e-01,2.00001e-01,4.60000e-01,
-5.2147162e-01,-0.00000e+00,3.60000e-01,
-5.2132511e-01,2.00001e-01,3.60000e-01,
-5.2117860e-01,-0.00000e+00,3.60000e-01,
-5.2103209e-01,-0.00000e+00,3.60000e-01,
-5.2088559e-01,-0.00000e+00,3.60000e-01,
-5.2073908e-01,-0.00000e+00,3.60000e-01,
-5.2059257e-01,2.00001e-01,3.60000e-01,
-5.2044606e-01,-0.00000e+00,3.60000e-01,
-5.2029955e-01,-0.00000e+00,3.60000e-01,
-5.2015305e-01,2.00001e-01,3.80000e-01,
-5.2000654e-01,2.00001e-01,4.20000e-01,
-5.1986003e-01,-0.00000e+00,3.60000e-01,
-5.1971352e-01,-0.00000e+00,3.60000e-01,
-5.1956701e-01,-0.00000e+00,3.40000e-01,
-5.1942050e-01,-0.00000e+00,3.60000e-01,
-5.1927400e-01,-0.00000e+00,3.60000e-01,
-5.1912749e-01,-0.00000e+00,3.60000e-01,
-5.1898098e-01,-0.00000e+00,3.40000e-01,
-5.1883447e-01,-0.00000e+00,3.60000e-01,
-5.1868796e-01,-0.00000e+00,3.60000e-01,
-5.1854146e-01,-0.00000e+00,3.60000e-01,
-5.1839495e-01,-0.00000e+00,3.40000e-01,
-5.1824844e-01,-0.00000e+00,3.60000e-01,
-5.1810193e-01,-0.00000e+00,3.40000e-01,
-5.1795542e-01,-0.00000e+00,3.40000e-01,
-5.1780891e-01,2.00001e-01,3.60000e-01,
-5.1766241e-01,-0.00000e+00,3.60000e-01,
-5.1751590e-01,-0.00000e+00,3.60000e-01,
-5.1736939e-01,-0.00000e+00,3.40000e-01,
-5.1722288e-01,-0.00000e+00,3.40000e-01,
-5.1707637e-01,-0.00000e+00,3.40000e-01,
-5.1692986e-01,-0.00000e+00,3.40000e-01,
-5.1678336e-01,-0.00000e+00,3.40000e-01,
-5.1663685e-01,-0.00000e+00,3.40000e-01,
-5.1649034e-01,-0.00000e+00,3.60000e-01,
-5.1634383e-01,-0.00000e+00,3.40000e-01,
-5.1619732e-01,-0.00000e+00,3.40000e-01,
-5.1605082e-01,-0.00000e+00,3.40000e-01,
-5.1590431e-01,2.00001e-01,3.40000e-01,
-5.1575780e-01,-0.00000e+00,3.40000e-01,
-5.1561129e-01,-0.00000e+00,3.40000e-01,
-5.1546478e-01,-0.00000e+00,3.20000e-01,
-5.1531827e-01,-0.00000e+00,3.40000e-01,
-5.1517177e-01,-0.00000e+00,3.40000e-01,
-5.1502526e-01,-0.00000e+00,3.40000e-01,
-5.1487875e-01,-0.00000e+00,3.40000e-01,
-5.1473224e-01,2.00001e-01,3.40000e-01,
-5.1458573e-01,-0.00000e+00,3.40000e-01,
-5.1443923e-01,2.00001e-01,3.40000e-01,
-5.1429272e-01,-0.00000e+00,3.40000e-01,
-5.1414621e-01,-0.00000e+00,3.40000e-01,
-5.1399970e-01,-0.00000e+00,3.40000e-01,
-5.1385319e-01,2.00001e-01,3.40000e-01,
-5.1370668e-01,2.00001e-01,3.40000e-01,
-5.1356018e-01,2.00001e-01,3.40000e-01,
-5.1341367e-01,2.00001e-01,3.40000e-01,
-5.1326716e-01,-0.00000e+00,3.40000e-01,
-5.1312065e-01,-0.00000e+00,3.40000e-01,
-5.1297414e-01,2.00001e-01,3.40000e-01,
-5.1282763e-01,2.00001e-01,3.40000e-01,
-5.1268113e-01,-0.00000e+00,3.40000e-01,
-5.1253462e-01,-0.00000e+00,3.40000e-01,
-5.1238811e-01,2.00001e-01,3.40000e-01,
-5.1224160e-01,-0.00000e+00,3.40000e-01,
-5.1209509e-01,2.00001e-01,3.40000e-01,
-5.1194859e-01,2.00001e-01,3.40000e-01,
-5.1180208e-01,-0.00000e+00,3.20000e-01,
-5.1165557e-01,-0.00000e+00,3.40000e-01,
-5.1150906e-01,2.00001e-01,3.20000e-01,
-5.1136255e-01,-0.00000e+00,3.20000e-01,
-5.1121604e-01,-0.00000e+00,3.20000e-01,
-5.1106954e-01,-0.00000e+00,3.40000e-01,
-5.1092303e-01,-0.00000e+00,3.20000e-01,
-5.1077652e-01,2.00001e-01,3.20000e-01,
-5.1063001e-01,-0.00000e+00,3.20000e-01,
-5.1048350e-01,2.00001e-01,3.20000e-01,
-5.1033700e-01,-0.00000e+00,3.20000e-01,
-5.1019049e-01,2.00001e-01,3.20000e-01,
-5.1004398e-01,-0.00000e+00,3.00000e-01,
-5.0989747e-01,-0.00000e+00,3.00000e-01,
-5.0975096e-01,-0.00000e+00,3.00000e-01,
-5.0960445e-01,2.00001e-01,3.00000e-01,
-5.0945795e-01,-0.00000e+00,3.00000e-01,
-5.0931144e-01,-0.00000e+00,3.00000e-01,
-5.0916493e-01,-0.00000e+00,3.00000e-01,
-5.0901842e-01,-0.00000e+00,3.00000e-01,
-5.0887191e-01,-0.00000e+00,3.00000e-01,
-5.0872540e-01,-0.00000e+00,3.00000e-01,
-5.0857890e-01,-0.00000e+00,3.00000e-01,
-5.0843239e-01,-0.00000e+00,3.00000e-01,
-5.0828588e-01,2.00001e-01,2.80000e-01,
-5.0813937e-01,2.00001e-01,3.00000e-01,
-5.0799286e-01,-0.00000e+00,2.80000e-01,
-5.0784636e-01,-0.00000e+00,3.00000e-01,
-5.0769985e-01,2.00001e-01,3.00000e-01,
-5.0755334e-01,-0.00000e+00,3.00000e-01,
-5.0740683e-01,-0.00000e+00,2.80000e-01,
-5.0726032e-01,-0.00000e+00,3.00000e-01,
-5.0711381e-01,-0.00000e+00,2.80000e-01,
-5.0696731e-01,-0.00000e+00,2.80000e-01,
-5.0682080e-01,-0.00000e+00,2.80000e-01,
-5.0667429e-01,2.00001e-01,2.80000e-01,
-5.0652778e-01,-0.00000e+00,2.80000e-01,
-5.0638127e-01,-0.00000e+00,2.80000e-01,
-5.0623477e-01,-0.00000e+00,2.60000e-01,
-5.0608826e-01,-0.00000e+00,2.60000e-01,
-5.0594175e-01,-0.00000e+00,2.60000e-01,
-5.0579524e-01,2.00001e-01,2.60000e-01,
-5.0564873e-01,-0.00000e+00,2.40000e-01,
-5.0550222e-01,2.00001e-01,2.40000e-01,
-5.0535572e-01,-0.00000e+00,2.20000e-01,
-5.0520921e-01,-0.00000e+00,2.20000e-01,
-5.0506270e-01,-0.00000e+00,2.20000e-01,
-5.0491619e-01,-0.00000e+00,2.20000e-01,
-5.0476968e-01,-0.00000e+00,2.20000e-01,
-5.0462317e-01,-0.00000e+00,2.20000e-01,
-5.0447667e-01,-0.00000e+00,2.00000e-01,
-5.0433016e-01,-0.00000e+00,1.80000e-01,
-5.0418365e-01,2.00001e-01,1.80000e-01,
-5.0403714e-01,2.00001e-01,1.80000e-01,
-5.0389063e-01,-0.00000e+00,1.60000e-01,
-5.0374413e-01,-0.00000e+00,1.60000e-01,
-5.0359762e-01,-0.00000e+00,1.40000e-01,
-5.0345111e-01,2.00001e-01,1.40000e-01,
-5.0330460e-01,-0.00000e+00,1.20000e-01,
-5.0315809e-01,-0.00000e+00,1.20000e-01,
-5.0301158e-01,-0.00000e+00,1.20000e-01,
-5.0286508e-01,-0.00000e+00,1.00000e-01,
-5.0271857e-01,-0.00000e+00,1.00000e-01,
-5.0257206e-01,2.00001e-01,1.00000e-01,
-5.0242555e-01,2.00001e-01,8.00000e-02,
-5.0227904e-01,-0.00000e+00,6.00001e-02,
-5.0213253e-01,-0.00000e+00,6.00001e-02,
-5.0198603e-01,-0.00000e+00,6.00001e-02,
-5.0183952e-01,-0.00000e+00,4.00001e-02,
-5.0169301e-01,-0.00000e+00,4.00001e-02,
-5.0154650e-01,2.00001e-01,4.00001e-02,
-5.0139999e-01,-0.00000e+00,2.00001e-02,
-5.0125349e-01,-0.00000e+00,-3.99998e-02,
-5.0110698e-01,2.00001e-01,-3.99998e-02,
-5.0096047e-01,-0.00000e+00,-3.99998e-02,
-5.0081396e-01,-0.00000e+00,-3.99998e-02,
-5.0066745e-01,2.00001e-01,-3.99998e-02,
-5.0052094e-01,-0.00000e+00,-5.99999e-02,
-5.0037444e-01,-0.00000e+00,-7.99999e-02,
-5.0022793e-01,-0.00000e+00,-7.99999e-02,
-5.0008142e-01,2.00001e-01,-7.99999e-02,
-4.9993494e-01,-0.00000e+00,-9.99999e-02,
-4.9978846e-01,-0.00000e+00,-1.20000e-01,
-4.9964198e-01,2.00001e-01,-1.20000e-01,
-4.9949551e-01,-0.00000e+00,-1.20000e-01,
-4.9934903e-01,-0.00000e+00,-1.40000e-01,
-4.9920255e-01,-0.00000e+00,-1.40000e-01,
-4.9905607e-01,2.00001e-01,-1.60000e-01,
-4.9890959e-01,-0.00000e+00,-1.60000e-01,
-4.9876311e-01,-0.00000e+00,-1.80000e-01,
-4.9861664e-01,-0.00000e+00,-2.00000e-01,
-4.9847016e-01,2.00001e-01,-2.00000e-01,
-4.9832368e-01,2.00001e-01,-2.00000e-01,
-4.9817720e-01,-0.00000e+00,-2.00000e-01,
-4.9803072e-01,2.00001e-01,-2.00000e-01,
-4.9788424e-01,2.00001e-01,-2.20000e-01,
-4.9773777e-01,2.00001e-01,-2.40000e-01,
-4.9759129e-01,-0.00000e+00,-2.40000e-01,
-4.9744481e-01,-0.00000e+00,-2.60000e-01,
-4.9729833e-01,2.00001e-01,-2.80000e-01,
-4.9715185e-01,-0.00000e+00,-2.80000e-01,
-4.9700537e-01,-0.00000e+00,-2.80000e-01,
-4.9685889e-01,-0.00000e+00,-2.80000e-01,
-4.9671242e-01,-0.00000e+00,-3.00000e-01,
-4.9656594e-01,-0.00000e+00,-3.00000e-01,
-4.9641946e-01,-0.00000e+00,-3.20000e-01,
-4.9627298e-01,-0.00000e+00,-3.20000e-01,
-4.9612650e-01,-0.00000e+00,-3.40000e-01,
-4.9598002e-01,2.00001e-01,-3.60000e-01,
-4.9583355e-01,2.00001e-01,-3.60000e-01,
-4.9568707e-01,-0.00000e+00,-3.60000e-01,
-4.9554059e-01,-0.00000e+00,-3.60000e-01,
-4.9539411e-01,-0.00000e+00,-3.80000e-01,
-4.9524763e-01,-0.00000e+00,-3.80000e-01,
-4.9510115e-01,-0.00000e+00,-4.00000e-01,
-4.9495468e-01,-0.00000e+00,-4.20000e-01,
-4.9480820e-01,-0.00000e+00,-4.40000e-01,
-4.9466172e-01,-0.00000e+00,-4.40000e-01,
-4.9451524e-01,-0.00000e+00,-4.40000e-01,
-4.9436876e-01,-0.00000e+00,-4.40000e-01,
-4.9422228e-01,-0.00000e+00,-4.60000e-01,
-4.9407580e-01,2.00001e-01,-4.60000e-01,
-4.9392933e-01,-0.00000e+00,-4.80000e-01,
-4.9378285e-01,-0.00000e+00,-4.80000e-01,
-4.9363637e-01,-0.00000e+00,-4.80000e-01,
-4.9348989e-01,-0.00000e+00,-4.80000e-01,
-4.9334341e-01,-0.00000e+00,-5.20000e-01,
-4.9319693e-01,-0.00000e+00,-5.20000e-01,
-4.9305046e-01,-0.00000e+00,-5.20000e-01,
-4.9290398e-01,-0.00000e+00,-5.20000e-01,
-4.9275750e-01,2.00001e-01,-5.20000e-01,
-4.9261102e-01,-0.00000e+00,-5.40000e-01,
-4.9246454e-01,-0.00000e+00,-5.60000e-01,
-4.9231806e-01,-0.00000e+00,-5.60000e-01,
-4.9217159e-01,-0.00000e+00,-5.60000e-01,
-4.9202511e-01,-0.00000e+00,-5.80000e-01,
-4.9187863e-01,2.00001e-01,-5.80000e-01,
-4.9173215e-01,-0.00000e+00,-6.00000e-01,
-4.9158567e-01,-0.00000e+00,-6.00000e-01,
-4.9143919e-01,-0.00000e+00,-6.20000e-01,
-4.9129272e-01,2.00001e-01,-6.00000e-01,
-4.9114624e-01,-0.00000e+00,-6.20000e-01,
-4.9099976e-01,-0.00000e+00,-6.20000e-01,
-4.9085328e-01,-0.00000e+00,-6.40000e-01,
-4.9070680e-01,-0.00000e+00,-6.20000e-01,
-4.9056032e-01,-0.00000e+00,-6.60000e-01,
-4.9041384e-01,-0.00000e+00,-6.80000e-01,
-4.9026737e-01,-0.00000e+00,-6.80000e-01,
-4.9012089e-01,-0.00000e+00,-7.00000e-01,
-4.8997441e-01,-0.00000e+00,-7.00000e-01,
-4.8982793e-01,2.00001e-01,-7.00000e-01,
-4.8968145e-01,2.00001e-01,-7.00000e-01,
-4.8953497e-01,-0.00000e+00,-7.20000e-01,
-4.8938850e-01,-0.00000e+00,-7.20000e-01,
-4.8924202e-01,-0.00000e+00,-7.40000e-01,
-4.8909554e-01,-0.00000e+00,-7.60000e-01,
-4.8894906e-01,2.00001e-01,-7.60000e-01,
-4.8880258e-01,-0.00000e+00,-7.60000e-01,
-4.8865610e-01,2.00001e-01,-7.60000e-01,
-4.8850963e-01,-0.00000e+00,-7.80000e-01,
-4.8836315e-01,-0.00000e+00,-7.80000e-01,
-4.8821667e-01,2.00001e-01,-7.80000e-01,
-4.8807019e-01,2.00001e-01,-8.00000e-01,
-4.8792371e-01,-0.00000e+00,-8.00000e-01,
-4.8777723e-01,2.00001e-01,-8.00000e-01,
-4.8763075e-01,2.00001e-01,-8.20000e-01,
-4.8748428e-01,-0.00000e+00,-8.20000e-01,
-4.8733780e-01,2.00001e-01,-8.60000e-01,
-4.8719132e-01,2.00001e-01,-8.60000e-01,
-4.8704484e-01,-0.00000e+00,-8.60000e-01,
-4.8689836e-01,-0.00000e+00,-8.60000e-01,
-4.8675188e-01,2.00001e-01,-8.80000e-01,
-4.8660541e-01,-0.00000e+00,-8.80000e-01,
-4.8645893e-01,-0.00000e+00,-9.00000e-01,
-4.8631245e-01,-0.00000e+00,-9.00000e-01,
-4.8616597e-01,-0.00000e+00,-9.20000e-01,
-4.8601949e-01,-0.00000e+00,-9.00000e-01,
-4.8587301e-01,2.00001e-01,-9.40000e-01,
-4.8572654e-01,-0.00000e+00,-9.20000e-01,
-4.8558006e-01,2.00001e-01,-9.40000e-01,
-4.8543358e-01,-0.00000e+00,-9.40000e-01,
-4.8528710e-01,2.00001e-01,-9.40000e-01,
-4.8514062e-01,-0.00000e+00,-9.40000e-01,
-4.8499414e-01,-0.00000e+00,-9.60000e-01,
-4.8484766e-01,-0.00000e+00,-9.60000e-01,
-4.8470119e-01,-0.00000e+00,-9.80000e-01,
-4.8455471e-01,2.00001e-01,-9.80000e-01,
-4.8440823e-01,2.00001e-01,-1.00000e+00,
-4.8426175e-01,-0.00000e+00,-1.00000e+00,
-4.8411527e-01,-0.00000e+00,-1.00000e+00,
-4.8396879e-01,2.00001e-01,-1.02000e+00,
-4.8382232e-01,2.00001e-01,-1.02000e+00,
-4.8367584e-01,-0.00000e+00,-1.02000e+00,
-4.8352936e-01,2.00001e-01,-1.02000e+00,
-4.8338288e-01,-0.00000e+00,-1.02000e+00,
-4.8323640e-01,-0.00000e+00,-1.02000e+00,
-4.8308992e-01,-0.00000e+00,-1.04000e+00,
-4.8294345e-01,-0.00000e+00,-1.04000e+00,
-4.8279697e-01,-0.00000e+00,-1.06000e+00,
-4.8265049e-01,2.00001e-01,-1.06000e+00,
-4.8250401e-01,-0.00000e+00,-1.08000e+00,
-4.8235753e-01,2.00001e-01,-1.10000e+00,
-4.8221105e-01,-0.00000e+00,-1.10000e+00,
-4.8206457e-01,-0.00000e+00,-1.10000e+00,
-4.8191810e-01,-0.00000e+00,-1.10000e+00,
-4.8177162e-01,-0.00000e+00,-1.10000e+00,
-4.8162514e-01,-0.00000e+00,-1.12000e+00,
-4.8147866e-01,-0.00000e+00,-1.12000e+00,
-4.8133218e-01,2.00001e-01,-1.14000e+00,
-4.8118570e-01,-0.00000e+00,-1.14000e+00,
-4.8103923e-01,-0.00000e+00,-1.14000e+00,
-4.8089275e-01,-0.00000e+00,-1.14000e+00,
-4.8074627e-01,-0.00000e+00,-1.14000e+00,
-4.8059979e-01,-0.00000e+00,-1.16000e+00,
-4.8045331e-01,-0.00000e+00,-1.16000e+00,
-4.8030683e-01,2.00001e-01,-1.18000e+00,
-4.8016036e-01,-0.00000e+00,-1.18000e+00,
-4.8001388e-01,2.00001e-01,-1.18000e+00,
-4.7986740e-01,-0.00000e+00,-1.18000e+00,
-4.7972092e-01,2.00001e-01,-1.18000e+00,
-4.7957444e-01,-0.00000e+00,-1.20000e+00,
-4.7942796e-01,-0.00000e+00,-1.20000e+00,
-4.7928149e-01,-0.00000e+00,-1.20000e+00,
-4.7913501e-01,2.00001e-01,-1.22000e+00,
-4.7898853e-01,2.00001e-01,-1.22000e+00,
-4.7884205e-01,-0.00000e+00,-1.22000e+00,
-4.7869557e-01,-0.00000e+00,-1.22000e+00,
-4.7854909e-01,-0.00000e+00,-1.22000e+00,
-4.7840261e-01,-0.00000e+00,-1.22000e+00,
-4.7825614e-01,-0.00000e+00,-1.26000e+00,
-4.7810966e-01,2.00001e-01,-1.24000e+00,
-4.7796318e-01,-0.00000e+00,-1.26000e+00,
-4.7781670e-01,-0.00000e+00,-1.26000e+00,
-4.7767022e-01,-0.00000e+00,-1.26000e+00,
-4.7752374e-01,2.00001e-01,-1.26000e+00,
-4.7737727e-01,-0.00000e+00,-1.28000e+00,
-4.7723079e-01,-0.00000e+00,-1.28000e+00,
-4.7708431e-01,-0.00000e+00,-1.28000e+00,
-4.7693783e-01,-0.00000e+00,-1.28000e+00,
-4.7679135e-01,-0.00000e+00,-1.28000e+00,
-4.7664487e-01,-0.00000e+00,-1.32000e+00,
-4.7649840e-01,-0.00000e+00,-1.32000e+00,
-4.7635192e-01,-0.00000e+00,-1.32000e+00,
-4.7620544e-01,2.00001e-01,-1.34000e+00,
-4.7605896e-01,-0.00000e+00,-1.34000e+00,
-4.7591248e-01,-0.00000e+00,-1.34000e+00,
-4.7576600e-01,2.00001e-01,-1.34000e+00,
-4.7561952e-01,-0.00000e+00,-1.34000e+00,
-4.7547305e-01,2.00001e-01,-1.34000e+00,
-4.7532657e-01,-0.00000e+00,-1.36000e+00,
-4.7518009e-01,-0.00000e+00,-1.36000e+00,
-4.7503361e-01,-0.00000e+00,-1.36000e+00,
-4.7488713e-01,-0.00000e+00,-1.38000e+00,
-4.7474065e-01,-0.00000e+00,-1.38000e+00,
-4.7459418e-01,-0.00000e+00,-1.38000e+00,
-4.7444770e-01,-0.00000e+00,-1.38000e+00,
-4.7430122e-01,-0.00000e+00,-1.38000e+00,
-4.7415474e-01,-0.00000e+00,-1.38000e+00,
-4.7400826e-01,2.00001e-01,-1.38000e+00,
-4.7386178e-01,2.00001e-01,-1.40000e+00,
-4.7371531e-01,-0.00000e+00,-1.42000e+00,
-4.7356883e-01,-0.00000e+00,-1.42000e+00,
-4.7342235e-01,2.00001e-01,-1.42000e+00,
-4.7327587e-01,-0.00000e+00,-1.42000e+00,
-4.7312939e-01,-0.00000e+00,-1.42000e+00,
-4.7298291e-01,2.00001e-01,-1.44000e+00,
-4.7283643e-01,-0.00000e+00,-1.44000e+00,
-4.7268996e-01,2.00001e-01,-1.44000e+00,
-4.7254348e-01,2.00001e-01,-1.44000e+00,
-4.7239700e-01,2.00001e-01,-1.44000e+00,
-4.7225052e-01,-0.00000e+00,-1.46000e+00,
-4.7210404e-01,-0.00000e+00,-1.46000e+00,
-4.7195756e-01,-0.00000e+00,-1.46000e+00,
-4.7181109e-01,-0.00000e+00,-1.46000e+00,
-4.7166461e-01,2.00001e-01,-1.48000e+00,
-4.7151813e-01,-0.00000e+00,-1.50000e+00,
-4.7137165e-01,-0.00000e+00,-1.48000e+00,
-4.7122517e-01,2.00001e-01,-1.50000e+00,
-4.7107869e-01,-0.00000e+00,-1.50000e+00,
-4.7093222e-01,-0.00000e+00,-1.50000e+00,
-4.7078574e-01,2.00001e-01,-1.50000e+00,
-4.7063926e-01,-0.00000e+00,-1.50000e+00,
-4.7049278e-01,-0.00000e+00,-1.50000e+00,
-4.7034630e-01,2.00001e-01,-1.50000e+00,
-4.7019982e-01,-0.00000e+00,-1.50000e+00,
-4.7005334e-01,-0.00000e+00,-1.52000e+00,
-4.6990687e-01,-0.00000e+00,-1.52000e+00,
-4.6976039e-01,2.00001e-01,-1.54000e+00,
-4.6961391e-01,-0.00000e+00,-1.54000e+00,
-4.6946743e-01,-0.00000e+00,-1.54000e+00,
-4.6932095e-01,2.00001e-01,-1.54000e+00,
-4.6917447e-01,-0.00000e+00,-1.54000e+00,
-4.6902800e-01,-0.00000e+00,-1.56000e+00,
-4.6888152e-01,2.00001e-01,-1.56000e+00,
-4.6873504e-01,-0.00000e+00,-1.56000e+00,
-4.6858856e-01,-0.00000e+00,-1.58000e+00,
-4.6844208e-01,-0.00000e+00,-1.58000e+00,
-4.6829560e-01,2.00001e-01,-1.58000e+00,
-4.6814913e-01,-0.00000e+00,-1.58000e+00,
-4.6800265e-01,2.00001e-01,-1.58000e+00,
-4.6785617e-01,-0.00000e+00,-1.58000e+00,
-4.6770969e-01,2.00001e-01,-1.58000e+00,
-4.6756321e-01,-0.00000e+00,-1.58000e+00,
-4.6741673e-01,-0.00000e+00,-1.60000e+00,
-4.6727026e-01,2.00001e-01,-1.58000e+00,
-4.6712378e-01,-0.00000e+00,-1.60000e+00,
-4.6697730e-01,-0.00000e+00,-1.60000e+00,
-4.6683082e-01,-0.00000e+00,-1.60000e+00,
-4.6668434e-01,-0.00000e+00,-1.62000e+00,
-4.6653786e-01,-0.00000e+00,-1.62000e+00,
-4.6639138e-01,-0.00000e+00,-1.62000e+00,
-4.6624491e-01,-0.00000e+00,-1.62000e+00,
-4.6609843e-01,2.00001e-01,-1.64000e+00,
-4.6595195e-01,-0.00000e+00,-1.64000e+00,
-4.6580547e-01,-0.00000e+00,-1.64000e+00,
-4.6565899e-01,-0.00000e+00,-1.64000e+00,
-4.6551251e-01,-0.00000e+00,-1.66000e+00,
-4.6536604e-01,2.00001e-01,-1.66000e+00,
-4.6521956e-01,-0.00000e+00,-1.66000e+00,
-4.6507308e-01,-0.00000e+00,-1.66000e+00,
-4.6492660e-01,-0.00000e+00,-1.66000e+00,
-4.6478012e-01,-0.00000e+00,-1.66000e+00,
-4.6463364e-01,-0.00000e+00,-1.66000e+00,
-4.6448717e-01,-0.00000e+00,-1.66000e+00,
-4.6434069e-01,-0.00000e+00,-1.66000e+00,
-4.6419421e-01,2.00001e-01,-1.70000e+00,
-4.6404773e-01,-0.00000e+00,-1.70000e+00,
-4.6390125e-01,2.00001e-01,-1.72000e+00,
-4.6375477e-01,-0.00000e+00,-1.70000e+00,
-4.6360829e-01,-0.00000e+00,-1.70000e+00,
-4.6346182e-01,-0.00000e+00,-1.72000e+00,
-4.6331534e-01,-0.00000e+00,-1.72000e+00,
-4.6316886e-01,-0.00000e+00,-1.72000e+00,
-4.6302238e-01,-0.00000e+00,-1.72000e+00,
-4.6287590e-01,-0.00000e+00,-1.72000e+00,
-4.6272942e-01,-0.00000e+00,-1.72000e+00,
-4.6258295e-01,-0.00000e+00,-1.74000e+00,
-4.6243647e-01,2.00001e-01,-1.74000e+00,
-4.6228999e-01,-0.00000e+00,-1.76000e+00,
-4.6214351e-01,2.00001e-01,-1.76000e+00,
-4.6199703e-01,2.00001e-01,-1.76000e+00,
-4.6185055e-01,2.00001e-01,-1.76000e+00,
-4.6170408e-01,-0.00000e+00,-1.76000e+00,
-4.6155760e-01,-0.00000e+00,-1.76000e+00,
-4.6141112e-01,-0.00000e+00,-1.76000e+00,
-4.6126464e-01,-0.00000e+00,-1.76000e+00,
-4.6111816e-01,-0.00000e+00,-1.76000e+00,
-4.6097168e-01,-0.00000e+00,-1.76000e+00,
-4.6082520e-01,-0.00000e+00,-1.76000e+00,
-4.6067873e-01,-0.00000e+00,-1.76000e+00,
-4.6053225e-01,2.00001e-01,-1.78000e+00,
-4.6038577e-01,-0.00000e+00,-1.78000e+00,
-4.6023929e-01,-0.00000e+00,-1.78000e+00,
-4.6009281e-01,-0.00000e+00,-1.80000e+00,
-4.5994633e-01,2.00001e-01,-1.80000e+00,
-4.5979986e-01,-0.00000e+00,-1.78000e+00,
-4.5965338e-01,-0.00000e+00,-1.78000e+00,
-4.5950690e-01,-0.00000e+00,-1.80000e+00,
-4.5936042e-01,-0.00000e+00,-1.80000e+00,
-4.5921394e-01,-0.00000e+00,-1.80000e+00,
-4.5906746e-01,2.00001e-01,-1.82000e+00,
-4.5892099e-01,2.00001e-01,-1.80000e+00,
-4.5877451e-01,-0.00000e+00,-1.80000e+00,
-4.5862803e-01,-0.00000e+00,-1.82000e+00,
-4.5848155e-01,-0.00000e+00,-1.82000e+00,
-4.5833507e-01,-0.00000e+00,-1.80000e+00,
-4.5818859e-01,-0.00000e+00,-1.82000e+00,
-4.5804211e-01,-0.00000e+00,-1.84000e+00,
-4.5789564e-01,2.00001e-01,-1.84000e+00,
-4.5774916e-01,-0.00000e+00,-1.84000e+00,
-4.5760268e-01,2.00001e-01,-1.84000e+00,
-4.5745620e-01,-0.00000e+00,-1.84000e+00,
-4.5730972e-01,2.00001e-01,-1.84000e+00,
-4.5716324e-01,-0.00000e+00,-1.84000e+00,
-4.5701677e-01,-0.00000e+00,-1.84000e+00,
-4.5687029e-01,-0.00000e+00,-1.84000e+00,
-4.5672381e-01,-0.00000e+00,-1.84000e+00,
-4.5657733e-01,-0.00000e+00,-1.84000e+00,
-4.5643085e-01,-0.00000e+00,-1.84000e+00,
-4.5628437e-01,2.00001e-01,-1.84000e+00,
-4.5613790e-01,-0.00000e+00,-1.88000e+00,
-4.5599142e-01,-0.00000e+00,-1.84000e+00,
-4.5584494e-01,-0.00000e+00,-1.86000e+00,
-4.5569846e-01,-0.00000e+00,-1.86000e+00,
-4.5555198e-01,-0.00000e+00,-1.86000e+00,
-4.5540550e-01,-0.00000e+00,-1.86000e+00,
-4.5525903e-01,-0.00000e+00,-1.86000e+00,
-4.5511255e-01,-0.00000e+00,-1.88000e+00,
-4.5496607e-01,-0.00000e+00,-1.88000e+00,
-4.5481959e-01,2.00001e-01,-1.88000e+00,
-4.5467311e-01,-0.00000e+00,-1.88000e+00,
-4.5452663e-01,-0.00000e+00,-1.88000e+00,
-4.5438015e-01,-0.00000e+00,-1.88000e+00,
-4.5423368e-01,-0.00000e+00,-1.88000e+00,
-4.5408720e-01,-0.00000e+00,-1.88000e+00,
-4.5394072e-01,-0.00000e+00,-1.88000e+00,
-4.5379424e-01,-0.00000e+00,-1.88000e+00,
-4.5364776e-01,-0.00000e+00,-1.88000e+00,
-4.5350128e-01,-0.00000e+00,-1.90000e+00,
-4.5335481e-01,2.00001e-01,-1.88000e+00,
-4.5320833e-01,2.00001e-01,-1.90000e+00,
-4.5306185e-01,-0.00000e+00,-1.90000e+00,
-4.5291537e-01,-0.00000e+00,-1.92000e+00,
-4.5276889e-01,-0.00000e+00,-1.92000e+00,
-4.5262241e-01,-0.00000e+00,-1.92000e+00,
-4.5247594e-01,2.00001e-01,-1.92000e+00,
-4.5232946e-01,-0.00000e+00,-1.92000e+00,
-4.5218298e-01,-0.00000e+00,-1.92000e+00,
-4.5203650e-01,-0.00000e+00,-1.92000e+00,
-4.5189002e-01,2.00001e-01,-1.92000e+00,
-4.5174354e-01,-0.00000e+00,-1.92000e+00,
-4.5159706e-01,-0.00000e+00,-1.92000e+00,
-4.5145059e-01,-0.00000e+00,-1.92000e+00,
-4.5130411e-01,-0.00000e+00,-1.92000e+00,
-4.5115763e-01,-0.00000e+00,-1.92000e+00,
-4.5101115e-01,-0.00000e+00,-1.92000e+00,
-4.5086467e-01,-0.00000e+00,-1.94000e+00,
-4.5071819e-01,-0.00000e+00,-1.92000e+00,
-4.5057172e-01,-0.00000e+00,-1.92000e+00,
-4.5042524e-01,-0.00000e+00,-1.92000e+00,
-4.5027876e-01,-0.00000e+00,-1.92000e+00,
-4.5013228e-01,-0.00000e+00,-1.94000e+00,
-4.4998580e-01,-0.00000e+00,-1.94000e+00,
-4.4983932e-01,-0.00000e+00,-1.94000e+00,
-4.4969285e-01,-0.00000e+00,-1.94000e+00,
-4.4954637e-01,-0.00000e+00,-1.94000e+00,
-4.4939989e-01,-0.00000e+00,-1.94000e+00,
-4.4925341e-01,-0.00000e+00,-1.94000e+00,
-4.4910693e-01,-0.00000e+00,-1.94000e+00,
-4.4896045e-01,-0.00000e+00,-1.94000e+00,
-4.4881397e-01,-0.00000e+00,-1.94000e+00,
-4.4866750e-01,-0.00000e+00,-1.94000e+00,
-4.4852102e-01,-0.00000e+00,-1.94000e+00,
-4.4837454e-01,2.00001e-01,-1.94000e+00,
-4.4822806e-01,-0.00000e+00,-2.00000e+00,
-4.4808158e-01,-0.00000e+00,-1.96000e+00,
-4.4793510e-01,2.00001e-01,-1.94000e+00,
-4.4778863e-01,-0.00000e+00,-1.96000e+00,
-4.4764215e-01,-0.00000e+00,-1.96000e+00,
-4.4749567e-01,2.00001e-01,-1.96000e+00,
-4.4734919e-01,-0.00000e+00,-1.96000e+00,
-4.4720271e-01,-0.00000e+00,-1.98000e+00,
-4.4705623e-01,2.00001e-01,-2.00000e+00,
-4.4690976e-01,-0.00000e+00,-1.98000e+00,
-4.4676328e-01,2.00001e-01,-1.98000e+00,
-4.4661680e-01,2.00001e-01,-1.98000e+00,
-4.4647032e-01,2.00001e-01,-2.00000e+00,
-4.4632384e-01,-0.00000e+00,-1.96000e+00,
-4.4617736e-01,-0.00000e+00,-1.98000e+00,
-4.4603088e-01,-0.00000e+00,-2.00000e+00,
-4.4588441e-01,-0.00000e+00,-1.98000e+00,
-4.4573793e-01,-0.00000e+00,-1.98000e+00,
-4.4559145e-01,-0.00000e+00,-2.00000e+00,
-4.4544497e-01,-0.00000e+00,-1.98000e+00,
-4.4529849e-01,-0.00000e+00,-2.00000e+00,
-4.4515201e-01,-0.00000e+00,-2.00000e+00,
-4.4500554e-01,-0.00000e+00,-1.98000e+00,
-4.4485906e-01,2.00001e-01,-1.98000e+00,
-4.4471258e-01,-0.00000e+00,-2.00000e+00,
-4.4456610e-01,-0.00000e+00,-2.00000e+00,
-4.4441962e-01,-0.00000e+00,-2.00000e+00,
-4.4427314e-01,-0.00000e+00,-2.00000e+00,
-4.4412667e-01,-0.00000e+00,-2.00000e+00,
-4.4398019e-01,-0.00000e+00,-2.00000e+00,
-4.4383371e-01,-0.00000e+00,-2.00000e+00,
-4.4368723e-01,-0.00000e+00,-2.00000e+00,
-4.4354075e-01,-0.00000e+00,-2.00000e+00,
-4.4339427e-01,2.00001e-01,-2.00000e+00,
-4.4324780e-01,-0.00000e+00,-2.00000e+00,
-4.4310132e-01,-0.00000e+00,-2.00000e+00,
-4.4295484e-01,-0.00000e+00,-2.00000e+00,
-4.4280836e-01,-0.00000e+00,-2.00000e+00,
-4.4266188e-01,-0.00000e+00,-2.00000e+00,
-4.4251540e-01,-0.00000e+00,-2.00000e+00,
-4.4236892e-01,-0.00000e+00,-2.00000e+00,
-4.4222245e-01,-0.00000e+00,-2.00000e+00,
-4.4207597e-01,-0.00000e+00,-2.00000e+00,
-4.4192949e-01,2.00001e-01,-2.02000e+00,
-4.4178301e-01,-0.00000e+00,-2.02000e+00,
-4.4163653e-01,-0.00000e+00,-2.00000e+00,
-4.4149005e-01,-0.00000e+00,-2.00000e+00,
-4.4134358e-01,-0.00000e+00,-2.02000e+00,
-4.4119710e-01,2.00001e-01,-2.00000e+00,
-4.4105062e-01,-0.00000e+00,-2.00000e+00,
-4.4090414e-01,-0.00000e+00,-2.00000e+00,
-4.4075766e-01,-0.00000e+00,-2.00000e+00,
-4.4061118e-01,-0.00000e+00,-2.02000e+00,
-4.4046471e-01,-0.00000e+00,-2.02000e+00,
-4.4031823e-01,2.00001e-01,-2.00000e+00,
-4.4017175e-01,-0.00000e+00,-2.02000e+00,
-4.4002527e-01,-0.00000e+00,-2.02000e+00,
-4.3987879e-01,-0.00000e+00,-2.00000e+00,
-4.3973231e-01,-0.00000e+00,-2.02000e+00,
-4.3958583e-01,-0.00000e+00,-2.00000e+00,
-4.3943936e-01,-0.00000e+00,-2.02000e+00,
-4.3929288e-01,2.00001e-01,-2.02000e+00,
-4.3914640e-01,-0.00000e+00,-2.02000e+00,
-4.3899992e-01,-0.00000e+00,-2.02000e+00,
-4.3885344e-01,2.00001e-01,-2.02000e+00,
-4.3870696e-01,2.00001e-01,-2.04000e+00,
-4.3856049e-01,-0.00000e+00,-2.02000e+00,
-4.3841401e-01,-0.00000e+00,-2.02000e+00,
-4.3826753e-01,-0.00000e+00,-2.02000e+00,
-4.3812105e-01,-0.00000e+00,-2.02000e+00,
-4.3797457e-01,-0.00000e+00,-2.02000e+00,
-4.3782809e-01,2.00001e-01,-2.02000e+00,
-4.3768162e-01,-0.00000e+00,-2.02000e+00,
-4.3753514e-01,-0.00000e+00,-2.02000e+00,
-4.3738866e-01,-0.00000e+00,-2.02000e+00,
-4.3724218e-01,2.00001e-01,-2.02000e+00,
-4.3709570e-01,-0.00000e+00,-2.02000e+00,
-4.3694922e-01,-0.00000e+00,-2.04000e+00,
-4.3680274e-01,-0.00000e+00,-2.02000e+00,
-4.3665627e-01,2.00001e-01,-2.04000e+00,
-4.3650979e-01,-0.00000e+00,-2.02000e+00,
-4.3636331e-01,-0.00000e+00,-2.04000e+00,
-4.3621683e-01,-0.00000e+00,-2.02000e+00,
-4.3607035e-01,-0.00000e+00,-2.02000e+00,
-4.3592387e-01,-0.00000e+00,-2.04000e+00,
-4.3577740e-01,-0.00000e+00,-2.04000e+00,
-4.3563092e-01,-0.00000e+00,-2.04000e+00,
-4.3548444e-01,2.00001e-01,-2.04000e+00,
-4.3533796e-01,-0.00000e+00,-2.02000e+00,
-4.3519148e-01,-0.00000e+00,-2.04000e+00,
-4.3504500e-01,-0.00000e+00,-2.04000e+00,
-4.3489853e-01,-0.00000e+00,-2.04000e+00,
-4.3475205e-01,-0.00000e+00,-2.02000e+00,
-4.3460557e-01,-0.00000e+00,-2.04000e+00,
-4.3445909e-01,-0.00000e+00,-2.02000e+00,
-4.3431261e-01,-0.00000e+00,-2.04000e+00,
-4.3416613e-01,-0.00000e+00,-2.04000e+00,
-4.3401965e-01,2.00001e-01,-2.02000e+00,
-4.3387318e-01,-0.00000e+00,-2.04000e+00,
-4.3372670e-01,-0.00000e+00,-2.04000e+00,
-4.3358022e-01,-0.00000e+00,-2.04000e+00,
-4.3343374e-01,-0.00000e+00,-2.04000e+00,
-4.3328726e-01,-0.00000e+00,-2.04000e+00,
-4.3314078e-01,-0.00000e+00,-2.02000e+00,
-4.3299431e-01,-0.00000e+00,-2.02000e+00,
-4.3284783e-01,-0.00000e+00,-2.04000e+00,
-4.3270135e-01,-0.00000e+00,-2.04000e+00,
-4.3255487e-01,-0.00000e+00,-2.04000e+00,
-4.3240839e-01,-0.00000e+00,-2.04000e+00,
-4.3226191e-01,-0.00000e+00,-2.02000e+00,
-4.3211544e-01,-0.00000e+00,-2.04000e+00,
-4.3196896e-01,2.00001e-01,-2.02000e+00,
-4.3182248e-01,-0.00000e+00,-2.04000e+00,
-4.3167600e-01,-0.00000e+00,-2.04000e+00,
-4.3152952e-01,-0.00000e+00,-2.04000e+00,
-4.3138304e-01,-0.00000e+00,-2.04000e+00,
-4.3123657e-01,-0.00000e+00,-2.04000e+00,
-4.3109009e-01,2.00001e-01,-2.04000e+00,
-4.3094361e-01,2.00001e-01,-2.04000e+00,
-4.3079713e-01,-0.00000e+00,-2.04000e+00,
-4.3065065e-01,-0.00000e+00,-2.04000e+00,
-4.3050417e-01,-0.00000e+00,-2.04000e+00,
-4.3035769e-01,-0.00000e+00,-2.04000e+00,
-4.3021122e-01,-0.00000e+00,-2.02000e+00,
-4.3006474e-01,-0.00000e+00,-2.04000e+00,
-4.2991826e-01,-0.00000e+00,-2.04000e+00,
-4.2977178e-01,-0.00000e+00,-2.02000e+00,
-4.2962530e-01,-0.00000e+00,-2.04000e+00,
-4.2947882e-01,-0.00000e+00,-2.04000e+00,
-4.2933235e-01,-0.00000e+00,-2.04000e+00,
-4.2918587e-01,-0.00000e+00,-2.04000e+00,
-4.2903939e-01,-0.00000e+00,-2.04000e+00,
-4.2889291e-01,2.00001e-01,-2.02000e+00,
-4.2874643e-01,-0.00000e+00,-2.02000e+00,
-4.2859995e-01,-0.00000e+00,-2.04000e+00,
-4.2845348e-01,2.00001e-01,-2.04000e+00,
-4.2830700e-01,-0.00000e+00,-2.02000e+00,
-4.2816052e-01,-0.00000e+00,-2.02000e+00,
-4.2801404e-01,2.00001e-01,-2.04000e+00,
-4.2786756e-01,-0.00000e+00,-2.04000e+00,
-4.2772108e-01,-0.00000e+00,-2.04000e+00,
-4.2757460e-01,4.80000e+00,-2.08000e+00,
-4.2742813e-01,-0.00000e+00,-2.04000e+00,
-4.2728165e-01,-0.00000e+00,-2.02000e+00,
-4.2713517e-01,-0.00000e+00,-2.02000e+00,
-4.2698869e-01,-0.00000e+00,-2.04000e+00,
-4.2684221e-01,-0.00000e+00,-2.02000e+00,
-4.2669573e-01,-0.00000e+00,-2.04000e+00,
-4.2654926e-01,-0.00000e+00,-2.04000e+00,
-4.2640278e-01,-0.00000e+00,-2.02000e+00,
-4.2625630e-01,-0.00000e+00,-2.02000e+00,
-4.2610982e-01,-0.00000e+00,-2.02000e+00,
-4.2596334e-01,2.00001e-01,-2.02000e+00,
-4.2581686e-01,-0.00000e+00,-2.02000e+00,
-4.2567039e-01,-0.00000e+00,-2.00000e+00,
-4.2552391e-01,-0.00000e+00,-2.02000e+00,
-4.2537743e-01,-0.00000e+00,-2.02000e+00,
-4.2523095e-01,-0.00000e+00,-2.02000e+00,
-4.2508447e-01,2.00001e-01,-2.02000e+00,
-4.2493799e-01,-0.00000e+00,-2.02000e+00,
-4.2479151e-01,-0.00000e+00,-2.02000e+00,
-4.2464504e-01,-0.00000e+00,-2.02000e+00,
-4.2449856e-01,-0.00000e+00,-2.00000e+00,
-4.2435208e-01,2.00001e-01,-2.00000e+00,
-4.2420560e-01,-0.00000e+00,-2.02000e+00,
-4.2405912e-01,-0.00000e+00,-2.00000e+00,
-4.2391264e-01,-0.00000e+00,-2.02000e+00,
-4.2376617e-01,-0.00000e+00,-2.02000e+00,
-4.2361969e-01,-0.00000e+00,-2.02000e+00,
-4.2347321e-01,2.00001e-01,-2.00000e+00,
-4.2332673e-01,-0.00000e+00,-2.00000e+00,
-4.2318025e-01,-0.00000e+00,-2.00000e+00,
-4.2303377e-01,-0.00000e+00,-2.00000e+00,
-4.2288730e-01,-0.00000e+00,-2.00000e+00,
-4.2274082e-01,-0.00000e+00,-2.00000e+00,
-4.2259434e-01,-0.00000e+00,-2.02000e+00,
-4.2244786e-01,-0.00000e+00,-2.02000e+00,
-4.2230138e-01,-0.00000e+00,-2.00000e+00,
-4.2215490e-01,-0.00000e+00,-2.00000e+00,
-4.2200842e-01,-0.00000e+00,-2.00000e+00,
-4.2186195e-01,-0.00000e+00,-2.00000e+00,
-4.2171547e-01,-0.00000e+00,-2.02000e+00,
-4.2156899e-01,-0.00000e+00,-2.02000e+00,
-4.2142251e-01,-0.00000e+00,-2.02000e+00,
-4.2127603e-01,-0.00000e+00,-2.00000e+00,
-4.2112955e-01,-0.00000e+00,-2.02000e+00,
-4.2098308e-01,-0.00000e+00,-2.00000e+00,
-4.2083660e-01,-0.00000e+00,-2.00000e+00,
-4.2069012e-01,-0.00000e+00,-2.00000e+00,
-4.2054364e-01,-0.00000e+00,-2.00000e+00,
-4.2039716e-01,2.00001e-01,-2.00000e+00,
-4.2025068e-01,2.00001e-01,-2.00000e+00,
-4.2010421e-01,-0.00000e+00,-2.00000e+00,
-4.1995773e-01,-0.00000e+00,-2.00000e+00,
-4.1981125e-01,-0.00000e+00,-2.00000e+00,
-4.1966477e-01,-0.00000e+00,-2.00000e+00,
-4.1951829e-01,-0.00000e+00,-2.00000e+00,
-4.1937181e-01,2.00001e-01,-2.00000e+00,
-4.1922534e-01,-0.00000e+00,-2.00000e+00,
-4.1907886e-01,2.00001e-01,-2.00000e+00,
-4.1893238e-01,2.00001e-01,-2.00000e+00,
-4.1878590e-01,-0.00000e+00,-2.00000e+00,
-4.1863942e-01,-0.00000e+00,-2.00000e+00,
-4.1849294e-01,-0.00000e+00,-2.00000e+00,
-4.1834646e-01,-0.00000e+00,-2.00000e+00,
-4.1819999e-01,-0.00000e+00,-2.00000e+00,
-4.1805351e-01,-0.00000e+00,-2.00000e+00,
-4.1790703e-01,-0.00000e+00,-2.00000e+00,
-4.1776055e-01,2.00001e-01,-2.00000e+00,
-4.1761407e-01,-0.00000e+00,-1.96000e+00,
-4.1746759e-01,-0.00000e+00,-2.00000e+00,
-4.1732112e-01,-0.00000e+00,-2.00000e+00,
-4.1717464e-01,-0.00000e+00,-2.00000e+00,
-4.1702816e-01,-0.00000e+00,-2.00000e+00,
-4.1688168e-01,-0.00000e+00,-1.98000e+00,
-4.1673520e-01,-0.00000e+00,-2.00000e+00,
-4.1658872e-01,-0.00000e+00,-2.00000e+00,
-4.1644225e-01,2.00001e-01,-1.98000e+00,
-4.1629577e-01,-0.00000e+00,-1.98000e+00,
-4.1614929e-01,2.00001e-01,-1.96000e+00,
-4.1600281e-01,-0.00000e+00,-1.96000e+00,
-4.1585633e-01,2.00001e-01,-1.98000e+00,
-4.1570985e-01,-0.00000e+00,-1.98000e+00,
-4.1556337e-01,-0.00000e+00,-1.96000e+00,
-4.1541690e-01,2.00001e-01,-1.96000e+00,
-4.1527042e-01,-0.00000e+00,-1.98000e+00,
-4.1512394e-01,-0.00000e+00,-1.96000e+00,
-4.1497746e-01,-0.00000e+00,-1.98000e+00,
-4.1483098e-01,-0.00000e+00,-1.92000e+00,
-4.1468450e-01,-0.00000e+00,-1.96000e+00,
-4.1453803e-01,-0.00000e+00,-1.96000e+00,
-4.1439155e-01,2.00001e-01,-1.96000e+00,
-4.1424507e-01,2.00001e-01,-1.96000e+00,
-4.1409859e-01,2.00001e-01,-1.96000e+00,
-4.1395211e-01,-0.00000e+00,-1.96000e+00,
-4.1380563e-01,-0.00000e+00,-1.96000e+00,
-4.1365916e-01,-0.00000e+00,-1.96000e+00,
-4.1351268e-01,-0.00000e+00,-1.96000e+00,
-4.1336620e-01,-0.00000e+00,-1.96000e+00,
-4.1321972e-01,-0.00000e+00,-1.96000e+00,
-4.1307324e-01,-0.00000e+00,-1.96000e+00,
-4.1292676e-01,-0.00000e+00,-1.94000e+00,
-4.1278028e-01,2.00001e-01,-1.96000e+00,
-4.1263381e-01,-0.00000e+00,-1.94000e+00,
-4.1248733e-01,2.00001e-01,-1.94000e+00,
-4.1234085e-01,-0.00000e+00,-1.94000e+00,
-4.1219437e-01,-0.00000e+00,-1.94000e+00,
-4.1204789e-01,-0.00000e+00,-1.96000e+00,
-4.1190141e-01,-0.00000e+00,-1.94000e+00,
-4.1175494e-01,-0.00000e+00,-1.94000e+00,
-4.1160846e-01,-0.00000e+00,-1.94000e+00,
-4.1146198e-01,-0.00000e+00,-1.92000e+00,
-4.1131550e-01,-0.00000e+00,-1.94000e+00,
-4.1116902e-01,-0.00000e+00,-1.92000e+00,
-4.1102254e-01,-0.00000e+00,-1.92000e+00,
-4.1087607e-01,-0.00000e+00,-1.94000e+00,
-4.1072959e-01,2.00001e-01,-1.92000e+00,
-4.1058311e-01,2.00001e-01,-1.92000e+00,
-4.1043663e-01,-0.00000e+00,-1.92000e+00,
-4.1029015e-01,-0.00000e+00,-1.92000e+00,
-4.1014367e-01,-0.00000e+00,-1.92000e+00,
-4.0999720e-01,-0.00000e+00,-1.92000e+00,
-4.0985072e-01,-0.00000e+00,-1.92000e+00,
-4.0970424e-01,-0.00000e+00,-1.92000e+00,
-4.0955776e-01,-0.00000e+00,-1.92000e+00,
-4.0941128e-01,2.00001e-01,-1.92000e+00,
-4.0926480e-01,-0.00000e+00,-1.92000e+00,
-4.0911832e-01,-0.00000e+00,-1.92000e+00,
-4.0897185e-01,-0.00000e+00,-1.92000e+00,
-4.0882537e-01,-0.00000e+00,-1.92000e+00,
-4.0867889e-01,-0.00000e+00,-1.92000e+00,
-4.0853241e-01,2.00001e-01,-1.92000e+00,
-4.0838593e-01,-0.00000e+00,-1.92000e+00,
-4.0823945e-01,2.00001e-01,-1.92000e+00,
-4.0809298e-01,2.00001e-01,-1.96000e+00,
-4.0794650e-01,-0.00000e+00,-1.92000e+00,
-4.0780002e-01,2.00001e-01,-1.92000e+00,
-4.0765354e-01,-0.00000e+00,-1.92000e+00,
-4.0750706e-01,-0.00000e+00,-1.92000e+00,
-4.0736058e-01,-0.00000e+00,-1.92000e+00,
-4.0721411e-01,-0.00000e+00,-1.90000e+00,
-4.0706763e-01,-0.00000e+00,-1.90000e+00,
-4.0692115e-01,-0.00000e+00,-1.92000e+00,
-4.0677467e-01,2.00001e-01,-1.92000e+00,
-4.0662819e-01,-0.00000e+00,-1.90000e+00,
-4.0648171e-01,2.00001e-01,-1.90000e+00,
-4.0633523e-01,2.00001e-01,-1.92000e+00,
-4.0618876e-01,-0.00000e+00,-1.92000e+00,
-4.0604228e-01,-0.00000e+00,-1.90000e+00,
-4.0589580e-01,-0.00000e+00,-1.90000e+00,
-4.0574932e-01,-0.00000e+00,-1.88000e+00,
-4.0560284e-01,-0.00000e+00,-1.90000e+00,
-4.0545636e-01,-0.00000e+00,-1.90000e+00,
-4.0530989e-01,-0.00000e+00,-1.88000e+00,
-4.0516341e-01,-0.00000e+00,-1.90000e+00,
-4.0501693e-01,-0.00000e+00,-1.88000e+00,
-4.0487045e-01,-0.00000e+00,-1.88000e+00,
-4.0472397e-01,-0.00000e+00,-1.88000e+00,
-4.0457749e-01,-0.00000e+00,-1.88000e+00,
-4.0443102e-01,-0.00000e+00,-1.88000e+00,
-4.0428454e-01,-0.00000e+00,-1.88000e+00,
-4.0413806e-01,-0.00000e+00,-1.88000e+00,
-4.0399158e-01,-0.00000e+00,-1.88000e+00,
-4.0384510e-01,-0.00000e+00,-1.86000e+00,
-4.0369862e-01,-0.00000e+00,-1.88000e+00,
-4.0355214e-01,-0.00000e+00,-1.88000e+00,
-4.0340567e-01,-0.00000e+00,-1.86000e+00,
-4.0325919e-01,-0.00000e+00,-1.88000e+00,
-4.0311271e-01,-0.00000e+00,-1.86000e+00,
-4.0296623e-01,-0.00000e+00,-1.86000e+00,
-4.0281975e-01,-0.00000e+00,-1.88000e+00,
-4.0267327e-01,-0.00000e+00,-1.88000e+00,
-4.0252680e-01,-0.00000e+00,-1.86000e+00,
-4.0238032e-01,-0.00000e+00,-1.86000e+00,
-4.0223384e-01,-0.00000e+00,-1.86000e+00,
-4.0208736e-01,2.00001e-01,-1.86000e+00,
-4.0194088e-01,-0.00000e+00,-1.86000e+00,
-4.0179440e-01,-0.00000e+00,-1.86000e+00,
-4.0164793e-01,-0.00000e+00,-1.84000e+00,
-4.0150145e-01,-0.00000e+00,-1.84000e+00,
-4.0135497e-01,-0.00000e+00,-1.84000e+00,
-4.0120849e-01,-0.00000e+00,-1.84000e+00,
-4.0106201e-01,-0.00000e+00,-1.84000e+00,
-4.0091553e-01,-0.00000e+00,-1.84000e+00,
-4.0076905e-01,-0.00000e+00,-1.84000e+00,
-4.0062258e-01,-0.00000e+00,-1.84000e+00,
-4.0047610e-01,-0.00000e+00,-1.84000e+00,
-4.0032962e-01,-0.00000e+00,-1.84000e+00,
-4.0018314e-01,-0.00000e+00,-1.84000e+00,
-4.0003666e-01,-0.00000e+00,-1.86000e+00,
-3.9989018e-01,-0.00000e+00,-1.84000e+00,
-3.9974371e-01,-0.00000e+00,-1.84000e+00,
-3.9959723e-01,-0.00000e+00,-1.84000e+00,
-3.9945075e-01,-0.00000e+00,-1.84000e+00,
-3.9930427e-01,-0.00000e+00,-1.84000e+00,
-3.9915779e-01,-0.00000e+00,-1.84000e+00,
-3.9901131e-01,-0.00000e+00,-1.84000e+00,
-3.9886484e-01,-0.00000e+00,-1.84000e+00,
-3.9871836e-01,-0.00000e+00,-1.84000e+00,
-3.9857188e-01,-0.00000e+00,-1.84000e+00,
-3.9842540e-01,-0.00000e+00,-1.84000e+00,
-3.9827892e-01,-0.00000e+00,-1.84000e+00,
-3.9813244e-01,-0.00000e+00,-1.84000e+00,
-3.9798597e-01,-0.00000e+00,-1.84000e+00,
-3.9783949e-01,-0.00000e+00,-1.82000e+00,
-3.9769301e-01,2.00001e-01,-1.84000e+00,
-3.9754653e-01,2.00001e-01,-1.80000e+00,
-3.9740005e-01,2.00001e-01,-1.80000e+00,
-3.9725357e-01,-0.00000e+00,-1.82000e+00,
-3.9710709e-01,-0.00000e+00,-1.82000e+00,
-3.9696062e-01,-0.00000e+00,-1.80000e+00,
-3.9681414e-01,-0.00000e+00,-1.80000e+00,
-3.9666766e-01,-0.00000e+00,-1.80000e+00,
-3.9652118e-01,-0.00000e+00,-1.82000e+00,
-3.9637470e-01,2.00001e-01,-1.80000e+00,
-3.9622822e-01,-0.00000e+00,-1.80000e+00,
-3.9608175e-01,-0.00000e+00,-1.80000e+00,
-3.9593527e-01,-0.00000e+00,-1.80000e+00,
-3.9578879e-01,-0.00000e+00,-1.80000e+00,
-3.9564231e-01,-0.00000e+00,-1.80000e+00,
-3.9549583e-01,-0.00000e+00,-1.80000e+00,
-3.9534935e-01,2.00001e-01,-1.80000e+00,
-3.9520288e-01,-0.00000e+00,-1.80000e+00,
-3.9505640e-01,-0.00000e+00,-1.80000e+00,
-3.9490992e-01,2.00001e-01,-1.80000e+00,
-3.9476344e-01,-0.00000e+00,-1.78000e+00,
-3.9461696e-01,-0.00000e+00,-1.78000e+00,
-3.9447048e-01,-0.00000e+00,-1.80000e+00,
-3.9432400e-01,2.00001e-01,-1.78000e+00,
-3.9417753e-01,-0.00000e+00,-1.78000e+00,
-3.9403105e-01,-0.00000e+00,-1.78000e+00,
-3.9388457e-01,-0.00000e+00,-1.78000e+00,
-3.9373809e-01,-0.00000e+00,-1.78000e+00,
-3.9359161e-01,-0.00000e+00,-1.78000e+00,
-3.9344513e-01,2.00001e-01,-1.76000e+00,
-3.9329866e-01,-0.00000e+00,-1.76000e+00,
-3.9315218e-01,-0.00000e+00,-1.76000e+00,
-3.9300570e-01,2.00001e-01,-1.78000e+00,
-3.9285922e-01,-0.00000e+00,-1.78000e+00,
-3.9271274e-01,-0.00000e+00,-1.76000e+00,
-3.9256626e-01,-0.00000e+00,-1.76000e+00,
-3.9241979e-01,-0.00000e+00,-1.76000e+00,
-3.9227331e-01,2.00001e-01,-1.76000e+00,
-3.9212683e-01,-0.00000e+00,-1.76000e+00,
-3.9198035e-01,2.00001e-01,-1.76000e+00,
-3.9183387e-01,-0.00000e+00,-1.76000e+00,
-3.9168739e-01,2.00001e-01,-1.76000e+00,
-3.9154091e-01,-0.00000e+00,-1.76000e+00,
-3.9139444e-01,-0.00000e+00,-1.76000e+00,
-3.9124796e-01,-0.00000e+00,-1.76000e+00,
-3.9110148e-01,-0.00000e+00,-1.76000e+00,
-3.9095500e-01,-0.00000e+00,-1.76000e+00,
-3.9080852e-01,-0.00000e+00,-1.76000e+00,
-3.9066204e-01,-0.00000e+00,-1.76000e+00,
-3.9051557e-01,-0.00000e+00,-1.76000e+00,
-3.9036909e-01,2.00001e-01,-1.76000e+00,
-3.9022261e-01,2.00001e-01,-1.76000e+00,
-3.9007613e-01,-0.00000e+00,-1.74000e+00,
-3.8992965e-01,-0.00000e+00,-1.74000e+00,
-3.8978317e-01,-0.00000e+00,-1.72000e+00,
-3.8963670e-01,-0.00000e+00,-1.74000e+00,
-3.8949022e-01,-0.00000e+00,-1.72000e+00,
-3.8934374e-01,-0.00000e+00,-1.74000e+00,
-3.8919726e-01,-0.00000e+00,-1.72000e+00,
-3.8905078e-01,-0.00000e+00,-1.72000e+00,
-3.8890430e-01,-0.00000e+00,-1.72000e+00,
-3.8875782e-01,-0.00000e+00,-1.72000e+00,
-3.8861135e-01,2.00001e-01,-1.72000e+00,
-3.8846487e-01,-0.00000e+00,-1.72000e+00,
-3.8831839e-01,-0.00000e+00,-1.72000e+00,
-3.8817191e-01,-0.00000e+00,-1.72000e+00,
-3.8802543e-01,-0.00000e+00,-1.72000e+00,
-3.8787895e-01,-0.00000e+00,-1.70000e+00,
-3.8773248e-01,-0.00000e+00,-1.70000e+00,
-3.8758600e-01,-0.00000e+00,-1.70000e+00,
-3.8743952e-01,-0.00000e+00,-1.70000e+00,
-3.8729304e-01,-0.00000e+00,-1.72000e+00,
-3.8714656e-01,-0.00000e+00,-1.70000e+00,
-3.8700008e-01,-0.00000e+00,-1.70000e+00,
-3.8685361e-01,-0.00000e+00,-1.66000e+00,
-3.8670713e-01,-0.00000e+00,-1.70000e+00,
-3.8656065e-01,-0.00000e+00,-1.70000e+00,
-3.8641417e-01,2.00001e-01,-1.70000e+00,
-3.8626769e-01,-0.00000e+00,-1.70000e+00,
-3.8612121e-01,-0.00000e+00,-1.66000e+00,
-3.8597474e-01,-0.00000e+00,-1.70000e+00,
-3.8582826e-01,-0.00000e+00,-1.66000e+00,
-3.8568178e-01,-0.00000e+00,-1.70000e+00,
-3.8553530e-01,-0.00000e+00,-1.66000e+00,
-3.8538882e-01,-0.00000e+00,-1.66000e+00,
-3.8524234e-01,-0.00000e+00,-1.66000e+00,
-3.8509586e-01,-0.00000e+00,-1.66000e+00,
-3.8494939e-01,-0.00000e+00,-1.70000e+00,
-3.8480291e-01,-0.00000e+00,-1.66000e+00,
-3.8465643e-01,2.00001e-01,-1.66000e+00,
-3.8450995e-01,-0.00000e+00,-1.66000e+00,
-3.8436347e-01,-0.00000e+00,-1.66000e+00,
-3.8421699e-01,-0.00000e+00,-1.64000e+00,
-3.8407052e-01,-0.00000e+00,-1.66000e+00,
-3.8392404e-01,-0.00000e+00,-1.64000e+00,
-3.8377756e-01,-0.00000e+00,-1.66000e+00,
-3.8363108e-01,-0.00000e+00,-1.64000e+00,
-3.8348460e-01,-0.00000e+00,-1.64000e+00,
-3.8333812e-01,2.00001e-01,-1.66000e+00,
-3.8319165e-01,-0.00000e+00,-1.62000e+00,
-3.8304517e-01,2.00001e-01,-1.66000e+00,
-3.8289869e-01,-0.00000e+00,-1.62000e+00,
-3.8275221e-01,2.00001e-01,-1.62000e+00,
-3.8260573e-01,2.00001e-01,-1.64000e+00,
-3.8245925e-01,-0.00000e+00,-1.64000e+00,
-3.8231277e-01,-0.00000e+00,-1.62000e+00,
-3.8216630e-01,-0.00000e+00,-1.62000e+00,
-3.8201982e-01,-0.00000e+00,-1.62000e+00,
-3.8187334e-01,-0.00000e+00,-1.62000e+00,
-3.8172686e-01,-0.00000e+00,-1.62000e+00,
-3.8158038e-01,2.00001e-01,-1.62000e+00,
-3.8143390e-01,-0.00000e+00,-1.62000e+00,
-3.8128743e-01,-0.00000e+00,-1.60000e+00,
-3.8114095e-01,-0.00000e+00,-1.62000e+00,
-3.8099447e-01,-0.00000e+00,-1.62000e+00,
-3.8084799e-01,-0.00000e+00,-1.62000e+00,
-3.8070151e-01,-0.00000e+00,-1.60000e+00,
-3.8055503e-01,-0.00000e+00,-1.60000e+00,
-3.8040856e-01,-0.00000e+00,-1.62000e+00,
-3.8026208e-01,-0.00000e+00,-1.60000e+00,
-3.8011560e-01,2.00001e-01,-1.60000e+00,
-3.7996912e-01,-0.00000e+00,-1.60000e+00,
-3.7982264e-01,-0.00000e+00,-1.60000e+00,
-3.7967616e-01,-0.00000e+00,-1.60000e+00,
-3.7952968e-01,-0.00000e+00,-1.58000e+00,
-3.7938321e-01,-0.00000e+00,-1.58000e+00,
-3.7923673e-01,-0.00000e+00,-1.58000e+00,
-3.7909025e-01,-0.00000e+00,-1.58000e+00,
-3.7894377e-01,-0.00000e+00,-1.58000e+00,
-3.7879729e-01,-0.00000e+00,-1.60000e+00,
-3.7865081e-01,-0.00000e+00,-1.58000e+00,
-3.7850434e-01,-0.00000e+00,-1.58000e+00,
-3.7835786e-01,-0.00000e+00,-1.58000e+00,
-3.7821138e-01,-0.00000e+00,-1.58000e+00,
-3.7806490e-01,2.00001e-01,-1.58000e+00,
-3.7791842e-01,-0.00000e+00,-1.58000e+00,
-3.7777194e-01,2.00001e-01,-1.58000e+00,
-3.7762547e-01,-0.00000e+00,-1.58000e+00,
-3.7747899e-01,-0.00000e+00,-1.58000e+00,
-3.7733251e-01,-0.00000e+00,-1.58000e+00,
-3.7718603e-01,-0.00000e+00,-1.58000e+00,
-3.7703955e-01,2.00001e-01,-1.58000e+00,
-3.7689307e-01,-0.00000e+00,-1.58000e+00,
-3.7674659e-01,-0.00000e+00,-1.58000e+00,
-3.7660012e-01,2.00001e-01,-1.54000e+00,
-3.7645364e-01,-0.00000e+00,-1.56000e+00,
-3.7630716e-01,-0.00000e+00,-1.56000e+00,
-3.7616068e-01,-0.00000e+00,-1.56000e+00,
-3.7601420e-01,-0.00000e+00,-1.54000e+00,
-3.7586772e-01,2.00001e-01,-1.54000e+00,
-3.7572125e-01,-0.00000e+00,-1.54000e+00,
-3.7557477e-01,-0.00000e+00,-1.54000e+00,
-3.7542829e-01,-0.00000e+00,-1.54000e+00,
-3.7528181e-01,-0.00000e+00,-1.54000e+00,
-3.7513533e-01,-0.00000e+00,-1.54000e+00,
-3.7498885e-01,-0.00000e+00,-1.54000e+00,
-3.7484238e-01,-0.00000e+00,-1.54000e+00,
-3.7469590e-01,-0.00000e+00,-1.54000e+00,
-3.7454942e-01,-0.00000e+00,-1.54000e+00,
-3.7440294e-01,-0.00000e+00,-1.54000e+00,
-3.7425646e-01,-0.00000e+00,-1.52000e+00,
-3.7410998e-01,-0.00000e+00,-1.52000e+00,
-3.7396351e-01,-0.00000e+00,-1.52000e+00,
-3.7381703e-01,-0.00000e+00,-1.52000e+00,
-3.7367055e-01,-0.00000e+00,-1.52000e+00,
-3.7352407e-01,-0.00000e+00,-1.52000e+00,
-3.7337759e-01,2.00001e-01,-1.52000e+00,
-3.7323111e-01,-0.00000e+00,-1.50000e+00,
-3.7308463e-01,-0.00000e+00,-1.50000e+00,
-3.7293816e-01,-0.00000e+00,-1.52000e+00,
-3.7279168e-01,-0.00000e+00,-1.52000e+00,
-3.7264520e-01,2.00001e-01,-1.52000e+00,
-3.7249872e-01,-0.00000e+00,-1.50000e+00,
-3.7235224e-01,-0.00000e+00,-1.50000e+00,
-3.7220576e-01,-0.00000e+00,-1.50000e+00,
-3.7205929e-01,-0.00000e+00,-1.50000e+00,
-3.7191281e-01,-0.00000e+00,-1.50000e+00,
-3.7176633e-01,-0.00000e+00,-1.50000e+00,
-3.7161985e-01,-0.00000e+00,-1.50000e+00,
-3.7147337e-01,-0.00000e+00,-1.50000e+00,
-3.7132689e-01,-0.00000e+00,-1.50000e+00,
-3.7118042e-01,-0.00000e+00,-1.50000e+00,
-3.7103394e-01,-0.00000e+00,-1.50000e+00,
-3.7088746e-01,2.00001e-01,-1.50000e+00,
-3.7074098e-01,2.00001e-01,-1.50000e+00,
-3.7059450e-01,-0.00000e+00,-1.50000e+00,
-3.7044802e-01,-0.00000e+00,-1.50000e+00,
-3.7030154e-01,-0.00000e+00,-1.50000e+00,
-3.7015507e-01,2.00001e-01,-1.50000e+00,
-3.7000859e-01,2.00001e-01,-1.50000e+00,
-3.6986211e-01,2.00001e-01,-1.48000e+00,
-3.6971563e-01,-0.00000e+00,-1.50000e+00,
-3.6956915e-01,-0.00000e+00,-1.50000e+00,
-3.6942267e-01,-0.00000e+00,-1.50000e+00,
-3.6927620e-01,-0.00000e+00,-1.46000e+00,
-3.6912972e-01,-0.00000e+00,-1.48000e+00,
-3.6898324e-01,2.00001e-01,-1.48000e+00,
-3.6883676e-01,2.00001e-01,-1.46000e+00,
-3.6869028e-01,2.00001e-01,-1.48000e+00,
-3.6854380e-01,-0.00000e+00,-1.46000e+00,
-3.6839733e-01,-0.00000e+00,-1.46000e+00,
-3.6825085e-01,-0.00000e+00,-1.46000e+00,
-3.6810437e-01,-0.00000e+00,-1.46000e+00,
-3.6795789e-01,-0.00000e+00,-1.46000e+00,
-3.6781141e-01,-0.00000e+00,-1.46000e+00,
-3.6766493e-01,-0.00000e+00,-1.46000e+00,
-3.6751845e-01,2.00001e-01,-1.46000e+00,
-3.6737198e-01,-0.00000e+00,-1.46000e+00,
-3.6722550e-01,-0.00000e+00,-1.46000e+00,
-3.6707902e-01,-0.00000e+00,-1.46000e+00,
-3.6693254e-01,-0.00000e+00,-1.44000e+00,
-3.6678606e-01,2.00001e-01,-1.44000e+00,
-3.6663958e-01,-0.00000e+00,-1.44000e+00,
-3.6649311e-01,-0.00000e+00,-1.44000e+00,
-3.6634663e-01,-0.00000e+00,-1.42000e+00,
-3.6620015e-01,-0.00000e+00,-1.44000e+00,
-3.6605367e-01,-0.00000e+00,-1.44000e+00,
-3.6590719e-01,-0.00000e+00,-1.42000e+00,
-3.6576071e-01,-0.00000e+00,-1.42000e+00,
-3.6561424e-01,-0.00000e+00,-1.42000e+00,
-3.6546776e-01,-0.00000e+00,-1.42000e+00,
-3.6532128e-01,-0.00000e+00,-1.42000e+00,
-3.6517480e-01,-0.00000e+00,-1.42000e+00,
-3.6502832e-01,-0.00000e+00,-1.42000e+00,
-3.6488184e-01,-0.00000e+00,-1.42000e+00,
-3.6473536e-01,-0.00000e+00,-1.42000e+00,
-3.6458889e-01,-0.00000e+00,-1.42000e+00,
-3.6444241e-01,-0.00000e+00,-1.42000e+00,
-3.6429593e-01,-0.00000e+00,-1.42000e+00,
-3.6414945e-01,-0.00000e+00,-1.42000e+00,
-3.6400297e-01,-0.00000e+00,-1.42000e+00,
-3.6385649e-01,-0.00000e+00,-1.42000e+00,
-3.6371002e-01,-0.00000e+00,-1.42000e+00,
-3.6356354e-01,-0.00000e+00,-1.42000e+00,
-3.6341706e-01,-0.00000e+00,-1.40000e+00,
-3.6327058e-01,-0.00000e+00,-1.42000e+00,
-3.6312410e-01,2.00001e-01,-1.42000e+00,
-3.6297762e-01,2.00001e-01,-1.40000e+00,
-3.6283115e-01,-0.00000e+00,-1.38000e+00,
-3.6268467e-01,2.00001e-01,-1.40000e+00,
-3.6253819e-01,-0.00000e+00,-1.38000e+00,
-3.6239171e-01,-0.00000e+00,-1.40000e+00,
-3.6224523e-01,-0.00000e+00,-1.38000e+00,
-3.6209875e-01,-0.00000e+00,-1.40000e+00,
-3.6195228e-01,-0.00000e+00,-1.38000e+00,
-3.6180580e-01,2.00001e-01,-1.38000e+00,
-3.6165932e-01,-0.00000e+00,-1.40000e+00,
-3.6151284e-01,-0.00000e+00,-1.38000e+00,
-3.6136636e-01,-0.00000e+00,-1.38000e+00,
-3.6121988e-01,-0.00000e+00,-1.38000e+00,
-3.6107340e-01,2.00001e-01,-1.38000e+00,
-3.6092693e-01,-0.00000e+00,-1.38000e+00,
-3.6078045e-01,-0.00000e+00,-1.38000e+00,
-3.6063397e-01,-0.00000e+00,-1.38000e+00,
-3.6048749e-01,-0.00000e+00,-1.36000e+00,
-3.6034101e-01,-0.00000e+00,-1.36000e+00,
-3.6019453e-01,-0.00000e+00,-1.36000e+00,
-3.6004806e-01,-0.00000e+00,-1.36000e+00,
-3.5990158e-01,-0.00000e+00,-1.36000e+00,
-3.5975510e-01,2.00001e-01,-1.36000e+00,
-3.5960862e-01,-0.00000e+00,-1.36000e+00,
-3.5946214e-01,-0.00000e+00,-1.36000e+00,
-3.5931566e-01,-0.00000e+00,-1.36000e+00,
-3.5916919e-01,-0.00000e+00,-1.34000e+00,
-3.5902271e-01,-0.00000e+00,-1.34000e+00,
-3.5887623e-01,-0.00000e+00,-1.34000e+00,
-3.5872975e-01,-0.00000e+00,-1.34000e+00,
-3.5858327e-01,-0.00000e+00,-1.34000e+00,
-3.5843679e-01,-0.00000e+00,-1.34000e+00,
-3.5829031e-01,-0.00000e+00,-1.34000e+00,
-3.5814384e-01,2.00001e-01,-1.34000e+00,
-3.5799736e-01,-0.00000e+00,-1.34000e+00,
-3.5785088e-01,-0.00000e+00,-1.34000e+00,
-3.5770440e-01,2.00001e-01,-1.34000e+00,
-3.5755792e-01,-0.00000e+00,-1.34000e+00,
-3.5741144e-01,-0.00000e+00,-1.34000e+00,
-3.5726497e-01,-0.00000e+00,-1.34000e+00,
-3.5711849e-01,2.00001e-01,-1.34000e+00,
-3.5697201e-01,-0.00000e+00,-1.34000e+00,
-3.5682553e-01,2.00001e-01,-1.34000e+00,
-3.5667905e-01,2.00001e-01,-1.34000e+00,
-3.5653257e-01,2.00001e-01,-1.34000e+00,
-3.5638610e-01,2.00001e-01,-1.34000e+00,
-3.5623962e-01,-0.00000e+00,-1.34000e+00,
-3.5609314e-01,-0.00000e+00,-1.34000e+00,
-3.5594666e-01,2.00001e-01,-1.34000e+00,
-3.5580018e-01,-0.00000e+00,-1.32000e+00,
-3.5565370e-01,-0.00000e+00,-1.34000e+00,
-3.5550722e-01,-0.00000e+00,-1.32000e+00,
-3.5536075e-01,-0.00000e+00,-1.30000e+00,
-3.5521427e-01,-0.00000e+00,-1.30000e+00,
-3.5506779e-01,-0.00000e+00,-1.32000e+00,
-3.5492131e-01,-0.00000e+00,-1.30000e+00,
-3.5477483e-01,-0.00000e+00,-1.30000e+00,
-3.5462835e-01,-0.00000e+00,-1.30000e+00,
-3.5448188e-01,-0.00000e+00,-1.30000e+00,
-3.5433540e-01,2.00001e-01,-1.30000e+00,
-3.5418892e-01,-0.00000e+00,-1.30000e+00,
-3.5404244e-01,-0.00000e+00,-1.30000e+00,
-3.5389596e-01,-0.00000e+00,-1.28000e+00,
-3.5374948e-01,-0.00000e+00,-1.28000e+00,
-3.5360301e-01,-0.00000e+00,-1.28000e+00,
-3.5345653e-01,-0.00000e+00,-1.28000e+00,
-3.5331005e-01,-0.00000e+00,-1.28000e+00,
-3.5316357e-01,-0.00000e+00,-1.26000e+00,
-3.5301709e-01,2.00001e-01,-1.28000e+00,
-3.5287061e-01,2.00001e-01,-1.28000e+00,
-3.5272413e-01,-0.00000e+00,-1.28000e+00,
-3.5257766e-01,-0.00000e+00,-1.28000e+00,
-3.5243118e-01,-0.00000e+00,-1.28000e+00,
-3.5228470e-01,-0.00000e+00,-1.28000e+00,
-3.5213822e-01,2.00001e-01,-1.26000e+00,
-3.5199174e-01,-0.00000e+00,-1.26000e+00,
-3.5184526e-01,-0.00000e+00,-1.26000e+00,
-3.5169879e-01,-0.00000e+00,-1.26000e+00,
-3.5155231e-01,-0.00000e+00,-1.26000e+00,
-3.5140583e-01,-0.00000e+00,-1.26000e+00,
-3.5125935e-01,-0.00000e+00,-1.26000e+00,
-3.5111287e-01,-0.00000e+00,-1.26000e+00,
-3.5096639e-01,-0.00000e+00,-1.26000e+00,
-3.5081992e-01,2.00001e-01,-1.26000e+00,
-3.5067344e-01,-0.00000e+00,-1.26000e+00,
-3.5052696e-01,2.00001e-01,-1.26000e+00,
-3.5038048e-01,-0.00000e+00,-1.26000e+00,
-3.5023400e-01,-0.00000e+00,-1.26000e+00,
-3.5008752e-01,-0.00000e+00,-1.26000e+00,
-3.4994105e-01,-0.00000e+00,-1.26000e+00,
-3.4979457e-01,-0.00000e+00,-1.26000e+00,
-3.4964809e-01,-0.00000e+00,-1.24000e+00,
-3.4950161e-01,-0.00000e+00,-1.24000e+00,
-3.4935513e-01,-0.00000e+00,-1.24000e+00,
-3.4920865e-01,-0.00000e+00,-1.26000e+00,
-3.4906217e-01,-0.00000e+00,-1.24000e+00,
-3.4891570e-01,-0.00000e+00,-1.22000e+00,
-3.4876922e-01,-0.00000e+00,-1.22000e+00,
-3.4862274e-01,-0.00000e+00,-1.22000e+00,
-3.4847626e-01,-0.00000e+00,-1.24000e+00,
-3.4832978e-01,-0.00000e+00,-1.22000e+00,
-3.4818330e-01,-0.00000e+00,-1.22000e+00,
-3.4803683e-01,-0.00000e+00,-1.22000e+00,
-3.4789035e-01,-0.00000e+00,-1.22000e+00,
-3.4774387e-01,-0.00000e+00,-1.22000e+00,
-3.4759739e-01,2.00001e-01,-1.22000e+00,
-3.4745091e-01,-0.00000e+00,-1.22000e+00,
-3.4730443e-01,-0.00000e+00,-1.20000e+00,
-3.4715796e-01,-0.00000e+00,-1.22000e+00,
-3.4701148e-01,-0.00000e+00,-1.20000e+00,
-3.4686500e-01,-0.00000e+00,-1.20000e+00,
-3.4671852e-01,-0.00000e+00,-1.20000e+00,
-3.4657204e-01,-0.00000e+00,-1.20000e+00,
-3.4642556e-01,-0.00000e+00,-1.20000e+00,
-3.4627908e-01,-0.00000e+00,-1.20000e+00,
-3.4613261e-01,2.00001e-01,-1.20000e+00,
-3.4598613e-01,-0.00000e+00,-1.20000e+00,
-3.4583965e-01,2.00001e-01,-1.20000e+00,
-3.4569317e-01,-0.00000e+00,-1.20000e+00,
-3.4554669e-01,-0.00000e+00,-1.20000e+00,
-3.4540021e-01,-0.00000e+00,-1.18000e+00,
-3.4525374e-01,-0.00000e+00,-1.18000e+00,
-3.4510726e-01,-0.00000e+00,-1.18000e+00,
-3.4496078e-01,-0.00000e+00,-1.18000e+00,
-3.4481430e-01,-0.00000e+00,-1.18000e+00,
-3.4466782e-01,-0.00000e+00,-1.18000e+00,
-3.4452134e-01,2.00001e-01,-1.18000e+00,
-3.4437487e-01,-0.00000e+00,-1.18000e+00,
-3.4422839e-01,2.00001e-01,-1.18000e+00,
-3.4408191e-01,-0.00000e+00,-1.18000e+00,
-3.4393543e-01,2.00001e-01,-1.18000e+00,
-3.4378895e-01,-0.00000e+00,-1.18000e+00,
-3.4364247e-01,-0.00000e+00,-1.18000e+00,
-3.4349599e-01,2.00001e-01,-1.18000e+00,
-3.4334952e-01,-0.00000e+00,-1.18000e+00,
-3.4320304e-01,-0.00000e+00,-1.18000e+00,
-3.4305656e-01,-0.00000e+00,-1.16000e+00,
-3.4291008e-01,-0.00000e+00,-1.18000e+00,
-3.4276360e-01,-0.00000e+00,-1.18000e+00,
-3.4261712e-01,-0.00000e+00,-1.18000e+00,
-3.4247065e-01,2.00001e-01,-1.16000e+00,
-3.4232417e-01,2.00001e-01,-1.18000e+00,
-3.4217769e-01,-0.00000e+00,-1.16000e+00,
-3.4203121e-01,-0.00000e+00,-1.16000e+00,
-3.4188473e-01,-0.00000e+00,-1.16000e+00,
-3.4173825e-01,-0.00000e+00,-1.16000e+00,
-3.4159178e-01,-0.00000e+00,-1.16000e+00,
-3.4144530e-01,-0.00000e+00,-1.14000e+00,
-3.4129882e-01,-0.00000e+00,-1.14000e+00,
-3.4115234e-01,-0.00000e+00,-1.14000e+00,
-3.4100586e-01,-0.00000e+00,-1.14000e+00,
-3.4085938e-01,2.00001e-01,-1.14000e+00,
-3.4071290e-01,-0.00000e+00,-1.14000e+00,
-3.4056643e-01,2.00001e-01,-1.14000e+00,
-3.4041995e-01,-0.00000e+00,-1.12000e+00,
-3.4027347e-01,-0.00000e+00,-1.14000e+00,
-3.4012699e-01,-0.00000e+00,-1.14000e+00,
-3.3998051e-01,-0.00000e+00,-1.14000e+00,
-3.3983403e-01,-0.00000e+00,-1.14000e+00,
-3.3968756e-01,-0.00000e+00,-1.14000e+00,
-3.3954108e-01,-0.00000e+00,-1.12000e+00,
-3.3939460e-01,2.00001e-01,-1.12000e+00,
-3.3924812e-01,-0.00000e+00,-1.12000e+00,
-3.3910164e-01,2.00001e-01,-1.12000e+00,
-3.3895516e-01,2.00001e-01,-1.12000e+00,
-3.3880869e-01,-0.00000e+00,-1.12000e+00,
-3.3866221e-01,-0.00000e+00,-1.12000e+00,
-3.3851573e-01,2.00001e-01,-1.12000e+00,
-3.3836925e-01,-0.00000e+00,-1.10000e+00,
-3.3822277e-01,-0.00000e+00,-1.10000e+00,
-3.3807629e-01,-0.00000e+00,-1.12000e+00,
-3.3792982e-01,-0.00000e+00,-1.12000e+00,
-3.3778334e-01,-0.00000e+00,-1.10000e+00,
-3.3763686e-01,-0.00000e+00,-1.12000e+00,
-3.3749038e-01,-0.00000e+00,-1.10000e+00,
-3.3734390e-01,-0.00000e+00,-1.10000e+00,
-3.3719742e-01,-0.00000e+00,-1.10000e+00,
-3.3705094e-01,-0.00000e+00,-1.10000e+00,
-3.3690447e-01,-0.00000e+00,-1.10000e+00,
-3.3675799e-01,2.00001e-01,-1.10000e+00,
-3.3661151e-01,-0.00000e+00,-1.10000e+00,
-3.3646503e-01,2.00001e-01,-1.10000e+00,
-3.3631855e-01,2.00001e-01,-1.10000e+00,
-3.3617207e-01,-0.00000e+00,-1.10000e+00,
-3.3602560e-01,-0.00000e+00,-1.10000e+00,
-3.3587912e-01,2.00001e-01,-1.10000e+00,
-3.3573264e-01,-0.00000e+00,-1.08000e+00,
-3.3558616e-01,-0.00000e+00,-1.08000e+00,
-3.3543968e-01,-0.00000e+00,-1.08000e+00,
-3.3529320e-01,-0.00000e+00,-1.08000e+00,
-3.3514673e-01,-0.00000e+00,-1.06000e+00,
-3.3500025e-01,-0.00000e+00,-1.06000e+00,
-3.3485377e-01,-0.00000e+00,-1.06000e+00,
-3.3470729e-01,-0.00000e+00,-1.06000e+00,
-3.3456081e-01,-0.00000e+00,-1.06000e+00,
-3.3441433e-01,-0.00000e+00,-1.06000e+00,
-3.3426785e-01,-0.00000e+00,-1.06000e+00,
-3.3412138e-01,-0.00000e+00,-1.04000e+00,
-3.3397490e-01,-0.00000e+00,-1.06000e+00,
-3.3382842e-01,-0.00000e+00,-1.06000e+00,
-3.3368194e-01,2.00001e-01,-1.04000e+00,
-3.3353546e-01,-0.00000e+00,-1.06000e+00,
-3.3338898e-01,-0.00000e+00,-1.06000e+00,
-3.3324251e-01,-0.00000e+00,-1.04000e+00,
-3.3309603e-01,-0.00000e+00,-1.04000e+00,
-3.3294955e-01,-0.00000e+00,-1.04000e+00,
-3.3280307e-01,-0.00000e+00,-1.04000e+00,
-3.3265659e-01,-0.00000e+00,-1.06000e+00,
-3.3251011e-01,-0.00000e+00,-1.04000e+00,
-3.3236364e-01,-0.00000e+00,-1.04000e+00,
-3.3221716e-01,-0.00000e+00,-1.04000e+00,
-3.3207068e-01,-0.00000e+00,-1.04000e+00,
-3.3192420e-01,-0.00000e+00,-1.04000e+00,
-3.3177772e-01,-0.00000e+00,-1.02000e+00,
-3.3163124e-01,-0.00000e+00,-1.04000e+00,
-3.3148476e-01,-0.00000e+00,-1.02000e+00,
-3.3133829e-01,-0.00000e+00,-1.04000e+00,
-3.3119181e-01,-0.00000e+00,-1.02000e+00,
-3.3104533e-01,-0.00000e+00,-1.02000e+00,
-3.3089885e-01,-0.00000e+00,-1.02000e+00,
-3.3075237e-01,-0.00000e+00,-1.02000e+00,
-3.3060589e-01,-0.00000e+00,-1.02000e+00,
-3.3045942e-01,2.00001e-01,-1.02000e+00,
-3.3031294e-01,-0.00000e+00,-1.02000e+00,
-3.3016646e-01,-0.00000e+00,-1.02000e+00,
-3.3001998e-01,-0.00000e+00,-1.02000e+00,
-3.2987350e-01,-0.00000e+00,-1.02000e+00,
-3.2972702e-01,-0.00000e+00,-1.02000e+00,
-3.2958055e-01,-0.00000e+00,-1.02000e+00,
-3.2943407e-01,-0.00000e+00,-1.02000e+00,
-3.2928759e-01,-0.00000e+00,-1.02000e+00,
-3.2914111e-01,-0.00000e+00,-1.02000e+00,
-3.2899463e-01,2.00001e-01,-1.02000e+00,
-3.2884815e-01,-0.00000e+00,-1.02000e+00,
-3.2870167e-01,-0.00000e+00,-1.02000e+00,
-3.2855520e-01,-0.00000e+00,-1.02000e+00,
-3.2840872e-01,-0.00000e+00,-9.80000e-01,
-3.2826224e-01,-0.00000e+00,-1.06000e+00,
-3.2811576e-01,2.00001e-01,-1.00000e+00,
-3.2796928e-01,-0.00000e+00,-1.00000e+00,
-3.2782280e-01,-0.00000e+00,-9.80000e-01,
-3.2767633e-01,-0.00000e+00,-9.80000e-01,
-3.2752985e-01,-0.00000e+00,-9.80000e-01,
-3.2738337e-01,-0.00000e+00,-9.80000e-01,
-3.2723689e-01,-0.00000e+00,-9.80000e-01,
-3.2709041e-01,-0.00000e+00,-9.80000e-01,
-3.2694393e-01,-0.00000e+00,-9.80000e-01,
-3.2679746e-01,2.00001e-01,-9.80000e-01,
-3.2665098e-01,-0.00000e+00,-9.80000e-01,
-3.2650450e-01,-0.00000e+00,-9.80000e-01,
-3.2635802e-01,-0.00000e+00,-9.80000e-01,
-3.2621154e-01,-0.00000e+00,-9.80000e-01,
-3.2606506e-01,-0.00000e+00,-9.80000e-01,
-3.2591859e-01,-0.00000e+00,-9.60000e-01,
-3.2577211e-01,-0.00000e+00,-9.60000e-01,
-3.2562563e-01,-0.00000e+00,-9.60000e-01,
-3.2547915e-01,-0.00000e+00,-9.60000e-01,
-3.2533267e-01,2.00001e-01,-9.60000e-01,
-3.2518619e-01,-0.00000e+00,-9.40000e-01,
-3.2503971e-01,-0.00000e+00,-9.60000e-01,
-3.2489324e-01,2.00001e-01,-9.60000e-01,
-3.2474676e-01,2.00001e-01,-9.60000e-01,
-3.2460028e-01,2.00001e-01,-9.40000e-01,
-3.2445380e-01,-0.00000e+00,-9.40000e-01,
-3.2430732e-01,-0.00000e+00,-9.40000e-01,
-3.2416084e-01,-0.00000e+00,-9.60000e-01,
-3.2401437e-01,2.00001e-01,-9.40000e-01,
-3.2386789e-01,2.00001e-01,-9.40000e-01,
-3.2372141e-01,-0.00000e+00,-9.40000e-01,
-3.2357493e-01,-0.00000e+00,-9.40000e-01,
-3.2342845e-01,-0.00000e+00,-9.40000e-01,
-3.2328197e-01,-0.00000e+00,-9.40000e-01,
-3.2313550e-01,-0.00000e+00,-9.40000e-01,
-3.2298902e-01,-0.00000e+00,-9.60000e-01,
-3.2284254e-01,-0.00000e+00,-9.40000e-01,
-3.2269606e-01,-0.00000e+00,-9.40000e-01,
-3.2254958e-01,-0.00000e+00,-9.40000e-01,
-3.2240310e-01,-0.00000e+00,-9.40000e-01,
-3.2225662e-01,2.00001e-01,-9.40000e-01,
-3.2211015e-01,-0.00000e+00,-9.40000e-01,
-3.2196367e-01,-0.00000e+00,-9.40000e-01,
-3.2181719e-01,2.00001e-01,-9.40000e-01,
-3.2167071e-01,-0.00000e+00,-9.20000e-01,
-3.2152423e-01,-0.00000e+00,-9.40000e-01,
-3.2137775e-01,-0.00000e+00,-9.40000e-01,
-3.2123128e-01,-0.00000e+00,-9.20000e-01,
-3.2108480e-01,2.00001e-01,-9.40000e-01,
-3.2093832e-01,-0.00000e+00,-9.00000e-01,
-3.2079184e-01,-0.00000e+00,-9.20000e-01,
-3.2064536e-01,2.00001e-01,-9.20000e-01,
-3.2049888e-01,2.00001e-01,-9.20000e-01,
-3.2035241e-01,-0.00000e+00,-9.00000e-01,
-3.2020593e-01,-0.00000e+00,-9.00000e-01,
-3.2005945e-01,-0.00000e+00,-9.00000e-01,
-3.1991297e-01,-0.00000e+00,-9.20000e-01,
-3.1976649e-01,-0.00000e+00,-9.00000e-01,
-3.1962001e-01,-0.00000e+00,-9.00000e-01,
-3.1947353e-01,-0.00000e+00,-9.00000e-01,
-3.1932706e-01,-0.00000e+00,-9.00000e-01,
-3.1918058e-01,-0.00000e+00,-9.00000e-01,
-3.1903410e-01,-0.00000e+00,-9.00000e-01,
-3.1888762e-01,2.00001e-01,-9.00000e-01,
-3.1874114e-01,-0.00000e+00,-9.00000e-01,
-3.1859466e-01,-0.00000e+00,-9.00000e-01,
-3.1844819e-01,-0.00000e+00,-8.80000e-01,
-3.1830171e-01,-0.00000e+00,-8.80000e-01,
-3.1815523e-01,2.00001e-01,-8.80000e-01,
-3.1800875e-01,-0.00000e+00,-8.80000e-01,
-3.1786227e-01,5.60000e+00,-8.00000e-01,
-3.1771579e-01,-0.00000e+00,-8.80000e-01,
-3.1756932e-01,-0.00000e+00,-8.80000e-01,
-3.1742284e-01,2.00001e-01,-8.80000e-01,
-3.1727636e-01,2.00001e-01,-8.80000e-01,
-3.1712988e-01,-0.00000e+00,-8.80000e-01,
-3.1698340e-01,-0.00000e+00,-8.60000e-01,
-3.1683692e-01,-0.00000e+00,-8.80000e-01,
-3.1669044e-01,2.00001e-01,-8.80000e-01,
-3.1654397e-01,-0.00000e+00,-8.80000e-01,
-3.1639749e-01,-0.00000e+00,-8.80000e-01,
-3.1625101e-01,-0.00000e+00,-8.60000e-01,
-3.1610453e-01,-0.00000e+00,-8.80000e-01,
-3.1595805e-01,2.00001e-01,-8.80000e-01,
-3.1581157e-01,-0.00000e+00,-8.60000e-01,
-3.1566510e-01,-0.00000e+00,-8.60000e-01,
-3.1551862e-01,-0.00000e+00,-8.80000e-01,
-3.1537214e-01,-0.00000e+00,-8.60000e-01,
-3.1522566e-01,-0.00000e+00,-8.60000e-01,
-3.1507918e-01,-0.00000e+00,-8.60000e-01,
-3.1493270e-01,-0.00000e+00,-8.60000e-01,
-3.1478623e-01,-0.00000e+00,-8.60000e-01,
-3.1463975e-01,-0.00000e+00,-8.60000e-01,
-3.1449327e-01,2.00001e-01,-8.60000e-01,
-3.1434679e-01,-0.00000e+00,-8.00000e-01,
-3.1420031e-01,-0.00000e+00,-8.60000e-01,
-3.1405383e-01,-0.00000e+00,-8.60000e-01,
-3.1390736e-01,-0.00000e+00,-8.60000e-01,
-3.1376088e-01,-0.00000e+00,-8.60000e-01,
-3.1361440e-01,-0.00000e+00,-8.60000e-01,
-3.1346792e-01,-0.00000e+00,-8.60000e-01,
-3.1332144e-01,-0.00000e+00,-8.60000e-01,
-3.1317496e-01,-0.00000e+00,-8.60000e-01,
-3.1302848e-01,-0.00000e+00,-8.60000e-01,
-3.1288201e-01,-0.00000e+00,-8.20000e-01,
-3.1273553e-01,-0.00000e+00,-8.60000e-01,
-3.1258905e-01,2.00001e-01,-8.20000e-01,
-3.1244257e-01,-0.00000e+00,-8.00000e-01,
-3.1229609e-01,-0.00000e+00,-8.00000e-01,
-3.1214961e-01,2.00001e-01,-8.00000e-01,
-3.1200314e-01,-0.00000e+00,-8.20000e-01,
-3.1185666e-01,-0.00000e+00,-8.00000e-01,
-3.1171018e-01,2.00001e-01,-8.20000e-01,
-3.1156370e-01,-0.00000e+00,-8.00000e-01,
-3.1141722e-01,-0.00000e+00,-8.00000e-01,
-3.1127074e-01,-0.00000e+00,-8.00000e-01,
-3.1112427e-01,-0.00000e+00,-8.00000e-01,
-3.1097779e-01,-0.00000e+00,-8.00000e-01,
-3.1083131e-01,2.00001e-01,-8.00000e-01,
-3.1068483e-01,-0.00000e+00,-8.00000e-01,
-3.1053835e-01,-0.00000e+00,-8.00000e-01,
-3.1039187e-01,-0.00000e+00,-8.00000e-01,
-3.1024539e-01,-0.00000e+00,-8.00000e-01,
-3.1009892e-01,-0.00000e+00,-8.00000e-01,
-3.0995244e-01,-0.00000e+00,-8.00000e-01,
-3.0980596e-01,-0.00000e+00,-7.80000e-01,
-3.0965948e-01,-0.00000e+00,-8.00000e-01,
-3.0951300e-01,-0.00000e+00,-7.80000e-01,
-3.0936652e-01,-0.00000e+00,-7.80000e-01,
-3.0922005e-01,-0.00000e+00,-7.80000e-01,
-3.0907357e-01,-0.00000e+00,-7.80000e-01,
-3.0892709e-01,2.00001e-01,-7.80000e-01,
-3.0878061e-01,-0.00000e+00,-7.60000e-01,
-3.0863413e-01,-0.00000e+00,-7.80000e-01,
-3.0848765e-01,-0.00000e+00,-7.80000e-01,
-3.0834118e-01,-0.00000e+00,-7.80000e-01,
-3.0819470e-01,-0.00000e+00,-7.60000e-01,
-3.0804822e-01,-0.00000e+00,-7.80000e-01,
-3.0790174e-01,-0.00000e+00,-7.80000e-01,
-3.0775526e-01,-0.00000e+00,-7.60000e-01,
-3.0760878e-01,-0.00000e+00,-7.80000e-01,
-3.0746230e-01,-0.00000e+00,-7.60000e-01,
-3.0731583e-01,-0.00000e+00,-7.60000e-01,
-3.0716935e-01,-0.00000e+00,-7.60000e-01,
-3.0702287e-01,2.00001e-01,-7.60000e-01,
-3.0687639e-01,2.00001e-01,-7.60000e-01,
-3.0672991e-01,-0.00000e+00,-7.60000e-01,
-3.0658343e-01,-0.00000e+00,-7.60000e-01,
-3.0643696e-01,-0.00000e+00,-7.60000e-01,
-3.0629048e-01,-0.00000e+00,-7.60000e-01,
-3.0614400e-01,-0.00000e+00,-7.60000e-01,
-3.0599752e-01,-0.00000e+00,-7.60000e-01,
-3.0585104e-01,-0.00000e+00,-7.60000e-01,
-3.0570456e-01,2.00001e-01,-7.60000e-01,
-3.0555809e-01,-0.00000e+00,-7.60000e-01,
-3.0541161e-01,-0.00000e+00,-7.60000e-01,
-3.0526513e-01,2.00001e-01,-7.40000e-01,
-3.0511865e-01,-0.00000e+00,-7.60000e-01,
-3.0497217e-01,-0.00000e+00,-7.60000e-01,
-3.0482569e-01,-0.00000e+00,-7.40000e-01,
-3.0467921e-01,-0.00000e+00,-7.40000e-01,
-3.0453274e-01,2.00001e-01,-7.40000e-01,
-3.0438626e-01,2.00001e-01,-7.20000e-01,
-3.0423978e-01,-0.00000e+00,-7.20000e-01,
-3.0409330e-01,-0.00000e+00,-7.40000e-01,
-3.0394682e-01,-0.00000e+00,-7.40000e-01,
-3.0380034e-01,-0.00000e+00,-7.20000e-01,
-3.0365387e-01,-0.00000e+00,-7.20000e-01,
-3.0350739e-01,-0.00000e+00,-7.20000e-01,
-3.0336091e-01,-0.00000e+00,-7.40000e-01,
-3.0321443e-01,-0.00000e+00,-6.80000e-01,
-3.0306795e-01,-0.00000e+00,-7.40000e-01,
-3.0292147e-01,-0.00000e+00,-7.20000e-01,
-3.0277500e-01,-0.00000e+00,-7.20000e-01,
-3.0262852e-01,-0.00000e+00,-7.20000e-01,
-3.0248204e-01,-0.00000e+00,-7.20000e-01,
-3.0233556e-01,-0.00000e+00,-7.20000e-01,
-3.0218908e-01,-0.00000e+00,-7.20000e-01,
-3.0204260e-01,-0.00000e+00,-7.20000e-01,
-3.0189613e-01,-0.00000e+00,-7.20000e-01,
-3.0174965e-01,-0.00000e+00,-7.00000e-01,
-3.0160317e-01,-0.00000e+00,-7.20000e-01,
-3.0145669e-01,-0.00000e+00,-7.00000e-01,
-3.0131021e-01,2.00001e-01,-7.00000e-01,
-3.0116373e-01,-0.00000e+00,-7.00000e-01,
-3.0101725e-01,-0.00000e+00,-7.00000e-01,
-3.0087078e-01,-0.00000e+00,-7.60000e-01,
-3.0072430e-01,-0.00000e+00,-7.00000e-01,
-3.0057782e-01,-0.00000e+00,-7.00000e-01,
-3.0043134e-01,2.00001e-01,-7.00000e-01,
-3.0028486e-01,-0.00000e+00,-6.80000e-01,
-3.0013838e-01,-0.00000e+00,-7.00000e-01,
-2.9999191e-01,-0.00000e+00,-7.00000e-01,
-2.9984543e-01,2.00001e-01,-6.80000e-01,
-2.9969895e-01,2.00001e-01,-7.00000e-01,
-2.9955247e-01,-0.00000e+00,-6.80000e-01,
-2.9940599e-01,-0.00000e+00,-6.80000e-01,
-2.9925951e-01,-0.00000e+00,-6.80000e-01,
-2.9911304e-01,-0.00000e+00,-6.80000e-01,
-2.9896656e-01,-0.00000e+00,-6.80000e-01,
-2.9882008e-01,-0.00000e+00,-6.80000e-01,
-2.9867360e-01,-0.00000e+00,-6.80000e-01,
-2.9852712e-01,-0.00000e+00,-6.80000e-01,
-2.9838064e-01,-0.00000e+00,-6.80000e-01,
-2.9823416e-01,2.00001e-01,-6.80000e-01,
-2.9808769e-01,-0.00000e+00,-6.80000e-01,
-2.9794121e-01,2.00001e-01,-6.80000e-01,
-2.9779473e-01,-0.00000e+00,-6.80000e-01,
-2.9764825e-01,2.00001e-01,-6.80000e-01,
-2.9750177e-01,-0.00000e+00,-6.80000e-01,
-2.9735529e-01,-0.00000e+00,-6.80000e-01,
-2.9720882e-01,-0.00000e+00,-6.80000e-01,
-2.9706234e-01,-0.00000e+00,-6.80000e-01,
-2.9691586e-01,-0.00000e+00,-6.80000e-01,
-2.9676938e-01,-0.00000e+00,-6.80000e-01,
-2.9662290e-01,-0.00000e+00,-6.60000e-01,
-2.9647642e-01,-0.00000e+00,-6.40000e-01,
-2.9632995e-01,-0.00000e+00,-6.60000e-01,
-2.9618347e-01,2.00001e-01,-6.80000e-01,
-2.9603699e-01,-0.00000e+00,-6.80000e-01,
-2.9589051e-01,2.00001e-01,-6.60000e-01,
-2.9574403e-01,-0.00000e+00,-6.40000e-01,
-2.9559755e-01,-0.00000e+00,-6.60000e-01,
-2.9545107e-01,2.00001e-01,-6.80000e-01,
-2.9530460e-01,-0.00000e+00,-6.60000e-01,
-2.9515812e-01,-0.00000e+00,-6.40000e-01,
-2.9501164e-01,-0.00000e+00,-6.40000e-01,
-2.9486516e-01,-0.00000e+00,-6.60000e-01,
-2.9471868e-01,-0.00000e+00,-6.60000e-01,
-2.9457220e-01,-0.00000e+00,-6.80000e-01,
-2.9442573e-01,-0.00000e+00,-6.40000e-01,
-2.9427925e-01,-0.00000e+00,-6.40000e-01,
-2.9413277e-01,-0.00000e+00,-6.40000e-01,
-2.9398629e-01,-0.00000e+00,-6.80000e-01,
-2.9383981e-01,-0.00000e+00,-6.40000e-01,
-2.9369333e-01,-0.00000e+00,-6.40000e-01,
-2.9354686e-01,-0.00000e+00,-6.40000e-01,
-2.9340038e-01,-0.00000e+00,-6.20000e-01,
-2.9325390e-01,2.00001e-01,-6.40000e-01,
-2.9310742e-01,-0.00000e+00,-6.40000e-01,
-2.9296094e-01,-0.00000e+00,-6.20000e-01,
-2.9281446e-01,-0.00000e+00,-6.20000e-01,
-2.9266798e-01,-0.00000e+00,-6.40000e-01,
-2.9252151e-01,-0.00000e+00,-6.20000e-01,
-2.9237503e-01,-0.00000e+00,-6.20000e-01,
-2.9222855e-01,-0.00000e+00,-6.20000e-01,
-2.9208207e-01,2.00001e-01,-6.20000e-01,
-2.9193559e-01,-0.00000e+00,-6.20000e-01,
-2.9178911e-01,-0.00000e+00,-6.00000e-01,
-2.9164264e-01,-0.00000e+00,-6.00000e-01,
-2.9149616e-01,-0.00000e+00,-6.20000e-01,
-2.9134968e-01,-0.00000e+00,-6.20000e-01,
-2.9120320e-01,-0.00000e+00,-6.00000e-01,
-2.9105672e-01,2.00001e-01,-6.20000e-01,
-2.9091024e-01,2.00001e-01,-6.20000e-01,
-2.9076377e-01,-0.00000e+00,-6.00000e-01,
-2.9061729e-01,-0.00000e+00,-6.00000e-01,
-2.9047081e-01,-0.00000e+00,-6.00000e-01,
-2.9032433e-01,-0.00000e+00,-6.20000e-01,
-2.9017785e-01,-0.00000e+00,-6.20000e-01,
-2.9003137e-01,-0.00000e+00,-6.00000e-01,
-2.8988490e-01,-0.00000e+00,-6.00000e-01,
-2.8973842e-01,-0.00000e+00,-6.00000e-01,
-2.8959194e-01,-0.00000e+00,-6.00000e-01,
-2.8944546e-01,-0.00000e+00,-6.00000e-01,
-2.8929898e-01,-0.00000e+00,-6.00000e-01,
-2.8915250e-01,-0.00000e+00,-6.00000e-01,
-2.8900602e-01,-0.00000e+00,-6.00000e-01,
-2.8885955e-01,-0.00000e+00,-6.00000e-01,
-2.8871307e-01,2.00001e-01,-6.00000e-01,
-2.8856659e-01,2.00001e-01,-6.00000e-01,
-2.8842011e-01,-0.00000e+00,-6.00000e-01,
-2.8827363e-01,-0.00000e+00,-6.00000e-01,
-2.8812715e-01,-0.00000e+00,-6.00000e-01,
-2.8798068e-01,-0.00000e+00,-6.00000e-01,
-2.8783420e-01,2.00001e-01,-6.00000e-01,
-2.8768772e-01,-0.00000e+00,-6.00000e-01,
-2.8754124e-01,-0.00000e+00,-6.00000e-01,
-2.8739476e-01,2.00001e-01,-6.00000e-01,
-2.8724828e-01,-0.00000e+00,-5.80000e-01,
-2.8710181e-01,-0.00000e+00,-6.00000e-01,
-2.8695533e-01,-0.00000e+00,-6.00000e-01,
-2.8680885e-01,2.00001e-01,-5.80000e-01,
-2.8666237e-01,-0.00000e+00,-5.80000e-01,
-2.8651589e-01,2.00001e-01,-6.00000e-01,
-2.8636941e-01,-0.00000e+00,-5.60000e-01,
-2.8622293e-01,-0.00000e+00,-5.80000e-01,
-2.8607646e-01,-0.00000e+00,-5.60000e-01,
-2.8592998e-01,2.00001e-01,-5.60000e-01,
-2.8578350e-01,-0.00000e+00,-5.60000e-01,
-2.8563702e-01,-0.00000e+00,-5.60000e-01,
-2.8549054e-01,2.00001e-01,-5.60000e-01,
-2.8534406e-01,-0.00000e+00,-6.00000e-01,
-2.8519759e-01,-0.00000e+00,-5.60000e-01,
-2.8505111e-01,2.00001e-01,-5.60000e-01,
-2.8490463e-01,-0.00000e+00,-5.60000e-01,
-2.8475815e-01,-0.00000e+00,-5.60000e-01,
-2.8461167e-01,-0.00000e+00,-5.60000e-01,
-2.8446519e-01,-0.00000e+00,-5.60000e-01,
-2.8431872e-01,-0.00000e+00,-5.60000e-01,
-2.8417224e-01,-0.00000e+00,-5.60000e-01,
-2.8402576e-01,-0.00000e+00,-5.60000e-01,
-2.8387928e-01,-0.00000e+00,-5.60000e-01,
-2.8373280e-01,-0.00000e+00,-5.60000e-01,
-2.8358632e-01,-0.00000e+00,-5.40000e-01,
-2.8343984e-01,-0.00000e+00,-5.60000e-01,
-2.8329337e-01,-0.00000e+00,-5.40000e-01,
-2.8314689e-01,-0.00000e+00,-5.40000e-01,
-2.8300041e-01,2.00001e-01,-5.60000e-01,
-2.8285393e-01,-0.00000e+00,-5.40000e-01,
-2.8270745e-01,2.00001e-01,-5.60000e-01,
-2.8256097e-01,-0.00000e+00,-5.40000e-01,
-2.8241450e-01,-0.00000e+00,-5.40000e-01,
-2.8226802e-01,-0.00000e+00,-5.40000e-01,
-2.8212154e-01,-0.00000e+00,-5.20000e-01,
-2.8197506e-01,-0.00000e+00,-5.40000e-01,
-2.8182858e-01,-0.00000e+00,-5.40000e-01,
-2.8168210e-01,-0.00000e+00,-5.40000e-01,
-2.8153563e-01,-0.00000e+00,-5.20000e-01,
-2.8138915e-01,-0.00000e+00,-5.40000e-01,
-2.8124267e-01,-0.00000e+00,-5.20000e-01,
-2.8109619e-01,-0.00000e+00,-5.20000e-01,
-2.8094971e-01,2.00001e-01,-5.20000e-01,
-2.8080323e-01,-0.00000e+00,-5.20000e-01,
-2.8065675e-01,-0.00000e+00,-5.20000e-01,
-2.8051028e-01,-0.00000e+00,-5.20000e-01,
-2.8036380e-01,-0.00000e+00,-5.20000e-01,
-2.8021732e-01,-0.00000e+00,-5.20000e-01,
-2.8007084e-01,-0.00000e+00,-5.20000e-01,
-2.7992436e-01,-0.00000e+00,-5.20000e-01,
-2.7977788e-01,-0.00000e+00,-5.20000e-01,
-2.7963141e-01,-0.00000e+00,-5.20000e-01,
-2.7948493e-01,-0.00000e+00,-5.20000e-01,
-2.7933845e-01,-0.00000e+00,-5.40000e-01,
-2.7919197e-01,-0.00000e+00,-5.20000e-01,
-2.7904549e-01,2.00001e-01,-5.20000e-01,
-2.7889901e-01,-0.00000e+00,-5.20000e-01,
-2.7875254e-01,-0.00000e+00,-5.20000e-01,
-2.7860606e-01,-0.00000e+00,-5.20000e-01,
-2.7845958e-01,-0.00000e+00,-5.20000e-01,
-2.7831310e-01,-0.00000e+00,-5.20000e-01,
-2.7816662e-01,-0.00000e+00,-5.20000e-01,
-2.7802014e-01,2.00001e-01,-5.20000e-01,
-2.7787367e-01,2.00001e-01,-5.20000e-01,
-2.7772719e-01,-0.00000e+00,-5.20000e-01,
-2.7758071e-01,-0.00000e+00,-5.20000e-01,
-2.7743423e-01,-0.00000e+00,-4.80000e-01,
-2.7728775e-01,2.00001e-01,-5.20000e-01,
-2.7714127e-01,-0.00000e+00,-5.00000e-01,
-2.7699479e-01,-0.00000e+00,-5.20000e-01,
-2.7684832e-01,2.00001e-01,-5.00000e-01,
-2.7670184e-01,-0.00000e+00,-4.80000e-01,
-2.7655536e-01,2.00001e-01,-5.20000e-01,
-2.7640888e-01,2.00001e-01,-4.80000e-01,
-2.7626240e-01,-0.00000e+00,-5.00000e-01,
-2.7611592e-01,-0.00000e+00,-4.80000e-01,
-2.7596945e-01,-0.00000e+00,-5.00000e-01,
-2.7582297e-01,-0.00000e+00,-4.80000e-01,
-2.7567649e-01,-0.00000e+00,-4.80000e-01,
-2.7553001e-01,-0.00000e+00,-4.80000e-01,
-2.7538353e-01,-0.00000e+00,-5.00000e-01,
-2.7523705e-01,-0.00000e+00,-4.80000e-01,
-2.7509058e-01,-0.00000e+00,-4.80000e-01,
-2.7494410e-01,2.00001e-01,-4.80000e-01,
-2.7479762e-01,-0.00000e+00,-4.80000e-01,
-2.7465114e-01,2.00001e-01,-4.80000e-01,
-2.7450466e-01,2.00001e-01,-4.80000e-01,
-2.7435818e-01,-0.00000e+00,-4.80000e-01,
-2.7421170e-01,-0.00000e+00,-4.80000e-01,
-2.7406523e-01,-0.00000e+00,-4.80000e-01,
-2.7391875e-01,-0.00000e+00,-4.80000e-01,
-2.7377227e-01,-0.00000e+00,-4.80000e-01,
-2.7362579e-01,-0.00000e+00,-4.60000e-01,
-2.7347931e-01,-0.00000e+00,-4.60000e-01,
-2.7333283e-01,-0.00000e+00,-4.60000e-01,
-2.7318636e-01,-0.00000e+00,-4.60000e-01,
-2.7303988e-01,-0.00000e+00,-4.60000e-01,
-2.7289340e-01,-0.00000e+00,-4.60000e-01,
-2.7274692e-01,-0.00000e+00,-4.60000e-01,
-2.7260044e-01,-0.00000e+00,-4.60000e-01,
-2.7245396e-01,-0.00000e+00,-4.60000e-01,
-2.7230749e-01,-0.00000e+00,-4.60000e-01,
-2.7216101e-01,-0.00000e+00,-4.60000e-01,
-2.7201453e-01,-0.00000e+00,-4.60000e-01,
-2.7186805e-01,2.00001e-01,-4.60000e-01,
-2.7172157e-01,-0.00000e+00,-4.60000e-01,
-2.7157509e-01,-0.00000e+00,-4.40000e-01,
-2.7142861e-01,2.00001e-01,-4.60000e-01,
-2.7128214e-01,-0.00000e+00,-4.60000e-01,
-2.7113566e-01,2.00001e-01,-4.60000e-01,
-2.7098918e-01,-0.00000e+00,-4.40000e-01,
-2.7084270e-01,-0.00000e+00,-4.40000e-01,
-2.7069622e-01,-0.00000e+00,-4.40000e-01,
-2.7054974e-01,-0.00000e+00,-4.40000e-01,
-2.7040327e-01,-0.00000e+00,-4.40000e-01,
-2.7025679e-01,-0.00000e+00,-4.60000e-01,
-2.7011031e-01,2.00001e-01,-4.40000e-01,
-2.6996383e-01,2.00001e-01,-4.60000e-01,
-2.6981735e-01,2.00001e-01,-4.40000e-01,
-2.6967087e-01,-0.00000e+00,-4.40000e-01,
-2.6952440e-01,-0.00000e+00,-4.40000e-01,
-2.6937792e-01,-0.00000e+00,-4.60000e-01,
-2.6923144e-01,-0.00000e+00,-4.40000e-01,
-2.6908496e-01,-0.00000e+00,-4.40000e-01,
-2.6893848e-01,-0.00000e+00,-4.40000e-01,
-2.6879200e-01,-0.00000e+00,-4.40000e-01,
-2.6864552e-01,-0.00000e+00,-4.40000e-01,
-2.6849905e-01,2.00001e-01,-4.40000e-01,
-2.6835257e-01,-0.00000e+00,-4.40000e-01,
-2.6820609e-01,2.00001e-01,-4.40000e-01,
-2.6805961e-01,2.00001e-01,-4.40000e-01,
-2.6791313e-01,-0.00000e+00,-4.40000e-01,
-2.6776665e-01,-0.00000e+00,-4.40000e-01,
-2.6762018e-01,-0.00000e+00,-4.20000e-01,
-2.6747370e-01,-0.00000e+00,-4.40000e-01,
-2.6732722e-01,-0.00000e+00,-4.40000e-01,
-2.6718074e-01,-0.00000e+00,-4.40000e-01,
-2.6703426e-01,2.00001e-01,-4.40000e-01,
-2.6688778e-01,-0.00000e+00,-4.40000e-01,
-2.6674131e-01,-0.00000e+00,-4.40000e-01,
-2.6659483e-01,2.00001e-01,-4.40000e-01,
-2.6644835e-01,-0.00000e+00,-4.40000e-01,
-2.6630187e-01,2.00001e-01,-4.20000e-01,
-2.6615539e-01,-0.00000e+00,-4.20000e-01,
-2.6600891e-01,-0.00000e+00,-4.20000e-01,
-2.6586244e-01,-0.00000e+00,-4.20000e-01,
-2.6571596e-01,2.00001e-01,-4.20000e-01,
-2.6556948e-01,2.00001e-01,-4.20000e-01,
-2.6542300e-01,-0.00000e+00,-4.20000e-01,
-2.6527652e-01,-0.00000e+00,-4.20000e-01,
-2.6513004e-01,-0.00000e+00,-4.20000e-01,
-2.6498356e-01,-0.00000e+00,-4.00000e-01,
-2.6483709e-01,-0.00000e+00,-4.00000e-01,
-2.6469061e-01,-0.00000e+00,-4.00000e-01,
-2.6454413e-01,-0.00000e+00,-4.20000e-01,
-2.6439765e-01,2.00001e-01,-4.00000e-01,
-2.6425117e-01,-0.00000e+00,-4.00000e-01,
-2.6410469e-01,-0.00000e+00,-4.00000e-01,
-2.6395822e-01,-0.00000e+00,-4.00000e-01,
-2.6381174e-01,-0.00000e+00,-4.00000e-01,
-2.6366526e-01,-0.00000e+00,-4.00000e-01,
-2.6351878e-01,-0.00000e+00,-4.00000e-01,
-2.6337230e-01,-0.00000e+00,-4.00000e-01,
-2.6322582e-01,-0.00000e+00,-4.00000e-01,
-2.6307935e-01,-0.00000e+00,-4.00000e-01,
-2.6293287e-01,-0.00000e+00,-4.00000e-01,
-2.6278639e-01,-0.00000e+00,-4.00000e-01,
-2.6263991e-01,-0.00000e+00,-4.00000e-01,
-2.6249343e-01,-0.00000e+00,-3.80000e-01,
-2.6234695e-01,-0.00000e+00,-3.80000e-01,
-2.6220047e-01,-0.00000e+00,-4.00000e-01,
-2.6205400e-01,-0.00000e+00,-4.00000e-01,
-2.6190752e-01,-0.00000e+00,-3.80000e-01,
-2.6176104e-01,-0.00000e+00,-3.80000e-01,
-2.6161456e-01,-0.00000e+00,-4.00000e-01,
-2.6146808e-01,-0.00000e+00,-3.80000e-01,
-2.6132160e-01,-0.00000e+00,-3.80000e-01,
-2.6117513e-01,-0.00000e+00,-3.80000e-01,
-2.6102865e-01,-0.00000e+00,-3.80000e-01,
-2.6088217e-01,-0.00000e+00,-3.80000e-01,
-2.6073569e-01,-0.00000e+00,-3.80000e-01,
-2.6058921e-01,-0.00000e+00,-3.80000e-01,
-2.6044273e-01,-0.00000e+00,-3.80000e-01,
-2.6029626e-01,-0.00000e+00,-3.60000e-01,
-2.6014978e-01,-0.00000e+00,-3.80000e-01,
-2.6000330e-01,-0.00000e+00,-4.00000e-01,
-2.5985682e-01,2.00001e-01,-3.60000e-01,
-2.5971034e-01,-0.00000e+00,-3.60000e-01,
-2.5956386e-01,-0.00000e+00,-3.60000e-01,
-2.5941738e-01,-0.00000e+00,-4.00000e-01,
-2.5927091e-01,2.00001e-01,-3.60000e-01,
-2.5912443e-01,-0.00000e+00,-3.60000e-01,
-2.5897795e-01,-0.00000e+00,-3.60000e-01,
-2.5883147e-01,-0.00000e+00,-3.20000e-01,
-2.5868499e-01,-0.00000e+00,-3.60000e-01,
-2.5853851e-01,-0.00000e+00,-3.60000e-01,
-2.5839204e-01,-0.00000e+00,-3.60000e-01,
-2.5824556e-01,-0.00000e+00,-3.60000e-01,
-2.5809908e-01,-0.00000e+00,-3.60000e-01,
-2.5795260e-01,-0.00000e+00,-3.60000e-01,
-2.5780612e-01,-0.00000e+00,-3.60000e-01,
-2.5765964e-01,-0.00000e+00,-3.60000e-01,
-2.5751317e-01,-0.00000e+00,-3.60000e-01,
-2.5736669e-01,-0.00000e+00,-3.60000e-01,
-2.5722021e-01,-0.00000e+00,-3.60000e-01,
-2.5707373e-01,-0.00000e+00,-3.60000e-01,
-2.5692725e-01,-0.00000e+00,-3.60000e-01,
-2.5678077e-01,-0.00000e+00,-3.60000e-01,
-2.5663429e-01,-0.00000e+00,-3.60000e-01,
-2.5648782e-01,-0.00000e+00,-3.60000e-01,
-2.5634134e-01,-0.00000e+00,-3.60000e-01,
-2.5619486e-01,-0.00000e+00,-3.60000e-01,
-2.5604838e-01,-0.00000e+00,-3.60000e-01,
-2.5590190e-01,-0.00000e+00,-3.60000e-01,
-2.5575542e-01,-0.00000e+00,-3.40000e-01,
-2.5560895e-01,2.00001e-01,-3.40000e-01,
-2.5546247e-01,-0.00000e+00,-3.60000e-01,
-2.5531599e-01,-0.00000e+00,-3.60000e-01,
-2.5516951e-01,-0.00000e+00,-3.60000e-01,
-2.5502303e-01,-0.00000e+00,-3.40000e-01,
-2.5487655e-01,-0.00000e+00,-3.60000e-01,
-2.5473008e-01,2.00001e-01,-3.60000e-01,
-2.5458360e-01,-0.00000e+00,-3.40000e-01,
-2.5443712e-01,2.00001e-01,-3.60000e-01,
-2.5429064e-01,-0.00000e+00,-3.40000e-01,
-2.5414416e-01,2.00001e-01,-3.20000e-01,
-2.5399768e-01,2.00001e-01,-3.20000e-01,
-2.5385121e-01,-0.00000e+00,-3.20000e-01,
-2.5370473e-01,-0.00000e+00,-3.20000e-01,
-2.5355825e-01,-0.00000e+00,-3.20000e-01,
-2.5341177e-01,2.00001e-01,-3.20000e-01,
-2.5326529e-01,-0.00000e+00,-3.40000e-01,
-2.5311881e-01,-0.00000e+00,-3.20000e-01,
-2.5297233e-01,-0.00000e+00,-3.40000e-01,
-2.5282586e-01,-0.00000e+00,-3.40000e-01,
-2.5267938e-01,-0.00000e+00,-3.40000e-01,
-2.5253290e-01,-0.00000e+00,-3.20000e-01,
-2.5238642e-01,-0.00000e+00,-3.20000e-01,
-2.5223994e-01,-0.00000e+00,-3.20000e-01,
-2.5209346e-01,-0.00000e+00,-3.20000e-01,
-2.5194699e-01,-0.00000e+00,-3.20000e-01,
-2.5180051e-01,2.00001e-01,-3.20000e-01,
-2.5165403e-01,-0.00000e+00,-3.20000e-01,
-2.5150755e-01,-0.00000e+00,-3.20000e-01,
-2.5136107e-01,-0.00000e+00,-3.20000e-01,
-2.5121459e-01,-0.00000e+00,-3.20000e-01,
-2.5106812e-01,-0.00000e+00,-3.20000e-01,
-2.5092164e-01,-0.00000e+00,-3.00000e-01,
-2.5077516e-01,-0.00000e+00,-3.00000e-01,
-2.5062868e-01,-0.00000e+00,-3.00000e-01,
-2.5048220e-01,-0.00000e+00,-3.00000e-01,
-2.5033572e-01,-0.00000e+00,-3.00000e-01,
-2.5018924e-01,-0.00000e+00,-3.00000e-01,
-2.5004277e-01,-0.00000e+00,-3.00000e-01,
-2.4989629e-01,-0.00000e+00,-3.00000e-01,
-2.4974981e-01,-0.00000e+00,-3.00000e-01,
-2.4960333e-01,-0.00000e+00,-3.00000e-01,
-2.4945685e-01,-0.00000e+00,-3.00000e-01,
-2.4931037e-01,-0.00000e+00,-3.00000e-01,
-2.4916390e-01,2.00001e-01,-3.00000e-01,
-2.4901742e-01,-0.00000e+00,-3.00000e-01,
-2.4887094e-01,-0.00000e+00,-3.00000e-01,
-2.4872446e-01,-0.00000e+00,-2.80000e-01,
-2.4857798e-01,-0.00000e+00,-3.00000e-01,
-2.4843150e-01,-0.00000e+00,-2.80000e-01,
-2.4828503e-01,2.00001e-01,-2.80000e-01,
-2.4813855e-01,-0.00000e+00,-3.00000e-01,
-2.4799207e-01,-0.00000e+00,-3.00000e-01,
-2.4784559e-01,-0.00000e+00,-2.80000e-01,
-2.4769911e-01,-0.00000e+00,-3.00000e-01,
-2.4755263e-01,-0.00000e+00,-2.80000e-01,
-2.4740615e-01,-0.00000e+00,-2.80000e-01,
-2.4725968e-01,-0.00000e+00,-3.00000e-01,
-2.4711320e-01,2.00001e-01,-2.80000e-01,
-2.4696672e-01,-0.00000e+00,-2.80000e-01,
-2.4682024e-01,-0.00000e+00,-2.80000e-01,
-2.4667376e-01,-0.00000e+00,-2.80000e-01,
-2.4652728e-01,-0.00000e+00,-2.80000e-01,
-2.4638081e-01,-0.00000e+00,-2.80000e-01,
-2.4623433e-01,-0.00000e+00,-2.80000e-01,
-2.4608785e-01,-0.00000e+00,-2.80000e-01,
-2.4594137e-01,-0.00000e+00,-2.80000e-01,
-2.4579489e-01,-0.00000e+00,-2.80000e-01,
-2.4564841e-01,-0.00000e+00,-2.80000e-01,
-2.4550194e-01,-0.00000e+00,-2.80000e-01,
-2.4535546e-01,-0.00000e+00,-2.80000e-01,
-2.4520898e-01,-0.00000e+00,-2.80000e-01,
-2.4506250e-01,-0.00000e+00,-2.80000e-01,
-2.4491602e-01,-0.00000e+00,-2.80000e-01,
-2.4476954e-01,-0.00000e+00,-2.80000e-01,
-2.4462306e-01,-0.00000e+00,-2.80000e-01,
-2.4447659e-01,-0.00000e+00,-2.80000e-01,
-2.4433011e-01,2.00001e-01,-2.80000e-01,
-2.4418363e-01,-0.00000e+00,-2.80000e-01,
-2.4403715e-01,-0.00000e+00,-2.80000e-01,
-2.4389067e-01,2.00001e-01,-2.80000e-01,
-2.4374419e-01,2.00001e-01,-2.80000e-01,
-2.4359772e-01,-0.00000e+00,-2.80000e-01,
-2.4345124e-01,2.00001e-01,-2.60000e-01,
-2.4330476e-01,2.00001e-01,-2.60000e-01,
-2.4315828e-01,2.00001e-01,-2.80000e-01,
-2.4301180e-01,2.00001e-01,-2.60000e-01,
-2.4286532e-01,2.00001e-01,-2.60000e-01,
-2.4271885e-01,-0.00000e+00,-2.60000e-01,
-2.4257237e-01,-0.00000e+00,-2.60000e-01,
-2.4242589e-01,2.00001e-01,-2.60000e-01,
-2.4227941e-01,-0.00000e+00,-2.60000e-01,
-2.4213293e-01,2.00001e-01,-2.60000e-01,
-2.4198645e-01,-0.00000e+00,-2.60000e-01,
-2.4183998e-01,-0.00000e+00,-2.60000e-01,
-2.4169350e-01,2.00001e-01,-2.60000e-01,
-2.4154702e-01,-0.00000e+00,-2.60000e-01,
-2.4140054e-01,-0.00000e+00,-2.60000e-01,
-2.4125406e-01,-0.00000e+00,-2.40000e-01,
-2.4110758e-01,-0.00000e+00,-2.60000e-01,
-2.4096110e-01,-0.00000e+00,-2.40000e-01,
-2.4081463e-01,-0.00000e+00,-2.40000e-01,
-2.4066815e-01,-0.00000e+00,-2.40000e-01,
-2.4052167e-01,-0.00000e+00,-2.40000e-01,
-2.4037519e-01,-0.00000e+00,-2.60000e-01,
-2.4022871e-01,-0.00000e+00,-2.40000e-01,
-2.4008223e-01,-0.00000e+00,-2.40000e-01,
-2.3993576e-01,-0.00000e+00,-2.40000e-01,
-2.3978928e-01,2.00001e-01,-2.40000e-01,
-2.3964280e-01,-0.00000e+00,-2.40000e-01,
-2.3949632e-01,-0.00000e+00,-2.40000e-01,
-2.3934984e-01,-0.00000e+00,-2.40000e-01,
-2.3920336e-01,-0.00000e+00,-2.40000e-01,
-2.3905689e-01,-0.00000e+00,-2.40000e-01,
-2.3891041e-01,-0.00000e+00,-2.40000e-01,
-2.3876393e-01,-0.00000e+00,-2.40000e-01,
-2.3861745e-01,-0.00000e+00,-2.40000e-01,
-2.3847097e-01,-0.00000e+00,-2.40000e-01,
-2.3832449e-01,-0.00000e+00,-2.40000e-01,
-2.3817801e-01,-0.00000e+00,-2.40000e-01,
-2.3803154e-01,-0.00000e+00,-2.20000e-01,
-2.3788506e-01,2.00001e-01,-2.40000e-01,
-2.3773858e-01,-0.00000e+00,-2.20000e-01,
-2.3759210e-01,-0.00000e+00,-2.40000e-01,
-2.3744562e-01,-0.00000e+00,-2.20000e-01,
-2.3729914e-01,-0.00000e+00,-2.20000e-01,
-2.3715267e-01,-0.00000e+00,-2.20000e-01,
-2.3700619e-01,-0.00000e+00,-2.20000e-01,
-2.3685971e-01,-0.00000e+00,-2.20000e-01,
-2.3671323e-01,2.00001e-01,-2.20000e-01,
-2.3656675e-01,-0.00000e+00,-2.20000e-01,
-2.3642027e-01,-0.00000e+00,-2.40000e-01,
-2.3627380e-01,-0.00000e+00,-2.20000e-01,
-2.3612732e-01,-0.00000e+00,-2.20000e-01,
-2.3598084e-01,2.00001e-01,-2.20000e-01,
-2.3583436e-01,2.00001e-01,-2.00000e-01,
-2.3568788e-01,-0.00000e+00,-2.20000e-01,
-2.3554140e-01,-0.00000e+00,-2.20000e-01,
-2.3539492e-01,-0.00000e+00,-2.20000e-01,
-2.3524845e-01,-0.00000e+00,-2.00000e-01,
-2.3510197e-01,-0.00000e+00,-2.20000e-01,
-2.3495549e-01,-0.00000e+00,-2.00000e-01,
-2.3480901e-01,-0.00000e+00,-2.00000e-01,
-2.3466253e-01,-0.00000e+00,-2.20000e-01,
-2.3451605e-01,-0.00000e+00,-2.00000e-01,
-2.3436958e-01,-0.00000e+00,-2.20000e-01,
-2.3422310e-01,-0.00000e+00,-2.00000e-01,
-2.3407662e-01,-0.00000e+00,-2.00000e-01,
-2.3393014e-01,-0.00000e+00,-2.00000e-01,
-2.3378366e-01,-0.00000e+00,-2.00000e-01,
-2.3363718e-01,-0.00000e+00,-2.00000e-01,
-2.3349071e-01,-0.00000e+00,-2.00000e-01,
-2.3334423e-01,2.00001e-01,-2.00000e-01,
-2.3319775e-01,-0.00000e+00,-2.00000e-01,
-2.3305127e-01,-0.00000e+00,-2.00000e-01,
-2.3290479e-01,-0.00000e+00,-2.00000e-01,
-2.3275831e-01,-0.00000e+00,-2.00000e-01,
-2.3261184e-01,-0.00000e+00,-2.00000e-01,
-2.3246536e-01,-0.00000e+00,-2.00000e-01,
-2.3231888e-01,-0.00000e+00,-2.00000e-01,
-2.3217240e-01,-0.00000e+00,-2.00000e-01,
-2.3202592e-01,2.00001e-01,-2.00000e-01,
-2.3187944e-01,-0.00000e+00,-2.00000e-01,
-2.3173296e-01,-0.00000e+00,-2.00000e-01,
-2.3158649e-01,-0.00000e+00,-2.00000e-01,
-2.3144001e-01,-0.00000e+00,-2.00000e-01,
-2.3129353e-01,-0.00000e+00,-2.00000e-01,
-2.3114705e-01,2.00001e-01,-2.00000e-01,
-2.3100057e-01,-0.00000e+00,-2.00000e-01,
-2.3085409e-01,2.00001e-01,-2.00000e-01,
-2.3070762e-01,2.00001e-01,-2.00000e-01,
-2.3056114e-01,-0.00000e+00,-2.00000e-01,
-2.3041466e-01,-0.00000e+00,-2.00000e-01,
-2.3026818e-01,-0.00000e+00,-2.00000e-01,
-2.3012170e-01,2.00001e-01,-2.00000e-01,
-2.2997522e-01,-0.00000e+00,-2.00000e-01,
-2.2982875e-01,-0.00000e+00,-2.00000e-01,
-2.2968227e-01,-0.00000e+00,-2.00000e-01,
-2.2953579e-01,-0.00000e+00,-2.00000e-01,
-2.2938931e-01,2.00001e-01,-2.00000e-01,
-2.2924283e-01,2.00001e-01,-1.60000e-01,
-2.2909635e-01,-0.00000e+00,-1.80000e-01,
-2.2894987e-01,-0.00000e+00,-2.00000e-01,
-2.2880340e-01,-0.00000e+00,-2.00000e-01,
-2.2865692e-01,-0.00000e+00,-2.00000e-01,
-2.2851044e-01,2.00001e-01,-2.00000e-01,
-2.2836396e-01,-0.00000e+00,-2.00000e-01,
-2.2821748e-01,-0.00000e+00,-2.00000e-01,
-2.2807100e-01,2.00001e-01,-1.80000e-01,
-2.2792453e-01,-0.00000e+00,-1.80000e-01,
-2.2777805e-01,2.00001e-01,-1.80000e-01,
-2.2763157e-01,-0.00000e+00,-1.80000e-01,
-2.2748509e-01,-0.00000e+00,-1.80000e-01,
-2.2733861e-01,-0.00000e+00,-1.60000e-01,
-2.2719213e-01,-0.00000e+00,-1.60000e-01,
-2.2704566e-01,-0.00000e+00,-1.80000e-01,
-2.2689918e-01,-0.00000e+00,-1.80000e-01,
-2.2675270e-01,-0.00000e+00,-1.60000e-01,
-2.2660622e-01,-0.00000e+00,-1.60000e-01,
-2.2645974e-01,-0.00000e+00,-1.60000e-01,
-2.2631326e-01,-0.00000e+00,-1.80000e-01,
-2.2616678e-01,-0.00000e+00,-1.60000e-01,
-2.2602031e-01,-0.00000e+00,-1.80000e-01,
-2.2587383e-01,-0.00000e+00,-1.60000e-01,
-2.2572735e-01,-0.00000e+00,-1.60000e-01,
-2.2558087e-01,-0.00000e+00,-1.60000e-01,
-2.2543439e-01,-0.00000e+00,-1.60000e-01,
-2.2528791e-01,-0.00000e+00,-1.60000e-01,
-2.2514144e-01,-0.00000e+00,-1.60000e-01,
-2.2499496e-01,-0.00000e+00,-1.60000e-01,
-2.2484848e-01,-0.00000e+00,-1.60000e-01,
-2.2470200e-01,2.00001e-01,-1.60000e-01,
-2.2455552e-01,-0.00000e+00,-1.60000e-01,
-2.2440904e-01,-0.00000e+00,-1.60000e-01,
-2.2426257e-01,-0.00000e+00,-1.60000e-01,
-2.2411609e-01,-0.00000e+00,-1.40000e-01,
-2.2396961e-01,-0.00000e+00,-1.40000e-01,
-2.2382313e-01,-0.00000e+00,-1.60000e-01,
-2.2367665e-01,-0.00000e+00,-1.60000e-01,
-2.2353017e-01,-0.00000e+00,-1.60000e-01,
-2.2338369e-01,-0.00000e+00,-1.40000e-01,
-2.2323722e-01,-0.00000e+00,-1.60000e-01,
-2.2309074e-01,-0.00000e+00,-1.40000e-01,
-2.2294426e-01,-0.00000e+00,-1.80000e-01,
-2.2279778e-01,-0.00000e+00,-1.40000e-01,
-2.2265130e-01,-0.00000e+00,-1.40000e-01,
-2.2250482e-01,-0.00000e+00,-1.40000e-01,
-2.2235835e-01,2.00001e-01,-1.40000e-01,
-2.2221187e-01,-0.00000e+00,-1.40000e-01,
-2.2206539e-01,2.00001e-01,-1.40000e-01,
-2.2191891e-01,-0.00000e+00,-1.60000e-01,
-2.2177243e-01,2.00001e-01,-1.40000e-01,
-2.2162595e-01,-0.00000e+00,-1.20000e-01,
-2.2147948e-01,-0.00000e+00,-1.40000e-01,
-2.2133300e-01,-0.00000e+00,-1.40000e-01,
-2.2118652e-01,-0.00000e+00,-1.40000e-01,
-2.2104004e-01,-0.00000e+00,-1.40000e-01,
-2.2089356e-01,-0.00000e+00,-1.20000e-01,
-2.2074708e-01,-0.00000e+00,-1.20000e-01,
-2.2060061e-01,-0.00000e+00,-1.20000e-01,
-2.2045413e-01,-0.00000e+00,-1.40000e-01,
-2.2030765e-01,-0.00000e+00,-1.40000e-01,
-2.2016117e-01,-0.00000e+00,-1.40000e-01,
-2.2001469e-01,-0.00000e+00,-1.20000e-01,
-2.1986821e-01,-0.00000e+00,-1.40000e-01,
-2.1972173e-01,-0.00000e+00,-1.20000e-01,
-2.1957526e-01,-0.00000e+00,-1.20000e-01,
-2.1942878e-01,-0.00000e+00,-1.40000e-01,
-2.1928230e-01,-0.00000e+00,-1.40000e-01,
-2.1913582e-01,-0.00000e+00,-1.20000e-01,
-2.1898934e-01,-0.00000e+00,-1.40000e-01,
-2.1884286e-01,-0.00000e+00,-1.20000e-01,
-2.1869639e-01,-0.00000e+00,-1.20000e-01,
-2.1854991e-01,-0.00000e+00,-1.20000e-01,
-2.1840343e-01,-0.00000e+00,-1.20000e-01,
-2.1825695e-01,-0.00000e+00,-1.20000e-01,
-2.1811047e-01,-0.00000e+00,-1.40000e-01,
-2.1796399e-01,2.00001e-01,-1.20000e-01,
-2.1781752e-01,2.00001e-01,-1.20000e-01,
-2.1767104e-01,-0.00000e+00,-1.20000e-01,
-2.1752456e-01,-0.00000e+00,-1.20000e-01,
-2.1737808e-01,-0.00000e+00,-1.20000e-01,
-2.1723160e-01,-0.00000e+00,-1.20000e-01,
-2.1708512e-01,-0.00000e+00,-1.20000e-01,
-2.1693864e-01,-0.00000e+00,-1.20000e-01,
-2.1679217e-01,-0.00000e+00,-1.20000e-01,
-2.1664569e-01,-0.00000e+00,-1.20000e-01,
-2.1649921e-01,2.00001e-01,-1.20000e-01,
-2.1635273e-01,-0.00000e+00,-1.20000e-01,
-2.1620625e-01,-0.00000e+00,-1.20000e-01,
-2.1605977e-01,-0.00000e+00,-1.20000e-01,
-2.1591330e-01,-0.00000e+00,-1.20000e-01,
-2.1576682e-01,2.00001e-01,-1.20000e-01,
-2.1562034e-01,-0.00000e+00,-1.20000e-01,
-2.1547386e-01,-0.00000e+00,-1.20000e-01,
-2.1532738e-01,2.00001e-01,-1.20000e-01,
-2.1518090e-01,-0.00000e+00,-1.40000e-01,
-2.1503443e-01,2.00001e-01,-1.20000e-01,
-2.1488795e-01,-0.00000e+00,-1.20000e-01,
-2.1474147e-01,-0.00000e+00,-1.20000e-01,
-2.1459499e-01,2.00001e-01,-1.20000e-01,
-2.1444851e-01,-0.00000e+00,-1.20000e-01,
-2.1430203e-01,-0.00000e+00,-1.20000e-01,
-2.1415555e-01,2.00001e-01,-1.20000e-01,
-2.1400908e-01,2.00001e-01,-1.20000e-01,
-2.1386260e-01,-0.00000e+00,-1.20000e-01,
-2.1371612e-01,-0.00000e+00,-1.20000e-01,
-2.1356964e-01,-0.00000e+00,-9.99999e-02,
-2.1342316e-01,2.00001e-01,-1.20000e-01,
-2.1327668e-01,-0.00000e+00,-1.20000e-01,
-2.1313021e-01,-0.00000e+00,-1.20000e-01,
-2.1298373e-01,-0.00000e+00,-1.20000e-01,
-2.1283725e-01,2.00001e-01,-9.99999e-02,
-2.1269077e-01,-0.00000e+00,-1.20000e-01,
-2.1254429e-01,-0.00000e+00,-9.99999e-02,
-2.1239781e-01,-0.00000e+00,-1.20000e-01,
-2.1225134e-01,-0.00000e+00,-9.99999e-02,
-2.1210486e-01,-0.00000e+00,-9.99999e-02,
-2.1195838e-01,-0.00000e+00,-7.99999e-02,
-2.1181190e-01,-0.00000e+00,-7.99999e-02,
-2.1166542e-01,-0.00000e+00,-9.99999e-02,
-2.1151894e-01,-0.00000e+00,-7.99999e-02,
-2.1137246e-01,-0.00000e+00,-1.20000e-01,
-2.1122599e-01,-0.00000e+00,-7.99999e-02,
-2.1107951e-01,-0.00000e+00,-7.99999e-02,
-2.1093303e-01,-0.00000e+00,-7.99999e-02,
-2.1078655e-01,-0.00000e+00,-9.99999e-02,
-2.1064007e-01,-0.00000e+00,-7.99999e-02,
-2.1049359e-01,-0.00000e+00,-7.99999e-02,
-2.1034712e-01,-0.00000e+00,-7.99999e-02,
-2.1020064e-01,-0.00000e+00,-7.99999e-02,
-2.1005416e-01,-0.00000e+00,-7.99999e-02,
-2.0990768e-01,-0.00000e+00,-7.99999e-02,
-2.0976120e-01,-0.00000e+00,-9.99999e-02,
-2.0961472e-01,-0.00000e+00,-7.99999e-02,
-2.0946825e-01,-0.00000e+00,-7.99999e-02,
-2.0932177e-01,-0.00000e+00,-7.99999e-02,
-2.0917529e-01,-0.00000e+00,-7.99999e-02,
-2.0902881e-01,-0.00000e+00,-7.99999e-02,
-2.0888233e-01,-0.00000e+00,-7.99999e-02,
-2.0873585e-01,2.00001e-01,-7.99999e-02,
-2.0858938e-01,-0.00000e+00,-5.99999e-02,
-2.0844290e-01,-0.00000e+00,-7.99999e-02,
-2.0829642e-01,-0.00000e+00,-7.99999e-02,
-2.0814994e-01,-0.00000e+00,-7.99999e-02,
-2.0800346e-01,-0.00000e+00,-7.99999e-02,
-2.0785698e-01,-0.00000e+00,-7.99999e-02,
-2.0771050e-01,-0.00000e+00,-5.99999e-02,
-2.0756403e-01,-0.00000e+00,-7.99999e-02,
-2.0741755e-01,2.00001e-01,-7.99999e-02,
-2.0727107e-01,-0.00000e+00,-7.99999e-02,
-2.0712459e-01,-0.00000e+00,-5.99999e-02,
-2.0697811e-01,-0.00000e+00,-5.99999e-02,
-2.0683163e-01,-0.00000e+00,-5.99999e-02,
-2.0668516e-01,-0.00000e+00,-7.99999e-02,
-2.0653868e-01,2.00001e-01,-7.99999e-02,
-2.0639220e-01,-0.00000e+00,-5.99999e-02,
-2.0624572e-01,-0.00000e+00,-5.99999e-02,
-2.0609924e-01,-0.00000e+00,-5.99999e-02,
-2.0595276e-01,2.00001e-01,-5.99999e-02,
-2.0580629e-01,-0.00000e+00,-5.99999e-02,
-2.0565981e-01,-0.00000e+00,-5.99999e-02,
-2.0551333e-01,2.00001e-01,-5.99999e-02,
-2.0536685e-01,-0.00000e+00,-5.99999e-02,
-2.0522037e-01,-0.00000e+00,-5.99999e-02,
-2.0507389e-01,-0.00000e+00,-5.99999e-02,
-2.0492741e-01,-0.00000e+00,-5.99999e-02,
-2.0478094e-01,2.00001e-01,-5.99999e-02,
-2.0463446e-01,-0.00000e+00,-5.99999e-02,
-2.0448798e-01,-0.00000e+00,-5.99999e-02,
-2.0434150e-01,-0.00000e+00,-3.99998e-02,
-2.0419502e-01,-0.00000e+00,-5.99999e-02,
-2.0404854e-01,2.00001e-01,-3.99998e-02,
-2.0390207e-01,2.00001e-01,-3.99998e-02,
-2.0375559e-01,-0.00000e+00,-3.99998e-02,
-2.0360911e-01,-0.00000e+00,-5.99999e-02,
-2.0346263e-01,2.00001e-01,-5.99999e-02,
-2.0331615e-01,-0.00000e+00,-3.99998e-02,
-2.0316967e-01,-0.00000e+00,-3.99998e-02,
-2.0302320e-01,-0.00000e+00,-3.99998e-02,
-2.0287672e-01,-0.00000e+00,-3.99998e-02,
-2.0273024e-01,-0.00000e+00,-3.99998e-02,
-2.0258376e-01,-0.00000e+00,-3.99998e-02,
-2.0243728e-01,-0.00000e+00,-3.99998e-02,
-2.0229080e-01,-0.00000e+00,-3.99998e-02,
-2.0214432e-01,-0.00000e+00,-3.99998e-02,
-2.0199785e-01,-0.00000e+00,-3.99998e-02,
-2.0185137e-01,-0.00000e+00,-3.99998e-02,
-2.0170489e-01,-0.00000e+00,-3.99998e-02,
-2.0155841e-01,-0.00000e+00,-3.99998e-02,
-2.0141193e-01,-0.00000e+00,-3.99998e-02,
-2.0126545e-01,-0.00000e+00,-3.99998e-02,
-2.0111898e-01,-0.00000e+00,-3.99998e-02,
-2.0097250e-01,-0.00000e+00,-3.99998e-02,
-2.0082602e-01,-0.00000e+00,-3.99998e-02,
-2.0067954e-01,-0.00000e+00,-3.99998e-02,
-2.0053306e-01,-0.00000e+00,-3.99998e-02,
-2.0038658e-01,-0.00000e+00,-5.99999e-02,
-2.0024011e-01,-0.00000e+00,-3.99998e-02,
-2.0009363e-01,-0.00000e+00,-3.99998e-02,
-1.9994715e-01,-0.00000e+00,-3.99998e-02,
-1.9980067e-01,-0.00000e+00,-3.99998e-02,
-1.9965419e-01,-0.00000e+00,-3.99998e-02,
-1.9950771e-01,-0.00000e+00,-3.99998e-02,
-1.9936123e-01,-0.00000e+00,-3.99998e-02,
-1.9921476e-01,2.00001e-01,-3.99998e-02,
-1.9906828e-01,-0.00000e+00,-3.99998e-02,
-1.9892180e-01,-0.00000e+00,-3.99998e-02,
-1.9877532e-01,-0.00000e+00,-3.99998e-02,
-1.9862884e-01,-0.00000e+00,-3.99998e-02,
-1.9848236e-01,-0.00000e+00,-3.99998e-02,
-1.9833589e-01,-0.00000e+00,-3.99998e-02,
-1.9818941e-01,-0.00000e+00,-3.99998e-02,
-1.9804293e-01,-0.00000e+00,-3.99998e-02,
-1.9789645e-01,-0.00000e+00,-3.99998e-02,
-1.9774997e-01,-0.00000e+00,-3.99998e-02,
-1.9760349e-01,2.00001e-01,-3.99998e-02,
-1.9745702e-01,-0.00000e+00,-3.99998e-02,
-1.9731054e-01,-0.00000e+00,-3.99998e-02,
-1.9716406e-01,-0.00000e+00,1.19209e-07,
-1.9701758e-01,2.00001e-01,-3.99998e-02,
-1.9687110e-01,-0.00000e+00,2.00001e-02,
-1.9672462e-01,2.00001e-01,-3.99998e-02,
-1.9657815e-01,2.00001e-01,-3.99998e-02,
-1.9643167e-01,2.00001e-01,-3.99998e-02,
-1.9628519e-01,2.00001e-01,-3.99998e-02,
-1.9613871e-01,-0.00000e+00,-3.99998e-02,
-1.9599223e-01,-0.00000e+00,1.19209e-07,
-1.9584575e-01,-0.00000e+00,-3.99998e-02,
-1.9569927e-01,-0.00000e+00,1.19209e-07,
-1.9555280e-01,-0.00000e+00,1.19209e-07,
-1.9540632e-01,-0.00000e+00,-3.99998e-02,
-1.9525984e-01,-0.00000e+00,2.00001e-02,
-1.9511336e-01,-0.00000e+00,-3.99998e-02,
-1.9496688e-01,2.00001e-01,1.19209e-07,
-1.9482040e-01,-0.00000e+00,1.19209e-07,
-1.9467393e-01,-0.00000e+00,1.19209e-07,
-1.9452745e-01,-0.00000e+00,1.19209e-07,
-1.9438097e-01,-0.00000e+00,1.19209e-07,
-1.9423449e-01,-0.00000e+00,1.19209e-07,
-1.9408801e-01,-0.00000e+00,2.00001e-02,
-1.9394153e-01,-0.00000e+00,2.00001e-02,
-1.9379506e-01,-0.00000e+00,2.00001e-02,
-1.9364858e-01,-0.00000e+00,2.00001e-02,
-1.9350210e-01,-0.00000e+00,2.00001e-02,
-1.9335562e-01,-0.00000e+00,2.00001e-02,
-1.9320914e-01,-0.00000e+00,2.00001e-02,
-1.9306266e-01,-0.00000e+00,2.00001e-02,
-1.9291618e-01,2.00001e-01,2.00001e-02,
-1.9276971e-01,-0.00000e+00,2.00001e-02,
-1.9262323e-01,-0.00000e+00,2.00001e-02,
-1.9247675e-01,-0.00000e+00,2.00001e-02,
-1.9233027e-01,-0.00000e+00,2.00001e-02,
-1.9218379e-01,-0.00000e+00,2.00001e-02,
-1.9203731e-01,-0.00000e+00,2.00001e-02,
-1.9189084e-01,2.00001e-01,2.00001e-02,
-1.9174436e-01,-0.00000e+00,2.00001e-02,
-1.9159788e-01,-0.00000e+00,2.00001e-02,
-1.9145140e-01,-0.00000e+00,4.00001e-02,
-1.9130492e-01,-0.00000e+00,2.00001e-02,
-1.9115844e-01,2.00001e-01,4.00001e-02,
-1.9101197e-01,-0.00000e+00,2.00001e-02,
-1.9086549e-01,-0.00000e+00,2.00001e-02,
-1.9071901e-01,-0.00000e+00,2.00001e-02,
-1.9057253e-01,-0.00000e+00,4.00001e-02,
-1.9042605e-01,-0.00000e+00,4.00001e-02,
-1.9027957e-01,-0.00000e+00,2.00001e-02,
-1.9013309e-01,-0.00000e+00,2.00001e-02,
-1.8998662e-01,-0.00000e+00,4.00001e-02,
-1.8984014e-01,-0.00000e+00,4.00001e-02,
-1.8969366e-01,-0.00000e+00,4.00001e-02,
-1.8954718e-01,-0.00000e+00,4.00001e-02,
-1.8940070e-01,-0.00000e+00,6.00001e-02,
-1.8925422e-01,-0.00000e+00,4.00001e-02,
-1.8910775e-01,-0.00000e+00,4.00001e-02,
-1.8896127e-01,2.00001e-01,4.00001e-02,
-1.8881479e-01,-0.00000e+00,4.00001e-02,
-1.8866831e-01,-0.00000e+00,4.00001e-02,
-1.8852183e-01,-0.00000e+00,4.00001e-02,
-1.8837535e-01,-0.00000e+00,4.00001e-02,
-1.8822888e-01,-0.00000e+00,4.00001e-02,
-1.8808240e-01,2.00001e-01,6.00001e-02,
-1.8793592e-01,-0.00000e+00,4.00001e-02,
-1.8778944e-01,-0.00000e+00,4.00001e-02,
-1.8764296e-01,-0.00000e+00,4.00001e-02,
-1.8749648e-01,-0.00000e+00,4.00001e-02,
-1.8735000e-01,-0.00000e+00,4.00001e-02,
-1.8720353e-01,-0.00000e+00,4.00001e-02,
-1.8705705e-01,-0.00000e+00,6.00001e-02,
-1.8691057e-01,-0.00000e+00,6.00001e-02,
-1.8676409e-01,-0.00000e+00,4.00001e-02,
-1.8661761e-01,-0.00000e+00,6.00001e-02,
-1.8647113e-01,2.00001e-01,6.00001e-02,
-1.8632466e-01,-0.00000e+00,4.00001e-02,
-1.8617818e-01,-0.00000e+00,6.00001e-02,
-1.8603170e-01,-0.00000e+00,6.00001e-02,
-1.8588522e-01,2.00001e-01,6.00001e-02,
-1.8573874e-01,-0.00000e+00,4.00001e-02,
-1.8559226e-01,-0.00000e+00,6.00001e-02,
-1.8544579e-01,-0.00000e+00,6.00001e-02,
-1.8529931e-01,-0.00000e+00,6.00001e-02,
-1.8515283e-01,2.00001e-01,6.00001e-02,
-1.8500635e-01,-0.00000e+00,4.00001e-02,
-1.8485987e-01,-0.00000e+00,6.00001e-02,
-1.8471339e-01,-0.00000e+00,6.00001e-02,
-1.8456692e-01,2.00001e-01,6.00001e-02,
-1.8442044e-01,-0.00000e+00,6.00001e-02,
-1.8427396e-01,-0.00000e+00,4.00001e-02,
-1.8412748e-01,-0.00000e+00,6.00001e-02,
-1.8398100e-01,-0.00000e+00,6.00001e-02,
-1.8383452e-01,-0.00000e+00,2.00001e-02,
-1.8368804e-01,-0.00000e+00,6.00001e-02,
-1.8354157e-01,2.00001e-01,6.00001e-02,
-1.8339509e-01,-0.00000e+00,6.00001e-02,
-1.8324861e-01,-0.00000e+00,6.00001e-02,
-1.8310213e-01,2.00001e-01,6.00001e-02,
-1.8295565e-01,-0.00000e+00,6.00001e-02,
-1.8280917e-01,-0.00000e+00,6.00001e-02,
-1.8266270e-01,-0.00000e+00,6.00001e-02,
-1.8251622e-01,-0.00000e+00,6.00001e-02,
-1.8236974e-01,-0.00000e+00,6.00001e-02,
-1.8222326e-01,2.00001e-01,6.00001e-02,
-1.8207678e-01,-0.00000e+00,6.00001e-02,
-1.8193030e-01,2.00001e-01,6.00001e-02,
-1.8178383e-01,-0.00000e+00,6.00001e-02,
-1.8163735e-01,-0.00000e+00,6.00001e-02,
-1.8149087e-01,-0.00000e+00,6.00001e-02,
-1.8134439e-01,2.00001e-01,6.00001e-02,
-1.8119791e-01,2.00001e-01,6.00001e-02,
-1.8105143e-01,2.00001e-01,6.00001e-02,
-1.8090495e-01,-0.00000e+00,6.00001e-02,
-1.8075848e-01,2.00001e-01,6.00001e-02,
-1.8061200e-01,2.00001e-01,6.00001e-02,
-1.8046552e-01,2.00001e-01,6.00001e-02,
-1.8031904e-01,-0.00000e+00,6.00001e-02,
-1.8017256e-01,-0.00000e+00,6.00001e-02,
-1.8002608e-01,-0.00000e+00,6.00001e-02,
-1.7987961e-01,-0.00000e+00,8.00000e-02,
-1.7973313e-01,2.00001e-01,6.00001e-02,
-1.7958665e-01,-0.00000e+00,6.00001e-02,
-1.7944017e-01,-0.00000e+00,8.00000e-02,
-1.7929369e-01,-0.00000e+00,6.00001e-02,
-1.7914721e-01,2.00001e-01,6.00001e-02,
-1.7900074e-01,-0.00000e+00,8.00000e-02,
-1.7885426e-01,2.00001e-01,8.00000e-02,
-1.7870778e-01,2.00001e-01,8.00000e-02,
-1.7856130e-01,2.00001e-01,6.00001e-02,
-1.7841482e-01,-0.00000e+00,6.00001e-02,
-1.7826834e-01,2.00001e-01,8.00000e-02,
-1.7812186e-01,2.00001e-01,8.00000e-02,
-1.7797539e-01,2.00001e-01,6.00001e-02,
-1.7782891e-01,2.00001e-01,6.00001e-02,
-1.7768243e-01,2.00001e-01,1.00000e-01,
-1.7753595e-01,2.00001e-01,6.00001e-02,
-1.7738947e-01,2.00001e-01,8.00000e-02,
-1.7724299e-01,2.00001e-01,8.00000e-02,
-1.7709652e-01,2.00001e-01,8.00000e-02,
-1.7695004e-01,2.00001e-01,8.00000e-02,
-1.7680356e-01,-0.00000e+00,8.00000e-02,
-1.7665708e-01,-0.00000e+00,1.00000e-01,
-1.7651060e-01,2.00001e-01,6.00001e-02,
-1.7636412e-01,2.00001e-01,8.00000e-02,
-1.7621765e-01,2.00001e-01,1.00000e-01,
-1.7607117e-01,2.00001e-01,1.00000e-01,
-1.7592469e-01,-0.00000e+00,1.00000e-01,
-1.7577821e-01,-0.00000e+00,8.00000e-02,
-1.7563173e-01,-0.00000e+00,8.00000e-02,
-1.7548525e-01,-0.00000e+00,8.00000e-02,
-1.7533877e-01,2.00001e-01,1.00000e-01,
-1.7519230e-01,-0.00000e+00,1.00000e-01,
-1.7504582e-01,-0.00000e+00,1.00000e-01,
-1.7489934e-01,-0.00000e+00,1.00000e-01,
-1.7475286e-01,-0.00000e+00,1.00000e-01,
-1.7460638e-01,-0.00000e+00,1.00000e-01,
-1.7445990e-01,-0.00000e+00,1.00000e-01,
-1.7431343e-01,-0.00000e+00,1.00000e-01,
-1.7416695e-01,2.00001e-01,1.00000e-01,
-1.7402047e-01,-0.00000e+00,1.00000e-01,
-1.7387399e-01,-0.00000e+00,1.00000e-01,
-1.7372751e-01,-0.00000e+00,1.00000e-01,
-1.7358103e-01,-0.00000e+00,1.00000e-01,
-1.7343456e-01,-0.00000e+00,1.00000e-01,
-1.7328808e-01,-0.00000e+00,1.00000e-01,
-1.7314160e-01,-0.00000e+00,1.00000e-01,
-1.7299512e-01,-0.00000e+00,1.00000e-01,
-1.7284864e-01,-0.00000e+00,1.00000e-01,
-1.7270216e-01,-0.00000e+00,1.00000e-01,
-1.7255569e-01,-0.00000e+00,1.00000e-01,
-1.7240921e-01,-0.00000e+00,1.00000e-01,
-1.7226273e-01,-0.00000e+00,1.00000e-01,
-1.7211625e-01,-0.00000e+00,1.20000e-01,
-1.7196977e-01,-0.00000e+00,1.00000e-01,
-1.7182329e-01,-0.00000e+00,1.00000e-01,
-1.7167681e-01,-0.00000e+00,1.00000e-01,
-1.7153034e-01,-0.00000e+00,1.20000e-01,
-1.7138386e-01,-0.00000e+00,1.00000e-01,
-1.7123738e-01,2.00001e-01,1.00000e-01,
-1.7109090e-01,2.00001e-01,1.00000e-01,
-1.7094442e-01,-0.00000e+00,1.20000e-01,
-1.7079794e-01,-0.00000e+00,1.00000e-01,
-1.7065147e-01,-0.00000e+00,1.00000e-01,
-1.7050499e-01,-0.00000e+00,1.00000e-01,
-1.7035851e-01,-0.00000e+00,1.20000e-01,
-1.7021203e-01,-0.00000e+00,1.20000e-01,
-1.7006555e-01,-0.00000e+00,1.00000e-01,
-1.6991907e-01,-0.00000e+00,1.20000e-01,
-1.6977260e-01,-0.00000e+00,1.20000e-01,
-1.6962612e-01,-0.00000e+00,1.20000e-01,
-1.6947964e-01,-0.00000e+00,1.20000e-01,
-1.6933316e-01,-0.00000e+00,1.20000e-01,
-1.6918668e-01,-0.00000e+00,1.00000e-01,
-1.6904020e-01,-0.00000e+00,1.00000e-01,
-1.6889372e-01,-0.00000e+00,1.20000e-01,
-1.6874725e-01,-0.00000e+00,1.20000e-01,
-1.6860077e-01,-0.00000e+00,1.20000e-01,
-1.6845429e-01,-0.00000e+00,1.20000e-01,
-1.6830781e-01,2.00001e-01,1.20000e-01,
-1.6816133e-01,2.00001e-01,1.20000e-01,
-1.6801485e-01,-0.00000e+00,1.20000e-01,
-1.6786838e-01,-0.00000e+00,1.20000e-01,
-1.6772190e-01,-0.00000e+00,1.20000e-01,
-1.6757542e-01,-0.00000e+00,1.20000e-01,
-1.6742894e-01,-0.00000e+00,1.20000e-01,
-1.6728246e-01,-0.00000e+00,1.20000e-01,
-1.6713598e-01,-0.00000e+00,1.20000e-01,
-1.6698951e-01,-0.00000e+00,1.20000e-01,
-1.6684303e-01,-0.00000e+00,1.40000e-01,
-1.6669655e-01,-0.00000e+00,1.20000e-01,
-1.6655007e-01,2.00001e-01,1.20000e-01,
-1.6640359e-01,-0.00000e+00,1.20000e-01,
-1.6625711e-01,-0.00000e+00,1.40000e-01,
-1.6611063e-01,-0.00000e+00,1.20000e-01,
-1.6596416e-01,2.00001e-01,1.20000e-01,
-1.6581768e-01,-0.00000e+00,1.20000e-01,
-1.6567120e-01,-0.00000e+00,1.40000e-01,
-1.6552472e-01,-0.00000e+00,1.40000e-01,
-1.6537824e-01,2.00001e-01,1.40000e-01,
-1.6523176e-01,2.00001e-01,1.20000e-01,
-1.6508529e-01,-0.00000e+00,1.20000e-01,
-1.6493881e-01,-0.00000e+00,1.40000e-01,
-1.6479233e-01,2.00001e-01,1.20000e-01,
-1.6464585e-01,-0.00000e+00,1.20000e-01,
-1.6449937e-01,-0.00000e+00,1.40000e-01,
-1.6435289e-01,-0.00000e+00,1.20000e-01,
-1.6420642e-01,-0.00000e+00,1.20000e-01,
-1.6405994e-01,-0.00000e+00,1.20000e-01,
-1.6391346e-01,-0.00000e+00,1.20000e-01,
-1.6376698e-01,2.00001e-01,1.40000e-01,
-1.6362050e-01,-0.00000e+00,1.40000e-01,
-1.6347402e-01,-0.00000e+00,1.40000e-01,
-1.6332754e-01,-0.00000e+00,1.40000e-01,
-1.6318107e-01,-0.00000e+00,1.40000e-01,
-1.6303459e-01,-0.00000e+00,1.40000e-01,
-1.6288811e-01,-0.00000e+00,1.40000e-01,
-1.6274163e-01,-0.00000e+00,1.40000e-01,
-1.6259515e-01,-0.00000e+00,1.40000e-01,
-1.6244867e-01,-0.00000e+00,1.40000e-01,
-1.6230220e-01,-0.00000e+00,1.40000e-01,
-1.6215572e-01,-0.00000e+00,1.40000e-01,
-1.6200924e-01,-0.00000e+00,1.40000e-01,
-1.6186276e-01,2.00001e-01,1.40000e-01,
-1.6171628e-01,-0.00000e+00,1.40000e-01,
-1.6156980e-01,2.00001e-01,1.40000e-01,
-1.6142333e-01,-0.00000e+00,1.40000e-01,
-1.6127685e-01,-0.00000e+00,1.40000e-01,
-1.6113037e-01,-0.00000e+00,1.40000e-01,
-1.6098389e-01,-0.00000e+00,1.40000e-01,
-1.6083741e-01,-0.00000e+00,1.40000e-01,
-1.6069093e-01,-0.00000e+00,1.40000e-01,
-1.6054446e-01,-0.00000e+00,1.40000e-01,
-1.6039798e-01,-0.00000e+00,1.40000e-01,
-1.6025150e-01,2.00001e-01,1.40000e-01,
-1.6010502e-01,-0.00000e+00,1.40000e-01,
-1.5995854e-01,-0.00000e+00,1.40000e-01,
-1.5981206e-01,-0.00000e+00,1.40000e-01,
-1.5966558e-01,2.00001e-01,1.40000e-01,
-1.5951911e-01,-0.00000e+00,1.40000e-01,
-1.5937263e-01,-0.00000e+00,1.40000e-01,
-1.5922615e-01,-0.00000e+00,1.40000e-01,
-1.5907967e-01,2.00001e-01,1.40000e-01,
-1.5893319e-01,-0.00000e+00,1.40000e-01,
-1.5878671e-01,-0.00000e+00,1.40000e-01,
-1.5864024e-01,2.00001e-01,1.40000e-01,
-1.5849376e-01,-0.00000e+00,1.40000e-01,
-1.5834728e-01,-0.00000e+00,1.40000e-01,
-1.5820080e-01,2.00001e-01,1.40000e-01,
-1.5805432e-01,-0.00000e+00,1.40000e-01,
-1.5790784e-01,-0.00000e+00,1.40000e-01,
-1.5776137e-01,-0.00000e+00,1.40000e-01,
-1.5761489e-01,-0.00000e+00,1.40000e-01,
-1.5746841e-01,-0.00000e+00,1.40000e-01,
-1.5732193e-01,-0.00000e+00,1.40000e-01,
-1.5717545e-01,-0.00000e+00,1.40000e-01,
-1.5702897e-01,-0.00000e+00,1.40000e-01,
-1.5688249e-01,-0.00000e+00,1.40000e-01,
-1.5673602e-01,2.00001e-01,1.60000e-01,
-1.5658954e-01,-0.00000e+00,1.40000e-01,
-1.5644306e-01,-0.00000e+00,1.40000e-01,
-1.5629658e-01,-0.00000e+00,1.60000e-01,
-1.5615010e-01,-0.00000e+00,1.40000e-01,
-1.5600362e-01,-0.00000e+00,1.60000e-01,
-1.5585715e-01,-0.00000e+00,1.40000e-01,
-1.5571067e-01,-0.00000e+00,1.40000e-01,
-1.5556419e-01,-0.00000e+00,1.40000e-01,
-1.5541771e-01,-0.00000e+00,1.60000e-01,
-1.5527123e-01,-0.00000e+00,1.40000e-01,
-1.5512475e-01,-0.00000e+00,1.40000e-01,
-1.5497828e-01,-0.00000e+00,1.60000e-01,
-1.5483180e-01,2.00001e-01,1.40000e-01,
-1.5468532e-01,2.00001e-01,1.60000e-01,
-1.5453884e-01,-0.00000e+00,1.60000e-01,
-1.5439236e-01,-0.00000e+00,1.60000e-01,
-1.5424588e-01,-0.00000e+00,1.40000e-01,
-1.5409940e-01,-0.00000e+00,1.80000e-01,
-1.5395293e-01,-0.00000e+00,1.40000e-01,
-1.5380645e-01,-0.00000e+00,1.40000e-01,
-1.5365997e-01,-0.00000e+00,1.60000e-01,
-1.5351349e-01,-0.00000e+00,1.60000e-01,
-1.5336701e-01,2.00001e-01,1.60000e-01,
-1.5322053e-01,-0.00000e+00,1.60000e-01,
-1.5307406e-01,2.00001e-01,1.80000e-01,
-1.5292758e-01,-0.00000e+00,1.60000e-01,
-1.5278110e-01,-0.00000e+00,1.60000e-01,
-1.5263462e-01,-0.00000e+00,1.40000e-01,
-1.5248814e-01,2.00001e-01,1.60000e-01,
-1.5234166e-01,-0.00000e+00,1.60000e-01,
-1.5219519e-01,-0.00000e+00,1.60000e-01,
-1.5204871e-01,-0.00000e+00,1.60000e-01,
-1.5190223e-01,-0.00000e+00,1.60000e-01,
-1.5175575e-01,-0.00000e+00,1.20000e-01,
-1.5160927e-01,2.00001e-01,1.40000e-01,
-1.5146279e-01,-0.00000e+00,1.80000e-01,
-1.5131631e-01,-0.00000e+00,1.60000e-01,
-1.5116984e-01,-0.00000e+00,1.80000e-01,
-1.5102336e-01,-0.00000e+00,1.60000e-01,
-1.5087688e-01,-0.00000e+00,1.60000e-01,
-1.5073040e-01,-0.00000e+00,1.60000e-01,
-1.5058392e-01,-0.00000e+00,1.80000e-01,
-1.5043744e-01,-0.00000e+00,1.60000e-01,
-1.5029097e-01,-0.00000e+00,1.80000e-01,
-1.5014449e-01,-0.00000e+00,1.80000e-01,
-1.4999801e-01,-0.00000e+00,1.80000e-01,
-1.4985153e-01,-0.00000e+00,1.60000e-01,
-1.4970505e-01,-0.00000e+00,1.60000e-01,
-1.4955857e-01,-0.00000e+00,1.60000e-01,
-1.4941210e-01,-0.00000e+00,1.60000e-01,
-1.4926562e-01,-0.00000e+00,1.80000e-01,
-1.4911914e-01,-0.00000e+00,1.80000e-01,
-1.4897266e-01,-0.00000e+00,1.80000e-01,
-1.4882618e-01,-0.00000e+00,1.80000e-01,
-1.4867970e-01,2.00001e-01,1.80000e-01,
-1.4853323e-01,-0.00000e+00,1.80000e-01,
-1.4838675e-01,-0.00000e+00,1.80000e-01,
-1.4824027e-01,-0.00000e+00,1.80000e-01,
-1.4809379e-01,-0.00000e+00,2.00000e-01,
-1.4794731e-01,-0.00000e+00,1.80000e-01,
-1.4780083e-01,-0.00000e+00,1.80000e-01,
-1.4765435e-01,-0.00000e+00,1.80000e-01,
-1.4750788e-01,-0.00000e+00,1.80000e-01,
-1.4736140e-01,-0.00000e+00,2.00000e-01,
-1.4721492e-01,-0.00000e+00,1.80000e-01,
-1.4706844e-01,-0.00000e+00,1.80000e-01,
-1.4692196e-01,-0.00000e+00,1.80000e-01,
-1.4677548e-01,-0.00000e+00,1.80000e-01,
-1.4662901e-01,-0.00000e+00,2.00000e-01,
-1.4648253e-01,-0.00000e+00,2.00000e-01,
-1.4633605e-01,2.00001e-01,2.00000e-01,
-1.4618957e-01,-0.00000e+00,1.80000e-01,
-1.4604309e-01,-0.00000e+00,1.80000e-01,
-1.4589661e-01,-0.00000e+00,1.80000e-01,
-1.4575014e-01,-0.00000e+00,1.80000e-01,
-1.4560366e-01,-0.00000e+00,2.00000e-01,
-1.4545718e-01,2.00001e-01,1.80000e-01,
-1.4531070e-01,-0.00000e+00,1.80000e-01,
-1.4516422e-01,2.00001e-01,1.80000e-01,
-1.4501774e-01,-0.00000e+00,1.80000e-01,
-1.4487126e-01,-0.00000e+00,2.00000e-01,
-1.4472479e-01,-0.00000e+00,2.00000e-01,
-1.4457831e-01,-0.00000e+00,2.00000e-01,
-1.4443183e-01,2.00001e-01,2.00000e-01,
-1.4428535e-01,-0.00000e+00,2.00000e-01,
-1.4413887e-01,2.00001e-01,2.00000e-01,
-1.4399239e-01,-0.00000e+00,2.00000e-01,
-1.4384592e-01,-0.00000e+00,2.00000e-01,
-1.4369944e-01,-0.00000e+00,1.80000e-01,
-1.4355296e-01,-0.00000e+00,2.00000e-01,
-1.4340648e-01,-0.00000e+00,2.00000e-01,
-1.4326000e-01,-0.00000e+00,2.00000e-01,
-1.4311352e-01,2.00001e-01,2.00000e-01,
-1.4296705e-01,2.00001e-01,2.00000e-01,
-1.4282057e-01,-0.00000e+00,2.00000e-01,
-1.4267409e-01,-0.00000e+00,2.00000e-01,
-1.4252761e-01,-0.00000e+00,2.00000e-01,
-1.4238113e-01,-0.00000e+00,2.00000e-01,
-1.4223465e-01,2.00001e-01,2.00000e-01,
-1.4208817e-01,-0.00000e+00,2.00000e-01,
-1.4194170e-01,-0.00000e+00,2.00000e-01,
-1.4179522e-01,2.00001e-01,2.00000e-01,
-1.4164874e-01,-0.00000e+00,2.00000e-01,
-1.4150226e-01,-0.00000e+00,2.00000e-01,
-1.4135578e-01,-0.00000e+00,2.00000e-01,
-1.4120930e-01,-0.00000e+00,2.00000e-01,
-1.4106283e-01,-0.00000e+00,2.00000e-01,
-1.4091635e-01,5.00000e+00,2.20000e-01,
-1.4076987e-01,2.00001e-01,2.00000e-01,
-1.4062339e-01,-0.00000e+00,2.00000e-01,
-1.4047691e-01,2.00001e-01,2.20000e-01,
-1.4033043e-01,-0.00000e+00,2.00000e-01,
-1.4018396e-01,2.00001e-01,2.20000e-01,
-1.4003748e-01,-0.00000e+00,2.00000e-01,
-1.3989100e-01,2.00001e-01,2.20000e-01,
-1.3974452e-01,-0.00000e+00,2.00000e-01,
-1.3959804e-01,2.00001e-01,2.00000e-01,
-1.3945156e-01,-0.00000e+00,2.00000e-01,
-1.3930508e-01,-0.00000e+00,2.00000e-01,
-1.3915861e-01,-0.00000e+00,2.00000e-01,
-1.3901213e-01,-0.00000e+00,2.20000e-01,
-1.3886565e-01,-0.00000e+00,2.20000e-01,
-1.3871917e-01,2.00001e-01,2.20000e-01,
-1.3857269e-01,-0.00000e+00,2.20000e-01,
-1.3842621e-01,-0.00000e+00,2.00000e-01,
-1.3827974e-01,-0.00000e+00,2.20000e-01,
-1.3813326e-01,-0.00000e+00,2.00000e-01,
-1.3798678e-01,-0.00000e+00,2.00000e-01,
-1.3784030e-01,2.00001e-01,2.20000e-01,
-1.3769382e-01,2.00001e-01,2.00000e-01,
-1.3754734e-01,2.00001e-01,2.20000e-01,
-1.3740087e-01,-0.00000e+00,2.20000e-01,
-1.3725439e-01,-0.00000e+00,2.20000e-01,
-1.3710791e-01,-0.00000e+00,2.00000e-01,
-1.3696143e-01,-0.00000e+00,2.20000e-01,
-1.3681495e-01,2.00001e-01,2.20000e-01,
-1.3666847e-01,-0.00000e+00,2.00000e-01,
-1.3652200e-01,-0.00000e+00,2.20000e-01,
-1.3637552e-01,-0.00000e+00,2.20000e-01,
-1.3622904e-01,-0.00000e+00,2.20000e-01,
-1.3608256e-01,-0.00000e+00,2.20000e-01,
-1.3593608e-01,2.00001e-01,2.20000e-01,
-1.3578960e-01,-0.00000e+00,2.20000e-01,
-1.3564312e-01,2.00001e-01,2.20000e-01,
-1.3549665e-01,-0.00000e+00,2.20000e-01,
-1.3535017e-01,2.00001e-01,2.20000e-01,
-1.3520369e-01,2.00001e-01,2.40000e-01,
-1.3505721e-01,-0.00000e+00,2.20000e-01,
-1.3491073e-01,-0.00000e+00,2.20000e-01,
-1.3476425e-01,2.00001e-01,2.20000e-01,
-1.3461778e-01,-0.00000e+00,2.20000e-01,
-1.3447130e-01,-0.00000e+00,2.20000e-01,
-1.3432482e-01,-0.00000e+00,2.20000e-01,
-1.3417834e-01,-0.00000e+00,2.20000e-01,
-1.3403186e-01,2.00001e-01,2.20000e-01,
-1.3388538e-01,-0.00000e+00,2.20000e-01,
-1.3373891e-01,-0.00000e+00,2.20000e-01,
-1.3359243e-01,-0.00000e+00,2.20000e-01,
-1.3344595e-01,-0.00000e+00,2.20000e-01,
-1.3329947e-01,-0.00000e+00,2.20000e-01,
-1.3315299e-01,-0.00000e+00,2.20000e-01,
-1.3300651e-01,-0.00000e+00,2.20000e-01,
-1.3286003e-01,2.00001e-01,2.20000e-01,
-1.3271356e-01,-0.00000e+00,2.20000e-01,
-1.3256708e-01,2.00001e-01,2.20000e-01,
-1.3242060e-01,-0.00000e+00,2.20000e-01,
-1.3227412e-01,-0.00000e+00,2.20000e-01,
-1.3212764e-01,-0.00000e+00,2.20000e-01,
-1.3198116e-01,-0.00000e+00,2.20000e-01,
-1.3183469e-01,-0.00000e+00,2.20000e-01,
-1.3168821e-01,-0.00000e+00,2.20000e-01,
-1.3154173e-01,-0.00000e+00,2.20000e-01,
-1.3139525e-01,-0.00000e+00,2.20000e-01,
-1.3124877e-01,-0.00000e+00,2.20000e-01,
-1.3110229e-01,-0.00000e+00,2.20000e-01,
-1.3095582e-01,-0.00000e+00,2.20000e-01,
-1.3080934e-01,-0.00000e+00,2.20000e-01,
-1.3066286e-01,-0.00000e+00,2.20000e-01,
-1.3051638e-01,-0.00000e+00,2.20000e-01,
-1.3036990e-01,-0.00000e+00,2.20000e-01,
-1.3022342e-01,-0.00000e+00,2.20000e-01,
-1.3007694e-01,-0.00000e+00,2.20000e-01,
-1.2993047e-01,-0.00000e+00,2.20000e-01,
-1.2978399e-01,-0.00000e+00,2.20000e-01,
-1.2963751e-01,-0.00000e+00,2.20000e-01,
-1.2949103e-01,2.00001e-01,2.40000e-01,
-1.2934455e-01,-0.00000e+00,2.20000e-01,
-1.2919807e-01,-0.00000e+00,2.20000e-01,
-1.2905160e-01,-0.00000e+00,2.40000e-01,
-1.2890512e-01,2.00001e-01,2.20000e-01,
-1.2875864e-01,-0.00000e+00,2.20000e-01,
-1.2861216e-01,-0.00000e+00,2.20000e-01,
-1.2846568e-01,-0.00000e+00,2.60000e-01,
-1.2831920e-01,2.00001e-01,2.40000e-01,
-1.2817273e-01,-0.00000e+00,2.60000e-01,
-1.2802625e-01,-0.00000e+00,2.40000e-01,
-1.2787977e-01,2.00001e-01,2.20000e-01,
-1.2773329e-01,-0.00000e+00,2.40000e-01,
-1.2758681e-01,-0.00000e+00,2.40000e-01,
-1.2744033e-01,2.00001e-01,2.40000e-01,
-1.2729385e-01,-0.00000e+00,2.40000e-01,
-1.2714738e-01,-0.00000e+00,3.00000e-01,
-1.2700090e-01,2.00001e-01,2.40000e-01,
-1.2685442e-01,-0.00000e+00,2.40000e-01,
-1.2670794e-01,-0.00000e+00,2.40000e-01,
-1.2656146e-01,-0.00000e+00,2.20000e-01,
-1.2641498e-01,-0.00000e+00,2.40000e-01,
-1.2626851e-01,-0.00000e+00,2.20000e-01,
-1.2612203e-01,-0.00000e+00,2.40000e-01,
-1.2597555e-01,-0.00000e+00,2.60000e-01,
-1.2582907e-01,-0.00000e+00,2.60000e-01,
-1.2568259e-01,-0.00000e+00,2.60000e-01,
-1.2553611e-01,-0.00000e+00,2.60000e-01,
-1.2538964e-01,-0.00000e+00,2.40000e-01,
-1.2524316e-01,-0.00000e+00,2.40000e-01,
-1.2509668e-01,-0.00000e+00,2.60000e-01,
-1.2495019e-01,2.00001e-01,2.60000e-01,
-1.2480371e-01,-0.00000e+00,2.60000e-01,
-1.2465722e-01,-0.00000e+00,2.60000e-01,
-1.2451074e-01,2.00001e-01,2.60000e-01,
-1.2436425e-01,-0.00000e+00,2.60000e-01,
-1.2421776e-01,-0.00000e+00,2.40000e-01,
-1.2407128e-01,-0.00000e+00,2.40000e-01,
-1.2392479e-01,-0.00000e+00,2.60000e-01,
-1.2377831e-01,2.00001e-01,2.60000e-01,
-1.2363182e-01,2.00001e-01,2.40000e-01,
-1.2348533e-01,-0.00000e+00,2.60000e-01,
-1.2333885e-01,2.00001e-01,2.60000e-01,
-1.2319236e-01,-0.00000e+00,2.60000e-01,
-1.2304588e-01,-0.00000e+00,3.00000e-01,
-1.2289939e-01,-0.00000e+00,2.60000e-01,
-1.2275290e-01,-0.00000e+00,2.60000e-01,
-1.2260642e-01,-0.00000e+00,2.60000e-01,
-1.2245993e-01,-0.00000e+00,2.60000e-01,
-1.2231345e-01,-0.00000e+00,2.60000e-01,
-1.2216696e-01,2.00001e-01,2.60000e-01,
-1.2202048e-01,2.00001e-01,2.60000e-01,
-1.2187399e-01,-0.00000e+00,2.60000e-01,
-1.2172750e-01,-0.00000e+00,2.60000e-01,
-1.2158102e-01,-0.00000e+00,2.60000e-01,
-1.2143453e-01,-0.00000e+00,2.60000e-01,
-1.2128805e-01,-0.00000e+00,2.60000e-01,
-1.2114156e-01,-0.00000e+00,2.60000e-01,
-1.2099507e-01,-0.00000e+00,2.60000e-01,
-1.2084859e-01,-0.00000e+00,2.60000e-01,
-1.2070210e-01,-0.00000e+00,2.60000e-01,
-1.2055562e-01,-0.00000e+00,2.60000e-01,
-1.2040913e-01,-0.00000e+00,2.80000e-01,
-1.2026265e-01,2.00001e-01,2.60000e-01,
-1.2011616e-01,-0.00000e+00,2.60000e-01,
-1.1996967e-01,-0.00000e+00,2.60000e-01,
-1.1982319e-01,-0.00000e+00,2.60000e-01,
-1.1967670e-01,-0.00000e+00,2.60000e-01,
-1.1953022e-01,-0.00000e+00,2.80000e-01,
-1.1938373e-01,-0.00000e+00,2.60000e-01,
-1.1923724e-01,-0.00000e+00,2.40000e-01,
-1.1909076e-01,-0.00000e+00,2.80000e-01,
-1.1894427e-01,2.00001e-01,2.80000e-01,
-1.1879779e-01,-0.00000e+00,2.60000e-01,
-1.1865130e-01,-0.00000e+00,2.60000e-01,
-1.1850481e-01,-0.00000e+00,2.80000e-01,
-1.1835833e-01,-0.00000e+00,2.80000e-01,
-1.1821184e-01,-0.00000e+00,2.60000e-01,
-1.1806536e-01,-0.00000e+00,2.60000e-01,
-1.1791887e-01,-0.00000e+00,2.80000e-01,
-1.1777239e-01,-0.00000e+00,2.60000e-01,
-1.1762590e-01,-0.00000e+00,2.60000e-01,
-1.1747941e-01,-0.00000e+00,2.80000e-01,
-1.1733293e-01,2.00001e-01,2.80000e-01,
-1.1718644e-01,-0.00000e+00,2.80000e-01,
-1.1703996e-01,-0.00000e+00,2.80000e-01,
-1.1689347e-01,-0.00000e+00,2.60000e-01,
-1.1674698e-01,-0.00000e+00,2.80000e-01,
-1.1660050e-01,5.00000e+00,2.60000e-01,
-1.1645401e-01,2.00001e-01,2.80000e-01,
-1.1630753e-01,-0.00000e+00,2.80000e-01,
-1.1616104e-01,-0.00000e+00,2.80000e-01,
-1.1601456e-01,-0.00000e+00,2.80000e-01,
-1.1586807e-01,-0.00000e+00,2.80000e-01,
-1.1572158e-01,-0.00000e+00,3.00000e-01,
-1.1557510e-01,-0.00000e+00,2.60000e-01,
-1.1542861e-01,-0.00000e+00,2.80000e-01,
-1.1528213e-01,-0.00000e+00,2.80000e-01,
-1.1513564e-01,2.00001e-01,2.80000e-01,
-1.1498915e-01,-0.00000e+00,2.80000e-01,
-1.1484267e-01,-0.00000e+00,2.80000e-01,
-1.1469618e-01,-0.00000e+00,2.60000e-01,
-1.1454970e-01,-0.00000e+00,2.80000e-01,
-1.1440321e-01,-0.00000e+00,2.80000e-01,
-1.1425672e-01,-0.00000e+00,2.80000e-01,
-1.1411024e-01,-0.00000e+00,2.80000e-01,
-1.1396375e-01,-0.00000e+00,2.80000e-01,
-1.1381727e-01,-0.00000e+00,2.80000e-01,
-1.1367078e-01,2.00001e-01,2.80000e-01,
-1.1352430e-01,-0.00000e+00,2.80000e-01,
-1.1337781e-01,-0.00000e+00,2.80000e-01,
-1.1323132e-01,-0.00000e+00,2.80000e-01,
-1.1308484e-01,2.00001e-01,2.80000e-01,
-1.1293835e-01,-0.00000e+00,2.80000e-01,
-1.1279187e-01,-0.00000e+00,2.80000e-01,
-1.1264538e-01,-0.00000e+00,2.80000e-01,
-1.1249889e-01,-0.00000e+00,2.80000e-01,
-1.1235241e-01,-0.00000e+00,2.80000e-01,
-1.1220592e-01,-0.00000e+00,3.00000e-01,
-1.1205944e-01,2.00001e-01,3.00000e-01,
-1.1191295e-01,2.00001e-01,2.80000e-01,
-1.1176647e-01,-0.00000e+00,2.80000e-01,
-1.1161998e-01,-0.00000e+00,3.00000e-01,
-1.1147349e-01,2.00001e-01,2.80000e-01,
-1.1132701e-01,-0.00000e+00,2.80000e-01,
-1.1118052e-01,-0.00000e+00,2.80000e-01,
-1.1103404e-01,-0.00000e+00,2.80000e-01,
-1.1088755e-01,2.00001e-01,2.80000e-01,
-1.1074106e-01,-0.00000e+00,3.00000e-01,
-1.1059458e-01,2.00001e-01,3.00000e-01,
-1.1044809e-01,-0.00000e+00,3.00000e-01,
-1.1030161e-01,-0.00000e+00,3.00000e-01,
-1.1015512e-01,-0.00000e+00,2.80000e-01,
-1.1000863e-01,2.00000e+00,3.60000e-01,
-1.0986215e-01,-0.00000e+00,2.80000e-01,
-1.0971566e-01,-0.00000e+00,2.80000e-01,
-1.0956918e-01,-0.00000e+00,2.80000e-01,
-1.0942269e-01,-0.00000e+00,3.00000e-01,
-1.0927621e-01,2.00001e-01,3.00000e-01,
-1.0912972e-01,-0.00000e+00,3.00000e-01,
-1.0898323e-01,2.00001e-01,3.00000e-01,
-1.0883675e-01,-0.00000e+00,3.00000e-01,
-1.0869026e-01,-0.00000e+00,3.00000e-01,
-1.0854378e-01,2.00001e-01,3.00000e-01,
-1.0839729e-01,-0.00000e+00,3.00000e-01,
-1.0825080e-01,2.00001e-01,2.80000e-01,
-1.0810432e-01,2.00001e-01,3.00000e-01,
-1.0795783e-01,2.00001e-01,3.00000e-01,
-1.0781135e-01,-0.00000e+00,3.00000e-01,
-1.0766486e-01,-0.00000e+00,3.00000e-01,
-1.0751837e-01,-0.00000e+00,3.00000e-01,
-1.0737189e-01,-0.00000e+00,3.00000e-01,
-1.0722540e-01,2.00001e-01,3.00000e-01,
-1.0707892e-01,-0.00000e+00,2.80000e-01,
-1.0693243e-01,-0.00000e+00,2.80000e-01,
-1.0678595e-01,-0.00000e+00,3.00000e-01,
-1.0663946e-01,-0.00000e+00,3.00000e-01,
-1.0649297e-01,-0.00000e+00,3.00000e-01,
-1.0634649e-01,-0.00000e+00,3.00000e-01,
-1.0620000e-01,-0.00000e+00,3.00000e-01,
-1.0605352e-01,-0.00000e+00,3.00000e-01,
-1.0590703e-01,2.00001e-01,3.00000e-01,
-1.0576054e-01,2.00001e-01,3.00000e-01,
-1.0561406e-01,-0.00000e+00,3.00000e-01,
-1.0546757e-01,-0.00000e+00,3.60000e-01,
-1.0532109e-01,2.00001e-01,3.00000e-01,
-1.0517460e-01,-0.00000e+00,3.00000e-01,
-1.0502812e-01,-0.00000e+00,3.00000e-01,
-1.0488163e-01,-0.00000e+00,3.00000e-01,
-1.0473514e-01,-0.00000e+00,2.80000e-01,
-1.0458866e-01,-0.00000e+00,3.00000e-01,
-1.0444217e-01,-0.00000e+00,3.00000e-01,
-1.0429569e-01,2.00001e-01,3.00000e-01,
-1.0414920e-01,-0.00000e+00,3.00000e-01,
-1.0400271e-01,-0.00000e+00,3.00000e-01,
-1.0385623e-01,-0.00000e+00,3.00000e-01,
-1.0370974e-01,2.00001e-01,3.00000e-01,
-1.0356326e-01,-0.00000e+00,3.00000e-01,
-1.0341677e-01,-0.00000e+00,3.00000e-01,
-1.0327028e-01,-0.00000e+00,3.00000e-01,
-1.0312380e-01,-0.00000e+00,3.00000e-01,
-1.0297731e-01,2.00001e-01,3.00000e-01,
-1.0283083e-01,-0.00000e+00,3.00000e-01,
-1.0268434e-01,-0.00000e+00,3.00000e-01,
-1.0253786e-01,-0.00000e+00,3.00000e-01,
-1.0239137e-01,-0.00000e+00,3.00000e-01,
-1.0224488e-01,-0.00000e+00,3.00000e-01,
-1.0209840e-01,-0.00000e+00,3.00000e-01,
-1.0195191e-01,-0.00000e+00,3.00000e-01,
-1.0180543e-01,-0.00000e+00,3.00000e-01,
-1.0165894e-01,-0.00000e+00,3.00000e-01,
-1.0151245e-01,-0.00000e+00,3.00000e-01,
-1.0136597e-01,-0.00000e+00,3.00000e-01,
-1.0121948e-01,-0.00000e+00,3.00000e-01,
-1.0107300e-01,2.00001e-01,3.00000e-01,
-1.0092651e-01,2.00001e-01,3.00000e-01,
-1.0078003e-01,2.00001e-01,3.00000e-01,
-1.0063354e-01,-0.00000e+00,3.00000e-01,
-1.0048705e-01,-0.00000e+00,3.00000e-01,
-1.0034057e-01,-0.00000e+00,3.00000e-01,
-1.0019408e-01,2.00001e-01,3.00000e-01,
-1.0004760e-01,-0.00000e+00,3.00000e-01,
-9.9901110e-02,-0.00000e+00,3.20000e-01,
-9.9754624e-02,-0.00000e+00,3.00000e-01,
-9.9608138e-02,-0.00000e+00,3.00000e-01,
-9.9461652e-02,2.00001e-01,3.00000e-01,
-9.9315166e-02,-0.00000e+00,3.00000e-01,
-9.9168681e-02,2.00001e-01,3.20000e-01,
-9.9022195e-02,-0.00000e+00,3.00000e-01,
-9.8875709e-02,-0.00000e+00,3.00000e-01,
-9.8729223e-02,2.00001e-01,3.00000e-01,
-9.8582737e-02,-0.00000e+00,3.00000e-01,
-9.8436251e-02,2.00001e-01,3.00000e-01,
-9.8289765e-02,-0.00000e+00,3.20000e-01,
-9.8143280e-02,-0.00000e+00,3.00000e-01,
-9.7996794e-02,-0.00000e+00,3.00000e-01,
-9.7850308e-02,-0.00000e+00,3.20000e-01,
-9.7703822e-02,-0.00000e+00,3.00000e-01,
-9.7557336e-02,-0.00000e+00,3.00000e-01,
-9.7410850e-02,-0.00000e+00,3.00000e-01,
-9.7264364e-02,-0.00000e+00,3.00000e-01,
-9.7117878e-02,-0.00000e+00,3.00000e-01,
-9.6971393e-02,-0.00000e+00,3.20000e-01,
-9.6824907e-02,-0.00000e+00,3.00000e-01,
-9.6678421e-02,2.00001e-01,3.20000e-01,
-9.6531935e-02,-0.00000e+00,3.00000e-01,
-9.6385449e-02,-0.00000e+00,3.20000e-01,
-9.6238963e-02,-0.00000e+00,3.00000e-01,
-9.6092477e-02,-0.00000e+00,3.20000e-01,
-9.5945992e-02,-0.00000e+00,3.20000e-01,
-9.5799506e-02,2.00001e-01,3.20000e-01,
-9.5653020e-02,-0.00000e+00,3.00000e-01,
-9.5506534e-02,2.00001e-01,3.00000e-01,
-9.5360048e-02,-0.00000e+00,3.00000e-01,
-9.5213562e-02,-0.00000e+00,3.00000e-01,
-9.5067076e-02,2.00001e-01,3.00000e-01,
-9.4920591e-02,-0.00000e+00,3.40000e-01,
-9.4774105e-02,-0.00000e+00,3.40000e-01,
-9.4627619e-02,-0.00000e+00,3.40000e-01,
-9.4481133e-02,-0.00000e+00,3.20000e-01,
-9.4334647e-02,-0.00000e+00,3.20000e-01,
-9.4188161e-02,-0.00000e+00,3.20000e-01,
-9.4041675e-02,-0.00000e+00,3.00000e-01,
-9.3895189e-02,-0.00000e+00,3.20000e-01,
-9.3748704e-02,-0.00000e+00,3.40000e-01,
-9.3602218e-02,-0.00000e+00,3.20000e-01,
-9.3455732e-02,-0.00000e+00,3.20000e-01,
-9.3309246e-02,-0.00000e+00,3.20000e-01,
-9.3162760e-02,-0.00000e+00,3.20000e-01,
-9.3016274e-02,-0.00000e+00,3.20000e-01,
-9.2869788e-02,2.00001e-01,3.20000e-01,
-9.2723303e-02,2.00001e-01,3.20000e-01,
-9.2576817e-02,2.00001e-01,3.40000e-01,
-9.2430331e-02,2.00001e-01,3.40000e-01,
-9.2283845e-02,-0.00000e+00,3.20000e-01,
-9.2137359e-02,2.00001e-01,3.20000e-01,
-9.1990873e-02,2.00001e-01,3.20000e-01,
-9.1844387e-02,2.00001e-01,3.40000e-01,
-9.1697901e-02,2.00001e-01,3.40000e-01,
-9.1551416e-02,-0.00000e+00,3.40000e-01,
-9.1404930e-02,-0.00000e+00,3.20000e-01,
-9.1258444e-02,-0.00000e+00,3.20000e-01,
-9.1111958e-02,2.00001e-01,3.40000e-01,
-9.0965472e-02,-0.00000e+00,3.40000e-01,
-9.0818986e-02,-0.00000e+00,3.40000e-01,
-9.0672500e-02,2.00001e-01,3.40000e-01,
-9.0526015e-02,-0.00000e+00,3.40000e-01,
-9.0379529e-02,-0.00000e+00,3.40000e-01,
-9.0233043e-02,-0.00000e+00,3.40000e-01,
-9.0086557e-02,-0.00000e+00,3.40000e-01,
-8.9940071e-02,-0.00000e+00,3.40000e-01,
-8.9793585e-02,2.00001e-01,3.40000e-01,
-8.9647099e-02,-0.00000e+00,3.20000e-01,
-8.9500614e-02,2.00001e-01,3.40000e-01,
-8.9354128e-02,-0.00000e+00,3.40000e-01,
-8.9207642e-02,2.00001e-01,3.40000e-01,
-8.9061156e-02,2.00001e-01,3.40000e-01,
-8.8914670e-02,-0.00000e+00,3.40000e-01,
-8.8768184e-02,-0.00000e+00,3.40000e-01,
-8.8621698e-02,-0.00000e+00,3.40000e-01,
-8.8475212e-02,-0.00000e+00,3.40000e-01,
-8.8328727e-02,-0.00000e+00,3.40000e-01,
-8.8182241e-02,-0.00000e+00,3.40000e-01,
-8.8035755e-02,-0.00000e+00,3.40000e-01,
-8.7889269e-02,-0.00000e+00,3.40000e-01,
-8.7742783e-02,2.00001e-01,3.40000e-01,
-8.7596297e-02,-0.00000e+00,3.40000e-01,
-8.7449811e-02,2.00001e-01,3.40000e-01,
-8.7303326e-02,-0.00000e+00,3.40000e-01,
-8.7156840e-02,-0.00000e+00,3.40000e-01,
-8.7010354e-02,-0.00000e+00,3.40000e-01,
-8.6863868e-02,-0.00000e+00,3.40000e-01,
-8.6717382e-02,-0.00000e+00,3.40000e-01,
-8.6570896e-02,-0.00000e+00,3.40000e-01,
-8.6424410e-02,-0.00000e+00,3.40000e-01,
-8.6277924e-02,-0.00000e+00,3.40000e-01,
-8.6131439e-02,-0.00000e+00,3.40000e-01,
-8.5984953e-02,-0.00000e+00,3.40000e-01,
-8.5838467e-02,-0.00000e+00,3.40000e-01,
-8.5691981e-02,-0.00000e+00,3.60000e-01,
-8.5545495e-02,-0.00000e+00,3.40000e-01,
-8.5399009e-02,-0.00000e+00,3.40000e-01,
-8.5252523e-02,-0.00000e+00,3.40000e-01,
-8.5106038e-02,-0.00000e+00,3.40000e-01,
-8.4959552e-02,-0.00000e+00,3.40000e-01,
-8.4813066e-02,2.00001e-01,3.40000e-01,
-8.4666580e-02,-0.00000e+00,3.40000e-01,
-8.4520094e-02,-0.00000e+00,3.40000e-01,
-8.4373608e-02,-0.00000e+00,3.40000e-01,
-8.4227122e-02,-0.00000e+00,3.40000e-01,
-8.4080637e-02,2.00001e-01,3.40000e-01,
-8.3934151e-02,-0.00000e+00,3.40000e-01,
-8.3787665e-02,-0.00000e+00,3.60000e-01,
-8.3641179e-02,-0.00000e+00,3.60000e-01,
-8.3494693e-02,-0.00000e+00,3.60000e-01,
-8.3348207e-02,2.00001e-01,3.60000e-01,
-8.3201721e-02,-0.00000e+00,3.60000e-01,
-8.3055235e-02,-0.00000e+00,3.60000e-01,
-8.2908750e-02,-0.00000e+00,3.40000e-01,
-8.2762264e-02,-0.00000e+00,3.60000e-01,
-8.2615778e-02,-0.00000e+00,3.40000e-01,
-8.2469292e-02,-0.00000e+00,3.40000e-01,
-8.2322806e-02,-0.00000e+00,3.60000e-01,
-8.2176320e-02,-0.00000e+00,3.40000e-01,
-8.2029834e-02,-0.00000e+00,3.60000e-01,
-8.1883349e-02,-0.00000e+00,3.40000e-01,
-8.1736863e-02,-0.00000e+00,3.40000e-01,
-8.1590377e-02,-0.00000e+00,3.60000e-01,
-8.1443891e-02,-0.00000e+00,3.60000e-01,
-8.1297405e-02,-0.00000e+00,3.60000e-01,
-8.1150919e-02,-0.00000e+00,3.60000e-01,
-8.1004433e-02,-0.00000e+00,3.60000e-01,
-8.0857947e-02,-0.00000e+00,3.60000e-01,
-8.0711462e-02,-0.00000e+00,3.60000e-01,
-8.0564976e-02,-0.00000e+00,3.60000e-01,
-8.0418490e-02,-0.00000e+00,3.60000e-01,
-8.0272004e-02,-0.00000e+00,3.60000e-01,
-8.0125518e-02,-0.00000e+00,3.60000e-01,
-7.9979032e-02,-0.00000e+00,3.60000e-01,
-7.9832546e-02,-0.00000e+00,3.60000e-01,
-7.9686061e-02,2.00001e-01,3.60000e-01,
-7.9539575e-02,-0.00000e+00,3.60000e-01,
-7.9393089e-02,-0.00000e+00,3.60000e-01,
-7.9246603e-02,2.00001e-01,3.40000e-01,
-7.9100117e-02,-0.00000e+00,3.60000e-01,
-7.8953631e-02,-0.00000e+00,3.60000e-01,
-7.8807145e-02,-0.00000e+00,3.60000e-01,
-7.8660659e-02,2.00001e-01,3.60000e-01,
-7.8514174e-02,-0.00000e+00,3.60000e-01,
-7.8367688e-02,-0.00000e+00,3.60000e-01,
-7.8221202e-02,-0.00000e+00,3.60000e-01,
-7.8074716e-02,-0.00000e+00,3.60000e-01,
-7.7928230e-02,-0.00000e+00,3.60000e-01,
-7.7781744e-02,-0.00000e+00,3.60000e-01,
-7.7635258e-02,2.00001e-01,3.60000e-01,
-7.7488773e-02,2.00001e-01,3.60000e-01,
-7.7342287e-02,-0.00000e+00,3.60000e-01,
-7.7195801e-02,-0.00000e+00,3.60000e-01,
-7.7049315e-02,2.00001e-01,3.60000e-01,
-7.6902829e-02,2.00001e-01,3.60000e-01,
-7.6756343e-02,-0.00000e+00,3.60000e-01,
-7.6609857e-02,2.00001e-01,3.60000e-01,
-7.6463372e-02,-0.00000e+00,3.60000e-01,
-7.6316886e-02,-0.00000e+00,3.60000e-01,
-7.6170400e-02,-0.00000e+00,3.60000e-01,
-7.6023914e-02,-0.00000e+00,3.80000e-01,
-7.5877428e-02,-0.00000e+00,3.60000e-01,
-7.5730942e-02,-0.00000e+00,3.60000e-01,
-7.5584456e-02,-0.00000e+00,3.60000e-01,
-7.5437970e-02,-0.00000e+00,3.60000e-01,
-7.5291485e-02,-0.00000e+00,3.60000e-01,
-7.5144999e-02,-0.00000e+00,3.60000e-01,
-7.4998513e-02,-0.00000e+00,3.80000e-01,
-7.4852027e-02,-0.00000e+00,3.60000e-01,
-7.4705541e-02,-0.00000e+00,3.60000e-01,
-7.4559055e-02,-0.00000e+00,3.60000e-01,
-7.4412569e-02,-0.00000e+00,3.60000e-01,
-7.4266084e-02,-0.00000e+00,3.60000e-01,
-7.4119598e-02,-0.00000e+00,3.80000e-01,
-7.3973112e-02,2.00001e-01,3.80000e-01,
-7.3826626e-02,2.00001e-01,3.60000e-01,
-7.3680140e-02,-0.00000e+00,3.80000e-01,
-7.3533654e-02,2.00001e-01,3.60000e-01,
-7.3387168e-02,-0.00000e+00,3.60000e-01,
-7.3240682e-02,2.00001e-01,3.80000e-01,
-7.3094197e-02,-0.00000e+00,3.60000e-01,
-7.2947711e-02,-0.00000e+00,3.60000e-01,
-7.2801225e-02,-0.00000e+00,3.80000e-01,
-7.2654739e-02,-0.00000e+00,3.80000e-01,
-7.2508253e-02,-0.00000e+00,3.60000e-01,
-7.2361767e-02,-0.00000e+00,3.60000e-01,
-7.2215281e-02,-0.00000e+00,3.80000e-01,
-7.2068796e-02,-0.00000e+00,3.80000e-01,
-7.1922310e-02,-0.00000e+00,3.80000e-01,
-7.1775824e-02,-0.00000e+00,3.80000e-01,
-7.1629338e-02,-0.00000e+00,3.60000e-01,
-7.1482852e-02,-0.00000e+00,3.80000e-01,
-7.1336366e-02,2.00001e-01,3.60000e-01,
-7.1189880e-02,-0.00000e+00,3.80000e-01,
-7.1043395e-02,2.00001e-01,3.80000e-01,
-7.0896909e-02,-0.00000e+00,3.80000e-01,
-7.0750423e-02,-0.00000e+00,3.80000e-01,
-7.0603937e-02,-0.00000e+00,3.60000e-01,
-7.0457451e-02,-0.00000e+00,3.80000e-01,
-7.0310965e-02,-0.00000e+00,3.60000e-01,
-7.0164479e-02,-0.00000e+00,3.80000e-01,
-7.0017993e-02,-0.00000e+00,3.80000e-01,
-6.9871508e-02,-0.00000e+00,3.80000e-01,
-6.9725022e-02,-0.00000e+00,3.80000e-01,
-6.9578536e-02,-0.00000e+00,3.80000e-01,
-6.9432050e-02,-0.00000e+00,3.80000e-01,
-6.9285564e-02,-0.00000e+00,3.80000e-01,
-6.9139078e-02,5.00000e+00,3.80000e-01,
-6.8992592e-02,-0.00000e+00,3.80000e-01,
-6.8846107e-02,2.00001e-01,3.80000e-01,
-6.8699621e-02,-0.00000e+00,3.80000e-01,
-6.8553135e-02,-0.00000e+00,3.80000e-01,
-6.8406649e-02,-0.00000e+00,3.80000e-01,
-6.8260163e-02,-0.00000e+00,3.80000e-01,
-6.8113677e-02,-0.00000e+00,3.80000e-01,
-6.7967191e-02,-0.00000e+00,3.80000e-01,
-6.7820705e-02,-0.00000e+00,3.80000e-01,
-6.7674220e-02,-0.00000e+00,3.80000e-01,
-6.7527734e-02,-0.00000e+00,3.80000e-01,
-6.7381248e-02,2.00001e-01,3.80000e-01,
-6.7234762e-02,-0.00000e+00,3.60000e-01,
-6.7088276e-02,2.00001e-01,3.80000e-01,
-6.6941790e-02,-0.00000e+00,3.80000e-01,
-6.6795304e-02,2.00001e-01,3.80000e-01,
-6.6648819e-02,-0.00000e+00,3.80000e-01,
-6.6502333e-02,-0.00000e+00,3.80000e-01,
-6.6355847e-02,-0.00000e+00,3.80000e-01,
-6.6209361e-02,-0.00000e+00,3.80000e-01,
-6.6062875e-02,-0.00000e+00,3.80000e-01,
-6.5916389e-02,-0.00000e+00,3.80000e-01,
-6.5769903e-02,2.00001e-01,3.80000e-01,
-6.5623417e-02,2.00001e-01,3.80000e-01,
-6.5476932e-02,-0.00000e+00,3.80000e-01,
-6.5330446e-02,-0.00000e+00,3.80000e-01,
-6.5183960e-02,-0.00000e+00,3.80000e-01,
-6.5037474e-02,-0.00000e+00,3.80000e-01,
-6.4890988e-02,-0.00000e+00,3.80000e-01,
-6.4744502e-02,2.00001e-01,3.80000e-01,
-6.4598016e-02,-0.00000e+00,3.80000e-01,
-6.4451531e-02,-0.00000e+00,3.80000e-01,
-6.4305045e-02,-0.00000e+00,3.80000e-01,
-6.4158559e-02,-0.00000e+00,3.80000e-01,
-6.4012073e-02,-0.00000e+00,4.20000e-01,
-6.3865587e-02,2.00001e-01,3.80000e-01,
-6.3719101e-02,-0.00000e+00,3.80000e-01,
-6.3572615e-02,-0.00000e+00,3.80000e-01,
-6.3426130e-02,-0.00000e+00,3.80000e-01,
-6.3279644e-02,2.00001e-01,3.80000e-01,
-6.3133158e-02,-0.00000e+00,3.80000e-01,
-6.2986672e-02,2.00001e-01,3.80000e-01,
-6.2840186e-02,-0.00000e+00,3.80000e-01,
-6.2693700e-02,-0.00000e+00,3.80000e-01,
-6.2547214e-02,2.00001e-01,3.80000e-01,
-6.2400728e-02,2.00001e-01,3.80000e-01,
-6.2254243e-02,-0.00000e+00,3.80000e-01,
-6.2107757e-02,2.00001e-01,3.80000e-01,
-6.1961271e-02,2.00001e-01,3.80000e-01,
-6.1814785e-02,2.00001e-01,3.80000e-01,
-6.1668299e-02,-0.00000e+00,3.80000e-01,
-6.1521813e-02,2.00001e-01,3.80000e-01,
-6.1375327e-02,-0.00000e+00,3.80000e-01,
-6.1228842e-02,-0.00000e+00,3.80000e-01,
-6.1082356e-02,-0.00000e+00,3.80000e-01,
-6.0935870e-02,-0.00000e+00,3.80000e-01,
-6.0789384e-02,-0.00000e+00,3.80000e-01,
-6.0642898e-02,-0.00000e+00,3.80000e-01,
-6.0496412e-02,2.00001e-01,3.80000e-01,
-6.0349926e-02,-0.00000e+00,3.80000e-01,
-6.0203440e-02,2.00001e-01,3.80000e-01,
-6.0056955e-02,-0.00000e+00,3.80000e-01,
-5.9910469e-02,2.00001e-01,3.80000e-01,
-5.9763983e-02,-0.00000e+00,3.80000e-01,
-5.9617497e-02,-0.00000e+00,3.80000e-01,
-5.9471011e-02,-0.00000e+00,3.80000e-01,
-5.9324525e-02,2.00001e-01,3.80000e-01,
-5.9178039e-02,-0.00000e+00,3.80000e-01,
-5.9031554e-02,-0.00000e+00,3.80000e-01,
-5.8885068e-02,-0.00000e+00,3.80000e-01,
-5.8738582e-02,2.00001e-01,3.80000e-01,
-5.8592096e-02,-0.00000e+00,3.80000e-01,
-5.8445610e-02,2.00001e-01,3.80000e-01,
-5.8299124e-02,-0.00000e+00,3.80000e-01,
-5.8152638e-02,2.00001e-01,3.80000e-01,
-5.8006153e-02,-0.00000e+00,3.80000e-01,
-5.7859667e-02,2.00001e-01,3.80000e-01,
-5.7713181e-02,-0.00000e+00,3.80000e-01,
-5.7566695e-02,-0.00000e+00,3.80000e-01,
-5.7420209e-02,2.00001e-01,4.00000e-01,
-5.7273723e-02,-0.00000e+00,3.80000e-01,
-5.7127237e-02,2.00001e-01,3.80000e-01,
-5.6980751e-02,2.00001e-01,3.80000e-01,
-5.6834266e-02,-0.00000e+00,3.80000e-01,
-5.6687780e-02,2.00001e-01,4.00000e-01,
-5.6541294e-02,-0.00000e+00,3.60000e-01,
-5.6394808e-02,2.00001e-01,3.80000e-01,
-5.6248322e-02,-0.00000e+00,3.80000e-01,
-5.6101836e-02,-0.00000e+00,3.80000e-01,
-5.5955350e-02,2.00001e-01,3.80000e-01,
-5.5808865e-02,2.00001e-01,3.80000e-01,
-5.5662379e-02,-0.00000e+00,3.80000e-01,
-5.5515893e-02,2.00001e-01,4.00000e-01,
-5.5369407e-02,-0.00000e+00,3.80000e-01,
-5.5222921e-02,2.00001e-01,3.80000e-01,
-5.5076435e-02,2.00001e-01,4.00000e-01,
-5.4929949e-02,-0.00000e+00,3.80000e-01,
-5.4783463e-02,-0.00000e+00,3.80000e-01,
-5.4636978e-02,-0.00000e+00,4.00000e-01,
-5.4490492e-02,2.00001e-01,3.80000e-01,
-5.4344006e-02,-0.00000e+00,3.80000e-01,
-5.4197520e-02,-0.00000e+00,3.80000e-01,
-5.4051034e-02,2.00001e-01,3.80000e-01,
-5.3904548e-02,-0.00000e+00,3.80000e-01,
-5.3758062e-02,2.00001e-01,3.80000e-01,
-5.3611577e-02,2.00001e-01,4.00000e-01,
-5.3465091e-02,2.00001e-01,3.80000e-01,
-5.3318605e-02,2.00001e-01,3.80000e-01,
-5.3172119e-02,-0.00000e+00,3.80000e-01,
-5.3025633e-02,2.00001e-01,4.00000e-01,
-5.2879147e-02,-0.00000e+00,4.00000e-01,
-5.2732661e-02,2.00001e-01,4.00000e-01,
-5.2586176e-02,-0.00000e+00,4.00000e-01,
-5.2439690e-02,2.00001e-01,3.80000e-01,
-5.2293204e-02,-0.00000e+00,4.00000e-01,
-5.2146718e-02,-0.00000e+00,4.00000e-01,
-5.2000232e-02,-0.00000e+00,3.80000e-01,
-5.1853746e-02,-0.00000e+00,3.80000e-01,
-5.1707260e-02,-0.00000e+00,3.80000e-01,
-5.1560774e-02,-0.00000e+00,4.00000e-01,
-5.1414289e-02,2.00001e-01,4.00000e-01,
-5.1267803e-02,-0.00000e+00,3.80000e-01,
-5.1121317e-02,2.00001e-01,4.20000e-01,
-5.0974831e-02,2.00001e-01,4.00000e-01,
-5.0828345e-02,2.00001e-01,4.20000e-01,
-5.0681859e-02,-0.00000e+00,3.80000e-01,
-5.0535373e-02,2.00001e-01,3.80000e-01,
-5.0388888e-02,2.00001e-01,4.00000e-01,
-5.0242402e-02,2.00001e-01,4.20000e-01,
-5.0095916e-02,2.00001e-01,3.80000e-01,
-4.9949430e-02,-0.00000e+00,4.00000e-01,
-4.9802944e-02,2.00001e-01,4.00000e-01,
-4.9656458e-02,2.00001e-01,4.00000e-01,
-4.9509972e-02,2.00001e-01,4.40000e-01,
-4.9363486e-02,2.00001e-01,4.00000e-01,
-4.9217001e-02,-0.00000e+00,4.20000e-01,
-4.9070515e-02,-0.00000e+00,4.00000e-01,
-4.8924029e-02,2.00001e-01,4.00000e-01,
-4.8777543e-02,2.00001e-01,4.00000e-01,
-4.8631057e-02,2.00001e-01,4.00000e-01,
-4.8484571e-02,2.00001e-01,4.00000e-01,
-4.8338085e-02,-0.00000e+00,4.00000e-01,
-4.8191600e-02,2.00001e-01,4.20000e-01,
-4.8045114e-02,2.00001e-01,4.20000e-01,
-4.7898628e-02,-0.00000e+00,3.80000e-01,
-4.7752142e-02,2.00001e-01,4.00000e-01,
-4.7605656e-02,-0.00000e+00,4.20000e-01,
-4.7459170e-02,2.00001e-01,4.20000e-01,
-4.7312684e-02,-0.00000e+00,4.20000e-01,
-4.7166198e-02,2.00001e-01,4.20000e-01,
-4.7019713e-02,2.00001e-01,4.20000e-01,
-4.6873227e-02,-0.00000e+00,4.00000e-01,
-4.6726741e-02,-0.00000e+00,4.00000e-01,
-4.6580255e-02,-0.00000e+00,4.00000e-01,
-4.6433769e-02,-0.00000e+00,4.20000e-01,
-4.6287283e-02,-0.00000e+00,4.20000e-01,
-4.6140797e-02,-0.00000e+00,4.20000e-01,
-4.5994312e-02,-0.00000e+00,4.20000e-01,
-4.5847826e-02,2.00001e-01,4.20000e-01,
-4.5701340e-02,-0.00000e+00,4.20000e-01,
-4.5554854e-02,-0.00000e+00,4.40000e-01,
-4.5408368e-02,-0.00000e+00,4.00000e-01,
-4.5261882e-02,2.00001e-01,4.00000e-01,
-4.5115396e-02,-0.00000e+00,4.20000e-01,
-4.4968911e-02,-0.00000e+00,4.00000e-01,
-4.4822425e-02,-0.00000e+00,4.20000e-01,
-4.4675939e-02,-0.00000e+00,4.20000e-01,
-4.4529453e-02,2.00001e-01,4.20000e-01,
-4.4382967e-02,-0.00000e+00,4.20000e-01,
-4.4236481e-02,-0.00000e+00,4.20000e-01,
-4.4089995e-02,-0.00000e+00,4.20000e-01,
-4.3943509e-02,-0.00000e+00,4.20000e-01,
-4.3797024e-02,-0.00000e+00,4.20000e-01,
-4.3650538e-02,-0.00000e+00,4.20000e-01,
-4.3504052e-02,2.00001e-01,4.20000e-01,
-4.3357566e-02,-0.00000e+00,4.20000e-01,
-4.3211080e-02,-0.00000e+00,4.00000e-01,
-4.3064594e-02,-0.00000e+00,4.20000e-01,
-4.2918108e-02,-0.00000e+00,4.20000e-01,
-4.2771623e-02,-0.00000e+00,4.20000e-01,
-4.2625137e-02,-0.00000e+00,4.20000e-01,
-4.2478651e-02,-0.00000e+00,3.60000e-01,
-4.2332165e-02,-0.00000e+00,4.20000e-01,
-4.2185679e-02,-0.00000e+00,4.20000e-01,
-4.2039193e-02,-0.00000e+00,4.20000e-01,
-4.1892707e-02,-0.00000e+00,4.20000e-01,
-4.1746221e-02,-0.00000e+00,4.00000e-01,
-4.1599736e-02,2.00001e-01,4.20000e-01,
-4.1453250e-02,-0.00000e+00,4.20000e-01,
-4.1306764e-02,2.00001e-01,4.20000e-01,
-4.1160278e-02,-0.00000e+00,4.00000e-01,
-4.1013792e-02,-0.00000e+00,4.00000e-01,
-4.0867306e-02,2.00001e-01,4.20000e-01,
-4.0720820e-02,-0.00000e+00,4.20000e-01,
-4.0574335e-02,-0.00000e+00,4.20000e-01,
-4.0427849e-02,-0.00000e+00,4.20000e-01,
-4.0281363e-02,-0.00000e+00,4.20000e-01,
-4.0134877e-02,2.00001e-01,4.20000e-01,
-3.9988391e-02,-0.00000e+00,4.20000e-01,
-3.9841905e-02,-0.00000e+00,4.60000e-01,
-3.9695419e-02,-0.00000e+00,4.20000e-01,
-3.9548934e-02,2.00001e-01,4.20000e-01,
-3.9402448e-02,-0.00000e+00,4.20000e-01,
-3.9255962e-02,2.00001e-01,4.20000e-01,
-3.9109476e-02,-0.00000e+00,4.20000e-01,
-3.8962990e-02,-0.00000e+00,4.20000e-01,
-3.8816504e-02,-0.00000e+00,4.20000e-01,
-3.8670018e-02,-0.00000e+00,4.20000e-01,
-3.8523532e-02,2.00001e-01,4.20000e-01,
-3.8377047e-02,-0.00000e+00,4.20000e-01,
-3.8230561e-02,-0.00000e+00,4.20000e-01,
-3.8084075e-02,2.00001e-01,4.20000e-01,
-3.7937589e-02,-0.00000e+00,4.20000e-01,
-3.7791103e-02,-0.00000e+00,4.20000e-01,
-3.7644617e-02,-0.00000e+00,4.20000e-01,
-3.7498131e-02,-0.00000e+00,4.20000e-01,
-3.7351646e-02,-0.00000e+00,4.20000e-01,
-3.7205160e-02,-0.00000e+00,4.20000e-01,
-3.7058674e-02,2.00001e-01,4.20000e-01,
-3.6912188e-02,2.00001e-01,4.40000e-01,
-3.6765702e-02,2.00001e-01,4.40000e-01,
-3.6619216e-02,2.00001e-01,4.20000e-01,
-3.6472730e-02,-0.00000e+00,4.40000e-01,
-3.6326244e-02,-0.00000e+00,4.20000e-01,
-3.6179759e-02,2.00001e-01,4.20000e-01,
-3.6033273e-02,-0.00000e+00,4.20000e-01,
-3.5886787e-02,-0.00000e+00,4.20000e-01,
-3.5740301e-02,-0.00000e+00,4.20000e-01,
-3.5593815e-02,2.00001e-01,4.20000e-01,
-3.5447329e-02,-0.00000e+00,4.20000e-01,
-3.5300843e-02,2.00001e-01,4.20000e-01,
-3.5154358e-02,2.00001e-01,4.20000e-01,
-3.5007872e-02,2.00001e-01,4.40000e-01,
-3.4861386e-02,-0.00000e+00,4.20000e-01,
-3.4714900e-02,2.00001e-01,4.00000e-01,
-3.4568414e-02,-0.00000e+00,4.40000e-01,
-3.4421928e-02,-0.00000e+00,4.20000e-01,
-3.4275442e-02,2.00001e-01,4.40000e-01,
-3.4128956e-02,-0.00000e+00,4.20000e-01,
-3.3982471e-02,-0.00000e+00,4.20000e-01,
-3.3835985e-02,-0.00000e+00,4.40000e-01,
-3.3689499e-02,-0.00000e+00,4.40000e-01,
-3.3543013e-02,-0.00000e+00,4.20000e-01,
-3.3396527e-02,-0.00000e+00,4.40000e-01,
-3.3250041e-02,-0.00000e+00,4.40000e-01,
-3.3103555e-02,-0.00000e+00,4.20000e-01,
-3.2957070e-02,-0.00000e+00,4.20000e-01,
-3.2810584e-02,-0.00000e+00,4.20000e-01,
-3.2664098e-02,-0.00000e+00,4.40000e-01,
-3.2517612e-02,2.00001e-01,4.40000e-01,
-3.2371126e-02,2.00001e-01,4.40000e-01,
-3.2224640e-02,-0.00000e+00,4.00000e-01,
-3.2078154e-02,2.00001e-01,4.40000e-01,
-3.1931669e-02,-0.00000e+00,4.20000e-01,
-3.1785183e-02,2.00001e-01,4.40000e-01,
-3.1638697e-02,2.00001e-01,4.40000e-01,
-3.1492211e-02,-0.00000e+00,4.20000e-01,
-3.1345725e-02,-0.00000e+00,4.40000e-01,
-3.1199241e-02,2.00001e-01,4.40000e-01,
-3.1052757e-02,-0.00000e+00,4.40000e-01,
-3.0906273e-02,-0.00000e+00,4.20000e-01,
-3.0759789e-02,-0.00000e+00,4.60000e-01,
-3.0613305e-02,-0.00000e+00,4.40000e-01,
-3.0466821e-02,-0.00000e+00,4.20000e-01,
-3.0320337e-02,-0.00000e+00,4.40000e-01,
-3.0173853e-02,-0.00000e+00,4.40000e-01,
-3.0027369e-02,-0.00000e+00,4.40000e-01,
-2.9880885e-02,-0.00000e+00,4.40000e-01,
-2.9734401e-02,-0.00000e+00,4.40000e-01,
-2.9587917e-02,-0.00000e+00,4.40000e-01,
-2.9441433e-02,3.40000e+00,2.20000e-01,
-2.9294949e-02,2.00001e-01,4.40000e-01,
-2.9148465e-02,2.00001e-01,4.40000e-01,
-2.9001981e-02,-0.00000e+00,4.40000e-01,
-2.8855497e-02,-0.00000e+00,4.40000e-01,
-2.8709013e-02,-0.00000e+00,4.40000e-01,
-2.8562529e-02,-0.00000e+00,4.40000e-01,
-2.8416045e-02,-0.00000e+00,4.40000e-01,
-2.8269561e-02,-0.00000e+00,4.40000e-01,
-2.8123077e-02,2.00001e-01,4.40000e-01,
-2.7976593e-02,-0.00000e+00,4.20000e-01,
-2.7830109e-02,-0.00000e+00,4.40000e-01,
-2.7683625e-02,-0.00000e+00,4.40000e-01,
-2.7537141e-02,-0.00000e+00,4.40000e-01,
-2.7390657e-02,-0.00000e+00,4.40000e-01,
-2.7244173e-02,-0.00000e+00,4.40000e-01,
-2.7097689e-02,-0.00000e+00,4.40000e-01,
-2.6951205e-02,2.00001e-01,4.40000e-01,
-2.6804721e-02,-0.00000e+00,4.40000e-01,
-2.6658237e-02,-0.00000e+00,4.20000e-01,
-2.6511753e-02,2.00001e-01,4.40000e-01,
-2.6365269e-02,-0.00000e+00,4.40000e-01,
-2.6218785e-02,-0.00000e+00,4.40000e-01,
-2.6072301e-02,-0.00000e+00,4.40000e-01,
-2.5925817e-02,-0.00000e+00,4.40000e-01,
-2.5779333e-02,-0.00000e+00,4.40000e-01,
-2.5632849e-02,-0.00000e+00,4.40000e-01,
-2.5486365e-02,-0.00000e+00,4.40000e-01,
-2.5339881e-02,2.00001e-01,4.40000e-01,
-2.5193397e-02,-0.00000e+00,4.40000e-01,
-2.5046913e-02,-0.00000e+00,4.40000e-01,
-2.4900429e-02,-0.00000e+00,4.40000e-01,
-2.4753945e-02,-0.00000e+00,4.40000e-01,
-2.4607461e-02,-0.00000e+00,4.40000e-01,
-2.4460977e-02,-0.00000e+00,4.40000e-01,
-2.4314493e-02,-0.00000e+00,4.40000e-01,
-2.4168009e-02,-0.00000e+00,4.40000e-01,
-2.4021525e-02,-0.00000e+00,4.60000e-01,
-2.3875041e-02,-0.00000e+00,4.40000e-01,
-2.3728557e-02,-0.00000e+00,4.40000e-01,
-2.3582073e-02,-0.00000e+00,4.40000e-01,
-2.3435589e-02,-0.00000e+00,4.40000e-01,
-2.3289105e-02,2.00001e-01,4.40000e-01,
-2.3142621e-02,-0.00000e+00,4.40000e-01,
-2.2996137e-02,-0.00000e+00,4.40000e-01,
-2.2849653e-02,-0.00000e+00,4.60000e-01,
-2.2703169e-02,-0.00000e+00,4.40000e-01,
-2.2556685e-02,-0.00000e+00,4.60000e-01,
-2.2410201e-02,-0.00000e+00,4.40000e-01,
-2.2263717e-02,-0.00000e+00,4.20000e-01,
-2.2117233e-02,-0.00000e+00,4.40000e-01,
-2.1970749e-02,-0.00000e+00,4.40000e-01,
-2.1824265e-02,2.00001e-01,4.40000e-01,
-2.1677781e-02,2.00001e-01,4.60000e-01,
-2.1531297e-02,-0.00000e+00,4.60000e-01,
-2.1384813e-02,-0.00000e+00,4.40000e-01,
-2.1238329e-02,2.00001e-01,4.40000e-01,
-2.1091845e-02,-0.00000e+00,4.40000e-01,
-2.0945361e-02,2.00001e-01,4.60000e-01,
-2.0798877e-02,-0.00000e+00,4.60000e-01,
-2.0652393e-02,-0.00000e+00,4.60000e-01,
-2.0505909e-02,-0.00000e+00,4.40000e-01,
-2.0359425e-02,2.00001e-01,4.40000e-01,
-2.0212941e-02,-0.00000e+00,4.60000e-01,
-2.0066457e-02,-0.00000e+00,4.40000e-01,
-1.9919973e-02,-0.00000e+00,4.60000e-01,
-1.9773489e-02,-0.00000e+00,4.40000e-01,
-1.9627005e-02,-0.00000e+00,4.40000e-01,
-1.9480521e-02,-0.00000e+00,4.40000e-01,
-1.9334037e-02,-0.00000e+00,4.60000e-01,
-1.9187553e-02,-0.00000e+00,4.60000e-01,
-1.9041069e-02,-0.00000e+00,4.40000e-01,
-1.8894585e-02,-0.00000e+00,4.60000e-01,
-1.8748101e-02,2.00001e-01,4.40000e-01,
-1.8601617e-02,-0.00000e+00,4.40000e-01,
-1.8455133e-02,-0.00000e+00,4.60000e-01,
-1.8308649e-02,-0.00000e+00,4.60000e-01,
-1.8162165e-02,-0.00000e+00,4.40000e-01,
-1.8015681e-02,-0.00000e+00,4.60000e-01,
-1.7869197e-02,-0.00000e+00,4.40000e-01,
-1.7722713e-02,-0.00000e+00,4.60000e-01,
-1.7576229e-02,-0.00000e+00,4.60000e-01,
-1.7429745e-02,-0.00000e+00,4.60000e-01,
-1.7283261e-02,2.00001e-01,4.40000e-01,
-1.7136777e-02,-0.00000e+00,4.60000e-01,
-1.6990293e-02,-0.00000e+00,4.60000e-01,
-1.6843809e-02,2.00001e-01,5.40000e-01,
-1.6697325e-02,2.00001e-01,4.60000e-01,
-1.6550841e-02,-0.00000e+00,4.40000e-01,
-1.6404357e-02,-0.00000e+00,4.60000e-01,
-1.6257873e-02,2.00001e-01,4.60000e-01,
-1.6111389e-02,2.00001e-01,4.40000e-01,
-1.5964905e-02,-0.00000e+00,4.60000e-01,
-1.5818421e-02,-0.00000e+00,4.40000e-01,
-1.5671937e-02,2.00001e-01,4.60000e-01,
-1.5525453e-02,-0.00000e+00,4.60000e-01,
-1.5378969e-02,2.00001e-01,4.60000e-01,
-1.5232485e-02,-0.00000e+00,4.60000e-01,
-1.5086001e-02,-0.00000e+00,4.40000e-01,
-1.4939517e-02,-0.00000e+00,5.00000e-01,
-1.4793033e-02,-0.00000e+00,4.60000e-01,
-1.4646549e-02,-0.00000e+00,4.60000e-01,
-1.4500065e-02,-0.00000e+00,4.40000e-01,
-1.4353581e-02,-0.00000e+00,4.60000e-01,
-1.4207097e-02,-0.00000e+00,4.40000e-01,
-1.4060613e-02,-0.00000e+00,4.40000e-01,
-1.3914129e-02,-0.00000e+00,4.60000e-01,
-1.3767645e-02,-0.00000e+00,4.60000e-01,
-1.3621161e-02,2.00001e-01,4.60000e-01,
-1.3474677e-02,-0.00000e+00,4.60000e-01,
-1.3328193e-02,-0.00000e+00,4.60000e-01,
-1.3181709e-02,2.00001e-01,4.60000e-01,
-1.3035225e-02,2.00001e-01,4.60000e-01,
-1.2888741e-02,-0.00000e+00,4.60000e-01,
-1.2742257e-02,-0.00000e+00,4.40000e-01,
-1.2595773e-02,-0.00000e+00,4.60000e-01,
-1.2449289e-02,-0.00000e+00,4.60000e-01,
-1.2302805e-02,-0.00000e+00,4.60000e-01,
-1.2156321e-02,-0.00000e+00,4.60000e-01,
-1.2009837e-02,-0.00000e+00,4.60000e-01,
-1.1863353e-02,2.00001e-01,4.60000e-01,
-1.1716869e-02,2.00001e-01,4.60000e-01,
-1.1570385e-02,2.00001e-01,4.60000e-01,
-1.1423901e-02,-0.00000e+00,4.60000e-01,
-1.1277417e-02,-0.00000e+00,4.60000e-01,
-1.1130933e-02,-0.00000e+00,4.60000e-01,
-1.0984449e-02,2.00001e-01,4.60000e-01,
-1.0837965e-02,2.00001e-01,4.60000e-01,
-1.0691481e-02,-0.00000e+00,4.60000e-01,
-1.0544997e-02,-0.00000e+00,4.60000e-01,
-1.0398513e-02,-0.00000e+00,4.60000e-01,
-1.0252029e-02,-0.00000e+00,4.60000e-01,
-1.0105545e-02,-0.00000e+00,4.60000e-01,
-9.9590607e-03,-0.00000e+00,4.60000e-01,
-9.8125767e-03,-0.00000e+00,4.60000e-01,
-9.6660927e-03,-0.00000e+00,4.60000e-01,
-9.5196087e-03,-0.00000e+00,4.60000e-01,
-9.3731247e-03,2.00001e-01,4.60000e-01,
-9.2266407e-03,-0.00000e+00,4.60000e-01,
-9.0801567e-03,-0.00000e+00,4.60000e-01,
-8.9336727e-03,-0.00000e+00,4.60000e-01,
-8.7871887e-03,-0.00000e+00,4.60000e-01,
-8.6407047e-03,-0.00000e+00,4.60000e-01,
-8.4942207e-03,-0.00000e+00,4.60000e-01,
-8.3477367e-03,-0.00000e+00,4.60000e-01,
-8.2012527e-03,-0.00000e+00,4.60000e-01,
-8.0547687e-03,-0.00000e+00,4.60000e-01,
-7.9082847e-03,-0.00000e+00,4.60000e-01,
-7.7618002e-03,-0.00000e+00,4.60000e-01,
-7.6153157e-03,-0.00000e+00,4.60000e-01,
-7.4688313e-03,-0.00000e+00,4.60000e-01,
-7.3223468e-03,-0.00000e+00,4.60000e-01,
-7.1758623e-03,2.00001e-01,4.60000e-01,
-7.0293779e-03,-0.00000e+00,4.60000e-01,
-6.8828934e-03,-0.00000e+00,4.60000e-01,
-6.7364089e-03,-0.00000e+00,4.60000e-01,
-6.5899245e-03,2.00001e-01,4.60000e-01,
-6.4434400e-03,2.00001e-01,4.60000e-01,
-6.2969555e-03,-0.00000e+00,4.60000e-01,
-6.1504710e-03,-0.00000e+00,4.60000e-01,
-6.0039866e-03,-0.00000e+00,4.60000e-01,
-5.8575021e-03,2.00001e-01,4.60000e-01,
-5.7110176e-03,-0.00000e+00,4.60000e-01,
-5.5645332e-03,-0.00000e+00,4.60000e-01,
-5.4180487e-03,-0.00000e+00,4.60000e-01,
-5.2715642e-03,-0.00000e+00,4.60000e-01,
-5.1250798e-03,-0.00000e+00,4.60000e-01,
-4.9785953e-03,-0.00000e+00,4.60000e-01,
-4.8321108e-03,-0.00000e+00,4.60000e-01,
-4.6856264e-03,-0.00000e+00,4.60000e-01,
-4.5391419e-03,-0.00000e+00,4.60000e-01,
-4.3926574e-03,-0.00000e+00,4.60000e-01,
-4.2461730e-03,-0.00000e+00,4.60000e-01,
-4.0996885e-03,-0.00000e+00,4.60000e-01,
-3.9532040e-03,2.00001e-01,4.60000e-01,
-3.8067196e-03,-0.00000e+00,4.60000e-01,
-3.6602351e-03,-0.00000e+00,4.60000e-01,
-3.5137506e-03,-0.00000e+00,4.60000e-01,
-3.3672662e-03,-0.00000e+00,4.60000e-01,
-3.2207817e-03,-0.00000e+00,4.60000e-01,
-3.0742972e-03,2.00001e-01,4.60000e-01,
-2.9278127e-03,-0.00000e+00,4.60000e-01,
-2.7813283e-03,-0.00000e+00,4.60000e-01,
-2.6348438e-03,-0.00000e+00,4.60000e-01,
-2.4883593e-03,2.00001e-01,4.60000e-01,
-2.3418749e-03,-0.00000e+00,4.60000e-01,
-2.1953904e-03,2.00001e-01,4.60000e-01,
-2.0489059e-03,-0.00000e+00,4.60000e-01,
-1.9024216e-03,2.00001e-01,4.60000e-01,
-1.7559372e-03,-0.00000e+00,4.60000e-01,
-1.6094529e-03,-0.00000e+00,4.60000e-01,
-1.4629685e-03,-0.00000e+00,4.60000e-01,
-1.3164842e-03,-0.00000e+00,4.60000e-01,
-1.1699998e-03,-0.00000e+00,4.60000e-01,
-1.0235155e-03,2.00001e-01,4.60000e-01,
-8.7703113e-04,2.00001e-01,4.60000e-01,
-7.3054677e-04,-0.00000e+00,4.60000e-01,
-5.8406242e-04,2.00001e-01,4.60000e-01,
-4.3757804e-04,-0.00000e+00,4.60000e-01,
-2.9109366e-04,-0.00000e+00,4.60000e-01,
-1.4460928e-04,2.00001e-01,4.60000e-01,
1.8751016e-06,2.00001e-01,4.60000e-01,
1.4835948e-04,2.00001e-01,4.60000e-01,
2.9484386e-04,-0.00000e+00,4.60000e-01,
4.4132824e-04,2.00001e-01,4.60000e-01,
5.8781262e-04,-0.00000e+00,4.60000e-01,
7.3429698e-04,-0.00000e+00,4.60000e-01,
8.8078133e-04,-0.00000e+00,4.60000e-01,
1.0272657e-03,-0.00000e+00,4.60000e-01,
1.1737500e-03,-0.00000e+00,4.60000e-01,
1.3202344e-03,-0.00000e+00,4.60000e-01,
1.4667187e-03,2.00001e-01,4.60000e-01,
1.6132031e-03,-0.00000e+00,4.60000e-01,
1.7596874e-03,-0.00000e+00,4.60000e-01,
1.9061718e-03,-0.00000e+00,4.60000e-01,
2.0526561e-03,-0.00000e+00,4.60000e-01,
2.1991406e-03,2.00001e-01,4.60000e-01,
2.3456251e-03,-0.00000e+00,4.60000e-01,
2.4921095e-03,-0.00000e+00,4.60000e-01,
2.6385940e-03,-0.00000e+00,4.60000e-01,
2.7850785e-03,-0.00000e+00,4.60000e-01,
2.9315630e-03,2.00001e-01,4.60000e-01,
3.0780474e-03,-0.00000e+00,4.60000e-01,
3.2245319e-03,-0.00000e+00,5.00000e-01,
3.3710164e-03,2.00001e-01,4.60000e-01,
3.5175008e-03,2.00001e-01,4.80000e-01,
3.6639853e-03,-0.00000e+00,4.60000e-01,
3.8104698e-03,-0.00000e+00,4.60000e-01,
3.9569540e-03,-0.00000e+00,4.60000e-01,
4.1034385e-03,-0.00000e+00,4.60000e-01,
4.2499229e-03,-0.00000e+00,4.60000e-01,
4.3964074e-03,-0.00000e+00,4.60000e-01,
4.5428919e-03,2.00001e-01,4.60000e-01,
4.6893763e-03,-0.00000e+00,4.60000e-01,
4.8358608e-03,-0.00000e+00,4.60000e-01,
4.9823453e-03,-0.00000e+00,4.60000e-01,
5.1288297e-03,-0.00000e+00,4.60000e-01,
5.2753142e-03,-0.00000e+00,4.60000e-01,
5.4217987e-03,-0.00000e+00,4.60000e-01,
5.5682831e-03,2.00001e-01,4.60000e-01,
5.7147676e-03,-0.00000e+00,4.60000e-01,
5.8612521e-03,-0.00000e+00,4.60000e-01,
6.0077365e-03,-0.00000e+00,4.60000e-01,
6.1542210e-03,2.00001e-01,4.60000e-01,
6.3007055e-03,2.00001e-01,4.60000e-01,
6.4471900e-03,-0.00000e+00,4.60000e-01,
6.5936744e-03,-0.00000e+00,4.80000e-01,
6.7401589e-03,-0.00000e+00,4.60000e-01,
6.8866434e-03,-0.00000e+00,4.60000e-01,
7.0331278e-03,-0.00000e+00,4.60000e-01,
7.1796123e-03,2.00001e-01,4.60000e-01,
7.3260968e-03,-0.00000e+00,4.60000e-01,
7.4725812e-03,-0.00000e+00,4.60000e-01,
7.6190657e-03,-0.00000e+00,4.80000e-01,
7.7655502e-03,2.00001e-01,4.60000e-01,
7.9120342e-03,2.00001e-01,4.60000e-01,
8.0585182e-03,2.00001e-01,4.60000e-01,
8.2050022e-03,-0.00000e+00,4.60000e-01,
8.3514862e-03,-0.00000e+00,4.60000e-01,
8.4979702e-03,-0.00000e+00,4.60000e-01,
8.6444542e-03,-0.00000e+00,4.60000e-01,
8.7909382e-03,-0.00000e+00,5.20000e-01,
8.9374222e-03,2.00001e-01,4.60000e-01,
9.0839062e-03,2.00001e-01,4.80000e-01,
9.2303902e-03,-0.00000e+00,4.60000e-01,
9.3768742e-03,-0.00000e+00,4.60000e-01,
9.5233582e-03,-0.00000e+00,4.60000e-01,
9.6698422e-03,-0.00000e+00,4.60000e-01,
9.8163262e-03,-0.00000e+00,4.80000e-01,
9.9628102e-03,2.00001e-01,4.60000e-01,
1.0109294e-02,-0.00000e+00,4.60000e-01,
1.0255778e-02,-0.00000e+00,4.60000e-01,
1.0402262e-02,-0.00000e+00,4.60000e-01,
1.0548746e-02,-0.00000e+00,4.60000e-01,
1.0695230e-02,-0.00000e+00,4.00000e-01,
1.0841714e-02,-0.00000e+00,4.60000e-01,
1.0988198e-02,-0.00000e+00,4.60000e-01,
1.1134682e-02,-0.00000e+00,4.80000e-01,
1.1281166e-02,-0.00000e+00,4.60000e-01,
1.1427650e-02,-0.00000e+00,4.60000e-01,
1.1574134e-02,-0.00000e+00,4.60000e-01,
1.1720618e-02,-0.00000e+00,4.60000e-01,
1.1867102e-02,-0.00000e+00,4.80000e-01,
1.2013586e-02,-0.00000e+00,4.80000e-01,
1.2160070e-02,2.00001e-01,4.80000e-01,
1.2306554e-02,-0.00000e+00,4.80000e-01,
1.2453038e-02,-0.00000e+00,4.80000e-01,
1.2599522e-02,2.00001e-01,4.60000e-01,
1.2746006e-02,-0.00000e+00,4.80000e-01,
1.2892490e-02,-0.00000e+00,5.00000e-01,
1.3038974e-02,2.00001e-01,4.60000e-01,
1.3185458e-02,-0.00000e+00,4.60000e-01,
1.3331942e-02,-0.00000e+00,4.60000e-01,
1.3478426e-02,-0.00000e+00,4.80000e-01,
1.3624910e-02,-0.00000e+00,4.60000e-01,
1.3771394e-02,2.00001e-01,4.60000e-01,
1.3917878e-02,2.00001e-01,4.80000e-01,
1.4064362e-02,-0.00000e+00,4.80000e-01,
1.4210846e-02,-0.00000e+00,4.80000e-01,
1.4357330e-02,-0.00000e+00,4.80000e-01,
1.4503814e-02,2.00001e-01,4.80000e-01,
1.4650298e-02,-0.00000e+00,4.80000e-01,
1.4796782e-02,-0.00000e+00,4.60000e-01,
1.4943266e-02,-0.00000e+00,4.80000e-01,
1.5089750e-02,-0.00000e+00,4.60000e-01,
1.5236234e-02,2.00001e-01,4.80000e-01,
1.5382718e-02,2.00001e-01,4.80000e-01,
1.5529202e-02,2.00001e-01,5.00000e-01,
1.5675686e-02,2.00001e-01,4.80000e-01,
1.5822170e-02,-0.00000e+00,4.80000e-01,
1.5968654e-02,-0.00000e+00,4.80000e-01,
1.6115138e-02,-0.00000e+00,4.60000e-01,
1.6261622e-02,-0.00000e+00,5.00000e-01,
1.6408106e-02,-0.00000e+00,4.60000e-01,
1.6554590e-02,-0.00000e+00,4.80000e-01,
1.6701074e-02,-0.00000e+00,4.80000e-01,
1.6847558e-02,-0.00000e+00,5.00000e-01,
1.6994042e-02,2.00001e-01,5.00000e-01,
1.7140526e-02,-0.00000e+00,5.00000e-01,
1.7287010e-02,-0.00000e+00,4.80000e-01,
1.7433494e-02,2.00001e-01,4.80000e-01,
1.7579978e-02,2.00001e-01,4.80000e-01,
1.7726462e-02,-0.00000e+00,4.80000e-01,
1.7872946e-02,2.00001e-01,4.80000e-01,
1.8019430e-02,-0.00000e+00,5.00000e-01,
1.8165914e-02,-0.00000e+00,4.80000e-01,
1.8312398e-02,2.00001e-01,4.60000e-01,
1.8458882e-02,-0.00000e+00,4.80000e-01,
1.8605366e-02,-0.00000e+00,4.60000e-01,
1.8751850e-02,-0.00000e+00,4.80000e-01,
1.8898334e-02,-0.00000e+00,5.00000e-01,
1.9044818e-02,-0.00000e+00,4.80000e-01,
1.9191302e-02,2.00001e-01,4.60000e-01,
1.9337786e-02,2.00001e-01,5.00000e-01,
1.9484270e-02,2.00001e-01,4.80000e-01,
1.9630754e-02,2.00001e-01,5.00000e-01,
1.9777238e-02,-0.00000e+00,5.00000e-01,
1.9923722e-02,2.00001e-01,5.00000e-01,
2.0070206e-02,2.00001e-01,4.80000e-01,
2.0216690e-02,-0.00000e+00,5.00000e-01,
2.0363174e-02,-0.00000e+00,4.80000e-01,
2.0509658e-02,2.00001e-01,4.80000e-01,
2.0656142e-02,-0.00000e+00,4.80000e-01,
2.0802626e-02,-0.00000e+00,4.80000e-01,
2.0949110e-02,2.00001e-01,4.80000e-01,
2.1095594e-02,-0.00000e+00,4.80000e-01,
2.1242078e-02,-0.00000e+00,4.60000e-01,
2.1388562e-02,-0.00000e+00,5.00000e-01,
2.1535046e-02,2.00001e-01,5.00000e-01,
2.1681530e-02,-0.00000e+00,4.60000e-01,
2.1828014e-02,-0.00000e+00,4.80000e-01,
2.1974498e-02,-0.00000e+00,5.00000e-01,
2.2120982e-02,-0.00000e+00,4.80000e-01,
2.2267466e-02,-0.00000e+00,4.60000e-01,
2.2413950e-02,2.00001e-01,4.80000e-01,
2.2560434e-02,-0.00000e+00,5.00000e-01,
2.2706918e-02,-0.00000e+00,5.00000e-01,
2.2853402e-02,2.00001e-01,4.80000e-01,
2.2999886e-02,-0.00000e+00,4.60000e-01,
2.3146370e-02,-0.00000e+00,4.80000e-01,
2.3292854e-02,-0.00000e+00,4.60000e-01,
2.3439338e-02,-0.00000e+00,4.80000e-01,
2.3585822e-02,-0.00000e+00,4.80000e-01,
2.3732306e-02,2.00001e-01,5.00000e-01,
2.3878790e-02,-0.00000e+00,4.80000e-01,
2.4025274e-02,-0.00000e+00,5.00000e-01,
2.4171758e-02,-0.00000e+00,4.80000e-01,
2.4318242e-02,-0.00000e+00,5.00000e-01,
2.4464726e-02,-0.00000e+00,4.80000e-01,
2.4611210e-02,-0.00000e+00,4.80000e-01,
2.4757694e-02,-0.00000e+00,4.80000e-01,
2.4904178e-02,-0.00000e+00,5.00000e-01,
2.5050662e-02,-0.00000e+00,5.00000e-01,
2.5197146e-02,-0.00000e+00,4.80000e-01,
2.5343630e-02,-0.00000e+00,5.00000e-01,
2.5490114e-02,-0.00000e+00,5.00000e-01,
2.5636598e-02,-0.00000e+00,5.00000e-01,
2.5783082e-02,-0.00000e+00,5.00000e-01,
2.5929566e-02,-0.00000e+00,5.00000e-01,
2.6076050e-02,2.00001e-01,5.00000e-01,
2.6222534e-02,-0.00000e+00,5.00000e-01,
2.6369018e-02,-0.00000e+00,5.00000e-01,
2.6515502e-02,-0.00000e+00,5.00000e-01,
2.6661986e-02,2.00001e-01,5.00000e-01,
2.6808470e-02,-0.00000e+00,4.80000e-01,
2.6954954e-02,-0.00000e+00,5.00000e-01,
2.7101438e-02,-0.00000e+00,5.00000e-01,
2.7247922e-02,-0.00000e+00,5.00000e-01,
2.7394406e-02,-0.00000e+00,5.00000e-01,
2.7540890e-02,2.00001e-01,5.00000e-01,
2.7687375e-02,-0.00000e+00,5.00000e-01,
2.7833859e-02,-0.00000e+00,5.00000e-01,
2.7980343e-02,-0.00000e+00,4.80000e-01,
2.8126827e-02,-0.00000e+00,5.00000e-01,
2.8273311e-02,-0.00000e+00,4.80000e-01,
2.8419795e-02,-0.00000e+00,5.00000e-01,
2.8566279e-02,-0.00000e+00,5.00000e-01,
2.8712763e-02,-0.00000e+00,5.00000e-01,
2.8859247e-02,-0.00000e+00,4.80000e-01,
2.9005731e-02,-0.00000e+00,5.00000e-01,
2.9152215e-02,-0.00000e+00,5.00000e-01,
2.9298699e-02,-0.00000e+00,5.00000e-01,
2.9445183e-02,-0.00000e+00,5.00000e-01,
2.9591667e-02,-0.00000e+00,5.00000e-01,
2.9738151e-02,-0.00000e+00,5.00000e-01,
2.9884635e-02,-0.00000e+00,4.80000e-01,
3.0031119e-02,-0.00000e+00,5.00000e-01,
3.0177603e-02,-0.00000e+00,5.00000e-01,
3.0324087e-02,-0.00000e+00,5.00000e-01,
3.0470571e-02,-0.00000e+00,5.00000e-01,
3.0617055e-02,-0.00000e+00,4.80000e-01,
3.0763539e-02,-0.00000e+00,5.00000e-01,
3.0910023e-02,-0.00000e+00,5.00000e-01,
3.1056507e-02,-0.00000e+00,5.00000e-01,
3.1202991e-02,-0.00000e+00,5.00000e-01,
3.1349476e-02,-0.00000e+00,5.00000e-01,
3.1495962e-02,-0.00000e+00,5.00000e-01,
3.1642448e-02,-0.00000e+00,5.00000e-01,
3.1788934e-02,-0.00000e+00,5.00000e-01,
3.1935420e-02,-0.00000e+00,5.00000e-01,
3.2081906e-02,-0.00000e+00,5.20000e-01,
3.2228392e-02,-0.00000e+00,4.80000e-01,
3.2374877e-02,-0.00000e+00,5.00000e-01,
3.2521363e-02,2.00001e-01,5.00000e-01,
3.2667849e-02,2.00001e-01,5.00000e-01,
3.2814335e-02,-0.00000e+00,5.00000e-01,
3.2960821e-02,-0.00000e+00,5.00000e-01,
3.3107307e-02,-0.00000e+00,5.00000e-01,
3.3253793e-02,-0.00000e+00,5.00000e-01,
3.3400279e-02,2.00001e-01,5.00000e-01,
3.3546764e-02,-0.00000e+00,5.00000e-01,
3.3693250e-02,-0.00000e+00,5.00000e-01,
3.3839736e-02,2.00001e-01,5.00000e-01,
3.3986222e-02,-0.00000e+00,5.00000e-01,
3.4132708e-02,2.00001e-01,5.00000e-01,
3.4279194e-02,-0.00000e+00,5.00000e-01,
3.4425680e-02,-0.00000e+00,5.00000e-01,
3.4572165e-02,-0.00000e+00,5.00000e-01,
3.4718651e-02,-0.00000e+00,5.00000e-01,
3.4865137e-02,-0.00000e+00,5.00000e-01,
3.5011623e-02,-0.00000e+00,5.00000e-01,
3.5158109e-02,-0.00000e+00,5.00000e-01,
3.5304595e-02,-0.00000e+00,5.00000e-01,
3.5451081e-02,2.00001e-01,5.00000e-01,
3.5597567e-02,-0.00000e+00,5.20000e-01,
3.5744052e-02,-0.00000e+00,5.00000e-01,
3.5890538e-02,-0.00000e+00,5.00000e-01,
3.6037024e-02,-0.00000e+00,5.00000e-01,
3.6183510e-02,-0.00000e+00,5.00000e-01,
3.6329996e-02,2.00001e-01,5.00000e-01,
3.6476482e-02,-0.00000e+00,5.00000e-01,
3.6622968e-02,-0.00000e+00,5.00000e-01,
3.6769453e-02,-0.00000e+00,5.00000e-01,
3.6915939e-02,-0.00000e+00,5.00000e-01,
3.7062425e-02,-0.00000e+00,5.00000e-01,
3.7208911e-02,-0.00000e+00,5.00000e-01,
3.7355397e-02,-0.00000e+00,5.20000e-01,
3.7501883e-02,2.00001e-01,5.00000e-01,
3.7648369e-02,2.00001e-01,5.00000e-01,
3.7794854e-02,-0.00000e+00,5.20000e-01,
3.7941340e-02,-0.00000e+00,5.00000e-01,
3.8087826e-02,2.00001e-01,5.00000e-01,
3.8234312e-02,-0.00000e+00,5.00000e-01,
3.8380798e-02,-0.00000e+00,5.00000e-01,
3.8527284e-02,-0.00000e+00,5.00000e-01,
3.8673770e-02,-0.00000e+00,4.80000e-01,
3.8820256e-02,-0.00000e+00,5.00000e-01,
3.8966741e-02,-0.00000e+00,5.00000e-01,
3.9113227e-02,-0.00000e+00,5.00000e-01,
3.9259713e-02,-0.00000e+00,5.00000e-01,
3.9406199e-02,-0.00000e+00,5.00000e-01,
3.9552685e-02,-0.00000e+00,5.00000e-01,
3.9699171e-02,2.00001e-01,5.20000e-01,
3.9845657e-02,2.00001e-01,4.60000e-01,
3.9992142e-02,-0.00000e+00,5.00000e-01,
4.0138628e-02,2.00001e-01,5.00000e-01,
4.0285114e-02,-0.00000e+00,5.00000e-01,
4.0431600e-02,2.00001e-01,5.00000e-01,
4.0578086e-02,2.00001e-01,5.00000e-01,
4.0724572e-02,-0.00000e+00,5.00000e-01,
4.0871058e-02,2.00001e-01,5.00000e-01,
4.1017544e-02,-0.00000e+00,5.40000e-01,
4.1164029e-02,2.00001e-01,5.00000e-01,
4.1310515e-02,-0.00000e+00,5.00000e-01,
4.1457001e-02,-0.00000e+00,5.00000e-01,
4.1603487e-02,2.00001e-01,5.20000e-01,
4.1749973e-02,-0.00000e+00,5.00000e-01,
4.1896459e-02,-0.00000e+00,5.00000e-01,
4.2042945e-02,-0.00000e+00,5.00000e-01,
4.2189430e-02,-0.00000e+00,5.20000e-01,
4.2335916e-02,-0.00000e+00,5.20000e-01,
4.2482402e-02,-0.00000e+00,5.20000e-01,
4.2628888e-02,-0.00000e+00,5.00000e-01,
4.2775374e-02,-0.00000e+00,5.20000e-01,
4.2921860e-02,-0.00000e+00,5.00000e-01,
4.3068346e-02,2.00001e-01,5.00000e-01,
4.3214832e-02,-0.00000e+00,5.00000e-01,
4.3361317e-02,-0.00000e+00,5.00000e-01,
4.3507803e-02,-0.00000e+00,4.80000e-01,
4.3654289e-02,-0.00000e+00,5.00000e-01,
4.3800775e-02,-0.00000e+00,5.20000e-01,
4.3947261e-02,-0.00000e+00,5.20000e-01,
4.4093747e-02,-0.00000e+00,5.00000e-01,
4.4240233e-02,-0.00000e+00,5.00000e-01,
4.4386718e-02,-0.00000e+00,5.00000e-01,
4.4533204e-02,2.00001e-01,5.20000e-01,
4.4679690e-02,-0.00000e+00,5.00000e-01,
4.4826176e-02,-0.00000e+00,5.00000e-01,
4.4972662e-02,-0.00000e+00,5.00000e-01,
4.5119148e-02,-0.00000e+00,5.20000e-01,
4.5265634e-02,-0.00000e+00,5.00000e-01,
4.5412119e-02,-0.00000e+00,5.00000e-01,
4.5558605e-02,2.00001e-01,5.20000e-01,
4.5705091e-02,-0.00000e+00,5.20000e-01,
4.5851577e-02,-0.00000e+00,5.20000e-01,
4.5998063e-02,2.00001e-01,5.20000e-01,
4.6144549e-02,-0.00000e+00,5.20000e-01,
4.6291035e-02,2.00001e-01,5.00000e-01,
4.6437521e-02,-0.00000e+00,5.00000e-01,
4.6584006e-02,-0.00000e+00,5.00000e-01,
4.6730492e-02,-0.00000e+00,5.00000e-01,
4.6876978e-02,-0.00000e+00,5.20000e-01,
4.7023464e-02,-0.00000e+00,5.20000e-01,
4.7169950e-02,-0.00000e+00,5.20000e-01,
4.7316436e-02,-0.00000e+00,5.00000e-01,
4.7462922e-02,-0.00000e+00,5.20000e-01,
4.7609407e-02,-0.00000e+00,5.00000e-01,
4.7755893e-02,-0.00000e+00,5.20000e-01,
4.7902379e-02,-0.00000e+00,5.00000e-01,
4.8048865e-02,-0.00000e+00,5.00000e-01,
4.8195351e-02,2.00001e-01,5.20000e-01,
4.8341837e-02,-0.00000e+00,5.40000e-01,
4.8488323e-02,-0.00000e+00,5.00000e-01,
4.8634809e-02,-0.00000e+00,5.00000e-01,
4.8781294e-02,-0.00000e+00,5.20000e-01,
4.8927780e-02,-0.00000e+00,5.00000e-01,
4.9074266e-02,-0.00000e+00,5.20000e-01,
4.9220752e-02,2.00001e-01,5.00000e-01,
4.9367238e-02,2.00001e-01,5.00000e-01,
4.9513724e-02,-0.00000e+00,5.20000e-01,
4.9660210e-02,-0.00000e+00,5.00000e-01,
4.9806695e-02,2.00001e-01,5.20000e-01,
4.9953181e-02,2.00001e-01,5.00000e-01,
5.0099667e-02,-0.00000e+00,5.20000e-01,
5.0246153e-02,2.00001e-01,5.20000e-01,
5.0392639e-02,-0.00000e+00,5.20000e-01,
5.0539125e-02,-0.00000e+00,5.20000e-01,
5.0685611e-02,-0.00000e+00,5.20000e-01,
5.0832096e-02,-0.00000e+00,5.00000e-01,
5.0978582e-02,2.00001e-01,5.20000e-01,
5.1125068e-02,2.00001e-01,5.20000e-01,
5.1271554e-02,2.00001e-01,5.20000e-01,
5.1418040e-02,-0.00000e+00,5.20000e-01,
5.1564526e-02,-0.00000e+00,5.20000e-01,
5.1711012e-02,2.00001e-01,5.20000e-01,
5.1857498e-02,2.00001e-01,5.20000e-01,
5.2003983e-02,2.00001e-01,5.20000e-01,
5.2150469e-02,-0.00000e+00,5.20000e-01,
5.2296955e-02,-0.00000e+00,5.20000e-01,
5.2443441e-02,-0.00000e+00,5.20000e-01,
5.2589927e-02,-0.00000e+00,5.20000e-01,
5.2736413e-02,-0.00000e+00,5.20000e-01,
5.2882899e-02,2.00001e-01,5.20000e-01,
5.3029384e-02,-0.00000e+00,5.20000e-01,
5.3175870e-02,-0.00000e+00,5.20000e-01,
5.3322356e-02,-0.00000e+00,5.20000e-01,
5.3468842e-02,-0.00000e+00,5.20000e-01,
5.3615328e-02,-0.00000e+00,5.20000e-01,
5.3761814e-02,-0.00000e+00,5.20000e-01,
5.3908300e-02,-0.00000e+00,5.20000e-01,
5.4054786e-02,-0.00000e+00,5.20000e-01,
5.4201271e-02,-0.00000e+00,5.20000e-01,
5.4347757e-02,2.00001e-01,5.20000e-01,
5.4494243e-02,-0.00000e+00,5.20000e-01,
5.4640729e-02,2.00001e-01,5.00000e-01,
5.4787215e-02,-0.00000e+00,5.40000e-01,
5.4933701e-02,2.00001e-01,5.20000e-01,
5.5080187e-02,-0.00000e+00,5.20000e-01,
5.5226672e-02,2.00001e-01,5.20000e-01,
5.5373158e-02,2.00001e-01,5.20000e-01,
5.5519644e-02,-0.00000e+00,5.20000e-01,
5.5666130e-02,-0.00000e+00,5.20000e-01,
5.5812616e-02,-0.00000e+00,5.20000e-01,
5.5959102e-02,2.00001e-01,5.20000e-01,
5.6105588e-02,2.00001e-01,5.20000e-01,
5.6252073e-02,2.00001e-01,5.20000e-01,
5.6398559e-02,2.00001e-01,5.20000e-01,
5.6545045e-02,-0.00000e+00,5.20000e-01,
5.6691531e-02,2.00001e-01,5.20000e-01,
5.6838017e-02,2.00001e-01,5.20000e-01,
5.6984503e-02,-0.00000e+00,5.20000e-01,
5.7130989e-02,2.00001e-01,5.20000e-01,
5.7277475e-02,2.00001e-01,5.20000e-01,
5.7423960e-02,-0.00000e+00,5.20000e-01,
5.7570446e-02,-0.00000e+00,5.20000e-01,
5.7716932e-02,-0.00000e+00,5.20000e-01,
5.7863418e-02,-0.00000e+00,5.20000e-01,
5.8009904e-02,2.00001e-01,5.40000e-01,
5.8156390e-02,-0.00000e+00,5.20000e-01,
5.8302876e-02,-0.00000e+00,5.20000e-01,
5.8449361e-02,2.00001e-01,5.20000e-01,
5.8595847e-02,-0.00000e+00,5.20000e-01,
5.8742333e-02,-0.00000e+00,5.20000e-01,
5.8888819e-02,-0.00000e+00,5.00000e-01,
5.9035305e-02,-0.00000e+00,5.20000e-01,
5.9181791e-02,2.00001e-01,5.20000e-01,
5.9328277e-02,-0.00000e+00,5.40000e-01,
5.9474763e-02,2.00001e-01,5.20000e-01,
5.9621248e-02,-0.00000e+00,5.00000e-01,
5.9767734e-02,-0.00000e+00,5.20000e-01,
5.9914220e-02,-0.00000e+00,5.20000e-01,
6.0060706e-02,-0.00000e+00,5.20000e-01,
6.0207192e-02,-0.00000e+00,5.20000e-01,
6.0353678e-02,-0.00000e+00,5.20000e-01,
6.0500164e-02,-0.00000e+00,5.20000e-01,
6.0646649e-02,-0.00000e+00,5.20000e-01,
6.0793135e-02,-0.00000e+00,5.20000e-01,
6.0939621e-02,-0.00000e+00,5.20000e-01,
6.1086107e-02,-0.00000e+00,5.20000e-01,
6.1232593e-02,2.00001e-01,5.20000e-01,
6.1379079e-02,-0.00000e+00,5.20000e-01,
6.1525565e-02,-0.00000e+00,5.20000e-01,
6.1672051e-02,-0.00000e+00,4.80000e-01,
6.1818536e-02,-0.00000e+00,5.20000e-01,
6.1965022e-02,2.00001e-01,5.40000e-01,
6.2111508e-02,-0.00000e+00,5.20000e-01,
6.2257994e-02,-0.00000e+00,5.20000e-01,
6.2404480e-02,-0.00000e+00,5.40000e-01,
6.2550962e-02,-0.00000e+00,5.20000e-01,
6.2697448e-02,-0.00000e+00,5.20000e-01,
6.2843934e-02,2.00001e-01,5.20000e-01,
6.2990420e-02,-0.00000e+00,5.20000e-01,
6.3136905e-02,-0.00000e+00,5.20000e-01,
6.3283391e-02,-0.00000e+00,5.40000e-01,
6.3429877e-02,2.00001e-01,5.40000e-01,
6.3576363e-02,-0.00000e+00,4.60000e-01,
6.3722849e-02,2.00001e-01,5.20000e-01,
6.3869335e-02,2.00001e-01,5.20000e-01,
6.4015821e-02,-0.00000e+00,5.20000e-01,
6.4162306e-02,-0.00000e+00,5.40000e-01,
6.4308792e-02,-0.00000e+00,5.40000e-01,
6.4455278e-02,2.00001e-01,5.20000e-01,
6.4601764e-02,2.00001e-01,5.40000e-01,
6.4748250e-02,-0.00000e+00,5.20000e-01,
6.4894736e-02,-0.00000e+00,5.20000e-01,
6.5041222e-02,-0.00000e+00,5.20000e-01,
6.5187708e-02,2.00001e-01,5.20000e-01,
6.5334193e-02,-0.00000e+00,5.40000e-01,
6.5480679e-02,-0.00000e+00,5.20000e-01,
6.5627165e-02,2.00001e-01,5.20000e-01,
6.5773651e-02,2.00001e-01,5.20000e-01,
6.5920137e-02,-0.00000e+00,5.40000e-01,
6.6066623e-02,-0.00000e+00,5.20000e-01,
6.6213109e-02,-0.00000e+00,5.40000e-01,
6.6359594e-02,2.00001e-01,5.20000e-01,
6.6506080e-02,-0.00000e+00,5.80000e-01,
6.6652566e-02,-0.00000e+00,5.40000e-01,
6.6799052e-02,-0.00000e+00,5.20000e-01,
6.6945538e-02,2.00001e-01,5.40000e-01,
6.7092024e-02,-0.00000e+00,5.40000e-01,
6.7238510e-02,-0.00000e+00,5.20000e-01,
6.7384996e-02,2.00001e-01,5.20000e-01,
6.7531481e-02,2.00001e-01,5.40000e-01,
6.7677967e-02,2.00001e-01,5.40000e-01,
6.7824453e-02,-0.00000e+00,5.20000e-01,
6.7970939e-02,-0.00000e+00,5.00000e-01,
6.8117425e-02,-0.00000e+00,5.20000e-01,
6.8263911e-02,-0.00000e+00,5.40000e-01,
6.8410397e-02,-0.00000e+00,5.40000e-01,
6.8556882e-02,-0.00000e+00,5.20000e-01,
6.8703368e-02,-0.00000e+00,5.40000e-01,
6.8849854e-02,-0.00000e+00,5.40000e-01,
6.8996340e-02,2.00001e-01,5.20000e-01,
6.9142826e-02,-0.00000e+00,5.20000e-01,
6.9289312e-02,-0.00000e+00,5.20000e-01,
6.9435798e-02,-0.00000e+00,5.20000e-01,
6.9582283e-02,-0.00000e+00,5.20000e-01,
6.9728769e-02,-0.00000e+00,5.20000e-01,
6.9875255e-02,-0.00000e+00,5.20000e-01,
7.0021741e-02,-0.00000e+00,5.80000e-01,
7.0168227e-02,-0.00000e+00,5.20000e-01,
7.0314713e-02,-0.00000e+00,5.40000e-01,
7.0461199e-02,-0.00000e+00,5.40000e-01,
7.0607685e-02,-0.00000e+00,5.40000e-01,
7.0754170e-02,-0.00000e+00,5.20000e-01,
7.0900656e-02,-0.00000e+00,5.40000e-01,
7.1047142e-02,-0.00000e+00,5.60000e-01,
7.1193628e-02,-0.00000e+00,5.20000e-01,
7.1340114e-02,-0.00000e+00,5.20000e-01,
7.1486600e-02,-0.00000e+00,5.40000e-01,
7.1633086e-02,-0.00000e+00,5.20000e-01,
7.1779571e-02,-0.00000e+00,5.20000e-01,
7.1926057e-02,2.00001e-01,5.20000e-01,
7.2072543e-02,-0.00000e+00,5.20000e-01,
7.2219029e-02,-0.00000e+00,5.40000e-01,
7.2365515e-02,-0.00000e+00,5.40000e-01,
7.2512001e-02,-0.00000e+00,5.40000e-01,
7.2658487e-02,-0.00000e+00,5.20000e-01,
7.2804973e-02,-0.00000e+00,5.20000e-01,
7.2951458e-02,2.00001e-01,5.40000e-01,
7.3097944e-02,-0.00000e+00,5.40000e-01,
7.3244430e-02,-0.00000e+00,5.20000e-01,
7.3390916e-02,2.00001e-01,5.20000e-01,
7.3537402e-02,-0.00000e+00,5.40000e-01,
7.3683888e-02,-0.00000e+00,5.60000e-01,
7.3830374e-02,-0.00000e+00,5.20000e-01,
7.3976859e-02,-0.00000e+00,5.40000e-01,
7.4123345e-02,-0.00000e+00,5.40000e-01,
7.4269831e-02,-0.00000e+00,5.40000e-01,
7.4416317e-02,-0.00000e+00,5.20000e-01,
7.4562803e-02,-0.00000e+00,5.20000e-01,
7.4709289e-02,-0.00000e+00,5.20000e-01,
7.4855775e-02,-0.00000e+00,5.40000e-01,
7.5002261e-02,-0.00000e+00,5.40000e-01,
7.5148746e-02,-0.00000e+00,5.40000e-01,
7.5295232e-02,-0.00000e+00,6.00000e-01,
7.5441718e-02,-0.00000e+00,5.20000e-01,
7.5588204e-02,2.00001e-01,5.20000e-01,
7.5734690e-02,-0.00000e+00,5.40000e-01,
7.5881176e-02,-0.00000e+00,5.20000e-01,
7.6027662e-02,-0.00000e+00,5.20000e-01,
7.6174147e-02,-0.00000e+00,5.40000e-01,
7.6320633e-02,2.00001e-01,5.20000e-01,
7.6467119e-02,-0.00000e+00,5.40000e-01,
7.6613605e-02,-0.00000e+00,5.20000e-01,
7.6760091e-02,2.00001e-01,5.40000e-01,
7.6906577e-02,-0.00000e+00,5.40000e-01,
7.7053063e-02,-0.00000e+00,5.40000e-01,
7.7199548e-02,2.00001e-01,5.40000e-01,
7.7346034e-02,-0.00000e+00,5.40000e-01,
7.7492520e-02,-0.00000e+00,5.40000e-01,
7.7639006e-02,-0.00000e+00,5.20000e-01,
7.7785492e-02,-0.00000e+00,5.40000e-01,
7.7931978e-02,-0.00000e+00,5.40000e-01,
7.8078464e-02,-0.00000e+00,5.40000e-01,
7.8224950e-02,-0.00000e+00,5.40000e-01,
7.8371435e-02,-0.00000e+00,5.40000e-01,
7.8517921e-02,2.00001e-01,5.40000e-01,
7.8664407e-02,-0.00000e+00,5.40000e-01,
7.8810893e-02,-0.00000e+00,5.40000e-01,
7.8957379e-02,-0.00000e+00,5.40000e-01,
7.9103865e-02,2.00001e-01,5.40000e-01,
7.9250351e-02,-0.00000e+00,5.40000e-01,
7.9396836e-02,-0.00000e+00,5.40000e-01,
7.9543322e-02,-0.00000e+00,5.40000e-01,
7.9689808e-02,-0.00000e+00,5.40000e-01,
7.9836294e-02,-0.00000e+00,5.40000e-01,
7.9982780e-02,-0.00000e+00,5.40000e-01,
8.0129266e-02,-0.00000e+00,5.40000e-01,
8.0275752e-02,-0.00000e+00,5.40000e-01,
8.0422238e-02,-0.00000e+00,5.40000e-01,
8.0568723e-02,-0.00000e+00,5.40000e-01,
8.0715209e-02,-0.00000e+00,5.20000e-01,
8.0861695e-02,-0.00000e+00,5.40000e-01,
8.1008181e-02,-0.00000e+00,5.40000e-01,
8.1154667e-02,-0.00000e+00,5.40000e-01,
8.1301153e-02,-0.00000e+00,5.40000e-01,
8.1447639e-02,2.00001e-01,5.20000e-01,
8.1594124e-02,-0.00000e+00,5.40000e-01,
8.1740610e-02,-0.00000e+00,5.40000e-01,
8.1887096e-02,-0.00000e+00,5.20000e-01,
8.2033582e-02,2.00001e-01,5.00000e-01,
8.2180068e-02,-0.00000e+00,5.40000e-01,
8.2326554e-02,-0.00000e+00,5.20000e-01,
8.2473040e-02,-0.00000e+00,5.40000e-01,
8.2619525e-02,-0.00000e+00,5.00000e-01,
8.2766011e-02,-0.00000e+00,5.20000e-01,
8.2912497e-02,2.00001e-01,5.40000e-01,
8.3058983e-02,-0.00000e+00,5.40000e-01,
8.3205469e-02,-0.00000e+00,5.00000e-01,
8.3349586e-02,-0.00000e+00,5.40000e-01,
8.3496071e-02,-0.00000e+00,5.40000e-01,
8.3642557e-02,-0.00000e+00,5.40000e-01,
8.3789043e-02,2.00001e-01,5.40000e-01,
8.3935529e-02,-0.00000e+00,5.40000e-01,
8.4082015e-02,-0.00000e+00,5.40000e-01,
8.4228501e-02,-0.00000e+00,5.40000e-01,
8.4374987e-02,-0.00000e+00,5.40000e-01,
8.4521472e-02,-0.00000e+00,5.40000e-01,
8.4667958e-02,-0.00000e+00,5.40000e-01,
8.4814444e-02,-0.00000e+00,5.40000e-01,
8.4960930e-02,-0.00000e+00,5.40000e-01,
8.5107416e-02,-0.00000e+00,5.40000e-01,
8.5253902e-02,-0.00000e+00,5.40000e-01,
8.5400388e-02,-0.00000e+00,5.40000e-01,
8.5546874e-02,-0.00000e+00,5.40000e-01,
8.5693359e-02,2.00001e-01,5.40000e-01,
8.5839845e-02,-0.00000e+00,5.40000e-01,
8.5986331e-02,2.00001e-01,5.40000e-01,
8.6132817e-02,2.00001e-01,5.40000e-01,
8.6279303e-02,-0.00000e+00,5.40000e-01,
8.6425789e-02,-0.00000e+00,5.40000e-01,
8.6572275e-02,-0.00000e+00,5.40000e-01,
8.6718760e-02,-0.00000e+00,5.40000e-01,
8.6865246e-02,2.00001e-01,5.40000e-01,
8.7011732e-02,2.00001e-01,5.40000e-01,
8.7158218e-02,2.00001e-01,5.40000e-01,
8.7304704e-02,-0.00000e+00,5.40000e-01,
8.7451190e-02,-0.00000e+00,5.20000e-01,
8.7597676e-02,-0.00000e+00,5.40000e-01,
8.7744161e-02,-0.00000e+00,5.40000e-01,
8.7890647e-02,-0.00000e+00,5.40000e-01,
8.8037133e-02,-0.00000e+00,5.40000e-01,
8.8183619e-02,-0.00000e+00,5.40000e-01,
8.8330105e-02,2.00001e-01,5.40000e-01,
8.8476591e-02,2.00001e-01,5.40000e-01,
8.8623077e-02,-0.00000e+00,5.40000e-01,
8.8769563e-02,2.00001e-01,5.40000e-01,
8.8916048e-02,-0.00000e+00,5.40000e-01,
8.9062534e-02,2.00001e-01,5.40000e-01,
8.9209020e-02,-0.00000e+00,5.40000e-01,
8.9355506e-02,-0.00000e+00,4.80000e-01,
8.9501992e-02,2.00001e-01,5.40000e-01,
8.9648478e-02,-0.00000e+00,5.40000e-01,
8.9794964e-02,-0.00000e+00,5.40000e-01,
8.9941449e-02,-0.00000e+00,5.40000e-01,
9.0087935e-02,-0.00000e+00,5.40000e-01,
9.0234421e-02,2.00001e-01,5.40000e-01,
9.0380907e-02,-0.00000e+00,5.40000e-01,
9.0527393e-02,-0.00000e+00,5.40000e-01,
9.0673879e-02,2.00001e-01,5.40000e-01,
9.0820365e-02,-0.00000e+00,5.40000e-01,
9.0966851e-02,2.00001e-01,5.40000e-01,
9.1113336e-02,2.00001e-01,5.40000e-01,
9.1259822e-02,-0.00000e+00,5.40000e-01,
9.1406308e-02,-0.00000e+00,5.40000e-01,
9.1552794e-02,-0.00000e+00,5.40000e-01,
9.1699280e-02,-0.00000e+00,5.40000e-01,
9.1845766e-02,-0.00000e+00,5.40000e-01,
9.1992252e-02,-0.00000e+00,5.40000e-01,
9.2138737e-02,2.00001e-01,5.40000e-01,
9.2285223e-02,-0.00000e+00,5.40000e-01,
9.2431709e-02,2.00001e-01,5.40000e-01,
9.2578195e-02,2.00001e-01,5.40000e-01,
9.2724681e-02,2.00001e-01,5.40000e-01,
9.2871167e-02,-0.00000e+00,5.40000e-01,
9.3017653e-02,-0.00000e+00,5.40000e-01,
9.3164138e-02,-0.00000e+00,5.40000e-01,
9.3310624e-02,-0.00000e+00,5.40000e-01,
9.3457110e-02,2.00001e-01,5.40000e-01,
9.3603596e-02,2.00001e-01,5.40000e-01,
9.3750082e-02,-0.00000e+00,5.40000e-01,
9.3896568e-02,-0.00000e+00,5.40000e-01,
9.4043054e-02,-0.00000e+00,5.40000e-01,
9.4189540e-02,-0.00000e+00,5.40000e-01,
9.4336025e-02,2.00001e-01,5.40000e-01,
9.4482511e-02,-0.00000e+00,5.40000e-01,
9.4628997e-02,-0.00000e+00,5.40000e-01,
9.4775483e-02,2.00001e-01,5.40000e-01,
9.4921969e-02,-0.00000e+00,5.40000e-01,
9.5068455e-02,-0.00000e+00,5.40000e-01,
9.5214941e-02,-0.00000e+00,5.40000e-01,
9.5361426e-02,-0.00000e+00,5.40000e-01,
9.5507912e-02,-0.00000e+00,5.40000e-01,
9.5654398e-02,-0.00000e+00,5.40000e-01,
9.5800884e-02,-0.00000e+00,5.40000e-01,
9.5947370e-02,2.00001e-01,5.40000e-01,
9.6093856e-02,2.00001e-01,5.40000e-01,
9.6240342e-02,-0.00000e+00,5.40000e-01,
9.6386828e-02,-0.00000e+00,5.40000e-01,
9.6533313e-02,-0.00000e+00,5.40000e-01,
9.6679799e-02,-0.00000e+00,5.40000e-01,
9.6826285e-02,-0.00000e+00,5.40000e-01,
9.6972771e-02,-0.00000e+00,5.40000e-01,
9.7119257e-02,-0.00000e+00,5.40000e-01,
9.7265743e-02,2.00001e-01,5.40000e-01,
9.7412229e-02,2.00001e-01,5.60000e-01,
9.7558714e-02,-0.00000e+00,5.40000e-01,
9.7705200e-02,-0.00000e+00,5.40000e-01,
9.7851686e-02,-0.00000e+00,5.40000e-01,
9.7998172e-02,-0.00000e+00,5.40000e-01,
9.8144658e-02,-0.00000e+00,5.20000e-01,
9.8291144e-02,-0.00000e+00,5.40000e-01,
9.8437630e-02,-0.00000e+00,5.40000e-01,
9.8584116e-02,-0.00000e+00,5.40000e-01,
9.8730601e-02,2.00001e-01,5.40000e-01,
9.8877087e-02,-0.00000e+00,5.80000e-01,
9.9023573e-02,-0.00000e+00,5.40000e-01,
9.9170059e-02,-0.00000e+00,5.40000e-01,
9.9316545e-02,-0.00000e+00,5.40000e-01,
9.9463031e-02,-0.00000e+00,5.40000e-01,
9.9609517e-02,-0.00000e+00,5.40000e-01,
9.9756002e-02,-0.00000e+00,5.40000e-01,
9.9902488e-02,2.00001e-01,5.40000e-01,
1.0004897e-01,-0.00000e+00,5.40000e-01,
1.0019546e-01,2.00001e-01,5.40000e-01,
1.0034195e-01,2.00001e-01,5.60000e-01,
1.0048843e-01,2.00001e-01,5.40000e-01,
1.0063492e-01,2.00001e-01,5.40000e-01,
1.0078140e-01,-0.00000e+00,5.40000e-01,
1.0092789e-01,-0.00000e+00,5.40000e-01,
1.0107438e-01,2.00001e-01,5.60000e-01,
1.0122086e-01,-0.00000e+00,5.40000e-01,
1.0136735e-01,2.00001e-01,5.40000e-01,
1.0151383e-01,2.00001e-01,5.40000e-01,
1.0166032e-01,-0.00000e+00,5.40000e-01,
1.0180680e-01,-0.00000e+00,5.40000e-01,
1.0195329e-01,2.00001e-01,5.40000e-01,
1.0209978e-01,-0.00000e+00,5.40000e-01,
1.0224626e-01,2.00001e-01,5.40000e-01,
1.0239275e-01,-0.00000e+00,5.40000e-01,
1.0253923e-01,-0.00000e+00,5.40000e-01,
1.0268572e-01,-0.00000e+00,5.40000e-01,
1.0283221e-01,-0.00000e+00,5.40000e-01,
1.0297869e-01,2.00001e-01,5.40000e-01,
1.0312518e-01,-0.00000e+00,5.40000e-01,
1.0327166e-01,2.00001e-01,5.40000e-01,
1.0341815e-01,-0.00000e+00,5.40000e-01,
1.0356463e-01,-0.00000e+00,5.40000e-01,
1.0371112e-01,2.00001e-01,5.40000e-01,
1.0385761e-01,-0.00000e+00,5.40000e-01,
1.0400409e-01,2.00001e-01,5.40000e-01,
1.0415058e-01,-0.00000e+00,5.60000e-01,
1.0429706e-01,2.00001e-01,5.40000e-01,
1.0444355e-01,2.00001e-01,5.40000e-01,
1.0459004e-01,-0.00000e+00,5.40000e-01,
1.0473652e-01,-0.00000e+00,5.40000e-01,
1.0488301e-01,-0.00000e+00,5.40000e-01,
1.0502949e-01,-0.00000e+00,5.40000e-01,
1.0517598e-01,-0.00000e+00,5.40000e-01,
1.0532247e-01,-0.00000e+00,5.40000e-01,
1.0546895e-01,-0.00000e+00,5.40000e-01,
1.0561544e-01,-0.00000e+00,5.40000e-01,
1.0576192e-01,-0.00000e+00,6.00000e-01,
1.0590841e-01,-0.00000e+00,5.40000e-01,
1.0605489e-01,-0.00000e+00,5.40000e-01,
1.0620138e-01,-0.00000e+00,5.40000e-01,
1.0634787e-01,-0.00000e+00,5.40000e-01,
1.0649435e-01,-0.00000e+00,5.40000e-01,
1.0664084e-01,2.00001e-01,5.40000e-01,
1.0678732e-01,-0.00000e+00,5.40000e-01,
1.0693381e-01,2.00001e-01,5.40000e-01,
1.0708030e-01,-0.00000e+00,5.40000e-01,
1.0722678e-01,2.00001e-01,5.40000e-01,
1.0737327e-01,-0.00000e+00,5.40000e-01,
1.0751975e-01,2.00001e-01,5.40000e-01,
1.0766624e-01,-0.00000e+00,5.40000e-01,
1.0781273e-01,-0.00000e+00,5.40000e-01,
1.0795921e-01,-0.00000e+00,5.40000e-01,
1.0810570e-01,-0.00000e+00,5.40000e-01,
1.0825218e-01,2.00001e-01,5.40000e-01,
1.0839867e-01,-0.00000e+00,5.40000e-01,
1.0854515e-01,2.00001e-01,5.40000e-01,
1.0869164e-01,-0.00000e+00,5.40000e-01,
1.0883813e-01,-0.00000e+00,5.40000e-01,
1.0898461e-01,-0.00000e+00,5.40000e-01,
1.0913110e-01,2.00001e-01,5.40000e-01,
1.0927758e-01,2.00001e-01,5.40000e-01,
1.0942407e-01,2.00001e-01,5.40000e-01,
1.0957056e-01,-0.00000e+00,5.40000e-01,
1.0971704e-01,2.00001e-01,5.40000e-01,
1.0986353e-01,2.00001e-01,5.40000e-01,
1.1001001e-01,2.00001e-01,5.40000e-01,
1.1015650e-01,2.00001e-01,5.40000e-01,
1.1030298e-01,2.00001e-01,5.40000e-01,
1.1044947e-01,-0.00000e+00,5.40000e-01,
1.1059596e-01,-0.00000e+00,5.40000e-01,
1.1074244e-01,-0.00000e+00,5.40000e-01,
1.1088893e-01,-0.00000e+00,5.40000e-01,
1.1103541e-01,2.00001e-01,5.40000e-01,
1.1118190e-01,2.00001e-01,5.40000e-01,
1.1132839e-01,-0.00000e+00,5.40000e-01,
1.1147487e-01,-0.00000e+00,5.40000e-01,
1.1162136e-01,-0.00000e+00,5.40000e-01,
1.1176784e-01,-0.00000e+00,5.40000e-01,
1.1191433e-01,-0.00000e+00,5.40000e-01,
1.1206082e-01,-0.00000e+00,5.40000e-01,
1.1220730e-01,-0.00000e+00,5.40000e-01,
1.1235379e-01,-0.00000e+00,5.40000e-01,
1.1250027e-01,-0.00000e+00,5.40000e-01,
1.1264676e-01,-0.00000e+00,5.40000e-01,
1.1279324e-01,-0.00000e+00,5.40000e-01,
1.1293973e-01,-0.00000e+00,5.40000e-01,
1.1308622e-01,2.00001e-01,5.40000e-01,
1.1323270e-01,-0.00000e+00,5.40000e-01,
1.1337919e-01,-0.00000e+00,5.40000e-01,
1.1352567e-01,-0.00000e+00,5.40000e-01,
1.1367216e-01,-0.00000e+00,5.40000e-01,
1.1381865e-01,-0.00000e+00,5.40000e-01,
1.1396513e-01,-0.00000e+00,5.40000e-01,
1.1411162e-01,-0.00000e+00,5.40000e-01,
1.1425810e-01,-0.00000e+00,5.40000e-01,
1.1440459e-01,-0.00000e+00,5.60000e-01,
1.1455107e-01,-0.00000e+00,5.40000e-01,
1.1469756e-01,2.00001e-01,5.40000e-01,
1.1484405e-01,-0.00000e+00,5.40000e-01,
1.1499053e-01,-0.00000e+00,5.60000e-01,
1.1513702e-01,-0.00000e+00,5.80000e-01,
1.1528350e-01,2.00001e-01,5.40000e-01,
1.1542999e-01,5.00000e+00,5.40000e-01,
1.1557648e-01,-0.00000e+00,5.40000e-01,
1.1572296e-01,-0.00000e+00,5.40000e-01,
1.1586945e-01,-0.00000e+00,5.40000e-01,
1.1601593e-01,2.00001e-01,5.60000e-01,
1.1616242e-01,-0.00000e+00,5.40000e-01,
1.1630891e-01,-0.00000e+00,5.40000e-01,
1.1645539e-01,2.00001e-01,5.40000e-01,
1.1660188e-01,2.00001e-01,5.60000e-01,
1.1674836e-01,-0.00000e+00,5.40000e-01,
1.1689485e-01,-0.00000e+00,5.40000e-01,
1.1704133e-01,2.00001e-01,5.40000e-01,
1.1718782e-01,2.00001e-01,5.40000e-01,
1.1733431e-01,-0.00000e+00,5.40000e-01,
1.1748079e-01,2.00001e-01,5.40000e-01,
1.1762728e-01,-0.00000e+00,5.60000e-01,
1.1777376e-01,2.00001e-01,5.60000e-01,
1.1792025e-01,-0.00000e+00,5.40000e-01,
1.1806674e-01,2.00001e-01,5.60000e-01,
1.1821322e-01,-0.00000e+00,5.40000e-01,
1.1835971e-01,-0.00000e+00,6.00000e-01,
1.1850619e-01,-0.00000e+00,5.60000e-01,
1.1865268e-01,-0.00000e+00,5.60000e-01,
1.1879916e-01,-0.00000e+00,5.60000e-01,
1.1894565e-01,-0.00000e+00,5.60000e-01,
1.1909214e-01,2.00001e-01,5.40000e-01,
1.1923862e-01,-0.00000e+00,5.60000e-01,
1.1938511e-01,-0.00000e+00,6.00000e-01,
1.1953159e-01,-0.00000e+00,5.40000e-01,
1.1967808e-01,-0.00000e+00,5.40000e-01,
1.1982457e-01,2.00001e-01,5.60000e-01,
1.1997105e-01,2.00001e-01,5.40000e-01,
1.2011754e-01,2.00001e-01,5.40000e-01,
1.2026402e-01,-0.00000e+00,5.40000e-01,
1.2041051e-01,-0.00000e+00,5.40000e-01,
1.2055700e-01,-0.00000e+00,5.60000e-01,
1.2070348e-01,-0.00000e+00,5.40000e-01,
1.2084997e-01,2.00001e-01,5.60000e-01,
1.2099645e-01,2.00001e-01,5.40000e-01,
1.2114294e-01,-0.00000e+00,5.40000e-01,
1.2128942e-01,-0.00000e+00,5.40000e-01,
1.2143591e-01,2.00001e-01,5.40000e-01,
1.2158240e-01,2.00001e-01,5.60000e-01,
1.2172888e-01,-0.00000e+00,5.60000e-01,
1.2187537e-01,2.00001e-01,5.40000e-01,
1.2202185e-01,2.00001e-01,5.40000e-01,
1.2216834e-01,-0.00000e+00,5.60000e-01,
1.2231483e-01,2.00001e-01,5.40000e-01,
1.2246131e-01,2.00001e-01,5.40000e-01,
1.2260780e-01,-0.00000e+00,5.20000e-01,
1.2275428e-01,-0.00000e+00,5.60000e-01,
1.2290077e-01,2.00001e-01,5.40000e-01,
1.2304725e-01,2.00001e-01,5.60000e-01,
1.2319374e-01,2.00001e-01,5.60000e-01,
1.2334023e-01,2.00001e-01,5.40000e-01,
1.2348671e-01,-0.00000e+00,5.60000e-01,
1.2363320e-01,-0.00000e+00,5.80000e-01,
1.2377968e-01,-0.00000e+00,5.40000e-01,
1.2392617e-01,2.00001e-01,5.80000e-01,
1.2407266e-01,-0.00000e+00,5.40000e-01,
1.2421914e-01,-0.00000e+00,5.60000e-01,
1.2436563e-01,2.00001e-01,5.60000e-01,
1.2451211e-01,-0.00000e+00,5.60000e-01,
1.2465860e-01,-0.00000e+00,5.60000e-01,
1.2480509e-01,-0.00000e+00,5.40000e-01,
1.2495157e-01,-0.00000e+00,5.60000e-01,
1.2509805e-01,-0.00000e+00,5.60000e-01,
1.2524453e-01,2.00001e-01,5.60000e-01,
1.2539101e-01,2.00001e-01,5.60000e-01,
1.2553748e-01,2.00001e-01,5.60000e-01,
1.2568396e-01,-0.00000e+00,5.40000e-01,
1.2583044e-01,-0.00000e+00,5.40000e-01,
1.2597692e-01,2.00001e-01,5.80000e-01,
1.2612340e-01,-0.00000e+00,5.60000e-01,
1.2626988e-01,-0.00000e+00,5.40000e-01,
1.2641636e-01,2.00001e-01,5.60000e-01,
1.2656283e-01,-0.00000e+00,5.40000e-01,
1.2670931e-01,-0.00000e+00,5.60000e-01,
1.2685579e-01,-0.00000e+00,5.40000e-01,
1.2700227e-01,-0.00000e+00,5.80000e-01,
1.2714875e-01,-0.00000e+00,5.60000e-01,
1.2729523e-01,-0.00000e+00,5.20000e-01,
1.2744170e-01,-0.00000e+00,5.60000e-01,
1.2758818e-01,-0.00000e+00,5.60000e-01,
1.2773466e-01,-0.00000e+00,5.60000e-01,
1.2788114e-01,2.00001e-01,5.60000e-01,
1.2802762e-01,2.00001e-01,5.80000e-01,
1.2817410e-01,-0.00000e+00,5.60000e-01,
1.2832057e-01,2.00001e-01,5.80000e-01,
1.2846705e-01,-0.00000e+00,5.60000e-01,
1.2861353e-01,-0.00000e+00,5.80000e-01,
1.2876001e-01,2.00001e-01,5.60000e-01,
1.2890649e-01,-0.00000e+00,5.60000e-01,
1.2905297e-01,-0.00000e+00,5.40000e-01,
1.2919945e-01,2.00001e-01,5.60000e-01,
1.2934592e-01,2.00001e-01,5.60000e-01,
1.2949240e-01,-0.00000e+00,5.60000e-01,
1.2963888e-01,-0.00000e+00,5.80000e-01,
1.2978536e-01,-0.00000e+00,5.40000e-01,
1.2993184e-01,2.00001e-01,5.80000e-01,
1.3007832e-01,-0.00000e+00,5.60000e-01,
1.3022479e-01,-0.00000e+00,5.80000e-01,
1.3037127e-01,2.00001e-01,5.80000e-01,
1.3051775e-01,2.00001e-01,5.60000e-01,
1.3066423e-01,-0.00000e+00,5.80000e-01,
1.3081071e-01,-0.00000e+00,5.60000e-01,
1.3095719e-01,-0.00000e+00,5.60000e-01,
1.3110366e-01,2.00001e-01,5.40000e-01,
1.3125014e-01,2.00001e-01,5.60000e-01,
1.3139662e-01,2.00001e-01,5.60000e-01,
1.3154310e-01,-0.00000e+00,5.60000e-01,
1.3168958e-01,-0.00000e+00,5.60000e-01,
1.3183606e-01,-0.00000e+00,5.80000e-01,
1.3198254e-01,2.00001e-01,5.60000e-01,
1.3212901e-01,-0.00000e+00,5.60000e-01,
1.3227549e-01,-0.00000e+00,5.80000e-01,
1.3242197e-01,-0.00000e+00,5.60000e-01,
1.3256845e-01,-0.00000e+00,5.80000e-01,
1.3271493e-01,2.00001e-01,5.80000e-01,
1.3286141e-01,-0.00000e+00,5.80000e-01,
1.3300788e-01,-0.00000e+00,5.60000e-01,
1.3315436e-01,-0.00000e+00,5.60000e-01,
1.3330084e-01,-0.00000e+00,5.80000e-01,
1.3344732e-01,-0.00000e+00,5.60000e-01,
1.3359380e-01,-0.00000e+00,5.60000e-01,
1.3374028e-01,-0.00000e+00,5.60000e-01,
1.3388675e-01,-0.00000e+00,5.80000e-01,
1.3403323e-01,-0.00000e+00,5.40000e-01,
1.3417971e-01,-0.00000e+00,5.80000e-01,
1.3432619e-01,-0.00000e+00,5.60000e-01,
1.3447267e-01,-0.00000e+00,5.60000e-01,
1.3461915e-01,-0.00000e+00,5.60000e-01,
1.3476563e-01,-0.00000e+00,5.60000e-01,
1.3491210e-01,-0.00000e+00,5.40000e-01,
1.3505858e-01,-0.00000e+00,5.60000e-01,
1.3520506e-01,-0.00000e+00,5.40000e-01,
1.3535154e-01,-0.00000e+00,5.80000e-01,
1.3549802e-01,-0.00000e+00,5.40000e-01,
1.3564450e-01,-0.00000e+00,5.60000e-01,
1.3579097e-01,-0.00000e+00,5.60000e-01,
1.3593745e-01,-0.00000e+00,5.60000e-01,
1.3608393e-01,-0.00000e+00,5.60000e-01,
1.3623041e-01,-0.00000e+00,5.80000e-01,
1.3637689e-01,-0.00000e+00,5.60000e-01,
1.3652337e-01,-0.00000e+00,5.60000e-01,
1.3666984e-01,-0.00000e+00,5.80000e-01,
1.3681632e-01,-0.00000e+00,5.80000e-01,
1.3696280e-01,-0.00000e+00,5.60000e-01,
1.3710928e-01,-0.00000e+00,5.40000e-01,
1.3725576e-01,-0.00000e+00,5.60000e-01,
1.3740224e-01,-0.00000e+00,5.60000e-01,
1.3754871e-01,-0.00000e+00,5.60000e-01,
1.3769519e-01,-0.00000e+00,5.60000e-01,
1.3784167e-01,-0.00000e+00,5.60000e-01,
1.3798815e-01,2.00001e-01,5.60000e-01,
1.3813463e-01,-0.00000e+00,5.80000e-01,
1.3828111e-01,-0.00000e+00,5.80000e-01,
1.3842759e-01,-0.00000e+00,5.80000e-01,
1.3857406e-01,-0.00000e+00,5.60000e-01,
1.3872054e-01,-0.00000e+00,5.80000e-01,
1.3886702e-01,-0.00000e+00,6.20000e-01,
1.3901350e-01,-0.00000e+00,5.60000e-01,
1.3915998e-01,-0.00000e+00,5.60000e-01,
1.3930646e-01,-0.00000e+00,5.80000e-01,
1.3945293e-01,-0.00000e+00,5.60000e-01,
1.3959941e-01,-0.00000e+00,5.60000e-01,
1.3974589e-01,-0.00000e+00,5.80000e-01,
1.3989237e-01,-0.00000e+00,5.60000e-01,
1.4003885e-01,-0.00000e+00,5.80000e-01,
1.4018533e-01,-0.00000e+00,5.80000e-01,
1.4033180e-01,-0.00000e+00,5.40000e-01,
1.4047828e-01,-0.00000e+00,5.60000e-01,
1.4062476e-01,-0.00000e+00,5.80000e-01,
1.4077124e-01,-0.00000e+00,5.80000e-01,
1.4091772e-01,2.00001e-01,5.60000e-01,
1.4106420e-01,-0.00000e+00,5.80000e-01,
1.4121068e-01,-0.00000e+00,5.80000e-01,
1.4135715e-01,-0.00000e+00,5.60000e-01,
1.4150363e-01,-0.00000e+00,5.80000e-01,
1.4165011e-01,-0.00000e+00,5.80000e-01,
1.4179659e-01,-0.00000e+00,5.80000e-01,
1.4194307e-01,2.00001e-01,5.80000e-01,
1.4208955e-01,-0.00000e+00,5.80000e-01,
1.4223602e-01,-0.00000e+00,5.80000e-01,
1.4238250e-01,-0.00000e+00,5.80000e-01,
1.4252898e-01,-0.00000e+00,6.00000e-01,
1.4267546e-01,-0.00000e+00,5.60000e-01,
1.4282194e-01,-0.00000e+00,5.80000e-01,
1.4296842e-01,-0.00000e+00,5.80000e-01,
1.4311489e-01,2.00001e-01,5.80000e-01,
1.4326137e-01,-0.00000e+00,5.80000e-01,
1.4340785e-01,2.00001e-01,5.60000e-01,
1.4355433e-01,-0.00000e+00,5.80000e-01,
1.4370081e-01,-0.00000e+00,5.60000e-01,
1.4384729e-01,-0.00000e+00,5.80000e-01,
1.4399377e-01,-0.00000e+00,5.80000e-01,
1.4414024e-01,-0.00000e+00,5.80000e-01,
1.4428672e-01,-0.00000e+00,5.80000e-01,
1.4443320e-01,-0.00000e+00,5.80000e-01,
1.4457968e-01,2.00001e-01,5.60000e-01,
1.4472616e-01,-0.00000e+00,6.20000e-01,
1.4487264e-01,-0.00000e+00,5.80000e-01,
1.4501911e-01,-0.00000e+00,5.80000e-01,
1.4516559e-01,-0.00000e+00,5.80000e-01,
1.4531207e-01,-0.00000e+00,5.80000e-01,
1.4545855e-01,2.00001e-01,5.80000e-01,
1.4560503e-01,-0.00000e+00,5.80000e-01,
1.4575151e-01,-0.00000e+00,5.80000e-01,
1.4589798e-01,2.00001e-01,5.80000e-01,
1.4604446e-01,2.00001e-01,5.80000e-01,
1.4619094e-01,-0.00000e+00,5.80000e-01,
1.4633742e-01,-0.00000e+00,5.80000e-01,
1.4648390e-01,-0.00000e+00,5.80000e-01,
1.4663038e-01,-0.00000e+00,5.80000e-01,
1.4677685e-01,-0.00000e+00,5.60000e-01,
1.4692333e-01,-0.00000e+00,5.40000e-01,
1.4706981e-01,-0.00000e+00,5.60000e-01,
1.4721629e-01,-0.00000e+00,5.80000e-01,
1.4736277e-01,-0.00000e+00,5.80000e-01,
1.4750925e-01,-0.00000e+00,5.80000e-01,
1.4765573e-01,-0.00000e+00,5.80000e-01,
1.4780220e-01,-0.00000e+00,5.60000e-01,
1.4794868e-01,-0.00000e+00,5.80000e-01,
1.4809516e-01,-0.00000e+00,5.80000e-01,
1.4824164e-01,-0.00000e+00,5.80000e-01,
1.4838812e-01,-0.00000e+00,5.80000e-01,
1.4853460e-01,-0.00000e+00,5.80000e-01,
1.4868107e-01,-0.00000e+00,5.80000e-01,
1.4882755e-01,-0.00000e+00,5.80000e-01,
1.4897403e-01,2.00001e-01,5.80000e-01,
1.4912051e-01,-0.00000e+00,5.80000e-01,
1.4926699e-01,2.00001e-01,5.80000e-01,
1.4941347e-01,-0.00000e+00,5.80000e-01,
1.4955994e-01,-0.00000e+00,6.00000e-01,
1.4970642e-01,-0.00000e+00,5.80000e-01,
1.4985290e-01,-0.00000e+00,5.80000e-01,
1.4999938e-01,-0.00000e+00,5.80000e-01,
1.5014586e-01,-0.00000e+00,5.80000e-01,
1.5029234e-01,-0.00000e+00,5.80000e-01,
1.5043882e-01,-0.00000e+00,6.00000e-01,
1.5058529e-01,2.00001e-01,5.80000e-01,
1.5073177e-01,-0.00000e+00,5.80000e-01,
1.5087825e-01,-0.00000e+00,5.80000e-01,
1.5102473e-01,-0.00000e+00,5.80000e-01,
1.5117121e-01,-0.00000e+00,5.80000e-01,
1.5131769e-01,-0.00000e+00,5.80000e-01,
1.5146416e-01,-0.00000e+00,5.80000e-01,
1.5161064e-01,-0.00000e+00,5.80000e-01,
1.5175712e-01,-0.00000e+00,5.80000e-01,
1.5190360e-01,-0.00000e+00,5.80000e-01,
1.5205008e-01,2.00001e-01,5.80000e-01,
1.5219656e-01,-0.00000e+00,5.80000e-01,
1.5234303e-01,2.00001e-01,5.80000e-01,
1.5248951e-01,-0.00000e+00,6.00000e-01,
1.5263599e-01,-0.00000e+00,5.40000e-01,
1.5278247e-01,-0.00000e+00,5.80000e-01,
1.5292895e-01,-0.00000e+00,5.80000e-01,
1.5307543e-01,-0.00000e+00,5.80000e-01,
1.5322191e-01,-0.00000e+00,5.80000e-01,
1.5336838e-01,2.00001e-01,5.80000e-01,
1.5351486e-01,-0.00000e+00,5.80000e-01,
1.5366134e-01,-0.00000e+00,5.80000e-01,
1.5380782e-01,-0.00000e+00,5.80000e-01,
1.5395430e-01,-0.00000e+00,5.80000e-01,
1.5410078e-01,-0.00000e+00,5.80000e-01,
1.5424725e-01,-0.00000e+00,5.80000e-01,
1.5439373e-01,-0.00000e+00,5.80000e-01,
1.5454021e-01,2.00001e-01,5.80000e-01,
1.5468669e-01,2.00001e-01,5.80000e-01,
1.5483317e-01,-0.00000e+00,5.80000e-01,
1.5497965e-01,-0.00000e+00,5.80000e-01,
1.5512612e-01,2.00001e-01,5.80000e-01,
1.5527260e-01,-0.00000e+00,5.80000e-01,
1.5541908e-01,-0.00000e+00,5.80000e-01,
1.5556556e-01,-0.00000e+00,5.80000e-01,
1.5571204e-01,-0.00000e+00,5.80000e-01,
1.5585852e-01,-0.00000e+00,5.80000e-01,
1.5600500e-01,-0.00000e+00,5.60000e-01,
1.5615147e-01,-0.00000e+00,5.80000e-01,
1.5629795e-01,-0.00000e+00,5.80000e-01,
1.5644443e-01,-0.00000e+00,5.40000e-01,
1.5659091e-01,-0.00000e+00,5.80000e-01,
1.5673739e-01,-0.00000e+00,5.80000e-01,
1.5688387e-01,-0.00000e+00,5.80000e-01,
1.5703034e-01,-0.00000e+00,5.80000e-01,
1.5717682e-01,-0.00000e+00,5.80000e-01,
1.5732330e-01,-0.00000e+00,5.80000e-01,
1.5746978e-01,-0.00000e+00,5.80000e-01,
1.5761626e-01,-0.00000e+00,5.80000e-01,
1.5776274e-01,-0.00000e+00,5.80000e-01,
1.5790921e-01,-0.00000e+00,5.80000e-01,
1.5805569e-01,-0.00000e+00,5.80000e-01,
1.5820217e-01,-0.00000e+00,5.80000e-01,
1.5834865e-01,-0.00000e+00,5.80000e-01,
1.5849513e-01,-0.00000e+00,5.80000e-01,
1.5864161e-01,-0.00000e+00,5.80000e-01,
1.5878808e-01,-0.00000e+00,5.80000e-01,
1.5893456e-01,2.00001e-01,5.80000e-01,
1.5908104e-01,-0.00000e+00,5.80000e-01,
1.5922752e-01,-0.00000e+00,5.80000e-01,
1.5937400e-01,-0.00000e+00,5.80000e-01,
1.5952048e-01,-0.00000e+00,5.80000e-01,
1.5966696e-01,2.00001e-01,5.80000e-01,
1.5981343e-01,2.00001e-01,5.80000e-01,
1.5995991e-01,2.00001e-01,5.80000e-01,
1.6010639e-01,-0.00000e+00,5.80000e-01,
1.6025287e-01,-0.00000e+00,5.80000e-01,
1.6039935e-01,-0.00000e+00,5.80000e-01,
1.6054583e-01,-0.00000e+00,5.80000e-01,
1.6069230e-01,2.00001e-01,5.80000e-01,
1.6083878e-01,-0.00000e+00,6.00000e-01,
1.6098526e-01,-0.00000e+00,6.00000e-01,
1.6113174e-01,-0.00000e+00,5.80000e-01,
1.6127822e-01,-0.00000e+00,6.00000e-01,
1.6142470e-01,-0.00000e+00,6.00000e-01,
1.6157117e-01,-0.00000e+00,5.80000e-01,
1.6171765e-01,-0.00000e+00,6.00000e-01,
1.6186413e-01,2.00001e-01,5.80000e-01,
1.6201061e-01,-0.00000e+00,5.80000e-01,
1.6215709e-01,-0.00000e+00,6.00000e-01,
1.6230357e-01,-0.00000e+00,5.80000e-01,
1.6245005e-01,-0.00000e+00,5.40000e-01,
1.6259652e-01,-0.00000e+00,6.60000e-01,
1.6274300e-01,-0.00000e+00,5.80000e-01,
1.6288948e-01,-0.00000e+00,5.80000e-01,
1.6303596e-01,-0.00000e+00,6.00000e-01,
1.6318244e-01,-0.00000e+00,6.00000e-01,
1.6332892e-01,-0.00000e+00,5.80000e-01,
1.6347539e-01,-0.00000e+00,5.80000e-01,
1.6362187e-01,-0.00000e+00,6.00000e-01,
1.6376835e-01,-0.00000e+00,5.80000e-01,
1.6391483e-01,-0.00000e+00,5.80000e-01,
1.6406131e-01,-0.00000e+00,5.80000e-01,
1.6420779e-01,2.00001e-01,5.80000e-01,
1.6435426e-01,2.00001e-01,5.80000e-01,
1.6450074e-01,-0.00000e+00,5.80000e-01,
1.6464722e-01,-0.00000e+00,5.80000e-01,
1.6479370e-01,2.00001e-01,5.80000e-01,
1.6494018e-01,-0.00000e+00,6.00000e-01,
1.6508666e-01,-0.00000e+00,6.00000e-01,
1.6523314e-01,2.00001e-01,6.00000e-01,
1.6537961e-01,-0.00000e+00,5.80000e-01,
1.6552609e-01,-0.00000e+00,5.80000e-01,
1.6567257e-01,-0.00000e+00,5.80000e-01,
1.6581905e-01,-0.00000e+00,5.80000e-01,
1.6596553e-01,-0.00000e+00,6.00000e-01,
1.6611201e-01,2.00001e-01,5.80000e-01,
1.6625848e-01,-0.00000e+00,5.80000e-01,
1.6640496e-01,-0.00000e+00,6.00000e-01,
1.6655144e-01,-0.00000e+00,5.80000e-01,
1.6669792e-01,-0.00000e+00,6.00000e-01,
1.6684440e-01,-0.00000e+00,5.80000e-01,
1.6699088e-01,-0.00000e+00,5.80000e-01,
1.6713735e-01,-0.00000e+00,6.00000e-01,
1.6728383e-01,-0.00000e+00,5.80000e-01,
1.6743031e-01,2.00001e-01,6.00000e-01,
1.6757679e-01,-0.00000e+00,6.00000e-01,
1.6772327e-01,-0.00000e+00,5.80000e-01,
1.6786975e-01,-0.00000e+00,5.80000e-01,
1.6801623e-01,-0.00000e+00,6.00000e-01,
1.6816270e-01,-0.00000e+00,6.00000e-01,
1.6830918e-01,-0.00000e+00,6.00000e-01,
1.6845566e-01,-0.00000e+00,6.00000e-01,
1.6860214e-01,-0.00000e+00,5.80000e-01,
1.6874862e-01,-0.00000e+00,6.00000e-01,
1.6889510e-01,2.00001e-01,6.00000e-01,
1.6904157e-01,-0.00000e+00,5.80000e-01,
1.6918805e-01,-0.00000e+00,5.80000e-01,
1.6933453e-01,-0.00000e+00,5.80000e-01,
1.6948101e-01,-0.00000e+00,6.00000e-01,
1.6962749e-01,2.00001e-01,5.80000e-01,
1.6977397e-01,2.00001e-01,6.00000e-01,
1.6992044e-01,-0.00000e+00,5.80000e-01,
1.7006692e-01,2.00001e-01,6.00000e-01,
1.7021340e-01,-0.00000e+00,5.80000e-01,
1.7035988e-01,2.00001e-01,5.80000e-01,
1.7050636e-01,-0.00000e+00,5.80000e-01,
1.7065284e-01,-0.00000e+00,5.80000e-01,
1.7079931e-01,-0.00000e+00,6.00000e-01,
1.7094579e-01,-0.00000e+00,5.80000e-01,
1.7109227e-01,-0.00000e+00,5.80000e-01,
1.7123875e-01,-0.00000e+00,6.00000e-01,
1.7138523e-01,-0.00000e+00,6.00000e-01,
1.7153171e-01,2.00001e-01,6.00000e-01,
1.7167819e-01,-0.00000e+00,6.00000e-01,
1.7182466e-01,2.00001e-01,6.00000e-01,
1.7197114e-01,-0.00000e+00,5.80000e-01,
1.7211762e-01,-0.00000e+00,5.80000e-01,
1.7226410e-01,-0.00000e+00,6.00000e-01,
1.7241058e-01,2.00001e-01,5.80000e-01,
1.7255706e-01,5.00000e+00,6.00000e-01,
1.7270353e-01,-0.00000e+00,5.20000e-01,
1.7285001e-01,-0.00000e+00,6.20000e-01,
1.7299649e-01,-0.00000e+00,5.60000e-01,
1.7314297e-01,-0.00000e+00,6.00000e-01,
1.7328945e-01,2.00001e-01,6.00000e-01,
1.7343593e-01,-0.00000e+00,6.00000e-01,
1.7358240e-01,-0.00000e+00,6.00000e-01,
1.7372888e-01,-0.00000e+00,6.00000e-01,
1.7387536e-01,2.00001e-01,6.00000e-01,
1.7402184e-01,2.00001e-01,6.00000e-01,
1.7416832e-01,-0.00000e+00,6.00000e-01,
1.7431480e-01,-0.00000e+00,5.80000e-01,
1.7446128e-01,-0.00000e+00,6.00000e-01,
1.7460775e-01,-0.00000e+00,6.00000e-01,
1.7475423e-01,-0.00000e+00,6.00000e-01,
1.7490071e-01,2.00001e-01,5.80000e-01,
1.7504719e-01,-0.00000e+00,6.00000e-01,
1.7519367e-01,-0.00000e+00,6.00000e-01,
1.7534015e-01,-0.00000e+00,6.00000e-01,
1.7548662e-01,-0.00000e+00,5.80000e-01,
1.7563310e-01,-0.00000e+00,5.80000e-01,
1.7577958e-01,-0.00000e+00,5.80000e-01,
1.7592606e-01,-0.00000e+00,5.80000e-01,
1.7607254e-01,-0.00000e+00,6.00000e-01,
1.7621902e-01,-0.00000e+00,6.00000e-01,
1.7636549e-01,-0.00000e+00,5.80000e-01,
1.7651197e-01,-0.00000e+00,6.00000e-01,
1.7665845e-01,-0.00000e+00,5.80000e-01,
1.7680493e-01,-0.00000e+00,6.00000e-01,
1.7695141e-01,-0.00000e+00,6.00000e-01,
1.7709789e-01,-0.00000e+00,6.00000e-01,
1.7724437e-01,-0.00000e+00,6.00000e-01,
1.7739084e-01,-0.00000e+00,6.00000e-01,
1.7753732e-01,-0.00000e+00,6.00000e-01,
1.7768380e-01,-0.00000e+00,6.00000e-01,
1.7783028e-01,-0.00000e+00,5.80000e-01,
1.7797676e-01,-0.00000e+00,6.00000e-01,
1.7812324e-01,-0.00000e+00,6.00000e-01,
1.7826971e-01,-0.00000e+00,6.00000e-01,
1.7841619e-01,-0.00000e+00,6.00000e-01,
1.7856267e-01,-0.00000e+00,6.00000e-01,
1.7870915e-01,2.00001e-01,6.00000e-01,
1.7885563e-01,-0.00000e+00,6.00000e-01,
1.7900211e-01,-0.00000e+00,6.00000e-01,
1.7914858e-01,-0.00000e+00,6.00000e-01,
1.7929506e-01,-0.00000e+00,6.00000e-01,
1.7944154e-01,-0.00000e+00,6.20000e-01,
1.7958802e-01,2.00001e-01,6.00000e-01,
1.7973450e-01,-0.00000e+00,6.00000e-01,
1.7988098e-01,-0.00000e+00,6.00000e-01,
1.8002746e-01,-0.00000e+00,6.00000e-01,
1.8017393e-01,-0.00000e+00,6.00000e-01,
1.8032041e-01,-0.00000e+00,6.00000e-01,
1.8046689e-01,-0.00000e+00,6.00000e-01,
1.8061337e-01,-0.00000e+00,6.00000e-01,
1.8075985e-01,-0.00000e+00,6.00000e-01,
1.8090633e-01,-0.00000e+00,6.00000e-01,
1.8105280e-01,-0.00000e+00,6.00000e-01,
1.8119928e-01,-0.00000e+00,6.00000e-01,
1.8134576e-01,-0.00000e+00,6.00000e-01,
1.8149224e-01,-0.00000e+00,6.00000e-01,
1.8163872e-01,-0.00000e+00,6.00000e-01,
1.8178520e-01,-0.00000e+00,6.00000e-01,
1.8193167e-01,-0.00000e+00,6.00000e-01,
1.8207815e-01,-0.00000e+00,6.00000e-01,
1.8222463e-01,-0.00000e+00,6.00000e-01,
1.8237111e-01,-0.00000e+00,6.00000e-01,
1.8251759e-01,2.00001e-01,6.00000e-01,
1.8266407e-01,-0.00000e+00,6.00000e-01,
1.8281054e-01,-0.00000e+00,6.00000e-01,
1.8295702e-01,-0.00000e+00,6.00000e-01,
1.8310350e-01,-0.00000e+00,6.00000e-01,
1.8324998e-01,-0.00000e+00,6.00000e-01,
1.8339646e-01,-0.00000e+00,6.00000e-01,
1.8354294e-01,-0.00000e+00,6.00000e-01,
1.8368942e-01,-0.00000e+00,6.00000e-01,
1.8383589e-01,-0.00000e+00,6.00000e-01,
1.8398237e-01,2.00001e-01,6.00000e-01,
1.8412885e-01,2.00001e-01,6.00000e-01,
1.8427533e-01,-0.00000e+00,6.00000e-01,
1.8442181e-01,2.00001e-01,6.00000e-01,
1.8456829e-01,-0.00000e+00,6.00000e-01,
1.8471476e-01,-0.00000e+00,6.00000e-01,
1.8486124e-01,2.00001e-01,6.00000e-01,
1.8500772e-01,-0.00000e+00,6.00000e-01,
1.8515420e-01,-0.00000e+00,6.00000e-01,
1.8530068e-01,2.00001e-01,6.00000e-01,
1.8544716e-01,-0.00000e+00,6.00000e-01,
1.8559363e-01,-0.00000e+00,6.00000e-01,
1.8574011e-01,2.00001e-01,6.00000e-01,
1.8588659e-01,-0.00000e+00,6.00000e-01,
1.8603307e-01,2.00001e-01,6.00000e-01,
1.8617955e-01,-0.00000e+00,6.00000e-01,
1.8632603e-01,2.00001e-01,6.00000e-01,
1.8647251e-01,-0.00000e+00,6.00000e-01,
1.8661898e-01,2.00001e-01,6.00000e-01,
1.8676546e-01,-0.00000e+00,6.00000e-01,
1.8691194e-01,-0.00000e+00,6.00000e-01,
1.8705842e-01,-0.00000e+00,6.00000e-01,
1.8720490e-01,-0.00000e+00,6.20000e-01,
1.8735138e-01,-0.00000e+00,6.20000e-01,
1.8749785e-01,-0.00000e+00,6.00000e-01,
1.8764433e-01,-0.00000e+00,6.00000e-01,
1.8779081e-01,-0.00000e+00,6.00000e-01,
1.8793729e-01,2.00001e-01,6.00000e-01,
1.8808377e-01,-0.00000e+00,6.00000e-01,
1.8823025e-01,-0.00000e+00,7.00000e-01,
1.8837672e-01,2.00001e-01,6.00000e-01,
1.8852320e-01,-0.00000e+00,6.00000e-01,
1.8866968e-01,-0.00000e+00,6.00000e-01,
1.8881616e-01,2.00001e-01,6.00000e-01,
1.8896264e-01,-0.00000e+00,6.00000e-01,
1.8910912e-01,2.00001e-01,6.20000e-01,
1.8925560e-01,-0.00000e+00,6.00000e-01,
1.8940207e-01,-0.00000e+00,6.00000e-01,
1.8954855e-01,-0.00000e+00,6.00000e-01,
1.8969503e-01,2.00001e-01,6.00000e-01,
1.8984151e-01,-0.00000e+00,6.00000e-01,
1.8998799e-01,-0.00000e+00,6.00000e-01,
1.9013447e-01,2.00001e-01,6.00000e-01,
1.9028094e-01,2.00001e-01,6.00000e-01,
1.9042742e-01,-0.00000e+00,6.00000e-01,
1.9057390e-01,-0.00000e+00,6.20000e-01,
1.9072038e-01,-0.00000e+00,6.20000e-01,
1.9086686e-01,-0.00000e+00,6.00000e-01,
1.9101334e-01,-0.00000e+00,6.00000e-01,
1.9115981e-01,2.00001e-01,6.00000e-01,
1.9130629e-01,-0.00000e+00,6.00000e-01,
1.9145277e-01,-0.00000e+00,6.20000e-01,
1.9159925e-01,2.00001e-01,6.00000e-01,
1.9174573e-01,2.00001e-01,6.20000e-01,
1.9189221e-01,-0.00000e+00,6.20000e-01,
1.9203869e-01,-0.00000e+00,6.00000e-01,
1.9218516e-01,2.00001e-01,6.00000e-01,
1.9233164e-01,2.00001e-01,6.20000e-01,
1.9247812e-01,-0.00000e+00,6.20000e-01,
1.9262460e-01,2.00001e-01,5.20000e-01,
1.9277108e-01,-0.00000e+00,6.20000e-01,
1.9291756e-01,2.00001e-01,6.00000e-01,
1.9306403e-01,-0.00000e+00,6.20000e-01,
1.9321051e-01,-0.00000e+00,6.00000e-01,
1.9335699e-01,-0.00000e+00,6.20000e-01,
1.9350347e-01,-0.00000e+00,6.00000e-01,
1.9364995e-01,-0.00000e+00,6.00000e-01,
1.9379643e-01,2.00001e-01,6.00000e-01,
1.9394290e-01,2.00001e-01,6.00000e-01,
1.9408938e-01,2.00001e-01,6.00000e-01,
1.9423586e-01,-0.00000e+00,6.00000e-01,
1.9438234e-01,-0.00000e+00,6.00000e-01,
1.9452882e-01,2.00001e-01,6.00000e-01,
1.9467530e-01,-0.00000e+00,6.00000e-01,
1.9482177e-01,-0.00000e+00,6.20000e-01,
1.9496825e-01,-0.00000e+00,6.00000e-01,
1.9511473e-01,-0.00000e+00,6.00000e-01,
1.9526121e-01,2.00001e-01,6.20000e-01,
1.9540769e-01,2.00001e-01,6.20000e-01,
1.9555417e-01,-0.00000e+00,6.20000e-01,
1.9570065e-01,-0.00000e+00,6.20000e-01,
1.9584712e-01,-0.00000e+00,6.00000e-01,
1.9599360e-01,-0.00000e+00,6.00000e-01,
1.9614008e-01,-0.00000e+00,6.20000e-01,
1.9628656e-01,-0.00000e+00,6.00000e-01,
1.9643304e-01,-0.00000e+00,6.00000e-01,
1.9657952e-01,-0.00000e+00,6.20000e-01,
1.9672599e-01,-0.00000e+00,6.00000e-01,
1.9687247e-01,-0.00000e+00,6.20000e-01,
1.9701895e-01,2.00001e-01,6.20000e-01,
1.9716543e-01,-0.00000e+00,6.00000e-01,
1.9731191e-01,-0.00000e+00,6.20000e-01,
1.9745839e-01,-0.00000e+00,6.20000e-01,
1.9760486e-01,2.00001e-01,6.20000e-01,
1.9775134e-01,-0.00000e+00,6.00000e-01,
1.9789782e-01,-0.00000e+00,6.20000e-01,
1.9804430e-01,-0.00000e+00,6.20000e-01,
1.9819078e-01,2.00001e-01,6.00000e-01,
1.9833726e-01,2.00001e-01,6.00000e-01,
1.9848374e-01,-0.00000e+00,6.00000e-01,
1.9863021e-01,-0.00000e+00,6.20000e-01,
1.9877669e-01,-0.00000e+00,6.20000e-01,
1.9892317e-01,2.00001e-01,6.20000e-01,
1.9906965e-01,2.00001e-01,6.00000e-01,
1.9921613e-01,-0.00000e+00,6.20000e-01,
1.9936261e-01,-0.00000e+00,6.20000e-01,
1.9950908e-01,-0.00000e+00,6.20000e-01,
1.9965556e-01,-0.00000e+00,5.40000e-01,
1.9980204e-01,-0.00000e+00,6.00000e-01,
1.9994852e-01,-0.00000e+00,6.00000e-01,
2.0009500e-01,-0.00000e+00,6.00000e-01,
2.0024148e-01,-0.00000e+00,6.00000e-01,
2.0038795e-01,-0.00000e+00,6.20000e-01,
2.0053443e-01,2.00001e-01,6.20000e-01,
2.0068091e-01,-0.00000e+00,6.00000e-01,
2.0082739e-01,-0.00000e+00,6.20000e-01,
2.0097387e-01,-0.00000e+00,6.00000e-01,
2.0112035e-01,-0.00000e+00,6.20000e-01,
2.0126683e-01,-0.00000e+00,6.00000e-01,
2.0141330e-01,-0.00000e+00,6.20000e-01,
2.0155978e-01,-0.00000e+00,6.00000e-01,
2.0170626e-01,2.00001e-01,6.20000e-01,
2.0185274e-01,2.00001e-01,6.20000e-01,
2.0199922e-01,-0.00000e+00,6.20000e-01,
2.0214570e-01,-0.00000e+00,6.20000e-01,
2.0229217e-01,-0.00000e+00,6.20000e-01,
2.0243865e-01,-0.00000e+00,6.20000e-01,
2.0258513e-01,-0.00000e+00,6.00000e-01,
2.0273161e-01,-0.00000e+00,6.20000e-01,
2.0287809e-01,2.00001e-01,6.20000e-01,
2.0302457e-01,-0.00000e+00,6.00000e-01,
2.0317104e-01,-0.00000e+00,6.20000e-01,
2.0331752e-01,-0.00000e+00,6.20000e-01,
2.0346400e-01,-0.00000e+00,6.20000e-01,
2.0361048e-01,-0.00000e+00,6.00000e-01,
2.0375696e-01,-0.00000e+00,6.00000e-01,
2.0390344e-01,2.00001e-01,6.20000e-01,
2.0404992e-01,-0.00000e+00,6.60000e-01,
2.0419639e-01,-0.00000e+00,6.20000e-01,
2.0434287e-01,2.00001e-01,6.20000e-01,
2.0448935e-01,-0.00000e+00,6.20000e-01,
2.0463583e-01,-0.00000e+00,6.20000e-01,
2.0478231e-01,-0.00000e+00,6.20000e-01,
2.0492879e-01,-0.00000e+00,6.20000e-01,
2.0507526e-01,-0.00000e+00,6.20000e-01,
2.0522174e-01,-0.00000e+00,6.20000e-01,
2.0536822e-01,5.00000e+00,6.00000e-01,
2.0551470e-01,-0.00000e+00,6.20000e-01,
2.0566118e-01,-0.00000e+00,6.20000e-01,
2.0580766e-01,2.00001e-01,6.20000e-01,
2.0595413e-01,-0.00000e+00,6.20000e-01,
2.0610061e-01,-0.00000e+00,6.20000e-01,
2.0624709e-01,-0.00000e+00,6.20000e-01,
2.0639357e-01,2.00001e-01,6.20000e-01,
2.0654005e-01,-0.00000e+00,6.00000e-01,
2.0668653e-01,-0.00000e+00,6.80000e-01,
2.0683300e-01,-0.00000e+00,6.20000e-01,
2.0697948e-01,-0.00000e+00,6.20000e-01,
2.0712596e-01,-0.00000e+00,6.20000e-01,
2.0727244e-01,-0.00000e+00,6.20000e-01,
2.0741892e-01,-0.00000e+00,6.20000e-01,
2.0756540e-01,-0.00000e+00,6.20000e-01,
2.0771188e-01,-0.00000e+00,6.20000e-01,
2.0785835e-01,-0.00000e+00,6.20000e-01,
2.0800483e-01,-0.00000e+00,6.20000e-01,
2.0815131e-01,-0.00000e+00,6.20000e-01,
2.0829779e-01,-0.00000e+00,6.20000e-01,
2.0844427e-01,-0.00000e+00,6.20000e-01,
2.0859075e-01,-0.00000e+00,6.20000e-01,
2.0873722e-01,-0.00000e+00,6.20000e-01,
2.0888370e-01,-0.00000e+00,6.20000e-01,
2.0903018e-01,-0.00000e+00,6.20000e-01,
2.0917666e-01,-0.00000e+00,6.40000e-01,
2.0932314e-01,-0.00000e+00,6.20000e-01,
2.0946962e-01,-0.00000e+00,6.20000e-01,
2.0961609e-01,-0.00000e+00,6.00000e-01,
2.0976257e-01,-0.00000e+00,6.20000e-01,
2.0990905e-01,-0.00000e+00,6.20000e-01,
2.1005553e-01,-0.00000e+00,6.20000e-01,
2.1020201e-01,-0.00000e+00,6.00000e-01,
2.1034849e-01,-0.00000e+00,5.40000e-01,
2.1049497e-01,-0.00000e+00,6.20000e-01,
2.1064144e-01,-0.00000e+00,6.20000e-01,
2.1078792e-01,2.00001e-01,6.20000e-01,
2.1093440e-01,-0.00000e+00,6.20000e-01,
2.1108088e-01,-0.00000e+00,6.20000e-01,
2.1122736e-01,-0.00000e+00,6.20000e-01,
2.1137384e-01,-0.00000e+00,6.20000e-01,
2.1152031e-01,-0.00000e+00,6.80000e-01,
2.1166679e-01,-0.00000e+00,6.20000e-01,
2.1181327e-01,-0.00000e+00,6.20000e-01,
2.1195975e-01,-0.00000e+00,6.20000e-01,
2.1210623e-01,-0.00000e+00,6.20000e-01,
2.1225271e-01,-0.00000e+00,6.20000e-01,
2.1239918e-01,-0.00000e+00,6.20000e-01,
2.1254566e-01,-0.00000e+00,6.20000e-01,
2.1269214e-01,-0.00000e+00,6.20000e-01,
2.1283862e-01,-0.00000e+00,6.20000e-01,
2.1298510e-01,-0.00000e+00,6.20000e-01,
2.1313158e-01,-0.00000e+00,6.20000e-01,
2.1327806e-01,-0.00000e+00,6.20000e-01,
2.1342453e-01,-0.00000e+00,6.20000e-01,
2.1357101e-01,-0.00000e+00,6.20000e-01,
2.1371749e-01,5.20000e+00,6.00000e-01,
2.1386397e-01,-0.00000e+00,6.20000e-01,
2.1401045e-01,-0.00000e+00,6.20000e-01,
2.1415693e-01,-0.00000e+00,6.20000e-01,
2.1430340e-01,-0.00000e+00,6.20000e-01,
2.1444988e-01,-0.00000e+00,6.20000e-01,
2.1459636e-01,2.00001e-01,6.20000e-01,
2.1474284e-01,2.00001e-01,6.20000e-01,
2.1488932e-01,-0.00000e+00,6.20000e-01,
2.1503580e-01,-0.00000e+00,6.20000e-01,
2.1518227e-01,-0.00000e+00,6.20000e-01,
2.1532875e-01,-0.00000e+00,6.20000e-01,
2.1547523e-01,-0.00000e+00,6.20000e-01,
2.1562171e-01,-0.00000e+00,6.20000e-01,
2.1576819e-01,-0.00000e+00,6.20000e-01,
2.1591467e-01,2.00001e-01,6.40000e-01,
2.1606115e-01,-0.00000e+00,6.20000e-01,
2.1620762e-01,2.00001e-01,6.20000e-01,
2.1635410e-01,-0.00000e+00,6.20000e-01,
2.1650058e-01,-0.00000e+00,6.20000e-01,
2.1664706e-01,2.00001e-01,6.20000e-01,
2.1679354e-01,-0.00000e+00,6.20000e-01,
2.1694002e-01,-0.00000e+00,6.20000e-01,
2.1708649e-01,-0.00000e+00,6.20000e-01,
2.1723297e-01,-0.00000e+00,6.20000e-01,
2.1737945e-01,-0.00000e+00,6.20000e-01,
2.1752593e-01,-0.00000e+00,6.20000e-01,
2.1767241e-01,-0.00000e+00,6.20000e-01,
2.1781889e-01,-0.00000e+00,6.20000e-01,
2.1796536e-01,-0.00000e+00,6.20000e-01,
2.1811184e-01,-0.00000e+00,6.20000e-01,
2.1825832e-01,2.00001e-01,6.20000e-01,
2.1840480e-01,-0.00000e+00,6.20000e-01,
2.1855128e-01,-0.00000e+00,6.20000e-01,
2.1869776e-01,-0.00000e+00,6.20000e-01,
2.1884423e-01,2.00001e-01,6.20000e-01,
2.1899071e-01,-0.00000e+00,6.20000e-01,
2.1913719e-01,-0.00000e+00,6.20000e-01,
2.1928367e-01,-0.00000e+00,6.20000e-01,
2.1943015e-01,2.00001e-01,6.20000e-01,
2.1957663e-01,-0.00000e+00,6.20000e-01,
2.1972311e-01,-0.00000e+00,6.20000e-01,
2.1986958e-01,-0.00000e+00,6.00000e-01,
2.2001606e-01,-0.00000e+00,6.20000e-01,
2.2016254e-01,-0.00000e+00,6.20000e-01,
2.2030902e-01,-0.00000e+00,6.20000e-01,
2.2045550e-01,-0.00000e+00,6.20000e-01,
2.2060198e-01,2.00001e-01,6.20000e-01,
2.2074845e-01,2.00001e-01,6.20000e-01,
2.2089493e-01,-0.00000e+00,6.20000e-01,
2.2104141e-01,-0.00000e+00,6.20000e-01,
2.2118789e-01,-0.00000e+00,6.20000e-01,
2.2133437e-01,-0.00000e+00,6.20000e-01,
2.2148085e-01,2.00001e-01,6.20000e-01,
2.2162732e-01,-0.00000e+00,6.20000e-01,
2.2177380e-01,2.00001e-01,6.60000e-01,
2.2192028e-01,2.00001e-01,6.20000e-01,
2.2206676e-01,2.00001e-01,6.20000e-01,
2.2221324e-01,2.00001e-01,6.20000e-01,
2.2235972e-01,2.00001e-01,6.20000e-01,
2.2250620e-01,-0.00000e+00,6.20000e-01,
2.2265267e-01,-0.00000e+00,6.60000e-01,
2.2279915e-01,-0.00000e+00,6.20000e-01,
2.2294563e-01,-0.00000e+00,6.20000e-01,
2.2309211e-01,-0.00000e+00,6.20000e-01,
2.2323859e-01,2.00001e-01,6.20000e-01,
2.2338507e-01,2.00001e-01,6.20000e-01,
2.2353154e-01,2.00001e-01,5.60000e-01,
2.2367802e-01,-0.00000e+00,6.20000e-01,
2.2382450e-01,-0.00000e+00,6.20000e-01,
2.2397098e-01,2.00001e-01,6.40000e-01,
2.2411746e-01,2.00001e-01,6.20000e-01,
2.2426394e-01,2.00001e-01,6.20000e-01,
2.2441041e-01,5.20000e+00,6.00000e-01,
2.2455689e-01,2.00001e-01,6.20000e-01,
2.2470337e-01,2.00001e-01,6.40000e-01,
2.2484985e-01,-0.00000e+00,6.20000e-01,
2.2499633e-01,-0.00000e+00,6.20000e-01,
2.2514281e-01,-0.00000e+00,6.20000e-01,
2.2528929e-01,-0.00000e+00,6.60000e-01,
2.2543576e-01,-0.00000e+00,6.20000e-01,
2.2558224e-01,-0.00000e+00,6.20000e-01,
2.2572872e-01,2.00001e-01,6.20000e-01,
2.2587520e-01,-0.00000e+00,6.20000e-01,
2.2602168e-01,-0.00000e+00,6.20000e-01,
2.2616816e-01,-0.00000e+00,6.00000e-01,
2.2631463e-01,-0.00000e+00,6.20000e-01,
2.2646111e-01,-0.00000e+00,6.20000e-01,
2.2660759e-01,2.00001e-01,6.20000e-01,
2.2675407e-01,-0.00000e+00,6.20000e-01,
2.2690055e-01,2.00001e-01,6.20000e-01,
2.2704703e-01,-0.00000e+00,6.60000e-01,
2.2719350e-01,-0.00000e+00,6.20000e-01,
2.2733998e-01,-0.00000e+00,6.40000e-01,
2.2748646e-01,2.00001e-01,6.20000e-01,
2.2763294e-01,-0.00000e+00,6.20000e-01,
2.2777942e-01,-0.00000e+00,6.20000e-01,
2.2792590e-01,-0.00000e+00,6.40000e-01,
2.2807238e-01,-0.00000e+00,6.40000e-01,
2.2821885e-01,-0.00000e+00,6.20000e-01,
2.2836533e-01,-0.00000e+00,6.20000e-01,
2.2851181e-01,-0.00000e+00,6.20000e-01,
2.2865829e-01,-0.00000e+00,7.20000e-01,
2.2880477e-01,-0.00000e+00,6.20000e-01,
2.2895125e-01,-0.00000e+00,6.20000e-01,
2.2909772e-01,-0.00000e+00,6.40000e-01,
2.2924420e-01,-0.00000e+00,6.20000e-01,
2.2939068e-01,-0.00000e+00,6.20000e-01,
2.2953716e-01,-0.00000e+00,6.20000e-01,
2.2968364e-01,-0.00000e+00,6.40000e-01,
2.2983012e-01,-0.00000e+00,6.20000e-01,
2.2997659e-01,-0.00000e+00,6.20000e-01,
2.3012307e-01,-0.00000e+00,6.20000e-01,
2.3026955e-01,2.00001e-01,6.20000e-01,
2.3041603e-01,-0.00000e+00,6.40000e-01,
2.3056251e-01,-0.00000e+00,6.20000e-01,
2.3070899e-01,-0.00000e+00,6.20000e-01,
2.3085546e-01,-0.00000e+00,6.20000e-01,
2.3100194e-01,-0.00000e+00,6.40000e-01,
2.3114842e-01,-0.00000e+00,6.40000e-01,
2.3129490e-01,-0.00000e+00,6.40000e-01,
2.3144138e-01,-0.00000e+00,6.20000e-01,
2.3158786e-01,-0.00000e+00,6.20000e-01,
2.3173434e-01,2.00001e-01,6.40000e-01,
2.3188081e-01,-0.00000e+00,6.00000e-01,
2.3202729e-01,-0.00000e+00,6.40000e-01,
2.3217377e-01,-0.00000e+00,6.20000e-01,
2.3232025e-01,-0.00000e+00,6.40000e-01,
2.3246673e-01,-0.00000e+00,6.40000e-01,
2.3261321e-01,-0.00000e+00,6.40000e-01,
2.3275968e-01,-0.00000e+00,6.20000e-01,
2.3290616e-01,-0.00000e+00,6.20000e-01,
2.3305264e-01,-0.00000e+00,6.40000e-01,
2.3319912e-01,-0.00000e+00,6.20000e-01,
2.3334560e-01,-0.00000e+00,6.40000e-01,
2.3349208e-01,-0.00000e+00,6.40000e-01,
2.3363855e-01,-0.00000e+00,6.40000e-01,
2.3378503e-01,-0.00000e+00,6.20000e-01,
2.3393151e-01,-0.00000e+00,6.20000e-01,
2.3407799e-01,-0.00000e+00,6.40000e-01,
2.3422447e-01,2.00001e-01,6.40000e-01,
2.3437095e-01,-0.00000e+00,6.20000e-01,
2.3451743e-01,-0.00000e+00,6.40000e-01,
2.3466390e-01,-0.00000e+00,6.20000e-01,
2.3481038e-01,-0.00000e+00,6.40000e-01,
2.3495686e-01,2.00001e-01,6.40000e-01,
2.3510334e-01,-0.00000e+00,6.20000e-01,
2.3524982e-01,2.00001e-01,6.20000e-01,
2.3539630e-01,-0.00000e+00,6.40000e-01,
2.3554277e-01,2.00001e-01,6.40000e-01,
2.3568925e-01,2.00001e-01,6.20000e-01,
2.3583573e-01,2.00001e-01,6.20000e-01,
2.3598221e-01,-0.00000e+00,6.40000e-01,
2.3612869e-01,-0.00000e+00,6.20000e-01,
2.3627517e-01,2.00001e-01,6.20000e-01,
2.3642164e-01,-0.00000e+00,6.00000e-01,
2.3656812e-01,2.00001e-01,6.40000e-01,
2.3671460e-01,-0.00000e+00,6.60000e-01,
2.3686108e-01,-0.00000e+00,6.20000e-01,
2.3700756e-01,-0.00000e+00,6.40000e-01,
2.3715404e-01,-0.00000e+00,6.40000e-01,
2.3730052e-01,-0.00000e+00,6.20000e-01,
2.3744699e-01,-0.00000e+00,6.20000e-01,
2.3759347e-01,-0.00000e+00,6.20000e-01,
2.3773995e-01,-0.00000e+00,6.40000e-01,
2.3788643e-01,-0.00000e+00,6.60000e-01,
2.3803291e-01,-0.00000e+00,6.20000e-01,
2.3817939e-01,-0.00000e+00,6.60000e-01,
2.3832586e-01,-0.00000e+00,6.40000e-01,
2.3847234e-01,-0.00000e+00,6.40000e-01,
2.3861882e-01,-0.00000e+00,6.20000e-01,
2.3876530e-01,2.00001e-01,6.40000e-01,
2.3891178e-01,-0.00000e+00,6.20000e-01,
2.3905826e-01,-0.00000e+00,6.20000e-01,
2.3920473e-01,2.00001e-01,6.20000e-01,
2.3935121e-01,-0.00000e+00,6.40000e-01,
2.3949769e-01,-0.00000e+00,6.60000e-01,
2.3964417e-01,-0.00000e+00,6.20000e-01,
2.3979065e-01,-0.00000e+00,6.40000e-01,
2.3993713e-01,-0.00000e+00,6.20000e-01,
2.4008361e-01,-0.00000e+00,6.20000e-01,
2.4023008e-01,-0.00000e+00,6.40000e-01,
2.4037656e-01,-0.00000e+00,6.40000e-01,
2.4052304e-01,-0.00000e+00,6.60000e-01,
2.4066952e-01,2.00001e-01,6.60000e-01,
2.4081600e-01,-0.00000e+00,6.20000e-01,
2.4096248e-01,-0.00000e+00,6.20000e-01,
2.4110895e-01,-0.00000e+00,6.40000e-01,
2.4125543e-01,-0.00000e+00,6.40000e-01,
2.4140191e-01,-0.00000e+00,6.40000e-01,
2.4154839e-01,-0.00000e+00,6.40000e-01,
2.4169487e-01,-0.00000e+00,6.40000e-01,
2.4184135e-01,-0.00000e+00,6.40000e-01,
2.4198782e-01,-0.00000e+00,6.20000e-01,
2.4213430e-01,-0.00000e+00,6.60000e-01,
2.4228078e-01,-0.00000e+00,6.20000e-01,
2.4242726e-01,-0.00000e+00,6.40000e-01,
2.4257374e-01,2.00001e-01,6.40000e-01,
2.4272022e-01,-0.00000e+00,6.20000e-01,
2.4286669e-01,-0.00000e+00,6.20000e-01,
2.4301317e-01,-0.00000e+00,6.60000e-01,
2.4315965e-01,-0.00000e+00,6.20000e-01,
2.4330613e-01,-0.00000e+00,6.20000e-01,
2.4345261e-01,-0.00000e+00,6.60000e-01,
2.4359909e-01,-0.00000e+00,6.20000e-01,
2.4374557e-01,2.00001e-01,6.40000e-01,
2.4389204e-01,2.00001e-01,6.40000e-01,
2.4403852e-01,2.00001e-01,6.40000e-01,
2.4418500e-01,2.00001e-01,6.60000e-01,
2.4433148e-01,2.00001e-01,6.60000e-01,
2.4447796e-01,2.00001e-01,6.20000e-01,
2.4462444e-01,2.00001e-01,5.80000e-01,
2.4477091e-01,-0.00000e+00,6.40000e-01,
2.4491739e-01,-0.00000e+00,6.60000e-01,
2.4506387e-01,-0.00000e+00,6.60000e-01,
2.4521035e-01,2.00001e-01,6.60000e-01,
2.4535683e-01,-0.00000e+00,6.40000e-01,
2.4550331e-01,-0.00000e+00,6.20000e-01,
2.4564978e-01,2.00001e-01,6.60000e-01,
2.4579626e-01,2.00001e-01,6.40000e-01,
2.4594274e-01,2.00001e-01,6.60000e-01,
2.4608922e-01,2.00001e-01,6.60000e-01,
2.4623570e-01,-0.00000e+00,6.60000e-01,
2.4638218e-01,2.00001e-01,6.40000e-01,
2.4652866e-01,-0.00000e+00,5.40000e-01,
2.4667513e-01,-0.00000e+00,6.40000e-01,
2.4682161e-01,-0.00000e+00,6.60000e-01,
2.4696809e-01,-0.00000e+00,6.40000e-01,
2.4711457e-01,2.00001e-01,6.60000e-01,
2.4726105e-01,-0.00000e+00,6.40000e-01,
2.4740753e-01,2.00001e-01,6.60000e-01,
2.4755400e-01,-0.00000e+00,6.60000e-01,
2.4770048e-01,2.00001e-01,6.60000e-01,
2.4784696e-01,2.00001e-01,6.20000e-01,
2.4799344e-01,-0.00000e+00,6.20000e-01,
2.4813992e-01,2.00001e-01,6.60000e-01,
2.4828640e-01,-0.00000e+00,6.60000e-01,
2.4843287e-01,-0.00000e+00,6.20000e-01,
2.4857935e-01,2.00001e-01,6.60000e-01,
2.4872583e-01,-0.00000e+00,6.60000e-01,
2.4887231e-01,-0.00000e+00,6.40000e-01,
2.4901879e-01,5.60000e+00,7.00000e-01,
2.4916527e-01,2.00001e-01,6.20000e-01,
2.4931175e-01,-0.00000e+00,6.60000e-01,
2.4945822e-01,-0.00000e+00,6.60000e-01,
2.4960470e-01,2.00001e-01,6.40000e-01,
2.4975118e-01,-0.00000e+00,6.60000e-01,
2.4989766e-01,-0.00000e+00,6.60000e-01,
2.5004414e-01,-0.00000e+00,6.60000e-01,
2.5019062e-01,-0.00000e+00,6.60000e-01,
2.5033709e-01,-0.00000e+00,6.60000e-01,
2.5048357e-01,2.00001e-01,6.60000e-01,
2.5063005e-01,-0.00000e+00,6.60000e-01,
2.5077653e-01,2.00001e-01,6.60000e-01,
2.5092301e-01,-0.00000e+00,6.60000e-01,
2.5106949e-01,2.00001e-01,6.60000e-01,
2.5121596e-01,-0.00000e+00,6.60000e-01,
2.5136244e-01,2.00001e-01,6.60000e-01,
2.5150892e-01,-0.00000e+00,6.20000e-01,
2.5165540e-01,-0.00000e+00,6.60000e-01,
2.5180188e-01,2.00001e-01,6.60000e-01,
2.5194836e-01,-0.00000e+00,6.40000e-01,
2.5209484e-01,-0.00000e+00,6.60000e-01,
2.5224131e-01,-0.00000e+00,6.60000e-01,
2.5238779e-01,2.00001e-01,6.60000e-01,
2.5253427e-01,2.00001e-01,6.60000e-01,
2.5268075e-01,2.00001e-01,6.20000e-01,
2.5282723e-01,-0.00000e+00,6.60000e-01,
2.5297371e-01,-0.00000e+00,6.60000e-01,
2.5312018e-01,-0.00000e+00,6.60000e-01,
2.5326666e-01,2.00001e-01,6.60000e-01,
2.5341314e-01,-0.00000e+00,6.60000e-01,
2.5355962e-01,2.00001e-01,6.60000e-01,
2.5370610e-01,2.00001e-01,6.60000e-01,
2.5385258e-01,-0.00000e+00,6.60000e-01,
2.5399905e-01,-0.00000e+00,6.60000e-01,
2.5414553e-01,2.00001e-01,6.60000e-01,
2.5429201e-01,2.00001e-01,6.60000e-01,
2.5443849e-01,-0.00000e+00,6.40000e-01,
2.5458497e-01,-0.00000e+00,6.60000e-01,
2.5473145e-01,-0.00000e+00,6.60000e-01,
2.5487792e-01,-0.00000e+00,6.60000e-01,
2.5502440e-01,-0.00000e+00,6.60000e-01,
2.5517088e-01,-0.00000e+00,6.60000e-01,
2.5531736e-01,-0.00000e+00,6.60000e-01,
2.5546384e-01,-0.00000e+00,6.60000e-01,
2.5561032e-01,-0.00000e+00,6.60000e-01,
2.5575680e-01,-0.00000e+00,6.60000e-01,
2.5590327e-01,-0.00000e+00,6.60000e-01,
2.5604975e-01,-0.00000e+00,6.60000e-01,
2.5619623e-01,-0.00000e+00,6.60000e-01,
2.5634271e-01,-0.00000e+00,6.80000e-01,
2.5648919e-01,2.00001e-01,6.60000e-01,
2.5663567e-01,-0.00000e+00,6.60000e-01,
2.5678214e-01,-0.00000e+00,6.60000e-01,
2.5692862e-01,-0.00000e+00,6.60000e-01,
2.5707510e-01,-0.00000e+00,6.60000e-01,
2.5722158e-01,-0.00000e+00,7.40000e-01,
2.5736806e-01,2.00001e-01,6.60000e-01,
2.5751454e-01,2.00001e-01,6.60000e-01,
2.5766101e-01,-0.00000e+00,6.40000e-01,
2.5780749e-01,-0.00000e+00,6.60000e-01,
2.5795397e-01,-0.00000e+00,6.60000e-01,
2.5810045e-01,-0.00000e+00,6.60000e-01,
2.5824693e-01,2.00001e-01,6.60000e-01,
2.5839341e-01,-0.00000e+00,6.60000e-01,
2.5853989e-01,-0.00000e+00,6.60000e-01,
2.5868636e-01,2.00001e-01,6.60000e-01,
2.5883284e-01,-0.00000e+00,6.60000e-01,
2.5897932e-01,-0.00000e+00,6.60000e-01,
2.5912580e-01,2.00001e-01,6.60000e-01,
2.5927228e-01,2.00001e-01,6.60000e-01,
2.5941876e-01,-0.00000e+00,5.80000e-01,
2.5956523e-01,-0.00000e+00,6.60000e-01,
2.5971171e-01,2.00001e-01,6.60000e-01,
2.5985819e-01,-0.00000e+00,6.60000e-01,
2.6000467e-01,-0.00000e+00,6.60000e-01,
2.6015115e-01,-0.00000e+00,6.60000e-01,
2.6029763e-01,-0.00000e+00,6.60000e-01,
2.6044410e-01,2.00001e-01,6.80000e-01,
2.6059058e-01,2.00001e-01,6.60000e-01,
2.6073706e-01,2.00001e-01,6.60000e-01,
2.6088354e-01,2.00001e-01,6.60000e-01,
2.6103002e-01,-0.00000e+00,6.60000e-01,
2.6117650e-01,2.00001e-01,6.60000e-01,
2.6132298e-01,-0.00000e+00,6.60000e-01,
2.6146945e-01,-0.00000e+00,6.60000e-01,
2.6161593e-01,-0.00000e+00,6.60000e-01,
2.6176241e-01,-0.00000e+00,6.60000e-01,
2.6190889e-01,2.00001e-01,6.60000e-01,
2.6205537e-01,2.00001e-01,6.60000e-01,
2.6220185e-01,-0.00000e+00,6.60000e-01,
2.6234832e-01,2.00001e-01,6.60000e-01,
2.6249480e-01,-0.00000e+00,6.60000e-01,
2.6264128e-01,2.00001e-01,6.20000e-01,
2.6278776e-01,-0.00000e+00,6.60000e-01,
2.6293424e-01,-0.00000e+00,6.60000e-01,
2.6308072e-01,-0.00000e+00,6.60000e-01,
2.6322719e-01,-0.00000e+00,6.60000e-01,
2.6337367e-01,-0.00000e+00,6.60000e-01,
2.6352015e-01,2.00001e-01,6.60000e-01,
2.6366663e-01,2.00001e-01,6.60000e-01,
2.6381311e-01,2.00001e-01,6.60000e-01,
2.6395959e-01,-0.00000e+00,6.60000e-01,
2.6410607e-01,-0.00000e+00,6.60000e-01,
2.6425254e-01,-0.00000e+00,6.60000e-01,
2.6439902e-01,2.00001e-01,6.60000e-01,
2.6454550e-01,-0.00000e+00,6.60000e-01,
2.6469198e-01,-0.00000e+00,6.60000e-01,
2.6483846e-01,-0.00000e+00,6.60000e-01,
2.6498494e-01,-0.00000e+00,6.80000e-01,
2.6513141e-01,-0.00000e+00,6.60000e-01,
2.6527789e-01,-0.00000e+00,6.40000e-01,
2.6542437e-01,-0.00000e+00,6.80000e-01,
2.6557085e-01,-0.00000e+00,6.60000e-01,
2.6571733e-01,2.00001e-01,6.60000e-01,
2.6586381e-01,-0.00000e+00,6.60000e-01,
2.6601028e-01,2.00001e-01,6.60000e-01,
2.6615676e-01,-0.00000e+00,6.80000e-01,
2.6630324e-01,2.00001e-01,6.80000e-01,
2.6644972e-01,-0.00000e+00,6.60000e-01,
2.6659620e-01,-0.00000e+00,6.60000e-01,
2.6674268e-01,-0.00000e+00,6.60000e-01,
2.6688915e-01,-0.00000e+00,6.60000e-01,
2.6703563e-01,-0.00000e+00,6.60000e-01,
2.6718211e-01,-0.00000e+00,6.60000e-01,
2.6732859e-01,2.00001e-01,6.60000e-01,
2.6747507e-01,-0.00000e+00,6.60000e-01,
2.6762155e-01,-0.00000e+00,6.60000e-01,
2.6776803e-01,-0.00000e+00,6.60000e-01,
2.6791450e-01,-0.00000e+00,6.60000e-01,
2.6806098e-01,2.00001e-01,6.80000e-01,
2.6820746e-01,-0.00000e+00,6.60000e-01,
2.6835394e-01,-0.00000e+00,6.60000e-01,
2.6850042e-01,-0.00000e+00,6.60000e-01,
2.6864690e-01,-0.00000e+00,6.60000e-01,
2.6879337e-01,-0.00000e+00,6.60000e-01,
2.6893985e-01,-0.00000e+00,6.80000e-01,
2.6908633e-01,-0.00000e+00,6.60000e-01,
2.6923281e-01,2.00001e-01,6.60000e-01,
2.6937929e-01,-0.00000e+00,6.80000e-01,
2.6952577e-01,2.00001e-01,6.80000e-01,
2.6967224e-01,2.00001e-01,6.60000e-01,
2.6981872e-01,-0.00000e+00,6.60000e-01,
2.6996520e-01,-0.00000e+00,6.60000e-01,
2.7011168e-01,-0.00000e+00,6.60000e-01,
2.7025816e-01,-0.00000e+00,6.60000e-01,
2.7040464e-01,-0.00000e+00,6.60000e-01,
2.7055112e-01,-0.00000e+00,6.60000e-01,
2.7069759e-01,-0.00000e+00,6.80000e-01,
2.7084407e-01,-0.00000e+00,6.60000e-01,
2.7099055e-01,-0.00000e+00,6.60000e-01,
2.7113703e-01,-0.00000e+00,6.60000e-01,
2.7128351e-01,-0.00000e+00,6.60000e-01,
2.7142999e-01,2.00001e-01,6.60000e-01,
2.7157646e-01,-0.00000e+00,6.60000e-01,
2.7172294e-01,-0.00000e+00,6.60000e-01,
2.7186942e-01,-0.00000e+00,6.60000e-01,
2.7201590e-01,2.00001e-01,6.60000e-01,
2.7216238e-01,-0.00000e+00,7.20000e-01,
2.7230886e-01,2.00001e-01,6.80000e-01,
2.7245533e-01,-0.00000e+00,6.80000e-01,
2.7260181e-01,-0.00000e+00,6.60000e-01,
2.7274829e-01,-0.00000e+00,6.60000e-01,
2.7289477e-01,-0.00000e+00,6.60000e-01,
2.7304125e-01,-0.00000e+00,6.60000e-01,
2.7318773e-01,-0.00000e+00,6.80000e-01,
2.7333421e-01,-0.00000e+00,6.60000e-01,
2.7348068e-01,-0.00000e+00,6.60000e-01,
2.7362716e-01,-0.00000e+00,6.60000e-01,
2.7377364e-01,-0.00000e+00,6.80000e-01,
2.7392012e-01,-0.00000e+00,6.80000e-01,
2.7406660e-01,-0.00000e+00,6.40000e-01,
2.7421308e-01,2.00001e-01,6.60000e-01,
2.7435955e-01,2.00001e-01,6.60000e-01,
2.7450603e-01,-0.00000e+00,6.60000e-01,
2.7465251e-01,-0.00000e+00,6.80000e-01,
2.7479899e-01,2.00001e-01,6.80000e-01,
2.7494547e-01,2.00001e-01,6.80000e-01,
2.7509195e-01,-0.00000e+00,6.80000e-01,
2.7523842e-01,-0.00000e+00,6.80000e-01,
2.7538490e-01,2.00001e-01,6.60000e-01,
2.7553138e-01,-0.00000e+00,6.60000e-01,
2.7567786e-01,-0.00000e+00,6.80000e-01,
2.7582434e-01,2.00001e-01,6.60000e-01,
2.7597082e-01,-0.00000e+00,6.80000e-01,
2.7611730e-01,-0.00000e+00,6.80000e-01,
2.7626377e-01,2.00001e-01,6.80000e-01,
2.7641025e-01,-0.00000e+00,6.60000e-01,
2.7655673e-01,-0.00000e+00,6.80000e-01,
2.7670321e-01,-0.00000e+00,6.80000e-01,
2.7684969e-01,-0.00000e+00,7.00000e-01,
2.7699617e-01,-0.00000e+00,6.80000e-01,
2.7714264e-01,-0.00000e+00,6.80000e-01,
2.7728912e-01,-0.00000e+00,6.20000e-01,
2.7743560e-01,-0.00000e+00,6.80000e-01,
2.7758208e-01,-0.00000e+00,6.80000e-01,
2.7772856e-01,-0.00000e+00,6.60000e-01,
2.7787504e-01,-0.00000e+00,6.80000e-01,
2.7802151e-01,-0.00000e+00,6.80000e-01,
2.7816799e-01,-0.00000e+00,6.80000e-01,
2.7831447e-01,-0.00000e+00,6.80000e-01,
2.7846095e-01,-0.00000e+00,6.80000e-01,
2.7860743e-01,-0.00000e+00,6.80000e-01,
2.7875391e-01,-0.00000e+00,6.80000e-01,
2.7890038e-01,2.00001e-01,6.80000e-01,
2.7904686e-01,2.00001e-01,6.80000e-01,
2.7919334e-01,-0.00000e+00,6.80000e-01,
2.7933982e-01,2.00001e-01,6.80000e-01,
2.7948630e-01,-0.00000e+00,6.60000e-01,
2.7963278e-01,-0.00000e+00,6.80000e-01,
2.7977926e-01,-0.00000e+00,6.80000e-01,
2.7992573e-01,-0.00000e+00,6.80000e-01,
2.8007221e-01,-0.00000e+00,6.80000e-01,
2.8021869e-01,-0.00000e+00,6.80000e-01,
2.8036517e-01,-0.00000e+00,6.80000e-01,
2.8051165e-01,-0.00000e+00,6.80000e-01,
2.8065813e-01,-0.00000e+00,6.80000e-01,
2.8080460e-01,-0.00000e+00,6.80000e-01,
2.8095108e-01,-0.00000e+00,6.80000e-01,
2.8109756e-01,-0.00000e+00,6.80000e-01,
2.8124404e-01,-0.00000e+00,6.80000e-01,
2.8139052e-01,-0.00000e+00,6.80000e-01,
2.8153700e-01,-0.00000e+00,6.80000e-01,
2.8168347e-01,2.00001e-01,6.60000e-01,
2.8182995e-01,-0.00000e+00,6.80000e-01,
2.8197643e-01,-0.00000e+00,6.80000e-01,
2.8212291e-01,2.00001e-01,6.80000e-01,
2.8226939e-01,-0.00000e+00,6.80000e-01,
2.8241587e-01,-0.00000e+00,6.80000e-01,
2.8256235e-01,2.00001e-01,6.80000e-01,
2.8270882e-01,-0.00000e+00,6.80000e-01,
2.8285530e-01,-0.00000e+00,6.80000e-01,
2.8300178e-01,-0.00000e+00,6.80000e-01,
2.8314826e-01,-0.00000e+00,6.80000e-01,
2.8329474e-01,-0.00000e+00,6.80000e-01,
2.8344122e-01,-0.00000e+00,6.80000e-01,
2.8358769e-01,2.00001e-01,6.80000e-01,
2.8373417e-01,-0.00000e+00,6.80000e-01,
2.8388065e-01,2.00001e-01,6.80000e-01,
2.8402713e-01,2.00001e-01,6.80000e-01,
2.8417361e-01,-0.00000e+00,6.80000e-01,
2.8432009e-01,2.00001e-01,6.80000e-01,
2.8446656e-01,-0.00000e+00,6.80000e-01,
2.8461304e-01,-0.00000e+00,6.80000e-01,
2.8475952e-01,2.00001e-01,6.80000e-01,
2.8490600e-01,-0.00000e+00,6.80000e-01,
2.8505248e-01,-0.00000e+00,6.80000e-01,
2.8519896e-01,-0.00000e+00,7.00000e-01,
2.8534544e-01,2.00001e-01,6.80000e-01,
2.8549191e-01,-0.00000e+00,6.80000e-01,
2.8563839e-01,-0.00000e+00,7.60000e-01,
2.8578487e-01,2.00001e-01,6.80000e-01,
2.8593135e-01,2.00001e-01,7.00000e-01,
2.8607783e-01,2.00001e-01,6.20000e-01,
2.8622431e-01,-0.00000e+00,6.80000e-01,
2.8637078e-01,2.00001e-01,6.80000e-01,
2.8651726e-01,-0.00000e+00,6.80000e-01,
2.8666374e-01,2.00001e-01,6.80000e-01,
2.8681022e-01,2.00001e-01,6.80000e-01,
2.8695670e-01,-0.00000e+00,6.80000e-01,
2.8710318e-01,2.00001e-01,6.80000e-01,
2.8724965e-01,2.00001e-01,6.80000e-01,
2.8739613e-01,-0.00000e+00,6.80000e-01,
2.8754261e-01,-0.00000e+00,7.00000e-01,
2.8768909e-01,2.00001e-01,6.80000e-01,
2.8783557e-01,-0.00000e+00,6.80000e-01,
2.8798205e-01,-0.00000e+00,6.80000e-01,
2.8812853e-01,-0.00000e+00,6.80000e-01,
2.8827500e-01,-0.00000e+00,7.00000e-01,
2.8842148e-01,-0.00000e+00,7.00000e-01,
2.8856796e-01,2.00001e-01,7.80000e-01,
2.8871444e-01,-0.00000e+00,6.80000e-01,
2.8886092e-01,-0.00000e+00,6.80000e-01,
2.8900740e-01,-0.00000e+00,6.80000e-01,
2.8915387e-01,-0.00000e+00,6.80000e-01,
2.8930035e-01,-0.00000e+00,6.80000e-01,
2.8944683e-01,-0.00000e+00,6.80000e-01,
2.8959331e-01,2.00001e-01,6.80000e-01,
2.8973979e-01,2.00001e-01,7.00000e-01,
2.8988627e-01,-0.00000e+00,6.80000e-01,
2.9003274e-01,-0.00000e+00,6.80000e-01,
2.9017922e-01,-0.00000e+00,6.80000e-01,
2.9032570e-01,2.00001e-01,6.80000e-01,
2.9047218e-01,2.00001e-01,7.00000e-01,
2.9061866e-01,-0.00000e+00,7.20000e-01,
2.9076514e-01,2.00001e-01,7.00000e-01,
2.9091161e-01,-0.00000e+00,6.80000e-01,
2.9105809e-01,-0.00000e+00,6.80000e-01,
2.9120457e-01,-0.00000e+00,6.80000e-01,
2.9135105e-01,-0.00000e+00,7.00000e-01,
2.9149753e-01,-0.00000e+00,7.00000e-01,
2.9164401e-01,-0.00000e+00,6.80000e-01,
2.9179049e-01,-0.00000e+00,6.80000e-01,
2.9193696e-01,-0.00000e+00,7.00000e-01,
2.9208344e-01,-0.00000e+00,7.00000e-01,
2.9222992e-01,2.00001e-01,7.80000e-01,
2.9237640e-01,-0.00000e+00,6.80000e-01,
2.9252288e-01,2.00001e-01,7.00000e-01,
2.9266936e-01,-0.00000e+00,7.00000e-01,
2.9281583e-01,-0.00000e+00,7.00000e-01,
2.9296231e-01,-0.00000e+00,7.00000e-01,
2.9310879e-01,-0.00000e+00,7.00000e-01,
2.9325527e-01,2.00001e-01,7.00000e-01,
2.9340175e-01,2.00001e-01,7.00000e-01,
2.9354823e-01,-0.00000e+00,6.80000e-01,
2.9369470e-01,-0.00000e+00,7.00000e-01,
2.9384118e-01,-0.00000e+00,7.00000e-01,
2.9398766e-01,-0.00000e+00,6.80000e-01,
2.9413414e-01,-0.00000e+00,7.00000e-01,
2.9428062e-01,-0.00000e+00,7.00000e-01,
2.9442710e-01,-0.00000e+00,7.00000e-01,
2.9457358e-01,-0.00000e+00,7.00000e-01,
2.9472005e-01,-0.00000e+00,6.80000e-01,
2.9486653e-01,-0.00000e+00,7.00000e-01,
2.9501301e-01,2.00001e-01,6.40000e-01,
2.9515949e-01,2.00001e-01,7.00000e-01,
2.9530597e-01,-0.00000e+00,7.00000e-01,
2.9545245e-01,-0.00000e+00,7.00000e-01,
2.9559892e-01,2.00001e-01,7.00000e-01,
2.9574540e-01,-0.00000e+00,7.00000e-01,
2.9589188e-01,-0.00000e+00,6.80000e-01,
2.9603836e-01,-0.00000e+00,6.80000e-01,
2.9618484e-01,-0.00000e+00,7.00000e-01,
2.9633132e-01,-0.00000e+00,7.00000e-01,
2.9647779e-01,-0.00000e+00,7.00000e-01,
2.9662427e-01,-0.00000e+00,6.80000e-01,
2.9677075e-01,-0.00000e+00,7.00000e-01,
2.9691723e-01,-0.00000e+00,7.00000e-01,
2.9706371e-01,-0.00000e+00,7.00000e-01,
2.9721019e-01,-0.00000e+00,6.80000e-01,
2.9735667e-01,-0.00000e+00,6.20000e-01,
2.9750314e-01,-0.00000e+00,7.00000e-01,
2.9764962e-01,-0.00000e+00,6.80000e-01,
2.9779610e-01,-0.00000e+00,6.80000e-01,
2.9794258e-01,-0.00000e+00,7.00000e-01,
2.9808906e-01,-0.00000e+00,7.00000e-01,
2.9823554e-01,-0.00000e+00,6.80000e-01,
2.9838201e-01,-0.00000e+00,7.00000e-01,
2.9852849e-01,-0.00000e+00,7.00000e-01,
2.9867497e-01,-0.00000e+00,7.00000e-01,
2.9882145e-01,-0.00000e+00,7.00000e-01,
2.9896793e-01,-0.00000e+00,6.80000e-01,
2.9911441e-01,-0.00000e+00,6.80000e-01,
2.9926088e-01,-0.00000e+00,6.00000e-01,
2.9940736e-01,-0.00000e+00,7.00000e-01,
2.9955384e-01,-0.00000e+00,7.00000e-01,
2.9970032e-01,2.00001e-01,6.80000e-01,
2.9984680e-01,2.00001e-01,6.80000e-01,
2.9999328e-01,2.00001e-01,7.00000e-01,
3.0013976e-01,-0.00000e+00,7.00000e-01,
3.0028623e-01,-0.00000e+00,7.00000e-01,
3.0043271e-01,2.00001e-01,7.00000e-01,
3.0057919e-01,-0.00000e+00,7.00000e-01,
3.0072567e-01,-0.00000e+00,7.00000e-01,
3.0087215e-01,-0.00000e+00,7.00000e-01,
3.0101863e-01,-0.00000e+00,6.80000e-01,
3.0116510e-01,-0.00000e+00,7.00000e-01,
3.0131158e-01,2.00001e-01,6.80000e-01,
3.0145806e-01,2.00001e-01,7.00000e-01,
3.0160454e-01,-0.00000e+00,7.00000e-01,
3.0175102e-01,-0.00000e+00,7.00000e-01,
3.0189750e-01,2.00001e-01,6.60000e-01,
3.0204397e-01,2.00001e-01,7.00000e-01,
3.0219045e-01,-0.00000e+00,7.00000e-01,
3.0233693e-01,-0.00000e+00,7.00000e-01,
3.0248341e-01,-0.00000e+00,7.00000e-01,
3.0262989e-01,5.00000e+00,6.80000e-01,
3.0277637e-01,-0.00000e+00,7.00000e-01,
3.0292284e-01,-0.00000e+00,7.00000e-01,
3.0306932e-01,-0.00000e+00,6.80000e-01,
3.0321580e-01,2.00001e-01,7.00000e-01,
3.0336228e-01,2.00001e-01,7.00000e-01,
3.0350876e-01,2.00001e-01,7.00000e-01,
3.0365524e-01,-0.00000e+00,7.00000e-01,
3.0380172e-01,2.00001e-01,7.00000e-01,
3.0394819e-01,2.00001e-01,7.00000e-01,
3.0409467e-01,-0.00000e+00,7.00000e-01,
3.0424115e-01,2.00001e-01,7.00000e-01,
3.0438763e-01,-0.00000e+00,7.00000e-01,
3.0453411e-01,-0.00000e+00,7.00000e-01,
3.0468059e-01,2.00001e-01,7.00000e-01,
3.0482706e-01,2.00001e-01,7.00000e-01,
3.0497354e-01,2.00001e-01,7.00000e-01,
3.0512002e-01,-0.00000e+00,7.00000e-01,
3.0526650e-01,-0.00000e+00,7.00000e-01,
3.0541298e-01,-0.00000e+00,7.00000e-01,
3.0555946e-01,-0.00000e+00,7.00000e-01,
3.0570593e-01,-0.00000e+00,7.00000e-01,
3.0585241e-01,-0.00000e+00,7.00000e-01,
3.0599889e-01,-0.00000e+00,7.00000e-01,
3.0614537e-01,-0.00000e+00,7.00000e-01,
3.0629185e-01,-0.00000e+00,6.60000e-01,
3.0643833e-01,-0.00000e+00,7.00000e-01,
3.0658481e-01,-0.00000e+00,7.00000e-01,
3.0673128e-01,-0.00000e+00,7.00000e-01,
3.0687776e-01,-0.00000e+00,7.00000e-01,
3.0702424e-01,-0.00000e+00,7.00000e-01,
3.0717072e-01,-0.00000e+00,7.00000e-01,
3.0731720e-01,-0.00000e+00,7.00000e-01,
3.0746368e-01,2.00001e-01,7.00000e-01,
3.0761015e-01,2.00001e-01,7.00000e-01,
3.0775663e-01,-0.00000e+00,7.00000e-01,
3.0790311e-01,2.00001e-01,7.00000e-01,
3.0804959e-01,-0.00000e+00,7.00000e-01,
3.0819607e-01,-0.00000e+00,7.00000e-01,
3.0834255e-01,-0.00000e+00,7.00000e-01,
3.0848902e-01,2.00001e-01,7.00000e-01,
3.0863550e-01,2.00001e-01,7.00000e-01,
3.0878198e-01,-0.00000e+00,7.00000e-01,
3.0892846e-01,-0.00000e+00,7.00000e-01,
3.0907494e-01,-0.00000e+00,6.80000e-01,
3.0922142e-01,-0.00000e+00,7.00000e-01,
3.0936790e-01,2.00001e-01,7.00000e-01,
3.0951437e-01,-0.00000e+00,7.00000e-01,
3.0966085e-01,2.00001e-01,7.00000e-01,
3.0980733e-01,-0.00000e+00,7.00000e-01,
3.0995381e-01,-0.00000e+00,7.00000e-01,
3.1010029e-01,-0.00000e+00,7.00000e-01,
3.1024677e-01,-0.00000e+00,7.00000e-01,
3.1039324e-01,-0.00000e+00,7.00000e-01,
3.1053972e-01,-0.00000e+00,7.00000e-01,
3.1068620e-01,-0.00000e+00,7.00000e-01,
3.1083268e-01,-0.00000e+00,7.00000e-01,
3.1097916e-01,-0.00000e+00,7.00000e-01,
3.1112564e-01,-0.00000e+00,7.00000e-01,
3.1127211e-01,-0.00000e+00,7.00000e-01,
3.1141859e-01,-0.00000e+00,7.00000e-01,
3.1156507e-01,-0.00000e+00,7.00000e-01,
3.1171155e-01,-0.00000e+00,7.00000e-01,
3.1185803e-01,-0.00000e+00,7.00000e-01,
3.1200451e-01,-0.00000e+00,7.00000e-01,
3.1215099e-01,-0.00000e+00,7.00000e-01,
3.1229746e-01,-0.00000e+00,7.60000e-01,
3.1244394e-01,2.00001e-01,7.00000e-01,
3.1259042e-01,-0.00000e+00,7.00000e-01,
3.1273690e-01,2.00001e-01,7.00000e-01,
3.1288338e-01,-0.00000e+00,7.00000e-01,
3.1302986e-01,2.00001e-01,7.00000e-01,
3.1317633e-01,-0.00000e+00,7.00000e-01,
3.1332281e-01,2.00001e-01,7.80000e-01,
3.1346929e-01,-0.00000e+00,7.00000e-01,
3.1361577e-01,2.00001e-01,7.00000e-01,
3.1376225e-01,-0.00000e+00,7.00000e-01,
3.1390873e-01,-0.00000e+00,7.00000e-01,
3.1405520e-01,-0.00000e+00,7.00000e-01,
3.1420168e-01,-0.00000e+00,7.00000e-01,
3.1434816e-01,2.00001e-01,7.40000e-01,
3.1449464e-01,2.00001e-01,7.00000e-01,
3.1464112e-01,2.00001e-01,7.00000e-01,
3.1478760e-01,-0.00000e+00,7.00000e-01,
3.1493407e-01,-0.00000e+00,7.00000e-01,
3.1508055e-01,-0.00000e+00,7.00000e-01,
3.1522703e-01,-0.00000e+00,7.00000e-01,
3.1537351e-01,-0.00000e+00,6.60000e-01,
3.1551999e-01,-0.00000e+00,7.00000e-01,
3.1566647e-01,-0.00000e+00,7.00000e-01,
3.1581295e-01,-0.00000e+00,7.00000e-01,
3.1595942e-01,-0.00000e+00,7.00000e-01,
3.1610590e-01,-0.00000e+00,7.00000e-01,
3.1625238e-01,-0.00000e+00,7.00000e-01,
3.1639886e-01,2.00001e-01,7.20000e-01,
3.1654534e-01,2.00001e-01,7.00000e-01,
3.1669182e-01,-0.00000e+00,7.00000e-01,
3.1683829e-01,-0.00000e+00,7.00000e-01,
3.1698477e-01,-0.00000e+00,7.00000e-01,
3.1713125e-01,2.00001e-01,7.00000e-01,
3.1727773e-01,2.00001e-01,7.00000e-01,
3.1742421e-01,-0.00000e+00,7.00000e-01,
3.1757069e-01,-0.00000e+00,7.00000e-01,
3.1771716e-01,-0.00000e+00,6.80000e-01,
3.1786364e-01,-0.00000e+00,7.00000e-01,
3.1801012e-01,-0.00000e+00,7.00000e-01,
3.1815660e-01,-0.00000e+00,7.00000e-01,
3.1830308e-01,-0.00000e+00,7.00000e-01,
3.1844956e-01,-0.00000e+00,7.00000e-01,
3.1859604e-01,2.00001e-01,7.00000e-01,
3.1874251e-01,-0.00000e+00,7.00000e-01,
3.1888899e-01,-0.00000e+00,7.00000e-01,
3.1903547e-01,-0.00000e+00,7.00000e-01,
3.1918195e-01,-0.00000e+00,7.00000e-01,
3.1932843e-01,-0.00000e+00,7.00000e-01,
3.1947491e-01,-0.00000e+00,7.00000e-01,
3.1962138e-01,-0.00000e+00,7.00000e-01,
3.1976786e-01,-0.00000e+00,7.00000e-01,
3.1991434e-01,-0.00000e+00,7.00000e-01,
3.2006082e-01,-0.00000e+00,7.00000e-01,
3.2020730e-01,-0.00000e+00,7.00000e-01,
3.2035378e-01,-0.00000e+00,7.00000e-01,
3.2050025e-01,-0.00000e+00,7.00000e-01,
3.2064673e-01,-0.00000e+00,7.00000e-01,
3.2079321e-01,2.00001e-01,7.00000e-01,
3.2093969e-01,2.00001e-01,7.00000e-01,
3.2108617e-01,-0.00000e+00,7.00000e-01,
3.2123265e-01,2.00001e-01,7.00000e-01,
3.2137913e-01,-0.00000e+00,7.00000e-01,
3.2152560e-01,-0.00000e+00,7.00000e-01,
3.2167208e-01,2.00001e-01,7.80000e-01,
3.2181856e-01,-0.00000e+00,7.00000e-01,
3.2196504e-01,-0.00000e+00,7.00000e-01,
3.2211152e-01,-0.00000e+00,7.00000e-01,
3.2225800e-01,2.00001e-01,7.00000e-01,
3.2240447e-01,-0.00000e+00,7.00000e-01,
3.2255095e-01,-0.00000e+00,7.00000e-01,
3.2269743e-01,-0.00000e+00,7.00000e-01,
3.2284391e-01,-0.00000e+00,7.00000e-01,
3.2299039e-01,-0.00000e+00,7.00000e-01,
3.2313687e-01,-0.00000e+00,7.00000e-01,
3.2328334e-01,-0.00000e+00,7.60000e-01,
3.2342982e-01,-0.00000e+00,7.00000e-01,
3.2357630e-01,-0.00000e+00,7.00000e-01,
3.2372278e-01,2.00001e-01,7.00000e-01,
3.2386926e-01,-0.00000e+00,7.00000e-01,
3.2401574e-01,-0.00000e+00,7.00000e-01,
3.2416221e-01,-0.00000e+00,7.00000e-01,
3.2430869e-01,2.00001e-01,7.00000e-01,
3.2445517e-01,-0.00000e+00,7.00000e-01,
3.2460165e-01,-0.00000e+00,7.00000e-01,
3.2474813e-01,-0.00000e+00,7.00000e-01,
3.2489461e-01,-0.00000e+00,7.00000e-01,
3.2504109e-01,-0.00000e+00,7.00000e-01,
3.2518756e-01,-0.00000e+00,7.00000e-01,
3.2533404e-01,2.00001e-01,7.00000e-01,
3.2548052e-01,2.00001e-01,7.00000e-01,
3.2562700e-01,2.00001e-01,7.00000e-01,
3.2577348e-01,-0.00000e+00,7.00000e-01,
3.2591996e-01,-0.00000e+00,7.00000e-01,
3.2606643e-01,-0.00000e+00,7.00000e-01,
3.2621291e-01,-0.00000e+00,7.20000e-01,
3.2635939e-01,-0.00000e+00,7.00000e-01,
3.2650587e-01,-0.00000e+00,7.00000e-01,
3.2665235e-01,-0.00000e+00,7.00000e-01,
3.2679883e-01,2.00001e-01,7.00000e-01,
3.2694530e-01,-0.00000e+00,7.00000e-01,
3.2709178e-01,-0.00000e+00,7.60000e-01,
3.2723826e-01,-0.00000e+00,7.00000e-01,
3.2738474e-01,-0.00000e+00,7.00000e-01,
3.2753122e-01,-0.00000e+00,7.00000e-01,
3.2767770e-01,-0.00000e+00,7.00000e-01,
3.2782418e-01,-0.00000e+00,7.00000e-01,
3.2797065e-01,-0.00000e+00,7.00000e-01,
3.2811713e-01,2.00001e-01,7.20000e-01,
3.2826361e-01,2.00001e-01,7.00000e-01,
3.2841009e-01,-0.00000e+00,7.00000e-01,
3.2855657e-01,-0.00000e+00,7.00000e-01,
3.2870305e-01,-0.00000e+00,7.00000e-01,
3.2884952e-01,-0.00000e+00,7.00000e-01,
3.2899600e-01,-0.00000e+00,7.00000e-01,
3.2914248e-01,-0.00000e+00,7.00000e-01,
3.2928896e-01,2.00001e-01,7.00000e-01,
3.2943544e-01,2.00001e-01,7.00000e-01,
3.2958192e-01,-0.00000e+00,6.60000e-01,
3.2972839e-01,-0.00000e+00,7.00000e-01,
3.2987487e-01,2.00001e-01,7.00000e-01,
3.3002135e-01,-0.00000e+00,7.00000e-01,
3.3016783e-01,-0.00000e+00,7.00000e-01,
3.3031431e-01,-0.00000e+00,7.00000e-01,
3.3046079e-01,-0.00000e+00,7.00000e-01,
3.3060727e-01,-0.00000e+00,7.00000e-01,
3.3075374e-01,-0.00000e+00,7.00000e-01,
3.3090022e-01,-0.00000e+00,7.20000e-01,
3.3104670e-01,-0.00000e+00,7.00000e-01,
3.3119318e-01,-0.00000e+00,7.00000e-01,
3.3133966e-01,2.00001e-01,7.00000e-01,
3.3148614e-01,-0.00000e+00,7.00000e-01,
3.3163261e-01,-0.00000e+00,7.00000e-01,
3.3177909e-01,2.00001e-01,7.00000e-01,
3.3192557e-01,2.00001e-01,7.00000e-01,
3.3207205e-01,-0.00000e+00,7.00000e-01,
3.3221853e-01,2.00001e-01,7.00000e-01,
3.3236501e-01,-0.00000e+00,7.00000e-01,
3.3251148e-01,-0.00000e+00,7.00000e-01,
3.3265796e-01,-0.00000e+00,7.00000e-01,
3.3280444e-01,-0.00000e+00,7.20000e-01,
3.3295092e-01,2.00001e-01,6.60000e-01,
3.3309740e-01,2.00001e-01,7.00000e-01,
3.3324388e-01,2.00001e-01,7.80000e-01,
3.3339036e-01,-0.00000e+00,7.00000e-01,
3.3353683e-01,-0.00000e+00,7.00000e-01,
3.3368331e-01,-0.00000e+00,7.00000e-01,
3.3382979e-01,-0.00000e+00,7.00000e-01,
3.3397627e-01,-0.00000e+00,7.20000e-01,
3.3412275e-01,-0.00000e+00,7.00000e-01,
3.3426923e-01,-0.00000e+00,7.00000e-01,
3.3441570e-01,2.00001e-01,7.00000e-01,
3.3456218e-01,-0.00000e+00,7.00000e-01,
3.3470866e-01,-0.00000e+00,7.00000e-01,
3.3485514e-01,-0.00000e+00,7.00000e-01,
3.3500162e-01,-0.00000e+00,7.00000e-01,
3.3514810e-01,2.00001e-01,7.00000e-01,
3.3529457e-01,-0.00000e+00,7.00000e-01,
3.3544105e-01,2.00001e-01,7.00000e-01,
3.3558753e-01,2.00001e-01,7.00000e-01,
3.3573401e-01,-0.00000e+00,7.00000e-01,
3.3588049e-01,-0.00000e+00,7.20000e-01,
3.3602697e-01,-0.00000e+00,7.00000e-01,
3.3617344e-01,-0.00000e+00,7.00000e-01,
3.3631992e-01,-0.00000e+00,7.00000e-01,
3.3646640e-01,-0.00000e+00,7.20000e-01,
3.3661288e-01,-0.00000e+00,7.00000e-01,
3.3675936e-01,-0.00000e+00,7.00000e-01,
3.3690584e-01,-0.00000e+00,7.00000e-01,
3.3705232e-01,-0.00000e+00,7.00000e-01,
3.3719879e-01,-0.00000e+00,7.00000e-01,
3.3734527e-01,-0.00000e+00,7.00000e-01,
3.3749175e-01,2.00001e-01,7.00000e-01,
3.3763823e-01,-0.00000e+00,7.00000e-01,
3.3778471e-01,2.00001e-01,7.20000e-01,
3.3793119e-01,-0.00000e+00,7.20000e-01,
3.3807766e-01,-0.00000e+00,7.00000e-01,
3.3822414e-01,-0.00000e+00,7.00000e-01,
3.3837062e-01,-0.00000e+00,7.00000e-01,
3.3851710e-01,2.00001e-01,7.00000e-01,
3.3866358e-01,-0.00000e+00,7.00000e-01,
3.3881006e-01,-0.00000e+00,7.20000e-01,
3.3895653e-01,-0.00000e+00,7.00000e-01,
3.3910301e-01,-0.00000e+00,7.20000e-01,
3.3924949e-01,-0.00000e+00,7.20000e-01,
3.3939597e-01,-0.00000e+00,7.20000e-01,
3.3954245e-01,-0.00000e+00,7.40000e-01,
3.3968893e-01,2.00001e-01,7.40000e-01,
3.3983541e-01,2.00001e-01,7.20000e-01,
3.3998188e-01,2.00001e-01,7.20000e-01,
3.4012836e-01,-0.00000e+00,7.20000e-01,
3.4027484e-01,-0.00000e+00,7.00000e-01,
3.4042132e-01,-0.00000e+00,7.20000e-01,
3.4056780e-01,-0.00000e+00,7.20000e-01,
3.4071428e-01,-0.00000e+00,7.20000e-01,
3.4086075e-01,2.00001e-01,7.20000e-01,
3.4100723e-01,-0.00000e+00,7.20000e-01,
3.4115371e-01,-0.00000e+00,7.00000e-01,
3.4130019e-01,-0.00000e+00,7.20000e-01,
3.4144667e-01,-0.00000e+00,7.20000e-01,
3.4159315e-01,-0.00000e+00,7.20000e-01,
3.4173962e-01,-0.00000e+00,7.00000e-01,
3.4188610e-01,-0.00000e+00,7.20000e-01,
3.4203258e-01,-0.00000e+00,7.20000e-01,
3.4217906e-01,-0.00000e+00,7.00000e-01,
3.4232554e-01,2.00001e-01,7.20000e-01,
3.4247202e-01,-0.00000e+00,7.20000e-01,
3.4261850e-01,-0.00000e+00,7.20000e-01,
3.4276497e-01,-0.00000e+00,7.20000e-01,
3.4291145e-01,-0.00000e+00,7.40000e-01,
3.4305793e-01,2.00001e-01,7.20000e-01,
3.4320441e-01,-0.00000e+00,6.20000e-01,
3.4335089e-01,-0.00000e+00,7.00000e-01,
3.4349737e-01,-0.00000e+00,7.80000e-01,
3.4364384e-01,2.00001e-01,7.20000e-01,
3.4379032e-01,-0.00000e+00,7.00000e-01,
3.4393680e-01,-0.00000e+00,7.20000e-01,
3.4408328e-01,-0.00000e+00,7.20000e-01,
3.4422976e-01,-0.00000e+00,7.20000e-01,
3.4437624e-01,-0.00000e+00,7.20000e-01,
3.4452271e-01,-0.00000e+00,7.20000e-01,
3.4466919e-01,2.00001e-01,7.20000e-01,
3.4481567e-01,2.00001e-01,7.20000e-01,
3.4496215e-01,-0.00000e+00,7.20000e-01,
3.4510863e-01,2.00001e-01,7.40000e-01,
3.4525511e-01,2.00001e-01,7.20000e-01,
3.4540159e-01,-0.00000e+00,7.20000e-01,
3.4554806e-01,2.00001e-01,7.40000e-01,
3.4569454e-01,2.00001e-01,7.40000e-01,
3.4584102e-01,-0.00000e+00,7.20000e-01,
3.4598750e-01,2.00001e-01,7.40000e-01,
3.4613398e-01,-0.00000e+00,7.20000e-01,
3.4628046e-01,2.00001e-01,7.20000e-01,
3.4642693e-01,2.00001e-01,7.00000e-01,
3.4657341e-01,-0.00000e+00,7.20000e-01,
3.4671989e-01,-0.00000e+00,7.20000e-01,
3.4686637e-01,5.00000e+00,7.00000e-01,
3.4701285e-01,-0.00000e+00,7.00000e-01,
3.4715933e-01,-0.00000e+00,7.60000e-01,
3.4730580e-01,2.00001e-01,7.20000e-01,
3.4745228e-01,-0.00000e+00,7.00000e-01,
3.4759876e-01,-0.00000e+00,7.20000e-01,
3.4774524e-01,2.00001e-01,7.40000e-01,
3.4789172e-01,2.00001e-01,7.20000e-01,
3.4803820e-01,-0.00000e+00,7.20000e-01,
3.4818467e-01,2.00001e-01,7.20000e-01,
3.4833115e-01,-0.00000e+00,7.20000e-01,
3.4847763e-01,-0.00000e+00,7.40000e-01,
3.4862411e-01,-0.00000e+00,7.20000e-01,
3.4877059e-01,2.00001e-01,7.20000e-01,
3.4891707e-01,-0.00000e+00,7.20000e-01,
3.4906355e-01,2.00001e-01,7.20000e-01,
3.4921002e-01,-0.00000e+00,7.40000e-01,
3.4935650e-01,2.00001e-01,7.20000e-01,
3.4950298e-01,2.00001e-01,7.40000e-01,
3.4964946e-01,2.00001e-01,7.40000e-01,
3.4979594e-01,2.00001e-01,7.40000e-01,
3.4994242e-01,2.00001e-01,7.00000e-01,
3.5008889e-01,-0.00000e+00,7.20000e-01,
3.5023537e-01,-0.00000e+00,7.20000e-01,
3.5038185e-01,-0.00000e+00,7.40000e-01,
3.5052833e-01,-0.00000e+00,7.20000e-01,
3.5067481e-01,-0.00000e+00,7.20000e-01,
3.5082129e-01,-0.00000e+00,7.20000e-01,
3.5096776e-01,-0.00000e+00,7.40000e-01,
3.5111424e-01,-0.00000e+00,7.00000e-01,
3.5126072e-01,2.00001e-01,7.00000e-01,
3.5140720e-01,-0.00000e+00,7.20000e-01,
3.5155368e-01,-0.00000e+00,6.20000e-01,
3.5170016e-01,2.00001e-01,7.20000e-01,
3.5184664e-01,-0.00000e+00,7.40000e-01,
3.5199311e-01,-0.00000e+00,7.40000e-01,
3.5213959e-01,2.00001e-01,7.40000e-01,
3.5228607e-01,-0.00000e+00,7.20000e-01,
3.5243255e-01,-0.00000e+00,7.20000e-01,
3.5257903e-01,2.00001e-01,7.20000e-01,
3.5272551e-01,-0.00000e+00,7.20000e-01,
3.5287198e-01,-0.00000e+00,7.20000e-01,
3.5301846e-01,-0.00000e+00,7.20000e-01,
3.5316494e-01,-0.00000e+00,7.00000e-01,
3.5331142e-01,2.00001e-01,7.20000e-01,
3.5345790e-01,-0.00000e+00,7.20000e-01,
3.5360438e-01,-0.00000e+00,7.20000e-01,
3.5375085e-01,2.00001e-01,7.40000e-01,
3.5389733e-01,2.00001e-01,7.40000e-01,
3.5404381e-01,-0.00000e+00,7.00000e-01,
3.5419029e-01,-0.00000e+00,7.00000e-01,
3.5433677e-01,2.00001e-01,7.40000e-01,
3.5448325e-01,-0.00000e+00,7.20000e-01,
3.5462973e-01,2.00001e-01,7.40000e-01,
3.5477620e-01,-0.00000e+00,7.20000e-01,
3.5492268e-01,2.00001e-01,7.20000e-01,
3.5506916e-01,-0.00000e+00,7.60000e-01,
3.5521564e-01,-0.00000e+00,7.20000e-01,
3.5536212e-01,-0.00000e+00,7.00000e-01,
3.5550860e-01,-0.00000e+00,7.20000e-01,
3.5565507e-01,-0.00000e+00,7.00000e-01,
3.5580155e-01,-0.00000e+00,7.00000e-01,
3.5594803e-01,2.00001e-01,7.40000e-01,
3.5609451e-01,-0.00000e+00,7.20000e-01,
3.5624099e-01,-0.00000e+00,7.20000e-01,
3.5638747e-01,-0.00000e+00,6.80000e-01,
3.5653394e-01,-0.00000e+00,7.20000e-01,
3.5668042e-01,2.00001e-01,7.00000e-01,
3.5682690e-01,2.00001e-01,7.20000e-01,
3.5697338e-01,-0.00000e+00,7.20000e-01,
3.5711986e-01,-0.00000e+00,7.00000e-01,
3.5726634e-01,-0.00000e+00,7.20000e-01,
3.5741282e-01,-0.00000e+00,7.00000e-01,
3.5755929e-01,2.00001e-01,7.00000e-01,
3.5770577e-01,-0.00000e+00,7.80000e-01,
3.5785225e-01,-0.00000e+00,7.20000e-01,
3.5799873e-01,-0.00000e+00,7.00000e-01,
3.5814521e-01,-0.00000e+00,7.00000e-01,
3.5829169e-01,-0.00000e+00,7.20000e-01,
3.5843816e-01,-0.00000e+00,7.00000e-01,
3.5858464e-01,-0.00000e+00,7.20000e-01,
3.5873112e-01,-0.00000e+00,7.00000e-01,
3.5887760e-01,-0.00000e+00,7.00000e-01,
3.5902408e-01,2.00001e-01,6.80000e-01,
3.5917056e-01,2.00001e-01,7.20000e-01,
3.5931703e-01,-0.00000e+00,7.00000e-01,
3.5946351e-01,2.00001e-01,7.20000e-01,
3.5960999e-01,-0.00000e+00,7.00000e-01,
3.5975647e-01,-0.00000e+00,7.00000e-01,
3.5990295e-01,-0.00000e+00,7.00000e-01,
3.6004943e-01,-0.00000e+00,7.00000e-01,
3.6019590e-01,2.00001e-01,7.00000e-01,
3.6034238e-01,2.00001e-01,7.00000e-01,
3.6048886e-01,2.00001e-01,7.00000e-01,
3.6063534e-01,2.00001e-01,7.00000e-01,
3.6078182e-01,-0.00000e+00,7.00000e-01,
3.6092830e-01,-0.00000e+00,7.00000e-01,
3.6107478e-01,-0.00000e+00,7.00000e-01,
3.6122125e-01,2.00001e-01,7.00000e-01,
3.6136773e-01,-0.00000e+00,7.00000e-01,
3.6151421e-01,-0.00000e+00,7.00000e-01,
3.6166069e-01,-0.00000e+00,7.00000e-01,
3.6180717e-01,2.00001e-01,7.00000e-01,
3.6195365e-01,-0.00000e+00,7.00000e-01,
3.6210012e-01,-0.00000e+00,7.00000e-01,
3.6224660e-01,-0.00000e+00,7.00000e-01,
3.6239308e-01,2.00001e-01,7.40000e-01,
3.6253956e-01,2.00001e-01,7.00000e-01,
3.6268604e-01,-0.00000e+00,7.00000e-01,
3.6283252e-01,-0.00000e+00,7.00000e-01,
3.6297899e-01,-0.00000e+00,7.00000e-01,
3.6312547e-01,-0.00000e+00,7.00000e-01,
3.6327195e-01,-0.00000e+00,7.00000e-01,
3.6341843e-01,2.00001e-01,7.00000e-01,
3.6356491e-01,-0.00000e+00,7.00000e-01,
3.6371139e-01,-0.00000e+00,7.00000e-01,
3.6385787e-01,-0.00000e+00,7.00000e-01,
3.6400434e-01,-0.00000e+00,7.00000e-01,
3.6415082e-01,-0.00000e+00,7.00000e-01,
3.6429730e-01,-0.00000e+00,7.00000e-01,
3.6444378e-01,2.00001e-01,6.80000e-01,
3.6459026e-01,-0.00000e+00,7.00000e-01,
3.6473674e-01,-0.00000e+00,7.00000e-01,
3.6488321e-01,-0.00000e+00,7.00000e-01,
3.6502969e-01,-0.00000e+00,7.00000e-01,
3.6517617e-01,-0.00000e+00,7.00000e-01,
3.6532265e-01,2.00001e-01,7.00000e-01,
3.6546913e-01,-0.00000e+00,7.00000e-01,
3.6561561e-01,-0.00000e+00,7.00000e-01,
3.6576208e-01,2.00001e-01,7.00000e-01,
3.6590856e-01,-0.00000e+00,7.00000e-01,
3.6605504e-01,-0.00000e+00,7.00000e-01,
3.6620152e-01,-0.00000e+00,6.80000e-01,
3.6634800e-01,-0.00000e+00,7.00000e-01,
3.6649448e-01,2.00001e-01,7.00000e-01,
3.6664096e-01,-0.00000e+00,7.00000e-01,
3.6678743e-01,-0.00000e+00,7.00000e-01,
3.6693391e-01,-0.00000e+00,7.00000e-01,
3.6708039e-01,2.00001e-01,7.00000e-01,
3.6722687e-01,-0.00000e+00,7.00000e-01,
3.6737335e-01,-0.00000e+00,7.00000e-01,
3.6751983e-01,-0.00000e+00,7.00000e-01,
3.6766630e-01,-0.00000e+00,7.00000e-01,
3.6781278e-01,-0.00000e+00,7.00000e-01,
3.6795926e-01,2.00001e-01,6.80000e-01,
3.6810574e-01,-0.00000e+00,7.00000e-01,
3.6825222e-01,-0.00000e+00,7.00000e-01,
3.6839870e-01,2.00001e-01,7.00000e-01,
3.6854517e-01,2.00001e-01,7.00000e-01,
3.6869165e-01,-0.00000e+00,7.00000e-01,
3.6883813e-01,-0.00000e+00,7.00000e-01,
3.6898461e-01,-0.00000e+00,7.00000e-01,
3.6913109e-01,2.00001e-01,7.00000e-01,
3.6927757e-01,-0.00000e+00,7.00000e-01,
3.6942405e-01,2.00001e-01,7.00000e-01,
3.6957052e-01,2.00001e-01,7.00000e-01,
3.6971700e-01,-0.00000e+00,6.80000e-01,
3.6986348e-01,-0.00000e+00,7.00000e-01,
3.7000996e-01,-0.00000e+00,6.80000e-01,
3.7015644e-01,-0.00000e+00,7.00000e-01,
3.7030292e-01,-0.00000e+00,7.00000e-01,
3.7044939e-01,-0.00000e+00,6.60000e-01,
3.7059587e-01,-0.00000e+00,7.00000e-01,
3.7074235e-01,2.00001e-01,7.00000e-01,
3.7088883e-01,-0.00000e+00,7.00000e-01,
3.7103531e-01,-0.00000e+00,6.80000e-01,
3.7118179e-01,-0.00000e+00,6.60000e-01,
3.7132826e-01,-0.00000e+00,6.80000e-01,
3.7147474e-01,-0.00000e+00,7.00000e-01,
3.7162122e-01,-0.00000e+00,6.80000e-01,
3.7176770e-01,-0.00000e+00,7.00000e-01,
3.7191418e-01,-0.00000e+00,6.60000e-01,
3.7206066e-01,-0.00000e+00,6.80000e-01,
3.7220713e-01,-0.00000e+00,6.80000e-01,
3.7235361e-01,-0.00000e+00,6.80000e-01,
3.7250009e-01,-0.00000e+00,6.80000e-01,
3.7264657e-01,-0.00000e+00,7.00000e-01,
3.7279305e-01,-0.00000e+00,7.00000e-01,
3.7293953e-01,-0.00000e+00,6.80000e-01,
3.7308601e-01,-0.00000e+00,6.80000e-01,
3.7323248e-01,-0.00000e+00,7.00000e-01,
3.7337896e-01,-0.00000e+00,6.80000e-01,
3.7352544e-01,-0.00000e+00,6.80000e-01,
3.7367192e-01,2.00001e-01,6.80000e-01,
3.7381840e-01,-0.00000e+00,6.80000e-01,
3.7396488e-01,-0.00000e+00,6.80000e-01,
3.7411135e-01,-0.00000e+00,6.80000e-01,
3.7425783e-01,-0.00000e+00,6.80000e-01,
3.7440431e-01,-0.00000e+00,6.80000e-01,
3.7455079e-01,-0.00000e+00,6.80000e-01,
3.7469727e-01,-0.00000e+00,7.00000e-01,
3.7484375e-01,2.00001e-01,6.80000e-01,
3.7499022e-01,-0.00000e+00,6.80000e-01,
3.7513670e-01,2.00001e-01,6.80000e-01,
3.7528318e-01,-0.00000e+00,6.60000e-01,
3.7542966e-01,-0.00000e+00,6.80000e-01,
3.7557614e-01,2.00001e-01,6.80000e-01,
3.7572262e-01,2.00001e-01,6.60000e-01,
3.7586910e-01,-0.00000e+00,6.80000e-01,
3.7601557e-01,-0.00000e+00,6.60000e-01,
3.7616205e-01,-0.00000e+00,6.80000e-01,
3.7630853e-01,-0.00000e+00,6.80000e-01,
3.7645501e-01,-0.00000e+00,6.60000e-01,
3.7660149e-01,-0.00000e+00,6.80000e-01,
3.7674797e-01,-0.00000e+00,7.00000e-01,
3.7689444e-01,-0.00000e+00,6.60000e-01,
3.7704092e-01,-0.00000e+00,6.80000e-01,
3.7718740e-01,-0.00000e+00,6.60000e-01,
3.7733388e-01,-0.00000e+00,6.60000e-01,
3.7748036e-01,-0.00000e+00,6.60000e-01,
3.7762684e-01,-0.00000e+00,6.60000e-01,
3.7777331e-01,-0.00000e+00,6.60000e-01,
3.7791979e-01,-0.00000e+00,6.60000e-01,
3.7806627e-01,-0.00000e+00,6.60000e-01,
3.7821275e-01,-0.00000e+00,6.60000e-01,
3.7835923e-01,-0.00000e+00,6.60000e-01,
3.7850571e-01,-0.00000e+00,6.60000e-01,
3.7865219e-01,-0.00000e+00,7.00000e-01,
3.7879866e-01,-0.00000e+00,6.60000e-01,
3.7894514e-01,-0.00000e+00,6.60000e-01,
3.7909162e-01,2.00001e-01,6.60000e-01,
3.7923810e-01,-0.00000e+00,6.60000e-01,
3.7938458e-01,-0.00000e+00,6.40000e-01,
3.7953106e-01,-0.00000e+00,6.80000e-01,
3.7967753e-01,-0.00000e+00,6.60000e-01,
3.7982401e-01,-0.00000e+00,6.60000e-01,
3.7997049e-01,-0.00000e+00,6.60000e-01,
3.8011697e-01,-0.00000e+00,6.60000e-01,
3.8026345e-01,-0.00000e+00,6.60000e-01,
3.8040993e-01,2.00001e-01,6.60000e-01,
3.8055640e-01,-0.00000e+00,6.60000e-01,
3.8070288e-01,-0.00000e+00,6.60000e-01,
3.8084936e-01,-0.00000e+00,6.60000e-01,
3.8099584e-01,-0.00000e+00,6.20000e-01,
3.8114232e-01,2.00001e-01,6.60000e-01,
3.8128880e-01,2.00001e-01,6.60000e-01,
3.8143528e-01,2.00001e-01,6.60000e-01,
3.8158175e-01,-0.00000e+00,6.60000e-01,
3.8172823e-01,-0.00000e+00,6.80000e-01,
3.8187471e-01,-0.00000e+00,6.60000e-01,
3.8202119e-01,-0.00000e+00,6.60000e-01,
3.8216767e-01,-0.00000e+00,6.60000e-01,
3.8231415e-01,-0.00000e+00,6.40000e-01,
3.8246062e-01,-0.00000e+00,6.40000e-01,
3.8260710e-01,2.00001e-01,6.40000e-01,
3.8275358e-01,2.00001e-01,6.40000e-01,
3.8290006e-01,-0.00000e+00,6.60000e-01,
3.8304654e-01,2.00001e-01,6.40000e-01,
3.8319302e-01,-0.00000e+00,6.60000e-01,
3.8333949e-01,-0.00000e+00,7.00000e-01,
3.8348597e-01,-0.00000e+00,6.20000e-01,
3.8363245e-01,-0.00000e+00,6.40000e-01,
3.8377893e-01,-0.00000e+00,6.40000e-01,
3.8392541e-01,-0.00000e+00,6.20000e-01,
3.8407189e-01,2.00001e-01,6.60000e-01,
3.8421836e-01,-0.00000e+00,6.40000e-01,
3.8436484e-01,-0.00000e+00,6.20000e-01,
3.8451132e-01,-0.00000e+00,6.40000e-01,
3.8465780e-01,-0.00000e+00,6.20000e-01,
3.8480428e-01,-0.00000e+00,6.20000e-01,
3.8495076e-01,-0.00000e+00,7.40000e-01,
3.8509724e-01,-0.00000e+00,6.40000e-01,
3.8524371e-01,-0.00000e+00,6.40000e-01,
3.8539019e-01,-0.00000e+00,6.40000e-01,
3.8553667e-01,-0.00000e+00,6.20000e-01,
3.8568315e-01,-0.00000e+00,6.20000e-01,
3.8582963e-01,-0.00000e+00,6.20000e-01,
3.8597611e-01,-0.00000e+00,6.40000e-01,
3.8612258e-01,-0.00000e+00,6.40000e-01,
3.8626906e-01,-0.00000e+00,6.20000e-01,
3.8641554e-01,-0.00000e+00,6.20000e-01,
3.8656202e-01,-0.00000e+00,6.20000e-01,
3.8670850e-01,2.00001e-01,6.20000e-01,
3.8685498e-01,-0.00000e+00,6.20000e-01,
3.8700145e-01,-0.00000e+00,6.40000e-01,
3.8714793e-01,-0.00000e+00,6.20000e-01,
3.8729441e-01,-0.00000e+00,6.40000e-01,
3.8744089e-01,-0.00000e+00,6.20000e-01,
3.8758737e-01,2.00001e-01,6.20000e-01,
3.8773385e-01,-0.00000e+00,6.40000e-01,
3.8788033e-01,-0.00000e+00,6.20000e-01,
3.8802680e-01,-0.00000e+00,6.20000e-01,
3.8817328e-01,-0.00000e+00,6.20000e-01,
3.8831976e-01,2.00001e-01,6.20000e-01,
3.8846624e-01,2.00001e-01,6.20000e-01,
3.8861272e-01,-0.00000e+00,6.60000e-01,
3.8875920e-01,2.00001e-01,6.20000e-01,
3.8890567e-01,-0.00000e+00,6.20000e-01,
3.8905215e-01,-0.00000e+00,5.20000e-01,
3.8919863e-01,-0.00000e+00,6.20000e-01,
3.8934511e-01,-0.00000e+00,6.20000e-01,
3.8949159e-01,-0.00000e+00,6.20000e-01,
3.8963807e-01,2.00001e-01,6.20000e-01,
3.8978454e-01,-0.00000e+00,6.20000e-01,
3.8993102e-01,-0.00000e+00,6.20000e-01,
3.9007750e-01,2.00001e-01,6.20000e-01,
3.9022398e-01,2.00001e-01,6.20000e-01,
3.9037046e-01,-0.00000e+00,6.20000e-01,
3.9051694e-01,-0.00000e+00,6.20000e-01,
3.9066342e-01,-0.00000e+00,6.20000e-01,
3.9080989e-01,-0.00000e+00,6.20000e-01,
3.9095637e-01,-0.00000e+00,6.20000e-01,
3.9110285e-01,2.00001e-01,6.20000e-01,
3.9124933e-01,2.00001e-01,6.20000e-01,
3.9139581e-01,-0.00000e+00,6.20000e-01,
3.9154229e-01,-0.00000e+00,6.00000e-01,
3.9168876e-01,-0.00000e+00,6.20000e-01,
3.9183524e-01,2.00001e-01,6.20000e-01,
3.9198172e-01,2.00001e-01,6.20000e-01,
3.9212820e-01,-0.00000e+00,6.20000e-01,
3.9227468e-01,-0.00000e+00,6.20000e-01,
3.9242116e-01,-0.00000e+00,7.00000e-01,
3.9256763e-01,-0.00000e+00,6.00000e-01,
3.9271411e-01,2.00001e-01,6.00000e-01,
3.9286059e-01,-0.00000e+00,6.00000e-01,
3.9300707e-01,-0.00000e+00,6.00000e-01,
3.9315355e-01,-0.00000e+00,6.20000e-01,
3.9330003e-01,5.20000e+00,5.80000e-01,
3.9344651e-01,-0.00000e+00,6.20000e-01,
3.9359298e-01,-0.00000e+00,6.00000e-01,
3.9373946e-01,2.00001e-01,6.20000e-01,
3.9388594e-01,2.00001e-01,6.20000e-01,
3.9403242e-01,2.00001e-01,6.00000e-01,
3.9417890e-01,-0.00000e+00,6.00000e-01,
3.9432538e-01,-0.00000e+00,6.00000e-01,
3.9447185e-01,-0.00000e+00,6.00000e-01,
3.9461833e-01,-0.00000e+00,6.00000e-01,
3.9476481e-01,-0.00000e+00,6.00000e-01,
3.9491129e-01,-0.00000e+00,6.00000e-01,
3.9505777e-01,2.00001e-01,6.00000e-01,
3.9520425e-01,-0.00000e+00,5.80000e-01,
3.9535072e-01,-0.00000e+00,6.00000e-01,
3.9549720e-01,-0.00000e+00,6.00000e-01,
3.9564368e-01,-0.00000e+00,6.00000e-01,
3.9579016e-01,-0.00000e+00,6.00000e-01,
3.9593664e-01,-0.00000e+00,6.00000e-01,
3.9608312e-01,-0.00000e+00,6.00000e-01,
3.9622959e-01,-0.00000e+00,5.80000e-01,
3.9637607e-01,2.00001e-01,6.00000e-01,
3.9652255e-01,-0.00000e+00,6.00000e-01,
3.9666903e-01,-0.00000e+00,6.00000e-01,
3.9681551e-01,-0.00000e+00,5.80000e-01,
3.9696199e-01,-0.00000e+00,5.80000e-01,
3.9710847e-01,-0.00000e+00,6.00000e-01,
3.9725494e-01,-0.00000e+00,6.80000e-01,
3.9740142e-01,-0.00000e+00,6.00000e-01,
3.9754790e-01,-0.00000e+00,6.00000e-01,
3.9769438e-01,-0.00000e+00,5.80000e-01,
3.9784086e-01,-0.00000e+00,6.00000e-01,
3.9798734e-01,-0.00000e+00,5.80000e-01,
3.9813381e-01,-0.00000e+00,5.40000e-01,
3.9828029e-01,-0.00000e+00,5.80000e-01,
3.9842677e-01,2.00001e-01,6.00000e-01,
3.9857325e-01,2.00001e-01,6.00000e-01,
3.9871973e-01,-0.00000e+00,6.00000e-01,
3.9886621e-01,-0.00000e+00,5.80000e-01,
3.9901268e-01,-0.00000e+00,5.80000e-01,
3.9915916e-01,2.00001e-01,5.80000e-01,
3.9930564e-01,-0.00000e+00,5.80000e-01,
3.9945212e-01,-0.00000e+00,5.80000e-01,
3.9959860e-01,-0.00000e+00,5.80000e-01,
3.9974508e-01,-0.00000e+00,5.80000e-01,
3.9989156e-01,-0.00000e+00,5.80000e-01,
4.0003803e-01,-0.00000e+00,5.80000e-01,
4.0018451e-01,-0.00000e+00,5.80000e-01,
4.0033099e-01,-0.00000e+00,5.80000e-01,
4.0047747e-01,-0.00000e+00,5.80000e-01,
4.0062395e-01,2.00001e-01,5.80000e-01,
4.0077043e-01,-0.00000e+00,5.80000e-01,
4.0091690e-01,-0.00000e+00,5.80000e-01,
4.0106338e-01,-0.00000e+00,5.80000e-01,
4.0120986e-01,-0.00000e+00,5.80000e-01,
4.0135634e-01,2.00001e-01,5.00000e-01,
4.0150282e-01,-0.00000e+00,5.80000e-01,
4.0164930e-01,-0.00000e+00,5.80000e-01,
4.0179577e-01,-0.00000e+00,5.60000e-01,
4.0194225e-01,-0.00000e+00,5.80000e-01,
4.0208873e-01,-0.00000e+00,5.80000e-01,
4.0223521e-01,-0.00000e+00,5.80000e-01,
4.0238169e-01,-0.00000e+00,5.80000e-01,
4.0252817e-01,-0.00000e+00,5.80000e-01,
4.0267465e-01,-0.00000e+00,5.80000e-01,
4.0282112e-01,-0.00000e+00,5.80000e-01,
4.0296760e-01,-0.00000e+00,5.60000e-01,
4.0311408e-01,-0.00000e+00,5.80000e-01,
4.0326056e-01,-0.00000e+00,5.60000e-01,
4.0340704e-01,-0.00000e+00,5.60000e-01,
4.0355352e-01,2.00001e-01,5.80000e-01,
4.0369999e-01,-0.00000e+00,6.20000e-01,
4.0384647e-01,-0.00000e+00,5.60000e-01,
4.0399295e-01,-0.00000e+00,5.60000e-01,
4.0413943e-01,-0.00000e+00,5.80000e-01,
4.0428591e-01,-0.00000e+00,5.60000e-01,
4.0443239e-01,-0.00000e+00,5.60000e-01,
4.0457886e-01,-0.00000e+00,5.40000e-01,
4.0472534e-01,-0.00000e+00,5.40000e-01,
4.0487182e-01,-0.00000e+00,5.60000e-01,
4.0501830e-01,2.00001e-01,5.60000e-01,
4.0516478e-01,-0.00000e+00,5.60000e-01,
4.0531126e-01,2.00001e-01,5.40000e-01,
4.0545774e-01,-0.00000e+00,5.40000e-01,
4.0560421e-01,-0.00000e+00,6.20000e-01,
4.0575069e-01,-0.00000e+00,5.60000e-01,
4.0589717e-01,2.00001e-01,5.60000e-01,
4.0604365e-01,-0.00000e+00,5.40000e-01,
4.0619013e-01,2.00001e-01,5.60000e-01,
4.0633661e-01,2.00001e-01,5.60000e-01,
4.0648308e-01,-0.00000e+00,5.60000e-01,
4.0662956e-01,2.00001e-01,5.40000e-01,
4.0677604e-01,-0.00000e+00,5.40000e-01,
4.0692252e-01,2.00001e-01,5.60000e-01,
4.0706900e-01,-0.00000e+00,5.20000e-01,
4.0721548e-01,-0.00000e+00,5.60000e-01,
4.0736195e-01,-0.00000e+00,5.40000e-01,
4.0750843e-01,-0.00000e+00,5.40000e-01,
4.0765491e-01,-0.00000e+00,5.40000e-01,
4.0780139e-01,-0.00000e+00,5.40000e-01,
4.0794787e-01,-0.00000e+00,5.40000e-01,
4.0809435e-01,-0.00000e+00,5.40000e-01,
4.0824082e-01,-0.00000e+00,5.40000e-01,
4.0838730e-01,-0.00000e+00,5.40000e-01,
4.0853378e-01,-0.00000e+00,5.40000e-01,
4.0868026e-01,2.00001e-01,5.40000e-01,
4.0882674e-01,-0.00000e+00,5.40000e-01,
4.0897322e-01,-0.00000e+00,5.40000e-01,
4.0911970e-01,-0.00000e+00,5.40000e-01,
4.0926617e-01,-0.00000e+00,5.40000e-01,
4.0941265e-01,-0.00000e+00,5.40000e-01,
4.0955913e-01,2.00001e-01,4.40000e-01,
4.0970561e-01,2.00001e-01,5.40000e-01,
4.0985209e-01,-0.00000e+00,5.40000e-01,
4.0999857e-01,-0.00000e+00,5.40000e-01,
4.1014504e-01,-0.00000e+00,5.40000e-01,
4.1029152e-01,-0.00000e+00,5.40000e-01,
4.1043800e-01,-0.00000e+00,5.40000e-01,
4.1058448e-01,-0.00000e+00,5.40000e-01,
4.1073096e-01,-0.00000e+00,5.40000e-01,
4.1087744e-01,2.00001e-01,5.40000e-01,
4.1102391e-01,-0.00000e+00,5.40000e-01,
4.1117039e-01,-0.00000e+00,5.40000e-01,
4.1131687e-01,-0.00000e+00,5.40000e-01,
4.1146335e-01,2.00001e-01,5.40000e-01,
4.1160983e-01,-0.00000e+00,5.40000e-01,
4.1175631e-01,2.00001e-01,5.40000e-01,
4.1190279e-01,2.00001e-01,5.40000e-01,
4.1204926e-01,-0.00000e+00,5.40000e-01,
4.1219574e-01,-0.00000e+00,5.40000e-01,
4.1234222e-01,-0.00000e+00,5.40000e-01,
4.1248870e-01,-0.00000e+00,5.40000e-01,
4.1263518e-01,5.00000e+00,4.80000e-01,
4.1278166e-01,-0.00000e+00,5.40000e-01,
4.1292813e-01,2.00001e-01,5.40000e-01,
4.1307461e-01,2.00001e-01,5.40000e-01,
4.1322109e-01,2.00001e-01,5.40000e-01,
4.1336757e-01,-0.00000e+00,5.40000e-01,
4.1351405e-01,-0.00000e+00,5.40000e-01,
4.1366053e-01,-0.00000e+00,5.00000e-01,
4.1380700e-01,-0.00000e+00,5.40000e-01,
4.1395348e-01,-0.00000e+00,5.40000e-01,
4.1409996e-01,-0.00000e+00,5.40000e-01,
4.1424644e-01,-0.00000e+00,5.40000e-01,
4.1439292e-01,-0.00000e+00,5.40000e-01,
4.1453940e-01,-0.00000e+00,5.40000e-01,
4.1468588e-01,-0.00000e+00,5.20000e-01,
4.1483235e-01,-0.00000e+00,5.40000e-01,
4.1497883e-01,-0.00000e+00,5.20000e-01,
4.1512531e-01,-0.00000e+00,5.40000e-01,
4.1527179e-01,-0.00000e+00,5.40000e-01,
4.1541827e-01,-0.00000e+00,5.20000e-01,
4.1556475e-01,-0.00000e+00,5.40000e-01,
4.1571122e-01,-0.00000e+00,5.20000e-01,
4.1585770e-01,-0.00000e+00,5.40000e-01,
4.1600418e-01,-0.00000e+00,5.20000e-01,
4.1615066e-01,2.00001e-01,5.40000e-01,
4.1629714e-01,-0.00000e+00,5.20000e-01,
4.1644362e-01,-0.00000e+00,5.40000e-01,
4.1659009e-01,-0.00000e+00,5.20000e-01,
4.1673657e-01,-0.00000e+00,5.40000e-01,
4.1688305e-01,-0.00000e+00,5.20000e-01,
4.1702953e-01,-0.00000e+00,5.40000e-01,
4.1717601e-01,-0.00000e+00,5.20000e-01,
4.1732249e-01,2.00001e-01,5.40000e-01,
4.1746897e-01,-0.00000e+00,5.40000e-01,
4.1761544e-01,-0.00000e+00,5.20000e-01,
4.1776192e-01,-0.00000e+00,5.20000e-01,
4.1790840e-01,2.00001e-01,5.20000e-01,
4.1805488e-01,-0.00000e+00,5.40000e-01,
4.1820136e-01,-0.00000e+00,5.20000e-01,
4.1834784e-01,2.00001e-01,5.20000e-01,
4.1849431e-01,-0.00000e+00,5.20000e-01,
4.1864079e-01,-0.00000e+00,5.20000e-01,
4.1878727e-01,2.00001e-01,5.20000e-01,
4.1893375e-01,-0.00000e+00,5.20000e-01,
4.1908023e-01,2.00001e-01,5.20000e-01,
4.1922671e-01,-0.00000e+00,5.20000e-01,
4.1937318e-01,2.00001e-01,5.20000e-01,
4.1951966e-01,2.00001e-01,5.20000e-01,
4.1966614e-01,-0.00000e+00,5.20000e-01,
4.1981262e-01,-0.00000e+00,5.20000e-01,
4.1995910e-01,-0.00000e+00,5.20000e-01,
4.2010558e-01,-0.00000e+00,5.40000e-01,
4.2025205e-01,-0.00000e+00,5.20000e-01,
4.2039853e-01,-0.00000e+00,5.20000e-01,
4.2054501e-01,2.00001e-01,5.20000e-01,
4.2069149e-01,-0.00000e+00,5.40000e-01,
4.2083797e-01,-0.00000e+00,5.20000e-01,
4.2098445e-01,-0.00000e+00,5.20000e-01,
4.2113093e-01,-0.00000e+00,5.00000e-01,
4.2127740e-01,-0.00000e+00,5.20000e-01,
4.2142388e-01,2.00001e-01,5.20000e-01,
4.2157036e-01,-0.00000e+00,5.20000e-01,
4.2171684e-01,-0.00000e+00,5.20000e-01,
4.2186332e-01,-0.00000e+00,5.40000e-01,
4.2200980e-01,-0.00000e+00,5.20000e-01,
4.2215627e-01,-0.00000e+00,5.20000e-01,
4.2230275e-01,-0.00000e+00,5.00000e-01,
4.2244923e-01,2.00001e-01,4.60000e-01,
4.2259571e-01,-0.00000e+00,5.00000e-01,
4.2274219e-01,-0.00000e+00,5.20000e-01,
4.2288867e-01,2.00001e-01,5.00000e-01,
4.2303514e-01,-0.00000e+00,5.00000e-01,
4.2318162e-01,-0.00000e+00,5.00000e-01,
4.2332810e-01,-0.00000e+00,5.00000e-01,
4.2347458e-01,2.00001e-01,5.20000e-01,
4.2362106e-01,-0.00000e+00,4.60000e-01,
4.2376754e-01,2.00001e-01,5.20000e-01,
4.2391402e-01,-0.00000e+00,5.00000e-01,
4.2406049e-01,2.00001e-01,5.00000e-01,
4.2420697e-01,-0.00000e+00,4.60000e-01,
4.2435345e-01,-0.00000e+00,5.00000e-01,
4.2449993e-01,-0.00000e+00,5.00000e-01,
4.2464641e-01,-0.00000e+00,5.00000e-01,
4.2479289e-01,-0.00000e+00,4.60000e-01,
4.2493936e-01,-0.00000e+00,5.00000e-01,
4.2508584e-01,-0.00000e+00,5.00000e-01,
4.2523232e-01,-0.00000e+00,5.00000e-01,
4.2537880e-01,-0.00000e+00,4.60000e-01,
4.2552528e-01,-0.00000e+00,5.00000e-01,
4.2567176e-01,-0.00000e+00,5.00000e-01,
4.2581823e-01,-0.00000e+00,5.00000e-01,
4.2596471e-01,-0.00000e+00,4.80000e-01,
4.2611119e-01,-0.00000e+00,5.00000e-01,
4.2625767e-01,2.00001e-01,5.00000e-01,
4.2640415e-01,-0.00000e+00,5.00000e-01,
4.2655063e-01,-0.00000e+00,5.00000e-01,
4.2669711e-01,-0.00000e+00,5.00000e-01,
4.2684358e-01,-0.00000e+00,4.80000e-01,
4.2699006e-01,-0.00000e+00,5.00000e-01,
4.2713654e-01,2.00001e-01,5.00000e-01,
4.2728302e-01,2.00001e-01,4.80000e-01,
4.2742950e-01,-0.00000e+00,5.00000e-01,
4.2757598e-01,-0.00000e+00,5.00000e-01,
4.2772245e-01,-0.00000e+00,5.00000e-01,
4.2786893e-01,-0.00000e+00,5.00000e-01,
4.2801541e-01,-0.00000e+00,4.80000e-01,
4.2816189e-01,-0.00000e+00,5.00000e-01,
4.2830837e-01,-0.00000e+00,5.00000e-01,
4.2845485e-01,-0.00000e+00,5.40000e-01,
4.2860132e-01,-0.00000e+00,4.60000e-01,
4.2874780e-01,-0.00000e+00,4.60000e-01,
4.2889428e-01,2.00001e-01,4.60000e-01,
4.2904076e-01,-0.00000e+00,4.60000e-01,
4.2918724e-01,-0.00000e+00,5.00000e-01,
4.2933372e-01,-0.00000e+00,4.80000e-01,
4.2948020e-01,-0.00000e+00,4.60000e-01,
4.2962667e-01,2.00001e-01,4.60000e-01,
4.2977315e-01,-0.00000e+00,4.80000e-01,
4.2991963e-01,2.00001e-01,4.80000e-01,
4.3006611e-01,2.00001e-01,4.80000e-01,
4.3021259e-01,2.00001e-01,5.00000e-01,
4.3035907e-01,-0.00000e+00,4.60000e-01,
4.3050554e-01,-0.00000e+00,4.80000e-01,
4.3065202e-01,2.00001e-01,4.80000e-01,
4.3079850e-01,-0.00000e+00,4.60000e-01,
4.3094498e-01,-0.00000e+00,4.60000e-01,
4.3109146e-01,-0.00000e+00,5.00000e-01,
4.3123794e-01,2.00001e-01,4.60000e-01,
4.3138441e-01,-0.00000e+00,4.60000e-01,
4.3153089e-01,-0.00000e+00,4.60000e-01,
4.3167737e-01,-0.00000e+00,4.60000e-01,
4.3182385e-01,-0.00000e+00,4.60000e-01,
4.3197033e-01,-0.00000e+00,4.80000e-01,
4.3211681e-01,2.00001e-01,4.80000e-01,
4.3226328e-01,-0.00000e+00,4.20000e-01,
4.3240976e-01,-0.00000e+00,4.60000e-01,
4.3255624e-01,-0.00000e+00,4.60000e-01,
4.3270272e-01,2.00001e-01,4.60000e-01,
4.3284920e-01,2.00001e-01,4.60000e-01,
4.3299568e-01,-0.00000e+00,4.60000e-01,
4.3314216e-01,-0.00000e+00,4.60000e-01,
4.3328863e-01,-0.00000e+00,4.60000e-01,
4.3343511e-01,-0.00000e+00,4.60000e-01,
4.3358159e-01,-0.00000e+00,4.60000e-01,
4.3372807e-01,-0.00000e+00,4.60000e-01,
4.3387455e-01,-0.00000e+00,4.80000e-01,
4.3402103e-01,-0.00000e+00,4.60000e-01,
4.3416750e-01,-0.00000e+00,4.60000e-01,
4.3431398e-01,-0.00000e+00,4.60000e-01,
4.3446046e-01,-0.00000e+00,4.60000e-01,
4.3460694e-01,-0.00000e+00,4.60000e-01,
4.3475342e-01,-0.00000e+00,4.60000e-01,
4.3489990e-01,2.00001e-01,4.40000e-01,
4.3504637e-01,2.00001e-01,4.60000e-01,
4.3519285e-01,-0.00000e+00,4.60000e-01,
4.3533933e-01,2.00001e-01,4.60000e-01,
4.3548581e-01,-0.00000e+00,4.60000e-01,
4.3563229e-01,2.00001e-01,4.60000e-01,
4.3577877e-01,-0.00000e+00,4.60000e-01,
4.3592525e-01,-0.00000e+00,4.60000e-01,
4.3607172e-01,-0.00000e+00,4.60000e-01,
4.3621820e-01,-0.00000e+00,4.60000e-01,
4.3636468e-01,-0.00000e+00,4.60000e-01,
4.3651116e-01,-0.00000e+00,4.60000e-01,
4.3665764e-01,-0.00000e+00,4.60000e-01,
4.3680412e-01,-0.00000e+00,4.60000e-01,
4.3695059e-01,-0.00000e+00,4.40000e-01,
4.3709707e-01,2.00001e-01,4.60000e-01,
4.3724355e-01,-0.00000e+00,4.60000e-01,
4.3739003e-01,-0.00000e+00,4.60000e-01,
4.3753651e-01,-0.00000e+00,4.60000e-01,
4.3768299e-01,5.00000e+00,4.80000e-01,
4.3782946e-01,-0.00000e+00,4.60000e-01,
4.3797594e-01,-0.00000e+00,4.60000e-01,
4.3812242e-01,-0.00000e+00,4.60000e-01,
4.3826890e-01,-0.00000e+00,4.60000e-01,
4.3841538e-01,-0.00000e+00,4.60000e-01,
4.3856186e-01,-0.00000e+00,4.60000e-01,
4.3870834e-01,-0.00000e+00,4.60000e-01,
4.3885481e-01,-0.00000e+00,4.60000e-01,
4.3900129e-01,-0.00000e+00,4.60000e-01,
4.3914777e-01,-0.00000e+00,4.60000e-01,
4.3929425e-01,-0.00000e+00,4.60000e-01,
4.3944073e-01,-0.00000e+00,4.60000e-01,
4.3958721e-01,-0.00000e+00,4.60000e-01,
4.3973368e-01,-0.00000e+00,4.60000e-01,
4.3988016e-01,-0.00000e+00,4.60000e-01,
4.4002664e-01,-0.00000e+00,4.60000e-01,
4.4017312e-01,-0.00000e+00,4.60000e-01,
4.4031960e-01,-0.00000e+00,4.60000e-01,
4.4046608e-01,-0.00000e+00,4.60000e-01,
4.4061255e-01,-0.00000e+00,4.60000e-01,
4.4075903e-01,-0.00000e+00,4.60000e-01,
4.4090551e-01,-0.00000e+00,4.60000e-01,
4.4105199e-01,2.00001e-01,4.60000e-01,
4.4119847e-01,-0.00000e+00,4.60000e-01,
4.4134495e-01,-0.00000e+00,4.60000e-01,
4.4149143e-01,-0.00000e+00,4.40000e-01,
4.4163790e-01,-0.00000e+00,4.60000e-01,
4.4178438e-01,2.00001e-01,4.40000e-01,
4.4193086e-01,-0.00000e+00,4.60000e-01,
4.4207734e-01,2.00001e-01,4.40000e-01,
4.4222382e-01,-0.00000e+00,4.40000e-01,
4.4237030e-01,-0.00000e+00,4.60000e-01,
4.4251677e-01,2.00001e-01,4.40000e-01,
4.4266325e-01,-0.00000e+00,4.40000e-01,
4.4280973e-01,2.00001e-01,4.40000e-01,
4.4295621e-01,-0.00000e+00,4.60000e-01,
4.4310269e-01,-0.00000e+00,4.60000e-01,
4.4324917e-01,-0.00000e+00,4.40000e-01,
4.4339564e-01,2.00001e-01,4.40000e-01,
4.4354212e-01,2.00001e-01,4.60000e-01,
4.4368860e-01,-0.00000e+00,4.60000e-01,
4.4383508e-01,2.00001e-01,4.40000e-01,
4.4398156e-01,-0.00000e+00,4.60000e-01,
4.4412804e-01,-0.00000e+00,4.40000e-01,
4.4427451e-01,-0.00000e+00,4.00000e-01,
4.4442099e-01,2.00001e-01,4.40000e-01,
4.4456747e-01,-0.00000e+00,4.40000e-01,
4.4471395e-01,-0.00000e+00,4.40000e-01,
4.4486043e-01,-0.00000e+00,4.40000e-01,
4.4500691e-01,-0.00000e+00,4.40000e-01,
4.4515339e-01,2.00001e-01,4.40000e-01,
4.4529986e-01,-0.00000e+00,4.40000e-01,
4.4544634e-01,-0.00000e+00,4.40000e-01,
4.4559282e-01,-0.00000e+00,4.40000e-01,
4.4573930e-01,-0.00000e+00,4.60000e-01,
4.4588578e-01,-0.00000e+00,4.40000e-01,
4.4603226e-01,-0.00000e+00,4.40000e-01,
4.4617873e-01,-0.00000e+00,4.40000e-01,
4.4632521e-01,-0.00000e+00,4.40000e-01,
4.4647169e-01,-0.00000e+00,4.40000e-01,
4.4661817e-01,-0.00000e+00,4.80000e-01,
4.4676465e-01,-0.00000e+00,4.40000e-01,
4.4691113e-01,-0.00000e+00,4.40000e-01,
4.4705760e-01,-0.00000e+00,4.40000e-01,
4.4720408e-01,2.00001e-01,4.40000e-01,
4.4735056e-01,-0.00000e+00,4.20000e-01,
4.4749704e-01,-0.00000e+00,4.40000e-01,
4.4764352e-01,-0.00000e+00,4.40000e-01,
4.4779000e-01,-0.00000e+00,4.40000e-01,
4.4793648e-01,-0.00000e+00,4.40000e-01,
4.4808295e-01,-0.00000e+00,4.40000e-01,
4.4822943e-01,-0.00000e+00,4.60000e-01,
4.4837591e-01,-0.00000e+00,4.40000e-01,
4.4852239e-01,-0.00000e+00,4.40000e-01,
4.4866887e-01,-0.00000e+00,4.40000e-01,
4.4881535e-01,-0.00000e+00,4.40000e-01,
4.4896182e-01,-0.00000e+00,4.20000e-01,
4.4910830e-01,-0.00000e+00,3.60000e-01,
4.4925478e-01,-0.00000e+00,4.40000e-01,
4.4940126e-01,-0.00000e+00,4.40000e-01,
4.4954774e-01,-0.00000e+00,4.40000e-01,
4.4969422e-01,-0.00000e+00,4.20000e-01,
4.4984069e-01,-0.00000e+00,4.40000e-01,
4.4998717e-01,-0.00000e+00,4.20000e-01,
4.5013365e-01,-0.00000e+00,4.20000e-01,
4.5028013e-01,-0.00000e+00,4.20000e-01,
4.5042661e-01,2.00001e-01,4.40000e-01,
4.5057309e-01,-0.00000e+00,4.40000e-01,
4.5071957e-01,2.00001e-01,4.00000e-01,
4.5086604e-01,-0.00000e+00,4.20000e-01,
4.5101252e-01,-0.00000e+00,4.20000e-01,
4.5115900e-01,2.00001e-01,4.20000e-01,
4.5130548e-01,-0.00000e+00,4.20000e-01,
4.5145196e-01,-0.00000e+00,4.40000e-01,
4.5159844e-01,-0.00000e+00,4.20000e-01,
4.5174491e-01,2.00001e-01,4.40000e-01,
4.5189139e-01,-0.00000e+00,4.20000e-01,
4.5203787e-01,-0.00000e+00,4.20000e-01,
4.5218435e-01,-0.00000e+00,4.20000e-01,
4.5233083e-01,-0.00000e+00,4.20000e-01,
4.5247731e-01,-0.00000e+00,4.20000e-01,
4.5262378e-01,-0.00000e+00,4.20000e-01,
4.5277026e-01,-0.00000e+00,4.20000e-01,
4.5291674e-01,-0.00000e+00,4.20000e-01,
4.5306322e-01,-0.00000e+00,4.20000e-01,
4.5320970e-01,-0.00000e+00,4.20000e-01,
4.5335618e-01,-0.00000e+00,3.80000e-01,
4.5350266e-01,-0.00000e+00,4.20000e-01,
4.5364913e-01,-0.00000e+00,4.20000e-01,
4.5379561e-01,2.00001e-01,4.20000e-01,
4.5394209e-01,-0.00000e+00,4.20000e-01,
4.5408857e-01,-0.00000e+00,4.20000e-01,
4.5423505e-01,2.00001e-01,4.00000e-01,
4.5438153e-01,-0.00000e+00,4.00000e-01,
4.5452800e-01,-0.00000e+00,4.20000e-01,
4.5467448e-01,-0.00000e+00,4.00000e-01,
4.5482096e-01,2.00001e-01,4.20000e-01,
4.5496744e-01,-0.00000e+00,4.20000e-01,
4.5511392e-01,-0.00000e+00,4.20000e-01,
4.5526040e-01,-0.00000e+00,3.40000e-01,
4.5540687e-01,2.00001e-01,4.20000e-01,
4.5555335e-01,-0.00000e+00,4.20000e-01,
4.5569983e-01,2.00001e-01,4.20000e-01,
4.5584631e-01,-0.00000e+00,4.20000e-01,
4.5599279e-01,2.00001e-01,4.00000e-01,
4.5613927e-01,-0.00000e+00,4.60000e-01,
4.5628574e-01,-0.00000e+00,4.20000e-01,
4.5643222e-01,-0.00000e+00,4.20000e-01,
4.5657870e-01,-0.00000e+00,4.20000e-01,
4.5672518e-01,-0.00000e+00,4.00000e-01,
4.5687166e-01,-0.00000e+00,4.20000e-01,
4.5701814e-01,2.00001e-01,4.20000e-01,
4.5716462e-01,2.00001e-01,3.00000e-01,
4.5731109e-01,2.00001e-01,4.00000e-01,
4.5745757e-01,-0.00000e+00,4.00000e-01,
4.5760405e-01,2.00001e-01,4.00000e-01,
4.5775053e-01,2.00001e-01,4.00000e-01,
4.5789701e-01,-0.00000e+00,4.20000e-01,
4.5804349e-01,-0.00000e+00,4.00000e-01,
4.5818996e-01,2.00001e-01,4.00000e-01,
4.5833644e-01,2.00001e-01,4.20000e-01,
4.5848292e-01,-0.00000e+00,4.20000e-01,
4.5862940e-01,2.00001e-01,4.20000e-01,
4.5877588e-01,2.00001e-01,4.20000e-01,
4.5892236e-01,2.00001e-01,4.20000e-01,
4.5906883e-01,-0.00000e+00,4.20000e-01,
4.5921531e-01,-0.00000e+00,4.00000e-01,
4.5936179e-01,2.00001e-01,4.00000e-01,
4.5950827e-01,-0.00000e+00,3.80000e-01,
4.5965475e-01,-0.00000e+00,4.20000e-01,
4.5980123e-01,2.00001e-01,4.00000e-01,
4.5994771e-01,-0.00000e+00,4.00000e-01,
4.6009418e-01,-0.00000e+00,4.20000e-01,
4.6024066e-01,-0.00000e+00,4.00000e-01,
4.6038714e-01,-0.00000e+00,3.80000e-01,
4.6053362e-01,-0.00000e+00,4.00000e-01,
4.6068010e-01,-0.00000e+00,3.80000e-01,
4.6082658e-01,-0.00000e+00,3.80000e-01,
4.6097305e-01,-0.00000e+00,4.20000e-01,
4.6111953e-01,-0.00000e+00,3.80000e-01,
4.6126601e-01,-0.00000e+00,3.80000e-01,
4.6141249e-01,-0.00000e+00,3.80000e-01,
4.6155897e-01,-0.00000e+00,3.80000e-01,
4.6170545e-01,-0.00000e+00,3.80000e-01,
4.6185192e-01,-0.00000e+00,3.80000e-01,
4.6199840e-01,2.00001e-01,3.80000e-01,
4.6214488e-01,-0.00000e+00,3.80000e-01,
4.6229136e-01,-0.00000e+00,4.00000e-01,
4.6243784e-01,-0.00000e+00,3.80000e-01,
4.6258432e-01,-0.00000e+00,3.80000e-01,
4.6273080e-01,-0.00000e+00,3.80000e-01,
4.6287727e-01,-0.00000e+00,3.80000e-01,
4.6302375e-01,-0.00000e+00,3.80000e-01,
4.6317023e-01,-0.00000e+00,3.80000e-01,
4.6331671e-01,-0.00000e+00,3.20000e-01,
4.6346319e-01,-0.00000e+00,3.80000e-01,
4.6360967e-01,-0.00000e+00,3.80000e-01,
4.6375614e-01,2.00001e-01,3.80000e-01,
4.6390262e-01,2.00001e-01,3.80000e-01,
4.6404910e-01,-0.00000e+00,3.80000e-01,
4.6419558e-01,2.00001e-01,3.80000e-01,
4.6434206e-01,-0.00000e+00,4.40000e-01,
4.6448854e-01,2.00001e-01,3.80000e-01,
4.6463501e-01,-0.00000e+00,3.80000e-01,
4.6478149e-01,-0.00000e+00,3.80000e-01,
4.6492797e-01,2.00001e-01,3.80000e-01,
4.6507445e-01,2.00001e-01,3.80000e-01,
4.6522093e-01,-0.00000e+00,3.80000e-01,
4.6536741e-01,2.00001e-01,3.80000e-01,
4.6551389e-01,-0.00000e+00,3.40000e-01,
4.6566036e-01,-0.00000e+00,3.80000e-01,
4.6580684e-01,-0.00000e+00,3.80000e-01,
4.6595332e-01,2.00001e-01,3.80000e-01,
4.6609980e-01,-0.00000e+00,3.80000e-01,
4.6624628e-01,-0.00000e+00,3.80000e-01,
4.6639276e-01,-0.00000e+00,3.80000e-01,
4.6653923e-01,-0.00000e+00,3.80000e-01,
4.6668571e-01,-0.00000e+00,4.40000e-01,
4.6683219e-01,2.00001e-01,3.80000e-01,
4.6697867e-01,-0.00000e+00,3.80000e-01,
4.6712515e-01,-0.00000e+00,3.80000e-01,
4.6727163e-01,-0.00000e+00,3.80000e-01,
4.6741810e-01,2.00001e-01,3.80000e-01,
4.6756458e-01,-0.00000e+00,3.80000e-01,
4.6771106e-01,-0.00000e+00,3.80000e-01,
4.6785754e-01,-0.00000e+00,3.80000e-01,
4.6800402e-01,-0.00000e+00,3.80000e-01,
4.6815050e-01,-0.00000e+00,3.80000e-01,
4.6829697e-01,2.00001e-01,3.80000e-01,
4.6844345e-01,2.00001e-01,3.80000e-01,
4.6858993e-01,-0.00000e+00,3.80000e-01,
4.6873641e-01,-0.00000e+00,3.80000e-01,
4.6888289e-01,-0.00000e+00,3.80000e-01,
4.6902937e-01,-0.00000e+00,3.80000e-01,
4.6917585e-01,5.00000e+00,4.20000e-01,
4.6932232e-01,-0.00000e+00,3.80000e-01,
4.6946880e-01,-0.00000e+00,3.80000e-01,
4.6961528e-01,-0.00000e+00,3.80000e-01,
4.6976176e-01,2.00001e-01,3.80000e-01,
4.6990824e-01,-0.00000e+00,3.80000e-01,
4.7005472e-01,-0.00000e+00,3.80000e-01,
4.7020119e-01,-0.00000e+00,3.80000e-01,
4.7034767e-01,-0.00000e+00,3.80000e-01,
4.7049415e-01,-0.00000e+00,3.80000e-01,
4.7064063e-01,-0.00000e+00,3.80000e-01,
4.7078711e-01,-0.00000e+00,3.80000e-01,
4.7093359e-01,2.00001e-01,3.80000e-01,
4.7108006e-01,-0.00000e+00,3.80000e-01,
4.7122654e-01,-0.00000e+00,3.80000e-01,
4.7137302e-01,-0.00000e+00,3.80000e-01,
4.7151950e-01,-0.00000e+00,3.60000e-01,
4.7166598e-01,-0.00000e+00,3.60000e-01,
4.7181246e-01,-0.00000e+00,3.80000e-01,
4.7195894e-01,-0.00000e+00,3.80000e-01,
4.7210541e-01,-0.00000e+00,3.80000e-01,
4.7225189e-01,-0.00000e+00,3.60000e-01,
4.7239837e-01,-0.00000e+00,3.80000e-01,
4.7254485e-01,-0.00000e+00,3.80000e-01,
4.7269133e-01,2.00001e-01,3.60000e-01,
4.7283781e-01,-0.00000e+00,3.80000e-01,
4.7298428e-01,-0.00000e+00,3.80000e-01,
4.7313076e-01,2.00001e-01,3.00000e-01,
4.7327724e-01,2.00001e-01,3.80000e-01,
4.7342372e-01,-0.00000e+00,3.80000e-01,
4.7357020e-01,-0.00000e+00,3.80000e-01,
4.7371668e-01,2.00001e-01,3.80000e-01,
4.7386315e-01,-0.00000e+00,3.80000e-01,
4.7400963e-01,-0.00000e+00,3.80000e-01,
4.7415611e-01,-0.00000e+00,3.60000e-01,
4.7430259e-01,-0.00000e+00,3.80000e-01,
4.7444907e-01,-0.00000e+00,3.40000e-01,
4.7459555e-01,-0.00000e+00,3.60000e-01,
4.7474203e-01,2.00001e-01,3.60000e-01,
4.7488850e-01,-0.00000e+00,3.60000e-01,
4.7503498e-01,-0.00000e+00,3.60000e-01,
4.7518146e-01,2.00001e-01,3.80000e-01,
4.7532794e-01,-0.00000e+00,3.80000e-01,
4.7547442e-01,-0.00000e+00,3.60000e-01,
4.7562090e-01,-0.00000e+00,3.60000e-01,
4.7576737e-01,-0.00000e+00,3.60000e-01,
4.7591385e-01,-0.00000e+00,3.80000e-01,
4.7606033e-01,-0.00000e+00,3.60000e-01,
4.7620681e-01,-0.00000e+00,3.60000e-01,
4.7635329e-01,-0.00000e+00,3.60000e-01,
4.7649977e-01,-0.00000e+00,3.60000e-01,
4.7664624e-01,-0.00000e+00,3.80000e-01,
4.7679272e-01,-0.00000e+00,3.60000e-01,
4.7693920e-01,-0.00000e+00,3.80000e-01,
4.7708568e-01,-0.00000e+00,3.60000e-01,
4.7723216e-01,-0.00000e+00,3.60000e-01,
4.7737864e-01,-0.00000e+00,3.80000e-01,
4.7752512e-01,-0.00000e+00,3.60000e-01,
4.7767159e-01,-0.00000e+00,3.60000e-01,
4.7781807e-01,2.00001e-01,3.60000e-01,
4.7796455e-01,-0.00000e+00,3.60000e-01,
4.7811103e-01,-0.00000e+00,3.60000e-01,
4.7825751e-01,-0.00000e+00,3.60000e-01,
4.7840399e-01,-0.00000e+00,3.60000e-01,
4.7855046e-01,-0.00000e+00,3.60000e-01,
4.7869694e-01,-0.00000e+00,3.60000e-01,
4.7884342e-01,-0.00000e+00,3.60000e-01,
4.7898990e-01,-0.00000e+00,3.40000e-01,
4.7913638e-01,-0.00000e+00,3.80000e-01,
4.7928286e-01,2.00001e-01,3.60000e-01,
4.7942933e-01,-0.00000e+00,3.40000e-01,
4.7957581e-01,-0.00000e+00,3.60000e-01,
4.7972229e-01,-0.00000e+00,3.60000e-01,
4.7986877e-01,-0.00000e+00,3.60000e-01,
4.8001525e-01,2.00001e-01,3.60000e-01,
4.8016173e-01,-0.00000e+00,3.40000e-01,
4.8030820e-01,2.00001e-01,3.60000e-01,
4.8045468e-01,-0.00000e+00,3.60000e-01,
4.8060116e-01,-0.00000e+00,3.60000e-01,
4.8074764e-01,-0.00000e+00,3.60000e-01,
4.8089412e-01,-0.00000e+00,3.80000e-01,
4.8104060e-01,-0.00000e+00,3.60000e-01,
4.8118708e-01,-0.00000e+00,3.60000e-01,
4.8133355e-01,-0.00000e+00,3.60000e-01,
4.8148003e-01,-0.00000e+00,3.60000e-01,
4.8162651e-01,2.00001e-01,3.40000e-01,
4.8177299e-01,-0.00000e+00,3.60000e-01,
4.8191947e-01,-0.00000e+00,3.60000e-01,
4.8206595e-01,-0.00000e+00,3.60000e-01,
4.8221242e-01,2.00001e-01,3.40000e-01,
4.8235890e-01,-0.00000e+00,3.40000e-01,
4.8250538e-01,-0.00000e+00,3.40000e-01,
4.8265186e-01,-0.00000e+00,3.80000e-01,
4.8279834e-01,-0.00000e+00,3.00000e-01,
4.8294482e-01,2.00001e-01,3.60000e-01,
4.8309129e-01,2.00001e-01,3.60000e-01,
4.8323777e-01,-0.00000e+00,3.40000e-01,
4.8338425e-01,-0.00000e+00,3.40000e-01,
4.8353073e-01,-0.00000e+00,3.40000e-01,
4.8367721e-01,-0.00000e+00,3.40000e-01,
4.8382369e-01,-0.00000e+00,3.40000e-01,
4.8397017e-01,-0.00000e+00,3.40000e-01,
4.8411664e-01,-0.00000e+00,3.40000e-01,
4.8426312e-01,-0.00000e+00,3.40000e-01,
4.8440960e-01,2.00001e-01,3.40000e-01,
4.8455608e-01,2.00001e-01,3.40000e-01,
4.8470256e-01,-0.00000e+00,3.40000e-01,
4.8484904e-01,-0.00000e+00,3.40000e-01,
4.8499551e-01,-0.00000e+00,3.60000e-01,
4.8514199e-01,-0.00000e+00,3.40000e-01,
4.8528847e-01,-0.00000e+00,3.40000e-01,
4.8543495e-01,-0.00000e+00,3.40000e-01,
4.8558143e-01,-0.00000e+00,3.40000e-01,
4.8572791e-01,-0.00000e+00,3.40000e-01,
4.8587438e-01,-0.00000e+00,3.40000e-01,
4.8602086e-01,-0.00000e+00,3.40000e-01,
4.8616734e-01,-0.00000e+00,3.40000e-01,
4.8631382e-01,-0.00000e+00,3.40000e-01,
4.8646030e-01,-0.00000e+00,3.40000e-01,
4.8660678e-01,-0.00000e+00,3.40000e-01,
4.8675326e-01,-0.00000e+00,3.40000e-01,
4.8689973e-01,-0.00000e+00,3.40000e-01,
4.8704621e-01,2.00001e-01,3.40000e-01,
4.8719269e-01,2.00001e-01,3.40000e-01,
4.8733917e-01,-0.00000e+00,3.40000e-01,
4.8748565e-01,-0.00000e+00,3.40000e-01,
4.8763213e-01,-0.00000e+00,3.40000e-01,
4.8777860e-01,-0.00000e+00,3.40000e-01,
4.8792508e-01,-0.00000e+00,3.40000e-01,
4.8807156e-01,-0.00000e+00,3.40000e-01,
4.8821804e-01,-0.00000e+00,3.40000e-01,
4.8836452e-01,2.00001e-01,3.40000e-01,
4.8851100e-01,2.00001e-01,3.40000e-01,
4.8865747e-01,-0.00000e+00,3.20000e-01,
4.8880395e-01,-0.00000e+00,3.20000e-01,
4.8895043e-01,-0.00000e+00,3.20000e-01,
4.8909691e-01,-0.00000e+00,3.00000e-01,
4.8924339e-01,-0.00000e+00,3.20000e-01,
4.8938987e-01,-0.00000e+00,3.20000e-01,
4.8953635e-01,-0.00000e+00,3.20000e-01,
4.8968282e-01,-0.00000e+00,3.20000e-01,
4.8982930e-01,-0.00000e+00,3.00000e-01,
4.8997578e-01,-0.00000e+00,3.00000e-01,
4.9012226e-01,2.00001e-01,3.00000e-01,
4.9026874e-01,-0.00000e+00,3.20000e-01,
4.9041522e-01,-0.00000e+00,3.00000e-01,
4.9056169e-01,2.00001e-01,3.00000e-01,
4.9070817e-01,-0.00000e+00,3.00000e-01,
4.9085465e-01,-0.00000e+00,3.00000e-01,
4.9100113e-01,-0.00000e+00,3.00000e-01,
4.9114761e-01,-0.00000e+00,3.00000e-01,
4.9129409e-01,-0.00000e+00,3.00000e-01,
4.9144056e-01,-0.00000e+00,3.00000e-01,
4.9158704e-01,-0.00000e+00,3.00000e-01,
4.9173352e-01,-0.00000e+00,3.00000e-01,
4.9188000e-01,-0.00000e+00,3.00000e-01,
4.9202648e-01,2.00001e-01,3.00000e-01,
4.9217296e-01,-0.00000e+00,3.00000e-01,
4.9231943e-01,-0.00000e+00,3.00000e-01,
4.9246591e-01,-0.00000e+00,2.80000e-01,
4.9261239e-01,-0.00000e+00,2.80000e-01,
4.9275887e-01,-0.00000e+00,3.00000e-01,
4.9290535e-01,-0.00000e+00,2.80000e-01,
4.9305183e-01,-0.00000e+00,2.80000e-01,
4.9319831e-01,-0.00000e+00,2.80000e-01,
4.9334478e-01,-0.00000e+00,2.80000e-01,
4.9349126e-01,2.00001e-01,2.80000e-01,
4.9363774e-01,-0.00000e+00,2.80000e-01,
4.9378422e-01,-0.00000e+00,2.60000e-01,
4.9393070e-01,2.00001e-01,2.60000e-01,
4.9407718e-01,-0.00000e+00,2.60000e-01,
4.9422365e-01,-0.00000e+00,2.60000e-01,
4.9437013e-01,-0.00000e+00,2.40000e-01,
4.9451661e-01,-0.00000e+00,2.40000e-01,
4.9466309e-01,-0.00000e+00,2.20000e-01,
4.9480957e-01,-0.00000e+00,2.20000e-01,
4.9495605e-01,-0.00000e+00,2.20000e-01,
4.9510252e-01,2.00001e-01,2.20000e-01,
4.9524900e-01,2.00001e-01,2.20000e-01,
4.9539548e-01,-0.00000e+00,2.20000e-01,
4.9554196e-01,-0.00000e+00,2.00000e-01,
4.9568844e-01,-0.00000e+00,1.80000e-01,
4.9583492e-01,-0.00000e+00,1.80000e-01,
4.9598140e-01,-0.00000e+00,1.60000e-01,
4.9612787e-01,-0.00000e+00,1.60000e-01,
4.9627435e-01,-0.00000e+00,1.40000e-01,
4.9642083e-01,-0.00000e+00,1.40000e-01,
4.9656731e-01,-0.00000e+00,1.40000e-01,
4.9671379e-01,-0.00000e+00,1.40000e-01,
4.9686027e-01,-0.00000e+00,1.20000e-01,
4.9700674e-01,-0.00000e+00,1.20000e-01,
4.9715322e-01,-0.00000e+00,1.20000e-01,
4.9729970e-01,2.00001e-01,1.00000e-01,
4.9744618e-01,2.00001e-01,1.00000e-01,
4.9759266e-01,-0.00000e+00,1.00000e-01,
4.9773914e-01,-0.00000e+00,6.00001e-02,
4.9788561e-01,2.00001e-01,6.00001e-02,
4.9803209e-01,-0.00000e+00,4.00001e-02,
4.9817857e-01,-0.00000e+00,4.00001e-02,
4.9832505e-01,-0.00000e+00,4.00001e-02,
4.9847153e-01,-0.00000e+00,2.00001e-02,
4.9861801e-01,2.00001e-01,2.00001e-02,
4.9876449e-01,-0.00000e+00,-3.99998e-02,
4.9891096e-01,-0.00000e+00,-3.99998e-02,
4.9905744e-01,-0.00000e+00,-3.99998e-02,
4.9920392e-01,-0.00000e+00,-3.99998e-02,
4.9935040e-01,-0.00000e+00,-3.99998e-02,
4.9949688e-01,-0.00000e+00,-5.99999e-02,
4.9964336e-01,-0.00000e+00,-5.99999e-02,
4.9978983e-01,-0.00000e+00,-7.99999e-02,
4.9993631e-01,-0.00000e+00,-9.99999e-02,
5.0008279e-01,-0.00000e+00,-1.20000e-01,
5.0022930e-01,2.00001e-01,-1.20000e-01,
5.0037581e-01,-0.00000e+00,-1.20000e-01,
5.0052232e-01,-0.00000e+00,-1.20000e-01,
5.0066882e-01,-0.00000e+00,-1.20000e-01,
5.0081533e-01,2.00001e-01,-1.20000e-01,
5.0096184e-01,-0.00000e+00,-1.60000e-01,
5.0110835e-01,-0.00000e+00,-1.60000e-01,
5.0125486e-01,2.00001e-01,-1.60000e-01,
5.0140136e-01,2.00001e-01,-1.80000e-01,
5.0154787e-01,-0.00000e+00,-2.00000e-01,
5.0169438e-01,-0.00000e+00,-2.00000e-01,
5.0184089e-01,-0.00000e+00,-2.00000e-01,
5.0198740e-01,2.00001e-01,-2.20000e-01,
5.0213391e-01,-0.00000e+00,-2.20000e-01,
5.0228041e-01,-0.00000e+00,-2.40000e-01,
5.0242692e-01,-0.00000e+00,-2.40000e-01,
5.0257343e-01,2.00001e-01,-2.60000e-01,
5.0271994e-01,-0.00000e+00,-2.80000e-01,
5.0286645e-01,2.00001e-01,-2.80000e-01,
5.0301296e-01,-0.00000e+00,-2.80000e-01,
5.0315946e-01,-0.00000e+00,-2.80000e-01,
5.0330597e-01,-0.00000e+00,-3.00000e-01,
5.0345248e-01,-0.00000e+00,-3.00000e-01,
5.0359899e-01,-0.00000e+00,-3.20000e-01,
5.0374550e-01,-0.00000e+00,-3.20000e-01,
5.0389200e-01,-0.00000e+00,-3.40000e-01,
5.0403851e-01,-0.00000e+00,-3.40000e-01,
5.0418502e-01,-0.00000e+00,-3.60000e-01,
5.0433153e-01,-0.00000e+00,-3.60000e-01,
5.0447804e-01,-0.00000e+00,-3.60000e-01,
5.0462455e-01,2.00001e-01,-3.60000e-01,
5.0477105e-01,-0.00000e+00,-3.80000e-01,
5.0491756e-01,-0.00000e+00,-4.00000e-01,
5.0506407e-01,-0.00000e+00,-4.00000e-01,
5.0521058e-01,-0.00000e+00,-4.20000e-01,
5.0535709e-01,-0.00000e+00,-4.20000e-01,
5.0550359e-01,-0.00000e+00,-4.40000e-01,
5.0565010e-01,-0.00000e+00,-4.40000e-01,
5.0579661e-01,-0.00000e+00,-4.40000e-01,
5.0594312e-01,-0.00000e+00,-4.40000e-01,
5.0608963e-01,-0.00000e+00,-4.80000e-01,
5.0623614e-01,-0.00000e+00,-4.80000e-01,
5.0638264e-01,2.00001e-01,-4.80000e-01,
5.0652915e-01,-0.00000e+00,-4.80000e-01,
5.0667566e-01,-0.00000e+00,-5.00000e-01,
5.0682217e-01,-0.00000e+00,-5.20000e-01,
5.0696868e-01,-0.00000e+00,-5.20000e-01,
5.0711519e-01,-0.00000e+00,-5.20000e-01,
5.0726169e-01,-0.00000e+00,-5.20000e-01,
5.0740820e-01,-0.00000e+00,-5.40000e-01,
5.0755471e-01,-0.00000e+00,-5.40000e-01,
5.0770122e-01,-0.00000e+00,-5.60000e-01,
5.0784773e-01,-0.00000e+00,-5.60000e-01,
5.0799423e-01,-0.00000e+00,-5.60000e-01,
5.0814074e-01,-0.00000e+00,-5.80000e-01,
5.0828725e-01,2.00001e-01,-6.00000e-01,
5.0843376e-01,-0.00000e+00,-6.00000e-01,
5.0858027e-01,-0.00000e+00,-6.00000e-01,
5.0872678e-01,-0.00000e+00,-6.00000e-01,
5.0887328e-01,-0.00000e+00,-6.20000e-01,
5.0901979e-01,-0.00000e+00,-6.20000e-01,
5.0916630e-01,-0.00000e+00,-6.40000e-01,
5.0931281e-01,-0.00000e+00,-6.60000e-01,
5.0945932e-01,2.00001e-01,-6.80000e-01,
5.0960582e-01,2.00001e-01,-6.60000e-01,
5.0975233e-01,-0.00000e+00,-6.80000e-01,
5.0989884e-01,-0.00000e+00,-6.80000e-01,
5.1004535e-01,-0.00000e+00,-6.80000e-01,
5.1019186e-01,-0.00000e+00,-7.00000e-01,
5.1033837e-01,-0.00000e+00,-7.00000e-01,
5.1048487e-01,-0.00000e+00,-7.20000e-01,
5.1063138e-01,-0.00000e+00,-7.20000e-01,
5.1077789e-01,-0.00000e+00,-7.40000e-01,
5.1092440e-01,2.00001e-01,-7.60000e-01,
5.1107091e-01,-0.00000e+00,-7.60000e-01,
5.1121742e-01,2.00001e-01,-7.60000e-01,
5.1136392e-01,-0.00000e+00,-7.60000e-01,
5.1151043e-01,-0.00000e+00,-7.60000e-01,
5.1165694e-01,-0.00000e+00,-7.80000e-01,
5.1180345e-01,-0.00000e+00,-7.80000e-01,
5.1194996e-01,-0.00000e+00,-7.80000e-01,
5.1209646e-01,-0.00000e+00,-8.00000e-01,
5.1224297e-01,2.00001e-01,-8.20000e-01,
5.1238948e-01,-0.00000e+00,-8.20000e-01,
5.1253599e-01,-0.00000e+00,-8.20000e-01,
5.1268250e-01,-0.00000e+00,-8.60000e-01,
5.1282901e-01,2.00001e-01,-8.60000e-01,
5.1297551e-01,-0.00000e+00,-8.60000e-01,
5.1312202e-01,-0.00000e+00,-8.60000e-01,
5.1326853e-01,-0.00000e+00,-8.60000e-01,
5.1341504e-01,-0.00000e+00,-8.80000e-01,
5.1356155e-01,-0.00000e+00,-9.00000e-01,
5.1370806e-01,2.00001e-01,-9.00000e-01,
5.1385456e-01,-0.00000e+00,-9.00000e-01,
5.1400107e-01,2.00001e-01,-9.20000e-01,
5.1414758e-01,2.00001e-01,-9.20000e-01,
5.1429409e-01,2.00001e-01,-9.20000e-01,
5.1444060e-01,-0.00000e+00,-9.40000e-01,
5.1458710e-01,-0.00000e+00,-9.40000e-01,
5.1473361e-01,-0.00000e+00,-9.40000e-01,
5.1488012e-01,2.00001e-01,-9.60000e-01,
5.1502663e-01,-0.00000e+00,-9.60000e-01,
5.1517314e-01,-0.00000e+00,-9.60000e-01,
5.1531965e-01,-0.00000e+00,-9.60000e-01,
5.1546615e-01,-0.00000e+00,-9.80000e-01,
5.1561266e-01,-0.00000e+00,-9.80000e-01,
5.1575917e-01,-0.00000e+00,-9.80000e-01,
5.1590568e-01,-0.00000e+00,-1.00000e+00,
5.1605219e-01,-0.00000e+00,-1.00000e+00,
5.1619869e-01,-0.00000e+00,-1.02000e+00,
5.1634520e-01,-0.00000e+00,-1.02000e+00,
5.1649171e-01,-0.00000e+00,-1.02000e+00,
5.1663822e-01,-0.00000e+00,-1.02000e+00,
5.1678473e-01,2.00001e-01,-1.04000e+00,
5.1693124e-01,-0.00000e+00,-1.04000e+00,
5.1707774e-01,-0.00000e+00,-1.04000e+00,
5.1722425e-01,-0.00000e+00,-1.06000e+00,
5.1737076e-01,-0.00000e+00,-1.06000e+00,
5.1751727e-01,-0.00000e+00,-1.08000e+00,
5.1766378e-01,-0.00000e+00,-1.08000e+00,
5.1781029e-01,-0.00000e+00,-1.10000e+00,
5.1795679e-01,-0.00000e+00,-1.10000e+00,
5.1810330e-01,-0.00000e+00,-1.10000e+00,
5.1824981e-01,-0.00000e+00,-1.10000e+00,
5.1839632e-01,2.00001e-01,-1.12000e+00,
5.1854283e-01,-0.00000e+00,-1.12000e+00,
5.1868933e-01,-0.00000e+00,-1.12000e+00,
5.1883584e-01,-0.00000e+00,-1.12000e+00,
5.1898235e-01,-0.00000e+00,-1.14000e+00,
5.1912886e-01,-0.00000e+00,-1.14000e+00,
5.1927537e-01,-0.00000e+00,-1.14000e+00,
5.1942188e-01,-0.00000e+00,-1.14000e+00,
5.1956838e-01,-0.00000e+00,-1.14000e+00,
5.1971489e-01,-0.00000e+00,-1.18000e+00,
5.1986140e-01,2.00001e-01,-1.18000e+00,
5.2000791e-01,-0.00000e+00,-1.18000e+00,
5.2015442e-01,-0.00000e+00,-1.18000e+00,
5.2030092e-01,-0.00000e+00,-1.18000e+00,
5.2044743e-01,-0.00000e+00,-1.18000e+00,
5.2059394e-01,2.00001e-01,-1.18000e+00,
5.2074045e-01,2.00001e-01,-1.20000e+00,
5.2088696e-01,2.00001e-01,-1.20000e+00,
5.2103347e-01,-0.00000e+00,-1.20000e+00,
5.2117997e-01,-0.00000e+00,-1.22000e+00,
5.2132648e-01,-0.00000e+00,-1.24000e+00,
5.2147299e-01,-0.00000e+00,-1.24000e+00,
5.2161950e-01,2.00001e-01,-1.24000e+00,
5.2176601e-01,-0.00000e+00,-1.26000e+00,
5.2191252e-01,2.00001e-01,-1.26000e+00,
5.2205902e-01,-0.00000e+00,-1.26000e+00,
5.2220553e-01,2.00001e-01,-1.26000e+00,
5.2235204e-01,-0.00000e+00,-1.26000e+00,
5.2249855e-01,-0.00000e+00,-1.26000e+00,
5.2264506e-01,-0.00000e+00,-1.28000e+00,
5.2279156e-01,-0.00000e+00,-1.28000e+00,
5.2293807e-01,-0.00000e+00,-1.28000e+00,
5.2308458e-01,-0.00000e+00,-1.30000e+00,
5.2323109e-01,-0.00000e+00,-1.30000e+00,
5.2337760e-01,-0.00000e+00,-1.30000e+00,
5.2352411e-01,-0.00000e+00,-1.30000e+00,
5.2367061e-01,-0.00000e+00,-1.34000e+00,
5.2381712e-01,-0.00000e+00,-1.34000e+00,
5.2396363e-01,2.00001e-01,-1.34000e+00,
5.2411014e-01,-0.00000e+00,-1.34000e+00,
5.2425665e-01,-0.00000e+00,-1.34000e+00,
5.2440315e-01,-0.00000e+00,-1.34000e+00,
5.2454966e-01,-0.00000e+00,-1.34000e+00,
5.2469617e-01,-0.00000e+00,-1.34000e+00,
5.2484268e-01,-0.00000e+00,-1.36000e+00,
5.2498919e-01,-0.00000e+00,-1.36000e+00,
5.2513570e-01,-0.00000e+00,-1.36000e+00,
5.2528220e-01,-0.00000e+00,-1.36000e+00,
5.2542871e-01,-0.00000e+00,-1.38000e+00,
5.2557522e-01,-0.00000e+00,-1.38000e+00,
5.2572173e-01,2.00001e-01,-1.40000e+00,
5.2586824e-01,-0.00000e+00,-1.38000e+00,
5.2601475e-01,-0.00000e+00,-1.40000e+00,
5.2616125e-01,2.00001e-01,-1.42000e+00,
5.2630776e-01,2.00001e-01,-1.42000e+00,
5.2645427e-01,2.00001e-01,-1.42000e+00,
5.2660078e-01,2.00001e-01,-1.42000e+00,
5.2674729e-01,-0.00000e+00,-1.42000e+00,
5.2689379e-01,-0.00000e+00,-1.42000e+00,
5.2704030e-01,-0.00000e+00,-1.44000e+00,
5.2718681e-01,2.00001e-01,-1.44000e+00,
5.2733332e-01,-0.00000e+00,-1.44000e+00,
5.2747983e-01,-0.00000e+00,-1.44000e+00,
5.2762634e-01,-0.00000e+00,-1.44000e+00,
5.2777284e-01,-0.00000e+00,-1.44000e+00,
5.2791935e-01,-0.00000e+00,-1.46000e+00,
5.2806586e-01,-0.00000e+00,-1.46000e+00,
5.2821237e-01,-0.00000e+00,-1.46000e+00,
5.2835888e-01,-0.00000e+00,-1.46000e+00,
5.2850538e-01,-0.00000e+00,-1.46000e+00,
5.2865189e-01,-0.00000e+00,-1.48000e+00,
5.2879840e-01,-0.00000e+00,-1.50000e+00,
5.2894491e-01,-0.00000e+00,-1.50000e+00,
5.2909142e-01,-0.00000e+00,-1.50000e+00,
5.2923793e-01,-0.00000e+00,-1.50000e+00,
5.2938443e-01,-0.00000e+00,-1.50000e+00,
5.2953094e-01,-0.00000e+00,-1.52000e+00,
5.2967745e-01,-0.00000e+00,-1.50000e+00,
5.2982396e-01,-0.00000e+00,-1.50000e+00,
5.2997047e-01,-0.00000e+00,-1.52000e+00,
5.3011698e-01,-0.00000e+00,-1.52000e+00,
5.3026348e-01,-0.00000e+00,-1.52000e+00,
5.3040999e-01,-0.00000e+00,-1.54000e+00,
5.3055650e-01,-0.00000e+00,-1.54000e+00,
5.3070301e-01,2.00001e-01,-1.54000e+00,
5.3084952e-01,-0.00000e+00,-1.54000e+00,
5.3099602e-01,-0.00000e+00,-1.54000e+00,
5.3114253e-01,2.00001e-01,-1.56000e+00,
5.3128904e-01,-0.00000e+00,-1.58000e+00,
5.3143555e-01,-0.00000e+00,-1.58000e+00,
5.3158206e-01,2.00001e-01,-1.58000e+00,
5.3172857e-01,-0.00000e+00,-1.58000e+00,
5.3187507e-01,2.00001e-01,-1.58000e+00,
5.3202158e-01,-0.00000e+00,-1.58000e+00,
5.3216809e-01,-0.00000e+00,-1.58000e+00,
5.3231460e-01,-0.00000e+00,-1.58000e+00,
5.3246111e-01,-0.00000e+00,-1.58000e+00,
5.3260761e-01,2.00001e-01,-1.58000e+00,
5.3275412e-01,-0.00000e+00,-1.58000e+00,
5.3290063e-01,-0.00000e+00,-1.60000e+00,
5.3304714e-01,-0.00000e+00,-1.60000e+00,
5.3319365e-01,-0.00000e+00,-1.62000e+00,
5.3334016e-01,-0.00000e+00,-1.62000e+00,
5.3348666e-01,2.00001e-01,-1.62000e+00,
5.3363317e-01,-0.00000e+00,-1.62000e+00,
5.3377968e-01,-0.00000e+00,-1.62000e+00,
5.3392619e-01,2.00001e-01,-1.62000e+00,
5.3407270e-01,-0.00000e+00,-1.64000e+00,
5.3421921e-01,-0.00000e+00,-1.62000e+00,
5.3436571e-01,-0.00000e+00,-1.64000e+00,
5.3451222e-01,-0.00000e+00,-1.64000e+00,
5.3465873e-01,-0.00000e+00,-1.66000e+00,
5.3480524e-01,-0.00000e+00,-1.66000e+00,
5.3495175e-01,-0.00000e+00,-1.66000e+00,
5.3509825e-01,-0.00000e+00,-1.66000e+00,
5.3524476e-01,-0.00000e+00,-1.66000e+00,
5.3539127e-01,-0.00000e+00,-1.66000e+00,
5.3553778e-01,-0.00000e+00,-1.66000e+00,
5.3568429e-01,-0.00000e+00,-1.66000e+00,
5.3583080e-01,-0.00000e+00,-1.66000e+00,
5.3597730e-01,2.00001e-01,-1.70000e+00,
5.3612381e-01,-0.00000e+00,-1.70000e+00,
5.3627032e-01,-0.00000e+00,-1.72000e+00,
5.3641683e-01,-0.00000e+00,-1.70000e+00,
5.3656334e-01,-0.00000e+00,-1.72000e+00,
5.3670985e-01,-0.00000e+00,-1.72000e+00,
5.3685635e-01,-0.00000e+00,-1.72000e+00,
5.3700286e-01,-0.00000e+00,-1.72000e+00,
5.3714937e-01,-0.00000e+00,-1.74000e+00,
5.3729588e-01,-0.00000e+00,-1.74000e+00,
5.3744239e-01,2.00001e-01,-1.74000e+00,
5.3758889e-01,-0.00000e+00,-1.72000e+00,
5.3773540e-01,-0.00000e+00,-1.76000e+00,
5.3788191e-01,-0.00000e+00,-1.76000e+00,
5.3802842e-01,-0.00000e+00,-1.76000e+00,
5.3817493e-01,-0.00000e+00,-1.76000e+00,
5.3832144e-01,2.00001e-01,-1.76000e+00,
5.3846794e-01,-0.00000e+00,-1.76000e+00,
5.3861445e-01,-0.00000e+00,-1.76000e+00,
5.3876096e-01,-0.00000e+00,-1.76000e+00,
5.3890747e-01,-0.00000e+00,-1.76000e+00,
5.3905398e-01,-0.00000e+00,-1.76000e+00,
5.3920048e-01,-0.00000e+00,-1.76000e+00,
5.3934699e-01,-0.00000e+00,-1.76000e+00,
5.3949350e-01,2.00001e-01,-1.78000e+00,
5.3964001e-01,-0.00000e+00,-1.78000e+00,
5.3978652e-01,-0.00000e+00,-1.78000e+00,
5.3993303e-01,-0.00000e+00,-1.78000e+00,
5.4007953e-01,-0.00000e+00,-1.80000e+00,
5.4022604e-01,2.00001e-01,-1.78000e+00,
5.4037255e-01,-0.00000e+00,-1.80000e+00,
5.4051906e-01,-0.00000e+00,-1.80000e+00,
5.4066557e-01,-0.00000e+00,-1.80000e+00,
5.4081208e-01,-0.00000e+00,-1.80000e+00,
5.4095858e-01,-0.00000e+00,-1.80000e+00,
5.4110509e-01,-0.00000e+00,-1.80000e+00,
5.4125160e-01,-0.00000e+00,-1.80000e+00,
5.4139811e-01,-0.00000e+00,-1.80000e+00,
5.4154462e-01,-0.00000e+00,-1.82000e+00,
5.4169112e-01,-0.00000e+00,-1.84000e+00,
5.4183763e-01,2.00001e-01,-1.84000e+00,
5.4198414e-01,-0.00000e+00,-1.82000e+00,
5.4213065e-01,-0.00000e+00,-1.84000e+00,
5.4227716e-01,-0.00000e+00,-1.84000e+00,
5.4242367e-01,-0.00000e+00,-1.84000e+00,
5.4257017e-01,-0.00000e+00,-1.84000e+00,
5.4271668e-01,-0.00000e+00,-1.84000e+00,
5.4286319e-01,-0.00000e+00,-1.84000e+00,
5.4300970e-01,-0.00000e+00,-1.84000e+00,
5.4315621e-01,-0.00000e+00,-1.84000e+00,
5.4330271e-01,-0.00000e+00,-1.84000e+00,
5.4344922e-01,-0.00000e+00,-1.84000e+00,
5.4359573e-01,-0.00000e+00,-1.86000e+00,
5.4374224e-01,-0.00000e+00,-1.84000e+00,
5.4388875e-01,-0.00000e+00,-1.84000e+00,
5.4403526e-01,-0.00000e+00,-1.84000e+00,
5.4418176e-01,-0.00000e+00,-1.86000e+00,
5.4432827e-01,2.00001e-01,-1.86000e+00,
5.4447478e-01,-0.00000e+00,-1.86000e+00,
5.4462129e-01,-0.00000e+00,-1.86000e+00,
5.4476780e-01,-0.00000e+00,-1.86000e+00,
5.4491431e-01,-0.00000e+00,-1.86000e+00,
5.4506081e-01,-0.00000e+00,-1.86000e+00,
5.4520732e-01,-0.00000e+00,-1.86000e+00,
5.4535383e-01,-0.00000e+00,-1.88000e+00,
5.4550034e-01,-0.00000e+00,-1.88000e+00,
5.4564685e-01,2.00001e-01,-1.88000e+00,
5.4579335e-01,-0.00000e+00,-1.88000e+00,
5.4593986e-01,-0.00000e+00,-1.88000e+00,
5.4608637e-01,-0.00000e+00,-1.88000e+00,
5.4623288e-01,-0.00000e+00,-1.88000e+00,
5.4637939e-01,-0.00000e+00,-1.88000e+00,
5.4652590e-01,2.00001e-01,-1.90000e+00,
5.4667240e-01,-0.00000e+00,-1.88000e+00,
5.4681891e-01,2.00001e-01,-1.90000e+00,
5.4696542e-01,2.00001e-01,-1.92000e+00,
5.4711193e-01,2.00001e-01,-1.90000e+00,
5.4725844e-01,2.00001e-01,-1.92000e+00,
5.4740494e-01,-0.00000e+00,-1.92000e+00,
5.4755145e-01,-0.00000e+00,-1.92000e+00,
5.4769796e-01,-0.00000e+00,-1.92000e+00,
5.4784447e-01,2.00001e-01,-1.92000e+00,
5.4799098e-01,-0.00000e+00,-1.92000e+00,
5.4813749e-01,-0.00000e+00,-1.92000e+00,
5.4828399e-01,-0.00000e+00,-1.92000e+00,
5.4843050e-01,-0.00000e+00,-1.92000e+00,
5.4857701e-01,-0.00000e+00,-1.92000e+00,
5.4872352e-01,-0.00000e+00,-1.92000e+00,
5.4887003e-01,-0.00000e+00,-1.92000e+00,
5.4901654e-01,-0.00000e+00,-1.92000e+00,
5.4916304e-01,-0.00000e+00,-1.92000e+00,
5.4930955e-01,-0.00000e+00,-1.92000e+00,
5.4945606e-01,-0.00000e+00,-1.92000e+00,
5.4960257e-01,2.00001e-01,-1.92000e+00,
5.4974908e-01,2.00001e-01,-1.92000e+00,
5.4989558e-01,-0.00000e+00,-1.92000e+00,
5.5004209e-01,-0.00000e+00,-1.94000e+00,
5.5018860e-01,-0.00000e+00,-1.94000e+00,
5.5033511e-01,-0.00000e+00,-1.94000e+00,
5.5048162e-01,-0.00000e+00,-1.94000e+00,
5.5062813e-01,-0.00000e+00,-1.94000e+00,
5.5077463e-01,-0.00000e+00,-1.94000e+00,
5.5092114e-01,-0.00000e+00,-1.96000e+00,
5.5106765e-01,-0.00000e+00,-1.94000e+00,
5.5121416e-01,-0.00000e+00,-1.94000e+00,
5.5136067e-01,-0.00000e+00,-1.96000e+00,
5.5150717e-01,2.00001e-01,-1.96000e+00,
5.5165368e-01,-0.00000e+00,-1.94000e+00,
5.5180019e-01,2.00001e-01,-1.96000e+00,
5.5194670e-01,2.00001e-01,-1.94000e+00,
5.5209321e-01,2.00001e-01,-1.96000e+00,
5.5223972e-01,2.00001e-01,-1.96000e+00,
5.5238622e-01,-0.00000e+00,-1.96000e+00,
5.5253273e-01,-0.00000e+00,-1.96000e+00,
5.5267924e-01,2.00001e-01,-1.96000e+00,
5.5282575e-01,2.00001e-01,-1.96000e+00,
5.5297226e-01,-0.00000e+00,-2.00000e+00,
5.5311877e-01,-0.00000e+00,-1.96000e+00,
5.5326527e-01,-0.00000e+00,-1.98000e+00,
5.5341178e-01,-0.00000e+00,-1.96000e+00,
5.5355829e-01,-0.00000e+00,-1.96000e+00,
5.5370480e-01,-0.00000e+00,-1.96000e+00,
5.5385131e-01,-0.00000e+00,-1.98000e+00,
5.5399781e-01,-0.00000e+00,-1.98000e+00,
5.5414432e-01,2.00001e-01,-1.96000e+00,
5.5429083e-01,2.00001e-01,-1.98000e+00,
5.5443734e-01,-0.00000e+00,-1.98000e+00,
5.5458385e-01,-0.00000e+00,-1.98000e+00,
5.5473036e-01,2.00001e-01,-1.98000e+00,
5.5487686e-01,-0.00000e+00,-2.00000e+00,
5.5502337e-01,-0.00000e+00,-2.00000e+00,
5.5516988e-01,-0.00000e+00,-2.00000e+00,
5.5531639e-01,-0.00000e+00,-2.00000e+00,
5.5546290e-01,-0.00000e+00,-2.00000e+00,
5.5560941e-01,-0.00000e+00,-2.00000e+00,
5.5575591e-01,-0.00000e+00,-2.00000e+00,
5.5590242e-01,-0.00000e+00,-2.00000e+00,
5.5604893e-01,-0.00000e+00,-2.00000e+00,
5.5619544e-01,-0.00000e+00,-2.00000e+00,
5.5634195e-01,2.00001e-01,-2.00000e+00,
5.5648845e-01,-0.00000e+00,-2.00000e+00,
5.5663496e-01,-0.00000e+00,-2.00000e+00,
5.5678147e-01,-0.00000e+00,-2.00000e+00,
5.5692798e-01,-0.00000e+00,-2.00000e+00,
5.5707449e-01,-0.00000e+00,-2.00000e+00,
5.5722100e-01,-0.00000e+00,-2.00000e+00,
5.5736750e-01,-0.00000e+00,-2.00000e+00,
5.5751401e-01,-0.00000e+00,-2.00000e+00,
5.5766052e-01,-0.00000e+00,-2.00000e+00,
5.5780703e-01,-0.00000e+00,-2.00000e+00,
5.5795354e-01,-0.00000e+00,-2.00000e+00,
5.5810004e-01,-0.00000e+00,-2.00000e+00,
5.5824655e-01,-0.00000e+00,-2.02000e+00,
5.5839306e-01,-0.00000e+00,-2.00000e+00,
5.5853957e-01,-0.00000e+00,-2.00000e+00,
5.5868608e-01,-0.00000e+00,-2.02000e+00,
5.5883259e-01,-0.00000e+00,-2.02000e+00,
5.5897909e-01,-0.00000e+00,-2.00000e+00,
5.5912560e-01,-0.00000e+00,-2.02000e+00,
5.5927211e-01,-0.00000e+00,-2.02000e+00,
5.5941862e-01,-0.00000e+00,-2.00000e+00,
5.5956513e-01,-0.00000e+00,-2.02000e+00,
5.5971164e-01,-0.00000e+00,-2.02000e+00,
5.5985814e-01,-0.00000e+00,-2.02000e+00,
5.6000465e-01,-0.00000e+00,-2.02000e+00,
5.6015116e-01,-0.00000e+00,-2.02000e+00,
5.6029767e-01,-0.00000e+00,-2.00000e+00,
5.6044418e-01,-0.00000e+00,-2.00000e+00,
5.6059068e-01,2.00001e-01,-2.02000e+00,
5.6073719e-01,2.00001e-01,-2.02000e+00,
5.6088370e-01,-0.00000e+00,-2.02000e+00,
5.6103021e-01,2.00001e-01,-2.02000e+00,
5.6117672e-01,-0.00000e+00,-2.02000e+00,
5.6132323e-01,-0.00000e+00,-2.02000e+00,
5.6146973e-01,2.00001e-01,-2.02000e+00,
5.6161624e-01,-0.00000e+00,-2.04000e+00,
5.6176275e-01,-0.00000e+00,-2.04000e+00,
5.6190926e-01,-0.00000e+00,-2.04000e+00,
5.6205577e-01,2.00001e-01,-2.02000e+00,
5.6220227e-01,-0.00000e+00,-2.02000e+00,
5.6234878e-01,-0.00000e+00,-2.04000e+00,
5.6249529e-01,-0.00000e+00,-2.02000e+00,
5.6264180e-01,-0.00000e+00,-2.02000e+00,
5.6278831e-01,-0.00000e+00,-2.02000e+00,
5.6293482e-01,-0.00000e+00,-2.04000e+00,
5.6308132e-01,-0.00000e+00,-2.04000e+00,
5.6322783e-01,-0.00000e+00,-2.02000e+00,
5.6337434e-01,-0.00000e+00,-2.04000e+00,
5.6352085e-01,-0.00000e+00,-2.02000e+00,
5.6366736e-01,-0.00000e+00,-2.04000e+00,
5.6381387e-01,-0.00000e+00,-2.02000e+00,
5.6396037e-01,-0.00000e+00,-2.02000e+00,
5.6410688e-01,-0.00000e+00,-2.04000e+00,
5.6425339e-01,-0.00000e+00,-2.04000e+00,
5.6439990e-01,2.00001e-01,-2.04000e+00,
5.6454641e-01,-0.00000e+00,-2.02000e+00,
5.6469291e-01,-0.00000e+00,-2.02000e+00,
5.6483942e-01,2.00001e-01,-2.04000e+00,
5.6498593e-01,-0.00000e+00,-2.04000e+00,
5.6513244e-01,-0.00000e+00,-2.04000e+00,
5.6527895e-01,-0.00000e+00,-2.02000e+00,
5.6542546e-01,-0.00000e+00,-2.04000e+00,
5.6557196e-01,-0.00000e+00,-2.02000e+00,
5.6571847e-01,-0.00000e+00,-2.04000e+00,
5.6586498e-01,2.00001e-01,-2.04000e+00,
5.6601149e-01,-0.00000e+00,-2.02000e+00,
5.6615800e-01,2.00001e-01,-2.02000e+00,
5.6630450e-01,-0.00000e+00,-2.04000e+00,
5.6645101e-01,-0.00000e+00,-2.04000e+00,
5.6659752e-01,2.00001e-01,-2.04000e+00,
5.6674403e-01,-0.00000e+00,-2.02000e+00,
5.6689054e-01,-0.00000e+00,-2.04000e+00,
5.6703705e-01,-0.00000e+00,-2.04000e+00,
5.6718355e-01,-0.00000e+00,-2.04000e+00,
5.6733006e-01,-0.00000e+00,-2.04000e+00,
5.6747657e-01,2.00001e-01,-2.02000e+00,
5.6762308e-01,-0.00000e+00,-2.04000e+00,
5.6776959e-01,2.00001e-01,-2.04000e+00,
5.6791610e-01,-0.00000e+00,-2.04000e+00,
5.6806260e-01,-0.00000e+00,-2.04000e+00,
5.6820911e-01,-0.00000e+00,-2.04000e+00,
5.6835562e-01,-0.00000e+00,-2.04000e+00,
5.6850213e-01,-0.00000e+00,-2.04000e+00,
5.6864864e-01,-0.00000e+00,-2.04000e+00,
5.6879514e-01,-0.00000e+00,-2.04000e+00,
5.6894165e-01,-0.00000e+00,-2.04000e+00,
5.6908816e-01,-0.00000e+00,-2.04000e+00,
5.6923467e-01,-0.00000e+00,-2.02000e+00,
5.6938118e-01,-0.00000e+00,-2.04000e+00,
5.6952769e-01,2.00001e-01,-2.02000e+00,
5.6967419e-01,-0.00000e+00,-2.02000e+00,
5.6982070e-01,-0.00000e+00,-2.04000e+00,
5.6996721e-01,-0.00000e+00,-2.02000e+00,
5.7011372e-01,-0.00000e+00,-2.04000e+00,
5.7026023e-01,-0.00000e+00,-2.04000e+00,
5.7040673e-01,-0.00000e+00,-2.02000e+00,
5.7055324e-01,-0.00000e+00,-2.04000e+00,
5.7069975e-01,2.00001e-01,-2.04000e+00,
5.7084626e-01,-0.00000e+00,-2.04000e+00,
5.7099277e-01,2.00001e-01,-2.04000e+00,
5.7113928e-01,-0.00000e+00,-2.02000e+00,
5.7128578e-01,2.00001e-01,-2.04000e+00,
5.7143229e-01,-0.00000e+00,-2.04000e+00,
5.7157880e-01,-0.00000e+00,-2.04000e+00,
5.7172531e-01,-0.00000e+00,-2.02000e+00,
5.7187182e-01,-0.00000e+00,-2.04000e+00,
5.7201833e-01,-0.00000e+00,-2.04000e+00,
5.7216483e-01,-0.00000e+00,-2.04000e+00,
5.7231134e-01,-0.00000e+00,-2.04000e+00,
5.7245785e-01,2.00001e-01,-2.02000e+00,
5.7260436e-01,-0.00000e+00,-2.02000e+00,
5.7275087e-01,-0.00000e+00,-2.02000e+00,
5.7289737e-01,-0.00000e+00,-2.02000e+00,
5.7304388e-01,2.00001e-01,-2.02000e+00,
5.7319039e-01,-0.00000e+00,-2.02000e+00,
5.7333690e-01,-0.00000e+00,-2.02000e+00,
5.7348341e-01,-0.00000e+00,-2.02000e+00,
5.7362992e-01,-0.00000e+00,-2.04000e+00,
5.7377642e-01,2.00001e-01,-2.04000e+00,
5.7392293e-01,-0.00000e+00,-2.02000e+00,
5.7406944e-01,2.00001e-01,-2.02000e+00,
5.7421595e-01,-0.00000e+00,-2.02000e+00,
5.7436246e-01,2.00001e-01,-2.02000e+00,
5.7450897e-01,2.00001e-01,-2.02000e+00,
5.7465547e-01,2.00001e-01,-2.00000e+00,
5.7480198e-01,-0.00000e+00,-2.02000e+00,
5.7494849e-01,-0.00000e+00,-2.02000e+00,
5.7509500e-01,-0.00000e+00,-2.02000e+00,
5.7524151e-01,-0.00000e+00,-2.02000e+00,
5.7538801e-01,-0.00000e+00,-2.02000e+00,
5.7553452e-01,-0.00000e+00,-2.02000e+00,
5.7568103e-01,-0.00000e+00,-2.02000e+00,
5.7582754e-01,-0.00000e+00,-2.02000e+00,
5.7597405e-01,-0.00000e+00,-2.02000e+00,
5.7612056e-01,-0.00000e+00,-2.02000e+00,
5.7626706e-01,-0.00000e+00,-2.02000e+00,
5.7641357e-01,-0.00000e+00,-2.00000e+00,
5.7656008e-01,-0.00000e+00,-2.02000e+00,
5.7670659e-01,-0.00000e+00,-2.02000e+00,
5.7685310e-01,-0.00000e+00,-2.00000e+00,
5.7699960e-01,-0.00000e+00,-2.00000e+00,
5.7714611e-01,-0.00000e+00,-2.02000e+00,
5.7729262e-01,-0.00000e+00,-2.00000e+00,
5.7743913e-01,-0.00000e+00,-2.00000e+00,
5.7758564e-01,-0.00000e+00,-2.00000e+00,
5.7773215e-01,-0.00000e+00,-2.00000e+00,
5.7787865e-01,-0.00000e+00,-2.02000e+00,
5.7802516e-01,2.00001e-01,-2.00000e+00,
5.7817167e-01,2.00001e-01,-2.00000e+00,
5.7831818e-01,-0.00000e+00,-2.00000e+00,
5.7846469e-01,-0.00000e+00,-2.00000e+00,
5.7861120e-01,-0.00000e+00,-2.00000e+00,
5.7875770e-01,2.00001e-01,-2.00000e+00,
5.7890421e-01,-0.00000e+00,-2.00000e+00,
5.7905072e-01,-0.00000e+00,-2.02000e+00,
5.7919723e-01,-0.00000e+00,-2.00000e+00,
5.7934374e-01,-0.00000e+00,-2.00000e+00,
5.7949024e-01,-0.00000e+00,-2.00000e+00,
5.7963675e-01,-0.00000e+00,-2.00000e+00,
5.7978326e-01,-0.00000e+00,-2.00000e+00,
5.7992977e-01,-0.00000e+00,-2.00000e+00,
5.8007628e-01,2.00001e-01,-2.00000e+00,
5.8022279e-01,-0.00000e+00,-2.00000e+00,
5.8036929e-01,-0.00000e+00,-2.00000e+00,
5.8051580e-01,-0.00000e+00,-2.00000e+00,
5.8066231e-01,-0.00000e+00,-2.00000e+00,
5.8080882e-01,2.00001e-01,-2.00000e+00,
5.8095533e-01,-0.00000e+00,-2.00000e+00,
5.8110183e-01,-0.00000e+00,-2.00000e+00,
5.8124834e-01,-0.00000e+00,-2.00000e+00,
5.8139485e-01,-0.00000e+00,-2.00000e+00,
5.8154136e-01,-0.00000e+00,-2.00000e+00,
5.8168787e-01,2.00001e-01,-2.00000e+00,
5.8183438e-01,-0.00000e+00,-2.00000e+00,
5.8198088e-01,-0.00000e+00,-2.00000e+00,
5.8212739e-01,2.00001e-01,-2.00000e+00,
5.8227390e-01,-0.00000e+00,-2.00000e+00,
5.8242041e-01,-0.00000e+00,-2.00000e+00,
5.8256692e-01,-0.00000e+00,-1.96000e+00,
5.8271343e-01,-0.00000e+00,-1.96000e+00,
5.8285993e-01,2.00001e-01,-1.98000e+00,
5.8300644e-01,-0.00000e+00,-1.98000e+00,
5.8315295e-01,-0.00000e+00,-1.98000e+00,
5.8329946e-01,-0.00000e+00,-2.00000e+00,
5.8344597e-01,-0.00000e+00,-2.00000e+00,
5.8359247e-01,2.00001e-01,-1.96000e+00,
5.8373898e-01,-0.00000e+00,-1.96000e+00,
5.8388549e-01,2.00001e-01,-1.98000e+00,
5.8403200e-01,-0.00000e+00,-1.98000e+00,
5.8417851e-01,-0.00000e+00,-1.96000e+00,
5.8432502e-01,-0.00000e+00,-1.96000e+00,
5.8447152e-01,-0.00000e+00,-1.98000e+00,
5.8461803e-01,-0.00000e+00,-1.96000e+00,
5.8476454e-01,-0.00000e+00,-1.96000e+00,
5.8491105e-01,-0.00000e+00,-1.96000e+00,
5.8505756e-01,-0.00000e+00,-1.96000e+00,
5.8520406e-01,-0.00000e+00,-1.96000e+00,
5.8535057e-01,-0.00000e+00,-1.96000e+00,
5.8549708e-01,-0.00000e+00,-1.96000e+00,
5.8564359e-01,2.00001e-01,-1.96000e+00,
5.8579010e-01,-0.00000e+00,-1.96000e+00,
5.8593661e-01,-0.00000e+00,-1.96000e+00,
5.8608311e-01,-0.00000e+00,-1.96000e+00,
5.8622962e-01,2.00001e-01,-1.96000e+00,
5.8637613e-01,-0.00000e+00,-1.96000e+00,
5.8652264e-01,-0.00000e+00,-1.94000e+00,
5.8666915e-01,-0.00000e+00,-1.96000e+00,
5.8681566e-01,-0.00000e+00,-1.96000e+00,
5.8696216e-01,-0.00000e+00,-1.96000e+00,
5.8710867e-01,-0.00000e+00,-1.94000e+00,
5.8725518e-01,-0.00000e+00,-1.94000e+00,
5.8740169e-01,-0.00000e+00,-1.94000e+00,
5.8754820e-01,-0.00000e+00,-1.94000e+00,
5.8769470e-01,-0.00000e+00,-1.94000e+00,
5.8784121e-01,-0.00000e+00,-1.94000e+00,
5.8798772e-01,-0.00000e+00,-1.94000e+00,
5.8813423e-01,-0.00000e+00,-1.94000e+00,
5.8828074e-01,-0.00000e+00,-1.94000e+00,
5.8842725e-01,-0.00000e+00,-1.94000e+00,
5.8857375e-01,2.00001e-01,-1.94000e+00,
5.8872026e-01,2.00001e-01,-1.94000e+00,
5.8886677e-01,-0.00000e+00,-1.94000e+00,
5.8901328e-01,-0.00000e+00,-1.94000e+00,
5.8915979e-01,2.00001e-01,-1.92000e+00,
5.8930629e-01,2.00001e-01,-1.92000e+00,
5.8945280e-01,2.00001e-01,-1.94000e+00,
5.8959931e-01,2.00001e-01,-1.92000e+00,
5.8974582e-01,-0.00000e+00,-1.92000e+00,
5.8989233e-01,-0.00000e+00,-1.92000e+00,
5.9003884e-01,-0.00000e+00,-1.92000e+00,
5.9018534e-01,-0.00000e+00,-1.92000e+00,
5.9033185e-01,-0.00000e+00,-1.92000e+00,
5.9047836e-01,-0.00000e+00,-1.92000e+00,
5.9062487e-01,-0.00000e+00,-1.92000e+00,
5.9077138e-01,2.00001e-01,-1.92000e+00,
5.9091789e-01,2.00001e-01,-1.92000e+00,
5.9106439e-01,-0.00000e+00,-1.92000e+00,
5.9121090e-01,-0.00000e+00,-1.92000e+00,
5.9135741e-01,-0.00000e+00,-1.92000e+00,
5.9150392e-01,2.00001e-01,-1.92000e+00,
5.9165043e-01,2.00001e-01,-1.92000e+00,
5.9179693e-01,-0.00000e+00,-1.92000e+00,
5.9194344e-01,-0.00000e+00,-1.92000e+00,
5.9208995e-01,-0.00000e+00,-1.92000e+00,
5.9223646e-01,-0.00000e+00,-1.92000e+00,
5.9238297e-01,-0.00000e+00,-1.92000e+00,
5.9252948e-01,-0.00000e+00,-1.92000e+00,
5.9267598e-01,-0.00000e+00,-1.92000e+00,
5.9282249e-01,-0.00000e+00,-1.92000e+00,
5.9296900e-01,-0.00000e+00,-1.92000e+00,
5.9311551e-01,2.00001e-01,-1.92000e+00,
5.9326202e-01,2.00001e-01,-1.92000e+00,
5.9340852e-01,-0.00000e+00,-1.92000e+00,
5.9355503e-01,-0.00000e+00,-1.90000e+00,
5.9370154e-01,-0.00000e+00,-1.90000e+00,
5.9384805e-01,-0.00000e+00,-1.90000e+00,
5.9399456e-01,2.00001e-01,-1.88000e+00,
5.9414107e-01,-0.00000e+00,-1.90000e+00,
5.9428757e-01,-0.00000e+00,-1.88000e+00,
5.9443408e-01,2.00001e-01,-1.90000e+00,
5.9458059e-01,-0.00000e+00,-1.88000e+00,
5.9472710e-01,-0.00000e+00,-1.90000e+00,
5.9487361e-01,-0.00000e+00,-1.90000e+00,
5.9502012e-01,-0.00000e+00,-1.88000e+00,
5.9516662e-01,-0.00000e+00,-1.88000e+00,
5.9531313e-01,-0.00000e+00,-1.88000e+00,
5.9545964e-01,-0.00000e+00,-1.88000e+00,
5.9560615e-01,-0.00000e+00,-1.88000e+00,
5.9575266e-01,-0.00000e+00,-1.88000e+00,
5.9589916e-01,-0.00000e+00,-1.88000e+00,
5.9604567e-01,-0.00000e+00,-1.88000e+00,
5.9619218e-01,-0.00000e+00,-1.88000e+00,
5.9633869e-01,-0.00000e+00,-1.86000e+00,
5.9648520e-01,-0.00000e+00,-1.86000e+00,
5.9663171e-01,-0.00000e+00,-1.88000e+00,
5.9677821e-01,-0.00000e+00,-1.86000e+00,
5.9692472e-01,-0.00000e+00,-1.86000e+00,
5.9707123e-01,-0.00000e+00,-1.86000e+00,
5.9721774e-01,-0.00000e+00,-1.86000e+00,
5.9736425e-01,-0.00000e+00,-1.86000e+00,
5.9751076e-01,-0.00000e+00,-1.86000e+00,
5.9765726e-01,-0.00000e+00,-1.86000e+00,
5.9780377e-01,-0.00000e+00,-1.86000e+00,
5.9795028e-01,2.00001e-01,-1.84000e+00,
5.9809679e-01,2.00001e-01,-1.84000e+00,
5.9824330e-01,-0.00000e+00,-1.84000e+00,
5.9838980e-01,-0.00000e+00,-1.84000e+00,
5.9853631e-01,2.00001e-01,-1.84000e+00,
5.9868282e-01,-0.00000e+00,-1.84000e+00,
5.9882933e-01,-0.00000e+00,-1.84000e+00,
5.9897584e-01,-0.00000e+00,-1.84000e+00,
5.9912235e-01,-0.00000e+00,-1.84000e+00,
5.9926885e-01,-0.00000e+00,-1.84000e+00,
5.9941536e-01,-0.00000e+00,-1.84000e+00,
5.9956187e-01,-0.00000e+00,-1.84000e+00,
5.9970838e-01,1.36000e+01,-3.40000e-01,
5.9985489e-01,1.54000e+01,8.20000e-01,
