Time,X(CH1),X(CH2),
Second,Volt,Volt,
-1.2000000e+00,-0.00000e+00,1.24000e+00,
-1.1997070e+00,-0.00000e+00,1.24000e+00,
-1.1994140e+00,-0.00000e+00,1.24000e+00,
-1.1991210e+00,-0.00000e+00,1.24000e+00,
-1.1988280e+00,-0.00000e+00,1.24000e+00,
-1.1985350e+00,-0.00000e+00,1.24000e+00,
-1.1982419e+00,-0.00000e+00,1.24000e+00,
-1.1979489e+00,-0.00000e+00,1.24000e+00,
-1.1976559e+00,-0.00000e+00,1.24000e+00,
-1.1973629e+00,-0.00000e+00,1.24000e+00,
-1.1970699e+00,-0.00000e+00,1.24000e+00,
-1.1967769e+00,-0.00000e+00,1.24000e+00,
-1.1964839e+00,-0.00000e+00,1.24000e+00,
-1.1961908e+00,-0.00000e+00,1.24000e+00,
-1.1958978e+00,-0.00000e+00,1.24000e+00,
-1.1956048e+00,-0.00000e+00,1.24000e+00,
-1.1953118e+00,-0.00000e+00,1.24000e+00,
-1.1950188e+00,-0.00000e+00,1.24000e+00,
-1.1947258e+00,-0.00000e+00,1.24000e+00,
-1.1944327e+00,-0.00000e+00,1.24000e+00,
-1.1941397e+00,-0.00000e+00,1.24000e+00,
-1.1938467e+00,-0.00000e+00,1.24000e+00,
-1.1935537e+00,-0.00000e+00,1.24000e+00,
-1.1932607e+00,-0.00000e+00,1.24000e+00,
-1.1929677e+00,-0.00000e+00,1.24000e+00,
-1.1926746e+00,2.00001e-01,1.24000e+00,
-1.1923816e+00,-0.00000e+00,1.24000e+00,
-1.1920886e+00,2.00001e-01,1.24000e+00,
-1.1917956e+00,-0.00000e+00,1.24000e+00,
-1.1915026e+00,-0.00000e+00,1.24000e+00,
-1.1912096e+00,-0.00000e+00,1.24000e+00,
-1.1909165e+00,-0.00000e+00,1.24000e+00,
-1.1906235e+00,2.00001e-01,1.24000e+00,
-1.1903305e+00,2.00001e-01,1.24000e+00,
-1.1900375e+00,-0.00000e+00,1.24000e+00,
-1.1897445e+00,2.00001e-01,1.24000e+00,
-1.1894515e+00,-0.00000e+00,1.24000e+00,
-1.1891584e+00,-0.00000e+00,1.24000e+00,
-1.1888654e+00,-0.00000e+00,1.24000e+00,
-1.1885724e+00,-0.00000e+00,1.24000e+00,
-1.1882794e+00,-0.00000e+00,1.24000e+00,
-1.1879864e+00,-0.00000e+00,1.24000e+00,
-1.1876934e+00,-0.00000e+00,1.24000e+00,
-1.1874003e+00,-0.00000e+00,1.24000e+00,
-1.1871073e+00,-0.00000e+00,1.24000e+00,
-1.1868143e+00,-0.00000e+00,1.24000e+00,
-1.1865213e+00,-0.00000e+00,1.24000e+00,
-1.1862283e+00,-0.00000e+00,1.24000e+00,
-1.1859353e+00,-0.00000e+00,1.24000e+00,
-1.1856422e+00,2.00001e-01,1.24000e+00,
-1.1853492e+00,2.00001e-01,1.28000e+00,
-1.1850562e+00,2.00001e-01,1.24000e+00,
-1.1847632e+00,-0.00000e+00,1.24000e+00,
-1.1844702e+00,2.00001e-01,1.24000e+00,
-1.1841772e+00,-0.00000e+00,1.24000e+00,
-1.1838841e+00,2.00001e-01,1.24000e+00,
-1.1835911e+00,-0.00000e+00,1.28000e+00,
-1.1832981e+00,-0.00000e+00,1.24000e+00,
-1.1830051e+00,-0.00000e+00,1.28000e+00,
-1.1827121e+00,-0.00000e+00,1.24000e+00,
-1.1824191e+00,-0.00000e+00,1.24000e+00,
-1.1821260e+00,2.00001e-01,1.28000e+00,
-1.1818330e+00,2.00001e-01,1.28000e+00,
-1.1815400e+00,2.00001e-01,1.28000e+00,
-1.1812470e+00,2.00001e-01,1.28000e+00,
-1.1809540e+00,-0.00000e+00,1.24000e+00,
-1.1806610e+00,-0.00000e+00,1.32000e+00,
-1.1803679e+00,-0.00000e+00,1.28000e+00,
-1.1800749e+00,-0.00000e+00,1.32000e+00,
-1.1797819e+00,-0.00000e+00,1.28000e+00,
-1.1794889e+00,-0.00000e+00,1.28000e+00,
-1.1791959e+00,-0.00000e+00,1.32000e+00,
-1.1789029e+00,-0.00000e+00,1.28000e+00,
-1.1786098e+00,-0.00000e+00,1.32000e+00,
-1.1783168e+00,-0.00000e+00,1.32000e+00,
-1.1780238e+00,-0.00000e+00,1.28000e+00,
-1.1777308e+00,-0.00000e+00,1.32000e+00,
-1.1774378e+00,-0.00000e+00,1.32000e+00,
-1.1771448e+00,-0.00000e+00,1.32000e+00,
-1.1768517e+00,-0.00000e+00,1.32000e+00,
-1.1765587e+00,-0.00000e+00,1.32000e+00,
-1.1762657e+00,-0.00000e+00,1.28000e+00,
-1.1759727e+00,-0.00000e+00,1.28000e+00,
-1.1756797e+00,-0.00000e+00,1.32000e+00,
-1.1753867e+00,-0.00000e+00,1.32000e+00,
-1.1750937e+00,-0.00000e+00,1.32000e+00,
-1.1748006e+00,-0.00000e+00,1.28000e+00,
-1.1745076e+00,-0.00000e+00,1.32000e+00,
-1.1742146e+00,2.00001e-01,1.32000e+00,
-1.1739216e+00,-0.00000e+00,1.32000e+00,
-1.1736286e+00,2.00001e-01,1.32000e+00,
-1.1733356e+00,-0.00000e+00,1.32000e+00,
-1.1730425e+00,-0.00000e+00,1.32000e+00,
-1.1727495e+00,-0.00000e+00,1.32000e+00,
-1.1724565e+00,-0.00000e+00,1.32000e+00,
-1.1721635e+00,-0.00000e+00,1.32000e+00,
-1.1718705e+00,-0.00000e+00,1.32000e+00,
-1.1715775e+00,-0.00000e+00,1.32000e+00,
-1.1712844e+00,-0.00000e+00,1.32000e+00,
-1.1709914e+00,-0.00000e+00,1.32000e+00,
-1.1706984e+00,-0.00000e+00,1.32000e+00,
-1.1704054e+00,2.00001e-01,1.32000e+00,
-1.1701124e+00,2.00001e-01,1.36000e+00,
-1.1698194e+00,-0.00000e+00,1.28000e+00,
-1.1695263e+00,-0.00000e+00,1.36000e+00,
-1.1692333e+00,-0.00000e+00,1.36000e+00,
-1.1689403e+00,-0.00000e+00,1.36000e+00,
-1.1686473e+00,-0.00000e+00,1.36000e+00,
-1.1683543e+00,-0.00000e+00,1.36000e+00,
-1.1680613e+00,-0.00000e+00,1.32000e+00,
-1.1677682e+00,-0.00000e+00,1.36000e+00,
-1.1674752e+00,-0.00000e+00,1.32000e+00,
-1.1671822e+00,2.00001e-01,1.36000e+00,
-1.1668892e+00,-0.00000e+00,1.36000e+00,
-1.1665962e+00,-0.00000e+00,1.36000e+00,
-1.1663032e+00,-0.00000e+00,1.36000e+00,
-1.1660101e+00,-0.00000e+00,1.36000e+00,
-1.1657171e+00,-0.00000e+00,1.36000e+00,
-1.1654241e+00,-0.00000e+00,1.36000e+00,
-1.1651311e+00,-0.00000e+00,1.40000e+00,
-1.1648381e+00,2.00001e-01,1.36000e+00,
-1.1645451e+00,2.00001e-01,1.40000e+00,
-1.1642520e+00,-0.00000e+00,1.36000e+00,
-1.1639590e+00,2.00001e-01,1.40000e+00,
-1.1636660e+00,-0.00000e+00,1.36000e+00,
-1.1633730e+00,2.00001e-01,1.36000e+00,
-1.1630800e+00,-0.00000e+00,1.36000e+00,
-1.1627870e+00,-0.00000e+00,1.40000e+00,
-1.1624939e+00,2.00001e-01,1.40000e+00,
-1.1622009e+00,-0.00000e+00,1.36000e+00,
-1.1619079e+00,-0.00000e+00,1.36000e+00,
-1.1616149e+00,-0.00000e+00,1.40000e+00,
-1.1613219e+00,-0.00000e+00,1.40000e+00,
-1.1610289e+00,2.00001e-01,1.36000e+00,
-1.1607358e+00,-0.00000e+00,1.40000e+00,
-1.1604428e+00,-0.00000e+00,1.36000e+00,
-1.1601498e+00,-0.00000e+00,1.40000e+00,
-1.1598568e+00,-0.00000e+00,1.40000e+00,
-1.1595638e+00,-0.00000e+00,1.40000e+00,
-1.1592708e+00,2.00001e-01,1.40000e+00,
-1.1589777e+00,-0.00000e+00,1.36000e+00,
-1.1586847e+00,-0.00000e+00,1.40000e+00,
-1.1583917e+00,-0.00000e+00,1.40000e+00,
-1.1580987e+00,-0.00000e+00,1.40000e+00,
-1.1578057e+00,-0.00000e+00,1.40000e+00,
-1.1575127e+00,-0.00000e+00,1.40000e+00,
-1.1572196e+00,-0.00000e+00,1.40000e+00,
-1.1569266e+00,-0.00000e+00,1.40000e+00,
-1.1566336e+00,-0.00000e+00,1.40000e+00,
-1.1563406e+00,-0.00000e+00,1.40000e+00,
-1.1560476e+00,2.00001e-01,1.40000e+00,
-1.1557546e+00,-0.00000e+00,1.40000e+00,
-1.1554615e+00,-0.00000e+00,1.40000e+00,
-1.1551685e+00,2.00001e-01,1.40000e+00,
-1.1548755e+00,-0.00000e+00,1.40000e+00,
-1.1545825e+00,-0.00000e+00,1.40000e+00,
-1.1542895e+00,2.00001e-01,1.40000e+00,
-1.1539965e+00,-0.00000e+00,1.36000e+00,
-1.1537035e+00,-0.00000e+00,1.40000e+00,
-1.1534104e+00,-0.00000e+00,1.40000e+00,
-1.1531174e+00,-0.00000e+00,1.40000e+00,
-1.1528244e+00,2.00001e-01,1.40000e+00,
-1.1525314e+00,-0.00000e+00,1.40000e+00,
-1.1522384e+00,2.00001e-01,1.40000e+00,
-1.1519454e+00,-0.00000e+00,1.40000e+00,
-1.1516523e+00,-0.00000e+00,1.40000e+00,
-1.1513593e+00,2.00001e-01,1.40000e+00,
-1.1510663e+00,2.00001e-01,1.40000e+00,
-1.1507733e+00,-0.00000e+00,1.40000e+00,
-1.1504803e+00,-0.00000e+00,1.40000e+00,
-1.1501873e+00,-0.00000e+00,1.40000e+00,
-1.1498942e+00,-0.00000e+00,1.40000e+00,
-1.1496012e+00,-0.00000e+00,1.40000e+00,
-1.1493082e+00,-0.00000e+00,1.40000e+00,
-1.1490152e+00,-0.00000e+00,1.40000e+00,
-1.1487222e+00,2.00001e-01,1.40000e+00,
-1.1484292e+00,-0.00000e+00,1.40000e+00,
-1.1481361e+00,2.00001e-01,1.44000e+00,
-1.1478431e+00,2.00001e-01,1.44000e+00,
-1.1475501e+00,-0.00000e+00,1.44000e+00,
-1.1472571e+00,-0.00000e+00,1.40000e+00,
-1.1469641e+00,-0.00000e+00,1.40000e+00,
-1.1466711e+00,2.00001e-01,1.44000e+00,
-1.1463780e+00,-0.00000e+00,1.44000e+00,
-1.1460850e+00,2.00001e-01,1.40000e+00,
-1.1457920e+00,-0.00000e+00,1.44000e+00,
-1.1454990e+00,2.00001e-01,1.44000e+00,
-1.1452060e+00,2.00001e-01,1.44000e+00,
-1.1449130e+00,-0.00000e+00,1.44000e+00,
-1.1446199e+00,2.00001e-01,1.44000e+00,
-1.1443269e+00,2.00001e-01,1.44000e+00,
-1.1440339e+00,-0.00000e+00,1.40000e+00,
-1.1437409e+00,2.00001e-01,1.44000e+00,
-1.1434479e+00,-0.00000e+00,1.48000e+00,
-1.1431549e+00,-0.00000e+00,1.48000e+00,
-1.1428618e+00,-0.00000e+00,1.48000e+00,
-1.1425688e+00,-0.00000e+00,1.48000e+00,
-1.1422758e+00,-0.00000e+00,1.48000e+00,
-1.1419828e+00,-0.00000e+00,1.48000e+00,
-1.1416898e+00,-0.00000e+00,1.48000e+00,
-1.1413968e+00,-0.00000e+00,1.48000e+00,
-1.1411037e+00,-0.00000e+00,1.48000e+00,
-1.1408107e+00,-0.00000e+00,1.48000e+00,
-1.1405177e+00,-0.00000e+00,1.48000e+00,
-1.1402247e+00,2.00001e-01,1.48000e+00,
-1.1399317e+00,-0.00000e+00,1.40000e+00,
-1.1396387e+00,-0.00000e+00,1.48000e+00,
-1.1393456e+00,-0.00000e+00,1.48000e+00,
-1.1390526e+00,2.00001e-01,1.48000e+00,
-1.1387596e+00,-0.00000e+00,1.48000e+00,
-1.1384666e+00,-0.00000e+00,1.48000e+00,
-1.1381736e+00,-0.00000e+00,1.48000e+00,
-1.1378806e+00,-0.00000e+00,1.48000e+00,
-1.1375875e+00,-0.00000e+00,1.48000e+00,
-1.1372945e+00,-0.00000e+00,1.48000e+00,
-1.1370015e+00,-0.00000e+00,1.48000e+00,
-1.1367085e+00,-0.00000e+00,1.48000e+00,
-1.1364155e+00,-0.00000e+00,1.48000e+00,
-1.1361225e+00,-0.00000e+00,1.48000e+00,
-1.1358294e+00,-0.00000e+00,1.48000e+00,
-1.1355364e+00,-0.00000e+00,1.48000e+00,
-1.1352434e+00,-0.00000e+00,1.52000e+00,
-1.1349504e+00,-0.00000e+00,1.48000e+00,
-1.1346574e+00,-0.00000e+00,1.48000e+00,
-1.1343644e+00,-0.00000e+00,1.48000e+00,
-1.1340714e+00,2.00001e-01,1.48000e+00,
-1.1337783e+00,-0.00000e+00,1.52000e+00,
-1.1334853e+00,-0.00000e+00,1.48000e+00,
-1.1331923e+00,2.00001e-01,1.48000e+00,
-1.1328993e+00,-0.00000e+00,1.48000e+00,
-1.1326063e+00,-0.00000e+00,1.52000e+00,
-1.1323133e+00,-0.00000e+00,1.48000e+00,
-1.1320202e+00,-0.00000e+00,1.52000e+00,
-1.1317272e+00,-0.00000e+00,1.52000e+00,
-1.1314342e+00,-0.00000e+00,1.52000e+00,
-1.1311412e+00,2.00001e-01,1.52000e+00,
-1.1308482e+00,-0.00000e+00,1.52000e+00,
-1.1305552e+00,-0.00000e+00,1.52000e+00,
-1.1302621e+00,-0.00000e+00,1.52000e+00,
-1.1299691e+00,-0.00000e+00,1.52000e+00,
-1.1296761e+00,-0.00000e+00,1.52000e+00,
-1.1293831e+00,-0.00000e+00,1.52000e+00,
-1.1290901e+00,-0.00000e+00,1.52000e+00,
-1.1287971e+00,2.00001e-01,1.52000e+00,
-1.1285040e+00,-0.00000e+00,1.52000e+00,
-1.1282110e+00,-0.00000e+00,1.52000e+00,
-1.1279180e+00,-0.00000e+00,1.52000e+00,
-1.1276250e+00,-0.00000e+00,1.56000e+00,
-1.1273320e+00,2.00001e-01,1.56000e+00,
-1.1270390e+00,-0.00000e+00,1.52000e+00,
-1.1267459e+00,-0.00000e+00,1.56000e+00,
-1.1264529e+00,2.00001e-01,1.56000e+00,
-1.1261599e+00,-0.00000e+00,1.56000e+00,
-1.1258669e+00,-0.00000e+00,1.56000e+00,
-1.1255739e+00,2.00001e-01,1.56000e+00,
-1.1252809e+00,2.00001e-01,1.56000e+00,
-1.1249878e+00,-0.00000e+00,1.56000e+00,
-1.1246948e+00,2.00001e-01,1.56000e+00,
-1.1244018e+00,-0.00000e+00,1.56000e+00,
-1.1241088e+00,-0.00000e+00,1.56000e+00,
-1.1238158e+00,-0.00000e+00,1.52000e+00,
-1.1235228e+00,-0.00000e+00,1.56000e+00,
-1.1232297e+00,-0.00000e+00,1.56000e+00,
-1.1229367e+00,-0.00000e+00,1.52000e+00,
-1.1226437e+00,-0.00000e+00,1.56000e+00,
-1.1223507e+00,-0.00000e+00,1.56000e+00,
-1.1220577e+00,-0.00000e+00,1.56000e+00,
-1.1217647e+00,-0.00000e+00,1.56000e+00,
-1.1214716e+00,-0.00000e+00,1.56000e+00,
-1.1211786e+00,-0.00000e+00,1.56000e+00,
-1.1208856e+00,-0.00000e+00,1.56000e+00,
-1.1205926e+00,-0.00000e+00,1.56000e+00,
-1.1202996e+00,-0.00000e+00,1.56000e+00,
-1.1200066e+00,-0.00000e+00,1.56000e+00,
-1.1197135e+00,-0.00000e+00,1.56000e+00,
-1.1194205e+00,-0.00000e+00,1.56000e+00,
-1.1191275e+00,-0.00000e+00,1.56000e+00,
-1.1188345e+00,-0.00000e+00,1.56000e+00,
-1.1185415e+00,-0.00000e+00,1.56000e+00,
-1.1182485e+00,-0.00000e+00,1.56000e+00,
-1.1179554e+00,-0.00000e+00,1.56000e+00,
-1.1176624e+00,2.00001e-01,1.56000e+00,
-1.1173694e+00,-0.00000e+00,1.56000e+00,
-1.1170764e+00,-0.00000e+00,1.56000e+00,
-1.1167834e+00,-0.00000e+00,1.56000e+00,
-1.1164904e+00,2.00001e-01,1.56000e+00,
-1.1161973e+00,2.00001e-01,1.56000e+00,
-1.1159043e+00,2.00001e-01,1.56000e+00,
-1.1156113e+00,-0.00000e+00,1.56000e+00,
-1.1153183e+00,-0.00000e+00,1.56000e+00,
-1.1150253e+00,-0.00000e+00,1.56000e+00,
-1.1147323e+00,2.00001e-01,1.56000e+00,
-1.1144392e+00,2.00001e-01,1.56000e+00,
-1.1141462e+00,-0.00000e+00,1.56000e+00,
-1.1138532e+00,-0.00000e+00,1.60000e+00,
-1.1135602e+00,-0.00000e+00,1.56000e+00,
-1.1132672e+00,-0.00000e+00,1.56000e+00,
-1.1129742e+00,-0.00000e+00,1.60000e+00,
-1.1126812e+00,-0.00000e+00,1.56000e+00,
-1.1123881e+00,-0.00000e+00,1.56000e+00,
-1.1120951e+00,-0.00000e+00,1.56000e+00,
-1.1118021e+00,-0.00000e+00,1.56000e+00,
-1.1115091e+00,2.00001e-01,1.56000e+00,
-1.1112161e+00,-0.00000e+00,1.56000e+00,
-1.1109231e+00,-0.00000e+00,1.60000e+00,
-1.1106300e+00,-0.00000e+00,1.56000e+00,
-1.1103370e+00,2.00001e-01,1.60000e+00,
-1.1100440e+00,2.00001e-01,1.60000e+00,
-1.1097510e+00,2.00001e-01,1.64000e+00,
-1.1094580e+00,2.00001e-01,1.56000e+00,
-1.1091650e+00,-0.00000e+00,1.64000e+00,
-1.1088719e+00,2.00001e-01,1.64000e+00,
-1.1085789e+00,-0.00000e+00,1.60000e+00,
-1.1082859e+00,-0.00000e+00,1.60000e+00,
-1.1079929e+00,-0.00000e+00,1.56000e+00,
-1.1076999e+00,2.00001e-01,1.64000e+00,
-1.1074069e+00,2.00001e-01,1.64000e+00,
-1.1071138e+00,2.00001e-01,1.60000e+00,
-1.1068208e+00,2.00001e-01,1.64000e+00,
-1.1065278e+00,-0.00000e+00,1.64000e+00,
-1.1062348e+00,-0.00000e+00,1.64000e+00,
-1.1059418e+00,2.00001e-01,1.64000e+00,
-1.1056488e+00,-0.00000e+00,1.64000e+00,
-1.1053557e+00,2.00001e-01,1.64000e+00,
-1.1050627e+00,-0.00000e+00,1.60000e+00,
-1.1047697e+00,-0.00000e+00,1.64000e+00,
-1.1044767e+00,-0.00000e+00,1.64000e+00,
-1.1041837e+00,-0.00000e+00,1.60000e+00,
-1.1038907e+00,2.00001e-01,1.60000e+00,
-1.1035976e+00,-0.00000e+00,1.64000e+00,
-1.1033046e+00,-0.00000e+00,1.64000e+00,
-1.1030116e+00,-0.00000e+00,1.64000e+00,
-1.1027186e+00,-0.00000e+00,1.64000e+00,
-1.1024256e+00,-0.00000e+00,1.64000e+00,
-1.1021326e+00,-0.00000e+00,1.64000e+00,
-1.1018395e+00,-0.00000e+00,1.64000e+00,
-1.1015465e+00,-0.00000e+00,1.64000e+00,
-1.1012535e+00,-0.00000e+00,1.64000e+00,
-1.1009605e+00,-0.00000e+00,1.64000e+00,
-1.1006675e+00,-0.00000e+00,1.68000e+00,
-1.1003745e+00,-0.00000e+00,1.64000e+00,
-1.1000814e+00,-0.00000e+00,1.64000e+00,
-1.0997884e+00,2.00001e-01,1.68000e+00,
-1.0994954e+00,-0.00000e+00,1.64000e+00,
-1.0992024e+00,-0.00000e+00,1.64000e+00,
-1.0989094e+00,-0.00000e+00,1.64000e+00,
-1.0986164e+00,-0.00000e+00,1.64000e+00,
-1.0983233e+00,-0.00000e+00,1.68000e+00,
-1.0980303e+00,-0.00000e+00,1.68000e+00,
-1.0977373e+00,2.00001e-01,1.68000e+00,
-1.0974443e+00,-0.00000e+00,1.68000e+00,
-1.0971513e+00,-0.00000e+00,1.64000e+00,
-1.0968583e+00,-0.00000e+00,1.64000e+00,
-1.0965652e+00,-0.00000e+00,1.68000e+00,
-1.0962722e+00,-0.00000e+00,1.64000e+00,
-1.0959792e+00,-0.00000e+00,1.68000e+00,
-1.0956862e+00,-0.00000e+00,1.68000e+00,
-1.0953932e+00,-0.00000e+00,1.68000e+00,
-1.0951002e+00,-0.00000e+00,1.68000e+00,
-1.0948071e+00,-0.00000e+00,1.68000e+00,
-1.0945141e+00,2.00001e-01,1.68000e+00,
-1.0942211e+00,-0.00000e+00,1.68000e+00,
-1.0939281e+00,2.00001e-01,1.68000e+00,
-1.0936351e+00,-0.00000e+00,1.68000e+00,
-1.0933421e+00,-0.00000e+00,1.68000e+00,
-1.0930490e+00,-0.00000e+00,1.68000e+00,
-1.0927560e+00,-0.00000e+00,1.72000e+00,
-1.0924630e+00,-0.00000e+00,1.68000e+00,
-1.0921700e+00,-0.00000e+00,1.68000e+00,
-1.0918770e+00,-0.00000e+00,1.68000e+00,
-1.0915840e+00,-0.00000e+00,1.68000e+00,
-1.0912910e+00,-0.00000e+00,1.68000e+00,
-1.0909979e+00,2.00001e-01,1.72000e+00,
-1.0907049e+00,2.00001e-01,1.68000e+00,
-1.0904119e+00,2.00001e-01,1.72000e+00,
-1.0901189e+00,2.00001e-01,1.72000e+00,
-1.0898259e+00,-0.00000e+00,1.72000e+00,
-1.0895329e+00,-0.00000e+00,1.72000e+00,
-1.0892398e+00,-0.00000e+00,1.72000e+00,
-1.0889468e+00,-0.00000e+00,1.72000e+00,
-1.0886538e+00,-0.00000e+00,1.72000e+00,
-1.0883608e+00,-0.00000e+00,1.72000e+00,
-1.0880678e+00,2.00001e-01,1.68000e+00,
-1.0877748e+00,-0.00000e+00,1.72000e+00,
-1.0874817e+00,2.00001e-01,1.68000e+00,
-1.0871887e+00,2.00001e-01,1.72000e+00,
-1.0868957e+00,-0.00000e+00,1.72000e+00,
-1.0866027e+00,-0.00000e+00,1.72000e+00,
-1.0863097e+00,-0.00000e+00,1.72000e+00,
-1.0860167e+00,-0.00000e+00,1.72000e+00,
-1.0857236e+00,-0.00000e+00,1.72000e+00,
-1.0854306e+00,-0.00000e+00,1.72000e+00,
-1.0851376e+00,2.00001e-01,1.72000e+00,
-1.0848446e+00,-0.00000e+00,1.72000e+00,
-1.0845516e+00,-0.00000e+00,1.72000e+00,
-1.0842586e+00,-0.00000e+00,1.72000e+00,
-1.0839655e+00,-0.00000e+00,1.72000e+00,
-1.0836725e+00,-0.00000e+00,1.72000e+00,
-1.0833795e+00,-0.00000e+00,1.72000e+00,
-1.0830865e+00,-0.00000e+00,1.72000e+00,
-1.0827935e+00,-0.00000e+00,1.72000e+00,
-1.0825005e+00,-0.00000e+00,1.72000e+00,
-1.0822074e+00,-0.00000e+00,1.72000e+00,
-1.0819144e+00,-0.00000e+00,1.72000e+00,
-1.0816214e+00,-0.00000e+00,1.72000e+00,
-1.0813284e+00,-0.00000e+00,1.72000e+00,
-1.0810354e+00,2.00001e-01,1.72000e+00,
-1.0807424e+00,-0.00000e+00,1.72000e+00,
-1.0804493e+00,2.00001e-01,1.72000e+00,
-1.0801563e+00,-0.00000e+00,1.72000e+00,
-1.0798633e+00,-0.00000e+00,1.72000e+00,
-1.0795703e+00,2.00001e-01,1.72000e+00,
-1.0792773e+00,-0.00000e+00,1.72000e+00,
-1.0789843e+00,2.00001e-01,1.72000e+00,
-1.0786912e+00,-0.00000e+00,1.72000e+00,
-1.0783982e+00,-0.00000e+00,1.72000e+00,
-1.0781052e+00,-0.00000e+00,1.76000e+00,
-1.0778122e+00,-0.00000e+00,1.72000e+00,
-1.0775192e+00,2.00001e-01,1.72000e+00,
-1.0772262e+00,-0.00000e+00,1.72000e+00,
-1.0769331e+00,-0.00000e+00,1.72000e+00,
-1.0766401e+00,-0.00000e+00,1.72000e+00,
-1.0763471e+00,2.00001e-01,1.72000e+00,
-1.0760541e+00,-0.00000e+00,1.72000e+00,
-1.0757611e+00,-0.00000e+00,1.72000e+00,
-1.0754681e+00,2.00001e-01,1.72000e+00,
-1.0751750e+00,-0.00000e+00,1.72000e+00,
-1.0748820e+00,-0.00000e+00,1.76000e+00,
-1.0745890e+00,2.00001e-01,1.72000e+00,
-1.0742960e+00,-0.00000e+00,1.76000e+00,
-1.0740030e+00,2.00001e-01,1.76000e+00,
-1.0737100e+00,2.00001e-01,1.76000e+00,
-1.0734169e+00,2.00001e-01,1.76000e+00,
-1.0731239e+00,2.00001e-01,1.76000e+00,
-1.0728309e+00,-0.00000e+00,1.72000e+00,
-1.0725379e+00,2.00001e-01,1.76000e+00,
-1.0722449e+00,2.00001e-01,1.76000e+00,
-1.0719519e+00,-0.00000e+00,1.76000e+00,
-1.0716588e+00,2.00001e-01,1.72000e+00,
-1.0713658e+00,-0.00000e+00,1.80000e+00,
-1.0710728e+00,-0.00000e+00,1.76000e+00,
-1.0707798e+00,-0.00000e+00,1.76000e+00,
-1.0704868e+00,-0.00000e+00,1.80000e+00,
-1.0701938e+00,2.00001e-01,1.80000e+00,
-1.0699008e+00,-0.00000e+00,1.76000e+00,
-1.0696077e+00,-0.00000e+00,1.80000e+00,
-1.0693147e+00,-0.00000e+00,1.76000e+00,
-1.0690217e+00,-0.00000e+00,1.80000e+00,
-1.0687287e+00,-0.00000e+00,1.76000e+00,
-1.0684357e+00,-0.00000e+00,1.80000e+00,
-1.0681427e+00,-0.00000e+00,1.80000e+00,
-1.0678496e+00,-0.00000e+00,1.80000e+00,
-1.0675566e+00,-0.00000e+00,1.80000e+00,
-1.0672636e+00,2.00001e-01,1.76000e+00,
-1.0669706e+00,-0.00000e+00,1.80000e+00,
-1.0666776e+00,2.00001e-01,1.76000e+00,
-1.0663846e+00,-0.00000e+00,1.80000e+00,
-1.0660915e+00,-0.00000e+00,1.80000e+00,
-1.0657985e+00,-0.00000e+00,1.80000e+00,
-1.0655055e+00,-0.00000e+00,1.80000e+00,
-1.0652125e+00,-0.00000e+00,1.80000e+00,
-1.0649195e+00,-0.00000e+00,1.80000e+00,
-1.0646265e+00,-0.00000e+00,1.80000e+00,
-1.0643334e+00,-0.00000e+00,1.80000e+00,
-1.0640404e+00,-0.00000e+00,1.84000e+00,
-1.0637474e+00,-0.00000e+00,1.80000e+00,
-1.0634544e+00,-0.00000e+00,1.80000e+00,
-1.0631614e+00,-0.00000e+00,1.80000e+00,
-1.0628684e+00,-0.00000e+00,1.80000e+00,
-1.0625753e+00,2.00001e-01,1.80000e+00,
-1.0622823e+00,2.00001e-01,1.84000e+00,
-1.0619893e+00,-0.00000e+00,1.80000e+00,
-1.0616963e+00,-0.00000e+00,1.80000e+00,
-1.0614033e+00,-0.00000e+00,1.80000e+00,
-1.0611103e+00,-0.00000e+00,1.84000e+00,
-1.0608172e+00,-0.00000e+00,1.84000e+00,
-1.0605242e+00,-0.00000e+00,1.80000e+00,
-1.0602312e+00,-0.00000e+00,1.84000e+00,
-1.0599382e+00,-0.00000e+00,1.80000e+00,
-1.0596452e+00,-0.00000e+00,1.84000e+00,
-1.0593522e+00,-0.00000e+00,1.80000e+00,
-1.0590591e+00,2.00001e-01,1.84000e+00,
-1.0587661e+00,-0.00000e+00,1.84000e+00,
-1.0584731e+00,-0.00000e+00,1.84000e+00,
-1.0581801e+00,2.00001e-01,1.80000e+00,
-1.0578871e+00,-0.00000e+00,1.84000e+00,
-1.0575941e+00,-0.00000e+00,1.84000e+00,
-1.0573010e+00,-0.00000e+00,1.84000e+00,
-1.0570080e+00,2.00001e-01,1.88000e+00,
-1.0567150e+00,-0.00000e+00,1.84000e+00,
-1.0564220e+00,-0.00000e+00,1.84000e+00,
-1.0561290e+00,2.00001e-01,1.84000e+00,
-1.0558360e+00,2.00001e-01,1.84000e+00,
-1.0555429e+00,2.00001e-01,1.84000e+00,
-1.0552499e+00,2.00001e-01,1.88000e+00,
-1.0549569e+00,-0.00000e+00,1.84000e+00,
-1.0546639e+00,-0.00000e+00,1.88000e+00,
-1.0543709e+00,-0.00000e+00,1.84000e+00,
-1.0540779e+00,-0.00000e+00,1.88000e+00,
-1.0537848e+00,-0.00000e+00,1.84000e+00,
-1.0534918e+00,-0.00000e+00,1.88000e+00,
-1.0531988e+00,-0.00000e+00,1.88000e+00,
-1.0529058e+00,2.00001e-01,1.88000e+00,
-1.0526128e+00,-0.00000e+00,1.88000e+00,
-1.0523198e+00,2.00001e-01,1.88000e+00,
-1.0520267e+00,2.00001e-01,1.88000e+00,
-1.0517337e+00,-0.00000e+00,1.84000e+00,
-1.0514407e+00,2.00001e-01,1.88000e+00,
-1.0511477e+00,-0.00000e+00,1.88000e+00,
-1.0508547e+00,2.00001e-01,1.88000e+00,
-1.0505617e+00,2.00001e-01,1.88000e+00,
-1.0502687e+00,2.00001e-01,1.88000e+00,
-1.0499756e+00,2.00001e-01,1.84000e+00,
-1.0496826e+00,-0.00000e+00,1.88000e+00,
-1.0493896e+00,-0.00000e+00,1.88000e+00,
-1.0490966e+00,-0.00000e+00,1.88000e+00,
-1.0488036e+00,2.00001e-01,1.88000e+00,
-1.0485106e+00,-0.00000e+00,1.88000e+00,
-1.0482175e+00,-0.00000e+00,1.88000e+00,
-1.0479245e+00,-0.00000e+00,1.88000e+00,
-1.0476315e+00,-0.00000e+00,1.88000e+00,
-1.0473385e+00,-0.00000e+00,1.88000e+00,
-1.0470455e+00,-0.00000e+00,1.88000e+00,
-1.0467525e+00,-0.00000e+00,1.88000e+00,
-1.0464594e+00,-0.00000e+00,1.88000e+00,
-1.0461664e+00,-0.00000e+00,1.88000e+00,
-1.0458734e+00,-0.00000e+00,1.88000e+00,
-1.0455804e+00,-0.00000e+00,1.88000e+00,
-1.0452874e+00,-0.00000e+00,1.88000e+00,
-1.0449944e+00,2.00001e-01,1.88000e+00,
-1.0447013e+00,-0.00000e+00,1.88000e+00,
-1.0444083e+00,2.00001e-01,1.88000e+00,
-1.0441153e+00,-0.00000e+00,1.88000e+00,
-1.0438223e+00,-0.00000e+00,1.88000e+00,
-1.0435293e+00,-0.00000e+00,1.88000e+00,
-1.0432363e+00,-0.00000e+00,1.88000e+00,
-1.0429432e+00,-0.00000e+00,1.88000e+00,
-1.0426502e+00,-0.00000e+00,1.88000e+00,
-1.0423572e+00,-0.00000e+00,1.88000e+00,
-1.0420642e+00,-0.00000e+00,1.88000e+00,
-1.0417712e+00,-0.00000e+00,1.88000e+00,
-1.0414782e+00,-0.00000e+00,1.88000e+00,
-1.0411851e+00,-0.00000e+00,1.88000e+00,
-1.0408921e+00,2.00001e-01,1.88000e+00,
-1.0405991e+00,-0.00000e+00,1.88000e+00,
-1.0403061e+00,-0.00000e+00,1.88000e+00,
-1.0400131e+00,-0.00000e+00,1.88000e+00,
-1.0397201e+00,-0.00000e+00,1.96000e+00,
-1.0394270e+00,2.00001e-01,1.88000e+00,
-1.0391340e+00,-0.00000e+00,1.88000e+00,
-1.0388410e+00,-0.00000e+00,1.88000e+00,
-1.0385480e+00,-0.00000e+00,1.88000e+00,
-1.0382550e+00,-0.00000e+00,1.88000e+00,
-1.0379620e+00,-0.00000e+00,1.88000e+00,
-1.0376689e+00,-0.00000e+00,1.88000e+00,
-1.0373759e+00,-0.00000e+00,1.96000e+00,
-1.0370829e+00,2.00001e-01,1.96000e+00,
-1.0367899e+00,-0.00000e+00,1.88000e+00,
-1.0364969e+00,-0.00000e+00,1.96000e+00,
-1.0362039e+00,-0.00000e+00,1.96000e+00,
-1.0359108e+00,-0.00000e+00,1.88000e+00,
-1.0356178e+00,-0.00000e+00,1.88000e+00,
-1.0353248e+00,2.00001e-01,1.96000e+00,
-1.0350318e+00,-0.00000e+00,1.96000e+00,
-1.0347388e+00,-0.00000e+00,1.96000e+00,
-1.0344458e+00,-0.00000e+00,2.00000e+00,
-1.0341527e+00,-0.00000e+00,2.00000e+00,
-1.0338597e+00,-0.00000e+00,2.00000e+00,
-1.0335667e+00,2.00001e-01,1.96000e+00,
-1.0332737e+00,-0.00000e+00,1.96000e+00,
-1.0329807e+00,-0.00000e+00,2.00000e+00,
-1.0326877e+00,-0.00000e+00,2.00000e+00,
-1.0323946e+00,-0.00000e+00,1.96000e+00,
-1.0321016e+00,2.00001e-01,2.00000e+00,
-1.0318086e+00,-0.00000e+00,2.00000e+00,
-1.0315156e+00,-0.00000e+00,2.00000e+00,
-1.0312226e+00,-0.00000e+00,1.96000e+00,
-1.0309296e+00,-0.00000e+00,2.00000e+00,
-1.0306365e+00,-0.00000e+00,2.00000e+00,
-1.0303435e+00,-0.00000e+00,2.00000e+00,
-1.0300505e+00,-0.00000e+00,2.00000e+00,
-1.0297575e+00,-0.00000e+00,2.00000e+00,
-1.0294645e+00,-0.00000e+00,2.00000e+00,
-1.0291715e+00,-0.00000e+00,2.00000e+00,
-1.0288785e+00,-0.00000e+00,2.00000e+00,
-1.0285854e+00,-0.00000e+00,2.00000e+00,
-1.0282924e+00,-0.00000e+00,2.00000e+00,
-1.0279994e+00,-0.00000e+00,2.00000e+00,
-1.0277064e+00,-0.00000e+00,2.04000e+00,
-1.0274134e+00,2.00001e-01,2.00000e+00,
-1.0271204e+00,-0.00000e+00,2.00000e+00,
-1.0268273e+00,-0.00000e+00,2.00000e+00,
-1.0265343e+00,-0.00000e+00,2.00000e+00,
-1.0262413e+00,2.00001e-01,2.00000e+00,
-1.0259483e+00,-0.00000e+00,2.00000e+00,
-1.0256553e+00,-0.00000e+00,2.00000e+00,
-1.0253623e+00,-0.00000e+00,2.00000e+00,
-1.0250692e+00,-0.00000e+00,2.00000e+00,
-1.0247762e+00,-0.00000e+00,2.00000e+00,
-1.0244832e+00,-0.00000e+00,2.00000e+00,
-1.0241902e+00,-0.00000e+00,2.04000e+00,
-1.0238972e+00,-0.00000e+00,2.00000e+00,
-1.0236042e+00,2.00001e-01,2.00000e+00,
-1.0233111e+00,-0.00000e+00,2.00000e+00,
-1.0230181e+00,2.00001e-01,2.00000e+00,
-1.0227251e+00,-0.00000e+00,2.04000e+00,
-1.0224321e+00,-0.00000e+00,2.04000e+00,
-1.0221391e+00,-0.00000e+00,2.04000e+00,
-1.0218461e+00,-0.00000e+00,2.04000e+00,
-1.0215530e+00,-0.00000e+00,2.04000e+00,
-1.0212600e+00,-0.00000e+00,2.04000e+00,
-1.0209670e+00,-0.00000e+00,2.04000e+00,
-1.0206740e+00,-0.00000e+00,2.04000e+00,
-1.0203810e+00,2.00001e-01,2.04000e+00,
-1.0200880e+00,-0.00000e+00,2.00000e+00,
-1.0197949e+00,-0.00000e+00,2.04000e+00,
-1.0195019e+00,-0.00000e+00,2.04000e+00,
-1.0192089e+00,-0.00000e+00,2.04000e+00,
-1.0189159e+00,-0.00000e+00,2.04000e+00,
-1.0186229e+00,-0.00000e+00,2.04000e+00,
-1.0183299e+00,2.00001e-01,2.04000e+00,
-1.0180368e+00,-0.00000e+00,2.04000e+00,
-1.0177438e+00,-0.00000e+00,2.04000e+00,
-1.0174508e+00,2.00001e-01,2.04000e+00,
-1.0171578e+00,-0.00000e+00,2.04000e+00,
-1.0168648e+00,2.00001e-01,2.08000e+00,
-1.0165718e+00,-0.00000e+00,2.08000e+00,
-1.0162787e+00,-0.00000e+00,2.08000e+00,
-1.0159857e+00,-0.00000e+00,2.04000e+00,
-1.0156927e+00,-0.00000e+00,2.04000e+00,
-1.0153997e+00,-0.00000e+00,2.08000e+00,
-1.0151067e+00,-0.00000e+00,2.04000e+00,
-1.0148137e+00,-0.00000e+00,2.04000e+00,
-1.0145206e+00,-0.00000e+00,2.04000e+00,
-1.0142276e+00,2.00001e-01,2.08000e+00,
-1.0139346e+00,-0.00000e+00,2.04000e+00,
-1.0136416e+00,2.00001e-01,2.08000e+00,
-1.0133486e+00,-0.00000e+00,2.04000e+00,
-1.0130556e+00,2.00001e-01,2.08000e+00,
-1.0127625e+00,-0.00000e+00,2.08000e+00,
-1.0124695e+00,-0.00000e+00,2.08000e+00,
-1.0121765e+00,-0.00000e+00,2.08000e+00,
-1.0118835e+00,-0.00000e+00,2.08000e+00,
-1.0115905e+00,-0.00000e+00,2.08000e+00,
-1.0112975e+00,-0.00000e+00,2.08000e+00,
-1.0110044e+00,-0.00000e+00,2.08000e+00,
-1.0107114e+00,-0.00000e+00,2.08000e+00,
-1.0104184e+00,2.00001e-01,2.08000e+00,
-1.0101254e+00,-0.00000e+00,2.08000e+00,
-1.0098324e+00,-0.00000e+00,2.08000e+00,
-1.0095394e+00,-0.00000e+00,2.08000e+00,
-1.0092463e+00,-0.00000e+00,2.08000e+00,
-1.0089533e+00,-0.00000e+00,2.08000e+00,
-1.0086603e+00,2.00001e-01,2.08000e+00,
-1.0083673e+00,-0.00000e+00,2.08000e+00,
-1.0080743e+00,-0.00000e+00,2.08000e+00,
-1.0077813e+00,-0.00000e+00,2.08000e+00,
-1.0074883e+00,2.00001e-01,2.08000e+00,
-1.0071952e+00,-0.00000e+00,2.08000e+00,
-1.0069022e+00,2.00001e-01,2.08000e+00,
-1.0066092e+00,-0.00000e+00,2.08000e+00,
-1.0063162e+00,2.00001e-01,2.08000e+00,
-1.0060232e+00,2.00001e-01,2.08000e+00,
-1.0057302e+00,-0.00000e+00,2.08000e+00,
-1.0054371e+00,2.00001e-01,2.08000e+00,
-1.0051441e+00,-0.00000e+00,2.08000e+00,
-1.0048511e+00,-0.00000e+00,2.08000e+00,
-1.0045581e+00,-0.00000e+00,2.08000e+00,
-1.0042651e+00,2.00001e-01,2.08000e+00,
-1.0039721e+00,-0.00000e+00,2.08000e+00,
-1.0036790e+00,2.00001e-01,2.08000e+00,
-1.0033860e+00,-0.00000e+00,2.08000e+00,
-1.0030930e+00,-0.00000e+00,2.08000e+00,
-1.0028000e+00,-0.00000e+00,2.08000e+00,
-1.0025070e+00,-0.00000e+00,2.08000e+00,
-1.0022140e+00,-0.00000e+00,2.08000e+00,
-1.0019209e+00,-0.00000e+00,2.08000e+00,
-1.0016279e+00,-0.00000e+00,2.08000e+00,
-1.0013349e+00,-0.00000e+00,2.08000e+00,
-1.0010419e+00,2.00001e-01,2.08000e+00,
-1.0007489e+00,-0.00000e+00,2.08000e+00,
-1.0004559e+00,2.00001e-01,2.08000e+00,
-1.0001628e+00,-0.00000e+00,2.16000e+00,
-9.9986988e-01,-0.00000e+00,2.08000e+00,
-9.9957693e-01,-0.00000e+00,2.08000e+00,
-9.9928397e-01,2.00001e-01,2.12000e+00,
-9.9899101e-01,2.00001e-01,2.12000e+00,
-9.9869806e-01,-0.00000e+00,2.12000e+00,
-9.9840510e-01,-0.00000e+00,2.08000e+00,
-9.9811214e-01,-0.00000e+00,2.12000e+00,
-9.9781919e-01,-0.00000e+00,2.12000e+00,
-9.9752623e-01,2.00001e-01,2.08000e+00,
-9.9723327e-01,-0.00000e+00,2.12000e+00,
-9.9694031e-01,-0.00000e+00,2.12000e+00,
-9.9664736e-01,-0.00000e+00,2.12000e+00,
-9.9635440e-01,-0.00000e+00,2.12000e+00,
-9.9606144e-01,2.00001e-01,2.12000e+00,
-9.9576849e-01,-0.00000e+00,2.12000e+00,
-9.9547553e-01,-0.00000e+00,2.16000e+00,
-9.9518257e-01,-0.00000e+00,2.16000e+00,
-9.9488962e-01,-0.00000e+00,2.12000e+00,
-9.9459666e-01,-0.00000e+00,2.12000e+00,
-9.9430370e-01,-0.00000e+00,2.12000e+00,
-9.9401075e-01,-0.00000e+00,2.12000e+00,
-9.9371779e-01,-0.00000e+00,2.12000e+00,
-9.9342483e-01,-0.00000e+00,2.12000e+00,
-9.9313188e-01,-0.00000e+00,2.16000e+00,
-9.9283892e-01,-0.00000e+00,2.16000e+00,
-9.9254596e-01,-0.00000e+00,2.16000e+00,
-9.9225301e-01,2.00001e-01,2.16000e+00,
-9.9196005e-01,-0.00000e+00,2.12000e+00,
-9.9166709e-01,-0.00000e+00,2.16000e+00,
-9.9137414e-01,-0.00000e+00,2.16000e+00,
-9.9108118e-01,-0.00000e+00,2.16000e+00,
-9.9078822e-01,-0.00000e+00,2.16000e+00,
-9.9049526e-01,2.00001e-01,2.16000e+00,
-9.9020231e-01,-0.00000e+00,2.16000e+00,
-9.8990935e-01,-0.00000e+00,2.16000e+00,
-9.8961639e-01,-0.00000e+00,2.16000e+00,
-9.8932344e-01,-0.00000e+00,2.16000e+00,
-9.8903048e-01,-0.00000e+00,2.16000e+00,
-9.8873752e-01,2.00001e-01,2.16000e+00,
-9.8844457e-01,-0.00000e+00,2.16000e+00,
-9.8815161e-01,-0.00000e+00,2.16000e+00,
-9.8785865e-01,-0.00000e+00,2.16000e+00,
-9.8756570e-01,-0.00000e+00,2.16000e+00,
-9.8727274e-01,-0.00000e+00,2.16000e+00,
-9.8697978e-01,-0.00000e+00,2.20000e+00,
-9.8668683e-01,-0.00000e+00,2.20000e+00,
-9.8639387e-01,-0.00000e+00,2.20000e+00,
-9.8610091e-01,-0.00000e+00,2.16000e+00,
-9.8580796e-01,-0.00000e+00,2.16000e+00,
-9.8551500e-01,-0.00000e+00,2.20000e+00,
-9.8522204e-01,-0.00000e+00,2.16000e+00,
-9.8492908e-01,-0.00000e+00,2.16000e+00,
-9.8463613e-01,-0.00000e+00,2.20000e+00,
-9.8434317e-01,-0.00000e+00,2.20000e+00,
-9.8405021e-01,-0.00000e+00,2.20000e+00,
-9.8375726e-01,-0.00000e+00,2.16000e+00,
-9.8346430e-01,-0.00000e+00,2.20000e+00,
-9.8317134e-01,-0.00000e+00,2.20000e+00,
-9.8287839e-01,-0.00000e+00,2.20000e+00,
-9.8258543e-01,-0.00000e+00,2.12000e+00,
-9.8229247e-01,-0.00000e+00,2.20000e+00,
-9.8199952e-01,-0.00000e+00,2.20000e+00,
-9.8170656e-01,-0.00000e+00,2.20000e+00,
-9.8141360e-01,-0.00000e+00,2.20000e+00,
-9.8112065e-01,-0.00000e+00,2.20000e+00,
-9.8082769e-01,2.00001e-01,2.20000e+00,
-9.8053473e-01,-0.00000e+00,2.20000e+00,
-9.8024178e-01,2.00001e-01,2.24000e+00,
-9.7994882e-01,2.00001e-01,2.24000e+00,
-9.7965586e-01,-0.00000e+00,2.20000e+00,
-9.7936291e-01,-0.00000e+00,2.20000e+00,
-9.7906995e-01,-0.00000e+00,2.24000e+00,
-9.7877699e-01,-0.00000e+00,2.20000e+00,
-9.7848403e-01,-0.00000e+00,2.20000e+00,
-9.7819108e-01,2.00001e-01,2.20000e+00,
-9.7789812e-01,-0.00000e+00,2.24000e+00,
-9.7760516e-01,-0.00000e+00,2.20000e+00,
-9.7731221e-01,-0.00000e+00,2.24000e+00,
-9.7701925e-01,-0.00000e+00,2.24000e+00,
-9.7672629e-01,2.00001e-01,2.20000e+00,
-9.7643334e-01,-0.00000e+00,2.20000e+00,
-9.7614038e-01,-0.00000e+00,2.24000e+00,
-9.7584742e-01,-0.00000e+00,2.24000e+00,
-9.7555447e-01,-0.00000e+00,2.20000e+00,
-9.7526151e-01,-0.00000e+00,2.24000e+00,
-9.7496855e-01,-0.00000e+00,2.24000e+00,
-9.7467560e-01,-0.00000e+00,2.20000e+00,
-9.7438264e-01,-0.00000e+00,2.24000e+00,
-9.7408968e-01,-0.00000e+00,2.24000e+00,
-9.7379673e-01,-0.00000e+00,2.24000e+00,
-9.7350377e-01,-0.00000e+00,2.20000e+00,
-9.7321081e-01,-0.00000e+00,2.24000e+00,
-9.7291785e-01,2.00001e-01,2.24000e+00,
-9.7262490e-01,-0.00000e+00,2.24000e+00,
-9.7233194e-01,-0.00000e+00,2.24000e+00,
-9.7203898e-01,2.00001e-01,2.24000e+00,
-9.7174603e-01,-0.00000e+00,2.24000e+00,
-9.7145307e-01,-0.00000e+00,2.36000e+00,
-9.7116011e-01,-0.00000e+00,2.24000e+00,
-9.7086716e-01,-0.00000e+00,2.24000e+00,
-9.7057420e-01,-0.00000e+00,2.24000e+00,
-9.7028124e-01,-0.00000e+00,2.24000e+00,
-9.6998829e-01,2.00001e-01,2.24000e+00,
-9.6969533e-01,2.00001e-01,2.24000e+00,
-9.6940237e-01,-0.00000e+00,2.24000e+00,
-9.6910942e-01,-0.00000e+00,2.24000e+00,
-9.6881646e-01,2.00001e-01,2.24000e+00,
-9.6852350e-01,-0.00000e+00,2.24000e+00,
-9.6823055e-01,-0.00000e+00,2.24000e+00,
-9.6793759e-01,-0.00000e+00,2.24000e+00,
-9.6764463e-01,-0.00000e+00,2.24000e+00,
-9.6735168e-01,-0.00000e+00,2.28000e+00,
-9.6705872e-01,-0.00000e+00,2.24000e+00,
-9.6676576e-01,-0.00000e+00,2.24000e+00,
-9.6647280e-01,-0.00000e+00,2.24000e+00,
-9.6617985e-01,-0.00000e+00,2.24000e+00,
-9.6588689e-01,-0.00000e+00,2.28000e+00,
-9.6559393e-01,2.00001e-01,2.24000e+00,
-9.6530098e-01,-0.00000e+00,2.24000e+00,
-9.6500802e-01,-0.00000e+00,2.28000e+00,
-9.6471506e-01,2.00001e-01,2.28000e+00,
-9.6442211e-01,-0.00000e+00,2.24000e+00,
-9.6412915e-01,-0.00000e+00,2.24000e+00,
-9.6383619e-01,2.00001e-01,2.28000e+00,
-9.6354324e-01,-0.00000e+00,2.28000e+00,
-9.6325028e-01,-0.00000e+00,2.28000e+00,
-9.6295732e-01,-0.00000e+00,2.32000e+00,
-9.6266437e-01,-0.00000e+00,2.32000e+00,
-9.6237141e-01,-0.00000e+00,2.28000e+00,
-9.6207845e-01,-0.00000e+00,2.28000e+00,
-9.6178550e-01,2.00001e-01,2.28000e+00,
-9.6149254e-01,-0.00000e+00,2.32000e+00,
-9.6119958e-01,-0.00000e+00,2.32000e+00,
-9.6090662e-01,2.00001e-01,2.28000e+00,
-9.6061367e-01,-0.00000e+00,2.32000e+00,
-9.6032071e-01,-0.00000e+00,2.32000e+00,
-9.6002775e-01,-0.00000e+00,2.32000e+00,
-9.5973480e-01,-0.00000e+00,2.28000e+00,
-9.5944184e-01,-0.00000e+00,2.32000e+00,
-9.5914888e-01,-0.00000e+00,2.32000e+00,
-9.5885593e-01,-0.00000e+00,2.32000e+00,
-9.5856297e-01,-0.00000e+00,2.32000e+00,
-9.5827001e-01,-0.00000e+00,2.32000e+00,
-9.5797706e-01,-0.00000e+00,2.32000e+00,
-9.5768410e-01,-0.00000e+00,2.32000e+00,
-9.5739114e-01,-0.00000e+00,2.32000e+00,
-9.5709819e-01,-0.00000e+00,2.32000e+00,
-9.5680523e-01,-0.00000e+00,2.32000e+00,
-9.5651227e-01,-0.00000e+00,2.32000e+00,
-9.5621932e-01,-0.00000e+00,2.32000e+00,
-9.5592636e-01,-0.00000e+00,2.32000e+00,
-9.5563340e-01,-0.00000e+00,2.32000e+00,
-9.5534045e-01,-0.00000e+00,2.32000e+00,
-9.5504749e-01,-0.00000e+00,2.32000e+00,
-9.5475453e-01,-0.00000e+00,2.32000e+00,
-9.5446157e-01,-0.00000e+00,2.36000e+00,
-9.5416862e-01,-0.00000e+00,2.32000e+00,
-9.5387566e-01,-0.00000e+00,2.32000e+00,
-9.5358270e-01,-0.00000e+00,2.32000e+00,
-9.5328975e-01,-0.00000e+00,2.32000e+00,
-9.5299679e-01,-0.00000e+00,2.36000e+00,
-9.5270383e-01,-0.00000e+00,2.32000e+00,
-9.5241088e-01,-0.00000e+00,2.32000e+00,
-9.5211792e-01,-0.00000e+00,2.32000e+00,
-9.5182496e-01,-0.00000e+00,2.32000e+00,
-9.5153201e-01,-0.00000e+00,2.36000e+00,
-9.5123905e-01,-0.00000e+00,2.28000e+00,
-9.5094609e-01,-0.00000e+00,2.36000e+00,
-9.5065314e-01,-0.00000e+00,2.32000e+00,
-9.5036018e-01,-0.00000e+00,2.36000e+00,
-9.5006722e-01,-0.00000e+00,2.36000e+00,
-9.4977427e-01,-0.00000e+00,2.36000e+00,
-9.4948131e-01,-0.00000e+00,2.36000e+00,
-9.4918835e-01,-0.00000e+00,2.36000e+00,
-9.4889539e-01,-0.00000e+00,2.36000e+00,
-9.4860244e-01,-0.00000e+00,2.32000e+00,
-9.4830948e-01,-0.00000e+00,2.36000e+00,
-9.4801652e-01,-0.00000e+00,2.32000e+00,
-9.4772357e-01,-0.00000e+00,2.36000e+00,
-9.4743061e-01,-0.00000e+00,2.36000e+00,
-9.4713765e-01,-0.00000e+00,2.36000e+00,
-9.4684470e-01,2.00001e-01,2.36000e+00,
-9.4655174e-01,-0.00000e+00,2.36000e+00,
-9.4625878e-01,-0.00000e+00,2.36000e+00,
-9.4596583e-01,-0.00000e+00,2.36000e+00,
-9.4567287e-01,-0.00000e+00,2.40000e+00,
-9.4537991e-01,-0.00000e+00,2.40000e+00,
-9.4508696e-01,-0.00000e+00,2.40000e+00,
-9.4479400e-01,2.00001e-01,2.40000e+00,
-9.4450104e-01,2.00001e-01,2.36000e+00,
-9.4420809e-01,2.00001e-01,2.40000e+00,
-9.4391513e-01,2.00001e-01,2.36000e+00,
-9.4362217e-01,2.00001e-01,2.40000e+00,
-9.4332922e-01,-0.00000e+00,2.40000e+00,
-9.4303626e-01,-0.00000e+00,2.40000e+00,
-9.4274330e-01,-0.00000e+00,2.40000e+00,
-9.4245034e-01,2.00001e-01,2.40000e+00,
-9.4215739e-01,-0.00000e+00,2.40000e+00,
-9.4186443e-01,-0.00000e+00,2.40000e+00,
-9.4157147e-01,-0.00000e+00,2.44000e+00,
-9.4127852e-01,-0.00000e+00,2.40000e+00,
-9.4098556e-01,2.00001e-01,2.40000e+00,
-9.4069260e-01,-0.00000e+00,2.40000e+00,
-9.4039965e-01,-0.00000e+00,2.40000e+00,
-9.4010669e-01,2.00001e-01,2.40000e+00,
-9.3981373e-01,-0.00000e+00,2.40000e+00,
-9.3952078e-01,-0.00000e+00,2.40000e+00,
-9.3922782e-01,-0.00000e+00,2.40000e+00,
-9.3893486e-01,-0.00000e+00,2.40000e+00,
-9.3864191e-01,-0.00000e+00,2.40000e+00,
-9.3834895e-01,-0.00000e+00,2.36000e+00,
-9.3805599e-01,-0.00000e+00,2.40000e+00,
-9.3776304e-01,2.00001e-01,2.40000e+00,
-9.3747008e-01,-0.00000e+00,2.40000e+00,
-9.3717712e-01,-0.00000e+00,2.40000e+00,
-9.3688416e-01,-0.00000e+00,2.40000e+00,
-9.3659121e-01,2.00001e-01,2.40000e+00,
-9.3629825e-01,-0.00000e+00,2.40000e+00,
-9.3600529e-01,-0.00000e+00,2.40000e+00,
-9.3571234e-01,-0.00000e+00,2.40000e+00,
-9.3541938e-01,-0.00000e+00,2.40000e+00,
-9.3512642e-01,-0.00000e+00,2.40000e+00,
-9.3483347e-01,2.00001e-01,2.40000e+00,
-9.3454051e-01,-0.00000e+00,2.40000e+00,
-9.3424755e-01,2.00001e-01,2.40000e+00,
-9.3395460e-01,-0.00000e+00,2.40000e+00,
-9.3366164e-01,-0.00000e+00,2.40000e+00,
-9.3336868e-01,-0.00000e+00,2.40000e+00,
-9.3307573e-01,-0.00000e+00,2.40000e+00,
-9.3278277e-01,-0.00000e+00,2.40000e+00,
-9.3248981e-01,2.00001e-01,2.40000e+00,
-9.3219686e-01,-0.00000e+00,2.40000e+00,
-9.3190390e-01,-0.00000e+00,2.40000e+00,
-9.3161094e-01,-0.00000e+00,2.40000e+00,
-9.3131799e-01,-0.00000e+00,2.40000e+00,
-9.3102503e-01,-0.00000e+00,2.40000e+00,
-9.3073207e-01,-0.00000e+00,2.40000e+00,
-9.3043911e-01,2.00001e-01,2.40000e+00,
-9.3014616e-01,-0.00000e+00,2.40000e+00,
-9.2985320e-01,-0.00000e+00,2.40000e+00,
-9.2956024e-01,-0.00000e+00,2.44000e+00,
-9.2926729e-01,-0.00000e+00,2.40000e+00,
-9.2897433e-01,-0.00000e+00,2.40000e+00,
-9.2868137e-01,-0.00000e+00,2.44000e+00,
-9.2838842e-01,-0.00000e+00,2.44000e+00,
-9.2809546e-01,-0.00000e+00,2.40000e+00,
-9.2780250e-01,-0.00000e+00,2.48000e+00,
-9.2750955e-01,-0.00000e+00,2.44000e+00,
-9.2721659e-01,-0.00000e+00,2.40000e+00,
-9.2692363e-01,-0.00000e+00,2.44000e+00,
-9.2663068e-01,-0.00000e+00,2.40000e+00,
-9.2633772e-01,2.00001e-01,2.44000e+00,
-9.2604476e-01,-0.00000e+00,2.44000e+00,
-9.2575181e-01,2.00001e-01,2.44000e+00,
-9.2545885e-01,2.00001e-01,2.44000e+00,
-9.2516589e-01,-0.00000e+00,2.44000e+00,
-9.2487293e-01,-0.00000e+00,2.44000e+00,
-9.2457998e-01,-0.00000e+00,2.44000e+00,
-9.2428702e-01,-0.00000e+00,2.44000e+00,
-9.2399406e-01,2.00001e-01,2.48000e+00,
-9.2370111e-01,-0.00000e+00,2.44000e+00,
-9.2340815e-01,2.00001e-01,2.48000e+00,
-9.2311519e-01,2.00001e-01,2.48000e+00,
-9.2282224e-01,-0.00000e+00,2.48000e+00,
-9.2252928e-01,-0.00000e+00,2.48000e+00,
-9.2223632e-01,-0.00000e+00,2.48000e+00,
-9.2194337e-01,2.00001e-01,2.44000e+00,
-9.2165041e-01,-0.00000e+00,2.48000e+00,
-9.2135745e-01,-0.00000e+00,2.44000e+00,
-9.2106450e-01,-0.00000e+00,2.48000e+00,
-9.2077154e-01,-0.00000e+00,2.48000e+00,
-9.2047858e-01,-0.00000e+00,2.48000e+00,
-9.2018563e-01,-0.00000e+00,2.44000e+00,
-9.1989267e-01,-0.00000e+00,2.48000e+00,
-9.1959971e-01,-0.00000e+00,2.48000e+00,
-9.1930676e-01,-0.00000e+00,2.48000e+00,
-9.1901380e-01,-0.00000e+00,2.48000e+00,
-9.1872084e-01,-0.00000e+00,2.48000e+00,
-9.1842788e-01,-0.00000e+00,2.48000e+00,
-9.1813493e-01,-0.00000e+00,2.48000e+00,
-9.1784197e-01,-0.00000e+00,2.48000e+00,
-9.1754901e-01,-0.00000e+00,2.48000e+00,
-9.1725606e-01,2.00001e-01,2.48000e+00,
-9.1696310e-01,2.00001e-01,2.48000e+00,
-9.1667014e-01,2.00001e-01,2.48000e+00,
-9.1637719e-01,2.00001e-01,2.52000e+00,
-9.1608423e-01,-0.00000e+00,2.52000e+00,
-9.1579127e-01,-0.00000e+00,2.48000e+00,
-9.1549832e-01,2.00001e-01,2.52000e+00,
-9.1520536e-01,-0.00000e+00,2.48000e+00,
-9.1491240e-01,-0.00000e+00,2.48000e+00,
-9.1461945e-01,-0.00000e+00,2.48000e+00,
-9.1432649e-01,-0.00000e+00,2.52000e+00,
-9.1403353e-01,-0.00000e+00,2.48000e+00,
-9.1374058e-01,-0.00000e+00,2.52000e+00,
-9.1344762e-01,2.00001e-01,2.52000e+00,
-9.1315466e-01,-0.00000e+00,2.52000e+00,
-9.1286170e-01,2.00001e-01,2.48000e+00,
-9.1256875e-01,-0.00000e+00,2.48000e+00,
-9.1227579e-01,-0.00000e+00,2.52000e+00,
-9.1198283e-01,-0.00000e+00,2.52000e+00,
-9.1168988e-01,-0.00000e+00,2.52000e+00,
-9.1139692e-01,-0.00000e+00,2.52000e+00,
-9.1110396e-01,-0.00000e+00,2.56000e+00,
-9.1081101e-01,-0.00000e+00,2.52000e+00,
-9.1051805e-01,2.00001e-01,2.52000e+00,
-9.1022509e-01,-0.00000e+00,2.52000e+00,
-9.0993214e-01,-0.00000e+00,2.52000e+00,
-9.0963918e-01,-0.00000e+00,2.52000e+00,
-9.0934622e-01,-0.00000e+00,2.52000e+00,
-9.0905327e-01,-0.00000e+00,2.52000e+00,
-9.0876031e-01,-0.00000e+00,2.52000e+00,
-9.0846735e-01,-0.00000e+00,2.52000e+00,
-9.0817440e-01,2.00001e-01,2.52000e+00,
-9.0788144e-01,-0.00000e+00,2.52000e+00,
-9.0758848e-01,2.00001e-01,2.56000e+00,
-9.0729553e-01,-0.00000e+00,2.52000e+00,
-9.0700257e-01,2.00001e-01,2.56000e+00,
-9.0670961e-01,-0.00000e+00,2.56000e+00,
-9.0641665e-01,2.00001e-01,2.56000e+00,
-9.0612370e-01,2.00001e-01,2.56000e+00,
-9.0583074e-01,-0.00000e+00,2.56000e+00,
-9.0553778e-01,-0.00000e+00,2.56000e+00,
-9.0524483e-01,2.00001e-01,2.56000e+00,
-9.0495187e-01,2.00001e-01,2.56000e+00,
-9.0465891e-01,2.00001e-01,2.56000e+00,
-9.0436596e-01,-0.00000e+00,2.56000e+00,
-9.0407300e-01,-0.00000e+00,2.56000e+00,
-9.0378004e-01,-0.00000e+00,2.56000e+00,
-9.0348709e-01,-0.00000e+00,2.56000e+00,
-9.0319413e-01,2.00001e-01,2.56000e+00,
-9.0290117e-01,-0.00000e+00,2.56000e+00,
-9.0260822e-01,-0.00000e+00,2.56000e+00,
-9.0231526e-01,-0.00000e+00,2.56000e+00,
-9.0202230e-01,-0.00000e+00,2.56000e+00,
-9.0172935e-01,-0.00000e+00,2.56000e+00,
-9.0143639e-01,-0.00000e+00,2.56000e+00,
-9.0114343e-01,-0.00000e+00,2.56000e+00,
-9.0085047e-01,-0.00000e+00,2.56000e+00,
-9.0055752e-01,-0.00000e+00,2.56000e+00,
-9.0026456e-01,2.00001e-01,2.56000e+00,
-8.9997160e-01,-0.00000e+00,2.56000e+00,
-8.9967865e-01,-0.00000e+00,2.56000e+00,
-8.9938569e-01,-0.00000e+00,2.56000e+00,
-8.9909273e-01,-0.00000e+00,2.56000e+00,
-8.9879978e-01,-0.00000e+00,2.56000e+00,
-8.9850682e-01,-0.00000e+00,2.56000e+00,
-8.9821386e-01,-0.00000e+00,2.56000e+00,
-8.9792091e-01,2.00001e-01,2.56000e+00,
-8.9762795e-01,-0.00000e+00,2.56000e+00,
-8.9733499e-01,2.00001e-01,2.56000e+00,
-8.9704204e-01,2.00001e-01,2.56000e+00,
-8.9674908e-01,-0.00000e+00,2.56000e+00,
-8.9645612e-01,-0.00000e+00,2.56000e+00,
-8.9616317e-01,-0.00000e+00,2.56000e+00,
-8.9587021e-01,-0.00000e+00,2.56000e+00,
-8.9557725e-01,2.00001e-01,2.56000e+00,
-8.9528430e-01,2.00001e-01,2.56000e+00,
-8.9499134e-01,-0.00000e+00,2.56000e+00,
-8.9469838e-01,-0.00000e+00,2.56000e+00,
-8.9440542e-01,-0.00000e+00,2.56000e+00,
-8.9411247e-01,-0.00000e+00,2.56000e+00,
-8.9381951e-01,-0.00000e+00,2.56000e+00,
-8.9352655e-01,-0.00000e+00,2.56000e+00,
-8.9323360e-01,2.00001e-01,2.56000e+00,
-8.9294064e-01,-0.00000e+00,2.56000e+00,
-8.9264768e-01,-0.00000e+00,2.56000e+00,
-8.9235473e-01,-0.00000e+00,2.64000e+00,
-8.9206177e-01,-0.00000e+00,2.56000e+00,
-8.9176881e-01,-0.00000e+00,2.56000e+00,
-8.9147586e-01,2.00001e-01,2.56000e+00,
-8.9118290e-01,2.00001e-01,2.60000e+00,
-8.9088994e-01,-0.00000e+00,2.60000e+00,
-8.9059699e-01,-0.00000e+00,2.60000e+00,
-8.9030403e-01,2.00001e-01,2.60000e+00,
-8.9001107e-01,-0.00000e+00,2.60000e+00,
-8.8971812e-01,-0.00000e+00,2.60000e+00,
-8.8942516e-01,2.00001e-01,2.60000e+00,
-8.8913220e-01,2.00001e-01,2.60000e+00,
-8.8883924e-01,-0.00000e+00,2.60000e+00,
-8.8854629e-01,-0.00000e+00,2.64000e+00,
-8.8825333e-01,2.00001e-01,2.60000e+00,
-8.8796037e-01,-0.00000e+00,2.60000e+00,
-8.8766742e-01,-0.00000e+00,2.60000e+00,
-8.8737446e-01,-0.00000e+00,2.64000e+00,
-8.8708150e-01,-0.00000e+00,2.64000e+00,
-8.8678855e-01,-0.00000e+00,2.60000e+00,
-8.8649559e-01,-0.00000e+00,2.64000e+00,
-8.8620263e-01,-0.00000e+00,2.60000e+00,
-8.8590968e-01,-0.00000e+00,2.64000e+00,
-8.8561672e-01,2.00001e-01,2.64000e+00,
-8.8532376e-01,-0.00000e+00,2.64000e+00,
-8.8503081e-01,-0.00000e+00,2.64000e+00,
-8.8473785e-01,-0.00000e+00,2.64000e+00,
-8.8444489e-01,-0.00000e+00,2.68000e+00,
-8.8415194e-01,-0.00000e+00,2.64000e+00,
-8.8385898e-01,-0.00000e+00,2.64000e+00,
-8.8356602e-01,-0.00000e+00,2.64000e+00,
-8.8327307e-01,-0.00000e+00,2.64000e+00,
-8.8298011e-01,-0.00000e+00,2.60000e+00,
-8.8268715e-01,-0.00000e+00,2.64000e+00,
-8.8239419e-01,-0.00000e+00,2.64000e+00,
-8.8210124e-01,-0.00000e+00,2.64000e+00,
-8.8180828e-01,-0.00000e+00,2.64000e+00,
-8.8151532e-01,-0.00000e+00,2.64000e+00,
-8.8122237e-01,-0.00000e+00,2.64000e+00,
-8.8092941e-01,-0.00000e+00,2.68000e+00,
-8.8063645e-01,-0.00000e+00,2.64000e+00,
-8.8034350e-01,-0.00000e+00,2.64000e+00,
-8.8005054e-01,2.00001e-01,2.68000e+00,
-8.7975758e-01,-0.00000e+00,2.64000e+00,
-8.7946463e-01,-0.00000e+00,2.68000e+00,
-8.7917167e-01,-0.00000e+00,2.64000e+00,
-8.7887871e-01,-0.00000e+00,2.64000e+00,
-8.7858576e-01,-0.00000e+00,2.64000e+00,
-8.7829280e-01,-0.00000e+00,2.68000e+00,
-8.7799984e-01,-0.00000e+00,2.64000e+00,
-8.7770689e-01,-0.00000e+00,2.64000e+00,
-8.7741393e-01,2.00001e-01,2.64000e+00,
-8.7712097e-01,-0.00000e+00,2.64000e+00,
-8.7682801e-01,-0.00000e+00,2.64000e+00,
-8.7653506e-01,-0.00000e+00,2.64000e+00,
-8.7624210e-01,-0.00000e+00,2.72000e+00,
-8.7594914e-01,-0.00000e+00,2.68000e+00,
-8.7565619e-01,-0.00000e+00,2.68000e+00,
-8.7536323e-01,-0.00000e+00,2.64000e+00,
-8.7507027e-01,-0.00000e+00,2.68000e+00,
-8.7477732e-01,-0.00000e+00,2.68000e+00,
-8.7448436e-01,-0.00000e+00,2.68000e+00,
-8.7419140e-01,-0.00000e+00,2.68000e+00,
-8.7389845e-01,-0.00000e+00,2.64000e+00,
-8.7360549e-01,-0.00000e+00,2.72000e+00,
-8.7331253e-01,2.00001e-01,2.68000e+00,
-8.7301958e-01,-0.00000e+00,2.68000e+00,
-8.7272662e-01,-0.00000e+00,2.68000e+00,
-8.7243366e-01,-0.00000e+00,2.68000e+00,
-8.7214071e-01,-0.00000e+00,2.72000e+00,
-8.7184775e-01,-0.00000e+00,2.72000e+00,
-8.7155479e-01,-0.00000e+00,2.68000e+00,
-8.7126184e-01,-0.00000e+00,2.68000e+00,
-8.7096888e-01,-0.00000e+00,2.72000e+00,
-8.7067592e-01,-0.00000e+00,2.64000e+00,
-8.7038296e-01,-0.00000e+00,2.68000e+00,
-8.7009001e-01,-0.00000e+00,2.68000e+00,
-8.6979705e-01,-0.00000e+00,2.72000e+00,
-8.6950409e-01,-0.00000e+00,2.68000e+00,
-8.6921114e-01,-0.00000e+00,2.68000e+00,
-8.6891818e-01,-0.00000e+00,2.72000e+00,
-8.6862522e-01,-0.00000e+00,2.72000e+00,
-8.6833227e-01,-0.00000e+00,2.72000e+00,
-8.6803931e-01,2.00001e-01,2.72000e+00,
-8.6774635e-01,-0.00000e+00,2.72000e+00,
-8.6745340e-01,-0.00000e+00,2.68000e+00,
-8.6716044e-01,2.00001e-01,2.68000e+00,
-8.6686748e-01,2.00001e-01,2.68000e+00,
-8.6657453e-01,-0.00000e+00,2.72000e+00,
-8.6628157e-01,-0.00000e+00,2.72000e+00,
-8.6598861e-01,-0.00000e+00,2.72000e+00,
-8.6569566e-01,-0.00000e+00,2.72000e+00,
-8.6540270e-01,-0.00000e+00,2.68000e+00,
-8.6510974e-01,-0.00000e+00,2.72000e+00,
-8.6481678e-01,-0.00000e+00,2.72000e+00,
-8.6452383e-01,-0.00000e+00,2.72000e+00,
-8.6423087e-01,2.00001e-01,2.72000e+00,
-8.6393791e-01,-0.00000e+00,2.72000e+00,
-8.6364496e-01,-0.00000e+00,2.72000e+00,
-8.6335200e-01,-0.00000e+00,2.72000e+00,
-8.6305904e-01,-0.00000e+00,2.72000e+00,
-8.6276609e-01,-0.00000e+00,2.72000e+00,
-8.6247313e-01,-0.00000e+00,2.72000e+00,
-8.6218017e-01,-0.00000e+00,2.72000e+00,
-8.6188722e-01,-0.00000e+00,2.72000e+00,
-8.6159426e-01,-0.00000e+00,2.72000e+00,
-8.6130130e-01,-0.00000e+00,2.72000e+00,
-8.6100835e-01,2.00001e-01,2.72000e+00,
-8.6071539e-01,-0.00000e+00,2.72000e+00,
-8.6042243e-01,-0.00000e+00,2.72000e+00,
-8.6012948e-01,2.00001e-01,2.72000e+00,
-8.5983652e-01,-0.00000e+00,2.72000e+00,
-8.5954356e-01,2.00001e-01,2.72000e+00,
-8.5925061e-01,-0.00000e+00,2.76000e+00,
-8.5895765e-01,-0.00000e+00,2.72000e+00,
-8.5866469e-01,-0.00000e+00,2.72000e+00,
-8.5837173e-01,-0.00000e+00,2.72000e+00,
-8.5807878e-01,-0.00000e+00,2.72000e+00,
-8.5778582e-01,-0.00000e+00,2.72000e+00,
-8.5749286e-01,-0.00000e+00,2.72000e+00,
-8.5719991e-01,-0.00000e+00,2.72000e+00,
-8.5690695e-01,-0.00000e+00,2.72000e+00,
-8.5661399e-01,-0.00000e+00,2.72000e+00,
-8.5632104e-01,2.00001e-01,2.72000e+00,
-8.5602808e-01,-0.00000e+00,2.72000e+00,
-8.5573512e-01,2.00001e-01,2.76000e+00,
-8.5544217e-01,2.00001e-01,2.80000e+00,
-8.5514921e-01,2.00001e-01,2.72000e+00,
-8.5485625e-01,-0.00000e+00,2.72000e+00,
-8.5456330e-01,-0.00000e+00,2.84000e+00,
-8.5427034e-01,2.00001e-01,2.80000e+00,
-8.5397738e-01,-0.00000e+00,2.76000e+00,
-8.5368443e-01,-0.00000e+00,2.76000e+00,
-8.5339147e-01,2.00001e-01,2.80000e+00,
-8.5309851e-01,-0.00000e+00,2.76000e+00,
-8.5280555e-01,2.00001e-01,2.80000e+00,
-8.5251260e-01,-0.00000e+00,2.76000e+00,
-8.5221964e-01,2.00001e-01,2.76000e+00,
-8.5192668e-01,-0.00000e+00,2.76000e+00,
-8.5163373e-01,-0.00000e+00,2.80000e+00,
-8.5134077e-01,-0.00000e+00,2.80000e+00,
-8.5104781e-01,2.00001e-01,2.76000e+00,
-8.5075486e-01,2.00001e-01,2.80000e+00,
-8.5046190e-01,-0.00000e+00,2.80000e+00,
-8.5016894e-01,-0.00000e+00,2.76000e+00,
-8.4987599e-01,-0.00000e+00,2.80000e+00,
-8.4958303e-01,-0.00000e+00,2.80000e+00,
-8.4929007e-01,-0.00000e+00,2.80000e+00,
-8.4899712e-01,-0.00000e+00,2.80000e+00,
-8.4870416e-01,-0.00000e+00,2.80000e+00,
-8.4841120e-01,-0.00000e+00,2.80000e+00,
-8.4811825e-01,-0.00000e+00,2.80000e+00,
-8.4782529e-01,-0.00000e+00,2.80000e+00,
-8.4753233e-01,-0.00000e+00,2.80000e+00,
-8.4723938e-01,-0.00000e+00,2.80000e+00,
-8.4694642e-01,-0.00000e+00,2.76000e+00,
-8.4665346e-01,2.00001e-01,2.80000e+00,
-8.4636050e-01,-0.00000e+00,2.80000e+00,
-8.4606755e-01,-0.00000e+00,2.80000e+00,
-8.4577459e-01,-0.00000e+00,2.80000e+00,
-8.4548163e-01,-0.00000e+00,2.84000e+00,
-8.4518868e-01,2.00001e-01,2.80000e+00,
-8.4489572e-01,-0.00000e+00,2.80000e+00,
-8.4460276e-01,-0.00000e+00,2.80000e+00,
-8.4430981e-01,-0.00000e+00,2.80000e+00,
-8.4401685e-01,-0.00000e+00,2.80000e+00,
-8.4372389e-01,-0.00000e+00,2.84000e+00,
-8.4343094e-01,-0.00000e+00,2.80000e+00,
-8.4313798e-01,2.00001e-01,2.84000e+00,
-8.4284502e-01,-0.00000e+00,2.84000e+00,
-8.4255207e-01,-0.00000e+00,2.84000e+00,
-8.4225911e-01,-0.00000e+00,2.84000e+00,
-8.4196615e-01,-0.00000e+00,2.80000e+00,
-8.4167320e-01,-0.00000e+00,2.84000e+00,
-8.4138024e-01,-0.00000e+00,2.80000e+00,
-8.4108728e-01,2.00001e-01,2.84000e+00,
-8.4079432e-01,-0.00000e+00,2.84000e+00,
-8.4050137e-01,2.00001e-01,2.84000e+00,
-8.4020841e-01,-0.00000e+00,2.84000e+00,
-8.3991545e-01,-0.00000e+00,2.84000e+00,
-8.3962250e-01,-0.00000e+00,2.84000e+00,
-8.3932954e-01,-0.00000e+00,2.84000e+00,
-8.3903658e-01,-0.00000e+00,2.84000e+00,
-8.3874363e-01,-0.00000e+00,2.84000e+00,
-8.3845067e-01,-0.00000e+00,2.84000e+00,
-8.3815771e-01,-0.00000e+00,2.84000e+00,
-8.3786476e-01,2.00001e-01,2.84000e+00,
-8.3757180e-01,2.00001e-01,2.88000e+00,
-8.3727884e-01,2.00001e-01,2.84000e+00,
-8.3698589e-01,2.00001e-01,2.88000e+00,
-8.3669293e-01,-0.00000e+00,2.88000e+00,
-8.3639997e-01,2.00001e-01,2.84000e+00,
-8.3610702e-01,2.00001e-01,2.88000e+00,
-8.3581406e-01,2.00001e-01,2.84000e+00,
-8.3552110e-01,-0.00000e+00,2.84000e+00,
-8.3522815e-01,-0.00000e+00,2.88000e+00,
-8.3493519e-01,-0.00000e+00,2.88000e+00,
-8.3464223e-01,2.00001e-01,2.88000e+00,
-8.3434927e-01,-0.00000e+00,2.84000e+00,
-8.3405632e-01,-0.00000e+00,2.88000e+00,
-8.3376336e-01,-0.00000e+00,2.88000e+00,
-8.3347040e-01,-0.00000e+00,2.88000e+00,
-8.3317745e-01,-0.00000e+00,2.88000e+00,
-8.3288449e-01,-0.00000e+00,2.88000e+00,
-8.3259153e-01,-0.00000e+00,2.88000e+00,
-8.3229858e-01,-0.00000e+00,2.88000e+00,
-8.3200562e-01,-0.00000e+00,2.88000e+00,
-8.3171266e-01,-0.00000e+00,2.84000e+00,
-8.3141971e-01,-0.00000e+00,2.88000e+00,
-8.3112675e-01,-0.00000e+00,2.88000e+00,
-8.3083379e-01,-0.00000e+00,2.88000e+00,
-8.3054084e-01,-0.00000e+00,2.88000e+00,
-8.3024788e-01,-0.00000e+00,2.88000e+00,
-8.2995492e-01,-0.00000e+00,2.88000e+00,
-8.2966197e-01,-0.00000e+00,2.88000e+00,
-8.2936901e-01,-0.00000e+00,2.88000e+00,
-8.2907605e-01,-0.00000e+00,2.88000e+00,
-8.2878309e-01,-0.00000e+00,2.88000e+00,
-8.2849014e-01,2.00001e-01,2.88000e+00,
-8.2819718e-01,2.00001e-01,2.88000e+00,
-8.2790422e-01,-0.00000e+00,2.88000e+00,
-8.2761127e-01,-0.00000e+00,2.88000e+00,
-8.2731831e-01,-0.00000e+00,2.88000e+00,
-8.2702535e-01,-0.00000e+00,2.88000e+00,
-8.2673240e-01,2.00001e-01,2.88000e+00,
-8.2643944e-01,-0.00000e+00,2.88000e+00,
-8.2614648e-01,-0.00000e+00,2.88000e+00,
-8.2585353e-01,-0.00000e+00,2.88000e+00,
-8.2556057e-01,-0.00000e+00,2.92000e+00,
-8.2526761e-01,-0.00000e+00,2.92000e+00,
-8.2497466e-01,-0.00000e+00,2.92000e+00,
-8.2468170e-01,-0.00000e+00,2.92000e+00,
-8.2438874e-01,-0.00000e+00,2.92000e+00,
-8.2409579e-01,-0.00000e+00,2.88000e+00,
-8.2380283e-01,-0.00000e+00,2.88000e+00,
-8.2350987e-01,-0.00000e+00,2.88000e+00,
-8.2321692e-01,-0.00000e+00,2.88000e+00,
-8.2292396e-01,-0.00000e+00,2.88000e+00,
-8.2263100e-01,-0.00000e+00,2.88000e+00,
-8.2233804e-01,2.00001e-01,2.96000e+00,
-8.2204509e-01,2.00001e-01,2.92000e+00,
-8.2175213e-01,-0.00000e+00,2.92000e+00,
-8.2145917e-01,2.00001e-01,2.96000e+00,
-8.2116622e-01,2.00001e-01,2.88000e+00,
-8.2087326e-01,-0.00000e+00,2.88000e+00,
-8.2058030e-01,-0.00000e+00,2.96000e+00,
-8.2028735e-01,2.00001e-01,2.96000e+00,
-8.1999439e-01,2.00001e-01,2.92000e+00,
-8.1970143e-01,2.00001e-01,2.96000e+00,
-8.1940848e-01,-0.00000e+00,2.92000e+00,
-8.1911552e-01,2.00001e-01,2.96000e+00,
-8.1882256e-01,-0.00000e+00,2.96000e+00,
-8.1852961e-01,-0.00000e+00,2.96000e+00,
-8.1823665e-01,-0.00000e+00,2.92000e+00,
-8.1794369e-01,-0.00000e+00,2.96000e+00,
-8.1765074e-01,-0.00000e+00,2.96000e+00,
-8.1735778e-01,-0.00000e+00,2.96000e+00,
-8.1706482e-01,-0.00000e+00,2.96000e+00,
-8.1677186e-01,-0.00000e+00,2.96000e+00,
-8.1647891e-01,-0.00000e+00,2.92000e+00,
-8.1618595e-01,-0.00000e+00,2.96000e+00,
-8.1589299e-01,-0.00000e+00,2.96000e+00,
-8.1560004e-01,-0.00000e+00,2.96000e+00,
-8.1530708e-01,-0.00000e+00,2.96000e+00,
-8.1501412e-01,-0.00000e+00,2.96000e+00,
-8.1472117e-01,-0.00000e+00,2.96000e+00,
-8.1442821e-01,-0.00000e+00,2.96000e+00,
-8.1413525e-01,-0.00000e+00,2.96000e+00,
-8.1384230e-01,-0.00000e+00,2.96000e+00,
-8.1354934e-01,-0.00000e+00,3.00000e+00,
-8.1325638e-01,-0.00000e+00,2.96000e+00,
-8.1296343e-01,-0.00000e+00,3.00000e+00,
-8.1267047e-01,-0.00000e+00,2.96000e+00,
-8.1237751e-01,-0.00000e+00,2.96000e+00,
-8.1208456e-01,-0.00000e+00,2.96000e+00,
-8.1179160e-01,-0.00000e+00,2.96000e+00,
-8.1149864e-01,-0.00000e+00,3.00000e+00,
-8.1120569e-01,-0.00000e+00,3.00000e+00,
-8.1091273e-01,-0.00000e+00,3.00000e+00,
-8.1061977e-01,2.00001e-01,2.96000e+00,
-8.1032681e-01,-0.00000e+00,3.00000e+00,
-8.1003386e-01,-0.00000e+00,3.00000e+00,
-8.0974090e-01,-0.00000e+00,2.92000e+00,
-8.0944794e-01,-0.00000e+00,3.00000e+00,
-8.0915499e-01,-0.00000e+00,2.96000e+00,
-8.0886203e-01,-0.00000e+00,3.00000e+00,
-8.0856907e-01,-0.00000e+00,3.00000e+00,
-8.0827612e-01,-0.00000e+00,3.00000e+00,
-8.0798316e-01,-0.00000e+00,3.04000e+00,
-8.0769020e-01,-0.00000e+00,3.00000e+00,
-8.0739725e-01,2.00001e-01,3.00000e+00,
-8.0710429e-01,-0.00000e+00,3.00000e+00,
-8.0681133e-01,-0.00000e+00,3.00000e+00,
-8.0651838e-01,-0.00000e+00,3.00000e+00,
-8.0622542e-01,2.00001e-01,3.00000e+00,
-8.0593246e-01,-0.00000e+00,3.04000e+00,
-8.0563951e-01,-0.00000e+00,3.00000e+00,
-8.0534655e-01,-0.00000e+00,3.04000e+00,
-8.0505359e-01,-0.00000e+00,3.00000e+00,
-8.0476063e-01,-0.00000e+00,3.04000e+00,
-8.0446768e-01,-0.00000e+00,3.04000e+00,
-8.0417472e-01,-0.00000e+00,3.04000e+00,
-8.0388176e-01,-0.00000e+00,3.04000e+00,
-8.0358881e-01,-0.00000e+00,3.04000e+00,
-8.0329585e-01,-0.00000e+00,3.00000e+00,
-8.0300289e-01,-0.00000e+00,3.04000e+00,
-8.0270994e-01,-0.00000e+00,3.04000e+00,
-8.0241698e-01,-0.00000e+00,3.04000e+00,
-8.0212402e-01,2.00001e-01,3.04000e+00,
-8.0183107e-01,2.00001e-01,3.04000e+00,
-8.0153811e-01,-0.00000e+00,3.04000e+00,
-8.0124515e-01,-0.00000e+00,3.04000e+00,
-8.0095220e-01,-0.00000e+00,3.04000e+00,
-8.0065924e-01,-0.00000e+00,3.04000e+00,
-8.0036628e-01,-0.00000e+00,3.04000e+00,
-8.0007333e-01,2.00001e-01,3.04000e+00,
-7.9978037e-01,-0.00000e+00,3.04000e+00,
-7.9948741e-01,-0.00000e+00,3.04000e+00,
-7.9919446e-01,-0.00000e+00,3.08000e+00,
-7.9890150e-01,2.00001e-01,3.04000e+00,
-7.9860854e-01,-0.00000e+00,3.04000e+00,
-7.9831558e-01,2.00001e-01,3.04000e+00,
-7.9802263e-01,2.00001e-01,3.04000e+00,
-7.9772967e-01,-0.00000e+00,3.04000e+00,
-7.9743671e-01,-0.00000e+00,3.04000e+00,
-7.9714376e-01,-0.00000e+00,3.04000e+00,
-7.9685080e-01,-0.00000e+00,3.04000e+00,
-7.9655784e-01,-0.00000e+00,3.04000e+00,
-7.9626489e-01,-0.00000e+00,3.04000e+00,
-7.9597193e-01,-0.00000e+00,3.04000e+00,
-7.9567897e-01,-0.00000e+00,3.04000e+00,
-7.9538602e-01,-0.00000e+00,3.04000e+00,
-7.9509306e-01,-0.00000e+00,3.04000e+00,
-7.9480010e-01,2.00001e-01,3.04000e+00,
-7.9450715e-01,-0.00000e+00,3.04000e+00,
-7.9421419e-01,-0.00000e+00,3.04000e+00,
-7.9392123e-01,2.00001e-01,3.04000e+00,
-7.9362828e-01,-0.00000e+00,3.08000e+00,
-7.9333532e-01,-0.00000e+00,3.04000e+00,
-7.9304236e-01,-0.00000e+00,3.08000e+00,
-7.9274940e-01,-0.00000e+00,3.04000e+00,
-7.9245645e-01,2.00001e-01,3.08000e+00,
-7.9216349e-01,2.00001e-01,3.08000e+00,
-7.9187053e-01,-0.00000e+00,3.04000e+00,
-7.9157758e-01,-0.00000e+00,3.04000e+00,
-7.9128462e-01,2.00001e-01,3.04000e+00,
-7.9099166e-01,-0.00000e+00,3.08000e+00,
-7.9069871e-01,2.00001e-01,3.08000e+00,
-7.9040575e-01,-0.00000e+00,3.08000e+00,
-7.9011279e-01,2.00001e-01,3.04000e+00,
-7.8981984e-01,-0.00000e+00,3.08000e+00,
-7.8952688e-01,-0.00000e+00,3.08000e+00,
-7.8923392e-01,-0.00000e+00,3.08000e+00,
-7.8894097e-01,-0.00000e+00,3.08000e+00,
-7.8864801e-01,2.00001e-01,3.12000e+00,
-7.8835505e-01,-0.00000e+00,3.08000e+00,
-7.8806210e-01,-0.00000e+00,3.08000e+00,
-7.8776914e-01,-0.00000e+00,3.08000e+00,
-7.8747618e-01,-0.00000e+00,3.12000e+00,
-7.8718323e-01,2.00001e-01,3.12000e+00,
-7.8689027e-01,-0.00000e+00,3.04000e+00,
-7.8659731e-01,-0.00000e+00,3.08000e+00,
-7.8630435e-01,-0.00000e+00,3.08000e+00,
-7.8601140e-01,-0.00000e+00,3.12000e+00,
-7.8571844e-01,-0.00000e+00,3.08000e+00,
-7.8542548e-01,-0.00000e+00,3.08000e+00,
-7.8513253e-01,-0.00000e+00,3.08000e+00,
-7.8483957e-01,-0.00000e+00,3.12000e+00,
-7.8454661e-01,-0.00000e+00,3.12000e+00,
-7.8425366e-01,-0.00000e+00,3.12000e+00,
-7.8396070e-01,-0.00000e+00,3.12000e+00,
-7.8366774e-01,-0.00000e+00,3.12000e+00,
-7.8337479e-01,-0.00000e+00,3.12000e+00,
-7.8308183e-01,-0.00000e+00,3.16000e+00,
-7.8278887e-01,-0.00000e+00,3.08000e+00,
-7.8249592e-01,-0.00000e+00,3.12000e+00,
-7.8220296e-01,-0.00000e+00,3.20000e+00,
-7.8191000e-01,-0.00000e+00,3.12000e+00,
-7.8161705e-01,-0.00000e+00,3.16000e+00,
-7.8132409e-01,-0.00000e+00,3.12000e+00,
-7.8103113e-01,-0.00000e+00,3.12000e+00,
-7.8073817e-01,-0.00000e+00,3.12000e+00,
-7.8044522e-01,2.00001e-01,3.16000e+00,
-7.8015226e-01,-0.00000e+00,3.12000e+00,
-7.7985930e-01,-0.00000e+00,3.16000e+00,
-7.7956635e-01,-0.00000e+00,3.04000e+00,
-7.7927339e-01,-0.00000e+00,3.12000e+00,
-7.7898043e-01,-0.00000e+00,3.16000e+00,
-7.7868748e-01,-0.00000e+00,3.08000e+00,
-7.7839452e-01,-0.00000e+00,3.12000e+00,
-7.7810156e-01,-0.00000e+00,3.16000e+00,
-7.7780861e-01,-0.00000e+00,3.12000e+00,
-7.7751565e-01,-0.00000e+00,3.16000e+00,
-7.7722269e-01,-0.00000e+00,3.16000e+00,
-7.7692974e-01,-0.00000e+00,3.16000e+00,
-7.7663678e-01,-0.00000e+00,3.12000e+00,
-7.7634382e-01,-0.00000e+00,3.16000e+00,
-7.7605087e-01,-0.00000e+00,3.16000e+00,
-7.7575791e-01,-0.00000e+00,3.16000e+00,
-7.7546495e-01,-0.00000e+00,3.16000e+00,
-7.7517200e-01,-0.00000e+00,3.16000e+00,
-7.7487904e-01,-0.00000e+00,3.16000e+00,
-7.7458608e-01,-0.00000e+00,3.12000e+00,
-7.7429312e-01,-0.00000e+00,3.16000e+00,
-7.7400017e-01,2.00001e-01,3.16000e+00,
-7.7370721e-01,-0.00000e+00,3.20000e+00,
-7.7341425e-01,-0.00000e+00,3.16000e+00,
-7.7312130e-01,-0.00000e+00,3.20000e+00,
-7.7282834e-01,2.00001e-01,3.20000e+00,
-7.7253538e-01,-0.00000e+00,3.20000e+00,
-7.7224243e-01,-0.00000e+00,3.20000e+00,
-7.7194947e-01,-0.00000e+00,3.20000e+00,
-7.7165651e-01,-0.00000e+00,3.20000e+00,
-7.7136356e-01,-0.00000e+00,3.20000e+00,
-7.7107060e-01,-0.00000e+00,3.20000e+00,
-7.7077764e-01,-0.00000e+00,3.28000e+00,
-7.7048469e-01,2.00001e-01,3.20000e+00,
-7.7019173e-01,2.00001e-01,3.16000e+00,
-7.6989877e-01,-0.00000e+00,3.20000e+00,
-7.6960582e-01,-0.00000e+00,3.20000e+00,
-7.6931286e-01,-0.00000e+00,3.20000e+00,
-7.6901990e-01,2.00001e-01,3.20000e+00,
-7.6872694e-01,-0.00000e+00,3.20000e+00,
-7.6843399e-01,2.00001e-01,3.20000e+00,
-7.6814103e-01,-0.00000e+00,3.20000e+00,
-7.6784807e-01,-0.00000e+00,3.20000e+00,
-7.6755512e-01,-0.00000e+00,3.20000e+00,
-7.6726216e-01,2.00001e-01,3.20000e+00,
-7.6696920e-01,-0.00000e+00,3.20000e+00,
-7.6667625e-01,-0.00000e+00,3.20000e+00,
-7.6638329e-01,-0.00000e+00,3.20000e+00,
-7.6609033e-01,-0.00000e+00,3.20000e+00,
-7.6579738e-01,-0.00000e+00,3.20000e+00,
-7.6550442e-01,-0.00000e+00,3.20000e+00,
-7.6521146e-01,-0.00000e+00,3.20000e+00,
-7.6491851e-01,-0.00000e+00,3.20000e+00,
-7.6462555e-01,-0.00000e+00,3.20000e+00,
-7.6433259e-01,-0.00000e+00,3.20000e+00,
-7.6403964e-01,-0.00000e+00,3.20000e+00,
-7.6374668e-01,-0.00000e+00,3.20000e+00,
-7.6345372e-01,-0.00000e+00,3.20000e+00,
-7.6316077e-01,-0.00000e+00,3.20000e+00,
-7.6286781e-01,-0.00000e+00,3.20000e+00,
-7.6257485e-01,-0.00000e+00,3.20000e+00,
-7.6228189e-01,-0.00000e+00,3.20000e+00,
-7.6198894e-01,-0.00000e+00,3.20000e+00,
-7.6169598e-01,-0.00000e+00,3.20000e+00,
-7.6140302e-01,-0.00000e+00,3.20000e+00,
-7.6111007e-01,-0.00000e+00,3.20000e+00,
-7.6081711e-01,2.00001e-01,3.20000e+00,
-7.6052415e-01,-0.00000e+00,3.20000e+00,
-7.6023120e-01,-0.00000e+00,3.20000e+00,
-7.5993824e-01,-0.00000e+00,3.20000e+00,
-7.5964528e-01,-0.00000e+00,3.20000e+00,
-7.5935233e-01,2.00001e-01,3.20000e+00,
-7.5905937e-01,-0.00000e+00,3.24000e+00,
-7.5876641e-01,2.00001e-01,3.24000e+00,
-7.5847346e-01,2.00001e-01,3.28000e+00,
-7.5818050e-01,2.00001e-01,3.24000e+00,
-7.5788754e-01,-0.00000e+00,3.20000e+00,
-7.5759459e-01,-0.00000e+00,3.24000e+00,
-7.5730163e-01,-0.00000e+00,3.28000e+00,
-7.5700867e-01,-0.00000e+00,3.20000e+00,
-7.5671571e-01,-0.00000e+00,3.28000e+00,
-7.5642276e-01,-0.00000e+00,3.28000e+00,
-7.5612980e-01,-0.00000e+00,3.24000e+00,
-7.5583684e-01,-0.00000e+00,3.28000e+00,
-7.5554389e-01,-0.00000e+00,3.28000e+00,
-7.5525093e-01,-0.00000e+00,3.28000e+00,
-7.5495797e-01,-0.00000e+00,3.28000e+00,
-7.5466502e-01,-0.00000e+00,3.28000e+00,
-7.5437206e-01,-0.00000e+00,3.24000e+00,
-7.5407910e-01,-0.00000e+00,3.28000e+00,
-7.5378615e-01,-0.00000e+00,3.24000e+00,
-7.5349319e-01,2.00001e-01,3.28000e+00,
-7.5320023e-01,-0.00000e+00,3.28000e+00,
-7.5290728e-01,-0.00000e+00,3.28000e+00,
-7.5261432e-01,-0.00000e+00,3.28000e+00,
-7.5232136e-01,2.00001e-01,3.28000e+00,
-7.5202841e-01,-0.00000e+00,3.28000e+00,
-7.5173545e-01,2.00001e-01,3.28000e+00,
-7.5144249e-01,-0.00000e+00,3.28000e+00,
-7.5114954e-01,2.00001e-01,3.28000e+00,
-7.5085658e-01,-0.00000e+00,3.32000e+00,
-7.5056362e-01,2.00001e-01,3.28000e+00,
-7.5027066e-01,-0.00000e+00,3.28000e+00,
-7.4997771e-01,-0.00000e+00,3.28000e+00,
-7.4968475e-01,-0.00000e+00,3.28000e+00,
-7.4939179e-01,-0.00000e+00,3.28000e+00,
-7.4909884e-01,-0.00000e+00,3.32000e+00,
-7.4880588e-01,-0.00000e+00,3.32000e+00,
-7.4851292e-01,-0.00000e+00,3.28000e+00,
-7.4821997e-01,2.00001e-01,3.28000e+00,
-7.4792701e-01,-0.00000e+00,3.32000e+00,
-7.4763405e-01,-0.00000e+00,3.28000e+00,
-7.4734110e-01,-0.00000e+00,3.32000e+00,
-7.4704814e-01,-0.00000e+00,3.32000e+00,
-7.4675518e-01,-0.00000e+00,3.32000e+00,
-7.4646223e-01,-0.00000e+00,3.32000e+00,
-7.4616927e-01,2.00001e-01,3.36000e+00,
-7.4587631e-01,2.00001e-01,3.32000e+00,
-7.4558336e-01,-0.00000e+00,3.32000e+00,
-7.4529040e-01,2.00001e-01,3.32000e+00,
-7.4499744e-01,-0.00000e+00,3.32000e+00,
-7.4470448e-01,-0.00000e+00,3.32000e+00,
-7.4441153e-01,2.00001e-01,3.32000e+00,
-7.4411857e-01,2.00001e-01,3.32000e+00,
-7.4382561e-01,-0.00000e+00,3.32000e+00,
-7.4353266e-01,2.00001e-01,3.32000e+00,
-7.4323970e-01,-0.00000e+00,3.36000e+00,
-7.4294674e-01,-0.00000e+00,3.28000e+00,
-7.4265379e-01,2.00001e-01,3.36000e+00,
-7.4236083e-01,-0.00000e+00,3.36000e+00,
-7.4206787e-01,-0.00000e+00,3.36000e+00,
-7.4177492e-01,-0.00000e+00,3.36000e+00,
-7.4148196e-01,-0.00000e+00,3.32000e+00,
-7.4118900e-01,-0.00000e+00,3.36000e+00,
-7.4089605e-01,-0.00000e+00,3.32000e+00,
-7.4060309e-01,-0.00000e+00,3.36000e+00,
-7.4031013e-01,-0.00000e+00,3.36000e+00,
-7.4001718e-01,-0.00000e+00,3.36000e+00,
-7.3972422e-01,-0.00000e+00,3.36000e+00,
-7.3943126e-01,-0.00000e+00,3.36000e+00,
-7.3913831e-01,-0.00000e+00,3.36000e+00,
-7.3884535e-01,-0.00000e+00,3.36000e+00,
-7.3855239e-01,-0.00000e+00,3.36000e+00,
-7.3825943e-01,2.00001e-01,3.36000e+00,
-7.3796648e-01,2.00001e-01,3.36000e+00,
-7.3767352e-01,2.00001e-01,3.36000e+00,
-7.3738056e-01,-0.00000e+00,3.36000e+00,
-7.3708761e-01,-0.00000e+00,3.36000e+00,
-7.3679465e-01,-0.00000e+00,3.36000e+00,
-7.3650169e-01,-0.00000e+00,3.36000e+00,
-7.3620874e-01,-0.00000e+00,3.36000e+00,
-7.3591578e-01,-0.00000e+00,3.36000e+00,
-7.3562282e-01,-0.00000e+00,3.36000e+00,
-7.3532987e-01,-0.00000e+00,3.36000e+00,
-7.3503691e-01,-0.00000e+00,3.36000e+00,
-7.3474395e-01,2.00001e-01,3.36000e+00,
-7.3445100e-01,-0.00000e+00,3.36000e+00,
-7.3415804e-01,2.00001e-01,3.36000e+00,
-7.3386508e-01,-0.00000e+00,3.36000e+00,
-7.3357213e-01,2.00001e-01,3.36000e+00,
-7.3327917e-01,2.00001e-01,3.40000e+00,
-7.3298621e-01,2.00001e-01,3.36000e+00,
-7.3269325e-01,-0.00000e+00,3.36000e+00,
-7.3240030e-01,-0.00000e+00,3.36000e+00,
-7.3210734e-01,-0.00000e+00,3.36000e+00,
-7.3181438e-01,-0.00000e+00,3.36000e+00,
-7.3152143e-01,2.00001e-01,3.36000e+00,
-7.3122847e-01,-0.00000e+00,3.36000e+00,
-7.3093551e-01,-0.00000e+00,3.40000e+00,
-7.3064256e-01,-0.00000e+00,3.36000e+00,
-7.3034960e-01,2.00001e-01,3.36000e+00,
-7.3005664e-01,-0.00000e+00,3.44000e+00,
-7.2976369e-01,-0.00000e+00,3.40000e+00,
-7.2947073e-01,-0.00000e+00,3.40000e+00,
-7.2917777e-01,-0.00000e+00,3.48000e+00,
-7.2888482e-01,2.00001e-01,3.44000e+00,
-7.2859186e-01,-0.00000e+00,3.40000e+00,
-7.2829890e-01,-0.00000e+00,3.40000e+00,
-7.2800595e-01,-0.00000e+00,3.40000e+00,
-7.2771299e-01,-0.00000e+00,3.40000e+00,
-7.2742003e-01,-0.00000e+00,3.36000e+00,
-7.2712708e-01,-0.00000e+00,3.40000e+00,
-7.2683412e-01,-0.00000e+00,3.40000e+00,
-7.2654116e-01,-0.00000e+00,3.40000e+00,
-7.2624820e-01,-0.00000e+00,3.44000e+00,
-7.2595525e-01,-0.00000e+00,3.44000e+00,
-7.2566229e-01,2.00001e-01,3.44000e+00,
-7.2536933e-01,-0.00000e+00,3.44000e+00,
-7.2507638e-01,-0.00000e+00,3.40000e+00,
-7.2478342e-01,-0.00000e+00,3.44000e+00,
-7.2449046e-01,-0.00000e+00,3.40000e+00,
-7.2419751e-01,-0.00000e+00,3.40000e+00,
-7.2390455e-01,-0.00000e+00,3.44000e+00,
-7.2361159e-01,-0.00000e+00,3.44000e+00,
-7.2331864e-01,-0.00000e+00,3.44000e+00,
-7.2302568e-01,-0.00000e+00,3.44000e+00,
-7.2273272e-01,-0.00000e+00,3.40000e+00,
-7.2243977e-01,-0.00000e+00,3.44000e+00,
-7.2214681e-01,-0.00000e+00,3.44000e+00,
-7.2185385e-01,-0.00000e+00,3.44000e+00,
-7.2156090e-01,-0.00000e+00,3.44000e+00,
-7.2126794e-01,-0.00000e+00,3.48000e+00,
-7.2097498e-01,-0.00000e+00,3.44000e+00,
-7.2068202e-01,-0.00000e+00,3.44000e+00,
-7.2038907e-01,-0.00000e+00,3.48000e+00,
-7.2009611e-01,-0.00000e+00,3.48000e+00,
-7.1980315e-01,-0.00000e+00,3.44000e+00,
-7.1951020e-01,-0.00000e+00,3.48000e+00,
-7.1921724e-01,-0.00000e+00,3.48000e+00,
-7.1892428e-01,-0.00000e+00,3.48000e+00,
-7.1863133e-01,-0.00000e+00,3.36000e+00,
-7.1833837e-01,2.00001e-01,3.48000e+00,
-7.1804541e-01,-0.00000e+00,3.48000e+00,
-7.1775246e-01,-0.00000e+00,3.48000e+00,
-7.1745950e-01,-0.00000e+00,3.48000e+00,
-7.1716654e-01,2.00001e-01,3.52000e+00,
-7.1687359e-01,2.00001e-01,3.48000e+00,
-7.1658063e-01,-0.00000e+00,3.48000e+00,
-7.1628767e-01,-0.00000e+00,3.48000e+00,
-7.1599472e-01,-0.00000e+00,3.48000e+00,
-7.1570176e-01,-0.00000e+00,3.48000e+00,
-7.1540880e-01,-0.00000e+00,3.48000e+00,
-7.1511585e-01,-0.00000e+00,3.48000e+00,
-7.1482289e-01,-0.00000e+00,3.44000e+00,
-7.1452993e-01,-0.00000e+00,3.52000e+00,
-7.1423697e-01,-0.00000e+00,3.48000e+00,
-7.1394402e-01,-0.00000e+00,3.52000e+00,
-7.1365106e-01,2.00001e-01,3.52000e+00,
-7.1335810e-01,2.00001e-01,3.52000e+00,
-7.1306515e-01,-0.00000e+00,3.48000e+00,
-7.1277219e-01,-0.00000e+00,3.52000e+00,
-7.1247923e-01,-0.00000e+00,3.48000e+00,
-7.1218628e-01,2.00001e-01,3.52000e+00,
-7.1189332e-01,2.00001e-01,3.52000e+00,
-7.1160036e-01,-0.00000e+00,3.48000e+00,
-7.1130741e-01,-0.00000e+00,3.48000e+00,
-7.1101445e-01,2.00001e-01,3.52000e+00,
-7.1072149e-01,-0.00000e+00,3.52000e+00,
-7.1042854e-01,-0.00000e+00,3.52000e+00,
-7.1013558e-01,-0.00000e+00,3.52000e+00,
-7.0984262e-01,-0.00000e+00,3.52000e+00,
-7.0954967e-01,2.00001e-01,3.52000e+00,
-7.0925671e-01,-0.00000e+00,3.52000e+00,
-7.0896375e-01,2.00001e-01,3.52000e+00,
-7.0867079e-01,-0.00000e+00,3.52000e+00,
-7.0837784e-01,-0.00000e+00,3.52000e+00,
-7.0808488e-01,-0.00000e+00,3.52000e+00,
-7.0779192e-01,5.00000e+00,3.48000e+00,
-7.0749897e-01,2.00001e-01,3.52000e+00,
-7.0720601e-01,-0.00000e+00,3.52000e+00,
-7.0691305e-01,-0.00000e+00,3.52000e+00,
-7.0662010e-01,-0.00000e+00,3.52000e+00,
-7.0632714e-01,-0.00000e+00,3.52000e+00,
-7.0603418e-01,-0.00000e+00,3.52000e+00,
-7.0574123e-01,2.00001e-01,3.52000e+00,
-7.0544827e-01,-0.00000e+00,3.52000e+00,
-7.0515531e-01,-0.00000e+00,3.52000e+00,
-7.0486236e-01,-0.00000e+00,3.52000e+00,
-7.0456940e-01,-0.00000e+00,3.52000e+00,
-7.0427644e-01,-0.00000e+00,3.52000e+00,
-7.0398349e-01,-0.00000e+00,3.52000e+00,
-7.0369053e-01,-0.00000e+00,3.52000e+00,
-7.0339757e-01,-0.00000e+00,3.52000e+00,
-7.0310462e-01,-0.00000e+00,3.52000e+00,
-7.0281166e-01,-0.00000e+00,3.52000e+00,
-7.0251870e-01,-0.00000e+00,3.56000e+00,
-7.0222574e-01,2.00001e-01,3.52000e+00,
-7.0193279e-01,-0.00000e+00,3.52000e+00,
-7.0163983e-01,2.00001e-01,3.60000e+00,
-7.0134687e-01,2.00001e-01,3.56000e+00,
-7.0105392e-01,2.00001e-01,3.52000e+00,
-7.0076096e-01,2.00001e-01,3.60000e+00,
-7.0046800e-01,-0.00000e+00,3.60000e+00,
-7.0017505e-01,2.00001e-01,3.60000e+00,
-6.9988209e-01,-0.00000e+00,3.56000e+00,
-6.9958913e-01,-0.00000e+00,3.52000e+00,
-6.9929618e-01,2.00001e-01,3.60000e+00,
-6.9900322e-01,-0.00000e+00,3.52000e+00,
-6.9871026e-01,-0.00000e+00,3.60000e+00,
-6.9841731e-01,-0.00000e+00,3.60000e+00,
-6.9812435e-01,-0.00000e+00,3.52000e+00,
-6.9783139e-01,-0.00000e+00,3.60000e+00,
-6.9753844e-01,-0.00000e+00,3.60000e+00,
-6.9724548e-01,-0.00000e+00,3.60000e+00,
-6.9695252e-01,2.00001e-01,3.60000e+00,
-6.9665956e-01,-0.00000e+00,3.60000e+00,
-6.9636661e-01,-0.00000e+00,3.60000e+00,
-6.9607365e-01,-0.00000e+00,3.60000e+00,
-6.9578069e-01,-0.00000e+00,3.60000e+00,
-6.9548774e-01,-0.00000e+00,3.60000e+00,
-6.9519478e-01,-0.00000e+00,3.60000e+00,
-6.9490182e-01,-0.00000e+00,3.56000e+00,
-6.9460887e-01,-0.00000e+00,3.60000e+00,
-6.9431591e-01,-0.00000e+00,3.60000e+00,
-6.9402295e-01,-0.00000e+00,3.60000e+00,
-6.9373000e-01,2.00001e-01,3.60000e+00,
-6.9343704e-01,-0.00000e+00,3.60000e+00,
-6.9314408e-01,-0.00000e+00,3.64000e+00,
-6.9285113e-01,-0.00000e+00,3.56000e+00,
-6.9255817e-01,-0.00000e+00,3.60000e+00,
-6.9226521e-01,-0.00000e+00,3.60000e+00,
-6.9197226e-01,-0.00000e+00,3.64000e+00,
-6.9167930e-01,-0.00000e+00,3.64000e+00,
-6.9138634e-01,-0.00000e+00,3.64000e+00,
-6.9109339e-01,-0.00000e+00,3.60000e+00,
-6.9080043e-01,-0.00000e+00,3.68000e+00,
-6.9050747e-01,-0.00000e+00,3.64000e+00,
-6.9021451e-01,-0.00000e+00,3.64000e+00,
-6.8992156e-01,-0.00000e+00,3.64000e+00,
-6.8962860e-01,-0.00000e+00,3.64000e+00,
-6.8933564e-01,-0.00000e+00,3.64000e+00,
-6.8904269e-01,-0.00000e+00,3.64000e+00,
-6.8874973e-01,-0.00000e+00,3.64000e+00,
-6.8845677e-01,-0.00000e+00,3.64000e+00,
-6.8816382e-01,2.00001e-01,3.64000e+00,
-6.8787086e-01,2.00001e-01,3.64000e+00,
-6.8757790e-01,-0.00000e+00,3.64000e+00,
-6.8728495e-01,-0.00000e+00,3.68000e+00,
-6.8699199e-01,-0.00000e+00,3.64000e+00,
-6.8669903e-01,-0.00000e+00,3.68000e+00,
-6.8640608e-01,-0.00000e+00,3.68000e+00,
-6.8611312e-01,-0.00000e+00,3.60000e+00,
-6.8582016e-01,2.00001e-01,3.64000e+00,
-6.8552721e-01,2.00001e-01,3.68000e+00,
-6.8523425e-01,-0.00000e+00,3.64000e+00,
-6.8494129e-01,-0.00000e+00,3.64000e+00,
-6.8464833e-01,-0.00000e+00,3.68000e+00,
-6.8435538e-01,-0.00000e+00,3.68000e+00,
-6.8406242e-01,-0.00000e+00,3.68000e+00,
-6.8376946e-01,-0.00000e+00,3.68000e+00,
-6.8347651e-01,2.00001e-01,3.68000e+00,
-6.8318355e-01,5.00000e+00,3.68000e+00,
-6.8289059e-01,-0.00000e+00,3.68000e+00,
-6.8259764e-01,-0.00000e+00,3.68000e+00,
-6.8230468e-01,-0.00000e+00,3.68000e+00,
-6.8201172e-01,2.00001e-01,3.68000e+00,
-6.8171877e-01,-0.00000e+00,3.68000e+00,
-6.8142581e-01,-0.00000e+00,3.68000e+00,
-6.8113285e-01,-0.00000e+00,3.68000e+00,
-6.8083990e-01,2.00001e-01,3.68000e+00,
-6.8054694e-01,2.00001e-01,3.68000e+00,
-6.8025398e-01,-0.00000e+00,3.68000e+00,
-6.7996103e-01,-0.00000e+00,3.68000e+00,
-6.7966807e-01,2.00001e-01,3.68000e+00,
-6.7937511e-01,-0.00000e+00,3.68000e+00,
-6.7908216e-01,2.00001e-01,3.68000e+00,
-6.7878920e-01,-0.00000e+00,3.68000e+00,
-6.7849624e-01,-0.00000e+00,3.68000e+00,
-6.7820328e-01,-0.00000e+00,3.68000e+00,
-6.7791033e-01,-0.00000e+00,3.68000e+00,
-6.7761737e-01,-0.00000e+00,3.68000e+00,
-6.7732441e-01,-0.00000e+00,3.68000e+00,
-6.7703146e-01,2.00001e-01,3.68000e+00,
-6.7673850e-01,-0.00000e+00,3.68000e+00,
-6.7644554e-01,-0.00000e+00,3.68000e+00,
-6.7615259e-01,-0.00000e+00,3.68000e+00,
-6.7585963e-01,2.00001e-01,3.68000e+00,
-6.7556667e-01,2.00001e-01,3.72000e+00,
-6.7527372e-01,2.00001e-01,3.76000e+00,
-6.7498076e-01,-0.00000e+00,3.76000e+00,
-6.7468780e-01,2.00001e-01,3.72000e+00,
-6.7439485e-01,-0.00000e+00,3.68000e+00,
-6.7410189e-01,-0.00000e+00,3.68000e+00,
-6.7380893e-01,2.00001e-01,3.68000e+00,
-6.7351598e-01,2.00001e-01,3.68000e+00,
-6.7322302e-01,-0.00000e+00,3.72000e+00,
-6.7293006e-01,-0.00000e+00,3.68000e+00,
-6.7263710e-01,-0.00000e+00,3.72000e+00,
-6.7234415e-01,-0.00000e+00,3.76000e+00,
-6.7205119e-01,-0.00000e+00,3.72000e+00,
-6.7175823e-01,-0.00000e+00,3.76000e+00,
-6.7146528e-01,-0.00000e+00,3.76000e+00,
-6.7117232e-01,-0.00000e+00,3.76000e+00,
-6.7087936e-01,-0.00000e+00,3.76000e+00,
-6.7058641e-01,-0.00000e+00,3.72000e+00,
-6.7029345e-01,2.00001e-01,3.72000e+00,
-6.7000049e-01,2.00001e-01,3.76000e+00,
-6.6970754e-01,-0.00000e+00,3.76000e+00,
-6.6941458e-01,-0.00000e+00,3.72000e+00,
-6.6912162e-01,-0.00000e+00,3.76000e+00,
-6.6882867e-01,-0.00000e+00,3.76000e+00,
-6.6853571e-01,-0.00000e+00,3.76000e+00,
-6.6824275e-01,-0.00000e+00,3.76000e+00,
-6.6794980e-01,-0.00000e+00,3.76000e+00,
-6.6765684e-01,-0.00000e+00,3.76000e+00,
-6.6736388e-01,2.00001e-01,3.76000e+00,
-6.6707093e-01,-0.00000e+00,3.76000e+00,
-6.6677797e-01,-0.00000e+00,3.76000e+00,
-6.6648501e-01,-0.00000e+00,3.76000e+00,
-6.6619205e-01,-0.00000e+00,3.76000e+00,
-6.6589910e-01,-0.00000e+00,3.76000e+00,
-6.6560614e-01,-0.00000e+00,3.76000e+00,
-6.6531318e-01,-0.00000e+00,3.76000e+00,
-6.6502023e-01,-0.00000e+00,3.80000e+00,
-6.6472727e-01,-0.00000e+00,3.80000e+00,
-6.6443431e-01,-0.00000e+00,3.76000e+00,
-6.6414136e-01,-0.00000e+00,3.76000e+00,
-6.6384840e-01,-0.00000e+00,3.76000e+00,
-6.6355544e-01,-0.00000e+00,3.76000e+00,
-6.6326249e-01,-0.00000e+00,3.80000e+00,
-6.6296953e-01,2.00001e-01,3.76000e+00,
-6.6267657e-01,-0.00000e+00,3.80000e+00,
-6.6238362e-01,-0.00000e+00,3.80000e+00,
-6.6209066e-01,-0.00000e+00,3.80000e+00,
-6.6179770e-01,-0.00000e+00,3.80000e+00,
-6.6150475e-01,-0.00000e+00,3.80000e+00,
-6.6121179e-01,-0.00000e+00,3.80000e+00,
-6.6091883e-01,-0.00000e+00,3.80000e+00,
-6.6062587e-01,-0.00000e+00,3.80000e+00,
-6.6033292e-01,-0.00000e+00,3.80000e+00,
-6.6003996e-01,-0.00000e+00,3.84000e+00,
-6.5974700e-01,-0.00000e+00,3.84000e+00,
-6.5945405e-01,-0.00000e+00,3.84000e+00,
-6.5916109e-01,-0.00000e+00,3.92000e+00,
-6.5886813e-01,-0.00000e+00,3.80000e+00,
-6.5857518e-01,-0.00000e+00,3.84000e+00,
-6.5828222e-01,-0.00000e+00,3.80000e+00,
-6.5798926e-01,-0.00000e+00,3.80000e+00,
-6.5769631e-01,-0.00000e+00,3.84000e+00,
-6.5740335e-01,-0.00000e+00,3.84000e+00,
-6.5711039e-01,-0.00000e+00,3.84000e+00,
-6.5681744e-01,2.00001e-01,3.80000e+00,
-6.5652448e-01,-0.00000e+00,3.80000e+00,
-6.5623152e-01,-0.00000e+00,3.84000e+00,
-6.5593857e-01,-0.00000e+00,3.84000e+00,
-6.5564561e-01,2.00001e-01,3.84000e+00,
-6.5535265e-01,2.00001e-01,3.84000e+00,
-6.5505970e-01,-0.00000e+00,3.84000e+00,
-6.5476674e-01,-0.00000e+00,3.84000e+00,
-6.5447378e-01,-0.00000e+00,3.84000e+00,
-6.5418082e-01,-0.00000e+00,3.80000e+00,
-6.5388787e-01,2.00001e-01,3.84000e+00,
-6.5359491e-01,2.00001e-01,3.84000e+00,
-6.5330195e-01,-0.00000e+00,3.84000e+00,
-6.5300900e-01,-0.00000e+00,3.84000e+00,
-6.5271604e-01,-0.00000e+00,3.84000e+00,
-6.5242308e-01,-0.00000e+00,3.84000e+00,
-6.5213013e-01,-0.00000e+00,3.84000e+00,
-6.5183717e-01,-0.00000e+00,3.84000e+00,
-6.5154421e-01,-0.00000e+00,3.84000e+00,
-6.5125126e-01,-0.00000e+00,3.84000e+00,
-6.5095830e-01,-0.00000e+00,3.84000e+00,
-6.5066534e-01,-0.00000e+00,3.84000e+00,
-6.5037239e-01,-0.00000e+00,3.84000e+00,
-6.5007943e-01,-0.00000e+00,3.84000e+00,
-6.4978647e-01,-0.00000e+00,3.84000e+00,
-6.4949352e-01,-0.00000e+00,3.84000e+00,
-6.4920056e-01,-0.00000e+00,3.84000e+00,
-6.4890760e-01,-0.00000e+00,3.84000e+00,
-6.4861465e-01,-0.00000e+00,3.84000e+00,
-6.4832169e-01,-0.00000e+00,3.84000e+00,
-6.4802873e-01,-0.00000e+00,3.84000e+00,
-6.4773577e-01,-0.00000e+00,3.84000e+00,
-6.4744282e-01,-0.00000e+00,3.84000e+00,
-6.4714986e-01,-0.00000e+00,3.84000e+00,
-6.4685690e-01,-0.00000e+00,3.84000e+00,
-6.4656395e-01,2.00001e-01,3.84000e+00,
-6.4627099e-01,-0.00000e+00,3.84000e+00,
-6.4597803e-01,2.00001e-01,3.84000e+00,
-6.4568508e-01,2.00001e-01,3.84000e+00,
-6.4539212e-01,2.00001e-01,3.88000e+00,
-6.4509916e-01,-0.00000e+00,3.84000e+00,
-6.4480621e-01,2.00001e-01,3.84000e+00,
-6.4451325e-01,-0.00000e+00,3.84000e+00,
-6.4422029e-01,-0.00000e+00,3.84000e+00,
-6.4392734e-01,-0.00000e+00,3.84000e+00,
-6.4363438e-01,-0.00000e+00,3.84000e+00,
-6.4334142e-01,2.00001e-01,3.80000e+00,
-6.4304847e-01,-0.00000e+00,3.84000e+00,
-6.4275551e-01,-0.00000e+00,3.84000e+00,
-6.4246255e-01,-0.00000e+00,3.84000e+00,
-6.4216959e-01,2.00001e-01,3.84000e+00,
-6.4187664e-01,-0.00000e+00,3.84000e+00,
-6.4158368e-01,-0.00000e+00,3.84000e+00,
-6.4129072e-01,-0.00000e+00,3.80000e+00,
-6.4099777e-01,-0.00000e+00,3.88000e+00,
-6.4070481e-01,-0.00000e+00,3.84000e+00,
-6.4041185e-01,-0.00000e+00,3.88000e+00,
-6.4011890e-01,-0.00000e+00,3.84000e+00,
-6.3982594e-01,-0.00000e+00,3.84000e+00,
-6.3953298e-01,-0.00000e+00,3.84000e+00,
-6.3924003e-01,-0.00000e+00,3.84000e+00,
-6.3894707e-01,-0.00000e+00,3.84000e+00,
-6.3865411e-01,-0.00000e+00,3.88000e+00,
-6.3836116e-01,2.00001e-01,3.84000e+00,
-6.3806820e-01,2.00001e-01,3.88000e+00,
-6.3777524e-01,-0.00000e+00,3.88000e+00,
-6.3748229e-01,-0.00000e+00,3.88000e+00,
-6.3718933e-01,-0.00000e+00,3.88000e+00,
-6.3689637e-01,-0.00000e+00,3.84000e+00,
-6.3660342e-01,-0.00000e+00,3.84000e+00,
-6.3631046e-01,-0.00000e+00,3.88000e+00,
-6.3601750e-01,-0.00000e+00,4.00000e+00,
-6.3572454e-01,-0.00000e+00,3.88000e+00,
-6.3543159e-01,2.00001e-01,3.88000e+00,
-6.3513863e-01,-0.00000e+00,3.88000e+00,
-6.3484567e-01,-0.00000e+00,3.88000e+00,
-6.3455272e-01,2.00001e-01,3.92000e+00,
-6.3425976e-01,-0.00000e+00,3.88000e+00,
-6.3396680e-01,-0.00000e+00,3.92000e+00,
-6.3367385e-01,-0.00000e+00,3.88000e+00,
-6.3338089e-01,-0.00000e+00,3.84000e+00,
-6.3308793e-01,-0.00000e+00,3.88000e+00,
-6.3279498e-01,-0.00000e+00,3.84000e+00,
-6.3250202e-01,-0.00000e+00,3.88000e+00,
-6.3220906e-01,-0.00000e+00,3.88000e+00,
-6.3191611e-01,-0.00000e+00,3.88000e+00,
-6.3162315e-01,2.00001e-01,3.92000e+00,
-6.3133019e-01,2.00001e-01,3.84000e+00,
-6.3103724e-01,2.00001e-01,3.84000e+00,
-6.3074428e-01,-0.00000e+00,3.88000e+00,
-6.3045132e-01,-0.00000e+00,3.88000e+00,
-6.3015836e-01,-0.00000e+00,3.88000e+00,
-6.2986541e-01,2.00001e-01,3.88000e+00,
-6.2957245e-01,-0.00000e+00,3.84000e+00,
-6.2927949e-01,-0.00000e+00,3.92000e+00,
-6.2898654e-01,2.00001e-01,3.88000e+00,
-6.2869358e-01,-0.00000e+00,3.84000e+00,
-6.2840062e-01,-0.00000e+00,3.88000e+00,
-6.2810767e-01,2.00001e-01,3.92000e+00,
-6.2781471e-01,-0.00000e+00,3.88000e+00,
-6.2752175e-01,-0.00000e+00,3.84000e+00,
-6.2722880e-01,-0.00000e+00,3.88000e+00,
-6.2693584e-01,-0.00000e+00,3.88000e+00,
-6.2664288e-01,2.00001e-01,3.88000e+00,
-6.2634993e-01,-0.00000e+00,3.92000e+00,
-6.2605697e-01,2.00001e-01,3.92000e+00,
-6.2576401e-01,2.00001e-01,3.92000e+00,
-6.2547106e-01,2.00001e-01,3.92000e+00,
-6.2517810e-01,-0.00000e+00,3.92000e+00,
-6.2488514e-01,2.00001e-01,3.92000e+00,
-6.2459219e-01,-0.00000e+00,3.92000e+00,
-6.2429923e-01,-0.00000e+00,3.88000e+00,
-6.2400627e-01,-0.00000e+00,3.92000e+00,
-6.2371331e-01,-0.00000e+00,3.92000e+00,
-6.2342036e-01,-0.00000e+00,3.88000e+00,
-6.2312740e-01,2.00001e-01,3.92000e+00,
-6.2283444e-01,-0.00000e+00,3.92000e+00,
-6.2254149e-01,-0.00000e+00,3.92000e+00,
-6.2224853e-01,-0.00000e+00,3.84000e+00,
-6.2195557e-01,-0.00000e+00,3.88000e+00,
-6.2166262e-01,-0.00000e+00,3.88000e+00,
-6.2136966e-01,-0.00000e+00,3.92000e+00,
-6.2107670e-01,-0.00000e+00,3.92000e+00,
-6.2078375e-01,2.00001e-01,3.92000e+00,
-6.2049079e-01,-0.00000e+00,3.92000e+00,
-6.2019783e-01,-0.00000e+00,3.92000e+00,
-6.1990488e-01,-0.00000e+00,3.88000e+00,
-6.1961192e-01,-0.00000e+00,3.88000e+00,
-6.1931896e-01,2.00001e-01,3.92000e+00,
-6.1902601e-01,-0.00000e+00,3.92000e+00,
-6.1873305e-01,2.00001e-01,3.92000e+00,
-6.1844009e-01,-0.00000e+00,3.84000e+00,
-6.1814713e-01,-0.00000e+00,3.92000e+00,
-6.1785418e-01,-0.00000e+00,3.88000e+00,
-6.1756122e-01,-0.00000e+00,3.92000e+00,
-6.1726826e-01,-0.00000e+00,3.92000e+00,
-6.1697531e-01,-0.00000e+00,3.92000e+00,
-6.1668235e-01,-0.00000e+00,3.92000e+00,
-6.1638939e-01,-0.00000e+00,3.96000e+00,
-6.1609644e-01,-0.00000e+00,3.92000e+00,
-6.1580348e-01,-0.00000e+00,3.92000e+00,
-6.1551052e-01,-0.00000e+00,3.92000e+00,
-6.1521757e-01,-0.00000e+00,3.88000e+00,
-6.1492461e-01,-0.00000e+00,3.92000e+00,
-6.1463165e-01,-0.00000e+00,3.92000e+00,
-6.1433870e-01,-0.00000e+00,3.92000e+00,
-6.1404574e-01,-0.00000e+00,3.92000e+00,
-6.1375278e-01,-0.00000e+00,3.92000e+00,
-6.1345983e-01,-0.00000e+00,3.88000e+00,
-6.1316687e-01,-0.00000e+00,3.92000e+00,
-6.1287391e-01,-0.00000e+00,3.92000e+00,
-6.1258096e-01,-0.00000e+00,3.84000e+00,
-6.1228800e-01,-0.00000e+00,3.92000e+00,
-6.1199504e-01,-0.00000e+00,3.92000e+00,
-6.1170208e-01,-0.00000e+00,3.84000e+00,
-6.1140913e-01,-0.00000e+00,3.92000e+00,
-6.1111617e-01,-0.00000e+00,3.88000e+00,
-6.1082321e-01,-0.00000e+00,3.92000e+00,
-6.1053026e-01,-0.00000e+00,3.92000e+00,
-6.1023730e-01,-0.00000e+00,3.92000e+00,
-6.0994434e-01,-0.00000e+00,3.92000e+00,
-6.0965139e-01,-0.00000e+00,3.92000e+00,
-6.0935843e-01,2.00001e-01,3.92000e+00,
-6.0906547e-01,5.60000e+00,4.00000e+00,
-6.0877252e-01,-0.00000e+00,3.92000e+00,
-6.0847956e-01,-0.00000e+00,3.92000e+00,
-6.0818660e-01,-0.00000e+00,3.92000e+00,
-6.0789365e-01,-0.00000e+00,3.92000e+00,
-6.0760069e-01,-0.00000e+00,3.92000e+00,
-6.0730773e-01,-0.00000e+00,3.96000e+00,
-6.0701478e-01,-0.00000e+00,3.92000e+00,
-6.0672182e-01,2.00001e-01,3.92000e+00,
-6.0642886e-01,-0.00000e+00,3.92000e+00,
-6.0613590e-01,-0.00000e+00,3.92000e+00,
-6.0584295e-01,-0.00000e+00,3.92000e+00,
-6.0554999e-01,-0.00000e+00,3.92000e+00,
-6.0525703e-01,-0.00000e+00,3.92000e+00,
-6.0496408e-01,-0.00000e+00,3.92000e+00,
-6.0467112e-01,2.00001e-01,3.92000e+00,
-6.0437816e-01,-0.00000e+00,3.92000e+00,
-6.0408521e-01,-0.00000e+00,3.84000e+00,
-6.0379225e-01,-0.00000e+00,3.92000e+00,
-6.0349929e-01,-0.00000e+00,3.92000e+00,
-6.0320634e-01,-0.00000e+00,3.92000e+00,
-6.0291338e-01,-0.00000e+00,3.92000e+00,
-6.0262042e-01,-0.00000e+00,3.92000e+00,
-6.0232747e-01,-0.00000e+00,3.92000e+00,
-6.0203451e-01,-0.00000e+00,3.92000e+00,
-6.0174155e-01,-0.00000e+00,3.92000e+00,
-6.0144860e-01,2.00001e-01,3.92000e+00,
-6.0115564e-01,-0.00000e+00,3.92000e+00,
-6.0086268e-01,-0.00000e+00,3.92000e+00,
-6.0056973e-01,-0.00000e+00,3.92000e+00,
-6.0027677e-01,-0.00000e+00,3.92000e+00,
-5.9998381e-01,-0.00000e+00,3.88000e+00,
-5.9969085e-01,-0.00000e+00,3.92000e+00,
-5.9939790e-01,-0.00000e+00,3.92000e+00,
-5.9910494e-01,2.00001e-01,3.92000e+00,
-5.9881198e-01,-0.00000e+00,3.92000e+00,
-5.9851903e-01,-0.00000e+00,3.92000e+00,
-5.9822607e-01,2.00001e-01,3.92000e+00,
-5.9793311e-01,-0.00000e+00,3.92000e+00,
-5.9764016e-01,-0.00000e+00,3.88000e+00,
-5.9734720e-01,-0.00000e+00,3.92000e+00,
-5.9705424e-01,2.00001e-01,3.92000e+00,
-5.9676129e-01,2.00001e-01,3.92000e+00,
-5.9646833e-01,-0.00000e+00,3.92000e+00,
-5.9617537e-01,-0.00000e+00,3.92000e+00,
-5.9588242e-01,-0.00000e+00,3.84000e+00,
-5.9558946e-01,-0.00000e+00,3.92000e+00,
-5.9529650e-01,-0.00000e+00,3.88000e+00,
-5.9500355e-01,-0.00000e+00,3.88000e+00,
-5.9471059e-01,-0.00000e+00,3.92000e+00,
-5.9441763e-01,-0.00000e+00,3.92000e+00,
-5.9412467e-01,-0.00000e+00,3.92000e+00,
-5.9383172e-01,-0.00000e+00,3.92000e+00,
-5.9353876e-01,-0.00000e+00,3.92000e+00,
-5.9324580e-01,-0.00000e+00,3.92000e+00,
-5.9295285e-01,-0.00000e+00,3.96000e+00,
-5.9265989e-01,-0.00000e+00,3.92000e+00,
-5.9236693e-01,-0.00000e+00,3.96000e+00,
-5.9207398e-01,-0.00000e+00,3.92000e+00,
-5.9178102e-01,-0.00000e+00,3.88000e+00,
-5.9148806e-01,-0.00000e+00,3.92000e+00,
-5.9119511e-01,-0.00000e+00,3.92000e+00,
-5.9090215e-01,-0.00000e+00,3.92000e+00,
-5.9060919e-01,-0.00000e+00,3.92000e+00,
-5.9031624e-01,-0.00000e+00,3.92000e+00,
-5.9002328e-01,-0.00000e+00,3.92000e+00,
-5.8973032e-01,-0.00000e+00,3.92000e+00,
-5.8943737e-01,-0.00000e+00,3.92000e+00,
-5.8914441e-01,-0.00000e+00,3.84000e+00,
-5.8885145e-01,-0.00000e+00,3.92000e+00,
-5.8855850e-01,-0.00000e+00,3.92000e+00,
-5.8826554e-01,2.00001e-01,3.92000e+00,
-5.8797258e-01,-0.00000e+00,3.92000e+00,
-5.8767962e-01,-0.00000e+00,3.92000e+00,
-5.8738667e-01,-0.00000e+00,3.92000e+00,
-5.8709371e-01,-0.00000e+00,3.92000e+00,
-5.8680075e-01,-0.00000e+00,3.92000e+00,
-5.8650780e-01,-0.00000e+00,3.92000e+00,
-5.8621484e-01,2.00001e-01,3.92000e+00,
-5.8592188e-01,-0.00000e+00,3.92000e+00,
-5.8562893e-01,2.00001e-01,3.92000e+00,
-5.8533597e-01,-0.00000e+00,3.92000e+00,
-5.8504301e-01,-0.00000e+00,3.92000e+00,
-5.8475006e-01,-0.00000e+00,3.88000e+00,
-5.8445710e-01,-0.00000e+00,3.92000e+00,
-5.8416414e-01,-0.00000e+00,3.96000e+00,
-5.8387119e-01,-0.00000e+00,3.92000e+00,
-5.8357823e-01,-0.00000e+00,4.00000e+00,
-5.8328527e-01,2.00001e-01,3.92000e+00,
-5.8299232e-01,-0.00000e+00,3.84000e+00,
-5.8269936e-01,-0.00000e+00,3.92000e+00,
-5.8240640e-01,-0.00000e+00,3.92000e+00,
-5.8211344e-01,-0.00000e+00,3.92000e+00,
-5.8182049e-01,-0.00000e+00,3.84000e+00,
-5.8152753e-01,-0.00000e+00,3.92000e+00,
-5.8123457e-01,-0.00000e+00,3.80000e+00,
-5.8094162e-01,2.00001e-01,3.92000e+00,
-5.8064866e-01,-0.00000e+00,3.96000e+00,
-5.8035570e-01,-0.00000e+00,3.92000e+00,
-5.8006275e-01,-0.00000e+00,3.88000e+00,
-5.7976979e-01,-0.00000e+00,3.92000e+00,
-5.7947683e-01,-0.00000e+00,3.96000e+00,
-5.7918388e-01,-0.00000e+00,3.92000e+00,
-5.7889092e-01,-0.00000e+00,3.96000e+00,
-5.7859796e-01,-0.00000e+00,3.92000e+00,
-5.7830501e-01,-0.00000e+00,3.96000e+00,
-5.7801205e-01,-0.00000e+00,3.92000e+00,
-5.7771909e-01,-0.00000e+00,3.92000e+00,
-5.7742614e-01,-0.00000e+00,3.92000e+00,
-5.7713318e-01,-0.00000e+00,3.92000e+00,
-5.7684022e-01,-0.00000e+00,3.96000e+00,
-5.7654727e-01,-0.00000e+00,3.92000e+00,
-5.7625431e-01,2.00001e-01,3.96000e+00,
-5.7596135e-01,-0.00000e+00,3.96000e+00,
-5.7566839e-01,-0.00000e+00,3.92000e+00,
-5.7537544e-01,-0.00000e+00,3.92000e+00,
-5.7508248e-01,-0.00000e+00,3.92000e+00,
-5.7478952e-01,-0.00000e+00,3.92000e+00,
-5.7449657e-01,-0.00000e+00,3.88000e+00,
-5.7420361e-01,-0.00000e+00,3.92000e+00,
-5.7391065e-01,-0.00000e+00,3.92000e+00,
-5.7361770e-01,-0.00000e+00,3.92000e+00,
-5.7332474e-01,-0.00000e+00,3.96000e+00,
-5.7303178e-01,-0.00000e+00,3.92000e+00,
-5.7273883e-01,-0.00000e+00,3.92000e+00,
-5.7244587e-01,2.00001e-01,3.92000e+00,
-5.7215291e-01,-0.00000e+00,3.96000e+00,
-5.7185996e-01,-0.00000e+00,3.92000e+00,
-5.7156700e-01,-0.00000e+00,3.92000e+00,
-5.7127404e-01,-0.00000e+00,3.92000e+00,
-5.7098109e-01,-0.00000e+00,3.92000e+00,
-5.7068813e-01,-0.00000e+00,3.96000e+00,
-5.7039517e-01,2.00001e-01,3.92000e+00,
-5.7010221e-01,-0.00000e+00,3.92000e+00,
-5.6980926e-01,-0.00000e+00,3.92000e+00,
-5.6951630e-01,-0.00000e+00,3.92000e+00,
-5.6922334e-01,-0.00000e+00,3.88000e+00,
-5.6893039e-01,-0.00000e+00,3.92000e+00,
-5.6863743e-01,-0.00000e+00,3.92000e+00,
-5.6834447e-01,-0.00000e+00,3.92000e+00,
-5.6805152e-01,-0.00000e+00,3.92000e+00,
-5.6775856e-01,-0.00000e+00,3.92000e+00,
-5.6746560e-01,-0.00000e+00,3.92000e+00,
-5.6717265e-01,-0.00000e+00,3.92000e+00,
-5.6687969e-01,-0.00000e+00,3.92000e+00,
-5.6658673e-01,-0.00000e+00,3.96000e+00,
-5.6629378e-01,-0.00000e+00,3.92000e+00,
-5.6600082e-01,-0.00000e+00,3.92000e+00,
-5.6570786e-01,-0.00000e+00,3.84000e+00,
-5.6541491e-01,-0.00000e+00,3.92000e+00,
-5.6512195e-01,-0.00000e+00,3.96000e+00,
-5.6482899e-01,-0.00000e+00,3.96000e+00,
-5.6453604e-01,2.00001e-01,3.92000e+00,
-5.6424308e-01,-0.00000e+00,3.92000e+00,
-5.6395012e-01,-0.00000e+00,3.92000e+00,
-5.6365716e-01,-0.00000e+00,3.92000e+00,
-5.6336421e-01,-0.00000e+00,3.92000e+00,
-5.6307125e-01,-0.00000e+00,3.92000e+00,
-5.6277829e-01,-0.00000e+00,3.96000e+00,
-5.6248534e-01,-0.00000e+00,3.92000e+00,
-5.6219238e-01,-0.00000e+00,3.92000e+00,
-5.6189942e-01,-0.00000e+00,3.96000e+00,
-5.6160647e-01,-0.00000e+00,3.96000e+00,
-5.6131351e-01,-0.00000e+00,3.96000e+00,
-5.6102055e-01,-0.00000e+00,3.92000e+00,
-5.6072760e-01,-0.00000e+00,3.96000e+00,
-5.6043464e-01,-0.00000e+00,3.92000e+00,
-5.6014168e-01,-0.00000e+00,3.92000e+00,
-5.5984873e-01,-0.00000e+00,3.96000e+00,
-5.5955577e-01,-0.00000e+00,3.92000e+00,
-5.5926281e-01,-0.00000e+00,3.92000e+00,
-5.5896986e-01,-0.00000e+00,3.92000e+00,
-5.5867690e-01,-0.00000e+00,3.92000e+00,
-5.5838394e-01,-0.00000e+00,3.92000e+00,
-5.5809098e-01,2.00001e-01,3.92000e+00,
-5.5779803e-01,-0.00000e+00,3.92000e+00,
-5.5750507e-01,-0.00000e+00,3.92000e+00,
-5.5721211e-01,5.00000e+00,3.92000e+00,
-5.5691916e-01,-0.00000e+00,3.92000e+00,
-5.5662620e-01,-0.00000e+00,3.92000e+00,
-5.5633324e-01,-0.00000e+00,3.92000e+00,
-5.5604029e-01,-0.00000e+00,3.92000e+00,
-5.5574733e-01,-0.00000e+00,3.92000e+00,
-5.5545437e-01,-0.00000e+00,3.92000e+00,
-5.5516142e-01,2.00001e-01,3.92000e+00,
-5.5486846e-01,-0.00000e+00,3.96000e+00,
-5.5457550e-01,-0.00000e+00,3.92000e+00,
-5.5428255e-01,2.00001e-01,3.92000e+00,
-5.5398959e-01,-0.00000e+00,3.92000e+00,
-5.5369663e-01,-0.00000e+00,3.92000e+00,
-5.5340368e-01,-0.00000e+00,3.96000e+00,
-5.5311072e-01,-0.00000e+00,3.92000e+00,
-5.5281776e-01,-0.00000e+00,3.96000e+00,
-5.5252481e-01,-0.00000e+00,3.96000e+00,
-5.5223185e-01,2.00001e-01,3.92000e+00,
-5.5193889e-01,-0.00000e+00,3.92000e+00,
-5.5164593e-01,2.00001e-01,3.92000e+00,
-5.5135298e-01,2.00001e-01,3.96000e+00,
-5.5106002e-01,-0.00000e+00,3.92000e+00,
-5.5076706e-01,-0.00000e+00,3.92000e+00,
-5.5047411e-01,-0.00000e+00,3.92000e+00,
-5.5018115e-01,-0.00000e+00,3.92000e+00,
-5.4988819e-01,-0.00000e+00,3.92000e+00,
-5.4959524e-01,-0.00000e+00,3.92000e+00,
-5.4930228e-01,5.00000e+00,3.92000e+00,
-5.4900932e-01,-0.00000e+00,3.92000e+00,
-5.4871637e-01,-0.00000e+00,3.92000e+00,
-5.4842341e-01,-0.00000e+00,3.92000e+00,
-5.4813045e-01,-0.00000e+00,3.92000e+00,
-5.4783750e-01,-0.00000e+00,3.92000e+00,
-5.4754454e-01,2.00001e-01,3.96000e+00,
-5.4725158e-01,-0.00000e+00,3.92000e+00,
-5.4695863e-01,2.00001e-01,3.96000e+00,
-5.4666567e-01,-0.00000e+00,3.92000e+00,
-5.4637271e-01,-0.00000e+00,3.96000e+00,
-5.4607975e-01,-0.00000e+00,3.92000e+00,
-5.4578680e-01,2.00001e-01,3.92000e+00,
-5.4549384e-01,2.00001e-01,3.96000e+00,
-5.4520088e-01,-0.00000e+00,3.92000e+00,
-5.4490793e-01,-0.00000e+00,3.92000e+00,
-5.4461497e-01,2.00001e-01,3.92000e+00,
-5.4432201e-01,2.00001e-01,3.92000e+00,
-5.4402906e-01,-0.00000e+00,3.92000e+00,
-5.4373610e-01,-0.00000e+00,3.92000e+00,
-5.4344314e-01,-0.00000e+00,3.96000e+00,
-5.4315019e-01,-0.00000e+00,3.96000e+00,
-5.4285723e-01,-0.00000e+00,3.92000e+00,
-5.4256427e-01,-0.00000e+00,3.92000e+00,
-5.4227132e-01,2.00001e-01,3.92000e+00,
-5.4197836e-01,-0.00000e+00,3.92000e+00,
-5.4168540e-01,-0.00000e+00,3.96000e+00,
-5.4139245e-01,-0.00000e+00,3.92000e+00,
-5.4109949e-01,2.00001e-01,3.96000e+00,
-5.4080653e-01,-0.00000e+00,3.96000e+00,
-5.4051358e-01,-0.00000e+00,3.92000e+00,
-5.4022062e-01,-0.00000e+00,3.96000e+00,
-5.3992766e-01,-0.00000e+00,3.96000e+00,
-5.3963470e-01,-0.00000e+00,3.92000e+00,
-5.3934175e-01,2.00001e-01,3.92000e+00,
-5.3904879e-01,-0.00000e+00,3.92000e+00,
-5.3875583e-01,-0.00000e+00,3.96000e+00,
-5.3846288e-01,-0.00000e+00,3.92000e+00,
-5.3816992e-01,-0.00000e+00,3.92000e+00,
-5.3787696e-01,-0.00000e+00,3.96000e+00,
-5.3758401e-01,-0.00000e+00,3.92000e+00,
-5.3729105e-01,-0.00000e+00,3.92000e+00,
-5.3699809e-01,-0.00000e+00,3.92000e+00,
-5.3670514e-01,-0.00000e+00,3.96000e+00,
-5.3641218e-01,-0.00000e+00,3.84000e+00,
-5.3611922e-01,-0.00000e+00,3.96000e+00,
-5.3582627e-01,-0.00000e+00,3.96000e+00,
-5.3553331e-01,2.00001e-01,3.92000e+00,
-5.3524035e-01,-0.00000e+00,4.00000e+00,
-5.3494740e-01,-0.00000e+00,3.92000e+00,
-5.3465444e-01,-0.00000e+00,3.92000e+00,
-5.3436148e-01,-0.00000e+00,3.96000e+00,
-5.3406852e-01,-0.00000e+00,3.92000e+00,
-5.3377557e-01,-0.00000e+00,3.92000e+00,
-5.3348261e-01,-0.00000e+00,3.92000e+00,
-5.3318965e-01,-0.00000e+00,3.92000e+00,
-5.3289670e-01,2.00001e-01,3.92000e+00,
-5.3260374e-01,-0.00000e+00,3.92000e+00,
-5.3231078e-01,2.00001e-01,3.92000e+00,
-5.3201783e-01,-0.00000e+00,3.92000e+00,
-5.3172487e-01,-0.00000e+00,3.96000e+00,
-5.3143191e-01,-0.00000e+00,3.92000e+00,
-5.3113896e-01,-0.00000e+00,3.88000e+00,
-5.3084600e-01,-0.00000e+00,3.92000e+00,
-5.3055304e-01,-0.00000e+00,3.96000e+00,
-5.3026009e-01,-0.00000e+00,3.92000e+00,
-5.2996713e-01,-0.00000e+00,3.92000e+00,
-5.2967417e-01,-0.00000e+00,3.92000e+00,
-5.2938122e-01,-0.00000e+00,3.96000e+00,
-5.2908826e-01,-0.00000e+00,3.92000e+00,
-5.2879530e-01,-0.00000e+00,3.96000e+00,
-5.2850235e-01,-0.00000e+00,3.92000e+00,
-5.2820939e-01,-0.00000e+00,3.96000e+00,
-5.2791643e-01,2.00001e-01,3.96000e+00,
-5.2762347e-01,-0.00000e+00,3.92000e+00,
-5.2733052e-01,-0.00000e+00,3.92000e+00,
-5.2703756e-01,-0.00000e+00,3.96000e+00,
-5.2674460e-01,-0.00000e+00,3.92000e+00,
-5.2645165e-01,-0.00000e+00,3.84000e+00,
-5.2615869e-01,-0.00000e+00,3.96000e+00,
-5.2586573e-01,-0.00000e+00,3.92000e+00,
-5.2557278e-01,2.00001e-01,3.92000e+00,
-5.2527982e-01,-0.00000e+00,3.96000e+00,
-5.2498686e-01,-0.00000e+00,3.92000e+00,
-5.2469391e-01,-0.00000e+00,3.92000e+00,
-5.2440095e-01,2.00001e-01,3.92000e+00,
-5.2410799e-01,2.00001e-01,3.92000e+00,
-5.2381504e-01,-0.00000e+00,3.96000e+00,
-5.2352208e-01,2.00001e-01,3.96000e+00,
-5.2322912e-01,-0.00000e+00,3.92000e+00,
-5.2293617e-01,-0.00000e+00,4.00000e+00,
-5.2264321e-01,-0.00000e+00,3.92000e+00,
-5.2235025e-01,-0.00000e+00,3.92000e+00,
-5.2205729e-01,-0.00000e+00,3.92000e+00,
-5.2176434e-01,2.00001e-01,3.96000e+00,
-5.2147138e-01,-0.00000e+00,3.92000e+00,
-5.2117842e-01,2.00001e-01,3.96000e+00,
-5.2088547e-01,2.00001e-01,3.92000e+00,
-5.2059251e-01,-0.00000e+00,3.96000e+00,
-5.2029955e-01,2.00001e-01,3.96000e+00,
-5.2000660e-01,-0.00000e+00,3.92000e+00,
-5.1971364e-01,-0.00000e+00,3.96000e+00,
-5.1942068e-01,-0.00000e+00,3.92000e+00,
-5.1912773e-01,-0.00000e+00,3.96000e+00,
-5.1883477e-01,-0.00000e+00,3.96000e+00,
-5.1854181e-01,-0.00000e+00,3.92000e+00,
-5.1824886e-01,-0.00000e+00,3.96000e+00,
-5.1795590e-01,-0.00000e+00,3.92000e+00,
-5.1766294e-01,-0.00000e+00,3.92000e+00,
-5.1736999e-01,-0.00000e+00,3.92000e+00,
-5.1707703e-01,-0.00000e+00,3.92000e+00,
-5.1678407e-01,-0.00000e+00,3.92000e+00,
-5.1649112e-01,-0.00000e+00,3.92000e+00,
-5.1619816e-01,-0.00000e+00,3.92000e+00,
-5.1590520e-01,-0.00000e+00,3.92000e+00,
-5.1561224e-01,-0.00000e+00,3.92000e+00,
-5.1531929e-01,-0.00000e+00,3.92000e+00,
-5.1502633e-01,-0.00000e+00,3.92000e+00,
-5.1473337e-01,-0.00000e+00,3.92000e+00,
-5.1444042e-01,-0.00000e+00,3.92000e+00,
-5.1414746e-01,-0.00000e+00,3.92000e+00,
-5.1385450e-01,-0.00000e+00,3.92000e+00,
-5.1356155e-01,-0.00000e+00,3.88000e+00,
-5.1326859e-01,-0.00000e+00,3.88000e+00,
-5.1297563e-01,-0.00000e+00,3.88000e+00,
-5.1268268e-01,2.00001e-01,3.88000e+00,
-5.1238972e-01,2.00001e-01,3.88000e+00,
-5.1209676e-01,2.00001e-01,3.84000e+00,
-5.1180381e-01,-0.00000e+00,3.84000e+00,
-5.1151085e-01,-0.00000e+00,3.88000e+00,
-5.1121789e-01,-0.00000e+00,3.88000e+00,
-5.1092494e-01,-0.00000e+00,3.84000e+00,
-5.1063198e-01,-0.00000e+00,3.84000e+00,
-5.1033902e-01,-0.00000e+00,3.84000e+00,
-5.1004606e-01,-0.00000e+00,3.84000e+00,
-5.0975311e-01,-0.00000e+00,3.80000e+00,
-5.0946015e-01,-0.00000e+00,3.84000e+00,
-5.0916719e-01,2.00001e-01,3.80000e+00,
-5.0887424e-01,-0.00000e+00,3.76000e+00,
-5.0858128e-01,-0.00000e+00,3.76000e+00,
-5.0828832e-01,-0.00000e+00,3.72000e+00,
-5.0799537e-01,-0.00000e+00,3.68000e+00,
-5.0770241e-01,-0.00000e+00,3.68000e+00,
-5.0740945e-01,-0.00000e+00,3.68000e+00,
-5.0711650e-01,-0.00000e+00,3.64000e+00,
-5.0682354e-01,-0.00000e+00,3.64000e+00,
-5.0653058e-01,-0.00000e+00,3.60000e+00,
-5.0623763e-01,-0.00000e+00,3.60000e+00,
-5.0594467e-01,2.00001e-01,3.60000e+00,
-5.0565171e-01,2.00001e-01,3.60000e+00,
-5.0535876e-01,-0.00000e+00,3.52000e+00,
-5.0506580e-01,-0.00000e+00,3.52000e+00,
-5.0477284e-01,-0.00000e+00,3.52000e+00,
-5.0447989e-01,-0.00000e+00,3.52000e+00,
-5.0418693e-01,-0.00000e+00,3.44000e+00,
-5.0389397e-01,-0.00000e+00,3.44000e+00,
-5.0360101e-01,-0.00000e+00,3.44000e+00,
-5.0330806e-01,2.00001e-01,3.40000e+00,
-5.0301510e-01,2.00001e-01,3.36000e+00,
-5.0272214e-01,-0.00000e+00,3.36000e+00,
-5.0242919e-01,-0.00000e+00,3.36000e+00,
-5.0213623e-01,-0.00000e+00,3.32000e+00,
-5.0184327e-01,-0.00000e+00,3.32000e+00,
-5.0155032e-01,-0.00000e+00,3.28000e+00,
-5.0125736e-01,-0.00000e+00,3.28000e+00,
-5.0096440e-01,-0.00000e+00,3.24000e+00,
-5.0067145e-01,-0.00000e+00,3.20000e+00,
-5.0037849e-01,-0.00000e+00,3.20000e+00,
-5.0008553e-01,-0.00000e+00,3.20000e+00,
-4.9979258e-01,-0.00000e+00,3.16000e+00,
-4.9949962e-01,-0.00000e+00,3.20000e+00,
-4.9920666e-01,-0.00000e+00,3.12000e+00,
-4.9891371e-01,2.00001e-01,3.12000e+00,
-4.9862075e-01,-0.00000e+00,3.12000e+00,
-4.9832779e-01,-0.00000e+00,3.04000e+00,
-4.9803483e-01,-0.00000e+00,3.04000e+00,
-4.9774188e-01,-0.00000e+00,3.04000e+00,
-4.9744892e-01,-0.00000e+00,3.04000e+00,
-4.9715596e-01,-0.00000e+00,3.04000e+00,
-4.9686301e-01,-0.00000e+00,3.00000e+00,
-4.9657005e-01,2.00001e-01,3.00000e+00,
-4.9627709e-01,-0.00000e+00,2.96000e+00,
-4.9598414e-01,-0.00000e+00,2.92000e+00,
-4.9569118e-01,-0.00000e+00,2.92000e+00,
-4.9539822e-01,-0.00000e+00,2.88000e+00,
-4.9510527e-01,-0.00000e+00,2.88000e+00,
-4.9481231e-01,-0.00000e+00,2.88000e+00,
-4.9451935e-01,-0.00000e+00,2.88000e+00,
-4.9422640e-01,-0.00000e+00,2.84000e+00,
-4.9393344e-01,-0.00000e+00,2.80000e+00,
-4.9364048e-01,-0.00000e+00,2.80000e+00,
-4.9334753e-01,-0.00000e+00,2.80000e+00,
-4.9305457e-01,-0.00000e+00,2.80000e+00,
-4.9276161e-01,2.00001e-01,2.80000e+00,
-4.9246866e-01,2.00001e-01,2.72000e+00,
-4.9217570e-01,2.00001e-01,2.72000e+00,
-4.9188274e-01,-0.00000e+00,2.72000e+00,
-4.9158978e-01,2.00001e-01,2.72000e+00,
-4.9129683e-01,-0.00000e+00,2.68000e+00,
-4.9100387e-01,-0.00000e+00,2.68000e+00,
-4.9071091e-01,-0.00000e+00,2.64000e+00,
-4.9041796e-01,-0.00000e+00,2.64000e+00,
-4.9012500e-01,2.00001e-01,2.64000e+00,
-4.8983204e-01,-0.00000e+00,2.60000e+00,
-4.8953909e-01,-0.00000e+00,2.56000e+00,
-4.8924613e-01,2.00001e-01,2.56000e+00,
-4.8895317e-01,2.00001e-01,2.56000e+00,
-4.8866022e-01,-0.00000e+00,2.56000e+00,
-4.8836726e-01,-0.00000e+00,2.56000e+00,
-4.8807430e-01,-0.00000e+00,2.48000e+00,
-4.8778135e-01,-0.00000e+00,2.52000e+00,
-4.8748839e-01,-0.00000e+00,2.48000e+00,
-4.8719543e-01,2.00001e-01,2.48000e+00,
-4.8690248e-01,-0.00000e+00,2.48000e+00,
-4.8660952e-01,-0.00000e+00,2.40000e+00,
-4.8631656e-01,-0.00000e+00,2.40000e+00,
-4.8602360e-01,-0.00000e+00,2.40000e+00,
-4.8573065e-01,-0.00000e+00,2.40000e+00,
-4.8543769e-01,-0.00000e+00,2.40000e+00,
-4.8514473e-01,-0.00000e+00,2.40000e+00,
-4.8485178e-01,-0.00000e+00,2.36000e+00,
-4.8455882e-01,-0.00000e+00,2.32000e+00,
-4.8426586e-01,-0.00000e+00,2.32000e+00,
-4.8397291e-01,-0.00000e+00,2.28000e+00,
-4.8367995e-01,-0.00000e+00,2.32000e+00,
-4.8338699e-01,-0.00000e+00,2.28000e+00,
-4.8309404e-01,-0.00000e+00,2.28000e+00,
-4.8280108e-01,-0.00000e+00,2.24000e+00,
-4.8250812e-01,2.00001e-01,2.24000e+00,
-4.8221517e-01,-0.00000e+00,2.16000e+00,
-4.8192221e-01,-0.00000e+00,2.20000e+00,
-4.8162925e-01,-0.00000e+00,2.20000e+00,
-4.8133630e-01,-0.00000e+00,2.20000e+00,
-4.8104334e-01,2.00001e-01,2.16000e+00,
-4.8075038e-01,-0.00000e+00,2.16000e+00,
-4.8045743e-01,-0.00000e+00,2.12000e+00,
-4.8016447e-01,2.00001e-01,2.12000e+00,
-4.7987151e-01,-0.00000e+00,2.08000e+00,
-4.7957855e-01,2.00001e-01,2.08000e+00,
-4.7928560e-01,-0.00000e+00,2.08000e+00,
-4.7899264e-01,-0.00000e+00,2.08000e+00,
-4.7869968e-01,2.00001e-01,2.04000e+00,
-4.7840673e-01,2.00001e-01,2.04000e+00,
-4.7811377e-01,-0.00000e+00,2.04000e+00,
-4.7782081e-01,-0.00000e+00,2.00000e+00,
-4.7752786e-01,2.00001e-01,2.00000e+00,
-4.7723490e-01,-0.00000e+00,2.00000e+00,
-4.7694194e-01,-0.00000e+00,2.00000e+00,
-4.7664899e-01,2.00001e-01,1.96000e+00,
-4.7635603e-01,-0.00000e+00,1.88000e+00,
-4.7606307e-01,2.00001e-01,1.88000e+00,
-4.7577012e-01,-0.00000e+00,1.88000e+00,
-4.7547716e-01,-0.00000e+00,1.88000e+00,
-4.7518420e-01,-0.00000e+00,1.88000e+00,
-4.7489125e-01,-0.00000e+00,1.88000e+00,
-4.7459829e-01,-0.00000e+00,1.84000e+00,
-4.7430533e-01,-0.00000e+00,1.84000e+00,
-4.7401237e-01,-0.00000e+00,1.84000e+00,
-4.7371942e-01,-0.00000e+00,1.80000e+00,
-4.7342646e-01,-0.00000e+00,1.84000e+00,
-4.7313350e-01,2.00001e-01,1.80000e+00,
-4.7284055e-01,-0.00000e+00,1.80000e+00,
-4.7254759e-01,2.00001e-01,1.76000e+00,
-4.7225463e-01,2.00001e-01,1.72000e+00,
-4.7196168e-01,-0.00000e+00,1.72000e+00,
-4.7166872e-01,-0.00000e+00,1.72000e+00,
-4.7137576e-01,2.00001e-01,1.72000e+00,
-4.7108281e-01,2.00001e-01,1.72000e+00,
-4.7078985e-01,-0.00000e+00,1.72000e+00,
-4.7049689e-01,2.00001e-01,1.68000e+00,
-4.7020394e-01,-0.00000e+00,1.68000e+00,
-4.6991098e-01,-0.00000e+00,1.68000e+00,
-4.6961802e-01,-0.00000e+00,1.68000e+00,
-4.6932507e-01,-0.00000e+00,1.64000e+00,
-4.6903211e-01,-0.00000e+00,1.64000e+00,
-4.6873915e-01,-0.00000e+00,1.64000e+00,
-4.6844620e-01,2.00001e-01,1.56000e+00,
-4.6815324e-01,2.00001e-01,1.64000e+00,
-4.6786028e-01,-0.00000e+00,1.56000e+00,
-4.6756732e-01,-0.00000e+00,1.56000e+00,
-4.6727437e-01,-0.00000e+00,1.56000e+00,
-4.6698141e-01,-0.00000e+00,1.56000e+00,
-4.6668845e-01,-0.00000e+00,1.56000e+00,
-4.6639550e-01,-0.00000e+00,1.56000e+00,
-4.6610254e-01,2.00001e-01,1.56000e+00,
-4.6580958e-01,-0.00000e+00,1.52000e+00,
-4.6551663e-01,2.00001e-01,1.52000e+00,
-4.6522367e-01,2.00001e-01,1.52000e+00,
-4.6493071e-01,-0.00000e+00,1.48000e+00,
-4.6463776e-01,-0.00000e+00,1.48000e+00,
-4.6434480e-01,-0.00000e+00,1.48000e+00,
-4.6405184e-01,-0.00000e+00,1.48000e+00,
-4.6375889e-01,-0.00000e+00,1.44000e+00,
-4.6346593e-01,2.00001e-01,1.44000e+00,
-4.6317297e-01,-0.00000e+00,1.40000e+00,
-4.6288002e-01,2.00001e-01,1.40000e+00,
-4.6258706e-01,-0.00000e+00,1.40000e+00,
-4.6229410e-01,2.00001e-01,1.40000e+00,
-4.6200114e-01,2.00001e-01,1.40000e+00,
-4.6170819e-01,-0.00000e+00,1.36000e+00,
-4.6141523e-01,-0.00000e+00,1.36000e+00,
-4.6112227e-01,-0.00000e+00,1.36000e+00,
-4.6082932e-01,-0.00000e+00,1.36000e+00,
-4.6053636e-01,-0.00000e+00,1.36000e+00,
-4.6024340e-01,-0.00000e+00,1.32000e+00,
-4.5995045e-01,-0.00000e+00,1.32000e+00,
-4.5965749e-01,-0.00000e+00,1.32000e+00,
-4.5936453e-01,-0.00000e+00,1.32000e+00,
-4.5907158e-01,-0.00000e+00,1.32000e+00,
-4.5877862e-01,-0.00000e+00,1.28000e+00,
-4.5848566e-01,2.00001e-01,1.24000e+00,
-4.5819271e-01,-0.00000e+00,1.28000e+00,
-4.5789975e-01,-0.00000e+00,1.24000e+00,
-4.5760679e-01,2.00001e-01,1.24000e+00,
-4.5731384e-01,-0.00000e+00,1.24000e+00,
-4.5702088e-01,2.00001e-01,1.24000e+00,
-4.5672792e-01,-0.00000e+00,1.24000e+00,
-4.5643497e-01,-0.00000e+00,1.24000e+00,
-4.5614201e-01,2.00001e-01,1.24000e+00,
-4.5584905e-01,2.00001e-01,1.24000e+00,
-4.5555609e-01,2.00001e-01,1.20000e+00,
-4.5526314e-01,-0.00000e+00,1.20000e+00,
-4.5497018e-01,-0.00000e+00,1.20000e+00,
-4.5467722e-01,-0.00000e+00,1.20000e+00,
-4.5438427e-01,-0.00000e+00,1.20000e+00,
-4.5409131e-01,-0.00000e+00,1.20000e+00,
-4.5379835e-01,-0.00000e+00,1.16000e+00,
-4.5350540e-01,-0.00000e+00,1.16000e+00,
-4.5321244e-01,-0.00000e+00,1.16000e+00,
-4.5291948e-01,-0.00000e+00,1.16000e+00,
-4.5262653e-01,-0.00000e+00,1.16000e+00,
-4.5233357e-01,-0.00000e+00,1.12000e+00,
-4.5204061e-01,2.00001e-01,1.08000e+00,
-4.5174766e-01,-0.00000e+00,1.12000e+00,
-4.5145470e-01,2.00001e-01,1.08000e+00,
-4.5116174e-01,2.00001e-01,1.12000e+00,
-4.5086879e-01,-0.00000e+00,1.08000e+00,
-4.5057583e-01,-0.00000e+00,1.08000e+00,
-4.5028287e-01,-0.00000e+00,1.08000e+00,
-4.4998991e-01,2.00001e-01,1.08000e+00,
-4.4969696e-01,2.00001e-01,1.08000e+00,
-4.4940400e-01,-0.00000e+00,1.08000e+00,
-4.4911104e-01,-0.00000e+00,1.08000e+00,
-4.4881809e-01,-0.00000e+00,1.04000e+00,
-4.4852513e-01,-0.00000e+00,1.08000e+00,
-4.4823217e-01,2.00001e-01,1.04000e+00,
-4.4793922e-01,-0.00000e+00,1.04000e+00,
-4.4764626e-01,-0.00000e+00,1.04000e+00,
-4.4735330e-01,-0.00000e+00,1.04000e+00,
-4.4706035e-01,-0.00000e+00,1.00000e+00,
-4.4676739e-01,-0.00000e+00,1.00000e+00,
-4.4647443e-01,-0.00000e+00,1.00000e+00,
-4.4618148e-01,-0.00000e+00,1.00000e+00,
-4.4588852e-01,-0.00000e+00,1.00000e+00,
-4.4559556e-01,2.00001e-01,1.00000e+00,
-4.4530261e-01,-0.00000e+00,1.00000e+00,
-4.4500965e-01,-0.00000e+00,9.20000e-01,
-4.4471669e-01,2.00001e-01,1.00000e+00,
-4.4442374e-01,2.00001e-01,9.20000e-01,
-4.4413078e-01,2.00001e-01,9.20000e-01,
-4.4383782e-01,2.00001e-01,9.20000e-01,
-4.4354486e-01,2.00001e-01,9.20000e-01,
-4.4325191e-01,2.00001e-01,9.20000e-01,
-4.4295895e-01,-0.00000e+00,9.20000e-01,
-4.4266599e-01,2.00001e-01,9.20000e-01,
-4.4237304e-01,2.00001e-01,9.20000e-01,
-4.4208008e-01,2.00001e-01,9.20000e-01,
-4.4178712e-01,-0.00000e+00,9.20000e-01,
-4.4149417e-01,-0.00000e+00,9.20000e-01,
-4.4120121e-01,-0.00000e+00,9.20000e-01,
-4.4090825e-01,-0.00000e+00,9.20000e-01,
-4.4061530e-01,2.00001e-01,9.20000e-01,
-4.4032234e-01,-0.00000e+00,8.80000e-01,
-4.4002938e-01,-0.00000e+00,8.80000e-01,
-4.3973643e-01,-0.00000e+00,8.80000e-01,
-4.3944347e-01,-0.00000e+00,8.80000e-01,
-4.3915051e-01,-0.00000e+00,8.80000e-01,
-4.3885756e-01,2.00001e-01,8.80000e-01,
-4.3856460e-01,-0.00000e+00,8.40000e-01,
-4.3827164e-01,-0.00000e+00,8.80000e-01,
-4.3797868e-01,-0.00000e+00,8.40000e-01,
-4.3768573e-01,2.00001e-01,8.40000e-01,
-4.3739277e-01,-0.00000e+00,8.40000e-01,
-4.3709981e-01,-0.00000e+00,8.40000e-01,
-4.3680686e-01,2.00001e-01,8.40000e-01,
-4.3651390e-01,-0.00000e+00,8.40000e-01,
-4.3622094e-01,-0.00000e+00,8.40000e-01,
-4.3592799e-01,-0.00000e+00,8.40000e-01,
-4.3563503e-01,-0.00000e+00,8.40000e-01,
-4.3534207e-01,2.00001e-01,8.40000e-01,
-4.3504912e-01,-0.00000e+00,8.00000e-01,
-4.3475616e-01,-0.00000e+00,8.00000e-01,
-4.3446320e-01,2.00001e-01,8.00000e-01,
-4.3417025e-01,-0.00000e+00,7.60000e-01,
-4.3387729e-01,-0.00000e+00,8.00000e-01,
-4.3358433e-01,-0.00000e+00,7.60000e-01,
-4.3329138e-01,-0.00000e+00,8.00000e-01,
-4.3299842e-01,-0.00000e+00,7.60000e-01,
-4.3270546e-01,-0.00000e+00,7.60000e-01,
-4.3241251e-01,-0.00000e+00,7.60000e-01,
-4.3211955e-01,-0.00000e+00,7.60000e-01,
-4.3182659e-01,-0.00000e+00,7.60000e-01,
-4.3153363e-01,-0.00000e+00,7.60000e-01,
-4.3124068e-01,-0.00000e+00,7.60000e-01,
-4.3094772e-01,-0.00000e+00,7.60000e-01,
-4.3065476e-01,-0.00000e+00,7.60000e-01,
-4.3036181e-01,2.00001e-01,7.60000e-01,
-4.3006885e-01,-0.00000e+00,7.60000e-01,
-4.2977589e-01,-0.00000e+00,7.60000e-01,
-4.2948294e-01,-0.00000e+00,7.60000e-01,
-4.2918998e-01,-0.00000e+00,7.20000e-01,
-4.2889702e-01,-0.00000e+00,7.20000e-01,
-4.2860407e-01,2.00001e-01,7.20000e-01,
-4.2831111e-01,-0.00000e+00,7.20000e-01,
-4.2801815e-01,2.00001e-01,7.20000e-01,
-4.2772520e-01,2.00001e-01,7.60000e-01,
-4.2743224e-01,-0.00000e+00,7.20000e-01,
-4.2713928e-01,2.00001e-01,7.60000e-01,
-4.2684633e-01,2.00001e-01,7.20000e-01,
-4.2655337e-01,-0.00000e+00,7.20000e-01,
-4.2626041e-01,-0.00000e+00,7.20000e-01,
-4.2596745e-01,-0.00000e+00,7.20000e-01,
-4.2567450e-01,2.00001e-01,6.80000e-01,
-4.2538154e-01,2.00001e-01,6.80000e-01,
-4.2508858e-01,-0.00000e+00,6.80000e-01,
-4.2479563e-01,-0.00000e+00,6.80000e-01,
-4.2450267e-01,-0.00000e+00,6.80000e-01,
-4.2420971e-01,-0.00000e+00,6.80000e-01,
-4.2391676e-01,-0.00000e+00,6.80000e-01,
-4.2362380e-01,-0.00000e+00,6.80000e-01,
-4.2333084e-01,2.00001e-01,6.80000e-01,
-4.2303789e-01,-0.00000e+00,6.80000e-01,
-4.2274493e-01,2.00001e-01,6.80000e-01,
-4.2245197e-01,-0.00000e+00,6.80000e-01,
-4.2215902e-01,2.00001e-01,6.80000e-01,
-4.2186606e-01,-0.00000e+00,6.80000e-01,
-4.2157310e-01,-0.00000e+00,6.80000e-01,
-4.2128015e-01,-0.00000e+00,6.80000e-01,
-4.2098719e-01,-0.00000e+00,6.80000e-01,
-4.2069423e-01,-0.00000e+00,6.80000e-01,
-4.2040128e-01,-0.00000e+00,6.40000e-01,
-4.2010832e-01,2.00001e-01,6.40000e-01,
-4.1981536e-01,-0.00000e+00,6.80000e-01,
-4.1952240e-01,-0.00000e+00,6.40000e-01,
-4.1922945e-01,-0.00000e+00,6.40000e-01,
-4.1893649e-01,-0.00000e+00,6.40000e-01,
-4.1864353e-01,-0.00000e+00,6.40000e-01,
-4.1835058e-01,2.00001e-01,6.00000e-01,
-4.1805762e-01,2.00001e-01,6.40000e-01,
-4.1776466e-01,-0.00000e+00,6.40000e-01,
-4.1747171e-01,-0.00000e+00,6.00000e-01,
-4.1717875e-01,-0.00000e+00,6.00000e-01,
-4.1688579e-01,-0.00000e+00,6.00000e-01,
-4.1659284e-01,2.00001e-01,6.00000e-01,
-4.1629988e-01,-0.00000e+00,6.00000e-01,
-4.1600692e-01,-0.00000e+00,6.00000e-01,
-4.1571397e-01,-0.00000e+00,6.40000e-01,
-4.1542101e-01,-0.00000e+00,6.00000e-01,
-4.1512805e-01,2.00001e-01,6.00000e-01,
-4.1483510e-01,-0.00000e+00,6.00000e-01,
-4.1454214e-01,-0.00000e+00,6.00000e-01,
-4.1424918e-01,2.00001e-01,6.00000e-01,
-4.1395622e-01,2.00001e-01,6.00000e-01,
-4.1366327e-01,-0.00000e+00,6.00000e-01,
-4.1337031e-01,-0.00000e+00,6.00000e-01,
-4.1307735e-01,-0.00000e+00,6.00000e-01,
-4.1278440e-01,-0.00000e+00,6.00000e-01,
-4.1249144e-01,-0.00000e+00,6.00000e-01,
-4.1219848e-01,-0.00000e+00,6.00000e-01,
-4.1190553e-01,-0.00000e+00,6.00000e-01,
-4.1161257e-01,-0.00000e+00,6.00000e-01,
-4.1131961e-01,-0.00000e+00,6.00000e-01,
-4.1102666e-01,-0.00000e+00,6.00000e-01,
-4.1073370e-01,-0.00000e+00,6.00000e-01,
-4.1044074e-01,-0.00000e+00,6.00000e-01,
-4.1014779e-01,-0.00000e+00,6.00000e-01,
-4.0985483e-01,-0.00000e+00,6.00000e-01,
-4.0956187e-01,2.00001e-01,6.00000e-01,
-4.0926892e-01,-0.00000e+00,6.00000e-01,
-4.0897596e-01,-0.00000e+00,6.00000e-01,
-4.0868300e-01,2.00001e-01,6.00000e-01,
-4.0839005e-01,-0.00000e+00,6.00000e-01,
-4.0809709e-01,-0.00000e+00,6.00000e-01,
-4.0780413e-01,-0.00000e+00,6.00000e-01,
-4.0751117e-01,2.00001e-01,6.00000e-01,
-4.0721822e-01,-0.00000e+00,6.00000e-01,
-4.0692526e-01,2.00001e-01,6.00000e-01,
-4.0663230e-01,2.00001e-01,5.60000e-01,
-4.0633935e-01,-0.00000e+00,6.00000e-01,
-4.0604639e-01,2.00001e-01,5.60000e-01,
-4.0575343e-01,2.00001e-01,6.00000e-01,
-4.0546048e-01,-0.00000e+00,6.00000e-01,
-4.0516752e-01,-0.00000e+00,6.00000e-01,
-4.0487456e-01,-0.00000e+00,6.00000e-01,
-4.0458161e-01,-0.00000e+00,6.00000e-01,
-4.0428865e-01,2.00001e-01,5.60000e-01,
-4.0399569e-01,-0.00000e+00,5.60000e-01,
-4.0370274e-01,2.00001e-01,5.60000e-01,
-4.0340978e-01,-0.00000e+00,5.60000e-01,
-4.0311682e-01,-0.00000e+00,6.00000e-01,
-4.0282387e-01,-0.00000e+00,5.60000e-01,
-4.0253091e-01,-0.00000e+00,5.60000e-01,
-4.0223795e-01,-0.00000e+00,5.60000e-01,
-4.0194499e-01,2.00001e-01,6.00000e-01,
-4.0165204e-01,-0.00000e+00,5.20000e-01,
-4.0135908e-01,-0.00000e+00,5.60000e-01,
-4.0106612e-01,-0.00000e+00,5.60000e-01,
-4.0077317e-01,-0.00000e+00,6.00000e-01,
-4.0048021e-01,-0.00000e+00,5.60000e-01,
-4.0018725e-01,-0.00000e+00,5.60000e-01,
-3.9989430e-01,-0.00000e+00,6.00000e-01,
-3.9960134e-01,-0.00000e+00,6.00000e-01,
-3.9930838e-01,-0.00000e+00,5.60000e-01,
-3.9901543e-01,2.00001e-01,5.60000e-01,
-3.9872247e-01,-0.00000e+00,5.60000e-01,
-3.9842951e-01,-0.00000e+00,6.00000e-01,
-3.9813656e-01,-0.00000e+00,5.60000e-01,
-3.9784360e-01,-0.00000e+00,5.60000e-01,
-3.9755064e-01,-0.00000e+00,5.20000e-01,
-3.9725769e-01,-0.00000e+00,5.60000e-01,
-3.9696473e-01,-0.00000e+00,5.60000e-01,
-3.9667177e-01,2.00001e-01,5.60000e-01,
-3.9637882e-01,-0.00000e+00,5.60000e-01,
-3.9608586e-01,-0.00000e+00,5.60000e-01,
-3.9579290e-01,-0.00000e+00,5.60000e-01,
-3.9549994e-01,-0.00000e+00,5.20000e-01,
-3.9520699e-01,-0.00000e+00,5.60000e-01,
-3.9491403e-01,-0.00000e+00,5.60000e-01,
-3.9462107e-01,-0.00000e+00,5.20000e-01,
-3.9432812e-01,-0.00000e+00,5.60000e-01,
-3.9403516e-01,2.00001e-01,5.60000e-01,
-3.9374220e-01,-0.00000e+00,5.60000e-01,
-3.9344925e-01,-0.00000e+00,5.60000e-01,
-3.9315629e-01,-0.00000e+00,5.20000e-01,
-3.9286333e-01,-0.00000e+00,5.20000e-01,
-3.9257038e-01,-0.00000e+00,5.60000e-01,
-3.9227742e-01,-0.00000e+00,5.60000e-01,
-3.9198446e-01,2.00001e-01,5.60000e-01,
-3.9169151e-01,-0.00000e+00,5.60000e-01,
-3.9139855e-01,-0.00000e+00,5.60000e-01,
-3.9110559e-01,-0.00000e+00,5.20000e-01,
-3.9081264e-01,-0.00000e+00,5.20000e-01,
-3.9051968e-01,-0.00000e+00,5.60000e-01,
-3.9022672e-01,-0.00000e+00,5.60000e-01,
-3.8993376e-01,-0.00000e+00,5.20000e-01,
-3.8964081e-01,2.00001e-01,5.60000e-01,
-3.8934785e-01,-0.00000e+00,5.60000e-01,
-3.8905489e-01,-0.00000e+00,5.60000e-01,
-3.8876194e-01,2.00001e-01,5.20000e-01,
-3.8846898e-01,-0.00000e+00,5.20000e-01,
-3.8817602e-01,-0.00000e+00,5.20000e-01,
-3.8788307e-01,-0.00000e+00,5.60000e-01,
-3.8759011e-01,-0.00000e+00,5.60000e-01,
-3.8729715e-01,2.00001e-01,5.60000e-01,
-3.8700420e-01,-0.00000e+00,5.60000e-01,
-3.8671124e-01,-0.00000e+00,5.60000e-01,
-3.8641828e-01,-0.00000e+00,5.60000e-01,
-3.8612533e-01,2.00001e-01,5.60000e-01,
-3.8583237e-01,-0.00000e+00,5.20000e-01,
-3.8553941e-01,-0.00000e+00,5.20000e-01,
-3.8524646e-01,-0.00000e+00,5.60000e-01,
-3.8495350e-01,-0.00000e+00,5.60000e-01,
-3.8466054e-01,2.00001e-01,5.20000e-01,
-3.8436759e-01,-0.00000e+00,5.60000e-01,
-3.8407463e-01,2.00001e-01,5.20000e-01,
-3.8378167e-01,-0.00000e+00,5.20000e-01,
-3.8348871e-01,-0.00000e+00,5.60000e-01,
-3.8319576e-01,-0.00000e+00,5.60000e-01,
-3.8290280e-01,-0.00000e+00,5.60000e-01,
-3.8260984e-01,-0.00000e+00,5.60000e-01,
-3.8231689e-01,-0.00000e+00,5.60000e-01,
-3.8202393e-01,-0.00000e+00,5.60000e-01,
-3.8173097e-01,-0.00000e+00,5.20000e-01,
-3.8143802e-01,-0.00000e+00,5.20000e-01,
-3.8114506e-01,-0.00000e+00,5.60000e-01,
-3.8085210e-01,-0.00000e+00,5.60000e-01,
-3.8055915e-01,-0.00000e+00,5.60000e-01,
-3.8026619e-01,-0.00000e+00,5.60000e-01,
-3.7997323e-01,-0.00000e+00,5.60000e-01,
-3.7968028e-01,-0.00000e+00,5.60000e-01,
-3.7938732e-01,-0.00000e+00,5.60000e-01,
-3.7909436e-01,-0.00000e+00,5.20000e-01,
-3.7880141e-01,-0.00000e+00,5.60000e-01,
-3.7850845e-01,-0.00000e+00,5.20000e-01,
-3.7821549e-01,-0.00000e+00,5.60000e-01,
-3.7792253e-01,-0.00000e+00,5.60000e-01,
-3.7762958e-01,2.00001e-01,5.60000e-01,
-3.7733662e-01,-0.00000e+00,5.20000e-01,
-3.7704366e-01,-0.00000e+00,5.60000e-01,
-3.7675071e-01,-0.00000e+00,5.60000e-01,
-3.7645775e-01,-0.00000e+00,5.60000e-01,
-3.7616479e-01,-0.00000e+00,5.60000e-01,
-3.7587184e-01,-0.00000e+00,5.60000e-01,
-3.7557888e-01,-0.00000e+00,5.60000e-01,
-3.7528592e-01,-0.00000e+00,5.60000e-01,
-3.7499297e-01,-0.00000e+00,5.60000e-01,
-3.7470001e-01,-0.00000e+00,5.20000e-01,
-3.7440705e-01,-0.00000e+00,5.60000e-01,
-3.7411410e-01,-0.00000e+00,5.20000e-01,
-3.7382114e-01,-0.00000e+00,5.20000e-01,
-3.7352818e-01,-0.00000e+00,5.60000e-01,
-3.7323523e-01,-0.00000e+00,6.00000e-01,
-3.7294227e-01,-0.00000e+00,5.60000e-01,
-3.7264931e-01,-0.00000e+00,5.60000e-01,
-3.7235636e-01,-0.00000e+00,5.60000e-01,
-3.7206340e-01,-0.00000e+00,5.60000e-01,
-3.7177044e-01,-0.00000e+00,5.60000e-01,
-3.7147748e-01,-0.00000e+00,5.60000e-01,
-3.7118453e-01,2.00001e-01,5.60000e-01,
-3.7089157e-01,-0.00000e+00,5.60000e-01,
-3.7059861e-01,-0.00000e+00,6.00000e-01,
-3.7030566e-01,-0.00000e+00,5.60000e-01,
-3.7001270e-01,-0.00000e+00,5.60000e-01,
-3.6971974e-01,-0.00000e+00,5.60000e-01,
-3.6942679e-01,-0.00000e+00,5.60000e-01,
-3.6913383e-01,-0.00000e+00,5.60000e-01,
-3.6884087e-01,-0.00000e+00,6.00000e-01,
-3.6854792e-01,-0.00000e+00,6.00000e-01,
-3.6825496e-01,2.00001e-01,6.00000e-01,
-3.6796200e-01,-0.00000e+00,6.00000e-01,
-3.6766905e-01,2.00001e-01,5.60000e-01,
-3.6737609e-01,-0.00000e+00,5.60000e-01,
-3.6708313e-01,-0.00000e+00,6.00000e-01,
-3.6679018e-01,-0.00000e+00,6.00000e-01,
-3.6649722e-01,2.00001e-01,6.00000e-01,
-3.6620426e-01,-0.00000e+00,6.00000e-01,
-3.6591130e-01,-0.00000e+00,5.60000e-01,
-3.6561835e-01,-0.00000e+00,6.00000e-01,
-3.6532539e-01,-0.00000e+00,5.60000e-01,
-3.6503243e-01,2.00001e-01,6.00000e-01,
-3.6473948e-01,2.00001e-01,5.60000e-01,
-3.6444652e-01,-0.00000e+00,6.00000e-01,
-3.6415356e-01,-0.00000e+00,6.00000e-01,
-3.6386061e-01,-0.00000e+00,6.00000e-01,
-3.6356765e-01,-0.00000e+00,6.00000e-01,
-3.6327469e-01,-0.00000e+00,6.00000e-01,
-3.6298174e-01,-0.00000e+00,5.60000e-01,
-3.6268878e-01,2.00001e-01,5.60000e-01,
-3.6239582e-01,2.00001e-01,6.00000e-01,
-3.6210287e-01,-0.00000e+00,6.00000e-01,
-3.6180991e-01,-0.00000e+00,5.60000e-01,
-3.6151695e-01,-0.00000e+00,5.60000e-01,
-3.6122400e-01,-0.00000e+00,6.00000e-01,
-3.6093104e-01,-0.00000e+00,6.00000e-01,
-3.6063808e-01,-0.00000e+00,5.60000e-01,
-3.6034513e-01,2.00001e-01,6.00000e-01,
-3.6005217e-01,-0.00000e+00,5.60000e-01,
-3.5975921e-01,-0.00000e+00,5.60000e-01,
-3.5946625e-01,-0.00000e+00,6.00000e-01,
-3.5917330e-01,-0.00000e+00,6.00000e-01,
-3.5888034e-01,-0.00000e+00,6.00000e-01,
-3.5858738e-01,-0.00000e+00,6.00000e-01,
-3.5829443e-01,-0.00000e+00,6.00000e-01,
-3.5800147e-01,2.00001e-01,6.00000e-01,
-3.5770851e-01,-0.00000e+00,6.00000e-01,
-3.5741556e-01,-0.00000e+00,6.00000e-01,
-3.5712260e-01,-0.00000e+00,5.60000e-01,
-3.5682964e-01,-0.00000e+00,6.00000e-01,
-3.5653669e-01,-0.00000e+00,6.00000e-01,
-3.5624373e-01,-0.00000e+00,6.00000e-01,
-3.5595077e-01,-0.00000e+00,6.00000e-01,
-3.5565782e-01,-0.00000e+00,6.00000e-01,
-3.5536486e-01,-0.00000e+00,6.00000e-01,
-3.5507190e-01,-0.00000e+00,5.60000e-01,
-3.5477895e-01,-0.00000e+00,6.00000e-01,
-3.5448599e-01,-0.00000e+00,6.00000e-01,
-3.5419303e-01,-0.00000e+00,6.00000e-01,
-3.5390007e-01,2.00001e-01,6.00000e-01,
-3.5360712e-01,-0.00000e+00,6.00000e-01,
-3.5331416e-01,-0.00000e+00,6.00000e-01,
-3.5302120e-01,-0.00000e+00,6.00000e-01,
-3.5272825e-01,-0.00000e+00,6.00000e-01,
-3.5243529e-01,-0.00000e+00,6.00000e-01,
-3.5214233e-01,-0.00000e+00,6.00000e-01,
-3.5184938e-01,-0.00000e+00,6.00000e-01,
-3.5155642e-01,-0.00000e+00,6.00000e-01,
-3.5126346e-01,-0.00000e+00,6.00000e-01,
-3.5097051e-01,-0.00000e+00,6.00000e-01,
-3.5067755e-01,-0.00000e+00,5.60000e-01,
-3.5038459e-01,-0.00000e+00,6.00000e-01,
-3.5009164e-01,-0.00000e+00,6.00000e-01,
-3.4979868e-01,-0.00000e+00,6.00000e-01,
-3.4950572e-01,-0.00000e+00,6.00000e-01,
-3.4921277e-01,-0.00000e+00,6.00000e-01,
-3.4891981e-01,-0.00000e+00,6.00000e-01,
-3.4862685e-01,2.00001e-01,6.00000e-01,
-3.4833390e-01,-0.00000e+00,6.00000e-01,
-3.4804094e-01,-0.00000e+00,6.00000e-01,
-3.4774798e-01,-0.00000e+00,6.00000e-01,
-3.4745502e-01,-0.00000e+00,6.00000e-01,
-3.4716207e-01,-0.00000e+00,6.00000e-01,
-3.4686911e-01,-0.00000e+00,6.00000e-01,
-3.4657615e-01,2.00001e-01,6.00000e-01,
-3.4628320e-01,-0.00000e+00,6.00000e-01,
-3.4599024e-01,-0.00000e+00,6.00000e-01,
-3.4569728e-01,2.00001e-01,6.00000e-01,
-3.4540433e-01,-0.00000e+00,6.00000e-01,
-3.4511137e-01,2.00001e-01,6.00000e-01,
-3.4481841e-01,-0.00000e+00,6.00000e-01,
-3.4452546e-01,-0.00000e+00,6.00000e-01,
-3.4423250e-01,-0.00000e+00,6.00000e-01,
-3.4393954e-01,-0.00000e+00,6.00000e-01,
-3.4364659e-01,-0.00000e+00,6.00000e-01,
-3.4335363e-01,-0.00000e+00,6.00000e-01,
-3.4306067e-01,-0.00000e+00,6.00000e-01,
-3.4276772e-01,-0.00000e+00,6.00000e-01,
-3.4247476e-01,2.00001e-01,6.00000e-01,
-3.4218180e-01,-0.00000e+00,6.00000e-01,
-3.4188884e-01,-0.00000e+00,6.00000e-01,
-3.4159589e-01,-0.00000e+00,6.00000e-01,
-3.4130293e-01,-0.00000e+00,6.00000e-01,
-3.4100997e-01,-0.00000e+00,6.00000e-01,
-3.4071702e-01,-0.00000e+00,6.00000e-01,
-3.4042406e-01,-0.00000e+00,6.00000e-01,
-3.4013110e-01,-0.00000e+00,6.40000e-01,
-3.3983815e-01,2.00001e-01,6.00000e-01,
-3.3954519e-01,-0.00000e+00,6.00000e-01,
-3.3925223e-01,2.00001e-01,6.00000e-01,
-3.3895928e-01,-0.00000e+00,6.40000e-01,
-3.3866632e-01,-0.00000e+00,6.00000e-01,
-3.3837336e-01,2.00001e-01,6.40000e-01,
-3.3808041e-01,2.00001e-01,6.40000e-01,
-3.3778745e-01,2.00001e-01,6.40000e-01,
-3.3749449e-01,2.00001e-01,6.00000e-01,
-3.3720154e-01,2.00001e-01,6.00000e-01,
-3.3690858e-01,-0.00000e+00,6.00000e-01,
-3.3661562e-01,2.00001e-01,6.00000e-01,
-3.3632267e-01,-0.00000e+00,6.40000e-01,
-3.3602971e-01,2.00001e-01,6.40000e-01,
-3.3573675e-01,2.00001e-01,6.40000e-01,
-3.3544379e-01,2.00001e-01,6.80000e-01,
-3.3515084e-01,2.00001e-01,6.40000e-01,
-3.3485788e-01,2.00001e-01,6.80000e-01,
-3.3456492e-01,2.00001e-01,6.40000e-01,
-3.3427197e-01,-0.00000e+00,6.80000e-01,
-3.3397901e-01,2.00001e-01,6.80000e-01,
-3.3368605e-01,-0.00000e+00,6.40000e-01,
-3.3339310e-01,2.00001e-01,6.00000e-01,
-3.3310014e-01,-0.00000e+00,6.80000e-01,
-3.3280718e-01,-0.00000e+00,6.40000e-01,
-3.3251423e-01,-0.00000e+00,6.40000e-01,
-3.3222127e-01,-0.00000e+00,6.80000e-01,
-3.3192831e-01,-0.00000e+00,6.80000e-01,
-3.3163536e-01,-0.00000e+00,6.40000e-01,
-3.3134240e-01,-0.00000e+00,6.40000e-01,
-3.3104944e-01,-0.00000e+00,6.80000e-01,
-3.3075649e-01,-0.00000e+00,6.80000e-01,
-3.3046353e-01,-0.00000e+00,6.80000e-01,
-3.3017057e-01,-0.00000e+00,6.80000e-01,
-3.2987761e-01,2.00001e-01,6.80000e-01,
-3.2958466e-01,-0.00000e+00,6.80000e-01,
-3.2929170e-01,-0.00000e+00,6.80000e-01,
-3.2899874e-01,2.00001e-01,6.80000e-01,
-3.2870579e-01,2.00001e-01,6.80000e-01,
-3.2841283e-01,-0.00000e+00,6.80000e-01,
-3.2811987e-01,-0.00000e+00,6.80000e-01,
-3.2782692e-01,-0.00000e+00,6.80000e-01,
-3.2753396e-01,-0.00000e+00,6.80000e-01,
-3.2724100e-01,-0.00000e+00,6.80000e-01,
-3.2694805e-01,2.00001e-01,6.80000e-01,
-3.2665509e-01,-0.00000e+00,6.80000e-01,
-3.2636213e-01,-0.00000e+00,6.80000e-01,
-3.2606918e-01,-0.00000e+00,6.80000e-01,
-3.2577622e-01,-0.00000e+00,6.80000e-01,
-3.2548326e-01,-0.00000e+00,7.20000e-01,
-3.2519031e-01,-0.00000e+00,6.80000e-01,
-3.2489735e-01,2.00001e-01,7.20000e-01,
-3.2460439e-01,-0.00000e+00,6.80000e-01,
-3.2431144e-01,-0.00000e+00,7.20000e-01,
-3.2401848e-01,-0.00000e+00,6.80000e-01,
-3.2372552e-01,-0.00000e+00,7.20000e-01,
-3.2343256e-01,2.00001e-01,7.20000e-01,
-3.2313961e-01,2.00001e-01,7.20000e-01,
-3.2284665e-01,-0.00000e+00,7.20000e-01,
-3.2255369e-01,2.00001e-01,7.20000e-01,
-3.2226074e-01,2.00001e-01,7.20000e-01,
-3.2196778e-01,-0.00000e+00,7.20000e-01,
-3.2167482e-01,-0.00000e+00,7.20000e-01,
-3.2138187e-01,-0.00000e+00,7.20000e-01,
-3.2108891e-01,-0.00000e+00,6.80000e-01,
-3.2079595e-01,2.00001e-01,7.20000e-01,
-3.2050300e-01,2.00001e-01,7.20000e-01,
-3.2021004e-01,-0.00000e+00,7.20000e-01,
-3.1991708e-01,2.00001e-01,7.20000e-01,
-3.1962413e-01,2.00001e-01,7.20000e-01,
-3.1933117e-01,-0.00000e+00,7.20000e-01,
-3.1903821e-01,-0.00000e+00,7.20000e-01,
-3.1874526e-01,2.00001e-01,7.20000e-01,
-3.1845230e-01,-0.00000e+00,7.20000e-01,
-3.1815934e-01,-0.00000e+00,7.20000e-01,
-3.1786638e-01,-0.00000e+00,7.20000e-01,
-3.1757343e-01,2.00001e-01,7.20000e-01,
-3.1728047e-01,2.00001e-01,7.20000e-01,
-3.1698751e-01,2.00001e-01,7.20000e-01,
-3.1669456e-01,2.00001e-01,7.60000e-01,
-3.1640160e-01,-0.00000e+00,7.20000e-01,
-3.1610864e-01,-0.00000e+00,7.20000e-01,
-3.1581569e-01,-0.00000e+00,7.60000e-01,
-3.1552273e-01,-0.00000e+00,7.20000e-01,
-3.1522977e-01,-0.00000e+00,7.20000e-01,
-3.1493682e-01,-0.00000e+00,7.20000e-01,
-3.1464386e-01,-0.00000e+00,7.20000e-01,
-3.1435090e-01,2.00001e-01,7.60000e-01,
-3.1405795e-01,-0.00000e+00,7.20000e-01,
-3.1376499e-01,2.00001e-01,7.20000e-01,
-3.1347203e-01,-0.00000e+00,7.60000e-01,
-3.1317908e-01,-0.00000e+00,7.60000e-01,
-3.1288612e-01,-0.00000e+00,7.20000e-01,
-3.1259316e-01,2.00001e-01,7.60000e-01,
-3.1230021e-01,-0.00000e+00,7.60000e-01,
-3.1200725e-01,-0.00000e+00,7.20000e-01,
-3.1171429e-01,-0.00000e+00,7.20000e-01,
-3.1142133e-01,-0.00000e+00,7.60000e-01,
-3.1112838e-01,-0.00000e+00,7.60000e-01,
-3.1083542e-01,-0.00000e+00,7.60000e-01,
-3.1054246e-01,-0.00000e+00,7.60000e-01,
-3.1024951e-01,-0.00000e+00,7.60000e-01,
-3.0995655e-01,-0.00000e+00,7.60000e-01,
-3.0966359e-01,-0.00000e+00,7.60000e-01,
-3.0937064e-01,-0.00000e+00,7.60000e-01,
-3.0907768e-01,-0.00000e+00,7.20000e-01,
-3.0878472e-01,-0.00000e+00,7.60000e-01,
-3.0849177e-01,-0.00000e+00,7.60000e-01,
-3.0819881e-01,-0.00000e+00,7.60000e-01,
-3.0790585e-01,-0.00000e+00,7.60000e-01,
-3.0761290e-01,-0.00000e+00,7.60000e-01,
-3.0731994e-01,-0.00000e+00,7.60000e-01,
-3.0702698e-01,-0.00000e+00,7.60000e-01,
-3.0673403e-01,-0.00000e+00,7.60000e-01,
-3.0644107e-01,-0.00000e+00,7.60000e-01,
-3.0614811e-01,-0.00000e+00,7.60000e-01,
-3.0585515e-01,2.00001e-01,7.60000e-01,
-3.0556220e-01,-0.00000e+00,8.00000e-01,
-3.0526924e-01,2.00001e-01,7.60000e-01,
-3.0497628e-01,2.00001e-01,7.60000e-01,
-3.0468333e-01,-0.00000e+00,7.60000e-01,
-3.0439037e-01,-0.00000e+00,7.60000e-01,
-3.0409741e-01,2.00001e-01,7.60000e-01,
-3.0380446e-01,-0.00000e+00,7.60000e-01,
-3.0351150e-01,-0.00000e+00,7.60000e-01,
-3.0321854e-01,-0.00000e+00,7.60000e-01,
-3.0292559e-01,-0.00000e+00,7.60000e-01,
-3.0263263e-01,-0.00000e+00,7.60000e-01,
-3.0233967e-01,-0.00000e+00,7.60000e-01,
-3.0204672e-01,2.00001e-01,7.60000e-01,
-3.0175376e-01,-0.00000e+00,7.60000e-01,
-3.0146080e-01,2.00001e-01,7.60000e-01,
-3.0116785e-01,2.00001e-01,7.60000e-01,
-3.0087489e-01,-0.00000e+00,7.60000e-01,
-3.0058193e-01,-0.00000e+00,7.60000e-01,
-3.0028898e-01,-0.00000e+00,8.00000e-01,
-2.9999602e-01,2.00001e-01,7.60000e-01,
-2.9970306e-01,2.00001e-01,7.60000e-01,
-2.9941010e-01,-0.00000e+00,7.60000e-01,
-2.9911715e-01,-0.00000e+00,7.60000e-01,
-2.9882419e-01,-0.00000e+00,7.60000e-01,
-2.9853123e-01,-0.00000e+00,7.60000e-01,
-2.9823828e-01,2.00001e-01,7.60000e-01,
-2.9794532e-01,-0.00000e+00,7.60000e-01,
-2.9765236e-01,2.00001e-01,7.60000e-01,
-2.9735941e-01,-0.00000e+00,7.60000e-01,
-2.9706645e-01,-0.00000e+00,7.60000e-01,
-2.9677349e-01,-0.00000e+00,7.60000e-01,
-2.9648054e-01,2.00001e-01,7.60000e-01,
-2.9618758e-01,-0.00000e+00,8.00000e-01,
-2.9589462e-01,2.00001e-01,8.00000e-01,
-2.9560167e-01,2.00001e-01,8.00000e-01,
-2.9530871e-01,2.00001e-01,8.00000e-01,
-2.9501575e-01,-0.00000e+00,7.60000e-01,
-2.9472280e-01,-0.00000e+00,8.40000e-01,
-2.9442984e-01,2.00001e-01,7.60000e-01,
-2.9413688e-01,-0.00000e+00,8.00000e-01,
-2.9384392e-01,-0.00000e+00,8.00000e-01,
-2.9355097e-01,-0.00000e+00,8.00000e-01,
-2.9325801e-01,-0.00000e+00,7.60000e-01,
-2.9296505e-01,2.00001e-01,8.00000e-01,
-2.9267210e-01,-0.00000e+00,8.40000e-01,
-2.9237914e-01,-0.00000e+00,8.00000e-01,
-2.9208618e-01,-0.00000e+00,7.60000e-01,
-2.9179323e-01,2.00001e-01,8.40000e-01,
-2.9150027e-01,-0.00000e+00,8.00000e-01,
-2.9120731e-01,-0.00000e+00,8.00000e-01,
-2.9091436e-01,-0.00000e+00,8.40000e-01,
-2.9062140e-01,-0.00000e+00,8.40000e-01,
-2.9032844e-01,-0.00000e+00,8.40000e-01,
-2.9003549e-01,-0.00000e+00,8.40000e-01,
-2.8974253e-01,-0.00000e+00,8.00000e-01,
-2.8944957e-01,-0.00000e+00,8.00000e-01,
-2.8915662e-01,-0.00000e+00,8.40000e-01,
-2.8886366e-01,2.00001e-01,8.40000e-01,
-2.8857070e-01,-0.00000e+00,7.60000e-01,
-2.8827775e-01,-0.00000e+00,8.40000e-01,
-2.8798479e-01,-0.00000e+00,8.40000e-01,
-2.8769183e-01,-0.00000e+00,8.40000e-01,
-2.8739887e-01,2.00001e-01,8.40000e-01,
-2.8710592e-01,-0.00000e+00,8.40000e-01,
-2.8681296e-01,-0.00000e+00,8.40000e-01,
-2.8652000e-01,-0.00000e+00,8.40000e-01,
-2.8622705e-01,-0.00000e+00,8.40000e-01,
-2.8593409e-01,-0.00000e+00,8.40000e-01,
-2.8564113e-01,-0.00000e+00,8.40000e-01,
-2.8534818e-01,-0.00000e+00,8.40000e-01,
-2.8505522e-01,2.00001e-01,8.40000e-01,
-2.8476226e-01,-0.00000e+00,8.40000e-01,
-2.8446931e-01,-0.00000e+00,8.40000e-01,
-2.8417635e-01,-0.00000e+00,8.40000e-01,
-2.8388339e-01,-0.00000e+00,8.40000e-01,
-2.8359044e-01,-0.00000e+00,8.40000e-01,
-2.8329748e-01,-0.00000e+00,8.40000e-01,
-2.8300452e-01,2.00001e-01,8.80000e-01,
-2.8271157e-01,-0.00000e+00,8.40000e-01,
-2.8241861e-01,-0.00000e+00,8.80000e-01,
-2.8212565e-01,-0.00000e+00,8.80000e-01,
-2.8183270e-01,-0.00000e+00,8.80000e-01,
-2.8153974e-01,-0.00000e+00,8.80000e-01,
-2.8124678e-01,-0.00000e+00,8.80000e-01,
-2.8095382e-01,-0.00000e+00,8.80000e-01,
-2.8066087e-01,2.00001e-01,8.80000e-01,
-2.8036791e-01,-0.00000e+00,8.80000e-01,
-2.8007495e-01,2.00001e-01,8.80000e-01,
-2.7978200e-01,-0.00000e+00,8.40000e-01,
-2.7948904e-01,-0.00000e+00,8.40000e-01,
-2.7919608e-01,2.00001e-01,8.80000e-01,
-2.7890313e-01,-0.00000e+00,8.80000e-01,
-2.7861017e-01,-0.00000e+00,8.80000e-01,
-2.7831721e-01,2.00001e-01,8.80000e-01,
-2.7802426e-01,-0.00000e+00,8.80000e-01,
-2.7773130e-01,-0.00000e+00,8.80000e-01,
-2.7743834e-01,-0.00000e+00,8.80000e-01,
-2.7714539e-01,2.00001e-01,8.80000e-01,
-2.7685243e-01,2.00001e-01,9.20000e-01,
-2.7655947e-01,-0.00000e+00,8.80000e-01,
-2.7626652e-01,-0.00000e+00,8.80000e-01,
-2.7597356e-01,-0.00000e+00,9.20000e-01,
-2.7568060e-01,-0.00000e+00,8.80000e-01,
-2.7538764e-01,-0.00000e+00,8.80000e-01,
-2.7509469e-01,2.00001e-01,8.80000e-01,
-2.7480173e-01,-0.00000e+00,9.20000e-01,
-2.7450877e-01,2.00001e-01,9.20000e-01,
-2.7421582e-01,2.00001e-01,8.80000e-01,
-2.7392286e-01,-0.00000e+00,9.20000e-01,
-2.7362990e-01,-0.00000e+00,9.20000e-01,
-2.7333695e-01,-0.00000e+00,8.80000e-01,
-2.7304399e-01,-0.00000e+00,8.80000e-01,
-2.7275103e-01,-0.00000e+00,9.20000e-01,
-2.7245808e-01,2.00001e-01,9.20000e-01,
-2.7216512e-01,-0.00000e+00,8.80000e-01,
-2.7187216e-01,-0.00000e+00,9.20000e-01,
-2.7157921e-01,-0.00000e+00,9.20000e-01,
-2.7128625e-01,-0.00000e+00,9.20000e-01,
-2.7099329e-01,-0.00000e+00,9.20000e-01,
-2.7070034e-01,2.00001e-01,9.20000e-01,
-2.7040738e-01,-0.00000e+00,9.20000e-01,
-2.7011442e-01,-0.00000e+00,9.20000e-01,
-2.6982147e-01,-0.00000e+00,9.20000e-01,
-2.6952851e-01,-0.00000e+00,9.20000e-01,
-2.6923555e-01,-0.00000e+00,9.20000e-01,
-2.6894259e-01,-0.00000e+00,9.20000e-01,
-2.6864964e-01,-0.00000e+00,9.20000e-01,
-2.6835668e-01,2.00001e-01,9.20000e-01,
-2.6806372e-01,2.00001e-01,9.20000e-01,
-2.6777077e-01,-0.00000e+00,9.20000e-01,
-2.6747781e-01,-0.00000e+00,9.20000e-01,
-2.6718485e-01,2.00001e-01,9.20000e-01,
-2.6689190e-01,-0.00000e+00,9.20000e-01,
-2.6659894e-01,-0.00000e+00,9.20000e-01,
-2.6630598e-01,-0.00000e+00,9.20000e-01,
-2.6601303e-01,2.00001e-01,9.20000e-01,
-2.6572007e-01,-0.00000e+00,9.20000e-01,
-2.6542711e-01,-0.00000e+00,9.20000e-01,
-2.6513416e-01,-0.00000e+00,9.20000e-01,
-2.6484120e-01,-0.00000e+00,9.20000e-01,
-2.6454824e-01,2.00001e-01,9.20000e-01,
-2.6425529e-01,-0.00000e+00,9.20000e-01,
-2.6396233e-01,2.00001e-01,9.20000e-01,
-2.6366937e-01,-0.00000e+00,9.20000e-01,
-2.6337641e-01,-0.00000e+00,9.20000e-01,
-2.6308346e-01,2.00001e-01,9.20000e-01,
-2.6279050e-01,-0.00000e+00,9.20000e-01,
-2.6249754e-01,2.00001e-01,9.20000e-01,
-2.6220459e-01,-0.00000e+00,9.20000e-01,
-2.6191163e-01,-0.00000e+00,9.20000e-01,
-2.6161867e-01,-0.00000e+00,9.20000e-01,
-2.6132572e-01,-0.00000e+00,9.20000e-01,
-2.6103276e-01,-0.00000e+00,9.20000e-01,
-2.6073980e-01,2.00001e-01,9.20000e-01,
-2.6044685e-01,2.00001e-01,9.20000e-01,
-2.6015389e-01,2.00001e-01,9.20000e-01,
-2.5986093e-01,2.00001e-01,9.20000e-01,
-2.5956798e-01,-0.00000e+00,9.20000e-01,
-2.5927502e-01,2.00001e-01,9.20000e-01,
-2.5898206e-01,-0.00000e+00,9.20000e-01,
-2.5868911e-01,-0.00000e+00,9.20000e-01,
-2.5839615e-01,2.00001e-01,9.20000e-01,
-2.5810319e-01,2.00001e-01,9.20000e-01,
-2.5781024e-01,-0.00000e+00,9.60000e-01,
-2.5751728e-01,2.00001e-01,9.20000e-01,
-2.5722432e-01,-0.00000e+00,9.20000e-01,
-2.5693136e-01,-0.00000e+00,9.20000e-01,
-2.5663841e-01,-0.00000e+00,9.20000e-01,
-2.5634545e-01,-0.00000e+00,9.60000e-01,
-2.5605249e-01,-0.00000e+00,9.60000e-01,
-2.5575954e-01,-0.00000e+00,9.60000e-01,
-2.5546658e-01,-0.00000e+00,9.20000e-01,
-2.5517362e-01,-0.00000e+00,9.60000e-01,
-2.5488067e-01,-0.00000e+00,1.00000e+00,
-2.5458771e-01,-0.00000e+00,1.00000e+00,
-2.5429475e-01,-0.00000e+00,1.00000e+00,
-2.5400180e-01,-0.00000e+00,9.60000e-01,
-2.5370884e-01,-0.00000e+00,1.00000e+00,
-2.5341588e-01,-0.00000e+00,1.00000e+00,
-2.5312293e-01,-0.00000e+00,9.60000e-01,
-2.5282997e-01,-0.00000e+00,1.00000e+00,
-2.5253701e-01,-0.00000e+00,9.60000e-01,
-2.5224406e-01,-0.00000e+00,1.00000e+00,
-2.5195110e-01,2.00001e-01,1.00000e+00,
-2.5165814e-01,-0.00000e+00,9.60000e-01,
-2.5136518e-01,-0.00000e+00,9.60000e-01,
-2.5107223e-01,-0.00000e+00,1.00000e+00,
-2.5077927e-01,-0.00000e+00,1.00000e+00,
-2.5048631e-01,-0.00000e+00,9.60000e-01,
-2.5019336e-01,-0.00000e+00,9.60000e-01,
-2.4990039e-01,-0.00000e+00,1.00000e+00,
-2.4960741e-01,-0.00000e+00,1.00000e+00,
-2.4931444e-01,-0.00000e+00,1.00000e+00,
-2.4902147e-01,-0.00000e+00,1.00000e+00,
-2.4872850e-01,-0.00000e+00,1.00000e+00,
-2.4843553e-01,-0.00000e+00,1.00000e+00,
-2.4814256e-01,-0.00000e+00,1.00000e+00,
-2.4784958e-01,-0.00000e+00,1.00000e+00,
-2.4755661e-01,-0.00000e+00,1.00000e+00,
-2.4726364e-01,2.00001e-01,1.04000e+00,
-2.4697067e-01,-0.00000e+00,1.04000e+00,
-2.4667770e-01,-0.00000e+00,1.00000e+00,
-2.4638472e-01,-0.00000e+00,1.00000e+00,
-2.4609175e-01,-0.00000e+00,1.00000e+00,
-2.4579878e-01,2.00001e-01,1.00000e+00,
-2.4550581e-01,-0.00000e+00,1.00000e+00,
-2.4521284e-01,-0.00000e+00,1.04000e+00,
-2.4491987e-01,-0.00000e+00,1.04000e+00,
-2.4462689e-01,-0.00000e+00,1.00000e+00,
-2.4433392e-01,-0.00000e+00,1.00000e+00,
-2.4404095e-01,-0.00000e+00,1.04000e+00,
-2.4374798e-01,-0.00000e+00,1.04000e+00,
-2.4345501e-01,-0.00000e+00,1.00000e+00,
-2.4316204e-01,2.00001e-01,1.04000e+00,
-2.4286906e-01,-0.00000e+00,1.00000e+00,
-2.4257609e-01,-0.00000e+00,1.04000e+00,
-2.4228312e-01,-0.00000e+00,1.04000e+00,
-2.4199015e-01,2.00001e-01,1.04000e+00,
-2.4169718e-01,-0.00000e+00,1.08000e+00,
-2.4140421e-01,-0.00000e+00,1.04000e+00,
-2.4111123e-01,-0.00000e+00,1.04000e+00,
-2.4081826e-01,2.00001e-01,1.04000e+00,
-2.4052529e-01,2.00001e-01,1.04000e+00,
-2.4023232e-01,2.00001e-01,1.04000e+00,
-2.3993935e-01,-0.00000e+00,1.04000e+00,
-2.3964638e-01,-0.00000e+00,1.04000e+00,
-2.3935340e-01,-0.00000e+00,1.04000e+00,
-2.3906043e-01,-0.00000e+00,1.00000e+00,
-2.3876746e-01,2.00001e-01,1.08000e+00,
-2.3847449e-01,-0.00000e+00,1.04000e+00,
-2.3818152e-01,-0.00000e+00,1.08000e+00,
-2.3788854e-01,-0.00000e+00,1.04000e+00,
-2.3759557e-01,-0.00000e+00,1.04000e+00,
-2.3730260e-01,-0.00000e+00,1.04000e+00,
-2.3700963e-01,-0.00000e+00,1.08000e+00,
-2.3671666e-01,-0.00000e+00,1.04000e+00,
-2.3642369e-01,-0.00000e+00,1.04000e+00,
-2.3613071e-01,-0.00000e+00,1.08000e+00,
-2.3583774e-01,-0.00000e+00,1.08000e+00,
-2.3554477e-01,-0.00000e+00,1.08000e+00,
-2.3525180e-01,-0.00000e+00,1.08000e+00,
-2.3495883e-01,-0.00000e+00,1.04000e+00,
-2.3466586e-01,2.00001e-01,1.04000e+00,
-2.3437288e-01,-0.00000e+00,1.08000e+00,
-2.3407991e-01,-0.00000e+00,1.08000e+00,
-2.3378694e-01,-0.00000e+00,1.08000e+00,
-2.3349397e-01,-0.00000e+00,1.08000e+00,
-2.3320100e-01,2.00001e-01,1.08000e+00,
-2.3290803e-01,-0.00000e+00,1.08000e+00,
-2.3261505e-01,-0.00000e+00,1.08000e+00,
-2.3232208e-01,-0.00000e+00,1.08000e+00,
-2.3202911e-01,-0.00000e+00,1.08000e+00,
-2.3173614e-01,-0.00000e+00,1.08000e+00,
-2.3144317e-01,-0.00000e+00,1.08000e+00,
-2.3115020e-01,-0.00000e+00,1.08000e+00,
-2.3085722e-01,-0.00000e+00,1.08000e+00,
-2.3056425e-01,-0.00000e+00,1.08000e+00,
-2.3027128e-01,2.00001e-01,1.08000e+00,
-2.2997831e-01,-0.00000e+00,1.08000e+00,
-2.2968534e-01,-0.00000e+00,1.08000e+00,
-2.2939236e-01,2.00001e-01,1.08000e+00,
-2.2909939e-01,-0.00000e+00,1.08000e+00,
-2.2880642e-01,-0.00000e+00,1.08000e+00,
-2.2851345e-01,-0.00000e+00,1.08000e+00,
-2.2822048e-01,-0.00000e+00,1.08000e+00,
-2.2792751e-01,-0.00000e+00,1.08000e+00,
-2.2763453e-01,-0.00000e+00,1.08000e+00,
-2.2734156e-01,2.00001e-01,1.08000e+00,
-2.2704859e-01,2.00001e-01,1.08000e+00,
-2.2675562e-01,-0.00000e+00,1.08000e+00,
-2.2646265e-01,-0.00000e+00,1.08000e+00,
-2.2616968e-01,2.00001e-01,1.08000e+00,
-2.2587670e-01,-0.00000e+00,1.08000e+00,
-2.2558373e-01,-0.00000e+00,1.08000e+00,
-2.2529076e-01,2.00001e-01,1.08000e+00,
-2.2499779e-01,-0.00000e+00,1.08000e+00,
-2.2470482e-01,-0.00000e+00,1.08000e+00,
-2.2441185e-01,-0.00000e+00,1.08000e+00,
-2.2411887e-01,2.00001e-01,1.08000e+00,
-2.2382590e-01,-0.00000e+00,1.08000e+00,
-2.2353293e-01,-0.00000e+00,1.12000e+00,
-2.2323996e-01,2.00001e-01,1.08000e+00,
-2.2294699e-01,2.00001e-01,1.12000e+00,
-2.2265401e-01,2.00001e-01,1.12000e+00,
-2.2236104e-01,2.00001e-01,1.12000e+00,
-2.2206807e-01,-0.00000e+00,1.08000e+00,
-2.2177510e-01,-0.00000e+00,1.08000e+00,
-2.2148213e-01,2.00001e-01,1.08000e+00,
-2.2118916e-01,2.00001e-01,1.16000e+00,
-2.2089618e-01,2.00001e-01,1.12000e+00,
-2.2060321e-01,2.00001e-01,1.12000e+00,
-2.2031024e-01,-0.00000e+00,1.08000e+00,
-2.2001727e-01,2.00001e-01,1.12000e+00,
-2.1972430e-01,-0.00000e+00,1.08000e+00,
-2.1943133e-01,-0.00000e+00,1.08000e+00,
-2.1913835e-01,2.00001e-01,1.12000e+00,
-2.1884538e-01,-0.00000e+00,1.12000e+00,
-2.1855241e-01,-0.00000e+00,1.16000e+00,
-2.1825944e-01,-0.00000e+00,1.12000e+00,
-2.1796647e-01,-0.00000e+00,1.16000e+00,
-2.1767350e-01,-0.00000e+00,1.12000e+00,
-2.1738052e-01,-0.00000e+00,1.12000e+00,
-2.1708755e-01,-0.00000e+00,1.16000e+00,
-2.1679458e-01,2.00001e-01,1.12000e+00,
-2.1650161e-01,-0.00000e+00,1.16000e+00,
-2.1620864e-01,-0.00000e+00,1.12000e+00,
-2.1591567e-01,-0.00000e+00,1.16000e+00,
-2.1562269e-01,-0.00000e+00,1.16000e+00,
-2.1532972e-01,-0.00000e+00,1.16000e+00,
-2.1503675e-01,-0.00000e+00,1.12000e+00,
-2.1474378e-01,-0.00000e+00,1.16000e+00,
-2.1445081e-01,-0.00000e+00,1.16000e+00,
-2.1415783e-01,-0.00000e+00,1.16000e+00,
-2.1386486e-01,2.00001e-01,1.20000e+00,
-2.1357189e-01,-0.00000e+00,1.16000e+00,
-2.1327892e-01,2.00001e-01,1.16000e+00,
-2.1298595e-01,-0.00000e+00,1.08000e+00,
-2.1269298e-01,-0.00000e+00,1.16000e+00,
-2.1240000e-01,-0.00000e+00,1.16000e+00,
-2.1210703e-01,-0.00000e+00,1.20000e+00,
-2.1181406e-01,-0.00000e+00,1.16000e+00,
-2.1152109e-01,-0.00000e+00,1.16000e+00,
-2.1122812e-01,2.00001e-01,1.16000e+00,
-2.1093515e-01,-0.00000e+00,1.16000e+00,
-2.1064217e-01,-0.00000e+00,1.16000e+00,
-2.1034920e-01,-0.00000e+00,1.16000e+00,
-2.1005623e-01,-0.00000e+00,1.16000e+00,
-2.0976326e-01,-0.00000e+00,1.16000e+00,
-2.0947029e-01,-0.00000e+00,1.20000e+00,
-2.0917732e-01,-0.00000e+00,1.16000e+00,
-2.0888434e-01,-0.00000e+00,1.16000e+00,
-2.0859137e-01,-0.00000e+00,1.20000e+00,
-2.0829840e-01,2.00001e-01,1.20000e+00,
-2.0800543e-01,-0.00000e+00,1.16000e+00,
-2.0771246e-01,-0.00000e+00,1.16000e+00,
-2.0741948e-01,-0.00000e+00,1.20000e+00,
-2.0712651e-01,-0.00000e+00,1.16000e+00,
-2.0683354e-01,-0.00000e+00,1.20000e+00,
-2.0654057e-01,-0.00000e+00,1.16000e+00,
-2.0624760e-01,-0.00000e+00,1.20000e+00,
-2.0595463e-01,-0.00000e+00,1.16000e+00,
-2.0566165e-01,2.00001e-01,1.16000e+00,
-2.0536868e-01,-0.00000e+00,1.20000e+00,
-2.0507571e-01,-0.00000e+00,1.20000e+00,
-2.0478274e-01,-0.00000e+00,1.16000e+00,
-2.0448977e-01,-0.00000e+00,1.20000e+00,
-2.0419680e-01,-0.00000e+00,1.20000e+00,
-2.0390382e-01,-0.00000e+00,1.20000e+00,
-2.0361085e-01,-0.00000e+00,1.20000e+00,
-2.0331788e-01,-0.00000e+00,1.20000e+00,
-2.0302491e-01,2.00001e-01,1.20000e+00,
-2.0273194e-01,-0.00000e+00,1.20000e+00,
-2.0243897e-01,-0.00000e+00,1.16000e+00,
-2.0214599e-01,2.00001e-01,1.20000e+00,
-2.0185302e-01,-0.00000e+00,1.20000e+00,
-2.0156005e-01,2.00001e-01,1.20000e+00,
-2.0126708e-01,2.00001e-01,1.24000e+00,
-2.0097411e-01,-0.00000e+00,1.20000e+00,
-2.0068114e-01,-0.00000e+00,1.24000e+00,
-2.0038816e-01,-0.00000e+00,1.20000e+00,
-2.0009519e-01,-0.00000e+00,1.20000e+00,
-1.9980222e-01,-0.00000e+00,1.20000e+00,
-1.9950925e-01,-0.00000e+00,1.24000e+00,
-1.9921628e-01,-0.00000e+00,1.24000e+00,
-1.9892330e-01,2.00001e-01,1.24000e+00,
-1.9863033e-01,2.00001e-01,1.20000e+00,
-1.9833736e-01,-0.00000e+00,1.20000e+00,
-1.9804439e-01,2.00001e-01,1.24000e+00,
-1.9775142e-01,-0.00000e+00,1.24000e+00,
-1.9745845e-01,-0.00000e+00,1.24000e+00,
-1.9716547e-01,-0.00000e+00,1.24000e+00,
-1.9687250e-01,-0.00000e+00,1.24000e+00,
-1.9657953e-01,-0.00000e+00,1.24000e+00,
-1.9628656e-01,2.00001e-01,1.24000e+00,
-1.9599359e-01,-0.00000e+00,1.24000e+00,
-1.9570062e-01,2.00001e-01,1.24000e+00,
-1.9540764e-01,-0.00000e+00,1.24000e+00,
-1.9511467e-01,-0.00000e+00,1.24000e+00,
-1.9482170e-01,-0.00000e+00,1.24000e+00,
-1.9452873e-01,-0.00000e+00,1.24000e+00,
-1.9423576e-01,-0.00000e+00,1.24000e+00,
-1.9394279e-01,-0.00000e+00,1.24000e+00,
-1.9364981e-01,-0.00000e+00,1.24000e+00,
-1.9335684e-01,-0.00000e+00,1.24000e+00,
-1.9306387e-01,-0.00000e+00,1.24000e+00,
-1.9277090e-01,-0.00000e+00,1.24000e+00,
-1.9247793e-01,-0.00000e+00,1.24000e+00,
-1.9218495e-01,-0.00000e+00,1.24000e+00,
-1.9189198e-01,2.00001e-01,1.24000e+00,
-1.9159901e-01,2.00001e-01,1.24000e+00,
-1.9130604e-01,2.00001e-01,1.24000e+00,
-1.9101307e-01,-0.00000e+00,1.24000e+00,
-1.9072010e-01,-0.00000e+00,1.24000e+00,
-1.9042712e-01,-0.00000e+00,1.24000e+00,
-1.9013415e-01,2.00001e-01,1.24000e+00,
-1.8984118e-01,-0.00000e+00,1.24000e+00,
-1.8954821e-01,2.00001e-01,1.24000e+00,
-1.8925524e-01,-0.00000e+00,1.24000e+00,
-1.8896227e-01,2.00001e-01,1.24000e+00,
-1.8866929e-01,-0.00000e+00,1.24000e+00,
-1.8837632e-01,-0.00000e+00,1.24000e+00,
-1.8808335e-01,2.00001e-01,1.24000e+00,
-1.8779038e-01,-0.00000e+00,1.24000e+00,
-1.8749741e-01,-0.00000e+00,1.24000e+00,
-1.8720444e-01,2.00001e-01,1.24000e+00,
-1.8691146e-01,-0.00000e+00,1.24000e+00,
-1.8661849e-01,2.00001e-01,1.24000e+00,
-1.8632552e-01,2.00001e-01,1.24000e+00,
-1.8603255e-01,2.00001e-01,1.24000e+00,
-1.8573958e-01,-0.00000e+00,1.28000e+00,
-1.8544661e-01,-0.00000e+00,1.24000e+00,
-1.8515363e-01,-0.00000e+00,1.32000e+00,
-1.8486066e-01,2.00001e-01,1.24000e+00,
-1.8456769e-01,2.00001e-01,1.24000e+00,
-1.8427472e-01,-0.00000e+00,1.24000e+00,
-1.8398175e-01,2.00001e-01,1.28000e+00,
-1.8368877e-01,2.00001e-01,1.28000e+00,
-1.8339580e-01,2.00001e-01,1.24000e+00,
-1.8310283e-01,2.00001e-01,1.24000e+00,
-1.8280986e-01,2.00001e-01,1.28000e+00,
-1.8251689e-01,-0.00000e+00,1.28000e+00,
-1.8222392e-01,2.00001e-01,1.24000e+00,
-1.8193094e-01,2.00001e-01,1.24000e+00,
-1.8163797e-01,2.00001e-01,1.24000e+00,
-1.8134500e-01,2.00001e-01,1.28000e+00,
-1.8105203e-01,-0.00000e+00,1.28000e+00,
-1.8075906e-01,-0.00000e+00,1.28000e+00,
-1.8046609e-01,-0.00000e+00,1.28000e+00,
-1.8017311e-01,-0.00000e+00,1.32000e+00,
-1.7988014e-01,2.00001e-01,1.24000e+00,
-1.7958717e-01,-0.00000e+00,1.28000e+00,
-1.7929420e-01,-0.00000e+00,1.28000e+00,
-1.7900123e-01,2.00001e-01,1.32000e+00,
-1.7870826e-01,-0.00000e+00,1.32000e+00,
-1.7841528e-01,-0.00000e+00,1.32000e+00,
-1.7812231e-01,-0.00000e+00,1.28000e+00,
-1.7782934e-01,-0.00000e+00,1.32000e+00,
-1.7753637e-01,-0.00000e+00,1.32000e+00,
-1.7724340e-01,-0.00000e+00,1.32000e+00,
-1.7695042e-01,-0.00000e+00,1.32000e+00,
-1.7665745e-01,-0.00000e+00,1.32000e+00,
-1.7636448e-01,-0.00000e+00,1.32000e+00,
-1.7607151e-01,-0.00000e+00,1.32000e+00,
-1.7577854e-01,2.00001e-01,1.32000e+00,
-1.7548557e-01,-0.00000e+00,1.32000e+00,
-1.7519259e-01,-0.00000e+00,1.32000e+00,
-1.7489962e-01,-0.00000e+00,1.32000e+00,
-1.7460665e-01,-0.00000e+00,1.32000e+00,
-1.7431368e-01,-0.00000e+00,1.32000e+00,
-1.7402071e-01,-0.00000e+00,1.32000e+00,
-1.7372774e-01,-0.00000e+00,1.32000e+00,
-1.7343476e-01,-0.00000e+00,1.28000e+00,
-1.7314179e-01,-0.00000e+00,1.32000e+00,
-1.7284882e-01,-0.00000e+00,1.32000e+00,
-1.7255585e-01,-0.00000e+00,1.32000e+00,
-1.7226288e-01,2.00001e-01,1.32000e+00,
-1.7196991e-01,-0.00000e+00,1.32000e+00,
-1.7167693e-01,2.00001e-01,1.32000e+00,
-1.7138396e-01,-0.00000e+00,1.32000e+00,
-1.7109099e-01,-0.00000e+00,1.32000e+00,
-1.7079802e-01,-0.00000e+00,1.32000e+00,
-1.7050505e-01,-0.00000e+00,1.32000e+00,
-1.7021208e-01,-0.00000e+00,1.32000e+00,
-1.6991910e-01,-0.00000e+00,1.36000e+00,
-1.6962613e-01,-0.00000e+00,1.32000e+00,
-1.6933316e-01,-0.00000e+00,1.32000e+00,
-1.6904019e-01,2.00001e-01,1.32000e+00,
-1.6874722e-01,-0.00000e+00,1.36000e+00,
-1.6845424e-01,-0.00000e+00,1.36000e+00,
-1.6816127e-01,-0.00000e+00,1.32000e+00,
-1.6786830e-01,-0.00000e+00,1.36000e+00,
-1.6757533e-01,-0.00000e+00,1.32000e+00,
-1.6728236e-01,-0.00000e+00,1.36000e+00,
-1.6698939e-01,-0.00000e+00,1.36000e+00,
-1.6669641e-01,2.00001e-01,1.36000e+00,
-1.6640344e-01,-0.00000e+00,1.36000e+00,
-1.6611047e-01,-0.00000e+00,1.36000e+00,
-1.6581750e-01,-0.00000e+00,1.36000e+00,
-1.6552453e-01,-0.00000e+00,1.36000e+00,
-1.6523156e-01,-0.00000e+00,1.36000e+00,
-1.6493858e-01,-0.00000e+00,1.36000e+00,
-1.6464561e-01,2.00001e-01,1.36000e+00,
-1.6435264e-01,-0.00000e+00,1.36000e+00,
-1.6405967e-01,2.00001e-01,1.40000e+00,
-1.6376670e-01,2.00001e-01,1.36000e+00,
-1.6347373e-01,-0.00000e+00,1.36000e+00,
-1.6318075e-01,-0.00000e+00,1.36000e+00,
-1.6288778e-01,2.00001e-01,1.36000e+00,
-1.6259481e-01,-0.00000e+00,1.40000e+00,
-1.6230184e-01,2.00001e-01,1.40000e+00,
-1.6200887e-01,2.00001e-01,1.36000e+00,
-1.6171589e-01,-0.00000e+00,1.40000e+00,
-1.6142292e-01,-0.00000e+00,1.40000e+00,
-1.6112995e-01,2.00001e-01,1.40000e+00,
-1.6083698e-01,-0.00000e+00,1.40000e+00,
-1.6054401e-01,-0.00000e+00,1.36000e+00,
-1.6025104e-01,-0.00000e+00,1.40000e+00,
-1.5995806e-01,-0.00000e+00,1.36000e+00,
-1.5966509e-01,-0.00000e+00,1.40000e+00,
-1.5937212e-01,-0.00000e+00,1.36000e+00,
-1.5907915e-01,-0.00000e+00,1.40000e+00,
-1.5878618e-01,-0.00000e+00,1.40000e+00,
-1.5849321e-01,-0.00000e+00,1.36000e+00,
-1.5820023e-01,-0.00000e+00,1.40000e+00,
-1.5790726e-01,2.00001e-01,1.40000e+00,
-1.5761429e-01,-0.00000e+00,1.36000e+00,
-1.5732132e-01,-0.00000e+00,1.40000e+00,
-1.5702835e-01,-0.00000e+00,1.40000e+00,
-1.5673538e-01,-0.00000e+00,1.40000e+00,
-1.5644240e-01,2.00001e-01,1.40000e+00,
-1.5614943e-01,-0.00000e+00,1.40000e+00,
-1.5585646e-01,-0.00000e+00,1.40000e+00,
-1.5556349e-01,-0.00000e+00,1.40000e+00,
-1.5527052e-01,-0.00000e+00,1.40000e+00,
-1.5497755e-01,-0.00000e+00,1.40000e+00,
-1.5468457e-01,-0.00000e+00,1.40000e+00,
-1.5439160e-01,-0.00000e+00,1.40000e+00,
-1.5409863e-01,-0.00000e+00,1.40000e+00,
-1.5380566e-01,-0.00000e+00,1.40000e+00,
-1.5351269e-01,-0.00000e+00,1.40000e+00,
-1.5321971e-01,-0.00000e+00,1.40000e+00,
-1.5292674e-01,2.00001e-01,1.40000e+00,
-1.5263377e-01,-0.00000e+00,1.40000e+00,
-1.5234080e-01,-0.00000e+00,1.40000e+00,
-1.5204783e-01,-0.00000e+00,1.40000e+00,
-1.5175486e-01,-0.00000e+00,1.40000e+00,
-1.5146188e-01,-0.00000e+00,1.40000e+00,
-1.5116891e-01,-0.00000e+00,1.44000e+00,
-1.5087594e-01,2.00001e-01,1.40000e+00,
-1.5058297e-01,-0.00000e+00,1.40000e+00,
-1.5029000e-01,2.00001e-01,1.40000e+00,
-1.4999703e-01,2.00001e-01,1.40000e+00,
-1.4970405e-01,-0.00000e+00,1.40000e+00,
-1.4941108e-01,2.00001e-01,1.40000e+00,
-1.4911811e-01,-0.00000e+00,1.40000e+00,
-1.4882514e-01,-0.00000e+00,1.44000e+00,
-1.4853217e-01,-0.00000e+00,1.40000e+00,
-1.4823920e-01,-0.00000e+00,1.40000e+00,
-1.4794622e-01,-0.00000e+00,1.44000e+00,
-1.4765325e-01,2.00001e-01,1.40000e+00,
-1.4736028e-01,-0.00000e+00,1.40000e+00,
-1.4706731e-01,2.00001e-01,1.44000e+00,
-1.4677434e-01,2.00001e-01,1.44000e+00,
-1.4648136e-01,2.00001e-01,1.44000e+00,
-1.4618839e-01,2.00001e-01,1.40000e+00,
-1.4589542e-01,-0.00000e+00,1.40000e+00,
-1.4560245e-01,-0.00000e+00,1.40000e+00,
-1.4530948e-01,-0.00000e+00,1.40000e+00,
-1.4501651e-01,-0.00000e+00,1.40000e+00,
-1.4472353e-01,2.00001e-01,1.40000e+00,
-1.4443056e-01,-0.00000e+00,1.40000e+00,
-1.4413759e-01,2.00001e-01,1.40000e+00,
-1.4384462e-01,-0.00000e+00,1.44000e+00,
-1.4355165e-01,2.00001e-01,1.48000e+00,
-1.4325868e-01,-0.00000e+00,1.44000e+00,
-1.4296570e-01,-0.00000e+00,1.40000e+00,
-1.4267273e-01,-0.00000e+00,1.44000e+00,
-1.4237976e-01,-0.00000e+00,1.48000e+00,
-1.4208679e-01,-0.00000e+00,1.48000e+00,
-1.4179382e-01,-0.00000e+00,1.48000e+00,
-1.4150085e-01,-0.00000e+00,1.48000e+00,
-1.4120787e-01,-0.00000e+00,1.48000e+00,
-1.4091490e-01,-0.00000e+00,1.48000e+00,
-1.4062193e-01,-0.00000e+00,1.48000e+00,
-1.4032896e-01,-0.00000e+00,1.48000e+00,
-1.4003599e-01,-0.00000e+00,1.48000e+00,
-1.3974302e-01,-0.00000e+00,1.48000e+00,
-1.3945004e-01,-0.00000e+00,1.48000e+00,
-1.3915707e-01,-0.00000e+00,1.48000e+00,
-1.3886410e-01,2.00001e-01,1.48000e+00,
-1.3857113e-01,-0.00000e+00,1.48000e+00,
-1.3827816e-01,-0.00000e+00,1.48000e+00,
-1.3798518e-01,-0.00000e+00,1.48000e+00,
-1.3769221e-01,-0.00000e+00,1.52000e+00,
-1.3739924e-01,-0.00000e+00,1.48000e+00,
-1.3710627e-01,-0.00000e+00,1.48000e+00,
-1.3681330e-01,-0.00000e+00,1.48000e+00,
-1.3652033e-01,-0.00000e+00,1.48000e+00,
-1.3622735e-01,-0.00000e+00,1.48000e+00,
-1.3593438e-01,-0.00000e+00,1.48000e+00,
-1.3564141e-01,-0.00000e+00,1.52000e+00,
-1.3534844e-01,-0.00000e+00,1.52000e+00,
-1.3505547e-01,-0.00000e+00,1.52000e+00,
-1.3476250e-01,-0.00000e+00,1.48000e+00,
-1.3446952e-01,-0.00000e+00,1.48000e+00,
-1.3417655e-01,-0.00000e+00,1.52000e+00,
-1.3388358e-01,-0.00000e+00,1.52000e+00,
-1.3359061e-01,-0.00000e+00,1.52000e+00,
-1.3329764e-01,-0.00000e+00,1.52000e+00,
-1.3300467e-01,-0.00000e+00,1.52000e+00,
-1.3271169e-01,-0.00000e+00,1.52000e+00,
-1.3241872e-01,-0.00000e+00,1.52000e+00,
-1.3212575e-01,-0.00000e+00,1.52000e+00,
-1.3183278e-01,-0.00000e+00,1.52000e+00,
-1.3153981e-01,2.00001e-01,1.52000e+00,
-1.3124683e-01,-0.00000e+00,1.52000e+00,
-1.3095386e-01,-0.00000e+00,1.48000e+00,
-1.3066089e-01,-0.00000e+00,1.52000e+00,
-1.3036792e-01,-0.00000e+00,1.52000e+00,
-1.3007495e-01,-0.00000e+00,1.52000e+00,
-1.2978198e-01,2.00001e-01,1.52000e+00,
-1.2948900e-01,-0.00000e+00,1.52000e+00,
-1.2919603e-01,-0.00000e+00,1.52000e+00,
-1.2890306e-01,-0.00000e+00,1.52000e+00,
-1.2861009e-01,-0.00000e+00,1.52000e+00,
-1.2831712e-01,2.00001e-01,1.52000e+00,
-1.2802415e-01,-0.00000e+00,1.52000e+00,
-1.2773117e-01,2.00001e-01,1.52000e+00,
-1.2743820e-01,-0.00000e+00,1.56000e+00,
-1.2714523e-01,-0.00000e+00,1.56000e+00,
-1.2685226e-01,-0.00000e+00,1.52000e+00,
-1.2655929e-01,-0.00000e+00,1.52000e+00,
-1.2626632e-01,-0.00000e+00,1.56000e+00,
-1.2597334e-01,2.00001e-01,1.52000e+00,
-1.2568037e-01,-0.00000e+00,1.52000e+00,
-1.2538740e-01,-0.00000e+00,1.52000e+00,
-1.2509443e-01,-0.00000e+00,1.52000e+00,
-1.2480146e-01,-0.00000e+00,1.56000e+00,
-1.2450849e-01,-0.00000e+00,1.52000e+00,
-1.2421551e-01,-0.00000e+00,1.56000e+00,
-1.2392254e-01,-0.00000e+00,1.52000e+00,
-1.2362957e-01,-0.00000e+00,1.56000e+00,
-1.2333660e-01,-0.00000e+00,1.56000e+00,
-1.2304363e-01,-0.00000e+00,1.56000e+00,
-1.2275065e-01,-0.00000e+00,1.56000e+00,
-1.2245768e-01,-0.00000e+00,1.48000e+00,
-1.2216471e-01,-0.00000e+00,1.56000e+00,
-1.2187174e-01,-0.00000e+00,1.56000e+00,
-1.2157877e-01,2.00001e-01,1.52000e+00,
-1.2128580e-01,-0.00000e+00,1.56000e+00,
-1.2099282e-01,2.00001e-01,1.56000e+00,
-1.2069985e-01,-0.00000e+00,1.56000e+00,
-1.2040688e-01,-0.00000e+00,1.56000e+00,
-1.2011391e-01,-0.00000e+00,1.56000e+00,
-1.1982094e-01,-0.00000e+00,1.56000e+00,
-1.1952797e-01,-0.00000e+00,1.56000e+00,
-1.1923499e-01,-0.00000e+00,1.56000e+00,
-1.1894202e-01,-0.00000e+00,1.56000e+00,
-1.1864905e-01,-0.00000e+00,1.56000e+00,
-1.1835608e-01,-0.00000e+00,1.56000e+00,
-1.1806311e-01,2.00001e-01,1.56000e+00,
-1.1777014e-01,-0.00000e+00,1.56000e+00,
-1.1747716e-01,2.00001e-01,1.56000e+00,
-1.1718419e-01,-0.00000e+00,1.56000e+00,
-1.1689122e-01,2.00001e-01,1.56000e+00,
-1.1659825e-01,-0.00000e+00,1.52000e+00,
-1.1630528e-01,-0.00000e+00,1.56000e+00,
-1.1601231e-01,-0.00000e+00,1.56000e+00,
-1.1571933e-01,-0.00000e+00,1.56000e+00,
-1.1542636e-01,-0.00000e+00,1.56000e+00,
-1.1513339e-01,-0.00000e+00,1.56000e+00,
-1.1484042e-01,-0.00000e+00,1.60000e+00,
-1.1454745e-01,2.00001e-01,1.56000e+00,
-1.1425447e-01,-0.00000e+00,1.52000e+00,
-1.1396150e-01,-0.00000e+00,1.56000e+00,
-1.1366853e-01,2.00001e-01,1.56000e+00,
-1.1337556e-01,-0.00000e+00,1.56000e+00,
-1.1308259e-01,-0.00000e+00,1.56000e+00,
-1.1278962e-01,-0.00000e+00,1.56000e+00,
-1.1249664e-01,-0.00000e+00,1.56000e+00,
-1.1220367e-01,-0.00000e+00,1.60000e+00,
-1.1191070e-01,-0.00000e+00,1.56000e+00,
-1.1161773e-01,-0.00000e+00,1.56000e+00,
-1.1132476e-01,-0.00000e+00,1.60000e+00,
-1.1103179e-01,2.00001e-01,1.60000e+00,
-1.1073881e-01,-0.00000e+00,1.60000e+00,
-1.1044584e-01,-0.00000e+00,1.64000e+00,
-1.1015287e-01,-0.00000e+00,1.56000e+00,
-1.0985990e-01,2.00001e-01,1.64000e+00,
-1.0956693e-01,2.00001e-01,1.60000e+00,
-1.0927396e-01,2.00001e-01,1.64000e+00,
-1.0898098e-01,2.00001e-01,1.60000e+00,
-1.0868801e-01,-0.00000e+00,1.60000e+00,
-1.0839504e-01,-0.00000e+00,1.60000e+00,
-1.0810207e-01,-0.00000e+00,1.60000e+00,
-1.0780910e-01,2.00001e-01,1.64000e+00,
-1.0751612e-01,2.00001e-01,1.60000e+00,
-1.0722315e-01,-0.00000e+00,1.64000e+00,
-1.0693018e-01,2.00001e-01,1.60000e+00,
-1.0663721e-01,2.00001e-01,1.60000e+00,
-1.0634424e-01,-0.00000e+00,1.64000e+00,
-1.0605127e-01,2.00001e-01,1.60000e+00,
-1.0575829e-01,2.00001e-01,1.64000e+00,
-1.0546532e-01,-0.00000e+00,1.64000e+00,
-1.0517235e-01,-0.00000e+00,1.64000e+00,
-1.0487938e-01,-0.00000e+00,1.64000e+00,
-1.0458641e-01,2.00001e-01,1.64000e+00,
-1.0429344e-01,-0.00000e+00,1.64000e+00,
-1.0400046e-01,2.00001e-01,1.64000e+00,
-1.0370749e-01,2.00001e-01,1.64000e+00,
-1.0341452e-01,2.00001e-01,1.64000e+00,
-1.0312155e-01,-0.00000e+00,1.64000e+00,
-1.0282858e-01,-0.00000e+00,1.64000e+00,
-1.0253561e-01,2.00001e-01,1.64000e+00,
-1.0224263e-01,-0.00000e+00,1.64000e+00,
-1.0194966e-01,-0.00000e+00,1.64000e+00,
-1.0165669e-01,2.00001e-01,1.64000e+00,
-1.0136372e-01,-0.00000e+00,1.64000e+00,
-1.0107075e-01,-0.00000e+00,1.68000e+00,
-1.0077778e-01,-0.00000e+00,1.64000e+00,
-1.0048480e-01,-0.00000e+00,1.64000e+00,
-1.0019183e-01,-0.00000e+00,1.64000e+00,
-9.9898860e-02,2.00001e-01,1.68000e+00,
-9.9605888e-02,2.00001e-01,1.68000e+00,
-9.9312916e-02,-0.00000e+00,1.68000e+00,
-9.9019945e-02,-0.00000e+00,1.68000e+00,
-9.8726973e-02,-0.00000e+00,1.64000e+00,
-9.8434001e-02,-0.00000e+00,1.68000e+00,
-9.8141029e-02,-0.00000e+00,1.68000e+00,
-9.7848058e-02,-0.00000e+00,1.64000e+00,
-9.7555086e-02,-0.00000e+00,1.64000e+00,
-9.7262114e-02,2.00001e-01,1.72000e+00,
-9.6969143e-02,-0.00000e+00,1.64000e+00,
-9.6676171e-02,-0.00000e+00,1.64000e+00,
-9.6383199e-02,2.00001e-01,1.68000e+00,
-9.6090227e-02,2.00001e-01,1.68000e+00,
-9.5797256e-02,-0.00000e+00,1.68000e+00,
-9.5504284e-02,-0.00000e+00,1.68000e+00,
-9.5211312e-02,-0.00000e+00,1.68000e+00,
-9.4918340e-02,-0.00000e+00,1.68000e+00,
-9.4625369e-02,-0.00000e+00,1.68000e+00,
-9.4332397e-02,-0.00000e+00,1.68000e+00,
-9.4039425e-02,-0.00000e+00,1.68000e+00,
-9.3746454e-02,-0.00000e+00,1.68000e+00,
-9.3453482e-02,-0.00000e+00,1.72000e+00,
-9.3160510e-02,-0.00000e+00,1.68000e+00,
-9.2867538e-02,2.00001e-01,1.68000e+00,
-9.2574567e-02,-0.00000e+00,1.68000e+00,
-9.2281595e-02,2.00001e-01,1.68000e+00,
-9.1988623e-02,2.00001e-01,1.68000e+00,
-9.1695651e-02,-0.00000e+00,1.68000e+00,
-9.1402680e-02,2.00001e-01,1.68000e+00,
-9.1109708e-02,-0.00000e+00,1.72000e+00,
-9.0816736e-02,5.60000e+00,1.72000e+00,
-9.0523764e-02,-0.00000e+00,1.68000e+00,
-9.0230793e-02,2.00001e-01,1.68000e+00,
-8.9937821e-02,2.00001e-01,1.68000e+00,
-8.9644849e-02,-0.00000e+00,1.72000e+00,
-8.9351878e-02,-0.00000e+00,1.72000e+00,
-8.9058906e-02,-0.00000e+00,1.72000e+00,
-8.8765934e-02,2.00001e-01,1.68000e+00,
-8.8472962e-02,-0.00000e+00,1.72000e+00,
-8.8179991e-02,-0.00000e+00,1.72000e+00,
-8.7887019e-02,-0.00000e+00,1.72000e+00,
-8.7594047e-02,2.00001e-01,1.68000e+00,
-8.7301075e-02,-0.00000e+00,1.72000e+00,
-8.7008104e-02,-0.00000e+00,1.72000e+00,
-8.6715132e-02,-0.00000e+00,1.68000e+00,
-8.6422160e-02,-0.00000e+00,1.72000e+00,
-8.6129189e-02,2.00001e-01,1.72000e+00,
-8.5836217e-02,2.00001e-01,1.72000e+00,
-8.5543245e-02,-0.00000e+00,1.72000e+00,
-8.5250273e-02,2.00001e-01,1.72000e+00,
-8.4957302e-02,-0.00000e+00,1.72000e+00,
-8.4664330e-02,-0.00000e+00,1.72000e+00,
-8.4371358e-02,-0.00000e+00,1.72000e+00,
-8.4078386e-02,-0.00000e+00,1.68000e+00,
-8.3785415e-02,-0.00000e+00,1.72000e+00,
-8.3492443e-02,-0.00000e+00,1.72000e+00,
-8.3199471e-02,2.00001e-01,1.72000e+00,
-8.2906500e-02,-0.00000e+00,1.72000e+00,
-8.2613528e-02,-0.00000e+00,1.72000e+00,
-8.2320556e-02,-0.00000e+00,1.72000e+00,
-8.2027584e-02,2.00001e-01,1.72000e+00,
-8.1734613e-02,2.00001e-01,1.72000e+00,
-8.1441641e-02,-0.00000e+00,1.72000e+00,
-8.1148669e-02,-0.00000e+00,1.72000e+00,
-8.0855697e-02,-0.00000e+00,1.72000e+00,
-8.0562726e-02,2.00001e-01,1.72000e+00,
-8.0269754e-02,-0.00000e+00,1.72000e+00,
-7.9976782e-02,2.00001e-01,1.72000e+00,
-7.9683810e-02,-0.00000e+00,1.72000e+00,
-7.9390839e-02,-0.00000e+00,1.72000e+00,
-7.9097867e-02,-0.00000e+00,1.72000e+00,
-7.8804895e-02,2.00001e-01,1.72000e+00,
-7.8511924e-02,-0.00000e+00,1.76000e+00,
-7.8218952e-02,-0.00000e+00,1.72000e+00,
-7.7925980e-02,-0.00000e+00,1.72000e+00,
-7.7633008e-02,2.00001e-01,1.72000e+00,
-7.7340037e-02,-0.00000e+00,1.72000e+00,
-7.7047065e-02,-0.00000e+00,1.72000e+00,
-7.6754093e-02,-0.00000e+00,1.76000e+00,
-7.6461121e-02,-0.00000e+00,1.72000e+00,
-7.6168150e-02,2.00001e-01,1.76000e+00,
-7.5875178e-02,2.00001e-01,1.80000e+00,
-7.5582206e-02,-0.00000e+00,1.76000e+00,
-7.5289235e-02,-0.00000e+00,1.72000e+00,
-7.4996263e-02,2.00001e-01,1.72000e+00,
-7.4703291e-02,-0.00000e+00,1.72000e+00,
-7.4410319e-02,-0.00000e+00,1.76000e+00,
-7.4117348e-02,-0.00000e+00,1.76000e+00,
-7.3824376e-02,-0.00000e+00,1.76000e+00,
-7.3531404e-02,2.00001e-01,1.76000e+00,
-7.3238432e-02,-0.00000e+00,1.76000e+00,
-7.2945461e-02,2.00001e-01,1.80000e+00,
-7.2652489e-02,2.00001e-01,1.72000e+00,
-7.2359517e-02,2.00001e-01,1.76000e+00,
-7.2066545e-02,-0.00000e+00,1.76000e+00,
-7.1773574e-02,2.00001e-01,1.76000e+00,
-7.1480602e-02,2.00001e-01,1.76000e+00,
-7.1187630e-02,2.00001e-01,1.76000e+00,
-7.0894659e-02,2.00001e-01,1.80000e+00,
-7.0601687e-02,2.00001e-01,1.80000e+00,
-7.0308715e-02,-0.00000e+00,1.80000e+00,
-7.0015743e-02,-0.00000e+00,1.80000e+00,
-6.9722772e-02,-0.00000e+00,1.80000e+00,
-6.9429800e-02,-0.00000e+00,1.76000e+00,
-6.9136828e-02,-0.00000e+00,1.76000e+00,
-6.8843856e-02,-0.00000e+00,1.80000e+00,
-6.8550885e-02,-0.00000e+00,1.80000e+00,
-6.8257913e-02,-0.00000e+00,1.84000e+00,
-6.7964941e-02,-0.00000e+00,1.80000e+00,
-6.7671970e-02,2.00001e-01,1.76000e+00,
-6.7378998e-02,2.00001e-01,1.80000e+00,
-6.7086026e-02,-0.00000e+00,1.76000e+00,
-6.6793054e-02,-0.00000e+00,1.80000e+00,
-6.6500083e-02,-0.00000e+00,1.80000e+00,
-6.6207111e-02,-0.00000e+00,1.80000e+00,
-6.5914139e-02,-0.00000e+00,1.80000e+00,
-6.5621167e-02,-0.00000e+00,1.80000e+00,
-6.5328196e-02,-0.00000e+00,1.80000e+00,
-6.5035224e-02,2.00001e-01,1.84000e+00,
-6.4742252e-02,-0.00000e+00,1.80000e+00,
-6.4449281e-02,2.00001e-01,1.80000e+00,
-6.4156309e-02,-0.00000e+00,1.80000e+00,
-6.3863337e-02,-0.00000e+00,1.80000e+00,
-6.3570365e-02,2.00001e-01,1.84000e+00,
-6.3277394e-02,-0.00000e+00,1.80000e+00,
-6.2984422e-02,2.00001e-01,1.80000e+00,
-6.2691450e-02,-0.00000e+00,1.80000e+00,
-6.2398482e-02,2.00001e-01,1.80000e+00,
-6.2105514e-02,-0.00000e+00,1.80000e+00,
-6.1812546e-02,-0.00000e+00,1.84000e+00,
-6.1519578e-02,-0.00000e+00,1.84000e+00,
-6.1226610e-02,-0.00000e+00,1.80000e+00,
-6.0933642e-02,-0.00000e+00,1.84000e+00,
-6.0640674e-02,-0.00000e+00,1.84000e+00,
-6.0347706e-02,-0.00000e+00,1.84000e+00,
-6.0054738e-02,-0.00000e+00,1.88000e+00,
-5.9761770e-02,2.00001e-01,1.84000e+00,
-5.9468802e-02,-0.00000e+00,1.84000e+00,
-5.9175834e-02,-0.00000e+00,1.80000e+00,
-5.8882866e-02,-0.00000e+00,1.84000e+00,
-5.8589898e-02,-0.00000e+00,1.84000e+00,
-5.8296930e-02,-0.00000e+00,1.84000e+00,
-5.8003962e-02,-0.00000e+00,1.84000e+00,
-5.7710994e-02,2.00001e-01,1.88000e+00,
-5.7418026e-02,-0.00000e+00,1.84000e+00,
-5.7125058e-02,-0.00000e+00,1.84000e+00,
-5.6832090e-02,-0.00000e+00,1.84000e+00,
-5.6539122e-02,-0.00000e+00,1.84000e+00,
-5.6246154e-02,-0.00000e+00,1.84000e+00,
-5.5953186e-02,-0.00000e+00,1.84000e+00,
-5.5660218e-02,-0.00000e+00,1.84000e+00,
-5.5367250e-02,-0.00000e+00,1.88000e+00,
-5.5074282e-02,2.00001e-01,1.84000e+00,
-5.4781314e-02,-0.00000e+00,1.88000e+00,
-5.4488346e-02,-0.00000e+00,1.84000e+00,
-5.4195378e-02,2.00001e-01,1.84000e+00,
-5.3902410e-02,-0.00000e+00,1.88000e+00,
-5.3609442e-02,2.00001e-01,1.84000e+00,
-5.3316474e-02,2.00001e-01,1.84000e+00,
-5.3023506e-02,-0.00000e+00,1.88000e+00,
-5.2730538e-02,-0.00000e+00,1.88000e+00,
-5.2437570e-02,2.00001e-01,1.88000e+00,
-5.2144602e-02,-0.00000e+00,1.88000e+00,
-5.1851634e-02,2.00001e-01,1.84000e+00,
-5.1558666e-02,-0.00000e+00,1.84000e+00,
-5.1265698e-02,-0.00000e+00,1.88000e+00,
-5.0972730e-02,-0.00000e+00,1.88000e+00,
-5.0679762e-02,-0.00000e+00,1.88000e+00,
-5.0386794e-02,2.00001e-01,1.88000e+00,
-5.0093826e-02,-0.00000e+00,1.84000e+00,
-4.9800858e-02,-0.00000e+00,1.88000e+00,
-4.9507890e-02,-0.00000e+00,1.88000e+00,
-4.9214922e-02,-0.00000e+00,1.88000e+00,
-4.8921954e-02,-0.00000e+00,1.88000e+00,
-4.8628986e-02,-0.00000e+00,1.88000e+00,
-4.8336018e-02,-0.00000e+00,1.88000e+00,
-4.8043050e-02,-0.00000e+00,1.88000e+00,
-4.7750082e-02,-0.00000e+00,1.88000e+00,
-4.7457114e-02,-0.00000e+00,1.88000e+00,
-4.7164146e-02,2.00001e-01,1.88000e+00,
-4.6871178e-02,-0.00000e+00,1.88000e+00,
-4.6578210e-02,-0.00000e+00,1.88000e+00,
-4.6285242e-02,2.00001e-01,1.88000e+00,
-4.5992274e-02,-0.00000e+00,1.88000e+00,
-4.5699306e-02,-0.00000e+00,1.88000e+00,
-4.5406338e-02,-0.00000e+00,1.88000e+00,
-4.5113370e-02,-0.00000e+00,1.88000e+00,
-4.4820402e-02,-0.00000e+00,1.88000e+00,
-4.4527434e-02,-0.00000e+00,1.88000e+00,
-4.4234466e-02,2.00001e-01,1.88000e+00,
-4.3941498e-02,-0.00000e+00,1.88000e+00,
-4.3648530e-02,2.00001e-01,1.88000e+00,
-4.3355562e-02,-0.00000e+00,1.88000e+00,
-4.3062594e-02,2.00001e-01,1.88000e+00,
-4.2769626e-02,2.00001e-01,1.88000e+00,
-4.2476658e-02,-0.00000e+00,1.88000e+00,
-4.2183690e-02,-0.00000e+00,1.88000e+00,
-4.1890722e-02,-0.00000e+00,1.88000e+00,
-4.1597754e-02,-0.00000e+00,1.88000e+00,
-4.1304786e-02,-0.00000e+00,1.88000e+00,
-4.1011818e-02,-0.00000e+00,1.88000e+00,
-4.0718850e-02,-0.00000e+00,1.88000e+00,
-4.0425882e-02,2.00001e-01,1.88000e+00,
-4.0132914e-02,-0.00000e+00,1.88000e+00,
-3.9839946e-02,-0.00000e+00,1.88000e+00,
-3.9546978e-02,2.00001e-01,2.00000e+00,
-3.9254010e-02,-0.00000e+00,1.88000e+00,
-3.8961042e-02,-0.00000e+00,1.88000e+00,
-3.8668074e-02,-0.00000e+00,1.88000e+00,
-3.8375106e-02,2.00001e-01,1.88000e+00,
-3.8082138e-02,-0.00000e+00,1.96000e+00,
-3.7789170e-02,-0.00000e+00,1.88000e+00,
-3.7496202e-02,2.00001e-01,1.88000e+00,
-3.7203234e-02,-0.00000e+00,1.96000e+00,
-3.6910266e-02,2.00001e-01,1.96000e+00,
-3.6617298e-02,2.00001e-01,1.88000e+00,
-3.6324330e-02,-0.00000e+00,1.96000e+00,
-3.6031362e-02,-0.00000e+00,1.88000e+00,
-3.5738394e-02,-0.00000e+00,1.88000e+00,
-3.5445426e-02,-0.00000e+00,1.88000e+00,
-3.5152458e-02,2.00001e-01,1.88000e+00,
-3.4859490e-02,-0.00000e+00,1.96000e+00,
-3.4566522e-02,2.00001e-01,1.96000e+00,
-3.4273554e-02,-0.00000e+00,1.88000e+00,
-3.3980586e-02,-0.00000e+00,2.00000e+00,
-3.3687618e-02,-0.00000e+00,2.00000e+00,
-3.3394650e-02,-0.00000e+00,1.96000e+00,
-3.3101682e-02,-0.00000e+00,1.96000e+00,
-3.2808714e-02,-0.00000e+00,1.96000e+00,
-3.2515746e-02,-0.00000e+00,2.00000e+00,
-3.2222778e-02,-0.00000e+00,1.96000e+00,
-3.1929810e-02,-0.00000e+00,2.00000e+00,
-3.1636842e-02,-0.00000e+00,1.96000e+00,
-3.1343874e-02,-0.00000e+00,2.00000e+00,
-3.1050906e-02,2.00001e-01,2.00000e+00,
-3.0757938e-02,2.00001e-01,2.00000e+00,
-3.0464970e-02,-0.00000e+00,2.00000e+00,
-3.0172002e-02,-0.00000e+00,2.00000e+00,
-2.9879034e-02,-0.00000e+00,2.00000e+00,
-2.9586066e-02,-0.00000e+00,2.00000e+00,
-2.9293098e-02,-0.00000e+00,2.00000e+00,
-2.9000130e-02,2.00001e-01,2.00000e+00,
-2.8707162e-02,-0.00000e+00,1.96000e+00,
-2.8414194e-02,-0.00000e+00,2.00000e+00,
-2.8121226e-02,2.00001e-01,2.00000e+00,
-2.7828258e-02,-0.00000e+00,2.00000e+00,
-2.7535290e-02,-0.00000e+00,2.00000e+00,
-2.7242322e-02,2.00001e-01,2.00000e+00,
-2.6949354e-02,2.00001e-01,2.00000e+00,
-2.6656386e-02,-0.00000e+00,2.00000e+00,
-2.6363418e-02,-0.00000e+00,2.00000e+00,
-2.6070450e-02,2.00001e-01,2.00000e+00,
-2.5777481e-02,-0.00000e+00,2.04000e+00,
-2.5484513e-02,-0.00000e+00,2.00000e+00,
-2.5191545e-02,-0.00000e+00,2.00000e+00,
-2.4898577e-02,-0.00000e+00,2.00000e+00,
-2.4605609e-02,-0.00000e+00,2.00000e+00,
-2.4312641e-02,-0.00000e+00,2.00000e+00,
-2.4019673e-02,2.00001e-01,2.04000e+00,
-2.3726705e-02,-0.00000e+00,2.00000e+00,
-2.3433737e-02,2.00001e-01,2.00000e+00,
-2.3140769e-02,-0.00000e+00,2.04000e+00,
-2.2847801e-02,-0.00000e+00,2.04000e+00,
-2.2554833e-02,-0.00000e+00,2.04000e+00,
-2.2261865e-02,-0.00000e+00,2.00000e+00,
-2.1968897e-02,-0.00000e+00,2.04000e+00,
-2.1675929e-02,-0.00000e+00,2.04000e+00,
-2.1382961e-02,-0.00000e+00,2.00000e+00,
-2.1089993e-02,-0.00000e+00,2.00000e+00,
-2.0797025e-02,-0.00000e+00,2.04000e+00,
-2.0504057e-02,-0.00000e+00,2.04000e+00,
-2.0211089e-02,-0.00000e+00,2.04000e+00,
-1.9918121e-02,-0.00000e+00,2.04000e+00,
-1.9625153e-02,-0.00000e+00,2.04000e+00,
-1.9332185e-02,2.00001e-01,2.04000e+00,
-1.9039217e-02,-0.00000e+00,2.04000e+00,
-1.8746249e-02,-0.00000e+00,2.04000e+00,
-1.8453281e-02,2.00001e-01,2.04000e+00,
-1.8160313e-02,2.00001e-01,2.04000e+00,
-1.7867345e-02,-0.00000e+00,2.04000e+00,
-1.7574377e-02,-0.00000e+00,2.04000e+00,
-1.7281409e-02,2.00001e-01,2.04000e+00,
-1.6988441e-02,-0.00000e+00,2.04000e+00,
-1.6695473e-02,-0.00000e+00,2.04000e+00,
-1.6402505e-02,2.00001e-01,2.08000e+00,
-1.6109537e-02,-0.00000e+00,2.08000e+00,
-1.5816569e-02,-0.00000e+00,2.08000e+00,
-1.5523600e-02,-0.00000e+00,2.04000e+00,
-1.5230631e-02,-0.00000e+00,2.04000e+00,
-1.4937663e-02,-0.00000e+00,2.04000e+00,
-1.4644694e-02,2.00001e-01,2.04000e+00,
-1.4351725e-02,-0.00000e+00,2.04000e+00,
-1.4058756e-02,-0.00000e+00,2.08000e+00,
-1.3765787e-02,2.00001e-01,2.04000e+00,
-1.3472818e-02,2.00001e-01,2.08000e+00,
-1.3179849e-02,-0.00000e+00,2.04000e+00,
-1.2886880e-02,-0.00000e+00,2.08000e+00,
-1.2593911e-02,-0.00000e+00,2.08000e+00,
-1.2300942e-02,2.00001e-01,2.08000e+00,
-1.2007973e-02,-0.00000e+00,2.08000e+00,
-1.1715004e-02,-0.00000e+00,2.04000e+00,
-1.1422035e-02,2.00001e-01,2.08000e+00,
-1.1129066e-02,2.00001e-01,2.08000e+00,
-1.0836097e-02,-0.00000e+00,2.04000e+00,
-1.0543128e-02,-0.00000e+00,2.08000e+00,
-1.0250160e-02,-0.00000e+00,2.08000e+00,
-9.9571906e-03,-0.00000e+00,2.08000e+00,
-9.6642217e-03,-0.00000e+00,2.08000e+00,
-9.3712527e-03,-0.00000e+00,2.08000e+00,
-9.0782838e-03,-0.00000e+00,2.08000e+00,
-8.7853149e-03,-0.00000e+00,2.08000e+00,
-8.4923459e-03,-0.00000e+00,2.08000e+00,
-8.1993770e-03,-0.00000e+00,2.08000e+00,
-7.9064080e-03,-0.00000e+00,2.08000e+00,
-7.6134391e-03,-0.00000e+00,2.08000e+00,
-7.3204702e-03,2.00001e-01,2.08000e+00,
-7.0275012e-03,-0.00000e+00,2.08000e+00,
-6.7345323e-03,2.00001e-01,2.08000e+00,
-6.4415634e-03,2.00001e-01,2.08000e+00,
-6.1485944e-03,-0.00000e+00,2.08000e+00,
-5.8556255e-03,-0.00000e+00,2.08000e+00,
-5.5626566e-03,-0.00000e+00,2.08000e+00,
-5.2696876e-03,-0.00000e+00,2.08000e+00,
-4.9767187e-03,-0.00000e+00,2.08000e+00,
-4.6837498e-03,-0.00000e+00,2.08000e+00,
-4.3907808e-03,-0.00000e+00,2.08000e+00,
-4.0978119e-03,-0.00000e+00,2.08000e+00,
-3.8048432e-03,-0.00000e+00,2.08000e+00,
-3.5118745e-03,-0.00000e+00,2.08000e+00,
-3.2189058e-03,-0.00000e+00,2.08000e+00,
-2.9259371e-03,-0.00000e+00,2.08000e+00,
-2.6329684e-03,2.00001e-01,2.08000e+00,
-2.3399997e-03,2.00001e-01,2.08000e+00,
-2.0470310e-03,-0.00000e+00,2.08000e+00,
-1.7540623e-03,2.00001e-01,2.08000e+00,
-1.4610935e-03,2.00001e-01,2.08000e+00,
-1.1681248e-03,2.00001e-01,2.12000e+00,
-8.7515608e-04,2.00001e-01,2.12000e+00,
-5.8218732e-04,2.00001e-01,2.16000e+00,
-2.8921856e-04,2.00001e-01,2.08000e+00,
3.7502032e-06,-0.00000e+00,2.08000e+00,
2.9671896e-04,2.00001e-01,2.12000e+00,
5.8968773e-04,-0.00000e+00,2.08000e+00,
8.8265649e-04,-0.00000e+00,2.16000e+00,
1.1756252e-03,2.00001e-01,2.08000e+00,
1.4685940e-03,-0.00000e+00,2.08000e+00,
1.7615627e-03,2.00001e-01,2.08000e+00,
2.0545314e-03,-0.00000e+00,2.12000e+00,
2.3475001e-03,-0.00000e+00,2.12000e+00,
2.6404688e-03,-0.00000e+00,2.16000e+00,
2.9334375e-03,2.00001e-01,2.16000e+00,
3.2264062e-03,-0.00000e+00,2.08000e+00,
3.5193749e-03,-0.00000e+00,2.16000e+00,
3.8123436e-03,-0.00000e+00,2.16000e+00,
4.1053123e-03,-0.00000e+00,2.12000e+00,
4.3982812e-03,-0.00000e+00,2.16000e+00,
4.6912502e-03,2.00001e-01,2.16000e+00,
4.9842191e-03,-0.00000e+00,2.16000e+00,
5.2771880e-03,-0.00000e+00,2.12000e+00,
5.5701570e-03,-0.00000e+00,2.16000e+00,
5.8631259e-03,-0.00000e+00,2.16000e+00,
6.1560948e-03,-0.00000e+00,2.16000e+00,
6.4490638e-03,-0.00000e+00,2.16000e+00,
6.7420327e-03,-0.00000e+00,2.12000e+00,
7.0350016e-03,-0.00000e+00,2.16000e+00,
7.3279706e-03,2.00001e-01,2.12000e+00,
7.6209395e-03,-0.00000e+00,2.16000e+00,
7.9139080e-03,-0.00000e+00,2.16000e+00,
8.2068769e-03,-0.00000e+00,2.12000e+00,
8.4998459e-03,2.00001e-01,2.16000e+00,
8.7928148e-03,2.00001e-01,2.16000e+00,
9.0857837e-03,-0.00000e+00,2.16000e+00,
9.3787527e-03,-0.00000e+00,2.16000e+00,
9.6717216e-03,-0.00000e+00,2.20000e+00,
9.9646905e-03,2.00001e-01,2.16000e+00,
1.0257659e-02,2.00001e-01,2.16000e+00,
1.0550628e-02,2.00001e-01,2.16000e+00,
1.0843597e-02,-0.00000e+00,2.20000e+00,
1.1136566e-02,-0.00000e+00,2.16000e+00,
1.1429535e-02,-0.00000e+00,2.16000e+00,
1.1722504e-02,-0.00000e+00,2.16000e+00,
1.2015473e-02,-0.00000e+00,2.20000e+00,
1.2308442e-02,-0.00000e+00,2.16000e+00,
1.2601411e-02,-0.00000e+00,2.16000e+00,
1.2894380e-02,-0.00000e+00,2.20000e+00,
1.3187349e-02,-0.00000e+00,2.16000e+00,
1.3480318e-02,-0.00000e+00,2.16000e+00,
1.3773287e-02,-0.00000e+00,2.20000e+00,
1.4066256e-02,-0.00000e+00,2.20000e+00,
1.4359225e-02,-0.00000e+00,2.20000e+00,
1.4652194e-02,-0.00000e+00,2.16000e+00,
1.4945162e-02,-0.00000e+00,2.20000e+00,
1.5238131e-02,-0.00000e+00,2.20000e+00,
1.5531100e-02,-0.00000e+00,2.16000e+00,
1.5824068e-02,-0.00000e+00,2.20000e+00,
1.6117036e-02,-0.00000e+00,2.16000e+00,
1.6410004e-02,-0.00000e+00,2.20000e+00,
1.6702972e-02,-0.00000e+00,2.20000e+00,
1.6995940e-02,-0.00000e+00,2.20000e+00,
1.7288908e-02,-0.00000e+00,2.20000e+00,
1.7581876e-02,-0.00000e+00,2.20000e+00,
1.7874844e-02,-0.00000e+00,2.20000e+00,
1.8167812e-02,-0.00000e+00,2.20000e+00,
1.8460780e-02,-0.00000e+00,2.20000e+00,
1.8753748e-02,2.00001e-01,2.20000e+00,
1.9046716e-02,2.00001e-01,2.20000e+00,
1.9339684e-02,-0.00000e+00,2.20000e+00,
1.9632652e-02,-0.00000e+00,2.20000e+00,
1.9925620e-02,-0.00000e+00,2.20000e+00,
2.0218588e-02,-0.00000e+00,2.20000e+00,
2.0511556e-02,-0.00000e+00,2.20000e+00,
2.0804524e-02,2.00001e-01,2.20000e+00,
2.1097492e-02,-0.00000e+00,2.20000e+00,
2.1390460e-02,-0.00000e+00,2.20000e+00,
2.1683428e-02,-0.00000e+00,2.20000e+00,
2.1976396e-02,-0.00000e+00,2.24000e+00,
2.2269364e-02,-0.00000e+00,2.24000e+00,
2.2562332e-02,-0.00000e+00,2.20000e+00,
2.2855300e-02,-0.00000e+00,2.24000e+00,
2.3148268e-02,-0.00000e+00,2.24000e+00,
2.3441236e-02,-0.00000e+00,2.24000e+00,
2.3734204e-02,-0.00000e+00,2.20000e+00,
2.4027172e-02,-0.00000e+00,2.24000e+00,
2.4320140e-02,-0.00000e+00,2.24000e+00,
2.4613108e-02,-0.00000e+00,2.24000e+00,
2.4906076e-02,-0.00000e+00,2.24000e+00,
2.5199044e-02,-0.00000e+00,2.24000e+00,
2.5492013e-02,-0.00000e+00,2.24000e+00,
2.5784981e-02,-0.00000e+00,2.24000e+00,
2.6077949e-02,-0.00000e+00,2.24000e+00,
2.6370917e-02,-0.00000e+00,2.24000e+00,
2.6663885e-02,-0.00000e+00,2.24000e+00,
2.6956853e-02,-0.00000e+00,2.24000e+00,
2.7249821e-02,-0.00000e+00,2.24000e+00,
2.7542789e-02,-0.00000e+00,2.24000e+00,
2.7835757e-02,-0.00000e+00,2.24000e+00,
2.8128725e-02,-0.00000e+00,2.24000e+00,
2.8421693e-02,-0.00000e+00,2.24000e+00,
2.8714661e-02,2.00001e-01,2.24000e+00,
2.9007629e-02,-0.00000e+00,2.24000e+00,
2.9300597e-02,-0.00000e+00,2.24000e+00,
2.9593565e-02,-0.00000e+00,2.24000e+00,
2.9886533e-02,-0.00000e+00,2.24000e+00,
3.0179501e-02,-0.00000e+00,2.24000e+00,
3.0472469e-02,-0.00000e+00,2.24000e+00,
3.0765437e-02,-0.00000e+00,2.24000e+00,
3.1058405e-02,-0.00000e+00,2.24000e+00,
3.1351373e-02,-0.00000e+00,2.24000e+00,
3.1644341e-02,-0.00000e+00,2.24000e+00,
3.1937309e-02,-0.00000e+00,2.24000e+00,
3.2230277e-02,-0.00000e+00,2.28000e+00,
3.2523245e-02,-0.00000e+00,2.28000e+00,
3.2816213e-02,-0.00000e+00,2.24000e+00,
3.3109181e-02,-0.00000e+00,2.24000e+00,
3.3402149e-02,-0.00000e+00,2.28000e+00,
3.3695117e-02,2.00001e-01,2.28000e+00,
3.3988085e-02,-0.00000e+00,2.28000e+00,
3.4281053e-02,-0.00000e+00,2.24000e+00,
3.4574021e-02,-0.00000e+00,2.28000e+00,
3.4866989e-02,2.00001e-01,2.28000e+00,
3.5159957e-02,2.00001e-01,2.28000e+00,
3.5452925e-02,2.00001e-01,2.24000e+00,
3.5745893e-02,2.00001e-01,2.24000e+00,
3.6038861e-02,-0.00000e+00,2.28000e+00,
3.6331829e-02,2.00001e-01,2.28000e+00,
3.6624797e-02,2.00001e-01,2.28000e+00,
3.6917765e-02,2.00001e-01,2.24000e+00,
3.7210733e-02,-0.00000e+00,2.32000e+00,
3.7503701e-02,-0.00000e+00,2.32000e+00,
3.7796669e-02,-0.00000e+00,2.32000e+00,
3.8089637e-02,-0.00000e+00,2.36000e+00,
3.8382605e-02,-0.00000e+00,2.32000e+00,
3.8675573e-02,-0.00000e+00,2.28000e+00,
3.8968541e-02,-0.00000e+00,2.32000e+00,
3.9261509e-02,2.00001e-01,2.28000e+00,
3.9554477e-02,-0.00000e+00,2.32000e+00,
3.9847445e-02,-0.00000e+00,2.28000e+00,
4.0140413e-02,-0.00000e+00,2.32000e+00,
4.0433381e-02,-0.00000e+00,2.28000e+00,
4.0726349e-02,-0.00000e+00,2.32000e+00,
4.1019317e-02,-0.00000e+00,2.32000e+00,
4.1312285e-02,-0.00000e+00,2.32000e+00,
4.1605253e-02,-0.00000e+00,2.32000e+00,
4.1898221e-02,-0.00000e+00,2.32000e+00,
4.2191189e-02,-0.00000e+00,2.32000e+00,
4.2484157e-02,-0.00000e+00,2.32000e+00,
4.2777125e-02,-0.00000e+00,2.32000e+00,
4.3070093e-02,-0.00000e+00,2.32000e+00,
4.3363061e-02,-0.00000e+00,2.32000e+00,
4.3656029e-02,-0.00000e+00,2.32000e+00,
4.3948997e-02,-0.00000e+00,2.32000e+00,
4.4241965e-02,-0.00000e+00,2.32000e+00,
4.4534933e-02,-0.00000e+00,2.32000e+00,
4.4827901e-02,-0.00000e+00,2.36000e+00,
4.5120869e-02,-0.00000e+00,2.32000e+00,
4.5413837e-02,-0.00000e+00,2.32000e+00,
4.5706805e-02,-0.00000e+00,2.32000e+00,
4.5999773e-02,2.00001e-01,2.32000e+00,
4.6292741e-02,-0.00000e+00,2.32000e+00,
4.6585709e-02,-0.00000e+00,2.32000e+00,
4.6878677e-02,-0.00000e+00,2.32000e+00,
4.7171645e-02,-0.00000e+00,2.32000e+00,
4.7464613e-02,-0.00000e+00,2.32000e+00,
4.7757581e-02,-0.00000e+00,2.32000e+00,
4.8050549e-02,-0.00000e+00,2.36000e+00,
4.8343517e-02,-0.00000e+00,2.32000e+00,
4.8636485e-02,2.00001e-01,2.36000e+00,
4.8929453e-02,-0.00000e+00,2.36000e+00,
4.9222421e-02,-0.00000e+00,2.36000e+00,
4.9515389e-02,-0.00000e+00,2.36000e+00,
4.9808357e-02,-0.00000e+00,2.36000e+00,
5.0101325e-02,-0.00000e+00,2.36000e+00,
5.0394293e-02,-0.00000e+00,2.36000e+00,
5.0687261e-02,-0.00000e+00,2.40000e+00,
5.0980229e-02,-0.00000e+00,2.36000e+00,
5.1273197e-02,-0.00000e+00,2.36000e+00,
5.1566165e-02,-0.00000e+00,2.36000e+00,
5.1859133e-02,-0.00000e+00,2.36000e+00,
5.2152101e-02,2.00001e-01,2.36000e+00,
5.2445069e-02,-0.00000e+00,2.36000e+00,
5.2738037e-02,-0.00000e+00,2.36000e+00,
5.3031005e-02,-0.00000e+00,2.36000e+00,
5.3323973e-02,-0.00000e+00,2.36000e+00,
5.3616941e-02,-0.00000e+00,2.36000e+00,
5.3909909e-02,-0.00000e+00,2.40000e+00,
5.4202877e-02,-0.00000e+00,2.40000e+00,
5.4495845e-02,-0.00000e+00,2.36000e+00,
5.4788813e-02,-0.00000e+00,2.36000e+00,
5.5081781e-02,-0.00000e+00,2.36000e+00,
5.5374749e-02,-0.00000e+00,2.36000e+00,
5.5667717e-02,2.00001e-01,2.36000e+00,
5.5960685e-02,-0.00000e+00,2.40000e+00,
5.6253653e-02,-0.00000e+00,2.40000e+00,
5.6546621e-02,-0.00000e+00,2.36000e+00,
5.6839589e-02,2.00001e-01,2.40000e+00,
5.7132557e-02,2.00001e-01,2.40000e+00,
5.7425525e-02,-0.00000e+00,2.40000e+00,
5.7718493e-02,-0.00000e+00,2.40000e+00,
5.8011461e-02,-0.00000e+00,2.40000e+00,
5.8304429e-02,-0.00000e+00,2.40000e+00,
5.8597397e-02,2.00001e-01,2.40000e+00,
5.8890365e-02,2.00001e-01,2.40000e+00,
5.9183333e-02,-0.00000e+00,2.40000e+00,
5.9476301e-02,2.00001e-01,2.40000e+00,
5.9769269e-02,-0.00000e+00,2.40000e+00,
6.0062237e-02,-0.00000e+00,2.40000e+00,
6.0355205e-02,-0.00000e+00,2.40000e+00,
6.0648173e-02,-0.00000e+00,2.40000e+00,
6.0941141e-02,-0.00000e+00,2.40000e+00,
6.1234109e-02,2.00001e-01,2.40000e+00,
6.1527077e-02,2.00001e-01,2.40000e+00,
6.1820045e-02,-0.00000e+00,2.40000e+00,
6.2113013e-02,-0.00000e+00,2.40000e+00,
6.2405981e-02,-0.00000e+00,2.40000e+00,
6.2698953e-02,-0.00000e+00,2.40000e+00,
6.2991925e-02,2.00001e-01,2.40000e+00,
6.3284896e-02,-0.00000e+00,2.40000e+00,
6.3577868e-02,-0.00000e+00,2.40000e+00,
6.3870840e-02,-0.00000e+00,2.40000e+00,
6.4163812e-02,-0.00000e+00,2.40000e+00,
6.4456783e-02,-0.00000e+00,2.40000e+00,
6.4749755e-02,2.00001e-01,2.40000e+00,
6.5042727e-02,-0.00000e+00,2.40000e+00,
6.5335698e-02,-0.00000e+00,2.40000e+00,
6.5628670e-02,-0.00000e+00,2.40000e+00,
6.5921642e-02,-0.00000e+00,2.40000e+00,
6.6214614e-02,-0.00000e+00,2.44000e+00,
6.6507585e-02,-0.00000e+00,2.40000e+00,
6.6800557e-02,-0.00000e+00,2.40000e+00,
6.7093529e-02,-0.00000e+00,2.40000e+00,
6.7386501e-02,-0.00000e+00,2.40000e+00,
6.7679472e-02,-0.00000e+00,2.40000e+00,
6.7972444e-02,-0.00000e+00,2.44000e+00,
6.8265416e-02,-0.00000e+00,2.40000e+00,
6.8558387e-02,2.00001e-01,2.40000e+00,
6.8851359e-02,2.00001e-01,2.40000e+00,
6.9144331e-02,2.00001e-01,2.44000e+00,
6.9437303e-02,-0.00000e+00,2.40000e+00,
6.9730274e-02,-0.00000e+00,2.40000e+00,
7.0023246e-02,-0.00000e+00,2.40000e+00,
7.0316218e-02,-0.00000e+00,2.40000e+00,
7.0609190e-02,-0.00000e+00,2.40000e+00,
7.0902161e-02,-0.00000e+00,2.44000e+00,
7.1195133e-02,2.00001e-01,2.48000e+00,
7.1488105e-02,-0.00000e+00,2.40000e+00,
7.1781076e-02,-0.00000e+00,2.40000e+00,
7.2074048e-02,2.00001e-01,2.40000e+00,
7.2367020e-02,-0.00000e+00,2.40000e+00,
7.2659992e-02,-0.00000e+00,2.44000e+00,
7.2952963e-02,-0.00000e+00,2.44000e+00,
7.3245935e-02,2.00001e-01,2.48000e+00,
7.3538907e-02,-0.00000e+00,2.44000e+00,
7.3831879e-02,2.00001e-01,2.44000e+00,
7.4124850e-02,-0.00000e+00,2.48000e+00,
7.4417822e-02,2.00001e-01,2.44000e+00,
7.4710794e-02,-0.00000e+00,2.48000e+00,
7.5003766e-02,2.00001e-01,2.44000e+00,
7.5296737e-02,-0.00000e+00,2.44000e+00,
7.5589709e-02,-0.00000e+00,2.44000e+00,
7.5882681e-02,-0.00000e+00,2.48000e+00,
7.6175652e-02,-0.00000e+00,2.48000e+00,
7.6468624e-02,2.00001e-01,2.48000e+00,
7.6761596e-02,-0.00000e+00,2.48000e+00,
7.7054568e-02,-0.00000e+00,2.44000e+00,
7.7347539e-02,-0.00000e+00,2.48000e+00,
7.7640511e-02,-0.00000e+00,2.44000e+00,
7.7933483e-02,-0.00000e+00,2.48000e+00,
7.8226455e-02,-0.00000e+00,2.48000e+00,
7.8519426e-02,-0.00000e+00,2.48000e+00,
7.8812398e-02,-0.00000e+00,2.48000e+00,
7.9105370e-02,-0.00000e+00,2.48000e+00,
7.9398341e-02,-0.00000e+00,2.48000e+00,
7.9691313e-02,-0.00000e+00,2.48000e+00,
7.9984285e-02,-0.00000e+00,2.48000e+00,
8.0277257e-02,-0.00000e+00,2.40000e+00,
8.0570228e-02,-0.00000e+00,2.48000e+00,
8.0863200e-02,-0.00000e+00,2.48000e+00,
8.1156172e-02,-0.00000e+00,2.48000e+00,
8.1449144e-02,-0.00000e+00,2.48000e+00,
8.1742115e-02,-0.00000e+00,2.48000e+00,
8.2035087e-02,-0.00000e+00,2.48000e+00,
8.2328059e-02,-0.00000e+00,2.48000e+00,
8.2621031e-02,-0.00000e+00,2.48000e+00,
8.2914002e-02,-0.00000e+00,2.52000e+00,
8.3206974e-02,-0.00000e+00,2.48000e+00,
8.3499946e-02,-0.00000e+00,2.48000e+00,
8.3792917e-02,2.00001e-01,2.52000e+00,
8.4085889e-02,-0.00000e+00,2.52000e+00,
8.4378861e-02,-0.00000e+00,2.48000e+00,
8.4671833e-02,-0.00000e+00,2.52000e+00,
8.4964804e-02,-0.00000e+00,2.48000e+00,
8.5257776e-02,-0.00000e+00,2.52000e+00,
8.5550748e-02,-0.00000e+00,2.52000e+00,
8.5843720e-02,-0.00000e+00,2.52000e+00,
8.6136691e-02,-0.00000e+00,2.52000e+00,
8.6429663e-02,-0.00000e+00,2.52000e+00,
8.6722635e-02,-0.00000e+00,2.52000e+00,
8.7015606e-02,-0.00000e+00,2.52000e+00,
8.7308578e-02,2.00001e-01,2.52000e+00,
8.7601550e-02,-0.00000e+00,2.52000e+00,
8.7894522e-02,-0.00000e+00,2.52000e+00,
8.8187493e-02,-0.00000e+00,2.52000e+00,
8.8480465e-02,-0.00000e+00,2.52000e+00,
8.8773437e-02,-0.00000e+00,2.56000e+00,
8.9066409e-02,-0.00000e+00,2.52000e+00,
8.9359380e-02,-0.00000e+00,2.52000e+00,
8.9652352e-02,-0.00000e+00,2.52000e+00,
8.9945324e-02,-0.00000e+00,2.52000e+00,
9.0238295e-02,2.00001e-01,2.52000e+00,
9.0531267e-02,-0.00000e+00,2.52000e+00,
9.0824239e-02,2.00001e-01,2.52000e+00,
9.1117211e-02,-0.00000e+00,2.52000e+00,
9.1410182e-02,-0.00000e+00,2.52000e+00,
9.1703154e-02,2.00001e-01,2.52000e+00,
9.1996126e-02,-0.00000e+00,2.56000e+00,
9.2289098e-02,-0.00000e+00,2.52000e+00,
9.2582069e-02,2.00001e-01,2.52000e+00,
9.2875041e-02,2.00001e-01,2.56000e+00,
9.3168013e-02,-0.00000e+00,2.56000e+00,
9.3460985e-02,-0.00000e+00,2.56000e+00,
9.3753956e-02,-0.00000e+00,2.52000e+00,
9.4046928e-02,-0.00000e+00,2.56000e+00,
9.4339900e-02,2.00001e-01,2.56000e+00,
9.4632871e-02,-0.00000e+00,2.56000e+00,
9.4925843e-02,-0.00000e+00,2.56000e+00,
9.5218815e-02,2.00001e-01,2.52000e+00,
9.5511787e-02,2.00001e-01,2.52000e+00,
9.5804758e-02,-0.00000e+00,2.56000e+00,
9.6097730e-02,-0.00000e+00,2.56000e+00,
9.6390702e-02,2.00001e-01,2.56000e+00,
9.6683674e-02,-0.00000e+00,2.56000e+00,
9.6976645e-02,2.00001e-01,2.56000e+00,
9.7269617e-02,-0.00000e+00,2.56000e+00,
9.7562589e-02,-0.00000e+00,2.56000e+00,
9.7855560e-02,-0.00000e+00,2.56000e+00,
9.8148532e-02,-0.00000e+00,2.56000e+00,
9.8441504e-02,-0.00000e+00,2.56000e+00,
9.8734476e-02,-0.00000e+00,2.56000e+00,
9.9027447e-02,-0.00000e+00,2.56000e+00,
9.9320419e-02,-0.00000e+00,2.56000e+00,
9.9613391e-02,-0.00000e+00,2.56000e+00,
9.9906363e-02,-0.00000e+00,2.56000e+00,
1.0019933e-01,-0.00000e+00,2.56000e+00,
1.0049231e-01,-0.00000e+00,2.56000e+00,
1.0078528e-01,-0.00000e+00,2.56000e+00,
1.0107825e-01,-0.00000e+00,2.56000e+00,
1.0137122e-01,-0.00000e+00,2.56000e+00,
1.0166419e-01,-0.00000e+00,2.56000e+00,
1.0195716e-01,-0.00000e+00,2.56000e+00,
1.0225014e-01,-0.00000e+00,2.56000e+00,
1.0254311e-01,-0.00000e+00,2.56000e+00,
1.0283608e-01,-0.00000e+00,2.56000e+00,
1.0312905e-01,-0.00000e+00,2.56000e+00,
1.0342202e-01,-0.00000e+00,2.56000e+00,
1.0371500e-01,-0.00000e+00,2.56000e+00,
1.0400797e-01,-0.00000e+00,2.56000e+00,
1.0430094e-01,2.00001e-01,2.56000e+00,
1.0459391e-01,-0.00000e+00,2.56000e+00,
1.0488688e-01,-0.00000e+00,2.56000e+00,
1.0517985e-01,-0.00000e+00,2.56000e+00,
1.0547283e-01,-0.00000e+00,2.56000e+00,
1.0576580e-01,-0.00000e+00,2.56000e+00,
1.0605877e-01,-0.00000e+00,2.56000e+00,
1.0635174e-01,-0.00000e+00,2.56000e+00,
1.0664471e-01,-0.00000e+00,2.56000e+00,
1.0693768e-01,-0.00000e+00,2.60000e+00,
1.0723066e-01,2.00001e-01,2.56000e+00,
1.0752363e-01,-0.00000e+00,2.56000e+00,
1.0781660e-01,-0.00000e+00,2.56000e+00,
1.0810957e-01,-0.00000e+00,2.60000e+00,
1.0840254e-01,-0.00000e+00,2.56000e+00,
1.0869551e-01,-0.00000e+00,2.60000e+00,
1.0898849e-01,-0.00000e+00,2.56000e+00,
1.0928146e-01,-0.00000e+00,2.60000e+00,
1.0957443e-01,-0.00000e+00,2.60000e+00,
1.0986740e-01,-0.00000e+00,2.60000e+00,
1.1016037e-01,2.00001e-01,2.56000e+00,
1.1045334e-01,-0.00000e+00,2.60000e+00,
1.1074632e-01,2.00001e-01,2.56000e+00,
1.1103929e-01,-0.00000e+00,2.56000e+00,
1.1133226e-01,2.00001e-01,2.60000e+00,
1.1162523e-01,-0.00000e+00,2.60000e+00,
1.1191820e-01,-0.00000e+00,2.64000e+00,
1.1221118e-01,-0.00000e+00,2.64000e+00,
1.1250415e-01,-0.00000e+00,2.64000e+00,
1.1279712e-01,2.00001e-01,2.64000e+00,
1.1309009e-01,2.00001e-01,2.60000e+00,
1.1338306e-01,-0.00000e+00,2.64000e+00,
1.1367603e-01,2.00001e-01,2.60000e+00,
1.1396901e-01,-0.00000e+00,2.64000e+00,
1.1426198e-01,2.00001e-01,2.64000e+00,
1.1455495e-01,-0.00000e+00,2.64000e+00,
1.1484792e-01,-0.00000e+00,2.64000e+00,
1.1514089e-01,-0.00000e+00,2.60000e+00,
1.1543386e-01,-0.00000e+00,2.64000e+00,
1.1572684e-01,-0.00000e+00,2.64000e+00,
1.1601981e-01,-0.00000e+00,2.64000e+00,
1.1631278e-01,-0.00000e+00,2.64000e+00,
1.1660575e-01,-0.00000e+00,2.64000e+00,
1.1689872e-01,-0.00000e+00,2.64000e+00,
1.1719169e-01,-0.00000e+00,2.64000e+00,
1.1748467e-01,-0.00000e+00,2.64000e+00,
1.1777764e-01,-0.00000e+00,2.64000e+00,
1.1807061e-01,-0.00000e+00,2.64000e+00,
1.1836358e-01,-0.00000e+00,2.64000e+00,
1.1865655e-01,2.00001e-01,2.64000e+00,
1.1894953e-01,2.00001e-01,2.64000e+00,
1.1924250e-01,-0.00000e+00,2.64000e+00,
1.1953547e-01,-0.00000e+00,2.68000e+00,
1.1982844e-01,-0.00000e+00,2.64000e+00,
1.2012141e-01,2.00001e-01,2.64000e+00,
1.2041438e-01,-0.00000e+00,2.68000e+00,
1.2070736e-01,-0.00000e+00,2.68000e+00,
1.2100033e-01,-0.00000e+00,2.68000e+00,
1.2129330e-01,-0.00000e+00,2.68000e+00,
1.2158627e-01,2.00001e-01,2.68000e+00,
1.2187924e-01,-0.00000e+00,2.64000e+00,
1.2217221e-01,-0.00000e+00,2.68000e+00,
1.2246519e-01,-0.00000e+00,2.68000e+00,
1.2275816e-01,-0.00000e+00,2.68000e+00,
1.2305113e-01,2.00001e-01,2.68000e+00,
1.2334410e-01,-0.00000e+00,2.64000e+00,
1.2363707e-01,-0.00000e+00,2.64000e+00,
1.2393004e-01,-0.00000e+00,2.68000e+00,
1.2422302e-01,-0.00000e+00,2.68000e+00,
1.2451599e-01,-0.00000e+00,2.64000e+00,
1.2480896e-01,-0.00000e+00,2.68000e+00,
1.2510192e-01,-0.00000e+00,2.68000e+00,
1.2539490e-01,-0.00000e+00,2.72000e+00,
1.2568787e-01,2.00001e-01,2.68000e+00,
1.2598084e-01,-0.00000e+00,2.64000e+00,
1.2627381e-01,-0.00000e+00,2.72000e+00,
1.2656678e-01,-0.00000e+00,2.72000e+00,
1.2685975e-01,-0.00000e+00,2.68000e+00,
1.2715273e-01,-0.00000e+00,2.72000e+00,
1.2744570e-01,2.00001e-01,2.68000e+00,
1.2773867e-01,-0.00000e+00,2.68000e+00,
1.2803164e-01,-0.00000e+00,2.68000e+00,
1.2832461e-01,-0.00000e+00,2.68000e+00,
1.2861758e-01,-0.00000e+00,2.72000e+00,
1.2891056e-01,-0.00000e+00,2.72000e+00,
1.2920353e-01,-0.00000e+00,2.68000e+00,
1.2949650e-01,2.00001e-01,2.72000e+00,
1.2978947e-01,-0.00000e+00,2.72000e+00,
1.3008244e-01,2.00001e-01,2.68000e+00,
1.3037542e-01,2.00001e-01,2.68000e+00,
1.3066839e-01,-0.00000e+00,2.72000e+00,
1.3096136e-01,-0.00000e+00,2.72000e+00,
1.3125433e-01,-0.00000e+00,2.72000e+00,
1.3154730e-01,-0.00000e+00,2.72000e+00,
1.3184027e-01,-0.00000e+00,2.72000e+00,
1.3213325e-01,2.00001e-01,2.72000e+00,
1.3242622e-01,2.00001e-01,2.72000e+00,
1.3271919e-01,-0.00000e+00,2.72000e+00,
1.3301216e-01,-0.00000e+00,2.72000e+00,
1.3330513e-01,2.00001e-01,2.72000e+00,
1.3359810e-01,-0.00000e+00,2.72000e+00,
1.3389108e-01,-0.00000e+00,2.72000e+00,
1.3418405e-01,-0.00000e+00,2.72000e+00,
1.3447702e-01,-0.00000e+00,2.72000e+00,
1.3476999e-01,-0.00000e+00,2.72000e+00,
1.3506296e-01,2.00001e-01,2.72000e+00,
1.3535593e-01,2.00001e-01,2.72000e+00,
1.3564891e-01,-0.00000e+00,2.72000e+00,
1.3594188e-01,2.00001e-01,2.72000e+00,
1.3623485e-01,-0.00000e+00,2.72000e+00,
1.3652782e-01,-0.00000e+00,2.72000e+00,
1.3682079e-01,-0.00000e+00,2.72000e+00,
1.3711376e-01,-0.00000e+00,2.72000e+00,
1.3740674e-01,-0.00000e+00,2.72000e+00,
1.3769971e-01,-0.00000e+00,2.72000e+00,
1.3799268e-01,-0.00000e+00,2.72000e+00,
1.3828565e-01,-0.00000e+00,2.72000e+00,
1.3857862e-01,2.00001e-01,2.72000e+00,
1.3887160e-01,-0.00000e+00,2.72000e+00,
1.3916457e-01,-0.00000e+00,2.72000e+00,
1.3945754e-01,-0.00000e+00,2.72000e+00,
1.3975051e-01,-0.00000e+00,2.72000e+00,
1.4004348e-01,-0.00000e+00,2.72000e+00,
1.4033645e-01,2.00001e-01,2.72000e+00,
1.4062943e-01,2.00001e-01,2.72000e+00,
1.4092240e-01,-0.00000e+00,2.72000e+00,
1.4121537e-01,-0.00000e+00,2.72000e+00,
1.4150834e-01,2.00001e-01,2.72000e+00,
1.4180131e-01,-0.00000e+00,2.72000e+00,
1.4209428e-01,-0.00000e+00,2.76000e+00,
1.4238726e-01,2.00001e-01,2.72000e+00,
1.4268023e-01,2.00001e-01,2.72000e+00,
1.4297320e-01,2.00001e-01,2.72000e+00,
1.4326617e-01,2.00001e-01,2.76000e+00,
1.4355914e-01,-0.00000e+00,2.76000e+00,
1.4385211e-01,-0.00000e+00,2.76000e+00,
1.4414509e-01,2.00001e-01,2.72000e+00,
1.4443806e-01,2.00001e-01,2.76000e+00,
1.4473103e-01,2.00001e-01,2.76000e+00,
1.4502400e-01,2.00001e-01,2.72000e+00,
1.4531697e-01,2.00001e-01,2.76000e+00,
1.4560995e-01,2.00001e-01,2.76000e+00,
1.4590292e-01,-0.00000e+00,2.76000e+00,
1.4619589e-01,2.00001e-01,2.80000e+00,
1.4648886e-01,2.00001e-01,2.80000e+00,
1.4678183e-01,2.00001e-01,2.76000e+00,
1.4707480e-01,-0.00000e+00,2.80000e+00,
1.4736778e-01,-0.00000e+00,2.76000e+00,
1.4766075e-01,2.00001e-01,2.80000e+00,
1.4795372e-01,2.00001e-01,2.80000e+00,
1.4824669e-01,2.00001e-01,2.80000e+00,
1.4853966e-01,-0.00000e+00,2.80000e+00,
1.4883263e-01,2.00001e-01,2.80000e+00,
1.4912561e-01,-0.00000e+00,2.80000e+00,
1.4941858e-01,2.00001e-01,2.80000e+00,
1.4971155e-01,-0.00000e+00,2.80000e+00,
1.5000452e-01,-0.00000e+00,2.80000e+00,
1.5029749e-01,-0.00000e+00,2.80000e+00,
1.5059046e-01,-0.00000e+00,2.80000e+00,
1.5088344e-01,-0.00000e+00,2.84000e+00,
1.5117641e-01,2.00001e-01,2.80000e+00,
1.5146938e-01,-0.00000e+00,2.80000e+00,
1.5176235e-01,-0.00000e+00,2.80000e+00,
1.5205532e-01,-0.00000e+00,2.76000e+00,
1.5234829e-01,-0.00000e+00,2.80000e+00,
1.5264127e-01,2.00001e-01,2.80000e+00,
1.5293424e-01,-0.00000e+00,2.80000e+00,
1.5322721e-01,-0.00000e+00,2.80000e+00,
1.5352018e-01,-0.00000e+00,2.80000e+00,
1.5381315e-01,-0.00000e+00,2.80000e+00,
1.5410613e-01,-0.00000e+00,2.80000e+00,
1.5439910e-01,-0.00000e+00,2.80000e+00,
1.5469207e-01,-0.00000e+00,2.80000e+00,
1.5498504e-01,-0.00000e+00,2.84000e+00,
1.5527801e-01,2.00001e-01,2.80000e+00,
1.5557098e-01,-0.00000e+00,2.84000e+00,
1.5586396e-01,-0.00000e+00,2.84000e+00,
1.5615693e-01,-0.00000e+00,2.84000e+00,
1.5644990e-01,-0.00000e+00,2.80000e+00,
1.5674287e-01,-0.00000e+00,2.80000e+00,
1.5703584e-01,-0.00000e+00,2.80000e+00,
1.5732881e-01,-0.00000e+00,2.84000e+00,
1.5762179e-01,-0.00000e+00,2.84000e+00,
1.5791476e-01,2.00001e-01,2.84000e+00,
1.5820773e-01,-0.00000e+00,2.84000e+00,
1.5850070e-01,-0.00000e+00,2.84000e+00,
1.5879367e-01,-0.00000e+00,2.84000e+00,
1.5908664e-01,-0.00000e+00,2.84000e+00,
1.5937962e-01,-0.00000e+00,2.84000e+00,
1.5967259e-01,-0.00000e+00,2.84000e+00,
1.5996556e-01,2.00001e-01,2.84000e+00,
1.6025853e-01,-0.00000e+00,2.88000e+00,
1.6055150e-01,-0.00000e+00,2.84000e+00,
1.6084448e-01,-0.00000e+00,2.84000e+00,
1.6113745e-01,-0.00000e+00,2.84000e+00,
1.6143042e-01,-0.00000e+00,2.88000e+00,
1.6172339e-01,-0.00000e+00,2.84000e+00,
1.6201636e-01,-0.00000e+00,2.84000e+00,
1.6230933e-01,-0.00000e+00,2.84000e+00,
1.6260231e-01,-0.00000e+00,2.88000e+00,
1.6289528e-01,-0.00000e+00,2.88000e+00,
1.6318825e-01,-0.00000e+00,2.88000e+00,
1.6348122e-01,-0.00000e+00,2.84000e+00,
1.6377419e-01,-0.00000e+00,2.88000e+00,
1.6406716e-01,-0.00000e+00,2.84000e+00,
1.6436014e-01,-0.00000e+00,2.88000e+00,
1.6465311e-01,-0.00000e+00,2.88000e+00,
1.6494608e-01,-0.00000e+00,2.88000e+00,
1.6523905e-01,-0.00000e+00,2.88000e+00,
1.6553202e-01,-0.00000e+00,2.88000e+00,
1.6582499e-01,-0.00000e+00,2.88000e+00,
1.6611797e-01,-0.00000e+00,2.88000e+00,
1.6641094e-01,-0.00000e+00,2.88000e+00,
1.6670391e-01,-0.00000e+00,2.88000e+00,
1.6699688e-01,-0.00000e+00,2.88000e+00,
1.6728985e-01,-0.00000e+00,2.88000e+00,
1.6758282e-01,-0.00000e+00,2.88000e+00,
1.6787580e-01,2.00001e-01,2.84000e+00,
1.6816877e-01,-0.00000e+00,2.88000e+00,
1.6846174e-01,-0.00000e+00,2.88000e+00,
1.6875471e-01,-0.00000e+00,2.88000e+00,
1.6904768e-01,-0.00000e+00,2.88000e+00,
1.6934066e-01,-0.00000e+00,2.88000e+00,
1.6963363e-01,-0.00000e+00,2.88000e+00,
1.6992660e-01,-0.00000e+00,2.88000e+00,
1.7021957e-01,-0.00000e+00,2.88000e+00,
1.7051254e-01,-0.00000e+00,2.88000e+00,
1.7080551e-01,-0.00000e+00,2.88000e+00,
1.7109849e-01,-0.00000e+00,2.88000e+00,
1.7139146e-01,-0.00000e+00,2.88000e+00,
1.7168443e-01,-0.00000e+00,2.88000e+00,
1.7197740e-01,-0.00000e+00,2.88000e+00,
1.7227037e-01,-0.00000e+00,2.88000e+00,
1.7256334e-01,-0.00000e+00,2.88000e+00,
1.7285632e-01,-0.00000e+00,2.88000e+00,
1.7314929e-01,-0.00000e+00,2.92000e+00,
1.7344226e-01,-0.00000e+00,2.88000e+00,
1.7373523e-01,-0.00000e+00,2.92000e+00,
1.7402820e-01,2.00001e-01,2.88000e+00,
1.7432117e-01,-0.00000e+00,2.88000e+00,
1.7461415e-01,-0.00000e+00,2.88000e+00,
1.7490712e-01,-0.00000e+00,2.92000e+00,
1.7520009e-01,-0.00000e+00,2.92000e+00,
1.7549306e-01,-0.00000e+00,2.88000e+00,
1.7578603e-01,2.00001e-01,2.92000e+00,
1.7607901e-01,-0.00000e+00,2.88000e+00,
1.7637198e-01,-0.00000e+00,2.92000e+00,
1.7666495e-01,-0.00000e+00,2.92000e+00,
1.7695792e-01,-0.00000e+00,2.92000e+00,
1.7725089e-01,-0.00000e+00,2.92000e+00,
1.7754386e-01,2.00001e-01,2.88000e+00,
1.7783684e-01,-0.00000e+00,2.92000e+00,
1.7812981e-01,-0.00000e+00,2.96000e+00,
1.7842278e-01,-0.00000e+00,2.96000e+00,
1.7871575e-01,-0.00000e+00,2.92000e+00,
1.7900872e-01,-0.00000e+00,2.92000e+00,
1.7930169e-01,2.00001e-01,2.96000e+00,
1.7959467e-01,-0.00000e+00,2.96000e+00,
1.7988764e-01,-0.00000e+00,2.96000e+00,
1.8018061e-01,2.00001e-01,2.96000e+00,
1.8047358e-01,2.00001e-01,2.88000e+00,
1.8076655e-01,-0.00000e+00,2.88000e+00,
1.8105952e-01,-0.00000e+00,2.96000e+00,
1.8135250e-01,-0.00000e+00,2.96000e+00,
1.8164063e-01,-0.00000e+00,2.96000e+00,
1.8193360e-01,-0.00000e+00,2.96000e+00,
1.8222657e-01,-0.00000e+00,2.96000e+00,
1.8251954e-01,-0.00000e+00,2.96000e+00,
1.8281251e-01,2.00001e-01,2.96000e+00,
1.8310548e-01,-0.00000e+00,2.96000e+00,
1.8339846e-01,-0.00000e+00,2.96000e+00,
1.8369143e-01,-0.00000e+00,2.96000e+00,
1.8398440e-01,-0.00000e+00,2.96000e+00,
1.8427737e-01,-0.00000e+00,2.96000e+00,
1.8457034e-01,-0.00000e+00,2.96000e+00,
1.8486331e-01,-0.00000e+00,2.96000e+00,
1.8515629e-01,-0.00000e+00,2.96000e+00,
1.8544926e-01,-0.00000e+00,2.96000e+00,
1.8574223e-01,-0.00000e+00,2.96000e+00,
1.8603520e-01,-0.00000e+00,2.96000e+00,
1.8632817e-01,-0.00000e+00,2.96000e+00,
1.8662114e-01,-0.00000e+00,2.96000e+00,
1.8691412e-01,-0.00000e+00,3.00000e+00,
1.8720709e-01,-0.00000e+00,2.96000e+00,
1.8750006e-01,-0.00000e+00,2.96000e+00,
1.8779303e-01,-0.00000e+00,2.96000e+00,
1.8808600e-01,-0.00000e+00,3.00000e+00,
1.8837897e-01,2.00001e-01,2.96000e+00,
1.8867195e-01,-0.00000e+00,3.00000e+00,
1.8896492e-01,-0.00000e+00,3.00000e+00,
1.8925789e-01,-0.00000e+00,3.00000e+00,
1.8955086e-01,-0.00000e+00,3.00000e+00,
1.8984383e-01,-0.00000e+00,3.00000e+00,
1.9013681e-01,-0.00000e+00,3.00000e+00,
1.9042978e-01,-0.00000e+00,3.00000e+00,
1.9072275e-01,-0.00000e+00,3.00000e+00,
1.9101572e-01,-0.00000e+00,3.00000e+00,
1.9130869e-01,-0.00000e+00,3.00000e+00,
1.9160166e-01,-0.00000e+00,3.00000e+00,
1.9189464e-01,-0.00000e+00,3.00000e+00,
1.9218761e-01,2.00001e-01,3.00000e+00,
1.9248058e-01,-0.00000e+00,3.00000e+00,
1.9277355e-01,-0.00000e+00,3.04000e+00,
1.9306652e-01,-0.00000e+00,3.04000e+00,
1.9335949e-01,2.00001e-01,3.04000e+00,
1.9365247e-01,-0.00000e+00,3.00000e+00,
1.9394544e-01,2.00001e-01,3.04000e+00,
1.9423841e-01,-0.00000e+00,3.04000e+00,
1.9453138e-01,-0.00000e+00,3.00000e+00,
1.9482435e-01,-0.00000e+00,3.04000e+00,
1.9511732e-01,2.00001e-01,3.04000e+00,
1.9541030e-01,2.00001e-01,3.00000e+00,
1.9570327e-01,-0.00000e+00,3.00000e+00,
1.9599624e-01,-0.00000e+00,3.00000e+00,
1.9628921e-01,-0.00000e+00,3.04000e+00,
1.9658218e-01,-0.00000e+00,3.04000e+00,
1.9687515e-01,-0.00000e+00,3.04000e+00,
1.9716813e-01,2.00001e-01,3.04000e+00,
1.9746110e-01,-0.00000e+00,3.04000e+00,
1.9775407e-01,2.00001e-01,3.04000e+00,
1.9804704e-01,-0.00000e+00,3.04000e+00,
1.9834001e-01,-0.00000e+00,3.04000e+00,
1.9863299e-01,-0.00000e+00,3.04000e+00,
1.9892596e-01,2.00001e-01,3.04000e+00,
1.9921893e-01,-0.00000e+00,3.04000e+00,
1.9951190e-01,-0.00000e+00,3.04000e+00,
1.9980487e-01,-0.00000e+00,3.04000e+00,
2.0009784e-01,-0.00000e+00,2.96000e+00,
2.0039082e-01,2.00001e-01,3.04000e+00,
2.0068379e-01,-0.00000e+00,3.04000e+00,
2.0097676e-01,-0.00000e+00,3.04000e+00,
2.0126973e-01,2.00001e-01,3.04000e+00,
2.0156270e-01,-0.00000e+00,3.04000e+00,
2.0185567e-01,-0.00000e+00,3.04000e+00,
2.0214865e-01,2.00001e-01,3.04000e+00,
2.0244162e-01,-0.00000e+00,3.04000e+00,
2.0273459e-01,-0.00000e+00,3.04000e+00,
2.0302756e-01,-0.00000e+00,3.04000e+00,
2.0332053e-01,-0.00000e+00,3.04000e+00,
2.0361350e-01,-0.00000e+00,3.04000e+00,
2.0390648e-01,2.00001e-01,3.12000e+00,
2.0419945e-01,-0.00000e+00,3.04000e+00,
2.0449242e-01,2.00001e-01,3.04000e+00,
2.0478539e-01,-0.00000e+00,3.08000e+00,
2.0507836e-01,-0.00000e+00,3.04000e+00,
2.0537134e-01,2.00001e-01,3.04000e+00,
2.0566431e-01,-0.00000e+00,3.04000e+00,
2.0595728e-01,-0.00000e+00,3.04000e+00,
2.0625025e-01,2.00001e-01,3.04000e+00,
2.0654322e-01,-0.00000e+00,3.04000e+00,
2.0683619e-01,2.00001e-01,3.04000e+00,
2.0712917e-01,-0.00000e+00,3.08000e+00,
2.0742214e-01,-0.00000e+00,3.04000e+00,
2.0771511e-01,2.00001e-01,3.04000e+00,
2.0800808e-01,2.00001e-01,3.08000e+00,
2.0830105e-01,2.00001e-01,3.04000e+00,
2.0859402e-01,2.00001e-01,3.08000e+00,
2.0888700e-01,2.00001e-01,3.12000e+00,
2.0917997e-01,-0.00000e+00,3.08000e+00,
2.0947294e-01,-0.00000e+00,3.08000e+00,
2.0976591e-01,2.00001e-01,3.04000e+00,
2.1005888e-01,-0.00000e+00,3.08000e+00,
2.1035185e-01,-0.00000e+00,3.08000e+00,
2.1064483e-01,-0.00000e+00,3.12000e+00,
2.1093780e-01,-0.00000e+00,3.04000e+00,
2.1123077e-01,-0.00000e+00,3.12000e+00,
2.1152374e-01,-0.00000e+00,3.08000e+00,
2.1181671e-01,2.00001e-01,3.08000e+00,
2.1210968e-01,-0.00000e+00,3.08000e+00,
2.1240266e-01,-0.00000e+00,3.04000e+00,
2.1269563e-01,-0.00000e+00,3.12000e+00,
2.1298860e-01,-0.00000e+00,3.08000e+00,
2.1328157e-01,-0.00000e+00,3.08000e+00,
2.1357454e-01,-0.00000e+00,3.04000e+00,
2.1386752e-01,-0.00000e+00,3.12000e+00,
2.1416049e-01,-0.00000e+00,3.12000e+00,
2.1445346e-01,-0.00000e+00,3.12000e+00,
2.1474643e-01,-0.00000e+00,3.12000e+00,
2.1503940e-01,-0.00000e+00,3.12000e+00,
2.1533237e-01,-0.00000e+00,3.12000e+00,
2.1562535e-01,-0.00000e+00,3.12000e+00,
2.1591832e-01,2.00001e-01,3.12000e+00,
2.1621129e-01,2.00001e-01,3.12000e+00,
2.1650426e-01,-0.00000e+00,3.12000e+00,
2.1679723e-01,-0.00000e+00,3.12000e+00,
2.1709020e-01,2.00001e-01,3.12000e+00,
2.1738318e-01,2.00001e-01,3.12000e+00,
2.1767615e-01,-0.00000e+00,3.12000e+00,
2.1796912e-01,-0.00000e+00,3.16000e+00,
2.1826209e-01,-0.00000e+00,3.16000e+00,
2.1855506e-01,-0.00000e+00,3.12000e+00,
2.1884803e-01,-0.00000e+00,3.12000e+00,
2.1914101e-01,-0.00000e+00,3.12000e+00,
2.1943398e-01,-0.00000e+00,3.16000e+00,
2.1972695e-01,-0.00000e+00,3.12000e+00,
2.2001992e-01,-0.00000e+00,3.20000e+00,
2.2031289e-01,-0.00000e+00,3.16000e+00,
2.2060587e-01,-0.00000e+00,3.12000e+00,
2.2089884e-01,2.00001e-01,3.20000e+00,
2.2119181e-01,-0.00000e+00,3.16000e+00,
2.2148478e-01,-0.00000e+00,3.16000e+00,
2.2177775e-01,-0.00000e+00,3.16000e+00,
2.2207072e-01,2.00001e-01,3.16000e+00,
2.2236370e-01,2.00001e-01,3.12000e+00,
2.2265667e-01,-0.00000e+00,3.16000e+00,
2.2294964e-01,-0.00000e+00,3.16000e+00,
2.2324261e-01,-0.00000e+00,3.16000e+00,
2.2353558e-01,-0.00000e+00,3.16000e+00,
2.2382855e-01,2.00001e-01,3.16000e+00,
2.2412153e-01,-0.00000e+00,3.20000e+00,
2.2441450e-01,2.00001e-01,3.20000e+00,
2.2470747e-01,-0.00000e+00,3.16000e+00,
2.2500044e-01,-0.00000e+00,3.12000e+00,
2.2529341e-01,-0.00000e+00,3.20000e+00,
2.2558638e-01,2.00001e-01,3.20000e+00,
2.2587936e-01,-0.00000e+00,3.20000e+00,
2.2617233e-01,-0.00000e+00,3.20000e+00,
2.2646530e-01,-0.00000e+00,3.20000e+00,
2.2675827e-01,-0.00000e+00,3.20000e+00,
2.2705124e-01,-0.00000e+00,3.20000e+00,
2.2734421e-01,-0.00000e+00,3.20000e+00,
2.2763719e-01,-0.00000e+00,3.20000e+00,
2.2793016e-01,-0.00000e+00,3.20000e+00,
2.2822313e-01,-0.00000e+00,3.20000e+00,
2.2851610e-01,-0.00000e+00,3.20000e+00,
2.2880907e-01,-0.00000e+00,3.20000e+00,
2.2910205e-01,-0.00000e+00,3.20000e+00,
2.2939502e-01,-0.00000e+00,3.20000e+00,
2.2968799e-01,-0.00000e+00,3.20000e+00,
2.2998096e-01,-0.00000e+00,3.20000e+00,
2.3027393e-01,-0.00000e+00,3.20000e+00,
2.3056690e-01,-0.00000e+00,3.20000e+00,
2.3085988e-01,-0.00000e+00,3.20000e+00,
2.3115285e-01,-0.00000e+00,3.20000e+00,
2.3144582e-01,2.00001e-01,3.20000e+00,
2.3173879e-01,-0.00000e+00,3.20000e+00,
2.3203176e-01,-0.00000e+00,3.20000e+00,
2.3232473e-01,-0.00000e+00,3.20000e+00,
2.3261771e-01,-0.00000e+00,3.20000e+00,
2.3291068e-01,2.00001e-01,3.20000e+00,
2.3320365e-01,2.00001e-01,3.20000e+00,
2.3349662e-01,-0.00000e+00,3.20000e+00,
2.3378959e-01,-0.00000e+00,3.20000e+00,
2.3408256e-01,-0.00000e+00,3.20000e+00,
2.3437554e-01,2.00001e-01,3.20000e+00,
2.3466851e-01,2.00001e-01,3.20000e+00,
2.3496148e-01,-0.00000e+00,3.20000e+00,
2.3525445e-01,2.00001e-01,3.20000e+00,
2.3554742e-01,-0.00000e+00,3.20000e+00,
2.3584040e-01,2.00001e-01,3.20000e+00,
2.3613337e-01,-0.00000e+00,3.20000e+00,
2.3642634e-01,-0.00000e+00,3.20000e+00,
2.3671931e-01,-0.00000e+00,3.20000e+00,
2.3701228e-01,-0.00000e+00,3.20000e+00,
2.3730525e-01,-0.00000e+00,3.20000e+00,
2.3759823e-01,-0.00000e+00,3.20000e+00,
2.3789120e-01,-0.00000e+00,3.20000e+00,
2.3818417e-01,-0.00000e+00,3.20000e+00,
2.3847714e-01,-0.00000e+00,3.20000e+00,
2.3877011e-01,2.00001e-01,3.20000e+00,
2.3906308e-01,-0.00000e+00,3.20000e+00,
2.3935606e-01,2.00001e-01,3.24000e+00,
2.3964903e-01,-0.00000e+00,3.24000e+00,
2.3994200e-01,-0.00000e+00,3.24000e+00,
2.4023497e-01,2.00001e-01,3.20000e+00,
2.4052794e-01,-0.00000e+00,3.24000e+00,
2.4082091e-01,2.00001e-01,3.24000e+00,
2.4111389e-01,-0.00000e+00,3.28000e+00,
2.4140686e-01,-0.00000e+00,3.24000e+00,
2.4169983e-01,-0.00000e+00,3.24000e+00,
2.4199280e-01,2.00001e-01,3.24000e+00,
2.4228577e-01,-0.00000e+00,3.24000e+00,
2.4257874e-01,-0.00000e+00,3.24000e+00,
2.4287172e-01,-0.00000e+00,3.24000e+00,
2.4316469e-01,-0.00000e+00,3.28000e+00,
2.4345766e-01,-0.00000e+00,3.28000e+00,
2.4375063e-01,-0.00000e+00,3.20000e+00,
2.4404360e-01,-0.00000e+00,3.28000e+00,
2.4433658e-01,-0.00000e+00,3.20000e+00,
2.4462955e-01,-0.00000e+00,3.24000e+00,
2.4492252e-01,-0.00000e+00,3.28000e+00,
2.4521549e-01,-0.00000e+00,3.24000e+00,
2.4550846e-01,-0.00000e+00,3.28000e+00,
2.4580143e-01,-0.00000e+00,3.28000e+00,
2.4609441e-01,-0.00000e+00,3.28000e+00,
2.4638738e-01,-0.00000e+00,3.28000e+00,
2.4668035e-01,-0.00000e+00,3.28000e+00,
2.4697332e-01,-0.00000e+00,3.28000e+00,
2.4726629e-01,-0.00000e+00,3.28000e+00,
2.4755926e-01,-0.00000e+00,3.28000e+00,
2.4785224e-01,-0.00000e+00,3.28000e+00,
2.4814521e-01,-0.00000e+00,3.28000e+00,
2.4843818e-01,-0.00000e+00,3.28000e+00,
2.4873115e-01,2.00001e-01,3.28000e+00,
2.4902412e-01,-0.00000e+00,3.28000e+00,
2.4931709e-01,-0.00000e+00,3.28000e+00,
2.4961007e-01,-0.00000e+00,3.28000e+00,
2.4990304e-01,-0.00000e+00,3.32000e+00,
2.5019601e-01,-0.00000e+00,3.32000e+00,
2.5048897e-01,-0.00000e+00,3.32000e+00,
2.5078192e-01,-0.00000e+00,3.28000e+00,
2.5107488e-01,-0.00000e+00,3.28000e+00,
2.5136784e-01,-0.00000e+00,3.32000e+00,
2.5166079e-01,-0.00000e+00,3.28000e+00,
2.5195375e-01,-0.00000e+00,3.28000e+00,
2.5224671e-01,2.00001e-01,3.32000e+00,
2.5253966e-01,-0.00000e+00,3.32000e+00,
2.5283262e-01,-0.00000e+00,3.32000e+00,
2.5312558e-01,-0.00000e+00,3.32000e+00,
2.5341853e-01,2.00001e-01,3.32000e+00,
2.5371149e-01,2.00001e-01,3.32000e+00,
2.5400445e-01,2.00001e-01,3.32000e+00,
2.5429741e-01,-0.00000e+00,3.32000e+00,
2.5459036e-01,2.00001e-01,3.32000e+00,
2.5488332e-01,-0.00000e+00,3.32000e+00,
2.5517628e-01,2.00001e-01,3.32000e+00,
2.5546923e-01,-0.00000e+00,3.32000e+00,
2.5576219e-01,-0.00000e+00,3.36000e+00,
2.5605515e-01,2.00001e-01,3.32000e+00,
2.5634810e-01,2.00001e-01,3.32000e+00,
2.5664106e-01,2.00001e-01,3.32000e+00,
2.5693402e-01,-0.00000e+00,3.36000e+00,
2.5722697e-01,-0.00000e+00,3.36000e+00,
2.5751993e-01,-0.00000e+00,3.32000e+00,
2.5781289e-01,-0.00000e+00,3.36000e+00,
2.5810584e-01,2.00001e-01,3.36000e+00,
2.5839880e-01,-0.00000e+00,3.36000e+00,
2.5869176e-01,-0.00000e+00,3.36000e+00,
2.5898471e-01,2.00001e-01,3.32000e+00,
2.5927767e-01,2.00001e-01,3.36000e+00,
2.5957063e-01,-0.00000e+00,3.36000e+00,
2.5986359e-01,-0.00000e+00,3.32000e+00,
2.6015654e-01,2.00001e-01,3.36000e+00,
2.6044950e-01,2.00001e-01,3.36000e+00,
2.6074246e-01,2.00001e-01,3.36000e+00,
2.6103541e-01,-0.00000e+00,3.36000e+00,
2.6132837e-01,-0.00000e+00,3.36000e+00,
2.6162133e-01,-0.00000e+00,3.36000e+00,
2.6191428e-01,-0.00000e+00,3.36000e+00,
2.6220724e-01,-0.00000e+00,3.36000e+00,
2.6250020e-01,-0.00000e+00,3.36000e+00,
2.6279315e-01,-0.00000e+00,3.36000e+00,
2.6308611e-01,2.00001e-01,3.36000e+00,
2.6337907e-01,-0.00000e+00,3.36000e+00,
2.6367202e-01,2.00001e-01,3.36000e+00,
2.6396498e-01,-0.00000e+00,3.36000e+00,
2.6425794e-01,-0.00000e+00,3.36000e+00,
2.6455089e-01,2.00001e-01,3.36000e+00,
2.6484385e-01,-0.00000e+00,3.36000e+00,
2.6513681e-01,2.00001e-01,3.36000e+00,
2.6542976e-01,2.00001e-01,3.36000e+00,
2.6572272e-01,-0.00000e+00,3.36000e+00,
2.6601568e-01,2.00001e-01,3.36000e+00,
2.6630864e-01,-0.00000e+00,3.36000e+00,
2.6660159e-01,-0.00000e+00,3.36000e+00,
2.6689455e-01,-0.00000e+00,3.40000e+00,
2.6718751e-01,2.00001e-01,3.36000e+00,
2.6748046e-01,-0.00000e+00,3.36000e+00,
2.6777342e-01,2.00001e-01,3.36000e+00,
2.6806638e-01,2.00001e-01,3.36000e+00,
2.6835933e-01,2.00001e-01,3.36000e+00,
2.6865229e-01,2.00001e-01,3.36000e+00,
2.6894525e-01,2.00001e-01,3.36000e+00,
2.6923820e-01,-0.00000e+00,3.44000e+00,
2.6953116e-01,2.00001e-01,3.36000e+00,
2.6982412e-01,-0.00000e+00,3.40000e+00,
2.7011707e-01,-0.00000e+00,3.36000e+00,
2.7041003e-01,-0.00000e+00,3.36000e+00,
2.7070299e-01,-0.00000e+00,3.40000e+00,
2.7099594e-01,-0.00000e+00,3.40000e+00,
2.7128890e-01,-0.00000e+00,3.40000e+00,
2.7158186e-01,-0.00000e+00,3.40000e+00,
2.7187482e-01,-0.00000e+00,3.36000e+00,
2.7216777e-01,-0.00000e+00,3.40000e+00,
2.7246073e-01,-0.00000e+00,3.36000e+00,
2.7275369e-01,-0.00000e+00,3.44000e+00,
2.7304664e-01,-0.00000e+00,3.44000e+00,
2.7333960e-01,-0.00000e+00,3.40000e+00,
2.7363256e-01,-0.00000e+00,3.40000e+00,
2.7392551e-01,2.00001e-01,3.44000e+00,
2.7421847e-01,-0.00000e+00,3.40000e+00,
2.7451143e-01,-0.00000e+00,3.44000e+00,
2.7480438e-01,-0.00000e+00,3.44000e+00,
2.7509734e-01,2.00001e-01,3.44000e+00,
2.7539030e-01,-0.00000e+00,3.44000e+00,
2.7568325e-01,-0.00000e+00,3.44000e+00,
2.7597621e-01,-0.00000e+00,3.44000e+00,
2.7626917e-01,-0.00000e+00,3.44000e+00,
2.7656212e-01,2.00001e-01,3.40000e+00,
2.7685508e-01,-0.00000e+00,3.40000e+00,
2.7714804e-01,-0.00000e+00,3.44000e+00,
2.7744099e-01,-0.00000e+00,3.44000e+00,
2.7773395e-01,-0.00000e+00,3.44000e+00,
2.7802691e-01,-0.00000e+00,3.44000e+00,
2.7831987e-01,-0.00000e+00,3.44000e+00,
2.7861282e-01,-0.00000e+00,3.44000e+00,
2.7890578e-01,-0.00000e+00,3.48000e+00,
2.7919874e-01,-0.00000e+00,3.48000e+00,
2.7949169e-01,-0.00000e+00,3.48000e+00,
2.7978465e-01,-0.00000e+00,3.44000e+00,
2.8007761e-01,-0.00000e+00,3.44000e+00,
2.8037056e-01,-0.00000e+00,3.48000e+00,
2.8066352e-01,-0.00000e+00,3.48000e+00,
2.8095648e-01,2.00001e-01,3.44000e+00,
2.8124943e-01,-0.00000e+00,3.44000e+00,
2.8154239e-01,-0.00000e+00,3.48000e+00,
2.8183535e-01,-0.00000e+00,3.48000e+00,
2.8212830e-01,-0.00000e+00,3.48000e+00,
2.8242126e-01,-0.00000e+00,3.48000e+00,
2.8271422e-01,-0.00000e+00,3.48000e+00,
2.8300717e-01,2.00001e-01,3.48000e+00,
2.8330013e-01,-0.00000e+00,3.48000e+00,
2.8359309e-01,-0.00000e+00,3.48000e+00,
2.8388605e-01,2.00001e-01,3.48000e+00,
2.8417900e-01,-0.00000e+00,3.48000e+00,
2.8447196e-01,-0.00000e+00,3.48000e+00,
2.8476492e-01,-0.00000e+00,3.48000e+00,
2.8505787e-01,-0.00000e+00,3.48000e+00,
2.8535083e-01,2.00001e-01,3.48000e+00,
2.8564379e-01,2.00001e-01,3.52000e+00,
2.8593674e-01,-0.00000e+00,3.52000e+00,
2.8622970e-01,-0.00000e+00,3.48000e+00,
2.8652266e-01,-0.00000e+00,3.36000e+00,
2.8681561e-01,-0.00000e+00,3.52000e+00,
2.8710857e-01,2.00001e-01,3.52000e+00,
2.8740153e-01,2.00001e-01,3.52000e+00,
2.8769448e-01,-0.00000e+00,3.48000e+00,
2.8798744e-01,-0.00000e+00,3.52000e+00,
2.8828040e-01,2.00001e-01,3.48000e+00,
2.8857335e-01,-0.00000e+00,3.48000e+00,
2.8886631e-01,-0.00000e+00,3.52000e+00,
2.8915927e-01,-0.00000e+00,3.52000e+00,
2.8945222e-01,-0.00000e+00,3.52000e+00,
2.8974518e-01,-0.00000e+00,3.52000e+00,
2.9003814e-01,-0.00000e+00,3.52000e+00,
2.9033110e-01,-0.00000e+00,3.52000e+00,
2.9062405e-01,2.00001e-01,3.52000e+00,
2.9091701e-01,-0.00000e+00,3.52000e+00,
2.9120997e-01,-0.00000e+00,3.52000e+00,
2.9150292e-01,-0.00000e+00,3.52000e+00,
2.9179588e-01,-0.00000e+00,3.52000e+00,
2.9208884e-01,-0.00000e+00,3.52000e+00,
2.9238179e-01,-0.00000e+00,3.52000e+00,
2.9267475e-01,-0.00000e+00,3.52000e+00,
2.9296771e-01,-0.00000e+00,3.52000e+00,
2.9326066e-01,-0.00000e+00,3.52000e+00,
2.9355362e-01,-0.00000e+00,3.52000e+00,
2.9384658e-01,-0.00000e+00,3.52000e+00,
2.9413953e-01,-0.00000e+00,3.52000e+00,
2.9443249e-01,2.00001e-01,3.52000e+00,
2.9472545e-01,-0.00000e+00,3.52000e+00,
2.9501840e-01,-0.00000e+00,3.52000e+00,
2.9531136e-01,-0.00000e+00,3.52000e+00,
2.9560432e-01,-0.00000e+00,3.56000e+00,
2.9589728e-01,-0.00000e+00,3.52000e+00,
2.9619023e-01,-0.00000e+00,3.52000e+00,
2.9648319e-01,2.00001e-01,3.52000e+00,
2.9677615e-01,2.00001e-01,3.52000e+00,
2.9706910e-01,2.00001e-01,3.52000e+00,
2.9736206e-01,-0.00000e+00,3.52000e+00,
2.9765502e-01,2.00001e-01,3.56000e+00,
2.9794797e-01,2.00001e-01,3.52000e+00,
2.9824093e-01,2.00001e-01,3.56000e+00,
2.9853389e-01,2.00001e-01,3.52000e+00,
2.9882684e-01,-0.00000e+00,3.52000e+00,
2.9911980e-01,-0.00000e+00,3.60000e+00,
2.9941276e-01,-0.00000e+00,3.60000e+00,
2.9970571e-01,-0.00000e+00,3.60000e+00,
2.9999867e-01,2.00001e-01,3.60000e+00,
3.0029163e-01,-0.00000e+00,3.60000e+00,
3.0058458e-01,-0.00000e+00,3.60000e+00,
3.0087754e-01,-0.00000e+00,3.56000e+00,
3.0117050e-01,-0.00000e+00,3.60000e+00,
3.0146345e-01,-0.00000e+00,3.60000e+00,
3.0175641e-01,-0.00000e+00,3.60000e+00,
3.0204937e-01,2.00001e-01,3.60000e+00,
3.0234233e-01,-0.00000e+00,3.60000e+00,
3.0263528e-01,-0.00000e+00,3.56000e+00,
3.0292824e-01,-0.00000e+00,3.60000e+00,
3.0322120e-01,-0.00000e+00,3.60000e+00,
3.0351415e-01,-0.00000e+00,3.60000e+00,
3.0380711e-01,-0.00000e+00,3.60000e+00,
3.0410007e-01,-0.00000e+00,3.60000e+00,
3.0439302e-01,-0.00000e+00,3.60000e+00,
3.0468598e-01,-0.00000e+00,3.60000e+00,
3.0497894e-01,-0.00000e+00,3.60000e+00,
3.0527189e-01,-0.00000e+00,3.64000e+00,
3.0556485e-01,-0.00000e+00,3.60000e+00,
3.0585781e-01,2.00001e-01,3.60000e+00,
3.0615076e-01,-0.00000e+00,3.64000e+00,
3.0644372e-01,-0.00000e+00,3.60000e+00,
3.0673668e-01,-0.00000e+00,3.60000e+00,
3.0702963e-01,-0.00000e+00,3.64000e+00,
3.0732259e-01,5.00000e+00,3.68000e+00,
3.0761555e-01,-0.00000e+00,3.60000e+00,
3.0790851e-01,-0.00000e+00,3.64000e+00,
3.0820146e-01,-0.00000e+00,3.64000e+00,
3.0849442e-01,-0.00000e+00,3.60000e+00,
3.0878738e-01,-0.00000e+00,3.64000e+00,
3.0908033e-01,-0.00000e+00,3.68000e+00,
3.0937329e-01,-0.00000e+00,3.64000e+00,
3.0966625e-01,-0.00000e+00,3.64000e+00,
3.0995920e-01,-0.00000e+00,3.64000e+00,
3.1025216e-01,-0.00000e+00,3.64000e+00,
3.1054512e-01,-0.00000e+00,3.64000e+00,
3.1083807e-01,-0.00000e+00,3.64000e+00,
3.1113103e-01,-0.00000e+00,3.60000e+00,
3.1142399e-01,-0.00000e+00,3.64000e+00,
3.1171694e-01,2.00001e-01,3.64000e+00,
3.1200990e-01,-0.00000e+00,3.64000e+00,
3.1230286e-01,-0.00000e+00,3.64000e+00,
3.1259581e-01,2.00001e-01,3.64000e+00,
3.1288877e-01,-0.00000e+00,3.64000e+00,
3.1318173e-01,-0.00000e+00,3.64000e+00,
3.1347468e-01,-0.00000e+00,3.64000e+00,
3.1376764e-01,-0.00000e+00,3.68000e+00,
3.1406060e-01,-0.00000e+00,3.64000e+00,
3.1435356e-01,2.00001e-01,3.68000e+00,
3.1464651e-01,-0.00000e+00,3.68000e+00,
3.1493947e-01,-0.00000e+00,3.68000e+00,
3.1523243e-01,-0.00000e+00,3.68000e+00,
3.1552538e-01,-0.00000e+00,3.68000e+00,
3.1581834e-01,-0.00000e+00,3.68000e+00,
3.1611130e-01,-0.00000e+00,3.68000e+00,
3.1640425e-01,-0.00000e+00,3.68000e+00,
3.1669721e-01,-0.00000e+00,3.68000e+00,
3.1699017e-01,-0.00000e+00,3.68000e+00,
3.1728312e-01,-0.00000e+00,3.68000e+00,
3.1757608e-01,2.00001e-01,3.68000e+00,
3.1786904e-01,-0.00000e+00,3.68000e+00,
3.1816199e-01,-0.00000e+00,3.68000e+00,
3.1845495e-01,-0.00000e+00,3.68000e+00,
3.1874791e-01,-0.00000e+00,3.68000e+00,
3.1904086e-01,-0.00000e+00,3.68000e+00,
3.1933382e-01,2.00001e-01,3.68000e+00,
3.1962678e-01,-0.00000e+00,3.68000e+00,
3.1991974e-01,2.00001e-01,3.68000e+00,
3.2021269e-01,-0.00000e+00,3.68000e+00,
3.2050565e-01,-0.00000e+00,3.68000e+00,
3.2079861e-01,-0.00000e+00,3.68000e+00,
3.2109156e-01,-0.00000e+00,3.68000e+00,
3.2138452e-01,2.00001e-01,3.68000e+00,
3.2167748e-01,-0.00000e+00,3.68000e+00,
3.2197043e-01,-0.00000e+00,3.68000e+00,
3.2226339e-01,-0.00000e+00,3.68000e+00,
3.2255635e-01,-0.00000e+00,3.68000e+00,
3.2284930e-01,-0.00000e+00,3.68000e+00,
3.2314226e-01,2.00001e-01,3.68000e+00,
3.2343522e-01,-0.00000e+00,3.68000e+00,
3.2372817e-01,-0.00000e+00,3.68000e+00,
3.2402113e-01,-0.00000e+00,3.68000e+00,
3.2431409e-01,-0.00000e+00,3.68000e+00,
3.2460704e-01,2.00001e-01,3.68000e+00,
3.2490000e-01,-0.00000e+00,3.68000e+00,
3.2519296e-01,-0.00000e+00,3.64000e+00,
3.2548591e-01,2.00001e-01,3.68000e+00,
3.2577887e-01,-0.00000e+00,3.72000e+00,
3.2607183e-01,-0.00000e+00,3.72000e+00,
3.2636479e-01,-0.00000e+00,3.68000e+00,
3.2665774e-01,2.00001e-01,3.72000e+00,
3.2695070e-01,-0.00000e+00,3.72000e+00,
3.2724366e-01,-0.00000e+00,3.68000e+00,
3.2753661e-01,-0.00000e+00,3.72000e+00,
3.2782957e-01,2.00001e-01,3.72000e+00,
3.2812253e-01,-0.00000e+00,3.76000e+00,
3.2841548e-01,-0.00000e+00,3.76000e+00,
3.2870844e-01,-0.00000e+00,3.76000e+00,
3.2900140e-01,2.00001e-01,3.76000e+00,
3.2929435e-01,-0.00000e+00,3.72000e+00,
3.2958731e-01,-0.00000e+00,3.76000e+00,
3.2988027e-01,-0.00000e+00,3.72000e+00,
3.3017322e-01,-0.00000e+00,3.76000e+00,
3.3046618e-01,2.00001e-01,3.76000e+00,
3.3075914e-01,-0.00000e+00,3.76000e+00,
3.3105209e-01,-0.00000e+00,3.76000e+00,
3.3134505e-01,-0.00000e+00,3.76000e+00,
3.3163801e-01,2.00001e-01,3.76000e+00,
3.3193097e-01,2.00001e-01,3.76000e+00,
3.3222392e-01,2.00001e-01,3.76000e+00,
3.3251688e-01,-0.00000e+00,3.76000e+00,
3.3280984e-01,-0.00000e+00,3.76000e+00,
3.3310279e-01,-0.00000e+00,3.76000e+00,
3.3339575e-01,-0.00000e+00,3.76000e+00,
3.3368871e-01,-0.00000e+00,3.76000e+00,
3.3398166e-01,-0.00000e+00,3.76000e+00,
3.3427462e-01,-0.00000e+00,3.76000e+00,
3.3456758e-01,-0.00000e+00,3.80000e+00,
3.3486053e-01,-0.00000e+00,3.76000e+00,
3.3515349e-01,-0.00000e+00,3.80000e+00,
3.3544645e-01,-0.00000e+00,3.76000e+00,
3.3573940e-01,-0.00000e+00,3.76000e+00,
3.3603236e-01,-0.00000e+00,3.76000e+00,
3.3632532e-01,-0.00000e+00,3.80000e+00,
3.3661827e-01,-0.00000e+00,3.80000e+00,
3.3691123e-01,-0.00000e+00,3.80000e+00,
3.3720419e-01,2.00001e-01,3.80000e+00,
3.3749714e-01,-0.00000e+00,3.80000e+00,
3.3779010e-01,-0.00000e+00,3.80000e+00,
3.3808306e-01,-0.00000e+00,3.80000e+00,
3.3837602e-01,-0.00000e+00,3.80000e+00,
3.3866897e-01,-0.00000e+00,3.80000e+00,
3.3896193e-01,-0.00000e+00,3.80000e+00,
3.3925489e-01,-0.00000e+00,3.80000e+00,
3.3954784e-01,-0.00000e+00,3.80000e+00,
3.3984080e-01,-0.00000e+00,3.80000e+00,
3.4013376e-01,-0.00000e+00,3.84000e+00,
3.4042671e-01,-0.00000e+00,3.84000e+00,
3.4071967e-01,2.00001e-01,3.68000e+00,
3.4101263e-01,2.00001e-01,3.80000e+00,
3.4130558e-01,-0.00000e+00,3.84000e+00,
3.4159854e-01,-0.00000e+00,3.80000e+00,
3.4189150e-01,-0.00000e+00,3.80000e+00,
3.4218445e-01,-0.00000e+00,3.84000e+00,
3.4247741e-01,2.00001e-01,3.80000e+00,
3.4277037e-01,-0.00000e+00,3.84000e+00,
3.4306332e-01,2.00001e-01,3.84000e+00,
3.4335628e-01,2.00001e-01,3.84000e+00,
3.4364924e-01,2.00001e-01,3.84000e+00,
3.4394220e-01,-0.00000e+00,3.80000e+00,
3.4423515e-01,-0.00000e+00,3.84000e+00,
3.4452811e-01,-0.00000e+00,3.84000e+00,
3.4482107e-01,-0.00000e+00,3.84000e+00,
3.4511402e-01,2.00001e-01,3.84000e+00,
3.4540698e-01,-0.00000e+00,3.84000e+00,
3.4569994e-01,-0.00000e+00,3.88000e+00,
3.4599289e-01,2.00001e-01,3.84000e+00,
3.4628585e-01,-0.00000e+00,3.84000e+00,
3.4657881e-01,-0.00000e+00,3.84000e+00,
3.4687176e-01,-0.00000e+00,3.84000e+00,
3.4716472e-01,-0.00000e+00,3.84000e+00,
3.4745768e-01,-0.00000e+00,3.84000e+00,
3.4775063e-01,-0.00000e+00,3.84000e+00,
3.4804359e-01,-0.00000e+00,3.84000e+00,
3.4833655e-01,2.00001e-01,3.84000e+00,
3.4862950e-01,2.00001e-01,3.84000e+00,
3.4892246e-01,-0.00000e+00,3.84000e+00,
3.4921542e-01,-0.00000e+00,3.84000e+00,
3.4950837e-01,-0.00000e+00,3.84000e+00,
3.4980133e-01,-0.00000e+00,3.84000e+00,
3.5009429e-01,-0.00000e+00,3.84000e+00,
3.5038725e-01,-0.00000e+00,3.84000e+00,
3.5068020e-01,2.00001e-01,3.84000e+00,
3.5097316e-01,2.00001e-01,3.84000e+00,
3.5126612e-01,-0.00000e+00,3.84000e+00,
3.5155907e-01,-0.00000e+00,3.84000e+00,
3.5185203e-01,-0.00000e+00,3.84000e+00,
3.5214499e-01,-0.00000e+00,3.84000e+00,
3.5243794e-01,2.00001e-01,3.84000e+00,
3.5273090e-01,2.00001e-01,3.84000e+00,
3.5302386e-01,-0.00000e+00,3.84000e+00,
3.5331681e-01,-0.00000e+00,3.84000e+00,
3.5360977e-01,2.00001e-01,3.84000e+00,
3.5390273e-01,-0.00000e+00,3.84000e+00,
3.5419568e-01,-0.00000e+00,3.84000e+00,
3.5448864e-01,2.00001e-01,3.84000e+00,
3.5478160e-01,-0.00000e+00,3.84000e+00,
3.5507455e-01,-0.00000e+00,3.84000e+00,
3.5536751e-01,-0.00000e+00,3.84000e+00,
3.5566047e-01,-0.00000e+00,3.84000e+00,
3.5595343e-01,-0.00000e+00,3.88000e+00,
3.5624638e-01,-0.00000e+00,3.84000e+00,
3.5653934e-01,-0.00000e+00,3.88000e+00,
3.5683230e-01,-0.00000e+00,3.84000e+00,
3.5712525e-01,-0.00000e+00,3.84000e+00,
3.5741821e-01,-0.00000e+00,3.84000e+00,
3.5771117e-01,2.00001e-01,3.84000e+00,
3.5800412e-01,-0.00000e+00,3.84000e+00,
3.5829708e-01,2.00001e-01,3.84000e+00,
3.5859004e-01,-0.00000e+00,3.88000e+00,
3.5888299e-01,-0.00000e+00,3.88000e+00,
3.5917595e-01,-0.00000e+00,3.88000e+00,
3.5946891e-01,-0.00000e+00,3.84000e+00,
3.5976186e-01,-0.00000e+00,3.88000e+00,
3.6005482e-01,-0.00000e+00,3.84000e+00,
3.6034778e-01,-0.00000e+00,3.84000e+00,
3.6064073e-01,-0.00000e+00,3.88000e+00,
3.6093369e-01,-0.00000e+00,3.88000e+00,
3.6122665e-01,2.00001e-01,3.84000e+00,
3.6151960e-01,2.00001e-01,3.84000e+00,
3.6181256e-01,2.00001e-01,3.88000e+00,
3.6210552e-01,-0.00000e+00,3.92000e+00,
3.6239848e-01,-0.00000e+00,3.84000e+00,
3.6269143e-01,-0.00000e+00,3.88000e+00,
3.6298439e-01,2.00001e-01,3.88000e+00,
3.6327735e-01,2.00001e-01,3.88000e+00,
3.6357030e-01,-0.00000e+00,3.88000e+00,
3.6386326e-01,-0.00000e+00,3.84000e+00,
3.6415622e-01,2.00001e-01,3.88000e+00,
3.6444917e-01,2.00001e-01,3.88000e+00,
3.6474213e-01,-0.00000e+00,3.88000e+00,
3.6503509e-01,-0.00000e+00,3.88000e+00,
3.6532804e-01,2.00001e-01,3.88000e+00,
3.6562100e-01,-0.00000e+00,3.88000e+00,
3.6591396e-01,2.00001e-01,3.88000e+00,
3.6620691e-01,-0.00000e+00,3.84000e+00,
3.6649987e-01,-0.00000e+00,3.88000e+00,
3.6679283e-01,-0.00000e+00,3.88000e+00,
3.6708578e-01,-0.00000e+00,3.84000e+00,
3.6737874e-01,-0.00000e+00,3.88000e+00,
3.6767170e-01,-0.00000e+00,3.88000e+00,
3.6796466e-01,-0.00000e+00,3.88000e+00,
3.6825761e-01,2.00001e-01,3.92000e+00,
3.6855057e-01,-0.00000e+00,3.92000e+00,
3.6884353e-01,-0.00000e+00,3.92000e+00,
3.6913648e-01,-0.00000e+00,3.92000e+00,
3.6942944e-01,-0.00000e+00,3.88000e+00,
3.6972240e-01,-0.00000e+00,3.92000e+00,
3.7001535e-01,-0.00000e+00,3.92000e+00,
3.7030831e-01,-0.00000e+00,3.88000e+00,
3.7060127e-01,-0.00000e+00,3.88000e+00,
3.7089422e-01,-0.00000e+00,3.88000e+00,
3.7118718e-01,2.00001e-01,3.92000e+00,
3.7148014e-01,-0.00000e+00,3.88000e+00,
3.7177309e-01,-0.00000e+00,3.92000e+00,
3.7206605e-01,-0.00000e+00,3.92000e+00,
3.7235901e-01,-0.00000e+00,3.88000e+00,
3.7265196e-01,-0.00000e+00,3.88000e+00,
3.7294492e-01,-0.00000e+00,3.92000e+00,
3.7323788e-01,-0.00000e+00,3.88000e+00,
3.7353083e-01,-0.00000e+00,3.88000e+00,
3.7382379e-01,-0.00000e+00,3.92000e+00,
3.7411675e-01,-0.00000e+00,3.92000e+00,
3.7440971e-01,-0.00000e+00,3.92000e+00,
3.7470266e-01,-0.00000e+00,3.88000e+00,
3.7499562e-01,-0.00000e+00,3.92000e+00,
3.7528858e-01,-0.00000e+00,3.92000e+00,
3.7558153e-01,-0.00000e+00,3.84000e+00,
3.7587449e-01,-0.00000e+00,3.88000e+00,
3.7616745e-01,-0.00000e+00,3.84000e+00,
3.7646040e-01,2.00001e-01,3.92000e+00,
3.7675336e-01,-0.00000e+00,3.92000e+00,
3.7704632e-01,-0.00000e+00,3.88000e+00,
3.7733927e-01,2.00001e-01,3.92000e+00,
3.7763223e-01,-0.00000e+00,3.92000e+00,
3.7792519e-01,2.00001e-01,3.92000e+00,
3.7821814e-01,-0.00000e+00,3.92000e+00,
3.7851110e-01,-0.00000e+00,3.92000e+00,
3.7880406e-01,-0.00000e+00,3.92000e+00,
3.7909701e-01,-0.00000e+00,3.92000e+00,
3.7938997e-01,-0.00000e+00,3.88000e+00,
3.7968293e-01,-0.00000e+00,3.92000e+00,
3.7997589e-01,2.00001e-01,3.92000e+00,
3.8026884e-01,-0.00000e+00,3.92000e+00,
3.8056180e-01,-0.00000e+00,3.84000e+00,
3.8085476e-01,-0.00000e+00,3.92000e+00,
3.8114771e-01,2.00001e-01,3.92000e+00,
3.8144067e-01,-0.00000e+00,3.92000e+00,
3.8173363e-01,-0.00000e+00,3.88000e+00,
3.8202658e-01,-0.00000e+00,3.88000e+00,
3.8231954e-01,2.00001e-01,3.92000e+00,
3.8261250e-01,-0.00000e+00,3.96000e+00,
3.8290545e-01,-0.00000e+00,3.92000e+00,
3.8319841e-01,-0.00000e+00,3.92000e+00,
3.8349137e-01,-0.00000e+00,3.92000e+00,
3.8378432e-01,-0.00000e+00,3.92000e+00,
3.8407728e-01,-0.00000e+00,3.92000e+00,
3.8437024e-01,-0.00000e+00,3.92000e+00,
3.8466319e-01,-0.00000e+00,3.92000e+00,
3.8495615e-01,-0.00000e+00,3.92000e+00,
3.8524911e-01,2.00001e-01,3.92000e+00,
3.8554206e-01,-0.00000e+00,3.84000e+00,
3.8583502e-01,-0.00000e+00,3.92000e+00,
3.8612798e-01,-0.00000e+00,3.92000e+00,
3.8642094e-01,-0.00000e+00,3.92000e+00,
3.8671389e-01,2.00001e-01,3.92000e+00,
3.8700685e-01,-0.00000e+00,3.92000e+00,
3.8729981e-01,-0.00000e+00,3.92000e+00,
3.8759276e-01,2.00001e-01,3.92000e+00,
3.8788572e-01,-0.00000e+00,3.92000e+00,
3.8817868e-01,-0.00000e+00,3.88000e+00,
3.8847163e-01,-0.00000e+00,3.92000e+00,
3.8876459e-01,-0.00000e+00,3.92000e+00,
3.8905755e-01,-0.00000e+00,3.92000e+00,
3.8935050e-01,-0.00000e+00,3.92000e+00,
3.8964346e-01,-0.00000e+00,3.92000e+00,
3.8993642e-01,-0.00000e+00,3.92000e+00,
3.9022937e-01,-0.00000e+00,3.92000e+00,
3.9052233e-01,-0.00000e+00,3.92000e+00,
3.9081529e-01,2.00001e-01,3.96000e+00,
3.9110824e-01,-0.00000e+00,3.92000e+00,
3.9140120e-01,-0.00000e+00,3.92000e+00,
3.9169416e-01,2.00001e-01,3.92000e+00,
3.9198712e-01,-0.00000e+00,3.92000e+00,
3.9228007e-01,-0.00000e+00,3.92000e+00,
3.9257303e-01,-0.00000e+00,3.92000e+00,
3.9286599e-01,-0.00000e+00,3.92000e+00,
3.9315894e-01,-0.00000e+00,3.92000e+00,
3.9345190e-01,-0.00000e+00,3.92000e+00,
3.9374486e-01,-0.00000e+00,3.92000e+00,
3.9403781e-01,-0.00000e+00,3.92000e+00,
3.9433077e-01,-0.00000e+00,4.00000e+00,
3.9462373e-01,-0.00000e+00,3.92000e+00,
3.9491668e-01,-0.00000e+00,3.92000e+00,
3.9520964e-01,-0.00000e+00,3.92000e+00,
3.9550260e-01,-0.00000e+00,3.92000e+00,
3.9579555e-01,-0.00000e+00,3.92000e+00,
3.9608851e-01,-0.00000e+00,3.92000e+00,
3.9638147e-01,-0.00000e+00,3.92000e+00,
3.9667442e-01,-0.00000e+00,3.92000e+00,
3.9696738e-01,-0.00000e+00,3.92000e+00,
3.9726034e-01,-0.00000e+00,3.92000e+00,
3.9755329e-01,-0.00000e+00,3.92000e+00,
3.9784625e-01,-0.00000e+00,3.92000e+00,
3.9813921e-01,-0.00000e+00,3.92000e+00,
3.9843217e-01,-0.00000e+00,3.92000e+00,
3.9872512e-01,-0.00000e+00,3.92000e+00,
3.9901808e-01,-0.00000e+00,3.84000e+00,
3.9931104e-01,-0.00000e+00,3.92000e+00,
3.9960399e-01,2.00001e-01,3.92000e+00,
3.9989695e-01,-0.00000e+00,3.92000e+00,
4.0018991e-01,-0.00000e+00,3.92000e+00,
4.0048286e-01,-0.00000e+00,3.92000e+00,
4.0077582e-01,-0.00000e+00,3.92000e+00,
4.0106878e-01,-0.00000e+00,3.92000e+00,
4.0136173e-01,-0.00000e+00,3.92000e+00,
4.0165469e-01,-0.00000e+00,3.96000e+00,
4.0194765e-01,-0.00000e+00,3.92000e+00,
4.0224060e-01,-0.00000e+00,3.92000e+00,
4.0253356e-01,-0.00000e+00,3.92000e+00,
4.0282652e-01,-0.00000e+00,3.92000e+00,
4.0311947e-01,-0.00000e+00,3.92000e+00,
4.0341243e-01,-0.00000e+00,3.92000e+00,
4.0370539e-01,-0.00000e+00,3.92000e+00,
4.0399835e-01,-0.00000e+00,3.92000e+00,
4.0429130e-01,-0.00000e+00,3.92000e+00,
4.0458426e-01,-0.00000e+00,3.92000e+00,
4.0487722e-01,-0.00000e+00,3.92000e+00,
4.0517017e-01,-0.00000e+00,3.92000e+00,
4.0546313e-01,2.00001e-01,3.92000e+00,
4.0575609e-01,2.00001e-01,3.92000e+00,
4.0604904e-01,-0.00000e+00,3.92000e+00,
4.0634200e-01,-0.00000e+00,3.92000e+00,
4.0663496e-01,-0.00000e+00,3.92000e+00,
4.0692791e-01,-0.00000e+00,3.96000e+00,
4.0722087e-01,-0.00000e+00,3.92000e+00,
4.0751383e-01,2.00001e-01,3.92000e+00,
4.0780678e-01,-0.00000e+00,3.92000e+00,
4.0809974e-01,-0.00000e+00,3.92000e+00,
4.0839270e-01,-0.00000e+00,3.92000e+00,
4.0868565e-01,-0.00000e+00,3.92000e+00,
4.0897861e-01,-0.00000e+00,3.92000e+00,
4.0927157e-01,2.00001e-01,3.92000e+00,
4.0956452e-01,-0.00000e+00,3.84000e+00,
4.0985748e-01,-0.00000e+00,3.92000e+00,
4.1015044e-01,-0.00000e+00,3.92000e+00,
4.1044340e-01,2.00001e-01,3.92000e+00,
4.1073635e-01,-0.00000e+00,3.92000e+00,
4.1102931e-01,-0.00000e+00,3.92000e+00,
4.1132227e-01,-0.00000e+00,3.96000e+00,
4.1161522e-01,-0.00000e+00,3.92000e+00,
4.1190818e-01,-0.00000e+00,3.96000e+00,
4.1220114e-01,-0.00000e+00,3.92000e+00,
4.1249409e-01,-0.00000e+00,3.92000e+00,
4.1278705e-01,-0.00000e+00,3.88000e+00,
4.1308001e-01,-0.00000e+00,3.92000e+00,
4.1337296e-01,-0.00000e+00,3.84000e+00,
4.1366592e-01,-0.00000e+00,3.92000e+00,
4.1395888e-01,-0.00000e+00,3.92000e+00,
4.1425183e-01,-0.00000e+00,3.92000e+00,
4.1454479e-01,-0.00000e+00,3.92000e+00,
4.1483775e-01,-0.00000e+00,3.92000e+00,
4.1513070e-01,-0.00000e+00,3.96000e+00,
4.1542366e-01,-0.00000e+00,3.92000e+00,
4.1571662e-01,2.00001e-01,3.92000e+00,
4.1600958e-01,2.00001e-01,3.96000e+00,
4.1630253e-01,-0.00000e+00,3.92000e+00,
4.1659549e-01,2.00001e-01,3.92000e+00,
4.1688845e-01,-0.00000e+00,3.92000e+00,
4.1718140e-01,-0.00000e+00,3.92000e+00,
4.1747436e-01,-0.00000e+00,3.92000e+00,
4.1776732e-01,-0.00000e+00,3.92000e+00,
4.1806027e-01,-0.00000e+00,3.92000e+00,
4.1835323e-01,-0.00000e+00,3.96000e+00,
4.1864619e-01,-0.00000e+00,3.92000e+00,
4.1893914e-01,-0.00000e+00,3.92000e+00,
4.1923210e-01,-0.00000e+00,3.92000e+00,
4.1952506e-01,-0.00000e+00,3.96000e+00,
4.1981801e-01,2.00001e-01,3.92000e+00,
4.2011097e-01,-0.00000e+00,3.92000e+00,
4.2040393e-01,-0.00000e+00,3.92000e+00,
4.2069688e-01,-0.00000e+00,3.92000e+00,
4.2098984e-01,2.00001e-01,3.96000e+00,
4.2128280e-01,2.00001e-01,3.92000e+00,
4.2157575e-01,-0.00000e+00,3.92000e+00,
4.2186871e-01,2.00001e-01,3.92000e+00,
4.2216167e-01,-0.00000e+00,3.92000e+00,
4.2245463e-01,-0.00000e+00,3.92000e+00,
4.2274758e-01,-0.00000e+00,3.92000e+00,
4.2304054e-01,-0.00000e+00,3.92000e+00,
4.2333350e-01,-0.00000e+00,4.00000e+00,
4.2362645e-01,-0.00000e+00,3.92000e+00,
4.2391941e-01,-0.00000e+00,3.92000e+00,
4.2421237e-01,-0.00000e+00,3.92000e+00,
4.2450532e-01,2.00001e-01,3.92000e+00,
4.2479828e-01,-0.00000e+00,3.92000e+00,
4.2509124e-01,-0.00000e+00,3.92000e+00,
4.2538419e-01,-0.00000e+00,3.96000e+00,
4.2567715e-01,-0.00000e+00,3.92000e+00,
4.2597011e-01,-0.00000e+00,3.92000e+00,
4.2626306e-01,-0.00000e+00,3.96000e+00,
4.2655602e-01,-0.00000e+00,3.92000e+00,
4.2684898e-01,-0.00000e+00,3.92000e+00,
4.2714193e-01,-0.00000e+00,3.96000e+00,
4.2743489e-01,-0.00000e+00,3.92000e+00,
4.2772785e-01,-0.00000e+00,3.92000e+00,
4.2802081e-01,-0.00000e+00,3.92000e+00,
4.2831376e-01,-0.00000e+00,3.92000e+00,
4.2860672e-01,-0.00000e+00,3.92000e+00,
4.2889968e-01,-0.00000e+00,3.92000e+00,
4.2919263e-01,-0.00000e+00,3.96000e+00,
4.2948559e-01,-0.00000e+00,3.92000e+00,
4.2977855e-01,-0.00000e+00,3.92000e+00,
4.3007150e-01,-0.00000e+00,3.96000e+00,
4.3036446e-01,-0.00000e+00,3.96000e+00,
4.3065742e-01,-0.00000e+00,3.96000e+00,
4.3095037e-01,-0.00000e+00,3.92000e+00,
4.3124333e-01,-0.00000e+00,3.96000e+00,
4.3153629e-01,2.00001e-01,3.92000e+00,
4.3182924e-01,-0.00000e+00,4.00000e+00,
4.3212220e-01,-0.00000e+00,3.92000e+00,
4.3241516e-01,-0.00000e+00,3.92000e+00,
4.3270811e-01,-0.00000e+00,3.96000e+00,
4.3300107e-01,2.00001e-01,3.92000e+00,
4.3329403e-01,5.00000e+00,3.96000e+00,
4.3358698e-01,-0.00000e+00,3.92000e+00,
4.3387994e-01,-0.00000e+00,3.92000e+00,
4.3417290e-01,-0.00000e+00,3.96000e+00,
4.3446586e-01,2.00001e-01,3.96000e+00,
4.3475881e-01,-0.00000e+00,3.92000e+00,
4.3505177e-01,-0.00000e+00,3.92000e+00,
4.3534473e-01,-0.00000e+00,3.96000e+00,
4.3563768e-01,-0.00000e+00,3.92000e+00,
4.3593064e-01,2.00001e-01,3.92000e+00,
4.3622360e-01,-0.00000e+00,3.92000e+00,
4.3651655e-01,-0.00000e+00,3.92000e+00,
4.3680951e-01,2.00001e-01,3.92000e+00,
4.3710247e-01,-0.00000e+00,3.96000e+00,
4.3739542e-01,-0.00000e+00,3.92000e+00,
4.3768838e-01,2.00001e-01,3.80000e+00,
4.3798134e-01,2.00001e-01,3.96000e+00,
4.3827429e-01,-0.00000e+00,3.92000e+00,
4.3856725e-01,-0.00000e+00,3.96000e+00,
4.3886021e-01,-0.00000e+00,3.96000e+00,
4.3915316e-01,-0.00000e+00,3.96000e+00,
4.3944612e-01,-0.00000e+00,3.92000e+00,
4.3973908e-01,2.00001e-01,3.92000e+00,
4.4003204e-01,-0.00000e+00,3.92000e+00,
4.4032499e-01,-0.00000e+00,3.92000e+00,
4.4061795e-01,-0.00000e+00,3.96000e+00,
4.4091091e-01,-0.00000e+00,3.92000e+00,
4.4120386e-01,-0.00000e+00,3.92000e+00,
4.4149682e-01,-0.00000e+00,3.96000e+00,
4.4178978e-01,-0.00000e+00,3.96000e+00,
4.4208273e-01,-0.00000e+00,3.92000e+00,
4.4237569e-01,-0.00000e+00,4.00000e+00,
4.4266865e-01,-0.00000e+00,3.92000e+00,
4.4296160e-01,2.00001e-01,3.92000e+00,
4.4325456e-01,-0.00000e+00,3.96000e+00,
4.4354752e-01,2.00001e-01,3.96000e+00,
4.4384047e-01,2.00001e-01,3.92000e+00,
4.4413343e-01,-0.00000e+00,3.96000e+00,
4.4442639e-01,-0.00000e+00,3.92000e+00,
4.4471934e-01,-0.00000e+00,3.92000e+00,
4.4501230e-01,-0.00000e+00,3.96000e+00,
4.4530526e-01,-0.00000e+00,3.96000e+00,
4.4559821e-01,2.00001e-01,3.92000e+00,
4.4589117e-01,-0.00000e+00,3.92000e+00,
4.4618413e-01,-0.00000e+00,3.92000e+00,
4.4647709e-01,-0.00000e+00,3.92000e+00,
4.4677004e-01,-0.00000e+00,3.92000e+00,
4.4706300e-01,-0.00000e+00,3.92000e+00,
4.4735596e-01,-0.00000e+00,3.92000e+00,
4.4764891e-01,-0.00000e+00,3.92000e+00,
4.4794187e-01,-0.00000e+00,3.92000e+00,
4.4823483e-01,-0.00000e+00,3.92000e+00,
4.4852778e-01,-0.00000e+00,3.92000e+00,
4.4882074e-01,-0.00000e+00,3.96000e+00,
4.4911370e-01,-0.00000e+00,3.92000e+00,
4.4940665e-01,-0.00000e+00,3.92000e+00,
4.4969961e-01,-0.00000e+00,3.96000e+00,
4.4999257e-01,-0.00000e+00,3.96000e+00,
4.5028552e-01,2.00001e-01,3.96000e+00,
4.5057848e-01,2.00001e-01,3.92000e+00,
4.5087144e-01,-0.00000e+00,3.92000e+00,
4.5116439e-01,-0.00000e+00,3.92000e+00,
4.5145735e-01,-0.00000e+00,3.92000e+00,
4.5175031e-01,-0.00000e+00,3.96000e+00,
4.5204327e-01,-0.00000e+00,3.96000e+00,
4.5233622e-01,-0.00000e+00,3.92000e+00,
4.5262918e-01,-0.00000e+00,3.92000e+00,
4.5292214e-01,-0.00000e+00,3.96000e+00,
4.5321509e-01,-0.00000e+00,3.92000e+00,
4.5350805e-01,-0.00000e+00,3.96000e+00,
4.5380101e-01,-0.00000e+00,3.96000e+00,
4.5409396e-01,-0.00000e+00,3.92000e+00,
4.5438692e-01,-0.00000e+00,3.92000e+00,
4.5467988e-01,-0.00000e+00,3.96000e+00,
4.5497283e-01,2.00001e-01,3.92000e+00,
4.5526579e-01,-0.00000e+00,3.92000e+00,
4.5555875e-01,-0.00000e+00,3.92000e+00,
4.5585170e-01,2.00001e-01,3.92000e+00,
4.5614466e-01,-0.00000e+00,3.96000e+00,
4.5643762e-01,2.00001e-01,3.96000e+00,
4.5673057e-01,-0.00000e+00,3.92000e+00,
4.5702353e-01,2.00001e-01,3.92000e+00,
4.5731649e-01,-0.00000e+00,3.92000e+00,
4.5760944e-01,-0.00000e+00,3.92000e+00,
4.5790240e-01,-0.00000e+00,3.92000e+00,
4.5819536e-01,-0.00000e+00,3.92000e+00,
4.5848832e-01,-0.00000e+00,3.96000e+00,
4.5878127e-01,-0.00000e+00,3.92000e+00,
4.5907423e-01,-0.00000e+00,3.96000e+00,
4.5936719e-01,-0.00000e+00,3.96000e+00,
4.5966014e-01,-0.00000e+00,3.92000e+00,
4.5995310e-01,-0.00000e+00,3.92000e+00,
4.6024606e-01,-0.00000e+00,3.96000e+00,
4.6053901e-01,-0.00000e+00,3.96000e+00,
4.6083197e-01,-0.00000e+00,3.92000e+00,
4.6112493e-01,2.00001e-01,3.92000e+00,
4.6141788e-01,-0.00000e+00,3.92000e+00,
4.6171084e-01,-0.00000e+00,3.92000e+00,
4.6200380e-01,-0.00000e+00,3.92000e+00,
4.6229675e-01,-0.00000e+00,3.92000e+00,
4.6258971e-01,-0.00000e+00,3.92000e+00,
4.6288267e-01,-0.00000e+00,3.92000e+00,
4.6317562e-01,-0.00000e+00,3.92000e+00,
4.6346858e-01,-0.00000e+00,3.96000e+00,
4.6376154e-01,-0.00000e+00,3.92000e+00,
4.6405450e-01,-0.00000e+00,3.96000e+00,
4.6434745e-01,-0.00000e+00,3.92000e+00,
4.6464041e-01,-0.00000e+00,3.92000e+00,
4.6493337e-01,-0.00000e+00,3.92000e+00,
4.6522632e-01,-0.00000e+00,3.96000e+00,
4.6551928e-01,-0.00000e+00,3.84000e+00,
4.6581224e-01,-0.00000e+00,3.92000e+00,
4.6610519e-01,-0.00000e+00,3.96000e+00,
4.6639815e-01,2.00001e-01,3.96000e+00,
4.6669111e-01,-0.00000e+00,3.92000e+00,
4.6698406e-01,-0.00000e+00,3.96000e+00,
4.6727702e-01,-0.00000e+00,3.92000e+00,
4.6756998e-01,2.00001e-01,3.92000e+00,
4.6786293e-01,-0.00000e+00,3.92000e+00,
4.6815589e-01,-0.00000e+00,3.92000e+00,
4.6844885e-01,-0.00000e+00,3.96000e+00,
4.6874180e-01,-0.00000e+00,3.92000e+00,
4.6903476e-01,-0.00000e+00,3.96000e+00,
4.6932772e-01,-0.00000e+00,3.96000e+00,
4.6962067e-01,-0.00000e+00,3.96000e+00,
4.6991363e-01,2.00001e-01,3.92000e+00,
4.7020659e-01,-0.00000e+00,3.92000e+00,
4.7049955e-01,-0.00000e+00,3.92000e+00,
4.7079250e-01,-0.00000e+00,3.92000e+00,
4.7108546e-01,-0.00000e+00,3.96000e+00,
4.7137842e-01,-0.00000e+00,3.92000e+00,
4.7167137e-01,-0.00000e+00,3.92000e+00,
4.7196433e-01,-0.00000e+00,3.96000e+00,
4.7225729e-01,-0.00000e+00,3.92000e+00,
4.7255024e-01,2.00001e-01,3.92000e+00,
4.7284320e-01,2.00001e-01,3.92000e+00,
4.7313616e-01,-0.00000e+00,3.96000e+00,
4.7342911e-01,2.00001e-01,3.96000e+00,
4.7372207e-01,-0.00000e+00,3.96000e+00,
4.7401503e-01,-0.00000e+00,3.92000e+00,
4.7430798e-01,-0.00000e+00,4.00000e+00,
4.7460094e-01,-0.00000e+00,3.92000e+00,
4.7489390e-01,-0.00000e+00,3.96000e+00,
4.7518685e-01,-0.00000e+00,3.92000e+00,
4.7547981e-01,-0.00000e+00,3.96000e+00,
4.7577277e-01,2.00001e-01,3.96000e+00,
4.7606573e-01,-0.00000e+00,3.96000e+00,
4.7635868e-01,-0.00000e+00,3.92000e+00,
4.7665164e-01,-0.00000e+00,3.92000e+00,
4.7694460e-01,-0.00000e+00,3.96000e+00,
4.7723755e-01,-0.00000e+00,3.96000e+00,
4.7753051e-01,-0.00000e+00,3.96000e+00,
4.7782347e-01,2.00001e-01,3.92000e+00,
4.7811642e-01,-0.00000e+00,3.92000e+00,
4.7840938e-01,-0.00000e+00,3.96000e+00,
4.7870234e-01,-0.00000e+00,3.92000e+00,
4.7899529e-01,-0.00000e+00,3.96000e+00,
4.7928825e-01,-0.00000e+00,3.96000e+00,
4.7958121e-01,-0.00000e+00,3.92000e+00,
4.7987416e-01,-0.00000e+00,3.96000e+00,
4.8016712e-01,-0.00000e+00,3.96000e+00,
4.8046008e-01,-0.00000e+00,3.92000e+00,
4.8075303e-01,-0.00000e+00,3.96000e+00,
4.8104599e-01,-0.00000e+00,3.96000e+00,
4.8133895e-01,2.00001e-01,3.92000e+00,
4.8163190e-01,-0.00000e+00,3.92000e+00,
4.8192486e-01,-0.00000e+00,3.92000e+00,
4.8221782e-01,-0.00000e+00,3.92000e+00,
4.8251078e-01,-0.00000e+00,3.92000e+00,
4.8280373e-01,-0.00000e+00,3.92000e+00,
4.8309669e-01,-0.00000e+00,3.92000e+00,
4.8338965e-01,2.00001e-01,3.92000e+00,
4.8368260e-01,-0.00000e+00,3.92000e+00,
4.8397556e-01,-0.00000e+00,3.92000e+00,
4.8426852e-01,-0.00000e+00,3.92000e+00,
4.8456147e-01,-0.00000e+00,3.92000e+00,
4.8485443e-01,-0.00000e+00,3.92000e+00,
4.8514739e-01,2.00001e-01,3.92000e+00,
4.8544034e-01,2.00001e-01,3.92000e+00,
4.8573330e-01,-0.00000e+00,3.92000e+00,
4.8602626e-01,-0.00000e+00,3.88000e+00,
4.8631921e-01,-0.00000e+00,3.88000e+00,
4.8661217e-01,2.00001e-01,3.92000e+00,
4.8690513e-01,-0.00000e+00,3.88000e+00,
4.8719808e-01,-0.00000e+00,3.92000e+00,
4.8749104e-01,-0.00000e+00,3.88000e+00,
4.8778400e-01,2.00001e-01,3.92000e+00,
4.8807696e-01,2.00001e-01,3.88000e+00,
4.8836991e-01,-0.00000e+00,3.84000e+00,
4.8866287e-01,-0.00000e+00,3.84000e+00,
4.8895583e-01,-0.00000e+00,3.84000e+00,
4.8924878e-01,-0.00000e+00,3.84000e+00,
4.8954174e-01,-0.00000e+00,3.84000e+00,
4.8983470e-01,2.00001e-01,3.84000e+00,
4.9012765e-01,-0.00000e+00,3.84000e+00,
4.9042061e-01,-0.00000e+00,3.80000e+00,
4.9071357e-01,-0.00000e+00,3.80000e+00,
4.9100652e-01,-0.00000e+00,3.76000e+00,
4.9129948e-01,-0.00000e+00,3.76000e+00,
4.9159244e-01,-0.00000e+00,3.76000e+00,
4.9188539e-01,2.00001e-01,3.72000e+00,
4.9217835e-01,-0.00000e+00,3.68000e+00,
4.9247131e-01,-0.00000e+00,3.68000e+00,
4.9276426e-01,2.00001e-01,3.68000e+00,
4.9305722e-01,-0.00000e+00,3.68000e+00,
4.9335018e-01,-0.00000e+00,3.64000e+00,
4.9364313e-01,-0.00000e+00,3.64000e+00,
4.9393609e-01,-0.00000e+00,3.60000e+00,
4.9422905e-01,-0.00000e+00,3.52000e+00,
4.9452201e-01,2.00001e-01,3.52000e+00,
4.9481496e-01,2.00001e-01,3.52000e+00,
4.9510792e-01,-0.00000e+00,3.52000e+00,
4.9540088e-01,-0.00000e+00,3.52000e+00,
4.9569383e-01,-0.00000e+00,3.48000e+00,
4.9598679e-01,-0.00000e+00,3.48000e+00,
4.9627975e-01,2.00001e-01,3.44000e+00,
4.9657270e-01,-0.00000e+00,3.44000e+00,
4.9686566e-01,-0.00000e+00,3.40000e+00,
4.9715862e-01,-0.00000e+00,3.36000e+00,
4.9745157e-01,-0.00000e+00,3.36000e+00,
4.9774453e-01,-0.00000e+00,3.36000e+00,
4.9803749e-01,2.00001e-01,3.32000e+00,
4.9833044e-01,-0.00000e+00,3.28000e+00,
4.9862340e-01,2.00001e-01,3.28000e+00,
4.9891636e-01,-0.00000e+00,3.28000e+00,
4.9920931e-01,-0.00000e+00,3.24000e+00,
4.9950227e-01,-0.00000e+00,3.20000e+00,
4.9979523e-01,-0.00000e+00,3.20000e+00,
5.0008821e-01,-0.00000e+00,3.20000e+00,
5.0038117e-01,2.00001e-01,3.20000e+00,
5.0067413e-01,-0.00000e+00,3.16000e+00,
5.0096709e-01,-0.00000e+00,3.16000e+00,
5.0126004e-01,-0.00000e+00,3.12000e+00,
5.0155300e-01,-0.00000e+00,3.08000e+00,
5.0184596e-01,-0.00000e+00,3.08000e+00,
5.0213891e-01,-0.00000e+00,3.04000e+00,
5.0243187e-01,-0.00000e+00,3.04000e+00,
5.0272483e-01,-0.00000e+00,3.04000e+00,
5.0301778e-01,-0.00000e+00,3.04000e+00,
5.0331074e-01,-0.00000e+00,3.00000e+00,
5.0360370e-01,-0.00000e+00,3.00000e+00,
5.0389665e-01,-0.00000e+00,2.96000e+00,
5.0418961e-01,-0.00000e+00,2.92000e+00,
5.0448257e-01,-0.00000e+00,2.92000e+00,
5.0477552e-01,-0.00000e+00,2.88000e+00,
5.0506848e-01,-0.00000e+00,2.88000e+00,
5.0536144e-01,-0.00000e+00,2.88000e+00,
5.0565439e-01,-0.00000e+00,2.88000e+00,
5.0594735e-01,-0.00000e+00,2.84000e+00,
5.0624031e-01,-0.00000e+00,2.80000e+00,
5.0653327e-01,-0.00000e+00,2.80000e+00,
5.0682622e-01,2.00001e-01,2.80000e+00,
5.0711918e-01,-0.00000e+00,2.76000e+00,
5.0741214e-01,2.00001e-01,2.76000e+00,
5.0770509e-01,-0.00000e+00,2.72000e+00,
5.0799805e-01,-0.00000e+00,2.72000e+00,
5.0829101e-01,-0.00000e+00,2.68000e+00,
5.0858396e-01,-0.00000e+00,2.72000e+00,
5.0887692e-01,-0.00000e+00,2.68000e+00,
5.0916988e-01,-0.00000e+00,2.64000e+00,
5.0946283e-01,-0.00000e+00,2.64000e+00,
5.0975579e-01,-0.00000e+00,2.64000e+00,
5.1004875e-01,2.00001e-01,2.60000e+00,
5.1034170e-01,-0.00000e+00,2.56000e+00,
5.1063466e-01,-0.00000e+00,2.56000e+00,
5.1092762e-01,-0.00000e+00,2.56000e+00,
5.1122057e-01,2.00001e-01,2.56000e+00,
5.1151353e-01,2.00001e-01,2.56000e+00,
5.1180649e-01,-0.00000e+00,2.52000e+00,
5.1209944e-01,-0.00000e+00,2.52000e+00,
5.1239240e-01,-0.00000e+00,2.48000e+00,
5.1268536e-01,-0.00000e+00,2.48000e+00,
5.1297832e-01,-0.00000e+00,2.48000e+00,
5.1327127e-01,2.00001e-01,2.44000e+00,
5.1356423e-01,-0.00000e+00,2.40000e+00,
5.1385719e-01,-0.00000e+00,2.40000e+00,
5.1415014e-01,-0.00000e+00,2.40000e+00,
5.1444310e-01,2.00001e-01,2.40000e+00,
5.1473606e-01,-0.00000e+00,2.36000e+00,
5.1502901e-01,-0.00000e+00,2.36000e+00,
5.1532197e-01,-0.00000e+00,2.36000e+00,
5.1561493e-01,-0.00000e+00,2.36000e+00,
5.1590788e-01,-0.00000e+00,2.32000e+00,
5.1620084e-01,-0.00000e+00,2.32000e+00,
5.1649380e-01,2.00001e-01,2.32000e+00,
5.1678675e-01,-0.00000e+00,2.32000e+00,
5.1707971e-01,-0.00000e+00,2.24000e+00,
5.1737267e-01,-0.00000e+00,2.24000e+00,
5.1766562e-01,-0.00000e+00,2.24000e+00,
5.1795858e-01,-0.00000e+00,2.20000e+00,
5.1825154e-01,-0.00000e+00,2.20000e+00,
5.1854450e-01,-0.00000e+00,2.16000e+00,
5.1883745e-01,-0.00000e+00,2.16000e+00,
5.1913041e-01,-0.00000e+00,2.16000e+00,
5.1942337e-01,-0.00000e+00,2.16000e+00,
5.1971632e-01,-0.00000e+00,2.12000e+00,
5.2000928e-01,-0.00000e+00,2.08000e+00,
5.2030224e-01,-0.00000e+00,2.08000e+00,
5.2059519e-01,-0.00000e+00,2.08000e+00,
5.2088815e-01,2.00001e-01,2.08000e+00,
5.2118111e-01,-0.00000e+00,2.08000e+00,
5.2147406e-01,-0.00000e+00,2.04000e+00,
5.2176702e-01,2.00001e-01,2.08000e+00,
5.2205998e-01,2.00001e-01,2.04000e+00,
5.2235293e-01,-0.00000e+00,2.04000e+00,
5.2264589e-01,-0.00000e+00,2.00000e+00,
5.2293885e-01,-0.00000e+00,2.00000e+00,
5.2323180e-01,-0.00000e+00,2.00000e+00,
5.2352476e-01,-0.00000e+00,1.96000e+00,
5.2381772e-01,-0.00000e+00,1.88000e+00,
5.2411067e-01,-0.00000e+00,1.88000e+00,
5.2440363e-01,-0.00000e+00,1.88000e+00,
5.2469659e-01,-0.00000e+00,1.88000e+00,
5.2498955e-01,-0.00000e+00,1.88000e+00,
5.2528250e-01,-0.00000e+00,1.88000e+00,
5.2557546e-01,-0.00000e+00,1.84000e+00,
5.2586842e-01,-0.00000e+00,1.84000e+00,
5.2616137e-01,-0.00000e+00,1.80000e+00,
5.2645433e-01,2.00001e-01,1.80000e+00,
5.2674729e-01,-0.00000e+00,1.80000e+00,
5.2704024e-01,-0.00000e+00,1.80000e+00,
5.2733320e-01,2.00001e-01,1.76000e+00,
5.2762616e-01,2.00001e-01,1.76000e+00,
5.2791911e-01,-0.00000e+00,1.72000e+00,
5.2821207e-01,-0.00000e+00,1.72000e+00,
5.2850503e-01,-0.00000e+00,1.72000e+00,
5.2879798e-01,-0.00000e+00,1.72000e+00,
5.2909094e-01,-0.00000e+00,1.72000e+00,
5.2938390e-01,2.00001e-01,1.68000e+00,
5.2967685e-01,2.00001e-01,1.68000e+00,
5.2996981e-01,-0.00000e+00,1.68000e+00,
5.3026277e-01,-0.00000e+00,1.68000e+00,
5.3055573e-01,-0.00000e+00,1.64000e+00,
5.3084868e-01,-0.00000e+00,1.64000e+00,
5.3114164e-01,-0.00000e+00,1.64000e+00,
5.3143460e-01,-0.00000e+00,1.64000e+00,
5.3172755e-01,-0.00000e+00,1.60000e+00,
5.3202051e-01,-0.00000e+00,1.56000e+00,
5.3231347e-01,-0.00000e+00,1.56000e+00,
5.3260642e-01,-0.00000e+00,1.56000e+00,
5.3289938e-01,-0.00000e+00,1.56000e+00,
5.3319234e-01,-0.00000e+00,1.56000e+00,
5.3348529e-01,-0.00000e+00,1.56000e+00,
5.3377825e-01,-0.00000e+00,1.56000e+00,
5.3407121e-01,-0.00000e+00,1.52000e+00,
5.3436416e-01,-0.00000e+00,1.52000e+00,
5.3465712e-01,-0.00000e+00,1.52000e+00,
5.3495008e-01,-0.00000e+00,1.52000e+00,
5.3524303e-01,-0.00000e+00,1.48000e+00,
5.3553599e-01,-0.00000e+00,1.48000e+00,
5.3582895e-01,-0.00000e+00,1.48000e+00,
5.3612190e-01,-0.00000e+00,1.48000e+00,
5.3641486e-01,2.00001e-01,1.44000e+00,
5.3670782e-01,-0.00000e+00,1.40000e+00,
5.3700078e-01,-0.00000e+00,1.40000e+00,
5.3729373e-01,-0.00000e+00,1.40000e+00,
5.3758669e-01,-0.00000e+00,1.40000e+00,
5.3787965e-01,-0.00000e+00,1.40000e+00,
5.3817260e-01,-0.00000e+00,1.40000e+00,
5.3846556e-01,-0.00000e+00,1.36000e+00,
5.3875852e-01,-0.00000e+00,1.36000e+00,
5.3905147e-01,-0.00000e+00,1.40000e+00,
5.3934443e-01,2.00001e-01,1.36000e+00,
5.3963739e-01,-0.00000e+00,1.36000e+00,
5.3993034e-01,-0.00000e+00,1.36000e+00,
5.4022330e-01,2.00001e-01,1.32000e+00,
5.4051626e-01,-0.00000e+00,1.32000e+00,
5.4080921e-01,-0.00000e+00,1.32000e+00,
5.4110217e-01,-0.00000e+00,1.28000e+00,
5.4139513e-01,2.00001e-01,1.28000e+00,
5.4168808e-01,-0.00000e+00,1.28000e+00,
5.4198104e-01,2.00001e-01,1.28000e+00,
5.4227400e-01,-0.00000e+00,1.24000e+00,
5.4256696e-01,-0.00000e+00,1.24000e+00,
5.4285991e-01,-0.00000e+00,1.24000e+00,
5.4315287e-01,-0.00000e+00,1.24000e+00,
5.4344583e-01,-0.00000e+00,1.24000e+00,
5.4373878e-01,-0.00000e+00,1.24000e+00,
5.4403174e-01,2.00001e-01,1.24000e+00,
5.4432470e-01,-0.00000e+00,1.20000e+00,
5.4461765e-01,2.00001e-01,1.20000e+00,
5.4491061e-01,-0.00000e+00,1.20000e+00,
5.4520357e-01,-0.00000e+00,1.20000e+00,
5.4549652e-01,-0.00000e+00,1.20000e+00,
5.4578948e-01,-0.00000e+00,1.16000e+00,
5.4608244e-01,-0.00000e+00,1.16000e+00,
5.4637539e-01,2.00001e-01,1.16000e+00,
5.4666835e-01,-0.00000e+00,1.16000e+00,
5.4696131e-01,-0.00000e+00,1.12000e+00,
5.4725426e-01,-0.00000e+00,1.12000e+00,
5.4754722e-01,2.00001e-01,1.08000e+00,
5.4784018e-01,-0.00000e+00,1.12000e+00,
5.4813313e-01,-0.00000e+00,1.12000e+00,
5.4842609e-01,-0.00000e+00,1.12000e+00,
5.4871905e-01,2.00001e-01,1.12000e+00,
5.4901201e-01,-0.00000e+00,1.08000e+00,
5.4930496e-01,-0.00000e+00,1.08000e+00,
5.4959792e-01,-0.00000e+00,1.08000e+00,
5.4989088e-01,-0.00000e+00,1.08000e+00,
5.5018383e-01,-0.00000e+00,1.08000e+00,
5.5047679e-01,-0.00000e+00,1.08000e+00,
5.5076975e-01,-0.00000e+00,1.04000e+00,
5.5106270e-01,-0.00000e+00,1.08000e+00,
5.5135566e-01,-0.00000e+00,1.08000e+00,
5.5164862e-01,-0.00000e+00,1.04000e+00,
5.5194157e-01,-0.00000e+00,1.04000e+00,
5.5223453e-01,-0.00000e+00,1.04000e+00,
5.5252749e-01,-0.00000e+00,1.04000e+00,
5.5282044e-01,-0.00000e+00,1.04000e+00,
5.5311340e-01,-0.00000e+00,1.00000e+00,
5.5340636e-01,-0.00000e+00,1.00000e+00,
5.5369931e-01,-0.00000e+00,9.60000e-01,
5.5399227e-01,-0.00000e+00,9.60000e-01,
5.5428523e-01,2.00001e-01,1.00000e+00,
5.5457819e-01,-0.00000e+00,1.00000e+00,
5.5487114e-01,2.00001e-01,1.00000e+00,
5.5516410e-01,-0.00000e+00,1.00000e+00,
5.5545706e-01,-0.00000e+00,9.60000e-01,
5.5575001e-01,2.00001e-01,9.20000e-01,
5.5604297e-01,-0.00000e+00,9.60000e-01,
5.5633593e-01,2.00001e-01,9.20000e-01,
5.5662888e-01,-0.00000e+00,9.20000e-01,
5.5692184e-01,-0.00000e+00,9.20000e-01,
5.5721480e-01,2.00001e-01,9.20000e-01,
5.5750775e-01,2.00001e-01,9.20000e-01,
5.5780071e-01,-0.00000e+00,9.20000e-01,
5.5809367e-01,-0.00000e+00,9.20000e-01,
5.5838662e-01,-0.00000e+00,9.20000e-01,
5.5867958e-01,-0.00000e+00,9.20000e-01,
5.5897254e-01,-0.00000e+00,8.80000e-01,
5.5926549e-01,-0.00000e+00,9.20000e-01,
5.5955845e-01,2.00001e-01,9.20000e-01,
5.5985141e-01,-0.00000e+00,9.20000e-01,
5.6014436e-01,2.00001e-01,9.20000e-01,
5.6043732e-01,-0.00000e+00,8.80000e-01,
5.6073028e-01,2.00001e-01,8.80000e-01,
5.6102324e-01,-0.00000e+00,8.80000e-01,
5.6131619e-01,2.00001e-01,8.40000e-01,
5.6160915e-01,-0.00000e+00,8.40000e-01,
5.6190211e-01,2.00001e-01,8.40000e-01,
5.6219506e-01,-0.00000e+00,8.40000e-01,
5.6248802e-01,-0.00000e+00,8.40000e-01,
5.6278098e-01,-0.00000e+00,8.40000e-01,
5.6307393e-01,-0.00000e+00,8.80000e-01,
5.6336689e-01,-0.00000e+00,8.40000e-01,
5.6365985e-01,-0.00000e+00,8.40000e-01,
5.6395280e-01,-0.00000e+00,8.40000e-01,
5.6424576e-01,-0.00000e+00,8.40000e-01,
5.6453872e-01,-0.00000e+00,8.40000e-01,
5.6483167e-01,-0.00000e+00,8.00000e-01,
5.6512463e-01,-0.00000e+00,8.00000e-01,
5.6541759e-01,-0.00000e+00,7.60000e-01,
5.6571054e-01,2.00001e-01,7.60000e-01,
5.6600350e-01,-0.00000e+00,7.60000e-01,
5.6629646e-01,2.00001e-01,7.60000e-01,
5.6658942e-01,-0.00000e+00,7.60000e-01,
5.6688237e-01,-0.00000e+00,7.60000e-01,
5.6717533e-01,2.00001e-01,7.60000e-01,
5.6746829e-01,-0.00000e+00,7.60000e-01,
5.6776124e-01,-0.00000e+00,7.60000e-01,
5.6805420e-01,-0.00000e+00,7.60000e-01,
5.6834716e-01,-0.00000e+00,7.60000e-01,
5.6864011e-01,2.00001e-01,7.60000e-01,
5.6893307e-01,-0.00000e+00,7.60000e-01,
5.6922603e-01,-0.00000e+00,7.60000e-01,
5.6951898e-01,-0.00000e+00,7.60000e-01,
5.6981194e-01,-0.00000e+00,7.60000e-01,
5.7010490e-01,-0.00000e+00,7.20000e-01,
5.7039785e-01,-0.00000e+00,7.60000e-01,
5.7069081e-01,-0.00000e+00,7.60000e-01,
5.7098377e-01,-0.00000e+00,7.60000e-01,
5.7127672e-01,-0.00000e+00,7.60000e-01,
5.7156968e-01,-0.00000e+00,7.20000e-01,
5.7186264e-01,-0.00000e+00,7.60000e-01,
5.7215559e-01,-0.00000e+00,7.60000e-01,
5.7244855e-01,-0.00000e+00,7.60000e-01,
5.7274151e-01,-0.00000e+00,7.20000e-01,
5.7303447e-01,2.00001e-01,7.20000e-01,
5.7332742e-01,-0.00000e+00,7.20000e-01,
5.7362038e-01,-0.00000e+00,7.20000e-01,
5.7391334e-01,2.00001e-01,7.20000e-01,
5.7420629e-01,-0.00000e+00,7.20000e-01,
5.7449925e-01,-0.00000e+00,6.80000e-01,
5.7479221e-01,-0.00000e+00,7.20000e-01,
5.7508516e-01,-0.00000e+00,7.20000e-01,
5.7537812e-01,-0.00000e+00,6.80000e-01,
5.7567108e-01,-0.00000e+00,7.20000e-01,
5.7596403e-01,-0.00000e+00,7.20000e-01,
5.7625699e-01,-0.00000e+00,6.80000e-01,
5.7654995e-01,-0.00000e+00,6.80000e-01,
5.7684290e-01,-0.00000e+00,6.80000e-01,
5.7713586e-01,-0.00000e+00,6.80000e-01,
5.7742882e-01,-0.00000e+00,6.80000e-01,
5.7772177e-01,-0.00000e+00,6.80000e-01,
5.7801473e-01,-0.00000e+00,6.80000e-01,
5.7830769e-01,2.00001e-01,6.40000e-01,
5.7860065e-01,-0.00000e+00,6.80000e-01,
5.7889360e-01,-0.00000e+00,6.40000e-01,
5.7918656e-01,2.00001e-01,6.80000e-01,
5.7947952e-01,-0.00000e+00,6.80000e-01,
5.7977247e-01,-0.00000e+00,6.80000e-01,
5.8006543e-01,-0.00000e+00,6.40000e-01,
5.8035839e-01,-0.00000e+00,6.80000e-01,
5.8065134e-01,-0.00000e+00,6.80000e-01,
5.8094430e-01,2.00001e-01,6.80000e-01,
5.8123726e-01,-0.00000e+00,6.40000e-01,
5.8153021e-01,-0.00000e+00,6.40000e-01,
5.8182317e-01,-0.00000e+00,6.40000e-01,
5.8211613e-01,-0.00000e+00,6.00000e-01,
5.8240908e-01,-0.00000e+00,6.00000e-01,
5.8270204e-01,-0.00000e+00,6.00000e-01,
5.8299500e-01,-0.00000e+00,6.00000e-01,
5.8328795e-01,2.00001e-01,6.00000e-01,
5.8358091e-01,-0.00000e+00,6.00000e-01,
5.8387387e-01,-0.00000e+00,6.00000e-01,
5.8416682e-01,2.00001e-01,6.00000e-01,
5.8445978e-01,-0.00000e+00,6.00000e-01,
5.8475274e-01,-0.00000e+00,6.40000e-01,
5.8504570e-01,2.00001e-01,6.00000e-01,
5.8533865e-01,-0.00000e+00,6.00000e-01,
5.8563161e-01,-0.00000e+00,6.00000e-01,
5.8592457e-01,-0.00000e+00,6.00000e-01,
5.8621752e-01,2.00001e-01,6.00000e-01,
5.8651048e-01,2.00001e-01,6.00000e-01,
5.8680344e-01,-0.00000e+00,6.00000e-01,
5.8709639e-01,-0.00000e+00,6.00000e-01,
5.8738935e-01,2.00001e-01,6.00000e-01,
5.8768231e-01,-0.00000e+00,6.00000e-01,
5.8797526e-01,-0.00000e+00,6.00000e-01,
5.8826822e-01,2.00001e-01,6.00000e-01,
5.8856118e-01,-0.00000e+00,6.00000e-01,
5.8885413e-01,-0.00000e+00,6.00000e-01,
5.8914709e-01,-0.00000e+00,6.00000e-01,
5.8944005e-01,-0.00000e+00,6.00000e-01,
5.8973300e-01,-0.00000e+00,6.00000e-01,
5.9002596e-01,-0.00000e+00,6.00000e-01,
5.9031892e-01,-0.00000e+00,6.00000e-01,
5.9061188e-01,-0.00000e+00,6.00000e-01,
5.9090483e-01,-0.00000e+00,6.00000e-01,
5.9119779e-01,-0.00000e+00,6.00000e-01,
5.9149075e-01,2.00001e-01,6.00000e-01,
5.9178370e-01,-0.00000e+00,6.00000e-01,
5.9207666e-01,-0.00000e+00,6.00000e-01,
5.9236962e-01,-0.00000e+00,6.00000e-01,
5.9266257e-01,-0.00000e+00,5.60000e-01,
5.9295553e-01,-0.00000e+00,6.00000e-01,
5.9324849e-01,-0.00000e+00,6.00000e-01,
5.9354144e-01,-0.00000e+00,5.60000e-01,
5.9383440e-01,2.00001e-01,5.60000e-01,
5.9412736e-01,-0.00000e+00,6.00000e-01,
5.9442031e-01,2.00001e-01,6.00000e-01,
5.9471327e-01,-0.00000e+00,6.00000e-01,
5.9500623e-01,-0.00000e+00,5.60000e-01,
5.9529918e-01,-0.00000e+00,5.60000e-01,
5.9559214e-01,2.00001e-01,5.60000e-01,
5.9588510e-01,2.00001e-01,6.00000e-01,
5.9617805e-01,2.00001e-01,6.00000e-01,
5.9647101e-01,-0.00000e+00,6.00000e-01,
5.9676397e-01,2.00001e-01,6.00000e-01,
5.9705693e-01,2.00001e-01,6.00000e-01,
5.9734988e-01,-0.00000e+00,6.00000e-01,
5.9764284e-01,-0.00000e+00,6.00000e-01,
5.9793580e-01,-0.00000e+00,6.00000e-01,
5.9822875e-01,-0.00000e+00,5.60000e-01,
5.9852171e-01,-0.00000e+00,6.00000e-01,
5.9881467e-01,-0.00000e+00,5.60000e-01,
5.9910762e-01,2.00001e-01,6.00000e-01,
5.9940058e-01,-0.00000e+00,5.60000e-01,
5.9969354e-01,-0.00000e+00,5.60000e-01,
5.9998649e-01,-0.00000e+00,5.60000e-01,
6.0027945e-01,-0.00000e+00,6.00000e-01,
6.0057241e-01,-0.00000e+00,6.00000e-01,
6.0086536e-01,-0.00000e+00,5.60000e-01,
6.0115832e-01,-0.00000e+00,6.00000e-01,
6.0145128e-01,-0.00000e+00,5.60000e-01,
6.0174423e-01,2.00001e-01,5.60000e-01,
6.0203719e-01,-0.00000e+00,5.20000e-01,
6.0233015e-01,-0.00000e+00,5.60000e-01,
6.0262311e-01,-0.00000e+00,5.60000e-01,
6.0291606e-01,-0.00000e+00,5.60000e-01,
6.0320902e-01,-0.00000e+00,5.60000e-01,
6.0350198e-01,-0.00000e+00,5.20000e-01,
6.0379493e-01,-0.00000e+00,6.00000e-01,
6.0408789e-01,-0.00000e+00,5.20000e-01,
6.0438085e-01,-0.00000e+00,5.60000e-01,
6.0467380e-01,-0.00000e+00,5.60000e-01,
6.0496676e-01,-0.00000e+00,5.60000e-01,
6.0525972e-01,-0.00000e+00,5.60000e-01,
6.0555267e-01,-0.00000e+00,5.20000e-01,
6.0584563e-01,-0.00000e+00,5.60000e-01,
6.0613859e-01,-0.00000e+00,5.60000e-01,
6.0643154e-01,-0.00000e+00,5.20000e-01,
6.0672450e-01,-0.00000e+00,5.20000e-01,
6.0701746e-01,-0.00000e+00,5.20000e-01,
6.0731041e-01,2.00001e-01,5.60000e-01,
6.0760337e-01,-0.00000e+00,5.60000e-01,
6.0789633e-01,-0.00000e+00,5.60000e-01,
6.0818928e-01,-0.00000e+00,5.60000e-01,
6.0848224e-01,-0.00000e+00,5.20000e-01,
6.0877520e-01,-0.00000e+00,5.60000e-01,
6.0906816e-01,-0.00000e+00,5.20000e-01,
6.0936111e-01,2.00001e-01,5.60000e-01,
6.0965407e-01,-0.00000e+00,5.60000e-01,
6.0994703e-01,-0.00000e+00,5.60000e-01,
6.1023998e-01,-0.00000e+00,5.60000e-01,
6.1053294e-01,-0.00000e+00,5.20000e-01,
6.1082590e-01,-0.00000e+00,5.60000e-01,
6.1111885e-01,-0.00000e+00,5.60000e-01,
6.1141181e-01,-0.00000e+00,5.60000e-01,
6.1170477e-01,-0.00000e+00,5.20000e-01,
6.1199772e-01,-0.00000e+00,5.60000e-01,
6.1229068e-01,-0.00000e+00,5.60000e-01,
6.1258364e-01,-0.00000e+00,5.60000e-01,
6.1287659e-01,-0.00000e+00,5.60000e-01,
6.1316955e-01,-0.00000e+00,5.60000e-01,
6.1346251e-01,2.00001e-01,5.60000e-01,
6.1375546e-01,-0.00000e+00,5.60000e-01,
6.1404842e-01,-0.00000e+00,5.60000e-01,
6.1434138e-01,-0.00000e+00,5.60000e-01,
6.1463434e-01,-0.00000e+00,5.20000e-01,
6.1492729e-01,-0.00000e+00,5.60000e-01,
6.1522025e-01,-0.00000e+00,5.20000e-01,
6.1551321e-01,-0.00000e+00,5.20000e-01,
6.1580616e-01,-0.00000e+00,5.60000e-01,
6.1609912e-01,-0.00000e+00,5.20000e-01,
6.1639208e-01,-0.00000e+00,5.60000e-01,
6.1668503e-01,-0.00000e+00,5.20000e-01,
6.1697799e-01,-0.00000e+00,5.60000e-01,
6.1727095e-01,-0.00000e+00,5.60000e-01,
6.1756390e-01,-0.00000e+00,5.60000e-01,
6.1785686e-01,-0.00000e+00,6.00000e-01,
6.1814982e-01,2.00001e-01,5.20000e-01,
6.1844277e-01,-0.00000e+00,5.20000e-01,
6.1873573e-01,-0.00000e+00,5.20000e-01,
6.1902869e-01,-0.00000e+00,5.20000e-01,
6.1932164e-01,-0.00000e+00,5.60000e-01,
6.1961460e-01,-0.00000e+00,5.60000e-01,
6.1990756e-01,-0.00000e+00,5.60000e-01,
6.2020051e-01,-0.00000e+00,5.60000e-01,
6.2049347e-01,-0.00000e+00,5.60000e-01,
6.2078643e-01,-0.00000e+00,5.60000e-01,
6.2107939e-01,-0.00000e+00,5.60000e-01,
6.2137234e-01,-0.00000e+00,5.60000e-01,
6.2166530e-01,-0.00000e+00,5.20000e-01,
6.2195826e-01,-0.00000e+00,5.60000e-01,
6.2225121e-01,-0.00000e+00,5.60000e-01,
6.2254417e-01,-0.00000e+00,5.60000e-01,
6.2283713e-01,-0.00000e+00,5.60000e-01,
6.2313008e-01,2.00001e-01,5.20000e-01,
6.2342304e-01,-0.00000e+00,5.60000e-01,
6.2371600e-01,-0.00000e+00,5.60000e-01,
6.2400895e-01,-0.00000e+00,5.20000e-01,
6.2430191e-01,-0.00000e+00,5.60000e-01,
6.2459487e-01,-0.00000e+00,5.60000e-01,
6.2488782e-01,-0.00000e+00,5.60000e-01,
6.2518078e-01,-0.00000e+00,5.60000e-01,
6.2547374e-01,-0.00000e+00,5.60000e-01,
6.2576669e-01,-0.00000e+00,5.20000e-01,
6.2605965e-01,-0.00000e+00,5.60000e-01,
6.2635261e-01,-0.00000e+00,5.60000e-01,
6.2664557e-01,-0.00000e+00,5.60000e-01,
6.2693852e-01,-0.00000e+00,5.60000e-01,
6.2723148e-01,-0.00000e+00,5.60000e-01,
6.2752444e-01,-0.00000e+00,5.60000e-01,
6.2781739e-01,2.00001e-01,5.60000e-01,
6.2811035e-01,-0.00000e+00,5.60000e-01,
6.2840331e-01,-0.00000e+00,5.60000e-01,
6.2869626e-01,-0.00000e+00,5.20000e-01,
6.2898922e-01,-0.00000e+00,5.60000e-01,
6.2928218e-01,-0.00000e+00,5.60000e-01,
6.2957513e-01,-0.00000e+00,5.60000e-01,
6.2986809e-01,-0.00000e+00,6.00000e-01,
6.3016105e-01,-0.00000e+00,5.60000e-01,
6.3045400e-01,-0.00000e+00,6.00000e-01,
6.3074696e-01,-0.00000e+00,5.60000e-01,
6.3103992e-01,-0.00000e+00,6.00000e-01,
6.3133287e-01,-0.00000e+00,5.60000e-01,
6.3162583e-01,-0.00000e+00,6.00000e-01,
6.3191879e-01,2.00001e-01,5.60000e-01,
6.3221174e-01,-0.00000e+00,6.00000e-01,
6.3250470e-01,-0.00000e+00,5.60000e-01,
6.3279766e-01,-0.00000e+00,6.00000e-01,
6.3309062e-01,-0.00000e+00,5.60000e-01,
6.3338357e-01,2.00001e-01,6.00000e-01,
6.3367653e-01,-0.00000e+00,6.00000e-01,
6.3396949e-01,-0.00000e+00,6.00000e-01,
6.3426244e-01,-0.00000e+00,5.60000e-01,
6.3455540e-01,-0.00000e+00,5.60000e-01,
6.3484836e-01,-0.00000e+00,5.60000e-01,
6.3514131e-01,-0.00000e+00,5.60000e-01,
6.3543427e-01,-0.00000e+00,6.00000e-01,
6.3572723e-01,-0.00000e+00,6.00000e-01,
6.3602018e-01,2.00001e-01,6.00000e-01,
6.3631314e-01,-0.00000e+00,6.00000e-01,
6.3660610e-01,-0.00000e+00,6.00000e-01,
6.3689905e-01,-0.00000e+00,5.60000e-01,
6.3719201e-01,2.00001e-01,6.80000e-01,
6.3748497e-01,-0.00000e+00,5.60000e-01,
6.3777792e-01,2.00001e-01,6.00000e-01,
6.3807088e-01,-0.00000e+00,6.00000e-01,
6.3836384e-01,-0.00000e+00,5.60000e-01,
6.3865680e-01,2.00001e-01,6.00000e-01,
6.3894975e-01,-0.00000e+00,6.00000e-01,
6.3924271e-01,-0.00000e+00,6.00000e-01,
6.3953567e-01,-0.00000e+00,6.00000e-01,
6.3982862e-01,-0.00000e+00,6.00000e-01,
6.4012158e-01,-0.00000e+00,6.00000e-01,
6.4041454e-01,2.00001e-01,6.00000e-01,
6.4070749e-01,-0.00000e+00,6.00000e-01,
6.4100045e-01,2.00001e-01,6.00000e-01,
6.4129341e-01,-0.00000e+00,6.00000e-01,
6.4158636e-01,2.00001e-01,5.60000e-01,
6.4187932e-01,-0.00000e+00,6.00000e-01,
6.4217228e-01,2.00001e-01,6.00000e-01,
6.4246523e-01,-0.00000e+00,6.00000e-01,
6.4275819e-01,-0.00000e+00,6.00000e-01,
6.4305115e-01,-0.00000e+00,6.00000e-01,
6.4334410e-01,-0.00000e+00,6.00000e-01,
6.4363706e-01,-0.00000e+00,6.00000e-01,
6.4393002e-01,-0.00000e+00,6.00000e-01,
6.4422297e-01,-0.00000e+00,6.00000e-01,
6.4451593e-01,-0.00000e+00,6.00000e-01,
6.4480889e-01,-0.00000e+00,6.00000e-01,
6.4510185e-01,2.00001e-01,6.00000e-01,
6.4539480e-01,-0.00000e+00,6.00000e-01,
6.4568776e-01,-0.00000e+00,6.00000e-01,
6.4598072e-01,-0.00000e+00,6.00000e-01,
6.4627367e-01,-0.00000e+00,6.00000e-01,
6.4656663e-01,-0.00000e+00,6.00000e-01,
6.4685959e-01,-0.00000e+00,6.00000e-01,
6.4715254e-01,-0.00000e+00,5.60000e-01,
6.4744550e-01,-0.00000e+00,6.00000e-01,
6.4773846e-01,-0.00000e+00,6.00000e-01,
6.4803141e-01,-0.00000e+00,6.00000e-01,
6.4832437e-01,-0.00000e+00,6.00000e-01,
6.4861733e-01,-0.00000e+00,6.00000e-01,
6.4891028e-01,-0.00000e+00,6.00000e-01,
6.4920324e-01,-0.00000e+00,6.00000e-01,
6.4949620e-01,2.00001e-01,6.00000e-01,
6.4978915e-01,-0.00000e+00,6.00000e-01,
6.5008211e-01,-0.00000e+00,6.00000e-01,
6.5037507e-01,-0.00000e+00,6.00000e-01,
6.5066803e-01,2.00001e-01,6.00000e-01,
6.5096098e-01,-0.00000e+00,6.00000e-01,
6.5125394e-01,2.00001e-01,6.00000e-01,
6.5154690e-01,-0.00000e+00,6.00000e-01,
6.5183985e-01,2.00001e-01,6.00000e-01,
6.5213281e-01,-0.00000e+00,6.00000e-01,
6.5242577e-01,-0.00000e+00,6.00000e-01,
6.5271872e-01,-0.00000e+00,6.00000e-01,
6.5301168e-01,-0.00000e+00,6.00000e-01,
6.5330464e-01,2.00001e-01,6.00000e-01,
6.5359759e-01,-0.00000e+00,6.00000e-01,
6.5389055e-01,-0.00000e+00,6.00000e-01,
6.5418351e-01,-0.00000e+00,6.00000e-01,
6.5447646e-01,-0.00000e+00,6.00000e-01,
6.5476942e-01,-0.00000e+00,6.00000e-01,
6.5506238e-01,-0.00000e+00,6.00000e-01,
6.5535533e-01,-0.00000e+00,6.00000e-01,
6.5564829e-01,2.00001e-01,6.00000e-01,
6.5594125e-01,2.00001e-01,6.00000e-01,
6.5623420e-01,-0.00000e+00,6.00000e-01,
6.5652716e-01,-0.00000e+00,6.00000e-01,
6.5682012e-01,-0.00000e+00,6.00000e-01,
6.5711308e-01,-0.00000e+00,6.00000e-01,
6.5740603e-01,-0.00000e+00,6.40000e-01,
6.5769899e-01,-0.00000e+00,6.00000e-01,
6.5799195e-01,-0.00000e+00,6.00000e-01,
6.5828490e-01,2.00001e-01,6.00000e-01,
6.5857786e-01,-0.00000e+00,6.00000e-01,
6.5887082e-01,-0.00000e+00,6.00000e-01,
6.5916377e-01,2.00001e-01,6.00000e-01,
6.5945673e-01,-0.00000e+00,6.40000e-01,
6.5974969e-01,-0.00000e+00,6.00000e-01,
6.6004264e-01,-0.00000e+00,6.00000e-01,
6.6033560e-01,-0.00000e+00,6.40000e-01,
6.6062856e-01,-0.00000e+00,6.00000e-01,
6.6092151e-01,-0.00000e+00,6.40000e-01,
6.6121447e-01,-0.00000e+00,6.40000e-01,
6.6150743e-01,-0.00000e+00,6.00000e-01,
6.6180038e-01,-0.00000e+00,6.40000e-01,
6.6209334e-01,2.00001e-01,6.40000e-01,
6.6238630e-01,2.00001e-01,6.40000e-01,
6.6267926e-01,-0.00000e+00,6.80000e-01,
6.6297221e-01,2.00001e-01,6.80000e-01,
6.6326517e-01,-0.00000e+00,6.00000e-01,
6.6355813e-01,-0.00000e+00,6.40000e-01,
6.6385108e-01,2.00001e-01,6.40000e-01,
6.6414404e-01,-0.00000e+00,6.00000e-01,
6.6443700e-01,-0.00000e+00,6.00000e-01,
6.6472995e-01,-0.00000e+00,6.40000e-01,
6.6502291e-01,-0.00000e+00,6.40000e-01,
6.6531587e-01,2.00001e-01,6.80000e-01,
6.6560882e-01,2.00001e-01,6.40000e-01,
6.6590178e-01,-0.00000e+00,6.80000e-01,
6.6619474e-01,-0.00000e+00,6.40000e-01,
6.6648769e-01,-0.00000e+00,6.80000e-01,
6.6678065e-01,-0.00000e+00,6.40000e-01,
6.6707361e-01,-0.00000e+00,6.80000e-01,
6.6736656e-01,-0.00000e+00,6.80000e-01,
6.6765952e-01,-0.00000e+00,6.80000e-01,
6.6795248e-01,-0.00000e+00,6.80000e-01,
6.6824543e-01,2.00001e-01,6.80000e-01,
6.6853839e-01,2.00001e-01,6.80000e-01,
6.6883135e-01,-0.00000e+00,6.80000e-01,
6.6912431e-01,-0.00000e+00,6.40000e-01,
6.6941726e-01,-0.00000e+00,6.80000e-01,
6.6971022e-01,2.00001e-01,6.80000e-01,
6.7000318e-01,-0.00000e+00,6.80000e-01,
6.7029613e-01,-0.00000e+00,6.80000e-01,
6.7058909e-01,2.00001e-01,6.80000e-01,
6.7088205e-01,-0.00000e+00,6.80000e-01,
6.7117500e-01,-0.00000e+00,6.80000e-01,
6.7146796e-01,-0.00000e+00,6.80000e-01,
6.7176092e-01,-0.00000e+00,6.80000e-01,
6.7205387e-01,-0.00000e+00,6.80000e-01,
6.7234683e-01,-0.00000e+00,6.80000e-01,
6.7263979e-01,-0.00000e+00,6.80000e-01,
6.7293274e-01,-0.00000e+00,6.80000e-01,
6.7322570e-01,-0.00000e+00,6.80000e-01,
6.7351866e-01,-0.00000e+00,6.80000e-01,
6.7381161e-01,-0.00000e+00,7.20000e-01,
6.7410457e-01,-0.00000e+00,6.80000e-01,
6.7439753e-01,-0.00000e+00,7.20000e-01,
6.7469049e-01,-0.00000e+00,6.80000e-01,
6.7498344e-01,-0.00000e+00,6.80000e-01,
6.7527640e-01,-0.00000e+00,6.80000e-01,
6.7556936e-01,-0.00000e+00,6.80000e-01,
6.7586231e-01,-0.00000e+00,6.80000e-01,
6.7615527e-01,-0.00000e+00,6.80000e-01,
6.7644823e-01,2.00001e-01,7.20000e-01,
6.7674118e-01,-0.00000e+00,6.80000e-01,
6.7703414e-01,-0.00000e+00,6.80000e-01,
6.7732710e-01,-0.00000e+00,6.80000e-01,
6.7762005e-01,-0.00000e+00,7.20000e-01,
6.7791301e-01,-0.00000e+00,6.80000e-01,
6.7820597e-01,2.00001e-01,6.80000e-01,
6.7849892e-01,2.00001e-01,6.80000e-01,
6.7879188e-01,-0.00000e+00,7.20000e-01,
6.7908484e-01,-0.00000e+00,7.20000e-01,
6.7937779e-01,2.00001e-01,6.80000e-01,
6.7967075e-01,-0.00000e+00,6.80000e-01,
6.7996371e-01,-0.00000e+00,6.80000e-01,
6.8025666e-01,-0.00000e+00,7.20000e-01,
6.8054962e-01,2.00001e-01,7.20000e-01,
6.8084258e-01,-0.00000e+00,7.20000e-01,
6.8113554e-01,-0.00000e+00,6.80000e-01,
6.8142849e-01,-0.00000e+00,7.20000e-01,
6.8172145e-01,-0.00000e+00,6.80000e-01,
6.8201441e-01,-0.00000e+00,7.20000e-01,
6.8230736e-01,2.00001e-01,7.20000e-01,
6.8260032e-01,2.00001e-01,7.20000e-01,
6.8289328e-01,2.00001e-01,7.60000e-01,
6.8318623e-01,-0.00000e+00,7.20000e-01,
6.8347919e-01,2.00001e-01,7.20000e-01,
6.8377215e-01,2.00001e-01,7.20000e-01,
6.8406510e-01,2.00001e-01,7.60000e-01,
6.8435806e-01,-0.00000e+00,7.20000e-01,
6.8465102e-01,-0.00000e+00,7.20000e-01,
6.8494397e-01,2.00001e-01,7.60000e-01,
6.8523693e-01,-0.00000e+00,7.20000e-01,
6.8552989e-01,-0.00000e+00,7.20000e-01,
6.8582284e-01,-0.00000e+00,7.20000e-01,
6.8611580e-01,-0.00000e+00,7.20000e-01,
6.8640876e-01,2.00001e-01,7.20000e-01,
6.8670171e-01,-0.00000e+00,7.60000e-01,
6.8699467e-01,2.00001e-01,7.60000e-01,
6.8728763e-01,-0.00000e+00,7.20000e-01,
6.8758059e-01,2.00001e-01,7.60000e-01,
6.8787354e-01,-0.00000e+00,7.60000e-01,
6.8816650e-01,-0.00000e+00,7.60000e-01,
6.8845946e-01,-0.00000e+00,7.20000e-01,
6.8875241e-01,-0.00000e+00,7.20000e-01,
6.8904537e-01,-0.00000e+00,7.20000e-01,
6.8933833e-01,-0.00000e+00,7.60000e-01,
6.8963128e-01,-0.00000e+00,7.60000e-01,
6.8992424e-01,-0.00000e+00,7.20000e-01,
6.9021720e-01,2.00001e-01,7.60000e-01,
6.9051015e-01,-0.00000e+00,7.60000e-01,
6.9080311e-01,-0.00000e+00,7.60000e-01,
6.9109607e-01,-0.00000e+00,7.60000e-01,
6.9138902e-01,-0.00000e+00,7.60000e-01,
6.9168198e-01,-0.00000e+00,7.20000e-01,
6.9197494e-01,-0.00000e+00,7.60000e-01,
6.9226789e-01,-0.00000e+00,7.60000e-01,
6.9256085e-01,-0.00000e+00,7.60000e-01,
6.9285381e-01,-0.00000e+00,7.60000e-01,
6.9314677e-01,-0.00000e+00,7.60000e-01,
6.9343972e-01,2.00001e-01,7.60000e-01,
6.9373268e-01,-0.00000e+00,7.60000e-01,
6.9402564e-01,-0.00000e+00,7.60000e-01,
6.9431859e-01,-0.00000e+00,7.60000e-01,
6.9461155e-01,2.00001e-01,7.60000e-01,
6.9490451e-01,-0.00000e+00,7.60000e-01,
6.9519746e-01,2.00001e-01,7.60000e-01,
6.9549042e-01,-0.00000e+00,7.60000e-01,
6.9578338e-01,-0.00000e+00,7.60000e-01,
6.9607633e-01,-0.00000e+00,7.60000e-01,
6.9636929e-01,-0.00000e+00,7.60000e-01,
6.9666225e-01,2.00001e-01,7.60000e-01,
6.9695520e-01,-0.00000e+00,7.60000e-01,
6.9724816e-01,-0.00000e+00,7.60000e-01,
6.9754112e-01,-0.00000e+00,7.60000e-01,
6.9783407e-01,-0.00000e+00,7.60000e-01,
6.9812703e-01,-0.00000e+00,7.60000e-01,
6.9841999e-01,-0.00000e+00,7.60000e-01,
6.9871294e-01,-0.00000e+00,7.60000e-01,
6.9900590e-01,-0.00000e+00,7.60000e-01,
6.9929886e-01,2.00001e-01,7.60000e-01,
6.9959182e-01,-0.00000e+00,7.60000e-01,
6.9988477e-01,-0.00000e+00,7.60000e-01,
7.0017773e-01,-0.00000e+00,7.60000e-01,
7.0047069e-01,2.00001e-01,7.60000e-01,
7.0076364e-01,2.00001e-01,7.60000e-01,
7.0105660e-01,-0.00000e+00,7.60000e-01,
7.0134956e-01,-0.00000e+00,7.60000e-01,
7.0164251e-01,-0.00000e+00,7.60000e-01,
7.0193547e-01,-0.00000e+00,8.00000e-01,
7.0222843e-01,-0.00000e+00,8.00000e-01,
7.0252138e-01,-0.00000e+00,8.00000e-01,
7.0281434e-01,2.00001e-01,8.00000e-01,
7.0310730e-01,2.00001e-01,7.60000e-01,
7.0340025e-01,-0.00000e+00,8.00000e-01,
7.0369321e-01,-0.00000e+00,7.60000e-01,
7.0398617e-01,2.00001e-01,7.60000e-01,
7.0427912e-01,-0.00000e+00,7.60000e-01,
7.0457208e-01,2.00001e-01,8.00000e-01,
7.0486504e-01,-0.00000e+00,8.40000e-01,
7.0515800e-01,-0.00000e+00,8.00000e-01,
7.0545095e-01,-0.00000e+00,7.60000e-01,
7.0574391e-01,2.00001e-01,8.00000e-01,
7.0603687e-01,-0.00000e+00,8.00000e-01,
7.0632982e-01,-0.00000e+00,7.60000e-01,
7.0662278e-01,-0.00000e+00,8.00000e-01,
7.0691574e-01,-0.00000e+00,8.00000e-01,
7.0720869e-01,2.00001e-01,8.00000e-01,
7.0750165e-01,-0.00000e+00,8.00000e-01,
7.0779461e-01,-0.00000e+00,8.40000e-01,
7.0808756e-01,-0.00000e+00,8.00000e-01,
7.0838052e-01,-0.00000e+00,8.00000e-01,
7.0867348e-01,-0.00000e+00,8.00000e-01,
7.0896643e-01,-0.00000e+00,8.00000e-01,
7.0925939e-01,-0.00000e+00,8.00000e-01,
7.0955235e-01,2.00001e-01,8.40000e-01,
7.0984530e-01,-0.00000e+00,8.40000e-01,
7.1013826e-01,-0.00000e+00,8.40000e-01,
7.1043122e-01,-0.00000e+00,8.40000e-01,
7.1072417e-01,-0.00000e+00,8.00000e-01,
7.1101713e-01,-0.00000e+00,8.00000e-01,
7.1131009e-01,-0.00000e+00,8.40000e-01,
7.1160305e-01,2.00001e-01,8.40000e-01,
7.1189600e-01,-0.00000e+00,8.40000e-01,
7.1218896e-01,-0.00000e+00,7.60000e-01,
7.1248192e-01,-0.00000e+00,8.40000e-01,
7.1277487e-01,-0.00000e+00,8.40000e-01,
7.1306783e-01,-0.00000e+00,8.40000e-01,
7.1336079e-01,-0.00000e+00,8.40000e-01,
7.1365374e-01,-0.00000e+00,8.40000e-01,
7.1394670e-01,2.00001e-01,8.40000e-01,
7.1423966e-01,-0.00000e+00,8.40000e-01,
7.1453261e-01,-0.00000e+00,8.80000e-01,
7.1482557e-01,-0.00000e+00,8.40000e-01,
7.1511853e-01,2.00001e-01,8.40000e-01,
7.1541148e-01,-0.00000e+00,8.40000e-01,
7.1570444e-01,-0.00000e+00,8.40000e-01,
7.1599740e-01,-0.00000e+00,8.40000e-01,
7.1629035e-01,2.00001e-01,8.40000e-01,
7.1658331e-01,-0.00000e+00,8.40000e-01,
7.1687627e-01,-0.00000e+00,8.40000e-01,
7.1716923e-01,2.00001e-01,8.40000e-01,
7.1746218e-01,2.00001e-01,8.40000e-01,
7.1775514e-01,-0.00000e+00,8.40000e-01,
7.1804810e-01,-0.00000e+00,8.80000e-01,
7.1834105e-01,-0.00000e+00,8.80000e-01,
7.1863401e-01,-0.00000e+00,8.80000e-01,
7.1892697e-01,-0.00000e+00,8.80000e-01,
7.1921992e-01,-0.00000e+00,8.80000e-01,
7.1951288e-01,2.00001e-01,8.80000e-01,
7.1980584e-01,-0.00000e+00,8.40000e-01,
7.2009879e-01,2.00001e-01,8.80000e-01,
7.2039175e-01,-0.00000e+00,8.80000e-01,
7.2068471e-01,2.00001e-01,8.40000e-01,
7.2097766e-01,-0.00000e+00,8.80000e-01,
7.2127062e-01,-0.00000e+00,8.80000e-01,
7.2156358e-01,2.00001e-01,8.80000e-01,
7.2185653e-01,2.00001e-01,8.80000e-01,
7.2214949e-01,-0.00000e+00,8.80000e-01,
7.2244245e-01,-0.00000e+00,8.80000e-01,
7.2273540e-01,2.00001e-01,8.80000e-01,
7.2302836e-01,-0.00000e+00,9.20000e-01,
7.2332132e-01,2.00001e-01,8.80000e-01,
7.2361428e-01,-0.00000e+00,8.80000e-01,
7.2390723e-01,-0.00000e+00,8.80000e-01,
7.2420019e-01,-0.00000e+00,8.80000e-01,
7.2449315e-01,2.00001e-01,8.80000e-01,
7.2478610e-01,-0.00000e+00,9.20000e-01,
7.2507906e-01,-0.00000e+00,9.20000e-01,
7.2537202e-01,-0.00000e+00,9.20000e-01,
7.2566497e-01,2.00001e-01,9.20000e-01,
7.2595793e-01,-0.00000e+00,9.20000e-01,
7.2625089e-01,-0.00000e+00,9.20000e-01,
7.2654384e-01,-0.00000e+00,9.20000e-01,
7.2683680e-01,2.00001e-01,9.20000e-01,
7.2712976e-01,-0.00000e+00,8.80000e-01,
7.2742271e-01,-0.00000e+00,8.80000e-01,
7.2771567e-01,-0.00000e+00,9.20000e-01,
7.2800863e-01,-0.00000e+00,9.20000e-01,
7.2830158e-01,-0.00000e+00,9.20000e-01,
7.2859454e-01,-0.00000e+00,8.80000e-01,
7.2888750e-01,-0.00000e+00,9.20000e-01,
7.2918046e-01,-0.00000e+00,9.20000e-01,
7.2947341e-01,-0.00000e+00,9.20000e-01,
7.2976637e-01,-0.00000e+00,9.20000e-01,
7.3005933e-01,-0.00000e+00,9.20000e-01,
7.3035228e-01,-0.00000e+00,9.20000e-01,
7.3064524e-01,-0.00000e+00,9.20000e-01,
7.3093820e-01,-0.00000e+00,9.20000e-01,
7.3123115e-01,2.00001e-01,9.20000e-01,
7.3152411e-01,-0.00000e+00,9.20000e-01,
7.3181707e-01,-0.00000e+00,9.20000e-01,
7.3211002e-01,-0.00000e+00,9.20000e-01,
7.3240298e-01,-0.00000e+00,9.20000e-01,
7.3269594e-01,-0.00000e+00,9.20000e-01,
7.3298889e-01,-0.00000e+00,9.20000e-01,
7.3328185e-01,-0.00000e+00,9.20000e-01,
7.3357481e-01,-0.00000e+00,9.20000e-01,
7.3386776e-01,-0.00000e+00,9.20000e-01,
7.3416072e-01,2.00001e-01,9.20000e-01,
7.3445368e-01,-0.00000e+00,9.20000e-01,
7.3474663e-01,-0.00000e+00,9.20000e-01,
7.3503959e-01,2.00001e-01,9.20000e-01,
7.3533255e-01,-0.00000e+00,9.20000e-01,
7.3562551e-01,-0.00000e+00,9.20000e-01,
7.3591846e-01,-0.00000e+00,9.20000e-01,
7.3621142e-01,2.00001e-01,9.20000e-01,
7.3650438e-01,-0.00000e+00,9.20000e-01,
7.3679733e-01,-0.00000e+00,9.20000e-01,
7.3709029e-01,-0.00000e+00,9.20000e-01,
7.3738325e-01,-0.00000e+00,9.20000e-01,
7.3767620e-01,-0.00000e+00,9.20000e-01,
7.3796916e-01,-0.00000e+00,9.20000e-01,
7.3826212e-01,2.00001e-01,9.20000e-01,
7.3855507e-01,2.00001e-01,9.20000e-01,
7.3884803e-01,-0.00000e+00,9.20000e-01,
7.3914099e-01,2.00001e-01,9.20000e-01,
7.3943394e-01,2.00001e-01,9.20000e-01,
7.3972690e-01,-0.00000e+00,9.20000e-01,
7.4001986e-01,2.00001e-01,9.20000e-01,
7.4031281e-01,-0.00000e+00,9.20000e-01,
7.4060577e-01,2.00001e-01,9.20000e-01,
7.4089873e-01,2.00001e-01,9.60000e-01,
7.4119169e-01,2.00001e-01,9.60000e-01,
7.4148464e-01,-0.00000e+00,9.60000e-01,
7.4177760e-01,-0.00000e+00,9.20000e-01,
7.4207056e-01,-0.00000e+00,9.20000e-01,
7.4236351e-01,2.00001e-01,9.20000e-01,
7.4265647e-01,2.00001e-01,9.20000e-01,
7.4294943e-01,2.00001e-01,9.20000e-01,
7.4324238e-01,-0.00000e+00,9.20000e-01,
7.4353534e-01,-0.00000e+00,1.00000e+00,
7.4382830e-01,-0.00000e+00,9.20000e-01,
7.4412125e-01,-0.00000e+00,9.60000e-01,
7.4441421e-01,-0.00000e+00,1.00000e+00,
7.4470717e-01,2.00001e-01,9.60000e-01,
7.4500012e-01,-0.00000e+00,9.20000e-01,
7.4529308e-01,-0.00000e+00,9.60000e-01,
7.4558604e-01,-0.00000e+00,9.20000e-01,
7.4587899e-01,-0.00000e+00,1.00000e+00,
7.4617195e-01,-0.00000e+00,1.00000e+00,
7.4646491e-01,2.00001e-01,9.60000e-01,
7.4675786e-01,-0.00000e+00,9.20000e-01,
7.4705082e-01,-0.00000e+00,1.00000e+00,
7.4734378e-01,-0.00000e+00,9.20000e-01,
7.4763674e-01,-0.00000e+00,1.00000e+00,
7.4792969e-01,-0.00000e+00,1.00000e+00,
7.4822265e-01,-0.00000e+00,9.60000e-01,
7.4851561e-01,-0.00000e+00,9.60000e-01,
7.4880856e-01,-0.00000e+00,1.00000e+00,
7.4910152e-01,2.00001e-01,1.00000e+00,
7.4939448e-01,2.00001e-01,1.00000e+00,
7.4968743e-01,-0.00000e+00,1.00000e+00,
7.4998039e-01,-0.00000e+00,1.00000e+00,
7.5027335e-01,-0.00000e+00,1.00000e+00,
7.5056630e-01,-0.00000e+00,1.00000e+00,
7.5085926e-01,-0.00000e+00,1.00000e+00,
7.5115222e-01,-0.00000e+00,9.60000e-01,
7.5144517e-01,-0.00000e+00,1.04000e+00,
7.5173813e-01,-0.00000e+00,1.00000e+00,
7.5203109e-01,-0.00000e+00,1.04000e+00,
7.5232404e-01,-0.00000e+00,9.60000e-01,
7.5261700e-01,-0.00000e+00,1.00000e+00,
7.5290996e-01,-0.00000e+00,1.04000e+00,
7.5320292e-01,-0.00000e+00,1.00000e+00,
7.5349587e-01,-0.00000e+00,1.00000e+00,
7.5378883e-01,-0.00000e+00,1.00000e+00,
7.5408179e-01,-0.00000e+00,1.04000e+00,
7.5437474e-01,2.00001e-01,1.00000e+00,
7.5466770e-01,-0.00000e+00,1.04000e+00,
7.5496066e-01,-0.00000e+00,1.00000e+00,
7.5525361e-01,-0.00000e+00,1.04000e+00,
7.5554657e-01,-0.00000e+00,1.04000e+00,
7.5583953e-01,-0.00000e+00,1.04000e+00,
7.5613248e-01,2.00001e-01,1.04000e+00,
7.5642544e-01,-0.00000e+00,1.04000e+00,
7.5671840e-01,-0.00000e+00,1.00000e+00,
7.5701135e-01,-0.00000e+00,1.00000e+00,
7.5730431e-01,-0.00000e+00,1.04000e+00,
7.5759727e-01,-0.00000e+00,1.04000e+00,
7.5789022e-01,-0.00000e+00,1.04000e+00,
7.5818318e-01,-0.00000e+00,1.04000e+00,
7.5847614e-01,-0.00000e+00,1.04000e+00,
7.5876909e-01,-0.00000e+00,1.08000e+00,
7.5906205e-01,-0.00000e+00,1.04000e+00,
7.5935501e-01,-0.00000e+00,1.04000e+00,
7.5964797e-01,2.00001e-01,1.04000e+00,
7.5994092e-01,2.00001e-01,1.08000e+00,
7.6023388e-01,2.00001e-01,1.04000e+00,
7.6052684e-01,-0.00000e+00,1.04000e+00,
7.6081979e-01,-0.00000e+00,1.04000e+00,
7.6111275e-01,-0.00000e+00,1.04000e+00,
7.6140571e-01,-0.00000e+00,1.04000e+00,
7.6169866e-01,-0.00000e+00,1.04000e+00,
7.6199162e-01,-0.00000e+00,1.04000e+00,
7.6228458e-01,-0.00000e+00,1.08000e+00,
7.6257753e-01,-0.00000e+00,1.04000e+00,
7.6287049e-01,-0.00000e+00,1.08000e+00,
7.6316345e-01,-0.00000e+00,1.08000e+00,
7.6345640e-01,-0.00000e+00,1.04000e+00,
7.6374936e-01,-0.00000e+00,1.04000e+00,
7.6404232e-01,-0.00000e+00,1.08000e+00,
7.6433527e-01,-0.00000e+00,1.08000e+00,
7.6462823e-01,-0.00000e+00,1.04000e+00,
7.6492119e-01,-0.00000e+00,1.04000e+00,
7.6521415e-01,-0.00000e+00,1.08000e+00,
7.6550710e-01,-0.00000e+00,1.04000e+00,
7.6580006e-01,-0.00000e+00,1.08000e+00,
7.6609302e-01,2.00001e-01,1.08000e+00,
7.6638597e-01,-0.00000e+00,1.08000e+00,
7.6667893e-01,-0.00000e+00,1.08000e+00,
7.6697189e-01,-0.00000e+00,1.08000e+00,
7.6726484e-01,-0.00000e+00,1.08000e+00,
7.6755780e-01,-0.00000e+00,1.08000e+00,
7.6785076e-01,-0.00000e+00,1.08000e+00,
7.6814371e-01,-0.00000e+00,1.08000e+00,
7.6843667e-01,-0.00000e+00,1.08000e+00,
7.6872963e-01,-0.00000e+00,1.08000e+00,
7.6902258e-01,-0.00000e+00,1.04000e+00,
7.6931554e-01,-0.00000e+00,1.08000e+00,
7.6960850e-01,2.00001e-01,1.08000e+00,
7.6990145e-01,-0.00000e+00,1.08000e+00,
7.7019441e-01,-0.00000e+00,1.08000e+00,
7.7048737e-01,-0.00000e+00,1.08000e+00,
7.7078032e-01,-0.00000e+00,1.08000e+00,
7.7107328e-01,-0.00000e+00,1.08000e+00,
7.7136624e-01,2.00001e-01,1.08000e+00,
7.7165920e-01,-0.00000e+00,1.08000e+00,
7.7195215e-01,-0.00000e+00,1.08000e+00,
7.7224511e-01,-0.00000e+00,1.08000e+00,
7.7253807e-01,2.00001e-01,1.08000e+00,
7.7283102e-01,2.00001e-01,1.12000e+00,
7.7312398e-01,-0.00000e+00,1.08000e+00,
7.7341694e-01,-0.00000e+00,1.08000e+00,
7.7370989e-01,2.00001e-01,1.08000e+00,
7.7400285e-01,-0.00000e+00,1.08000e+00,
7.7429581e-01,-0.00000e+00,1.08000e+00,
7.7458876e-01,-0.00000e+00,1.08000e+00,
7.7488172e-01,2.00001e-01,1.08000e+00,
7.7517468e-01,2.00001e-01,1.08000e+00,
7.7546763e-01,-0.00000e+00,1.08000e+00,
7.7576059e-01,2.00001e-01,1.08000e+00,
7.7605355e-01,-0.00000e+00,1.08000e+00,
7.7634650e-01,-0.00000e+00,1.08000e+00,
7.7663946e-01,-0.00000e+00,1.08000e+00,
7.7693242e-01,2.00001e-01,1.08000e+00,
7.7722538e-01,-0.00000e+00,1.08000e+00,
7.7751833e-01,2.00001e-01,1.12000e+00,
7.7781129e-01,-0.00000e+00,1.08000e+00,
7.7810425e-01,2.00001e-01,1.08000e+00,
7.7839720e-01,-0.00000e+00,1.08000e+00,
7.7869016e-01,-0.00000e+00,1.08000e+00,
7.7898312e-01,2.00001e-01,1.12000e+00,
7.7927607e-01,-0.00000e+00,1.12000e+00,
7.7956903e-01,-0.00000e+00,1.08000e+00,
7.7986199e-01,-0.00000e+00,1.16000e+00,
7.8015494e-01,-0.00000e+00,1.08000e+00,
7.8044790e-01,-0.00000e+00,1.12000e+00,
7.8074086e-01,-0.00000e+00,1.08000e+00,
7.8103381e-01,-0.00000e+00,1.12000e+00,
7.8132677e-01,-0.00000e+00,1.16000e+00,
7.8161973e-01,-0.00000e+00,1.16000e+00,
7.8191268e-01,-0.00000e+00,1.12000e+00,
7.8220564e-01,-0.00000e+00,1.16000e+00,
7.8249860e-01,-0.00000e+00,1.16000e+00,
7.8279155e-01,-0.00000e+00,1.12000e+00,
7.8308451e-01,2.00001e-01,1.16000e+00,
7.8337747e-01,-0.00000e+00,1.16000e+00,
7.8367043e-01,2.00001e-01,1.16000e+00,
7.8396338e-01,-0.00000e+00,1.16000e+00,
7.8425634e-01,-0.00000e+00,1.12000e+00,
7.8454930e-01,-0.00000e+00,1.16000e+00,
7.8484225e-01,-0.00000e+00,1.16000e+00,
7.8513521e-01,-0.00000e+00,1.16000e+00,
7.8542817e-01,-0.00000e+00,1.16000e+00,
7.8572112e-01,-0.00000e+00,1.16000e+00,
7.8601408e-01,-0.00000e+00,1.16000e+00,
7.8630704e-01,-0.00000e+00,1.16000e+00,
7.8659999e-01,-0.00000e+00,1.16000e+00,
7.8689295e-01,-0.00000e+00,1.16000e+00,
7.8718591e-01,-0.00000e+00,1.16000e+00,
7.8747886e-01,-0.00000e+00,1.16000e+00,
7.8777182e-01,-0.00000e+00,1.16000e+00,
7.8806478e-01,-0.00000e+00,1.16000e+00,
7.8835773e-01,-0.00000e+00,1.16000e+00,
7.8865069e-01,2.00001e-01,1.16000e+00,
7.8894365e-01,-0.00000e+00,1.16000e+00,
7.8923661e-01,-0.00000e+00,1.16000e+00,
7.8952956e-01,-0.00000e+00,1.16000e+00,
7.8982252e-01,-0.00000e+00,1.16000e+00,
7.9011548e-01,-0.00000e+00,1.16000e+00,
7.9040843e-01,2.00001e-01,1.20000e+00,
7.9070139e-01,-0.00000e+00,1.20000e+00,
7.9099435e-01,2.00001e-01,1.20000e+00,
7.9128730e-01,-0.00000e+00,1.16000e+00,
7.9158026e-01,-0.00000e+00,1.16000e+00,
7.9187322e-01,-0.00000e+00,1.16000e+00,
7.9216617e-01,-0.00000e+00,1.16000e+00,
7.9245913e-01,-0.00000e+00,1.16000e+00,
7.9275209e-01,-0.00000e+00,1.16000e+00,
7.9304504e-01,-0.00000e+00,1.16000e+00,
7.9333800e-01,-0.00000e+00,1.20000e+00,
7.9363096e-01,-0.00000e+00,1.20000e+00,
7.9392391e-01,-0.00000e+00,1.20000e+00,
7.9421687e-01,-0.00000e+00,1.20000e+00,
7.9450983e-01,-0.00000e+00,1.20000e+00,
7.9480278e-01,-0.00000e+00,1.20000e+00,
7.9509574e-01,2.00001e-01,1.20000e+00,
7.9538870e-01,-0.00000e+00,1.20000e+00,
7.9568166e-01,-0.00000e+00,1.20000e+00,
7.9597461e-01,-0.00000e+00,1.16000e+00,
7.9626757e-01,-0.00000e+00,1.20000e+00,
7.9656053e-01,-0.00000e+00,1.20000e+00,
7.9685348e-01,-0.00000e+00,1.20000e+00,
7.9714644e-01,-0.00000e+00,1.20000e+00,
7.9743940e-01,-0.00000e+00,1.20000e+00,
7.9773235e-01,2.00001e-01,1.20000e+00,
7.9802531e-01,-0.00000e+00,1.20000e+00,
7.9831827e-01,-0.00000e+00,1.20000e+00,
7.9861122e-01,-0.00000e+00,1.20000e+00,
7.9890418e-01,-0.00000e+00,1.16000e+00,
7.9919714e-01,-0.00000e+00,1.20000e+00,
7.9949009e-01,2.00001e-01,1.20000e+00,
7.9978305e-01,-0.00000e+00,1.24000e+00,
8.0007601e-01,-0.00000e+00,1.20000e+00,
8.0036896e-01,-0.00000e+00,1.24000e+00,
8.0066192e-01,-0.00000e+00,1.20000e+00,
8.0095488e-01,-0.00000e+00,1.20000e+00,
8.0124784e-01,-0.00000e+00,1.20000e+00,
8.0154079e-01,-0.00000e+00,1.20000e+00,
8.0183375e-01,-0.00000e+00,1.20000e+00,
8.0212671e-01,2.00001e-01,1.24000e+00,
8.0241966e-01,-0.00000e+00,1.24000e+00,
8.0271262e-01,-0.00000e+00,1.24000e+00,
8.0300558e-01,-0.00000e+00,1.24000e+00,
8.0329853e-01,-0.00000e+00,1.24000e+00,
8.0359149e-01,-0.00000e+00,1.24000e+00,
8.0388445e-01,-0.00000e+00,1.20000e+00,
8.0417740e-01,-0.00000e+00,1.24000e+00,
8.0447036e-01,2.00001e-01,1.24000e+00,
8.0476332e-01,-0.00000e+00,1.24000e+00,
8.0505627e-01,-0.00000e+00,1.24000e+00,
8.0534923e-01,-0.00000e+00,1.24000e+00,
8.0564219e-01,-0.00000e+00,1.24000e+00,
8.0593514e-01,-0.00000e+00,1.24000e+00,
8.0622810e-01,-0.00000e+00,1.24000e+00,
8.0652106e-01,-0.00000e+00,1.24000e+00,
8.0681401e-01,2.00001e-01,1.24000e+00,
8.0710697e-01,-0.00000e+00,1.24000e+00,
8.0739993e-01,-0.00000e+00,1.24000e+00,
8.0769289e-01,-0.00000e+00,1.24000e+00,
8.0798584e-01,-0.00000e+00,1.24000e+00,
8.0827880e-01,-0.00000e+00,1.24000e+00,
8.0857176e-01,2.00001e-01,1.24000e+00,
8.0886471e-01,-0.00000e+00,1.24000e+00,
8.0915767e-01,-0.00000e+00,1.24000e+00,
8.0945063e-01,2.00001e-01,1.24000e+00,
8.0974358e-01,2.00001e-01,1.24000e+00,
8.1003654e-01,-0.00000e+00,1.24000e+00,
8.1032950e-01,2.00001e-01,1.24000e+00,
8.1062245e-01,-0.00000e+00,1.24000e+00,
8.1091541e-01,2.00001e-01,1.24000e+00,
8.1120837e-01,-0.00000e+00,1.24000e+00,
8.1150132e-01,-0.00000e+00,1.28000e+00,
8.1179428e-01,-0.00000e+00,1.24000e+00,
8.1208724e-01,-0.00000e+00,1.24000e+00,
8.1238019e-01,-0.00000e+00,1.24000e+00,
8.1267315e-01,-0.00000e+00,1.24000e+00,
8.1296611e-01,-0.00000e+00,1.24000e+00,
8.1325907e-01,-0.00000e+00,1.24000e+00,
8.1355202e-01,-0.00000e+00,1.24000e+00,
8.1384498e-01,-0.00000e+00,1.24000e+00,
8.1413794e-01,-0.00000e+00,1.24000e+00,
8.1443089e-01,-0.00000e+00,1.24000e+00,
8.1472385e-01,-0.00000e+00,1.24000e+00,
8.1501681e-01,-0.00000e+00,1.24000e+00,
8.1530976e-01,2.00001e-01,1.24000e+00,
8.1560272e-01,-0.00000e+00,1.24000e+00,
8.1589568e-01,-0.00000e+00,1.24000e+00,
8.1618863e-01,-0.00000e+00,1.24000e+00,
8.1648159e-01,-0.00000e+00,1.28000e+00,
8.1677455e-01,-0.00000e+00,1.24000e+00,
8.1706750e-01,2.00001e-01,1.24000e+00,
8.1736046e-01,2.00001e-01,1.28000e+00,
8.1765342e-01,-0.00000e+00,1.28000e+00,
8.1794637e-01,-0.00000e+00,1.24000e+00,
8.1823933e-01,-0.00000e+00,1.28000e+00,
8.1853229e-01,-0.00000e+00,1.24000e+00,
8.1882524e-01,-0.00000e+00,1.28000e+00,
8.1911820e-01,-0.00000e+00,1.28000e+00,
8.1941116e-01,-0.00000e+00,1.28000e+00,
8.1970412e-01,-0.00000e+00,1.32000e+00,
8.1999707e-01,-0.00000e+00,1.28000e+00,
8.2029003e-01,-0.00000e+00,1.28000e+00,
8.2058299e-01,-0.00000e+00,1.28000e+00,
8.2087594e-01,-0.00000e+00,1.28000e+00,
8.2116890e-01,-0.00000e+00,1.28000e+00,
8.2146186e-01,-0.00000e+00,1.32000e+00,
8.2175481e-01,-0.00000e+00,1.28000e+00,
8.2204777e-01,2.00001e-01,1.32000e+00,
8.2234073e-01,-0.00000e+00,1.28000e+00,
8.2263368e-01,-0.00000e+00,1.32000e+00,
8.2292664e-01,2.00001e-01,1.28000e+00,
8.2321960e-01,2.00001e-01,1.24000e+00,
8.2351255e-01,-0.00000e+00,1.32000e+00,
8.2380551e-01,-0.00000e+00,1.32000e+00,
8.2409847e-01,-0.00000e+00,1.32000e+00,
8.2439142e-01,-0.00000e+00,1.32000e+00,
8.2468438e-01,-0.00000e+00,1.32000e+00,
8.2497734e-01,-0.00000e+00,1.32000e+00,
8.2527030e-01,2.00001e-01,1.32000e+00,
8.2556325e-01,2.00001e-01,1.32000e+00,
8.2585621e-01,-0.00000e+00,1.32000e+00,
8.2614917e-01,-0.00000e+00,1.32000e+00,
8.2644212e-01,2.00001e-01,1.32000e+00,
8.2673508e-01,-0.00000e+00,1.32000e+00,
8.2702804e-01,-0.00000e+00,1.32000e+00,
8.2732099e-01,-0.00000e+00,1.36000e+00,
8.2761395e-01,-0.00000e+00,1.32000e+00,
8.2790691e-01,-0.00000e+00,1.32000e+00,
8.2819986e-01,-0.00000e+00,1.32000e+00,
8.2849282e-01,-0.00000e+00,1.32000e+00,
8.2878578e-01,-0.00000e+00,1.32000e+00,
8.2907873e-01,2.00001e-01,1.32000e+00,
8.2937169e-01,-0.00000e+00,1.36000e+00,
8.2966465e-01,-0.00000e+00,1.36000e+00,
8.2995760e-01,2.00001e-01,1.32000e+00,
8.3025056e-01,-0.00000e+00,1.32000e+00,
8.3054352e-01,-0.00000e+00,1.32000e+00,
8.3083647e-01,2.00001e-01,1.36000e+00,
8.3112943e-01,-0.00000e+00,1.36000e+00,
8.3142239e-01,-0.00000e+00,1.36000e+00,
8.3171535e-01,-0.00000e+00,1.32000e+00,
8.3200830e-01,-0.00000e+00,1.36000e+00,
8.3230126e-01,-0.00000e+00,1.36000e+00,
8.3259422e-01,-0.00000e+00,1.36000e+00,
8.3288717e-01,-0.00000e+00,1.36000e+00,
8.3318013e-01,-0.00000e+00,1.32000e+00,
8.3347309e-01,-0.00000e+00,1.36000e+00,
8.3376604e-01,-0.00000e+00,1.36000e+00,
8.3405900e-01,-0.00000e+00,1.32000e+00,
8.3435196e-01,-0.00000e+00,1.36000e+00,
8.3464491e-01,-0.00000e+00,1.36000e+00,
8.3493787e-01,-0.00000e+00,1.36000e+00,
8.3523083e-01,-0.00000e+00,1.36000e+00,
8.3552378e-01,2.00001e-01,1.36000e+00,
8.3581674e-01,-0.00000e+00,1.36000e+00,
8.3610970e-01,-0.00000e+00,1.36000e+00,
8.3640265e-01,-0.00000e+00,1.36000e+00,
8.3669561e-01,-0.00000e+00,1.36000e+00,
8.3698857e-01,-0.00000e+00,1.36000e+00,
8.3728153e-01,-0.00000e+00,1.32000e+00,
8.3757448e-01,2.00001e-01,1.36000e+00,
8.3786744e-01,2.00001e-01,1.36000e+00,
8.3816040e-01,2.00001e-01,1.40000e+00,
8.3845335e-01,2.00001e-01,1.36000e+00,
8.3874631e-01,-0.00000e+00,1.40000e+00,
8.3903927e-01,-0.00000e+00,1.36000e+00,
8.3933222e-01,-0.00000e+00,1.40000e+00,
8.3962518e-01,2.00001e-01,1.40000e+00,
8.3991814e-01,-0.00000e+00,1.40000e+00,
8.4021109e-01,-0.00000e+00,1.36000e+00,
8.4050405e-01,2.00001e-01,1.40000e+00,
8.4079701e-01,-0.00000e+00,1.40000e+00,
8.4108996e-01,-0.00000e+00,1.40000e+00,
8.4138292e-01,-0.00000e+00,1.40000e+00,
8.4167588e-01,-0.00000e+00,1.40000e+00,
8.4196883e-01,-0.00000e+00,1.40000e+00,
8.4226179e-01,2.00001e-01,1.40000e+00,
8.4255475e-01,-0.00000e+00,1.36000e+00,
8.4284770e-01,2.00001e-01,1.40000e+00,
8.4314066e-01,-0.00000e+00,1.40000e+00,
8.4343362e-01,-0.00000e+00,1.40000e+00,
8.4372658e-01,-0.00000e+00,1.40000e+00,
8.4401953e-01,-0.00000e+00,1.40000e+00,
8.4431249e-01,-0.00000e+00,1.40000e+00,
8.4460545e-01,2.00001e-01,1.40000e+00,
8.4489840e-01,-0.00000e+00,1.40000e+00,
8.4519136e-01,-0.00000e+00,1.40000e+00,
8.4548432e-01,-0.00000e+00,1.40000e+00,
8.4577727e-01,2.00001e-01,1.40000e+00,
8.4607023e-01,-0.00000e+00,1.40000e+00,
8.4636319e-01,-0.00000e+00,1.40000e+00,
8.4665614e-01,-0.00000e+00,1.40000e+00,
8.4694910e-01,-0.00000e+00,1.40000e+00,
8.4724206e-01,-0.00000e+00,1.40000e+00,
8.4753501e-01,-0.00000e+00,1.40000e+00,
8.4782797e-01,-0.00000e+00,1.40000e+00,
8.4812093e-01,-0.00000e+00,1.40000e+00,
8.4841388e-01,-0.00000e+00,1.40000e+00,
8.4870684e-01,-0.00000e+00,1.40000e+00,
8.4899980e-01,-0.00000e+00,1.40000e+00,
8.4929276e-01,-0.00000e+00,1.40000e+00,
8.4958571e-01,-0.00000e+00,1.40000e+00,
8.4987867e-01,-0.00000e+00,1.40000e+00,
8.5017163e-01,-0.00000e+00,1.40000e+00,
8.5046458e-01,2.00001e-01,1.40000e+00,
8.5075754e-01,-0.00000e+00,1.40000e+00,
8.5105050e-01,-0.00000e+00,1.40000e+00,
8.5134345e-01,-0.00000e+00,1.44000e+00,
8.5163641e-01,-0.00000e+00,1.40000e+00,
8.5192937e-01,-0.00000e+00,1.40000e+00,
8.5222232e-01,-0.00000e+00,1.40000e+00,
8.5251528e-01,-0.00000e+00,1.40000e+00,
8.5280824e-01,2.00001e-01,1.40000e+00,
8.5310119e-01,2.00001e-01,1.40000e+00,
8.5339415e-01,2.00001e-01,1.44000e+00,
8.5368711e-01,2.00001e-01,1.44000e+00,
8.5398006e-01,2.00001e-01,1.48000e+00,
8.5427302e-01,2.00001e-01,1.44000e+00,
8.5456598e-01,-0.00000e+00,1.44000e+00,
8.5485893e-01,-0.00000e+00,1.44000e+00,
8.5515189e-01,-0.00000e+00,1.40000e+00,
8.5544485e-01,-0.00000e+00,1.44000e+00,
8.5573781e-01,-0.00000e+00,1.40000e+00,
8.5603076e-01,-0.00000e+00,1.44000e+00,
8.5632372e-01,-0.00000e+00,1.44000e+00,
8.5661668e-01,-0.00000e+00,1.48000e+00,
8.5690963e-01,-0.00000e+00,1.48000e+00,
8.5720259e-01,-0.00000e+00,1.48000e+00,
8.5749555e-01,-0.00000e+00,1.44000e+00,
8.5778850e-01,-0.00000e+00,1.48000e+00,
8.5808146e-01,-0.00000e+00,1.48000e+00,
8.5837442e-01,-0.00000e+00,1.48000e+00,
8.5866737e-01,-0.00000e+00,1.48000e+00,
8.5896033e-01,2.00001e-01,1.44000e+00,
8.5925329e-01,-0.00000e+00,1.48000e+00,
8.5954624e-01,-0.00000e+00,1.48000e+00,
8.5983920e-01,-0.00000e+00,1.48000e+00,
8.6013216e-01,-0.00000e+00,1.48000e+00,
8.6042511e-01,-0.00000e+00,1.48000e+00,
8.6071807e-01,-0.00000e+00,1.48000e+00,
8.6101103e-01,-0.00000e+00,1.48000e+00,
8.6130399e-01,-0.00000e+00,1.48000e+00,
8.6159694e-01,2.00001e-01,1.48000e+00,
8.6188990e-01,-0.00000e+00,1.48000e+00,
8.6218286e-01,-0.00000e+00,1.48000e+00,
8.6247581e-01,-0.00000e+00,1.48000e+00,
8.6276877e-01,-0.00000e+00,1.48000e+00,
8.6306173e-01,-0.00000e+00,1.48000e+00,
8.6335468e-01,-0.00000e+00,1.52000e+00,
8.6364764e-01,-0.00000e+00,1.48000e+00,
8.6394060e-01,-0.00000e+00,1.48000e+00,
8.6423355e-01,2.00001e-01,1.48000e+00,
8.6452651e-01,-0.00000e+00,1.48000e+00,
8.6481947e-01,-0.00000e+00,1.52000e+00,
8.6511242e-01,-0.00000e+00,1.48000e+00,
8.6540538e-01,-0.00000e+00,1.48000e+00,
8.6569834e-01,-0.00000e+00,1.52000e+00,
8.6599129e-01,-0.00000e+00,1.52000e+00,
8.6628425e-01,-0.00000e+00,1.48000e+00,
8.6657721e-01,2.00001e-01,1.48000e+00,
8.6687016e-01,-0.00000e+00,1.48000e+00,
8.6716312e-01,-0.00000e+00,1.52000e+00,
8.6745608e-01,-0.00000e+00,1.52000e+00,
8.6774904e-01,-0.00000e+00,1.52000e+00,
8.6804199e-01,-0.00000e+00,1.52000e+00,
8.6833495e-01,-0.00000e+00,1.48000e+00,
8.6862791e-01,-0.00000e+00,1.52000e+00,
8.6892086e-01,-0.00000e+00,1.52000e+00,
8.6921382e-01,2.00001e-01,1.52000e+00,
8.6950678e-01,-0.00000e+00,1.48000e+00,
8.6979973e-01,-0.00000e+00,1.52000e+00,
8.7009269e-01,-0.00000e+00,1.52000e+00,
8.7038565e-01,2.00001e-01,1.52000e+00,
8.7067860e-01,-0.00000e+00,1.52000e+00,
8.7097156e-01,-0.00000e+00,1.52000e+00,
8.7126452e-01,2.00001e-01,1.52000e+00,
8.7155747e-01,-0.00000e+00,1.52000e+00,
8.7185043e-01,-0.00000e+00,1.52000e+00,
8.7214339e-01,-0.00000e+00,1.52000e+00,
8.7243634e-01,-0.00000e+00,1.52000e+00,
8.7272930e-01,-0.00000e+00,1.56000e+00,
8.7302226e-01,-0.00000e+00,1.52000e+00,
8.7331522e-01,2.00001e-01,1.56000e+00,
8.7360817e-01,2.00001e-01,1.56000e+00,
8.7390113e-01,2.00001e-01,1.56000e+00,
8.7419409e-01,-0.00000e+00,1.52000e+00,
8.7448704e-01,-0.00000e+00,1.56000e+00,
8.7478000e-01,2.00001e-01,1.56000e+00,
8.7507296e-01,2.00001e-01,1.56000e+00,
8.7536591e-01,-0.00000e+00,1.56000e+00,
8.7565887e-01,-0.00000e+00,1.56000e+00,
8.7595183e-01,2.00001e-01,1.56000e+00,
8.7624478e-01,2.00001e-01,1.52000e+00,
8.7653774e-01,-0.00000e+00,1.56000e+00,
8.7683070e-01,2.00001e-01,1.56000e+00,
8.7712365e-01,2.00001e-01,1.56000e+00,
8.7741661e-01,-0.00000e+00,1.56000e+00,
8.7770957e-01,-0.00000e+00,1.56000e+00,
8.7800252e-01,-0.00000e+00,1.56000e+00,
8.7829548e-01,-0.00000e+00,1.56000e+00,
8.7858844e-01,-0.00000e+00,1.56000e+00,
8.7888139e-01,-0.00000e+00,1.56000e+00,
8.7917435e-01,-0.00000e+00,1.56000e+00,
8.7946731e-01,-0.00000e+00,1.52000e+00,
8.7976027e-01,-0.00000e+00,1.56000e+00,
8.8005322e-01,-0.00000e+00,1.56000e+00,
8.8034618e-01,-0.00000e+00,1.56000e+00,
8.8063914e-01,-0.00000e+00,1.56000e+00,
8.8093209e-01,-0.00000e+00,1.56000e+00,
8.8122505e-01,-0.00000e+00,1.56000e+00,
8.8151801e-01,-0.00000e+00,1.56000e+00,
8.8181096e-01,2.00001e-01,1.56000e+00,
8.8210392e-01,-0.00000e+00,1.56000e+00,
8.8239688e-01,-0.00000e+00,1.56000e+00,
8.8268983e-01,-0.00000e+00,1.56000e+00,
8.8298279e-01,-0.00000e+00,1.56000e+00,
8.8327575e-01,2.00001e-01,1.56000e+00,
8.8356870e-01,-0.00000e+00,1.56000e+00,
8.8386166e-01,-0.00000e+00,1.56000e+00,
8.8415462e-01,-0.00000e+00,1.56000e+00,
8.8444757e-01,-0.00000e+00,1.56000e+00,
8.8474053e-01,-0.00000e+00,1.56000e+00,
8.8503349e-01,-0.00000e+00,1.60000e+00,
8.8532645e-01,-0.00000e+00,1.56000e+00,
8.8561940e-01,-0.00000e+00,1.56000e+00,
8.8591236e-01,-0.00000e+00,1.56000e+00,
8.8620532e-01,-0.00000e+00,1.56000e+00,
8.8649827e-01,-0.00000e+00,1.56000e+00,
8.8679123e-01,-0.00000e+00,1.56000e+00,
8.8708419e-01,-0.00000e+00,1.56000e+00,
8.8737714e-01,-0.00000e+00,1.60000e+00,
8.8767010e-01,-0.00000e+00,1.60000e+00,
8.8796306e-01,2.00001e-01,1.56000e+00,
8.8825601e-01,-0.00000e+00,1.56000e+00,
8.8854897e-01,2.00001e-01,1.60000e+00,
8.8884193e-01,-0.00000e+00,1.56000e+00,
8.8913488e-01,-0.00000e+00,1.60000e+00,
8.8942784e-01,-0.00000e+00,1.64000e+00,
8.8972080e-01,-0.00000e+00,1.60000e+00,
8.9001375e-01,-0.00000e+00,1.60000e+00,
8.9030671e-01,-0.00000e+00,1.60000e+00,
8.9059967e-01,-0.00000e+00,1.60000e+00,
8.9089262e-01,-0.00000e+00,1.60000e+00,
8.9118558e-01,-0.00000e+00,1.60000e+00,
8.9147854e-01,-0.00000e+00,1.60000e+00,
8.9177150e-01,2.00001e-01,1.64000e+00,
8.9206445e-01,2.00001e-01,1.64000e+00,
8.9235741e-01,2.00001e-01,1.64000e+00,
8.9265037e-01,2.00001e-01,1.64000e+00,
8.9294332e-01,-0.00000e+00,1.64000e+00,
8.9323628e-01,2.00001e-01,1.64000e+00,
8.9352924e-01,-0.00000e+00,1.60000e+00,
8.9382219e-01,-0.00000e+00,1.64000e+00,
8.9411515e-01,-0.00000e+00,1.60000e+00,
8.9440811e-01,-0.00000e+00,1.64000e+00,
8.9470106e-01,-0.00000e+00,1.56000e+00,
8.9499402e-01,2.00001e-01,1.64000e+00,
8.9528698e-01,-0.00000e+00,1.64000e+00,
8.9557993e-01,-0.00000e+00,1.64000e+00,
8.9587289e-01,2.00001e-01,1.60000e+00,
8.9616585e-01,-0.00000e+00,1.64000e+00,
8.9645880e-01,-0.00000e+00,1.64000e+00,
8.9675176e-01,-0.00000e+00,1.64000e+00,
8.9704472e-01,-0.00000e+00,1.64000e+00,
8.9733768e-01,-0.00000e+00,1.60000e+00,
8.9763063e-01,2.00001e-01,1.64000e+00,
8.9792359e-01,-0.00000e+00,1.64000e+00,
8.9821655e-01,-0.00000e+00,1.64000e+00,
8.9850950e-01,-0.00000e+00,1.64000e+00,
8.9880246e-01,-0.00000e+00,1.64000e+00,
8.9909542e-01,-0.00000e+00,1.64000e+00,
8.9938837e-01,-0.00000e+00,1.64000e+00,
8.9968133e-01,2.00001e-01,1.64000e+00,
8.9997429e-01,-0.00000e+00,1.64000e+00,
9.0026724e-01,-0.00000e+00,1.68000e+00,
9.0056020e-01,-0.00000e+00,1.68000e+00,
9.0085316e-01,-0.00000e+00,1.64000e+00,
9.0114611e-01,-0.00000e+00,1.64000e+00,
9.0143907e-01,-0.00000e+00,1.64000e+00,
9.0173203e-01,-0.00000e+00,1.64000e+00,
9.0202498e-01,-0.00000e+00,1.68000e+00,
9.0231794e-01,-0.00000e+00,1.68000e+00,
9.0261090e-01,-0.00000e+00,1.64000e+00,
9.0290385e-01,-0.00000e+00,1.64000e+00,
9.0319681e-01,-0.00000e+00,1.68000e+00,
9.0348977e-01,-0.00000e+00,1.68000e+00,
9.0378273e-01,-0.00000e+00,1.68000e+00,
9.0407568e-01,-0.00000e+00,1.68000e+00,
9.0436864e-01,-0.00000e+00,1.68000e+00,
9.0466160e-01,-0.00000e+00,1.64000e+00,
9.0495455e-01,-0.00000e+00,1.72000e+00,
9.0524751e-01,2.00001e-01,1.68000e+00,
9.0554047e-01,2.00001e-01,1.68000e+00,
9.0583342e-01,2.00001e-01,1.68000e+00,
9.0612638e-01,-0.00000e+00,1.68000e+00,
9.0641934e-01,2.00001e-01,1.68000e+00,
9.0671229e-01,-0.00000e+00,1.68000e+00,
9.0700525e-01,-0.00000e+00,1.68000e+00,
9.0729821e-01,2.00001e-01,1.68000e+00,
9.0759116e-01,2.00001e-01,1.68000e+00,
9.0788412e-01,-0.00000e+00,1.68000e+00,
9.0817708e-01,2.00001e-01,1.72000e+00,
9.0847003e-01,2.00001e-01,1.68000e+00,
9.0876299e-01,2.00001e-01,1.68000e+00,
9.0905595e-01,-0.00000e+00,1.72000e+00,
9.0934891e-01,2.00001e-01,1.72000e+00,
9.0964186e-01,2.00001e-01,1.68000e+00,
9.0993482e-01,-0.00000e+00,1.72000e+00,
9.1022778e-01,-0.00000e+00,1.68000e+00,
9.1052073e-01,2.00001e-01,1.68000e+00,
9.1081369e-01,2.00001e-01,1.72000e+00,
9.1110665e-01,-0.00000e+00,1.72000e+00,
9.1139960e-01,-0.00000e+00,1.68000e+00,
9.1169256e-01,-0.00000e+00,1.68000e+00,
9.1198552e-01,-0.00000e+00,1.72000e+00,
9.1227847e-01,2.00001e-01,1.72000e+00,
9.1257143e-01,-0.00000e+00,1.72000e+00,
9.1286439e-01,-0.00000e+00,1.72000e+00,
9.1315734e-01,-0.00000e+00,1.68000e+00,
9.1345030e-01,2.00001e-01,1.72000e+00,
9.1374326e-01,2.00001e-01,1.72000e+00,
9.1403621e-01,-0.00000e+00,1.72000e+00,
9.1432917e-01,2.00001e-01,1.72000e+00,
9.1462213e-01,-0.00000e+00,1.72000e+00,
9.1491508e-01,2.00001e-01,1.68000e+00,
9.1520804e-01,-0.00000e+00,1.72000e+00,
9.1550100e-01,-0.00000e+00,1.72000e+00,
9.1579396e-01,-0.00000e+00,1.72000e+00,
9.1608691e-01,2.00001e-01,1.72000e+00,
9.1637987e-01,-0.00000e+00,1.72000e+00,
9.1667283e-01,2.00001e-01,1.72000e+00,
9.1696578e-01,-0.00000e+00,1.72000e+00,
9.1725874e-01,-0.00000e+00,1.72000e+00,
9.1755170e-01,-0.00000e+00,1.72000e+00,
9.1784465e-01,-0.00000e+00,1.72000e+00,
9.1813761e-01,2.00001e-01,1.72000e+00,
9.1843057e-01,-0.00000e+00,1.72000e+00,
9.1872352e-01,-0.00000e+00,1.72000e+00,
9.1901648e-01,-0.00000e+00,1.72000e+00,
9.1930944e-01,2.00001e-01,1.72000e+00,
9.1960239e-01,-0.00000e+00,1.72000e+00,
9.1989535e-01,-0.00000e+00,1.72000e+00,
9.2018831e-01,-0.00000e+00,1.72000e+00,
9.2048126e-01,-0.00000e+00,1.72000e+00,
9.2077422e-01,-0.00000e+00,1.76000e+00,
9.2106718e-01,-0.00000e+00,1.72000e+00,
9.2136014e-01,-0.00000e+00,1.72000e+00,
9.2165309e-01,-0.00000e+00,1.72000e+00,
9.2194605e-01,-0.00000e+00,1.72000e+00,
9.2223901e-01,2.00001e-01,1.72000e+00,
9.2253196e-01,-0.00000e+00,1.72000e+00,
9.2282492e-01,-0.00000e+00,1.72000e+00,
9.2311788e-01,2.00001e-01,1.72000e+00,
9.2341083e-01,-0.00000e+00,1.72000e+00,
9.2370379e-01,2.00001e-01,1.72000e+00,
9.2399675e-01,-0.00000e+00,1.72000e+00,
9.2428970e-01,-0.00000e+00,1.76000e+00,
9.2458266e-01,-0.00000e+00,1.72000e+00,
9.2487562e-01,2.00001e-01,1.76000e+00,
9.2516857e-01,-0.00000e+00,1.76000e+00,
9.2546153e-01,2.00001e-01,1.72000e+00,
9.2575449e-01,-0.00000e+00,1.72000e+00,
9.2604744e-01,2.00001e-01,1.76000e+00,
9.2634040e-01,-0.00000e+00,1.72000e+00,
9.2663336e-01,2.00001e-01,1.80000e+00,
9.2692631e-01,-0.00000e+00,1.76000e+00,
9.2721927e-01,-0.00000e+00,1.72000e+00,
9.2751223e-01,2.00001e-01,1.76000e+00,
9.2780519e-01,-0.00000e+00,1.76000e+00,
9.2809814e-01,-0.00000e+00,1.76000e+00,
9.2839110e-01,2.00001e-01,1.76000e+00,
9.2868406e-01,-0.00000e+00,1.72000e+00,
9.2897701e-01,2.00001e-01,1.76000e+00,
9.2926997e-01,-0.00000e+00,1.80000e+00,
9.2956293e-01,-0.00000e+00,1.80000e+00,
9.2985588e-01,-0.00000e+00,1.80000e+00,
9.3014884e-01,-0.00000e+00,1.76000e+00,
9.3044180e-01,-0.00000e+00,1.76000e+00,
9.3073475e-01,-0.00000e+00,1.76000e+00,
9.3102771e-01,2.00001e-01,1.76000e+00,
9.3132067e-01,-0.00000e+00,1.76000e+00,
9.3161362e-01,-0.00000e+00,1.80000e+00,
9.3190658e-01,-0.00000e+00,1.80000e+00,
9.3219954e-01,-0.00000e+00,1.76000e+00,
9.3249249e-01,-0.00000e+00,1.80000e+00,
9.3278545e-01,-0.00000e+00,1.80000e+00,
9.3307841e-01,-0.00000e+00,1.80000e+00,
9.3337137e-01,-0.00000e+00,1.80000e+00,
9.3366432e-01,-0.00000e+00,1.80000e+00,
9.3395728e-01,-0.00000e+00,1.80000e+00,
9.3425024e-01,2.00001e-01,1.80000e+00,
9.3454319e-01,-0.00000e+00,1.80000e+00,
9.3483615e-01,2.00001e-01,1.80000e+00,
9.3512911e-01,-0.00000e+00,1.84000e+00,
9.3542206e-01,-0.00000e+00,1.84000e+00,
9.3571502e-01,-0.00000e+00,1.80000e+00,
9.3600798e-01,-0.00000e+00,1.80000e+00,
9.3630093e-01,2.00001e-01,1.80000e+00,
9.3659389e-01,-0.00000e+00,1.80000e+00,
9.3688685e-01,-0.00000e+00,1.80000e+00,
9.3717980e-01,-0.00000e+00,1.80000e+00,
9.3747276e-01,-0.00000e+00,1.80000e+00,
9.3776572e-01,-0.00000e+00,1.80000e+00,
9.3805867e-01,-0.00000e+00,1.80000e+00,
9.3835163e-01,-0.00000e+00,1.84000e+00,
9.3864459e-01,-0.00000e+00,1.80000e+00,
9.3893754e-01,-0.00000e+00,1.84000e+00,
9.3923050e-01,-0.00000e+00,1.84000e+00,
9.3952346e-01,-0.00000e+00,1.84000e+00,
9.3981642e-01,-0.00000e+00,1.84000e+00,
9.4010937e-01,2.00001e-01,1.84000e+00,
9.4040233e-01,-0.00000e+00,1.80000e+00,
9.4069529e-01,-0.00000e+00,1.84000e+00,
9.4098824e-01,-0.00000e+00,1.84000e+00,
9.4128120e-01,-0.00000e+00,1.84000e+00,
9.4157416e-01,-0.00000e+00,1.84000e+00,
9.4186711e-01,-0.00000e+00,1.84000e+00,
9.4216007e-01,-0.00000e+00,1.84000e+00,
9.4245303e-01,-0.00000e+00,1.84000e+00,
9.4274598e-01,-0.00000e+00,1.84000e+00,
9.4303894e-01,-0.00000e+00,1.80000e+00,
9.4333190e-01,-0.00000e+00,1.84000e+00,
9.4362485e-01,-0.00000e+00,1.84000e+00,
9.4391781e-01,-0.00000e+00,1.84000e+00,
9.4421077e-01,2.00001e-01,1.84000e+00,
9.4450372e-01,-0.00000e+00,1.84000e+00,
9.4479668e-01,2.00001e-01,1.84000e+00,
9.4508964e-01,-0.00000e+00,1.84000e+00,
9.4538260e-01,2.00001e-01,1.84000e+00,
9.4567555e-01,-0.00000e+00,1.84000e+00,
9.4596851e-01,-0.00000e+00,1.88000e+00,
9.4626147e-01,-0.00000e+00,1.84000e+00,
9.4655442e-01,-0.00000e+00,1.84000e+00,
9.4684738e-01,-0.00000e+00,1.88000e+00,
9.4714034e-01,-0.00000e+00,1.88000e+00,
9.4743329e-01,-0.00000e+00,1.84000e+00,
9.4772625e-01,-0.00000e+00,1.88000e+00,
9.4801921e-01,-0.00000e+00,1.88000e+00,
9.4831216e-01,2.00001e-01,1.88000e+00,
9.4860512e-01,2.00001e-01,1.88000e+00,
9.4889808e-01,-0.00000e+00,1.88000e+00,
9.4919103e-01,-0.00000e+00,1.88000e+00,
9.4948399e-01,-0.00000e+00,1.88000e+00,
9.4977695e-01,-0.00000e+00,1.88000e+00,
9.5006990e-01,-0.00000e+00,1.88000e+00,
9.5036286e-01,-0.00000e+00,1.88000e+00,
9.5065582e-01,-0.00000e+00,1.84000e+00,
9.5094877e-01,-0.00000e+00,1.88000e+00,
9.5124173e-01,2.00001e-01,1.88000e+00,
9.5153469e-01,-0.00000e+00,1.88000e+00,
9.5182765e-01,-0.00000e+00,1.88000e+00,
9.5212060e-01,-0.00000e+00,1.88000e+00,
9.5241356e-01,-0.00000e+00,1.88000e+00,
9.5270652e-01,-0.00000e+00,1.88000e+00,
9.5299947e-01,-0.00000e+00,1.88000e+00,
9.5329243e-01,-0.00000e+00,1.88000e+00,
9.5358539e-01,-0.00000e+00,1.88000e+00,
9.5387834e-01,-0.00000e+00,1.88000e+00,
9.5417130e-01,-0.00000e+00,1.88000e+00,
9.5446426e-01,-0.00000e+00,1.88000e+00,
9.5475721e-01,-0.00000e+00,1.88000e+00,
9.5505017e-01,-0.00000e+00,1.88000e+00,
9.5534313e-01,-0.00000e+00,1.88000e+00,
9.5563608e-01,2.00001e-01,1.88000e+00,
9.5592904e-01,-0.00000e+00,1.88000e+00,
9.5622200e-01,-0.00000e+00,1.88000e+00,
9.5651495e-01,-0.00000e+00,1.88000e+00,
9.5680791e-01,-0.00000e+00,1.88000e+00,
9.5710087e-01,-0.00000e+00,1.88000e+00,
9.5739383e-01,-0.00000e+00,1.88000e+00,
9.5768678e-01,-0.00000e+00,1.88000e+00,
9.5797974e-01,-0.00000e+00,1.88000e+00,
9.5827270e-01,-0.00000e+00,1.88000e+00,
9.5856565e-01,-0.00000e+00,1.88000e+00,
9.5885861e-01,-0.00000e+00,1.88000e+00,
9.5915157e-01,-0.00000e+00,1.88000e+00,
9.5944452e-01,-0.00000e+00,1.88000e+00,
9.5973748e-01,-0.00000e+00,1.88000e+00,
9.6003044e-01,-0.00000e+00,1.88000e+00,
9.6032339e-01,-0.00000e+00,1.88000e+00,
9.6061635e-01,-0.00000e+00,1.96000e+00,
9.6090931e-01,-0.00000e+00,1.88000e+00,
9.6120226e-01,-0.00000e+00,1.88000e+00,
9.6149522e-01,-0.00000e+00,1.88000e+00,
9.6178818e-01,-0.00000e+00,1.96000e+00,
9.6208113e-01,2.00001e-01,1.88000e+00,
9.6237409e-01,-0.00000e+00,1.96000e+00,
9.6266705e-01,-0.00000e+00,1.96000e+00,
9.6296000e-01,-0.00000e+00,1.88000e+00,
9.6325296e-01,-0.00000e+00,1.96000e+00,
9.6354592e-01,-0.00000e+00,1.96000e+00,
9.6383888e-01,-0.00000e+00,1.88000e+00,
9.6413183e-01,2.00001e-01,1.96000e+00,
9.6442479e-01,-0.00000e+00,1.88000e+00,
9.6471775e-01,-0.00000e+00,2.00000e+00,
9.6501070e-01,-0.00000e+00,1.88000e+00,
9.6530366e-01,-0.00000e+00,1.96000e+00,
9.6559662e-01,-0.00000e+00,2.00000e+00,
9.6588957e-01,-0.00000e+00,1.88000e+00,
9.6618253e-01,-0.00000e+00,1.96000e+00,
9.6647549e-01,-0.00000e+00,2.00000e+00,
9.6676844e-01,2.00001e-01,2.00000e+00,
9.6706140e-01,2.00001e-01,1.96000e+00,
9.6735436e-01,-0.00000e+00,1.96000e+00,
9.6764731e-01,-0.00000e+00,2.00000e+00,
9.6794027e-01,-0.00000e+00,1.96000e+00,
9.6823323e-01,-0.00000e+00,2.00000e+00,
9.6852618e-01,-0.00000e+00,1.96000e+00,
9.6881914e-01,-0.00000e+00,2.00000e+00,
9.6911210e-01,-0.00000e+00,1.96000e+00,
9.6940506e-01,-0.00000e+00,2.00000e+00,
9.6969801e-01,-0.00000e+00,2.00000e+00,
9.6999097e-01,-0.00000e+00,1.96000e+00,
9.7028393e-01,2.00001e-01,2.00000e+00,
9.7057688e-01,-0.00000e+00,2.00000e+00,
9.7086984e-01,-0.00000e+00,2.00000e+00,
9.7116280e-01,-0.00000e+00,2.00000e+00,
9.7145575e-01,-0.00000e+00,2.00000e+00,
9.7174871e-01,-0.00000e+00,2.00000e+00,
9.7204167e-01,-0.00000e+00,1.96000e+00,
9.7233462e-01,-0.00000e+00,2.00000e+00,
9.7262758e-01,-0.00000e+00,2.00000e+00,
9.7292054e-01,-0.00000e+00,2.00000e+00,
9.7321349e-01,-0.00000e+00,2.00000e+00,
9.7350645e-01,-0.00000e+00,2.00000e+00,
9.7379941e-01,-0.00000e+00,2.00000e+00,
9.7409236e-01,-0.00000e+00,2.00000e+00,
9.7438532e-01,-0.00000e+00,2.00000e+00,
9.7467828e-01,-0.00000e+00,2.04000e+00,
9.7497123e-01,-0.00000e+00,2.00000e+00,
9.7526419e-01,-0.00000e+00,2.00000e+00,
9.7555715e-01,-0.00000e+00,2.00000e+00,
9.7585011e-01,-0.00000e+00,2.04000e+00,
9.7614306e-01,2.00001e-01,2.04000e+00,
9.7643602e-01,-0.00000e+00,2.00000e+00,
9.7672898e-01,-0.00000e+00,2.04000e+00,
9.7702193e-01,-0.00000e+00,2.04000e+00,
9.7731489e-01,-0.00000e+00,2.00000e+00,
9.7760785e-01,-0.00000e+00,2.00000e+00,
9.7790080e-01,-0.00000e+00,2.00000e+00,
9.7819376e-01,-0.00000e+00,2.00000e+00,
9.7848672e-01,-0.00000e+00,2.04000e+00,
9.7877967e-01,2.00001e-01,2.04000e+00,
9.7907263e-01,-0.00000e+00,2.04000e+00,
9.7936559e-01,-0.00000e+00,2.04000e+00,
9.7965854e-01,-0.00000e+00,2.04000e+00,
9.7995150e-01,-0.00000e+00,2.04000e+00,
9.8024446e-01,-0.00000e+00,2.04000e+00,
9.8053741e-01,-0.00000e+00,2.04000e+00,
9.8083037e-01,-0.00000e+00,2.04000e+00,
9.8112333e-01,2.00001e-01,2.04000e+00,
9.8141629e-01,-0.00000e+00,2.04000e+00,
9.8170924e-01,-0.00000e+00,2.08000e+00,
9.8200220e-01,-0.00000e+00,2.04000e+00,
9.8229516e-01,2.00001e-01,2.04000e+00,
9.8258811e-01,-0.00000e+00,2.04000e+00,
9.8288107e-01,-0.00000e+00,2.04000e+00,
9.8317403e-01,-0.00000e+00,2.08000e+00,
9.8346698e-01,2.00001e-01,2.04000e+00,
9.8375994e-01,-0.00000e+00,2.04000e+00,
9.8405290e-01,-0.00000e+00,2.08000e+00,
9.8434585e-01,5.00000e+00,2.04000e+00,
9.8463881e-01,-0.00000e+00,2.04000e+00,
9.8493177e-01,-0.00000e+00,2.04000e+00,
9.8522472e-01,-0.00000e+00,2.04000e+00,
9.8551768e-01,-0.00000e+00,2.04000e+00,
9.8581064e-01,-0.00000e+00,2.04000e+00,
9.8610359e-01,-0.00000e+00,2.04000e+00,
9.8639655e-01,-0.00000e+00,2.08000e+00,
9.8668951e-01,-0.00000e+00,2.08000e+00,
9.8698246e-01,-0.00000e+00,2.08000e+00,
9.8727542e-01,-0.00000e+00,2.08000e+00,
9.8756838e-01,-0.00000e+00,2.08000e+00,
9.8786134e-01,-0.00000e+00,2.08000e+00,
9.8815429e-01,-0.00000e+00,2.08000e+00,
9.8844725e-01,-0.00000e+00,2.08000e+00,
9.8874021e-01,-0.00000e+00,2.08000e+00,
9.8903316e-01,-0.00000e+00,2.08000e+00,
9.8932612e-01,2.00001e-01,2.08000e+00,
9.8961908e-01,2.00001e-01,2.08000e+00,
9.8991203e-01,2.00001e-01,2.08000e+00,
9.9020499e-01,-0.00000e+00,2.08000e+00,
9.9049795e-01,2.00001e-01,2.08000e+00,
9.9079090e-01,-0.00000e+00,2.04000e+00,
9.9108386e-01,-0.00000e+00,2.08000e+00,
9.9137682e-01,-0.00000e+00,2.08000e+00,
9.9166977e-01,-0.00000e+00,2.08000e+00,
9.9196273e-01,-0.00000e+00,2.08000e+00,
9.9225569e-01,-0.00000e+00,2.08000e+00,
9.9254864e-01,-0.00000e+00,2.08000e+00,
9.9284160e-01,-0.00000e+00,2.08000e+00,
9.9313456e-01,-0.00000e+00,2.08000e+00,
9.9342752e-01,-0.00000e+00,2.08000e+00,
9.9372047e-01,-0.00000e+00,2.08000e+00,
9.9401343e-01,2.00001e-01,2.08000e+00,
9.9430639e-01,-0.00000e+00,2.08000e+00,
9.9459934e-01,-0.00000e+00,2.08000e+00,
9.9489230e-01,-0.00000e+00,2.08000e+00,
9.9518526e-01,-0.00000e+00,2.08000e+00,
9.9547821e-01,2.00001e-01,2.08000e+00,
9.9577117e-01,-0.00000e+00,2.08000e+00,
9.9606413e-01,-0.00000e+00,2.08000e+00,
9.9635708e-01,2.00001e-01,2.08000e+00,
9.9665004e-01,2.00001e-01,2.08000e+00,
9.9694300e-01,-0.00000e+00,2.08000e+00,
9.9723595e-01,-0.00000e+00,2.08000e+00,
9.9752891e-01,-0.00000e+00,2.08000e+00,
9.9782187e-01,-0.00000e+00,2.08000e+00,
9.9811482e-01,2.00001e-01,2.08000e+00,
9.9840778e-01,-0.00000e+00,2.08000e+00,
9.9870074e-01,-0.00000e+00,2.08000e+00,
9.9899369e-01,-0.00000e+00,2.12000e+00,
9.9928665e-01,-0.00000e+00,2.08000e+00,
9.9957961e-01,-0.00000e+00,2.08000e+00,
9.9987257e-01,-0.00000e+00,2.12000e+00,
1.0001656e+00,-0.00000e+00,2.12000e+00,
1.0004586e+00,2.00001e-01,2.12000e+00,
1.0007516e+00,2.00001e-01,2.08000e+00,
1.0010446e+00,2.00001e-01,2.12000e+00,
1.0013376e+00,2.00001e-01,2.12000e+00,
1.0016307e+00,-0.00000e+00,2.12000e+00,
1.0019237e+00,2.00001e-01,2.08000e+00,
1.0022167e+00,-0.00000e+00,2.12000e+00,
1.0025097e+00,-0.00000e+00,2.16000e+00,
1.0028027e+00,-0.00000e+00,2.12000e+00,
1.0030957e+00,-0.00000e+00,2.12000e+00,
1.0033888e+00,2.00001e-01,2.12000e+00,
1.0036818e+00,-0.00000e+00,2.12000e+00,
1.0039748e+00,-0.00000e+00,2.12000e+00,
1.0042678e+00,2.00001e-01,2.08000e+00,
1.0045608e+00,-0.00000e+00,2.12000e+00,
1.0048538e+00,-0.00000e+00,2.16000e+00,
1.0051469e+00,-0.00000e+00,2.16000e+00,
1.0054399e+00,-0.00000e+00,2.12000e+00,
1.0057329e+00,-0.00000e+00,2.16000e+00,
1.0060259e+00,-0.00000e+00,2.16000e+00,
1.0063189e+00,-0.00000e+00,2.12000e+00,
1.0066119e+00,-0.00000e+00,2.16000e+00,
1.0069050e+00,-0.00000e+00,2.16000e+00,
1.0071980e+00,-0.00000e+00,2.16000e+00,
1.0074910e+00,-0.00000e+00,2.16000e+00,
1.0077840e+00,-0.00000e+00,2.16000e+00,
1.0080770e+00,-0.00000e+00,2.12000e+00,
1.0083700e+00,-0.00000e+00,2.16000e+00,
1.0086631e+00,-0.00000e+00,2.16000e+00,
1.0089561e+00,-0.00000e+00,2.16000e+00,
1.0092491e+00,-0.00000e+00,2.16000e+00,
1.0095421e+00,-0.00000e+00,2.16000e+00,
1.0098351e+00,-0.00000e+00,2.12000e+00,
1.0101281e+00,-0.00000e+00,2.16000e+00,
1.0104212e+00,-0.00000e+00,2.16000e+00,
1.0107142e+00,-0.00000e+00,2.16000e+00,
1.0110072e+00,2.00001e-01,2.16000e+00,
1.0113002e+00,2.00001e-01,2.16000e+00,
1.0115932e+00,2.00001e-01,2.16000e+00,
1.0118862e+00,-0.00000e+00,2.16000e+00,
1.0121793e+00,-0.00000e+00,2.16000e+00,
1.0124723e+00,2.00001e-01,2.16000e+00,
1.0127653e+00,-0.00000e+00,2.16000e+00,
1.0130583e+00,2.00001e-01,2.16000e+00,
1.0133513e+00,-0.00000e+00,2.16000e+00,
1.0136443e+00,-0.00000e+00,2.16000e+00,
1.0139374e+00,-0.00000e+00,2.20000e+00,
1.0142304e+00,-0.00000e+00,2.20000e+00,
1.0145234e+00,-0.00000e+00,2.20000e+00,
1.0148164e+00,-0.00000e+00,2.20000e+00,
1.0151094e+00,-0.00000e+00,2.20000e+00,
1.0154024e+00,-0.00000e+00,2.20000e+00,
1.0156955e+00,-0.00000e+00,2.20000e+00,
1.0159885e+00,-0.00000e+00,2.20000e+00,
1.0162815e+00,-0.00000e+00,2.20000e+00,
1.0165745e+00,-0.00000e+00,2.20000e+00,
1.0168675e+00,-0.00000e+00,2.20000e+00,
1.0171605e+00,2.00001e-01,2.20000e+00,
1.0174536e+00,2.00001e-01,2.20000e+00,
1.0177466e+00,-0.00000e+00,2.16000e+00,
1.0180396e+00,2.00001e-01,2.20000e+00,
1.0183326e+00,-0.00000e+00,2.20000e+00,
1.0186256e+00,-0.00000e+00,2.20000e+00,
1.0189186e+00,-0.00000e+00,2.20000e+00,
1.0192116e+00,2.00001e-01,2.20000e+00,
1.0195047e+00,2.00001e-01,2.24000e+00,
1.0197977e+00,-0.00000e+00,2.20000e+00,
1.0200907e+00,-0.00000e+00,2.24000e+00,
1.0203837e+00,-0.00000e+00,2.20000e+00,
1.0206767e+00,-0.00000e+00,2.20000e+00,
1.0209697e+00,-0.00000e+00,2.20000e+00,
1.0212628e+00,-0.00000e+00,2.24000e+00,
1.0215558e+00,-0.00000e+00,2.24000e+00,
1.0218488e+00,-0.00000e+00,2.24000e+00,
1.0221418e+00,2.00001e-01,2.24000e+00,
1.0224348e+00,-0.00000e+00,2.24000e+00,
1.0227278e+00,2.00001e-01,2.24000e+00,
1.0230209e+00,-0.00000e+00,2.24000e+00,
1.0233139e+00,-0.00000e+00,2.24000e+00,
1.0236069e+00,2.00001e-01,2.24000e+00,
1.0238999e+00,-0.00000e+00,2.20000e+00,
1.0241929e+00,-0.00000e+00,2.24000e+00,
1.0244859e+00,-0.00000e+00,2.24000e+00,
1.0247790e+00,-0.00000e+00,2.24000e+00,
1.0250720e+00,-0.00000e+00,2.20000e+00,
1.0253650e+00,-0.00000e+00,2.24000e+00,
1.0256580e+00,-0.00000e+00,2.24000e+00,
1.0259510e+00,-0.00000e+00,2.24000e+00,
1.0262440e+00,-0.00000e+00,2.24000e+00,
1.0265371e+00,-0.00000e+00,2.24000e+00,
1.0268301e+00,2.00001e-01,2.24000e+00,
1.0271231e+00,-0.00000e+00,2.20000e+00,
1.0274161e+00,-0.00000e+00,2.24000e+00,
1.0277091e+00,-0.00000e+00,2.24000e+00,
1.0280021e+00,-0.00000e+00,2.24000e+00,
1.0282952e+00,-0.00000e+00,2.24000e+00,
1.0285882e+00,-0.00000e+00,2.24000e+00,
1.0288812e+00,-0.00000e+00,2.24000e+00,
1.0291742e+00,-0.00000e+00,2.24000e+00,
1.0294672e+00,-0.00000e+00,2.24000e+00,
1.0297602e+00,-0.00000e+00,2.24000e+00,
1.0300533e+00,-0.00000e+00,2.24000e+00,
1.0303463e+00,2.00001e-01,2.24000e+00,
1.0306393e+00,-0.00000e+00,2.24000e+00,
1.0309323e+00,-0.00000e+00,2.24000e+00,
1.0312253e+00,-0.00000e+00,2.24000e+00,
1.0315183e+00,-0.00000e+00,2.24000e+00,
1.0318114e+00,-0.00000e+00,2.24000e+00,
1.0321044e+00,-0.00000e+00,2.24000e+00,
1.0323974e+00,-0.00000e+00,2.24000e+00,
1.0326904e+00,2.00001e-01,2.24000e+00,
1.0329834e+00,-0.00000e+00,2.24000e+00,
1.0332764e+00,-0.00000e+00,2.24000e+00,
1.0335695e+00,-0.00000e+00,2.28000e+00,
1.0338625e+00,-0.00000e+00,2.28000e+00,
1.0341555e+00,2.00001e-01,2.28000e+00,
1.0344485e+00,-0.00000e+00,2.24000e+00,
1.0347415e+00,2.00001e-01,2.28000e+00,
1.0350345e+00,-0.00000e+00,2.24000e+00,
1.0353276e+00,2.00001e-01,2.24000e+00,
1.0356206e+00,-0.00000e+00,2.32000e+00,
1.0359136e+00,-0.00000e+00,2.24000e+00,
1.0362066e+00,-0.00000e+00,2.28000e+00,
1.0364996e+00,-0.00000e+00,2.28000e+00,
1.0367926e+00,-0.00000e+00,2.32000e+00,
1.0370857e+00,-0.00000e+00,2.32000e+00,
1.0373787e+00,2.00001e-01,2.28000e+00,
1.0376717e+00,2.00001e-01,2.24000e+00,
1.0379647e+00,-0.00000e+00,2.32000e+00,
1.0382577e+00,-0.00000e+00,2.28000e+00,
1.0385507e+00,2.00001e-01,2.32000e+00,
1.0388438e+00,-0.00000e+00,2.32000e+00,
1.0391368e+00,-0.00000e+00,2.32000e+00,
1.0394298e+00,-0.00000e+00,2.32000e+00,
1.0397228e+00,-0.00000e+00,2.32000e+00,
1.0400158e+00,-0.00000e+00,2.32000e+00,
1.0403088e+00,-0.00000e+00,2.32000e+00,
1.0406018e+00,-0.00000e+00,2.32000e+00,
1.0408949e+00,-0.00000e+00,2.28000e+00,
1.0411879e+00,-0.00000e+00,2.24000e+00,
1.0414809e+00,-0.00000e+00,2.32000e+00,
1.0417739e+00,-0.00000e+00,2.32000e+00,
1.0420669e+00,-0.00000e+00,2.28000e+00,
1.0423599e+00,-0.00000e+00,2.28000e+00,
1.0426530e+00,-0.00000e+00,2.32000e+00,
1.0429460e+00,-0.00000e+00,2.32000e+00,
1.0432390e+00,-0.00000e+00,2.32000e+00,
1.0435320e+00,-0.00000e+00,2.32000e+00,
1.0438250e+00,-0.00000e+00,2.32000e+00,
1.0441180e+00,5.00000e+00,2.36000e+00,
1.0444111e+00,-0.00000e+00,2.32000e+00,
1.0447041e+00,-0.00000e+00,2.32000e+00,
1.0449971e+00,-0.00000e+00,2.32000e+00,
1.0452901e+00,-0.00000e+00,2.32000e+00,
1.0455831e+00,-0.00000e+00,2.32000e+00,
1.0458761e+00,-0.00000e+00,2.32000e+00,
1.0461692e+00,-0.00000e+00,2.32000e+00,
1.0464622e+00,-0.00000e+00,2.32000e+00,
1.0467552e+00,-0.00000e+00,2.32000e+00,
1.0470482e+00,-0.00000e+00,2.36000e+00,
1.0473412e+00,-0.00000e+00,2.32000e+00,
1.0476342e+00,-0.00000e+00,2.32000e+00,
1.0479273e+00,-0.00000e+00,2.36000e+00,
1.0482203e+00,-0.00000e+00,2.32000e+00,
1.0485133e+00,-0.00000e+00,2.36000e+00,
1.0488063e+00,-0.00000e+00,2.32000e+00,
1.0490993e+00,-0.00000e+00,2.36000e+00,
1.0493923e+00,-0.00000e+00,2.36000e+00,
1.0496854e+00,-0.00000e+00,2.36000e+00,
1.0499784e+00,-0.00000e+00,2.36000e+00,
1.0502714e+00,-0.00000e+00,2.36000e+00,
1.0505644e+00,2.00001e-01,2.36000e+00,
1.0508574e+00,-0.00000e+00,2.32000e+00,
1.0511504e+00,-0.00000e+00,2.36000e+00,
1.0514435e+00,-0.00000e+00,2.36000e+00,
1.0517365e+00,-0.00000e+00,2.36000e+00,
1.0520295e+00,-0.00000e+00,2.36000e+00,
1.0523225e+00,-0.00000e+00,2.36000e+00,
1.0526155e+00,-0.00000e+00,2.36000e+00,
1.0529085e+00,-0.00000e+00,2.36000e+00,
1.0532016e+00,-0.00000e+00,2.32000e+00,
1.0534946e+00,2.00001e-01,2.36000e+00,
1.0537876e+00,-0.00000e+00,2.36000e+00,
1.0540806e+00,-0.00000e+00,2.36000e+00,
1.0543736e+00,-0.00000e+00,2.36000e+00,
1.0546666e+00,-0.00000e+00,2.36000e+00,
1.0549597e+00,2.00001e-01,2.36000e+00,
1.0552527e+00,-0.00000e+00,2.40000e+00,
1.0555457e+00,2.00001e-01,2.40000e+00,
1.0558387e+00,-0.00000e+00,2.40000e+00,
1.0561317e+00,-0.00000e+00,2.40000e+00,
1.0564247e+00,2.00001e-01,2.40000e+00,
1.0567178e+00,-0.00000e+00,2.40000e+00,
1.0570108e+00,-0.00000e+00,2.40000e+00,
1.0573038e+00,-0.00000e+00,2.40000e+00,
1.0575968e+00,-0.00000e+00,2.40000e+00,
1.0578898e+00,2.00001e-01,2.36000e+00,
1.0581828e+00,-0.00000e+00,2.40000e+00,
1.0584759e+00,2.00001e-01,2.36000e+00,
1.0587689e+00,-0.00000e+00,2.40000e+00,
1.0590619e+00,-0.00000e+00,2.36000e+00,
1.0593549e+00,2.00001e-01,2.40000e+00,
1.0596479e+00,2.00001e-01,2.40000e+00,
1.0599409e+00,-0.00000e+00,2.40000e+00,
1.0602340e+00,2.00001e-01,2.36000e+00,
1.0605270e+00,-0.00000e+00,2.40000e+00,
1.0608200e+00,2.00001e-01,2.40000e+00,
1.0611130e+00,-0.00000e+00,2.40000e+00,
1.0614060e+00,-0.00000e+00,2.40000e+00,
1.0616990e+00,-0.00000e+00,2.40000e+00,
1.0619920e+00,2.00001e-01,2.40000e+00,
1.0622851e+00,-0.00000e+00,2.40000e+00,
1.0625781e+00,2.00001e-01,2.40000e+00,
1.0628711e+00,-0.00000e+00,2.40000e+00,
1.0631641e+00,-0.00000e+00,2.40000e+00,
1.0634571e+00,-0.00000e+00,2.36000e+00,
1.0637501e+00,2.00001e-01,2.40000e+00,
1.0640432e+00,-0.00000e+00,2.40000e+00,
1.0643362e+00,-0.00000e+00,2.40000e+00,
1.0646292e+00,-0.00000e+00,2.40000e+00,
1.0649222e+00,-0.00000e+00,2.40000e+00,
1.0652152e+00,-0.00000e+00,2.40000e+00,
1.0655082e+00,-0.00000e+00,2.40000e+00,
1.0658013e+00,2.00001e-01,2.40000e+00,
1.0660943e+00,-0.00000e+00,2.40000e+00,
1.0663873e+00,-0.00000e+00,2.40000e+00,
1.0666803e+00,2.00001e-01,2.40000e+00,
1.0669733e+00,2.00001e-01,2.40000e+00,
1.0672663e+00,-0.00000e+00,2.40000e+00,
1.0675594e+00,-0.00000e+00,2.40000e+00,
1.0678524e+00,-0.00000e+00,2.40000e+00,
1.0681454e+00,-0.00000e+00,2.40000e+00,
1.0684384e+00,-0.00000e+00,2.40000e+00,
1.0687314e+00,-0.00000e+00,2.40000e+00,
1.0690244e+00,-0.00000e+00,2.40000e+00,
1.0693175e+00,-0.00000e+00,2.40000e+00,
1.0696105e+00,2.00001e-01,2.40000e+00,
1.0699035e+00,-0.00000e+00,2.40000e+00,
1.0701965e+00,-0.00000e+00,2.40000e+00,
1.0704895e+00,-0.00000e+00,2.40000e+00,
1.0707825e+00,-0.00000e+00,2.44000e+00,
1.0710756e+00,2.00001e-01,2.44000e+00,
1.0713686e+00,2.00001e-01,2.40000e+00,
1.0716616e+00,-0.00000e+00,2.40000e+00,
1.0719546e+00,2.00001e-01,2.44000e+00,
1.0722476e+00,-0.00000e+00,2.44000e+00,
1.0725406e+00,-0.00000e+00,2.40000e+00,
1.0728337e+00,2.00001e-01,2.44000e+00,
1.0731267e+00,2.00001e-01,2.44000e+00,
1.0734197e+00,-0.00000e+00,2.44000e+00,
1.0737127e+00,-0.00000e+00,2.48000e+00,
1.0740057e+00,-0.00000e+00,2.40000e+00,
1.0742987e+00,2.00001e-01,2.48000e+00,
1.0745918e+00,2.00001e-01,2.48000e+00,
1.0748848e+00,-0.00000e+00,2.44000e+00,
1.0751778e+00,-0.00000e+00,2.48000e+00,
1.0754708e+00,2.00001e-01,2.48000e+00,
1.0757638e+00,2.00001e-01,2.48000e+00,
1.0760568e+00,-0.00000e+00,2.48000e+00,
1.0763499e+00,-0.00000e+00,2.48000e+00,
1.0766429e+00,-0.00000e+00,2.48000e+00,
1.0769359e+00,2.00001e-01,2.48000e+00,
1.0772289e+00,2.00001e-01,2.48000e+00,
1.0775219e+00,-0.00000e+00,2.48000e+00,
1.0778149e+00,-0.00000e+00,2.48000e+00,
1.0781080e+00,-0.00000e+00,2.48000e+00,
1.0784010e+00,2.00001e-01,2.48000e+00,
1.0786940e+00,-0.00000e+00,2.48000e+00,
1.0789870e+00,-0.00000e+00,2.48000e+00,
1.0792800e+00,-0.00000e+00,2.48000e+00,
1.0795730e+00,-0.00000e+00,2.48000e+00,
1.0798661e+00,-0.00000e+00,2.48000e+00,
1.0801591e+00,-0.00000e+00,2.48000e+00,
1.0804521e+00,-0.00000e+00,2.48000e+00,
1.0807451e+00,-0.00000e+00,2.48000e+00,
1.0810381e+00,-0.00000e+00,2.48000e+00,
1.0813311e+00,-0.00000e+00,2.48000e+00,
1.0816242e+00,-0.00000e+00,2.48000e+00,
1.0819172e+00,-0.00000e+00,2.48000e+00,
1.0822102e+00,-0.00000e+00,2.48000e+00,
1.0825032e+00,5.00000e+00,2.48000e+00,
1.0827962e+00,-0.00000e+00,2.48000e+00,
1.0830892e+00,-0.00000e+00,2.48000e+00,
1.0833822e+00,-0.00000e+00,2.48000e+00,
1.0836753e+00,-0.00000e+00,2.48000e+00,
1.0839683e+00,-0.00000e+00,2.52000e+00,
1.0842613e+00,-0.00000e+00,2.52000e+00,
1.0845543e+00,-0.00000e+00,2.48000e+00,
1.0848473e+00,2.00001e-01,2.52000e+00,
1.0851403e+00,2.00001e-01,2.48000e+00,
1.0854334e+00,-0.00000e+00,2.52000e+00,
1.0857264e+00,-0.00000e+00,2.52000e+00,
1.0860194e+00,-0.00000e+00,2.48000e+00,
1.0863124e+00,-0.00000e+00,2.48000e+00,
1.0866054e+00,-0.00000e+00,2.48000e+00,
1.0868984e+00,-0.00000e+00,2.52000e+00,
1.0871915e+00,-0.00000e+00,2.52000e+00,
1.0874845e+00,-0.00000e+00,2.52000e+00,
1.0877775e+00,-0.00000e+00,2.52000e+00,
1.0880705e+00,-0.00000e+00,2.52000e+00,
1.0883635e+00,-0.00000e+00,2.52000e+00,
1.0886565e+00,-0.00000e+00,2.52000e+00,
1.0889496e+00,-0.00000e+00,2.52000e+00,
1.0892426e+00,-0.00000e+00,2.52000e+00,
1.0895356e+00,-0.00000e+00,2.52000e+00,
1.0898286e+00,-0.00000e+00,2.52000e+00,
1.0901216e+00,-0.00000e+00,2.56000e+00,
1.0904146e+00,-0.00000e+00,2.52000e+00,
1.0907077e+00,2.00001e-01,2.52000e+00,
1.0910007e+00,-0.00000e+00,2.52000e+00,
1.0912937e+00,-0.00000e+00,2.52000e+00,
1.0915867e+00,-0.00000e+00,2.56000e+00,
1.0918797e+00,-0.00000e+00,2.52000e+00,
1.0921727e+00,-0.00000e+00,2.52000e+00,
1.0924658e+00,2.00001e-01,2.56000e+00,
1.0927588e+00,-0.00000e+00,2.56000e+00,
1.0930518e+00,-0.00000e+00,2.52000e+00,
1.0933448e+00,2.00001e-01,2.52000e+00,
1.0936378e+00,-0.00000e+00,2.56000e+00,
1.0939308e+00,2.00001e-01,2.52000e+00,
1.0942239e+00,2.00001e-01,2.56000e+00,
1.0945169e+00,-0.00000e+00,2.56000e+00,
1.0948099e+00,-0.00000e+00,2.52000e+00,
1.0951029e+00,-0.00000e+00,2.52000e+00,
1.0953959e+00,2.00001e-01,2.56000e+00,
1.0956889e+00,-0.00000e+00,2.56000e+00,
1.0959820e+00,-0.00000e+00,2.56000e+00,
1.0962750e+00,2.00001e-01,2.56000e+00,
1.0965680e+00,-0.00000e+00,2.56000e+00,
1.0968610e+00,-0.00000e+00,2.56000e+00,
1.0971540e+00,-0.00000e+00,2.56000e+00,
1.0974470e+00,2.00001e-01,2.56000e+00,
1.0977401e+00,5.00000e+00,2.48000e+00,
1.0980331e+00,-0.00000e+00,2.56000e+00,
1.0983261e+00,-0.00000e+00,2.56000e+00,
1.0986191e+00,-0.00000e+00,2.56000e+00,
1.0989121e+00,-0.00000e+00,2.56000e+00,
1.0992051e+00,-0.00000e+00,2.56000e+00,
1.0994982e+00,-0.00000e+00,2.56000e+00,
1.0997912e+00,-0.00000e+00,2.56000e+00,
1.1000842e+00,-0.00000e+00,2.56000e+00,
1.1003772e+00,-0.00000e+00,2.56000e+00,
1.1006702e+00,2.00001e-01,2.56000e+00,
1.1009632e+00,-0.00000e+00,2.56000e+00,
1.1012563e+00,-0.00000e+00,2.56000e+00,
1.1015493e+00,-0.00000e+00,2.56000e+00,
1.1018423e+00,-0.00000e+00,2.56000e+00,
1.1021353e+00,-0.00000e+00,2.56000e+00,
1.1024283e+00,-0.00000e+00,2.56000e+00,
1.1027213e+00,-0.00000e+00,2.56000e+00,
1.1030143e+00,2.00001e-01,2.56000e+00,
1.1033074e+00,-0.00000e+00,2.56000e+00,
1.1036004e+00,2.00001e-01,2.56000e+00,
1.1038934e+00,-0.00000e+00,2.56000e+00,
1.1041864e+00,-0.00000e+00,2.56000e+00,
1.1044794e+00,2.00001e-01,2.56000e+00,
1.1047724e+00,-0.00000e+00,2.56000e+00,
1.1050655e+00,2.00001e-01,2.56000e+00,
1.1053585e+00,-0.00000e+00,2.56000e+00,
1.1056515e+00,-0.00000e+00,2.56000e+00,
1.1059445e+00,-0.00000e+00,2.56000e+00,
1.1062375e+00,-0.00000e+00,2.56000e+00,
1.1065305e+00,-0.00000e+00,2.56000e+00,
1.1068236e+00,-0.00000e+00,2.56000e+00,
1.1071166e+00,-0.00000e+00,2.56000e+00,
1.1074096e+00,2.00001e-01,2.56000e+00,
1.1077026e+00,-0.00000e+00,2.56000e+00,
1.1079956e+00,-0.00000e+00,2.56000e+00,
1.1082886e+00,2.00001e-01,2.56000e+00,
1.1085817e+00,-0.00000e+00,2.60000e+00,
1.1088747e+00,-0.00000e+00,2.56000e+00,
1.1091677e+00,2.00001e-01,2.56000e+00,
1.1094607e+00,-0.00000e+00,2.60000e+00,
1.1097537e+00,2.00001e-01,2.60000e+00,
1.1100467e+00,2.00001e-01,2.56000e+00,
1.1103398e+00,-0.00000e+00,2.64000e+00,
1.1106328e+00,-0.00000e+00,2.56000e+00,
1.1109258e+00,-0.00000e+00,2.60000e+00,
1.1112188e+00,-0.00000e+00,2.60000e+00,
1.1115118e+00,-0.00000e+00,2.64000e+00,
1.1118048e+00,-0.00000e+00,2.56000e+00,
1.1120979e+00,-0.00000e+00,2.60000e+00,
1.1123909e+00,-0.00000e+00,2.60000e+00,
1.1126839e+00,-0.00000e+00,2.64000e+00,
1.1129769e+00,-0.00000e+00,2.64000e+00,
1.1132699e+00,2.00001e-01,2.64000e+00,
1.1135629e+00,-0.00000e+00,2.64000e+00,
1.1138560e+00,-0.00000e+00,2.64000e+00,
1.1141490e+00,-0.00000e+00,2.64000e+00,
1.1144420e+00,-0.00000e+00,2.64000e+00,
1.1147350e+00,-0.00000e+00,2.64000e+00,
1.1150280e+00,-0.00000e+00,2.64000e+00,
1.1153210e+00,-0.00000e+00,2.64000e+00,
1.1156141e+00,-0.00000e+00,2.64000e+00,
1.1159071e+00,-0.00000e+00,2.64000e+00,
1.1162001e+00,-0.00000e+00,2.64000e+00,
1.1164931e+00,-0.00000e+00,2.64000e+00,
1.1167861e+00,-0.00000e+00,2.56000e+00,
1.1170791e+00,-0.00000e+00,2.64000e+00,
1.1173722e+00,-0.00000e+00,2.64000e+00,
1.1176652e+00,-0.00000e+00,2.64000e+00,
1.1179582e+00,-0.00000e+00,2.64000e+00,
1.1182512e+00,-0.00000e+00,2.64000e+00,
1.1185442e+00,-0.00000e+00,2.64000e+00,
1.1188372e+00,-0.00000e+00,2.64000e+00,
1.1191303e+00,-0.00000e+00,2.64000e+00,
1.1194233e+00,-0.00000e+00,2.64000e+00,
1.1197163e+00,-0.00000e+00,2.64000e+00,
1.1200093e+00,2.00001e-01,2.64000e+00,
1.1203023e+00,-0.00000e+00,2.68000e+00,
1.1205953e+00,-0.00000e+00,2.64000e+00,
1.1208884e+00,-0.00000e+00,2.64000e+00,
1.1211814e+00,2.00001e-01,2.64000e+00,
1.1214744e+00,2.00001e-01,2.64000e+00,
1.1217674e+00,2.00001e-01,2.68000e+00,
1.1220604e+00,-0.00000e+00,2.68000e+00,
1.1223534e+00,-0.00000e+00,2.64000e+00,
1.1226465e+00,-0.00000e+00,2.72000e+00,
1.1229395e+00,2.00001e-01,2.68000e+00,
1.1232325e+00,-0.00000e+00,2.68000e+00,
1.1235255e+00,-0.00000e+00,2.68000e+00,
1.1238185e+00,-0.00000e+00,2.68000e+00,
1.1241115e+00,-0.00000e+00,2.68000e+00,
1.1244045e+00,-0.00000e+00,2.68000e+00,
1.1246976e+00,-0.00000e+00,2.68000e+00,
1.1249906e+00,-0.00000e+00,2.68000e+00,
1.1252836e+00,-0.00000e+00,2.72000e+00,
1.1255766e+00,-0.00000e+00,2.68000e+00,
1.1258696e+00,-0.00000e+00,2.68000e+00,
1.1261626e+00,-0.00000e+00,2.72000e+00,
1.1264557e+00,-0.00000e+00,2.68000e+00,
1.1267487e+00,-0.00000e+00,2.68000e+00,
1.1270417e+00,-0.00000e+00,2.68000e+00,
1.1273347e+00,-0.00000e+00,2.68000e+00,
1.1276277e+00,-0.00000e+00,2.68000e+00,
1.1279207e+00,-0.00000e+00,2.68000e+00,
1.1282138e+00,-0.00000e+00,2.72000e+00,
1.1285068e+00,-0.00000e+00,2.72000e+00,
1.1287998e+00,-0.00000e+00,2.72000e+00,
1.1290928e+00,-0.00000e+00,2.72000e+00,
1.1293858e+00,-0.00000e+00,2.72000e+00,
1.1296788e+00,-0.00000e+00,2.72000e+00,
1.1299719e+00,-0.00000e+00,2.72000e+00,
1.1302649e+00,2.00001e-01,2.72000e+00,
1.1305579e+00,-0.00000e+00,2.72000e+00,
1.1308509e+00,-0.00000e+00,2.68000e+00,
1.1311439e+00,2.00001e-01,2.72000e+00,
1.1314369e+00,-0.00000e+00,2.72000e+00,
1.1317300e+00,-0.00000e+00,2.72000e+00,
1.1320230e+00,-0.00000e+00,2.72000e+00,
1.1323160e+00,2.00001e-01,2.72000e+00,
1.1326090e+00,-0.00000e+00,2.72000e+00,
1.1329020e+00,2.00001e-01,2.72000e+00,
1.1331950e+00,-0.00000e+00,2.72000e+00,
1.1334881e+00,-0.00000e+00,2.72000e+00,
1.1337811e+00,2.00001e-01,2.72000e+00,
1.1340741e+00,2.00001e-01,2.72000e+00,
1.1343671e+00,-0.00000e+00,2.72000e+00,
1.1346601e+00,-0.00000e+00,2.72000e+00,
1.1349531e+00,2.00001e-01,2.72000e+00,
1.1352462e+00,-0.00000e+00,2.72000e+00,
1.1355392e+00,-0.00000e+00,2.72000e+00,
1.1358322e+00,-0.00000e+00,2.72000e+00,
1.1361252e+00,-0.00000e+00,2.72000e+00,
1.1364182e+00,-0.00000e+00,2.72000e+00,
1.1367112e+00,-0.00000e+00,2.72000e+00,
1.1370043e+00,2.00001e-01,2.72000e+00,
1.1372973e+00,-0.00000e+00,2.72000e+00,
1.1375903e+00,-0.00000e+00,2.72000e+00,
1.1378833e+00,-0.00000e+00,2.72000e+00,
1.1381763e+00,-0.00000e+00,2.72000e+00,
1.1384693e+00,2.00001e-01,2.76000e+00,
1.1387624e+00,2.00001e-01,2.72000e+00,
1.1390554e+00,-0.00000e+00,2.72000e+00,
1.1393484e+00,2.00001e-01,2.72000e+00,
1.1396414e+00,-0.00000e+00,2.72000e+00,
1.1399344e+00,2.00001e-01,2.72000e+00,
1.1402274e+00,-0.00000e+00,2.72000e+00,
1.1405205e+00,-0.00000e+00,2.72000e+00,
1.1408135e+00,-0.00000e+00,2.72000e+00,
1.1411065e+00,-0.00000e+00,2.76000e+00,
1.1413995e+00,2.00001e-01,2.72000e+00,
1.1416925e+00,-0.00000e+00,2.72000e+00,
1.1419855e+00,2.00001e-01,2.76000e+00,
1.1422786e+00,2.00001e-01,2.72000e+00,
1.1425716e+00,-0.00000e+00,2.72000e+00,
1.1428646e+00,-0.00000e+00,2.72000e+00,
1.1431576e+00,-0.00000e+00,2.72000e+00,
1.1434506e+00,-0.00000e+00,2.80000e+00,
1.1437436e+00,2.00001e-01,2.72000e+00,
1.1440367e+00,-0.00000e+00,2.80000e+00,
1.1443297e+00,-0.00000e+00,2.76000e+00,
1.1446227e+00,-0.00000e+00,2.76000e+00,
1.1449157e+00,2.00001e-01,2.76000e+00,
1.1452087e+00,-0.00000e+00,2.80000e+00,
1.1455017e+00,2.00001e-01,2.80000e+00,
1.1457947e+00,-0.00000e+00,2.76000e+00,
1.1460878e+00,2.00001e-01,2.76000e+00,
1.1463808e+00,-0.00000e+00,2.76000e+00,
1.1466738e+00,2.00001e-01,2.80000e+00,
1.1469668e+00,-0.00000e+00,2.80000e+00,
1.1472598e+00,-0.00000e+00,2.80000e+00,
1.1475528e+00,-0.00000e+00,2.80000e+00,
1.1478459e+00,-0.00000e+00,2.76000e+00,
1.1481389e+00,-0.00000e+00,2.80000e+00,
1.1484319e+00,-0.00000e+00,2.80000e+00,
1.1487249e+00,-0.00000e+00,2.80000e+00,
1.1490179e+00,-0.00000e+00,2.72000e+00,
1.1493109e+00,-0.00000e+00,2.80000e+00,
1.1496040e+00,-0.00000e+00,2.80000e+00,
1.1498970e+00,-0.00000e+00,2.80000e+00,
1.1501900e+00,-0.00000e+00,2.80000e+00,
1.1504830e+00,-0.00000e+00,2.80000e+00,
1.1507760e+00,-0.00000e+00,2.80000e+00,
1.1510690e+00,-0.00000e+00,2.80000e+00,
1.1513621e+00,-0.00000e+00,2.80000e+00,
1.1516551e+00,-0.00000e+00,2.80000e+00,
1.1519481e+00,2.00001e-01,2.80000e+00,
1.1522411e+00,-0.00000e+00,2.80000e+00,
1.1525341e+00,-0.00000e+00,2.80000e+00,
1.1528271e+00,-0.00000e+00,2.80000e+00,
1.1531202e+00,-0.00000e+00,2.80000e+00,
1.1534132e+00,-0.00000e+00,2.80000e+00,
1.1537062e+00,-0.00000e+00,2.72000e+00,
1.1539992e+00,-0.00000e+00,2.80000e+00,
1.1542922e+00,-0.00000e+00,2.80000e+00,
1.1545852e+00,-0.00000e+00,2.80000e+00,
1.1548783e+00,-0.00000e+00,2.80000e+00,
1.1551713e+00,2.00001e-01,2.80000e+00,
1.1554643e+00,-0.00000e+00,2.80000e+00,
1.1557573e+00,-0.00000e+00,2.80000e+00,
1.1560503e+00,-0.00000e+00,2.84000e+00,
1.1563433e+00,-0.00000e+00,2.80000e+00,
1.1566364e+00,-0.00000e+00,2.80000e+00,
1.1569294e+00,-0.00000e+00,2.84000e+00,
1.1572224e+00,-0.00000e+00,2.84000e+00,
1.1575154e+00,-0.00000e+00,2.80000e+00,
1.1578084e+00,-0.00000e+00,2.84000e+00,
1.1581014e+00,-0.00000e+00,2.84000e+00,
1.1583945e+00,-0.00000e+00,2.84000e+00,
1.1586875e+00,-0.00000e+00,2.84000e+00,
1.1589805e+00,-0.00000e+00,2.84000e+00,
1.1592735e+00,-0.00000e+00,2.84000e+00,
1.1595665e+00,-0.00000e+00,2.84000e+00,
1.1598595e+00,-0.00000e+00,2.84000e+00,
1.1601526e+00,2.00001e-01,2.84000e+00,
1.1604456e+00,-0.00000e+00,2.84000e+00,
1.1607386e+00,-0.00000e+00,2.88000e+00,
1.1610316e+00,-0.00000e+00,2.84000e+00,
1.1613246e+00,-0.00000e+00,2.84000e+00,
1.1616176e+00,2.00001e-01,2.88000e+00,
1.1619107e+00,-0.00000e+00,2.84000e+00,
1.1622037e+00,-0.00000e+00,2.84000e+00,
1.1624967e+00,2.00001e-01,2.84000e+00,
1.1627897e+00,2.00001e-01,2.88000e+00,
1.1630827e+00,-0.00000e+00,2.88000e+00,
1.1633757e+00,-0.00000e+00,2.88000e+00,
1.1636688e+00,-0.00000e+00,2.84000e+00,
1.1639618e+00,-0.00000e+00,2.88000e+00,
1.1642548e+00,-0.00000e+00,2.84000e+00,
1.1645478e+00,2.00001e-01,2.88000e+00,
1.1648408e+00,-0.00000e+00,2.84000e+00,
1.1651338e+00,2.00001e-01,2.88000e+00,
1.1654269e+00,-0.00000e+00,2.88000e+00,
1.1657199e+00,-0.00000e+00,2.88000e+00,
1.1660129e+00,-0.00000e+00,2.88000e+00,
1.1663059e+00,-0.00000e+00,2.88000e+00,
1.1665989e+00,-0.00000e+00,2.88000e+00,
1.1668919e+00,-0.00000e+00,2.88000e+00,
1.1671849e+00,-0.00000e+00,2.88000e+00,
1.1674780e+00,-0.00000e+00,2.88000e+00,
1.1677710e+00,-0.00000e+00,2.88000e+00,
1.1680640e+00,2.00001e-01,2.88000e+00,
1.1683570e+00,-0.00000e+00,2.88000e+00,
1.1686500e+00,-0.00000e+00,2.88000e+00,
1.1689430e+00,-0.00000e+00,2.88000e+00,
1.1692361e+00,-0.00000e+00,2.88000e+00,
1.1695291e+00,-0.00000e+00,2.88000e+00,
1.1698221e+00,-0.00000e+00,2.88000e+00,
1.1701151e+00,2.00001e-01,2.88000e+00,
1.1704081e+00,-0.00000e+00,2.88000e+00,
1.1707011e+00,-0.00000e+00,2.88000e+00,
1.1709942e+00,2.00001e-01,2.88000e+00,
1.1712872e+00,-0.00000e+00,2.88000e+00,
1.1715802e+00,-0.00000e+00,2.88000e+00,
1.1718732e+00,2.00001e-01,2.88000e+00,
1.1721662e+00,-0.00000e+00,2.88000e+00,
1.1724592e+00,-0.00000e+00,2.88000e+00,
1.1727523e+00,-0.00000e+00,2.88000e+00,
1.1730453e+00,-0.00000e+00,2.88000e+00,
1.1733383e+00,-0.00000e+00,2.88000e+00,
1.1736313e+00,-0.00000e+00,2.88000e+00,
1.1739243e+00,-0.00000e+00,2.88000e+00,
1.1742173e+00,2.00001e-01,2.88000e+00,
1.1745104e+00,-0.00000e+00,2.88000e+00,
1.1748034e+00,-0.00000e+00,2.92000e+00,
1.1750964e+00,-0.00000e+00,2.92000e+00,
1.1753894e+00,-0.00000e+00,2.88000e+00,
1.1756824e+00,2.00001e-01,2.96000e+00,
1.1759754e+00,-0.00000e+00,2.88000e+00,
1.1762685e+00,-0.00000e+00,2.88000e+00,
1.1765615e+00,-0.00000e+00,2.92000e+00,
1.1768545e+00,-0.00000e+00,2.88000e+00,
1.1771475e+00,-0.00000e+00,2.92000e+00,
1.1774405e+00,-0.00000e+00,2.92000e+00,
1.1777335e+00,2.00001e-01,2.92000e+00,
1.1780266e+00,2.00001e-01,2.92000e+00,
1.1783196e+00,-0.00000e+00,2.92000e+00,
1.1786126e+00,-0.00000e+00,2.96000e+00,
1.1789056e+00,-0.00000e+00,2.88000e+00,
1.1791986e+00,-0.00000e+00,2.92000e+00,
1.1794916e+00,-0.00000e+00,2.96000e+00,
1.1797847e+00,-0.00000e+00,2.92000e+00,
1.1800777e+00,-0.00000e+00,2.96000e+00,
1.1803707e+00,-0.00000e+00,2.92000e+00,
1.1806637e+00,-0.00000e+00,2.92000e+00,
1.1809567e+00,-0.00000e+00,2.96000e+00,
1.1812497e+00,-0.00000e+00,2.96000e+00,
1.1815428e+00,-0.00000e+00,2.96000e+00,
1.1818358e+00,-0.00000e+00,2.96000e+00,
1.1821288e+00,-0.00000e+00,2.96000e+00,
1.1824218e+00,-0.00000e+00,2.96000e+00,
1.1827148e+00,-0.00000e+00,2.96000e+00,
1.1830078e+00,-0.00000e+00,2.96000e+00,
1.1833009e+00,-0.00000e+00,2.96000e+00,
1.1835939e+00,-0.00000e+00,2.92000e+00,
1.1838869e+00,-0.00000e+00,2.96000e+00,
1.1841799e+00,-0.00000e+00,2.96000e+00,
1.1844729e+00,-0.00000e+00,2.96000e+00,
1.1847659e+00,-0.00000e+00,2.96000e+00,
1.1850590e+00,-0.00000e+00,2.96000e+00,
1.1853520e+00,-0.00000e+00,2.96000e+00,
1.1856450e+00,2.00001e-01,2.96000e+00,
1.1859380e+00,-0.00000e+00,2.96000e+00,
1.1862310e+00,-0.00000e+00,2.96000e+00,
1.1865240e+00,-0.00000e+00,2.96000e+00,
1.1868170e+00,-0.00000e+00,2.96000e+00,
1.1871101e+00,-0.00000e+00,2.96000e+00,
1.1874031e+00,-0.00000e+00,3.00000e+00,
1.1876961e+00,-0.00000e+00,3.00000e+00,
1.1879891e+00,-0.00000e+00,2.96000e+00,
1.1882821e+00,-0.00000e+00,3.00000e+00,
1.1885751e+00,-0.00000e+00,2.96000e+00,
1.1888682e+00,2.00001e-01,3.00000e+00,
1.1891612e+00,2.00001e-01,2.96000e+00,
1.1894542e+00,-0.00000e+00,3.00000e+00,
1.1897472e+00,-0.00000e+00,3.00000e+00,
1.1900402e+00,-0.00000e+00,3.00000e+00,
1.1903332e+00,-0.00000e+00,3.00000e+00,
1.1906263e+00,-0.00000e+00,2.96000e+00,
1.1909193e+00,-0.00000e+00,3.00000e+00,
1.1912123e+00,2.00001e-01,3.00000e+00,
1.1915053e+00,-0.00000e+00,3.04000e+00,
1.1917983e+00,-0.00000e+00,3.00000e+00,
1.1920913e+00,-0.00000e+00,3.00000e+00,
1.1923844e+00,-0.00000e+00,3.00000e+00,
1.1926774e+00,-0.00000e+00,3.00000e+00,
1.1929704e+00,-0.00000e+00,3.04000e+00,
1.1932634e+00,-0.00000e+00,3.00000e+00,
1.1935564e+00,-0.00000e+00,3.04000e+00,
1.1938494e+00,-0.00000e+00,3.00000e+00,
1.1941425e+00,-0.00000e+00,3.00000e+00,
1.1944355e+00,-0.00000e+00,3.00000e+00,
1.1947285e+00,-0.00000e+00,3.00000e+00,
1.1950215e+00,-0.00000e+00,3.04000e+00,
1.1953145e+00,-0.00000e+00,3.00000e+00,
1.1956075e+00,2.00001e-01,3.00000e+00,
1.1959006e+00,-0.00000e+00,3.04000e+00,
1.1961936e+00,-0.00000e+00,3.04000e+00,
1.1964866e+00,2.00001e-01,3.04000e+00,
1.1967796e+00,-0.00000e+00,3.04000e+00,
1.1970726e+00,-0.00000e+00,3.04000e+00,
1.1973656e+00,2.00001e-01,3.00000e+00,
1.1976587e+00,-0.00000e+00,3.04000e+00,
1.1979517e+00,-0.00000e+00,3.04000e+00,
1.1982447e+00,-0.00000e+00,3.04000e+00,
1.1985377e+00,-0.00000e+00,3.00000e+00,
1.1988307e+00,-0.00000e+00,3.04000e+00,
1.1991237e+00,1.50000e+01,5.04000e+00,
1.1994168e+00,1.50000e+01,4.76000e+00,
1.1997098e+00,1.50000e+01,2.92000e+00,
