Time,X(CH1),X(CH2),
Second,Volt,Volt,
-6.0000002e-01,-0.00000e+00,4.80000e-01,
-5.9985352e-01,-0.00000e+00,4.80000e-01,
-5.9970701e-01,-0.00000e+00,4.80000e-01,
-5.9956050e-01,-0.00000e+00,4.80000e-01,
-5.9941399e-01,-0.00000e+00,4.80000e-01,
-5.9926748e-01,-0.00000e+00,4.80000e-01,
-5.9912097e-01,-0.00000e+00,4.80000e-01,
-5.9897447e-01,-0.00000e+00,4.80000e-01,
-5.9882796e-01,-0.00000e+00,4.80000e-01,
-5.9868145e-01,-0.00000e+00,4.80000e-01,
-5.9853494e-01,-0.00000e+00,4.80000e-01,
-5.9838843e-01,-0.00000e+00,4.80000e-01,
-5.9824193e-01,-0.00000e+00,4.80000e-01,
-5.9809542e-01,-0.00000e+00,4.80000e-01,
-5.9794891e-01,-0.00000e+00,4.80000e-01,
-5.9780240e-01,-0.00000e+00,4.80000e-01,
-5.9765589e-01,-0.00000e+00,4.80000e-01,
-5.9750938e-01,-0.00000e+00,4.80000e-01,
-5.9736288e-01,-0.00000e+00,4.80000e-01,
-5.9721637e-01,-0.00000e+00,5.00000e-01,
-5.9706986e-01,2.00001e-01,4.80000e-01,
-5.9692335e-01,2.00001e-01,5.00000e-01,
-5.9677684e-01,-0.00000e+00,5.00000e-01,
-5.9663033e-01,-0.00000e+00,5.00000e-01,
-5.9648383e-01,-0.00000e+00,4.80000e-01,
-5.9633732e-01,-0.00000e+00,4.80000e-01,
-5.9619081e-01,2.00001e-01,5.00000e-01,
-5.9604430e-01,-0.00000e+00,4.80000e-01,
-5.9589779e-01,-0.00000e+00,5.00000e-01,
-5.9575129e-01,-0.00000e+00,5.00000e-01,
-5.9560478e-01,-0.00000e+00,5.00000e-01,
-5.9545827e-01,-0.00000e+00,4.80000e-01,
-5.9531176e-01,-0.00000e+00,4.80000e-01,
-5.9516525e-01,-0.00000e+00,5.00000e-01,
-5.9501874e-01,-0.00000e+00,5.00000e-01,
-5.9487224e-01,-0.00000e+00,5.00000e-01,
-5.9472573e-01,2.00001e-01,5.00000e-01,
-5.9457922e-01,2.00001e-01,5.00000e-01,
-5.9443271e-01,-0.00000e+00,5.00000e-01,
-5.9428620e-01,-0.00000e+00,4.80000e-01,
-5.9413970e-01,-0.00000e+00,4.80000e-01,
-5.9399319e-01,-0.00000e+00,4.80000e-01,
-5.9384668e-01,-0.00000e+00,4.80000e-01,
-5.9370017e-01,-0.00000e+00,4.80000e-01,
-5.9355366e-01,-0.00000e+00,4.80000e-01,
-5.9340715e-01,-0.00000e+00,4.80000e-01,
-5.9326065e-01,2.00001e-01,4.80000e-01,
-5.9311414e-01,-0.00000e+00,5.00000e-01,
-5.9296763e-01,2.00001e-01,4.80000e-01,
-5.9282112e-01,-0.00000e+00,4.60000e-01,
-5.9267461e-01,-0.00000e+00,4.60000e-01,
-5.9252810e-01,-0.00000e+00,4.80000e-01,
-5.9238160e-01,-0.00000e+00,4.60000e-01,
-5.9223509e-01,-0.00000e+00,4.60000e-01,
-5.9208858e-01,-0.00000e+00,4.60000e-01,
-5.9194207e-01,-0.00000e+00,4.60000e-01,
-5.9179556e-01,-0.00000e+00,4.80000e-01,
-5.9164906e-01,-0.00000e+00,4.60000e-01,
-5.9150255e-01,-0.00000e+00,4.60000e-01,
-5.9135604e-01,-0.00000e+00,4.80000e-01,
-5.9120953e-01,2.00001e-01,4.60000e-01,
-5.9106302e-01,-0.00000e+00,4.60000e-01,
-5.9091651e-01,-0.00000e+00,4.60000e-01,
-5.9077001e-01,-0.00000e+00,4.60000e-01,
-5.9062350e-01,-0.00000e+00,4.60000e-01,
-5.9047699e-01,2.00001e-01,4.60000e-01,
-5.9033048e-01,-0.00000e+00,4.60000e-01,
-5.9018397e-01,-0.00000e+00,4.60000e-01,
-5.9003747e-01,-0.00000e+00,4.60000e-01,
-5.8989096e-01,-0.00000e+00,4.60000e-01,
-5.8974445e-01,-0.00000e+00,4.60000e-01,
-5.8959794e-01,-0.00000e+00,4.60000e-01,
-5.8945143e-01,-0.00000e+00,4.60000e-01,
-5.8930492e-01,-0.00000e+00,4.60000e-01,
-5.8915842e-01,2.00001e-01,4.60000e-01,
-5.8901191e-01,-0.00000e+00,4.60000e-01,
-5.8886540e-01,2.00001e-01,4.60000e-01,
-5.8871889e-01,-0.00000e+00,4.60000e-01,
-5.8857238e-01,-0.00000e+00,4.60000e-01,
-5.8842587e-01,-0.00000e+00,4.40000e-01,
-5.8827937e-01,-0.00000e+00,4.40000e-01,
-5.8813286e-01,-0.00000e+00,4.60000e-01,
-5.8798635e-01,2.00001e-01,4.60000e-01,
-5.8783984e-01,-0.00000e+00,4.40000e-01,
-5.8769333e-01,-0.00000e+00,4.40000e-01,
-5.8754683e-01,-0.00000e+00,4.40000e-01,
-5.8740032e-01,-0.00000e+00,4.40000e-01,
-5.8725381e-01,-0.00000e+00,4.60000e-01,
-5.8710730e-01,-0.00000e+00,4.40000e-01,
-5.8696079e-01,-0.00000e+00,4.40000e-01,
-5.8681428e-01,-0.00000e+00,4.40000e-01,
-5.8666778e-01,-0.00000e+00,4.40000e-01,
-5.8652127e-01,-0.00000e+00,4.40000e-01,
-5.8637476e-01,2.00001e-01,4.20000e-01,
-5.8622825e-01,-0.00000e+00,4.20000e-01,
-5.8608174e-01,-0.00000e+00,4.20000e-01,
-5.8593524e-01,-0.00000e+00,4.20000e-01,
-5.8578873e-01,-0.00000e+00,4.00000e-01,
-5.8564222e-01,2.00001e-01,4.00000e-01,
-5.8549571e-01,2.00001e-01,4.00000e-01,
-5.8534920e-01,-0.00000e+00,3.80000e-01,
-5.8520269e-01,2.00001e-01,3.80000e-01,
-5.8505619e-01,-0.00000e+00,3.80000e-01,
-5.8490968e-01,-0.00000e+00,3.80000e-01,
-5.8476317e-01,2.00001e-01,3.80000e-01,
-5.8461666e-01,-0.00000e+00,3.80000e-01,
-5.8447015e-01,-0.00000e+00,3.60000e-01,
-5.8432364e-01,-0.00000e+00,3.60000e-01,
-5.8417714e-01,-0.00000e+00,3.40000e-01,
-5.8403063e-01,2.00001e-01,3.40000e-01,
-5.8388412e-01,-0.00000e+00,3.40000e-01,
-5.8373761e-01,-0.00000e+00,3.20000e-01,
-5.8359110e-01,-0.00000e+00,3.00000e-01,
-5.8344460e-01,-0.00000e+00,3.00000e-01,
-5.8329809e-01,-0.00000e+00,2.80000e-01,
-5.8315158e-01,2.00001e-01,2.80000e-01,
-5.8300507e-01,-0.00000e+00,2.80000e-01,
-5.8285856e-01,2.00001e-01,2.60000e-01,
-5.8271205e-01,-0.00000e+00,2.60000e-01,
-5.8256555e-01,2.00001e-01,2.40000e-01,
-5.8241904e-01,2.00001e-01,2.20000e-01,
-5.8227253e-01,-0.00000e+00,2.20000e-01,
-5.8212602e-01,2.00001e-01,2.00000e-01,
-5.8197951e-01,2.00001e-01,2.20000e-01,
-5.8183300e-01,-0.00000e+00,1.80000e-01,
-5.8168650e-01,-0.00000e+00,1.80000e-01,
-5.8153999e-01,-0.00000e+00,1.80000e-01,
-5.8139348e-01,-0.00000e+00,1.60000e-01,
-5.8124697e-01,2.00001e-01,1.40000e-01,
-5.8110046e-01,2.00001e-01,1.40000e-01,
-5.8095396e-01,2.00001e-01,1.40000e-01,
-5.8080745e-01,-0.00000e+00,1.40000e-01,
-5.8066094e-01,-0.00000e+00,1.20000e-01,
-5.8051443e-01,-0.00000e+00,1.20000e-01,
-5.8036792e-01,-0.00000e+00,1.00000e-01,
-5.8022141e-01,-0.00000e+00,1.00000e-01,
-5.8007491e-01,-0.00000e+00,8.00000e-02,
-5.7992840e-01,-0.00000e+00,6.00001e-02,
-5.7978189e-01,-0.00000e+00,6.00001e-02,
-5.7963538e-01,-0.00000e+00,6.00001e-02,
-5.7948887e-01,-0.00000e+00,6.00001e-02,
-5.7934237e-01,2.00001e-01,4.00001e-02,
-5.7919586e-01,-0.00000e+00,4.00001e-02,
-5.7904935e-01,-0.00000e+00,2.00001e-02,
-5.7890284e-01,-0.00000e+00,2.00001e-02,
-5.7875633e-01,-0.00000e+00,-3.99998e-02,
-5.7860982e-01,-0.00000e+00,-3.99998e-02,
-5.7846332e-01,-0.00000e+00,-3.99998e-02,
-5.7831681e-01,-0.00000e+00,-3.99998e-02,
-5.7817030e-01,-0.00000e+00,-5.99999e-02,
-5.7802379e-01,-0.00000e+00,-5.99999e-02,
-5.7787728e-01,-0.00000e+00,-7.99999e-02,
-5.7773077e-01,-0.00000e+00,-7.99999e-02,
-5.7758427e-01,-0.00000e+00,-9.99999e-02,
-5.7743776e-01,2.00001e-01,-1.20000e-01,
-5.7729125e-01,2.00001e-01,-1.20000e-01,
-5.7714474e-01,2.00001e-01,-1.20000e-01,
-5.7699823e-01,-0.00000e+00,-1.40000e-01,
-5.7685173e-01,-0.00000e+00,-1.40000e-01,
-5.7670522e-01,-0.00000e+00,-1.60000e-01,
-5.7655871e-01,-0.00000e+00,-1.60000e-01,
-5.7641220e-01,-0.00000e+00,-1.60000e-01,
-5.7626569e-01,2.00001e-01,-1.60000e-01,
-5.7611918e-01,-0.00000e+00,-2.00000e-01,
-5.7597268e-01,-0.00000e+00,-2.00000e-01,
-5.7582617e-01,-0.00000e+00,-2.00000e-01,
-5.7567966e-01,-0.00000e+00,-2.00000e-01,
-5.7553315e-01,-0.00000e+00,-2.20000e-01,
-5.7538664e-01,2.00001e-01,-2.40000e-01,
-5.7524014e-01,-0.00000e+00,-2.40000e-01,
-5.7509363e-01,-0.00000e+00,-2.40000e-01,
-5.7494712e-01,-0.00000e+00,-2.60000e-01,
-5.7480061e-01,-0.00000e+00,-2.80000e-01,
-5.7465410e-01,-0.00000e+00,-2.80000e-01,
-5.7450759e-01,-0.00000e+00,-2.80000e-01,
-5.7436109e-01,-0.00000e+00,-2.80000e-01,
-5.7421458e-01,-0.00000e+00,-2.80000e-01,
-5.7406807e-01,-0.00000e+00,-3.00000e-01,
-5.7392156e-01,-0.00000e+00,-3.20000e-01,
-5.7377505e-01,-0.00000e+00,-3.20000e-01,
-5.7362854e-01,-0.00000e+00,-3.20000e-01,
-5.7348204e-01,-0.00000e+00,-3.40000e-01,
-5.7333553e-01,-0.00000e+00,-3.40000e-01,
-5.7318902e-01,-0.00000e+00,-3.60000e-01,
-5.7304251e-01,-0.00000e+00,-3.60000e-01,
-5.7289600e-01,-0.00000e+00,-3.60000e-01,
-5.7274950e-01,-0.00000e+00,-3.80000e-01,
-5.7260299e-01,-0.00000e+00,-3.80000e-01,
-5.7245648e-01,-0.00000e+00,-4.00000e-01,
-5.7230997e-01,2.00001e-01,-4.00000e-01,
-5.7216346e-01,-0.00000e+00,-4.00000e-01,
-5.7201695e-01,2.00001e-01,-4.20000e-01,
-5.7187045e-01,-0.00000e+00,-4.40000e-01,
-5.7172394e-01,-0.00000e+00,-4.40000e-01,
-5.7157743e-01,-0.00000e+00,-4.40000e-01,
-5.7143092e-01,-0.00000e+00,-4.60000e-01,
-5.7128441e-01,-0.00000e+00,-4.40000e-01,
-5.7113791e-01,-0.00000e+00,-4.60000e-01,
-5.7099140e-01,-0.00000e+00,-4.60000e-01,
-5.7084489e-01,-0.00000e+00,-4.80000e-01,
-5.7069838e-01,-0.00000e+00,-4.80000e-01,
-5.7055187e-01,-0.00000e+00,-4.80000e-01,
-5.7040536e-01,-0.00000e+00,-5.00000e-01,
-5.7025886e-01,-0.00000e+00,-5.20000e-01,
-5.7011235e-01,-0.00000e+00,-5.20000e-01,
-5.6996584e-01,-0.00000e+00,-5.20000e-01,
-5.6981933e-01,-0.00000e+00,-5.20000e-01,
-5.6967282e-01,-0.00000e+00,-5.20000e-01,
-5.6952631e-01,-0.00000e+00,-5.60000e-01,
-5.6937981e-01,-0.00000e+00,-5.40000e-01,
-5.6923330e-01,-0.00000e+00,-5.60000e-01,
-5.6908679e-01,-0.00000e+00,-5.80000e-01,
-5.6894028e-01,-0.00000e+00,-5.80000e-01,
-5.6879377e-01,-0.00000e+00,-5.80000e-01,
-5.6864727e-01,-0.00000e+00,-6.00000e-01,
-5.6850076e-01,-0.00000e+00,-6.00000e-01,
-5.6835425e-01,-0.00000e+00,-6.00000e-01,
-5.6820774e-01,-0.00000e+00,-6.20000e-01,
-5.6806123e-01,2.00001e-01,-6.20000e-01,
-5.6791472e-01,-0.00000e+00,-6.20000e-01,
-5.6776822e-01,-0.00000e+00,-6.40000e-01,
-5.6762171e-01,-0.00000e+00,-6.40000e-01,
-5.6747520e-01,-0.00000e+00,-6.40000e-01,
-5.6732869e-01,2.00001e-01,-6.60000e-01,
-5.6718218e-01,-0.00000e+00,-6.80000e-01,
-5.6703568e-01,-0.00000e+00,-6.80000e-01,
-5.6688917e-01,-0.00000e+00,-6.80000e-01,
-5.6674266e-01,-0.00000e+00,-7.00000e-01,
-5.6659615e-01,-0.00000e+00,-7.00000e-01,
-5.6644964e-01,-0.00000e+00,-7.00000e-01,
-5.6630313e-01,-0.00000e+00,-7.20000e-01,
-5.6615663e-01,-0.00000e+00,-7.20000e-01,
-5.6601012e-01,-0.00000e+00,-7.20000e-01,
-5.6586361e-01,-0.00000e+00,-7.40000e-01,
-5.6571710e-01,2.00001e-01,-7.40000e-01,
-5.6557059e-01,-0.00000e+00,-7.60000e-01,
-5.6542408e-01,-0.00000e+00,-7.60000e-01,
-5.6527758e-01,-0.00000e+00,-7.60000e-01,
-5.6513107e-01,-0.00000e+00,-7.60000e-01,
-5.6498456e-01,-0.00000e+00,-7.80000e-01,
-5.6483805e-01,-0.00000e+00,-7.80000e-01,
-5.6469154e-01,-0.00000e+00,-7.80000e-01,
-5.6454504e-01,-0.00000e+00,-8.00000e-01,
-5.6439853e-01,-0.00000e+00,-8.00000e-01,
-5.6425202e-01,-0.00000e+00,-8.20000e-01,
-5.6410551e-01,-0.00000e+00,-8.20000e-01,
-5.6395900e-01,-0.00000e+00,-8.20000e-01,
-5.6381249e-01,-0.00000e+00,-8.60000e-01,
-5.6366599e-01,-0.00000e+00,-8.60000e-01,
-5.6351948e-01,-0.00000e+00,-8.60000e-01,
-5.6337297e-01,-0.00000e+00,-8.60000e-01,
-5.6322646e-01,-0.00000e+00,-8.60000e-01,
-5.6307995e-01,-0.00000e+00,-8.80000e-01,
-5.6293344e-01,-0.00000e+00,-8.80000e-01,
-5.6278694e-01,-0.00000e+00,-8.80000e-01,
-5.6264043e-01,-0.00000e+00,-9.00000e-01,
-5.6249392e-01,-0.00000e+00,-9.00000e-01,
-5.6234741e-01,-0.00000e+00,-9.20000e-01,
-5.6220090e-01,-0.00000e+00,-9.40000e-01,
-5.6205440e-01,-0.00000e+00,-9.40000e-01,
-5.6190789e-01,-0.00000e+00,-9.40000e-01,
-5.6176138e-01,-0.00000e+00,-9.40000e-01,
-5.6161487e-01,-0.00000e+00,-9.40000e-01,
-5.6146836e-01,-0.00000e+00,-9.40000e-01,
-5.6132185e-01,-0.00000e+00,-9.40000e-01,
-5.6117535e-01,2.00001e-01,-9.60000e-01,
-5.6102884e-01,-0.00000e+00,-9.60000e-01,
-5.6088233e-01,-0.00000e+00,-9.80000e-01,
-5.6073582e-01,-0.00000e+00,-9.80000e-01,
-5.6058931e-01,-0.00000e+00,-9.80000e-01,
-5.6044281e-01,-0.00000e+00,-1.00000e+00,
-5.6029630e-01,2.00001e-01,-1.00000e+00,
-5.6014979e-01,-0.00000e+00,-1.02000e+00,
-5.6000328e-01,-0.00000e+00,-1.02000e+00,
-5.5985677e-01,-0.00000e+00,-1.02000e+00,
-5.5971026e-01,-0.00000e+00,-1.02000e+00,
-5.5956376e-01,-0.00000e+00,-1.02000e+00,
-5.5941725e-01,-0.00000e+00,-1.04000e+00,
-5.5927074e-01,-0.00000e+00,-1.04000e+00,
-5.5912423e-01,-0.00000e+00,-1.04000e+00,
-5.5897772e-01,-0.00000e+00,-1.06000e+00,
-5.5883121e-01,-0.00000e+00,-1.06000e+00,
-5.5868471e-01,-0.00000e+00,-1.06000e+00,
-5.5853820e-01,-0.00000e+00,-1.06000e+00,
-5.5839169e-01,2.00001e-01,-1.08000e+00,
-5.5824518e-01,-0.00000e+00,-1.08000e+00,
-5.5809867e-01,-0.00000e+00,-1.10000e+00,
-5.5795217e-01,-0.00000e+00,-1.10000e+00,
-5.5780566e-01,-0.00000e+00,-1.10000e+00,
-5.5765915e-01,-0.00000e+00,-1.10000e+00,
-5.5751264e-01,-0.00000e+00,-1.10000e+00,
-5.5736613e-01,2.00001e-01,-1.12000e+00,
-5.5721962e-01,-0.00000e+00,-1.12000e+00,
-5.5707312e-01,2.00001e-01,-1.14000e+00,
-5.5692661e-01,-0.00000e+00,-1.12000e+00,
-5.5678010e-01,-0.00000e+00,-1.14000e+00,
-5.5663359e-01,-0.00000e+00,-1.14000e+00,
-5.5648708e-01,-0.00000e+00,-1.14000e+00,
-5.5634058e-01,-0.00000e+00,-1.14000e+00,
-5.5619407e-01,-0.00000e+00,-1.16000e+00,
-5.5604756e-01,-0.00000e+00,-1.18000e+00,
-5.5590105e-01,2.00001e-01,-1.18000e+00,
-5.5575454e-01,-0.00000e+00,-1.18000e+00,
-5.5560803e-01,-0.00000e+00,-1.18000e+00,
-5.5546153e-01,-0.00000e+00,-1.18000e+00,
-5.5531502e-01,-0.00000e+00,-1.18000e+00,
-5.5516851e-01,-0.00000e+00,-1.18000e+00,
-5.5502200e-01,-0.00000e+00,-1.20000e+00,
-5.5487549e-01,-0.00000e+00,-1.20000e+00,
-5.5472898e-01,-0.00000e+00,-1.22000e+00,
-5.5458248e-01,-0.00000e+00,-1.22000e+00,
-5.5443597e-01,-0.00000e+00,-1.22000e+00,
-5.5428946e-01,-0.00000e+00,-1.22000e+00,
-5.5414295e-01,-0.00000e+00,-1.24000e+00,
-5.5399644e-01,-0.00000e+00,-1.22000e+00,
-5.5384994e-01,-0.00000e+00,-1.26000e+00,
-5.5370343e-01,-0.00000e+00,-1.24000e+00,
-5.5355692e-01,-0.00000e+00,-1.26000e+00,
-5.5341041e-01,-0.00000e+00,-1.24000e+00,
-5.5326390e-01,-0.00000e+00,-1.26000e+00,
-5.5311739e-01,-0.00000e+00,-1.26000e+00,
-5.5297089e-01,-0.00000e+00,-1.26000e+00,
-5.5282438e-01,-0.00000e+00,-1.26000e+00,
-5.5267787e-01,-0.00000e+00,-1.28000e+00,
-5.5253136e-01,-0.00000e+00,-1.28000e+00,
-5.5238485e-01,2.00001e-01,-1.28000e+00,
-5.5223835e-01,-0.00000e+00,-1.28000e+00,
-5.5209184e-01,2.00001e-01,-1.28000e+00,
-5.5194533e-01,-0.00000e+00,-1.30000e+00,
-5.5179882e-01,-0.00000e+00,-1.30000e+00,
-5.5165231e-01,-0.00000e+00,-1.30000e+00,
-5.5150580e-01,-0.00000e+00,-1.32000e+00,
-5.5135930e-01,-0.00000e+00,-1.34000e+00,
-5.5121279e-01,-0.00000e+00,-1.34000e+00,
-5.5106628e-01,-0.00000e+00,-1.34000e+00,
-5.5091977e-01,-0.00000e+00,-1.34000e+00,
-5.5077326e-01,-0.00000e+00,-1.34000e+00,
-5.5062675e-01,-0.00000e+00,-1.34000e+00,
-5.5048025e-01,-0.00000e+00,-1.34000e+00,
-5.5033374e-01,-0.00000e+00,-1.34000e+00,
-5.5018723e-01,-0.00000e+00,-1.34000e+00,
-5.5004072e-01,-0.00000e+00,-1.36000e+00,
-5.4989421e-01,-0.00000e+00,-1.36000e+00,
-5.4974771e-01,-0.00000e+00,-1.36000e+00,
-5.4960120e-01,-0.00000e+00,-1.38000e+00,
-5.4945469e-01,-0.00000e+00,-1.38000e+00,
-5.4930818e-01,-0.00000e+00,-1.38000e+00,
-5.4916167e-01,-0.00000e+00,-1.38000e+00,
-5.4901516e-01,-0.00000e+00,-1.40000e+00,
-5.4886866e-01,-0.00000e+00,-1.38000e+00,
-5.4872215e-01,2.00001e-01,-1.38000e+00,
-5.4857564e-01,-0.00000e+00,-1.42000e+00,
-5.4842913e-01,2.00001e-01,-1.42000e+00,
-5.4828262e-01,2.00001e-01,-1.42000e+00,
-5.4813612e-01,-0.00000e+00,-1.42000e+00,
-5.4798961e-01,2.00001e-01,-1.42000e+00,
-5.4784310e-01,-0.00000e+00,-1.42000e+00,
-5.4769659e-01,-0.00000e+00,-1.42000e+00,
-5.4755008e-01,-0.00000e+00,-1.42000e+00,
-5.4740357e-01,-0.00000e+00,-1.42000e+00,
-5.4725707e-01,-0.00000e+00,-1.44000e+00,
-5.4711056e-01,-0.00000e+00,-1.44000e+00,
-5.4696405e-01,-0.00000e+00,-1.44000e+00,
-5.4681754e-01,-0.00000e+00,-1.44000e+00,
-5.4667103e-01,-0.00000e+00,-1.44000e+00,
-5.4652452e-01,-0.00000e+00,-1.46000e+00,
-5.4637802e-01,-0.00000e+00,-1.46000e+00,
-5.4623151e-01,-0.00000e+00,-1.46000e+00,
-5.4608500e-01,-0.00000e+00,-1.48000e+00,
-5.4593849e-01,2.00001e-01,-1.48000e+00,
-5.4579198e-01,-0.00000e+00,-1.48000e+00,
-5.4564548e-01,-0.00000e+00,-1.50000e+00,
-5.4549897e-01,2.00001e-01,-1.50000e+00,
-5.4535246e-01,-0.00000e+00,-1.50000e+00,
-5.4520595e-01,2.00001e-01,-1.50000e+00,
-5.4505944e-01,-0.00000e+00,-1.50000e+00,
-5.4491293e-01,-0.00000e+00,-1.50000e+00,
-5.4476643e-01,-0.00000e+00,-1.50000e+00,
-5.4461992e-01,-0.00000e+00,-1.50000e+00,
-5.4447341e-01,-0.00000e+00,-1.50000e+00,
-5.4432690e-01,-0.00000e+00,-1.50000e+00,
-5.4418039e-01,2.00001e-01,-1.50000e+00,
-5.4403389e-01,2.00001e-01,-1.50000e+00,
-5.4388738e-01,-0.00000e+00,-1.52000e+00,
-5.4374087e-01,-0.00000e+00,-1.52000e+00,
-5.4359436e-01,-0.00000e+00,-1.52000e+00,
-5.4344785e-01,-0.00000e+00,-1.52000e+00,
-5.4330134e-01,-0.00000e+00,-1.52000e+00,
-5.4315484e-01,-0.00000e+00,-1.54000e+00,
-5.4300833e-01,-0.00000e+00,-1.54000e+00,
-5.4286182e-01,-0.00000e+00,-1.54000e+00,
-5.4271531e-01,-0.00000e+00,-1.54000e+00,
-5.4256880e-01,2.00001e-01,-1.54000e+00,
-5.4242229e-01,-0.00000e+00,-1.56000e+00,
-5.4227579e-01,-0.00000e+00,-1.56000e+00,
-5.4212928e-01,-0.00000e+00,-1.54000e+00,
-5.4198277e-01,-0.00000e+00,-1.56000e+00,
-5.4183626e-01,2.00001e-01,-1.58000e+00,
-5.4168975e-01,-0.00000e+00,-1.58000e+00,
-5.4154325e-01,-0.00000e+00,-1.58000e+00,
-5.4139674e-01,-0.00000e+00,-1.58000e+00,
-5.4125023e-01,-0.00000e+00,-1.58000e+00,
-5.4110372e-01,-0.00000e+00,-1.58000e+00,
-5.4095721e-01,-0.00000e+00,-1.58000e+00,
-5.4081070e-01,-0.00000e+00,-1.58000e+00,
-5.4066420e-01,-0.00000e+00,-1.58000e+00,
-5.4051769e-01,2.00001e-01,-1.58000e+00,
-5.4037118e-01,-0.00000e+00,-1.60000e+00,
-5.4022467e-01,2.00001e-01,-1.58000e+00,
-5.4007816e-01,2.00001e-01,-1.60000e+00,
-5.3993165e-01,-0.00000e+00,-1.60000e+00,
-5.3978515e-01,-0.00000e+00,-1.60000e+00,
-5.3963864e-01,-0.00000e+00,-1.60000e+00,
-5.3949213e-01,-0.00000e+00,-1.62000e+00,
-5.3934562e-01,-0.00000e+00,-1.62000e+00,
-5.3919911e-01,-0.00000e+00,-1.62000e+00,
-5.3905261e-01,-0.00000e+00,-1.62000e+00,
-5.3890610e-01,-0.00000e+00,-1.62000e+00,
-5.3875959e-01,-0.00000e+00,-1.62000e+00,
-5.3861308e-01,-0.00000e+00,-1.62000e+00,
-5.3846657e-01,-0.00000e+00,-1.64000e+00,
-5.3832006e-01,-0.00000e+00,-1.64000e+00,
-5.3817356e-01,-0.00000e+00,-1.66000e+00,
-5.3802705e-01,-0.00000e+00,-1.66000e+00,
-5.3788054e-01,-0.00000e+00,-1.66000e+00,
-5.3773403e-01,2.00001e-01,-1.66000e+00,
-5.3758752e-01,-0.00000e+00,-1.66000e+00,
-5.3744102e-01,-0.00000e+00,-1.66000e+00,
-5.3729451e-01,-0.00000e+00,-1.66000e+00,
-5.3714800e-01,-0.00000e+00,-1.66000e+00,
-5.3700149e-01,2.00001e-01,-1.66000e+00,
-5.3685498e-01,-0.00000e+00,-1.66000e+00,
-5.3670847e-01,-0.00000e+00,-1.66000e+00,
-5.3656197e-01,-0.00000e+00,-1.66000e+00,
-5.3641546e-01,-0.00000e+00,-1.66000e+00,
-5.3626895e-01,-0.00000e+00,-1.70000e+00,
-5.3612244e-01,-0.00000e+00,-1.66000e+00,
-5.3597593e-01,2.00001e-01,-1.70000e+00,
-5.3582942e-01,-0.00000e+00,-1.70000e+00,
-5.3568292e-01,-0.00000e+00,-1.70000e+00,
-5.3553641e-01,-0.00000e+00,-1.70000e+00,
-5.3538990e-01,-0.00000e+00,-1.70000e+00,
-5.3524339e-01,-0.00000e+00,-1.70000e+00,
-5.3509688e-01,-0.00000e+00,-1.72000e+00,
-5.3495038e-01,2.00001e-01,-1.72000e+00,
-5.3480387e-01,-0.00000e+00,-1.72000e+00,
-5.3465736e-01,-0.00000e+00,-1.72000e+00,
-5.3451085e-01,2.00001e-01,-1.72000e+00,
-5.3436434e-01,-0.00000e+00,-1.72000e+00,
-5.3421783e-01,-0.00000e+00,-1.72000e+00,
-5.3407133e-01,-0.00000e+00,-1.72000e+00,
-5.3392482e-01,-0.00000e+00,-1.72000e+00,
-5.3377831e-01,-0.00000e+00,-1.74000e+00,
-5.3363180e-01,-0.00000e+00,-1.72000e+00,
-5.3348529e-01,-0.00000e+00,-1.72000e+00,
-5.3333879e-01,-0.00000e+00,-1.76000e+00,
-5.3319228e-01,-0.00000e+00,-1.74000e+00,
-5.3304577e-01,-0.00000e+00,-1.76000e+00,
-5.3289926e-01,-0.00000e+00,-1.76000e+00,
-5.3275275e-01,-0.00000e+00,-1.76000e+00,
-5.3260624e-01,-0.00000e+00,-1.74000e+00,
-5.3245974e-01,-0.00000e+00,-1.76000e+00,
-5.3231323e-01,-0.00000e+00,-1.76000e+00,
-5.3216672e-01,-0.00000e+00,-1.76000e+00,
-5.3202021e-01,-0.00000e+00,-1.76000e+00,
-5.3187370e-01,-0.00000e+00,-1.76000e+00,
-5.3172719e-01,-0.00000e+00,-1.76000e+00,
-5.3158069e-01,-0.00000e+00,-1.76000e+00,
-5.3143418e-01,-0.00000e+00,-1.76000e+00,
-5.3128767e-01,-0.00000e+00,-1.76000e+00,
-5.3114116e-01,2.00001e-01,-1.76000e+00,
-5.3099465e-01,-0.00000e+00,-1.76000e+00,
-5.3084815e-01,-0.00000e+00,-1.78000e+00,
-5.3070164e-01,-0.00000e+00,-1.78000e+00,
-5.3055513e-01,-0.00000e+00,-1.76000e+00,
-5.3040862e-01,-0.00000e+00,-1.76000e+00,
-5.3026211e-01,2.00001e-01,-1.76000e+00,
-5.3011560e-01,-0.00000e+00,-1.78000e+00,
-5.2996910e-01,2.00001e-01,-1.78000e+00,
-5.2982259e-01,-0.00000e+00,-1.78000e+00,
-5.2967608e-01,-0.00000e+00,-1.80000e+00,
-5.2952957e-01,-0.00000e+00,-1.80000e+00,
-5.2938306e-01,2.00001e-01,-1.78000e+00,
-5.2923656e-01,-0.00000e+00,-1.78000e+00,
-5.2909005e-01,-0.00000e+00,-1.78000e+00,
-5.2894354e-01,-0.00000e+00,-1.80000e+00,
-5.2879703e-01,-0.00000e+00,-1.80000e+00,
-5.2865052e-01,2.00001e-01,-1.78000e+00,
-5.2850401e-01,-0.00000e+00,-1.80000e+00,
-5.2835751e-01,-0.00000e+00,-1.80000e+00,
-5.2821100e-01,-0.00000e+00,-1.80000e+00,
-5.2806449e-01,-0.00000e+00,-1.80000e+00,
-5.2791798e-01,2.00001e-01,-1.80000e+00,
-5.2777147e-01,-0.00000e+00,-1.80000e+00,
-5.2762496e-01,-0.00000e+00,-1.80000e+00,
-5.2747846e-01,-0.00000e+00,-1.82000e+00,
-5.2733195e-01,-0.00000e+00,-1.80000e+00,
-5.2718544e-01,2.00001e-01,-1.80000e+00,
-5.2703893e-01,-0.00000e+00,-1.80000e+00,
-5.2689242e-01,2.00001e-01,-1.80000e+00,
-5.2674592e-01,-0.00000e+00,-1.80000e+00,
-5.2659941e-01,-0.00000e+00,-1.82000e+00,
-5.2645290e-01,-0.00000e+00,-1.82000e+00,
-5.2630639e-01,2.00001e-01,-1.80000e+00,
-5.2615988e-01,-0.00000e+00,-1.82000e+00,
-5.2601337e-01,-0.00000e+00,-1.84000e+00,
-5.2586687e-01,-0.00000e+00,-1.82000e+00,
-5.2572036e-01,-0.00000e+00,-1.84000e+00,
-5.2557385e-01,-0.00000e+00,-1.82000e+00,
-5.2542734e-01,2.00001e-01,-1.84000e+00,
-5.2528083e-01,-0.00000e+00,-1.84000e+00,
-5.2513433e-01,-0.00000e+00,-1.84000e+00,
-5.2498782e-01,-0.00000e+00,-1.84000e+00,
-5.2484131e-01,-0.00000e+00,-1.84000e+00,
-5.2469480e-01,-0.00000e+00,-1.84000e+00,
-5.2454829e-01,-0.00000e+00,-1.84000e+00,
-5.2440178e-01,2.00001e-01,-1.84000e+00,
-5.2425528e-01,-0.00000e+00,-1.84000e+00,
-5.2410877e-01,-0.00000e+00,-1.84000e+00,
-5.2396226e-01,2.00001e-01,-1.84000e+00,
-5.2381575e-01,2.00001e-01,-1.84000e+00,
-5.2366924e-01,-0.00000e+00,-1.84000e+00,
-5.2352273e-01,-0.00000e+00,-1.84000e+00,
-5.2337623e-01,-0.00000e+00,-1.84000e+00,
-5.2322972e-01,2.00001e-01,-1.84000e+00,
-5.2308321e-01,-0.00000e+00,-1.84000e+00,
-5.2293670e-01,-0.00000e+00,-1.84000e+00,
-5.2279019e-01,-0.00000e+00,-1.84000e+00,
-5.2264369e-01,-0.00000e+00,-1.84000e+00,
-5.2249718e-01,-0.00000e+00,-1.84000e+00,
-5.2235067e-01,-0.00000e+00,-1.84000e+00,
-5.2220416e-01,-0.00000e+00,-1.84000e+00,
-5.2205765e-01,-0.00000e+00,-1.84000e+00,
-5.2191114e-01,-0.00000e+00,-1.84000e+00,
-5.2176464e-01,2.00001e-01,-1.84000e+00,
-5.2161813e-01,-0.00000e+00,-1.84000e+00,
-5.2147162e-01,-0.00000e+00,-1.84000e+00,
-5.2132511e-01,2.00001e-01,-1.84000e+00,
-5.2117860e-01,-0.00000e+00,-1.86000e+00,
-5.2103209e-01,-0.00000e+00,-1.84000e+00,
-5.2088559e-01,-0.00000e+00,-1.86000e+00,
-5.2073908e-01,-0.00000e+00,-1.84000e+00,
-5.2059257e-01,-0.00000e+00,-1.86000e+00,
-5.2044606e-01,-0.00000e+00,-1.86000e+00,
-5.2029955e-01,-0.00000e+00,-1.84000e+00,
-5.2015305e-01,2.00001e-01,-1.84000e+00,
-5.2000654e-01,-0.00000e+00,-1.84000e+00,
-5.1986003e-01,-0.00000e+00,-1.86000e+00,
-5.1971352e-01,-0.00000e+00,-1.84000e+00,
-5.1956701e-01,-0.00000e+00,-1.86000e+00,
-5.1942050e-01,-0.00000e+00,-1.84000e+00,
-5.1927400e-01,-0.00000e+00,-1.84000e+00,
-5.1912749e-01,-0.00000e+00,-1.84000e+00,
-5.1898098e-01,-0.00000e+00,-1.86000e+00,
-5.1883447e-01,-0.00000e+00,-1.86000e+00,
-5.1868796e-01,-0.00000e+00,-1.86000e+00,
-5.1854146e-01,-0.00000e+00,-1.86000e+00,
-5.1839495e-01,-0.00000e+00,-1.86000e+00,
-5.1824844e-01,-0.00000e+00,-1.86000e+00,
-5.1810193e-01,-0.00000e+00,-1.86000e+00,
-5.1795542e-01,-0.00000e+00,-1.86000e+00,
-5.1780891e-01,-0.00000e+00,-1.84000e+00,
-5.1766241e-01,-0.00000e+00,-1.86000e+00,
-5.1751590e-01,-0.00000e+00,-1.86000e+00,
-5.1736939e-01,-0.00000e+00,-1.88000e+00,
-5.1722288e-01,-0.00000e+00,-1.86000e+00,
-5.1707637e-01,-0.00000e+00,-1.86000e+00,
-5.1692986e-01,-0.00000e+00,-1.88000e+00,
-5.1678336e-01,-0.00000e+00,-1.86000e+00,
-5.1663685e-01,-0.00000e+00,-1.86000e+00,
-5.1649034e-01,-0.00000e+00,-1.86000e+00,
-5.1634383e-01,-0.00000e+00,-1.86000e+00,
-5.1619732e-01,-0.00000e+00,-1.88000e+00,
-5.1605082e-01,-0.00000e+00,-1.86000e+00,
-5.1590431e-01,-0.00000e+00,-1.88000e+00,
-5.1575780e-01,-0.00000e+00,-1.88000e+00,
-5.1561129e-01,-0.00000e+00,-1.88000e+00,
-5.1546478e-01,-0.00000e+00,-1.88000e+00,
-5.1531827e-01,-0.00000e+00,-1.88000e+00,
-5.1517177e-01,-0.00000e+00,-1.86000e+00,
-5.1502526e-01,-0.00000e+00,-1.86000e+00,
-5.1487875e-01,-0.00000e+00,-1.88000e+00,
-5.1473224e-01,-0.00000e+00,-1.86000e+00,
-5.1458573e-01,-0.00000e+00,-1.88000e+00,
-5.1443923e-01,-0.00000e+00,-1.86000e+00,
-5.1429272e-01,-0.00000e+00,-1.86000e+00,
-5.1414621e-01,-0.00000e+00,-1.88000e+00,
-5.1399970e-01,-0.00000e+00,-1.88000e+00,
-5.1385319e-01,-0.00000e+00,-1.88000e+00,
-5.1370668e-01,-0.00000e+00,-1.86000e+00,
-5.1356018e-01,-0.00000e+00,-1.86000e+00,
-5.1341367e-01,-0.00000e+00,-1.86000e+00,
-5.1326716e-01,-0.00000e+00,-1.88000e+00,
-5.1312065e-01,-0.00000e+00,-1.88000e+00,
-5.1297414e-01,-0.00000e+00,-1.86000e+00,
-5.1282763e-01,-0.00000e+00,-1.88000e+00,
-5.1268113e-01,-0.00000e+00,-1.88000e+00,
-5.1253462e-01,-0.00000e+00,-1.88000e+00,
-5.1238811e-01,-0.00000e+00,-1.86000e+00,
-5.1224160e-01,-0.00000e+00,-1.88000e+00,
-5.1209509e-01,-0.00000e+00,-1.88000e+00,
-5.1194859e-01,-0.00000e+00,-1.88000e+00,
-5.1180208e-01,-0.00000e+00,-1.86000e+00,
-5.1165557e-01,-0.00000e+00,-1.86000e+00,
-5.1150906e-01,-0.00000e+00,-1.86000e+00,
-5.1136255e-01,-0.00000e+00,-1.86000e+00,
-5.1121604e-01,-0.00000e+00,-1.86000e+00,
-5.1106954e-01,-0.00000e+00,-1.88000e+00,
-5.1092303e-01,-0.00000e+00,-1.86000e+00,
-5.1077652e-01,-0.00000e+00,-1.86000e+00,
-5.1063001e-01,-0.00000e+00,-1.88000e+00,
-5.1048350e-01,2.00001e-01,-1.88000e+00,
-5.1033700e-01,-0.00000e+00,-1.88000e+00,
-5.1019049e-01,-0.00000e+00,-1.88000e+00,
-5.1004398e-01,-0.00000e+00,-1.88000e+00,
-5.0989747e-01,-0.00000e+00,-1.88000e+00,
-5.0975096e-01,-0.00000e+00,-1.88000e+00,
-5.0960445e-01,-0.00000e+00,-1.88000e+00,
-5.0945795e-01,-0.00000e+00,-1.88000e+00,
-5.0931144e-01,5.00000e+00,-1.92000e+00,
-5.0916493e-01,-0.00000e+00,-1.88000e+00,
-5.0901842e-01,-0.00000e+00,-1.86000e+00,
-5.0887191e-01,-0.00000e+00,-1.86000e+00,
-5.0872540e-01,-0.00000e+00,-1.86000e+00,
-5.0857890e-01,-0.00000e+00,-1.88000e+00,
-5.0843239e-01,-0.00000e+00,-1.88000e+00,
-5.0828588e-01,-0.00000e+00,-1.86000e+00,
-5.0813937e-01,-0.00000e+00,-1.86000e+00,
-5.0799286e-01,-0.00000e+00,-1.86000e+00,
-5.0784636e-01,-0.00000e+00,-1.88000e+00,
-5.0769985e-01,-0.00000e+00,-1.88000e+00,
-5.0755334e-01,-0.00000e+00,-1.88000e+00,
-5.0740683e-01,-0.00000e+00,-1.86000e+00,
-5.0726032e-01,-0.00000e+00,-1.88000e+00,
-5.0711381e-01,-0.00000e+00,-1.88000e+00,
-5.0696731e-01,-0.00000e+00,-1.86000e+00,
-5.0682080e-01,-0.00000e+00,-1.86000e+00,
-5.0667429e-01,-0.00000e+00,-1.88000e+00,
-5.0652778e-01,-0.00000e+00,-1.88000e+00,
-5.0638127e-01,-0.00000e+00,-1.88000e+00,
-5.0623477e-01,-0.00000e+00,-1.88000e+00,
-5.0608826e-01,-0.00000e+00,-1.86000e+00,
-5.0594175e-01,-0.00000e+00,-1.86000e+00,
-5.0579524e-01,-0.00000e+00,-1.86000e+00,
-5.0564873e-01,-0.00000e+00,-1.86000e+00,
-5.0550222e-01,-0.00000e+00,-1.86000e+00,
-5.0535572e-01,2.00001e-01,-1.86000e+00,
-5.0520921e-01,-0.00000e+00,-1.88000e+00,
-5.0506270e-01,-0.00000e+00,-1.86000e+00,
-5.0491619e-01,-0.00000e+00,-1.86000e+00,
-5.0476968e-01,-0.00000e+00,-1.86000e+00,
-5.0462317e-01,-0.00000e+00,-1.86000e+00,
-5.0447667e-01,-0.00000e+00,-1.86000e+00,
-5.0433016e-01,2.00001e-01,-1.86000e+00,
-5.0418365e-01,-0.00000e+00,-1.86000e+00,
-5.0403714e-01,-0.00000e+00,-1.86000e+00,
-5.0389063e-01,-0.00000e+00,-1.84000e+00,
-5.0374413e-01,-0.00000e+00,-1.86000e+00,
-5.0359762e-01,-0.00000e+00,-1.88000e+00,
-5.0345111e-01,-0.00000e+00,-1.84000e+00,
-5.0330460e-01,2.00001e-01,-1.86000e+00,
-5.0315809e-01,-0.00000e+00,-1.86000e+00,
-5.0301158e-01,-0.00000e+00,-1.84000e+00,
-5.0286508e-01,-0.00000e+00,-1.86000e+00,
-5.0271857e-01,2.00001e-01,-1.84000e+00,
-5.0257206e-01,-0.00000e+00,-1.86000e+00,
-5.0242555e-01,-0.00000e+00,-1.84000e+00,
-5.0227904e-01,-0.00000e+00,-1.84000e+00,
-5.0213253e-01,-0.00000e+00,-1.84000e+00,
-5.0198603e-01,-0.00000e+00,-1.84000e+00,
-5.0183952e-01,-0.00000e+00,-1.84000e+00,
-5.0169301e-01,-0.00000e+00,-1.84000e+00,
-5.0154650e-01,-0.00000e+00,-1.84000e+00,
-5.0139999e-01,-0.00000e+00,-1.84000e+00,
-5.0125349e-01,-0.00000e+00,-1.84000e+00,
-5.0110698e-01,-0.00000e+00,-1.84000e+00,
-5.0096047e-01,-0.00000e+00,-1.84000e+00,
-5.0081396e-01,-0.00000e+00,-1.84000e+00,
-5.0066745e-01,-0.00000e+00,-1.84000e+00,
-5.0052094e-01,-0.00000e+00,-1.84000e+00,
-5.0037444e-01,-0.00000e+00,-1.84000e+00,
-5.0022793e-01,2.00001e-01,-1.84000e+00,
-5.0008142e-01,-0.00000e+00,-1.84000e+00,
-4.9993494e-01,-0.00000e+00,-1.84000e+00,
-4.9978846e-01,2.00001e-01,-1.84000e+00,
-4.9964198e-01,-0.00000e+00,-1.84000e+00,
-4.9949551e-01,-0.00000e+00,-1.84000e+00,
-4.9934903e-01,-0.00000e+00,-1.84000e+00,
-4.9920255e-01,-0.00000e+00,-1.84000e+00,
-4.9905607e-01,-0.00000e+00,-1.84000e+00,
-4.9890959e-01,2.00001e-01,-1.84000e+00,
-4.9876311e-01,-0.00000e+00,-1.84000e+00,
-4.9861664e-01,-0.00000e+00,-1.84000e+00,
-4.9847016e-01,-0.00000e+00,-1.84000e+00,
-4.9832368e-01,-0.00000e+00,-1.84000e+00,
-4.9817720e-01,-0.00000e+00,-1.84000e+00,
-4.9803072e-01,-0.00000e+00,-1.84000e+00,
-4.9788424e-01,-0.00000e+00,-1.84000e+00,
-4.9773777e-01,2.00001e-01,-1.84000e+00,
-4.9759129e-01,-0.00000e+00,-1.84000e+00,
-4.9744481e-01,-0.00000e+00,-1.84000e+00,
-4.9729833e-01,-0.00000e+00,-1.84000e+00,
-4.9715185e-01,2.00001e-01,-1.84000e+00,
-4.9700537e-01,-0.00000e+00,-1.84000e+00,
-4.9685889e-01,2.00001e-01,-1.84000e+00,
-4.9671242e-01,-0.00000e+00,-1.84000e+00,
-4.9656594e-01,-0.00000e+00,-1.84000e+00,
-4.9641946e-01,-0.00000e+00,-1.84000e+00,
-4.9627298e-01,-0.00000e+00,-1.84000e+00,
-4.9612650e-01,-0.00000e+00,-1.84000e+00,
-4.9598002e-01,-0.00000e+00,-1.84000e+00,
-4.9583355e-01,-0.00000e+00,-1.84000e+00,
-4.9568707e-01,-0.00000e+00,-1.82000e+00,
-4.9554059e-01,-0.00000e+00,-1.84000e+00,
-4.9539411e-01,-0.00000e+00,-1.80000e+00,
-4.9524763e-01,-0.00000e+00,-1.82000e+00,
-4.9510115e-01,-0.00000e+00,-1.82000e+00,
-4.9495468e-01,-0.00000e+00,-1.82000e+00,
-4.9480820e-01,-0.00000e+00,-1.82000e+00,
-4.9466172e-01,-0.00000e+00,-1.80000e+00,
-4.9451524e-01,-0.00000e+00,-1.82000e+00,
-4.9436876e-01,-0.00000e+00,-1.82000e+00,
-4.9422228e-01,-0.00000e+00,-1.82000e+00,
-4.9407580e-01,-0.00000e+00,-1.80000e+00,
-4.9392933e-01,-0.00000e+00,-1.82000e+00,
-4.9378285e-01,-0.00000e+00,-1.82000e+00,
-4.9363637e-01,-0.00000e+00,-1.80000e+00,
-4.9348989e-01,-0.00000e+00,-1.80000e+00,
-4.9334341e-01,-0.00000e+00,-1.80000e+00,
-4.9319693e-01,-0.00000e+00,-1.80000e+00,
-4.9305046e-01,-0.00000e+00,-1.80000e+00,
-4.9290398e-01,-0.00000e+00,-1.80000e+00,
-4.9275750e-01,2.00001e-01,-1.82000e+00,
-4.9261102e-01,-0.00000e+00,-1.80000e+00,
-4.9246454e-01,-0.00000e+00,-1.80000e+00,
-4.9231806e-01,2.00001e-01,-1.80000e+00,
-4.9217159e-01,-0.00000e+00,-1.80000e+00,
-4.9202511e-01,2.00001e-01,-1.80000e+00,
-4.9187863e-01,-0.00000e+00,-1.80000e+00,
-4.9173215e-01,2.00001e-01,-1.80000e+00,
-4.9158567e-01,-0.00000e+00,-1.78000e+00,
-4.9143919e-01,-0.00000e+00,-1.80000e+00,
-4.9129272e-01,-0.00000e+00,-1.80000e+00,
-4.9114624e-01,-0.00000e+00,-1.80000e+00,
-4.9099976e-01,-0.00000e+00,-1.78000e+00,
-4.9085328e-01,2.00001e-01,-1.78000e+00,
-4.9070680e-01,-0.00000e+00,-1.80000e+00,
-4.9056032e-01,-0.00000e+00,-1.78000e+00,
-4.9041384e-01,-0.00000e+00,-1.80000e+00,
-4.9026737e-01,-0.00000e+00,-1.78000e+00,
-4.9012089e-01,-0.00000e+00,-1.80000e+00,
-4.8997441e-01,-0.00000e+00,-1.78000e+00,
-4.8982793e-01,2.00001e-01,-1.78000e+00,
-4.8968145e-01,-0.00000e+00,-1.76000e+00,
-4.8953497e-01,2.00001e-01,-1.76000e+00,
-4.8938850e-01,-0.00000e+00,-1.78000e+00,
-4.8924202e-01,-0.00000e+00,-1.78000e+00,
-4.8909554e-01,-0.00000e+00,-1.76000e+00,
-4.8894906e-01,-0.00000e+00,-1.76000e+00,
-4.8880258e-01,-0.00000e+00,-1.76000e+00,
-4.8865610e-01,2.00001e-01,-1.76000e+00,
-4.8850963e-01,-0.00000e+00,-1.78000e+00,
-4.8836315e-01,-0.00000e+00,-1.76000e+00,
-4.8821667e-01,-0.00000e+00,-1.78000e+00,
-4.8807019e-01,-0.00000e+00,-1.76000e+00,
-4.8792371e-01,-0.00000e+00,-1.78000e+00,
-4.8777723e-01,-0.00000e+00,-1.76000e+00,
-4.8763075e-01,-0.00000e+00,-1.76000e+00,
-4.8748428e-01,-0.00000e+00,-1.76000e+00,
-4.8733780e-01,-0.00000e+00,-1.76000e+00,
-4.8719132e-01,-0.00000e+00,-1.76000e+00,
-4.8704484e-01,-0.00000e+00,-1.76000e+00,
-4.8689836e-01,-0.00000e+00,-1.76000e+00,
-4.8675188e-01,-0.00000e+00,-1.76000e+00,
-4.8660541e-01,2.00001e-01,-1.76000e+00,
-4.8645893e-01,-0.00000e+00,-1.76000e+00,
-4.8631245e-01,-0.00000e+00,-1.76000e+00,
-4.8616597e-01,-0.00000e+00,-1.76000e+00,
-4.8601949e-01,2.00001e-01,-1.74000e+00,
-4.8587301e-01,-0.00000e+00,-1.76000e+00,
-4.8572654e-01,-0.00000e+00,-1.76000e+00,
-4.8558006e-01,-0.00000e+00,-1.76000e+00,
-4.8543358e-01,-0.00000e+00,-1.74000e+00,
-4.8528710e-01,-0.00000e+00,-1.76000e+00,
-4.8514062e-01,-0.00000e+00,-1.74000e+00,
-4.8499414e-01,-0.00000e+00,-1.74000e+00,
-4.8484766e-01,-0.00000e+00,-1.76000e+00,
-4.8470119e-01,-0.00000e+00,-1.74000e+00,
-4.8455471e-01,2.00001e-01,-1.76000e+00,
-4.8440823e-01,-0.00000e+00,-1.74000e+00,
-4.8426175e-01,-0.00000e+00,-1.74000e+00,
-4.8411527e-01,2.00001e-01,-1.72000e+00,
-4.8396879e-01,-0.00000e+00,-1.74000e+00,
-4.8382232e-01,-0.00000e+00,-1.72000e+00,
-4.8367584e-01,-0.00000e+00,-1.72000e+00,
-4.8352936e-01,-0.00000e+00,-1.74000e+00,
-4.8338288e-01,-0.00000e+00,-1.72000e+00,
-4.8323640e-01,-0.00000e+00,-1.72000e+00,
-4.8308992e-01,-0.00000e+00,-1.72000e+00,
-4.8294345e-01,-0.00000e+00,-1.72000e+00,
-4.8279697e-01,2.00001e-01,-1.72000e+00,
-4.8265049e-01,-0.00000e+00,-1.72000e+00,
-4.8250401e-01,-0.00000e+00,-1.72000e+00,
-4.8235753e-01,-0.00000e+00,-1.72000e+00,
-4.8221105e-01,-0.00000e+00,-1.70000e+00,
-4.8206457e-01,-0.00000e+00,-1.72000e+00,
-4.8191810e-01,-0.00000e+00,-1.72000e+00,
-4.8177162e-01,-0.00000e+00,-1.70000e+00,
-4.8162514e-01,2.00001e-01,-1.70000e+00,
-4.8147866e-01,-0.00000e+00,-1.70000e+00,
-4.8133218e-01,-0.00000e+00,-1.70000e+00,
-4.8118570e-01,-0.00000e+00,-1.70000e+00,
-4.8103923e-01,-0.00000e+00,-1.70000e+00,
-4.8089275e-01,-0.00000e+00,-1.70000e+00,
-4.8074627e-01,-0.00000e+00,-1.70000e+00,
-4.8059979e-01,2.00001e-01,-1.70000e+00,
-4.8045331e-01,2.00001e-01,-1.66000e+00,
-4.8030683e-01,2.00001e-01,-1.66000e+00,
-4.8016036e-01,2.00001e-01,-1.70000e+00,
-4.8001388e-01,-0.00000e+00,-1.66000e+00,
-4.7986740e-01,-0.00000e+00,-1.66000e+00,
-4.7972092e-01,-0.00000e+00,-1.66000e+00,
-4.7957444e-01,-0.00000e+00,-1.70000e+00,
-4.7942796e-01,-0.00000e+00,-1.66000e+00,
-4.7928149e-01,2.00001e-01,-1.70000e+00,
-4.7913501e-01,-0.00000e+00,-1.66000e+00,
-4.7898853e-01,-0.00000e+00,-1.66000e+00,
-4.7884205e-01,-0.00000e+00,-1.66000e+00,
-4.7869557e-01,-0.00000e+00,-1.66000e+00,
-4.7854909e-01,2.00001e-01,-1.66000e+00,
-4.7840261e-01,-0.00000e+00,-1.66000e+00,
-4.7825614e-01,-0.00000e+00,-1.66000e+00,
-4.7810966e-01,-0.00000e+00,-1.66000e+00,
-4.7796318e-01,2.00001e-01,-1.66000e+00,
-4.7781670e-01,-0.00000e+00,-1.66000e+00,
-4.7767022e-01,-0.00000e+00,-1.66000e+00,
-4.7752374e-01,-0.00000e+00,-1.66000e+00,
-4.7737727e-01,2.00001e-01,-1.66000e+00,
-4.7723079e-01,-0.00000e+00,-1.64000e+00,
-4.7708431e-01,-0.00000e+00,-1.64000e+00,
-4.7693783e-01,-0.00000e+00,-1.64000e+00,
-4.7679135e-01,-0.00000e+00,-1.64000e+00,
-4.7664487e-01,-0.00000e+00,-1.64000e+00,
-4.7649840e-01,-0.00000e+00,-1.66000e+00,
-4.7635192e-01,-0.00000e+00,-1.62000e+00,
-4.7620544e-01,-0.00000e+00,-1.64000e+00,
-4.7605896e-01,2.00001e-01,-1.62000e+00,
-4.7591248e-01,-0.00000e+00,-1.62000e+00,
-4.7576600e-01,-0.00000e+00,-1.62000e+00,
-4.7561952e-01,-0.00000e+00,-1.62000e+00,
-4.7547305e-01,-0.00000e+00,-1.62000e+00,
-4.7532657e-01,-0.00000e+00,-1.62000e+00,
-4.7518009e-01,-0.00000e+00,-1.62000e+00,
-4.7503361e-01,-0.00000e+00,-1.62000e+00,
-4.7488713e-01,-0.00000e+00,-1.62000e+00,
-4.7474065e-01,-0.00000e+00,-1.62000e+00,
-4.7459418e-01,2.00001e-01,-1.60000e+00,
-4.7444770e-01,-0.00000e+00,-1.60000e+00,
-4.7430122e-01,2.00001e-01,-1.62000e+00,
-4.7415474e-01,-0.00000e+00,-1.62000e+00,
-4.7400826e-01,-0.00000e+00,-1.60000e+00,
-4.7386178e-01,-0.00000e+00,-1.60000e+00,
-4.7371531e-01,-0.00000e+00,-1.60000e+00,
-4.7356883e-01,2.00001e-01,-1.58000e+00,
-4.7342235e-01,-0.00000e+00,-1.60000e+00,
-4.7327587e-01,-0.00000e+00,-1.60000e+00,
-4.7312939e-01,-0.00000e+00,-1.60000e+00,
-4.7298291e-01,-0.00000e+00,-1.60000e+00,
-4.7283643e-01,2.00001e-01,-1.60000e+00,
-4.7268996e-01,-0.00000e+00,-1.60000e+00,
-4.7254348e-01,2.00001e-01,-1.60000e+00,
-4.7239700e-01,-0.00000e+00,-1.60000e+00,
-4.7225052e-01,-0.00000e+00,-1.58000e+00,
-4.7210404e-01,-0.00000e+00,-1.58000e+00,
-4.7195756e-01,2.00001e-01,-1.58000e+00,
-4.7181109e-01,-0.00000e+00,-1.58000e+00,
-4.7166461e-01,2.00001e-01,-1.58000e+00,
-4.7151813e-01,-0.00000e+00,-1.58000e+00,
-4.7137165e-01,2.00001e-01,-1.58000e+00,
-4.7122517e-01,2.00001e-01,-1.58000e+00,
-4.7107869e-01,-0.00000e+00,-1.58000e+00,
-4.7093222e-01,-0.00000e+00,-1.58000e+00,
-4.7078574e-01,2.00001e-01,-1.58000e+00,
-4.7063926e-01,-0.00000e+00,-1.58000e+00,
-4.7049278e-01,-0.00000e+00,-1.58000e+00,
-4.7034630e-01,2.00001e-01,-1.58000e+00,
-4.7019982e-01,-0.00000e+00,-1.58000e+00,
-4.7005334e-01,-0.00000e+00,-1.58000e+00,
-4.6990687e-01,-0.00000e+00,-1.58000e+00,
-4.6976039e-01,-0.00000e+00,-1.58000e+00,
-4.6961391e-01,-0.00000e+00,-1.56000e+00,
-4.6946743e-01,-0.00000e+00,-1.58000e+00,
-4.6932095e-01,-0.00000e+00,-1.56000e+00,
-4.6917447e-01,2.00001e-01,-1.56000e+00,
-4.6902800e-01,-0.00000e+00,-1.56000e+00,
-4.6888152e-01,-0.00000e+00,-1.56000e+00,
-4.6873504e-01,-0.00000e+00,-1.56000e+00,
-4.6858856e-01,2.00001e-01,-1.54000e+00,
-4.6844208e-01,-0.00000e+00,-1.54000e+00,
-4.6829560e-01,-0.00000e+00,-1.54000e+00,
-4.6814913e-01,-0.00000e+00,-1.54000e+00,
-4.6800265e-01,-0.00000e+00,-1.54000e+00,
-4.6785617e-01,-0.00000e+00,-1.54000e+00,
-4.6770969e-01,-0.00000e+00,-1.54000e+00,
-4.6756321e-01,2.00001e-01,-1.54000e+00,
-4.6741673e-01,2.00001e-01,-1.54000e+00,
-4.6727026e-01,-0.00000e+00,-1.54000e+00,
-4.6712378e-01,-0.00000e+00,-1.54000e+00,
-4.6697730e-01,-0.00000e+00,-1.54000e+00,
-4.6683082e-01,-0.00000e+00,-1.54000e+00,
-4.6668434e-01,-0.00000e+00,-1.52000e+00,
-4.6653786e-01,-0.00000e+00,-1.54000e+00,
-4.6639138e-01,-0.00000e+00,-1.54000e+00,
-4.6624491e-01,-0.00000e+00,-1.52000e+00,
-4.6609843e-01,-0.00000e+00,-1.52000e+00,
-4.6595195e-01,-0.00000e+00,-1.50000e+00,
-4.6580547e-01,-0.00000e+00,-1.52000e+00,
-4.6565899e-01,2.00001e-01,-1.50000e+00,
-4.6551251e-01,-0.00000e+00,-1.52000e+00,
-4.6536604e-01,2.00001e-01,-1.50000e+00,
-4.6521956e-01,-0.00000e+00,-1.50000e+00,
-4.6507308e-01,-0.00000e+00,-1.52000e+00,
-4.6492660e-01,-0.00000e+00,-1.50000e+00,
-4.6478012e-01,2.00001e-01,-1.50000e+00,
-4.6463364e-01,-0.00000e+00,-1.50000e+00,
-4.6448717e-01,-0.00000e+00,-1.52000e+00,
-4.6434069e-01,-0.00000e+00,-1.50000e+00,
-4.6419421e-01,-0.00000e+00,-1.50000e+00,
-4.6404773e-01,-0.00000e+00,-1.50000e+00,
-4.6390125e-01,-0.00000e+00,-1.50000e+00,
-4.6375477e-01,-0.00000e+00,-1.50000e+00,
-4.6360829e-01,-0.00000e+00,-1.50000e+00,
-4.6346182e-01,-0.00000e+00,-1.50000e+00,
-4.6331534e-01,-0.00000e+00,-1.50000e+00,
-4.6316886e-01,-0.00000e+00,-1.50000e+00,
-4.6302238e-01,-0.00000e+00,-1.48000e+00,
-4.6287590e-01,-0.00000e+00,-1.50000e+00,
-4.6272942e-01,-0.00000e+00,-1.50000e+00,
-4.6258295e-01,2.00001e-01,-1.48000e+00,
-4.6243647e-01,-0.00000e+00,-1.50000e+00,
-4.6228999e-01,2.00001e-01,-1.48000e+00,
-4.6214351e-01,2.00001e-01,-1.50000e+00,
-4.6199703e-01,2.00001e-01,-1.48000e+00,
-4.6185055e-01,-0.00000e+00,-1.48000e+00,
-4.6170408e-01,2.00001e-01,-1.46000e+00,
-4.6155760e-01,-0.00000e+00,-1.46000e+00,
-4.6141112e-01,2.00001e-01,-1.46000e+00,
-4.6126464e-01,2.00001e-01,-1.48000e+00,
-4.6111816e-01,-0.00000e+00,-1.46000e+00,
-4.6097168e-01,-0.00000e+00,-1.46000e+00,
-4.6082520e-01,-0.00000e+00,-1.46000e+00,
-4.6067873e-01,-0.00000e+00,-1.46000e+00,
-4.6053225e-01,-0.00000e+00,-1.46000e+00,
-4.6038577e-01,-0.00000e+00,-1.46000e+00,
-4.6023929e-01,-0.00000e+00,-1.44000e+00,
-4.6009281e-01,2.00001e-01,-1.46000e+00,
-4.5994633e-01,2.00001e-01,-1.44000e+00,
-4.5979986e-01,2.00001e-01,-1.46000e+00,
-4.5965338e-01,-0.00000e+00,-1.44000e+00,
-4.5950690e-01,2.00001e-01,-1.44000e+00,
-4.5936042e-01,-0.00000e+00,-1.44000e+00,
-4.5921394e-01,-0.00000e+00,-1.44000e+00,
-4.5906746e-01,-0.00000e+00,-1.42000e+00,
-4.5892099e-01,2.00001e-01,-1.44000e+00,
-4.5877451e-01,-0.00000e+00,-1.44000e+00,
-4.5862803e-01,-0.00000e+00,-1.44000e+00,
-4.5848155e-01,-0.00000e+00,-1.42000e+00,
-4.5833507e-01,-0.00000e+00,-1.44000e+00,
-4.5818859e-01,-0.00000e+00,-1.42000e+00,
-4.5804211e-01,-0.00000e+00,-1.42000e+00,
-4.5789564e-01,-0.00000e+00,-1.42000e+00,
-4.5774916e-01,2.00001e-01,-1.42000e+00,
-4.5760268e-01,-0.00000e+00,-1.42000e+00,
-4.5745620e-01,2.00001e-01,-1.42000e+00,
-4.5730972e-01,2.00001e-01,-1.42000e+00,
-4.5716324e-01,2.00001e-01,-1.42000e+00,
-4.5701677e-01,-0.00000e+00,-1.42000e+00,
-4.5687029e-01,-0.00000e+00,-1.42000e+00,
-4.5672381e-01,2.00001e-01,-1.42000e+00,
-4.5657733e-01,-0.00000e+00,-1.42000e+00,
-4.5643085e-01,-0.00000e+00,-1.42000e+00,
-4.5628437e-01,-0.00000e+00,-1.42000e+00,
-4.5613790e-01,-0.00000e+00,-1.42000e+00,
-4.5599142e-01,-0.00000e+00,-1.42000e+00,
-4.5584494e-01,-0.00000e+00,-1.42000e+00,
-4.5569846e-01,-0.00000e+00,-1.42000e+00,
-4.5555198e-01,-0.00000e+00,-1.42000e+00,
-4.5540550e-01,-0.00000e+00,-1.42000e+00,
-4.5525903e-01,-0.00000e+00,-1.40000e+00,
-4.5511255e-01,-0.00000e+00,-1.40000e+00,
-4.5496607e-01,-0.00000e+00,-1.40000e+00,
-4.5481959e-01,-0.00000e+00,-1.42000e+00,
-4.5467311e-01,-0.00000e+00,-1.38000e+00,
-4.5452663e-01,-0.00000e+00,-1.38000e+00,
-4.5438015e-01,-0.00000e+00,-1.38000e+00,
-4.5423368e-01,2.00001e-01,-1.38000e+00,
-4.5408720e-01,-0.00000e+00,-1.38000e+00,
-4.5394072e-01,2.00001e-01,-1.38000e+00,
-4.5379424e-01,-0.00000e+00,-1.38000e+00,
-4.5364776e-01,-0.00000e+00,-1.38000e+00,
-4.5350128e-01,-0.00000e+00,-1.38000e+00,
-4.5335481e-01,-0.00000e+00,-1.38000e+00,
-4.5320833e-01,-0.00000e+00,-1.36000e+00,
-4.5306185e-01,-0.00000e+00,-1.38000e+00,
-4.5291537e-01,-0.00000e+00,-1.38000e+00,
-4.5276889e-01,-0.00000e+00,-1.36000e+00,
-4.5262241e-01,2.00001e-01,-1.36000e+00,
-4.5247594e-01,2.00001e-01,-1.36000e+00,
-4.5232946e-01,-0.00000e+00,-1.36000e+00,
-4.5218298e-01,-0.00000e+00,-1.36000e+00,
-4.5203650e-01,-0.00000e+00,-1.36000e+00,
-4.5189002e-01,-0.00000e+00,-1.34000e+00,
-4.5174354e-01,-0.00000e+00,-1.34000e+00,
-4.5159706e-01,2.00001e-01,-1.36000e+00,
-4.5145059e-01,-0.00000e+00,-1.34000e+00,
-4.5130411e-01,-0.00000e+00,-1.36000e+00,
-4.5115763e-01,-0.00000e+00,-1.34000e+00,
-4.5101115e-01,-0.00000e+00,-1.36000e+00,
-4.5086467e-01,-0.00000e+00,-1.34000e+00,
-4.5071819e-01,2.00001e-01,-1.34000e+00,
-4.5057172e-01,-0.00000e+00,-1.34000e+00,
-4.5042524e-01,2.00001e-01,-1.34000e+00,
-4.5027876e-01,2.00001e-01,-1.34000e+00,
-4.5013228e-01,-0.00000e+00,-1.34000e+00,
-4.4998580e-01,-0.00000e+00,-1.34000e+00,
-4.4983932e-01,-0.00000e+00,-1.34000e+00,
-4.4969285e-01,-0.00000e+00,-1.34000e+00,
-4.4954637e-01,-0.00000e+00,-1.34000e+00,
-4.4939989e-01,2.00001e-01,-1.34000e+00,
-4.4925341e-01,2.00001e-01,-1.34000e+00,
-4.4910693e-01,-0.00000e+00,-1.34000e+00,
-4.4896045e-01,-0.00000e+00,-1.34000e+00,
-4.4881397e-01,-0.00000e+00,-1.34000e+00,
-4.4866750e-01,-0.00000e+00,-1.32000e+00,
-4.4852102e-01,2.00001e-01,-1.32000e+00,
-4.4837454e-01,2.00001e-01,-1.32000e+00,
-4.4822806e-01,-0.00000e+00,-1.32000e+00,
-4.4808158e-01,-0.00000e+00,-1.30000e+00,
-4.4793510e-01,-0.00000e+00,-1.30000e+00,
-4.4778863e-01,-0.00000e+00,-1.30000e+00,
-4.4764215e-01,2.00001e-01,-1.32000e+00,
-4.4749567e-01,-0.00000e+00,-1.32000e+00,
-4.4734919e-01,-0.00000e+00,-1.30000e+00,
-4.4720271e-01,2.00001e-01,-1.30000e+00,
-4.4705623e-01,-0.00000e+00,-1.30000e+00,
-4.4690976e-01,-0.00000e+00,-1.30000e+00,
-4.4676328e-01,-0.00000e+00,-1.28000e+00,
-4.4661680e-01,-0.00000e+00,-1.28000e+00,
-4.4647032e-01,-0.00000e+00,-1.28000e+00,
-4.4632384e-01,-0.00000e+00,-1.28000e+00,
-4.4617736e-01,-0.00000e+00,-1.28000e+00,
-4.4603088e-01,-0.00000e+00,-1.28000e+00,
-4.4588441e-01,2.00001e-01,-1.28000e+00,
-4.4573793e-01,5.00000e+00,-1.26000e+00,
-4.4559145e-01,-0.00000e+00,-1.28000e+00,
-4.4544497e-01,2.00001e-01,-1.28000e+00,
-4.4529849e-01,-0.00000e+00,-1.28000e+00,
-4.4515201e-01,-0.00000e+00,-1.28000e+00,
-4.4500554e-01,-0.00000e+00,-1.26000e+00,
-4.4485906e-01,-0.00000e+00,-1.26000e+00,
-4.4471258e-01,-0.00000e+00,-1.26000e+00,
-4.4456610e-01,2.00001e-01,-1.26000e+00,
-4.4441962e-01,-0.00000e+00,-1.26000e+00,
-4.4427314e-01,-0.00000e+00,-1.26000e+00,
-4.4412667e-01,-0.00000e+00,-1.26000e+00,
-4.4398019e-01,-0.00000e+00,-1.26000e+00,
-4.4383371e-01,-0.00000e+00,-1.26000e+00,
-4.4368723e-01,-0.00000e+00,-1.26000e+00,
-4.4354075e-01,-0.00000e+00,-1.26000e+00,
-4.4339427e-01,2.00001e-01,-1.26000e+00,
-4.4324780e-01,-0.00000e+00,-1.26000e+00,
-4.4310132e-01,-0.00000e+00,-1.26000e+00,
-4.4295484e-01,-0.00000e+00,-1.26000e+00,
-4.4280836e-01,-0.00000e+00,-1.26000e+00,
-4.4266188e-01,2.00001e-01,-1.26000e+00,
-4.4251540e-01,2.00001e-01,-1.26000e+00,
-4.4236892e-01,-0.00000e+00,-1.26000e+00,
-4.4222245e-01,2.00001e-01,-1.26000e+00,
-4.4207597e-01,2.00001e-01,-1.24000e+00,
-4.4192949e-01,-0.00000e+00,-1.26000e+00,
-4.4178301e-01,2.00001e-01,-1.24000e+00,
-4.4163653e-01,-0.00000e+00,-1.24000e+00,
-4.4149005e-01,2.00001e-01,-1.22000e+00,
-4.4134358e-01,-0.00000e+00,-1.24000e+00,
-4.4119710e-01,-0.00000e+00,-1.24000e+00,
-4.4105062e-01,-0.00000e+00,-1.22000e+00,
-4.4090414e-01,-0.00000e+00,-1.22000e+00,
-4.4075766e-01,-0.00000e+00,-1.22000e+00,
-4.4061118e-01,-0.00000e+00,-1.22000e+00,
-4.4046471e-01,-0.00000e+00,-1.22000e+00,
-4.4031823e-01,2.00001e-01,-1.22000e+00,
-4.4017175e-01,-0.00000e+00,-1.22000e+00,
-4.4002527e-01,-0.00000e+00,-1.22000e+00,
-4.3987879e-01,-0.00000e+00,-1.20000e+00,
-4.3973231e-01,-0.00000e+00,-1.20000e+00,
-4.3958583e-01,-0.00000e+00,-1.22000e+00,
-4.3943936e-01,-0.00000e+00,-1.20000e+00,
-4.3929288e-01,-0.00000e+00,-1.20000e+00,
-4.3914640e-01,-0.00000e+00,-1.20000e+00,
-4.3899992e-01,-0.00000e+00,-1.20000e+00,
-4.3885344e-01,-0.00000e+00,-1.20000e+00,
-4.3870696e-01,2.00001e-01,-1.20000e+00,
-4.3856049e-01,-0.00000e+00,-1.20000e+00,
-4.3841401e-01,-0.00000e+00,-1.20000e+00,
-4.3826753e-01,-0.00000e+00,-1.18000e+00,
-4.3812105e-01,-0.00000e+00,-1.18000e+00,
-4.3797457e-01,-0.00000e+00,-1.18000e+00,
-4.3782809e-01,-0.00000e+00,-1.20000e+00,
-4.3768162e-01,-0.00000e+00,-1.18000e+00,
-4.3753514e-01,-0.00000e+00,-1.18000e+00,
-4.3738866e-01,-0.00000e+00,-1.18000e+00,
-4.3724218e-01,-0.00000e+00,-1.18000e+00,
-4.3709570e-01,-0.00000e+00,-1.18000e+00,
-4.3694922e-01,-0.00000e+00,-1.18000e+00,
-4.3680274e-01,-0.00000e+00,-1.18000e+00,
-4.3665627e-01,-0.00000e+00,-1.18000e+00,
-4.3650979e-01,-0.00000e+00,-1.18000e+00,
-4.3636331e-01,2.00001e-01,-1.18000e+00,
-4.3621683e-01,-0.00000e+00,-1.18000e+00,
-4.3607035e-01,-0.00000e+00,-1.18000e+00,
-4.3592387e-01,-0.00000e+00,-1.16000e+00,
-4.3577740e-01,-0.00000e+00,-1.18000e+00,
-4.3563092e-01,-0.00000e+00,-1.18000e+00,
-4.3548444e-01,-0.00000e+00,-1.18000e+00,
-4.3533796e-01,-0.00000e+00,-1.18000e+00,
-4.3519148e-01,2.00001e-01,-1.16000e+00,
-4.3504500e-01,-0.00000e+00,-1.16000e+00,
-4.3489853e-01,-0.00000e+00,-1.16000e+00,
-4.3475205e-01,-0.00000e+00,-1.16000e+00,
-4.3460557e-01,-0.00000e+00,-1.14000e+00,
-4.3445909e-01,-0.00000e+00,-1.16000e+00,
-4.3431261e-01,-0.00000e+00,-1.14000e+00,
-4.3416613e-01,2.00001e-01,-1.16000e+00,
-4.3401965e-01,-0.00000e+00,-1.16000e+00,
-4.3387318e-01,-0.00000e+00,-1.14000e+00,
-4.3372670e-01,-0.00000e+00,-1.14000e+00,
-4.3358022e-01,-0.00000e+00,-1.14000e+00,
-4.3343374e-01,-0.00000e+00,-1.14000e+00,
-4.3328726e-01,-0.00000e+00,-1.14000e+00,
-4.3314078e-01,2.00001e-01,-1.14000e+00,
-4.3299431e-01,2.00001e-01,-1.14000e+00,
-4.3284783e-01,-0.00000e+00,-1.14000e+00,
-4.3270135e-01,-0.00000e+00,-1.12000e+00,
-4.3255487e-01,-0.00000e+00,-1.14000e+00,
-4.3240839e-01,-0.00000e+00,-1.12000e+00,
-4.3226191e-01,2.00001e-01,-1.12000e+00,
-4.3211544e-01,-0.00000e+00,-1.12000e+00,
-4.3196896e-01,2.00001e-01,-1.12000e+00,
-4.3182248e-01,2.00001e-01,-1.12000e+00,
-4.3167600e-01,-0.00000e+00,-1.12000e+00,
-4.3152952e-01,-0.00000e+00,-1.12000e+00,
-4.3138304e-01,2.00001e-01,-1.10000e+00,
-4.3123657e-01,-0.00000e+00,-1.12000e+00,
-4.3109009e-01,-0.00000e+00,-1.12000e+00,
-4.3094361e-01,-0.00000e+00,-1.10000e+00,
-4.3079713e-01,2.00001e-01,-1.10000e+00,
-4.3065065e-01,2.00001e-01,-1.10000e+00,
-4.3050417e-01,-0.00000e+00,-1.10000e+00,
-4.3035769e-01,-0.00000e+00,-1.10000e+00,
-4.3021122e-01,-0.00000e+00,-1.10000e+00,
-4.3006474e-01,-0.00000e+00,-1.10000e+00,
-4.2991826e-01,-0.00000e+00,-1.10000e+00,
-4.2977178e-01,-0.00000e+00,-1.10000e+00,
-4.2962530e-01,-0.00000e+00,-1.10000e+00,
-4.2947882e-01,2.00001e-01,-1.10000e+00,
-4.2933235e-01,-0.00000e+00,-1.10000e+00,
-4.2918587e-01,-0.00000e+00,-1.10000e+00,
-4.2903939e-01,2.00001e-01,-1.08000e+00,
-4.2889291e-01,2.00001e-01,-1.10000e+00,
-4.2874643e-01,-0.00000e+00,-1.08000e+00,
-4.2859995e-01,2.00001e-01,-1.10000e+00,
-4.2845348e-01,2.00001e-01,-1.08000e+00,
-4.2830700e-01,-0.00000e+00,-1.06000e+00,
-4.2816052e-01,-0.00000e+00,-1.08000e+00,
-4.2801404e-01,-0.00000e+00,-1.06000e+00,
-4.2786756e-01,-0.00000e+00,-1.06000e+00,
-4.2772108e-01,-0.00000e+00,-1.08000e+00,
-4.2757460e-01,-0.00000e+00,-1.06000e+00,
-4.2742813e-01,-0.00000e+00,-1.06000e+00,
-4.2728165e-01,2.00001e-01,-1.06000e+00,
-4.2713517e-01,-0.00000e+00,-1.06000e+00,
-4.2698869e-01,-0.00000e+00,-1.06000e+00,
-4.2684221e-01,2.00001e-01,-1.06000e+00,
-4.2669573e-01,-0.00000e+00,-1.06000e+00,
-4.2654926e-01,-0.00000e+00,-1.06000e+00,
-4.2640278e-01,-0.00000e+00,-1.04000e+00,
-4.2625630e-01,-0.00000e+00,-1.04000e+00,
-4.2610982e-01,-0.00000e+00,-1.04000e+00,
-4.2596334e-01,-0.00000e+00,-1.04000e+00,
-4.2581686e-01,-0.00000e+00,-1.04000e+00,
-4.2567039e-01,-0.00000e+00,-1.04000e+00,
-4.2552391e-01,-0.00000e+00,-1.02000e+00,
-4.2537743e-01,-0.00000e+00,-1.04000e+00,
-4.2523095e-01,-0.00000e+00,-1.02000e+00,
-4.2508447e-01,-0.00000e+00,-1.04000e+00,
-4.2493799e-01,-0.00000e+00,-1.02000e+00,
-4.2479151e-01,-0.00000e+00,-1.02000e+00,
-4.2464504e-01,-0.00000e+00,-1.04000e+00,
-4.2449856e-01,-0.00000e+00,-1.02000e+00,
-4.2435208e-01,-0.00000e+00,-1.02000e+00,
-4.2420560e-01,-0.00000e+00,-1.02000e+00,
-4.2405912e-01,-0.00000e+00,-1.02000e+00,
-4.2391264e-01,-0.00000e+00,-1.02000e+00,
-4.2376617e-01,-0.00000e+00,-1.02000e+00,
-4.2361969e-01,-0.00000e+00,-1.02000e+00,
-4.2347321e-01,-0.00000e+00,-1.02000e+00,
-4.2332673e-01,-0.00000e+00,-1.02000e+00,
-4.2318025e-01,2.00001e-01,-1.02000e+00,
-4.2303377e-01,2.00001e-01,-1.02000e+00,
-4.2288730e-01,-0.00000e+00,-1.02000e+00,
-4.2274082e-01,-0.00000e+00,-1.02000e+00,
-4.2259434e-01,-0.00000e+00,-1.02000e+00,
-4.2244786e-01,-0.00000e+00,-1.00000e+00,
-4.2230138e-01,2.00001e-01,-1.00000e+00,
-4.2215490e-01,-0.00000e+00,-1.00000e+00,
-4.2200842e-01,-0.00000e+00,-1.00000e+00,
-4.2186195e-01,-0.00000e+00,-1.00000e+00,
-4.2171547e-01,-0.00000e+00,-1.00000e+00,
-4.2156899e-01,2.00001e-01,-9.80000e-01,
-4.2142251e-01,2.00001e-01,-1.00000e+00,
-4.2127603e-01,-0.00000e+00,-1.00000e+00,
-4.2112955e-01,2.00001e-01,-9.80000e-01,
-4.2098308e-01,-0.00000e+00,-1.00000e+00,
-4.2083660e-01,-0.00000e+00,-9.80000e-01,
-4.2069012e-01,2.00001e-01,-9.80000e-01,
-4.2054364e-01,-0.00000e+00,-9.80000e-01,
-4.2039716e-01,-0.00000e+00,-9.80000e-01,
-4.2025068e-01,-0.00000e+00,-9.80000e-01,
-4.2010421e-01,-0.00000e+00,-9.80000e-01,
-4.1995773e-01,-0.00000e+00,-9.80000e-01,
-4.1981125e-01,-0.00000e+00,-9.80000e-01,
-4.1966477e-01,-0.00000e+00,-9.60000e-01,
-4.1951829e-01,-0.00000e+00,-9.80000e-01,
-4.1937181e-01,-0.00000e+00,-9.60000e-01,
-4.1922534e-01,-0.00000e+00,-9.60000e-01,
-4.1907886e-01,-0.00000e+00,-9.60000e-01,
-4.1893238e-01,-0.00000e+00,-9.60000e-01,
-4.1878590e-01,-0.00000e+00,-9.60000e-01,
-4.1863942e-01,-0.00000e+00,-9.60000e-01,
-4.1849294e-01,-0.00000e+00,-9.60000e-01,
-4.1834646e-01,-0.00000e+00,-9.60000e-01,
-4.1819999e-01,-0.00000e+00,-9.40000e-01,
-4.1805351e-01,-0.00000e+00,-9.40000e-01,
-4.1790703e-01,-0.00000e+00,-9.40000e-01,
-4.1776055e-01,2.00001e-01,-9.60000e-01,
-4.1761407e-01,-0.00000e+00,-9.40000e-01,
-4.1746759e-01,-0.00000e+00,-9.40000e-01,
-4.1732112e-01,-0.00000e+00,-9.40000e-01,
-4.1717464e-01,-0.00000e+00,-9.40000e-01,
-4.1702816e-01,-0.00000e+00,-9.40000e-01,
-4.1688168e-01,2.00001e-01,-9.40000e-01,
-4.1673520e-01,-0.00000e+00,-9.40000e-01,
-4.1658872e-01,-0.00000e+00,-9.40000e-01,
-4.1644225e-01,-0.00000e+00,-9.40000e-01,
-4.1629577e-01,-0.00000e+00,-9.40000e-01,
-4.1614929e-01,-0.00000e+00,-9.40000e-01,
-4.1600281e-01,-0.00000e+00,-9.40000e-01,
-4.1585633e-01,-0.00000e+00,-9.40000e-01,
-4.1570985e-01,2.00001e-01,-9.40000e-01,
-4.1556337e-01,-0.00000e+00,-9.40000e-01,
-4.1541690e-01,5.00000e+00,-9.40000e-01,
-4.1527042e-01,2.00001e-01,-9.40000e-01,
-4.1512394e-01,2.00001e-01,-9.40000e-01,
-4.1497746e-01,-0.00000e+00,-9.40000e-01,
-4.1483098e-01,-0.00000e+00,-9.20000e-01,
-4.1468450e-01,-0.00000e+00,-9.20000e-01,
-4.1453803e-01,2.00001e-01,-9.20000e-01,
-4.1439155e-01,2.00001e-01,-9.20000e-01,
-4.1424507e-01,-0.00000e+00,-9.20000e-01,
-4.1409859e-01,-0.00000e+00,-9.40000e-01,
-4.1395211e-01,-0.00000e+00,-9.00000e-01,
-4.1380563e-01,-0.00000e+00,-9.00000e-01,
-4.1365916e-01,-0.00000e+00,-9.20000e-01,
-4.1351268e-01,-0.00000e+00,-9.00000e-01,
-4.1336620e-01,2.00001e-01,-9.00000e-01,
-4.1321972e-01,-0.00000e+00,-9.00000e-01,
-4.1307324e-01,-0.00000e+00,-9.00000e-01,
-4.1292676e-01,-0.00000e+00,-9.00000e-01,
-4.1278028e-01,2.00001e-01,-9.00000e-01,
-4.1263381e-01,-0.00000e+00,-9.00000e-01,
-4.1248733e-01,-0.00000e+00,-9.00000e-01,
-4.1234085e-01,-0.00000e+00,-9.00000e-01,
-4.1219437e-01,2.00001e-01,-9.00000e-01,
-4.1204789e-01,-0.00000e+00,-9.00000e-01,
-4.1190141e-01,-0.00000e+00,-9.00000e-01,
-4.1175494e-01,-0.00000e+00,-8.80000e-01,
-4.1160846e-01,-0.00000e+00,-8.80000e-01,
-4.1146198e-01,-0.00000e+00,-8.80000e-01,
-4.1131550e-01,-0.00000e+00,-8.80000e-01,
-4.1116902e-01,-0.00000e+00,-8.80000e-01,
-4.1102254e-01,-0.00000e+00,-8.80000e-01,
-4.1087607e-01,-0.00000e+00,-8.80000e-01,
-4.1072959e-01,-0.00000e+00,-8.80000e-01,
-4.1058311e-01,-0.00000e+00,-8.60000e-01,
-4.1043663e-01,2.00001e-01,-8.60000e-01,
-4.1029015e-01,-0.00000e+00,-8.60000e-01,
-4.1014367e-01,-0.00000e+00,-8.60000e-01,
-4.0999720e-01,-0.00000e+00,-8.60000e-01,
-4.0985072e-01,2.00001e-01,-8.60000e-01,
-4.0970424e-01,-0.00000e+00,-8.80000e-01,
-4.0955776e-01,-0.00000e+00,-8.60000e-01,
-4.0941128e-01,-0.00000e+00,-8.60000e-01,
-4.0926480e-01,-0.00000e+00,-8.60000e-01,
-4.0911832e-01,-0.00000e+00,-8.60000e-01,
-4.0897185e-01,-0.00000e+00,-8.60000e-01,
-4.0882537e-01,-0.00000e+00,-8.60000e-01,
-4.0867889e-01,-0.00000e+00,-8.60000e-01,
-4.0853241e-01,-0.00000e+00,-8.60000e-01,
-4.0838593e-01,-0.00000e+00,-8.60000e-01,
-4.0823945e-01,-0.00000e+00,-8.60000e-01,
-4.0809298e-01,2.00001e-01,-8.20000e-01,
-4.0794650e-01,-0.00000e+00,-8.60000e-01,
-4.0780002e-01,-0.00000e+00,-8.60000e-01,
-4.0765354e-01,-0.00000e+00,-8.60000e-01,
-4.0750706e-01,-0.00000e+00,-8.20000e-01,
-4.0736058e-01,-0.00000e+00,-8.20000e-01,
-4.0721411e-01,-0.00000e+00,-8.60000e-01,
-4.0706763e-01,-0.00000e+00,-8.00000e-01,
-4.0692115e-01,-0.00000e+00,-8.60000e-01,
-4.0677467e-01,-0.00000e+00,-8.20000e-01,
-4.0662819e-01,2.00001e-01,-8.20000e-01,
-4.0648171e-01,-0.00000e+00,-8.00000e-01,
-4.0633523e-01,-0.00000e+00,-8.00000e-01,
-4.0618876e-01,-0.00000e+00,-8.00000e-01,
-4.0604228e-01,-0.00000e+00,-8.00000e-01,
-4.0589580e-01,-0.00000e+00,-8.20000e-01,
-4.0574932e-01,-0.00000e+00,-8.00000e-01,
-4.0560284e-01,-0.00000e+00,-8.00000e-01,
-4.0545636e-01,-0.00000e+00,-8.00000e-01,
-4.0530989e-01,2.00001e-01,-8.00000e-01,
-4.0516341e-01,-0.00000e+00,-8.00000e-01,
-4.0501693e-01,-0.00000e+00,-8.00000e-01,
-4.0487045e-01,-0.00000e+00,-7.80000e-01,
-4.0472397e-01,-0.00000e+00,-8.00000e-01,
-4.0457749e-01,-0.00000e+00,-8.00000e-01,
-4.0443102e-01,2.00001e-01,-7.80000e-01,
-4.0428454e-01,-0.00000e+00,-7.80000e-01,
-4.0413806e-01,-0.00000e+00,-7.80000e-01,
-4.0399158e-01,-0.00000e+00,-7.80000e-01,
-4.0384510e-01,-0.00000e+00,-7.80000e-01,
-4.0369862e-01,-0.00000e+00,-7.80000e-01,
-4.0355214e-01,2.00001e-01,-7.80000e-01,
-4.0340567e-01,-0.00000e+00,-7.80000e-01,
-4.0325919e-01,-0.00000e+00,-7.80000e-01,
-4.0311271e-01,2.00001e-01,-7.80000e-01,
-4.0296623e-01,-0.00000e+00,-7.80000e-01,
-4.0281975e-01,2.00001e-01,-7.80000e-01,
-4.0267327e-01,2.00001e-01,-7.60000e-01,
-4.0252680e-01,-0.00000e+00,-7.60000e-01,
-4.0238032e-01,-0.00000e+00,-7.80000e-01,
-4.0223384e-01,-0.00000e+00,-7.60000e-01,
-4.0208736e-01,-0.00000e+00,-7.60000e-01,
-4.0194088e-01,-0.00000e+00,-7.60000e-01,
-4.0179440e-01,2.00001e-01,-7.60000e-01,
-4.0164793e-01,-0.00000e+00,-7.60000e-01,
-4.0150145e-01,-0.00000e+00,-7.60000e-01,
-4.0135497e-01,-0.00000e+00,-7.60000e-01,
-4.0120849e-01,-0.00000e+00,-7.60000e-01,
-4.0106201e-01,2.00001e-01,-7.60000e-01,
-4.0091553e-01,-0.00000e+00,-7.60000e-01,
-4.0076905e-01,-0.00000e+00,-7.60000e-01,
-4.0062258e-01,-0.00000e+00,-7.60000e-01,
-4.0047610e-01,-0.00000e+00,-7.60000e-01,
-4.0032962e-01,2.00001e-01,-7.20000e-01,
-4.0018314e-01,-0.00000e+00,-7.60000e-01,
-4.0003666e-01,-0.00000e+00,-7.60000e-01,
-3.9989018e-01,-0.00000e+00,-7.60000e-01,
-3.9974371e-01,-0.00000e+00,-7.40000e-01,
-3.9959723e-01,2.00001e-01,-7.60000e-01,
-3.9945075e-01,-0.00000e+00,-7.60000e-01,
-3.9930427e-01,-0.00000e+00,-7.40000e-01,
-3.9915779e-01,-0.00000e+00,-7.20000e-01,
-3.9901131e-01,-0.00000e+00,-7.20000e-01,
-3.9886484e-01,-0.00000e+00,-7.40000e-01,
-3.9871836e-01,-0.00000e+00,-7.20000e-01,
-3.9857188e-01,2.00001e-01,-7.20000e-01,
-3.9842540e-01,-0.00000e+00,-7.20000e-01,
-3.9827892e-01,-0.00000e+00,-7.20000e-01,
-3.9813244e-01,-0.00000e+00,-7.20000e-01,
-3.9798597e-01,-0.00000e+00,-7.20000e-01,
-3.9783949e-01,-0.00000e+00,-7.20000e-01,
-3.9769301e-01,-0.00000e+00,-7.20000e-01,
-3.9754653e-01,-0.00000e+00,-7.20000e-01,
-3.9740005e-01,-0.00000e+00,-7.20000e-01,
-3.9725357e-01,2.00001e-01,-7.20000e-01,
-3.9710709e-01,-0.00000e+00,-7.20000e-01,
-3.9696062e-01,-0.00000e+00,-7.20000e-01,
-3.9681414e-01,-0.00000e+00,-7.20000e-01,
-3.9666766e-01,-0.00000e+00,-7.00000e-01,
-3.9652118e-01,-0.00000e+00,-7.20000e-01,
-3.9637470e-01,-0.00000e+00,-7.20000e-01,
-3.9622822e-01,-0.00000e+00,-7.20000e-01,
-3.9608175e-01,2.00001e-01,-7.20000e-01,
-3.9593527e-01,-0.00000e+00,-7.00000e-01,
-3.9578879e-01,-0.00000e+00,-7.00000e-01,
-3.9564231e-01,-0.00000e+00,-7.00000e-01,
-3.9549583e-01,2.00001e-01,-7.00000e-01,
-3.9534935e-01,-0.00000e+00,-7.00000e-01,
-3.9520288e-01,-0.00000e+00,-6.80000e-01,
-3.9505640e-01,2.00001e-01,-7.00000e-01,
-3.9490992e-01,-0.00000e+00,-6.80000e-01,
-3.9476344e-01,-0.00000e+00,-6.80000e-01,
-3.9461696e-01,-0.00000e+00,-6.80000e-01,
-3.9447048e-01,-0.00000e+00,-6.80000e-01,
-3.9432400e-01,-0.00000e+00,-6.80000e-01,
-3.9417753e-01,-0.00000e+00,-6.80000e-01,
-3.9403105e-01,-0.00000e+00,-6.80000e-01,
-3.9388457e-01,-0.00000e+00,-6.80000e-01,
-3.9373809e-01,-0.00000e+00,-6.80000e-01,
-3.9359161e-01,-0.00000e+00,-6.80000e-01,
-3.9344513e-01,-0.00000e+00,-6.80000e-01,
-3.9329866e-01,-0.00000e+00,-6.80000e-01,
-3.9315218e-01,-0.00000e+00,-6.80000e-01,
-3.9300570e-01,-0.00000e+00,-6.80000e-01,
-3.9285922e-01,-0.00000e+00,-6.80000e-01,
-3.9271274e-01,-0.00000e+00,-6.80000e-01,
-3.9256626e-01,-0.00000e+00,-6.80000e-01,
-3.9241979e-01,-0.00000e+00,-6.60000e-01,
-3.9227331e-01,-0.00000e+00,-6.60000e-01,
-3.9212683e-01,-0.00000e+00,-6.60000e-01,
-3.9198035e-01,-0.00000e+00,-6.60000e-01,
-3.9183387e-01,-0.00000e+00,-6.40000e-01,
-3.9168739e-01,2.00001e-01,-6.60000e-01,
-3.9154091e-01,2.00001e-01,-6.40000e-01,
-3.9139444e-01,2.00001e-01,-6.60000e-01,
-3.9124796e-01,-0.00000e+00,-6.60000e-01,
-3.9110148e-01,-0.00000e+00,-6.40000e-01,
-3.9095500e-01,-0.00000e+00,-6.40000e-01,
-3.9080852e-01,-0.00000e+00,-6.40000e-01,
-3.9066204e-01,-0.00000e+00,-6.40000e-01,
-3.9051557e-01,-0.00000e+00,-6.40000e-01,
-3.9036909e-01,-0.00000e+00,-6.40000e-01,
-3.9022261e-01,-0.00000e+00,-6.40000e-01,
-3.9007613e-01,-0.00000e+00,-6.40000e-01,
-3.8992965e-01,-0.00000e+00,-6.40000e-01,
-3.8978317e-01,-0.00000e+00,-6.40000e-01,
-3.8963670e-01,-0.00000e+00,-6.40000e-01,
-3.8949022e-01,-0.00000e+00,-6.40000e-01,
-3.8934374e-01,-0.00000e+00,-6.20000e-01,
-3.8919726e-01,-0.00000e+00,-6.20000e-01,
-3.8905078e-01,-0.00000e+00,-6.40000e-01,
-3.8890430e-01,-0.00000e+00,-6.20000e-01,
-3.8875782e-01,-0.00000e+00,-6.20000e-01,
-3.8861135e-01,-0.00000e+00,-6.00000e-01,
-3.8846487e-01,-0.00000e+00,-6.20000e-01,
-3.8831839e-01,-0.00000e+00,-6.20000e-01,
-3.8817191e-01,-0.00000e+00,-6.00000e-01,
-3.8802543e-01,-0.00000e+00,-6.00000e-01,
-3.8787895e-01,-0.00000e+00,-6.20000e-01,
-3.8773248e-01,2.00001e-01,-6.20000e-01,
-3.8758600e-01,-0.00000e+00,-6.00000e-01,
-3.8743952e-01,-0.00000e+00,-6.20000e-01,
-3.8729304e-01,-0.00000e+00,-6.20000e-01,
-3.8714656e-01,-0.00000e+00,-6.20000e-01,
-3.8700008e-01,-0.00000e+00,-6.00000e-01,
-3.8685361e-01,-0.00000e+00,-6.00000e-01,
-3.8670713e-01,-0.00000e+00,-6.00000e-01,
-3.8656065e-01,2.00001e-01,-6.00000e-01,
-3.8641417e-01,-0.00000e+00,-6.00000e-01,
-3.8626769e-01,-0.00000e+00,-6.00000e-01,
-3.8612121e-01,2.00001e-01,-6.00000e-01,
-3.8597474e-01,-0.00000e+00,-6.00000e-01,
-3.8582826e-01,-0.00000e+00,-6.00000e-01,
-3.8568178e-01,-0.00000e+00,-6.00000e-01,
-3.8553530e-01,2.00001e-01,-6.00000e-01,
-3.8538882e-01,-0.00000e+00,-6.00000e-01,
-3.8524234e-01,2.00001e-01,-6.00000e-01,
-3.8509586e-01,-0.00000e+00,-6.00000e-01,
-3.8494939e-01,-0.00000e+00,-6.00000e-01,
-3.8480291e-01,-0.00000e+00,-6.00000e-01,
-3.8465643e-01,-0.00000e+00,-6.00000e-01,
-3.8450995e-01,-0.00000e+00,-6.00000e-01,
-3.8436347e-01,2.00001e-01,-6.00000e-01,
-3.8421699e-01,-0.00000e+00,-6.00000e-01,
-3.8407052e-01,2.00001e-01,-5.80000e-01,
-3.8392404e-01,-0.00000e+00,-5.80000e-01,
-3.8377756e-01,2.00001e-01,-5.80000e-01,
-3.8363108e-01,-0.00000e+00,-5.60000e-01,
-3.8348460e-01,2.00001e-01,-6.00000e-01,
-3.8333812e-01,2.00001e-01,-5.80000e-01,
-3.8319165e-01,-0.00000e+00,-5.80000e-01,
-3.8304517e-01,-0.00000e+00,-5.80000e-01,
-3.8289869e-01,-0.00000e+00,-5.60000e-01,
-3.8275221e-01,2.00001e-01,-5.80000e-01,
-3.8260573e-01,-0.00000e+00,-5.60000e-01,
-3.8245925e-01,-0.00000e+00,-5.60000e-01,
-3.8231277e-01,-0.00000e+00,-5.80000e-01,
-3.8216630e-01,-0.00000e+00,-5.60000e-01,
-3.8201982e-01,-0.00000e+00,-5.60000e-01,
-3.8187334e-01,-0.00000e+00,-5.60000e-01,
-3.8172686e-01,-0.00000e+00,-5.60000e-01,
-3.8158038e-01,-0.00000e+00,-5.60000e-01,
-3.8143390e-01,-0.00000e+00,-5.60000e-01,
-3.8128743e-01,-0.00000e+00,-5.60000e-01,
-3.8114095e-01,-0.00000e+00,-5.40000e-01,
-3.8099447e-01,-0.00000e+00,-5.60000e-01,
-3.8084799e-01,-0.00000e+00,-5.40000e-01,
-3.8070151e-01,-0.00000e+00,-5.60000e-01,
-3.8055503e-01,-0.00000e+00,-5.40000e-01,
-3.8040856e-01,-0.00000e+00,-5.40000e-01,
-3.8026208e-01,-0.00000e+00,-5.60000e-01,
-3.8011560e-01,-0.00000e+00,-5.40000e-01,
-3.7996912e-01,-0.00000e+00,-5.60000e-01,
-3.7982264e-01,-0.00000e+00,-5.40000e-01,
-3.7967616e-01,-0.00000e+00,-5.40000e-01,
-3.7952968e-01,-0.00000e+00,-5.40000e-01,
-3.7938321e-01,-0.00000e+00,-5.40000e-01,
-3.7923673e-01,-0.00000e+00,-5.40000e-01,
-3.7909025e-01,-0.00000e+00,-5.40000e-01,
-3.7894377e-01,-0.00000e+00,-5.20000e-01,
-3.7879729e-01,-0.00000e+00,-5.20000e-01,
-3.7865081e-01,-0.00000e+00,-5.20000e-01,
-3.7850434e-01,-0.00000e+00,-5.40000e-01,
-3.7835786e-01,-0.00000e+00,-5.20000e-01,
-3.7821138e-01,-0.00000e+00,-5.20000e-01,
-3.7806490e-01,2.00001e-01,-5.20000e-01,
-3.7791842e-01,-0.00000e+00,-5.20000e-01,
-3.7777194e-01,-0.00000e+00,-5.20000e-01,
-3.7762547e-01,-0.00000e+00,-5.20000e-01,
-3.7747899e-01,-0.00000e+00,-5.20000e-01,
-3.7733251e-01,-0.00000e+00,-5.20000e-01,
-3.7718603e-01,-0.00000e+00,-5.20000e-01,
-3.7703955e-01,-0.00000e+00,-5.20000e-01,
-3.7689307e-01,-0.00000e+00,-5.20000e-01,
-3.7674659e-01,-0.00000e+00,-5.20000e-01,
-3.7660012e-01,-0.00000e+00,-5.20000e-01,
-3.7645364e-01,-0.00000e+00,-5.20000e-01,
-3.7630716e-01,2.00001e-01,-5.20000e-01,
-3.7616068e-01,-0.00000e+00,-5.20000e-01,
-3.7601420e-01,2.00001e-01,-5.20000e-01,
-3.7586772e-01,2.00001e-01,-5.20000e-01,
-3.7572125e-01,-0.00000e+00,-5.00000e-01,
-3.7557477e-01,2.00001e-01,-5.20000e-01,
-3.7542829e-01,-0.00000e+00,-5.20000e-01,
-3.7528181e-01,-0.00000e+00,-5.20000e-01,
-3.7513533e-01,-0.00000e+00,-5.00000e-01,
-3.7498885e-01,-0.00000e+00,-5.20000e-01,
-3.7484238e-01,-0.00000e+00,-5.00000e-01,
-3.7469590e-01,-0.00000e+00,-5.20000e-01,
-3.7454942e-01,-0.00000e+00,-5.00000e-01,
-3.7440294e-01,-0.00000e+00,-5.20000e-01,
-3.7425646e-01,-0.00000e+00,-5.00000e-01,
-3.7410998e-01,2.00001e-01,-4.80000e-01,
-3.7396351e-01,2.00001e-01,-4.80000e-01,
-3.7381703e-01,-0.00000e+00,-5.00000e-01,
-3.7367055e-01,-0.00000e+00,-4.80000e-01,
-3.7352407e-01,2.00001e-01,-5.00000e-01,
-3.7337759e-01,2.00001e-01,-5.00000e-01,
-3.7323111e-01,-0.00000e+00,-4.80000e-01,
-3.7308463e-01,-0.00000e+00,-4.80000e-01,
-3.7293816e-01,-0.00000e+00,-4.80000e-01,
-3.7279168e-01,-0.00000e+00,-4.80000e-01,
-3.7264520e-01,-0.00000e+00,-4.80000e-01,
-3.7249872e-01,-0.00000e+00,-4.80000e-01,
-3.7235224e-01,-0.00000e+00,-4.80000e-01,
-3.7220576e-01,-0.00000e+00,-4.80000e-01,
-3.7205929e-01,2.00001e-01,-4.80000e-01,
-3.7191281e-01,-0.00000e+00,-4.60000e-01,
-3.7176633e-01,-0.00000e+00,-4.80000e-01,
-3.7161985e-01,2.00001e-01,-4.60000e-01,
-3.7147337e-01,-0.00000e+00,-4.80000e-01,
-3.7132689e-01,-0.00000e+00,-4.80000e-01,
-3.7118042e-01,2.00001e-01,-4.60000e-01,
-3.7103394e-01,-0.00000e+00,-4.60000e-01,
-3.7088746e-01,-0.00000e+00,-4.80000e-01,
-3.7074098e-01,-0.00000e+00,-4.60000e-01,
-3.7059450e-01,-0.00000e+00,-4.60000e-01,
-3.7044802e-01,-0.00000e+00,-4.60000e-01,
-3.7030154e-01,-0.00000e+00,-4.60000e-01,
-3.7015507e-01,-0.00000e+00,-4.60000e-01,
-3.7000859e-01,2.00001e-01,-4.40000e-01,
-3.6986211e-01,-0.00000e+00,-4.40000e-01,
-3.6971563e-01,2.00001e-01,-4.60000e-01,
-3.6956915e-01,-0.00000e+00,-4.60000e-01,
-3.6942267e-01,-0.00000e+00,-4.40000e-01,
-3.6927620e-01,-0.00000e+00,-4.60000e-01,
-3.6912972e-01,-0.00000e+00,-4.40000e-01,
-3.6898324e-01,-0.00000e+00,-4.60000e-01,
-3.6883676e-01,2.00001e-01,-4.40000e-01,
-3.6869028e-01,-0.00000e+00,-4.40000e-01,
-3.6854380e-01,-0.00000e+00,-4.40000e-01,
-3.6839733e-01,-0.00000e+00,-4.40000e-01,
-3.6825085e-01,2.00001e-01,-4.40000e-01,
-3.6810437e-01,-0.00000e+00,-4.40000e-01,
-3.6795789e-01,-0.00000e+00,-4.40000e-01,
-3.6781141e-01,-0.00000e+00,-4.40000e-01,
-3.6766493e-01,-0.00000e+00,-4.40000e-01,
-3.6751845e-01,-0.00000e+00,-4.40000e-01,
-3.6737198e-01,-0.00000e+00,-4.40000e-01,
-3.6722550e-01,-0.00000e+00,-4.40000e-01,
-3.6707902e-01,-0.00000e+00,-4.40000e-01,
-3.6693254e-01,-0.00000e+00,-4.40000e-01,
-3.6678606e-01,-0.00000e+00,-4.40000e-01,
-3.6663958e-01,-0.00000e+00,-4.40000e-01,
-3.6649311e-01,-0.00000e+00,-4.40000e-01,
-3.6634663e-01,-0.00000e+00,-4.40000e-01,
-3.6620015e-01,-0.00000e+00,-4.40000e-01,
-3.6605367e-01,-0.00000e+00,-4.20000e-01,
-3.6590719e-01,-0.00000e+00,-4.40000e-01,
-3.6576071e-01,-0.00000e+00,-4.40000e-01,
-3.6561424e-01,2.00001e-01,-4.20000e-01,
-3.6546776e-01,2.00001e-01,-4.20000e-01,
-3.6532128e-01,-0.00000e+00,-4.40000e-01,
-3.6517480e-01,2.00001e-01,-4.40000e-01,
-3.6502832e-01,2.00001e-01,-4.20000e-01,
-3.6488184e-01,2.00001e-01,-4.00000e-01,
-3.6473536e-01,-0.00000e+00,-4.20000e-01,
-3.6458889e-01,-0.00000e+00,-4.00000e-01,
-3.6444241e-01,2.00001e-01,-4.20000e-01,
-3.6429593e-01,-0.00000e+00,-4.00000e-01,
-3.6414945e-01,-0.00000e+00,-4.20000e-01,
-3.6400297e-01,-0.00000e+00,-4.00000e-01,
-3.6385649e-01,-0.00000e+00,-4.00000e-01,
-3.6371002e-01,-0.00000e+00,-4.00000e-01,
-3.6356354e-01,-0.00000e+00,-4.20000e-01,
-3.6341706e-01,-0.00000e+00,-4.00000e-01,
-3.6327058e-01,-0.00000e+00,-4.00000e-01,
-3.6312410e-01,-0.00000e+00,-4.20000e-01,
-3.6297762e-01,-0.00000e+00,-4.00000e-01,
-3.6283115e-01,-0.00000e+00,-4.00000e-01,
-3.6268467e-01,-0.00000e+00,-4.00000e-01,
-3.6253819e-01,2.00001e-01,-4.00000e-01,
-3.6239171e-01,-0.00000e+00,-4.00000e-01,
-3.6224523e-01,-0.00000e+00,-4.00000e-01,
-3.6209875e-01,-0.00000e+00,-4.00000e-01,
-3.6195228e-01,-0.00000e+00,-4.00000e-01,
-3.6180580e-01,-0.00000e+00,-3.80000e-01,
-3.6165932e-01,-0.00000e+00,-4.00000e-01,
-3.6151284e-01,-0.00000e+00,-3.80000e-01,
-3.6136636e-01,-0.00000e+00,-3.80000e-01,
-3.6121988e-01,-0.00000e+00,-4.00000e-01,
-3.6107340e-01,-0.00000e+00,-3.80000e-01,
-3.6092693e-01,-0.00000e+00,-3.80000e-01,
-3.6078045e-01,-0.00000e+00,-3.80000e-01,
-3.6063397e-01,-0.00000e+00,-3.80000e-01,
-3.6048749e-01,-0.00000e+00,-3.80000e-01,
-3.6034101e-01,-0.00000e+00,-3.80000e-01,
-3.6019453e-01,-0.00000e+00,-3.80000e-01,
-3.6004806e-01,-0.00000e+00,-3.60000e-01,
-3.5990158e-01,-0.00000e+00,-3.80000e-01,
-3.5975510e-01,-0.00000e+00,-3.80000e-01,
-3.5960862e-01,2.00001e-01,-3.60000e-01,
-3.5946214e-01,2.00001e-01,-3.60000e-01,
-3.5931566e-01,2.00001e-01,-3.60000e-01,
-3.5916919e-01,-0.00000e+00,-3.60000e-01,
-3.5902271e-01,2.00001e-01,-3.60000e-01,
-3.5887623e-01,-0.00000e+00,-3.80000e-01,
-3.5872975e-01,-0.00000e+00,-3.60000e-01,
-3.5858327e-01,-0.00000e+00,-3.60000e-01,
-3.5843679e-01,-0.00000e+00,-3.60000e-01,
-3.5829031e-01,-0.00000e+00,-3.60000e-01,
-3.5814384e-01,-0.00000e+00,-3.60000e-01,
-3.5799736e-01,-0.00000e+00,-3.60000e-01,
-3.5785088e-01,-0.00000e+00,-3.60000e-01,
-3.5770440e-01,-0.00000e+00,-3.60000e-01,
-3.5755792e-01,-0.00000e+00,-3.60000e-01,
-3.5741144e-01,-0.00000e+00,-3.60000e-01,
-3.5726497e-01,-0.00000e+00,-3.60000e-01,
-3.5711849e-01,-0.00000e+00,-3.60000e-01,
-3.5697201e-01,-0.00000e+00,-3.60000e-01,
-3.5682553e-01,-0.00000e+00,-3.60000e-01,
-3.5667905e-01,-0.00000e+00,-3.60000e-01,
-3.5653257e-01,-0.00000e+00,-3.60000e-01,
-3.5638610e-01,-0.00000e+00,-3.40000e-01,
-3.5623962e-01,-0.00000e+00,-3.40000e-01,
-3.5609314e-01,-0.00000e+00,-3.60000e-01,
-3.5594666e-01,-0.00000e+00,-3.60000e-01,
-3.5580018e-01,-0.00000e+00,-3.40000e-01,
-3.5565370e-01,-0.00000e+00,-3.60000e-01,
-3.5550722e-01,2.00001e-01,-3.40000e-01,
-3.5536075e-01,2.00001e-01,-3.60000e-01,
-3.5521427e-01,-0.00000e+00,-3.40000e-01,
-3.5506779e-01,-0.00000e+00,-3.40000e-01,
-3.5492131e-01,-0.00000e+00,-3.20000e-01,
-3.5477483e-01,-0.00000e+00,-3.40000e-01,
-3.5462835e-01,-0.00000e+00,-3.60000e-01,
-3.5448188e-01,-0.00000e+00,-3.20000e-01,
-3.5433540e-01,-0.00000e+00,-3.40000e-01,
-3.5418892e-01,-0.00000e+00,-3.40000e-01,
-3.5404244e-01,-0.00000e+00,-3.40000e-01,
-3.5389596e-01,-0.00000e+00,-3.40000e-01,
-3.5374948e-01,-0.00000e+00,-3.20000e-01,
-3.5360301e-01,-0.00000e+00,-3.20000e-01,
-3.5345653e-01,-0.00000e+00,-3.20000e-01,
-3.5331005e-01,-0.00000e+00,-3.40000e-01,
-3.5316357e-01,-0.00000e+00,-3.20000e-01,
-3.5301709e-01,-0.00000e+00,-3.20000e-01,
-3.5287061e-01,-0.00000e+00,-3.20000e-01,
-3.5272413e-01,-0.00000e+00,-3.20000e-01,
-3.5257766e-01,-0.00000e+00,-3.40000e-01,
-3.5243118e-01,-0.00000e+00,-3.20000e-01,
-3.5228470e-01,-0.00000e+00,-3.00000e-01,
-3.5213822e-01,-0.00000e+00,-3.20000e-01,
-3.5199174e-01,2.00001e-01,-3.20000e-01,
-3.5184526e-01,-0.00000e+00,-3.20000e-01,
-3.5169879e-01,-0.00000e+00,-3.00000e-01,
-3.5155231e-01,2.00001e-01,-3.00000e-01,
-3.5140583e-01,-0.00000e+00,-3.00000e-01,
-3.5125935e-01,-0.00000e+00,-3.00000e-01,
-3.5111287e-01,-0.00000e+00,-3.00000e-01,
-3.5096639e-01,2.00001e-01,-3.00000e-01,
-3.5081992e-01,-0.00000e+00,-3.00000e-01,
-3.5067344e-01,-0.00000e+00,-3.00000e-01,
-3.5052696e-01,-0.00000e+00,-3.00000e-01,
-3.5038048e-01,-0.00000e+00,-3.00000e-01,
-3.5023400e-01,-0.00000e+00,-3.00000e-01,
-3.5008752e-01,2.00001e-01,-3.00000e-01,
-3.4994105e-01,2.00001e-01,-2.80000e-01,
-3.4979457e-01,-0.00000e+00,-2.80000e-01,
-3.4964809e-01,-0.00000e+00,-3.00000e-01,
-3.4950161e-01,-0.00000e+00,-2.80000e-01,
-3.4935513e-01,-0.00000e+00,-3.00000e-01,
-3.4920865e-01,-0.00000e+00,-2.80000e-01,
-3.4906217e-01,-0.00000e+00,-2.80000e-01,
-3.4891570e-01,-0.00000e+00,-2.80000e-01,
-3.4876922e-01,-0.00000e+00,-2.80000e-01,
-3.4862274e-01,-0.00000e+00,-2.80000e-01,
-3.4847626e-01,-0.00000e+00,-2.80000e-01,
-3.4832978e-01,-0.00000e+00,-2.80000e-01,
-3.4818330e-01,-0.00000e+00,-2.80000e-01,
-3.4803683e-01,2.00001e-01,-2.80000e-01,
-3.4789035e-01,-0.00000e+00,-2.80000e-01,
-3.4774387e-01,-0.00000e+00,-2.80000e-01,
-3.4759739e-01,-0.00000e+00,-2.80000e-01,
-3.4745091e-01,-0.00000e+00,-2.80000e-01,
-3.4730443e-01,-0.00000e+00,-2.80000e-01,
-3.4715796e-01,-0.00000e+00,-2.80000e-01,
-3.4701148e-01,-0.00000e+00,-2.80000e-01,
-3.4686500e-01,-0.00000e+00,-2.80000e-01,
-3.4671852e-01,-0.00000e+00,-2.80000e-01,
-3.4657204e-01,-0.00000e+00,-2.80000e-01,
-3.4642556e-01,-0.00000e+00,-2.80000e-01,
-3.4627908e-01,-0.00000e+00,-2.80000e-01,
-3.4613261e-01,-0.00000e+00,-2.80000e-01,
-3.4598613e-01,2.00001e-01,-2.60000e-01,
-3.4583965e-01,-0.00000e+00,-2.80000e-01,
-3.4569317e-01,-0.00000e+00,-2.80000e-01,
-3.4554669e-01,-0.00000e+00,-2.80000e-01,
-3.4540021e-01,2.00001e-01,-2.60000e-01,
-3.4525374e-01,2.00001e-01,-2.80000e-01,
-3.4510726e-01,2.00001e-01,-2.80000e-01,
-3.4496078e-01,-0.00000e+00,-2.60000e-01,
-3.4481430e-01,-0.00000e+00,-2.60000e-01,
-3.4466782e-01,-0.00000e+00,-2.40000e-01,
-3.4452134e-01,-0.00000e+00,-2.80000e-01,
-3.4437487e-01,-0.00000e+00,-2.60000e-01,
-3.4422839e-01,-0.00000e+00,-2.80000e-01,
-3.4408191e-01,-0.00000e+00,-2.60000e-01,
-3.4393543e-01,-0.00000e+00,-2.60000e-01,
-3.4378895e-01,-0.00000e+00,-2.60000e-01,
-3.4364247e-01,-0.00000e+00,-2.40000e-01,
-3.4349599e-01,-0.00000e+00,-2.60000e-01,
-3.4334952e-01,-0.00000e+00,-2.40000e-01,
-3.4320304e-01,-0.00000e+00,-2.60000e-01,
-3.4305656e-01,-0.00000e+00,-2.40000e-01,
-3.4291008e-01,2.00001e-01,-2.40000e-01,
-3.4276360e-01,-0.00000e+00,-2.60000e-01,
-3.4261712e-01,-0.00000e+00,-2.40000e-01,
-3.4247065e-01,2.00001e-01,-2.40000e-01,
-3.4232417e-01,2.00001e-01,-2.40000e-01,
-3.4217769e-01,-0.00000e+00,-2.40000e-01,
-3.4203121e-01,-0.00000e+00,-2.40000e-01,
-3.4188473e-01,-0.00000e+00,-2.40000e-01,
-3.4173825e-01,-0.00000e+00,-2.40000e-01,
-3.4159178e-01,-0.00000e+00,-2.40000e-01,
-3.4144530e-01,-0.00000e+00,-2.40000e-01,
-3.4129882e-01,2.00001e-01,-2.40000e-01,
-3.4115234e-01,-0.00000e+00,-2.40000e-01,
-3.4100586e-01,-0.00000e+00,-2.20000e-01,
-3.4085938e-01,-0.00000e+00,-2.40000e-01,
-3.4071290e-01,-0.00000e+00,-2.20000e-01,
-3.4056643e-01,-0.00000e+00,-2.40000e-01,
-3.4041995e-01,-0.00000e+00,-2.20000e-01,
-3.4027347e-01,-0.00000e+00,-2.20000e-01,
-3.4012699e-01,-0.00000e+00,-2.40000e-01,
-3.3998051e-01,-0.00000e+00,-2.20000e-01,
-3.3983403e-01,-0.00000e+00,-2.20000e-01,
-3.3968756e-01,-0.00000e+00,-2.20000e-01,
-3.3954108e-01,-0.00000e+00,-2.20000e-01,
-3.3939460e-01,-0.00000e+00,-2.20000e-01,
-3.3924812e-01,-0.00000e+00,-2.00000e-01,
-3.3910164e-01,-0.00000e+00,-2.20000e-01,
-3.3895516e-01,-0.00000e+00,-2.20000e-01,
-3.3880869e-01,-0.00000e+00,-2.20000e-01,
-3.3866221e-01,-0.00000e+00,-2.20000e-01,
-3.3851573e-01,-0.00000e+00,-2.20000e-01,
-3.3836925e-01,2.00001e-01,-2.20000e-01,
-3.3822277e-01,-0.00000e+00,-2.00000e-01,
-3.3807629e-01,-0.00000e+00,-2.00000e-01,
-3.3792982e-01,2.00001e-01,-2.00000e-01,
-3.3778334e-01,-0.00000e+00,-2.20000e-01,
-3.3763686e-01,-0.00000e+00,-2.20000e-01,
-3.3749038e-01,-0.00000e+00,-2.00000e-01,
-3.3734390e-01,-0.00000e+00,-2.00000e-01,
-3.3719742e-01,-0.00000e+00,-2.00000e-01,
-3.3705094e-01,-0.00000e+00,-2.00000e-01,
-3.3690447e-01,-0.00000e+00,-2.00000e-01,
-3.3675799e-01,-0.00000e+00,-2.00000e-01,
-3.3661151e-01,-0.00000e+00,-2.00000e-01,
-3.3646503e-01,-0.00000e+00,-2.00000e-01,
-3.3631855e-01,-0.00000e+00,-2.00000e-01,
-3.3617207e-01,2.00001e-01,-2.00000e-01,
-3.3602560e-01,-0.00000e+00,-2.00000e-01,
-3.3587912e-01,-0.00000e+00,-2.00000e-01,
-3.3573264e-01,-0.00000e+00,-2.00000e-01,
-3.3558616e-01,-0.00000e+00,-2.00000e-01,
-3.3543968e-01,-0.00000e+00,-2.00000e-01,
-3.3529320e-01,-0.00000e+00,-2.00000e-01,
-3.3514673e-01,-0.00000e+00,-2.00000e-01,
-3.3500025e-01,-0.00000e+00,-2.00000e-01,
-3.3485377e-01,-0.00000e+00,-2.00000e-01,
-3.3470729e-01,-0.00000e+00,-2.00000e-01,
-3.3456081e-01,-0.00000e+00,-2.00000e-01,
-3.3441433e-01,-0.00000e+00,-2.00000e-01,
-3.3426785e-01,-0.00000e+00,-2.00000e-01,
-3.3412138e-01,-0.00000e+00,-1.80000e-01,
-3.3397490e-01,-0.00000e+00,-2.00000e-01,
-3.3382842e-01,-0.00000e+00,-2.00000e-01,
-3.3368194e-01,-0.00000e+00,-2.00000e-01,
-3.3353546e-01,-0.00000e+00,-2.00000e-01,
-3.3338898e-01,-0.00000e+00,-1.80000e-01,
-3.3324251e-01,-0.00000e+00,-1.80000e-01,
-3.3309603e-01,2.00001e-01,-2.00000e-01,
-3.3294955e-01,-0.00000e+00,-1.80000e-01,
-3.3280307e-01,2.00001e-01,-1.80000e-01,
-3.3265659e-01,-0.00000e+00,-2.00000e-01,
-3.3251011e-01,2.00001e-01,-2.00000e-01,
-3.3236364e-01,-0.00000e+00,-2.00000e-01,
-3.3221716e-01,-0.00000e+00,-1.60000e-01,
-3.3207068e-01,-0.00000e+00,-1.80000e-01,
-3.3192420e-01,-0.00000e+00,-1.80000e-01,
-3.3177772e-01,-0.00000e+00,-1.80000e-01,
-3.3163124e-01,-0.00000e+00,-1.80000e-01,
-3.3148476e-01,2.00001e-01,-1.80000e-01,
-3.3133829e-01,-0.00000e+00,-1.60000e-01,
-3.3119181e-01,-0.00000e+00,-1.60000e-01,
-3.3104533e-01,-0.00000e+00,-1.60000e-01,
-3.3089885e-01,-0.00000e+00,-1.80000e-01,
-3.3075237e-01,-0.00000e+00,-1.80000e-01,
-3.3060589e-01,-0.00000e+00,-1.60000e-01,
-3.3045942e-01,2.00001e-01,-1.60000e-01,
-3.3031294e-01,-0.00000e+00,-1.60000e-01,
-3.3016646e-01,-0.00000e+00,-1.60000e-01,
-3.3001998e-01,-0.00000e+00,-1.60000e-01,
-3.2987350e-01,2.00001e-01,-1.60000e-01,
-3.2972702e-01,-0.00000e+00,-1.60000e-01,
-3.2958055e-01,-0.00000e+00,-1.60000e-01,
-3.2943407e-01,2.00001e-01,-1.60000e-01,
-3.2928759e-01,-0.00000e+00,-1.60000e-01,
-3.2914111e-01,-0.00000e+00,-1.40000e-01,
-3.2899463e-01,-0.00000e+00,-1.60000e-01,
-3.2884815e-01,-0.00000e+00,-1.60000e-01,
-3.2870167e-01,-0.00000e+00,-1.40000e-01,
-3.2855520e-01,-0.00000e+00,-1.60000e-01,
-3.2840872e-01,-0.00000e+00,-1.40000e-01,
-3.2826224e-01,-0.00000e+00,-1.60000e-01,
-3.2811576e-01,-0.00000e+00,-1.40000e-01,
-3.2796928e-01,2.00001e-01,-1.40000e-01,
-3.2782280e-01,-0.00000e+00,-1.60000e-01,
-3.2767633e-01,-0.00000e+00,-1.40000e-01,
-3.2752985e-01,-0.00000e+00,-1.20000e-01,
-3.2738337e-01,2.00001e-01,-1.40000e-01,
-3.2723689e-01,2.00001e-01,-1.40000e-01,
-3.2709041e-01,2.00001e-01,-1.40000e-01,
-3.2694393e-01,-0.00000e+00,-1.40000e-01,
-3.2679746e-01,-0.00000e+00,-1.40000e-01,
-3.2665098e-01,-0.00000e+00,-1.40000e-01,
-3.2650450e-01,2.00001e-01,-1.40000e-01,
-3.2635802e-01,-0.00000e+00,-1.40000e-01,
-3.2621154e-01,-0.00000e+00,-1.40000e-01,
-3.2606506e-01,-0.00000e+00,-1.20000e-01,
-3.2591859e-01,-0.00000e+00,-1.20000e-01,
-3.2577211e-01,-0.00000e+00,-1.20000e-01,
-3.2562563e-01,2.00001e-01,-1.20000e-01,
-3.2547915e-01,2.00001e-01,-1.40000e-01,
-3.2533267e-01,2.00001e-01,-1.40000e-01,
-3.2518619e-01,-0.00000e+00,-1.20000e-01,
-3.2503971e-01,-0.00000e+00,-1.40000e-01,
-3.2489324e-01,-0.00000e+00,-1.20000e-01,
-3.2474676e-01,-0.00000e+00,-1.20000e-01,
-3.2460028e-01,-0.00000e+00,-1.20000e-01,
-3.2445380e-01,-0.00000e+00,-1.20000e-01,
-3.2430732e-01,-0.00000e+00,-1.20000e-01,
-3.2416084e-01,2.00001e-01,-1.20000e-01,
-3.2401437e-01,-0.00000e+00,-1.20000e-01,
-3.2386789e-01,-0.00000e+00,-1.20000e-01,
-3.2372141e-01,-0.00000e+00,-1.20000e-01,
-3.2357493e-01,-0.00000e+00,-1.20000e-01,
-3.2342845e-01,-0.00000e+00,-1.20000e-01,
-3.2328197e-01,-0.00000e+00,-1.20000e-01,
-3.2313550e-01,-0.00000e+00,-1.20000e-01,
-3.2298902e-01,-0.00000e+00,-1.20000e-01,
-3.2284254e-01,-0.00000e+00,-1.20000e-01,
-3.2269606e-01,-0.00000e+00,-1.20000e-01,
-3.2254958e-01,-0.00000e+00,-1.20000e-01,
-3.2240310e-01,-0.00000e+00,-1.20000e-01,
-3.2225662e-01,-0.00000e+00,-1.20000e-01,
-3.2211015e-01,-0.00000e+00,-1.20000e-01,
-3.2196367e-01,2.00001e-01,-1.20000e-01,
-3.2181719e-01,-0.00000e+00,-1.20000e-01,
-3.2167071e-01,-0.00000e+00,-1.20000e-01,
-3.2152423e-01,-0.00000e+00,-1.20000e-01,
-3.2137775e-01,-0.00000e+00,-1.20000e-01,
-3.2123128e-01,-0.00000e+00,-1.20000e-01,
-3.2108480e-01,-0.00000e+00,-1.20000e-01,
-3.2093832e-01,2.00001e-01,-1.20000e-01,
-3.2079184e-01,2.00001e-01,-1.20000e-01,
-3.2064536e-01,2.00001e-01,-1.20000e-01,
-3.2049888e-01,-0.00000e+00,-1.20000e-01,
-3.2035241e-01,-0.00000e+00,-1.20000e-01,
-3.2020593e-01,-0.00000e+00,-9.99999e-02,
-3.2005945e-01,-0.00000e+00,-9.99999e-02,
-3.1991297e-01,-0.00000e+00,-1.20000e-01,
-3.1976649e-01,2.00001e-01,-9.99999e-02,
-3.1962001e-01,-0.00000e+00,-9.99999e-02,
-3.1947353e-01,-0.00000e+00,-9.99999e-02,
-3.1932706e-01,-0.00000e+00,-9.99999e-02,
-3.1918058e-01,-0.00000e+00,-7.99999e-02,
-3.1903410e-01,2.00001e-01,-9.99999e-02,
-3.1888762e-01,-0.00000e+00,-7.99999e-02,
-3.1874114e-01,-0.00000e+00,-7.99999e-02,
-3.1859466e-01,-0.00000e+00,-9.99999e-02,
-3.1844819e-01,-0.00000e+00,-7.99999e-02,
-3.1830171e-01,-0.00000e+00,-7.99999e-02,
-3.1815523e-01,-0.00000e+00,-7.99999e-02,
-3.1800875e-01,-0.00000e+00,-7.99999e-02,
-3.1786227e-01,-0.00000e+00,-7.99999e-02,
-3.1771579e-01,-0.00000e+00,-7.99999e-02,
-3.1756932e-01,-0.00000e+00,-7.99999e-02,
-3.1742284e-01,2.00001e-01,-7.99999e-02,
-3.1727636e-01,-0.00000e+00,-7.99999e-02,
-3.1712988e-01,-0.00000e+00,-7.99999e-02,
-3.1698340e-01,-0.00000e+00,-7.99999e-02,
-3.1683692e-01,2.00001e-01,-7.99999e-02,
-3.1669044e-01,-0.00000e+00,-7.99999e-02,
-3.1654397e-01,-0.00000e+00,-7.99999e-02,
-3.1639749e-01,-0.00000e+00,-7.99999e-02,
-3.1625101e-01,2.00001e-01,-5.99999e-02,
-3.1610453e-01,-0.00000e+00,-7.99999e-02,
-3.1595805e-01,-0.00000e+00,-7.99999e-02,
-3.1581157e-01,-0.00000e+00,-5.99999e-02,
-3.1566510e-01,-0.00000e+00,-5.99999e-02,
-3.1551862e-01,-0.00000e+00,-5.99999e-02,
-3.1537214e-01,-0.00000e+00,-5.99999e-02,
-3.1522566e-01,2.00001e-01,-5.99999e-02,
-3.1507918e-01,-0.00000e+00,-5.99999e-02,
-3.1493270e-01,-0.00000e+00,-5.99999e-02,
-3.1478623e-01,-0.00000e+00,-5.99999e-02,
-3.1463975e-01,-0.00000e+00,-5.99999e-02,
-3.1449327e-01,-0.00000e+00,-5.99999e-02,
-3.1434679e-01,-0.00000e+00,-5.99999e-02,
-3.1420031e-01,-0.00000e+00,-3.99998e-02,
-3.1405383e-01,-0.00000e+00,-5.99999e-02,
-3.1390736e-01,-0.00000e+00,-5.99999e-02,
-3.1376088e-01,-0.00000e+00,-3.99998e-02,
-3.1361440e-01,-0.00000e+00,-5.99999e-02,
-3.1346792e-01,-0.00000e+00,-5.99999e-02,
-3.1332144e-01,-0.00000e+00,-5.99999e-02,
-3.1317496e-01,-0.00000e+00,-3.99998e-02,
-3.1302848e-01,-0.00000e+00,-3.99998e-02,
-3.1288201e-01,-0.00000e+00,-5.99999e-02,
-3.1273553e-01,-0.00000e+00,-5.99999e-02,
-3.1258905e-01,-0.00000e+00,-5.99999e-02,
-3.1244257e-01,-0.00000e+00,-3.99998e-02,
-3.1229609e-01,-0.00000e+00,-5.99999e-02,
-3.1214961e-01,-0.00000e+00,-3.99998e-02,
-3.1200314e-01,-0.00000e+00,-5.99999e-02,
-3.1185666e-01,-0.00000e+00,-3.99998e-02,
-3.1171018e-01,-0.00000e+00,-3.99998e-02,
-3.1156370e-01,2.00001e-01,-3.99998e-02,
-3.1141722e-01,-0.00000e+00,-5.99999e-02,
-3.1127074e-01,-0.00000e+00,-3.99998e-02,
-3.1112427e-01,-0.00000e+00,-3.99998e-02,
-3.1097779e-01,-0.00000e+00,-3.99998e-02,
-3.1083131e-01,-0.00000e+00,-3.99998e-02,
-3.1068483e-01,-0.00000e+00,-3.99998e-02,
-3.1053835e-01,-0.00000e+00,-3.99998e-02,
-3.1039187e-01,-0.00000e+00,-3.99998e-02,
-3.1024539e-01,-0.00000e+00,-3.99998e-02,
-3.1009892e-01,-0.00000e+00,-3.99998e-02,
-3.0995244e-01,-0.00000e+00,-3.99998e-02,
-3.0980596e-01,2.00001e-01,-3.99998e-02,
-3.0965948e-01,-0.00000e+00,-3.99998e-02,
-3.0951300e-01,-0.00000e+00,-3.99998e-02,
-3.0936652e-01,2.00001e-01,-3.99998e-02,
-3.0922005e-01,-0.00000e+00,-3.99998e-02,
-3.0907357e-01,-0.00000e+00,-3.99998e-02,
-3.0892709e-01,-0.00000e+00,-3.99998e-02,
-3.0878061e-01,2.00001e-01,-3.99998e-02,
-3.0863413e-01,2.00001e-01,-3.99998e-02,
-3.0848765e-01,-0.00000e+00,-3.99998e-02,
-3.0834118e-01,-0.00000e+00,-3.99998e-02,
-3.0819470e-01,-0.00000e+00,-3.99998e-02,
-3.0804822e-01,-0.00000e+00,1.19209e-07,
-3.0790174e-01,-0.00000e+00,-3.99998e-02,
-3.0775526e-01,-0.00000e+00,-3.99998e-02,
-3.0760878e-01,-0.00000e+00,-3.99998e-02,
-3.0746230e-01,-0.00000e+00,-3.99998e-02,
-3.0731583e-01,-0.00000e+00,-3.99998e-02,
-3.0716935e-01,-0.00000e+00,1.19209e-07,
-3.0702287e-01,-0.00000e+00,-3.99998e-02,
-3.0687639e-01,-0.00000e+00,1.19209e-07,
-3.0672991e-01,-0.00000e+00,1.19209e-07,
-3.0658343e-01,-0.00000e+00,2.00001e-02,
-3.0643696e-01,2.00001e-01,2.00001e-02,
-3.0629048e-01,-0.00000e+00,1.19209e-07,
-3.0614400e-01,2.00001e-01,2.00001e-02,
-3.0599752e-01,-0.00000e+00,2.00001e-02,
-3.0585104e-01,-0.00000e+00,2.00001e-02,
-3.0570456e-01,-0.00000e+00,1.19209e-07,
-3.0555809e-01,2.00001e-01,2.00001e-02,
-3.0541161e-01,2.00001e-01,2.00001e-02,
-3.0526513e-01,-0.00000e+00,1.19209e-07,
-3.0511865e-01,-0.00000e+00,2.00001e-02,
-3.0497217e-01,-0.00000e+00,2.00001e-02,
-3.0482569e-01,2.00001e-01,2.00001e-02,
-3.0467921e-01,-0.00000e+00,2.00001e-02,
-3.0453274e-01,-0.00000e+00,2.00001e-02,
-3.0438626e-01,-0.00000e+00,2.00001e-02,
-3.0423978e-01,-0.00000e+00,1.19209e-07,
-3.0409330e-01,-0.00000e+00,2.00001e-02,
-3.0394682e-01,-0.00000e+00,2.00001e-02,
-3.0380034e-01,-0.00000e+00,2.00001e-02,
-3.0365387e-01,-0.00000e+00,2.00001e-02,
-3.0350739e-01,-0.00000e+00,2.00001e-02,
-3.0336091e-01,-0.00000e+00,2.00001e-02,
-3.0321443e-01,-0.00000e+00,2.00001e-02,
-3.0306795e-01,-0.00000e+00,2.00001e-02,
-3.0292147e-01,-0.00000e+00,2.00001e-02,
-3.0277500e-01,-0.00000e+00,2.00001e-02,
-3.0262852e-01,-0.00000e+00,4.00001e-02,
-3.0248204e-01,-0.00000e+00,2.00001e-02,
-3.0233556e-01,-0.00000e+00,2.00001e-02,
-3.0218908e-01,-0.00000e+00,2.00001e-02,
-3.0204260e-01,-0.00000e+00,2.00001e-02,
-3.0189613e-01,-0.00000e+00,4.00001e-02,
-3.0174965e-01,-0.00000e+00,2.00001e-02,
-3.0160317e-01,-0.00000e+00,2.00001e-02,
-3.0145669e-01,-0.00000e+00,4.00001e-02,
-3.0131021e-01,-0.00000e+00,4.00001e-02,
-3.0116373e-01,-0.00000e+00,4.00001e-02,
-3.0101725e-01,-0.00000e+00,2.00001e-02,
-3.0087078e-01,-0.00000e+00,4.00001e-02,
-3.0072430e-01,-0.00000e+00,2.00001e-02,
-3.0057782e-01,-0.00000e+00,4.00001e-02,
-3.0043134e-01,-0.00000e+00,4.00001e-02,
-3.0028486e-01,-0.00000e+00,4.00001e-02,
-3.0013838e-01,-0.00000e+00,4.00001e-02,
-2.9999191e-01,-0.00000e+00,4.00001e-02,
-2.9984543e-01,-0.00000e+00,4.00001e-02,
-2.9969895e-01,2.00001e-01,4.00001e-02,
-2.9955247e-01,-0.00000e+00,4.00001e-02,
-2.9940599e-01,-0.00000e+00,4.00001e-02,
-2.9925951e-01,-0.00000e+00,4.00001e-02,
-2.9911304e-01,-0.00000e+00,6.00001e-02,
-2.9896656e-01,-0.00000e+00,6.00001e-02,
-2.9882008e-01,-0.00000e+00,6.00001e-02,
-2.9867360e-01,-0.00000e+00,6.00001e-02,
-2.9852712e-01,2.00001e-01,6.00001e-02,
-2.9838064e-01,2.00001e-01,6.00001e-02,
-2.9823416e-01,-0.00000e+00,6.00001e-02,
-2.9808769e-01,-0.00000e+00,6.00001e-02,
-2.9794121e-01,-0.00000e+00,6.00001e-02,
-2.9779473e-01,-0.00000e+00,6.00001e-02,
-2.9764825e-01,-0.00000e+00,6.00001e-02,
-2.9750177e-01,2.00001e-01,6.00001e-02,
-2.9735529e-01,-0.00000e+00,6.00001e-02,
-2.9720882e-01,-0.00000e+00,6.00001e-02,
-2.9706234e-01,-0.00000e+00,6.00001e-02,
-2.9691586e-01,-0.00000e+00,4.00001e-02,
-2.9676938e-01,-0.00000e+00,6.00001e-02,
-2.9662290e-01,-0.00000e+00,6.00001e-02,
-2.9647642e-01,-0.00000e+00,6.00001e-02,
-2.9632995e-01,-0.00000e+00,6.00001e-02,
-2.9618347e-01,-0.00000e+00,6.00001e-02,
-2.9603699e-01,-0.00000e+00,6.00001e-02,
-2.9589051e-01,-0.00000e+00,6.00001e-02,
-2.9574403e-01,-0.00000e+00,6.00001e-02,
-2.9559755e-01,-0.00000e+00,6.00001e-02,
-2.9545107e-01,-0.00000e+00,6.00001e-02,
-2.9530460e-01,-0.00000e+00,6.00001e-02,
-2.9515812e-01,-0.00000e+00,6.00001e-02,
-2.9501164e-01,2.00001e-01,6.00001e-02,
-2.9486516e-01,-0.00000e+00,6.00001e-02,
-2.9471868e-01,-0.00000e+00,6.00001e-02,
-2.9457220e-01,-0.00000e+00,8.00000e-02,
-2.9442573e-01,-0.00000e+00,6.00001e-02,
-2.9427925e-01,-0.00000e+00,6.00001e-02,
-2.9413277e-01,-0.00000e+00,6.00001e-02,
-2.9398629e-01,-0.00000e+00,8.00000e-02,
-2.9383981e-01,-0.00000e+00,6.00001e-02,
-2.9369333e-01,-0.00000e+00,6.00001e-02,
-2.9354686e-01,-0.00000e+00,6.00001e-02,
-2.9340038e-01,-0.00000e+00,6.00001e-02,
-2.9325390e-01,-0.00000e+00,6.00001e-02,
-2.9310742e-01,-0.00000e+00,6.00001e-02,
-2.9296094e-01,-0.00000e+00,6.00001e-02,
-2.9281446e-01,-0.00000e+00,6.00001e-02,
-2.9266798e-01,-0.00000e+00,6.00001e-02,
-2.9252151e-01,-0.00000e+00,6.00001e-02,
-2.9237503e-01,-0.00000e+00,6.00001e-02,
-2.9222855e-01,-0.00000e+00,6.00001e-02,
-2.9208207e-01,-0.00000e+00,6.00001e-02,
-2.9193559e-01,-0.00000e+00,6.00001e-02,
-2.9178911e-01,-0.00000e+00,6.00001e-02,
-2.9164264e-01,-0.00000e+00,6.00001e-02,
-2.9149616e-01,-0.00000e+00,8.00000e-02,
-2.9134968e-01,-0.00000e+00,6.00001e-02,
-2.9120320e-01,-0.00000e+00,8.00000e-02,
-2.9105672e-01,-0.00000e+00,6.00001e-02,
-2.9091024e-01,-0.00000e+00,8.00000e-02,
-2.9076377e-01,-0.00000e+00,8.00000e-02,
-2.9061729e-01,-0.00000e+00,8.00000e-02,
-2.9047081e-01,2.00001e-01,1.00000e-01,
-2.9032433e-01,-0.00000e+00,8.00000e-02,
-2.9017785e-01,-0.00000e+00,8.00000e-02,
-2.9003137e-01,2.00001e-01,1.00000e-01,
-2.8988490e-01,2.00001e-01,8.00000e-02,
-2.8973842e-01,-0.00000e+00,8.00000e-02,
-2.8959194e-01,-0.00000e+00,1.00000e-01,
-2.8944546e-01,-0.00000e+00,8.00000e-02,
-2.8929898e-01,-0.00000e+00,1.00000e-01,
-2.8915250e-01,-0.00000e+00,1.00000e-01,
-2.8900602e-01,-0.00000e+00,8.00000e-02,
-2.8885955e-01,-0.00000e+00,1.00000e-01,
-2.8871307e-01,-0.00000e+00,1.00000e-01,
-2.8856659e-01,-0.00000e+00,1.00000e-01,
-2.8842011e-01,-0.00000e+00,1.00000e-01,
-2.8827363e-01,-0.00000e+00,1.00000e-01,
-2.8812715e-01,2.00001e-01,1.00000e-01,
-2.8798068e-01,-0.00000e+00,1.00000e-01,
-2.8783420e-01,-0.00000e+00,1.00000e-01,
-2.8768772e-01,-0.00000e+00,1.00000e-01,
-2.8754124e-01,-0.00000e+00,1.00000e-01,
-2.8739476e-01,-0.00000e+00,1.20000e-01,
-2.8724828e-01,-0.00000e+00,1.00000e-01,
-2.8710181e-01,-0.00000e+00,1.00000e-01,
-2.8695533e-01,-0.00000e+00,1.00000e-01,
-2.8680885e-01,-0.00000e+00,1.00000e-01,
-2.8666237e-01,-0.00000e+00,1.20000e-01,
-2.8651589e-01,-0.00000e+00,1.00000e-01,
-2.8636941e-01,-0.00000e+00,1.00000e-01,
-2.8622293e-01,-0.00000e+00,1.20000e-01,
-2.8607646e-01,-0.00000e+00,1.20000e-01,
-2.8592998e-01,-0.00000e+00,1.00000e-01,
-2.8578350e-01,-0.00000e+00,1.00000e-01,
-2.8563702e-01,-0.00000e+00,1.20000e-01,
-2.8549054e-01,-0.00000e+00,1.20000e-01,
-2.8534406e-01,-0.00000e+00,1.20000e-01,
-2.8519759e-01,-0.00000e+00,1.20000e-01,
-2.8505111e-01,-0.00000e+00,1.20000e-01,
-2.8490463e-01,-0.00000e+00,1.20000e-01,
-2.8475815e-01,-0.00000e+00,1.20000e-01,
-2.8461167e-01,-0.00000e+00,1.20000e-01,
-2.8446519e-01,-0.00000e+00,1.20000e-01,
-2.8431872e-01,-0.00000e+00,1.20000e-01,
-2.8417224e-01,-0.00000e+00,1.20000e-01,
-2.8402576e-01,-0.00000e+00,1.20000e-01,
-2.8387928e-01,-0.00000e+00,1.20000e-01,
-2.8373280e-01,-0.00000e+00,1.20000e-01,
-2.8358632e-01,-0.00000e+00,1.20000e-01,
-2.8343984e-01,-0.00000e+00,1.40000e-01,
-2.8329337e-01,-0.00000e+00,1.20000e-01,
-2.8314689e-01,-0.00000e+00,1.40000e-01,
-2.8300041e-01,-0.00000e+00,1.20000e-01,
-2.8285393e-01,-0.00000e+00,1.20000e-01,
-2.8270745e-01,-0.00000e+00,1.20000e-01,
-2.8256097e-01,-0.00000e+00,1.20000e-01,
-2.8241450e-01,-0.00000e+00,1.20000e-01,
-2.8226802e-01,2.00001e-01,1.40000e-01,
-2.8212154e-01,-0.00000e+00,1.40000e-01,
-2.8197506e-01,-0.00000e+00,1.20000e-01,
-2.8182858e-01,-0.00000e+00,1.40000e-01,
-2.8168210e-01,-0.00000e+00,1.40000e-01,
-2.8153563e-01,-0.00000e+00,1.40000e-01,
-2.8138915e-01,-0.00000e+00,1.20000e-01,
-2.8124267e-01,-0.00000e+00,1.20000e-01,
-2.8109619e-01,-0.00000e+00,1.20000e-01,
-2.8094971e-01,-0.00000e+00,1.40000e-01,
-2.8080323e-01,2.00001e-01,1.40000e-01,
-2.8065675e-01,-0.00000e+00,1.40000e-01,
-2.8051028e-01,-0.00000e+00,1.40000e-01,
-2.8036380e-01,-0.00000e+00,1.40000e-01,
-2.8021732e-01,-0.00000e+00,1.20000e-01,
-2.8007084e-01,-0.00000e+00,1.40000e-01,
-2.7992436e-01,-0.00000e+00,1.40000e-01,
-2.7977788e-01,-0.00000e+00,1.40000e-01,
-2.7963141e-01,2.00001e-01,1.40000e-01,
-2.7948493e-01,-0.00000e+00,1.40000e-01,
-2.7933845e-01,-0.00000e+00,1.40000e-01,
-2.7919197e-01,-0.00000e+00,1.40000e-01,
-2.7904549e-01,2.00001e-01,1.40000e-01,
-2.7889901e-01,-0.00000e+00,1.40000e-01,
-2.7875254e-01,-0.00000e+00,1.40000e-01,
-2.7860606e-01,2.00001e-01,1.40000e-01,
-2.7845958e-01,-0.00000e+00,1.40000e-01,
-2.7831310e-01,-0.00000e+00,1.40000e-01,
-2.7816662e-01,-0.00000e+00,1.40000e-01,
-2.7802014e-01,2.00001e-01,1.40000e-01,
-2.7787367e-01,2.00001e-01,1.40000e-01,
-2.7772719e-01,-0.00000e+00,1.40000e-01,
-2.7758071e-01,-0.00000e+00,1.40000e-01,
-2.7743423e-01,-0.00000e+00,1.40000e-01,
-2.7728775e-01,-0.00000e+00,1.40000e-01,
-2.7714127e-01,-0.00000e+00,1.40000e-01,
-2.7699479e-01,-0.00000e+00,1.40000e-01,
-2.7684832e-01,2.00001e-01,1.40000e-01,
-2.7670184e-01,-0.00000e+00,1.40000e-01,
-2.7655536e-01,-0.00000e+00,1.40000e-01,
-2.7640888e-01,-0.00000e+00,1.40000e-01,
-2.7626240e-01,-0.00000e+00,1.60000e-01,
-2.7611592e-01,2.00001e-01,1.40000e-01,
-2.7596945e-01,-0.00000e+00,1.40000e-01,
-2.7582297e-01,-0.00000e+00,1.60000e-01,
-2.7567649e-01,-0.00000e+00,1.40000e-01,
-2.7553001e-01,-0.00000e+00,1.40000e-01,
-2.7538353e-01,-0.00000e+00,1.60000e-01,
-2.7523705e-01,-0.00000e+00,1.40000e-01,
-2.7509058e-01,-0.00000e+00,1.40000e-01,
-2.7494410e-01,-0.00000e+00,1.40000e-01,
-2.7479762e-01,-0.00000e+00,1.40000e-01,
-2.7465114e-01,-0.00000e+00,1.40000e-01,
-2.7450466e-01,-0.00000e+00,1.80000e-01,
-2.7435818e-01,-0.00000e+00,1.40000e-01,
-2.7421170e-01,-0.00000e+00,1.40000e-01,
-2.7406523e-01,-0.00000e+00,1.40000e-01,
-2.7391875e-01,-0.00000e+00,1.40000e-01,
-2.7377227e-01,2.00001e-01,1.40000e-01,
-2.7362579e-01,2.00001e-01,1.60000e-01,
-2.7347931e-01,-0.00000e+00,1.40000e-01,
-2.7333283e-01,-0.00000e+00,1.40000e-01,
-2.7318636e-01,-0.00000e+00,1.60000e-01,
-2.7303988e-01,-0.00000e+00,1.60000e-01,
-2.7289340e-01,-0.00000e+00,1.60000e-01,
-2.7274692e-01,-0.00000e+00,1.60000e-01,
-2.7260044e-01,-0.00000e+00,1.80000e-01,
-2.7245396e-01,-0.00000e+00,1.80000e-01,
-2.7230749e-01,-0.00000e+00,1.80000e-01,
-2.7216101e-01,2.00001e-01,1.40000e-01,
-2.7201453e-01,-0.00000e+00,1.40000e-01,
-2.7186805e-01,-0.00000e+00,1.80000e-01,
-2.7172157e-01,-0.00000e+00,1.80000e-01,
-2.7157509e-01,2.00001e-01,1.80000e-01,
-2.7142861e-01,2.00001e-01,1.80000e-01,
-2.7128214e-01,-0.00000e+00,1.80000e-01,
-2.7113566e-01,-0.00000e+00,1.80000e-01,
-2.7098918e-01,-0.00000e+00,1.80000e-01,
-2.7084270e-01,-0.00000e+00,1.80000e-01,
-2.7069622e-01,-0.00000e+00,1.60000e-01,
-2.7054974e-01,-0.00000e+00,1.80000e-01,
-2.7040327e-01,-0.00000e+00,1.80000e-01,
-2.7025679e-01,-0.00000e+00,1.80000e-01,
-2.7011031e-01,-0.00000e+00,1.80000e-01,
-2.6996383e-01,-0.00000e+00,1.80000e-01,
-2.6981735e-01,-0.00000e+00,1.80000e-01,
-2.6967087e-01,-0.00000e+00,1.80000e-01,
-2.6952440e-01,-0.00000e+00,1.80000e-01,
-2.6937792e-01,-0.00000e+00,1.80000e-01,
-2.6923144e-01,5.00000e+00,1.40000e-01,
-2.6908496e-01,-0.00000e+00,1.80000e-01,
-2.6893848e-01,-0.00000e+00,1.80000e-01,
-2.6879200e-01,-0.00000e+00,1.80000e-01,
-2.6864552e-01,-0.00000e+00,1.80000e-01,
-2.6849905e-01,-0.00000e+00,1.80000e-01,
-2.6835257e-01,-0.00000e+00,1.80000e-01,
-2.6820609e-01,-0.00000e+00,1.80000e-01,
-2.6805961e-01,-0.00000e+00,1.80000e-01,
-2.6791313e-01,-0.00000e+00,1.80000e-01,
-2.6776665e-01,2.00001e-01,1.80000e-01,
-2.6762018e-01,-0.00000e+00,1.80000e-01,
-2.6747370e-01,2.00001e-01,1.80000e-01,
-2.6732722e-01,-0.00000e+00,2.00000e-01,
-2.6718074e-01,2.00001e-01,2.00000e-01,
-2.6703426e-01,-0.00000e+00,1.80000e-01,
-2.6688778e-01,-0.00000e+00,1.80000e-01,
-2.6674131e-01,2.00001e-01,2.00000e-01,
-2.6659483e-01,2.00001e-01,2.00000e-01,
-2.6644835e-01,-0.00000e+00,2.00000e-01,
-2.6630187e-01,-0.00000e+00,2.00000e-01,
-2.6615539e-01,2.00001e-01,1.80000e-01,
-2.6600891e-01,-0.00000e+00,2.00000e-01,
-2.6586244e-01,-0.00000e+00,2.00000e-01,
-2.6571596e-01,-0.00000e+00,2.00000e-01,
-2.6556948e-01,-0.00000e+00,2.00000e-01,
-2.6542300e-01,-0.00000e+00,2.00000e-01,
-2.6527652e-01,-0.00000e+00,2.00000e-01,
-2.6513004e-01,-0.00000e+00,2.20000e-01,
-2.6498356e-01,-0.00000e+00,2.00000e-01,
-2.6483709e-01,-0.00000e+00,2.00000e-01,
-2.6469061e-01,-0.00000e+00,2.00000e-01,
-2.6454413e-01,-0.00000e+00,2.00000e-01,
-2.6439765e-01,-0.00000e+00,2.00000e-01,
-2.6425117e-01,-0.00000e+00,2.00000e-01,
-2.6410469e-01,2.00001e-01,2.00000e-01,
-2.6395822e-01,-0.00000e+00,2.00000e-01,
-2.6381174e-01,-0.00000e+00,2.00000e-01,
-2.6366526e-01,-0.00000e+00,2.00000e-01,
-2.6351878e-01,-0.00000e+00,2.00000e-01,
-2.6337230e-01,-0.00000e+00,2.00000e-01,
-2.6322582e-01,-0.00000e+00,2.20000e-01,
-2.6307935e-01,2.00001e-01,2.00000e-01,
-2.6293287e-01,-0.00000e+00,2.20000e-01,
-2.6278639e-01,-0.00000e+00,2.20000e-01,
-2.6263991e-01,-0.00000e+00,2.00000e-01,
-2.6249343e-01,2.00001e-01,2.00000e-01,
-2.6234695e-01,-0.00000e+00,2.20000e-01,
-2.6220047e-01,-0.00000e+00,2.00000e-01,
-2.6205400e-01,2.00001e-01,2.20000e-01,
-2.6190752e-01,-0.00000e+00,2.20000e-01,
-2.6176104e-01,-0.00000e+00,2.20000e-01,
-2.6161456e-01,-0.00000e+00,2.20000e-01,
-2.6146808e-01,-0.00000e+00,2.20000e-01,
-2.6132160e-01,-0.00000e+00,2.20000e-01,
-2.6117513e-01,-0.00000e+00,2.20000e-01,
-2.6102865e-01,-0.00000e+00,2.20000e-01,
-2.6088217e-01,-0.00000e+00,2.20000e-01,
-2.6073569e-01,-0.00000e+00,2.20000e-01,
-2.6058921e-01,2.00001e-01,2.20000e-01,
-2.6044273e-01,-0.00000e+00,2.20000e-01,
-2.6029626e-01,2.00001e-01,2.20000e-01,
-2.6014978e-01,2.00001e-01,2.20000e-01,
-2.6000330e-01,2.00001e-01,2.20000e-01,
-2.5985682e-01,-0.00000e+00,2.20000e-01,
-2.5971034e-01,-0.00000e+00,2.20000e-01,
-2.5956386e-01,2.00001e-01,2.20000e-01,
-2.5941738e-01,-0.00000e+00,2.20000e-01,
-2.5927091e-01,-0.00000e+00,2.20000e-01,
-2.5912443e-01,-0.00000e+00,2.20000e-01,
-2.5897795e-01,2.00001e-01,2.20000e-01,
-2.5883147e-01,-0.00000e+00,2.20000e-01,
-2.5868499e-01,-0.00000e+00,2.20000e-01,
-2.5853851e-01,-0.00000e+00,2.20000e-01,
-2.5839204e-01,2.00001e-01,2.20000e-01,
-2.5824556e-01,-0.00000e+00,2.20000e-01,
-2.5809908e-01,-0.00000e+00,2.20000e-01,
-2.5795260e-01,-0.00000e+00,2.20000e-01,
-2.5780612e-01,-0.00000e+00,2.20000e-01,
-2.5765964e-01,-0.00000e+00,2.20000e-01,
-2.5751317e-01,-0.00000e+00,2.20000e-01,
-2.5736669e-01,-0.00000e+00,2.20000e-01,
-2.5722021e-01,-0.00000e+00,2.20000e-01,
-2.5707373e-01,-0.00000e+00,2.20000e-01,
-2.5692725e-01,2.00001e-01,2.20000e-01,
-2.5678077e-01,-0.00000e+00,2.20000e-01,
-2.5663429e-01,2.00001e-01,2.20000e-01,
-2.5648782e-01,-0.00000e+00,2.40000e-01,
-2.5634134e-01,-0.00000e+00,2.20000e-01,
-2.5619486e-01,-0.00000e+00,2.40000e-01,
-2.5604838e-01,-0.00000e+00,2.20000e-01,
-2.5590190e-01,-0.00000e+00,2.40000e-01,
-2.5575542e-01,-0.00000e+00,2.20000e-01,
-2.5560895e-01,-0.00000e+00,2.60000e-01,
-2.5546247e-01,-0.00000e+00,2.40000e-01,
-2.5531599e-01,2.00001e-01,2.40000e-01,
-2.5516951e-01,-0.00000e+00,2.40000e-01,
-2.5502303e-01,2.00001e-01,2.40000e-01,
-2.5487655e-01,2.00001e-01,2.60000e-01,
-2.5473008e-01,-0.00000e+00,2.40000e-01,
-2.5458360e-01,-0.00000e+00,2.40000e-01,
-2.5443712e-01,-0.00000e+00,2.20000e-01,
-2.5429064e-01,2.00001e-01,2.40000e-01,
-2.5414416e-01,2.00001e-01,2.60000e-01,
-2.5399768e-01,-0.00000e+00,2.60000e-01,
-2.5385121e-01,-0.00000e+00,2.20000e-01,
-2.5370473e-01,-0.00000e+00,2.60000e-01,
-2.5355825e-01,-0.00000e+00,2.40000e-01,
-2.5341177e-01,-0.00000e+00,2.60000e-01,
-2.5326529e-01,2.00001e-01,2.60000e-01,
-2.5311881e-01,-0.00000e+00,2.40000e-01,
-2.5297233e-01,-0.00000e+00,2.60000e-01,
-2.5282586e-01,-0.00000e+00,2.40000e-01,
-2.5267938e-01,-0.00000e+00,2.60000e-01,
-2.5253290e-01,-0.00000e+00,2.40000e-01,
-2.5238642e-01,-0.00000e+00,2.60000e-01,
-2.5223994e-01,-0.00000e+00,2.40000e-01,
-2.5209346e-01,-0.00000e+00,2.40000e-01,
-2.5194699e-01,-0.00000e+00,2.60000e-01,
-2.5180051e-01,-0.00000e+00,2.60000e-01,
-2.5165403e-01,2.00001e-01,2.60000e-01,
-2.5150755e-01,2.00001e-01,2.60000e-01,
-2.5136107e-01,-0.00000e+00,2.60000e-01,
-2.5121459e-01,-0.00000e+00,2.60000e-01,
-2.5106812e-01,-0.00000e+00,2.60000e-01,
-2.5092164e-01,-0.00000e+00,2.60000e-01,
-2.5077516e-01,-0.00000e+00,2.60000e-01,
-2.5062868e-01,-0.00000e+00,2.60000e-01,
-2.5048220e-01,-0.00000e+00,2.60000e-01,
-2.5033572e-01,-0.00000e+00,2.60000e-01,
-2.5018924e-01,2.00001e-01,2.60000e-01,
-2.5004277e-01,-0.00000e+00,2.80000e-01,
-2.4989629e-01,-0.00000e+00,2.60000e-01,
-2.4974981e-01,2.00001e-01,2.60000e-01,
-2.4960333e-01,-0.00000e+00,2.60000e-01,
-2.4945685e-01,-0.00000e+00,2.60000e-01,
-2.4931037e-01,-0.00000e+00,2.60000e-01,
-2.4916390e-01,-0.00000e+00,2.60000e-01,
-2.4901742e-01,-0.00000e+00,2.60000e-01,
-2.4887094e-01,-0.00000e+00,2.60000e-01,
-2.4872446e-01,-0.00000e+00,2.80000e-01,
-2.4857798e-01,-0.00000e+00,2.60000e-01,
-2.4843150e-01,-0.00000e+00,2.60000e-01,
-2.4828503e-01,-0.00000e+00,2.80000e-01,
-2.4813855e-01,-0.00000e+00,2.60000e-01,
-2.4799207e-01,-0.00000e+00,2.80000e-01,
-2.4784559e-01,-0.00000e+00,2.80000e-01,
-2.4769911e-01,-0.00000e+00,2.60000e-01,
-2.4755263e-01,-0.00000e+00,2.80000e-01,
-2.4740615e-01,-0.00000e+00,2.80000e-01,
-2.4725968e-01,-0.00000e+00,2.80000e-01,
-2.4711320e-01,-0.00000e+00,2.80000e-01,
-2.4696672e-01,-0.00000e+00,2.80000e-01,
-2.4682024e-01,-0.00000e+00,2.80000e-01,
-2.4667376e-01,-0.00000e+00,2.80000e-01,
-2.4652728e-01,-0.00000e+00,2.60000e-01,
-2.4638081e-01,-0.00000e+00,2.80000e-01,
-2.4623433e-01,-0.00000e+00,2.80000e-01,
-2.4608785e-01,2.00001e-01,2.60000e-01,
-2.4594137e-01,-0.00000e+00,2.80000e-01,
-2.4579489e-01,-0.00000e+00,2.80000e-01,
-2.4564841e-01,-0.00000e+00,2.80000e-01,
-2.4550194e-01,-0.00000e+00,2.80000e-01,
-2.4535546e-01,-0.00000e+00,2.80000e-01,
-2.4520898e-01,-0.00000e+00,2.80000e-01,
-2.4506250e-01,-0.00000e+00,2.80000e-01,
-2.4491602e-01,2.00001e-01,2.80000e-01,
-2.4476954e-01,-0.00000e+00,2.80000e-01,
-2.4462306e-01,-0.00000e+00,2.80000e-01,
-2.4447659e-01,-0.00000e+00,2.80000e-01,
-2.4433011e-01,-0.00000e+00,2.80000e-01,
-2.4418363e-01,-0.00000e+00,3.00000e-01,
-2.4403715e-01,-0.00000e+00,3.00000e-01,
-2.4389067e-01,-0.00000e+00,2.80000e-01,
-2.4374419e-01,-0.00000e+00,3.00000e-01,
-2.4359772e-01,-0.00000e+00,2.80000e-01,
-2.4345124e-01,-0.00000e+00,3.00000e-01,
-2.4330476e-01,2.00001e-01,2.80000e-01,
-2.4315828e-01,-0.00000e+00,2.80000e-01,
-2.4301180e-01,-0.00000e+00,3.00000e-01,
-2.4286532e-01,-0.00000e+00,3.00000e-01,
-2.4271885e-01,2.00001e-01,2.80000e-01,
-2.4257237e-01,-0.00000e+00,3.00000e-01,
-2.4242589e-01,-0.00000e+00,3.00000e-01,
-2.4227941e-01,-0.00000e+00,3.00000e-01,
-2.4213293e-01,2.00001e-01,3.00000e-01,
-2.4198645e-01,-0.00000e+00,2.80000e-01,
-2.4183998e-01,2.00001e-01,3.00000e-01,
-2.4169350e-01,-0.00000e+00,2.80000e-01,
-2.4154702e-01,-0.00000e+00,3.00000e-01,
-2.4140054e-01,2.00001e-01,2.80000e-01,
-2.4125406e-01,2.00001e-01,2.80000e-01,
-2.4110758e-01,-0.00000e+00,3.00000e-01,
-2.4096110e-01,-0.00000e+00,2.80000e-01,
-2.4081463e-01,-0.00000e+00,2.80000e-01,
-2.4066815e-01,-0.00000e+00,3.00000e-01,
-2.4052167e-01,2.00001e-01,3.00000e-01,
-2.4037519e-01,2.00001e-01,3.00000e-01,
-2.4022871e-01,2.00001e-01,3.00000e-01,
-2.4008223e-01,-0.00000e+00,3.00000e-01,
-2.3993576e-01,-0.00000e+00,3.00000e-01,
-2.3978928e-01,-0.00000e+00,3.00000e-01,
-2.3964280e-01,-0.00000e+00,3.00000e-01,
-2.3949632e-01,-0.00000e+00,3.00000e-01,
-2.3934984e-01,-0.00000e+00,3.00000e-01,
-2.3920336e-01,2.00001e-01,3.00000e-01,
-2.3905689e-01,-0.00000e+00,3.00000e-01,
-2.3891041e-01,-0.00000e+00,3.00000e-01,
-2.3876393e-01,-0.00000e+00,3.00000e-01,
-2.3861745e-01,-0.00000e+00,3.00000e-01,
-2.3847097e-01,-0.00000e+00,3.00000e-01,
-2.3832449e-01,-0.00000e+00,3.00000e-01,
-2.3817801e-01,-0.00000e+00,3.00000e-01,
-2.3803154e-01,-0.00000e+00,3.00000e-01,
-2.3788506e-01,2.00001e-01,3.00000e-01,
-2.3773858e-01,-0.00000e+00,3.00000e-01,
-2.3759210e-01,-0.00000e+00,3.00000e-01,
-2.3744562e-01,-0.00000e+00,3.00000e-01,
-2.3729914e-01,-0.00000e+00,3.00000e-01,
-2.3715267e-01,-0.00000e+00,3.00000e-01,
-2.3700619e-01,-0.00000e+00,3.00000e-01,
-2.3685971e-01,-0.00000e+00,3.00000e-01,
-2.3671323e-01,-0.00000e+00,3.00000e-01,
-2.3656675e-01,-0.00000e+00,3.00000e-01,
-2.3642027e-01,-0.00000e+00,3.00000e-01,
-2.3627380e-01,-0.00000e+00,3.00000e-01,
-2.3612732e-01,-0.00000e+00,3.00000e-01,
-2.3598084e-01,-0.00000e+00,3.00000e-01,
-2.3583436e-01,-0.00000e+00,3.00000e-01,
-2.3568788e-01,-0.00000e+00,3.00000e-01,
-2.3554140e-01,2.00001e-01,3.00000e-01,
-2.3539492e-01,2.00001e-01,3.00000e-01,
-2.3524845e-01,-0.00000e+00,3.00000e-01,
-2.3510197e-01,-0.00000e+00,3.20000e-01,
-2.3495549e-01,-0.00000e+00,3.00000e-01,
-2.3480901e-01,-0.00000e+00,3.00000e-01,
-2.3466253e-01,-0.00000e+00,3.00000e-01,
-2.3451605e-01,-0.00000e+00,3.00000e-01,
-2.3436958e-01,-0.00000e+00,3.00000e-01,
-2.3422310e-01,-0.00000e+00,3.00000e-01,
-2.3407662e-01,-0.00000e+00,3.00000e-01,
-2.3393014e-01,-0.00000e+00,3.00000e-01,
-2.3378366e-01,-0.00000e+00,3.00000e-01,
-2.3363718e-01,-0.00000e+00,3.00000e-01,
-2.3349071e-01,-0.00000e+00,3.00000e-01,
-2.3334423e-01,-0.00000e+00,3.20000e-01,
-2.3319775e-01,-0.00000e+00,3.20000e-01,
-2.3305127e-01,-0.00000e+00,3.00000e-01,
-2.3290479e-01,-0.00000e+00,3.20000e-01,
-2.3275831e-01,2.00001e-01,3.20000e-01,
-2.3261184e-01,-0.00000e+00,3.20000e-01,
-2.3246536e-01,2.00001e-01,3.20000e-01,
-2.3231888e-01,-0.00000e+00,3.20000e-01,
-2.3217240e-01,-0.00000e+00,3.20000e-01,
-2.3202592e-01,-0.00000e+00,3.20000e-01,
-2.3187944e-01,-0.00000e+00,3.40000e-01,
-2.3173296e-01,-0.00000e+00,3.20000e-01,
-2.3158649e-01,-0.00000e+00,3.40000e-01,
-2.3144001e-01,-0.00000e+00,3.00000e-01,
-2.3129353e-01,-0.00000e+00,3.20000e-01,
-2.3114705e-01,-0.00000e+00,3.20000e-01,
-2.3100057e-01,-0.00000e+00,3.40000e-01,
-2.3085409e-01,-0.00000e+00,3.40000e-01,
-2.3070762e-01,2.00001e-01,3.40000e-01,
-2.3056114e-01,-0.00000e+00,3.40000e-01,
-2.3041466e-01,-0.00000e+00,3.40000e-01,
-2.3026818e-01,2.00001e-01,3.40000e-01,
-2.3012170e-01,-0.00000e+00,3.20000e-01,
-2.2997522e-01,-0.00000e+00,3.20000e-01,
-2.2982875e-01,2.00001e-01,3.40000e-01,
-2.2968227e-01,-0.00000e+00,3.20000e-01,
-2.2953579e-01,-0.00000e+00,3.40000e-01,
-2.2938931e-01,-0.00000e+00,3.40000e-01,
-2.2924283e-01,-0.00000e+00,3.20000e-01,
-2.2909635e-01,-0.00000e+00,3.20000e-01,
-2.2894987e-01,-0.00000e+00,3.40000e-01,
-2.2880340e-01,-0.00000e+00,3.40000e-01,
-2.2865692e-01,-0.00000e+00,3.40000e-01,
-2.2851044e-01,-0.00000e+00,3.40000e-01,
-2.2836396e-01,-0.00000e+00,3.40000e-01,
-2.2821748e-01,2.00001e-01,3.40000e-01,
-2.2807100e-01,-0.00000e+00,3.40000e-01,
-2.2792453e-01,2.00001e-01,3.40000e-01,
-2.2777805e-01,-0.00000e+00,3.40000e-01,
-2.2763157e-01,-0.00000e+00,3.40000e-01,
-2.2748509e-01,-0.00000e+00,3.40000e-01,
-2.2733861e-01,-0.00000e+00,3.40000e-01,
-2.2719213e-01,-0.00000e+00,3.40000e-01,
-2.2704566e-01,-0.00000e+00,3.40000e-01,
-2.2689918e-01,-0.00000e+00,3.40000e-01,
-2.2675270e-01,-0.00000e+00,3.40000e-01,
-2.2660622e-01,-0.00000e+00,3.40000e-01,
-2.2645974e-01,-0.00000e+00,3.40000e-01,
-2.2631326e-01,2.00001e-01,3.40000e-01,
-2.2616678e-01,2.00001e-01,3.40000e-01,
-2.2602031e-01,-0.00000e+00,3.40000e-01,
-2.2587383e-01,-0.00000e+00,3.40000e-01,
-2.2572735e-01,2.00001e-01,3.40000e-01,
-2.2558087e-01,-0.00000e+00,3.40000e-01,
-2.2543439e-01,-0.00000e+00,3.60000e-01,
-2.2528791e-01,-0.00000e+00,3.60000e-01,
-2.2514144e-01,-0.00000e+00,3.40000e-01,
-2.2499496e-01,-0.00000e+00,3.40000e-01,
-2.2484848e-01,-0.00000e+00,3.40000e-01,
-2.2470200e-01,-0.00000e+00,3.40000e-01,
-2.2455552e-01,-0.00000e+00,3.60000e-01,
-2.2440904e-01,-0.00000e+00,3.40000e-01,
-2.2426257e-01,-0.00000e+00,3.40000e-01,
-2.2411609e-01,2.00001e-01,3.60000e-01,
-2.2396961e-01,2.00001e-01,3.60000e-01,
-2.2382313e-01,-0.00000e+00,3.40000e-01,
-2.2367665e-01,-0.00000e+00,3.40000e-01,
-2.2353017e-01,-0.00000e+00,3.60000e-01,
-2.2338369e-01,-0.00000e+00,3.60000e-01,
-2.2323722e-01,-0.00000e+00,3.40000e-01,
-2.2309074e-01,-0.00000e+00,3.60000e-01,
-2.2294426e-01,-0.00000e+00,3.60000e-01,
-2.2279778e-01,-0.00000e+00,3.60000e-01,
-2.2265130e-01,-0.00000e+00,3.60000e-01,
-2.2250482e-01,-0.00000e+00,3.60000e-01,
-2.2235835e-01,-0.00000e+00,3.60000e-01,
-2.2221187e-01,-0.00000e+00,3.60000e-01,
-2.2206539e-01,-0.00000e+00,3.60000e-01,
-2.2191891e-01,-0.00000e+00,3.60000e-01,
-2.2177243e-01,-0.00000e+00,3.60000e-01,
-2.2162595e-01,-0.00000e+00,3.60000e-01,
-2.2147948e-01,-0.00000e+00,3.60000e-01,
-2.2133300e-01,2.00001e-01,3.60000e-01,
-2.2118652e-01,-0.00000e+00,3.80000e-01,
-2.2104004e-01,-0.00000e+00,3.60000e-01,
-2.2089356e-01,-0.00000e+00,3.60000e-01,
-2.2074708e-01,-0.00000e+00,3.60000e-01,
-2.2060061e-01,-0.00000e+00,3.80000e-01,
-2.2045413e-01,2.00001e-01,3.80000e-01,
-2.2030765e-01,-0.00000e+00,3.60000e-01,
-2.2016117e-01,-0.00000e+00,3.60000e-01,
-2.2001469e-01,2.00001e-01,3.80000e-01,
-2.1986821e-01,-0.00000e+00,3.60000e-01,
-2.1972173e-01,-0.00000e+00,3.60000e-01,
-2.1957526e-01,-0.00000e+00,3.80000e-01,
-2.1942878e-01,2.00001e-01,3.60000e-01,
-2.1928230e-01,-0.00000e+00,3.60000e-01,
-2.1913582e-01,-0.00000e+00,3.80000e-01,
-2.1898934e-01,2.00001e-01,3.60000e-01,
-2.1884286e-01,-0.00000e+00,3.60000e-01,
-2.1869639e-01,2.00001e-01,3.80000e-01,
-2.1854991e-01,-0.00000e+00,3.60000e-01,
-2.1840343e-01,-0.00000e+00,3.80000e-01,
-2.1825695e-01,2.00001e-01,3.60000e-01,
-2.1811047e-01,2.00001e-01,3.60000e-01,
-2.1796399e-01,-0.00000e+00,3.60000e-01,
-2.1781752e-01,-0.00000e+00,3.60000e-01,
-2.1767104e-01,-0.00000e+00,3.80000e-01,
-2.1752456e-01,2.00001e-01,3.60000e-01,
-2.1737808e-01,-0.00000e+00,3.80000e-01,
-2.1723160e-01,-0.00000e+00,3.80000e-01,
-2.1708512e-01,2.00001e-01,3.80000e-01,
-2.1693864e-01,-0.00000e+00,3.80000e-01,
-2.1679217e-01,-0.00000e+00,3.80000e-01,
-2.1664569e-01,-0.00000e+00,3.80000e-01,
-2.1649921e-01,-0.00000e+00,3.80000e-01,
-2.1635273e-01,-0.00000e+00,3.80000e-01,
-2.1620625e-01,-0.00000e+00,3.80000e-01,
-2.1605977e-01,-0.00000e+00,3.80000e-01,
-2.1591330e-01,-0.00000e+00,3.80000e-01,
-2.1576682e-01,2.00001e-01,3.80000e-01,
-2.1562034e-01,-0.00000e+00,3.80000e-01,
-2.1547386e-01,2.00001e-01,3.80000e-01,
-2.1532738e-01,-0.00000e+00,3.80000e-01,
-2.1518090e-01,-0.00000e+00,3.80000e-01,
-2.1503443e-01,-0.00000e+00,3.80000e-01,
-2.1488795e-01,2.00001e-01,3.80000e-01,
-2.1474147e-01,-0.00000e+00,3.80000e-01,
-2.1459499e-01,-0.00000e+00,3.80000e-01,
-2.1444851e-01,-0.00000e+00,3.60000e-01,
-2.1430203e-01,-0.00000e+00,3.80000e-01,
-2.1415555e-01,-0.00000e+00,3.80000e-01,
-2.1400908e-01,-0.00000e+00,3.80000e-01,
-2.1386260e-01,-0.00000e+00,3.80000e-01,
-2.1371612e-01,-0.00000e+00,3.80000e-01,
-2.1356964e-01,-0.00000e+00,3.80000e-01,
-2.1342316e-01,2.00001e-01,3.80000e-01,
-2.1327668e-01,2.00001e-01,3.80000e-01,
-2.1313021e-01,-0.00000e+00,3.80000e-01,
-2.1298373e-01,-0.00000e+00,3.80000e-01,
-2.1283725e-01,-0.00000e+00,3.80000e-01,
-2.1269077e-01,-0.00000e+00,3.80000e-01,
-2.1254429e-01,-0.00000e+00,3.80000e-01,
-2.1239781e-01,-0.00000e+00,3.80000e-01,
-2.1225134e-01,-0.00000e+00,3.80000e-01,
-2.1210486e-01,-0.00000e+00,3.80000e-01,
-2.1195838e-01,-0.00000e+00,3.80000e-01,
-2.1181190e-01,-0.00000e+00,3.80000e-01,
-2.1166542e-01,-0.00000e+00,3.80000e-01,
-2.1151894e-01,-0.00000e+00,3.80000e-01,
-2.1137246e-01,2.00001e-01,3.80000e-01,
-2.1122599e-01,-0.00000e+00,3.80000e-01,
-2.1107951e-01,-0.00000e+00,3.80000e-01,
-2.1093303e-01,2.00001e-01,3.80000e-01,
-2.1078655e-01,-0.00000e+00,3.80000e-01,
-2.1064007e-01,2.00001e-01,3.80000e-01,
-2.1049359e-01,-0.00000e+00,3.80000e-01,
-2.1034712e-01,2.00001e-01,3.80000e-01,
-2.1020064e-01,-0.00000e+00,3.80000e-01,
-2.1005416e-01,-0.00000e+00,3.80000e-01,
-2.0990768e-01,-0.00000e+00,3.80000e-01,
-2.0976120e-01,-0.00000e+00,3.80000e-01,
-2.0961472e-01,-0.00000e+00,3.80000e-01,
-2.0946825e-01,-0.00000e+00,3.80000e-01,
-2.0932177e-01,-0.00000e+00,4.00000e-01,
-2.0917529e-01,2.00001e-01,3.80000e-01,
-2.0902881e-01,-0.00000e+00,3.80000e-01,
-2.0888233e-01,-0.00000e+00,3.80000e-01,
-2.0873585e-01,2.00001e-01,3.80000e-01,
-2.0858938e-01,2.00001e-01,4.00000e-01,
-2.0844290e-01,-0.00000e+00,3.80000e-01,
-2.0829642e-01,-0.00000e+00,3.80000e-01,
-2.0814994e-01,-0.00000e+00,3.80000e-01,
-2.0800346e-01,-0.00000e+00,4.00000e-01,
-2.0785698e-01,-0.00000e+00,3.80000e-01,
-2.0771050e-01,-0.00000e+00,4.00000e-01,
-2.0756403e-01,-0.00000e+00,3.80000e-01,
-2.0741755e-01,2.00001e-01,4.20000e-01,
-2.0727107e-01,-0.00000e+00,4.00000e-01,
-2.0712459e-01,-0.00000e+00,4.00000e-01,
-2.0697811e-01,-0.00000e+00,3.80000e-01,
-2.0683163e-01,-0.00000e+00,4.00000e-01,
-2.0668516e-01,-0.00000e+00,3.80000e-01,
-2.0653868e-01,2.00001e-01,4.00000e-01,
-2.0639220e-01,-0.00000e+00,3.80000e-01,
-2.0624572e-01,-0.00000e+00,3.80000e-01,
-2.0609924e-01,-0.00000e+00,4.00000e-01,
-2.0595276e-01,-0.00000e+00,3.80000e-01,
-2.0580629e-01,-0.00000e+00,4.00000e-01,
-2.0565981e-01,2.00001e-01,4.00000e-01,
-2.0551333e-01,-0.00000e+00,3.80000e-01,
-2.0536685e-01,2.00001e-01,3.80000e-01,
-2.0522037e-01,-0.00000e+00,3.80000e-01,
-2.0507389e-01,2.00001e-01,4.00000e-01,
-2.0492741e-01,2.00001e-01,4.00000e-01,
-2.0478094e-01,2.00001e-01,4.00000e-01,
-2.0463446e-01,2.00001e-01,4.00000e-01,
-2.0448798e-01,2.00001e-01,4.20000e-01,
-2.0434150e-01,2.00001e-01,4.00000e-01,
-2.0419502e-01,-0.00000e+00,4.20000e-01,
-2.0404854e-01,-0.00000e+00,3.80000e-01,
-2.0390207e-01,2.00001e-01,3.80000e-01,
-2.0375559e-01,2.00001e-01,4.00000e-01,
-2.0360911e-01,-0.00000e+00,4.00000e-01,
-2.0346263e-01,2.00001e-01,4.00000e-01,
-2.0331615e-01,-0.00000e+00,4.00000e-01,
-2.0316967e-01,-0.00000e+00,4.20000e-01,
-2.0302320e-01,-0.00000e+00,4.00000e-01,
-2.0287672e-01,-0.00000e+00,4.00000e-01,
-2.0273024e-01,-0.00000e+00,4.00000e-01,
-2.0258376e-01,-0.00000e+00,4.00000e-01,
-2.0243728e-01,2.00001e-01,4.00000e-01,
-2.0229080e-01,2.00001e-01,4.20000e-01,
-2.0214432e-01,-0.00000e+00,4.00000e-01,
-2.0199785e-01,2.00001e-01,4.00000e-01,
-2.0185137e-01,2.00001e-01,4.20000e-01,
-2.0170489e-01,-0.00000e+00,4.20000e-01,
-2.0155841e-01,-0.00000e+00,4.00000e-01,
-2.0141193e-01,2.00001e-01,4.20000e-01,
-2.0126545e-01,2.00001e-01,4.20000e-01,
-2.0111898e-01,-0.00000e+00,4.20000e-01,
-2.0097250e-01,-0.00000e+00,4.00000e-01,
-2.0082602e-01,-0.00000e+00,4.20000e-01,
-2.0067954e-01,-0.00000e+00,4.20000e-01,
-2.0053306e-01,2.00001e-01,4.00000e-01,
-2.0038658e-01,-0.00000e+00,4.20000e-01,
-2.0024011e-01,-0.00000e+00,4.00000e-01,
-2.0009363e-01,2.00001e-01,4.20000e-01,
-1.9994715e-01,-0.00000e+00,4.20000e-01,
-1.9980067e-01,-0.00000e+00,4.20000e-01,
-1.9965419e-01,-0.00000e+00,4.20000e-01,
-1.9950771e-01,-0.00000e+00,4.20000e-01,
-1.9936123e-01,-0.00000e+00,4.20000e-01,
-1.9921476e-01,-0.00000e+00,4.20000e-01,
-1.9906828e-01,2.00001e-01,4.20000e-01,
-1.9892180e-01,-0.00000e+00,4.20000e-01,
-1.9877532e-01,-0.00000e+00,4.20000e-01,
-1.9862884e-01,-0.00000e+00,4.20000e-01,
-1.9848236e-01,-0.00000e+00,4.20000e-01,
-1.9833589e-01,-0.00000e+00,4.20000e-01,
-1.9818941e-01,-0.00000e+00,4.20000e-01,
-1.9804293e-01,-0.00000e+00,4.20000e-01,
-1.9789645e-01,-0.00000e+00,4.40000e-01,
-1.9774997e-01,-0.00000e+00,4.20000e-01,
-1.9760349e-01,-0.00000e+00,4.20000e-01,
-1.9745702e-01,-0.00000e+00,4.20000e-01,
-1.9731054e-01,-0.00000e+00,4.20000e-01,
-1.9716406e-01,-0.00000e+00,4.20000e-01,
-1.9701758e-01,-0.00000e+00,4.20000e-01,
-1.9687110e-01,-0.00000e+00,4.20000e-01,
-1.9672462e-01,-0.00000e+00,4.20000e-01,
-1.9657815e-01,2.00001e-01,4.20000e-01,
-1.9643167e-01,-0.00000e+00,4.40000e-01,
-1.9628519e-01,-0.00000e+00,4.40000e-01,
-1.9613871e-01,-0.00000e+00,4.20000e-01,
-1.9599223e-01,-0.00000e+00,4.20000e-01,
-1.9584575e-01,-0.00000e+00,4.40000e-01,
-1.9569927e-01,-0.00000e+00,4.20000e-01,
-1.9555280e-01,-0.00000e+00,4.20000e-01,
-1.9540632e-01,2.00001e-01,4.20000e-01,
-1.9525984e-01,-0.00000e+00,4.40000e-01,
-1.9511336e-01,-0.00000e+00,4.40000e-01,
-1.9496688e-01,-0.00000e+00,4.20000e-01,
-1.9482040e-01,2.00001e-01,4.40000e-01,
-1.9467393e-01,-0.00000e+00,4.40000e-01,
-1.9452745e-01,-0.00000e+00,4.20000e-01,
-1.9438097e-01,-0.00000e+00,4.20000e-01,
-1.9423449e-01,-0.00000e+00,4.40000e-01,
-1.9408801e-01,-0.00000e+00,4.40000e-01,
-1.9394153e-01,-0.00000e+00,4.40000e-01,
-1.9379506e-01,-0.00000e+00,4.40000e-01,
-1.9364858e-01,-0.00000e+00,4.40000e-01,
-1.9350210e-01,-0.00000e+00,4.40000e-01,
-1.9335562e-01,-0.00000e+00,4.20000e-01,
-1.9320914e-01,-0.00000e+00,4.40000e-01,
-1.9306266e-01,-0.00000e+00,4.40000e-01,
-1.9291618e-01,2.00001e-01,4.40000e-01,
-1.9276971e-01,-0.00000e+00,4.40000e-01,
-1.9262323e-01,2.00001e-01,4.40000e-01,
-1.9247675e-01,-0.00000e+00,4.40000e-01,
-1.9233027e-01,-0.00000e+00,4.40000e-01,
-1.9218379e-01,2.00001e-01,4.40000e-01,
-1.9203731e-01,-0.00000e+00,4.40000e-01,
-1.9189084e-01,-0.00000e+00,4.40000e-01,
-1.9174436e-01,-0.00000e+00,4.40000e-01,
-1.9159788e-01,2.00001e-01,4.40000e-01,
-1.9145140e-01,-0.00000e+00,4.40000e-01,
-1.9130492e-01,-0.00000e+00,4.40000e-01,
-1.9115844e-01,-0.00000e+00,4.40000e-01,
-1.9101197e-01,-0.00000e+00,4.40000e-01,
-1.9086549e-01,-0.00000e+00,4.40000e-01,
-1.9071901e-01,-0.00000e+00,4.60000e-01,
-1.9057253e-01,-0.00000e+00,4.40000e-01,
-1.9042605e-01,-0.00000e+00,4.40000e-01,
-1.9027957e-01,-0.00000e+00,4.40000e-01,
-1.9013309e-01,-0.00000e+00,4.40000e-01,
-1.8998662e-01,-0.00000e+00,4.60000e-01,
-1.8984014e-01,-0.00000e+00,4.40000e-01,
-1.8969366e-01,-0.00000e+00,4.60000e-01,
-1.8954718e-01,-0.00000e+00,4.60000e-01,
-1.8940070e-01,-0.00000e+00,4.60000e-01,
-1.8925422e-01,-0.00000e+00,4.40000e-01,
-1.8910775e-01,-0.00000e+00,4.40000e-01,
-1.8896127e-01,-0.00000e+00,4.40000e-01,
-1.8881479e-01,-0.00000e+00,4.40000e-01,
-1.8866831e-01,-0.00000e+00,4.60000e-01,
-1.8852183e-01,-0.00000e+00,4.40000e-01,
-1.8837535e-01,-0.00000e+00,4.40000e-01,
-1.8822888e-01,-0.00000e+00,4.40000e-01,
-1.8808240e-01,-0.00000e+00,4.40000e-01,
-1.8793592e-01,-0.00000e+00,4.40000e-01,
-1.8778944e-01,-0.00000e+00,4.40000e-01,
-1.8764296e-01,-0.00000e+00,4.60000e-01,
-1.8749648e-01,-0.00000e+00,4.40000e-01,
-1.8735000e-01,-0.00000e+00,4.40000e-01,
-1.8720353e-01,-0.00000e+00,4.60000e-01,
-1.8705705e-01,-0.00000e+00,4.60000e-01,
-1.8691057e-01,-0.00000e+00,4.60000e-01,
-1.8676409e-01,-0.00000e+00,4.60000e-01,
-1.8661761e-01,-0.00000e+00,4.60000e-01,
-1.8647113e-01,-0.00000e+00,4.60000e-01,
-1.8632466e-01,-0.00000e+00,4.60000e-01,
-1.8617818e-01,2.00001e-01,4.40000e-01,
-1.8603170e-01,2.00001e-01,4.40000e-01,
-1.8588522e-01,2.00001e-01,4.40000e-01,
-1.8573874e-01,-0.00000e+00,4.60000e-01,
-1.8559226e-01,-0.00000e+00,4.60000e-01,
-1.8544579e-01,2.00001e-01,4.60000e-01,
-1.8529931e-01,-0.00000e+00,4.60000e-01,
-1.8515283e-01,2.00001e-01,4.60000e-01,
-1.8500635e-01,-0.00000e+00,4.60000e-01,
-1.8485987e-01,-0.00000e+00,4.60000e-01,
-1.8471339e-01,2.00001e-01,4.60000e-01,
-1.8456692e-01,-0.00000e+00,4.60000e-01,
-1.8442044e-01,2.00001e-01,4.60000e-01,
-1.8427396e-01,-0.00000e+00,4.60000e-01,
-1.8412748e-01,2.00001e-01,4.40000e-01,
-1.8398100e-01,-0.00000e+00,4.60000e-01,
-1.8383452e-01,-0.00000e+00,4.60000e-01,
-1.8368804e-01,-0.00000e+00,4.60000e-01,
-1.8354157e-01,2.00001e-01,4.60000e-01,
-1.8339509e-01,-0.00000e+00,4.60000e-01,
-1.8324861e-01,-0.00000e+00,4.60000e-01,
-1.8310213e-01,2.00001e-01,4.60000e-01,
-1.8295565e-01,2.00001e-01,4.60000e-01,
-1.8280917e-01,-0.00000e+00,4.60000e-01,
-1.8266270e-01,-0.00000e+00,4.60000e-01,
-1.8251622e-01,2.00001e-01,4.60000e-01,
-1.8236974e-01,-0.00000e+00,4.60000e-01,
-1.8222326e-01,-0.00000e+00,4.60000e-01,
-1.8207678e-01,-0.00000e+00,4.60000e-01,
-1.8193030e-01,2.00001e-01,4.60000e-01,
-1.8178383e-01,-0.00000e+00,4.60000e-01,
-1.8163735e-01,2.00001e-01,4.60000e-01,
-1.8149087e-01,-0.00000e+00,4.60000e-01,
-1.8134439e-01,-0.00000e+00,4.60000e-01,
-1.8119791e-01,-0.00000e+00,4.60000e-01,
-1.8105143e-01,-0.00000e+00,4.60000e-01,
-1.8090495e-01,2.00001e-01,4.60000e-01,
-1.8075848e-01,-0.00000e+00,4.60000e-01,
-1.8061200e-01,-0.00000e+00,4.60000e-01,
-1.8046552e-01,-0.00000e+00,4.60000e-01,
-1.8031904e-01,-0.00000e+00,4.60000e-01,
-1.8017256e-01,-0.00000e+00,4.60000e-01,
-1.8002608e-01,-0.00000e+00,4.60000e-01,
-1.7987961e-01,-0.00000e+00,4.60000e-01,
-1.7973313e-01,-0.00000e+00,4.60000e-01,
-1.7958665e-01,-0.00000e+00,4.60000e-01,
-1.7944017e-01,-0.00000e+00,4.60000e-01,
-1.7929369e-01,-0.00000e+00,4.60000e-01,
-1.7914721e-01,-0.00000e+00,4.60000e-01,
-1.7900074e-01,-0.00000e+00,4.60000e-01,
-1.7885426e-01,-0.00000e+00,4.60000e-01,
-1.7870778e-01,-0.00000e+00,4.60000e-01,
-1.7856130e-01,-0.00000e+00,4.60000e-01,
-1.7841482e-01,2.00001e-01,4.60000e-01,
-1.7826834e-01,-0.00000e+00,4.60000e-01,
-1.7812186e-01,-0.00000e+00,4.60000e-01,
-1.7797539e-01,2.00001e-01,4.60000e-01,
-1.7782891e-01,2.00001e-01,4.60000e-01,
-1.7768243e-01,-0.00000e+00,4.60000e-01,
-1.7753595e-01,-0.00000e+00,4.60000e-01,
-1.7738947e-01,2.00001e-01,4.60000e-01,
-1.7724299e-01,-0.00000e+00,4.60000e-01,
-1.7709652e-01,-0.00000e+00,4.60000e-01,
-1.7695004e-01,2.00001e-01,4.60000e-01,
-1.7680356e-01,-0.00000e+00,4.60000e-01,
-1.7665708e-01,-0.00000e+00,4.60000e-01,
-1.7651060e-01,-0.00000e+00,4.60000e-01,
-1.7636412e-01,-0.00000e+00,4.60000e-01,
-1.7621765e-01,-0.00000e+00,4.60000e-01,
-1.7607117e-01,2.00001e-01,4.60000e-01,
-1.7592469e-01,-0.00000e+00,4.60000e-01,
-1.7577821e-01,-0.00000e+00,4.60000e-01,
-1.7563173e-01,-0.00000e+00,4.60000e-01,
-1.7548525e-01,-0.00000e+00,4.80000e-01,
-1.7533877e-01,2.00001e-01,4.60000e-01,
-1.7519230e-01,-0.00000e+00,4.80000e-01,
-1.7504582e-01,2.00001e-01,4.60000e-01,
-1.7489934e-01,-0.00000e+00,4.80000e-01,
-1.7475286e-01,-0.00000e+00,4.60000e-01,
-1.7460638e-01,-0.00000e+00,4.60000e-01,
-1.7445990e-01,-0.00000e+00,4.60000e-01,
-1.7431343e-01,-0.00000e+00,4.60000e-01,
-1.7416695e-01,-0.00000e+00,4.60000e-01,
-1.7402047e-01,2.00001e-01,4.60000e-01,
-1.7387399e-01,-0.00000e+00,4.60000e-01,
-1.7372751e-01,2.00001e-01,4.80000e-01,
-1.7358103e-01,-0.00000e+00,4.60000e-01,
-1.7343456e-01,-0.00000e+00,4.80000e-01,
-1.7328808e-01,-0.00000e+00,4.60000e-01,
-1.7314160e-01,-0.00000e+00,4.80000e-01,
-1.7299512e-01,-0.00000e+00,4.60000e-01,
-1.7284864e-01,2.00001e-01,4.80000e-01,
-1.7270216e-01,-0.00000e+00,4.80000e-01,
-1.7255569e-01,-0.00000e+00,4.60000e-01,
-1.7240921e-01,-0.00000e+00,4.60000e-01,
-1.7226273e-01,-0.00000e+00,4.60000e-01,
-1.7211625e-01,2.00001e-01,4.80000e-01,
-1.7196977e-01,-0.00000e+00,4.80000e-01,
-1.7182329e-01,-0.00000e+00,5.00000e-01,
-1.7167681e-01,-0.00000e+00,4.60000e-01,
-1.7153034e-01,2.00001e-01,4.80000e-01,
-1.7138386e-01,-0.00000e+00,4.80000e-01,
-1.7123738e-01,2.00001e-01,4.80000e-01,
-1.7109090e-01,2.00001e-01,4.60000e-01,
-1.7094442e-01,-0.00000e+00,4.60000e-01,
-1.7079794e-01,2.00001e-01,4.80000e-01,
-1.7065147e-01,2.00001e-01,4.60000e-01,
-1.7050499e-01,-0.00000e+00,5.00000e-01,
-1.7035851e-01,2.00001e-01,4.60000e-01,
-1.7021203e-01,-0.00000e+00,4.80000e-01,
-1.7006555e-01,-0.00000e+00,4.80000e-01,
-1.6991907e-01,-0.00000e+00,4.80000e-01,
-1.6977260e-01,2.00001e-01,4.80000e-01,
-1.6962612e-01,2.00001e-01,4.80000e-01,
-1.6947964e-01,-0.00000e+00,4.60000e-01,
-1.6933316e-01,2.00001e-01,4.80000e-01,
-1.6918668e-01,-0.00000e+00,4.80000e-01,
-1.6904020e-01,-0.00000e+00,4.80000e-01,
-1.6889372e-01,-0.00000e+00,5.00000e-01,
-1.6874725e-01,2.00001e-01,4.80000e-01,
-1.6860077e-01,-0.00000e+00,5.00000e-01,
-1.6845429e-01,2.00001e-01,4.80000e-01,
-1.6830781e-01,-0.00000e+00,4.80000e-01,
-1.6816133e-01,-0.00000e+00,4.80000e-01,
-1.6801485e-01,-0.00000e+00,4.80000e-01,
-1.6786838e-01,2.00001e-01,4.80000e-01,
-1.6772190e-01,-0.00000e+00,5.00000e-01,
-1.6757542e-01,2.00001e-01,5.00000e-01,
-1.6742894e-01,-0.00000e+00,4.80000e-01,
-1.6728246e-01,-0.00000e+00,5.00000e-01,
-1.6713598e-01,-0.00000e+00,4.80000e-01,
-1.6698951e-01,-0.00000e+00,5.00000e-01,
-1.6684303e-01,-0.00000e+00,5.00000e-01,
-1.6669655e-01,-0.00000e+00,5.00000e-01,
-1.6655007e-01,-0.00000e+00,5.00000e-01,
-1.6640359e-01,-0.00000e+00,4.80000e-01,
-1.6625711e-01,2.00001e-01,5.00000e-01,
-1.6611063e-01,-0.00000e+00,5.00000e-01,
-1.6596416e-01,-0.00000e+00,5.00000e-01,
-1.6581768e-01,-0.00000e+00,5.00000e-01,
-1.6567120e-01,2.00001e-01,5.00000e-01,
-1.6552472e-01,2.00001e-01,4.80000e-01,
-1.6537824e-01,-0.00000e+00,5.00000e-01,
-1.6523176e-01,-0.00000e+00,5.00000e-01,
-1.6508529e-01,-0.00000e+00,5.00000e-01,
-1.6493881e-01,-0.00000e+00,4.80000e-01,
-1.6479233e-01,-0.00000e+00,5.00000e-01,
-1.6464585e-01,-0.00000e+00,5.00000e-01,
-1.6449937e-01,-0.00000e+00,4.80000e-01,
-1.6435289e-01,-0.00000e+00,5.00000e-01,
-1.6420642e-01,-0.00000e+00,5.00000e-01,
-1.6405994e-01,-0.00000e+00,5.00000e-01,
-1.6391346e-01,-0.00000e+00,5.00000e-01,
-1.6376698e-01,-0.00000e+00,4.80000e-01,
-1.6362050e-01,-0.00000e+00,5.00000e-01,
-1.6347402e-01,-0.00000e+00,5.00000e-01,
-1.6332754e-01,-0.00000e+00,5.00000e-01,
-1.6318107e-01,-0.00000e+00,5.00000e-01,
-1.6303459e-01,-0.00000e+00,5.00000e-01,
-1.6288811e-01,-0.00000e+00,5.00000e-01,
-1.6274163e-01,-0.00000e+00,5.00000e-01,
-1.6259515e-01,2.00001e-01,5.00000e-01,
-1.6244867e-01,-0.00000e+00,5.00000e-01,
-1.6230220e-01,-0.00000e+00,5.00000e-01,
-1.6215572e-01,-0.00000e+00,5.00000e-01,
-1.6200924e-01,-0.00000e+00,5.00000e-01,
-1.6186276e-01,2.00001e-01,5.00000e-01,
-1.6171628e-01,-0.00000e+00,5.00000e-01,
-1.6156980e-01,-0.00000e+00,5.00000e-01,
-1.6142333e-01,-0.00000e+00,5.00000e-01,
-1.6127685e-01,-0.00000e+00,5.00000e-01,
-1.6113037e-01,-0.00000e+00,5.00000e-01,
-1.6098389e-01,-0.00000e+00,5.00000e-01,
-1.6083741e-01,-0.00000e+00,5.00000e-01,
-1.6069093e-01,-0.00000e+00,5.00000e-01,
-1.6054446e-01,2.00001e-01,5.00000e-01,
-1.6039798e-01,-0.00000e+00,5.00000e-01,
-1.6025150e-01,-0.00000e+00,5.00000e-01,
-1.6010502e-01,-0.00000e+00,5.00000e-01,
-1.5995854e-01,-0.00000e+00,5.00000e-01,
-1.5981206e-01,-0.00000e+00,5.00000e-01,
-1.5966558e-01,-0.00000e+00,5.00000e-01,
-1.5951911e-01,-0.00000e+00,5.00000e-01,
-1.5937263e-01,-0.00000e+00,5.00000e-01,
-1.5922615e-01,-0.00000e+00,5.00000e-01,
-1.5907967e-01,-0.00000e+00,5.00000e-01,
-1.5893319e-01,-0.00000e+00,5.20000e-01,
-1.5878671e-01,2.00001e-01,5.20000e-01,
-1.5864024e-01,-0.00000e+00,5.00000e-01,
-1.5849376e-01,2.00001e-01,5.00000e-01,
-1.5834728e-01,2.00001e-01,5.00000e-01,
-1.5820080e-01,-0.00000e+00,5.00000e-01,
-1.5805432e-01,2.00001e-01,5.00000e-01,
-1.5790784e-01,-0.00000e+00,5.00000e-01,
-1.5776137e-01,-0.00000e+00,5.20000e-01,
-1.5761489e-01,-0.00000e+00,5.00000e-01,
-1.5746841e-01,-0.00000e+00,5.00000e-01,
-1.5732193e-01,2.00001e-01,5.00000e-01,
-1.5717545e-01,2.00001e-01,5.00000e-01,
-1.5702897e-01,-0.00000e+00,5.20000e-01,
-1.5688249e-01,-0.00000e+00,5.20000e-01,
-1.5673602e-01,-0.00000e+00,5.00000e-01,
-1.5658954e-01,-0.00000e+00,5.20000e-01,
-1.5644306e-01,-0.00000e+00,5.20000e-01,
-1.5629658e-01,-0.00000e+00,5.00000e-01,
-1.5615010e-01,-0.00000e+00,5.20000e-01,
-1.5600362e-01,2.00001e-01,5.20000e-01,
-1.5585715e-01,2.00001e-01,5.20000e-01,
-1.5571067e-01,-0.00000e+00,5.20000e-01,
-1.5556419e-01,-0.00000e+00,5.20000e-01,
-1.5541771e-01,2.00001e-01,5.20000e-01,
-1.5527123e-01,2.00001e-01,5.20000e-01,
-1.5512475e-01,-0.00000e+00,5.00000e-01,
-1.5497828e-01,-0.00000e+00,5.20000e-01,
-1.5483180e-01,-0.00000e+00,5.00000e-01,
-1.5468532e-01,-0.00000e+00,5.20000e-01,
-1.5453884e-01,-0.00000e+00,5.20000e-01,
-1.5439236e-01,-0.00000e+00,5.00000e-01,
-1.5424588e-01,-0.00000e+00,5.20000e-01,
-1.5409940e-01,-0.00000e+00,5.20000e-01,
-1.5395293e-01,-0.00000e+00,5.20000e-01,
-1.5380645e-01,-0.00000e+00,5.20000e-01,
-1.5365997e-01,-0.00000e+00,5.20000e-01,
-1.5351349e-01,2.00001e-01,5.20000e-01,
-1.5336701e-01,-0.00000e+00,5.20000e-01,
-1.5322053e-01,-0.00000e+00,5.20000e-01,
-1.5307406e-01,-0.00000e+00,5.20000e-01,
-1.5292758e-01,2.00001e-01,5.20000e-01,
-1.5278110e-01,-0.00000e+00,5.20000e-01,
-1.5263462e-01,-0.00000e+00,5.40000e-01,
-1.5248814e-01,-0.00000e+00,5.20000e-01,
-1.5234166e-01,-0.00000e+00,5.20000e-01,
-1.5219519e-01,2.00001e-01,5.40000e-01,
-1.5204871e-01,-0.00000e+00,5.20000e-01,
-1.5190223e-01,-0.00000e+00,5.20000e-01,
-1.5175575e-01,-0.00000e+00,5.20000e-01,
-1.5160927e-01,-0.00000e+00,5.20000e-01,
-1.5146279e-01,-0.00000e+00,5.20000e-01,
-1.5131631e-01,2.00001e-01,5.20000e-01,
-1.5116984e-01,-0.00000e+00,5.40000e-01,
-1.5102336e-01,-0.00000e+00,5.40000e-01,
-1.5087688e-01,-0.00000e+00,5.20000e-01,
-1.5073040e-01,-0.00000e+00,5.40000e-01,
-1.5058392e-01,2.00001e-01,5.40000e-01,
-1.5043744e-01,-0.00000e+00,5.20000e-01,
-1.5029097e-01,-0.00000e+00,5.20000e-01,
-1.5014449e-01,-0.00000e+00,5.20000e-01,
-1.4999801e-01,2.00001e-01,5.20000e-01,
-1.4985153e-01,-0.00000e+00,5.40000e-01,
-1.4970505e-01,-0.00000e+00,5.20000e-01,
-1.4955857e-01,2.00001e-01,5.40000e-01,
-1.4941210e-01,-0.00000e+00,5.40000e-01,
-1.4926562e-01,2.00001e-01,5.20000e-01,
-1.4911914e-01,-0.00000e+00,5.20000e-01,
-1.4897266e-01,-0.00000e+00,5.40000e-01,
-1.4882618e-01,-0.00000e+00,5.40000e-01,
-1.4867970e-01,-0.00000e+00,5.20000e-01,
-1.4853323e-01,2.00001e-01,5.40000e-01,
-1.4838675e-01,-0.00000e+00,5.20000e-01,
-1.4824027e-01,-0.00000e+00,5.20000e-01,
-1.4809379e-01,2.00001e-01,5.20000e-01,
-1.4794731e-01,-0.00000e+00,5.40000e-01,
-1.4780083e-01,-0.00000e+00,5.20000e-01,
-1.4765435e-01,-0.00000e+00,5.40000e-01,
-1.4750788e-01,-0.00000e+00,5.40000e-01,
-1.4736140e-01,2.00001e-01,5.20000e-01,
-1.4721492e-01,-0.00000e+00,5.40000e-01,
-1.4706844e-01,-0.00000e+00,5.40000e-01,
-1.4692196e-01,-0.00000e+00,5.40000e-01,
-1.4677548e-01,2.00001e-01,5.20000e-01,
-1.4662901e-01,5.00000e+00,4.80000e-01,
-1.4648253e-01,-0.00000e+00,5.40000e-01,
-1.4633605e-01,-0.00000e+00,5.40000e-01,
-1.4618957e-01,2.00001e-01,5.40000e-01,
-1.4604309e-01,-0.00000e+00,5.20000e-01,
-1.4589661e-01,-0.00000e+00,5.20000e-01,
-1.4575014e-01,-0.00000e+00,5.40000e-01,
-1.4560366e-01,-0.00000e+00,5.20000e-01,
-1.4545718e-01,-0.00000e+00,5.20000e-01,
-1.4531070e-01,-0.00000e+00,5.40000e-01,
-1.4516422e-01,2.00001e-01,5.20000e-01,
-1.4501774e-01,-0.00000e+00,5.40000e-01,
-1.4487126e-01,2.00001e-01,5.40000e-01,
-1.4472479e-01,-0.00000e+00,5.40000e-01,
-1.4457831e-01,-0.00000e+00,5.40000e-01,
-1.4443183e-01,-0.00000e+00,5.40000e-01,
-1.4428535e-01,-0.00000e+00,5.20000e-01,
-1.4413887e-01,-0.00000e+00,5.40000e-01,
-1.4399239e-01,-0.00000e+00,5.40000e-01,
-1.4384592e-01,-0.00000e+00,5.40000e-01,
-1.4369944e-01,-0.00000e+00,5.20000e-01,
-1.4355296e-01,-0.00000e+00,5.20000e-01,
-1.4340648e-01,-0.00000e+00,5.40000e-01,
-1.4326000e-01,-0.00000e+00,5.40000e-01,
-1.4311352e-01,-0.00000e+00,5.40000e-01,
-1.4296705e-01,-0.00000e+00,5.40000e-01,
-1.4282057e-01,-0.00000e+00,5.40000e-01,
-1.4267409e-01,-0.00000e+00,5.40000e-01,
-1.4252761e-01,-0.00000e+00,5.40000e-01,
-1.4238113e-01,-0.00000e+00,5.40000e-01,
-1.4223465e-01,-0.00000e+00,5.40000e-01,
-1.4208817e-01,2.00001e-01,5.40000e-01,
-1.4194170e-01,-0.00000e+00,5.40000e-01,
-1.4179522e-01,-0.00000e+00,5.40000e-01,
-1.4164874e-01,-0.00000e+00,5.40000e-01,
-1.4150226e-01,-0.00000e+00,5.20000e-01,
-1.4135578e-01,-0.00000e+00,5.40000e-01,
-1.4120930e-01,-0.00000e+00,5.40000e-01,
-1.4106283e-01,2.00001e-01,5.40000e-01,
-1.4091635e-01,-0.00000e+00,5.40000e-01,
-1.4076987e-01,2.00001e-01,5.40000e-01,
-1.4062339e-01,2.00001e-01,5.40000e-01,
-1.4047691e-01,-0.00000e+00,5.40000e-01,
-1.4033043e-01,-0.00000e+00,5.40000e-01,
-1.4018396e-01,2.00001e-01,5.40000e-01,
-1.4003748e-01,-0.00000e+00,5.40000e-01,
-1.3989100e-01,-0.00000e+00,5.40000e-01,
-1.3974452e-01,-0.00000e+00,5.40000e-01,
-1.3959804e-01,2.00001e-01,5.40000e-01,
-1.3945156e-01,-0.00000e+00,5.40000e-01,
-1.3930508e-01,-0.00000e+00,5.40000e-01,
-1.3915861e-01,2.00001e-01,5.40000e-01,
-1.3901213e-01,-0.00000e+00,5.40000e-01,
-1.3886565e-01,-0.00000e+00,5.40000e-01,
-1.3871917e-01,-0.00000e+00,5.40000e-01,
-1.3857269e-01,2.00001e-01,5.40000e-01,
-1.3842621e-01,-0.00000e+00,5.40000e-01,
-1.3827974e-01,-0.00000e+00,5.40000e-01,
-1.3813326e-01,-0.00000e+00,5.40000e-01,
-1.3798678e-01,-0.00000e+00,5.40000e-01,
-1.3784030e-01,-0.00000e+00,5.40000e-01,
-1.3769382e-01,-0.00000e+00,5.40000e-01,
-1.3754734e-01,-0.00000e+00,5.40000e-01,
-1.3740087e-01,-0.00000e+00,5.40000e-01,
-1.3725439e-01,2.00001e-01,5.40000e-01,
-1.3710791e-01,-0.00000e+00,5.40000e-01,
-1.3696143e-01,-0.00000e+00,5.40000e-01,
-1.3681495e-01,-0.00000e+00,5.40000e-01,
-1.3666847e-01,-0.00000e+00,5.40000e-01,
-1.3652200e-01,-0.00000e+00,5.40000e-01,
-1.3637552e-01,-0.00000e+00,5.40000e-01,
-1.3622904e-01,2.00001e-01,5.40000e-01,
-1.3608256e-01,2.00001e-01,5.40000e-01,
-1.3593608e-01,-0.00000e+00,5.40000e-01,
-1.3578960e-01,-0.00000e+00,5.40000e-01,
-1.3564312e-01,2.00001e-01,5.40000e-01,
-1.3549665e-01,2.00001e-01,5.40000e-01,
-1.3535017e-01,-0.00000e+00,5.40000e-01,
-1.3520369e-01,-0.00000e+00,5.40000e-01,
-1.3505721e-01,-0.00000e+00,5.40000e-01,
-1.3491073e-01,-0.00000e+00,5.40000e-01,
-1.3476425e-01,2.00001e-01,5.40000e-01,
-1.3461778e-01,-0.00000e+00,5.40000e-01,
-1.3447130e-01,-0.00000e+00,5.40000e-01,
-1.3432482e-01,2.00001e-01,5.40000e-01,
-1.3417834e-01,-0.00000e+00,5.40000e-01,
-1.3403186e-01,-0.00000e+00,5.40000e-01,
-1.3388538e-01,-0.00000e+00,5.40000e-01,
-1.3373891e-01,2.00001e-01,5.40000e-01,
-1.3359243e-01,-0.00000e+00,5.40000e-01,
-1.3344595e-01,-0.00000e+00,5.80000e-01,
-1.3329947e-01,-0.00000e+00,5.40000e-01,
-1.3315299e-01,-0.00000e+00,5.40000e-01,
-1.3300651e-01,-0.00000e+00,5.40000e-01,
-1.3286003e-01,-0.00000e+00,5.40000e-01,
-1.3271356e-01,-0.00000e+00,5.40000e-01,
-1.3256708e-01,-0.00000e+00,5.40000e-01,
-1.3242060e-01,-0.00000e+00,5.40000e-01,
-1.3227412e-01,-0.00000e+00,5.40000e-01,
-1.3212764e-01,-0.00000e+00,5.40000e-01,
-1.3198116e-01,-0.00000e+00,5.40000e-01,
-1.3183469e-01,-0.00000e+00,5.40000e-01,
-1.3168821e-01,-0.00000e+00,5.40000e-01,
-1.3154173e-01,-0.00000e+00,5.40000e-01,
-1.3139525e-01,-0.00000e+00,5.40000e-01,
-1.3124877e-01,-0.00000e+00,5.40000e-01,
-1.3110229e-01,-0.00000e+00,5.40000e-01,
-1.3095582e-01,-0.00000e+00,5.40000e-01,
-1.3080934e-01,-0.00000e+00,5.40000e-01,
-1.3066286e-01,2.00001e-01,5.60000e-01,
-1.3051638e-01,-0.00000e+00,5.40000e-01,
-1.3036990e-01,-0.00000e+00,5.40000e-01,
-1.3022342e-01,2.00001e-01,5.40000e-01,
-1.3007694e-01,-0.00000e+00,5.40000e-01,
-1.2993047e-01,-0.00000e+00,5.60000e-01,
-1.2978399e-01,2.00001e-01,5.40000e-01,
-1.2963751e-01,2.00001e-01,5.60000e-01,
-1.2949103e-01,2.00001e-01,5.40000e-01,
-1.2934455e-01,2.00001e-01,5.40000e-01,
-1.2919807e-01,2.00001e-01,5.40000e-01,
-1.2905160e-01,2.00001e-01,5.40000e-01,
-1.2890512e-01,-0.00000e+00,5.40000e-01,
-1.2875864e-01,-0.00000e+00,5.40000e-01,
-1.2861216e-01,2.00001e-01,5.60000e-01,
-1.2846568e-01,-0.00000e+00,5.40000e-01,
-1.2831920e-01,2.00001e-01,5.40000e-01,
-1.2817273e-01,2.00001e-01,5.40000e-01,
-1.2802625e-01,2.00001e-01,5.40000e-01,
-1.2787977e-01,-0.00000e+00,5.40000e-01,
-1.2773329e-01,2.00001e-01,5.60000e-01,
-1.2758681e-01,-0.00000e+00,5.60000e-01,
-1.2744033e-01,-0.00000e+00,5.40000e-01,
-1.2729385e-01,2.00001e-01,5.40000e-01,
-1.2714738e-01,-0.00000e+00,5.40000e-01,
-1.2700090e-01,-0.00000e+00,5.60000e-01,
-1.2685442e-01,-0.00000e+00,5.60000e-01,
-1.2670794e-01,-0.00000e+00,5.40000e-01,
-1.2656146e-01,2.00001e-01,5.60000e-01,
-1.2641498e-01,-0.00000e+00,5.80000e-01,
-1.2626851e-01,2.00001e-01,5.40000e-01,
-1.2612203e-01,2.00001e-01,5.40000e-01,
-1.2597555e-01,-0.00000e+00,5.60000e-01,
-1.2582907e-01,-0.00000e+00,5.60000e-01,
-1.2568259e-01,2.00001e-01,5.40000e-01,
-1.2553611e-01,2.00001e-01,5.60000e-01,
-1.2538964e-01,2.00001e-01,5.40000e-01,
-1.2524316e-01,-0.00000e+00,5.40000e-01,
-1.2509668e-01,-0.00000e+00,5.60000e-01,
-1.2495019e-01,2.00001e-01,5.80000e-01,
-1.2480371e-01,2.00001e-01,5.60000e-01,
-1.2465722e-01,-0.00000e+00,5.40000e-01,
-1.2451074e-01,-0.00000e+00,5.60000e-01,
-1.2436425e-01,2.00001e-01,5.60000e-01,
-1.2421776e-01,-0.00000e+00,5.60000e-01,
-1.2407128e-01,2.00001e-01,5.60000e-01,
-1.2392479e-01,2.00001e-01,5.40000e-01,
-1.2377831e-01,2.00001e-01,5.60000e-01,
-1.2363182e-01,-0.00000e+00,5.60000e-01,
-1.2348533e-01,2.00001e-01,5.80000e-01,
-1.2333885e-01,-0.00000e+00,5.40000e-01,
-1.2319236e-01,-0.00000e+00,5.80000e-01,
-1.2304588e-01,-0.00000e+00,5.60000e-01,
-1.2289939e-01,2.00001e-01,5.60000e-01,
-1.2275290e-01,-0.00000e+00,5.60000e-01,
-1.2260642e-01,-0.00000e+00,5.60000e-01,
-1.2245993e-01,-0.00000e+00,5.60000e-01,
-1.2231345e-01,-0.00000e+00,5.60000e-01,
-1.2216696e-01,-0.00000e+00,5.60000e-01,
-1.2202048e-01,-0.00000e+00,5.80000e-01,
-1.2187399e-01,-0.00000e+00,5.60000e-01,
-1.2172750e-01,-0.00000e+00,5.60000e-01,
-1.2158102e-01,-0.00000e+00,5.40000e-01,
-1.2143453e-01,2.00001e-01,5.80000e-01,
-1.2128805e-01,-0.00000e+00,5.60000e-01,
-1.2114156e-01,-0.00000e+00,5.60000e-01,
-1.2099507e-01,-0.00000e+00,5.60000e-01,
-1.2084859e-01,2.00001e-01,5.60000e-01,
-1.2070210e-01,2.00001e-01,5.60000e-01,
-1.2055562e-01,-0.00000e+00,5.60000e-01,
-1.2040913e-01,-0.00000e+00,5.80000e-01,
-1.2026265e-01,-0.00000e+00,5.80000e-01,
-1.2011616e-01,-0.00000e+00,5.40000e-01,
-1.1996967e-01,-0.00000e+00,5.80000e-01,
-1.1982319e-01,-0.00000e+00,5.60000e-01,
-1.1967670e-01,-0.00000e+00,5.80000e-01,
-1.1953022e-01,-0.00000e+00,5.80000e-01,
-1.1938373e-01,-0.00000e+00,5.60000e-01,
-1.1923724e-01,-0.00000e+00,5.80000e-01,
-1.1909076e-01,-0.00000e+00,5.80000e-01,
-1.1894427e-01,-0.00000e+00,5.60000e-01,
-1.1879779e-01,-0.00000e+00,5.80000e-01,
-1.1865130e-01,2.00001e-01,5.60000e-01,
-1.1850481e-01,2.00001e-01,5.80000e-01,
-1.1835833e-01,-0.00000e+00,5.80000e-01,
-1.1821184e-01,2.00001e-01,5.80000e-01,
-1.1806536e-01,-0.00000e+00,5.80000e-01,
-1.1791887e-01,-0.00000e+00,5.80000e-01,
-1.1777239e-01,-0.00000e+00,5.80000e-01,
-1.1762590e-01,-0.00000e+00,5.80000e-01,
-1.1747941e-01,-0.00000e+00,5.80000e-01,
-1.1733293e-01,-0.00000e+00,5.80000e-01,
-1.1718644e-01,-0.00000e+00,5.80000e-01,
-1.1703996e-01,-0.00000e+00,5.80000e-01,
-1.1689347e-01,-0.00000e+00,5.60000e-01,
-1.1674698e-01,-0.00000e+00,5.80000e-01,
-1.1660050e-01,-0.00000e+00,5.80000e-01,
-1.1645401e-01,-0.00000e+00,5.80000e-01,
-1.1630753e-01,-0.00000e+00,5.80000e-01,
-1.1616104e-01,2.00001e-01,5.80000e-01,
-1.1601456e-01,-0.00000e+00,5.80000e-01,
-1.1586807e-01,2.00001e-01,5.80000e-01,
-1.1572158e-01,-0.00000e+00,5.80000e-01,
-1.1557510e-01,-0.00000e+00,5.80000e-01,
-1.1542861e-01,-0.00000e+00,5.80000e-01,
-1.1528213e-01,-0.00000e+00,5.80000e-01,
-1.1513564e-01,2.00001e-01,5.80000e-01,
-1.1498915e-01,-0.00000e+00,5.80000e-01,
-1.1484267e-01,-0.00000e+00,5.80000e-01,
-1.1469618e-01,-0.00000e+00,5.80000e-01,
-1.1454970e-01,-0.00000e+00,5.80000e-01,
-1.1440321e-01,2.00001e-01,5.80000e-01,
-1.1425672e-01,-0.00000e+00,5.80000e-01,
-1.1411024e-01,2.00001e-01,5.80000e-01,
-1.1396375e-01,-0.00000e+00,5.80000e-01,
-1.1381727e-01,-0.00000e+00,5.80000e-01,
-1.1367078e-01,-0.00000e+00,5.80000e-01,
-1.1352430e-01,2.00001e-01,5.80000e-01,
-1.1337781e-01,-0.00000e+00,5.80000e-01,
-1.1323132e-01,-0.00000e+00,5.80000e-01,
-1.1308484e-01,-0.00000e+00,5.80000e-01,
-1.1293835e-01,-0.00000e+00,5.80000e-01,
-1.1279187e-01,2.00001e-01,5.80000e-01,
-1.1264538e-01,2.00001e-01,5.80000e-01,
-1.1249889e-01,2.00001e-01,5.80000e-01,
-1.1235241e-01,-0.00000e+00,5.80000e-01,
-1.1220592e-01,-0.00000e+00,5.80000e-01,
-1.1205944e-01,-0.00000e+00,5.80000e-01,
-1.1191295e-01,-0.00000e+00,5.80000e-01,
-1.1176647e-01,-0.00000e+00,5.80000e-01,
-1.1161998e-01,-0.00000e+00,5.80000e-01,
-1.1147349e-01,-0.00000e+00,5.80000e-01,
-1.1132701e-01,-0.00000e+00,5.80000e-01,
-1.1118052e-01,-0.00000e+00,5.80000e-01,
-1.1103404e-01,-0.00000e+00,5.80000e-01,
-1.1088755e-01,-0.00000e+00,5.80000e-01,
-1.1074106e-01,-0.00000e+00,5.80000e-01,
-1.1059458e-01,-0.00000e+00,5.80000e-01,
-1.1044809e-01,2.00001e-01,5.80000e-01,
-1.1030161e-01,2.00001e-01,5.80000e-01,
-1.1015512e-01,2.00001e-01,5.80000e-01,
-1.1000863e-01,-0.00000e+00,5.80000e-01,
-1.0986215e-01,2.00001e-01,6.00000e-01,
-1.0971566e-01,-0.00000e+00,6.00000e-01,
-1.0956918e-01,-0.00000e+00,5.80000e-01,
-1.0942269e-01,-0.00000e+00,5.80000e-01,
-1.0927621e-01,-0.00000e+00,5.80000e-01,
-1.0912972e-01,-0.00000e+00,5.80000e-01,
-1.0898323e-01,2.00001e-01,6.00000e-01,
-1.0883675e-01,2.00001e-01,5.80000e-01,
-1.0869026e-01,-0.00000e+00,5.80000e-01,
-1.0854378e-01,-0.00000e+00,5.80000e-01,
-1.0839729e-01,-0.00000e+00,5.80000e-01,
-1.0825080e-01,-0.00000e+00,5.80000e-01,
-1.0810432e-01,-0.00000e+00,5.80000e-01,
-1.0795783e-01,-0.00000e+00,5.80000e-01,
-1.0781135e-01,-0.00000e+00,5.80000e-01,
-1.0766486e-01,-0.00000e+00,6.00000e-01,
-1.0751837e-01,2.00001e-01,5.80000e-01,
-1.0737189e-01,-0.00000e+00,5.80000e-01,
-1.0722540e-01,-0.00000e+00,5.80000e-01,
-1.0707892e-01,-0.00000e+00,6.00000e-01,
-1.0693243e-01,-0.00000e+00,6.00000e-01,
-1.0678595e-01,-0.00000e+00,6.00000e-01,
-1.0663946e-01,-0.00000e+00,6.00000e-01,
-1.0649297e-01,2.00001e-01,6.00000e-01,
-1.0634649e-01,-0.00000e+00,5.80000e-01,
-1.0620000e-01,-0.00000e+00,6.00000e-01,
-1.0605352e-01,-0.00000e+00,5.80000e-01,
-1.0590703e-01,2.00001e-01,5.80000e-01,
-1.0576054e-01,-0.00000e+00,6.00000e-01,
-1.0561406e-01,-0.00000e+00,5.80000e-01,
-1.0546757e-01,-0.00000e+00,5.80000e-01,
-1.0532109e-01,2.00001e-01,5.80000e-01,
-1.0517460e-01,2.00001e-01,5.80000e-01,
-1.0502812e-01,-0.00000e+00,5.80000e-01,
-1.0488163e-01,2.00001e-01,5.80000e-01,
-1.0473514e-01,-0.00000e+00,6.00000e-01,
-1.0458866e-01,-0.00000e+00,6.00000e-01,
-1.0444217e-01,-0.00000e+00,6.00000e-01,
-1.0429569e-01,-0.00000e+00,5.80000e-01,
-1.0414920e-01,-0.00000e+00,5.80000e-01,
-1.0400271e-01,-0.00000e+00,6.00000e-01,
-1.0385623e-01,-0.00000e+00,6.00000e-01,
-1.0370974e-01,-0.00000e+00,6.00000e-01,
-1.0356326e-01,-0.00000e+00,6.00000e-01,
-1.0341677e-01,-0.00000e+00,6.00000e-01,
-1.0327028e-01,-0.00000e+00,6.00000e-01,
-1.0312380e-01,-0.00000e+00,6.00000e-01,
-1.0297731e-01,-0.00000e+00,5.80000e-01,
-1.0283083e-01,-0.00000e+00,6.00000e-01,
-1.0268434e-01,-0.00000e+00,6.00000e-01,
-1.0253786e-01,-0.00000e+00,6.00000e-01,
-1.0239137e-01,-0.00000e+00,6.00000e-01,
-1.0224488e-01,-0.00000e+00,6.00000e-01,
-1.0209840e-01,-0.00000e+00,5.80000e-01,
-1.0195191e-01,-0.00000e+00,6.00000e-01,
-1.0180543e-01,-0.00000e+00,5.80000e-01,
-1.0165894e-01,-0.00000e+00,6.00000e-01,
-1.0151245e-01,-0.00000e+00,5.80000e-01,
-1.0136597e-01,-0.00000e+00,6.00000e-01,
-1.0121948e-01,-0.00000e+00,6.00000e-01,
-1.0107300e-01,-0.00000e+00,6.00000e-01,
-1.0092651e-01,2.00001e-01,6.00000e-01,
-1.0078003e-01,-0.00000e+00,6.00000e-01,
-1.0063354e-01,-0.00000e+00,6.00000e-01,
-1.0048705e-01,-0.00000e+00,6.00000e-01,
-1.0034057e-01,-0.00000e+00,6.00000e-01,
-1.0019408e-01,-0.00000e+00,6.00000e-01,
-1.0004760e-01,-0.00000e+00,6.00000e-01,
-9.9901110e-02,-0.00000e+00,6.00000e-01,
-9.9754624e-02,-0.00000e+00,6.00000e-01,
-9.9608138e-02,-0.00000e+00,6.00000e-01,
-9.9461652e-02,-0.00000e+00,6.00000e-01,
-9.9315166e-02,-0.00000e+00,6.00000e-01,
-9.9168681e-02,2.00001e-01,6.00000e-01,
-9.9022195e-02,2.00001e-01,6.00000e-01,
-9.8875709e-02,-0.00000e+00,6.00000e-01,
-9.8729223e-02,2.00001e-01,6.00000e-01,
-9.8582737e-02,-0.00000e+00,6.00000e-01,
-9.8436251e-02,-0.00000e+00,6.00000e-01,
-9.8289765e-02,-0.00000e+00,6.00000e-01,
-9.8143280e-02,2.00001e-01,6.00000e-01,
-9.7996794e-02,-0.00000e+00,6.00000e-01,
-9.7850308e-02,2.00001e-01,6.00000e-01,
-9.7703822e-02,-0.00000e+00,5.80000e-01,
-9.7557336e-02,-0.00000e+00,6.00000e-01,
-9.7410850e-02,-0.00000e+00,6.00000e-01,
-9.7264364e-02,-0.00000e+00,6.00000e-01,
-9.7117878e-02,-0.00000e+00,6.00000e-01,
-9.6971393e-02,-0.00000e+00,6.00000e-01,
-9.6824907e-02,-0.00000e+00,6.00000e-01,
-9.6678421e-02,-0.00000e+00,6.00000e-01,
-9.6531935e-02,-0.00000e+00,6.00000e-01,
-9.6385449e-02,2.00001e-01,6.00000e-01,
-9.6238963e-02,-0.00000e+00,6.00000e-01,
-9.6092477e-02,-0.00000e+00,6.00000e-01,
-9.5945992e-02,-0.00000e+00,6.00000e-01,
-9.5799506e-02,-0.00000e+00,6.00000e-01,
-9.5653020e-02,-0.00000e+00,6.00000e-01,
-9.5506534e-02,-0.00000e+00,6.20000e-01,
-9.5360048e-02,-0.00000e+00,6.20000e-01,
-9.5213562e-02,-0.00000e+00,6.00000e-01,
-9.5067076e-02,-0.00000e+00,6.20000e-01,
-9.4920591e-02,-0.00000e+00,6.20000e-01,
-9.4774105e-02,2.00001e-01,6.00000e-01,
-9.4627619e-02,2.00001e-01,6.00000e-01,
-9.4481133e-02,-0.00000e+00,6.00000e-01,
-9.4334647e-02,-0.00000e+00,6.00000e-01,
-9.4188161e-02,-0.00000e+00,6.00000e-01,
-9.4041675e-02,2.00001e-01,6.00000e-01,
-9.3895189e-02,-0.00000e+00,6.00000e-01,
-9.3748704e-02,2.00001e-01,6.00000e-01,
-9.3602218e-02,-0.00000e+00,6.20000e-01,
-9.3455732e-02,-0.00000e+00,6.20000e-01,
-9.3309246e-02,-0.00000e+00,6.20000e-01,
-9.3162760e-02,2.00001e-01,6.20000e-01,
-9.3016274e-02,-0.00000e+00,6.00000e-01,
-9.2869788e-02,2.00001e-01,6.00000e-01,
-9.2723303e-02,-0.00000e+00,6.00000e-01,
-9.2576817e-02,-0.00000e+00,6.00000e-01,
-9.2430331e-02,2.00001e-01,6.20000e-01,
-9.2283845e-02,2.00001e-01,6.20000e-01,
-9.2137359e-02,-0.00000e+00,6.20000e-01,
-9.1990873e-02,-0.00000e+00,6.20000e-01,
-9.1844387e-02,2.00001e-01,6.20000e-01,
-9.1697901e-02,-0.00000e+00,6.00000e-01,
-9.1551416e-02,-0.00000e+00,6.00000e-01,
-9.1404930e-02,-0.00000e+00,6.20000e-01,
-9.1258444e-02,-0.00000e+00,6.20000e-01,
-9.1111958e-02,2.00001e-01,6.20000e-01,
-9.0965472e-02,2.00001e-01,6.20000e-01,
-9.0818986e-02,2.00001e-01,6.20000e-01,
-9.0672500e-02,-0.00000e+00,6.20000e-01,
-9.0526015e-02,-0.00000e+00,6.20000e-01,
-9.0379529e-02,2.00001e-01,6.20000e-01,
-9.0233043e-02,2.00001e-01,6.00000e-01,
-9.0086557e-02,-0.00000e+00,6.20000e-01,
-8.9940071e-02,-0.00000e+00,6.20000e-01,
-8.9793585e-02,2.00001e-01,6.00000e-01,
-8.9647099e-02,-0.00000e+00,6.20000e-01,
-8.9500614e-02,2.00001e-01,6.00000e-01,
-8.9354128e-02,-0.00000e+00,6.20000e-01,
-8.9207642e-02,-0.00000e+00,6.00000e-01,
-8.9061156e-02,2.00001e-01,6.20000e-01,
-8.8914670e-02,-0.00000e+00,6.20000e-01,
-8.8768184e-02,-0.00000e+00,6.00000e-01,
-8.8621698e-02,-0.00000e+00,6.20000e-01,
-8.8475212e-02,-0.00000e+00,6.20000e-01,
-8.8328727e-02,-0.00000e+00,6.00000e-01,
-8.8182241e-02,-0.00000e+00,6.20000e-01,
-8.8035755e-02,-0.00000e+00,6.00000e-01,
-8.7889269e-02,-0.00000e+00,6.20000e-01,
-8.7742783e-02,-0.00000e+00,6.20000e-01,
-8.7596297e-02,-0.00000e+00,6.20000e-01,
-8.7449811e-02,-0.00000e+00,6.20000e-01,
-8.7303326e-02,-0.00000e+00,6.20000e-01,
-8.7156840e-02,-0.00000e+00,6.20000e-01,
-8.7010354e-02,2.00001e-01,6.20000e-01,
-8.6863868e-02,-0.00000e+00,6.00000e-01,
-8.6717382e-02,2.00001e-01,6.20000e-01,
-8.6570896e-02,-0.00000e+00,6.20000e-01,
-8.6424410e-02,-0.00000e+00,6.20000e-01,
-8.6277924e-02,-0.00000e+00,6.00000e-01,
-8.6131439e-02,-0.00000e+00,6.20000e-01,
-8.5984953e-02,-0.00000e+00,6.20000e-01,
-8.5838467e-02,-0.00000e+00,6.20000e-01,
-8.5691981e-02,-0.00000e+00,6.20000e-01,
-8.5545495e-02,-0.00000e+00,6.20000e-01,
-8.5399009e-02,2.00001e-01,6.20000e-01,
-8.5252523e-02,-0.00000e+00,6.20000e-01,
-8.5106038e-02,-0.00000e+00,6.00000e-01,
-8.4959552e-02,2.00001e-01,6.20000e-01,
-8.4813066e-02,-0.00000e+00,6.20000e-01,
-8.4666580e-02,-0.00000e+00,6.20000e-01,
-8.4520094e-02,-0.00000e+00,6.20000e-01,
-8.4373608e-02,-0.00000e+00,6.20000e-01,
-8.4227122e-02,-0.00000e+00,6.20000e-01,
-8.4080637e-02,-0.00000e+00,6.20000e-01,
-8.3934151e-02,-0.00000e+00,6.20000e-01,
-8.3787665e-02,-0.00000e+00,6.20000e-01,
-8.3641179e-02,-0.00000e+00,6.20000e-01,
-8.3494693e-02,-0.00000e+00,6.00000e-01,
-8.3348207e-02,-0.00000e+00,6.20000e-01,
-8.3201721e-02,-0.00000e+00,6.20000e-01,
-8.3055235e-02,2.00001e-01,6.20000e-01,
-8.2908750e-02,-0.00000e+00,6.20000e-01,
-8.2762264e-02,-0.00000e+00,6.20000e-01,
-8.2615778e-02,-0.00000e+00,6.20000e-01,
-8.2469292e-02,-0.00000e+00,6.20000e-01,
-8.2322806e-02,2.00001e-01,6.20000e-01,
-8.2176320e-02,-0.00000e+00,6.20000e-01,
-8.2029834e-02,2.00001e-01,6.20000e-01,
-8.1883349e-02,2.00001e-01,6.20000e-01,
-8.1736863e-02,-0.00000e+00,6.20000e-01,
-8.1590377e-02,-0.00000e+00,6.20000e-01,
-8.1443891e-02,-0.00000e+00,6.20000e-01,
-8.1297405e-02,2.00001e-01,6.20000e-01,
-8.1150919e-02,-0.00000e+00,6.20000e-01,
-8.1004433e-02,-0.00000e+00,6.20000e-01,
-8.0857947e-02,-0.00000e+00,6.20000e-01,
-8.0711462e-02,-0.00000e+00,6.20000e-01,
-8.0564976e-02,-0.00000e+00,6.20000e-01,
-8.0418490e-02,-0.00000e+00,6.20000e-01,
-8.0272004e-02,-0.00000e+00,6.20000e-01,
-8.0125518e-02,-0.00000e+00,6.20000e-01,
-7.9979032e-02,-0.00000e+00,6.20000e-01,
-7.9832546e-02,-0.00000e+00,6.20000e-01,
-7.9686061e-02,-0.00000e+00,6.20000e-01,
-7.9539575e-02,2.00001e-01,6.20000e-01,
-7.9393089e-02,-0.00000e+00,6.20000e-01,
-7.9246603e-02,2.00001e-01,6.20000e-01,
-7.9100117e-02,-0.00000e+00,6.20000e-01,
-7.8953631e-02,-0.00000e+00,6.20000e-01,
-7.8807145e-02,-0.00000e+00,6.20000e-01,
-7.8660659e-02,2.00001e-01,6.20000e-01,
-7.8514174e-02,-0.00000e+00,6.20000e-01,
-7.8367688e-02,-0.00000e+00,6.20000e-01,
-7.8221202e-02,-0.00000e+00,6.20000e-01,
-7.8074716e-02,2.00001e-01,6.20000e-01,
-7.7928230e-02,-0.00000e+00,6.20000e-01,
-7.7781744e-02,-0.00000e+00,6.20000e-01,
-7.7635258e-02,-0.00000e+00,6.20000e-01,
-7.7488773e-02,-0.00000e+00,6.20000e-01,
-7.7342287e-02,-0.00000e+00,6.20000e-01,
-7.7195801e-02,-0.00000e+00,6.20000e-01,
-7.7049315e-02,-0.00000e+00,6.20000e-01,
-7.6902829e-02,2.00001e-01,6.20000e-01,
-7.6756343e-02,2.00001e-01,6.20000e-01,
-7.6609857e-02,2.00001e-01,6.20000e-01,
-7.6463372e-02,2.00001e-01,6.20000e-01,
-7.6316886e-02,-0.00000e+00,6.20000e-01,
-7.6170400e-02,-0.00000e+00,6.20000e-01,
-7.6023914e-02,-0.00000e+00,6.20000e-01,
-7.5877428e-02,2.00001e-01,6.20000e-01,
-7.5730942e-02,-0.00000e+00,6.20000e-01,
-7.5584456e-02,2.00001e-01,6.20000e-01,
-7.5437970e-02,-0.00000e+00,6.20000e-01,
-7.5291485e-02,-0.00000e+00,6.20000e-01,
-7.5144999e-02,2.00001e-01,6.20000e-01,
-7.4998513e-02,2.00001e-01,6.20000e-01,
-7.4852027e-02,-0.00000e+00,6.20000e-01,
-7.4705541e-02,-0.00000e+00,6.20000e-01,
-7.4559055e-02,-0.00000e+00,6.20000e-01,
-7.4412569e-02,2.00001e-01,6.20000e-01,
-7.4266084e-02,-0.00000e+00,6.20000e-01,
-7.4119598e-02,-0.00000e+00,6.20000e-01,
-7.3973112e-02,-0.00000e+00,6.20000e-01,
-7.3826626e-02,-0.00000e+00,6.20000e-01,
-7.3680140e-02,-0.00000e+00,6.20000e-01,
-7.3533654e-02,-0.00000e+00,6.20000e-01,
-7.3387168e-02,-0.00000e+00,6.20000e-01,
-7.3240682e-02,-0.00000e+00,6.20000e-01,
-7.3094197e-02,-0.00000e+00,6.20000e-01,
-7.2947711e-02,-0.00000e+00,6.20000e-01,
-7.2801225e-02,-0.00000e+00,6.20000e-01,
-7.2654739e-02,-0.00000e+00,6.20000e-01,
-7.2508253e-02,-0.00000e+00,6.40000e-01,
-7.2361767e-02,-0.00000e+00,6.20000e-01,
-7.2215281e-02,-0.00000e+00,6.20000e-01,
-7.2068796e-02,-0.00000e+00,6.20000e-01,
-7.1922310e-02,-0.00000e+00,6.20000e-01,
-7.1775824e-02,2.00001e-01,6.20000e-01,
-7.1629338e-02,-0.00000e+00,6.20000e-01,
-7.1482852e-02,-0.00000e+00,6.20000e-01,
-7.1336366e-02,-0.00000e+00,6.20000e-01,
-7.1189880e-02,-0.00000e+00,6.20000e-01,
-7.1043395e-02,-0.00000e+00,6.20000e-01,
-7.0896909e-02,-0.00000e+00,6.40000e-01,
-7.0750423e-02,-0.00000e+00,6.20000e-01,
-7.0603937e-02,2.00001e-01,6.20000e-01,
-7.0457451e-02,2.00001e-01,6.20000e-01,
-7.0310965e-02,2.00001e-01,6.20000e-01,
-7.0164479e-02,2.00001e-01,6.20000e-01,
-7.0017993e-02,-0.00000e+00,6.20000e-01,
-6.9871508e-02,2.00001e-01,6.20000e-01,
-6.9725022e-02,-0.00000e+00,6.20000e-01,
-6.9578536e-02,-0.00000e+00,6.20000e-01,
-6.9432050e-02,-0.00000e+00,6.40000e-01,
-6.9285564e-02,2.00001e-01,6.20000e-01,
-6.9139078e-02,-0.00000e+00,6.20000e-01,
-6.8992592e-02,2.00001e-01,6.20000e-01,
-6.8846107e-02,-0.00000e+00,6.20000e-01,
-6.8699621e-02,-0.00000e+00,6.20000e-01,
-6.8553135e-02,2.00001e-01,6.20000e-01,
-6.8406649e-02,-0.00000e+00,6.20000e-01,
-6.8260163e-02,-0.00000e+00,6.40000e-01,
-6.8113677e-02,-0.00000e+00,6.40000e-01,
-6.7967191e-02,2.00001e-01,6.40000e-01,
-6.7820705e-02,-0.00000e+00,6.20000e-01,
-6.7674220e-02,2.00001e-01,6.20000e-01,
-6.7527734e-02,-0.00000e+00,6.40000e-01,
-6.7381248e-02,-0.00000e+00,6.20000e-01,
-6.7234762e-02,-0.00000e+00,6.20000e-01,
-6.7088276e-02,-0.00000e+00,6.40000e-01,
-6.6941790e-02,-0.00000e+00,6.40000e-01,
-6.6795304e-02,-0.00000e+00,6.20000e-01,
-6.6648819e-02,2.00001e-01,6.40000e-01,
-6.6502333e-02,-0.00000e+00,6.40000e-01,
-6.6355847e-02,-0.00000e+00,6.60000e-01,
-6.6209361e-02,-0.00000e+00,6.40000e-01,
-6.6062875e-02,2.00001e-01,6.40000e-01,
-6.5916389e-02,-0.00000e+00,6.20000e-01,
-6.5769903e-02,2.00001e-01,6.20000e-01,
-6.5623417e-02,-0.00000e+00,6.40000e-01,
-6.5476932e-02,-0.00000e+00,6.40000e-01,
-6.5330446e-02,-0.00000e+00,6.20000e-01,
-6.5183960e-02,-0.00000e+00,6.40000e-01,
-6.5037474e-02,-0.00000e+00,6.40000e-01,
-6.4890988e-02,-0.00000e+00,6.60000e-01,
-6.4744502e-02,-0.00000e+00,6.20000e-01,
-6.4598016e-02,-0.00000e+00,6.20000e-01,
-6.4451531e-02,-0.00000e+00,6.40000e-01,
-6.4305045e-02,-0.00000e+00,6.40000e-01,
-6.4158559e-02,-0.00000e+00,6.40000e-01,
-6.4012073e-02,-0.00000e+00,6.60000e-01,
-6.3865587e-02,-0.00000e+00,6.40000e-01,
-6.3719101e-02,-0.00000e+00,6.20000e-01,
-6.3572615e-02,-0.00000e+00,6.40000e-01,
-6.3426130e-02,-0.00000e+00,6.40000e-01,
-6.3279644e-02,-0.00000e+00,6.40000e-01,
-6.3133158e-02,2.00001e-01,6.40000e-01,
-6.2986672e-02,-0.00000e+00,6.40000e-01,
-6.2840186e-02,-0.00000e+00,6.40000e-01,
-6.2693700e-02,-0.00000e+00,6.20000e-01,
-6.2547214e-02,2.00001e-01,6.40000e-01,
-6.2400728e-02,-0.00000e+00,6.40000e-01,
-6.2254243e-02,-0.00000e+00,6.40000e-01,
-6.2107757e-02,-0.00000e+00,6.20000e-01,
-6.1961271e-02,-0.00000e+00,6.20000e-01,
-6.1814785e-02,2.00001e-01,6.60000e-01,
-6.1668299e-02,-0.00000e+00,6.40000e-01,
-6.1521813e-02,-0.00000e+00,6.40000e-01,
-6.1375327e-02,-0.00000e+00,6.40000e-01,
-6.1228842e-02,-0.00000e+00,6.40000e-01,
-6.1082356e-02,-0.00000e+00,6.40000e-01,
-6.0935870e-02,2.00001e-01,6.40000e-01,
-6.0789384e-02,-0.00000e+00,6.60000e-01,
-6.0642898e-02,-0.00000e+00,6.40000e-01,
-6.0496412e-02,-0.00000e+00,6.40000e-01,
-6.0349926e-02,-0.00000e+00,6.40000e-01,
-6.0203440e-02,-0.00000e+00,6.40000e-01,
-6.0056955e-02,-0.00000e+00,6.60000e-01,
-5.9910469e-02,2.00001e-01,6.40000e-01,
-5.9763983e-02,-0.00000e+00,6.40000e-01,
-5.9617497e-02,2.00001e-01,6.40000e-01,
-5.9471011e-02,-0.00000e+00,6.60000e-01,
-5.9324525e-02,-0.00000e+00,6.60000e-01,
-5.9178039e-02,-0.00000e+00,6.60000e-01,
-5.9031554e-02,-0.00000e+00,6.40000e-01,
-5.8885068e-02,-0.00000e+00,6.40000e-01,
-5.8738582e-02,2.00001e-01,6.40000e-01,
-5.8592096e-02,-0.00000e+00,6.40000e-01,
-5.8445610e-02,2.00001e-01,6.60000e-01,
-5.8299124e-02,2.00001e-01,6.40000e-01,
-5.8152638e-02,-0.00000e+00,6.40000e-01,
-5.8006153e-02,-0.00000e+00,6.40000e-01,
-5.7859667e-02,-0.00000e+00,6.40000e-01,
-5.7713181e-02,-0.00000e+00,6.60000e-01,
-5.7566695e-02,-0.00000e+00,6.60000e-01,
-5.7420209e-02,-0.00000e+00,6.60000e-01,
-5.7273723e-02,-0.00000e+00,6.40000e-01,
-5.7127237e-02,2.00001e-01,6.60000e-01,
-5.6980751e-02,2.00001e-01,6.60000e-01,
-5.6834266e-02,-0.00000e+00,6.40000e-01,
-5.6687780e-02,-0.00000e+00,6.60000e-01,
-5.6541294e-02,-0.00000e+00,6.40000e-01,
-5.6394808e-02,-0.00000e+00,6.60000e-01,
-5.6248322e-02,-0.00000e+00,6.60000e-01,
-5.6101836e-02,-0.00000e+00,6.60000e-01,
-5.5955350e-02,-0.00000e+00,6.40000e-01,
-5.5808865e-02,-0.00000e+00,6.60000e-01,
-5.5662379e-02,-0.00000e+00,6.60000e-01,
-5.5515893e-02,2.00001e-01,6.40000e-01,
-5.5369407e-02,-0.00000e+00,6.40000e-01,
-5.5222921e-02,2.00001e-01,6.40000e-01,
-5.5076435e-02,-0.00000e+00,6.40000e-01,
-5.4929949e-02,2.00001e-01,6.60000e-01,
-5.4783463e-02,-0.00000e+00,6.60000e-01,
-5.4636978e-02,-0.00000e+00,6.60000e-01,
-5.4490492e-02,-0.00000e+00,6.40000e-01,
-5.4344006e-02,-0.00000e+00,6.40000e-01,
-5.4197520e-02,2.00001e-01,6.60000e-01,
-5.4051034e-02,-0.00000e+00,6.40000e-01,
-5.3904548e-02,-0.00000e+00,6.60000e-01,
-5.3758062e-02,2.00001e-01,6.40000e-01,
-5.3611577e-02,-0.00000e+00,6.40000e-01,
-5.3465091e-02,2.00001e-01,6.60000e-01,
-5.3318605e-02,-0.00000e+00,6.60000e-01,
-5.3172119e-02,2.00001e-01,6.60000e-01,
-5.3025633e-02,2.00001e-01,6.60000e-01,
-5.2879147e-02,-0.00000e+00,6.40000e-01,
-5.2732661e-02,-0.00000e+00,6.60000e-01,
-5.2586176e-02,2.00001e-01,6.60000e-01,
-5.2439690e-02,-0.00000e+00,6.60000e-01,
-5.2293204e-02,-0.00000e+00,6.60000e-01,
-5.2146718e-02,2.00001e-01,6.60000e-01,
-5.2000232e-02,2.00001e-01,6.60000e-01,
-5.1853746e-02,-0.00000e+00,6.20000e-01,
-5.1707260e-02,2.00001e-01,6.60000e-01,
-5.1560774e-02,2.00001e-01,6.40000e-01,
-5.1414289e-02,2.00001e-01,6.60000e-01,
-5.1267803e-02,2.00001e-01,6.60000e-01,
-5.1121317e-02,-0.00000e+00,6.40000e-01,
-5.0974831e-02,-0.00000e+00,6.40000e-01,
-5.0828345e-02,-0.00000e+00,6.60000e-01,
-5.0681859e-02,2.00001e-01,6.60000e-01,
-5.0535373e-02,-0.00000e+00,6.60000e-01,
-5.0388888e-02,-0.00000e+00,6.60000e-01,
-5.0242402e-02,2.00001e-01,6.40000e-01,
-5.0095916e-02,-0.00000e+00,6.60000e-01,
-4.9949430e-02,2.00001e-01,6.40000e-01,
-4.9802944e-02,-0.00000e+00,6.60000e-01,
-4.9656458e-02,-0.00000e+00,6.60000e-01,
-4.9509972e-02,2.00001e-01,6.60000e-01,
-4.9363486e-02,2.00001e-01,6.60000e-01,
-4.9217001e-02,2.00001e-01,6.60000e-01,
-4.9070515e-02,-0.00000e+00,6.60000e-01,
-4.8924029e-02,-0.00000e+00,6.60000e-01,
-4.8777543e-02,2.00001e-01,6.60000e-01,
-4.8631057e-02,-0.00000e+00,6.60000e-01,
-4.8484571e-02,-0.00000e+00,6.60000e-01,
-4.8338085e-02,2.00001e-01,6.60000e-01,
-4.8191600e-02,2.00001e-01,6.60000e-01,
-4.8045114e-02,2.00001e-01,6.60000e-01,
-4.7898628e-02,-0.00000e+00,6.60000e-01,
-4.7752142e-02,-0.00000e+00,6.60000e-01,
-4.7605656e-02,-0.00000e+00,6.60000e-01,
-4.7459170e-02,-0.00000e+00,6.80000e-01,
-4.7312684e-02,-0.00000e+00,6.60000e-01,
-4.7166198e-02,-0.00000e+00,6.60000e-01,
-4.7019713e-02,-0.00000e+00,6.60000e-01,
-4.6873227e-02,2.00001e-01,6.60000e-01,
-4.6726741e-02,-0.00000e+00,6.60000e-01,
-4.6580255e-02,-0.00000e+00,6.60000e-01,
-4.6433769e-02,2.00001e-01,6.60000e-01,
-4.6287283e-02,2.00001e-01,6.60000e-01,
-4.6140797e-02,-0.00000e+00,6.60000e-01,
-4.5994312e-02,-0.00000e+00,6.60000e-01,
-4.5847826e-02,-0.00000e+00,6.60000e-01,
-4.5701340e-02,-0.00000e+00,6.60000e-01,
-4.5554854e-02,2.00001e-01,6.60000e-01,
-4.5408368e-02,-0.00000e+00,6.60000e-01,
-4.5261882e-02,-0.00000e+00,6.60000e-01,
-4.5115396e-02,-0.00000e+00,6.60000e-01,
-4.4968911e-02,-0.00000e+00,6.60000e-01,
-4.4822425e-02,-0.00000e+00,6.60000e-01,
-4.4675939e-02,-0.00000e+00,6.60000e-01,
-4.4529453e-02,-0.00000e+00,6.60000e-01,
-4.4382967e-02,-0.00000e+00,6.60000e-01,
-4.4236481e-02,2.00001e-01,6.60000e-01,
-4.4089995e-02,-0.00000e+00,6.60000e-01,
-4.3943509e-02,2.00001e-01,6.60000e-01,
-4.3797024e-02,2.00001e-01,6.40000e-01,
-4.3650538e-02,-0.00000e+00,6.60000e-01,
-4.3504052e-02,-0.00000e+00,6.60000e-01,
-4.3357566e-02,-0.00000e+00,6.60000e-01,
-4.3211080e-02,-0.00000e+00,6.80000e-01,
-4.3064594e-02,2.00001e-01,6.60000e-01,
-4.2918108e-02,2.00001e-01,6.60000e-01,
-4.2771623e-02,-0.00000e+00,6.60000e-01,
-4.2625137e-02,-0.00000e+00,6.60000e-01,
-4.2478651e-02,-0.00000e+00,6.60000e-01,
-4.2332165e-02,-0.00000e+00,6.60000e-01,
-4.2185679e-02,2.00001e-01,6.60000e-01,
-4.2039193e-02,-0.00000e+00,6.60000e-01,
-4.1892707e-02,2.00001e-01,6.60000e-01,
-4.1746221e-02,-0.00000e+00,6.60000e-01,
-4.1599736e-02,-0.00000e+00,6.60000e-01,
-4.1453250e-02,-0.00000e+00,6.60000e-01,
-4.1306764e-02,-0.00000e+00,6.60000e-01,
-4.1160278e-02,-0.00000e+00,6.60000e-01,
-4.1013792e-02,-0.00000e+00,6.60000e-01,
-4.0867306e-02,-0.00000e+00,6.40000e-01,
-4.0720820e-02,2.00001e-01,6.60000e-01,
-4.0574335e-02,-0.00000e+00,6.60000e-01,
-4.0427849e-02,2.00001e-01,6.60000e-01,
-4.0281363e-02,-0.00000e+00,6.60000e-01,
-4.0134877e-02,-0.00000e+00,6.60000e-01,
-3.9988391e-02,2.00001e-01,6.60000e-01,
-3.9841905e-02,-0.00000e+00,6.60000e-01,
-3.9695419e-02,-0.00000e+00,6.60000e-01,
-3.9548934e-02,-0.00000e+00,6.60000e-01,
-3.9402448e-02,-0.00000e+00,6.60000e-01,
-3.9255962e-02,-0.00000e+00,6.60000e-01,
-3.9109476e-02,-0.00000e+00,6.60000e-01,
-3.8962990e-02,-0.00000e+00,6.60000e-01,
-3.8816504e-02,-0.00000e+00,6.60000e-01,
-3.8670018e-02,-0.00000e+00,6.60000e-01,
-3.8523532e-02,2.00001e-01,6.60000e-01,
-3.8377047e-02,-0.00000e+00,6.60000e-01,
-3.8230561e-02,2.00001e-01,6.80000e-01,
-3.8084075e-02,2.00001e-01,6.60000e-01,
-3.7937589e-02,-0.00000e+00,6.60000e-01,
-3.7791103e-02,-0.00000e+00,6.60000e-01,
-3.7644617e-02,-0.00000e+00,6.60000e-01,
-3.7498131e-02,-0.00000e+00,6.80000e-01,
-3.7351646e-02,-0.00000e+00,6.60000e-01,
-3.7205160e-02,-0.00000e+00,6.80000e-01,
-3.7058674e-02,-0.00000e+00,6.80000e-01,
-3.6912188e-02,-0.00000e+00,6.60000e-01,
-3.6765702e-02,-0.00000e+00,6.60000e-01,
-3.6619216e-02,2.00001e-01,6.60000e-01,
-3.6472730e-02,2.00001e-01,6.60000e-01,
-3.6326244e-02,-0.00000e+00,6.60000e-01,
-3.6179759e-02,-0.00000e+00,6.80000e-01,
-3.6033273e-02,-0.00000e+00,6.80000e-01,
-3.5886787e-02,-0.00000e+00,6.60000e-01,
-3.5740301e-02,-0.00000e+00,6.60000e-01,
-3.5593815e-02,-0.00000e+00,6.60000e-01,
-3.5447329e-02,-0.00000e+00,6.60000e-01,
-3.5300843e-02,-0.00000e+00,6.60000e-01,
-3.5154358e-02,-0.00000e+00,6.60000e-01,
-3.5007872e-02,-0.00000e+00,6.60000e-01,
-3.4861386e-02,-0.00000e+00,6.80000e-01,
-3.4714900e-02,-0.00000e+00,6.60000e-01,
-3.4568414e-02,2.00001e-01,6.60000e-01,
-3.4421928e-02,-0.00000e+00,6.80000e-01,
-3.4275442e-02,2.00001e-01,6.60000e-01,
-3.4128956e-02,-0.00000e+00,6.60000e-01,
-3.3982471e-02,-0.00000e+00,6.80000e-01,
-3.3835985e-02,-0.00000e+00,6.80000e-01,
-3.3689499e-02,-0.00000e+00,6.80000e-01,
-3.3543013e-02,-0.00000e+00,6.60000e-01,
-3.3396527e-02,-0.00000e+00,6.60000e-01,
-3.3250041e-02,-0.00000e+00,6.80000e-01,
-3.3103555e-02,2.00001e-01,6.80000e-01,
-3.2957070e-02,-0.00000e+00,6.80000e-01,
-3.2810584e-02,-0.00000e+00,6.60000e-01,
-3.2664098e-02,-0.00000e+00,6.60000e-01,
-3.2517612e-02,-0.00000e+00,6.80000e-01,
-3.2371126e-02,-0.00000e+00,6.60000e-01,
-3.2224640e-02,-0.00000e+00,6.60000e-01,
-3.2078154e-02,-0.00000e+00,6.80000e-01,
-3.1931669e-02,-0.00000e+00,6.80000e-01,
-3.1785183e-02,-0.00000e+00,6.60000e-01,
-3.1638697e-02,-0.00000e+00,6.60000e-01,
-3.1492211e-02,-0.00000e+00,6.80000e-01,
-3.1345725e-02,-0.00000e+00,6.80000e-01,
-3.1199241e-02,-0.00000e+00,6.80000e-01,
-3.1052757e-02,-0.00000e+00,6.60000e-01,
-3.0906273e-02,2.00001e-01,6.60000e-01,
-3.0759789e-02,-0.00000e+00,6.60000e-01,
-3.0613305e-02,-0.00000e+00,6.80000e-01,
-3.0466821e-02,2.00001e-01,6.60000e-01,
-3.0320337e-02,-0.00000e+00,6.80000e-01,
-3.0173853e-02,-0.00000e+00,6.80000e-01,
-3.0027369e-02,-0.00000e+00,6.80000e-01,
-2.9880885e-02,-0.00000e+00,6.80000e-01,
-2.9734401e-02,-0.00000e+00,6.60000e-01,
-2.9587917e-02,2.00001e-01,6.80000e-01,
-2.9441433e-02,-0.00000e+00,6.80000e-01,
-2.9294949e-02,-0.00000e+00,6.80000e-01,
-2.9148465e-02,-0.00000e+00,6.80000e-01,
-2.9001981e-02,-0.00000e+00,6.60000e-01,
-2.8855497e-02,-0.00000e+00,6.60000e-01,
-2.8709013e-02,-0.00000e+00,6.80000e-01,
-2.8562529e-02,-0.00000e+00,6.80000e-01,
-2.8416045e-02,-0.00000e+00,6.80000e-01,
-2.8269561e-02,-0.00000e+00,6.80000e-01,
-2.8123077e-02,-0.00000e+00,6.80000e-01,
-2.7976593e-02,-0.00000e+00,6.60000e-01,
-2.7830109e-02,-0.00000e+00,6.60000e-01,
-2.7683625e-02,-0.00000e+00,6.60000e-01,
-2.7537141e-02,-0.00000e+00,6.80000e-01,
-2.7390657e-02,-0.00000e+00,6.80000e-01,
-2.7244173e-02,2.00001e-01,6.80000e-01,
-2.7097689e-02,-0.00000e+00,6.80000e-01,
-2.6951205e-02,-0.00000e+00,6.60000e-01,
-2.6804721e-02,-0.00000e+00,6.60000e-01,
-2.6658237e-02,-0.00000e+00,6.60000e-01,
-2.6511753e-02,-0.00000e+00,6.80000e-01,
-2.6365269e-02,-0.00000e+00,6.80000e-01,
-2.6218785e-02,-0.00000e+00,6.80000e-01,
-2.6072301e-02,-0.00000e+00,6.80000e-01,
-2.5925817e-02,-0.00000e+00,6.80000e-01,
-2.5779333e-02,-0.00000e+00,7.00000e-01,
-2.5632849e-02,-0.00000e+00,6.60000e-01,
-2.5486365e-02,-0.00000e+00,6.80000e-01,
-2.5339881e-02,-0.00000e+00,6.80000e-01,
-2.5193397e-02,-0.00000e+00,6.80000e-01,
-2.5046913e-02,-0.00000e+00,6.80000e-01,
-2.4900429e-02,-0.00000e+00,6.80000e-01,
-2.4753945e-02,-0.00000e+00,6.80000e-01,
-2.4607461e-02,-0.00000e+00,6.80000e-01,
-2.4460977e-02,-0.00000e+00,6.80000e-01,
-2.4314493e-02,-0.00000e+00,6.80000e-01,
-2.4168009e-02,-0.00000e+00,6.80000e-01,
-2.4021525e-02,-0.00000e+00,6.60000e-01,
-2.3875041e-02,2.00001e-01,6.80000e-01,
-2.3728557e-02,-0.00000e+00,6.80000e-01,
-2.3582073e-02,2.00001e-01,6.60000e-01,
-2.3435589e-02,2.00001e-01,6.80000e-01,
-2.3289105e-02,-0.00000e+00,6.80000e-01,
-2.3142621e-02,-0.00000e+00,6.80000e-01,
-2.2996137e-02,-0.00000e+00,6.80000e-01,
-2.2849653e-02,-0.00000e+00,6.80000e-01,
-2.2703169e-02,-0.00000e+00,6.80000e-01,
-2.2556685e-02,-0.00000e+00,6.80000e-01,
-2.2410201e-02,-0.00000e+00,6.80000e-01,
-2.2263717e-02,2.00001e-01,6.80000e-01,
-2.2117233e-02,2.00001e-01,6.80000e-01,
-2.1970749e-02,-0.00000e+00,6.80000e-01,
-2.1824265e-02,-0.00000e+00,6.80000e-01,
-2.1677781e-02,-0.00000e+00,6.80000e-01,
-2.1531297e-02,-0.00000e+00,6.80000e-01,
-2.1384813e-02,2.00001e-01,6.80000e-01,
-2.1238329e-02,-0.00000e+00,6.80000e-01,
-2.1091845e-02,-0.00000e+00,6.80000e-01,
-2.0945361e-02,-0.00000e+00,7.00000e-01,
-2.0798877e-02,-0.00000e+00,6.80000e-01,
-2.0652393e-02,-0.00000e+00,6.80000e-01,
-2.0505909e-02,2.00001e-01,6.80000e-01,
-2.0359425e-02,-0.00000e+00,7.00000e-01,
-2.0212941e-02,-0.00000e+00,6.80000e-01,
-2.0066457e-02,-0.00000e+00,6.80000e-01,
-1.9919973e-02,-0.00000e+00,6.80000e-01,
-1.9773489e-02,-0.00000e+00,6.80000e-01,
-1.9627005e-02,-0.00000e+00,6.80000e-01,
-1.9480521e-02,-0.00000e+00,6.80000e-01,
-1.9334037e-02,-0.00000e+00,6.80000e-01,
-1.9187553e-02,2.00001e-01,6.80000e-01,
-1.9041069e-02,2.00001e-01,6.80000e-01,
-1.8894585e-02,2.00001e-01,7.00000e-01,
-1.8748101e-02,-0.00000e+00,6.80000e-01,
-1.8601617e-02,-0.00000e+00,6.80000e-01,
-1.8455133e-02,-0.00000e+00,6.80000e-01,
-1.8308649e-02,2.00001e-01,6.80000e-01,
-1.8162165e-02,-0.00000e+00,6.80000e-01,
-1.8015681e-02,-0.00000e+00,6.80000e-01,
-1.7869197e-02,-0.00000e+00,6.80000e-01,
-1.7722713e-02,-0.00000e+00,6.80000e-01,
-1.7576229e-02,-0.00000e+00,6.80000e-01,
-1.7429745e-02,-0.00000e+00,6.80000e-01,
-1.7283261e-02,-0.00000e+00,6.80000e-01,
-1.7136777e-02,-0.00000e+00,6.80000e-01,
-1.6990293e-02,2.00001e-01,6.80000e-01,
-1.6843809e-02,-0.00000e+00,6.80000e-01,
-1.6697325e-02,-0.00000e+00,6.80000e-01,
-1.6550841e-02,-0.00000e+00,7.00000e-01,
-1.6404357e-02,-0.00000e+00,6.80000e-01,
-1.6257873e-02,-0.00000e+00,6.80000e-01,
-1.6111389e-02,-0.00000e+00,7.00000e-01,
-1.5964905e-02,-0.00000e+00,6.80000e-01,
-1.5818421e-02,-0.00000e+00,6.80000e-01,
-1.5671937e-02,2.00001e-01,7.00000e-01,
-1.5525453e-02,-0.00000e+00,6.80000e-01,
-1.5378969e-02,-0.00000e+00,6.80000e-01,
-1.5232485e-02,-0.00000e+00,6.80000e-01,
-1.5086001e-02,-0.00000e+00,6.80000e-01,
-1.4939517e-02,-0.00000e+00,6.80000e-01,
-1.4793033e-02,-0.00000e+00,7.00000e-01,
-1.4646549e-02,-0.00000e+00,6.80000e-01,
-1.4500065e-02,-0.00000e+00,6.80000e-01,
-1.4353581e-02,2.00001e-01,6.80000e-01,
-1.4207097e-02,-0.00000e+00,7.00000e-01,
-1.4060613e-02,-0.00000e+00,6.80000e-01,
-1.3914129e-02,-0.00000e+00,6.80000e-01,
-1.3767645e-02,-0.00000e+00,7.00000e-01,
-1.3621161e-02,-0.00000e+00,7.00000e-01,
-1.3474677e-02,-0.00000e+00,6.80000e-01,
-1.3328193e-02,-0.00000e+00,7.00000e-01,
-1.3181709e-02,-0.00000e+00,6.80000e-01,
-1.3035225e-02,-0.00000e+00,6.80000e-01,
-1.2888741e-02,-0.00000e+00,6.60000e-01,
-1.2742257e-02,-0.00000e+00,6.80000e-01,
-1.2595773e-02,-0.00000e+00,6.80000e-01,
-1.2449289e-02,-0.00000e+00,6.80000e-01,
-1.2302805e-02,-0.00000e+00,7.00000e-01,
-1.2156321e-02,-0.00000e+00,6.80000e-01,
-1.2009837e-02,-0.00000e+00,6.80000e-01,
-1.1863353e-02,-0.00000e+00,6.80000e-01,
-1.1716869e-02,2.00001e-01,6.80000e-01,
-1.1570385e-02,-0.00000e+00,6.80000e-01,
-1.1423901e-02,-0.00000e+00,6.80000e-01,
-1.1277417e-02,-0.00000e+00,6.80000e-01,
-1.1130933e-02,-0.00000e+00,6.80000e-01,
-1.0984449e-02,-0.00000e+00,6.80000e-01,
-1.0837965e-02,-0.00000e+00,6.80000e-01,
-1.0691481e-02,-0.00000e+00,7.00000e-01,
-1.0544997e-02,-0.00000e+00,7.00000e-01,
-1.0398513e-02,-0.00000e+00,7.00000e-01,
-1.0252029e-02,-0.00000e+00,6.80000e-01,
-1.0105545e-02,-0.00000e+00,7.00000e-01,
-9.9590607e-03,-0.00000e+00,6.80000e-01,
-9.8125767e-03,-0.00000e+00,6.80000e-01,
-9.6660927e-03,-0.00000e+00,6.80000e-01,
-9.5196087e-03,-0.00000e+00,7.00000e-01,
-9.3731247e-03,-0.00000e+00,7.00000e-01,
-9.2266407e-03,-0.00000e+00,7.00000e-01,
-9.0801567e-03,-0.00000e+00,6.80000e-01,
-8.9336727e-03,2.00001e-01,7.00000e-01,
-8.7871887e-03,-0.00000e+00,7.00000e-01,
-8.6407047e-03,-0.00000e+00,6.80000e-01,
-8.4942207e-03,-0.00000e+00,7.00000e-01,
-8.3477367e-03,-0.00000e+00,6.80000e-01,
-8.2012527e-03,-0.00000e+00,7.00000e-01,
-8.0547687e-03,-0.00000e+00,6.80000e-01,
-7.9082847e-03,-0.00000e+00,6.80000e-01,
-7.7618002e-03,-0.00000e+00,7.00000e-01,
-7.6153157e-03,-0.00000e+00,6.80000e-01,
-7.4688313e-03,-0.00000e+00,7.00000e-01,
-7.3223468e-03,-0.00000e+00,7.00000e-01,
-7.1758623e-03,2.00001e-01,6.80000e-01,
-7.0293779e-03,-0.00000e+00,7.00000e-01,
-6.8828934e-03,-0.00000e+00,7.00000e-01,
-6.7364089e-03,-0.00000e+00,7.00000e-01,
-6.5899245e-03,-0.00000e+00,7.00000e-01,
-6.4434400e-03,-0.00000e+00,7.00000e-01,
-6.2969555e-03,-0.00000e+00,7.00000e-01,
-6.1504710e-03,-0.00000e+00,7.00000e-01,
-6.0039866e-03,-0.00000e+00,7.00000e-01,
-5.8575021e-03,-0.00000e+00,6.80000e-01,
-5.7110176e-03,-0.00000e+00,7.00000e-01,
-5.5645332e-03,-0.00000e+00,6.80000e-01,
-5.4180487e-03,-0.00000e+00,6.80000e-01,
-5.2715642e-03,-0.00000e+00,7.00000e-01,
-5.1250798e-03,-0.00000e+00,6.80000e-01,
-4.9785953e-03,-0.00000e+00,7.00000e-01,
-4.8321108e-03,-0.00000e+00,7.00000e-01,
-4.6856264e-03,-0.00000e+00,7.00000e-01,
-4.5391419e-03,-0.00000e+00,7.00000e-01,
-4.3926574e-03,-0.00000e+00,7.00000e-01,
-4.2461730e-03,-0.00000e+00,7.00000e-01,
-4.0996885e-03,2.00001e-01,7.00000e-01,
-3.9532040e-03,-0.00000e+00,7.00000e-01,
-3.8067196e-03,-0.00000e+00,6.80000e-01,
-3.6602351e-03,-0.00000e+00,7.00000e-01,
-3.5137506e-03,-0.00000e+00,6.80000e-01,
-3.3672662e-03,-0.00000e+00,6.80000e-01,
-3.2207817e-03,-0.00000e+00,7.00000e-01,
-3.0742972e-03,-0.00000e+00,7.00000e-01,
-2.9278127e-03,-0.00000e+00,7.00000e-01,
-2.7813283e-03,-0.00000e+00,7.00000e-01,
-2.6348438e-03,2.00001e-01,6.80000e-01,
-2.4883593e-03,-0.00000e+00,7.00000e-01,
-2.3418749e-03,-0.00000e+00,6.80000e-01,
-2.1953904e-03,2.00001e-01,7.00000e-01,
-2.0489059e-03,2.00001e-01,7.00000e-01,
-1.9024216e-03,-0.00000e+00,7.00000e-01,
-1.7559372e-03,-0.00000e+00,6.80000e-01,
-1.6094529e-03,-0.00000e+00,7.00000e-01,
-1.4629685e-03,-0.00000e+00,7.00000e-01,
-1.3164842e-03,-0.00000e+00,7.00000e-01,
-1.1699998e-03,-0.00000e+00,7.00000e-01,
-1.0235155e-03,-0.00000e+00,7.00000e-01,
-8.7703113e-04,2.00001e-01,7.00000e-01,
-7.3054677e-04,-0.00000e+00,7.00000e-01,
-5.8406242e-04,2.00001e-01,7.00000e-01,
-4.3757804e-04,-0.00000e+00,7.00000e-01,
-2.9109366e-04,2.00001e-01,7.00000e-01,
-1.4460928e-04,2.00001e-01,7.00000e-01,
1.8751016e-06,-0.00000e+00,7.00000e-01,
1.4835948e-04,-0.00000e+00,7.00000e-01,
2.9484386e-04,2.00001e-01,7.00000e-01,
4.4132824e-04,2.00001e-01,7.00000e-01,
5.8781262e-04,-0.00000e+00,6.80000e-01,
7.3429698e-04,-0.00000e+00,7.00000e-01,
8.8078133e-04,2.00001e-01,7.00000e-01,
1.0272657e-03,-0.00000e+00,7.00000e-01,
1.1737500e-03,2.00001e-01,6.80000e-01,
1.3202344e-03,-0.00000e+00,7.00000e-01,
1.4667187e-03,-0.00000e+00,7.00000e-01,
1.6132031e-03,-0.00000e+00,7.00000e-01,
1.7596874e-03,-0.00000e+00,7.00000e-01,
1.9061718e-03,-0.00000e+00,6.80000e-01,
2.0526561e-03,-0.00000e+00,7.00000e-01,
2.1991406e-03,2.00001e-01,7.00000e-01,
2.3456251e-03,-0.00000e+00,7.00000e-01,
2.4921095e-03,-0.00000e+00,7.00000e-01,
2.6385940e-03,-0.00000e+00,7.00000e-01,
2.7850785e-03,2.00001e-01,7.00000e-01,
2.9315630e-03,2.00001e-01,7.00000e-01,
3.0780474e-03,-0.00000e+00,7.00000e-01,
3.2245319e-03,-0.00000e+00,7.00000e-01,
3.3710164e-03,-0.00000e+00,7.00000e-01,
3.5175008e-03,-0.00000e+00,7.00000e-01,
3.6639853e-03,-0.00000e+00,7.00000e-01,
3.8104698e-03,-0.00000e+00,7.00000e-01,
3.9569540e-03,2.00001e-01,7.00000e-01,
4.1034385e-03,-0.00000e+00,7.00000e-01,
4.2499229e-03,-0.00000e+00,7.00000e-01,
4.3964074e-03,-0.00000e+00,7.00000e-01,
4.5428919e-03,-0.00000e+00,7.00000e-01,
4.6893763e-03,-0.00000e+00,7.00000e-01,
4.8358608e-03,-0.00000e+00,7.00000e-01,
4.9823453e-03,-0.00000e+00,6.80000e-01,
5.1288297e-03,-0.00000e+00,7.00000e-01,
5.2753142e-03,2.00001e-01,7.00000e-01,
5.4217987e-03,2.00001e-01,7.00000e-01,
5.5682831e-03,-0.00000e+00,7.00000e-01,
5.7147676e-03,-0.00000e+00,7.00000e-01,
5.8612521e-03,-0.00000e+00,7.00000e-01,
6.0077365e-03,-0.00000e+00,7.00000e-01,
6.1542210e-03,-0.00000e+00,7.00000e-01,
6.3007055e-03,-0.00000e+00,7.00000e-01,
6.4471900e-03,-0.00000e+00,7.00000e-01,
6.5936744e-03,-0.00000e+00,7.00000e-01,
6.7401589e-03,2.00001e-01,7.00000e-01,
6.8866434e-03,-0.00000e+00,7.00000e-01,
7.0331278e-03,-0.00000e+00,7.00000e-01,
7.1796123e-03,-0.00000e+00,7.00000e-01,
7.3260968e-03,-0.00000e+00,7.00000e-01,
7.4725812e-03,-0.00000e+00,7.00000e-01,
7.6190657e-03,-0.00000e+00,7.00000e-01,
7.7655502e-03,2.00001e-01,7.00000e-01,
7.9120342e-03,-0.00000e+00,7.00000e-01,
8.0585182e-03,-0.00000e+00,7.00000e-01,
8.2050022e-03,-0.00000e+00,7.00000e-01,
8.3514862e-03,-0.00000e+00,7.00000e-01,
8.4979702e-03,-0.00000e+00,7.00000e-01,
8.6444542e-03,-0.00000e+00,7.00000e-01,
8.7909382e-03,-0.00000e+00,7.00000e-01,
8.9374222e-03,2.00001e-01,7.00000e-01,
9.0839062e-03,2.00001e-01,7.00000e-01,
9.2303902e-03,2.00001e-01,7.00000e-01,
9.3768742e-03,-0.00000e+00,7.00000e-01,
9.5233582e-03,2.00001e-01,7.00000e-01,
9.6698422e-03,-0.00000e+00,7.00000e-01,
9.8163262e-03,-0.00000e+00,7.00000e-01,
9.9628102e-03,-0.00000e+00,7.00000e-01,
1.0109294e-02,-0.00000e+00,7.00000e-01,
1.0255778e-02,-0.00000e+00,7.00000e-01,
1.0402262e-02,-0.00000e+00,7.00000e-01,
1.0548746e-02,-0.00000e+00,7.00000e-01,
1.0695230e-02,-0.00000e+00,7.00000e-01,
1.0841714e-02,-0.00000e+00,7.00000e-01,
1.0988198e-02,-0.00000e+00,7.00000e-01,
1.1134682e-02,-0.00000e+00,7.00000e-01,
1.1281166e-02,2.00001e-01,7.00000e-01,
1.1427650e-02,-0.00000e+00,7.00000e-01,
1.1574134e-02,-0.00000e+00,7.00000e-01,
1.1720618e-02,2.00001e-01,7.00000e-01,
1.1867102e-02,2.00001e-01,7.00000e-01,
1.2013586e-02,2.00001e-01,7.00000e-01,
1.2160070e-02,-0.00000e+00,7.00000e-01,
1.2306554e-02,-0.00000e+00,7.00000e-01,
1.2453038e-02,-0.00000e+00,7.00000e-01,
1.2599522e-02,2.00001e-01,7.00000e-01,
1.2746006e-02,-0.00000e+00,7.00000e-01,
1.2892490e-02,-0.00000e+00,7.00000e-01,
1.3038974e-02,-0.00000e+00,7.00000e-01,
1.3185458e-02,-0.00000e+00,7.00000e-01,
1.3331942e-02,-0.00000e+00,7.00000e-01,
1.3478426e-02,-0.00000e+00,7.00000e-01,
1.3624910e-02,-0.00000e+00,7.00000e-01,
1.3771394e-02,2.00001e-01,7.00000e-01,
1.3917878e-02,2.00001e-01,7.00000e-01,
1.4064362e-02,-0.00000e+00,7.00000e-01,
1.4210846e-02,-0.00000e+00,7.00000e-01,
1.4357330e-02,-0.00000e+00,7.00000e-01,
1.4503814e-02,2.00001e-01,7.00000e-01,
1.4650298e-02,-0.00000e+00,7.00000e-01,
1.4796782e-02,-0.00000e+00,7.00000e-01,
1.4943266e-02,-0.00000e+00,7.00000e-01,
1.5089750e-02,-0.00000e+00,7.00000e-01,
1.5236234e-02,-0.00000e+00,7.00000e-01,
1.5382718e-02,-0.00000e+00,7.00000e-01,
1.5529202e-02,-0.00000e+00,7.00000e-01,
1.5675686e-02,2.00001e-01,7.00000e-01,
1.5822170e-02,-0.00000e+00,7.00000e-01,
1.5968654e-02,-0.00000e+00,7.00000e-01,
1.6115138e-02,-0.00000e+00,7.00000e-01,
1.6261622e-02,-0.00000e+00,7.00000e-01,
1.6408106e-02,2.00001e-01,7.00000e-01,
1.6554590e-02,-0.00000e+00,7.00000e-01,
1.6701074e-02,-0.00000e+00,7.00000e-01,
1.6847558e-02,-0.00000e+00,7.00000e-01,
1.6994042e-02,-0.00000e+00,7.00000e-01,
1.7140526e-02,-0.00000e+00,7.00000e-01,
1.7287010e-02,-0.00000e+00,7.00000e-01,
1.7433494e-02,-0.00000e+00,7.00000e-01,
1.7579978e-02,-0.00000e+00,7.00000e-01,
1.7726462e-02,-0.00000e+00,7.00000e-01,
1.7872946e-02,-0.00000e+00,7.00000e-01,
1.8019430e-02,-0.00000e+00,7.00000e-01,
1.8165914e-02,-0.00000e+00,7.00000e-01,
1.8312398e-02,-0.00000e+00,7.00000e-01,
1.8458882e-02,-0.00000e+00,7.00000e-01,
1.8605366e-02,-0.00000e+00,7.00000e-01,
1.8751850e-02,-0.00000e+00,7.00000e-01,
1.8898334e-02,-0.00000e+00,7.00000e-01,
1.9044818e-02,-0.00000e+00,7.00000e-01,
1.9191302e-02,-0.00000e+00,7.00000e-01,
1.9337786e-02,2.00001e-01,7.00000e-01,
1.9484270e-02,2.00001e-01,7.00000e-01,
1.9630754e-02,-0.00000e+00,7.00000e-01,
1.9777238e-02,-0.00000e+00,7.00000e-01,
1.9923722e-02,-0.00000e+00,7.00000e-01,
2.0070206e-02,-0.00000e+00,7.00000e-01,
2.0216690e-02,-0.00000e+00,7.00000e-01,
2.0363174e-02,-0.00000e+00,7.00000e-01,
2.0509658e-02,2.00001e-01,7.00000e-01,
2.0656142e-02,-0.00000e+00,7.00000e-01,
2.0802626e-02,-0.00000e+00,7.00000e-01,
2.0949110e-02,-0.00000e+00,7.00000e-01,
2.1095594e-02,-0.00000e+00,7.00000e-01,
2.1242078e-02,-0.00000e+00,7.00000e-01,
2.1388562e-02,-0.00000e+00,7.00000e-01,
2.1535046e-02,-0.00000e+00,7.00000e-01,
2.1681530e-02,-0.00000e+00,7.00000e-01,
2.1828014e-02,-0.00000e+00,7.00000e-01,
2.1974498e-02,-0.00000e+00,7.00000e-01,
2.2120982e-02,-0.00000e+00,7.00000e-01,
2.2267466e-02,-0.00000e+00,7.00000e-01,
2.2413950e-02,-0.00000e+00,7.00000e-01,
2.2560434e-02,-0.00000e+00,7.00000e-01,
2.2706918e-02,-0.00000e+00,7.00000e-01,
2.2853402e-02,-0.00000e+00,7.00000e-01,
2.2999886e-02,-0.00000e+00,7.00000e-01,
2.3146370e-02,-0.00000e+00,7.00000e-01,
2.3292854e-02,-0.00000e+00,7.00000e-01,
2.3439338e-02,-0.00000e+00,7.00000e-01,
2.3585822e-02,2.00001e-01,7.00000e-01,
2.3732306e-02,2.00001e-01,7.00000e-01,
2.3878790e-02,-0.00000e+00,7.20000e-01,
2.4025274e-02,-0.00000e+00,7.00000e-01,
2.4171758e-02,-0.00000e+00,7.00000e-01,
2.4318242e-02,2.00001e-01,7.00000e-01,
2.4464726e-02,2.00001e-01,7.00000e-01,
2.4611210e-02,-0.00000e+00,7.00000e-01,
2.4757694e-02,2.00001e-01,7.00000e-01,
2.4904178e-02,2.00001e-01,7.00000e-01,
2.5050662e-02,-0.00000e+00,7.00000e-01,
2.5197146e-02,2.00001e-01,7.00000e-01,
2.5343630e-02,2.00001e-01,7.00000e-01,
2.5490114e-02,5.00000e+00,7.40000e-01,
2.5636598e-02,2.00001e-01,7.00000e-01,
2.5783082e-02,2.00001e-01,7.00000e-01,
2.5929566e-02,-0.00000e+00,7.00000e-01,
2.6076050e-02,-0.00000e+00,7.00000e-01,
2.6222534e-02,-0.00000e+00,7.00000e-01,
2.6369018e-02,-0.00000e+00,7.00000e-01,
2.6515502e-02,2.00001e-01,7.00000e-01,
2.6661986e-02,-0.00000e+00,7.00000e-01,
2.6808470e-02,-0.00000e+00,7.00000e-01,
2.6954954e-02,-0.00000e+00,7.00000e-01,
2.7101438e-02,5.00000e+00,6.80000e-01,
2.7247922e-02,2.00001e-01,7.00000e-01,
2.7394406e-02,-0.00000e+00,7.00000e-01,
2.7540890e-02,-0.00000e+00,7.00000e-01,
2.7687375e-02,-0.00000e+00,7.00000e-01,
2.7833859e-02,-0.00000e+00,7.00000e-01,
2.7980343e-02,-0.00000e+00,7.00000e-01,
2.8126827e-02,-0.00000e+00,7.00000e-01,
2.8273311e-02,-0.00000e+00,7.00000e-01,
2.8419795e-02,-0.00000e+00,7.00000e-01,
2.8566279e-02,2.00001e-01,7.00000e-01,
2.8712763e-02,-0.00000e+00,7.00000e-01,
2.8859247e-02,2.00001e-01,7.00000e-01,
2.9005731e-02,-0.00000e+00,7.00000e-01,
2.9152215e-02,2.00001e-01,7.00000e-01,
2.9298699e-02,-0.00000e+00,7.00000e-01,
2.9445183e-02,-0.00000e+00,7.00000e-01,
2.9591667e-02,2.00001e-01,7.00000e-01,
2.9738151e-02,-0.00000e+00,7.00000e-01,
2.9884635e-02,-0.00000e+00,7.00000e-01,
3.0031119e-02,2.00001e-01,7.00000e-01,
3.0177603e-02,-0.00000e+00,7.00000e-01,
3.0324087e-02,-0.00000e+00,7.00000e-01,
3.0470571e-02,-0.00000e+00,7.00000e-01,
3.0617055e-02,2.00001e-01,7.00000e-01,
3.0763539e-02,-0.00000e+00,7.00000e-01,
3.0910023e-02,2.00001e-01,7.00000e-01,
3.1056507e-02,-0.00000e+00,7.00000e-01,
3.1202991e-02,-0.00000e+00,7.00000e-01,
3.1349476e-02,-0.00000e+00,7.00000e-01,
3.1495962e-02,-0.00000e+00,7.00000e-01,
3.1642448e-02,-0.00000e+00,7.00000e-01,
3.1788934e-02,-0.00000e+00,7.00000e-01,
3.1935420e-02,2.00001e-01,7.00000e-01,
3.2081906e-02,-0.00000e+00,7.00000e-01,
3.2228392e-02,2.00001e-01,7.00000e-01,
3.2374877e-02,-0.00000e+00,7.00000e-01,
3.2521363e-02,-0.00000e+00,7.00000e-01,
3.2667849e-02,-0.00000e+00,7.00000e-01,
3.2814335e-02,-0.00000e+00,7.00000e-01,
3.2960821e-02,-0.00000e+00,7.00000e-01,
3.3107307e-02,-0.00000e+00,7.00000e-01,
3.3253793e-02,-0.00000e+00,7.00000e-01,
3.3400279e-02,2.00001e-01,7.00000e-01,
3.3546764e-02,-0.00000e+00,7.00000e-01,
3.3693250e-02,-0.00000e+00,7.20000e-01,
3.3839736e-02,-0.00000e+00,7.00000e-01,
3.3986222e-02,2.00001e-01,7.00000e-01,
3.4132708e-02,-0.00000e+00,7.20000e-01,
3.4279194e-02,-0.00000e+00,7.00000e-01,
3.4425680e-02,2.00001e-01,7.20000e-01,
3.4572165e-02,2.00001e-01,7.00000e-01,
3.4718651e-02,-0.00000e+00,7.00000e-01,
3.4865137e-02,2.00001e-01,7.00000e-01,
3.5011623e-02,2.00001e-01,7.00000e-01,
3.5158109e-02,2.00001e-01,7.00000e-01,
3.5304595e-02,2.00001e-01,7.20000e-01,
3.5451081e-02,-0.00000e+00,7.00000e-01,
3.5597567e-02,-0.00000e+00,7.00000e-01,
3.5744052e-02,-0.00000e+00,7.00000e-01,
3.5890538e-02,2.00001e-01,7.00000e-01,
3.6037024e-02,-0.00000e+00,7.00000e-01,
3.6183510e-02,2.00001e-01,7.00000e-01,
3.6329996e-02,-0.00000e+00,7.00000e-01,
3.6476482e-02,-0.00000e+00,7.00000e-01,
3.6622968e-02,-0.00000e+00,7.00000e-01,
3.6769453e-02,-0.00000e+00,7.00000e-01,
3.6915939e-02,-0.00000e+00,7.00000e-01,
3.7062425e-02,-0.00000e+00,7.00000e-01,
3.7208911e-02,-0.00000e+00,7.20000e-01,
3.7355397e-02,-0.00000e+00,7.00000e-01,
3.7501883e-02,-0.00000e+00,7.00000e-01,
3.7648369e-02,-0.00000e+00,7.00000e-01,
3.7794854e-02,2.00001e-01,7.20000e-01,
3.7941340e-02,2.00001e-01,7.00000e-01,
3.8087826e-02,-0.00000e+00,7.00000e-01,
3.8234312e-02,-0.00000e+00,7.00000e-01,
3.8380798e-02,-0.00000e+00,7.00000e-01,
3.8527284e-02,2.00001e-01,7.20000e-01,
3.8673770e-02,-0.00000e+00,7.00000e-01,
3.8820256e-02,-0.00000e+00,7.00000e-01,
3.8966741e-02,-0.00000e+00,7.00000e-01,
3.9113227e-02,-0.00000e+00,7.20000e-01,
3.9259713e-02,2.00001e-01,7.20000e-01,
3.9406199e-02,-0.00000e+00,7.00000e-01,
3.9552685e-02,-0.00000e+00,7.00000e-01,
3.9699171e-02,2.00001e-01,7.00000e-01,
3.9845657e-02,2.00001e-01,7.00000e-01,
3.9992142e-02,2.00001e-01,7.20000e-01,
4.0138628e-02,2.00001e-01,7.20000e-01,
4.0285114e-02,-0.00000e+00,7.00000e-01,
4.0431600e-02,2.00001e-01,7.20000e-01,
4.0578086e-02,-0.00000e+00,7.00000e-01,
4.0724572e-02,-0.00000e+00,7.00000e-01,
4.0871058e-02,-0.00000e+00,7.20000e-01,
4.1017544e-02,-0.00000e+00,7.00000e-01,
4.1164029e-02,2.00001e-01,7.00000e-01,
4.1310515e-02,-0.00000e+00,7.00000e-01,
4.1457001e-02,-0.00000e+00,7.20000e-01,
4.1603487e-02,-0.00000e+00,7.00000e-01,
4.1749973e-02,-0.00000e+00,7.00000e-01,
4.1896459e-02,-0.00000e+00,7.20000e-01,
4.2042945e-02,-0.00000e+00,7.20000e-01,
4.2189430e-02,5.00000e+00,7.40000e-01,
4.2335916e-02,2.00001e-01,7.20000e-01,
4.2482402e-02,-0.00000e+00,7.20000e-01,
4.2628888e-02,-0.00000e+00,7.00000e-01,
4.2775374e-02,-0.00000e+00,7.20000e-01,
4.2921860e-02,-0.00000e+00,7.00000e-01,
4.3068346e-02,-0.00000e+00,7.20000e-01,
4.3214832e-02,-0.00000e+00,7.00000e-01,
4.3361317e-02,2.00001e-01,7.20000e-01,
4.3507803e-02,-0.00000e+00,7.00000e-01,
4.3654289e-02,-0.00000e+00,7.20000e-01,
4.3800775e-02,-0.00000e+00,7.00000e-01,
4.3947261e-02,-0.00000e+00,7.00000e-01,
4.4093747e-02,-0.00000e+00,7.00000e-01,
4.4240233e-02,-0.00000e+00,7.20000e-01,
4.4386718e-02,-0.00000e+00,7.00000e-01,
4.4533204e-02,-0.00000e+00,7.00000e-01,
4.4679690e-02,-0.00000e+00,7.20000e-01,
4.4826176e-02,2.00001e-01,7.20000e-01,
4.4972662e-02,2.00001e-01,7.00000e-01,
4.5119148e-02,-0.00000e+00,7.00000e-01,
4.5265634e-02,2.00001e-01,7.20000e-01,
4.5412119e-02,-0.00000e+00,7.20000e-01,
4.5558605e-02,2.00001e-01,7.00000e-01,
4.5705091e-02,-0.00000e+00,7.20000e-01,
4.5851577e-02,-0.00000e+00,7.20000e-01,
4.5998063e-02,2.00001e-01,7.20000e-01,
4.6144549e-02,-0.00000e+00,7.20000e-01,
4.6291035e-02,-0.00000e+00,7.20000e-01,
4.6437521e-02,2.00001e-01,7.20000e-01,
4.6584006e-02,-0.00000e+00,7.00000e-01,
4.6730492e-02,-0.00000e+00,7.40000e-01,
4.6876978e-02,-0.00000e+00,7.00000e-01,
4.7023464e-02,-0.00000e+00,7.20000e-01,
4.7169950e-02,-0.00000e+00,7.20000e-01,
4.7316436e-02,-0.00000e+00,7.00000e-01,
4.7462922e-02,2.00001e-01,7.20000e-01,
4.7609407e-02,2.00001e-01,7.40000e-01,
4.7755893e-02,-0.00000e+00,7.20000e-01,
4.7902379e-02,2.00001e-01,7.20000e-01,
4.8048865e-02,2.00001e-01,7.00000e-01,
4.8195351e-02,-0.00000e+00,7.20000e-01,
4.8341837e-02,-0.00000e+00,7.00000e-01,
4.8488323e-02,2.00001e-01,7.00000e-01,
4.8634809e-02,-0.00000e+00,7.20000e-01,
4.8781294e-02,2.00001e-01,7.00000e-01,
4.8927780e-02,-0.00000e+00,7.40000e-01,
4.9074266e-02,2.00001e-01,7.20000e-01,
4.9220752e-02,-0.00000e+00,7.40000e-01,
4.9367238e-02,-0.00000e+00,7.20000e-01,
4.9513724e-02,-0.00000e+00,7.40000e-01,
4.9660210e-02,2.00001e-01,7.20000e-01,
4.9806695e-02,-0.00000e+00,7.00000e-01,
4.9953181e-02,-0.00000e+00,7.20000e-01,
5.0099667e-02,-0.00000e+00,7.00000e-01,
5.0246153e-02,2.00001e-01,7.20000e-01,
5.0392639e-02,-0.00000e+00,7.20000e-01,
5.0539125e-02,-0.00000e+00,7.20000e-01,
5.0685611e-02,2.00001e-01,7.20000e-01,
5.0832096e-02,2.00001e-01,7.20000e-01,
5.0978582e-02,-0.00000e+00,7.20000e-01,
5.1125068e-02,2.00001e-01,7.20000e-01,
5.1271554e-02,-0.00000e+00,7.20000e-01,
5.1418040e-02,-0.00000e+00,7.20000e-01,
5.1564526e-02,-0.00000e+00,7.20000e-01,
5.1711012e-02,2.00001e-01,7.00000e-01,
5.1857498e-02,2.00001e-01,7.00000e-01,
5.2003983e-02,-0.00000e+00,7.20000e-01,
5.2150469e-02,2.00001e-01,7.20000e-01,
5.2296955e-02,-0.00000e+00,7.40000e-01,
5.2443441e-02,2.00001e-01,7.40000e-01,
5.2589927e-02,-0.00000e+00,7.20000e-01,
5.2736413e-02,-0.00000e+00,7.20000e-01,
5.2882899e-02,-0.00000e+00,7.00000e-01,
5.3029384e-02,2.00001e-01,7.20000e-01,
5.3175870e-02,2.00001e-01,7.20000e-01,
5.3322356e-02,-0.00000e+00,7.20000e-01,
5.3468842e-02,2.00001e-01,7.20000e-01,
5.3615328e-02,2.00001e-01,7.40000e-01,
5.3761814e-02,-0.00000e+00,7.00000e-01,
5.3908300e-02,-0.00000e+00,7.20000e-01,
5.4054786e-02,-0.00000e+00,7.00000e-01,
5.4201271e-02,2.00001e-01,7.20000e-01,
5.4347757e-02,2.00001e-01,7.20000e-01,
5.4494243e-02,-0.00000e+00,7.40000e-01,
5.4640729e-02,-0.00000e+00,7.00000e-01,
5.4787215e-02,2.00001e-01,7.40000e-01,
5.4933701e-02,2.00001e-01,7.40000e-01,
5.5080187e-02,2.00001e-01,7.40000e-01,
5.5226672e-02,-0.00000e+00,7.20000e-01,
5.5373158e-02,-0.00000e+00,7.20000e-01,
5.5519644e-02,2.00001e-01,7.40000e-01,
5.5666130e-02,2.00001e-01,7.20000e-01,
5.5812616e-02,-0.00000e+00,7.40000e-01,
5.5959102e-02,-0.00000e+00,7.40000e-01,
5.6105588e-02,2.00001e-01,7.20000e-01,
5.6252073e-02,2.00001e-01,7.20000e-01,
5.6398559e-02,-0.00000e+00,7.20000e-01,
5.6545045e-02,2.00001e-01,7.20000e-01,
5.6691531e-02,2.00001e-01,7.40000e-01,
5.6838017e-02,-0.00000e+00,7.20000e-01,
5.6984503e-02,2.00001e-01,7.40000e-01,
5.7130989e-02,2.00001e-01,7.20000e-01,
5.7277475e-02,-0.00000e+00,7.40000e-01,
5.7423960e-02,-0.00000e+00,7.20000e-01,
5.7570446e-02,-0.00000e+00,7.40000e-01,
5.7716932e-02,-0.00000e+00,7.40000e-01,
5.7863418e-02,-0.00000e+00,7.40000e-01,
5.8009904e-02,-0.00000e+00,7.40000e-01,
5.8156390e-02,2.00001e-01,7.20000e-01,
5.8302876e-02,2.00001e-01,7.40000e-01,
5.8449361e-02,2.00001e-01,7.20000e-01,
5.8595847e-02,-0.00000e+00,7.20000e-01,
5.8742333e-02,-0.00000e+00,7.20000e-01,
5.8888819e-02,2.00001e-01,7.40000e-01,
5.9035305e-02,-0.00000e+00,7.20000e-01,
5.9181791e-02,2.00001e-01,7.20000e-01,
5.9328277e-02,-0.00000e+00,7.40000e-01,
5.9474763e-02,2.00001e-01,7.40000e-01,
5.9621248e-02,2.00001e-01,7.40000e-01,
5.9767734e-02,2.00001e-01,7.40000e-01,
5.9914220e-02,-0.00000e+00,7.40000e-01,
6.0060706e-02,-0.00000e+00,7.20000e-01,
6.0207192e-02,-0.00000e+00,7.20000e-01,
6.0353678e-02,-0.00000e+00,7.40000e-01,
6.0500164e-02,2.00001e-01,7.40000e-01,
6.0646649e-02,2.00001e-01,7.20000e-01,
6.0793135e-02,-0.00000e+00,7.20000e-01,
6.0939621e-02,2.00001e-01,7.20000e-01,
6.1086107e-02,2.00001e-01,7.20000e-01,
6.1232593e-02,-0.00000e+00,7.40000e-01,
6.1379079e-02,-0.00000e+00,7.40000e-01,
6.1525565e-02,-0.00000e+00,7.40000e-01,
6.1672051e-02,2.00001e-01,7.40000e-01,
6.1818536e-02,-0.00000e+00,7.40000e-01,
6.1965022e-02,-0.00000e+00,7.40000e-01,
6.2111508e-02,-0.00000e+00,7.40000e-01,
6.2257994e-02,-0.00000e+00,7.40000e-01,
6.2404480e-02,2.00001e-01,7.40000e-01,
6.2550962e-02,-0.00000e+00,7.20000e-01,
6.2697448e-02,-0.00000e+00,7.20000e-01,
6.2843934e-02,2.00001e-01,7.40000e-01,
6.2990420e-02,-0.00000e+00,7.40000e-01,
6.3136905e-02,2.00001e-01,7.40000e-01,
6.3283391e-02,-0.00000e+00,7.40000e-01,
6.3429877e-02,2.00001e-01,7.40000e-01,
6.3576363e-02,-0.00000e+00,7.40000e-01,
6.3722849e-02,-0.00000e+00,7.40000e-01,
6.3869335e-02,-0.00000e+00,7.40000e-01,
6.4015821e-02,2.00001e-01,7.40000e-01,
6.4162306e-02,2.00001e-01,7.40000e-01,
6.4308792e-02,2.00001e-01,7.40000e-01,
6.4455278e-02,-0.00000e+00,7.20000e-01,
6.4601764e-02,2.00001e-01,7.40000e-01,
6.4748250e-02,-0.00000e+00,7.20000e-01,
6.4894736e-02,-0.00000e+00,7.40000e-01,
6.5041222e-02,2.00001e-01,7.20000e-01,
6.5187708e-02,2.00001e-01,7.40000e-01,
6.5334193e-02,-0.00000e+00,7.20000e-01,
6.5480679e-02,2.00001e-01,7.40000e-01,
6.5627165e-02,2.00001e-01,7.40000e-01,
6.5773651e-02,-0.00000e+00,7.40000e-01,
6.5920137e-02,-0.00000e+00,7.40000e-01,
6.6066623e-02,2.00001e-01,7.40000e-01,
6.6213109e-02,-0.00000e+00,7.40000e-01,
6.6359594e-02,-0.00000e+00,7.40000e-01,
6.6506080e-02,2.00001e-01,7.40000e-01,
6.6652566e-02,-0.00000e+00,7.40000e-01,
6.6799052e-02,2.00001e-01,7.40000e-01,
6.6945538e-02,-0.00000e+00,7.20000e-01,
6.7092024e-02,2.00001e-01,7.40000e-01,
6.7238510e-02,-0.00000e+00,7.40000e-01,
6.7384996e-02,2.00001e-01,7.40000e-01,
6.7531481e-02,2.00001e-01,7.40000e-01,
6.7677967e-02,-0.00000e+00,7.40000e-01,
6.7824453e-02,-0.00000e+00,7.40000e-01,
6.7970939e-02,-0.00000e+00,7.40000e-01,
6.8117425e-02,2.00001e-01,7.40000e-01,
6.8263911e-02,-0.00000e+00,7.40000e-01,
6.8410397e-02,2.00001e-01,7.40000e-01,
6.8556882e-02,-0.00000e+00,7.40000e-01,
6.8703368e-02,-0.00000e+00,7.40000e-01,
6.8849854e-02,-0.00000e+00,7.40000e-01,
6.8996340e-02,2.00001e-01,7.40000e-01,
6.9142826e-02,-0.00000e+00,7.40000e-01,
6.9289312e-02,2.00001e-01,7.40000e-01,
6.9435798e-02,-0.00000e+00,7.40000e-01,
6.9582283e-02,2.00001e-01,7.40000e-01,
6.9728769e-02,2.00001e-01,7.40000e-01,
6.9875255e-02,2.00001e-01,7.40000e-01,
7.0021741e-02,-0.00000e+00,7.40000e-01,
7.0168227e-02,-0.00000e+00,7.20000e-01,
7.0314713e-02,-0.00000e+00,7.40000e-01,
7.0461199e-02,-0.00000e+00,7.40000e-01,
7.0607685e-02,-0.00000e+00,7.40000e-01,
7.0754170e-02,-0.00000e+00,7.40000e-01,
7.0900656e-02,-0.00000e+00,7.40000e-01,
7.1047142e-02,-0.00000e+00,7.40000e-01,
7.1193628e-02,-0.00000e+00,7.40000e-01,
7.1340114e-02,2.00001e-01,7.40000e-01,
7.1486600e-02,2.00001e-01,7.40000e-01,
7.1633086e-02,-0.00000e+00,7.40000e-01,
7.1779571e-02,-0.00000e+00,7.40000e-01,
7.1926057e-02,-0.00000e+00,7.40000e-01,
7.2072543e-02,-0.00000e+00,7.40000e-01,
7.2219029e-02,-0.00000e+00,7.40000e-01,
7.2365515e-02,-0.00000e+00,7.40000e-01,
7.2512001e-02,-0.00000e+00,7.40000e-01,
7.2658487e-02,2.00001e-01,7.40000e-01,
7.2804973e-02,2.00001e-01,7.40000e-01,
7.2951458e-02,-0.00000e+00,7.40000e-01,
7.3097944e-02,-0.00000e+00,7.40000e-01,
7.3244430e-02,-0.00000e+00,7.40000e-01,
7.3390916e-02,2.00001e-01,7.40000e-01,
7.3537402e-02,-0.00000e+00,7.40000e-01,
7.3683888e-02,-0.00000e+00,7.40000e-01,
7.3830374e-02,-0.00000e+00,7.40000e-01,
7.3976859e-02,-0.00000e+00,7.40000e-01,
7.4123345e-02,-0.00000e+00,7.40000e-01,
7.4269831e-02,-0.00000e+00,7.40000e-01,
7.4416317e-02,-0.00000e+00,7.40000e-01,
7.4562803e-02,-0.00000e+00,7.40000e-01,
7.4709289e-02,-0.00000e+00,7.40000e-01,
7.4855775e-02,-0.00000e+00,7.40000e-01,
7.5002261e-02,-0.00000e+00,7.40000e-01,
7.5148746e-02,-0.00000e+00,7.40000e-01,
7.5295232e-02,-0.00000e+00,7.40000e-01,
7.5441718e-02,2.00001e-01,7.40000e-01,
7.5588204e-02,-0.00000e+00,7.40000e-01,
7.5734690e-02,-0.00000e+00,7.40000e-01,
7.5881176e-02,2.00001e-01,7.40000e-01,
7.6027662e-02,-0.00000e+00,7.40000e-01,
7.6174147e-02,2.00001e-01,7.40000e-01,
7.6320633e-02,-0.00000e+00,7.40000e-01,
7.6467119e-02,-0.00000e+00,7.40000e-01,
7.6613605e-02,-0.00000e+00,7.40000e-01,
7.6760091e-02,-0.00000e+00,7.40000e-01,
7.6906577e-02,-0.00000e+00,7.40000e-01,
7.7053063e-02,-0.00000e+00,7.40000e-01,
7.7199548e-02,2.00001e-01,7.40000e-01,
7.7346034e-02,2.00001e-01,7.40000e-01,
7.7492520e-02,-0.00000e+00,7.40000e-01,
7.7639006e-02,2.00001e-01,7.40000e-01,
7.7785492e-02,-0.00000e+00,7.40000e-01,
7.7931978e-02,-0.00000e+00,7.40000e-01,
7.8078464e-02,-0.00000e+00,7.40000e-01,
7.8224950e-02,-0.00000e+00,7.40000e-01,
7.8371435e-02,-0.00000e+00,7.40000e-01,
7.8517921e-02,-0.00000e+00,7.40000e-01,
7.8664407e-02,-0.00000e+00,7.40000e-01,
7.8810893e-02,-0.00000e+00,7.20000e-01,
7.8957379e-02,-0.00000e+00,7.40000e-01,
7.9103865e-02,-0.00000e+00,7.40000e-01,
7.9250351e-02,-0.00000e+00,7.60000e-01,
7.9396836e-02,-0.00000e+00,7.40000e-01,
7.9543322e-02,-0.00000e+00,7.40000e-01,
7.9689808e-02,2.00001e-01,7.40000e-01,
7.9836294e-02,-0.00000e+00,7.40000e-01,
7.9982780e-02,-0.00000e+00,7.40000e-01,
8.0129266e-02,-0.00000e+00,7.40000e-01,
8.0275752e-02,2.00001e-01,7.40000e-01,
8.0422238e-02,2.00001e-01,7.40000e-01,
8.0568723e-02,-0.00000e+00,7.60000e-01,
8.0715209e-02,-0.00000e+00,7.40000e-01,
8.0861695e-02,-0.00000e+00,7.40000e-01,
8.1008181e-02,-0.00000e+00,7.40000e-01,
8.1154667e-02,-0.00000e+00,7.40000e-01,
8.1301153e-02,-0.00000e+00,7.40000e-01,
8.1447639e-02,-0.00000e+00,7.40000e-01,
8.1594124e-02,-0.00000e+00,7.60000e-01,
8.1740610e-02,-0.00000e+00,7.40000e-01,
8.1887096e-02,2.00001e-01,7.40000e-01,
8.2033582e-02,-0.00000e+00,7.40000e-01,
8.2180068e-02,2.00001e-01,7.40000e-01,
8.2326554e-02,-0.00000e+00,7.40000e-01,
8.2473040e-02,2.00001e-01,7.40000e-01,
8.2619525e-02,2.00001e-01,7.40000e-01,
8.2766011e-02,-0.00000e+00,7.40000e-01,
8.2912497e-02,-0.00000e+00,7.40000e-01,
8.3058983e-02,2.00001e-01,7.40000e-01,
8.3205469e-02,-0.00000e+00,7.40000e-01,
8.3351955e-02,-0.00000e+00,7.40000e-01,
8.3498441e-02,-0.00000e+00,7.60000e-01,
8.3644927e-02,-0.00000e+00,7.40000e-01,
8.3791412e-02,-0.00000e+00,7.40000e-01,
8.3935559e-02,-0.00000e+00,7.40000e-01,
8.4082045e-02,-0.00000e+00,7.40000e-01,
8.4228531e-02,-0.00000e+00,7.60000e-01,
8.4375016e-02,-0.00000e+00,7.40000e-01,
8.4521502e-02,-0.00000e+00,7.60000e-01,
8.4667988e-02,2.00001e-01,7.40000e-01,
8.4814474e-02,-0.00000e+00,7.40000e-01,
8.4960960e-02,2.00001e-01,7.40000e-01,
8.5107446e-02,2.00001e-01,7.40000e-01,
8.5253932e-02,-0.00000e+00,7.40000e-01,
8.5400417e-02,-0.00000e+00,7.60000e-01,
8.5546903e-02,-0.00000e+00,7.40000e-01,
8.5693389e-02,-0.00000e+00,7.40000e-01,
8.5839875e-02,-0.00000e+00,7.40000e-01,
8.5986361e-02,-0.00000e+00,7.40000e-01,
8.6132847e-02,-0.00000e+00,7.60000e-01,
8.6279333e-02,-0.00000e+00,7.60000e-01,
8.6425819e-02,2.00001e-01,7.40000e-01,
8.6572304e-02,2.00001e-01,7.40000e-01,
8.6718790e-02,-0.00000e+00,7.40000e-01,
8.6865276e-02,-0.00000e+00,7.40000e-01,
8.7011762e-02,-0.00000e+00,7.40000e-01,
8.7158248e-02,-0.00000e+00,7.60000e-01,
8.7304734e-02,-0.00000e+00,7.40000e-01,
8.7451220e-02,2.00001e-01,7.40000e-01,
8.7597705e-02,2.00001e-01,7.40000e-01,
8.7744191e-02,-0.00000e+00,7.60000e-01,
8.7890677e-02,2.00001e-01,7.60000e-01,
8.8037163e-02,2.00001e-01,7.40000e-01,
8.8183649e-02,-0.00000e+00,7.40000e-01,
8.8330135e-02,-0.00000e+00,7.60000e-01,
8.8476621e-02,2.00001e-01,7.60000e-01,
8.8623106e-02,-0.00000e+00,7.40000e-01,
8.8769592e-02,-0.00000e+00,7.40000e-01,
8.8916078e-02,-0.00000e+00,7.60000e-01,
8.9062564e-02,-0.00000e+00,7.40000e-01,
8.9209050e-02,-0.00000e+00,7.60000e-01,
8.9355536e-02,-0.00000e+00,7.40000e-01,
8.9502022e-02,2.00001e-01,7.60000e-01,
8.9648508e-02,-0.00000e+00,7.40000e-01,
8.9794993e-02,2.00001e-01,7.40000e-01,
8.9941479e-02,-0.00000e+00,7.60000e-01,
9.0087965e-02,-0.00000e+00,7.40000e-01,
9.0234451e-02,-0.00000e+00,7.60000e-01,
9.0380937e-02,2.00001e-01,7.60000e-01,
9.0527423e-02,-0.00000e+00,7.60000e-01,
9.0673909e-02,2.00001e-01,7.60000e-01,
9.0820394e-02,-0.00000e+00,7.40000e-01,
9.0966880e-02,2.00001e-01,7.60000e-01,
9.1113366e-02,-0.00000e+00,7.60000e-01,
9.1259852e-02,-0.00000e+00,7.60000e-01,
9.1406338e-02,2.00001e-01,7.40000e-01,
9.1552824e-02,2.00001e-01,7.60000e-01,
9.1699310e-02,-0.00000e+00,7.60000e-01,
9.1845796e-02,-0.00000e+00,7.60000e-01,
9.1992281e-02,-0.00000e+00,7.60000e-01,
9.2138767e-02,2.00001e-01,7.60000e-01,
9.2285253e-02,-0.00000e+00,7.40000e-01,
9.2431739e-02,2.00001e-01,7.60000e-01,
9.2578225e-02,-0.00000e+00,7.60000e-01,
9.2724711e-02,-0.00000e+00,7.60000e-01,
9.2871197e-02,-0.00000e+00,7.60000e-01,
9.3017682e-02,-0.00000e+00,7.60000e-01,
9.3164168e-02,-0.00000e+00,7.60000e-01,
9.3310654e-02,-0.00000e+00,7.60000e-01,
9.3457140e-02,-0.00000e+00,7.60000e-01,
9.3603626e-02,-0.00000e+00,7.60000e-01,
9.3750112e-02,-0.00000e+00,7.60000e-01,
9.3896598e-02,-0.00000e+00,7.60000e-01,
9.4043083e-02,-0.00000e+00,7.60000e-01,
9.4189569e-02,-0.00000e+00,7.60000e-01,
9.4336055e-02,-0.00000e+00,7.40000e-01,
9.4482541e-02,-0.00000e+00,7.60000e-01,
9.4629027e-02,-0.00000e+00,7.60000e-01,
9.4775513e-02,-0.00000e+00,7.60000e-01,
9.4921999e-02,-0.00000e+00,7.60000e-01,
9.5068485e-02,-0.00000e+00,7.60000e-01,
9.5214970e-02,-0.00000e+00,7.60000e-01,
9.5361456e-02,-0.00000e+00,7.60000e-01,
9.5507942e-02,-0.00000e+00,7.60000e-01,
9.5654428e-02,-0.00000e+00,7.60000e-01,
9.5800914e-02,-0.00000e+00,7.40000e-01,
9.5947400e-02,-0.00000e+00,7.60000e-01,
9.6093886e-02,-0.00000e+00,7.60000e-01,
9.6240371e-02,-0.00000e+00,7.60000e-01,
9.6386857e-02,5.00000e+00,7.80000e-01,
9.6533343e-02,2.00001e-01,7.60000e-01,
9.6679829e-02,-0.00000e+00,7.60000e-01,
9.6826315e-02,-0.00000e+00,7.40000e-01,
9.6972801e-02,-0.00000e+00,7.60000e-01,
9.7119287e-02,-0.00000e+00,7.60000e-01,
9.7265773e-02,-0.00000e+00,7.60000e-01,
9.7412258e-02,-0.00000e+00,7.60000e-01,
9.7558744e-02,2.00001e-01,7.60000e-01,
9.7705230e-02,-0.00000e+00,7.60000e-01,
9.7851716e-02,-0.00000e+00,7.60000e-01,
9.7998202e-02,2.00001e-01,7.60000e-01,
9.8144688e-02,-0.00000e+00,7.60000e-01,
9.8291174e-02,-0.00000e+00,7.60000e-01,
9.8437659e-02,-0.00000e+00,7.60000e-01,
9.8584145e-02,-0.00000e+00,7.40000e-01,
9.8730631e-02,-0.00000e+00,7.60000e-01,
9.8877117e-02,2.00001e-01,7.60000e-01,
9.9023603e-02,-0.00000e+00,7.60000e-01,
9.9170089e-02,-0.00000e+00,7.60000e-01,
9.9316575e-02,-0.00000e+00,7.60000e-01,
9.9463060e-02,-0.00000e+00,7.60000e-01,
9.9609546e-02,-0.00000e+00,7.60000e-01,
9.9756032e-02,-0.00000e+00,7.60000e-01,
9.9902518e-02,-0.00000e+00,7.60000e-01,
1.0004900e-01,-0.00000e+00,7.60000e-01,
1.0019549e-01,2.00001e-01,7.60000e-01,
1.0034198e-01,2.00001e-01,7.60000e-01,
1.0048846e-01,-0.00000e+00,7.60000e-01,
1.0063495e-01,-0.00000e+00,7.60000e-01,
1.0078143e-01,-0.00000e+00,7.60000e-01,
1.0092792e-01,-0.00000e+00,7.60000e-01,
1.0107441e-01,-0.00000e+00,7.60000e-01,
1.0122089e-01,-0.00000e+00,7.60000e-01,
1.0136738e-01,-0.00000e+00,7.60000e-01,
1.0151386e-01,-0.00000e+00,7.60000e-01,
1.0166035e-01,-0.00000e+00,7.60000e-01,
1.0180683e-01,-0.00000e+00,7.60000e-01,
1.0195332e-01,-0.00000e+00,7.60000e-01,
1.0209981e-01,-0.00000e+00,7.40000e-01,
1.0224629e-01,-0.00000e+00,7.60000e-01,
1.0239278e-01,-0.00000e+00,7.60000e-01,
1.0253926e-01,-0.00000e+00,7.60000e-01,
1.0268575e-01,-0.00000e+00,7.60000e-01,
1.0283224e-01,-0.00000e+00,7.60000e-01,
1.0297872e-01,-0.00000e+00,7.40000e-01,
1.0312521e-01,-0.00000e+00,7.40000e-01,
1.0327169e-01,-0.00000e+00,7.60000e-01,
1.0341818e-01,-0.00000e+00,7.60000e-01,
1.0356466e-01,2.00001e-01,7.60000e-01,
1.0371115e-01,2.00001e-01,7.60000e-01,
1.0385764e-01,-0.00000e+00,7.60000e-01,
1.0400412e-01,2.00001e-01,7.60000e-01,
1.0415061e-01,-0.00000e+00,7.60000e-01,
1.0429709e-01,5.00000e+00,8.20000e-01,
1.0444358e-01,-0.00000e+00,7.60000e-01,
1.0459007e-01,-0.00000e+00,7.60000e-01,
1.0473655e-01,-0.00000e+00,7.60000e-01,
1.0488304e-01,-0.00000e+00,7.60000e-01,
1.0502952e-01,-0.00000e+00,7.60000e-01,
1.0517601e-01,-0.00000e+00,7.60000e-01,
1.0532250e-01,-0.00000e+00,7.60000e-01,
1.0546898e-01,-0.00000e+00,7.60000e-01,
1.0561547e-01,-0.00000e+00,7.60000e-01,
1.0576195e-01,-0.00000e+00,7.60000e-01,
1.0590844e-01,-0.00000e+00,7.60000e-01,
1.0605492e-01,-0.00000e+00,7.60000e-01,
1.0620141e-01,-0.00000e+00,7.60000e-01,
1.0634790e-01,-0.00000e+00,7.60000e-01,
1.0649438e-01,-0.00000e+00,7.60000e-01,
1.0664087e-01,-0.00000e+00,7.60000e-01,
1.0678735e-01,-0.00000e+00,7.60000e-01,
1.0693384e-01,-0.00000e+00,7.60000e-01,
1.0708033e-01,-0.00000e+00,7.80000e-01,
1.0722681e-01,2.00001e-01,7.60000e-01,
1.0737330e-01,-0.00000e+00,7.60000e-01,
1.0751978e-01,-0.00000e+00,7.60000e-01,
1.0766627e-01,-0.00000e+00,7.60000e-01,
1.0781275e-01,-0.00000e+00,7.60000e-01,
1.0795924e-01,-0.00000e+00,7.60000e-01,
1.0810573e-01,-0.00000e+00,7.60000e-01,
1.0825221e-01,-0.00000e+00,7.60000e-01,
1.0839870e-01,-0.00000e+00,7.60000e-01,
1.0854518e-01,-0.00000e+00,7.60000e-01,
1.0869167e-01,-0.00000e+00,7.60000e-01,
1.0883816e-01,-0.00000e+00,7.60000e-01,
1.0898464e-01,-0.00000e+00,7.60000e-01,
1.0913113e-01,-0.00000e+00,7.80000e-01,
1.0927761e-01,2.00001e-01,7.60000e-01,
1.0942410e-01,-0.00000e+00,7.60000e-01,
1.0957059e-01,-0.00000e+00,7.80000e-01,
1.0971707e-01,2.00001e-01,7.60000e-01,
1.0986356e-01,-0.00000e+00,7.60000e-01,
1.1001004e-01,-0.00000e+00,7.60000e-01,
1.1015653e-01,-0.00000e+00,7.60000e-01,
1.1030301e-01,-0.00000e+00,7.60000e-01,
1.1044950e-01,-0.00000e+00,7.60000e-01,
1.1059599e-01,-0.00000e+00,7.60000e-01,
1.1074247e-01,-0.00000e+00,7.60000e-01,
1.1088896e-01,-0.00000e+00,7.80000e-01,
1.1103544e-01,2.00001e-01,7.60000e-01,
1.1118193e-01,-0.00000e+00,7.60000e-01,
1.1132842e-01,-0.00000e+00,7.60000e-01,
1.1147490e-01,-0.00000e+00,7.80000e-01,
1.1162139e-01,-0.00000e+00,7.60000e-01,
1.1176787e-01,2.00001e-01,7.60000e-01,
1.1191436e-01,-0.00000e+00,7.80000e-01,
1.1206084e-01,-0.00000e+00,7.60000e-01,
1.1220733e-01,-0.00000e+00,7.80000e-01,
1.1235382e-01,-0.00000e+00,7.60000e-01,
1.1250030e-01,-0.00000e+00,7.60000e-01,
1.1264679e-01,-0.00000e+00,7.60000e-01,
1.1279327e-01,-0.00000e+00,7.60000e-01,
1.1293976e-01,-0.00000e+00,7.80000e-01,
1.1308625e-01,-0.00000e+00,7.60000e-01,
1.1323273e-01,-0.00000e+00,7.60000e-01,
1.1337922e-01,2.00001e-01,7.60000e-01,
1.1352570e-01,-0.00000e+00,7.60000e-01,
1.1367219e-01,-0.00000e+00,7.80000e-01,
1.1381868e-01,-0.00000e+00,7.60000e-01,
1.1396516e-01,-0.00000e+00,7.80000e-01,
1.1411165e-01,-0.00000e+00,7.80000e-01,
1.1425813e-01,-0.00000e+00,7.80000e-01,
1.1440462e-01,-0.00000e+00,7.60000e-01,
1.1455110e-01,-0.00000e+00,7.80000e-01,
1.1469759e-01,-0.00000e+00,7.80000e-01,
1.1484408e-01,-0.00000e+00,7.60000e-01,
1.1499056e-01,-0.00000e+00,7.60000e-01,
1.1513705e-01,-0.00000e+00,7.60000e-01,
1.1528353e-01,-0.00000e+00,7.60000e-01,
1.1543002e-01,-0.00000e+00,7.80000e-01,
1.1557651e-01,-0.00000e+00,7.80000e-01,
1.1572299e-01,2.00001e-01,7.80000e-01,
1.1586948e-01,-0.00000e+00,7.60000e-01,
1.1601596e-01,-0.00000e+00,7.80000e-01,
1.1616245e-01,2.00001e-01,7.80000e-01,
1.1630893e-01,-0.00000e+00,7.80000e-01,
1.1645542e-01,-0.00000e+00,7.80000e-01,
1.1660191e-01,2.00001e-01,7.80000e-01,
1.1674839e-01,-0.00000e+00,7.60000e-01,
1.1689488e-01,-0.00000e+00,7.80000e-01,
1.1704136e-01,-0.00000e+00,7.80000e-01,
1.1718785e-01,-0.00000e+00,7.60000e-01,
1.1733434e-01,2.00001e-01,7.60000e-01,
1.1748082e-01,-0.00000e+00,7.80000e-01,
1.1762731e-01,-0.00000e+00,7.60000e-01,
1.1777379e-01,-0.00000e+00,7.80000e-01,
1.1792028e-01,-0.00000e+00,7.80000e-01,
1.1806677e-01,-0.00000e+00,7.60000e-01,
1.1821325e-01,-0.00000e+00,7.60000e-01,
1.1835974e-01,-0.00000e+00,7.60000e-01,
1.1850622e-01,2.00001e-01,7.80000e-01,
1.1865271e-01,-0.00000e+00,7.80000e-01,
1.1879919e-01,-0.00000e+00,7.80000e-01,
1.1894568e-01,-0.00000e+00,7.80000e-01,
1.1909217e-01,-0.00000e+00,7.60000e-01,
1.1923865e-01,2.00001e-01,7.80000e-01,
1.1938514e-01,2.00001e-01,7.60000e-01,
1.1953162e-01,-0.00000e+00,7.60000e-01,
1.1967811e-01,2.00001e-01,7.60000e-01,
1.1982460e-01,2.00001e-01,7.80000e-01,
1.1997108e-01,-0.00000e+00,7.60000e-01,
1.2011757e-01,-0.00000e+00,7.80000e-01,
1.2026405e-01,-0.00000e+00,7.80000e-01,
1.2041054e-01,2.00001e-01,7.80000e-01,
1.2055703e-01,5.00000e+00,7.80000e-01,
1.2070351e-01,2.00001e-01,7.80000e-01,
1.2085000e-01,-0.00000e+00,7.60000e-01,
1.2099648e-01,-0.00000e+00,7.60000e-01,
1.2114297e-01,-0.00000e+00,7.60000e-01,
1.2128945e-01,-0.00000e+00,7.80000e-01,
1.2143594e-01,-0.00000e+00,7.60000e-01,
1.2158243e-01,-0.00000e+00,7.60000e-01,
1.2172891e-01,2.00001e-01,7.60000e-01,
1.2187540e-01,2.00001e-01,7.80000e-01,
1.2202188e-01,-0.00000e+00,7.60000e-01,
1.2216837e-01,-0.00000e+00,7.60000e-01,
1.2231486e-01,-0.00000e+00,7.80000e-01,
1.2246134e-01,-0.00000e+00,7.80000e-01,
1.2260783e-01,2.00001e-01,7.80000e-01,
1.2275431e-01,-0.00000e+00,7.80000e-01,
1.2290080e-01,-0.00000e+00,7.80000e-01,
1.2304728e-01,-0.00000e+00,7.80000e-01,
1.2319377e-01,-0.00000e+00,7.80000e-01,
1.2334026e-01,2.00001e-01,7.60000e-01,
1.2348674e-01,2.00001e-01,7.80000e-01,
1.2363323e-01,2.00001e-01,7.80000e-01,
1.2377971e-01,2.00001e-01,7.60000e-01,
1.2392620e-01,2.00001e-01,7.80000e-01,
1.2407269e-01,-0.00000e+00,7.80000e-01,
1.2421917e-01,2.00001e-01,7.80000e-01,
1.2436566e-01,-0.00000e+00,7.80000e-01,
1.2451214e-01,-0.00000e+00,7.80000e-01,
1.2465863e-01,2.00001e-01,7.80000e-01,
1.2480512e-01,-0.00000e+00,7.80000e-01,
1.2495160e-01,2.00001e-01,7.80000e-01,
1.2509808e-01,-0.00000e+00,7.80000e-01,
1.2524456e-01,-0.00000e+00,7.80000e-01,
1.2539104e-01,-0.00000e+00,7.80000e-01,
1.2553751e-01,-0.00000e+00,7.80000e-01,
1.2568399e-01,-0.00000e+00,7.80000e-01,
1.2583047e-01,2.00001e-01,7.80000e-01,
1.2597695e-01,-0.00000e+00,7.60000e-01,
1.2612343e-01,-0.00000e+00,7.80000e-01,
1.2626991e-01,-0.00000e+00,7.80000e-01,
1.2641639e-01,-0.00000e+00,7.80000e-01,
1.2656286e-01,2.00001e-01,7.60000e-01,
1.2670934e-01,2.00001e-01,7.80000e-01,
1.2685582e-01,-0.00000e+00,7.80000e-01,
1.2700230e-01,-0.00000e+00,7.80000e-01,
1.2714878e-01,-0.00000e+00,7.80000e-01,
1.2729526e-01,-0.00000e+00,7.60000e-01,
1.2744173e-01,-0.00000e+00,7.80000e-01,
1.2758821e-01,-0.00000e+00,7.80000e-01,
1.2773469e-01,2.00001e-01,7.80000e-01,
1.2788117e-01,-0.00000e+00,7.80000e-01,
1.2802765e-01,-0.00000e+00,7.80000e-01,
1.2817413e-01,-0.00000e+00,7.80000e-01,
1.2832060e-01,-0.00000e+00,7.80000e-01,
1.2846708e-01,-0.00000e+00,7.80000e-01,
1.2861356e-01,-0.00000e+00,7.80000e-01,
1.2876004e-01,-0.00000e+00,7.80000e-01,
1.2890652e-01,-0.00000e+00,7.80000e-01,
1.2905300e-01,2.00001e-01,7.80000e-01,
1.2919948e-01,-0.00000e+00,7.80000e-01,
1.2934595e-01,-0.00000e+00,7.60000e-01,
1.2949243e-01,-0.00000e+00,7.80000e-01,
1.2963891e-01,-0.00000e+00,7.80000e-01,
1.2978539e-01,2.00001e-01,7.80000e-01,
1.2993187e-01,-0.00000e+00,7.80000e-01,
1.3007835e-01,-0.00000e+00,7.80000e-01,
1.3022482e-01,-0.00000e+00,7.80000e-01,
1.3037130e-01,-0.00000e+00,7.80000e-01,
1.3051778e-01,-0.00000e+00,7.80000e-01,
1.3066426e-01,-0.00000e+00,7.80000e-01,
1.3081074e-01,-0.00000e+00,7.80000e-01,
1.3095722e-01,2.00001e-01,7.80000e-01,
1.3110369e-01,-0.00000e+00,7.80000e-01,
1.3125017e-01,-0.00000e+00,7.80000e-01,
1.3139665e-01,-0.00000e+00,7.80000e-01,
1.3154313e-01,-0.00000e+00,7.80000e-01,
1.3168961e-01,-0.00000e+00,7.80000e-01,
1.3183609e-01,-0.00000e+00,7.80000e-01,
1.3198256e-01,2.00001e-01,7.80000e-01,
1.3212904e-01,-0.00000e+00,7.80000e-01,
1.3227552e-01,2.00001e-01,7.80000e-01,
1.3242200e-01,-0.00000e+00,7.80000e-01,
1.3256848e-01,-0.00000e+00,7.80000e-01,
1.3271496e-01,-0.00000e+00,7.80000e-01,
1.3286144e-01,-0.00000e+00,7.80000e-01,
1.3300791e-01,-0.00000e+00,7.80000e-01,
1.3315439e-01,-0.00000e+00,7.80000e-01,
1.3330087e-01,-0.00000e+00,7.80000e-01,
1.3344735e-01,-0.00000e+00,7.80000e-01,
1.3359383e-01,-0.00000e+00,7.80000e-01,
1.3374031e-01,-0.00000e+00,7.80000e-01,
1.3388678e-01,-0.00000e+00,7.80000e-01,
1.3403326e-01,-0.00000e+00,7.80000e-01,
1.3417974e-01,-0.00000e+00,7.80000e-01,
1.3432622e-01,-0.00000e+00,7.80000e-01,
1.3447270e-01,2.00001e-01,7.80000e-01,
1.3461918e-01,-0.00000e+00,7.80000e-01,
1.3476565e-01,-0.00000e+00,7.80000e-01,
1.3491213e-01,2.00001e-01,7.80000e-01,
1.3505861e-01,-0.00000e+00,7.80000e-01,
1.3520509e-01,-0.00000e+00,7.80000e-01,
1.3535157e-01,2.00001e-01,7.80000e-01,
1.3549805e-01,-0.00000e+00,7.80000e-01,
1.3564453e-01,-0.00000e+00,7.80000e-01,
1.3579100e-01,-0.00000e+00,7.80000e-01,
1.3593748e-01,-0.00000e+00,7.80000e-01,
1.3608396e-01,-0.00000e+00,7.80000e-01,
1.3623044e-01,-0.00000e+00,7.80000e-01,
1.3637692e-01,2.00001e-01,7.80000e-01,
1.3652340e-01,-0.00000e+00,7.80000e-01,
1.3666987e-01,-0.00000e+00,7.80000e-01,
1.3681635e-01,-0.00000e+00,7.80000e-01,
1.3696283e-01,-0.00000e+00,7.80000e-01,
1.3710931e-01,-0.00000e+00,7.80000e-01,
1.3725579e-01,-0.00000e+00,7.80000e-01,
1.3740227e-01,-0.00000e+00,7.80000e-01,
1.3754874e-01,-0.00000e+00,7.80000e-01,
1.3769522e-01,-0.00000e+00,7.80000e-01,
1.3784170e-01,2.00001e-01,7.80000e-01,
1.3798818e-01,2.00001e-01,7.80000e-01,
1.3813466e-01,-0.00000e+00,7.80000e-01,
1.3828114e-01,-0.00000e+00,7.80000e-01,
1.3842762e-01,-0.00000e+00,7.80000e-01,
1.3857409e-01,-0.00000e+00,7.80000e-01,
1.3872057e-01,-0.00000e+00,7.80000e-01,
1.3886705e-01,-0.00000e+00,7.80000e-01,
1.3901353e-01,-0.00000e+00,7.80000e-01,
1.3916001e-01,-0.00000e+00,7.80000e-01,
1.3930649e-01,-0.00000e+00,7.80000e-01,
1.3945296e-01,-0.00000e+00,7.80000e-01,
1.3959944e-01,-0.00000e+00,7.80000e-01,
1.3974592e-01,-0.00000e+00,7.80000e-01,
1.3989240e-01,-0.00000e+00,7.80000e-01,
1.4003888e-01,-0.00000e+00,7.80000e-01,
1.4018536e-01,-0.00000e+00,7.80000e-01,
1.4033183e-01,-0.00000e+00,7.80000e-01,
1.4047831e-01,2.00001e-01,7.80000e-01,
1.4062479e-01,-0.00000e+00,7.80000e-01,
1.4077127e-01,-0.00000e+00,7.80000e-01,
1.4091775e-01,-0.00000e+00,7.80000e-01,
1.4106423e-01,-0.00000e+00,7.80000e-01,
1.4121071e-01,-0.00000e+00,7.80000e-01,
1.4135718e-01,-0.00000e+00,7.80000e-01,
1.4150366e-01,-0.00000e+00,7.80000e-01,
1.4165014e-01,-0.00000e+00,7.80000e-01,
1.4179662e-01,2.00001e-01,7.80000e-01,
1.4194310e-01,-0.00000e+00,7.80000e-01,
1.4208958e-01,-0.00000e+00,7.80000e-01,
1.4223605e-01,-0.00000e+00,7.80000e-01,
1.4238253e-01,-0.00000e+00,7.80000e-01,
1.4252901e-01,-0.00000e+00,7.80000e-01,
1.4267549e-01,-0.00000e+00,7.80000e-01,
1.4282197e-01,-0.00000e+00,7.80000e-01,
1.4296845e-01,-0.00000e+00,7.80000e-01,
1.4311492e-01,-0.00000e+00,7.80000e-01,
1.4326140e-01,-0.00000e+00,8.20000e-01,
1.4340788e-01,-0.00000e+00,7.80000e-01,
1.4355436e-01,-0.00000e+00,7.80000e-01,
1.4370084e-01,-0.00000e+00,7.80000e-01,
1.4384732e-01,-0.00000e+00,7.80000e-01,
1.4399379e-01,2.00001e-01,7.80000e-01,
1.4414027e-01,-0.00000e+00,7.80000e-01,
1.4428675e-01,-0.00000e+00,7.80000e-01,
1.4443323e-01,-0.00000e+00,7.80000e-01,
1.4457971e-01,-0.00000e+00,7.80000e-01,
1.4472619e-01,-0.00000e+00,7.80000e-01,
1.4487267e-01,-0.00000e+00,7.80000e-01,
1.4501914e-01,-0.00000e+00,7.80000e-01,
1.4516562e-01,-0.00000e+00,7.80000e-01,
1.4531210e-01,-0.00000e+00,7.80000e-01,
1.4545858e-01,-0.00000e+00,7.80000e-01,
1.4560506e-01,-0.00000e+00,7.80000e-01,
1.4575154e-01,-0.00000e+00,7.80000e-01,
1.4589801e-01,-0.00000e+00,7.80000e-01,
1.4604449e-01,2.00001e-01,7.80000e-01,
1.4619097e-01,-0.00000e+00,7.80000e-01,
1.4633745e-01,-0.00000e+00,7.80000e-01,
1.4648393e-01,-0.00000e+00,7.80000e-01,
1.4663041e-01,-0.00000e+00,7.80000e-01,
1.4677688e-01,-0.00000e+00,7.80000e-01,
1.4692336e-01,-0.00000e+00,7.80000e-01,
1.4706984e-01,2.00001e-01,7.80000e-01,
1.4721632e-01,2.00001e-01,7.80000e-01,
1.4736280e-01,-0.00000e+00,7.80000e-01,
1.4750928e-01,2.00001e-01,7.80000e-01,
1.4765576e-01,-0.00000e+00,7.80000e-01,
1.4780223e-01,-0.00000e+00,7.80000e-01,
1.4794871e-01,-0.00000e+00,7.80000e-01,
1.4809519e-01,-0.00000e+00,7.80000e-01,
1.4824167e-01,-0.00000e+00,7.80000e-01,
1.4838815e-01,-0.00000e+00,7.80000e-01,
1.4853463e-01,-0.00000e+00,7.80000e-01,
1.4868110e-01,2.00001e-01,7.80000e-01,
1.4882758e-01,2.00001e-01,7.80000e-01,
1.4897406e-01,-0.00000e+00,7.80000e-01,
1.4912054e-01,2.00001e-01,7.80000e-01,
1.4926702e-01,2.00001e-01,7.80000e-01,
1.4941350e-01,-0.00000e+00,7.80000e-01,
1.4955997e-01,-0.00000e+00,7.80000e-01,
1.4970645e-01,-0.00000e+00,7.80000e-01,
1.4985293e-01,2.00001e-01,7.80000e-01,
1.4999941e-01,-0.00000e+00,7.80000e-01,
1.5014589e-01,-0.00000e+00,7.80000e-01,
1.5029237e-01,2.00001e-01,7.80000e-01,
1.5043885e-01,2.00001e-01,7.80000e-01,
1.5058532e-01,2.00001e-01,7.80000e-01,
1.5073180e-01,-0.00000e+00,7.80000e-01,
1.5087828e-01,-0.00000e+00,7.80000e-01,
1.5102476e-01,-0.00000e+00,7.80000e-01,
1.5117124e-01,-0.00000e+00,7.80000e-01,
1.5131772e-01,-0.00000e+00,7.80000e-01,
1.5146419e-01,-0.00000e+00,7.80000e-01,
1.5161067e-01,2.00001e-01,7.80000e-01,
1.5175715e-01,-0.00000e+00,7.80000e-01,
1.5190363e-01,2.00001e-01,7.80000e-01,
1.5205011e-01,-0.00000e+00,7.80000e-01,
1.5219659e-01,-0.00000e+00,7.80000e-01,
1.5234306e-01,2.00001e-01,7.80000e-01,
1.5248954e-01,2.00001e-01,7.80000e-01,
1.5263602e-01,-0.00000e+00,7.80000e-01,
1.5278250e-01,-0.00000e+00,7.80000e-01,
1.5292898e-01,-0.00000e+00,7.80000e-01,
1.5307546e-01,-0.00000e+00,7.80000e-01,
1.5322194e-01,-0.00000e+00,7.80000e-01,
1.5336841e-01,-0.00000e+00,7.80000e-01,
1.5351489e-01,-0.00000e+00,7.80000e-01,
1.5366137e-01,-0.00000e+00,7.80000e-01,
1.5380785e-01,-0.00000e+00,7.80000e-01,
1.5395433e-01,-0.00000e+00,7.80000e-01,
1.5410081e-01,-0.00000e+00,7.80000e-01,
1.5424728e-01,-0.00000e+00,7.80000e-01,
1.5439376e-01,-0.00000e+00,7.80000e-01,
1.5454024e-01,-0.00000e+00,7.80000e-01,
1.5468672e-01,-0.00000e+00,7.60000e-01,
1.5483320e-01,2.00001e-01,7.80000e-01,
1.5497968e-01,-0.00000e+00,7.80000e-01,
1.5512615e-01,-0.00000e+00,7.80000e-01,
1.5527263e-01,2.00001e-01,7.80000e-01,
1.5541911e-01,-0.00000e+00,7.80000e-01,
1.5556559e-01,-0.00000e+00,7.80000e-01,
1.5571207e-01,-0.00000e+00,7.80000e-01,
1.5585855e-01,-0.00000e+00,7.80000e-01,
1.5600502e-01,-0.00000e+00,7.80000e-01,
1.5615150e-01,-0.00000e+00,7.80000e-01,
1.5629798e-01,2.00001e-01,7.80000e-01,
1.5644446e-01,-0.00000e+00,7.80000e-01,
1.5659094e-01,-0.00000e+00,7.80000e-01,
1.5673742e-01,2.00001e-01,7.80000e-01,
1.5688390e-01,2.00001e-01,7.80000e-01,
1.5703037e-01,2.00001e-01,7.80000e-01,
1.5717685e-01,-0.00000e+00,7.80000e-01,
1.5732333e-01,-0.00000e+00,7.80000e-01,
1.5746981e-01,-0.00000e+00,7.80000e-01,
1.5761629e-01,2.00001e-01,7.80000e-01,
1.5776277e-01,-0.00000e+00,7.80000e-01,
1.5790924e-01,-0.00000e+00,7.80000e-01,
1.5805572e-01,-0.00000e+00,7.80000e-01,
1.5820220e-01,2.00001e-01,7.80000e-01,
1.5834868e-01,-0.00000e+00,7.80000e-01,
1.5849516e-01,-0.00000e+00,7.80000e-01,
1.5864164e-01,-0.00000e+00,7.80000e-01,
1.5878811e-01,-0.00000e+00,7.80000e-01,
1.5893459e-01,-0.00000e+00,7.80000e-01,
1.5908107e-01,-0.00000e+00,7.80000e-01,
1.5922755e-01,-0.00000e+00,7.80000e-01,
1.5937403e-01,2.00001e-01,7.80000e-01,
1.5952051e-01,-0.00000e+00,7.80000e-01,
1.5966699e-01,2.00001e-01,7.80000e-01,
1.5981346e-01,-0.00000e+00,7.80000e-01,
1.5995994e-01,2.00001e-01,8.40000e-01,
1.6010642e-01,-0.00000e+00,7.80000e-01,
1.6025290e-01,-0.00000e+00,7.80000e-01,
1.6039938e-01,-0.00000e+00,8.20000e-01,
1.6054586e-01,2.00001e-01,7.80000e-01,
1.6069233e-01,-0.00000e+00,7.80000e-01,
1.6083881e-01,-0.00000e+00,8.20000e-01,
1.6098529e-01,-0.00000e+00,7.80000e-01,
1.6113177e-01,-0.00000e+00,7.80000e-01,
1.6127825e-01,2.00001e-01,8.20000e-01,
1.6142473e-01,2.00001e-01,7.80000e-01,
1.6157120e-01,-0.00000e+00,8.20000e-01,
1.6171768e-01,2.00001e-01,7.80000e-01,
1.6186416e-01,-0.00000e+00,8.20000e-01,
1.6201064e-01,-0.00000e+00,7.80000e-01,
1.6215712e-01,2.00001e-01,7.80000e-01,
1.6230360e-01,-0.00000e+00,7.80000e-01,
1.6245008e-01,2.00001e-01,7.80000e-01,
1.6259655e-01,-0.00000e+00,8.20000e-01,
1.6274303e-01,2.00001e-01,7.80000e-01,
1.6288951e-01,-0.00000e+00,8.20000e-01,
1.6303599e-01,-0.00000e+00,7.80000e-01,
1.6318247e-01,-0.00000e+00,7.80000e-01,
1.6332895e-01,-0.00000e+00,7.80000e-01,
1.6347542e-01,-0.00000e+00,7.80000e-01,
1.6362190e-01,-0.00000e+00,8.20000e-01,
1.6376838e-01,-0.00000e+00,7.80000e-01,
1.6391486e-01,-0.00000e+00,7.80000e-01,
1.6406134e-01,-0.00000e+00,7.80000e-01,
1.6420782e-01,2.00001e-01,7.80000e-01,
1.6435429e-01,-0.00000e+00,8.20000e-01,
1.6450077e-01,-0.00000e+00,7.80000e-01,
1.6464725e-01,-0.00000e+00,7.80000e-01,
1.6479373e-01,-0.00000e+00,8.20000e-01,
1.6494021e-01,-0.00000e+00,7.80000e-01,
1.6508669e-01,-0.00000e+00,8.20000e-01,
1.6523317e-01,2.00001e-01,7.80000e-01,
1.6537964e-01,2.00001e-01,7.80000e-01,
1.6552612e-01,-0.00000e+00,7.80000e-01,
1.6567260e-01,2.00001e-01,8.20000e-01,
1.6581908e-01,-0.00000e+00,8.20000e-01,
1.6596556e-01,-0.00000e+00,7.80000e-01,
1.6611204e-01,2.00001e-01,7.80000e-01,
1.6625851e-01,-0.00000e+00,8.20000e-01,
1.6640499e-01,-0.00000e+00,8.20000e-01,
1.6655147e-01,2.00001e-01,8.20000e-01,
1.6669795e-01,2.00001e-01,8.20000e-01,
1.6684443e-01,-0.00000e+00,7.80000e-01,
1.6699091e-01,-0.00000e+00,8.20000e-01,
1.6713738e-01,-0.00000e+00,7.80000e-01,
1.6728386e-01,-0.00000e+00,7.80000e-01,
1.6743034e-01,-0.00000e+00,7.80000e-01,
1.6757682e-01,-0.00000e+00,7.80000e-01,
1.6772330e-01,2.00001e-01,7.80000e-01,
1.6786978e-01,2.00001e-01,8.20000e-01,
1.6801625e-01,-0.00000e+00,8.20000e-01,
1.6816273e-01,-0.00000e+00,8.20000e-01,
1.6830921e-01,2.00001e-01,8.20000e-01,
1.6845569e-01,2.00001e-01,8.20000e-01,
1.6860217e-01,-0.00000e+00,7.80000e-01,
1.6874865e-01,-0.00000e+00,8.20000e-01,
1.6889513e-01,-0.00000e+00,8.20000e-01,
1.6904160e-01,-0.00000e+00,8.20000e-01,
1.6918808e-01,-0.00000e+00,7.80000e-01,
1.6933456e-01,-0.00000e+00,7.80000e-01,
1.6948104e-01,-0.00000e+00,8.20000e-01,
1.6962752e-01,-0.00000e+00,8.20000e-01,
1.6977400e-01,2.00001e-01,8.20000e-01,
1.6992047e-01,-0.00000e+00,7.80000e-01,
1.7006695e-01,-0.00000e+00,7.80000e-01,
1.7021343e-01,2.00001e-01,8.20000e-01,
1.7035991e-01,2.00001e-01,8.20000e-01,
1.7050639e-01,-0.00000e+00,8.20000e-01,
1.7065287e-01,-0.00000e+00,8.20000e-01,
1.7079934e-01,2.00001e-01,8.20000e-01,
1.7094582e-01,-0.00000e+00,8.20000e-01,
1.7109230e-01,2.00001e-01,7.80000e-01,
1.7123878e-01,2.00001e-01,8.20000e-01,
1.7138526e-01,-0.00000e+00,8.20000e-01,
1.7153174e-01,-0.00000e+00,7.80000e-01,
1.7167822e-01,-0.00000e+00,8.20000e-01,
1.7182469e-01,-0.00000e+00,8.20000e-01,
1.7197117e-01,-0.00000e+00,8.20000e-01,
1.7211765e-01,-0.00000e+00,8.20000e-01,
1.7226413e-01,2.00001e-01,8.20000e-01,
1.7241061e-01,-0.00000e+00,8.20000e-01,
1.7255709e-01,2.00001e-01,8.40000e-01,
1.7270356e-01,-0.00000e+00,8.20000e-01,
1.7285004e-01,-0.00000e+00,8.20000e-01,
1.7299652e-01,2.00001e-01,8.40000e-01,
1.7314300e-01,-0.00000e+00,7.80000e-01,
1.7328948e-01,-0.00000e+00,7.80000e-01,
1.7343596e-01,2.00001e-01,8.20000e-01,
1.7358243e-01,2.00001e-01,7.80000e-01,
1.7372891e-01,2.00001e-01,8.20000e-01,
1.7387539e-01,2.00001e-01,7.80000e-01,
1.7402187e-01,2.00001e-01,8.40000e-01,
1.7416835e-01,2.00001e-01,8.40000e-01,
1.7431483e-01,-0.00000e+00,8.20000e-01,
1.7446131e-01,2.00001e-01,8.40000e-01,
1.7460778e-01,-0.00000e+00,8.40000e-01,
1.7475426e-01,-0.00000e+00,8.20000e-01,
1.7490074e-01,-0.00000e+00,8.20000e-01,
1.7504722e-01,-0.00000e+00,8.20000e-01,
1.7519370e-01,2.00001e-01,8.20000e-01,
1.7534018e-01,-0.00000e+00,8.40000e-01,
1.7548665e-01,-0.00000e+00,8.20000e-01,
1.7563313e-01,-0.00000e+00,8.40000e-01,
1.7577961e-01,-0.00000e+00,8.40000e-01,
1.7592609e-01,-0.00000e+00,8.20000e-01,
1.7607257e-01,-0.00000e+00,8.40000e-01,
1.7621905e-01,-0.00000e+00,7.80000e-01,
1.7636552e-01,-0.00000e+00,8.40000e-01,
1.7651200e-01,-0.00000e+00,8.40000e-01,
1.7665848e-01,2.00001e-01,8.20000e-01,
1.7680496e-01,2.00001e-01,8.40000e-01,
1.7695144e-01,-0.00000e+00,8.40000e-01,
1.7709792e-01,-0.00000e+00,8.40000e-01,
1.7724440e-01,-0.00000e+00,8.40000e-01,
1.7739087e-01,2.00001e-01,8.40000e-01,
1.7753735e-01,2.00001e-01,8.40000e-01,
1.7768383e-01,-0.00000e+00,7.80000e-01,
1.7783031e-01,-0.00000e+00,8.20000e-01,
1.7797679e-01,-0.00000e+00,8.20000e-01,
1.7812327e-01,-0.00000e+00,8.40000e-01,
1.7826974e-01,2.00001e-01,8.20000e-01,
1.7841622e-01,-0.00000e+00,8.40000e-01,
1.7856270e-01,-0.00000e+00,8.20000e-01,
1.7870918e-01,-0.00000e+00,8.40000e-01,
1.7885566e-01,-0.00000e+00,8.40000e-01,
1.7900214e-01,-0.00000e+00,8.40000e-01,
1.7914861e-01,-0.00000e+00,8.20000e-01,
1.7929509e-01,-0.00000e+00,8.20000e-01,
1.7944157e-01,2.00001e-01,8.20000e-01,
1.7958805e-01,2.00001e-01,8.20000e-01,
1.7973453e-01,2.00001e-01,8.40000e-01,
1.7988101e-01,-0.00000e+00,8.40000e-01,
1.8002748e-01,2.00001e-01,8.40000e-01,
1.8017396e-01,-0.00000e+00,8.40000e-01,
1.8032044e-01,2.00001e-01,8.40000e-01,
1.8046692e-01,2.00001e-01,8.40000e-01,
1.8061340e-01,-0.00000e+00,8.40000e-01,
1.8075988e-01,2.00001e-01,8.20000e-01,
1.8090636e-01,5.20000e+00,7.80000e-01,
1.8105283e-01,2.00001e-01,8.40000e-01,
1.8119931e-01,-0.00000e+00,8.40000e-01,
1.8134579e-01,-0.00000e+00,8.40000e-01,
1.8149227e-01,-0.00000e+00,8.40000e-01,
1.8163875e-01,-0.00000e+00,8.40000e-01,
1.8178523e-01,-0.00000e+00,8.40000e-01,
1.8193170e-01,-0.00000e+00,8.20000e-01,
1.8207818e-01,-0.00000e+00,8.40000e-01,
1.8222466e-01,2.00001e-01,8.40000e-01,
1.8237114e-01,2.00001e-01,8.40000e-01,
1.8251762e-01,2.00001e-01,8.20000e-01,
1.8266410e-01,2.00001e-01,8.40000e-01,
1.8281057e-01,-0.00000e+00,8.20000e-01,
1.8295705e-01,-0.00000e+00,8.40000e-01,
1.8310353e-01,-0.00000e+00,8.40000e-01,
1.8325001e-01,2.00001e-01,8.40000e-01,
1.8339649e-01,-0.00000e+00,8.40000e-01,
1.8354297e-01,2.00001e-01,8.20000e-01,
1.8368945e-01,2.00001e-01,8.40000e-01,
1.8383592e-01,-0.00000e+00,8.40000e-01,
1.8398240e-01,-0.00000e+00,8.40000e-01,
1.8412888e-01,-0.00000e+00,7.80000e-01,
1.8427536e-01,-0.00000e+00,8.40000e-01,
1.8442184e-01,-0.00000e+00,8.40000e-01,
1.8456832e-01,-0.00000e+00,8.20000e-01,
1.8471479e-01,2.00001e-01,8.40000e-01,
1.8486127e-01,-0.00000e+00,8.40000e-01,
1.8500775e-01,-0.00000e+00,8.20000e-01,
1.8515423e-01,2.00001e-01,8.20000e-01,
1.8530071e-01,2.00001e-01,8.40000e-01,
1.8544719e-01,2.00001e-01,8.40000e-01,
1.8559366e-01,-0.00000e+00,8.40000e-01,
1.8574014e-01,-0.00000e+00,8.40000e-01,
1.8588662e-01,-0.00000e+00,8.40000e-01,
1.8603310e-01,-0.00000e+00,8.40000e-01,
1.8617958e-01,-0.00000e+00,8.40000e-01,
1.8632606e-01,-0.00000e+00,8.20000e-01,
1.8647254e-01,-0.00000e+00,8.40000e-01,
1.8661901e-01,-0.00000e+00,8.40000e-01,
1.8676549e-01,-0.00000e+00,8.40000e-01,
1.8691197e-01,-0.00000e+00,8.40000e-01,
1.8705845e-01,-0.00000e+00,8.40000e-01,
1.8720493e-01,-0.00000e+00,8.40000e-01,
1.8735141e-01,-0.00000e+00,8.40000e-01,
1.8749788e-01,-0.00000e+00,8.20000e-01,
1.8764436e-01,-0.00000e+00,8.40000e-01,
1.8779084e-01,-0.00000e+00,8.40000e-01,
1.8793732e-01,-0.00000e+00,8.40000e-01,
1.8808380e-01,-0.00000e+00,8.40000e-01,
1.8823028e-01,-0.00000e+00,8.40000e-01,
1.8837675e-01,-0.00000e+00,8.40000e-01,
1.8852323e-01,-0.00000e+00,8.40000e-01,
1.8866971e-01,2.00001e-01,8.40000e-01,
1.8881619e-01,-0.00000e+00,8.40000e-01,
1.8896267e-01,-0.00000e+00,8.40000e-01,
1.8910915e-01,-0.00000e+00,8.40000e-01,
1.8925563e-01,-0.00000e+00,8.40000e-01,
1.8940210e-01,-0.00000e+00,8.40000e-01,
1.8954858e-01,-0.00000e+00,8.40000e-01,
1.8969506e-01,-0.00000e+00,8.40000e-01,
1.8984154e-01,-0.00000e+00,8.40000e-01,
1.8998802e-01,-0.00000e+00,8.40000e-01,
1.9013450e-01,-0.00000e+00,8.40000e-01,
1.9028097e-01,-0.00000e+00,8.40000e-01,
1.9042745e-01,-0.00000e+00,8.40000e-01,
1.9057393e-01,-0.00000e+00,8.40000e-01,
1.9072041e-01,-0.00000e+00,8.40000e-01,
1.9086689e-01,-0.00000e+00,8.40000e-01,
1.9101337e-01,2.00001e-01,8.40000e-01,
1.9115984e-01,-0.00000e+00,8.40000e-01,
1.9130632e-01,-0.00000e+00,8.40000e-01,
1.9145280e-01,-0.00000e+00,8.40000e-01,
1.9159928e-01,-0.00000e+00,8.40000e-01,
1.9174576e-01,-0.00000e+00,8.40000e-01,
1.9189224e-01,-0.00000e+00,8.40000e-01,
1.9203871e-01,2.00001e-01,8.40000e-01,
1.9218519e-01,-0.00000e+00,8.40000e-01,
1.9233167e-01,-0.00000e+00,8.40000e-01,
1.9247815e-01,-0.00000e+00,8.40000e-01,
1.9262463e-01,-0.00000e+00,8.40000e-01,
1.9277111e-01,2.00001e-01,8.40000e-01,
1.9291759e-01,-0.00000e+00,8.40000e-01,
1.9306406e-01,-0.00000e+00,7.80000e-01,
1.9321054e-01,-0.00000e+00,8.40000e-01,
1.9335702e-01,2.00001e-01,8.60000e-01,
1.9350350e-01,-0.00000e+00,8.40000e-01,
1.9364998e-01,-0.00000e+00,8.40000e-01,
1.9379646e-01,-0.00000e+00,8.40000e-01,
1.9394293e-01,-0.00000e+00,8.40000e-01,
1.9408941e-01,-0.00000e+00,8.40000e-01,
1.9423589e-01,-0.00000e+00,8.40000e-01,
1.9438237e-01,-0.00000e+00,8.40000e-01,
1.9452885e-01,-0.00000e+00,8.40000e-01,
1.9467533e-01,-0.00000e+00,8.40000e-01,
1.9482180e-01,-0.00000e+00,8.40000e-01,
1.9496828e-01,-0.00000e+00,8.40000e-01,
1.9511476e-01,-0.00000e+00,8.40000e-01,
1.9526124e-01,-0.00000e+00,8.40000e-01,
1.9540772e-01,-0.00000e+00,8.40000e-01,
1.9555420e-01,2.00001e-01,8.40000e-01,
1.9570068e-01,-0.00000e+00,8.40000e-01,
1.9584715e-01,2.00001e-01,8.40000e-01,
1.9599363e-01,-0.00000e+00,8.40000e-01,
1.9614011e-01,-0.00000e+00,8.40000e-01,
1.9628659e-01,2.00001e-01,8.40000e-01,
1.9643307e-01,-0.00000e+00,8.40000e-01,
1.9657955e-01,-0.00000e+00,8.40000e-01,
1.9672602e-01,-0.00000e+00,8.40000e-01,
1.9687250e-01,-0.00000e+00,8.40000e-01,
1.9701898e-01,-0.00000e+00,8.40000e-01,
1.9716546e-01,-0.00000e+00,8.40000e-01,
1.9731194e-01,-0.00000e+00,8.40000e-01,
1.9745842e-01,-0.00000e+00,8.40000e-01,
1.9760489e-01,-0.00000e+00,8.40000e-01,
1.9775137e-01,-0.00000e+00,8.40000e-01,
1.9789785e-01,-0.00000e+00,8.60000e-01,
1.9804433e-01,2.00001e-01,8.40000e-01,
1.9819081e-01,-0.00000e+00,8.60000e-01,
1.9833729e-01,-0.00000e+00,8.40000e-01,
1.9848377e-01,-0.00000e+00,8.40000e-01,
1.9863024e-01,-0.00000e+00,8.40000e-01,
1.9877672e-01,-0.00000e+00,8.40000e-01,
1.9892320e-01,-0.00000e+00,8.40000e-01,
1.9906968e-01,-0.00000e+00,8.40000e-01,
1.9921616e-01,-0.00000e+00,8.40000e-01,
1.9936264e-01,-0.00000e+00,8.40000e-01,
1.9950911e-01,-0.00000e+00,8.40000e-01,
1.9965559e-01,2.00001e-01,8.40000e-01,
1.9980207e-01,-0.00000e+00,8.40000e-01,
1.9994855e-01,-0.00000e+00,8.60000e-01,
2.0009503e-01,-0.00000e+00,8.60000e-01,
2.0024151e-01,-0.00000e+00,8.40000e-01,
2.0038798e-01,-0.00000e+00,8.60000e-01,
2.0053446e-01,-0.00000e+00,8.40000e-01,
2.0068094e-01,-0.00000e+00,8.40000e-01,
2.0082742e-01,-0.00000e+00,8.60000e-01,
2.0097390e-01,-0.00000e+00,8.40000e-01,
2.0112038e-01,2.00001e-01,8.40000e-01,
2.0126686e-01,-0.00000e+00,8.80000e-01,
2.0141333e-01,-0.00000e+00,8.40000e-01,
2.0155981e-01,-0.00000e+00,8.40000e-01,
2.0170629e-01,-0.00000e+00,8.60000e-01,
2.0185277e-01,-0.00000e+00,8.60000e-01,
2.0199925e-01,-0.00000e+00,8.40000e-01,
2.0214573e-01,-0.00000e+00,8.40000e-01,
2.0229220e-01,2.00001e-01,8.60000e-01,
2.0243868e-01,2.00001e-01,8.40000e-01,
2.0258516e-01,-0.00000e+00,8.40000e-01,
2.0273164e-01,-0.00000e+00,8.40000e-01,
2.0287812e-01,-0.00000e+00,8.40000e-01,
2.0302460e-01,-0.00000e+00,8.40000e-01,
2.0317107e-01,-0.00000e+00,8.40000e-01,
2.0331755e-01,-0.00000e+00,8.40000e-01,
2.0346403e-01,-0.00000e+00,8.40000e-01,
2.0361051e-01,-0.00000e+00,8.40000e-01,
2.0375699e-01,-0.00000e+00,8.40000e-01,
2.0390347e-01,-0.00000e+00,8.40000e-01,
2.0404994e-01,-0.00000e+00,8.60000e-01,
2.0419642e-01,-0.00000e+00,8.40000e-01,
2.0434290e-01,-0.00000e+00,8.40000e-01,
2.0448938e-01,2.00001e-01,8.40000e-01,
2.0463586e-01,-0.00000e+00,8.60000e-01,
2.0478234e-01,2.00001e-01,8.60000e-01,
2.0492882e-01,-0.00000e+00,8.60000e-01,
2.0507529e-01,-0.00000e+00,8.40000e-01,
2.0522177e-01,-0.00000e+00,8.60000e-01,
2.0536825e-01,-0.00000e+00,8.60000e-01,
2.0551473e-01,-0.00000e+00,8.60000e-01,
2.0566121e-01,-0.00000e+00,8.40000e-01,
2.0580769e-01,-0.00000e+00,8.60000e-01,
2.0595416e-01,-0.00000e+00,8.60000e-01,
2.0610064e-01,-0.00000e+00,8.60000e-01,
2.0624712e-01,-0.00000e+00,8.40000e-01,
2.0639360e-01,-0.00000e+00,8.40000e-01,
2.0654008e-01,-0.00000e+00,8.40000e-01,
2.0668656e-01,-0.00000e+00,8.60000e-01,
2.0683303e-01,-0.00000e+00,8.40000e-01,
2.0697951e-01,-0.00000e+00,8.40000e-01,
2.0712599e-01,-0.00000e+00,8.60000e-01,
2.0727247e-01,-0.00000e+00,8.60000e-01,
2.0741895e-01,-0.00000e+00,8.40000e-01,
2.0756543e-01,-0.00000e+00,8.40000e-01,
2.0771191e-01,2.00001e-01,8.40000e-01,
2.0785838e-01,-0.00000e+00,8.60000e-01,
2.0800486e-01,-0.00000e+00,8.40000e-01,
2.0815134e-01,-0.00000e+00,8.40000e-01,
2.0829782e-01,-0.00000e+00,8.60000e-01,
2.0844430e-01,-0.00000e+00,8.60000e-01,
2.0859078e-01,-0.00000e+00,8.40000e-01,
2.0873725e-01,-0.00000e+00,8.60000e-01,
2.0888373e-01,-0.00000e+00,8.40000e-01,
2.0903021e-01,-0.00000e+00,8.60000e-01,
2.0917669e-01,2.00001e-01,8.60000e-01,
2.0932317e-01,-0.00000e+00,8.40000e-01,
2.0946965e-01,-0.00000e+00,8.40000e-01,
2.0961612e-01,-0.00000e+00,8.60000e-01,
2.0976260e-01,-0.00000e+00,8.40000e-01,
2.0990908e-01,2.00001e-01,8.60000e-01,
2.1005556e-01,-0.00000e+00,8.60000e-01,
2.1020204e-01,-0.00000e+00,8.60000e-01,
2.1034852e-01,-0.00000e+00,8.60000e-01,
2.1049500e-01,-0.00000e+00,8.60000e-01,
2.1064147e-01,2.00001e-01,8.60000e-01,
2.1078795e-01,-0.00000e+00,8.60000e-01,
2.1093443e-01,-0.00000e+00,8.40000e-01,
2.1108091e-01,-0.00000e+00,8.40000e-01,
2.1122739e-01,-0.00000e+00,8.60000e-01,
2.1137387e-01,-0.00000e+00,8.60000e-01,
2.1152034e-01,-0.00000e+00,8.60000e-01,
2.1166682e-01,-0.00000e+00,8.60000e-01,
2.1181330e-01,-0.00000e+00,8.60000e-01,
2.1195978e-01,-0.00000e+00,8.40000e-01,
2.1210626e-01,-0.00000e+00,8.60000e-01,
2.1225274e-01,-0.00000e+00,8.60000e-01,
2.1239921e-01,-0.00000e+00,8.40000e-01,
2.1254569e-01,-0.00000e+00,8.40000e-01,
2.1269217e-01,-0.00000e+00,8.60000e-01,
2.1283865e-01,-0.00000e+00,8.60000e-01,
2.1298513e-01,-0.00000e+00,8.60000e-01,
2.1313161e-01,-0.00000e+00,8.60000e-01,
2.1327808e-01,-0.00000e+00,8.40000e-01,
2.1342456e-01,-0.00000e+00,8.60000e-01,
2.1357104e-01,-0.00000e+00,8.60000e-01,
2.1371752e-01,-0.00000e+00,8.60000e-01,
2.1386400e-01,-0.00000e+00,8.60000e-01,
2.1401048e-01,-0.00000e+00,8.60000e-01,
2.1415696e-01,-0.00000e+00,8.40000e-01,
2.1430343e-01,2.00001e-01,8.60000e-01,
2.1444991e-01,-0.00000e+00,8.60000e-01,
2.1459639e-01,-0.00000e+00,8.60000e-01,
2.1474287e-01,-0.00000e+00,8.60000e-01,
2.1488935e-01,-0.00000e+00,8.60000e-01,
2.1503583e-01,-0.00000e+00,8.60000e-01,
2.1518230e-01,-0.00000e+00,8.40000e-01,
2.1532878e-01,-0.00000e+00,8.60000e-01,
2.1547526e-01,-0.00000e+00,8.60000e-01,
2.1562174e-01,-0.00000e+00,8.60000e-01,
2.1576822e-01,-0.00000e+00,8.60000e-01,
2.1591470e-01,-0.00000e+00,8.60000e-01,
2.1606117e-01,-0.00000e+00,8.60000e-01,
2.1620765e-01,-0.00000e+00,8.60000e-01,
2.1635413e-01,-0.00000e+00,8.60000e-01,
2.1650061e-01,-0.00000e+00,8.60000e-01,
2.1664709e-01,-0.00000e+00,8.60000e-01,
2.1679357e-01,-0.00000e+00,8.60000e-01,
2.1694005e-01,-0.00000e+00,8.60000e-01,
2.1708652e-01,-0.00000e+00,8.60000e-01,
2.1723300e-01,-0.00000e+00,8.60000e-01,
2.1737948e-01,-0.00000e+00,8.60000e-01,
2.1752596e-01,-0.00000e+00,8.60000e-01,
2.1767244e-01,2.00001e-01,8.60000e-01,
2.1781892e-01,-0.00000e+00,8.40000e-01,
2.1796539e-01,-0.00000e+00,8.60000e-01,
2.1811187e-01,-0.00000e+00,8.60000e-01,
2.1825835e-01,-0.00000e+00,8.60000e-01,
2.1840483e-01,-0.00000e+00,8.80000e-01,
2.1855131e-01,-0.00000e+00,8.60000e-01,
2.1869779e-01,-0.00000e+00,8.60000e-01,
2.1884426e-01,-0.00000e+00,8.60000e-01,
2.1899074e-01,-0.00000e+00,8.60000e-01,
2.1913722e-01,-0.00000e+00,8.60000e-01,
2.1928370e-01,-0.00000e+00,8.60000e-01,
2.1943018e-01,-0.00000e+00,8.60000e-01,
2.1957666e-01,-0.00000e+00,8.60000e-01,
2.1972314e-01,-0.00000e+00,8.60000e-01,
2.1986961e-01,-0.00000e+00,8.60000e-01,
2.2001609e-01,-0.00000e+00,8.60000e-01,
2.2016257e-01,-0.00000e+00,8.60000e-01,
2.2030905e-01,2.00001e-01,8.80000e-01,
2.2045553e-01,-0.00000e+00,8.80000e-01,
2.2060201e-01,-0.00000e+00,8.60000e-01,
2.2074848e-01,-0.00000e+00,8.60000e-01,
2.2089496e-01,-0.00000e+00,8.60000e-01,
2.2104144e-01,-0.00000e+00,8.80000e-01,
2.2118792e-01,-0.00000e+00,8.60000e-01,
2.2133440e-01,-0.00000e+00,8.60000e-01,
2.2148088e-01,-0.00000e+00,8.60000e-01,
2.2162735e-01,-0.00000e+00,8.60000e-01,
2.2177383e-01,-0.00000e+00,8.60000e-01,
2.2192031e-01,2.00001e-01,8.60000e-01,
2.2206679e-01,-0.00000e+00,8.60000e-01,
2.2221327e-01,-0.00000e+00,8.60000e-01,
2.2235975e-01,-0.00000e+00,8.60000e-01,
2.2250623e-01,-0.00000e+00,8.60000e-01,
2.2265270e-01,-0.00000e+00,8.60000e-01,
2.2279918e-01,-0.00000e+00,8.60000e-01,
2.2294566e-01,-0.00000e+00,8.60000e-01,
2.2309214e-01,-0.00000e+00,8.60000e-01,
2.2323862e-01,2.00001e-01,8.60000e-01,
2.2338510e-01,-0.00000e+00,8.80000e-01,
2.2353157e-01,-0.00000e+00,8.80000e-01,
2.2367805e-01,2.00001e-01,8.80000e-01,
2.2382453e-01,-0.00000e+00,8.60000e-01,
2.2397101e-01,2.00001e-01,8.80000e-01,
2.2411749e-01,-0.00000e+00,8.60000e-01,
2.2426397e-01,-0.00000e+00,8.80000e-01,
2.2441044e-01,-0.00000e+00,8.60000e-01,
2.2455692e-01,-0.00000e+00,8.60000e-01,
2.2470340e-01,-0.00000e+00,8.60000e-01,
2.2484988e-01,-0.00000e+00,8.80000e-01,
2.2499636e-01,-0.00000e+00,8.60000e-01,
2.2514284e-01,-0.00000e+00,8.60000e-01,
2.2528931e-01,-0.00000e+00,8.80000e-01,
2.2543579e-01,-0.00000e+00,8.80000e-01,
2.2558227e-01,-0.00000e+00,8.60000e-01,
2.2572875e-01,-0.00000e+00,8.60000e-01,
2.2587523e-01,-0.00000e+00,8.60000e-01,
2.2602171e-01,-0.00000e+00,8.80000e-01,
2.2616819e-01,-0.00000e+00,8.60000e-01,
2.2631466e-01,-0.00000e+00,8.80000e-01,
2.2646114e-01,-0.00000e+00,8.80000e-01,
2.2660762e-01,-0.00000e+00,8.60000e-01,
2.2675410e-01,-0.00000e+00,8.60000e-01,
2.2690058e-01,-0.00000e+00,8.60000e-01,
2.2704706e-01,-0.00000e+00,8.60000e-01,
2.2719353e-01,-0.00000e+00,8.80000e-01,
2.2734001e-01,-0.00000e+00,8.60000e-01,
2.2748649e-01,-0.00000e+00,8.60000e-01,
2.2763297e-01,-0.00000e+00,8.80000e-01,
2.2777945e-01,-0.00000e+00,8.80000e-01,
2.2792593e-01,-0.00000e+00,8.60000e-01,
2.2807240e-01,-0.00000e+00,8.80000e-01,
2.2821888e-01,-0.00000e+00,8.80000e-01,
2.2836536e-01,-0.00000e+00,8.80000e-01,
2.2851184e-01,-0.00000e+00,8.80000e-01,
2.2865832e-01,-0.00000e+00,8.60000e-01,
2.2880480e-01,-0.00000e+00,8.60000e-01,
2.2895128e-01,2.00001e-01,8.60000e-01,
2.2909775e-01,-0.00000e+00,8.80000e-01,
2.2924423e-01,-0.00000e+00,8.80000e-01,
2.2939071e-01,-0.00000e+00,8.80000e-01,
2.2953719e-01,-0.00000e+00,8.60000e-01,
2.2968367e-01,-0.00000e+00,8.80000e-01,
2.2983015e-01,2.00001e-01,8.80000e-01,
2.2997662e-01,-0.00000e+00,8.80000e-01,
2.3012310e-01,-0.00000e+00,8.60000e-01,
2.3026958e-01,-0.00000e+00,8.80000e-01,
2.3041606e-01,-0.00000e+00,8.60000e-01,
2.3056254e-01,2.00001e-01,8.80000e-01,
2.3070902e-01,-0.00000e+00,8.80000e-01,
2.3085549e-01,-0.00000e+00,8.80000e-01,
2.3100197e-01,2.00001e-01,8.80000e-01,
2.3114845e-01,-0.00000e+00,8.60000e-01,
2.3129493e-01,-0.00000e+00,8.80000e-01,
2.3144141e-01,-0.00000e+00,8.60000e-01,
2.3158789e-01,-0.00000e+00,8.80000e-01,
2.3173437e-01,-0.00000e+00,8.60000e-01,
2.3188084e-01,-0.00000e+00,8.80000e-01,
2.3202732e-01,-0.00000e+00,8.80000e-01,
2.3217380e-01,-0.00000e+00,8.80000e-01,
2.3232028e-01,-0.00000e+00,8.80000e-01,
2.3246676e-01,-0.00000e+00,8.80000e-01,
2.3261324e-01,-0.00000e+00,8.60000e-01,
2.3275971e-01,-0.00000e+00,8.80000e-01,
2.3290619e-01,-0.00000e+00,8.80000e-01,
2.3305267e-01,-0.00000e+00,8.80000e-01,
2.3319915e-01,2.00001e-01,8.80000e-01,
2.3334563e-01,-0.00000e+00,8.80000e-01,
2.3349211e-01,-0.00000e+00,8.60000e-01,
2.3363858e-01,2.00001e-01,8.60000e-01,
2.3378506e-01,-0.00000e+00,8.80000e-01,
2.3393154e-01,-0.00000e+00,8.60000e-01,
2.3407802e-01,-0.00000e+00,8.80000e-01,
2.3422450e-01,-0.00000e+00,8.80000e-01,
2.3437098e-01,-0.00000e+00,8.80000e-01,
2.3451746e-01,2.00001e-01,8.80000e-01,
2.3466393e-01,-0.00000e+00,8.80000e-01,
2.3481041e-01,2.00001e-01,8.80000e-01,
2.3495689e-01,-0.00000e+00,8.80000e-01,
2.3510337e-01,2.00001e-01,8.60000e-01,
2.3524985e-01,-0.00000e+00,8.60000e-01,
2.3539633e-01,2.00001e-01,8.80000e-01,
2.3554280e-01,-0.00000e+00,8.80000e-01,
2.3568928e-01,5.00000e+00,7.80000e-01,
2.3583576e-01,2.00001e-01,8.80000e-01,
2.3598224e-01,-0.00000e+00,8.80000e-01,
2.3612872e-01,2.00001e-01,8.80000e-01,
2.3627520e-01,-0.00000e+00,8.80000e-01,
2.3642167e-01,2.00001e-01,8.80000e-01,
2.3656815e-01,2.00001e-01,8.80000e-01,
2.3671463e-01,-0.00000e+00,8.80000e-01,
2.3686111e-01,2.00001e-01,8.80000e-01,
2.3700759e-01,-0.00000e+00,8.80000e-01,
2.3715407e-01,-0.00000e+00,8.60000e-01,
2.3730054e-01,-0.00000e+00,8.80000e-01,
2.3744702e-01,-0.00000e+00,8.80000e-01,
2.3759350e-01,-0.00000e+00,8.60000e-01,
2.3773998e-01,2.00001e-01,8.80000e-01,
2.3788646e-01,-0.00000e+00,8.80000e-01,
2.3803294e-01,2.00001e-01,8.80000e-01,
2.3817942e-01,-0.00000e+00,8.80000e-01,
2.3832589e-01,2.00001e-01,8.80000e-01,
2.3847237e-01,-0.00000e+00,8.80000e-01,
2.3861885e-01,-0.00000e+00,8.80000e-01,
2.3876533e-01,-0.00000e+00,8.80000e-01,
2.3891181e-01,2.00001e-01,8.80000e-01,
2.3905829e-01,-0.00000e+00,8.60000e-01,
2.3920476e-01,-0.00000e+00,8.80000e-01,
2.3935124e-01,2.00001e-01,8.80000e-01,
2.3949772e-01,-0.00000e+00,8.80000e-01,
2.3964420e-01,-0.00000e+00,8.80000e-01,
2.3979068e-01,2.00001e-01,8.80000e-01,
2.3993716e-01,2.00001e-01,8.80000e-01,
2.4008363e-01,-0.00000e+00,8.80000e-01,
2.4023011e-01,2.00001e-01,8.80000e-01,
2.4037659e-01,-0.00000e+00,8.80000e-01,
2.4052307e-01,2.00001e-01,8.80000e-01,
2.4066955e-01,-0.00000e+00,8.80000e-01,
2.4081603e-01,-0.00000e+00,8.80000e-01,
2.4096251e-01,-0.00000e+00,8.80000e-01,
2.4110898e-01,-0.00000e+00,8.80000e-01,
2.4125546e-01,-0.00000e+00,8.80000e-01,
2.4140194e-01,2.00001e-01,8.80000e-01,
2.4154842e-01,-0.00000e+00,8.80000e-01,
2.4169490e-01,-0.00000e+00,8.80000e-01,
2.4184138e-01,-0.00000e+00,8.80000e-01,
2.4198785e-01,-0.00000e+00,8.80000e-01,
2.4213433e-01,-0.00000e+00,8.80000e-01,
2.4228081e-01,-0.00000e+00,8.80000e-01,
2.4242729e-01,-0.00000e+00,8.80000e-01,
2.4257377e-01,-0.00000e+00,8.80000e-01,
2.4272025e-01,-0.00000e+00,8.80000e-01,
2.4286672e-01,-0.00000e+00,8.80000e-01,
2.4301320e-01,-0.00000e+00,8.80000e-01,
2.4315968e-01,-0.00000e+00,8.80000e-01,
2.4330616e-01,-0.00000e+00,8.80000e-01,
2.4345264e-01,-0.00000e+00,8.80000e-01,
2.4359912e-01,-0.00000e+00,8.80000e-01,
2.4374560e-01,-0.00000e+00,8.80000e-01,
2.4389207e-01,-0.00000e+00,8.80000e-01,
2.4403855e-01,-0.00000e+00,8.80000e-01,
2.4418503e-01,-0.00000e+00,8.80000e-01,
2.4433151e-01,-0.00000e+00,8.80000e-01,
2.4447799e-01,-0.00000e+00,8.80000e-01,
2.4462447e-01,2.00001e-01,8.80000e-01,
2.4477094e-01,2.00001e-01,8.80000e-01,
2.4491742e-01,-0.00000e+00,8.80000e-01,
2.4506390e-01,-0.00000e+00,8.80000e-01,
2.4521038e-01,-0.00000e+00,8.80000e-01,
2.4535686e-01,-0.00000e+00,8.80000e-01,
2.4550334e-01,-0.00000e+00,8.80000e-01,
2.4564981e-01,-0.00000e+00,8.80000e-01,
2.4579629e-01,-0.00000e+00,8.80000e-01,
2.4594277e-01,-0.00000e+00,8.80000e-01,
2.4608925e-01,-0.00000e+00,8.80000e-01,
2.4623573e-01,-0.00000e+00,8.80000e-01,
2.4638221e-01,2.00001e-01,8.80000e-01,
2.4652869e-01,2.00001e-01,8.80000e-01,
2.4667516e-01,2.00001e-01,8.80000e-01,
2.4682164e-01,2.00001e-01,8.80000e-01,
2.4696812e-01,-0.00000e+00,8.80000e-01,
2.4711460e-01,-0.00000e+00,8.80000e-01,
2.4726108e-01,-0.00000e+00,8.80000e-01,
2.4740756e-01,-0.00000e+00,8.80000e-01,
2.4755403e-01,-0.00000e+00,8.80000e-01,
2.4770051e-01,-0.00000e+00,8.80000e-01,
2.4784699e-01,-0.00000e+00,8.80000e-01,
2.4799347e-01,-0.00000e+00,8.80000e-01,
2.4813995e-01,2.00001e-01,8.80000e-01,
2.4828643e-01,-0.00000e+00,8.80000e-01,
2.4843290e-01,-0.00000e+00,8.80000e-01,
2.4857938e-01,-0.00000e+00,8.80000e-01,
2.4872586e-01,-0.00000e+00,8.80000e-01,
2.4887234e-01,-0.00000e+00,8.80000e-01,
2.4901882e-01,-0.00000e+00,8.80000e-01,
2.4916530e-01,-0.00000e+00,8.80000e-01,
2.4931177e-01,-0.00000e+00,8.80000e-01,
2.4945825e-01,-0.00000e+00,8.80000e-01,
2.4960473e-01,-0.00000e+00,8.80000e-01,
2.4975121e-01,-0.00000e+00,8.80000e-01,
2.4989769e-01,-0.00000e+00,8.80000e-01,
2.5004417e-01,-0.00000e+00,8.80000e-01,
2.5019065e-01,-0.00000e+00,8.80000e-01,
2.5033712e-01,-0.00000e+00,8.80000e-01,
2.5048360e-01,2.00001e-01,8.80000e-01,
2.5063008e-01,-0.00000e+00,8.80000e-01,
2.5077656e-01,-0.00000e+00,8.80000e-01,
2.5092304e-01,-0.00000e+00,8.80000e-01,
2.5106952e-01,-0.00000e+00,8.80000e-01,
2.5121599e-01,-0.00000e+00,8.80000e-01,
2.5136247e-01,-0.00000e+00,8.80000e-01,
2.5150895e-01,-0.00000e+00,8.80000e-01,
2.5165543e-01,-0.00000e+00,8.80000e-01,
2.5180191e-01,2.00001e-01,8.80000e-01,
2.5194839e-01,-0.00000e+00,8.80000e-01,
2.5209486e-01,2.00001e-01,8.80000e-01,
2.5224134e-01,-0.00000e+00,8.80000e-01,
2.5238782e-01,-0.00000e+00,9.00000e-01,
2.5253430e-01,-0.00000e+00,8.80000e-01,
2.5268078e-01,2.00001e-01,8.80000e-01,
2.5282726e-01,2.00001e-01,8.80000e-01,
2.5297374e-01,-0.00000e+00,9.00000e-01,
2.5312021e-01,-0.00000e+00,8.80000e-01,
2.5326669e-01,-0.00000e+00,8.80000e-01,
2.5341317e-01,-0.00000e+00,8.80000e-01,
2.5355965e-01,-0.00000e+00,9.40000e-01,
2.5370613e-01,-0.00000e+00,8.80000e-01,
2.5385261e-01,-0.00000e+00,8.80000e-01,
2.5399908e-01,2.00001e-01,8.80000e-01,
2.5414556e-01,2.00001e-01,8.80000e-01,
2.5429204e-01,-0.00000e+00,8.80000e-01,
2.5443852e-01,-0.00000e+00,8.80000e-01,
2.5458500e-01,-0.00000e+00,8.80000e-01,
2.5473148e-01,-0.00000e+00,8.80000e-01,
2.5487795e-01,-0.00000e+00,8.80000e-01,
2.5502443e-01,2.00001e-01,8.80000e-01,
2.5517091e-01,-0.00000e+00,8.80000e-01,
2.5531739e-01,-0.00000e+00,8.80000e-01,
2.5546387e-01,-0.00000e+00,8.80000e-01,
2.5561035e-01,-0.00000e+00,8.80000e-01,
2.5575683e-01,-0.00000e+00,8.80000e-01,
2.5590330e-01,-0.00000e+00,8.80000e-01,
2.5604978e-01,-0.00000e+00,8.80000e-01,
2.5619626e-01,-0.00000e+00,8.80000e-01,
2.5634274e-01,-0.00000e+00,8.80000e-01,
2.5648922e-01,-0.00000e+00,8.80000e-01,
2.5663570e-01,-0.00000e+00,8.80000e-01,
2.5678217e-01,-0.00000e+00,8.80000e-01,
2.5692865e-01,2.00001e-01,9.00000e-01,
2.5707513e-01,-0.00000e+00,8.80000e-01,
2.5722161e-01,2.00001e-01,8.80000e-01,
2.5736809e-01,2.00001e-01,8.80000e-01,
2.5751457e-01,-0.00000e+00,8.80000e-01,
2.5766104e-01,2.00001e-01,8.80000e-01,
2.5780752e-01,-0.00000e+00,8.80000e-01,
2.5795400e-01,-0.00000e+00,8.80000e-01,
2.5810048e-01,-0.00000e+00,9.00000e-01,
2.5824696e-01,-0.00000e+00,8.80000e-01,
2.5839344e-01,-0.00000e+00,8.80000e-01,
2.5853992e-01,-0.00000e+00,8.80000e-01,
2.5868639e-01,-0.00000e+00,8.80000e-01,
2.5883287e-01,-0.00000e+00,8.80000e-01,
2.5897935e-01,-0.00000e+00,8.80000e-01,
2.5912583e-01,2.00001e-01,8.80000e-01,
2.5927231e-01,-0.00000e+00,8.80000e-01,
2.5941879e-01,-0.00000e+00,8.80000e-01,
2.5956526e-01,-0.00000e+00,8.80000e-01,
2.5971174e-01,2.00001e-01,8.80000e-01,
2.5985822e-01,-0.00000e+00,8.80000e-01,
2.6000470e-01,-0.00000e+00,8.80000e-01,
2.6015118e-01,-0.00000e+00,8.80000e-01,
2.6029766e-01,-0.00000e+00,9.00000e-01,
2.6044413e-01,-0.00000e+00,8.80000e-01,
2.6059061e-01,-0.00000e+00,8.80000e-01,
2.6073709e-01,2.00001e-01,8.80000e-01,
2.6088357e-01,-0.00000e+00,8.80000e-01,
2.6103005e-01,-0.00000e+00,8.80000e-01,
2.6117653e-01,-0.00000e+00,8.80000e-01,
2.6132300e-01,-0.00000e+00,9.00000e-01,
2.6146948e-01,2.00001e-01,8.80000e-01,
2.6161596e-01,-0.00000e+00,9.00000e-01,
2.6176244e-01,-0.00000e+00,8.80000e-01,
2.6190892e-01,-0.00000e+00,8.80000e-01,
2.6205540e-01,2.00001e-01,8.80000e-01,
2.6220188e-01,2.00001e-01,8.80000e-01,
2.6234835e-01,-0.00000e+00,9.00000e-01,
2.6249483e-01,2.00001e-01,9.00000e-01,
2.6264131e-01,-0.00000e+00,8.80000e-01,
2.6278779e-01,-0.00000e+00,8.80000e-01,
2.6293427e-01,-0.00000e+00,8.80000e-01,
2.6308075e-01,-0.00000e+00,8.80000e-01,
2.6322722e-01,-0.00000e+00,8.80000e-01,
2.6337370e-01,2.00001e-01,9.00000e-01,
2.6352018e-01,-0.00000e+00,9.00000e-01,
2.6366666e-01,-0.00000e+00,8.80000e-01,
2.6381314e-01,2.00001e-01,8.80000e-01,
2.6395962e-01,-0.00000e+00,8.80000e-01,
2.6410609e-01,2.00001e-01,8.80000e-01,
2.6425257e-01,-0.00000e+00,8.80000e-01,
2.6439905e-01,-0.00000e+00,9.00000e-01,
2.6454553e-01,-0.00000e+00,8.80000e-01,
2.6469201e-01,-0.00000e+00,8.80000e-01,
2.6483849e-01,-0.00000e+00,9.00000e-01,
2.6498497e-01,-0.00000e+00,8.80000e-01,
2.6513144e-01,2.00001e-01,8.80000e-01,
2.6527792e-01,2.00001e-01,8.80000e-01,
2.6542440e-01,-0.00000e+00,8.80000e-01,
2.6557088e-01,-0.00000e+00,9.00000e-01,
2.6571736e-01,-0.00000e+00,8.80000e-01,
2.6586384e-01,-0.00000e+00,8.80000e-01,
2.6601031e-01,2.00001e-01,8.80000e-01,
2.6615679e-01,2.00001e-01,8.80000e-01,
2.6630327e-01,-0.00000e+00,8.80000e-01,
2.6644975e-01,-0.00000e+00,8.80000e-01,
2.6659623e-01,-0.00000e+00,8.80000e-01,
2.6674271e-01,2.00001e-01,8.80000e-01,
2.6688918e-01,-0.00000e+00,8.80000e-01,
2.6703566e-01,-0.00000e+00,8.80000e-01,
2.6718214e-01,-0.00000e+00,8.80000e-01,
2.6732862e-01,-0.00000e+00,8.80000e-01,
2.6747510e-01,-0.00000e+00,8.80000e-01,
2.6762158e-01,-0.00000e+00,9.00000e-01,
2.6776806e-01,-0.00000e+00,9.00000e-01,
2.6791453e-01,-0.00000e+00,8.80000e-01,
2.6806101e-01,-0.00000e+00,8.80000e-01,
2.6820749e-01,2.00001e-01,9.00000e-01,
2.6835397e-01,2.00001e-01,8.80000e-01,
2.6850045e-01,2.00001e-01,8.80000e-01,
2.6864693e-01,-0.00000e+00,9.00000e-01,
2.6879340e-01,-0.00000e+00,8.80000e-01,
2.6893988e-01,-0.00000e+00,8.80000e-01,
2.6908636e-01,2.00001e-01,8.80000e-01,
2.6923284e-01,-0.00000e+00,8.80000e-01,
2.6937932e-01,-0.00000e+00,8.80000e-01,
2.6952580e-01,-0.00000e+00,8.80000e-01,
2.6967227e-01,-0.00000e+00,8.80000e-01,
2.6981875e-01,-0.00000e+00,8.80000e-01,
2.6996523e-01,-0.00000e+00,8.80000e-01,
2.7011171e-01,-0.00000e+00,9.00000e-01,
2.7025819e-01,-0.00000e+00,8.80000e-01,
2.7040467e-01,-0.00000e+00,8.80000e-01,
2.7055115e-01,-0.00000e+00,8.80000e-01,
2.7069762e-01,-0.00000e+00,9.00000e-01,
2.7084410e-01,-0.00000e+00,8.80000e-01,
2.7099058e-01,-0.00000e+00,8.80000e-01,
2.7113706e-01,-0.00000e+00,8.80000e-01,
2.7128354e-01,2.00001e-01,8.80000e-01,
2.7143002e-01,2.00001e-01,8.80000e-01,
2.7157649e-01,2.00001e-01,8.80000e-01,
2.7172297e-01,-0.00000e+00,8.80000e-01,
2.7186945e-01,-0.00000e+00,9.00000e-01,
2.7201593e-01,2.00001e-01,8.80000e-01,
2.7216241e-01,-0.00000e+00,8.80000e-01,
2.7230889e-01,-0.00000e+00,9.00000e-01,
2.7245536e-01,2.00001e-01,8.80000e-01,
2.7260184e-01,-0.00000e+00,8.80000e-01,
2.7274832e-01,-0.00000e+00,8.80000e-01,
2.7289480e-01,-0.00000e+00,8.80000e-01,
2.7304128e-01,-0.00000e+00,8.80000e-01,
2.7318776e-01,-0.00000e+00,8.80000e-01,
2.7333423e-01,-0.00000e+00,8.80000e-01,
2.7348071e-01,2.00001e-01,8.80000e-01,
2.7362719e-01,2.00001e-01,8.80000e-01,
2.7377367e-01,2.00001e-01,8.80000e-01,
2.7392015e-01,2.00001e-01,8.80000e-01,
2.7406663e-01,-0.00000e+00,8.80000e-01,
2.7421311e-01,-0.00000e+00,8.80000e-01,
2.7435958e-01,2.00001e-01,8.80000e-01,
2.7450606e-01,-0.00000e+00,8.80000e-01,
2.7465254e-01,-0.00000e+00,8.80000e-01,
2.7479902e-01,-0.00000e+00,8.80000e-01,
2.7494550e-01,2.00001e-01,8.80000e-01,
2.7509198e-01,-0.00000e+00,9.20000e-01,
2.7523845e-01,-0.00000e+00,8.80000e-01,
2.7538493e-01,-0.00000e+00,8.80000e-01,
2.7553141e-01,-0.00000e+00,8.80000e-01,
2.7567789e-01,-0.00000e+00,8.80000e-01,
2.7582437e-01,-0.00000e+00,8.80000e-01,
2.7597085e-01,-0.00000e+00,8.80000e-01,
2.7611732e-01,-0.00000e+00,8.80000e-01,
2.7626380e-01,-0.00000e+00,8.80000e-01,
2.7641028e-01,-0.00000e+00,8.80000e-01,
2.7655676e-01,-0.00000e+00,8.80000e-01,
2.7670324e-01,-0.00000e+00,8.80000e-01,
2.7684972e-01,-0.00000e+00,8.80000e-01,
2.7699620e-01,-0.00000e+00,8.80000e-01,
2.7714267e-01,-0.00000e+00,8.80000e-01,
2.7728915e-01,-0.00000e+00,8.80000e-01,
2.7743563e-01,-0.00000e+00,8.80000e-01,
2.7758211e-01,-0.00000e+00,8.80000e-01,
2.7772859e-01,-0.00000e+00,8.80000e-01,
2.7787507e-01,2.00001e-01,8.80000e-01,
2.7802154e-01,-0.00000e+00,8.80000e-01,
2.7816802e-01,-0.00000e+00,8.80000e-01,
2.7831450e-01,-0.00000e+00,8.80000e-01,
2.7846098e-01,-0.00000e+00,8.80000e-01,
2.7860746e-01,-0.00000e+00,8.80000e-01,
2.7875394e-01,-0.00000e+00,8.80000e-01,
2.7890041e-01,-0.00000e+00,8.80000e-01,
2.7904689e-01,-0.00000e+00,8.80000e-01,
2.7919337e-01,2.00001e-01,8.80000e-01,
2.7933985e-01,-0.00000e+00,8.80000e-01,
2.7948633e-01,-0.00000e+00,8.80000e-01,
2.7963281e-01,-0.00000e+00,8.80000e-01,
2.7977929e-01,-0.00000e+00,8.80000e-01,
2.7992576e-01,-0.00000e+00,8.80000e-01,
2.8007224e-01,-0.00000e+00,8.80000e-01,
2.8021872e-01,-0.00000e+00,8.80000e-01,
2.8036520e-01,-0.00000e+00,8.80000e-01,
2.8051168e-01,-0.00000e+00,8.80000e-01,
2.8065816e-01,-0.00000e+00,8.80000e-01,
2.8080463e-01,-0.00000e+00,8.80000e-01,
2.8095111e-01,-0.00000e+00,8.80000e-01,
2.8109759e-01,-0.00000e+00,8.80000e-01,
2.8124407e-01,-0.00000e+00,8.80000e-01,
2.8139055e-01,5.00000e+00,8.40000e-01,
2.8153703e-01,-0.00000e+00,8.80000e-01,
2.8168350e-01,-0.00000e+00,8.80000e-01,
2.8182998e-01,-0.00000e+00,8.80000e-01,
2.8197646e-01,-0.00000e+00,8.80000e-01,
2.8212294e-01,2.00001e-01,8.80000e-01,
2.8226942e-01,-0.00000e+00,8.80000e-01,
2.8241590e-01,-0.00000e+00,8.80000e-01,
2.8256238e-01,2.00001e-01,8.80000e-01,
2.8270885e-01,-0.00000e+00,8.80000e-01,
2.8285533e-01,-0.00000e+00,8.80000e-01,
2.8300181e-01,2.00001e-01,8.80000e-01,
2.8314829e-01,2.00001e-01,8.80000e-01,
2.8329477e-01,2.00001e-01,8.80000e-01,
2.8344125e-01,-0.00000e+00,8.80000e-01,
2.8358772e-01,-0.00000e+00,8.80000e-01,
2.8373420e-01,-0.00000e+00,8.80000e-01,
2.8388068e-01,-0.00000e+00,8.80000e-01,
2.8402716e-01,-0.00000e+00,8.80000e-01,
2.8417364e-01,-0.00000e+00,8.80000e-01,
2.8432012e-01,2.00001e-01,8.80000e-01,
2.8446659e-01,-0.00000e+00,8.80000e-01,
2.8461307e-01,-0.00000e+00,8.80000e-01,
2.8475955e-01,-0.00000e+00,8.80000e-01,
2.8490603e-01,2.00001e-01,8.80000e-01,
2.8505251e-01,-0.00000e+00,8.80000e-01,
2.8519899e-01,-0.00000e+00,8.80000e-01,
2.8534546e-01,2.00001e-01,8.80000e-01,
2.8549194e-01,-0.00000e+00,8.80000e-01,
2.8563842e-01,-0.00000e+00,8.60000e-01,
2.8578490e-01,-0.00000e+00,8.60000e-01,
2.8593138e-01,-0.00000e+00,8.60000e-01,
2.8607786e-01,2.00001e-01,8.60000e-01,
2.8622434e-01,-0.00000e+00,8.80000e-01,
2.8637081e-01,-0.00000e+00,8.80000e-01,
2.8651729e-01,-0.00000e+00,8.80000e-01,
2.8666377e-01,-0.00000e+00,8.80000e-01,
2.8681025e-01,-0.00000e+00,8.60000e-01,
2.8695673e-01,-0.00000e+00,8.60000e-01,
2.8710321e-01,2.00001e-01,8.80000e-01,
2.8724968e-01,-0.00000e+00,8.60000e-01,
2.8739616e-01,-0.00000e+00,8.60000e-01,
2.8754264e-01,-0.00000e+00,8.60000e-01,
2.8768912e-01,-0.00000e+00,8.60000e-01,
2.8783560e-01,-0.00000e+00,8.60000e-01,
2.8798208e-01,-0.00000e+00,8.60000e-01,
2.8812855e-01,-0.00000e+00,8.60000e-01,
2.8827503e-01,-0.00000e+00,8.60000e-01,
2.8842151e-01,-0.00000e+00,8.60000e-01,
2.8856799e-01,-0.00000e+00,8.60000e-01,
2.8871447e-01,-0.00000e+00,8.60000e-01,
2.8886095e-01,-0.00000e+00,8.60000e-01,
2.8900743e-01,-0.00000e+00,8.80000e-01,
2.8915390e-01,2.00001e-01,8.60000e-01,
2.8930038e-01,-0.00000e+00,8.60000e-01,
2.8944686e-01,-0.00000e+00,8.60000e-01,
2.8959334e-01,-0.00000e+00,8.60000e-01,
2.8973982e-01,-0.00000e+00,8.60000e-01,
2.8988630e-01,-0.00000e+00,8.60000e-01,
2.9003277e-01,-0.00000e+00,8.60000e-01,
2.9017925e-01,2.00001e-01,8.60000e-01,
2.9032573e-01,-0.00000e+00,8.60000e-01,
2.9047221e-01,5.00000e+00,7.80000e-01,
2.9061869e-01,-0.00000e+00,8.60000e-01,
2.9076517e-01,-0.00000e+00,8.40000e-01,
2.9091164e-01,-0.00000e+00,8.60000e-01,
2.9105812e-01,2.00001e-01,8.60000e-01,
2.9120460e-01,-0.00000e+00,8.60000e-01,
2.9135108e-01,2.00001e-01,8.60000e-01,
2.9149756e-01,-0.00000e+00,8.60000e-01,
2.9164404e-01,-0.00000e+00,8.60000e-01,
2.9179052e-01,-0.00000e+00,8.60000e-01,
2.9193699e-01,-0.00000e+00,8.60000e-01,
2.9208347e-01,-0.00000e+00,8.60000e-01,
2.9222995e-01,-0.00000e+00,8.60000e-01,
2.9237643e-01,-0.00000e+00,8.60000e-01,
2.9252291e-01,-0.00000e+00,8.60000e-01,
2.9266939e-01,-0.00000e+00,8.60000e-01,
2.9281586e-01,2.00001e-01,8.60000e-01,
2.9296234e-01,-0.00000e+00,8.60000e-01,
2.9310882e-01,-0.00000e+00,8.60000e-01,
2.9325530e-01,-0.00000e+00,8.40000e-01,
2.9340178e-01,-0.00000e+00,8.40000e-01,
2.9354826e-01,-0.00000e+00,8.40000e-01,
2.9369473e-01,-0.00000e+00,8.40000e-01,
2.9384121e-01,-0.00000e+00,8.60000e-01,
2.9398769e-01,-0.00000e+00,8.60000e-01,
2.9413417e-01,-0.00000e+00,8.40000e-01,
2.9428065e-01,-0.00000e+00,8.40000e-01,
2.9442713e-01,-0.00000e+00,8.40000e-01,
2.9457361e-01,-0.00000e+00,8.40000e-01,
2.9472008e-01,-0.00000e+00,8.40000e-01,
2.9486656e-01,-0.00000e+00,8.40000e-01,
2.9501304e-01,-0.00000e+00,8.40000e-01,
2.9515952e-01,-0.00000e+00,8.40000e-01,
2.9530600e-01,-0.00000e+00,8.40000e-01,
2.9545248e-01,-0.00000e+00,8.40000e-01,
2.9559895e-01,-0.00000e+00,8.40000e-01,
2.9574543e-01,-0.00000e+00,8.40000e-01,
2.9589191e-01,-0.00000e+00,8.40000e-01,
2.9603839e-01,2.00001e-01,8.40000e-01,
2.9618487e-01,-0.00000e+00,8.40000e-01,
2.9633135e-01,-0.00000e+00,8.40000e-01,
2.9647782e-01,-0.00000e+00,8.20000e-01,
2.9662430e-01,2.00001e-01,8.60000e-01,
2.9677078e-01,-0.00000e+00,8.40000e-01,
2.9691726e-01,-0.00000e+00,8.40000e-01,
2.9706374e-01,2.00001e-01,8.40000e-01,
2.9721022e-01,-0.00000e+00,8.40000e-01,
2.9735669e-01,-0.00000e+00,8.40000e-01,
2.9750317e-01,-0.00000e+00,8.40000e-01,
2.9764965e-01,-0.00000e+00,8.20000e-01,
2.9779613e-01,-0.00000e+00,8.40000e-01,
2.9794261e-01,2.00001e-01,8.20000e-01,
2.9808909e-01,2.00001e-01,8.40000e-01,
2.9823557e-01,-0.00000e+00,8.40000e-01,
2.9838204e-01,-0.00000e+00,8.20000e-01,
2.9852852e-01,2.00001e-01,8.20000e-01,
2.9867500e-01,-0.00000e+00,8.40000e-01,
2.9882148e-01,-0.00000e+00,7.80000e-01,
2.9896796e-01,-0.00000e+00,8.40000e-01,
2.9911444e-01,-0.00000e+00,8.20000e-01,
2.9926091e-01,-0.00000e+00,8.40000e-01,
2.9940739e-01,-0.00000e+00,8.20000e-01,
2.9955387e-01,2.00001e-01,8.40000e-01,
2.9970035e-01,2.00001e-01,8.40000e-01,
2.9984683e-01,2.00001e-01,8.40000e-01,
2.9999331e-01,-0.00000e+00,8.40000e-01,
3.0013978e-01,-0.00000e+00,7.80000e-01,
3.0028626e-01,2.00001e-01,8.20000e-01,
3.0043274e-01,-0.00000e+00,7.80000e-01,
3.0057922e-01,-0.00000e+00,8.40000e-01,
3.0072570e-01,-0.00000e+00,7.80000e-01,
3.0087218e-01,2.00001e-01,8.20000e-01,
3.0101866e-01,-0.00000e+00,8.20000e-01,
3.0116513e-01,2.00001e-01,7.80000e-01,
3.0131161e-01,-0.00000e+00,7.80000e-01,
3.0145809e-01,2.00001e-01,8.40000e-01,
3.0160457e-01,-0.00000e+00,8.20000e-01,
3.0175105e-01,2.00001e-01,8.20000e-01,
3.0189753e-01,-0.00000e+00,8.20000e-01,
3.0204400e-01,-0.00000e+00,8.20000e-01,
3.0219048e-01,-0.00000e+00,7.80000e-01,
3.0233696e-01,-0.00000e+00,7.80000e-01,
3.0248344e-01,-0.00000e+00,7.80000e-01,
3.0262992e-01,2.00001e-01,8.20000e-01,
3.0277640e-01,-0.00000e+00,7.80000e-01,
3.0292287e-01,-0.00000e+00,7.80000e-01,
3.0306935e-01,2.00001e-01,7.80000e-01,
3.0321583e-01,-0.00000e+00,7.80000e-01,
3.0336231e-01,-0.00000e+00,7.80000e-01,
3.0350879e-01,-0.00000e+00,7.80000e-01,
3.0365527e-01,-0.00000e+00,7.80000e-01,
3.0380175e-01,2.00001e-01,7.80000e-01,
3.0394822e-01,-0.00000e+00,7.80000e-01,
3.0409470e-01,-0.00000e+00,7.80000e-01,
3.0424118e-01,2.00001e-01,7.80000e-01,
3.0438766e-01,-0.00000e+00,7.80000e-01,
3.0453414e-01,2.00001e-01,7.80000e-01,
3.0468062e-01,-0.00000e+00,7.80000e-01,
3.0482709e-01,2.00001e-01,7.80000e-01,
3.0497357e-01,-0.00000e+00,7.80000e-01,
3.0512005e-01,-0.00000e+00,7.80000e-01,
3.0526653e-01,-0.00000e+00,7.80000e-01,
3.0541301e-01,-0.00000e+00,7.80000e-01,
3.0555949e-01,-0.00000e+00,7.80000e-01,
3.0570596e-01,-0.00000e+00,7.80000e-01,
3.0585244e-01,-0.00000e+00,7.80000e-01,
3.0599892e-01,2.00001e-01,7.80000e-01,
3.0614540e-01,-0.00000e+00,7.80000e-01,
3.0629188e-01,-0.00000e+00,7.80000e-01,
3.0643836e-01,-0.00000e+00,7.80000e-01,
3.0658484e-01,-0.00000e+00,7.80000e-01,
3.0673131e-01,2.00001e-01,7.80000e-01,
3.0687779e-01,-0.00000e+00,7.80000e-01,
3.0702427e-01,-0.00000e+00,7.80000e-01,
3.0717075e-01,-0.00000e+00,7.80000e-01,
3.0731723e-01,2.00001e-01,7.80000e-01,
3.0746371e-01,2.00001e-01,7.80000e-01,
3.0761018e-01,-0.00000e+00,7.80000e-01,
3.0775666e-01,2.00001e-01,7.80000e-01,
3.0790314e-01,2.00001e-01,7.80000e-01,
3.0804962e-01,-0.00000e+00,7.80000e-01,
3.0819610e-01,-0.00000e+00,7.80000e-01,
3.0834258e-01,-0.00000e+00,7.80000e-01,
3.0848905e-01,-0.00000e+00,7.80000e-01,
3.0863553e-01,2.00001e-01,7.80000e-01,
3.0878201e-01,-0.00000e+00,7.80000e-01,
3.0892849e-01,-0.00000e+00,7.80000e-01,
3.0907497e-01,-0.00000e+00,7.80000e-01,
3.0922145e-01,-0.00000e+00,7.80000e-01,
3.0936792e-01,-0.00000e+00,7.80000e-01,
3.0951440e-01,-0.00000e+00,7.80000e-01,
3.0966088e-01,2.00001e-01,7.80000e-01,
3.0980736e-01,-0.00000e+00,7.80000e-01,
3.0995384e-01,2.00001e-01,7.80000e-01,
3.1010032e-01,-0.00000e+00,7.80000e-01,
3.1024680e-01,2.00001e-01,7.80000e-01,
3.1039327e-01,2.00001e-01,7.80000e-01,
3.1053975e-01,-0.00000e+00,7.80000e-01,
3.1068623e-01,-0.00000e+00,7.60000e-01,
3.1083271e-01,-0.00000e+00,7.60000e-01,
3.1097919e-01,-0.00000e+00,7.80000e-01,
3.1112567e-01,2.00001e-01,7.80000e-01,
3.1127214e-01,2.00001e-01,7.80000e-01,
3.1141862e-01,-0.00000e+00,7.80000e-01,
3.1156510e-01,-0.00000e+00,7.60000e-01,
3.1171158e-01,-0.00000e+00,7.80000e-01,
3.1185806e-01,-0.00000e+00,7.80000e-01,
3.1200454e-01,-0.00000e+00,7.60000e-01,
3.1215101e-01,-0.00000e+00,7.40000e-01,
3.1229749e-01,-0.00000e+00,7.80000e-01,
3.1244397e-01,-0.00000e+00,7.60000e-01,
3.1259045e-01,-0.00000e+00,7.80000e-01,
3.1273693e-01,-0.00000e+00,7.80000e-01,
3.1288341e-01,2.00001e-01,7.60000e-01,
3.1302989e-01,-0.00000e+00,7.60000e-01,
3.1317636e-01,-0.00000e+00,7.80000e-01,
3.1332284e-01,-0.00000e+00,7.60000e-01,
3.1346932e-01,-0.00000e+00,7.60000e-01,
3.1361580e-01,2.00001e-01,7.60000e-01,
3.1376228e-01,-0.00000e+00,7.60000e-01,
3.1390876e-01,-0.00000e+00,7.60000e-01,
3.1405523e-01,-0.00000e+00,7.60000e-01,
3.1420171e-01,2.00001e-01,7.60000e-01,
3.1434819e-01,-0.00000e+00,7.60000e-01,
3.1449467e-01,2.00001e-01,7.60000e-01,
3.1464115e-01,-0.00000e+00,7.60000e-01,
3.1478763e-01,-0.00000e+00,7.60000e-01,
3.1493410e-01,-0.00000e+00,7.60000e-01,
3.1508058e-01,2.00001e-01,7.40000e-01,
3.1522706e-01,-0.00000e+00,7.60000e-01,
3.1537354e-01,2.00001e-01,7.60000e-01,
3.1552002e-01,-0.00000e+00,7.40000e-01,
3.1566650e-01,-0.00000e+00,7.40000e-01,
3.1581298e-01,-0.00000e+00,7.40000e-01,
3.1595945e-01,-0.00000e+00,7.60000e-01,
3.1610593e-01,-0.00000e+00,7.60000e-01,
3.1625241e-01,-0.00000e+00,7.60000e-01,
3.1639889e-01,-0.00000e+00,7.60000e-01,
3.1654537e-01,-0.00000e+00,7.40000e-01,
3.1669185e-01,-0.00000e+00,7.40000e-01,
3.1683832e-01,-0.00000e+00,7.40000e-01,
3.1698480e-01,-0.00000e+00,7.60000e-01,
3.1713128e-01,-0.00000e+00,7.40000e-01,
3.1727776e-01,-0.00000e+00,7.40000e-01,
3.1742424e-01,-0.00000e+00,7.60000e-01,
3.1757072e-01,-0.00000e+00,7.60000e-01,
3.1771719e-01,2.00001e-01,7.40000e-01,
3.1786367e-01,2.00001e-01,7.40000e-01,
3.1801015e-01,-0.00000e+00,7.60000e-01,
3.1815663e-01,2.00001e-01,7.40000e-01,
3.1830311e-01,-0.00000e+00,7.40000e-01,
3.1844959e-01,-0.00000e+00,7.40000e-01,
3.1859607e-01,-0.00000e+00,7.40000e-01,
3.1874254e-01,-0.00000e+00,7.40000e-01,
3.1888902e-01,-0.00000e+00,7.40000e-01,
3.1903550e-01,-0.00000e+00,7.40000e-01,
3.1918198e-01,2.00001e-01,7.40000e-01,
3.1932846e-01,-0.00000e+00,7.40000e-01,
3.1947494e-01,-0.00000e+00,7.40000e-01,
3.1962141e-01,-0.00000e+00,7.40000e-01,
3.1976789e-01,-0.00000e+00,7.40000e-01,
3.1991437e-01,-0.00000e+00,7.20000e-01,
3.2006085e-01,-0.00000e+00,7.40000e-01,
3.2020733e-01,-0.00000e+00,7.40000e-01,
3.2035381e-01,-0.00000e+00,7.40000e-01,
3.2050028e-01,-0.00000e+00,7.40000e-01,
3.2064676e-01,-0.00000e+00,7.40000e-01,
3.2079324e-01,2.00001e-01,7.40000e-01,
3.2093972e-01,2.00001e-01,7.40000e-01,
3.2108620e-01,-0.00000e+00,7.40000e-01,
3.2123268e-01,-0.00000e+00,7.40000e-01,
3.2137915e-01,2.00001e-01,7.40000e-01,
3.2152563e-01,-0.00000e+00,7.40000e-01,
3.2167211e-01,2.00001e-01,7.40000e-01,
3.2181859e-01,2.00001e-01,7.40000e-01,
3.2196507e-01,2.00001e-01,7.40000e-01,
3.2211155e-01,2.00001e-01,7.20000e-01,
3.2225803e-01,2.00001e-01,7.40000e-01,
3.2240450e-01,2.00001e-01,7.20000e-01,
3.2255098e-01,2.00001e-01,7.20000e-01,
3.2269746e-01,-0.00000e+00,7.20000e-01,
3.2284394e-01,2.00001e-01,7.20000e-01,
3.2299042e-01,-0.00000e+00,7.40000e-01,
3.2313690e-01,-0.00000e+00,7.20000e-01,
3.2328337e-01,2.00001e-01,7.20000e-01,
3.2342985e-01,-0.00000e+00,7.20000e-01,
3.2357633e-01,-0.00000e+00,7.20000e-01,
3.2372281e-01,2.00001e-01,7.20000e-01,
3.2386929e-01,-0.00000e+00,7.20000e-01,
3.2401577e-01,2.00001e-01,7.40000e-01,
3.2416224e-01,2.00001e-01,7.20000e-01,
3.2430872e-01,2.00001e-01,7.20000e-01,
3.2445520e-01,2.00001e-01,7.20000e-01,
3.2460168e-01,-0.00000e+00,7.20000e-01,
3.2474816e-01,-0.00000e+00,7.20000e-01,
3.2489464e-01,2.00001e-01,7.20000e-01,
3.2504112e-01,-0.00000e+00,7.20000e-01,
3.2518759e-01,2.00001e-01,7.00000e-01,
3.2533407e-01,-0.00000e+00,7.20000e-01,
3.2548055e-01,-0.00000e+00,7.20000e-01,
3.2562703e-01,2.00001e-01,7.00000e-01,
3.2577351e-01,-0.00000e+00,7.00000e-01,
3.2591999e-01,-0.00000e+00,7.00000e-01,
3.2606646e-01,-0.00000e+00,7.00000e-01,
3.2621294e-01,2.00001e-01,7.00000e-01,
3.2635942e-01,-0.00000e+00,7.00000e-01,
3.2650590e-01,-0.00000e+00,7.00000e-01,
3.2665238e-01,-0.00000e+00,7.00000e-01,
3.2679886e-01,-0.00000e+00,7.00000e-01,
3.2694533e-01,-0.00000e+00,7.00000e-01,
3.2709181e-01,2.00001e-01,7.00000e-01,
3.2723829e-01,2.00001e-01,7.00000e-01,
3.2738477e-01,-0.00000e+00,7.00000e-01,
3.2753125e-01,2.00001e-01,7.00000e-01,
3.2767773e-01,-0.00000e+00,7.00000e-01,
3.2782421e-01,-0.00000e+00,7.00000e-01,
3.2797068e-01,-0.00000e+00,7.00000e-01,
3.2811716e-01,-0.00000e+00,7.00000e-01,
3.2826364e-01,-0.00000e+00,7.00000e-01,
3.2841012e-01,-0.00000e+00,7.00000e-01,
3.2855660e-01,2.00001e-01,7.00000e-01,
3.2870308e-01,-0.00000e+00,7.00000e-01,
3.2884955e-01,-0.00000e+00,7.00000e-01,
3.2899603e-01,-0.00000e+00,7.00000e-01,
3.2914251e-01,-0.00000e+00,7.00000e-01,
3.2928899e-01,-0.00000e+00,7.00000e-01,
3.2943547e-01,-0.00000e+00,7.00000e-01,
3.2958195e-01,-0.00000e+00,7.00000e-01,
3.2972842e-01,-0.00000e+00,7.00000e-01,
3.2987490e-01,-0.00000e+00,7.00000e-01,
3.3002138e-01,-0.00000e+00,7.00000e-01,
3.3016786e-01,-0.00000e+00,7.00000e-01,
3.3031434e-01,-0.00000e+00,7.00000e-01,
3.3046082e-01,-0.00000e+00,7.00000e-01,
3.3060730e-01,-0.00000e+00,7.00000e-01,
3.3075377e-01,2.00001e-01,7.00000e-01,
3.3090025e-01,-0.00000e+00,7.00000e-01,
3.3104673e-01,-0.00000e+00,7.00000e-01,
3.3119321e-01,-0.00000e+00,7.00000e-01,
3.3133969e-01,2.00001e-01,7.00000e-01,
3.3148617e-01,-0.00000e+00,7.00000e-01,
3.3163264e-01,-0.00000e+00,7.00000e-01,
3.3177912e-01,-0.00000e+00,7.00000e-01,
3.3192560e-01,2.00001e-01,7.00000e-01,
3.3207208e-01,-0.00000e+00,7.00000e-01,
3.3221856e-01,2.00001e-01,7.00000e-01,
3.3236504e-01,2.00001e-01,7.00000e-01,
3.3251151e-01,2.00001e-01,6.80000e-01,
3.3265799e-01,-0.00000e+00,7.00000e-01,
3.3280447e-01,-0.00000e+00,7.00000e-01,
3.3295095e-01,2.00001e-01,7.00000e-01,
3.3309743e-01,-0.00000e+00,7.00000e-01,
3.3324391e-01,2.00001e-01,7.00000e-01,
3.3339038e-01,-0.00000e+00,7.00000e-01,
3.3353686e-01,-0.00000e+00,7.00000e-01,
3.3368334e-01,2.00001e-01,7.00000e-01,
3.3382982e-01,-0.00000e+00,7.00000e-01,
3.3397630e-01,-0.00000e+00,7.00000e-01,
3.3412278e-01,-0.00000e+00,6.80000e-01,
3.3426926e-01,-0.00000e+00,7.00000e-01,
3.3441573e-01,2.00001e-01,6.80000e-01,
3.3456221e-01,-0.00000e+00,7.00000e-01,
3.3470869e-01,-0.00000e+00,6.80000e-01,
3.3485517e-01,-0.00000e+00,6.80000e-01,
3.3500165e-01,2.00001e-01,6.80000e-01,
3.3514813e-01,-0.00000e+00,7.00000e-01,
3.3529460e-01,-0.00000e+00,7.00000e-01,
3.3544108e-01,-0.00000e+00,6.80000e-01,
3.3558756e-01,-0.00000e+00,7.00000e-01,
3.3573404e-01,-0.00000e+00,7.00000e-01,
3.3588052e-01,-0.00000e+00,7.00000e-01,
3.3602700e-01,-0.00000e+00,6.60000e-01,
3.3617347e-01,-0.00000e+00,7.00000e-01,
3.3631995e-01,-0.00000e+00,6.80000e-01,
3.3646643e-01,-0.00000e+00,6.80000e-01,
3.3661291e-01,-0.00000e+00,6.80000e-01,
3.3675939e-01,-0.00000e+00,6.80000e-01,
3.3690587e-01,-0.00000e+00,6.80000e-01,
3.3705235e-01,-0.00000e+00,6.80000e-01,
3.3719882e-01,-0.00000e+00,6.80000e-01,
3.3734530e-01,-0.00000e+00,7.00000e-01,
3.3749178e-01,-0.00000e+00,6.80000e-01,
3.3763826e-01,-0.00000e+00,6.80000e-01,
3.3778474e-01,-0.00000e+00,7.00000e-01,
3.3793122e-01,-0.00000e+00,6.80000e-01,
3.3807769e-01,-0.00000e+00,6.80000e-01,
3.3822417e-01,-0.00000e+00,6.80000e-01,
3.3837065e-01,2.00001e-01,6.80000e-01,
3.3851713e-01,-0.00000e+00,6.80000e-01,
3.3866361e-01,-0.00000e+00,6.80000e-01,
3.3881009e-01,-0.00000e+00,6.80000e-01,
3.3895656e-01,-0.00000e+00,6.80000e-01,
3.3910304e-01,-0.00000e+00,6.80000e-01,
3.3924952e-01,2.00001e-01,6.80000e-01,
3.3939600e-01,-0.00000e+00,6.80000e-01,
3.3954248e-01,-0.00000e+00,6.60000e-01,
3.3968896e-01,-0.00000e+00,6.60000e-01,
3.3983544e-01,-0.00000e+00,6.60000e-01,
3.3998191e-01,-0.00000e+00,6.80000e-01,
3.4012839e-01,-0.00000e+00,6.80000e-01,
3.4027487e-01,-0.00000e+00,6.60000e-01,
3.4042135e-01,-0.00000e+00,6.80000e-01,
3.4056783e-01,-0.00000e+00,6.80000e-01,
3.4071431e-01,-0.00000e+00,6.80000e-01,
3.4086078e-01,-0.00000e+00,6.60000e-01,
3.4100726e-01,2.00001e-01,6.80000e-01,
3.4115374e-01,-0.00000e+00,6.60000e-01,
3.4130022e-01,-0.00000e+00,6.80000e-01,
3.4144670e-01,-0.00000e+00,6.60000e-01,
3.4159318e-01,-0.00000e+00,6.60000e-01,
3.4173965e-01,2.00001e-01,6.60000e-01,
3.4188613e-01,-0.00000e+00,6.60000e-01,
3.4203261e-01,-0.00000e+00,6.60000e-01,
3.4217909e-01,-0.00000e+00,6.60000e-01,
3.4232557e-01,-0.00000e+00,6.60000e-01,
3.4247205e-01,-0.00000e+00,6.60000e-01,
3.4261853e-01,-0.00000e+00,6.60000e-01,
3.4276500e-01,-0.00000e+00,6.60000e-01,
3.4291148e-01,-0.00000e+00,6.60000e-01,
3.4305796e-01,2.00001e-01,6.60000e-01,
3.4320444e-01,-0.00000e+00,6.60000e-01,
3.4335092e-01,-0.00000e+00,6.60000e-01,
3.4349740e-01,-0.00000e+00,6.60000e-01,
3.4364387e-01,-0.00000e+00,6.60000e-01,
3.4379035e-01,-0.00000e+00,6.60000e-01,
3.4393683e-01,2.00001e-01,6.60000e-01,
3.4408331e-01,-0.00000e+00,6.60000e-01,
3.4422979e-01,-0.00000e+00,6.60000e-01,
3.4437627e-01,-0.00000e+00,6.60000e-01,
3.4452274e-01,2.00001e-01,6.60000e-01,
3.4466922e-01,2.00001e-01,6.40000e-01,
3.4481570e-01,2.00001e-01,6.60000e-01,
3.4496218e-01,2.00001e-01,6.40000e-01,
3.4510866e-01,-0.00000e+00,6.60000e-01,
3.4525514e-01,5.00000e+00,6.20000e-01,
3.4540161e-01,-0.00000e+00,6.40000e-01,
3.4554809e-01,2.00001e-01,6.60000e-01,
3.4569457e-01,-0.00000e+00,6.40000e-01,
3.4584105e-01,2.00001e-01,6.60000e-01,
3.4598753e-01,2.00001e-01,6.60000e-01,
3.4613401e-01,-0.00000e+00,6.40000e-01,
3.4628049e-01,-0.00000e+00,6.20000e-01,
3.4642696e-01,-0.00000e+00,6.40000e-01,
3.4657344e-01,-0.00000e+00,6.40000e-01,
3.4671992e-01,-0.00000e+00,6.60000e-01,
3.4686640e-01,2.00001e-01,6.60000e-01,
3.4701288e-01,2.00001e-01,6.40000e-01,
3.4715936e-01,-0.00000e+00,6.40000e-01,
3.4730583e-01,-0.00000e+00,6.60000e-01,
3.4745231e-01,-0.00000e+00,6.20000e-01,
3.4759879e-01,2.00001e-01,6.60000e-01,
3.4774527e-01,2.00001e-01,6.60000e-01,
3.4789175e-01,-0.00000e+00,6.20000e-01,
3.4803823e-01,-0.00000e+00,6.40000e-01,
3.4818470e-01,2.00001e-01,6.40000e-01,
3.4833118e-01,-0.00000e+00,6.20000e-01,
3.4847766e-01,-0.00000e+00,6.20000e-01,
3.4862414e-01,-0.00000e+00,6.60000e-01,
3.4877062e-01,2.00001e-01,6.60000e-01,
3.4891710e-01,-0.00000e+00,6.40000e-01,
3.4906358e-01,-0.00000e+00,6.40000e-01,
3.4921005e-01,2.00001e-01,6.20000e-01,
3.4935653e-01,-0.00000e+00,6.40000e-01,
3.4950301e-01,-0.00000e+00,6.60000e-01,
3.4964949e-01,-0.00000e+00,6.60000e-01,
3.4979597e-01,-0.00000e+00,6.40000e-01,
3.4994245e-01,-0.00000e+00,6.20000e-01,
3.5008892e-01,-0.00000e+00,6.20000e-01,
3.5023540e-01,-0.00000e+00,6.20000e-01,
3.5038188e-01,-0.00000e+00,6.40000e-01,
3.5052836e-01,-0.00000e+00,6.40000e-01,
3.5067484e-01,-0.00000e+00,6.40000e-01,
3.5082132e-01,-0.00000e+00,6.20000e-01,
3.5096779e-01,-0.00000e+00,6.20000e-01,
3.5111427e-01,-0.00000e+00,6.20000e-01,
3.5126075e-01,-0.00000e+00,6.20000e-01,
3.5140723e-01,-0.00000e+00,6.20000e-01,
3.5155371e-01,2.00001e-01,6.40000e-01,
3.5170019e-01,2.00001e-01,6.20000e-01,
3.5184667e-01,2.00001e-01,6.20000e-01,
3.5199314e-01,-0.00000e+00,6.20000e-01,
3.5213962e-01,-0.00000e+00,6.20000e-01,
3.5228610e-01,-0.00000e+00,6.20000e-01,
3.5243258e-01,-0.00000e+00,6.20000e-01,
3.5257906e-01,-0.00000e+00,6.20000e-01,
3.5272554e-01,-0.00000e+00,6.20000e-01,
3.5287201e-01,-0.00000e+00,6.20000e-01,
3.5301849e-01,-0.00000e+00,6.20000e-01,
3.5316497e-01,-0.00000e+00,6.20000e-01,
3.5331145e-01,-0.00000e+00,6.20000e-01,
3.5345793e-01,-0.00000e+00,6.20000e-01,
3.5360441e-01,-0.00000e+00,6.20000e-01,
3.5375088e-01,2.00001e-01,6.20000e-01,
3.5389736e-01,-0.00000e+00,6.20000e-01,
3.5404384e-01,-0.00000e+00,6.20000e-01,
3.5419032e-01,-0.00000e+00,6.20000e-01,
3.5433680e-01,-0.00000e+00,6.20000e-01,
3.5448328e-01,-0.00000e+00,6.20000e-01,
3.5462976e-01,-0.00000e+00,6.20000e-01,
3.5477623e-01,-0.00000e+00,6.20000e-01,
3.5492271e-01,-0.00000e+00,6.20000e-01,
3.5506919e-01,-0.00000e+00,6.20000e-01,
3.5521567e-01,-0.00000e+00,6.20000e-01,
3.5536215e-01,-0.00000e+00,6.20000e-01,
3.5550863e-01,-0.00000e+00,6.00000e-01,
3.5565510e-01,2.00001e-01,6.20000e-01,
3.5580158e-01,-0.00000e+00,6.20000e-01,
3.5594806e-01,-0.00000e+00,6.20000e-01,
3.5609454e-01,-0.00000e+00,6.20000e-01,
3.5624102e-01,-0.00000e+00,6.20000e-01,
3.5638750e-01,-0.00000e+00,6.20000e-01,
3.5653397e-01,-0.00000e+00,6.20000e-01,
3.5668045e-01,-0.00000e+00,6.20000e-01,
3.5682693e-01,-0.00000e+00,6.00000e-01,
3.5697341e-01,-0.00000e+00,6.00000e-01,
3.5711989e-01,-0.00000e+00,6.00000e-01,
3.5726637e-01,-0.00000e+00,6.00000e-01,
3.5741284e-01,-0.00000e+00,6.60000e-01,
3.5755932e-01,-0.00000e+00,6.20000e-01,
3.5770580e-01,-0.00000e+00,6.00000e-01,
3.5785228e-01,2.00001e-01,6.20000e-01,
3.5799876e-01,-0.00000e+00,6.20000e-01,
3.5814524e-01,-0.00000e+00,6.00000e-01,
3.5829172e-01,-0.00000e+00,6.20000e-01,
3.5843819e-01,-0.00000e+00,6.00000e-01,
3.5858467e-01,-0.00000e+00,6.00000e-01,
3.5873115e-01,-0.00000e+00,6.00000e-01,
3.5887763e-01,-0.00000e+00,6.00000e-01,
3.5902411e-01,2.00001e-01,6.20000e-01,
3.5917059e-01,2.00001e-01,6.00000e-01,
3.5931706e-01,-0.00000e+00,6.00000e-01,
3.5946354e-01,-0.00000e+00,6.00000e-01,
3.5961002e-01,-0.00000e+00,6.20000e-01,
3.5975650e-01,-0.00000e+00,6.00000e-01,
3.5990298e-01,-0.00000e+00,6.00000e-01,
3.6004946e-01,-0.00000e+00,6.00000e-01,
3.6019593e-01,-0.00000e+00,6.00000e-01,
3.6034241e-01,-0.00000e+00,6.00000e-01,
3.6048889e-01,-0.00000e+00,6.00000e-01,
3.6063537e-01,-0.00000e+00,6.00000e-01,
3.6078185e-01,-0.00000e+00,6.00000e-01,
3.6092833e-01,-0.00000e+00,6.00000e-01,
3.6107481e-01,2.00001e-01,6.00000e-01,
3.6122128e-01,-0.00000e+00,6.00000e-01,
3.6136776e-01,-0.00000e+00,6.00000e-01,
3.6151424e-01,2.00001e-01,6.00000e-01,
3.6166072e-01,2.00001e-01,6.00000e-01,
3.6180720e-01,-0.00000e+00,6.00000e-01,
3.6195368e-01,-0.00000e+00,6.00000e-01,
3.6210015e-01,-0.00000e+00,6.00000e-01,
3.6224663e-01,-0.00000e+00,6.00000e-01,
3.6239311e-01,-0.00000e+00,6.00000e-01,
3.6253959e-01,-0.00000e+00,6.00000e-01,
3.6268607e-01,-0.00000e+00,6.00000e-01,
3.6283255e-01,-0.00000e+00,5.80000e-01,
3.6297902e-01,2.00001e-01,6.00000e-01,
3.6312550e-01,-0.00000e+00,6.00000e-01,
3.6327198e-01,-0.00000e+00,5.80000e-01,
3.6341846e-01,-0.00000e+00,5.80000e-01,
3.6356494e-01,-0.00000e+00,6.00000e-01,
3.6371142e-01,-0.00000e+00,6.00000e-01,
3.6385790e-01,-0.00000e+00,5.80000e-01,
3.6400437e-01,2.00001e-01,5.80000e-01,
3.6415085e-01,-0.00000e+00,6.00000e-01,
3.6429733e-01,-0.00000e+00,5.80000e-01,
3.6444381e-01,-0.00000e+00,6.00000e-01,
3.6459029e-01,-0.00000e+00,5.80000e-01,
3.6473677e-01,-0.00000e+00,6.20000e-01,
3.6488324e-01,-0.00000e+00,6.00000e-01,
3.6502972e-01,-0.00000e+00,5.80000e-01,
3.6517620e-01,-0.00000e+00,5.80000e-01,
3.6532268e-01,-0.00000e+00,5.80000e-01,
3.6546916e-01,-0.00000e+00,6.00000e-01,
3.6561564e-01,-0.00000e+00,5.80000e-01,
3.6576211e-01,-0.00000e+00,6.00000e-01,
3.6590859e-01,-0.00000e+00,5.80000e-01,
3.6605507e-01,2.00001e-01,6.00000e-01,
3.6620155e-01,-0.00000e+00,5.80000e-01,
3.6634803e-01,2.00001e-01,5.80000e-01,
3.6649451e-01,-0.00000e+00,5.80000e-01,
3.6664099e-01,-0.00000e+00,6.00000e-01,
3.6678746e-01,-0.00000e+00,5.80000e-01,
3.6693394e-01,2.00001e-01,5.80000e-01,
3.6708042e-01,-0.00000e+00,6.00000e-01,
3.6722690e-01,-0.00000e+00,5.80000e-01,
3.6737338e-01,-0.00000e+00,5.80000e-01,
3.6751986e-01,-0.00000e+00,5.80000e-01,
3.6766633e-01,-0.00000e+00,5.80000e-01,
3.6781281e-01,-0.00000e+00,5.80000e-01,
3.6795929e-01,-0.00000e+00,5.80000e-01,
3.6810577e-01,-0.00000e+00,5.80000e-01,
3.6825225e-01,-0.00000e+00,5.80000e-01,
3.6839873e-01,-0.00000e+00,5.80000e-01,
3.6854520e-01,2.00001e-01,5.80000e-01,
3.6869168e-01,-0.00000e+00,5.80000e-01,
3.6883816e-01,-0.00000e+00,5.80000e-01,
3.6898464e-01,-0.00000e+00,5.80000e-01,
3.6913112e-01,-0.00000e+00,5.80000e-01,
3.6927760e-01,-0.00000e+00,5.80000e-01,
3.6942407e-01,-0.00000e+00,5.80000e-01,
3.6957055e-01,-0.00000e+00,5.80000e-01,
3.6971703e-01,-0.00000e+00,5.80000e-01,
3.6986351e-01,-0.00000e+00,5.80000e-01,
3.7000999e-01,2.00001e-01,5.80000e-01,
3.7015647e-01,-0.00000e+00,5.80000e-01,
3.7030295e-01,-0.00000e+00,5.80000e-01,
3.7044942e-01,5.00000e+00,5.40000e-01,
3.7059590e-01,-0.00000e+00,5.80000e-01,
3.7074238e-01,2.00001e-01,5.80000e-01,
3.7088886e-01,-0.00000e+00,5.80000e-01,
3.7103534e-01,-0.00000e+00,5.80000e-01,
3.7118182e-01,-0.00000e+00,5.80000e-01,
3.7132829e-01,-0.00000e+00,5.80000e-01,
3.7147477e-01,-0.00000e+00,5.80000e-01,
3.7162125e-01,-0.00000e+00,5.80000e-01,
3.7176773e-01,-0.00000e+00,5.60000e-01,
3.7191421e-01,-0.00000e+00,5.60000e-01,
3.7206069e-01,-0.00000e+00,5.40000e-01,
3.7220716e-01,-0.00000e+00,5.60000e-01,
3.7235364e-01,-0.00000e+00,5.80000e-01,
3.7250012e-01,-0.00000e+00,5.60000e-01,
3.7264660e-01,-0.00000e+00,5.80000e-01,
3.7279308e-01,-0.00000e+00,5.80000e-01,
3.7293956e-01,-0.00000e+00,5.60000e-01,
3.7308604e-01,-0.00000e+00,5.60000e-01,
3.7323251e-01,-0.00000e+00,5.60000e-01,
3.7337899e-01,2.00001e-01,5.60000e-01,
3.7352547e-01,-0.00000e+00,5.80000e-01,
3.7367195e-01,-0.00000e+00,5.80000e-01,
3.7381843e-01,-0.00000e+00,5.60000e-01,
3.7396491e-01,2.00001e-01,5.60000e-01,
3.7411138e-01,-0.00000e+00,5.40000e-01,
3.7425786e-01,-0.00000e+00,5.60000e-01,
3.7440434e-01,2.00001e-01,5.60000e-01,
3.7455082e-01,2.00001e-01,5.60000e-01,
3.7469730e-01,2.00001e-01,5.60000e-01,
3.7484378e-01,-0.00000e+00,5.60000e-01,
3.7499025e-01,2.00001e-01,5.40000e-01,
3.7513673e-01,-0.00000e+00,5.40000e-01,
3.7528321e-01,-0.00000e+00,5.60000e-01,
3.7542969e-01,2.00001e-01,5.60000e-01,
3.7557617e-01,-0.00000e+00,5.40000e-01,
3.7572265e-01,-0.00000e+00,5.40000e-01,
3.7586913e-01,-0.00000e+00,5.40000e-01,
3.7601560e-01,2.00001e-01,5.40000e-01,
3.7616208e-01,2.00001e-01,5.60000e-01,
3.7630856e-01,-0.00000e+00,5.60000e-01,
3.7645504e-01,-0.00000e+00,5.40000e-01,
3.7660152e-01,2.00001e-01,5.40000e-01,
3.7674800e-01,-0.00000e+00,5.60000e-01,
3.7689447e-01,-0.00000e+00,5.40000e-01,
3.7704095e-01,2.00001e-01,5.40000e-01,
3.7718743e-01,-0.00000e+00,5.40000e-01,
3.7733391e-01,2.00001e-01,5.60000e-01,
3.7748039e-01,-0.00000e+00,5.60000e-01,
3.7762687e-01,-0.00000e+00,5.40000e-01,
3.7777334e-01,2.00001e-01,5.40000e-01,
3.7791982e-01,2.00001e-01,5.40000e-01,
3.7806630e-01,2.00001e-01,5.40000e-01,
3.7821278e-01,2.00001e-01,5.40000e-01,
3.7835926e-01,-0.00000e+00,5.40000e-01,
3.7850574e-01,-0.00000e+00,5.40000e-01,
3.7865222e-01,-0.00000e+00,5.40000e-01,
3.7879869e-01,-0.00000e+00,5.40000e-01,
3.7894517e-01,-0.00000e+00,5.40000e-01,
3.7909165e-01,-0.00000e+00,5.40000e-01,
3.7923813e-01,-0.00000e+00,5.40000e-01,
3.7938461e-01,-0.00000e+00,5.40000e-01,
3.7953109e-01,-0.00000e+00,5.40000e-01,
3.7967756e-01,-0.00000e+00,5.40000e-01,
3.7982404e-01,2.00001e-01,5.40000e-01,
3.7997052e-01,-0.00000e+00,5.40000e-01,
3.8011700e-01,-0.00000e+00,5.40000e-01,
3.8026348e-01,-0.00000e+00,5.40000e-01,
3.8040996e-01,-0.00000e+00,5.40000e-01,
3.8055643e-01,-0.00000e+00,5.40000e-01,
3.8070291e-01,-0.00000e+00,5.40000e-01,
3.8084939e-01,2.00001e-01,5.40000e-01,
3.8099587e-01,2.00001e-01,5.40000e-01,
3.8114235e-01,-0.00000e+00,5.40000e-01,
3.8128883e-01,-0.00000e+00,5.40000e-01,
3.8143530e-01,2.00001e-01,5.40000e-01,
3.8158178e-01,-0.00000e+00,5.40000e-01,
3.8172826e-01,-0.00000e+00,5.40000e-01,
3.8187474e-01,-0.00000e+00,5.40000e-01,
3.8202122e-01,-0.00000e+00,5.40000e-01,
3.8216770e-01,-0.00000e+00,5.40000e-01,
3.8231418e-01,2.00001e-01,5.40000e-01,
3.8246065e-01,2.00001e-01,5.40000e-01,
3.8260713e-01,2.00001e-01,5.40000e-01,
3.8275361e-01,-0.00000e+00,5.40000e-01,
3.8290009e-01,-0.00000e+00,5.40000e-01,
3.8304657e-01,-0.00000e+00,5.40000e-01,
3.8319305e-01,-0.00000e+00,5.40000e-01,
3.8333952e-01,2.00001e-01,5.40000e-01,
3.8348600e-01,2.00001e-01,5.40000e-01,
3.8363248e-01,2.00001e-01,5.40000e-01,
3.8377896e-01,-0.00000e+00,5.40000e-01,
3.8392544e-01,-0.00000e+00,5.40000e-01,
3.8407192e-01,-0.00000e+00,5.40000e-01,
3.8421839e-01,2.00001e-01,5.40000e-01,
3.8436487e-01,-0.00000e+00,5.40000e-01,
3.8451135e-01,-0.00000e+00,5.40000e-01,
3.8465783e-01,2.00001e-01,5.40000e-01,
3.8480431e-01,-0.00000e+00,5.40000e-01,
3.8495079e-01,2.00001e-01,5.40000e-01,
3.8509727e-01,2.00001e-01,5.40000e-01,
3.8524374e-01,-0.00000e+00,5.40000e-01,
3.8539022e-01,-0.00000e+00,5.40000e-01,
3.8553670e-01,-0.00000e+00,5.40000e-01,
3.8568318e-01,-0.00000e+00,5.40000e-01,
3.8582966e-01,-0.00000e+00,5.40000e-01,
3.8597614e-01,-0.00000e+00,5.40000e-01,
3.8612261e-01,2.00001e-01,5.40000e-01,
3.8626909e-01,-0.00000e+00,5.20000e-01,
3.8641557e-01,-0.00000e+00,5.20000e-01,
3.8656205e-01,-0.00000e+00,5.40000e-01,
3.8670853e-01,-0.00000e+00,5.20000e-01,
3.8685501e-01,-0.00000e+00,5.20000e-01,
3.8700148e-01,-0.00000e+00,5.40000e-01,
3.8714796e-01,-0.00000e+00,5.40000e-01,
3.8729444e-01,-0.00000e+00,5.40000e-01,
3.8744092e-01,-0.00000e+00,5.40000e-01,
3.8758740e-01,-0.00000e+00,5.20000e-01,
3.8773388e-01,-0.00000e+00,5.20000e-01,
3.8788036e-01,-0.00000e+00,5.20000e-01,
3.8802683e-01,-0.00000e+00,5.20000e-01,
3.8817331e-01,-0.00000e+00,5.20000e-01,
3.8831979e-01,-0.00000e+00,5.20000e-01,
3.8846627e-01,-0.00000e+00,5.20000e-01,
3.8861275e-01,2.00001e-01,5.20000e-01,
3.8875923e-01,-0.00000e+00,5.20000e-01,
3.8890570e-01,-0.00000e+00,5.40000e-01,
3.8905218e-01,-0.00000e+00,5.20000e-01,
3.8919866e-01,2.00001e-01,5.20000e-01,
3.8934514e-01,-0.00000e+00,5.20000e-01,
3.8949162e-01,-0.00000e+00,5.20000e-01,
3.8963810e-01,-0.00000e+00,5.40000e-01,
3.8978457e-01,-0.00000e+00,5.20000e-01,
3.8993105e-01,-0.00000e+00,5.20000e-01,
3.9007753e-01,-0.00000e+00,5.20000e-01,
3.9022401e-01,2.00001e-01,5.40000e-01,
3.9037049e-01,-0.00000e+00,5.20000e-01,
3.9051697e-01,2.00001e-01,5.20000e-01,
3.9066344e-01,2.00001e-01,5.20000e-01,
3.9080992e-01,2.00001e-01,5.40000e-01,
3.9095640e-01,-0.00000e+00,5.40000e-01,
3.9110288e-01,-0.00000e+00,5.20000e-01,
3.9124936e-01,2.00001e-01,5.20000e-01,
3.9139584e-01,-0.00000e+00,5.20000e-01,
3.9154232e-01,-0.00000e+00,5.20000e-01,
3.9168879e-01,-0.00000e+00,5.20000e-01,
3.9183527e-01,-0.00000e+00,5.20000e-01,
3.9198175e-01,-0.00000e+00,5.20000e-01,
3.9212823e-01,2.00001e-01,5.20000e-01,
3.9227471e-01,-0.00000e+00,5.20000e-01,
3.9242119e-01,-0.00000e+00,5.20000e-01,
3.9256766e-01,-0.00000e+00,5.20000e-01,
3.9271414e-01,2.00001e-01,5.20000e-01,
3.9286062e-01,-0.00000e+00,5.20000e-01,
3.9300710e-01,-0.00000e+00,5.20000e-01,
3.9315358e-01,-0.00000e+00,5.20000e-01,
3.9330006e-01,-0.00000e+00,5.20000e-01,
3.9344653e-01,-0.00000e+00,5.00000e-01,
3.9359301e-01,-0.00000e+00,5.20000e-01,
3.9373949e-01,-0.00000e+00,5.00000e-01,
3.9388597e-01,2.00001e-01,5.20000e-01,
3.9403245e-01,-0.00000e+00,5.20000e-01,
3.9417893e-01,-0.00000e+00,5.20000e-01,
3.9432541e-01,2.00001e-01,5.20000e-01,
3.9447188e-01,2.00001e-01,5.20000e-01,
3.9461836e-01,-0.00000e+00,5.20000e-01,
3.9476484e-01,-0.00000e+00,5.20000e-01,
3.9491132e-01,-0.00000e+00,5.20000e-01,
3.9505780e-01,-0.00000e+00,5.20000e-01,
3.9520428e-01,-0.00000e+00,5.00000e-01,
3.9535075e-01,-0.00000e+00,5.20000e-01,
3.9549723e-01,-0.00000e+00,5.00000e-01,
3.9564371e-01,2.00001e-01,5.00000e-01,
3.9579019e-01,-0.00000e+00,5.00000e-01,
3.9593667e-01,-0.00000e+00,5.20000e-01,
3.9608315e-01,-0.00000e+00,5.20000e-01,
3.9622962e-01,-0.00000e+00,5.00000e-01,
3.9637610e-01,-0.00000e+00,5.00000e-01,
3.9652258e-01,-0.00000e+00,5.00000e-01,
3.9666906e-01,-0.00000e+00,5.20000e-01,
3.9681554e-01,-0.00000e+00,5.00000e-01,
3.9696202e-01,-0.00000e+00,5.00000e-01,
3.9710850e-01,-0.00000e+00,5.00000e-01,
3.9725497e-01,-0.00000e+00,5.00000e-01,
3.9740145e-01,-0.00000e+00,5.00000e-01,
3.9754793e-01,-0.00000e+00,5.00000e-01,
3.9769441e-01,-0.00000e+00,5.20000e-01,
3.9784089e-01,-0.00000e+00,5.00000e-01,
3.9798737e-01,-0.00000e+00,5.20000e-01,
3.9813384e-01,-0.00000e+00,5.00000e-01,
3.9828032e-01,-0.00000e+00,5.00000e-01,
3.9842680e-01,-0.00000e+00,5.00000e-01,
3.9857328e-01,-0.00000e+00,5.00000e-01,
3.9871976e-01,-0.00000e+00,5.00000e-01,
3.9886624e-01,-0.00000e+00,5.00000e-01,
3.9901271e-01,-0.00000e+00,5.00000e-01,
3.9915919e-01,-0.00000e+00,5.20000e-01,
3.9930567e-01,-0.00000e+00,5.20000e-01,
3.9945215e-01,-0.00000e+00,5.00000e-01,
3.9959863e-01,-0.00000e+00,5.00000e-01,
3.9974511e-01,-0.00000e+00,5.00000e-01,
3.9989159e-01,2.00001e-01,5.00000e-01,
4.0003806e-01,-0.00000e+00,5.00000e-01,
4.0018454e-01,2.00001e-01,5.00000e-01,
4.0033102e-01,-0.00000e+00,5.00000e-01,
4.0047750e-01,-0.00000e+00,5.00000e-01,
4.0062398e-01,-0.00000e+00,5.00000e-01,
4.0077046e-01,-0.00000e+00,5.00000e-01,
4.0091693e-01,-0.00000e+00,5.00000e-01,
4.0106341e-01,-0.00000e+00,5.00000e-01,
4.0120989e-01,-0.00000e+00,5.00000e-01,
4.0135637e-01,-0.00000e+00,4.80000e-01,
4.0150285e-01,-0.00000e+00,5.00000e-01,
4.0164933e-01,-0.00000e+00,5.00000e-01,
4.0179580e-01,-0.00000e+00,5.00000e-01,
4.0194228e-01,-0.00000e+00,5.00000e-01,
4.0208876e-01,-0.00000e+00,5.00000e-01,
4.0223524e-01,-0.00000e+00,5.00000e-01,
4.0238172e-01,2.00001e-01,4.80000e-01,
4.0252820e-01,-0.00000e+00,5.00000e-01,
4.0267467e-01,-0.00000e+00,5.00000e-01,
4.0282115e-01,-0.00000e+00,4.80000e-01,
4.0296763e-01,-0.00000e+00,4.80000e-01,
4.0311411e-01,-0.00000e+00,5.00000e-01,
4.0326059e-01,-0.00000e+00,5.00000e-01,
4.0340707e-01,-0.00000e+00,4.80000e-01,
4.0355355e-01,-0.00000e+00,4.40000e-01,
4.0370002e-01,-0.00000e+00,5.00000e-01,
4.0384650e-01,-0.00000e+00,5.00000e-01,
4.0399298e-01,-0.00000e+00,4.80000e-01,
4.0413946e-01,2.00001e-01,4.80000e-01,
4.0428594e-01,-0.00000e+00,4.80000e-01,
4.0443242e-01,-0.00000e+00,4.80000e-01,
4.0457889e-01,-0.00000e+00,5.00000e-01,
4.0472537e-01,-0.00000e+00,5.00000e-01,
4.0487185e-01,2.00001e-01,5.00000e-01,
4.0501833e-01,-0.00000e+00,4.80000e-01,
4.0516481e-01,-0.00000e+00,4.80000e-01,
4.0531129e-01,-0.00000e+00,4.80000e-01,
4.0545776e-01,-0.00000e+00,4.60000e-01,
4.0560424e-01,2.00001e-01,5.00000e-01,
4.0575072e-01,2.00001e-01,4.80000e-01,
4.0589720e-01,-0.00000e+00,4.80000e-01,
4.0604368e-01,-0.00000e+00,4.60000e-01,
4.0619016e-01,2.00001e-01,4.80000e-01,
4.0633664e-01,-0.00000e+00,4.80000e-01,
4.0648311e-01,-0.00000e+00,4.60000e-01,
4.0662959e-01,2.00001e-01,4.60000e-01,
4.0677607e-01,2.00001e-01,4.80000e-01,
4.0692255e-01,-0.00000e+00,5.00000e-01,
4.0706903e-01,-0.00000e+00,4.60000e-01,
4.0721551e-01,2.00001e-01,4.80000e-01,
4.0736198e-01,-0.00000e+00,4.60000e-01,
4.0750846e-01,-0.00000e+00,4.80000e-01,
4.0765494e-01,-0.00000e+00,4.80000e-01,
4.0780142e-01,-0.00000e+00,4.60000e-01,
4.0794790e-01,2.00001e-01,4.60000e-01,
4.0809438e-01,-0.00000e+00,4.60000e-01,
4.0824085e-01,-0.00000e+00,4.80000e-01,
4.0838733e-01,-0.00000e+00,4.60000e-01,
4.0853381e-01,2.00001e-01,4.60000e-01,
4.0868029e-01,-0.00000e+00,4.60000e-01,
4.0882677e-01,-0.00000e+00,4.60000e-01,
4.0897325e-01,-0.00000e+00,4.60000e-01,
4.0911973e-01,-0.00000e+00,4.60000e-01,
4.0926620e-01,-0.00000e+00,4.60000e-01,
4.0941268e-01,-0.00000e+00,4.60000e-01,
4.0955916e-01,2.00001e-01,4.60000e-01,
4.0970564e-01,-0.00000e+00,4.60000e-01,
4.0985212e-01,2.00001e-01,4.60000e-01,
4.0999860e-01,-0.00000e+00,4.60000e-01,
4.1014507e-01,-0.00000e+00,4.60000e-01,
4.1029155e-01,2.00001e-01,4.60000e-01,
4.1043803e-01,-0.00000e+00,4.60000e-01,
4.1058451e-01,2.00001e-01,4.60000e-01,
4.1073099e-01,2.00001e-01,4.60000e-01,
4.1087747e-01,-0.00000e+00,4.60000e-01,
4.1102394e-01,-0.00000e+00,4.60000e-01,
4.1117042e-01,-0.00000e+00,4.60000e-01,
4.1131690e-01,-0.00000e+00,4.60000e-01,
4.1146338e-01,2.00001e-01,4.60000e-01,
4.1160986e-01,-0.00000e+00,4.40000e-01,
4.1175634e-01,2.00001e-01,4.60000e-01,
4.1190282e-01,-0.00000e+00,4.40000e-01,
4.1204929e-01,-0.00000e+00,4.40000e-01,
4.1219577e-01,-0.00000e+00,4.40000e-01,
4.1234225e-01,-0.00000e+00,4.40000e-01,
4.1248873e-01,-0.00000e+00,4.40000e-01,
4.1263521e-01,-0.00000e+00,4.40000e-01,
4.1278169e-01,-0.00000e+00,4.40000e-01,
4.1292816e-01,-0.00000e+00,4.40000e-01,
4.1307464e-01,-0.00000e+00,4.40000e-01,
4.1322112e-01,-0.00000e+00,4.20000e-01,
4.1336760e-01,-0.00000e+00,4.40000e-01,
4.1351408e-01,-0.00000e+00,4.20000e-01,
4.1366056e-01,-0.00000e+00,4.40000e-01,
4.1380703e-01,2.00001e-01,4.20000e-01,
4.1395351e-01,-0.00000e+00,4.20000e-01,
4.1409999e-01,-0.00000e+00,4.20000e-01,
4.1424647e-01,2.00001e-01,4.20000e-01,
4.1439295e-01,-0.00000e+00,3.80000e-01,
4.1453943e-01,-0.00000e+00,4.00000e-01,
4.1468590e-01,-0.00000e+00,3.80000e-01,
4.1483238e-01,-0.00000e+00,3.80000e-01,
4.1497886e-01,2.00001e-01,3.80000e-01,
4.1512534e-01,-0.00000e+00,3.80000e-01,
4.1527182e-01,2.00001e-01,3.60000e-01,
4.1541830e-01,-0.00000e+00,3.80000e-01,
4.1556478e-01,-0.00000e+00,3.60000e-01,
4.1571125e-01,-0.00000e+00,3.60000e-01,
4.1585773e-01,-0.00000e+00,3.40000e-01,
4.1600421e-01,-0.00000e+00,3.40000e-01,
4.1615069e-01,2.00001e-01,3.20000e-01,
4.1629717e-01,-0.00000e+00,3.00000e-01,
4.1644365e-01,-0.00000e+00,3.00000e-01,
4.1659012e-01,-0.00000e+00,3.00000e-01,
4.1673660e-01,-0.00000e+00,2.80000e-01,
4.1688308e-01,2.00001e-01,2.80000e-01,
4.1702956e-01,-0.00000e+00,2.80000e-01,
4.1717604e-01,-0.00000e+00,2.60000e-01,
4.1732252e-01,-0.00000e+00,2.60000e-01,
4.1746899e-01,-0.00000e+00,2.20000e-01,
4.1761547e-01,-0.00000e+00,2.20000e-01,
4.1776195e-01,-0.00000e+00,2.20000e-01,
4.1790843e-01,2.00001e-01,2.20000e-01,
4.1805491e-01,2.00001e-01,2.20000e-01,
4.1820139e-01,-0.00000e+00,2.00000e-01,
4.1834787e-01,2.00001e-01,1.80000e-01,
4.1849434e-01,2.00001e-01,1.80000e-01,
4.1864082e-01,-0.00000e+00,1.60000e-01,
4.1878730e-01,-0.00000e+00,1.40000e-01,
4.1893378e-01,-0.00000e+00,1.40000e-01,
4.1908026e-01,-0.00000e+00,1.40000e-01,
4.1922674e-01,2.00001e-01,1.40000e-01,
4.1937321e-01,-0.00000e+00,1.20000e-01,
4.1951969e-01,-0.00000e+00,1.20000e-01,
4.1966617e-01,-0.00000e+00,1.00000e-01,
4.1981265e-01,2.00001e-01,1.00000e-01,
4.1995913e-01,-0.00000e+00,6.00001e-02,
4.2010561e-01,-0.00000e+00,6.00001e-02,
4.2025208e-01,-0.00000e+00,6.00001e-02,
4.2039856e-01,-0.00000e+00,6.00001e-02,
4.2054504e-01,-0.00000e+00,6.00001e-02,
4.2069152e-01,2.00001e-01,4.00001e-02,
4.2083800e-01,-0.00000e+00,2.00001e-02,
4.2098448e-01,-0.00000e+00,2.00001e-02,
4.2113096e-01,-0.00000e+00,2.00001e-02,
4.2127743e-01,2.00001e-01,-3.99998e-02,
4.2142391e-01,-0.00000e+00,-3.99998e-02,
4.2157039e-01,2.00001e-01,-3.99998e-02,
4.2171687e-01,-0.00000e+00,-3.99998e-02,
4.2186335e-01,2.00001e-01,-5.99999e-02,
4.2200983e-01,-0.00000e+00,-5.99999e-02,
4.2215630e-01,-0.00000e+00,-7.99999e-02,
4.2230278e-01,-0.00000e+00,-7.99999e-02,
4.2244926e-01,-0.00000e+00,-9.99999e-02,
4.2259574e-01,-0.00000e+00,-9.99999e-02,
4.2274222e-01,2.00001e-01,-1.20000e-01,
4.2288870e-01,2.00001e-01,-1.20000e-01,
4.2303517e-01,2.00001e-01,-1.20000e-01,
4.2318165e-01,2.00001e-01,-1.40000e-01,
4.2332813e-01,2.00001e-01,-1.40000e-01,
4.2347461e-01,-0.00000e+00,-1.60000e-01,
4.2362109e-01,-0.00000e+00,-1.60000e-01,
4.2376757e-01,-0.00000e+00,-2.00000e-01,
4.2391405e-01,2.00001e-01,-2.00000e-01,
4.2406052e-01,-0.00000e+00,-2.00000e-01,
4.2420700e-01,-0.00000e+00,-2.00000e-01,
4.2435348e-01,2.00001e-01,-2.00000e-01,
4.2449996e-01,-0.00000e+00,-2.00000e-01,
4.2464644e-01,-0.00000e+00,-2.20000e-01,
4.2479292e-01,-0.00000e+00,-2.40000e-01,
4.2493939e-01,-0.00000e+00,-2.40000e-01,
4.2508587e-01,-0.00000e+00,-2.40000e-01,
4.2523235e-01,2.00001e-01,-2.60000e-01,
4.2537883e-01,2.00001e-01,-2.80000e-01,
4.2552531e-01,-0.00000e+00,-2.80000e-01,
4.2567179e-01,-0.00000e+00,-2.80000e-01,
4.2581826e-01,-0.00000e+00,-2.80000e-01,
4.2596474e-01,-0.00000e+00,-3.00000e-01,
4.2611122e-01,-0.00000e+00,-3.20000e-01,
4.2625770e-01,-0.00000e+00,-3.00000e-01,
4.2640418e-01,-0.00000e+00,-3.20000e-01,
4.2655066e-01,2.00001e-01,-3.20000e-01,
4.2669713e-01,-0.00000e+00,-3.40000e-01,
4.2684361e-01,2.00001e-01,-3.60000e-01,
4.2699009e-01,-0.00000e+00,-3.60000e-01,
4.2713657e-01,-0.00000e+00,-3.60000e-01,
4.2728305e-01,-0.00000e+00,-3.80000e-01,
4.2742953e-01,-0.00000e+00,-3.80000e-01,
4.2757601e-01,-0.00000e+00,-4.00000e-01,
4.2772248e-01,-0.00000e+00,-4.00000e-01,
4.2786896e-01,-0.00000e+00,-4.20000e-01,
4.2801544e-01,-0.00000e+00,-4.20000e-01,
4.2816192e-01,2.00001e-01,-4.20000e-01,
4.2830840e-01,-0.00000e+00,-4.40000e-01,
4.2845488e-01,-0.00000e+00,-4.40000e-01,
4.2860135e-01,-0.00000e+00,-4.40000e-01,
4.2874783e-01,-0.00000e+00,-4.40000e-01,
4.2889431e-01,-0.00000e+00,-4.60000e-01,
4.2904079e-01,-0.00000e+00,-4.60000e-01,
4.2918727e-01,-0.00000e+00,-4.80000e-01,
4.2933375e-01,-0.00000e+00,-4.80000e-01,
4.2948022e-01,-0.00000e+00,-5.00000e-01,
4.2962670e-01,-0.00000e+00,-5.20000e-01,
4.2977318e-01,2.00001e-01,-5.20000e-01,
4.2991966e-01,-0.00000e+00,-5.20000e-01,
4.3006614e-01,-0.00000e+00,-5.20000e-01,
4.3021262e-01,-0.00000e+00,-5.20000e-01,
4.3035910e-01,-0.00000e+00,-5.40000e-01,
4.3050557e-01,-0.00000e+00,-5.40000e-01,
4.3065205e-01,-0.00000e+00,-5.60000e-01,
4.3079853e-01,-0.00000e+00,-5.60000e-01,
4.3094501e-01,-0.00000e+00,-5.60000e-01,
4.3109149e-01,-0.00000e+00,-5.60000e-01,
4.3123797e-01,2.00001e-01,-5.80000e-01,
4.3138444e-01,2.00001e-01,-6.00000e-01,
4.3153092e-01,-0.00000e+00,-6.00000e-01,
4.3167740e-01,-0.00000e+00,-6.00000e-01,
4.3182388e-01,-0.00000e+00,-6.00000e-01,
4.3197036e-01,-0.00000e+00,-6.20000e-01,
4.3211684e-01,-0.00000e+00,-6.20000e-01,
4.3226331e-01,-0.00000e+00,-6.40000e-01,
4.3240979e-01,-0.00000e+00,-6.40000e-01,
4.3255627e-01,2.00001e-01,-6.80000e-01,
4.3270275e-01,2.00001e-01,-6.60000e-01,
4.3284923e-01,2.00001e-01,-6.80000e-01,
4.3299571e-01,-0.00000e+00,-6.80000e-01,
4.3314219e-01,-0.00000e+00,-6.80000e-01,
4.3328866e-01,-0.00000e+00,-6.80000e-01,
4.3343514e-01,2.00001e-01,-7.00000e-01,
4.3358162e-01,-0.00000e+00,-7.20000e-01,
4.3372810e-01,-0.00000e+00,-7.20000e-01,
4.3387458e-01,2.00001e-01,-7.20000e-01,
4.3402106e-01,2.00001e-01,-7.20000e-01,
4.3416753e-01,-0.00000e+00,-7.40000e-01,
4.3431401e-01,-0.00000e+00,-7.60000e-01,
4.3446049e-01,-0.00000e+00,-7.60000e-01,
4.3460697e-01,2.00001e-01,-7.60000e-01,
4.3475345e-01,-0.00000e+00,-7.60000e-01,
4.3489993e-01,-0.00000e+00,-7.60000e-01,
4.3504640e-01,-0.00000e+00,-7.60000e-01,
4.3519288e-01,-0.00000e+00,-7.80000e-01,
4.3533936e-01,-0.00000e+00,-8.00000e-01,
4.3548584e-01,-0.00000e+00,-7.80000e-01,
4.3563232e-01,-0.00000e+00,-8.00000e-01,
4.3577880e-01,-0.00000e+00,-8.00000e-01,
4.3592528e-01,2.00001e-01,-8.00000e-01,
4.3607175e-01,-0.00000e+00,-8.60000e-01,
4.3621823e-01,-0.00000e+00,-8.60000e-01,
4.3636471e-01,-0.00000e+00,-8.60000e-01,
4.3651119e-01,2.00001e-01,-8.60000e-01,
4.3665767e-01,-0.00000e+00,-8.60000e-01,
4.3680415e-01,2.00001e-01,-8.80000e-01,
4.3695062e-01,-0.00000e+00,-8.80000e-01,
4.3709710e-01,2.00001e-01,-8.80000e-01,
4.3724358e-01,-0.00000e+00,-8.80000e-01,
4.3739006e-01,-0.00000e+00,-9.00000e-01,
4.3753654e-01,2.00001e-01,-9.00000e-01,
4.3768302e-01,-0.00000e+00,-9.00000e-01,
4.3782949e-01,-0.00000e+00,-9.00000e-01,
4.3797597e-01,2.00001e-01,-9.20000e-01,
4.3812245e-01,-0.00000e+00,-9.40000e-01,
4.3826893e-01,2.00001e-01,-9.20000e-01,
4.3841541e-01,-0.00000e+00,-9.40000e-01,
4.3856189e-01,-0.00000e+00,-9.40000e-01,
4.3870836e-01,2.00001e-01,-9.60000e-01,
4.3885484e-01,2.00001e-01,-9.60000e-01,
4.3900132e-01,-0.00000e+00,-9.60000e-01,
4.3914780e-01,-0.00000e+00,-9.60000e-01,
4.3929428e-01,-0.00000e+00,-9.60000e-01,
4.3944076e-01,-0.00000e+00,-9.80000e-01,
4.3958724e-01,-0.00000e+00,-9.80000e-01,
4.3973371e-01,-0.00000e+00,-1.00000e+00,
4.3988019e-01,2.00001e-01,-1.00000e+00,
4.4002667e-01,-0.00000e+00,-1.02000e+00,
4.4017315e-01,-0.00000e+00,-1.02000e+00,
4.4031963e-01,-0.00000e+00,-1.02000e+00,
4.4046611e-01,-0.00000e+00,-1.04000e+00,
4.4061258e-01,-0.00000e+00,-1.04000e+00,
4.4075906e-01,-0.00000e+00,-1.04000e+00,
4.4090554e-01,-0.00000e+00,-1.04000e+00,
4.4105202e-01,2.00001e-01,-1.04000e+00,
4.4119850e-01,-0.00000e+00,-1.06000e+00,
4.4134498e-01,-0.00000e+00,-1.06000e+00,
4.4149145e-01,-0.00000e+00,-1.08000e+00,
4.4163793e-01,-0.00000e+00,-1.06000e+00,
4.4178441e-01,2.00001e-01,-1.08000e+00,
4.4193089e-01,-0.00000e+00,-1.10000e+00,
4.4207737e-01,-0.00000e+00,-1.10000e+00,
4.4222385e-01,-0.00000e+00,-1.10000e+00,
4.4237033e-01,-0.00000e+00,-1.10000e+00,
4.4251680e-01,-0.00000e+00,-1.10000e+00,
4.4266328e-01,2.00001e-01,-1.10000e+00,
4.4280976e-01,-0.00000e+00,-1.12000e+00,
4.4295624e-01,-0.00000e+00,-1.12000e+00,
4.4310272e-01,-0.00000e+00,-1.12000e+00,
4.4324920e-01,-0.00000e+00,-1.14000e+00,
4.4339567e-01,-0.00000e+00,-1.14000e+00,
4.4354215e-01,-0.00000e+00,-1.16000e+00,
4.4368863e-01,-0.00000e+00,-1.14000e+00,
4.4383511e-01,-0.00000e+00,-1.16000e+00,
4.4398159e-01,-0.00000e+00,-1.18000e+00,
4.4412807e-01,-0.00000e+00,-1.18000e+00,
4.4427454e-01,-0.00000e+00,-1.18000e+00,
4.4442102e-01,2.00001e-01,-1.18000e+00,
4.4456750e-01,-0.00000e+00,-1.18000e+00,
4.4471398e-01,-0.00000e+00,-1.18000e+00,
4.4486046e-01,-0.00000e+00,-1.18000e+00,
4.4500694e-01,-0.00000e+00,-1.18000e+00,
4.4515342e-01,-0.00000e+00,-1.20000e+00,
4.4529989e-01,-0.00000e+00,-1.20000e+00,
4.4544637e-01,2.00001e-01,-1.20000e+00,
4.4559285e-01,2.00001e-01,-1.22000e+00,
4.4573933e-01,-0.00000e+00,-1.22000e+00,
4.4588581e-01,-0.00000e+00,-1.22000e+00,
4.4603229e-01,-0.00000e+00,-1.22000e+00,
4.4617876e-01,-0.00000e+00,-1.24000e+00,
4.4632524e-01,2.00001e-01,-1.24000e+00,
4.4647172e-01,2.00001e-01,-1.26000e+00,
4.4661820e-01,2.00001e-01,-1.26000e+00,
4.4676468e-01,-0.00000e+00,-1.26000e+00,
4.4691116e-01,2.00001e-01,-1.26000e+00,
4.4705763e-01,-0.00000e+00,-1.26000e+00,
4.4720411e-01,2.00001e-01,-1.26000e+00,
4.4735059e-01,-0.00000e+00,-1.26000e+00,
4.4749707e-01,-0.00000e+00,-1.28000e+00,
4.4764355e-01,2.00001e-01,-1.28000e+00,
4.4779003e-01,-0.00000e+00,-1.30000e+00,
4.4793651e-01,-0.00000e+00,-1.30000e+00,
4.4808298e-01,-0.00000e+00,-1.30000e+00,
4.4822946e-01,-0.00000e+00,-1.30000e+00,
4.4837594e-01,-0.00000e+00,-1.30000e+00,
4.4852242e-01,-0.00000e+00,-1.30000e+00,
4.4866890e-01,-0.00000e+00,-1.32000e+00,
4.4881538e-01,2.00001e-01,-1.34000e+00,
4.4896185e-01,-0.00000e+00,-1.34000e+00,
4.4910833e-01,2.00001e-01,-1.34000e+00,
4.4925481e-01,-0.00000e+00,-1.34000e+00,
4.4940129e-01,-0.00000e+00,-1.34000e+00,
4.4954777e-01,-0.00000e+00,-1.34000e+00,
4.4969425e-01,2.00001e-01,-1.34000e+00,
4.4984072e-01,-0.00000e+00,-1.34000e+00,
4.4998720e-01,-0.00000e+00,-1.34000e+00,
4.5013368e-01,2.00001e-01,-1.36000e+00,
4.5028016e-01,-0.00000e+00,-1.36000e+00,
4.5042664e-01,-0.00000e+00,-1.36000e+00,
4.5057312e-01,-0.00000e+00,-1.36000e+00,
4.5071959e-01,-0.00000e+00,-1.38000e+00,
4.5086607e-01,-0.00000e+00,-1.38000e+00,
4.5101255e-01,-0.00000e+00,-1.38000e+00,
4.5115903e-01,-0.00000e+00,-1.42000e+00,
4.5130551e-01,-0.00000e+00,-1.40000e+00,
4.5145199e-01,2.00001e-01,-1.42000e+00,
4.5159847e-01,2.00001e-01,-1.40000e+00,
4.5174494e-01,-0.00000e+00,-1.42000e+00,
4.5189142e-01,-0.00000e+00,-1.42000e+00,
4.5203790e-01,-0.00000e+00,-1.42000e+00,
4.5218438e-01,2.00001e-01,-1.42000e+00,
4.5233086e-01,-0.00000e+00,-1.42000e+00,
4.5247734e-01,-0.00000e+00,-1.44000e+00,
4.5262381e-01,-0.00000e+00,-1.42000e+00,
4.5277029e-01,-0.00000e+00,-1.42000e+00,
4.5291677e-01,2.00001e-01,-1.42000e+00,
4.5306325e-01,-0.00000e+00,-1.44000e+00,
4.5320973e-01,2.00001e-01,-1.44000e+00,
4.5335621e-01,-0.00000e+00,-1.44000e+00,
4.5350268e-01,-0.00000e+00,-1.46000e+00,
4.5364916e-01,-0.00000e+00,-1.46000e+00,
4.5379564e-01,-0.00000e+00,-1.46000e+00,
4.5394212e-01,-0.00000e+00,-1.46000e+00,
4.5408860e-01,-0.00000e+00,-1.46000e+00,
4.5423508e-01,-0.00000e+00,-1.48000e+00,
4.5438156e-01,-0.00000e+00,-1.50000e+00,
4.5452803e-01,-0.00000e+00,-1.48000e+00,
4.5467451e-01,-0.00000e+00,-1.50000e+00,
4.5482099e-01,-0.00000e+00,-1.50000e+00,
4.5496747e-01,-0.00000e+00,-1.50000e+00,
4.5511395e-01,-0.00000e+00,-1.50000e+00,
4.5526043e-01,-0.00000e+00,-1.50000e+00,
4.5540690e-01,-0.00000e+00,-1.50000e+00,
4.5555338e-01,-0.00000e+00,-1.50000e+00,
4.5569986e-01,-0.00000e+00,-1.50000e+00,
4.5584634e-01,2.00001e-01,-1.50000e+00,
4.5599282e-01,2.00001e-01,-1.50000e+00,
4.5613930e-01,-0.00000e+00,-1.52000e+00,
4.5628577e-01,-0.00000e+00,-1.52000e+00,
4.5643225e-01,-0.00000e+00,-1.52000e+00,
4.5657873e-01,-0.00000e+00,-1.54000e+00,
4.5672521e-01,-0.00000e+00,-1.52000e+00,
4.5687169e-01,-0.00000e+00,-1.52000e+00,
4.5701817e-01,-0.00000e+00,-1.54000e+00,
4.5716465e-01,-0.00000e+00,-1.54000e+00,
4.5731112e-01,-0.00000e+00,-1.56000e+00,
4.5745760e-01,-0.00000e+00,-1.54000e+00,
4.5760408e-01,-0.00000e+00,-1.56000e+00,
4.5775056e-01,2.00001e-01,-1.58000e+00,
4.5789704e-01,2.00001e-01,-1.56000e+00,
4.5804352e-01,2.00001e-01,-1.56000e+00,
4.5818999e-01,-0.00000e+00,-1.58000e+00,
4.5833647e-01,-0.00000e+00,-1.58000e+00,
4.5848295e-01,-0.00000e+00,-1.58000e+00,
4.5862943e-01,-0.00000e+00,-1.58000e+00,
4.5877591e-01,-0.00000e+00,-1.58000e+00,
4.5892239e-01,-0.00000e+00,-1.58000e+00,
4.5906886e-01,-0.00000e+00,-1.58000e+00,
4.5921534e-01,2.00001e-01,-1.58000e+00,
4.5936182e-01,2.00001e-01,-1.58000e+00,
4.5950830e-01,-0.00000e+00,-1.58000e+00,
4.5965478e-01,-0.00000e+00,-1.60000e+00,
4.5980126e-01,-0.00000e+00,-1.60000e+00,
4.5994774e-01,2.00001e-01,-1.60000e+00,
4.6009421e-01,-0.00000e+00,-1.60000e+00,
4.6024069e-01,-0.00000e+00,-1.60000e+00,
4.6038717e-01,-0.00000e+00,-1.60000e+00,
4.6053365e-01,-0.00000e+00,-1.60000e+00,
4.6068013e-01,-0.00000e+00,-1.62000e+00,
4.6082661e-01,2.00001e-01,-1.62000e+00,
4.6097308e-01,-0.00000e+00,-1.62000e+00,
4.6111956e-01,-0.00000e+00,-1.62000e+00,
4.6126604e-01,-0.00000e+00,-1.62000e+00,
4.6141252e-01,-0.00000e+00,-1.64000e+00,
4.6155900e-01,2.00001e-01,-1.64000e+00,
4.6170548e-01,2.00001e-01,-1.62000e+00,
4.6185195e-01,-0.00000e+00,-1.64000e+00,
4.6199843e-01,-0.00000e+00,-1.64000e+00,
4.6214491e-01,-0.00000e+00,-1.66000e+00,
4.6229139e-01,2.00001e-01,-1.66000e+00,
4.6243787e-01,-0.00000e+00,-1.66000e+00,
4.6258435e-01,-0.00000e+00,-1.66000e+00,
4.6273082e-01,-0.00000e+00,-1.66000e+00,
4.6287730e-01,-0.00000e+00,-1.66000e+00,
4.6302378e-01,-0.00000e+00,-1.66000e+00,
4.6317026e-01,-0.00000e+00,-1.66000e+00,
4.6331674e-01,-0.00000e+00,-1.66000e+00,
4.6346322e-01,-0.00000e+00,-1.70000e+00,
4.6360970e-01,-0.00000e+00,-1.66000e+00,
4.6375617e-01,-0.00000e+00,-1.70000e+00,
4.6390265e-01,-0.00000e+00,-1.70000e+00,
4.6404913e-01,-0.00000e+00,-1.70000e+00,
4.6419561e-01,-0.00000e+00,-1.70000e+00,
4.6434209e-01,-0.00000e+00,-1.70000e+00,
4.6448857e-01,-0.00000e+00,-1.72000e+00,
4.6463504e-01,2.00001e-01,-1.70000e+00,
4.6478152e-01,-0.00000e+00,-1.70000e+00,
4.6492800e-01,-0.00000e+00,-1.72000e+00,
4.6507448e-01,-0.00000e+00,-1.72000e+00,
4.6522096e-01,-0.00000e+00,-1.70000e+00,
4.6536744e-01,-0.00000e+00,-1.70000e+00,
4.6551391e-01,-0.00000e+00,-1.72000e+00,
4.6566039e-01,-0.00000e+00,-1.72000e+00,
4.6580687e-01,-0.00000e+00,-1.72000e+00,
4.6595335e-01,-0.00000e+00,-1.72000e+00,
4.6609983e-01,2.00001e-01,-1.72000e+00,
4.6624631e-01,-0.00000e+00,-1.74000e+00,
4.6639279e-01,-0.00000e+00,-1.74000e+00,
4.6653926e-01,2.00001e-01,-1.74000e+00,
4.6668574e-01,-0.00000e+00,-1.76000e+00,
4.6683222e-01,2.00001e-01,-1.74000e+00,
4.6697870e-01,2.00001e-01,-1.74000e+00,
4.6712518e-01,-0.00000e+00,-1.74000e+00,
4.6727166e-01,-0.00000e+00,-1.76000e+00,
4.6741813e-01,2.00001e-01,-1.76000e+00,
4.6756461e-01,-0.00000e+00,-1.76000e+00,
4.6771109e-01,-0.00000e+00,-1.76000e+00,
4.6785757e-01,-0.00000e+00,-1.76000e+00,
4.6800405e-01,-0.00000e+00,-1.76000e+00,
4.6815053e-01,-0.00000e+00,-1.76000e+00,
4.6829700e-01,-0.00000e+00,-1.76000e+00,
4.6844348e-01,-0.00000e+00,-1.76000e+00,
4.6858996e-01,-0.00000e+00,-1.76000e+00,
4.6873644e-01,-0.00000e+00,-1.76000e+00,
4.6888292e-01,-0.00000e+00,-1.76000e+00,
4.6902940e-01,-0.00000e+00,-1.78000e+00,
4.6917588e-01,-0.00000e+00,-1.76000e+00,
4.6932235e-01,-0.00000e+00,-1.76000e+00,
4.6946883e-01,-0.00000e+00,-1.76000e+00,
4.6961531e-01,-0.00000e+00,-1.76000e+00,
4.6976179e-01,-0.00000e+00,-1.78000e+00,
4.6990827e-01,2.00001e-01,-1.78000e+00,
4.7005475e-01,-0.00000e+00,-1.78000e+00,
4.7020122e-01,-0.00000e+00,-1.80000e+00,
4.7034770e-01,-0.00000e+00,-1.78000e+00,
4.7049418e-01,-0.00000e+00,-1.78000e+00,
4.7064066e-01,-0.00000e+00,-1.78000e+00,
4.7078714e-01,-0.00000e+00,-1.78000e+00,
4.7093362e-01,-0.00000e+00,-1.78000e+00,
4.7108009e-01,-0.00000e+00,-1.78000e+00,
4.7122657e-01,-0.00000e+00,-1.80000e+00,
4.7137305e-01,-0.00000e+00,-1.78000e+00,
4.7151953e-01,2.00001e-01,-1.80000e+00,
4.7166601e-01,2.00001e-01,-1.80000e+00,
4.7181249e-01,-0.00000e+00,-1.78000e+00,
4.7195897e-01,-0.00000e+00,-1.80000e+00,
4.7210544e-01,-0.00000e+00,-1.80000e+00,
4.7225192e-01,-0.00000e+00,-1.80000e+00,
4.7239840e-01,-0.00000e+00,-1.80000e+00,
4.7254488e-01,-0.00000e+00,-1.80000e+00,
4.7269136e-01,-0.00000e+00,-1.80000e+00,
4.7283784e-01,-0.00000e+00,-1.80000e+00,
4.7298431e-01,-0.00000e+00,-1.80000e+00,
4.7313079e-01,-0.00000e+00,-1.80000e+00,
4.7327727e-01,-0.00000e+00,-1.80000e+00,
4.7342375e-01,-0.00000e+00,-1.80000e+00,
4.7357023e-01,2.00001e-01,-1.82000e+00,
4.7371671e-01,-0.00000e+00,-1.80000e+00,
4.7386318e-01,-0.00000e+00,-1.80000e+00,
4.7400966e-01,2.00001e-01,-1.84000e+00,
4.7415614e-01,-0.00000e+00,-1.82000e+00,
4.7430262e-01,-0.00000e+00,-1.84000e+00,
4.7444910e-01,-0.00000e+00,-1.82000e+00,
4.7459558e-01,-0.00000e+00,-1.84000e+00,
4.7474205e-01,2.00001e-01,-1.84000e+00,
4.7488853e-01,-0.00000e+00,-1.84000e+00,
4.7503501e-01,-0.00000e+00,-1.84000e+00,
4.7518149e-01,-0.00000e+00,-1.84000e+00,
4.7532797e-01,-0.00000e+00,-1.84000e+00,
4.7547445e-01,-0.00000e+00,-1.84000e+00,
4.7562093e-01,-0.00000e+00,-1.84000e+00,
4.7576740e-01,-0.00000e+00,-1.84000e+00,
4.7591388e-01,-0.00000e+00,-1.84000e+00,
4.7606036e-01,-0.00000e+00,-1.84000e+00,
4.7620684e-01,-0.00000e+00,-1.84000e+00,
4.7635332e-01,-0.00000e+00,-1.84000e+00,
4.7649980e-01,-0.00000e+00,-1.84000e+00,
4.7664627e-01,-0.00000e+00,-1.84000e+00,
4.7679275e-01,-0.00000e+00,-1.84000e+00,
4.7693923e-01,2.00001e-01,-1.84000e+00,
4.7708571e-01,-0.00000e+00,-1.84000e+00,
4.7723219e-01,-0.00000e+00,-1.84000e+00,
4.7737867e-01,-0.00000e+00,-1.84000e+00,
4.7752514e-01,-0.00000e+00,-1.84000e+00,
4.7767162e-01,-0.00000e+00,-1.84000e+00,
4.7781810e-01,-0.00000e+00,-1.84000e+00,
4.7796458e-01,-0.00000e+00,-1.86000e+00,
4.7811106e-01,2.00001e-01,-1.86000e+00,
4.7825754e-01,-0.00000e+00,-1.84000e+00,
4.7840402e-01,-0.00000e+00,-1.84000e+00,
4.7855049e-01,-0.00000e+00,-1.86000e+00,
4.7869697e-01,-0.00000e+00,-1.84000e+00,
4.7884345e-01,-0.00000e+00,-1.84000e+00,
4.7898993e-01,-0.00000e+00,-1.86000e+00,
4.7913641e-01,-0.00000e+00,-1.86000e+00,
4.7928289e-01,-0.00000e+00,-1.84000e+00,
4.7942936e-01,2.00001e-01,-1.86000e+00,
4.7957584e-01,2.00001e-01,-1.84000e+00,
4.7972232e-01,-0.00000e+00,-1.84000e+00,
4.7986880e-01,-0.00000e+00,-1.86000e+00,
4.8001528e-01,-0.00000e+00,-1.86000e+00,
4.8016176e-01,-0.00000e+00,-1.84000e+00,
4.8030823e-01,-0.00000e+00,-1.84000e+00,
4.8045471e-01,-0.00000e+00,-1.84000e+00,
4.8060119e-01,-0.00000e+00,-1.84000e+00,
4.8074767e-01,2.00001e-01,-1.84000e+00,
4.8089415e-01,-0.00000e+00,-1.86000e+00,
4.8104063e-01,-0.00000e+00,-1.86000e+00,
4.8118711e-01,-0.00000e+00,-1.86000e+00,
4.8133358e-01,-0.00000e+00,-1.84000e+00,
4.8148006e-01,-0.00000e+00,-1.84000e+00,
4.8162654e-01,-0.00000e+00,-1.86000e+00,
4.8177302e-01,-0.00000e+00,-1.86000e+00,
4.8191950e-01,-0.00000e+00,-1.86000e+00,
4.8206598e-01,-0.00000e+00,-1.86000e+00,
4.8221245e-01,-0.00000e+00,-1.88000e+00,
4.8235893e-01,-0.00000e+00,-1.88000e+00,
4.8250541e-01,-0.00000e+00,-1.86000e+00,
4.8265189e-01,-0.00000e+00,-1.86000e+00,
4.8279837e-01,-0.00000e+00,-1.86000e+00,
4.8294485e-01,-0.00000e+00,-1.88000e+00,
4.8309132e-01,-0.00000e+00,-1.86000e+00,
4.8323780e-01,-0.00000e+00,-1.86000e+00,
4.8338428e-01,2.00001e-01,-1.86000e+00,
4.8353076e-01,2.00001e-01,-1.88000e+00,
4.8367724e-01,-0.00000e+00,-1.86000e+00,
4.8382372e-01,-0.00000e+00,-1.86000e+00,
4.8397020e-01,-0.00000e+00,-1.88000e+00,
4.8411667e-01,2.00001e-01,-1.86000e+00,
4.8426315e-01,-0.00000e+00,-1.88000e+00,
4.8440963e-01,-0.00000e+00,-1.88000e+00,
4.8455611e-01,-0.00000e+00,-1.86000e+00,
4.8470259e-01,-0.00000e+00,-1.88000e+00,
4.8484907e-01,-0.00000e+00,-1.86000e+00,
4.8499554e-01,-0.00000e+00,-1.86000e+00,
4.8514202e-01,-0.00000e+00,-1.86000e+00,
4.8528850e-01,-0.00000e+00,-1.86000e+00,
4.8543498e-01,2.00001e-01,-1.88000e+00,
4.8558146e-01,-0.00000e+00,-1.86000e+00,
4.8572794e-01,-0.00000e+00,-1.86000e+00,
4.8587441e-01,-0.00000e+00,-1.86000e+00,
4.8602089e-01,-0.00000e+00,-1.86000e+00,
4.8616737e-01,-0.00000e+00,-1.88000e+00,
4.8631385e-01,-0.00000e+00,-1.88000e+00,
4.8646033e-01,-0.00000e+00,-1.88000e+00,
4.8660681e-01,-0.00000e+00,-1.88000e+00,
4.8675328e-01,-0.00000e+00,-1.88000e+00,
4.8689976e-01,-0.00000e+00,-1.86000e+00,
4.8704624e-01,2.00001e-01,-1.88000e+00,
4.8719272e-01,-0.00000e+00,-1.88000e+00,
4.8733920e-01,-0.00000e+00,-1.88000e+00,
4.8748568e-01,-0.00000e+00,-1.88000e+00,
4.8763216e-01,-0.00000e+00,-1.88000e+00,
4.8777863e-01,-0.00000e+00,-1.86000e+00,
4.8792511e-01,-0.00000e+00,-1.88000e+00,
4.8807159e-01,-0.00000e+00,-1.88000e+00,
4.8821807e-01,-0.00000e+00,-1.86000e+00,
4.8836455e-01,-0.00000e+00,-1.86000e+00,
4.8851103e-01,-0.00000e+00,-1.86000e+00,
4.8865750e-01,-0.00000e+00,-1.88000e+00,
4.8880398e-01,-0.00000e+00,-1.88000e+00,
4.8895046e-01,-0.00000e+00,-1.88000e+00,
4.8909694e-01,-0.00000e+00,-1.86000e+00,
4.8924342e-01,-0.00000e+00,-1.86000e+00,
4.8938990e-01,-0.00000e+00,-1.88000e+00,
4.8953637e-01,-0.00000e+00,-1.88000e+00,
4.8968285e-01,-0.00000e+00,-1.86000e+00,
4.8982933e-01,-0.00000e+00,-1.88000e+00,
4.8997581e-01,-0.00000e+00,-1.88000e+00,
4.9012229e-01,-0.00000e+00,-1.86000e+00,
4.9026877e-01,-0.00000e+00,-1.88000e+00,
4.9041525e-01,-0.00000e+00,-1.88000e+00,
4.9056172e-01,-0.00000e+00,-1.86000e+00,
4.9070820e-01,2.00001e-01,-1.88000e+00,
4.9085468e-01,-0.00000e+00,-1.88000e+00,
4.9100116e-01,-0.00000e+00,-1.88000e+00,
4.9114764e-01,-0.00000e+00,-1.88000e+00,
4.9129412e-01,-0.00000e+00,-1.88000e+00,
4.9144059e-01,-0.00000e+00,-1.88000e+00,
4.9158707e-01,-0.00000e+00,-1.86000e+00,
4.9173355e-01,-0.00000e+00,-1.86000e+00,
4.9188003e-01,-0.00000e+00,-1.86000e+00,
4.9202651e-01,-0.00000e+00,-1.86000e+00,
4.9217299e-01,-0.00000e+00,-1.88000e+00,
4.9231946e-01,-0.00000e+00,-1.86000e+00,
4.9246594e-01,-0.00000e+00,-1.86000e+00,
4.9261242e-01,-0.00000e+00,-1.86000e+00,
4.9275890e-01,-0.00000e+00,-1.86000e+00,
4.9290538e-01,-0.00000e+00,-1.88000e+00,
4.9305186e-01,-0.00000e+00,-1.86000e+00,
4.9319834e-01,-0.00000e+00,-1.86000e+00,
4.9334481e-01,-0.00000e+00,-1.86000e+00,
4.9349129e-01,-0.00000e+00,-1.88000e+00,
4.9363777e-01,-0.00000e+00,-1.86000e+00,
4.9378425e-01,-0.00000e+00,-1.86000e+00,
4.9393073e-01,-0.00000e+00,-1.86000e+00,
4.9407721e-01,-0.00000e+00,-1.84000e+00,
4.9422368e-01,-0.00000e+00,-1.86000e+00,
4.9437016e-01,-0.00000e+00,-1.86000e+00,
4.9451664e-01,-0.00000e+00,-1.86000e+00,
4.9466312e-01,-0.00000e+00,-1.86000e+00,
4.9480960e-01,-0.00000e+00,-1.86000e+00,
4.9495608e-01,-0.00000e+00,-1.86000e+00,
4.9510255e-01,-0.00000e+00,-1.86000e+00,
4.9524903e-01,-0.00000e+00,-1.86000e+00,
4.9539551e-01,-0.00000e+00,-1.84000e+00,
4.9554199e-01,-0.00000e+00,-1.84000e+00,
4.9568847e-01,-0.00000e+00,-1.84000e+00,
4.9583495e-01,-0.00000e+00,-1.86000e+00,
4.9598143e-01,2.00001e-01,-1.86000e+00,
4.9612790e-01,-0.00000e+00,-1.86000e+00,
4.9627438e-01,2.00001e-01,-1.86000e+00,
4.9642086e-01,-0.00000e+00,-1.86000e+00,
4.9656734e-01,-0.00000e+00,-1.84000e+00,
4.9671382e-01,-0.00000e+00,-1.86000e+00,
4.9686030e-01,-0.00000e+00,-1.84000e+00,
4.9700677e-01,-0.00000e+00,-1.86000e+00,
4.9715325e-01,-0.00000e+00,-1.84000e+00,
4.9729973e-01,-0.00000e+00,-1.84000e+00,
4.9744621e-01,-0.00000e+00,-1.84000e+00,
4.9759269e-01,2.00001e-01,-1.84000e+00,
4.9773917e-01,-0.00000e+00,-1.84000e+00,
4.9788564e-01,-0.00000e+00,-1.84000e+00,
4.9803212e-01,-0.00000e+00,-1.84000e+00,
4.9817860e-01,-0.00000e+00,-1.84000e+00,
4.9832508e-01,-0.00000e+00,-1.84000e+00,
4.9847156e-01,-0.00000e+00,-1.84000e+00,
4.9861804e-01,-0.00000e+00,-1.84000e+00,
4.9876451e-01,-0.00000e+00,-1.86000e+00,
4.9891099e-01,-0.00000e+00,-1.84000e+00,
4.9905747e-01,-0.00000e+00,-1.84000e+00,
4.9920395e-01,-0.00000e+00,-1.84000e+00,
4.9935043e-01,-0.00000e+00,-1.84000e+00,
4.9949691e-01,-0.00000e+00,-1.84000e+00,
4.9964339e-01,-0.00000e+00,-1.84000e+00,
4.9978986e-01,-0.00000e+00,-1.84000e+00,
4.9993634e-01,-0.00000e+00,-1.84000e+00,
5.0008285e-01,-0.00000e+00,-1.84000e+00,
5.0022936e-01,2.00001e-01,-1.84000e+00,
5.0037587e-01,-0.00000e+00,-1.84000e+00,
5.0052238e-01,-0.00000e+00,-1.84000e+00,
5.0066888e-01,-0.00000e+00,-1.84000e+00,
5.0081539e-01,-0.00000e+00,-1.84000e+00,
5.0096190e-01,-0.00000e+00,-1.84000e+00,
5.0110841e-01,-0.00000e+00,-1.84000e+00,
5.0125492e-01,-0.00000e+00,-1.84000e+00,
5.0140142e-01,-0.00000e+00,-1.84000e+00,
5.0154793e-01,-0.00000e+00,-1.84000e+00,
5.0169444e-01,-0.00000e+00,-1.84000e+00,
5.0184095e-01,-0.00000e+00,-1.84000e+00,
5.0198746e-01,-0.00000e+00,-1.84000e+00,
5.0213397e-01,-0.00000e+00,-1.84000e+00,
5.0228047e-01,-0.00000e+00,-1.84000e+00,
5.0242698e-01,-0.00000e+00,-1.84000e+00,
5.0257349e-01,2.00001e-01,-1.84000e+00,
5.0272000e-01,-0.00000e+00,-1.84000e+00,
5.0286651e-01,-0.00000e+00,-1.84000e+00,
5.0301301e-01,-0.00000e+00,-1.84000e+00,
5.0315952e-01,-0.00000e+00,-1.84000e+00,
5.0330603e-01,-0.00000e+00,-1.84000e+00,
5.0345254e-01,-0.00000e+00,-1.84000e+00,
5.0359905e-01,2.00001e-01,-1.84000e+00,
5.0374556e-01,-0.00000e+00,-1.84000e+00,
5.0389206e-01,-0.00000e+00,-1.82000e+00,
5.0403857e-01,2.00001e-01,-1.82000e+00,
5.0418508e-01,-0.00000e+00,-1.82000e+00,
5.0433159e-01,2.00001e-01,-1.82000e+00,
5.0447810e-01,-0.00000e+00,-1.82000e+00,
5.0462461e-01,2.00001e-01,-1.82000e+00,
5.0477111e-01,2.00001e-01,-1.82000e+00,
5.0491762e-01,2.00001e-01,-1.82000e+00,
5.0506413e-01,2.00001e-01,-1.80000e+00,
5.0521064e-01,2.00001e-01,-1.82000e+00,
5.0535715e-01,-0.00000e+00,-1.82000e+00,
5.0550365e-01,-0.00000e+00,-1.80000e+00,
5.0565016e-01,-0.00000e+00,-1.82000e+00,
5.0579667e-01,-0.00000e+00,-1.82000e+00,
5.0594318e-01,-0.00000e+00,-1.80000e+00,
5.0608969e-01,2.00001e-01,-1.80000e+00,
5.0623620e-01,-0.00000e+00,-1.80000e+00,
5.0638270e-01,-0.00000e+00,-1.82000e+00,
5.0652921e-01,-0.00000e+00,-1.80000e+00,
5.0667572e-01,-0.00000e+00,-1.80000e+00,
5.0682223e-01,-0.00000e+00,-1.80000e+00,
5.0696874e-01,-0.00000e+00,-1.80000e+00,
5.0711524e-01,-0.00000e+00,-1.80000e+00,
5.0726175e-01,-0.00000e+00,-1.80000e+00,
5.0740826e-01,-0.00000e+00,-1.80000e+00,
5.0755477e-01,-0.00000e+00,-1.80000e+00,
5.0770128e-01,2.00001e-01,-1.80000e+00,
5.0784779e-01,-0.00000e+00,-1.80000e+00,
5.0799429e-01,-0.00000e+00,-1.80000e+00,
5.0814080e-01,2.00001e-01,-1.78000e+00,
5.0828731e-01,-0.00000e+00,-1.78000e+00,
5.0843382e-01,2.00001e-01,-1.78000e+00,
5.0858033e-01,2.00001e-01,-1.78000e+00,
5.0872684e-01,-0.00000e+00,-1.80000e+00,
5.0887334e-01,-0.00000e+00,-1.78000e+00,
5.0901985e-01,-0.00000e+00,-1.78000e+00,
5.0916636e-01,-0.00000e+00,-1.78000e+00,
5.0931287e-01,-0.00000e+00,-1.80000e+00,
5.0945938e-01,-0.00000e+00,-1.78000e+00,
5.0960588e-01,-0.00000e+00,-1.78000e+00,
5.0975239e-01,-0.00000e+00,-1.78000e+00,
5.0989890e-01,-0.00000e+00,-1.78000e+00,
5.1004541e-01,-0.00000e+00,-1.76000e+00,
5.1019192e-01,-0.00000e+00,-1.78000e+00,
5.1033843e-01,2.00001e-01,-1.78000e+00,
5.1048493e-01,-0.00000e+00,-1.78000e+00,
5.1063144e-01,-0.00000e+00,-1.76000e+00,
5.1077795e-01,-0.00000e+00,-1.76000e+00,
5.1092446e-01,-0.00000e+00,-1.76000e+00,
5.1107097e-01,2.00001e-01,-1.76000e+00,
5.1121747e-01,-0.00000e+00,-1.76000e+00,
5.1136398e-01,-0.00000e+00,-1.78000e+00,
5.1151049e-01,-0.00000e+00,-1.78000e+00,
5.1165700e-01,-0.00000e+00,-1.76000e+00,
5.1180351e-01,2.00001e-01,-1.76000e+00,
5.1195002e-01,-0.00000e+00,-1.76000e+00,
5.1209652e-01,-0.00000e+00,-1.76000e+00,
5.1224303e-01,-0.00000e+00,-1.76000e+00,
5.1238954e-01,-0.00000e+00,-1.78000e+00,
5.1253605e-01,-0.00000e+00,-1.76000e+00,
5.1268256e-01,-0.00000e+00,-1.76000e+00,
5.1282907e-01,-0.00000e+00,-1.76000e+00,
5.1297557e-01,-0.00000e+00,-1.76000e+00,
5.1312208e-01,-0.00000e+00,-1.76000e+00,
5.1326859e-01,-0.00000e+00,-1.76000e+00,
5.1341510e-01,-0.00000e+00,-1.76000e+00,
5.1356161e-01,2.00001e-01,-1.76000e+00,
5.1370811e-01,-0.00000e+00,-1.76000e+00,
5.1385462e-01,-0.00000e+00,-1.76000e+00,
5.1400113e-01,-0.00000e+00,-1.76000e+00,
5.1414764e-01,-0.00000e+00,-1.76000e+00,
5.1429415e-01,-0.00000e+00,-1.76000e+00,
5.1444066e-01,-0.00000e+00,-1.76000e+00,
5.1458716e-01,-0.00000e+00,-1.76000e+00,
5.1473367e-01,-0.00000e+00,-1.76000e+00,
5.1488018e-01,-0.00000e+00,-1.76000e+00,
5.1502669e-01,-0.00000e+00,-1.76000e+00,
5.1517320e-01,-0.00000e+00,-1.74000e+00,
5.1531971e-01,-0.00000e+00,-1.74000e+00,
5.1546621e-01,-0.00000e+00,-1.74000e+00,
5.1561272e-01,-0.00000e+00,-1.74000e+00,
5.1575923e-01,2.00001e-01,-1.74000e+00,
5.1590574e-01,-0.00000e+00,-1.76000e+00,
5.1605225e-01,-0.00000e+00,-1.72000e+00,
5.1619875e-01,-0.00000e+00,-1.74000e+00,
5.1634526e-01,-0.00000e+00,-1.72000e+00,
5.1649177e-01,-0.00000e+00,-1.72000e+00,
5.1663828e-01,-0.00000e+00,-1.72000e+00,
5.1678479e-01,-0.00000e+00,-1.72000e+00,
5.1693130e-01,-0.00000e+00,-1.72000e+00,
5.1707780e-01,-0.00000e+00,-1.72000e+00,
5.1722431e-01,-0.00000e+00,-1.72000e+00,
5.1737082e-01,-0.00000e+00,-1.72000e+00,
5.1751733e-01,-0.00000e+00,-1.72000e+00,
5.1766384e-01,-0.00000e+00,-1.72000e+00,
5.1781034e-01,-0.00000e+00,-1.70000e+00,
5.1795685e-01,-0.00000e+00,-1.72000e+00,
5.1810336e-01,-0.00000e+00,-1.72000e+00,
5.1824987e-01,2.00001e-01,-1.72000e+00,
5.1839638e-01,-0.00000e+00,-1.70000e+00,
5.1854289e-01,-0.00000e+00,-1.70000e+00,
5.1868939e-01,-0.00000e+00,-1.72000e+00,
5.1883590e-01,-0.00000e+00,-1.70000e+00,
5.1898241e-01,-0.00000e+00,-1.70000e+00,
5.1912892e-01,-0.00000e+00,-1.70000e+00,
5.1927543e-01,-0.00000e+00,-1.66000e+00,
5.1942194e-01,2.00001e-01,-1.70000e+00,
5.1956844e-01,2.00001e-01,-1.70000e+00,
5.1971495e-01,-0.00000e+00,-1.66000e+00,
5.1986146e-01,-0.00000e+00,-1.66000e+00,
5.2000797e-01,-0.00000e+00,-1.70000e+00,
5.2015448e-01,2.00001e-01,-1.66000e+00,
5.2030098e-01,-0.00000e+00,-1.66000e+00,
5.2044749e-01,-0.00000e+00,-1.66000e+00,
5.2059400e-01,-0.00000e+00,-1.70000e+00,
5.2074051e-01,-0.00000e+00,-1.66000e+00,
5.2088702e-01,-0.00000e+00,-1.66000e+00,
5.2103353e-01,-0.00000e+00,-1.66000e+00,
5.2118003e-01,-0.00000e+00,-1.66000e+00,
5.2132654e-01,-0.00000e+00,-1.66000e+00,
5.2147305e-01,-0.00000e+00,-1.66000e+00,
5.2161956e-01,-0.00000e+00,-1.66000e+00,
5.2176607e-01,-0.00000e+00,-1.66000e+00,
5.2191257e-01,-0.00000e+00,-1.66000e+00,
5.2205908e-01,-0.00000e+00,-1.66000e+00,
5.2220559e-01,-0.00000e+00,-1.66000e+00,
5.2235210e-01,-0.00000e+00,-1.66000e+00,
5.2249861e-01,-0.00000e+00,-1.66000e+00,
5.2264512e-01,-0.00000e+00,-1.66000e+00,
5.2279162e-01,-0.00000e+00,-1.64000e+00,
5.2293813e-01,-0.00000e+00,-1.66000e+00,
5.2308464e-01,-0.00000e+00,-1.64000e+00,
5.2323115e-01,-0.00000e+00,-1.64000e+00,
5.2337766e-01,-0.00000e+00,-1.62000e+00,
5.2352417e-01,-0.00000e+00,-1.62000e+00,
5.2367067e-01,-0.00000e+00,-1.64000e+00,
5.2381718e-01,2.00001e-01,-1.62000e+00,
5.2396369e-01,-0.00000e+00,-1.62000e+00,
5.2411020e-01,-0.00000e+00,-1.64000e+00,
5.2425671e-01,-0.00000e+00,-1.64000e+00,
5.2440321e-01,-0.00000e+00,-1.62000e+00,
5.2454972e-01,2.00001e-01,-1.62000e+00,
5.2469623e-01,-0.00000e+00,-1.62000e+00,
5.2484274e-01,2.00001e-01,-1.62000e+00,
5.2498925e-01,-0.00000e+00,-1.62000e+00,
5.2513576e-01,-0.00000e+00,-1.62000e+00,
5.2528226e-01,2.00001e-01,-1.62000e+00,
5.2542877e-01,-0.00000e+00,-1.62000e+00,
5.2557528e-01,-0.00000e+00,-1.60000e+00,
5.2572179e-01,-0.00000e+00,-1.60000e+00,
5.2586830e-01,-0.00000e+00,-1.60000e+00,
5.2601480e-01,-0.00000e+00,-1.62000e+00,
5.2616131e-01,-0.00000e+00,-1.62000e+00,
5.2630782e-01,-0.00000e+00,-1.60000e+00,
5.2645433e-01,2.00001e-01,-1.60000e+00,
5.2660084e-01,2.00001e-01,-1.60000e+00,
5.2674735e-01,-0.00000e+00,-1.60000e+00,
5.2689385e-01,-0.00000e+00,-1.58000e+00,
5.2704036e-01,2.00001e-01,-1.60000e+00,
5.2718687e-01,2.00001e-01,-1.60000e+00,
5.2733338e-01,-0.00000e+00,-1.60000e+00,
5.2747989e-01,-0.00000e+00,-1.58000e+00,
5.2762640e-01,-0.00000e+00,-1.58000e+00,
5.2777290e-01,-0.00000e+00,-1.58000e+00,
5.2791941e-01,-0.00000e+00,-1.58000e+00,
5.2806592e-01,-0.00000e+00,-1.60000e+00,
5.2821243e-01,-0.00000e+00,-1.60000e+00,
5.2835894e-01,-0.00000e+00,-1.58000e+00,
5.2850544e-01,-0.00000e+00,-1.58000e+00,
5.2865195e-01,-0.00000e+00,-1.60000e+00,
5.2879846e-01,-0.00000e+00,-1.58000e+00,
5.2894497e-01,-0.00000e+00,-1.58000e+00,
5.2909148e-01,-0.00000e+00,-1.58000e+00,
5.2923799e-01,-0.00000e+00,-1.58000e+00,
5.2938449e-01,2.00001e-01,-1.58000e+00,
5.2953100e-01,-0.00000e+00,-1.58000e+00,
5.2967751e-01,-0.00000e+00,-1.58000e+00,
5.2982402e-01,-0.00000e+00,-1.58000e+00,
5.2997053e-01,-0.00000e+00,-1.58000e+00,
5.3011703e-01,-0.00000e+00,-1.58000e+00,
5.3026354e-01,2.00001e-01,-1.58000e+00,
5.3041005e-01,-0.00000e+00,-1.58000e+00,
5.3055656e-01,-0.00000e+00,-1.58000e+00,
5.3070307e-01,-0.00000e+00,-1.56000e+00,
5.3084958e-01,2.00001e-01,-1.58000e+00,
5.3099608e-01,2.00001e-01,-1.56000e+00,
5.3114259e-01,-0.00000e+00,-1.58000e+00,
5.3128910e-01,2.00001e-01,-1.54000e+00,
5.3143561e-01,2.00001e-01,-1.54000e+00,
5.3158212e-01,2.00001e-01,-1.56000e+00,
5.3172863e-01,-0.00000e+00,-1.56000e+00,
5.3187513e-01,-0.00000e+00,-1.54000e+00,
5.3202164e-01,-0.00000e+00,-1.54000e+00,
5.3216815e-01,-0.00000e+00,-1.54000e+00,
5.3231466e-01,-0.00000e+00,-1.54000e+00,
5.3246117e-01,2.00001e-01,-1.54000e+00,
5.3260767e-01,-0.00000e+00,-1.54000e+00,
5.3275418e-01,-0.00000e+00,-1.54000e+00,
5.3290069e-01,-0.00000e+00,-1.54000e+00,
5.3304720e-01,-0.00000e+00,-1.52000e+00,
5.3319371e-01,-0.00000e+00,-1.54000e+00,
5.3334022e-01,-0.00000e+00,-1.52000e+00,
5.3348672e-01,-0.00000e+00,-1.52000e+00,
5.3363323e-01,-0.00000e+00,-1.52000e+00,
5.3377974e-01,-0.00000e+00,-1.52000e+00,
5.3392625e-01,2.00001e-01,-1.52000e+00,
5.3407276e-01,2.00001e-01,-1.52000e+00,
5.3421926e-01,-0.00000e+00,-1.50000e+00,
5.3436577e-01,-0.00000e+00,-1.52000e+00,
5.3451228e-01,2.00001e-01,-1.50000e+00,
5.3465879e-01,-0.00000e+00,-1.52000e+00,
5.3480530e-01,2.00001e-01,-1.50000e+00,
5.3495181e-01,-0.00000e+00,-1.50000e+00,
5.3509831e-01,-0.00000e+00,-1.50000e+00,
5.3524482e-01,-0.00000e+00,-1.50000e+00,
5.3539133e-01,-0.00000e+00,-1.50000e+00,
5.3553784e-01,-0.00000e+00,-1.50000e+00,
5.3568435e-01,-0.00000e+00,-1.50000e+00,
5.3583086e-01,-0.00000e+00,-1.50000e+00,
5.3597736e-01,2.00001e-01,-1.50000e+00,
5.3612387e-01,2.00001e-01,-1.50000e+00,
5.3627038e-01,2.00001e-01,-1.50000e+00,
5.3641689e-01,-0.00000e+00,-1.50000e+00,
5.3656340e-01,-0.00000e+00,-1.50000e+00,
5.3670990e-01,-0.00000e+00,-1.50000e+00,
5.3685641e-01,2.00001e-01,-1.50000e+00,
5.3700292e-01,-0.00000e+00,-1.50000e+00,
5.3714943e-01,-0.00000e+00,-1.48000e+00,
5.3729594e-01,-0.00000e+00,-1.50000e+00,
5.3744245e-01,2.00001e-01,-1.48000e+00,
5.3758895e-01,-0.00000e+00,-1.48000e+00,
5.3773546e-01,-0.00000e+00,-1.48000e+00,
5.3788197e-01,2.00001e-01,-1.48000e+00,
5.3802848e-01,2.00001e-01,-1.48000e+00,
5.3817499e-01,-0.00000e+00,-1.46000e+00,
5.3832150e-01,2.00001e-01,-1.46000e+00,
5.3846800e-01,-0.00000e+00,-1.46000e+00,
5.3861451e-01,-0.00000e+00,-1.46000e+00,
5.3876102e-01,2.00001e-01,-1.46000e+00,
5.3890753e-01,-0.00000e+00,-1.46000e+00,
5.3905404e-01,-0.00000e+00,-1.46000e+00,
5.3920054e-01,-0.00000e+00,-1.46000e+00,
5.3934705e-01,2.00001e-01,-1.46000e+00,
5.3949356e-01,-0.00000e+00,-1.44000e+00,
5.3964007e-01,-0.00000e+00,-1.46000e+00,
5.3978658e-01,-0.00000e+00,-1.46000e+00,
5.3993309e-01,-0.00000e+00,-1.46000e+00,
5.4007959e-01,2.00001e-01,-1.46000e+00,
5.4022610e-01,-0.00000e+00,-1.46000e+00,
5.4037261e-01,-0.00000e+00,-1.44000e+00,
5.4051912e-01,-0.00000e+00,-1.44000e+00,
5.4066563e-01,2.00001e-01,-1.44000e+00,
5.4081213e-01,-0.00000e+00,-1.44000e+00,
5.4095864e-01,2.00001e-01,-1.44000e+00,
5.4110515e-01,2.00001e-01,-1.42000e+00,
5.4125166e-01,-0.00000e+00,-1.44000e+00,
5.4139817e-01,-0.00000e+00,-1.42000e+00,
5.4154468e-01,-0.00000e+00,-1.44000e+00,
5.4169118e-01,-0.00000e+00,-1.44000e+00,
5.4183769e-01,2.00001e-01,-1.42000e+00,
5.4198420e-01,-0.00000e+00,-1.42000e+00,
5.4213071e-01,-0.00000e+00,-1.42000e+00,
5.4227722e-01,-0.00000e+00,-1.42000e+00,
5.4242373e-01,2.00001e-01,-1.42000e+00,
5.4257023e-01,-0.00000e+00,-1.42000e+00,
5.4271674e-01,-0.00000e+00,-1.42000e+00,
5.4286325e-01,2.00001e-01,-1.42000e+00,
5.4300976e-01,-0.00000e+00,-1.42000e+00,
5.4315627e-01,-0.00000e+00,-1.42000e+00,
5.4330277e-01,-0.00000e+00,-1.42000e+00,
5.4344928e-01,2.00001e-01,-1.42000e+00,
5.4359579e-01,-0.00000e+00,-1.42000e+00,
5.4374230e-01,-0.00000e+00,-1.42000e+00,
5.4388881e-01,2.00001e-01,-1.42000e+00,
5.4403532e-01,-0.00000e+00,-1.42000e+00,
5.4418182e-01,-0.00000e+00,-1.42000e+00,
5.4432833e-01,2.00001e-01,-1.42000e+00,
5.4447484e-01,-0.00000e+00,-1.40000e+00,
5.4462135e-01,2.00001e-01,-1.42000e+00,
5.4476786e-01,2.00001e-01,-1.40000e+00,
5.4491436e-01,2.00001e-01,-1.40000e+00,
5.4506087e-01,2.00001e-01,-1.40000e+00,
5.4520738e-01,-0.00000e+00,-1.40000e+00,
5.4535389e-01,2.00001e-01,-1.40000e+00,
5.4550040e-01,-0.00000e+00,-1.38000e+00,
5.4564691e-01,-0.00000e+00,-1.38000e+00,
5.4579341e-01,2.00001e-01,-1.38000e+00,
5.4593992e-01,-0.00000e+00,-1.38000e+00,
5.4608643e-01,-0.00000e+00,-1.38000e+00,
5.4623294e-01,-0.00000e+00,-1.38000e+00,
5.4637945e-01,-0.00000e+00,-1.38000e+00,
5.4652596e-01,2.00001e-01,-1.36000e+00,
5.4667246e-01,-0.00000e+00,-1.38000e+00,
5.4681897e-01,-0.00000e+00,-1.38000e+00,
5.4696548e-01,-0.00000e+00,-1.38000e+00,
5.4711199e-01,-0.00000e+00,-1.36000e+00,
5.4725850e-01,-0.00000e+00,-1.38000e+00,
5.4740500e-01,-0.00000e+00,-1.36000e+00,
5.4755151e-01,-0.00000e+00,-1.38000e+00,
5.4769802e-01,-0.00000e+00,-1.34000e+00,
5.4784453e-01,2.00001e-01,-1.36000e+00,
5.4799104e-01,2.00001e-01,-1.34000e+00,
5.4813755e-01,-0.00000e+00,-1.34000e+00,
5.4828405e-01,-0.00000e+00,-1.34000e+00,
5.4843056e-01,-0.00000e+00,-1.36000e+00,
5.4857707e-01,2.00001e-01,-1.36000e+00,
5.4872358e-01,-0.00000e+00,-1.36000e+00,
5.4887009e-01,-0.00000e+00,-1.36000e+00,
5.4901659e-01,-0.00000e+00,-1.34000e+00,
5.4916310e-01,-0.00000e+00,-1.36000e+00,
5.4930961e-01,-0.00000e+00,-1.34000e+00,
5.4945612e-01,-0.00000e+00,-1.34000e+00,
5.4960263e-01,2.00001e-01,-1.34000e+00,
5.4974914e-01,-0.00000e+00,-1.34000e+00,
5.4989564e-01,-0.00000e+00,-1.34000e+00,
5.5004215e-01,-0.00000e+00,-1.34000e+00,
5.5018866e-01,2.00001e-01,-1.34000e+00,
5.5033517e-01,-0.00000e+00,-1.34000e+00,
5.5048168e-01,-0.00000e+00,-1.34000e+00,
5.5062819e-01,-0.00000e+00,-1.34000e+00,
5.5077469e-01,-0.00000e+00,-1.34000e+00,
5.5092120e-01,2.00001e-01,-1.32000e+00,
5.5106771e-01,2.00001e-01,-1.34000e+00,
5.5121422e-01,-0.00000e+00,-1.34000e+00,
5.5136073e-01,-0.00000e+00,-1.34000e+00,
5.5150723e-01,-0.00000e+00,-1.34000e+00,
5.5165374e-01,-0.00000e+00,-1.34000e+00,
5.5180025e-01,-0.00000e+00,-1.32000e+00,
5.5194676e-01,-0.00000e+00,-1.34000e+00,
5.5209327e-01,-0.00000e+00,-1.30000e+00,
5.5223978e-01,-0.00000e+00,-1.32000e+00,
5.5238628e-01,-0.00000e+00,-1.30000e+00,
5.5253279e-01,2.00001e-01,-1.30000e+00,
5.5267930e-01,-0.00000e+00,-1.30000e+00,
5.5282581e-01,-0.00000e+00,-1.30000e+00,
5.5297232e-01,-0.00000e+00,-1.28000e+00,
5.5311882e-01,-0.00000e+00,-1.30000e+00,
5.5326533e-01,-0.00000e+00,-1.30000e+00,
5.5341184e-01,2.00001e-01,-1.30000e+00,
5.5355835e-01,-0.00000e+00,-1.28000e+00,
5.5370486e-01,-0.00000e+00,-1.28000e+00,
5.5385137e-01,-0.00000e+00,-1.28000e+00,
5.5399787e-01,-0.00000e+00,-1.28000e+00,
5.5414438e-01,-0.00000e+00,-1.28000e+00,
5.5429089e-01,-0.00000e+00,-1.28000e+00,
5.5443740e-01,2.00001e-01,-1.28000e+00,
5.5458391e-01,2.00001e-01,-1.28000e+00,
5.5473042e-01,2.00001e-01,-1.28000e+00,
5.5487692e-01,2.00001e-01,-1.28000e+00,
5.5502343e-01,-0.00000e+00,-1.26000e+00,
5.5516994e-01,-0.00000e+00,-1.26000e+00,
5.5531645e-01,-0.00000e+00,-1.26000e+00,
5.5546296e-01,-0.00000e+00,-1.26000e+00,
5.5560946e-01,-0.00000e+00,-1.26000e+00,
5.5575597e-01,-0.00000e+00,-1.26000e+00,
5.5590248e-01,-0.00000e+00,-1.26000e+00,
5.5604899e-01,2.00001e-01,-1.26000e+00,
5.5619550e-01,-0.00000e+00,-1.26000e+00,
5.5634201e-01,-0.00000e+00,-1.26000e+00,
5.5648851e-01,-0.00000e+00,-1.26000e+00,
5.5663502e-01,-0.00000e+00,-1.26000e+00,
5.5678153e-01,-0.00000e+00,-1.26000e+00,
5.5692804e-01,2.00001e-01,-1.26000e+00,
5.5707455e-01,-0.00000e+00,-1.26000e+00,
5.5722106e-01,2.00001e-01,-1.26000e+00,
5.5736756e-01,2.00001e-01,-1.24000e+00,
5.5751407e-01,-0.00000e+00,-1.26000e+00,
5.5766058e-01,2.00001e-01,-1.26000e+00,
5.5780709e-01,-0.00000e+00,-1.24000e+00,
5.5795360e-01,2.00001e-01,-1.24000e+00,
5.5810010e-01,-0.00000e+00,-1.26000e+00,
5.5824661e-01,2.00001e-01,-1.24000e+00,
5.5839312e-01,-0.00000e+00,-1.22000e+00,
5.5853963e-01,-0.00000e+00,-1.22000e+00,
5.5868614e-01,-0.00000e+00,-1.24000e+00,
5.5883265e-01,-0.00000e+00,-1.22000e+00,
5.5897915e-01,-0.00000e+00,-1.22000e+00,
5.5912566e-01,-0.00000e+00,-1.24000e+00,
5.5927217e-01,-0.00000e+00,-1.22000e+00,
5.5941868e-01,2.00001e-01,-1.22000e+00,
5.5956519e-01,-0.00000e+00,-1.22000e+00,
5.5971169e-01,-0.00000e+00,-1.22000e+00,
5.5985820e-01,2.00001e-01,-1.22000e+00,
5.6000471e-01,-0.00000e+00,-1.20000e+00,
5.6015122e-01,-0.00000e+00,-1.20000e+00,
5.6029773e-01,-0.00000e+00,-1.20000e+00,
5.6044424e-01,-0.00000e+00,-1.20000e+00,
5.6059074e-01,-0.00000e+00,-1.22000e+00,
5.6073725e-01,-0.00000e+00,-1.20000e+00,
5.6088376e-01,2.00001e-01,-1.20000e+00,
5.6103027e-01,-0.00000e+00,-1.20000e+00,
5.6117678e-01,-0.00000e+00,-1.20000e+00,
5.6132329e-01,-0.00000e+00,-1.18000e+00,
5.6146979e-01,-0.00000e+00,-1.18000e+00,
5.6161630e-01,-0.00000e+00,-1.18000e+00,
5.6176281e-01,-0.00000e+00,-1.18000e+00,
5.6190932e-01,-0.00000e+00,-1.18000e+00,
5.6205583e-01,-0.00000e+00,-1.18000e+00,
5.6220233e-01,-0.00000e+00,-1.20000e+00,
5.6234884e-01,-0.00000e+00,-1.18000e+00,
5.6249535e-01,-0.00000e+00,-1.18000e+00,
5.6264186e-01,-0.00000e+00,-1.18000e+00,
5.6278837e-01,-0.00000e+00,-1.18000e+00,
5.6293488e-01,2.00001e-01,-1.18000e+00,
5.6308138e-01,-0.00000e+00,-1.18000e+00,
5.6322789e-01,-0.00000e+00,-1.18000e+00,
5.6337440e-01,-0.00000e+00,-1.18000e+00,
5.6352091e-01,-0.00000e+00,-1.18000e+00,
5.6366742e-01,-0.00000e+00,-1.18000e+00,
5.6381392e-01,2.00001e-01,-1.18000e+00,
5.6396043e-01,5.00000e+00,-1.16000e+00,
5.6410694e-01,-0.00000e+00,-1.18000e+00,
5.6425345e-01,-0.00000e+00,-1.18000e+00,
5.6439996e-01,-0.00000e+00,-1.18000e+00,
5.6454647e-01,-0.00000e+00,-1.18000e+00,
5.6469297e-01,-0.00000e+00,-1.16000e+00,
5.6483948e-01,2.00001e-01,-1.16000e+00,
5.6498599e-01,-0.00000e+00,-1.18000e+00,
5.6513250e-01,-0.00000e+00,-1.16000e+00,
5.6527901e-01,2.00001e-01,-1.16000e+00,
5.6542552e-01,-0.00000e+00,-1.16000e+00,
5.6557202e-01,-0.00000e+00,-1.14000e+00,
5.6571853e-01,-0.00000e+00,-1.16000e+00,
5.6586504e-01,-0.00000e+00,-1.14000e+00,
5.6601155e-01,-0.00000e+00,-1.14000e+00,
5.6615806e-01,-0.00000e+00,-1.14000e+00,
5.6630456e-01,-0.00000e+00,-1.14000e+00,
5.6645107e-01,-0.00000e+00,-1.14000e+00,
5.6659758e-01,-0.00000e+00,-1.14000e+00,
5.6674409e-01,-0.00000e+00,-1.14000e+00,
5.6689060e-01,2.00001e-01,-1.14000e+00,
5.6703711e-01,-0.00000e+00,-1.14000e+00,
5.6718361e-01,-0.00000e+00,-1.12000e+00,
5.6733012e-01,-0.00000e+00,-1.12000e+00,
5.6747663e-01,-0.00000e+00,-1.12000e+00,
5.6762314e-01,-0.00000e+00,-1.12000e+00,
5.6776965e-01,-0.00000e+00,-1.12000e+00,
5.6791615e-01,2.00001e-01,-1.12000e+00,
5.6806266e-01,-0.00000e+00,-1.12000e+00,
5.6820917e-01,-0.00000e+00,-1.12000e+00,
5.6835568e-01,-0.00000e+00,-1.12000e+00,
5.6850219e-01,-0.00000e+00,-1.12000e+00,
5.6864870e-01,2.00001e-01,-1.12000e+00,
5.6879520e-01,-0.00000e+00,-1.10000e+00,
5.6894171e-01,-0.00000e+00,-1.12000e+00,
5.6908822e-01,-0.00000e+00,-1.10000e+00,
5.6923473e-01,-0.00000e+00,-1.10000e+00,
5.6938124e-01,2.00001e-01,-1.10000e+00,
5.6952775e-01,-0.00000e+00,-1.10000e+00,
5.6967425e-01,-0.00000e+00,-1.10000e+00,
5.6982076e-01,-0.00000e+00,-1.10000e+00,
5.6996727e-01,-0.00000e+00,-1.10000e+00,
5.7011378e-01,-0.00000e+00,-1.10000e+00,
5.7026029e-01,-0.00000e+00,-1.10000e+00,
5.7040679e-01,-0.00000e+00,-1.10000e+00,
5.7055330e-01,2.00001e-01,-1.10000e+00,
5.7069981e-01,2.00001e-01,-1.10000e+00,
5.7084632e-01,-0.00000e+00,-1.10000e+00,
5.7099283e-01,-0.00000e+00,-1.10000e+00,
5.7113934e-01,-0.00000e+00,-1.08000e+00,
5.7128584e-01,2.00001e-01,-1.10000e+00,
5.7143235e-01,2.00001e-01,-1.08000e+00,
5.7157886e-01,-0.00000e+00,-1.08000e+00,
5.7172537e-01,-0.00000e+00,-1.08000e+00,
5.7187188e-01,-0.00000e+00,-1.06000e+00,
5.7201838e-01,-0.00000e+00,-1.06000e+00,
5.7216489e-01,-0.00000e+00,-1.08000e+00,
5.7231140e-01,-0.00000e+00,-1.06000e+00,
5.7245791e-01,-0.00000e+00,-1.08000e+00,
5.7260442e-01,-0.00000e+00,-1.06000e+00,
5.7275093e-01,-0.00000e+00,-1.06000e+00,
5.7289743e-01,-0.00000e+00,-1.06000e+00,
5.7304394e-01,-0.00000e+00,-1.06000e+00,
5.7319045e-01,-0.00000e+00,-1.06000e+00,
5.7333696e-01,-0.00000e+00,-1.06000e+00,
5.7348347e-01,-0.00000e+00,-1.06000e+00,
5.7362998e-01,-0.00000e+00,-1.04000e+00,
5.7377648e-01,-0.00000e+00,-1.04000e+00,
5.7392299e-01,-0.00000e+00,-1.04000e+00,
5.7406950e-01,2.00001e-01,-1.06000e+00,
5.7421601e-01,-0.00000e+00,-1.04000e+00,
5.7436252e-01,-0.00000e+00,-1.04000e+00,
5.7450902e-01,-0.00000e+00,-1.04000e+00,
5.7465553e-01,-0.00000e+00,-1.04000e+00,
5.7480204e-01,-0.00000e+00,-1.04000e+00,
5.7494855e-01,-0.00000e+00,-1.04000e+00,
5.7509506e-01,-0.00000e+00,-1.04000e+00,
5.7524157e-01,-0.00000e+00,-1.02000e+00,
5.7538807e-01,-0.00000e+00,-1.04000e+00,
5.7553458e-01,-0.00000e+00,-1.02000e+00,
5.7568109e-01,-0.00000e+00,-1.02000e+00,
5.7582760e-01,-0.00000e+00,-1.02000e+00,
5.7597411e-01,-0.00000e+00,-1.02000e+00,
5.7612062e-01,-0.00000e+00,-1.02000e+00,
5.7626712e-01,-0.00000e+00,-1.04000e+00,
5.7641363e-01,-0.00000e+00,-1.02000e+00,
5.7656014e-01,-0.00000e+00,-1.02000e+00,
5.7670665e-01,2.00001e-01,-1.02000e+00,
5.7685316e-01,-0.00000e+00,-1.02000e+00,
5.7699966e-01,2.00001e-01,-1.02000e+00,
5.7714617e-01,-0.00000e+00,-1.02000e+00,
5.7729268e-01,-0.00000e+00,-1.02000e+00,
5.7743919e-01,-0.00000e+00,-1.02000e+00,
5.7758570e-01,-0.00000e+00,-1.02000e+00,
5.7773221e-01,-0.00000e+00,-1.02000e+00,
5.7787871e-01,-0.00000e+00,-1.00000e+00,
5.7802522e-01,-0.00000e+00,-1.02000e+00,
5.7817173e-01,-0.00000e+00,-1.00000e+00,
5.7831824e-01,-0.00000e+00,-1.00000e+00,
5.7846475e-01,-0.00000e+00,-9.80000e-01,
5.7861125e-01,-0.00000e+00,-1.00000e+00,
5.7875776e-01,-0.00000e+00,-9.80000e-01,
5.7890427e-01,-0.00000e+00,-9.80000e-01,
5.7905078e-01,-0.00000e+00,-9.80000e-01,
5.7919729e-01,-0.00000e+00,-9.80000e-01,
5.7934380e-01,-0.00000e+00,-9.80000e-01,
5.7949030e-01,-0.00000e+00,-9.80000e-01,
5.7963681e-01,2.00001e-01,-9.80000e-01,
5.7978332e-01,-0.00000e+00,-9.80000e-01,
5.7992983e-01,-0.00000e+00,-9.80000e-01,
5.8007634e-01,2.00001e-01,-9.80000e-01,
5.8022285e-01,-0.00000e+00,-9.60000e-01,
5.8036935e-01,2.00001e-01,-9.80000e-01,
5.8051586e-01,-0.00000e+00,-9.80000e-01,
5.8066237e-01,-0.00000e+00,-9.60000e-01,
5.8080888e-01,-0.00000e+00,-9.60000e-01,
5.8095539e-01,-0.00000e+00,-9.60000e-01,
5.8110189e-01,-0.00000e+00,-9.60000e-01,
5.8124840e-01,-0.00000e+00,-9.60000e-01,
5.8139491e-01,2.00001e-01,-9.60000e-01,
5.8154142e-01,-0.00000e+00,-9.60000e-01,
5.8168793e-01,2.00001e-01,-9.60000e-01,
5.8183444e-01,-0.00000e+00,-9.60000e-01,
5.8198094e-01,-0.00000e+00,-9.40000e-01,
5.8212745e-01,-0.00000e+00,-9.60000e-01,
5.8227396e-01,2.00001e-01,-9.60000e-01,
5.8242047e-01,-0.00000e+00,-9.40000e-01,
5.8256698e-01,-0.00000e+00,-9.60000e-01,
5.8271348e-01,-0.00000e+00,-9.40000e-01,
5.8285999e-01,-0.00000e+00,-9.40000e-01,
5.8300650e-01,-0.00000e+00,-9.40000e-01,
5.8315301e-01,-0.00000e+00,-9.40000e-01,
5.8329952e-01,-0.00000e+00,-9.40000e-01,
5.8344603e-01,-0.00000e+00,-9.40000e-01,
5.8359253e-01,-0.00000e+00,-9.40000e-01,
5.8373904e-01,-0.00000e+00,-9.40000e-01,
5.8388555e-01,-0.00000e+00,-9.40000e-01,
5.8403206e-01,-0.00000e+00,-9.40000e-01,
5.8417857e-01,-0.00000e+00,-9.40000e-01,
5.8432508e-01,-0.00000e+00,-9.40000e-01,
5.8447158e-01,-0.00000e+00,-9.40000e-01,
5.8461809e-01,-0.00000e+00,-9.40000e-01,
5.8476460e-01,-0.00000e+00,-9.40000e-01,
5.8491111e-01,2.00001e-01,-9.20000e-01,
5.8505762e-01,-0.00000e+00,-9.20000e-01,
5.8520412e-01,-0.00000e+00,-9.20000e-01,
5.8535063e-01,-0.00000e+00,-9.20000e-01,
5.8549714e-01,-0.00000e+00,-9.20000e-01,
5.8564365e-01,-0.00000e+00,-9.20000e-01,
5.8579016e-01,-0.00000e+00,-9.40000e-01,
5.8593667e-01,-0.00000e+00,-9.00000e-01,
5.8608317e-01,-0.00000e+00,-9.00000e-01,
5.8622968e-01,-0.00000e+00,-9.20000e-01,
5.8637619e-01,-0.00000e+00,-9.00000e-01,
5.8652270e-01,-0.00000e+00,-9.00000e-01,
5.8666921e-01,-0.00000e+00,-9.00000e-01,
5.8681571e-01,-0.00000e+00,-9.00000e-01,
5.8696222e-01,2.00001e-01,-9.00000e-01,
5.8710873e-01,-0.00000e+00,-9.00000e-01,
5.8725524e-01,-0.00000e+00,-9.00000e-01,
5.8740175e-01,-0.00000e+00,-9.00000e-01,
5.8754826e-01,-0.00000e+00,-8.80000e-01,
5.8769476e-01,-0.00000e+00,-8.80000e-01,
5.8784127e-01,-0.00000e+00,-8.80000e-01,
5.8798778e-01,-0.00000e+00,-8.80000e-01,
5.8813429e-01,-0.00000e+00,-8.80000e-01,
5.8828080e-01,-0.00000e+00,-8.80000e-01,
5.8842731e-01,-0.00000e+00,-8.80000e-01,
5.8857381e-01,-0.00000e+00,-8.80000e-01,
5.8872032e-01,-0.00000e+00,-8.60000e-01,
5.8886683e-01,-0.00000e+00,-8.80000e-01,
5.8901334e-01,-0.00000e+00,-8.80000e-01,
5.8915985e-01,-0.00000e+00,-8.60000e-01,
5.8930635e-01,-0.00000e+00,-8.60000e-01,
5.8945286e-01,-0.00000e+00,-8.60000e-01,
5.8959937e-01,-0.00000e+00,-8.60000e-01,
5.8974588e-01,-0.00000e+00,-8.60000e-01,
5.8989239e-01,-0.00000e+00,-8.60000e-01,
5.9003890e-01,-0.00000e+00,-8.60000e-01,
5.9018540e-01,-0.00000e+00,-8.60000e-01,
5.9033191e-01,-0.00000e+00,-8.60000e-01,
5.9047842e-01,-0.00000e+00,-8.60000e-01,
5.9062493e-01,-0.00000e+00,-8.60000e-01,
5.9077144e-01,-0.00000e+00,-8.60000e-01,
5.9091794e-01,-0.00000e+00,-8.60000e-01,
5.9106445e-01,-0.00000e+00,-8.60000e-01,
5.9121096e-01,-0.00000e+00,-8.60000e-01,
5.9135747e-01,-0.00000e+00,-8.60000e-01,
5.9150398e-01,-0.00000e+00,-8.60000e-01,
5.9165049e-01,-0.00000e+00,-8.60000e-01,
5.9179699e-01,-0.00000e+00,-8.60000e-01,
5.9194350e-01,-0.00000e+00,-8.60000e-01,
5.9209001e-01,-0.00000e+00,-8.60000e-01,
5.9223652e-01,-0.00000e+00,-8.60000e-01,
5.9238303e-01,-0.00000e+00,-8.60000e-01,
5.9252954e-01,-0.00000e+00,-8.20000e-01,
5.9267604e-01,2.00001e-01,-8.60000e-01,
5.9282255e-01,2.00001e-01,-8.60000e-01,
5.9296906e-01,-0.00000e+00,-8.60000e-01,
5.9311557e-01,-0.00000e+00,-8.60000e-01,
5.9326208e-01,-0.00000e+00,-8.20000e-01,
5.9340858e-01,-0.00000e+00,-8.20000e-01,
5.9355509e-01,2.00001e-01,-8.20000e-01,
5.9370160e-01,-0.00000e+00,-8.00000e-01,
5.9384811e-01,-0.00000e+00,-8.00000e-01,
5.9399462e-01,-0.00000e+00,-8.00000e-01,
5.9414113e-01,-0.00000e+00,-8.00000e-01,
5.9428763e-01,2.00001e-01,-8.00000e-01,
5.9443414e-01,-0.00000e+00,-8.00000e-01,
5.9458065e-01,-0.00000e+00,-8.00000e-01,
5.9472716e-01,-0.00000e+00,-8.00000e-01,
5.9487367e-01,-0.00000e+00,-8.00000e-01,
5.9502017e-01,-0.00000e+00,-8.00000e-01,
5.9516668e-01,-0.00000e+00,-8.00000e-01,
5.9531319e-01,-0.00000e+00,-8.00000e-01,
5.9545970e-01,-0.00000e+00,-8.00000e-01,
5.9560621e-01,-0.00000e+00,-8.00000e-01,
5.9575272e-01,-0.00000e+00,-7.80000e-01,
5.9589922e-01,-0.00000e+00,-7.80000e-01,
5.9604573e-01,-0.00000e+00,-8.00000e-01,
5.9619224e-01,-0.00000e+00,-8.00000e-01,
5.9633875e-01,-0.00000e+00,-7.80000e-01,
5.9648526e-01,-0.00000e+00,-7.80000e-01,
5.9663177e-01,2.00001e-01,-7.80000e-01,
5.9677827e-01,-0.00000e+00,-7.80000e-01,
5.9692478e-01,-0.00000e+00,-7.80000e-01,
5.9707129e-01,-0.00000e+00,-7.60000e-01,
5.9721780e-01,-0.00000e+00,-7.80000e-01,
5.9736431e-01,-0.00000e+00,-7.60000e-01,
5.9751081e-01,2.00001e-01,-7.60000e-01,
5.9765732e-01,-0.00000e+00,-7.60000e-01,
5.9780383e-01,-0.00000e+00,-7.80000e-01,
5.9795034e-01,-0.00000e+00,-7.60000e-01,
5.9809685e-01,-0.00000e+00,-7.60000e-01,
5.9824336e-01,-0.00000e+00,-7.60000e-01,
5.9838986e-01,-0.00000e+00,-7.60000e-01,
5.9853637e-01,-0.00000e+00,-7.60000e-01,
5.9868288e-01,-0.00000e+00,-7.60000e-01,
5.9882939e-01,-0.00000e+00,-7.60000e-01,
5.9897590e-01,-0.00000e+00,-7.60000e-01,
5.9912241e-01,-0.00000e+00,-7.60000e-01,
5.9926891e-01,-0.00000e+00,-7.60000e-01,
5.9941542e-01,2.00001e-01,-7.60000e-01,
5.9956193e-01,-0.00000e+00,8.00000e-01,
5.9970844e-01,-0.00000e+00,7.80000e-01,
5.9985495e-01,-0.00000e+00,7.20000e-01,
