Time,X(CH1),X(CH2),
Second,Volt,Volt,
-1.2000000e+00,2.00001e-01,4.40000e-02,
-1.1997070e+00,2.00001e-01,4.40000e-02,
-1.1994140e+00,2.00001e-01,4.40000e-02,
-1.1991210e+00,2.00001e-01,4.40000e-02,
-1.1988280e+00,2.00001e-01,4.40000e-02,
-1.1985350e+00,2.00001e-01,4.40000e-02,
-1.1982419e+00,2.00001e-01,4.40000e-02,
-1.1979489e+00,2.00001e-01,4.40000e-02,
-1.1976559e+00,2.00001e-01,4.40000e-02,
-1.1973629e+00,2.00001e-01,4.40000e-02,
-1.1970699e+00,2.00001e-01,4.40000e-02,
-1.1967769e+00,2.00001e-01,4.40000e-02,
-1.1964839e+00,2.00001e-01,4.40000e-02,
-1.1961908e+00,2.00001e-01,4.40000e-02,
-1.1958978e+00,2.00001e-01,4.40000e-02,
-1.1956048e+00,-0.00000e+00,4.80000e-02,
-1.1953118e+00,2.00001e-01,4.80000e-02,
-1.1950188e+00,2.00001e-01,4.80000e-02,
-1.1947258e+00,-0.00000e+00,5.20000e-02,
-1.1944327e+00,2.00001e-01,4.80000e-02,
-1.1941397e+00,-0.00000e+00,5.20000e-02,
-1.1938467e+00,-0.00000e+00,5.20000e-02,
-1.1935537e+00,-0.00000e+00,5.20000e-02,
-1.1932607e+00,2.00001e-01,5.40000e-02,
-1.1929677e+00,-0.00000e+00,5.40000e-02,
-1.1926746e+00,-0.00000e+00,5.60000e-02,
-1.1923816e+00,-0.00000e+00,5.60000e-02,
-1.1920886e+00,-0.00000e+00,5.40000e-02,
-1.1917956e+00,-0.00000e+00,5.60000e-02,
-1.1915026e+00,2.00001e-01,5.60000e-02,
-1.1912096e+00,2.00001e-01,5.60000e-02,
-1.1909165e+00,-0.00000e+00,5.60000e-02,
-1.1906235e+00,-0.00000e+00,5.60000e-02,
-1.1903305e+00,2.00001e-01,5.60000e-02,
-1.1900375e+00,-0.00000e+00,5.60000e-02,
-1.1897445e+00,2.00001e-01,5.60000e-02,
-1.1894515e+00,-0.00000e+00,5.60000e-02,
-1.1891584e+00,-0.00000e+00,6.00000e-02,
-1.1888654e+00,2.00001e-01,6.00000e-02,
-1.1885724e+00,-0.00000e+00,6.00000e-02,
-1.1882794e+00,-0.00000e+00,6.20000e-02,
-1.1879864e+00,-0.00000e+00,6.00000e-02,
-1.1876934e+00,-0.00000e+00,6.20000e-02,
-1.1874003e+00,-0.00000e+00,6.20000e-02,
-1.1871073e+00,-0.00000e+00,6.20000e-02,
-1.1868143e+00,-0.00000e+00,5.80000e-02,
-1.1865213e+00,-0.00000e+00,6.20000e-02,
-1.1862283e+00,-0.00000e+00,6.20000e-02,
-1.1859353e+00,-0.00000e+00,6.20000e-02,
-1.1856422e+00,-0.00000e+00,6.20000e-02,
-1.1853492e+00,-0.00000e+00,6.00000e-02,
-1.1850562e+00,-0.00000e+00,6.40000e-02,
-1.1847632e+00,-0.00000e+00,6.00000e-02,
-1.1844702e+00,-0.00000e+00,6.80000e-02,
-1.1841772e+00,2.00001e-01,6.40000e-02,
-1.1838841e+00,-0.00000e+00,6.40000e-02,
-1.1835911e+00,2.00001e-01,6.40000e-02,
-1.1832981e+00,-0.00000e+00,6.40000e-02,
-1.1830051e+00,-0.00000e+00,6.40000e-02,
-1.1827121e+00,-0.00000e+00,6.20000e-02,
-1.1824191e+00,-0.00000e+00,6.40000e-02,
-1.1821260e+00,-0.00000e+00,6.40000e-02,
-1.1818330e+00,-0.00000e+00,6.40000e-02,
-1.1815400e+00,-0.00000e+00,6.40000e-02,
-1.1812470e+00,-0.00000e+00,6.40000e-02,
-1.1809540e+00,2.00001e-01,6.20000e-02,
-1.1806610e+00,-0.00000e+00,6.40000e-02,
-1.1803679e+00,-0.00000e+00,6.20000e-02,
-1.1800749e+00,-0.00000e+00,6.40000e-02,
-1.1797819e+00,-0.00000e+00,6.40000e-02,
-1.1794889e+00,-0.00000e+00,6.40000e-02,
-1.1791959e+00,2.00001e-01,6.40000e-02,
-1.1789029e+00,-0.00000e+00,6.40000e-02,
-1.1786098e+00,2.00001e-01,6.20000e-02,
-1.1783168e+00,-0.00000e+00,6.40000e-02,
-1.1780238e+00,-0.00000e+00,6.40000e-02,
-1.1777308e+00,-0.00000e+00,6.40000e-02,
-1.1774378e+00,2.00001e-01,6.20000e-02,
-1.1771448e+00,-0.00000e+00,6.60000e-02,
-1.1768517e+00,-0.00000e+00,6.40000e-02,
-1.1765587e+00,2.00001e-01,6.40000e-02,
-1.1762657e+00,-0.00000e+00,6.40000e-02,
-1.1759727e+00,2.00001e-01,6.40000e-02,
-1.1756797e+00,2.00001e-01,6.20000e-02,
-1.1753867e+00,-0.00000e+00,6.40000e-02,
-1.1750937e+00,2.00001e-01,6.40000e-02,
-1.1748006e+00,2.00001e-01,6.20000e-02,
-1.1745076e+00,-0.00000e+00,5.60000e-02,
-1.1742146e+00,-0.00000e+00,6.20000e-02,
-1.1739216e+00,2.00001e-01,6.40000e-02,
-1.1736286e+00,-0.00000e+00,6.20000e-02,
-1.1733356e+00,-0.00000e+00,6.40000e-02,
-1.1730425e+00,2.00001e-01,6.00000e-02,
-1.1727495e+00,-0.00000e+00,6.00000e-02,
-1.1724565e+00,-0.00000e+00,6.40000e-02,
-1.1721635e+00,2.00001e-01,6.20000e-02,
-1.1718705e+00,-0.00000e+00,6.20000e-02,
-1.1715775e+00,-0.00000e+00,6.20000e-02,
-1.1712844e+00,-0.00000e+00,6.20000e-02,
-1.1709914e+00,-0.00000e+00,6.00000e-02,
-1.1706984e+00,-0.00000e+00,6.00000e-02,
-1.1704054e+00,-0.00000e+00,6.00000e-02,
-1.1701124e+00,-0.00000e+00,6.00000e-02,
-1.1698194e+00,-0.00000e+00,6.00000e-02,
-1.1695263e+00,-0.00000e+00,6.00000e-02,
-1.1692333e+00,-0.00000e+00,6.00000e-02,
-1.1689403e+00,2.00001e-01,6.00000e-02,
-1.1686473e+00,-0.00000e+00,6.00000e-02,
-1.1683543e+00,-0.00000e+00,5.80000e-02,
-1.1680613e+00,2.00001e-01,5.80000e-02,
-1.1677682e+00,-0.00000e+00,6.00000e-02,
-1.1674752e+00,-0.00000e+00,6.00000e-02,
-1.1671822e+00,2.00001e-01,6.00000e-02,
-1.1668892e+00,2.00001e-01,5.80000e-02,
-1.1665962e+00,-0.00000e+00,5.60000e-02,
-1.1663032e+00,-0.00000e+00,5.80000e-02,
-1.1660101e+00,2.00001e-01,5.60000e-02,
-1.1657171e+00,2.00001e-01,5.60000e-02,
-1.1654241e+00,-0.00000e+00,5.80000e-02,
-1.1651311e+00,2.00001e-01,5.80000e-02,
-1.1648381e+00,2.00001e-01,5.60000e-02,
-1.1645451e+00,-0.00000e+00,5.20000e-02,
-1.1642520e+00,-0.00000e+00,5.60000e-02,
-1.1639590e+00,-0.00000e+00,5.60000e-02,
-1.1636660e+00,2.00001e-01,5.60000e-02,
-1.1633730e+00,2.00001e-01,5.60000e-02,
-1.1630800e+00,2.00001e-01,5.60000e-02,
-1.1627870e+00,-0.00000e+00,5.60000e-02,
-1.1624939e+00,-0.00000e+00,5.60000e-02,
-1.1622009e+00,2.00001e-01,5.60000e-02,
-1.1619079e+00,2.00001e-01,5.60000e-02,
-1.1616149e+00,-0.00000e+00,5.60000e-02,
-1.1613219e+00,2.00001e-01,5.60000e-02,
-1.1610289e+00,-0.00000e+00,5.40000e-02,
-1.1607358e+00,-0.00000e+00,5.60000e-02,
-1.1604428e+00,-0.00000e+00,5.40000e-02,
-1.1601498e+00,2.00001e-01,5.40000e-02,
-1.1598568e+00,-0.00000e+00,5.40000e-02,
-1.1595638e+00,2.00001e-01,5.60000e-02,
-1.1592708e+00,-0.00000e+00,5.20000e-02,
-1.1589777e+00,2.00001e-01,5.40000e-02,
-1.1586847e+00,-0.00000e+00,5.40000e-02,
-1.1583917e+00,-0.00000e+00,5.40000e-02,
-1.1580987e+00,-0.00000e+00,5.20000e-02,
-1.1578057e+00,2.00001e-01,5.20000e-02,
-1.1575127e+00,-0.00000e+00,5.20000e-02,
-1.1572196e+00,-0.00000e+00,5.20000e-02,
-1.1569266e+00,-0.00000e+00,5.00000e-02,
-1.1566336e+00,-0.00000e+00,5.20000e-02,
-1.1563406e+00,-0.00000e+00,5.20000e-02,
-1.1560476e+00,2.00001e-01,5.20000e-02,
-1.1557546e+00,-0.00000e+00,5.00000e-02,
-1.1554615e+00,-0.00000e+00,4.80000e-02,
-1.1551685e+00,-0.00000e+00,4.80000e-02,
-1.1548755e+00,-0.00000e+00,5.20000e-02,
-1.1545825e+00,2.00001e-01,4.80000e-02,
-1.1542895e+00,-0.00000e+00,5.20000e-02,
-1.1539965e+00,-0.00000e+00,4.80000e-02,
-1.1537035e+00,-0.00000e+00,4.80000e-02,
-1.1534104e+00,2.00001e-01,4.80000e-02,
-1.1531174e+00,2.00001e-01,5.00000e-02,
-1.1528244e+00,-0.00000e+00,4.80000e-02,
-1.1525314e+00,-0.00000e+00,4.80000e-02,
-1.1522384e+00,-0.00000e+00,5.20000e-02,
-1.1519454e+00,-0.00000e+00,5.00000e-02,
-1.1516523e+00,-0.00000e+00,5.20000e-02,
-1.1513593e+00,-0.00000e+00,5.20000e-02,
-1.1510663e+00,2.00001e-01,5.40000e-02,
-1.1507733e+00,-0.00000e+00,5.60000e-02,
-1.1504803e+00,-0.00000e+00,5.60000e-02,
-1.1501873e+00,-0.00000e+00,5.60000e-02,
-1.1498942e+00,-0.00000e+00,5.60000e-02,
-1.1496012e+00,-0.00000e+00,5.60000e-02,
-1.1493082e+00,2.00001e-01,5.60000e-02,
-1.1490152e+00,-0.00000e+00,6.00000e-02,
-1.1487222e+00,2.00001e-01,6.00000e-02,
-1.1484292e+00,-0.00000e+00,6.00000e-02,
-1.1481361e+00,-0.00000e+00,6.00000e-02,
-1.1478431e+00,-0.00000e+00,6.20000e-02,
-1.1475501e+00,2.00001e-01,6.20000e-02,
-1.1472571e+00,2.00001e-01,6.20000e-02,
-1.1469641e+00,-0.00000e+00,6.40000e-02,
-1.1466711e+00,-0.00000e+00,6.20000e-02,
-1.1463780e+00,-0.00000e+00,6.20000e-02,
-1.1460850e+00,-0.00000e+00,6.40000e-02,
-1.1457920e+00,-0.00000e+00,6.40000e-02,
-1.1454990e+00,-0.00000e+00,6.40000e-02,
-1.1452060e+00,-0.00000e+00,6.40000e-02,
-1.1449130e+00,2.00001e-01,6.40000e-02,
-1.1446199e+00,-0.00000e+00,6.60000e-02,
-1.1443269e+00,2.00001e-01,6.80000e-02,
-1.1440339e+00,2.00001e-01,6.40000e-02,
-1.1437409e+00,2.00001e-01,6.60000e-02,
-1.1434479e+00,2.00001e-01,6.80000e-02,
-1.1431549e+00,-0.00000e+00,6.80000e-02,
-1.1428618e+00,-0.00000e+00,6.40000e-02,
-1.1425688e+00,-0.00000e+00,6.80000e-02,
-1.1422758e+00,2.00001e-01,6.60000e-02,
-1.1419828e+00,-0.00000e+00,6.80000e-02,
-1.1416898e+00,-0.00000e+00,7.00000e-02,
-1.1413968e+00,2.00001e-01,7.00000e-02,
-1.1411037e+00,-0.00000e+00,6.40000e-02,
-1.1408107e+00,2.00001e-01,6.80000e-02,
-1.1405177e+00,2.00001e-01,6.80000e-02,
-1.1402247e+00,-0.00000e+00,7.00000e-02,
-1.1399317e+00,-0.00000e+00,7.00000e-02,
-1.1396387e+00,2.00001e-01,6.80000e-02,
-1.1393456e+00,2.00001e-01,7.20000e-02,
-1.1390526e+00,-0.00000e+00,7.00000e-02,
-1.1387596e+00,-0.00000e+00,6.80000e-02,
-1.1384666e+00,2.00001e-01,7.00000e-02,
-1.1381736e+00,2.00001e-01,7.00000e-02,
-1.1378806e+00,-0.00000e+00,7.20000e-02,
-1.1375875e+00,-0.00000e+00,7.00000e-02,
-1.1372945e+00,-0.00000e+00,6.80000e-02,
-1.1370015e+00,2.00001e-01,7.00000e-02,
-1.1367085e+00,-0.00000e+00,7.00000e-02,
-1.1364155e+00,-0.00000e+00,7.00000e-02,
-1.1361225e+00,-0.00000e+00,7.00000e-02,
-1.1358294e+00,-0.00000e+00,7.00000e-02,
-1.1355364e+00,-0.00000e+00,7.40000e-02,
-1.1352434e+00,-0.00000e+00,7.00000e-02,
-1.1349504e+00,2.00001e-01,7.00000e-02,
-1.1346574e+00,-0.00000e+00,7.20000e-02,
-1.1343644e+00,2.00001e-01,7.20000e-02,
-1.1340714e+00,-0.00000e+00,7.00000e-02,
-1.1337783e+00,-0.00000e+00,7.00000e-02,
-1.1334853e+00,-0.00000e+00,7.00000e-02,
-1.1331923e+00,2.00001e-01,7.00000e-02,
-1.1328993e+00,-0.00000e+00,7.20000e-02,
-1.1326063e+00,-0.00000e+00,7.00000e-02,
-1.1323133e+00,2.00001e-01,6.80000e-02,
-1.1320202e+00,-0.00000e+00,7.00000e-02,
-1.1317272e+00,-0.00000e+00,6.80000e-02,
-1.1314342e+00,-0.00000e+00,7.00000e-02,
-1.1311412e+00,-0.00000e+00,6.80000e-02,
-1.1308482e+00,2.00001e-01,6.80000e-02,
-1.1305552e+00,2.00001e-01,7.00000e-02,
-1.1302621e+00,-0.00000e+00,7.00000e-02,
-1.1299691e+00,-0.00000e+00,6.80000e-02,
-1.1296761e+00,-0.00000e+00,7.00000e-02,
-1.1293831e+00,2.00001e-01,6.80000e-02,
-1.1290901e+00,2.00001e-01,6.80000e-02,
-1.1287971e+00,2.00001e-01,6.80000e-02,
-1.1285040e+00,-0.00000e+00,6.80000e-02,
-1.1282110e+00,-0.00000e+00,6.80000e-02,
-1.1279180e+00,2.00001e-01,6.80000e-02,
-1.1276250e+00,-0.00000e+00,6.80000e-02,
-1.1273320e+00,-0.00000e+00,6.80000e-02,
-1.1270390e+00,2.00001e-01,6.80000e-02,
-1.1267459e+00,-0.00000e+00,6.60000e-02,
-1.1264529e+00,-0.00000e+00,6.60000e-02,
-1.1261599e+00,-0.00000e+00,6.60000e-02,
-1.1258669e+00,-0.00000e+00,6.40000e-02,
-1.1255739e+00,-0.00000e+00,6.80000e-02,
-1.1252809e+00,2.00001e-01,6.40000e-02,
-1.1249878e+00,2.00001e-01,6.60000e-02,
-1.1246948e+00,-0.00000e+00,7.00000e-02,
-1.1244018e+00,-0.00000e+00,6.40000e-02,
-1.1241088e+00,2.00001e-01,6.40000e-02,
-1.1238158e+00,-0.00000e+00,6.40000e-02,
-1.1235228e+00,-0.00000e+00,6.40000e-02,
-1.1232297e+00,-0.00000e+00,6.40000e-02,
-1.1229367e+00,2.00001e-01,6.40000e-02,
-1.1226437e+00,-0.00000e+00,6.40000e-02,
-1.1223507e+00,-0.00000e+00,6.40000e-02,
-1.1220577e+00,-0.00000e+00,6.40000e-02,
-1.1217647e+00,-0.00000e+00,6.40000e-02,
-1.1214716e+00,-0.00000e+00,6.40000e-02,
-1.1211786e+00,-0.00000e+00,6.40000e-02,
-1.1208856e+00,-0.00000e+00,6.20000e-02,
-1.1205926e+00,2.00001e-01,6.40000e-02,
-1.1202996e+00,-0.00000e+00,6.20000e-02,
-1.1200066e+00,-0.00000e+00,6.40000e-02,
-1.1197135e+00,2.00001e-01,6.20000e-02,
-1.1194205e+00,-0.00000e+00,6.20000e-02,
-1.1191275e+00,2.00001e-01,6.00000e-02,
-1.1188345e+00,-0.00000e+00,6.00000e-02,
-1.1185415e+00,-0.00000e+00,6.20000e-02,
-1.1182485e+00,2.00001e-01,6.20000e-02,
-1.1179554e+00,-0.00000e+00,6.20000e-02,
-1.1176624e+00,-0.00000e+00,6.00000e-02,
-1.1173694e+00,-0.00000e+00,6.00000e-02,
-1.1170764e+00,-0.00000e+00,6.00000e-02,
-1.1167834e+00,-0.00000e+00,6.00000e-02,
-1.1164904e+00,-0.00000e+00,6.00000e-02,
-1.1161973e+00,2.00001e-01,6.00000e-02,
-1.1159043e+00,-0.00000e+00,6.00000e-02,
-1.1156113e+00,-0.00000e+00,6.00000e-02,
-1.1153183e+00,-0.00000e+00,5.80000e-02,
-1.1150253e+00,-0.00000e+00,6.40000e-02,
-1.1147323e+00,2.00001e-01,6.00000e-02,
-1.1144392e+00,2.00001e-01,5.60000e-02,
-1.1141462e+00,2.00001e-01,5.80000e-02,
-1.1138532e+00,-0.00000e+00,5.60000e-02,
-1.1135602e+00,2.00001e-01,5.80000e-02,
-1.1132672e+00,-0.00000e+00,5.60000e-02,
-1.1129742e+00,-0.00000e+00,5.60000e-02,
-1.1126812e+00,-0.00000e+00,5.60000e-02,
-1.1123881e+00,2.00001e-01,6.00000e-02,
-1.1120951e+00,2.00001e-01,5.80000e-02,
-1.1118021e+00,-0.00000e+00,6.20000e-02,
-1.1115091e+00,-0.00000e+00,6.00000e-02,
-1.1112161e+00,2.00001e-01,6.20000e-02,
-1.1109231e+00,-0.00000e+00,6.40000e-02,
-1.1106300e+00,-0.00000e+00,6.20000e-02,
-1.1103370e+00,-0.00000e+00,6.20000e-02,
-1.1100440e+00,2.00001e-01,6.40000e-02,
-1.1097510e+00,-0.00000e+00,6.40000e-02,
-1.1094580e+00,-0.00000e+00,6.40000e-02,
-1.1091650e+00,2.00001e-01,6.60000e-02,
-1.1088719e+00,2.00001e-01,6.80000e-02,
-1.1085789e+00,-0.00000e+00,6.80000e-02,
-1.1082859e+00,-0.00000e+00,7.00000e-02,
-1.1079929e+00,-0.00000e+00,6.80000e-02,
-1.1076999e+00,-0.00000e+00,6.80000e-02,
-1.1074069e+00,-0.00000e+00,7.00000e-02,
-1.1071138e+00,-0.00000e+00,6.80000e-02,
-1.1068208e+00,-0.00000e+00,7.00000e-02,
-1.1065278e+00,2.00001e-01,7.20000e-02,
-1.1062348e+00,-0.00000e+00,7.20000e-02,
-1.1059418e+00,-0.00000e+00,7.20000e-02,
-1.1056488e+00,-0.00000e+00,7.20000e-02,
-1.1053557e+00,-0.00000e+00,7.20000e-02,
-1.1050627e+00,-0.00000e+00,7.20000e-02,
-1.1047697e+00,-0.00000e+00,7.20000e-02,
-1.1044767e+00,-0.00000e+00,7.20000e-02,
-1.1041837e+00,2.00001e-01,7.20000e-02,
-1.1038907e+00,2.00001e-01,7.40000e-02,
-1.1035976e+00,-0.00000e+00,7.20000e-02,
-1.1033046e+00,2.00001e-01,7.20000e-02,
-1.1030116e+00,2.00001e-01,7.40000e-02,
-1.1027186e+00,2.00001e-01,7.60000e-02,
-1.1024256e+00,-0.00000e+00,7.40000e-02,
-1.1021326e+00,-0.00000e+00,7.40000e-02,
-1.1018395e+00,-0.00000e+00,7.40000e-02,
-1.1015465e+00,-0.00000e+00,7.40000e-02,
-1.1012535e+00,-0.00000e+00,7.60000e-02,
-1.1009605e+00,-0.00000e+00,7.60000e-02,
-1.1006675e+00,2.00001e-01,7.60000e-02,
-1.1003745e+00,-0.00000e+00,7.60000e-02,
-1.1000814e+00,-0.00000e+00,7.40000e-02,
-1.0997884e+00,-0.00000e+00,7.40000e-02,
-1.0994954e+00,2.00001e-01,7.60000e-02,
-1.0992024e+00,-0.00000e+00,7.40000e-02,
-1.0989094e+00,-0.00000e+00,7.40000e-02,
-1.0986164e+00,-0.00000e+00,7.40000e-02,
-1.0983233e+00,-0.00000e+00,7.60000e-02,
-1.0980303e+00,-0.00000e+00,8.00000e-02,
-1.0977373e+00,-0.00000e+00,7.80000e-02,
-1.0974443e+00,-0.00000e+00,7.60000e-02,
-1.0971513e+00,-0.00000e+00,7.60000e-02,
-1.0968583e+00,-0.00000e+00,7.60000e-02,
-1.0965652e+00,-0.00000e+00,7.60000e-02,
-1.0962722e+00,-0.00000e+00,7.40000e-02,
-1.0959792e+00,2.00001e-01,7.60000e-02,
-1.0956862e+00,-0.00000e+00,7.60000e-02,
-1.0953932e+00,-0.00000e+00,7.60000e-02,
-1.0951002e+00,-0.00000e+00,7.60000e-02,
-1.0948071e+00,-0.00000e+00,8.00000e-02,
-1.0945141e+00,-0.00000e+00,7.60000e-02,
-1.0942211e+00,-0.00000e+00,7.60000e-02,
-1.0939281e+00,-0.00000e+00,7.40000e-02,
-1.0936351e+00,2.00001e-01,7.60000e-02,
-1.0933421e+00,-0.00000e+00,7.40000e-02,
-1.0930490e+00,2.00001e-01,7.40000e-02,
-1.0927560e+00,2.00001e-01,7.60000e-02,
-1.0924630e+00,2.00001e-01,7.20000e-02,
-1.0921700e+00,2.00001e-01,7.40000e-02,
-1.0918770e+00,-0.00000e+00,7.40000e-02,
-1.0915840e+00,-0.00000e+00,8.00000e-02,
-1.0912910e+00,-0.00000e+00,7.40000e-02,
-1.0909979e+00,2.00001e-01,7.40000e-02,
-1.0907049e+00,-0.00000e+00,7.40000e-02,
-1.0904119e+00,-0.00000e+00,7.40000e-02,
-1.0901189e+00,-0.00000e+00,7.40000e-02,
-1.0898259e+00,-0.00000e+00,7.20000e-02,
-1.0895329e+00,2.00001e-01,7.20000e-02,
-1.0892398e+00,-0.00000e+00,7.20000e-02,
-1.0889468e+00,2.00001e-01,7.20000e-02,
-1.0886538e+00,2.00001e-01,7.40000e-02,
-1.0883608e+00,-0.00000e+00,7.20000e-02,
-1.0880678e+00,-0.00000e+00,7.20000e-02,
-1.0877748e+00,2.00001e-01,7.20000e-02,
-1.0874817e+00,-0.00000e+00,7.20000e-02,
-1.0871887e+00,2.00001e-01,7.20000e-02,
-1.0868957e+00,-0.00000e+00,7.20000e-02,
-1.0866027e+00,-0.00000e+00,7.20000e-02,
-1.0863097e+00,-0.00000e+00,7.20000e-02,
-1.0860167e+00,2.00001e-01,7.40000e-02,
-1.0857236e+00,-0.00000e+00,7.20000e-02,
-1.0854306e+00,-0.00000e+00,7.20000e-02,
-1.0851376e+00,2.00001e-01,7.00000e-02,
-1.0848446e+00,2.00001e-01,7.00000e-02,
-1.0845516e+00,-0.00000e+00,7.00000e-02,
-1.0842586e+00,-0.00000e+00,6.80000e-02,
-1.0839655e+00,-0.00000e+00,7.00000e-02,
-1.0836725e+00,-0.00000e+00,7.00000e-02,
-1.0833795e+00,-0.00000e+00,6.80000e-02,
-1.0830865e+00,-0.00000e+00,6.80000e-02,
-1.0827935e+00,2.00001e-01,7.20000e-02,
-1.0825005e+00,-0.00000e+00,6.80000e-02,
-1.0822074e+00,2.00001e-01,6.80000e-02,
-1.0819144e+00,2.00001e-01,6.80000e-02,
-1.0816214e+00,-0.00000e+00,6.60000e-02,
-1.0813284e+00,-0.00000e+00,6.60000e-02,
-1.0810354e+00,-0.00000e+00,6.80000e-02,
-1.0807424e+00,-0.00000e+00,6.40000e-02,
-1.0804493e+00,2.00001e-01,6.40000e-02,
-1.0801563e+00,2.00001e-01,6.80000e-02,
-1.0798633e+00,-0.00000e+00,6.40000e-02,
-1.0795703e+00,-0.00000e+00,6.40000e-02,
-1.0792773e+00,-0.00000e+00,6.40000e-02,
-1.0789843e+00,-0.00000e+00,6.40000e-02,
-1.0786912e+00,-0.00000e+00,6.40000e-02,
-1.0783982e+00,-0.00000e+00,6.40000e-02,
-1.0781052e+00,-0.00000e+00,6.40000e-02,
-1.0778122e+00,-0.00000e+00,6.40000e-02,
-1.0775192e+00,-0.00000e+00,6.40000e-02,
-1.0772262e+00,-0.00000e+00,6.40000e-02,
-1.0769331e+00,2.00001e-01,6.80000e-02,
-1.0766401e+00,-0.00000e+00,6.40000e-02,
-1.0763471e+00,2.00001e-01,6.40000e-02,
-1.0760541e+00,2.00001e-01,6.60000e-02,
-1.0757611e+00,2.00001e-01,7.20000e-02,
-1.0754681e+00,2.00001e-01,7.20000e-02,
-1.0751750e+00,-0.00000e+00,7.00000e-02,
-1.0748820e+00,-0.00000e+00,7.00000e-02,
-1.0745890e+00,-0.00000e+00,7.20000e-02,
-1.0742960e+00,-0.00000e+00,7.00000e-02,
-1.0740030e+00,-0.00000e+00,7.20000e-02,
-1.0737100e+00,-0.00000e+00,7.00000e-02,
-1.0734169e+00,-0.00000e+00,7.40000e-02,
-1.0731239e+00,-0.00000e+00,7.60000e-02,
-1.0728309e+00,2.00001e-01,7.20000e-02,
-1.0725379e+00,-0.00000e+00,7.40000e-02,
-1.0722449e+00,-0.00000e+00,7.40000e-02,
-1.0719519e+00,-0.00000e+00,7.60000e-02,
-1.0716588e+00,-0.00000e+00,7.60000e-02,
-1.0713658e+00,-0.00000e+00,7.60000e-02,
-1.0710728e+00,-0.00000e+00,7.60000e-02,
-1.0707798e+00,-0.00000e+00,7.60000e-02,
-1.0704868e+00,-0.00000e+00,7.80000e-02,
-1.0701938e+00,2.00001e-01,7.80000e-02,
-1.0699008e+00,-0.00000e+00,7.80000e-02,
-1.0696077e+00,-0.00000e+00,8.00000e-02,
-1.0693147e+00,-0.00000e+00,8.00000e-02,
-1.0690217e+00,-0.00000e+00,8.00000e-02,
-1.0687287e+00,2.00001e-01,7.80000e-02,
-1.0684357e+00,-0.00000e+00,7.80000e-02,
-1.0681427e+00,2.00001e-01,8.00000e-02,
-1.0678496e+00,-0.00000e+00,8.00000e-02,
-1.0675566e+00,-0.00000e+00,8.00000e-02,
-1.0672636e+00,-0.00000e+00,8.00000e-02,
-1.0669706e+00,-0.00000e+00,8.00000e-02,
-1.0666776e+00,-0.00000e+00,8.00000e-02,
-1.0663846e+00,2.00001e-01,8.00000e-02,
-1.0660915e+00,-0.00000e+00,8.20000e-02,
-1.0657985e+00,2.00001e-01,8.00000e-02,
-1.0655055e+00,2.00001e-01,8.00000e-02,
-1.0652125e+00,-0.00000e+00,8.00000e-02,
-1.0649195e+00,-0.00000e+00,8.00000e-02,
-1.0646265e+00,-0.00000e+00,8.00000e-02,
-1.0643334e+00,2.00001e-01,8.00000e-02,
-1.0640404e+00,2.00001e-01,8.00000e-02,
-1.0637474e+00,-0.00000e+00,8.00000e-02,
-1.0634544e+00,-0.00000e+00,8.00000e-02,
-1.0631614e+00,2.00001e-01,8.00000e-02,
-1.0628684e+00,-0.00000e+00,8.00000e-02,
-1.0625753e+00,2.00001e-01,8.00000e-02,
-1.0622823e+00,-0.00000e+00,8.00000e-02,
-1.0619893e+00,2.00001e-01,8.20000e-02,
-1.0616963e+00,-0.00000e+00,8.00000e-02,
-1.0614033e+00,2.00001e-01,8.00000e-02,
-1.0611103e+00,2.00001e-01,8.00000e-02,
-1.0608172e+00,-0.00000e+00,8.00000e-02,
-1.0605242e+00,2.00001e-01,8.00000e-02,
-1.0602312e+00,2.00001e-01,8.00000e-02,
-1.0599382e+00,-0.00000e+00,8.00000e-02,
-1.0596452e+00,-0.00000e+00,8.00000e-02,
-1.0593522e+00,2.00001e-01,8.40000e-02,
-1.0590591e+00,2.00001e-01,8.00000e-02,
-1.0587661e+00,-0.00000e+00,8.00000e-02,
-1.0584731e+00,-0.00000e+00,8.00000e-02,
-1.0581801e+00,2.00001e-01,8.00000e-02,
-1.0578871e+00,2.00001e-01,8.00000e-02,
-1.0575941e+00,-0.00000e+00,7.80000e-02,
-1.0573010e+00,-0.00000e+00,7.80000e-02,
-1.0570080e+00,-0.00000e+00,8.00000e-02,
-1.0567150e+00,2.00001e-01,8.00000e-02,
-1.0564220e+00,-0.00000e+00,8.00000e-02,
-1.0561290e+00,-0.00000e+00,7.80000e-02,
-1.0558360e+00,-0.00000e+00,8.00000e-02,
-1.0555429e+00,2.00001e-01,7.60000e-02,
-1.0552499e+00,-0.00000e+00,7.80000e-02,
-1.0549569e+00,-0.00000e+00,7.80000e-02,
-1.0546639e+00,2.00001e-01,7.80000e-02,
-1.0543709e+00,-0.00000e+00,7.80000e-02,
-1.0540779e+00,-0.00000e+00,7.80000e-02,
-1.0537848e+00,-0.00000e+00,7.60000e-02,
-1.0534918e+00,-0.00000e+00,7.60000e-02,
-1.0531988e+00,-0.00000e+00,7.80000e-02,
-1.0529058e+00,-0.00000e+00,7.80000e-02,
-1.0526128e+00,-0.00000e+00,7.60000e-02,
-1.0523198e+00,-0.00000e+00,7.60000e-02,
-1.0520267e+00,-0.00000e+00,7.60000e-02,
-1.0517337e+00,2.00001e-01,7.40000e-02,
-1.0514407e+00,-0.00000e+00,7.60000e-02,
-1.0511477e+00,-0.00000e+00,7.60000e-02,
-1.0508547e+00,-0.00000e+00,7.40000e-02,
-1.0505617e+00,2.00001e-01,7.40000e-02,
-1.0502687e+00,-0.00000e+00,8.00000e-02,
-1.0499756e+00,-0.00000e+00,7.20000e-02,
-1.0496826e+00,-0.00000e+00,7.20000e-02,
-1.0493896e+00,-0.00000e+00,7.40000e-02,
-1.0490966e+00,-0.00000e+00,7.20000e-02,
-1.0488036e+00,-0.00000e+00,7.40000e-02,
-1.0485106e+00,2.00001e-01,7.20000e-02,
-1.0482175e+00,-0.00000e+00,7.20000e-02,
-1.0479245e+00,-0.00000e+00,7.20000e-02,
-1.0476315e+00,-0.00000e+00,7.20000e-02,
-1.0473385e+00,-0.00000e+00,7.20000e-02,
-1.0470455e+00,-0.00000e+00,7.20000e-02,
-1.0467525e+00,-0.00000e+00,7.20000e-02,
-1.0464594e+00,-0.00000e+00,7.20000e-02,
-1.0461664e+00,2.00001e-01,7.20000e-02,
-1.0458734e+00,-0.00000e+00,6.80000e-02,
-1.0455804e+00,-0.00000e+00,7.20000e-02,
-1.0452874e+00,-0.00000e+00,7.20000e-02,
-1.0449944e+00,2.00001e-01,7.20000e-02,
-1.0447013e+00,-0.00000e+00,7.20000e-02,
-1.0444083e+00,-0.00000e+00,7.20000e-02,
-1.0441153e+00,-0.00000e+00,7.20000e-02,
-1.0438223e+00,2.00001e-01,7.20000e-02,
-1.0435293e+00,-0.00000e+00,7.00000e-02,
-1.0432363e+00,-0.00000e+00,7.60000e-02,
-1.0429432e+00,-0.00000e+00,7.60000e-02,
-1.0426502e+00,-0.00000e+00,7.40000e-02,
-1.0423572e+00,-0.00000e+00,7.60000e-02,
-1.0420642e+00,-0.00000e+00,7.60000e-02,
-1.0417712e+00,2.00001e-01,7.80000e-02,
-1.0414782e+00,-0.00000e+00,7.80000e-02,
-1.0411851e+00,-0.00000e+00,7.80000e-02,
-1.0408921e+00,-0.00000e+00,7.80000e-02,
-1.0405991e+00,-0.00000e+00,8.00000e-02,
-1.0403061e+00,-0.00000e+00,8.00000e-02,
-1.0400131e+00,-0.00000e+00,8.00000e-02,
-1.0397201e+00,-0.00000e+00,8.00000e-02,
-1.0394270e+00,2.00001e-01,8.00000e-02,
-1.0391340e+00,-0.00000e+00,8.20000e-02,
-1.0388410e+00,-0.00000e+00,8.20000e-02,
-1.0385480e+00,2.00001e-01,8.00000e-02,
-1.0382550e+00,2.00001e-01,8.20000e-02,
-1.0379620e+00,-0.00000e+00,8.40000e-02,
-1.0376689e+00,2.00001e-01,8.20000e-02,
-1.0373759e+00,-0.00000e+00,8.40000e-02,
-1.0370829e+00,-0.00000e+00,8.60000e-02,
-1.0367899e+00,-0.00000e+00,8.40000e-02,
-1.0364969e+00,2.00001e-01,8.80000e-02,
-1.0362039e+00,-0.00000e+00,8.60000e-02,
-1.0359108e+00,2.00001e-01,8.80000e-02,
-1.0356178e+00,2.00001e-01,8.80000e-02,
-1.0353248e+00,-0.00000e+00,8.40000e-02,
-1.0350318e+00,-0.00000e+00,8.60000e-02,
-1.0347388e+00,-0.00000e+00,8.60000e-02,
-1.0344458e+00,2.00001e-01,8.60000e-02,
-1.0341527e+00,-0.00000e+00,8.60000e-02,
-1.0338597e+00,-0.00000e+00,8.60000e-02,
-1.0335667e+00,-0.00000e+00,8.60000e-02,
-1.0332737e+00,2.00001e-01,8.80000e-02,
-1.0329807e+00,-0.00000e+00,8.60000e-02,
-1.0326877e+00,-0.00000e+00,8.60000e-02,
-1.0323946e+00,2.00001e-01,8.40000e-02,
-1.0321016e+00,-0.00000e+00,8.60000e-02,
-1.0318086e+00,-0.00000e+00,8.60000e-02,
-1.0315156e+00,-0.00000e+00,8.60000e-02,
-1.0312226e+00,-0.00000e+00,8.60000e-02,
-1.0309296e+00,2.00001e-01,8.80000e-02,
-1.0306365e+00,-0.00000e+00,8.60000e-02,
-1.0303435e+00,-0.00000e+00,8.60000e-02,
-1.0300505e+00,2.00001e-01,8.80000e-02,
-1.0297575e+00,-0.00000e+00,8.80000e-02,
-1.0294645e+00,-0.00000e+00,8.60000e-02,
-1.0291715e+00,-0.00000e+00,8.60000e-02,
-1.0288785e+00,-0.00000e+00,8.60000e-02,
-1.0285854e+00,-0.00000e+00,8.60000e-02,
-1.0282924e+00,-0.00000e+00,8.60000e-02,
-1.0279994e+00,-0.00000e+00,8.40000e-02,
-1.0277064e+00,-0.00000e+00,8.60000e-02,
-1.0274134e+00,-0.00000e+00,8.60000e-02,
-1.0271204e+00,2.00001e-01,8.40000e-02,
-1.0268273e+00,2.00001e-01,8.20000e-02,
-1.0265343e+00,-0.00000e+00,8.40000e-02,
-1.0262413e+00,-0.00000e+00,8.40000e-02,
-1.0259483e+00,-0.00000e+00,8.60000e-02,
-1.0256553e+00,-0.00000e+00,8.40000e-02,
-1.0253623e+00,-0.00000e+00,8.40000e-02,
-1.0250692e+00,2.00001e-01,8.40000e-02,
-1.0247762e+00,-0.00000e+00,8.40000e-02,
-1.0244832e+00,-0.00000e+00,8.00000e-02,
-1.0241902e+00,-0.00000e+00,8.40000e-02,
-1.0238972e+00,-0.00000e+00,8.40000e-02,
-1.0236042e+00,-0.00000e+00,8.00000e-02,
-1.0233111e+00,-0.00000e+00,8.40000e-02,
-1.0230181e+00,-0.00000e+00,8.40000e-02,
-1.0227251e+00,2.00001e-01,8.40000e-02,
-1.0224321e+00,2.00001e-01,8.00000e-02,
-1.0221391e+00,2.00001e-01,8.00000e-02,
-1.0218461e+00,2.00001e-01,8.00000e-02,
-1.0215530e+00,-0.00000e+00,8.00000e-02,
-1.0212600e+00,2.00001e-01,8.00000e-02,
-1.0209670e+00,-0.00000e+00,8.00000e-02,
-1.0206740e+00,2.00001e-01,8.00000e-02,
-1.0203810e+00,2.00001e-01,8.00000e-02,
-1.0200880e+00,2.00001e-01,7.80000e-02,
-1.0197949e+00,2.00001e-01,7.80000e-02,
-1.0195019e+00,2.00001e-01,8.00000e-02,
-1.0192089e+00,-0.00000e+00,8.00000e-02,
-1.0189159e+00,2.00001e-01,8.00000e-02,
-1.0186229e+00,2.00001e-01,7.80000e-02,
-1.0183299e+00,-0.00000e+00,7.80000e-02,
-1.0180368e+00,-0.00000e+00,7.80000e-02,
-1.0177438e+00,-0.00000e+00,7.80000e-02,
-1.0174508e+00,-0.00000e+00,7.60000e-02,
-1.0171578e+00,-0.00000e+00,8.00000e-02,
-1.0168648e+00,-0.00000e+00,7.60000e-02,
-1.0165718e+00,-0.00000e+00,7.40000e-02,
-1.0162787e+00,-0.00000e+00,7.60000e-02,
-1.0159857e+00,2.00001e-01,7.80000e-02,
-1.0156927e+00,-0.00000e+00,7.80000e-02,
-1.0153997e+00,2.00001e-01,7.60000e-02,
-1.0151067e+00,-0.00000e+00,7.60000e-02,
-1.0148137e+00,-0.00000e+00,7.60000e-02,
-1.0145206e+00,-0.00000e+00,7.60000e-02,
-1.0142276e+00,2.00001e-01,7.80000e-02,
-1.0139346e+00,2.00001e-01,8.00000e-02,
-1.0136416e+00,-0.00000e+00,8.00000e-02,
-1.0133486e+00,-0.00000e+00,8.00000e-02,
-1.0130556e+00,-0.00000e+00,8.20000e-02,
-1.0127625e+00,-0.00000e+00,8.00000e-02,
-1.0124695e+00,2.00001e-01,8.60000e-02,
-1.0121765e+00,-0.00000e+00,8.20000e-02,
-1.0118835e+00,-0.00000e+00,8.20000e-02,
-1.0115905e+00,-0.00000e+00,8.40000e-02,
-1.0112975e+00,-0.00000e+00,8.40000e-02,
-1.0110044e+00,-0.00000e+00,8.60000e-02,
-1.0107114e+00,-0.00000e+00,8.40000e-02,
-1.0104184e+00,-0.00000e+00,8.80000e-02,
-1.0101254e+00,-0.00000e+00,8.80000e-02,
-1.0098324e+00,-0.00000e+00,8.80000e-02,
-1.0095394e+00,-0.00000e+00,8.80000e-02,
-1.0092463e+00,2.00001e-01,8.60000e-02,
-1.0089533e+00,-0.00000e+00,8.80000e-02,
-1.0086603e+00,2.00001e-01,8.60000e-02,
-1.0083673e+00,2.00001e-01,8.80000e-02,
-1.0080743e+00,2.00001e-01,8.80000e-02,
-1.0077813e+00,-0.00000e+00,8.80000e-02,
-1.0074883e+00,2.00001e-01,8.80000e-02,
-1.0071952e+00,2.00001e-01,8.80000e-02,
-1.0069022e+00,-0.00000e+00,9.20000e-02,
-1.0066092e+00,-0.00000e+00,8.80000e-02,
-1.0063162e+00,-0.00000e+00,9.20000e-02,
-1.0060232e+00,2.00001e-01,9.00000e-02,
-1.0057302e+00,-0.00000e+00,9.00000e-02,
-1.0054371e+00,-0.00000e+00,9.00000e-02,
-1.0051441e+00,-0.00000e+00,8.80000e-02,
-1.0048511e+00,-0.00000e+00,9.20000e-02,
-1.0045581e+00,-0.00000e+00,8.80000e-02,
-1.0042651e+00,-0.00000e+00,9.00000e-02,
-1.0039721e+00,2.00001e-01,9.00000e-02,
-1.0036790e+00,-0.00000e+00,9.40000e-02,
-1.0033860e+00,-0.00000e+00,9.20000e-02,
-1.0030930e+00,2.00001e-01,9.00000e-02,
-1.0028000e+00,2.00001e-01,9.20000e-02,
-1.0025070e+00,-0.00000e+00,9.20000e-02,
-1.0022140e+00,-0.00000e+00,9.00000e-02,
-1.0019209e+00,-0.00000e+00,9.00000e-02,
-1.0016279e+00,-0.00000e+00,9.00000e-02,
-1.0013349e+00,-0.00000e+00,9.20000e-02,
-1.0010419e+00,-0.00000e+00,9.00000e-02,
-1.0007489e+00,-0.00000e+00,9.20000e-02,
-1.0004559e+00,-0.00000e+00,9.20000e-02,
-1.0001628e+00,2.00001e-01,9.20000e-02,
-9.9986988e-01,-0.00000e+00,9.20000e-02,
-9.9957693e-01,2.00001e-01,8.80000e-02,
-9.9928397e-01,-0.00000e+00,9.00000e-02,
-9.9899101e-01,-0.00000e+00,9.00000e-02,
-9.9869806e-01,2.00001e-01,9.20000e-02,
-9.9840510e-01,-0.00000e+00,9.00000e-02,
-9.9811214e-01,-0.00000e+00,8.80000e-02,
-9.9781919e-01,-0.00000e+00,8.80000e-02,
-9.9752623e-01,-0.00000e+00,8.80000e-02,
-9.9723327e-01,-0.00000e+00,8.80000e-02,
-9.9694031e-01,2.00001e-01,9.00000e-02,
-9.9664736e-01,-0.00000e+00,8.80000e-02,
-9.9635440e-01,2.00001e-01,8.80000e-02,
-9.9606144e-01,-0.00000e+00,8.80000e-02,
-9.9576849e-01,-0.00000e+00,8.80000e-02,
-9.9547553e-01,2.00001e-01,8.80000e-02,
-9.9518257e-01,-0.00000e+00,8.80000e-02,
-9.9488962e-01,-0.00000e+00,8.80000e-02,
-9.9459666e-01,2.00001e-01,8.80000e-02,
-9.9430370e-01,-0.00000e+00,8.80000e-02,
-9.9401075e-01,-0.00000e+00,9.00000e-02,
-9.9371779e-01,-0.00000e+00,8.60000e-02,
-9.9342483e-01,-0.00000e+00,8.80000e-02,
-9.9313188e-01,2.00001e-01,8.60000e-02,
-9.9283892e-01,-0.00000e+00,8.80000e-02,
-9.9254596e-01,-0.00000e+00,8.60000e-02,
-9.9225301e-01,2.00001e-01,8.80000e-02,
-9.9196005e-01,-0.00000e+00,8.80000e-02,
-9.9166709e-01,-0.00000e+00,8.40000e-02,
-9.9137414e-01,-0.00000e+00,8.60000e-02,
-9.9108118e-01,-0.00000e+00,8.60000e-02,
-9.9078822e-01,-0.00000e+00,8.40000e-02,
-9.9049526e-01,-0.00000e+00,8.40000e-02,
-9.9020231e-01,-0.00000e+00,8.40000e-02,
-9.8990935e-01,2.00001e-01,8.20000e-02,
-9.8961639e-01,-0.00000e+00,8.00000e-02,
-9.8932344e-01,-0.00000e+00,8.60000e-02,
-9.8903048e-01,2.00001e-01,8.40000e-02,
-9.8873752e-01,-0.00000e+00,8.40000e-02,
-9.8844457e-01,-0.00000e+00,8.00000e-02,
-9.8815161e-01,-0.00000e+00,8.00000e-02,
-9.8785865e-01,-0.00000e+00,8.40000e-02,
-9.8756570e-01,2.00001e-01,8.40000e-02,
-9.8727274e-01,-0.00000e+00,8.00000e-02,
-9.8697978e-01,2.00001e-01,8.60000e-02,
-9.8668683e-01,-0.00000e+00,8.00000e-02,
-9.8639387e-01,-0.00000e+00,8.00000e-02,
-9.8610091e-01,2.00001e-01,8.60000e-02,
-9.8580796e-01,-0.00000e+00,8.40000e-02,
-9.8551500e-01,-0.00000e+00,8.40000e-02,
-9.8522204e-01,2.00001e-01,8.60000e-02,
-9.8492908e-01,-0.00000e+00,8.60000e-02,
-9.8463613e-01,-0.00000e+00,8.60000e-02,
-9.8434317e-01,2.00001e-01,8.60000e-02,
-9.8405021e-01,-0.00000e+00,8.80000e-02,
-9.8375726e-01,2.00001e-01,8.80000e-02,
-9.8346430e-01,2.00001e-01,8.80000e-02,
-9.8317134e-01,2.00001e-01,9.00000e-02,
-9.8287839e-01,-0.00000e+00,9.20000e-02,
-9.8258543e-01,-0.00000e+00,8.80000e-02,
-9.8229247e-01,-0.00000e+00,9.20000e-02,
-9.8199952e-01,-0.00000e+00,9.00000e-02,
-9.8170656e-01,-0.00000e+00,9.20000e-02,
-9.8141360e-01,2.00001e-01,9.20000e-02,
-9.8112065e-01,-0.00000e+00,9.40000e-02,
-9.8082769e-01,-0.00000e+00,9.40000e-02,
-9.8053473e-01,-0.00000e+00,8.80000e-02,
-9.8024178e-01,-0.00000e+00,9.60000e-02,
-9.7994882e-01,-0.00000e+00,9.40000e-02,
-9.7965586e-01,-0.00000e+00,9.40000e-02,
-9.7936291e-01,-0.00000e+00,9.40000e-02,
-9.7906995e-01,-0.00000e+00,9.60000e-02,
-9.7877699e-01,-0.00000e+00,9.40000e-02,
-9.7848403e-01,-0.00000e+00,9.60000e-02,
-9.7819108e-01,-0.00000e+00,9.60000e-02,
-9.7789812e-01,-0.00000e+00,9.60000e-02,
-9.7760516e-01,-0.00000e+00,9.60000e-02,
-9.7731221e-01,2.00001e-01,9.40000e-02,
-9.7701925e-01,-0.00000e+00,9.40000e-02,
-9.7672629e-01,-0.00000e+00,9.20000e-02,
-9.7643334e-01,2.00001e-01,9.60000e-02,
-9.7614038e-01,-0.00000e+00,9.60000e-02,
-9.7584742e-01,-0.00000e+00,9.60000e-02,
-9.7555447e-01,-0.00000e+00,9.60000e-02,
-9.7526151e-01,-0.00000e+00,9.40000e-02,
-9.7496855e-01,-0.00000e+00,9.60000e-02,
-9.7467560e-01,-0.00000e+00,9.60000e-02,
-9.7438264e-01,-0.00000e+00,9.60000e-02,
-9.7408968e-01,-0.00000e+00,9.60000e-02,
-9.7379673e-01,2.00001e-01,9.40000e-02,
-9.7350377e-01,-0.00000e+00,9.60000e-02,
-9.7321081e-01,-0.00000e+00,9.60000e-02,
-9.7291785e-01,2.00001e-01,9.60000e-02,
-9.7262490e-01,-0.00000e+00,9.60000e-02,
-9.7233194e-01,-0.00000e+00,9.40000e-02,
-9.7203898e-01,-0.00000e+00,9.60000e-02,
-9.7174603e-01,-0.00000e+00,9.40000e-02,
-9.7145307e-01,-0.00000e+00,9.60000e-02,
-9.7116011e-01,-0.00000e+00,9.60000e-02,
-9.7086716e-01,-0.00000e+00,9.40000e-02,
-9.7057420e-01,2.00001e-01,9.40000e-02,
-9.7028124e-01,-0.00000e+00,9.60000e-02,
-9.6998829e-01,-0.00000e+00,9.40000e-02,
-9.6969533e-01,-0.00000e+00,9.40000e-02,
-9.6940237e-01,-0.00000e+00,9.40000e-02,
-9.6910942e-01,2.00001e-01,9.60000e-02,
-9.6881646e-01,2.00001e-01,9.40000e-02,
-9.6852350e-01,2.00001e-01,9.20000e-02,
-9.6823055e-01,2.00001e-01,9.40000e-02,
-9.6793759e-01,-0.00000e+00,9.20000e-02,
-9.6764463e-01,-0.00000e+00,8.80000e-02,
-9.6735168e-01,-0.00000e+00,9.20000e-02,
-9.6705872e-01,2.00001e-01,9.20000e-02,
-9.6676576e-01,-0.00000e+00,9.00000e-02,
-9.6647280e-01,-0.00000e+00,9.20000e-02,
-9.6617985e-01,2.00001e-01,9.20000e-02,
-9.6588689e-01,-0.00000e+00,9.20000e-02,
-9.6559393e-01,-0.00000e+00,8.80000e-02,
-9.6530098e-01,-0.00000e+00,9.00000e-02,
-9.6500802e-01,-0.00000e+00,9.20000e-02,
-9.6471506e-01,-0.00000e+00,9.00000e-02,
-9.6442211e-01,-0.00000e+00,8.60000e-02,
-9.6412915e-01,-0.00000e+00,9.00000e-02,
-9.6383619e-01,-0.00000e+00,8.80000e-02,
-9.6354324e-01,-0.00000e+00,8.80000e-02,
-9.6325028e-01,2.00001e-01,8.80000e-02,
-9.6295732e-01,2.00001e-01,9.00000e-02,
-9.6266437e-01,2.00001e-01,8.80000e-02,
-9.6237141e-01,2.00001e-01,9.20000e-02,
-9.6207845e-01,-0.00000e+00,8.80000e-02,
-9.6178550e-01,-0.00000e+00,8.80000e-02,
-9.6149254e-01,2.00001e-01,8.80000e-02,
-9.6119958e-01,-0.00000e+00,8.40000e-02,
-9.6090662e-01,-0.00000e+00,8.80000e-02,
-9.6061367e-01,-0.00000e+00,8.80000e-02,
-9.6032071e-01,-0.00000e+00,8.80000e-02,
-9.6002775e-01,-0.00000e+00,8.80000e-02,
-9.5973480e-01,-0.00000e+00,8.80000e-02,
-9.5944184e-01,-0.00000e+00,8.80000e-02,
-9.5914888e-01,-0.00000e+00,8.80000e-02,
-9.5885593e-01,2.00001e-01,8.80000e-02,
-9.5856297e-01,-0.00000e+00,8.80000e-02,
-9.5827001e-01,-0.00000e+00,9.20000e-02,
-9.5797706e-01,-0.00000e+00,9.40000e-02,
-9.5768410e-01,-0.00000e+00,9.20000e-02,
-9.5739114e-01,2.00001e-01,9.40000e-02,
-9.5709819e-01,-0.00000e+00,9.60000e-02,
-9.5680523e-01,-0.00000e+00,9.60000e-02,
-9.5651227e-01,2.00001e-01,9.40000e-02,
-9.5621932e-01,-0.00000e+00,9.60000e-02,
-9.5592636e-01,2.00001e-01,9.60000e-02,
-9.5563340e-01,-0.00000e+00,9.60000e-02,
-9.5534045e-01,-0.00000e+00,9.60000e-02,
-9.5504749e-01,-0.00000e+00,9.60000e-02,
-9.5475453e-01,2.00001e-01,9.60000e-02,
-9.5446157e-01,-0.00000e+00,1.00000e-01,
-9.5416862e-01,-0.00000e+00,9.60000e-02,
-9.5387566e-01,-0.00000e+00,9.60000e-02,
-9.5358270e-01,-0.00000e+00,1.00000e-01,
-9.5328975e-01,-0.00000e+00,9.60000e-02,
-9.5299679e-01,2.00001e-01,9.60000e-02,
-9.5270383e-01,-0.00000e+00,9.80000e-02,
-9.5241088e-01,-0.00000e+00,9.80000e-02,
-9.5211792e-01,2.00001e-01,9.80000e-02,
-9.5182496e-01,-0.00000e+00,9.80000e-02,
-9.5153201e-01,2.00001e-01,9.60000e-02,
-9.5123905e-01,-0.00000e+00,1.00000e-01,
-9.5094609e-01,-0.00000e+00,1.00000e-01,
-9.5065314e-01,-0.00000e+00,1.00000e-01,
-9.5036018e-01,-0.00000e+00,9.80000e-02,
-9.5006722e-01,-0.00000e+00,9.60000e-02,
-9.4977427e-01,-0.00000e+00,1.00000e-01,
-9.4948131e-01,-0.00000e+00,1.00000e-01,
-9.4918835e-01,2.00001e-01,1.00000e-01,
-9.4889539e-01,-0.00000e+00,1.02000e-01,
-9.4860244e-01,-0.00000e+00,1.00000e-01,
-9.4830948e-01,-0.00000e+00,9.60000e-02,
-9.4801652e-01,-0.00000e+00,9.80000e-02,
-9.4772357e-01,-0.00000e+00,1.00000e-01,
-9.4743061e-01,2.00001e-01,9.80000e-02,
-9.4713765e-01,-0.00000e+00,9.80000e-02,
-9.4684470e-01,-0.00000e+00,1.00000e-01,
-9.4655174e-01,-0.00000e+00,1.00000e-01,
-9.4625878e-01,-0.00000e+00,1.00000e-01,
-9.4596583e-01,2.00001e-01,9.80000e-02,
-9.4567287e-01,-0.00000e+00,9.80000e-02,
-9.4537991e-01,2.00001e-01,9.80000e-02,
-9.4508696e-01,-0.00000e+00,9.80000e-02,
-9.4479400e-01,-0.00000e+00,9.60000e-02,
-9.4450104e-01,-0.00000e+00,9.60000e-02,
-9.4420809e-01,-0.00000e+00,9.60000e-02,
-9.4391513e-01,2.00001e-01,9.60000e-02,
-9.4362217e-01,-0.00000e+00,1.00000e-01,
-9.4332922e-01,-0.00000e+00,9.80000e-02,
-9.4303626e-01,-0.00000e+00,9.60000e-02,
-9.4274330e-01,-0.00000e+00,9.60000e-02,
-9.4245034e-01,-0.00000e+00,9.60000e-02,
-9.4215739e-01,2.00001e-01,1.00000e-01,
-9.4186443e-01,2.00001e-01,9.60000e-02,
-9.4157147e-01,2.00001e-01,9.60000e-02,
-9.4127852e-01,2.00001e-01,1.00000e-01,
-9.4098556e-01,2.00001e-01,9.60000e-02,
-9.4069260e-01,-0.00000e+00,9.60000e-02,
-9.4039965e-01,2.00001e-01,9.60000e-02,
-9.4010669e-01,-0.00000e+00,9.40000e-02,
-9.3981373e-01,-0.00000e+00,9.40000e-02,
-9.3952078e-01,-0.00000e+00,9.60000e-02,
-9.3922782e-01,-0.00000e+00,9.60000e-02,
-9.3893486e-01,2.00001e-01,9.60000e-02,
-9.3864191e-01,-0.00000e+00,9.60000e-02,
-9.3834895e-01,2.00001e-01,9.40000e-02,
-9.3805599e-01,-0.00000e+00,9.40000e-02,
-9.3776304e-01,-0.00000e+00,9.40000e-02,
-9.3747008e-01,-0.00000e+00,9.20000e-02,
-9.3717712e-01,-0.00000e+00,9.20000e-02,
-9.3688416e-01,-0.00000e+00,9.20000e-02,
-9.3659121e-01,-0.00000e+00,9.20000e-02,
-9.3629825e-01,-0.00000e+00,9.20000e-02,
-9.3600529e-01,-0.00000e+00,9.20000e-02,
-9.3571234e-01,-0.00000e+00,9.00000e-02,
-9.3541938e-01,-0.00000e+00,9.00000e-02,
-9.3512642e-01,-0.00000e+00,9.00000e-02,
-9.3483347e-01,2.00001e-01,9.20000e-02,
-9.3454051e-01,-0.00000e+00,9.20000e-02,
-9.3424755e-01,-0.00000e+00,9.40000e-02,
-9.3395460e-01,-0.00000e+00,9.40000e-02,
-9.3366164e-01,-0.00000e+00,9.60000e-02,
-9.3336868e-01,-0.00000e+00,9.60000e-02,
-9.3307573e-01,-0.00000e+00,9.60000e-02,
-9.3278277e-01,2.00001e-01,9.60000e-02,
-9.3248981e-01,2.00001e-01,9.60000e-02,
-9.3219686e-01,-0.00000e+00,9.60000e-02,
-9.3190390e-01,-0.00000e+00,9.80000e-02,
-9.3161094e-01,2.00001e-01,9.80000e-02,
-9.3131799e-01,-0.00000e+00,9.80000e-02,
-9.3102503e-01,2.00001e-01,1.00000e-01,
-9.3073207e-01,-0.00000e+00,1.00000e-01,
-9.3043911e-01,-0.00000e+00,1.00000e-01,
-9.3014616e-01,-0.00000e+00,1.02000e-01,
-9.2985320e-01,-0.00000e+00,1.02000e-01,
-9.2956024e-01,2.00001e-01,1.00000e-01,
-9.2926729e-01,-0.00000e+00,1.04000e-01,
-9.2897433e-01,-0.00000e+00,1.02000e-01,
-9.2868137e-01,-0.00000e+00,1.02000e-01,
-9.2838842e-01,-0.00000e+00,1.00000e-01,
-9.2809546e-01,-0.00000e+00,1.04000e-01,
-9.2780250e-01,-0.00000e+00,1.06000e-01,
-9.2750955e-01,-0.00000e+00,1.04000e-01,
-9.2721659e-01,-0.00000e+00,1.02000e-01,
-9.2692363e-01,2.00001e-01,1.02000e-01,
-9.2663068e-01,-0.00000e+00,1.04000e-01,
-9.2633772e-01,2.00001e-01,1.02000e-01,
-9.2604476e-01,2.00001e-01,1.04000e-01,
-9.2575181e-01,-0.00000e+00,1.04000e-01,
-9.2545885e-01,-0.00000e+00,1.02000e-01,
-9.2516589e-01,-0.00000e+00,1.02000e-01,
-9.2487293e-01,-0.00000e+00,1.04000e-01,
-9.2457998e-01,-0.00000e+00,1.02000e-01,
-9.2428702e-01,-0.00000e+00,1.04000e-01,
-9.2399406e-01,2.00001e-01,1.04000e-01,
-9.2370111e-01,2.00001e-01,1.02000e-01,
-9.2340815e-01,-0.00000e+00,1.00000e-01,
-9.2311519e-01,-0.00000e+00,1.04000e-01,
-9.2282224e-01,2.00001e-01,1.04000e-01,
-9.2252928e-01,-0.00000e+00,1.04000e-01,
-9.2223632e-01,-0.00000e+00,1.04000e-01,
-9.2194337e-01,-0.00000e+00,1.04000e-01,
-9.2165041e-01,-0.00000e+00,1.04000e-01,
-9.2135745e-01,-0.00000e+00,1.02000e-01,
-9.2106450e-01,2.00001e-01,1.04000e-01,
-9.2077154e-01,-0.00000e+00,1.04000e-01,
-9.2047858e-01,-0.00000e+00,1.04000e-01,
-9.2018563e-01,-0.00000e+00,1.02000e-01,
-9.1989267e-01,2.00001e-01,1.02000e-01,
-9.1959971e-01,-0.00000e+00,1.02000e-01,
-9.1930676e-01,-0.00000e+00,1.02000e-01,
-9.1901380e-01,-0.00000e+00,1.02000e-01,
-9.1872084e-01,-0.00000e+00,1.00000e-01,
-9.1842788e-01,2.00001e-01,1.04000e-01,
-9.1813493e-01,2.00001e-01,1.00000e-01,
-9.1784197e-01,-0.00000e+00,1.02000e-01,
-9.1754901e-01,-0.00000e+00,1.02000e-01,
-9.1725606e-01,-0.00000e+00,9.60000e-02,
-9.1696310e-01,-0.00000e+00,1.00000e-01,
-9.1667014e-01,-0.00000e+00,1.00000e-01,
-9.1637719e-01,-0.00000e+00,1.00000e-01,
-9.1608423e-01,-0.00000e+00,1.00000e-01,
-9.1579127e-01,2.00001e-01,9.80000e-02,
-9.1549832e-01,-0.00000e+00,9.60000e-02,
-9.1520536e-01,-0.00000e+00,9.80000e-02,
-9.1491240e-01,-0.00000e+00,9.60000e-02,
-9.1461945e-01,2.00001e-01,9.80000e-02,
-9.1432649e-01,-0.00000e+00,9.80000e-02,
-9.1403353e-01,2.00001e-01,9.80000e-02,
-9.1374058e-01,2.00001e-01,9.60000e-02,
-9.1344762e-01,-0.00000e+00,9.60000e-02,
-9.1315466e-01,2.00001e-01,9.60000e-02,
-9.1286170e-01,-0.00000e+00,9.60000e-02,
-9.1256875e-01,-0.00000e+00,9.60000e-02,
-9.1227579e-01,-0.00000e+00,9.60000e-02,
-9.1198283e-01,2.00001e-01,9.60000e-02,
-9.1168988e-01,-0.00000e+00,9.40000e-02,
-9.1139692e-01,-0.00000e+00,9.40000e-02,
-9.1110396e-01,-0.00000e+00,9.60000e-02,
-9.1081101e-01,2.00001e-01,9.60000e-02,
-9.1051805e-01,2.00001e-01,9.60000e-02,
-9.1022509e-01,2.00001e-01,9.60000e-02,
-9.0993214e-01,-0.00000e+00,1.00000e-01,
-9.0963918e-01,-0.00000e+00,1.00000e-01,
-9.0934622e-01,2.00001e-01,1.00000e-01,
-9.0905327e-01,-0.00000e+00,1.00000e-01,
-9.0876031e-01,2.00001e-01,1.00000e-01,
-9.0846735e-01,-0.00000e+00,1.02000e-01,
-9.0817440e-01,-0.00000e+00,1.02000e-01,
-9.0788144e-01,-0.00000e+00,1.06000e-01,
-9.0758848e-01,-0.00000e+00,1.04000e-01,
-9.0729553e-01,-0.00000e+00,1.04000e-01,
-9.0700257e-01,2.00001e-01,1.02000e-01,
-9.0670961e-01,-0.00000e+00,1.04000e-01,
-9.0641665e-01,-0.00000e+00,1.04000e-01,
-9.0612370e-01,-0.00000e+00,1.04000e-01,
-9.0583074e-01,-0.00000e+00,1.06000e-01,
-9.0553778e-01,-0.00000e+00,1.06000e-01,
-9.0524483e-01,2.00001e-01,1.08000e-01,
-9.0495187e-01,-0.00000e+00,1.08000e-01,
-9.0465891e-01,2.00001e-01,1.10000e-01,
-9.0436596e-01,-0.00000e+00,1.06000e-01,
-9.0407300e-01,-0.00000e+00,1.08000e-01,
-9.0378004e-01,-0.00000e+00,1.08000e-01,
-9.0348709e-01,-0.00000e+00,1.04000e-01,
-9.0319413e-01,-0.00000e+00,1.08000e-01,
-9.0290117e-01,-0.00000e+00,1.08000e-01,
-9.0260822e-01,-0.00000e+00,1.08000e-01,
-9.0231526e-01,-0.00000e+00,1.08000e-01,
-9.0202230e-01,-0.00000e+00,1.04000e-01,
-9.0172935e-01,2.00001e-01,1.08000e-01,
-9.0143639e-01,-0.00000e+00,1.04000e-01,
-9.0114343e-01,-0.00000e+00,1.04000e-01,
-9.0085047e-01,-0.00000e+00,1.08000e-01,
-9.0055752e-01,2.00001e-01,1.08000e-01,
-9.0026456e-01,-0.00000e+00,1.08000e-01,
-8.9997160e-01,-0.00000e+00,1.08000e-01,
-8.9967865e-01,-0.00000e+00,1.08000e-01,
-8.9938569e-01,-0.00000e+00,1.08000e-01,
-8.9909273e-01,2.00001e-01,1.08000e-01,
-8.9879978e-01,-0.00000e+00,1.08000e-01,
-8.9850682e-01,-0.00000e+00,1.08000e-01,
-8.9821386e-01,-0.00000e+00,1.08000e-01,
-8.9792091e-01,-0.00000e+00,1.06000e-01,
-8.9762795e-01,2.00001e-01,1.08000e-01,
-8.9733499e-01,2.00001e-01,1.08000e-01,
-8.9704204e-01,2.00001e-01,1.08000e-01,
-8.9674908e-01,2.00001e-01,1.08000e-01,
-8.9645612e-01,-0.00000e+00,1.06000e-01,
-8.9616317e-01,-0.00000e+00,1.08000e-01,
-8.9587021e-01,2.00001e-01,1.06000e-01,
-8.9557725e-01,-0.00000e+00,1.06000e-01,
-8.9528430e-01,-0.00000e+00,1.04000e-01,
-8.9499134e-01,-0.00000e+00,1.08000e-01,
-8.9469838e-01,2.00001e-01,1.04000e-01,
-8.9440542e-01,-0.00000e+00,1.02000e-01,
-8.9411247e-01,-0.00000e+00,1.04000e-01,
-8.9381951e-01,-0.00000e+00,1.04000e-01,
-8.9352655e-01,2.00001e-01,1.04000e-01,
-8.9323360e-01,-0.00000e+00,1.06000e-01,
-8.9294064e-01,-0.00000e+00,1.04000e-01,
-8.9264768e-01,-0.00000e+00,1.04000e-01,
-8.9235473e-01,-0.00000e+00,1.04000e-01,
-8.9206177e-01,-0.00000e+00,1.04000e-01,
-8.9176881e-01,2.00001e-01,1.02000e-01,
-8.9147586e-01,-0.00000e+00,1.02000e-01,
-8.9118290e-01,-0.00000e+00,1.02000e-01,
-8.9088994e-01,2.00001e-01,1.04000e-01,
-8.9059699e-01,-0.00000e+00,1.02000e-01,
-8.9030403e-01,-0.00000e+00,1.00000e-01,
-8.9001107e-01,-0.00000e+00,1.00000e-01,
-8.8971812e-01,-0.00000e+00,1.00000e-01,
-8.8942516e-01,-0.00000e+00,1.00000e-01,
-8.8913220e-01,-0.00000e+00,1.00000e-01,
-8.8883924e-01,2.00001e-01,1.00000e-01,
-8.8854629e-01,2.00001e-01,1.04000e-01,
-8.8825333e-01,-0.00000e+00,9.80000e-02,
-8.8796037e-01,-0.00000e+00,1.00000e-01,
-8.8766742e-01,-0.00000e+00,9.80000e-02,
-8.8737446e-01,-0.00000e+00,1.04000e-01,
-8.8708150e-01,-0.00000e+00,1.02000e-01,
-8.8678855e-01,-0.00000e+00,1.04000e-01,
-8.8649559e-01,-0.00000e+00,1.04000e-01,
-8.8620263e-01,-0.00000e+00,1.04000e-01,
-8.8590968e-01,-0.00000e+00,1.04000e-01,
-8.8561672e-01,-0.00000e+00,1.04000e-01,
-8.8532376e-01,2.00001e-01,1.10000e-01,
-8.8503081e-01,-0.00000e+00,1.08000e-01,
-8.8473785e-01,-0.00000e+00,1.08000e-01,
-8.8444489e-01,-0.00000e+00,1.08000e-01,
-8.8415194e-01,-0.00000e+00,1.06000e-01,
-8.8385898e-01,-0.00000e+00,1.08000e-01,
-8.8356602e-01,-0.00000e+00,1.08000e-01,
-8.8327307e-01,2.00001e-01,1.10000e-01,
-8.8298011e-01,2.00001e-01,1.08000e-01,
-8.8268715e-01,-0.00000e+00,1.10000e-01,
-8.8239419e-01,-0.00000e+00,1.10000e-01,
-8.8210124e-01,-0.00000e+00,1.12000e-01,
-8.8180828e-01,-0.00000e+00,1.10000e-01,
-8.8151532e-01,-0.00000e+00,1.12000e-01,
-8.8122237e-01,2.00001e-01,1.10000e-01,
-8.8092941e-01,-0.00000e+00,1.12000e-01,
-8.8063645e-01,-0.00000e+00,1.14000e-01,
-8.8034350e-01,-0.00000e+00,1.12000e-01,
-8.8005054e-01,-0.00000e+00,1.10000e-01,
-8.7975758e-01,2.00001e-01,1.12000e-01,
-8.7946463e-01,-0.00000e+00,1.12000e-01,
-8.7917167e-01,-0.00000e+00,1.12000e-01,
-8.7887871e-01,-0.00000e+00,1.16000e-01,
-8.7858576e-01,-0.00000e+00,1.12000e-01,
-8.7829280e-01,-0.00000e+00,1.12000e-01,
-8.7799984e-01,-0.00000e+00,1.12000e-01,
-8.7770689e-01,2.00001e-01,1.12000e-01,
-8.7741393e-01,-0.00000e+00,1.12000e-01,
-8.7712097e-01,-0.00000e+00,1.12000e-01,
-8.7682801e-01,-0.00000e+00,1.10000e-01,
-8.7653506e-01,-0.00000e+00,1.12000e-01,
-8.7624210e-01,-0.00000e+00,1.12000e-01,
-8.7594914e-01,-0.00000e+00,1.10000e-01,
-8.7565619e-01,2.00001e-01,1.16000e-01,
-8.7536323e-01,-0.00000e+00,1.12000e-01,
-8.7507027e-01,-0.00000e+00,1.10000e-01,
-8.7477732e-01,2.00001e-01,1.10000e-01,
-8.7448436e-01,-0.00000e+00,1.12000e-01,
-8.7419140e-01,-0.00000e+00,1.10000e-01,
-8.7389845e-01,-0.00000e+00,1.10000e-01,
-8.7360549e-01,-0.00000e+00,1.10000e-01,
-8.7331253e-01,2.00001e-01,1.10000e-01,
-8.7301958e-01,2.00001e-01,1.10000e-01,
-8.7272662e-01,-0.00000e+00,1.10000e-01,
-8.7243366e-01,2.00001e-01,1.10000e-01,
-8.7214071e-01,2.00001e-01,1.10000e-01,
-8.7184775e-01,2.00001e-01,1.10000e-01,
-8.7155479e-01,-0.00000e+00,1.08000e-01,
-8.7126184e-01,-0.00000e+00,1.10000e-01,
-8.7096888e-01,-0.00000e+00,1.10000e-01,
-8.7067592e-01,-0.00000e+00,1.08000e-01,
-8.7038296e-01,-0.00000e+00,1.08000e-01,
-8.7009001e-01,-0.00000e+00,1.08000e-01,
-8.6979705e-01,-0.00000e+00,1.08000e-01,
-8.6950409e-01,-0.00000e+00,1.08000e-01,
-8.6921114e-01,-0.00000e+00,1.04000e-01,
-8.6891818e-01,-0.00000e+00,1.04000e-01,
-8.6862522e-01,2.00001e-01,1.10000e-01,
-8.6833227e-01,2.00001e-01,1.04000e-01,
-8.6803931e-01,2.00001e-01,1.02000e-01,
-8.6774635e-01,-0.00000e+00,1.06000e-01,
-8.6745340e-01,2.00001e-01,1.00000e-01,
-8.6716044e-01,2.00001e-01,1.04000e-01,
-8.6686748e-01,-0.00000e+00,1.04000e-01,
-8.6657453e-01,-0.00000e+00,1.02000e-01,
-8.6628157e-01,-0.00000e+00,1.04000e-01,
-8.6598861e-01,2.00001e-01,1.04000e-01,
-8.6569566e-01,-0.00000e+00,1.04000e-01,
-8.6540270e-01,-0.00000e+00,1.06000e-01,
-8.6510974e-01,-0.00000e+00,1.08000e-01,
-8.6481678e-01,-0.00000e+00,1.08000e-01,
-8.6452383e-01,-0.00000e+00,1.08000e-01,
-8.6423087e-01,-0.00000e+00,1.10000e-01,
-8.6393791e-01,-0.00000e+00,1.10000e-01,
-8.6364496e-01,-0.00000e+00,1.10000e-01,
-8.6335200e-01,-0.00000e+00,1.10000e-01,
-8.6305904e-01,-0.00000e+00,1.10000e-01,
-8.6276609e-01,-0.00000e+00,1.12000e-01,
-8.6247313e-01,-0.00000e+00,1.12000e-01,
-8.6218017e-01,-0.00000e+00,1.12000e-01,
-8.6188722e-01,-0.00000e+00,1.12000e-01,
-8.6159426e-01,-0.00000e+00,1.12000e-01,
-8.6130130e-01,2.00001e-01,1.16000e-01,
-8.6100835e-01,-0.00000e+00,1.12000e-01,
-8.6071539e-01,2.00001e-01,1.12000e-01,
-8.6042243e-01,2.00001e-01,1.12000e-01,
-8.6012948e-01,-0.00000e+00,1.12000e-01,
-8.5983652e-01,2.00001e-01,1.14000e-01,
-8.5954356e-01,2.00001e-01,1.16000e-01,
-8.5925061e-01,-0.00000e+00,1.16000e-01,
-8.5895765e-01,2.00001e-01,1.12000e-01,
-8.5866469e-01,2.00001e-01,1.16000e-01,
-8.5837173e-01,2.00001e-01,1.16000e-01,
-8.5807878e-01,2.00001e-01,1.14000e-01,
-8.5778582e-01,2.00001e-01,1.16000e-01,
-8.5749286e-01,-0.00000e+00,1.16000e-01,
-8.5719991e-01,2.00001e-01,1.16000e-01,
-8.5690695e-01,-0.00000e+00,1.16000e-01,
-8.5661399e-01,-0.00000e+00,1.18000e-01,
-8.5632104e-01,-0.00000e+00,1.16000e-01,
-8.5602808e-01,-0.00000e+00,1.16000e-01,
-8.5573512e-01,-0.00000e+00,1.20000e-01,
-8.5544217e-01,-0.00000e+00,1.16000e-01,
-8.5514921e-01,-0.00000e+00,1.16000e-01,
-8.5485625e-01,-0.00000e+00,1.18000e-01,
-8.5456330e-01,-0.00000e+00,1.16000e-01,
-8.5427034e-01,-0.00000e+00,1.16000e-01,
-8.5397738e-01,-0.00000e+00,1.14000e-01,
-8.5368443e-01,-0.00000e+00,1.16000e-01,
-8.5339147e-01,-0.00000e+00,1.16000e-01,
-8.5309851e-01,-0.00000e+00,1.12000e-01,
-8.5280555e-01,2.00001e-01,1.16000e-01,
-8.5251260e-01,-0.00000e+00,1.16000e-01,
-8.5221964e-01,-0.00000e+00,1.16000e-01,
-8.5192668e-01,-0.00000e+00,1.14000e-01,
-8.5163373e-01,-0.00000e+00,1.12000e-01,
-8.5134077e-01,2.00001e-01,1.12000e-01,
-8.5104781e-01,-0.00000e+00,1.12000e-01,
-8.5075486e-01,-0.00000e+00,1.12000e-01,
-8.5046190e-01,-0.00000e+00,1.12000e-01,
-8.5016894e-01,-0.00000e+00,1.12000e-01,
-8.4987599e-01,-0.00000e+00,1.12000e-01,
-8.4958303e-01,-0.00000e+00,1.12000e-01,
-8.4929007e-01,-0.00000e+00,1.10000e-01,
-8.4899712e-01,-0.00000e+00,1.12000e-01,
-8.4870416e-01,2.00001e-01,1.10000e-01,
-8.4841120e-01,2.00001e-01,1.12000e-01,
-8.4811825e-01,-0.00000e+00,1.10000e-01,
-8.4782529e-01,-0.00000e+00,1.10000e-01,
-8.4753233e-01,-0.00000e+00,1.10000e-01,
-8.4723938e-01,-0.00000e+00,1.10000e-01,
-8.4694642e-01,-0.00000e+00,1.08000e-01,
-8.4665346e-01,-0.00000e+00,1.08000e-01,
-8.4636050e-01,-0.00000e+00,1.08000e-01,
-8.4606755e-01,2.00001e-01,1.08000e-01,
-8.4577459e-01,-0.00000e+00,1.08000e-01,
-8.4548163e-01,-0.00000e+00,1.04000e-01,
-8.4518868e-01,-0.00000e+00,1.08000e-01,
-8.4489572e-01,2.00001e-01,1.08000e-01,
-8.4460276e-01,-0.00000e+00,1.10000e-01,
-8.4430981e-01,2.00001e-01,1.10000e-01,
-8.4401685e-01,2.00001e-01,1.10000e-01,
-8.4372389e-01,-0.00000e+00,1.12000e-01,
-8.4343094e-01,-0.00000e+00,1.12000e-01,
-8.4313798e-01,-0.00000e+00,1.12000e-01,
-8.4284502e-01,2.00001e-01,1.12000e-01,
-8.4255207e-01,-0.00000e+00,1.12000e-01,
-8.4225911e-01,-0.00000e+00,1.16000e-01,
-8.4196615e-01,-0.00000e+00,1.12000e-01,
-8.4167320e-01,2.00001e-01,1.16000e-01,
-8.4138024e-01,-0.00000e+00,1.16000e-01,
-8.4108728e-01,-0.00000e+00,1.16000e-01,
-8.4079432e-01,2.00001e-01,1.16000e-01,
-8.4050137e-01,-0.00000e+00,1.16000e-01,
-8.4020841e-01,2.00001e-01,1.18000e-01,
-8.3991545e-01,-0.00000e+00,1.18000e-01,
-8.3962250e-01,-0.00000e+00,1.16000e-01,
-8.3932954e-01,2.00001e-01,1.16000e-01,
-8.3903658e-01,-0.00000e+00,1.18000e-01,
-8.3874363e-01,-0.00000e+00,1.20000e-01,
-8.3845067e-01,2.00001e-01,1.18000e-01,
-8.3815771e-01,-0.00000e+00,1.20000e-01,
-8.3786476e-01,-0.00000e+00,1.20000e-01,
-8.3757180e-01,-0.00000e+00,1.20000e-01,
-8.3727884e-01,2.00001e-01,1.20000e-01,
-8.3698589e-01,2.00001e-01,1.20000e-01,
-8.3669293e-01,2.00001e-01,1.20000e-01,
-8.3639997e-01,2.00001e-01,1.24000e-01,
-8.3610702e-01,2.00001e-01,1.20000e-01,
-8.3581406e-01,-0.00000e+00,1.20000e-01,
-8.3552110e-01,-0.00000e+00,1.20000e-01,
-8.3522815e-01,-0.00000e+00,1.20000e-01,
-8.3493519e-01,-0.00000e+00,1.18000e-01,
-8.3464223e-01,-0.00000e+00,1.20000e-01,
-8.3434927e-01,2.00001e-01,1.18000e-01,
-8.3405632e-01,-0.00000e+00,1.20000e-01,
-8.3376336e-01,2.00001e-01,1.20000e-01,
-8.3347040e-01,-0.00000e+00,1.18000e-01,
-8.3317745e-01,-0.00000e+00,1.20000e-01,
-8.3288449e-01,2.00001e-01,1.20000e-01,
-8.3259153e-01,2.00001e-01,1.20000e-01,
-8.3229858e-01,2.00001e-01,1.18000e-01,
-8.3200562e-01,2.00001e-01,1.18000e-01,
-8.3171266e-01,-0.00000e+00,1.18000e-01,
-8.3141971e-01,2.00001e-01,1.20000e-01,
-8.3112675e-01,-0.00000e+00,1.18000e-01,
-8.3083379e-01,-0.00000e+00,1.20000e-01,
-8.3054084e-01,-0.00000e+00,1.16000e-01,
-8.3024788e-01,2.00001e-01,1.16000e-01,
-8.2995492e-01,-0.00000e+00,1.16000e-01,
-8.2966197e-01,2.00001e-01,1.18000e-01,
-8.2936901e-01,-0.00000e+00,1.16000e-01,
-8.2907605e-01,-0.00000e+00,1.16000e-01,
-8.2878309e-01,-0.00000e+00,1.16000e-01,
-8.2849014e-01,2.00001e-01,1.16000e-01,
-8.2819718e-01,-0.00000e+00,1.16000e-01,
-8.2790422e-01,-0.00000e+00,1.14000e-01,
-8.2761127e-01,2.00001e-01,1.16000e-01,
-8.2731831e-01,2.00001e-01,1.16000e-01,
-8.2702535e-01,2.00001e-01,1.16000e-01,
-8.2673240e-01,2.00001e-01,1.16000e-01,
-8.2643944e-01,2.00001e-01,1.12000e-01,
-8.2614648e-01,2.00001e-01,1.12000e-01,
-8.2585353e-01,2.00001e-01,1.12000e-01,
-8.2556057e-01,2.00001e-01,1.12000e-01,
-8.2526761e-01,2.00001e-01,1.12000e-01,
-8.2497466e-01,2.00001e-01,1.16000e-01,
-8.2468170e-01,-0.00000e+00,1.10000e-01,
-8.2438874e-01,-0.00000e+00,1.12000e-01,
-8.2409579e-01,2.00001e-01,1.12000e-01,
-8.2380283e-01,2.00001e-01,1.12000e-01,
-8.2350987e-01,2.00001e-01,1.16000e-01,
-8.2321692e-01,2.00001e-01,1.12000e-01,
-8.2292396e-01,2.00001e-01,1.14000e-01,
-8.2263100e-01,-0.00000e+00,1.18000e-01,
-8.2233804e-01,-0.00000e+00,1.16000e-01,
-8.2204509e-01,2.00001e-01,1.18000e-01,
-8.2175213e-01,2.00001e-01,1.18000e-01,
-8.2145917e-01,2.00001e-01,1.16000e-01,
-8.2116622e-01,-0.00000e+00,1.20000e-01,
-8.2087326e-01,2.00001e-01,1.18000e-01,
-8.2058030e-01,2.00001e-01,1.20000e-01,
-8.2028735e-01,-0.00000e+00,1.20000e-01,
-8.1999439e-01,-0.00000e+00,1.20000e-01,
-8.1970143e-01,-0.00000e+00,1.20000e-01,
-8.1940848e-01,-0.00000e+00,1.20000e-01,
-8.1911552e-01,-0.00000e+00,1.24000e-01,
-8.1882256e-01,2.00001e-01,1.20000e-01,
-8.1852961e-01,-0.00000e+00,1.20000e-01,
-8.1823665e-01,-0.00000e+00,1.22000e-01,
-8.1794369e-01,-0.00000e+00,1.20000e-01,
-8.1765074e-01,-0.00000e+00,1.22000e-01,
-8.1735778e-01,2.00001e-01,1.20000e-01,
-8.1706482e-01,-0.00000e+00,1.24000e-01,
-8.1677186e-01,-0.00000e+00,1.20000e-01,
-8.1647891e-01,2.00001e-01,1.22000e-01,
-8.1618595e-01,2.00001e-01,1.22000e-01,
-8.1589299e-01,-0.00000e+00,1.22000e-01,
-8.1560004e-01,-0.00000e+00,1.22000e-01,
-8.1530708e-01,-0.00000e+00,1.24000e-01,
-8.1501412e-01,-0.00000e+00,1.24000e-01,
-8.1472117e-01,-0.00000e+00,1.22000e-01,
-8.1442821e-01,2.00001e-01,1.22000e-01,
-8.1413525e-01,-0.00000e+00,1.22000e-01,
-8.1384230e-01,-0.00000e+00,1.22000e-01,
-8.1354934e-01,-0.00000e+00,1.20000e-01,
-8.1325638e-01,-0.00000e+00,1.22000e-01,
-8.1296343e-01,2.00001e-01,1.22000e-01,
-8.1267047e-01,-0.00000e+00,1.22000e-01,
-8.1237751e-01,-0.00000e+00,1.20000e-01,
-8.1208456e-01,2.00001e-01,1.22000e-01,
-8.1179160e-01,2.00001e-01,1.24000e-01,
-8.1149864e-01,2.00001e-01,1.20000e-01,
-8.1120569e-01,-0.00000e+00,1.20000e-01,
-8.1091273e-01,-0.00000e+00,1.20000e-01,
-8.1061977e-01,-0.00000e+00,1.20000e-01,
-8.1032681e-01,-0.00000e+00,1.20000e-01,
-8.1003386e-01,-0.00000e+00,1.20000e-01,
-8.0974090e-01,-0.00000e+00,1.20000e-01,
-8.0944794e-01,2.00001e-01,1.20000e-01,
-8.0915499e-01,-0.00000e+00,1.20000e-01,
-8.0886203e-01,-0.00000e+00,1.18000e-01,
-8.0856907e-01,2.00001e-01,1.18000e-01,
-8.0827612e-01,-0.00000e+00,1.20000e-01,
-8.0798316e-01,-0.00000e+00,1.20000e-01,
-8.0769020e-01,2.00001e-01,1.20000e-01,
-8.0739725e-01,-0.00000e+00,1.18000e-01,
-8.0710429e-01,2.00001e-01,1.18000e-01,
-8.0681133e-01,2.00001e-01,1.16000e-01,
-8.0651838e-01,-0.00000e+00,1.18000e-01,
-8.0622542e-01,-0.00000e+00,1.18000e-01,
-8.0593246e-01,-0.00000e+00,1.16000e-01,
-8.0563951e-01,-0.00000e+00,1.22000e-01,
-8.0534655e-01,-0.00000e+00,1.20000e-01,
-8.0505359e-01,2.00001e-01,1.14000e-01,
-8.0476063e-01,-0.00000e+00,1.14000e-01,
-8.0446768e-01,-0.00000e+00,1.16000e-01,
-8.0417472e-01,-0.00000e+00,1.18000e-01,
-8.0388176e-01,-0.00000e+00,1.18000e-01,
-8.0358881e-01,-0.00000e+00,1.16000e-01,
-8.0329585e-01,-0.00000e+00,1.18000e-01,
-8.0300289e-01,-0.00000e+00,1.20000e-01,
-8.0270994e-01,-0.00000e+00,1.20000e-01,
-8.0241698e-01,-0.00000e+00,1.20000e-01,
-8.0212402e-01,2.00001e-01,1.24000e-01,
-8.0183107e-01,2.00001e-01,1.20000e-01,
-8.0153811e-01,-0.00000e+00,1.20000e-01,
-8.0124515e-01,-0.00000e+00,1.22000e-01,
-8.0095220e-01,-0.00000e+00,1.22000e-01,
-8.0065924e-01,2.00001e-01,1.22000e-01,
-8.0036628e-01,2.00001e-01,1.22000e-01,
-8.0007333e-01,-0.00000e+00,1.24000e-01,
-7.9978037e-01,-0.00000e+00,1.24000e-01,
-7.9948741e-01,-0.00000e+00,1.22000e-01,
-7.9919446e-01,-0.00000e+00,1.24000e-01,
-7.9890150e-01,2.00001e-01,1.24000e-01,
-7.9860854e-01,-0.00000e+00,1.24000e-01,
-7.9831558e-01,-0.00000e+00,1.24000e-01,
-7.9802263e-01,-0.00000e+00,1.22000e-01,
-7.9772967e-01,-0.00000e+00,1.24000e-01,
-7.9743671e-01,-0.00000e+00,1.26000e-01,
-7.9714376e-01,-0.00000e+00,1.26000e-01,
-7.9685080e-01,2.00001e-01,1.24000e-01,
-7.9655784e-01,-0.00000e+00,1.26000e-01,
-7.9626489e-01,2.00001e-01,1.24000e-01,
-7.9597193e-01,2.00001e-01,1.24000e-01,
-7.9567897e-01,-0.00000e+00,1.24000e-01,
-7.9538602e-01,-0.00000e+00,1.24000e-01,
-7.9509306e-01,2.00001e-01,1.24000e-01,
-7.9480010e-01,-0.00000e+00,1.24000e-01,
-7.9450715e-01,-0.00000e+00,1.24000e-01,
-7.9421419e-01,-0.00000e+00,1.22000e-01,
-7.9392123e-01,-0.00000e+00,1.26000e-01,
-7.9362828e-01,-0.00000e+00,1.24000e-01,
-7.9333532e-01,-0.00000e+00,1.24000e-01,
-7.9304236e-01,-0.00000e+00,1.24000e-01,
-7.9274940e-01,-0.00000e+00,1.24000e-01,
-7.9245645e-01,2.00001e-01,1.24000e-01,
-7.9216349e-01,-0.00000e+00,1.24000e-01,
-7.9187053e-01,-0.00000e+00,1.24000e-01,
-7.9157758e-01,-0.00000e+00,1.24000e-01,
-7.9128462e-01,-0.00000e+00,1.24000e-01,
-7.9099166e-01,2.00001e-01,1.22000e-01,
-7.9069871e-01,-0.00000e+00,1.22000e-01,
-7.9040575e-01,2.00001e-01,1.24000e-01,
-7.9011279e-01,-0.00000e+00,1.24000e-01,
-7.8981984e-01,-0.00000e+00,1.22000e-01,
-7.8952688e-01,2.00001e-01,1.22000e-01,
-7.8923392e-01,2.00001e-01,1.22000e-01,
-7.8894097e-01,-0.00000e+00,1.24000e-01,
-7.8864801e-01,-0.00000e+00,1.20000e-01,
-7.8835505e-01,2.00001e-01,1.20000e-01,
-7.8806210e-01,-0.00000e+00,1.20000e-01,
-7.8776914e-01,-0.00000e+00,1.20000e-01,
-7.8747618e-01,2.00001e-01,1.20000e-01,
-7.8718323e-01,-0.00000e+00,1.20000e-01,
-7.8689027e-01,-0.00000e+00,1.24000e-01,
-7.8659731e-01,2.00001e-01,1.20000e-01,
-7.8630435e-01,-0.00000e+00,1.20000e-01,
-7.8601140e-01,-0.00000e+00,1.18000e-01,
-7.8571844e-01,2.00001e-01,1.18000e-01,
-7.8542548e-01,2.00001e-01,1.20000e-01,
-7.8513253e-01,-0.00000e+00,1.20000e-01,
-7.8483957e-01,-0.00000e+00,1.20000e-01,
-7.8454661e-01,2.00001e-01,1.20000e-01,
-7.8425366e-01,2.00001e-01,1.24000e-01,
-7.8396070e-01,2.00001e-01,1.20000e-01,
-7.8366774e-01,2.00001e-01,1.20000e-01,
-7.8337479e-01,2.00001e-01,1.24000e-01,
-7.8308183e-01,-0.00000e+00,1.22000e-01,
-7.8278887e-01,-0.00000e+00,1.24000e-01,
-7.8249592e-01,-0.00000e+00,1.22000e-01,
-7.8220296e-01,-0.00000e+00,1.26000e-01,
-7.8191000e-01,-0.00000e+00,1.26000e-01,
-7.8161705e-01,-0.00000e+00,1.24000e-01,
-7.8132409e-01,2.00001e-01,1.26000e-01,
-7.8103113e-01,-0.00000e+00,1.24000e-01,
-7.8073817e-01,-0.00000e+00,1.24000e-01,
-7.8044522e-01,-0.00000e+00,1.30000e-01,
-7.8015226e-01,-0.00000e+00,1.26000e-01,
-7.7985930e-01,-0.00000e+00,1.26000e-01,
-7.7956635e-01,-0.00000e+00,1.26000e-01,
-7.7927339e-01,-0.00000e+00,1.26000e-01,
-7.7898043e-01,2.00001e-01,1.26000e-01,
-7.7868748e-01,-0.00000e+00,1.26000e-01,
-7.7839452e-01,-0.00000e+00,1.26000e-01,
-7.7810156e-01,-0.00000e+00,1.26000e-01,
-7.7780861e-01,-0.00000e+00,1.26000e-01,
-7.7751565e-01,-0.00000e+00,1.26000e-01,
-7.7722269e-01,-0.00000e+00,1.30000e-01,
-7.7692974e-01,-0.00000e+00,1.26000e-01,
-7.7663678e-01,-0.00000e+00,1.26000e-01,
-7.7634382e-01,-0.00000e+00,1.24000e-01,
-7.7605087e-01,-0.00000e+00,1.26000e-01,
-7.7575791e-01,-0.00000e+00,1.26000e-01,
-7.7546495e-01,2.00001e-01,1.26000e-01,
-7.7517200e-01,-0.00000e+00,1.26000e-01,
-7.7487904e-01,-0.00000e+00,1.26000e-01,
-7.7458608e-01,2.00001e-01,1.26000e-01,
-7.7429312e-01,-0.00000e+00,1.26000e-01,
-7.7400017e-01,-0.00000e+00,1.28000e-01,
-7.7370721e-01,-0.00000e+00,1.26000e-01,
-7.7341425e-01,2.00001e-01,1.26000e-01,
-7.7312130e-01,-0.00000e+00,1.24000e-01,
-7.7282834e-01,-0.00000e+00,1.26000e-01,
-7.7253538e-01,-0.00000e+00,1.24000e-01,
-7.7224243e-01,-0.00000e+00,1.24000e-01,
-7.7194947e-01,-0.00000e+00,1.24000e-01,
-7.7165651e-01,2.00001e-01,1.26000e-01,
-7.7136356e-01,-0.00000e+00,1.24000e-01,
-7.7107060e-01,-0.00000e+00,1.24000e-01,
-7.7077764e-01,2.00001e-01,1.24000e-01,
-7.7048469e-01,-0.00000e+00,1.24000e-01,
-7.7019173e-01,-0.00000e+00,1.24000e-01,
-7.6989877e-01,-0.00000e+00,1.24000e-01,
-7.6960582e-01,-0.00000e+00,1.24000e-01,
-7.6931286e-01,-0.00000e+00,1.24000e-01,
-7.6901990e-01,-0.00000e+00,1.24000e-01,
-7.6872694e-01,-0.00000e+00,1.24000e-01,
-7.6843399e-01,-0.00000e+00,1.22000e-01,
-7.6814103e-01,-0.00000e+00,1.24000e-01,
-7.6784807e-01,-0.00000e+00,1.24000e-01,
-7.6755512e-01,-0.00000e+00,1.22000e-01,
-7.6726216e-01,-0.00000e+00,1.22000e-01,
-7.6696920e-01,2.00001e-01,1.20000e-01,
-7.6667625e-01,2.00001e-01,1.22000e-01,
-7.6638329e-01,-0.00000e+00,1.20000e-01,
-7.6609033e-01,-0.00000e+00,1.22000e-01,
-7.6579738e-01,-0.00000e+00,1.24000e-01,
-7.6550442e-01,-0.00000e+00,1.24000e-01,
-7.6521146e-01,-0.00000e+00,1.24000e-01,
-7.6491851e-01,-0.00000e+00,1.24000e-01,
-7.6462555e-01,-0.00000e+00,1.26000e-01,
-7.6433259e-01,-0.00000e+00,1.24000e-01,
-7.6403964e-01,-0.00000e+00,1.26000e-01,
-7.6374668e-01,-0.00000e+00,1.26000e-01,
-7.6345372e-01,-0.00000e+00,1.20000e-01,
-7.6316077e-01,-0.00000e+00,1.26000e-01,
-7.6286781e-01,2.00001e-01,1.26000e-01,
-7.6257485e-01,2.00001e-01,1.26000e-01,
-7.6228189e-01,-0.00000e+00,1.26000e-01,
-7.6198894e-01,2.00001e-01,1.26000e-01,
-7.6169598e-01,-0.00000e+00,1.26000e-01,
-7.6140302e-01,-0.00000e+00,1.28000e-01,
-7.6111007e-01,-0.00000e+00,1.28000e-01,
-7.6081711e-01,-0.00000e+00,1.30000e-01,
-7.6052415e-01,-0.00000e+00,1.28000e-01,
-7.6023120e-01,2.00001e-01,1.26000e-01,
-7.5993824e-01,2.00001e-01,1.30000e-01,
-7.5964528e-01,-0.00000e+00,1.28000e-01,
-7.5935233e-01,-0.00000e+00,1.26000e-01,
-7.5905937e-01,2.00001e-01,1.28000e-01,
-7.5876641e-01,-0.00000e+00,1.30000e-01,
-7.5847346e-01,2.00001e-01,1.28000e-01,
-7.5818050e-01,-0.00000e+00,1.30000e-01,
-7.5788754e-01,-0.00000e+00,1.30000e-01,
-7.5759459e-01,-0.00000e+00,1.30000e-01,
-7.5730163e-01,-0.00000e+00,1.26000e-01,
-7.5700867e-01,-0.00000e+00,1.32000e-01,
-7.5671571e-01,-0.00000e+00,1.30000e-01,
-7.5642276e-01,-0.00000e+00,1.30000e-01,
-7.5612980e-01,-0.00000e+00,1.30000e-01,
-7.5583684e-01,-0.00000e+00,1.30000e-01,
-7.5554389e-01,-0.00000e+00,1.30000e-01,
-7.5525093e-01,-0.00000e+00,1.28000e-01,
-7.5495797e-01,-0.00000e+00,1.28000e-01,
-7.5466502e-01,2.00001e-01,1.26000e-01,
-7.5437206e-01,-0.00000e+00,1.30000e-01,
-7.5407910e-01,-0.00000e+00,1.28000e-01,
-7.5378615e-01,-0.00000e+00,1.26000e-01,
-7.5349319e-01,-0.00000e+00,1.28000e-01,
-7.5320023e-01,-0.00000e+00,1.26000e-01,
-7.5290728e-01,-0.00000e+00,1.26000e-01,
-7.5261432e-01,-0.00000e+00,1.26000e-01,
-7.5232136e-01,-0.00000e+00,1.26000e-01,
-7.5202841e-01,-0.00000e+00,1.26000e-01,
-7.5173545e-01,2.00001e-01,1.26000e-01,
-7.5144249e-01,2.00001e-01,1.30000e-01,
-7.5114954e-01,-0.00000e+00,1.26000e-01,
-7.5085658e-01,-0.00000e+00,1.26000e-01,
-7.5056362e-01,-0.00000e+00,1.24000e-01,
-7.5027066e-01,2.00001e-01,1.24000e-01,
-7.4997771e-01,-0.00000e+00,1.26000e-01,
-7.4968475e-01,-0.00000e+00,1.24000e-01,
-7.4939179e-01,-0.00000e+00,1.24000e-01,
-7.4909884e-01,-0.00000e+00,1.24000e-01,
-7.4880588e-01,2.00001e-01,1.22000e-01,
-7.4851292e-01,-0.00000e+00,1.24000e-01,
-7.4821997e-01,-0.00000e+00,1.24000e-01,
-7.4792701e-01,-0.00000e+00,1.24000e-01,
-7.4763405e-01,-0.00000e+00,1.24000e-01,
-7.4734110e-01,-0.00000e+00,1.26000e-01,
-7.4704814e-01,-0.00000e+00,1.26000e-01,
-7.4675518e-01,2.00001e-01,1.26000e-01,
-7.4646223e-01,2.00001e-01,1.26000e-01,
-7.4616927e-01,-0.00000e+00,1.30000e-01,
-7.4587631e-01,-0.00000e+00,1.28000e-01,
-7.4558336e-01,-0.00000e+00,1.26000e-01,
-7.4529040e-01,-0.00000e+00,1.30000e-01,
-7.4499744e-01,-0.00000e+00,1.32000e-01,
-7.4470448e-01,-0.00000e+00,1.30000e-01,
-7.4441153e-01,-0.00000e+00,1.30000e-01,
-7.4411857e-01,2.00001e-01,1.30000e-01,
-7.4382561e-01,2.00001e-01,1.30000e-01,
-7.4353266e-01,2.00001e-01,1.30000e-01,
-7.4323970e-01,-0.00000e+00,1.32000e-01,
-7.4294674e-01,-0.00000e+00,1.32000e-01,
-7.4265379e-01,-0.00000e+00,1.34000e-01,
-7.4236083e-01,-0.00000e+00,1.32000e-01,
-7.4206787e-01,2.00001e-01,1.34000e-01,
-7.4177492e-01,-0.00000e+00,1.34000e-01,
-7.4148196e-01,-0.00000e+00,1.34000e-01,
-7.4118900e-01,-0.00000e+00,1.32000e-01,
-7.4089605e-01,-0.00000e+00,1.34000e-01,
-7.4060309e-01,-0.00000e+00,1.34000e-01,
-7.4031013e-01,2.00001e-01,1.32000e-01,
-7.4001718e-01,-0.00000e+00,1.34000e-01,
-7.3972422e-01,-0.00000e+00,1.34000e-01,
-7.3943126e-01,-0.00000e+00,1.32000e-01,
-7.3913831e-01,-0.00000e+00,1.34000e-01,
-7.3884535e-01,-0.00000e+00,1.34000e-01,
-7.3855239e-01,-0.00000e+00,1.26000e-01,
-7.3825943e-01,-0.00000e+00,1.34000e-01,
-7.3796648e-01,-0.00000e+00,1.32000e-01,
-7.3767352e-01,-0.00000e+00,1.34000e-01,
-7.3738056e-01,-0.00000e+00,1.34000e-01,
-7.3708761e-01,-0.00000e+00,1.32000e-01,
-7.3679465e-01,-0.00000e+00,1.32000e-01,
-7.3650169e-01,2.00001e-01,1.32000e-01,
-7.3620874e-01,-0.00000e+00,1.32000e-01,
-7.3591578e-01,2.00001e-01,1.34000e-01,
-7.3562282e-01,2.00001e-01,1.32000e-01,
-7.3532987e-01,-0.00000e+00,1.30000e-01,
-7.3503691e-01,-0.00000e+00,1.30000e-01,
-7.3474395e-01,-0.00000e+00,1.30000e-01,
-7.3445100e-01,2.00001e-01,1.30000e-01,
-7.3415804e-01,-0.00000e+00,1.28000e-01,
-7.3386508e-01,-0.00000e+00,1.28000e-01,
-7.3357213e-01,-0.00000e+00,1.30000e-01,
-7.3327917e-01,-0.00000e+00,1.26000e-01,
-7.3298621e-01,-0.00000e+00,1.28000e-01,
-7.3269325e-01,-0.00000e+00,1.28000e-01,
-7.3240030e-01,-0.00000e+00,1.26000e-01,
-7.3210734e-01,-0.00000e+00,1.26000e-01,
-7.3181438e-01,-0.00000e+00,1.26000e-01,
-7.3152143e-01,-0.00000e+00,1.26000e-01,
-7.3122847e-01,-0.00000e+00,1.28000e-01,
-7.3093551e-01,-0.00000e+00,1.26000e-01,
-7.3064256e-01,-0.00000e+00,1.26000e-01,
-7.3034960e-01,-0.00000e+00,1.26000e-01,
-7.3005664e-01,-0.00000e+00,1.28000e-01,
-7.2976369e-01,2.00001e-01,1.26000e-01,
-7.2947073e-01,-0.00000e+00,1.30000e-01,
-7.2917777e-01,-0.00000e+00,1.30000e-01,
-7.2888482e-01,-0.00000e+00,1.28000e-01,
-7.2859186e-01,-0.00000e+00,1.32000e-01,
-7.2829890e-01,-0.00000e+00,1.30000e-01,
-7.2800595e-01,-0.00000e+00,1.34000e-01,
-7.2771299e-01,-0.00000e+00,1.32000e-01,
-7.2742003e-01,-0.00000e+00,1.32000e-01,
-7.2712708e-01,-0.00000e+00,1.32000e-01,
-7.2683412e-01,-0.00000e+00,1.32000e-01,
-7.2654116e-01,-0.00000e+00,1.34000e-01,
-7.2624820e-01,-0.00000e+00,1.34000e-01,
-7.2595525e-01,-0.00000e+00,1.34000e-01,
-7.2566229e-01,2.00001e-01,1.34000e-01,
-7.2536933e-01,-0.00000e+00,1.34000e-01,
-7.2507638e-01,-0.00000e+00,1.34000e-01,
-7.2478342e-01,-0.00000e+00,1.34000e-01,
-7.2449046e-01,-0.00000e+00,1.32000e-01,
-7.2419751e-01,2.00001e-01,1.34000e-01,
-7.2390455e-01,-0.00000e+00,1.36000e-01,
-7.2361159e-01,2.00001e-01,1.34000e-01,
-7.2331864e-01,-0.00000e+00,1.34000e-01,
-7.2302568e-01,-0.00000e+00,1.36000e-01,
-7.2273272e-01,-0.00000e+00,1.34000e-01,
-7.2243977e-01,-0.00000e+00,1.38000e-01,
-7.2214681e-01,-0.00000e+00,1.34000e-01,
-7.2185385e-01,-0.00000e+00,1.34000e-01,
-7.2156090e-01,2.00001e-01,1.34000e-01,
-7.2126794e-01,2.00001e-01,1.34000e-01,
-7.2097498e-01,2.00001e-01,1.36000e-01,
-7.2068202e-01,2.00001e-01,1.34000e-01,
-7.2038907e-01,-0.00000e+00,1.34000e-01,
-7.2009611e-01,-0.00000e+00,1.34000e-01,
-7.1980315e-01,2.00001e-01,1.36000e-01,
-7.1951020e-01,2.00001e-01,1.34000e-01,
-7.1921724e-01,2.00001e-01,1.38000e-01,
-7.1892428e-01,-0.00000e+00,1.34000e-01,
-7.1863133e-01,-0.00000e+00,1.36000e-01,
-7.1833837e-01,-0.00000e+00,1.38000e-01,
-7.1804541e-01,-0.00000e+00,1.34000e-01,
-7.1775246e-01,-0.00000e+00,1.34000e-01,
-7.1745950e-01,-0.00000e+00,1.30000e-01,
-7.1716654e-01,-0.00000e+00,1.34000e-01,
-7.1687359e-01,-0.00000e+00,1.32000e-01,
-7.1658063e-01,-0.00000e+00,1.32000e-01,
-7.1628767e-01,-0.00000e+00,1.32000e-01,
-7.1599472e-01,-0.00000e+00,1.26000e-01,
-7.1570176e-01,-0.00000e+00,1.32000e-01,
-7.1540880e-01,-0.00000e+00,1.32000e-01,
-7.1511585e-01,-0.00000e+00,1.32000e-01,
-7.1482289e-01,-0.00000e+00,1.32000e-01,
-7.1452993e-01,-0.00000e+00,1.32000e-01,
-7.1423697e-01,-0.00000e+00,1.30000e-01,
-7.1394402e-01,2.00001e-01,1.30000e-01,
-7.1365106e-01,-0.00000e+00,1.30000e-01,
-7.1335810e-01,2.00001e-01,1.26000e-01,
-7.1306515e-01,-0.00000e+00,1.30000e-01,
-7.1277219e-01,-0.00000e+00,1.30000e-01,
-7.1247923e-01,-0.00000e+00,1.32000e-01,
-7.1218628e-01,-0.00000e+00,1.32000e-01,
-7.1189332e-01,-0.00000e+00,1.34000e-01,
-7.1160036e-01,-0.00000e+00,1.30000e-01,
-7.1130741e-01,-0.00000e+00,1.34000e-01,
-7.1101445e-01,-0.00000e+00,1.34000e-01,
-7.1072149e-01,-0.00000e+00,1.34000e-01,
-7.1042854e-01,-0.00000e+00,1.34000e-01,
-7.1013558e-01,2.00001e-01,1.38000e-01,
-7.0984262e-01,-0.00000e+00,1.34000e-01,
-7.0954967e-01,2.00001e-01,1.38000e-01,
-7.0925671e-01,-0.00000e+00,1.36000e-01,
-7.0896375e-01,-0.00000e+00,1.36000e-01,
-7.0867079e-01,-0.00000e+00,1.38000e-01,
-7.0837784e-01,-0.00000e+00,1.40000e-01,
-7.0808488e-01,-0.00000e+00,1.32000e-01,
-7.0779192e-01,-0.00000e+00,1.42000e-01,
-7.0749897e-01,2.00001e-01,1.38000e-01,
-7.0720601e-01,-0.00000e+00,1.38000e-01,
-7.0691305e-01,-0.00000e+00,1.40000e-01,
-7.0662010e-01,-0.00000e+00,1.38000e-01,
-7.0632714e-01,2.00001e-01,1.42000e-01,
-7.0603418e-01,-0.00000e+00,1.40000e-01,
-7.0574123e-01,2.00001e-01,1.36000e-01,
-7.0544827e-01,-0.00000e+00,1.38000e-01,
-7.0515531e-01,-0.00000e+00,1.38000e-01,
-7.0486236e-01,-0.00000e+00,1.38000e-01,
-7.0456940e-01,-0.00000e+00,1.38000e-01,
-7.0427644e-01,2.00001e-01,1.38000e-01,
-7.0398349e-01,-0.00000e+00,1.38000e-01,
-7.0369053e-01,-0.00000e+00,1.40000e-01,
-7.0339757e-01,-0.00000e+00,1.38000e-01,
-7.0310462e-01,-0.00000e+00,1.36000e-01,
-7.0281166e-01,-0.00000e+00,1.36000e-01,
-7.0251870e-01,-0.00000e+00,1.38000e-01,
-7.0222574e-01,-0.00000e+00,1.38000e-01,
-7.0193279e-01,-0.00000e+00,1.38000e-01,
-7.0163983e-01,-0.00000e+00,1.38000e-01,
-7.0134687e-01,-0.00000e+00,1.36000e-01,
-7.0105392e-01,-0.00000e+00,1.36000e-01,
-7.0076096e-01,-0.00000e+00,1.38000e-01,
-7.0046800e-01,-0.00000e+00,1.36000e-01,
-7.0017505e-01,2.00001e-01,1.34000e-01,
-6.9988209e-01,2.00001e-01,1.38000e-01,
-6.9958913e-01,-0.00000e+00,1.34000e-01,
-6.9929618e-01,2.00001e-01,1.34000e-01,
-6.9900322e-01,-0.00000e+00,1.36000e-01,
-6.9871026e-01,-0.00000e+00,1.34000e-01,
-6.9841731e-01,2.00001e-01,1.34000e-01,
-6.9812435e-01,-0.00000e+00,1.32000e-01,
-6.9783139e-01,-0.00000e+00,1.34000e-01,
-6.9753844e-01,-0.00000e+00,1.34000e-01,
-6.9724548e-01,-0.00000e+00,1.34000e-01,
-6.9695252e-01,-0.00000e+00,1.34000e-01,
-6.9665956e-01,-0.00000e+00,1.30000e-01,
-6.9636661e-01,-0.00000e+00,1.32000e-01,
-6.9607365e-01,-0.00000e+00,1.34000e-01,
-6.9578069e-01,-0.00000e+00,1.32000e-01,
-6.9548774e-01,-0.00000e+00,1.34000e-01,
-6.9519478e-01,2.00001e-01,1.36000e-01,
-6.9490182e-01,-0.00000e+00,1.36000e-01,
-6.9460887e-01,-0.00000e+00,1.34000e-01,
-6.9431591e-01,2.00001e-01,1.36000e-01,
-6.9402295e-01,-0.00000e+00,1.38000e-01,
-6.9373000e-01,-0.00000e+00,1.38000e-01,
-6.9343704e-01,2.00001e-01,1.34000e-01,
-6.9314408e-01,-0.00000e+00,1.40000e-01,
-6.9285113e-01,-0.00000e+00,1.40000e-01,
-6.9255817e-01,-0.00000e+00,1.40000e-01,
-6.9226521e-01,-0.00000e+00,1.40000e-01,
-6.9197226e-01,-0.00000e+00,1.42000e-01,
-6.9167930e-01,-0.00000e+00,1.40000e-01,
-6.9138634e-01,2.00001e-01,1.42000e-01,
-6.9109339e-01,-0.00000e+00,1.40000e-01,
-6.9080043e-01,-0.00000e+00,1.42000e-01,
-6.9050747e-01,-0.00000e+00,1.42000e-01,
-6.9021451e-01,-0.00000e+00,1.42000e-01,
-6.8992156e-01,-0.00000e+00,1.42000e-01,
-6.8962860e-01,2.00001e-01,1.38000e-01,
-6.8933564e-01,2.00001e-01,1.42000e-01,
-6.8904269e-01,-0.00000e+00,1.42000e-01,
-6.8874973e-01,2.00001e-01,1.42000e-01,
-6.8845677e-01,2.00001e-01,1.42000e-01,
-6.8816382e-01,-0.00000e+00,1.42000e-01,
-6.8787086e-01,2.00001e-01,1.42000e-01,
-6.8757790e-01,-0.00000e+00,1.46000e-01,
-6.8728495e-01,-0.00000e+00,1.42000e-01,
-6.8699199e-01,2.00001e-01,1.40000e-01,
-6.8669903e-01,-0.00000e+00,1.42000e-01,
-6.8640608e-01,-0.00000e+00,1.40000e-01,
-6.8611312e-01,-0.00000e+00,1.42000e-01,
-6.8582016e-01,-0.00000e+00,1.42000e-01,
-6.8552721e-01,-0.00000e+00,1.42000e-01,
-6.8523425e-01,-0.00000e+00,1.40000e-01,
-6.8494129e-01,-0.00000e+00,1.40000e-01,
-6.8464833e-01,2.00001e-01,1.42000e-01,
-6.8435538e-01,-0.00000e+00,1.40000e-01,
-6.8406242e-01,-0.00000e+00,1.40000e-01,
-6.8376946e-01,-0.00000e+00,1.40000e-01,
-6.8347651e-01,-0.00000e+00,1.40000e-01,
-6.8318355e-01,2.00001e-01,1.38000e-01,
-6.8289059e-01,-0.00000e+00,1.44000e-01,
-6.8259764e-01,2.00001e-01,1.38000e-01,
-6.8230468e-01,-0.00000e+00,1.38000e-01,
-6.8201172e-01,2.00001e-01,1.38000e-01,
-6.8171877e-01,-0.00000e+00,1.36000e-01,
-6.8142581e-01,-0.00000e+00,1.38000e-01,
-6.8113285e-01,-0.00000e+00,1.34000e-01,
-6.8083990e-01,-0.00000e+00,1.36000e-01,
-6.8054694e-01,-0.00000e+00,1.34000e-01,
-6.8025398e-01,-0.00000e+00,1.36000e-01,
-6.7996103e-01,2.00001e-01,1.34000e-01,
-6.7966807e-01,-0.00000e+00,1.34000e-01,
-6.7937511e-01,2.00001e-01,1.38000e-01,
-6.7908216e-01,-0.00000e+00,1.38000e-01,
-6.7878920e-01,-0.00000e+00,1.36000e-01,
-6.7849624e-01,-0.00000e+00,1.40000e-01,
-6.7820328e-01,-0.00000e+00,1.38000e-01,
-6.7791033e-01,-0.00000e+00,1.40000e-01,
-6.7761737e-01,2.00001e-01,1.40000e-01,
-6.7732441e-01,-0.00000e+00,1.38000e-01,
-6.7703146e-01,2.00001e-01,1.40000e-01,
-6.7673850e-01,-0.00000e+00,1.42000e-01,
-6.7644554e-01,-0.00000e+00,1.42000e-01,
-6.7615259e-01,-0.00000e+00,1.42000e-01,
-6.7585963e-01,-0.00000e+00,1.42000e-01,
-6.7556667e-01,-0.00000e+00,1.44000e-01,
-6.7527372e-01,-0.00000e+00,1.44000e-01,
-6.7498076e-01,-0.00000e+00,1.44000e-01,
-6.7468780e-01,2.00001e-01,1.44000e-01,
-6.7439485e-01,-0.00000e+00,1.44000e-01,
-6.7410189e-01,-0.00000e+00,1.42000e-01,
-6.7380893e-01,-0.00000e+00,1.46000e-01,
-6.7351598e-01,-0.00000e+00,1.44000e-01,
-6.7322302e-01,-0.00000e+00,1.46000e-01,
-6.7293006e-01,2.00001e-01,1.44000e-01,
-6.7263710e-01,-0.00000e+00,1.44000e-01,
-6.7234415e-01,-0.00000e+00,1.42000e-01,
-6.7205119e-01,-0.00000e+00,1.46000e-01,
-6.7175823e-01,-0.00000e+00,1.44000e-01,
-6.7146528e-01,-0.00000e+00,1.44000e-01,
-6.7117232e-01,2.00001e-01,1.44000e-01,
-6.7087936e-01,-0.00000e+00,1.42000e-01,
-6.7058641e-01,-0.00000e+00,1.46000e-01,
-6.7029345e-01,-0.00000e+00,1.46000e-01,
-6.7000049e-01,-0.00000e+00,1.42000e-01,
-6.6970754e-01,-0.00000e+00,1.44000e-01,
-6.6941458e-01,2.00001e-01,1.46000e-01,
-6.6912162e-01,2.00001e-01,1.42000e-01,
-6.6882867e-01,-0.00000e+00,1.42000e-01,
-6.6853571e-01,-0.00000e+00,1.44000e-01,
-6.6824275e-01,-0.00000e+00,1.42000e-01,
-6.6794980e-01,-0.00000e+00,1.42000e-01,
-6.6765684e-01,-0.00000e+00,1.46000e-01,
-6.6736388e-01,-0.00000e+00,1.42000e-01,
-6.6707093e-01,-0.00000e+00,1.42000e-01,
-6.6677797e-01,-0.00000e+00,1.40000e-01,
-6.6648501e-01,-0.00000e+00,1.40000e-01,
-6.6619205e-01,-0.00000e+00,1.42000e-01,
-6.6589910e-01,-0.00000e+00,1.40000e-01,
-6.6560614e-01,-0.00000e+00,1.40000e-01,
-6.6531318e-01,-0.00000e+00,1.40000e-01,
-6.6502023e-01,-0.00000e+00,1.40000e-01,
-6.6472727e-01,-0.00000e+00,1.40000e-01,
-6.6443431e-01,-0.00000e+00,1.40000e-01,
-6.6414136e-01,-0.00000e+00,1.38000e-01,
-6.6384840e-01,-0.00000e+00,1.38000e-01,
-6.6355544e-01,-0.00000e+00,1.34000e-01,
-6.6326249e-01,2.00001e-01,1.38000e-01,
-6.6296953e-01,-0.00000e+00,1.42000e-01,
-6.6267657e-01,-0.00000e+00,1.40000e-01,
-6.6238362e-01,-0.00000e+00,1.42000e-01,
-6.6209066e-01,-0.00000e+00,1.42000e-01,
-6.6179770e-01,-0.00000e+00,1.40000e-01,
-6.6150475e-01,-0.00000e+00,1.42000e-01,
-6.6121179e-01,2.00001e-01,1.46000e-01,
-6.6091883e-01,-0.00000e+00,1.44000e-01,
-6.6062587e-01,-0.00000e+00,1.44000e-01,
-6.6033292e-01,-0.00000e+00,1.44000e-01,
-6.6003996e-01,-0.00000e+00,1.46000e-01,
-6.5974700e-01,-0.00000e+00,1.46000e-01,
-6.5945405e-01,2.00001e-01,1.44000e-01,
-6.5916109e-01,-0.00000e+00,1.48000e-01,
-6.5886813e-01,-0.00000e+00,1.46000e-01,
-6.5857518e-01,-0.00000e+00,1.46000e-01,
-6.5828222e-01,-0.00000e+00,1.46000e-01,
-6.5798926e-01,-0.00000e+00,1.50000e-01,
-6.5769631e-01,-0.00000e+00,1.46000e-01,
-6.5740335e-01,2.00001e-01,1.48000e-01,
-6.5711039e-01,-0.00000e+00,1.46000e-01,
-6.5681744e-01,-0.00000e+00,1.48000e-01,
-6.5652448e-01,-0.00000e+00,1.50000e-01,
-6.5623152e-01,-0.00000e+00,1.48000e-01,
-6.5593857e-01,2.00001e-01,1.48000e-01,
-6.5564561e-01,-0.00000e+00,1.48000e-01,
-6.5535265e-01,-0.00000e+00,1.46000e-01,
-6.5505970e-01,2.00001e-01,1.48000e-01,
-6.5476674e-01,-0.00000e+00,1.50000e-01,
-6.5447378e-01,-0.00000e+00,1.48000e-01,
-6.5418082e-01,-0.00000e+00,1.46000e-01,
-6.5388787e-01,2.00001e-01,1.50000e-01,
-6.5359491e-01,2.00001e-01,1.46000e-01,
-6.5330195e-01,-0.00000e+00,1.46000e-01,
-6.5300900e-01,2.00001e-01,1.48000e-01,
-6.5271604e-01,-0.00000e+00,1.48000e-01,
-6.5242308e-01,2.00001e-01,1.46000e-01,
-6.5213013e-01,-0.00000e+00,1.48000e-01,
-6.5183717e-01,2.00001e-01,1.46000e-01,
-6.5154421e-01,-0.00000e+00,1.46000e-01,
-6.5125126e-01,-0.00000e+00,1.46000e-01,
-6.5095830e-01,-0.00000e+00,1.46000e-01,
-6.5066534e-01,-0.00000e+00,1.42000e-01,
-6.5037239e-01,2.00001e-01,1.42000e-01,
-6.5007943e-01,-0.00000e+00,1.42000e-01,
-6.4978647e-01,-0.00000e+00,1.42000e-01,
-6.4949352e-01,-0.00000e+00,1.44000e-01,
-6.4920056e-01,-0.00000e+00,1.42000e-01,
-6.4890760e-01,-0.00000e+00,1.44000e-01,
-6.4861465e-01,-0.00000e+00,1.42000e-01,
-6.4832169e-01,-0.00000e+00,1.40000e-01,
-6.4802873e-01,-0.00000e+00,1.42000e-01,
-6.4773577e-01,-0.00000e+00,1.42000e-01,
-6.4744282e-01,2.00001e-01,1.42000e-01,
-6.4714986e-01,2.00001e-01,1.42000e-01,
-6.4685690e-01,-0.00000e+00,1.42000e-01,
-6.4656395e-01,2.00001e-01,1.44000e-01,
-6.4627099e-01,-0.00000e+00,1.44000e-01,
-6.4597803e-01,2.00001e-01,1.46000e-01,
-6.4568508e-01,-0.00000e+00,1.44000e-01,
-6.4539212e-01,-0.00000e+00,1.46000e-01,
-6.4509916e-01,-0.00000e+00,1.46000e-01,
-6.4480621e-01,-0.00000e+00,1.48000e-01,
-6.4451325e-01,-0.00000e+00,1.48000e-01,
-6.4422029e-01,-0.00000e+00,1.46000e-01,
-6.4392734e-01,-0.00000e+00,1.48000e-01,
-6.4363438e-01,2.00001e-01,1.48000e-01,
-6.4334142e-01,-0.00000e+00,1.48000e-01,
-6.4304847e-01,2.00001e-01,1.50000e-01,
-6.4275551e-01,-0.00000e+00,1.48000e-01,
-6.4246255e-01,-0.00000e+00,1.50000e-01,
-6.4216959e-01,-0.00000e+00,1.50000e-01,
-6.4187664e-01,-0.00000e+00,1.50000e-01,
-6.4158368e-01,-0.00000e+00,1.50000e-01,
-6.4129072e-01,-0.00000e+00,1.50000e-01,
-6.4099777e-01,-0.00000e+00,1.50000e-01,
-6.4070481e-01,2.00001e-01,1.50000e-01,
-6.4041185e-01,2.00001e-01,1.52000e-01,
-6.4011890e-01,-0.00000e+00,1.50000e-01,
-6.3982594e-01,-0.00000e+00,1.50000e-01,
-6.3953298e-01,-0.00000e+00,1.50000e-01,
-6.3924003e-01,-0.00000e+00,1.48000e-01,
-6.3894707e-01,-0.00000e+00,1.50000e-01,
-6.3865411e-01,-0.00000e+00,1.50000e-01,
-6.3836116e-01,2.00001e-01,1.50000e-01,
-6.3806820e-01,-0.00000e+00,1.50000e-01,
-6.3777524e-01,-0.00000e+00,1.50000e-01,
-6.3748229e-01,2.00001e-01,1.48000e-01,
-6.3718933e-01,-0.00000e+00,1.48000e-01,
-6.3689637e-01,-0.00000e+00,1.50000e-01,
-6.3660342e-01,2.00001e-01,1.48000e-01,
-6.3631046e-01,-0.00000e+00,1.50000e-01,
-6.3601750e-01,-0.00000e+00,1.46000e-01,
-6.3572454e-01,-0.00000e+00,1.48000e-01,
-6.3543159e-01,-0.00000e+00,1.50000e-01,
-6.3513863e-01,-0.00000e+00,1.48000e-01,
-6.3484567e-01,2.00001e-01,1.48000e-01,
-6.3455272e-01,-0.00000e+00,1.48000e-01,
-6.3425976e-01,-0.00000e+00,1.46000e-01,
-6.3396680e-01,-0.00000e+00,1.46000e-01,
-6.3367385e-01,-0.00000e+00,1.46000e-01,
-6.3338089e-01,-0.00000e+00,1.46000e-01,
-6.3308793e-01,-0.00000e+00,1.48000e-01,
-6.3279498e-01,-0.00000e+00,1.42000e-01,
-6.3250202e-01,2.00001e-01,1.44000e-01,
-6.3220906e-01,2.00001e-01,1.44000e-01,
-6.3191611e-01,-0.00000e+00,1.46000e-01,
-6.3162315e-01,2.00001e-01,1.46000e-01,
-6.3133019e-01,-0.00000e+00,1.46000e-01,
-6.3103724e-01,-0.00000e+00,1.48000e-01,
-6.3074428e-01,-0.00000e+00,1.50000e-01,
-6.3045132e-01,-0.00000e+00,1.48000e-01,
-6.3015836e-01,-0.00000e+00,1.50000e-01,
-6.2986541e-01,2.00001e-01,1.48000e-01,
-6.2957245e-01,-0.00000e+00,1.50000e-01,
-6.2927949e-01,-0.00000e+00,1.50000e-01,
-6.2898654e-01,-0.00000e+00,1.54000e-01,
-6.2869358e-01,-0.00000e+00,1.48000e-01,
-6.2840062e-01,2.00001e-01,1.50000e-01,
-6.2810767e-01,-0.00000e+00,1.50000e-01,
-6.2781471e-01,-0.00000e+00,1.54000e-01,
-6.2752175e-01,2.00001e-01,1.52000e-01,
-6.2722880e-01,-0.00000e+00,1.54000e-01,
-6.2693584e-01,-0.00000e+00,1.54000e-01,
-6.2664288e-01,2.00001e-01,1.54000e-01,
-6.2634993e-01,-0.00000e+00,1.54000e-01,
-6.2605697e-01,2.00001e-01,1.54000e-01,
-6.2576401e-01,-0.00000e+00,1.50000e-01,
-6.2547106e-01,-0.00000e+00,1.52000e-01,
-6.2517810e-01,-0.00000e+00,1.52000e-01,
-6.2488514e-01,-0.00000e+00,1.54000e-01,
-6.2459219e-01,-0.00000e+00,1.52000e-01,
-6.2429923e-01,2.00001e-01,1.54000e-01,
-6.2400627e-01,-0.00000e+00,1.54000e-01,
-6.2371331e-01,2.00001e-01,1.52000e-01,
-6.2342036e-01,2.00001e-01,1.52000e-01,
-6.2312740e-01,-0.00000e+00,1.52000e-01,
-6.2283444e-01,-0.00000e+00,1.50000e-01,
-6.2254149e-01,-0.00000e+00,1.54000e-01,
-6.2224853e-01,-0.00000e+00,1.52000e-01,
-6.2195557e-01,2.00001e-01,1.54000e-01,
-6.2166262e-01,-0.00000e+00,1.54000e-01,
-6.2136966e-01,2.00001e-01,1.52000e-01,
-6.2107670e-01,-0.00000e+00,1.50000e-01,
-6.2078375e-01,-0.00000e+00,1.50000e-01,
-6.2049079e-01,-0.00000e+00,1.50000e-01,
-6.2019783e-01,-0.00000e+00,1.50000e-01,
-6.1990488e-01,-0.00000e+00,1.50000e-01,
-6.1961192e-01,-0.00000e+00,1.46000e-01,
-6.1931896e-01,2.00001e-01,1.46000e-01,
-6.1902601e-01,-0.00000e+00,1.50000e-01,
-6.1873305e-01,-0.00000e+00,1.50000e-01,
-6.1844009e-01,-0.00000e+00,1.48000e-01,
-6.1814713e-01,-0.00000e+00,1.50000e-01,
-6.1785418e-01,2.00001e-01,1.48000e-01,
-6.1756122e-01,-0.00000e+00,1.50000e-01,
-6.1726826e-01,2.00001e-01,1.48000e-01,
-6.1697531e-01,-0.00000e+00,1.48000e-01,
-6.1668235e-01,2.00001e-01,1.48000e-01,
-6.1638939e-01,-0.00000e+00,1.48000e-01,
-6.1609644e-01,-0.00000e+00,1.48000e-01,
-6.1580348e-01,-0.00000e+00,1.50000e-01,
-6.1551052e-01,-0.00000e+00,1.50000e-01,
-6.1521757e-01,-0.00000e+00,1.50000e-01,
-6.1492461e-01,2.00001e-01,1.50000e-01,
-6.1463165e-01,2.00001e-01,1.52000e-01,
-6.1433870e-01,2.00001e-01,1.54000e-01,
-6.1404574e-01,-0.00000e+00,1.52000e-01,
-6.1375278e-01,-0.00000e+00,1.54000e-01,
-6.1345983e-01,2.00001e-01,1.56000e-01,
-6.1316687e-01,-0.00000e+00,1.54000e-01,
-6.1287391e-01,-0.00000e+00,1.58000e-01,
-6.1258096e-01,2.00001e-01,1.54000e-01,
-6.1228800e-01,-0.00000e+00,1.54000e-01,
-6.1199504e-01,-0.00000e+00,1.56000e-01,
-6.1170208e-01,-0.00000e+00,1.54000e-01,
-6.1140913e-01,-0.00000e+00,1.54000e-01,
-6.1111617e-01,-0.00000e+00,1.56000e-01,
-6.1082321e-01,-0.00000e+00,1.54000e-01,
-6.1053026e-01,-0.00000e+00,1.56000e-01,
-6.1023730e-01,-0.00000e+00,1.54000e-01,
-6.0994434e-01,-0.00000e+00,1.56000e-01,
-6.0965139e-01,-0.00000e+00,1.58000e-01,
-6.0935843e-01,2.00001e-01,1.58000e-01,
-6.0906547e-01,2.00001e-01,1.56000e-01,
-6.0877252e-01,2.00001e-01,1.56000e-01,
-6.0847956e-01,-0.00000e+00,1.54000e-01,
-6.0818660e-01,-0.00000e+00,1.56000e-01,
-6.0789365e-01,-0.00000e+00,1.56000e-01,
-6.0760069e-01,-0.00000e+00,1.54000e-01,
-6.0730773e-01,-0.00000e+00,1.54000e-01,
-6.0701478e-01,-0.00000e+00,1.56000e-01,
-6.0672182e-01,-0.00000e+00,1.56000e-01,
-6.0642886e-01,-0.00000e+00,1.58000e-01,
-6.0613590e-01,-0.00000e+00,1.56000e-01,
-6.0584295e-01,-0.00000e+00,1.54000e-01,
-6.0554999e-01,2.00001e-01,1.54000e-01,
-6.0525703e-01,-0.00000e+00,1.54000e-01,
-6.0496408e-01,-0.00000e+00,1.54000e-01,
-6.0467112e-01,-0.00000e+00,1.50000e-01,
-6.0437816e-01,2.00001e-01,1.54000e-01,
-6.0408521e-01,2.00001e-01,1.50000e-01,
-6.0379225e-01,-0.00000e+00,1.56000e-01,
-6.0349929e-01,2.00001e-01,1.50000e-01,
-6.0320634e-01,-0.00000e+00,1.50000e-01,
-6.0291338e-01,2.00001e-01,1.50000e-01,
-6.0262042e-01,2.00001e-01,1.50000e-01,
-6.0232747e-01,-0.00000e+00,1.50000e-01,
-6.0203451e-01,-0.00000e+00,1.50000e-01,
-6.0174155e-01,2.00001e-01,1.50000e-01,
-6.0144860e-01,2.00001e-01,1.50000e-01,
-6.0115564e-01,2.00001e-01,1.50000e-01,
-6.0086268e-01,2.00001e-01,1.50000e-01,
-6.0056973e-01,-0.00000e+00,1.52000e-01,
-6.0027677e-01,-0.00000e+00,1.54000e-01,
-5.9998381e-01,2.00001e-01,1.54000e-01,
-5.9969085e-01,2.00001e-01,1.54000e-01,
-5.9939790e-01,-0.00000e+00,1.54000e-01,
-5.9910494e-01,-0.00000e+00,1.54000e-01,
-5.9881198e-01,-0.00000e+00,1.56000e-01,
-5.9851903e-01,2.00001e-01,1.56000e-01,
-5.9822607e-01,-0.00000e+00,1.56000e-01,
-5.9793311e-01,-0.00000e+00,1.58000e-01,
-5.9764016e-01,2.00001e-01,1.58000e-01,
-5.9734720e-01,-0.00000e+00,1.58000e-01,
-5.9705424e-01,-0.00000e+00,1.58000e-01,
-5.9676129e-01,-0.00000e+00,1.58000e-01,
-5.9646833e-01,2.00001e-01,1.58000e-01,
-5.9617537e-01,-0.00000e+00,1.58000e-01,
-5.9588242e-01,-0.00000e+00,1.58000e-01,
-5.9558946e-01,-0.00000e+00,1.56000e-01,
-5.9529650e-01,-0.00000e+00,1.58000e-01,
-5.9500355e-01,-0.00000e+00,1.58000e-01,
-5.9471059e-01,2.00001e-01,1.58000e-01,
-5.9441763e-01,2.00001e-01,1.58000e-01,
-5.9412467e-01,2.00001e-01,1.58000e-01,
-5.9383172e-01,-0.00000e+00,1.58000e-01,
-5.9353876e-01,-0.00000e+00,1.58000e-01,
-5.9324580e-01,-0.00000e+00,1.58000e-01,
-5.9295285e-01,-0.00000e+00,1.58000e-01,
-5.9265989e-01,-0.00000e+00,1.58000e-01,
-5.9236693e-01,-0.00000e+00,1.58000e-01,
-5.9207398e-01,2.00001e-01,1.56000e-01,
-5.9178102e-01,-0.00000e+00,1.58000e-01,
-5.9148806e-01,2.00001e-01,1.56000e-01,
-5.9119511e-01,-0.00000e+00,1.58000e-01,
-5.9090215e-01,2.00001e-01,1.56000e-01,
-5.9060919e-01,-0.00000e+00,1.56000e-01,
-5.9031624e-01,-0.00000e+00,1.56000e-01,
-5.9002328e-01,-0.00000e+00,1.56000e-01,
-5.8973032e-01,-0.00000e+00,1.54000e-01,
-5.8943737e-01,-0.00000e+00,1.58000e-01,
-5.8914441e-01,2.00001e-01,1.56000e-01,
-5.8885145e-01,-0.00000e+00,1.54000e-01,
-5.8855850e-01,-0.00000e+00,1.54000e-01,
-5.8826554e-01,-0.00000e+00,1.54000e-01,
-5.8797258e-01,2.00001e-01,1.52000e-01,
-5.8767962e-01,-0.00000e+00,1.52000e-01,
-5.8738667e-01,-0.00000e+00,1.52000e-01,
-5.8709371e-01,-0.00000e+00,1.52000e-01,
-5.8680075e-01,-0.00000e+00,1.54000e-01,
-5.8650780e-01,-0.00000e+00,1.54000e-01,
-5.8621484e-01,-0.00000e+00,1.54000e-01,
-5.8592188e-01,-0.00000e+00,1.54000e-01,
-5.8562893e-01,-0.00000e+00,1.50000e-01,
-5.8533597e-01,-0.00000e+00,1.56000e-01,
-5.8504301e-01,2.00001e-01,1.56000e-01,
-5.8475006e-01,-0.00000e+00,1.56000e-01,
-5.8445710e-01,-0.00000e+00,1.58000e-01,
-5.8416414e-01,-0.00000e+00,1.58000e-01,
-5.8387119e-01,-0.00000e+00,1.58000e-01,
-5.8357823e-01,-0.00000e+00,1.58000e-01,
-5.8328527e-01,2.00001e-01,1.58000e-01,
-5.8299232e-01,-0.00000e+00,1.58000e-01,
-5.8269936e-01,-0.00000e+00,1.58000e-01,
-5.8240640e-01,2.00001e-01,1.60000e-01,
-5.8211344e-01,-0.00000e+00,1.60000e-01,
-5.8182049e-01,-0.00000e+00,1.58000e-01,
-5.8152753e-01,-0.00000e+00,1.60000e-01,
-5.8123457e-01,-0.00000e+00,1.60000e-01,
-5.8094162e-01,-0.00000e+00,1.60000e-01,
-5.8064866e-01,-0.00000e+00,1.58000e-01,
-5.8035570e-01,-0.00000e+00,1.60000e-01,
-5.8006275e-01,2.00001e-01,1.60000e-01,
-5.7976979e-01,-0.00000e+00,1.58000e-01,
-5.7947683e-01,-0.00000e+00,1.60000e-01,
-5.7918388e-01,-0.00000e+00,1.58000e-01,
-5.7889092e-01,-0.00000e+00,1.58000e-01,
-5.7859796e-01,2.00001e-01,1.58000e-01,
-5.7830501e-01,2.00001e-01,1.58000e-01,
-5.7801205e-01,2.00001e-01,1.58000e-01,
-5.7771909e-01,2.00001e-01,1.60000e-01,
-5.7742614e-01,-0.00000e+00,1.58000e-01,
-5.7713318e-01,-0.00000e+00,1.60000e-01,
-5.7684022e-01,-0.00000e+00,1.60000e-01,
-5.7654727e-01,-0.00000e+00,1.62000e-01,
-5.7625431e-01,-0.00000e+00,1.62000e-01,
-5.7596135e-01,-0.00000e+00,1.56000e-01,
-5.7566839e-01,-0.00000e+00,1.58000e-01,
-5.7537544e-01,-0.00000e+00,1.58000e-01,
-5.7508248e-01,-0.00000e+00,1.58000e-01,
-5.7478952e-01,-0.00000e+00,1.58000e-01,
-5.7449657e-01,-0.00000e+00,1.56000e-01,
-5.7420361e-01,2.00001e-01,1.58000e-01,
-5.7391065e-01,-0.00000e+00,1.58000e-01,
-5.7361770e-01,-0.00000e+00,1.56000e-01,
-5.7332474e-01,2.00001e-01,1.58000e-01,
-5.7303178e-01,-0.00000e+00,1.56000e-01,
-5.7273883e-01,2.00001e-01,1.54000e-01,
-5.7244587e-01,-0.00000e+00,1.56000e-01,
-5.7215291e-01,2.00001e-01,1.56000e-01,
-5.7185996e-01,-0.00000e+00,1.58000e-01,
-5.7156700e-01,-0.00000e+00,1.56000e-01,
-5.7127404e-01,-0.00000e+00,1.56000e-01,
-5.7098109e-01,-0.00000e+00,1.58000e-01,
-5.7068813e-01,-0.00000e+00,1.58000e-01,
-5.7039517e-01,-0.00000e+00,1.58000e-01,
-5.7010221e-01,-0.00000e+00,1.58000e-01,
-5.6980926e-01,2.00001e-01,1.60000e-01,
-5.6951630e-01,-0.00000e+00,1.62000e-01,
-5.6922334e-01,-0.00000e+00,1.62000e-01,
-5.6893039e-01,-0.00000e+00,1.62000e-01,
-5.6863743e-01,2.00001e-01,1.62000e-01,
-5.6834447e-01,-0.00000e+00,1.62000e-01,
-5.6805152e-01,-0.00000e+00,1.60000e-01,
-5.6775856e-01,2.00001e-01,1.62000e-01,
-5.6746560e-01,-0.00000e+00,1.62000e-01,
-5.6717265e-01,2.00001e-01,1.58000e-01,
-5.6687969e-01,-0.00000e+00,1.64000e-01,
-5.6658673e-01,-0.00000e+00,1.64000e-01,
-5.6629378e-01,2.00001e-01,1.64000e-01,
-5.6600082e-01,-0.00000e+00,1.64000e-01,
-5.6570786e-01,-0.00000e+00,1.64000e-01,
-5.6541491e-01,-0.00000e+00,1.64000e-01,
-5.6512195e-01,-0.00000e+00,1.62000e-01,
-5.6482899e-01,-0.00000e+00,1.64000e-01,
-5.6453604e-01,-0.00000e+00,1.62000e-01,
-5.6424308e-01,-0.00000e+00,1.62000e-01,
-5.6395012e-01,2.00001e-01,1.62000e-01,
-5.6365716e-01,-0.00000e+00,1.62000e-01,
-5.6336421e-01,-0.00000e+00,1.60000e-01,
-5.6307125e-01,-0.00000e+00,1.62000e-01,
-5.6277829e-01,-0.00000e+00,1.64000e-01,
-5.6248534e-01,2.00001e-01,1.62000e-01,
-5.6219238e-01,-0.00000e+00,1.62000e-01,
-5.6189942e-01,2.00001e-01,1.60000e-01,
-5.6160647e-01,-0.00000e+00,1.60000e-01,
-5.6131351e-01,-0.00000e+00,1.58000e-01,
-5.6102055e-01,2.00001e-01,1.60000e-01,
-5.6072760e-01,-0.00000e+00,1.62000e-01,
-5.6043464e-01,-0.00000e+00,1.58000e-01,
-5.6014168e-01,-0.00000e+00,1.60000e-01,
-5.5984873e-01,-0.00000e+00,1.58000e-01,
-5.5955577e-01,2.00001e-01,1.58000e-01,
-5.5926281e-01,-0.00000e+00,1.58000e-01,
-5.5896986e-01,-0.00000e+00,1.58000e-01,
-5.5867690e-01,-0.00000e+00,1.58000e-01,
-5.5838394e-01,2.00001e-01,1.56000e-01,
-5.5809098e-01,-0.00000e+00,1.58000e-01,
-5.5779803e-01,-0.00000e+00,1.58000e-01,
-5.5750507e-01,2.00001e-01,1.62000e-01,
-5.5721211e-01,-0.00000e+00,1.60000e-01,
-5.5691916e-01,2.00001e-01,1.58000e-01,
-5.5662620e-01,-0.00000e+00,1.60000e-01,
-5.5633324e-01,-0.00000e+00,1.60000e-01,
-5.5604029e-01,-0.00000e+00,1.62000e-01,
-5.5574733e-01,-0.00000e+00,1.62000e-01,
-5.5545437e-01,-0.00000e+00,1.64000e-01,
-5.5516142e-01,-0.00000e+00,1.62000e-01,
-5.5486846e-01,-0.00000e+00,1.62000e-01,
-5.5457550e-01,-0.00000e+00,1.64000e-01,
-5.5428255e-01,-0.00000e+00,1.60000e-01,
-5.5398959e-01,-0.00000e+00,1.64000e-01,
-5.5369663e-01,-0.00000e+00,1.64000e-01,
-5.5340368e-01,-0.00000e+00,1.64000e-01,
-5.5311072e-01,-0.00000e+00,1.64000e-01,
-5.5281776e-01,2.00001e-01,1.64000e-01,
-5.5252481e-01,-0.00000e+00,1.64000e-01,
-5.5223185e-01,-0.00000e+00,1.66000e-01,
-5.5193889e-01,2.00001e-01,1.66000e-01,
-5.5164593e-01,-0.00000e+00,1.64000e-01,
-5.5135298e-01,-0.00000e+00,1.64000e-01,
-5.5106002e-01,-0.00000e+00,1.64000e-01,
-5.5076706e-01,-0.00000e+00,1.64000e-01,
-5.5047411e-01,-0.00000e+00,1.66000e-01,
-5.5018115e-01,-0.00000e+00,1.64000e-01,
-5.4988819e-01,2.00001e-01,1.66000e-01,
-5.4959524e-01,-0.00000e+00,1.66000e-01,
-5.4930228e-01,-0.00000e+00,1.66000e-01,
-5.4900932e-01,-0.00000e+00,1.66000e-01,
-5.4871637e-01,-0.00000e+00,1.64000e-01,
-5.4842341e-01,-0.00000e+00,1.64000e-01,
-5.4813045e-01,2.00001e-01,1.64000e-01,
-5.4783750e-01,-0.00000e+00,1.66000e-01,
-5.4754454e-01,-0.00000e+00,1.64000e-01,
-5.4725158e-01,-0.00000e+00,1.64000e-01,
-5.4695863e-01,2.00001e-01,1.62000e-01,
-5.4666567e-01,2.00001e-01,1.66000e-01,
-5.4637271e-01,-0.00000e+00,1.60000e-01,
-5.4607975e-01,-0.00000e+00,1.62000e-01,
-5.4578680e-01,2.00001e-01,1.62000e-01,
-5.4549384e-01,-0.00000e+00,1.62000e-01,
-5.4520088e-01,-0.00000e+00,1.60000e-01,
-5.4490793e-01,-0.00000e+00,1.62000e-01,
-5.4461497e-01,-0.00000e+00,1.58000e-01,
-5.4432201e-01,2.00001e-01,1.58000e-01,
-5.4402906e-01,-0.00000e+00,1.58000e-01,
-5.4373610e-01,-0.00000e+00,1.58000e-01,
-5.4344314e-01,-0.00000e+00,1.62000e-01,
-5.4315019e-01,-0.00000e+00,1.62000e-01,
-5.4285723e-01,-0.00000e+00,1.62000e-01,
-5.4256427e-01,-0.00000e+00,1.64000e-01,
-5.4227132e-01,2.00001e-01,1.66000e-01,
-5.4197836e-01,-0.00000e+00,1.66000e-01,
-5.4168540e-01,2.00001e-01,1.66000e-01,
-5.4139245e-01,-0.00000e+00,1.66000e-01,
-5.4109949e-01,-0.00000e+00,1.66000e-01,
-5.4080653e-01,-0.00000e+00,1.66000e-01,
-5.4051358e-01,-0.00000e+00,1.66000e-01,
-5.4022062e-01,-0.00000e+00,1.66000e-01,
-5.3992766e-01,-0.00000e+00,1.66000e-01,
-5.3963470e-01,-0.00000e+00,1.66000e-01,
-5.3934175e-01,-0.00000e+00,1.66000e-01,
-5.3904879e-01,-0.00000e+00,1.70000e-01,
-5.3875583e-01,-0.00000e+00,1.66000e-01,
-5.3846288e-01,-0.00000e+00,1.66000e-01,
-5.3816992e-01,2.00001e-01,1.64000e-01,
-5.3787696e-01,2.00001e-01,1.66000e-01,
-5.3758401e-01,-0.00000e+00,1.68000e-01,
-5.3729105e-01,-0.00000e+00,1.66000e-01,
-5.3699809e-01,2.00001e-01,1.66000e-01,
-5.3670514e-01,2.00001e-01,1.66000e-01,
-5.3641218e-01,-0.00000e+00,1.66000e-01,
-5.3611922e-01,2.00001e-01,1.66000e-01,
-5.3582627e-01,-0.00000e+00,1.66000e-01,
-5.3553331e-01,2.00001e-01,1.66000e-01,
-5.3524035e-01,-0.00000e+00,1.66000e-01,
-5.3494740e-01,-0.00000e+00,1.66000e-01,
-5.3465444e-01,-0.00000e+00,1.66000e-01,
-5.3436148e-01,-0.00000e+00,1.66000e-01,
-5.3406852e-01,-0.00000e+00,1.66000e-01,
-5.3377557e-01,-0.00000e+00,1.66000e-01,
-5.3348261e-01,2.00001e-01,1.66000e-01,
-5.3318965e-01,-0.00000e+00,1.64000e-01,
-5.3289670e-01,2.00001e-01,1.66000e-01,
-5.3260374e-01,2.00001e-01,1.66000e-01,
-5.3231078e-01,-0.00000e+00,1.66000e-01,
-5.3201783e-01,-0.00000e+00,1.64000e-01,
-5.3172487e-01,-0.00000e+00,1.64000e-01,
-5.3143191e-01,-0.00000e+00,1.64000e-01,
-5.3113896e-01,-0.00000e+00,1.64000e-01,
-5.3084600e-01,2.00001e-01,1.64000e-01,
-5.3055304e-01,-0.00000e+00,1.62000e-01,
-5.3026009e-01,-0.00000e+00,1.58000e-01,
-5.2996713e-01,-0.00000e+00,1.64000e-01,
-5.2967417e-01,2.00001e-01,1.64000e-01,
-5.2938122e-01,-0.00000e+00,1.64000e-01,
-5.2908826e-01,2.00001e-01,1.66000e-01,
-5.2879530e-01,-0.00000e+00,1.66000e-01,
-5.2850235e-01,2.00001e-01,1.66000e-01,
-5.2820939e-01,-0.00000e+00,1.66000e-01,
-5.2791643e-01,2.00001e-01,1.64000e-01,
-5.2762347e-01,2.00001e-01,1.68000e-01,
-5.2733052e-01,2.00001e-01,1.68000e-01,
-5.2703756e-01,-0.00000e+00,1.70000e-01,
-5.2674460e-01,-0.00000e+00,1.68000e-01,
-5.2645165e-01,2.00001e-01,1.66000e-01,
-5.2615869e-01,-0.00000e+00,1.68000e-01,
-5.2586573e-01,-0.00000e+00,1.68000e-01,
-5.2557278e-01,-0.00000e+00,1.68000e-01,
-5.2527982e-01,2.00001e-01,1.70000e-01,
-5.2498686e-01,-0.00000e+00,1.68000e-01,
-5.2469391e-01,2.00001e-01,1.74000e-01,
-5.2440095e-01,-0.00000e+00,1.70000e-01,
-5.2410799e-01,-0.00000e+00,1.70000e-01,
-5.2381504e-01,2.00001e-01,1.74000e-01,
-5.2352208e-01,2.00001e-01,1.66000e-01,
-5.2322912e-01,-0.00000e+00,1.70000e-01,
-5.2293617e-01,-0.00000e+00,1.72000e-01,
-5.2264321e-01,-0.00000e+00,1.68000e-01,
-5.2235025e-01,-0.00000e+00,1.70000e-01,
-5.2205729e-01,2.00001e-01,1.72000e-01,
-5.2176434e-01,-0.00000e+00,1.72000e-01,
-5.2147138e-01,2.00001e-01,1.70000e-01,
-5.2117842e-01,-0.00000e+00,1.68000e-01,
-5.2088547e-01,-0.00000e+00,1.68000e-01,
-5.2059251e-01,2.00001e-01,1.66000e-01,
-5.2029955e-01,2.00001e-01,1.70000e-01,
-5.2000660e-01,-0.00000e+00,1.70000e-01,
-5.1971364e-01,2.00001e-01,1.66000e-01,
-5.1942068e-01,-0.00000e+00,1.66000e-01,
-5.1912773e-01,2.00001e-01,1.68000e-01,
-5.1883477e-01,-0.00000e+00,1.68000e-01,
-5.1854181e-01,-0.00000e+00,1.66000e-01,
-5.1824886e-01,-0.00000e+00,1.68000e-01,
-5.1795590e-01,2.00001e-01,1.66000e-01,
-5.1766294e-01,-0.00000e+00,1.64000e-01,
-5.1736999e-01,-0.00000e+00,1.64000e-01,
-5.1707703e-01,-0.00000e+00,1.66000e-01,
-5.1678407e-01,-0.00000e+00,1.66000e-01,
-5.1649112e-01,-0.00000e+00,1.66000e-01,
-5.1619816e-01,2.00001e-01,1.66000e-01,
-5.1590520e-01,2.00001e-01,1.66000e-01,
-5.1561224e-01,2.00001e-01,1.70000e-01,
-5.1531929e-01,2.00001e-01,1.68000e-01,
-5.1502633e-01,-0.00000e+00,1.72000e-01,
-5.1473337e-01,-0.00000e+00,1.68000e-01,
-5.1444042e-01,-0.00000e+00,1.68000e-01,
-5.1414746e-01,-0.00000e+00,1.66000e-01,
-5.1385450e-01,-0.00000e+00,1.70000e-01,
-5.1356155e-01,-0.00000e+00,1.70000e-01,
-5.1326859e-01,-0.00000e+00,1.70000e-01,
-5.1297563e-01,-0.00000e+00,1.70000e-01,
-5.1268268e-01,-0.00000e+00,1.72000e-01,
-5.1238972e-01,-0.00000e+00,1.72000e-01,
-5.1209676e-01,-0.00000e+00,1.72000e-01,
-5.1180381e-01,2.00001e-01,1.72000e-01,
-5.1151085e-01,-0.00000e+00,1.72000e-01,
-5.1121789e-01,2.00001e-01,1.72000e-01,
-5.1092494e-01,2.00001e-01,1.72000e-01,
-5.1063198e-01,-0.00000e+00,1.72000e-01,
-5.1033902e-01,-0.00000e+00,1.72000e-01,
-5.1004606e-01,2.00001e-01,1.72000e-01,
-5.0975311e-01,-0.00000e+00,1.72000e-01,
-5.0946015e-01,2.00001e-01,1.72000e-01,
-5.0916719e-01,-0.00000e+00,1.70000e-01,
-5.0887424e-01,-0.00000e+00,1.74000e-01,
-5.0858128e-01,2.00001e-01,1.76000e-01,
-5.0828832e-01,2.00001e-01,1.72000e-01,
-5.0799537e-01,-0.00000e+00,1.72000e-01,
-5.0770241e-01,-0.00000e+00,1.72000e-01,
-5.0740945e-01,-0.00000e+00,1.72000e-01,
-5.0711650e-01,2.00001e-01,1.72000e-01,
-5.0682354e-01,-0.00000e+00,1.72000e-01,
-5.0653058e-01,2.00001e-01,1.74000e-01,
-5.0623763e-01,-0.00000e+00,1.72000e-01,
-5.0594467e-01,-0.00000e+00,1.70000e-01,
-5.0565171e-01,-0.00000e+00,1.68000e-01,
-5.0535876e-01,-0.00000e+00,1.66000e-01,
-5.0506580e-01,-0.00000e+00,1.70000e-01,
-5.0477284e-01,2.00001e-01,1.68000e-01,
-5.0447989e-01,2.00001e-01,1.66000e-01,
-5.0418693e-01,2.00001e-01,1.66000e-01,
-5.0389397e-01,2.00001e-01,1.66000e-01,
-5.0360101e-01,-0.00000e+00,1.66000e-01,
-5.0330806e-01,2.00001e-01,1.66000e-01,
-5.0301510e-01,2.00001e-01,1.66000e-01,
-5.0272214e-01,-0.00000e+00,1.68000e-01,
-5.0242919e-01,-0.00000e+00,1.70000e-01,
-5.0213623e-01,2.00001e-01,1.70000e-01,
-5.0184327e-01,-0.00000e+00,1.70000e-01,
-5.0155032e-01,-0.00000e+00,1.70000e-01,
-5.0125736e-01,-0.00000e+00,1.68000e-01,
-5.0096440e-01,-0.00000e+00,1.72000e-01,
-5.0067145e-01,-0.00000e+00,1.72000e-01,
-5.0037849e-01,-0.00000e+00,1.72000e-01,
-5.0008553e-01,-0.00000e+00,1.72000e-01,
-4.9979258e-01,-0.00000e+00,1.74000e-01,
-4.9949962e-01,-0.00000e+00,1.74000e-01,
-4.9920666e-01,-0.00000e+00,1.74000e-01,
-4.9891371e-01,2.00001e-01,1.74000e-01,
-4.9862075e-01,-0.00000e+00,1.78000e-01,
-4.9832779e-01,2.00001e-01,1.74000e-01,
-4.9803483e-01,-0.00000e+00,1.72000e-01,
-4.9774188e-01,-0.00000e+00,1.74000e-01,
-4.9744892e-01,-0.00000e+00,1.74000e-01,
-4.9715596e-01,-0.00000e+00,1.74000e-01,
-4.9686301e-01,-0.00000e+00,1.74000e-01,
-4.9657005e-01,-0.00000e+00,1.74000e-01,
-4.9627709e-01,-0.00000e+00,1.74000e-01,
-4.9598414e-01,-0.00000e+00,1.74000e-01,
-4.9569118e-01,-0.00000e+00,1.74000e-01,
-4.9539822e-01,-0.00000e+00,1.74000e-01,
-4.9510527e-01,-0.00000e+00,1.74000e-01,
-4.9481231e-01,2.00001e-01,1.74000e-01,
-4.9451935e-01,2.00001e-01,1.74000e-01,
-4.9422640e-01,-0.00000e+00,1.72000e-01,
-4.9393344e-01,-0.00000e+00,1.74000e-01,
-4.9364048e-01,-0.00000e+00,1.72000e-01,
-4.9334753e-01,-0.00000e+00,1.74000e-01,
-4.9305457e-01,-0.00000e+00,1.74000e-01,
-4.9276161e-01,-0.00000e+00,1.74000e-01,
-4.9246866e-01,-0.00000e+00,1.70000e-01,
-4.9217570e-01,-0.00000e+00,1.70000e-01,
-4.9188274e-01,-0.00000e+00,1.72000e-01,
-4.9158978e-01,-0.00000e+00,1.70000e-01,
-4.9129683e-01,2.00001e-01,1.70000e-01,
-4.9100387e-01,-0.00000e+00,1.72000e-01,
-4.9071091e-01,-0.00000e+00,1.70000e-01,
-4.9041796e-01,2.00001e-01,1.72000e-01,
-4.9012500e-01,-0.00000e+00,1.68000e-01,
-4.8983204e-01,-0.00000e+00,1.70000e-01,
-4.8953909e-01,-0.00000e+00,1.70000e-01,
-4.8924613e-01,-0.00000e+00,1.70000e-01,
-4.8895317e-01,-0.00000e+00,1.72000e-01,
-4.8866022e-01,-0.00000e+00,1.72000e-01,
-4.8836726e-01,-0.00000e+00,1.72000e-01,
-4.8807430e-01,-0.00000e+00,1.74000e-01,
-4.8778135e-01,-0.00000e+00,1.74000e-01,
-4.8748839e-01,-0.00000e+00,1.74000e-01,
-4.8719543e-01,-0.00000e+00,1.74000e-01,
-4.8690248e-01,-0.00000e+00,1.74000e-01,
-4.8660952e-01,-0.00000e+00,1.78000e-01,
-4.8631656e-01,2.00001e-01,1.74000e-01,
-4.8602360e-01,-0.00000e+00,1.78000e-01,
-4.8573065e-01,-0.00000e+00,1.76000e-01,
-4.8543769e-01,-0.00000e+00,1.78000e-01,
-4.8514473e-01,-0.00000e+00,1.76000e-01,
-4.8485178e-01,-0.00000e+00,1.72000e-01,
-4.8455882e-01,2.00001e-01,1.76000e-01,
-4.8426586e-01,-0.00000e+00,1.78000e-01,
-4.8397291e-01,2.00001e-01,1.78000e-01,
-4.8367995e-01,2.00001e-01,1.76000e-01,
-4.8338699e-01,-0.00000e+00,1.78000e-01,
-4.8309404e-01,-0.00000e+00,1.76000e-01,
-4.8280108e-01,2.00001e-01,1.74000e-01,
-4.8250812e-01,2.00001e-01,1.78000e-01,
-4.8221517e-01,-0.00000e+00,1.78000e-01,
-4.8192221e-01,-0.00000e+00,1.74000e-01,
-4.8162925e-01,-0.00000e+00,1.78000e-01,
-4.8133630e-01,-0.00000e+00,1.76000e-01,
-4.8104334e-01,-0.00000e+00,1.76000e-01,
-4.8075038e-01,-0.00000e+00,1.74000e-01,
-4.8045743e-01,2.00001e-01,1.74000e-01,
-4.8016447e-01,-0.00000e+00,1.74000e-01,
-4.7987151e-01,2.00001e-01,1.74000e-01,
-4.7957855e-01,2.00001e-01,1.74000e-01,
-4.7928560e-01,-0.00000e+00,1.74000e-01,
-4.7899264e-01,-0.00000e+00,1.74000e-01,
-4.7869968e-01,-0.00000e+00,1.74000e-01,
-4.7840673e-01,2.00001e-01,1.72000e-01,
-4.7811377e-01,-0.00000e+00,1.72000e-01,
-4.7782081e-01,-0.00000e+00,1.78000e-01,
-4.7752786e-01,-0.00000e+00,1.74000e-01,
-4.7723490e-01,2.00001e-01,1.72000e-01,
-4.7694194e-01,-0.00000e+00,1.72000e-01,
-4.7664899e-01,-0.00000e+00,1.74000e-01,
-4.7635603e-01,-0.00000e+00,1.78000e-01,
-4.7606307e-01,-0.00000e+00,1.74000e-01,
-4.7577012e-01,2.00001e-01,1.72000e-01,
-4.7547716e-01,-0.00000e+00,1.74000e-01,
-4.7518420e-01,-0.00000e+00,1.76000e-01,
-4.7489125e-01,2.00001e-01,1.78000e-01,
-4.7459829e-01,-0.00000e+00,1.74000e-01,
-4.7430533e-01,-0.00000e+00,1.76000e-01,
-4.7401237e-01,-0.00000e+00,1.78000e-01,
-4.7371942e-01,2.00001e-01,1.76000e-01,
-4.7342646e-01,-0.00000e+00,1.78000e-01,
-4.7313350e-01,2.00001e-01,1.82000e-01,
-4.7284055e-01,-0.00000e+00,1.78000e-01,
-4.7254759e-01,2.00001e-01,1.78000e-01,
-4.7225463e-01,-0.00000e+00,1.78000e-01,
-4.7196168e-01,-0.00000e+00,1.78000e-01,
-4.7166872e-01,-0.00000e+00,1.78000e-01,
-4.7137576e-01,2.00001e-01,1.80000e-01,
-4.7108281e-01,2.00001e-01,1.78000e-01,
-4.7078985e-01,-0.00000e+00,1.80000e-01,
-4.7049689e-01,-0.00000e+00,1.80000e-01,
-4.7020394e-01,-0.00000e+00,1.80000e-01,
-4.6991098e-01,2.00001e-01,1.78000e-01,
-4.6961802e-01,-0.00000e+00,1.78000e-01,
-4.6932507e-01,-0.00000e+00,1.78000e-01,
-4.6903211e-01,-0.00000e+00,1.80000e-01,
-4.6873915e-01,-0.00000e+00,1.78000e-01,
-4.6844620e-01,-0.00000e+00,1.78000e-01,
-4.6815324e-01,-0.00000e+00,1.78000e-01,
-4.6786028e-01,-0.00000e+00,1.76000e-01,
-4.6756732e-01,-0.00000e+00,1.78000e-01,
-4.6727437e-01,-0.00000e+00,1.76000e-01,
-4.6698141e-01,-0.00000e+00,1.78000e-01,
-4.6668845e-01,-0.00000e+00,1.80000e-01,
-4.6639550e-01,2.00001e-01,1.78000e-01,
-4.6610254e-01,2.00001e-01,1.74000e-01,
-4.6580958e-01,-0.00000e+00,1.76000e-01,
-4.6551663e-01,2.00001e-01,1.76000e-01,
-4.6522367e-01,-0.00000e+00,1.76000e-01,
-4.6493071e-01,2.00001e-01,1.74000e-01,
-4.6463776e-01,2.00001e-01,1.74000e-01,
-4.6434480e-01,2.00001e-01,1.74000e-01,
-4.6405184e-01,-0.00000e+00,1.72000e-01,
-4.6375889e-01,-0.00000e+00,1.74000e-01,
-4.6346593e-01,-0.00000e+00,1.74000e-01,
-4.6317297e-01,-0.00000e+00,1.76000e-01,
-4.6288002e-01,-0.00000e+00,1.76000e-01,
-4.6258706e-01,-0.00000e+00,1.78000e-01,
-4.6229410e-01,-0.00000e+00,1.78000e-01,
-4.6200114e-01,2.00001e-01,1.78000e-01,
-4.6170819e-01,2.00001e-01,1.78000e-01,
-4.6141523e-01,-0.00000e+00,1.78000e-01,
-4.6112227e-01,-0.00000e+00,1.78000e-01,
-4.6082932e-01,-0.00000e+00,1.80000e-01,
-4.6053636e-01,-0.00000e+00,1.80000e-01,
-4.6024340e-01,-0.00000e+00,1.80000e-01,
-4.5995045e-01,2.00001e-01,1.82000e-01,
-4.5965749e-01,-0.00000e+00,1.80000e-01,
-4.5936453e-01,-0.00000e+00,1.82000e-01,
-4.5907158e-01,-0.00000e+00,1.82000e-01,
-4.5877862e-01,-0.00000e+00,1.82000e-01,
-4.5848566e-01,2.00001e-01,1.80000e-01,
-4.5819271e-01,2.00001e-01,1.82000e-01,
-4.5789975e-01,-0.00000e+00,1.82000e-01,
-4.5760679e-01,-0.00000e+00,1.80000e-01,
-4.5731384e-01,-0.00000e+00,1.80000e-01,
-4.5702088e-01,2.00001e-01,1.82000e-01,
-4.5672792e-01,-0.00000e+00,1.80000e-01,
-4.5643497e-01,-0.00000e+00,1.82000e-01,
-4.5614201e-01,-0.00000e+00,1.82000e-01,
-4.5584905e-01,-0.00000e+00,1.80000e-01,
-4.5555609e-01,2.00001e-01,1.80000e-01,
-4.5526314e-01,-0.00000e+00,1.80000e-01,
-4.5497018e-01,2.00001e-01,1.82000e-01,
-4.5467722e-01,-0.00000e+00,1.82000e-01,
-4.5438427e-01,-0.00000e+00,1.80000e-01,
-4.5409131e-01,-0.00000e+00,1.82000e-01,
-4.5379835e-01,2.00001e-01,1.80000e-01,
-4.5350540e-01,-0.00000e+00,1.80000e-01,
-4.5321244e-01,-0.00000e+00,1.78000e-01,
-4.5291948e-01,2.00001e-01,1.82000e-01,
-4.5262653e-01,-0.00000e+00,1.78000e-01,
-4.5233357e-01,-0.00000e+00,1.78000e-01,
-4.5204061e-01,-0.00000e+00,1.74000e-01,
-4.5174766e-01,-0.00000e+00,1.78000e-01,
-4.5145470e-01,-0.00000e+00,1.74000e-01,
-4.5116174e-01,-0.00000e+00,1.74000e-01,
-4.5086879e-01,-0.00000e+00,1.78000e-01,
-4.5057583e-01,2.00001e-01,1.78000e-01,
-4.5028287e-01,-0.00000e+00,1.78000e-01,
-4.4998991e-01,-0.00000e+00,1.78000e-01,
-4.4969696e-01,-0.00000e+00,1.80000e-01,
-4.4940400e-01,-0.00000e+00,1.80000e-01,
-4.4911104e-01,2.00001e-01,1.80000e-01,
-4.4881809e-01,-0.00000e+00,1.80000e-01,
-4.4852513e-01,-0.00000e+00,1.82000e-01,
-4.4823217e-01,-0.00000e+00,1.82000e-01,
-4.4793922e-01,-0.00000e+00,1.82000e-01,
-4.4764626e-01,-0.00000e+00,1.82000e-01,
-4.4735330e-01,-0.00000e+00,1.82000e-01,
-4.4706035e-01,2.00001e-01,1.82000e-01,
-4.4676739e-01,2.00001e-01,1.76000e-01,
-4.4647443e-01,-0.00000e+00,1.82000e-01,
-4.4618148e-01,2.00001e-01,1.82000e-01,
-4.4588852e-01,-0.00000e+00,1.82000e-01,
-4.4559556e-01,2.00001e-01,1.82000e-01,
-4.4530261e-01,2.00001e-01,1.82000e-01,
-4.4500965e-01,-0.00000e+00,1.82000e-01,
-4.4471669e-01,-0.00000e+00,1.82000e-01,
-4.4442374e-01,-0.00000e+00,1.82000e-01,
-4.4413078e-01,-0.00000e+00,1.82000e-01,
-4.4383782e-01,2.00001e-01,1.84000e-01,
-4.4354486e-01,-0.00000e+00,1.82000e-01,
-4.4325191e-01,-0.00000e+00,1.82000e-01,
-4.4295895e-01,-0.00000e+00,1.82000e-01,
-4.4266599e-01,-0.00000e+00,1.82000e-01,
-4.4237304e-01,-0.00000e+00,1.82000e-01,
-4.4208008e-01,-0.00000e+00,1.82000e-01,
-4.4178712e-01,-0.00000e+00,1.82000e-01,
-4.4149417e-01,-0.00000e+00,1.82000e-01,
-4.4120121e-01,2.00001e-01,1.82000e-01,
-4.4090825e-01,-0.00000e+00,1.82000e-01,
-4.4061530e-01,-0.00000e+00,1.82000e-01,
-4.4032234e-01,-0.00000e+00,1.80000e-01,
-4.4002938e-01,-0.00000e+00,1.80000e-01,
-4.3973643e-01,2.00001e-01,1.80000e-01,
-4.3944347e-01,-0.00000e+00,1.82000e-01,
-4.3915051e-01,2.00001e-01,1.80000e-01,
-4.3885756e-01,-0.00000e+00,1.80000e-01,
-4.3856460e-01,-0.00000e+00,1.80000e-01,
-4.3827164e-01,-0.00000e+00,1.78000e-01,
-4.3797868e-01,-0.00000e+00,1.78000e-01,
-4.3768573e-01,-0.00000e+00,1.74000e-01,
-4.3739277e-01,2.00001e-01,1.78000e-01,
-4.3709981e-01,-0.00000e+00,1.76000e-01,
-4.3680686e-01,2.00001e-01,1.74000e-01,
-4.3651390e-01,-0.00000e+00,1.74000e-01,
-4.3622094e-01,-0.00000e+00,1.72000e-01,
-4.3592799e-01,-0.00000e+00,1.76000e-01,
-4.3563503e-01,-0.00000e+00,1.72000e-01,
-4.3534207e-01,-0.00000e+00,1.72000e-01,
-4.3504912e-01,-0.00000e+00,1.72000e-01,
-4.3475616e-01,2.00001e-01,1.72000e-01,
-4.3446320e-01,2.00001e-01,1.70000e-01,
-4.3417025e-01,-0.00000e+00,1.70000e-01,
-4.3387729e-01,2.00001e-01,1.66000e-01,
-4.3358433e-01,2.00001e-01,1.68000e-01,
-4.3329138e-01,-0.00000e+00,1.70000e-01,
-4.3299842e-01,-0.00000e+00,1.66000e-01,
-4.3270546e-01,-0.00000e+00,1.66000e-01,
-4.3241251e-01,2.00001e-01,1.66000e-01,
-4.3211955e-01,-0.00000e+00,1.66000e-01,
-4.3182659e-01,-0.00000e+00,1.64000e-01,
-4.3153363e-01,-0.00000e+00,1.66000e-01,
-4.3124068e-01,-0.00000e+00,1.66000e-01,
-4.3094772e-01,-0.00000e+00,1.62000e-01,
-4.3065476e-01,-0.00000e+00,1.62000e-01,
-4.3036181e-01,-0.00000e+00,1.62000e-01,
-4.3006885e-01,2.00001e-01,1.58000e-01,
-4.2977589e-01,2.00001e-01,1.62000e-01,
-4.2948294e-01,-0.00000e+00,1.58000e-01,
-4.2918998e-01,-0.00000e+00,1.62000e-01,
-4.2889702e-01,-0.00000e+00,1.58000e-01,
-4.2860407e-01,2.00001e-01,1.58000e-01,
-4.2831111e-01,-0.00000e+00,1.56000e-01,
-4.2801815e-01,-0.00000e+00,1.56000e-01,
-4.2772520e-01,-0.00000e+00,1.56000e-01,
-4.2743224e-01,-0.00000e+00,1.56000e-01,
-4.2713928e-01,-0.00000e+00,1.54000e-01,
-4.2684633e-01,2.00001e-01,1.56000e-01,
-4.2655337e-01,-0.00000e+00,1.54000e-01,
-4.2626041e-01,2.00001e-01,1.54000e-01,
-4.2596745e-01,2.00001e-01,1.50000e-01,
-4.2567450e-01,-0.00000e+00,1.50000e-01,
-4.2538154e-01,2.00001e-01,1.50000e-01,
-4.2508858e-01,2.00001e-01,1.50000e-01,
-4.2479563e-01,-0.00000e+00,1.48000e-01,
-4.2450267e-01,-0.00000e+00,1.48000e-01,
-4.2420971e-01,-0.00000e+00,1.48000e-01,
-4.2391676e-01,-0.00000e+00,1.48000e-01,
-4.2362380e-01,2.00001e-01,1.48000e-01,
-4.2333084e-01,2.00001e-01,1.46000e-01,
-4.2303789e-01,-0.00000e+00,1.44000e-01,
-4.2274493e-01,-0.00000e+00,1.44000e-01,
-4.2245197e-01,2.00001e-01,1.42000e-01,
-4.2215902e-01,-0.00000e+00,1.40000e-01,
-4.2186606e-01,-0.00000e+00,1.42000e-01,
-4.2157310e-01,-0.00000e+00,1.40000e-01,
-4.2128015e-01,-0.00000e+00,1.40000e-01,
-4.2098719e-01,-0.00000e+00,1.36000e-01,
-4.2069423e-01,-0.00000e+00,1.38000e-01,
-4.2040128e-01,-0.00000e+00,1.36000e-01,
-4.2010832e-01,2.00001e-01,1.34000e-01,
-4.1981536e-01,-0.00000e+00,1.34000e-01,
-4.1952240e-01,2.00001e-01,1.34000e-01,
-4.1922945e-01,-0.00000e+00,1.34000e-01,
-4.1893649e-01,-0.00000e+00,1.34000e-01,
-4.1864353e-01,-0.00000e+00,1.34000e-01,
-4.1835058e-01,-0.00000e+00,1.32000e-01,
-4.1805762e-01,-0.00000e+00,1.30000e-01,
-4.1776466e-01,-0.00000e+00,1.30000e-01,
-4.1747171e-01,-0.00000e+00,1.30000e-01,
-4.1717875e-01,-0.00000e+00,1.28000e-01,
-4.1688579e-01,-0.00000e+00,1.28000e-01,
-4.1659284e-01,-0.00000e+00,1.26000e-01,
-4.1629988e-01,2.00001e-01,1.26000e-01,
-4.1600692e-01,-0.00000e+00,1.26000e-01,
-4.1571397e-01,-0.00000e+00,1.28000e-01,
-4.1542101e-01,2.00001e-01,1.24000e-01,
-4.1512805e-01,-0.00000e+00,1.24000e-01,
-4.1483510e-01,-0.00000e+00,1.24000e-01,
-4.1454214e-01,2.00001e-01,1.24000e-01,
-4.1424918e-01,2.00001e-01,1.24000e-01,
-4.1395622e-01,-0.00000e+00,1.24000e-01,
-4.1366327e-01,2.00001e-01,1.22000e-01,
-4.1337031e-01,2.00001e-01,1.22000e-01,
-4.1307735e-01,2.00001e-01,1.20000e-01,
-4.1278440e-01,-0.00000e+00,1.20000e-01,
-4.1249144e-01,-0.00000e+00,1.20000e-01,
-4.1219848e-01,-0.00000e+00,1.20000e-01,
-4.1190553e-01,-0.00000e+00,1.18000e-01,
-4.1161257e-01,-0.00000e+00,1.18000e-01,
-4.1131961e-01,-0.00000e+00,1.18000e-01,
-4.1102666e-01,2.00001e-01,1.18000e-01,
-4.1073370e-01,2.00001e-01,1.20000e-01,
-4.1044074e-01,2.00001e-01,1.20000e-01,
-4.1014779e-01,2.00001e-01,1.20000e-01,
-4.0985483e-01,-0.00000e+00,1.20000e-01,
-4.0956187e-01,-0.00000e+00,1.20000e-01,
-4.0926892e-01,2.00001e-01,1.08000e-01,
-4.0897596e-01,2.00001e-01,1.20000e-01,
-4.0868300e-01,-0.00000e+00,1.20000e-01,
-4.0839005e-01,2.00001e-01,1.22000e-01,
-4.0809709e-01,-0.00000e+00,1.20000e-01,
-4.0780413e-01,2.00001e-01,1.20000e-01,
-4.0751117e-01,-0.00000e+00,1.22000e-01,
-4.0721822e-01,-0.00000e+00,1.20000e-01,
-4.0692526e-01,-0.00000e+00,1.24000e-01,
-4.0663230e-01,-0.00000e+00,1.20000e-01,
-4.0633935e-01,-0.00000e+00,1.24000e-01,
-4.0604639e-01,2.00001e-01,1.20000e-01,
-4.0575343e-01,-0.00000e+00,1.20000e-01,
-4.0546048e-01,2.00001e-01,1.22000e-01,
-4.0516752e-01,2.00001e-01,1.20000e-01,
-4.0487456e-01,2.00001e-01,1.22000e-01,
-4.0458161e-01,-0.00000e+00,1.20000e-01,
-4.0428865e-01,-0.00000e+00,1.24000e-01,
-4.0399569e-01,-0.00000e+00,1.20000e-01,
-4.0370274e-01,-0.00000e+00,1.20000e-01,
-4.0340978e-01,2.00001e-01,1.20000e-01,
-4.0311682e-01,-0.00000e+00,1.20000e-01,
-4.0282387e-01,-0.00000e+00,1.24000e-01,
-4.0253091e-01,2.00001e-01,1.20000e-01,
-4.0223795e-01,-0.00000e+00,1.20000e-01,
-4.0194499e-01,-0.00000e+00,1.20000e-01,
-4.0165204e-01,-0.00000e+00,1.20000e-01,
-4.0135908e-01,2.00001e-01,1.20000e-01,
-4.0106612e-01,-0.00000e+00,1.20000e-01,
-4.0077317e-01,-0.00000e+00,1.20000e-01,
-4.0048021e-01,-0.00000e+00,1.22000e-01,
-4.0018725e-01,-0.00000e+00,1.20000e-01,
-3.9989430e-01,2.00001e-01,1.20000e-01,
-3.9960134e-01,-0.00000e+00,1.20000e-01,
-3.9930838e-01,2.00001e-01,1.20000e-01,
-3.9901543e-01,-0.00000e+00,1.20000e-01,
-3.9872247e-01,2.00001e-01,1.18000e-01,
-3.9842951e-01,2.00001e-01,1.18000e-01,
-3.9813656e-01,-0.00000e+00,1.18000e-01,
-3.9784360e-01,-0.00000e+00,1.18000e-01,
-3.9755064e-01,-0.00000e+00,1.18000e-01,
-3.9725769e-01,2.00001e-01,1.16000e-01,
-3.9696473e-01,-0.00000e+00,1.16000e-01,
-3.9667177e-01,-0.00000e+00,1.16000e-01,
-3.9637882e-01,-0.00000e+00,1.16000e-01,
-3.9608586e-01,2.00001e-01,1.14000e-01,
-3.9579290e-01,-0.00000e+00,1.16000e-01,
-3.9549994e-01,2.00001e-01,1.14000e-01,
-3.9520699e-01,-0.00000e+00,1.14000e-01,
-3.9491403e-01,2.00001e-01,1.12000e-01,
-3.9462107e-01,2.00001e-01,1.12000e-01,
-3.9432812e-01,-0.00000e+00,1.14000e-01,
-3.9403516e-01,2.00001e-01,1.16000e-01,
-3.9374220e-01,-0.00000e+00,1.12000e-01,
-3.9344925e-01,-0.00000e+00,1.12000e-01,
-3.9315629e-01,2.00001e-01,1.12000e-01,
-3.9286333e-01,-0.00000e+00,1.10000e-01,
-3.9257038e-01,2.00001e-01,1.12000e-01,
-3.9227742e-01,2.00001e-01,1.12000e-01,
-3.9198446e-01,-0.00000e+00,1.10000e-01,
-3.9169151e-01,-0.00000e+00,1.10000e-01,
-3.9139855e-01,-0.00000e+00,1.08000e-01,
-3.9110559e-01,2.00001e-01,1.10000e-01,
-3.9081264e-01,-0.00000e+00,1.04000e-01,
-3.9051968e-01,-0.00000e+00,1.06000e-01,
-3.9022672e-01,-0.00000e+00,1.08000e-01,
-3.8993376e-01,-0.00000e+00,1.08000e-01,
-3.8964081e-01,-0.00000e+00,1.04000e-01,
-3.8934785e-01,2.00001e-01,1.06000e-01,
-3.8905489e-01,-0.00000e+00,1.04000e-01,
-3.8876194e-01,-0.00000e+00,1.04000e-01,
-3.8846898e-01,-0.00000e+00,1.00000e-01,
-3.8817602e-01,-0.00000e+00,1.04000e-01,
-3.8788307e-01,2.00001e-01,1.04000e-01,
-3.8759011e-01,2.00001e-01,1.04000e-01,
-3.8729715e-01,2.00001e-01,1.02000e-01,
-3.8700420e-01,-0.00000e+00,9.60000e-02,
-3.8671124e-01,-0.00000e+00,1.02000e-01,
-3.8641828e-01,-0.00000e+00,9.80000e-02,
-3.8612533e-01,-0.00000e+00,1.00000e-01,
-3.8583237e-01,-0.00000e+00,1.00000e-01,
-3.8553941e-01,-0.00000e+00,1.00000e-01,
-3.8524646e-01,2.00001e-01,9.80000e-02,
-3.8495350e-01,2.00001e-01,1.00000e-01,
-3.8466054e-01,2.00001e-01,1.00000e-01,
-3.8436759e-01,-0.00000e+00,9.80000e-02,
-3.8407463e-01,2.00001e-01,9.60000e-02,
-3.8378167e-01,-0.00000e+00,9.60000e-02,
-3.8348871e-01,2.00001e-01,9.60000e-02,
-3.8319576e-01,-0.00000e+00,9.60000e-02,
-3.8290280e-01,-0.00000e+00,9.60000e-02,
-3.8260984e-01,2.00001e-01,9.60000e-02,
-3.8231689e-01,-0.00000e+00,9.40000e-02,
-3.8202393e-01,-0.00000e+00,9.20000e-02,
-3.8173097e-01,-0.00000e+00,9.40000e-02,
-3.8143802e-01,2.00001e-01,9.40000e-02,
-3.8114506e-01,-0.00000e+00,9.20000e-02,
-3.8085210e-01,2.00001e-01,9.20000e-02,
-3.8055915e-01,-0.00000e+00,8.80000e-02,
-3.8026619e-01,-0.00000e+00,9.20000e-02,
-3.7997323e-01,-0.00000e+00,9.20000e-02,
-3.7968028e-01,2.00001e-01,9.20000e-02,
-3.7938732e-01,2.00001e-01,8.80000e-02,
-3.7909436e-01,-0.00000e+00,9.00000e-02,
-3.7880141e-01,-0.00000e+00,9.00000e-02,
-3.7850845e-01,-0.00000e+00,8.80000e-02,
-3.7821549e-01,-0.00000e+00,8.80000e-02,
-3.7792253e-01,-0.00000e+00,8.80000e-02,
-3.7762958e-01,-0.00000e+00,8.80000e-02,
-3.7733662e-01,2.00001e-01,9.00000e-02,
-3.7704366e-01,-0.00000e+00,8.60000e-02,
-3.7675071e-01,-0.00000e+00,8.40000e-02,
-3.7645775e-01,-0.00000e+00,8.40000e-02,
-3.7616479e-01,-0.00000e+00,8.40000e-02,
-3.7587184e-01,-0.00000e+00,8.40000e-02,
-3.7557888e-01,-0.00000e+00,8.40000e-02,
-3.7528592e-01,2.00001e-01,8.40000e-02,
-3.7499297e-01,-0.00000e+00,8.40000e-02,
-3.7470001e-01,-0.00000e+00,8.20000e-02,
-3.7440705e-01,-0.00000e+00,7.80000e-02,
-3.7411410e-01,2.00001e-01,7.60000e-02,
-3.7382114e-01,2.00001e-01,8.40000e-02,
-3.7352818e-01,-0.00000e+00,8.00000e-02,
-3.7323523e-01,2.00001e-01,8.00000e-02,
-3.7294227e-01,2.00001e-01,8.00000e-02,
-3.7264931e-01,2.00001e-01,8.00000e-02,
-3.7235636e-01,2.00001e-01,8.00000e-02,
-3.7206340e-01,-0.00000e+00,7.80000e-02,
-3.7177044e-01,-0.00000e+00,8.00000e-02,
-3.7147748e-01,-0.00000e+00,7.80000e-02,
-3.7118453e-01,-0.00000e+00,7.80000e-02,
-3.7089157e-01,-0.00000e+00,7.60000e-02,
-3.7059861e-01,-0.00000e+00,7.60000e-02,
-3.7030566e-01,-0.00000e+00,7.60000e-02,
-3.7001270e-01,-0.00000e+00,7.60000e-02,
-3.6971974e-01,-0.00000e+00,7.40000e-02,
-3.6942679e-01,-0.00000e+00,8.20000e-02,
-3.6913383e-01,-0.00000e+00,7.40000e-02,
-3.6884087e-01,-0.00000e+00,7.40000e-02,
-3.6854792e-01,-0.00000e+00,7.40000e-02,
-3.6825496e-01,-0.00000e+00,7.20000e-02,
-3.6796200e-01,-0.00000e+00,7.20000e-02,
-3.6766905e-01,-0.00000e+00,7.20000e-02,
-3.6737609e-01,2.00001e-01,7.20000e-02,
-3.6708313e-01,2.00001e-01,7.20000e-02,
-3.6679018e-01,-0.00000e+00,7.20000e-02,
-3.6649722e-01,-0.00000e+00,7.20000e-02,
-3.6620426e-01,-0.00000e+00,7.20000e-02,
-3.6591130e-01,-0.00000e+00,7.00000e-02,
-3.6561835e-01,-0.00000e+00,7.00000e-02,
-3.6532539e-01,-0.00000e+00,6.80000e-02,
-3.6503243e-01,2.00001e-01,7.00000e-02,
-3.6473948e-01,2.00001e-01,6.80000e-02,
-3.6444652e-01,2.00001e-01,6.80000e-02,
-3.6415356e-01,2.00001e-01,6.80000e-02,
-3.6386061e-01,-0.00000e+00,6.80000e-02,
-3.6356765e-01,-0.00000e+00,6.60000e-02,
-3.6327469e-01,-0.00000e+00,6.60000e-02,
-3.6298174e-01,2.00001e-01,6.40000e-02,
-3.6268878e-01,-0.00000e+00,6.40000e-02,
-3.6239582e-01,-0.00000e+00,6.40000e-02,
-3.6210287e-01,-0.00000e+00,6.80000e-02,
-3.6180991e-01,2.00001e-01,6.60000e-02,
-3.6151695e-01,-0.00000e+00,6.40000e-02,
-3.6122400e-01,-0.00000e+00,6.60000e-02,
-3.6093104e-01,2.00001e-01,6.40000e-02,
-3.6063808e-01,-0.00000e+00,6.40000e-02,
-3.6034513e-01,2.00001e-01,6.40000e-02,
-3.6005217e-01,-0.00000e+00,6.40000e-02,
-3.5975921e-01,2.00001e-01,6.40000e-02,
-3.5946625e-01,-0.00000e+00,6.20000e-02,
-3.5917330e-01,2.00001e-01,6.40000e-02,
-3.5888034e-01,2.00001e-01,6.00000e-02,
-3.5858738e-01,2.00001e-01,6.00000e-02,
-3.5829443e-01,-0.00000e+00,6.20000e-02,
-3.5800147e-01,2.00001e-01,6.00000e-02,
-3.5770851e-01,-0.00000e+00,6.00000e-02,
-3.5741556e-01,2.00001e-01,5.40000e-02,
-3.5712260e-01,-0.00000e+00,6.00000e-02,
-3.5682964e-01,-0.00000e+00,6.00000e-02,
-3.5653669e-01,2.00001e-01,6.00000e-02,
-3.5624373e-01,-0.00000e+00,6.00000e-02,
-3.5595077e-01,2.00001e-01,5.80000e-02,
-3.5565782e-01,2.00001e-01,5.60000e-02,
-3.5536486e-01,2.00001e-01,5.60000e-02,
-3.5507190e-01,2.00001e-01,5.60000e-02,
-3.5477895e-01,-0.00000e+00,5.60000e-02,
-3.5448599e-01,2.00001e-01,5.60000e-02,
-3.5419303e-01,-0.00000e+00,6.00000e-02,
-3.5390007e-01,-0.00000e+00,5.60000e-02,
-3.5360712e-01,-0.00000e+00,5.60000e-02,
-3.5331416e-01,2.00001e-01,5.60000e-02,
-3.5302120e-01,-0.00000e+00,5.40000e-02,
-3.5272825e-01,2.00001e-01,5.60000e-02,
-3.5243529e-01,-0.00000e+00,5.00000e-02,
-3.5214233e-01,-0.00000e+00,5.40000e-02,
-3.5184938e-01,-0.00000e+00,5.40000e-02,
-3.5155642e-01,2.00001e-01,5.40000e-02,
-3.5126346e-01,2.00001e-01,5.20000e-02,
-3.5097051e-01,-0.00000e+00,5.00000e-02,
-3.5067755e-01,-0.00000e+00,5.20000e-02,
-3.5038459e-01,2.00001e-01,5.00000e-02,
-3.5009164e-01,-0.00000e+00,5.20000e-02,
-3.4979868e-01,-0.00000e+00,5.20000e-02,
-3.4950572e-01,2.00001e-01,5.20000e-02,
-3.4921277e-01,-0.00000e+00,5.00000e-02,
-3.4891981e-01,2.00001e-01,5.20000e-02,
-3.4862685e-01,-0.00000e+00,5.00000e-02,
-3.4833390e-01,-0.00000e+00,5.20000e-02,
-3.4804094e-01,-0.00000e+00,4.80000e-02,
-3.4774798e-01,-0.00000e+00,5.20000e-02,
-3.4745502e-01,-0.00000e+00,4.80000e-02,
-3.4716207e-01,-0.00000e+00,4.80000e-02,
-3.4686911e-01,-0.00000e+00,4.80000e-02,
-3.4657615e-01,-0.00000e+00,4.80000e-02,
-3.4628320e-01,-0.00000e+00,4.80000e-02,
-3.4599024e-01,-0.00000e+00,4.80000e-02,
-3.4569728e-01,-0.00000e+00,4.80000e-02,
-3.4540433e-01,-0.00000e+00,4.80000e-02,
-3.4511137e-01,-0.00000e+00,4.60000e-02,
-3.4481841e-01,-0.00000e+00,4.80000e-02,
-3.4452546e-01,-0.00000e+00,4.80000e-02,
-3.4423250e-01,2.00001e-01,4.80000e-02,
-3.4393954e-01,2.00001e-01,4.60000e-02,
-3.4364659e-01,2.00001e-01,4.40000e-02,
-3.4335363e-01,-0.00000e+00,4.60000e-02,
-3.4306067e-01,-0.00000e+00,4.40000e-02,
-3.4276772e-01,-0.00000e+00,4.60000e-02,
-3.4247476e-01,-0.00000e+00,4.40000e-02,
-3.4218180e-01,-0.00000e+00,4.40000e-02,
-3.4188884e-01,-0.00000e+00,4.40000e-02,
-3.4159589e-01,-0.00000e+00,4.60000e-02,
-3.4130293e-01,2.00001e-01,4.20000e-02,
-3.4100997e-01,2.00001e-01,4.40000e-02,
-3.4071702e-01,-0.00000e+00,4.20000e-02,
-3.4042406e-01,-0.00000e+00,4.20000e-02,
-3.4013110e-01,-0.00000e+00,4.00000e-02,
-3.3983815e-01,-0.00000e+00,4.40000e-02,
-3.3954519e-01,2.00001e-01,4.20000e-02,
-3.3925223e-01,-0.00000e+00,4.00000e-02,
-3.3895928e-01,2.00001e-01,4.20000e-02,
-3.3866632e-01,-0.00000e+00,4.00000e-02,
-3.3837336e-01,2.00001e-01,4.00000e-02,
-3.3808041e-01,2.00001e-01,4.00000e-02,
-3.3778745e-01,-0.00000e+00,4.00000e-02,
-3.3749449e-01,-0.00000e+00,4.00000e-02,
-3.3720154e-01,2.00001e-01,4.00000e-02,
-3.3690858e-01,-0.00000e+00,4.20000e-02,
-3.3661562e-01,-0.00000e+00,4.00000e-02,
-3.3632267e-01,-0.00000e+00,4.00000e-02,
-3.3602971e-01,-0.00000e+00,4.00000e-02,
-3.3573675e-01,-0.00000e+00,4.00000e-02,
-3.3544379e-01,2.00001e-01,4.00000e-02,
-3.3515084e-01,2.00001e-01,4.00000e-02,
-3.3485788e-01,-0.00000e+00,4.00000e-02,
-3.3456492e-01,2.00001e-01,4.00000e-02,
-3.3427197e-01,-0.00000e+00,4.00000e-02,
-3.3397901e-01,2.00001e-01,3.80000e-02,
-3.3368605e-01,-0.00000e+00,3.60000e-02,
-3.3339310e-01,-0.00000e+00,3.80000e-02,
-3.3310014e-01,-0.00000e+00,3.80000e-02,
-3.3280718e-01,-0.00000e+00,3.80000e-02,
-3.3251423e-01,-0.00000e+00,3.80000e-02,
-3.3222127e-01,2.00001e-01,4.00000e-02,
-3.3192831e-01,-0.00000e+00,3.80000e-02,
-3.3163536e-01,-0.00000e+00,3.60000e-02,
-3.3134240e-01,-0.00000e+00,3.80000e-02,
-3.3104944e-01,-0.00000e+00,3.60000e-02,
-3.3075649e-01,2.00001e-01,3.80000e-02,
-3.3046353e-01,2.00001e-01,3.60000e-02,
-3.3017057e-01,-0.00000e+00,3.60000e-02,
-3.2987761e-01,-0.00000e+00,3.60000e-02,
-3.2958466e-01,2.00001e-01,3.80000e-02,
-3.2929170e-01,-0.00000e+00,3.60000e-02,
-3.2899874e-01,-0.00000e+00,3.80000e-02,
-3.2870579e-01,-0.00000e+00,3.60000e-02,
-3.2841283e-01,-0.00000e+00,4.00000e-02,
-3.2811987e-01,-0.00000e+00,3.60000e-02,
-3.2782692e-01,-0.00000e+00,3.40000e-02,
-3.2753396e-01,-0.00000e+00,3.60000e-02,
-3.2724100e-01,2.00001e-01,3.60000e-02,
-3.2694805e-01,-0.00000e+00,3.60000e-02,
-3.2665509e-01,2.00001e-01,3.80000e-02,
-3.2636213e-01,-0.00000e+00,3.60000e-02,
-3.2606918e-01,2.00001e-01,3.40000e-02,
-3.2577622e-01,2.00001e-01,3.20000e-02,
-3.2548326e-01,-0.00000e+00,3.20000e-02,
-3.2519031e-01,-0.00000e+00,3.20000e-02,
-3.2489735e-01,-0.00000e+00,3.40000e-02,
-3.2460439e-01,2.00001e-01,3.20000e-02,
-3.2431144e-01,-0.00000e+00,3.40000e-02,
-3.2401848e-01,-0.00000e+00,3.20000e-02,
-3.2372552e-01,-0.00000e+00,3.20000e-02,
-3.2343256e-01,-0.00000e+00,3.40000e-02,
-3.2313961e-01,-0.00000e+00,3.20000e-02,
-3.2284665e-01,-0.00000e+00,3.20000e-02,
-3.2255369e-01,-0.00000e+00,3.20000e-02,
-3.2226074e-01,-0.00000e+00,3.20000e-02,
-3.2196778e-01,2.00001e-01,3.00000e-02,
-3.2167482e-01,2.00001e-01,3.20000e-02,
-3.2138187e-01,-0.00000e+00,3.20000e-02,
-3.2108891e-01,-0.00000e+00,3.20000e-02,
-3.2079595e-01,-0.00000e+00,3.20000e-02,
-3.2050300e-01,-0.00000e+00,3.20000e-02,
-3.2021004e-01,2.00001e-01,3.20000e-02,
-3.1991708e-01,-0.00000e+00,3.20000e-02,
-3.1962413e-01,-0.00000e+00,2.80000e-02,
-3.1933117e-01,-0.00000e+00,3.00000e-02,
-3.1903821e-01,-0.00000e+00,3.00000e-02,
-3.1874526e-01,2.00001e-01,3.20000e-02,
-3.1845230e-01,-0.00000e+00,3.00000e-02,
-3.1815934e-01,-0.00000e+00,3.00000e-02,
-3.1786638e-01,-0.00000e+00,3.00000e-02,
-3.1757343e-01,2.00001e-01,3.20000e-02,
-3.1728047e-01,2.00001e-01,3.00000e-02,
-3.1698751e-01,2.00001e-01,3.00000e-02,
-3.1669456e-01,-0.00000e+00,3.00000e-02,
-3.1640160e-01,-0.00000e+00,3.20000e-02,
-3.1610864e-01,-0.00000e+00,3.20000e-02,
-3.1581569e-01,-0.00000e+00,3.00000e-02,
-3.1552273e-01,-0.00000e+00,3.00000e-02,
-3.1522977e-01,-0.00000e+00,3.00000e-02,
-3.1493682e-01,2.00001e-01,3.00000e-02,
-3.1464386e-01,-0.00000e+00,2.80000e-02,
-3.1435090e-01,-0.00000e+00,3.00000e-02,
-3.1405795e-01,2.00001e-01,3.00000e-02,
-3.1376499e-01,-0.00000e+00,2.80000e-02,
-3.1347203e-01,-0.00000e+00,3.00000e-02,
-3.1317908e-01,2.00001e-01,2.80000e-02,
-3.1288612e-01,2.00001e-01,2.80000e-02,
-3.1259316e-01,-0.00000e+00,2.80000e-02,
-3.1230021e-01,-0.00000e+00,2.80000e-02,
-3.1200725e-01,-0.00000e+00,2.80000e-02,
-3.1171429e-01,-0.00000e+00,2.80000e-02,
-3.1142133e-01,-0.00000e+00,3.00000e-02,
-3.1112838e-01,-0.00000e+00,3.00000e-02,
-3.1083542e-01,-0.00000e+00,2.80000e-02,
-3.1054246e-01,-0.00000e+00,2.80000e-02,
-3.1024951e-01,-0.00000e+00,2.80000e-02,
-3.0995655e-01,-0.00000e+00,2.80000e-02,
-3.0966359e-01,-0.00000e+00,2.60000e-02,
-3.0937064e-01,-0.00000e+00,2.80000e-02,
-3.0907768e-01,-0.00000e+00,3.00000e-02,
-3.0878472e-01,-0.00000e+00,2.80000e-02,
-3.0849177e-01,-0.00000e+00,2.40000e-02,
-3.0819881e-01,2.00001e-01,2.60000e-02,
-3.0790585e-01,-0.00000e+00,2.80000e-02,
-3.0761290e-01,-0.00000e+00,2.80000e-02,
-3.0731994e-01,2.00001e-01,2.60000e-02,
-3.0702698e-01,-0.00000e+00,2.80000e-02,
-3.0673403e-01,2.00001e-01,2.60000e-02,
-3.0644107e-01,-0.00000e+00,2.80000e-02,
-3.0614811e-01,-0.00000e+00,2.80000e-02,
-3.0585515e-01,2.00001e-01,2.80000e-02,
-3.0556220e-01,-0.00000e+00,2.80000e-02,
-3.0526924e-01,-0.00000e+00,3.00000e-02,
-3.0497628e-01,2.00001e-01,2.60000e-02,
-3.0468333e-01,-0.00000e+00,2.60000e-02,
-3.0439037e-01,2.00001e-01,2.40000e-02,
-3.0409741e-01,-0.00000e+00,2.40000e-02,
-3.0380446e-01,-0.00000e+00,2.60000e-02,
-3.0351150e-01,2.00001e-01,2.80000e-02,
-3.0321854e-01,-0.00000e+00,2.60000e-02,
-3.0292559e-01,-0.00000e+00,2.40000e-02,
-3.0263263e-01,-0.00000e+00,2.40000e-02,
-3.0233967e-01,2.00001e-01,2.40000e-02,
-3.0204672e-01,2.00001e-01,2.40000e-02,
-3.0175376e-01,-0.00000e+00,2.40000e-02,
-3.0146080e-01,-0.00000e+00,2.40000e-02,
-3.0116785e-01,2.00001e-01,2.40000e-02,
-3.0087489e-01,2.00001e-01,2.40000e-02,
-3.0058193e-01,-0.00000e+00,2.40000e-02,
-3.0028898e-01,2.00001e-01,2.40000e-02,
-2.9999602e-01,-0.00000e+00,2.40000e-02,
-2.9970306e-01,-0.00000e+00,2.40000e-02,
-2.9941010e-01,-0.00000e+00,2.40000e-02,
-2.9911715e-01,-0.00000e+00,2.40000e-02,
-2.9882419e-01,-0.00000e+00,2.40000e-02,
-2.9853123e-01,-0.00000e+00,2.40000e-02,
-2.9823828e-01,2.00001e-01,2.40000e-02,
-2.9794532e-01,2.00001e-01,2.40000e-02,
-2.9765236e-01,-0.00000e+00,2.40000e-02,
-2.9735941e-01,-0.00000e+00,2.40000e-02,
-2.9706645e-01,-0.00000e+00,2.40000e-02,
-2.9677349e-01,-0.00000e+00,2.40000e-02,
-2.9648054e-01,-0.00000e+00,2.40000e-02,
-2.9618758e-01,-0.00000e+00,2.40000e-02,
-2.9589462e-01,2.00001e-01,2.40000e-02,
-2.9560167e-01,2.00001e-01,2.40000e-02,
-2.9530871e-01,-0.00000e+00,2.80000e-02,
-2.9501575e-01,-0.00000e+00,2.40000e-02,
-2.9472280e-01,-0.00000e+00,3.20000e-02,
-2.9442984e-01,-0.00000e+00,2.40000e-02,
-2.9413688e-01,-0.00000e+00,2.40000e-02,
-2.9384392e-01,-0.00000e+00,2.40000e-02,
-2.9355097e-01,-0.00000e+00,2.40000e-02,
-2.9325801e-01,-0.00000e+00,2.20000e-02,
-2.9296505e-01,2.00001e-01,2.40000e-02,
-2.9267210e-01,2.00001e-01,2.20000e-02,
-2.9237914e-01,-0.00000e+00,2.40000e-02,
-2.9208618e-01,2.00001e-01,2.40000e-02,
-2.9179323e-01,-0.00000e+00,2.20000e-02,
-2.9150027e-01,-0.00000e+00,2.40000e-02,
-2.9120731e-01,-0.00000e+00,2.40000e-02,
-2.9091436e-01,-0.00000e+00,2.40000e-02,
-2.9062140e-01,-0.00000e+00,2.40000e-02,
-2.9032844e-01,-0.00000e+00,2.40000e-02,
-2.9003549e-01,-0.00000e+00,2.20000e-02,
-2.8974253e-01,-0.00000e+00,2.20000e-02,
-2.8944957e-01,-0.00000e+00,2.20000e-02,
-2.8915662e-01,2.00001e-01,2.20000e-02,
-2.8886366e-01,-0.00000e+00,2.40000e-02,
-2.8857070e-01,-0.00000e+00,2.40000e-02,
-2.8827775e-01,-0.00000e+00,2.20000e-02,
-2.8798479e-01,2.00001e-01,2.40000e-02,
-2.8769183e-01,2.00001e-01,2.40000e-02,
-2.8739887e-01,-0.00000e+00,2.40000e-02,
-2.8710592e-01,-0.00000e+00,2.40000e-02,
-2.8681296e-01,-0.00000e+00,2.40000e-02,
-2.8652000e-01,-0.00000e+00,2.80000e-02,
-2.8622705e-01,-0.00000e+00,3.00000e-02,
-2.8593409e-01,-0.00000e+00,2.80000e-02,
-2.8564113e-01,2.00001e-01,3.20000e-02,
-2.8534818e-01,2.00001e-01,3.00000e-02,
-2.8505522e-01,-0.00000e+00,3.20000e-02,
-2.8476226e-01,-0.00000e+00,3.20000e-02,
-2.8446931e-01,-0.00000e+00,3.20000e-02,
-2.8417635e-01,2.00001e-01,4.00000e-02,
-2.8388339e-01,-0.00000e+00,3.20000e-02,
-2.8359044e-01,-0.00000e+00,3.60000e-02,
-2.8329748e-01,-0.00000e+00,3.80000e-02,
-2.8300452e-01,-0.00000e+00,3.80000e-02,
-2.8271157e-01,-0.00000e+00,4.00000e-02,
-2.8241861e-01,-0.00000e+00,4.00000e-02,
-2.8212565e-01,2.00001e-01,4.00000e-02,
-2.8183270e-01,2.00001e-01,4.00000e-02,
-2.8153974e-01,-0.00000e+00,4.00000e-02,
-2.8124678e-01,-0.00000e+00,4.00000e-02,
-2.8095382e-01,-0.00000e+00,4.40000e-02,
-2.8066087e-01,-0.00000e+00,4.20000e-02,
-2.8036791e-01,-0.00000e+00,4.40000e-02,
-2.8007495e-01,-0.00000e+00,4.40000e-02,
-2.7978200e-01,-0.00000e+00,4.40000e-02,
-2.7948904e-01,-0.00000e+00,4.20000e-02,
-2.7919608e-01,-0.00000e+00,4.40000e-02,
-2.7890313e-01,-0.00000e+00,4.40000e-02,
-2.7861017e-01,-0.00000e+00,4.40000e-02,
-2.7831721e-01,-0.00000e+00,4.60000e-02,
-2.7802426e-01,-0.00000e+00,4.60000e-02,
-2.7773130e-01,-0.00000e+00,4.60000e-02,
-2.7743834e-01,-0.00000e+00,4.80000e-02,
-2.7714539e-01,-0.00000e+00,4.20000e-02,
-2.7685243e-01,-0.00000e+00,5.20000e-02,
-2.7655947e-01,-0.00000e+00,4.80000e-02,
-2.7626652e-01,-0.00000e+00,4.80000e-02,
-2.7597356e-01,-0.00000e+00,4.80000e-02,
-2.7568060e-01,-0.00000e+00,4.80000e-02,
-2.7538764e-01,-0.00000e+00,4.80000e-02,
-2.7509469e-01,2.00001e-01,4.80000e-02,
-2.7480173e-01,-0.00000e+00,4.80000e-02,
-2.7450877e-01,2.00001e-01,4.80000e-02,
-2.7421582e-01,2.00001e-01,4.80000e-02,
-2.7392286e-01,-0.00000e+00,5.20000e-02,
-2.7362990e-01,2.00001e-01,5.00000e-02,
-2.7333695e-01,2.00001e-01,5.00000e-02,
-2.7304399e-01,-0.00000e+00,5.20000e-02,
-2.7275103e-01,-0.00000e+00,5.20000e-02,
-2.7245808e-01,-0.00000e+00,5.20000e-02,
-2.7216512e-01,-0.00000e+00,5.40000e-02,
-2.7187216e-01,2.00001e-01,4.80000e-02,
-2.7157921e-01,2.00001e-01,4.80000e-02,
-2.7128625e-01,-0.00000e+00,5.20000e-02,
-2.7099329e-01,-0.00000e+00,5.20000e-02,
-2.7070034e-01,-0.00000e+00,4.80000e-02,
-2.7040738e-01,2.00001e-01,5.20000e-02,
-2.7011442e-01,-0.00000e+00,5.20000e-02,
-2.6982147e-01,-0.00000e+00,5.20000e-02,
-2.6952851e-01,-0.00000e+00,5.20000e-02,
-2.6923555e-01,2.00001e-01,5.20000e-02,
-2.6894259e-01,-0.00000e+00,5.20000e-02,
-2.6864964e-01,-0.00000e+00,5.20000e-02,
-2.6835668e-01,-0.00000e+00,5.20000e-02,
-2.6806372e-01,-0.00000e+00,5.20000e-02,
-2.6777077e-01,-0.00000e+00,5.40000e-02,
-2.6747781e-01,2.00001e-01,5.20000e-02,
-2.6718485e-01,-0.00000e+00,5.20000e-02,
-2.6689190e-01,-0.00000e+00,5.20000e-02,
-2.6659894e-01,-0.00000e+00,5.40000e-02,
-2.6630598e-01,-0.00000e+00,5.40000e-02,
-2.6601303e-01,-0.00000e+00,5.40000e-02,
-2.6572007e-01,-0.00000e+00,5.00000e-02,
-2.6542711e-01,2.00001e-01,5.40000e-02,
-2.6513416e-01,-0.00000e+00,5.40000e-02,
-2.6484120e-01,-0.00000e+00,5.60000e-02,
-2.6454824e-01,-0.00000e+00,5.40000e-02,
-2.6425529e-01,-0.00000e+00,5.20000e-02,
-2.6396233e-01,-0.00000e+00,5.20000e-02,
-2.6366937e-01,-0.00000e+00,5.40000e-02,
-2.6337641e-01,2.00001e-01,5.40000e-02,
-2.6308346e-01,-0.00000e+00,5.20000e-02,
-2.6279050e-01,-0.00000e+00,5.40000e-02,
-2.6249754e-01,-0.00000e+00,5.40000e-02,
-2.6220459e-01,-0.00000e+00,5.40000e-02,
-2.6191163e-01,-0.00000e+00,5.60000e-02,
-2.6161867e-01,-0.00000e+00,5.20000e-02,
-2.6132572e-01,2.00001e-01,5.20000e-02,
-2.6103276e-01,-0.00000e+00,5.40000e-02,
-2.6073980e-01,-0.00000e+00,5.20000e-02,
-2.6044685e-01,-0.00000e+00,4.80000e-02,
-2.6015389e-01,-0.00000e+00,5.00000e-02,
-2.5986093e-01,-0.00000e+00,5.20000e-02,
-2.5956798e-01,-0.00000e+00,5.20000e-02,
-2.5927502e-01,-0.00000e+00,5.20000e-02,
-2.5898206e-01,-0.00000e+00,5.20000e-02,
-2.5868911e-01,-0.00000e+00,5.20000e-02,
-2.5839615e-01,-0.00000e+00,5.20000e-02,
-2.5810319e-01,-0.00000e+00,5.20000e-02,
-2.5781024e-01,-0.00000e+00,5.20000e-02,
-2.5751728e-01,-0.00000e+00,5.20000e-02,
-2.5722432e-01,-0.00000e+00,4.80000e-02,
-2.5693136e-01,2.00001e-01,5.20000e-02,
-2.5663841e-01,2.00001e-01,5.20000e-02,
-2.5634545e-01,-0.00000e+00,5.40000e-02,
-2.5605249e-01,-0.00000e+00,5.20000e-02,
-2.5575954e-01,-0.00000e+00,4.80000e-02,
-2.5546658e-01,-0.00000e+00,4.80000e-02,
-2.5517362e-01,-0.00000e+00,5.20000e-02,
-2.5488067e-01,-0.00000e+00,4.80000e-02,
-2.5458771e-01,-0.00000e+00,5.00000e-02,
-2.5429475e-01,-0.00000e+00,5.00000e-02,
-2.5400180e-01,-0.00000e+00,4.80000e-02,
-2.5370884e-01,-0.00000e+00,4.80000e-02,
-2.5341588e-01,-0.00000e+00,4.80000e-02,
-2.5312293e-01,2.00001e-01,4.00000e-02,
-2.5282997e-01,2.00001e-01,5.00000e-02,
-2.5253701e-01,2.00001e-01,4.80000e-02,
-2.5224406e-01,-0.00000e+00,4.80000e-02,
-2.5195110e-01,-0.00000e+00,4.80000e-02,
-2.5165814e-01,2.00001e-01,4.80000e-02,
-2.5136518e-01,2.00001e-01,4.80000e-02,
-2.5107223e-01,-0.00000e+00,4.80000e-02,
-2.5077927e-01,-0.00000e+00,4.80000e-02,
-2.5048631e-01,-0.00000e+00,4.80000e-02,
-2.5019336e-01,-0.00000e+00,4.80000e-02,
-2.4990039e-01,-0.00000e+00,4.80000e-02,
-2.4960741e-01,2.00001e-01,4.80000e-02,
-2.4931444e-01,-0.00000e+00,4.80000e-02,
-2.4902147e-01,-0.00000e+00,4.60000e-02,
-2.4872850e-01,-0.00000e+00,4.80000e-02,
-2.4843553e-01,2.00001e-01,4.40000e-02,
-2.4814256e-01,-0.00000e+00,4.80000e-02,
-2.4784958e-01,2.00001e-01,4.60000e-02,
-2.4755661e-01,-0.00000e+00,4.60000e-02,
-2.4726364e-01,-0.00000e+00,4.40000e-02,
-2.4697067e-01,2.00001e-01,4.40000e-02,
-2.4667770e-01,-0.00000e+00,4.60000e-02,
-2.4638472e-01,-0.00000e+00,4.60000e-02,
-2.4609175e-01,-0.00000e+00,4.60000e-02,
-2.4579878e-01,-0.00000e+00,4.60000e-02,
-2.4550581e-01,2.00001e-01,4.60000e-02,
-2.4521284e-01,2.00001e-01,4.40000e-02,
-2.4491987e-01,-0.00000e+00,4.60000e-02,
-2.4462689e-01,-0.00000e+00,4.40000e-02,
-2.4433392e-01,-0.00000e+00,4.60000e-02,
-2.4404095e-01,2.00001e-01,4.60000e-02,
-2.4374798e-01,-0.00000e+00,4.40000e-02,
-2.4345501e-01,-0.00000e+00,4.40000e-02,
-2.4316204e-01,-0.00000e+00,4.60000e-02,
-2.4286906e-01,-0.00000e+00,4.60000e-02,
-2.4257609e-01,-0.00000e+00,4.40000e-02,
-2.4228312e-01,-0.00000e+00,4.20000e-02,
-2.4199015e-01,-0.00000e+00,4.40000e-02,
-2.4169718e-01,-0.00000e+00,4.40000e-02,
-2.4140421e-01,-0.00000e+00,4.60000e-02,
-2.4111123e-01,-0.00000e+00,4.20000e-02,
-2.4081826e-01,-0.00000e+00,4.20000e-02,
-2.4052529e-01,-0.00000e+00,4.00000e-02,
-2.4023232e-01,2.00001e-01,4.00000e-02,
-2.3993935e-01,-0.00000e+00,4.00000e-02,
-2.3964638e-01,-0.00000e+00,4.40000e-02,
-2.3935340e-01,-0.00000e+00,4.20000e-02,
-2.3906043e-01,-0.00000e+00,4.00000e-02,
-2.3876746e-01,-0.00000e+00,4.00000e-02,
-2.3847449e-01,2.00001e-01,4.20000e-02,
-2.3818152e-01,2.00001e-01,4.40000e-02,
-2.3788854e-01,-0.00000e+00,4.00000e-02,
-2.3759557e-01,-0.00000e+00,4.00000e-02,
-2.3730260e-01,-0.00000e+00,4.00000e-02,
-2.3700963e-01,2.00001e-01,4.20000e-02,
-2.3671666e-01,-0.00000e+00,4.00000e-02,
-2.3642369e-01,-0.00000e+00,4.00000e-02,
-2.3613071e-01,-0.00000e+00,4.00000e-02,
-2.3583774e-01,-0.00000e+00,4.00000e-02,
-2.3554477e-01,-0.00000e+00,3.80000e-02,
-2.3525180e-01,-0.00000e+00,4.00000e-02,
-2.3495883e-01,-0.00000e+00,3.60000e-02,
-2.3466586e-01,-0.00000e+00,4.00000e-02,
-2.3437288e-01,-0.00000e+00,4.00000e-02,
-2.3407991e-01,2.00001e-01,4.00000e-02,
-2.3378694e-01,-0.00000e+00,4.00000e-02,
-2.3349397e-01,-0.00000e+00,3.80000e-02,
-2.3320100e-01,2.00001e-01,3.80000e-02,
-2.3290803e-01,-0.00000e+00,3.80000e-02,
-2.3261505e-01,-0.00000e+00,4.00000e-02,
-2.3232208e-01,-0.00000e+00,3.80000e-02,
-2.3202911e-01,2.00001e-01,3.80000e-02,
-2.3173614e-01,-0.00000e+00,4.00000e-02,
-2.3144317e-01,-0.00000e+00,3.80000e-02,
-2.3115020e-01,-0.00000e+00,3.80000e-02,
-2.3085722e-01,-0.00000e+00,4.00000e-02,
-2.3056425e-01,-0.00000e+00,4.00000e-02,
-2.3027128e-01,-0.00000e+00,3.80000e-02,
-2.2997831e-01,-0.00000e+00,3.80000e-02,
-2.2968534e-01,2.00001e-01,3.60000e-02,
-2.2939236e-01,-0.00000e+00,4.00000e-02,
-2.2909939e-01,-0.00000e+00,3.60000e-02,
-2.2880642e-01,-0.00000e+00,3.60000e-02,
-2.2851345e-01,-0.00000e+00,3.40000e-02,
-2.2822048e-01,-0.00000e+00,3.60000e-02,
-2.2792751e-01,-0.00000e+00,3.60000e-02,
-2.2763453e-01,-0.00000e+00,3.60000e-02,
-2.2734156e-01,-0.00000e+00,3.60000e-02,
-2.2704859e-01,-0.00000e+00,3.80000e-02,
-2.2675562e-01,-0.00000e+00,3.60000e-02,
-2.2646265e-01,-0.00000e+00,3.60000e-02,
-2.2616968e-01,-0.00000e+00,3.40000e-02,
-2.2587670e-01,-0.00000e+00,3.60000e-02,
-2.2558373e-01,-0.00000e+00,3.60000e-02,
-2.2529076e-01,2.00001e-01,3.80000e-02,
-2.2499779e-01,2.00001e-01,3.40000e-02,
-2.2470482e-01,-0.00000e+00,3.40000e-02,
-2.2441185e-01,2.00001e-01,3.20000e-02,
-2.2411887e-01,2.00001e-01,3.80000e-02,
-2.2382590e-01,-0.00000e+00,3.60000e-02,
-2.2353293e-01,2.00001e-01,3.20000e-02,
-2.2323996e-01,-0.00000e+00,3.60000e-02,
-2.2294699e-01,2.00001e-01,3.60000e-02,
-2.2265401e-01,-0.00000e+00,3.60000e-02,
-2.2236104e-01,-0.00000e+00,3.80000e-02,
-2.2206807e-01,-0.00000e+00,4.00000e-02,
-2.2177510e-01,-0.00000e+00,4.00000e-02,
-2.2148213e-01,-0.00000e+00,4.00000e-02,
-2.2118916e-01,2.00001e-01,4.00000e-02,
-2.2089618e-01,-0.00000e+00,4.00000e-02,
-2.2060321e-01,2.00001e-01,4.40000e-02,
-2.2031024e-01,-0.00000e+00,4.40000e-02,
-2.2001727e-01,-0.00000e+00,4.40000e-02,
-2.1972430e-01,-0.00000e+00,4.40000e-02,
-2.1943133e-01,-0.00000e+00,4.40000e-02,
-2.1913835e-01,-0.00000e+00,4.80000e-02,
-2.1884538e-01,2.00001e-01,5.00000e-02,
-2.1855241e-01,2.00001e-01,4.80000e-02,
-2.1825944e-01,2.00001e-01,4.80000e-02,
-2.1796647e-01,-0.00000e+00,4.60000e-02,
-2.1767350e-01,2.00001e-01,5.00000e-02,
-2.1738052e-01,-0.00000e+00,4.80000e-02,
-2.1708755e-01,-0.00000e+00,5.20000e-02,
-2.1679458e-01,-0.00000e+00,5.20000e-02,
-2.1650161e-01,-0.00000e+00,5.00000e-02,
-2.1620864e-01,-0.00000e+00,5.40000e-02,
-2.1591567e-01,-0.00000e+00,5.20000e-02,
-2.1562269e-01,-0.00000e+00,5.60000e-02,
-2.1532972e-01,2.00001e-01,5.40000e-02,
-2.1503675e-01,2.00001e-01,5.60000e-02,
-2.1474378e-01,-0.00000e+00,5.00000e-02,
-2.1445081e-01,-0.00000e+00,5.20000e-02,
-2.1415783e-01,-0.00000e+00,5.40000e-02,
-2.1386486e-01,-0.00000e+00,5.60000e-02,
-2.1357189e-01,-0.00000e+00,5.60000e-02,
-2.1327892e-01,-0.00000e+00,5.60000e-02,
-2.1298595e-01,2.00001e-01,5.40000e-02,
-2.1269298e-01,-0.00000e+00,5.60000e-02,
-2.1240000e-01,-0.00000e+00,5.60000e-02,
-2.1210703e-01,-0.00000e+00,5.60000e-02,
-2.1181406e-01,-0.00000e+00,5.60000e-02,
-2.1152109e-01,-0.00000e+00,5.60000e-02,
-2.1122812e-01,-0.00000e+00,5.60000e-02,
-2.1093515e-01,-0.00000e+00,5.60000e-02,
-2.1064217e-01,-0.00000e+00,5.80000e-02,
-2.1034920e-01,2.00001e-01,6.00000e-02,
-2.1005623e-01,-0.00000e+00,5.60000e-02,
-2.0976326e-01,-0.00000e+00,6.00000e-02,
-2.0947029e-01,2.00001e-01,5.80000e-02,
-2.0917732e-01,-0.00000e+00,5.80000e-02,
-2.0888434e-01,-0.00000e+00,6.00000e-02,
-2.0859137e-01,2.00001e-01,6.00000e-02,
-2.0829840e-01,-0.00000e+00,6.00000e-02,
-2.0800543e-01,-0.00000e+00,5.80000e-02,
-2.0771246e-01,-0.00000e+00,6.00000e-02,
-2.0741948e-01,2.00001e-01,6.00000e-02,
-2.0712651e-01,2.00001e-01,5.60000e-02,
-2.0683354e-01,-0.00000e+00,6.00000e-02,
-2.0654057e-01,-0.00000e+00,6.20000e-02,
-2.0624760e-01,-0.00000e+00,6.00000e-02,
-2.0595463e-01,-0.00000e+00,5.80000e-02,
-2.0566165e-01,-0.00000e+00,6.00000e-02,
-2.0536868e-01,-0.00000e+00,6.60000e-02,
-2.0507571e-01,2.00001e-01,6.20000e-02,
-2.0478274e-01,-0.00000e+00,6.00000e-02,
-2.0448977e-01,-0.00000e+00,5.80000e-02,
-2.0419680e-01,-0.00000e+00,6.00000e-02,
-2.0390382e-01,-0.00000e+00,6.00000e-02,
-2.0361085e-01,-0.00000e+00,6.00000e-02,
-2.0331788e-01,-0.00000e+00,6.20000e-02,
-2.0302491e-01,-0.00000e+00,6.00000e-02,
-2.0273194e-01,-0.00000e+00,6.00000e-02,
-2.0243897e-01,-0.00000e+00,5.80000e-02,
-2.0214599e-01,-0.00000e+00,6.00000e-02,
-2.0185302e-01,-0.00000e+00,6.20000e-02,
-2.0156005e-01,-0.00000e+00,6.00000e-02,
-2.0126708e-01,-0.00000e+00,6.00000e-02,
-2.0097411e-01,-0.00000e+00,5.60000e-02,
-2.0068114e-01,-0.00000e+00,6.00000e-02,
-2.0038816e-01,-0.00000e+00,5.80000e-02,
-2.0009519e-01,-0.00000e+00,5.60000e-02,
-1.9980222e-01,-0.00000e+00,5.80000e-02,
-1.9950925e-01,-0.00000e+00,5.80000e-02,
-1.9921628e-01,-0.00000e+00,5.80000e-02,
-1.9892330e-01,-0.00000e+00,6.00000e-02,
-1.9863033e-01,-0.00000e+00,5.80000e-02,
-1.9833736e-01,2.00001e-01,6.00000e-02,
-1.9804439e-01,-0.00000e+00,6.00000e-02,
-1.9775142e-01,-0.00000e+00,5.80000e-02,
-1.9745845e-01,2.00001e-01,6.00000e-02,
-1.9716547e-01,2.00001e-01,5.60000e-02,
-1.9687250e-01,-0.00000e+00,5.60000e-02,
-1.9657953e-01,-0.00000e+00,5.80000e-02,
-1.9628656e-01,2.00001e-01,5.80000e-02,
-1.9599359e-01,2.00001e-01,5.80000e-02,
-1.9570062e-01,2.00001e-01,5.60000e-02,
-1.9540764e-01,2.00001e-01,5.60000e-02,
-1.9511467e-01,2.00001e-01,5.60000e-02,
-1.9482170e-01,-0.00000e+00,5.60000e-02,
-1.9452873e-01,2.00001e-01,5.60000e-02,
-1.9423576e-01,-0.00000e+00,5.60000e-02,
-1.9394279e-01,2.00001e-01,5.60000e-02,
-1.9364981e-01,-0.00000e+00,5.40000e-02,
-1.9335684e-01,2.00001e-01,5.60000e-02,
-1.9306387e-01,-0.00000e+00,5.60000e-02,
-1.9277090e-01,-0.00000e+00,5.60000e-02,
-1.9247793e-01,-0.00000e+00,5.60000e-02,
-1.9218495e-01,-0.00000e+00,6.00000e-02,
-1.9189198e-01,-0.00000e+00,5.60000e-02,
-1.9159901e-01,2.00001e-01,5.60000e-02,
-1.9130604e-01,-0.00000e+00,5.60000e-02,
-1.9101307e-01,2.00001e-01,5.60000e-02,
-1.9072010e-01,-0.00000e+00,5.60000e-02,
-1.9042712e-01,-0.00000e+00,5.40000e-02,
-1.9013415e-01,-0.00000e+00,5.60000e-02,
-1.8984118e-01,2.00001e-01,5.60000e-02,
-1.8954821e-01,-0.00000e+00,5.40000e-02,
-1.8925524e-01,-0.00000e+00,5.60000e-02,
-1.8896227e-01,-0.00000e+00,5.20000e-02,
-1.8866929e-01,-0.00000e+00,5.40000e-02,
-1.8837632e-01,-0.00000e+00,5.60000e-02,
-1.8808335e-01,2.00001e-01,5.20000e-02,
-1.8779038e-01,-0.00000e+00,5.40000e-02,
-1.8749741e-01,-0.00000e+00,5.20000e-02,
-1.8720444e-01,-0.00000e+00,5.40000e-02,
-1.8691146e-01,-0.00000e+00,5.40000e-02,
-1.8661849e-01,-0.00000e+00,5.20000e-02,
-1.8632552e-01,-0.00000e+00,5.40000e-02,
-1.8603255e-01,-0.00000e+00,5.00000e-02,
-1.8573958e-01,-0.00000e+00,5.40000e-02,
-1.8544661e-01,-0.00000e+00,5.20000e-02,
-1.8515363e-01,-0.00000e+00,5.60000e-02,
-1.8486066e-01,-0.00000e+00,5.00000e-02,
-1.8456769e-01,-0.00000e+00,5.40000e-02,
-1.8427472e-01,-0.00000e+00,5.20000e-02,
-1.8398175e-01,-0.00000e+00,5.20000e-02,
-1.8368877e-01,-0.00000e+00,4.80000e-02,
-1.8339580e-01,2.00001e-01,4.80000e-02,
-1.8310283e-01,-0.00000e+00,5.20000e-02,
-1.8280986e-01,-0.00000e+00,5.00000e-02,
-1.8251689e-01,-0.00000e+00,5.00000e-02,
-1.8222392e-01,-0.00000e+00,4.80000e-02,
-1.8193094e-01,2.00001e-01,4.80000e-02,
-1.8163797e-01,-0.00000e+00,4.80000e-02,
-1.8134500e-01,-0.00000e+00,4.80000e-02,
-1.8105203e-01,-0.00000e+00,5.00000e-02,
-1.8075906e-01,-0.00000e+00,4.80000e-02,
-1.8046609e-01,-0.00000e+00,4.80000e-02,
-1.8017311e-01,-0.00000e+00,4.60000e-02,
-1.7988014e-01,2.00001e-01,4.80000e-02,
-1.7958717e-01,-0.00000e+00,4.80000e-02,
-1.7929420e-01,-0.00000e+00,4.80000e-02,
-1.7900123e-01,-0.00000e+00,4.80000e-02,
-1.7870826e-01,-0.00000e+00,4.80000e-02,
-1.7841528e-01,-0.00000e+00,4.80000e-02,
-1.7812231e-01,-0.00000e+00,4.60000e-02,
-1.7782934e-01,-0.00000e+00,4.80000e-02,
-1.7753637e-01,-0.00000e+00,4.60000e-02,
-1.7724340e-01,-0.00000e+00,4.80000e-02,
-1.7695042e-01,-0.00000e+00,4.80000e-02,
-1.7665745e-01,-0.00000e+00,4.40000e-02,
-1.7636448e-01,-0.00000e+00,4.60000e-02,
-1.7607151e-01,-0.00000e+00,4.60000e-02,
-1.7577854e-01,-0.00000e+00,4.80000e-02,
-1.7548557e-01,2.00001e-01,4.80000e-02,
-1.7519259e-01,2.00001e-01,4.80000e-02,
-1.7489962e-01,-0.00000e+00,4.40000e-02,
-1.7460665e-01,-0.00000e+00,4.60000e-02,
-1.7431368e-01,-0.00000e+00,4.40000e-02,
-1.7402071e-01,-0.00000e+00,4.60000e-02,
-1.7372774e-01,-0.00000e+00,4.40000e-02,
-1.7343476e-01,-0.00000e+00,4.40000e-02,
-1.7314179e-01,-0.00000e+00,4.60000e-02,
-1.7284882e-01,-0.00000e+00,4.80000e-02,
-1.7255585e-01,2.00001e-01,4.80000e-02,
-1.7226288e-01,2.00001e-01,4.80000e-02,
-1.7196991e-01,-0.00000e+00,4.80000e-02,
-1.7167693e-01,-0.00000e+00,4.80000e-02,
-1.7138396e-01,2.00001e-01,5.20000e-02,
-1.7109099e-01,-0.00000e+00,5.20000e-02,
-1.7079802e-01,-0.00000e+00,5.20000e-02,
-1.7050505e-01,2.00001e-01,5.40000e-02,
-1.7021208e-01,-0.00000e+00,5.40000e-02,
-1.6991910e-01,-0.00000e+00,5.60000e-02,
-1.6962613e-01,-0.00000e+00,5.60000e-02,
-1.6933316e-01,2.00001e-01,5.60000e-02,
-1.6904019e-01,-0.00000e+00,5.60000e-02,
-1.6874722e-01,-0.00000e+00,5.60000e-02,
-1.6845424e-01,-0.00000e+00,5.60000e-02,
-1.6816127e-01,2.00001e-01,5.40000e-02,
-1.6786830e-01,2.00001e-01,5.80000e-02,
-1.6757533e-01,2.00001e-01,5.80000e-02,
-1.6728236e-01,-0.00000e+00,6.40000e-02,
-1.6698939e-01,-0.00000e+00,6.00000e-02,
-1.6669641e-01,-0.00000e+00,6.00000e-02,
-1.6640344e-01,-0.00000e+00,6.00000e-02,
-1.6611047e-01,2.00001e-01,6.00000e-02,
-1.6581750e-01,-0.00000e+00,6.40000e-02,
-1.6552453e-01,-0.00000e+00,6.20000e-02,
-1.6523156e-01,2.00001e-01,6.40000e-02,
-1.6493858e-01,2.00001e-01,6.20000e-02,
-1.6464561e-01,2.00001e-01,6.40000e-02,
-1.6435264e-01,-0.00000e+00,6.40000e-02,
-1.6405967e-01,-0.00000e+00,6.20000e-02,
-1.6376670e-01,-0.00000e+00,6.40000e-02,
-1.6347373e-01,-0.00000e+00,6.40000e-02,
-1.6318075e-01,-0.00000e+00,6.40000e-02,
-1.6288778e-01,-0.00000e+00,6.40000e-02,
-1.6259481e-01,2.00001e-01,6.80000e-02,
-1.6230184e-01,2.00001e-01,6.40000e-02,
-1.6200887e-01,-0.00000e+00,6.40000e-02,
-1.6171589e-01,-0.00000e+00,6.40000e-02,
-1.6142292e-01,-0.00000e+00,6.80000e-02,
-1.6112995e-01,-0.00000e+00,6.40000e-02,
-1.6083698e-01,2.00001e-01,6.80000e-02,
-1.6054401e-01,-0.00000e+00,6.80000e-02,
-1.6025104e-01,-0.00000e+00,6.40000e-02,
-1.5995806e-01,-0.00000e+00,6.60000e-02,
-1.5966509e-01,-0.00000e+00,6.80000e-02,
-1.5937212e-01,2.00001e-01,5.60000e-02,
-1.5907915e-01,2.00001e-01,6.80000e-02,
-1.5878618e-01,-0.00000e+00,6.60000e-02,
-1.5849321e-01,-0.00000e+00,6.80000e-02,
-1.5820023e-01,-0.00000e+00,6.80000e-02,
-1.5790726e-01,-0.00000e+00,6.80000e-02,
-1.5761429e-01,-0.00000e+00,6.40000e-02,
-1.5732132e-01,2.00001e-01,6.60000e-02,
-1.5702835e-01,-0.00000e+00,6.40000e-02,
-1.5673538e-01,2.00001e-01,6.80000e-02,
-1.5644240e-01,2.00001e-01,6.80000e-02,
-1.5614943e-01,-0.00000e+00,6.40000e-02,
-1.5585646e-01,-0.00000e+00,6.60000e-02,
-1.5556349e-01,-0.00000e+00,6.80000e-02,
-1.5527052e-01,-0.00000e+00,6.80000e-02,
-1.5497755e-01,-0.00000e+00,6.60000e-02,
-1.5468457e-01,2.00001e-01,6.60000e-02,
-1.5439160e-01,-0.00000e+00,7.00000e-02,
-1.5409863e-01,-0.00000e+00,6.60000e-02,
-1.5380566e-01,2.00001e-01,6.60000e-02,
-1.5351269e-01,2.00001e-01,6.60000e-02,
-1.5321971e-01,-0.00000e+00,6.60000e-02,
-1.5292674e-01,-0.00000e+00,6.60000e-02,
-1.5263377e-01,-0.00000e+00,6.60000e-02,
-1.5234080e-01,-0.00000e+00,6.40000e-02,
-1.5204783e-01,-0.00000e+00,6.60000e-02,
-1.5175486e-01,2.00001e-01,6.60000e-02,
-1.5146188e-01,-0.00000e+00,6.60000e-02,
-1.5116891e-01,-0.00000e+00,6.40000e-02,
-1.5087594e-01,-0.00000e+00,6.60000e-02,
-1.5058297e-01,-0.00000e+00,6.00000e-02,
-1.5029000e-01,-0.00000e+00,6.40000e-02,
-1.4999703e-01,-0.00000e+00,6.60000e-02,
-1.4970405e-01,2.00001e-01,6.40000e-02,
-1.4941108e-01,-0.00000e+00,6.40000e-02,
-1.4911811e-01,-0.00000e+00,6.40000e-02,
-1.4882514e-01,-0.00000e+00,6.40000e-02,
-1.4853217e-01,2.00001e-01,6.40000e-02,
-1.4823920e-01,-0.00000e+00,6.40000e-02,
-1.4794622e-01,2.00001e-01,6.60000e-02,
-1.4765325e-01,-0.00000e+00,6.40000e-02,
-1.4736028e-01,-0.00000e+00,5.60000e-02,
-1.4706731e-01,-0.00000e+00,6.40000e-02,
-1.4677434e-01,-0.00000e+00,6.40000e-02,
-1.4648136e-01,2.00001e-01,6.40000e-02,
-1.4618839e-01,2.00001e-01,6.40000e-02,
-1.4589542e-01,-0.00000e+00,6.40000e-02,
-1.4560245e-01,-0.00000e+00,6.40000e-02,
-1.4530948e-01,-0.00000e+00,6.40000e-02,
-1.4501651e-01,-0.00000e+00,6.40000e-02,
-1.4472353e-01,-0.00000e+00,6.40000e-02,
-1.4443056e-01,2.00001e-01,6.20000e-02,
-1.4413759e-01,-0.00000e+00,6.40000e-02,
-1.4384462e-01,-0.00000e+00,6.40000e-02,
-1.4355165e-01,2.00001e-01,6.20000e-02,
-1.4325868e-01,-0.00000e+00,6.20000e-02,
-1.4296570e-01,-0.00000e+00,6.20000e-02,
-1.4267273e-01,-0.00000e+00,6.40000e-02,
-1.4237976e-01,2.00001e-01,6.20000e-02,
-1.4208679e-01,-0.00000e+00,6.00000e-02,
-1.4179382e-01,-0.00000e+00,6.00000e-02,
-1.4150085e-01,2.00001e-01,5.80000e-02,
-1.4120787e-01,2.00001e-01,6.00000e-02,
-1.4091490e-01,-0.00000e+00,5.60000e-02,
-1.4062193e-01,-0.00000e+00,6.00000e-02,
-1.4032896e-01,-0.00000e+00,6.00000e-02,
-1.4003599e-01,-0.00000e+00,6.00000e-02,
-1.3974302e-01,2.00001e-01,6.00000e-02,
-1.3945004e-01,-0.00000e+00,5.80000e-02,
-1.3915707e-01,-0.00000e+00,5.80000e-02,
-1.3886410e-01,2.00001e-01,6.00000e-02,
-1.3857113e-01,-0.00000e+00,6.00000e-02,
-1.3827816e-01,-0.00000e+00,5.80000e-02,
-1.3798518e-01,-0.00000e+00,5.60000e-02,
-1.3769221e-01,2.00001e-01,6.00000e-02,
-1.3739924e-01,2.00001e-01,5.60000e-02,
-1.3710627e-01,2.00001e-01,5.80000e-02,
-1.3681330e-01,2.00001e-01,5.80000e-02,
-1.3652033e-01,2.00001e-01,5.80000e-02,
-1.3622735e-01,-0.00000e+00,5.60000e-02,
-1.3593438e-01,2.00001e-01,5.60000e-02,
-1.3564141e-01,-0.00000e+00,5.60000e-02,
-1.3534844e-01,-0.00000e+00,5.60000e-02,
-1.3505547e-01,2.00001e-01,5.60000e-02,
-1.3476250e-01,-0.00000e+00,5.40000e-02,
-1.3446952e-01,-0.00000e+00,5.60000e-02,
-1.3417655e-01,-0.00000e+00,5.60000e-02,
-1.3388358e-01,2.00001e-01,5.60000e-02,
-1.3359061e-01,2.00001e-01,5.40000e-02,
-1.3329764e-01,-0.00000e+00,5.60000e-02,
-1.3300467e-01,-0.00000e+00,5.40000e-02,
-1.3271169e-01,-0.00000e+00,5.60000e-02,
-1.3241872e-01,2.00001e-01,5.60000e-02,
-1.3212575e-01,-0.00000e+00,5.40000e-02,
-1.3183278e-01,-0.00000e+00,5.40000e-02,
-1.3153981e-01,-0.00000e+00,5.40000e-02,
-1.3124683e-01,-0.00000e+00,5.40000e-02,
-1.3095386e-01,-0.00000e+00,5.40000e-02,
-1.3066089e-01,-0.00000e+00,5.60000e-02,
-1.3036792e-01,-0.00000e+00,5.60000e-02,
-1.3007495e-01,2.00001e-01,5.60000e-02,
-1.2978198e-01,-0.00000e+00,5.60000e-02,
-1.2948900e-01,-0.00000e+00,5.80000e-02,
-1.2919603e-01,-0.00000e+00,5.60000e-02,
-1.2890306e-01,-0.00000e+00,6.00000e-02,
-1.2861009e-01,2.00001e-01,6.20000e-02,
-1.2831712e-01,-0.00000e+00,6.00000e-02,
-1.2802415e-01,-0.00000e+00,6.40000e-02,
-1.2773117e-01,-0.00000e+00,6.20000e-02,
-1.2743820e-01,-0.00000e+00,6.20000e-02,
-1.2714523e-01,-0.00000e+00,6.20000e-02,
-1.2685226e-01,-0.00000e+00,6.40000e-02,
-1.2655929e-01,-0.00000e+00,6.40000e-02,
-1.2626632e-01,-0.00000e+00,6.40000e-02,
-1.2597334e-01,-0.00000e+00,6.40000e-02,
-1.2568037e-01,2.00001e-01,6.60000e-02,
-1.2538740e-01,-0.00000e+00,6.80000e-02,
-1.2509443e-01,-0.00000e+00,6.80000e-02,
-1.2480146e-01,-0.00000e+00,6.80000e-02,
-1.2450849e-01,-0.00000e+00,7.00000e-02,
-1.2421551e-01,2.00001e-01,6.80000e-02,
-1.2392254e-01,2.00001e-01,6.60000e-02,
-1.2362957e-01,-0.00000e+00,7.00000e-02,
-1.2333660e-01,-0.00000e+00,7.00000e-02,
-1.2304363e-01,-0.00000e+00,6.80000e-02,
-1.2275065e-01,-0.00000e+00,7.00000e-02,
-1.2245768e-01,2.00001e-01,7.00000e-02,
-1.2216471e-01,-0.00000e+00,7.20000e-02,
-1.2187174e-01,-0.00000e+00,7.20000e-02,
-1.2157877e-01,2.00001e-01,7.00000e-02,
-1.2128580e-01,-0.00000e+00,7.20000e-02,
-1.2099282e-01,-0.00000e+00,7.20000e-02,
-1.2069985e-01,-0.00000e+00,6.80000e-02,
-1.2040688e-01,-0.00000e+00,7.20000e-02,
-1.2011391e-01,2.00001e-01,7.20000e-02,
-1.1982094e-01,-0.00000e+00,7.20000e-02,
-1.1952797e-01,2.00001e-01,7.20000e-02,
-1.1923499e-01,2.00001e-01,7.20000e-02,
-1.1894202e-01,2.00001e-01,7.20000e-02,
-1.1864905e-01,-0.00000e+00,7.20000e-02,
-1.1835608e-01,2.00001e-01,7.20000e-02,
-1.1806311e-01,2.00001e-01,7.20000e-02,
-1.1777014e-01,-0.00000e+00,7.40000e-02,
-1.1747716e-01,-0.00000e+00,7.20000e-02,
-1.1718419e-01,2.00001e-01,7.20000e-02,
-1.1689122e-01,2.00001e-01,7.20000e-02,
-1.1659825e-01,2.00001e-01,7.20000e-02,
-1.1630528e-01,2.00001e-01,7.20000e-02,
-1.1601231e-01,2.00001e-01,7.20000e-02,
-1.1571933e-01,-0.00000e+00,7.20000e-02,
-1.1542636e-01,-0.00000e+00,7.20000e-02,
-1.1513339e-01,2.00001e-01,7.20000e-02,
-1.1484042e-01,2.00001e-01,7.20000e-02,
-1.1454745e-01,2.00001e-01,7.20000e-02,
-1.1425447e-01,2.00001e-01,7.40000e-02,
-1.1396150e-01,2.00001e-01,7.20000e-02,
-1.1366853e-01,-0.00000e+00,7.20000e-02,
-1.1337556e-01,2.00001e-01,7.20000e-02,
-1.1308259e-01,-0.00000e+00,7.20000e-02,
-1.1278962e-01,2.00001e-01,7.20000e-02,
-1.1249664e-01,-0.00000e+00,7.20000e-02,
-1.1220367e-01,2.00001e-01,7.40000e-02,
-1.1191070e-01,-0.00000e+00,7.20000e-02,
-1.1161773e-01,-0.00000e+00,7.20000e-02,
-1.1132476e-01,-0.00000e+00,7.20000e-02,
-1.1103179e-01,-0.00000e+00,7.00000e-02,
-1.1073881e-01,-0.00000e+00,7.20000e-02,
-1.1044584e-01,2.00001e-01,7.20000e-02,
-1.1015287e-01,2.00001e-01,7.20000e-02,
-1.0985990e-01,-0.00000e+00,7.20000e-02,
-1.0956693e-01,-0.00000e+00,7.20000e-02,
-1.0927396e-01,-0.00000e+00,7.20000e-02,
-1.0898098e-01,-0.00000e+00,7.20000e-02,
-1.0868801e-01,2.00001e-01,7.00000e-02,
-1.0839504e-01,-0.00000e+00,7.20000e-02,
-1.0810207e-01,-0.00000e+00,7.20000e-02,
-1.0780910e-01,-0.00000e+00,7.20000e-02,
-1.0751612e-01,-0.00000e+00,6.80000e-02,
-1.0722315e-01,-0.00000e+00,7.20000e-02,
-1.0693018e-01,2.00001e-01,7.00000e-02,
-1.0663721e-01,-0.00000e+00,7.20000e-02,
-1.0634424e-01,-0.00000e+00,7.00000e-02,
-1.0605127e-01,-0.00000e+00,6.60000e-02,
-1.0575829e-01,2.00001e-01,7.00000e-02,
-1.0546532e-01,-0.00000e+00,7.00000e-02,
-1.0517235e-01,-0.00000e+00,7.00000e-02,
-1.0487938e-01,-0.00000e+00,7.00000e-02,
-1.0458641e-01,-0.00000e+00,6.40000e-02,
-1.0429344e-01,-0.00000e+00,6.80000e-02,
-1.0400046e-01,2.00001e-01,6.80000e-02,
-1.0370749e-01,-0.00000e+00,6.80000e-02,
-1.0341452e-01,-0.00000e+00,6.80000e-02,
-1.0312155e-01,-0.00000e+00,6.80000e-02,
-1.0282858e-01,2.00001e-01,6.80000e-02,
-1.0253561e-01,-0.00000e+00,6.60000e-02,
-1.0224263e-01,-0.00000e+00,6.80000e-02,
-1.0194966e-01,2.00001e-01,6.80000e-02,
-1.0165669e-01,-0.00000e+00,6.40000e-02,
-1.0136372e-01,-0.00000e+00,6.40000e-02,
-1.0107075e-01,-0.00000e+00,6.60000e-02,
-1.0077778e-01,2.00001e-01,6.40000e-02,
-1.0048480e-01,-0.00000e+00,6.40000e-02,
-1.0019183e-01,-0.00000e+00,6.40000e-02,
-9.9898860e-02,2.00001e-01,6.40000e-02,
-9.9605888e-02,-0.00000e+00,6.40000e-02,
-9.9312916e-02,-0.00000e+00,6.60000e-02,
-9.9019945e-02,-0.00000e+00,6.40000e-02,
-9.8726973e-02,-0.00000e+00,6.60000e-02,
-9.8434001e-02,-0.00000e+00,6.40000e-02,
-9.8141029e-02,-0.00000e+00,6.40000e-02,
-9.7848058e-02,-0.00000e+00,6.40000e-02,
-9.7555086e-02,-0.00000e+00,6.40000e-02,
-9.7262114e-02,-0.00000e+00,6.40000e-02,
-9.6969143e-02,-0.00000e+00,6.40000e-02,
-9.6676171e-02,2.00001e-01,6.20000e-02,
-9.6383199e-02,2.00001e-01,6.40000e-02,
-9.6090227e-02,-0.00000e+00,6.20000e-02,
-9.5797256e-02,-0.00000e+00,6.20000e-02,
-9.5504284e-02,-0.00000e+00,6.00000e-02,
-9.5211312e-02,2.00001e-01,7.00000e-02,
-9.4918340e-02,-0.00000e+00,6.20000e-02,
-9.4625369e-02,-0.00000e+00,6.00000e-02,
-9.4332397e-02,-0.00000e+00,6.20000e-02,
-9.4039425e-02,-0.00000e+00,6.00000e-02,
-9.3746454e-02,-0.00000e+00,6.00000e-02,
-9.3453482e-02,-0.00000e+00,6.40000e-02,
-9.3160510e-02,2.00001e-01,6.40000e-02,
-9.2867538e-02,-0.00000e+00,6.40000e-02,
-9.2574567e-02,-0.00000e+00,6.40000e-02,
-9.2281595e-02,2.00001e-01,6.60000e-02,
-9.1988623e-02,-0.00000e+00,6.60000e-02,
-9.1695651e-02,2.00001e-01,7.20000e-02,
-9.1402680e-02,2.00001e-01,6.80000e-02,
-9.1109708e-02,-0.00000e+00,6.80000e-02,
-9.0816736e-02,-0.00000e+00,7.00000e-02,
-9.0523764e-02,-0.00000e+00,6.80000e-02,
-9.0230793e-02,2.00001e-01,7.00000e-02,
-8.9937821e-02,-0.00000e+00,7.20000e-02,
-8.9644849e-02,-0.00000e+00,7.20000e-02,
-8.9351878e-02,-0.00000e+00,7.00000e-02,
-8.9058906e-02,2.00001e-01,7.20000e-02,
-8.8765934e-02,-0.00000e+00,7.20000e-02,
-8.8472962e-02,-0.00000e+00,7.20000e-02,
-8.8179991e-02,-0.00000e+00,7.20000e-02,
-8.7887019e-02,2.00001e-01,7.20000e-02,
-8.7594047e-02,-0.00000e+00,7.20000e-02,
-8.7301075e-02,-0.00000e+00,7.20000e-02,
-8.7008104e-02,-0.00000e+00,7.40000e-02,
-8.6715132e-02,2.00001e-01,7.20000e-02,
-8.6422160e-02,-0.00000e+00,7.40000e-02,
-8.6129189e-02,-0.00000e+00,7.60000e-02,
-8.5836217e-02,-0.00000e+00,7.40000e-02,
-8.5543245e-02,-0.00000e+00,7.60000e-02,
-8.5250273e-02,-0.00000e+00,7.80000e-02,
-8.4957302e-02,-0.00000e+00,7.60000e-02,
-8.4664330e-02,2.00001e-01,7.60000e-02,
-8.4371358e-02,2.00001e-01,7.80000e-02,
-8.4078386e-02,-0.00000e+00,7.60000e-02,
-8.3785415e-02,2.00001e-01,7.60000e-02,
-8.3492443e-02,-0.00000e+00,8.00000e-02,
-8.3199471e-02,-0.00000e+00,7.80000e-02,
-8.2906500e-02,-0.00000e+00,7.80000e-02,
-8.2613528e-02,-0.00000e+00,7.80000e-02,
-8.2320556e-02,-0.00000e+00,7.80000e-02,
-8.2027584e-02,-0.00000e+00,7.80000e-02,
-8.1734613e-02,-0.00000e+00,7.80000e-02,
-8.1441641e-02,-0.00000e+00,8.00000e-02,
-8.1148669e-02,-0.00000e+00,7.80000e-02,
-8.0855697e-02,-0.00000e+00,7.80000e-02,
-8.0562726e-02,-0.00000e+00,7.80000e-02,
-8.0269754e-02,2.00001e-01,7.80000e-02,
-7.9976782e-02,2.00001e-01,7.80000e-02,
-7.9683810e-02,-0.00000e+00,8.00000e-02,
-7.9390839e-02,-0.00000e+00,7.80000e-02,
-7.9097867e-02,-0.00000e+00,8.00000e-02,
-7.8804895e-02,2.00001e-01,8.00000e-02,
-7.8511924e-02,2.00001e-01,7.80000e-02,
-7.8218952e-02,-0.00000e+00,7.80000e-02,
-7.7925980e-02,2.00001e-01,7.80000e-02,
-7.7633008e-02,-0.00000e+00,8.00000e-02,
-7.7340037e-02,-0.00000e+00,7.80000e-02,
-7.7047065e-02,-0.00000e+00,7.60000e-02,
-7.6754093e-02,2.00001e-01,7.80000e-02,
-7.6461121e-02,-0.00000e+00,7.60000e-02,
-7.6168150e-02,-0.00000e+00,8.00000e-02,
-7.5875178e-02,2.00001e-01,7.60000e-02,
-7.5582206e-02,-0.00000e+00,8.00000e-02,
-7.5289235e-02,-0.00000e+00,7.80000e-02,
-7.4996263e-02,2.00001e-01,7.80000e-02,
-7.4703291e-02,-0.00000e+00,7.80000e-02,
-7.4410319e-02,-0.00000e+00,7.80000e-02,
-7.4117348e-02,-0.00000e+00,7.60000e-02,
-7.3824376e-02,2.00001e-01,7.60000e-02,
-7.3531404e-02,-0.00000e+00,7.80000e-02,
-7.3238432e-02,2.00001e-01,7.80000e-02,
-7.2945461e-02,-0.00000e+00,7.60000e-02,
-7.2652489e-02,-0.00000e+00,7.60000e-02,
-7.2359517e-02,-0.00000e+00,7.80000e-02,
-7.2066545e-02,-0.00000e+00,7.80000e-02,
-7.1773574e-02,-0.00000e+00,7.60000e-02,
-7.1480602e-02,-0.00000e+00,7.60000e-02,
-7.1187630e-02,-0.00000e+00,7.60000e-02,
-7.0894659e-02,-0.00000e+00,7.40000e-02,
-7.0601687e-02,-0.00000e+00,7.60000e-02,
-7.0308715e-02,-0.00000e+00,7.60000e-02,
-7.0015743e-02,2.00001e-01,7.40000e-02,
-6.9722772e-02,-0.00000e+00,7.60000e-02,
-6.9429800e-02,2.00001e-01,7.60000e-02,
-6.9136828e-02,2.00001e-01,7.40000e-02,
-6.8843856e-02,2.00001e-01,7.40000e-02,
-6.8550885e-02,-0.00000e+00,7.20000e-02,
-6.8257913e-02,2.00001e-01,7.20000e-02,
-6.7964941e-02,-0.00000e+00,7.20000e-02,
-6.7671970e-02,-0.00000e+00,7.40000e-02,
-6.7378998e-02,-0.00000e+00,7.20000e-02,
-6.7086026e-02,-0.00000e+00,7.20000e-02,
-6.6793054e-02,-0.00000e+00,7.20000e-02,
-6.6500083e-02,-0.00000e+00,7.20000e-02,
-6.6207111e-02,2.00001e-01,7.20000e-02,
-6.5914139e-02,-0.00000e+00,7.00000e-02,
-6.5621167e-02,-0.00000e+00,7.20000e-02,
-6.5328196e-02,-0.00000e+00,7.20000e-02,
-6.5035224e-02,-0.00000e+00,7.00000e-02,
-6.4742252e-02,-0.00000e+00,7.00000e-02,
-6.4449281e-02,-0.00000e+00,7.20000e-02,
-6.4156309e-02,-0.00000e+00,7.00000e-02,
-6.3863337e-02,-0.00000e+00,7.00000e-02,
-6.3570365e-02,-0.00000e+00,7.00000e-02,
-6.3277394e-02,-0.00000e+00,7.20000e-02,
-6.2984422e-02,-0.00000e+00,7.00000e-02,
-6.2691450e-02,-0.00000e+00,7.20000e-02,
-6.2398482e-02,-0.00000e+00,6.80000e-02,
-6.2105514e-02,2.00001e-01,6.80000e-02,
-6.1812546e-02,-0.00000e+00,6.80000e-02,
-6.1519578e-02,2.00001e-01,6.80000e-02,
-6.1226610e-02,-0.00000e+00,6.80000e-02,
-6.0933642e-02,-0.00000e+00,6.60000e-02,
-6.0640674e-02,-0.00000e+00,6.80000e-02,
-6.0347706e-02,-0.00000e+00,6.60000e-02,
-6.0054738e-02,-0.00000e+00,6.40000e-02,
-5.9761770e-02,-0.00000e+00,6.80000e-02,
-5.9468802e-02,-0.00000e+00,6.80000e-02,
-5.9175834e-02,-0.00000e+00,7.00000e-02,
-5.8882866e-02,-0.00000e+00,7.20000e-02,
-5.8589898e-02,-0.00000e+00,7.20000e-02,
-5.8296930e-02,-0.00000e+00,7.20000e-02,
-5.8003962e-02,2.00001e-01,7.40000e-02,
-5.7710994e-02,-0.00000e+00,7.20000e-02,
-5.7418026e-02,-0.00000e+00,7.40000e-02,
-5.7125058e-02,-0.00000e+00,7.20000e-02,
-5.6832090e-02,-0.00000e+00,7.60000e-02,
-5.6539122e-02,2.00001e-01,7.60000e-02,
-5.6246154e-02,-0.00000e+00,7.40000e-02,
-5.5953186e-02,-0.00000e+00,7.60000e-02,
-5.5660218e-02,-0.00000e+00,7.80000e-02,
-5.5367250e-02,-0.00000e+00,7.80000e-02,
-5.5074282e-02,-0.00000e+00,7.60000e-02,
-5.4781314e-02,-0.00000e+00,7.80000e-02,
-5.4488346e-02,-0.00000e+00,8.00000e-02,
-5.4195378e-02,2.00001e-01,8.00000e-02,
-5.3902410e-02,-0.00000e+00,8.00000e-02,
-5.3609442e-02,2.00001e-01,8.00000e-02,
-5.3316474e-02,-0.00000e+00,8.00000e-02,
-5.3023506e-02,-0.00000e+00,8.00000e-02,
-5.2730538e-02,2.00001e-01,8.00000e-02,
-5.2437570e-02,-0.00000e+00,8.20000e-02,
-5.2144602e-02,-0.00000e+00,8.00000e-02,
-5.1851634e-02,-0.00000e+00,8.40000e-02,
-5.1558666e-02,-0.00000e+00,8.00000e-02,
-5.1265698e-02,-0.00000e+00,8.00000e-02,
-5.0972730e-02,-0.00000e+00,8.40000e-02,
-5.0679762e-02,2.00001e-01,8.60000e-02,
-5.0386794e-02,-0.00000e+00,8.20000e-02,
-5.0093826e-02,-0.00000e+00,8.20000e-02,
-4.9800858e-02,2.00001e-01,8.00000e-02,
-4.9507890e-02,-0.00000e+00,8.40000e-02,
-4.9214922e-02,2.00001e-01,8.40000e-02,
-4.8921954e-02,-0.00000e+00,8.60000e-02,
-4.8628986e-02,2.00001e-01,8.40000e-02,
-4.8336018e-02,-0.00000e+00,8.60000e-02,
-4.8043050e-02,-0.00000e+00,8.60000e-02,
-4.7750082e-02,2.00001e-01,8.20000e-02,
-4.7457114e-02,-0.00000e+00,8.80000e-02,
-4.7164146e-02,-0.00000e+00,8.40000e-02,
-4.6871178e-02,-0.00000e+00,8.00000e-02,
-4.6578210e-02,-0.00000e+00,8.40000e-02,
-4.6285242e-02,-0.00000e+00,8.40000e-02,
-4.5992274e-02,2.00001e-01,8.40000e-02,
-4.5699306e-02,2.00001e-01,8.40000e-02,
-4.5406338e-02,-0.00000e+00,8.60000e-02,
-4.5113370e-02,2.00001e-01,8.60000e-02,
-4.4820402e-02,2.00001e-01,8.40000e-02,
-4.4527434e-02,-0.00000e+00,8.00000e-02,
-4.4234466e-02,2.00001e-01,8.20000e-02,
-4.3941498e-02,-0.00000e+00,8.60000e-02,
-4.3648530e-02,-0.00000e+00,8.40000e-02,
-4.3355562e-02,-0.00000e+00,8.00000e-02,
-4.3062594e-02,-0.00000e+00,8.40000e-02,
-4.2769626e-02,2.00001e-01,8.20000e-02,
-4.2476658e-02,-0.00000e+00,8.20000e-02,
-4.2183690e-02,-0.00000e+00,8.40000e-02,
-4.1890722e-02,-0.00000e+00,8.40000e-02,
-4.1597754e-02,-0.00000e+00,8.00000e-02,
-4.1304786e-02,-0.00000e+00,8.40000e-02,
-4.1011818e-02,-0.00000e+00,8.00000e-02,
-4.0718850e-02,-0.00000e+00,8.00000e-02,
-4.0425882e-02,-0.00000e+00,8.00000e-02,
-4.0132914e-02,-0.00000e+00,8.40000e-02,
-3.9839946e-02,2.00001e-01,8.00000e-02,
-3.9546978e-02,-0.00000e+00,8.00000e-02,
-3.9254010e-02,2.00001e-01,8.20000e-02,
-3.8961042e-02,2.00001e-01,8.00000e-02,
-3.8668074e-02,2.00001e-01,8.00000e-02,
-3.8375106e-02,2.00001e-01,8.00000e-02,
-3.8082138e-02,2.00001e-01,8.00000e-02,
-3.7789170e-02,2.00001e-01,8.60000e-02,
-3.7496202e-02,2.00001e-01,8.00000e-02,
-3.7203234e-02,-0.00000e+00,8.00000e-02,
-3.6910266e-02,2.00001e-01,8.00000e-02,
-3.6617298e-02,-0.00000e+00,8.00000e-02,
-3.6324330e-02,-0.00000e+00,8.00000e-02,
-3.6031362e-02,-0.00000e+00,8.00000e-02,
-3.5738394e-02,2.00001e-01,8.00000e-02,
-3.5445426e-02,2.00001e-01,7.80000e-02,
-3.5152458e-02,-0.00000e+00,8.00000e-02,
-3.4859490e-02,-0.00000e+00,7.80000e-02,
-3.4566522e-02,-0.00000e+00,7.80000e-02,
-3.4273554e-02,2.00001e-01,7.60000e-02,
-3.3980586e-02,-0.00000e+00,7.80000e-02,
-3.3687618e-02,-0.00000e+00,7.80000e-02,
-3.3394650e-02,2.00001e-01,7.80000e-02,
-3.3101682e-02,-0.00000e+00,7.80000e-02,
-3.2808714e-02,2.00001e-01,7.20000e-02,
-3.2515746e-02,-0.00000e+00,7.60000e-02,
-3.2222778e-02,-0.00000e+00,7.60000e-02,
-3.1929810e-02,2.00001e-01,7.20000e-02,
-3.1636842e-02,-0.00000e+00,7.40000e-02,
-3.1343874e-02,-0.00000e+00,7.20000e-02,
-3.1050906e-02,-0.00000e+00,7.20000e-02,
-3.0757938e-02,-0.00000e+00,7.40000e-02,
-3.0464970e-02,-0.00000e+00,7.20000e-02,
-3.0172002e-02,-0.00000e+00,7.20000e-02,
-2.9879034e-02,-0.00000e+00,7.20000e-02,
-2.9586066e-02,2.00001e-01,7.20000e-02,
-2.9293098e-02,-0.00000e+00,7.20000e-02,
-2.9000130e-02,-0.00000e+00,7.20000e-02,
-2.8707162e-02,-0.00000e+00,7.20000e-02,
-2.8414194e-02,-0.00000e+00,7.40000e-02,
-2.8121226e-02,-0.00000e+00,7.20000e-02,
-2.7828258e-02,-0.00000e+00,7.60000e-02,
-2.7535290e-02,2.00001e-01,7.80000e-02,
-2.7242322e-02,-0.00000e+00,8.00000e-02,
-2.6949354e-02,-0.00000e+00,7.80000e-02,
-2.6656386e-02,2.00001e-01,8.00000e-02,
-2.6363418e-02,-0.00000e+00,8.00000e-02,
-2.6070450e-02,-0.00000e+00,8.00000e-02,
-2.5777481e-02,2.00001e-01,8.00000e-02,
-2.5484513e-02,-0.00000e+00,8.00000e-02,
-2.5191545e-02,-0.00000e+00,8.00000e-02,
-2.4898577e-02,2.00001e-01,8.00000e-02,
-2.4605609e-02,2.00001e-01,8.40000e-02,
-2.4312641e-02,-0.00000e+00,8.20000e-02,
-2.4019673e-02,-0.00000e+00,8.20000e-02,
-2.3726705e-02,-0.00000e+00,8.40000e-02,
-2.3433737e-02,2.00001e-01,8.40000e-02,
-2.3140769e-02,2.00001e-01,8.40000e-02,
-2.2847801e-02,2.00001e-01,8.40000e-02,
-2.2554833e-02,-0.00000e+00,8.60000e-02,
-2.2261865e-02,-0.00000e+00,8.60000e-02,
-2.1968897e-02,2.00001e-01,8.60000e-02,
-2.1675929e-02,2.00001e-01,8.60000e-02,
-2.1382961e-02,-0.00000e+00,8.80000e-02,
-2.1089993e-02,-0.00000e+00,8.80000e-02,
-2.0797025e-02,-0.00000e+00,8.80000e-02,
-2.0504057e-02,-0.00000e+00,8.80000e-02,
-2.0211089e-02,2.00001e-01,8.80000e-02,
-1.9918121e-02,-0.00000e+00,8.80000e-02,
-1.9625153e-02,-0.00000e+00,8.80000e-02,
-1.9332185e-02,-0.00000e+00,8.80000e-02,
-1.9039217e-02,-0.00000e+00,8.80000e-02,
-1.8746249e-02,-0.00000e+00,8.80000e-02,
-1.8453281e-02,2.00001e-01,8.80000e-02,
-1.8160313e-02,-0.00000e+00,8.80000e-02,
-1.7867345e-02,2.00001e-01,8.80000e-02,
-1.7574377e-02,2.00001e-01,8.80000e-02,
-1.7281409e-02,-0.00000e+00,8.80000e-02,
-1.6988441e-02,2.00001e-01,8.80000e-02,
-1.6695473e-02,2.00001e-01,8.80000e-02,
-1.6402505e-02,-0.00000e+00,8.80000e-02,
-1.6109537e-02,2.00001e-01,8.80000e-02,
-1.5816569e-02,-0.00000e+00,8.80000e-02,
-1.5523600e-02,-0.00000e+00,8.80000e-02,
-1.5230631e-02,-0.00000e+00,8.60000e-02,
-1.4937663e-02,-0.00000e+00,8.80000e-02,
-1.4644694e-02,2.00001e-01,8.80000e-02,
-1.4351725e-02,-0.00000e+00,8.80000e-02,
-1.4058756e-02,2.00001e-01,8.80000e-02,
-1.3765787e-02,2.00001e-01,8.80000e-02,
-1.3472818e-02,-0.00000e+00,8.00000e-02,
-1.3179849e-02,2.00001e-01,8.80000e-02,
-1.2886880e-02,-0.00000e+00,8.80000e-02,
-1.2593911e-02,-0.00000e+00,8.80000e-02,
-1.2300942e-02,-0.00000e+00,8.80000e-02,
-1.2007973e-02,-0.00000e+00,8.60000e-02,
-1.1715004e-02,2.00001e-01,8.80000e-02,
-1.1422035e-02,2.00001e-01,8.80000e-02,
-1.1129066e-02,2.00001e-01,8.80000e-02,
-1.0836097e-02,-0.00000e+00,8.80000e-02,
-1.0543128e-02,-0.00000e+00,8.60000e-02,
-1.0250160e-02,-0.00000e+00,8.80000e-02,
-9.9571906e-03,-0.00000e+00,8.60000e-02,
-9.6642217e-03,2.00001e-01,8.60000e-02,
-9.3712527e-03,-0.00000e+00,8.60000e-02,
-9.0782838e-03,-0.00000e+00,8.60000e-02,
-8.7853149e-03,-0.00000e+00,8.60000e-02,
-8.4923459e-03,-0.00000e+00,8.60000e-02,
-8.1993770e-03,-0.00000e+00,8.60000e-02,
-7.9064080e-03,-0.00000e+00,8.60000e-02,
-7.6134391e-03,2.00001e-01,8.40000e-02,
-7.3204702e-03,-0.00000e+00,8.40000e-02,
-7.0275012e-03,-0.00000e+00,8.60000e-02,
-6.7345323e-03,2.00001e-01,8.40000e-02,
-6.4415634e-03,-0.00000e+00,8.40000e-02,
-6.1485944e-03,-0.00000e+00,8.60000e-02,
-5.8556255e-03,-0.00000e+00,8.40000e-02,
-5.5626566e-03,2.00001e-01,8.40000e-02,
-5.2696876e-03,-0.00000e+00,8.20000e-02,
-4.9767187e-03,-0.00000e+00,8.40000e-02,
-4.6837498e-03,-0.00000e+00,8.40000e-02,
-4.3907808e-03,2.00001e-01,8.20000e-02,
-4.0978119e-03,-0.00000e+00,8.00000e-02,
-3.8048432e-03,-0.00000e+00,8.20000e-02,
-3.5118745e-03,-0.00000e+00,8.00000e-02,
-3.2189058e-03,-0.00000e+00,8.00000e-02,
-2.9259371e-03,2.00001e-01,8.00000e-02,
-2.6329684e-03,-0.00000e+00,8.00000e-02,
-2.3399997e-03,2.00001e-01,8.00000e-02,
-2.0470310e-03,-0.00000e+00,8.00000e-02,
-1.7540623e-03,2.00001e-01,8.00000e-02,
-1.4610935e-03,-0.00000e+00,8.00000e-02,
-1.1681248e-03,-0.00000e+00,8.00000e-02,
-8.7515608e-04,-0.00000e+00,8.00000e-02,
-5.8218732e-04,-0.00000e+00,7.80000e-02,
-2.8921856e-04,-0.00000e+00,8.00000e-02,
3.7502032e-06,2.00001e-01,8.00000e-02,
2.9671896e-04,-0.00000e+00,8.00000e-02,
5.8968773e-04,2.00001e-01,8.00000e-02,
8.8265649e-04,-0.00000e+00,8.40000e-02,
1.1756252e-03,-0.00000e+00,8.00000e-02,
1.4685940e-03,2.00001e-01,8.80000e-02,
1.7615627e-03,-0.00000e+00,8.40000e-02,
2.0545314e-03,2.00001e-01,8.40000e-02,
2.3475001e-03,2.00001e-01,8.40000e-02,
2.6404688e-03,-0.00000e+00,8.80000e-02,
2.9334375e-03,-0.00000e+00,8.60000e-02,
3.2264062e-03,-0.00000e+00,8.60000e-02,
3.5193749e-03,-0.00000e+00,8.80000e-02,
3.8123436e-03,2.00001e-01,8.80000e-02,
4.1053123e-03,-0.00000e+00,8.80000e-02,
4.3982812e-03,2.00001e-01,8.80000e-02,
4.6912502e-03,-0.00000e+00,8.80000e-02,
4.9842191e-03,-0.00000e+00,8.80000e-02,
5.2771880e-03,2.00001e-01,8.80000e-02,
5.5701570e-03,-0.00000e+00,9.00000e-02,
5.8631259e-03,-0.00000e+00,8.80000e-02,
6.1560948e-03,-0.00000e+00,9.20000e-02,
6.4490638e-03,-0.00000e+00,9.00000e-02,
6.7420327e-03,2.00001e-01,9.00000e-02,
7.0350016e-03,-0.00000e+00,8.80000e-02,
7.3279706e-03,2.00001e-01,9.20000e-02,
7.6209395e-03,-0.00000e+00,9.20000e-02,
7.9139080e-03,-0.00000e+00,9.40000e-02,
8.2068769e-03,-0.00000e+00,9.20000e-02,
8.4998459e-03,-0.00000e+00,9.40000e-02,
8.7928148e-03,-0.00000e+00,9.40000e-02,
9.0857837e-03,-0.00000e+00,9.40000e-02,
9.3787527e-03,-0.00000e+00,9.20000e-02,
9.6717216e-03,-0.00000e+00,9.20000e-02,
9.9646905e-03,-0.00000e+00,9.40000e-02,
1.0257659e-02,-0.00000e+00,9.20000e-02,
1.0550628e-02,2.00001e-01,9.40000e-02,
1.0843597e-02,-0.00000e+00,9.20000e-02,
1.1136566e-02,2.00001e-01,9.20000e-02,
1.1429535e-02,-0.00000e+00,9.20000e-02,
1.1722504e-02,-0.00000e+00,9.20000e-02,
1.2015473e-02,2.00001e-01,9.60000e-02,
1.2308442e-02,2.00001e-01,9.20000e-02,
1.2601411e-02,2.00001e-01,9.60000e-02,
1.2894380e-02,2.00001e-01,9.40000e-02,
1.3187349e-02,-0.00000e+00,9.40000e-02,
1.3480318e-02,-0.00000e+00,9.40000e-02,
1.3773287e-02,2.00001e-01,9.20000e-02,
1.4066256e-02,-0.00000e+00,9.40000e-02,
1.4359225e-02,-0.00000e+00,9.20000e-02,
1.4652194e-02,-0.00000e+00,9.20000e-02,
1.4945162e-02,-0.00000e+00,9.20000e-02,
1.5238131e-02,2.00001e-01,9.40000e-02,
1.5531100e-02,-0.00000e+00,9.20000e-02,
1.5824068e-02,-0.00000e+00,9.40000e-02,
1.6117036e-02,-0.00000e+00,9.20000e-02,
1.6410004e-02,2.00001e-01,9.20000e-02,
1.6702972e-02,-0.00000e+00,9.20000e-02,
1.6995940e-02,-0.00000e+00,9.20000e-02,
1.7288908e-02,-0.00000e+00,9.20000e-02,
1.7581876e-02,2.00001e-01,9.40000e-02,
1.7874844e-02,-0.00000e+00,9.20000e-02,
1.8167812e-02,-0.00000e+00,9.00000e-02,
1.8460780e-02,2.00001e-01,9.20000e-02,
1.8753748e-02,2.00001e-01,9.60000e-02,
1.9046716e-02,-0.00000e+00,9.20000e-02,
1.9339684e-02,2.00001e-01,8.80000e-02,
1.9632652e-02,2.00001e-01,8.80000e-02,
1.9925620e-02,-0.00000e+00,9.20000e-02,
2.0218588e-02,-0.00000e+00,8.80000e-02,
2.0511556e-02,-0.00000e+00,9.00000e-02,
2.0804524e-02,-0.00000e+00,9.20000e-02,
2.1097492e-02,2.00001e-01,9.00000e-02,
2.1390460e-02,-0.00000e+00,8.80000e-02,
2.1683428e-02,-0.00000e+00,8.80000e-02,
2.1976396e-02,-0.00000e+00,8.80000e-02,
2.2269364e-02,-0.00000e+00,8.80000e-02,
2.2562332e-02,-0.00000e+00,8.80000e-02,
2.2855300e-02,-0.00000e+00,8.80000e-02,
2.3148268e-02,-0.00000e+00,8.80000e-02,
2.3441236e-02,2.00001e-01,8.60000e-02,
2.3734204e-02,-0.00000e+00,8.80000e-02,
2.4027172e-02,-0.00000e+00,8.60000e-02,
2.4320140e-02,-0.00000e+00,8.60000e-02,
2.4613108e-02,-0.00000e+00,8.40000e-02,
2.4906076e-02,2.00001e-01,8.40000e-02,
2.5199044e-02,2.00001e-01,8.80000e-02,
2.5492013e-02,-0.00000e+00,8.40000e-02,
2.5784981e-02,-0.00000e+00,8.60000e-02,
2.6077949e-02,-0.00000e+00,8.40000e-02,
2.6370917e-02,2.00001e-01,8.60000e-02,
2.6663885e-02,-0.00000e+00,8.20000e-02,
2.6956853e-02,-0.00000e+00,8.40000e-02,
2.7249821e-02,2.00001e-01,8.60000e-02,
2.7542789e-02,-0.00000e+00,8.60000e-02,
2.7835757e-02,-0.00000e+00,8.60000e-02,
2.8128725e-02,2.00001e-01,8.80000e-02,
2.8421693e-02,2.00001e-01,8.80000e-02,
2.8714661e-02,2.00001e-01,8.80000e-02,
2.9007629e-02,-0.00000e+00,8.80000e-02,
2.9300597e-02,-0.00000e+00,8.80000e-02,
2.9593565e-02,-0.00000e+00,9.00000e-02,
2.9886533e-02,-0.00000e+00,8.80000e-02,
3.0179501e-02,2.00001e-01,9.20000e-02,
3.0472469e-02,-0.00000e+00,9.20000e-02,
3.0765437e-02,-0.00000e+00,9.20000e-02,
3.1058405e-02,-0.00000e+00,9.20000e-02,
3.1351373e-02,2.00001e-01,9.40000e-02,
3.1644341e-02,2.00001e-01,9.40000e-02,
3.1937309e-02,-0.00000e+00,9.60000e-02,
3.2230277e-02,-0.00000e+00,9.60000e-02,
3.2523245e-02,-0.00000e+00,9.60000e-02,
3.2816213e-02,-0.00000e+00,9.60000e-02,
3.3109181e-02,-0.00000e+00,9.60000e-02,
3.3402149e-02,-0.00000e+00,9.60000e-02,
3.3695117e-02,-0.00000e+00,9.60000e-02,
3.3988085e-02,2.00001e-01,9.60000e-02,
3.4281053e-02,-0.00000e+00,9.60000e-02,
3.4574021e-02,2.00001e-01,9.60000e-02,
3.4866989e-02,2.00001e-01,9.60000e-02,
3.5159957e-02,-0.00000e+00,9.60000e-02,
3.5452925e-02,2.00001e-01,9.60000e-02,
3.5745893e-02,2.00001e-01,1.00000e-01,
3.6038861e-02,-0.00000e+00,9.60000e-02,
3.6331829e-02,2.00001e-01,9.60000e-02,
3.6624797e-02,-0.00000e+00,9.60000e-02,
3.6917765e-02,2.00001e-01,9.80000e-02,
3.7210733e-02,2.00001e-01,1.00000e-01,
3.7503701e-02,-0.00000e+00,9.60000e-02,
3.7796669e-02,2.00001e-01,9.80000e-02,
3.8089637e-02,2.00001e-01,9.60000e-02,
3.8382605e-02,2.00001e-01,9.60000e-02,
3.8675573e-02,-0.00000e+00,9.60000e-02,
3.8968541e-02,2.00001e-01,9.80000e-02,
3.9261509e-02,2.00001e-01,9.60000e-02,
3.9554477e-02,2.00001e-01,9.80000e-02,
3.9847445e-02,2.00001e-01,9.80000e-02,
4.0140413e-02,-0.00000e+00,9.80000e-02,
4.0433381e-02,-0.00000e+00,9.80000e-02,
4.0726349e-02,-0.00000e+00,9.60000e-02,
4.1019317e-02,-0.00000e+00,9.80000e-02,
4.1312285e-02,-0.00000e+00,9.60000e-02,
4.1605253e-02,2.00001e-01,9.80000e-02,
4.1898221e-02,2.00001e-01,9.60000e-02,
4.2191189e-02,-0.00000e+00,9.60000e-02,
4.2484157e-02,-0.00000e+00,9.60000e-02,
4.2777125e-02,-0.00000e+00,9.60000e-02,
4.3070093e-02,-0.00000e+00,9.60000e-02,
4.3363061e-02,-0.00000e+00,9.60000e-02,
4.3656029e-02,2.00001e-01,9.60000e-02,
4.3948997e-02,-0.00000e+00,9.60000e-02,
4.4241965e-02,-0.00000e+00,9.60000e-02,
4.4534933e-02,2.00001e-01,9.60000e-02,
4.4827901e-02,-0.00000e+00,9.40000e-02,
4.5120869e-02,2.00001e-01,9.60000e-02,
4.5413837e-02,2.00001e-01,9.80000e-02,
4.5706805e-02,-0.00000e+00,9.60000e-02,
4.5999773e-02,-0.00000e+00,9.60000e-02,
4.6292741e-02,-0.00000e+00,9.60000e-02,
4.6585709e-02,-0.00000e+00,9.40000e-02,
4.6878677e-02,-0.00000e+00,9.20000e-02,
4.7171645e-02,-0.00000e+00,9.40000e-02,
4.7464613e-02,-0.00000e+00,9.40000e-02,
4.7757581e-02,-0.00000e+00,9.40000e-02,
4.8050549e-02,-0.00000e+00,9.40000e-02,
4.8343517e-02,-0.00000e+00,9.20000e-02,
4.8636485e-02,2.00001e-01,8.80000e-02,
4.8929453e-02,-0.00000e+00,9.40000e-02,
4.9222421e-02,-0.00000e+00,8.80000e-02,
4.9515389e-02,-0.00000e+00,9.20000e-02,
4.9808357e-02,-0.00000e+00,9.20000e-02,
5.0101325e-02,2.00001e-01,9.00000e-02,
5.0394293e-02,-0.00000e+00,9.20000e-02,
5.0687261e-02,-0.00000e+00,8.80000e-02,
5.0980229e-02,-0.00000e+00,9.40000e-02,
5.1273197e-02,2.00001e-01,9.00000e-02,
5.1566165e-02,2.00001e-01,8.80000e-02,
5.1859133e-02,-0.00000e+00,8.80000e-02,
5.2152101e-02,-0.00000e+00,8.80000e-02,
5.2445069e-02,2.00001e-01,8.60000e-02,
5.2738037e-02,-0.00000e+00,8.80000e-02,
5.3031005e-02,2.00001e-01,8.80000e-02,
5.3323973e-02,2.00001e-01,8.80000e-02,
5.3616941e-02,-0.00000e+00,9.00000e-02,
5.3909909e-02,-0.00000e+00,9.20000e-02,
5.4202877e-02,2.00001e-01,9.20000e-02,
5.4495845e-02,-0.00000e+00,9.20000e-02,
5.4788813e-02,-0.00000e+00,9.20000e-02,
5.5081781e-02,2.00001e-01,9.60000e-02,
5.5374749e-02,-0.00000e+00,9.60000e-02,
5.5667717e-02,-0.00000e+00,9.40000e-02,
5.5960685e-02,2.00001e-01,9.60000e-02,
5.6253653e-02,2.00001e-01,9.60000e-02,
5.6546621e-02,-0.00000e+00,9.60000e-02,
5.6839589e-02,2.00001e-01,9.60000e-02,
5.7132557e-02,-0.00000e+00,9.60000e-02,
5.7425525e-02,-0.00000e+00,9.60000e-02,
5.7718493e-02,2.00001e-01,9.60000e-02,
5.8011461e-02,-0.00000e+00,9.80000e-02,
5.8304429e-02,-0.00000e+00,1.00000e-01,
5.8597397e-02,-0.00000e+00,1.00000e-01,
5.8890365e-02,2.00001e-01,9.60000e-02,
5.9183333e-02,-0.00000e+00,1.00000e-01,
5.9476301e-02,-0.00000e+00,1.00000e-01,
5.9769269e-02,-0.00000e+00,1.00000e-01,
6.0062237e-02,-0.00000e+00,1.00000e-01,
6.0355205e-02,-0.00000e+00,1.00000e-01,
6.0648173e-02,-0.00000e+00,1.00000e-01,
6.0941141e-02,2.00001e-01,1.00000e-01,
6.1234109e-02,2.00001e-01,9.60000e-02,
6.1527077e-02,2.00001e-01,1.02000e-01,
6.1820045e-02,-0.00000e+00,1.02000e-01,
6.2113013e-02,-0.00000e+00,1.04000e-01,
6.2405981e-02,-0.00000e+00,1.04000e-01,
6.2698953e-02,2.00001e-01,1.02000e-01,
6.2991925e-02,2.00001e-01,1.02000e-01,
6.3284896e-02,2.00001e-01,1.02000e-01,
6.3577868e-02,2.00001e-01,1.00000e-01,
6.3870840e-02,-0.00000e+00,1.02000e-01,
6.4163812e-02,-0.00000e+00,1.02000e-01,
6.4456783e-02,-0.00000e+00,1.02000e-01,
6.4749755e-02,-0.00000e+00,1.04000e-01,
6.5042727e-02,-0.00000e+00,1.04000e-01,
6.5335698e-02,-0.00000e+00,1.00000e-01,
6.5628670e-02,2.00001e-01,1.04000e-01,
6.5921642e-02,-0.00000e+00,1.02000e-01,
6.6214614e-02,-0.00000e+00,1.02000e-01,
6.6507585e-02,-0.00000e+00,1.00000e-01,
6.6800557e-02,-0.00000e+00,1.00000e-01,
6.7093529e-02,-0.00000e+00,1.00000e-01,
6.7386501e-02,-0.00000e+00,1.02000e-01,
6.7679472e-02,-0.00000e+00,1.00000e-01,
6.7972444e-02,-0.00000e+00,1.00000e-01,
6.8265416e-02,-0.00000e+00,1.00000e-01,
6.8558387e-02,-0.00000e+00,1.02000e-01,
6.8851359e-02,-0.00000e+00,1.00000e-01,
6.9144331e-02,-0.00000e+00,1.00000e-01,
6.9437303e-02,-0.00000e+00,1.00000e-01,
6.9730274e-02,-0.00000e+00,9.80000e-02,
7.0023246e-02,-0.00000e+00,1.00000e-01,
7.0316218e-02,-0.00000e+00,9.80000e-02,
7.0609190e-02,-0.00000e+00,1.00000e-01,
7.0902161e-02,2.00001e-01,1.04000e-01,
7.1195133e-02,2.00001e-01,9.80000e-02,
7.1488105e-02,-0.00000e+00,9.60000e-02,
7.1781076e-02,2.00001e-01,9.80000e-02,
7.2074048e-02,-0.00000e+00,9.60000e-02,
7.2367020e-02,-0.00000e+00,9.60000e-02,
7.2659992e-02,-0.00000e+00,9.60000e-02,
7.2952963e-02,-0.00000e+00,9.60000e-02,
7.3245935e-02,-0.00000e+00,9.60000e-02,
7.3538907e-02,-0.00000e+00,9.60000e-02,
7.3831879e-02,-0.00000e+00,9.60000e-02,
7.4124850e-02,-0.00000e+00,9.60000e-02,
7.4417822e-02,2.00001e-01,9.60000e-02,
7.4710794e-02,2.00001e-01,9.60000e-02,
7.5003766e-02,-0.00000e+00,9.60000e-02,
7.5296737e-02,2.00001e-01,9.40000e-02,
7.5589709e-02,-0.00000e+00,9.60000e-02,
7.5882681e-02,-0.00000e+00,9.20000e-02,
7.6175652e-02,2.00001e-01,9.40000e-02,
7.6468624e-02,-0.00000e+00,9.60000e-02,
7.6761596e-02,-0.00000e+00,9.20000e-02,
7.7054568e-02,-0.00000e+00,9.20000e-02,
7.7347539e-02,-0.00000e+00,9.40000e-02,
7.7640511e-02,-0.00000e+00,9.40000e-02,
7.7933483e-02,2.00001e-01,9.60000e-02,
7.8226455e-02,-0.00000e+00,1.00000e-01,
7.8519426e-02,-0.00000e+00,9.60000e-02,
7.8812398e-02,-0.00000e+00,9.60000e-02,
7.9105370e-02,2.00001e-01,9.60000e-02,
7.9398341e-02,-0.00000e+00,9.60000e-02,
7.9691313e-02,-0.00000e+00,9.60000e-02,
7.9984285e-02,-0.00000e+00,9.80000e-02,
8.0277257e-02,2.00001e-01,9.80000e-02,
8.0570228e-02,-0.00000e+00,9.60000e-02,
8.0863200e-02,2.00001e-01,1.02000e-01,
8.1156172e-02,-0.00000e+00,1.00000e-01,
8.1449144e-02,2.00001e-01,1.02000e-01,
8.1742115e-02,2.00001e-01,1.02000e-01,
8.2035087e-02,-0.00000e+00,1.02000e-01,
8.2328059e-02,-0.00000e+00,1.00000e-01,
8.2621031e-02,-0.00000e+00,1.04000e-01,
8.2914002e-02,2.00001e-01,1.04000e-01,
8.3206974e-02,2.00001e-01,1.04000e-01,
8.3499946e-02,2.00001e-01,1.04000e-01,
8.3792917e-02,-0.00000e+00,1.04000e-01,
8.4085889e-02,-0.00000e+00,1.04000e-01,
8.4378861e-02,2.00001e-01,1.04000e-01,
8.4671833e-02,-0.00000e+00,1.04000e-01,
8.4964804e-02,2.00001e-01,1.04000e-01,
8.5257776e-02,2.00001e-01,1.06000e-01,
8.5550748e-02,2.00001e-01,1.06000e-01,
8.5843720e-02,-0.00000e+00,1.08000e-01,
8.6136691e-02,-0.00000e+00,1.04000e-01,
8.6429663e-02,2.00001e-01,1.08000e-01,
8.6722635e-02,2.00001e-01,1.08000e-01,
8.7015606e-02,-0.00000e+00,1.04000e-01,
8.7308578e-02,-0.00000e+00,1.04000e-01,
8.7601550e-02,2.00001e-01,1.06000e-01,
8.7894522e-02,-0.00000e+00,1.06000e-01,
8.8187493e-02,-0.00000e+00,1.06000e-01,
8.8480465e-02,-0.00000e+00,1.10000e-01,
8.8773437e-02,2.00001e-01,1.06000e-01,
8.9066409e-02,2.00001e-01,1.06000e-01,
8.9359380e-02,-0.00000e+00,1.04000e-01,
8.9652352e-02,2.00001e-01,1.08000e-01,
8.9945324e-02,-0.00000e+00,1.04000e-01,
9.0238295e-02,-0.00000e+00,1.04000e-01,
9.0531267e-02,-0.00000e+00,1.04000e-01,
9.0824239e-02,2.00001e-01,1.04000e-01,
9.1117211e-02,-0.00000e+00,1.06000e-01,
9.1410182e-02,2.00001e-01,1.06000e-01,
9.1703154e-02,2.00001e-01,1.04000e-01,
9.1996126e-02,2.00001e-01,1.04000e-01,
9.2289098e-02,2.00001e-01,1.04000e-01,
9.2582069e-02,-0.00000e+00,1.02000e-01,
9.2875041e-02,-0.00000e+00,1.04000e-01,
9.3168013e-02,-0.00000e+00,1.04000e-01,
9.3460985e-02,-0.00000e+00,1.04000e-01,
9.3753956e-02,-0.00000e+00,1.04000e-01,
9.4046928e-02,2.00001e-01,1.04000e-01,
9.4339900e-02,-0.00000e+00,1.02000e-01,
9.4632871e-02,2.00001e-01,9.80000e-02,
9.4925843e-02,2.00001e-01,1.12000e-01,
9.5218815e-02,-0.00000e+00,1.02000e-01,
9.5511787e-02,2.00001e-01,1.02000e-01,
9.5804758e-02,-0.00000e+00,1.02000e-01,
9.6097730e-02,-0.00000e+00,1.02000e-01,
9.6390702e-02,-0.00000e+00,1.00000e-01,
9.6683674e-02,2.00001e-01,1.02000e-01,
9.6976645e-02,-0.00000e+00,1.00000e-01,
9.7269617e-02,-0.00000e+00,1.02000e-01,
9.7562589e-02,-0.00000e+00,1.00000e-01,
9.7855560e-02,2.00001e-01,1.00000e-01,
9.8148532e-02,-0.00000e+00,1.02000e-01,
9.8441504e-02,2.00001e-01,1.00000e-01,
9.8734476e-02,-0.00000e+00,1.00000e-01,
9.9027447e-02,2.00001e-01,1.00000e-01,
9.9320419e-02,-0.00000e+00,9.80000e-02,
9.9613391e-02,2.00001e-01,9.80000e-02,
9.9906363e-02,2.00001e-01,9.60000e-02,
1.0019933e-01,-0.00000e+00,9.80000e-02,
1.0049231e-01,-0.00000e+00,9.60000e-02,
1.0078528e-01,2.00001e-01,9.80000e-02,
1.0107825e-01,2.00001e-01,9.80000e-02,
1.0137122e-01,-0.00000e+00,9.80000e-02,
1.0166419e-01,-0.00000e+00,1.00000e-01,
1.0195716e-01,-0.00000e+00,1.02000e-01,
1.0225014e-01,2.00001e-01,9.60000e-02,
1.0254311e-01,-0.00000e+00,1.00000e-01,
1.0283608e-01,-0.00000e+00,1.02000e-01,
1.0312905e-01,2.00001e-01,1.04000e-01,
1.0342202e-01,-0.00000e+00,1.04000e-01,
1.0371500e-01,-0.00000e+00,1.06000e-01,
1.0400797e-01,2.00001e-01,1.04000e-01,
1.0430094e-01,2.00001e-01,1.08000e-01,
1.0459391e-01,-0.00000e+00,1.04000e-01,
1.0488688e-01,2.00001e-01,1.04000e-01,
1.0517985e-01,-0.00000e+00,1.04000e-01,
1.0547283e-01,-0.00000e+00,1.06000e-01,
1.0576580e-01,-0.00000e+00,1.06000e-01,
1.0605877e-01,-0.00000e+00,1.08000e-01,
1.0635174e-01,-0.00000e+00,1.06000e-01,
1.0664471e-01,2.00001e-01,1.10000e-01,
1.0693768e-01,-0.00000e+00,1.12000e-01,
1.0723066e-01,-0.00000e+00,1.10000e-01,
1.0752363e-01,-0.00000e+00,1.08000e-01,
1.0781660e-01,-0.00000e+00,1.10000e-01,
1.0810957e-01,2.00001e-01,1.08000e-01,
1.0840254e-01,-0.00000e+00,1.10000e-01,
1.0869551e-01,-0.00000e+00,1.10000e-01,
1.0898849e-01,-0.00000e+00,1.10000e-01,
1.0928146e-01,-0.00000e+00,1.10000e-01,
1.0957443e-01,-0.00000e+00,1.08000e-01,
1.0986740e-01,2.00001e-01,1.10000e-01,
1.1016037e-01,2.00001e-01,1.08000e-01,
1.1045334e-01,-0.00000e+00,1.10000e-01,
1.1074632e-01,-0.00000e+00,1.10000e-01,
1.1103929e-01,-0.00000e+00,1.08000e-01,
1.1133226e-01,-0.00000e+00,1.10000e-01,
1.1162523e-01,2.00001e-01,1.12000e-01,
1.1191820e-01,-0.00000e+00,1.10000e-01,
1.1221118e-01,-0.00000e+00,1.10000e-01,
1.1250415e-01,-0.00000e+00,1.08000e-01,
1.1279712e-01,-0.00000e+00,1.10000e-01,
1.1309009e-01,2.00001e-01,1.10000e-01,
1.1338306e-01,-0.00000e+00,1.10000e-01,
1.1367603e-01,2.00001e-01,1.10000e-01,
1.1396901e-01,-0.00000e+00,1.10000e-01,
1.1426198e-01,2.00001e-01,1.10000e-01,
1.1455495e-01,2.00001e-01,1.12000e-01,
1.1484792e-01,-0.00000e+00,1.08000e-01,
1.1514089e-01,2.00001e-01,1.08000e-01,
1.1543386e-01,-0.00000e+00,1.08000e-01,
1.1572684e-01,-0.00000e+00,1.08000e-01,
1.1601981e-01,-0.00000e+00,1.10000e-01,
1.1631278e-01,2.00001e-01,1.08000e-01,
1.1660575e-01,-0.00000e+00,1.08000e-01,
1.1689872e-01,-0.00000e+00,1.08000e-01,
1.1719169e-01,-0.00000e+00,1.06000e-01,
1.1748467e-01,-0.00000e+00,1.06000e-01,
1.1777764e-01,-0.00000e+00,1.08000e-01,
1.1807061e-01,2.00001e-01,1.04000e-01,
1.1836358e-01,-0.00000e+00,1.06000e-01,
1.1865655e-01,2.00001e-01,1.06000e-01,
1.1894953e-01,-0.00000e+00,1.06000e-01,
1.1924250e-01,2.00001e-01,1.04000e-01,
1.1953547e-01,2.00001e-01,1.04000e-01,
1.1982844e-01,-0.00000e+00,1.04000e-01,
1.2012141e-01,-0.00000e+00,1.04000e-01,
1.2041438e-01,-0.00000e+00,1.04000e-01,
1.2070736e-01,-0.00000e+00,1.04000e-01,
1.2100033e-01,2.00001e-01,1.04000e-01,
1.2129330e-01,2.00001e-01,1.08000e-01,
1.2158627e-01,2.00001e-01,1.04000e-01,
1.2187924e-01,-0.00000e+00,1.04000e-01,
1.2217221e-01,-0.00000e+00,1.02000e-01,
1.2246519e-01,-0.00000e+00,1.02000e-01,
1.2275816e-01,-0.00000e+00,1.00000e-01,
1.2305113e-01,-0.00000e+00,1.04000e-01,
1.2334410e-01,2.00001e-01,1.02000e-01,
1.2363707e-01,-0.00000e+00,1.04000e-01,
1.2393004e-01,2.00001e-01,1.04000e-01,
1.2422302e-01,-0.00000e+00,1.04000e-01,
1.2451599e-01,2.00001e-01,1.04000e-01,
1.2480896e-01,-0.00000e+00,1.04000e-01,
1.2510192e-01,2.00001e-01,1.08000e-01,
1.2539490e-01,2.00001e-01,1.08000e-01,
1.2568787e-01,-0.00000e+00,1.06000e-01,
1.2598084e-01,2.00001e-01,1.08000e-01,
1.2627381e-01,-0.00000e+00,1.10000e-01,
1.2656678e-01,-0.00000e+00,1.10000e-01,
1.2685975e-01,-0.00000e+00,1.10000e-01,
1.2715273e-01,-0.00000e+00,1.10000e-01,
1.2744570e-01,-0.00000e+00,1.12000e-01,
1.2773867e-01,-0.00000e+00,1.04000e-01,
1.2803164e-01,2.00001e-01,1.12000e-01,
1.2832461e-01,2.00001e-01,1.12000e-01,
1.2861758e-01,-0.00000e+00,1.12000e-01,
1.2891056e-01,-0.00000e+00,1.12000e-01,
1.2920353e-01,-0.00000e+00,1.12000e-01,
1.2949650e-01,-0.00000e+00,1.10000e-01,
1.2978947e-01,-0.00000e+00,1.12000e-01,
1.3008244e-01,2.00001e-01,1.12000e-01,
1.3037542e-01,-0.00000e+00,1.12000e-01,
1.3066839e-01,-0.00000e+00,1.12000e-01,
1.3096136e-01,2.00001e-01,1.12000e-01,
1.3125433e-01,-0.00000e+00,1.12000e-01,
1.3154730e-01,-0.00000e+00,1.12000e-01,
1.3184027e-01,-0.00000e+00,1.12000e-01,
1.3213325e-01,-0.00000e+00,1.12000e-01,
1.3242622e-01,-0.00000e+00,1.14000e-01,
1.3271919e-01,2.00001e-01,1.12000e-01,
1.3301216e-01,-0.00000e+00,1.12000e-01,
1.3330513e-01,-0.00000e+00,1.12000e-01,
1.3359810e-01,-0.00000e+00,1.14000e-01,
1.3389108e-01,-0.00000e+00,1.16000e-01,
1.3418405e-01,2.00001e-01,1.16000e-01,
1.3447702e-01,2.00001e-01,1.14000e-01,
1.3476999e-01,-0.00000e+00,1.12000e-01,
1.3506296e-01,-0.00000e+00,1.14000e-01,
1.3535593e-01,2.00001e-01,1.12000e-01,
1.3564891e-01,-0.00000e+00,1.14000e-01,
1.3594188e-01,2.00001e-01,1.14000e-01,
1.3623485e-01,-0.00000e+00,1.12000e-01,
1.3652782e-01,-0.00000e+00,1.12000e-01,
1.3682079e-01,-0.00000e+00,1.12000e-01,
1.3711376e-01,-0.00000e+00,1.12000e-01,
1.3740674e-01,2.00001e-01,1.14000e-01,
1.3769971e-01,-0.00000e+00,1.12000e-01,
1.3799268e-01,-0.00000e+00,1.12000e-01,
1.3828565e-01,-0.00000e+00,1.12000e-01,
1.3857862e-01,-0.00000e+00,1.12000e-01,
1.3887160e-01,-0.00000e+00,1.12000e-01,
1.3916457e-01,-0.00000e+00,1.12000e-01,
1.3945754e-01,-0.00000e+00,1.10000e-01,
1.3975051e-01,2.00001e-01,1.12000e-01,
1.4004348e-01,-0.00000e+00,1.10000e-01,
1.4033645e-01,-0.00000e+00,1.10000e-01,
1.4062943e-01,-0.00000e+00,1.12000e-01,
1.4092240e-01,2.00001e-01,1.10000e-01,
1.4121537e-01,-0.00000e+00,1.10000e-01,
1.4150834e-01,2.00001e-01,1.08000e-01,
1.4180131e-01,-0.00000e+00,1.08000e-01,
1.4209428e-01,-0.00000e+00,1.08000e-01,
1.4238726e-01,-0.00000e+00,1.08000e-01,
1.4268023e-01,-0.00000e+00,1.06000e-01,
1.4297320e-01,2.00001e-01,1.04000e-01,
1.4326617e-01,2.00001e-01,1.08000e-01,
1.4355914e-01,-0.00000e+00,1.04000e-01,
1.4385211e-01,-0.00000e+00,1.08000e-01,
1.4414509e-01,-0.00000e+00,1.06000e-01,
1.4443806e-01,2.00001e-01,1.04000e-01,
1.4473103e-01,2.00001e-01,1.04000e-01,
1.4502400e-01,-0.00000e+00,1.08000e-01,
1.4531697e-01,-0.00000e+00,1.08000e-01,
1.4560995e-01,2.00001e-01,1.10000e-01,
1.4590292e-01,-0.00000e+00,1.08000e-01,
1.4619589e-01,-0.00000e+00,1.08000e-01,
1.4648886e-01,2.00001e-01,1.10000e-01,
1.4678183e-01,-0.00000e+00,1.10000e-01,
1.4707480e-01,-0.00000e+00,1.12000e-01,
1.4736778e-01,-0.00000e+00,1.12000e-01,
1.4766075e-01,-0.00000e+00,1.12000e-01,
1.4795372e-01,-0.00000e+00,1.12000e-01,
1.4824669e-01,-0.00000e+00,1.14000e-01,
1.4853966e-01,-0.00000e+00,1.12000e-01,
1.4883263e-01,2.00001e-01,1.12000e-01,
1.4912561e-01,-0.00000e+00,1.16000e-01,
1.4941858e-01,-0.00000e+00,1.10000e-01,
1.4971155e-01,-0.00000e+00,1.16000e-01,
1.5000452e-01,-0.00000e+00,1.16000e-01,
1.5029749e-01,2.00001e-01,1.16000e-01,
1.5059046e-01,2.00001e-01,1.16000e-01,
1.5088344e-01,-0.00000e+00,1.16000e-01,
1.5117641e-01,-0.00000e+00,1.18000e-01,
1.5146938e-01,-0.00000e+00,1.14000e-01,
1.5176235e-01,-0.00000e+00,1.16000e-01,
1.5205532e-01,-0.00000e+00,1.16000e-01,
1.5234829e-01,-0.00000e+00,1.18000e-01,
1.5264127e-01,2.00001e-01,1.20000e-01,
1.5293424e-01,-0.00000e+00,1.18000e-01,
1.5322721e-01,-0.00000e+00,1.18000e-01,
1.5352018e-01,-0.00000e+00,1.18000e-01,
1.5381315e-01,2.00001e-01,1.16000e-01,
1.5410613e-01,2.00001e-01,1.18000e-01,
1.5439910e-01,-0.00000e+00,1.18000e-01,
1.5469207e-01,-0.00000e+00,1.18000e-01,
1.5498504e-01,2.00001e-01,1.18000e-01,
1.5527801e-01,-0.00000e+00,1.16000e-01,
1.5557098e-01,-0.00000e+00,1.18000e-01,
1.5586396e-01,-0.00000e+00,1.18000e-01,
1.5615693e-01,-0.00000e+00,1.18000e-01,
1.5644990e-01,2.00001e-01,1.18000e-01,
1.5674287e-01,-0.00000e+00,1.16000e-01,
1.5703584e-01,2.00001e-01,1.18000e-01,
1.5732881e-01,-0.00000e+00,1.18000e-01,
1.5762179e-01,-0.00000e+00,1.18000e-01,
1.5791476e-01,2.00001e-01,1.16000e-01,
1.5820773e-01,-0.00000e+00,1.16000e-01,
1.5850070e-01,2.00001e-01,1.16000e-01,
1.5879367e-01,-0.00000e+00,1.16000e-01,
1.5908664e-01,-0.00000e+00,1.14000e-01,
1.5937962e-01,-0.00000e+00,1.16000e-01,
1.5967259e-01,-0.00000e+00,1.16000e-01,
1.5996556e-01,2.00001e-01,1.16000e-01,
1.6025853e-01,-0.00000e+00,1.16000e-01,
1.6055150e-01,-0.00000e+00,1.14000e-01,
1.6084448e-01,2.00001e-01,1.16000e-01,
1.6113745e-01,2.00001e-01,1.12000e-01,
1.6143042e-01,-0.00000e+00,1.12000e-01,
1.6172339e-01,-0.00000e+00,1.16000e-01,
1.6201636e-01,-0.00000e+00,1.12000e-01,
1.6230933e-01,-0.00000e+00,1.12000e-01,
1.6260231e-01,2.00001e-01,1.12000e-01,
1.6289528e-01,-0.00000e+00,1.12000e-01,
1.6318825e-01,-0.00000e+00,1.12000e-01,
1.6348122e-01,-0.00000e+00,1.12000e-01,
1.6377419e-01,-0.00000e+00,1.10000e-01,
1.6406716e-01,-0.00000e+00,1.12000e-01,
1.6436014e-01,-0.00000e+00,1.12000e-01,
1.6465311e-01,2.00001e-01,1.10000e-01,
1.6494608e-01,2.00001e-01,1.10000e-01,
1.6523905e-01,-0.00000e+00,1.10000e-01,
1.6553202e-01,5.00000e+00,1.42000e-01,
1.6582499e-01,-0.00000e+00,1.10000e-01,
1.6611797e-01,-0.00000e+00,1.12000e-01,
1.6641094e-01,-0.00000e+00,1.10000e-01,
1.6670391e-01,-0.00000e+00,1.12000e-01,
1.6699688e-01,-0.00000e+00,1.12000e-01,
1.6728985e-01,2.00001e-01,1.14000e-01,
1.6758282e-01,-0.00000e+00,1.14000e-01,
1.6787580e-01,-0.00000e+00,1.16000e-01,
1.6816877e-01,-0.00000e+00,1.16000e-01,
1.6846174e-01,2.00001e-01,1.16000e-01,
1.6875471e-01,-0.00000e+00,1.16000e-01,
1.6904768e-01,-0.00000e+00,1.16000e-01,
1.6934066e-01,-0.00000e+00,1.16000e-01,
1.6963363e-01,-0.00000e+00,1.20000e-01,
1.6992660e-01,-0.00000e+00,1.18000e-01,
1.7021957e-01,-0.00000e+00,1.20000e-01,
1.7051254e-01,-0.00000e+00,1.18000e-01,
1.7080551e-01,-0.00000e+00,1.20000e-01,
1.7109849e-01,-0.00000e+00,1.20000e-01,
1.7139146e-01,2.00001e-01,1.20000e-01,
1.7168443e-01,2.00001e-01,1.20000e-01,
1.7197740e-01,-0.00000e+00,1.18000e-01,
1.7227037e-01,2.00001e-01,1.20000e-01,
1.7256334e-01,-0.00000e+00,1.20000e-01,
1.7285632e-01,2.00001e-01,1.20000e-01,
1.7314929e-01,2.00001e-01,1.20000e-01,
1.7344226e-01,2.00001e-01,1.20000e-01,
1.7373523e-01,2.00001e-01,1.22000e-01,
1.7402820e-01,2.00001e-01,1.20000e-01,
1.7432117e-01,-0.00000e+00,1.20000e-01,
1.7461415e-01,-0.00000e+00,1.20000e-01,
1.7490712e-01,-0.00000e+00,1.20000e-01,
1.7520009e-01,2.00001e-01,1.20000e-01,
1.7549306e-01,-0.00000e+00,1.20000e-01,
1.7578603e-01,-0.00000e+00,1.20000e-01,
1.7607901e-01,2.00001e-01,1.20000e-01,
1.7637198e-01,-0.00000e+00,1.20000e-01,
1.7666495e-01,2.00001e-01,1.18000e-01,
1.7695792e-01,2.00001e-01,1.20000e-01,
1.7725089e-01,-0.00000e+00,1.20000e-01,
1.7754386e-01,-0.00000e+00,1.20000e-01,
1.7783684e-01,-0.00000e+00,1.20000e-01,
1.7812981e-01,2.00001e-01,1.20000e-01,
1.7842278e-01,2.00001e-01,1.20000e-01,
1.7871575e-01,2.00001e-01,1.18000e-01,
1.7900872e-01,-0.00000e+00,1.18000e-01,
1.7930169e-01,-0.00000e+00,1.18000e-01,
1.7959467e-01,-0.00000e+00,1.20000e-01,
1.7988764e-01,-0.00000e+00,1.20000e-01,
1.8018061e-01,-0.00000e+00,1.18000e-01,
1.8047358e-01,-0.00000e+00,1.20000e-01,
1.8076655e-01,-0.00000e+00,1.20000e-01,
1.8105952e-01,-0.00000e+00,1.18000e-01,
1.8135250e-01,2.00001e-01,1.18000e-01,
1.8164547e-01,2.00001e-01,1.16000e-01,
1.8193844e-01,-0.00000e+00,1.18000e-01,
1.8223141e-01,2.00001e-01,1.16000e-01,
1.8252438e-01,-0.00000e+00,1.18000e-01,
1.8281735e-01,-0.00000e+00,1.16000e-01,
1.8311033e-01,2.00001e-01,1.18000e-01,
1.8340330e-01,-0.00000e+00,1.16000e-01,
1.8369627e-01,2.00001e-01,1.16000e-01,
1.8398924e-01,-0.00000e+00,1.16000e-01,
1.8427730e-01,-0.00000e+00,1.16000e-01,
1.8457027e-01,2.00001e-01,1.14000e-01,
1.8486324e-01,-0.00000e+00,1.16000e-01,
1.8515621e-01,2.00001e-01,1.12000e-01,
1.8544918e-01,2.00001e-01,1.18000e-01,
1.8574215e-01,-0.00000e+00,1.12000e-01,
1.8603513e-01,-0.00000e+00,1.12000e-01,
1.8632810e-01,-0.00000e+00,1.16000e-01,
1.8662107e-01,-0.00000e+00,1.16000e-01,
1.8691404e-01,2.00001e-01,1.16000e-01,
1.8720701e-01,2.00001e-01,1.16000e-01,
1.8749999e-01,2.00001e-01,1.16000e-01,
1.8779296e-01,-0.00000e+00,1.18000e-01,
1.8808593e-01,2.00001e-01,1.20000e-01,
1.8837890e-01,-0.00000e+00,1.20000e-01,
1.8867187e-01,-0.00000e+00,1.20000e-01,
1.8896484e-01,-0.00000e+00,1.20000e-01,
1.8925782e-01,-0.00000e+00,1.20000e-01,
1.8955079e-01,-0.00000e+00,1.20000e-01,
1.8984376e-01,2.00001e-01,1.20000e-01,
1.9013673e-01,-0.00000e+00,1.26000e-01,
1.9042970e-01,-0.00000e+00,1.20000e-01,
1.9072267e-01,-0.00000e+00,1.22000e-01,
1.9101565e-01,2.00001e-01,1.24000e-01,
1.9130862e-01,2.00001e-01,1.20000e-01,
1.9160159e-01,-0.00000e+00,1.22000e-01,
1.9189456e-01,-0.00000e+00,1.24000e-01,
1.9218753e-01,2.00001e-01,1.22000e-01,
1.9248050e-01,-0.00000e+00,1.22000e-01,
1.9277348e-01,-0.00000e+00,1.24000e-01,
1.9306645e-01,-0.00000e+00,1.32000e-01,
1.9335942e-01,-0.00000e+00,1.24000e-01,
1.9365239e-01,-0.00000e+00,1.24000e-01,
1.9394536e-01,-0.00000e+00,1.24000e-01,
1.9423833e-01,-0.00000e+00,1.24000e-01,
1.9453131e-01,-0.00000e+00,1.24000e-01,
1.9482428e-01,2.00001e-01,1.24000e-01,
1.9511725e-01,2.00001e-01,1.26000e-01,
1.9541022e-01,-0.00000e+00,1.24000e-01,
1.9570319e-01,-0.00000e+00,1.24000e-01,
1.9599617e-01,-0.00000e+00,1.24000e-01,
1.9628914e-01,-0.00000e+00,1.24000e-01,
1.9658211e-01,-0.00000e+00,1.24000e-01,
1.9687508e-01,2.00001e-01,1.24000e-01,
1.9716805e-01,-0.00000e+00,1.24000e-01,
1.9746102e-01,-0.00000e+00,1.24000e-01,
1.9775400e-01,-0.00000e+00,1.24000e-01,
1.9804697e-01,-0.00000e+00,1.24000e-01,
1.9833994e-01,-0.00000e+00,1.20000e-01,
1.9863291e-01,-0.00000e+00,1.24000e-01,
1.9892588e-01,-0.00000e+00,1.24000e-01,
1.9921885e-01,-0.00000e+00,1.22000e-01,
1.9951183e-01,-0.00000e+00,1.24000e-01,
1.9980480e-01,2.00001e-01,1.24000e-01,
2.0009777e-01,2.00001e-01,1.22000e-01,
2.0039074e-01,2.00001e-01,1.20000e-01,
2.0068371e-01,2.00001e-01,1.20000e-01,
2.0097668e-01,2.00001e-01,1.20000e-01,
2.0126966e-01,2.00001e-01,1.20000e-01,
2.0156263e-01,-0.00000e+00,1.20000e-01,
2.0185560e-01,-0.00000e+00,1.20000e-01,
2.0214857e-01,2.00001e-01,1.20000e-01,
2.0244154e-01,-0.00000e+00,1.20000e-01,
2.0273452e-01,2.00001e-01,1.18000e-01,
2.0302749e-01,2.00001e-01,1.20000e-01,
2.0332046e-01,2.00001e-01,1.20000e-01,
2.0361343e-01,-0.00000e+00,1.18000e-01,
2.0390640e-01,2.00001e-01,1.18000e-01,
2.0419937e-01,-0.00000e+00,1.18000e-01,
2.0449235e-01,-0.00000e+00,1.20000e-01,
2.0478532e-01,-0.00000e+00,1.14000e-01,
2.0507829e-01,-0.00000e+00,1.14000e-01,
2.0537126e-01,-0.00000e+00,1.18000e-01,
2.0566423e-01,-0.00000e+00,1.20000e-01,
2.0595720e-01,-0.00000e+00,1.20000e-01,
2.0625018e-01,-0.00000e+00,1.20000e-01,
2.0654315e-01,-0.00000e+00,1.20000e-01,
2.0683612e-01,2.00001e-01,1.20000e-01,
2.0712909e-01,2.00001e-01,1.20000e-01,
2.0742206e-01,-0.00000e+00,1.20000e-01,
2.0771503e-01,-0.00000e+00,1.22000e-01,
2.0800801e-01,-0.00000e+00,1.24000e-01,
2.0830098e-01,-0.00000e+00,1.24000e-01,
2.0859395e-01,-0.00000e+00,1.24000e-01,
2.0888692e-01,-0.00000e+00,1.24000e-01,
2.0917989e-01,-0.00000e+00,1.24000e-01,
2.0947286e-01,-0.00000e+00,1.24000e-01,
2.0976584e-01,-0.00000e+00,1.24000e-01,
2.1005881e-01,-0.00000e+00,1.24000e-01,
2.1035178e-01,-0.00000e+00,1.26000e-01,
2.1064475e-01,2.00001e-01,1.24000e-01,
2.1093772e-01,-0.00000e+00,1.26000e-01,
2.1123070e-01,-0.00000e+00,1.26000e-01,
2.1152367e-01,-0.00000e+00,1.24000e-01,
2.1181664e-01,-0.00000e+00,1.26000e-01,
2.1210961e-01,-0.00000e+00,1.26000e-01,
2.1240258e-01,-0.00000e+00,1.26000e-01,
2.1269555e-01,2.00001e-01,1.26000e-01,
2.1298853e-01,2.00001e-01,1.26000e-01,
2.1328150e-01,2.00001e-01,1.26000e-01,
2.1357447e-01,-0.00000e+00,1.26000e-01,
2.1386744e-01,-0.00000e+00,1.24000e-01,
2.1416041e-01,-0.00000e+00,1.26000e-01,
2.1445338e-01,-0.00000e+00,1.24000e-01,
2.1474636e-01,-0.00000e+00,1.26000e-01,
2.1503933e-01,-0.00000e+00,1.24000e-01,
2.1533230e-01,2.00001e-01,1.26000e-01,
2.1562527e-01,-0.00000e+00,1.26000e-01,
2.1591824e-01,-0.00000e+00,1.26000e-01,
2.1621121e-01,-0.00000e+00,1.32000e-01,
2.1650419e-01,2.00001e-01,1.26000e-01,
2.1679716e-01,-0.00000e+00,1.26000e-01,
2.1709013e-01,2.00001e-01,1.26000e-01,
2.1738310e-01,-0.00000e+00,1.26000e-01,
2.1767607e-01,-0.00000e+00,1.24000e-01,
2.1796905e-01,-0.00000e+00,1.24000e-01,
2.1826202e-01,-0.00000e+00,1.26000e-01,
2.1855499e-01,-0.00000e+00,1.24000e-01,
2.1884796e-01,-0.00000e+00,1.24000e-01,
2.1914093e-01,-0.00000e+00,1.24000e-01,
2.1943390e-01,-0.00000e+00,1.24000e-01,
2.1972688e-01,-0.00000e+00,1.24000e-01,
2.2001985e-01,-0.00000e+00,1.24000e-01,
2.2031282e-01,-0.00000e+00,1.24000e-01,
2.2060579e-01,-0.00000e+00,1.24000e-01,
2.2089876e-01,-0.00000e+00,1.22000e-01,
2.2119173e-01,-0.00000e+00,1.20000e-01,
2.2148471e-01,-0.00000e+00,1.26000e-01,
2.2177768e-01,-0.00000e+00,1.22000e-01,
2.2207065e-01,-0.00000e+00,1.24000e-01,
2.2236362e-01,2.00001e-01,1.22000e-01,
2.2265659e-01,2.00001e-01,1.24000e-01,
2.2294956e-01,2.00001e-01,1.20000e-01,
2.2324254e-01,-0.00000e+00,1.20000e-01,
2.2353551e-01,-0.00000e+00,1.20000e-01,
2.2382848e-01,-0.00000e+00,1.20000e-01,
2.2412145e-01,-0.00000e+00,1.22000e-01,
2.2441442e-01,2.00001e-01,1.22000e-01,
2.2470739e-01,2.00001e-01,1.22000e-01,
2.2500037e-01,2.00001e-01,1.22000e-01,
2.2529334e-01,-0.00000e+00,1.24000e-01,
2.2558631e-01,-0.00000e+00,1.24000e-01,
2.2587928e-01,-0.00000e+00,1.24000e-01,
2.2617225e-01,-0.00000e+00,1.24000e-01,
2.2646523e-01,-0.00000e+00,1.20000e-01,
2.2675820e-01,2.00001e-01,1.24000e-01,
2.2705117e-01,-0.00000e+00,1.24000e-01,
2.2734414e-01,-0.00000e+00,1.26000e-01,
2.2763711e-01,-0.00000e+00,1.26000e-01,
2.2793008e-01,2.00001e-01,1.26000e-01,
2.2822306e-01,-0.00000e+00,1.26000e-01,
2.2851603e-01,-0.00000e+00,1.26000e-01,
2.2880900e-01,-0.00000e+00,1.26000e-01,
2.2910197e-01,-0.00000e+00,1.26000e-01,
2.2939494e-01,-0.00000e+00,1.28000e-01,
2.2968791e-01,2.00001e-01,1.26000e-01,
2.2998089e-01,-0.00000e+00,1.26000e-01,
2.3027386e-01,-0.00000e+00,1.32000e-01,
2.3056683e-01,2.00001e-01,1.26000e-01,
2.3085980e-01,-0.00000e+00,1.26000e-01,
2.3115277e-01,-0.00000e+00,1.30000e-01,
2.3144574e-01,-0.00000e+00,1.28000e-01,
2.3173872e-01,2.00001e-01,1.28000e-01,
2.3203169e-01,2.00001e-01,1.26000e-01,
2.3232466e-01,-0.00000e+00,1.26000e-01,
2.3261763e-01,2.00001e-01,1.28000e-01,
2.3291060e-01,-0.00000e+00,1.28000e-01,
2.3320358e-01,-0.00000e+00,1.28000e-01,
2.3349655e-01,-0.00000e+00,1.30000e-01,
2.3378952e-01,-0.00000e+00,1.30000e-01,
2.3408249e-01,-0.00000e+00,1.28000e-01,
2.3437546e-01,-0.00000e+00,1.26000e-01,
2.3466843e-01,-0.00000e+00,1.26000e-01,
2.3496141e-01,-0.00000e+00,1.30000e-01,
2.3525438e-01,-0.00000e+00,1.30000e-01,
2.3554735e-01,2.00001e-01,1.26000e-01,
2.3584032e-01,-0.00000e+00,1.26000e-01,
2.3613329e-01,-0.00000e+00,1.26000e-01,
2.3642626e-01,2.00001e-01,1.26000e-01,
2.3671924e-01,2.00001e-01,1.26000e-01,
2.3701221e-01,-0.00000e+00,1.26000e-01,
2.3730518e-01,-0.00000e+00,1.26000e-01,
2.3759815e-01,-0.00000e+00,1.28000e-01,
2.3789112e-01,2.00001e-01,1.26000e-01,
2.3818409e-01,2.00001e-01,1.26000e-01,
2.3847707e-01,-0.00000e+00,1.26000e-01,
2.3877004e-01,-0.00000e+00,1.26000e-01,
2.3906301e-01,-0.00000e+00,1.26000e-01,
2.3935598e-01,-0.00000e+00,1.26000e-01,
2.3964895e-01,2.00001e-01,1.26000e-01,
2.3994192e-01,-0.00000e+00,1.24000e-01,
2.4023490e-01,-0.00000e+00,1.24000e-01,
2.4052787e-01,-0.00000e+00,1.24000e-01,
2.4082084e-01,-0.00000e+00,1.26000e-01,
2.4111381e-01,-0.00000e+00,1.24000e-01,
2.4140678e-01,-0.00000e+00,1.24000e-01,
2.4169976e-01,-0.00000e+00,1.24000e-01,
2.4199273e-01,-0.00000e+00,1.24000e-01,
2.4228570e-01,-0.00000e+00,1.24000e-01,
2.4257867e-01,2.00001e-01,1.24000e-01,
2.4287164e-01,2.00001e-01,1.24000e-01,
2.4316461e-01,-0.00000e+00,1.24000e-01,
2.4345759e-01,-0.00000e+00,1.24000e-01,
2.4375056e-01,-0.00000e+00,1.26000e-01,
2.4404353e-01,-0.00000e+00,1.26000e-01,
2.4433650e-01,-0.00000e+00,1.24000e-01,
2.4462947e-01,2.00001e-01,1.26000e-01,
2.4492244e-01,-0.00000e+00,1.28000e-01,
2.4521542e-01,-0.00000e+00,1.26000e-01,
2.4550839e-01,-0.00000e+00,1.28000e-01,
2.4580136e-01,-0.00000e+00,1.26000e-01,
2.4609433e-01,2.00001e-01,1.28000e-01,
2.4638730e-01,-0.00000e+00,1.26000e-01,
2.4668027e-01,-0.00000e+00,1.30000e-01,
2.4697325e-01,-0.00000e+00,1.30000e-01,
2.4726622e-01,2.00001e-01,1.30000e-01,
2.4755919e-01,-0.00000e+00,1.30000e-01,
2.4785216e-01,-0.00000e+00,1.30000e-01,
2.4814513e-01,2.00001e-01,1.32000e-01,
2.4843810e-01,2.00001e-01,1.30000e-01,
2.4873108e-01,-0.00000e+00,1.32000e-01,
2.4902405e-01,-0.00000e+00,1.30000e-01,
2.4931702e-01,2.00001e-01,1.32000e-01,
2.4960999e-01,-0.00000e+00,1.32000e-01,
2.4990296e-01,-0.00000e+00,1.34000e-01,
2.5019592e-01,-0.00000e+00,1.32000e-01,
2.5048888e-01,-0.00000e+00,1.32000e-01,
2.5078183e-01,2.00001e-01,1.32000e-01,
2.5107479e-01,2.00001e-01,1.32000e-01,
2.5136775e-01,-0.00000e+00,1.32000e-01,
2.5166070e-01,-0.00000e+00,1.32000e-01,
2.5195366e-01,-0.00000e+00,1.28000e-01,
2.5224662e-01,-0.00000e+00,1.34000e-01,
2.5253958e-01,2.00001e-01,1.32000e-01,
2.5283253e-01,2.00001e-01,1.32000e-01,
2.5312549e-01,2.00001e-01,1.32000e-01,
2.5341845e-01,2.00001e-01,1.32000e-01,
2.5371140e-01,-0.00000e+00,1.28000e-01,
2.5400436e-01,-0.00000e+00,1.32000e-01,
2.5429732e-01,-0.00000e+00,1.26000e-01,
2.5459027e-01,-0.00000e+00,1.30000e-01,
2.5488323e-01,-0.00000e+00,1.26000e-01,
2.5517619e-01,-0.00000e+00,1.30000e-01,
2.5546914e-01,-0.00000e+00,1.30000e-01,
2.5576210e-01,-0.00000e+00,1.30000e-01,
2.5605506e-01,-0.00000e+00,1.30000e-01,
2.5634801e-01,2.00001e-01,1.30000e-01,
2.5664097e-01,-0.00000e+00,1.30000e-01,
2.5693393e-01,-0.00000e+00,1.26000e-01,
2.5722688e-01,-0.00000e+00,1.30000e-01,
2.5751984e-01,-0.00000e+00,1.26000e-01,
2.5781280e-01,-0.00000e+00,1.26000e-01,
2.5810575e-01,-0.00000e+00,1.26000e-01,
2.5839871e-01,2.00001e-01,1.28000e-01,
2.5869167e-01,-0.00000e+00,1.26000e-01,
2.5898463e-01,2.00001e-01,1.26000e-01,
2.5927758e-01,-0.00000e+00,1.26000e-01,
2.5957054e-01,-0.00000e+00,1.26000e-01,
2.5986350e-01,-0.00000e+00,1.26000e-01,
2.6015645e-01,-0.00000e+00,1.26000e-01,
2.6044941e-01,-0.00000e+00,1.26000e-01,
2.6074237e-01,2.00001e-01,1.24000e-01,
2.6103532e-01,-0.00000e+00,1.26000e-01,
2.6132828e-01,-0.00000e+00,1.26000e-01,
2.6162124e-01,2.00001e-01,1.26000e-01,
2.6191419e-01,-0.00000e+00,1.30000e-01,
2.6220715e-01,-0.00000e+00,1.28000e-01,
2.6250011e-01,-0.00000e+00,1.28000e-01,
2.6279306e-01,-0.00000e+00,1.30000e-01,
2.6308602e-01,-0.00000e+00,1.28000e-01,
2.6337898e-01,-0.00000e+00,1.26000e-01,
2.6367193e-01,2.00001e-01,1.32000e-01,
2.6396489e-01,-0.00000e+00,1.32000e-01,
2.6425785e-01,2.00001e-01,1.34000e-01,
2.6455081e-01,-0.00000e+00,1.34000e-01,
2.6484376e-01,-0.00000e+00,1.28000e-01,
2.6513672e-01,2.00001e-01,1.32000e-01,
2.6542968e-01,2.00001e-01,1.32000e-01,
2.6572263e-01,-0.00000e+00,1.32000e-01,
2.6601559e-01,-0.00000e+00,1.32000e-01,
2.6630855e-01,-0.00000e+00,1.34000e-01,
2.6660150e-01,2.00001e-01,1.34000e-01,
2.6689446e-01,-0.00000e+00,1.34000e-01,
2.6718742e-01,-0.00000e+00,1.34000e-01,
2.6748037e-01,-0.00000e+00,1.34000e-01,
2.6777333e-01,-0.00000e+00,1.34000e-01,
2.6806629e-01,-0.00000e+00,1.34000e-01,
2.6835924e-01,-0.00000e+00,1.34000e-01,
2.6865220e-01,-0.00000e+00,1.34000e-01,
2.6894516e-01,2.00001e-01,1.34000e-01,
2.6923811e-01,-0.00000e+00,1.34000e-01,
2.6953107e-01,-0.00000e+00,1.34000e-01,
2.6982403e-01,-0.00000e+00,1.34000e-01,
2.7011698e-01,-0.00000e+00,1.34000e-01,
2.7040994e-01,-0.00000e+00,1.34000e-01,
2.7070290e-01,-0.00000e+00,1.34000e-01,
2.7099586e-01,-0.00000e+00,1.34000e-01,
2.7128881e-01,-0.00000e+00,1.32000e-01,
2.7158177e-01,-0.00000e+00,1.34000e-01,
2.7187473e-01,-0.00000e+00,1.34000e-01,
2.7216768e-01,-0.00000e+00,1.34000e-01,
2.7246064e-01,2.00001e-01,1.34000e-01,
2.7275360e-01,-0.00000e+00,1.34000e-01,
2.7304655e-01,-0.00000e+00,1.34000e-01,
2.7333951e-01,-0.00000e+00,1.34000e-01,
2.7363247e-01,-0.00000e+00,1.32000e-01,
2.7392542e-01,-0.00000e+00,1.30000e-01,
2.7421838e-01,-0.00000e+00,1.32000e-01,
2.7451134e-01,-0.00000e+00,1.34000e-01,
2.7480429e-01,-0.00000e+00,1.30000e-01,
2.7509725e-01,-0.00000e+00,1.34000e-01,
2.7539021e-01,-0.00000e+00,1.32000e-01,
2.7568316e-01,-0.00000e+00,1.32000e-01,
2.7597612e-01,-0.00000e+00,1.28000e-01,
2.7626908e-01,-0.00000e+00,1.30000e-01,
2.7656204e-01,-0.00000e+00,1.30000e-01,
2.7685499e-01,-0.00000e+00,1.26000e-01,
2.7714795e-01,-0.00000e+00,1.28000e-01,
2.7744091e-01,-0.00000e+00,1.26000e-01,
2.7773386e-01,2.00001e-01,1.28000e-01,
2.7802682e-01,-0.00000e+00,1.28000e-01,
2.7831978e-01,-0.00000e+00,1.32000e-01,
2.7861273e-01,-0.00000e+00,1.28000e-01,
2.7890569e-01,-0.00000e+00,1.30000e-01,
2.7919865e-01,-0.00000e+00,1.30000e-01,
2.7949160e-01,-0.00000e+00,1.32000e-01,
2.7978456e-01,2.00001e-01,1.30000e-01,
2.8007752e-01,-0.00000e+00,1.34000e-01,
2.8037047e-01,-0.00000e+00,1.34000e-01,
2.8066343e-01,-0.00000e+00,1.32000e-01,
2.8095639e-01,-0.00000e+00,1.34000e-01,
2.8124934e-01,-0.00000e+00,1.34000e-01,
2.8154230e-01,-0.00000e+00,1.32000e-01,
2.8183526e-01,-0.00000e+00,1.34000e-01,
2.8212821e-01,2.00001e-01,1.34000e-01,
2.8242117e-01,-0.00000e+00,1.34000e-01,
2.8271413e-01,-0.00000e+00,1.36000e-01,
2.8300709e-01,2.00001e-01,1.34000e-01,
2.8330004e-01,-0.00000e+00,1.34000e-01,
2.8359300e-01,-0.00000e+00,1.38000e-01,
2.8388596e-01,-0.00000e+00,1.34000e-01,
2.8417891e-01,-0.00000e+00,1.34000e-01,
2.8447187e-01,-0.00000e+00,1.38000e-01,
2.8476483e-01,2.00001e-01,1.34000e-01,
2.8505778e-01,-0.00000e+00,1.34000e-01,
2.8535074e-01,-0.00000e+00,1.36000e-01,
2.8564370e-01,2.00001e-01,1.38000e-01,
2.8593665e-01,-0.00000e+00,1.38000e-01,
2.8622961e-01,2.00001e-01,1.38000e-01,
2.8652257e-01,2.00001e-01,1.40000e-01,
2.8681552e-01,-0.00000e+00,1.36000e-01,
2.8710848e-01,-0.00000e+00,1.36000e-01,
2.8740144e-01,-0.00000e+00,1.36000e-01,
2.8769439e-01,-0.00000e+00,1.38000e-01,
2.8798735e-01,-0.00000e+00,1.40000e-01,
2.8828031e-01,-0.00000e+00,1.38000e-01,
2.8857327e-01,-0.00000e+00,1.34000e-01,
2.8886622e-01,-0.00000e+00,1.36000e-01,
2.8915918e-01,2.00001e-01,1.36000e-01,
2.8945214e-01,-0.00000e+00,1.36000e-01,
2.8974509e-01,2.00001e-01,1.38000e-01,
2.9003805e-01,-0.00000e+00,1.36000e-01,
2.9033101e-01,-0.00000e+00,1.36000e-01,
2.9062396e-01,-0.00000e+00,1.36000e-01,
2.9091692e-01,-0.00000e+00,1.34000e-01,
2.9120988e-01,-0.00000e+00,1.36000e-01,
2.9150283e-01,-0.00000e+00,1.34000e-01,
2.9179579e-01,-0.00000e+00,1.34000e-01,
2.9208875e-01,2.00001e-01,1.30000e-01,
2.9238170e-01,-0.00000e+00,1.34000e-01,
2.9267466e-01,-0.00000e+00,1.34000e-01,
2.9296762e-01,2.00001e-01,1.38000e-01,
2.9326057e-01,-0.00000e+00,1.34000e-01,
2.9355353e-01,2.00001e-01,1.30000e-01,
2.9384649e-01,-0.00000e+00,1.30000e-01,
2.9413944e-01,-0.00000e+00,1.32000e-01,
2.9443240e-01,2.00001e-01,1.28000e-01,
2.9472536e-01,-0.00000e+00,1.32000e-01,
2.9501832e-01,-0.00000e+00,1.32000e-01,
2.9531127e-01,2.00001e-01,1.32000e-01,
2.9560423e-01,2.00001e-01,1.32000e-01,
2.9589719e-01,-0.00000e+00,1.32000e-01,
2.9619014e-01,-0.00000e+00,1.32000e-01,
2.9648310e-01,-0.00000e+00,1.34000e-01,
2.9677606e-01,2.00001e-01,1.30000e-01,
2.9706901e-01,2.00001e-01,1.34000e-01,
2.9736197e-01,2.00001e-01,1.34000e-01,
2.9765493e-01,2.00001e-01,1.34000e-01,
2.9794788e-01,-0.00000e+00,1.34000e-01,
2.9824084e-01,-0.00000e+00,1.36000e-01,
2.9853380e-01,-0.00000e+00,1.36000e-01,
2.9882675e-01,-0.00000e+00,1.36000e-01,
2.9911971e-01,-0.00000e+00,1.38000e-01,
2.9941267e-01,-0.00000e+00,1.40000e-01,
2.9970562e-01,-0.00000e+00,1.38000e-01,
2.9999858e-01,-0.00000e+00,1.38000e-01,
3.0029154e-01,-0.00000e+00,1.40000e-01,
3.0058450e-01,-0.00000e+00,1.40000e-01,
3.0087745e-01,-0.00000e+00,1.38000e-01,
3.0117041e-01,-0.00000e+00,1.40000e-01,
3.0146337e-01,-0.00000e+00,1.40000e-01,
3.0175632e-01,2.00001e-01,1.40000e-01,
3.0204928e-01,-0.00000e+00,1.40000e-01,
3.0234224e-01,-0.00000e+00,1.40000e-01,
3.0263519e-01,-0.00000e+00,1.38000e-01,
3.0292815e-01,-0.00000e+00,1.40000e-01,
3.0322111e-01,2.00001e-01,1.36000e-01,
3.0351406e-01,2.00001e-01,1.42000e-01,
3.0380702e-01,-0.00000e+00,1.40000e-01,
3.0409998e-01,-0.00000e+00,1.40000e-01,
3.0439293e-01,-0.00000e+00,1.40000e-01,
3.0468589e-01,2.00001e-01,1.40000e-01,
3.0497885e-01,-0.00000e+00,1.40000e-01,
3.0527180e-01,-0.00000e+00,1.40000e-01,
3.0556476e-01,2.00001e-01,1.38000e-01,
3.0585772e-01,2.00001e-01,1.42000e-01,
3.0615067e-01,-0.00000e+00,1.40000e-01,
3.0644363e-01,2.00001e-01,1.40000e-01,
3.0673659e-01,-0.00000e+00,1.40000e-01,
3.0702955e-01,-0.00000e+00,1.40000e-01,
3.0732250e-01,-0.00000e+00,1.36000e-01,
3.0761546e-01,-0.00000e+00,1.38000e-01,
3.0790842e-01,-0.00000e+00,1.38000e-01,
3.0820137e-01,-0.00000e+00,1.38000e-01,
3.0849433e-01,-0.00000e+00,1.38000e-01,
3.0878729e-01,-0.00000e+00,1.38000e-01,
3.0908024e-01,-0.00000e+00,1.34000e-01,
3.0937320e-01,-0.00000e+00,1.38000e-01,
3.0966616e-01,-0.00000e+00,1.36000e-01,
3.0995911e-01,-0.00000e+00,1.38000e-01,
3.1025207e-01,-0.00000e+00,1.38000e-01,
3.1054503e-01,-0.00000e+00,1.34000e-01,
3.1083798e-01,2.00001e-01,1.34000e-01,
3.1113094e-01,-0.00000e+00,1.38000e-01,
3.1142390e-01,-0.00000e+00,1.36000e-01,
3.1171685e-01,-0.00000e+00,1.36000e-01,
3.1200981e-01,2.00001e-01,1.34000e-01,
3.1230277e-01,-0.00000e+00,1.32000e-01,
3.1259573e-01,2.00001e-01,1.34000e-01,
3.1288868e-01,-0.00000e+00,1.32000e-01,
3.1318164e-01,-0.00000e+00,1.34000e-01,
3.1347460e-01,-0.00000e+00,1.38000e-01,
3.1376755e-01,-0.00000e+00,1.36000e-01,
3.1406051e-01,-0.00000e+00,1.34000e-01,
3.1435347e-01,2.00001e-01,1.34000e-01,
3.1464642e-01,-0.00000e+00,1.38000e-01,
3.1493938e-01,2.00001e-01,1.38000e-01,
3.1523234e-01,-0.00000e+00,1.40000e-01,
3.1552529e-01,-0.00000e+00,1.40000e-01,
3.1581825e-01,-0.00000e+00,1.40000e-01,
3.1611121e-01,-0.00000e+00,1.40000e-01,
3.1640416e-01,-0.00000e+00,1.42000e-01,
3.1669712e-01,-0.00000e+00,1.42000e-01,
3.1699008e-01,-0.00000e+00,1.42000e-01,
3.1728303e-01,-0.00000e+00,1.42000e-01,
3.1757599e-01,-0.00000e+00,1.42000e-01,
3.1786895e-01,-0.00000e+00,1.42000e-01,
3.1816190e-01,2.00001e-01,1.42000e-01,
3.1845486e-01,-0.00000e+00,1.44000e-01,
3.1874782e-01,-0.00000e+00,1.42000e-01,
3.1904078e-01,2.00001e-01,1.42000e-01,
3.1933373e-01,2.00001e-01,1.42000e-01,
3.1962669e-01,-0.00000e+00,1.44000e-01,
3.1991965e-01,2.00001e-01,1.42000e-01,
3.2021260e-01,2.00001e-01,1.46000e-01,
3.2050556e-01,2.00001e-01,1.44000e-01,
3.2079852e-01,2.00001e-01,1.42000e-01,
3.2109147e-01,2.00001e-01,1.42000e-01,
3.2138443e-01,-0.00000e+00,1.42000e-01,
3.2167739e-01,2.00001e-01,1.46000e-01,
3.2197034e-01,-0.00000e+00,1.42000e-01,
3.2226330e-01,-0.00000e+00,1.42000e-01,
3.2255626e-01,2.00001e-01,1.40000e-01,
3.2284921e-01,2.00001e-01,1.42000e-01,
3.2314217e-01,-0.00000e+00,1.42000e-01,
3.2343513e-01,-0.00000e+00,1.42000e-01,
3.2372808e-01,2.00001e-01,1.42000e-01,
3.2402104e-01,-0.00000e+00,1.40000e-01,
3.2431400e-01,2.00001e-01,1.42000e-01,
3.2460696e-01,-0.00000e+00,1.42000e-01,
3.2489991e-01,-0.00000e+00,1.42000e-01,
3.2519287e-01,-0.00000e+00,1.40000e-01,
3.2548583e-01,-0.00000e+00,1.40000e-01,
3.2577878e-01,-0.00000e+00,1.38000e-01,
3.2607174e-01,-0.00000e+00,1.40000e-01,
3.2636470e-01,-0.00000e+00,1.40000e-01,
3.2665765e-01,-0.00000e+00,1.38000e-01,
3.2695061e-01,-0.00000e+00,1.38000e-01,
3.2724357e-01,-0.00000e+00,1.34000e-01,
3.2753652e-01,2.00001e-01,1.38000e-01,
3.2782948e-01,-0.00000e+00,1.40000e-01,
3.2812244e-01,-0.00000e+00,1.38000e-01,
3.2841539e-01,-0.00000e+00,1.38000e-01,
3.2870835e-01,-0.00000e+00,1.38000e-01,
3.2900131e-01,-0.00000e+00,1.38000e-01,
3.2929426e-01,-0.00000e+00,1.42000e-01,
3.2958722e-01,-0.00000e+00,1.40000e-01,
3.2988018e-01,2.00001e-01,1.42000e-01,
3.3017313e-01,-0.00000e+00,1.42000e-01,
3.3046609e-01,-0.00000e+00,1.40000e-01,
3.3075905e-01,-0.00000e+00,1.42000e-01,
3.3105201e-01,-0.00000e+00,1.42000e-01,
3.3134496e-01,2.00001e-01,1.44000e-01,
3.3163792e-01,-0.00000e+00,1.42000e-01,
3.3193088e-01,-0.00000e+00,1.42000e-01,
3.3222383e-01,-0.00000e+00,1.46000e-01,
3.3251679e-01,2.00001e-01,1.46000e-01,
3.3280975e-01,2.00001e-01,1.42000e-01,
3.3310270e-01,-0.00000e+00,1.46000e-01,
3.3339566e-01,-0.00000e+00,1.46000e-01,
3.3368862e-01,-0.00000e+00,1.46000e-01,
3.3398157e-01,-0.00000e+00,1.46000e-01,
3.3427453e-01,-0.00000e+00,1.46000e-01,
3.3456749e-01,-0.00000e+00,1.46000e-01,
3.3486044e-01,-0.00000e+00,1.46000e-01,
3.3515340e-01,-0.00000e+00,1.48000e-01,
3.3544636e-01,2.00001e-01,1.48000e-01,
3.3573931e-01,-0.00000e+00,1.46000e-01,
3.3603227e-01,-0.00000e+00,1.48000e-01,
3.3632523e-01,-0.00000e+00,1.46000e-01,
3.3661819e-01,-0.00000e+00,1.46000e-01,
3.3691114e-01,-0.00000e+00,1.44000e-01,
3.3720410e-01,2.00001e-01,1.46000e-01,
3.3749706e-01,-0.00000e+00,1.46000e-01,
3.3779001e-01,-0.00000e+00,1.48000e-01,
3.3808297e-01,-0.00000e+00,1.46000e-01,
3.3837593e-01,-0.00000e+00,1.46000e-01,
3.3866888e-01,-0.00000e+00,1.44000e-01,
3.3896184e-01,-0.00000e+00,1.46000e-01,
3.3925480e-01,-0.00000e+00,1.46000e-01,
3.3954775e-01,-0.00000e+00,1.46000e-01,
3.3984071e-01,-0.00000e+00,1.44000e-01,
3.4013367e-01,2.00001e-01,1.48000e-01,
3.4042662e-01,-0.00000e+00,1.42000e-01,
3.4071958e-01,2.00001e-01,1.44000e-01,
3.4101254e-01,-0.00000e+00,1.44000e-01,
3.4130549e-01,-0.00000e+00,1.42000e-01,
3.4159845e-01,-0.00000e+00,1.44000e-01,
3.4189141e-01,-0.00000e+00,1.44000e-01,
3.4218436e-01,-0.00000e+00,1.42000e-01,
3.4247732e-01,-0.00000e+00,1.42000e-01,
3.4277028e-01,2.00001e-01,1.44000e-01,
3.4306324e-01,2.00001e-01,1.44000e-01,
3.4335619e-01,-0.00000e+00,1.42000e-01,
3.4364915e-01,-0.00000e+00,1.42000e-01,
3.4394211e-01,-0.00000e+00,1.40000e-01,
3.4423506e-01,-0.00000e+00,1.40000e-01,
3.4452802e-01,-0.00000e+00,1.42000e-01,
3.4482098e-01,-0.00000e+00,1.40000e-01,
3.4511393e-01,2.00001e-01,1.38000e-01,
3.4540689e-01,-0.00000e+00,1.42000e-01,
3.4569985e-01,-0.00000e+00,1.42000e-01,
3.4599280e-01,2.00001e-01,1.42000e-01,
3.4628576e-01,2.00001e-01,1.42000e-01,
3.4657872e-01,-0.00000e+00,1.42000e-01,
3.4687167e-01,-0.00000e+00,1.44000e-01,
3.4716463e-01,-0.00000e+00,1.46000e-01,
3.4745759e-01,-0.00000e+00,1.46000e-01,
3.4775054e-01,-0.00000e+00,1.42000e-01,
3.4804350e-01,-0.00000e+00,1.48000e-01,
3.4833646e-01,2.00001e-01,1.48000e-01,
3.4862942e-01,-0.00000e+00,1.48000e-01,
3.4892237e-01,2.00001e-01,1.48000e-01,
3.4921533e-01,2.00001e-01,1.50000e-01,
3.4950829e-01,-0.00000e+00,1.48000e-01,
3.4980124e-01,2.00001e-01,1.52000e-01,
3.5009420e-01,-0.00000e+00,1.48000e-01,
3.5038716e-01,-0.00000e+00,1.50000e-01,
3.5068011e-01,-0.00000e+00,1.50000e-01,
3.5097307e-01,2.00001e-01,1.48000e-01,
3.5126603e-01,2.00001e-01,1.48000e-01,
3.5155898e-01,-0.00000e+00,1.48000e-01,
3.5185194e-01,-0.00000e+00,1.50000e-01,
3.5214490e-01,2.00001e-01,1.50000e-01,
3.5243785e-01,-0.00000e+00,1.48000e-01,
3.5273081e-01,-0.00000e+00,1.50000e-01,
3.5302377e-01,2.00001e-01,1.48000e-01,
3.5331672e-01,-0.00000e+00,1.46000e-01,
3.5360968e-01,-0.00000e+00,1.48000e-01,
3.5390264e-01,-0.00000e+00,1.48000e-01,
3.5419559e-01,-0.00000e+00,1.50000e-01,
3.5448855e-01,-0.00000e+00,1.50000e-01,
3.5478151e-01,-0.00000e+00,1.48000e-01,
3.5507447e-01,-0.00000e+00,1.48000e-01,
3.5536742e-01,-0.00000e+00,1.44000e-01,
3.5566038e-01,-0.00000e+00,1.48000e-01,
3.5595334e-01,-0.00000e+00,1.48000e-01,
3.5624629e-01,-0.00000e+00,1.50000e-01,
3.5653925e-01,-0.00000e+00,1.46000e-01,
3.5683221e-01,2.00001e-01,1.48000e-01,
3.5712516e-01,-0.00000e+00,1.48000e-01,
3.5741812e-01,2.00001e-01,1.46000e-01,
3.5771108e-01,2.00001e-01,1.50000e-01,
3.5800403e-01,-0.00000e+00,1.46000e-01,
3.5829699e-01,-0.00000e+00,1.46000e-01,
3.5858995e-01,2.00001e-01,1.44000e-01,
3.5888290e-01,-0.00000e+00,1.46000e-01,
3.5917586e-01,2.00001e-01,1.42000e-01,
3.5946882e-01,-0.00000e+00,1.48000e-01,
3.5976177e-01,-0.00000e+00,1.42000e-01,
3.6005473e-01,-0.00000e+00,1.42000e-01,
3.6034769e-01,-0.00000e+00,1.34000e-01,
3.6064065e-01,2.00001e-01,1.44000e-01,
3.6093360e-01,-0.00000e+00,1.44000e-01,
3.6122656e-01,2.00001e-01,1.48000e-01,
3.6151952e-01,-0.00000e+00,1.46000e-01,
3.6181247e-01,2.00001e-01,1.50000e-01,
3.6210543e-01,-0.00000e+00,1.48000e-01,
3.6239839e-01,2.00001e-01,1.48000e-01,
3.6269134e-01,-0.00000e+00,1.48000e-01,
3.6298430e-01,-0.00000e+00,1.48000e-01,
3.6327726e-01,2.00001e-01,1.48000e-01,
3.6357021e-01,-0.00000e+00,1.50000e-01,
3.6386317e-01,2.00001e-01,1.48000e-01,
3.6415613e-01,-0.00000e+00,1.50000e-01,
3.6444908e-01,2.00001e-01,1.50000e-01,
3.6474204e-01,2.00001e-01,1.50000e-01,
3.6503500e-01,2.00001e-01,1.52000e-01,
3.6532795e-01,-0.00000e+00,1.50000e-01,
3.6562091e-01,2.00001e-01,1.50000e-01,
3.6591387e-01,2.00001e-01,1.50000e-01,
3.6620682e-01,-0.00000e+00,1.50000e-01,
3.6649978e-01,-0.00000e+00,1.50000e-01,
3.6679274e-01,2.00001e-01,1.50000e-01,
3.6708570e-01,-0.00000e+00,1.50000e-01,
3.6737865e-01,-0.00000e+00,1.50000e-01,
3.6767161e-01,2.00001e-01,1.50000e-01,
3.6796457e-01,2.00001e-01,1.50000e-01,
3.6825752e-01,2.00001e-01,1.50000e-01,
3.6855048e-01,2.00001e-01,1.50000e-01,
3.6884344e-01,2.00001e-01,1.50000e-01,
3.6913639e-01,-0.00000e+00,1.48000e-01,
3.6942935e-01,-0.00000e+00,1.50000e-01,
3.6972231e-01,2.00001e-01,1.50000e-01,
3.7001526e-01,-0.00000e+00,1.52000e-01,
3.7030822e-01,-0.00000e+00,1.50000e-01,
3.7060118e-01,-0.00000e+00,1.48000e-01,
3.7089413e-01,-0.00000e+00,1.50000e-01,
3.7118709e-01,-0.00000e+00,1.50000e-01,
3.7148005e-01,-0.00000e+00,1.56000e-01,
3.7177300e-01,2.00001e-01,1.50000e-01,
3.7206596e-01,-0.00000e+00,1.50000e-01,
3.7235892e-01,2.00001e-01,1.50000e-01,
3.7265188e-01,-0.00000e+00,1.50000e-01,
3.7294483e-01,-0.00000e+00,1.50000e-01,
3.7323779e-01,-0.00000e+00,1.48000e-01,
3.7353075e-01,-0.00000e+00,1.48000e-01,
3.7382370e-01,-0.00000e+00,1.48000e-01,
3.7411666e-01,-0.00000e+00,1.48000e-01,
3.7440962e-01,-0.00000e+00,1.48000e-01,
3.7470257e-01,2.00001e-01,1.50000e-01,
3.7499553e-01,-0.00000e+00,1.46000e-01,
3.7528849e-01,-0.00000e+00,1.46000e-01,
3.7558144e-01,-0.00000e+00,1.44000e-01,
3.7587440e-01,-0.00000e+00,1.46000e-01,
3.7616736e-01,2.00001e-01,1.46000e-01,
3.7646031e-01,-0.00000e+00,1.46000e-01,
3.7675327e-01,-0.00000e+00,1.48000e-01,
3.7704623e-01,2.00001e-01,1.50000e-01,
3.7733918e-01,2.00001e-01,1.48000e-01,
3.7763214e-01,-0.00000e+00,1.50000e-01,
3.7792510e-01,-0.00000e+00,1.50000e-01,
3.7821805e-01,-0.00000e+00,1.50000e-01,
3.7851101e-01,-0.00000e+00,1.50000e-01,
3.7880397e-01,-0.00000e+00,1.56000e-01,
3.7909693e-01,-0.00000e+00,1.52000e-01,
3.7938988e-01,2.00001e-01,1.50000e-01,
3.7968284e-01,-0.00000e+00,1.52000e-01,
3.7997580e-01,-0.00000e+00,1.54000e-01,
3.8026875e-01,2.00001e-01,1.54000e-01,
3.8056171e-01,2.00001e-01,1.54000e-01,
3.8085467e-01,-0.00000e+00,1.54000e-01,
3.8114762e-01,-0.00000e+00,1.50000e-01,
3.8144058e-01,-0.00000e+00,1.54000e-01,
3.8173354e-01,-0.00000e+00,1.54000e-01,
3.8202649e-01,-0.00000e+00,1.54000e-01,
3.8231945e-01,-0.00000e+00,1.52000e-01,
3.8261241e-01,-0.00000e+00,1.54000e-01,
3.8290536e-01,-0.00000e+00,1.54000e-01,
3.8319832e-01,-0.00000e+00,1.54000e-01,
3.8349128e-01,-0.00000e+00,1.54000e-01,
3.8378423e-01,-0.00000e+00,1.54000e-01,
3.8407719e-01,-0.00000e+00,1.54000e-01,
3.8437015e-01,-0.00000e+00,1.58000e-01,
3.8466311e-01,-0.00000e+00,1.54000e-01,
3.8495606e-01,-0.00000e+00,1.52000e-01,
3.8524902e-01,-0.00000e+00,1.54000e-01,
3.8554198e-01,-0.00000e+00,1.54000e-01,
3.8583493e-01,-0.00000e+00,1.54000e-01,
3.8612789e-01,-0.00000e+00,1.52000e-01,
3.8642085e-01,-0.00000e+00,1.54000e-01,
3.8671380e-01,-0.00000e+00,1.50000e-01,
3.8700676e-01,-0.00000e+00,1.50000e-01,
3.8729972e-01,2.00001e-01,1.52000e-01,
3.8759267e-01,-0.00000e+00,1.54000e-01,
3.8788563e-01,-0.00000e+00,1.50000e-01,
3.8817859e-01,-0.00000e+00,1.50000e-01,
3.8847154e-01,-0.00000e+00,1.52000e-01,
3.8876450e-01,-0.00000e+00,1.50000e-01,
3.8905746e-01,-0.00000e+00,1.50000e-01,
3.8935041e-01,-0.00000e+00,1.50000e-01,
3.8964337e-01,2.00001e-01,1.50000e-01,
3.8993633e-01,-0.00000e+00,1.50000e-01,
3.9022928e-01,-0.00000e+00,1.50000e-01,
3.9052224e-01,-0.00000e+00,1.50000e-01,
3.9081520e-01,-0.00000e+00,1.46000e-01,
3.9110816e-01,-0.00000e+00,1.48000e-01,
3.9140111e-01,2.00001e-01,1.50000e-01,
3.9169407e-01,-0.00000e+00,1.50000e-01,
3.9198703e-01,-0.00000e+00,1.50000e-01,
3.9227998e-01,-0.00000e+00,1.50000e-01,
3.9257294e-01,2.00001e-01,1.50000e-01,
3.9286590e-01,2.00001e-01,1.52000e-01,
3.9315885e-01,-0.00000e+00,1.52000e-01,
3.9345181e-01,-0.00000e+00,1.54000e-01,
3.9374477e-01,-0.00000e+00,1.54000e-01,
3.9403772e-01,-0.00000e+00,1.56000e-01,
3.9433068e-01,-0.00000e+00,1.56000e-01,
3.9462364e-01,-0.00000e+00,1.54000e-01,
3.9491659e-01,-0.00000e+00,1.56000e-01,
3.9520955e-01,-0.00000e+00,1.58000e-01,
3.9550251e-01,-0.00000e+00,1.56000e-01,
3.9579546e-01,-0.00000e+00,1.56000e-01,
3.9608842e-01,-0.00000e+00,1.58000e-01,
3.9638138e-01,-0.00000e+00,1.56000e-01,
3.9667434e-01,2.00001e-01,1.56000e-01,
3.9696729e-01,2.00001e-01,1.58000e-01,
3.9726025e-01,-0.00000e+00,1.58000e-01,
3.9755321e-01,-0.00000e+00,1.58000e-01,
3.9784616e-01,2.00001e-01,1.58000e-01,
3.9813912e-01,-0.00000e+00,1.58000e-01,
3.9843208e-01,-0.00000e+00,1.56000e-01,
3.9872503e-01,-0.00000e+00,1.56000e-01,
3.9901799e-01,-0.00000e+00,1.56000e-01,
3.9931095e-01,-0.00000e+00,1.58000e-01,
3.9960390e-01,-0.00000e+00,1.58000e-01,
3.9989686e-01,2.00001e-01,1.56000e-01,
4.0018982e-01,-0.00000e+00,1.56000e-01,
4.0048277e-01,2.00001e-01,1.54000e-01,
4.0077573e-01,-0.00000e+00,1.58000e-01,
4.0106869e-01,-0.00000e+00,1.56000e-01,
4.0136164e-01,-0.00000e+00,1.56000e-01,
4.0165460e-01,2.00001e-01,1.54000e-01,
4.0194756e-01,-0.00000e+00,1.56000e-01,
4.0224051e-01,-0.00000e+00,1.60000e-01,
4.0253347e-01,-0.00000e+00,1.56000e-01,
4.0282643e-01,-0.00000e+00,1.54000e-01,
4.0311939e-01,-0.00000e+00,1.54000e-01,
4.0341234e-01,-0.00000e+00,1.54000e-01,
4.0370530e-01,-0.00000e+00,1.50000e-01,
4.0399826e-01,2.00001e-01,1.54000e-01,
4.0429121e-01,-0.00000e+00,1.54000e-01,
4.0458417e-01,-0.00000e+00,1.52000e-01,
4.0487713e-01,-0.00000e+00,1.54000e-01,
4.0517008e-01,-0.00000e+00,1.50000e-01,
4.0546304e-01,-0.00000e+00,1.50000e-01,
4.0575600e-01,2.00001e-01,1.50000e-01,
4.0604895e-01,2.00001e-01,1.50000e-01,
4.0634191e-01,-0.00000e+00,1.54000e-01,
4.0663487e-01,-0.00000e+00,1.54000e-01,
4.0692782e-01,-0.00000e+00,1.50000e-01,
4.0722078e-01,2.00001e-01,1.54000e-01,
4.0751374e-01,-0.00000e+00,1.56000e-01,
4.0780669e-01,-0.00000e+00,1.56000e-01,
4.0809965e-01,2.00001e-01,1.54000e-01,
4.0839261e-01,-0.00000e+00,1.56000e-01,
4.0868556e-01,-0.00000e+00,1.56000e-01,
4.0897852e-01,-0.00000e+00,1.58000e-01,
4.0927148e-01,-0.00000e+00,1.58000e-01,
4.0956444e-01,-0.00000e+00,1.58000e-01,
4.0985739e-01,-0.00000e+00,1.58000e-01,
4.1015035e-01,-0.00000e+00,1.58000e-01,
4.1044331e-01,-0.00000e+00,1.58000e-01,
4.1073626e-01,-0.00000e+00,1.58000e-01,
4.1102922e-01,-0.00000e+00,1.58000e-01,
4.1132218e-01,-0.00000e+00,1.58000e-01,
4.1161513e-01,-0.00000e+00,1.62000e-01,
4.1190809e-01,-0.00000e+00,1.58000e-01,
4.1220105e-01,-0.00000e+00,1.58000e-01,
4.1249400e-01,-0.00000e+00,1.58000e-01,
4.1278696e-01,-0.00000e+00,1.58000e-01,
4.1307992e-01,-0.00000e+00,1.60000e-01,
4.1337287e-01,2.00001e-01,1.62000e-01,
4.1366583e-01,-0.00000e+00,1.58000e-01,
4.1395879e-01,-0.00000e+00,1.58000e-01,
4.1425174e-01,-0.00000e+00,1.58000e-01,
4.1454470e-01,-0.00000e+00,1.64000e-01,
4.1483766e-01,-0.00000e+00,1.58000e-01,
4.1513062e-01,-0.00000e+00,1.58000e-01,
4.1542357e-01,2.00001e-01,1.58000e-01,
4.1571653e-01,-0.00000e+00,1.58000e-01,
4.1600949e-01,-0.00000e+00,1.56000e-01,
4.1630244e-01,-0.00000e+00,1.58000e-01,
4.1659540e-01,-0.00000e+00,1.58000e-01,
4.1688836e-01,-0.00000e+00,1.58000e-01,
4.1718131e-01,-0.00000e+00,1.56000e-01,
4.1747427e-01,2.00001e-01,1.58000e-01,
4.1776723e-01,2.00001e-01,1.56000e-01,
4.1806018e-01,-0.00000e+00,1.58000e-01,
4.1835314e-01,-0.00000e+00,1.58000e-01,
4.1864610e-01,-0.00000e+00,1.56000e-01,
4.1893905e-01,-0.00000e+00,1.58000e-01,
4.1923201e-01,-0.00000e+00,1.56000e-01,
4.1952497e-01,-0.00000e+00,1.56000e-01,
4.1981792e-01,-0.00000e+00,1.56000e-01,
4.2011088e-01,2.00001e-01,1.54000e-01,
4.2040384e-01,-0.00000e+00,1.52000e-01,
4.2069679e-01,-0.00000e+00,1.54000e-01,
4.2098975e-01,-0.00000e+00,1.56000e-01,
4.2128271e-01,2.00001e-01,1.58000e-01,
4.2157567e-01,-0.00000e+00,1.56000e-01,
4.2186862e-01,2.00001e-01,1.58000e-01,
4.2216158e-01,-0.00000e+00,1.58000e-01,
4.2245454e-01,2.00001e-01,1.58000e-01,
4.2274749e-01,2.00001e-01,1.58000e-01,
4.2304045e-01,-0.00000e+00,1.56000e-01,
4.2333341e-01,-0.00000e+00,1.58000e-01,
4.2362636e-01,-0.00000e+00,1.58000e-01,
4.2391932e-01,-0.00000e+00,1.58000e-01,
4.2421228e-01,-0.00000e+00,1.60000e-01,
4.2450523e-01,-0.00000e+00,1.58000e-01,
4.2479819e-01,-0.00000e+00,1.58000e-01,
4.2509115e-01,2.00001e-01,1.60000e-01,
4.2538410e-01,-0.00000e+00,1.62000e-01,
4.2567706e-01,-0.00000e+00,1.60000e-01,
4.2597002e-01,-0.00000e+00,1.62000e-01,
4.2626297e-01,-0.00000e+00,1.64000e-01,
4.2655593e-01,2.00001e-01,1.62000e-01,
4.2684889e-01,-0.00000e+00,1.62000e-01,
4.2714185e-01,-0.00000e+00,1.62000e-01,
4.2743480e-01,-0.00000e+00,1.60000e-01,
4.2772776e-01,-0.00000e+00,1.58000e-01,
4.2802072e-01,-0.00000e+00,1.62000e-01,
4.2831367e-01,-0.00000e+00,1.62000e-01,
4.2860663e-01,-0.00000e+00,1.58000e-01,
4.2889959e-01,-0.00000e+00,1.58000e-01,
4.2919254e-01,-0.00000e+00,1.62000e-01,
4.2948550e-01,-0.00000e+00,1.62000e-01,
4.2977846e-01,-0.00000e+00,1.60000e-01,
4.3007141e-01,-0.00000e+00,1.62000e-01,
4.3036437e-01,2.00001e-01,1.58000e-01,
4.3065733e-01,-0.00000e+00,1.62000e-01,
4.3095028e-01,-0.00000e+00,1.58000e-01,
4.3124324e-01,2.00001e-01,1.58000e-01,
4.3153620e-01,-0.00000e+00,1.58000e-01,
4.3182915e-01,-0.00000e+00,1.58000e-01,
4.3212211e-01,-0.00000e+00,1.58000e-01,
4.3241507e-01,-0.00000e+00,1.60000e-01,
4.3270802e-01,-0.00000e+00,1.58000e-01,
4.3300098e-01,-0.00000e+00,1.58000e-01,
4.3329394e-01,-0.00000e+00,1.58000e-01,
4.3358690e-01,-0.00000e+00,1.56000e-01,
4.3387985e-01,2.00001e-01,1.58000e-01,
4.3417281e-01,2.00001e-01,1.54000e-01,
4.3446577e-01,-0.00000e+00,1.56000e-01,
4.3475872e-01,-0.00000e+00,1.56000e-01,
4.3505168e-01,-0.00000e+00,1.58000e-01,
4.3534464e-01,2.00001e-01,1.56000e-01,
4.3563759e-01,-0.00000e+00,1.58000e-01,
4.3593055e-01,-0.00000e+00,1.58000e-01,
4.3622351e-01,-0.00000e+00,1.58000e-01,
4.3651646e-01,-0.00000e+00,1.58000e-01,
4.3680942e-01,2.00001e-01,1.62000e-01,
4.3710238e-01,-0.00000e+00,1.58000e-01,
4.3739533e-01,-0.00000e+00,1.66000e-01,
4.3768829e-01,-0.00000e+00,1.60000e-01,
4.3798125e-01,-0.00000e+00,1.62000e-01,
4.3827420e-01,-0.00000e+00,1.64000e-01,
4.3856716e-01,2.00001e-01,1.64000e-01,
4.3886012e-01,-0.00000e+00,1.64000e-01,
4.3915308e-01,2.00001e-01,1.62000e-01,
4.3944603e-01,-0.00000e+00,1.62000e-01,
4.3973899e-01,-0.00000e+00,1.64000e-01,
4.4003195e-01,-0.00000e+00,1.62000e-01,
4.4032490e-01,-0.00000e+00,1.62000e-01,
4.4061786e-01,-0.00000e+00,1.62000e-01,
4.4091082e-01,-0.00000e+00,1.64000e-01,
4.4120377e-01,-0.00000e+00,1.64000e-01,
4.4149673e-01,-0.00000e+00,1.64000e-01,
4.4178969e-01,-0.00000e+00,1.66000e-01,
4.4208264e-01,-0.00000e+00,1.64000e-01,
4.4237560e-01,-0.00000e+00,1.64000e-01,
4.4266856e-01,-0.00000e+00,1.64000e-01,
4.4296151e-01,-0.00000e+00,1.64000e-01,
4.4325447e-01,2.00001e-01,1.62000e-01,
4.4354743e-01,-0.00000e+00,1.64000e-01,
4.4384038e-01,-0.00000e+00,1.72000e-01,
4.4413334e-01,-0.00000e+00,1.62000e-01,
4.4442630e-01,-0.00000e+00,1.64000e-01,
4.4471925e-01,-0.00000e+00,1.64000e-01,
4.4501221e-01,-0.00000e+00,1.64000e-01,
4.4530517e-01,-0.00000e+00,1.62000e-01,
4.4559813e-01,-0.00000e+00,1.60000e-01,
4.4589108e-01,2.00001e-01,1.60000e-01,
4.4618404e-01,-0.00000e+00,1.62000e-01,
4.4647700e-01,-0.00000e+00,1.62000e-01,
4.4676995e-01,-0.00000e+00,1.62000e-01,
4.4706291e-01,-0.00000e+00,1.60000e-01,
4.4735587e-01,-0.00000e+00,1.58000e-01,
4.4764882e-01,2.00001e-01,1.60000e-01,
4.4794178e-01,2.00001e-01,1.58000e-01,
4.4823474e-01,-0.00000e+00,1.58000e-01,
4.4852769e-01,2.00001e-01,1.58000e-01,
4.4882065e-01,2.00001e-01,1.58000e-01,
4.4911361e-01,-0.00000e+00,1.58000e-01,
4.4940656e-01,-0.00000e+00,1.58000e-01,
4.4969952e-01,2.00001e-01,1.58000e-01,
4.4999248e-01,2.00001e-01,1.62000e-01,
4.5028543e-01,2.00001e-01,1.58000e-01,
4.5057839e-01,-0.00000e+00,1.62000e-01,
4.5087135e-01,-0.00000e+00,1.64000e-01,
4.5116431e-01,-0.00000e+00,1.64000e-01,
4.5145726e-01,-0.00000e+00,1.66000e-01,
4.5175022e-01,-0.00000e+00,1.66000e-01,
4.5204318e-01,-0.00000e+00,1.62000e-01,
4.5233613e-01,2.00001e-01,1.66000e-01,
4.5262909e-01,-0.00000e+00,1.58000e-01,
4.5292205e-01,-0.00000e+00,1.66000e-01,
4.5321500e-01,2.00001e-01,1.66000e-01,
4.5350796e-01,2.00001e-01,1.66000e-01,
4.5380092e-01,-0.00000e+00,1.66000e-01,
4.5409387e-01,-0.00000e+00,1.66000e-01,
4.5438683e-01,-0.00000e+00,1.66000e-01,
4.5467979e-01,-0.00000e+00,1.66000e-01,
4.5497274e-01,-0.00000e+00,1.66000e-01,
4.5526570e-01,-0.00000e+00,1.66000e-01,
4.5555866e-01,2.00001e-01,1.66000e-01,
4.5585161e-01,2.00001e-01,1.68000e-01,
4.5614457e-01,-0.00000e+00,1.66000e-01,
4.5643753e-01,-0.00000e+00,1.68000e-01,
4.5673048e-01,2.00001e-01,1.66000e-01,
4.5702344e-01,2.00001e-01,1.66000e-01,
4.5731640e-01,-0.00000e+00,1.66000e-01,
4.5760936e-01,-0.00000e+00,1.66000e-01,
4.5790231e-01,-0.00000e+00,1.66000e-01,
4.5819527e-01,-0.00000e+00,1.66000e-01,
4.5848823e-01,-0.00000e+00,1.66000e-01,
4.5878118e-01,-0.00000e+00,1.66000e-01,
4.5907414e-01,2.00001e-01,1.64000e-01,
4.5936710e-01,-0.00000e+00,1.66000e-01,
4.5966005e-01,2.00001e-01,1.64000e-01,
4.5995301e-01,-0.00000e+00,1.66000e-01,
4.6024597e-01,-0.00000e+00,1.64000e-01,
4.6053892e-01,-0.00000e+00,1.64000e-01,
4.6083188e-01,2.00001e-01,1.64000e-01,
4.6112484e-01,2.00001e-01,1.62000e-01,
4.6141779e-01,-0.00000e+00,1.62000e-01,
4.6171075e-01,-0.00000e+00,1.64000e-01,
4.6200371e-01,-0.00000e+00,1.62000e-01,
4.6229666e-01,2.00001e-01,1.64000e-01,
4.6258962e-01,-0.00000e+00,1.62000e-01,
4.6288258e-01,-0.00000e+00,1.62000e-01,
4.6317554e-01,-0.00000e+00,1.62000e-01,
4.6346849e-01,-0.00000e+00,1.62000e-01,
4.6376145e-01,2.00001e-01,1.64000e-01,
4.6405441e-01,-0.00000e+00,1.64000e-01,
4.6434736e-01,-0.00000e+00,1.64000e-01,
4.6464032e-01,-0.00000e+00,1.64000e-01,
4.6493328e-01,-0.00000e+00,1.64000e-01,
4.6522623e-01,-0.00000e+00,1.66000e-01,
4.6551919e-01,-0.00000e+00,1.64000e-01,
4.6581215e-01,-0.00000e+00,1.66000e-01,
4.6610510e-01,2.00001e-01,1.66000e-01,
4.6639806e-01,-0.00000e+00,1.64000e-01,
4.6669102e-01,2.00001e-01,1.70000e-01,
4.6698397e-01,2.00001e-01,1.68000e-01,
4.6727693e-01,-0.00000e+00,1.68000e-01,
4.6756989e-01,-0.00000e+00,1.70000e-01,
4.6786284e-01,2.00001e-01,1.70000e-01,
4.6815580e-01,2.00001e-01,1.66000e-01,
4.6844876e-01,2.00001e-01,1.66000e-01,
4.6874171e-01,-0.00000e+00,1.68000e-01,
4.6903467e-01,2.00001e-01,1.66000e-01,
4.6932763e-01,-0.00000e+00,1.68000e-01,
4.6962059e-01,-0.00000e+00,1.66000e-01,
4.6991354e-01,2.00001e-01,1.68000e-01,
4.7020650e-01,2.00001e-01,1.66000e-01,
4.7049946e-01,-0.00000e+00,1.68000e-01,
4.7079241e-01,2.00001e-01,1.70000e-01,
4.7108537e-01,2.00001e-01,1.70000e-01,
4.7137833e-01,2.00001e-01,1.66000e-01,
4.7167128e-01,2.00001e-01,1.66000e-01,
4.7196424e-01,-0.00000e+00,1.68000e-01,
4.7225720e-01,-0.00000e+00,1.66000e-01,
4.7255015e-01,-0.00000e+00,1.66000e-01,
4.7284311e-01,-0.00000e+00,1.72000e-01,
4.7313607e-01,2.00001e-01,1.66000e-01,
4.7342902e-01,-0.00000e+00,1.66000e-01,
4.7372198e-01,-0.00000e+00,1.66000e-01,
4.7401494e-01,-0.00000e+00,1.66000e-01,
4.7430789e-01,2.00001e-01,1.66000e-01,
4.7460085e-01,-0.00000e+00,1.64000e-01,
4.7489381e-01,-0.00000e+00,1.66000e-01,
4.7518677e-01,-0.00000e+00,1.66000e-01,
4.7547972e-01,-0.00000e+00,1.66000e-01,
4.7577268e-01,-0.00000e+00,1.66000e-01,
4.7606564e-01,-0.00000e+00,1.66000e-01,
4.7635859e-01,-0.00000e+00,1.64000e-01,
4.7665155e-01,-0.00000e+00,1.64000e-01,
4.7694451e-01,2.00001e-01,1.66000e-01,
4.7723746e-01,-0.00000e+00,1.64000e-01,
4.7753042e-01,-0.00000e+00,1.66000e-01,
4.7782338e-01,-0.00000e+00,1.66000e-01,
4.7811633e-01,-0.00000e+00,1.66000e-01,
4.7840929e-01,-0.00000e+00,1.66000e-01,
4.7870225e-01,2.00001e-01,1.66000e-01,
4.7899520e-01,-0.00000e+00,1.68000e-01,
4.7928816e-01,2.00001e-01,1.66000e-01,
4.7958112e-01,2.00001e-01,1.70000e-01,
4.7987407e-01,-0.00000e+00,1.70000e-01,
4.8016703e-01,-0.00000e+00,1.70000e-01,
4.8045999e-01,-0.00000e+00,1.72000e-01,
4.8075294e-01,2.00001e-01,1.70000e-01,
4.8104590e-01,-0.00000e+00,1.72000e-01,
4.8133886e-01,-0.00000e+00,1.72000e-01,
4.8163182e-01,-0.00000e+00,1.70000e-01,
4.8192477e-01,-0.00000e+00,1.70000e-01,
4.8221773e-01,-0.00000e+00,1.70000e-01,
4.8251069e-01,-0.00000e+00,1.72000e-01,
4.8280364e-01,-0.00000e+00,1.72000e-01,
4.8309660e-01,-0.00000e+00,1.70000e-01,
4.8338956e-01,-0.00000e+00,1.72000e-01,
4.8368251e-01,-0.00000e+00,1.74000e-01,
4.8397547e-01,-0.00000e+00,1.72000e-01,
4.8426843e-01,-0.00000e+00,1.70000e-01,
4.8456138e-01,-0.00000e+00,1.70000e-01,
4.8485434e-01,2.00001e-01,1.72000e-01,
4.8514730e-01,-0.00000e+00,1.72000e-01,
4.8544025e-01,-0.00000e+00,1.72000e-01,
4.8573321e-01,-0.00000e+00,1.72000e-01,
4.8602617e-01,-0.00000e+00,1.72000e-01,
4.8631912e-01,-0.00000e+00,1.70000e-01,
4.8661208e-01,-0.00000e+00,1.70000e-01,
4.8690504e-01,2.00001e-01,1.72000e-01,
4.8719800e-01,2.00001e-01,1.70000e-01,
4.8749095e-01,-0.00000e+00,1.68000e-01,
4.8778391e-01,-0.00000e+00,1.66000e-01,
4.8807687e-01,-0.00000e+00,1.68000e-01,
4.8836982e-01,2.00001e-01,1.68000e-01,
4.8866278e-01,2.00001e-01,1.68000e-01,
4.8895574e-01,-0.00000e+00,1.66000e-01,
4.8924869e-01,-0.00000e+00,1.66000e-01,
4.8954165e-01,-0.00000e+00,1.66000e-01,
4.8983461e-01,2.00001e-01,1.66000e-01,
4.9012756e-01,2.00001e-01,1.66000e-01,
4.9042052e-01,-0.00000e+00,1.66000e-01,
4.9071348e-01,2.00001e-01,1.70000e-01,
4.9100643e-01,2.00001e-01,1.66000e-01,
4.9129939e-01,-0.00000e+00,1.68000e-01,
4.9159235e-01,2.00001e-01,1.64000e-01,
4.9188530e-01,-0.00000e+00,1.68000e-01,
4.9217826e-01,2.00001e-01,1.70000e-01,
4.9247122e-01,-0.00000e+00,1.70000e-01,
4.9276417e-01,-0.00000e+00,1.72000e-01,
4.9305713e-01,-0.00000e+00,1.70000e-01,
4.9335009e-01,-0.00000e+00,1.68000e-01,
4.9364305e-01,-0.00000e+00,1.72000e-01,
4.9393600e-01,2.00001e-01,1.72000e-01,
4.9422896e-01,-0.00000e+00,1.70000e-01,
4.9452192e-01,2.00001e-01,1.70000e-01,
4.9481487e-01,-0.00000e+00,1.74000e-01,
4.9510783e-01,-0.00000e+00,1.74000e-01,
4.9540079e-01,2.00001e-01,1.72000e-01,
4.9569374e-01,-0.00000e+00,1.74000e-01,
4.9598670e-01,-0.00000e+00,1.72000e-01,
4.9627966e-01,-0.00000e+00,1.72000e-01,
4.9657261e-01,-0.00000e+00,1.74000e-01,
4.9686557e-01,-0.00000e+00,1.74000e-01,
4.9715853e-01,-0.00000e+00,1.74000e-01,
4.9745148e-01,-0.00000e+00,1.74000e-01,
4.9774444e-01,-0.00000e+00,1.74000e-01,
4.9803740e-01,-0.00000e+00,1.72000e-01,
4.9833035e-01,-0.00000e+00,1.72000e-01,
4.9862331e-01,-0.00000e+00,1.72000e-01,
4.9891627e-01,-0.00000e+00,1.72000e-01,
4.9920923e-01,-0.00000e+00,1.74000e-01,
4.9950218e-01,-0.00000e+00,1.74000e-01,
4.9979514e-01,-0.00000e+00,1.72000e-01,
5.0008810e-01,2.00001e-01,1.74000e-01,
5.0038105e-01,-0.00000e+00,1.72000e-01,
5.0067401e-01,-0.00000e+00,1.74000e-01,
5.0096697e-01,-0.00000e+00,1.72000e-01,
5.0125992e-01,-0.00000e+00,1.70000e-01,
5.0155288e-01,-0.00000e+00,1.70000e-01,
5.0184584e-01,-0.00000e+00,1.70000e-01,
5.0213879e-01,-0.00000e+00,1.70000e-01,
5.0243175e-01,-0.00000e+00,1.70000e-01,
5.0272471e-01,-0.00000e+00,1.70000e-01,
5.0301766e-01,2.00001e-01,1.70000e-01,
5.0331062e-01,2.00001e-01,1.68000e-01,
5.0360358e-01,-0.00000e+00,1.68000e-01,
5.0389653e-01,2.00001e-01,1.66000e-01,
5.0418949e-01,-0.00000e+00,1.70000e-01,
5.0448245e-01,-0.00000e+00,1.70000e-01,
5.0477540e-01,-0.00000e+00,1.70000e-01,
5.0506836e-01,-0.00000e+00,1.72000e-01,
5.0536132e-01,-0.00000e+00,1.72000e-01,
5.0565428e-01,2.00001e-01,1.72000e-01,
5.0594723e-01,-0.00000e+00,1.74000e-01,
5.0624019e-01,-0.00000e+00,1.74000e-01,
5.0653315e-01,2.00001e-01,1.74000e-01,
5.0682610e-01,-0.00000e+00,1.74000e-01,
5.0711906e-01,-0.00000e+00,1.74000e-01,
5.0741202e-01,-0.00000e+00,1.74000e-01,
5.0770497e-01,-0.00000e+00,1.78000e-01,
5.0799793e-01,-0.00000e+00,1.74000e-01,
5.0829089e-01,2.00001e-01,1.76000e-01,
5.0858384e-01,2.00001e-01,1.74000e-01,
5.0887680e-01,-0.00000e+00,1.74000e-01,
5.0916976e-01,2.00001e-01,1.74000e-01,
5.0946271e-01,-0.00000e+00,1.72000e-01,
5.0975567e-01,-0.00000e+00,1.74000e-01,
5.1004863e-01,2.00001e-01,1.74000e-01,
5.1034158e-01,2.00001e-01,1.76000e-01,
5.1063454e-01,-0.00000e+00,1.74000e-01,
5.1092750e-01,2.00001e-01,1.74000e-01,
5.1122046e-01,2.00001e-01,1.74000e-01,
5.1151341e-01,2.00001e-01,1.74000e-01,
5.1180637e-01,2.00001e-01,1.74000e-01,
5.1209933e-01,2.00001e-01,1.76000e-01,
5.1239228e-01,2.00001e-01,1.74000e-01,
5.1268524e-01,-0.00000e+00,1.80000e-01,
5.1297820e-01,-0.00000e+00,1.74000e-01,
5.1327115e-01,-0.00000e+00,1.74000e-01,
5.1356411e-01,2.00001e-01,1.72000e-01,
5.1385707e-01,-0.00000e+00,1.74000e-01,
5.1415002e-01,-0.00000e+00,1.74000e-01,
5.1444298e-01,-0.00000e+00,1.74000e-01,
5.1473594e-01,2.00001e-01,1.74000e-01,
5.1502889e-01,-0.00000e+00,1.74000e-01,
5.1532185e-01,-0.00000e+00,1.74000e-01,
5.1561481e-01,2.00001e-01,1.72000e-01,
5.1590776e-01,-0.00000e+00,1.68000e-01,
5.1620072e-01,-0.00000e+00,1.72000e-01,
5.1649368e-01,-0.00000e+00,1.70000e-01,
5.1678663e-01,-0.00000e+00,1.70000e-01,
5.1707959e-01,-0.00000e+00,1.72000e-01,
5.1737255e-01,-0.00000e+00,1.72000e-01,
5.1766551e-01,-0.00000e+00,1.74000e-01,
5.1795846e-01,-0.00000e+00,1.74000e-01,
5.1825142e-01,-0.00000e+00,1.74000e-01,
5.1854438e-01,2.00001e-01,1.74000e-01,
5.1883733e-01,-0.00000e+00,1.74000e-01,
5.1913029e-01,-0.00000e+00,1.74000e-01,
5.1942325e-01,-0.00000e+00,1.80000e-01,
5.1971620e-01,2.00001e-01,1.76000e-01,
5.2000916e-01,-0.00000e+00,1.76000e-01,
5.2030212e-01,-0.00000e+00,1.76000e-01,
5.2059507e-01,2.00001e-01,1.78000e-01,
5.2088803e-01,2.00001e-01,1.74000e-01,
5.2118099e-01,-0.00000e+00,1.78000e-01,
5.2147394e-01,2.00001e-01,1.78000e-01,
5.2176690e-01,-0.00000e+00,1.78000e-01,
5.2205986e-01,-0.00000e+00,1.78000e-01,
5.2235281e-01,-0.00000e+00,1.78000e-01,
5.2264577e-01,-0.00000e+00,1.78000e-01,
5.2293873e-01,-0.00000e+00,1.74000e-01,
5.2323169e-01,-0.00000e+00,1.80000e-01,
5.2352464e-01,2.00001e-01,1.78000e-01,
5.2381760e-01,2.00001e-01,1.78000e-01,
5.2411056e-01,2.00001e-01,1.78000e-01,
5.2440351e-01,2.00001e-01,1.78000e-01,
5.2469647e-01,-0.00000e+00,1.76000e-01,
5.2498943e-01,2.00001e-01,1.80000e-01,
5.2528238e-01,-0.00000e+00,1.78000e-01,
5.2557534e-01,-0.00000e+00,1.78000e-01,
5.2586830e-01,-0.00000e+00,1.78000e-01,
5.2616125e-01,2.00001e-01,1.74000e-01,
5.2645421e-01,-0.00000e+00,1.74000e-01,
5.2674717e-01,2.00001e-01,1.78000e-01,
5.2704012e-01,-0.00000e+00,1.78000e-01,
5.2733308e-01,2.00001e-01,1.74000e-01,
5.2762604e-01,-0.00000e+00,1.74000e-01,
5.2791899e-01,-0.00000e+00,1.74000e-01,
5.2821195e-01,-0.00000e+00,1.76000e-01,
5.2850491e-01,-0.00000e+00,1.74000e-01,
5.2879786e-01,-0.00000e+00,1.74000e-01,
5.2909082e-01,2.00001e-01,1.74000e-01,
5.2938378e-01,-0.00000e+00,1.74000e-01,
5.2967674e-01,-0.00000e+00,1.74000e-01,
5.2996969e-01,-0.00000e+00,1.74000e-01,
5.3026265e-01,-0.00000e+00,1.74000e-01,
5.3055561e-01,-0.00000e+00,1.74000e-01,
5.3084856e-01,2.00001e-01,1.74000e-01,
5.3114152e-01,2.00001e-01,1.76000e-01,
5.3143448e-01,-0.00000e+00,1.74000e-01,
5.3172743e-01,-0.00000e+00,1.78000e-01,
5.3202039e-01,-0.00000e+00,1.78000e-01,
5.3231335e-01,-0.00000e+00,1.78000e-01,
5.3260630e-01,2.00001e-01,1.80000e-01,
5.3289926e-01,2.00001e-01,1.82000e-01,
5.3319222e-01,-0.00000e+00,1.78000e-01,
5.3348517e-01,-0.00000e+00,1.78000e-01,
5.3377813e-01,-0.00000e+00,1.80000e-01,
5.3407109e-01,2.00001e-01,1.80000e-01,
5.3436404e-01,-0.00000e+00,1.78000e-01,
5.3465700e-01,-0.00000e+00,1.82000e-01,
5.3494996e-01,-0.00000e+00,1.80000e-01,
5.3524292e-01,-0.00000e+00,1.80000e-01,
5.3553587e-01,-0.00000e+00,1.80000e-01,
5.3582883e-01,-0.00000e+00,1.80000e-01,
5.3612179e-01,2.00001e-01,1.82000e-01,
5.3641474e-01,-0.00000e+00,1.78000e-01,
5.3670770e-01,-0.00000e+00,1.80000e-01,
5.3700066e-01,-0.00000e+00,1.80000e-01,
5.3729361e-01,-0.00000e+00,1.80000e-01,
5.3758657e-01,2.00001e-01,1.80000e-01,
5.3787953e-01,-0.00000e+00,1.78000e-01,
5.3817248e-01,-0.00000e+00,1.78000e-01,
5.3846544e-01,2.00001e-01,1.80000e-01,
5.3875840e-01,-0.00000e+00,1.80000e-01,
5.3905135e-01,-0.00000e+00,1.80000e-01,
5.3934431e-01,2.00001e-01,1.70000e-01,
5.3963727e-01,-0.00000e+00,1.78000e-01,
5.3993022e-01,-0.00000e+00,1.78000e-01,
5.4022318e-01,-0.00000e+00,1.78000e-01,
5.4051614e-01,-0.00000e+00,1.80000e-01,
5.4080909e-01,2.00001e-01,1.74000e-01,
5.4110205e-01,-0.00000e+00,1.74000e-01,
5.4139501e-01,-0.00000e+00,1.78000e-01,
5.4168797e-01,2.00001e-01,1.74000e-01,
5.4198092e-01,-0.00000e+00,1.78000e-01,
5.4227388e-01,-0.00000e+00,1.74000e-01,
5.4256684e-01,2.00001e-01,1.74000e-01,
5.4285979e-01,2.00001e-01,1.76000e-01,
5.4315275e-01,-0.00000e+00,1.78000e-01,
5.4344571e-01,2.00001e-01,1.78000e-01,
5.4373866e-01,-0.00000e+00,1.78000e-01,
5.4403162e-01,-0.00000e+00,1.80000e-01,
5.4432458e-01,-0.00000e+00,1.78000e-01,
5.4461753e-01,2.00001e-01,1.80000e-01,
5.4491049e-01,2.00001e-01,1.78000e-01,
5.4520345e-01,-0.00000e+00,1.82000e-01,
5.4549640e-01,-0.00000e+00,1.82000e-01,
5.4578936e-01,-0.00000e+00,1.80000e-01,
5.4608232e-01,-0.00000e+00,1.82000e-01,
5.4637527e-01,-0.00000e+00,1.82000e-01,
5.4666823e-01,-0.00000e+00,1.82000e-01,
5.4696119e-01,2.00001e-01,1.82000e-01,
5.4725415e-01,2.00001e-01,1.82000e-01,
5.4754710e-01,-0.00000e+00,1.82000e-01,
5.4784006e-01,2.00001e-01,1.80000e-01,
5.4813302e-01,-0.00000e+00,1.80000e-01,
5.4842597e-01,-0.00000e+00,1.80000e-01,
5.4871893e-01,-0.00000e+00,1.82000e-01,
5.4901189e-01,2.00001e-01,1.86000e-01,
5.4930484e-01,-0.00000e+00,1.82000e-01,
5.4959780e-01,2.00001e-01,1.82000e-01,
5.4989076e-01,-0.00000e+00,1.82000e-01,
5.5018371e-01,-0.00000e+00,1.82000e-01,
5.5047667e-01,-0.00000e+00,1.82000e-01,
5.5076963e-01,-0.00000e+00,1.82000e-01,
5.5106258e-01,-0.00000e+00,1.82000e-01,
5.5135554e-01,-0.00000e+00,1.80000e-01,
5.5164850e-01,-0.00000e+00,1.82000e-01,
5.5194145e-01,-0.00000e+00,1.82000e-01,
5.5223441e-01,-0.00000e+00,1.80000e-01,
5.5252737e-01,2.00001e-01,1.82000e-01,
5.5282032e-01,-0.00000e+00,1.82000e-01,
5.5311328e-01,-0.00000e+00,1.80000e-01,
5.5340624e-01,-0.00000e+00,1.80000e-01,
5.5369920e-01,-0.00000e+00,1.80000e-01,
5.5399215e-01,2.00001e-01,1.80000e-01,
5.5428511e-01,-0.00000e+00,1.80000e-01,
5.5457807e-01,2.00001e-01,1.76000e-01,
5.5487102e-01,-0.00000e+00,1.78000e-01,
5.5516398e-01,-0.00000e+00,1.76000e-01,
5.5545694e-01,-0.00000e+00,1.78000e-01,
5.5574989e-01,-0.00000e+00,1.78000e-01,
5.5604285e-01,-0.00000e+00,1.78000e-01,
5.5633581e-01,-0.00000e+00,1.82000e-01,
5.5662876e-01,2.00001e-01,1.80000e-01,
5.5692172e-01,-0.00000e+00,1.82000e-01,
5.5721468e-01,-0.00000e+00,1.80000e-01,
5.5750763e-01,-0.00000e+00,1.82000e-01,
5.5780059e-01,2.00001e-01,1.84000e-01,
5.5809355e-01,2.00001e-01,1.80000e-01,
5.5838650e-01,-0.00000e+00,1.82000e-01,
5.5867946e-01,2.00001e-01,1.84000e-01,
5.5897242e-01,-0.00000e+00,1.82000e-01,
5.5926538e-01,-0.00000e+00,1.82000e-01,
5.5955833e-01,-0.00000e+00,1.84000e-01,
5.5985129e-01,2.00001e-01,1.84000e-01,
5.6014425e-01,-0.00000e+00,1.84000e-01,
5.6043720e-01,-0.00000e+00,1.82000e-01,
5.6073016e-01,-0.00000e+00,1.84000e-01,
5.6102312e-01,-0.00000e+00,1.84000e-01,
5.6131607e-01,-0.00000e+00,1.86000e-01,
5.6160903e-01,-0.00000e+00,1.84000e-01,
5.6190199e-01,2.00001e-01,1.86000e-01,
5.6219494e-01,-0.00000e+00,1.84000e-01,
5.6248790e-01,-0.00000e+00,1.84000e-01,
5.6278086e-01,-0.00000e+00,1.82000e-01,
5.6307381e-01,-0.00000e+00,1.84000e-01,
5.6336677e-01,-0.00000e+00,1.86000e-01,
5.6365973e-01,2.00001e-01,1.84000e-01,
5.6395268e-01,-0.00000e+00,1.84000e-01,
5.6424564e-01,2.00001e-01,1.86000e-01,
5.6453860e-01,-0.00000e+00,1.82000e-01,
5.6483155e-01,-0.00000e+00,1.82000e-01,
5.6512451e-01,2.00001e-01,1.82000e-01,
5.6541747e-01,2.00001e-01,1.82000e-01,
5.6571043e-01,2.00001e-01,1.82000e-01,
5.6600338e-01,2.00001e-01,1.84000e-01,
5.6629634e-01,-0.00000e+00,1.82000e-01,
5.6658930e-01,2.00001e-01,1.82000e-01,
5.6688225e-01,-0.00000e+00,1.82000e-01,
5.6717521e-01,-0.00000e+00,1.82000e-01,
5.6746817e-01,2.00001e-01,1.80000e-01,
5.6776112e-01,2.00001e-01,1.82000e-01,
5.6805408e-01,2.00001e-01,1.78000e-01,
5.6834704e-01,2.00001e-01,1.78000e-01,
5.6863999e-01,-0.00000e+00,1.78000e-01,
5.6893295e-01,2.00001e-01,1.78000e-01,
5.6922591e-01,-0.00000e+00,1.76000e-01,
5.6951886e-01,-0.00000e+00,1.76000e-01,
5.6981182e-01,-0.00000e+00,1.74000e-01,
5.7010478e-01,-0.00000e+00,1.78000e-01,
5.7039773e-01,-0.00000e+00,1.74000e-01,
5.7069069e-01,-0.00000e+00,1.74000e-01,
5.7098365e-01,-0.00000e+00,1.74000e-01,
5.7127661e-01,-0.00000e+00,1.74000e-01,
5.7156956e-01,2.00001e-01,1.68000e-01,
5.7186252e-01,-0.00000e+00,1.74000e-01,
5.7215548e-01,-0.00000e+00,1.72000e-01,
5.7244843e-01,-0.00000e+00,1.70000e-01,
5.7274139e-01,-0.00000e+00,1.70000e-01,
5.7303435e-01,-0.00000e+00,1.70000e-01,
5.7332730e-01,2.00001e-01,1.70000e-01,
5.7362026e-01,-0.00000e+00,1.66000e-01,
5.7391322e-01,-0.00000e+00,1.66000e-01,
5.7420617e-01,-0.00000e+00,1.70000e-01,
5.7449913e-01,-0.00000e+00,1.74000e-01,
5.7479209e-01,-0.00000e+00,1.66000e-01,
5.7508504e-01,-0.00000e+00,1.64000e-01,
5.7537800e-01,-0.00000e+00,1.66000e-01,
5.7567096e-01,2.00001e-01,1.64000e-01,
5.7596391e-01,-0.00000e+00,1.64000e-01,
5.7625687e-01,-0.00000e+00,1.62000e-01,
5.7654983e-01,2.00001e-01,1.60000e-01,
5.7684278e-01,-0.00000e+00,1.62000e-01,
5.7713574e-01,-0.00000e+00,1.60000e-01,
5.7742870e-01,-0.00000e+00,1.58000e-01,
5.7772166e-01,-0.00000e+00,1.58000e-01,
5.7801461e-01,-0.00000e+00,1.60000e-01,
5.7830757e-01,-0.00000e+00,1.58000e-01,
5.7860053e-01,-0.00000e+00,1.58000e-01,
5.7889348e-01,-0.00000e+00,1.56000e-01,
5.7918644e-01,-0.00000e+00,1.54000e-01,
5.7947940e-01,-0.00000e+00,1.56000e-01,
5.7977235e-01,2.00001e-01,1.56000e-01,
5.8006531e-01,-0.00000e+00,1.54000e-01,
5.8035827e-01,-0.00000e+00,1.52000e-01,
5.8065122e-01,2.00001e-01,1.50000e-01,
5.8094418e-01,-0.00000e+00,1.50000e-01,
5.8123714e-01,-0.00000e+00,1.50000e-01,
5.8153009e-01,-0.00000e+00,1.50000e-01,
5.8182305e-01,2.00001e-01,1.50000e-01,
5.8211601e-01,-0.00000e+00,1.48000e-01,
5.8240896e-01,2.00001e-01,1.48000e-01,
5.8270192e-01,2.00001e-01,1.48000e-01,
5.8299488e-01,2.00001e-01,1.48000e-01,
5.8328784e-01,-0.00000e+00,1.46000e-01,
5.8358079e-01,2.00001e-01,1.48000e-01,
5.8387375e-01,-0.00000e+00,1.48000e-01,
5.8416671e-01,-0.00000e+00,1.42000e-01,
5.8445966e-01,2.00001e-01,1.42000e-01,
5.8475262e-01,2.00001e-01,1.42000e-01,
5.8504558e-01,-0.00000e+00,1.40000e-01,
5.8533853e-01,2.00001e-01,1.40000e-01,
5.8563149e-01,2.00001e-01,1.40000e-01,
5.8592445e-01,-0.00000e+00,1.38000e-01,
5.8621740e-01,-0.00000e+00,1.40000e-01,
5.8651036e-01,2.00001e-01,1.36000e-01,
5.8680332e-01,-0.00000e+00,1.34000e-01,
5.8709627e-01,-0.00000e+00,1.36000e-01,
5.8738923e-01,-0.00000e+00,1.34000e-01,
5.8768219e-01,-0.00000e+00,1.34000e-01,
5.8797514e-01,-0.00000e+00,1.34000e-01,
5.8826810e-01,-0.00000e+00,1.32000e-01,
5.8856106e-01,-0.00000e+00,1.32000e-01,
5.8885401e-01,-0.00000e+00,1.30000e-01,
5.8914697e-01,-0.00000e+00,1.30000e-01,
5.8943993e-01,-0.00000e+00,1.30000e-01,
5.8973289e-01,-0.00000e+00,1.26000e-01,
5.9002584e-01,-0.00000e+00,1.28000e-01,
5.9031880e-01,-0.00000e+00,1.26000e-01,
5.9061176e-01,-0.00000e+00,1.26000e-01,
5.9090471e-01,-0.00000e+00,1.24000e-01,
5.9119767e-01,-0.00000e+00,1.26000e-01,
5.9149063e-01,-0.00000e+00,1.24000e-01,
5.9178358e-01,-0.00000e+00,1.24000e-01,
5.9207654e-01,-0.00000e+00,1.22000e-01,
5.9236950e-01,-0.00000e+00,1.24000e-01,
5.9266245e-01,-0.00000e+00,1.20000e-01,
5.9295541e-01,-0.00000e+00,1.20000e-01,
5.9324837e-01,2.00001e-01,1.20000e-01,
5.9354132e-01,-0.00000e+00,1.20000e-01,
5.9383428e-01,2.00001e-01,1.20000e-01,
5.9412724e-01,-0.00000e+00,1.20000e-01,
5.9442019e-01,2.00001e-01,1.20000e-01,
5.9471315e-01,-0.00000e+00,1.20000e-01,
5.9500611e-01,-0.00000e+00,1.20000e-01,
5.9529907e-01,-0.00000e+00,1.16000e-01,
5.9559202e-01,-0.00000e+00,1.16000e-01,
5.9588498e-01,-0.00000e+00,1.16000e-01,
5.9617794e-01,-0.00000e+00,1.12000e-01,
5.9647089e-01,-0.00000e+00,1.14000e-01,
5.9676385e-01,-0.00000e+00,1.12000e-01,
5.9705681e-01,-0.00000e+00,1.14000e-01,
5.9734976e-01,-0.00000e+00,1.12000e-01,
5.9764272e-01,2.00001e-01,1.12000e-01,
5.9793568e-01,-0.00000e+00,1.12000e-01,
5.9822863e-01,2.00001e-01,1.10000e-01,
5.9852159e-01,2.00001e-01,1.08000e-01,
5.9881455e-01,-0.00000e+00,1.08000e-01,
5.9910750e-01,-0.00000e+00,1.08000e-01,
5.9940046e-01,-0.00000e+00,1.10000e-01,
5.9969342e-01,-0.00000e+00,1.04000e-01,
5.9998637e-01,2.00001e-01,1.06000e-01,
6.0027933e-01,-0.00000e+00,1.04000e-01,
6.0057229e-01,-0.00000e+00,1.04000e-01,
6.0086524e-01,-0.00000e+00,1.02000e-01,
6.0115820e-01,-0.00000e+00,1.04000e-01,
6.0145116e-01,2.00001e-01,1.04000e-01,
6.0174412e-01,2.00001e-01,1.00000e-01,
6.0203707e-01,-0.00000e+00,1.02000e-01,
6.0233003e-01,-0.00000e+00,1.02000e-01,
6.0262299e-01,-0.00000e+00,1.00000e-01,
6.0291594e-01,-0.00000e+00,1.00000e-01,
6.0320890e-01,2.00001e-01,1.00000e-01,
6.0350186e-01,-0.00000e+00,1.00000e-01,
6.0379481e-01,2.00001e-01,9.60000e-02,
6.0408777e-01,-0.00000e+00,9.60000e-02,
6.0438073e-01,2.00001e-01,9.60000e-02,
6.0467368e-01,-0.00000e+00,9.60000e-02,
6.0496664e-01,-0.00000e+00,9.60000e-02,
6.0525960e-01,2.00001e-01,9.40000e-02,
6.0555255e-01,-0.00000e+00,9.20000e-02,
6.0584551e-01,2.00001e-01,9.40000e-02,
6.0613847e-01,-0.00000e+00,9.40000e-02,
6.0643142e-01,-0.00000e+00,9.40000e-02,
6.0672438e-01,-0.00000e+00,9.20000e-02,
6.0701734e-01,-0.00000e+00,9.20000e-02,
6.0731030e-01,-0.00000e+00,9.20000e-02,
6.0760325e-01,2.00001e-01,9.20000e-02,
6.0789621e-01,-0.00000e+00,8.80000e-02,
6.0818917e-01,-0.00000e+00,8.80000e-02,
6.0848212e-01,-0.00000e+00,9.20000e-02,
6.0877508e-01,-0.00000e+00,8.80000e-02,
6.0906804e-01,-0.00000e+00,8.80000e-02,
6.0936099e-01,-0.00000e+00,8.80000e-02,
6.0965395e-01,2.00001e-01,8.80000e-02,
6.0994691e-01,-0.00000e+00,8.60000e-02,
6.1023986e-01,-0.00000e+00,8.60000e-02,
6.1053282e-01,2.00001e-01,8.40000e-02,
6.1082578e-01,2.00001e-01,8.40000e-02,
6.1111873e-01,2.00001e-01,8.20000e-02,
6.1141169e-01,-0.00000e+00,8.00000e-02,
6.1170465e-01,-0.00000e+00,8.00000e-02,
6.1199760e-01,2.00001e-01,8.00000e-02,
6.1229056e-01,-0.00000e+00,8.00000e-02,
6.1258352e-01,2.00001e-01,8.00000e-02,
6.1287647e-01,-0.00000e+00,8.00000e-02,
6.1316943e-01,-0.00000e+00,8.00000e-02,
6.1346239e-01,2.00001e-01,7.80000e-02,
6.1375535e-01,-0.00000e+00,8.00000e-02,
6.1404830e-01,-0.00000e+00,8.00000e-02,
6.1434126e-01,2.00001e-01,7.60000e-02,
6.1463422e-01,2.00001e-01,7.80000e-02,
6.1492717e-01,-0.00000e+00,7.60000e-02,
6.1522013e-01,-0.00000e+00,7.20000e-02,
6.1551309e-01,-0.00000e+00,7.60000e-02,
6.1580604e-01,-0.00000e+00,7.60000e-02,
6.1609900e-01,-0.00000e+00,7.60000e-02,
6.1639196e-01,2.00001e-01,7.60000e-02,
6.1668491e-01,-0.00000e+00,7.20000e-02,
6.1697787e-01,2.00001e-01,7.20000e-02,
6.1727083e-01,2.00001e-01,7.60000e-02,
6.1756378e-01,2.00001e-01,7.20000e-02,
6.1785674e-01,-0.00000e+00,7.20000e-02,
6.1814970e-01,-0.00000e+00,7.00000e-02,
6.1844265e-01,2.00001e-01,7.00000e-02,
6.1873561e-01,-0.00000e+00,7.20000e-02,
6.1902857e-01,-0.00000e+00,7.00000e-02,
6.1932153e-01,2.00001e-01,7.00000e-02,
6.1961448e-01,2.00001e-01,7.00000e-02,
6.1990744e-01,-0.00000e+00,7.00000e-02,
6.2020040e-01,2.00001e-01,7.00000e-02,
6.2049335e-01,-0.00000e+00,6.80000e-02,
6.2078631e-01,-0.00000e+00,6.80000e-02,
6.2107927e-01,2.00001e-01,6.80000e-02,
6.2137222e-01,-0.00000e+00,6.40000e-02,
6.2166518e-01,2.00001e-01,6.80000e-02,
6.2195814e-01,-0.00000e+00,6.60000e-02,
6.2225109e-01,-0.00000e+00,6.60000e-02,
6.2254405e-01,-0.00000e+00,6.60000e-02,
6.2283701e-01,-0.00000e+00,6.40000e-02,
6.2312996e-01,2.00001e-01,7.00000e-02,
6.2342292e-01,-0.00000e+00,6.40000e-02,
6.2371588e-01,2.00001e-01,6.40000e-02,
6.2400883e-01,-0.00000e+00,6.20000e-02,
6.2430179e-01,2.00001e-01,6.40000e-02,
6.2459475e-01,-0.00000e+00,6.20000e-02,
6.2488770e-01,-0.00000e+00,6.40000e-02,
6.2518066e-01,2.00001e-01,6.00000e-02,
6.2547362e-01,-0.00000e+00,6.20000e-02,
6.2576658e-01,2.00001e-01,6.00000e-02,
6.2605953e-01,-0.00000e+00,6.20000e-02,
6.2635249e-01,2.00001e-01,5.40000e-02,
6.2664545e-01,2.00001e-01,6.00000e-02,
6.2693840e-01,2.00001e-01,6.00000e-02,
6.2723136e-01,-0.00000e+00,6.00000e-02,
6.2752432e-01,2.00001e-01,5.80000e-02,
6.2781727e-01,-0.00000e+00,5.80000e-02,
6.2811023e-01,2.00001e-01,5.60000e-02,
6.2840319e-01,2.00001e-01,5.60000e-02,
6.2869614e-01,-0.00000e+00,5.60000e-02,
6.2898910e-01,-0.00000e+00,5.60000e-02,
6.2928206e-01,2.00001e-01,5.60000e-02,
6.2957501e-01,-0.00000e+00,5.60000e-02,
6.2986797e-01,-0.00000e+00,5.60000e-02,
6.3016093e-01,-0.00000e+00,5.60000e-02,
6.3045388e-01,2.00001e-01,5.60000e-02,
6.3074684e-01,-0.00000e+00,5.40000e-02,
6.3103980e-01,2.00001e-01,5.60000e-02,
6.3133276e-01,-0.00000e+00,5.40000e-02,
6.3162571e-01,-0.00000e+00,5.40000e-02,
6.3191867e-01,-0.00000e+00,5.20000e-02,
6.3221163e-01,-0.00000e+00,5.40000e-02,
6.3250458e-01,-0.00000e+00,5.20000e-02,
6.3279754e-01,-0.00000e+00,5.20000e-02,
6.3309050e-01,-0.00000e+00,5.20000e-02,
6.3338345e-01,-0.00000e+00,6.20000e-02,
6.3367641e-01,2.00001e-01,5.20000e-02,
6.3396937e-01,2.00001e-01,5.20000e-02,
6.3426232e-01,-0.00000e+00,5.20000e-02,
6.3455528e-01,2.00001e-01,5.20000e-02,
6.3484824e-01,2.00001e-01,4.80000e-02,
6.3514119e-01,-0.00000e+00,5.20000e-02,
6.3543415e-01,-0.00000e+00,5.20000e-02,
6.3572711e-01,-0.00000e+00,4.80000e-02,
6.3602006e-01,-0.00000e+00,4.80000e-02,
6.3631302e-01,-0.00000e+00,4.80000e-02,
6.3660598e-01,2.00001e-01,4.80000e-02,
6.3689893e-01,-0.00000e+00,4.80000e-02,
6.3719189e-01,2.00001e-01,4.80000e-02,
6.3748485e-01,-0.00000e+00,4.80000e-02,
6.3777781e-01,-0.00000e+00,4.80000e-02,
6.3807076e-01,-0.00000e+00,4.80000e-02,
6.3836372e-01,-0.00000e+00,4.60000e-02,
6.3865668e-01,-0.00000e+00,4.40000e-02,
6.3894963e-01,-0.00000e+00,4.60000e-02,
6.3924259e-01,-0.00000e+00,4.80000e-02,
6.3953555e-01,-0.00000e+00,4.80000e-02,
6.3982850e-01,2.00001e-01,4.60000e-02,
6.4012146e-01,2.00001e-01,4.60000e-02,
6.4041442e-01,2.00001e-01,4.40000e-02,
6.4070737e-01,-0.00000e+00,4.40000e-02,
6.4100033e-01,-0.00000e+00,4.40000e-02,
6.4129329e-01,2.00001e-01,4.40000e-02,
6.4158624e-01,-0.00000e+00,4.40000e-02,
6.4187920e-01,-0.00000e+00,4.40000e-02,
6.4217216e-01,-0.00000e+00,4.20000e-02,
6.4246511e-01,2.00001e-01,4.40000e-02,
6.4275807e-01,-0.00000e+00,4.60000e-02,
6.4305103e-01,-0.00000e+00,4.20000e-02,
6.4334399e-01,-0.00000e+00,4.20000e-02,
6.4363694e-01,-0.00000e+00,4.40000e-02,
6.4392990e-01,2.00001e-01,4.00000e-02,
6.4422286e-01,2.00001e-01,4.20000e-02,
6.4451581e-01,2.00001e-01,4.20000e-02,
6.4480877e-01,-0.00000e+00,4.00000e-02,
6.4510173e-01,2.00001e-01,4.00000e-02,
6.4539468e-01,-0.00000e+00,4.00000e-02,
6.4568764e-01,2.00001e-01,4.00000e-02,
6.4598060e-01,-0.00000e+00,3.80000e-02,
6.4627355e-01,2.00001e-01,4.00000e-02,
6.4656651e-01,2.00001e-01,4.00000e-02,
6.4685947e-01,2.00001e-01,4.00000e-02,
6.4715242e-01,-0.00000e+00,4.00000e-02,
6.4744538e-01,-0.00000e+00,4.00000e-02,
6.4773834e-01,-0.00000e+00,3.80000e-02,
6.4803129e-01,2.00001e-01,4.00000e-02,
6.4832425e-01,2.00001e-01,4.00000e-02,
6.4861721e-01,-0.00000e+00,3.80000e-02,
6.4891016e-01,-0.00000e+00,3.80000e-02,
6.4920312e-01,-0.00000e+00,3.80000e-02,
6.4949608e-01,2.00001e-01,4.00000e-02,
6.4978904e-01,2.00001e-01,3.80000e-02,
6.5008199e-01,2.00001e-01,3.60000e-02,
6.5037495e-01,-0.00000e+00,3.60000e-02,
6.5066791e-01,-0.00000e+00,3.80000e-02,
6.5096086e-01,-0.00000e+00,4.00000e-02,
6.5125382e-01,-0.00000e+00,3.80000e-02,
6.5154678e-01,-0.00000e+00,3.60000e-02,
6.5183973e-01,-0.00000e+00,3.80000e-02,
6.5213269e-01,-0.00000e+00,3.80000e-02,
6.5242565e-01,-0.00000e+00,3.80000e-02,
6.5271860e-01,-0.00000e+00,3.80000e-02,
6.5301156e-01,-0.00000e+00,3.80000e-02,
6.5330452e-01,-0.00000e+00,3.60000e-02,
6.5359747e-01,-0.00000e+00,3.60000e-02,
6.5389043e-01,-0.00000e+00,3.60000e-02,
6.5418339e-01,-0.00000e+00,3.40000e-02,
6.5447634e-01,-0.00000e+00,3.60000e-02,
6.5476930e-01,2.00001e-01,3.60000e-02,
6.5506226e-01,2.00001e-01,3.60000e-02,
6.5535522e-01,2.00001e-01,3.60000e-02,
6.5564817e-01,-0.00000e+00,3.60000e-02,
6.5594113e-01,-0.00000e+00,3.40000e-02,
6.5623409e-01,-0.00000e+00,3.60000e-02,
6.5652704e-01,-0.00000e+00,3.20000e-02,
6.5682000e-01,-0.00000e+00,3.20000e-02,
6.5711296e-01,-0.00000e+00,3.20000e-02,
6.5740591e-01,2.00001e-01,3.60000e-02,
6.5769887e-01,-0.00000e+00,3.20000e-02,
6.5799183e-01,2.00001e-01,3.20000e-02,
6.5828478e-01,2.00001e-01,4.00000e-02,
6.5857774e-01,-0.00000e+00,3.40000e-02,
6.5887070e-01,-0.00000e+00,3.20000e-02,
6.5916365e-01,2.00001e-01,3.20000e-02,
6.5945661e-01,-0.00000e+00,3.20000e-02,
6.5974957e-01,-0.00000e+00,3.20000e-02,
6.6004252e-01,-0.00000e+00,3.20000e-02,
6.6033548e-01,2.00001e-01,3.20000e-02,
6.6062844e-01,-0.00000e+00,3.00000e-02,
6.6092139e-01,-0.00000e+00,3.20000e-02,
6.6121435e-01,2.00001e-01,3.20000e-02,
6.6150731e-01,2.00001e-01,3.20000e-02,
6.6180027e-01,-0.00000e+00,3.20000e-02,
6.6209322e-01,-0.00000e+00,3.20000e-02,
6.6238618e-01,-0.00000e+00,3.20000e-02,
6.6267914e-01,-0.00000e+00,3.20000e-02,
6.6297209e-01,-0.00000e+00,3.20000e-02,
6.6326505e-01,-0.00000e+00,3.00000e-02,
6.6355801e-01,-0.00000e+00,3.20000e-02,
6.6385096e-01,-0.00000e+00,3.20000e-02,
6.6414392e-01,-0.00000e+00,3.20000e-02,
6.6443688e-01,-0.00000e+00,3.20000e-02,
6.6472983e-01,2.00001e-01,3.00000e-02,
6.6502279e-01,-0.00000e+00,3.20000e-02,
6.6531575e-01,2.00001e-01,3.20000e-02,
6.6560870e-01,-0.00000e+00,3.00000e-02,
6.6590166e-01,-0.00000e+00,3.00000e-02,
6.6619462e-01,-0.00000e+00,3.20000e-02,
6.6648757e-01,-0.00000e+00,3.20000e-02,
6.6678053e-01,-0.00000e+00,3.00000e-02,
6.6707349e-01,-0.00000e+00,3.20000e-02,
6.6736645e-01,2.00001e-01,3.20000e-02,
6.6765940e-01,-0.00000e+00,2.80000e-02,
6.6795236e-01,2.00001e-01,2.60000e-02,
6.6824532e-01,-0.00000e+00,3.00000e-02,
6.6853827e-01,2.00001e-01,3.00000e-02,
6.6883123e-01,2.00001e-01,3.00000e-02,
6.6912419e-01,-0.00000e+00,2.80000e-02,
6.6941714e-01,-0.00000e+00,3.00000e-02,
6.6971010e-01,-0.00000e+00,3.00000e-02,
6.7000306e-01,-0.00000e+00,3.20000e-02,
6.7029601e-01,-0.00000e+00,3.60000e-02,
6.7058897e-01,-0.00000e+00,3.20000e-02,
6.7088193e-01,-0.00000e+00,3.20000e-02,
6.7117488e-01,-0.00000e+00,3.20000e-02,
6.7146784e-01,-0.00000e+00,3.60000e-02,
6.7176080e-01,2.00001e-01,3.60000e-02,
6.7205375e-01,-0.00000e+00,3.20000e-02,
6.7234671e-01,-0.00000e+00,3.80000e-02,
6.7263967e-01,-0.00000e+00,3.80000e-02,
6.7293262e-01,-0.00000e+00,4.00000e-02,
6.7322558e-01,-0.00000e+00,4.00000e-02,
6.7351854e-01,2.00001e-01,4.40000e-02,
6.7381150e-01,-0.00000e+00,4.00000e-02,
6.7410445e-01,2.00001e-01,4.00000e-02,
6.7439741e-01,2.00001e-01,4.20000e-02,
6.7469037e-01,2.00001e-01,4.00000e-02,
6.7498332e-01,-0.00000e+00,4.00000e-02,
6.7527628e-01,-0.00000e+00,4.40000e-02,
6.7556924e-01,-0.00000e+00,4.60000e-02,
6.7586219e-01,-0.00000e+00,4.40000e-02,
6.7615515e-01,-0.00000e+00,4.80000e-02,
6.7644811e-01,2.00001e-01,4.80000e-02,
6.7674106e-01,-0.00000e+00,4.60000e-02,
6.7703402e-01,-0.00000e+00,4.60000e-02,
6.7732698e-01,-0.00000e+00,4.80000e-02,
6.7761993e-01,-0.00000e+00,4.80000e-02,
6.7791289e-01,-0.00000e+00,4.80000e-02,
6.7820585e-01,-0.00000e+00,4.80000e-02,
6.7849880e-01,2.00001e-01,4.80000e-02,
6.7879176e-01,-0.00000e+00,5.00000e-02,
6.7908472e-01,-0.00000e+00,4.80000e-02,
6.7937768e-01,-0.00000e+00,5.00000e-02,
6.7967063e-01,-0.00000e+00,5.00000e-02,
6.7996359e-01,-0.00000e+00,4.80000e-02,
6.8025655e-01,-0.00000e+00,5.20000e-02,
6.8054950e-01,-0.00000e+00,5.20000e-02,
6.8084246e-01,-0.00000e+00,5.40000e-02,
6.8113542e-01,-0.00000e+00,5.20000e-02,
6.8142837e-01,2.00001e-01,5.20000e-02,
6.8172133e-01,-0.00000e+00,5.20000e-02,
6.8201429e-01,-0.00000e+00,5.20000e-02,
6.8230724e-01,2.00001e-01,5.40000e-02,
6.8260020e-01,2.00001e-01,5.20000e-02,
6.8289316e-01,2.00001e-01,5.40000e-02,
6.8318611e-01,2.00001e-01,5.20000e-02,
6.8347907e-01,-0.00000e+00,5.40000e-02,
6.8377203e-01,-0.00000e+00,5.60000e-02,
6.8406498e-01,-0.00000e+00,5.80000e-02,
6.8435794e-01,-0.00000e+00,5.40000e-02,
6.8465090e-01,-0.00000e+00,5.60000e-02,
6.8494385e-01,-0.00000e+00,5.60000e-02,
6.8523681e-01,-0.00000e+00,5.60000e-02,
6.8552977e-01,-0.00000e+00,5.60000e-02,
6.8582273e-01,-0.00000e+00,5.60000e-02,
6.8611568e-01,-0.00000e+00,5.40000e-02,
6.8640864e-01,-0.00000e+00,5.20000e-02,
6.8670160e-01,-0.00000e+00,5.60000e-02,
6.8699455e-01,-0.00000e+00,5.60000e-02,
6.8728751e-01,-0.00000e+00,5.60000e-02,
6.8758047e-01,-0.00000e+00,5.60000e-02,
6.8787342e-01,-0.00000e+00,5.60000e-02,
6.8816638e-01,-0.00000e+00,5.60000e-02,
6.8845934e-01,-0.00000e+00,5.60000e-02,
6.8875229e-01,-0.00000e+00,5.60000e-02,
6.8904525e-01,-0.00000e+00,5.60000e-02,
6.8933821e-01,-0.00000e+00,5.60000e-02,
6.8963116e-01,2.00001e-01,5.60000e-02,
6.8992412e-01,-0.00000e+00,5.60000e-02,
6.9021708e-01,-0.00000e+00,5.60000e-02,
6.9051003e-01,-0.00000e+00,5.60000e-02,
6.9080299e-01,2.00001e-01,5.60000e-02,
6.9109595e-01,2.00001e-01,5.40000e-02,
6.9138891e-01,-0.00000e+00,5.60000e-02,
6.9168186e-01,-0.00000e+00,5.60000e-02,
6.9197482e-01,-0.00000e+00,5.60000e-02,
6.9226778e-01,-0.00000e+00,5.60000e-02,
6.9256073e-01,2.00001e-01,5.60000e-02,
6.9285369e-01,2.00001e-01,5.60000e-02,
6.9314665e-01,2.00001e-01,5.60000e-02,
6.9343960e-01,-0.00000e+00,5.60000e-02,
6.9373256e-01,-0.00000e+00,5.40000e-02,
6.9402552e-01,2.00001e-01,5.60000e-02,
6.9431847e-01,-0.00000e+00,5.60000e-02,
6.9461143e-01,-0.00000e+00,5.60000e-02,
6.9490439e-01,2.00001e-01,5.60000e-02,
6.9519734e-01,-0.00000e+00,5.60000e-02,
6.9549030e-01,-0.00000e+00,5.60000e-02,
6.9578326e-01,-0.00000e+00,5.60000e-02,
6.9607621e-01,2.00001e-01,5.60000e-02,
6.9636917e-01,2.00001e-01,5.40000e-02,
6.9666213e-01,2.00001e-01,5.60000e-02,
6.9695508e-01,-0.00000e+00,5.60000e-02,
6.9724804e-01,-0.00000e+00,5.60000e-02,
6.9754100e-01,2.00001e-01,5.40000e-02,
6.9783396e-01,-0.00000e+00,5.40000e-02,
6.9812691e-01,-0.00000e+00,5.40000e-02,
6.9841987e-01,-0.00000e+00,5.40000e-02,
6.9871283e-01,2.00001e-01,5.40000e-02,
6.9900578e-01,2.00001e-01,5.40000e-02,
6.9929874e-01,-0.00000e+00,5.40000e-02,
6.9959170e-01,2.00001e-01,5.40000e-02,
6.9988465e-01,2.00001e-01,4.80000e-02,
7.0017761e-01,2.00001e-01,5.60000e-02,
7.0047057e-01,-0.00000e+00,5.40000e-02,
7.0076352e-01,2.00001e-01,5.40000e-02,
7.0105648e-01,-0.00000e+00,5.20000e-02,
7.0134944e-01,2.00001e-01,5.20000e-02,
7.0164239e-01,-0.00000e+00,5.40000e-02,
7.0193535e-01,-0.00000e+00,5.40000e-02,
7.0222831e-01,2.00001e-01,5.20000e-02,
7.0252126e-01,2.00001e-01,5.20000e-02,
7.0281422e-01,-0.00000e+00,5.20000e-02,
7.0310718e-01,-0.00000e+00,5.20000e-02,
7.0340014e-01,-0.00000e+00,5.20000e-02,
7.0369309e-01,2.00001e-01,5.00000e-02,
7.0398605e-01,-0.00000e+00,4.60000e-02,
7.0427901e-01,-0.00000e+00,5.20000e-02,
7.0457196e-01,-0.00000e+00,5.00000e-02,
7.0486492e-01,2.00001e-01,5.20000e-02,
7.0515788e-01,-0.00000e+00,5.20000e-02,
7.0545083e-01,2.00001e-01,5.00000e-02,
7.0574379e-01,-0.00000e+00,4.80000e-02,
7.0603675e-01,2.00001e-01,5.00000e-02,
7.0632970e-01,-0.00000e+00,5.20000e-02,
7.0662266e-01,-0.00000e+00,5.00000e-02,
7.0691562e-01,-0.00000e+00,5.20000e-02,
7.0720857e-01,2.00001e-01,4.60000e-02,
7.0750153e-01,2.00001e-01,5.20000e-02,
7.0779449e-01,-0.00000e+00,4.80000e-02,
7.0808744e-01,-0.00000e+00,4.80000e-02,
7.0838040e-01,2.00001e-01,5.00000e-02,
7.0867336e-01,-0.00000e+00,4.80000e-02,
7.0896631e-01,-0.00000e+00,4.80000e-02,
7.0925927e-01,-0.00000e+00,4.80000e-02,
7.0955223e-01,2.00001e-01,4.60000e-02,
7.0984519e-01,-0.00000e+00,4.80000e-02,
7.1013814e-01,-0.00000e+00,4.80000e-02,
7.1043110e-01,-0.00000e+00,4.80000e-02,
7.1072406e-01,-0.00000e+00,4.80000e-02,
7.1101701e-01,-0.00000e+00,4.80000e-02,
7.1130997e-01,-0.00000e+00,4.80000e-02,
7.1160293e-01,-0.00000e+00,4.80000e-02,
7.1189588e-01,2.00001e-01,4.80000e-02,
7.1218884e-01,-0.00000e+00,4.80000e-02,
7.1248180e-01,-0.00000e+00,4.40000e-02,
7.1277475e-01,2.00001e-01,4.60000e-02,
7.1306771e-01,2.00001e-01,4.60000e-02,
7.1336067e-01,-0.00000e+00,4.60000e-02,
7.1365362e-01,-0.00000e+00,4.80000e-02,
7.1394658e-01,-0.00000e+00,4.60000e-02,
7.1423954e-01,-0.00000e+00,4.40000e-02,
7.1453249e-01,-0.00000e+00,4.60000e-02,
7.1482545e-01,-0.00000e+00,4.40000e-02,
7.1511841e-01,-0.00000e+00,4.40000e-02,
7.1541137e-01,-0.00000e+00,4.40000e-02,
7.1570432e-01,-0.00000e+00,4.40000e-02,
7.1599728e-01,-0.00000e+00,4.60000e-02,
7.1629024e-01,-0.00000e+00,4.40000e-02,
7.1658319e-01,-0.00000e+00,4.40000e-02,
7.1687615e-01,-0.00000e+00,4.60000e-02,
7.1716911e-01,-0.00000e+00,4.40000e-02,
7.1746206e-01,2.00001e-01,4.40000e-02,
7.1775502e-01,-0.00000e+00,4.40000e-02,
7.1804798e-01,-0.00000e+00,4.20000e-02,
7.1834093e-01,-0.00000e+00,4.40000e-02,
7.1863389e-01,2.00001e-01,4.40000e-02,
7.1892685e-01,2.00001e-01,4.20000e-02,
7.1921980e-01,-0.00000e+00,4.00000e-02,
7.1951276e-01,-0.00000e+00,4.40000e-02,
7.1980572e-01,2.00001e-01,4.00000e-02,
7.2009867e-01,-0.00000e+00,4.40000e-02,
7.2039163e-01,-0.00000e+00,4.00000e-02,
7.2068459e-01,-0.00000e+00,4.00000e-02,
7.2097754e-01,-0.00000e+00,4.00000e-02,
7.2127050e-01,2.00001e-01,4.00000e-02,
7.2156346e-01,-0.00000e+00,3.80000e-02,
7.2185642e-01,-0.00000e+00,4.00000e-02,
7.2214937e-01,2.00001e-01,4.00000e-02,
7.2244233e-01,-0.00000e+00,4.40000e-02,
7.2273529e-01,2.00001e-01,4.00000e-02,
7.2302824e-01,-0.00000e+00,4.00000e-02,
7.2332120e-01,-0.00000e+00,4.20000e-02,
7.2361416e-01,-0.00000e+00,4.00000e-02,
7.2390711e-01,-0.00000e+00,4.00000e-02,
7.2420007e-01,-0.00000e+00,4.00000e-02,
7.2449303e-01,-0.00000e+00,3.80000e-02,
7.2478598e-01,-0.00000e+00,3.80000e-02,
7.2507894e-01,-0.00000e+00,4.00000e-02,
7.2537190e-01,-0.00000e+00,4.00000e-02,
7.2566485e-01,-0.00000e+00,3.80000e-02,
7.2595781e-01,2.00001e-01,3.80000e-02,
7.2625077e-01,-0.00000e+00,4.00000e-02,
7.2654372e-01,-0.00000e+00,4.00000e-02,
7.2683668e-01,-0.00000e+00,3.80000e-02,
7.2712964e-01,2.00001e-01,3.80000e-02,
7.2742260e-01,-0.00000e+00,3.80000e-02,
7.2771555e-01,2.00001e-01,3.80000e-02,
7.2800851e-01,-0.00000e+00,3.80000e-02,
7.2830147e-01,2.00001e-01,3.80000e-02,
7.2859442e-01,-0.00000e+00,3.80000e-02,
7.2888738e-01,-0.00000e+00,4.00000e-02,
7.2918034e-01,-0.00000e+00,3.80000e-02,
7.2947329e-01,-0.00000e+00,3.80000e-02,
7.2976625e-01,-0.00000e+00,3.60000e-02,
7.3005921e-01,-0.00000e+00,3.60000e-02,
7.3035216e-01,-0.00000e+00,3.20000e-02,
7.3064512e-01,-0.00000e+00,3.80000e-02,
7.3093808e-01,2.00001e-01,3.60000e-02,
7.3123103e-01,-0.00000e+00,3.60000e-02,
7.3152399e-01,2.00001e-01,3.40000e-02,
7.3181695e-01,-0.00000e+00,3.40000e-02,
7.3210990e-01,-0.00000e+00,3.60000e-02,
7.3240286e-01,-0.00000e+00,3.60000e-02,
7.3269582e-01,-0.00000e+00,3.60000e-02,
7.3298877e-01,2.00001e-01,3.40000e-02,
7.3328173e-01,-0.00000e+00,3.60000e-02,
7.3357469e-01,2.00001e-01,4.40000e-02,
7.3386765e-01,-0.00000e+00,3.60000e-02,
7.3416060e-01,-0.00000e+00,3.40000e-02,
7.3445356e-01,2.00001e-01,3.60000e-02,
7.3474652e-01,-0.00000e+00,3.40000e-02,
7.3503947e-01,-0.00000e+00,3.60000e-02,
7.3533243e-01,2.00001e-01,3.20000e-02,
7.3562539e-01,2.00001e-01,3.20000e-02,
7.3591834e-01,2.00001e-01,3.40000e-02,
7.3621130e-01,-0.00000e+00,3.40000e-02,
7.3650426e-01,-0.00000e+00,3.40000e-02,
7.3679721e-01,-0.00000e+00,3.00000e-02,
7.3709017e-01,2.00001e-01,3.40000e-02,
7.3738313e-01,-0.00000e+00,3.20000e-02,
7.3767608e-01,2.00001e-01,3.40000e-02,
7.3796904e-01,-0.00000e+00,3.20000e-02,
7.3826200e-01,-0.00000e+00,3.20000e-02,
7.3855495e-01,2.00001e-01,3.20000e-02,
7.3884791e-01,2.00001e-01,3.20000e-02,
7.3914087e-01,-0.00000e+00,3.20000e-02,
7.3943383e-01,-0.00000e+00,3.20000e-02,
7.3972678e-01,-0.00000e+00,3.20000e-02,
7.4001974e-01,2.00001e-01,3.40000e-02,
7.4031270e-01,-0.00000e+00,3.20000e-02,
7.4060565e-01,-0.00000e+00,3.20000e-02,
7.4089861e-01,2.00001e-01,3.20000e-02,
7.4119157e-01,2.00001e-01,3.20000e-02,
7.4148452e-01,-0.00000e+00,3.20000e-02,
7.4177748e-01,-0.00000e+00,3.20000e-02,
7.4207044e-01,-0.00000e+00,3.20000e-02,
7.4236339e-01,2.00001e-01,3.20000e-02,
7.4265635e-01,-0.00000e+00,3.20000e-02,
7.4294931e-01,-0.00000e+00,3.20000e-02,
7.4324226e-01,-0.00000e+00,3.00000e-02,
7.4353522e-01,2.00001e-01,3.20000e-02,
7.4382818e-01,-0.00000e+00,3.20000e-02,
7.4412113e-01,-0.00000e+00,3.20000e-02,
7.4441409e-01,-0.00000e+00,3.00000e-02,
7.4470705e-01,-0.00000e+00,3.00000e-02,
7.4500000e-01,-0.00000e+00,2.80000e-02,
7.4529296e-01,-0.00000e+00,3.20000e-02,
7.4558592e-01,-0.00000e+00,3.00000e-02,
7.4587888e-01,-0.00000e+00,3.20000e-02,
7.4617183e-01,-0.00000e+00,3.20000e-02,
7.4646479e-01,-0.00000e+00,3.00000e-02,
7.4675775e-01,-0.00000e+00,3.20000e-02,
7.4705070e-01,-0.00000e+00,3.00000e-02,
7.4734366e-01,-0.00000e+00,3.00000e-02,
7.4763662e-01,-0.00000e+00,3.00000e-02,
7.4792957e-01,-0.00000e+00,2.80000e-02,
7.4822253e-01,-0.00000e+00,3.00000e-02,
7.4851549e-01,-0.00000e+00,3.20000e-02,
7.4880844e-01,-0.00000e+00,3.20000e-02,
7.4910140e-01,2.00001e-01,3.20000e-02,
7.4939436e-01,-0.00000e+00,3.20000e-02,
7.4968731e-01,-0.00000e+00,3.40000e-02,
7.4998027e-01,-0.00000e+00,3.60000e-02,
7.5027323e-01,-0.00000e+00,3.60000e-02,
7.5056618e-01,-0.00000e+00,3.80000e-02,
7.5085914e-01,-0.00000e+00,3.80000e-02,
7.5115210e-01,-0.00000e+00,4.00000e-02,
7.5144506e-01,-0.00000e+00,4.00000e-02,
7.5173801e-01,-0.00000e+00,4.00000e-02,
7.5203097e-01,2.00001e-01,4.00000e-02,
7.5232393e-01,-0.00000e+00,4.20000e-02,
7.5261688e-01,-0.00000e+00,4.00000e-02,
7.5290984e-01,-0.00000e+00,4.40000e-02,
7.5320280e-01,2.00001e-01,4.00000e-02,
7.5349575e-01,-0.00000e+00,4.20000e-02,
7.5378871e-01,2.00001e-01,4.40000e-02,
7.5408167e-01,-0.00000e+00,4.60000e-02,
7.5437462e-01,-0.00000e+00,4.60000e-02,
7.5466758e-01,-0.00000e+00,4.80000e-02,
7.5496054e-01,2.00001e-01,4.60000e-02,
7.5525349e-01,-0.00000e+00,4.80000e-02,
7.5554645e-01,-0.00000e+00,4.60000e-02,
7.5583941e-01,-0.00000e+00,4.80000e-02,
7.5613236e-01,-0.00000e+00,4.80000e-02,
7.5642532e-01,-0.00000e+00,4.80000e-02,
7.5671828e-01,-0.00000e+00,5.20000e-02,
7.5701123e-01,-0.00000e+00,5.00000e-02,
7.5730419e-01,-0.00000e+00,5.00000e-02,
7.5759715e-01,2.00001e-01,5.00000e-02,
7.5789011e-01,-0.00000e+00,4.80000e-02,
7.5818306e-01,-0.00000e+00,5.00000e-02,
7.5847602e-01,-0.00000e+00,5.00000e-02,
7.5876898e-01,-0.00000e+00,5.20000e-02,
7.5906193e-01,2.00001e-01,5.60000e-02,
7.5935489e-01,-0.00000e+00,5.20000e-02,
7.5964785e-01,-0.00000e+00,5.20000e-02,
7.5994080e-01,2.00001e-01,5.20000e-02,
7.6023376e-01,2.00001e-01,5.40000e-02,
7.6052672e-01,-0.00000e+00,5.40000e-02,
7.6081967e-01,2.00001e-01,5.60000e-02,
7.6111263e-01,-0.00000e+00,5.40000e-02,
7.6140559e-01,-0.00000e+00,5.60000e-02,
7.6169854e-01,2.00001e-01,5.60000e-02,
7.6199150e-01,-0.00000e+00,5.60000e-02,
7.6228446e-01,-0.00000e+00,6.00000e-02,
7.6257741e-01,-0.00000e+00,5.60000e-02,
7.6287037e-01,-0.00000e+00,5.40000e-02,
7.6316333e-01,-0.00000e+00,5.20000e-02,
7.6345628e-01,-0.00000e+00,5.60000e-02,
7.6374924e-01,-0.00000e+00,5.60000e-02,
7.6404220e-01,-0.00000e+00,5.60000e-02,
7.6433516e-01,2.00001e-01,5.60000e-02,
7.6462811e-01,2.00001e-01,5.60000e-02,
7.6492107e-01,2.00001e-01,5.60000e-02,
7.6521403e-01,-0.00000e+00,5.60000e-02,
7.6550698e-01,-0.00000e+00,5.60000e-02,
7.6579994e-01,2.00001e-01,5.60000e-02,
7.6609290e-01,-0.00000e+00,5.60000e-02,
7.6638585e-01,-0.00000e+00,5.60000e-02,
7.6667881e-01,-0.00000e+00,5.60000e-02,
7.6697177e-01,-0.00000e+00,5.60000e-02,
7.6726472e-01,-0.00000e+00,5.60000e-02,
7.6755768e-01,-0.00000e+00,5.60000e-02,
7.6785064e-01,2.00001e-01,5.60000e-02,
7.6814359e-01,2.00001e-01,5.60000e-02,
7.6843655e-01,2.00001e-01,5.60000e-02,
7.6872951e-01,-0.00000e+00,5.60000e-02,
7.6902246e-01,-0.00000e+00,5.60000e-02,
7.6931542e-01,2.00001e-01,5.60000e-02,
7.6960838e-01,-0.00000e+00,5.60000e-02,
7.6990134e-01,-0.00000e+00,5.60000e-02,
7.7019429e-01,-0.00000e+00,5.60000e-02,
7.7048725e-01,-0.00000e+00,5.60000e-02,
7.7078021e-01,-0.00000e+00,5.60000e-02,
7.7107316e-01,-0.00000e+00,5.60000e-02,
7.7136612e-01,-0.00000e+00,5.60000e-02,
7.7165908e-01,-0.00000e+00,5.60000e-02,
7.7195203e-01,2.00001e-01,6.00000e-02,
7.7224499e-01,2.00001e-01,5.60000e-02,
7.7253795e-01,-0.00000e+00,5.40000e-02,
7.7283090e-01,2.00001e-01,5.60000e-02,
7.7312386e-01,-0.00000e+00,5.40000e-02,
7.7341682e-01,2.00001e-01,5.60000e-02,
7.7370977e-01,-0.00000e+00,5.60000e-02,
7.7400273e-01,-0.00000e+00,5.60000e-02,
7.7429569e-01,-0.00000e+00,5.40000e-02,
7.7458864e-01,-0.00000e+00,5.60000e-02,
7.7488160e-01,-0.00000e+00,5.60000e-02,
7.7517456e-01,2.00001e-01,5.60000e-02,
7.7546751e-01,-0.00000e+00,5.60000e-02,
7.7576047e-01,2.00001e-01,5.40000e-02,
7.7605343e-01,-0.00000e+00,5.40000e-02,
7.7634639e-01,2.00001e-01,5.60000e-02,
7.7663934e-01,-0.00000e+00,5.60000e-02,
7.7693230e-01,-0.00000e+00,5.60000e-02,
7.7722526e-01,-0.00000e+00,5.60000e-02,
7.7751821e-01,-0.00000e+00,5.60000e-02,
7.7781117e-01,-0.00000e+00,5.40000e-02,
7.7810413e-01,2.00001e-01,5.40000e-02,
7.7839708e-01,-0.00000e+00,5.40000e-02,
7.7869004e-01,-0.00000e+00,5.40000e-02,
7.7898300e-01,-0.00000e+00,5.40000e-02,
7.7927595e-01,2.00001e-01,5.40000e-02,
7.7956891e-01,2.00001e-01,5.20000e-02,
7.7986187e-01,-0.00000e+00,5.20000e-02,
7.8015482e-01,-0.00000e+00,5.40000e-02,
7.8044778e-01,2.00001e-01,5.40000e-02,
7.8074074e-01,-0.00000e+00,5.20000e-02,
7.8103369e-01,2.00001e-01,6.00000e-02,
7.8132665e-01,-0.00000e+00,6.00000e-02,
7.8161961e-01,-0.00000e+00,5.60000e-02,
7.8191257e-01,-0.00000e+00,5.40000e-02,
7.8220552e-01,2.00001e-01,6.00000e-02,
7.8249848e-01,2.00001e-01,5.40000e-02,
7.8279144e-01,-0.00000e+00,5.20000e-02,
7.8308439e-01,-0.00000e+00,5.00000e-02,
7.8337735e-01,-0.00000e+00,5.20000e-02,
7.8367031e-01,-0.00000e+00,5.20000e-02,
7.8396326e-01,-0.00000e+00,5.20000e-02,
7.8425622e-01,-0.00000e+00,5.20000e-02,
7.8454918e-01,2.00001e-01,5.20000e-02,
7.8484213e-01,-0.00000e+00,5.20000e-02,
7.8513509e-01,2.00001e-01,5.00000e-02,
7.8542805e-01,2.00001e-01,5.20000e-02,
7.8572100e-01,-0.00000e+00,5.00000e-02,
7.8601396e-01,-0.00000e+00,5.00000e-02,
7.8630692e-01,2.00001e-01,4.80000e-02,
7.8659987e-01,-0.00000e+00,5.20000e-02,
7.8689283e-01,-0.00000e+00,5.00000e-02,
7.8718579e-01,2.00001e-01,4.80000e-02,
7.8747874e-01,-0.00000e+00,5.00000e-02,
7.8777170e-01,-0.00000e+00,4.80000e-02,
7.8806466e-01,-0.00000e+00,4.80000e-02,
7.8835762e-01,-0.00000e+00,5.00000e-02,
7.8865057e-01,2.00001e-01,4.80000e-02,
7.8894353e-01,2.00001e-01,4.40000e-02,
7.8923649e-01,-0.00000e+00,4.80000e-02,
7.8952944e-01,2.00001e-01,4.80000e-02,
7.8982240e-01,-0.00000e+00,4.80000e-02,
7.9011536e-01,-0.00000e+00,4.80000e-02,
7.9040831e-01,-0.00000e+00,4.80000e-02,
7.9070127e-01,-0.00000e+00,4.60000e-02,
7.9099423e-01,-0.00000e+00,4.80000e-02,
7.9128718e-01,-0.00000e+00,4.80000e-02,
7.9158014e-01,2.00001e-01,4.60000e-02,
7.9187310e-01,-0.00000e+00,4.80000e-02,
7.9216605e-01,2.00001e-01,4.60000e-02,
7.9245901e-01,-0.00000e+00,4.60000e-02,
7.9275197e-01,2.00001e-01,4.40000e-02,
7.9304492e-01,2.00001e-01,4.60000e-02,
7.9333788e-01,-0.00000e+00,4.60000e-02,
7.9363084e-01,-0.00000e+00,4.80000e-02,
7.9392380e-01,2.00001e-01,4.60000e-02,
7.9421675e-01,-0.00000e+00,4.40000e-02,
7.9450971e-01,2.00001e-01,4.60000e-02,
7.9480267e-01,2.00001e-01,4.40000e-02,
7.9509562e-01,-0.00000e+00,4.60000e-02,
7.9538858e-01,-0.00000e+00,4.40000e-02,
7.9568154e-01,-0.00000e+00,4.60000e-02,
7.9597449e-01,2.00001e-01,4.40000e-02,
7.9626745e-01,-0.00000e+00,4.40000e-02,
7.9656041e-01,-0.00000e+00,4.40000e-02,
7.9685336e-01,-0.00000e+00,4.60000e-02,
7.9714632e-01,-0.00000e+00,4.40000e-02,
7.9743928e-01,2.00001e-01,4.40000e-02,
7.9773223e-01,-0.00000e+00,4.40000e-02,
7.9802519e-01,-0.00000e+00,4.00000e-02,
7.9831815e-01,2.00001e-01,4.00000e-02,
7.9861110e-01,-0.00000e+00,4.40000e-02,
7.9890406e-01,-0.00000e+00,4.20000e-02,
7.9919702e-01,2.00001e-01,4.40000e-02,
7.9948997e-01,2.00001e-01,4.00000e-02,
7.9978293e-01,2.00001e-01,4.40000e-02,
8.0007589e-01,-0.00000e+00,4.00000e-02,
8.0036885e-01,2.00001e-01,4.00000e-02,
8.0066180e-01,-0.00000e+00,4.00000e-02,
8.0095476e-01,-0.00000e+00,4.00000e-02,
8.0124772e-01,-0.00000e+00,4.00000e-02,
8.0154067e-01,-0.00000e+00,4.20000e-02,
8.0183363e-01,2.00001e-01,4.00000e-02,
8.0212659e-01,-0.00000e+00,4.00000e-02,
8.0241954e-01,2.00001e-01,4.00000e-02,
8.0271250e-01,-0.00000e+00,4.00000e-02,
8.0300546e-01,2.00001e-01,3.80000e-02,
8.0329841e-01,-0.00000e+00,4.00000e-02,
8.0359137e-01,-0.00000e+00,4.00000e-02,
8.0388433e-01,-0.00000e+00,4.00000e-02,
8.0417728e-01,-0.00000e+00,4.00000e-02,
8.0447024e-01,-0.00000e+00,4.20000e-02,
8.0476320e-01,2.00001e-01,4.60000e-02,
8.0505615e-01,-0.00000e+00,4.40000e-02,
8.0534911e-01,-0.00000e+00,4.60000e-02,
8.0564207e-01,2.00001e-01,4.60000e-02,
8.0593503e-01,-0.00000e+00,4.60000e-02,
8.0622798e-01,-0.00000e+00,4.80000e-02,
8.0652094e-01,2.00001e-01,4.80000e-02,
8.0681390e-01,2.00001e-01,4.80000e-02,
8.0710685e-01,2.00001e-01,4.80000e-02,
8.0739981e-01,-0.00000e+00,5.20000e-02,
8.0769277e-01,-0.00000e+00,5.20000e-02,
8.0798572e-01,-0.00000e+00,5.40000e-02,
8.0827868e-01,-0.00000e+00,5.20000e-02,
8.0857164e-01,-0.00000e+00,5.60000e-02,
8.0886459e-01,-0.00000e+00,5.20000e-02,
8.0915755e-01,-0.00000e+00,5.40000e-02,
8.0945051e-01,-0.00000e+00,5.40000e-02,
8.0974346e-01,-0.00000e+00,5.40000e-02,
8.1003642e-01,2.00001e-01,5.60000e-02,
8.1032938e-01,-0.00000e+00,5.60000e-02,
8.1062233e-01,-0.00000e+00,5.60000e-02,
8.1091529e-01,-0.00000e+00,5.60000e-02,
8.1120825e-01,-0.00000e+00,5.60000e-02,
8.1150120e-01,-0.00000e+00,5.60000e-02,
8.1179416e-01,2.00001e-01,5.80000e-02,
8.1208712e-01,-0.00000e+00,5.60000e-02,
8.1238008e-01,-0.00000e+00,5.60000e-02,
8.1267303e-01,2.00001e-01,5.80000e-02,
8.1296599e-01,2.00001e-01,6.00000e-02,
8.1325895e-01,-0.00000e+00,6.00000e-02,
8.1355190e-01,-0.00000e+00,6.00000e-02,
8.1384486e-01,-0.00000e+00,6.00000e-02,
8.1413782e-01,-0.00000e+00,6.00000e-02,
8.1443077e-01,-0.00000e+00,6.20000e-02,
8.1472373e-01,2.00001e-01,6.20000e-02,
8.1501669e-01,-0.00000e+00,6.40000e-02,
8.1530964e-01,2.00001e-01,6.20000e-02,
8.1560260e-01,-0.00000e+00,6.20000e-02,
8.1589556e-01,2.00001e-01,6.00000e-02,
8.1618851e-01,-0.00000e+00,6.40000e-02,
8.1648147e-01,2.00001e-01,6.20000e-02,
8.1677443e-01,-0.00000e+00,6.20000e-02,
8.1706738e-01,-0.00000e+00,6.20000e-02,
8.1736034e-01,-0.00000e+00,6.40000e-02,
8.1765330e-01,2.00001e-01,6.40000e-02,
8.1794626e-01,-0.00000e+00,6.40000e-02,
8.1823921e-01,-0.00000e+00,6.00000e-02,
8.1853217e-01,-0.00000e+00,6.40000e-02,
8.1882513e-01,-0.00000e+00,6.40000e-02,
8.1911808e-01,2.00001e-01,6.40000e-02,
8.1941104e-01,-0.00000e+00,6.40000e-02,
8.1970400e-01,2.00001e-01,6.40000e-02,
8.1999695e-01,-0.00000e+00,6.20000e-02,
8.2028991e-01,2.00001e-01,6.40000e-02,
8.2058287e-01,-0.00000e+00,6.20000e-02,
8.2087582e-01,-0.00000e+00,6.40000e-02,
8.2116878e-01,-0.00000e+00,6.40000e-02,
8.2146174e-01,-0.00000e+00,6.20000e-02,
8.2175469e-01,-0.00000e+00,6.20000e-02,
8.2204765e-01,-0.00000e+00,6.40000e-02,
8.2234061e-01,-0.00000e+00,6.40000e-02,
8.2263356e-01,-0.00000e+00,6.40000e-02,
8.2292652e-01,-0.00000e+00,5.60000e-02,
8.2321948e-01,-0.00000e+00,6.40000e-02,
8.2351243e-01,-0.00000e+00,6.40000e-02,
8.2380539e-01,2.00001e-01,6.40000e-02,
8.2409835e-01,-0.00000e+00,6.20000e-02,
8.2439131e-01,-0.00000e+00,6.40000e-02,
8.2468426e-01,2.00001e-01,6.40000e-02,
8.2497722e-01,-0.00000e+00,6.40000e-02,
8.2527018e-01,-0.00000e+00,6.40000e-02,
8.2556313e-01,-0.00000e+00,6.40000e-02,
8.2585609e-01,-0.00000e+00,6.20000e-02,
8.2614905e-01,2.00001e-01,6.20000e-02,
8.2644200e-01,-0.00000e+00,6.40000e-02,
8.2673496e-01,-0.00000e+00,6.40000e-02,
8.2702792e-01,2.00001e-01,6.40000e-02,
8.2732087e-01,-0.00000e+00,6.20000e-02,
8.2761383e-01,-0.00000e+00,6.20000e-02,
8.2790679e-01,-0.00000e+00,6.20000e-02,
8.2819974e-01,-0.00000e+00,6.40000e-02,
8.2849270e-01,2.00001e-01,6.20000e-02,
8.2878566e-01,-0.00000e+00,5.80000e-02,
8.2907861e-01,-0.00000e+00,6.20000e-02,
8.2937157e-01,-0.00000e+00,6.20000e-02,
8.2966453e-01,-0.00000e+00,6.20000e-02,
8.2995749e-01,-0.00000e+00,6.40000e-02,
8.3025044e-01,-0.00000e+00,6.20000e-02,
8.3054340e-01,-0.00000e+00,6.20000e-02,
8.3083636e-01,-0.00000e+00,6.00000e-02,
8.3112931e-01,2.00001e-01,6.00000e-02,
8.3142227e-01,-0.00000e+00,6.00000e-02,
8.3171523e-01,2.00001e-01,6.20000e-02,
8.3200818e-01,-0.00000e+00,6.00000e-02,
8.3230114e-01,-0.00000e+00,6.00000e-02,
8.3259410e-01,2.00001e-01,6.40000e-02,
8.3288705e-01,-0.00000e+00,6.00000e-02,
8.3318001e-01,-0.00000e+00,6.00000e-02,
8.3347297e-01,-0.00000e+00,6.00000e-02,
8.3376592e-01,-0.00000e+00,6.00000e-02,
8.3405888e-01,-0.00000e+00,6.00000e-02,
8.3435184e-01,-0.00000e+00,5.60000e-02,
8.3464479e-01,-0.00000e+00,5.80000e-02,
8.3493775e-01,-0.00000e+00,5.60000e-02,
8.3523071e-01,-0.00000e+00,5.80000e-02,
8.3552366e-01,-0.00000e+00,5.80000e-02,
8.3581662e-01,2.00001e-01,5.60000e-02,
8.3610958e-01,-0.00000e+00,5.80000e-02,
8.3640254e-01,-0.00000e+00,5.60000e-02,
8.3669549e-01,-0.00000e+00,5.60000e-02,
8.3698845e-01,2.00001e-01,5.60000e-02,
8.3728141e-01,-0.00000e+00,5.60000e-02,
8.3757436e-01,2.00001e-01,5.60000e-02,
8.3786732e-01,2.00001e-01,5.60000e-02,
8.3816028e-01,-0.00000e+00,5.60000e-02,
8.3845323e-01,-0.00000e+00,5.40000e-02,
8.3874619e-01,2.00001e-01,5.20000e-02,
8.3903915e-01,-0.00000e+00,5.60000e-02,
8.3933210e-01,-0.00000e+00,5.60000e-02,
8.3962506e-01,-0.00000e+00,5.60000e-02,
8.3991802e-01,-0.00000e+00,5.40000e-02,
8.4021097e-01,-0.00000e+00,5.40000e-02,
8.4050393e-01,-0.00000e+00,5.40000e-02,
8.4079689e-01,-0.00000e+00,5.60000e-02,
8.4108984e-01,2.00001e-01,5.60000e-02,
8.4138280e-01,-0.00000e+00,4.80000e-02,
8.4167576e-01,2.00001e-01,5.40000e-02,
8.4196872e-01,-0.00000e+00,5.40000e-02,
8.4226167e-01,-0.00000e+00,5.20000e-02,
8.4255463e-01,2.00001e-01,5.80000e-02,
8.4284759e-01,-0.00000e+00,5.40000e-02,
8.4314054e-01,-0.00000e+00,5.20000e-02,
8.4343350e-01,-0.00000e+00,5.40000e-02,
8.4372646e-01,2.00001e-01,5.20000e-02,
8.4401941e-01,2.00001e-01,5.60000e-02,
8.4431237e-01,-0.00000e+00,5.20000e-02,
8.4460533e-01,-0.00000e+00,5.80000e-02,
8.4489828e-01,-0.00000e+00,5.20000e-02,
8.4519124e-01,-0.00000e+00,5.20000e-02,
8.4548420e-01,2.00001e-01,5.20000e-02,
8.4577715e-01,-0.00000e+00,5.20000e-02,
8.4607011e-01,-0.00000e+00,5.20000e-02,
8.4636307e-01,2.00001e-01,5.00000e-02,
8.4665602e-01,-0.00000e+00,5.20000e-02,
8.4694898e-01,2.00001e-01,5.00000e-02,
8.4724194e-01,-0.00000e+00,5.00000e-02,
8.4753489e-01,2.00001e-01,5.00000e-02,
8.4782785e-01,2.00001e-01,4.80000e-02,
8.4812081e-01,2.00001e-01,5.00000e-02,
8.4841377e-01,-0.00000e+00,5.00000e-02,
8.4870672e-01,2.00001e-01,5.20000e-02,
8.4899968e-01,-0.00000e+00,4.80000e-02,
8.4929264e-01,-0.00000e+00,5.00000e-02,
8.4958559e-01,-0.00000e+00,5.00000e-02,
8.4987855e-01,-0.00000e+00,5.00000e-02,
8.5017151e-01,-0.00000e+00,5.20000e-02,
8.5046446e-01,-0.00000e+00,5.40000e-02,
8.5075742e-01,-0.00000e+00,5.40000e-02,
8.5105038e-01,-0.00000e+00,5.40000e-02,
8.5134333e-01,-0.00000e+00,5.60000e-02,
8.5163629e-01,-0.00000e+00,5.60000e-02,
8.5192925e-01,-0.00000e+00,5.60000e-02,
8.5222220e-01,-0.00000e+00,5.60000e-02,
8.5251516e-01,-0.00000e+00,6.00000e-02,
8.5280812e-01,-0.00000e+00,6.00000e-02,
8.5310107e-01,2.00001e-01,6.00000e-02,
8.5339403e-01,2.00001e-01,5.80000e-02,
8.5368699e-01,-0.00000e+00,6.00000e-02,
8.5397995e-01,2.00001e-01,6.20000e-02,
8.5427290e-01,-0.00000e+00,6.00000e-02,
8.5456586e-01,-0.00000e+00,6.40000e-02,
8.5485882e-01,-0.00000e+00,6.40000e-02,
8.5515177e-01,-0.00000e+00,6.20000e-02,
8.5544473e-01,-0.00000e+00,6.20000e-02,
8.5573769e-01,-0.00000e+00,6.40000e-02,
8.5603064e-01,-0.00000e+00,6.40000e-02,
8.5632360e-01,2.00001e-01,6.40000e-02,
8.5661656e-01,2.00001e-01,6.40000e-02,
8.5690951e-01,2.00001e-01,6.40000e-02,
8.5720247e-01,2.00001e-01,6.60000e-02,
8.5749543e-01,2.00001e-01,7.00000e-02,
8.5778838e-01,2.00001e-01,6.40000e-02,
8.5808134e-01,-0.00000e+00,6.60000e-02,
8.5837430e-01,-0.00000e+00,6.80000e-02,
8.5866725e-01,-0.00000e+00,6.60000e-02,
8.5896021e-01,2.00001e-01,7.00000e-02,
8.5925317e-01,-0.00000e+00,6.80000e-02,
8.5954612e-01,-0.00000e+00,6.80000e-02,
8.5983908e-01,-0.00000e+00,6.80000e-02,
8.6013204e-01,-0.00000e+00,6.80000e-02,
8.6042500e-01,2.00001e-01,7.00000e-02,
8.6071795e-01,2.00001e-01,7.20000e-02,
8.6101091e-01,-0.00000e+00,7.00000e-02,
8.6130387e-01,-0.00000e+00,6.80000e-02,
8.6159682e-01,-0.00000e+00,7.00000e-02,
8.6188978e-01,-0.00000e+00,7.00000e-02,
8.6218274e-01,2.00001e-01,7.00000e-02,
8.6247569e-01,-0.00000e+00,7.00000e-02,
8.6276865e-01,-0.00000e+00,7.00000e-02,
8.6306161e-01,2.00001e-01,7.20000e-02,
8.6335456e-01,2.00001e-01,7.00000e-02,
8.6364752e-01,2.00001e-01,7.00000e-02,
8.6394048e-01,-0.00000e+00,7.20000e-02,
8.6423343e-01,2.00001e-01,7.00000e-02,
8.6452639e-01,-0.00000e+00,7.20000e-02,
8.6481935e-01,-0.00000e+00,7.00000e-02,
8.6511230e-01,2.00001e-01,7.00000e-02,
8.6540526e-01,2.00001e-01,7.00000e-02,
8.6569822e-01,-0.00000e+00,7.00000e-02,
8.6599118e-01,2.00001e-01,7.00000e-02,
8.6628413e-01,-0.00000e+00,6.80000e-02,
8.6657709e-01,-0.00000e+00,7.20000e-02,
8.6687005e-01,-0.00000e+00,7.00000e-02,
8.6716300e-01,-0.00000e+00,6.40000e-02,
8.6745596e-01,-0.00000e+00,7.00000e-02,
8.6774892e-01,2.00001e-01,7.00000e-02,
8.6804187e-01,-0.00000e+00,7.00000e-02,
8.6833483e-01,-0.00000e+00,6.80000e-02,
8.6862779e-01,2.00001e-01,7.00000e-02,
8.6892074e-01,-0.00000e+00,7.00000e-02,
8.6921370e-01,-0.00000e+00,7.00000e-02,
8.6950666e-01,-0.00000e+00,7.00000e-02,
8.6979961e-01,-0.00000e+00,7.00000e-02,
8.7009257e-01,2.00001e-01,7.00000e-02,
8.7038553e-01,-0.00000e+00,6.80000e-02,
8.7067848e-01,-0.00000e+00,6.80000e-02,
8.7097144e-01,-0.00000e+00,7.00000e-02,
8.7126440e-01,-0.00000e+00,6.80000e-02,
8.7155735e-01,2.00001e-01,6.80000e-02,
8.7185031e-01,-0.00000e+00,7.20000e-02,
8.7214327e-01,2.00001e-01,6.80000e-02,
8.7243623e-01,2.00001e-01,7.00000e-02,
8.7272918e-01,2.00001e-01,6.80000e-02,
8.7302214e-01,2.00001e-01,6.80000e-02,
8.7331510e-01,-0.00000e+00,6.60000e-02,
8.7360805e-01,-0.00000e+00,7.00000e-02,
8.7390101e-01,2.00001e-01,6.80000e-02,
8.7419397e-01,2.00001e-01,6.80000e-02,
8.7448692e-01,-0.00000e+00,6.60000e-02,
8.7477988e-01,-0.00000e+00,6.80000e-02,
8.7507284e-01,2.00001e-01,6.60000e-02,
8.7536579e-01,-0.00000e+00,7.00000e-02,
8.7565875e-01,-0.00000e+00,6.80000e-02,
8.7595171e-01,2.00001e-01,6.40000e-02,
8.7624466e-01,2.00001e-01,6.40000e-02,
8.7653762e-01,-0.00000e+00,6.40000e-02,
8.7683058e-01,-0.00000e+00,7.00000e-02,
8.7712353e-01,-0.00000e+00,6.40000e-02,
8.7741649e-01,-0.00000e+00,6.60000e-02,
8.7770945e-01,-0.00000e+00,6.40000e-02,
8.7800241e-01,-0.00000e+00,6.40000e-02,
8.7829536e-01,2.00001e-01,6.40000e-02,
8.7858832e-01,-0.00000e+00,6.40000e-02,
8.7888128e-01,2.00001e-01,6.40000e-02,
8.7917423e-01,-0.00000e+00,6.40000e-02,
8.7946719e-01,-0.00000e+00,6.40000e-02,
8.7976015e-01,-0.00000e+00,6.40000e-02,
8.8005310e-01,-0.00000e+00,6.40000e-02,
8.8034606e-01,2.00001e-01,6.40000e-02,
8.8063902e-01,-0.00000e+00,6.40000e-02,
8.8093197e-01,-0.00000e+00,6.20000e-02,
8.8122493e-01,-0.00000e+00,6.20000e-02,
8.8151789e-01,2.00001e-01,6.40000e-02,
8.8181084e-01,-0.00000e+00,6.20000e-02,
8.8210380e-01,-0.00000e+00,6.20000e-02,
8.8239676e-01,-0.00000e+00,6.20000e-02,
8.8268971e-01,-0.00000e+00,6.20000e-02,
8.8298267e-01,-0.00000e+00,6.20000e-02,
8.8327563e-01,-0.00000e+00,6.00000e-02,
8.8356858e-01,-0.00000e+00,6.20000e-02,
8.8386154e-01,-0.00000e+00,6.00000e-02,
8.8415450e-01,-0.00000e+00,6.00000e-02,
8.8444746e-01,-0.00000e+00,6.00000e-02,
8.8474041e-01,-0.00000e+00,6.00000e-02,
8.8503337e-01,2.00001e-01,5.80000e-02,
8.8532633e-01,-0.00000e+00,5.80000e-02,
8.8561928e-01,2.00001e-01,6.00000e-02,
8.8591224e-01,-0.00000e+00,5.60000e-02,
8.8620520e-01,2.00001e-01,6.20000e-02,
8.8649815e-01,2.00001e-01,6.00000e-02,
8.8679111e-01,-0.00000e+00,5.60000e-02,
8.8708407e-01,-0.00000e+00,5.60000e-02,
8.8737702e-01,-0.00000e+00,5.60000e-02,
8.8766998e-01,2.00001e-01,5.80000e-02,
8.8796294e-01,2.00001e-01,6.40000e-02,
8.8825589e-01,2.00001e-01,5.60000e-02,
8.8854885e-01,-0.00000e+00,5.60000e-02,
8.8884181e-01,-0.00000e+00,5.60000e-02,
8.8913476e-01,-0.00000e+00,6.00000e-02,
8.8942772e-01,2.00001e-01,6.00000e-02,
8.8972068e-01,-0.00000e+00,5.80000e-02,
8.9001364e-01,-0.00000e+00,6.00000e-02,
8.9030659e-01,2.00001e-01,6.40000e-02,
8.9059955e-01,-0.00000e+00,6.40000e-02,
8.9089251e-01,2.00001e-01,6.20000e-02,
8.9118546e-01,-0.00000e+00,6.40000e-02,
8.9147842e-01,-0.00000e+00,6.40000e-02,
8.9177138e-01,-0.00000e+00,6.40000e-02,
8.9206433e-01,2.00001e-01,6.40000e-02,
8.9235729e-01,-0.00000e+00,6.60000e-02,
8.9265025e-01,-0.00000e+00,6.80000e-02,
8.9294320e-01,-0.00000e+00,6.80000e-02,
8.9323616e-01,-0.00000e+00,6.80000e-02,
8.9352912e-01,-0.00000e+00,7.00000e-02,
8.9382207e-01,-0.00000e+00,6.80000e-02,
8.9411503e-01,-0.00000e+00,7.20000e-02,
8.9440799e-01,2.00001e-01,7.00000e-02,
8.9470094e-01,-0.00000e+00,7.00000e-02,
8.9499390e-01,2.00001e-01,7.00000e-02,
8.9528686e-01,-0.00000e+00,7.20000e-02,
8.9557981e-01,-0.00000e+00,7.20000e-02,
8.9587277e-01,-0.00000e+00,7.20000e-02,
8.9616573e-01,-0.00000e+00,7.20000e-02,
8.9645869e-01,-0.00000e+00,7.20000e-02,
8.9675164e-01,2.00001e-01,7.20000e-02,
8.9704460e-01,-0.00000e+00,7.40000e-02,
8.9733756e-01,-0.00000e+00,7.20000e-02,
8.9763051e-01,2.00001e-01,7.20000e-02,
8.9792347e-01,-0.00000e+00,7.20000e-02,
8.9821643e-01,2.00001e-01,7.20000e-02,
8.9850938e-01,-0.00000e+00,7.20000e-02,
8.9880234e-01,-0.00000e+00,7.80000e-02,
8.9909530e-01,-0.00000e+00,7.40000e-02,
8.9938825e-01,-0.00000e+00,7.60000e-02,
8.9968121e-01,-0.00000e+00,7.40000e-02,
8.9997417e-01,-0.00000e+00,7.20000e-02,
9.0026712e-01,-0.00000e+00,7.40000e-02,
9.0056008e-01,-0.00000e+00,7.60000e-02,
9.0085304e-01,-0.00000e+00,7.60000e-02,
9.0114599e-01,-0.00000e+00,7.40000e-02,
9.0143895e-01,-0.00000e+00,7.60000e-02,
9.0173191e-01,-0.00000e+00,7.60000e-02,
9.0202487e-01,2.00001e-01,7.40000e-02,
9.0231782e-01,-0.00000e+00,7.60000e-02,
9.0261078e-01,-0.00000e+00,7.40000e-02,
9.0290374e-01,2.00001e-01,7.40000e-02,
9.0319669e-01,-0.00000e+00,7.20000e-02,
9.0348965e-01,-0.00000e+00,7.60000e-02,
9.0378261e-01,-0.00000e+00,7.60000e-02,
9.0407556e-01,-0.00000e+00,7.80000e-02,
9.0436852e-01,-0.00000e+00,7.60000e-02,
9.0466148e-01,-0.00000e+00,7.60000e-02,
9.0495443e-01,-0.00000e+00,7.60000e-02,
9.0524739e-01,-0.00000e+00,7.40000e-02,
9.0554035e-01,-0.00000e+00,7.80000e-02,
9.0583330e-01,2.00001e-01,7.40000e-02,
9.0612626e-01,-0.00000e+00,7.80000e-02,
9.0641922e-01,-0.00000e+00,8.00000e-02,
9.0671217e-01,-0.00000e+00,7.60000e-02,
9.0700513e-01,2.00001e-01,7.60000e-02,
9.0729809e-01,2.00001e-01,7.60000e-02,
9.0759104e-01,-0.00000e+00,7.60000e-02,
9.0788400e-01,-0.00000e+00,7.60000e-02,
9.0817696e-01,-0.00000e+00,7.40000e-02,
9.0846992e-01,-0.00000e+00,7.60000e-02,
9.0876287e-01,-0.00000e+00,7.60000e-02,
9.0905583e-01,2.00001e-01,7.60000e-02,
9.0934879e-01,2.00001e-01,7.40000e-02,
9.0964174e-01,2.00001e-01,7.60000e-02,
9.0993470e-01,-0.00000e+00,7.40000e-02,
9.1022766e-01,2.00001e-01,7.40000e-02,
9.1052061e-01,2.00001e-01,7.20000e-02,
9.1081357e-01,2.00001e-01,7.20000e-02,
9.1110653e-01,-0.00000e+00,7.20000e-02,
9.1139948e-01,2.00001e-01,7.20000e-02,
9.1169244e-01,-0.00000e+00,7.20000e-02,
9.1198540e-01,-0.00000e+00,7.40000e-02,
9.1227835e-01,-0.00000e+00,7.20000e-02,
9.1257131e-01,-0.00000e+00,7.20000e-02,
9.1286427e-01,2.00001e-01,7.20000e-02,
9.1315722e-01,2.00001e-01,7.20000e-02,
9.1345018e-01,-0.00000e+00,7.20000e-02,
9.1374314e-01,2.00001e-01,7.20000e-02,
9.1403610e-01,-0.00000e+00,7.20000e-02,
9.1432905e-01,-0.00000e+00,7.20000e-02,
9.1462201e-01,-0.00000e+00,7.20000e-02,
9.1491497e-01,-0.00000e+00,7.20000e-02,
9.1520792e-01,-0.00000e+00,7.20000e-02,
9.1550088e-01,2.00001e-01,7.00000e-02,
9.1579384e-01,-0.00000e+00,7.00000e-02,
9.1608679e-01,2.00001e-01,7.00000e-02,
9.1637975e-01,-0.00000e+00,7.00000e-02,
9.1667271e-01,-0.00000e+00,7.00000e-02,
9.1696566e-01,-0.00000e+00,6.80000e-02,
9.1725862e-01,2.00001e-01,7.00000e-02,
9.1755158e-01,2.00001e-01,6.80000e-02,
9.1784453e-01,-0.00000e+00,7.00000e-02,
9.1813749e-01,-0.00000e+00,7.00000e-02,
9.1843045e-01,-0.00000e+00,7.00000e-02,
9.1872340e-01,-0.00000e+00,6.80000e-02,
9.1901636e-01,-0.00000e+00,6.80000e-02,
9.1930932e-01,2.00001e-01,6.80000e-02,
9.1960227e-01,-0.00000e+00,6.80000e-02,
9.1989523e-01,-0.00000e+00,6.80000e-02,
9.2018819e-01,-0.00000e+00,6.60000e-02,
9.2048115e-01,-0.00000e+00,6.80000e-02,
9.2077410e-01,2.00001e-01,6.40000e-02,
9.2106706e-01,-0.00000e+00,6.40000e-02,
9.2136002e-01,-0.00000e+00,6.40000e-02,
9.2165297e-01,2.00001e-01,6.60000e-02,
9.2194593e-01,-0.00000e+00,6.60000e-02,
9.2223889e-01,-0.00000e+00,6.40000e-02,
9.2253184e-01,-0.00000e+00,6.80000e-02,
9.2282480e-01,-0.00000e+00,6.40000e-02,
9.2311776e-01,-0.00000e+00,6.40000e-02,
9.2341071e-01,-0.00000e+00,6.40000e-02,
9.2370367e-01,2.00001e-01,6.60000e-02,
9.2399663e-01,-0.00000e+00,6.40000e-02,
9.2428958e-01,-0.00000e+00,6.40000e-02,
9.2458254e-01,-0.00000e+00,6.40000e-02,
9.2487550e-01,2.00001e-01,6.60000e-02,
9.2516845e-01,2.00001e-01,6.60000e-02,
9.2546141e-01,-0.00000e+00,6.80000e-02,
9.2575437e-01,2.00001e-01,6.40000e-02,
9.2604733e-01,2.00001e-01,7.00000e-02,
9.2634028e-01,2.00001e-01,7.00000e-02,
9.2663324e-01,2.00001e-01,7.20000e-02,
9.2692620e-01,-0.00000e+00,7.00000e-02,
9.2721915e-01,2.00001e-01,7.00000e-02,
9.2751211e-01,2.00001e-01,7.20000e-02,
9.2780507e-01,-0.00000e+00,7.40000e-02,
9.2809802e-01,-0.00000e+00,7.20000e-02,
9.2839098e-01,-0.00000e+00,7.40000e-02,
9.2868394e-01,-0.00000e+00,7.60000e-02,
9.2897689e-01,2.00001e-01,7.40000e-02,
9.2926985e-01,-0.00000e+00,7.60000e-02,
9.2956281e-01,-0.00000e+00,7.60000e-02,
9.2985576e-01,2.00001e-01,7.60000e-02,
9.3014872e-01,-0.00000e+00,7.60000e-02,
9.3044168e-01,-0.00000e+00,7.60000e-02,
9.3073463e-01,-0.00000e+00,7.80000e-02,
9.3102759e-01,-0.00000e+00,7.80000e-02,
9.3132055e-01,-0.00000e+00,8.00000e-02,
9.3161350e-01,-0.00000e+00,7.80000e-02,
9.3190646e-01,-0.00000e+00,7.80000e-02,
9.3219942e-01,2.00001e-01,7.80000e-02,
9.3249238e-01,-0.00000e+00,8.00000e-02,
9.3278533e-01,2.00001e-01,8.00000e-02,
9.3307829e-01,-0.00000e+00,8.00000e-02,
9.3337125e-01,2.00001e-01,8.20000e-02,
9.3366420e-01,-0.00000e+00,8.00000e-02,
9.3395716e-01,-0.00000e+00,8.00000e-02,
9.3425012e-01,-0.00000e+00,8.00000e-02,
9.3454307e-01,2.00001e-01,8.00000e-02,
9.3483603e-01,2.00001e-01,8.00000e-02,
9.3512899e-01,2.00001e-01,8.00000e-02,
9.3542194e-01,-0.00000e+00,8.00000e-02,
9.3571490e-01,-0.00000e+00,8.00000e-02,
9.3600786e-01,-0.00000e+00,7.40000e-02,
9.3630081e-01,2.00001e-01,8.20000e-02,
9.3659377e-01,-0.00000e+00,8.00000e-02,
9.3688673e-01,-0.00000e+00,7.60000e-02,
9.3717968e-01,-0.00000e+00,7.80000e-02,
9.3747264e-01,-0.00000e+00,8.00000e-02,
9.3776560e-01,-0.00000e+00,8.00000e-02,
9.3805856e-01,-0.00000e+00,8.00000e-02,
9.3835151e-01,2.00001e-01,8.00000e-02,
9.3864447e-01,-0.00000e+00,8.00000e-02,
9.3893743e-01,-0.00000e+00,8.00000e-02,
9.3923038e-01,-0.00000e+00,8.00000e-02,
9.3952334e-01,2.00001e-01,8.00000e-02,
9.3981630e-01,2.00001e-01,8.00000e-02,
9.4010925e-01,2.00001e-01,8.00000e-02,
9.4040221e-01,-0.00000e+00,8.00000e-02,
9.4069517e-01,-0.00000e+00,7.60000e-02,
9.4098812e-01,-0.00000e+00,8.00000e-02,
9.4128108e-01,2.00001e-01,8.00000e-02,
9.4157404e-01,2.00001e-01,8.00000e-02,
9.4186699e-01,2.00001e-01,8.00000e-02,
9.4215995e-01,-0.00000e+00,8.00000e-02,
9.4245291e-01,2.00001e-01,8.00000e-02,
9.4274586e-01,2.00001e-01,8.00000e-02,
9.4303882e-01,2.00001e-01,8.00000e-02,
9.4333178e-01,2.00001e-01,8.00000e-02,
9.4362473e-01,-0.00000e+00,8.00000e-02,
9.4391769e-01,-0.00000e+00,8.00000e-02,
9.4421065e-01,-0.00000e+00,7.60000e-02,
9.4450361e-01,-0.00000e+00,8.00000e-02,
9.4479656e-01,-0.00000e+00,8.00000e-02,
9.4508952e-01,-0.00000e+00,7.60000e-02,
9.4538248e-01,-0.00000e+00,8.00000e-02,
9.4567543e-01,-0.00000e+00,7.80000e-02,
9.4596839e-01,2.00001e-01,7.80000e-02,
9.4626135e-01,-0.00000e+00,7.40000e-02,
9.4655430e-01,2.00001e-01,7.80000e-02,
9.4684726e-01,-0.00000e+00,8.00000e-02,
9.4714022e-01,2.00001e-01,8.00000e-02,
9.4743317e-01,-0.00000e+00,7.80000e-02,
9.4772613e-01,-0.00000e+00,7.80000e-02,
9.4801909e-01,-0.00000e+00,7.80000e-02,
9.4831204e-01,2.00001e-01,7.60000e-02,
9.4860500e-01,-0.00000e+00,7.60000e-02,
9.4889796e-01,-0.00000e+00,7.60000e-02,
9.4919091e-01,2.00001e-01,7.60000e-02,
9.4948387e-01,2.00001e-01,7.60000e-02,
9.4977683e-01,2.00001e-01,7.60000e-02,
9.5006979e-01,2.00001e-01,7.60000e-02,
9.5036274e-01,-0.00000e+00,7.40000e-02,
9.5065570e-01,-0.00000e+00,7.40000e-02,
9.5094866e-01,2.00001e-01,7.40000e-02,
9.5124161e-01,2.00001e-01,7.40000e-02,
9.5153457e-01,-0.00000e+00,7.60000e-02,
9.5182753e-01,-0.00000e+00,7.40000e-02,
9.5212048e-01,-0.00000e+00,7.20000e-02,
9.5241344e-01,-0.00000e+00,7.20000e-02,
9.5270640e-01,2.00001e-01,7.20000e-02,
9.5299935e-01,2.00001e-01,7.40000e-02,
9.5329231e-01,-0.00000e+00,7.20000e-02,
9.5358527e-01,-0.00000e+00,7.00000e-02,
9.5387822e-01,-0.00000e+00,7.40000e-02,
9.5417118e-01,-0.00000e+00,7.20000e-02,
9.5446414e-01,-0.00000e+00,7.20000e-02,
9.5475709e-01,-0.00000e+00,7.00000e-02,
9.5505005e-01,2.00001e-01,7.20000e-02,
9.5534301e-01,-0.00000e+00,7.20000e-02,
9.5563596e-01,-0.00000e+00,7.00000e-02,
9.5592892e-01,-0.00000e+00,7.00000e-02,
9.5622188e-01,2.00001e-01,7.00000e-02,
9.5651484e-01,-0.00000e+00,7.20000e-02,
9.5680779e-01,2.00001e-01,7.40000e-02,
9.5710075e-01,-0.00000e+00,7.20000e-02,
9.5739371e-01,-0.00000e+00,7.20000e-02,
9.5768666e-01,2.00001e-01,7.40000e-02,
9.5797962e-01,-0.00000e+00,7.40000e-02,
9.5827258e-01,-0.00000e+00,7.60000e-02,
9.5856553e-01,-0.00000e+00,7.60000e-02,
9.5885849e-01,-0.00000e+00,7.60000e-02,
9.5915145e-01,-0.00000e+00,7.80000e-02,
9.5944440e-01,2.00001e-01,8.00000e-02,
9.5973736e-01,-0.00000e+00,8.00000e-02,
9.6003032e-01,-0.00000e+00,8.00000e-02,
9.6032327e-01,-0.00000e+00,8.00000e-02,
9.6061623e-01,2.00001e-01,7.80000e-02,
9.6090919e-01,-0.00000e+00,8.00000e-02,
9.6120214e-01,2.00001e-01,8.00000e-02,
9.6149510e-01,-0.00000e+00,8.00000e-02,
9.6178806e-01,-0.00000e+00,8.00000e-02,
9.6208102e-01,-0.00000e+00,8.00000e-02,
9.6237397e-01,2.00001e-01,8.20000e-02,
9.6266693e-01,-0.00000e+00,8.60000e-02,
9.6295989e-01,-0.00000e+00,8.00000e-02,
9.6325284e-01,-0.00000e+00,8.00000e-02,
9.6354580e-01,-0.00000e+00,8.80000e-02,
9.6383876e-01,-0.00000e+00,8.40000e-02,
9.6413171e-01,-0.00000e+00,8.40000e-02,
9.6442467e-01,-0.00000e+00,8.60000e-02,
9.6471763e-01,-0.00000e+00,8.40000e-02,
9.6501058e-01,-0.00000e+00,8.60000e-02,
9.6530354e-01,2.00001e-01,8.40000e-02,
9.6559650e-01,-0.00000e+00,8.60000e-02,
9.6588945e-01,-0.00000e+00,8.60000e-02,
9.6618241e-01,-0.00000e+00,8.40000e-02,
9.6647537e-01,2.00001e-01,8.60000e-02,
9.6676832e-01,-0.00000e+00,8.60000e-02,
9.6706128e-01,-0.00000e+00,7.60000e-02,
9.6735424e-01,-0.00000e+00,8.60000e-02,
9.6764719e-01,-0.00000e+00,8.60000e-02,
9.6794015e-01,2.00001e-01,8.60000e-02,
9.6823311e-01,-0.00000e+00,8.80000e-02,
9.6852607e-01,-0.00000e+00,8.80000e-02,
9.6881902e-01,-0.00000e+00,8.80000e-02,
9.6911198e-01,-0.00000e+00,8.80000e-02,
9.6940494e-01,2.00001e-01,8.80000e-02,
9.6969789e-01,-0.00000e+00,8.60000e-02,
9.6999085e-01,-0.00000e+00,8.60000e-02,
9.7028381e-01,-0.00000e+00,8.40000e-02,
9.7057676e-01,-0.00000e+00,8.80000e-02,
9.7086972e-01,2.00001e-01,8.80000e-02,
9.7116268e-01,-0.00000e+00,8.80000e-02,
9.7145563e-01,-0.00000e+00,8.60000e-02,
9.7174859e-01,-0.00000e+00,8.60000e-02,
9.7204155e-01,-0.00000e+00,8.60000e-02,
9.7233450e-01,2.00001e-01,8.80000e-02,
9.7262746e-01,-0.00000e+00,8.80000e-02,
9.7292042e-01,-0.00000e+00,8.80000e-02,
9.7321337e-01,-0.00000e+00,8.20000e-02,
9.7350633e-01,-0.00000e+00,8.60000e-02,
9.7379929e-01,-0.00000e+00,8.60000e-02,
9.7409225e-01,2.00001e-01,8.60000e-02,
9.7438520e-01,-0.00000e+00,8.60000e-02,
9.7467816e-01,-0.00000e+00,8.40000e-02,
9.7497112e-01,2.00001e-01,8.60000e-02,
9.7526407e-01,-0.00000e+00,8.40000e-02,
9.7555703e-01,-0.00000e+00,8.60000e-02,
9.7584999e-01,2.00001e-01,8.20000e-02,
9.7614294e-01,-0.00000e+00,8.60000e-02,
9.7643590e-01,-0.00000e+00,8.40000e-02,
9.7672886e-01,-0.00000e+00,8.40000e-02,
9.7702181e-01,2.00001e-01,8.40000e-02,
9.7731477e-01,-0.00000e+00,8.40000e-02,
9.7760773e-01,-0.00000e+00,8.20000e-02,
9.7790068e-01,-0.00000e+00,8.40000e-02,
9.7819364e-01,-0.00000e+00,8.40000e-02,
9.7848660e-01,-0.00000e+00,8.20000e-02,
9.7877955e-01,-0.00000e+00,8.00000e-02,
9.7907251e-01,2.00001e-01,8.40000e-02,
9.7936547e-01,2.00001e-01,8.00000e-02,
9.7965842e-01,-0.00000e+00,8.20000e-02,
9.7995138e-01,-0.00000e+00,8.00000e-02,
9.8024434e-01,2.00001e-01,8.00000e-02,
9.8053730e-01,-0.00000e+00,8.00000e-02,
9.8083025e-01,-0.00000e+00,8.00000e-02,
9.8112321e-01,2.00001e-01,8.00000e-02,
9.8141617e-01,-0.00000e+00,8.00000e-02,
9.8170912e-01,-0.00000e+00,8.00000e-02,
9.8200208e-01,-0.00000e+00,8.00000e-02,
9.8229504e-01,2.00001e-01,7.80000e-02,
9.8258799e-01,2.00001e-01,8.00000e-02,
9.8288095e-01,-0.00000e+00,8.00000e-02,
9.8317391e-01,-0.00000e+00,7.80000e-02,
9.8346686e-01,2.00001e-01,7.80000e-02,
9.8375982e-01,2.00001e-01,8.00000e-02,
9.8405278e-01,2.00001e-01,7.80000e-02,
9.8434573e-01,-0.00000e+00,7.80000e-02,
9.8463869e-01,-0.00000e+00,7.60000e-02,
9.8493165e-01,-0.00000e+00,8.00000e-02,
9.8522460e-01,-0.00000e+00,7.80000e-02,
9.8551756e-01,2.00001e-01,7.80000e-02,
9.8581052e-01,-0.00000e+00,7.60000e-02,
9.8610348e-01,-0.00000e+00,7.60000e-02,
9.8639643e-01,-0.00000e+00,7.60000e-02,
9.8668939e-01,-0.00000e+00,7.80000e-02,
9.8698235e-01,-0.00000e+00,7.80000e-02,
9.8727530e-01,-0.00000e+00,8.00000e-02,
9.8756826e-01,-0.00000e+00,8.00000e-02,
9.8786122e-01,-0.00000e+00,8.00000e-02,
9.8815417e-01,2.00001e-01,8.00000e-02,
9.8844713e-01,-0.00000e+00,8.00000e-02,
9.8874009e-01,2.00001e-01,8.00000e-02,
9.8903304e-01,-0.00000e+00,8.20000e-02,
9.8932600e-01,-0.00000e+00,8.40000e-02,
9.8961896e-01,-0.00000e+00,8.20000e-02,
9.8991191e-01,-0.00000e+00,8.60000e-02,
9.9020487e-01,-0.00000e+00,8.60000e-02,
9.9049783e-01,-0.00000e+00,8.60000e-02,
9.9079078e-01,2.00001e-01,8.60000e-02,
9.9108374e-01,-0.00000e+00,8.60000e-02,
9.9137670e-01,2.00001e-01,8.80000e-02,
9.9166965e-01,2.00001e-01,8.60000e-02,
9.9196261e-01,2.00001e-01,8.60000e-02,
9.9225557e-01,2.00001e-01,8.80000e-02,
9.9254853e-01,-0.00000e+00,8.80000e-02,
9.9284148e-01,2.00001e-01,9.20000e-02,
9.9313444e-01,2.00001e-01,8.80000e-02,
9.9342740e-01,2.00001e-01,9.00000e-02,
9.9372035e-01,2.00001e-01,9.00000e-02,
9.9401331e-01,2.00001e-01,8.80000e-02,
9.9430627e-01,-0.00000e+00,9.00000e-02,
9.9459922e-01,-0.00000e+00,8.80000e-02,
9.9489218e-01,2.00001e-01,9.00000e-02,
9.9518514e-01,2.00001e-01,8.80000e-02,
9.9547809e-01,-0.00000e+00,8.80000e-02,
9.9577105e-01,2.00001e-01,9.00000e-02,
9.9606401e-01,-0.00000e+00,8.80000e-02,
9.9635696e-01,2.00001e-01,9.00000e-02,
9.9664992e-01,-0.00000e+00,9.20000e-02,
9.9694288e-01,-0.00000e+00,9.20000e-02,
9.9723583e-01,-0.00000e+00,9.20000e-02,
9.9752879e-01,-0.00000e+00,8.80000e-02,
9.9782175e-01,-0.00000e+00,9.20000e-02,
9.9811471e-01,-0.00000e+00,8.80000e-02,
9.9840766e-01,-0.00000e+00,9.20000e-02,
9.9870062e-01,-0.00000e+00,9.20000e-02,
9.9899358e-01,-0.00000e+00,9.20000e-02,
9.9928653e-01,-0.00000e+00,9.20000e-02,
9.9957949e-01,-0.00000e+00,9.20000e-02,
9.9987245e-01,-0.00000e+00,9.00000e-02,
1.0001655e+00,2.00001e-01,9.20000e-02,
1.0004585e+00,-0.00000e+00,9.00000e-02,
1.0007515e+00,-0.00000e+00,9.00000e-02,
1.0010445e+00,-0.00000e+00,9.40000e-02,
1.0013375e+00,-0.00000e+00,9.00000e-02,
1.0016305e+00,-0.00000e+00,9.20000e-02,
1.0019236e+00,-0.00000e+00,9.20000e-02,
1.0022166e+00,-0.00000e+00,9.20000e-02,
1.0025096e+00,-0.00000e+00,8.60000e-02,
1.0028026e+00,-0.00000e+00,9.00000e-02,
1.0030956e+00,2.00001e-01,9.00000e-02,
1.0033886e+00,-0.00000e+00,8.80000e-02,
1.0036817e+00,-0.00000e+00,9.00000e-02,
1.0039747e+00,2.00001e-01,8.80000e-02,
1.0042677e+00,-0.00000e+00,8.80000e-02,
1.0045607e+00,2.00001e-01,8.80000e-02,
1.0048537e+00,-0.00000e+00,8.80000e-02,
1.0051467e+00,-0.00000e+00,8.80000e-02,
1.0054398e+00,-0.00000e+00,8.80000e-02,
1.0057328e+00,-0.00000e+00,9.00000e-02,
1.0060258e+00,2.00001e-01,8.80000e-02,
1.0063188e+00,-0.00000e+00,8.80000e-02,
1.0066118e+00,2.00001e-01,8.80000e-02,
1.0069048e+00,-0.00000e+00,8.80000e-02,
1.0071979e+00,-0.00000e+00,8.80000e-02,
1.0074909e+00,2.00001e-01,8.80000e-02,
1.0077839e+00,-0.00000e+00,8.80000e-02,
1.0080769e+00,2.00001e-01,8.80000e-02,
1.0083699e+00,2.00001e-01,8.80000e-02,
1.0086629e+00,2.00001e-01,8.80000e-02,
1.0089560e+00,-0.00000e+00,8.60000e-02,
1.0092490e+00,2.00001e-01,8.60000e-02,
1.0095420e+00,-0.00000e+00,8.60000e-02,
1.0098350e+00,2.00001e-01,8.80000e-02,
1.0101280e+00,-0.00000e+00,8.40000e-02,
1.0104210e+00,-0.00000e+00,8.40000e-02,
1.0107141e+00,-0.00000e+00,8.60000e-02,
1.0110071e+00,-0.00000e+00,8.60000e-02,
1.0113001e+00,-0.00000e+00,8.00000e-02,
1.0115931e+00,2.00001e-01,8.40000e-02,
1.0118861e+00,-0.00000e+00,8.20000e-02,
1.0121791e+00,-0.00000e+00,8.00000e-02,
1.0124722e+00,2.00001e-01,7.80000e-02,
1.0127652e+00,2.00001e-01,8.20000e-02,
1.0130582e+00,-0.00000e+00,8.00000e-02,
1.0133512e+00,2.00001e-01,8.00000e-02,
1.0136442e+00,-0.00000e+00,8.00000e-02,
1.0139372e+00,-0.00000e+00,8.40000e-02,
1.0142303e+00,2.00001e-01,8.20000e-02,
1.0145233e+00,-0.00000e+00,8.40000e-02,
1.0148163e+00,-0.00000e+00,8.00000e-02,
1.0151093e+00,-0.00000e+00,8.40000e-02,
1.0154023e+00,-0.00000e+00,8.80000e-02,
1.0156953e+00,2.00001e-01,8.80000e-02,
1.0159883e+00,-0.00000e+00,8.80000e-02,
1.0162814e+00,2.00001e-01,8.60000e-02,
1.0165744e+00,-0.00000e+00,8.80000e-02,
1.0168674e+00,-0.00000e+00,8.60000e-02,
1.0171604e+00,2.00001e-01,8.80000e-02,
1.0174534e+00,-0.00000e+00,8.80000e-02,
1.0177464e+00,2.00001e-01,9.00000e-02,
1.0180395e+00,-0.00000e+00,9.20000e-02,
1.0183325e+00,-0.00000e+00,9.20000e-02,
1.0186255e+00,2.00001e-01,8.80000e-02,
1.0189185e+00,-0.00000e+00,9.20000e-02,
1.0192115e+00,-0.00000e+00,9.20000e-02,
1.0195045e+00,-0.00000e+00,9.20000e-02,
1.0197976e+00,-0.00000e+00,9.20000e-02,
1.0200906e+00,-0.00000e+00,9.20000e-02,
1.0203836e+00,-0.00000e+00,9.20000e-02,
1.0206766e+00,-0.00000e+00,9.20000e-02,
1.0209696e+00,-0.00000e+00,1.00000e-01,
1.0212626e+00,-0.00000e+00,9.60000e-02,
1.0215557e+00,-0.00000e+00,9.40000e-02,
1.0218487e+00,-0.00000e+00,9.20000e-02,
1.0221417e+00,-0.00000e+00,9.60000e-02,
1.0224347e+00,-0.00000e+00,9.40000e-02,
1.0227277e+00,-0.00000e+00,9.40000e-02,
1.0230207e+00,2.00001e-01,9.40000e-02,
1.0233138e+00,-0.00000e+00,9.40000e-02,
1.0236068e+00,-0.00000e+00,9.40000e-02,
1.0238998e+00,2.00001e-01,9.60000e-02,
1.0241928e+00,2.00001e-01,1.00000e-01,
1.0244858e+00,-0.00000e+00,9.60000e-02,
1.0247788e+00,-0.00000e+00,9.60000e-02,
1.0250719e+00,-0.00000e+00,9.40000e-02,
1.0253649e+00,2.00001e-01,9.60000e-02,
1.0256579e+00,-0.00000e+00,9.60000e-02,
1.0259509e+00,-0.00000e+00,9.40000e-02,
1.0262439e+00,-0.00000e+00,9.60000e-02,
1.0265369e+00,2.00001e-01,9.60000e-02,
1.0268300e+00,-0.00000e+00,9.60000e-02,
1.0271230e+00,-0.00000e+00,9.60000e-02,
1.0274160e+00,-0.00000e+00,9.60000e-02,
1.0277090e+00,-0.00000e+00,9.40000e-02,
1.0280020e+00,-0.00000e+00,9.60000e-02,
1.0282950e+00,-0.00000e+00,1.00000e-01,
1.0285881e+00,-0.00000e+00,9.60000e-02,
1.0288811e+00,-0.00000e+00,9.60000e-02,
1.0291741e+00,-0.00000e+00,9.60000e-02,
1.0294671e+00,-0.00000e+00,9.40000e-02,
1.0297601e+00,-0.00000e+00,9.40000e-02,
1.0300531e+00,2.00001e-01,9.40000e-02,
1.0303462e+00,-0.00000e+00,9.60000e-02,
1.0306392e+00,2.00001e-01,9.40000e-02,
1.0309322e+00,2.00001e-01,9.40000e-02,
1.0312252e+00,2.00001e-01,9.40000e-02,
1.0315182e+00,-0.00000e+00,9.60000e-02,
1.0318112e+00,-0.00000e+00,9.60000e-02,
1.0321043e+00,-0.00000e+00,9.40000e-02,
1.0323973e+00,-0.00000e+00,9.40000e-02,
1.0326903e+00,-0.00000e+00,9.40000e-02,
1.0329833e+00,-0.00000e+00,9.40000e-02,
1.0332763e+00,-0.00000e+00,9.20000e-02,
1.0335693e+00,-0.00000e+00,9.40000e-02,
1.0338624e+00,-0.00000e+00,9.20000e-02,
1.0341554e+00,2.00001e-01,9.20000e-02,
1.0344484e+00,-0.00000e+00,9.20000e-02,
1.0347414e+00,-0.00000e+00,9.00000e-02,
1.0350344e+00,-0.00000e+00,8.80000e-02,
1.0353274e+00,-0.00000e+00,9.20000e-02,
1.0356205e+00,2.00001e-01,9.00000e-02,
1.0359135e+00,2.00001e-01,9.00000e-02,
1.0362065e+00,-0.00000e+00,8.80000e-02,
1.0364995e+00,-0.00000e+00,9.00000e-02,
1.0367925e+00,2.00001e-01,8.80000e-02,
1.0370855e+00,-0.00000e+00,9.20000e-02,
1.0373785e+00,2.00001e-01,9.00000e-02,
1.0376716e+00,-0.00000e+00,9.00000e-02,
1.0379646e+00,2.00001e-01,8.80000e-02,
1.0382576e+00,-0.00000e+00,8.80000e-02,
1.0385506e+00,2.00001e-01,9.20000e-02,
1.0388436e+00,2.00001e-01,8.80000e-02,
1.0391366e+00,-0.00000e+00,8.80000e-02,
1.0394297e+00,-0.00000e+00,8.80000e-02,
1.0397227e+00,2.00001e-01,8.60000e-02,
1.0400157e+00,-0.00000e+00,8.80000e-02,
1.0403087e+00,2.00001e-01,8.80000e-02,
1.0406017e+00,2.00001e-01,8.60000e-02,
1.0408947e+00,-0.00000e+00,8.80000e-02,
1.0411878e+00,-0.00000e+00,8.80000e-02,
1.0414808e+00,-0.00000e+00,8.80000e-02,
1.0417738e+00,-0.00000e+00,8.80000e-02,
1.0420668e+00,2.00001e-01,9.40000e-02,
1.0423598e+00,2.00001e-01,9.00000e-02,
1.0426528e+00,-0.00000e+00,9.20000e-02,
1.0429459e+00,-0.00000e+00,9.20000e-02,
1.0432389e+00,-0.00000e+00,9.40000e-02,
1.0435319e+00,-0.00000e+00,9.40000e-02,
1.0438249e+00,2.00001e-01,9.20000e-02,
1.0441179e+00,-0.00000e+00,9.60000e-02,
1.0444109e+00,-0.00000e+00,9.40000e-02,
1.0447040e+00,-0.00000e+00,9.60000e-02,
1.0449970e+00,2.00001e-01,9.60000e-02,
1.0452900e+00,-0.00000e+00,9.40000e-02,
1.0455830e+00,-0.00000e+00,9.60000e-02,
1.0458760e+00,-0.00000e+00,9.60000e-02,
1.0461690e+00,2.00001e-01,9.60000e-02,
1.0464621e+00,-0.00000e+00,9.60000e-02,
1.0467551e+00,2.00001e-01,1.00000e-01,
1.0470481e+00,2.00001e-01,9.80000e-02,
1.0473411e+00,-0.00000e+00,9.60000e-02,
1.0476341e+00,2.00001e-01,9.80000e-02,
1.0479271e+00,-0.00000e+00,1.00000e-01,
1.0482202e+00,2.00001e-01,1.00000e-01,
1.0485132e+00,2.00001e-01,1.00000e-01,
1.0488062e+00,-0.00000e+00,1.00000e-01,
1.0490992e+00,-0.00000e+00,1.00000e-01,
1.0493922e+00,2.00001e-01,9.60000e-02,
1.0496852e+00,-0.00000e+00,1.00000e-01,
1.0499783e+00,-0.00000e+00,1.00000e-01,
1.0502713e+00,2.00001e-01,9.60000e-02,
1.0505643e+00,-0.00000e+00,1.00000e-01,
1.0508573e+00,-0.00000e+00,9.80000e-02,
1.0511503e+00,2.00001e-01,1.00000e-01,
1.0514433e+00,2.00001e-01,9.80000e-02,
1.0517364e+00,-0.00000e+00,9.60000e-02,
1.0520294e+00,-0.00000e+00,1.00000e-01,
1.0523224e+00,-0.00000e+00,1.00000e-01,
1.0526154e+00,-0.00000e+00,1.00000e-01,
1.0529084e+00,-0.00000e+00,9.80000e-02,
1.0532014e+00,-0.00000e+00,1.00000e-01,
1.0534945e+00,-0.00000e+00,1.00000e-01,
1.0537875e+00,-0.00000e+00,9.80000e-02,
1.0540805e+00,2.00001e-01,1.02000e-01,
1.0543735e+00,-0.00000e+00,9.60000e-02,
1.0546665e+00,-0.00000e+00,1.00000e-01,
1.0549595e+00,-0.00000e+00,9.80000e-02,
1.0552526e+00,-0.00000e+00,1.00000e-01,
1.0555456e+00,2.00001e-01,1.00000e-01,
1.0558386e+00,-0.00000e+00,9.60000e-02,
1.0561316e+00,-0.00000e+00,9.80000e-02,
1.0564246e+00,2.00001e-01,9.60000e-02,
1.0567176e+00,-0.00000e+00,9.60000e-02,
1.0570107e+00,-0.00000e+00,9.60000e-02,
1.0573037e+00,2.00001e-01,1.00000e-01,
1.0575967e+00,2.00001e-01,1.00000e-01,
1.0578897e+00,-0.00000e+00,1.00000e-01,
1.0581827e+00,-0.00000e+00,9.80000e-02,
1.0584757e+00,-0.00000e+00,9.60000e-02,
1.0587687e+00,2.00001e-01,9.60000e-02,
1.0590618e+00,2.00001e-01,9.60000e-02,
1.0593548e+00,-0.00000e+00,9.60000e-02,
1.0596478e+00,-0.00000e+00,9.60000e-02,
1.0599408e+00,-0.00000e+00,9.60000e-02,
1.0602338e+00,2.00001e-01,8.80000e-02,
1.0605268e+00,-0.00000e+00,9.60000e-02,
1.0608199e+00,-0.00000e+00,9.60000e-02,
1.0611129e+00,2.00001e-01,9.60000e-02,
1.0614059e+00,-0.00000e+00,9.40000e-02,
1.0616989e+00,-0.00000e+00,9.40000e-02,
1.0619919e+00,2.00001e-01,9.40000e-02,
1.0622849e+00,2.00001e-01,9.40000e-02,
1.0625780e+00,-0.00000e+00,9.40000e-02,
1.0628710e+00,-0.00000e+00,9.20000e-02,
1.0631640e+00,-0.00000e+00,9.40000e-02,
1.0634570e+00,-0.00000e+00,9.20000e-02,
1.0637500e+00,-0.00000e+00,9.40000e-02,
1.0640430e+00,-0.00000e+00,9.20000e-02,
1.0643361e+00,-0.00000e+00,9.40000e-02,
1.0646291e+00,-0.00000e+00,9.20000e-02,
1.0649221e+00,2.00001e-01,9.20000e-02,
1.0652151e+00,-0.00000e+00,9.20000e-02,
1.0655081e+00,-0.00000e+00,9.20000e-02,
1.0658011e+00,-0.00000e+00,9.20000e-02,
1.0660942e+00,2.00001e-01,9.40000e-02,
1.0663872e+00,2.00001e-01,9.40000e-02,
1.0666802e+00,-0.00000e+00,9.40000e-02,
1.0669732e+00,-0.00000e+00,9.20000e-02,
1.0672662e+00,2.00001e-01,9.40000e-02,
1.0675592e+00,-0.00000e+00,9.60000e-02,
1.0678523e+00,-0.00000e+00,9.60000e-02,
1.0681453e+00,2.00001e-01,9.60000e-02,
1.0684383e+00,-0.00000e+00,9.80000e-02,
1.0687313e+00,2.00001e-01,9.60000e-02,
1.0690243e+00,-0.00000e+00,9.60000e-02,
1.0693173e+00,-0.00000e+00,1.00000e-01,
1.0696104e+00,-0.00000e+00,1.00000e-01,
1.0699034e+00,-0.00000e+00,1.04000e-01,
1.0701964e+00,-0.00000e+00,1.00000e-01,
1.0704894e+00,-0.00000e+00,1.00000e-01,
1.0707824e+00,2.00001e-01,1.00000e-01,
1.0710754e+00,-0.00000e+00,1.00000e-01,
1.0713685e+00,-0.00000e+00,1.00000e-01,
1.0716615e+00,-0.00000e+00,9.60000e-02,
1.0719545e+00,-0.00000e+00,1.02000e-01,
1.0722475e+00,-0.00000e+00,1.02000e-01,
1.0725405e+00,-0.00000e+00,1.02000e-01,
1.0728335e+00,-0.00000e+00,1.02000e-01,
1.0731266e+00,-0.00000e+00,1.04000e-01,
1.0734196e+00,2.00001e-01,1.02000e-01,
1.0737126e+00,-0.00000e+00,1.04000e-01,
1.0740056e+00,-0.00000e+00,1.04000e-01,
1.0742986e+00,-0.00000e+00,1.04000e-01,
1.0745916e+00,-0.00000e+00,1.04000e-01,
1.0748847e+00,2.00001e-01,1.04000e-01,
1.0751777e+00,-0.00000e+00,1.04000e-01,
1.0754707e+00,2.00001e-01,1.04000e-01,
1.0757637e+00,-0.00000e+00,1.04000e-01,
1.0760567e+00,2.00001e-01,1.02000e-01,
1.0763497e+00,-0.00000e+00,1.04000e-01,
1.0766428e+00,2.00001e-01,1.04000e-01,
1.0769358e+00,-0.00000e+00,1.04000e-01,
1.0772288e+00,2.00001e-01,1.02000e-01,
1.0775218e+00,-0.00000e+00,1.04000e-01,
1.0778148e+00,-0.00000e+00,1.04000e-01,
1.0781078e+00,-0.00000e+00,1.04000e-01,
1.0784009e+00,2.00001e-01,1.04000e-01,
1.0786939e+00,-0.00000e+00,1.04000e-01,
1.0789869e+00,-0.00000e+00,1.06000e-01,
1.0792799e+00,-0.00000e+00,1.04000e-01,
1.0795729e+00,2.00001e-01,1.04000e-01,
1.0798659e+00,-0.00000e+00,1.02000e-01,
1.0801589e+00,-0.00000e+00,1.04000e-01,
1.0804520e+00,-0.00000e+00,1.04000e-01,
1.0807450e+00,2.00001e-01,1.02000e-01,
1.0810380e+00,-0.00000e+00,1.02000e-01,
1.0813310e+00,-0.00000e+00,1.04000e-01,
1.0816240e+00,2.00001e-01,1.02000e-01,
1.0819170e+00,2.00001e-01,1.02000e-01,
1.0822101e+00,-0.00000e+00,1.02000e-01,
1.0825031e+00,2.00001e-01,1.02000e-01,
1.0827961e+00,-0.00000e+00,1.00000e-01,
1.0830891e+00,2.00001e-01,1.00000e-01,
1.0833821e+00,-0.00000e+00,1.00000e-01,
1.0836751e+00,-0.00000e+00,1.00000e-01,
1.0839682e+00,-0.00000e+00,9.60000e-02,
1.0842612e+00,-0.00000e+00,1.00000e-01,
1.0845542e+00,-0.00000e+00,1.00000e-01,
1.0848472e+00,-0.00000e+00,1.00000e-01,
1.0851402e+00,-0.00000e+00,1.00000e-01,
1.0854332e+00,-0.00000e+00,9.80000e-02,
1.0857263e+00,-0.00000e+00,9.80000e-02,
1.0860193e+00,2.00001e-01,9.60000e-02,
1.0863123e+00,-0.00000e+00,1.00000e-01,
1.0866053e+00,-0.00000e+00,9.60000e-02,
1.0868983e+00,2.00001e-01,9.80000e-02,
1.0871913e+00,2.00001e-01,9.60000e-02,
1.0874844e+00,2.00001e-01,1.02000e-01,
1.0877774e+00,-0.00000e+00,9.60000e-02,
1.0880704e+00,2.00001e-01,9.60000e-02,
1.0883634e+00,2.00001e-01,9.60000e-02,
1.0886564e+00,-0.00000e+00,9.60000e-02,
1.0889494e+00,-0.00000e+00,9.60000e-02,
1.0892425e+00,-0.00000e+00,9.60000e-02,
1.0895355e+00,-0.00000e+00,9.60000e-02,
1.0898285e+00,-0.00000e+00,9.60000e-02,
1.0901215e+00,-0.00000e+00,9.60000e-02,
1.0904145e+00,-0.00000e+00,9.60000e-02,
1.0907075e+00,2.00001e-01,1.00000e-01,
1.0910006e+00,-0.00000e+00,9.80000e-02,
1.0912936e+00,-0.00000e+00,1.02000e-01,
1.0915866e+00,2.00001e-01,1.00000e-01,
1.0918796e+00,-0.00000e+00,1.00000e-01,
1.0921726e+00,-0.00000e+00,1.02000e-01,
1.0924656e+00,-0.00000e+00,1.02000e-01,
1.0927587e+00,-0.00000e+00,1.00000e-01,
1.0930517e+00,-0.00000e+00,1.04000e-01,
1.0933447e+00,-0.00000e+00,1.04000e-01,
1.0936377e+00,2.00001e-01,1.00000e-01,
1.0939307e+00,2.00001e-01,1.04000e-01,
1.0942237e+00,-0.00000e+00,1.04000e-01,
1.0945168e+00,-0.00000e+00,1.04000e-01,
1.0948098e+00,-0.00000e+00,1.04000e-01,
1.0951028e+00,2.00001e-01,1.04000e-01,
1.0953958e+00,-0.00000e+00,1.06000e-01,
1.0956888e+00,-0.00000e+00,1.04000e-01,
1.0959818e+00,-0.00000e+00,1.08000e-01,
1.0962749e+00,-0.00000e+00,1.04000e-01,
1.0965679e+00,-0.00000e+00,1.08000e-01,
1.0968609e+00,-0.00000e+00,1.06000e-01,
1.0971539e+00,-0.00000e+00,9.60000e-02,
1.0974469e+00,-0.00000e+00,1.06000e-01,
1.0977399e+00,-0.00000e+00,1.08000e-01,
1.0980330e+00,2.00001e-01,1.08000e-01,
1.0983260e+00,-0.00000e+00,1.06000e-01,
1.0986190e+00,-0.00000e+00,1.06000e-01,
1.0989120e+00,2.00001e-01,1.08000e-01,
1.0992050e+00,-0.00000e+00,1.08000e-01,
1.0994980e+00,-0.00000e+00,1.08000e-01,
1.0997910e+00,-0.00000e+00,1.08000e-01,
1.1000841e+00,2.00001e-01,1.08000e-01,
1.1003771e+00,2.00001e-01,1.08000e-01,
1.1006701e+00,-0.00000e+00,1.08000e-01,
1.1009631e+00,-0.00000e+00,1.04000e-01,
1.1012561e+00,-0.00000e+00,1.08000e-01,
1.1015491e+00,-0.00000e+00,1.08000e-01,
1.1018422e+00,-0.00000e+00,1.08000e-01,
1.1021352e+00,-0.00000e+00,1.08000e-01,
1.1024282e+00,-0.00000e+00,1.06000e-01,
1.1027212e+00,2.00001e-01,1.08000e-01,
1.1030142e+00,-0.00000e+00,1.10000e-01,
1.1033072e+00,2.00001e-01,1.04000e-01,
1.1036003e+00,2.00001e-01,1.06000e-01,
1.1038933e+00,-0.00000e+00,1.06000e-01,
1.1041863e+00,-0.00000e+00,1.08000e-01,
1.1044793e+00,-0.00000e+00,1.08000e-01,
1.1047723e+00,-0.00000e+00,1.04000e-01,
1.1050653e+00,-0.00000e+00,1.04000e-01,
1.1053584e+00,-0.00000e+00,1.04000e-01,
1.1056514e+00,2.00001e-01,1.04000e-01,
1.1059444e+00,2.00001e-01,1.04000e-01,
1.1062374e+00,-0.00000e+00,1.08000e-01,
1.1065304e+00,2.00001e-01,1.04000e-01,
1.1068234e+00,-0.00000e+00,1.02000e-01,
1.1071165e+00,-0.00000e+00,1.04000e-01,
1.1074095e+00,2.00001e-01,1.04000e-01,
1.1077025e+00,-0.00000e+00,1.04000e-01,
1.1079955e+00,-0.00000e+00,1.04000e-01,
1.1082885e+00,-0.00000e+00,1.04000e-01,
1.1085815e+00,-0.00000e+00,1.04000e-01,
1.1088746e+00,-0.00000e+00,1.02000e-01,
1.1091676e+00,2.00001e-01,9.60000e-02,
1.1094606e+00,-0.00000e+00,1.02000e-01,
1.1097536e+00,-0.00000e+00,1.02000e-01,
1.1100466e+00,-0.00000e+00,1.04000e-01,
1.1103396e+00,-0.00000e+00,1.02000e-01,
1.1106327e+00,-0.00000e+00,1.00000e-01,
1.1109257e+00,-0.00000e+00,1.00000e-01,
1.1112187e+00,-0.00000e+00,1.00000e-01,
1.1115117e+00,-0.00000e+00,1.00000e-01,
1.1118047e+00,-0.00000e+00,1.00000e-01,
1.1120977e+00,-0.00000e+00,9.80000e-02,
1.1123908e+00,-0.00000e+00,1.02000e-01,
1.1126838e+00,-0.00000e+00,1.00000e-01,
1.1129768e+00,-0.00000e+00,1.00000e-01,
1.1132698e+00,2.00001e-01,1.02000e-01,
1.1135628e+00,-0.00000e+00,1.04000e-01,
1.1138558e+00,-0.00000e+00,1.02000e-01,
1.1141489e+00,-0.00000e+00,1.04000e-01,
1.1144419e+00,2.00001e-01,1.04000e-01,
1.1147349e+00,-0.00000e+00,1.04000e-01,
1.1150279e+00,-0.00000e+00,1.04000e-01,
1.1153209e+00,-0.00000e+00,1.06000e-01,
1.1156139e+00,2.00001e-01,1.10000e-01,
1.1159070e+00,2.00001e-01,1.06000e-01,
1.1162000e+00,-0.00000e+00,1.08000e-01,
1.1164930e+00,2.00001e-01,1.04000e-01,
1.1167860e+00,-0.00000e+00,1.08000e-01,
1.1170790e+00,-0.00000e+00,1.10000e-01,
1.1173720e+00,2.00001e-01,1.08000e-01,
1.1176651e+00,-0.00000e+00,1.12000e-01,
1.1179581e+00,-0.00000e+00,1.10000e-01,
1.1182511e+00,-0.00000e+00,1.12000e-01,
1.1185441e+00,-0.00000e+00,1.10000e-01,
1.1188371e+00,-0.00000e+00,1.10000e-01,
1.1191301e+00,-0.00000e+00,1.10000e-01,
1.1194232e+00,2.00001e-01,1.10000e-01,
1.1197162e+00,-0.00000e+00,1.12000e-01,
1.1200092e+00,-0.00000e+00,1.10000e-01,
1.1203022e+00,2.00001e-01,1.12000e-01,
1.1205952e+00,2.00001e-01,1.12000e-01,
1.1208882e+00,-0.00000e+00,1.12000e-01,
1.1211812e+00,2.00001e-01,1.12000e-01,
1.1214743e+00,2.00001e-01,1.12000e-01,
1.1217673e+00,-0.00000e+00,1.10000e-01,
1.1220603e+00,-0.00000e+00,1.12000e-01,
1.1223533e+00,2.00001e-01,1.12000e-01,
1.1226463e+00,-0.00000e+00,1.10000e-01,
1.1229393e+00,-0.00000e+00,1.12000e-01,
1.1232324e+00,-0.00000e+00,1.12000e-01,
1.1235254e+00,-0.00000e+00,1.12000e-01,
1.1238184e+00,-0.00000e+00,1.12000e-01,
1.1241114e+00,-0.00000e+00,1.12000e-01,
1.1244044e+00,2.00001e-01,1.12000e-01,
1.1246974e+00,-0.00000e+00,1.12000e-01,
1.1249905e+00,-0.00000e+00,1.12000e-01,
1.1252835e+00,-0.00000e+00,1.10000e-01,
1.1255765e+00,-0.00000e+00,1.10000e-01,
1.1258695e+00,-0.00000e+00,1.10000e-01,
1.1261625e+00,-0.00000e+00,1.12000e-01,
1.1264555e+00,-0.00000e+00,1.10000e-01,
1.1267486e+00,2.00001e-01,1.10000e-01,
1.1270416e+00,-0.00000e+00,1.10000e-01,
1.1273346e+00,-0.00000e+00,1.10000e-01,
1.1276276e+00,-0.00000e+00,1.12000e-01,
1.1279206e+00,-0.00000e+00,1.10000e-01,
1.1282136e+00,-0.00000e+00,1.10000e-01,
1.1285067e+00,2.00001e-01,1.08000e-01,
1.1287997e+00,-0.00000e+00,1.08000e-01,
1.1290927e+00,-0.00000e+00,1.08000e-01,
1.1293857e+00,-0.00000e+00,1.10000e-01,
1.1296787e+00,2.00001e-01,1.08000e-01,
1.1299717e+00,-0.00000e+00,1.08000e-01,
1.1302648e+00,-0.00000e+00,1.08000e-01,
1.1305578e+00,-0.00000e+00,1.08000e-01,
1.1308508e+00,-0.00000e+00,1.08000e-01,
1.1311438e+00,-0.00000e+00,1.04000e-01,
1.1314368e+00,2.00001e-01,1.08000e-01,
1.1317298e+00,2.00001e-01,1.08000e-01,
1.1320229e+00,2.00001e-01,1.08000e-01,
1.1323159e+00,2.00001e-01,1.06000e-01,
1.1326089e+00,2.00001e-01,1.04000e-01,
1.1329019e+00,-0.00000e+00,1.04000e-01,
1.1331949e+00,-0.00000e+00,1.04000e-01,
1.1334879e+00,-0.00000e+00,1.04000e-01,
1.1337810e+00,-0.00000e+00,1.04000e-01,
1.1340740e+00,-0.00000e+00,1.04000e-01,
1.1343670e+00,-0.00000e+00,1.04000e-01,
1.1346600e+00,-0.00000e+00,1.04000e-01,
1.1349530e+00,2.00001e-01,1.08000e-01,
1.1352460e+00,2.00001e-01,1.04000e-01,
1.1355391e+00,2.00001e-01,1.06000e-01,
1.1358321e+00,-0.00000e+00,1.06000e-01,
1.1361251e+00,-0.00000e+00,1.08000e-01,
1.1364181e+00,-0.00000e+00,1.08000e-01,
1.1367111e+00,-0.00000e+00,1.08000e-01,
1.1370041e+00,-0.00000e+00,1.10000e-01,
1.1372972e+00,-0.00000e+00,1.08000e-01,
1.1375902e+00,2.00001e-01,1.12000e-01,
1.1378832e+00,2.00001e-01,1.12000e-01,
1.1381762e+00,2.00001e-01,1.12000e-01,
1.1384692e+00,-0.00000e+00,1.12000e-01,
1.1387622e+00,-0.00000e+00,1.12000e-01,
1.1390553e+00,-0.00000e+00,1.12000e-01,
1.1393483e+00,-0.00000e+00,1.14000e-01,
1.1396413e+00,-0.00000e+00,1.12000e-01,
1.1399343e+00,2.00001e-01,1.14000e-01,
1.1402273e+00,-0.00000e+00,1.14000e-01,
1.1405203e+00,-0.00000e+00,1.12000e-01,
1.1408134e+00,-0.00000e+00,1.12000e-01,
1.1411064e+00,2.00001e-01,1.12000e-01,
1.1413994e+00,-0.00000e+00,1.14000e-01,
1.1416924e+00,-0.00000e+00,1.12000e-01,
1.1419854e+00,-0.00000e+00,1.14000e-01,
1.1422784e+00,-0.00000e+00,1.12000e-01,
1.1425714e+00,2.00001e-01,1.18000e-01,
1.1428645e+00,2.00001e-01,1.16000e-01,
1.1431575e+00,-0.00000e+00,1.16000e-01,
1.1434505e+00,-0.00000e+00,1.16000e-01,
1.1437435e+00,-0.00000e+00,1.16000e-01,
1.1440365e+00,2.00001e-01,1.16000e-01,
1.1443295e+00,2.00001e-01,1.16000e-01,
1.1446226e+00,2.00001e-01,1.04000e-01,
1.1449156e+00,2.00001e-01,1.16000e-01,
1.1452086e+00,-0.00000e+00,1.16000e-01,
1.1455016e+00,-0.00000e+00,1.16000e-01,
1.1457946e+00,-0.00000e+00,1.16000e-01,
1.1460876e+00,-0.00000e+00,1.14000e-01,
1.1463807e+00,-0.00000e+00,1.12000e-01,
1.1466737e+00,2.00001e-01,1.14000e-01,
1.1469667e+00,2.00001e-01,1.14000e-01,
1.1472597e+00,-0.00000e+00,1.14000e-01,
1.1475527e+00,2.00001e-01,1.12000e-01,
1.1478457e+00,-0.00000e+00,1.12000e-01,
1.1481388e+00,-0.00000e+00,1.14000e-01,
1.1484318e+00,-0.00000e+00,1.14000e-01,
1.1487248e+00,-0.00000e+00,1.12000e-01,
1.1490178e+00,-0.00000e+00,1.12000e-01,
1.1493108e+00,-0.00000e+00,1.12000e-01,
1.1496038e+00,-0.00000e+00,1.12000e-01,
1.1498969e+00,-0.00000e+00,1.12000e-01,
1.1501899e+00,-0.00000e+00,1.12000e-01,
1.1504829e+00,-0.00000e+00,1.12000e-01,
1.1507759e+00,-0.00000e+00,1.12000e-01,
1.1510689e+00,2.00001e-01,1.12000e-01,
1.1513619e+00,2.00001e-01,1.12000e-01,
1.1516550e+00,-0.00000e+00,1.12000e-01,
1.1519480e+00,-0.00000e+00,1.10000e-01,
1.1522410e+00,-0.00000e+00,1.12000e-01,
1.1525340e+00,-0.00000e+00,1.04000e-01,
1.1528270e+00,2.00001e-01,1.10000e-01,
1.1531200e+00,-0.00000e+00,1.10000e-01,
1.1534131e+00,-0.00000e+00,1.10000e-01,
1.1537061e+00,-0.00000e+00,1.10000e-01,
1.1539991e+00,-0.00000e+00,1.10000e-01,
1.1542921e+00,-0.00000e+00,1.12000e-01,
1.1545851e+00,2.00001e-01,1.10000e-01,
1.1548781e+00,-0.00000e+00,1.08000e-01,
1.1551712e+00,-0.00000e+00,1.08000e-01,
1.1554642e+00,-0.00000e+00,1.06000e-01,
1.1557572e+00,2.00001e-01,1.10000e-01,
1.1560502e+00,-0.00000e+00,1.08000e-01,
1.1563432e+00,2.00001e-01,1.10000e-01,
1.1566362e+00,-0.00000e+00,1.10000e-01,
1.1569293e+00,-0.00000e+00,1.12000e-01,
1.1572223e+00,-0.00000e+00,1.12000e-01,
1.1575153e+00,2.00001e-01,1.12000e-01,
1.1578083e+00,2.00001e-01,1.12000e-01,
1.1581013e+00,-0.00000e+00,1.12000e-01,
1.1583943e+00,2.00001e-01,1.12000e-01,
1.1586874e+00,-0.00000e+00,1.14000e-01,
1.1589804e+00,2.00001e-01,1.16000e-01,
1.1592734e+00,-0.00000e+00,1.16000e-01,
1.1595664e+00,-0.00000e+00,1.16000e-01,
1.1598594e+00,-0.00000e+00,1.16000e-01,
1.1601524e+00,-0.00000e+00,1.16000e-01,
1.1604455e+00,-0.00000e+00,1.18000e-01,
1.1607385e+00,-0.00000e+00,1.20000e-01,
1.1610315e+00,2.00001e-01,1.18000e-01,
1.1613245e+00,2.00001e-01,1.18000e-01,
1.1616175e+00,-0.00000e+00,1.20000e-01,
1.1619105e+00,-0.00000e+00,1.18000e-01,
1.1622036e+00,-0.00000e+00,1.20000e-01,
1.1624966e+00,2.00001e-01,1.14000e-01,
1.1627896e+00,2.00001e-01,1.16000e-01,
1.1630826e+00,2.00001e-01,1.20000e-01,
1.1633756e+00,2.00001e-01,1.18000e-01,
1.1636686e+00,-0.00000e+00,1.18000e-01,
1.1639616e+00,-0.00000e+00,1.20000e-01,
1.1642547e+00,-0.00000e+00,1.20000e-01,
1.1645477e+00,2.00001e-01,1.20000e-01,
1.1648407e+00,2.00001e-01,1.16000e-01,
1.1651337e+00,2.00001e-01,1.18000e-01,
1.1654267e+00,2.00001e-01,1.20000e-01,
1.1657197e+00,-0.00000e+00,1.20000e-01,
1.1660128e+00,-0.00000e+00,1.20000e-01,
1.1663058e+00,2.00001e-01,1.20000e-01,
1.1665988e+00,-0.00000e+00,1.18000e-01,
1.1668918e+00,2.00001e-01,1.18000e-01,
1.1671848e+00,-0.00000e+00,1.18000e-01,
1.1674778e+00,2.00001e-01,1.18000e-01,
1.1677709e+00,-0.00000e+00,1.20000e-01,
1.1680639e+00,2.00001e-01,1.18000e-01,
1.1683569e+00,-0.00000e+00,1.18000e-01,
1.1686499e+00,-0.00000e+00,1.18000e-01,
1.1689429e+00,-0.00000e+00,1.18000e-01,
1.1692359e+00,-0.00000e+00,1.18000e-01,
1.1695290e+00,2.00001e-01,1.20000e-01,
1.1698220e+00,2.00001e-01,1.16000e-01,
1.1701150e+00,-0.00000e+00,1.18000e-01,
1.1704080e+00,2.00001e-01,1.18000e-01,
1.1707010e+00,-0.00000e+00,1.16000e-01,
1.1709940e+00,2.00001e-01,1.16000e-01,
1.1712871e+00,-0.00000e+00,1.18000e-01,
1.1715801e+00,-0.00000e+00,1.16000e-01,
1.1718731e+00,-0.00000e+00,1.16000e-01,
1.1721661e+00,-0.00000e+00,1.16000e-01,
1.1724591e+00,-0.00000e+00,1.16000e-01,
1.1727521e+00,-0.00000e+00,1.16000e-01,
1.1730452e+00,-0.00000e+00,1.14000e-01,
1.1733382e+00,-0.00000e+00,1.14000e-01,
1.1736312e+00,-0.00000e+00,1.14000e-01,
1.1739242e+00,2.00001e-01,1.14000e-01,
1.1742172e+00,-0.00000e+00,1.18000e-01,
1.1745102e+00,-0.00000e+00,1.12000e-01,
1.1748033e+00,2.00001e-01,1.12000e-01,
1.1750963e+00,-0.00000e+00,1.12000e-01,
1.1753893e+00,-0.00000e+00,1.12000e-01,
1.1756823e+00,2.00001e-01,1.10000e-01,
1.1759753e+00,-0.00000e+00,1.10000e-01,
1.1762683e+00,-0.00000e+00,1.12000e-01,
1.1765614e+00,2.00001e-01,1.12000e-01,
1.1768544e+00,-0.00000e+00,1.14000e-01,
1.1771474e+00,-0.00000e+00,1.14000e-01,
1.1774404e+00,-0.00000e+00,1.16000e-01,
1.1777334e+00,2.00001e-01,1.12000e-01,
1.1780264e+00,2.00001e-01,1.16000e-01,
1.1783195e+00,-0.00000e+00,1.18000e-01,
1.1786125e+00,-0.00000e+00,1.16000e-01,
1.1789055e+00,-0.00000e+00,1.20000e-01,
1.1791985e+00,-0.00000e+00,1.18000e-01,
1.1794915e+00,-0.00000e+00,1.20000e-01,
1.1797845e+00,-0.00000e+00,1.20000e-01,
1.1800776e+00,2.00001e-01,1.18000e-01,
1.1803706e+00,-0.00000e+00,1.20000e-01,
1.1806636e+00,2.00001e-01,1.20000e-01,
1.1809566e+00,-0.00000e+00,1.20000e-01,
1.1812496e+00,2.00001e-01,1.20000e-01,
1.1815426e+00,-0.00000e+00,1.20000e-01,
1.1818357e+00,2.00001e-01,1.22000e-01,
1.1821287e+00,-0.00000e+00,1.20000e-01,
1.1824217e+00,2.00001e-01,1.20000e-01,
1.1827147e+00,2.00001e-01,1.20000e-01,
1.1830077e+00,-0.00000e+00,1.20000e-01,
1.1833007e+00,-0.00000e+00,1.20000e-01,
1.1835938e+00,-0.00000e+00,1.20000e-01,
1.1838868e+00,-0.00000e+00,1.24000e-01,
1.1841798e+00,2.00001e-01,1.20000e-01,
1.1844728e+00,-0.00000e+00,1.26000e-01,
1.1847658e+00,-0.00000e+00,1.22000e-01,
1.1850588e+00,2.00001e-01,1.24000e-01,
1.1853518e+00,2.00001e-01,1.24000e-01,
1.1856449e+00,2.00001e-01,1.20000e-01,
1.1859379e+00,-0.00000e+00,1.22000e-01,
1.1862309e+00,-0.00000e+00,1.22000e-01,
1.1865239e+00,2.00001e-01,1.22000e-01,
1.1868169e+00,-0.00000e+00,1.22000e-01,
1.1871099e+00,-0.00000e+00,1.22000e-01,
1.1874030e+00,-0.00000e+00,1.22000e-01,
1.1876960e+00,-0.00000e+00,1.24000e-01,
1.1879890e+00,2.00001e-01,1.24000e-01,
1.1882820e+00,-0.00000e+00,1.20000e-01,
1.1885750e+00,2.00001e-01,1.22000e-01,
1.1888680e+00,2.00001e-01,1.20000e-01,
1.1891611e+00,2.00001e-01,1.22000e-01,
1.1894541e+00,-0.00000e+00,1.20000e-01,
1.1897471e+00,-0.00000e+00,1.20000e-01,
1.1900401e+00,2.00001e-01,1.22000e-01,
1.1903331e+00,-0.00000e+00,1.20000e-01,
1.1906261e+00,-0.00000e+00,1.20000e-01,
1.1909192e+00,-0.00000e+00,1.20000e-01,
1.1912122e+00,-0.00000e+00,1.20000e-01,
1.1915052e+00,2.00001e-01,1.20000e-01,
1.1917982e+00,2.00001e-01,1.20000e-01,
1.1920912e+00,2.00001e-01,1.20000e-01,
1.1923842e+00,2.00001e-01,1.20000e-01,
1.1926773e+00,-0.00000e+00,1.20000e-01,
1.1929703e+00,-0.00000e+00,1.20000e-01,
1.1932633e+00,-0.00000e+00,1.18000e-01,
1.1935563e+00,-0.00000e+00,1.18000e-01,
1.1938493e+00,-0.00000e+00,1.16000e-01,
1.1941423e+00,2.00001e-01,1.16000e-01,
1.1944354e+00,-0.00000e+00,1.16000e-01,
1.1947284e+00,2.00001e-01,1.16000e-01,
1.1950214e+00,-0.00000e+00,1.16000e-01,
1.1953144e+00,-0.00000e+00,1.16000e-01,
1.1956074e+00,-0.00000e+00,1.16000e-01,
1.1959004e+00,-0.00000e+00,1.16000e-01,
1.1961935e+00,-0.00000e+00,1.16000e-01,
1.1964865e+00,-0.00000e+00,1.16000e-01,
1.1967795e+00,2.00001e-01,1.14000e-01,
1.1970725e+00,-0.00000e+00,1.16000e-01,
1.1973655e+00,2.00001e-01,1.18000e-01,
1.1976585e+00,-0.00000e+00,1.20000e-01,
1.1979516e+00,2.00001e-01,3.60000e-01,
1.1982446e+00,-0.00000e+00,2.82000e-01,
1.1985376e+00,-0.00000e+00,2.88000e-01,
1.1988306e+00,2.00001e-01,2.70000e-01,
1.1991236e+00,-0.00000e+00,2.82000e-01,
1.1994166e+00,-0.00000e+00,2.72000e-01,
1.1997097e+00,2.00001e-01,2.70000e-01,
