Time,X(CH1),X(CH2),
Second,Volt,Volt,
-6.0000002e-01,-0.00000e+00,3.92000e+00,
-5.9985352e-01,-0.00000e+00,3.92000e+00,
-5.9970701e-01,-0.00000e+00,3.92000e+00,
-5.9956050e-01,-0.00000e+00,3.92000e+00,
-5.9941399e-01,-0.00000e+00,3.92000e+00,
-5.9926748e-01,-0.00000e+00,3.92000e+00,
-5.9912097e-01,-0.00000e+00,3.92000e+00,
-5.9897447e-01,-0.00000e+00,3.92000e+00,
-5.9882796e-01,-0.00000e+00,3.92000e+00,
-5.9868145e-01,-0.00000e+00,3.92000e+00,
-5.9853494e-01,-0.00000e+00,3.92000e+00,
-5.9838843e-01,-0.00000e+00,3.92000e+00,
-5.9824193e-01,-0.00000e+00,3.92000e+00,
-5.9809542e-01,-0.00000e+00,3.92000e+00,
-5.9794891e-01,-0.00000e+00,3.92000e+00,
-5.9780240e-01,-0.00000e+00,3.92000e+00,
-5.9765589e-01,-0.00000e+00,3.92000e+00,
-5.9750938e-01,-0.00000e+00,3.92000e+00,
-5.9736288e-01,-0.00000e+00,3.92000e+00,
-5.9721637e-01,-0.00000e+00,3.92000e+00,
-5.9706986e-01,-0.00000e+00,3.92000e+00,
-5.9692335e-01,-0.00000e+00,3.92000e+00,
-5.9677684e-01,-0.00000e+00,3.96000e+00,
-5.9663033e-01,-0.00000e+00,3.96000e+00,
-5.9648383e-01,-0.00000e+00,3.96000e+00,
-5.9633732e-01,2.00001e-01,3.96000e+00,
-5.9619081e-01,-0.00000e+00,3.96000e+00,
-5.9604430e-01,-0.00000e+00,3.96000e+00,
-5.9589779e-01,-0.00000e+00,3.96000e+00,
-5.9575129e-01,2.00001e-01,3.96000e+00,
-5.9560478e-01,-0.00000e+00,3.96000e+00,
-5.9545827e-01,-0.00000e+00,3.92000e+00,
-5.9531176e-01,-0.00000e+00,3.96000e+00,
-5.9516525e-01,-0.00000e+00,3.92000e+00,
-5.9501874e-01,-0.00000e+00,3.96000e+00,
-5.9487224e-01,-0.00000e+00,3.96000e+00,
-5.9472573e-01,-0.00000e+00,4.00000e+00,
-5.9457922e-01,-0.00000e+00,3.96000e+00,
-5.9443271e-01,-0.00000e+00,3.96000e+00,
-5.9428620e-01,-0.00000e+00,3.96000e+00,
-5.9413970e-01,2.00001e-01,3.92000e+00,
-5.9399319e-01,-0.00000e+00,3.96000e+00,
-5.9384668e-01,-0.00000e+00,3.92000e+00,
-5.9370017e-01,2.00001e-01,3.96000e+00,
-5.9355366e-01,-0.00000e+00,3.96000e+00,
-5.9340715e-01,2.00001e-01,3.92000e+00,
-5.9326065e-01,-0.00000e+00,3.96000e+00,
-5.9311414e-01,2.00001e-01,3.96000e+00,
-5.9296763e-01,-0.00000e+00,3.96000e+00,
-5.9282112e-01,-0.00000e+00,3.96000e+00,
-5.9267461e-01,-0.00000e+00,3.96000e+00,
-5.9252810e-01,-0.00000e+00,3.96000e+00,
-5.9238160e-01,-0.00000e+00,3.96000e+00,
-5.9223509e-01,-0.00000e+00,3.96000e+00,
-5.9208858e-01,-0.00000e+00,4.00000e+00,
-5.9194207e-01,-0.00000e+00,3.92000e+00,
-5.9179556e-01,-0.00000e+00,3.96000e+00,
-5.9164906e-01,-0.00000e+00,3.96000e+00,
-5.9150255e-01,-0.00000e+00,3.96000e+00,
-5.9135604e-01,-0.00000e+00,3.96000e+00,
-5.9120953e-01,2.00001e-01,3.96000e+00,
-5.9106302e-01,2.00001e-01,3.92000e+00,
-5.9091651e-01,-0.00000e+00,3.96000e+00,
-5.9077001e-01,-0.00000e+00,3.96000e+00,
-5.9062350e-01,-0.00000e+00,3.92000e+00,
-5.9047699e-01,-0.00000e+00,3.96000e+00,
-5.9033048e-01,-0.00000e+00,3.96000e+00,
-5.9018397e-01,-0.00000e+00,3.96000e+00,
-5.9003747e-01,-0.00000e+00,3.92000e+00,
-5.8989096e-01,-0.00000e+00,3.96000e+00,
-5.8974445e-01,-0.00000e+00,3.92000e+00,
-5.8959794e-01,-0.00000e+00,3.96000e+00,
-5.8945143e-01,2.00001e-01,3.92000e+00,
-5.8930492e-01,-0.00000e+00,3.96000e+00,
-5.8915842e-01,-0.00000e+00,3.96000e+00,
-5.8901191e-01,2.00001e-01,3.92000e+00,
-5.8886540e-01,-0.00000e+00,3.96000e+00,
-5.8871889e-01,-0.00000e+00,3.96000e+00,
-5.8857238e-01,-0.00000e+00,3.96000e+00,
-5.8842587e-01,2.00001e-01,3.96000e+00,
-5.8827937e-01,-0.00000e+00,3.92000e+00,
-5.8813286e-01,2.00001e-01,3.96000e+00,
-5.8798635e-01,-0.00000e+00,3.92000e+00,
-5.8783984e-01,2.00001e-01,3.96000e+00,
-5.8769333e-01,-0.00000e+00,3.92000e+00,
-5.8754683e-01,-0.00000e+00,3.92000e+00,
-5.8740032e-01,-0.00000e+00,3.92000e+00,
-5.8725381e-01,2.00001e-01,3.96000e+00,
-5.8710730e-01,-0.00000e+00,3.96000e+00,
-5.8696079e-01,-0.00000e+00,3.96000e+00,
-5.8681428e-01,-0.00000e+00,3.96000e+00,
-5.8666778e-01,2.00001e-01,3.96000e+00,
-5.8652127e-01,2.00001e-01,3.96000e+00,
-5.8637476e-01,-0.00000e+00,3.92000e+00,
-5.8622825e-01,-0.00000e+00,3.96000e+00,
-5.8608174e-01,-0.00000e+00,3.96000e+00,
-5.8593524e-01,2.00001e-01,3.96000e+00,
-5.8578873e-01,-0.00000e+00,3.92000e+00,
-5.8564222e-01,2.00001e-01,3.96000e+00,
-5.8549571e-01,2.00001e-01,3.96000e+00,
-5.8534920e-01,-0.00000e+00,3.92000e+00,
-5.8520269e-01,-0.00000e+00,3.92000e+00,
-5.8505619e-01,-0.00000e+00,3.92000e+00,
-5.8490968e-01,-0.00000e+00,3.92000e+00,
-5.8476317e-01,-0.00000e+00,3.92000e+00,
-5.8461666e-01,-0.00000e+00,3.96000e+00,
-5.8447015e-01,2.00001e-01,3.92000e+00,
-5.8432364e-01,-0.00000e+00,3.92000e+00,
-5.8417714e-01,-0.00000e+00,3.92000e+00,
-5.8403063e-01,-0.00000e+00,3.92000e+00,
-5.8388412e-01,-0.00000e+00,3.92000e+00,
-5.8373761e-01,2.00001e-01,3.92000e+00,
-5.8359110e-01,-0.00000e+00,3.92000e+00,
-5.8344460e-01,-0.00000e+00,3.96000e+00,
-5.8329809e-01,-0.00000e+00,3.92000e+00,
-5.8315158e-01,-0.00000e+00,3.92000e+00,
-5.8300507e-01,-0.00000e+00,3.96000e+00,
-5.8285856e-01,-0.00000e+00,3.92000e+00,
-5.8271205e-01,-0.00000e+00,3.92000e+00,
-5.8256555e-01,-0.00000e+00,3.92000e+00,
-5.8241904e-01,-0.00000e+00,3.92000e+00,
-5.8227253e-01,-0.00000e+00,3.92000e+00,
-5.8212602e-01,2.00001e-01,3.92000e+00,
-5.8197951e-01,2.00001e-01,3.92000e+00,
-5.8183300e-01,-0.00000e+00,3.92000e+00,
-5.8168650e-01,2.00001e-01,3.92000e+00,
-5.8153999e-01,-0.00000e+00,3.92000e+00,
-5.8139348e-01,-0.00000e+00,3.92000e+00,
-5.8124697e-01,-0.00000e+00,3.92000e+00,
-5.8110046e-01,2.00001e-01,3.92000e+00,
-5.8095396e-01,-0.00000e+00,3.92000e+00,
-5.8080745e-01,-0.00000e+00,3.92000e+00,
-5.8066094e-01,-0.00000e+00,3.92000e+00,
-5.8051443e-01,-0.00000e+00,3.92000e+00,
-5.8036792e-01,-0.00000e+00,3.92000e+00,
-5.8022141e-01,-0.00000e+00,3.88000e+00,
-5.8007491e-01,-0.00000e+00,3.88000e+00,
-5.7992840e-01,-0.00000e+00,3.92000e+00,
-5.7978189e-01,-0.00000e+00,3.88000e+00,
-5.7963538e-01,-0.00000e+00,3.92000e+00,
-5.7948887e-01,-0.00000e+00,3.92000e+00,
-5.7934237e-01,-0.00000e+00,3.92000e+00,
-5.7919586e-01,2.00001e-01,3.88000e+00,
-5.7904935e-01,-0.00000e+00,3.88000e+00,
-5.7890284e-01,-0.00000e+00,3.88000e+00,
-5.7875633e-01,-0.00000e+00,3.84000e+00,
-5.7860982e-01,2.00001e-01,3.92000e+00,
-5.7846332e-01,-0.00000e+00,3.84000e+00,
-5.7831681e-01,2.00001e-01,3.84000e+00,
-5.7817030e-01,-0.00000e+00,3.84000e+00,
-5.7802379e-01,-0.00000e+00,3.84000e+00,
-5.7787728e-01,2.00001e-01,3.84000e+00,
-5.7773077e-01,2.00001e-01,3.84000e+00,
-5.7758427e-01,-0.00000e+00,3.84000e+00,
-5.7743776e-01,-0.00000e+00,3.84000e+00,
-5.7729125e-01,-0.00000e+00,3.84000e+00,
-5.7714474e-01,-0.00000e+00,3.84000e+00,
-5.7699823e-01,-0.00000e+00,3.84000e+00,
-5.7685173e-01,-0.00000e+00,3.84000e+00,
-5.7670522e-01,-0.00000e+00,3.80000e+00,
-5.7655871e-01,-0.00000e+00,3.80000e+00,
-5.7641220e-01,-0.00000e+00,3.80000e+00,
-5.7626569e-01,-0.00000e+00,3.76000e+00,
-5.7611918e-01,-0.00000e+00,3.76000e+00,
-5.7597268e-01,-0.00000e+00,3.76000e+00,
-5.7582617e-01,2.00001e-01,3.72000e+00,
-5.7567966e-01,2.00001e-01,3.76000e+00,
-5.7553315e-01,-0.00000e+00,3.76000e+00,
-5.7538664e-01,2.00001e-01,3.72000e+00,
-5.7524014e-01,2.00001e-01,3.72000e+00,
-5.7509363e-01,-0.00000e+00,3.68000e+00,
-5.7494712e-01,2.00001e-01,3.68000e+00,
-5.7480061e-01,-0.00000e+00,3.68000e+00,
-5.7465410e-01,-0.00000e+00,3.68000e+00,
-5.7450759e-01,-0.00000e+00,3.68000e+00,
-5.7436109e-01,2.00001e-01,3.68000e+00,
-5.7421458e-01,-0.00000e+00,3.68000e+00,
-5.7406807e-01,-0.00000e+00,3.64000e+00,
-5.7392156e-01,-0.00000e+00,3.64000e+00,
-5.7377505e-01,2.00001e-01,3.64000e+00,
-5.7362854e-01,-0.00000e+00,3.60000e+00,
-5.7348204e-01,-0.00000e+00,3.60000e+00,
-5.7333553e-01,2.00001e-01,3.56000e+00,
-5.7318902e-01,-0.00000e+00,3.56000e+00,
-5.7304251e-01,2.00001e-01,3.52000e+00,
-5.7289600e-01,-0.00000e+00,3.52000e+00,
-5.7274950e-01,-0.00000e+00,3.52000e+00,
-5.7260299e-01,2.00001e-01,3.52000e+00,
-5.7245648e-01,-0.00000e+00,3.52000e+00,
-5.7230997e-01,-0.00000e+00,3.52000e+00,
-5.7216346e-01,-0.00000e+00,3.52000e+00,
-5.7201695e-01,-0.00000e+00,3.52000e+00,
-5.7187045e-01,-0.00000e+00,3.48000e+00,
-5.7172394e-01,-0.00000e+00,3.48000e+00,
-5.7157743e-01,-0.00000e+00,3.48000e+00,
-5.7143092e-01,-0.00000e+00,3.48000e+00,
-5.7128441e-01,-0.00000e+00,3.44000e+00,
-5.7113791e-01,-0.00000e+00,3.44000e+00,
-5.7099140e-01,-0.00000e+00,3.44000e+00,
-5.7084489e-01,2.00001e-01,3.40000e+00,
-5.7069838e-01,-0.00000e+00,3.40000e+00,
-5.7055187e-01,2.00001e-01,3.36000e+00,
-5.7040536e-01,2.00001e-01,3.36000e+00,
-5.7025886e-01,2.00001e-01,3.36000e+00,
-5.7011235e-01,-0.00000e+00,3.36000e+00,
-5.6996584e-01,-0.00000e+00,3.36000e+00,
-5.6981933e-01,-0.00000e+00,3.36000e+00,
-5.6967282e-01,-0.00000e+00,3.36000e+00,
-5.6952631e-01,2.00001e-01,3.32000e+00,
-5.6937981e-01,-0.00000e+00,3.32000e+00,
-5.6923330e-01,-0.00000e+00,3.32000e+00,
-5.6908679e-01,2.00001e-01,3.32000e+00,
-5.6894028e-01,2.00001e-01,3.28000e+00,
-5.6879377e-01,-0.00000e+00,3.28000e+00,
-5.6864727e-01,-0.00000e+00,3.28000e+00,
-5.6850076e-01,-0.00000e+00,3.24000e+00,
-5.6835425e-01,2.00001e-01,3.24000e+00,
-5.6820774e-01,-0.00000e+00,3.20000e+00,
-5.6806123e-01,-0.00000e+00,3.24000e+00,
-5.6791472e-01,-0.00000e+00,3.20000e+00,
-5.6776822e-01,-0.00000e+00,3.20000e+00,
-5.6762171e-01,-0.00000e+00,3.20000e+00,
-5.6747520e-01,-0.00000e+00,3.20000e+00,
-5.6732869e-01,2.00001e-01,3.20000e+00,
-5.6718218e-01,-0.00000e+00,3.20000e+00,
-5.6703568e-01,-0.00000e+00,3.20000e+00,
-5.6688917e-01,2.00001e-01,3.16000e+00,
-5.6674266e-01,-0.00000e+00,3.16000e+00,
-5.6659615e-01,-0.00000e+00,3.12000e+00,
-5.6644964e-01,-0.00000e+00,3.12000e+00,
-5.6630313e-01,-0.00000e+00,3.08000e+00,
-5.6615663e-01,-0.00000e+00,3.12000e+00,
-5.6601012e-01,2.00001e-01,3.08000e+00,
-5.6586361e-01,-0.00000e+00,3.12000e+00,
-5.6571710e-01,-0.00000e+00,3.08000e+00,
-5.6557059e-01,-0.00000e+00,3.08000e+00,
-5.6542408e-01,2.00001e-01,3.08000e+00,
-5.6527758e-01,-0.00000e+00,3.04000e+00,
-5.6513107e-01,-0.00000e+00,3.04000e+00,
-5.6498456e-01,-0.00000e+00,3.04000e+00,
-5.6483805e-01,-0.00000e+00,3.04000e+00,
-5.6469154e-01,-0.00000e+00,3.04000e+00,
-5.6454504e-01,-0.00000e+00,3.04000e+00,
-5.6439853e-01,2.00001e-01,3.00000e+00,
-5.6425202e-01,-0.00000e+00,3.00000e+00,
-5.6410551e-01,-0.00000e+00,3.00000e+00,
-5.6395900e-01,-0.00000e+00,3.00000e+00,
-5.6381249e-01,-0.00000e+00,2.96000e+00,
-5.6366599e-01,-0.00000e+00,2.92000e+00,
-5.6351948e-01,-0.00000e+00,2.96000e+00,
-5.6337297e-01,2.00001e-01,2.96000e+00,
-5.6322646e-01,-0.00000e+00,2.92000e+00,
-5.6307995e-01,-0.00000e+00,2.88000e+00,
-5.6293344e-01,-0.00000e+00,2.88000e+00,
-5.6278694e-01,-0.00000e+00,2.88000e+00,
-5.6264043e-01,-0.00000e+00,2.88000e+00,
-5.6249392e-01,-0.00000e+00,2.88000e+00,
-5.6234741e-01,-0.00000e+00,2.88000e+00,
-5.6220090e-01,-0.00000e+00,2.88000e+00,
-5.6205440e-01,-0.00000e+00,2.84000e+00,
-5.6190789e-01,-0.00000e+00,2.88000e+00,
-5.6176138e-01,2.00001e-01,2.84000e+00,
-5.6161487e-01,-0.00000e+00,2.84000e+00,
-5.6146836e-01,-0.00000e+00,2.84000e+00,
-5.6132185e-01,-0.00000e+00,2.84000e+00,
-5.6117535e-01,-0.00000e+00,2.80000e+00,
-5.6102884e-01,-0.00000e+00,2.80000e+00,
-5.6088233e-01,-0.00000e+00,2.80000e+00,
-5.6073582e-01,-0.00000e+00,2.80000e+00,
-5.6058931e-01,-0.00000e+00,2.76000e+00,
-5.6044281e-01,-0.00000e+00,2.76000e+00,
-5.6029630e-01,-0.00000e+00,2.76000e+00,
-5.6014979e-01,-0.00000e+00,2.72000e+00,
-5.6000328e-01,2.00001e-01,2.72000e+00,
-5.5985677e-01,-0.00000e+00,2.72000e+00,
-5.5971026e-01,2.00001e-01,2.72000e+00,
-5.5956376e-01,-0.00000e+00,2.72000e+00,
-5.5941725e-01,-0.00000e+00,2.72000e+00,
-5.5927074e-01,-0.00000e+00,2.68000e+00,
-5.5912423e-01,-0.00000e+00,2.68000e+00,
-5.5897772e-01,2.00001e-01,2.68000e+00,
-5.5883121e-01,-0.00000e+00,2.68000e+00,
-5.5868471e-01,-0.00000e+00,2.68000e+00,
-5.5853820e-01,2.00001e-01,2.68000e+00,
-5.5839169e-01,-0.00000e+00,2.64000e+00,
-5.5824518e-01,-0.00000e+00,2.64000e+00,
-5.5809867e-01,-0.00000e+00,2.64000e+00,
-5.5795217e-01,-0.00000e+00,2.64000e+00,
-5.5780566e-01,-0.00000e+00,2.64000e+00,
-5.5765915e-01,-0.00000e+00,2.60000e+00,
-5.5751264e-01,-0.00000e+00,2.60000e+00,
-5.5736613e-01,2.00001e-01,2.60000e+00,
-5.5721962e-01,-0.00000e+00,2.56000e+00,
-5.5707312e-01,-0.00000e+00,2.60000e+00,
-5.5692661e-01,-0.00000e+00,2.56000e+00,
-5.5678010e-01,-0.00000e+00,2.56000e+00,
-5.5663359e-01,2.00001e-01,2.56000e+00,
-5.5648708e-01,-0.00000e+00,2.56000e+00,
-5.5634058e-01,-0.00000e+00,2.56000e+00,
-5.5619407e-01,-0.00000e+00,2.56000e+00,
-5.5604756e-01,-0.00000e+00,2.56000e+00,
-5.5590105e-01,-0.00000e+00,2.56000e+00,
-5.5575454e-01,-0.00000e+00,2.56000e+00,
-5.5560803e-01,-0.00000e+00,2.52000e+00,
-5.5546153e-01,2.00001e-01,2.52000e+00,
-5.5531502e-01,-0.00000e+00,2.48000e+00,
-5.5516851e-01,-0.00000e+00,2.52000e+00,
-5.5502200e-01,-0.00000e+00,2.48000e+00,
-5.5487549e-01,-0.00000e+00,2.48000e+00,
-5.5472898e-01,-0.00000e+00,2.48000e+00,
-5.5458248e-01,-0.00000e+00,2.48000e+00,
-5.5443597e-01,-0.00000e+00,2.48000e+00,
-5.5428946e-01,2.00001e-01,2.44000e+00,
-5.5414295e-01,2.00001e-01,2.44000e+00,
-5.5399644e-01,2.00001e-01,2.44000e+00,
-5.5384994e-01,2.00001e-01,2.40000e+00,
-5.5370343e-01,-0.00000e+00,2.40000e+00,
-5.5355692e-01,-0.00000e+00,2.40000e+00,
-5.5341041e-01,-0.00000e+00,2.40000e+00,
-5.5326390e-01,2.00001e-01,2.40000e+00,
-5.5311739e-01,-0.00000e+00,2.40000e+00,
-5.5297089e-01,-0.00000e+00,2.40000e+00,
-5.5282438e-01,2.00001e-01,2.40000e+00,
-5.5267787e-01,2.00001e-01,2.40000e+00,
-5.5253136e-01,2.00001e-01,2.40000e+00,
-5.5238485e-01,-0.00000e+00,2.36000e+00,
-5.5223835e-01,2.00001e-01,2.36000e+00,
-5.5209184e-01,2.00001e-01,2.36000e+00,
-5.5194533e-01,-0.00000e+00,2.36000e+00,
-5.5179882e-01,2.00001e-01,2.36000e+00,
-5.5165231e-01,-0.00000e+00,2.36000e+00,
-5.5150580e-01,-0.00000e+00,2.32000e+00,
-5.5135930e-01,-0.00000e+00,2.32000e+00,
-5.5121279e-01,-0.00000e+00,2.32000e+00,
-5.5106628e-01,-0.00000e+00,2.24000e+00,
-5.5091977e-01,-0.00000e+00,2.28000e+00,
-5.5077326e-01,2.00001e-01,2.32000e+00,
-5.5062675e-01,-0.00000e+00,2.28000e+00,
-5.5048025e-01,2.00001e-01,2.28000e+00,
-5.5033374e-01,-0.00000e+00,2.28000e+00,
-5.5018723e-01,-0.00000e+00,2.24000e+00,
-5.5004072e-01,-0.00000e+00,2.24000e+00,
-5.4989421e-01,-0.00000e+00,2.24000e+00,
-5.4974771e-01,-0.00000e+00,2.24000e+00,
-5.4960120e-01,-0.00000e+00,2.24000e+00,
-5.4945469e-01,-0.00000e+00,2.24000e+00,
-5.4930818e-01,-0.00000e+00,2.24000e+00,
-5.4916167e-01,-0.00000e+00,2.24000e+00,
-5.4901516e-01,-0.00000e+00,2.20000e+00,
-5.4886866e-01,-0.00000e+00,2.20000e+00,
-5.4872215e-01,-0.00000e+00,2.16000e+00,
-5.4857564e-01,-0.00000e+00,2.20000e+00,
-5.4842913e-01,-0.00000e+00,2.20000e+00,
-5.4828262e-01,-0.00000e+00,2.16000e+00,
-5.4813612e-01,-0.00000e+00,2.16000e+00,
-5.4798961e-01,-0.00000e+00,2.16000e+00,
-5.4784310e-01,-0.00000e+00,2.12000e+00,
-5.4769659e-01,-0.00000e+00,2.12000e+00,
-5.4755008e-01,-0.00000e+00,2.12000e+00,
-5.4740357e-01,-0.00000e+00,2.16000e+00,
-5.4725707e-01,2.00001e-01,2.12000e+00,
-5.4711056e-01,-0.00000e+00,2.12000e+00,
-5.4696405e-01,2.00001e-01,2.08000e+00,
-5.4681754e-01,2.00001e-01,2.08000e+00,
-5.4667103e-01,2.00001e-01,2.08000e+00,
-5.4652452e-01,-0.00000e+00,2.08000e+00,
-5.4637802e-01,-0.00000e+00,2.08000e+00,
-5.4623151e-01,-0.00000e+00,2.08000e+00,
-5.4608500e-01,-0.00000e+00,2.08000e+00,
-5.4593849e-01,-0.00000e+00,2.08000e+00,
-5.4579198e-01,-0.00000e+00,2.08000e+00,
-5.4564548e-01,-0.00000e+00,2.04000e+00,
-5.4549897e-01,-0.00000e+00,2.04000e+00,
-5.4535246e-01,-0.00000e+00,2.04000e+00,
-5.4520595e-01,-0.00000e+00,2.04000e+00,
-5.4505944e-01,-0.00000e+00,2.04000e+00,
-5.4491293e-01,2.00001e-01,2.04000e+00,
-5.4476643e-01,-0.00000e+00,2.04000e+00,
-5.4461992e-01,-0.00000e+00,2.04000e+00,
-5.4447341e-01,-0.00000e+00,2.00000e+00,
-5.4432690e-01,-0.00000e+00,2.00000e+00,
-5.4418039e-01,-0.00000e+00,2.00000e+00,
-5.4403389e-01,-0.00000e+00,2.00000e+00,
-5.4388738e-01,-0.00000e+00,2.00000e+00,
-5.4374087e-01,-0.00000e+00,2.00000e+00,
-5.4359436e-01,-0.00000e+00,2.00000e+00,
-5.4344785e-01,-0.00000e+00,1.96000e+00,
-5.4330134e-01,-0.00000e+00,2.00000e+00,
-5.4315484e-01,-0.00000e+00,1.88000e+00,
-5.4300833e-01,-0.00000e+00,1.96000e+00,
-5.4286182e-01,-0.00000e+00,1.96000e+00,
-5.4271531e-01,-0.00000e+00,1.88000e+00,
-5.4256880e-01,-0.00000e+00,1.88000e+00,
-5.4242229e-01,-0.00000e+00,1.88000e+00,
-5.4227579e-01,-0.00000e+00,1.88000e+00,
-5.4212928e-01,2.00001e-01,1.88000e+00,
-5.4198277e-01,-0.00000e+00,1.88000e+00,
-5.4183626e-01,-0.00000e+00,1.88000e+00,
-5.4168975e-01,-0.00000e+00,1.88000e+00,
-5.4154325e-01,-0.00000e+00,1.88000e+00,
-5.4139674e-01,-0.00000e+00,1.88000e+00,
-5.4125023e-01,-0.00000e+00,1.88000e+00,
-5.4110372e-01,2.00001e-01,1.84000e+00,
-5.4095721e-01,-0.00000e+00,1.84000e+00,
-5.4081070e-01,-0.00000e+00,1.84000e+00,
-5.4066420e-01,-0.00000e+00,1.84000e+00,
-5.4051769e-01,-0.00000e+00,1.84000e+00,
-5.4037118e-01,-0.00000e+00,1.84000e+00,
-5.4022467e-01,-0.00000e+00,1.84000e+00,
-5.4007816e-01,2.00001e-01,1.80000e+00,
-5.3993165e-01,2.00001e-01,1.80000e+00,
-5.3978515e-01,-0.00000e+00,1.80000e+00,
-5.3963864e-01,-0.00000e+00,1.80000e+00,
-5.3949213e-01,-0.00000e+00,1.80000e+00,
-5.3934562e-01,-0.00000e+00,1.72000e+00,
-5.3919911e-01,-0.00000e+00,1.80000e+00,
-5.3905261e-01,-0.00000e+00,1.80000e+00,
-5.3890610e-01,2.00001e-01,1.76000e+00,
-5.3875959e-01,2.00001e-01,1.76000e+00,
-5.3861308e-01,-0.00000e+00,1.72000e+00,
-5.3846657e-01,-0.00000e+00,1.72000e+00,
-5.3832006e-01,-0.00000e+00,1.72000e+00,
-5.3817356e-01,-0.00000e+00,1.72000e+00,
-5.3802705e-01,-0.00000e+00,1.72000e+00,
-5.3788054e-01,-0.00000e+00,1.72000e+00,
-5.3773403e-01,-0.00000e+00,1.72000e+00,
-5.3758752e-01,2.00001e-01,1.72000e+00,
-5.3744102e-01,-0.00000e+00,1.72000e+00,
-5.3729451e-01,-0.00000e+00,1.72000e+00,
-5.3714800e-01,2.00001e-01,1.72000e+00,
-5.3700149e-01,2.00001e-01,1.68000e+00,
-5.3685498e-01,-0.00000e+00,1.72000e+00,
-5.3670847e-01,2.00001e-01,1.68000e+00,
-5.3656197e-01,-0.00000e+00,1.72000e+00,
-5.3641546e-01,2.00001e-01,1.68000e+00,
-5.3626895e-01,2.00001e-01,1.72000e+00,
-5.3612244e-01,-0.00000e+00,1.68000e+00,
-5.3597593e-01,-0.00000e+00,1.68000e+00,
-5.3582942e-01,-0.00000e+00,1.68000e+00,
-5.3568292e-01,-0.00000e+00,1.64000e+00,
-5.3553641e-01,2.00001e-01,1.68000e+00,
-5.3538990e-01,2.00001e-01,1.64000e+00,
-5.3524339e-01,-0.00000e+00,1.64000e+00,
-5.3509688e-01,-0.00000e+00,1.64000e+00,
-5.3495038e-01,2.00001e-01,1.64000e+00,
-5.3480387e-01,-0.00000e+00,1.60000e+00,
-5.3465736e-01,2.00001e-01,1.64000e+00,
-5.3451085e-01,2.00001e-01,1.64000e+00,
-5.3436434e-01,-0.00000e+00,1.60000e+00,
-5.3421783e-01,-0.00000e+00,1.60000e+00,
-5.3407133e-01,-0.00000e+00,1.64000e+00,
-5.3392482e-01,-0.00000e+00,1.60000e+00,
-5.3377831e-01,-0.00000e+00,1.56000e+00,
-5.3363180e-01,-0.00000e+00,1.56000e+00,
-5.3348529e-01,-0.00000e+00,1.56000e+00,
-5.3333879e-01,-0.00000e+00,1.56000e+00,
-5.3319228e-01,-0.00000e+00,1.56000e+00,
-5.3304577e-01,-0.00000e+00,1.56000e+00,
-5.3289926e-01,-0.00000e+00,1.56000e+00,
-5.3275275e-01,-0.00000e+00,1.56000e+00,
-5.3260624e-01,-0.00000e+00,1.56000e+00,
-5.3245974e-01,-0.00000e+00,1.56000e+00,
-5.3231323e-01,-0.00000e+00,1.56000e+00,
-5.3216672e-01,-0.00000e+00,1.56000e+00,
-5.3202021e-01,-0.00000e+00,1.56000e+00,
-5.3187370e-01,-0.00000e+00,1.56000e+00,
-5.3172719e-01,-0.00000e+00,1.56000e+00,
-5.3158069e-01,-0.00000e+00,1.56000e+00,
-5.3143418e-01,-0.00000e+00,1.52000e+00,
-5.3128767e-01,-0.00000e+00,1.56000e+00,
-5.3114116e-01,-0.00000e+00,1.52000e+00,
-5.3099465e-01,-0.00000e+00,1.52000e+00,
-5.3084815e-01,-0.00000e+00,1.52000e+00,
-5.3070164e-01,2.00001e-01,1.48000e+00,
-5.3055513e-01,-0.00000e+00,1.52000e+00,
-5.3040862e-01,-0.00000e+00,1.48000e+00,
-5.3026211e-01,2.00001e-01,1.48000e+00,
-5.3011560e-01,-0.00000e+00,1.48000e+00,
-5.2996910e-01,2.00001e-01,1.48000e+00,
-5.2982259e-01,-0.00000e+00,1.48000e+00,
-5.2967608e-01,-0.00000e+00,1.48000e+00,
-5.2952957e-01,-0.00000e+00,1.48000e+00,
-5.2938306e-01,-0.00000e+00,1.48000e+00,
-5.2923656e-01,-0.00000e+00,1.48000e+00,
-5.2909005e-01,-0.00000e+00,1.44000e+00,
-5.2894354e-01,-0.00000e+00,1.48000e+00,
-5.2879703e-01,-0.00000e+00,1.48000e+00,
-5.2865052e-01,-0.00000e+00,1.48000e+00,
-5.2850401e-01,-0.00000e+00,1.40000e+00,
-5.2835751e-01,-0.00000e+00,1.44000e+00,
-5.2821100e-01,-0.00000e+00,1.44000e+00,
-5.2806449e-01,-0.00000e+00,1.40000e+00,
-5.2791798e-01,-0.00000e+00,1.40000e+00,
-5.2777147e-01,2.00001e-01,1.40000e+00,
-5.2762496e-01,-0.00000e+00,1.40000e+00,
-5.2747846e-01,-0.00000e+00,1.40000e+00,
-5.2733195e-01,2.00001e-01,1.40000e+00,
-5.2718544e-01,-0.00000e+00,1.40000e+00,
-5.2703893e-01,2.00001e-01,1.40000e+00,
-5.2689242e-01,-0.00000e+00,1.40000e+00,
-5.2674592e-01,-0.00000e+00,1.40000e+00,
-5.2659941e-01,-0.00000e+00,1.40000e+00,
-5.2645290e-01,-0.00000e+00,1.40000e+00,
-5.2630639e-01,-0.00000e+00,1.40000e+00,
-5.2615988e-01,2.00001e-01,1.40000e+00,
-5.2601337e-01,2.00001e-01,1.40000e+00,
-5.2586687e-01,-0.00000e+00,1.36000e+00,
-5.2572036e-01,2.00001e-01,1.36000e+00,
-5.2557385e-01,-0.00000e+00,1.36000e+00,
-5.2542734e-01,2.00001e-01,1.36000e+00,
-5.2528083e-01,-0.00000e+00,1.36000e+00,
-5.2513433e-01,2.00001e-01,1.36000e+00,
-5.2498782e-01,-0.00000e+00,1.36000e+00,
-5.2484131e-01,-0.00000e+00,1.36000e+00,
-5.2469480e-01,-0.00000e+00,1.36000e+00,
-5.2454829e-01,-0.00000e+00,1.36000e+00,
-5.2440178e-01,-0.00000e+00,1.36000e+00,
-5.2425528e-01,-0.00000e+00,1.32000e+00,
-5.2410877e-01,-0.00000e+00,1.32000e+00,
-5.2396226e-01,-0.00000e+00,1.32000e+00,
-5.2381575e-01,-0.00000e+00,1.32000e+00,
-5.2366924e-01,-0.00000e+00,1.32000e+00,
-5.2352273e-01,-0.00000e+00,1.32000e+00,
-5.2337623e-01,-0.00000e+00,1.32000e+00,
-5.2322972e-01,-0.00000e+00,1.32000e+00,
-5.2308321e-01,-0.00000e+00,1.32000e+00,
-5.2293670e-01,-0.00000e+00,1.32000e+00,
-5.2279019e-01,2.00001e-01,1.32000e+00,
-5.2264369e-01,-0.00000e+00,1.28000e+00,
-5.2249718e-01,-0.00000e+00,1.32000e+00,
-5.2235067e-01,-0.00000e+00,1.28000e+00,
-5.2220416e-01,2.00001e-01,1.28000e+00,
-5.2205765e-01,-0.00000e+00,1.32000e+00,
-5.2191114e-01,-0.00000e+00,1.28000e+00,
-5.2176464e-01,2.00001e-01,1.28000e+00,
-5.2161813e-01,-0.00000e+00,1.24000e+00,
-5.2147162e-01,2.00001e-01,1.24000e+00,
-5.2132511e-01,2.00001e-01,1.28000e+00,
-5.2117860e-01,2.00001e-01,1.28000e+00,
-5.2103209e-01,-0.00000e+00,1.24000e+00,
-5.2088559e-01,2.00001e-01,1.24000e+00,
-5.2073908e-01,-0.00000e+00,1.24000e+00,
-5.2059257e-01,-0.00000e+00,1.24000e+00,
-5.2044606e-01,2.00001e-01,1.24000e+00,
-5.2029955e-01,-0.00000e+00,1.24000e+00,
-5.2015305e-01,-0.00000e+00,1.24000e+00,
-5.2000654e-01,-0.00000e+00,1.24000e+00,
-5.1986003e-01,-0.00000e+00,1.24000e+00,
-5.1971352e-01,2.00001e-01,1.24000e+00,
-5.1956701e-01,-0.00000e+00,1.24000e+00,
-5.1942050e-01,-0.00000e+00,1.24000e+00,
-5.1927400e-01,-0.00000e+00,1.24000e+00,
-5.1912749e-01,-0.00000e+00,1.24000e+00,
-5.1898098e-01,-0.00000e+00,1.24000e+00,
-5.1883447e-01,-0.00000e+00,1.24000e+00,
-5.1868796e-01,-0.00000e+00,1.24000e+00,
-5.1854146e-01,2.00001e-01,1.24000e+00,
-5.1839495e-01,2.00001e-01,1.24000e+00,
-5.1824844e-01,-0.00000e+00,1.20000e+00,
-5.1810193e-01,-0.00000e+00,1.20000e+00,
-5.1795542e-01,-0.00000e+00,1.20000e+00,
-5.1780891e-01,2.00001e-01,1.20000e+00,
-5.1766241e-01,-0.00000e+00,1.20000e+00,
-5.1751590e-01,-0.00000e+00,1.20000e+00,
-5.1736939e-01,2.00001e-01,1.20000e+00,
-5.1722288e-01,2.00001e-01,1.20000e+00,
-5.1707637e-01,-0.00000e+00,1.20000e+00,
-5.1692986e-01,-0.00000e+00,1.20000e+00,
-5.1678336e-01,-0.00000e+00,1.16000e+00,
-5.1663685e-01,-0.00000e+00,1.20000e+00,
-5.1649034e-01,-0.00000e+00,1.16000e+00,
-5.1634383e-01,-0.00000e+00,1.20000e+00,
-5.1619732e-01,-0.00000e+00,1.16000e+00,
-5.1605082e-01,-0.00000e+00,1.16000e+00,
-5.1590431e-01,-0.00000e+00,1.16000e+00,
-5.1575780e-01,2.00001e-01,1.20000e+00,
-5.1561129e-01,-0.00000e+00,1.16000e+00,
-5.1546478e-01,-0.00000e+00,1.16000e+00,
-5.1531827e-01,-0.00000e+00,1.16000e+00,
-5.1517177e-01,-0.00000e+00,1.16000e+00,
-5.1502526e-01,-0.00000e+00,1.16000e+00,
-5.1487875e-01,2.00001e-01,1.16000e+00,
-5.1473224e-01,-0.00000e+00,1.16000e+00,
-5.1458573e-01,-0.00000e+00,1.16000e+00,
-5.1443923e-01,-0.00000e+00,1.16000e+00,
-5.1429272e-01,-0.00000e+00,1.12000e+00,
-5.1414621e-01,-0.00000e+00,1.16000e+00,
-5.1399970e-01,-0.00000e+00,1.16000e+00,
-5.1385319e-01,-0.00000e+00,1.16000e+00,
-5.1370668e-01,-0.00000e+00,1.12000e+00,
-5.1356018e-01,-0.00000e+00,1.16000e+00,
-5.1341367e-01,-0.00000e+00,1.16000e+00,
-5.1326716e-01,-0.00000e+00,1.12000e+00,
-5.1312065e-01,-0.00000e+00,1.08000e+00,
-5.1297414e-01,2.00001e-01,1.12000e+00,
-5.1282763e-01,-0.00000e+00,1.12000e+00,
-5.1268113e-01,-0.00000e+00,1.08000e+00,
-5.1253462e-01,2.00001e-01,1.08000e+00,
-5.1238811e-01,2.00001e-01,1.12000e+00,
-5.1224160e-01,-0.00000e+00,1.08000e+00,
-5.1209509e-01,2.00001e-01,1.12000e+00,
-5.1194859e-01,2.00001e-01,1.08000e+00,
-5.1180208e-01,-0.00000e+00,1.12000e+00,
-5.1165557e-01,-0.00000e+00,1.08000e+00,
-5.1150906e-01,-0.00000e+00,1.08000e+00,
-5.1136255e-01,2.00001e-01,1.08000e+00,
-5.1121604e-01,2.00001e-01,1.08000e+00,
-5.1106954e-01,2.00001e-01,1.08000e+00,
-5.1092303e-01,2.00001e-01,1.08000e+00,
-5.1077652e-01,2.00001e-01,1.08000e+00,
-5.1063001e-01,-0.00000e+00,1.08000e+00,
-5.1048350e-01,-0.00000e+00,1.08000e+00,
-5.1033700e-01,-0.00000e+00,1.08000e+00,
-5.1019049e-01,-0.00000e+00,1.08000e+00,
-5.1004398e-01,-0.00000e+00,1.08000e+00,
-5.0989747e-01,-0.00000e+00,1.08000e+00,
-5.0975096e-01,-0.00000e+00,1.08000e+00,
-5.0960445e-01,2.00001e-01,1.08000e+00,
-5.0945795e-01,-0.00000e+00,1.08000e+00,
-5.0931144e-01,2.00001e-01,1.04000e+00,
-5.0916493e-01,-0.00000e+00,1.08000e+00,
-5.0901842e-01,-0.00000e+00,1.08000e+00,
-5.0887191e-01,-0.00000e+00,1.08000e+00,
-5.0872540e-01,-0.00000e+00,1.08000e+00,
-5.0857890e-01,-0.00000e+00,1.08000e+00,
-5.0843239e-01,2.00001e-01,1.08000e+00,
-5.0828588e-01,-0.00000e+00,1.04000e+00,
-5.0813937e-01,2.00001e-01,1.08000e+00,
-5.0799286e-01,-0.00000e+00,1.04000e+00,
-5.0784636e-01,-0.00000e+00,1.04000e+00,
-5.0769985e-01,-0.00000e+00,1.04000e+00,
-5.0755334e-01,-0.00000e+00,1.08000e+00,
-5.0740683e-01,2.00001e-01,1.08000e+00,
-5.0726032e-01,-0.00000e+00,1.04000e+00,
-5.0711381e-01,-0.00000e+00,1.04000e+00,
-5.0696731e-01,-0.00000e+00,1.04000e+00,
-5.0682080e-01,2.00001e-01,1.04000e+00,
-5.0667429e-01,-0.00000e+00,1.04000e+00,
-5.0652778e-01,2.00001e-01,1.04000e+00,
-5.0638127e-01,-0.00000e+00,1.04000e+00,
-5.0623477e-01,-0.00000e+00,1.04000e+00,
-5.0608826e-01,-0.00000e+00,1.04000e+00,
-5.0594175e-01,-0.00000e+00,1.04000e+00,
-5.0579524e-01,-0.00000e+00,1.04000e+00,
-5.0564873e-01,-0.00000e+00,1.04000e+00,
-5.0550222e-01,-0.00000e+00,1.04000e+00,
-5.0535572e-01,-0.00000e+00,1.00000e+00,
-5.0520921e-01,-0.00000e+00,1.00000e+00,
-5.0506270e-01,-0.00000e+00,1.00000e+00,
-5.0491619e-01,-0.00000e+00,1.00000e+00,
-5.0476968e-01,2.00001e-01,1.00000e+00,
-5.0462317e-01,-0.00000e+00,1.00000e+00,
-5.0447667e-01,2.00001e-01,1.00000e+00,
-5.0433016e-01,2.00001e-01,1.00000e+00,
-5.0418365e-01,-0.00000e+00,1.00000e+00,
-5.0403714e-01,-0.00000e+00,9.60000e-01,
-5.0389063e-01,-0.00000e+00,1.00000e+00,
-5.0374413e-01,-0.00000e+00,1.04000e+00,
-5.0359762e-01,-0.00000e+00,9.60000e-01,
-5.0345111e-01,-0.00000e+00,1.00000e+00,
-5.0330460e-01,-0.00000e+00,1.00000e+00,
-5.0315809e-01,2.00001e-01,1.04000e+00,
-5.0301158e-01,-0.00000e+00,1.00000e+00,
-5.0286508e-01,2.00001e-01,1.00000e+00,
-5.0271857e-01,-0.00000e+00,1.00000e+00,
-5.0257206e-01,-0.00000e+00,9.60000e-01,
-5.0242555e-01,-0.00000e+00,9.60000e-01,
-5.0227904e-01,-0.00000e+00,9.60000e-01,
-5.0213253e-01,-0.00000e+00,1.00000e+00,
-5.0198603e-01,-0.00000e+00,1.00000e+00,
-5.0183952e-01,-0.00000e+00,1.00000e+00,
-5.0169301e-01,-0.00000e+00,1.00000e+00,
-5.0154650e-01,-0.00000e+00,9.60000e-01,
-5.0139999e-01,-0.00000e+00,1.00000e+00,
-5.0125349e-01,-0.00000e+00,1.00000e+00,
-5.0110698e-01,-0.00000e+00,1.00000e+00,
-5.0096047e-01,2.00001e-01,1.00000e+00,
-5.0081396e-01,2.00001e-01,1.00000e+00,
-5.0066745e-01,2.00001e-01,9.60000e-01,
-5.0052094e-01,-0.00000e+00,1.00000e+00,
-5.0037444e-01,-0.00000e+00,1.00000e+00,
-5.0022793e-01,-0.00000e+00,9.60000e-01,
-5.0008142e-01,-0.00000e+00,9.20000e-01,
-4.9993494e-01,-0.00000e+00,9.60000e-01,
-4.9978846e-01,-0.00000e+00,9.20000e-01,
-4.9964198e-01,2.00001e-01,9.60000e-01,
-4.9949551e-01,-0.00000e+00,9.20000e-01,
-4.9934903e-01,-0.00000e+00,9.60000e-01,
-4.9920255e-01,-0.00000e+00,9.20000e-01,
-4.9905607e-01,2.00001e-01,9.20000e-01,
-4.9890959e-01,-0.00000e+00,9.60000e-01,
-4.9876311e-01,-0.00000e+00,9.20000e-01,
-4.9861664e-01,2.00001e-01,9.60000e-01,
-4.9847016e-01,2.00001e-01,9.20000e-01,
-4.9832368e-01,2.00001e-01,9.20000e-01,
-4.9817720e-01,-0.00000e+00,9.20000e-01,
-4.9803072e-01,2.00001e-01,9.20000e-01,
-4.9788424e-01,-0.00000e+00,9.20000e-01,
-4.9773777e-01,-0.00000e+00,9.20000e-01,
-4.9759129e-01,-0.00000e+00,9.20000e-01,
-4.9744481e-01,-0.00000e+00,9.20000e-01,
-4.9729833e-01,-0.00000e+00,9.20000e-01,
-4.9715185e-01,-0.00000e+00,9.20000e-01,
-4.9700537e-01,-0.00000e+00,9.20000e-01,
-4.9685889e-01,-0.00000e+00,9.20000e-01,
-4.9671242e-01,-0.00000e+00,9.20000e-01,
-4.9656594e-01,-0.00000e+00,9.20000e-01,
-4.9641946e-01,2.00001e-01,9.20000e-01,
-4.9627298e-01,2.00001e-01,9.20000e-01,
-4.9612650e-01,-0.00000e+00,9.20000e-01,
-4.9598002e-01,-0.00000e+00,9.20000e-01,
-4.9583355e-01,-0.00000e+00,9.20000e-01,
-4.9568707e-01,2.00001e-01,9.20000e-01,
-4.9554059e-01,-0.00000e+00,9.20000e-01,
-4.9539411e-01,-0.00000e+00,9.20000e-01,
-4.9524763e-01,-0.00000e+00,9.20000e-01,
-4.9510115e-01,-0.00000e+00,9.20000e-01,
-4.9495468e-01,-0.00000e+00,9.20000e-01,
-4.9480820e-01,-0.00000e+00,9.20000e-01,
-4.9466172e-01,2.00001e-01,9.20000e-01,
-4.9451524e-01,2.00001e-01,9.20000e-01,
-4.9436876e-01,2.00001e-01,9.20000e-01,
-4.9422228e-01,2.00001e-01,9.20000e-01,
-4.9407580e-01,-0.00000e+00,9.20000e-01,
-4.9392933e-01,-0.00000e+00,9.20000e-01,
-4.9378285e-01,-0.00000e+00,9.20000e-01,
-4.9363637e-01,2.00001e-01,9.20000e-01,
-4.9348989e-01,-0.00000e+00,9.20000e-01,
-4.9334341e-01,-0.00000e+00,9.20000e-01,
-4.9319693e-01,-0.00000e+00,9.20000e-01,
-4.9305046e-01,2.00001e-01,9.20000e-01,
-4.9290398e-01,-0.00000e+00,9.20000e-01,
-4.9275750e-01,-0.00000e+00,9.20000e-01,
-4.9261102e-01,2.00001e-01,9.20000e-01,
-4.9246454e-01,2.00001e-01,9.20000e-01,
-4.9231806e-01,-0.00000e+00,9.20000e-01,
-4.9217159e-01,-0.00000e+00,9.20000e-01,
-4.9202511e-01,2.00001e-01,9.20000e-01,
-4.9187863e-01,-0.00000e+00,9.20000e-01,
-4.9173215e-01,-0.00000e+00,9.20000e-01,
-4.9158567e-01,2.00001e-01,9.20000e-01,
-4.9143919e-01,-0.00000e+00,9.20000e-01,
-4.9129272e-01,-0.00000e+00,9.20000e-01,
-4.9114624e-01,-0.00000e+00,8.80000e-01,
-4.9099976e-01,-0.00000e+00,9.20000e-01,
-4.9085328e-01,-0.00000e+00,9.20000e-01,
-4.9070680e-01,2.00001e-01,8.80000e-01,
-4.9056032e-01,-0.00000e+00,8.80000e-01,
-4.9041384e-01,-0.00000e+00,9.20000e-01,
-4.9026737e-01,2.00001e-01,8.80000e-01,
-4.9012089e-01,-0.00000e+00,9.20000e-01,
-4.8997441e-01,-0.00000e+00,9.20000e-01,
-4.8982793e-01,-0.00000e+00,9.20000e-01,
-4.8968145e-01,2.00001e-01,9.20000e-01,
-4.8953497e-01,-0.00000e+00,9.20000e-01,
-4.8938850e-01,-0.00000e+00,9.20000e-01,
-4.8924202e-01,-0.00000e+00,8.80000e-01,
-4.8909554e-01,-0.00000e+00,8.80000e-01,
-4.8894906e-01,-0.00000e+00,9.20000e-01,
-4.8880258e-01,-0.00000e+00,9.20000e-01,
-4.8865610e-01,-0.00000e+00,9.20000e-01,
-4.8850963e-01,2.00001e-01,9.20000e-01,
-4.8836315e-01,2.00001e-01,8.80000e-01,
-4.8821667e-01,-0.00000e+00,8.80000e-01,
-4.8807019e-01,2.00001e-01,9.20000e-01,
-4.8792371e-01,-0.00000e+00,9.20000e-01,
-4.8777723e-01,2.00001e-01,9.20000e-01,
-4.8763075e-01,-0.00000e+00,8.80000e-01,
-4.8748428e-01,-0.00000e+00,9.20000e-01,
-4.8733780e-01,-0.00000e+00,8.80000e-01,
-4.8719132e-01,-0.00000e+00,8.80000e-01,
-4.8704484e-01,2.00001e-01,8.80000e-01,
-4.8689836e-01,-0.00000e+00,8.80000e-01,
-4.8675188e-01,2.00001e-01,8.80000e-01,
-4.8660541e-01,2.00001e-01,9.20000e-01,
-4.8645893e-01,-0.00000e+00,8.80000e-01,
-4.8631245e-01,-0.00000e+00,8.80000e-01,
-4.8616597e-01,-0.00000e+00,9.20000e-01,
-4.8601949e-01,2.00001e-01,8.80000e-01,
-4.8587301e-01,-0.00000e+00,8.80000e-01,
-4.8572654e-01,-0.00000e+00,8.80000e-01,
-4.8558006e-01,2.00001e-01,8.80000e-01,
-4.8543358e-01,-0.00000e+00,8.80000e-01,
-4.8528710e-01,-0.00000e+00,8.80000e-01,
-4.8514062e-01,2.00001e-01,9.20000e-01,
-4.8499414e-01,-0.00000e+00,8.80000e-01,
-4.8484766e-01,2.00001e-01,8.80000e-01,
-4.8470119e-01,-0.00000e+00,8.40000e-01,
-4.8455471e-01,-0.00000e+00,8.80000e-01,
-4.8440823e-01,-0.00000e+00,8.80000e-01,
-4.8426175e-01,2.00001e-01,8.80000e-01,
-4.8411527e-01,-0.00000e+00,9.20000e-01,
-4.8396879e-01,-0.00000e+00,9.20000e-01,
-4.8382232e-01,-0.00000e+00,8.80000e-01,
-4.8367584e-01,-0.00000e+00,8.80000e-01,
-4.8352936e-01,-0.00000e+00,8.80000e-01,
-4.8338288e-01,-0.00000e+00,8.80000e-01,
-4.8323640e-01,-0.00000e+00,8.80000e-01,
-4.8308992e-01,-0.00000e+00,8.80000e-01,
-4.8294345e-01,-0.00000e+00,8.80000e-01,
-4.8279697e-01,-0.00000e+00,8.80000e-01,
-4.8265049e-01,-0.00000e+00,8.80000e-01,
-4.8250401e-01,-0.00000e+00,8.80000e-01,
-4.8235753e-01,2.00001e-01,8.80000e-01,
-4.8221105e-01,-0.00000e+00,8.80000e-01,
-4.8206457e-01,-0.00000e+00,8.80000e-01,
-4.8191810e-01,2.00001e-01,9.20000e-01,
-4.8177162e-01,-0.00000e+00,8.80000e-01,
-4.8162514e-01,-0.00000e+00,8.80000e-01,
-4.8147866e-01,-0.00000e+00,8.80000e-01,
-4.8133218e-01,2.00001e-01,9.20000e-01,
-4.8118570e-01,2.00001e-01,8.80000e-01,
-4.8103923e-01,-0.00000e+00,8.80000e-01,
-4.8089275e-01,2.00001e-01,8.80000e-01,
-4.8074627e-01,-0.00000e+00,8.80000e-01,
-4.8059979e-01,-0.00000e+00,8.80000e-01,
-4.8045331e-01,2.00001e-01,8.40000e-01,
-4.8030683e-01,-0.00000e+00,8.80000e-01,
-4.8016036e-01,-0.00000e+00,8.80000e-01,
-4.8001388e-01,-0.00000e+00,8.80000e-01,
-4.7986740e-01,-0.00000e+00,8.80000e-01,
-4.7972092e-01,-0.00000e+00,8.80000e-01,
-4.7957444e-01,2.00001e-01,8.80000e-01,
-4.7942796e-01,-0.00000e+00,8.80000e-01,
-4.7928149e-01,-0.00000e+00,8.80000e-01,
-4.7913501e-01,-0.00000e+00,8.80000e-01,
-4.7898853e-01,2.00001e-01,8.80000e-01,
-4.7884205e-01,-0.00000e+00,8.80000e-01,
-4.7869557e-01,2.00001e-01,8.80000e-01,
-4.7854909e-01,-0.00000e+00,8.80000e-01,
-4.7840261e-01,-0.00000e+00,8.80000e-01,
-4.7825614e-01,2.00001e-01,8.80000e-01,
-4.7810966e-01,-0.00000e+00,8.80000e-01,
-4.7796318e-01,-0.00000e+00,8.40000e-01,
-4.7781670e-01,-0.00000e+00,8.80000e-01,
-4.7767022e-01,-0.00000e+00,8.40000e-01,
-4.7752374e-01,-0.00000e+00,8.80000e-01,
-4.7737727e-01,-0.00000e+00,8.80000e-01,
-4.7723079e-01,-0.00000e+00,8.80000e-01,
-4.7708431e-01,-0.00000e+00,8.80000e-01,
-4.7693783e-01,-0.00000e+00,8.80000e-01,
-4.7679135e-01,-0.00000e+00,8.80000e-01,
-4.7664487e-01,2.00001e-01,8.80000e-01,
-4.7649840e-01,2.00001e-01,8.80000e-01,
-4.7635192e-01,-0.00000e+00,8.80000e-01,
-4.7620544e-01,-0.00000e+00,8.80000e-01,
-4.7605896e-01,-0.00000e+00,8.80000e-01,
-4.7591248e-01,-0.00000e+00,8.80000e-01,
-4.7576600e-01,2.00001e-01,8.40000e-01,
-4.7561952e-01,-0.00000e+00,8.80000e-01,
-4.7547305e-01,-0.00000e+00,8.80000e-01,
-4.7532657e-01,2.00001e-01,8.80000e-01,
-4.7518009e-01,-0.00000e+00,8.80000e-01,
-4.7503361e-01,-0.00000e+00,8.80000e-01,
-4.7488713e-01,-0.00000e+00,8.80000e-01,
-4.7474065e-01,-0.00000e+00,8.80000e-01,
-4.7459418e-01,-0.00000e+00,8.80000e-01,
-4.7444770e-01,2.00001e-01,8.80000e-01,
-4.7430122e-01,-0.00000e+00,8.80000e-01,
-4.7415474e-01,-0.00000e+00,8.80000e-01,
-4.7400826e-01,-0.00000e+00,8.80000e-01,
-4.7386178e-01,-0.00000e+00,8.80000e-01,
-4.7371531e-01,-0.00000e+00,8.80000e-01,
-4.7356883e-01,-0.00000e+00,8.80000e-01,
-4.7342235e-01,-0.00000e+00,8.80000e-01,
-4.7327587e-01,-0.00000e+00,8.80000e-01,
-4.7312939e-01,2.00001e-01,8.40000e-01,
-4.7298291e-01,-0.00000e+00,8.80000e-01,
-4.7283643e-01,2.00001e-01,8.40000e-01,
-4.7268996e-01,-0.00000e+00,8.80000e-01,
-4.7254348e-01,2.00001e-01,8.80000e-01,
-4.7239700e-01,-0.00000e+00,8.80000e-01,
-4.7225052e-01,-0.00000e+00,8.80000e-01,
-4.7210404e-01,2.00001e-01,8.80000e-01,
-4.7195756e-01,-0.00000e+00,8.80000e-01,
-4.7181109e-01,2.00001e-01,8.80000e-01,
-4.7166461e-01,2.00001e-01,9.20000e-01,
-4.7151813e-01,-0.00000e+00,8.80000e-01,
-4.7137165e-01,-0.00000e+00,8.80000e-01,
-4.7122517e-01,2.00001e-01,8.80000e-01,
-4.7107869e-01,-0.00000e+00,8.80000e-01,
-4.7093222e-01,-0.00000e+00,8.40000e-01,
-4.7078574e-01,-0.00000e+00,8.80000e-01,
-4.7063926e-01,-0.00000e+00,8.80000e-01,
-4.7049278e-01,-0.00000e+00,8.80000e-01,
-4.7034630e-01,-0.00000e+00,8.80000e-01,
-4.7019982e-01,2.00001e-01,8.80000e-01,
-4.7005334e-01,2.00001e-01,8.80000e-01,
-4.6990687e-01,-0.00000e+00,8.80000e-01,
-4.6976039e-01,-0.00000e+00,8.80000e-01,
-4.6961391e-01,2.00001e-01,8.80000e-01,
-4.6946743e-01,-0.00000e+00,8.80000e-01,
-4.6932095e-01,-0.00000e+00,8.80000e-01,
-4.6917447e-01,5.00000e+00,8.40000e-01,
-4.6902800e-01,-0.00000e+00,9.20000e-01,
-4.6888152e-01,-0.00000e+00,8.80000e-01,
-4.6873504e-01,-0.00000e+00,8.80000e-01,
-4.6858856e-01,-0.00000e+00,8.80000e-01,
-4.6844208e-01,-0.00000e+00,9.20000e-01,
-4.6829560e-01,-0.00000e+00,8.80000e-01,
-4.6814913e-01,2.00001e-01,8.80000e-01,
-4.6800265e-01,-0.00000e+00,8.80000e-01,
-4.6785617e-01,-0.00000e+00,8.40000e-01,
-4.6770969e-01,2.00001e-01,8.80000e-01,
-4.6756321e-01,-0.00000e+00,8.80000e-01,
-4.6741673e-01,2.00001e-01,8.80000e-01,
-4.6727026e-01,-0.00000e+00,9.20000e-01,
-4.6712378e-01,2.00001e-01,8.80000e-01,
-4.6697730e-01,-0.00000e+00,9.20000e-01,
-4.6683082e-01,-0.00000e+00,8.80000e-01,
-4.6668434e-01,2.00001e-01,8.80000e-01,
-4.6653786e-01,2.00001e-01,9.20000e-01,
-4.6639138e-01,-0.00000e+00,8.80000e-01,
-4.6624491e-01,2.00001e-01,8.80000e-01,
-4.6609843e-01,-0.00000e+00,8.80000e-01,
-4.6595195e-01,-0.00000e+00,8.80000e-01,
-4.6580547e-01,-0.00000e+00,8.80000e-01,
-4.6565899e-01,-0.00000e+00,9.20000e-01,
-4.6551251e-01,-0.00000e+00,8.80000e-01,
-4.6536604e-01,-0.00000e+00,8.80000e-01,
-4.6521956e-01,-0.00000e+00,8.80000e-01,
-4.6507308e-01,-0.00000e+00,8.80000e-01,
-4.6492660e-01,-0.00000e+00,8.80000e-01,
-4.6478012e-01,2.00001e-01,8.80000e-01,
-4.6463364e-01,2.00001e-01,9.20000e-01,
-4.6448717e-01,-0.00000e+00,8.80000e-01,
-4.6434069e-01,2.00001e-01,8.80000e-01,
-4.6419421e-01,-0.00000e+00,8.80000e-01,
-4.6404773e-01,2.00001e-01,9.20000e-01,
-4.6390125e-01,2.00001e-01,9.20000e-01,
-4.6375477e-01,-0.00000e+00,8.80000e-01,
-4.6360829e-01,-0.00000e+00,9.20000e-01,
-4.6346182e-01,2.00001e-01,8.80000e-01,
-4.6331534e-01,-0.00000e+00,9.20000e-01,
-4.6316886e-01,2.00001e-01,9.20000e-01,
-4.6302238e-01,-0.00000e+00,8.80000e-01,
-4.6287590e-01,-0.00000e+00,8.80000e-01,
-4.6272942e-01,2.00001e-01,9.20000e-01,
-4.6258295e-01,-0.00000e+00,8.80000e-01,
-4.6243647e-01,2.00001e-01,8.80000e-01,
-4.6228999e-01,2.00001e-01,9.20000e-01,
-4.6214351e-01,-0.00000e+00,8.80000e-01,
-4.6199703e-01,-0.00000e+00,9.20000e-01,
-4.6185055e-01,2.00001e-01,8.80000e-01,
-4.6170408e-01,2.00001e-01,9.20000e-01,
-4.6155760e-01,-0.00000e+00,9.20000e-01,
-4.6141112e-01,-0.00000e+00,8.80000e-01,
-4.6126464e-01,-0.00000e+00,8.80000e-01,
-4.6111816e-01,-0.00000e+00,9.20000e-01,
-4.6097168e-01,-0.00000e+00,9.20000e-01,
-4.6082520e-01,2.00001e-01,9.20000e-01,
-4.6067873e-01,2.00001e-01,9.20000e-01,
-4.6053225e-01,-0.00000e+00,8.80000e-01,
-4.6038577e-01,-0.00000e+00,9.20000e-01,
-4.6023929e-01,-0.00000e+00,9.20000e-01,
-4.6009281e-01,2.00001e-01,9.20000e-01,
-4.5994633e-01,-0.00000e+00,9.20000e-01,
-4.5979986e-01,2.00001e-01,9.20000e-01,
-4.5965338e-01,2.00001e-01,9.20000e-01,
-4.5950690e-01,-0.00000e+00,9.20000e-01,
-4.5936042e-01,-0.00000e+00,8.80000e-01,
-4.5921394e-01,5.20000e+00,9.20000e-01,
-4.5906746e-01,-0.00000e+00,9.20000e-01,
-4.5892099e-01,-0.00000e+00,9.20000e-01,
-4.5877451e-01,-0.00000e+00,9.20000e-01,
-4.5862803e-01,-0.00000e+00,9.20000e-01,
-4.5848155e-01,-0.00000e+00,9.20000e-01,
-4.5833507e-01,-0.00000e+00,9.20000e-01,
-4.5818859e-01,2.00001e-01,9.20000e-01,
-4.5804211e-01,-0.00000e+00,9.20000e-01,
-4.5789564e-01,-0.00000e+00,9.20000e-01,
-4.5774916e-01,-0.00000e+00,9.20000e-01,
-4.5760268e-01,-0.00000e+00,9.20000e-01,
-4.5745620e-01,-0.00000e+00,9.20000e-01,
-4.5730972e-01,-2.00001e-01,8.80000e-01,
-4.5716324e-01,2.00001e-01,9.20000e-01,
-4.5701677e-01,2.00001e-01,8.80000e-01,
-4.5687029e-01,-0.00000e+00,9.20000e-01,
-4.5672381e-01,-0.00000e+00,9.20000e-01,
-4.5657733e-01,2.00001e-01,9.20000e-01,
-4.5643085e-01,2.00001e-01,9.20000e-01,
-4.5628437e-01,-0.00000e+00,9.20000e-01,
-4.5613790e-01,2.00001e-01,9.20000e-01,
-4.5599142e-01,2.00001e-01,9.20000e-01,
-4.5584494e-01,-0.00000e+00,9.20000e-01,
-4.5569846e-01,2.00001e-01,9.20000e-01,
-4.5555198e-01,-0.00000e+00,9.20000e-01,
-4.5540550e-01,-0.00000e+00,9.20000e-01,
-4.5525903e-01,-0.00000e+00,9.20000e-01,
-4.5511255e-01,2.00001e-01,9.20000e-01,
-4.5496607e-01,-0.00000e+00,9.20000e-01,
-4.5481959e-01,-0.00000e+00,9.20000e-01,
-4.5467311e-01,-0.00000e+00,9.20000e-01,
-4.5452663e-01,-0.00000e+00,9.20000e-01,
-4.5438015e-01,-0.00000e+00,9.20000e-01,
-4.5423368e-01,-0.00000e+00,9.20000e-01,
-4.5408720e-01,-0.00000e+00,9.20000e-01,
-4.5394072e-01,-0.00000e+00,9.20000e-01,
-4.5379424e-01,2.00001e-01,9.20000e-01,
-4.5364776e-01,-0.00000e+00,9.20000e-01,
-4.5350128e-01,2.00001e-01,9.20000e-01,
-4.5335481e-01,-0.00000e+00,9.20000e-01,
-4.5320833e-01,2.00001e-01,9.20000e-01,
-4.5306185e-01,-0.00000e+00,9.20000e-01,
-4.5291537e-01,-0.00000e+00,9.20000e-01,
-4.5276889e-01,-0.00000e+00,9.20000e-01,
-4.5262241e-01,-0.00000e+00,9.20000e-01,
-4.5247594e-01,-0.00000e+00,9.20000e-01,
-4.5232946e-01,-0.00000e+00,9.20000e-01,
-4.5218298e-01,2.00001e-01,9.20000e-01,
-4.5203650e-01,-0.00000e+00,9.20000e-01,
-4.5189002e-01,-0.00000e+00,9.20000e-01,
-4.5174354e-01,-0.00000e+00,9.20000e-01,
-4.5159706e-01,-0.00000e+00,9.20000e-01,
-4.5145059e-01,-0.00000e+00,9.20000e-01,
-4.5130411e-01,-0.00000e+00,9.20000e-01,
-4.5115763e-01,2.00001e-01,9.20000e-01,
-4.5101115e-01,-0.00000e+00,9.20000e-01,
-4.5086467e-01,2.00001e-01,9.20000e-01,
-4.5071819e-01,-0.00000e+00,9.20000e-01,
-4.5057172e-01,-0.00000e+00,9.20000e-01,
-4.5042524e-01,2.00001e-01,9.20000e-01,
-4.5027876e-01,-0.00000e+00,9.20000e-01,
-4.5013228e-01,-0.00000e+00,9.20000e-01,
-4.4998580e-01,2.00001e-01,9.20000e-01,
-4.4983932e-01,2.00001e-01,9.20000e-01,
-4.4969285e-01,-0.00000e+00,9.20000e-01,
-4.4954637e-01,-0.00000e+00,9.20000e-01,
-4.4939989e-01,2.00001e-01,9.20000e-01,
-4.4925341e-01,-0.00000e+00,9.20000e-01,
-4.4910693e-01,-0.00000e+00,9.20000e-01,
-4.4896045e-01,2.00001e-01,9.20000e-01,
-4.4881397e-01,2.00001e-01,9.20000e-01,
-4.4866750e-01,-0.00000e+00,9.20000e-01,
-4.4852102e-01,2.00001e-01,9.20000e-01,
-4.4837454e-01,-0.00000e+00,9.20000e-01,
-4.4822806e-01,2.00001e-01,9.20000e-01,
-4.4808158e-01,2.00001e-01,9.20000e-01,
-4.4793510e-01,2.00001e-01,9.20000e-01,
-4.4778863e-01,2.00001e-01,9.60000e-01,
-4.4764215e-01,-0.00000e+00,9.20000e-01,
-4.4749567e-01,2.00001e-01,9.20000e-01,
-4.4734919e-01,2.00001e-01,9.20000e-01,
-4.4720271e-01,-0.00000e+00,9.20000e-01,
-4.4705623e-01,2.00001e-01,9.20000e-01,
-4.4690976e-01,2.00001e-01,9.20000e-01,
-4.4676328e-01,-0.00000e+00,1.00000e+00,
-4.4661680e-01,2.00001e-01,9.20000e-01,
-4.4647032e-01,-0.00000e+00,9.20000e-01,
-4.4632384e-01,-0.00000e+00,9.20000e-01,
-4.4617736e-01,2.00001e-01,9.60000e-01,
-4.4603088e-01,-0.00000e+00,9.20000e-01,
-4.4588441e-01,-0.00000e+00,9.20000e-01,
-4.4573793e-01,-0.00000e+00,9.20000e-01,
-4.4559145e-01,-0.00000e+00,9.20000e-01,
-4.4544497e-01,-0.00000e+00,1.00000e+00,
-4.4529849e-01,2.00001e-01,9.60000e-01,
-4.4515201e-01,-0.00000e+00,1.00000e+00,
-4.4500554e-01,-0.00000e+00,9.20000e-01,
-4.4485906e-01,2.00001e-01,9.20000e-01,
-4.4471258e-01,2.00001e-01,1.00000e+00,
-4.4456610e-01,2.00001e-01,9.60000e-01,
-4.4441962e-01,-0.00000e+00,9.20000e-01,
-4.4427314e-01,-0.00000e+00,9.60000e-01,
-4.4412667e-01,-0.00000e+00,9.20000e-01,
-4.4398019e-01,-0.00000e+00,9.60000e-01,
-4.4383371e-01,-0.00000e+00,9.20000e-01,
-4.4368723e-01,2.00001e-01,9.60000e-01,
-4.4354075e-01,-0.00000e+00,9.60000e-01,
-4.4339427e-01,2.00001e-01,9.20000e-01,
-4.4324780e-01,-0.00000e+00,1.00000e+00,
-4.4310132e-01,-0.00000e+00,9.20000e-01,
-4.4295484e-01,2.00001e-01,1.00000e+00,
-4.4280836e-01,2.00001e-01,9.60000e-01,
-4.4266188e-01,-0.00000e+00,1.00000e+00,
-4.4251540e-01,2.00001e-01,1.00000e+00,
-4.4236892e-01,-0.00000e+00,9.60000e-01,
-4.4222245e-01,2.00001e-01,9.20000e-01,
-4.4207597e-01,2.00001e-01,1.00000e+00,
-4.4192949e-01,-0.00000e+00,9.60000e-01,
-4.4178301e-01,-0.00000e+00,9.60000e-01,
-4.4163653e-01,-0.00000e+00,1.00000e+00,
-4.4149005e-01,-0.00000e+00,9.60000e-01,
-4.4134358e-01,-0.00000e+00,9.60000e-01,
-4.4119710e-01,-0.00000e+00,1.00000e+00,
-4.4105062e-01,-0.00000e+00,1.00000e+00,
-4.4090414e-01,-0.00000e+00,1.00000e+00,
-4.4075766e-01,-0.00000e+00,1.00000e+00,
-4.4061118e-01,-0.00000e+00,1.00000e+00,
-4.4046471e-01,-0.00000e+00,1.00000e+00,
-4.4031823e-01,-0.00000e+00,9.60000e-01,
-4.4017175e-01,-0.00000e+00,1.00000e+00,
-4.4002527e-01,-0.00000e+00,1.00000e+00,
-4.3987879e-01,2.00001e-01,1.00000e+00,
-4.3973231e-01,-0.00000e+00,9.60000e-01,
-4.3958583e-01,-0.00000e+00,1.00000e+00,
-4.3943936e-01,-0.00000e+00,1.00000e+00,
-4.3929288e-01,-0.00000e+00,1.00000e+00,
-4.3914640e-01,2.00001e-01,1.00000e+00,
-4.3899992e-01,-0.00000e+00,1.00000e+00,
-4.3885344e-01,-0.00000e+00,1.00000e+00,
-4.3870696e-01,2.00001e-01,9.60000e-01,
-4.3856049e-01,2.00001e-01,1.00000e+00,
-4.3841401e-01,-0.00000e+00,1.00000e+00,
-4.3826753e-01,-0.00000e+00,1.04000e+00,
-4.3812105e-01,2.00001e-01,1.00000e+00,
-4.3797457e-01,-0.00000e+00,1.04000e+00,
-4.3782809e-01,2.00001e-01,1.00000e+00,
-4.3768162e-01,-0.00000e+00,1.00000e+00,
-4.3753514e-01,-0.00000e+00,1.04000e+00,
-4.3738866e-01,2.00001e-01,1.04000e+00,
-4.3724218e-01,2.00001e-01,1.00000e+00,
-4.3709570e-01,2.00001e-01,1.00000e+00,
-4.3694922e-01,-0.00000e+00,1.00000e+00,
-4.3680274e-01,-0.00000e+00,1.04000e+00,
-4.3665627e-01,-0.00000e+00,1.04000e+00,
-4.3650979e-01,-0.00000e+00,1.00000e+00,
-4.3636331e-01,-0.00000e+00,1.04000e+00,
-4.3621683e-01,-0.00000e+00,1.00000e+00,
-4.3607035e-01,-0.00000e+00,1.00000e+00,
-4.3592387e-01,2.00001e-01,1.04000e+00,
-4.3577740e-01,-0.00000e+00,1.00000e+00,
-4.3563092e-01,-0.00000e+00,1.00000e+00,
-4.3548444e-01,-0.00000e+00,1.04000e+00,
-4.3533796e-01,-0.00000e+00,1.00000e+00,
-4.3519148e-01,-0.00000e+00,1.00000e+00,
-4.3504500e-01,2.00001e-01,1.04000e+00,
-4.3489853e-01,2.00001e-01,1.04000e+00,
-4.3475205e-01,2.00001e-01,1.00000e+00,
-4.3460557e-01,2.00001e-01,1.04000e+00,
-4.3445909e-01,-0.00000e+00,1.04000e+00,
-4.3431261e-01,-0.00000e+00,1.04000e+00,
-4.3416613e-01,2.00001e-01,1.04000e+00,
-4.3401965e-01,2.00001e-01,1.04000e+00,
-4.3387318e-01,-0.00000e+00,1.00000e+00,
-4.3372670e-01,2.00001e-01,1.04000e+00,
-4.3358022e-01,2.00001e-01,1.04000e+00,
-4.3343374e-01,2.00001e-01,1.00000e+00,
-4.3328726e-01,-0.00000e+00,1.04000e+00,
-4.3314078e-01,-0.00000e+00,1.04000e+00,
-4.3299431e-01,-0.00000e+00,1.04000e+00,
-4.3284783e-01,2.00001e-01,1.04000e+00,
-4.3270135e-01,2.00001e-01,1.04000e+00,
-4.3255487e-01,2.00001e-01,1.04000e+00,
-4.3240839e-01,-0.00000e+00,1.04000e+00,
-4.3226191e-01,2.00001e-01,1.08000e+00,
-4.3211544e-01,-0.00000e+00,1.08000e+00,
-4.3196896e-01,-0.00000e+00,1.04000e+00,
-4.3182248e-01,2.00001e-01,1.04000e+00,
-4.3167600e-01,-0.00000e+00,1.08000e+00,
-4.3152952e-01,-0.00000e+00,1.08000e+00,
-4.3138304e-01,-0.00000e+00,1.08000e+00,
-4.3123657e-01,-0.00000e+00,1.08000e+00,
-4.3109009e-01,-0.00000e+00,1.08000e+00,
-4.3094361e-01,-0.00000e+00,1.04000e+00,
-4.3079713e-01,2.00001e-01,1.04000e+00,
-4.3065065e-01,-0.00000e+00,1.08000e+00,
-4.3050417e-01,-0.00000e+00,1.08000e+00,
-4.3035769e-01,2.00001e-01,1.08000e+00,
-4.3021122e-01,-0.00000e+00,1.08000e+00,
-4.3006474e-01,2.00001e-01,1.08000e+00,
-4.2991826e-01,-0.00000e+00,1.08000e+00,
-4.2977178e-01,-0.00000e+00,1.08000e+00,
-4.2962530e-01,-0.00000e+00,1.08000e+00,
-4.2947882e-01,-0.00000e+00,1.08000e+00,
-4.2933235e-01,-0.00000e+00,1.08000e+00,
-4.2918587e-01,-0.00000e+00,1.08000e+00,
-4.2903939e-01,-0.00000e+00,1.08000e+00,
-4.2889291e-01,2.00001e-01,1.08000e+00,
-4.2874643e-01,-0.00000e+00,1.08000e+00,
-4.2859995e-01,-0.00000e+00,1.08000e+00,
-4.2845348e-01,-0.00000e+00,1.08000e+00,
-4.2830700e-01,-0.00000e+00,1.08000e+00,
-4.2816052e-01,2.00001e-01,1.08000e+00,
-4.2801404e-01,-0.00000e+00,1.08000e+00,
-4.2786756e-01,-0.00000e+00,1.08000e+00,
-4.2772108e-01,-0.00000e+00,1.08000e+00,
-4.2757460e-01,-0.00000e+00,1.08000e+00,
-4.2742813e-01,-0.00000e+00,1.08000e+00,
-4.2728165e-01,-0.00000e+00,1.08000e+00,
-4.2713517e-01,-0.00000e+00,1.08000e+00,
-4.2698869e-01,-0.00000e+00,1.08000e+00,
-4.2684221e-01,-0.00000e+00,1.08000e+00,
-4.2669573e-01,2.00001e-01,1.08000e+00,
-4.2654926e-01,-0.00000e+00,1.08000e+00,
-4.2640278e-01,2.00001e-01,1.08000e+00,
-4.2625630e-01,-0.00000e+00,1.08000e+00,
-4.2610982e-01,-0.00000e+00,1.08000e+00,
-4.2596334e-01,-0.00000e+00,1.08000e+00,
-4.2581686e-01,-0.00000e+00,1.08000e+00,
-4.2567039e-01,-0.00000e+00,1.08000e+00,
-4.2552391e-01,-0.00000e+00,1.08000e+00,
-4.2537743e-01,-0.00000e+00,1.08000e+00,
-4.2523095e-01,2.00001e-01,1.08000e+00,
-4.2508447e-01,-0.00000e+00,1.08000e+00,
-4.2493799e-01,-0.00000e+00,1.08000e+00,
-4.2479151e-01,-0.00000e+00,1.08000e+00,
-4.2464504e-01,-0.00000e+00,1.08000e+00,
-4.2449856e-01,-0.00000e+00,1.08000e+00,
-4.2435208e-01,2.00001e-01,1.08000e+00,
-4.2420560e-01,-0.00000e+00,1.08000e+00,
-4.2405912e-01,-0.00000e+00,1.08000e+00,
-4.2391264e-01,-0.00000e+00,1.08000e+00,
-4.2376617e-01,-0.00000e+00,1.08000e+00,
-4.2361969e-01,2.00001e-01,1.08000e+00,
-4.2347321e-01,2.00001e-01,1.08000e+00,
-4.2332673e-01,-0.00000e+00,1.08000e+00,
-4.2318025e-01,-0.00000e+00,1.08000e+00,
-4.2303377e-01,-0.00000e+00,1.08000e+00,
-4.2288730e-01,-0.00000e+00,1.08000e+00,
-4.2274082e-01,-0.00000e+00,1.08000e+00,
-4.2259434e-01,2.00001e-01,1.08000e+00,
-4.2244786e-01,2.00001e-01,1.08000e+00,
-4.2230138e-01,2.00001e-01,1.08000e+00,
-4.2215490e-01,-0.00000e+00,1.08000e+00,
-4.2200842e-01,2.00001e-01,1.08000e+00,
-4.2186195e-01,2.00001e-01,1.12000e+00,
-4.2171547e-01,-0.00000e+00,1.08000e+00,
-4.2156899e-01,2.00001e-01,1.08000e+00,
-4.2142251e-01,2.00001e-01,1.12000e+00,
-4.2127603e-01,2.00001e-01,1.08000e+00,
-4.2112955e-01,-0.00000e+00,1.12000e+00,
-4.2098308e-01,2.00001e-01,1.12000e+00,
-4.2083660e-01,-0.00000e+00,1.08000e+00,
-4.2069012e-01,2.00001e-01,1.12000e+00,
-4.2054364e-01,2.00001e-01,1.08000e+00,
-4.2039716e-01,-0.00000e+00,1.12000e+00,
-4.2025068e-01,2.00001e-01,1.12000e+00,
-4.2010421e-01,2.00001e-01,1.16000e+00,
-4.1995773e-01,-0.00000e+00,1.12000e+00,
-4.1981125e-01,-0.00000e+00,1.12000e+00,
-4.1966477e-01,-0.00000e+00,1.12000e+00,
-4.1951829e-01,-0.00000e+00,1.12000e+00,
-4.1937181e-01,-0.00000e+00,1.12000e+00,
-4.1922534e-01,-0.00000e+00,1.16000e+00,
-4.1907886e-01,-0.00000e+00,1.12000e+00,
-4.1893238e-01,2.00001e-01,1.12000e+00,
-4.1878590e-01,2.00001e-01,1.16000e+00,
-4.1863942e-01,-0.00000e+00,1.16000e+00,
-4.1849294e-01,-0.00000e+00,1.16000e+00,
-4.1834646e-01,-0.00000e+00,1.16000e+00,
-4.1819999e-01,2.00001e-01,1.16000e+00,
-4.1805351e-01,-0.00000e+00,1.16000e+00,
-4.1790703e-01,2.00001e-01,1.12000e+00,
-4.1776055e-01,-0.00000e+00,1.12000e+00,
-4.1761407e-01,-0.00000e+00,1.16000e+00,
-4.1746759e-01,-0.00000e+00,1.16000e+00,
-4.1732112e-01,-0.00000e+00,1.16000e+00,
-4.1717464e-01,2.00001e-01,1.16000e+00,
-4.1702816e-01,-0.00000e+00,1.12000e+00,
-4.1688168e-01,-0.00000e+00,1.16000e+00,
-4.1673520e-01,2.00001e-01,1.16000e+00,
-4.1658872e-01,-0.00000e+00,1.12000e+00,
-4.1644225e-01,-0.00000e+00,1.16000e+00,
-4.1629577e-01,-0.00000e+00,1.16000e+00,
-4.1614929e-01,-0.00000e+00,1.16000e+00,
-4.1600281e-01,-0.00000e+00,1.16000e+00,
-4.1585633e-01,2.00001e-01,1.16000e+00,
-4.1570985e-01,-0.00000e+00,1.16000e+00,
-4.1556337e-01,-0.00000e+00,1.16000e+00,
-4.1541690e-01,-0.00000e+00,1.16000e+00,
-4.1527042e-01,-0.00000e+00,1.16000e+00,
-4.1512394e-01,-0.00000e+00,1.16000e+00,
-4.1497746e-01,-0.00000e+00,1.16000e+00,
-4.1483098e-01,-0.00000e+00,1.16000e+00,
-4.1468450e-01,-0.00000e+00,1.16000e+00,
-4.1453803e-01,-0.00000e+00,1.16000e+00,
-4.1439155e-01,-0.00000e+00,1.16000e+00,
-4.1424507e-01,2.00001e-01,1.16000e+00,
-4.1409859e-01,-0.00000e+00,1.20000e+00,
-4.1395211e-01,2.00001e-01,1.16000e+00,
-4.1380563e-01,-0.00000e+00,1.16000e+00,
-4.1365916e-01,-0.00000e+00,1.16000e+00,
-4.1351268e-01,-0.00000e+00,1.16000e+00,
-4.1336620e-01,-0.00000e+00,1.20000e+00,
-4.1321972e-01,-0.00000e+00,1.20000e+00,
-4.1307324e-01,-0.00000e+00,1.20000e+00,
-4.1292676e-01,-0.00000e+00,1.16000e+00,
-4.1278028e-01,-0.00000e+00,1.16000e+00,
-4.1263381e-01,-0.00000e+00,1.20000e+00,
-4.1248733e-01,-0.00000e+00,1.16000e+00,
-4.1234085e-01,-0.00000e+00,1.16000e+00,
-4.1219437e-01,-0.00000e+00,1.20000e+00,
-4.1204789e-01,-0.00000e+00,1.20000e+00,
-4.1190141e-01,-0.00000e+00,1.20000e+00,
-4.1175494e-01,-0.00000e+00,1.20000e+00,
-4.1160846e-01,-0.00000e+00,1.20000e+00,
-4.1146198e-01,-0.00000e+00,1.20000e+00,
-4.1131550e-01,-0.00000e+00,1.20000e+00,
-4.1116902e-01,-0.00000e+00,1.20000e+00,
-4.1102254e-01,-0.00000e+00,1.20000e+00,
-4.1087607e-01,2.00001e-01,1.20000e+00,
-4.1072959e-01,-0.00000e+00,1.20000e+00,
-4.1058311e-01,2.00001e-01,1.20000e+00,
-4.1043663e-01,2.00001e-01,1.20000e+00,
-4.1029015e-01,2.00001e-01,1.24000e+00,
-4.1014367e-01,-0.00000e+00,1.20000e+00,
-4.0999720e-01,-0.00000e+00,1.20000e+00,
-4.0985072e-01,-0.00000e+00,1.20000e+00,
-4.0970424e-01,-0.00000e+00,1.16000e+00,
-4.0955776e-01,-0.00000e+00,1.24000e+00,
-4.0941128e-01,2.00001e-01,1.24000e+00,
-4.0926480e-01,2.00001e-01,1.24000e+00,
-4.0911832e-01,-0.00000e+00,1.24000e+00,
-4.0897185e-01,-0.00000e+00,1.20000e+00,
-4.0882537e-01,2.00001e-01,1.20000e+00,
-4.0867889e-01,2.00001e-01,1.20000e+00,
-4.0853241e-01,-0.00000e+00,1.20000e+00,
-4.0838593e-01,2.00001e-01,1.24000e+00,
-4.0823945e-01,-0.00000e+00,1.24000e+00,
-4.0809298e-01,-0.00000e+00,1.20000e+00,
-4.0794650e-01,2.00001e-01,1.24000e+00,
-4.0780002e-01,-0.00000e+00,1.20000e+00,
-4.0765354e-01,-0.00000e+00,1.20000e+00,
-4.0750706e-01,2.00001e-01,1.24000e+00,
-4.0736058e-01,-0.00000e+00,1.24000e+00,
-4.0721411e-01,2.00001e-01,1.24000e+00,
-4.0706763e-01,-0.00000e+00,1.24000e+00,
-4.0692115e-01,2.00001e-01,1.24000e+00,
-4.0677467e-01,-0.00000e+00,1.24000e+00,
-4.0662819e-01,-0.00000e+00,1.24000e+00,
-4.0648171e-01,-0.00000e+00,1.24000e+00,
-4.0633523e-01,-0.00000e+00,1.24000e+00,
-4.0618876e-01,2.00001e-01,1.24000e+00,
-4.0604228e-01,-0.00000e+00,1.24000e+00,
-4.0589580e-01,-0.00000e+00,1.24000e+00,
-4.0574932e-01,2.00001e-01,1.24000e+00,
-4.0560284e-01,-0.00000e+00,1.24000e+00,
-4.0545636e-01,-0.00000e+00,1.24000e+00,
-4.0530989e-01,-0.00000e+00,1.24000e+00,
-4.0516341e-01,-0.00000e+00,1.24000e+00,
-4.0501693e-01,2.00001e-01,1.24000e+00,
-4.0487045e-01,-0.00000e+00,1.24000e+00,
-4.0472397e-01,2.00001e-01,1.24000e+00,
-4.0457749e-01,-0.00000e+00,1.24000e+00,
-4.0443102e-01,-0.00000e+00,1.24000e+00,
-4.0428454e-01,2.00001e-01,1.24000e+00,
-4.0413806e-01,2.00001e-01,1.24000e+00,
-4.0399158e-01,-0.00000e+00,1.24000e+00,
-4.0384510e-01,2.00001e-01,1.24000e+00,
-4.0369862e-01,-0.00000e+00,1.24000e+00,
-4.0355214e-01,2.00001e-01,1.24000e+00,
-4.0340567e-01,-0.00000e+00,1.24000e+00,
-4.0325919e-01,-0.00000e+00,1.24000e+00,
-4.0311271e-01,2.00001e-01,1.24000e+00,
-4.0296623e-01,-0.00000e+00,1.24000e+00,
-4.0281975e-01,-0.00000e+00,1.24000e+00,
-4.0267327e-01,-0.00000e+00,1.24000e+00,
-4.0252680e-01,-0.00000e+00,1.24000e+00,
-4.0238032e-01,2.00001e-01,1.24000e+00,
-4.0223384e-01,-0.00000e+00,1.24000e+00,
-4.0208736e-01,2.00001e-01,1.24000e+00,
-4.0194088e-01,-0.00000e+00,1.24000e+00,
-4.0179440e-01,-0.00000e+00,1.24000e+00,
-4.0164793e-01,2.00001e-01,1.24000e+00,
-4.0150145e-01,2.00001e-01,1.24000e+00,
-4.0135497e-01,2.00001e-01,1.24000e+00,
-4.0120849e-01,-0.00000e+00,1.24000e+00,
-4.0106201e-01,-0.00000e+00,1.24000e+00,
-4.0091553e-01,-0.00000e+00,1.24000e+00,
-4.0076905e-01,2.00001e-01,1.24000e+00,
-4.0062258e-01,-0.00000e+00,1.28000e+00,
-4.0047610e-01,-0.00000e+00,1.28000e+00,
-4.0032962e-01,2.00001e-01,1.24000e+00,
-4.0018314e-01,-0.00000e+00,1.24000e+00,
-4.0003666e-01,2.00001e-01,1.24000e+00,
-3.9989018e-01,-0.00000e+00,1.28000e+00,
-3.9974371e-01,-0.00000e+00,1.24000e+00,
-3.9959723e-01,-0.00000e+00,1.24000e+00,
-3.9945075e-01,-0.00000e+00,1.28000e+00,
-3.9930427e-01,-0.00000e+00,1.28000e+00,
-3.9915779e-01,-0.00000e+00,1.28000e+00,
-3.9901131e-01,-0.00000e+00,1.28000e+00,
-3.9886484e-01,2.00001e-01,1.28000e+00,
-3.9871836e-01,-0.00000e+00,1.28000e+00,
-3.9857188e-01,2.00001e-01,1.24000e+00,
-3.9842540e-01,2.00001e-01,1.24000e+00,
-3.9827892e-01,2.00001e-01,1.24000e+00,
-3.9813244e-01,-0.00000e+00,1.24000e+00,
-3.9798597e-01,2.00001e-01,1.28000e+00,
-3.9783949e-01,-0.00000e+00,1.32000e+00,
-3.9769301e-01,-0.00000e+00,1.28000e+00,
-3.9754653e-01,-0.00000e+00,1.32000e+00,
-3.9740005e-01,-0.00000e+00,1.24000e+00,
-3.9725357e-01,2.00001e-01,1.28000e+00,
-3.9710709e-01,-0.00000e+00,1.32000e+00,
-3.9696062e-01,-0.00000e+00,1.28000e+00,
-3.9681414e-01,-0.00000e+00,1.24000e+00,
-3.9666766e-01,-0.00000e+00,1.28000e+00,
-3.9652118e-01,2.00001e-01,1.28000e+00,
-3.9637470e-01,-0.00000e+00,1.32000e+00,
-3.9622822e-01,2.00001e-01,1.28000e+00,
-3.9608175e-01,-0.00000e+00,1.28000e+00,
-3.9593527e-01,-0.00000e+00,1.28000e+00,
-3.9578879e-01,-0.00000e+00,1.32000e+00,
-3.9564231e-01,-0.00000e+00,1.32000e+00,
-3.9549583e-01,-0.00000e+00,1.32000e+00,
-3.9534935e-01,-0.00000e+00,1.32000e+00,
-3.9520288e-01,-0.00000e+00,1.32000e+00,
-3.9505640e-01,-0.00000e+00,1.32000e+00,
-3.9490992e-01,2.00001e-01,1.32000e+00,
-3.9476344e-01,-0.00000e+00,1.32000e+00,
-3.9461696e-01,-0.00000e+00,1.32000e+00,
-3.9447048e-01,-0.00000e+00,1.32000e+00,
-3.9432400e-01,-0.00000e+00,1.32000e+00,
-3.9417753e-01,-0.00000e+00,1.32000e+00,
-3.9403105e-01,-0.00000e+00,1.32000e+00,
-3.9388457e-01,-0.00000e+00,1.32000e+00,
-3.9373809e-01,2.00001e-01,1.32000e+00,
-3.9359161e-01,-0.00000e+00,1.32000e+00,
-3.9344513e-01,2.00001e-01,1.32000e+00,
-3.9329866e-01,-0.00000e+00,1.32000e+00,
-3.9315218e-01,2.00001e-01,1.32000e+00,
-3.9300570e-01,-0.00000e+00,1.32000e+00,
-3.9285922e-01,-0.00000e+00,1.32000e+00,
-3.9271274e-01,-0.00000e+00,1.32000e+00,
-3.9256626e-01,2.00001e-01,1.32000e+00,
-3.9241979e-01,2.00001e-01,1.36000e+00,
-3.9227331e-01,-0.00000e+00,1.32000e+00,
-3.9212683e-01,-0.00000e+00,1.36000e+00,
-3.9198035e-01,-0.00000e+00,1.36000e+00,
-3.9183387e-01,-0.00000e+00,1.36000e+00,
-3.9168739e-01,2.00001e-01,1.32000e+00,
-3.9154091e-01,2.00001e-01,1.32000e+00,
-3.9139444e-01,2.00001e-01,1.36000e+00,
-3.9124796e-01,-0.00000e+00,1.36000e+00,
-3.9110148e-01,-0.00000e+00,1.36000e+00,
-3.9095500e-01,2.00001e-01,1.36000e+00,
-3.9080852e-01,-0.00000e+00,1.36000e+00,
-3.9066204e-01,-0.00000e+00,1.36000e+00,
-3.9051557e-01,2.00001e-01,1.36000e+00,
-3.9036909e-01,-0.00000e+00,1.36000e+00,
-3.9022261e-01,2.00001e-01,1.36000e+00,
-3.9007613e-01,-0.00000e+00,1.36000e+00,
-3.8992965e-01,-0.00000e+00,1.32000e+00,
-3.8978317e-01,-0.00000e+00,1.36000e+00,
-3.8963670e-01,2.00001e-01,1.36000e+00,
-3.8949022e-01,-0.00000e+00,1.40000e+00,
-3.8934374e-01,-0.00000e+00,1.36000e+00,
-3.8919726e-01,2.00001e-01,1.40000e+00,
-3.8905078e-01,-0.00000e+00,1.36000e+00,
-3.8890430e-01,2.00001e-01,1.36000e+00,
-3.8875782e-01,-0.00000e+00,1.36000e+00,
-3.8861135e-01,-0.00000e+00,1.36000e+00,
-3.8846487e-01,2.00001e-01,1.36000e+00,
-3.8831839e-01,2.00001e-01,1.36000e+00,
-3.8817191e-01,2.00001e-01,1.36000e+00,
-3.8802543e-01,-0.00000e+00,1.36000e+00,
-3.8787895e-01,-0.00000e+00,1.36000e+00,
-3.8773248e-01,2.00001e-01,1.40000e+00,
-3.8758600e-01,-0.00000e+00,1.36000e+00,
-3.8743952e-01,-0.00000e+00,1.40000e+00,
-3.8729304e-01,-0.00000e+00,1.40000e+00,
-3.8714656e-01,-0.00000e+00,1.40000e+00,
-3.8700008e-01,2.00001e-01,1.40000e+00,
-3.8685361e-01,2.00001e-01,1.36000e+00,
-3.8670713e-01,-0.00000e+00,1.40000e+00,
-3.8656065e-01,2.00001e-01,1.40000e+00,
-3.8641417e-01,-0.00000e+00,1.40000e+00,
-3.8626769e-01,-0.00000e+00,1.40000e+00,
-3.8612121e-01,2.00001e-01,1.40000e+00,
-3.8597474e-01,-0.00000e+00,1.40000e+00,
-3.8582826e-01,2.00001e-01,1.40000e+00,
-3.8568178e-01,-0.00000e+00,1.40000e+00,
-3.8553530e-01,-0.00000e+00,1.40000e+00,
-3.8538882e-01,-0.00000e+00,1.40000e+00,
-3.8524234e-01,-0.00000e+00,1.40000e+00,
-3.8509586e-01,-0.00000e+00,1.40000e+00,
-3.8494939e-01,-0.00000e+00,1.40000e+00,
-3.8480291e-01,-0.00000e+00,1.40000e+00,
-3.8465643e-01,-0.00000e+00,1.40000e+00,
-3.8450995e-01,2.00001e-01,1.40000e+00,
-3.8436347e-01,-0.00000e+00,1.40000e+00,
-3.8421699e-01,-0.00000e+00,1.40000e+00,
-3.8407052e-01,-0.00000e+00,1.40000e+00,
-3.8392404e-01,-0.00000e+00,1.40000e+00,
-3.8377756e-01,2.00001e-01,1.40000e+00,
-3.8363108e-01,-0.00000e+00,1.40000e+00,
-3.8348460e-01,2.00001e-01,1.40000e+00,
-3.8333812e-01,2.00001e-01,1.40000e+00,
-3.8319165e-01,2.00001e-01,1.40000e+00,
-3.8304517e-01,2.00001e-01,1.40000e+00,
-3.8289869e-01,-0.00000e+00,1.40000e+00,
-3.8275221e-01,-0.00000e+00,1.44000e+00,
-3.8260573e-01,2.00001e-01,1.40000e+00,
-3.8245925e-01,2.00001e-01,1.40000e+00,
-3.8231277e-01,2.00001e-01,1.40000e+00,
-3.8216630e-01,-0.00000e+00,1.40000e+00,
-3.8201982e-01,2.00001e-01,1.40000e+00,
-3.8187334e-01,-0.00000e+00,1.40000e+00,
-3.8172686e-01,-0.00000e+00,1.40000e+00,
-3.8158038e-01,-0.00000e+00,1.40000e+00,
-3.8143390e-01,2.00001e-01,1.40000e+00,
-3.8128743e-01,-0.00000e+00,1.40000e+00,
-3.8114095e-01,-0.00000e+00,1.40000e+00,
-3.8099447e-01,2.00001e-01,1.40000e+00,
-3.8084799e-01,2.00001e-01,1.40000e+00,
-3.8070151e-01,-0.00000e+00,1.40000e+00,
-3.8055503e-01,-0.00000e+00,1.44000e+00,
-3.8040856e-01,2.00001e-01,1.40000e+00,
-3.8026208e-01,-0.00000e+00,1.44000e+00,
-3.8011560e-01,-0.00000e+00,1.44000e+00,
-3.7996912e-01,-0.00000e+00,1.40000e+00,
-3.7982264e-01,-0.00000e+00,1.40000e+00,
-3.7967616e-01,2.00001e-01,1.40000e+00,
-3.7952968e-01,2.00001e-01,1.40000e+00,
-3.7938321e-01,-0.00000e+00,1.40000e+00,
-3.7923673e-01,2.00001e-01,1.44000e+00,
-3.7909025e-01,2.00001e-01,1.44000e+00,
-3.7894377e-01,-0.00000e+00,1.44000e+00,
-3.7879729e-01,-0.00000e+00,1.40000e+00,
-3.7865081e-01,-0.00000e+00,1.44000e+00,
-3.7850434e-01,-0.00000e+00,1.48000e+00,
-3.7835786e-01,-0.00000e+00,1.48000e+00,
-3.7821138e-01,-0.00000e+00,1.48000e+00,
-3.7806490e-01,-0.00000e+00,1.48000e+00,
-3.7791842e-01,-0.00000e+00,1.44000e+00,
-3.7777194e-01,-0.00000e+00,1.48000e+00,
-3.7762547e-01,-0.00000e+00,1.44000e+00,
-3.7747899e-01,-0.00000e+00,1.44000e+00,
-3.7733251e-01,2.00001e-01,1.48000e+00,
-3.7718603e-01,-0.00000e+00,1.48000e+00,
-3.7703955e-01,-0.00000e+00,1.48000e+00,
-3.7689307e-01,2.00001e-01,1.48000e+00,
-3.7674659e-01,-0.00000e+00,1.48000e+00,
-3.7660012e-01,2.00001e-01,1.48000e+00,
-3.7645364e-01,-0.00000e+00,1.48000e+00,
-3.7630716e-01,-0.00000e+00,1.48000e+00,
-3.7616068e-01,-0.00000e+00,1.48000e+00,
-3.7601420e-01,-0.00000e+00,1.48000e+00,
-3.7586772e-01,-0.00000e+00,1.48000e+00,
-3.7572125e-01,2.00001e-01,1.48000e+00,
-3.7557477e-01,-0.00000e+00,1.48000e+00,
-3.7542829e-01,-0.00000e+00,1.48000e+00,
-3.7528181e-01,-0.00000e+00,1.48000e+00,
-3.7513533e-01,-0.00000e+00,1.48000e+00,
-3.7498885e-01,-0.00000e+00,1.48000e+00,
-3.7484238e-01,-0.00000e+00,1.48000e+00,
-3.7469590e-01,-0.00000e+00,1.52000e+00,
-3.7454942e-01,-0.00000e+00,1.48000e+00,
-3.7440294e-01,-0.00000e+00,1.48000e+00,
-3.7425646e-01,-0.00000e+00,1.48000e+00,
-3.7410998e-01,2.00001e-01,1.52000e+00,
-3.7396351e-01,2.00001e-01,1.48000e+00,
-3.7381703e-01,-0.00000e+00,1.48000e+00,
-3.7367055e-01,-0.00000e+00,1.48000e+00,
-3.7352407e-01,-0.00000e+00,1.52000e+00,
-3.7337759e-01,-0.00000e+00,1.52000e+00,
-3.7323111e-01,-0.00000e+00,1.48000e+00,
-3.7308463e-01,-0.00000e+00,1.52000e+00,
-3.7293816e-01,-0.00000e+00,1.52000e+00,
-3.7279168e-01,-0.00000e+00,1.52000e+00,
-3.7264520e-01,2.00001e-01,1.48000e+00,
-3.7249872e-01,-0.00000e+00,1.52000e+00,
-3.7235224e-01,-0.00000e+00,1.52000e+00,
-3.7220576e-01,-0.00000e+00,1.52000e+00,
-3.7205929e-01,2.00001e-01,1.52000e+00,
-3.7191281e-01,-0.00000e+00,1.52000e+00,
-3.7176633e-01,-0.00000e+00,1.52000e+00,
-3.7161985e-01,2.00001e-01,1.48000e+00,
-3.7147337e-01,-0.00000e+00,1.52000e+00,
-3.7132689e-01,-0.00000e+00,1.52000e+00,
-3.7118042e-01,-0.00000e+00,1.48000e+00,
-3.7103394e-01,2.00001e-01,1.52000e+00,
-3.7088746e-01,-0.00000e+00,1.48000e+00,
-3.7074098e-01,-0.00000e+00,1.52000e+00,
-3.7059450e-01,-0.00000e+00,1.52000e+00,
-3.7044802e-01,-0.00000e+00,1.56000e+00,
-3.7030154e-01,-0.00000e+00,1.56000e+00,
-3.7015507e-01,-0.00000e+00,1.52000e+00,
-3.7000859e-01,-0.00000e+00,1.52000e+00,
-3.6986211e-01,-0.00000e+00,1.52000e+00,
-3.6971563e-01,-0.00000e+00,1.52000e+00,
-3.6956915e-01,-0.00000e+00,1.52000e+00,
-3.6942267e-01,-0.00000e+00,1.52000e+00,
-3.6927620e-01,2.00001e-01,1.52000e+00,
-3.6912972e-01,-0.00000e+00,1.56000e+00,
-3.6898324e-01,-0.00000e+00,1.52000e+00,
-3.6883676e-01,-0.00000e+00,1.56000e+00,
-3.6869028e-01,-0.00000e+00,1.52000e+00,
-3.6854380e-01,-0.00000e+00,1.56000e+00,
-3.6839733e-01,2.00001e-01,1.52000e+00,
-3.6825085e-01,-0.00000e+00,1.52000e+00,
-3.6810437e-01,-0.00000e+00,1.52000e+00,
-3.6795789e-01,-0.00000e+00,1.56000e+00,
-3.6781141e-01,-0.00000e+00,1.56000e+00,
-3.6766493e-01,-0.00000e+00,1.56000e+00,
-3.6751845e-01,2.00001e-01,1.56000e+00,
-3.6737198e-01,-0.00000e+00,1.56000e+00,
-3.6722550e-01,-0.00000e+00,1.56000e+00,
-3.6707902e-01,-0.00000e+00,1.56000e+00,
-3.6693254e-01,2.00001e-01,1.56000e+00,
-3.6678606e-01,-0.00000e+00,1.56000e+00,
-3.6663958e-01,-0.00000e+00,1.56000e+00,
-3.6649311e-01,-0.00000e+00,1.56000e+00,
-3.6634663e-01,-0.00000e+00,1.56000e+00,
-3.6620015e-01,-0.00000e+00,1.56000e+00,
-3.6605367e-01,2.00001e-01,1.56000e+00,
-3.6590719e-01,2.00001e-01,1.56000e+00,
-3.6576071e-01,-0.00000e+00,1.56000e+00,
-3.6561424e-01,-0.00000e+00,1.56000e+00,
-3.6546776e-01,2.00001e-01,1.56000e+00,
-3.6532128e-01,-0.00000e+00,1.56000e+00,
-3.6517480e-01,-0.00000e+00,1.56000e+00,
-3.6502832e-01,-0.00000e+00,1.56000e+00,
-3.6488184e-01,-0.00000e+00,1.56000e+00,
-3.6473536e-01,-0.00000e+00,1.56000e+00,
-3.6458889e-01,-0.00000e+00,1.56000e+00,
-3.6444241e-01,-0.00000e+00,1.56000e+00,
-3.6429593e-01,-0.00000e+00,1.56000e+00,
-3.6414945e-01,-0.00000e+00,1.56000e+00,
-3.6400297e-01,-0.00000e+00,1.56000e+00,
-3.6385649e-01,-0.00000e+00,1.56000e+00,
-3.6371002e-01,-0.00000e+00,1.56000e+00,
-3.6356354e-01,-0.00000e+00,1.60000e+00,
-3.6341706e-01,2.00001e-01,1.56000e+00,
-3.6327058e-01,-0.00000e+00,1.56000e+00,
-3.6312410e-01,-0.00000e+00,1.56000e+00,
-3.6297762e-01,-0.00000e+00,1.56000e+00,
-3.6283115e-01,-0.00000e+00,1.60000e+00,
-3.6268467e-01,2.00001e-01,1.60000e+00,
-3.6253819e-01,-0.00000e+00,1.60000e+00,
-3.6239171e-01,-0.00000e+00,1.56000e+00,
-3.6224523e-01,-0.00000e+00,1.56000e+00,
-3.6209875e-01,-0.00000e+00,1.56000e+00,
-3.6195228e-01,-0.00000e+00,1.56000e+00,
-3.6180580e-01,-0.00000e+00,1.56000e+00,
-3.6165932e-01,-0.00000e+00,1.56000e+00,
-3.6151284e-01,-0.00000e+00,1.60000e+00,
-3.6136636e-01,-0.00000e+00,1.60000e+00,
-3.6121988e-01,-0.00000e+00,1.60000e+00,
-3.6107340e-01,-0.00000e+00,1.56000e+00,
-3.6092693e-01,2.00001e-01,1.56000e+00,
-3.6078045e-01,-0.00000e+00,1.56000e+00,
-3.6063397e-01,-0.00000e+00,1.56000e+00,
-3.6048749e-01,-0.00000e+00,1.60000e+00,
-3.6034101e-01,2.00001e-01,1.60000e+00,
-3.6019453e-01,-0.00000e+00,1.60000e+00,
-3.6004806e-01,2.00001e-01,1.64000e+00,
-3.5990158e-01,2.00001e-01,1.60000e+00,
-3.5975510e-01,2.00001e-01,1.60000e+00,
-3.5960862e-01,2.00001e-01,1.64000e+00,
-3.5946214e-01,2.00001e-01,1.64000e+00,
-3.5931566e-01,-0.00000e+00,1.64000e+00,
-3.5916919e-01,-0.00000e+00,1.64000e+00,
-3.5902271e-01,-0.00000e+00,1.64000e+00,
-3.5887623e-01,2.00001e-01,1.64000e+00,
-3.5872975e-01,-0.00000e+00,1.60000e+00,
-3.5858327e-01,-0.00000e+00,1.64000e+00,
-3.5843679e-01,2.00001e-01,1.60000e+00,
-3.5829031e-01,-0.00000e+00,1.64000e+00,
-3.5814384e-01,2.00001e-01,1.64000e+00,
-3.5799736e-01,-0.00000e+00,1.64000e+00,
-3.5785088e-01,-0.00000e+00,1.64000e+00,
-3.5770440e-01,-0.00000e+00,1.64000e+00,
-3.5755792e-01,2.00001e-01,1.64000e+00,
-3.5741144e-01,-0.00000e+00,1.64000e+00,
-3.5726497e-01,-0.00000e+00,1.64000e+00,
-3.5711849e-01,-0.00000e+00,1.64000e+00,
-3.5697201e-01,-0.00000e+00,1.64000e+00,
-3.5682553e-01,2.00001e-01,1.64000e+00,
-3.5667905e-01,2.00001e-01,1.64000e+00,
-3.5653257e-01,2.00001e-01,1.64000e+00,
-3.5638610e-01,-0.00000e+00,1.64000e+00,
-3.5623962e-01,2.00001e-01,1.64000e+00,
-3.5609314e-01,-0.00000e+00,1.64000e+00,
-3.5594666e-01,-0.00000e+00,1.64000e+00,
-3.5580018e-01,-0.00000e+00,1.64000e+00,
-3.5565370e-01,-0.00000e+00,1.64000e+00,
-3.5550722e-01,-0.00000e+00,1.64000e+00,
-3.5536075e-01,2.00001e-01,1.64000e+00,
-3.5521427e-01,-0.00000e+00,1.64000e+00,
-3.5506779e-01,-0.00000e+00,1.64000e+00,
-3.5492131e-01,2.00001e-01,1.64000e+00,
-3.5477483e-01,-0.00000e+00,1.64000e+00,
-3.5462835e-01,-0.00000e+00,1.68000e+00,
-3.5448188e-01,-0.00000e+00,1.68000e+00,
-3.5433540e-01,2.00001e-01,1.68000e+00,
-3.5418892e-01,-0.00000e+00,1.64000e+00,
-3.5404244e-01,5.00000e+00,1.64000e+00,
-3.5389596e-01,-0.00000e+00,1.68000e+00,
-3.5374948e-01,-0.00000e+00,1.68000e+00,
-3.5360301e-01,2.00001e-01,1.64000e+00,
-3.5345653e-01,-0.00000e+00,1.68000e+00,
-3.5331005e-01,-0.00000e+00,1.68000e+00,
-3.5316357e-01,-0.00000e+00,1.68000e+00,
-3.5301709e-01,2.00001e-01,1.68000e+00,
-3.5287061e-01,-0.00000e+00,1.72000e+00,
-3.5272413e-01,-0.00000e+00,1.68000e+00,
-3.5257766e-01,2.00001e-01,1.68000e+00,
-3.5243118e-01,-0.00000e+00,1.68000e+00,
-3.5228470e-01,-0.00000e+00,1.68000e+00,
-3.5213822e-01,2.00001e-01,1.68000e+00,
-3.5199174e-01,-0.00000e+00,1.68000e+00,
-3.5184526e-01,-0.00000e+00,1.68000e+00,
-3.5169879e-01,2.00001e-01,1.68000e+00,
-3.5155231e-01,-0.00000e+00,1.72000e+00,
-3.5140583e-01,2.00001e-01,1.72000e+00,
-3.5125935e-01,2.00001e-01,1.68000e+00,
-3.5111287e-01,2.00001e-01,1.68000e+00,
-3.5096639e-01,2.00001e-01,1.68000e+00,
-3.5081992e-01,2.00001e-01,1.72000e+00,
-3.5067344e-01,2.00001e-01,1.72000e+00,
-3.5052696e-01,2.00001e-01,1.72000e+00,
-3.5038048e-01,2.00001e-01,1.68000e+00,
-3.5023400e-01,2.00001e-01,1.72000e+00,
-3.5008752e-01,-0.00000e+00,1.72000e+00,
-3.4994105e-01,-0.00000e+00,1.72000e+00,
-3.4979457e-01,-0.00000e+00,1.68000e+00,
-3.4964809e-01,-0.00000e+00,1.72000e+00,
-3.4950161e-01,-0.00000e+00,1.72000e+00,
-3.4935513e-01,2.00001e-01,1.72000e+00,
-3.4920865e-01,2.00001e-01,1.72000e+00,
-3.4906217e-01,-0.00000e+00,1.68000e+00,
-3.4891570e-01,-0.00000e+00,1.72000e+00,
-3.4876922e-01,-0.00000e+00,1.72000e+00,
-3.4862274e-01,-0.00000e+00,1.72000e+00,
-3.4847626e-01,-0.00000e+00,1.72000e+00,
-3.4832978e-01,-0.00000e+00,1.72000e+00,
-3.4818330e-01,-0.00000e+00,1.72000e+00,
-3.4803683e-01,-0.00000e+00,1.72000e+00,
-3.4789035e-01,-0.00000e+00,1.72000e+00,
-3.4774387e-01,-0.00000e+00,1.72000e+00,
-3.4759739e-01,-0.00000e+00,1.72000e+00,
-3.4745091e-01,2.00001e-01,1.72000e+00,
-3.4730443e-01,-0.00000e+00,1.72000e+00,
-3.4715796e-01,-0.00000e+00,1.72000e+00,
-3.4701148e-01,2.00001e-01,1.72000e+00,
-3.4686500e-01,-0.00000e+00,1.72000e+00,
-3.4671852e-01,-0.00000e+00,1.72000e+00,
-3.4657204e-01,-0.00000e+00,1.72000e+00,
-3.4642556e-01,-0.00000e+00,1.72000e+00,
-3.4627908e-01,-0.00000e+00,1.72000e+00,
-3.4613261e-01,-0.00000e+00,1.72000e+00,
-3.4598613e-01,2.00001e-01,1.72000e+00,
-3.4583965e-01,2.00001e-01,1.72000e+00,
-3.4569317e-01,-0.00000e+00,1.72000e+00,
-3.4554669e-01,-0.00000e+00,1.72000e+00,
-3.4540021e-01,2.00001e-01,1.72000e+00,
-3.4525374e-01,-0.00000e+00,1.72000e+00,
-3.4510726e-01,2.00001e-01,1.72000e+00,
-3.4496078e-01,-0.00000e+00,1.72000e+00,
-3.4481430e-01,-0.00000e+00,1.72000e+00,
-3.4466782e-01,-0.00000e+00,1.72000e+00,
-3.4452134e-01,2.00001e-01,1.72000e+00,
-3.4437487e-01,-0.00000e+00,1.72000e+00,
-3.4422839e-01,2.00001e-01,1.76000e+00,
-3.4408191e-01,2.00001e-01,1.72000e+00,
-3.4393543e-01,-0.00000e+00,1.72000e+00,
-3.4378895e-01,-0.00000e+00,1.72000e+00,
-3.4364247e-01,-0.00000e+00,1.72000e+00,
-3.4349599e-01,-0.00000e+00,1.72000e+00,
-3.4334952e-01,2.00001e-01,1.72000e+00,
-3.4320304e-01,-0.00000e+00,1.72000e+00,
-3.4305656e-01,-0.00000e+00,1.72000e+00,
-3.4291008e-01,-0.00000e+00,1.72000e+00,
-3.4276360e-01,-0.00000e+00,1.72000e+00,
-3.4261712e-01,-0.00000e+00,1.76000e+00,
-3.4247065e-01,-0.00000e+00,1.72000e+00,
-3.4232417e-01,2.00001e-01,1.72000e+00,
-3.4217769e-01,-0.00000e+00,1.76000e+00,
-3.4203121e-01,-0.00000e+00,1.72000e+00,
-3.4188473e-01,2.00001e-01,1.76000e+00,
-3.4173825e-01,2.00001e-01,1.76000e+00,
-3.4159178e-01,-0.00000e+00,1.72000e+00,
-3.4144530e-01,2.00001e-01,1.76000e+00,
-3.4129882e-01,2.00001e-01,1.80000e+00,
-3.4115234e-01,2.00001e-01,1.76000e+00,
-3.4100586e-01,2.00001e-01,1.80000e+00,
-3.4085938e-01,2.00001e-01,1.72000e+00,
-3.4071290e-01,2.00001e-01,1.80000e+00,
-3.4056643e-01,-0.00000e+00,1.76000e+00,
-3.4041995e-01,-0.00000e+00,1.80000e+00,
-3.4027347e-01,2.00001e-01,1.76000e+00,
-3.4012699e-01,2.00001e-01,1.80000e+00,
-3.3998051e-01,2.00001e-01,1.76000e+00,
-3.3983403e-01,-0.00000e+00,1.76000e+00,
-3.3968756e-01,2.00001e-01,1.80000e+00,
-3.3954108e-01,-0.00000e+00,1.80000e+00,
-3.3939460e-01,2.00001e-01,1.80000e+00,
-3.3924812e-01,-0.00000e+00,1.80000e+00,
-3.3910164e-01,-0.00000e+00,1.80000e+00,
-3.3895516e-01,-0.00000e+00,1.80000e+00,
-3.3880869e-01,-0.00000e+00,1.80000e+00,
-3.3866221e-01,-0.00000e+00,1.84000e+00,
-3.3851573e-01,-0.00000e+00,1.80000e+00,
-3.3836925e-01,-0.00000e+00,1.80000e+00,
-3.3822277e-01,-0.00000e+00,1.80000e+00,
-3.3807629e-01,-0.00000e+00,1.80000e+00,
-3.3792982e-01,2.00001e-01,1.80000e+00,
-3.3778334e-01,-0.00000e+00,1.80000e+00,
-3.3763686e-01,5.00000e+00,1.84000e+00,
-3.3749038e-01,-0.00000e+00,1.80000e+00,
-3.3734390e-01,-0.00000e+00,1.80000e+00,
-3.3719742e-01,-0.00000e+00,1.80000e+00,
-3.3705094e-01,2.00001e-01,1.80000e+00,
-3.3690447e-01,-0.00000e+00,1.80000e+00,
-3.3675799e-01,2.00001e-01,1.84000e+00,
-3.3661151e-01,2.00001e-01,1.84000e+00,
-3.3646503e-01,-0.00000e+00,1.80000e+00,
-3.3631855e-01,-0.00000e+00,1.80000e+00,
-3.3617207e-01,-0.00000e+00,1.80000e+00,
-3.3602560e-01,-0.00000e+00,1.80000e+00,
-3.3587912e-01,2.00001e-01,1.80000e+00,
-3.3573264e-01,-0.00000e+00,1.80000e+00,
-3.3558616e-01,-0.00000e+00,1.80000e+00,
-3.3543968e-01,2.00001e-01,1.80000e+00,
-3.3529320e-01,-0.00000e+00,1.88000e+00,
-3.3514673e-01,-0.00000e+00,1.84000e+00,
-3.3500025e-01,-0.00000e+00,1.84000e+00,
-3.3485377e-01,-0.00000e+00,1.84000e+00,
-3.3470729e-01,-0.00000e+00,1.80000e+00,
-3.3456081e-01,-0.00000e+00,1.84000e+00,
-3.3441433e-01,-0.00000e+00,1.84000e+00,
-3.3426785e-01,-0.00000e+00,1.84000e+00,
-3.3412138e-01,-0.00000e+00,1.84000e+00,
-3.3397490e-01,2.00001e-01,1.84000e+00,
-3.3382842e-01,-0.00000e+00,1.84000e+00,
-3.3368194e-01,-0.00000e+00,1.84000e+00,
-3.3353546e-01,2.00001e-01,1.84000e+00,
-3.3338898e-01,-0.00000e+00,1.80000e+00,
-3.3324251e-01,-0.00000e+00,1.88000e+00,
-3.3309603e-01,-0.00000e+00,1.84000e+00,
-3.3294955e-01,-0.00000e+00,1.84000e+00,
-3.3280307e-01,-0.00000e+00,1.84000e+00,
-3.3265659e-01,2.00001e-01,1.84000e+00,
-3.3251011e-01,-0.00000e+00,1.88000e+00,
-3.3236364e-01,-0.00000e+00,1.84000e+00,
-3.3221716e-01,2.00001e-01,1.84000e+00,
-3.3207068e-01,-0.00000e+00,1.84000e+00,
-3.3192420e-01,-0.00000e+00,1.84000e+00,
-3.3177772e-01,-0.00000e+00,1.88000e+00,
-3.3163124e-01,2.00001e-01,1.88000e+00,
-3.3148476e-01,-0.00000e+00,1.88000e+00,
-3.3133829e-01,2.00001e-01,1.88000e+00,
-3.3119181e-01,-0.00000e+00,1.84000e+00,
-3.3104533e-01,-0.00000e+00,1.88000e+00,
-3.3089885e-01,2.00001e-01,1.88000e+00,
-3.3075237e-01,-0.00000e+00,1.88000e+00,
-3.3060589e-01,-0.00000e+00,1.88000e+00,
-3.3045942e-01,-0.00000e+00,1.88000e+00,
-3.3031294e-01,-0.00000e+00,1.88000e+00,
-3.3016646e-01,-0.00000e+00,1.88000e+00,
-3.3001998e-01,2.00001e-01,1.88000e+00,
-3.2987350e-01,-0.00000e+00,1.88000e+00,
-3.2972702e-01,-0.00000e+00,1.84000e+00,
-3.2958055e-01,-0.00000e+00,1.88000e+00,
-3.2943407e-01,-0.00000e+00,1.88000e+00,
-3.2928759e-01,-0.00000e+00,1.88000e+00,
-3.2914111e-01,-0.00000e+00,1.88000e+00,
-3.2899463e-01,-0.00000e+00,1.88000e+00,
-3.2884815e-01,-0.00000e+00,1.88000e+00,
-3.2870167e-01,-0.00000e+00,1.88000e+00,
-3.2855520e-01,-0.00000e+00,1.88000e+00,
-3.2840872e-01,-0.00000e+00,1.88000e+00,
-3.2826224e-01,-0.00000e+00,1.88000e+00,
-3.2811576e-01,2.00001e-01,1.88000e+00,
-3.2796928e-01,-0.00000e+00,1.88000e+00,
-3.2782280e-01,2.00001e-01,1.88000e+00,
-3.2767633e-01,-0.00000e+00,1.88000e+00,
-3.2752985e-01,2.00001e-01,1.88000e+00,
-3.2738337e-01,-0.00000e+00,1.88000e+00,
-3.2723689e-01,-0.00000e+00,1.88000e+00,
-3.2709041e-01,-0.00000e+00,1.88000e+00,
-3.2694393e-01,2.00001e-01,1.88000e+00,
-3.2679746e-01,2.00001e-01,1.88000e+00,
-3.2665098e-01,2.00001e-01,1.88000e+00,
-3.2650450e-01,-0.00000e+00,1.88000e+00,
-3.2635802e-01,2.00001e-01,1.88000e+00,
-3.2621154e-01,-0.00000e+00,1.88000e+00,
-3.2606506e-01,-0.00000e+00,1.88000e+00,
-3.2591859e-01,-0.00000e+00,1.88000e+00,
-3.2577211e-01,-0.00000e+00,1.88000e+00,
-3.2562563e-01,-0.00000e+00,1.88000e+00,
-3.2547915e-01,-0.00000e+00,1.88000e+00,
-3.2533267e-01,-0.00000e+00,1.88000e+00,
-3.2518619e-01,-0.00000e+00,1.88000e+00,
-3.2503971e-01,-0.00000e+00,1.88000e+00,
-3.2489324e-01,-0.00000e+00,1.88000e+00,
-3.2474676e-01,-0.00000e+00,1.96000e+00,
-3.2460028e-01,-0.00000e+00,1.88000e+00,
-3.2445380e-01,-0.00000e+00,1.88000e+00,
-3.2430732e-01,-0.00000e+00,1.88000e+00,
-3.2416084e-01,-0.00000e+00,1.88000e+00,
-3.2401437e-01,2.00001e-01,1.96000e+00,
-3.2386789e-01,-0.00000e+00,1.96000e+00,
-3.2372141e-01,-0.00000e+00,1.96000e+00,
-3.2357493e-01,-0.00000e+00,1.88000e+00,
-3.2342845e-01,2.00001e-01,1.88000e+00,
-3.2328197e-01,-0.00000e+00,1.96000e+00,
-3.2313550e-01,-0.00000e+00,1.96000e+00,
-3.2298902e-01,-0.00000e+00,2.00000e+00,
-3.2284254e-01,-0.00000e+00,1.88000e+00,
-3.2269606e-01,2.00001e-01,1.96000e+00,
-3.2254958e-01,2.00001e-01,1.96000e+00,
-3.2240310e-01,2.00001e-01,1.96000e+00,
-3.2225662e-01,-0.00000e+00,2.00000e+00,
-3.2211015e-01,2.00001e-01,1.96000e+00,
-3.2196367e-01,-0.00000e+00,1.96000e+00,
-3.2181719e-01,-0.00000e+00,1.96000e+00,
-3.2167071e-01,-0.00000e+00,1.96000e+00,
-3.2152423e-01,-0.00000e+00,2.00000e+00,
-3.2137775e-01,2.00001e-01,1.96000e+00,
-3.2123128e-01,2.00001e-01,1.96000e+00,
-3.2108480e-01,2.00001e-01,2.00000e+00,
-3.2093832e-01,-0.00000e+00,1.96000e+00,
-3.2079184e-01,-0.00000e+00,2.00000e+00,
-3.2064536e-01,-0.00000e+00,2.00000e+00,
-3.2049888e-01,-0.00000e+00,2.00000e+00,
-3.2035241e-01,-0.00000e+00,1.96000e+00,
-3.2020593e-01,2.00001e-01,2.00000e+00,
-3.2005945e-01,-0.00000e+00,2.00000e+00,
-3.1991297e-01,-0.00000e+00,2.00000e+00,
-3.1976649e-01,-0.00000e+00,2.00000e+00,
-3.1962001e-01,-0.00000e+00,2.00000e+00,
-3.1947353e-01,-0.00000e+00,2.00000e+00,
-3.1932706e-01,-0.00000e+00,2.00000e+00,
-3.1918058e-01,-0.00000e+00,2.00000e+00,
-3.1903410e-01,-0.00000e+00,2.00000e+00,
-3.1888762e-01,-0.00000e+00,2.00000e+00,
-3.1874114e-01,-0.00000e+00,2.00000e+00,
-3.1859466e-01,-0.00000e+00,2.00000e+00,
-3.1844819e-01,-0.00000e+00,2.00000e+00,
-3.1830171e-01,-0.00000e+00,2.00000e+00,
-3.1815523e-01,-0.00000e+00,2.00000e+00,
-3.1800875e-01,-0.00000e+00,2.00000e+00,
-3.1786227e-01,2.00001e-01,2.00000e+00,
-3.1771579e-01,-0.00000e+00,2.00000e+00,
-3.1756932e-01,-0.00000e+00,2.00000e+00,
-3.1742284e-01,-0.00000e+00,2.00000e+00,
-3.1727636e-01,-0.00000e+00,2.04000e+00,
-3.1712988e-01,-0.00000e+00,2.04000e+00,
-3.1698340e-01,-0.00000e+00,2.00000e+00,
-3.1683692e-01,-0.00000e+00,2.04000e+00,
-3.1669044e-01,-0.00000e+00,2.00000e+00,
-3.1654397e-01,-0.00000e+00,2.00000e+00,
-3.1639749e-01,-0.00000e+00,2.04000e+00,
-3.1625101e-01,-0.00000e+00,2.00000e+00,
-3.1610453e-01,-0.00000e+00,2.04000e+00,
-3.1595805e-01,-0.00000e+00,2.04000e+00,
-3.1581157e-01,2.00001e-01,2.04000e+00,
-3.1566510e-01,2.00001e-01,2.04000e+00,
-3.1551862e-01,-0.00000e+00,2.04000e+00,
-3.1537214e-01,-0.00000e+00,2.04000e+00,
-3.1522566e-01,-0.00000e+00,2.04000e+00,
-3.1507918e-01,-0.00000e+00,2.04000e+00,
-3.1493270e-01,2.00001e-01,2.04000e+00,
-3.1478623e-01,-0.00000e+00,2.04000e+00,
-3.1463975e-01,-0.00000e+00,2.04000e+00,
-3.1449327e-01,2.00001e-01,2.04000e+00,
-3.1434679e-01,-0.00000e+00,2.04000e+00,
-3.1420031e-01,-0.00000e+00,2.04000e+00,
-3.1405383e-01,-0.00000e+00,2.04000e+00,
-3.1390736e-01,-0.00000e+00,2.04000e+00,
-3.1376088e-01,2.00001e-01,2.04000e+00,
-3.1361440e-01,2.00001e-01,2.04000e+00,
-3.1346792e-01,-0.00000e+00,2.04000e+00,
-3.1332144e-01,-0.00000e+00,2.04000e+00,
-3.1317496e-01,2.00001e-01,2.04000e+00,
-3.1302848e-01,-0.00000e+00,2.04000e+00,
-3.1288201e-01,-0.00000e+00,2.04000e+00,
-3.1273553e-01,-0.00000e+00,2.08000e+00,
-3.1258905e-01,-0.00000e+00,2.04000e+00,
-3.1244257e-01,-0.00000e+00,2.08000e+00,
-3.1229609e-01,-0.00000e+00,2.08000e+00,
-3.1214961e-01,-0.00000e+00,2.04000e+00,
-3.1200314e-01,-0.00000e+00,2.08000e+00,
-3.1185666e-01,-0.00000e+00,2.08000e+00,
-3.1171018e-01,-0.00000e+00,2.08000e+00,
-3.1156370e-01,-0.00000e+00,2.08000e+00,
-3.1141722e-01,-0.00000e+00,2.08000e+00,
-3.1127074e-01,-0.00000e+00,2.08000e+00,
-3.1112427e-01,-0.00000e+00,2.08000e+00,
-3.1097779e-01,-0.00000e+00,2.08000e+00,
-3.1083131e-01,-0.00000e+00,2.08000e+00,
-3.1068483e-01,-0.00000e+00,2.08000e+00,
-3.1053835e-01,-0.00000e+00,2.04000e+00,
-3.1039187e-01,-0.00000e+00,2.08000e+00,
-3.1024539e-01,-0.00000e+00,2.08000e+00,
-3.1009892e-01,2.00001e-01,2.08000e+00,
-3.0995244e-01,-0.00000e+00,2.08000e+00,
-3.0980596e-01,-0.00000e+00,2.08000e+00,
-3.0965948e-01,-0.00000e+00,2.08000e+00,
-3.0951300e-01,-0.00000e+00,2.08000e+00,
-3.0936652e-01,-0.00000e+00,2.08000e+00,
-3.0922005e-01,-0.00000e+00,2.08000e+00,
-3.0907357e-01,-0.00000e+00,2.08000e+00,
-3.0892709e-01,-0.00000e+00,2.08000e+00,
-3.0878061e-01,-0.00000e+00,2.08000e+00,
-3.0863413e-01,-0.00000e+00,2.08000e+00,
-3.0848765e-01,-0.00000e+00,2.08000e+00,
-3.0834118e-01,2.00001e-01,2.08000e+00,
-3.0819470e-01,-0.00000e+00,2.08000e+00,
-3.0804822e-01,-0.00000e+00,2.08000e+00,
-3.0790174e-01,2.00001e-01,2.08000e+00,
-3.0775526e-01,-0.00000e+00,2.08000e+00,
-3.0760878e-01,-0.00000e+00,2.08000e+00,
-3.0746230e-01,-0.00000e+00,2.08000e+00,
-3.0731583e-01,-0.00000e+00,2.08000e+00,
-3.0716935e-01,-0.00000e+00,2.08000e+00,
-3.0702287e-01,-0.00000e+00,2.08000e+00,
-3.0687639e-01,-0.00000e+00,2.08000e+00,
-3.0672991e-01,-0.00000e+00,2.08000e+00,
-3.0658343e-01,-0.00000e+00,2.08000e+00,
-3.0643696e-01,-0.00000e+00,2.08000e+00,
-3.0629048e-01,-0.00000e+00,2.08000e+00,
-3.0614400e-01,-0.00000e+00,2.12000e+00,
-3.0599752e-01,-0.00000e+00,2.08000e+00,
-3.0585104e-01,2.00001e-01,2.08000e+00,
-3.0570456e-01,2.00001e-01,2.08000e+00,
-3.0555809e-01,-0.00000e+00,2.08000e+00,
-3.0541161e-01,-0.00000e+00,2.08000e+00,
-3.0526513e-01,-0.00000e+00,2.12000e+00,
-3.0511865e-01,-0.00000e+00,2.08000e+00,
-3.0497217e-01,2.00001e-01,2.12000e+00,
-3.0482569e-01,-0.00000e+00,2.08000e+00,
-3.0467921e-01,-0.00000e+00,2.08000e+00,
-3.0453274e-01,-0.00000e+00,2.12000e+00,
-3.0438626e-01,-0.00000e+00,2.12000e+00,
-3.0423978e-01,-0.00000e+00,2.12000e+00,
-3.0409330e-01,-0.00000e+00,2.08000e+00,
-3.0394682e-01,-0.00000e+00,2.12000e+00,
-3.0380034e-01,-0.00000e+00,2.08000e+00,
-3.0365387e-01,-0.00000e+00,2.16000e+00,
-3.0350739e-01,-0.00000e+00,2.08000e+00,
-3.0336091e-01,-0.00000e+00,2.08000e+00,
-3.0321443e-01,-0.00000e+00,2.12000e+00,
-3.0306795e-01,-0.00000e+00,2.12000e+00,
-3.0292147e-01,-0.00000e+00,2.16000e+00,
-3.0277500e-01,-0.00000e+00,2.12000e+00,
-3.0262852e-01,-0.00000e+00,2.12000e+00,
-3.0248204e-01,-0.00000e+00,2.12000e+00,
-3.0233556e-01,-0.00000e+00,2.12000e+00,
-3.0218908e-01,-0.00000e+00,2.16000e+00,
-3.0204260e-01,-0.00000e+00,2.12000e+00,
-3.0189613e-01,-0.00000e+00,2.12000e+00,
-3.0174965e-01,-0.00000e+00,2.16000e+00,
-3.0160317e-01,-0.00000e+00,2.12000e+00,
-3.0145669e-01,2.00001e-01,2.16000e+00,
-3.0131021e-01,2.00001e-01,2.16000e+00,
-3.0116373e-01,-0.00000e+00,2.16000e+00,
-3.0101725e-01,-0.00000e+00,2.16000e+00,
-3.0087078e-01,-0.00000e+00,2.16000e+00,
-3.0072430e-01,-0.00000e+00,2.16000e+00,
-3.0057782e-01,2.00001e-01,2.16000e+00,
-3.0043134e-01,-0.00000e+00,2.16000e+00,
-3.0028486e-01,-0.00000e+00,2.16000e+00,
-3.0013838e-01,2.00001e-01,2.16000e+00,
-2.9999191e-01,-0.00000e+00,2.16000e+00,
-2.9984543e-01,-0.00000e+00,2.16000e+00,
-2.9969895e-01,-0.00000e+00,2.16000e+00,
-2.9955247e-01,2.00001e-01,2.16000e+00,
-2.9940599e-01,-0.00000e+00,2.16000e+00,
-2.9925951e-01,-0.00000e+00,2.16000e+00,
-2.9911304e-01,2.00001e-01,2.20000e+00,
-2.9896656e-01,-0.00000e+00,2.16000e+00,
-2.9882008e-01,2.00001e-01,2.20000e+00,
-2.9867360e-01,2.00001e-01,2.16000e+00,
-2.9852712e-01,-0.00000e+00,2.20000e+00,
-2.9838064e-01,-0.00000e+00,2.12000e+00,
-2.9823416e-01,-0.00000e+00,2.20000e+00,
-2.9808769e-01,-0.00000e+00,2.16000e+00,
-2.9794121e-01,-0.00000e+00,2.20000e+00,
-2.9779473e-01,-0.00000e+00,2.16000e+00,
-2.9764825e-01,-0.00000e+00,2.16000e+00,
-2.9750177e-01,-0.00000e+00,2.16000e+00,
-2.9735529e-01,-0.00000e+00,2.20000e+00,
-2.9720882e-01,-0.00000e+00,2.20000e+00,
-2.9706234e-01,2.00001e-01,2.20000e+00,
-2.9691586e-01,-0.00000e+00,2.20000e+00,
-2.9676938e-01,-0.00000e+00,2.20000e+00,
-2.9662290e-01,2.00001e-01,2.20000e+00,
-2.9647642e-01,-0.00000e+00,2.20000e+00,
-2.9632995e-01,-0.00000e+00,2.20000e+00,
-2.9618347e-01,-0.00000e+00,2.20000e+00,
-2.9603699e-01,-0.00000e+00,2.20000e+00,
-2.9589051e-01,-0.00000e+00,2.24000e+00,
-2.9574403e-01,2.00001e-01,2.20000e+00,
-2.9559755e-01,-0.00000e+00,2.20000e+00,
-2.9545107e-01,2.00001e-01,2.20000e+00,
-2.9530460e-01,-0.00000e+00,2.20000e+00,
-2.9515812e-01,-0.00000e+00,2.20000e+00,
-2.9501164e-01,-0.00000e+00,2.20000e+00,
-2.9486516e-01,-0.00000e+00,2.20000e+00,
-2.9471868e-01,2.00001e-01,2.20000e+00,
-2.9457220e-01,2.00001e-01,2.20000e+00,
-2.9442573e-01,-0.00000e+00,2.24000e+00,
-2.9427925e-01,-0.00000e+00,2.20000e+00,
-2.9413277e-01,2.00001e-01,2.20000e+00,
-2.9398629e-01,2.00001e-01,2.20000e+00,
-2.9383981e-01,-0.00000e+00,2.24000e+00,
-2.9369333e-01,-0.00000e+00,2.20000e+00,
-2.9354686e-01,-0.00000e+00,2.20000e+00,
-2.9340038e-01,-0.00000e+00,2.24000e+00,
-2.9325390e-01,-0.00000e+00,2.24000e+00,
-2.9310742e-01,-0.00000e+00,2.20000e+00,
-2.9296094e-01,-0.00000e+00,2.24000e+00,
-2.9281446e-01,-0.00000e+00,2.24000e+00,
-2.9266798e-01,-0.00000e+00,2.24000e+00,
-2.9252151e-01,-0.00000e+00,2.24000e+00,
-2.9237503e-01,2.00001e-01,2.24000e+00,
-2.9222855e-01,-0.00000e+00,2.24000e+00,
-2.9208207e-01,2.00001e-01,2.24000e+00,
-2.9193559e-01,-0.00000e+00,2.20000e+00,
-2.9178911e-01,2.00001e-01,2.20000e+00,
-2.9164264e-01,2.00001e-01,2.20000e+00,
-2.9149616e-01,-0.00000e+00,2.24000e+00,
-2.9134968e-01,-0.00000e+00,2.24000e+00,
-2.9120320e-01,-0.00000e+00,2.24000e+00,
-2.9105672e-01,-0.00000e+00,2.24000e+00,
-2.9091024e-01,-0.00000e+00,2.24000e+00,
-2.9076377e-01,-0.00000e+00,2.24000e+00,
-2.9061729e-01,-0.00000e+00,2.24000e+00,
-2.9047081e-01,-0.00000e+00,2.24000e+00,
-2.9032433e-01,-0.00000e+00,2.24000e+00,
-2.9017785e-01,-0.00000e+00,2.24000e+00,
-2.9003137e-01,-0.00000e+00,2.24000e+00,
-2.8988490e-01,-0.00000e+00,2.24000e+00,
-2.8973842e-01,-0.00000e+00,2.24000e+00,
-2.8959194e-01,-0.00000e+00,2.24000e+00,
-2.8944546e-01,2.00001e-01,2.24000e+00,
-2.8929898e-01,-0.00000e+00,2.24000e+00,
-2.8915250e-01,-0.00000e+00,2.28000e+00,
-2.8900602e-01,-0.00000e+00,2.24000e+00,
-2.8885955e-01,-0.00000e+00,2.28000e+00,
-2.8871307e-01,-0.00000e+00,2.24000e+00,
-2.8856659e-01,-0.00000e+00,2.24000e+00,
-2.8842011e-01,2.00001e-01,2.24000e+00,
-2.8827363e-01,2.00001e-01,2.24000e+00,
-2.8812715e-01,-0.00000e+00,2.24000e+00,
-2.8798068e-01,2.00001e-01,2.24000e+00,
-2.8783420e-01,-0.00000e+00,2.28000e+00,
-2.8768772e-01,2.00001e-01,2.24000e+00,
-2.8754124e-01,-0.00000e+00,2.24000e+00,
-2.8739476e-01,-0.00000e+00,2.28000e+00,
-2.8724828e-01,2.00001e-01,2.28000e+00,
-2.8710181e-01,-0.00000e+00,2.28000e+00,
-2.8695533e-01,-0.00000e+00,2.24000e+00,
-2.8680885e-01,2.00001e-01,2.28000e+00,
-2.8666237e-01,2.00001e-01,2.28000e+00,
-2.8651589e-01,2.00001e-01,2.24000e+00,
-2.8636941e-01,2.00001e-01,2.28000e+00,
-2.8622293e-01,2.00001e-01,2.24000e+00,
-2.8607646e-01,2.00001e-01,2.24000e+00,
-2.8592998e-01,2.00001e-01,2.28000e+00,
-2.8578350e-01,2.00001e-01,2.28000e+00,
-2.8563702e-01,2.00001e-01,2.32000e+00,
-2.8549054e-01,5.00000e+00,2.24000e+00,
-2.8534406e-01,-0.00000e+00,2.32000e+00,
-2.8519759e-01,2.00001e-01,2.32000e+00,
-2.8505111e-01,2.00001e-01,2.28000e+00,
-2.8490463e-01,-0.00000e+00,2.32000e+00,
-2.8475815e-01,-0.00000e+00,2.32000e+00,
-2.8461167e-01,-0.00000e+00,2.32000e+00,
-2.8446519e-01,-0.00000e+00,2.32000e+00,
-2.8431872e-01,-0.00000e+00,2.32000e+00,
-2.8417224e-01,-0.00000e+00,2.32000e+00,
-2.8402576e-01,-0.00000e+00,2.36000e+00,
-2.8387928e-01,-0.00000e+00,2.32000e+00,
-2.8373280e-01,2.00001e-01,2.32000e+00,
-2.8358632e-01,-0.00000e+00,2.32000e+00,
-2.8343984e-01,-0.00000e+00,2.32000e+00,
-2.8329337e-01,-0.00000e+00,2.32000e+00,
-2.8314689e-01,-0.00000e+00,2.32000e+00,
-2.8300041e-01,2.00001e-01,2.32000e+00,
-2.8285393e-01,-0.00000e+00,2.32000e+00,
-2.8270745e-01,-0.00000e+00,2.32000e+00,
-2.8256097e-01,-0.00000e+00,2.32000e+00,
-2.8241450e-01,-0.00000e+00,2.32000e+00,
-2.8226802e-01,-0.00000e+00,2.32000e+00,
-2.8212154e-01,-0.00000e+00,2.32000e+00,
-2.8197506e-01,-0.00000e+00,2.32000e+00,
-2.8182858e-01,-0.00000e+00,2.32000e+00,
-2.8168210e-01,2.00001e-01,2.36000e+00,
-2.8153563e-01,-0.00000e+00,2.32000e+00,
-2.8138915e-01,-0.00000e+00,2.32000e+00,
-2.8124267e-01,-0.00000e+00,2.36000e+00,
-2.8109619e-01,-0.00000e+00,2.32000e+00,
-2.8094971e-01,-0.00000e+00,2.32000e+00,
-2.8080323e-01,-0.00000e+00,2.36000e+00,
-2.8065675e-01,-0.00000e+00,2.36000e+00,
-2.8051028e-01,-0.00000e+00,2.36000e+00,
-2.8036380e-01,2.00001e-01,2.36000e+00,
-2.8021732e-01,-0.00000e+00,2.36000e+00,
-2.8007084e-01,-0.00000e+00,2.32000e+00,
-2.7992436e-01,-0.00000e+00,2.32000e+00,
-2.7977788e-01,2.00001e-01,2.32000e+00,
-2.7963141e-01,-0.00000e+00,2.36000e+00,
-2.7948493e-01,-0.00000e+00,2.36000e+00,
-2.7933845e-01,-0.00000e+00,2.36000e+00,
-2.7919197e-01,-0.00000e+00,2.36000e+00,
-2.7904549e-01,-0.00000e+00,2.36000e+00,
-2.7889901e-01,-0.00000e+00,2.36000e+00,
-2.7875254e-01,2.00001e-01,2.36000e+00,
-2.7860606e-01,-0.00000e+00,2.36000e+00,
-2.7845958e-01,2.00001e-01,2.36000e+00,
-2.7831310e-01,-0.00000e+00,2.36000e+00,
-2.7816662e-01,-0.00000e+00,2.36000e+00,
-2.7802014e-01,-0.00000e+00,2.36000e+00,
-2.7787367e-01,2.00001e-01,2.36000e+00,
-2.7772719e-01,-0.00000e+00,2.36000e+00,
-2.7758071e-01,-0.00000e+00,2.36000e+00,
-2.7743423e-01,-0.00000e+00,2.36000e+00,
-2.7728775e-01,-0.00000e+00,2.40000e+00,
-2.7714127e-01,-0.00000e+00,2.36000e+00,
-2.7699479e-01,-0.00000e+00,2.40000e+00,
-2.7684832e-01,-0.00000e+00,2.40000e+00,
-2.7670184e-01,-0.00000e+00,2.36000e+00,
-2.7655536e-01,-0.00000e+00,2.40000e+00,
-2.7640888e-01,2.00001e-01,2.40000e+00,
-2.7626240e-01,-0.00000e+00,2.36000e+00,
-2.7611592e-01,2.00001e-01,2.40000e+00,
-2.7596945e-01,2.00001e-01,2.36000e+00,
-2.7582297e-01,-0.00000e+00,2.40000e+00,
-2.7567649e-01,2.00001e-01,2.40000e+00,
-2.7553001e-01,2.00001e-01,2.40000e+00,
-2.7538353e-01,-0.00000e+00,2.36000e+00,
-2.7523705e-01,2.00001e-01,2.36000e+00,
-2.7509058e-01,2.00001e-01,2.36000e+00,
-2.7494410e-01,2.00001e-01,2.40000e+00,
-2.7479762e-01,-0.00000e+00,2.40000e+00,
-2.7465114e-01,-0.00000e+00,2.40000e+00,
-2.7450466e-01,-0.00000e+00,2.40000e+00,
-2.7435818e-01,2.00001e-01,2.40000e+00,
-2.7421170e-01,2.00001e-01,2.40000e+00,
-2.7406523e-01,-0.00000e+00,2.40000e+00,
-2.7391875e-01,-0.00000e+00,2.40000e+00,
-2.7377227e-01,2.00001e-01,2.40000e+00,
-2.7362579e-01,-0.00000e+00,2.40000e+00,
-2.7347931e-01,-0.00000e+00,2.40000e+00,
-2.7333283e-01,-0.00000e+00,2.40000e+00,
-2.7318636e-01,-0.00000e+00,2.40000e+00,
-2.7303988e-01,-0.00000e+00,2.40000e+00,
-2.7289340e-01,-0.00000e+00,2.40000e+00,
-2.7274692e-01,-0.00000e+00,2.40000e+00,
-2.7260044e-01,-0.00000e+00,2.40000e+00,
-2.7245396e-01,-0.00000e+00,2.40000e+00,
-2.7230749e-01,-0.00000e+00,2.40000e+00,
-2.7216101e-01,-0.00000e+00,2.40000e+00,
-2.7201453e-01,2.00001e-01,2.40000e+00,
-2.7186805e-01,-0.00000e+00,2.40000e+00,
-2.7172157e-01,-0.00000e+00,2.40000e+00,
-2.7157509e-01,-0.00000e+00,2.40000e+00,
-2.7142861e-01,-0.00000e+00,2.40000e+00,
-2.7128214e-01,-0.00000e+00,2.40000e+00,
-2.7113566e-01,-0.00000e+00,2.40000e+00,
-2.7098918e-01,-0.00000e+00,2.40000e+00,
-2.7084270e-01,-0.00000e+00,2.40000e+00,
-2.7069622e-01,-0.00000e+00,2.40000e+00,
-2.7054974e-01,2.00001e-01,2.40000e+00,
-2.7040327e-01,-0.00000e+00,2.40000e+00,
-2.7025679e-01,-0.00000e+00,2.40000e+00,
-2.7011031e-01,-0.00000e+00,2.40000e+00,
-2.6996383e-01,-0.00000e+00,2.40000e+00,
-2.6981735e-01,-0.00000e+00,2.40000e+00,
-2.6967087e-01,-0.00000e+00,2.40000e+00,
-2.6952440e-01,2.00001e-01,2.40000e+00,
-2.6937792e-01,-0.00000e+00,2.40000e+00,
-2.6923144e-01,-0.00000e+00,2.40000e+00,
-2.6908496e-01,2.00001e-01,2.44000e+00,
-2.6893848e-01,2.00001e-01,2.44000e+00,
-2.6879200e-01,-0.00000e+00,2.40000e+00,
-2.6864552e-01,2.00001e-01,2.40000e+00,
-2.6849905e-01,2.00001e-01,2.40000e+00,
-2.6835257e-01,2.00001e-01,2.40000e+00,
-2.6820609e-01,-0.00000e+00,2.44000e+00,
-2.6805961e-01,2.00001e-01,2.44000e+00,
-2.6791313e-01,-0.00000e+00,2.40000e+00,
-2.6776665e-01,-0.00000e+00,2.48000e+00,
-2.6762018e-01,-0.00000e+00,2.40000e+00,
-2.6747370e-01,-0.00000e+00,2.48000e+00,
-2.6732722e-01,-0.00000e+00,2.44000e+00,
-2.6718074e-01,-0.00000e+00,2.44000e+00,
-2.6703426e-01,-0.00000e+00,2.44000e+00,
-2.6688778e-01,2.00001e-01,2.48000e+00,
-2.6674131e-01,-0.00000e+00,2.44000e+00,
-2.6659483e-01,-0.00000e+00,2.44000e+00,
-2.6644835e-01,-0.00000e+00,2.48000e+00,
-2.6630187e-01,-0.00000e+00,2.48000e+00,
-2.6615539e-01,-0.00000e+00,2.44000e+00,
-2.6600891e-01,-0.00000e+00,2.48000e+00,
-2.6586244e-01,-0.00000e+00,2.48000e+00,
-2.6571596e-01,-0.00000e+00,2.48000e+00,
-2.6556948e-01,-0.00000e+00,2.48000e+00,
-2.6542300e-01,-0.00000e+00,2.48000e+00,
-2.6527652e-01,-0.00000e+00,2.48000e+00,
-2.6513004e-01,-0.00000e+00,2.48000e+00,
-2.6498356e-01,-0.00000e+00,2.48000e+00,
-2.6483709e-01,-0.00000e+00,2.48000e+00,
-2.6469061e-01,-0.00000e+00,2.48000e+00,
-2.6454413e-01,-0.00000e+00,2.48000e+00,
-2.6439765e-01,-0.00000e+00,2.48000e+00,
-2.6425117e-01,-0.00000e+00,2.52000e+00,
-2.6410469e-01,-0.00000e+00,2.48000e+00,
-2.6395822e-01,-0.00000e+00,2.48000e+00,
-2.6381174e-01,-0.00000e+00,2.48000e+00,
-2.6366526e-01,-0.00000e+00,2.48000e+00,
-2.6351878e-01,-0.00000e+00,2.48000e+00,
-2.6337230e-01,-0.00000e+00,2.48000e+00,
-2.6322582e-01,2.00001e-01,2.48000e+00,
-2.6307935e-01,-0.00000e+00,2.52000e+00,
-2.6293287e-01,2.00001e-01,2.48000e+00,
-2.6278639e-01,-0.00000e+00,2.52000e+00,
-2.6263991e-01,-0.00000e+00,2.52000e+00,
-2.6249343e-01,2.00001e-01,2.44000e+00,
-2.6234695e-01,-0.00000e+00,2.48000e+00,
-2.6220047e-01,-0.00000e+00,2.52000e+00,
-2.6205400e-01,2.00001e-01,2.52000e+00,
-2.6190752e-01,2.00001e-01,2.52000e+00,
-2.6176104e-01,-0.00000e+00,2.52000e+00,
-2.6161456e-01,2.00001e-01,2.52000e+00,
-2.6146808e-01,-0.00000e+00,2.52000e+00,
-2.6132160e-01,-0.00000e+00,2.52000e+00,
-2.6117513e-01,-0.00000e+00,2.52000e+00,
-2.6102865e-01,-0.00000e+00,2.48000e+00,
-2.6088217e-01,-0.00000e+00,2.52000e+00,
-2.6073569e-01,-0.00000e+00,2.52000e+00,
-2.6058921e-01,-0.00000e+00,2.52000e+00,
-2.6044273e-01,-0.00000e+00,2.56000e+00,
-2.6029626e-01,-0.00000e+00,2.52000e+00,
-2.6014978e-01,-0.00000e+00,2.52000e+00,
-2.6000330e-01,-0.00000e+00,2.52000e+00,
-2.5985682e-01,-0.00000e+00,2.52000e+00,
-2.5971034e-01,-0.00000e+00,2.52000e+00,
-2.5956386e-01,-0.00000e+00,2.52000e+00,
-2.5941738e-01,-0.00000e+00,2.52000e+00,
-2.5927091e-01,-0.00000e+00,2.52000e+00,
-2.5912443e-01,-0.00000e+00,2.52000e+00,
-2.5897795e-01,-0.00000e+00,2.52000e+00,
-2.5883147e-01,2.00001e-01,2.52000e+00,
-2.5868499e-01,-0.00000e+00,2.52000e+00,
-2.5853851e-01,2.00001e-01,2.56000e+00,
-2.5839204e-01,-0.00000e+00,2.56000e+00,
-2.5824556e-01,-0.00000e+00,2.56000e+00,
-2.5809908e-01,-0.00000e+00,2.56000e+00,
-2.5795260e-01,-0.00000e+00,2.56000e+00,
-2.5780612e-01,-0.00000e+00,2.56000e+00,
-2.5765964e-01,2.00001e-01,2.56000e+00,
-2.5751317e-01,-0.00000e+00,2.56000e+00,
-2.5736669e-01,-0.00000e+00,2.56000e+00,
-2.5722021e-01,-0.00000e+00,2.56000e+00,
-2.5707373e-01,-0.00000e+00,2.52000e+00,
-2.5692725e-01,-0.00000e+00,2.56000e+00,
-2.5678077e-01,-0.00000e+00,2.56000e+00,
-2.5663429e-01,-0.00000e+00,2.56000e+00,
-2.5648782e-01,2.00001e-01,2.52000e+00,
-2.5634134e-01,-0.00000e+00,2.56000e+00,
-2.5619486e-01,-0.00000e+00,2.56000e+00,
-2.5604838e-01,-0.00000e+00,2.56000e+00,
-2.5590190e-01,2.00001e-01,2.56000e+00,
-2.5575542e-01,-0.00000e+00,2.56000e+00,
-2.5560895e-01,2.00001e-01,2.56000e+00,
-2.5546247e-01,-0.00000e+00,2.56000e+00,
-2.5531599e-01,-0.00000e+00,2.56000e+00,
-2.5516951e-01,-0.00000e+00,2.56000e+00,
-2.5502303e-01,-0.00000e+00,2.56000e+00,
-2.5487655e-01,-0.00000e+00,2.56000e+00,
-2.5473008e-01,-0.00000e+00,2.56000e+00,
-2.5458360e-01,-0.00000e+00,2.56000e+00,
-2.5443712e-01,-0.00000e+00,2.56000e+00,
-2.5429064e-01,-0.00000e+00,2.56000e+00,
-2.5414416e-01,-0.00000e+00,2.56000e+00,
-2.5399768e-01,-0.00000e+00,2.56000e+00,
-2.5385121e-01,-0.00000e+00,2.56000e+00,
-2.5370473e-01,-0.00000e+00,2.56000e+00,
-2.5355825e-01,-0.00000e+00,2.56000e+00,
-2.5341177e-01,2.00001e-01,2.56000e+00,
-2.5326529e-01,-0.00000e+00,2.56000e+00,
-2.5311881e-01,-0.00000e+00,2.56000e+00,
-2.5297233e-01,-0.00000e+00,2.56000e+00,
-2.5282586e-01,-0.00000e+00,2.56000e+00,
-2.5267938e-01,-0.00000e+00,2.56000e+00,
-2.5253290e-01,-0.00000e+00,2.56000e+00,
-2.5238642e-01,-0.00000e+00,2.56000e+00,
-2.5223994e-01,-0.00000e+00,2.56000e+00,
-2.5209346e-01,-0.00000e+00,2.56000e+00,
-2.5194699e-01,-0.00000e+00,2.56000e+00,
-2.5180051e-01,-0.00000e+00,2.56000e+00,
-2.5165403e-01,-0.00000e+00,2.56000e+00,
-2.5150755e-01,-0.00000e+00,2.56000e+00,
-2.5136107e-01,-0.00000e+00,2.56000e+00,
-2.5121459e-01,-0.00000e+00,2.56000e+00,
-2.5106812e-01,-0.00000e+00,2.56000e+00,
-2.5092164e-01,-0.00000e+00,2.60000e+00,
-2.5077516e-01,-0.00000e+00,2.60000e+00,
-2.5062868e-01,-0.00000e+00,2.56000e+00,
-2.5048220e-01,-0.00000e+00,2.60000e+00,
-2.5033572e-01,-0.00000e+00,2.60000e+00,
-2.5018924e-01,-0.00000e+00,2.60000e+00,
-2.5004277e-01,-0.00000e+00,2.56000e+00,
-2.4989629e-01,-0.00000e+00,2.60000e+00,
-2.4974981e-01,2.00001e-01,2.56000e+00,
-2.4960333e-01,-0.00000e+00,2.60000e+00,
-2.4945685e-01,2.00001e-01,2.60000e+00,
-2.4931037e-01,2.00001e-01,2.64000e+00,
-2.4916390e-01,-0.00000e+00,2.60000e+00,
-2.4901742e-01,-0.00000e+00,2.60000e+00,
-2.4887094e-01,2.00001e-01,2.60000e+00,
-2.4872446e-01,-0.00000e+00,2.60000e+00,
-2.4857798e-01,-0.00000e+00,2.64000e+00,
-2.4843150e-01,-0.00000e+00,2.60000e+00,
-2.4828503e-01,-0.00000e+00,2.64000e+00,
-2.4813855e-01,-0.00000e+00,2.64000e+00,
-2.4799207e-01,2.00001e-01,2.64000e+00,
-2.4784559e-01,-0.00000e+00,2.64000e+00,
-2.4769911e-01,-0.00000e+00,2.64000e+00,
-2.4755263e-01,-0.00000e+00,2.60000e+00,
-2.4740615e-01,-0.00000e+00,2.60000e+00,
-2.4725968e-01,-0.00000e+00,2.64000e+00,
-2.4711320e-01,-0.00000e+00,2.60000e+00,
-2.4696672e-01,-0.00000e+00,2.64000e+00,
-2.4682024e-01,2.00001e-01,2.60000e+00,
-2.4667376e-01,-0.00000e+00,2.64000e+00,
-2.4652728e-01,-0.00000e+00,2.64000e+00,
-2.4638081e-01,-0.00000e+00,2.64000e+00,
-2.4623433e-01,2.00001e-01,2.64000e+00,
-2.4608785e-01,-0.00000e+00,2.64000e+00,
-2.4594137e-01,2.00001e-01,2.64000e+00,
-2.4579489e-01,2.00001e-01,2.64000e+00,
-2.4564841e-01,2.00001e-01,2.64000e+00,
-2.4550194e-01,-0.00000e+00,2.64000e+00,
-2.4535546e-01,-0.00000e+00,2.64000e+00,
-2.4520898e-01,2.00001e-01,2.64000e+00,
-2.4506250e-01,-0.00000e+00,2.64000e+00,
-2.4491602e-01,-0.00000e+00,2.64000e+00,
-2.4476954e-01,-0.00000e+00,2.64000e+00,
-2.4462306e-01,-0.00000e+00,2.64000e+00,
-2.4447659e-01,-0.00000e+00,2.64000e+00,
-2.4433011e-01,-0.00000e+00,2.64000e+00,
-2.4418363e-01,2.00001e-01,2.64000e+00,
-2.4403715e-01,-0.00000e+00,2.64000e+00,
-2.4389067e-01,2.00001e-01,2.64000e+00,
-2.4374419e-01,-0.00000e+00,2.68000e+00,
-2.4359772e-01,2.00001e-01,2.68000e+00,
-2.4345124e-01,-0.00000e+00,2.68000e+00,
-2.4330476e-01,-0.00000e+00,2.64000e+00,
-2.4315828e-01,-0.00000e+00,2.68000e+00,
-2.4301180e-01,-0.00000e+00,2.68000e+00,
-2.4286532e-01,2.00001e-01,2.68000e+00,
-2.4271885e-01,-0.00000e+00,2.68000e+00,
-2.4257237e-01,-0.00000e+00,2.68000e+00,
-2.4242589e-01,-0.00000e+00,2.68000e+00,
-2.4227941e-01,2.00001e-01,2.68000e+00,
-2.4213293e-01,-0.00000e+00,2.68000e+00,
-2.4198645e-01,-0.00000e+00,2.68000e+00,
-2.4183998e-01,-0.00000e+00,2.68000e+00,
-2.4169350e-01,-0.00000e+00,2.68000e+00,
-2.4154702e-01,2.00001e-01,2.68000e+00,
-2.4140054e-01,-0.00000e+00,2.68000e+00,
-2.4125406e-01,-0.00000e+00,2.68000e+00,
-2.4110758e-01,-0.00000e+00,2.68000e+00,
-2.4096110e-01,-0.00000e+00,2.68000e+00,
-2.4081463e-01,2.00001e-01,2.72000e+00,
-2.4066815e-01,-0.00000e+00,2.72000e+00,
-2.4052167e-01,-0.00000e+00,2.72000e+00,
-2.4037519e-01,2.00001e-01,2.72000e+00,
-2.4022871e-01,-0.00000e+00,2.72000e+00,
-2.4008223e-01,-0.00000e+00,2.72000e+00,
-2.3993576e-01,-0.00000e+00,2.68000e+00,
-2.3978928e-01,2.00001e-01,2.72000e+00,
-2.3964280e-01,2.00001e-01,2.68000e+00,
-2.3949632e-01,2.00001e-01,2.72000e+00,
-2.3934984e-01,-0.00000e+00,2.72000e+00,
-2.3920336e-01,-0.00000e+00,2.72000e+00,
-2.3905689e-01,2.00001e-01,2.72000e+00,
-2.3891041e-01,-0.00000e+00,2.72000e+00,
-2.3876393e-01,-0.00000e+00,2.72000e+00,
-2.3861745e-01,-0.00000e+00,2.72000e+00,
-2.3847097e-01,2.00001e-01,2.72000e+00,
-2.3832449e-01,-0.00000e+00,2.72000e+00,
-2.3817801e-01,-0.00000e+00,2.72000e+00,
-2.3803154e-01,-0.00000e+00,2.72000e+00,
-2.3788506e-01,-0.00000e+00,2.72000e+00,
-2.3773858e-01,2.00001e-01,2.72000e+00,
-2.3759210e-01,-0.00000e+00,2.72000e+00,
-2.3744562e-01,-0.00000e+00,2.72000e+00,
-2.3729914e-01,-0.00000e+00,2.72000e+00,
-2.3715267e-01,2.00001e-01,2.68000e+00,
-2.3700619e-01,-0.00000e+00,2.72000e+00,
-2.3685971e-01,-0.00000e+00,2.72000e+00,
-2.3671323e-01,-0.00000e+00,2.72000e+00,
-2.3656675e-01,2.00001e-01,2.72000e+00,
-2.3642027e-01,-0.00000e+00,2.72000e+00,
-2.3627380e-01,-0.00000e+00,2.72000e+00,
-2.3612732e-01,2.00001e-01,2.72000e+00,
-2.3598084e-01,-0.00000e+00,2.72000e+00,
-2.3583436e-01,-0.00000e+00,2.72000e+00,
-2.3568788e-01,-0.00000e+00,2.72000e+00,
-2.3554140e-01,-0.00000e+00,2.72000e+00,
-2.3539492e-01,-0.00000e+00,2.72000e+00,
-2.3524845e-01,-0.00000e+00,2.72000e+00,
-2.3510197e-01,-0.00000e+00,2.72000e+00,
-2.3495549e-01,-0.00000e+00,2.72000e+00,
-2.3480901e-01,-0.00000e+00,2.72000e+00,
-2.3466253e-01,5.00000e+00,2.72000e+00,
-2.3451605e-01,2.00001e-01,2.72000e+00,
-2.3436958e-01,-0.00000e+00,2.72000e+00,
-2.3422310e-01,-0.00000e+00,2.72000e+00,
-2.3407662e-01,-0.00000e+00,2.72000e+00,
-2.3393014e-01,-0.00000e+00,2.72000e+00,
-2.3378366e-01,2.00001e-01,2.76000e+00,
-2.3363718e-01,2.00001e-01,2.72000e+00,
-2.3349071e-01,-0.00000e+00,2.72000e+00,
-2.3334423e-01,2.00001e-01,2.76000e+00,
-2.3319775e-01,-0.00000e+00,2.76000e+00,
-2.3305127e-01,-0.00000e+00,2.76000e+00,
-2.3290479e-01,-0.00000e+00,2.76000e+00,
-2.3275831e-01,2.00001e-01,2.76000e+00,
-2.3261184e-01,-0.00000e+00,2.72000e+00,
-2.3246536e-01,2.00001e-01,2.76000e+00,
-2.3231888e-01,-0.00000e+00,2.76000e+00,
-2.3217240e-01,-0.00000e+00,2.80000e+00,
-2.3202592e-01,2.00001e-01,2.76000e+00,
-2.3187944e-01,-0.00000e+00,2.76000e+00,
-2.3173296e-01,2.00001e-01,2.80000e+00,
-2.3158649e-01,-0.00000e+00,2.80000e+00,
-2.3144001e-01,2.00001e-01,2.76000e+00,
-2.3129353e-01,-0.00000e+00,2.80000e+00,
-2.3114705e-01,-0.00000e+00,2.80000e+00,
-2.3100057e-01,2.00001e-01,2.80000e+00,
-2.3085409e-01,-0.00000e+00,2.80000e+00,
-2.3070762e-01,2.00001e-01,2.80000e+00,
-2.3056114e-01,2.00001e-01,2.80000e+00,
-2.3041466e-01,-0.00000e+00,2.76000e+00,
-2.3026818e-01,-0.00000e+00,2.80000e+00,
-2.3012170e-01,-0.00000e+00,2.80000e+00,
-2.2997522e-01,-0.00000e+00,2.80000e+00,
-2.2982875e-01,-0.00000e+00,2.80000e+00,
-2.2968227e-01,-0.00000e+00,2.76000e+00,
-2.2953579e-01,-0.00000e+00,2.76000e+00,
-2.2938931e-01,-0.00000e+00,2.80000e+00,
-2.2924283e-01,-0.00000e+00,2.80000e+00,
-2.2909635e-01,-0.00000e+00,2.80000e+00,
-2.2894987e-01,-0.00000e+00,2.80000e+00,
-2.2880340e-01,-0.00000e+00,2.80000e+00,
-2.2865692e-01,2.00001e-01,2.80000e+00,
-2.2851044e-01,-0.00000e+00,2.80000e+00,
-2.2836396e-01,-0.00000e+00,2.80000e+00,
-2.2821748e-01,-0.00000e+00,2.76000e+00,
-2.2807100e-01,2.00001e-01,2.80000e+00,
-2.2792453e-01,-0.00000e+00,2.80000e+00,
-2.2777805e-01,-0.00000e+00,2.80000e+00,
-2.2763157e-01,-0.00000e+00,2.80000e+00,
-2.2748509e-01,2.00001e-01,2.80000e+00,
-2.2733861e-01,-0.00000e+00,2.80000e+00,
-2.2719213e-01,2.00001e-01,2.80000e+00,
-2.2704566e-01,-0.00000e+00,2.80000e+00,
-2.2689918e-01,-0.00000e+00,2.80000e+00,
-2.2675270e-01,-0.00000e+00,2.80000e+00,
-2.2660622e-01,-0.00000e+00,2.84000e+00,
-2.2645974e-01,2.00001e-01,2.84000e+00,
-2.2631326e-01,-0.00000e+00,2.84000e+00,
-2.2616678e-01,-0.00000e+00,2.84000e+00,
-2.2602031e-01,-0.00000e+00,2.80000e+00,
-2.2587383e-01,-0.00000e+00,2.84000e+00,
-2.2572735e-01,-0.00000e+00,2.84000e+00,
-2.2558087e-01,-0.00000e+00,2.80000e+00,
-2.2543439e-01,-0.00000e+00,2.84000e+00,
-2.2528791e-01,2.00001e-01,2.84000e+00,
-2.2514144e-01,-0.00000e+00,2.84000e+00,
-2.2499496e-01,-0.00000e+00,2.84000e+00,
-2.2484848e-01,-0.00000e+00,2.84000e+00,
-2.2470200e-01,-0.00000e+00,2.84000e+00,
-2.2455552e-01,-0.00000e+00,2.84000e+00,
-2.2440904e-01,-0.00000e+00,2.84000e+00,
-2.2426257e-01,-0.00000e+00,2.84000e+00,
-2.2411609e-01,-0.00000e+00,2.84000e+00,
-2.2396961e-01,-0.00000e+00,2.84000e+00,
-2.2382313e-01,-0.00000e+00,2.84000e+00,
-2.2367665e-01,-0.00000e+00,2.88000e+00,
-2.2353017e-01,-0.00000e+00,2.84000e+00,
-2.2338369e-01,-0.00000e+00,2.88000e+00,
-2.2323722e-01,2.00001e-01,2.84000e+00,
-2.2309074e-01,-0.00000e+00,2.88000e+00,
-2.2294426e-01,-0.00000e+00,2.84000e+00,
-2.2279778e-01,-0.00000e+00,2.88000e+00,
-2.2265130e-01,2.00001e-01,2.88000e+00,
-2.2250482e-01,-0.00000e+00,2.88000e+00,
-2.2235835e-01,-0.00000e+00,2.88000e+00,
-2.2221187e-01,-0.00000e+00,2.84000e+00,
-2.2206539e-01,-0.00000e+00,2.84000e+00,
-2.2191891e-01,-0.00000e+00,2.88000e+00,
-2.2177243e-01,2.00001e-01,2.88000e+00,
-2.2162595e-01,-0.00000e+00,2.84000e+00,
-2.2147948e-01,-0.00000e+00,2.88000e+00,
-2.2133300e-01,2.00001e-01,2.88000e+00,
-2.2118652e-01,-0.00000e+00,2.88000e+00,
-2.2104004e-01,2.00001e-01,2.88000e+00,
-2.2089356e-01,-0.00000e+00,2.88000e+00,
-2.2074708e-01,-0.00000e+00,2.88000e+00,
-2.2060061e-01,-0.00000e+00,2.88000e+00,
-2.2045413e-01,-0.00000e+00,2.88000e+00,
-2.2030765e-01,-0.00000e+00,2.88000e+00,
-2.2016117e-01,2.00001e-01,2.88000e+00,
-2.2001469e-01,-0.00000e+00,2.88000e+00,
-2.1986821e-01,-0.00000e+00,2.88000e+00,
-2.1972173e-01,-0.00000e+00,2.88000e+00,
-2.1957526e-01,-0.00000e+00,2.88000e+00,
-2.1942878e-01,-0.00000e+00,2.88000e+00,
-2.1928230e-01,-0.00000e+00,2.88000e+00,
-2.1913582e-01,-0.00000e+00,2.88000e+00,
-2.1898934e-01,-0.00000e+00,2.88000e+00,
-2.1884286e-01,-0.00000e+00,2.88000e+00,
-2.1869639e-01,-0.00000e+00,2.88000e+00,
-2.1854991e-01,2.00001e-01,2.88000e+00,
-2.1840343e-01,-0.00000e+00,2.88000e+00,
-2.1825695e-01,-0.00000e+00,2.88000e+00,
-2.1811047e-01,2.00001e-01,2.88000e+00,
-2.1796399e-01,2.00001e-01,2.92000e+00,
-2.1781752e-01,-0.00000e+00,2.92000e+00,
-2.1767104e-01,-0.00000e+00,2.88000e+00,
-2.1752456e-01,-0.00000e+00,2.88000e+00,
-2.1737808e-01,-0.00000e+00,2.88000e+00,
-2.1723160e-01,2.00001e-01,2.88000e+00,
-2.1708512e-01,-0.00000e+00,2.88000e+00,
-2.1693864e-01,-0.00000e+00,2.92000e+00,
-2.1679217e-01,-0.00000e+00,2.88000e+00,
-2.1664569e-01,2.00001e-01,2.88000e+00,
-2.1649921e-01,2.00001e-01,2.92000e+00,
-2.1635273e-01,-0.00000e+00,2.92000e+00,
-2.1620625e-01,2.00001e-01,2.92000e+00,
-2.1605977e-01,-0.00000e+00,2.88000e+00,
-2.1591330e-01,2.00001e-01,2.88000e+00,
-2.1576682e-01,2.00001e-01,2.92000e+00,
-2.1562034e-01,2.00001e-01,2.92000e+00,
-2.1547386e-01,-0.00000e+00,2.92000e+00,
-2.1532738e-01,-0.00000e+00,2.92000e+00,
-2.1518090e-01,2.00001e-01,2.96000e+00,
-2.1503443e-01,2.00001e-01,2.92000e+00,
-2.1488795e-01,-0.00000e+00,2.96000e+00,
-2.1474147e-01,2.00001e-01,2.96000e+00,
-2.1459499e-01,-0.00000e+00,2.96000e+00,
-2.1444851e-01,-0.00000e+00,2.96000e+00,
-2.1430203e-01,2.00001e-01,2.96000e+00,
-2.1415555e-01,-0.00000e+00,2.92000e+00,
-2.1400908e-01,2.00001e-01,2.96000e+00,
-2.1386260e-01,-0.00000e+00,2.96000e+00,
-2.1371612e-01,-0.00000e+00,2.96000e+00,
-2.1356964e-01,-0.00000e+00,2.96000e+00,
-2.1342316e-01,-0.00000e+00,2.96000e+00,
-2.1327668e-01,-0.00000e+00,2.96000e+00,
-2.1313021e-01,2.00001e-01,2.96000e+00,
-2.1298373e-01,-0.00000e+00,2.96000e+00,
-2.1283725e-01,-0.00000e+00,2.96000e+00,
-2.1269077e-01,-0.00000e+00,2.96000e+00,
-2.1254429e-01,-0.00000e+00,2.96000e+00,
-2.1239781e-01,2.00001e-01,2.96000e+00,
-2.1225134e-01,-0.00000e+00,2.96000e+00,
-2.1210486e-01,-0.00000e+00,3.00000e+00,
-2.1195838e-01,-0.00000e+00,2.96000e+00,
-2.1181190e-01,-0.00000e+00,2.96000e+00,
-2.1166542e-01,2.00001e-01,2.96000e+00,
-2.1151894e-01,-0.00000e+00,2.96000e+00,
-2.1137246e-01,-0.00000e+00,2.96000e+00,
-2.1122599e-01,-0.00000e+00,2.96000e+00,
-2.1107951e-01,2.00001e-01,2.96000e+00,
-2.1093303e-01,-0.00000e+00,3.00000e+00,
-2.1078655e-01,-0.00000e+00,2.96000e+00,
-2.1064007e-01,-0.00000e+00,3.00000e+00,
-2.1049359e-01,-0.00000e+00,3.00000e+00,
-2.1034712e-01,-0.00000e+00,3.00000e+00,
-2.1020064e-01,-0.00000e+00,2.96000e+00,
-2.1005416e-01,-0.00000e+00,2.96000e+00,
-2.0990768e-01,2.00001e-01,3.00000e+00,
-2.0976120e-01,2.00001e-01,3.00000e+00,
-2.0961472e-01,-0.00000e+00,3.00000e+00,
-2.0946825e-01,2.00001e-01,3.00000e+00,
-2.0932177e-01,-0.00000e+00,3.00000e+00,
-2.0917529e-01,-0.00000e+00,3.00000e+00,
-2.0902881e-01,-0.00000e+00,3.00000e+00,
-2.0888233e-01,-0.00000e+00,3.00000e+00,
-2.0873585e-01,-0.00000e+00,3.00000e+00,
-2.0858938e-01,-0.00000e+00,3.00000e+00,
-2.0844290e-01,-0.00000e+00,3.00000e+00,
-2.0829642e-01,-0.00000e+00,3.00000e+00,
-2.0814994e-01,-0.00000e+00,3.00000e+00,
-2.0800346e-01,2.00001e-01,3.04000e+00,
-2.0785698e-01,-0.00000e+00,3.00000e+00,
-2.0771050e-01,2.00001e-01,3.00000e+00,
-2.0756403e-01,-0.00000e+00,3.04000e+00,
-2.0741755e-01,-0.00000e+00,3.04000e+00,
-2.0727107e-01,-0.00000e+00,3.00000e+00,
-2.0712459e-01,-0.00000e+00,3.04000e+00,
-2.0697811e-01,-0.00000e+00,3.04000e+00,
-2.0683163e-01,-0.00000e+00,3.04000e+00,
-2.0668516e-01,2.00001e-01,3.04000e+00,
-2.0653868e-01,-0.00000e+00,3.04000e+00,
-2.0639220e-01,-0.00000e+00,3.04000e+00,
-2.0624572e-01,-0.00000e+00,3.04000e+00,
-2.0609924e-01,2.00001e-01,3.04000e+00,
-2.0595276e-01,-0.00000e+00,3.04000e+00,
-2.0580629e-01,-0.00000e+00,3.04000e+00,
-2.0565981e-01,-0.00000e+00,3.04000e+00,
-2.0551333e-01,-0.00000e+00,3.04000e+00,
-2.0536685e-01,-0.00000e+00,3.04000e+00,
-2.0522037e-01,-0.00000e+00,3.00000e+00,
-2.0507389e-01,-0.00000e+00,3.04000e+00,
-2.0492741e-01,-0.00000e+00,3.04000e+00,
-2.0478094e-01,-0.00000e+00,3.04000e+00,
-2.0463446e-01,2.00001e-01,3.04000e+00,
-2.0448798e-01,-0.00000e+00,3.04000e+00,
-2.0434150e-01,-0.00000e+00,3.04000e+00,
-2.0419502e-01,-0.00000e+00,3.04000e+00,
-2.0404854e-01,-0.00000e+00,3.04000e+00,
-2.0390207e-01,2.00001e-01,3.04000e+00,
-2.0375559e-01,-0.00000e+00,3.04000e+00,
-2.0360911e-01,-0.00000e+00,3.04000e+00,
-2.0346263e-01,-0.00000e+00,3.04000e+00,
-2.0331615e-01,-0.00000e+00,3.04000e+00,
-2.0316967e-01,-0.00000e+00,3.04000e+00,
-2.0302320e-01,-0.00000e+00,3.04000e+00,
-2.0287672e-01,-0.00000e+00,3.04000e+00,
-2.0273024e-01,-0.00000e+00,3.04000e+00,
-2.0258376e-01,-0.00000e+00,3.04000e+00,
-2.0243728e-01,-0.00000e+00,3.04000e+00,
-2.0229080e-01,2.00001e-01,3.04000e+00,
-2.0214432e-01,2.00001e-01,3.04000e+00,
-2.0199785e-01,-0.00000e+00,3.04000e+00,
-2.0185137e-01,-0.00000e+00,3.04000e+00,
-2.0170489e-01,2.00001e-01,3.04000e+00,
-2.0155841e-01,-0.00000e+00,3.04000e+00,
-2.0141193e-01,-0.00000e+00,3.04000e+00,
-2.0126545e-01,2.00001e-01,3.04000e+00,
-2.0111898e-01,2.00001e-01,3.04000e+00,
-2.0097250e-01,-0.00000e+00,3.04000e+00,
-2.0082602e-01,-0.00000e+00,3.04000e+00,
-2.0067954e-01,2.00001e-01,3.04000e+00,
-2.0053306e-01,-0.00000e+00,3.04000e+00,
-2.0038658e-01,-0.00000e+00,3.08000e+00,
-2.0024011e-01,-0.00000e+00,3.08000e+00,
-2.0009363e-01,-0.00000e+00,3.08000e+00,
-1.9994715e-01,2.00001e-01,3.08000e+00,
-1.9980067e-01,2.00001e-01,3.08000e+00,
-1.9965419e-01,2.00001e-01,3.12000e+00,
-1.9950771e-01,2.00001e-01,3.08000e+00,
-1.9936123e-01,2.00001e-01,3.08000e+00,
-1.9921476e-01,-0.00000e+00,3.08000e+00,
-1.9906828e-01,-0.00000e+00,3.12000e+00,
-1.9892180e-01,-0.00000e+00,3.08000e+00,
-1.9877532e-01,-0.00000e+00,3.12000e+00,
-1.9862884e-01,-0.00000e+00,3.08000e+00,
-1.9848236e-01,2.00001e-01,3.12000e+00,
-1.9833589e-01,-0.00000e+00,3.08000e+00,
-1.9818941e-01,-0.00000e+00,3.08000e+00,
-1.9804293e-01,-0.00000e+00,3.12000e+00,
-1.9789645e-01,-0.00000e+00,3.12000e+00,
-1.9774997e-01,-0.00000e+00,3.12000e+00,
-1.9760349e-01,2.00001e-01,3.08000e+00,
-1.9745702e-01,-0.00000e+00,3.08000e+00,
-1.9731054e-01,2.00001e-01,3.12000e+00,
-1.9716406e-01,2.00001e-01,3.12000e+00,
-1.9701758e-01,-0.00000e+00,3.12000e+00,
-1.9687110e-01,-0.00000e+00,3.08000e+00,
-1.9672462e-01,-0.00000e+00,3.12000e+00,
-1.9657815e-01,-0.00000e+00,3.12000e+00,
-1.9643167e-01,-0.00000e+00,3.12000e+00,
-1.9628519e-01,-0.00000e+00,3.12000e+00,
-1.9613871e-01,-0.00000e+00,3.12000e+00,
-1.9599223e-01,2.00001e-01,3.12000e+00,
-1.9584575e-01,2.00001e-01,3.16000e+00,
-1.9569927e-01,-0.00000e+00,3.12000e+00,
-1.9555280e-01,2.00001e-01,3.16000e+00,
-1.9540632e-01,-0.00000e+00,3.16000e+00,
-1.9525984e-01,2.00001e-01,3.12000e+00,
-1.9511336e-01,-0.00000e+00,3.12000e+00,
-1.9496688e-01,2.00001e-01,3.12000e+00,
-1.9482040e-01,-0.00000e+00,3.12000e+00,
-1.9467393e-01,-0.00000e+00,3.16000e+00,
-1.9452745e-01,-0.00000e+00,3.16000e+00,
-1.9438097e-01,-0.00000e+00,3.16000e+00,
-1.9423449e-01,-0.00000e+00,3.16000e+00,
-1.9408801e-01,2.00001e-01,3.12000e+00,
-1.9394153e-01,-0.00000e+00,3.16000e+00,
-1.9379506e-01,2.00001e-01,3.12000e+00,
-1.9364858e-01,-0.00000e+00,3.16000e+00,
-1.9350210e-01,-0.00000e+00,3.16000e+00,
-1.9335562e-01,-0.00000e+00,3.16000e+00,
-1.9320914e-01,-0.00000e+00,3.16000e+00,
-1.9306266e-01,-0.00000e+00,3.16000e+00,
-1.9291618e-01,-0.00000e+00,3.16000e+00,
-1.9276971e-01,-0.00000e+00,3.16000e+00,
-1.9262323e-01,-0.00000e+00,3.16000e+00,
-1.9247675e-01,-0.00000e+00,3.16000e+00,
-1.9233027e-01,-0.00000e+00,3.16000e+00,
-1.9218379e-01,2.00001e-01,3.16000e+00,
-1.9203731e-01,-0.00000e+00,3.20000e+00,
-1.9189084e-01,-0.00000e+00,3.16000e+00,
-1.9174436e-01,-0.00000e+00,3.16000e+00,
-1.9159788e-01,2.00001e-01,3.16000e+00,
-1.9145140e-01,-0.00000e+00,3.16000e+00,
-1.9130492e-01,-0.00000e+00,3.20000e+00,
-1.9115844e-01,-0.00000e+00,3.20000e+00,
-1.9101197e-01,-0.00000e+00,3.20000e+00,
-1.9086549e-01,2.00001e-01,3.20000e+00,
-1.9071901e-01,-0.00000e+00,3.20000e+00,
-1.9057253e-01,-0.00000e+00,3.20000e+00,
-1.9042605e-01,-0.00000e+00,3.20000e+00,
-1.9027957e-01,-0.00000e+00,3.20000e+00,
-1.9013309e-01,-0.00000e+00,3.20000e+00,
-1.8998662e-01,2.00001e-01,3.20000e+00,
-1.8984014e-01,-0.00000e+00,3.16000e+00,
-1.8969366e-01,-0.00000e+00,3.20000e+00,
-1.8954718e-01,-0.00000e+00,3.20000e+00,
-1.8940070e-01,-0.00000e+00,3.20000e+00,
-1.8925422e-01,-0.00000e+00,3.20000e+00,
-1.8910775e-01,-0.00000e+00,3.20000e+00,
-1.8896127e-01,2.00001e-01,3.20000e+00,
-1.8881479e-01,2.00001e-01,3.20000e+00,
-1.8866831e-01,-0.00000e+00,3.20000e+00,
-1.8852183e-01,-0.00000e+00,3.20000e+00,
-1.8837535e-01,-0.00000e+00,3.24000e+00,
-1.8822888e-01,-0.00000e+00,3.20000e+00,
-1.8808240e-01,2.00001e-01,3.20000e+00,
-1.8793592e-01,-0.00000e+00,3.20000e+00,
-1.8778944e-01,-0.00000e+00,3.20000e+00,
-1.8764296e-01,-0.00000e+00,3.20000e+00,
-1.8749648e-01,-0.00000e+00,3.20000e+00,
-1.8735000e-01,-0.00000e+00,3.20000e+00,
-1.8720353e-01,2.00001e-01,3.20000e+00,
-1.8705705e-01,2.00001e-01,3.20000e+00,
-1.8691057e-01,2.00001e-01,3.20000e+00,
-1.8676409e-01,2.00001e-01,3.20000e+00,
-1.8661761e-01,-0.00000e+00,3.20000e+00,
-1.8647113e-01,2.00001e-01,3.20000e+00,
-1.8632466e-01,-0.00000e+00,3.20000e+00,
-1.8617818e-01,-0.00000e+00,3.20000e+00,
-1.8603170e-01,-0.00000e+00,3.20000e+00,
-1.8588522e-01,-0.00000e+00,3.20000e+00,
-1.8573874e-01,-0.00000e+00,3.24000e+00,
-1.8559226e-01,2.00001e-01,3.20000e+00,
-1.8544579e-01,-0.00000e+00,3.24000e+00,
-1.8529931e-01,-0.00000e+00,3.20000e+00,
-1.8515283e-01,-0.00000e+00,3.20000e+00,
-1.8500635e-01,2.00001e-01,3.20000e+00,
-1.8485987e-01,2.00001e-01,3.20000e+00,
-1.8471339e-01,2.00001e-01,3.24000e+00,
-1.8456692e-01,2.00001e-01,3.20000e+00,
-1.8442044e-01,-0.00000e+00,3.24000e+00,
-1.8427396e-01,-0.00000e+00,3.28000e+00,
-1.8412748e-01,-0.00000e+00,3.24000e+00,
-1.8398100e-01,2.00001e-01,3.24000e+00,
-1.8383452e-01,2.00001e-01,3.28000e+00,
-1.8368804e-01,-0.00000e+00,3.20000e+00,
-1.8354157e-01,-0.00000e+00,3.24000e+00,
-1.8339509e-01,-0.00000e+00,3.28000e+00,
-1.8324861e-01,2.00001e-01,3.28000e+00,
-1.8310213e-01,-0.00000e+00,3.28000e+00,
-1.8295565e-01,-0.00000e+00,3.28000e+00,
-1.8280917e-01,5.00000e+00,3.20000e+00,
-1.8266270e-01,-0.00000e+00,3.24000e+00,
-1.8251622e-01,-0.00000e+00,3.28000e+00,
-1.8236974e-01,-0.00000e+00,3.24000e+00,
-1.8222326e-01,-0.00000e+00,3.28000e+00,
-1.8207678e-01,-0.00000e+00,3.28000e+00,
-1.8193030e-01,-0.00000e+00,3.24000e+00,
-1.8178383e-01,2.00001e-01,3.28000e+00,
-1.8163735e-01,-0.00000e+00,3.28000e+00,
-1.8149087e-01,-0.00000e+00,3.28000e+00,
-1.8134439e-01,-0.00000e+00,3.28000e+00,
-1.8119791e-01,-0.00000e+00,3.28000e+00,
-1.8105143e-01,-0.00000e+00,3.28000e+00,
-1.8090495e-01,-0.00000e+00,3.28000e+00,
-1.8075848e-01,-0.00000e+00,3.28000e+00,
-1.8061200e-01,2.00001e-01,3.28000e+00,
-1.8046552e-01,2.00001e-01,3.28000e+00,
-1.8031904e-01,-0.00000e+00,3.28000e+00,
-1.8017256e-01,-0.00000e+00,3.28000e+00,
-1.8002608e-01,-0.00000e+00,3.28000e+00,
-1.7987961e-01,-0.00000e+00,3.28000e+00,
-1.7973313e-01,2.00001e-01,3.28000e+00,
-1.7958665e-01,2.00001e-01,3.28000e+00,
-1.7944017e-01,2.00001e-01,3.28000e+00,
-1.7929369e-01,2.00001e-01,3.28000e+00,
-1.7914721e-01,-0.00000e+00,3.28000e+00,
-1.7900074e-01,-0.00000e+00,3.32000e+00,
-1.7885426e-01,2.00001e-01,3.32000e+00,
-1.7870778e-01,-0.00000e+00,3.32000e+00,
-1.7856130e-01,-0.00000e+00,3.28000e+00,
-1.7841482e-01,-0.00000e+00,3.32000e+00,
-1.7826834e-01,-0.00000e+00,3.32000e+00,
-1.7812186e-01,-0.00000e+00,3.32000e+00,
-1.7797539e-01,-0.00000e+00,3.28000e+00,
-1.7782891e-01,-0.00000e+00,3.32000e+00,
-1.7768243e-01,-0.00000e+00,3.32000e+00,
-1.7753595e-01,-0.00000e+00,3.32000e+00,
-1.7738947e-01,-0.00000e+00,3.32000e+00,
-1.7724299e-01,2.00001e-01,3.32000e+00,
-1.7709652e-01,-0.00000e+00,3.32000e+00,
-1.7695004e-01,-0.00000e+00,3.36000e+00,
-1.7680356e-01,-0.00000e+00,3.32000e+00,
-1.7665708e-01,-0.00000e+00,3.32000e+00,
-1.7651060e-01,-0.00000e+00,3.32000e+00,
-1.7636412e-01,-0.00000e+00,3.32000e+00,
-1.7621765e-01,2.00001e-01,3.36000e+00,
-1.7607117e-01,-0.00000e+00,3.32000e+00,
-1.7592469e-01,2.00001e-01,3.36000e+00,
-1.7577821e-01,-0.00000e+00,3.32000e+00,
-1.7563173e-01,-0.00000e+00,3.36000e+00,
-1.7548525e-01,-0.00000e+00,3.36000e+00,
-1.7533877e-01,-0.00000e+00,3.32000e+00,
-1.7519230e-01,2.00001e-01,3.36000e+00,
-1.7504582e-01,-0.00000e+00,3.36000e+00,
-1.7489934e-01,-0.00000e+00,3.36000e+00,
-1.7475286e-01,-0.00000e+00,3.36000e+00,
-1.7460638e-01,-0.00000e+00,3.36000e+00,
-1.7445990e-01,-0.00000e+00,3.36000e+00,
-1.7431343e-01,-0.00000e+00,3.36000e+00,
-1.7416695e-01,-0.00000e+00,3.36000e+00,
-1.7402047e-01,-0.00000e+00,3.36000e+00,
-1.7387399e-01,-0.00000e+00,3.36000e+00,
-1.7372751e-01,-0.00000e+00,3.36000e+00,
-1.7358103e-01,-0.00000e+00,3.36000e+00,
-1.7343456e-01,2.00001e-01,3.36000e+00,
-1.7328808e-01,-0.00000e+00,3.36000e+00,
-1.7314160e-01,2.00001e-01,3.36000e+00,
-1.7299512e-01,-0.00000e+00,3.36000e+00,
-1.7284864e-01,2.00001e-01,3.36000e+00,
-1.7270216e-01,-0.00000e+00,3.36000e+00,
-1.7255569e-01,-0.00000e+00,3.36000e+00,
-1.7240921e-01,-0.00000e+00,3.36000e+00,
-1.7226273e-01,-0.00000e+00,3.36000e+00,
-1.7211625e-01,-0.00000e+00,3.36000e+00,
-1.7196977e-01,-0.00000e+00,3.36000e+00,
-1.7182329e-01,-0.00000e+00,3.36000e+00,
-1.7167681e-01,-0.00000e+00,3.36000e+00,
-1.7153034e-01,-0.00000e+00,3.36000e+00,
-1.7138386e-01,-0.00000e+00,3.36000e+00,
-1.7123738e-01,2.00001e-01,3.36000e+00,
-1.7109090e-01,2.00001e-01,3.36000e+00,
-1.7094442e-01,2.00001e-01,3.36000e+00,
-1.7079794e-01,2.00001e-01,3.36000e+00,
-1.7065147e-01,2.00001e-01,3.36000e+00,
-1.7050499e-01,2.00001e-01,3.36000e+00,
-1.7035851e-01,-0.00000e+00,3.36000e+00,
-1.7021203e-01,2.00001e-01,3.40000e+00,
-1.7006555e-01,2.00001e-01,3.36000e+00,
-1.6991907e-01,-0.00000e+00,3.36000e+00,
-1.6977260e-01,2.00001e-01,3.36000e+00,
-1.6962612e-01,-0.00000e+00,3.36000e+00,
-1.6947964e-01,-0.00000e+00,3.36000e+00,
-1.6933316e-01,-0.00000e+00,3.40000e+00,
-1.6918668e-01,2.00001e-01,3.44000e+00,
-1.6904020e-01,-0.00000e+00,3.40000e+00,
-1.6889372e-01,-0.00000e+00,3.40000e+00,
-1.6874725e-01,2.00001e-01,3.40000e+00,
-1.6860077e-01,-0.00000e+00,3.40000e+00,
-1.6845429e-01,-0.00000e+00,3.40000e+00,
-1.6830781e-01,-0.00000e+00,3.40000e+00,
-1.6816133e-01,-0.00000e+00,3.44000e+00,
-1.6801485e-01,-0.00000e+00,3.44000e+00,
-1.6786838e-01,-0.00000e+00,3.44000e+00,
-1.6772190e-01,-0.00000e+00,3.36000e+00,
-1.6757542e-01,-0.00000e+00,3.44000e+00,
-1.6742894e-01,2.00001e-01,3.44000e+00,
-1.6728246e-01,2.00001e-01,3.40000e+00,
-1.6713598e-01,2.00001e-01,3.40000e+00,
-1.6698951e-01,-0.00000e+00,3.44000e+00,
-1.6684303e-01,2.00001e-01,3.44000e+00,
-1.6669655e-01,-0.00000e+00,3.44000e+00,
-1.6655007e-01,-0.00000e+00,3.40000e+00,
-1.6640359e-01,-0.00000e+00,3.44000e+00,
-1.6625711e-01,-0.00000e+00,3.44000e+00,
-1.6611063e-01,-0.00000e+00,3.44000e+00,
-1.6596416e-01,-0.00000e+00,3.44000e+00,
-1.6581768e-01,-0.00000e+00,3.44000e+00,
-1.6567120e-01,-0.00000e+00,3.44000e+00,
-1.6552472e-01,-0.00000e+00,3.48000e+00,
-1.6537824e-01,-0.00000e+00,3.44000e+00,
-1.6523176e-01,-0.00000e+00,3.44000e+00,
-1.6508529e-01,2.00001e-01,3.48000e+00,
-1.6493881e-01,-0.00000e+00,3.48000e+00,
-1.6479233e-01,-0.00000e+00,3.44000e+00,
-1.6464585e-01,-0.00000e+00,3.44000e+00,
-1.6449937e-01,-0.00000e+00,3.44000e+00,
-1.6435289e-01,-0.00000e+00,3.44000e+00,
-1.6420642e-01,2.00001e-01,3.48000e+00,
-1.6405994e-01,-0.00000e+00,3.44000e+00,
-1.6391346e-01,-0.00000e+00,3.44000e+00,
-1.6376698e-01,-0.00000e+00,3.48000e+00,
-1.6362050e-01,-0.00000e+00,3.48000e+00,
-1.6347402e-01,-0.00000e+00,3.48000e+00,
-1.6332754e-01,-0.00000e+00,3.48000e+00,
-1.6318107e-01,-0.00000e+00,3.48000e+00,
-1.6303459e-01,2.00001e-01,3.48000e+00,
-1.6288811e-01,-0.00000e+00,3.48000e+00,
-1.6274163e-01,2.00001e-01,3.48000e+00,
-1.6259515e-01,-0.00000e+00,3.48000e+00,
-1.6244867e-01,-0.00000e+00,3.48000e+00,
-1.6230220e-01,-0.00000e+00,3.48000e+00,
-1.6215572e-01,-0.00000e+00,3.48000e+00,
-1.6200924e-01,-0.00000e+00,3.48000e+00,
-1.6186276e-01,-0.00000e+00,3.48000e+00,
-1.6171628e-01,-0.00000e+00,3.48000e+00,
-1.6156980e-01,-0.00000e+00,3.52000e+00,
-1.6142333e-01,2.00001e-01,3.52000e+00,
-1.6127685e-01,-0.00000e+00,3.48000e+00,
-1.6113037e-01,-0.00000e+00,3.52000e+00,
-1.6098389e-01,-0.00000e+00,3.48000e+00,
-1.6083741e-01,-0.00000e+00,3.48000e+00,
-1.6069093e-01,-0.00000e+00,3.52000e+00,
-1.6054446e-01,-0.00000e+00,3.48000e+00,
-1.6039798e-01,2.00001e-01,3.52000e+00,
-1.6025150e-01,2.00001e-01,3.52000e+00,
-1.6010502e-01,-0.00000e+00,3.52000e+00,
-1.5995854e-01,-0.00000e+00,3.52000e+00,
-1.5981206e-01,-0.00000e+00,3.52000e+00,
-1.5966558e-01,-0.00000e+00,3.52000e+00,
-1.5951911e-01,-0.00000e+00,3.52000e+00,
-1.5937263e-01,-0.00000e+00,3.52000e+00,
-1.5922615e-01,-0.00000e+00,3.52000e+00,
-1.5907967e-01,-0.00000e+00,3.52000e+00,
-1.5893319e-01,-0.00000e+00,3.52000e+00,
-1.5878671e-01,-0.00000e+00,3.52000e+00,
-1.5864024e-01,-0.00000e+00,3.52000e+00,
-1.5849376e-01,-0.00000e+00,3.52000e+00,
-1.5834728e-01,5.00000e+00,3.48000e+00,
-1.5820080e-01,-0.00000e+00,3.52000e+00,
-1.5805432e-01,-0.00000e+00,3.52000e+00,
-1.5790784e-01,-0.00000e+00,3.52000e+00,
-1.5776137e-01,2.00001e-01,3.52000e+00,
-1.5761489e-01,-0.00000e+00,3.52000e+00,
-1.5746841e-01,-0.00000e+00,3.52000e+00,
-1.5732193e-01,-0.00000e+00,3.52000e+00,
-1.5717545e-01,-0.00000e+00,3.52000e+00,
-1.5702897e-01,-0.00000e+00,3.52000e+00,
-1.5688249e-01,-0.00000e+00,3.52000e+00,
-1.5673602e-01,-0.00000e+00,3.52000e+00,
-1.5658954e-01,-0.00000e+00,3.52000e+00,
-1.5644306e-01,-0.00000e+00,3.52000e+00,
-1.5629658e-01,-0.00000e+00,3.52000e+00,
-1.5615010e-01,-0.00000e+00,3.52000e+00,
-1.5600362e-01,-0.00000e+00,3.52000e+00,
-1.5585715e-01,2.00001e-01,3.52000e+00,
-1.5571067e-01,2.00001e-01,3.56000e+00,
-1.5556419e-01,-0.00000e+00,3.52000e+00,
-1.5541771e-01,2.00001e-01,3.52000e+00,
-1.5527123e-01,-0.00000e+00,3.52000e+00,
-1.5512475e-01,2.00001e-01,3.56000e+00,
-1.5497828e-01,-0.00000e+00,3.52000e+00,
-1.5483180e-01,2.00001e-01,3.52000e+00,
-1.5468532e-01,2.00001e-01,3.52000e+00,
-1.5453884e-01,-0.00000e+00,3.60000e+00,
-1.5439236e-01,-0.00000e+00,3.60000e+00,
-1.5424588e-01,2.00001e-01,3.60000e+00,
-1.5409940e-01,-0.00000e+00,3.60000e+00,
-1.5395293e-01,-0.00000e+00,3.56000e+00,
-1.5380645e-01,2.00001e-01,3.60000e+00,
-1.5365997e-01,-0.00000e+00,3.56000e+00,
-1.5351349e-01,-0.00000e+00,3.60000e+00,
-1.5336701e-01,-0.00000e+00,3.60000e+00,
-1.5322053e-01,-0.00000e+00,3.60000e+00,
-1.5307406e-01,-0.00000e+00,3.60000e+00,
-1.5292758e-01,-0.00000e+00,3.60000e+00,
-1.5278110e-01,-0.00000e+00,3.60000e+00,
-1.5263462e-01,-0.00000e+00,3.60000e+00,
-1.5248814e-01,-0.00000e+00,3.60000e+00,
-1.5234166e-01,-0.00000e+00,3.60000e+00,
-1.5219519e-01,-0.00000e+00,3.60000e+00,
-1.5204871e-01,-0.00000e+00,3.64000e+00,
-1.5190223e-01,2.00001e-01,3.64000e+00,
-1.5175575e-01,-0.00000e+00,3.60000e+00,
-1.5160927e-01,-0.00000e+00,3.60000e+00,
-1.5146279e-01,2.00001e-01,3.60000e+00,
-1.5131631e-01,2.00001e-01,3.60000e+00,
-1.5116984e-01,-0.00000e+00,3.60000e+00,
-1.5102336e-01,-0.00000e+00,3.64000e+00,
-1.5087688e-01,-0.00000e+00,3.64000e+00,
-1.5073040e-01,-0.00000e+00,3.64000e+00,
-1.5058392e-01,2.00001e-01,3.60000e+00,
-1.5043744e-01,-0.00000e+00,3.64000e+00,
-1.5029097e-01,2.00001e-01,3.64000e+00,
-1.5014449e-01,-0.00000e+00,3.64000e+00,
-1.4999801e-01,-0.00000e+00,3.64000e+00,
-1.4985153e-01,-0.00000e+00,3.68000e+00,
-1.4970505e-01,-0.00000e+00,3.64000e+00,
-1.4955857e-01,-0.00000e+00,3.64000e+00,
-1.4941210e-01,-0.00000e+00,3.64000e+00,
-1.4926562e-01,-0.00000e+00,3.64000e+00,
-1.4911914e-01,-0.00000e+00,3.64000e+00,
-1.4897266e-01,2.00001e-01,3.64000e+00,
-1.4882618e-01,-0.00000e+00,3.68000e+00,
-1.4867970e-01,-0.00000e+00,3.68000e+00,
-1.4853323e-01,-0.00000e+00,3.64000e+00,
-1.4838675e-01,2.00001e-01,3.68000e+00,
-1.4824027e-01,-0.00000e+00,3.64000e+00,
-1.4809379e-01,-0.00000e+00,3.64000e+00,
-1.4794731e-01,-0.00000e+00,3.64000e+00,
-1.4780083e-01,2.00001e-01,3.64000e+00,
-1.4765435e-01,2.00001e-01,3.68000e+00,
-1.4750788e-01,-0.00000e+00,3.68000e+00,
-1.4736140e-01,-0.00000e+00,3.68000e+00,
-1.4721492e-01,-0.00000e+00,3.68000e+00,
-1.4706844e-01,-0.00000e+00,3.68000e+00,
-1.4692196e-01,-0.00000e+00,3.68000e+00,
-1.4677548e-01,-0.00000e+00,3.68000e+00,
-1.4662901e-01,-0.00000e+00,3.68000e+00,
-1.4648253e-01,-0.00000e+00,3.68000e+00,
-1.4633605e-01,-0.00000e+00,3.68000e+00,
-1.4618957e-01,-0.00000e+00,3.68000e+00,
-1.4604309e-01,-0.00000e+00,3.68000e+00,
-1.4589661e-01,-0.00000e+00,3.68000e+00,
-1.4575014e-01,2.00001e-01,3.68000e+00,
-1.4560366e-01,-0.00000e+00,3.68000e+00,
-1.4545718e-01,-0.00000e+00,3.68000e+00,
-1.4531070e-01,-0.00000e+00,3.68000e+00,
-1.4516422e-01,-0.00000e+00,3.68000e+00,
-1.4501774e-01,-0.00000e+00,3.68000e+00,
-1.4487126e-01,-0.00000e+00,3.68000e+00,
-1.4472479e-01,-0.00000e+00,3.68000e+00,
-1.4457831e-01,-0.00000e+00,3.68000e+00,
-1.4443183e-01,2.00001e-01,3.68000e+00,
-1.4428535e-01,-0.00000e+00,3.68000e+00,
-1.4413887e-01,-0.00000e+00,3.68000e+00,
-1.4399239e-01,-0.00000e+00,3.68000e+00,
-1.4384592e-01,-0.00000e+00,3.68000e+00,
-1.4369944e-01,2.00001e-01,3.68000e+00,
-1.4355296e-01,-0.00000e+00,3.68000e+00,
-1.4340648e-01,-0.00000e+00,3.68000e+00,
-1.4326000e-01,-0.00000e+00,3.68000e+00,
-1.4311352e-01,2.00001e-01,3.68000e+00,
-1.4296705e-01,-0.00000e+00,3.64000e+00,
-1.4282057e-01,2.00001e-01,3.68000e+00,
-1.4267409e-01,-0.00000e+00,3.68000e+00,
-1.4252761e-01,-0.00000e+00,3.68000e+00,
-1.4238113e-01,2.00001e-01,3.68000e+00,
-1.4223465e-01,2.00001e-01,3.72000e+00,
-1.4208817e-01,-0.00000e+00,3.68000e+00,
-1.4194170e-01,2.00001e-01,3.68000e+00,
-1.4179522e-01,-0.00000e+00,3.68000e+00,
-1.4164874e-01,2.00001e-01,3.76000e+00,
-1.4150226e-01,2.00001e-01,3.68000e+00,
-1.4135578e-01,2.00001e-01,3.68000e+00,
-1.4120930e-01,-0.00000e+00,3.72000e+00,
-1.4106283e-01,2.00001e-01,3.72000e+00,
-1.4091635e-01,-0.00000e+00,3.76000e+00,
-1.4076987e-01,-0.00000e+00,3.72000e+00,
-1.4062339e-01,2.00001e-01,3.76000e+00,
-1.4047691e-01,2.00001e-01,3.72000e+00,
-1.4033043e-01,-0.00000e+00,3.76000e+00,
-1.4018396e-01,-0.00000e+00,3.76000e+00,
-1.4003748e-01,-0.00000e+00,3.72000e+00,
-1.3989100e-01,2.00001e-01,3.72000e+00,
-1.3974452e-01,-0.00000e+00,3.72000e+00,
-1.3959804e-01,-0.00000e+00,3.76000e+00,
-1.3945156e-01,-0.00000e+00,3.76000e+00,
-1.3930508e-01,-0.00000e+00,3.76000e+00,
-1.3915861e-01,-0.00000e+00,3.76000e+00,
-1.3901213e-01,-0.00000e+00,3.72000e+00,
-1.3886565e-01,2.00001e-01,3.76000e+00,
-1.3871917e-01,-0.00000e+00,3.76000e+00,
-1.3857269e-01,-0.00000e+00,3.76000e+00,
-1.3842621e-01,-0.00000e+00,3.76000e+00,
-1.3827974e-01,-0.00000e+00,3.76000e+00,
-1.3813326e-01,-0.00000e+00,3.72000e+00,
-1.3798678e-01,-0.00000e+00,3.80000e+00,
-1.3784030e-01,2.00001e-01,3.76000e+00,
-1.3769382e-01,2.00001e-01,3.76000e+00,
-1.3754734e-01,-0.00000e+00,3.76000e+00,
-1.3740087e-01,-0.00000e+00,3.76000e+00,
-1.3725439e-01,2.00001e-01,3.76000e+00,
-1.3710791e-01,2.00001e-01,3.76000e+00,
-1.3696143e-01,2.00001e-01,3.80000e+00,
-1.3681495e-01,-0.00000e+00,3.76000e+00,
-1.3666847e-01,2.00001e-01,3.80000e+00,
-1.3652200e-01,-0.00000e+00,3.80000e+00,
-1.3637552e-01,-0.00000e+00,3.76000e+00,
-1.3622904e-01,-0.00000e+00,3.80000e+00,
-1.3608256e-01,-0.00000e+00,3.80000e+00,
-1.3593608e-01,-0.00000e+00,3.76000e+00,
-1.3578960e-01,2.00001e-01,3.80000e+00,
-1.3564312e-01,-0.00000e+00,3.80000e+00,
-1.3549665e-01,-0.00000e+00,3.80000e+00,
-1.3535017e-01,-0.00000e+00,3.80000e+00,
-1.3520369e-01,-0.00000e+00,3.80000e+00,
-1.3505721e-01,-0.00000e+00,3.80000e+00,
-1.3491073e-01,-0.00000e+00,3.80000e+00,
-1.3476425e-01,-0.00000e+00,3.80000e+00,
-1.3461778e-01,-0.00000e+00,3.80000e+00,
-1.3447130e-01,-0.00000e+00,3.80000e+00,
-1.3432482e-01,-0.00000e+00,3.80000e+00,
-1.3417834e-01,-0.00000e+00,3.84000e+00,
-1.3403186e-01,-0.00000e+00,3.80000e+00,
-1.3388538e-01,-0.00000e+00,3.80000e+00,
-1.3373891e-01,-0.00000e+00,3.80000e+00,
-1.3359243e-01,-0.00000e+00,3.84000e+00,
-1.3344595e-01,-0.00000e+00,3.80000e+00,
-1.3329947e-01,-0.00000e+00,3.80000e+00,
-1.3315299e-01,-0.00000e+00,3.84000e+00,
-1.3300651e-01,-0.00000e+00,3.80000e+00,
-1.3286003e-01,-0.00000e+00,3.80000e+00,
-1.3271356e-01,-0.00000e+00,3.80000e+00,
-1.3256708e-01,-0.00000e+00,3.84000e+00,
-1.3242060e-01,2.00001e-01,3.84000e+00,
-1.3227412e-01,-0.00000e+00,3.84000e+00,
-1.3212764e-01,2.00001e-01,3.84000e+00,
-1.3198116e-01,-0.00000e+00,3.84000e+00,
-1.3183469e-01,-0.00000e+00,3.84000e+00,
-1.3168821e-01,-0.00000e+00,3.84000e+00,
-1.3154173e-01,-0.00000e+00,3.80000e+00,
-1.3139525e-01,-0.00000e+00,3.84000e+00,
-1.3124877e-01,-0.00000e+00,3.84000e+00,
-1.3110229e-01,-0.00000e+00,3.84000e+00,
-1.3095582e-01,-0.00000e+00,3.84000e+00,
-1.3080934e-01,-0.00000e+00,3.84000e+00,
-1.3066286e-01,-0.00000e+00,3.84000e+00,
-1.3051638e-01,-0.00000e+00,3.84000e+00,
-1.3036990e-01,-0.00000e+00,3.84000e+00,
-1.3022342e-01,-0.00000e+00,3.84000e+00,
-1.3007694e-01,-0.00000e+00,3.84000e+00,
-1.2993047e-01,-0.00000e+00,3.84000e+00,
-1.2978399e-01,-0.00000e+00,3.84000e+00,
-1.2963751e-01,2.00001e-01,3.84000e+00,
-1.2949103e-01,-0.00000e+00,3.84000e+00,
-1.2934455e-01,2.00001e-01,3.84000e+00,
-1.2919807e-01,-0.00000e+00,3.84000e+00,
-1.2905160e-01,2.00001e-01,3.84000e+00,
-1.2890512e-01,-0.00000e+00,3.84000e+00,
-1.2875864e-01,-0.00000e+00,3.84000e+00,
-1.2861216e-01,2.00001e-01,3.84000e+00,
-1.2846568e-01,2.00001e-01,3.84000e+00,
-1.2831920e-01,-0.00000e+00,3.84000e+00,
-1.2817273e-01,-0.00000e+00,3.84000e+00,
-1.2802625e-01,2.00001e-01,3.84000e+00,
-1.2787977e-01,-0.00000e+00,3.84000e+00,
-1.2773329e-01,2.00001e-01,3.84000e+00,
-1.2758681e-01,-0.00000e+00,3.84000e+00,
-1.2744033e-01,-0.00000e+00,3.84000e+00,
-1.2729385e-01,-0.00000e+00,3.84000e+00,
-1.2714738e-01,2.00001e-01,3.84000e+00,
-1.2700090e-01,-0.00000e+00,3.84000e+00,
-1.2685442e-01,-0.00000e+00,3.84000e+00,
-1.2670794e-01,-0.00000e+00,3.84000e+00,
-1.2656146e-01,-0.00000e+00,3.84000e+00,
-1.2641498e-01,-0.00000e+00,3.84000e+00,
-1.2626851e-01,-0.00000e+00,3.84000e+00,
-1.2612203e-01,-0.00000e+00,3.84000e+00,
-1.2597555e-01,-0.00000e+00,3.84000e+00,
-1.2582907e-01,-0.00000e+00,3.84000e+00,
-1.2568259e-01,-0.00000e+00,3.84000e+00,
-1.2553611e-01,-0.00000e+00,3.88000e+00,
-1.2538964e-01,2.00001e-01,3.88000e+00,
-1.2524316e-01,-0.00000e+00,3.88000e+00,
-1.2509668e-01,2.00001e-01,3.88000e+00,
-1.2495019e-01,2.00001e-01,3.92000e+00,
-1.2480371e-01,-0.00000e+00,3.84000e+00,
-1.2465722e-01,-0.00000e+00,3.88000e+00,
-1.2451074e-01,-0.00000e+00,3.84000e+00,
-1.2436425e-01,-0.00000e+00,3.84000e+00,
-1.2421776e-01,2.00001e-01,3.84000e+00,
-1.2407128e-01,-0.00000e+00,3.88000e+00,
-1.2392479e-01,2.00001e-01,3.88000e+00,
-1.2377831e-01,-0.00000e+00,3.84000e+00,
-1.2363182e-01,2.00001e-01,3.84000e+00,
-1.2348533e-01,2.00001e-01,3.84000e+00,
-1.2333885e-01,-0.00000e+00,3.88000e+00,
-1.2319236e-01,2.00001e-01,3.88000e+00,
-1.2304588e-01,-0.00000e+00,3.88000e+00,
-1.2289939e-01,-0.00000e+00,3.84000e+00,
-1.2275290e-01,2.00001e-01,3.92000e+00,
-1.2260642e-01,-0.00000e+00,3.84000e+00,
-1.2245993e-01,-0.00000e+00,3.84000e+00,
-1.2231345e-01,2.00001e-01,3.84000e+00,
-1.2216696e-01,2.00001e-01,3.88000e+00,
-1.2202048e-01,-0.00000e+00,3.84000e+00,
-1.2187399e-01,2.00001e-01,3.88000e+00,
-1.2172750e-01,2.00001e-01,3.88000e+00,
-1.2158102e-01,2.00001e-01,3.88000e+00,
-1.2143453e-01,-0.00000e+00,3.88000e+00,
-1.2128805e-01,2.00001e-01,3.88000e+00,
-1.2114156e-01,-0.00000e+00,3.88000e+00,
-1.2099507e-01,2.00001e-01,3.92000e+00,
-1.2084859e-01,-0.00000e+00,3.84000e+00,
-1.2070210e-01,-0.00000e+00,3.88000e+00,
-1.2055562e-01,2.00001e-01,3.88000e+00,
-1.2040913e-01,2.00001e-01,3.88000e+00,
-1.2026265e-01,-0.00000e+00,3.84000e+00,
-1.2011616e-01,2.00001e-01,3.88000e+00,
-1.1996967e-01,-0.00000e+00,3.84000e+00,
-1.1982319e-01,2.00001e-01,3.92000e+00,
-1.1967670e-01,-0.00000e+00,3.92000e+00,
-1.1953022e-01,-0.00000e+00,3.92000e+00,
-1.1938373e-01,-0.00000e+00,3.88000e+00,
-1.1923724e-01,-0.00000e+00,3.88000e+00,
-1.1909076e-01,-0.00000e+00,3.88000e+00,
-1.1894427e-01,-0.00000e+00,3.92000e+00,
-1.1879779e-01,2.00001e-01,3.88000e+00,
-1.1865130e-01,2.00001e-01,3.92000e+00,
-1.1850481e-01,2.00001e-01,3.92000e+00,
-1.1835833e-01,-0.00000e+00,3.92000e+00,
-1.1821184e-01,-0.00000e+00,3.92000e+00,
-1.1806536e-01,2.00001e-01,3.88000e+00,
-1.1791887e-01,-0.00000e+00,3.96000e+00,
-1.1777239e-01,2.00001e-01,3.92000e+00,
-1.1762590e-01,-0.00000e+00,3.88000e+00,
-1.1747941e-01,-0.00000e+00,3.92000e+00,
-1.1733293e-01,2.00001e-01,3.88000e+00,
-1.1718644e-01,-0.00000e+00,3.88000e+00,
-1.1703996e-01,-0.00000e+00,3.92000e+00,
-1.1689347e-01,2.00001e-01,3.88000e+00,
-1.1674698e-01,2.00001e-01,3.92000e+00,
-1.1660050e-01,-0.00000e+00,3.92000e+00,
-1.1645401e-01,-0.00000e+00,3.84000e+00,
-1.1630753e-01,-0.00000e+00,3.88000e+00,
-1.1616104e-01,2.00001e-01,3.88000e+00,
-1.1601456e-01,2.00001e-01,3.92000e+00,
-1.1586807e-01,-0.00000e+00,3.92000e+00,
-1.1572158e-01,2.00001e-01,3.92000e+00,
-1.1557510e-01,-0.00000e+00,3.92000e+00,
-1.1542861e-01,-0.00000e+00,3.88000e+00,
-1.1528213e-01,2.00001e-01,3.92000e+00,
-1.1513564e-01,2.00001e-01,3.92000e+00,
-1.1498915e-01,-0.00000e+00,3.84000e+00,
-1.1484267e-01,-0.00000e+00,3.92000e+00,
-1.1469618e-01,-0.00000e+00,3.92000e+00,
-1.1454970e-01,2.00001e-01,3.92000e+00,
-1.1440321e-01,2.00001e-01,3.88000e+00,
-1.1425672e-01,-0.00000e+00,3.92000e+00,
-1.1411024e-01,-0.00000e+00,3.92000e+00,
-1.1396375e-01,-0.00000e+00,3.92000e+00,
-1.1381727e-01,-0.00000e+00,3.92000e+00,
-1.1367078e-01,-0.00000e+00,3.92000e+00,
-1.1352430e-01,-0.00000e+00,3.88000e+00,
-1.1337781e-01,-0.00000e+00,3.92000e+00,
-1.1323132e-01,-0.00000e+00,3.92000e+00,
-1.1308484e-01,-0.00000e+00,3.88000e+00,
-1.1293835e-01,-0.00000e+00,3.92000e+00,
-1.1279187e-01,-0.00000e+00,3.88000e+00,
-1.1264538e-01,-0.00000e+00,3.92000e+00,
-1.1249889e-01,-0.00000e+00,3.92000e+00,
-1.1235241e-01,-0.00000e+00,3.92000e+00,
-1.1220592e-01,2.00001e-01,3.92000e+00,
-1.1205944e-01,-0.00000e+00,3.92000e+00,
-1.1191295e-01,-0.00000e+00,3.92000e+00,
-1.1176647e-01,-0.00000e+00,3.88000e+00,
-1.1161998e-01,-0.00000e+00,3.92000e+00,
-1.1147349e-01,-0.00000e+00,3.92000e+00,
-1.1132701e-01,-0.00000e+00,3.92000e+00,
-1.1118052e-01,-0.00000e+00,3.92000e+00,
-1.1103404e-01,-0.00000e+00,3.92000e+00,
-1.1088755e-01,-0.00000e+00,3.92000e+00,
-1.1074106e-01,-0.00000e+00,3.92000e+00,
-1.1059458e-01,-0.00000e+00,3.92000e+00,
-1.1044809e-01,-0.00000e+00,3.92000e+00,
-1.1030161e-01,-0.00000e+00,3.92000e+00,
-1.1015512e-01,-0.00000e+00,3.88000e+00,
-1.1000863e-01,-0.00000e+00,3.92000e+00,
-1.0986215e-01,-0.00000e+00,3.92000e+00,
-1.0971566e-01,-0.00000e+00,3.92000e+00,
-1.0956918e-01,-0.00000e+00,3.92000e+00,
-1.0942269e-01,-0.00000e+00,3.88000e+00,
-1.0927621e-01,-0.00000e+00,3.92000e+00,
-1.0912972e-01,-0.00000e+00,3.92000e+00,
-1.0898323e-01,-0.00000e+00,3.92000e+00,
-1.0883675e-01,-0.00000e+00,3.92000e+00,
-1.0869026e-01,-0.00000e+00,3.92000e+00,
-1.0854378e-01,-0.00000e+00,3.92000e+00,
-1.0839729e-01,-0.00000e+00,3.92000e+00,
-1.0825080e-01,-0.00000e+00,3.92000e+00,
-1.0810432e-01,-0.00000e+00,3.92000e+00,
-1.0795783e-01,-0.00000e+00,3.92000e+00,
-1.0781135e-01,-0.00000e+00,3.92000e+00,
-1.0766486e-01,-0.00000e+00,3.92000e+00,
-1.0751837e-01,2.00001e-01,3.92000e+00,
-1.0737189e-01,-0.00000e+00,3.92000e+00,
-1.0722540e-01,-0.00000e+00,3.92000e+00,
-1.0707892e-01,-0.00000e+00,3.92000e+00,
-1.0693243e-01,-0.00000e+00,3.92000e+00,
-1.0678595e-01,-0.00000e+00,3.92000e+00,
-1.0663946e-01,-0.00000e+00,3.92000e+00,
-1.0649297e-01,-0.00000e+00,3.92000e+00,
-1.0634649e-01,-0.00000e+00,3.92000e+00,
-1.0620000e-01,-0.00000e+00,3.92000e+00,
-1.0605352e-01,-0.00000e+00,3.92000e+00,
-1.0590703e-01,-0.00000e+00,3.92000e+00,
-1.0576054e-01,-0.00000e+00,3.92000e+00,
-1.0561406e-01,-0.00000e+00,3.92000e+00,
-1.0546757e-01,2.00001e-01,3.92000e+00,
-1.0532109e-01,-0.00000e+00,3.92000e+00,
-1.0517460e-01,-0.00000e+00,3.92000e+00,
-1.0502812e-01,-0.00000e+00,3.92000e+00,
-1.0488163e-01,-0.00000e+00,3.92000e+00,
-1.0473514e-01,-0.00000e+00,3.92000e+00,
-1.0458866e-01,-0.00000e+00,3.92000e+00,
-1.0444217e-01,-0.00000e+00,3.92000e+00,
-1.0429569e-01,-0.00000e+00,3.92000e+00,
-1.0414920e-01,-0.00000e+00,3.92000e+00,
-1.0400271e-01,-0.00000e+00,3.92000e+00,
-1.0385623e-01,-0.00000e+00,3.92000e+00,
-1.0370974e-01,-0.00000e+00,3.92000e+00,
-1.0356326e-01,-0.00000e+00,3.92000e+00,
-1.0341677e-01,-0.00000e+00,3.92000e+00,
-1.0327028e-01,-0.00000e+00,3.92000e+00,
-1.0312380e-01,-0.00000e+00,3.92000e+00,
-1.0297731e-01,-0.00000e+00,3.92000e+00,
-1.0283083e-01,-0.00000e+00,3.92000e+00,
-1.0268434e-01,-0.00000e+00,3.92000e+00,
-1.0253786e-01,-0.00000e+00,3.92000e+00,
-1.0239137e-01,-0.00000e+00,3.92000e+00,
-1.0224488e-01,-0.00000e+00,3.92000e+00,
-1.0209840e-01,-0.00000e+00,3.88000e+00,
-1.0195191e-01,-0.00000e+00,3.92000e+00,
-1.0180543e-01,-0.00000e+00,3.92000e+00,
-1.0165894e-01,-0.00000e+00,3.92000e+00,
-1.0151245e-01,-0.00000e+00,3.92000e+00,
-1.0136597e-01,-0.00000e+00,3.88000e+00,
-1.0121948e-01,-0.00000e+00,3.92000e+00,
-1.0107300e-01,-0.00000e+00,3.92000e+00,
-1.0092651e-01,2.00001e-01,3.92000e+00,
-1.0078003e-01,-0.00000e+00,3.92000e+00,
-1.0063354e-01,-0.00000e+00,3.92000e+00,
-1.0048705e-01,2.00001e-01,3.92000e+00,
-1.0034057e-01,-0.00000e+00,3.92000e+00,
-1.0019408e-01,2.00001e-01,3.96000e+00,
-1.0004760e-01,-0.00000e+00,3.88000e+00,
-9.9901110e-02,-0.00000e+00,3.92000e+00,
-9.9754624e-02,-0.00000e+00,3.92000e+00,
-9.9608138e-02,-0.00000e+00,3.92000e+00,
-9.9461652e-02,-0.00000e+00,3.92000e+00,
-9.9315166e-02,-0.00000e+00,3.92000e+00,
-9.9168681e-02,-0.00000e+00,3.92000e+00,
-9.9022195e-02,-0.00000e+00,3.92000e+00,
-9.8875709e-02,-0.00000e+00,3.92000e+00,
-9.8729223e-02,-0.00000e+00,3.92000e+00,
-9.8582737e-02,-0.00000e+00,3.92000e+00,
-9.8436251e-02,-0.00000e+00,3.92000e+00,
-9.8289765e-02,-0.00000e+00,3.96000e+00,
-9.8143280e-02,-0.00000e+00,3.92000e+00,
-9.7996794e-02,2.00001e-01,3.88000e+00,
-9.7850308e-02,-0.00000e+00,3.92000e+00,
-9.7703822e-02,-0.00000e+00,3.92000e+00,
-9.7557336e-02,-0.00000e+00,3.92000e+00,
-9.7410850e-02,-0.00000e+00,3.92000e+00,
-9.7264364e-02,-0.00000e+00,3.92000e+00,
-9.7117878e-02,-0.00000e+00,3.92000e+00,
-9.6971393e-02,-0.00000e+00,3.92000e+00,
-9.6824907e-02,-0.00000e+00,3.88000e+00,
-9.6678421e-02,-0.00000e+00,3.92000e+00,
-9.6531935e-02,-0.00000e+00,3.92000e+00,
-9.6385449e-02,-0.00000e+00,3.92000e+00,
-9.6238963e-02,-0.00000e+00,3.92000e+00,
-9.6092477e-02,-0.00000e+00,3.92000e+00,
-9.5945992e-02,2.00001e-01,3.92000e+00,
-9.5799506e-02,-0.00000e+00,3.92000e+00,
-9.5653020e-02,5.00000e+00,3.88000e+00,
-9.5506534e-02,-0.00000e+00,3.92000e+00,
-9.5360048e-02,-0.00000e+00,3.92000e+00,
-9.5213562e-02,-0.00000e+00,3.92000e+00,
-9.5067076e-02,-0.00000e+00,3.92000e+00,
-9.4920591e-02,-0.00000e+00,3.92000e+00,
-9.4774105e-02,-0.00000e+00,3.92000e+00,
-9.4627619e-02,-0.00000e+00,3.92000e+00,
-9.4481133e-02,-0.00000e+00,3.96000e+00,
-9.4334647e-02,-0.00000e+00,3.92000e+00,
-9.4188161e-02,-0.00000e+00,3.92000e+00,
-9.4041675e-02,2.00001e-01,3.92000e+00,
-9.3895189e-02,-0.00000e+00,3.92000e+00,
-9.3748704e-02,-0.00000e+00,3.92000e+00,
-9.3602218e-02,-0.00000e+00,3.92000e+00,
-9.3455732e-02,-0.00000e+00,3.92000e+00,
-9.3309246e-02,-0.00000e+00,3.92000e+00,
-9.3162760e-02,-0.00000e+00,3.92000e+00,
-9.3016274e-02,-0.00000e+00,3.92000e+00,
-9.2869788e-02,-0.00000e+00,3.92000e+00,
-9.2723303e-02,-0.00000e+00,3.92000e+00,
-9.2576817e-02,2.00001e-01,3.92000e+00,
-9.2430331e-02,-0.00000e+00,3.92000e+00,
-9.2283845e-02,-0.00000e+00,3.92000e+00,
-9.2137359e-02,2.00001e-01,3.92000e+00,
-9.1990873e-02,-0.00000e+00,3.92000e+00,
-9.1844387e-02,-0.00000e+00,3.92000e+00,
-9.1697901e-02,-0.00000e+00,3.92000e+00,
-9.1551416e-02,-0.00000e+00,3.92000e+00,
-9.1404930e-02,-0.00000e+00,3.96000e+00,
-9.1258444e-02,-0.00000e+00,3.92000e+00,
-9.1111958e-02,-0.00000e+00,3.92000e+00,
-9.0965472e-02,-0.00000e+00,3.92000e+00,
-9.0818986e-02,2.00001e-01,3.92000e+00,
-9.0672500e-02,-0.00000e+00,3.92000e+00,
-9.0526015e-02,-0.00000e+00,3.92000e+00,
-9.0379529e-02,-0.00000e+00,3.92000e+00,
-9.0233043e-02,-0.00000e+00,3.92000e+00,
-9.0086557e-02,-0.00000e+00,3.92000e+00,
-8.9940071e-02,-0.00000e+00,3.92000e+00,
-8.9793585e-02,-0.00000e+00,3.92000e+00,
-8.9647099e-02,2.00001e-01,3.92000e+00,
-8.9500614e-02,-0.00000e+00,3.92000e+00,
-8.9354128e-02,-0.00000e+00,3.96000e+00,
-8.9207642e-02,-0.00000e+00,3.96000e+00,
-8.9061156e-02,-0.00000e+00,3.92000e+00,
-8.8914670e-02,2.00001e-01,3.92000e+00,
-8.8768184e-02,-0.00000e+00,3.92000e+00,
-8.8621698e-02,-0.00000e+00,3.92000e+00,
-8.8475212e-02,-0.00000e+00,3.92000e+00,
-8.8328727e-02,-0.00000e+00,3.92000e+00,
-8.8182241e-02,-0.00000e+00,3.96000e+00,
-8.8035755e-02,-0.00000e+00,3.92000e+00,
-8.7889269e-02,-0.00000e+00,3.96000e+00,
-8.7742783e-02,-0.00000e+00,3.92000e+00,
-8.7596297e-02,2.00001e-01,3.92000e+00,
-8.7449811e-02,-0.00000e+00,3.92000e+00,
-8.7303326e-02,-0.00000e+00,3.92000e+00,
-8.7156840e-02,-0.00000e+00,3.92000e+00,
-8.7010354e-02,2.00001e-01,3.96000e+00,
-8.6863868e-02,-0.00000e+00,3.92000e+00,
-8.6717382e-02,-0.00000e+00,3.92000e+00,
-8.6570896e-02,-0.00000e+00,3.92000e+00,
-8.6424410e-02,-0.00000e+00,3.92000e+00,
-8.6277924e-02,2.00001e-01,3.92000e+00,
-8.6131439e-02,2.00001e-01,3.92000e+00,
-8.5984953e-02,2.00001e-01,3.92000e+00,
-8.5838467e-02,-0.00000e+00,3.92000e+00,
-8.5691981e-02,-0.00000e+00,3.92000e+00,
-8.5545495e-02,-0.00000e+00,3.92000e+00,
-8.5399009e-02,-0.00000e+00,3.92000e+00,
-8.5252523e-02,-0.00000e+00,3.92000e+00,
-8.5106038e-02,-0.00000e+00,3.96000e+00,
-8.4959552e-02,-0.00000e+00,3.96000e+00,
-8.4813066e-02,-0.00000e+00,3.92000e+00,
-8.4666580e-02,-0.00000e+00,3.92000e+00,
-8.4520094e-02,-0.00000e+00,3.92000e+00,
-8.4373608e-02,-0.00000e+00,3.88000e+00,
-8.4227122e-02,-0.00000e+00,3.92000e+00,
-8.4080637e-02,2.00001e-01,3.92000e+00,
-8.3934151e-02,-0.00000e+00,3.96000e+00,
-8.3787665e-02,-0.00000e+00,3.96000e+00,
-8.3641179e-02,-0.00000e+00,3.92000e+00,
-8.3494693e-02,2.00001e-01,3.92000e+00,
-8.3348207e-02,-0.00000e+00,3.92000e+00,
-8.3201721e-02,-0.00000e+00,3.92000e+00,
-8.3055235e-02,2.00001e-01,3.96000e+00,
-8.2908750e-02,-0.00000e+00,3.96000e+00,
-8.2762264e-02,-0.00000e+00,3.92000e+00,
-8.2615778e-02,2.00001e-01,3.92000e+00,
-8.2469292e-02,-0.00000e+00,3.92000e+00,
-8.2322806e-02,-0.00000e+00,3.92000e+00,
-8.2176320e-02,-0.00000e+00,3.92000e+00,
-8.2029834e-02,-0.00000e+00,3.92000e+00,
-8.1883349e-02,2.00001e-01,3.96000e+00,
-8.1736863e-02,-0.00000e+00,3.96000e+00,
-8.1590377e-02,-0.00000e+00,3.96000e+00,
-8.1443891e-02,-0.00000e+00,3.92000e+00,
-8.1297405e-02,-0.00000e+00,3.92000e+00,
-8.1150919e-02,-0.00000e+00,3.96000e+00,
-8.1004433e-02,-0.00000e+00,3.92000e+00,
-8.0857947e-02,-0.00000e+00,3.92000e+00,
-8.0711462e-02,-0.00000e+00,3.92000e+00,
-8.0564976e-02,-0.00000e+00,3.92000e+00,
-8.0418490e-02,-0.00000e+00,3.92000e+00,
-8.0272004e-02,-0.00000e+00,3.92000e+00,
-8.0125518e-02,2.00001e-01,3.92000e+00,
-7.9979032e-02,-0.00000e+00,3.92000e+00,
-7.9832546e-02,-0.00000e+00,3.92000e+00,
-7.9686061e-02,-0.00000e+00,3.92000e+00,
-7.9539575e-02,-0.00000e+00,3.92000e+00,
-7.9393089e-02,-0.00000e+00,3.92000e+00,
-7.9246603e-02,-0.00000e+00,3.92000e+00,
-7.9100117e-02,-0.00000e+00,3.92000e+00,
-7.8953631e-02,2.00001e-01,3.92000e+00,
-7.8807145e-02,-0.00000e+00,3.96000e+00,
-7.8660659e-02,-0.00000e+00,3.96000e+00,
-7.8514174e-02,-0.00000e+00,3.92000e+00,
-7.8367688e-02,-0.00000e+00,3.96000e+00,
-7.8221202e-02,-0.00000e+00,3.92000e+00,
-7.8074716e-02,-0.00000e+00,3.92000e+00,
-7.7928230e-02,-0.00000e+00,3.92000e+00,
-7.7781744e-02,-0.00000e+00,3.92000e+00,
-7.7635258e-02,-0.00000e+00,3.92000e+00,
-7.7488773e-02,-0.00000e+00,3.96000e+00,
-7.7342287e-02,-0.00000e+00,3.92000e+00,
-7.7195801e-02,-0.00000e+00,3.96000e+00,
-7.7049315e-02,-0.00000e+00,3.92000e+00,
-7.6902829e-02,-0.00000e+00,3.92000e+00,
-7.6756343e-02,-0.00000e+00,3.92000e+00,
-7.6609857e-02,-0.00000e+00,3.92000e+00,
-7.6463372e-02,-0.00000e+00,3.92000e+00,
-7.6316886e-02,-0.00000e+00,3.92000e+00,
-7.6170400e-02,-0.00000e+00,3.92000e+00,
-7.6023914e-02,-0.00000e+00,3.92000e+00,
-7.5877428e-02,-0.00000e+00,3.92000e+00,
-7.5730942e-02,-0.00000e+00,3.92000e+00,
-7.5584456e-02,-0.00000e+00,3.96000e+00,
-7.5437970e-02,-0.00000e+00,3.92000e+00,
-7.5291485e-02,-0.00000e+00,3.96000e+00,
-7.5144999e-02,-0.00000e+00,3.92000e+00,
-7.4998513e-02,-0.00000e+00,3.92000e+00,
-7.4852027e-02,2.00001e-01,3.92000e+00,
-7.4705541e-02,-0.00000e+00,3.92000e+00,
-7.4559055e-02,-0.00000e+00,3.92000e+00,
-7.4412569e-02,-0.00000e+00,3.92000e+00,
-7.4266084e-02,-0.00000e+00,3.92000e+00,
-7.4119598e-02,-0.00000e+00,3.92000e+00,
-7.3973112e-02,-0.00000e+00,3.92000e+00,
-7.3826626e-02,-0.00000e+00,3.92000e+00,
-7.3680140e-02,-0.00000e+00,3.92000e+00,
-7.3533654e-02,-0.00000e+00,3.96000e+00,
-7.3387168e-02,-0.00000e+00,3.92000e+00,
-7.3240682e-02,-0.00000e+00,3.92000e+00,
-7.3094197e-02,-0.00000e+00,3.92000e+00,
-7.2947711e-02,-0.00000e+00,3.92000e+00,
-7.2801225e-02,-0.00000e+00,3.92000e+00,
-7.2654739e-02,-0.00000e+00,3.96000e+00,
-7.2508253e-02,-0.00000e+00,3.96000e+00,
-7.2361767e-02,-0.00000e+00,3.92000e+00,
-7.2215281e-02,-0.00000e+00,3.96000e+00,
-7.2068796e-02,-0.00000e+00,3.96000e+00,
-7.1922310e-02,-0.00000e+00,3.92000e+00,
-7.1775824e-02,-0.00000e+00,3.92000e+00,
-7.1629338e-02,2.00001e-01,3.96000e+00,
-7.1482852e-02,-0.00000e+00,3.92000e+00,
-7.1336366e-02,-0.00000e+00,3.96000e+00,
-7.1189880e-02,2.00001e-01,3.96000e+00,
-7.1043395e-02,-0.00000e+00,3.96000e+00,
-7.0896909e-02,-0.00000e+00,3.92000e+00,
-7.0750423e-02,-0.00000e+00,3.92000e+00,
-7.0603937e-02,-0.00000e+00,3.92000e+00,
-7.0457451e-02,-0.00000e+00,3.92000e+00,
-7.0310965e-02,-0.00000e+00,3.92000e+00,
-7.0164479e-02,-0.00000e+00,3.92000e+00,
-7.0017993e-02,-0.00000e+00,3.92000e+00,
-6.9871508e-02,-0.00000e+00,3.92000e+00,
-6.9725022e-02,-0.00000e+00,3.92000e+00,
-6.9578536e-02,-0.00000e+00,3.96000e+00,
-6.9432050e-02,-0.00000e+00,3.92000e+00,
-6.9285564e-02,-0.00000e+00,3.96000e+00,
-6.9139078e-02,-0.00000e+00,3.92000e+00,
-6.8992592e-02,-0.00000e+00,3.92000e+00,
-6.8846107e-02,-0.00000e+00,3.96000e+00,
-6.8699621e-02,-0.00000e+00,3.92000e+00,
-6.8553135e-02,-0.00000e+00,3.96000e+00,
-6.8406649e-02,-0.00000e+00,3.92000e+00,
-6.8260163e-02,-0.00000e+00,3.96000e+00,
-6.8113677e-02,-0.00000e+00,3.92000e+00,
-6.7967191e-02,-0.00000e+00,3.92000e+00,
-6.7820705e-02,-0.00000e+00,3.92000e+00,
-6.7674220e-02,-0.00000e+00,3.92000e+00,
-6.7527734e-02,-0.00000e+00,3.92000e+00,
-6.7381248e-02,2.00001e-01,3.92000e+00,
-6.7234762e-02,-0.00000e+00,3.92000e+00,
-6.7088276e-02,-0.00000e+00,3.92000e+00,
-6.6941790e-02,-0.00000e+00,3.96000e+00,
-6.6795304e-02,2.00001e-01,3.92000e+00,
-6.6648819e-02,-0.00000e+00,3.92000e+00,
-6.6502333e-02,2.00001e-01,3.96000e+00,
-6.6355847e-02,-0.00000e+00,3.92000e+00,
-6.6209361e-02,2.00001e-01,3.92000e+00,
-6.6062875e-02,-0.00000e+00,3.92000e+00,
-6.5916389e-02,-0.00000e+00,3.92000e+00,
-6.5769903e-02,-0.00000e+00,3.92000e+00,
-6.5623417e-02,2.00001e-01,3.92000e+00,
-6.5476932e-02,2.00001e-01,3.92000e+00,
-6.5330446e-02,-0.00000e+00,3.92000e+00,
-6.5183960e-02,-0.00000e+00,3.92000e+00,
-6.5037474e-02,-0.00000e+00,3.96000e+00,
-6.4890988e-02,-0.00000e+00,3.92000e+00,
-6.4744502e-02,-0.00000e+00,3.96000e+00,
-6.4598016e-02,2.00001e-01,3.92000e+00,
-6.4451531e-02,-0.00000e+00,3.92000e+00,
-6.4305045e-02,-0.00000e+00,3.96000e+00,
-6.4158559e-02,-0.00000e+00,3.96000e+00,
-6.4012073e-02,-0.00000e+00,3.92000e+00,
-6.3865587e-02,-0.00000e+00,3.96000e+00,
-6.3719101e-02,-0.00000e+00,3.96000e+00,
-6.3572615e-02,2.00001e-01,3.92000e+00,
-6.3426130e-02,-0.00000e+00,3.96000e+00,
-6.3279644e-02,-0.00000e+00,3.92000e+00,
-6.3133158e-02,-0.00000e+00,3.92000e+00,
-6.2986672e-02,-0.00000e+00,3.92000e+00,
-6.2840186e-02,-0.00000e+00,3.92000e+00,
-6.2693700e-02,-0.00000e+00,3.96000e+00,
-6.2547214e-02,-0.00000e+00,3.92000e+00,
-6.2400728e-02,2.00001e-01,3.92000e+00,
-6.2254243e-02,-0.00000e+00,3.92000e+00,
-6.2107757e-02,-0.00000e+00,3.92000e+00,
-6.1961271e-02,-0.00000e+00,3.96000e+00,
-6.1814785e-02,2.00001e-01,3.92000e+00,
-6.1668299e-02,-0.00000e+00,3.92000e+00,
-6.1521813e-02,-0.00000e+00,3.96000e+00,
-6.1375327e-02,-0.00000e+00,3.92000e+00,
-6.1228842e-02,-0.00000e+00,3.92000e+00,
-6.1082356e-02,-0.00000e+00,3.92000e+00,
-6.0935870e-02,-0.00000e+00,3.96000e+00,
-6.0789384e-02,-0.00000e+00,3.92000e+00,
-6.0642898e-02,-0.00000e+00,3.92000e+00,
-6.0496412e-02,-0.00000e+00,3.92000e+00,
-6.0349926e-02,-0.00000e+00,3.96000e+00,
-6.0203440e-02,-0.00000e+00,3.96000e+00,
-6.0056955e-02,2.00001e-01,3.92000e+00,
-5.9910469e-02,-0.00000e+00,3.92000e+00,
-5.9763983e-02,-0.00000e+00,3.92000e+00,
-5.9617497e-02,2.00001e-01,3.92000e+00,
-5.9471011e-02,2.00001e-01,3.96000e+00,
-5.9324525e-02,-0.00000e+00,3.96000e+00,
-5.9178039e-02,2.00001e-01,3.92000e+00,
-5.9031554e-02,5.00000e+00,3.88000e+00,
-5.8885068e-02,-0.00000e+00,3.92000e+00,
-5.8738582e-02,2.00001e-01,3.96000e+00,
-5.8592096e-02,-0.00000e+00,3.96000e+00,
-5.8445610e-02,-0.00000e+00,3.92000e+00,
-5.8299124e-02,-0.00000e+00,3.92000e+00,
-5.8152638e-02,-0.00000e+00,3.92000e+00,
-5.8006153e-02,2.00001e-01,3.96000e+00,
-5.7859667e-02,-0.00000e+00,3.96000e+00,
-5.7713181e-02,-0.00000e+00,3.92000e+00,
-5.7566695e-02,-0.00000e+00,3.92000e+00,
-5.7420209e-02,-0.00000e+00,3.92000e+00,
-5.7273723e-02,2.00001e-01,3.92000e+00,
-5.7127237e-02,-0.00000e+00,3.96000e+00,
-5.6980751e-02,-0.00000e+00,3.92000e+00,
-5.6834266e-02,2.00001e-01,3.96000e+00,
-5.6687780e-02,2.00001e-01,3.96000e+00,
-5.6541294e-02,2.00001e-01,3.92000e+00,
-5.6394808e-02,-0.00000e+00,3.92000e+00,
-5.6248322e-02,-0.00000e+00,3.96000e+00,
-5.6101836e-02,-0.00000e+00,3.92000e+00,
-5.5955350e-02,-0.00000e+00,3.92000e+00,
-5.5808865e-02,-0.00000e+00,3.92000e+00,
-5.5662379e-02,-0.00000e+00,3.96000e+00,
-5.5515893e-02,-0.00000e+00,3.96000e+00,
-5.5369407e-02,-0.00000e+00,3.96000e+00,
-5.5222921e-02,-0.00000e+00,3.96000e+00,
-5.5076435e-02,2.00001e-01,3.96000e+00,
-5.4929949e-02,-0.00000e+00,3.92000e+00,
-5.4783463e-02,-0.00000e+00,3.92000e+00,
-5.4636978e-02,-0.00000e+00,3.96000e+00,
-5.4490492e-02,-0.00000e+00,3.96000e+00,
-5.4344006e-02,-0.00000e+00,3.92000e+00,
-5.4197520e-02,-0.00000e+00,3.96000e+00,
-5.4051034e-02,-0.00000e+00,3.92000e+00,
-5.3904548e-02,2.00001e-01,3.92000e+00,
-5.3758062e-02,2.00001e-01,3.92000e+00,
-5.3611577e-02,-0.00000e+00,3.96000e+00,
-5.3465091e-02,-0.00000e+00,3.92000e+00,
-5.3318605e-02,-0.00000e+00,3.96000e+00,
-5.3172119e-02,2.00001e-01,3.92000e+00,
-5.3025633e-02,-0.00000e+00,3.92000e+00,
-5.2879147e-02,2.00001e-01,3.92000e+00,
-5.2732661e-02,-0.00000e+00,3.92000e+00,
-5.2586176e-02,-0.00000e+00,3.96000e+00,
-5.2439690e-02,-0.00000e+00,3.96000e+00,
-5.2293204e-02,-0.00000e+00,3.92000e+00,
-5.2146718e-02,-0.00000e+00,3.92000e+00,
-5.2000232e-02,-0.00000e+00,3.96000e+00,
-5.1853746e-02,-0.00000e+00,3.92000e+00,
-5.1707260e-02,-0.00000e+00,3.96000e+00,
-5.1560774e-02,2.00001e-01,3.92000e+00,
-5.1414289e-02,-0.00000e+00,3.96000e+00,
-5.1267803e-02,-0.00000e+00,3.96000e+00,
-5.1121317e-02,2.00001e-01,3.96000e+00,
-5.0974831e-02,-0.00000e+00,3.92000e+00,
-5.0828345e-02,-0.00000e+00,3.96000e+00,
-5.0681859e-02,-0.00000e+00,3.96000e+00,
-5.0535373e-02,-0.00000e+00,3.92000e+00,
-5.0388888e-02,2.00001e-01,3.96000e+00,
-5.0242402e-02,-0.00000e+00,3.96000e+00,
-5.0095916e-02,-0.00000e+00,3.92000e+00,
-4.9949430e-02,-0.00000e+00,3.92000e+00,
-4.9802944e-02,2.00001e-01,3.92000e+00,
-4.9656458e-02,-0.00000e+00,3.96000e+00,
-4.9509972e-02,2.00001e-01,3.92000e+00,
-4.9363486e-02,-0.00000e+00,3.96000e+00,
-4.9217001e-02,-0.00000e+00,3.96000e+00,
-4.9070515e-02,-0.00000e+00,3.92000e+00,
-4.8924029e-02,2.00001e-01,3.96000e+00,
-4.8777543e-02,-0.00000e+00,3.92000e+00,
-4.8631057e-02,-0.00000e+00,3.92000e+00,
-4.8484571e-02,-0.00000e+00,3.92000e+00,
-4.8338085e-02,-0.00000e+00,3.92000e+00,
-4.8191600e-02,2.00001e-01,3.96000e+00,
-4.8045114e-02,2.00001e-01,3.96000e+00,
-4.7898628e-02,2.00001e-01,3.96000e+00,
-4.7752142e-02,2.00001e-01,3.92000e+00,
-4.7605656e-02,-0.00000e+00,3.92000e+00,
-4.7459170e-02,-0.00000e+00,3.92000e+00,
-4.7312684e-02,-0.00000e+00,3.92000e+00,
-4.7166198e-02,-0.00000e+00,3.92000e+00,
-4.7019713e-02,-0.00000e+00,3.96000e+00,
-4.6873227e-02,-0.00000e+00,3.92000e+00,
-4.6726741e-02,-0.00000e+00,3.96000e+00,
-4.6580255e-02,-0.00000e+00,3.96000e+00,
-4.6433769e-02,-0.00000e+00,3.92000e+00,
-4.6287283e-02,-0.00000e+00,3.96000e+00,
-4.6140797e-02,-0.00000e+00,3.92000e+00,
-4.5994312e-02,-0.00000e+00,3.92000e+00,
-4.5847826e-02,-0.00000e+00,3.92000e+00,
-4.5701340e-02,-0.00000e+00,3.96000e+00,
-4.5554854e-02,-0.00000e+00,3.96000e+00,
-4.5408368e-02,-0.00000e+00,3.92000e+00,
-4.5261882e-02,-0.00000e+00,3.96000e+00,
-4.5115396e-02,-0.00000e+00,3.96000e+00,
-4.4968911e-02,-0.00000e+00,3.92000e+00,
-4.4822425e-02,-0.00000e+00,3.96000e+00,
-4.4675939e-02,-0.00000e+00,3.92000e+00,
-4.4529453e-02,-0.00000e+00,3.96000e+00,
-4.4382967e-02,2.00001e-01,3.92000e+00,
-4.4236481e-02,-0.00000e+00,3.92000e+00,
-4.4089995e-02,-0.00000e+00,3.92000e+00,
-4.3943509e-02,-0.00000e+00,3.92000e+00,
-4.3797024e-02,-0.00000e+00,3.96000e+00,
-4.3650538e-02,-0.00000e+00,3.96000e+00,
-4.3504052e-02,2.00001e-01,3.92000e+00,
-4.3357566e-02,-0.00000e+00,3.96000e+00,
-4.3211080e-02,2.00001e-01,3.92000e+00,
-4.3064594e-02,-0.00000e+00,3.96000e+00,
-4.2918108e-02,-0.00000e+00,3.96000e+00,
-4.2771623e-02,-0.00000e+00,3.92000e+00,
-4.2625137e-02,-0.00000e+00,3.92000e+00,
-4.2478651e-02,-0.00000e+00,3.92000e+00,
-4.2332165e-02,-0.00000e+00,3.92000e+00,
-4.2185679e-02,-0.00000e+00,3.92000e+00,
-4.2039193e-02,-0.00000e+00,3.96000e+00,
-4.1892707e-02,-0.00000e+00,3.96000e+00,
-4.1746221e-02,-0.00000e+00,3.96000e+00,
-4.1599736e-02,-0.00000e+00,3.92000e+00,
-4.1453250e-02,-0.00000e+00,3.96000e+00,
-4.1306764e-02,-0.00000e+00,3.92000e+00,
-4.1160278e-02,-0.00000e+00,3.92000e+00,
-4.1013792e-02,-0.00000e+00,3.92000e+00,
-4.0867306e-02,-0.00000e+00,3.92000e+00,
-4.0720820e-02,2.00001e-01,3.92000e+00,
-4.0574335e-02,-0.00000e+00,3.96000e+00,
-4.0427849e-02,-0.00000e+00,3.96000e+00,
-4.0281363e-02,2.00001e-01,3.96000e+00,
-4.0134877e-02,-0.00000e+00,3.96000e+00,
-3.9988391e-02,-0.00000e+00,3.92000e+00,
-3.9841905e-02,-0.00000e+00,3.96000e+00,
-3.9695419e-02,-0.00000e+00,3.92000e+00,
-3.9548934e-02,-0.00000e+00,3.96000e+00,
-3.9402448e-02,-0.00000e+00,3.92000e+00,
-3.9255962e-02,-0.00000e+00,3.96000e+00,
-3.9109476e-02,-0.00000e+00,3.92000e+00,
-3.8962990e-02,-0.00000e+00,3.92000e+00,
-3.8816504e-02,2.00001e-01,3.96000e+00,
-3.8670018e-02,-0.00000e+00,3.92000e+00,
-3.8523532e-02,2.00001e-01,3.92000e+00,
-3.8377047e-02,-0.00000e+00,3.92000e+00,
-3.8230561e-02,2.00001e-01,3.96000e+00,
-3.8084075e-02,-0.00000e+00,3.96000e+00,
-3.7937589e-02,2.00001e-01,3.92000e+00,
-3.7791103e-02,-0.00000e+00,3.96000e+00,
-3.7644617e-02,-0.00000e+00,3.92000e+00,
-3.7498131e-02,-0.00000e+00,3.92000e+00,
-3.7351646e-02,2.00001e-01,3.96000e+00,
-3.7205160e-02,-0.00000e+00,3.92000e+00,
-3.7058674e-02,-0.00000e+00,3.92000e+00,
-3.6912188e-02,-0.00000e+00,3.96000e+00,
-3.6765702e-02,-0.00000e+00,3.92000e+00,
-3.6619216e-02,-0.00000e+00,3.96000e+00,
-3.6472730e-02,-0.00000e+00,3.92000e+00,
-3.6326244e-02,-0.00000e+00,3.96000e+00,
-3.6179759e-02,2.00001e-01,3.96000e+00,
-3.6033273e-02,-0.00000e+00,3.92000e+00,
-3.5886787e-02,-0.00000e+00,3.96000e+00,
-3.5740301e-02,-0.00000e+00,3.96000e+00,
-3.5593815e-02,2.00001e-01,3.96000e+00,
-3.5447329e-02,2.00001e-01,3.92000e+00,
-3.5300843e-02,2.00001e-01,3.96000e+00,
-3.5154358e-02,-0.00000e+00,3.96000e+00,
-3.5007872e-02,-0.00000e+00,3.92000e+00,
-3.4861386e-02,2.00001e-01,3.92000e+00,
-3.4714900e-02,-0.00000e+00,3.92000e+00,
-3.4568414e-02,-0.00000e+00,3.92000e+00,
-3.4421928e-02,2.00001e-01,3.96000e+00,
-3.4275442e-02,-0.00000e+00,3.96000e+00,
-3.4128956e-02,-0.00000e+00,3.96000e+00,
-3.3982471e-02,2.00001e-01,3.92000e+00,
-3.3835985e-02,-0.00000e+00,3.92000e+00,
-3.3689499e-02,-0.00000e+00,3.96000e+00,
-3.3543013e-02,-0.00000e+00,3.92000e+00,
-3.3396527e-02,-0.00000e+00,3.92000e+00,
-3.3250041e-02,-0.00000e+00,3.92000e+00,
-3.3103555e-02,-0.00000e+00,3.92000e+00,
-3.2957070e-02,-0.00000e+00,3.92000e+00,
-3.2810584e-02,-0.00000e+00,3.92000e+00,
-3.2664098e-02,-0.00000e+00,3.96000e+00,
-3.2517612e-02,2.00001e-01,3.92000e+00,
-3.2371126e-02,-0.00000e+00,3.92000e+00,
-3.2224640e-02,-0.00000e+00,3.92000e+00,
-3.2078154e-02,-0.00000e+00,3.96000e+00,
-3.1931669e-02,-0.00000e+00,3.96000e+00,
-3.1785183e-02,2.00001e-01,3.92000e+00,
-3.1638697e-02,-0.00000e+00,3.92000e+00,
-3.1492211e-02,-0.00000e+00,3.92000e+00,
-3.1345725e-02,-0.00000e+00,3.96000e+00,
-3.1199241e-02,-0.00000e+00,3.96000e+00,
-3.1052757e-02,-0.00000e+00,3.92000e+00,
-3.0906273e-02,-0.00000e+00,3.96000e+00,
-3.0759789e-02,-0.00000e+00,3.92000e+00,
-3.0613305e-02,-0.00000e+00,3.96000e+00,
-3.0466821e-02,-0.00000e+00,3.96000e+00,
-3.0320337e-02,-0.00000e+00,3.96000e+00,
-3.0173853e-02,2.00001e-01,3.96000e+00,
-3.0027369e-02,2.00001e-01,3.96000e+00,
-2.9880885e-02,-0.00000e+00,3.92000e+00,
-2.9734401e-02,-0.00000e+00,3.96000e+00,
-2.9587917e-02,-0.00000e+00,3.92000e+00,
-2.9441433e-02,2.00001e-01,3.92000e+00,
-2.9294949e-02,-0.00000e+00,3.96000e+00,
-2.9148465e-02,-0.00000e+00,3.96000e+00,
-2.9001981e-02,-0.00000e+00,3.92000e+00,
-2.8855497e-02,-0.00000e+00,3.92000e+00,
-2.8709013e-02,-0.00000e+00,3.92000e+00,
-2.8562529e-02,-0.00000e+00,3.92000e+00,
-2.8416045e-02,-0.00000e+00,3.92000e+00,
-2.8269561e-02,-0.00000e+00,3.92000e+00,
-2.8123077e-02,-0.00000e+00,3.92000e+00,
-2.7976593e-02,-0.00000e+00,3.96000e+00,
-2.7830109e-02,2.00001e-01,3.92000e+00,
-2.7683625e-02,2.00001e-01,3.92000e+00,
-2.7537141e-02,-0.00000e+00,3.92000e+00,
-2.7390657e-02,-0.00000e+00,3.92000e+00,
-2.7244173e-02,-0.00000e+00,3.92000e+00,
-2.7097689e-02,2.00001e-01,3.92000e+00,
-2.6951205e-02,-0.00000e+00,3.96000e+00,
-2.6804721e-02,-0.00000e+00,3.96000e+00,
-2.6658237e-02,-0.00000e+00,3.92000e+00,
-2.6511753e-02,2.00001e-01,3.96000e+00,
-2.6365269e-02,-0.00000e+00,3.96000e+00,
-2.6218785e-02,-0.00000e+00,3.92000e+00,
-2.6072301e-02,-0.00000e+00,3.96000e+00,
-2.5925817e-02,-0.00000e+00,3.96000e+00,
-2.5779333e-02,-0.00000e+00,3.96000e+00,
-2.5632849e-02,-0.00000e+00,3.92000e+00,
-2.5486365e-02,-0.00000e+00,3.92000e+00,
-2.5339881e-02,-0.00000e+00,3.92000e+00,
-2.5193397e-02,2.00001e-01,3.96000e+00,
-2.5046913e-02,-0.00000e+00,3.92000e+00,
-2.4900429e-02,-0.00000e+00,3.96000e+00,
-2.4753945e-02,-0.00000e+00,3.96000e+00,
-2.4607461e-02,-0.00000e+00,3.92000e+00,
-2.4460977e-02,-0.00000e+00,3.96000e+00,
-2.4314493e-02,-0.00000e+00,3.92000e+00,
-2.4168009e-02,2.00001e-01,3.92000e+00,
-2.4021525e-02,-0.00000e+00,3.92000e+00,
-2.3875041e-02,-0.00000e+00,3.96000e+00,
-2.3728557e-02,-0.00000e+00,3.96000e+00,
-2.3582073e-02,-0.00000e+00,3.96000e+00,
-2.3435589e-02,-0.00000e+00,3.96000e+00,
-2.3289105e-02,-0.00000e+00,3.92000e+00,
-2.3142621e-02,2.00001e-01,3.96000e+00,
-2.2996137e-02,-0.00000e+00,3.96000e+00,
-2.2849653e-02,-0.00000e+00,3.96000e+00,
-2.2703169e-02,-0.00000e+00,3.96000e+00,
-2.2556685e-02,-0.00000e+00,3.92000e+00,
-2.2410201e-02,-0.00000e+00,3.92000e+00,
-2.2263717e-02,-0.00000e+00,3.92000e+00,
-2.2117233e-02,2.00001e-01,3.96000e+00,
-2.1970749e-02,-0.00000e+00,3.96000e+00,
-2.1824265e-02,2.00001e-01,3.96000e+00,
-2.1677781e-02,-0.00000e+00,3.96000e+00,
-2.1531297e-02,-0.00000e+00,3.92000e+00,
-2.1384813e-02,-0.00000e+00,3.92000e+00,
-2.1238329e-02,-0.00000e+00,3.96000e+00,
-2.1091845e-02,-0.00000e+00,3.96000e+00,
-2.0945361e-02,2.00001e-01,3.92000e+00,
-2.0798877e-02,-0.00000e+00,3.96000e+00,
-2.0652393e-02,-0.00000e+00,3.96000e+00,
-2.0505909e-02,2.00001e-01,3.96000e+00,
-2.0359425e-02,-0.00000e+00,3.96000e+00,
-2.0212941e-02,-0.00000e+00,3.96000e+00,
-2.0066457e-02,-0.00000e+00,3.96000e+00,
-1.9919973e-02,-0.00000e+00,3.92000e+00,
-1.9773489e-02,-0.00000e+00,3.92000e+00,
-1.9627005e-02,-0.00000e+00,3.92000e+00,
-1.9480521e-02,-0.00000e+00,3.92000e+00,
-1.9334037e-02,-0.00000e+00,3.92000e+00,
-1.9187553e-02,-0.00000e+00,3.96000e+00,
-1.9041069e-02,-0.00000e+00,3.96000e+00,
-1.8894585e-02,-0.00000e+00,3.92000e+00,
-1.8748101e-02,-0.00000e+00,3.96000e+00,
-1.8601617e-02,2.00001e-01,3.92000e+00,
-1.8455133e-02,-0.00000e+00,3.96000e+00,
-1.8308649e-02,-0.00000e+00,3.92000e+00,
-1.8162165e-02,2.00001e-01,3.96000e+00,
-1.8015681e-02,-0.00000e+00,3.92000e+00,
-1.7869197e-02,-0.00000e+00,3.92000e+00,
-1.7722713e-02,2.00001e-01,3.96000e+00,
-1.7576229e-02,-0.00000e+00,3.96000e+00,
-1.7429745e-02,-0.00000e+00,3.96000e+00,
-1.7283261e-02,-0.00000e+00,3.96000e+00,
-1.7136777e-02,-0.00000e+00,3.92000e+00,
-1.6990293e-02,-0.00000e+00,3.92000e+00,
-1.6843809e-02,-0.00000e+00,3.96000e+00,
-1.6697325e-02,-0.00000e+00,3.92000e+00,
-1.6550841e-02,-0.00000e+00,3.92000e+00,
-1.6404357e-02,2.00001e-01,3.92000e+00,
-1.6257873e-02,2.00001e-01,3.96000e+00,
-1.6111389e-02,-0.00000e+00,3.96000e+00,
-1.5964905e-02,-0.00000e+00,3.96000e+00,
-1.5818421e-02,-0.00000e+00,3.96000e+00,
-1.5671937e-02,-0.00000e+00,3.92000e+00,
-1.5525453e-02,-0.00000e+00,3.92000e+00,
-1.5378969e-02,-0.00000e+00,3.96000e+00,
-1.5232485e-02,-0.00000e+00,3.92000e+00,
-1.5086001e-02,-0.00000e+00,3.96000e+00,
-1.4939517e-02,-0.00000e+00,3.92000e+00,
-1.4793033e-02,2.00001e-01,3.92000e+00,
-1.4646549e-02,-0.00000e+00,3.96000e+00,
-1.4500065e-02,-0.00000e+00,3.92000e+00,
-1.4353581e-02,-0.00000e+00,3.92000e+00,
-1.4207097e-02,-0.00000e+00,3.92000e+00,
-1.4060613e-02,-0.00000e+00,3.92000e+00,
-1.3914129e-02,-0.00000e+00,3.96000e+00,
-1.3767645e-02,-0.00000e+00,3.92000e+00,
-1.3621161e-02,2.00001e-01,3.92000e+00,
-1.3474677e-02,-0.00000e+00,3.96000e+00,
-1.3328193e-02,-0.00000e+00,3.96000e+00,
-1.3181709e-02,-0.00000e+00,3.92000e+00,
-1.3035225e-02,-0.00000e+00,3.96000e+00,
-1.2888741e-02,2.00001e-01,3.96000e+00,
-1.2742257e-02,2.00001e-01,3.92000e+00,
-1.2595773e-02,-0.00000e+00,3.92000e+00,
-1.2449289e-02,2.00001e-01,3.92000e+00,
-1.2302805e-02,-0.00000e+00,3.96000e+00,
-1.2156321e-02,-0.00000e+00,3.92000e+00,
-1.2009837e-02,2.00001e-01,3.96000e+00,
-1.1863353e-02,-0.00000e+00,3.96000e+00,
-1.1716869e-02,-0.00000e+00,3.92000e+00,
-1.1570385e-02,-0.00000e+00,3.96000e+00,
-1.1423901e-02,2.00001e-01,3.92000e+00,
-1.1277417e-02,-0.00000e+00,3.96000e+00,
-1.1130933e-02,-0.00000e+00,3.92000e+00,
-1.0984449e-02,2.00001e-01,3.92000e+00,
-1.0837965e-02,-0.00000e+00,3.96000e+00,
-1.0691481e-02,-0.00000e+00,3.96000e+00,
-1.0544997e-02,-0.00000e+00,3.96000e+00,
-1.0398513e-02,-0.00000e+00,3.92000e+00,
-1.0252029e-02,-0.00000e+00,3.92000e+00,
-1.0105545e-02,-0.00000e+00,3.92000e+00,
-9.9590607e-03,-0.00000e+00,3.96000e+00,
-9.8125767e-03,-0.00000e+00,3.96000e+00,
-9.6660927e-03,-0.00000e+00,3.92000e+00,
-9.5196087e-03,-0.00000e+00,3.96000e+00,
-9.3731247e-03,-0.00000e+00,3.96000e+00,
-9.2266407e-03,2.00001e-01,3.92000e+00,
-9.0801567e-03,-0.00000e+00,3.96000e+00,
-8.9336727e-03,-0.00000e+00,3.92000e+00,
-8.7871887e-03,-0.00000e+00,3.96000e+00,
-8.6407047e-03,-0.00000e+00,3.96000e+00,
-8.4942207e-03,2.00001e-01,3.96000e+00,
-8.3477367e-03,-0.00000e+00,3.92000e+00,
-8.2012527e-03,-0.00000e+00,3.96000e+00,
-8.0547687e-03,-0.00000e+00,3.92000e+00,
-7.9082847e-03,-0.00000e+00,3.96000e+00,
-7.7618002e-03,5.00000e+00,3.92000e+00,
-7.6153157e-03,-0.00000e+00,3.96000e+00,
-7.4688313e-03,2.00001e-01,3.96000e+00,
-7.3223468e-03,-0.00000e+00,3.96000e+00,
-7.1758623e-03,-0.00000e+00,3.92000e+00,
-7.0293779e-03,-0.00000e+00,3.96000e+00,
-6.8828934e-03,-0.00000e+00,3.92000e+00,
-6.7364089e-03,-0.00000e+00,3.92000e+00,
-6.5899245e-03,-0.00000e+00,3.96000e+00,
-6.4434400e-03,-0.00000e+00,3.96000e+00,
-6.2969555e-03,-0.00000e+00,3.96000e+00,
-6.1504710e-03,-0.00000e+00,3.92000e+00,
-6.0039866e-03,-0.00000e+00,3.92000e+00,
-5.8575021e-03,-0.00000e+00,3.96000e+00,
-5.7110176e-03,-0.00000e+00,3.96000e+00,
-5.5645332e-03,2.00001e-01,3.92000e+00,
-5.4180487e-03,-0.00000e+00,3.92000e+00,
-5.2715642e-03,-0.00000e+00,3.92000e+00,
-5.1250798e-03,-0.00000e+00,3.96000e+00,
-4.9785953e-03,2.00001e-01,3.96000e+00,
-4.8321108e-03,-0.00000e+00,3.96000e+00,
-4.6856264e-03,-0.00000e+00,3.92000e+00,
-4.5391419e-03,-0.00000e+00,3.96000e+00,
-4.3926574e-03,-0.00000e+00,3.92000e+00,
-4.2461730e-03,-0.00000e+00,3.92000e+00,
-4.0996885e-03,-0.00000e+00,3.96000e+00,
-3.9532040e-03,-0.00000e+00,3.96000e+00,
-3.8067196e-03,-0.00000e+00,3.92000e+00,
-3.6602351e-03,-0.00000e+00,3.96000e+00,
-3.5137506e-03,-0.00000e+00,3.92000e+00,
-3.3672662e-03,-0.00000e+00,3.92000e+00,
-3.2207817e-03,-0.00000e+00,3.96000e+00,
-3.0742972e-03,-0.00000e+00,3.92000e+00,
-2.9278127e-03,-0.00000e+00,3.96000e+00,
-2.7813283e-03,-0.00000e+00,3.96000e+00,
-2.6348438e-03,-0.00000e+00,3.96000e+00,
-2.4883593e-03,-0.00000e+00,3.96000e+00,
-2.3418749e-03,-0.00000e+00,3.92000e+00,
-2.1953904e-03,-0.00000e+00,3.96000e+00,
-2.0489059e-03,-0.00000e+00,3.92000e+00,
-1.9024216e-03,-0.00000e+00,3.92000e+00,
-1.7559372e-03,-0.00000e+00,3.92000e+00,
-1.6094529e-03,-0.00000e+00,3.96000e+00,
-1.4629685e-03,-0.00000e+00,3.96000e+00,
-1.3164842e-03,-0.00000e+00,3.96000e+00,
-1.1699998e-03,-0.00000e+00,3.96000e+00,
-1.0235155e-03,-0.00000e+00,3.96000e+00,
-8.7703113e-04,-0.00000e+00,3.92000e+00,
-7.3054677e-04,2.00001e-01,3.92000e+00,
-5.8406242e-04,-0.00000e+00,3.92000e+00,
-4.3757804e-04,-0.00000e+00,3.96000e+00,
-2.9109366e-04,-0.00000e+00,3.92000e+00,
-1.4460928e-04,-0.00000e+00,3.92000e+00,
1.8751016e-06,2.00001e-01,3.92000e+00,
1.4835948e-04,-0.00000e+00,3.92000e+00,
2.9484386e-04,2.00001e-01,3.92000e+00,
4.4132824e-04,-0.00000e+00,3.92000e+00,
5.8781262e-04,-0.00000e+00,3.96000e+00,
7.3429698e-04,-0.00000e+00,3.92000e+00,
8.8078133e-04,-0.00000e+00,3.96000e+00,
1.0272657e-03,-0.00000e+00,3.92000e+00,
1.1737500e-03,-0.00000e+00,3.96000e+00,
1.3202344e-03,-0.00000e+00,3.92000e+00,
1.4667187e-03,-0.00000e+00,3.92000e+00,
1.6132031e-03,-0.00000e+00,3.92000e+00,
1.7596874e-03,-0.00000e+00,3.92000e+00,
1.9061718e-03,-0.00000e+00,3.96000e+00,
2.0526561e-03,-0.00000e+00,3.92000e+00,
2.1991406e-03,-0.00000e+00,3.96000e+00,
2.3456251e-03,-0.00000e+00,3.92000e+00,
2.4921095e-03,-0.00000e+00,3.96000e+00,
2.6385940e-03,-0.00000e+00,3.96000e+00,
2.7850785e-03,-0.00000e+00,3.96000e+00,
2.9315630e-03,-0.00000e+00,3.92000e+00,
3.0780474e-03,2.00001e-01,3.96000e+00,
3.2245319e-03,-0.00000e+00,3.92000e+00,
3.3710164e-03,-0.00000e+00,3.92000e+00,
3.5175008e-03,-0.00000e+00,3.92000e+00,
3.6639853e-03,-0.00000e+00,3.96000e+00,
3.8104698e-03,-0.00000e+00,3.92000e+00,
3.9569540e-03,2.00001e-01,3.92000e+00,
4.1034385e-03,-0.00000e+00,3.96000e+00,
4.2499229e-03,2.00001e-01,3.92000e+00,
4.3964074e-03,-0.00000e+00,3.92000e+00,
4.5428919e-03,-0.00000e+00,3.96000e+00,
4.6893763e-03,-0.00000e+00,3.96000e+00,
4.8358608e-03,2.00001e-01,3.92000e+00,
4.9823453e-03,-0.00000e+00,3.96000e+00,
5.1288297e-03,-0.00000e+00,3.96000e+00,
5.2753142e-03,-0.00000e+00,3.92000e+00,
5.4217987e-03,-0.00000e+00,3.96000e+00,
5.5682831e-03,-0.00000e+00,3.92000e+00,
5.7147676e-03,-0.00000e+00,3.92000e+00,
5.8612521e-03,-0.00000e+00,3.92000e+00,
6.0077365e-03,-0.00000e+00,3.96000e+00,
6.1542210e-03,-0.00000e+00,3.96000e+00,
6.3007055e-03,2.00001e-01,3.92000e+00,
6.4471900e-03,-0.00000e+00,3.92000e+00,
6.5936744e-03,2.00001e-01,3.96000e+00,
6.7401589e-03,-0.00000e+00,3.92000e+00,
6.8866434e-03,-0.00000e+00,3.92000e+00,
7.0331278e-03,-0.00000e+00,3.96000e+00,
7.1796123e-03,-0.00000e+00,3.92000e+00,
7.3260968e-03,-0.00000e+00,3.96000e+00,
7.4725812e-03,-0.00000e+00,3.96000e+00,
7.6190657e-03,-0.00000e+00,3.92000e+00,
7.7655502e-03,-0.00000e+00,3.96000e+00,
7.9120342e-03,-0.00000e+00,3.96000e+00,
8.0585182e-03,-0.00000e+00,3.96000e+00,
8.2050022e-03,-0.00000e+00,3.92000e+00,
8.3514862e-03,5.00000e+00,3.92000e+00,
8.4979702e-03,2.00001e-01,3.92000e+00,
8.6444542e-03,-0.00000e+00,3.92000e+00,
8.7909382e-03,-0.00000e+00,3.92000e+00,
8.9374222e-03,-0.00000e+00,3.92000e+00,
9.0839062e-03,-0.00000e+00,3.96000e+00,
9.2303902e-03,-0.00000e+00,3.96000e+00,
9.3768742e-03,2.00001e-01,3.96000e+00,
9.5233582e-03,-0.00000e+00,3.96000e+00,
9.6698422e-03,-0.00000e+00,3.96000e+00,
9.8163262e-03,-0.00000e+00,3.92000e+00,
9.9628102e-03,-0.00000e+00,3.92000e+00,
1.0109294e-02,-0.00000e+00,3.96000e+00,
1.0255778e-02,-0.00000e+00,3.92000e+00,
1.0402262e-02,2.00001e-01,3.96000e+00,
1.0548746e-02,-0.00000e+00,3.96000e+00,
1.0695230e-02,2.00001e-01,3.92000e+00,
1.0841714e-02,-0.00000e+00,3.96000e+00,
1.0988198e-02,-0.00000e+00,3.96000e+00,
1.1134682e-02,-0.00000e+00,3.96000e+00,
1.1281166e-02,-0.00000e+00,3.96000e+00,
1.1427650e-02,-0.00000e+00,3.96000e+00,
1.1574134e-02,-0.00000e+00,3.92000e+00,
1.1720618e-02,-0.00000e+00,3.96000e+00,
1.1867102e-02,-0.00000e+00,3.92000e+00,
1.2013586e-02,2.00001e-01,3.96000e+00,
1.2160070e-02,2.00001e-01,3.96000e+00,
1.2306554e-02,-0.00000e+00,3.96000e+00,
1.2453038e-02,-0.00000e+00,3.96000e+00,
1.2599522e-02,2.00001e-01,3.92000e+00,
1.2746006e-02,-0.00000e+00,3.92000e+00,
1.2892490e-02,-0.00000e+00,3.92000e+00,
1.3038974e-02,2.00001e-01,3.96000e+00,
1.3185458e-02,2.00001e-01,3.92000e+00,
1.3331942e-02,-0.00000e+00,3.96000e+00,
1.3478426e-02,2.00001e-01,3.96000e+00,
1.3624910e-02,-0.00000e+00,3.96000e+00,
1.3771394e-02,2.00001e-01,3.92000e+00,
1.3917878e-02,-0.00000e+00,3.96000e+00,
1.4064362e-02,2.00001e-01,3.92000e+00,
1.4210846e-02,-0.00000e+00,3.96000e+00,
1.4357330e-02,-0.00000e+00,3.96000e+00,
1.4503814e-02,-0.00000e+00,3.96000e+00,
1.4650298e-02,-0.00000e+00,3.92000e+00,
1.4796782e-02,-0.00000e+00,3.96000e+00,
1.4943266e-02,-0.00000e+00,3.92000e+00,
1.5089750e-02,-0.00000e+00,3.92000e+00,
1.5236234e-02,-0.00000e+00,3.96000e+00,
1.5382718e-02,2.00001e-01,3.96000e+00,
1.5529202e-02,-0.00000e+00,3.96000e+00,
1.5675686e-02,-0.00000e+00,3.96000e+00,
1.5822170e-02,-0.00000e+00,3.92000e+00,
1.5968654e-02,-0.00000e+00,3.96000e+00,
1.6115138e-02,-0.00000e+00,3.96000e+00,
1.6261622e-02,-0.00000e+00,3.96000e+00,
1.6408106e-02,-0.00000e+00,3.96000e+00,
1.6554590e-02,2.00001e-01,3.96000e+00,
1.6701074e-02,2.00001e-01,3.92000e+00,
1.6847558e-02,-0.00000e+00,3.92000e+00,
1.6994042e-02,2.00001e-01,3.96000e+00,
1.7140526e-02,-0.00000e+00,3.96000e+00,
1.7287010e-02,-0.00000e+00,3.92000e+00,
1.7433494e-02,-0.00000e+00,3.92000e+00,
1.7579978e-02,-0.00000e+00,3.96000e+00,
1.7726462e-02,-0.00000e+00,3.96000e+00,
1.7872946e-02,-0.00000e+00,3.96000e+00,
1.8019430e-02,-0.00000e+00,3.96000e+00,
1.8165914e-02,2.00001e-01,3.92000e+00,
1.8312398e-02,-0.00000e+00,3.92000e+00,
1.8458882e-02,-0.00000e+00,3.96000e+00,
1.8605366e-02,-0.00000e+00,3.92000e+00,
1.8751850e-02,-0.00000e+00,3.96000e+00,
1.8898334e-02,-0.00000e+00,3.96000e+00,
1.9044818e-02,-0.00000e+00,3.96000e+00,
1.9191302e-02,-0.00000e+00,3.96000e+00,
1.9337786e-02,-0.00000e+00,3.96000e+00,
1.9484270e-02,2.00001e-01,3.96000e+00,
1.9630754e-02,-0.00000e+00,3.96000e+00,
1.9777238e-02,-0.00000e+00,3.96000e+00,
1.9923722e-02,-0.00000e+00,3.92000e+00,
2.0070206e-02,-0.00000e+00,3.96000e+00,
2.0216690e-02,-0.00000e+00,3.92000e+00,
2.0363174e-02,-0.00000e+00,4.00000e+00,
2.0509658e-02,-0.00000e+00,3.96000e+00,
2.0656142e-02,-0.00000e+00,3.92000e+00,
2.0802626e-02,-0.00000e+00,3.92000e+00,
2.0949110e-02,-0.00000e+00,3.96000e+00,
2.1095594e-02,-0.00000e+00,3.92000e+00,
2.1242078e-02,-0.00000e+00,3.96000e+00,
2.1388562e-02,-0.00000e+00,3.96000e+00,
2.1535046e-02,2.00001e-01,3.92000e+00,
2.1681530e-02,-0.00000e+00,3.96000e+00,
2.1828014e-02,-0.00000e+00,3.92000e+00,
2.1974498e-02,-0.00000e+00,3.92000e+00,
2.2120982e-02,-0.00000e+00,3.92000e+00,
2.2267466e-02,-0.00000e+00,3.96000e+00,
2.2413950e-02,-0.00000e+00,3.92000e+00,
2.2560434e-02,-0.00000e+00,3.92000e+00,
2.2706918e-02,-0.00000e+00,3.92000e+00,
2.2853402e-02,-0.00000e+00,3.96000e+00,
2.2999886e-02,-0.00000e+00,3.96000e+00,
2.3146370e-02,-0.00000e+00,3.92000e+00,
2.3292854e-02,-0.00000e+00,3.96000e+00,
2.3439338e-02,-0.00000e+00,3.96000e+00,
2.3585822e-02,-0.00000e+00,3.96000e+00,
2.3732306e-02,-0.00000e+00,3.96000e+00,
2.3878790e-02,-0.00000e+00,3.96000e+00,
2.4025274e-02,-0.00000e+00,3.96000e+00,
2.4171758e-02,-0.00000e+00,3.96000e+00,
2.4318242e-02,-0.00000e+00,3.96000e+00,
2.4464726e-02,-0.00000e+00,3.96000e+00,
2.4611210e-02,-0.00000e+00,3.92000e+00,
2.4757694e-02,-0.00000e+00,3.92000e+00,
2.4904178e-02,-0.00000e+00,3.92000e+00,
2.5050662e-02,-0.00000e+00,3.96000e+00,
2.5197146e-02,-0.00000e+00,3.92000e+00,
2.5343630e-02,-0.00000e+00,3.96000e+00,
2.5490114e-02,-0.00000e+00,3.96000e+00,
2.5636598e-02,-0.00000e+00,3.92000e+00,
2.5783082e-02,-0.00000e+00,3.96000e+00,
2.5929566e-02,-0.00000e+00,3.92000e+00,
2.6076050e-02,5.00000e+00,3.84000e+00,
2.6222534e-02,-0.00000e+00,3.96000e+00,
2.6369018e-02,-0.00000e+00,3.96000e+00,
2.6515502e-02,-0.00000e+00,3.92000e+00,
2.6661986e-02,2.00001e-01,3.92000e+00,
2.6808470e-02,-0.00000e+00,3.92000e+00,
2.6954954e-02,-0.00000e+00,3.96000e+00,
2.7101438e-02,-0.00000e+00,3.92000e+00,
2.7247922e-02,-0.00000e+00,3.92000e+00,
2.7394406e-02,-0.00000e+00,3.92000e+00,
2.7540890e-02,-0.00000e+00,3.96000e+00,
2.7687375e-02,-0.00000e+00,3.96000e+00,
2.7833859e-02,-0.00000e+00,3.92000e+00,
2.7980343e-02,-0.00000e+00,3.96000e+00,
2.8126827e-02,-0.00000e+00,3.96000e+00,
2.8273311e-02,-0.00000e+00,3.96000e+00,
2.8419795e-02,-0.00000e+00,3.96000e+00,
2.8566279e-02,-0.00000e+00,3.96000e+00,
2.8712763e-02,-0.00000e+00,3.96000e+00,
2.8859247e-02,2.00001e-01,3.96000e+00,
2.9005731e-02,-0.00000e+00,3.92000e+00,
2.9152215e-02,2.00001e-01,3.92000e+00,
2.9298699e-02,-0.00000e+00,3.96000e+00,
2.9445183e-02,-0.00000e+00,3.96000e+00,
2.9591667e-02,-0.00000e+00,3.96000e+00,
2.9738151e-02,-0.00000e+00,3.92000e+00,
2.9884635e-02,2.00001e-01,3.96000e+00,
3.0031119e-02,2.00001e-01,3.92000e+00,
3.0177603e-02,-0.00000e+00,3.92000e+00,
3.0324087e-02,-0.00000e+00,3.92000e+00,
3.0470571e-02,2.00001e-01,3.92000e+00,
3.0617055e-02,-0.00000e+00,3.92000e+00,
3.0763539e-02,-0.00000e+00,3.96000e+00,
3.0910023e-02,-0.00000e+00,3.92000e+00,
3.1056507e-02,-0.00000e+00,3.92000e+00,
3.1202991e-02,-0.00000e+00,3.92000e+00,
3.1349476e-02,-0.00000e+00,3.92000e+00,
3.1495962e-02,-0.00000e+00,3.96000e+00,
3.1642448e-02,-0.00000e+00,3.96000e+00,
3.1788934e-02,-0.00000e+00,3.92000e+00,
3.1935420e-02,2.00001e-01,3.92000e+00,
3.2081906e-02,-0.00000e+00,3.92000e+00,
3.2228392e-02,-0.00000e+00,3.92000e+00,
3.2374877e-02,-0.00000e+00,3.96000e+00,
3.2521363e-02,-0.00000e+00,3.96000e+00,
3.2667849e-02,-0.00000e+00,3.92000e+00,
3.2814335e-02,2.00001e-01,3.92000e+00,
3.2960821e-02,-0.00000e+00,3.92000e+00,
3.3107307e-02,-0.00000e+00,3.96000e+00,
3.3253793e-02,-0.00000e+00,3.92000e+00,
3.3400279e-02,2.00001e-01,3.96000e+00,
3.3546764e-02,-0.00000e+00,3.92000e+00,
3.3693250e-02,-0.00000e+00,3.92000e+00,
3.3839736e-02,-0.00000e+00,3.96000e+00,
3.3986222e-02,-0.00000e+00,3.96000e+00,
3.4132708e-02,-0.00000e+00,3.92000e+00,
3.4279194e-02,-0.00000e+00,3.92000e+00,
3.4425680e-02,-0.00000e+00,3.92000e+00,
3.4572165e-02,-0.00000e+00,3.96000e+00,
3.4718651e-02,-0.00000e+00,3.96000e+00,
3.4865137e-02,-0.00000e+00,3.96000e+00,
3.5011623e-02,2.00001e-01,3.96000e+00,
3.5158109e-02,-0.00000e+00,3.96000e+00,
3.5304595e-02,-0.00000e+00,3.92000e+00,
3.5451081e-02,-0.00000e+00,3.92000e+00,
3.5597567e-02,2.00001e-01,3.92000e+00,
3.5744052e-02,-0.00000e+00,3.96000e+00,
3.5890538e-02,-0.00000e+00,3.92000e+00,
3.6037024e-02,-0.00000e+00,3.92000e+00,
3.6183510e-02,-0.00000e+00,3.92000e+00,
3.6329996e-02,-0.00000e+00,3.96000e+00,
3.6476482e-02,-0.00000e+00,3.96000e+00,
3.6622968e-02,-0.00000e+00,3.96000e+00,
3.6769453e-02,2.00001e-01,3.92000e+00,
3.6915939e-02,2.00001e-01,3.96000e+00,
3.7062425e-02,-0.00000e+00,3.96000e+00,
3.7208911e-02,-0.00000e+00,3.92000e+00,
3.7355397e-02,-0.00000e+00,3.96000e+00,
3.7501883e-02,-0.00000e+00,3.96000e+00,
3.7648369e-02,-0.00000e+00,3.92000e+00,
3.7794854e-02,-0.00000e+00,3.92000e+00,
3.7941340e-02,-0.00000e+00,3.96000e+00,
3.8087826e-02,-0.00000e+00,3.96000e+00,
3.8234312e-02,-0.00000e+00,3.96000e+00,
3.8380798e-02,-0.00000e+00,3.96000e+00,
3.8527284e-02,-0.00000e+00,3.96000e+00,
3.8673770e-02,-0.00000e+00,3.96000e+00,
3.8820256e-02,-0.00000e+00,3.92000e+00,
3.8966741e-02,-0.00000e+00,3.96000e+00,
3.9113227e-02,2.00001e-01,3.96000e+00,
3.9259713e-02,2.00001e-01,3.96000e+00,
3.9406199e-02,-0.00000e+00,3.92000e+00,
3.9552685e-02,-0.00000e+00,3.96000e+00,
3.9699171e-02,-0.00000e+00,3.92000e+00,
3.9845657e-02,-0.00000e+00,3.92000e+00,
3.9992142e-02,-0.00000e+00,3.92000e+00,
4.0138628e-02,-0.00000e+00,3.92000e+00,
4.0285114e-02,-0.00000e+00,3.96000e+00,
4.0431600e-02,-0.00000e+00,3.96000e+00,
4.0578086e-02,-0.00000e+00,3.92000e+00,
4.0724572e-02,-0.00000e+00,3.96000e+00,
4.0871058e-02,-0.00000e+00,3.96000e+00,
4.1017544e-02,-0.00000e+00,3.92000e+00,
4.1164029e-02,2.00001e-01,3.96000e+00,
4.1310515e-02,-0.00000e+00,3.92000e+00,
4.1457001e-02,-0.00000e+00,3.96000e+00,
4.1603487e-02,2.00001e-01,3.96000e+00,
4.1749973e-02,2.00001e-01,3.92000e+00,
4.1896459e-02,-0.00000e+00,3.96000e+00,
4.2042945e-02,-0.00000e+00,3.96000e+00,
4.2189430e-02,-0.00000e+00,3.96000e+00,
4.2335916e-02,-0.00000e+00,3.96000e+00,
4.2482402e-02,-0.00000e+00,3.92000e+00,
4.2628888e-02,-0.00000e+00,3.92000e+00,
4.2775374e-02,-0.00000e+00,3.92000e+00,
4.2921860e-02,-0.00000e+00,3.96000e+00,
4.3068346e-02,-0.00000e+00,3.96000e+00,
4.3214832e-02,-0.00000e+00,3.92000e+00,
4.3361317e-02,-0.00000e+00,3.96000e+00,
4.3507803e-02,-0.00000e+00,3.92000e+00,
4.3654289e-02,-0.00000e+00,3.96000e+00,
4.3800775e-02,2.00001e-01,3.92000e+00,
4.3947261e-02,-0.00000e+00,3.92000e+00,
4.4093747e-02,5.00000e+00,3.92000e+00,
4.4240233e-02,-0.00000e+00,3.96000e+00,
4.4386718e-02,2.00001e-01,3.96000e+00,
4.4533204e-02,-0.00000e+00,3.92000e+00,
4.4679690e-02,-0.00000e+00,3.96000e+00,
4.4826176e-02,-0.00000e+00,3.96000e+00,
4.4972662e-02,-0.00000e+00,3.92000e+00,
4.5119148e-02,-0.00000e+00,3.96000e+00,
4.5265634e-02,-0.00000e+00,3.96000e+00,
4.5412119e-02,2.00001e-01,3.96000e+00,
4.5558605e-02,-0.00000e+00,4.00000e+00,
4.5705091e-02,2.00001e-01,3.96000e+00,
4.5851577e-02,-0.00000e+00,3.96000e+00,
4.5998063e-02,-0.00000e+00,3.96000e+00,
4.6144549e-02,2.00001e-01,3.92000e+00,
4.6291035e-02,-0.00000e+00,3.96000e+00,
4.6437521e-02,-0.00000e+00,3.96000e+00,
4.6584006e-02,-0.00000e+00,3.96000e+00,
4.6730492e-02,-0.00000e+00,3.96000e+00,
4.6876978e-02,-0.00000e+00,3.96000e+00,
4.7023464e-02,2.00001e-01,3.92000e+00,
4.7169950e-02,2.00001e-01,3.92000e+00,
4.7316436e-02,-0.00000e+00,3.96000e+00,
4.7462922e-02,2.00001e-01,3.96000e+00,
4.7609407e-02,-0.00000e+00,3.96000e+00,
4.7755893e-02,2.00001e-01,3.96000e+00,
4.7902379e-02,2.00001e-01,3.96000e+00,
4.8048865e-02,-0.00000e+00,3.96000e+00,
4.8195351e-02,-0.00000e+00,3.96000e+00,
4.8341837e-02,-0.00000e+00,3.96000e+00,
4.8488323e-02,-0.00000e+00,3.92000e+00,
4.8634809e-02,-0.00000e+00,3.92000e+00,
4.8781294e-02,-0.00000e+00,3.96000e+00,
4.8927780e-02,-0.00000e+00,3.96000e+00,
4.9074266e-02,-0.00000e+00,3.96000e+00,
4.9220752e-02,-0.00000e+00,3.96000e+00,
4.9367238e-02,-0.00000e+00,3.92000e+00,
4.9513724e-02,2.00001e-01,3.96000e+00,
4.9660210e-02,2.00001e-01,3.96000e+00,
4.9806695e-02,-0.00000e+00,3.96000e+00,
4.9953181e-02,-0.00000e+00,3.96000e+00,
5.0099667e-02,-0.00000e+00,3.96000e+00,
5.0246153e-02,-0.00000e+00,3.92000e+00,
5.0392639e-02,-0.00000e+00,3.96000e+00,
5.0539125e-02,-0.00000e+00,3.96000e+00,
5.0685611e-02,-0.00000e+00,3.96000e+00,
5.0832096e-02,-0.00000e+00,3.96000e+00,
5.0978582e-02,-0.00000e+00,3.96000e+00,
5.1125068e-02,-0.00000e+00,3.96000e+00,
5.1271554e-02,-0.00000e+00,3.92000e+00,
5.1418040e-02,-0.00000e+00,3.96000e+00,
5.1564526e-02,-0.00000e+00,3.92000e+00,
5.1711012e-02,-0.00000e+00,3.96000e+00,
5.1857498e-02,-0.00000e+00,3.92000e+00,
5.2003983e-02,2.00001e-01,3.96000e+00,
5.2150469e-02,-0.00000e+00,3.96000e+00,
5.2296955e-02,-0.00000e+00,3.96000e+00,
5.2443441e-02,-0.00000e+00,3.96000e+00,
5.2589927e-02,2.00001e-01,3.96000e+00,
5.2736413e-02,-0.00000e+00,3.96000e+00,
5.2882899e-02,-0.00000e+00,3.92000e+00,
5.3029384e-02,-0.00000e+00,3.96000e+00,
5.3175870e-02,-0.00000e+00,3.96000e+00,
5.3322356e-02,-0.00000e+00,3.96000e+00,
5.3468842e-02,-0.00000e+00,3.92000e+00,
5.3615328e-02,-0.00000e+00,3.96000e+00,
5.3761814e-02,-0.00000e+00,3.96000e+00,
5.3908300e-02,-0.00000e+00,3.96000e+00,
5.4054786e-02,-0.00000e+00,3.96000e+00,
5.4201271e-02,-0.00000e+00,3.92000e+00,
5.4347757e-02,-0.00000e+00,3.96000e+00,
5.4494243e-02,-0.00000e+00,3.92000e+00,
5.4640729e-02,-0.00000e+00,3.96000e+00,
5.4787215e-02,-0.00000e+00,3.96000e+00,
5.4933701e-02,2.00001e-01,3.96000e+00,
5.5080187e-02,-0.00000e+00,3.96000e+00,
5.5226672e-02,-0.00000e+00,3.96000e+00,
5.5373158e-02,2.00001e-01,3.96000e+00,
5.5519644e-02,-0.00000e+00,3.92000e+00,
5.5666130e-02,-0.00000e+00,3.92000e+00,
5.5812616e-02,-0.00000e+00,3.92000e+00,
5.5959102e-02,-0.00000e+00,3.92000e+00,
5.6105588e-02,-0.00000e+00,3.92000e+00,
5.6252073e-02,-0.00000e+00,3.96000e+00,
5.6398559e-02,-0.00000e+00,3.92000e+00,
5.6545045e-02,-0.00000e+00,3.92000e+00,
5.6691531e-02,-0.00000e+00,3.92000e+00,
5.6838017e-02,-0.00000e+00,3.96000e+00,
5.6984503e-02,-0.00000e+00,3.96000e+00,
5.7130989e-02,-0.00000e+00,3.96000e+00,
5.7277475e-02,-0.00000e+00,3.96000e+00,
5.7423960e-02,-0.00000e+00,3.92000e+00,
5.7570446e-02,-0.00000e+00,3.96000e+00,
5.7716932e-02,-0.00000e+00,3.92000e+00,
5.7863418e-02,-0.00000e+00,3.96000e+00,
5.8009904e-02,-0.00000e+00,3.92000e+00,
5.8156390e-02,-0.00000e+00,3.96000e+00,
5.8302876e-02,-0.00000e+00,3.96000e+00,
5.8449361e-02,-0.00000e+00,3.96000e+00,
5.8595847e-02,-0.00000e+00,3.92000e+00,
5.8742333e-02,-0.00000e+00,3.96000e+00,
5.8888819e-02,2.00001e-01,3.96000e+00,
5.9035305e-02,-0.00000e+00,3.92000e+00,
5.9181791e-02,-0.00000e+00,3.92000e+00,
5.9328277e-02,-0.00000e+00,3.92000e+00,
5.9474763e-02,-0.00000e+00,3.92000e+00,
5.9621248e-02,-0.00000e+00,3.92000e+00,
5.9767734e-02,-0.00000e+00,3.96000e+00,
5.9914220e-02,-0.00000e+00,3.96000e+00,
6.0060706e-02,-0.00000e+00,3.96000e+00,
6.0207192e-02,2.00001e-01,3.92000e+00,
6.0353678e-02,-0.00000e+00,3.96000e+00,
6.0500164e-02,-0.00000e+00,3.96000e+00,
6.0646649e-02,-0.00000e+00,3.92000e+00,
6.0793135e-02,-0.00000e+00,3.96000e+00,
6.0939621e-02,-0.00000e+00,3.92000e+00,
6.1086107e-02,-0.00000e+00,3.92000e+00,
6.1232593e-02,-0.00000e+00,3.88000e+00,
6.1379079e-02,2.00001e-01,3.96000e+00,
6.1525565e-02,2.00001e-01,3.92000e+00,
6.1672051e-02,-0.00000e+00,3.96000e+00,
6.1818536e-02,-0.00000e+00,3.92000e+00,
6.1965022e-02,-0.00000e+00,3.96000e+00,
6.2111508e-02,-0.00000e+00,3.92000e+00,
6.2257994e-02,-0.00000e+00,3.92000e+00,
6.2404480e-02,-0.00000e+00,3.96000e+00,
6.2550962e-02,2.00001e-01,3.92000e+00,
6.2697448e-02,2.00001e-01,3.96000e+00,
6.2843934e-02,-0.00000e+00,3.96000e+00,
6.2990420e-02,-0.00000e+00,3.92000e+00,
6.3136905e-02,-0.00000e+00,3.92000e+00,
6.3283391e-02,2.00001e-01,3.96000e+00,
6.3429877e-02,-0.00000e+00,3.92000e+00,
6.3576363e-02,-0.00000e+00,3.92000e+00,
6.3722849e-02,-0.00000e+00,3.96000e+00,
6.3869335e-02,-0.00000e+00,3.92000e+00,
6.4015821e-02,-0.00000e+00,3.96000e+00,
6.4162306e-02,-0.00000e+00,3.92000e+00,
6.4308792e-02,-0.00000e+00,3.96000e+00,
6.4455278e-02,-0.00000e+00,3.92000e+00,
6.4601764e-02,-0.00000e+00,3.96000e+00,
6.4748250e-02,-0.00000e+00,3.92000e+00,
6.4894736e-02,-0.00000e+00,3.92000e+00,
6.5041222e-02,2.00001e-01,3.92000e+00,
6.5187708e-02,2.00001e-01,3.92000e+00,
6.5334193e-02,-0.00000e+00,3.96000e+00,
6.5480679e-02,-0.00000e+00,3.92000e+00,
6.5627165e-02,-0.00000e+00,3.96000e+00,
6.5773651e-02,-0.00000e+00,3.96000e+00,
6.5920137e-02,-0.00000e+00,3.96000e+00,
6.6066623e-02,-0.00000e+00,3.96000e+00,
6.6213109e-02,-0.00000e+00,4.00000e+00,
6.6359594e-02,-0.00000e+00,3.96000e+00,
6.6506080e-02,-0.00000e+00,3.96000e+00,
6.6652566e-02,-0.00000e+00,3.92000e+00,
6.6799052e-02,-0.00000e+00,3.96000e+00,
6.6945538e-02,-0.00000e+00,3.96000e+00,
6.7092024e-02,2.00001e-01,3.96000e+00,
6.7238510e-02,-0.00000e+00,3.96000e+00,
6.7384996e-02,-0.00000e+00,3.96000e+00,
6.7531481e-02,2.00001e-01,3.96000e+00,
6.7677967e-02,-0.00000e+00,3.96000e+00,
6.7824453e-02,-0.00000e+00,3.96000e+00,
6.7970939e-02,-0.00000e+00,3.92000e+00,
6.8117425e-02,-0.00000e+00,3.96000e+00,
6.8263911e-02,-0.00000e+00,3.92000e+00,
6.8410397e-02,2.00001e-01,3.92000e+00,
6.8556882e-02,-0.00000e+00,3.96000e+00,
6.8703368e-02,-0.00000e+00,3.96000e+00,
6.8849854e-02,-0.00000e+00,3.96000e+00,
6.8996340e-02,-0.00000e+00,3.92000e+00,
6.9142826e-02,-0.00000e+00,3.96000e+00,
6.9289312e-02,-0.00000e+00,3.92000e+00,
6.9435798e-02,-0.00000e+00,3.92000e+00,
6.9582283e-02,-0.00000e+00,3.96000e+00,
6.9728769e-02,-0.00000e+00,3.92000e+00,
6.9875255e-02,-0.00000e+00,3.92000e+00,
7.0021741e-02,-0.00000e+00,3.96000e+00,
7.0168227e-02,-0.00000e+00,3.92000e+00,
7.0314713e-02,-0.00000e+00,3.96000e+00,
7.0461199e-02,-0.00000e+00,3.92000e+00,
7.0607685e-02,-0.00000e+00,3.96000e+00,
7.0754170e-02,-0.00000e+00,3.96000e+00,
7.0900656e-02,-0.00000e+00,3.92000e+00,
7.1047142e-02,-0.00000e+00,3.96000e+00,
7.1193628e-02,-0.00000e+00,3.96000e+00,
7.1340114e-02,-0.00000e+00,3.96000e+00,
7.1486600e-02,2.00001e-01,3.96000e+00,
7.1633086e-02,-0.00000e+00,3.96000e+00,
7.1779571e-02,-0.00000e+00,3.92000e+00,
7.1926057e-02,2.00001e-01,3.92000e+00,
7.2072543e-02,-0.00000e+00,3.92000e+00,
7.2219029e-02,-0.00000e+00,3.92000e+00,
7.2365515e-02,-0.00000e+00,3.92000e+00,
7.2512001e-02,-0.00000e+00,3.92000e+00,
7.2658487e-02,-0.00000e+00,3.96000e+00,
7.2804973e-02,-0.00000e+00,3.92000e+00,
7.2951458e-02,-0.00000e+00,3.96000e+00,
7.3097944e-02,-0.00000e+00,3.96000e+00,
7.3244430e-02,-0.00000e+00,3.92000e+00,
7.3390916e-02,-0.00000e+00,3.96000e+00,
7.3537402e-02,2.00001e-01,3.92000e+00,
7.3683888e-02,-0.00000e+00,3.92000e+00,
7.3830374e-02,2.00001e-01,3.96000e+00,
7.3976859e-02,-0.00000e+00,3.96000e+00,
7.4123345e-02,-0.00000e+00,3.96000e+00,
7.4269831e-02,-0.00000e+00,3.92000e+00,
7.4416317e-02,-0.00000e+00,3.96000e+00,
7.4562803e-02,-0.00000e+00,3.92000e+00,
7.4709289e-02,-0.00000e+00,3.92000e+00,
7.4855775e-02,-0.00000e+00,3.92000e+00,
7.5002261e-02,-0.00000e+00,3.92000e+00,
7.5148746e-02,-0.00000e+00,3.92000e+00,
7.5295232e-02,-0.00000e+00,3.96000e+00,
7.5441718e-02,2.00001e-01,3.92000e+00,
7.5588204e-02,2.00001e-01,3.96000e+00,
7.5734690e-02,-0.00000e+00,3.96000e+00,
7.5881176e-02,-0.00000e+00,3.96000e+00,
7.6027662e-02,2.00001e-01,3.96000e+00,
7.6174147e-02,-0.00000e+00,3.92000e+00,
7.6320633e-02,-0.00000e+00,3.96000e+00,
7.6467119e-02,-0.00000e+00,3.96000e+00,
7.6613605e-02,-0.00000e+00,3.92000e+00,
7.6760091e-02,-0.00000e+00,3.96000e+00,
7.6906577e-02,2.00001e-01,3.96000e+00,
7.7053063e-02,-0.00000e+00,3.92000e+00,
7.7199548e-02,-0.00000e+00,3.96000e+00,
7.7346034e-02,-0.00000e+00,3.96000e+00,
7.7492520e-02,-0.00000e+00,3.96000e+00,
7.7639006e-02,-0.00000e+00,3.92000e+00,
7.7785492e-02,-0.00000e+00,3.92000e+00,
7.7931978e-02,-0.00000e+00,3.92000e+00,
7.8078464e-02,2.00001e-01,3.96000e+00,
7.8224950e-02,-0.00000e+00,3.92000e+00,
7.8371435e-02,-0.00000e+00,3.96000e+00,
7.8517921e-02,-0.00000e+00,3.96000e+00,
7.8664407e-02,-0.00000e+00,3.96000e+00,
7.8810893e-02,-0.00000e+00,3.96000e+00,
7.8957379e-02,-0.00000e+00,3.92000e+00,
7.9103865e-02,-0.00000e+00,3.96000e+00,
7.9250351e-02,-0.00000e+00,3.96000e+00,
7.9396836e-02,-0.00000e+00,3.92000e+00,
7.9543322e-02,-0.00000e+00,3.96000e+00,
7.9689808e-02,-0.00000e+00,3.92000e+00,
7.9836294e-02,-0.00000e+00,3.96000e+00,
7.9982780e-02,-0.00000e+00,3.92000e+00,
8.0129266e-02,-0.00000e+00,3.96000e+00,
8.0275752e-02,-0.00000e+00,3.96000e+00,
8.0422238e-02,2.00001e-01,3.92000e+00,
8.0568723e-02,-0.00000e+00,3.92000e+00,
8.0715209e-02,2.00001e-01,3.96000e+00,
8.0861695e-02,-0.00000e+00,3.96000e+00,
8.1008181e-02,-0.00000e+00,3.96000e+00,
8.1154667e-02,2.00001e-01,3.92000e+00,
8.1301153e-02,-0.00000e+00,3.92000e+00,
8.1447639e-02,-0.00000e+00,3.92000e+00,
8.1594124e-02,-0.00000e+00,3.92000e+00,
8.1740610e-02,-0.00000e+00,3.92000e+00,
8.1887096e-02,-0.00000e+00,3.96000e+00,
8.2033582e-02,-0.00000e+00,3.96000e+00,
8.2180068e-02,-0.00000e+00,3.96000e+00,
8.2326554e-02,-0.00000e+00,3.96000e+00,
8.2473040e-02,-0.00000e+00,3.96000e+00,
8.2619525e-02,-0.00000e+00,3.92000e+00,
8.2766011e-02,-0.00000e+00,3.96000e+00,
8.2912497e-02,-0.00000e+00,3.92000e+00,
8.3058983e-02,-0.00000e+00,3.96000e+00,
8.3205469e-02,-0.00000e+00,3.92000e+00,
8.3351955e-02,-0.00000e+00,3.92000e+00,
8.3498441e-02,-0.00000e+00,3.92000e+00,
8.3644927e-02,-0.00000e+00,3.92000e+00,
8.3791412e-02,-0.00000e+00,3.92000e+00,
8.3937898e-02,-0.00000e+00,3.92000e+00,
8.4084384e-02,-0.00000e+00,3.96000e+00,
8.4230870e-02,2.00001e-01,3.92000e+00,
8.4377356e-02,2.00001e-01,3.92000e+00,
8.4523842e-02,-0.00000e+00,3.96000e+00,
8.4670328e-02,-0.00000e+00,3.96000e+00,
8.4816813e-02,-0.00000e+00,3.96000e+00,
8.4963299e-02,-0.00000e+00,3.96000e+00,
8.5109785e-02,2.00001e-01,3.96000e+00,
8.5256271e-02,-0.00000e+00,3.96000e+00,
8.5402757e-02,2.00001e-01,3.96000e+00,
8.5549243e-02,-0.00000e+00,3.96000e+00,
8.5695729e-02,-0.00000e+00,3.96000e+00,
8.5842215e-02,2.00001e-01,3.92000e+00,
8.5988700e-02,-0.00000e+00,3.92000e+00,
8.6135186e-02,-0.00000e+00,3.92000e+00,
8.6281672e-02,-0.00000e+00,3.96000e+00,
8.6428158e-02,-0.00000e+00,3.96000e+00,
8.6574644e-02,-0.00000e+00,3.92000e+00,
8.6721130e-02,-0.00000e+00,3.96000e+00,
8.6867616e-02,-0.00000e+00,3.92000e+00,
8.7014101e-02,-0.00000e+00,3.96000e+00,
8.7160587e-02,-0.00000e+00,3.92000e+00,
8.7307073e-02,-0.00000e+00,3.92000e+00,
8.7453559e-02,-0.00000e+00,3.96000e+00,
8.7600045e-02,5.00000e+00,4.00000e+00,
8.7746531e-02,2.00001e-01,3.92000e+00,
8.7893017e-02,-0.00000e+00,3.96000e+00,
8.8039503e-02,2.00001e-01,3.92000e+00,
8.8185988e-02,-0.00000e+00,3.92000e+00,
8.8332474e-02,2.00001e-01,3.96000e+00,
8.8478960e-02,-0.00000e+00,3.96000e+00,
8.8625446e-02,-0.00000e+00,3.92000e+00,
8.8771932e-02,-0.00000e+00,3.92000e+00,
8.8918418e-02,-0.00000e+00,3.96000e+00,
8.9064904e-02,-0.00000e+00,3.92000e+00,
8.9211389e-02,2.00001e-01,3.92000e+00,
8.9357875e-02,-0.00000e+00,3.96000e+00,
8.9504361e-02,-0.00000e+00,3.92000e+00,
8.9650847e-02,-0.00000e+00,3.96000e+00,
8.9797333e-02,-0.00000e+00,3.96000e+00,
8.9943819e-02,2.00001e-01,3.92000e+00,
9.0090305e-02,-0.00000e+00,3.96000e+00,
9.0236790e-02,2.00001e-01,3.92000e+00,
9.0383276e-02,2.00001e-01,3.92000e+00,
9.0529762e-02,-0.00000e+00,3.96000e+00,
9.0676248e-02,-0.00000e+00,3.92000e+00,
9.0822734e-02,-0.00000e+00,3.96000e+00,
9.0969220e-02,-0.00000e+00,3.96000e+00,
9.1113269e-02,-0.00000e+00,3.96000e+00,
9.1259755e-02,-0.00000e+00,3.92000e+00,
9.1406241e-02,2.00001e-01,3.96000e+00,
9.1552727e-02,-0.00000e+00,3.96000e+00,
9.1699213e-02,-0.00000e+00,3.92000e+00,
9.1845699e-02,-0.00000e+00,3.92000e+00,
9.1992185e-02,-0.00000e+00,3.96000e+00,
9.2138670e-02,2.00001e-01,3.92000e+00,
9.2285156e-02,-0.00000e+00,3.92000e+00,
9.2431642e-02,2.00001e-01,3.96000e+00,
9.2578128e-02,-0.00000e+00,3.96000e+00,
9.2724614e-02,-0.00000e+00,3.96000e+00,
9.2871100e-02,-0.00000e+00,3.92000e+00,
9.3017586e-02,-0.00000e+00,3.92000e+00,
9.3164071e-02,-0.00000e+00,3.92000e+00,
9.3310557e-02,-0.00000e+00,3.96000e+00,
9.3457043e-02,2.00001e-01,3.96000e+00,
9.3603529e-02,-0.00000e+00,3.96000e+00,
9.3750015e-02,-0.00000e+00,3.96000e+00,
9.3896501e-02,-0.00000e+00,3.92000e+00,
9.4042987e-02,-0.00000e+00,3.96000e+00,
9.4189472e-02,-0.00000e+00,3.96000e+00,
9.4335958e-02,-0.00000e+00,3.92000e+00,
9.4482444e-02,-0.00000e+00,3.96000e+00,
9.4628930e-02,-0.00000e+00,3.96000e+00,
9.4775416e-02,2.00001e-01,3.92000e+00,
9.4921902e-02,-0.00000e+00,3.92000e+00,
9.5068388e-02,-0.00000e+00,3.96000e+00,
9.5214874e-02,-0.00000e+00,3.96000e+00,
9.5361359e-02,2.00001e-01,3.96000e+00,
9.5507845e-02,-0.00000e+00,3.92000e+00,
9.5654331e-02,-0.00000e+00,3.92000e+00,
9.5800817e-02,-0.00000e+00,3.96000e+00,
9.5947303e-02,-0.00000e+00,3.96000e+00,
9.6093789e-02,-0.00000e+00,3.92000e+00,
9.6240275e-02,-0.00000e+00,3.92000e+00,
9.6386760e-02,-0.00000e+00,3.92000e+00,
9.6533246e-02,2.00001e-01,3.92000e+00,
9.6679732e-02,2.00001e-01,3.92000e+00,
9.6826218e-02,-0.00000e+00,3.96000e+00,
9.6972704e-02,2.00001e-01,3.96000e+00,
9.7119190e-02,-0.00000e+00,3.92000e+00,
9.7265676e-02,-0.00000e+00,3.96000e+00,
9.7412162e-02,-0.00000e+00,3.96000e+00,
9.7558647e-02,-0.00000e+00,3.92000e+00,
9.7705133e-02,-0.00000e+00,3.92000e+00,
9.7851619e-02,2.00001e-01,3.96000e+00,
9.7998105e-02,-0.00000e+00,3.96000e+00,
9.8144591e-02,-0.00000e+00,3.92000e+00,
9.8291077e-02,-0.00000e+00,3.96000e+00,
9.8437563e-02,-0.00000e+00,3.92000e+00,
9.8584048e-02,-0.00000e+00,3.96000e+00,
9.8730534e-02,2.00001e-01,3.96000e+00,
9.8877020e-02,-0.00000e+00,3.96000e+00,
9.9023506e-02,-0.00000e+00,3.92000e+00,
9.9169992e-02,-0.00000e+00,3.96000e+00,
9.9316478e-02,5.00000e+00,3.92000e+00,
9.9462964e-02,-0.00000e+00,3.92000e+00,
9.9609450e-02,-0.00000e+00,3.96000e+00,
9.9755935e-02,-0.00000e+00,3.96000e+00,
9.9902421e-02,-0.00000e+00,3.96000e+00,
1.0004891e-01,-0.00000e+00,3.92000e+00,
1.0019539e-01,-0.00000e+00,3.96000e+00,
1.0034188e-01,-0.00000e+00,3.92000e+00,
1.0048836e-01,-0.00000e+00,3.96000e+00,
1.0063485e-01,2.00001e-01,3.96000e+00,
1.0078134e-01,-0.00000e+00,3.96000e+00,
1.0092782e-01,-0.00000e+00,3.96000e+00,
1.0107431e-01,-0.00000e+00,3.96000e+00,
1.0122079e-01,-0.00000e+00,3.96000e+00,
1.0136728e-01,-0.00000e+00,3.96000e+00,
1.0151377e-01,-0.00000e+00,3.96000e+00,
1.0166025e-01,-0.00000e+00,3.96000e+00,
1.0180674e-01,-0.00000e+00,3.96000e+00,
1.0195322e-01,-0.00000e+00,3.92000e+00,
1.0209971e-01,-0.00000e+00,3.96000e+00,
1.0224620e-01,-0.00000e+00,3.96000e+00,
1.0239268e-01,-0.00000e+00,3.96000e+00,
1.0253917e-01,2.00001e-01,3.92000e+00,
1.0268565e-01,2.00001e-01,3.96000e+00,
1.0283214e-01,-0.00000e+00,3.92000e+00,
1.0297862e-01,-0.00000e+00,3.92000e+00,
1.0312511e-01,-0.00000e+00,3.92000e+00,
1.0327160e-01,-0.00000e+00,3.96000e+00,
1.0341808e-01,-0.00000e+00,3.96000e+00,
1.0356457e-01,2.00001e-01,3.92000e+00,
1.0371105e-01,-0.00000e+00,3.96000e+00,
1.0385754e-01,-0.00000e+00,3.96000e+00,
1.0400403e-01,2.00001e-01,3.96000e+00,
1.0415051e-01,-0.00000e+00,3.96000e+00,
1.0429700e-01,-0.00000e+00,3.92000e+00,
1.0444348e-01,2.00001e-01,3.96000e+00,
1.0458997e-01,-0.00000e+00,3.92000e+00,
1.0473645e-01,-0.00000e+00,3.96000e+00,
1.0488294e-01,-0.00000e+00,3.96000e+00,
1.0502943e-01,-0.00000e+00,3.96000e+00,
1.0517591e-01,2.00001e-01,3.96000e+00,
1.0532240e-01,-0.00000e+00,3.92000e+00,
1.0546888e-01,-0.00000e+00,3.92000e+00,
1.0561537e-01,-0.00000e+00,3.96000e+00,
1.0576186e-01,-0.00000e+00,3.92000e+00,
1.0590834e-01,-0.00000e+00,3.92000e+00,
1.0605483e-01,-0.00000e+00,3.92000e+00,
1.0620131e-01,2.00001e-01,3.96000e+00,
1.0634780e-01,-0.00000e+00,3.96000e+00,
1.0649429e-01,-0.00000e+00,3.96000e+00,
1.0664077e-01,-0.00000e+00,3.96000e+00,
1.0678726e-01,-0.00000e+00,3.92000e+00,
1.0693374e-01,2.00001e-01,3.96000e+00,
1.0708023e-01,-0.00000e+00,3.96000e+00,
1.0722671e-01,2.00001e-01,3.96000e+00,
1.0737320e-01,-0.00000e+00,3.96000e+00,
1.0751969e-01,2.00001e-01,3.92000e+00,
1.0766617e-01,-0.00000e+00,3.96000e+00,
1.0781266e-01,-0.00000e+00,3.96000e+00,
1.0795914e-01,-0.00000e+00,3.96000e+00,
1.0810563e-01,-0.00000e+00,3.96000e+00,
1.0825212e-01,2.00001e-01,3.96000e+00,
1.0839860e-01,-0.00000e+00,3.96000e+00,
1.0854509e-01,-0.00000e+00,3.92000e+00,
1.0869157e-01,5.00000e+00,3.96000e+00,
1.0883806e-01,-0.00000e+00,3.96000e+00,
1.0898454e-01,-0.00000e+00,3.96000e+00,
1.0913103e-01,-0.00000e+00,3.96000e+00,
1.0927752e-01,-0.00000e+00,3.96000e+00,
1.0942400e-01,-0.00000e+00,3.92000e+00,
1.0957049e-01,-0.00000e+00,3.92000e+00,
1.0971697e-01,-0.00000e+00,3.92000e+00,
1.0986346e-01,-0.00000e+00,3.96000e+00,
1.1000995e-01,2.00001e-01,3.96000e+00,
1.1015643e-01,-0.00000e+00,3.92000e+00,
1.1030292e-01,2.00001e-01,3.96000e+00,
1.1044940e-01,-0.00000e+00,3.96000e+00,
1.1059589e-01,-0.00000e+00,3.92000e+00,
1.1074238e-01,-0.00000e+00,3.96000e+00,
1.1088886e-01,-0.00000e+00,3.92000e+00,
1.1103535e-01,2.00001e-01,3.96000e+00,
1.1118183e-01,-0.00000e+00,3.96000e+00,
1.1132832e-01,-0.00000e+00,3.92000e+00,
1.1147480e-01,2.00001e-01,3.92000e+00,
1.1162129e-01,-0.00000e+00,3.92000e+00,
1.1176778e-01,-0.00000e+00,3.96000e+00,
1.1191426e-01,-0.00000e+00,4.00000e+00,
1.1206075e-01,-0.00000e+00,3.92000e+00,
1.1220723e-01,-0.00000e+00,3.96000e+00,
1.1235372e-01,-0.00000e+00,3.92000e+00,
1.1250021e-01,-0.00000e+00,3.96000e+00,
1.1264669e-01,-0.00000e+00,3.92000e+00,
1.1279318e-01,-0.00000e+00,3.96000e+00,
1.1293966e-01,-0.00000e+00,3.96000e+00,
1.1308615e-01,-0.00000e+00,3.96000e+00,
1.1323263e-01,-0.00000e+00,3.96000e+00,
1.1337912e-01,-0.00000e+00,3.96000e+00,
1.1352561e-01,2.00001e-01,3.92000e+00,
1.1367209e-01,-0.00000e+00,3.96000e+00,
1.1381858e-01,-0.00000e+00,3.96000e+00,
1.1396506e-01,-0.00000e+00,3.96000e+00,
1.1411155e-01,-0.00000e+00,3.96000e+00,
1.1425804e-01,-0.00000e+00,3.96000e+00,
1.1440452e-01,-0.00000e+00,3.96000e+00,
1.1455101e-01,-0.00000e+00,3.92000e+00,
1.1469749e-01,-0.00000e+00,3.96000e+00,
1.1484398e-01,-0.00000e+00,3.96000e+00,
1.1499047e-01,-0.00000e+00,3.96000e+00,
1.1513695e-01,-0.00000e+00,3.96000e+00,
1.1528344e-01,2.00001e-01,3.96000e+00,
1.1542992e-01,-0.00000e+00,3.96000e+00,
1.1557641e-01,-0.00000e+00,3.96000e+00,
1.1572289e-01,-0.00000e+00,3.96000e+00,
1.1586938e-01,-0.00000e+00,3.92000e+00,
1.1601587e-01,2.00001e-01,3.96000e+00,
1.1616235e-01,-0.00000e+00,3.96000e+00,
1.1630884e-01,-0.00000e+00,3.96000e+00,
1.1645532e-01,-0.00000e+00,3.92000e+00,
1.1660181e-01,-0.00000e+00,3.92000e+00,
1.1674830e-01,-0.00000e+00,3.92000e+00,
1.1689478e-01,-0.00000e+00,3.96000e+00,
1.1704127e-01,2.00001e-01,3.92000e+00,
1.1718775e-01,-0.00000e+00,3.96000e+00,
1.1733424e-01,-0.00000e+00,3.92000e+00,
1.1748073e-01,-0.00000e+00,3.96000e+00,
1.1762721e-01,-0.00000e+00,3.96000e+00,
1.1777370e-01,-0.00000e+00,3.92000e+00,
1.1792018e-01,-0.00000e+00,3.92000e+00,
1.1806667e-01,2.00001e-01,3.96000e+00,
1.1821315e-01,-0.00000e+00,3.96000e+00,
1.1835964e-01,2.00001e-01,3.96000e+00,
1.1850613e-01,-0.00000e+00,3.96000e+00,
1.1865261e-01,-0.00000e+00,4.00000e+00,
1.1879910e-01,-0.00000e+00,3.96000e+00,
1.1894558e-01,-0.00000e+00,3.96000e+00,
1.1909207e-01,-0.00000e+00,3.96000e+00,
1.1923856e-01,-0.00000e+00,3.92000e+00,
1.1938504e-01,-0.00000e+00,3.92000e+00,
1.1953153e-01,-0.00000e+00,3.92000e+00,
1.1967801e-01,-0.00000e+00,3.92000e+00,
1.1982450e-01,2.00001e-01,3.96000e+00,
1.1997098e-01,-0.00000e+00,3.92000e+00,
1.2011747e-01,-0.00000e+00,3.92000e+00,
1.2026396e-01,-0.00000e+00,3.96000e+00,
1.2041044e-01,-0.00000e+00,3.96000e+00,
1.2055693e-01,2.00001e-01,3.96000e+00,
1.2070341e-01,-0.00000e+00,3.96000e+00,
1.2084990e-01,-0.00000e+00,3.92000e+00,
1.2099639e-01,-0.00000e+00,3.96000e+00,
1.2114287e-01,2.00001e-01,3.92000e+00,
1.2128936e-01,-0.00000e+00,3.96000e+00,
1.2143584e-01,-0.00000e+00,3.96000e+00,
1.2158233e-01,-0.00000e+00,3.96000e+00,
1.2172882e-01,-0.00000e+00,3.96000e+00,
1.2187530e-01,-0.00000e+00,3.96000e+00,
1.2202179e-01,-0.00000e+00,3.96000e+00,
1.2216827e-01,-0.00000e+00,3.92000e+00,
1.2231476e-01,-0.00000e+00,3.96000e+00,
1.2246124e-01,-0.00000e+00,3.96000e+00,
1.2260773e-01,-0.00000e+00,3.96000e+00,
1.2275422e-01,-0.00000e+00,3.92000e+00,
1.2290070e-01,-0.00000e+00,3.96000e+00,
1.2304719e-01,-0.00000e+00,3.96000e+00,
1.2319367e-01,-0.00000e+00,3.96000e+00,
1.2334016e-01,2.00001e-01,3.96000e+00,
1.2348665e-01,-0.00000e+00,3.96000e+00,
1.2363313e-01,-0.00000e+00,3.96000e+00,
1.2377962e-01,-0.00000e+00,3.96000e+00,
1.2392610e-01,-0.00000e+00,3.96000e+00,
1.2407259e-01,-0.00000e+00,3.96000e+00,
1.2421907e-01,-0.00000e+00,3.96000e+00,
1.2436556e-01,-0.00000e+00,3.92000e+00,
1.2451205e-01,-0.00000e+00,3.96000e+00,
1.2465853e-01,-0.00000e+00,3.92000e+00,
1.2480502e-01,-0.00000e+00,3.96000e+00,
1.2495150e-01,-0.00000e+00,3.96000e+00,
1.2509799e-01,-0.00000e+00,3.96000e+00,
1.2524447e-01,-0.00000e+00,3.96000e+00,
1.2539095e-01,-0.00000e+00,3.96000e+00,
1.2553743e-01,-0.00000e+00,3.96000e+00,
1.2568390e-01,-0.00000e+00,3.92000e+00,
1.2583038e-01,-0.00000e+00,3.96000e+00,
1.2597686e-01,-0.00000e+00,3.92000e+00,
1.2612334e-01,-0.00000e+00,3.96000e+00,
1.2626982e-01,2.00001e-01,3.92000e+00,
1.2641630e-01,2.00001e-01,3.96000e+00,
1.2656277e-01,-0.00000e+00,3.96000e+00,
1.2670925e-01,-0.00000e+00,3.96000e+00,
1.2685573e-01,-0.00000e+00,3.96000e+00,
1.2700221e-01,-0.00000e+00,3.96000e+00,
1.2714869e-01,-0.00000e+00,3.96000e+00,
1.2729517e-01,-0.00000e+00,3.92000e+00,
1.2744164e-01,2.00001e-01,3.92000e+00,
1.2758812e-01,2.00001e-01,3.96000e+00,
1.2773460e-01,-0.00000e+00,3.96000e+00,
1.2788108e-01,-0.00000e+00,3.92000e+00,
1.2802756e-01,-0.00000e+00,3.96000e+00,
1.2817404e-01,-0.00000e+00,3.96000e+00,
1.2832052e-01,2.00001e-01,3.96000e+00,
1.2846699e-01,-0.00000e+00,3.96000e+00,
1.2861347e-01,-0.00000e+00,3.96000e+00,
1.2875995e-01,-0.00000e+00,3.96000e+00,
1.2890643e-01,2.00001e-01,3.96000e+00,
1.2905291e-01,2.00001e-01,3.96000e+00,
1.2919939e-01,-0.00000e+00,3.96000e+00,
1.2934586e-01,-0.00000e+00,3.92000e+00,
1.2949234e-01,-0.00000e+00,3.96000e+00,
1.2963882e-01,-0.00000e+00,3.92000e+00,
1.2978530e-01,-0.00000e+00,3.96000e+00,
1.2993178e-01,2.00001e-01,3.92000e+00,
1.3007826e-01,-0.00000e+00,3.96000e+00,
1.3022473e-01,-0.00000e+00,3.92000e+00,
1.3037121e-01,2.00001e-01,3.96000e+00,
1.3051769e-01,-0.00000e+00,3.92000e+00,
1.3066417e-01,-0.00000e+00,3.92000e+00,
1.3081065e-01,-0.00000e+00,3.96000e+00,
1.3095713e-01,2.00001e-01,3.92000e+00,
1.3110361e-01,-0.00000e+00,3.92000e+00,
1.3125008e-01,-0.00000e+00,3.92000e+00,
1.3139656e-01,-0.00000e+00,3.92000e+00,
1.3154304e-01,-0.00000e+00,3.96000e+00,
1.3168952e-01,-0.00000e+00,3.96000e+00,
1.3183600e-01,-0.00000e+00,3.96000e+00,
1.3198248e-01,-0.00000e+00,3.96000e+00,
1.3212895e-01,-0.00000e+00,3.92000e+00,
1.3227543e-01,-0.00000e+00,3.92000e+00,
1.3242191e-01,-0.00000e+00,3.96000e+00,
1.3256839e-01,-0.00000e+00,3.96000e+00,
1.3271487e-01,-0.00000e+00,3.96000e+00,
1.3286135e-01,-0.00000e+00,3.96000e+00,
1.3300782e-01,-0.00000e+00,3.96000e+00,
1.3315430e-01,-0.00000e+00,3.92000e+00,
1.3330078e-01,-0.00000e+00,3.96000e+00,
1.3344726e-01,2.00001e-01,3.96000e+00,
1.3359374e-01,-0.00000e+00,3.92000e+00,
1.3374022e-01,2.00001e-01,3.92000e+00,
1.3388669e-01,-0.00000e+00,3.92000e+00,
1.3403317e-01,2.00001e-01,3.92000e+00,
1.3417965e-01,-0.00000e+00,3.92000e+00,
1.3432613e-01,-0.00000e+00,3.96000e+00,
1.3447261e-01,-0.00000e+00,3.96000e+00,
1.3461909e-01,-0.00000e+00,3.96000e+00,
1.3476557e-01,-0.00000e+00,3.96000e+00,
1.3491204e-01,2.00001e-01,3.92000e+00,
1.3505852e-01,5.60000e+00,4.08000e+00,
1.3520500e-01,-0.00000e+00,3.96000e+00,
1.3535148e-01,-0.00000e+00,3.96000e+00,
1.3549796e-01,-0.00000e+00,3.96000e+00,
1.3564444e-01,-0.00000e+00,3.92000e+00,
1.3579091e-01,-0.00000e+00,3.92000e+00,
1.3593739e-01,2.00001e-01,3.96000e+00,
1.3608387e-01,-0.00000e+00,3.92000e+00,
1.3623035e-01,-0.00000e+00,3.92000e+00,
1.3637683e-01,2.00001e-01,3.92000e+00,
1.3652331e-01,-0.00000e+00,3.96000e+00,
1.3666978e-01,-0.00000e+00,3.96000e+00,
1.3681626e-01,-0.00000e+00,3.92000e+00,
1.3696274e-01,2.00001e-01,3.96000e+00,
1.3710922e-01,-0.00000e+00,3.92000e+00,
1.3725570e-01,-0.00000e+00,3.96000e+00,
1.3740218e-01,2.00001e-01,3.96000e+00,
1.3754866e-01,-0.00000e+00,3.92000e+00,
1.3769513e-01,2.00001e-01,3.92000e+00,
1.3784161e-01,-0.00000e+00,3.96000e+00,
1.3798809e-01,2.00001e-01,3.92000e+00,
1.3813457e-01,-0.00000e+00,3.96000e+00,
1.3828105e-01,-0.00000e+00,3.96000e+00,
1.3842753e-01,2.00001e-01,3.96000e+00,
1.3857400e-01,-0.00000e+00,3.96000e+00,
1.3872048e-01,-0.00000e+00,3.96000e+00,
1.3886696e-01,2.00001e-01,3.92000e+00,
1.3901344e-01,-0.00000e+00,3.92000e+00,
1.3915992e-01,-0.00000e+00,3.96000e+00,
1.3930640e-01,-0.00000e+00,3.92000e+00,
1.3945287e-01,-0.00000e+00,3.96000e+00,
1.3959935e-01,-0.00000e+00,3.96000e+00,
1.3974583e-01,2.00001e-01,3.92000e+00,
1.3989231e-01,-0.00000e+00,3.92000e+00,
1.4003879e-01,-0.00000e+00,3.92000e+00,
1.4018527e-01,-0.00000e+00,3.96000e+00,
1.4033175e-01,-0.00000e+00,3.96000e+00,
1.4047822e-01,-0.00000e+00,3.92000e+00,
1.4062470e-01,-0.00000e+00,3.92000e+00,
1.4077118e-01,2.00001e-01,3.96000e+00,
1.4091766e-01,-0.00000e+00,3.92000e+00,
1.4106414e-01,-0.00000e+00,3.92000e+00,
1.4121062e-01,-0.00000e+00,3.96000e+00,
1.4135709e-01,-0.00000e+00,3.92000e+00,
1.4150357e-01,-0.00000e+00,3.96000e+00,
1.4165005e-01,2.00001e-01,3.96000e+00,
1.4179653e-01,-0.00000e+00,3.96000e+00,
1.4194301e-01,2.00001e-01,3.96000e+00,
1.4208949e-01,-0.00000e+00,3.92000e+00,
1.4223596e-01,-0.00000e+00,3.96000e+00,
1.4238244e-01,-0.00000e+00,3.96000e+00,
1.4252892e-01,2.00001e-01,3.96000e+00,
1.4267540e-01,-0.00000e+00,3.92000e+00,
1.4282188e-01,2.00001e-01,3.96000e+00,
1.4296836e-01,-0.00000e+00,3.96000e+00,
1.4311484e-01,-0.00000e+00,3.96000e+00,
1.4326131e-01,-0.00000e+00,3.96000e+00,
1.4340779e-01,-0.00000e+00,3.92000e+00,
1.4355427e-01,2.00001e-01,3.96000e+00,
1.4370075e-01,-0.00000e+00,3.96000e+00,
1.4384723e-01,2.00001e-01,3.96000e+00,
1.4399371e-01,-0.00000e+00,3.92000e+00,
1.4414018e-01,-0.00000e+00,3.96000e+00,
1.4428666e-01,-0.00000e+00,3.96000e+00,
1.4443314e-01,-0.00000e+00,3.96000e+00,
1.4457962e-01,-0.00000e+00,3.96000e+00,
1.4472610e-01,2.00001e-01,3.96000e+00,
1.4487258e-01,-0.00000e+00,3.96000e+00,
1.4501905e-01,-0.00000e+00,3.96000e+00,
1.4516553e-01,-0.00000e+00,3.92000e+00,
1.4531201e-01,-0.00000e+00,3.96000e+00,
1.4545849e-01,-0.00000e+00,3.96000e+00,
1.4560497e-01,2.00001e-01,3.96000e+00,
1.4575145e-01,-0.00000e+00,3.92000e+00,
1.4589792e-01,2.00001e-01,3.96000e+00,
1.4604440e-01,-0.00000e+00,3.96000e+00,
1.4619088e-01,2.00001e-01,3.96000e+00,
1.4633736e-01,-0.00000e+00,3.96000e+00,
1.4648384e-01,-0.00000e+00,3.92000e+00,
1.4663032e-01,2.00001e-01,3.96000e+00,
1.4677680e-01,-0.00000e+00,3.96000e+00,
1.4692327e-01,2.00001e-01,3.96000e+00,
1.4706975e-01,-0.00000e+00,3.92000e+00,
1.4721623e-01,-0.00000e+00,3.92000e+00,
1.4736271e-01,2.00001e-01,3.96000e+00,
1.4750919e-01,2.00001e-01,3.96000e+00,
1.4765567e-01,2.00001e-01,3.96000e+00,
1.4780214e-01,2.00001e-01,3.96000e+00,
1.4794862e-01,-0.00000e+00,3.96000e+00,
1.4809510e-01,-0.00000e+00,3.92000e+00,
1.4824158e-01,-0.00000e+00,3.96000e+00,
1.4838806e-01,2.00001e-01,3.96000e+00,
1.4853454e-01,-0.00000e+00,3.96000e+00,
1.4868101e-01,-0.00000e+00,3.96000e+00,
1.4882749e-01,-0.00000e+00,3.96000e+00,
1.4897397e-01,2.00001e-01,3.96000e+00,
1.4912045e-01,-0.00000e+00,3.96000e+00,
1.4926693e-01,-0.00000e+00,3.92000e+00,
1.4941341e-01,5.20000e+00,3.92000e+00,
1.4955989e-01,2.00001e-01,3.92000e+00,
1.4970636e-01,-0.00000e+00,3.92000e+00,
1.4985284e-01,-0.00000e+00,3.92000e+00,
1.4999932e-01,-0.00000e+00,3.96000e+00,
1.5014580e-01,2.00001e-01,3.92000e+00,
1.5029228e-01,-0.00000e+00,3.96000e+00,
1.5043876e-01,-0.00000e+00,3.96000e+00,
1.5058523e-01,-0.00000e+00,3.96000e+00,
1.5073171e-01,-0.00000e+00,3.96000e+00,
1.5087819e-01,-0.00000e+00,3.96000e+00,
1.5102467e-01,-0.00000e+00,3.96000e+00,
1.5117115e-01,-0.00000e+00,3.96000e+00,
1.5131763e-01,-0.00000e+00,3.96000e+00,
1.5146410e-01,-0.00000e+00,3.96000e+00,
1.5161058e-01,-0.00000e+00,3.96000e+00,
1.5175706e-01,-0.00000e+00,3.96000e+00,
1.5190354e-01,-0.00000e+00,3.96000e+00,
1.5205002e-01,-0.00000e+00,3.96000e+00,
1.5219650e-01,-0.00000e+00,3.96000e+00,
1.5234298e-01,-0.00000e+00,3.96000e+00,
1.5248945e-01,2.00001e-01,3.92000e+00,
1.5263593e-01,-0.00000e+00,3.96000e+00,
1.5278241e-01,-0.00000e+00,3.96000e+00,
1.5292889e-01,2.00001e-01,3.92000e+00,
1.5307537e-01,-0.00000e+00,3.92000e+00,
1.5322185e-01,-0.00000e+00,3.96000e+00,
1.5336832e-01,-0.00000e+00,3.92000e+00,
1.5351480e-01,-0.00000e+00,3.92000e+00,
1.5366128e-01,2.00001e-01,3.92000e+00,
1.5380776e-01,-0.00000e+00,3.92000e+00,
1.5395424e-01,-0.00000e+00,3.96000e+00,
1.5410072e-01,-0.00000e+00,3.96000e+00,
1.5424719e-01,-0.00000e+00,3.92000e+00,
1.5439367e-01,-0.00000e+00,3.92000e+00,
1.5454015e-01,2.00001e-01,3.92000e+00,
1.5468663e-01,-0.00000e+00,3.92000e+00,
1.5483311e-01,-0.00000e+00,3.96000e+00,
1.5497959e-01,-0.00000e+00,3.96000e+00,
1.5512607e-01,-0.00000e+00,3.92000e+00,
1.5527254e-01,2.00001e-01,3.96000e+00,
1.5541902e-01,2.00001e-01,3.96000e+00,
1.5556550e-01,-0.00000e+00,3.96000e+00,
1.5571198e-01,-0.00000e+00,3.96000e+00,
1.5585846e-01,-0.00000e+00,3.92000e+00,
1.5600494e-01,-0.00000e+00,3.96000e+00,
1.5615141e-01,5.00000e+00,4.00000e+00,
1.5629789e-01,-0.00000e+00,3.92000e+00,
1.5644437e-01,2.00001e-01,3.96000e+00,
1.5659085e-01,-0.00000e+00,3.96000e+00,
1.5673733e-01,-0.00000e+00,3.96000e+00,
1.5688381e-01,-0.00000e+00,3.96000e+00,
1.5703028e-01,-0.00000e+00,3.92000e+00,
1.5717676e-01,-0.00000e+00,3.96000e+00,
1.5732324e-01,-0.00000e+00,3.96000e+00,
1.5746972e-01,-0.00000e+00,3.96000e+00,
1.5761620e-01,2.00001e-01,3.96000e+00,
1.5776268e-01,-0.00000e+00,3.96000e+00,
1.5790915e-01,-0.00000e+00,3.96000e+00,
1.5805563e-01,2.00001e-01,3.92000e+00,
1.5820211e-01,-0.00000e+00,3.92000e+00,
1.5834859e-01,-0.00000e+00,3.96000e+00,
1.5849507e-01,4.20000e+00,3.84000e+00,
1.5864155e-01,-0.00000e+00,3.92000e+00,
1.5878803e-01,-0.00000e+00,3.96000e+00,
1.5893450e-01,-0.00000e+00,3.96000e+00,
1.5908098e-01,2.00001e-01,3.92000e+00,
1.5922746e-01,-0.00000e+00,3.96000e+00,
1.5937394e-01,-0.00000e+00,3.96000e+00,
1.5952042e-01,-0.00000e+00,3.96000e+00,
1.5966690e-01,-0.00000e+00,3.92000e+00,
1.5981337e-01,-0.00000e+00,3.92000e+00,
1.5995985e-01,-0.00000e+00,3.92000e+00,
1.6010633e-01,-0.00000e+00,3.96000e+00,
1.6025281e-01,-0.00000e+00,3.92000e+00,
1.6039929e-01,2.00001e-01,3.96000e+00,
1.6054577e-01,-0.00000e+00,3.96000e+00,
1.6069224e-01,-0.00000e+00,3.92000e+00,
1.6083872e-01,-0.00000e+00,3.96000e+00,
1.6098520e-01,-0.00000e+00,3.96000e+00,
1.6113168e-01,-0.00000e+00,3.92000e+00,
1.6127816e-01,-0.00000e+00,3.96000e+00,
1.6142464e-01,-0.00000e+00,3.92000e+00,
1.6157112e-01,-0.00000e+00,3.96000e+00,
1.6171759e-01,-0.00000e+00,3.92000e+00,
1.6186407e-01,-0.00000e+00,3.96000e+00,
1.6201055e-01,-0.00000e+00,3.96000e+00,
1.6215703e-01,-0.00000e+00,3.96000e+00,
1.6230351e-01,-0.00000e+00,3.96000e+00,
1.6244999e-01,-0.00000e+00,3.92000e+00,
1.6259646e-01,-0.00000e+00,3.96000e+00,
1.6274294e-01,2.00001e-01,3.92000e+00,
1.6288942e-01,-0.00000e+00,3.96000e+00,
1.6303590e-01,-0.00000e+00,3.92000e+00,
1.6318238e-01,-0.00000e+00,3.96000e+00,
1.6332886e-01,-0.00000e+00,3.92000e+00,
1.6347533e-01,-0.00000e+00,3.96000e+00,
1.6362181e-01,-0.00000e+00,3.92000e+00,
1.6376829e-01,-0.00000e+00,3.96000e+00,
1.6391477e-01,-0.00000e+00,3.96000e+00,
1.6406125e-01,-0.00000e+00,3.96000e+00,
1.6420773e-01,2.00001e-01,3.92000e+00,
1.6435421e-01,-0.00000e+00,3.96000e+00,
1.6450068e-01,-0.00000e+00,3.92000e+00,
1.6464716e-01,2.00001e-01,3.96000e+00,
1.6479364e-01,-0.00000e+00,3.96000e+00,
1.6494012e-01,-0.00000e+00,3.96000e+00,
1.6508660e-01,2.00001e-01,3.96000e+00,
1.6523308e-01,-0.00000e+00,3.96000e+00,
1.6537955e-01,-0.00000e+00,3.96000e+00,
1.6552603e-01,-0.00000e+00,3.92000e+00,
1.6567251e-01,-0.00000e+00,3.96000e+00,
1.6581899e-01,-0.00000e+00,4.00000e+00,
1.6596547e-01,-0.00000e+00,3.92000e+00,
1.6611195e-01,2.00001e-01,3.92000e+00,
1.6625842e-01,-0.00000e+00,3.96000e+00,
1.6640490e-01,-0.00000e+00,3.96000e+00,
1.6655138e-01,2.00001e-01,3.92000e+00,
1.6669786e-01,-0.00000e+00,3.96000e+00,
1.6684434e-01,-0.00000e+00,3.96000e+00,
1.6699082e-01,-0.00000e+00,3.96000e+00,
1.6713730e-01,-0.00000e+00,3.96000e+00,
1.6728377e-01,-0.00000e+00,3.92000e+00,
1.6743025e-01,-0.00000e+00,3.96000e+00,
1.6757673e-01,2.00001e-01,3.96000e+00,
1.6772321e-01,-0.00000e+00,3.96000e+00,
1.6786969e-01,-0.00000e+00,3.96000e+00,
1.6801617e-01,-0.00000e+00,3.92000e+00,
1.6816264e-01,2.00001e-01,3.96000e+00,
1.6830912e-01,-0.00000e+00,3.92000e+00,
1.6845560e-01,-0.00000e+00,3.96000e+00,
1.6860208e-01,-0.00000e+00,3.96000e+00,
1.6874856e-01,2.00001e-01,3.92000e+00,
1.6889504e-01,-0.00000e+00,3.92000e+00,
1.6904151e-01,-0.00000e+00,3.92000e+00,
1.6918799e-01,-0.00000e+00,3.96000e+00,
1.6933447e-01,-0.00000e+00,3.96000e+00,
1.6948095e-01,-0.00000e+00,3.96000e+00,
1.6962743e-01,-0.00000e+00,3.96000e+00,
1.6977391e-01,2.00001e-01,3.96000e+00,
1.6992038e-01,2.00001e-01,3.92000e+00,
1.7006686e-01,-0.00000e+00,3.96000e+00,
1.7021334e-01,-0.00000e+00,3.96000e+00,
1.7035982e-01,-0.00000e+00,3.92000e+00,
1.7050630e-01,2.00001e-01,3.92000e+00,
1.7065278e-01,-0.00000e+00,3.96000e+00,
1.7079926e-01,-0.00000e+00,3.96000e+00,
1.7094573e-01,-0.00000e+00,3.96000e+00,
1.7109221e-01,2.00001e-01,3.92000e+00,
1.7123869e-01,-0.00000e+00,3.92000e+00,
1.7138517e-01,-0.00000e+00,3.92000e+00,
1.7153165e-01,-0.00000e+00,3.92000e+00,
1.7167813e-01,-0.00000e+00,3.96000e+00,
1.7182460e-01,-0.00000e+00,3.92000e+00,
1.7197108e-01,-0.00000e+00,3.96000e+00,
1.7211756e-01,-0.00000e+00,3.92000e+00,
1.7226404e-01,-0.00000e+00,3.96000e+00,
1.7241052e-01,-0.00000e+00,3.84000e+00,
1.7255700e-01,2.00001e-01,3.96000e+00,
1.7270347e-01,-0.00000e+00,3.92000e+00,
1.7284995e-01,-0.00000e+00,3.96000e+00,
1.7299643e-01,-0.00000e+00,3.96000e+00,
1.7314291e-01,-0.00000e+00,3.96000e+00,
1.7328939e-01,-0.00000e+00,3.96000e+00,
1.7343587e-01,-0.00000e+00,3.96000e+00,
1.7358235e-01,-0.00000e+00,3.96000e+00,
1.7372882e-01,-0.00000e+00,3.96000e+00,
1.7387530e-01,-0.00000e+00,3.92000e+00,
1.7402178e-01,-0.00000e+00,3.96000e+00,
1.7416826e-01,-0.00000e+00,3.96000e+00,
1.7431474e-01,-0.00000e+00,3.92000e+00,
1.7446122e-01,2.00001e-01,3.92000e+00,
1.7460769e-01,-0.00000e+00,3.96000e+00,
1.7475417e-01,-0.00000e+00,3.96000e+00,
1.7490065e-01,2.00001e-01,3.96000e+00,
1.7504713e-01,-0.00000e+00,3.96000e+00,
1.7519361e-01,-0.00000e+00,3.96000e+00,
1.7534009e-01,2.00001e-01,3.96000e+00,
1.7548656e-01,-0.00000e+00,3.96000e+00,
1.7563304e-01,-0.00000e+00,3.96000e+00,
1.7577952e-01,2.00001e-01,3.96000e+00,
1.7592600e-01,2.00001e-01,3.96000e+00,
1.7607248e-01,-0.00000e+00,3.92000e+00,
1.7621896e-01,-0.00000e+00,3.96000e+00,
1.7636544e-01,-0.00000e+00,3.92000e+00,
1.7651191e-01,-0.00000e+00,3.96000e+00,
1.7665839e-01,-0.00000e+00,3.92000e+00,
1.7680487e-01,2.00001e-01,3.96000e+00,
1.7695135e-01,-0.00000e+00,3.96000e+00,
1.7709783e-01,-0.00000e+00,3.92000e+00,
1.7724431e-01,-0.00000e+00,3.96000e+00,
1.7739078e-01,-0.00000e+00,3.96000e+00,
1.7753726e-01,-0.00000e+00,3.92000e+00,
1.7768374e-01,2.00001e-01,3.96000e+00,
1.7783022e-01,-0.00000e+00,3.96000e+00,
1.7797670e-01,-0.00000e+00,3.96000e+00,
1.7812318e-01,-0.00000e+00,3.96000e+00,
1.7826965e-01,2.00001e-01,3.92000e+00,
1.7841613e-01,-0.00000e+00,3.96000e+00,
1.7856261e-01,2.00001e-01,3.96000e+00,
1.7870909e-01,-0.00000e+00,3.92000e+00,
1.7885557e-01,-0.00000e+00,3.92000e+00,
1.7900205e-01,-0.00000e+00,3.96000e+00,
1.7914852e-01,-0.00000e+00,3.96000e+00,
1.7929500e-01,-0.00000e+00,3.92000e+00,
1.7944148e-01,-0.00000e+00,3.96000e+00,
1.7958796e-01,-0.00000e+00,3.96000e+00,
1.7973444e-01,2.00001e-01,3.96000e+00,
1.7988092e-01,-0.00000e+00,3.92000e+00,
1.8002740e-01,-0.00000e+00,3.92000e+00,
1.8017387e-01,-0.00000e+00,3.96000e+00,
1.8032035e-01,-0.00000e+00,3.92000e+00,
1.8046683e-01,-0.00000e+00,3.96000e+00,
1.8061331e-01,-0.00000e+00,3.96000e+00,
1.8075979e-01,-0.00000e+00,3.92000e+00,
1.8090627e-01,-0.00000e+00,3.96000e+00,
1.8105274e-01,2.00001e-01,3.96000e+00,
1.8119922e-01,2.00001e-01,3.96000e+00,
1.8134570e-01,-0.00000e+00,3.96000e+00,
1.8149218e-01,2.00001e-01,3.92000e+00,
1.8163866e-01,2.00001e-01,3.96000e+00,
1.8178514e-01,-0.00000e+00,3.96000e+00,
1.8193161e-01,-0.00000e+00,3.92000e+00,
1.8207809e-01,-0.00000e+00,3.96000e+00,
1.8222457e-01,-0.00000e+00,3.96000e+00,
1.8237105e-01,-0.00000e+00,3.96000e+00,
1.8251753e-01,5.00000e+00,3.92000e+00,
1.8266401e-01,-0.00000e+00,3.92000e+00,
1.8281049e-01,2.00001e-01,3.92000e+00,
1.8295696e-01,-0.00000e+00,3.96000e+00,
1.8310344e-01,2.00001e-01,3.96000e+00,
1.8324992e-01,-0.00000e+00,3.92000e+00,
1.8339640e-01,-0.00000e+00,3.96000e+00,
1.8354288e-01,2.00001e-01,3.96000e+00,
1.8368936e-01,-0.00000e+00,3.92000e+00,
1.8383583e-01,-0.00000e+00,3.96000e+00,
1.8398231e-01,-0.00000e+00,3.92000e+00,
1.8412879e-01,2.00001e-01,3.96000e+00,
1.8427527e-01,-0.00000e+00,3.96000e+00,
1.8442175e-01,2.00001e-01,3.96000e+00,
1.8456823e-01,-0.00000e+00,3.92000e+00,
1.8471470e-01,-0.00000e+00,3.96000e+00,
1.8486118e-01,-0.00000e+00,3.96000e+00,
1.8500766e-01,-0.00000e+00,3.96000e+00,
1.8515414e-01,-0.00000e+00,3.96000e+00,
1.8530062e-01,-0.00000e+00,3.92000e+00,
1.8544710e-01,2.00001e-01,3.96000e+00,
1.8559358e-01,-0.00000e+00,3.92000e+00,
1.8574005e-01,-0.00000e+00,3.96000e+00,
1.8588653e-01,-0.00000e+00,3.92000e+00,
1.8603301e-01,2.00001e-01,3.96000e+00,
1.8617949e-01,-0.00000e+00,3.96000e+00,
1.8632597e-01,2.00001e-01,3.96000e+00,
1.8647245e-01,-0.00000e+00,3.92000e+00,
1.8661892e-01,-0.00000e+00,3.92000e+00,
1.8676540e-01,2.00001e-01,3.96000e+00,
1.8691188e-01,2.00001e-01,3.92000e+00,
1.8705836e-01,-0.00000e+00,3.96000e+00,
1.8720484e-01,2.00001e-01,3.96000e+00,
1.8735132e-01,2.00001e-01,3.96000e+00,
1.8749779e-01,2.00001e-01,3.96000e+00,
1.8764427e-01,-0.00000e+00,3.92000e+00,
1.8779075e-01,-0.00000e+00,3.92000e+00,
1.8793723e-01,-0.00000e+00,3.96000e+00,
1.8808371e-01,-0.00000e+00,3.92000e+00,
1.8823019e-01,-0.00000e+00,3.96000e+00,
1.8837667e-01,-0.00000e+00,3.96000e+00,
1.8852314e-01,-0.00000e+00,3.96000e+00,
1.8866962e-01,-0.00000e+00,3.96000e+00,
1.8881610e-01,-0.00000e+00,3.96000e+00,
1.8896258e-01,-0.00000e+00,3.96000e+00,
1.8910906e-01,2.00001e-01,3.96000e+00,
1.8925554e-01,-0.00000e+00,3.96000e+00,
1.8940201e-01,-0.00000e+00,3.92000e+00,
1.8954849e-01,-0.00000e+00,3.96000e+00,
1.8969497e-01,-0.00000e+00,3.92000e+00,
1.8984145e-01,-0.00000e+00,3.92000e+00,
1.8998793e-01,-0.00000e+00,3.92000e+00,
1.9013441e-01,-0.00000e+00,3.92000e+00,
1.9028088e-01,2.00001e-01,3.96000e+00,
1.9042736e-01,-0.00000e+00,3.96000e+00,
1.9057384e-01,5.00000e+00,3.92000e+00,
1.9072032e-01,-0.00000e+00,3.96000e+00,
1.9086680e-01,-0.00000e+00,3.96000e+00,
1.9101328e-01,-0.00000e+00,3.96000e+00,
1.9115975e-01,-0.00000e+00,3.92000e+00,
1.9130623e-01,-0.00000e+00,3.96000e+00,
1.9145271e-01,-0.00000e+00,3.96000e+00,
1.9159919e-01,2.00001e-01,3.96000e+00,
1.9174567e-01,-0.00000e+00,3.92000e+00,
1.9189215e-01,-0.00000e+00,3.92000e+00,
1.9203863e-01,-0.00000e+00,3.96000e+00,
1.9218510e-01,-0.00000e+00,3.92000e+00,
1.9233158e-01,2.00001e-01,3.96000e+00,
1.9247806e-01,-0.00000e+00,3.96000e+00,
1.9262454e-01,-0.00000e+00,3.92000e+00,
1.9277102e-01,2.00001e-01,3.96000e+00,
1.9291750e-01,2.00001e-01,3.96000e+00,
1.9306397e-01,-0.00000e+00,3.96000e+00,
1.9321045e-01,2.00001e-01,3.96000e+00,
1.9335693e-01,2.00001e-01,3.96000e+00,
1.9350341e-01,-0.00000e+00,3.92000e+00,
1.9364989e-01,-0.00000e+00,3.96000e+00,
1.9379637e-01,-0.00000e+00,3.96000e+00,
1.9394284e-01,-0.00000e+00,3.96000e+00,
1.9408932e-01,2.00001e-01,3.96000e+00,
1.9423580e-01,-0.00000e+00,3.96000e+00,
1.9438228e-01,-0.00000e+00,3.92000e+00,
1.9452876e-01,-0.00000e+00,3.96000e+00,
1.9467524e-01,-0.00000e+00,3.92000e+00,
1.9482172e-01,2.00001e-01,3.92000e+00,
1.9496819e-01,-0.00000e+00,3.92000e+00,
1.9511467e-01,-0.00000e+00,3.96000e+00,
1.9526115e-01,-0.00000e+00,3.96000e+00,
1.9540763e-01,2.00001e-01,3.96000e+00,
1.9555411e-01,-0.00000e+00,3.92000e+00,
1.9570059e-01,-0.00000e+00,3.92000e+00,
1.9584706e-01,-0.00000e+00,3.92000e+00,
1.9599354e-01,-0.00000e+00,3.96000e+00,
1.9614002e-01,2.00001e-01,3.96000e+00,
1.9628650e-01,-0.00000e+00,3.92000e+00,
1.9643298e-01,-0.00000e+00,3.96000e+00,
1.9657946e-01,2.00001e-01,3.92000e+00,
1.9672593e-01,-0.00000e+00,3.96000e+00,
1.9687241e-01,-0.00000e+00,3.96000e+00,
1.9701889e-01,-0.00000e+00,3.96000e+00,
1.9716537e-01,-0.00000e+00,3.96000e+00,
1.9731185e-01,-0.00000e+00,3.92000e+00,
1.9745833e-01,-0.00000e+00,3.96000e+00,
1.9760481e-01,-0.00000e+00,3.92000e+00,
1.9775128e-01,2.00001e-01,3.96000e+00,
1.9789776e-01,-0.00000e+00,3.96000e+00,
1.9804424e-01,2.00001e-01,3.92000e+00,
1.9819072e-01,2.00001e-01,3.96000e+00,
1.9833720e-01,-0.00000e+00,3.92000e+00,
1.9848368e-01,-0.00000e+00,3.92000e+00,
1.9863015e-01,-0.00000e+00,3.96000e+00,
1.9877663e-01,-0.00000e+00,3.96000e+00,
1.9892311e-01,-0.00000e+00,3.92000e+00,
1.9906959e-01,-0.00000e+00,3.96000e+00,
1.9921607e-01,-0.00000e+00,3.96000e+00,
1.9936255e-01,-0.00000e+00,3.92000e+00,
1.9950902e-01,-0.00000e+00,3.96000e+00,
1.9965550e-01,-0.00000e+00,3.96000e+00,
1.9980198e-01,-0.00000e+00,3.96000e+00,
1.9994846e-01,-0.00000e+00,3.92000e+00,
2.0009494e-01,-0.00000e+00,3.96000e+00,
2.0024142e-01,-0.00000e+00,3.96000e+00,
2.0038790e-01,-0.00000e+00,3.92000e+00,
2.0053437e-01,2.00001e-01,3.96000e+00,
2.0068085e-01,-0.00000e+00,3.92000e+00,
2.0082733e-01,-0.00000e+00,3.92000e+00,
2.0097381e-01,2.00001e-01,3.96000e+00,
2.0112029e-01,-0.00000e+00,3.96000e+00,
2.0126677e-01,-0.00000e+00,3.96000e+00,
2.0141324e-01,-0.00000e+00,3.92000e+00,
2.0155972e-01,2.00001e-01,3.92000e+00,
2.0170620e-01,-0.00000e+00,3.96000e+00,
2.0185268e-01,-0.00000e+00,3.92000e+00,
2.0199916e-01,-0.00000e+00,3.92000e+00,
2.0214564e-01,2.00001e-01,3.92000e+00,
2.0229211e-01,-0.00000e+00,3.96000e+00,
2.0243859e-01,-0.00000e+00,3.96000e+00,
2.0258507e-01,-0.00000e+00,3.92000e+00,
2.0273155e-01,2.00001e-01,3.96000e+00,
2.0287803e-01,-0.00000e+00,3.92000e+00,
2.0302451e-01,-0.00000e+00,3.96000e+00,
2.0317098e-01,2.00001e-01,3.96000e+00,
2.0331746e-01,-0.00000e+00,3.92000e+00,
2.0346394e-01,2.00001e-01,3.92000e+00,
2.0361042e-01,-0.00000e+00,3.92000e+00,
2.0375690e-01,-0.00000e+00,3.92000e+00,
2.0390338e-01,-0.00000e+00,3.96000e+00,
2.0404986e-01,-0.00000e+00,3.96000e+00,
2.0419633e-01,2.00001e-01,3.96000e+00,
2.0434281e-01,-0.00000e+00,3.96000e+00,
2.0448929e-01,-0.00000e+00,3.92000e+00,
2.0463577e-01,-0.00000e+00,3.96000e+00,
2.0478225e-01,-0.00000e+00,3.96000e+00,
2.0492873e-01,2.00001e-01,3.96000e+00,
2.0507520e-01,-0.00000e+00,3.92000e+00,
2.0522168e-01,-0.00000e+00,3.96000e+00,
2.0536816e-01,2.00001e-01,3.96000e+00,
2.0551464e-01,-0.00000e+00,3.92000e+00,
2.0566112e-01,2.00001e-01,3.92000e+00,
2.0580760e-01,-0.00000e+00,3.96000e+00,
2.0595407e-01,-0.00000e+00,3.96000e+00,
2.0610055e-01,-0.00000e+00,3.96000e+00,
2.0624703e-01,2.00001e-01,3.96000e+00,
2.0639351e-01,-0.00000e+00,3.96000e+00,
2.0653999e-01,-0.00000e+00,3.96000e+00,
2.0668647e-01,-0.00000e+00,3.96000e+00,
2.0683295e-01,-0.00000e+00,3.92000e+00,
2.0697942e-01,-0.00000e+00,3.96000e+00,
2.0712590e-01,-0.00000e+00,3.96000e+00,
2.0727238e-01,-0.00000e+00,3.92000e+00,
2.0741886e-01,-0.00000e+00,3.92000e+00,
2.0756534e-01,-0.00000e+00,3.96000e+00,
2.0771182e-01,-0.00000e+00,3.96000e+00,
2.0785829e-01,-0.00000e+00,3.92000e+00,
2.0800477e-01,-0.00000e+00,3.96000e+00,
2.0815125e-01,-0.00000e+00,3.92000e+00,
2.0829773e-01,-0.00000e+00,3.92000e+00,
2.0844421e-01,2.00001e-01,3.96000e+00,
2.0859069e-01,-0.00000e+00,3.92000e+00,
2.0873716e-01,2.00001e-01,3.92000e+00,
2.0888364e-01,-0.00000e+00,3.96000e+00,
2.0903012e-01,-0.00000e+00,3.96000e+00,
2.0917660e-01,-0.00000e+00,3.96000e+00,
2.0932308e-01,-0.00000e+00,3.96000e+00,
2.0946956e-01,-0.00000e+00,3.96000e+00,
2.0961604e-01,-0.00000e+00,3.96000e+00,
2.0976251e-01,-0.00000e+00,3.96000e+00,
2.0990899e-01,-0.00000e+00,3.92000e+00,
2.1005547e-01,-0.00000e+00,3.92000e+00,
2.1020195e-01,-0.00000e+00,3.96000e+00,
2.1034843e-01,-0.00000e+00,3.96000e+00,
2.1049491e-01,-0.00000e+00,3.96000e+00,
2.1064138e-01,-0.00000e+00,3.96000e+00,
2.1078786e-01,-0.00000e+00,3.92000e+00,
2.1093434e-01,-0.00000e+00,3.96000e+00,
2.1108082e-01,-0.00000e+00,3.92000e+00,
2.1122730e-01,2.00001e-01,3.96000e+00,
2.1137378e-01,-0.00000e+00,3.96000e+00,
2.1152025e-01,-0.00000e+00,3.92000e+00,
2.1166673e-01,-0.00000e+00,3.96000e+00,
2.1181321e-01,-0.00000e+00,3.92000e+00,
2.1195969e-01,-0.00000e+00,3.96000e+00,
2.1210617e-01,-0.00000e+00,3.96000e+00,
2.1225265e-01,-0.00000e+00,3.96000e+00,
2.1239913e-01,-0.00000e+00,3.96000e+00,
2.1254560e-01,-0.00000e+00,3.96000e+00,
2.1269208e-01,2.00001e-01,3.92000e+00,
2.1283856e-01,-0.00000e+00,3.96000e+00,
2.1298504e-01,-0.00000e+00,3.92000e+00,
2.1313152e-01,-0.00000e+00,3.92000e+00,
2.1327800e-01,2.00001e-01,3.96000e+00,
2.1342447e-01,-0.00000e+00,3.96000e+00,
2.1357095e-01,-0.00000e+00,3.96000e+00,
2.1371743e-01,-0.00000e+00,3.92000e+00,
2.1386391e-01,2.00001e-01,3.96000e+00,
2.1401039e-01,-0.00000e+00,3.92000e+00,
2.1415687e-01,-0.00000e+00,3.96000e+00,
2.1430334e-01,-0.00000e+00,3.92000e+00,
2.1444982e-01,-0.00000e+00,3.92000e+00,
2.1459630e-01,-0.00000e+00,3.96000e+00,
2.1474278e-01,2.00001e-01,3.96000e+00,
2.1488926e-01,2.00001e-01,3.96000e+00,
2.1503574e-01,-0.00000e+00,3.96000e+00,
2.1518221e-01,2.00001e-01,3.92000e+00,
2.1532869e-01,2.00001e-01,3.96000e+00,
2.1547517e-01,-0.00000e+00,3.96000e+00,
2.1562165e-01,-0.00000e+00,3.96000e+00,
2.1576813e-01,-0.00000e+00,3.96000e+00,
2.1591461e-01,-0.00000e+00,3.92000e+00,
2.1606109e-01,-0.00000e+00,3.96000e+00,
2.1620756e-01,-0.00000e+00,3.96000e+00,
2.1635404e-01,-0.00000e+00,3.96000e+00,
2.1650052e-01,2.00001e-01,3.96000e+00,
2.1664700e-01,-0.00000e+00,3.96000e+00,
2.1679348e-01,-0.00000e+00,3.96000e+00,
2.1693996e-01,-0.00000e+00,3.96000e+00,
2.1708643e-01,-0.00000e+00,3.92000e+00,
2.1723291e-01,-0.00000e+00,3.92000e+00,
2.1737939e-01,2.00001e-01,3.96000e+00,
2.1752587e-01,2.00001e-01,3.96000e+00,
2.1767235e-01,-0.00000e+00,3.96000e+00,
2.1781883e-01,-0.00000e+00,3.92000e+00,
2.1796530e-01,-0.00000e+00,3.96000e+00,
2.1811178e-01,2.00001e-01,3.92000e+00,
2.1825826e-01,2.00001e-01,3.96000e+00,
2.1840474e-01,-0.00000e+00,3.92000e+00,
2.1855122e-01,-0.00000e+00,3.96000e+00,
2.1869770e-01,2.00001e-01,3.96000e+00,
2.1884418e-01,-0.00000e+00,3.96000e+00,
2.1899065e-01,2.00001e-01,3.96000e+00,
2.1913713e-01,-0.00000e+00,3.96000e+00,
2.1928361e-01,-0.00000e+00,3.96000e+00,
2.1943009e-01,-0.00000e+00,3.92000e+00,
2.1957657e-01,-0.00000e+00,3.96000e+00,
2.1972305e-01,-0.00000e+00,3.96000e+00,
2.1986952e-01,-0.00000e+00,3.96000e+00,
2.2001600e-01,2.00001e-01,3.96000e+00,
2.2016248e-01,-0.00000e+00,3.96000e+00,
2.2030896e-01,2.00001e-01,3.96000e+00,
2.2045544e-01,-0.00000e+00,3.96000e+00,
2.2060192e-01,2.00001e-01,3.96000e+00,
2.2074839e-01,-0.00000e+00,3.92000e+00,
2.2089487e-01,-0.00000e+00,3.96000e+00,
2.2104135e-01,2.00001e-01,3.92000e+00,
2.2118783e-01,-0.00000e+00,3.96000e+00,
2.2133431e-01,-0.00000e+00,3.96000e+00,
2.2148079e-01,-0.00000e+00,3.96000e+00,
2.2162727e-01,-0.00000e+00,3.96000e+00,
2.2177374e-01,2.00001e-01,3.96000e+00,
2.2192022e-01,-0.00000e+00,4.00000e+00,
2.2206670e-01,-0.00000e+00,3.92000e+00,
2.2221318e-01,2.00001e-01,3.92000e+00,
2.2235966e-01,-0.00000e+00,3.96000e+00,
2.2250614e-01,-0.00000e+00,3.92000e+00,
2.2265261e-01,2.00001e-01,3.96000e+00,
2.2279909e-01,-0.00000e+00,3.96000e+00,
2.2294557e-01,-0.00000e+00,3.92000e+00,
2.2309205e-01,-0.00000e+00,3.96000e+00,
2.2323853e-01,-0.00000e+00,3.96000e+00,
2.2338501e-01,-0.00000e+00,3.96000e+00,
2.2353148e-01,2.00001e-01,3.96000e+00,
2.2367796e-01,2.00001e-01,3.96000e+00,
2.2382444e-01,-0.00000e+00,3.92000e+00,
2.2397092e-01,-0.00000e+00,3.96000e+00,
2.2411740e-01,-0.00000e+00,3.92000e+00,
2.2426388e-01,2.00001e-01,3.96000e+00,
2.2441036e-01,-0.00000e+00,3.96000e+00,
2.2455683e-01,2.00001e-01,3.96000e+00,
2.2470331e-01,-0.00000e+00,3.96000e+00,
2.2484979e-01,-0.00000e+00,3.96000e+00,
2.2499627e-01,-0.00000e+00,3.96000e+00,
2.2514275e-01,-0.00000e+00,3.92000e+00,
2.2528923e-01,-0.00000e+00,3.96000e+00,
2.2543570e-01,-0.00000e+00,3.96000e+00,
2.2558218e-01,-0.00000e+00,3.96000e+00,
2.2572866e-01,-0.00000e+00,3.96000e+00,
2.2587514e-01,-0.00000e+00,3.96000e+00,
2.2602162e-01,-0.00000e+00,3.96000e+00,
2.2616810e-01,-0.00000e+00,3.96000e+00,
2.2631457e-01,2.00001e-01,3.92000e+00,
2.2646105e-01,-0.00000e+00,3.96000e+00,
2.2660753e-01,-0.00000e+00,3.96000e+00,
2.2675401e-01,-0.00000e+00,3.96000e+00,
2.2690049e-01,-0.00000e+00,3.96000e+00,
2.2704697e-01,-0.00000e+00,3.96000e+00,
2.2719344e-01,-0.00000e+00,3.96000e+00,
2.2733992e-01,-0.00000e+00,3.96000e+00,
2.2748640e-01,-0.00000e+00,3.96000e+00,
2.2763288e-01,-0.00000e+00,3.92000e+00,
2.2777936e-01,-0.00000e+00,3.96000e+00,
2.2792584e-01,-0.00000e+00,3.96000e+00,
2.2807232e-01,-0.00000e+00,3.96000e+00,
2.2821879e-01,-0.00000e+00,3.92000e+00,
2.2836527e-01,-0.00000e+00,3.96000e+00,
2.2851175e-01,-0.00000e+00,3.96000e+00,
2.2865823e-01,-0.00000e+00,3.96000e+00,
2.2880471e-01,-0.00000e+00,3.96000e+00,
2.2895119e-01,-0.00000e+00,3.96000e+00,
2.2909766e-01,-0.00000e+00,3.96000e+00,
2.2924414e-01,-0.00000e+00,3.92000e+00,
2.2939062e-01,-0.00000e+00,3.96000e+00,
2.2953710e-01,-0.00000e+00,3.92000e+00,
2.2968358e-01,-0.00000e+00,3.96000e+00,
2.2983006e-01,2.00001e-01,3.96000e+00,
2.2997653e-01,-0.00000e+00,3.92000e+00,
2.3012301e-01,-0.00000e+00,3.96000e+00,
2.3026949e-01,-0.00000e+00,3.96000e+00,
2.3041597e-01,-0.00000e+00,3.96000e+00,
2.3056245e-01,-0.00000e+00,3.92000e+00,
2.3070893e-01,-0.00000e+00,3.96000e+00,
2.3085541e-01,-0.00000e+00,3.92000e+00,
2.3100188e-01,-0.00000e+00,3.96000e+00,
2.3114836e-01,-0.00000e+00,3.96000e+00,
2.3129484e-01,-0.00000e+00,3.96000e+00,
2.3144132e-01,-0.00000e+00,3.96000e+00,
2.3158780e-01,-0.00000e+00,3.96000e+00,
2.3173428e-01,-0.00000e+00,3.96000e+00,
2.3188075e-01,-0.00000e+00,3.96000e+00,
2.3202723e-01,-0.00000e+00,3.96000e+00,
2.3217371e-01,-0.00000e+00,3.92000e+00,
2.3232019e-01,-0.00000e+00,3.96000e+00,
2.3246667e-01,-0.00000e+00,3.96000e+00,
2.3261315e-01,-0.00000e+00,3.96000e+00,
2.3275962e-01,-0.00000e+00,3.96000e+00,
2.3290610e-01,-0.00000e+00,3.96000e+00,
2.3305258e-01,-0.00000e+00,3.96000e+00,
2.3319906e-01,2.00001e-01,3.92000e+00,
2.3334554e-01,-0.00000e+00,3.96000e+00,
2.3349202e-01,-0.00000e+00,3.96000e+00,
2.3363850e-01,-0.00000e+00,3.92000e+00,
2.3378497e-01,-0.00000e+00,3.92000e+00,
2.3393145e-01,5.00000e+00,3.92000e+00,
2.3407793e-01,2.00001e-01,3.96000e+00,
2.3422441e-01,-0.00000e+00,3.96000e+00,
2.3437089e-01,-0.00000e+00,3.96000e+00,
2.3451737e-01,-0.00000e+00,3.96000e+00,
2.3466384e-01,-0.00000e+00,3.96000e+00,
2.3481032e-01,-0.00000e+00,3.92000e+00,
2.3495680e-01,-0.00000e+00,3.92000e+00,
2.3510328e-01,2.00001e-01,3.96000e+00,
2.3524976e-01,-0.00000e+00,3.92000e+00,
2.3539624e-01,-0.00000e+00,3.92000e+00,
2.3554271e-01,-0.00000e+00,3.96000e+00,
2.3568919e-01,-0.00000e+00,3.96000e+00,
2.3583567e-01,-0.00000e+00,3.92000e+00,
2.3598215e-01,-0.00000e+00,3.92000e+00,
2.3612863e-01,2.00001e-01,3.96000e+00,
2.3627511e-01,-0.00000e+00,3.92000e+00,
2.3642159e-01,-0.00000e+00,3.96000e+00,
2.3656806e-01,-0.00000e+00,3.96000e+00,
2.3671454e-01,-0.00000e+00,3.96000e+00,
2.3686102e-01,-0.00000e+00,3.96000e+00,
2.3700750e-01,-0.00000e+00,3.96000e+00,
2.3715398e-01,-0.00000e+00,3.96000e+00,
2.3730046e-01,-0.00000e+00,3.96000e+00,
2.3744693e-01,-0.00000e+00,3.92000e+00,
2.3759341e-01,-0.00000e+00,3.96000e+00,
2.3773989e-01,-0.00000e+00,3.96000e+00,
2.3788637e-01,-0.00000e+00,3.92000e+00,
2.3803285e-01,-0.00000e+00,3.92000e+00,
2.3817933e-01,-0.00000e+00,3.96000e+00,
2.3832580e-01,-0.00000e+00,3.96000e+00,
2.3847228e-01,-0.00000e+00,3.92000e+00,
2.3861876e-01,-0.00000e+00,3.96000e+00,
2.3876524e-01,-0.00000e+00,3.92000e+00,
2.3891172e-01,-0.00000e+00,3.96000e+00,
2.3905820e-01,-0.00000e+00,3.96000e+00,
2.3920467e-01,-0.00000e+00,3.96000e+00,
2.3935115e-01,-0.00000e+00,3.96000e+00,
2.3949763e-01,-0.00000e+00,3.96000e+00,
2.3964411e-01,-0.00000e+00,3.92000e+00,
2.3979059e-01,-0.00000e+00,3.92000e+00,
2.3993707e-01,-0.00000e+00,3.92000e+00,
2.4008355e-01,-0.00000e+00,3.96000e+00,
2.4023002e-01,-0.00000e+00,3.96000e+00,
2.4037650e-01,-0.00000e+00,3.96000e+00,
2.4052298e-01,-0.00000e+00,3.96000e+00,
2.4066946e-01,-0.00000e+00,3.96000e+00,
2.4081594e-01,-0.00000e+00,3.96000e+00,
2.4096242e-01,-0.00000e+00,3.92000e+00,
2.4110889e-01,-0.00000e+00,3.96000e+00,
2.4125537e-01,-0.00000e+00,3.92000e+00,
2.4140185e-01,2.00001e-01,3.96000e+00,
2.4154833e-01,-0.00000e+00,3.96000e+00,
2.4169481e-01,-0.00000e+00,3.92000e+00,
2.4184129e-01,-0.00000e+00,3.92000e+00,
2.4198776e-01,-0.00000e+00,3.96000e+00,
2.4213424e-01,-0.00000e+00,3.96000e+00,
2.4228072e-01,-0.00000e+00,3.92000e+00,
2.4242720e-01,-0.00000e+00,3.96000e+00,
2.4257368e-01,-0.00000e+00,3.92000e+00,
2.4272016e-01,-0.00000e+00,3.96000e+00,
2.4286664e-01,-0.00000e+00,3.96000e+00,
2.4301311e-01,-0.00000e+00,3.96000e+00,
2.4315959e-01,-0.00000e+00,3.96000e+00,
2.4330607e-01,-0.00000e+00,3.96000e+00,
2.4345255e-01,2.00001e-01,3.96000e+00,
2.4359903e-01,-0.00000e+00,3.92000e+00,
2.4374551e-01,-0.00000e+00,3.92000e+00,
2.4389198e-01,5.00000e+00,3.96000e+00,
2.4403846e-01,-0.00000e+00,3.96000e+00,
2.4418494e-01,-0.00000e+00,3.96000e+00,
2.4433142e-01,-0.00000e+00,3.96000e+00,
2.4447790e-01,-0.00000e+00,3.92000e+00,
2.4462438e-01,-0.00000e+00,3.96000e+00,
2.4477085e-01,-0.00000e+00,3.96000e+00,
2.4491733e-01,-0.00000e+00,3.96000e+00,
2.4506381e-01,-0.00000e+00,3.96000e+00,
2.4521029e-01,-0.00000e+00,3.96000e+00,
2.4535677e-01,-0.00000e+00,3.92000e+00,
2.4550325e-01,-0.00000e+00,3.96000e+00,
2.4564973e-01,-0.00000e+00,3.96000e+00,
2.4579620e-01,-0.00000e+00,3.92000e+00,
2.4594268e-01,2.00001e-01,3.92000e+00,
2.4608916e-01,-0.00000e+00,3.96000e+00,
2.4623564e-01,-0.00000e+00,3.96000e+00,
2.4638212e-01,-0.00000e+00,3.96000e+00,
2.4652860e-01,-0.00000e+00,3.96000e+00,
2.4667507e-01,-0.00000e+00,3.92000e+00,
2.4682155e-01,-0.00000e+00,3.96000e+00,
2.4696803e-01,-0.00000e+00,3.96000e+00,
2.4711451e-01,-0.00000e+00,3.92000e+00,
2.4726099e-01,-0.00000e+00,3.96000e+00,
2.4740747e-01,-0.00000e+00,3.96000e+00,
2.4755394e-01,-0.00000e+00,3.96000e+00,
2.4770042e-01,-0.00000e+00,3.96000e+00,
2.4784690e-01,-0.00000e+00,3.92000e+00,
2.4799338e-01,-0.00000e+00,3.96000e+00,
2.4813986e-01,-0.00000e+00,3.92000e+00,
2.4828634e-01,-0.00000e+00,3.96000e+00,
2.4843282e-01,2.00001e-01,3.92000e+00,
2.4857929e-01,2.00001e-01,3.96000e+00,
2.4872577e-01,-0.00000e+00,3.96000e+00,
2.4887225e-01,-0.00000e+00,3.96000e+00,
2.4901873e-01,-0.00000e+00,3.92000e+00,
2.4916521e-01,-0.00000e+00,3.96000e+00,
2.4931169e-01,-0.00000e+00,3.96000e+00,
2.4945816e-01,-0.00000e+00,3.92000e+00,
2.4960464e-01,-0.00000e+00,3.92000e+00,
2.4975112e-01,-0.00000e+00,3.96000e+00,
2.4989760e-01,-0.00000e+00,3.92000e+00,
2.5004408e-01,2.00001e-01,3.96000e+00,
2.5019056e-01,-0.00000e+00,3.92000e+00,
2.5033703e-01,-0.00000e+00,3.96000e+00,
2.5048351e-01,-0.00000e+00,3.96000e+00,
2.5062999e-01,-0.00000e+00,3.92000e+00,
2.5077647e-01,-0.00000e+00,3.96000e+00,
2.5092295e-01,2.00001e-01,3.96000e+00,
2.5106943e-01,-0.00000e+00,3.92000e+00,
2.5121590e-01,-0.00000e+00,3.96000e+00,
2.5136238e-01,-0.00000e+00,4.00000e+00,
2.5150886e-01,2.00001e-01,3.96000e+00,
2.5165534e-01,2.00001e-01,4.00000e+00,
2.5180182e-01,2.00001e-01,3.96000e+00,
2.5194830e-01,-0.00000e+00,3.92000e+00,
2.5209478e-01,-0.00000e+00,3.96000e+00,
2.5224125e-01,-0.00000e+00,3.96000e+00,
2.5238773e-01,-0.00000e+00,3.96000e+00,
2.5253421e-01,-0.00000e+00,3.92000e+00,
2.5268069e-01,-0.00000e+00,3.96000e+00,
2.5282717e-01,-0.00000e+00,3.96000e+00,
2.5297365e-01,-0.00000e+00,3.96000e+00,
2.5312012e-01,-0.00000e+00,3.96000e+00,
2.5326660e-01,-0.00000e+00,3.96000e+00,
2.5341308e-01,2.00001e-01,3.96000e+00,
2.5355956e-01,-0.00000e+00,3.96000e+00,
2.5370604e-01,-0.00000e+00,3.96000e+00,
2.5385252e-01,-0.00000e+00,3.92000e+00,
2.5399899e-01,-0.00000e+00,3.96000e+00,
2.5414547e-01,-0.00000e+00,3.96000e+00,
2.5429195e-01,-0.00000e+00,3.96000e+00,
2.5443843e-01,-0.00000e+00,3.92000e+00,
2.5458491e-01,2.00001e-01,3.96000e+00,
2.5473139e-01,-0.00000e+00,3.96000e+00,
2.5487787e-01,2.00001e-01,3.92000e+00,
2.5502434e-01,-0.00000e+00,3.92000e+00,
2.5517082e-01,-0.00000e+00,3.96000e+00,
2.5531730e-01,2.00001e-01,3.96000e+00,
2.5546378e-01,-0.00000e+00,3.96000e+00,
2.5561026e-01,-0.00000e+00,3.96000e+00,
2.5575674e-01,-0.00000e+00,3.92000e+00,
2.5590321e-01,-0.00000e+00,3.96000e+00,
2.5604969e-01,-0.00000e+00,3.96000e+00,
2.5619617e-01,-0.00000e+00,3.92000e+00,
2.5634265e-01,-0.00000e+00,3.92000e+00,
2.5648913e-01,-0.00000e+00,3.92000e+00,
2.5663561e-01,-0.00000e+00,3.96000e+00,
2.5678208e-01,2.00001e-01,3.96000e+00,
2.5692856e-01,-0.00000e+00,3.96000e+00,
2.5707504e-01,-0.00000e+00,3.96000e+00,
2.5722152e-01,-0.00000e+00,3.92000e+00,
2.5736800e-01,-0.00000e+00,3.96000e+00,
2.5751448e-01,-0.00000e+00,3.96000e+00,
2.5766096e-01,-0.00000e+00,3.96000e+00,
2.5780743e-01,-0.00000e+00,3.96000e+00,
2.5795391e-01,-0.00000e+00,3.96000e+00,
2.5810039e-01,-0.00000e+00,3.96000e+00,
2.5824687e-01,-0.00000e+00,3.96000e+00,
2.5839335e-01,-0.00000e+00,3.92000e+00,
2.5853983e-01,-0.00000e+00,3.96000e+00,
2.5868630e-01,-0.00000e+00,3.92000e+00,
2.5883278e-01,-0.00000e+00,3.96000e+00,
2.5897926e-01,-0.00000e+00,3.96000e+00,
2.5912574e-01,-0.00000e+00,3.96000e+00,
2.5927222e-01,2.00001e-01,3.96000e+00,
2.5941870e-01,-0.00000e+00,3.96000e+00,
2.5956517e-01,-0.00000e+00,3.96000e+00,
2.5971165e-01,-0.00000e+00,3.96000e+00,
2.5985813e-01,-0.00000e+00,3.92000e+00,
2.6000461e-01,-0.00000e+00,3.96000e+00,
2.6015109e-01,-0.00000e+00,3.96000e+00,
2.6029757e-01,-0.00000e+00,3.96000e+00,
2.6044405e-01,-0.00000e+00,3.92000e+00,
2.6059052e-01,2.00001e-01,3.96000e+00,
2.6073700e-01,-0.00000e+00,3.92000e+00,
2.6088348e-01,-0.00000e+00,3.92000e+00,
2.6102996e-01,-0.00000e+00,3.96000e+00,
2.6117644e-01,-0.00000e+00,3.92000e+00,
2.6132292e-01,-0.00000e+00,3.96000e+00,
2.6146939e-01,2.00001e-01,3.96000e+00,
2.6161587e-01,-0.00000e+00,3.96000e+00,
2.6176235e-01,-0.00000e+00,3.96000e+00,
2.6190883e-01,-0.00000e+00,3.92000e+00,
2.6205531e-01,-0.00000e+00,3.96000e+00,
2.6220179e-01,-0.00000e+00,3.92000e+00,
2.6234826e-01,2.00001e-01,3.96000e+00,
2.6249474e-01,-0.00000e+00,3.96000e+00,
2.6264122e-01,-0.00000e+00,3.92000e+00,
2.6278770e-01,-0.00000e+00,3.96000e+00,
2.6293418e-01,-0.00000e+00,3.96000e+00,
2.6308066e-01,-0.00000e+00,3.96000e+00,
2.6322713e-01,2.00001e-01,3.96000e+00,
2.6337361e-01,-0.00000e+00,3.96000e+00,
2.6352009e-01,-0.00000e+00,3.96000e+00,
2.6366657e-01,-0.00000e+00,3.96000e+00,
2.6381305e-01,2.00001e-01,3.96000e+00,
2.6395953e-01,-0.00000e+00,3.96000e+00,
2.6410601e-01,-0.00000e+00,3.96000e+00,
2.6425248e-01,-0.00000e+00,3.96000e+00,
2.6439896e-01,2.00001e-01,3.96000e+00,
2.6454544e-01,2.00001e-01,3.96000e+00,
2.6469192e-01,-0.00000e+00,3.96000e+00,
2.6483840e-01,-0.00000e+00,3.96000e+00,
2.6498488e-01,-0.00000e+00,3.96000e+00,
2.6513135e-01,-0.00000e+00,3.96000e+00,
2.6527783e-01,-0.00000e+00,3.96000e+00,
2.6542431e-01,-0.00000e+00,3.96000e+00,
2.6557079e-01,-0.00000e+00,3.96000e+00,
2.6571727e-01,-0.00000e+00,3.92000e+00,
2.6586375e-01,-0.00000e+00,3.92000e+00,
2.6601022e-01,-0.00000e+00,3.96000e+00,
2.6615670e-01,-0.00000e+00,3.92000e+00,
2.6630318e-01,-0.00000e+00,3.96000e+00,
2.6644966e-01,-0.00000e+00,3.96000e+00,
2.6659614e-01,-0.00000e+00,3.96000e+00,
2.6674262e-01,-0.00000e+00,3.96000e+00,
2.6688910e-01,-0.00000e+00,3.92000e+00,
2.6703557e-01,-0.00000e+00,3.92000e+00,
2.6718205e-01,-0.00000e+00,3.96000e+00,
2.6732853e-01,2.00001e-01,3.96000e+00,
2.6747501e-01,-0.00000e+00,3.96000e+00,
2.6762149e-01,-0.00000e+00,3.92000e+00,
2.6776797e-01,-0.00000e+00,3.96000e+00,
2.6791444e-01,2.00001e-01,3.92000e+00,
2.6806092e-01,-0.00000e+00,3.96000e+00,
2.6820740e-01,2.00001e-01,3.96000e+00,
2.6835388e-01,-0.00000e+00,3.96000e+00,
2.6850036e-01,-0.00000e+00,3.92000e+00,
2.6864684e-01,-0.00000e+00,3.96000e+00,
2.6879331e-01,-0.00000e+00,3.96000e+00,
2.6893979e-01,-0.00000e+00,3.92000e+00,
2.6908627e-01,-0.00000e+00,3.96000e+00,
2.6923275e-01,-0.00000e+00,3.92000e+00,
2.6937923e-01,2.00001e-01,3.96000e+00,
2.6952571e-01,2.00001e-01,3.96000e+00,
2.6967219e-01,-0.00000e+00,3.96000e+00,
2.6981866e-01,2.00001e-01,3.92000e+00,
2.6996514e-01,-0.00000e+00,3.92000e+00,
2.7011162e-01,-0.00000e+00,3.92000e+00,
2.7025810e-01,-0.00000e+00,3.96000e+00,
2.7040458e-01,-0.00000e+00,3.96000e+00,
2.7055106e-01,2.00001e-01,3.92000e+00,
2.7069753e-01,-0.00000e+00,3.92000e+00,
2.7084401e-01,-0.00000e+00,3.96000e+00,
2.7099049e-01,-0.00000e+00,3.96000e+00,
2.7113697e-01,-0.00000e+00,3.96000e+00,
2.7128345e-01,-0.00000e+00,3.96000e+00,
2.7142993e-01,-0.00000e+00,3.96000e+00,
2.7157640e-01,-0.00000e+00,3.92000e+00,
2.7172288e-01,-0.00000e+00,3.96000e+00,
2.7186936e-01,-0.00000e+00,3.92000e+00,
2.7201584e-01,-0.00000e+00,3.96000e+00,
2.7216232e-01,-0.00000e+00,3.96000e+00,
2.7230880e-01,-0.00000e+00,3.96000e+00,
2.7245528e-01,-0.00000e+00,3.96000e+00,
2.7260175e-01,-0.00000e+00,3.96000e+00,
2.7274823e-01,-0.00000e+00,3.96000e+00,
2.7289471e-01,-0.00000e+00,3.96000e+00,
2.7304119e-01,-0.00000e+00,3.96000e+00,
2.7318767e-01,-0.00000e+00,3.96000e+00,
2.7333415e-01,-0.00000e+00,3.96000e+00,
2.7348062e-01,-0.00000e+00,3.96000e+00,
2.7362710e-01,2.00001e-01,3.96000e+00,
2.7377358e-01,-0.00000e+00,3.96000e+00,
2.7392006e-01,-0.00000e+00,3.96000e+00,
2.7406654e-01,-0.00000e+00,3.96000e+00,
2.7421302e-01,-0.00000e+00,3.96000e+00,
2.7435949e-01,-0.00000e+00,3.96000e+00,
2.7450597e-01,-0.00000e+00,3.92000e+00,
2.7465245e-01,-0.00000e+00,3.96000e+00,
2.7479893e-01,-0.00000e+00,3.96000e+00,
2.7494541e-01,-0.00000e+00,3.92000e+00,
2.7509189e-01,2.00001e-01,3.92000e+00,
2.7523836e-01,-0.00000e+00,3.96000e+00,
2.7538484e-01,-0.00000e+00,3.96000e+00,
2.7553132e-01,2.00001e-01,3.96000e+00,
2.7567780e-01,-0.00000e+00,3.92000e+00,
2.7582428e-01,-0.00000e+00,3.96000e+00,
2.7597076e-01,-0.00000e+00,3.92000e+00,
2.7611724e-01,-0.00000e+00,3.96000e+00,
2.7626371e-01,2.00001e-01,3.92000e+00,
2.7641019e-01,-0.00000e+00,3.92000e+00,
2.7655667e-01,-0.00000e+00,3.96000e+00,
2.7670315e-01,-0.00000e+00,3.96000e+00,
2.7684963e-01,5.00000e+00,4.00000e+00,
2.7699611e-01,-0.00000e+00,3.96000e+00,
2.7714258e-01,-0.00000e+00,3.92000e+00,
2.7728906e-01,-0.00000e+00,3.96000e+00,
2.7743554e-01,2.00001e-01,3.96000e+00,
2.7758202e-01,2.00001e-01,3.96000e+00,
2.7772850e-01,-0.00000e+00,3.96000e+00,
2.7787498e-01,-0.00000e+00,3.96000e+00,
2.7802145e-01,-0.00000e+00,3.96000e+00,
2.7816793e-01,-0.00000e+00,3.92000e+00,
2.7831441e-01,-0.00000e+00,3.96000e+00,
2.7846089e-01,-0.00000e+00,3.96000e+00,
2.7860737e-01,-0.00000e+00,3.96000e+00,
2.7875385e-01,-0.00000e+00,3.96000e+00,
2.7890033e-01,-0.00000e+00,3.96000e+00,
2.7904680e-01,-0.00000e+00,3.92000e+00,
2.7919328e-01,-0.00000e+00,3.96000e+00,
2.7933976e-01,-0.00000e+00,3.96000e+00,
2.7948624e-01,-0.00000e+00,3.96000e+00,
2.7963272e-01,-0.00000e+00,3.92000e+00,
2.7977920e-01,-0.00000e+00,3.96000e+00,
2.7992567e-01,-0.00000e+00,3.96000e+00,
2.8007215e-01,-0.00000e+00,3.92000e+00,
2.8021863e-01,-0.00000e+00,3.92000e+00,
2.8036511e-01,-0.00000e+00,3.96000e+00,
2.8051159e-01,-0.00000e+00,3.96000e+00,
2.8065807e-01,-0.00000e+00,3.96000e+00,
2.8080454e-01,2.00001e-01,3.96000e+00,
2.8095102e-01,-0.00000e+00,3.92000e+00,
2.8109750e-01,2.00001e-01,3.92000e+00,
2.8124398e-01,-0.00000e+00,3.92000e+00,
2.8139046e-01,-0.00000e+00,3.96000e+00,
2.8153694e-01,-0.00000e+00,3.92000e+00,
2.8168342e-01,-0.00000e+00,3.92000e+00,
2.8182989e-01,2.00001e-01,3.96000e+00,
2.8197637e-01,-0.00000e+00,3.96000e+00,
2.8212285e-01,2.00001e-01,3.96000e+00,
2.8226933e-01,-0.00000e+00,3.96000e+00,
2.8241581e-01,-0.00000e+00,3.96000e+00,
2.8256229e-01,-0.00000e+00,3.92000e+00,
2.8270876e-01,-0.00000e+00,3.96000e+00,
2.8285524e-01,-0.00000e+00,3.96000e+00,
2.8300172e-01,-0.00000e+00,3.92000e+00,
2.8314820e-01,-0.00000e+00,3.92000e+00,
2.8329468e-01,-0.00000e+00,3.92000e+00,
2.8344116e-01,-0.00000e+00,3.96000e+00,
2.8358763e-01,-0.00000e+00,3.92000e+00,
2.8373411e-01,-0.00000e+00,3.96000e+00,
2.8388059e-01,-0.00000e+00,3.92000e+00,
2.8402707e-01,-0.00000e+00,3.96000e+00,
2.8417355e-01,-0.00000e+00,3.96000e+00,
2.8432003e-01,-0.00000e+00,3.92000e+00,
2.8446651e-01,-0.00000e+00,3.96000e+00,
2.8461298e-01,2.00001e-01,3.92000e+00,
2.8475946e-01,-0.00000e+00,3.96000e+00,
2.8490594e-01,-0.00000e+00,3.96000e+00,
2.8505242e-01,-0.00000e+00,3.92000e+00,
2.8519890e-01,-0.00000e+00,3.92000e+00,
2.8534538e-01,-0.00000e+00,3.92000e+00,
2.8549185e-01,-0.00000e+00,3.92000e+00,
2.8563833e-01,-0.00000e+00,3.92000e+00,
2.8578481e-01,-0.00000e+00,3.96000e+00,
2.8593129e-01,2.00001e-01,3.96000e+00,
2.8607777e-01,-0.00000e+00,3.92000e+00,
2.8622425e-01,2.00001e-01,3.96000e+00,
2.8637072e-01,-0.00000e+00,3.92000e+00,
2.8651720e-01,-0.00000e+00,3.96000e+00,
2.8666368e-01,-0.00000e+00,3.96000e+00,
2.8681016e-01,2.00001e-01,3.96000e+00,
2.8695664e-01,-0.00000e+00,3.96000e+00,
2.8710312e-01,-0.00000e+00,3.96000e+00,
2.8724959e-01,-0.00000e+00,3.96000e+00,
2.8739607e-01,2.00001e-01,3.96000e+00,
2.8754255e-01,2.00001e-01,3.92000e+00,
2.8768903e-01,-0.00000e+00,3.96000e+00,
2.8783551e-01,-0.00000e+00,3.96000e+00,
2.8798199e-01,-0.00000e+00,3.96000e+00,
2.8812847e-01,-0.00000e+00,3.96000e+00,
2.8827494e-01,-0.00000e+00,3.96000e+00,
2.8842142e-01,-0.00000e+00,3.92000e+00,
2.8856790e-01,-0.00000e+00,3.96000e+00,
2.8871438e-01,-0.00000e+00,3.92000e+00,
2.8886086e-01,2.00001e-01,3.96000e+00,
2.8900734e-01,-0.00000e+00,3.92000e+00,
2.8915381e-01,-0.00000e+00,3.96000e+00,
2.8930029e-01,-0.00000e+00,3.96000e+00,
2.8944677e-01,-0.00000e+00,3.96000e+00,
2.8959325e-01,2.00001e-01,3.96000e+00,
2.8973973e-01,-0.00000e+00,3.96000e+00,
2.8988621e-01,-0.00000e+00,3.92000e+00,
2.9003268e-01,-0.00000e+00,3.96000e+00,
2.9017916e-01,-0.00000e+00,3.92000e+00,
2.9032564e-01,-0.00000e+00,3.96000e+00,
2.9047212e-01,-0.00000e+00,3.92000e+00,
2.9061860e-01,-0.00000e+00,3.96000e+00,
2.9076508e-01,-0.00000e+00,3.96000e+00,
2.9091156e-01,-0.00000e+00,3.92000e+00,
2.9105803e-01,-0.00000e+00,3.92000e+00,
2.9120451e-01,-0.00000e+00,3.96000e+00,
2.9135099e-01,-0.00000e+00,3.92000e+00,
2.9149747e-01,2.00001e-01,3.92000e+00,
2.9164395e-01,-0.00000e+00,3.96000e+00,
2.9179043e-01,-0.00000e+00,3.92000e+00,
2.9193690e-01,-0.00000e+00,3.96000e+00,
2.9208338e-01,-0.00000e+00,3.96000e+00,
2.9222986e-01,2.00001e-01,3.96000e+00,
2.9237634e-01,-0.00000e+00,3.96000e+00,
2.9252282e-01,2.00001e-01,3.96000e+00,
2.9266930e-01,2.00001e-01,3.96000e+00,
2.9281577e-01,-0.00000e+00,3.96000e+00,
2.9296225e-01,-0.00000e+00,3.96000e+00,
2.9310873e-01,-0.00000e+00,3.92000e+00,
2.9325521e-01,-0.00000e+00,3.96000e+00,
2.9340169e-01,-0.00000e+00,3.96000e+00,
2.9354817e-01,-0.00000e+00,3.96000e+00,
2.9369465e-01,-0.00000e+00,3.92000e+00,
2.9384112e-01,-0.00000e+00,3.96000e+00,
2.9398760e-01,-0.00000e+00,3.96000e+00,
2.9413408e-01,-0.00000e+00,3.96000e+00,
2.9428056e-01,-0.00000e+00,3.92000e+00,
2.9442704e-01,-0.00000e+00,3.92000e+00,
2.9457352e-01,-0.00000e+00,3.96000e+00,
2.9471999e-01,-0.00000e+00,3.96000e+00,
2.9486647e-01,-0.00000e+00,3.92000e+00,
2.9501295e-01,-0.00000e+00,3.96000e+00,
2.9515943e-01,-0.00000e+00,3.96000e+00,
2.9530591e-01,-0.00000e+00,3.96000e+00,
2.9545239e-01,-0.00000e+00,3.96000e+00,
2.9559886e-01,-0.00000e+00,3.96000e+00,
2.9574534e-01,-0.00000e+00,3.96000e+00,
2.9589182e-01,-0.00000e+00,3.96000e+00,
2.9603830e-01,-0.00000e+00,3.92000e+00,
2.9618478e-01,-0.00000e+00,3.96000e+00,
2.9633126e-01,-0.00000e+00,3.96000e+00,
2.9647774e-01,-0.00000e+00,3.96000e+00,
2.9662421e-01,-0.00000e+00,3.96000e+00,
2.9677069e-01,-0.00000e+00,3.96000e+00,
2.9691717e-01,-0.00000e+00,3.96000e+00,
2.9706365e-01,-0.00000e+00,3.92000e+00,
2.9721013e-01,-0.00000e+00,3.96000e+00,
2.9735661e-01,-0.00000e+00,3.96000e+00,
2.9750308e-01,-0.00000e+00,3.96000e+00,
2.9764956e-01,-0.00000e+00,3.96000e+00,
2.9779604e-01,-0.00000e+00,3.92000e+00,
2.9794252e-01,-0.00000e+00,3.96000e+00,
2.9808900e-01,-0.00000e+00,3.96000e+00,
2.9823548e-01,5.00000e+00,3.92000e+00,
2.9838195e-01,-0.00000e+00,3.96000e+00,
2.9852843e-01,-0.00000e+00,3.96000e+00,
2.9867491e-01,-0.00000e+00,3.96000e+00,
2.9882139e-01,-0.00000e+00,3.96000e+00,
2.9896787e-01,-0.00000e+00,3.96000e+00,
2.9911435e-01,-0.00000e+00,3.96000e+00,
2.9926082e-01,-0.00000e+00,3.96000e+00,
2.9940730e-01,-0.00000e+00,3.96000e+00,
2.9955378e-01,-0.00000e+00,3.96000e+00,
2.9970026e-01,2.00001e-01,3.96000e+00,
2.9984674e-01,-0.00000e+00,3.96000e+00,
2.9999322e-01,2.00001e-01,3.96000e+00,
3.0013970e-01,-0.00000e+00,3.96000e+00,
3.0028617e-01,2.00001e-01,3.96000e+00,
3.0043265e-01,-0.00000e+00,3.96000e+00,
3.0057913e-01,2.00001e-01,3.96000e+00,
3.0072561e-01,-0.00000e+00,3.92000e+00,
3.0087209e-01,-0.00000e+00,3.96000e+00,
3.0101857e-01,2.00001e-01,3.96000e+00,
3.0116504e-01,-0.00000e+00,3.96000e+00,
3.0131152e-01,-0.00000e+00,3.96000e+00,
3.0145800e-01,-0.00000e+00,3.96000e+00,
3.0160448e-01,2.00001e-01,3.96000e+00,
3.0175096e-01,-0.00000e+00,3.96000e+00,
3.0189744e-01,-0.00000e+00,3.96000e+00,
3.0204391e-01,-0.00000e+00,3.96000e+00,
3.0219039e-01,-0.00000e+00,3.96000e+00,
3.0233687e-01,-0.00000e+00,3.92000e+00,
3.0248335e-01,-0.00000e+00,3.96000e+00,
3.0262983e-01,-0.00000e+00,3.92000e+00,
3.0277631e-01,-0.00000e+00,3.96000e+00,
3.0292279e-01,2.00001e-01,3.96000e+00,
3.0306926e-01,-0.00000e+00,3.96000e+00,
3.0321574e-01,2.00001e-01,3.96000e+00,
3.0336222e-01,-0.00000e+00,3.96000e+00,
3.0350870e-01,2.00001e-01,3.96000e+00,
3.0365518e-01,-0.00000e+00,3.92000e+00,
3.0380166e-01,2.00001e-01,3.96000e+00,
3.0394813e-01,-0.00000e+00,3.96000e+00,
3.0409461e-01,2.00001e-01,3.96000e+00,
3.0424109e-01,-0.00000e+00,3.96000e+00,
3.0438757e-01,-0.00000e+00,3.96000e+00,
3.0453405e-01,-0.00000e+00,3.96000e+00,
3.0468053e-01,-0.00000e+00,3.96000e+00,
3.0482700e-01,-0.00000e+00,3.92000e+00,
3.0497348e-01,-0.00000e+00,4.00000e+00,
3.0511996e-01,-0.00000e+00,3.96000e+00,
3.0526644e-01,-0.00000e+00,3.92000e+00,
3.0541292e-01,-0.00000e+00,3.96000e+00,
3.0555940e-01,-0.00000e+00,3.96000e+00,
3.0570588e-01,-0.00000e+00,3.96000e+00,
3.0585235e-01,-0.00000e+00,3.96000e+00,
3.0599883e-01,-0.00000e+00,3.96000e+00,
3.0614531e-01,2.00001e-01,3.96000e+00,
3.0629179e-01,-0.00000e+00,3.96000e+00,
3.0643827e-01,2.00001e-01,3.96000e+00,
3.0658475e-01,-0.00000e+00,3.96000e+00,
3.0673122e-01,-0.00000e+00,3.96000e+00,
3.0687770e-01,-0.00000e+00,3.96000e+00,
3.0702418e-01,-0.00000e+00,3.96000e+00,
3.0717066e-01,-0.00000e+00,3.92000e+00,
3.0731714e-01,-0.00000e+00,3.96000e+00,
3.0746362e-01,-0.00000e+00,3.92000e+00,
3.0761009e-01,-0.00000e+00,3.96000e+00,
3.0775657e-01,-0.00000e+00,3.92000e+00,
3.0790305e-01,-0.00000e+00,3.92000e+00,
3.0804953e-01,2.00001e-01,3.92000e+00,
3.0819601e-01,-0.00000e+00,3.96000e+00,
3.0834249e-01,-0.00000e+00,3.96000e+00,
3.0848897e-01,-0.00000e+00,3.92000e+00,
3.0863544e-01,-0.00000e+00,3.92000e+00,
3.0878192e-01,-0.00000e+00,3.96000e+00,
3.0892840e-01,-0.00000e+00,3.96000e+00,
3.0907488e-01,2.00001e-01,3.96000e+00,
3.0922136e-01,-0.00000e+00,3.92000e+00,
3.0936784e-01,2.00001e-01,3.92000e+00,
3.0951431e-01,-0.00000e+00,3.96000e+00,
3.0966079e-01,-0.00000e+00,3.96000e+00,
3.0980727e-01,-0.00000e+00,3.96000e+00,
3.0995375e-01,-0.00000e+00,3.96000e+00,
3.1010023e-01,2.00001e-01,3.96000e+00,
3.1024671e-01,-0.00000e+00,3.92000e+00,
3.1039318e-01,-0.00000e+00,3.96000e+00,
3.1053966e-01,-0.00000e+00,3.96000e+00,
3.1068614e-01,-0.00000e+00,3.92000e+00,
3.1083262e-01,2.00001e-01,3.96000e+00,
3.1097910e-01,-0.00000e+00,3.96000e+00,
3.1112558e-01,-0.00000e+00,3.92000e+00,
3.1127205e-01,2.00001e-01,3.96000e+00,
3.1141853e-01,-0.00000e+00,3.96000e+00,
3.1156501e-01,2.00001e-01,3.92000e+00,
3.1171149e-01,-0.00000e+00,3.96000e+00,
3.1185797e-01,-0.00000e+00,3.96000e+00,
3.1200445e-01,-0.00000e+00,3.96000e+00,
3.1215093e-01,-0.00000e+00,3.96000e+00,
3.1229740e-01,-0.00000e+00,3.92000e+00,
3.1244388e-01,-0.00000e+00,3.92000e+00,
3.1259036e-01,-0.00000e+00,3.96000e+00,
3.1273684e-01,-0.00000e+00,3.96000e+00,
3.1288332e-01,-0.00000e+00,3.96000e+00,
3.1302980e-01,-0.00000e+00,3.92000e+00,
3.1317627e-01,2.00001e-01,3.92000e+00,
3.1332275e-01,-0.00000e+00,4.00000e+00,
3.1346923e-01,-0.00000e+00,3.96000e+00,
3.1361571e-01,-0.00000e+00,3.96000e+00,
3.1376219e-01,-0.00000e+00,3.96000e+00,
3.1390867e-01,2.00001e-01,3.96000e+00,
3.1405514e-01,2.00001e-01,3.96000e+00,
3.1420162e-01,-0.00000e+00,3.92000e+00,
3.1434810e-01,-0.00000e+00,3.96000e+00,
3.1449458e-01,-0.00000e+00,3.92000e+00,
3.1464106e-01,-0.00000e+00,3.92000e+00,
3.1478754e-01,-0.00000e+00,3.92000e+00,
3.1493402e-01,-0.00000e+00,3.92000e+00,
3.1508049e-01,-0.00000e+00,3.96000e+00,
3.1522697e-01,2.00001e-01,3.96000e+00,
3.1537345e-01,-0.00000e+00,3.96000e+00,
3.1551993e-01,-0.00000e+00,3.92000e+00,
3.1566641e-01,-0.00000e+00,3.96000e+00,
3.1581289e-01,-0.00000e+00,3.96000e+00,
3.1595936e-01,-0.00000e+00,3.96000e+00,
3.1610584e-01,2.00001e-01,3.92000e+00,
3.1625232e-01,-0.00000e+00,3.92000e+00,
3.1639880e-01,-0.00000e+00,3.92000e+00,
3.1654528e-01,-0.00000e+00,3.96000e+00,
3.1669176e-01,2.00001e-01,3.92000e+00,
3.1683823e-01,-0.00000e+00,3.96000e+00,
3.1698471e-01,2.00001e-01,3.96000e+00,
3.1713119e-01,-0.00000e+00,3.96000e+00,
3.1727767e-01,2.00001e-01,3.96000e+00,
3.1742415e-01,-0.00000e+00,3.96000e+00,
3.1757063e-01,-0.00000e+00,3.92000e+00,
3.1771711e-01,-0.00000e+00,3.96000e+00,
3.1786358e-01,-0.00000e+00,3.92000e+00,
3.1801006e-01,-0.00000e+00,3.92000e+00,
3.1815654e-01,-0.00000e+00,3.96000e+00,
3.1830302e-01,-0.00000e+00,3.96000e+00,
3.1844950e-01,2.00001e-01,3.96000e+00,
3.1859598e-01,-0.00000e+00,3.92000e+00,
3.1874245e-01,-0.00000e+00,3.96000e+00,
3.1888893e-01,-0.00000e+00,3.96000e+00,
3.1903541e-01,-0.00000e+00,3.96000e+00,
3.1918189e-01,2.00001e-01,3.96000e+00,
3.1932837e-01,-0.00000e+00,3.96000e+00,
3.1947485e-01,-0.00000e+00,3.96000e+00,
3.1962132e-01,-0.00000e+00,3.96000e+00,
3.1976780e-01,-0.00000e+00,3.92000e+00,
3.1991428e-01,-0.00000e+00,3.96000e+00,
3.2006076e-01,-0.00000e+00,3.96000e+00,
3.2020724e-01,-0.00000e+00,3.96000e+00,
3.2035372e-01,-0.00000e+00,3.96000e+00,
3.2050020e-01,-0.00000e+00,3.96000e+00,
3.2064667e-01,-0.00000e+00,3.96000e+00,
3.2079315e-01,-0.00000e+00,3.92000e+00,
3.2093963e-01,-0.00000e+00,3.96000e+00,
3.2108611e-01,-0.00000e+00,3.92000e+00,
3.2123259e-01,-0.00000e+00,3.92000e+00,
3.2137907e-01,-0.00000e+00,3.96000e+00,
3.2152554e-01,-0.00000e+00,3.92000e+00,
3.2167202e-01,-0.00000e+00,3.96000e+00,
3.2181850e-01,-0.00000e+00,3.96000e+00,
3.2196498e-01,-0.00000e+00,3.96000e+00,
3.2211146e-01,-0.00000e+00,3.92000e+00,
3.2225794e-01,-0.00000e+00,3.96000e+00,
3.2240441e-01,-0.00000e+00,3.96000e+00,
3.2255089e-01,-0.00000e+00,3.96000e+00,
3.2269737e-01,2.00001e-01,3.92000e+00,
3.2284385e-01,-0.00000e+00,3.92000e+00,
3.2299033e-01,-0.00000e+00,3.92000e+00,
3.2313681e-01,-0.00000e+00,3.92000e+00,
3.2328328e-01,2.00001e-01,3.96000e+00,
3.2342976e-01,2.00001e-01,3.96000e+00,
3.2357624e-01,-0.00000e+00,3.92000e+00,
3.2372272e-01,-0.00000e+00,3.96000e+00,
3.2386920e-01,-0.00000e+00,3.96000e+00,
3.2401568e-01,-0.00000e+00,3.96000e+00,
3.2416216e-01,-0.00000e+00,3.92000e+00,
3.2430863e-01,-0.00000e+00,3.96000e+00,
3.2445511e-01,-0.00000e+00,3.92000e+00,
3.2460159e-01,-0.00000e+00,3.92000e+00,
3.2474807e-01,-0.00000e+00,3.96000e+00,
3.2489455e-01,-0.00000e+00,3.96000e+00,
3.2504103e-01,-0.00000e+00,3.96000e+00,
3.2518750e-01,2.00001e-01,3.96000e+00,
3.2533398e-01,-0.00000e+00,3.96000e+00,
3.2548046e-01,-0.00000e+00,3.96000e+00,
3.2562694e-01,-0.00000e+00,3.96000e+00,
3.2577342e-01,2.00001e-01,3.92000e+00,
3.2591990e-01,-0.00000e+00,3.96000e+00,
3.2606637e-01,-0.00000e+00,3.96000e+00,
3.2621285e-01,-0.00000e+00,3.92000e+00,
3.2635933e-01,2.00001e-01,3.92000e+00,
3.2650581e-01,-0.00000e+00,3.92000e+00,
3.2665229e-01,-0.00000e+00,3.96000e+00,
3.2679877e-01,-0.00000e+00,3.96000e+00,
3.2694525e-01,-0.00000e+00,3.96000e+00,
3.2709172e-01,-0.00000e+00,3.96000e+00,
3.2723820e-01,-0.00000e+00,3.96000e+00,
3.2738468e-01,-0.00000e+00,3.96000e+00,
3.2753116e-01,-0.00000e+00,3.96000e+00,
3.2767764e-01,-0.00000e+00,3.96000e+00,
3.2782412e-01,-0.00000e+00,3.92000e+00,
3.2797059e-01,-0.00000e+00,3.96000e+00,
3.2811707e-01,-0.00000e+00,3.92000e+00,
3.2826355e-01,-0.00000e+00,3.92000e+00,
3.2841003e-01,2.00001e-01,3.96000e+00,
3.2855651e-01,-0.00000e+00,3.96000e+00,
3.2870299e-01,-0.00000e+00,4.00000e+00,
3.2884946e-01,-0.00000e+00,3.96000e+00,
3.2899594e-01,-0.00000e+00,3.96000e+00,
3.2914242e-01,-0.00000e+00,3.96000e+00,
3.2928890e-01,-0.00000e+00,3.92000e+00,
3.2943538e-01,-0.00000e+00,3.96000e+00,
3.2958186e-01,2.00001e-01,3.96000e+00,
3.2972834e-01,-0.00000e+00,3.92000e+00,
3.2987481e-01,-0.00000e+00,3.96000e+00,
3.3002129e-01,-0.00000e+00,3.96000e+00,
3.3016777e-01,-0.00000e+00,3.96000e+00,
3.3031425e-01,-0.00000e+00,3.92000e+00,
3.3046073e-01,2.00001e-01,3.96000e+00,
3.3060721e-01,-0.00000e+00,3.84000e+00,
3.3075368e-01,-0.00000e+00,3.92000e+00,
3.3090016e-01,-0.00000e+00,3.92000e+00,
3.3104664e-01,2.00001e-01,3.96000e+00,
3.3119312e-01,-0.00000e+00,3.96000e+00,
3.3133960e-01,2.00001e-01,3.96000e+00,
3.3148608e-01,-0.00000e+00,3.96000e+00,
3.3163255e-01,-0.00000e+00,3.96000e+00,
3.3177903e-01,-0.00000e+00,3.96000e+00,
3.3192551e-01,-0.00000e+00,3.96000e+00,
3.3207199e-01,-0.00000e+00,3.96000e+00,
3.3221847e-01,-0.00000e+00,3.96000e+00,
3.3236495e-01,-0.00000e+00,3.96000e+00,
3.3251143e-01,-0.00000e+00,3.92000e+00,
3.3265790e-01,2.00001e-01,3.96000e+00,
3.3280438e-01,2.00001e-01,3.92000e+00,
3.3295086e-01,-0.00000e+00,3.92000e+00,
3.3309734e-01,-0.00000e+00,3.96000e+00,
3.3324382e-01,-0.00000e+00,3.96000e+00,
3.3339030e-01,-0.00000e+00,3.96000e+00,
3.3353677e-01,2.00001e-01,3.92000e+00,
3.3368325e-01,2.00001e-01,3.96000e+00,
3.3382973e-01,-0.00000e+00,3.96000e+00,
3.3397621e-01,-0.00000e+00,3.96000e+00,
3.3412269e-01,-0.00000e+00,3.96000e+00,
3.3426917e-01,-0.00000e+00,3.96000e+00,
3.3441564e-01,-0.00000e+00,3.96000e+00,
3.3456212e-01,2.00001e-01,3.96000e+00,
3.3470860e-01,-0.00000e+00,3.96000e+00,
3.3485508e-01,2.00001e-01,4.00000e+00,
3.3500156e-01,2.00001e-01,3.96000e+00,
3.3514804e-01,-0.00000e+00,3.92000e+00,
3.3529451e-01,-0.00000e+00,3.96000e+00,
3.3544099e-01,-0.00000e+00,3.92000e+00,
3.3558747e-01,-0.00000e+00,3.96000e+00,
3.3573395e-01,-0.00000e+00,3.96000e+00,
3.3588043e-01,2.00001e-01,3.96000e+00,
3.3602691e-01,-0.00000e+00,4.00000e+00,
3.3617339e-01,-0.00000e+00,3.92000e+00,
3.3631986e-01,2.00001e-01,3.96000e+00,
3.3646634e-01,-0.00000e+00,3.96000e+00,
3.3661282e-01,-0.00000e+00,3.96000e+00,
3.3675930e-01,-0.00000e+00,3.92000e+00,
3.3690578e-01,-0.00000e+00,3.96000e+00,
3.3705226e-01,2.00001e-01,3.96000e+00,
3.3719873e-01,-0.00000e+00,3.96000e+00,
3.3734521e-01,2.00001e-01,3.92000e+00,
3.3749169e-01,-0.00000e+00,3.96000e+00,
3.3763817e-01,-0.00000e+00,3.96000e+00,
3.3778465e-01,-0.00000e+00,3.96000e+00,
3.3793113e-01,-0.00000e+00,3.96000e+00,
3.3807760e-01,-0.00000e+00,3.96000e+00,
3.3822408e-01,-0.00000e+00,3.96000e+00,
3.3837056e-01,-0.00000e+00,3.96000e+00,
3.3851704e-01,-0.00000e+00,3.92000e+00,
3.3866352e-01,-0.00000e+00,3.96000e+00,
3.3881000e-01,-0.00000e+00,3.96000e+00,
3.3895648e-01,-0.00000e+00,3.96000e+00,
3.3910295e-01,2.00001e-01,3.96000e+00,
3.3924943e-01,-0.00000e+00,3.96000e+00,
3.3939591e-01,-0.00000e+00,3.96000e+00,
3.3954239e-01,-0.00000e+00,3.96000e+00,
3.3968887e-01,-0.00000e+00,3.96000e+00,
3.3983535e-01,-0.00000e+00,3.96000e+00,
3.3998182e-01,-0.00000e+00,3.92000e+00,
3.4012830e-01,-0.00000e+00,3.96000e+00,
3.4027478e-01,-0.00000e+00,3.96000e+00,
3.4042126e-01,-0.00000e+00,3.96000e+00,
3.4056774e-01,2.00001e-01,3.96000e+00,
3.4071422e-01,-0.00000e+00,3.96000e+00,
3.4086069e-01,2.00001e-01,3.96000e+00,
3.4100717e-01,-0.00000e+00,3.96000e+00,
3.4115365e-01,-0.00000e+00,3.96000e+00,
3.4130013e-01,-0.00000e+00,3.96000e+00,
3.4144661e-01,-0.00000e+00,3.96000e+00,
3.4159309e-01,-0.00000e+00,3.92000e+00,
3.4173957e-01,-0.00000e+00,3.96000e+00,
3.4188604e-01,-0.00000e+00,3.96000e+00,
3.4203252e-01,2.00001e-01,3.96000e+00,
3.4217900e-01,-0.00000e+00,3.96000e+00,
3.4232548e-01,-0.00000e+00,3.96000e+00,
3.4247196e-01,-0.00000e+00,3.96000e+00,
3.4261844e-01,-0.00000e+00,3.96000e+00,
3.4276491e-01,-0.00000e+00,3.96000e+00,
3.4291139e-01,-0.00000e+00,3.96000e+00,
3.4305787e-01,-0.00000e+00,3.92000e+00,
3.4320435e-01,-0.00000e+00,3.92000e+00,
3.4335083e-01,-0.00000e+00,3.92000e+00,
3.4349731e-01,-0.00000e+00,3.96000e+00,
3.4364378e-01,-0.00000e+00,3.96000e+00,
3.4379026e-01,-0.00000e+00,3.92000e+00,
3.4393674e-01,-0.00000e+00,3.96000e+00,
3.4408322e-01,-0.00000e+00,3.92000e+00,
3.4422970e-01,-0.00000e+00,3.96000e+00,
3.4437618e-01,-0.00000e+00,3.96000e+00,
3.4452266e-01,-0.00000e+00,3.92000e+00,
3.4466913e-01,2.00001e-01,3.96000e+00,
3.4481561e-01,-0.00000e+00,3.96000e+00,
3.4496209e-01,2.00001e-01,3.96000e+00,
3.4510857e-01,-0.00000e+00,3.96000e+00,
3.4525505e-01,-0.00000e+00,3.96000e+00,
3.4540153e-01,2.00001e-01,3.92000e+00,
3.4554800e-01,-0.00000e+00,3.92000e+00,
3.4569448e-01,-0.00000e+00,3.96000e+00,
3.4584096e-01,-0.00000e+00,3.96000e+00,
3.4598744e-01,-0.00000e+00,3.92000e+00,
3.4613392e-01,-0.00000e+00,3.96000e+00,
3.4628040e-01,-0.00000e+00,3.96000e+00,
3.4642687e-01,-0.00000e+00,3.96000e+00,
3.4657335e-01,-0.00000e+00,3.96000e+00,
3.4671983e-01,-0.00000e+00,3.92000e+00,
3.4686631e-01,2.00001e-01,3.96000e+00,
3.4701279e-01,-0.00000e+00,3.92000e+00,
3.4715927e-01,2.00001e-01,3.96000e+00,
3.4730574e-01,5.00000e+00,3.88000e+00,
3.4745222e-01,2.00001e-01,3.96000e+00,
3.4759870e-01,-0.00000e+00,3.92000e+00,
3.4774518e-01,2.00001e-01,3.96000e+00,
3.4789166e-01,-0.00000e+00,3.92000e+00,
3.4803814e-01,-0.00000e+00,3.92000e+00,
3.4818462e-01,-0.00000e+00,3.96000e+00,
3.4833109e-01,-0.00000e+00,3.92000e+00,
3.4847757e-01,-0.00000e+00,3.96000e+00,
3.4862405e-01,-0.00000e+00,3.96000e+00,
3.4877053e-01,-0.00000e+00,3.96000e+00,
3.4891701e-01,-0.00000e+00,3.92000e+00,
3.4906349e-01,-0.00000e+00,3.96000e+00,
3.4920996e-01,-0.00000e+00,3.96000e+00,
3.4935644e-01,-0.00000e+00,3.96000e+00,
3.4950292e-01,-0.00000e+00,3.92000e+00,
3.4964940e-01,-0.00000e+00,3.96000e+00,
3.4979588e-01,-0.00000e+00,3.96000e+00,
3.4994236e-01,-0.00000e+00,3.92000e+00,
3.5008883e-01,-0.00000e+00,3.96000e+00,
3.5023531e-01,-0.00000e+00,3.96000e+00,
3.5038179e-01,-0.00000e+00,3.92000e+00,
3.5052827e-01,-0.00000e+00,3.92000e+00,
3.5067475e-01,-0.00000e+00,3.96000e+00,
3.5082123e-01,-0.00000e+00,3.96000e+00,
3.5096771e-01,-0.00000e+00,3.96000e+00,
3.5111418e-01,-0.00000e+00,3.92000e+00,
3.5126066e-01,2.00001e-01,3.96000e+00,
3.5140714e-01,-0.00000e+00,3.96000e+00,
3.5155362e-01,-0.00000e+00,3.96000e+00,
3.5170010e-01,-0.00000e+00,3.96000e+00,
3.5184658e-01,-0.00000e+00,3.96000e+00,
3.5199305e-01,2.00001e-01,3.92000e+00,
3.5213953e-01,-0.00000e+00,3.96000e+00,
3.5228601e-01,-0.00000e+00,3.96000e+00,
3.5243249e-01,-0.00000e+00,3.96000e+00,
3.5257897e-01,-0.00000e+00,3.92000e+00,
3.5272545e-01,-0.00000e+00,3.92000e+00,
3.5287192e-01,-0.00000e+00,3.96000e+00,
3.5301840e-01,-0.00000e+00,3.96000e+00,
3.5316488e-01,-0.00000e+00,4.00000e+00,
3.5331136e-01,-0.00000e+00,3.96000e+00,
3.5345784e-01,-0.00000e+00,3.96000e+00,
3.5360432e-01,-0.00000e+00,3.96000e+00,
3.5375080e-01,-0.00000e+00,3.92000e+00,
3.5389727e-01,-0.00000e+00,3.96000e+00,
3.5404375e-01,-0.00000e+00,3.96000e+00,
3.5419023e-01,-0.00000e+00,3.96000e+00,
3.5433671e-01,-0.00000e+00,3.96000e+00,
3.5448319e-01,-0.00000e+00,3.96000e+00,
3.5462967e-01,2.00001e-01,3.92000e+00,
3.5477614e-01,-0.00000e+00,3.96000e+00,
3.5492262e-01,-0.00000e+00,3.92000e+00,
3.5506910e-01,-0.00000e+00,3.92000e+00,
3.5521558e-01,-0.00000e+00,3.96000e+00,
3.5536206e-01,-0.00000e+00,3.96000e+00,
3.5550854e-01,-0.00000e+00,3.96000e+00,
3.5565501e-01,-0.00000e+00,3.92000e+00,
3.5580149e-01,-0.00000e+00,3.92000e+00,
3.5594797e-01,-0.00000e+00,3.96000e+00,
3.5609445e-01,-0.00000e+00,3.92000e+00,
3.5624093e-01,-0.00000e+00,3.96000e+00,
3.5638741e-01,-0.00000e+00,3.96000e+00,
3.5653389e-01,2.00001e-01,3.96000e+00,
3.5668036e-01,-0.00000e+00,3.96000e+00,
3.5682684e-01,2.00001e-01,3.96000e+00,
3.5697332e-01,-0.00000e+00,3.96000e+00,
3.5711980e-01,-0.00000e+00,3.92000e+00,
3.5726628e-01,-0.00000e+00,3.96000e+00,
3.5741276e-01,-0.00000e+00,3.96000e+00,
3.5755923e-01,-0.00000e+00,3.96000e+00,
3.5770571e-01,-0.00000e+00,3.96000e+00,
3.5785219e-01,-0.00000e+00,3.96000e+00,
3.5799867e-01,-0.00000e+00,3.96000e+00,
3.5814515e-01,-0.00000e+00,3.92000e+00,
3.5829163e-01,-0.00000e+00,3.96000e+00,
3.5843810e-01,-0.00000e+00,3.96000e+00,
3.5858458e-01,-0.00000e+00,3.96000e+00,
3.5873106e-01,-0.00000e+00,3.96000e+00,
3.5887754e-01,2.00001e-01,3.96000e+00,
3.5902402e-01,2.00001e-01,3.96000e+00,
3.5917050e-01,-0.00000e+00,3.92000e+00,
3.5931697e-01,2.00001e-01,3.96000e+00,
3.5946345e-01,-0.00000e+00,3.96000e+00,
3.5960993e-01,-0.00000e+00,3.96000e+00,
3.5975641e-01,2.00001e-01,3.92000e+00,
3.5990289e-01,-0.00000e+00,3.96000e+00,
3.6004937e-01,-0.00000e+00,3.96000e+00,
3.6019585e-01,-0.00000e+00,3.96000e+00,
3.6034232e-01,2.00001e-01,3.96000e+00,
3.6048880e-01,-0.00000e+00,3.92000e+00,
3.6063528e-01,-0.00000e+00,3.96000e+00,
3.6078176e-01,2.00001e-01,3.96000e+00,
3.6092824e-01,-0.00000e+00,3.96000e+00,
3.6107472e-01,-0.00000e+00,3.92000e+00,
3.6122119e-01,-0.00000e+00,3.96000e+00,
3.6136767e-01,2.00001e-01,3.96000e+00,
3.6151415e-01,-0.00000e+00,3.96000e+00,
3.6166063e-01,-0.00000e+00,3.96000e+00,
3.6180711e-01,-0.00000e+00,3.92000e+00,
3.6195359e-01,2.00001e-01,3.92000e+00,
3.6210006e-01,-0.00000e+00,3.92000e+00,
3.6224654e-01,2.00001e-01,3.96000e+00,
3.6239302e-01,2.00001e-01,3.96000e+00,
3.6253950e-01,2.00001e-01,3.96000e+00,
3.6268598e-01,-0.00000e+00,3.96000e+00,
3.6283246e-01,2.00001e-01,3.96000e+00,
3.6297894e-01,-0.00000e+00,3.96000e+00,
3.6312541e-01,-0.00000e+00,3.96000e+00,
3.6327189e-01,-0.00000e+00,3.96000e+00,
3.6341837e-01,2.00001e-01,3.96000e+00,
3.6356485e-01,-0.00000e+00,3.92000e+00,
3.6371133e-01,5.00000e+00,4.00000e+00,
3.6385781e-01,-0.00000e+00,3.92000e+00,
3.6400428e-01,2.00001e-01,3.96000e+00,
3.6415076e-01,-0.00000e+00,3.96000e+00,
3.6429724e-01,2.00001e-01,3.96000e+00,
3.6444372e-01,-0.00000e+00,3.92000e+00,
3.6459020e-01,-0.00000e+00,3.96000e+00,
3.6473668e-01,-0.00000e+00,3.96000e+00,
3.6488315e-01,-0.00000e+00,3.92000e+00,
3.6502963e-01,2.00001e-01,3.92000e+00,
3.6517611e-01,-0.00000e+00,3.96000e+00,
3.6532259e-01,-0.00000e+00,3.96000e+00,
3.6546907e-01,-0.00000e+00,3.92000e+00,
3.6561555e-01,-0.00000e+00,3.92000e+00,
3.6576203e-01,-0.00000e+00,3.96000e+00,
3.6590850e-01,2.00001e-01,3.96000e+00,
3.6605498e-01,-0.00000e+00,3.96000e+00,
3.6620146e-01,-0.00000e+00,3.96000e+00,
3.6634794e-01,-0.00000e+00,3.92000e+00,
3.6649442e-01,2.00001e-01,3.96000e+00,
3.6664090e-01,2.00001e-01,3.92000e+00,
3.6678737e-01,-0.00000e+00,3.92000e+00,
3.6693385e-01,2.00001e-01,3.92000e+00,
3.6708033e-01,-0.00000e+00,3.96000e+00,
3.6722681e-01,2.00001e-01,3.96000e+00,
3.6737329e-01,2.00001e-01,3.96000e+00,
3.6751977e-01,-0.00000e+00,3.96000e+00,
3.6766624e-01,-0.00000e+00,3.96000e+00,
3.6781272e-01,2.00001e-01,3.96000e+00,
3.6795920e-01,2.00001e-01,3.96000e+00,
3.6810568e-01,-0.00000e+00,3.96000e+00,
3.6825216e-01,2.00001e-01,3.96000e+00,
3.6839864e-01,-0.00000e+00,3.96000e+00,
3.6854511e-01,-0.00000e+00,3.96000e+00,
3.6869159e-01,-0.00000e+00,3.96000e+00,
3.6883807e-01,-0.00000e+00,3.96000e+00,
3.6898455e-01,-0.00000e+00,3.96000e+00,
3.6913103e-01,-0.00000e+00,3.96000e+00,
3.6927751e-01,-0.00000e+00,3.92000e+00,
3.6942399e-01,-0.00000e+00,3.96000e+00,
3.6957046e-01,-0.00000e+00,3.96000e+00,
3.6971694e-01,-0.00000e+00,3.96000e+00,
3.6986342e-01,-0.00000e+00,3.96000e+00,
3.7000990e-01,-0.00000e+00,3.92000e+00,
3.7015638e-01,-0.00000e+00,3.96000e+00,
3.7030286e-01,-0.00000e+00,3.96000e+00,
3.7044933e-01,2.00001e-01,3.96000e+00,
3.7059581e-01,-0.00000e+00,3.96000e+00,
3.7074229e-01,-0.00000e+00,3.96000e+00,
3.7088877e-01,-0.00000e+00,3.96000e+00,
3.7103525e-01,-0.00000e+00,3.96000e+00,
3.7118173e-01,-0.00000e+00,3.96000e+00,
3.7132820e-01,-0.00000e+00,3.96000e+00,
3.7147468e-01,-0.00000e+00,3.92000e+00,
3.7162116e-01,2.00001e-01,3.96000e+00,
3.7176764e-01,-0.00000e+00,3.96000e+00,
3.7191412e-01,-0.00000e+00,3.96000e+00,
3.7206060e-01,-0.00000e+00,3.96000e+00,
3.7220708e-01,2.00001e-01,3.96000e+00,
3.7235355e-01,2.00001e-01,3.96000e+00,
3.7250003e-01,-0.00000e+00,3.96000e+00,
3.7264651e-01,-0.00000e+00,3.96000e+00,
3.7279299e-01,-0.00000e+00,3.96000e+00,
3.7293947e-01,-0.00000e+00,3.96000e+00,
3.7308595e-01,-0.00000e+00,3.96000e+00,
3.7323242e-01,-0.00000e+00,3.92000e+00,
3.7337890e-01,-0.00000e+00,3.92000e+00,
3.7352538e-01,2.00001e-01,3.96000e+00,
3.7367186e-01,-0.00000e+00,3.96000e+00,
3.7381834e-01,-0.00000e+00,3.92000e+00,
3.7396482e-01,-0.00000e+00,3.96000e+00,
3.7411129e-01,-0.00000e+00,3.96000e+00,
3.7425777e-01,-0.00000e+00,3.96000e+00,
3.7440425e-01,2.00001e-01,3.92000e+00,
3.7455073e-01,-0.00000e+00,3.96000e+00,
3.7469721e-01,-0.00000e+00,3.92000e+00,
3.7484369e-01,-0.00000e+00,3.96000e+00,
3.7499017e-01,-0.00000e+00,3.96000e+00,
3.7513664e-01,-0.00000e+00,3.96000e+00,
3.7528312e-01,-0.00000e+00,3.92000e+00,
3.7542960e-01,2.00001e-01,3.96000e+00,
3.7557608e-01,2.00001e-01,3.92000e+00,
3.7572256e-01,2.00001e-01,3.96000e+00,
3.7586904e-01,-0.00000e+00,3.96000e+00,
3.7601551e-01,2.00001e-01,3.92000e+00,
3.7616199e-01,-0.00000e+00,3.96000e+00,
3.7630847e-01,-0.00000e+00,3.96000e+00,
3.7645495e-01,-0.00000e+00,3.96000e+00,
3.7660143e-01,2.00001e-01,3.96000e+00,
3.7674791e-01,2.00001e-01,3.92000e+00,
3.7689438e-01,-0.00000e+00,3.96000e+00,
3.7704086e-01,2.00001e-01,3.96000e+00,
3.7718734e-01,2.00001e-01,3.96000e+00,
3.7733382e-01,-0.00000e+00,3.96000e+00,
3.7748030e-01,-0.00000e+00,3.96000e+00,
3.7762678e-01,-0.00000e+00,3.96000e+00,
3.7777326e-01,-0.00000e+00,3.96000e+00,
3.7791973e-01,-0.00000e+00,3.96000e+00,
3.7806621e-01,-0.00000e+00,3.96000e+00,
3.7821269e-01,2.00001e-01,3.96000e+00,
3.7835917e-01,-0.00000e+00,3.96000e+00,
3.7850565e-01,-0.00000e+00,3.96000e+00,
3.7865213e-01,-0.00000e+00,3.96000e+00,
3.7879860e-01,-0.00000e+00,3.96000e+00,
3.7894508e-01,-0.00000e+00,3.92000e+00,
3.7909156e-01,-0.00000e+00,3.92000e+00,
3.7923804e-01,2.00001e-01,3.96000e+00,
3.7938452e-01,2.00001e-01,3.96000e+00,
3.7953100e-01,-0.00000e+00,3.92000e+00,
3.7967747e-01,2.00001e-01,3.96000e+00,
3.7982395e-01,-0.00000e+00,3.96000e+00,
3.7997043e-01,2.00001e-01,3.96000e+00,
3.8011691e-01,-0.00000e+00,3.96000e+00,
3.8026339e-01,2.00001e-01,3.96000e+00,
3.8040987e-01,2.00001e-01,3.96000e+00,
3.8055634e-01,2.00001e-01,3.92000e+00,
3.8070282e-01,2.00001e-01,3.96000e+00,
3.8084930e-01,-0.00000e+00,3.96000e+00,
3.8099578e-01,2.00001e-01,3.96000e+00,
3.8114226e-01,-0.00000e+00,3.96000e+00,
3.8128874e-01,-0.00000e+00,3.96000e+00,
3.8143522e-01,2.00001e-01,3.96000e+00,
3.8158169e-01,-0.00000e+00,3.96000e+00,
3.8172817e-01,2.00001e-01,3.96000e+00,
3.8187465e-01,-0.00000e+00,3.96000e+00,
3.8202113e-01,-0.00000e+00,3.96000e+00,
3.8216761e-01,-0.00000e+00,3.96000e+00,
3.8231409e-01,-0.00000e+00,3.96000e+00,
3.8246056e-01,-0.00000e+00,3.96000e+00,
3.8260704e-01,2.00001e-01,3.96000e+00,
3.8275352e-01,-0.00000e+00,3.96000e+00,
3.8290000e-01,-0.00000e+00,3.96000e+00,
3.8304648e-01,2.00001e-01,3.96000e+00,
3.8319296e-01,2.00001e-01,3.96000e+00,
3.8333943e-01,-0.00000e+00,3.96000e+00,
3.8348591e-01,-0.00000e+00,3.96000e+00,
3.8363239e-01,-0.00000e+00,3.96000e+00,
3.8377887e-01,-0.00000e+00,3.92000e+00,
3.8392535e-01,-0.00000e+00,3.96000e+00,
3.8407183e-01,-0.00000e+00,3.96000e+00,
3.8421831e-01,5.00000e+00,4.00000e+00,
3.8436478e-01,2.00001e-01,3.96000e+00,
3.8451126e-01,-0.00000e+00,3.96000e+00,
3.8465774e-01,-0.00000e+00,3.96000e+00,
3.8480422e-01,-0.00000e+00,3.96000e+00,
3.8495070e-01,2.00001e-01,3.96000e+00,
3.8509718e-01,-0.00000e+00,3.96000e+00,
3.8524365e-01,5.00000e+00,4.00000e+00,
3.8539013e-01,-0.00000e+00,3.96000e+00,
3.8553661e-01,-0.00000e+00,3.96000e+00,
3.8568309e-01,-0.00000e+00,3.96000e+00,
3.8582957e-01,-0.00000e+00,3.92000e+00,
3.8597605e-01,-0.00000e+00,3.92000e+00,
3.8612252e-01,2.00001e-01,3.92000e+00,
3.8626900e-01,2.00001e-01,3.96000e+00,
3.8641548e-01,2.00001e-01,3.96000e+00,
3.8656196e-01,2.00001e-01,3.92000e+00,
3.8670844e-01,-0.00000e+00,3.92000e+00,
3.8685492e-01,-0.00000e+00,3.96000e+00,
3.8700140e-01,-0.00000e+00,3.96000e+00,
3.8714787e-01,-0.00000e+00,3.92000e+00,
3.8729435e-01,5.00000e+00,3.88000e+00,
3.8744083e-01,2.00001e-01,3.96000e+00,
3.8758731e-01,-0.00000e+00,3.96000e+00,
3.8773379e-01,-0.00000e+00,3.96000e+00,
3.8788027e-01,-0.00000e+00,3.96000e+00,
3.8802674e-01,-0.00000e+00,3.96000e+00,
3.8817322e-01,-0.00000e+00,3.96000e+00,
3.8831970e-01,-0.00000e+00,4.00000e+00,
3.8846618e-01,-0.00000e+00,3.96000e+00,
3.8861266e-01,-0.00000e+00,3.92000e+00,
3.8875914e-01,-0.00000e+00,3.96000e+00,
3.8890561e-01,-0.00000e+00,3.96000e+00,
3.8905209e-01,2.00001e-01,3.96000e+00,
3.8919857e-01,2.00001e-01,3.96000e+00,
3.8934505e-01,-0.00000e+00,3.96000e+00,
3.8949153e-01,-0.00000e+00,3.96000e+00,
3.8963801e-01,-0.00000e+00,3.96000e+00,
3.8978449e-01,-0.00000e+00,3.96000e+00,
3.8993096e-01,2.00001e-01,3.96000e+00,
3.9007744e-01,2.00001e-01,3.96000e+00,
3.9022392e-01,2.00001e-01,3.92000e+00,
3.9037040e-01,-0.00000e+00,3.96000e+00,
3.9051688e-01,-0.00000e+00,3.96000e+00,
3.9066336e-01,2.00001e-01,3.96000e+00,
3.9080983e-01,2.00001e-01,3.92000e+00,
3.9095631e-01,-0.00000e+00,3.96000e+00,
3.9110279e-01,-0.00000e+00,3.96000e+00,
3.9124927e-01,-0.00000e+00,3.92000e+00,
3.9139575e-01,-0.00000e+00,3.96000e+00,
3.9154223e-01,2.00001e-01,3.96000e+00,
3.9168870e-01,-0.00000e+00,3.92000e+00,
3.9183518e-01,-0.00000e+00,3.96000e+00,
3.9198166e-01,-0.00000e+00,3.96000e+00,
3.9212814e-01,-0.00000e+00,3.96000e+00,
3.9227462e-01,2.00001e-01,3.96000e+00,
3.9242110e-01,-0.00000e+00,3.96000e+00,
3.9256757e-01,-0.00000e+00,3.96000e+00,
3.9271405e-01,2.00001e-01,3.96000e+00,
3.9286053e-01,-0.00000e+00,3.92000e+00,
3.9300701e-01,2.00001e-01,3.96000e+00,
3.9315349e-01,2.00001e-01,3.92000e+00,
3.9329997e-01,-0.00000e+00,3.92000e+00,
3.9344645e-01,-0.00000e+00,3.96000e+00,
3.9359292e-01,2.00001e-01,3.96000e+00,
3.9373940e-01,-0.00000e+00,3.96000e+00,
3.9388588e-01,-0.00000e+00,3.96000e+00,
3.9403236e-01,-0.00000e+00,3.96000e+00,
3.9417884e-01,-0.00000e+00,3.92000e+00,
3.9432532e-01,2.00001e-01,3.96000e+00,
3.9447179e-01,-0.00000e+00,3.92000e+00,
3.9461827e-01,-0.00000e+00,3.96000e+00,
3.9476475e-01,-0.00000e+00,3.96000e+00,
3.9491123e-01,-0.00000e+00,3.92000e+00,
3.9505771e-01,-0.00000e+00,3.96000e+00,
3.9520419e-01,-0.00000e+00,4.00000e+00,
3.9535066e-01,-0.00000e+00,3.96000e+00,
3.9549714e-01,2.00001e-01,3.96000e+00,
3.9564362e-01,-0.00000e+00,3.92000e+00,
3.9579010e-01,-0.00000e+00,3.92000e+00,
3.9593658e-01,-0.00000e+00,3.96000e+00,
3.9608306e-01,2.00001e-01,3.96000e+00,
3.9622954e-01,-0.00000e+00,3.96000e+00,
3.9637601e-01,-0.00000e+00,3.96000e+00,
3.9652249e-01,-0.00000e+00,3.96000e+00,
3.9666897e-01,-0.00000e+00,3.92000e+00,
3.9681545e-01,-0.00000e+00,3.96000e+00,
3.9696193e-01,-0.00000e+00,3.96000e+00,
3.9710841e-01,-0.00000e+00,3.92000e+00,
3.9725488e-01,-0.00000e+00,3.96000e+00,
3.9740136e-01,-0.00000e+00,3.92000e+00,
3.9754784e-01,-0.00000e+00,3.96000e+00,
3.9769432e-01,-0.00000e+00,3.96000e+00,
3.9784080e-01,-0.00000e+00,3.96000e+00,
3.9798728e-01,2.00001e-01,3.96000e+00,
3.9813375e-01,-0.00000e+00,3.96000e+00,
3.9828023e-01,-0.00000e+00,3.96000e+00,
3.9842671e-01,-0.00000e+00,3.96000e+00,
3.9857319e-01,-0.00000e+00,3.96000e+00,
3.9871967e-01,-0.00000e+00,3.96000e+00,
3.9886615e-01,-0.00000e+00,3.96000e+00,
3.9901263e-01,-0.00000e+00,3.96000e+00,
3.9915910e-01,2.00001e-01,3.96000e+00,
3.9930558e-01,-0.00000e+00,3.96000e+00,
3.9945206e-01,-0.00000e+00,3.96000e+00,
3.9959854e-01,2.00001e-01,3.96000e+00,
3.9974502e-01,-0.00000e+00,3.96000e+00,
3.9989150e-01,-0.00000e+00,3.96000e+00,
4.0003797e-01,-0.00000e+00,3.96000e+00,
4.0018445e-01,-0.00000e+00,3.96000e+00,
4.0033093e-01,-0.00000e+00,3.96000e+00,
4.0047741e-01,-0.00000e+00,3.96000e+00,
4.0062389e-01,-0.00000e+00,3.96000e+00,
4.0077037e-01,5.00000e+00,4.00000e+00,
4.0091684e-01,-0.00000e+00,3.96000e+00,
4.0106332e-01,-0.00000e+00,3.96000e+00,
4.0120980e-01,-0.00000e+00,3.96000e+00,
4.0135628e-01,-0.00000e+00,3.96000e+00,
4.0150276e-01,-0.00000e+00,3.92000e+00,
4.0164924e-01,2.00001e-01,3.92000e+00,
4.0179572e-01,-0.00000e+00,3.92000e+00,
4.0194219e-01,-0.00000e+00,3.96000e+00,
4.0208867e-01,2.00001e-01,3.96000e+00,
4.0223515e-01,-0.00000e+00,3.96000e+00,
4.0238163e-01,-0.00000e+00,3.96000e+00,
4.0252811e-01,-0.00000e+00,3.96000e+00,
4.0267459e-01,-0.00000e+00,3.96000e+00,
4.0282106e-01,-0.00000e+00,3.96000e+00,
4.0296754e-01,2.00001e-01,3.96000e+00,
4.0311402e-01,-0.00000e+00,3.92000e+00,
4.0326050e-01,-0.00000e+00,3.92000e+00,
4.0340698e-01,-0.00000e+00,3.96000e+00,
4.0355346e-01,-0.00000e+00,3.92000e+00,
4.0369993e-01,2.00001e-01,3.96000e+00,
4.0384641e-01,2.00001e-01,3.96000e+00,
4.0399289e-01,-0.00000e+00,3.96000e+00,
4.0413937e-01,-0.00000e+00,3.92000e+00,
4.0428585e-01,-0.00000e+00,3.96000e+00,
4.0443233e-01,-0.00000e+00,3.96000e+00,
4.0457880e-01,-0.00000e+00,3.96000e+00,
4.0472528e-01,-0.00000e+00,3.96000e+00,
4.0487176e-01,-0.00000e+00,3.92000e+00,
4.0501824e-01,-0.00000e+00,3.96000e+00,
4.0516472e-01,-0.00000e+00,3.96000e+00,
4.0531120e-01,-0.00000e+00,3.96000e+00,
4.0545768e-01,-0.00000e+00,3.96000e+00,
4.0560415e-01,2.00001e-01,3.92000e+00,
4.0575063e-01,-0.00000e+00,3.96000e+00,
4.0589711e-01,2.00001e-01,3.96000e+00,
4.0604359e-01,-0.00000e+00,3.96000e+00,
4.0619007e-01,-0.00000e+00,3.92000e+00,
4.0633655e-01,-0.00000e+00,3.96000e+00,
4.0648302e-01,2.00001e-01,3.92000e+00,
4.0662950e-01,-0.00000e+00,3.96000e+00,
4.0677598e-01,2.00001e-01,3.96000e+00,
4.0692246e-01,-0.00000e+00,3.92000e+00,
4.0706894e-01,-0.00000e+00,3.92000e+00,
4.0721542e-01,-0.00000e+00,3.96000e+00,
4.0736189e-01,-0.00000e+00,3.96000e+00,
4.0750837e-01,-0.00000e+00,3.92000e+00,
4.0765485e-01,2.00001e-01,3.96000e+00,
4.0780133e-01,2.00001e-01,3.96000e+00,
4.0794781e-01,2.00001e-01,3.96000e+00,
4.0809429e-01,-0.00000e+00,3.96000e+00,
4.0824077e-01,2.00001e-01,3.96000e+00,
4.0838724e-01,2.00001e-01,3.96000e+00,
4.0853372e-01,-0.00000e+00,3.96000e+00,
4.0868020e-01,-0.00000e+00,3.96000e+00,
4.0882668e-01,2.00001e-01,3.92000e+00,
4.0897316e-01,-0.00000e+00,3.96000e+00,
4.0911964e-01,-0.00000e+00,3.96000e+00,
4.0926611e-01,-0.00000e+00,3.96000e+00,
4.0941259e-01,-0.00000e+00,3.96000e+00,
4.0955907e-01,2.00001e-01,3.96000e+00,
4.0970555e-01,-0.00000e+00,3.96000e+00,
4.0985203e-01,-0.00000e+00,3.96000e+00,
4.0999851e-01,-0.00000e+00,3.96000e+00,
4.1014498e-01,2.00001e-01,3.96000e+00,
4.1029146e-01,2.00001e-01,3.96000e+00,
4.1043794e-01,2.00001e-01,3.96000e+00,
4.1058442e-01,-0.00000e+00,3.96000e+00,
4.1073090e-01,2.00001e-01,3.96000e+00,
4.1087738e-01,-0.00000e+00,3.96000e+00,
4.1102386e-01,2.00001e-01,3.96000e+00,
4.1117033e-01,-0.00000e+00,3.96000e+00,
4.1131681e-01,-0.00000e+00,3.92000e+00,
4.1146329e-01,-0.00000e+00,3.92000e+00,
4.1160977e-01,-0.00000e+00,3.96000e+00,
4.1175625e-01,-0.00000e+00,3.96000e+00,
4.1190273e-01,-0.00000e+00,3.96000e+00,
4.1204920e-01,-0.00000e+00,3.92000e+00,
4.1219568e-01,2.00001e-01,3.96000e+00,
4.1234216e-01,-0.00000e+00,3.96000e+00,
4.1248864e-01,-0.00000e+00,3.96000e+00,
4.1263512e-01,-0.00000e+00,3.96000e+00,
4.1278160e-01,-0.00000e+00,3.92000e+00,
4.1292807e-01,-0.00000e+00,3.96000e+00,
4.1307455e-01,2.00001e-01,3.92000e+00,
4.1322103e-01,-0.00000e+00,3.96000e+00,
4.1336751e-01,2.00001e-01,3.96000e+00,
4.1351399e-01,2.00001e-01,3.96000e+00,
4.1366047e-01,-0.00000e+00,3.96000e+00,
4.1380695e-01,-0.00000e+00,3.96000e+00,
4.1395342e-01,-0.00000e+00,3.92000e+00,
4.1409990e-01,-0.00000e+00,3.96000e+00,
4.1424638e-01,-0.00000e+00,3.96000e+00,
4.1439286e-01,-0.00000e+00,3.96000e+00,
4.1453934e-01,2.00001e-01,3.92000e+00,
4.1468582e-01,-0.00000e+00,3.92000e+00,
4.1483229e-01,-0.00000e+00,3.96000e+00,
4.1497877e-01,-0.00000e+00,3.92000e+00,
4.1512525e-01,-0.00000e+00,3.96000e+00,
4.1527173e-01,2.00001e-01,3.92000e+00,
4.1541821e-01,-0.00000e+00,3.92000e+00,
4.1556469e-01,-0.00000e+00,3.92000e+00,
4.1571116e-01,-0.00000e+00,3.92000e+00,
4.1585764e-01,-0.00000e+00,3.92000e+00,
4.1600412e-01,-0.00000e+00,3.92000e+00,
4.1615060e-01,-0.00000e+00,3.96000e+00,
4.1629708e-01,-0.00000e+00,3.92000e+00,
4.1644356e-01,-0.00000e+00,3.92000e+00,
4.1659003e-01,-0.00000e+00,3.96000e+00,
4.1673651e-01,-0.00000e+00,3.92000e+00,
4.1688299e-01,-0.00000e+00,3.92000e+00,
4.1702947e-01,2.00001e-01,3.92000e+00,
4.1717595e-01,-0.00000e+00,3.96000e+00,
4.1732243e-01,-0.00000e+00,3.92000e+00,
4.1746891e-01,-0.00000e+00,3.92000e+00,
4.1761538e-01,-0.00000e+00,3.92000e+00,
4.1776186e-01,-0.00000e+00,3.96000e+00,
4.1790834e-01,-0.00000e+00,3.92000e+00,
4.1805482e-01,-0.00000e+00,3.92000e+00,
4.1820130e-01,-0.00000e+00,3.92000e+00,
4.1834778e-01,-0.00000e+00,3.92000e+00,
4.1849425e-01,-0.00000e+00,3.92000e+00,
4.1864073e-01,-0.00000e+00,3.92000e+00,
4.1878721e-01,-0.00000e+00,3.92000e+00,
4.1893369e-01,-0.00000e+00,3.92000e+00,
4.1908017e-01,-0.00000e+00,3.92000e+00,
4.1922665e-01,-0.00000e+00,3.92000e+00,
4.1937312e-01,-0.00000e+00,3.92000e+00,
4.1951960e-01,2.00001e-01,3.88000e+00,
4.1966608e-01,2.00001e-01,3.88000e+00,
4.1981256e-01,2.00001e-01,3.92000e+00,
4.1995904e-01,-0.00000e+00,3.88000e+00,
4.2010552e-01,-0.00000e+00,3.92000e+00,
4.2025200e-01,2.00001e-01,3.88000e+00,
4.2039847e-01,2.00001e-01,3.92000e+00,
4.2054495e-01,-0.00000e+00,3.84000e+00,
4.2069143e-01,-0.00000e+00,3.88000e+00,
4.2083791e-01,-0.00000e+00,3.88000e+00,
4.2098439e-01,2.00001e-01,3.92000e+00,
4.2113087e-01,-0.00000e+00,3.84000e+00,
4.2127734e-01,-0.00000e+00,3.88000e+00,
4.2142382e-01,-0.00000e+00,3.88000e+00,
4.2157030e-01,-0.00000e+00,3.84000e+00,
4.2171678e-01,2.00001e-01,3.84000e+00,
4.2186326e-01,-0.00000e+00,3.84000e+00,
4.2200974e-01,-0.00000e+00,3.84000e+00,
4.2215621e-01,2.00001e-01,3.84000e+00,
4.2230269e-01,2.00001e-01,3.84000e+00,
4.2244917e-01,2.00001e-01,3.84000e+00,
4.2259565e-01,-0.00000e+00,3.84000e+00,
4.2274213e-01,-0.00000e+00,3.84000e+00,
4.2288861e-01,2.00001e-01,3.80000e+00,
4.2303509e-01,-0.00000e+00,3.84000e+00,
4.2318156e-01,2.00001e-01,3.84000e+00,
4.2332804e-01,-0.00000e+00,3.80000e+00,
4.2347452e-01,-0.00000e+00,3.80000e+00,
4.2362100e-01,-0.00000e+00,3.76000e+00,
4.2376748e-01,2.00001e-01,3.76000e+00,
4.2391396e-01,-0.00000e+00,3.72000e+00,
4.2406043e-01,2.00001e-01,3.76000e+00,
4.2420691e-01,2.00001e-01,3.72000e+00,
4.2435339e-01,2.00001e-01,3.68000e+00,
4.2449987e-01,-0.00000e+00,3.68000e+00,
4.2464635e-01,-0.00000e+00,3.68000e+00,
4.2479283e-01,-0.00000e+00,3.68000e+00,
4.2493930e-01,-0.00000e+00,3.68000e+00,
4.2508578e-01,-0.00000e+00,3.68000e+00,
4.2523226e-01,-0.00000e+00,3.68000e+00,
4.2537874e-01,-0.00000e+00,3.68000e+00,
4.2552522e-01,2.00001e-01,3.64000e+00,
4.2567170e-01,2.00001e-01,3.64000e+00,
4.2581818e-01,-0.00000e+00,3.64000e+00,
4.2596465e-01,2.00001e-01,3.60000e+00,
4.2611113e-01,-0.00000e+00,3.64000e+00,
4.2625761e-01,-0.00000e+00,3.56000e+00,
4.2640409e-01,-0.00000e+00,3.56000e+00,
4.2655057e-01,-0.00000e+00,3.52000e+00,
4.2669705e-01,-0.00000e+00,3.60000e+00,
4.2684352e-01,2.00001e-01,3.52000e+00,
4.2699000e-01,2.00001e-01,3.52000e+00,
4.2713648e-01,-0.00000e+00,3.52000e+00,
4.2728296e-01,-0.00000e+00,3.52000e+00,
4.2742944e-01,-0.00000e+00,3.52000e+00,
4.2757592e-01,-0.00000e+00,3.52000e+00,
4.2772239e-01,-0.00000e+00,3.48000e+00,
4.2786887e-01,-0.00000e+00,3.48000e+00,
4.2801535e-01,-0.00000e+00,3.48000e+00,
4.2816183e-01,-0.00000e+00,3.48000e+00,
4.2830831e-01,-0.00000e+00,3.44000e+00,
4.2845479e-01,2.00001e-01,3.44000e+00,
4.2860126e-01,-0.00000e+00,3.44000e+00,
4.2874774e-01,2.00001e-01,3.44000e+00,
4.2889422e-01,-0.00000e+00,3.44000e+00,
4.2904070e-01,2.00001e-01,3.40000e+00,
4.2918718e-01,2.00001e-01,3.36000e+00,
4.2933366e-01,-0.00000e+00,3.36000e+00,
4.2948014e-01,-0.00000e+00,3.36000e+00,
4.2962661e-01,2.00001e-01,3.36000e+00,
4.2977309e-01,-0.00000e+00,3.36000e+00,
4.2991957e-01,-0.00000e+00,3.36000e+00,
4.3006605e-01,-0.00000e+00,3.32000e+00,
4.3021253e-01,-0.00000e+00,3.36000e+00,
4.3035901e-01,-0.00000e+00,3.32000e+00,
4.3050548e-01,-0.00000e+00,3.32000e+00,
4.3065196e-01,-0.00000e+00,3.32000e+00,
4.3079844e-01,-0.00000e+00,3.28000e+00,
4.3094492e-01,-0.00000e+00,3.28000e+00,
4.3109140e-01,-0.00000e+00,3.28000e+00,
4.3123788e-01,-0.00000e+00,3.28000e+00,
4.3138435e-01,2.00001e-01,3.24000e+00,
4.3153083e-01,-0.00000e+00,3.24000e+00,
4.3167731e-01,2.00001e-01,3.24000e+00,
4.3182379e-01,2.00001e-01,3.20000e+00,
4.3197027e-01,-0.00000e+00,3.20000e+00,
4.3211675e-01,-0.00000e+00,3.20000e+00,
4.3226323e-01,-0.00000e+00,3.20000e+00,
4.3240970e-01,2.00001e-01,3.20000e+00,
4.3255618e-01,2.00001e-01,3.20000e+00,
4.3270266e-01,2.00001e-01,3.20000e+00,
4.3284914e-01,-0.00000e+00,3.20000e+00,
4.3299562e-01,-0.00000e+00,3.20000e+00,
4.3314210e-01,-0.00000e+00,3.16000e+00,
4.3328857e-01,-0.00000e+00,3.16000e+00,
4.3343505e-01,2.00001e-01,3.12000e+00,
4.3358153e-01,2.00001e-01,3.12000e+00,
4.3372801e-01,-0.00000e+00,3.16000e+00,
4.3387449e-01,-0.00000e+00,3.12000e+00,
4.3402097e-01,-0.00000e+00,3.12000e+00,
4.3416744e-01,2.00001e-01,3.08000e+00,
4.3431392e-01,-0.00000e+00,3.04000e+00,
4.3446040e-01,2.00001e-01,3.04000e+00,
4.3460688e-01,-0.00000e+00,3.04000e+00,
4.3475336e-01,-0.00000e+00,3.04000e+00,
4.3489984e-01,2.00001e-01,3.04000e+00,
4.3504632e-01,-0.00000e+00,3.04000e+00,
4.3519279e-01,2.00001e-01,3.04000e+00,
4.3533927e-01,2.00001e-01,3.00000e+00,
4.3548575e-01,2.00001e-01,3.04000e+00,
4.3563223e-01,-0.00000e+00,3.00000e+00,
4.3577871e-01,-0.00000e+00,3.00000e+00,
4.3592519e-01,-0.00000e+00,3.00000e+00,
4.3607166e-01,-0.00000e+00,3.00000e+00,
4.3621814e-01,-0.00000e+00,2.96000e+00,
4.3636462e-01,-0.00000e+00,2.96000e+00,
4.3651110e-01,-0.00000e+00,2.92000e+00,
4.3665758e-01,2.00001e-01,2.96000e+00,
4.3680406e-01,-0.00000e+00,2.92000e+00,
4.3695053e-01,-0.00000e+00,2.88000e+00,
4.3709701e-01,-0.00000e+00,2.92000e+00,
4.3724349e-01,2.00001e-01,2.88000e+00,
4.3738997e-01,-0.00000e+00,2.88000e+00,
4.3753645e-01,-0.00000e+00,2.88000e+00,
4.3768293e-01,-0.00000e+00,2.84000e+00,
4.3782941e-01,-0.00000e+00,2.88000e+00,
4.3797588e-01,-0.00000e+00,2.88000e+00,
4.3812236e-01,-0.00000e+00,2.88000e+00,
4.3826884e-01,-0.00000e+00,2.84000e+00,
4.3841532e-01,-0.00000e+00,2.84000e+00,
4.3856180e-01,-0.00000e+00,2.80000e+00,
4.3870828e-01,-0.00000e+00,2.80000e+00,
4.3885475e-01,-0.00000e+00,2.80000e+00,
4.3900123e-01,-0.00000e+00,2.80000e+00,
4.3914771e-01,-0.00000e+00,2.80000e+00,
4.3929419e-01,-0.00000e+00,2.80000e+00,
4.3944067e-01,2.00001e-01,2.76000e+00,
4.3958715e-01,2.00001e-01,2.72000e+00,
4.3973362e-01,-0.00000e+00,2.72000e+00,
4.3988010e-01,-0.00000e+00,2.76000e+00,
4.4002658e-01,-0.00000e+00,2.72000e+00,
4.4017306e-01,2.00001e-01,2.72000e+00,
4.4031954e-01,-0.00000e+00,2.72000e+00,
4.4046602e-01,-0.00000e+00,2.72000e+00,
4.4061249e-01,-0.00000e+00,2.72000e+00,
4.4075897e-01,-0.00000e+00,2.72000e+00,
4.4090545e-01,-0.00000e+00,2.72000e+00,
4.4105193e-01,-0.00000e+00,2.72000e+00,
4.4119841e-01,-0.00000e+00,2.72000e+00,
4.4134489e-01,-0.00000e+00,2.68000e+00,
4.4149137e-01,-0.00000e+00,2.64000e+00,
4.4163784e-01,-0.00000e+00,2.68000e+00,
4.4178432e-01,-0.00000e+00,2.64000e+00,
4.4193080e-01,-0.00000e+00,2.64000e+00,
4.4207728e-01,-0.00000e+00,2.64000e+00,
4.4222376e-01,-0.00000e+00,2.64000e+00,
4.4237024e-01,2.00001e-01,2.64000e+00,
4.4251671e-01,-0.00000e+00,2.60000e+00,
4.4266319e-01,-0.00000e+00,2.56000e+00,
4.4280967e-01,-0.00000e+00,2.56000e+00,
4.4295615e-01,-0.00000e+00,2.56000e+00,
4.4310263e-01,-0.00000e+00,2.56000e+00,
4.4324911e-01,-0.00000e+00,2.56000e+00,
4.4339558e-01,-0.00000e+00,2.56000e+00,
4.4354206e-01,-0.00000e+00,2.56000e+00,
4.4368854e-01,-0.00000e+00,2.56000e+00,
4.4383502e-01,-0.00000e+00,2.56000e+00,
4.4398150e-01,-0.00000e+00,2.52000e+00,
4.4412798e-01,-0.00000e+00,2.52000e+00,
4.4427446e-01,-0.00000e+00,2.52000e+00,
4.4442093e-01,-0.00000e+00,2.52000e+00,
4.4456741e-01,-0.00000e+00,2.48000e+00,
4.4471389e-01,-0.00000e+00,2.52000e+00,
4.4486037e-01,-0.00000e+00,2.48000e+00,
4.4500685e-01,-0.00000e+00,2.48000e+00,
4.4515333e-01,-0.00000e+00,2.48000e+00,
4.4529980e-01,-0.00000e+00,2.48000e+00,
4.4544628e-01,2.00001e-01,2.48000e+00,
4.4559276e-01,-0.00000e+00,2.48000e+00,
4.4573924e-01,-0.00000e+00,2.40000e+00,
4.4588572e-01,2.00001e-01,2.48000e+00,
4.4603220e-01,2.00001e-01,2.40000e+00,
4.4617867e-01,-0.00000e+00,2.40000e+00,
4.4632515e-01,-0.00000e+00,2.40000e+00,
4.4647163e-01,2.00001e-01,2.40000e+00,
4.4661811e-01,-0.00000e+00,2.40000e+00,
4.4676459e-01,2.00001e-01,2.40000e+00,
4.4691107e-01,-0.00000e+00,2.40000e+00,
4.4705755e-01,2.00001e-01,2.40000e+00,
4.4720402e-01,-0.00000e+00,2.40000e+00,
4.4735050e-01,2.00001e-01,2.40000e+00,
4.4749698e-01,-0.00000e+00,2.36000e+00,
4.4764346e-01,-0.00000e+00,2.36000e+00,
4.4778994e-01,2.00001e-01,2.36000e+00,
4.4793642e-01,-0.00000e+00,2.36000e+00,
4.4808289e-01,2.00001e-01,2.36000e+00,
4.4822937e-01,2.00001e-01,2.36000e+00,
4.4837585e-01,-0.00000e+00,2.36000e+00,
4.4852233e-01,2.00001e-01,2.32000e+00,
4.4866881e-01,-0.00000e+00,2.32000e+00,
4.4881529e-01,-0.00000e+00,2.28000e+00,
4.4896176e-01,-0.00000e+00,2.32000e+00,
4.4910824e-01,2.00001e-01,2.32000e+00,
4.4925472e-01,2.00001e-01,2.32000e+00,
4.4940120e-01,-0.00000e+00,2.28000e+00,
4.4954768e-01,-0.00000e+00,2.28000e+00,
4.4969416e-01,-0.00000e+00,2.24000e+00,
4.4984064e-01,-0.00000e+00,2.24000e+00,
4.4998711e-01,-0.00000e+00,2.24000e+00,
4.5013359e-01,-0.00000e+00,2.24000e+00,
4.5028007e-01,-0.00000e+00,2.24000e+00,
4.5042655e-01,-0.00000e+00,2.24000e+00,
4.5057303e-01,-0.00000e+00,2.24000e+00,
4.5071951e-01,-0.00000e+00,2.20000e+00,
4.5086598e-01,-0.00000e+00,2.24000e+00,
4.5101246e-01,-0.00000e+00,2.20000e+00,
4.5115894e-01,-0.00000e+00,2.20000e+00,
4.5130542e-01,-0.00000e+00,2.20000e+00,
4.5145190e-01,-0.00000e+00,2.20000e+00,
4.5159838e-01,-0.00000e+00,2.16000e+00,
4.5174485e-01,-0.00000e+00,2.16000e+00,
4.5189133e-01,-0.00000e+00,2.20000e+00,
4.5203781e-01,-0.00000e+00,2.16000e+00,
4.5218429e-01,-0.00000e+00,2.16000e+00,
4.5233077e-01,-0.00000e+00,2.16000e+00,
4.5247725e-01,2.00001e-01,2.16000e+00,
4.5262372e-01,2.00001e-01,2.12000e+00,
4.5277020e-01,-0.00000e+00,2.08000e+00,
4.5291668e-01,-0.00000e+00,2.12000e+00,
4.5306316e-01,2.00001e-01,2.08000e+00,
4.5320964e-01,-0.00000e+00,2.08000e+00,
4.5335612e-01,-0.00000e+00,2.08000e+00,
4.5350260e-01,2.00001e-01,2.08000e+00,
4.5364907e-01,-0.00000e+00,2.08000e+00,
4.5379555e-01,2.00001e-01,2.08000e+00,
4.5394203e-01,2.00001e-01,2.08000e+00,
4.5408851e-01,2.00001e-01,2.08000e+00,
4.5423499e-01,2.00001e-01,2.08000e+00,
4.5438147e-01,-0.00000e+00,2.04000e+00,
4.5452794e-01,-0.00000e+00,2.08000e+00,
4.5467442e-01,-0.00000e+00,2.04000e+00,
4.5482090e-01,2.00001e-01,2.04000e+00,
4.5496738e-01,2.00001e-01,2.04000e+00,
4.5511386e-01,-0.00000e+00,2.04000e+00,
4.5526034e-01,-0.00000e+00,2.04000e+00,
4.5540681e-01,-0.00000e+00,2.04000e+00,
4.5555329e-01,2.00001e-01,2.04000e+00,
4.5569977e-01,-0.00000e+00,2.00000e+00,
4.5584625e-01,-0.00000e+00,2.00000e+00,
4.5599273e-01,2.00001e-01,2.00000e+00,
4.5613921e-01,2.00001e-01,2.00000e+00,
4.5628569e-01,-0.00000e+00,1.96000e+00,
4.5643216e-01,-0.00000e+00,1.88000e+00,
4.5657864e-01,2.00001e-01,1.96000e+00,
4.5672512e-01,-0.00000e+00,1.96000e+00,
4.5687160e-01,2.00001e-01,1.88000e+00,
4.5701808e-01,-0.00000e+00,1.88000e+00,
4.5716456e-01,2.00001e-01,1.96000e+00,
4.5731103e-01,2.00001e-01,1.96000e+00,
4.5745751e-01,2.00001e-01,1.88000e+00,
4.5760399e-01,-0.00000e+00,1.88000e+00,
4.5775047e-01,2.00001e-01,1.88000e+00,
4.5789695e-01,-0.00000e+00,1.88000e+00,
4.5804343e-01,2.00001e-01,1.88000e+00,
4.5818990e-01,-0.00000e+00,1.88000e+00,
4.5833638e-01,2.00001e-01,1.88000e+00,
4.5848286e-01,2.00001e-01,1.84000e+00,
4.5862934e-01,2.00001e-01,1.84000e+00,
4.5877582e-01,-0.00000e+00,1.84000e+00,
4.5892230e-01,-0.00000e+00,1.88000e+00,
4.5906878e-01,-0.00000e+00,1.84000e+00,
4.5921525e-01,-0.00000e+00,1.84000e+00,
4.5936173e-01,-0.00000e+00,1.84000e+00,
4.5950821e-01,-0.00000e+00,1.84000e+00,
4.5965469e-01,-0.00000e+00,1.80000e+00,
4.5980117e-01,-0.00000e+00,1.80000e+00,
4.5994765e-01,-0.00000e+00,1.80000e+00,
4.6009412e-01,2.00001e-01,1.84000e+00,
4.6024060e-01,2.00001e-01,1.80000e+00,
4.6038708e-01,2.00001e-01,1.80000e+00,
4.6053356e-01,-0.00000e+00,1.80000e+00,
4.6068004e-01,-0.00000e+00,1.80000e+00,
4.6082652e-01,-0.00000e+00,1.80000e+00,
4.6097299e-01,2.00001e-01,1.76000e+00,
4.6111947e-01,-0.00000e+00,1.76000e+00,
4.6126595e-01,2.00001e-01,1.76000e+00,
4.6141243e-01,-0.00000e+00,1.72000e+00,
4.6155891e-01,2.00001e-01,1.72000e+00,
4.6170539e-01,-0.00000e+00,1.72000e+00,
4.6185187e-01,-0.00000e+00,1.72000e+00,
4.6199834e-01,-0.00000e+00,1.72000e+00,
4.6214482e-01,-0.00000e+00,1.72000e+00,
4.6229130e-01,2.00001e-01,1.72000e+00,
4.6243778e-01,-0.00000e+00,1.72000e+00,
4.6258426e-01,2.00001e-01,1.72000e+00,
4.6273074e-01,2.00001e-01,1.72000e+00,
4.6287721e-01,-0.00000e+00,1.68000e+00,
4.6302369e-01,2.00001e-01,1.72000e+00,
4.6317017e-01,-0.00000e+00,1.72000e+00,
4.6331665e-01,-0.00000e+00,1.68000e+00,
4.6346313e-01,-0.00000e+00,1.68000e+00,
4.6360961e-01,-0.00000e+00,1.68000e+00,
4.6375608e-01,2.00001e-01,1.68000e+00,
4.6390256e-01,-0.00000e+00,1.68000e+00,
4.6404904e-01,2.00001e-01,1.68000e+00,
4.6419552e-01,-0.00000e+00,1.68000e+00,
4.6434200e-01,2.00001e-01,1.64000e+00,
4.6448848e-01,-0.00000e+00,1.68000e+00,
4.6463495e-01,-0.00000e+00,1.64000e+00,
4.6478143e-01,-0.00000e+00,1.64000e+00,
4.6492791e-01,-0.00000e+00,1.64000e+00,
4.6507439e-01,2.00001e-01,1.64000e+00,
4.6522087e-01,2.00001e-01,1.64000e+00,
4.6536735e-01,2.00001e-01,1.64000e+00,
4.6551383e-01,-0.00000e+00,1.60000e+00,
4.6566030e-01,2.00001e-01,1.64000e+00,
4.6580678e-01,2.00001e-01,1.60000e+00,
4.6595326e-01,2.00001e-01,1.60000e+00,
4.6609974e-01,-0.00000e+00,1.60000e+00,
4.6624622e-01,2.00001e-01,1.56000e+00,
4.6639270e-01,-0.00000e+00,1.56000e+00,
4.6653917e-01,-0.00000e+00,1.60000e+00,
4.6668565e-01,-0.00000e+00,1.56000e+00,
4.6683213e-01,-0.00000e+00,1.56000e+00,
4.6697861e-01,-0.00000e+00,1.56000e+00,
4.6712509e-01,-0.00000e+00,1.56000e+00,
4.6727157e-01,-0.00000e+00,1.56000e+00,
4.6741804e-01,-0.00000e+00,1.56000e+00,
4.6756452e-01,2.00001e-01,1.56000e+00,
4.6771100e-01,2.00001e-01,1.56000e+00,
4.6785748e-01,2.00001e-01,1.52000e+00,
4.6800396e-01,-0.00000e+00,1.56000e+00,
4.6815044e-01,-0.00000e+00,1.52000e+00,
4.6829692e-01,2.00001e-01,1.56000e+00,
4.6844339e-01,-0.00000e+00,1.52000e+00,
4.6858987e-01,2.00001e-01,1.48000e+00,
4.6873635e-01,-0.00000e+00,1.52000e+00,
4.6888283e-01,-0.00000e+00,1.52000e+00,
4.6902931e-01,-0.00000e+00,1.52000e+00,
4.6917579e-01,-0.00000e+00,1.52000e+00,
4.6932226e-01,-0.00000e+00,1.52000e+00,
4.6946874e-01,-0.00000e+00,1.52000e+00,
4.6961522e-01,2.00001e-01,1.48000e+00,
4.6976170e-01,-0.00000e+00,1.48000e+00,
4.6990818e-01,-0.00000e+00,1.48000e+00,
4.7005466e-01,-0.00000e+00,1.48000e+00,
4.7020113e-01,2.00001e-01,1.48000e+00,
4.7034761e-01,-0.00000e+00,1.48000e+00,
4.7049409e-01,-0.00000e+00,1.48000e+00,
4.7064057e-01,-0.00000e+00,1.48000e+00,
4.7078705e-01,-0.00000e+00,1.44000e+00,
4.7093353e-01,2.00001e-01,1.44000e+00,
4.7108001e-01,2.00001e-01,1.48000e+00,
4.7122648e-01,-0.00000e+00,1.44000e+00,
4.7137296e-01,-0.00000e+00,1.44000e+00,
4.7151944e-01,-0.00000e+00,1.40000e+00,
4.7166592e-01,2.00001e-01,1.44000e+00,
4.7181240e-01,-0.00000e+00,1.40000e+00,
4.7195888e-01,-0.00000e+00,1.40000e+00,
4.7210535e-01,2.00001e-01,1.40000e+00,
4.7225183e-01,2.00001e-01,1.40000e+00,
4.7239831e-01,-0.00000e+00,1.40000e+00,
4.7254479e-01,-0.00000e+00,1.40000e+00,
4.7269127e-01,-0.00000e+00,1.40000e+00,
4.7283775e-01,2.00001e-01,1.40000e+00,
4.7298422e-01,-0.00000e+00,1.40000e+00,
4.7313070e-01,-0.00000e+00,1.40000e+00,
4.7327718e-01,-0.00000e+00,1.36000e+00,
4.7342366e-01,2.00001e-01,1.40000e+00,
4.7357014e-01,-0.00000e+00,1.40000e+00,
4.7371662e-01,-0.00000e+00,1.36000e+00,
4.7386310e-01,2.00001e-01,1.40000e+00,
4.7400957e-01,2.00001e-01,1.36000e+00,
4.7415605e-01,-0.00000e+00,1.40000e+00,
4.7430253e-01,-0.00000e+00,1.36000e+00,
4.7444901e-01,-0.00000e+00,1.36000e+00,
4.7459549e-01,2.00001e-01,1.36000e+00,
4.7474197e-01,-0.00000e+00,1.36000e+00,
4.7488844e-01,-0.00000e+00,1.36000e+00,
4.7503492e-01,-0.00000e+00,1.36000e+00,
4.7518140e-01,-0.00000e+00,1.32000e+00,
4.7532788e-01,-0.00000e+00,1.32000e+00,
4.7547436e-01,-0.00000e+00,1.32000e+00,
4.7562084e-01,2.00001e-01,1.36000e+00,
4.7576731e-01,-0.00000e+00,1.32000e+00,
4.7591379e-01,-0.00000e+00,1.32000e+00,
4.7606027e-01,-0.00000e+00,1.32000e+00,
4.7620675e-01,-0.00000e+00,1.32000e+00,
4.7635323e-01,-0.00000e+00,1.32000e+00,
4.7649971e-01,-0.00000e+00,1.32000e+00,
4.7664618e-01,-0.00000e+00,1.32000e+00,
4.7679266e-01,-0.00000e+00,1.28000e+00,
4.7693914e-01,2.00001e-01,1.32000e+00,
4.7708562e-01,-0.00000e+00,1.32000e+00,
4.7723210e-01,2.00001e-01,1.28000e+00,
4.7737858e-01,-0.00000e+00,1.32000e+00,
4.7752506e-01,-0.00000e+00,1.28000e+00,
4.7767153e-01,-0.00000e+00,1.28000e+00,
4.7781801e-01,-0.00000e+00,1.28000e+00,
4.7796449e-01,2.00001e-01,1.28000e+00,
4.7811097e-01,-0.00000e+00,1.28000e+00,
4.7825745e-01,-0.00000e+00,1.24000e+00,
4.7840393e-01,2.00001e-01,1.24000e+00,
4.7855040e-01,-0.00000e+00,1.24000e+00,
4.7869688e-01,-0.00000e+00,1.24000e+00,
4.7884336e-01,-0.00000e+00,1.24000e+00,
4.7898984e-01,-0.00000e+00,1.24000e+00,
4.7913632e-01,2.00001e-01,1.24000e+00,
4.7928280e-01,-0.00000e+00,1.24000e+00,
4.7942927e-01,-0.00000e+00,1.24000e+00,
4.7957575e-01,-0.00000e+00,1.24000e+00,
4.7972223e-01,-0.00000e+00,1.24000e+00,
4.7986871e-01,-0.00000e+00,1.24000e+00,
4.8001519e-01,-0.00000e+00,1.24000e+00,
4.8016167e-01,2.00001e-01,1.24000e+00,
4.8030815e-01,2.00001e-01,1.24000e+00,
4.8045462e-01,-0.00000e+00,1.24000e+00,
4.8060110e-01,-0.00000e+00,1.24000e+00,
4.8074758e-01,-0.00000e+00,1.24000e+00,
4.8089406e-01,-0.00000e+00,1.24000e+00,
4.8104054e-01,-0.00000e+00,1.24000e+00,
4.8118702e-01,-0.00000e+00,1.24000e+00,
4.8133349e-01,-0.00000e+00,1.20000e+00,
4.8147997e-01,2.00001e-01,1.20000e+00,
4.8162645e-01,2.00001e-01,1.20000e+00,
4.8177293e-01,-0.00000e+00,1.20000e+00,
4.8191941e-01,-0.00000e+00,1.20000e+00,
4.8206589e-01,-0.00000e+00,1.20000e+00,
4.8221236e-01,-0.00000e+00,1.20000e+00,
4.8235884e-01,2.00001e-01,1.24000e+00,
4.8250532e-01,2.00001e-01,1.20000e+00,
4.8265180e-01,-0.00000e+00,1.16000e+00,
4.8279828e-01,-0.00000e+00,1.16000e+00,
4.8294476e-01,2.00001e-01,1.20000e+00,
4.8309124e-01,-0.00000e+00,1.20000e+00,
4.8323771e-01,-0.00000e+00,1.16000e+00,
4.8338419e-01,-0.00000e+00,1.20000e+00,
4.8353067e-01,-0.00000e+00,1.20000e+00,
4.8367715e-01,-0.00000e+00,1.16000e+00,
4.8382363e-01,-0.00000e+00,1.16000e+00,
4.8397011e-01,2.00001e-01,1.16000e+00,
4.8411658e-01,-0.00000e+00,1.16000e+00,
4.8426306e-01,-0.00000e+00,1.16000e+00,
4.8440954e-01,-0.00000e+00,1.16000e+00,
4.8455602e-01,-0.00000e+00,1.16000e+00,
4.8470250e-01,-0.00000e+00,1.16000e+00,
4.8484898e-01,2.00001e-01,1.16000e+00,
4.8499545e-01,2.00001e-01,1.16000e+00,
4.8514193e-01,-0.00000e+00,1.16000e+00,
4.8528841e-01,-0.00000e+00,1.16000e+00,
4.8543489e-01,2.00001e-01,1.16000e+00,
4.8558137e-01,-0.00000e+00,1.16000e+00,
4.8572785e-01,-0.00000e+00,1.16000e+00,
4.8587433e-01,-0.00000e+00,1.12000e+00,
4.8602080e-01,-0.00000e+00,1.12000e+00,
4.8616728e-01,2.00001e-01,1.16000e+00,
4.8631376e-01,-0.00000e+00,1.12000e+00,
4.8646024e-01,-0.00000e+00,1.12000e+00,
4.8660672e-01,-0.00000e+00,1.08000e+00,
4.8675320e-01,-0.00000e+00,1.16000e+00,
4.8689967e-01,-0.00000e+00,1.08000e+00,
4.8704615e-01,-0.00000e+00,1.12000e+00,
4.8719263e-01,2.00001e-01,1.12000e+00,
4.8733911e-01,-0.00000e+00,1.12000e+00,
4.8748559e-01,-0.00000e+00,1.12000e+00,
4.8763207e-01,-0.00000e+00,1.08000e+00,
4.8777854e-01,-0.00000e+00,1.08000e+00,
4.8792502e-01,2.00001e-01,1.08000e+00,
4.8807150e-01,2.00001e-01,1.08000e+00,
4.8821798e-01,2.00001e-01,1.08000e+00,
4.8836446e-01,-0.00000e+00,1.08000e+00,
4.8851094e-01,-0.00000e+00,1.08000e+00,
4.8865741e-01,-0.00000e+00,1.08000e+00,
4.8880389e-01,-0.00000e+00,1.08000e+00,
4.8895037e-01,-0.00000e+00,1.08000e+00,
4.8909685e-01,-0.00000e+00,1.08000e+00,
4.8924333e-01,-0.00000e+00,1.08000e+00,
4.8938981e-01,-0.00000e+00,1.08000e+00,
4.8953629e-01,2.00001e-01,1.08000e+00,
4.8968276e-01,-0.00000e+00,1.08000e+00,
4.8982924e-01,-0.00000e+00,1.08000e+00,
4.8997572e-01,-0.00000e+00,1.08000e+00,
4.9012220e-01,2.00001e-01,1.08000e+00,
4.9026868e-01,-0.00000e+00,1.08000e+00,
4.9041516e-01,-0.00000e+00,1.08000e+00,
4.9056163e-01,-0.00000e+00,1.08000e+00,
4.9070811e-01,-0.00000e+00,1.08000e+00,
4.9085459e-01,-0.00000e+00,1.08000e+00,
4.9100107e-01,-0.00000e+00,1.08000e+00,
4.9114755e-01,-0.00000e+00,1.08000e+00,
4.9129403e-01,2.00001e-01,1.08000e+00,
4.9144050e-01,2.00001e-01,1.08000e+00,
4.9158698e-01,-0.00000e+00,1.08000e+00,
4.9173346e-01,-0.00000e+00,1.08000e+00,
4.9187994e-01,-0.00000e+00,1.08000e+00,
4.9202642e-01,2.00001e-01,1.08000e+00,
4.9217290e-01,-0.00000e+00,1.08000e+00,
4.9231938e-01,2.00001e-01,1.04000e+00,
4.9246585e-01,-0.00000e+00,1.08000e+00,
4.9261233e-01,2.00001e-01,1.04000e+00,
4.9275881e-01,-0.00000e+00,1.04000e+00,
4.9290529e-01,-0.00000e+00,1.04000e+00,
4.9305177e-01,2.00001e-01,1.04000e+00,
4.9319825e-01,2.00001e-01,1.04000e+00,
4.9334472e-01,2.00001e-01,1.04000e+00,
4.9349120e-01,-0.00000e+00,1.04000e+00,
4.9363768e-01,-0.00000e+00,1.00000e+00,
4.9378416e-01,-0.00000e+00,1.04000e+00,
4.9393064e-01,-0.00000e+00,1.04000e+00,
4.9407712e-01,2.00001e-01,1.04000e+00,
4.9422359e-01,-0.00000e+00,1.04000e+00,
4.9437007e-01,-0.00000e+00,1.00000e+00,
4.9451655e-01,2.00001e-01,1.00000e+00,
4.9466303e-01,-0.00000e+00,1.04000e+00,
4.9480951e-01,-0.00000e+00,1.04000e+00,
4.9495599e-01,-0.00000e+00,1.04000e+00,
4.9510247e-01,-0.00000e+00,1.04000e+00,
4.9524894e-01,2.00001e-01,1.00000e+00,
4.9539542e-01,-0.00000e+00,1.00000e+00,
4.9554190e-01,-0.00000e+00,1.04000e+00,
4.9568838e-01,2.00001e-01,1.00000e+00,
4.9583486e-01,-0.00000e+00,1.00000e+00,
4.9598134e-01,-0.00000e+00,1.00000e+00,
4.9612781e-01,2.00001e-01,1.00000e+00,
4.9627429e-01,-0.00000e+00,1.00000e+00,
4.9642077e-01,-0.00000e+00,1.00000e+00,
4.9656725e-01,2.00001e-01,1.00000e+00,
4.9671373e-01,-0.00000e+00,1.00000e+00,
4.9686021e-01,-0.00000e+00,1.00000e+00,
4.9700668e-01,2.00001e-01,1.00000e+00,
4.9715316e-01,-0.00000e+00,1.04000e+00,
4.9729964e-01,-0.00000e+00,1.00000e+00,
4.9744612e-01,-0.00000e+00,1.00000e+00,
4.9759260e-01,-0.00000e+00,1.00000e+00,
4.9773908e-01,-0.00000e+00,1.00000e+00,
4.9788556e-01,-0.00000e+00,1.00000e+00,
4.9803203e-01,-0.00000e+00,1.00000e+00,
4.9817851e-01,2.00001e-01,9.60000e-01,
4.9832499e-01,-0.00000e+00,9.60000e-01,
4.9847147e-01,2.00001e-01,9.60000e-01,
4.9861795e-01,-0.00000e+00,1.00000e+00,
4.9876443e-01,2.00001e-01,9.60000e-01,
4.9891090e-01,-0.00000e+00,9.60000e-01,
4.9905738e-01,-0.00000e+00,9.20000e-01,
4.9920386e-01,-0.00000e+00,1.00000e+00,
4.9935034e-01,-0.00000e+00,1.00000e+00,
4.9949682e-01,-0.00000e+00,9.20000e-01,
4.9964330e-01,2.00001e-01,1.00000e+00,
4.9978977e-01,-0.00000e+00,9.20000e-01,
4.9993625e-01,-0.00000e+00,9.20000e-01,
5.0008273e-01,-0.00000e+00,9.60000e-01,
5.0022924e-01,-0.00000e+00,9.60000e-01,
5.0037575e-01,2.00001e-01,9.60000e-01,
5.0052226e-01,-0.00000e+00,9.60000e-01,
5.0066876e-01,-0.00000e+00,9.60000e-01,
5.0081527e-01,-0.00000e+00,9.20000e-01,
5.0096178e-01,-0.00000e+00,9.20000e-01,
5.0110829e-01,-0.00000e+00,9.20000e-01,
5.0125480e-01,-0.00000e+00,9.20000e-01,
5.0140131e-01,-0.00000e+00,9.20000e-01,
5.0154781e-01,-0.00000e+00,9.20000e-01,
5.0169432e-01,-0.00000e+00,9.60000e-01,
5.0184083e-01,-0.00000e+00,9.20000e-01,
5.0198734e-01,-0.00000e+00,9.20000e-01,
5.0213385e-01,2.00001e-01,9.20000e-01,
5.0228035e-01,-0.00000e+00,9.20000e-01,
5.0242686e-01,-0.00000e+00,9.20000e-01,
5.0257337e-01,-0.00000e+00,9.20000e-01,
5.0271988e-01,2.00001e-01,9.20000e-01,
5.0286639e-01,-0.00000e+00,9.20000e-01,
5.0301290e-01,2.00001e-01,9.20000e-01,
5.0315940e-01,-0.00000e+00,9.20000e-01,
5.0330591e-01,-0.00000e+00,9.20000e-01,
5.0345242e-01,2.00001e-01,9.20000e-01,
5.0359893e-01,-0.00000e+00,9.20000e-01,
5.0374544e-01,-0.00000e+00,9.20000e-01,
5.0389194e-01,-0.00000e+00,9.20000e-01,
5.0403845e-01,2.00001e-01,9.20000e-01,
5.0418496e-01,2.00001e-01,9.20000e-01,
5.0433147e-01,-0.00000e+00,9.20000e-01,
5.0447798e-01,2.00001e-01,9.20000e-01,
5.0462449e-01,-0.00000e+00,9.20000e-01,
5.0477099e-01,2.00001e-01,9.20000e-01,
5.0491750e-01,2.00001e-01,9.20000e-01,
5.0506401e-01,-0.00000e+00,9.20000e-01,
5.0521052e-01,-0.00000e+00,9.20000e-01,
5.0535703e-01,-0.00000e+00,9.20000e-01,
5.0550354e-01,-0.00000e+00,9.20000e-01,
5.0565004e-01,-0.00000e+00,9.20000e-01,
5.0579655e-01,-0.00000e+00,9.20000e-01,
5.0594306e-01,2.00001e-01,9.20000e-01,
5.0608957e-01,-0.00000e+00,9.20000e-01,
5.0623608e-01,-0.00000e+00,9.20000e-01,
5.0638258e-01,2.00001e-01,9.20000e-01,
5.0652909e-01,-0.00000e+00,9.20000e-01,
5.0667560e-01,-0.00000e+00,9.20000e-01,
5.0682211e-01,2.00001e-01,9.20000e-01,
5.0696862e-01,-0.00000e+00,9.20000e-01,
5.0711513e-01,-0.00000e+00,9.20000e-01,
5.0726163e-01,-0.00000e+00,9.20000e-01,
5.0740814e-01,-0.00000e+00,9.20000e-01,
5.0755465e-01,-0.00000e+00,9.20000e-01,
5.0770116e-01,-0.00000e+00,9.20000e-01,
5.0784767e-01,-0.00000e+00,9.20000e-01,
5.0799417e-01,2.00001e-01,9.20000e-01,
5.0814068e-01,-0.00000e+00,9.20000e-01,
5.0828719e-01,-0.00000e+00,9.20000e-01,
5.0843370e-01,-0.00000e+00,9.20000e-01,
5.0858021e-01,-0.00000e+00,9.20000e-01,
5.0872672e-01,-0.00000e+00,9.20000e-01,
5.0887322e-01,-0.00000e+00,8.80000e-01,
5.0901973e-01,-0.00000e+00,9.20000e-01,
5.0916624e-01,-0.00000e+00,9.20000e-01,
5.0931275e-01,-0.00000e+00,9.20000e-01,
5.0945926e-01,-0.00000e+00,8.80000e-01,
5.0960577e-01,-0.00000e+00,9.20000e-01,
5.0975227e-01,-0.00000e+00,9.20000e-01,
5.0989878e-01,2.00001e-01,9.20000e-01,
5.1004529e-01,-0.00000e+00,9.20000e-01,
5.1019180e-01,-0.00000e+00,8.80000e-01,
5.1033831e-01,-0.00000e+00,8.80000e-01,
5.1048481e-01,-0.00000e+00,9.20000e-01,
5.1063132e-01,-0.00000e+00,8.80000e-01,
5.1077783e-01,-0.00000e+00,9.20000e-01,
5.1092434e-01,-0.00000e+00,9.20000e-01,
5.1107085e-01,-0.00000e+00,9.20000e-01,
5.1121736e-01,-0.00000e+00,9.20000e-01,
5.1136386e-01,-0.00000e+00,9.20000e-01,
5.1151037e-01,-0.00000e+00,9.20000e-01,
5.1165688e-01,-0.00000e+00,8.80000e-01,
5.1180339e-01,-0.00000e+00,8.80000e-01,
5.1194990e-01,-0.00000e+00,9.20000e-01,
5.1209641e-01,2.00001e-01,9.20000e-01,
5.1224291e-01,-0.00000e+00,8.80000e-01,
5.1238942e-01,-0.00000e+00,8.80000e-01,
5.1253593e-01,-0.00000e+00,9.20000e-01,
5.1268244e-01,-0.00000e+00,9.20000e-01,
5.1282895e-01,-0.00000e+00,8.80000e-01,
5.1297545e-01,2.00001e-01,8.80000e-01,
5.1312196e-01,-0.00000e+00,8.80000e-01,
5.1326847e-01,-0.00000e+00,9.20000e-01,
5.1341498e-01,2.00001e-01,8.80000e-01,
5.1356149e-01,2.00001e-01,8.80000e-01,
5.1370800e-01,-0.00000e+00,9.20000e-01,
5.1385450e-01,-0.00000e+00,8.80000e-01,
5.1400101e-01,-0.00000e+00,9.20000e-01,
5.1414752e-01,2.00001e-01,8.80000e-01,
5.1429403e-01,-0.00000e+00,8.80000e-01,
5.1444054e-01,2.00001e-01,9.20000e-01,
5.1458704e-01,-0.00000e+00,9.20000e-01,
5.1473355e-01,-0.00000e+00,9.20000e-01,
5.1488006e-01,-0.00000e+00,8.80000e-01,
5.1502657e-01,-0.00000e+00,8.80000e-01,
5.1517308e-01,-0.00000e+00,8.80000e-01,
5.1531959e-01,-0.00000e+00,9.20000e-01,
5.1546609e-01,2.00001e-01,8.40000e-01,
5.1561260e-01,-0.00000e+00,8.80000e-01,
5.1575911e-01,-0.00000e+00,8.80000e-01,
5.1590562e-01,2.00001e-01,8.80000e-01,
5.1605213e-01,-0.00000e+00,8.40000e-01,
5.1619864e-01,2.00001e-01,8.80000e-01,
5.1634514e-01,-0.00000e+00,8.80000e-01,
5.1649165e-01,-0.00000e+00,8.80000e-01,
5.1663816e-01,2.00001e-01,8.80000e-01,
5.1678467e-01,-0.00000e+00,8.80000e-01,
5.1693118e-01,-0.00000e+00,8.80000e-01,
5.1707768e-01,2.00001e-01,9.20000e-01,
5.1722419e-01,-0.00000e+00,8.80000e-01,
5.1737070e-01,-0.00000e+00,8.80000e-01,
5.1751721e-01,-0.00000e+00,8.80000e-01,
5.1766372e-01,-0.00000e+00,8.80000e-01,
5.1781023e-01,-0.00000e+00,8.80000e-01,
5.1795673e-01,2.00001e-01,8.80000e-01,
5.1810324e-01,-0.00000e+00,8.80000e-01,
5.1824975e-01,2.00001e-01,8.80000e-01,
5.1839626e-01,2.00001e-01,8.80000e-01,
5.1854277e-01,2.00001e-01,8.80000e-01,
5.1868927e-01,2.00001e-01,8.80000e-01,
5.1883578e-01,-0.00000e+00,8.80000e-01,
5.1898229e-01,-0.00000e+00,8.80000e-01,
5.1912880e-01,-0.00000e+00,8.80000e-01,
5.1927531e-01,-0.00000e+00,8.80000e-01,
5.1942182e-01,2.00001e-01,8.80000e-01,
5.1956832e-01,2.00001e-01,8.40000e-01,
5.1971483e-01,-0.00000e+00,8.80000e-01,
5.1986134e-01,-0.00000e+00,8.80000e-01,
5.2000785e-01,2.00001e-01,8.80000e-01,
5.2015436e-01,2.00001e-01,8.80000e-01,
5.2030087e-01,-0.00000e+00,8.80000e-01,
5.2044737e-01,-0.00000e+00,8.40000e-01,
5.2059388e-01,2.00001e-01,8.80000e-01,
5.2074039e-01,-0.00000e+00,8.80000e-01,
5.2088690e-01,2.00001e-01,8.80000e-01,
5.2103341e-01,2.00001e-01,8.80000e-01,
5.2117991e-01,-0.00000e+00,8.80000e-01,
5.2132642e-01,-0.00000e+00,8.80000e-01,
5.2147293e-01,-0.00000e+00,8.80000e-01,
5.2161944e-01,-0.00000e+00,8.80000e-01,
5.2176595e-01,-0.00000e+00,8.80000e-01,
5.2191246e-01,2.00001e-01,8.80000e-01,
5.2205896e-01,-0.00000e+00,8.80000e-01,
5.2220547e-01,2.00001e-01,8.80000e-01,
5.2235198e-01,-0.00000e+00,8.80000e-01,
5.2249849e-01,2.00001e-01,8.80000e-01,
5.2264500e-01,-0.00000e+00,8.80000e-01,
5.2279150e-01,-0.00000e+00,8.80000e-01,
5.2293801e-01,-0.00000e+00,8.80000e-01,
5.2308452e-01,2.00001e-01,8.80000e-01,
5.2323103e-01,-0.00000e+00,8.80000e-01,
5.2337754e-01,-0.00000e+00,8.80000e-01,
5.2352405e-01,-0.00000e+00,8.80000e-01,
5.2367055e-01,-0.00000e+00,8.40000e-01,
5.2381706e-01,2.00001e-01,8.80000e-01,
5.2396357e-01,-0.00000e+00,8.40000e-01,
5.2411008e-01,-0.00000e+00,8.40000e-01,
5.2425659e-01,-0.00000e+00,8.80000e-01,
5.2440310e-01,-0.00000e+00,8.80000e-01,
5.2454960e-01,-0.00000e+00,8.40000e-01,
5.2469611e-01,-0.00000e+00,8.80000e-01,
5.2484262e-01,-0.00000e+00,8.80000e-01,
5.2498913e-01,-0.00000e+00,8.80000e-01,
5.2513564e-01,2.00001e-01,8.80000e-01,
5.2528214e-01,2.00001e-01,8.80000e-01,
5.2542865e-01,-0.00000e+00,8.80000e-01,
5.2557516e-01,-0.00000e+00,8.80000e-01,
5.2572167e-01,-0.00000e+00,8.80000e-01,
5.2586818e-01,-0.00000e+00,8.80000e-01,
5.2601469e-01,2.00001e-01,8.80000e-01,
5.2616119e-01,2.00001e-01,8.40000e-01,
5.2630770e-01,2.00001e-01,8.80000e-01,
5.2645421e-01,-0.00000e+00,8.80000e-01,
5.2660072e-01,2.00001e-01,8.80000e-01,
5.2674723e-01,-0.00000e+00,8.80000e-01,
5.2689373e-01,2.00001e-01,8.40000e-01,
5.2704024e-01,-0.00000e+00,8.80000e-01,
5.2718675e-01,2.00001e-01,8.80000e-01,
5.2733326e-01,2.00001e-01,8.80000e-01,
5.2747977e-01,-0.00000e+00,8.80000e-01,
5.2762628e-01,2.00001e-01,8.80000e-01,
5.2777278e-01,-0.00000e+00,8.80000e-01,
5.2791929e-01,2.00001e-01,8.80000e-01,
5.2806580e-01,-0.00000e+00,8.40000e-01,
5.2821231e-01,-0.00000e+00,8.80000e-01,
5.2835882e-01,-0.00000e+00,8.80000e-01,
5.2850533e-01,-0.00000e+00,8.80000e-01,
5.2865183e-01,2.00001e-01,8.80000e-01,
5.2879834e-01,-0.00000e+00,8.40000e-01,
5.2894485e-01,2.00001e-01,8.80000e-01,
5.2909136e-01,-0.00000e+00,8.80000e-01,
5.2923787e-01,2.00001e-01,8.80000e-01,
5.2938437e-01,2.00001e-01,8.80000e-01,
5.2953088e-01,2.00001e-01,8.80000e-01,
5.2967739e-01,-0.00000e+00,8.80000e-01,
5.2982390e-01,2.00001e-01,8.80000e-01,
5.2997041e-01,-0.00000e+00,8.80000e-01,
5.3011692e-01,2.00001e-01,8.40000e-01,
5.3026342e-01,2.00001e-01,8.80000e-01,
5.3040993e-01,-0.00000e+00,8.80000e-01,
5.3055644e-01,-0.00000e+00,8.80000e-01,
5.3070295e-01,-0.00000e+00,8.80000e-01,
5.3084946e-01,2.00001e-01,8.80000e-01,
5.3099597e-01,-0.00000e+00,9.20000e-01,
5.3114247e-01,-0.00000e+00,8.80000e-01,
5.3128898e-01,2.00001e-01,8.80000e-01,
5.3143549e-01,-0.00000e+00,9.20000e-01,
5.3158200e-01,-0.00000e+00,8.80000e-01,
5.3172851e-01,-0.00000e+00,8.80000e-01,
5.3187501e-01,-0.00000e+00,8.80000e-01,
5.3202152e-01,2.00001e-01,8.80000e-01,
5.3216803e-01,-0.00000e+00,8.80000e-01,
5.3231454e-01,2.00001e-01,8.80000e-01,
5.3246105e-01,2.00001e-01,8.80000e-01,
5.3260756e-01,-0.00000e+00,8.80000e-01,
5.3275406e-01,-0.00000e+00,9.20000e-01,
5.3290057e-01,-0.00000e+00,8.80000e-01,
5.3304708e-01,2.00001e-01,8.80000e-01,
5.3319359e-01,2.00001e-01,8.80000e-01,
5.3334010e-01,-0.00000e+00,8.80000e-01,
5.3348660e-01,-0.00000e+00,8.80000e-01,
5.3363311e-01,-0.00000e+00,8.80000e-01,
5.3377962e-01,-0.00000e+00,8.80000e-01,
5.3392613e-01,2.00001e-01,9.20000e-01,
5.3407264e-01,-0.00000e+00,8.80000e-01,
5.3421915e-01,2.00001e-01,8.40000e-01,
5.3436565e-01,-0.00000e+00,8.80000e-01,
5.3451216e-01,2.00001e-01,9.20000e-01,
5.3465867e-01,2.00001e-01,8.80000e-01,
5.3480518e-01,-0.00000e+00,8.80000e-01,
5.3495169e-01,2.00001e-01,9.20000e-01,
5.3509820e-01,-0.00000e+00,9.20000e-01,
5.3524470e-01,-0.00000e+00,8.80000e-01,
5.3539121e-01,-0.00000e+00,9.20000e-01,
5.3553772e-01,2.00001e-01,9.20000e-01,
5.3568423e-01,2.00001e-01,9.20000e-01,
5.3583074e-01,-0.00000e+00,8.80000e-01,
5.3597724e-01,-0.00000e+00,9.20000e-01,
5.3612375e-01,-0.00000e+00,8.80000e-01,
5.3627026e-01,-0.00000e+00,9.20000e-01,
5.3641677e-01,-0.00000e+00,8.80000e-01,
5.3656328e-01,2.00001e-01,8.80000e-01,
5.3670979e-01,2.00001e-01,9.20000e-01,
5.3685629e-01,-0.00000e+00,9.20000e-01,
5.3700280e-01,-0.00000e+00,8.80000e-01,
5.3714931e-01,-0.00000e+00,8.80000e-01,
5.3729582e-01,-0.00000e+00,9.20000e-01,
5.3744233e-01,-0.00000e+00,9.20000e-01,
5.3758883e-01,-0.00000e+00,8.80000e-01,
5.3773534e-01,-0.00000e+00,8.80000e-01,
5.3788185e-01,2.00001e-01,8.80000e-01,
5.3802836e-01,-0.00000e+00,9.20000e-01,
5.3817487e-01,-0.00000e+00,9.20000e-01,
5.3832138e-01,-0.00000e+00,8.80000e-01,
5.3846788e-01,-0.00000e+00,9.20000e-01,
5.3861439e-01,2.00001e-01,9.20000e-01,
5.3876090e-01,-0.00000e+00,9.20000e-01,
5.3890741e-01,2.00001e-01,9.20000e-01,
5.3905392e-01,-0.00000e+00,8.80000e-01,
5.3920043e-01,-0.00000e+00,8.80000e-01,
5.3934693e-01,-0.00000e+00,9.20000e-01,
5.3949344e-01,-0.00000e+00,9.20000e-01,
5.3963995e-01,-0.00000e+00,9.20000e-01,
5.3978646e-01,-0.00000e+00,9.20000e-01,
5.3993297e-01,-0.00000e+00,9.20000e-01,
5.4007947e-01,-0.00000e+00,9.20000e-01,
5.4022598e-01,-0.00000e+00,9.20000e-01,
5.4037249e-01,-0.00000e+00,9.20000e-01,
5.4051900e-01,2.00001e-01,9.20000e-01,
5.4066551e-01,-0.00000e+00,9.20000e-01,
5.4081202e-01,-0.00000e+00,9.20000e-01,
5.4095852e-01,-0.00000e+00,9.20000e-01,
5.4110503e-01,-0.00000e+00,9.20000e-01,
5.4125154e-01,-0.00000e+00,9.20000e-01,
5.4139805e-01,-0.00000e+00,9.20000e-01,
5.4154456e-01,2.00001e-01,8.80000e-01,
5.4169106e-01,-0.00000e+00,9.20000e-01,
5.4183757e-01,-0.00000e+00,9.20000e-01,
5.4198408e-01,-0.00000e+00,9.20000e-01,
5.4213059e-01,-0.00000e+00,9.20000e-01,
5.4227710e-01,2.00001e-01,9.20000e-01,
5.4242361e-01,-0.00000e+00,9.20000e-01,
5.4257011e-01,2.00001e-01,9.20000e-01,
5.4271662e-01,2.00001e-01,9.20000e-01,
5.4286313e-01,-0.00000e+00,9.20000e-01,
5.4300964e-01,-0.00000e+00,9.20000e-01,
5.4315615e-01,-0.00000e+00,9.20000e-01,
5.4330266e-01,-0.00000e+00,9.20000e-01,
5.4344916e-01,-0.00000e+00,9.20000e-01,
5.4359567e-01,-0.00000e+00,9.20000e-01,
5.4374218e-01,2.00001e-01,9.20000e-01,
5.4388869e-01,2.00001e-01,9.20000e-01,
5.4403520e-01,-0.00000e+00,9.20000e-01,
5.4418170e-01,-0.00000e+00,9.20000e-01,
5.4432821e-01,-0.00000e+00,9.20000e-01,
5.4447472e-01,-0.00000e+00,9.20000e-01,
5.4462123e-01,2.00001e-01,9.20000e-01,
5.4476774e-01,-0.00000e+00,9.20000e-01,
5.4491425e-01,-0.00000e+00,9.20000e-01,
5.4506075e-01,-0.00000e+00,9.20000e-01,
5.4520726e-01,-0.00000e+00,9.20000e-01,
5.4535377e-01,2.00001e-01,9.20000e-01,
5.4550028e-01,-0.00000e+00,9.20000e-01,
5.4564679e-01,-0.00000e+00,9.20000e-01,
5.4579329e-01,2.00001e-01,9.20000e-01,
5.4593980e-01,-0.00000e+00,9.20000e-01,
5.4608631e-01,-0.00000e+00,9.20000e-01,
5.4623282e-01,-0.00000e+00,9.20000e-01,
5.4637933e-01,2.00001e-01,9.20000e-01,
5.4652584e-01,-0.00000e+00,9.20000e-01,
5.4667234e-01,-0.00000e+00,9.20000e-01,
5.4681885e-01,2.00001e-01,9.20000e-01,
5.4696536e-01,-0.00000e+00,9.20000e-01,
5.4711187e-01,2.00001e-01,9.20000e-01,
5.4725838e-01,-0.00000e+00,9.20000e-01,
5.4740489e-01,2.00001e-01,9.20000e-01,
5.4755139e-01,2.00001e-01,9.20000e-01,
5.4769790e-01,-0.00000e+00,9.20000e-01,
5.4784441e-01,-0.00000e+00,9.20000e-01,
5.4799092e-01,2.00001e-01,9.20000e-01,
5.4813743e-01,2.00001e-01,9.20000e-01,
5.4828393e-01,-0.00000e+00,9.20000e-01,
5.4843044e-01,2.00001e-01,9.20000e-01,
5.4857695e-01,-0.00000e+00,9.20000e-01,
5.4872346e-01,-0.00000e+00,9.20000e-01,
5.4886997e-01,-0.00000e+00,9.20000e-01,
5.4901648e-01,-0.00000e+00,9.20000e-01,
5.4916298e-01,-0.00000e+00,9.20000e-01,
5.4930949e-01,-0.00000e+00,9.20000e-01,
5.4945600e-01,-0.00000e+00,9.20000e-01,
5.4960251e-01,-0.00000e+00,9.20000e-01,
5.4974902e-01,-0.00000e+00,9.20000e-01,
5.4989552e-01,-0.00000e+00,9.20000e-01,
5.5004203e-01,-0.00000e+00,9.20000e-01,
5.5018854e-01,2.00001e-01,9.20000e-01,
5.5033505e-01,-0.00000e+00,9.20000e-01,
5.5048156e-01,2.00001e-01,9.20000e-01,
5.5062807e-01,2.00001e-01,9.20000e-01,
5.5077457e-01,2.00001e-01,9.20000e-01,
5.5092108e-01,5.00000e+00,9.20000e-01,
5.5106759e-01,2.00001e-01,9.20000e-01,
5.5121410e-01,2.00001e-01,9.20000e-01,
5.5136061e-01,-0.00000e+00,9.20000e-01,
5.5150712e-01,-0.00000e+00,9.20000e-01,
5.5165362e-01,2.00001e-01,9.20000e-01,
5.5180013e-01,2.00001e-01,9.60000e-01,
5.5194664e-01,2.00001e-01,9.20000e-01,
5.5209315e-01,2.00001e-01,9.20000e-01,
5.5223966e-01,2.00001e-01,9.20000e-01,
5.5238616e-01,-0.00000e+00,9.20000e-01,
5.5253267e-01,-0.00000e+00,9.20000e-01,
5.5267918e-01,2.00001e-01,1.00000e+00,
5.5282569e-01,2.00001e-01,9.60000e-01,
5.5297220e-01,-0.00000e+00,9.20000e-01,
5.5311871e-01,2.00001e-01,9.20000e-01,
5.5326521e-01,-0.00000e+00,9.60000e-01,
5.5341172e-01,2.00001e-01,9.20000e-01,
5.5355823e-01,2.00001e-01,9.20000e-01,
5.5370474e-01,-0.00000e+00,9.20000e-01,
5.5385125e-01,-0.00000e+00,9.20000e-01,
5.5399776e-01,-0.00000e+00,9.20000e-01,
5.5414426e-01,-0.00000e+00,9.60000e-01,
5.5429077e-01,2.00001e-01,9.60000e-01,
5.5443728e-01,-0.00000e+00,1.00000e+00,
5.5458379e-01,-0.00000e+00,9.60000e-01,
5.5473030e-01,-0.00000e+00,1.00000e+00,
5.5487680e-01,2.00001e-01,9.20000e-01,
5.5502331e-01,-0.00000e+00,9.20000e-01,
5.5516982e-01,-0.00000e+00,9.20000e-01,
5.5531633e-01,-0.00000e+00,9.20000e-01,
5.5546284e-01,-0.00000e+00,9.60000e-01,
5.5560935e-01,-0.00000e+00,9.20000e-01,
5.5575585e-01,-0.00000e+00,9.60000e-01,
5.5590236e-01,-0.00000e+00,9.60000e-01,
5.5604887e-01,-0.00000e+00,9.20000e-01,
5.5619538e-01,-0.00000e+00,9.60000e-01,
5.5634189e-01,-0.00000e+00,9.60000e-01,
5.5648839e-01,-0.00000e+00,9.60000e-01,
5.5663490e-01,-0.00000e+00,9.60000e-01,
5.5678141e-01,-0.00000e+00,1.00000e+00,
5.5692792e-01,-0.00000e+00,1.00000e+00,
5.5707443e-01,-0.00000e+00,1.00000e+00,
5.5722094e-01,-0.00000e+00,9.60000e-01,
5.5736744e-01,-0.00000e+00,9.20000e-01,
5.5751395e-01,-0.00000e+00,9.60000e-01,
5.5766046e-01,-0.00000e+00,1.00000e+00,
5.5780697e-01,-0.00000e+00,9.60000e-01,
5.5795348e-01,-0.00000e+00,9.60000e-01,
5.5809999e-01,-0.00000e+00,1.00000e+00,
5.5824649e-01,-0.00000e+00,1.00000e+00,
5.5839300e-01,-0.00000e+00,1.00000e+00,
5.5853951e-01,-0.00000e+00,1.00000e+00,
5.5868602e-01,-0.00000e+00,1.00000e+00,
5.5883253e-01,-0.00000e+00,1.00000e+00,
5.5897903e-01,-0.00000e+00,1.00000e+00,
5.5912554e-01,-0.00000e+00,1.00000e+00,
5.5927205e-01,-0.00000e+00,1.00000e+00,
5.5941856e-01,-0.00000e+00,1.00000e+00,
5.5956507e-01,-0.00000e+00,9.20000e-01,
5.5971158e-01,-0.00000e+00,9.60000e-01,
5.5985808e-01,-0.00000e+00,1.00000e+00,
5.6000459e-01,-0.00000e+00,1.00000e+00,
5.6015110e-01,-0.00000e+00,9.60000e-01,
5.6029761e-01,2.00001e-01,1.00000e+00,
5.6044412e-01,-0.00000e+00,1.00000e+00,
5.6059062e-01,-0.00000e+00,1.00000e+00,
5.6073713e-01,2.00001e-01,1.00000e+00,
5.6088364e-01,-0.00000e+00,1.00000e+00,
5.6103015e-01,-0.00000e+00,1.00000e+00,
5.6117666e-01,-0.00000e+00,1.00000e+00,
5.6132317e-01,2.00001e-01,1.00000e+00,
5.6146967e-01,2.00001e-01,1.00000e+00,
5.6161618e-01,-0.00000e+00,1.04000e+00,
5.6176269e-01,-0.00000e+00,1.00000e+00,
5.6190920e-01,-0.00000e+00,1.00000e+00,
5.6205571e-01,-0.00000e+00,1.00000e+00,
5.6220222e-01,-0.00000e+00,1.00000e+00,
5.6234872e-01,-0.00000e+00,1.04000e+00,
5.6249523e-01,-0.00000e+00,1.00000e+00,
5.6264174e-01,-0.00000e+00,1.00000e+00,
5.6278825e-01,-0.00000e+00,1.04000e+00,
5.6293476e-01,-0.00000e+00,1.04000e+00,
5.6308126e-01,-0.00000e+00,1.04000e+00,
5.6322777e-01,-0.00000e+00,1.00000e+00,
5.6337428e-01,-0.00000e+00,1.00000e+00,
5.6352079e-01,-0.00000e+00,1.04000e+00,
5.6366730e-01,-0.00000e+00,1.00000e+00,
5.6381381e-01,2.00001e-01,1.00000e+00,
5.6396031e-01,-0.00000e+00,1.04000e+00,
5.6410682e-01,-0.00000e+00,1.04000e+00,
5.6425333e-01,-0.00000e+00,1.04000e+00,
5.6439984e-01,-0.00000e+00,1.04000e+00,
5.6454635e-01,-0.00000e+00,1.04000e+00,
5.6469285e-01,-0.00000e+00,1.04000e+00,
5.6483936e-01,2.00001e-01,1.04000e+00,
5.6498587e-01,2.00001e-01,1.04000e+00,
5.6513238e-01,2.00001e-01,1.04000e+00,
5.6527889e-01,-0.00000e+00,1.04000e+00,
5.6542540e-01,2.00001e-01,1.04000e+00,
5.6557190e-01,-0.00000e+00,1.08000e+00,
5.6571841e-01,-0.00000e+00,1.04000e+00,
5.6586492e-01,2.00001e-01,1.04000e+00,
5.6601143e-01,-0.00000e+00,1.04000e+00,
5.6615794e-01,2.00001e-01,1.04000e+00,
5.6630445e-01,-0.00000e+00,1.04000e+00,
5.6645095e-01,-0.00000e+00,1.04000e+00,
5.6659746e-01,2.00001e-01,1.04000e+00,
5.6674397e-01,-0.00000e+00,1.04000e+00,
5.6689048e-01,2.00001e-01,1.04000e+00,
5.6703699e-01,2.00001e-01,1.08000e+00,
5.6718349e-01,2.00001e-01,1.08000e+00,
5.6733000e-01,-0.00000e+00,1.04000e+00,
5.6747651e-01,2.00001e-01,1.04000e+00,
5.6762302e-01,2.00001e-01,1.04000e+00,
5.6776953e-01,-0.00000e+00,1.04000e+00,
5.6791604e-01,-0.00000e+00,1.04000e+00,
5.6806254e-01,-0.00000e+00,1.04000e+00,
5.6820905e-01,-0.00000e+00,1.04000e+00,
5.6835556e-01,-0.00000e+00,1.08000e+00,
5.6850207e-01,2.00001e-01,1.04000e+00,
5.6864858e-01,-0.00000e+00,1.08000e+00,
5.6879508e-01,-0.00000e+00,1.08000e+00,
5.6894159e-01,2.00001e-01,1.08000e+00,
5.6908810e-01,-0.00000e+00,1.04000e+00,
5.6923461e-01,-0.00000e+00,1.04000e+00,
5.6938112e-01,-0.00000e+00,1.08000e+00,
5.6952763e-01,2.00001e-01,1.08000e+00,
5.6967413e-01,-0.00000e+00,1.08000e+00,
5.6982064e-01,-0.00000e+00,1.08000e+00,
5.6996715e-01,-0.00000e+00,1.04000e+00,
5.7011366e-01,-0.00000e+00,1.08000e+00,
5.7026017e-01,-0.00000e+00,1.08000e+00,
5.7040668e-01,-0.00000e+00,1.08000e+00,
5.7055318e-01,-0.00000e+00,1.08000e+00,
5.7069969e-01,-0.00000e+00,1.08000e+00,
5.7084620e-01,-0.00000e+00,1.08000e+00,
5.7099271e-01,-0.00000e+00,1.08000e+00,
5.7113922e-01,-0.00000e+00,1.08000e+00,
5.7128572e-01,-0.00000e+00,1.04000e+00,
5.7143223e-01,2.00001e-01,1.04000e+00,
5.7157874e-01,-0.00000e+00,1.08000e+00,
5.7172525e-01,2.00001e-01,1.08000e+00,
5.7187176e-01,-0.00000e+00,1.08000e+00,
5.7201827e-01,-0.00000e+00,1.08000e+00,
5.7216477e-01,2.00001e-01,1.08000e+00,
5.7231128e-01,-0.00000e+00,1.08000e+00,
5.7245779e-01,2.00001e-01,1.08000e+00,
5.7260430e-01,-0.00000e+00,1.08000e+00,
5.7275081e-01,-0.00000e+00,1.08000e+00,
5.7289732e-01,-0.00000e+00,1.08000e+00,
5.7304382e-01,-0.00000e+00,1.08000e+00,
5.7319033e-01,-0.00000e+00,1.08000e+00,
5.7333684e-01,-0.00000e+00,1.08000e+00,
5.7348335e-01,-0.00000e+00,1.08000e+00,
5.7362986e-01,-0.00000e+00,1.08000e+00,
5.7377636e-01,-0.00000e+00,1.08000e+00,
5.7392287e-01,-0.00000e+00,1.08000e+00,
5.7406938e-01,-0.00000e+00,1.08000e+00,
5.7421589e-01,-0.00000e+00,1.08000e+00,
5.7436240e-01,-0.00000e+00,1.08000e+00,
5.7450891e-01,-0.00000e+00,1.08000e+00,
5.7465541e-01,-0.00000e+00,1.08000e+00,
5.7480192e-01,-0.00000e+00,1.08000e+00,
5.7494843e-01,-0.00000e+00,1.08000e+00,
5.7509494e-01,-0.00000e+00,1.08000e+00,
5.7524145e-01,-0.00000e+00,1.08000e+00,
5.7538795e-01,-0.00000e+00,1.08000e+00,
5.7553446e-01,2.00001e-01,1.08000e+00,
5.7568097e-01,-0.00000e+00,1.08000e+00,
5.7582748e-01,-0.00000e+00,1.08000e+00,
5.7597399e-01,-0.00000e+00,1.08000e+00,
5.7612050e-01,-0.00000e+00,1.08000e+00,
5.7626700e-01,-0.00000e+00,1.08000e+00,
5.7641351e-01,-0.00000e+00,1.08000e+00,
5.7656002e-01,2.00001e-01,1.08000e+00,
5.7670653e-01,-0.00000e+00,1.08000e+00,
5.7685304e-01,-0.00000e+00,1.08000e+00,
5.7699955e-01,2.00001e-01,1.08000e+00,
5.7714605e-01,-0.00000e+00,1.08000e+00,
5.7729256e-01,-0.00000e+00,1.08000e+00,
5.7743907e-01,-0.00000e+00,1.12000e+00,
5.7758558e-01,-0.00000e+00,1.08000e+00,
5.7773209e-01,2.00001e-01,1.08000e+00,
5.7787859e-01,-0.00000e+00,1.08000e+00,
5.7802510e-01,-0.00000e+00,1.08000e+00,
5.7817161e-01,-0.00000e+00,1.08000e+00,
5.7831812e-01,2.00001e-01,1.08000e+00,
5.7846463e-01,5.20000e+00,1.08000e+00,
5.7861114e-01,-0.00000e+00,1.12000e+00,
5.7875764e-01,-0.00000e+00,1.08000e+00,
5.7890415e-01,-0.00000e+00,1.12000e+00,
5.7905066e-01,-0.00000e+00,1.12000e+00,
5.7919717e-01,-0.00000e+00,1.12000e+00,
5.7934368e-01,2.00001e-01,1.08000e+00,
5.7949018e-01,-0.00000e+00,1.12000e+00,
5.7963669e-01,-0.00000e+00,1.12000e+00,
5.7978320e-01,-0.00000e+00,1.12000e+00,
5.7992971e-01,-0.00000e+00,1.16000e+00,
5.8007622e-01,-0.00000e+00,1.12000e+00,
5.8022273e-01,2.00001e-01,1.12000e+00,
5.8036923e-01,-0.00000e+00,1.12000e+00,
5.8051574e-01,-0.00000e+00,1.12000e+00,
5.8066225e-01,-0.00000e+00,1.16000e+00,
5.8080876e-01,-0.00000e+00,1.12000e+00,
5.8095527e-01,-0.00000e+00,1.12000e+00,
5.8110178e-01,-0.00000e+00,1.16000e+00,
5.8124828e-01,-0.00000e+00,1.16000e+00,
5.8139479e-01,-0.00000e+00,1.16000e+00,
5.8154130e-01,-0.00000e+00,1.16000e+00,
5.8168781e-01,-0.00000e+00,1.12000e+00,
5.8183432e-01,-0.00000e+00,1.16000e+00,
5.8198082e-01,2.00001e-01,1.12000e+00,
5.8212733e-01,-0.00000e+00,1.16000e+00,
5.8227384e-01,-0.00000e+00,1.16000e+00,
5.8242035e-01,-0.00000e+00,1.16000e+00,
5.8256686e-01,-0.00000e+00,1.16000e+00,
5.8271337e-01,-0.00000e+00,1.12000e+00,
5.8285987e-01,-0.00000e+00,1.16000e+00,
5.8300638e-01,-0.00000e+00,1.16000e+00,
5.8315289e-01,-0.00000e+00,1.16000e+00,
5.8329940e-01,-0.00000e+00,1.16000e+00,
5.8344591e-01,-0.00000e+00,1.16000e+00,
5.8359241e-01,-0.00000e+00,1.16000e+00,
5.8373892e-01,-0.00000e+00,1.16000e+00,
5.8388543e-01,-0.00000e+00,1.16000e+00,
5.8403194e-01,-0.00000e+00,1.16000e+00,
5.8417845e-01,-0.00000e+00,1.16000e+00,
5.8432496e-01,2.00001e-01,1.16000e+00,
5.8447146e-01,-0.00000e+00,1.16000e+00,
5.8461797e-01,-0.00000e+00,1.16000e+00,
5.8476448e-01,-0.00000e+00,1.16000e+00,
5.8491099e-01,-0.00000e+00,1.20000e+00,
5.8505750e-01,-0.00000e+00,1.16000e+00,
5.8520401e-01,-0.00000e+00,1.16000e+00,
5.8535051e-01,-0.00000e+00,1.16000e+00,
5.8549702e-01,2.00001e-01,1.20000e+00,
5.8564353e-01,-0.00000e+00,1.20000e+00,
5.8579004e-01,2.00001e-01,1.20000e+00,
5.8593655e-01,-0.00000e+00,1.16000e+00,
5.8608305e-01,-0.00000e+00,1.16000e+00,
5.8622956e-01,2.00001e-01,1.16000e+00,
5.8637607e-01,-0.00000e+00,1.16000e+00,
5.8652258e-01,-0.00000e+00,1.16000e+00,
5.8666909e-01,-0.00000e+00,1.16000e+00,
5.8681560e-01,-0.00000e+00,1.20000e+00,
5.8696210e-01,-0.00000e+00,1.16000e+00,
5.8710861e-01,-0.00000e+00,1.20000e+00,
5.8725512e-01,-0.00000e+00,1.16000e+00,
5.8740163e-01,2.00001e-01,1.20000e+00,
5.8754814e-01,-0.00000e+00,1.20000e+00,
5.8769464e-01,-0.00000e+00,1.20000e+00,
5.8784115e-01,-0.00000e+00,1.20000e+00,
5.8798766e-01,2.00001e-01,1.20000e+00,
5.8813417e-01,-0.00000e+00,1.20000e+00,
5.8828068e-01,-0.00000e+00,1.20000e+00,
5.8842719e-01,-0.00000e+00,1.20000e+00,
5.8857369e-01,5.00000e+00,1.24000e+00,
5.8872020e-01,2.00001e-01,1.20000e+00,
5.8886671e-01,2.00001e-01,1.20000e+00,
5.8901322e-01,-0.00000e+00,1.20000e+00,
5.8915973e-01,-0.00000e+00,1.20000e+00,
5.8930624e-01,-0.00000e+00,1.20000e+00,
5.8945274e-01,-0.00000e+00,1.16000e+00,
5.8959925e-01,2.00001e-01,1.20000e+00,
5.8974576e-01,-0.00000e+00,1.20000e+00,
5.8989227e-01,2.00001e-01,1.20000e+00,
5.9003878e-01,-0.00000e+00,1.20000e+00,
5.9018528e-01,-0.00000e+00,1.20000e+00,
5.9033179e-01,-0.00000e+00,1.20000e+00,
5.9047830e-01,2.00001e-01,1.20000e+00,
5.9062481e-01,2.00001e-01,1.20000e+00,
5.9077132e-01,2.00001e-01,1.24000e+00,
5.9091783e-01,-0.00000e+00,1.24000e+00,
5.9106433e-01,2.00001e-01,1.20000e+00,
5.9121084e-01,2.00001e-01,1.20000e+00,
5.9135735e-01,2.00001e-01,1.20000e+00,
5.9150386e-01,-0.00000e+00,1.24000e+00,
5.9165037e-01,-0.00000e+00,1.24000e+00,
5.9179688e-01,-0.00000e+00,1.20000e+00,
5.9194338e-01,-0.00000e+00,1.24000e+00,
5.9208989e-01,-0.00000e+00,1.24000e+00,
5.9223640e-01,-0.00000e+00,1.24000e+00,
5.9238291e-01,-0.00000e+00,1.20000e+00,
5.9252942e-01,-0.00000e+00,1.20000e+00,
5.9267592e-01,-0.00000e+00,1.24000e+00,
5.9282243e-01,2.00001e-01,1.24000e+00,
5.9296894e-01,-0.00000e+00,1.24000e+00,
5.9311545e-01,-0.00000e+00,1.24000e+00,
5.9326196e-01,-0.00000e+00,1.24000e+00,
5.9340847e-01,-0.00000e+00,1.24000e+00,
5.9355497e-01,-0.00000e+00,1.24000e+00,
5.9370148e-01,-0.00000e+00,1.24000e+00,
5.9384799e-01,-0.00000e+00,1.24000e+00,
5.9399450e-01,2.00001e-01,1.24000e+00,
5.9414101e-01,-0.00000e+00,1.24000e+00,
5.9428751e-01,-0.00000e+00,1.24000e+00,
5.9443402e-01,-0.00000e+00,1.24000e+00,
5.9458053e-01,-0.00000e+00,1.24000e+00,
5.9472704e-01,-0.00000e+00,1.24000e+00,
5.9487355e-01,-0.00000e+00,1.24000e+00,
5.9502006e-01,-0.00000e+00,1.24000e+00,
5.9516656e-01,-0.00000e+00,1.24000e+00,
5.9531307e-01,-0.00000e+00,1.24000e+00,
5.9545958e-01,-0.00000e+00,1.24000e+00,
5.9560609e-01,-0.00000e+00,1.24000e+00,
5.9575260e-01,-0.00000e+00,1.24000e+00,
5.9589911e-01,-0.00000e+00,1.24000e+00,
5.9604561e-01,-0.00000e+00,1.24000e+00,
5.9619212e-01,-0.00000e+00,1.24000e+00,
5.9633863e-01,-0.00000e+00,1.24000e+00,
5.9648514e-01,-0.00000e+00,1.24000e+00,
5.9663165e-01,-0.00000e+00,1.24000e+00,
5.9677815e-01,-0.00000e+00,1.24000e+00,
5.9692466e-01,-0.00000e+00,1.24000e+00,
5.9707117e-01,-0.00000e+00,1.24000e+00,
5.9721768e-01,-0.00000e+00,1.24000e+00,
5.9736419e-01,-0.00000e+00,1.24000e+00,
5.9751070e-01,2.00001e-01,1.24000e+00,
5.9765720e-01,-0.00000e+00,1.24000e+00,
5.9780371e-01,-0.00000e+00,1.24000e+00,
5.9795022e-01,-0.00000e+00,1.24000e+00,
5.9809673e-01,2.00001e-01,1.24000e+00,
5.9824324e-01,-0.00000e+00,1.24000e+00,
5.9838974e-01,2.00001e-01,1.24000e+00,
5.9853625e-01,-0.00000e+00,1.24000e+00,
5.9868276e-01,-0.00000e+00,1.24000e+00,
5.9882927e-01,-0.00000e+00,1.24000e+00,
5.9897578e-01,2.00001e-01,1.24000e+00,
5.9912229e-01,2.00001e-01,1.24000e+00,
5.9926879e-01,-0.00000e+00,1.24000e+00,
5.9941530e-01,2.00001e-01,1.24000e+00,
5.9956181e-01,2.00001e-01,1.28000e+00,
5.9970832e-01,1.50000e+01,4.72000e+00,
5.9985483e-01,1.58000e+01,4.88000e+00,
