Time,X(CH1),
Second,Volt,
-8.1712002e-05,-0.00000e+00,
-8.1702005e-05,-0.00000e+00,
-8.1692007e-05,-0.00000e+00,
-8.1682010e-05,-0.00000e+00,
-8.1672013e-05,-0.00000e+00,
-8.1662016e-05,-0.00000e+00,
-8.1652019e-05,-0.00000e+00,
-8.1642022e-05,-0.00000e+00,
-8.1632024e-05,-0.00000e+00,
-8.1622027e-05,-0.00000e+00,
-8.1612030e-05,-0.00000e+00,
-8.1602033e-05,-0.00000e+00,
-8.1592036e-05,-0.00000e+00,
-8.1582039e-05,-0.00000e+00,
-8.1572041e-05,-0.00000e+00,
-8.1562044e-05,-0.00000e+00,
-8.1552047e-05,-0.00000e+00,
-8.1542050e-05,-0.00000e+00,
-8.1532053e-05,-0.00000e+00,
-8.1522056e-05,-0.00000e+00,
-8.1512058e-05,-0.00000e+00,
-8.1502061e-05,-0.00000e+00,
-8.1492064e-05,-0.00000e+00,
-8.1482067e-05,-0.00000e+00,
-8.1472070e-05,-0.00000e+00,
-8.1462073e-05,-0.00000e+00,
-8.1452075e-05,-0.00000e+00,
-8.1442078e-05,-0.00000e+00,
-8.1432081e-05,-0.00000e+00,
-8.1422084e-05,-0.00000e+00,
-8.1412087e-05,-0.00000e+00,
-8.1402090e-05,-0.00000e+00,
-8.1392092e-05,-0.00000e+00,
-8.1382095e-05,-0.00000e+00,
-8.1372098e-05,2.00001e-01,
-8.1362101e-05,-0.00000e+00,
-8.1352104e-05,-0.00000e+00,
-8.1342107e-05,-0.00000e+00,
-8.1332109e-05,-0.00000e+00,
-8.1322112e-05,-0.00000e+00,
-8.1312115e-05,-0.00000e+00,
-8.1302118e-05,2.00001e-01,
-8.1292121e-05,-0.00000e+00,
-8.1282124e-05,-0.00000e+00,
-8.1272126e-05,-0.00000e+00,
-8.1262129e-05,-0.00000e+00,
-8.1252132e-05,2.00001e-01,
-8.1242135e-05,-0.00000e+00,
-8.1232138e-05,-0.00000e+00,
-8.1222141e-05,-0.00000e+00,
-8.1212143e-05,-0.00000e+00,
-8.1202146e-05,2.00001e-01,
-8.1192149e-05,2.00001e-01,
-8.1182152e-05,-0.00000e+00,
-8.1172155e-05,-0.00000e+00,
-8.1162158e-05,-0.00000e+00,
-8.1152160e-05,-0.00000e+00,
-8.1142163e-05,2.00001e-01,
-8.1132166e-05,2.00001e-01,
-8.1122169e-05,-0.00000e+00,
-8.1112172e-05,-0.00000e+00,
-8.1102175e-05,2.00001e-01,
-8.1092177e-05,-0.00000e+00,
-8.1082180e-05,-0.00000e+00,
-8.1072183e-05,-0.00000e+00,
-8.1062186e-05,-0.00000e+00,
-8.1052189e-05,2.00001e-01,
-8.1042192e-05,-0.00000e+00,
-8.1032194e-05,2.00001e-01,
-8.1022197e-05,-0.00000e+00,
-8.1012200e-05,-0.00000e+00,
-8.1002203e-05,2.00001e-01,
-8.0992206e-05,-0.00000e+00,
-8.0982209e-05,2.00001e-01,
-8.0972211e-05,-0.00000e+00,
-8.0962214e-05,-0.00000e+00,
-8.0952217e-05,-0.00000e+00,
-8.0942220e-05,-0.00000e+00,
-8.0932223e-05,-0.00000e+00,
-8.0922226e-05,-0.00000e+00,
-8.0912228e-05,-0.00000e+00,
-8.0902231e-05,-0.00000e+00,
-8.0892234e-05,2.00001e-01,
-8.0882237e-05,-0.00000e+00,
-8.0872240e-05,2.00001e-01,
-8.0862243e-05,2.00001e-01,
-8.0852245e-05,-0.00000e+00,
-8.0842248e-05,2.00001e-01,
-8.0832251e-05,-0.00000e+00,
-8.0822254e-05,-0.00000e+00,
-8.0812257e-05,-0.00000e+00,
-8.0802260e-05,2.00001e-01,
-8.0792262e-05,2.00001e-01,
-8.0782265e-05,2.00001e-01,
-8.0772268e-05,-0.00000e+00,
-8.0762271e-05,-0.00000e+00,
-8.0752274e-05,-0.00000e+00,
-8.0742277e-05,-0.00000e+00,
-8.0732279e-05,-0.00000e+00,
-8.0722282e-05,-0.00000e+00,
-8.0712285e-05,-0.00000e+00,
-8.0702288e-05,-0.00000e+00,
-8.0692291e-05,-0.00000e+00,
-8.0682294e-05,2.00001e-01,
-8.0672296e-05,-0.00000e+00,
-8.0662299e-05,-0.00000e+00,
-8.0652302e-05,-0.00000e+00,
-8.0642305e-05,-0.00000e+00,
-8.0632308e-05,-0.00000e+00,
-8.0622311e-05,-0.00000e+00,
-8.0612313e-05,-0.00000e+00,
-8.0602316e-05,-0.00000e+00,
-8.0592319e-05,-0.00000e+00,
-8.0582322e-05,-0.00000e+00,
-8.0572325e-05,-0.00000e+00,
-8.0562328e-05,2.00001e-01,
-8.0552330e-05,-0.00000e+00,
-8.0542333e-05,-0.00000e+00,
-8.0532336e-05,-0.00000e+00,
-8.0522339e-05,-0.00000e+00,
-8.0512342e-05,2.00001e-01,
-8.0502345e-05,-0.00000e+00,
-8.0492347e-05,-0.00000e+00,
-8.0482350e-05,2.00001e-01,
-8.0472353e-05,2.00001e-01,
-8.0462356e-05,-0.00000e+00,
-8.0452359e-05,-0.00000e+00,
-8.0442362e-05,-0.00000e+00,
-8.0432364e-05,-0.00000e+00,
-8.0422367e-05,-0.00000e+00,
-8.0412370e-05,-0.00000e+00,
-8.0402373e-05,-0.00000e+00,
-8.0392376e-05,-0.00000e+00,
-8.0382379e-05,-0.00000e+00,
-8.0372381e-05,-0.00000e+00,
-8.0362384e-05,2.00001e-01,
-8.0352387e-05,-0.00000e+00,
-8.0342390e-05,-0.00000e+00,
-8.0332393e-05,-0.00000e+00,
-8.0322396e-05,2.00001e-01,
-8.0312398e-05,2.00001e-01,
-8.0302401e-05,-0.00000e+00,
-8.0292404e-05,-0.00000e+00,
-8.0282407e-05,-0.00000e+00,
-8.0272410e-05,2.00001e-01,
-8.0262413e-05,-0.00000e+00,
-8.0252416e-05,2.00001e-01,
-8.0242418e-05,-0.00000e+00,
-8.0232421e-05,-0.00000e+00,
-8.0222424e-05,2.00001e-01,
-8.0212427e-05,2.00001e-01,
-8.0202430e-05,-0.00000e+00,
-8.0192433e-05,2.00001e-01,
-8.0182435e-05,-0.00000e+00,
-8.0172438e-05,2.00001e-01,
-8.0162441e-05,-0.00000e+00,
-8.0152444e-05,-0.00000e+00,
-8.0142447e-05,2.00001e-01,
-8.0132450e-05,2.00001e-01,
-8.0122452e-05,-0.00000e+00,
-8.0112455e-05,-0.00000e+00,
-8.0102458e-05,-0.00000e+00,
-8.0092461e-05,-0.00000e+00,
-8.0082464e-05,-0.00000e+00,
-8.0072467e-05,-0.00000e+00,
-8.0062469e-05,-0.00000e+00,
-8.0052472e-05,-0.00000e+00,
-8.0042475e-05,2.00001e-01,
-8.0032478e-05,2.00001e-01,
-8.0022481e-05,-0.00000e+00,
-8.0012484e-05,-0.00000e+00,
-8.0002486e-05,-0.00000e+00,
-7.9992489e-05,2.00001e-01,
-7.9982492e-05,-0.00000e+00,
-7.9972495e-05,-0.00000e+00,
-7.9962498e-05,-0.00000e+00,
-7.9952501e-05,-0.00000e+00,
-7.9942503e-05,-0.00000e+00,
-7.9932506e-05,-0.00000e+00,
-7.9922509e-05,2.00001e-01,
-7.9912512e-05,-0.00000e+00,
-7.9902515e-05,-0.00000e+00,
-7.9892518e-05,-0.00000e+00,
-7.9882520e-05,-0.00000e+00,
-7.9872523e-05,-0.00000e+00,
-7.9862526e-05,2.00001e-01,
-7.9852529e-05,-0.00000e+00,
-7.9842532e-05,2.00001e-01,
-7.9832535e-05,-0.00000e+00,
-7.9822537e-05,-0.00000e+00,
-7.9812540e-05,2.00001e-01,
-7.9802543e-05,-0.00000e+00,
-7.9792546e-05,2.00001e-01,
-7.9782549e-05,-0.00000e+00,
-7.9772552e-05,2.00001e-01,
-7.9762554e-05,-0.00000e+00,
-7.9752557e-05,-0.00000e+00,
-7.9742560e-05,2.00001e-01,
-7.9732563e-05,2.00001e-01,
-7.9722566e-05,-0.00000e+00,
-7.9712569e-05,-0.00000e+00,
-7.9702571e-05,-0.00000e+00,
-7.9692574e-05,2.00001e-01,
-7.9682577e-05,-0.00000e+00,
-7.9672580e-05,2.00001e-01,
-7.9662583e-05,-0.00000e+00,
-7.9652586e-05,2.00001e-01,
-7.9642588e-05,-0.00000e+00,
-7.9632591e-05,2.00001e-01,
-7.9622594e-05,-0.00000e+00,
-7.9612597e-05,-0.00000e+00,
-7.9602600e-05,2.00001e-01,
-7.9592603e-05,-0.00000e+00,
-7.9582605e-05,-0.00000e+00,
-7.9572608e-05,2.00001e-01,
-7.9562611e-05,-0.00000e+00,
-7.9552614e-05,2.00001e-01,
-7.9542617e-05,-0.00000e+00,
-7.9532620e-05,-0.00000e+00,
-7.9522622e-05,2.00001e-01,
-7.9512625e-05,-0.00000e+00,
-7.9502628e-05,2.00001e-01,
-7.9492631e-05,2.00001e-01,
-7.9482634e-05,-0.00000e+00,
-7.9472637e-05,-0.00000e+00,
-7.9462639e-05,2.00001e-01,
-7.9452642e-05,2.00001e-01,
-7.9442645e-05,-0.00000e+00,
-7.9432648e-05,2.00001e-01,
-7.9422651e-05,2.00001e-01,
-7.9412654e-05,-0.00000e+00,
-7.9402656e-05,-0.00000e+00,
-7.9392659e-05,2.00001e-01,
-7.9382662e-05,-0.00000e+00,
-7.9372665e-05,2.00001e-01,
-7.9362668e-05,-0.00000e+00,
-7.9352671e-05,-0.00000e+00,
-7.9342673e-05,-0.00000e+00,
-7.9332676e-05,2.00001e-01,
-7.9322679e-05,-0.00000e+00,
-7.9312682e-05,-0.00000e+00,
-7.9302685e-05,-0.00000e+00,
-7.9292688e-05,2.00001e-01,
-7.9282690e-05,-0.00000e+00,
-7.9272693e-05,2.00001e-01,
-7.9262696e-05,-0.00000e+00,
-7.9252699e-05,-0.00000e+00,
-7.9242702e-05,-0.00000e+00,
-7.9232705e-05,2.00001e-01,
-7.9222707e-05,-0.00000e+00,
-7.9212710e-05,-0.00000e+00,
-7.9202713e-05,2.00001e-01,
-7.9192716e-05,-0.00000e+00,
-7.9182719e-05,2.00001e-01,
-7.9172722e-05,-0.00000e+00,
-7.9162724e-05,-0.00000e+00,
-7.9152727e-05,2.00001e-01,
-7.9142730e-05,-0.00000e+00,
-7.9132733e-05,2.00001e-01,
-7.9122736e-05,2.00001e-01,
-7.9112739e-05,-0.00000e+00,
-7.9102741e-05,2.00001e-01,
-7.9092744e-05,2.00001e-01,
-7.9082747e-05,2.00001e-01,
-7.9072750e-05,-0.00000e+00,
-7.9062753e-05,-0.00000e+00,
-7.9052756e-05,2.00001e-01,
-7.9042758e-05,-0.00000e+00,
-7.9032761e-05,-0.00000e+00,
-7.9022764e-05,2.00001e-01,
-7.9012767e-05,-0.00000e+00,
-7.9002770e-05,2.00001e-01,
-7.8992773e-05,-0.00000e+00,
-7.8982775e-05,2.00001e-01,
-7.8972778e-05,2.00001e-01,
-7.8962781e-05,-0.00000e+00,
-7.8952784e-05,2.00001e-01,
-7.8942787e-05,-0.00000e+00,
-7.8932790e-05,2.00001e-01,
-7.8922792e-05,-0.00000e+00,
-7.8912795e-05,-0.00000e+00,
-7.8902798e-05,-0.00000e+00,
-7.8892801e-05,-0.00000e+00,
-7.8882804e-05,2.00001e-01,
-7.8872807e-05,-0.00000e+00,
-7.8862809e-05,-0.00000e+00,
-7.8852812e-05,-0.00000e+00,
-7.8842815e-05,-0.00000e+00,
-7.8832818e-05,-0.00000e+00,
-7.8822821e-05,-0.00000e+00,
-7.8812824e-05,-0.00000e+00,
-7.8802826e-05,-0.00000e+00,
-7.8792829e-05,-0.00000e+00,
-7.8782832e-05,-0.00000e+00,
-7.8772835e-05,-0.00000e+00,
-7.8762838e-05,-0.00000e+00,
-7.8752841e-05,-0.00000e+00,
-7.8742843e-05,-0.00000e+00,
-7.8732846e-05,-0.00000e+00,
-7.8722849e-05,2.00001e-01,
-7.8712852e-05,-0.00000e+00,
-7.8702855e-05,-0.00000e+00,
-7.8692858e-05,-0.00000e+00,
-7.8682860e-05,-0.00000e+00,
-7.8672863e-05,2.00001e-01,
-7.8662866e-05,2.00001e-01,
-7.8652869e-05,2.00001e-01,
-7.8642872e-05,-0.00000e+00,
-7.8632875e-05,-0.00000e+00,
-7.8622877e-05,2.00001e-01,
-7.8612880e-05,-0.00000e+00,
-7.8602883e-05,-0.00000e+00,
-7.8592886e-05,-0.00000e+00,
-7.8582889e-05,-0.00000e+00,
-7.8572892e-05,-0.00000e+00,
-7.8562894e-05,2.00001e-01,
-7.8552897e-05,-0.00000e+00,
-7.8542900e-05,-0.00000e+00,
-7.8532903e-05,-0.00000e+00,
-7.8522906e-05,-0.00000e+00,
-7.8512909e-05,-0.00000e+00,
-7.8502911e-05,-0.00000e+00,
-7.8492914e-05,-0.00000e+00,
-7.8482917e-05,-0.00000e+00,
-7.8472920e-05,-0.00000e+00,
-7.8462923e-05,-0.00000e+00,
-7.8452926e-05,2.00001e-01,
-7.8442928e-05,-0.00000e+00,
-7.8432931e-05,-0.00000e+00,
-7.8422934e-05,-0.00000e+00,
-7.8412937e-05,-0.00000e+00,
-7.8402940e-05,2.00001e-01,
-7.8392943e-05,2.00001e-01,
-7.8382946e-05,-0.00000e+00,
-7.8372948e-05,-0.00000e+00,
-7.8362951e-05,-0.00000e+00,
-7.8352954e-05,-0.00000e+00,
-7.8342957e-05,-0.00000e+00,
-7.8332960e-05,-0.00000e+00,
-7.8322963e-05,-0.00000e+00,
-7.8312965e-05,2.00001e-01,
-7.8302968e-05,-0.00000e+00,
-7.8292971e-05,-0.00000e+00,
-7.8282974e-05,-0.00000e+00,
-7.8272977e-05,-0.00000e+00,
-7.8262980e-05,2.00001e-01,
-7.8252982e-05,2.00001e-01,
-7.8242985e-05,-0.00000e+00,
-7.8232988e-05,-0.00000e+00,
-7.8222991e-05,-0.00000e+00,
-7.8212994e-05,-0.00000e+00,
-7.8202997e-05,-0.00000e+00,
-7.8192999e-05,-0.00000e+00,
-7.8183002e-05,-0.00000e+00,
-7.8173005e-05,-0.00000e+00,
-7.8163008e-05,2.00001e-01,
-7.8153011e-05,-0.00000e+00,
-7.8143014e-05,-0.00000e+00,
-7.8133016e-05,-0.00000e+00,
-7.8123019e-05,-0.00000e+00,
-7.8113022e-05,2.00001e-01,
-7.8103025e-05,-0.00000e+00,
-7.8093028e-05,-0.00000e+00,
-7.8083031e-05,-0.00000e+00,
-7.8073033e-05,-0.00000e+00,
-7.8063036e-05,2.00001e-01,
-7.8053039e-05,2.00001e-01,
-7.8043042e-05,-0.00000e+00,
-7.8033045e-05,-0.00000e+00,
-7.8023048e-05,-0.00000e+00,
-7.8013050e-05,-0.00000e+00,
-7.8003053e-05,2.00001e-01,
-7.7993056e-05,2.00001e-01,
-7.7983059e-05,-0.00000e+00,
-7.7973062e-05,-0.00000e+00,
-7.7963065e-05,-0.00000e+00,
-7.7953067e-05,2.00001e-01,
-7.7943070e-05,-0.00000e+00,
-7.7933073e-05,-0.00000e+00,
-7.7923076e-05,-0.00000e+00,
-7.7913079e-05,-0.00000e+00,
-7.7903082e-05,2.00001e-01,
-7.7893084e-05,2.00001e-01,
-7.7883087e-05,-0.00000e+00,
-7.7873090e-05,-0.00000e+00,
-7.7863093e-05,-0.00000e+00,
-7.7853096e-05,2.00001e-01,
-7.7843099e-05,-0.00000e+00,
-7.7833101e-05,-0.00000e+00,
-7.7823104e-05,-0.00000e+00,
-7.7813107e-05,2.00001e-01,
-7.7803110e-05,2.00001e-01,
-7.7793113e-05,2.00001e-01,
-7.7783116e-05,-0.00000e+00,
-7.7773118e-05,-0.00000e+00,
-7.7763121e-05,-0.00000e+00,
-7.7753124e-05,2.00001e-01,
-7.7743127e-05,-0.00000e+00,
-7.7733130e-05,-0.00000e+00,
-7.7723133e-05,-0.00000e+00,
-7.7713135e-05,-0.00000e+00,
-7.7703138e-05,-0.00000e+00,
-7.7693141e-05,2.00001e-01,
-7.7683144e-05,-0.00000e+00,
-7.7673147e-05,-0.00000e+00,
-7.7663150e-05,-0.00000e+00,
-7.7653152e-05,-0.00000e+00,
-7.7643155e-05,-0.00000e+00,
-7.7633158e-05,-0.00000e+00,
-7.7623161e-05,-0.00000e+00,
-7.7613164e-05,-0.00000e+00,
-7.7603167e-05,-0.00000e+00,
-7.7593169e-05,-0.00000e+00,
-7.7583172e-05,-0.00000e+00,
-7.7573175e-05,-0.00000e+00,
-7.7563178e-05,-0.00000e+00,
-7.7553181e-05,-0.00000e+00,
-7.7543184e-05,-0.00000e+00,
-7.7533186e-05,-0.00000e+00,
-7.7523189e-05,-0.00000e+00,
-7.7513192e-05,-0.00000e+00,
-7.7503195e-05,-0.00000e+00,
-7.7493198e-05,2.00001e-01,
-7.7483201e-05,-0.00000e+00,
-7.7473203e-05,-0.00000e+00,
-7.7463206e-05,2.00001e-01,
-7.7453209e-05,2.00001e-01,
-7.7443212e-05,-0.00000e+00,
-7.7433215e-05,-0.00000e+00,
-7.7423218e-05,-0.00000e+00,
-7.7413220e-05,2.00001e-01,
-7.7403223e-05,-0.00000e+00,
-7.7393226e-05,-0.00000e+00,
-7.7383229e-05,-0.00000e+00,
-7.7373232e-05,2.00001e-01,
-7.7363235e-05,-0.00000e+00,
-7.7353237e-05,-0.00000e+00,
-7.7343240e-05,-0.00000e+00,
-7.7333243e-05,2.00001e-01,
-7.7323246e-05,-0.00000e+00,
-7.7313249e-05,2.00001e-01,
-7.7303252e-05,-0.00000e+00,
-7.7293254e-05,2.00001e-01,
-7.7283257e-05,2.00001e-01,
-7.7273260e-05,-0.00000e+00,
-7.7263263e-05,2.00001e-01,
-7.7253266e-05,-0.00000e+00,
-7.7243269e-05,-0.00000e+00,
-7.7233271e-05,2.00001e-01,
-7.7223274e-05,2.00001e-01,
-7.7213277e-05,2.00001e-01,
-7.7203280e-05,-0.00000e+00,
-7.7193283e-05,2.00001e-01,
-7.7183286e-05,-0.00000e+00,
-7.7173288e-05,-0.00000e+00,
-7.7163291e-05,-0.00000e+00,
-7.7153294e-05,2.00001e-01,
-7.7143297e-05,2.00001e-01,
-7.7133300e-05,-0.00000e+00,
-7.7123303e-05,-0.00000e+00,
-7.7113305e-05,-0.00000e+00,
-7.7103308e-05,-0.00000e+00,
-7.7093311e-05,-0.00000e+00,
-7.7083314e-05,-0.00000e+00,
-7.7073317e-05,-0.00000e+00,
-7.7063320e-05,-0.00000e+00,
-7.7053322e-05,-0.00000e+00,
-7.7043325e-05,-0.00000e+00,
-7.7033328e-05,-0.00000e+00,
-7.7023331e-05,2.00001e-01,
-7.7013334e-05,-0.00000e+00,
-7.7003337e-05,-0.00000e+00,
-7.6993339e-05,-0.00000e+00,
-7.6983342e-05,2.00001e-01,
-7.6973345e-05,2.00001e-01,
-7.6963348e-05,2.00001e-01,
-7.6953351e-05,-0.00000e+00,
-7.6943354e-05,-0.00000e+00,
-7.6933356e-05,-0.00000e+00,
-7.6923359e-05,-0.00000e+00,
-7.6913362e-05,2.00001e-01,
-7.6903365e-05,-0.00000e+00,
-7.6893368e-05,2.00001e-01,
-7.6883371e-05,-0.00000e+00,
-7.6873373e-05,2.00001e-01,
-7.6863376e-05,-0.00000e+00,
-7.6853379e-05,2.00001e-01,
-7.6843382e-05,-0.00000e+00,
-7.6833385e-05,2.00001e-01,
-7.6823388e-05,2.00001e-01,
-7.6813390e-05,2.00001e-01,
-7.6803393e-05,2.00001e-01,
-7.6793396e-05,2.00001e-01,
-7.6783399e-05,2.00001e-01,
-7.6773402e-05,-0.00000e+00,
-7.6763405e-05,-0.00000e+00,
-7.6753407e-05,-0.00000e+00,
-7.6743410e-05,-0.00000e+00,
-7.6733413e-05,2.00001e-01,
-7.6723416e-05,2.00001e-01,
-7.6713419e-05,-0.00000e+00,
-7.6703422e-05,-0.00000e+00,
-7.6693424e-05,-0.00000e+00,
-7.6683427e-05,-0.00000e+00,
-7.6673430e-05,2.00001e-01,
-7.6663433e-05,2.00001e-01,
-7.6653436e-05,-0.00000e+00,
-7.6643439e-05,2.00001e-01,
-7.6633441e-05,-0.00000e+00,
-7.6623444e-05,2.00001e-01,
-7.6613447e-05,-0.00000e+00,
-7.6603450e-05,2.00001e-01,
-7.6593453e-05,2.00001e-01,
-7.6583456e-05,-0.00000e+00,
-7.6573459e-05,2.00001e-01,
-7.6563461e-05,2.00001e-01,
-7.6553464e-05,-0.00000e+00,
-7.6543467e-05,-0.00000e+00,
-7.6533470e-05,2.00001e-01,
-7.6523473e-05,2.00001e-01,
-7.6513476e-05,-0.00000e+00,
-7.6503478e-05,2.00001e-01,
-7.6493481e-05,-0.00000e+00,
-7.6483484e-05,2.00001e-01,
-7.6473487e-05,-0.00000e+00,
-7.6463490e-05,2.00001e-01,
-7.6453493e-05,2.00001e-01,
-7.6443495e-05,-0.00000e+00,
-7.6433498e-05,2.00001e-01,
-7.6423501e-05,-0.00000e+00,
-7.6413504e-05,-0.00000e+00,
-7.6403507e-05,-0.00000e+00,
-7.6393510e-05,-0.00000e+00,
-7.6383512e-05,-0.00000e+00,
-7.6373515e-05,-0.00000e+00,
-7.6363518e-05,2.00001e-01,
-7.6353521e-05,-0.00000e+00,
-7.6343524e-05,2.00001e-01,
-7.6333527e-05,-0.00000e+00,
-7.6323529e-05,-0.00000e+00,
-7.6313532e-05,-0.00000e+00,
-7.6303535e-05,-0.00000e+00,
-7.6293538e-05,2.00001e-01,
-7.6283541e-05,-0.00000e+00,
-7.6273544e-05,2.00001e-01,
-7.6263546e-05,-0.00000e+00,
-7.6253549e-05,-0.00000e+00,
-7.6243552e-05,2.00001e-01,
-7.6233555e-05,2.00001e-01,
-7.6223558e-05,-0.00000e+00,
-7.6213561e-05,2.00001e-01,
-7.6203563e-05,-0.00000e+00,
-7.6193566e-05,2.00001e-01,
-7.6183569e-05,-0.00000e+00,
-7.6173572e-05,-0.00000e+00,
-7.6163575e-05,2.00001e-01,
-7.6153578e-05,-0.00000e+00,
-7.6143580e-05,2.00001e-01,
-7.6133583e-05,2.00001e-01,
-7.6123586e-05,-0.00000e+00,
-7.6113589e-05,-0.00000e+00,
-7.6103592e-05,-0.00000e+00,
-7.6093595e-05,-0.00000e+00,
-7.6083597e-05,-0.00000e+00,
-7.6073600e-05,2.00001e-01,
-7.6063603e-05,-0.00000e+00,
-7.6053606e-05,-0.00000e+00,
-7.6043609e-05,-0.00000e+00,
-7.6033612e-05,-0.00000e+00,
-7.6023614e-05,-0.00000e+00,
-7.6013617e-05,2.00001e-01,
-7.6003620e-05,-0.00000e+00,
-7.5993623e-05,-0.00000e+00,
-7.5983626e-05,-0.00000e+00,
-7.5973629e-05,-0.00000e+00,
-7.5963631e-05,-0.00000e+00,
-7.5953634e-05,-0.00000e+00,
-7.5943637e-05,-0.00000e+00,
-7.5933640e-05,2.00001e-01,
-7.5923643e-05,-0.00000e+00,
-7.5913646e-05,-0.00000e+00,
-7.5903648e-05,-0.00000e+00,
-7.5893651e-05,2.00001e-01,
-7.5883654e-05,-0.00000e+00,
-7.5873657e-05,-0.00000e+00,
-7.5863660e-05,-0.00000e+00,
-7.5853663e-05,-0.00000e+00,
-7.5843665e-05,2.00001e-01,
-7.5833668e-05,-0.00000e+00,
-7.5823671e-05,-0.00000e+00,
-7.5813674e-05,-0.00000e+00,
-7.5803677e-05,-0.00000e+00,
-7.5793680e-05,-0.00000e+00,
-7.5783682e-05,2.00001e-01,
-7.5773685e-05,2.00001e-01,
-7.5763688e-05,2.00001e-01,
-7.5753691e-05,-0.00000e+00,
-7.5743694e-05,2.00001e-01,
-7.5733697e-05,-0.00000e+00,
-7.5723699e-05,-0.00000e+00,
-7.5713702e-05,-0.00000e+00,
-7.5703705e-05,-0.00000e+00,
-7.5693708e-05,-0.00000e+00,
-7.5683711e-05,-0.00000e+00,
-7.5673714e-05,-0.00000e+00,
-7.5663716e-05,-0.00000e+00,
-7.5653719e-05,2.00001e-01,
-7.5643722e-05,-0.00000e+00,
-7.5633725e-05,-0.00000e+00,
-7.5623728e-05,-0.00000e+00,
-7.5613731e-05,-0.00000e+00,
-7.5603733e-05,2.00001e-01,
-7.5593736e-05,2.00001e-01,
-7.5583739e-05,-0.00000e+00,
-7.5573742e-05,-0.00000e+00,
-7.5563745e-05,2.00001e-01,
-7.5553748e-05,-0.00000e+00,
-7.5543750e-05,-0.00000e+00,
-7.5533753e-05,2.00001e-01,
-7.5523756e-05,-0.00000e+00,
-7.5513759e-05,-0.00000e+00,
-7.5503762e-05,-0.00000e+00,
-7.5493765e-05,-0.00000e+00,
-7.5483767e-05,2.00001e-01,
-7.5473770e-05,-0.00000e+00,
-7.5463773e-05,-0.00000e+00,
-7.5453776e-05,-0.00000e+00,
-7.5443779e-05,-0.00000e+00,
-7.5433782e-05,2.00001e-01,
-7.5423784e-05,-0.00000e+00,
-7.5413787e-05,-0.00000e+00,
-7.5403790e-05,-0.00000e+00,
-7.5393793e-05,-0.00000e+00,
-7.5383796e-05,-0.00000e+00,
-7.5373799e-05,2.00001e-01,
-7.5363801e-05,-0.00000e+00,
-7.5353804e-05,-0.00000e+00,
-7.5343807e-05,-0.00000e+00,
-7.5333810e-05,-0.00000e+00,
-7.5323813e-05,2.00001e-01,
-7.5313816e-05,-0.00000e+00,
-7.5303818e-05,-0.00000e+00,
-7.5293821e-05,-0.00000e+00,
-7.5283824e-05,-0.00000e+00,
-7.5273827e-05,-0.00000e+00,
-7.5263830e-05,-0.00000e+00,
-7.5253833e-05,-0.00000e+00,
-7.5243835e-05,-0.00000e+00,
-7.5233838e-05,2.00001e-01,
-7.5223841e-05,-0.00000e+00,
-7.5213844e-05,2.00001e-01,
-7.5203847e-05,-0.00000e+00,
-7.5193850e-05,-0.00000e+00,
-7.5183852e-05,2.00001e-01,
-7.5173855e-05,-0.00000e+00,
-7.5163858e-05,-0.00000e+00,
-7.5153861e-05,-0.00000e+00,
-7.5143864e-05,2.00001e-01,
-7.5133867e-05,-0.00000e+00,
-7.5123869e-05,-0.00000e+00,
-7.5113872e-05,2.00001e-01,
-7.5103875e-05,2.00001e-01,
-7.5093878e-05,2.00001e-01,
-7.5083881e-05,-0.00000e+00,
-7.5073884e-05,-0.00000e+00,
-7.5063886e-05,-0.00000e+00,
-7.5053889e-05,-0.00000e+00,
-7.5043892e-05,-0.00000e+00,
-7.5033895e-05,2.00001e-01,
-7.5023898e-05,-0.00000e+00,
-7.5013901e-05,-0.00000e+00,
-7.5003903e-05,-0.00000e+00,
-7.4993906e-05,-0.00000e+00,
-7.4983909e-05,-0.00000e+00,
-7.4973912e-05,-0.00000e+00,
-7.4963915e-05,-0.00000e+00,
-7.4953918e-05,-0.00000e+00,
-7.4943920e-05,-0.00000e+00,
-7.4933923e-05,-0.00000e+00,
-7.4923926e-05,-0.00000e+00,
-7.4913929e-05,-0.00000e+00,
-7.4903932e-05,-0.00000e+00,
-7.4893935e-05,-0.00000e+00,
-7.4883937e-05,-0.00000e+00,
-7.4873940e-05,-0.00000e+00,
-7.4863943e-05,-0.00000e+00,
-7.4853946e-05,2.00001e-01,
-7.4843949e-05,-0.00000e+00,
-7.4833952e-05,-0.00000e+00,
-7.4823954e-05,-0.00000e+00,
-7.4813957e-05,-0.00000e+00,
-7.4803960e-05,-0.00000e+00,
-7.4793963e-05,-0.00000e+00,
-7.4783966e-05,-0.00000e+00,
-7.4773969e-05,-0.00000e+00,
-7.4763971e-05,-0.00000e+00,
-7.4753974e-05,-0.00000e+00,
-7.4743977e-05,-0.00000e+00,
-7.4733980e-05,-0.00000e+00,
-7.4723983e-05,-0.00000e+00,
-7.4713986e-05,-0.00000e+00,
-7.4703989e-05,-0.00000e+00,
-7.4693991e-05,2.00001e-01,
-7.4683994e-05,-0.00000e+00,
-7.4673997e-05,2.00001e-01,
-7.4664000e-05,-0.00000e+00,
-7.4654003e-05,-0.00000e+00,
-7.4644006e-05,2.00001e-01,
-7.4634008e-05,2.00001e-01,
-7.4624011e-05,-0.00000e+00,
-7.4614014e-05,2.00001e-01,
-7.4604017e-05,-0.00000e+00,
-7.4594020e-05,2.00001e-01,
-7.4584023e-05,-0.00000e+00,
-7.4574025e-05,-0.00000e+00,
-7.4564028e-05,-0.00000e+00,
-7.4554031e-05,2.00001e-01,
-7.4544034e-05,2.00001e-01,
-7.4534037e-05,-0.00000e+00,
-7.4524040e-05,-0.00000e+00,
-7.4514042e-05,-0.00000e+00,
-7.4504045e-05,-0.00000e+00,
-7.4494048e-05,-0.00000e+00,
-7.4484051e-05,2.00001e-01,
-7.4474054e-05,-0.00000e+00,
-7.4464057e-05,2.00001e-01,
-7.4454059e-05,2.00001e-01,
-7.4444062e-05,-0.00000e+00,
-7.4434065e-05,2.00001e-01,
-7.4424068e-05,-0.00000e+00,
-7.4414071e-05,2.00001e-01,
-7.4404074e-05,-0.00000e+00,
-7.4394076e-05,2.00001e-01,
-7.4384079e-05,2.00001e-01,
-7.4374082e-05,-0.00000e+00,
-7.4364085e-05,-0.00000e+00,
-7.4354088e-05,-0.00000e+00,
-7.4344091e-05,2.00001e-01,
-7.4334093e-05,-0.00000e+00,
-7.4324096e-05,-0.00000e+00,
-7.4314099e-05,-0.00000e+00,
-7.4304102e-05,-0.00000e+00,
-7.4294105e-05,2.00001e-01,
-7.4284108e-05,-0.00000e+00,
-7.4274110e-05,-0.00000e+00,
-7.4264113e-05,-0.00000e+00,
-7.4254116e-05,-0.00000e+00,
-7.4244119e-05,2.00001e-01,
-7.4234122e-05,2.00001e-01,
-7.4224125e-05,-0.00000e+00,
-7.4214127e-05,-0.00000e+00,
-7.4204130e-05,-0.00000e+00,
-7.4194133e-05,-0.00000e+00,
-7.4184136e-05,-0.00000e+00,
-7.4174139e-05,-0.00000e+00,
-7.4164142e-05,-0.00000e+00,
-7.4154144e-05,-0.00000e+00,
-7.4144147e-05,-0.00000e+00,
-7.4134150e-05,-0.00000e+00,
-7.4124153e-05,-0.00000e+00,
-7.4114156e-05,-0.00000e+00,
-7.4104159e-05,2.00001e-01,
-7.4094161e-05,-0.00000e+00,
-7.4084164e-05,-0.00000e+00,
-7.4074167e-05,-0.00000e+00,
-7.4064170e-05,-0.00000e+00,
-7.4054173e-05,2.00001e-01,
-7.4044176e-05,-0.00000e+00,
-7.4034178e-05,2.00001e-01,
-7.4024181e-05,-0.00000e+00,
-7.4014184e-05,-0.00000e+00,
-7.4004187e-05,2.00001e-01,
-7.3994190e-05,-0.00000e+00,
-7.3984193e-05,-0.00000e+00,
-7.3974195e-05,2.00001e-01,
-7.3964198e-05,-0.00000e+00,
-7.3954201e-05,-0.00000e+00,
-7.3944204e-05,2.00001e-01,
-7.3934207e-05,-0.00000e+00,
-7.3924210e-05,-0.00000e+00,
-7.3914212e-05,-0.00000e+00,
-7.3904215e-05,-0.00000e+00,
-7.3894218e-05,2.00001e-01,
-7.3884221e-05,-0.00000e+00,
-7.3874224e-05,2.00001e-01,
-7.3864227e-05,-0.00000e+00,
-7.3854229e-05,-0.00000e+00,
-7.3844232e-05,-0.00000e+00,
-7.3834235e-05,2.00001e-01,
-7.3824238e-05,2.00001e-01,
-7.3814241e-05,2.00001e-01,
-7.3804244e-05,-0.00000e+00,
-7.3794246e-05,-0.00000e+00,
-7.3784249e-05,2.00001e-01,
-7.3774252e-05,-0.00000e+00,
-7.3764255e-05,-0.00000e+00,
-7.3754258e-05,-0.00000e+00,
-7.3744261e-05,-0.00000e+00,
-7.3734263e-05,2.00001e-01,
-7.3724266e-05,-0.00000e+00,
-7.3714269e-05,2.00001e-01,
-7.3704272e-05,2.00001e-01,
-7.3694275e-05,-0.00000e+00,
-7.3684278e-05,2.00001e-01,
-7.3674280e-05,2.00001e-01,
-7.3664283e-05,-0.00000e+00,
-7.3654286e-05,-0.00000e+00,
-7.3644289e-05,-0.00000e+00,
-7.3634292e-05,2.00001e-01,
-7.3624295e-05,2.00001e-01,
-7.3614297e-05,-0.00000e+00,
-7.3604300e-05,2.00001e-01,
-7.3594303e-05,-0.00000e+00,
-7.3584306e-05,2.00001e-01,
-7.3574309e-05,-0.00000e+00,
-7.3564312e-05,2.00001e-01,
-7.3554314e-05,2.00001e-01,
-7.3544317e-05,-0.00000e+00,
-7.3534320e-05,2.00001e-01,
-7.3524323e-05,2.00001e-01,
-7.3514326e-05,-0.00000e+00,
-7.3504329e-05,2.00001e-01,
-7.3494331e-05,2.00001e-01,
-7.3484334e-05,2.00001e-01,
-7.3474337e-05,-0.00000e+00,
-7.3464340e-05,2.00001e-01,
-7.3454343e-05,-0.00000e+00,
-7.3444346e-05,-0.00000e+00,
-7.3434348e-05,-0.00000e+00,
-7.3424351e-05,-0.00000e+00,
-7.3414354e-05,2.00001e-01,
-7.3404357e-05,-0.00000e+00,
-7.3394360e-05,-0.00000e+00,
-7.3384363e-05,-0.00000e+00,
-7.3374365e-05,-0.00000e+00,
-7.3364368e-05,-0.00000e+00,
-7.3354371e-05,2.00001e-01,
-7.3344374e-05,-0.00000e+00,
-7.3334377e-05,-0.00000e+00,
-7.3324380e-05,-0.00000e+00,
-7.3314382e-05,-0.00000e+00,
-7.3304385e-05,-0.00000e+00,
-7.3294388e-05,-0.00000e+00,
-7.3284391e-05,-0.00000e+00,
-7.3274394e-05,-0.00000e+00,
-7.3264397e-05,-0.00000e+00,
-7.3254399e-05,-0.00000e+00,
-7.3244402e-05,-0.00000e+00,
-7.3234405e-05,-0.00000e+00,
-7.3224408e-05,-0.00000e+00,
-7.3214411e-05,-0.00000e+00,
-7.3204414e-05,-0.00000e+00,
-7.3194416e-05,-0.00000e+00,
-7.3184419e-05,-0.00000e+00,
-7.3174422e-05,-0.00000e+00,
-7.3164425e-05,-0.00000e+00,
-7.3154428e-05,-0.00000e+00,
-7.3144431e-05,-0.00000e+00,
-7.3134433e-05,2.00001e-01,
-7.3124436e-05,-0.00000e+00,
-7.3114439e-05,-0.00000e+00,
-7.3104442e-05,-0.00000e+00,
-7.3094445e-05,-0.00000e+00,
-7.3084448e-05,-0.00000e+00,
-7.3074450e-05,-0.00000e+00,
-7.3064453e-05,-0.00000e+00,
-7.3054456e-05,-0.00000e+00,
-7.3044459e-05,-0.00000e+00,
-7.3034462e-05,-0.00000e+00,
-7.3024465e-05,2.00001e-01,
-7.3014467e-05,-0.00000e+00,
-7.3004470e-05,-0.00000e+00,
-7.2994473e-05,-0.00000e+00,
-7.2984476e-05,-0.00000e+00,
-7.2974479e-05,2.00001e-01,
-7.2964482e-05,-0.00000e+00,
-7.2954484e-05,-0.00000e+00,
-7.2944487e-05,-0.00000e+00,
-7.2934490e-05,-0.00000e+00,
-7.2924493e-05,2.00001e-01,
-7.2914496e-05,-0.00000e+00,
-7.2904499e-05,-0.00000e+00,
-7.2894501e-05,2.00001e-01,
-7.2884504e-05,-0.00000e+00,
-7.2874507e-05,2.00001e-01,
-7.2864510e-05,2.00001e-01,
-7.2854513e-05,-0.00000e+00,
-7.2844516e-05,-0.00000e+00,
-7.2834519e-05,-0.00000e+00,
-7.2824521e-05,2.00001e-01,
-7.2814524e-05,-0.00000e+00,
-7.2804527e-05,-0.00000e+00,
-7.2794530e-05,-0.00000e+00,
-7.2784533e-05,-0.00000e+00,
-7.2774536e-05,2.00001e-01,
-7.2764538e-05,-0.00000e+00,
-7.2754541e-05,2.00001e-01,
-7.2744544e-05,-0.00000e+00,
-7.2734547e-05,-0.00000e+00,
-7.2724550e-05,2.00001e-01,
-7.2714553e-05,-0.00000e+00,
-7.2704555e-05,2.00001e-01,
-7.2694558e-05,-0.00000e+00,
-7.2684561e-05,-0.00000e+00,
-7.2674564e-05,2.00001e-01,
-7.2664567e-05,-0.00000e+00,
-7.2654570e-05,-0.00000e+00,
-7.2644572e-05,-0.00000e+00,
-7.2634575e-05,-0.00000e+00,
-7.2624578e-05,2.00001e-01,
-7.2614581e-05,-0.00000e+00,
-7.2604584e-05,2.00001e-01,
-7.2594587e-05,-0.00000e+00,
-7.2584589e-05,2.00001e-01,
-7.2574592e-05,2.00001e-01,
-7.2564595e-05,2.00001e-01,
-7.2554598e-05,-0.00000e+00,
-7.2544601e-05,2.00001e-01,
-7.2534604e-05,-0.00000e+00,
-7.2524606e-05,2.00001e-01,
-7.2514609e-05,-0.00000e+00,
-7.2504612e-05,-0.00000e+00,
-7.2494615e-05,2.00001e-01,
-7.2484618e-05,-0.00000e+00,
-7.2474621e-05,-0.00000e+00,
-7.2464623e-05,2.00001e-01,
-7.2454626e-05,-0.00000e+00,
-7.2444629e-05,2.00001e-01,
-7.2434632e-05,2.00001e-01,
-7.2424635e-05,2.00001e-01,
-7.2414638e-05,2.00001e-01,
-7.2404640e-05,-0.00000e+00,
-7.2394643e-05,2.00001e-01,
-7.2384646e-05,-0.00000e+00,
-7.2374649e-05,-0.00000e+00,
-7.2364652e-05,-0.00000e+00,
-7.2354655e-05,-0.00000e+00,
-7.2344657e-05,2.00001e-01,
-7.2334660e-05,-0.00000e+00,
-7.2324663e-05,-0.00000e+00,
-7.2314666e-05,-0.00000e+00,
-7.2304669e-05,-0.00000e+00,
-7.2294672e-05,-0.00000e+00,
-7.2284674e-05,2.00001e-01,
-7.2274677e-05,-0.00000e+00,
-7.2264680e-05,-0.00000e+00,
-7.2254683e-05,-0.00000e+00,
-7.2244686e-05,-0.00000e+00,
-7.2234689e-05,-0.00000e+00,
-7.2224691e-05,2.00001e-01,
-7.2214694e-05,-0.00000e+00,
-7.2204697e-05,-0.00000e+00,
-7.2194700e-05,-0.00000e+00,
-7.2184703e-05,-0.00000e+00,
-7.2174706e-05,-0.00000e+00,
-7.2164708e-05,-0.00000e+00,
-7.2154711e-05,-0.00000e+00,
-7.2144714e-05,-0.00000e+00,
-7.2134717e-05,-0.00000e+00,
-7.2124720e-05,-0.00000e+00,
-7.2114723e-05,-0.00000e+00,
-7.2104725e-05,-0.00000e+00,
-7.2094728e-05,-0.00000e+00,
-7.2084731e-05,-0.00000e+00,
-7.2074734e-05,-0.00000e+00,
-7.2064737e-05,-0.00000e+00,
-7.2054740e-05,-0.00000e+00,
-7.2044742e-05,-0.00000e+00,
-7.2034745e-05,-0.00000e+00,
-7.2024748e-05,-0.00000e+00,
-7.2014751e-05,-0.00000e+00,
-7.2004754e-05,-0.00000e+00,
-7.1994757e-05,-0.00000e+00,
-7.1984759e-05,2.00001e-01,
-7.1974762e-05,-0.00000e+00,
-7.1964765e-05,-0.00000e+00,
-7.1954768e-05,-0.00000e+00,
-7.1944771e-05,-0.00000e+00,
-7.1934774e-05,2.00001e-01,
-7.1924776e-05,-0.00000e+00,
-7.1914779e-05,2.00001e-01,
-7.1904782e-05,-0.00000e+00,
-7.1894785e-05,-0.00000e+00,
-7.1884788e-05,2.00001e-01,
-7.1874791e-05,-0.00000e+00,
-7.1864793e-05,-0.00000e+00,
-7.1854796e-05,-0.00000e+00,
-7.1844799e-05,-0.00000e+00,
-7.1834802e-05,-0.00000e+00,
-7.1824805e-05,2.00001e-01,
-7.1814808e-05,-0.00000e+00,
-7.1804810e-05,-0.00000e+00,
-7.1794813e-05,-0.00000e+00,
-7.1784816e-05,-0.00000e+00,
-7.1774819e-05,2.00001e-01,
-7.1764822e-05,-0.00000e+00,
-7.1754825e-05,-0.00000e+00,
-7.1744827e-05,2.00001e-01,
-7.1734830e-05,-0.00000e+00,
-7.1724833e-05,2.00001e-01,
-7.1714836e-05,-0.00000e+00,
-7.1704839e-05,2.00001e-01,
-7.1694842e-05,-0.00000e+00,
-7.1684844e-05,-0.00000e+00,
-7.1674847e-05,2.00001e-01,
-7.1664850e-05,-0.00000e+00,
-7.1654853e-05,2.00001e-01,
-7.1644856e-05,-0.00000e+00,
-7.1634859e-05,-0.00000e+00,
-7.1624861e-05,2.00001e-01,
-7.1614864e-05,-0.00000e+00,
-7.1604867e-05,2.00001e-01,
-7.1594870e-05,-0.00000e+00,
-7.1584873e-05,2.00001e-01,
-7.1574876e-05,2.00001e-01,
-7.1564878e-05,-0.00000e+00,
-7.1554881e-05,2.00001e-01,
-7.1544884e-05,2.00001e-01,
-7.1534887e-05,-0.00000e+00,
-7.1524890e-05,-0.00000e+00,
-7.1514893e-05,-0.00000e+00,
-7.1504895e-05,2.00001e-01,
-7.1494898e-05,-0.00000e+00,
-7.1484901e-05,-0.00000e+00,
-7.1474904e-05,-0.00000e+00,
-7.1464907e-05,-0.00000e+00,
-7.1454910e-05,-0.00000e+00,
-7.1444912e-05,-0.00000e+00,
-7.1434915e-05,-0.00000e+00,
-7.1424918e-05,-0.00000e+00,
-7.1414921e-05,-0.00000e+00,
-7.1404924e-05,-0.00000e+00,
-7.1394927e-05,-0.00000e+00,
-7.1384929e-05,-0.00000e+00,
-7.1374932e-05,-0.00000e+00,
-7.1364935e-05,-0.00000e+00,
-7.1354938e-05,-0.00000e+00,
-7.1344941e-05,-0.00000e+00,
-7.1334944e-05,-0.00000e+00,
-7.1324946e-05,-0.00000e+00,
-7.1314949e-05,-0.00000e+00,
-7.1304952e-05,-0.00000e+00,
-7.1294955e-05,2.00001e-01,
-7.1284958e-05,2.00001e-01,
-7.1274961e-05,-0.00000e+00,
-7.1264963e-05,2.00001e-01,
-7.1254966e-05,-0.00000e+00,
-7.1244969e-05,2.00001e-01,
-7.1234972e-05,-0.00000e+00,
-7.1224975e-05,-0.00000e+00,
-7.1214978e-05,2.00001e-01,
-7.1204980e-05,2.00001e-01,
-7.1194983e-05,2.00001e-01,
-7.1184986e-05,-0.00000e+00,
-7.1174989e-05,-0.00000e+00,
-7.1164992e-05,-0.00000e+00,
-7.1154995e-05,-0.00000e+00,
-7.1144997e-05,-0.00000e+00,
-7.1135000e-05,-0.00000e+00,
-7.1125003e-05,-0.00000e+00,
-7.1115006e-05,-0.00000e+00,
-7.1105009e-05,-0.00000e+00,
-7.1095012e-05,-0.00000e+00,
-7.1085014e-05,-0.00000e+00,
-7.1075017e-05,-0.00000e+00,
-7.1065020e-05,-0.00000e+00,
-7.1055023e-05,-0.00000e+00,
-7.1045026e-05,2.00001e-01,
-7.1035029e-05,-0.00000e+00,
-7.1025032e-05,2.00001e-01,
-7.1015034e-05,-0.00000e+00,
-7.1005037e-05,-0.00000e+00,
-7.0995040e-05,-0.00000e+00,
-7.0985043e-05,-0.00000e+00,
-7.0975046e-05,-0.00000e+00,
-7.0965049e-05,-0.00000e+00,
-7.0955051e-05,-0.00000e+00,
-7.0945054e-05,-0.00000e+00,
-7.0935057e-05,-0.00000e+00,
-7.0925060e-05,-0.00000e+00,
-7.0915063e-05,-0.00000e+00,
-7.0905066e-05,-0.00000e+00,
-7.0895068e-05,-0.00000e+00,
-7.0885071e-05,-0.00000e+00,
-7.0875074e-05,-0.00000e+00,
-7.0865077e-05,-0.00000e+00,
-7.0855080e-05,-0.00000e+00,
-7.0845083e-05,-0.00000e+00,
-7.0835085e-05,2.00001e-01,
-7.0825088e-05,2.00001e-01,
-7.0815091e-05,-0.00000e+00,
-7.0805094e-05,-0.00000e+00,
-7.0795097e-05,-0.00000e+00,
-7.0785100e-05,-0.00000e+00,
-7.0775102e-05,-0.00000e+00,
-7.0765105e-05,2.00001e-01,
-7.0755108e-05,-0.00000e+00,
-7.0745111e-05,-0.00000e+00,
-7.0735114e-05,2.00001e-01,
-7.0725117e-05,2.00001e-01,
-7.0715119e-05,-0.00000e+00,
-7.0705122e-05,-0.00000e+00,
-7.0695125e-05,2.00001e-01,
-7.0685128e-05,-0.00000e+00,
-7.0675131e-05,-0.00000e+00,
-7.0665134e-05,-0.00000e+00,
-7.0655136e-05,-0.00000e+00,
-7.0645139e-05,-0.00000e+00,
-7.0635142e-05,2.00001e-01,
-7.0625145e-05,-0.00000e+00,
-7.0615148e-05,-0.00000e+00,
-7.0605151e-05,-0.00000e+00,
-7.0595153e-05,-0.00000e+00,
-7.0585156e-05,2.00001e-01,
-7.0575159e-05,-0.00000e+00,
-7.0565162e-05,-0.00000e+00,
-7.0555165e-05,-0.00000e+00,
-7.0545168e-05,-0.00000e+00,
-7.0535170e-05,2.00001e-01,
-7.0525173e-05,2.00001e-01,
-7.0515176e-05,-0.00000e+00,
-7.0505179e-05,-0.00000e+00,
-7.0495182e-05,-0.00000e+00,
-7.0485185e-05,2.00001e-01,
-7.0475187e-05,-0.00000e+00,
-7.0465190e-05,-0.00000e+00,
-7.0455193e-05,-0.00000e+00,
-7.0445196e-05,-0.00000e+00,
-7.0435199e-05,2.00001e-01,
-7.0425202e-05,2.00001e-01,
-7.0415204e-05,2.00001e-01,
-7.0405207e-05,-0.00000e+00,
-7.0395210e-05,-0.00000e+00,
-7.0385213e-05,2.00001e-01,
-7.0375216e-05,-0.00000e+00,
-7.0365219e-05,-0.00000e+00,
-7.0355221e-05,2.00001e-01,
-7.0345224e-05,-0.00000e+00,
-7.0335227e-05,-0.00000e+00,
-7.0325230e-05,-0.00000e+00,
-7.0315233e-05,-0.00000e+00,
-7.0305236e-05,2.00001e-01,
-7.0295238e-05,-0.00000e+00,
-7.0285241e-05,-0.00000e+00,
-7.0275244e-05,-0.00000e+00,
-7.0265247e-05,-0.00000e+00,
-7.0255250e-05,2.00001e-01,
-7.0245253e-05,-0.00000e+00,
-7.0235255e-05,-0.00000e+00,
-7.0225258e-05,-0.00000e+00,
-7.0215261e-05,-0.00000e+00,
-7.0205264e-05,-0.00000e+00,
-7.0195267e-05,-0.00000e+00,
-7.0185270e-05,2.00001e-01,
-7.0175272e-05,-0.00000e+00,
-7.0165275e-05,-0.00000e+00,
-7.0155278e-05,-0.00000e+00,
-7.0145281e-05,2.00001e-01,
-7.0135284e-05,2.00001e-01,
-7.0125287e-05,-0.00000e+00,
-7.0115289e-05,-0.00000e+00,
-7.0105292e-05,2.00001e-01,
-7.0095295e-05,-0.00000e+00,
-7.0085298e-05,-0.00000e+00,
-7.0075301e-05,2.00001e-01,
-7.0065304e-05,-0.00000e+00,
-7.0055306e-05,2.00001e-01,
-7.0045309e-05,2.00001e-01,
-7.0035312e-05,-0.00000e+00,
-7.0025315e-05,2.00001e-01,
-7.0015318e-05,-0.00000e+00,
-7.0005321e-05,2.00001e-01,
-6.9995323e-05,2.00001e-01,
-6.9985326e-05,2.00001e-01,
-6.9975329e-05,2.00001e-01,
-6.9965332e-05,-0.00000e+00,
-6.9955335e-05,2.00001e-01,
-6.9945338e-05,-0.00000e+00,
-6.9935340e-05,-0.00000e+00,
-6.9925343e-05,-0.00000e+00,
-6.9915346e-05,2.00001e-01,
-6.9905349e-05,-0.00000e+00,
-6.9895352e-05,-0.00000e+00,
-6.9885355e-05,2.00001e-01,
-6.9875357e-05,-0.00000e+00,
-6.9865360e-05,-0.00000e+00,
-6.9855363e-05,2.00001e-01,
-6.9845366e-05,-0.00000e+00,
-6.9835369e-05,-0.00000e+00,
-6.9825372e-05,-0.00000e+00,
-6.9815374e-05,-0.00000e+00,
-6.9805377e-05,-0.00000e+00,
-6.9795380e-05,-0.00000e+00,
-6.9785383e-05,-0.00000e+00,
-6.9775386e-05,-0.00000e+00,
-6.9765389e-05,-0.00000e+00,
-6.9755391e-05,-0.00000e+00,
-6.9745394e-05,-0.00000e+00,
-6.9735397e-05,-0.00000e+00,
-6.9725400e-05,-0.00000e+00,
-6.9715403e-05,-0.00000e+00,
-6.9705406e-05,-0.00000e+00,
-6.9695408e-05,-0.00000e+00,
-6.9685411e-05,-0.00000e+00,
-6.9675414e-05,-0.00000e+00,
-6.9665417e-05,-0.00000e+00,
-6.9655420e-05,-0.00000e+00,
-6.9645423e-05,2.00001e-01,
-6.9635425e-05,2.00001e-01,
-6.9625428e-05,-0.00000e+00,
-6.9615431e-05,-0.00000e+00,
-6.9605434e-05,2.00001e-01,
-6.9595437e-05,-0.00000e+00,
-6.9585440e-05,-0.00000e+00,
-6.9575442e-05,-0.00000e+00,
-6.9565445e-05,-0.00000e+00,
-6.9555448e-05,2.00001e-01,
-6.9545451e-05,-0.00000e+00,
-6.9535454e-05,-0.00000e+00,
-6.9525457e-05,-0.00000e+00,
-6.9515459e-05,-0.00000e+00,
-6.9505462e-05,2.00001e-01,
-6.9495465e-05,-0.00000e+00,
-6.9485468e-05,-0.00000e+00,
-6.9475471e-05,-0.00000e+00,
-6.9465474e-05,-0.00000e+00,
-6.9455476e-05,2.00001e-01,
-6.9445479e-05,2.00001e-01,
-6.9435482e-05,-0.00000e+00,
-6.9425485e-05,-0.00000e+00,
-6.9415488e-05,-0.00000e+00,
-6.9405491e-05,-0.00000e+00,
-6.9395493e-05,-0.00000e+00,
-6.9385496e-05,2.00001e-01,
-6.9375499e-05,-0.00000e+00,
-6.9365502e-05,-0.00000e+00,
-6.9355505e-05,-0.00000e+00,
-6.9345508e-05,2.00001e-01,
-6.9335510e-05,2.00001e-01,
-6.9325513e-05,2.00001e-01,
-6.9315516e-05,-0.00000e+00,
-6.9305519e-05,-0.00000e+00,
-6.9295522e-05,-0.00000e+00,
-6.9285525e-05,-0.00000e+00,
-6.9275527e-05,2.00001e-01,
-6.9265530e-05,-0.00000e+00,
-6.9255533e-05,-0.00000e+00,
-6.9245536e-05,-0.00000e+00,
-6.9235539e-05,-0.00000e+00,
-6.9225542e-05,-0.00000e+00,
-6.9215544e-05,-0.00000e+00,
-6.9205547e-05,2.00001e-01,
-6.9195550e-05,2.00001e-01,
-6.9185553e-05,-0.00000e+00,
-6.9175556e-05,-0.00000e+00,
-6.9165559e-05,-0.00000e+00,
-6.9155562e-05,2.00001e-01,
-6.9145564e-05,-0.00000e+00,
-6.9135567e-05,-0.00000e+00,
-6.9125570e-05,-0.00000e+00,
-6.9115573e-05,-0.00000e+00,
-6.9105576e-05,2.00001e-01,
-6.9095579e-05,2.00001e-01,
-6.9085581e-05,-0.00000e+00,
-6.9075584e-05,-0.00000e+00,
-6.9065587e-05,-0.00000e+00,
-6.9055590e-05,2.00001e-01,
-6.9045593e-05,2.00001e-01,
-6.9035596e-05,-0.00000e+00,
-6.9025598e-05,-0.00000e+00,
-6.9015601e-05,-0.00000e+00,
-6.9005604e-05,-0.00000e+00,
-6.8995607e-05,-0.00000e+00,
-6.8985610e-05,2.00001e-01,
-6.8975613e-05,-0.00000e+00,
-6.8965615e-05,2.00001e-01,
-6.8955618e-05,-0.00000e+00,
-6.8945621e-05,-0.00000e+00,
-6.8935624e-05,2.00001e-01,
-6.8925627e-05,-0.00000e+00,
-6.8915630e-05,2.00001e-01,
-6.8905632e-05,-0.00000e+00,
-6.8895635e-05,-0.00000e+00,
-6.8885638e-05,2.00001e-01,
-6.8875641e-05,-0.00000e+00,
-6.8865644e-05,2.00001e-01,
-6.8855647e-05,-0.00000e+00,
-6.8845649e-05,-0.00000e+00,
-6.8835652e-05,2.00001e-01,
-6.8825655e-05,2.00001e-01,
-6.8815658e-05,2.00001e-01,
-6.8805661e-05,-0.00000e+00,
-6.8795664e-05,-0.00000e+00,
-6.8785666e-05,-0.00000e+00,
-6.8775669e-05,-0.00000e+00,
-6.8765672e-05,-0.00000e+00,
-6.8755675e-05,2.00001e-01,
-6.8745678e-05,-0.00000e+00,
-6.8735681e-05,-0.00000e+00,
-6.8725683e-05,-0.00000e+00,
-6.8715686e-05,-0.00000e+00,
-6.8705689e-05,-0.00000e+00,
-6.8695692e-05,-0.00000e+00,
-6.8685695e-05,-0.00000e+00,
-6.8675698e-05,-0.00000e+00,
-6.8665700e-05,-0.00000e+00,
-6.8655703e-05,-0.00000e+00,
-6.8645706e-05,-0.00000e+00,
-6.8635709e-05,-0.00000e+00,
-6.8625712e-05,-0.00000e+00,
-6.8615715e-05,-0.00000e+00,
-6.8605717e-05,-0.00000e+00,
-6.8595720e-05,-0.00000e+00,
-6.8585723e-05,-0.00000e+00,
-6.8575726e-05,2.00001e-01,
-6.8565729e-05,-0.00000e+00,
-6.8555732e-05,-0.00000e+00,
-6.8545734e-05,-0.00000e+00,
-6.8535737e-05,-0.00000e+00,
-6.8525740e-05,2.00001e-01,
-6.8515743e-05,-0.00000e+00,
-6.8505746e-05,-0.00000e+00,
-6.8495749e-05,2.00001e-01,
-6.8485751e-05,-0.00000e+00,
-6.8475754e-05,2.00001e-01,
-6.8465757e-05,2.00001e-01,
-6.8455760e-05,2.00001e-01,
-6.8445763e-05,2.00001e-01,
-6.8435766e-05,2.00001e-01,
-6.8425768e-05,2.00001e-01,
-6.8415771e-05,-0.00000e+00,
-6.8405774e-05,-0.00000e+00,
-6.8395777e-05,-0.00000e+00,
-6.8385780e-05,-0.00000e+00,
-6.8375783e-05,-0.00000e+00,
-6.8365785e-05,2.00001e-01,
-6.8355788e-05,-0.00000e+00,
-6.8345791e-05,-0.00000e+00,
-6.8335794e-05,-0.00000e+00,
-6.8325797e-05,-0.00000e+00,
-6.8315800e-05,-0.00000e+00,
-6.8305802e-05,-0.00000e+00,
-6.8295805e-05,-0.00000e+00,
-6.8285808e-05,-0.00000e+00,
-6.8275811e-05,-0.00000e+00,
-6.8265814e-05,-0.00000e+00,
-6.8255817e-05,-0.00000e+00,
-6.8245819e-05,-0.00000e+00,
-6.8235822e-05,-0.00000e+00,
-6.8225825e-05,-0.00000e+00,
-6.8215828e-05,-0.00000e+00,
-6.8205831e-05,2.00001e-01,
-6.8195834e-05,-0.00000e+00,
-6.8185836e-05,2.00001e-01,
-6.8175839e-05,2.00001e-01,
-6.8165842e-05,-0.00000e+00,
-6.8155845e-05,-0.00000e+00,
-6.8145848e-05,-0.00000e+00,
-6.8135851e-05,2.00001e-01,
-6.8125853e-05,2.00001e-01,
-6.8115856e-05,-0.00000e+00,
-6.8105859e-05,2.00001e-01,
-6.8095862e-05,2.00001e-01,
-6.8085865e-05,-0.00000e+00,
-6.8075868e-05,-0.00000e+00,
-6.8065870e-05,-0.00000e+00,
-6.8055873e-05,-0.00000e+00,
-6.8045876e-05,2.00001e-01,
-6.8035879e-05,-0.00000e+00,
-6.8025882e-05,-0.00000e+00,
-6.8015885e-05,-0.00000e+00,
-6.8005887e-05,-0.00000e+00,
-6.7995890e-05,-0.00000e+00,
-6.7985893e-05,2.00001e-01,
-6.7975896e-05,-0.00000e+00,
-6.7965899e-05,2.00001e-01,
-6.7955902e-05,-0.00000e+00,
-6.7945904e-05,-0.00000e+00,
-6.7935907e-05,2.00001e-01,
-6.7925910e-05,2.00001e-01,
-6.7915913e-05,2.00001e-01,
-6.7905916e-05,-0.00000e+00,
-6.7895919e-05,2.00001e-01,
-6.7885921e-05,2.00001e-01,
-6.7875924e-05,-0.00000e+00,
-6.7865927e-05,-0.00000e+00,
-6.7855930e-05,2.00001e-01,
-6.7845933e-05,2.00001e-01,
-6.7835936e-05,-0.00000e+00,
-6.7825938e-05,-0.00000e+00,
-6.7815941e-05,-0.00000e+00,
-6.7805944e-05,-0.00000e+00,
-6.7795947e-05,-0.00000e+00,
-6.7785950e-05,2.00001e-01,
-6.7775953e-05,2.00001e-01,
-6.7765955e-05,-0.00000e+00,
-6.7755958e-05,-0.00000e+00,
-6.7745961e-05,-0.00000e+00,
-6.7735964e-05,2.00001e-01,
-6.7725967e-05,-0.00000e+00,
-6.7715970e-05,-0.00000e+00,
-6.7705972e-05,-0.00000e+00,
-6.7695975e-05,-0.00000e+00,
-6.7685978e-05,2.00001e-01,
-6.7675981e-05,2.00001e-01,
-6.7665984e-05,-0.00000e+00,
-6.7655987e-05,-0.00000e+00,
-6.7645989e-05,2.00001e-01,
-6.7635992e-05,-0.00000e+00,
-6.7625995e-05,2.00001e-01,
-6.7615998e-05,-0.00000e+00,
-6.7606001e-05,-0.00000e+00,
-6.7596004e-05,2.00001e-01,
-6.7586006e-05,-0.00000e+00,
-6.7576009e-05,2.00001e-01,
-6.7566012e-05,-0.00000e+00,
-6.7556015e-05,-0.00000e+00,
-6.7546018e-05,-0.00000e+00,
-6.7536021e-05,2.00001e-01,
-6.7526023e-05,2.00001e-01,
-6.7516026e-05,-0.00000e+00,
-6.7506029e-05,-0.00000e+00,
-6.7496032e-05,-0.00000e+00,
-6.7486035e-05,-0.00000e+00,
-6.7476038e-05,-0.00000e+00,
-6.7466040e-05,-0.00000e+00,
-6.7456043e-05,-0.00000e+00,
-6.7446046e-05,-0.00000e+00,
-6.7436049e-05,-0.00000e+00,
-6.7426052e-05,-0.00000e+00,
-6.7416055e-05,2.00001e-01,
-6.7406057e-05,-0.00000e+00,
-6.7396060e-05,-0.00000e+00,
-6.7386063e-05,2.00001e-01,
-6.7376066e-05,-0.00000e+00,
-6.7366069e-05,2.00001e-01,
-6.7356072e-05,-0.00000e+00,
-6.7346075e-05,-0.00000e+00,
-6.7336077e-05,2.00001e-01,
-6.7326080e-05,-0.00000e+00,
-6.7316083e-05,2.00001e-01,
-6.7306086e-05,2.00001e-01,
-6.7296089e-05,-0.00000e+00,
-6.7286092e-05,2.00001e-01,
-6.7276094e-05,2.00001e-01,
-6.7266097e-05,-0.00000e+00,
-6.7256100e-05,2.00001e-01,
-6.7246103e-05,-0.00000e+00,
-6.7236106e-05,2.00001e-01,
-6.7226109e-05,-0.00000e+00,
-6.7216111e-05,2.00001e-01,
-6.7206114e-05,-0.00000e+00,
-6.7196117e-05,-0.00000e+00,
-6.7186120e-05,-0.00000e+00,
-6.7176123e-05,-0.00000e+00,
-6.7166126e-05,-0.00000e+00,
-6.7156128e-05,2.00001e-01,
-6.7146131e-05,-0.00000e+00,
-6.7136134e-05,2.00001e-01,
-6.7126137e-05,-0.00000e+00,
-6.7116140e-05,-0.00000e+00,
-6.7106143e-05,2.00001e-01,
-6.7096145e-05,2.00001e-01,
-6.7086148e-05,2.00001e-01,
-6.7076151e-05,-0.00000e+00,
-6.7066154e-05,2.00001e-01,
-6.7056157e-05,2.00001e-01,
-6.7046160e-05,-0.00000e+00,
-6.7036162e-05,-0.00000e+00,
-6.7026165e-05,-0.00000e+00,
-6.7016168e-05,2.00001e-01,
-6.7006171e-05,-0.00000e+00,
-6.6996174e-05,-0.00000e+00,
-6.6986177e-05,-0.00000e+00,
-6.6976179e-05,-0.00000e+00,
-6.6966182e-05,2.00001e-01,
-6.6956185e-05,2.00001e-01,
-6.6946188e-05,-0.00000e+00,
-6.6936191e-05,-0.00000e+00,
-6.6926194e-05,-0.00000e+00,
-6.6916196e-05,2.00001e-01,
-6.6906199e-05,-0.00000e+00,
-6.6896202e-05,2.00001e-01,
-6.6886205e-05,-0.00000e+00,
-6.6876208e-05,2.00001e-01,
-6.6866211e-05,-0.00000e+00,
-6.6856213e-05,2.00001e-01,
-6.6846216e-05,-0.00000e+00,
-6.6836219e-05,2.00001e-01,
-6.6826222e-05,-0.00000e+00,
-6.6816225e-05,-0.00000e+00,
-6.6806228e-05,2.00001e-01,
-6.6796230e-05,-0.00000e+00,
-6.6786233e-05,2.00001e-01,
-6.6776236e-05,2.00001e-01,
-6.6766239e-05,-0.00000e+00,
-6.6756242e-05,-0.00000e+00,
-6.6746245e-05,2.00001e-01,
-6.6736247e-05,-0.00000e+00,
-6.6726250e-05,2.00001e-01,
-6.6716253e-05,-0.00000e+00,
-6.6706256e-05,-0.00000e+00,
-6.6696259e-05,2.00001e-01,
-6.6686262e-05,2.00001e-01,
-6.6676264e-05,-0.00000e+00,
-6.6666267e-05,-0.00000e+00,
-6.6656270e-05,-0.00000e+00,
-6.6646273e-05,-0.00000e+00,
-6.6636276e-05,-0.00000e+00,
-6.6626279e-05,-0.00000e+00,
-6.6616281e-05,2.00001e-01,
-6.6606284e-05,-0.00000e+00,
-6.6596287e-05,2.00001e-01,
-6.6586290e-05,-0.00000e+00,
-6.6576293e-05,-0.00000e+00,
-6.6566296e-05,-0.00000e+00,
-6.6556298e-05,-0.00000e+00,
-6.6546301e-05,-0.00000e+00,
-6.6536304e-05,2.00001e-01,
-6.6526307e-05,-0.00000e+00,
-6.6516310e-05,-0.00000e+00,
-6.6506313e-05,-0.00000e+00,
-6.6496315e-05,-0.00000e+00,
-6.6486318e-05,2.00001e-01,
-6.6476321e-05,-0.00000e+00,
-6.6466324e-05,-0.00000e+00,
-6.6456327e-05,2.00001e-01,
-6.6446330e-05,-0.00000e+00,
-6.6436332e-05,-0.00000e+00,
-6.6426335e-05,2.00001e-01,
-6.6416338e-05,-0.00000e+00,
-6.6406341e-05,2.00001e-01,
-6.6396344e-05,2.00001e-01,
-6.6386347e-05,-0.00000e+00,
-6.6376349e-05,2.00001e-01,
-6.6366352e-05,2.00001e-01,
-6.6356355e-05,-0.00000e+00,
-6.6346358e-05,-0.00000e+00,
-6.6336361e-05,2.00001e-01,
-6.6326364e-05,2.00001e-01,
-6.6316366e-05,2.00001e-01,
-6.6306369e-05,2.00001e-01,
-6.6296372e-05,2.00001e-01,
-6.6286375e-05,-0.00000e+00,
-6.6276378e-05,-0.00000e+00,
-6.6266381e-05,-0.00000e+00,
-6.6256383e-05,-0.00000e+00,
-6.6246386e-05,-0.00000e+00,
-6.6236389e-05,-0.00000e+00,
-6.6226392e-05,-0.00000e+00,
-6.6216395e-05,-0.00000e+00,
-6.6206398e-05,-0.00000e+00,
-6.6196400e-05,-0.00000e+00,
-6.6186403e-05,-0.00000e+00,
-6.6176406e-05,-0.00000e+00,
-6.6166409e-05,-0.00000e+00,
-6.6156412e-05,-0.00000e+00,
-6.6146415e-05,-0.00000e+00,
-6.6136417e-05,-0.00000e+00,
-6.6126420e-05,-0.00000e+00,
-6.6116423e-05,2.00001e-01,
-6.6106426e-05,-0.00000e+00,
-6.6096429e-05,2.00001e-01,
-6.6086432e-05,-0.00000e+00,
-6.6076434e-05,-0.00000e+00,
-6.6066437e-05,2.00001e-01,
-6.6056440e-05,2.00001e-01,
-6.6046443e-05,-0.00000e+00,
-6.6036446e-05,2.00001e-01,
-6.6026449e-05,-0.00000e+00,
-6.6016451e-05,-0.00000e+00,
-6.6006454e-05,2.00001e-01,
-6.5996457e-05,2.00001e-01,
-6.5986460e-05,-0.00000e+00,
-6.5976463e-05,-0.00000e+00,
-6.5966466e-05,-0.00000e+00,
-6.5956468e-05,-0.00000e+00,
-6.5946471e-05,-0.00000e+00,
-6.5936474e-05,-0.00000e+00,
-6.5926477e-05,-0.00000e+00,
-6.5916480e-05,2.00001e-01,
-6.5906483e-05,-0.00000e+00,
-6.5896485e-05,-0.00000e+00,
-6.5886488e-05,2.00001e-01,
-6.5876491e-05,-0.00000e+00,
-6.5866494e-05,-0.00000e+00,
-6.5856497e-05,-0.00000e+00,
-6.5846500e-05,-0.00000e+00,
-6.5836502e-05,2.00001e-01,
-6.5826505e-05,2.00001e-01,
-6.5816508e-05,-0.00000e+00,
-6.5806511e-05,-0.00000e+00,
-6.5796514e-05,-0.00000e+00,
-6.5786517e-05,-0.00000e+00,
-6.5776519e-05,-0.00000e+00,
-6.5766522e-05,2.00001e-01,
-6.5756525e-05,2.00001e-01,
-6.5746528e-05,-0.00000e+00,
-6.5736531e-05,-0.00000e+00,
-6.5726534e-05,-0.00000e+00,
-6.5716536e-05,2.00001e-01,
-6.5706539e-05,-0.00000e+00,
-6.5696542e-05,-0.00000e+00,
-6.5686545e-05,-0.00000e+00,
-6.5676548e-05,-0.00000e+00,
-6.5666551e-05,2.00001e-01,
-6.5656553e-05,2.00001e-01,
-6.5646556e-05,-0.00000e+00,
-6.5636559e-05,-0.00000e+00,
-6.5626562e-05,-0.00000e+00,
-6.5616565e-05,-0.00000e+00,
-6.5606568e-05,2.00001e-01,
-6.5596570e-05,-0.00000e+00,
-6.5586573e-05,-0.00000e+00,
-6.5576576e-05,2.00001e-01,
-6.5566579e-05,-0.00000e+00,
-6.5556582e-05,2.00001e-01,
-6.5546585e-05,-0.00000e+00,
-6.5536587e-05,2.00001e-01,
-6.5526590e-05,2.00001e-01,
-6.5516593e-05,-0.00000e+00,
-6.5506596e-05,-0.00000e+00,
-6.5496599e-05,-0.00000e+00,
-6.5486602e-05,-0.00000e+00,
-6.5476605e-05,-0.00000e+00,
-6.5466607e-05,-0.00000e+00,
-6.5456610e-05,-0.00000e+00,
-6.5446613e-05,-0.00000e+00,
-6.5436616e-05,2.00001e-01,
-6.5426619e-05,-0.00000e+00,
-6.5416622e-05,-0.00000e+00,
-6.5406624e-05,-0.00000e+00,
-6.5396627e-05,-0.00000e+00,
-6.5386630e-05,2.00001e-01,
-6.5376633e-05,-0.00000e+00,
-6.5366636e-05,2.00001e-01,
-6.5356639e-05,-0.00000e+00,
-6.5346641e-05,-0.00000e+00,
-6.5336644e-05,2.00001e-01,
-6.5326647e-05,-0.00000e+00,
-6.5316650e-05,-0.00000e+00,
-6.5306653e-05,2.00001e-01,
-6.5296656e-05,-0.00000e+00,
-6.5286658e-05,2.00001e-01,
-6.5276661e-05,-0.00000e+00,
-6.5266664e-05,2.00001e-01,
-6.5256667e-05,2.00001e-01,
-6.5246670e-05,2.00001e-01,
-6.5236673e-05,2.00001e-01,
-6.5226675e-05,2.00001e-01,
-6.5216678e-05,2.00001e-01,
-6.5206681e-05,-0.00000e+00,
-6.5196684e-05,-0.00000e+00,
-6.5186687e-05,2.00001e-01,
-6.5176690e-05,-0.00000e+00,
-6.5166692e-05,-0.00000e+00,
-6.5156695e-05,-0.00000e+00,
-6.5146698e-05,2.00001e-01,
-6.5136701e-05,2.00001e-01,
-6.5126704e-05,-0.00000e+00,
-6.5116707e-05,-0.00000e+00,
-6.5106709e-05,2.00001e-01,
-6.5096712e-05,2.00001e-01,
-6.5086715e-05,-0.00000e+00,
-6.5076718e-05,-0.00000e+00,
-6.5066721e-05,-0.00000e+00,
-6.5056724e-05,-0.00000e+00,
-6.5046726e-05,2.00001e-01,
-6.5036729e-05,-0.00000e+00,
-6.5026732e-05,-0.00000e+00,
-6.5016735e-05,-0.00000e+00,
-6.5006738e-05,2.00001e-01,
-6.4996741e-05,-0.00000e+00,
-6.4986743e-05,2.00001e-01,
-6.4976746e-05,-0.00000e+00,
-6.4966749e-05,-0.00000e+00,
-6.4956752e-05,2.00001e-01,
-6.4946755e-05,2.00001e-01,
-6.4936758e-05,2.00001e-01,
-6.4926760e-05,-0.00000e+00,
-6.4916763e-05,2.00001e-01,
-6.4906766e-05,2.00001e-01,
-6.4896769e-05,-0.00000e+00,
-6.4886772e-05,-0.00000e+00,
-6.4876775e-05,2.00001e-01,
-6.4866777e-05,2.00001e-01,
-6.4856780e-05,-0.00000e+00,
-6.4846783e-05,2.00001e-01,
-6.4836786e-05,-0.00000e+00,
-6.4826789e-05,-0.00000e+00,
-6.4816792e-05,2.00001e-01,
-6.4806794e-05,2.00001e-01,
-6.4796797e-05,-0.00000e+00,
-6.4786800e-05,-0.00000e+00,
-6.4776803e-05,-0.00000e+00,
-6.4766806e-05,-0.00000e+00,
-6.4756809e-05,-0.00000e+00,
-6.4746811e-05,2.00001e-01,
-6.4736814e-05,-0.00000e+00,
-6.4726817e-05,-0.00000e+00,
-6.4716820e-05,2.00001e-01,
-6.4706823e-05,-0.00000e+00,
-6.4696826e-05,2.00001e-01,
-6.4686828e-05,-0.00000e+00,
-6.4676831e-05,2.00001e-01,
-6.4666834e-05,2.00001e-01,
-6.4656837e-05,2.00001e-01,
-6.4646840e-05,2.00001e-01,
-6.4636843e-05,-0.00000e+00,
-6.4626845e-05,2.00001e-01,
-6.4616848e-05,-0.00000e+00,
-6.4606851e-05,-0.00000e+00,
-6.4596854e-05,-0.00000e+00,
-6.4586857e-05,-0.00000e+00,
-6.4576860e-05,2.00001e-01,
-6.4566862e-05,-0.00000e+00,
-6.4556865e-05,-0.00000e+00,
-6.4546868e-05,-0.00000e+00,
-6.4536871e-05,-0.00000e+00,
-6.4526874e-05,2.00001e-01,
-6.4516877e-05,2.00001e-01,
-6.4506879e-05,-0.00000e+00,
-6.4496882e-05,-0.00000e+00,
-6.4486885e-05,-0.00000e+00,
-6.4476888e-05,-0.00000e+00,
-6.4466891e-05,-0.00000e+00,
-6.4456894e-05,2.00001e-01,
-6.4446896e-05,-0.00000e+00,
-6.4436899e-05,-0.00000e+00,
-6.4426902e-05,2.00001e-01,
-6.4416905e-05,-0.00000e+00,
-6.4406908e-05,2.00001e-01,
-6.4396911e-05,-0.00000e+00,
-6.4386913e-05,-0.00000e+00,
-6.4376916e-05,-0.00000e+00,
-6.4366919e-05,2.00001e-01,
-6.4356922e-05,-0.00000e+00,
-6.4346925e-05,2.00001e-01,
-6.4336928e-05,-0.00000e+00,
-6.4326930e-05,-0.00000e+00,
-6.4316933e-05,2.00001e-01,
-6.4306936e-05,-0.00000e+00,
-6.4296939e-05,-0.00000e+00,
-6.4286942e-05,-0.00000e+00,
-6.4276945e-05,2.00001e-01,
-6.4266947e-05,2.00001e-01,
-6.4256950e-05,-0.00000e+00,
-6.4246953e-05,-0.00000e+00,
-6.4236956e-05,-0.00000e+00,
-6.4226959e-05,-0.00000e+00,
-6.4216962e-05,2.00001e-01,
-6.4206964e-05,2.00001e-01,
-6.4196967e-05,2.00001e-01,
-6.4186970e-05,-0.00000e+00,
-6.4176973e-05,-0.00000e+00,
-6.4166976e-05,-0.00000e+00,
-6.4156979e-05,-0.00000e+00,
-6.4146981e-05,-0.00000e+00,
-6.4136984e-05,-0.00000e+00,
-6.4126987e-05,2.00001e-01,
-6.4116990e-05,-0.00000e+00,
-6.4106993e-05,-0.00000e+00,
-6.4096996e-05,2.00001e-01,
-6.4086998e-05,-0.00000e+00,
-6.4077001e-05,-0.00000e+00,
-6.4067004e-05,-0.00000e+00,
-6.4057007e-05,-0.00000e+00,
-6.4047010e-05,-0.00000e+00,
-6.4037013e-05,-0.00000e+00,
-6.4027015e-05,-0.00000e+00,
-6.4017018e-05,-0.00000e+00,
-6.4007021e-05,-0.00000e+00,
-6.3997024e-05,-0.00000e+00,
-6.3987027e-05,2.00001e-01,
-6.3977030e-05,-0.00000e+00,
-6.3967032e-05,-0.00000e+00,
-6.3957035e-05,-0.00000e+00,
-6.3947038e-05,2.00001e-01,
-6.3937041e-05,2.00001e-01,
-6.3927044e-05,-0.00000e+00,
-6.3917047e-05,-0.00000e+00,
-6.3907049e-05,-0.00000e+00,
-6.3897052e-05,2.00001e-01,
-6.3887055e-05,2.00001e-01,
-6.3877058e-05,-0.00000e+00,
-6.3867061e-05,-0.00000e+00,
-6.3857064e-05,-0.00000e+00,
-6.3847066e-05,-0.00000e+00,
-6.3837069e-05,-0.00000e+00,
-6.3827072e-05,2.00001e-01,
-6.3817075e-05,-0.00000e+00,
-6.3807078e-05,-0.00000e+00,
-6.3797081e-05,-0.00000e+00,
-6.3787083e-05,2.00001e-01,
-6.3777086e-05,2.00001e-01,
-6.3767089e-05,2.00001e-01,
-6.3757092e-05,-0.00000e+00,
-6.3747095e-05,-0.00000e+00,
-6.3737098e-05,2.00001e-01,
-6.3727100e-05,2.00001e-01,
-6.3717103e-05,-0.00000e+00,
-6.3707106e-05,-0.00000e+00,
-6.3697109e-05,-0.00000e+00,
-6.3687112e-05,2.00001e-01,
-6.3677115e-05,-0.00000e+00,
-6.3667118e-05,-0.00000e+00,
-6.3657120e-05,-0.00000e+00,
-6.3647123e-05,-0.00000e+00,
-6.3637126e-05,-0.00000e+00,
-6.3627129e-05,-0.00000e+00,
-6.3617132e-05,-0.00000e+00,
-6.3607135e-05,2.00001e-01,
-6.3597137e-05,-0.00000e+00,
-6.3587140e-05,-0.00000e+00,
-6.3577143e-05,-0.00000e+00,
-6.3567146e-05,-0.00000e+00,
-6.3557149e-05,-0.00000e+00,
-6.3547152e-05,-0.00000e+00,
-6.3537154e-05,-0.00000e+00,
-6.3527157e-05,-0.00000e+00,
-6.3517160e-05,-0.00000e+00,
-6.3507163e-05,-0.00000e+00,
-6.3497166e-05,2.00001e-01,
-6.3487169e-05,-0.00000e+00,
-6.3477171e-05,-0.00000e+00,
-6.3467174e-05,-0.00000e+00,
-6.3457177e-05,2.00001e-01,
-6.3447180e-05,2.00001e-01,
-6.3437183e-05,2.00001e-01,
-6.3427186e-05,-0.00000e+00,
-6.3417188e-05,-0.00000e+00,
-6.3407191e-05,2.00001e-01,
-6.3397194e-05,-0.00000e+00,
-6.3387197e-05,-0.00000e+00,
-6.3377200e-05,-0.00000e+00,
-6.3367203e-05,-0.00000e+00,
-6.3357205e-05,2.00001e-01,
-6.3347208e-05,-0.00000e+00,
-6.3337211e-05,-0.00000e+00,
-6.3327214e-05,-0.00000e+00,
-6.3317217e-05,-0.00000e+00,
-6.3307220e-05,2.00001e-01,
-6.3297222e-05,-0.00000e+00,
-6.3287225e-05,-0.00000e+00,
-6.3277228e-05,-0.00000e+00,
-6.3267231e-05,2.00001e-01,
-6.3257234e-05,-0.00000e+00,
-6.3247237e-05,2.00001e-01,
-6.3237239e-05,-0.00000e+00,
-6.3227242e-05,-0.00000e+00,
-6.3217245e-05,2.00001e-01,
-6.3207248e-05,2.00001e-01,
-6.3197251e-05,2.00001e-01,
-6.3187254e-05,2.00001e-01,
-6.3177256e-05,2.00001e-01,
-6.3167259e-05,-0.00000e+00,
-6.3157262e-05,-0.00000e+00,
-6.3147265e-05,-0.00000e+00,
-6.3137268e-05,-0.00000e+00,
-6.3127271e-05,-0.00000e+00,
-6.3117273e-05,-0.00000e+00,
-6.3107276e-05,2.00001e-01,
-6.3097279e-05,-0.00000e+00,
-6.3087282e-05,-0.00000e+00,
-6.3077285e-05,-0.00000e+00,
-6.3067288e-05,-0.00000e+00,
-6.3057290e-05,2.00001e-01,
-6.3047293e-05,-0.00000e+00,
-6.3037296e-05,-0.00000e+00,
-6.3027299e-05,-0.00000e+00,
-6.3017302e-05,-0.00000e+00,
-6.3007305e-05,2.00001e-01,
-6.2997307e-05,-0.00000e+00,
-6.2987310e-05,-0.00000e+00,
-6.2977313e-05,2.00001e-01,
-6.2967316e-05,-0.00000e+00,
-6.2957319e-05,-0.00000e+00,
-6.2947322e-05,-0.00000e+00,
-6.2937324e-05,2.00001e-01,
-6.2927327e-05,2.00001e-01,
-6.2917330e-05,-0.00000e+00,
-6.2907333e-05,-0.00000e+00,
-6.2897336e-05,2.00001e-01,
-6.2887339e-05,2.00001e-01,
-6.2877341e-05,-0.00000e+00,
-6.2867344e-05,2.00001e-01,
-6.2857347e-05,-0.00000e+00,
-6.2847350e-05,-0.00000e+00,
-6.2837353e-05,-0.00000e+00,
-6.2827356e-05,2.00001e-01,
-6.2817358e-05,2.00001e-01,
-6.2807361e-05,-0.00000e+00,
-6.2797364e-05,2.00001e-01,
-6.2787367e-05,-0.00000e+00,
-6.2777370e-05,2.00001e-01,
-6.2767373e-05,-0.00000e+00,
-6.2757375e-05,-0.00000e+00,
-6.2747378e-05,2.00001e-01,
-6.2737381e-05,-0.00000e+00,
-6.2727384e-05,2.00001e-01,
-6.2717387e-05,2.00001e-01,
-6.2707390e-05,-0.00000e+00,
-6.2697392e-05,-0.00000e+00,
-6.2687395e-05,-0.00000e+00,
-6.2677398e-05,2.00001e-01,
-6.2667401e-05,-0.00000e+00,
-6.2657404e-05,2.00001e-01,
-6.2647407e-05,-0.00000e+00,
-6.2637409e-05,-0.00000e+00,
-6.2627412e-05,-0.00000e+00,
-6.2617415e-05,2.00001e-01,
-6.2607418e-05,2.00001e-01,
-6.2597421e-05,-0.00000e+00,
-6.2587424e-05,-0.00000e+00,
-6.2577426e-05,-0.00000e+00,
-6.2567429e-05,-0.00000e+00,
-6.2557432e-05,-0.00000e+00,
-6.2547435e-05,2.00001e-01,
-6.2537438e-05,-0.00000e+00,
-6.2527441e-05,-0.00000e+00,
-6.2517443e-05,2.00001e-01,
-6.2507446e-05,-0.00000e+00,
-6.2497449e-05,2.00001e-01,
-6.2487452e-05,-0.00000e+00,
-6.2477455e-05,2.00001e-01,
-6.2467458e-05,-0.00000e+00,
-6.2457460e-05,2.00001e-01,
-6.2447463e-05,-0.00000e+00,
-6.2437466e-05,2.00001e-01,
-6.2427469e-05,2.00001e-01,
-6.2417472e-05,-0.00000e+00,
-6.2407475e-05,-0.00000e+00,
-6.2397477e-05,2.00001e-01,
-6.2387480e-05,2.00001e-01,
-6.2377483e-05,-0.00000e+00,
-6.2367486e-05,-0.00000e+00,
-6.2357489e-05,-0.00000e+00,
-6.2347492e-05,2.00001e-01,
-6.2337494e-05,-0.00000e+00,
-6.2327497e-05,2.00001e-01,
-6.2317500e-05,-0.00000e+00,
-6.2307503e-05,-0.00000e+00,
-6.2297506e-05,-0.00000e+00,
-6.2287509e-05,2.00001e-01,
-6.2277511e-05,-0.00000e+00,
-6.2267514e-05,2.00001e-01,
-6.2257517e-05,-0.00000e+00,
-6.2247520e-05,2.00001e-01,
-6.2237523e-05,-0.00000e+00,
-6.2227526e-05,-0.00000e+00,
-6.2217528e-05,2.00001e-01,
-6.2207531e-05,-0.00000e+00,
-6.2197534e-05,-0.00000e+00,
-6.2187537e-05,2.00001e-01,
-6.2177540e-05,-0.00000e+00,
-6.2167543e-05,2.00001e-01,
-6.2157545e-05,2.00001e-01,
-6.2147548e-05,-0.00000e+00,
-6.2137551e-05,2.00001e-01,
-6.2127554e-05,-0.00000e+00,
-6.2117557e-05,-0.00000e+00,
-6.2107560e-05,-0.00000e+00,
-6.2097562e-05,-0.00000e+00,
-6.2087565e-05,2.00001e-01,
-6.2077568e-05,-0.00000e+00,
-6.2067571e-05,-0.00000e+00,
-6.2057574e-05,-0.00000e+00,
-6.2047577e-05,2.00001e-01,
-6.2037579e-05,2.00001e-01,
-6.2027582e-05,-0.00000e+00,
-6.2017585e-05,-0.00000e+00,
-6.2007588e-05,-0.00000e+00,
-6.1997591e-05,-0.00000e+00,
-6.1987594e-05,-0.00000e+00,
-6.1977596e-05,-0.00000e+00,
-6.1967599e-05,2.00001e-01,
-6.1957602e-05,2.00001e-01,
-6.1947605e-05,-0.00000e+00,
-6.1937608e-05,-0.00000e+00,
-6.1927611e-05,-0.00000e+00,
-6.1917613e-05,2.00001e-01,
-6.1907616e-05,-0.00000e+00,
-6.1897619e-05,-0.00000e+00,
-6.1887622e-05,2.00001e-01,
-6.1877625e-05,-0.00000e+00,
-6.1867628e-05,-0.00000e+00,
-6.1857630e-05,-0.00000e+00,
-6.1847633e-05,-0.00000e+00,
-6.1837636e-05,-0.00000e+00,
-6.1827639e-05,-0.00000e+00,
-6.1817642e-05,-0.00000e+00,
-6.1807645e-05,2.00001e-01,
-6.1797648e-05,-0.00000e+00,
-6.1787650e-05,2.00001e-01,
-6.1777653e-05,-0.00000e+00,
-6.1767656e-05,-0.00000e+00,
-6.1757659e-05,2.00001e-01,
-6.1747662e-05,-0.00000e+00,
-6.1737665e-05,2.00001e-01,
-6.1727667e-05,-0.00000e+00,
-6.1717670e-05,-0.00000e+00,
-6.1707673e-05,2.00001e-01,
-6.1697676e-05,-0.00000e+00,
-6.1687679e-05,-0.00000e+00,
-6.1677682e-05,-0.00000e+00,
-6.1667684e-05,-0.00000e+00,
-6.1657687e-05,-0.00000e+00,
-6.1647690e-05,-0.00000e+00,
-6.1637693e-05,-0.00000e+00,
-6.1627696e-05,-0.00000e+00,
-6.1617699e-05,-0.00000e+00,
-6.1607701e-05,-0.00000e+00,
-6.1597704e-05,-0.00000e+00,
-6.1587707e-05,2.00001e-01,
-6.1577710e-05,-0.00000e+00,
-6.1567713e-05,-0.00000e+00,
-6.1557716e-05,-0.00000e+00,
-6.1547718e-05,-0.00000e+00,
-6.1537721e-05,-0.00000e+00,
-6.1527724e-05,2.00001e-01,
-6.1517727e-05,2.00001e-01,
-6.1507730e-05,-0.00000e+00,
-6.1497733e-05,2.00001e-01,
-6.1487735e-05,-0.00000e+00,
-6.1477738e-05,-0.00000e+00,
-6.1467741e-05,2.00001e-01,
-6.1457744e-05,2.00001e-01,
-6.1447747e-05,2.00001e-01,
-6.1437750e-05,2.00001e-01,
-6.1427752e-05,-0.00000e+00,
-6.1417755e-05,-0.00000e+00,
-6.1407758e-05,-0.00000e+00,
-6.1397761e-05,2.00001e-01,
-6.1387764e-05,-0.00000e+00,
-6.1377767e-05,-0.00000e+00,
-6.1367769e-05,-0.00000e+00,
-6.1357772e-05,-0.00000e+00,
-6.1347775e-05,-0.00000e+00,
-6.1337778e-05,2.00001e-01,
-6.1327781e-05,-0.00000e+00,
-6.1317784e-05,-0.00000e+00,
-6.1307786e-05,2.00001e-01,
-6.1297789e-05,-0.00000e+00,
-6.1287792e-05,2.00001e-01,
-6.1277795e-05,-0.00000e+00,
-6.1267798e-05,2.00001e-01,
-6.1257801e-05,2.00001e-01,
-6.1247803e-05,-0.00000e+00,
-6.1237806e-05,2.00001e-01,
-6.1227809e-05,2.00001e-01,
-6.1217812e-05,2.00001e-01,
-6.1207815e-05,-0.00000e+00,
-6.1197818e-05,-0.00000e+00,
-6.1187820e-05,2.00001e-01,
-6.1177823e-05,2.00001e-01,
-6.1167826e-05,-0.00000e+00,
-6.1157829e-05,2.00001e-01,
-6.1147832e-05,-0.00000e+00,
-6.1137835e-05,2.00001e-01,
-6.1127837e-05,-0.00000e+00,
-6.1117840e-05,-0.00000e+00,
-6.1107843e-05,-0.00000e+00,
-6.1097846e-05,2.00001e-01,
-6.1087849e-05,-0.00000e+00,
-6.1077852e-05,2.00001e-01,
-6.1067854e-05,-0.00000e+00,
-6.1057857e-05,-0.00000e+00,
-6.1047860e-05,-0.00000e+00,
-6.1037863e-05,-0.00000e+00,
-6.1027862e-05,-0.00000e+00,
-6.1017861e-05,2.00001e-01,
-6.1007860e-05,-0.00000e+00,
-6.0997860e-05,-0.00000e+00,
-6.0987859e-05,-0.00000e+00,
-6.0977858e-05,-0.00000e+00,
-6.0967857e-05,2.00001e-01,
-6.0957856e-05,2.00001e-01,
-6.0947856e-05,-0.00000e+00,
-6.0937855e-05,-0.00000e+00,
-6.0927854e-05,2.00001e-01,
-6.0917853e-05,2.00001e-01,
-6.0907852e-05,-0.00000e+00,
-6.0897852e-05,2.00001e-01,
-6.0887851e-05,-0.00000e+00,
-6.0877850e-05,-0.00000e+00,
-6.0867849e-05,-0.00000e+00,
-6.0857848e-05,2.00001e-01,
-6.0847848e-05,2.00001e-01,
-6.0837847e-05,2.00001e-01,
-6.0827846e-05,-0.00000e+00,
-6.0817845e-05,-0.00000e+00,
-6.0807844e-05,2.00001e-01,
-6.0797844e-05,-0.00000e+00,
-6.0787843e-05,-0.00000e+00,
-6.0777842e-05,-0.00000e+00,
-6.0767841e-05,-0.00000e+00,
-6.0757840e-05,-0.00000e+00,
-6.0747840e-05,2.00001e-01,
-6.0737839e-05,-0.00000e+00,
-6.0727838e-05,-0.00000e+00,
-6.0717837e-05,2.00001e-01,
-6.0707836e-05,-0.00000e+00,
-6.0697836e-05,-0.00000e+00,
-6.0687835e-05,-0.00000e+00,
-6.0677834e-05,2.00001e-01,
-6.0667833e-05,-0.00000e+00,
-6.0657832e-05,2.00001e-01,
-6.0647832e-05,-0.00000e+00,
-6.0637831e-05,2.00001e-01,
-6.0627830e-05,2.00001e-01,
-6.0617829e-05,-0.00000e+00,
-6.0607828e-05,2.00001e-01,
-6.0597828e-05,-0.00000e+00,
-6.0587827e-05,-0.00000e+00,
-6.0577826e-05,-0.00000e+00,
-6.0567825e-05,-0.00000e+00,
-6.0557824e-05,2.00001e-01,
-6.0547824e-05,-0.00000e+00,
-6.0537823e-05,-0.00000e+00,
-6.0527822e-05,-0.00000e+00,
-6.0517821e-05,-0.00000e+00,
-6.0507820e-05,-0.00000e+00,
-6.0497820e-05,-0.00000e+00,
-6.0487819e-05,-0.00000e+00,
-6.0477818e-05,-0.00000e+00,
-6.0467817e-05,2.00001e-01,
-6.0457816e-05,-0.00000e+00,
-6.0447815e-05,-0.00000e+00,
-6.0437815e-05,-0.00000e+00,
-6.0427814e-05,-0.00000e+00,
-6.0417813e-05,-0.00000e+00,
-6.0407812e-05,-0.00000e+00,
-6.0397811e-05,2.00001e-01,
-6.0387811e-05,-0.00000e+00,
-6.0377810e-05,-0.00000e+00,
-6.0367809e-05,2.00001e-01,
-6.0357808e-05,2.00001e-01,
-6.0347807e-05,2.00001e-01,
-6.0337807e-05,2.00001e-01,
-6.0327806e-05,-0.00000e+00,
-6.0317805e-05,-0.00000e+00,
-6.0307804e-05,2.00001e-01,
-6.0297803e-05,2.00001e-01,
-6.0287803e-05,-0.00000e+00,
-6.0277802e-05,2.00001e-01,
-6.0267801e-05,-0.00000e+00,
-6.0257800e-05,2.00001e-01,
-6.0247799e-05,-0.00000e+00,
-6.0237799e-05,2.00001e-01,
-6.0227798e-05,-0.00000e+00,
-6.0217797e-05,-0.00000e+00,
-6.0207796e-05,2.00001e-01,
-6.0197795e-05,-0.00000e+00,
-6.0187795e-05,-0.00000e+00,
-6.0177794e-05,-0.00000e+00,
-6.0167793e-05,-0.00000e+00,
-6.0157792e-05,-0.00000e+00,
-6.0147791e-05,-0.00000e+00,
-6.0137791e-05,-0.00000e+00,
-6.0127790e-05,2.00001e-01,
-6.0117789e-05,-0.00000e+00,
-6.0107788e-05,-0.00000e+00,
-6.0097787e-05,-0.00000e+00,
-6.0087787e-05,-0.00000e+00,
-6.0077786e-05,2.00001e-01,
-6.0067785e-05,2.00001e-01,
-6.0057784e-05,-0.00000e+00,
-6.0047783e-05,2.00001e-01,
-6.0037783e-05,-0.00000e+00,
-6.0027782e-05,2.00001e-01,
-6.0017781e-05,-0.00000e+00,
-6.0007780e-05,-0.00000e+00,
-5.9997779e-05,2.00001e-01,
-5.9987779e-05,-0.00000e+00,
-5.9977778e-05,2.00001e-01,
-5.9967777e-05,2.00001e-01,
-5.9957776e-05,-0.00000e+00,
-5.9947775e-05,-0.00000e+00,
-5.9937774e-05,-0.00000e+00,
-5.9927774e-05,-0.00000e+00,
-5.9917773e-05,-0.00000e+00,
-5.9907772e-05,-0.00000e+00,
-5.9897771e-05,2.00001e-01,
-5.9887770e-05,-0.00000e+00,
-5.9877770e-05,-0.00000e+00,
-5.9867769e-05,2.00001e-01,
-5.9857768e-05,2.00001e-01,
-5.9847767e-05,2.00001e-01,
-5.9837766e-05,2.00001e-01,
-5.9827766e-05,-0.00000e+00,
-5.9817765e-05,2.00001e-01,
-5.9807764e-05,-0.00000e+00,
-5.9797763e-05,-0.00000e+00,
-5.9787762e-05,2.00001e-01,
-5.9777762e-05,-0.00000e+00,
-5.9767761e-05,2.00001e-01,
-5.9757760e-05,-0.00000e+00,
-5.9747759e-05,-0.00000e+00,
-5.9737758e-05,-0.00000e+00,
-5.9727758e-05,2.00001e-01,
-5.9717757e-05,-0.00000e+00,
-5.9707756e-05,2.00001e-01,
-5.9697755e-05,-0.00000e+00,
-5.9687754e-05,-0.00000e+00,
-5.9677754e-05,-0.00000e+00,
-5.9667753e-05,2.00001e-01,
-5.9657752e-05,-0.00000e+00,
-5.9647751e-05,-0.00000e+00,
-5.9637750e-05,2.00001e-01,
-5.9627750e-05,-0.00000e+00,
-5.9617749e-05,-0.00000e+00,
-5.9607748e-05,2.00001e-01,
-5.9597747e-05,-0.00000e+00,
-5.9587746e-05,2.00001e-01,
-5.9577746e-05,-0.00000e+00,
-5.9567745e-05,2.00001e-01,
-5.9557744e-05,-0.00000e+00,
-5.9547743e-05,2.00001e-01,
-5.9537742e-05,2.00001e-01,
-5.9527742e-05,-0.00000e+00,
-5.9517741e-05,2.00001e-01,
-5.9507740e-05,2.00001e-01,
-5.9497739e-05,-0.00000e+00,
-5.9487738e-05,2.00001e-01,
-5.9477738e-05,-0.00000e+00,
-5.9467737e-05,2.00001e-01,
-5.9457736e-05,2.00001e-01,
-5.9447735e-05,-0.00000e+00,
-5.9437734e-05,2.00001e-01,
-5.9427734e-05,2.00001e-01,
-5.9417733e-05,-0.00000e+00,
-5.9407732e-05,2.00001e-01,
-5.9397731e-05,-0.00000e+00,
-5.9387730e-05,2.00001e-01,
-5.9377729e-05,-0.00000e+00,
-5.9367729e-05,2.00001e-01,
-5.9357728e-05,2.00001e-01,
-5.9347727e-05,-0.00000e+00,
-5.9337726e-05,-0.00000e+00,
-5.9327725e-05,-0.00000e+00,
-5.9317725e-05,2.00001e-01,
-5.9307724e-05,-0.00000e+00,
-5.9297723e-05,2.00001e-01,
-5.9287722e-05,-0.00000e+00,
-5.9277721e-05,-0.00000e+00,
-5.9267721e-05,2.00001e-01,
-5.9257720e-05,-0.00000e+00,
-5.9247719e-05,-0.00000e+00,
-5.9237718e-05,2.00001e-01,
-5.9227717e-05,-0.00000e+00,
-5.9217717e-05,2.00001e-01,
-5.9207716e-05,2.00001e-01,
-5.9197715e-05,-0.00000e+00,
-5.9187714e-05,2.00001e-01,
-5.9177713e-05,-0.00000e+00,
-5.9167713e-05,-0.00000e+00,
-5.9157712e-05,-0.00000e+00,
-5.9147711e-05,2.00001e-01,
-5.9137710e-05,2.00001e-01,
-5.9127709e-05,2.00001e-01,
-5.9117709e-05,-0.00000e+00,
-5.9107708e-05,-0.00000e+00,
-5.9097707e-05,2.00001e-01,
-5.9087706e-05,-0.00000e+00,
-5.9077705e-05,-0.00000e+00,
-5.9067705e-05,2.00001e-01,
-5.9057704e-05,-0.00000e+00,
-5.9047703e-05,-0.00000e+00,
-5.9037702e-05,-0.00000e+00,
-5.9027701e-05,2.00001e-01,
-5.9017701e-05,2.00001e-01,
-5.9007700e-05,-0.00000e+00,
-5.8997699e-05,2.00001e-01,
-5.8987698e-05,-0.00000e+00,
-5.8977697e-05,-0.00000e+00,
-5.8967697e-05,-0.00000e+00,
-5.8957696e-05,2.00001e-01,
-5.8947695e-05,2.00001e-01,
-5.8937694e-05,2.00001e-01,
-5.8927693e-05,-0.00000e+00,
-5.8917693e-05,2.00001e-01,
-5.8907692e-05,2.00001e-01,
-5.8897691e-05,-0.00000e+00,
-5.8887690e-05,-0.00000e+00,
-5.8877689e-05,2.00001e-01,
-5.8867688e-05,2.00001e-01,
-5.8857688e-05,-0.00000e+00,
-5.8847687e-05,-0.00000e+00,
-5.8837686e-05,-0.00000e+00,
-5.8827685e-05,-0.00000e+00,
-5.8817684e-05,-0.00000e+00,
-5.8807684e-05,-0.00000e+00,
-5.8797683e-05,-0.00000e+00,
-5.8787682e-05,2.00001e-01,
-5.8777681e-05,-0.00000e+00,
-5.8767680e-05,-0.00000e+00,
-5.8757680e-05,-0.00000e+00,
-5.8747679e-05,-0.00000e+00,
-5.8737678e-05,-0.00000e+00,
-5.8727677e-05,-0.00000e+00,
-5.8717676e-05,-0.00000e+00,
-5.8707676e-05,-0.00000e+00,
-5.8697675e-05,-0.00000e+00,
-5.8687674e-05,2.00001e-01,
-5.8677673e-05,-0.00000e+00,
-5.8667672e-05,-0.00000e+00,
-5.8657672e-05,2.00001e-01,
-5.8647671e-05,-0.00000e+00,
-5.8637670e-05,2.00001e-01,
-5.8627669e-05,2.00001e-01,
-5.8617668e-05,-0.00000e+00,
-5.8607668e-05,2.00001e-01,
-5.8597667e-05,-0.00000e+00,
-5.8587666e-05,2.00001e-01,
-5.8577665e-05,-0.00000e+00,
-5.8567664e-05,2.00001e-01,
-5.8557664e-05,-0.00000e+00,
-5.8547663e-05,-0.00000e+00,
-5.8537662e-05,2.00001e-01,
-5.8527661e-05,-0.00000e+00,
-5.8517660e-05,2.00001e-01,
-5.8507660e-05,-0.00000e+00,
-5.8497659e-05,2.00001e-01,
-5.8487658e-05,-0.00000e+00,
-5.8477657e-05,2.00001e-01,
-5.8467656e-05,-0.00000e+00,
-5.8457656e-05,2.00001e-01,
-5.8447655e-05,-0.00000e+00,
-5.8437654e-05,2.00001e-01,
-5.8427653e-05,-0.00000e+00,
-5.8417652e-05,2.00001e-01,
-5.8407652e-05,2.00001e-01,
-5.8397651e-05,-0.00000e+00,
-5.8387650e-05,2.00001e-01,
-5.8377649e-05,-0.00000e+00,
-5.8367648e-05,2.00001e-01,
-5.8357648e-05,-0.00000e+00,
-5.8347647e-05,-0.00000e+00,
-5.8337646e-05,-0.00000e+00,
-5.8327645e-05,2.00001e-01,
-5.8317644e-05,-0.00000e+00,
-5.8307643e-05,-0.00000e+00,
-5.8297643e-05,-0.00000e+00,
-5.8287642e-05,-0.00000e+00,
-5.8277641e-05,2.00001e-01,
-5.8267640e-05,2.00001e-01,
-5.8257639e-05,-0.00000e+00,
-5.8247639e-05,-0.00000e+00,
-5.8237638e-05,-0.00000e+00,
-5.8227637e-05,2.00001e-01,
-5.8217636e-05,-0.00000e+00,
-5.8207635e-05,-0.00000e+00,
-5.8197635e-05,-0.00000e+00,
-5.8187634e-05,-0.00000e+00,
-5.8177633e-05,-0.00000e+00,
-5.8167632e-05,-0.00000e+00,
-5.8157631e-05,-0.00000e+00,
-5.8147631e-05,2.00001e-01,
-5.8137630e-05,-0.00000e+00,
-5.8127629e-05,-0.00000e+00,
-5.8117628e-05,-0.00000e+00,
-5.8107627e-05,-0.00000e+00,
-5.8097627e-05,2.00001e-01,
-5.8087626e-05,-0.00000e+00,
-5.8077625e-05,2.00001e-01,
-5.8067624e-05,-0.00000e+00,
-5.8057623e-05,-0.00000e+00,
-5.8047623e-05,2.00001e-01,
-5.8037622e-05,2.00001e-01,
-5.8027621e-05,2.00001e-01,
-5.8017620e-05,-0.00000e+00,
-5.8007619e-05,-0.00000e+00,
-5.7997619e-05,2.00001e-01,
-5.7987618e-05,-0.00000e+00,
-5.7977617e-05,-0.00000e+00,
-5.7967616e-05,-0.00000e+00,
-5.7957615e-05,-0.00000e+00,
-5.7947615e-05,2.00001e-01,
-5.7937614e-05,2.00001e-01,
-5.7927613e-05,-0.00000e+00,
-5.7917612e-05,-0.00000e+00,
-5.7907611e-05,2.00001e-01,
-5.7897611e-05,2.00001e-01,
-5.7887610e-05,-0.00000e+00,
-5.7877609e-05,-0.00000e+00,
-5.7867608e-05,-0.00000e+00,
-5.7857607e-05,-0.00000e+00,
-5.7847607e-05,-0.00000e+00,
-5.7837606e-05,2.00001e-01,
-5.7827605e-05,2.00001e-01,
-5.7817604e-05,-0.00000e+00,
-5.7807603e-05,-0.00000e+00,
-5.7797602e-05,-0.00000e+00,
-5.7787602e-05,2.00001e-01,
-5.7777601e-05,2.00001e-01,
-5.7767600e-05,-0.00000e+00,
-5.7757599e-05,-0.00000e+00,
-5.7747598e-05,-0.00000e+00,
-5.7737598e-05,2.00001e-01,
-5.7727597e-05,-0.00000e+00,
-5.7717596e-05,-0.00000e+00,
-5.7707595e-05,-0.00000e+00,
-5.7697594e-05,-0.00000e+00,
-5.7687594e-05,-0.00000e+00,
-5.7677593e-05,2.00001e-01,
-5.7667592e-05,-0.00000e+00,
-5.7657591e-05,-0.00000e+00,
-5.7647590e-05,-0.00000e+00,
-5.7637590e-05,-0.00000e+00,
-5.7627589e-05,2.00001e-01,
-5.7617588e-05,2.00001e-01,
-5.7607587e-05,-0.00000e+00,
-5.7597586e-05,-0.00000e+00,
-5.7587586e-05,-0.00000e+00,
-5.7577585e-05,-0.00000e+00,
-5.7567584e-05,-0.00000e+00,
-5.7557583e-05,2.00001e-01,
-5.7547582e-05,-0.00000e+00,
-5.7537582e-05,-0.00000e+00,
-5.7527581e-05,-0.00000e+00,
-5.7517580e-05,-0.00000e+00,
-5.7507579e-05,2.00001e-01,
-5.7497578e-05,-0.00000e+00,
-5.7487578e-05,2.00001e-01,
-5.7477577e-05,-0.00000e+00,
-5.7467576e-05,-0.00000e+00,
-5.7457575e-05,-0.00000e+00,
-5.7447574e-05,2.00001e-01,
-5.7437574e-05,2.00001e-01,
-5.7427573e-05,-0.00000e+00,
-5.7417572e-05,-0.00000e+00,
-5.7407571e-05,-0.00000e+00,
-5.7397570e-05,2.00001e-01,
-5.7387570e-05,-0.00000e+00,
-5.7377569e-05,2.00001e-01,
-5.7367568e-05,-0.00000e+00,
-5.7357567e-05,-0.00000e+00,
-5.7347566e-05,-0.00000e+00,
-5.7337566e-05,2.00001e-01,
-5.7327565e-05,-0.00000e+00,
-5.7317564e-05,-0.00000e+00,
-5.7307563e-05,-0.00000e+00,
-5.7297562e-05,-0.00000e+00,
-5.7287562e-05,2.00001e-01,
-5.7277561e-05,2.00001e-01,
-5.7267560e-05,-0.00000e+00,
-5.7257559e-05,-0.00000e+00,
-5.7247558e-05,2.00001e-01,
-5.7237557e-05,-0.00000e+00,
-5.7227557e-05,2.00001e-01,
-5.7217556e-05,-0.00000e+00,
-5.7207555e-05,-0.00000e+00,
-5.7197554e-05,2.00001e-01,
-5.7187553e-05,-0.00000e+00,
-5.7177553e-05,2.00001e-01,
-5.7167552e-05,2.00001e-01,
-5.7157551e-05,-0.00000e+00,
-5.7147550e-05,2.00001e-01,
-5.7137549e-05,-0.00000e+00,
-5.7127549e-05,-0.00000e+00,
-5.7117548e-05,-0.00000e+00,
-5.7107547e-05,-0.00000e+00,
-5.7097546e-05,2.00001e-01,
-5.7087545e-05,2.00001e-01,
-5.7077545e-05,-0.00000e+00,
-5.7067544e-05,-0.00000e+00,
-5.7057543e-05,-0.00000e+00,
-5.7047542e-05,-0.00000e+00,
-5.7037541e-05,-0.00000e+00,
-5.7027541e-05,2.00001e-01,
-5.7017540e-05,-0.00000e+00,
-5.7007539e-05,-0.00000e+00,
-5.6997538e-05,-0.00000e+00,
-5.6987537e-05,-0.00000e+00,
-5.6977537e-05,2.00001e-01,
-5.6967536e-05,2.00001e-01,
-5.6957535e-05,-0.00000e+00,
-5.6947534e-05,-0.00000e+00,
-5.6937533e-05,-0.00000e+00,
-5.6927533e-05,2.00001e-01,
-5.6917532e-05,-0.00000e+00,
-5.6907531e-05,2.00001e-01,
-5.6897530e-05,2.00001e-01,
-5.6887529e-05,2.00001e-01,
-5.6877529e-05,-0.00000e+00,
-5.6867528e-05,-0.00000e+00,
-5.6857527e-05,-0.00000e+00,
-5.6847526e-05,2.00001e-01,
-5.6837525e-05,2.00001e-01,
-5.6827525e-05,2.00001e-01,
-5.6817524e-05,-0.00000e+00,
-5.6807523e-05,-0.00000e+00,
-5.6797522e-05,-0.00000e+00,
-5.6787521e-05,-0.00000e+00,
-5.6777521e-05,2.00001e-01,
-5.6767520e-05,-0.00000e+00,
-5.6757519e-05,-0.00000e+00,
-5.6747518e-05,-0.00000e+00,
-5.6737517e-05,-0.00000e+00,
-5.6727516e-05,2.00001e-01,
-5.6717516e-05,-0.00000e+00,
-5.6707515e-05,-0.00000e+00,
-5.6697514e-05,2.00001e-01,
-5.6687513e-05,-0.00000e+00,
-5.6677512e-05,-0.00000e+00,
-5.6667512e-05,-0.00000e+00,
-5.6657511e-05,-0.00000e+00,
-5.6647510e-05,2.00001e-01,
-5.6637509e-05,-0.00000e+00,
-5.6627508e-05,-0.00000e+00,
-5.6617508e-05,-0.00000e+00,
-5.6607507e-05,2.00001e-01,
-5.6597506e-05,-0.00000e+00,
-5.6587505e-05,2.00001e-01,
-5.6577504e-05,-0.00000e+00,
-5.6567504e-05,-0.00000e+00,
-5.6557503e-05,2.00001e-01,
-5.6547502e-05,2.00001e-01,
-5.6537501e-05,2.00001e-01,
-5.6527500e-05,2.00001e-01,
-5.6517500e-05,-0.00000e+00,
-5.6507499e-05,-0.00000e+00,
-5.6497498e-05,2.00001e-01,
-5.6487497e-05,-0.00000e+00,
-5.6477496e-05,-0.00000e+00,
-5.6467496e-05,2.00001e-01,
-5.6457495e-05,-0.00000e+00,
-5.6447494e-05,2.00001e-01,
-5.6437493e-05,2.00001e-01,
-5.6427492e-05,2.00001e-01,
-5.6417492e-05,2.00001e-01,
-5.6407491e-05,-0.00000e+00,
-5.6397490e-05,2.00001e-01,
-5.6387489e-05,-0.00000e+00,
-5.6377488e-05,2.00001e-01,
-5.6367488e-05,-0.00000e+00,
-5.6357487e-05,2.00001e-01,
-5.6347486e-05,-0.00000e+00,
-5.6337485e-05,-0.00000e+00,
-5.6327484e-05,2.00001e-01,
-5.6317484e-05,2.00001e-01,
-5.6307483e-05,2.00001e-01,
-5.6297482e-05,2.00001e-01,
-5.6287481e-05,-0.00000e+00,
-5.6277480e-05,2.00001e-01,
-5.6267480e-05,-0.00000e+00,
-5.6257479e-05,-0.00000e+00,
-5.6247478e-05,-0.00000e+00,
-5.6237477e-05,-0.00000e+00,
-5.6227476e-05,2.00001e-01,
-5.6217476e-05,2.00001e-01,
-5.6207475e-05,-0.00000e+00,
-5.6197474e-05,-0.00000e+00,
-5.6187473e-05,2.00001e-01,
-5.6177472e-05,2.00001e-01,
-5.6167471e-05,-0.00000e+00,
-5.6157471e-05,2.00001e-01,
-5.6147470e-05,2.00001e-01,
-5.6137469e-05,2.00001e-01,
-5.6127468e-05,-0.00000e+00,
-5.6117467e-05,-0.00000e+00,
-5.6107467e-05,2.00001e-01,
-5.6097466e-05,2.00001e-01,
-5.6087465e-05,-0.00000e+00,
-5.6077464e-05,2.00001e-01,
-5.6067463e-05,2.00001e-01,
-5.6057463e-05,-0.00000e+00,
-5.6047462e-05,2.00001e-01,
-5.6037461e-05,2.00001e-01,
-5.6027460e-05,-0.00000e+00,
-5.6017459e-05,-0.00000e+00,
-5.6007459e-05,-0.00000e+00,
-5.5997458e-05,2.00001e-01,
-5.5987457e-05,-0.00000e+00,
-5.5977456e-05,2.00001e-01,
-5.5967455e-05,-0.00000e+00,
-5.5957455e-05,-0.00000e+00,
-5.5947454e-05,2.00001e-01,
-5.5937453e-05,2.00001e-01,
-5.5927452e-05,-0.00000e+00,
-5.5917451e-05,-0.00000e+00,
-5.5907451e-05,-0.00000e+00,
-5.5897450e-05,2.00001e-01,
-5.5887449e-05,-0.00000e+00,
-5.5877448e-05,-0.00000e+00,
-5.5867447e-05,2.00001e-01,
-5.5857447e-05,-0.00000e+00,
-5.5847446e-05,2.00001e-01,
-5.5837445e-05,-0.00000e+00,
-5.5827444e-05,2.00001e-01,
-5.5817443e-05,2.00001e-01,
-5.5807443e-05,2.00001e-01,
-5.5797442e-05,2.00001e-01,
-5.5787441e-05,2.00001e-01,
-5.5777440e-05,2.00001e-01,
-5.5767439e-05,2.00001e-01,
-5.5757439e-05,-0.00000e+00,
-5.5747438e-05,-0.00000e+00,
-5.5737437e-05,-0.00000e+00,
-5.5727436e-05,-0.00000e+00,
-5.5717435e-05,2.00001e-01,
-5.5707435e-05,2.00001e-01,
-5.5697434e-05,-0.00000e+00,
-5.5687433e-05,2.00001e-01,
-5.5677432e-05,2.00001e-01,
-5.5667431e-05,-0.00000e+00,
-5.5657430e-05,-0.00000e+00,
-5.5647430e-05,2.00001e-01,
-5.5637429e-05,-0.00000e+00,
-5.5627428e-05,-0.00000e+00,
-5.5617427e-05,-0.00000e+00,
-5.5607426e-05,2.00001e-01,
-5.5597426e-05,-0.00000e+00,
-5.5587425e-05,-0.00000e+00,
-5.5577424e-05,-0.00000e+00,
-5.5567423e-05,-0.00000e+00,
-5.5557422e-05,-0.00000e+00,
-5.5547422e-05,2.00001e-01,
-5.5537421e-05,-0.00000e+00,
-5.5527420e-05,2.00001e-01,
-5.5517419e-05,-0.00000e+00,
-5.5507418e-05,-0.00000e+00,
-5.5497418e-05,2.00001e-01,
-5.5487417e-05,2.00001e-01,
-5.5477416e-05,-0.00000e+00,
-5.5467415e-05,2.00001e-01,
-5.5457414e-05,-0.00000e+00,
-5.5447414e-05,2.00001e-01,
-5.5437413e-05,2.00001e-01,
-5.5427412e-05,-0.00000e+00,
-5.5417411e-05,-0.00000e+00,
-5.5407410e-05,-0.00000e+00,
-5.5397410e-05,2.00001e-01,
-5.5387409e-05,-0.00000e+00,
-5.5377408e-05,-0.00000e+00,
-5.5367407e-05,2.00001e-01,
-5.5357406e-05,-0.00000e+00,
-5.5347406e-05,2.00001e-01,
-5.5337405e-05,-0.00000e+00,
-5.5327404e-05,-0.00000e+00,
-5.5317403e-05,2.00001e-01,
-5.5307402e-05,2.00001e-01,
-5.5297402e-05,2.00001e-01,
-5.5287401e-05,-0.00000e+00,
-5.5277400e-05,-0.00000e+00,
-5.5267399e-05,-0.00000e+00,
-5.5257398e-05,2.00001e-01,
-5.5247398e-05,-0.00000e+00,
-5.5237397e-05,2.00001e-01,
-5.5227396e-05,-0.00000e+00,
-5.5217395e-05,-0.00000e+00,
-5.5207394e-05,2.00001e-01,
-5.5197394e-05,-0.00000e+00,
-5.5187393e-05,2.00001e-01,
-5.5177392e-05,-0.00000e+00,
-5.5167391e-05,-0.00000e+00,
-5.5157390e-05,2.00001e-01,
-5.5147390e-05,2.00001e-01,
-5.5137389e-05,-0.00000e+00,
-5.5127388e-05,2.00001e-01,
-5.5117387e-05,-0.00000e+00,
-5.5107386e-05,2.00001e-01,
-5.5097385e-05,-0.00000e+00,
-5.5087385e-05,-0.00000e+00,
-5.5077384e-05,-0.00000e+00,
-5.5067383e-05,2.00001e-01,
-5.5057382e-05,2.00001e-01,
-5.5047381e-05,-0.00000e+00,
-5.5037381e-05,-0.00000e+00,
-5.5027380e-05,-0.00000e+00,
-5.5017379e-05,-0.00000e+00,
-5.5007378e-05,2.00001e-01,
-5.4997377e-05,-0.00000e+00,
-5.4987377e-05,-0.00000e+00,
-5.4977376e-05,-0.00000e+00,
-5.4967375e-05,2.00001e-01,
-5.4957374e-05,-0.00000e+00,
-5.4947373e-05,2.00001e-01,
-5.4937373e-05,-0.00000e+00,
-5.4927372e-05,-0.00000e+00,
-5.4917371e-05,-0.00000e+00,
-5.4907370e-05,2.00001e-01,
-5.4897369e-05,2.00001e-01,
-5.4887369e-05,-0.00000e+00,
-5.4877368e-05,-0.00000e+00,
-5.4867367e-05,2.00001e-01,
-5.4857366e-05,2.00001e-01,
-5.4847365e-05,-0.00000e+00,
-5.4837365e-05,-0.00000e+00,
-5.4827364e-05,-0.00000e+00,
-5.4817363e-05,-0.00000e+00,
-5.4807362e-05,-0.00000e+00,
-5.4797361e-05,2.00001e-01,
-5.4787361e-05,-0.00000e+00,
-5.4777360e-05,2.00001e-01,
-5.4767359e-05,-0.00000e+00,
-5.4757358e-05,-0.00000e+00,
-5.4747357e-05,2.00001e-01,
-5.4737357e-05,2.00001e-01,
-5.4727356e-05,-0.00000e+00,
-5.4717355e-05,-0.00000e+00,
-5.4707354e-05,-0.00000e+00,
-5.4697353e-05,2.00001e-01,
-5.4687353e-05,-0.00000e+00,
-5.4677352e-05,2.00001e-01,
-5.4667351e-05,-0.00000e+00,
-5.4657350e-05,-0.00000e+00,
-5.4647349e-05,2.00001e-01,
-5.4637349e-05,2.00001e-01,
-5.4627348e-05,-0.00000e+00,
-5.4617347e-05,2.00001e-01,
-5.4607346e-05,2.00001e-01,
-5.4597345e-05,2.00001e-01,
-5.4587344e-05,2.00001e-01,
-5.4577344e-05,2.00001e-01,
-5.4567343e-05,2.00001e-01,
-5.4557342e-05,-0.00000e+00,
-5.4547341e-05,-0.00000e+00,
-5.4537340e-05,-0.00000e+00,
-5.4527340e-05,-0.00000e+00,
-5.4517339e-05,-0.00000e+00,
-5.4507338e-05,2.00001e-01,
-5.4497337e-05,-0.00000e+00,
-5.4487336e-05,-0.00000e+00,
-5.4477336e-05,-0.00000e+00,
-5.4467335e-05,-0.00000e+00,
-5.4457334e-05,-0.00000e+00,
-5.4447333e-05,2.00001e-01,
-5.4437332e-05,-0.00000e+00,
-5.4427332e-05,-0.00000e+00,
-5.4417331e-05,-0.00000e+00,
-5.4407330e-05,2.00001e-01,
-5.4397329e-05,2.00001e-01,
-5.4387328e-05,-0.00000e+00,
-5.4377328e-05,-0.00000e+00,
-5.4367327e-05,-0.00000e+00,
-5.4357326e-05,-0.00000e+00,
-5.4347325e-05,-0.00000e+00,
-5.4337324e-05,-0.00000e+00,
-5.4327324e-05,-0.00000e+00,
-5.4317323e-05,-0.00000e+00,
-5.4307322e-05,2.00001e-01,
-5.4297321e-05,-0.00000e+00,
-5.4287320e-05,-0.00000e+00,
-5.4277320e-05,2.00001e-01,
-5.4267319e-05,-0.00000e+00,
-5.4257318e-05,-0.00000e+00,
-5.4247317e-05,2.00001e-01,
-5.4237316e-05,-0.00000e+00,
-5.4227316e-05,-0.00000e+00,
-5.4217315e-05,-0.00000e+00,
-5.4207314e-05,2.00001e-01,
-5.4197313e-05,2.00001e-01,
-5.4187312e-05,2.00001e-01,
-5.4177312e-05,-0.00000e+00,
-5.4167311e-05,2.00001e-01,
-5.4157310e-05,-0.00000e+00,
-5.4147309e-05,-0.00000e+00,
-5.4137308e-05,-0.00000e+00,
-5.4127308e-05,-0.00000e+00,
-5.4117307e-05,2.00001e-01,
-5.4107306e-05,2.00001e-01,
-5.4097305e-05,-0.00000e+00,
-5.4087304e-05,-0.00000e+00,
-5.4077304e-05,-0.00000e+00,
-5.4067303e-05,-0.00000e+00,
-5.4057302e-05,-0.00000e+00,
-5.4047301e-05,2.00001e-01,
-5.4037300e-05,2.00001e-01,
-5.4027299e-05,-0.00000e+00,
-5.4017299e-05,2.00001e-01,
-5.4007298e-05,-0.00000e+00,
-5.3997297e-05,2.00001e-01,
-5.3987296e-05,-0.00000e+00,
-5.3977295e-05,2.00001e-01,
-5.3967295e-05,2.00001e-01,
-5.3957294e-05,-0.00000e+00,
-5.3947293e-05,2.00001e-01,
-5.3937292e-05,2.00001e-01,
-5.3927291e-05,2.00001e-01,
-5.3917291e-05,-0.00000e+00,
-5.3907290e-05,-0.00000e+00,
-5.3897289e-05,2.00001e-01,
-5.3887288e-05,-0.00000e+00,
-5.3877287e-05,-0.00000e+00,
-5.3867287e-05,2.00001e-01,
-5.3857286e-05,2.00001e-01,
-5.3847285e-05,2.00001e-01,
-5.3837284e-05,-0.00000e+00,
-5.3827283e-05,2.00001e-01,
-5.3817283e-05,2.00001e-01,
-5.3807282e-05,2.00001e-01,
-5.3797281e-05,-0.00000e+00,
-5.3787280e-05,2.00001e-01,
-5.3777279e-05,2.00001e-01,
-5.3767279e-05,2.00001e-01,
-5.3757278e-05,-0.00000e+00,
-5.3747277e-05,2.00001e-01,
-5.3737276e-05,-0.00000e+00,
-5.3727275e-05,-0.00000e+00,
-5.3717275e-05,-0.00000e+00,
-5.3707274e-05,2.00001e-01,
-5.3697273e-05,2.00001e-01,
-5.3687272e-05,-0.00000e+00,
-5.3677271e-05,-0.00000e+00,
-5.3667271e-05,2.00001e-01,
-5.3657270e-05,2.00001e-01,
-5.3647269e-05,-0.00000e+00,
-5.3637268e-05,-0.00000e+00,
-5.3627267e-05,2.00001e-01,
-5.3617267e-05,2.00001e-01,
-5.3607266e-05,-0.00000e+00,
-5.3597265e-05,-0.00000e+00,
-5.3587264e-05,-0.00000e+00,
-5.3577263e-05,2.00001e-01,
-5.3567263e-05,-0.00000e+00,
-5.3557262e-05,-0.00000e+00,
-5.3547261e-05,-0.00000e+00,
-5.3537260e-05,2.00001e-01,
-5.3527259e-05,2.00001e-01,
-5.3517258e-05,-0.00000e+00,
-5.3507258e-05,-0.00000e+00,
-5.3497257e-05,2.00001e-01,
-5.3487256e-05,2.00001e-01,
-5.3477255e-05,-0.00000e+00,
-5.3467254e-05,-0.00000e+00,
-5.3457254e-05,-0.00000e+00,
-5.3447253e-05,-0.00000e+00,
-5.3437252e-05,-0.00000e+00,
-5.3427251e-05,2.00001e-01,
-5.3417250e-05,-0.00000e+00,
-5.3407250e-05,-0.00000e+00,
-5.3397249e-05,-0.00000e+00,
-5.3387248e-05,2.00001e-01,
-5.3377247e-05,-0.00000e+00,
-5.3367246e-05,-0.00000e+00,
-5.3357246e-05,-0.00000e+00,
-5.3347245e-05,2.00001e-01,
-5.3337244e-05,2.00001e-01,
-5.3327243e-05,-0.00000e+00,
-5.3317242e-05,-0.00000e+00,
-5.3307242e-05,2.00001e-01,
-5.3297241e-05,-0.00000e+00,
-5.3287240e-05,2.00001e-01,
-5.3277239e-05,-0.00000e+00,
-5.3267238e-05,-0.00000e+00,
-5.3257238e-05,-0.00000e+00,
-5.3247237e-05,2.00001e-01,
-5.3237236e-05,-0.00000e+00,
-5.3227235e-05,-0.00000e+00,
-5.3217234e-05,2.00001e-01,
-5.3207234e-05,-0.00000e+00,
-5.3197233e-05,-0.00000e+00,
-5.3187232e-05,-0.00000e+00,
-5.3177231e-05,-0.00000e+00,
-5.3167230e-05,2.00001e-01,
-5.3157230e-05,-0.00000e+00,
-5.3147229e-05,-0.00000e+00,
-5.3137228e-05,-0.00000e+00,
-5.3127227e-05,-0.00000e+00,
-5.3117226e-05,-0.00000e+00,
-5.3107226e-05,-0.00000e+00,
-5.3097225e-05,-0.00000e+00,
-5.3087224e-05,2.00001e-01,
-5.3077223e-05,-0.00000e+00,
-5.3067222e-05,-0.00000e+00,
-5.3057222e-05,2.00001e-01,
-5.3047221e-05,-0.00000e+00,
-5.3037220e-05,2.00001e-01,
-5.3027219e-05,2.00001e-01,
-5.3017218e-05,-0.00000e+00,
-5.3007218e-05,-0.00000e+00,
-5.2997217e-05,2.00001e-01,
-5.2987216e-05,2.00001e-01,
-5.2977215e-05,2.00001e-01,
-5.2967214e-05,-0.00000e+00,
-5.2957213e-05,-0.00000e+00,
-5.2947213e-05,2.00001e-01,
-5.2937212e-05,-0.00000e+00,
-5.2927211e-05,-0.00000e+00,
-5.2917210e-05,2.00001e-01,
-5.2907209e-05,-0.00000e+00,
-5.2897209e-05,2.00001e-01,
-5.2887208e-05,2.00001e-01,
-5.2877207e-05,-0.00000e+00,
-5.2867206e-05,-0.00000e+00,
-5.2857205e-05,-0.00000e+00,
-5.2847205e-05,2.00001e-01,
-5.2837204e-05,2.00001e-01,
-5.2827203e-05,-0.00000e+00,
-5.2817202e-05,-0.00000e+00,
-5.2807201e-05,-0.00000e+00,
-5.2797201e-05,-0.00000e+00,
-5.2787200e-05,-0.00000e+00,
-5.2777199e-05,2.00001e-01,
-5.2767198e-05,-0.00000e+00,
-5.2757197e-05,-0.00000e+00,
-5.2747197e-05,-0.00000e+00,
-5.2737196e-05,2.00001e-01,
-5.2727195e-05,2.00001e-01,
-5.2717194e-05,-0.00000e+00,
-5.2707193e-05,2.00001e-01,
-5.2697193e-05,-0.00000e+00,
-5.2687192e-05,2.00001e-01,
-5.2677191e-05,-0.00000e+00,
-5.2667190e-05,2.00001e-01,
-5.2657189e-05,-0.00000e+00,
-5.2647189e-05,-0.00000e+00,
-5.2637188e-05,2.00001e-01,
-5.2627187e-05,2.00001e-01,
-5.2617186e-05,-0.00000e+00,
-5.2607185e-05,2.00001e-01,
-5.2597185e-05,2.00001e-01,
-5.2587184e-05,2.00001e-01,
-5.2577183e-05,-0.00000e+00,
-5.2567182e-05,-0.00000e+00,
-5.2557181e-05,-0.00000e+00,
-5.2547181e-05,2.00001e-01,
-5.2537180e-05,-0.00000e+00,
-5.2527179e-05,2.00001e-01,
-5.2517178e-05,-0.00000e+00,
-5.2507177e-05,-0.00000e+00,
-5.2497177e-05,2.00001e-01,
-5.2487176e-05,-0.00000e+00,
-5.2477175e-05,2.00001e-01,
-5.2467174e-05,-0.00000e+00,
-5.2457173e-05,-0.00000e+00,
-5.2447172e-05,-0.00000e+00,
-5.2437172e-05,-0.00000e+00,
-5.2427171e-05,-0.00000e+00,
-5.2417170e-05,2.00001e-01,
-5.2407169e-05,2.00001e-01,
-5.2397168e-05,-0.00000e+00,
-5.2387168e-05,-0.00000e+00,
-5.2377167e-05,-0.00000e+00,
-5.2367166e-05,2.00001e-01,
-5.2357165e-05,-0.00000e+00,
-5.2347164e-05,-0.00000e+00,
-5.2337164e-05,-0.00000e+00,
-5.2327163e-05,-0.00000e+00,
-5.2317162e-05,-0.00000e+00,
-5.2307161e-05,2.00001e-01,
-5.2297160e-05,-0.00000e+00,
-5.2287160e-05,2.00001e-01,
-5.2277159e-05,2.00001e-01,
-5.2267158e-05,-0.00000e+00,
-5.2257157e-05,2.00001e-01,
-5.2247156e-05,2.00001e-01,
-5.2237156e-05,-0.00000e+00,
-5.2227155e-05,2.00001e-01,
-5.2217154e-05,-0.00000e+00,
-5.2207153e-05,-0.00000e+00,
-5.2197152e-05,-0.00000e+00,
-5.2187152e-05,2.00001e-01,
-5.2177151e-05,-0.00000e+00,
-5.2167150e-05,2.00001e-01,
-5.2157149e-05,-0.00000e+00,
-5.2147148e-05,-0.00000e+00,
-5.2137148e-05,2.00001e-01,
-5.2127147e-05,-0.00000e+00,
-5.2117146e-05,-0.00000e+00,
-5.2107145e-05,2.00001e-01,
-5.2097144e-05,-0.00000e+00,
-5.2087144e-05,2.00001e-01,
-5.2077143e-05,-0.00000e+00,
-5.2067142e-05,2.00001e-01,
-5.2057141e-05,-0.00000e+00,
-5.2047140e-05,-0.00000e+00,
-5.2037140e-05,2.00001e-01,
-5.2027139e-05,2.00001e-01,
-5.2017138e-05,2.00001e-01,
-5.2007137e-05,-0.00000e+00,
-5.1997136e-05,-0.00000e+00,
-5.1987136e-05,-0.00000e+00,
-5.1977135e-05,2.00001e-01,
-5.1967134e-05,-0.00000e+00,
-5.1957133e-05,-0.00000e+00,
-5.1947132e-05,2.00001e-01,
-5.1937132e-05,-0.00000e+00,
-5.1927131e-05,2.00001e-01,
-5.1917130e-05,2.00001e-01,
-5.1907129e-05,-0.00000e+00,
-5.1897128e-05,-0.00000e+00,
-5.1887127e-05,2.00001e-01,
-5.1877127e-05,-0.00000e+00,
-5.1867126e-05,-0.00000e+00,
-5.1857125e-05,-0.00000e+00,
-5.1847124e-05,-0.00000e+00,
-5.1837123e-05,-0.00000e+00,
-5.1827123e-05,-0.00000e+00,
-5.1817122e-05,-0.00000e+00,
-5.1807121e-05,2.00001e-01,
-5.1797120e-05,-0.00000e+00,
-5.1787119e-05,2.00001e-01,
-5.1777119e-05,-0.00000e+00,
-5.1767118e-05,2.00001e-01,
-5.1757117e-05,-0.00000e+00,
-5.1747116e-05,2.00001e-01,
-5.1737115e-05,2.00001e-01,
-5.1727115e-05,2.00001e-01,
-5.1717114e-05,2.00001e-01,
-5.1707113e-05,2.00001e-01,
-5.1697112e-05,-0.00000e+00,
-5.1687111e-05,2.00001e-01,
-5.1677111e-05,-0.00000e+00,
-5.1667110e-05,-0.00000e+00,
-5.1657109e-05,-0.00000e+00,
-5.1647108e-05,2.00001e-01,
-5.1637107e-05,-0.00000e+00,
-5.1627107e-05,-0.00000e+00,
-5.1617106e-05,-0.00000e+00,
-5.1607105e-05,-0.00000e+00,
-5.1597104e-05,-0.00000e+00,
-5.1587103e-05,-0.00000e+00,
-5.1577103e-05,2.00001e-01,
-5.1567102e-05,-0.00000e+00,
-5.1557101e-05,-0.00000e+00,
-5.1547100e-05,-0.00000e+00,
-5.1537099e-05,2.00001e-01,
-5.1527099e-05,-0.00000e+00,
-5.1517098e-05,2.00001e-01,
-5.1507097e-05,-0.00000e+00,
-5.1497096e-05,-0.00000e+00,
-5.1487095e-05,-0.00000e+00,
-5.1477095e-05,-0.00000e+00,
-5.1467094e-05,2.00001e-01,
-5.1457093e-05,-0.00000e+00,
-5.1447092e-05,-0.00000e+00,
-5.1437091e-05,2.00001e-01,
-5.1427091e-05,-0.00000e+00,
-5.1417090e-05,2.00001e-01,
-5.1407089e-05,-0.00000e+00,
-5.1397088e-05,-0.00000e+00,
-5.1387087e-05,-0.00000e+00,
-5.1377086e-05,-0.00000e+00,
-5.1367086e-05,2.00001e-01,
-5.1357085e-05,2.00001e-01,
-5.1347084e-05,-0.00000e+00,
-5.1337083e-05,-0.00000e+00,
-5.1327082e-05,2.00001e-01,
-5.1317082e-05,2.00001e-01,
-5.1307081e-05,-0.00000e+00,
-5.1297080e-05,2.00001e-01,
-5.1287079e-05,-0.00000e+00,
-5.1277078e-05,-0.00000e+00,
-5.1267078e-05,-0.00000e+00,
-5.1257077e-05,2.00001e-01,
-5.1247076e-05,2.00001e-01,
-5.1237075e-05,2.00001e-01,
-5.1227074e-05,-0.00000e+00,
-5.1217074e-05,-0.00000e+00,
-5.1207073e-05,2.00001e-01,
-5.1197072e-05,-0.00000e+00,
-5.1187071e-05,-0.00000e+00,
-5.1177070e-05,-0.00000e+00,
-5.1167070e-05,-0.00000e+00,
-5.1157069e-05,-0.00000e+00,
-5.1147068e-05,2.00001e-01,
-5.1137067e-05,-0.00000e+00,
-5.1127066e-05,-0.00000e+00,
-5.1117066e-05,2.00001e-01,
-5.1107065e-05,-0.00000e+00,
-5.1097064e-05,-0.00000e+00,
-5.1087063e-05,2.00001e-01,
-5.1077062e-05,-0.00000e+00,
-5.1067062e-05,-0.00000e+00,
-5.1057061e-05,2.00001e-01,
-5.1047060e-05,-0.00000e+00,
-5.1037059e-05,2.00001e-01,
-5.1027058e-05,-0.00000e+00,
-5.1017058e-05,-0.00000e+00,
-5.1007057e-05,2.00001e-01,
-5.0997056e-05,-0.00000e+00,
-5.0987055e-05,-0.00000e+00,
-5.0977054e-05,-0.00000e+00,
-5.0967054e-05,-0.00000e+00,
-5.0957053e-05,-0.00000e+00,
-5.0947052e-05,2.00001e-01,
-5.0937051e-05,-0.00000e+00,
-5.0927050e-05,-0.00000e+00,
-5.0917050e-05,-0.00000e+00,
-5.0907049e-05,-0.00000e+00,
-5.0897048e-05,-0.00000e+00,
-5.0887047e-05,-0.00000e+00,
-5.0877046e-05,2.00001e-01,
-5.0867046e-05,-0.00000e+00,
-5.0857045e-05,-0.00000e+00,
-5.0847044e-05,2.00001e-01,
-5.0837043e-05,-0.00000e+00,
-5.0827042e-05,-0.00000e+00,
-5.0817041e-05,2.00001e-01,
-5.0807041e-05,-0.00000e+00,
-5.0797040e-05,-0.00000e+00,
-5.0787039e-05,2.00001e-01,
-5.0777038e-05,-0.00000e+00,
-5.0767037e-05,2.00001e-01,
-5.0757037e-05,2.00001e-01,
-5.0747036e-05,-0.00000e+00,
-5.0737035e-05,-0.00000e+00,
-5.0727034e-05,-0.00000e+00,
-5.0717033e-05,2.00001e-01,
-5.0707033e-05,-0.00000e+00,
-5.0697032e-05,-0.00000e+00,
-5.0687031e-05,-0.00000e+00,
-5.0677030e-05,-0.00000e+00,
-5.0667029e-05,2.00001e-01,
-5.0657029e-05,2.00001e-01,
-5.0647028e-05,-0.00000e+00,
-5.0637027e-05,-0.00000e+00,
-5.0627026e-05,2.00001e-01,
-5.0617025e-05,-0.00000e+00,
-5.0607025e-05,-0.00000e+00,
-5.0597024e-05,2.00001e-01,
-5.0587023e-05,-0.00000e+00,
-5.0577022e-05,2.00001e-01,
-5.0567021e-05,-0.00000e+00,
-5.0557021e-05,2.00001e-01,
-5.0547020e-05,-0.00000e+00,
-5.0537019e-05,-0.00000e+00,
-5.0527018e-05,2.00001e-01,
-5.0517017e-05,-0.00000e+00,
-5.0507017e-05,2.00001e-01,
-5.0497016e-05,-0.00000e+00,
-5.0487015e-05,-0.00000e+00,
-5.0477014e-05,-0.00000e+00,
-5.0467013e-05,-0.00000e+00,
-5.0457013e-05,-0.00000e+00,
-5.0447012e-05,-0.00000e+00,
-5.0437011e-05,-0.00000e+00,
-5.0427010e-05,-0.00000e+00,
-5.0417009e-05,-0.00000e+00,
-5.0407009e-05,2.00001e-01,
-5.0397008e-05,2.00001e-01,
-5.0387007e-05,-0.00000e+00,
-5.0377006e-05,-0.00000e+00,
-5.0367005e-05,2.00001e-01,
-5.0357005e-05,-0.00000e+00,
-5.0347004e-05,-0.00000e+00,
-5.0337003e-05,-0.00000e+00,
-5.0327002e-05,2.00001e-01,
-5.0317001e-05,2.00001e-01,
-5.0307000e-05,-0.00000e+00,
-5.0297000e-05,-0.00000e+00,
-5.0286999e-05,-0.00000e+00,
-5.0276998e-05,2.00001e-01,
-5.0266997e-05,-0.00000e+00,
-5.0256996e-05,-0.00000e+00,
-5.0246996e-05,2.00001e-01,
-5.0236995e-05,-0.00000e+00,
-5.0226994e-05,2.00001e-01,
-5.0216993e-05,-0.00000e+00,
-5.0206992e-05,-0.00000e+00,
-5.0196992e-05,2.00001e-01,
-5.0186991e-05,-0.00000e+00,
-5.0176990e-05,2.00001e-01,
-5.0166989e-05,-0.00000e+00,
-5.0156988e-05,2.00001e-01,
-5.0146988e-05,-0.00000e+00,
-5.0136987e-05,2.00001e-01,
-5.0126986e-05,2.00001e-01,
-5.0116985e-05,-0.00000e+00,
-5.0106984e-05,2.00001e-01,
-5.0096984e-05,2.00001e-01,
-5.0086983e-05,2.00001e-01,
-5.0076982e-05,-0.00000e+00,
-5.0066981e-05,2.00001e-01,
-5.0056980e-05,-0.00000e+00,
-5.0046980e-05,2.00001e-01,
-5.0036979e-05,-0.00000e+00,
-5.0026978e-05,-0.00000e+00,
-5.0016977e-05,2.00001e-01,
-5.0006976e-05,2.00001e-01,
-4.9996976e-05,2.00001e-01,
-4.9986975e-05,-0.00000e+00,
-4.9976974e-05,-0.00000e+00,
-4.9966973e-05,2.00001e-01,
-4.9956972e-05,-0.00000e+00,
-4.9946972e-05,-0.00000e+00,
-4.9936971e-05,-0.00000e+00,
-4.9926970e-05,-0.00000e+00,
-4.9916969e-05,-0.00000e+00,
-4.9906968e-05,2.00001e-01,
-4.9896968e-05,-0.00000e+00,
-4.9886967e-05,-0.00000e+00,
-4.9876966e-05,-0.00000e+00,
-4.9866965e-05,2.00001e-01,
-4.9856964e-05,2.00001e-01,
-4.9846964e-05,2.00001e-01,
-4.9836963e-05,-0.00000e+00,
-4.9826962e-05,-0.00000e+00,
-4.9816961e-05,2.00001e-01,
-4.9806960e-05,2.00001e-01,
-4.9796960e-05,-0.00000e+00,
-4.9786959e-05,-0.00000e+00,
-4.9776958e-05,-0.00000e+00,
-4.9766957e-05,2.00001e-01,
-4.9756956e-05,-0.00000e+00,
-4.9746955e-05,-0.00000e+00,
-4.9736955e-05,-0.00000e+00,
-4.9726954e-05,-0.00000e+00,
-4.9716953e-05,2.00001e-01,
-4.9706952e-05,2.00001e-01,
-4.9696951e-05,-0.00000e+00,
-4.9686951e-05,-0.00000e+00,
-4.9676950e-05,-0.00000e+00,
-4.9666949e-05,-0.00000e+00,
-4.9656948e-05,-0.00000e+00,
-4.9646947e-05,-0.00000e+00,
-4.9636947e-05,2.00001e-01,
-4.9626946e-05,-0.00000e+00,
-4.9616945e-05,-0.00000e+00,
-4.9606944e-05,-0.00000e+00,
-4.9596943e-05,2.00001e-01,
-4.9586943e-05,-0.00000e+00,
-4.9576942e-05,2.00001e-01,
-4.9566941e-05,-0.00000e+00,
-4.9556940e-05,-0.00000e+00,
-4.9546939e-05,2.00001e-01,
-4.9536939e-05,2.00001e-01,
-4.9526938e-05,2.00001e-01,
-4.9516937e-05,2.00001e-01,
-4.9506936e-05,-0.00000e+00,
-4.9496935e-05,-0.00000e+00,
-4.9486935e-05,-0.00000e+00,
-4.9476934e-05,-0.00000e+00,
-4.9466933e-05,-0.00000e+00,
-4.9456932e-05,2.00001e-01,
-4.9446931e-05,-0.00000e+00,
-4.9436931e-05,2.00001e-01,
-4.9426930e-05,-0.00000e+00,
-4.9416929e-05,-0.00000e+00,
-4.9406928e-05,2.00001e-01,
-4.9396927e-05,-0.00000e+00,
-4.9386927e-05,2.00001e-01,
-4.9376926e-05,-0.00000e+00,
-4.9366925e-05,-0.00000e+00,
-4.9356924e-05,-0.00000e+00,
-4.9346923e-05,-0.00000e+00,
-4.9336923e-05,2.00001e-01,
-4.9326922e-05,2.00001e-01,
-4.9316921e-05,-0.00000e+00,
-4.9306920e-05,2.00001e-01,
-4.9296919e-05,-0.00000e+00,
-4.9286919e-05,2.00001e-01,
-4.9276918e-05,2.00001e-01,
-4.9266917e-05,-0.00000e+00,
-4.9256916e-05,-0.00000e+00,
-4.9246915e-05,-0.00000e+00,
-4.9236914e-05,-0.00000e+00,
-4.9226914e-05,2.00001e-01,
-4.9216913e-05,2.00001e-01,
-4.9206912e-05,-0.00000e+00,
-4.9196911e-05,2.00001e-01,
-4.9186910e-05,-0.00000e+00,
-4.9176910e-05,-0.00000e+00,
-4.9166909e-05,-0.00000e+00,
-4.9156908e-05,2.00001e-01,
-4.9146907e-05,-0.00000e+00,
-4.9136906e-05,-0.00000e+00,
-4.9126906e-05,-0.00000e+00,
-4.9116905e-05,-0.00000e+00,
-4.9106904e-05,2.00001e-01,
-4.9096903e-05,-0.00000e+00,
-4.9086902e-05,-0.00000e+00,
-4.9076902e-05,-0.00000e+00,
-4.9066901e-05,-0.00000e+00,
-4.9056900e-05,2.00001e-01,
-4.9046899e-05,-0.00000e+00,
-4.9036898e-05,2.00001e-01,
-4.9026898e-05,-0.00000e+00,
-4.9016897e-05,-0.00000e+00,
-4.9006896e-05,2.00001e-01,
-4.8996895e-05,-0.00000e+00,
-4.8986894e-05,-0.00000e+00,
-4.8976894e-05,2.00001e-01,
-4.8966893e-05,-0.00000e+00,
-4.8956892e-05,2.00001e-01,
-4.8946891e-05,-0.00000e+00,
-4.8936890e-05,-0.00000e+00,
-4.8926890e-05,2.00001e-01,
-4.8916889e-05,2.00001e-01,
-4.8906888e-05,2.00001e-01,
-4.8896887e-05,2.00001e-01,
-4.8886886e-05,-0.00000e+00,
-4.8876886e-05,-0.00000e+00,
-4.8866885e-05,-0.00000e+00,
-4.8856884e-05,-0.00000e+00,
-4.8846883e-05,-0.00000e+00,
-4.8836882e-05,-0.00000e+00,
-4.8826882e-05,-0.00000e+00,
-4.8816881e-05,2.00001e-01,
-4.8806880e-05,-0.00000e+00,
-4.8796879e-05,2.00001e-01,
-4.8786878e-05,-0.00000e+00,
-4.8776878e-05,-0.00000e+00,
-4.8766877e-05,-0.00000e+00,
-4.8756876e-05,-0.00000e+00,
-4.8746875e-05,2.00001e-01,
-4.8736874e-05,-0.00000e+00,
-4.8726874e-05,2.00001e-01,
-4.8716873e-05,-0.00000e+00,
-4.8706872e-05,2.00001e-01,
-4.8696871e-05,2.00001e-01,
-4.8686870e-05,-0.00000e+00,
-4.8676869e-05,2.00001e-01,
-4.8666869e-05,-0.00000e+00,
-4.8656868e-05,-0.00000e+00,
-4.8646867e-05,-0.00000e+00,
-4.8636866e-05,-0.00000e+00,
-4.8626865e-05,2.00001e-01,
-4.8616865e-05,-0.00000e+00,
-4.8606864e-05,-0.00000e+00,
-4.8596863e-05,-0.00000e+00,
-4.8586862e-05,-0.00000e+00,
-4.8576861e-05,2.00001e-01,
-4.8566861e-05,-0.00000e+00,
-4.8556860e-05,-0.00000e+00,
-4.8546859e-05,-0.00000e+00,
-4.8536858e-05,-0.00000e+00,
-4.8526857e-05,-0.00000e+00,
-4.8516857e-05,2.00001e-01,
-4.8506856e-05,-0.00000e+00,
-4.8496855e-05,-0.00000e+00,
-4.8486854e-05,2.00001e-01,
-4.8476853e-05,-0.00000e+00,
-4.8466853e-05,-0.00000e+00,
-4.8456852e-05,2.00001e-01,
-4.8446851e-05,-0.00000e+00,
-4.8436850e-05,2.00001e-01,
-4.8426849e-05,2.00001e-01,
-4.8416849e-05,2.00001e-01,
-4.8406848e-05,2.00001e-01,
-4.8396847e-05,2.00001e-01,
-4.8386846e-05,2.00001e-01,
-4.8376845e-05,-0.00000e+00,
-4.8366845e-05,-0.00000e+00,
-4.8356844e-05,-0.00000e+00,
-4.8346843e-05,2.00001e-01,
-4.8336842e-05,-0.00000e+00,
-4.8326841e-05,2.00001e-01,
-4.8316841e-05,-0.00000e+00,
-4.8306840e-05,-0.00000e+00,
-4.8296839e-05,-0.00000e+00,
-4.8286838e-05,2.00001e-01,
-4.8276837e-05,2.00001e-01,
-4.8266837e-05,2.00001e-01,
-4.8256836e-05,-0.00000e+00,
-4.8246835e-05,-0.00000e+00,
-4.8236834e-05,-0.00000e+00,
-4.8226833e-05,-0.00000e+00,
-4.8216833e-05,2.00001e-01,
-4.8206832e-05,-0.00000e+00,
-4.8196831e-05,-0.00000e+00,
-4.8186830e-05,-0.00000e+00,
-4.8176829e-05,2.00001e-01,
-4.8166828e-05,-0.00000e+00,
-4.8156828e-05,-0.00000e+00,
-4.8146827e-05,-0.00000e+00,
-4.8136826e-05,-0.00000e+00,
-4.8126825e-05,2.00001e-01,
-4.8116824e-05,-0.00000e+00,
-4.8106824e-05,-0.00000e+00,
-4.8096823e-05,-0.00000e+00,
-4.8086822e-05,-0.00000e+00,
-4.8076821e-05,2.00001e-01,
-4.8066820e-05,2.00001e-01,
-4.8056820e-05,-0.00000e+00,
-4.8046819e-05,-0.00000e+00,
-4.8036818e-05,-0.00000e+00,
-4.8026817e-05,2.00001e-01,
-4.8016816e-05,-0.00000e+00,
-4.8006816e-05,-0.00000e+00,
-4.7996815e-05,-0.00000e+00,
-4.7986814e-05,-0.00000e+00,
-4.7976813e-05,-0.00000e+00,
-4.7966812e-05,-0.00000e+00,
-4.7956812e-05,-0.00000e+00,
-4.7946811e-05,-0.00000e+00,
-4.7936810e-05,2.00001e-01,
-4.7926809e-05,-0.00000e+00,
-4.7916808e-05,-0.00000e+00,
-4.7906808e-05,-0.00000e+00,
-4.7896807e-05,2.00001e-01,
-4.7886806e-05,2.00001e-01,
-4.7876805e-05,2.00001e-01,
-4.7866804e-05,-0.00000e+00,
-4.7856804e-05,-0.00000e+00,
-4.7846803e-05,-0.00000e+00,
-4.7836802e-05,-0.00000e+00,
-4.7826801e-05,-0.00000e+00,
-4.7816800e-05,-0.00000e+00,
-4.7806800e-05,2.00001e-01,
-4.7796799e-05,-0.00000e+00,
-4.7786798e-05,-0.00000e+00,
-4.7776797e-05,-0.00000e+00,
-4.7766796e-05,-0.00000e+00,
-4.7756796e-05,-0.00000e+00,
-4.7746795e-05,-0.00000e+00,
-4.7736794e-05,-0.00000e+00,
-4.7726793e-05,-0.00000e+00,
-4.7716792e-05,-0.00000e+00,
-4.7706792e-05,-0.00000e+00,
-4.7696791e-05,-0.00000e+00,
-4.7686790e-05,-0.00000e+00,
-4.7676789e-05,-0.00000e+00,
-4.7666788e-05,-0.00000e+00,
-4.7656788e-05,2.00001e-01,
-4.7646787e-05,-0.00000e+00,
-4.7636786e-05,-0.00000e+00,
-4.7626785e-05,-0.00000e+00,
-4.7616784e-05,-0.00000e+00,
-4.7606783e-05,-0.00000e+00,
-4.7596783e-05,2.00001e-01,
-4.7586782e-05,-0.00000e+00,
-4.7576781e-05,-0.00000e+00,
-4.7566780e-05,-0.00000e+00,
-4.7556779e-05,-0.00000e+00,
-4.7546779e-05,-0.00000e+00,
-4.7536778e-05,-0.00000e+00,
-4.7526777e-05,-0.00000e+00,
-4.7516776e-05,-0.00000e+00,
-4.7506775e-05,-0.00000e+00,
-4.7496775e-05,-0.00000e+00,
-4.7486774e-05,-0.00000e+00,
-4.7476773e-05,-0.00000e+00,
-4.7466772e-05,-0.00000e+00,
-4.7456771e-05,-0.00000e+00,
-4.7446771e-05,-0.00000e+00,
-4.7436770e-05,-0.00000e+00,
-4.7426769e-05,-0.00000e+00,
-4.7416768e-05,-0.00000e+00,
-4.7406767e-05,-0.00000e+00,
-4.7396767e-05,-0.00000e+00,
-4.7386766e-05,-0.00000e+00,
-4.7376765e-05,-0.00000e+00,
-4.7366764e-05,-0.00000e+00,
-4.7356763e-05,-0.00000e+00,
-4.7346763e-05,-0.00000e+00,
-4.7336762e-05,-0.00000e+00,
-4.7326761e-05,2.00001e-01,
-4.7316760e-05,-0.00000e+00,
-4.7306759e-05,-0.00000e+00,
-4.7296759e-05,-0.00000e+00,
-4.7286758e-05,2.00001e-01,
-4.7276757e-05,-0.00000e+00,
-4.7266756e-05,-0.00000e+00,
-4.7256755e-05,-0.00000e+00,
-4.7246755e-05,-0.00000e+00,
-4.7236754e-05,2.00001e-01,
-4.7226753e-05,-0.00000e+00,
-4.7216752e-05,-0.00000e+00,
-4.7206751e-05,-0.00000e+00,
-4.7196751e-05,-0.00000e+00,
-4.7186750e-05,2.00001e-01,
-4.7176749e-05,-0.00000e+00,
-4.7166748e-05,-0.00000e+00,
-4.7156747e-05,-0.00000e+00,
-4.7146747e-05,-0.00000e+00,
-4.7136746e-05,2.00001e-01,
-4.7126745e-05,-0.00000e+00,
-4.7116744e-05,-0.00000e+00,
-4.7106743e-05,-0.00000e+00,
-4.7096742e-05,-0.00000e+00,
-4.7086742e-05,2.00001e-01,
-4.7076741e-05,-0.00000e+00,
-4.7066740e-05,-0.00000e+00,
-4.7056739e-05,-0.00000e+00,
-4.7046738e-05,2.00001e-01,
-4.7036738e-05,-0.00000e+00,
-4.7026737e-05,2.00001e-01,
-4.7016736e-05,-0.00000e+00,
-4.7006735e-05,-0.00000e+00,
-4.6996734e-05,-0.00000e+00,
-4.6986734e-05,-0.00000e+00,
-4.6976733e-05,-0.00000e+00,
-4.6966732e-05,-0.00000e+00,
-4.6956731e-05,-0.00000e+00,
-4.6946730e-05,-0.00000e+00,
-4.6936730e-05,-0.00000e+00,
-4.6926729e-05,-0.00000e+00,
-4.6916728e-05,-0.00000e+00,
-4.6906727e-05,-0.00000e+00,
-4.6896726e-05,-0.00000e+00,
-4.6886726e-05,-0.00000e+00,
-4.6876725e-05,-0.00000e+00,
-4.6866724e-05,-0.00000e+00,
-4.6856723e-05,-0.00000e+00,
-4.6846722e-05,-0.00000e+00,
-4.6836722e-05,-0.00000e+00,
-4.6826721e-05,-0.00000e+00,
-4.6816720e-05,-0.00000e+00,
-4.6806719e-05,-0.00000e+00,
-4.6796718e-05,-0.00000e+00,
-4.6786718e-05,-0.00000e+00,
-4.6776717e-05,-0.00000e+00,
-4.6766716e-05,-0.00000e+00,
-4.6756715e-05,-0.00000e+00,
-4.6746714e-05,-0.00000e+00,
-4.6736714e-05,-0.00000e+00,
-4.6726713e-05,-0.00000e+00,
-4.6716712e-05,-0.00000e+00,
-4.6706711e-05,-0.00000e+00,
-4.6696710e-05,2.00001e-01,
-4.6686710e-05,2.00001e-01,
-4.6676709e-05,-0.00000e+00,
-4.6666708e-05,-0.00000e+00,
-4.6656707e-05,-0.00000e+00,
-4.6646706e-05,-0.00000e+00,
-4.6636706e-05,-0.00000e+00,
-4.6626705e-05,2.00001e-01,
-4.6616704e-05,-0.00000e+00,
-4.6606703e-05,-0.00000e+00,
-4.6596702e-05,-0.00000e+00,
-4.6586702e-05,-0.00000e+00,
-4.6576701e-05,-0.00000e+00,
-4.6566700e-05,2.00001e-01,
-4.6556699e-05,-0.00000e+00,
-4.6546698e-05,-0.00000e+00,
-4.6536697e-05,-0.00000e+00,
-4.6526697e-05,2.00001e-01,
-4.6516696e-05,2.00001e-01,
-4.6506695e-05,-0.00000e+00,
-4.6496694e-05,-0.00000e+00,
-4.6486693e-05,-0.00000e+00,
-4.6476693e-05,-0.00000e+00,
-4.6466692e-05,-0.00000e+00,
-4.6456691e-05,2.00001e-01,
-4.6446690e-05,-0.00000e+00,
-4.6436689e-05,-0.00000e+00,
-4.6426689e-05,-0.00000e+00,
-4.6416688e-05,-0.00000e+00,
-4.6406687e-05,-0.00000e+00,
-4.6396686e-05,-0.00000e+00,
-4.6386685e-05,-0.00000e+00,
-4.6376685e-05,-0.00000e+00,
-4.6366684e-05,-0.00000e+00,
-4.6356683e-05,-0.00000e+00,
-4.6346682e-05,-0.00000e+00,
-4.6336681e-05,-0.00000e+00,
-4.6326681e-05,-0.00000e+00,
-4.6316680e-05,-0.00000e+00,
-4.6306679e-05,-0.00000e+00,
-4.6296678e-05,-0.00000e+00,
-4.6286677e-05,-0.00000e+00,
-4.6276677e-05,-0.00000e+00,
-4.6266676e-05,-0.00000e+00,
-4.6256675e-05,-0.00000e+00,
-4.6246674e-05,-0.00000e+00,
-4.6236673e-05,-0.00000e+00,
-4.6226673e-05,-0.00000e+00,
-4.6216672e-05,-0.00000e+00,
-4.6206671e-05,-0.00000e+00,
-4.6196670e-05,2.00001e-01,
-4.6186669e-05,-0.00000e+00,
-4.6176669e-05,-0.00000e+00,
-4.6166668e-05,-0.00000e+00,
-4.6156667e-05,-0.00000e+00,
-4.6146666e-05,-0.00000e+00,
-4.6136665e-05,2.00001e-01,
-4.6126665e-05,2.00001e-01,
-4.6116664e-05,-0.00000e+00,
-4.6106663e-05,-0.00000e+00,
-4.6096662e-05,2.00001e-01,
-4.6086661e-05,2.00001e-01,
-4.6076661e-05,-0.00000e+00,
-4.6066660e-05,2.00001e-01,
-4.6056659e-05,-0.00000e+00,
-4.6046658e-05,2.00001e-01,
-4.6036657e-05,2.00001e-01,
-4.6026656e-05,-0.00000e+00,
-4.6016656e-05,2.00001e-01,
-4.6006655e-05,2.00001e-01,
-4.5996654e-05,2.00001e-01,
-4.5986653e-05,-0.00000e+00,
-4.5976652e-05,2.00001e-01,
-4.5966652e-05,2.00001e-01,
-4.5956651e-05,-0.00000e+00,
-4.5946650e-05,-0.00000e+00,
-4.5936649e-05,-0.00000e+00,
-4.5926648e-05,-0.00000e+00,
-4.5916648e-05,-0.00000e+00,
-4.5906647e-05,-0.00000e+00,
-4.5896646e-05,2.00001e-01,
-4.5886645e-05,-0.00000e+00,
-4.5876644e-05,2.00001e-01,
-4.5866644e-05,-0.00000e+00,
-4.5856643e-05,-0.00000e+00,
-4.5846642e-05,2.00001e-01,
-4.5836641e-05,-0.00000e+00,
-4.5826640e-05,-0.00000e+00,
-4.5816640e-05,2.00001e-01,
-4.5806639e-05,2.00001e-01,
-4.5796638e-05,2.00001e-01,
-4.5786637e-05,-0.00000e+00,
-4.5776636e-05,-0.00000e+00,
-4.5766636e-05,-0.00000e+00,
-4.5756635e-05,-0.00000e+00,
-4.5746634e-05,-0.00000e+00,
-4.5736633e-05,-0.00000e+00,
-4.5726632e-05,-0.00000e+00,
-4.5716632e-05,-0.00000e+00,
-4.5706631e-05,2.00001e-01,
-4.5696630e-05,-0.00000e+00,
-4.5686629e-05,2.00001e-01,
-4.5676628e-05,-0.00000e+00,
-4.5666628e-05,-0.00000e+00,
-4.5656627e-05,-0.00000e+00,
-4.5646626e-05,2.00001e-01,
-4.5636625e-05,2.00001e-01,
-4.5626624e-05,2.00001e-01,
-4.5616624e-05,-0.00000e+00,
-4.5606623e-05,-0.00000e+00,
-4.5596622e-05,2.00001e-01,
-4.5586621e-05,-0.00000e+00,
-4.5576620e-05,-0.00000e+00,
-4.5566620e-05,2.00001e-01,
-4.5556619e-05,-0.00000e+00,
-4.5546618e-05,-0.00000e+00,
-4.5536617e-05,-0.00000e+00,
-4.5526616e-05,-0.00000e+00,
-4.5516616e-05,2.00001e-01,
-4.5506615e-05,2.00001e-01,
-4.5496614e-05,-0.00000e+00,
-4.5486613e-05,-0.00000e+00,
-4.5476612e-05,2.00001e-01,
-4.5466611e-05,2.00001e-01,
-4.5456611e-05,-0.00000e+00,
-4.5446610e-05,2.00001e-01,
-4.5436609e-05,-0.00000e+00,
-4.5426608e-05,2.00001e-01,
-4.5416607e-05,-0.00000e+00,
-4.5406607e-05,-0.00000e+00,
-4.5396606e-05,2.00001e-01,
-4.5386605e-05,2.00001e-01,
-4.5376604e-05,2.00001e-01,
-4.5366603e-05,-0.00000e+00,
-4.5356603e-05,-0.00000e+00,
-4.5346602e-05,2.00001e-01,
-4.5336601e-05,-0.00000e+00,
-4.5326600e-05,-0.00000e+00,
-4.5316599e-05,-0.00000e+00,
-4.5306599e-05,-0.00000e+00,
-4.5296598e-05,2.00001e-01,
-4.5286597e-05,-0.00000e+00,
-4.5276596e-05,-0.00000e+00,
-4.5266595e-05,2.00001e-01,
-4.5256595e-05,2.00001e-01,
-4.5246594e-05,-0.00000e+00,
-4.5236593e-05,-0.00000e+00,
-4.5226592e-05,2.00001e-01,
-4.5216591e-05,2.00001e-01,
-4.5206591e-05,-0.00000e+00,
-4.5196590e-05,-0.00000e+00,
-4.5186589e-05,-0.00000e+00,
-4.5176588e-05,2.00001e-01,
-4.5166587e-05,-0.00000e+00,
-4.5156587e-05,-0.00000e+00,
-4.5146586e-05,-0.00000e+00,
-4.5136585e-05,-0.00000e+00,
-4.5126584e-05,2.00001e-01,
-4.5116583e-05,2.00001e-01,
-4.5106583e-05,-0.00000e+00,
-4.5096582e-05,-0.00000e+00,
-4.5086581e-05,-0.00000e+00,
-4.5076580e-05,2.00001e-01,
-4.5066579e-05,-0.00000e+00,
-4.5056579e-05,-0.00000e+00,
-4.5046578e-05,-0.00000e+00,
-4.5036577e-05,2.00001e-01,
-4.5026576e-05,-0.00000e+00,
-4.5016575e-05,-0.00000e+00,
-4.5006575e-05,-0.00000e+00,
-4.4996574e-05,-0.00000e+00,
-4.4986573e-05,-0.00000e+00,
-4.4976572e-05,-0.00000e+00,
-4.4966571e-05,-0.00000e+00,
-4.4956570e-05,-0.00000e+00,
-4.4946570e-05,2.00001e-01,
-4.4936569e-05,-0.00000e+00,
-4.4926568e-05,2.00001e-01,
-4.4916567e-05,-0.00000e+00,
-4.4906566e-05,-0.00000e+00,
-4.4896566e-05,-0.00000e+00,
-4.4886565e-05,2.00001e-01,
-4.4876564e-05,-0.00000e+00,
-4.4866563e-05,2.00001e-01,
-4.4856562e-05,-0.00000e+00,
-4.4846562e-05,2.00001e-01,
-4.4836561e-05,-0.00000e+00,
-4.4826560e-05,2.00001e-01,
-4.4816559e-05,-0.00000e+00,
-4.4806558e-05,-0.00000e+00,
-4.4796558e-05,-0.00000e+00,
-4.4786557e-05,2.00001e-01,
-4.4776556e-05,2.00001e-01,
-4.4766555e-05,-0.00000e+00,
-4.4756554e-05,2.00001e-01,
-4.4746554e-05,-0.00000e+00,
-4.4736553e-05,2.00001e-01,
-4.4726552e-05,-0.00000e+00,
-4.4716551e-05,-0.00000e+00,
-4.4706550e-05,2.00001e-01,
-4.4696550e-05,2.00001e-01,
-4.4686549e-05,2.00001e-01,
-4.4676548e-05,2.00001e-01,
-4.4666547e-05,-0.00000e+00,
-4.4656546e-05,2.00001e-01,
-4.4646546e-05,-0.00000e+00,
-4.4636545e-05,-0.00000e+00,
-4.4626544e-05,-0.00000e+00,
-4.4616543e-05,-0.00000e+00,
-4.4606542e-05,-0.00000e+00,
-4.4596542e-05,-0.00000e+00,
-4.4586541e-05,-0.00000e+00,
-4.4576540e-05,-0.00000e+00,
-4.4566539e-05,-0.00000e+00,
-4.4556538e-05,-0.00000e+00,
-4.4546538e-05,-0.00000e+00,
-4.4536537e-05,-0.00000e+00,
-4.4526536e-05,-0.00000e+00,
-4.4516535e-05,-0.00000e+00,
-4.4506534e-05,2.00001e-01,
-4.4496534e-05,2.00001e-01,
-4.4486533e-05,-0.00000e+00,
-4.4476532e-05,-0.00000e+00,
-4.4466531e-05,-0.00000e+00,
-4.4456530e-05,-0.00000e+00,
-4.4446530e-05,-0.00000e+00,
-4.4436529e-05,-0.00000e+00,
-4.4426528e-05,-0.00000e+00,
-4.4416527e-05,-0.00000e+00,
-4.4406526e-05,-0.00000e+00,
-4.4396525e-05,-0.00000e+00,
-4.4386525e-05,-0.00000e+00,
-4.4376524e-05,-0.00000e+00,
-4.4366523e-05,-0.00000e+00,
-4.4356522e-05,-0.00000e+00,
-4.4346521e-05,-0.00000e+00,
-4.4336521e-05,-0.00000e+00,
-4.4326520e-05,-0.00000e+00,
-4.4316519e-05,2.00001e-01,
-4.4306518e-05,2.00001e-01,
-4.4296517e-05,-0.00000e+00,
-4.4286517e-05,-0.00000e+00,
-4.4276516e-05,-0.00000e+00,
-4.4266515e-05,-0.00000e+00,
-4.4256514e-05,-0.00000e+00,
-4.4246513e-05,-0.00000e+00,
-4.4236513e-05,-0.00000e+00,
-4.4226512e-05,-0.00000e+00,
-4.4216511e-05,-0.00000e+00,
-4.4206510e-05,-0.00000e+00,
-4.4196509e-05,-0.00000e+00,
-4.4186509e-05,-0.00000e+00,
-4.4176508e-05,2.00001e-01,
-4.4166507e-05,-0.00000e+00,
-4.4156506e-05,-0.00000e+00,
-4.4146505e-05,-0.00000e+00,
-4.4136505e-05,2.00001e-01,
-4.4126504e-05,-0.00000e+00,
-4.4116503e-05,2.00001e-01,
-4.4106502e-05,-0.00000e+00,
-4.4096501e-05,-0.00000e+00,
-4.4086501e-05,2.00001e-01,
-4.4076500e-05,-0.00000e+00,
-4.4066499e-05,2.00001e-01,
-4.4056498e-05,-0.00000e+00,
-4.4046497e-05,2.00001e-01,
-4.4036497e-05,2.00001e-01,
-4.4026496e-05,-0.00000e+00,
-4.4016495e-05,-0.00000e+00,
-4.4006494e-05,-0.00000e+00,
-4.3996493e-05,2.00001e-01,
-4.3986493e-05,2.00001e-01,
-4.3976492e-05,2.00001e-01,
-4.3966491e-05,-0.00000e+00,
-4.3956490e-05,-0.00000e+00,
-4.3946489e-05,2.00001e-01,
-4.3936489e-05,-0.00000e+00,
-4.3926488e-05,2.00001e-01,
-4.3916487e-05,-0.00000e+00,
-4.3906486e-05,-0.00000e+00,
-4.3896485e-05,2.00001e-01,
-4.3886484e-05,2.00001e-01,
-4.3876484e-05,2.00001e-01,
-4.3866483e-05,-0.00000e+00,
-4.3856482e-05,-0.00000e+00,
-4.3846481e-05,2.00001e-01,
-4.3836480e-05,-0.00000e+00,
-4.3826480e-05,-0.00000e+00,
-4.3816479e-05,2.00001e-01,
-4.3806478e-05,-0.00000e+00,
-4.3796477e-05,2.00001e-01,
-4.3786476e-05,-0.00000e+00,
-4.3776476e-05,-0.00000e+00,
-4.3766475e-05,2.00001e-01,
-4.3756474e-05,2.00001e-01,
-4.3746473e-05,-0.00000e+00,
-4.3736472e-05,-0.00000e+00,
-4.3726472e-05,-0.00000e+00,
-4.3716471e-05,-0.00000e+00,
-4.3706470e-05,-0.00000e+00,
-4.3696469e-05,2.00001e-01,
-4.3686468e-05,2.00001e-01,
-4.3676468e-05,-0.00000e+00,
-4.3666467e-05,-0.00000e+00,
-4.3656466e-05,-0.00000e+00,
-4.3646465e-05,2.00001e-01,
-4.3636464e-05,-0.00000e+00,
-4.3626464e-05,-0.00000e+00,
-4.3616463e-05,-0.00000e+00,
-4.3606462e-05,-0.00000e+00,
-4.3596461e-05,2.00001e-01,
-4.3586460e-05,-0.00000e+00,
-4.3576460e-05,2.00001e-01,
-4.3566459e-05,-0.00000e+00,
-4.3556458e-05,-0.00000e+00,
-4.3546457e-05,2.00001e-01,
-4.3536456e-05,2.00001e-01,
-4.3526456e-05,-0.00000e+00,
-4.3516455e-05,-0.00000e+00,
-4.3506454e-05,-0.00000e+00,
-4.3496453e-05,2.00001e-01,
-4.3486452e-05,-0.00000e+00,
-4.3476452e-05,-0.00000e+00,
-4.3466451e-05,-0.00000e+00,
-4.3456450e-05,-0.00000e+00,
-4.3446449e-05,2.00001e-01,
-4.3436448e-05,-0.00000e+00,
-4.3426448e-05,-0.00000e+00,
-4.3416447e-05,-0.00000e+00,
-4.3406446e-05,-0.00000e+00,
-4.3396445e-05,-0.00000e+00,
-4.3386444e-05,-0.00000e+00,
-4.3376444e-05,-0.00000e+00,
-4.3366443e-05,-0.00000e+00,
-4.3356442e-05,-0.00000e+00,
-4.3346441e-05,-0.00000e+00,
-4.3336440e-05,2.00001e-01,
-4.3326439e-05,-0.00000e+00,
-4.3316439e-05,-0.00000e+00,
-4.3306438e-05,2.00001e-01,
-4.3296437e-05,-0.00000e+00,
-4.3286436e-05,2.00001e-01,
-4.3276435e-05,-0.00000e+00,
-4.3266435e-05,-0.00000e+00,
-4.3256434e-05,2.00001e-01,
-4.3246433e-05,2.00001e-01,
-4.3236432e-05,2.00001e-01,
-4.3226431e-05,2.00001e-01,
-4.3216431e-05,-0.00000e+00,
-4.3206430e-05,-0.00000e+00,
-4.3196429e-05,-0.00000e+00,
-4.3186428e-05,-0.00000e+00,
-4.3176427e-05,-0.00000e+00,
-4.3166427e-05,-0.00000e+00,
-4.3156426e-05,-0.00000e+00,
-4.3146425e-05,-0.00000e+00,
-4.3136424e-05,-0.00000e+00,
-4.3126423e-05,2.00001e-01,
-4.3116423e-05,-0.00000e+00,
-4.3106422e-05,-0.00000e+00,
-4.3096421e-05,-0.00000e+00,
-4.3086420e-05,2.00001e-01,
-4.3076419e-05,2.00001e-01,
-4.3066419e-05,-0.00000e+00,
-4.3056418e-05,-0.00000e+00,
-4.3046417e-05,-0.00000e+00,
-4.3036416e-05,2.00001e-01,
-4.3026415e-05,-0.00000e+00,
-4.3016415e-05,2.00001e-01,
-4.3006414e-05,-0.00000e+00,
-4.2996413e-05,-0.00000e+00,
-4.2986412e-05,2.00001e-01,
-4.2976411e-05,2.00001e-01,
-4.2966411e-05,2.00001e-01,
-4.2956410e-05,-0.00000e+00,
-4.2946409e-05,-0.00000e+00,
-4.2936408e-05,2.00001e-01,
-4.2926407e-05,-0.00000e+00,
-4.2916407e-05,-0.00000e+00,
-4.2906406e-05,-0.00000e+00,
-4.2896405e-05,-0.00000e+00,
-4.2886404e-05,2.00001e-01,
-4.2876403e-05,2.00001e-01,
-4.2866403e-05,2.00001e-01,
-4.2856402e-05,-0.00000e+00,
-4.2846401e-05,2.00001e-01,
-4.2836400e-05,2.00001e-01,
-4.2826399e-05,-0.00000e+00,
-4.2816398e-05,-0.00000e+00,
-4.2806398e-05,2.00001e-01,
-4.2796397e-05,2.00001e-01,
-4.2786396e-05,-0.00000e+00,
-4.2776395e-05,-0.00000e+00,
-4.2766394e-05,-0.00000e+00,
-4.2756394e-05,2.00001e-01,
-4.2746393e-05,-0.00000e+00,
-4.2736392e-05,2.00001e-01,
-4.2726391e-05,2.00001e-01,
-4.2716390e-05,-0.00000e+00,
-4.2706390e-05,2.00001e-01,
-4.2696389e-05,2.00001e-01,
-4.2686388e-05,-0.00000e+00,
-4.2676387e-05,-0.00000e+00,
-4.2666386e-05,-0.00000e+00,
-4.2656386e-05,2.00001e-01,
-4.2646385e-05,-0.00000e+00,
-4.2636384e-05,-0.00000e+00,
-4.2626383e-05,-0.00000e+00,
-4.2616382e-05,-0.00000e+00,
-4.2606382e-05,2.00001e-01,
-4.2596381e-05,-0.00000e+00,
-4.2586380e-05,-0.00000e+00,
-4.2576379e-05,-0.00000e+00,
-4.2566378e-05,2.00001e-01,
-4.2556378e-05,-0.00000e+00,
-4.2546377e-05,2.00001e-01,
-4.2536376e-05,-0.00000e+00,
-4.2526375e-05,2.00001e-01,
-4.2516374e-05,2.00001e-01,
-4.2506374e-05,2.00001e-01,
-4.2496373e-05,2.00001e-01,
-4.2486372e-05,-0.00000e+00,
-4.2476371e-05,-0.00000e+00,
-4.2466370e-05,2.00001e-01,
-4.2456370e-05,2.00001e-01,
-4.2446369e-05,-0.00000e+00,
-4.2436368e-05,2.00001e-01,
-4.2426367e-05,-0.00000e+00,
-4.2416366e-05,2.00001e-01,
-4.2406366e-05,-0.00000e+00,
-4.2396365e-05,2.00001e-01,
-4.2386364e-05,2.00001e-01,
-4.2376363e-05,2.00001e-01,
-4.2366362e-05,2.00001e-01,
-4.2356362e-05,-0.00000e+00,
-4.2346361e-05,-0.00000e+00,
-4.2336360e-05,2.00001e-01,
-4.2326359e-05,-0.00000e+00,
-4.2316358e-05,-0.00000e+00,
-4.2306357e-05,-0.00000e+00,
-4.2296357e-05,-0.00000e+00,
-4.2286356e-05,2.00001e-01,
-4.2276355e-05,-0.00000e+00,
-4.2266354e-05,-0.00000e+00,
-4.2256353e-05,-0.00000e+00,
-4.2246353e-05,-0.00000e+00,
-4.2236352e-05,2.00001e-01,
-4.2226351e-05,2.00001e-01,
-4.2216350e-05,-0.00000e+00,
-4.2206349e-05,2.00001e-01,
-4.2196349e-05,-0.00000e+00,
-4.2186348e-05,2.00001e-01,
-4.2176347e-05,-0.00000e+00,
-4.2166346e-05,-0.00000e+00,
-4.2156345e-05,2.00001e-01,
-4.2146345e-05,-0.00000e+00,
-4.2136344e-05,2.00001e-01,
-4.2126343e-05,-0.00000e+00,
-4.2116342e-05,-0.00000e+00,
-4.2106341e-05,-0.00000e+00,
-4.2096341e-05,2.00001e-01,
-4.2086340e-05,-0.00000e+00,
-4.2076339e-05,2.00001e-01,
-4.2066338e-05,2.00001e-01,
-4.2056337e-05,-0.00000e+00,
-4.2046337e-05,-0.00000e+00,
-4.2036336e-05,-0.00000e+00,
-4.2026335e-05,2.00001e-01,
-4.2016334e-05,-0.00000e+00,
-4.2006333e-05,-0.00000e+00,
-4.1996333e-05,-0.00000e+00,
-4.1986332e-05,2.00001e-01,
-4.1976331e-05,2.00001e-01,
-4.1966330e-05,-0.00000e+00,
-4.1956329e-05,-0.00000e+00,
-4.1946329e-05,-0.00000e+00,
-4.1936328e-05,-0.00000e+00,
-4.1926327e-05,-0.00000e+00,
-4.1916326e-05,-0.00000e+00,
-4.1906325e-05,-0.00000e+00,
-4.1896325e-05,-0.00000e+00,
-4.1886324e-05,-0.00000e+00,
-4.1876323e-05,-0.00000e+00,
-4.1866322e-05,-0.00000e+00,
-4.1856321e-05,-0.00000e+00,
-4.1846321e-05,-0.00000e+00,
-4.1836320e-05,2.00001e-01,
-4.1826319e-05,-0.00000e+00,
-4.1816318e-05,-0.00000e+00,
-4.1806317e-05,-0.00000e+00,
-4.1796317e-05,-0.00000e+00,
-4.1786316e-05,2.00001e-01,
-4.1776315e-05,2.00001e-01,
-4.1766314e-05,-0.00000e+00,
-4.1756313e-05,2.00001e-01,
-4.1746312e-05,2.00001e-01,
-4.1736312e-05,-0.00000e+00,
-4.1726311e-05,-0.00000e+00,
-4.1716310e-05,2.00001e-01,
-4.1706309e-05,-0.00000e+00,
-4.1696308e-05,2.00001e-01,
-4.1686308e-05,-0.00000e+00,
-4.1676307e-05,-0.00000e+00,
-4.1666306e-05,2.00001e-01,
-4.1656305e-05,-0.00000e+00,
-4.1646304e-05,2.00001e-01,
-4.1636304e-05,-0.00000e+00,
-4.1626303e-05,-0.00000e+00,
-4.1616302e-05,2.00001e-01,
-4.1606301e-05,-0.00000e+00,
-4.1596300e-05,-0.00000e+00,
-4.1586300e-05,-0.00000e+00,
-4.1576299e-05,-0.00000e+00,
-4.1566298e-05,2.00001e-01,
-4.1556297e-05,-0.00000e+00,
-4.1546296e-05,-0.00000e+00,
-4.1536296e-05,-0.00000e+00,
-4.1526295e-05,2.00001e-01,
-4.1516294e-05,-0.00000e+00,
-4.1506293e-05,-0.00000e+00,
-4.1496292e-05,-0.00000e+00,
-4.1486292e-05,-0.00000e+00,
-4.1476291e-05,2.00001e-01,
-4.1466290e-05,-0.00000e+00,
-4.1456289e-05,-0.00000e+00,
-4.1446288e-05,-0.00000e+00,
-4.1436288e-05,-0.00000e+00,
-4.1426287e-05,2.00001e-01,
-4.1416286e-05,-0.00000e+00,
-4.1406285e-05,-0.00000e+00,
-4.1396284e-05,-0.00000e+00,
-4.1386284e-05,-0.00000e+00,
-4.1376283e-05,-0.00000e+00,
-4.1366282e-05,-0.00000e+00,
-4.1356281e-05,-0.00000e+00,
-4.1346280e-05,-0.00000e+00,
-4.1336280e-05,-0.00000e+00,
-4.1326279e-05,-0.00000e+00,
-4.1316278e-05,2.00001e-01,
-4.1306277e-05,2.00001e-01,
-4.1296276e-05,-0.00000e+00,
-4.1286276e-05,-0.00000e+00,
-4.1276275e-05,-0.00000e+00,
-4.1266274e-05,-0.00000e+00,
-4.1256273e-05,-0.00000e+00,
-4.1246272e-05,-0.00000e+00,
-4.1236271e-05,-0.00000e+00,
-4.1226271e-05,-0.00000e+00,
-4.1216270e-05,-0.00000e+00,
-4.1206269e-05,-0.00000e+00,
-4.1196268e-05,-0.00000e+00,
-4.1186267e-05,-0.00000e+00,
-4.1176267e-05,-0.00000e+00,
-4.1166266e-05,2.00001e-01,
-4.1156265e-05,2.00001e-01,
-4.1146264e-05,-0.00000e+00,
-4.1136263e-05,-0.00000e+00,
-4.1126263e-05,-0.00000e+00,
-4.1116262e-05,2.00001e-01,
-4.1106261e-05,2.00001e-01,
-4.1096260e-05,-0.00000e+00,
-4.1086259e-05,-0.00000e+00,
-4.1076259e-05,-0.00000e+00,
-4.1066258e-05,2.00001e-01,
-4.1056257e-05,-0.00000e+00,
-4.1046256e-05,-0.00000e+00,
-4.1036255e-05,-0.00000e+00,
-4.1026255e-05,-0.00000e+00,
-4.1016254e-05,-0.00000e+00,
-4.1006253e-05,2.00001e-01,
-4.0996252e-05,-0.00000e+00,
-4.0986251e-05,-0.00000e+00,
-4.0976251e-05,-0.00000e+00,
-4.0966250e-05,-0.00000e+00,
-4.0956249e-05,-0.00000e+00,
-4.0946248e-05,2.00001e-01,
-4.0936247e-05,-0.00000e+00,
-4.0926247e-05,-0.00000e+00,
-4.0916246e-05,-0.00000e+00,
-4.0906245e-05,-0.00000e+00,
-4.0896244e-05,2.00001e-01,
-4.0886243e-05,2.00001e-01,
-4.0876243e-05,2.00001e-01,
-4.0866242e-05,-0.00000e+00,
-4.0856241e-05,-0.00000e+00,
-4.0846240e-05,2.00001e-01,
-4.0836239e-05,-0.00000e+00,
-4.0826239e-05,-0.00000e+00,
-4.0816238e-05,2.00001e-01,
-4.0806237e-05,-0.00000e+00,
-4.0796236e-05,2.00001e-01,
-4.0786235e-05,-0.00000e+00,
-4.0776235e-05,-0.00000e+00,
-4.0766234e-05,-0.00000e+00,
-4.0756233e-05,2.00001e-01,
-4.0746232e-05,2.00001e-01,
-4.0736231e-05,2.00001e-01,
-4.0726231e-05,-0.00000e+00,
-4.0716230e-05,2.00001e-01,
-4.0706229e-05,-0.00000e+00,
-4.0696228e-05,2.00001e-01,
-4.0686227e-05,-0.00000e+00,
-4.0676226e-05,-0.00000e+00,
-4.0666226e-05,-0.00000e+00,
-4.0656225e-05,2.00001e-01,
-4.0646224e-05,2.00001e-01,
-4.0636223e-05,2.00001e-01,
-4.0626222e-05,-0.00000e+00,
-4.0616222e-05,-0.00000e+00,
-4.0606221e-05,-0.00000e+00,
-4.0596220e-05,-0.00000e+00,
-4.0586219e-05,-0.00000e+00,
-4.0576218e-05,-0.00000e+00,
-4.0566218e-05,-0.00000e+00,
-4.0556217e-05,-0.00000e+00,
-4.0546216e-05,-0.00000e+00,
-4.0536215e-05,-0.00000e+00,
-4.0526214e-05,-0.00000e+00,
-4.0516214e-05,-0.00000e+00,
-4.0506213e-05,-0.00000e+00,
-4.0496212e-05,-0.00000e+00,
-4.0486211e-05,-0.00000e+00,
-4.0476210e-05,-0.00000e+00,
-4.0466210e-05,2.00001e-01,
-4.0456209e-05,-0.00000e+00,
-4.0446208e-05,-0.00000e+00,
-4.0436207e-05,-0.00000e+00,
-4.0426206e-05,-0.00000e+00,
-4.0416206e-05,2.00001e-01,
-4.0406205e-05,2.00001e-01,
-4.0396204e-05,2.00001e-01,
-4.0386203e-05,-0.00000e+00,
-4.0376202e-05,2.00001e-01,
-4.0366202e-05,-0.00000e+00,
-4.0356201e-05,2.00001e-01,
-4.0346200e-05,-0.00000e+00,
-4.0336199e-05,-0.00000e+00,
-4.0326198e-05,-0.00000e+00,
-4.0316198e-05,2.00001e-01,
-4.0306197e-05,-0.00000e+00,
-4.0296196e-05,2.00001e-01,
-4.0286195e-05,-0.00000e+00,
-4.0276194e-05,-0.00000e+00,
-4.0266194e-05,2.00001e-01,
-4.0256193e-05,-0.00000e+00,
-4.0246192e-05,-0.00000e+00,
-4.0236191e-05,2.00001e-01,
-4.0226190e-05,2.00001e-01,
-4.0216190e-05,2.00001e-01,
-4.0206189e-05,-0.00000e+00,
-4.0196188e-05,-0.00000e+00,
-4.0186187e-05,2.00001e-01,
-4.0176186e-05,-0.00000e+00,
-4.0166185e-05,-0.00000e+00,
-4.0156185e-05,-0.00000e+00,
-4.0146184e-05,-0.00000e+00,
-4.0136183e-05,-0.00000e+00,
-4.0126182e-05,2.00001e-01,
-4.0116181e-05,2.00001e-01,
-4.0106181e-05,-0.00000e+00,
-4.0096180e-05,-0.00000e+00,
-4.0086179e-05,-0.00000e+00,
-4.0076178e-05,-0.00000e+00,
-4.0066177e-05,2.00001e-01,
-4.0056177e-05,-0.00000e+00,
-4.0046176e-05,-0.00000e+00,
-4.0036175e-05,-0.00000e+00,
-4.0026174e-05,2.00001e-01,
-4.0016173e-05,2.00001e-01,
-4.0006173e-05,-0.00000e+00,
-3.9996172e-05,-0.00000e+00,
-3.9986171e-05,-0.00000e+00,
-3.9976170e-05,-0.00000e+00,
-3.9966169e-05,-0.00000e+00,
-3.9956169e-05,2.00001e-01,
-3.9946168e-05,-0.00000e+00,
-3.9936167e-05,-0.00000e+00,
-3.9926166e-05,-0.00000e+00,
-3.9916165e-05,-0.00000e+00,
-3.9906165e-05,-0.00000e+00,
-3.9896164e-05,-0.00000e+00,
-3.9886163e-05,-0.00000e+00,
-3.9876162e-05,-0.00000e+00,
-3.9866161e-05,-0.00000e+00,
-3.9856161e-05,-0.00000e+00,
-3.9846160e-05,-0.00000e+00,
-3.9836159e-05,-0.00000e+00,
-3.9826158e-05,-0.00000e+00,
-3.9816157e-05,-0.00000e+00,
-3.9806157e-05,-0.00000e+00,
-3.9796156e-05,-0.00000e+00,
-3.9786155e-05,-0.00000e+00,
-3.9776154e-05,-0.00000e+00,
-3.9766153e-05,-0.00000e+00,
-3.9756153e-05,-0.00000e+00,
-3.9746152e-05,-0.00000e+00,
-3.9736151e-05,-0.00000e+00,
-3.9726150e-05,-0.00000e+00,
-3.9716149e-05,-0.00000e+00,
-3.9706149e-05,-0.00000e+00,
-3.9696148e-05,-0.00000e+00,
-3.9686147e-05,-0.00000e+00,
-3.9676146e-05,-0.00000e+00,
-3.9666145e-05,2.00001e-01,
-3.9656145e-05,-0.00000e+00,
-3.9646144e-05,-0.00000e+00,
-3.9636143e-05,-0.00000e+00,
-3.9626142e-05,2.00001e-01,
-3.9616141e-05,-0.00000e+00,
-3.9606140e-05,-0.00000e+00,
-3.9596140e-05,2.00001e-01,
-3.9586139e-05,-0.00000e+00,
-3.9576138e-05,2.00001e-01,
-3.9566137e-05,2.00001e-01,
-3.9556136e-05,-0.00000e+00,
-3.9546136e-05,2.00001e-01,
-3.9536135e-05,-0.00000e+00,
-3.9526134e-05,-0.00000e+00,
-3.9516133e-05,2.00001e-01,
-3.9506132e-05,-0.00000e+00,
-3.9496132e-05,-0.00000e+00,
-3.9486131e-05,2.00001e-01,
-3.9476130e-05,-0.00000e+00,
-3.9466129e-05,-0.00000e+00,
-3.9456128e-05,2.00001e-01,
-3.9446128e-05,-0.00000e+00,
-3.9436127e-05,2.00001e-01,
-3.9426126e-05,-0.00000e+00,
-3.9416125e-05,2.00001e-01,
-3.9406124e-05,2.00001e-01,
-3.9396124e-05,-0.00000e+00,
-3.9386123e-05,-0.00000e+00,
-3.9376122e-05,-0.00000e+00,
-3.9366121e-05,-0.00000e+00,
-3.9356120e-05,-0.00000e+00,
-3.9346120e-05,-0.00000e+00,
-3.9336119e-05,-0.00000e+00,
-3.9326118e-05,-0.00000e+00,
-3.9316117e-05,-0.00000e+00,
-3.9306116e-05,-0.00000e+00,
-3.9296116e-05,-0.00000e+00,
-3.9286115e-05,-0.00000e+00,
-3.9276114e-05,-0.00000e+00,
-3.9266113e-05,-0.00000e+00,
-3.9256112e-05,2.00001e-01,
-3.9246112e-05,-0.00000e+00,
-3.9236111e-05,2.00001e-01,
-3.9226110e-05,-0.00000e+00,
-3.9216109e-05,2.00001e-01,
-3.9206108e-05,2.00001e-01,
-3.9196108e-05,-0.00000e+00,
-3.9186107e-05,-0.00000e+00,
-3.9176106e-05,2.00001e-01,
-3.9166105e-05,2.00001e-01,
-3.9156104e-05,2.00001e-01,
-3.9146104e-05,-0.00000e+00,
-3.9136103e-05,2.00001e-01,
-3.9126102e-05,2.00001e-01,
-3.9116101e-05,-0.00000e+00,
-3.9106100e-05,2.00001e-01,
-3.9096099e-05,2.00001e-01,
-3.9086099e-05,-0.00000e+00,
-3.9076098e-05,-0.00000e+00,
-3.9066097e-05,2.00001e-01,
-3.9056096e-05,2.00001e-01,
-3.9046095e-05,2.00001e-01,
-3.9036095e-05,2.00001e-01,
-3.9026094e-05,-0.00000e+00,
-3.9016093e-05,2.00001e-01,
-3.9006092e-05,-0.00000e+00,
-3.8996091e-05,-0.00000e+00,
-3.8986091e-05,2.00001e-01,
-3.8976090e-05,-0.00000e+00,
-3.8966089e-05,-0.00000e+00,
-3.8956088e-05,-0.00000e+00,
-3.8946087e-05,-0.00000e+00,
-3.8936087e-05,-0.00000e+00,
-3.8926086e-05,2.00001e-01,
-3.8916085e-05,-0.00000e+00,
-3.8906084e-05,2.00001e-01,
-3.8896083e-05,-0.00000e+00,
-3.8886083e-05,-0.00000e+00,
-3.8876082e-05,2.00001e-01,
-3.8866081e-05,-0.00000e+00,
-3.8856080e-05,-0.00000e+00,
-3.8846079e-05,2.00001e-01,
-3.8836079e-05,-0.00000e+00,
-3.8826078e-05,-0.00000e+00,
-3.8816077e-05,-0.00000e+00,
-3.8806076e-05,2.00001e-01,
-3.8796075e-05,-0.00000e+00,
-3.8786075e-05,2.00001e-01,
-3.8776074e-05,-0.00000e+00,
-3.8766073e-05,-0.00000e+00,
-3.8756072e-05,2.00001e-01,
-3.8746071e-05,-0.00000e+00,
-3.8736071e-05,2.00001e-01,
-3.8726070e-05,2.00001e-01,
-3.8716069e-05,-0.00000e+00,
-3.8706068e-05,2.00001e-01,
-3.8696067e-05,-0.00000e+00,
-3.8686067e-05,2.00001e-01,
-3.8676066e-05,-0.00000e+00,
-3.8666065e-05,-0.00000e+00,
-3.8656064e-05,2.00001e-01,
-3.8646063e-05,2.00001e-01,
-3.8636063e-05,2.00001e-01,
-3.8626062e-05,2.00001e-01,
-3.8616061e-05,-0.00000e+00,
-3.8606060e-05,2.00001e-01,
-3.8596059e-05,-0.00000e+00,
-3.8586059e-05,-0.00000e+00,
-3.8576058e-05,-0.00000e+00,
-3.8566057e-05,2.00001e-01,
-3.8556056e-05,-0.00000e+00,
-3.8546055e-05,-0.00000e+00,
-3.8536054e-05,-0.00000e+00,
-3.8526054e-05,2.00001e-01,
-3.8516053e-05,-0.00000e+00,
-3.8506052e-05,-0.00000e+00,
-3.8496051e-05,-0.00000e+00,
-3.8486050e-05,-0.00000e+00,
-3.8476050e-05,2.00001e-01,
-3.8466049e-05,2.00001e-01,
-3.8456048e-05,-0.00000e+00,
-3.8446047e-05,2.00001e-01,
-3.8436046e-05,2.00001e-01,
-3.8426046e-05,2.00001e-01,
-3.8416045e-05,-0.00000e+00,
-3.8406044e-05,-0.00000e+00,
-3.8396043e-05,2.00001e-01,
-3.8386042e-05,2.00001e-01,
-3.8376042e-05,-0.00000e+00,
-3.8366041e-05,2.00001e-01,
-3.8356040e-05,-0.00000e+00,
-3.8346039e-05,-0.00000e+00,
-3.8336038e-05,-0.00000e+00,
-3.8326038e-05,-0.00000e+00,
-3.8316037e-05,-0.00000e+00,
-3.8306036e-05,2.00001e-01,
-3.8296035e-05,2.00001e-01,
-3.8286034e-05,-0.00000e+00,
-3.8276034e-05,-0.00000e+00,
-3.8266033e-05,-0.00000e+00,
-3.8256032e-05,2.00001e-01,
-3.8246031e-05,-0.00000e+00,
-3.8236030e-05,-0.00000e+00,
-3.8226030e-05,-0.00000e+00,
-3.8216029e-05,-0.00000e+00,
-3.8206028e-05,2.00001e-01,
-3.8196027e-05,-0.00000e+00,
-3.8186026e-05,-0.00000e+00,
-3.8176026e-05,-0.00000e+00,
-3.8166025e-05,-0.00000e+00,
-3.8156024e-05,-0.00000e+00,
-3.8146023e-05,-0.00000e+00,
-3.8136022e-05,-0.00000e+00,
-3.8126022e-05,-0.00000e+00,
-3.8116021e-05,-0.00000e+00,
-3.8106020e-05,-0.00000e+00,
-3.8096019e-05,2.00001e-01,
-3.8086018e-05,-0.00000e+00,
-3.8076018e-05,-0.00000e+00,
-3.8066017e-05,-0.00000e+00,
-3.8056016e-05,-0.00000e+00,
-3.8046015e-05,2.00001e-01,
-3.8036014e-05,-0.00000e+00,
-3.8026013e-05,-0.00000e+00,
-3.8016013e-05,-0.00000e+00,
-3.8006012e-05,-0.00000e+00,
-3.7996011e-05,2.00001e-01,
-3.7986010e-05,-0.00000e+00,
-3.7976009e-05,-0.00000e+00,
-3.7966009e-05,-0.00000e+00,
-3.7956008e-05,-0.00000e+00,
-3.7946007e-05,2.00001e-01,
-3.7936006e-05,-0.00000e+00,
-3.7926005e-05,-0.00000e+00,
-3.7916005e-05,-0.00000e+00,
-3.7906004e-05,-0.00000e+00,
-3.7896003e-05,2.00001e-01,
-3.7886002e-05,-0.00000e+00,
-3.7876001e-05,-0.00000e+00,
-3.7866001e-05,-0.00000e+00,
-3.7856000e-05,-0.00000e+00,
-3.7845999e-05,2.00001e-01,
-3.7835998e-05,-0.00000e+00,
-3.7825997e-05,-0.00000e+00,
-3.7815997e-05,-0.00000e+00,
-3.7805996e-05,-0.00000e+00,
-3.7795995e-05,2.00001e-01,
-3.7785994e-05,2.00001e-01,
-3.7775993e-05,-0.00000e+00,
-3.7765993e-05,2.00001e-01,
-3.7755992e-05,-0.00000e+00,
-3.7745991e-05,2.00001e-01,
-3.7735990e-05,2.00001e-01,
-3.7725989e-05,2.00001e-01,
-3.7715989e-05,2.00001e-01,
-3.7705988e-05,2.00001e-01,
-3.7695987e-05,2.00001e-01,
-3.7685986e-05,-0.00000e+00,
-3.7675985e-05,-0.00000e+00,
-3.7665985e-05,2.00001e-01,
-3.7655984e-05,-0.00000e+00,
-3.7645983e-05,2.00001e-01,
-3.7635982e-05,-0.00000e+00,
-3.7625981e-05,-0.00000e+00,
-3.7615981e-05,2.00001e-01,
-3.7605980e-05,-0.00000e+00,
-3.7595979e-05,2.00001e-01,
-3.7585978e-05,-0.00000e+00,
-3.7575977e-05,-0.00000e+00,
-3.7565977e-05,-0.00000e+00,
-3.7555976e-05,-0.00000e+00,
-3.7545975e-05,2.00001e-01,
-3.7535974e-05,2.00001e-01,
-3.7525973e-05,-0.00000e+00,
-3.7515973e-05,-0.00000e+00,
-3.7505972e-05,2.00001e-01,
-3.7495971e-05,2.00001e-01,
-3.7485970e-05,-0.00000e+00,
-3.7475969e-05,2.00001e-01,
-3.7465968e-05,-0.00000e+00,
-3.7455968e-05,-0.00000e+00,
-3.7445967e-05,-0.00000e+00,
-3.7435966e-05,2.00001e-01,
-3.7425965e-05,-0.00000e+00,
-3.7415964e-05,-0.00000e+00,
-3.7405964e-05,-0.00000e+00,
-3.7395963e-05,-0.00000e+00,
-3.7385962e-05,2.00001e-01,
-3.7375961e-05,-0.00000e+00,
-3.7365960e-05,-0.00000e+00,
-3.7355960e-05,2.00001e-01,
-3.7345959e-05,-0.00000e+00,
-3.7335958e-05,2.00001e-01,
-3.7325957e-05,2.00001e-01,
-3.7315956e-05,2.00001e-01,
-3.7305956e-05,2.00001e-01,
-3.7295955e-05,-0.00000e+00,
-3.7285954e-05,2.00001e-01,
-3.7275953e-05,-0.00000e+00,
-3.7265952e-05,-0.00000e+00,
-3.7255952e-05,-0.00000e+00,
-3.7245951e-05,-0.00000e+00,
-3.7235950e-05,-0.00000e+00,
-3.7225949e-05,2.00001e-01,
-3.7215948e-05,-0.00000e+00,
-3.7205948e-05,-0.00000e+00,
-3.7195947e-05,-0.00000e+00,
-3.7185946e-05,-0.00000e+00,
-3.7175945e-05,2.00001e-01,
-3.7165944e-05,-0.00000e+00,
-3.7155944e-05,-0.00000e+00,
-3.7145943e-05,-0.00000e+00,
-3.7135942e-05,2.00001e-01,
-3.7125941e-05,2.00001e-01,
-3.7115940e-05,2.00001e-01,
-3.7105940e-05,-0.00000e+00,
-3.7095939e-05,2.00001e-01,
-3.7085938e-05,2.00001e-01,
-3.7075937e-05,2.00001e-01,
-3.7065936e-05,-0.00000e+00,
-3.7055936e-05,2.00001e-01,
-3.7045935e-05,-0.00000e+00,
-3.7035934e-05,-0.00000e+00,
-3.7025933e-05,-0.00000e+00,
-3.7015932e-05,2.00001e-01,
-3.7005932e-05,2.00001e-01,
-3.6995931e-05,-0.00000e+00,
-3.6985930e-05,-0.00000e+00,
-3.6975929e-05,2.00001e-01,
-3.6965928e-05,2.00001e-01,
-3.6955927e-05,-0.00000e+00,
-3.6945927e-05,-0.00000e+00,
-3.6935926e-05,-0.00000e+00,
-3.6925925e-05,2.00001e-01,
-3.6915924e-05,-0.00000e+00,
-3.6905923e-05,-0.00000e+00,
-3.6895923e-05,-0.00000e+00,
-3.6885922e-05,2.00001e-01,
-3.6875921e-05,-0.00000e+00,
-3.6865920e-05,2.00001e-01,
-3.6855919e-05,2.00001e-01,
-3.6845919e-05,-0.00000e+00,
-3.6835918e-05,2.00001e-01,
-3.6825917e-05,-0.00000e+00,
-3.6815916e-05,2.00001e-01,
-3.6805915e-05,-0.00000e+00,
-3.6795915e-05,-0.00000e+00,
-3.6785914e-05,2.00001e-01,
-3.6775913e-05,-0.00000e+00,
-3.6765912e-05,-0.00000e+00,
-3.6755911e-05,-0.00000e+00,
-3.6745911e-05,-0.00000e+00,
-3.6735910e-05,-0.00000e+00,
-3.6725909e-05,2.00001e-01,
-3.6715908e-05,-0.00000e+00,
-3.6705907e-05,-0.00000e+00,
-3.6695907e-05,-0.00000e+00,
-3.6685906e-05,-0.00000e+00,
-3.6675905e-05,-0.00000e+00,
-3.6665904e-05,-0.00000e+00,
-3.6655903e-05,-0.00000e+00,
-3.6645903e-05,-0.00000e+00,
-3.6635902e-05,-0.00000e+00,
-3.6625901e-05,2.00001e-01,
-3.6615900e-05,-0.00000e+00,
-3.6605899e-05,-0.00000e+00,
-3.6595899e-05,-0.00000e+00,
-3.6585898e-05,-0.00000e+00,
-3.6575897e-05,2.00001e-01,
-3.6565896e-05,2.00001e-01,
-3.6555895e-05,2.00001e-01,
-3.6545895e-05,-0.00000e+00,
-3.6535894e-05,-0.00000e+00,
-3.6525893e-05,2.00001e-01,
-3.6515892e-05,2.00001e-01,
-3.6505891e-05,-0.00000e+00,
-3.6495891e-05,-0.00000e+00,
-3.6485890e-05,-0.00000e+00,
-3.6475889e-05,-0.00000e+00,
-3.6465888e-05,2.00001e-01,
-3.6455887e-05,-0.00000e+00,
-3.6445887e-05,-0.00000e+00,
-3.6435886e-05,-0.00000e+00,
-3.6425885e-05,-0.00000e+00,
-3.6415884e-05,-0.00000e+00,
-3.6405883e-05,2.00001e-01,
-3.6395882e-05,-0.00000e+00,
-3.6385882e-05,2.00001e-01,
-3.6375881e-05,-0.00000e+00,
-3.6365880e-05,-0.00000e+00,
-3.6355879e-05,2.00001e-01,
-3.6345878e-05,-0.00000e+00,
-3.6335878e-05,2.00001e-01,
-3.6325877e-05,-0.00000e+00,
-3.6315876e-05,-0.00000e+00,
-3.6305875e-05,2.00001e-01,
-3.6295874e-05,2.00001e-01,
-3.6285874e-05,-0.00000e+00,
-3.6275873e-05,-0.00000e+00,
-3.6265872e-05,-0.00000e+00,
-3.6255871e-05,-0.00000e+00,
-3.6245870e-05,-0.00000e+00,
-3.6235870e-05,2.00001e-01,
-3.6225869e-05,-0.00000e+00,
-3.6215868e-05,2.00001e-01,
-3.6205867e-05,-0.00000e+00,
-3.6195866e-05,-0.00000e+00,
-3.6185866e-05,-0.00000e+00,
-3.6175865e-05,-0.00000e+00,
-3.6165864e-05,2.00001e-01,
-3.6155863e-05,-0.00000e+00,
-3.6145862e-05,-0.00000e+00,
-3.6135862e-05,-0.00000e+00,
-3.6125861e-05,-0.00000e+00,
-3.6115860e-05,-0.00000e+00,
-3.6105859e-05,-0.00000e+00,
-3.6095858e-05,-0.00000e+00,
-3.6085858e-05,2.00001e-01,
-3.6075857e-05,-0.00000e+00,
-3.6065856e-05,2.00001e-01,
-3.6055855e-05,-0.00000e+00,
-3.6045854e-05,-0.00000e+00,
-3.6035854e-05,2.00001e-01,
-3.6025853e-05,2.00001e-01,
-3.6015852e-05,2.00001e-01,
-3.6005851e-05,-0.00000e+00,
-3.5995850e-05,-0.00000e+00,
-3.5985850e-05,2.00001e-01,
-3.5975849e-05,2.00001e-01,
-3.5965848e-05,-0.00000e+00,
-3.5955847e-05,2.00001e-01,
-3.5945846e-05,-0.00000e+00,
-3.5935846e-05,2.00001e-01,
-3.5925845e-05,-0.00000e+00,
-3.5915844e-05,-0.00000e+00,
-3.5905843e-05,2.00001e-01,
-3.5895842e-05,-0.00000e+00,
-3.5885841e-05,2.00001e-01,
-3.5875841e-05,-0.00000e+00,
-3.5865840e-05,2.00001e-01,
-3.5855839e-05,2.00001e-01,
-3.5845838e-05,-0.00000e+00,
-3.5835837e-05,2.00001e-01,
-3.5825837e-05,-0.00000e+00,
-3.5815836e-05,2.00001e-01,
-3.5805835e-05,-0.00000e+00,
-3.5795834e-05,2.00001e-01,
-3.5785833e-05,-0.00000e+00,
-3.5775833e-05,2.00001e-01,
-3.5765832e-05,2.00001e-01,
-3.5755831e-05,2.00001e-01,
-3.5745830e-05,2.00001e-01,
-3.5735829e-05,-0.00000e+00,
-3.5725829e-05,2.00001e-01,
-3.5715828e-05,-0.00000e+00,
-3.5705827e-05,-0.00000e+00,
-3.5695826e-05,-0.00000e+00,
-3.5685825e-05,2.00001e-01,
-3.5675825e-05,2.00001e-01,
-3.5665824e-05,-0.00000e+00,
-3.5655823e-05,-0.00000e+00,
-3.5645822e-05,-0.00000e+00,
-3.5635821e-05,-0.00000e+00,
-3.5625821e-05,-0.00000e+00,
-3.5615820e-05,2.00001e-01,
-3.5605819e-05,-0.00000e+00,
-3.5595818e-05,-0.00000e+00,
-3.5585817e-05,-0.00000e+00,
-3.5575817e-05,-0.00000e+00,
-3.5565816e-05,2.00001e-01,
-3.5555815e-05,2.00001e-01,
-3.5545814e-05,-0.00000e+00,
-3.5535813e-05,2.00001e-01,
-3.5525813e-05,-0.00000e+00,
-3.5515812e-05,2.00001e-01,
-3.5505811e-05,-0.00000e+00,
-3.5495810e-05,2.00001e-01,
-3.5485809e-05,2.00001e-01,
-3.5475809e-05,2.00001e-01,
-3.5465808e-05,2.00001e-01,
-3.5455807e-05,-0.00000e+00,
-3.5445806e-05,2.00001e-01,
-3.5435805e-05,2.00001e-01,
-3.5425805e-05,-0.00000e+00,
-3.5415804e-05,-0.00000e+00,
-3.5405803e-05,-0.00000e+00,
-3.5395802e-05,-0.00000e+00,
-3.5385801e-05,2.00001e-01,
-3.5375801e-05,-0.00000e+00,
-3.5365800e-05,-0.00000e+00,
-3.5355799e-05,2.00001e-01,
-3.5345798e-05,-0.00000e+00,
-3.5335797e-05,2.00001e-01,
-3.5325796e-05,-0.00000e+00,
-3.5315796e-05,2.00001e-01,
-3.5305795e-05,-0.00000e+00,
-3.5295794e-05,-0.00000e+00,
-3.5285793e-05,-0.00000e+00,
-3.5275792e-05,-0.00000e+00,
-3.5265792e-05,-0.00000e+00,
-3.5255791e-05,2.00001e-01,
-3.5245790e-05,-0.00000e+00,
-3.5235789e-05,-0.00000e+00,
-3.5225788e-05,-0.00000e+00,
-3.5215788e-05,2.00001e-01,
-3.5205787e-05,2.00001e-01,
-3.5195786e-05,-0.00000e+00,
-3.5185785e-05,-0.00000e+00,
-3.5175784e-05,2.00001e-01,
-3.5165784e-05,-0.00000e+00,
-3.5155783e-05,-0.00000e+00,
-3.5145782e-05,2.00001e-01,
-3.5135781e-05,-0.00000e+00,
-3.5125780e-05,2.00001e-01,
-3.5115780e-05,2.00001e-01,
-3.5105779e-05,2.00001e-01,
-3.5095778e-05,-0.00000e+00,
-3.5085777e-05,2.00001e-01,
-3.5075776e-05,-0.00000e+00,
-3.5065776e-05,2.00001e-01,
-3.5055775e-05,-0.00000e+00,
-3.5045774e-05,-0.00000e+00,
-3.5035773e-05,2.00001e-01,
-3.5025772e-05,2.00001e-01,
-3.5015772e-05,-0.00000e+00,
-3.5005771e-05,2.00001e-01,
-3.4995770e-05,-0.00000e+00,
-3.4985769e-05,2.00001e-01,
-3.4975768e-05,-0.00000e+00,
-3.4965768e-05,2.00001e-01,
-3.4955767e-05,2.00001e-01,
-3.4945766e-05,2.00001e-01,
-3.4935765e-05,2.00001e-01,
-3.4925764e-05,2.00001e-01,
-3.4915764e-05,2.00001e-01,
-3.4905763e-05,-0.00000e+00,
-3.4895762e-05,-0.00000e+00,
-3.4885761e-05,-0.00000e+00,
-3.4875760e-05,2.00001e-01,
-3.4865760e-05,-0.00000e+00,
-3.4855759e-05,-0.00000e+00,
-3.4845758e-05,2.00001e-01,
-3.4835757e-05,-0.00000e+00,
-3.4825756e-05,2.00001e-01,
-3.4815755e-05,2.00001e-01,
-3.4805755e-05,-0.00000e+00,
-3.4795754e-05,-0.00000e+00,
-3.4785753e-05,2.00001e-01,
-3.4775752e-05,2.00001e-01,
-3.4765751e-05,2.00001e-01,
-3.4755751e-05,-0.00000e+00,
-3.4745750e-05,-0.00000e+00,
-3.4735749e-05,2.00001e-01,
-3.4725748e-05,-0.00000e+00,
-3.4715747e-05,-0.00000e+00,
-3.4705747e-05,-0.00000e+00,
-3.4695746e-05,-0.00000e+00,
-3.4685745e-05,2.00001e-01,
-3.4675744e-05,-0.00000e+00,
-3.4665743e-05,2.00001e-01,
-3.4655743e-05,-0.00000e+00,
-3.4645742e-05,-0.00000e+00,
-3.4635741e-05,-0.00000e+00,
-3.4625740e-05,2.00001e-01,
-3.4615739e-05,-0.00000e+00,
-3.4605739e-05,2.00001e-01,
-3.4595738e-05,-0.00000e+00,
-3.4585737e-05,-0.00000e+00,
-3.4575736e-05,2.00001e-01,
-3.4565735e-05,-0.00000e+00,
-3.4555735e-05,2.00001e-01,
-3.4545734e-05,2.00001e-01,
-3.4535733e-05,2.00001e-01,
-3.4525732e-05,-0.00000e+00,
-3.4515731e-05,-0.00000e+00,
-3.4505731e-05,2.00001e-01,
-3.4495730e-05,-0.00000e+00,
-3.4485729e-05,-0.00000e+00,
-3.4475728e-05,2.00001e-01,
-3.4465727e-05,2.00001e-01,
-3.4455727e-05,-0.00000e+00,
-3.4445726e-05,2.00001e-01,
-3.4435725e-05,-0.00000e+00,
-3.4425724e-05,-0.00000e+00,
-3.4415723e-05,-0.00000e+00,
-3.4405723e-05,2.00001e-01,
-3.4395722e-05,2.00001e-01,
-3.4385721e-05,2.00001e-01,
-3.4375720e-05,-0.00000e+00,
-3.4365719e-05,-0.00000e+00,
-3.4355719e-05,2.00001e-01,
-3.4345718e-05,2.00001e-01,
-3.4335717e-05,-0.00000e+00,
-3.4325716e-05,2.00001e-01,
-3.4315715e-05,-0.00000e+00,
-3.4305715e-05,2.00001e-01,
-3.4295714e-05,2.00001e-01,
-3.4285713e-05,2.00001e-01,
-3.4275712e-05,-0.00000e+00,
-3.4265711e-05,2.00001e-01,
-3.4255710e-05,2.00001e-01,
-3.4245710e-05,-0.00000e+00,
-3.4235709e-05,-0.00000e+00,
-3.4225708e-05,-0.00000e+00,
-3.4215707e-05,-0.00000e+00,
-3.4205706e-05,-0.00000e+00,
-3.4195706e-05,2.00001e-01,
-3.4185705e-05,-0.00000e+00,
-3.4175704e-05,-0.00000e+00,
-3.4165703e-05,-0.00000e+00,
-3.4155702e-05,-0.00000e+00,
-3.4145702e-05,2.00001e-01,
-3.4135701e-05,2.00001e-01,
-3.4125700e-05,-0.00000e+00,
-3.4115699e-05,2.00001e-01,
-3.4105698e-05,-0.00000e+00,
-3.4095698e-05,2.00001e-01,
-3.4085697e-05,-0.00000e+00,
-3.4075696e-05,-0.00000e+00,
-3.4065695e-05,-0.00000e+00,
-3.4055694e-05,2.00001e-01,
-3.4045694e-05,-0.00000e+00,
-3.4035693e-05,2.00001e-01,
-3.4025692e-05,-0.00000e+00,
-3.4015691e-05,-0.00000e+00,
-3.4005690e-05,2.00001e-01,
-3.3995690e-05,-0.00000e+00,
-3.3985689e-05,2.00001e-01,
-3.3975688e-05,2.00001e-01,
-3.3965687e-05,-0.00000e+00,
-3.3955686e-05,-0.00000e+00,
-3.3945686e-05,2.00001e-01,
-3.3935685e-05,2.00001e-01,
-3.3925684e-05,-0.00000e+00,
-3.3915683e-05,2.00001e-01,
-3.3905682e-05,-0.00000e+00,
-3.3895682e-05,-0.00000e+00,
-3.3885681e-05,2.00001e-01,
-3.3875680e-05,-0.00000e+00,
-3.3865679e-05,-0.00000e+00,
-3.3855678e-05,2.00001e-01,
-3.3845678e-05,2.00001e-01,
-3.3835677e-05,-0.00000e+00,
-3.3825676e-05,-0.00000e+00,
-3.3815675e-05,-0.00000e+00,
-3.3805674e-05,-0.00000e+00,
-3.3795674e-05,-0.00000e+00,
-3.3785673e-05,2.00001e-01,
-3.3775672e-05,-0.00000e+00,
-3.3765671e-05,-0.00000e+00,
-3.3755670e-05,-0.00000e+00,
-3.3745669e-05,-0.00000e+00,
-3.3735669e-05,-0.00000e+00,
-3.3725668e-05,-0.00000e+00,
-3.3715667e-05,2.00001e-01,
-3.3705666e-05,-0.00000e+00,
-3.3695665e-05,-0.00000e+00,
-3.3685665e-05,-0.00000e+00,
-3.3675664e-05,-0.00000e+00,
-3.3665663e-05,-0.00000e+00,
-3.3655662e-05,2.00001e-01,
-3.3645661e-05,-0.00000e+00,
-3.3635661e-05,-0.00000e+00,
-3.3625660e-05,-0.00000e+00,
-3.3615659e-05,-0.00000e+00,
-3.3605658e-05,-0.00000e+00,
-3.3595657e-05,-0.00000e+00,
-3.3585657e-05,-0.00000e+00,
-3.3575656e-05,2.00001e-01,
-3.3565655e-05,-0.00000e+00,
-3.3555654e-05,-0.00000e+00,
-3.3545653e-05,-0.00000e+00,
-3.3535653e-05,-0.00000e+00,
-3.3525652e-05,2.00001e-01,
-3.3515651e-05,2.00001e-01,
-3.3505650e-05,-0.00000e+00,
-3.3495649e-05,2.00001e-01,
-3.3485649e-05,-0.00000e+00,
-3.3475648e-05,2.00001e-01,
-3.3465647e-05,-0.00000e+00,
-3.3455646e-05,-0.00000e+00,
-3.3445645e-05,2.00001e-01,
-3.3435645e-05,-0.00000e+00,
-3.3425644e-05,-0.00000e+00,
-3.3415643e-05,-0.00000e+00,
-3.3405642e-05,-0.00000e+00,
-3.3395641e-05,2.00001e-01,
-3.3385641e-05,-0.00000e+00,
-3.3375640e-05,-0.00000e+00,
-3.3365639e-05,-0.00000e+00,
-3.3355638e-05,-0.00000e+00,
-3.3345637e-05,-0.00000e+00,
-3.3335637e-05,2.00001e-01,
-3.3325636e-05,-0.00000e+00,
-3.3315635e-05,-0.00000e+00,
-3.3305634e-05,-0.00000e+00,
-3.3295633e-05,-0.00000e+00,
-3.3285633e-05,-0.00000e+00,
-3.3275632e-05,2.00001e-01,
-3.3265631e-05,-0.00000e+00,
-3.3255630e-05,2.00001e-01,
-3.3245629e-05,-0.00000e+00,
-3.3235629e-05,-0.00000e+00,
-3.3225628e-05,2.00001e-01,
-3.3215627e-05,-0.00000e+00,
-3.3205626e-05,2.00001e-01,
-3.3195625e-05,2.00001e-01,
-3.3185624e-05,-0.00000e+00,
-3.3175624e-05,2.00001e-01,
-3.3165623e-05,2.00001e-01,
-3.3155622e-05,2.00001e-01,
-3.3145621e-05,-0.00000e+00,
-3.3135620e-05,-0.00000e+00,
-3.3125620e-05,2.00001e-01,
-3.3115619e-05,-0.00000e+00,
-3.3105618e-05,-0.00000e+00,
-3.3095617e-05,-0.00000e+00,
-3.3085616e-05,-0.00000e+00,
-3.3075616e-05,2.00001e-01,
-3.3065615e-05,2.00001e-01,
-3.3055614e-05,2.00001e-01,
-3.3045613e-05,2.00001e-01,
-3.3035612e-05,-0.00000e+00,
-3.3025612e-05,-0.00000e+00,
-3.3015611e-05,2.00001e-01,
-3.3005610e-05,-0.00000e+00,
-3.2995609e-05,2.00001e-01,
-3.2985608e-05,-0.00000e+00,
-3.2975608e-05,-0.00000e+00,
-3.2965607e-05,-0.00000e+00,
-3.2955606e-05,2.00001e-01,
-3.2945605e-05,-0.00000e+00,
-3.2935604e-05,-0.00000e+00,
-3.2925604e-05,2.00001e-01,
-3.2915603e-05,-0.00000e+00,
-3.2905602e-05,-0.00000e+00,
-3.2895601e-05,-0.00000e+00,
-3.2885600e-05,2.00001e-01,
-3.2875600e-05,2.00001e-01,
-3.2865599e-05,-0.00000e+00,
-3.2855598e-05,-0.00000e+00,
-3.2845597e-05,-0.00000e+00,
-3.2835596e-05,2.00001e-01,
-3.2825596e-05,-0.00000e+00,
-3.2815595e-05,2.00001e-01,
-3.2805594e-05,-0.00000e+00,
-3.2795593e-05,2.00001e-01,
-3.2785592e-05,2.00001e-01,
-3.2775592e-05,-0.00000e+00,
-3.2765591e-05,2.00001e-01,
-3.2755590e-05,2.00001e-01,
-3.2745589e-05,2.00001e-01,
-3.2735588e-05,-0.00000e+00,
-3.2725588e-05,2.00001e-01,
-3.2715587e-05,-0.00000e+00,
-3.2705586e-05,-0.00000e+00,
-3.2695585e-05,-0.00000e+00,
-3.2685584e-05,2.00001e-01,
-3.2675583e-05,2.00001e-01,
-3.2665583e-05,-0.00000e+00,
-3.2655582e-05,-0.00000e+00,
-3.2645581e-05,-0.00000e+00,
-3.2635580e-05,2.00001e-01,
-3.2625579e-05,-0.00000e+00,
-3.2615579e-05,-0.00000e+00,
-3.2605578e-05,-0.00000e+00,
-3.2595577e-05,2.00001e-01,
-3.2585576e-05,2.00001e-01,
-3.2575575e-05,2.00001e-01,
-3.2565575e-05,-0.00000e+00,
-3.2555574e-05,-0.00000e+00,
-3.2545573e-05,2.00001e-01,
-3.2535572e-05,-0.00000e+00,
-3.2525571e-05,-0.00000e+00,
-3.2515571e-05,-0.00000e+00,
-3.2505570e-05,-0.00000e+00,
-3.2495569e-05,-0.00000e+00,
-3.2485568e-05,2.00001e-01,
-3.2475567e-05,-0.00000e+00,
-3.2465567e-05,-0.00000e+00,
-3.2455566e-05,-0.00000e+00,
-3.2445565e-05,2.00001e-01,
-3.2435564e-05,-0.00000e+00,
-3.2425563e-05,-0.00000e+00,
-3.2415563e-05,-0.00000e+00,
-3.2405562e-05,-0.00000e+00,
-3.2395561e-05,2.00001e-01,
-3.2385560e-05,-0.00000e+00,
-3.2375559e-05,-0.00000e+00,
-3.2365559e-05,-0.00000e+00,
-3.2355558e-05,-0.00000e+00,
-3.2345557e-05,-0.00000e+00,
-3.2335556e-05,2.00001e-01,
-3.2325555e-05,-0.00000e+00,
-3.2315555e-05,-0.00000e+00,
-3.2305554e-05,-0.00000e+00,
-3.2295553e-05,-0.00000e+00,
-3.2285552e-05,2.00001e-01,
-3.2275551e-05,2.00001e-01,
-3.2265551e-05,2.00001e-01,
-3.2255550e-05,-0.00000e+00,
-3.2245549e-05,-0.00000e+00,
-3.2235548e-05,2.00001e-01,
-3.2225547e-05,-0.00000e+00,
-3.2215547e-05,-0.00000e+00,
-3.2205546e-05,-0.00000e+00,
-3.2195545e-05,-0.00000e+00,
-3.2185544e-05,-0.00000e+00,
-3.2175543e-05,-0.00000e+00,
-3.2165543e-05,-0.00000e+00,
-3.2155542e-05,-0.00000e+00,
-3.2145541e-05,-0.00000e+00,
-3.2135540e-05,-0.00000e+00,
-3.2125539e-05,2.00001e-01,
-3.2115538e-05,-0.00000e+00,
-3.2105538e-05,-0.00000e+00,
-3.2095537e-05,-0.00000e+00,
-3.2085536e-05,-0.00000e+00,
-3.2075535e-05,-0.00000e+00,
-3.2065534e-05,-0.00000e+00,
-3.2055534e-05,-0.00000e+00,
-3.2045533e-05,-0.00000e+00,
-3.2035532e-05,-0.00000e+00,
-3.2025531e-05,-0.00000e+00,
-3.2015530e-05,-0.00000e+00,
-3.2005530e-05,2.00001e-01,
-3.1995529e-05,-0.00000e+00,
-3.1985528e-05,2.00001e-01,
-3.1975527e-05,-0.00000e+00,
-3.1965526e-05,-0.00000e+00,
-3.1955526e-05,2.00001e-01,
-3.1945525e-05,-0.00000e+00,
-3.1935524e-05,2.00001e-01,
-3.1925523e-05,2.00001e-01,
-3.1915522e-05,-0.00000e+00,
-3.1905522e-05,-0.00000e+00,
-3.1895521e-05,2.00001e-01,
-3.1885520e-05,2.00001e-01,
-3.1875519e-05,2.00001e-01,
-3.1865518e-05,2.00001e-01,
-3.1855518e-05,-0.00000e+00,
-3.1845517e-05,-0.00000e+00,
-3.1835516e-05,-0.00000e+00,
-3.1825515e-05,-0.00000e+00,
-3.1815514e-05,2.00001e-01,
-3.1805514e-05,-0.00000e+00,
-3.1795513e-05,-0.00000e+00,
-3.1785512e-05,-0.00000e+00,
-3.1775511e-05,-0.00000e+00,
-3.1765510e-05,2.00001e-01,
-3.1755510e-05,-0.00000e+00,
-3.1745509e-05,2.00001e-01,
-3.1735508e-05,-0.00000e+00,
-3.1725507e-05,2.00001e-01,
-3.1715506e-05,2.00001e-01,
-3.1705506e-05,-0.00000e+00,
-3.1695505e-05,2.00001e-01,
-3.1685504e-05,-0.00000e+00,
-3.1675503e-05,2.00001e-01,
-3.1665502e-05,2.00001e-01,
-3.1655502e-05,2.00001e-01,
-3.1645501e-05,2.00001e-01,
-3.1635500e-05,-0.00000e+00,
-3.1625499e-05,-0.00000e+00,
-3.1615498e-05,-0.00000e+00,
-3.1605497e-05,-0.00000e+00,
-3.1595497e-05,-0.00000e+00,
-3.1585496e-05,-0.00000e+00,
-3.1575495e-05,2.00001e-01,
-3.1565494e-05,-0.00000e+00,
-3.1555493e-05,-0.00000e+00,
-3.1545493e-05,-0.00000e+00,
-3.1535492e-05,-0.00000e+00,
-3.1525491e-05,-0.00000e+00,
-3.1515490e-05,-0.00000e+00,
-3.1505489e-05,-0.00000e+00,
-3.1495489e-05,-0.00000e+00,
-3.1485488e-05,-0.00000e+00,
-3.1475487e-05,-0.00000e+00,
-3.1465486e-05,-0.00000e+00,
-3.1455485e-05,2.00001e-01,
-3.1445485e-05,-0.00000e+00,
-3.1435484e-05,-0.00000e+00,
-3.1425483e-05,-0.00000e+00,
-3.1415482e-05,2.00001e-01,
-3.1405481e-05,-0.00000e+00,
-3.1395481e-05,-0.00000e+00,
-3.1385480e-05,-0.00000e+00,
-3.1375479e-05,-0.00000e+00,
-3.1365478e-05,2.00001e-01,
-3.1355477e-05,-0.00000e+00,
-3.1345477e-05,-0.00000e+00,
-3.1335476e-05,-0.00000e+00,
-3.1325475e-05,-0.00000e+00,
-3.1315474e-05,2.00001e-01,
-3.1305473e-05,-0.00000e+00,
-3.1295473e-05,-0.00000e+00,
-3.1285472e-05,-0.00000e+00,
-3.1275471e-05,2.00001e-01,
-3.1265470e-05,-0.00000e+00,
-3.1255469e-05,2.00001e-01,
-3.1245469e-05,-0.00000e+00,
-3.1235468e-05,-0.00000e+00,
-3.1225467e-05,2.00001e-01,
-3.1215466e-05,2.00001e-01,
-3.1205465e-05,2.00001e-01,
-3.1195465e-05,-0.00000e+00,
-3.1185464e-05,2.00001e-01,
-3.1175463e-05,2.00001e-01,
-3.1165462e-05,-0.00000e+00,
-3.1155461e-05,2.00001e-01,
-3.1145461e-05,-0.00000e+00,
-3.1135460e-05,-0.00000e+00,
-3.1125459e-05,2.00001e-01,
-3.1115458e-05,2.00001e-01,
-3.1105457e-05,2.00001e-01,
-3.1095457e-05,2.00001e-01,
-3.1085456e-05,-0.00000e+00,
-3.1075455e-05,2.00001e-01,
-3.1065454e-05,-0.00000e+00,
-3.1055453e-05,-0.00000e+00,
-3.1045452e-05,-0.00000e+00,
-3.1035452e-05,2.00001e-01,
-3.1025451e-05,-0.00000e+00,
-3.1015450e-05,2.00001e-01,
-3.1005449e-05,2.00001e-01,
-3.0995448e-05,-0.00000e+00,
-3.0985448e-05,2.00001e-01,
-3.0975447e-05,2.00001e-01,
-3.0965446e-05,2.00001e-01,
-3.0955445e-05,-0.00000e+00,
-3.0945444e-05,-0.00000e+00,
-3.0935444e-05,2.00001e-01,
-3.0925443e-05,-0.00000e+00,
-3.0915442e-05,2.00001e-01,
-3.0905441e-05,-0.00000e+00,
-3.0895440e-05,2.00001e-01,
-3.0885440e-05,2.00001e-01,
-3.0875439e-05,2.00001e-01,
-3.0865438e-05,2.00001e-01,
-3.0855437e-05,-0.00000e+00,
-3.0845436e-05,2.00001e-01,
-3.0835436e-05,-0.00000e+00,
-3.0825435e-05,-0.00000e+00,
-3.0815434e-05,-0.00000e+00,
-3.0805433e-05,2.00001e-01,
-3.0795432e-05,2.00001e-01,
-3.0785432e-05,-0.00000e+00,
-3.0775431e-05,-0.00000e+00,
-3.0765430e-05,-0.00000e+00,
-3.0755429e-05,-0.00000e+00,
-3.0745428e-05,-0.00000e+00,
-3.0735428e-05,-0.00000e+00,
-3.0725427e-05,-0.00000e+00,
-3.0715426e-05,-0.00000e+00,
-3.0705425e-05,-0.00000e+00,
-3.0695424e-05,-0.00000e+00,
-3.0685424e-05,2.00001e-01,
-3.0675423e-05,-0.00000e+00,
-3.0665422e-05,-0.00000e+00,
-3.0655421e-05,-0.00000e+00,
-3.0645420e-05,-0.00000e+00,
-3.0635420e-05,-0.00000e+00,
-3.0625419e-05,-0.00000e+00,
-3.0615418e-05,-0.00000e+00,
-3.0605417e-05,-0.00000e+00,
-3.0595416e-05,-0.00000e+00,
-3.0585416e-05,2.00001e-01,
-3.0575415e-05,-0.00000e+00,
-3.0565414e-05,-0.00000e+00,
-3.0555413e-05,2.00001e-01,
-3.0545412e-05,-0.00000e+00,
-3.0535411e-05,-0.00000e+00,
-3.0525411e-05,-0.00000e+00,
-3.0515410e-05,-0.00000e+00,
-3.0505409e-05,-0.00000e+00,
-3.0495408e-05,-0.00000e+00,
-3.0485407e-05,-0.00000e+00,
-3.0475407e-05,2.00001e-01,
-3.0465406e-05,-0.00000e+00,
-3.0455405e-05,2.00001e-01,
-3.0445404e-05,2.00001e-01,
-3.0435403e-05,-0.00000e+00,
-3.0425403e-05,-0.00000e+00,
-3.0415402e-05,-0.00000e+00,
-3.0405401e-05,2.00001e-01,
-3.0395400e-05,-0.00000e+00,
-3.0385399e-05,2.00001e-01,
-3.0375399e-05,-0.00000e+00,
-3.0365398e-05,-0.00000e+00,
-3.0355397e-05,2.00001e-01,
-3.0345396e-05,-0.00000e+00,
-3.0335395e-05,2.00001e-01,
-3.0325395e-05,2.00001e-01,
-3.0315394e-05,2.00001e-01,
-3.0305393e-05,-0.00000e+00,
-3.0295392e-05,2.00001e-01,
-3.0285391e-05,-0.00000e+00,
-3.0275391e-05,-0.00000e+00,
-3.0265390e-05,-0.00000e+00,
-3.0255389e-05,-0.00000e+00,
-3.0245388e-05,2.00001e-01,
-3.0235387e-05,-0.00000e+00,
-3.0225387e-05,-0.00000e+00,
-3.0215386e-05,-0.00000e+00,
-3.0205385e-05,-0.00000e+00,
-3.0195384e-05,2.00001e-01,
-3.0185383e-05,2.00001e-01,
-3.0175383e-05,-0.00000e+00,
-3.0165382e-05,-0.00000e+00,
-3.0155381e-05,-0.00000e+00,
-3.0145380e-05,2.00001e-01,
-3.0135379e-05,2.00001e-01,
-3.0125379e-05,2.00001e-01,
-3.0115378e-05,-0.00000e+00,
-3.0105377e-05,-0.00000e+00,
-3.0095376e-05,2.00001e-01,
-3.0085375e-05,-0.00000e+00,
-3.0075375e-05,-0.00000e+00,
-3.0065374e-05,2.00001e-01,
-3.0055373e-05,-0.00000e+00,
-3.0045372e-05,2.00001e-01,
-3.0035371e-05,-0.00000e+00,
-3.0025371e-05,2.00001e-01,
-3.0015370e-05,-0.00000e+00,
-3.0005369e-05,-0.00000e+00,
-2.9995368e-05,-0.00000e+00,
-2.9985367e-05,-0.00000e+00,
-2.9975366e-05,2.00001e-01,
-2.9965366e-05,-0.00000e+00,
-2.9955365e-05,2.00001e-01,
-2.9945364e-05,-0.00000e+00,
-2.9935363e-05,-0.00000e+00,
-2.9925362e-05,2.00001e-01,
-2.9915362e-05,-0.00000e+00,
-2.9905361e-05,-0.00000e+00,
-2.9895360e-05,2.00001e-01,
-2.9885359e-05,-0.00000e+00,
-2.9875358e-05,2.00001e-01,
-2.9865358e-05,2.00001e-01,
-2.9855357e-05,-0.00000e+00,
-2.9845356e-05,-0.00000e+00,
-2.9835355e-05,-0.00000e+00,
-2.9825354e-05,2.00001e-01,
-2.9815354e-05,-0.00000e+00,
-2.9805353e-05,-0.00000e+00,
-2.9795352e-05,-0.00000e+00,
-2.9785351e-05,-0.00000e+00,
-2.9775350e-05,-0.00000e+00,
-2.9765350e-05,-0.00000e+00,
-2.9755349e-05,-0.00000e+00,
-2.9745348e-05,-0.00000e+00,
-2.9735347e-05,-0.00000e+00,
-2.9725346e-05,-0.00000e+00,
-2.9715346e-05,2.00001e-01,
-2.9705345e-05,-0.00000e+00,
-2.9695344e-05,-0.00000e+00,
-2.9685343e-05,2.00001e-01,
-2.9675342e-05,-0.00000e+00,
-2.9665342e-05,2.00001e-01,
-2.9655341e-05,-0.00000e+00,
-2.9645340e-05,-0.00000e+00,
-2.9635339e-05,-0.00000e+00,
-2.9625338e-05,2.00001e-01,
-2.9615338e-05,2.00001e-01,
-2.9605337e-05,-0.00000e+00,
-2.9595336e-05,-0.00000e+00,
-2.9585335e-05,2.00001e-01,
-2.9575334e-05,2.00001e-01,
-2.9565334e-05,-0.00000e+00,
-2.9555333e-05,-0.00000e+00,
-2.9545332e-05,-0.00000e+00,
-2.9535331e-05,2.00001e-01,
-2.9525330e-05,2.00001e-01,
-2.9515330e-05,-0.00000e+00,
-2.9505329e-05,-0.00000e+00,
-2.9495328e-05,-0.00000e+00,
-2.9485327e-05,-0.00000e+00,
-2.9475326e-05,-0.00000e+00,
-2.9465325e-05,-0.00000e+00,
-2.9455325e-05,2.00001e-01,
-2.9445324e-05,-0.00000e+00,
-2.9435323e-05,2.00001e-01,
-2.9425322e-05,-0.00000e+00,
-2.9415321e-05,2.00001e-01,
-2.9405321e-05,2.00001e-01,
-2.9395320e-05,2.00001e-01,
-2.9385319e-05,2.00001e-01,
-2.9375318e-05,-0.00000e+00,
-2.9365317e-05,2.00001e-01,
-2.9355317e-05,-0.00000e+00,
-2.9345316e-05,-0.00000e+00,
-2.9335315e-05,-0.00000e+00,
-2.9325314e-05,2.00001e-01,
-2.9315313e-05,2.00001e-01,
-2.9305313e-05,-0.00000e+00,
-2.9295312e-05,-0.00000e+00,
-2.9285311e-05,-0.00000e+00,
-2.9275310e-05,2.00001e-01,
-2.9265309e-05,-0.00000e+00,
-2.9255309e-05,2.00001e-01,
-2.9245308e-05,-0.00000e+00,
-2.9235307e-05,-0.00000e+00,
-2.9225306e-05,2.00001e-01,
-2.9215305e-05,-0.00000e+00,
-2.9205305e-05,-0.00000e+00,
-2.9195304e-05,-0.00000e+00,
-2.9185303e-05,-0.00000e+00,
-2.9175302e-05,-0.00000e+00,
-2.9165301e-05,2.00001e-01,
-2.9155301e-05,-0.00000e+00,
-2.9145300e-05,-0.00000e+00,
-2.9135299e-05,2.00001e-01,
-2.9125298e-05,-0.00000e+00,
-2.9115297e-05,2.00001e-01,
-2.9105297e-05,-0.00000e+00,
-2.9095296e-05,-0.00000e+00,
-2.9085295e-05,2.00001e-01,
-2.9075294e-05,-0.00000e+00,
-2.9065293e-05,2.00001e-01,
-2.9055293e-05,-0.00000e+00,
-2.9045292e-05,-0.00000e+00,
-2.9035291e-05,2.00001e-01,
-2.9025290e-05,-0.00000e+00,
-2.9015289e-05,-0.00000e+00,
-2.9005289e-05,-0.00000e+00,
-2.8995288e-05,-0.00000e+00,
-2.8985287e-05,2.00001e-01,
-2.8975286e-05,-0.00000e+00,
-2.8965285e-05,-0.00000e+00,
-2.8955285e-05,-0.00000e+00,
-2.8945284e-05,2.00001e-01,
-2.8935283e-05,-0.00000e+00,
-2.8925282e-05,-0.00000e+00,
-2.8915281e-05,-0.00000e+00,
-2.8905280e-05,2.00001e-01,
-2.8895280e-05,2.00001e-01,
-2.8885279e-05,-0.00000e+00,
-2.8875278e-05,2.00001e-01,
-2.8865277e-05,2.00001e-01,
-2.8855276e-05,2.00001e-01,
-2.8845276e-05,-0.00000e+00,
-2.8835275e-05,2.00001e-01,
-2.8825274e-05,-0.00000e+00,
-2.8815273e-05,2.00001e-01,
-2.8805272e-05,-0.00000e+00,
-2.8795272e-05,-0.00000e+00,
-2.8785271e-05,2.00001e-01,
-2.8775270e-05,-0.00000e+00,
-2.8765269e-05,-0.00000e+00,
-2.8755268e-05,2.00001e-01,
-2.8745268e-05,-0.00000e+00,
-2.8735267e-05,2.00001e-01,
-2.8725266e-05,2.00001e-01,
-2.8715265e-05,2.00001e-01,
-2.8705264e-05,2.00001e-01,
-2.8695264e-05,-0.00000e+00,
-2.8685263e-05,-0.00000e+00,
-2.8675262e-05,-0.00000e+00,
-2.8665261e-05,-0.00000e+00,
-2.8655260e-05,-0.00000e+00,
-2.8645260e-05,-0.00000e+00,
-2.8635259e-05,2.00001e-01,
-2.8625258e-05,-0.00000e+00,
-2.8615257e-05,-0.00000e+00,
-2.8605256e-05,-0.00000e+00,
-2.8595256e-05,-0.00000e+00,
-2.8585255e-05,2.00001e-01,
-2.8575254e-05,2.00001e-01,
-2.8565253e-05,-0.00000e+00,
-2.8555252e-05,2.00001e-01,
-2.8545252e-05,2.00001e-01,
-2.8535251e-05,2.00001e-01,
-2.8525250e-05,-0.00000e+00,
-2.8515249e-05,-0.00000e+00,
-2.8505248e-05,-0.00000e+00,
-2.8495248e-05,-0.00000e+00,
-2.8485247e-05,-0.00000e+00,
-2.8475246e-05,-0.00000e+00,
-2.8465245e-05,-0.00000e+00,
-2.8455244e-05,-0.00000e+00,
-2.8445244e-05,2.00001e-01,
-2.8435243e-05,2.00001e-01,
-2.8425242e-05,-0.00000e+00,
-2.8415241e-05,-0.00000e+00,
-2.8405240e-05,2.00001e-01,
-2.8395239e-05,-0.00000e+00,
-2.8385239e-05,-0.00000e+00,
-2.8375238e-05,-0.00000e+00,
-2.8365237e-05,-0.00000e+00,
-2.8355236e-05,-0.00000e+00,
-2.8345235e-05,2.00001e-01,
-2.8335235e-05,-0.00000e+00,
-2.8325234e-05,-0.00000e+00,
-2.8315233e-05,2.00001e-01,
-2.8305232e-05,-0.00000e+00,
-2.8295231e-05,2.00001e-01,
-2.8285231e-05,2.00001e-01,
-2.8275230e-05,-0.00000e+00,
-2.8265229e-05,2.00001e-01,
-2.8255228e-05,-0.00000e+00,
-2.8245227e-05,2.00001e-01,
-2.8235227e-05,-0.00000e+00,
-2.8225226e-05,2.00001e-01,
-2.8215225e-05,-0.00000e+00,
-2.8205224e-05,2.00001e-01,
-2.8195223e-05,2.00001e-01,
-2.8185223e-05,-0.00000e+00,
-2.8175222e-05,2.00001e-01,
-2.8165221e-05,2.00001e-01,
-2.8155220e-05,-0.00000e+00,
-2.8145219e-05,-0.00000e+00,
-2.8135219e-05,2.00001e-01,
-2.8125218e-05,2.00001e-01,
-2.8115217e-05,-0.00000e+00,
-2.8105216e-05,2.00001e-01,
-2.8095215e-05,2.00001e-01,
-2.8085215e-05,2.00001e-01,
-2.8075214e-05,-0.00000e+00,
-2.8065213e-05,-0.00000e+00,
-2.8055212e-05,-0.00000e+00,
-2.8045211e-05,2.00001e-01,
-2.8035211e-05,-0.00000e+00,
-2.8025210e-05,-0.00000e+00,
-2.8015209e-05,-0.00000e+00,
-2.8005208e-05,-0.00000e+00,
-2.7995207e-05,2.00001e-01,
-2.7985207e-05,2.00001e-01,
-2.7975206e-05,-0.00000e+00,
-2.7965205e-05,-0.00000e+00,
-2.7955204e-05,-0.00000e+00,
-2.7945203e-05,-0.00000e+00,
-2.7935203e-05,-0.00000e+00,
-2.7925202e-05,2.00001e-01,
-2.7915201e-05,-0.00000e+00,
-2.7905200e-05,-0.00000e+00,
-2.7895199e-05,-0.00000e+00,
-2.7885199e-05,-0.00000e+00,
-2.7875198e-05,2.00001e-01,
-2.7865197e-05,-0.00000e+00,
-2.7855196e-05,-0.00000e+00,
-2.7845195e-05,-0.00000e+00,
-2.7835194e-05,2.00001e-01,
-2.7825194e-05,2.00001e-01,
-2.7815193e-05,2.00001e-01,
-2.7805192e-05,-0.00000e+00,
-2.7795191e-05,-0.00000e+00,
-2.7785190e-05,2.00001e-01,
-2.7775190e-05,-0.00000e+00,
-2.7765189e-05,-0.00000e+00,
-2.7755188e-05,2.00001e-01,
-2.7745187e-05,-0.00000e+00,
-2.7735186e-05,-0.00000e+00,
-2.7725186e-05,-0.00000e+00,
-2.7715185e-05,2.00001e-01,
-2.7705184e-05,-0.00000e+00,
-2.7695183e-05,2.00001e-01,
-2.7685182e-05,-0.00000e+00,
-2.7675182e-05,-0.00000e+00,
-2.7665181e-05,2.00001e-01,
-2.7655180e-05,2.00001e-01,
-2.7645179e-05,2.00001e-01,
-2.7635178e-05,2.00001e-01,
-2.7625178e-05,-0.00000e+00,
-2.7615177e-05,2.00001e-01,
-2.7605176e-05,-0.00000e+00,
-2.7595175e-05,-0.00000e+00,
-2.7585174e-05,-0.00000e+00,
-2.7575174e-05,2.00001e-01,
-2.7565173e-05,2.00001e-01,
-2.7555172e-05,-0.00000e+00,
-2.7545171e-05,2.00001e-01,
-2.7535170e-05,-0.00000e+00,
-2.7525170e-05,2.00001e-01,
-2.7515169e-05,-0.00000e+00,
-2.7505168e-05,-0.00000e+00,
-2.7495167e-05,2.00001e-01,
-2.7485166e-05,-0.00000e+00,
-2.7475166e-05,2.00001e-01,
-2.7465165e-05,-0.00000e+00,
-2.7455164e-05,-0.00000e+00,
-2.7445163e-05,2.00001e-01,
-2.7435162e-05,2.00001e-01,
-2.7425162e-05,2.00001e-01,
-2.7415161e-05,-0.00000e+00,
-2.7405160e-05,-0.00000e+00,
-2.7395159e-05,2.00001e-01,
-2.7385158e-05,-0.00000e+00,
-2.7375158e-05,-0.00000e+00,
-2.7365157e-05,-0.00000e+00,
-2.7355156e-05,-0.00000e+00,
-2.7345155e-05,-0.00000e+00,
-2.7335154e-05,2.00001e-01,
-2.7325153e-05,-0.00000e+00,
-2.7315153e-05,-0.00000e+00,
-2.7305152e-05,-0.00000e+00,
-2.7295151e-05,-0.00000e+00,
-2.7285150e-05,-0.00000e+00,
-2.7275149e-05,-0.00000e+00,
-2.7265149e-05,-0.00000e+00,
-2.7255148e-05,-0.00000e+00,
-2.7245147e-05,-0.00000e+00,
-2.7235146e-05,-0.00000e+00,
-2.7225145e-05,-0.00000e+00,
-2.7215145e-05,-0.00000e+00,
-2.7205144e-05,-0.00000e+00,
-2.7195143e-05,-0.00000e+00,
-2.7185142e-05,-0.00000e+00,
-2.7175141e-05,-0.00000e+00,
-2.7165141e-05,-0.00000e+00,
-2.7155140e-05,-0.00000e+00,
-2.7145139e-05,2.00001e-01,
-2.7135138e-05,-0.00000e+00,
-2.7125137e-05,-0.00000e+00,
-2.7115137e-05,-0.00000e+00,
-2.7105136e-05,-0.00000e+00,
-2.7095135e-05,2.00001e-01,
-2.7085134e-05,-0.00000e+00,
-2.7075133e-05,-0.00000e+00,
-2.7065133e-05,-0.00000e+00,
-2.7055132e-05,2.00001e-01,
-2.7045131e-05,-0.00000e+00,
-2.7035130e-05,-0.00000e+00,
-2.7025129e-05,-0.00000e+00,
-2.7015129e-05,-0.00000e+00,
-2.7005128e-05,2.00001e-01,
-2.6995127e-05,-0.00000e+00,
-2.6985126e-05,-0.00000e+00,
-2.6975125e-05,-0.00000e+00,
-2.6965125e-05,2.00001e-01,
-2.6955124e-05,2.00001e-01,
-2.6945123e-05,-0.00000e+00,
-2.6935122e-05,-0.00000e+00,
-2.6925121e-05,-0.00000e+00,
-2.6915121e-05,2.00001e-01,
-2.6905120e-05,-0.00000e+00,
-2.6895119e-05,2.00001e-01,
-2.6885118e-05,-0.00000e+00,
-2.6875117e-05,-0.00000e+00,
-2.6865117e-05,2.00001e-01,
-2.6855116e-05,-0.00000e+00,
-2.6845115e-05,2.00001e-01,
-2.6835114e-05,-0.00000e+00,
-2.6825113e-05,2.00001e-01,
-2.6815113e-05,2.00001e-01,
-2.6805112e-05,2.00001e-01,
-2.6795111e-05,-0.00000e+00,
-2.6785110e-05,2.00001e-01,
-2.6775109e-05,-0.00000e+00,
-2.6765108e-05,-0.00000e+00,
-2.6755108e-05,-0.00000e+00,
-2.6745107e-05,2.00001e-01,
-2.6735106e-05,-0.00000e+00,
-2.6725105e-05,2.00001e-01,
-2.6715104e-05,-0.00000e+00,
-2.6705104e-05,-0.00000e+00,
-2.6695103e-05,2.00001e-01,
-2.6685102e-05,-0.00000e+00,
-2.6675101e-05,2.00001e-01,
-2.6665100e-05,-0.00000e+00,
-2.6655100e-05,-0.00000e+00,
-2.6645099e-05,2.00001e-01,
-2.6635098e-05,2.00001e-01,
-2.6625097e-05,-0.00000e+00,
-2.6615096e-05,-0.00000e+00,
-2.6605096e-05,-0.00000e+00,
-2.6595095e-05,2.00001e-01,
-2.6585094e-05,-0.00000e+00,
-2.6575093e-05,2.00001e-01,
-2.6565092e-05,-0.00000e+00,
-2.6555092e-05,-0.00000e+00,
-2.6545091e-05,-0.00000e+00,
-2.6535090e-05,-0.00000e+00,
-2.6525089e-05,2.00001e-01,
-2.6515088e-05,-0.00000e+00,
-2.6505088e-05,-0.00000e+00,
-2.6495087e-05,-0.00000e+00,
-2.6485086e-05,-0.00000e+00,
-2.6475085e-05,-0.00000e+00,
-2.6465084e-05,2.00001e-01,
-2.6455084e-05,-0.00000e+00,
-2.6445083e-05,-0.00000e+00,
-2.6435082e-05,-0.00000e+00,
-2.6425081e-05,2.00001e-01,
-2.6415080e-05,-0.00000e+00,
-2.6405080e-05,2.00001e-01,
-2.6395079e-05,-0.00000e+00,
-2.6385078e-05,2.00001e-01,
-2.6375077e-05,2.00001e-01,
-2.6365076e-05,-0.00000e+00,
-2.6355076e-05,-0.00000e+00,
-2.6345075e-05,-0.00000e+00,
-2.6335074e-05,2.00001e-01,
-2.6325073e-05,2.00001e-01,
-2.6315072e-05,-0.00000e+00,
-2.6305072e-05,2.00001e-01,
-2.6295071e-05,-0.00000e+00,
-2.6285070e-05,2.00001e-01,
-2.6275069e-05,-0.00000e+00,
-2.6265068e-05,2.00001e-01,
-2.6255067e-05,2.00001e-01,
-2.6245067e-05,2.00001e-01,
-2.6235066e-05,2.00001e-01,
-2.6225065e-05,2.00001e-01,
-2.6215064e-05,-0.00000e+00,
-2.6205063e-05,2.00001e-01,
-2.6195063e-05,-0.00000e+00,
-2.6185062e-05,2.00001e-01,
-2.6175061e-05,-0.00000e+00,
-2.6165060e-05,2.00001e-01,
-2.6155059e-05,2.00001e-01,
-2.6145059e-05,2.00001e-01,
-2.6135058e-05,-0.00000e+00,
-2.6125057e-05,-0.00000e+00,
-2.6115056e-05,2.00001e-01,
-2.6105055e-05,-0.00000e+00,
-2.6095055e-05,2.00001e-01,
-2.6085054e-05,2.00001e-01,
-2.6075053e-05,2.00001e-01,
-2.6065052e-05,2.00001e-01,
-2.6055051e-05,2.00001e-01,
-2.6045051e-05,-0.00000e+00,
-2.6035050e-05,2.00001e-01,
-2.6025049e-05,-0.00000e+00,
-2.6015048e-05,-0.00000e+00,
-2.6005047e-05,2.00001e-01,
-2.5995047e-05,-0.00000e+00,
-2.5985046e-05,-0.00000e+00,
-2.5975045e-05,2.00001e-01,
-2.5965044e-05,-0.00000e+00,
-2.5955043e-05,-0.00000e+00,
-2.5945043e-05,-0.00000e+00,
-2.5935042e-05,2.00001e-01,
-2.5925041e-05,-0.00000e+00,
-2.5915040e-05,2.00001e-01,
-2.5905039e-05,-0.00000e+00,
-2.5895039e-05,2.00001e-01,
-2.5885038e-05,-0.00000e+00,
-2.5875037e-05,-0.00000e+00,
-2.5865036e-05,2.00001e-01,
-2.5855035e-05,-0.00000e+00,
-2.5845035e-05,2.00001e-01,
-2.5835034e-05,-0.00000e+00,
-2.5825033e-05,-0.00000e+00,
-2.5815032e-05,2.00001e-01,
-2.5805031e-05,-0.00000e+00,
-2.5795031e-05,2.00001e-01,
-2.5785030e-05,-0.00000e+00,
-2.5775029e-05,-0.00000e+00,
-2.5765028e-05,-0.00000e+00,
-2.5755027e-05,2.00001e-01,
-2.5745027e-05,2.00001e-01,
-2.5735026e-05,-0.00000e+00,
-2.5725025e-05,2.00001e-01,
-2.5715024e-05,-0.00000e+00,
-2.5705023e-05,-0.00000e+00,
-2.5695022e-05,-0.00000e+00,
-2.5685022e-05,2.00001e-01,
-2.5675021e-05,-0.00000e+00,
-2.5665020e-05,-0.00000e+00,
-2.5655019e-05,-0.00000e+00,
-2.5645018e-05,-0.00000e+00,
-2.5635018e-05,2.00001e-01,
-2.5625017e-05,-0.00000e+00,
-2.5615016e-05,2.00001e-01,
-2.5605015e-05,-0.00000e+00,
-2.5595014e-05,-0.00000e+00,
-2.5585014e-05,2.00001e-01,
-2.5575013e-05,-0.00000e+00,
-2.5565012e-05,2.00001e-01,
-2.5555011e-05,2.00001e-01,
-2.5545010e-05,-0.00000e+00,
-2.5535010e-05,2.00001e-01,
-2.5525009e-05,-0.00000e+00,
-2.5515008e-05,-0.00000e+00,
-2.5505007e-05,2.00001e-01,
-2.5495006e-05,-0.00000e+00,
-2.5485006e-05,-0.00000e+00,
-2.5475005e-05,-0.00000e+00,
-2.5465004e-05,-0.00000e+00,
-2.5455003e-05,2.00001e-01,
-2.5445002e-05,-0.00000e+00,
-2.5435002e-05,2.00001e-01,
-2.5425001e-05,2.00001e-01,
-2.5415000e-05,-0.00000e+00,
-2.5404999e-05,-0.00000e+00,
-2.5394998e-05,-0.00000e+00,
-2.5384998e-05,2.00001e-01,
-2.5374997e-05,2.00001e-01,
-2.5364996e-05,-0.00000e+00,
-2.5354995e-05,-0.00000e+00,
-2.5344994e-05,-0.00000e+00,
-2.5334994e-05,2.00001e-01,
-2.5324993e-05,2.00001e-01,
-2.5314992e-05,-0.00000e+00,
-2.5304991e-05,2.00001e-01,
-2.5294990e-05,-0.00000e+00,
-2.5284990e-05,2.00001e-01,
-2.5274989e-05,-0.00000e+00,
-2.5264988e-05,-0.00000e+00,
-2.5254987e-05,-0.00000e+00,
-2.5244986e-05,2.00001e-01,
-2.5234986e-05,2.00001e-01,
-2.5224985e-05,-0.00000e+00,
-2.5214984e-05,-0.00000e+00,
-2.5204983e-05,-0.00000e+00,
-2.5194982e-05,2.00001e-01,
-2.5184981e-05,2.00001e-01,
-2.5174981e-05,-0.00000e+00,
-2.5164980e-05,-0.00000e+00,
-2.5154979e-05,-0.00000e+00,
-2.5144978e-05,2.00001e-01,
-2.5134977e-05,2.00001e-01,
-2.5124977e-05,-0.00000e+00,
-2.5114976e-05,-0.00000e+00,
-2.5104975e-05,-0.00000e+00,
-2.5094974e-05,2.00001e-01,
-2.5084973e-05,-0.00000e+00,
-2.5074973e-05,2.00001e-01,
-2.5064972e-05,-0.00000e+00,
-2.5054971e-05,-0.00000e+00,
-2.5044970e-05,2.00001e-01,
-2.5034969e-05,2.00001e-01,
-2.5024969e-05,2.00001e-01,
-2.5014968e-05,-0.00000e+00,
-2.5004967e-05,2.00001e-01,
-2.4994966e-05,2.00001e-01,
-2.4984965e-05,-0.00000e+00,
-2.4974965e-05,2.00001e-01,
-2.4964964e-05,-0.00000e+00,
-2.4954963e-05,2.00001e-01,
-2.4944962e-05,-0.00000e+00,
-2.4934961e-05,2.00001e-01,
-2.4924961e-05,-0.00000e+00,
-2.4914960e-05,2.00001e-01,
-2.4904959e-05,-0.00000e+00,
-2.4894958e-05,2.00001e-01,
-2.4884957e-05,2.00001e-01,
-2.4874957e-05,-0.00000e+00,
-2.4864956e-05,2.00001e-01,
-2.4854955e-05,2.00001e-01,
-2.4844954e-05,-0.00000e+00,
-2.4834953e-05,-0.00000e+00,
-2.4824953e-05,2.00001e-01,
-2.4814952e-05,-0.00000e+00,
-2.4804951e-05,-0.00000e+00,
-2.4794950e-05,2.00001e-01,
-2.4784949e-05,-0.00000e+00,
-2.4774949e-05,2.00001e-01,
-2.4764948e-05,-0.00000e+00,
-2.4754947e-05,-0.00000e+00,
-2.4744946e-05,2.00001e-01,
-2.4734945e-05,-0.00000e+00,
-2.4724945e-05,2.00001e-01,
-2.4714944e-05,2.00001e-01,
-2.4704943e-05,2.00001e-01,
-2.4694942e-05,2.00001e-01,
-2.4684941e-05,-0.00000e+00,
-2.4674941e-05,-0.00000e+00,
-2.4664940e-05,-0.00000e+00,
-2.4654939e-05,-0.00000e+00,
-2.4644938e-05,-0.00000e+00,
-2.4634937e-05,-0.00000e+00,
-2.4624936e-05,2.00001e-01,
-2.4614936e-05,-0.00000e+00,
-2.4604935e-05,-0.00000e+00,
-2.4594934e-05,-0.00000e+00,
-2.4584933e-05,-0.00000e+00,
-2.4574932e-05,-0.00000e+00,
-2.4564932e-05,2.00001e-01,
-2.4554931e-05,-0.00000e+00,
-2.4544930e-05,-0.00000e+00,
-2.4534929e-05,2.00001e-01,
-2.4524928e-05,-0.00000e+00,
-2.4514928e-05,2.00001e-01,
-2.4504927e-05,2.00001e-01,
-2.4494926e-05,-0.00000e+00,
-2.4484925e-05,-0.00000e+00,
-2.4474924e-05,-0.00000e+00,
-2.4464924e-05,2.00001e-01,
-2.4454923e-05,-0.00000e+00,
-2.4444922e-05,2.00001e-01,
-2.4434921e-05,-0.00000e+00,
-2.4424920e-05,-0.00000e+00,
-2.4414920e-05,2.00001e-01,
-2.4404919e-05,-0.00000e+00,
-2.4394918e-05,-0.00000e+00,
-2.4384917e-05,-0.00000e+00,
-2.4374916e-05,-0.00000e+00,
-2.4364916e-05,2.00001e-01,
-2.4354915e-05,-0.00000e+00,
-2.4344914e-05,-0.00000e+00,
-2.4334913e-05,-0.00000e+00,
-2.4324912e-05,-0.00000e+00,
-2.4314912e-05,-0.00000e+00,
-2.4304911e-05,-0.00000e+00,
-2.4294910e-05,-0.00000e+00,
-2.4284909e-05,-0.00000e+00,
-2.4274908e-05,-0.00000e+00,
-2.4264908e-05,-0.00000e+00,
-2.4254907e-05,-0.00000e+00,
-2.4244906e-05,-0.00000e+00,
-2.4234905e-05,-0.00000e+00,
-2.4224904e-05,2.00001e-01,
-2.4214904e-05,-0.00000e+00,
-2.4204903e-05,-0.00000e+00,
-2.4194902e-05,-0.00000e+00,
-2.4184901e-05,-0.00000e+00,
-2.4174900e-05,-0.00000e+00,
-2.4164900e-05,2.00001e-01,
-2.4154899e-05,-0.00000e+00,
-2.4144898e-05,2.00001e-01,
-2.4134897e-05,-0.00000e+00,
-2.4124896e-05,-0.00000e+00,
-2.4114895e-05,-0.00000e+00,
-2.4104895e-05,2.00001e-01,
-2.4094894e-05,-0.00000e+00,
-2.4084893e-05,2.00001e-01,
-2.4074892e-05,2.00001e-01,
-2.4064891e-05,-0.00000e+00,
-2.4054891e-05,2.00001e-01,
-2.4044890e-05,-0.00000e+00,
-2.4034889e-05,-0.00000e+00,
-2.4024888e-05,-0.00000e+00,
-2.4014887e-05,-0.00000e+00,
-2.4004887e-05,-0.00000e+00,
-2.3994886e-05,2.00001e-01,
-2.3984885e-05,2.00001e-01,
-2.3974884e-05,-0.00000e+00,
-2.3964883e-05,2.00001e-01,
-2.3954883e-05,-0.00000e+00,
-2.3944882e-05,2.00001e-01,
-2.3934881e-05,-0.00000e+00,
-2.3924880e-05,-0.00000e+00,
-2.3914879e-05,2.00001e-01,
-2.3904879e-05,-0.00000e+00,
-2.3894878e-05,2.00001e-01,
-2.3884877e-05,2.00001e-01,
-2.3874876e-05,-0.00000e+00,
-2.3864875e-05,2.00001e-01,
-2.3854875e-05,-0.00000e+00,
-2.3844874e-05,2.00001e-01,
-2.3834873e-05,-0.00000e+00,
-2.3824872e-05,2.00001e-01,
-2.3814871e-05,-0.00000e+00,
-2.3804871e-05,-0.00000e+00,
-2.3794870e-05,2.00001e-01,
-2.3784869e-05,2.00001e-01,
-2.3774868e-05,-0.00000e+00,
-2.3764867e-05,-0.00000e+00,
-2.3754867e-05,-0.00000e+00,
-2.3744866e-05,2.00001e-01,
-2.3734865e-05,-0.00000e+00,
-2.3724864e-05,2.00001e-01,
-2.3714863e-05,-0.00000e+00,
-2.3704863e-05,-0.00000e+00,
-2.3694862e-05,2.00001e-01,
-2.3684861e-05,-0.00000e+00,
-2.3674860e-05,-0.00000e+00,
-2.3664859e-05,2.00001e-01,
-2.3654859e-05,2.00001e-01,
-2.3644858e-05,-0.00000e+00,
-2.3634857e-05,2.00001e-01,
-2.3624856e-05,-0.00000e+00,
-2.3614855e-05,2.00001e-01,
-2.3604855e-05,-0.00000e+00,
-2.3594854e-05,-0.00000e+00,
-2.3584853e-05,2.00001e-01,
-2.3574852e-05,2.00001e-01,
-2.3564851e-05,-0.00000e+00,
-2.3554850e-05,2.00001e-01,
-2.3544850e-05,-0.00000e+00,
-2.3534849e-05,2.00001e-01,
-2.3524848e-05,2.00001e-01,
-2.3514847e-05,2.00001e-01,
-2.3504846e-05,2.00001e-01,
-2.3494846e-05,-0.00000e+00,
-2.3484845e-05,-0.00000e+00,
-2.3474844e-05,-0.00000e+00,
-2.3464843e-05,-0.00000e+00,
-2.3454842e-05,2.00001e-01,
-2.3444842e-05,-0.00000e+00,
-2.3434841e-05,2.00001e-01,
-2.3424840e-05,-0.00000e+00,
-2.3414839e-05,2.00001e-01,
-2.3404838e-05,2.00001e-01,
-2.3394838e-05,2.00001e-01,
-2.3384837e-05,-0.00000e+00,
-2.3374836e-05,2.00001e-01,
-2.3364835e-05,-0.00000e+00,
-2.3354834e-05,2.00001e-01,
-2.3344834e-05,-0.00000e+00,
-2.3334833e-05,2.00001e-01,
-2.3324832e-05,-0.00000e+00,
-2.3314831e-05,2.00001e-01,
-2.3304830e-05,-0.00000e+00,
-2.3294830e-05,2.00001e-01,
-2.3284829e-05,2.00001e-01,
-2.3274828e-05,2.00001e-01,
-2.3264827e-05,2.00001e-01,
-2.3254826e-05,-0.00000e+00,
-2.3244826e-05,2.00001e-01,
-2.3234825e-05,-0.00000e+00,
-2.3224824e-05,-0.00000e+00,
-2.3214823e-05,-0.00000e+00,
-2.3204822e-05,2.00001e-01,
-2.3194822e-05,-0.00000e+00,
-2.3184821e-05,2.00001e-01,
-2.3174820e-05,-0.00000e+00,
-2.3164819e-05,-0.00000e+00,
-2.3154818e-05,2.00001e-01,
-2.3144818e-05,2.00001e-01,
-2.3134817e-05,2.00001e-01,
-2.3124816e-05,2.00001e-01,
-2.3114815e-05,-0.00000e+00,
-2.3104814e-05,-0.00000e+00,
-2.3094814e-05,-0.00000e+00,
-2.3084813e-05,2.00001e-01,
-2.3074812e-05,-0.00000e+00,
-2.3064811e-05,2.00001e-01,
-2.3054810e-05,-0.00000e+00,
-2.3044809e-05,-0.00000e+00,
-2.3034809e-05,2.00001e-01,
-2.3024808e-05,2.00001e-01,
-2.3014807e-05,2.00001e-01,
-2.3004806e-05,-0.00000e+00,
-2.2994805e-05,2.00001e-01,
-2.2984805e-05,2.00001e-01,
-2.2974804e-05,-0.00000e+00,
-2.2964803e-05,-0.00000e+00,
-2.2954802e-05,2.00001e-01,
-2.2944801e-05,2.00001e-01,
-2.2934801e-05,-0.00000e+00,
-2.2924800e-05,-0.00000e+00,
-2.2914799e-05,2.00001e-01,
-2.2904798e-05,-0.00000e+00,
-2.2894797e-05,-0.00000e+00,
-2.2884797e-05,-0.00000e+00,
-2.2874796e-05,2.00001e-01,
-2.2864795e-05,2.00001e-01,
-2.2854794e-05,-0.00000e+00,
-2.2844793e-05,-0.00000e+00,
-2.2834793e-05,-0.00000e+00,
-2.2824792e-05,2.00001e-01,
-2.2814791e-05,-0.00000e+00,
-2.2804790e-05,-0.00000e+00,
-2.2794789e-05,-0.00000e+00,
-2.2784789e-05,2.00001e-01,
-2.2774788e-05,-0.00000e+00,
-2.2764787e-05,2.00001e-01,
-2.2754786e-05,-0.00000e+00,
-2.2744785e-05,-0.00000e+00,
-2.2734785e-05,2.00001e-01,
-2.2724784e-05,2.00001e-01,
-2.2714783e-05,2.00001e-01,
-2.2704782e-05,-0.00000e+00,
-2.2694781e-05,2.00001e-01,
-2.2684781e-05,-0.00000e+00,
-2.2674780e-05,-0.00000e+00,
-2.2664779e-05,2.00001e-01,
-2.2654778e-05,2.00001e-01,
-2.2644777e-05,-0.00000e+00,
-2.2634777e-05,-0.00000e+00,
-2.2624776e-05,2.00001e-01,
-2.2614775e-05,2.00001e-01,
-2.2604774e-05,-0.00000e+00,
-2.2594773e-05,-0.00000e+00,
-2.2584773e-05,-0.00000e+00,
-2.2574772e-05,-0.00000e+00,
-2.2564771e-05,2.00001e-01,
-2.2554770e-05,-0.00000e+00,
-2.2544769e-05,2.00001e-01,
-2.2534769e-05,-0.00000e+00,
-2.2524768e-05,-0.00000e+00,
-2.2514767e-05,-0.00000e+00,
-2.2504766e-05,2.00001e-01,
-2.2494765e-05,2.00001e-01,
-2.2484764e-05,-0.00000e+00,
-2.2474764e-05,-0.00000e+00,
-2.2464763e-05,-0.00000e+00,
-2.2454762e-05,2.00001e-01,
-2.2444761e-05,2.00001e-01,
-2.2434760e-05,2.00001e-01,
-2.2424760e-05,-0.00000e+00,
-2.2414759e-05,-0.00000e+00,
-2.2404758e-05,2.00001e-01,
-2.2394757e-05,-0.00000e+00,
-2.2384756e-05,2.00001e-01,
-2.2374756e-05,-0.00000e+00,
-2.2364755e-05,-0.00000e+00,
-2.2354754e-05,2.00001e-01,
-2.2344753e-05,2.00001e-01,
-2.2334752e-05,2.00001e-01,
-2.2324752e-05,2.00001e-01,
-2.2314751e-05,-0.00000e+00,
-2.2304750e-05,-0.00000e+00,
-2.2294749e-05,-0.00000e+00,
-2.2284748e-05,-0.00000e+00,
-2.2274748e-05,-0.00000e+00,
-2.2264747e-05,-0.00000e+00,
-2.2254746e-05,-0.00000e+00,
-2.2244745e-05,-0.00000e+00,
-2.2234744e-05,2.00001e-01,
-2.2224744e-05,-0.00000e+00,
-2.2214743e-05,-0.00000e+00,
-2.2204742e-05,-0.00000e+00,
-2.2194741e-05,-0.00000e+00,
-2.2184740e-05,2.00001e-01,
-2.2174740e-05,-0.00000e+00,
-2.2164739e-05,2.00001e-01,
-2.2154738e-05,2.00001e-01,
-2.2144737e-05,-0.00000e+00,
-2.2134736e-05,2.00001e-01,
-2.2124736e-05,-0.00000e+00,
-2.2114735e-05,2.00001e-01,
-2.2104734e-05,-0.00000e+00,
-2.2094733e-05,2.00001e-01,
-2.2084732e-05,2.00001e-01,
-2.2074732e-05,-0.00000e+00,
-2.2064731e-05,2.00001e-01,
-2.2054730e-05,2.00001e-01,
-2.2044729e-05,2.00001e-01,
-2.2034728e-05,-0.00000e+00,
-2.2024728e-05,2.00001e-01,
-2.2014727e-05,2.00001e-01,
-2.2004726e-05,-0.00000e+00,
-2.1994725e-05,-0.00000e+00,
-2.1984724e-05,-0.00000e+00,
-2.1974723e-05,2.00001e-01,
-2.1964723e-05,-0.00000e+00,
-2.1954722e-05,2.00001e-01,
-2.1944721e-05,2.00001e-01,
-2.1934720e-05,2.00001e-01,
-2.1924719e-05,2.00001e-01,
-2.1914719e-05,-0.00000e+00,
-2.1904718e-05,2.00001e-01,
-2.1894717e-05,-0.00000e+00,
-2.1884716e-05,2.00001e-01,
-2.1874715e-05,2.00001e-01,
-2.1864715e-05,2.00001e-01,
-2.1854714e-05,2.00001e-01,
-2.1844713e-05,2.00001e-01,
-2.1834712e-05,2.00001e-01,
-2.1824711e-05,-0.00000e+00,
-2.1814711e-05,2.00001e-01,
-2.1804710e-05,2.00001e-01,
-2.1794709e-05,-0.00000e+00,
-2.1784708e-05,2.00001e-01,
-2.1774707e-05,-0.00000e+00,
-2.1764707e-05,2.00001e-01,
-2.1754706e-05,2.00001e-01,
-2.1744705e-05,-0.00000e+00,
-2.1734704e-05,2.00001e-01,
-2.1724703e-05,-0.00000e+00,
-2.1714703e-05,2.00001e-01,
-2.1704702e-05,-0.00000e+00,
-2.1694701e-05,2.00001e-01,
-2.1684700e-05,2.00001e-01,
-2.1674699e-05,2.00001e-01,
-2.1664699e-05,2.00001e-01,
-2.1654698e-05,-0.00000e+00,
-2.1644697e-05,2.00001e-01,
-2.1634696e-05,2.00001e-01,
-2.1624695e-05,-0.00000e+00,
-2.1614695e-05,-0.00000e+00,
-2.1604694e-05,-0.00000e+00,
-2.1594693e-05,2.00001e-01,
-2.1584692e-05,-0.00000e+00,
-2.1574691e-05,2.00001e-01,
-2.1564691e-05,-0.00000e+00,
-2.1554690e-05,-0.00000e+00,
-2.1544689e-05,-0.00000e+00,
-2.1534688e-05,2.00001e-01,
-2.1524687e-05,2.00001e-01,
-2.1514687e-05,-0.00000e+00,
-2.1504686e-05,-0.00000e+00,
-2.1494685e-05,2.00001e-01,
-2.1484684e-05,2.00001e-01,
-2.1474683e-05,2.00001e-01,
-2.1464683e-05,-0.00000e+00,
-2.1454682e-05,-0.00000e+00,
-2.1444681e-05,2.00001e-01,
-2.1434680e-05,-0.00000e+00,
-2.1424679e-05,-0.00000e+00,
-2.1414678e-05,-0.00000e+00,
-2.1404678e-05,-0.00000e+00,
-2.1394677e-05,2.00001e-01,
-2.1384676e-05,2.00001e-01,
-2.1374675e-05,-0.00000e+00,
-2.1364674e-05,-0.00000e+00,
-2.1354674e-05,-0.00000e+00,
-2.1344673e-05,2.00001e-01,
-2.1334672e-05,-0.00000e+00,
-2.1324671e-05,2.00001e-01,
-2.1314670e-05,-0.00000e+00,
-2.1304670e-05,-0.00000e+00,
-2.1294669e-05,2.00001e-01,
-2.1284668e-05,2.00001e-01,
-2.1274667e-05,-0.00000e+00,
-2.1264666e-05,2.00001e-01,
-2.1254666e-05,-0.00000e+00,
-2.1244665e-05,2.00001e-01,
-2.1234664e-05,-0.00000e+00,
-2.1224663e-05,-0.00000e+00,
-2.1214662e-05,2.00001e-01,
-2.1204662e-05,2.00001e-01,
-2.1194661e-05,2.00001e-01,
-2.1184660e-05,-0.00000e+00,
-2.1174659e-05,2.00001e-01,
-2.1164658e-05,2.00001e-01,
-2.1154658e-05,2.00001e-01,
-2.1144657e-05,-0.00000e+00,
-2.1134656e-05,2.00001e-01,
-2.1124655e-05,-0.00000e+00,
-2.1114654e-05,2.00001e-01,
-2.1104654e-05,-0.00000e+00,
-2.1094653e-05,-0.00000e+00,
-2.1084652e-05,2.00001e-01,
-2.1074651e-05,2.00001e-01,
-2.1064650e-05,2.00001e-01,
-2.1054650e-05,2.00001e-01,
-2.1044649e-05,-0.00000e+00,
-2.1034648e-05,2.00001e-01,
-2.1024647e-05,-0.00000e+00,
-2.1014646e-05,2.00001e-01,
-2.1004646e-05,-0.00000e+00,
-2.0994645e-05,2.00001e-01,
-2.0984644e-05,2.00001e-01,
-2.0974643e-05,-0.00000e+00,
-2.0964642e-05,2.00001e-01,
-2.0954642e-05,2.00001e-01,
-2.0944641e-05,2.00001e-01,
-2.0934640e-05,2.00001e-01,
-2.0924639e-05,2.00001e-01,
-2.0914638e-05,2.00001e-01,
-2.0904637e-05,-0.00000e+00,
-2.0894637e-05,2.00001e-01,
-2.0884636e-05,-0.00000e+00,
-2.0874635e-05,-0.00000e+00,
-2.0864634e-05,2.00001e-01,
-2.0854633e-05,2.00001e-01,
-2.0844633e-05,2.00001e-01,
-2.0834632e-05,2.00001e-01,
-2.0824631e-05,-0.00000e+00,
-2.0814630e-05,2.00001e-01,
-2.0804629e-05,-0.00000e+00,
-2.0794629e-05,-0.00000e+00,
-2.0784628e-05,2.00001e-01,
-2.0774627e-05,-0.00000e+00,
-2.0764626e-05,2.00001e-01,
-2.0754625e-05,2.00001e-01,
-2.0744625e-05,2.00001e-01,
-2.0734624e-05,2.00001e-01,
-2.0724623e-05,-0.00000e+00,
-2.0714622e-05,-0.00000e+00,
-2.0704621e-05,-0.00000e+00,
-2.0694621e-05,2.00001e-01,
-2.0684620e-05,-0.00000e+00,
-2.0674619e-05,2.00001e-01,
-2.0664618e-05,-0.00000e+00,
-2.0654617e-05,-0.00000e+00,
-2.0644617e-05,2.00001e-01,
-2.0634616e-05,-0.00000e+00,
-2.0624615e-05,2.00001e-01,
-2.0614614e-05,2.00001e-01,
-2.0604613e-05,-0.00000e+00,
-2.0594613e-05,-0.00000e+00,
-2.0584612e-05,2.00001e-01,
-2.0574611e-05,-0.00000e+00,
-2.0564610e-05,-0.00000e+00,
-2.0554609e-05,2.00001e-01,
-2.0544609e-05,-0.00000e+00,
-2.0534608e-05,-0.00000e+00,
-2.0524607e-05,-0.00000e+00,
-2.0514606e-05,-0.00000e+00,
-2.0504605e-05,2.00001e-01,
-2.0494605e-05,-0.00000e+00,
-2.0484604e-05,-0.00000e+00,
-2.0474603e-05,2.00001e-01,
-2.0464602e-05,-0.00000e+00,
-2.0454601e-05,2.00001e-01,
-2.0444601e-05,2.00001e-01,
-2.0434600e-05,-0.00000e+00,
-2.0424599e-05,2.00001e-01,
-2.0414598e-05,-0.00000e+00,
-2.0404597e-05,2.00001e-01,
-2.0394597e-05,-0.00000e+00,
-2.0384596e-05,-0.00000e+00,
-2.0374595e-05,2.00001e-01,
-2.0364594e-05,2.00001e-01,
-2.0354593e-05,-0.00000e+00,
-2.0344592e-05,2.00001e-01,
-2.0334592e-05,-0.00000e+00,
-2.0324591e-05,-0.00000e+00,
-2.0314590e-05,-0.00000e+00,
-2.0304589e-05,2.00001e-01,
-2.0294588e-05,-0.00000e+00,
-2.0284588e-05,2.00001e-01,
-2.0274587e-05,2.00001e-01,
-2.0264586e-05,2.00001e-01,
-2.0254585e-05,2.00001e-01,
-2.0244584e-05,-0.00000e+00,
-2.0234584e-05,2.00001e-01,
-2.0224583e-05,-0.00000e+00,
-2.0214582e-05,-0.00000e+00,
-2.0204581e-05,-0.00000e+00,
-2.0194580e-05,-0.00000e+00,
-2.0184580e-05,2.00001e-01,
-2.0174579e-05,-0.00000e+00,
-2.0164578e-05,-0.00000e+00,
-2.0154577e-05,-0.00000e+00,
-2.0144576e-05,-0.00000e+00,
-2.0134576e-05,-0.00000e+00,
-2.0124575e-05,2.00001e-01,
-2.0114574e-05,-0.00000e+00,
-2.0104573e-05,-0.00000e+00,
-2.0094572e-05,2.00001e-01,
-2.0084572e-05,-0.00000e+00,
-2.0074571e-05,-0.00000e+00,
-2.0064570e-05,-0.00000e+00,
-2.0054569e-05,-0.00000e+00,
-2.0044568e-05,2.00001e-01,
-2.0034568e-05,2.00001e-01,
-2.0024567e-05,2.00001e-01,
-2.0014566e-05,-0.00000e+00,
-2.0004565e-05,-0.00000e+00,
-1.9994564e-05,2.00001e-01,
-1.9984564e-05,-0.00000e+00,
-1.9974563e-05,-0.00000e+00,
-1.9964562e-05,2.00001e-01,
-1.9954561e-05,-0.00000e+00,
-1.9944560e-05,2.00001e-01,
-1.9934560e-05,2.00001e-01,
-1.9924559e-05,2.00001e-01,
-1.9914558e-05,-0.00000e+00,
-1.9904557e-05,-0.00000e+00,
-1.9894556e-05,2.00001e-01,
-1.9884556e-05,2.00001e-01,
-1.9874555e-05,-0.00000e+00,
-1.9864554e-05,-0.00000e+00,
-1.9854553e-05,-0.00000e+00,
-1.9844552e-05,-0.00000e+00,
-1.9834551e-05,-0.00000e+00,
-1.9824551e-05,2.00001e-01,
-1.9814550e-05,-0.00000e+00,
-1.9804549e-05,-0.00000e+00,
-1.9794548e-05,-0.00000e+00,
-1.9784547e-05,-0.00000e+00,
-1.9774547e-05,2.00001e-01,
-1.9764546e-05,-0.00000e+00,
-1.9754545e-05,2.00001e-01,
-1.9744544e-05,-0.00000e+00,
-1.9734543e-05,-0.00000e+00,
-1.9724543e-05,2.00001e-01,
-1.9714542e-05,-0.00000e+00,
-1.9704541e-05,2.00001e-01,
-1.9694540e-05,-0.00000e+00,
-1.9684539e-05,-0.00000e+00,
-1.9674539e-05,2.00001e-01,
-1.9664538e-05,-0.00000e+00,
-1.9654537e-05,2.00001e-01,
-1.9644536e-05,-0.00000e+00,
-1.9634535e-05,2.00001e-01,
-1.9624535e-05,-0.00000e+00,
-1.9614534e-05,2.00001e-01,
-1.9604533e-05,-0.00000e+00,
-1.9594532e-05,2.00001e-01,
-1.9584531e-05,2.00001e-01,
-1.9574531e-05,2.00001e-01,
-1.9564530e-05,-0.00000e+00,
-1.9554529e-05,-0.00000e+00,
-1.9544528e-05,2.00001e-01,
-1.9534527e-05,-0.00000e+00,
-1.9524527e-05,-0.00000e+00,
-1.9514526e-05,2.00001e-01,
-1.9504525e-05,-0.00000e+00,
-1.9494524e-05,2.00001e-01,
-1.9484523e-05,-0.00000e+00,
-1.9474523e-05,2.00001e-01,
-1.9464522e-05,2.00001e-01,
-1.9454521e-05,-0.00000e+00,
-1.9444520e-05,2.00001e-01,
-1.9434519e-05,2.00001e-01,
-1.9424519e-05,2.00001e-01,
-1.9414518e-05,-0.00000e+00,
-1.9404517e-05,-0.00000e+00,
-1.9394516e-05,2.00001e-01,
-1.9384515e-05,-0.00000e+00,
-1.9374515e-05,2.00001e-01,
-1.9364514e-05,-0.00000e+00,
-1.9354513e-05,-0.00000e+00,
-1.9344512e-05,2.00001e-01,
-1.9334511e-05,2.00001e-01,
-1.9324511e-05,2.00001e-01,
-1.9314510e-05,2.00001e-01,
-1.9304509e-05,-0.00000e+00,
-1.9294508e-05,2.00001e-01,
-1.9284507e-05,-0.00000e+00,
-1.9274506e-05,-0.00000e+00,
-1.9264506e-05,2.00001e-01,
-1.9254505e-05,2.00001e-01,
-1.9244504e-05,2.00001e-01,
-1.9234503e-05,-0.00000e+00,
-1.9224502e-05,2.00001e-01,
-1.9214502e-05,-0.00000e+00,
-1.9204501e-05,-0.00000e+00,
-1.9194500e-05,-0.00000e+00,
-1.9184499e-05,2.00001e-01,
-1.9174498e-05,-0.00000e+00,
-1.9164498e-05,-0.00000e+00,
-1.9154497e-05,-0.00000e+00,
-1.9144496e-05,-0.00000e+00,
-1.9134495e-05,-0.00000e+00,
-1.9124494e-05,2.00001e-01,
-1.9114494e-05,-0.00000e+00,
-1.9104493e-05,-0.00000e+00,
-1.9094492e-05,2.00001e-01,
-1.9084491e-05,-0.00000e+00,
-1.9074490e-05,2.00001e-01,
-1.9064490e-05,-0.00000e+00,
-1.9054489e-05,2.00001e-01,
-1.9044488e-05,-0.00000e+00,
-1.9034487e-05,2.00001e-01,
-1.9024486e-05,-0.00000e+00,
-1.9014486e-05,-0.00000e+00,
-1.9004485e-05,2.00001e-01,
-1.8994484e-05,-0.00000e+00,
-1.8984483e-05,2.00001e-01,
-1.8974482e-05,-0.00000e+00,
-1.8964482e-05,-0.00000e+00,
-1.8954481e-05,-0.00000e+00,
-1.8944480e-05,2.00001e-01,
-1.8934479e-05,-0.00000e+00,
-1.8924478e-05,-0.00000e+00,
-1.8914478e-05,-0.00000e+00,
-1.8904477e-05,2.00001e-01,
-1.8894476e-05,2.00001e-01,
-1.8884475e-05,-0.00000e+00,
-1.8874474e-05,2.00001e-01,
-1.8864474e-05,-0.00000e+00,
-1.8854473e-05,2.00001e-01,
-1.8844472e-05,2.00001e-01,
-1.8834471e-05,2.00001e-01,
-1.8824470e-05,-0.00000e+00,
-1.8814470e-05,-0.00000e+00,
-1.8804469e-05,2.00001e-01,
-1.8794468e-05,-0.00000e+00,
-1.8784467e-05,2.00001e-01,
-1.8774466e-05,2.00001e-01,
-1.8764465e-05,2.00001e-01,
-1.8754465e-05,2.00001e-01,
-1.8744464e-05,-0.00000e+00,
-1.8734463e-05,2.00001e-01,
-1.8724462e-05,-0.00000e+00,
-1.8714461e-05,-0.00000e+00,
-1.8704461e-05,-0.00000e+00,
-1.8694460e-05,2.00001e-01,
-1.8684459e-05,2.00001e-01,
-1.8674458e-05,-0.00000e+00,
-1.8664457e-05,-0.00000e+00,
-1.8654457e-05,2.00001e-01,
-1.8644456e-05,2.00001e-01,
-1.8634455e-05,-0.00000e+00,
-1.8624454e-05,-0.00000e+00,
-1.8614453e-05,-0.00000e+00,
-1.8604453e-05,-0.00000e+00,
-1.8594452e-05,-0.00000e+00,
-1.8584451e-05,2.00001e-01,
-1.8574450e-05,-0.00000e+00,
-1.8564449e-05,-0.00000e+00,
-1.8554449e-05,-0.00000e+00,
-1.8544448e-05,-0.00000e+00,
-1.8534447e-05,-0.00000e+00,
-1.8524446e-05,-0.00000e+00,
-1.8514445e-05,2.00001e-01,
-1.8504445e-05,-0.00000e+00,
-1.8494444e-05,-0.00000e+00,
-1.8484443e-05,2.00001e-01,
-1.8474442e-05,-0.00000e+00,
-1.8464441e-05,-0.00000e+00,
-1.8454441e-05,-0.00000e+00,
-1.8444440e-05,-0.00000e+00,
-1.8434439e-05,-0.00000e+00,
-1.8424438e-05,-0.00000e+00,
-1.8414437e-05,-0.00000e+00,
-1.8404437e-05,-0.00000e+00,
-1.8394436e-05,2.00001e-01,
-1.8384435e-05,-0.00000e+00,
-1.8374434e-05,-0.00000e+00,
-1.8364433e-05,-0.00000e+00,
-1.8354433e-05,-0.00000e+00,
-1.8344432e-05,-0.00000e+00,
-1.8334431e-05,-0.00000e+00,
-1.8324430e-05,2.00001e-01,
-1.8314429e-05,-0.00000e+00,
-1.8304429e-05,2.00001e-01,
-1.8294428e-05,-0.00000e+00,
-1.8284427e-05,-0.00000e+00,
-1.8274426e-05,-0.00000e+00,
-1.8264425e-05,-0.00000e+00,
-1.8254425e-05,2.00001e-01,
-1.8244424e-05,-0.00000e+00,
-1.8234423e-05,2.00001e-01,
-1.8224422e-05,-0.00000e+00,
-1.8214421e-05,2.00001e-01,
-1.8204420e-05,-0.00000e+00,
-1.8194420e-05,-0.00000e+00,
-1.8184419e-05,2.00001e-01,
-1.8174418e-05,-0.00000e+00,
-1.8164417e-05,2.00001e-01,
-1.8154416e-05,-0.00000e+00,
-1.8144416e-05,2.00001e-01,
-1.8134415e-05,-0.00000e+00,
-1.8124414e-05,-0.00000e+00,
-1.8114413e-05,2.00001e-01,
-1.8104412e-05,-0.00000e+00,
-1.8094412e-05,2.00001e-01,
-1.8084411e-05,-0.00000e+00,
-1.8074410e-05,2.00001e-01,
-1.8064409e-05,2.00001e-01,
-1.8054408e-05,2.00001e-01,
-1.8044408e-05,2.00001e-01,
-1.8034407e-05,-0.00000e+00,
-1.8024406e-05,2.00001e-01,
-1.8014405e-05,-0.00000e+00,
-1.8004404e-05,2.00001e-01,
-1.7994404e-05,2.00001e-01,
-1.7984403e-05,-0.00000e+00,
-1.7974402e-05,2.00001e-01,
-1.7964401e-05,2.00001e-01,
-1.7954400e-05,2.00001e-01,
-1.7944400e-05,2.00001e-01,
-1.7934399e-05,-0.00000e+00,
-1.7924398e-05,2.00001e-01,
-1.7914397e-05,-0.00000e+00,
-1.7904396e-05,2.00001e-01,
-1.7894396e-05,2.00001e-01,
-1.7884395e-05,-0.00000e+00,
-1.7874394e-05,2.00001e-01,
-1.7864393e-05,2.00001e-01,
-1.7854392e-05,-0.00000e+00,
-1.7844392e-05,2.00001e-01,
-1.7834391e-05,-0.00000e+00,
-1.7824390e-05,-0.00000e+00,
-1.7814389e-05,-0.00000e+00,
-1.7804388e-05,2.00001e-01,
-1.7794388e-05,-0.00000e+00,
-1.7784387e-05,2.00001e-01,
-1.7774386e-05,-0.00000e+00,
-1.7764385e-05,-0.00000e+00,
-1.7754384e-05,2.00001e-01,
-1.7744384e-05,2.00001e-01,
-1.7734383e-05,2.00001e-01,
-1.7724382e-05,-0.00000e+00,
-1.7714381e-05,-0.00000e+00,
-1.7704380e-05,-0.00000e+00,
-1.7694379e-05,-0.00000e+00,
-1.7684379e-05,-0.00000e+00,
-1.7674378e-05,-0.00000e+00,
-1.7664377e-05,-0.00000e+00,
-1.7654376e-05,-0.00000e+00,
-1.7644375e-05,-0.00000e+00,
-1.7634375e-05,-0.00000e+00,
-1.7624374e-05,-0.00000e+00,
-1.7614373e-05,2.00001e-01,
-1.7604372e-05,-0.00000e+00,
-1.7594371e-05,2.00001e-01,
-1.7584371e-05,-0.00000e+00,
-1.7574370e-05,-0.00000e+00,
-1.7564369e-05,-0.00000e+00,
-1.7554368e-05,-0.00000e+00,
-1.7544367e-05,2.00001e-01,
-1.7534367e-05,2.00001e-01,
-1.7524366e-05,-0.00000e+00,
-1.7514365e-05,2.00001e-01,
-1.7504364e-05,-0.00000e+00,
-1.7494363e-05,2.00001e-01,
-1.7484363e-05,-0.00000e+00,
-1.7474362e-05,-0.00000e+00,
-1.7464361e-05,-0.00000e+00,
-1.7454360e-05,2.00001e-01,
-1.7444359e-05,2.00001e-01,
-1.7434359e-05,-0.00000e+00,
-1.7424358e-05,-0.00000e+00,
-1.7414357e-05,-0.00000e+00,
-1.7404356e-05,2.00001e-01,
-1.7394355e-05,2.00001e-01,
-1.7384355e-05,-0.00000e+00,
-1.7374354e-05,-0.00000e+00,
-1.7364353e-05,-0.00000e+00,
-1.7354352e-05,2.00001e-01,
-1.7344351e-05,-0.00000e+00,
-1.7334351e-05,2.00001e-01,
-1.7324350e-05,-0.00000e+00,
-1.7314349e-05,2.00001e-01,
-1.7304348e-05,2.00001e-01,
-1.7294347e-05,-0.00000e+00,
-1.7284347e-05,2.00001e-01,
-1.7274346e-05,2.00001e-01,
-1.7264345e-05,2.00001e-01,
-1.7254344e-05,-0.00000e+00,
-1.7244343e-05,-0.00000e+00,
-1.7234343e-05,-0.00000e+00,
-1.7224342e-05,2.00001e-01,
-1.7214341e-05,2.00001e-01,
-1.7204340e-05,2.00001e-01,
-1.7194339e-05,-0.00000e+00,
-1.7184339e-05,2.00001e-01,
-1.7174338e-05,2.00001e-01,
-1.7164337e-05,-0.00000e+00,
-1.7154336e-05,2.00001e-01,
-1.7144335e-05,-0.00000e+00,
-1.7134334e-05,2.00001e-01,
-1.7124334e-05,-0.00000e+00,
-1.7114333e-05,2.00001e-01,
-1.7104332e-05,2.00001e-01,
-1.7094331e-05,2.00001e-01,
-1.7084330e-05,2.00001e-01,
-1.7074330e-05,2.00001e-01,
-1.7064329e-05,-0.00000e+00,
-1.7054328e-05,2.00001e-01,
-1.7044327e-05,-0.00000e+00,
-1.7034326e-05,-0.00000e+00,
-1.7024326e-05,-0.00000e+00,
-1.7014325e-05,2.00001e-01,
-1.7004324e-05,2.00001e-01,
-1.6994323e-05,-0.00000e+00,
-1.6984322e-05,2.00001e-01,
-1.6974322e-05,2.00001e-01,
-1.6964321e-05,-0.00000e+00,
-1.6954320e-05,-0.00000e+00,
-1.6944319e-05,-0.00000e+00,
-1.6934318e-05,2.00001e-01,
-1.6924318e-05,-0.00000e+00,
-1.6914317e-05,-0.00000e+00,
-1.6904316e-05,-0.00000e+00,
-1.6894315e-05,-0.00000e+00,
-1.6884314e-05,2.00001e-01,
-1.6874314e-05,2.00001e-01,
-1.6864313e-05,-0.00000e+00,
-1.6854312e-05,-0.00000e+00,
-1.6844311e-05,-0.00000e+00,
-1.6834310e-05,-0.00000e+00,
-1.6824310e-05,-0.00000e+00,
-1.6814309e-05,-0.00000e+00,
-1.6804308e-05,-0.00000e+00,
-1.6794307e-05,-0.00000e+00,
-1.6784306e-05,-0.00000e+00,
-1.6774306e-05,2.00001e-01,
-1.6764305e-05,-0.00000e+00,
-1.6754304e-05,-0.00000e+00,
-1.6744303e-05,-0.00000e+00,
-1.6734302e-05,2.00001e-01,
-1.6724302e-05,-0.00000e+00,
-1.6714301e-05,-0.00000e+00,
-1.6704300e-05,2.00001e-01,
-1.6694299e-05,2.00001e-01,
-1.6684298e-05,2.00001e-01,
-1.6674298e-05,-0.00000e+00,
-1.6664297e-05,2.00001e-01,
-1.6654296e-05,-0.00000e+00,
-1.6644295e-05,-0.00000e+00,
-1.6634294e-05,2.00001e-01,
-1.6624293e-05,-0.00000e+00,
-1.6614293e-05,-0.00000e+00,
-1.6604292e-05,2.00001e-01,
-1.6594291e-05,-0.00000e+00,
-1.6584290e-05,2.00001e-01,
-1.6574289e-05,-0.00000e+00,
-1.6564289e-05,-0.00000e+00,
-1.6554288e-05,-0.00000e+00,
-1.6544287e-05,2.00001e-01,
-1.6534286e-05,2.00001e-01,
-1.6524285e-05,2.00001e-01,
-1.6514285e-05,-0.00000e+00,
-1.6504284e-05,-0.00000e+00,
-1.6494283e-05,2.00001e-01,
-1.6484282e-05,-0.00000e+00,
-1.6474281e-05,-0.00000e+00,
-1.6464281e-05,2.00001e-01,
-1.6454280e-05,-0.00000e+00,
-1.6444279e-05,-0.00000e+00,
-1.6434278e-05,2.00001e-01,
-1.6424277e-05,-0.00000e+00,
-1.6414277e-05,-0.00000e+00,
-1.6404276e-05,2.00001e-01,
-1.6394275e-05,-0.00000e+00,
-1.6384274e-05,-0.00000e+00,
-1.6374273e-05,2.00001e-01,
-1.6364273e-05,2.00001e-01,
-1.6354272e-05,-0.00000e+00,
-1.6344271e-05,-0.00000e+00,
-1.6334270e-05,-0.00000e+00,
-1.6324269e-05,2.00001e-01,
-1.6314269e-05,2.00001e-01,
-1.6304268e-05,2.00001e-01,
-1.6294267e-05,2.00001e-01,
-1.6284266e-05,-0.00000e+00,
-1.6274265e-05,2.00001e-01,
-1.6264265e-05,-0.00000e+00,
-1.6254264e-05,-0.00000e+00,
-1.6244263e-05,2.00001e-01,
-1.6234262e-05,2.00001e-01,
-1.6224261e-05,-0.00000e+00,
-1.6214261e-05,-0.00000e+00,
-1.6204260e-05,-0.00000e+00,
-1.6194259e-05,2.00001e-01,
-1.6184258e-05,-0.00000e+00,
-1.6174257e-05,-0.00000e+00,
-1.6164257e-05,-0.00000e+00,
-1.6154256e-05,2.00001e-01,
-1.6144255e-05,2.00001e-01,
-1.6134254e-05,-0.00000e+00,
-1.6124253e-05,-0.00000e+00,
-1.6114253e-05,-0.00000e+00,
-1.6104252e-05,2.00001e-01,
-1.6094251e-05,-0.00000e+00,
-1.6084250e-05,2.00001e-01,
-1.6074249e-05,-0.00000e+00,
-1.6064248e-05,-0.00000e+00,
-1.6054248e-05,2.00001e-01,
-1.6044247e-05,-0.00000e+00,
-1.6034246e-05,-0.00000e+00,
-1.6024245e-05,2.00001e-01,
-1.6014244e-05,-0.00000e+00,
-1.6004244e-05,2.00001e-01,
-1.5994243e-05,-0.00000e+00,
-1.5984242e-05,-0.00000e+00,
-1.5974241e-05,2.00001e-01,
-1.5964240e-05,2.00001e-01,
-1.5954240e-05,-0.00000e+00,
-1.5944239e-05,2.00001e-01,
-1.5934238e-05,-0.00000e+00,
-1.5924237e-05,2.00001e-01,
-1.5914236e-05,-0.00000e+00,
-1.5904236e-05,-0.00000e+00,
-1.5894235e-05,-0.00000e+00,
-1.5884234e-05,-0.00000e+00,
-1.5874233e-05,-0.00000e+00,
-1.5864232e-05,-0.00000e+00,
-1.5854232e-05,-0.00000e+00,
-1.5844231e-05,-0.00000e+00,
-1.5834230e-05,-0.00000e+00,
-1.5824229e-05,-0.00000e+00,
-1.5814228e-05,-0.00000e+00,
-1.5804228e-05,-0.00000e+00,
-1.5794227e-05,2.00001e-01,
-1.5784226e-05,-0.00000e+00,
-1.5774225e-05,-0.00000e+00,
-1.5764224e-05,-0.00000e+00,
-1.5754224e-05,-0.00000e+00,
-1.5744223e-05,2.00001e-01,
-1.5734222e-05,-0.00000e+00,
-1.5724221e-05,-0.00000e+00,
-1.5714220e-05,-0.00000e+00,
-1.5704220e-05,2.00001e-01,
-1.5694219e-05,2.00001e-01,
-1.5684218e-05,-0.00000e+00,
-1.5674217e-05,-0.00000e+00,
-1.5664216e-05,2.00001e-01,
-1.5654216e-05,2.00001e-01,
-1.5644215e-05,-0.00000e+00,
-1.5634214e-05,-0.00000e+00,
-1.5624213e-05,-0.00000e+00,
-1.5614212e-05,2.00001e-01,
-1.5604212e-05,-0.00000e+00,
-1.5594211e-05,2.00001e-01,
-1.5584210e-05,-0.00000e+00,
-1.5574209e-05,2.00001e-01,
-1.5564208e-05,2.00001e-01,
-1.5554207e-05,-0.00000e+00,
-1.5544207e-05,2.00001e-01,
-1.5534206e-05,-0.00000e+00,
-1.5524205e-05,2.00001e-01,
-1.5514204e-05,-0.00000e+00,
-1.5504203e-05,2.00001e-01,
-1.5494203e-05,2.00001e-01,
-1.5484202e-05,-0.00000e+00,
-1.5474201e-05,2.00001e-01,
-1.5464200e-05,-0.00000e+00,
-1.5452002e-05,2.00001e-01,
-1.5442001e-05,-0.00000e+00,
-1.5432001e-05,-0.00000e+00,
-1.5422000e-05,2.00001e-01,
-1.5411999e-05,2.00001e-01,
-1.5401998e-05,-0.00000e+00,
-1.5391997e-05,-0.00000e+00,
-1.5381996e-05,-0.00000e+00,
-1.5371996e-05,2.00001e-01,
-1.5361995e-05,-0.00000e+00,
-1.5351994e-05,-0.00000e+00,
-1.5341993e-05,-0.00000e+00,
-1.5331992e-05,-0.00000e+00,
-1.5321992e-05,2.00001e-01,
-1.5311991e-05,2.00001e-01,
-1.5301990e-05,-0.00000e+00,
-1.5291989e-05,2.00001e-01,
-1.5281988e-05,-0.00000e+00,
-1.5271988e-05,2.00001e-01,
-1.5261987e-05,-0.00000e+00,
-1.5251987e-05,-0.00000e+00,
-1.5241987e-05,2.00001e-01,
-1.5231987e-05,2.00001e-01,
-1.5221987e-05,-0.00000e+00,
-1.5211987e-05,2.00001e-01,
-1.5201987e-05,-0.00000e+00,
-1.5191988e-05,2.00001e-01,
-1.5181988e-05,-0.00000e+00,
-1.5171988e-05,2.00001e-01,
-1.5161988e-05,-0.00000e+00,
-1.5151988e-05,2.00001e-01,
-1.5141988e-05,2.00001e-01,
-1.5131988e-05,-0.00000e+00,
-1.5121988e-05,2.00001e-01,
-1.5111988e-05,-0.00000e+00,
-1.5101989e-05,-0.00000e+00,
-1.5091989e-05,-0.00000e+00,
-1.5081989e-05,2.00001e-01,
-1.5071989e-05,2.00001e-01,
-1.5061989e-05,-0.00000e+00,
-1.5051989e-05,2.00001e-01,
-1.5041989e-05,-0.00000e+00,
-1.5031989e-05,-0.00000e+00,
-1.5021989e-05,-0.00000e+00,
-1.5011989e-05,-0.00000e+00,
-1.5001990e-05,-0.00000e+00,
-1.4991990e-05,-0.00000e+00,
-1.4981990e-05,-0.00000e+00,
-1.4971990e-05,-0.00000e+00,
-1.4961990e-05,-0.00000e+00,
-1.4951990e-05,-0.00000e+00,
-1.4941990e-05,-0.00000e+00,
-1.4931990e-05,-0.00000e+00,
-1.4921990e-05,-0.00000e+00,
-1.4911991e-05,-0.00000e+00,
-1.4901991e-05,-0.00000e+00,
-1.4891991e-05,-0.00000e+00,
-1.4881991e-05,-0.00000e+00,
-1.4871991e-05,-0.00000e+00,
-1.4861991e-05,-0.00000e+00,
-1.4851991e-05,2.00001e-01,
-1.4841991e-05,-0.00000e+00,
-1.4831991e-05,2.00001e-01,
-1.4821991e-05,-0.00000e+00,
-1.4811992e-05,2.00001e-01,
-1.4801992e-05,-0.00000e+00,
-1.4791992e-05,-0.00000e+00,
-1.4781992e-05,2.00001e-01,
-1.4771992e-05,-0.00000e+00,
-1.4761992e-05,2.00001e-01,
-1.4751992e-05,-0.00000e+00,
-1.4741992e-05,-0.00000e+00,
-1.4731992e-05,2.00001e-01,
-1.4721993e-05,-0.00000e+00,
-1.4711993e-05,2.00001e-01,
-1.4701993e-05,-0.00000e+00,
-1.4691993e-05,-0.00000e+00,
-1.4681993e-05,2.00001e-01,
-1.4671993e-05,2.00001e-01,
-1.4661993e-05,2.00001e-01,
-1.4651993e-05,2.00001e-01,
-1.4641993e-05,-0.00000e+00,
-1.4631994e-05,2.00001e-01,
-1.4621994e-05,-0.00000e+00,
-1.4611994e-05,2.00001e-01,
-1.4601994e-05,-0.00000e+00,
-1.4591994e-05,-0.00000e+00,
-1.4581994e-05,2.00001e-01,
-1.4571994e-05,2.00001e-01,
-1.4561994e-05,2.00001e-01,
-1.4551994e-05,-0.00000e+00,
-1.4541994e-05,-0.00000e+00,
-1.4531995e-05,-0.00000e+00,
-1.4521995e-05,-0.00000e+00,
-1.4511995e-05,-0.00000e+00,
-1.4501995e-05,-0.00000e+00,
-1.4491995e-05,-0.00000e+00,
-1.4481995e-05,2.00001e-01,
-1.4471995e-05,-0.00000e+00,
-1.4461995e-05,2.00001e-01,
-1.4451995e-05,-0.00000e+00,
-1.4441996e-05,-0.00000e+00,
-1.4431996e-05,2.00001e-01,
-1.4421996e-05,-0.00000e+00,
-1.4411996e-05,2.00001e-01,
-1.4401996e-05,2.00001e-01,
-1.4391996e-05,-0.00000e+00,
-1.4381996e-05,-0.00000e+00,
-1.4371996e-05,-0.00000e+00,
-1.4361996e-05,-0.00000e+00,
-1.4351996e-05,-0.00000e+00,
-1.4341997e-05,-0.00000e+00,
-1.4331997e-05,-0.00000e+00,
-1.4321997e-05,-0.00000e+00,
-1.4311997e-05,-0.00000e+00,
-1.4301997e-05,-0.00000e+00,
-1.4291997e-05,-0.00000e+00,
-1.4281997e-05,2.00001e-01,
-1.4271997e-05,2.00001e-01,
-1.4261997e-05,2.00001e-01,
-1.4251998e-05,-0.00000e+00,
-1.4241998e-05,-0.00000e+00,
-1.4231998e-05,2.00001e-01,
-1.4221998e-05,-0.00000e+00,
-1.4211998e-05,-0.00000e+00,
-1.4201998e-05,-0.00000e+00,
-1.4191998e-05,-0.00000e+00,
-1.4181998e-05,2.00001e-01,
-1.4171998e-05,2.00001e-01,
-1.4161998e-05,2.00001e-01,
-1.4151999e-05,-0.00000e+00,
-1.4141999e-05,-0.00000e+00,
-1.4131999e-05,2.00001e-01,
-1.4121999e-05,-0.00000e+00,
-1.4111999e-05,2.00001e-01,
-1.4101999e-05,-0.00000e+00,
-1.4091999e-05,-0.00000e+00,
-1.4081999e-05,2.00001e-01,
-1.4071999e-05,-0.00000e+00,
-1.4062000e-05,2.00001e-01,
-1.4052000e-05,-0.00000e+00,
-1.4042000e-05,-0.00000e+00,
-1.4032000e-05,2.00001e-01,
-1.4022000e-05,-0.00000e+00,
-1.4012000e-05,2.00001e-01,
-1.4002000e-05,-0.00000e+00,
-1.3992000e-05,-0.00000e+00,
-1.3982000e-05,2.00001e-01,
-1.3972000e-05,2.00001e-01,
-1.3962001e-05,2.00001e-01,
-1.3952001e-05,-0.00000e+00,
-1.3942001e-05,-0.00000e+00,
-1.3932001e-05,2.00001e-01,
-1.3922001e-05,-0.00000e+00,
-1.3912001e-05,-0.00000e+00,
-1.3902001e-05,-0.00000e+00,
-1.3892001e-05,-0.00000e+00,
-1.3882001e-05,2.00001e-01,
-1.3872002e-05,-0.00000e+00,
-1.3862002e-05,-0.00000e+00,
-1.3852002e-05,-0.00000e+00,
-1.3842002e-05,-0.00000e+00,
-1.3832002e-05,2.00001e-01,
-1.3822002e-05,-0.00000e+00,
-1.3812002e-05,-0.00000e+00,
-1.3802002e-05,-0.00000e+00,
-1.3792002e-05,-0.00000e+00,
-1.3782002e-05,2.00001e-01,
-1.3772003e-05,-0.00000e+00,
-1.3762003e-05,-0.00000e+00,
-1.3752003e-05,-0.00000e+00,
-1.3742003e-05,-0.00000e+00,
-1.3732003e-05,-0.00000e+00,
-1.3722003e-05,-0.00000e+00,
-1.3712003e-05,-0.00000e+00,
-1.3702003e-05,-0.00000e+00,
-1.3692003e-05,-0.00000e+00,
-1.3682004e-05,-0.00000e+00,
-1.3672004e-05,-0.00000e+00,
-1.3662004e-05,-0.00000e+00,
-1.3652004e-05,-0.00000e+00,
-1.3642004e-05,-0.00000e+00,
-1.3632004e-05,-0.00000e+00,
-1.3622004e-05,2.00001e-01,
-1.3612004e-05,-0.00000e+00,
-1.3602004e-05,2.00001e-01,
-1.3592005e-05,-0.00000e+00,
-1.3582005e-05,-0.00000e+00,
-1.3572005e-05,2.00001e-01,
-1.3562005e-05,-0.00000e+00,
-1.3552005e-05,2.00001e-01,
-1.3542005e-05,-0.00000e+00,
-1.3532005e-05,2.00001e-01,
-1.3522005e-05,2.00001e-01,
-1.3512005e-05,-0.00000e+00,
-1.3502005e-05,2.00001e-01,
-1.3492006e-05,-0.00000e+00,
-1.3482006e-05,2.00001e-01,
-1.3472006e-05,-0.00000e+00,
-1.3462006e-05,2.00001e-01,
-1.3452006e-05,-0.00000e+00,
-1.3442006e-05,-0.00000e+00,
-1.3432006e-05,-0.00000e+00,
-1.3422006e-05,2.00001e-01,
-1.3412006e-05,2.00001e-01,
-1.3402007e-05,2.00001e-01,
-1.3392007e-05,-0.00000e+00,
-1.3382007e-05,-0.00000e+00,
-1.3372007e-05,2.00001e-01,
-1.3362007e-05,-0.00000e+00,
-1.3352007e-05,-0.00000e+00,
-1.3342007e-05,-0.00000e+00,
-1.3332007e-05,-0.00000e+00,
-1.3322007e-05,-0.00000e+00,
-1.3312007e-05,-0.00000e+00,
-1.3302008e-05,-0.00000e+00,
-1.3292008e-05,2.00001e-01,
-1.3282008e-05,-0.00000e+00,
-1.3272008e-05,-0.00000e+00,
-1.3262008e-05,-0.00000e+00,
-1.3252008e-05,-0.00000e+00,
-1.3242008e-05,-0.00000e+00,
-1.3232008e-05,-0.00000e+00,
-1.3222008e-05,-0.00000e+00,
-1.3212009e-05,2.00001e-01,
-1.3202009e-05,-0.00000e+00,
-1.3192009e-05,-0.00000e+00,
-1.3182009e-05,2.00001e-01,
-1.3172009e-05,-0.00000e+00,
-1.3162009e-05,-0.00000e+00,
-1.3152009e-05,-0.00000e+00,
-1.3142009e-05,-0.00000e+00,
-1.3132009e-05,-0.00000e+00,
-1.3122009e-05,-0.00000e+00,
-1.3112010e-05,-0.00000e+00,
-1.3102010e-05,-0.00000e+00,
-1.3092010e-05,-0.00000e+00,
-1.3082010e-05,-0.00000e+00,
-1.3072010e-05,-0.00000e+00,
-1.3062010e-05,2.00001e-01,
-1.3052010e-05,-0.00000e+00,
-1.3042010e-05,-0.00000e+00,
-1.3032010e-05,-0.00000e+00,
-1.3022011e-05,2.00001e-01,
-1.3012011e-05,2.00001e-01,
-1.3002011e-05,2.00001e-01,
-1.2992011e-05,-0.00000e+00,
-1.2982011e-05,-0.00000e+00,
-1.2972011e-05,2.00001e-01,
-1.2962011e-05,-0.00000e+00,
-1.2952011e-05,2.00001e-01,
-1.2942011e-05,-0.00000e+00,
-1.2932011e-05,-0.00000e+00,
-1.2922012e-05,-0.00000e+00,
-1.2912012e-05,-0.00000e+00,
-1.2902012e-05,2.00001e-01,
-1.2892012e-05,-0.00000e+00,
-1.2882012e-05,-0.00000e+00,
-1.2872012e-05,-0.00000e+00,
-1.2862012e-05,-0.00000e+00,
-1.2852012e-05,2.00001e-01,
-1.2842012e-05,-0.00000e+00,
-1.2832013e-05,-0.00000e+00,
-1.2822013e-05,-0.00000e+00,
-1.2812013e-05,2.00001e-01,
-1.2802013e-05,-0.00000e+00,
-1.2792013e-05,-0.00000e+00,
-1.2782013e-05,-0.00000e+00,
-1.2772013e-05,-0.00000e+00,
-1.2762013e-05,-0.00000e+00,
-1.2752013e-05,2.00001e-01,
-1.2742013e-05,-0.00000e+00,
-1.2732014e-05,-0.00000e+00,
-1.2722014e-05,-0.00000e+00,
-1.2712014e-05,-0.00000e+00,
-1.2702014e-05,2.00001e-01,
-1.2692014e-05,-0.00000e+00,
-1.2682014e-05,-0.00000e+00,
-1.2672014e-05,-0.00000e+00,
-1.2662014e-05,-0.00000e+00,
-1.2652014e-05,2.00001e-01,
-1.2642015e-05,-0.00000e+00,
-1.2632015e-05,-0.00000e+00,
-1.2622015e-05,-0.00000e+00,
-1.2612015e-05,-0.00000e+00,
-1.2602015e-05,2.00001e-01,
-1.2592015e-05,-0.00000e+00,
-1.2582015e-05,-0.00000e+00,
-1.2572015e-05,-0.00000e+00,
-1.2562015e-05,-0.00000e+00,
-1.2552016e-05,2.00001e-01,
-1.2542016e-05,2.00001e-01,
-1.2532016e-05,-0.00000e+00,
-1.2522016e-05,-0.00000e+00,
-1.2512016e-05,2.00001e-01,
-1.2502016e-05,2.00001e-01,
-1.2492016e-05,-0.00000e+00,
-1.2482016e-05,2.00001e-01,
-1.2472016e-05,-0.00000e+00,
-1.2462016e-05,-0.00000e+00,
-1.2452017e-05,-0.00000e+00,
-1.2442017e-05,-0.00000e+00,
-1.2432017e-05,-0.00000e+00,
-1.2422017e-05,-0.00000e+00,
-1.2412017e-05,2.00001e-01,
-1.2402017e-05,-0.00000e+00,
-1.2392017e-05,-0.00000e+00,
-1.2382017e-05,-0.00000e+00,
-1.2372017e-05,2.00001e-01,
-1.2362018e-05,2.00001e-01,
-1.2352018e-05,-0.00000e+00,
-1.2342018e-05,-0.00000e+00,
-1.2332018e-05,-0.00000e+00,
-1.2322018e-05,-0.00000e+00,
-1.2312018e-05,-0.00000e+00,
-1.2302018e-05,-0.00000e+00,
-1.2292018e-05,-0.00000e+00,
-1.2282018e-05,-0.00000e+00,
-1.2272018e-05,-0.00000e+00,
-1.2262019e-05,-0.00000e+00,
-1.2252019e-05,2.00001e-01,
-1.2242019e-05,-0.00000e+00,
-1.2232019e-05,2.00001e-01,
-1.2222019e-05,-0.00000e+00,
-1.2212019e-05,-0.00000e+00,
-1.2202019e-05,2.00001e-01,
-1.2192019e-05,-0.00000e+00,
-1.2182019e-05,2.00001e-01,
-1.2172020e-05,2.00001e-01,
-1.2162020e-05,-0.00000e+00,
-1.2152020e-05,2.00001e-01,
-1.2142020e-05,-0.00000e+00,
-1.2132020e-05,2.00001e-01,
-1.2122020e-05,-0.00000e+00,
-1.2112020e-05,2.00001e-01,
-1.2102020e-05,2.00001e-01,
-1.2092020e-05,-0.00000e+00,
-1.2082020e-05,2.00001e-01,
-1.2072021e-05,-0.00000e+00,
-1.2062021e-05,-0.00000e+00,
-1.2052021e-05,2.00001e-01,
-1.2042021e-05,-0.00000e+00,
-1.2032021e-05,-0.00000e+00,
-1.2022021e-05,-0.00000e+00,
-1.2012021e-05,-0.00000e+00,
-1.2002021e-05,2.00001e-01,
-1.1992021e-05,2.00001e-01,
-1.1982022e-05,-0.00000e+00,
-1.1972022e-05,-0.00000e+00,
-1.1962022e-05,2.00001e-01,
-1.1952022e-05,-0.00000e+00,
-1.1942022e-05,-0.00000e+00,
-1.1932022e-05,2.00001e-01,
-1.1922022e-05,2.00001e-01,
-1.1912022e-05,2.00001e-01,
-1.1902022e-05,2.00001e-01,
-1.1892022e-05,-0.00000e+00,
-1.1882023e-05,2.00001e-01,
-1.1872023e-05,-0.00000e+00,
-1.1862023e-05,-0.00000e+00,
-1.1852023e-05,2.00001e-01,
-1.1842023e-05,-0.00000e+00,
-1.1832023e-05,2.00001e-01,
-1.1822023e-05,-0.00000e+00,
-1.1812023e-05,-0.00000e+00,
-1.1802023e-05,2.00001e-01,
-1.1792024e-05,-0.00000e+00,
-1.1782024e-05,2.00001e-01,
-1.1772024e-05,-0.00000e+00,
-1.1762024e-05,-0.00000e+00,
-1.1752024e-05,-0.00000e+00,
-1.1742024e-05,-0.00000e+00,
-1.1732024e-05,2.00001e-01,
-1.1722024e-05,-0.00000e+00,
-1.1712024e-05,-0.00000e+00,
-1.1702024e-05,-0.00000e+00,
-1.1692025e-05,2.00001e-01,
-1.1682025e-05,-0.00000e+00,
-1.1672025e-05,2.00001e-01,
-1.1662025e-05,-0.00000e+00,
-1.1652025e-05,-0.00000e+00,
-1.1642025e-05,-0.00000e+00,
-1.1632025e-05,2.00001e-01,
-1.1622025e-05,2.00001e-01,
-1.1612025e-05,-0.00000e+00,
-1.1602026e-05,-0.00000e+00,
-1.1592026e-05,-0.00000e+00,
-1.1582026e-05,2.00001e-01,
-1.1572026e-05,-0.00000e+00,
-1.1562026e-05,-0.00000e+00,
-1.1552026e-05,-0.00000e+00,
-1.1542026e-05,-0.00000e+00,
-1.1532026e-05,-0.00000e+00,
-1.1522026e-05,-0.00000e+00,
-1.1512027e-05,-0.00000e+00,
-1.1502027e-05,-0.00000e+00,
-1.1492027e-05,2.00001e-01,
-1.1482027e-05,-0.00000e+00,
-1.1472027e-05,-0.00000e+00,
-1.1462027e-05,-0.00000e+00,
-1.1452027e-05,-0.00000e+00,
-1.1442027e-05,-0.00000e+00,
-1.1432027e-05,-0.00000e+00,
-1.1422027e-05,-0.00000e+00,
-1.1412028e-05,-0.00000e+00,
-1.1402028e-05,-0.00000e+00,
-1.1392028e-05,2.00001e-01,
-1.1382028e-05,-0.00000e+00,
-1.1372028e-05,-0.00000e+00,
-1.1362028e-05,2.00001e-01,
-1.1352028e-05,-0.00000e+00,
-1.1342028e-05,-0.00000e+00,
-1.1332028e-05,-0.00000e+00,
-1.1322029e-05,-0.00000e+00,
-1.1312029e-05,2.00001e-01,
-1.1302029e-05,2.00001e-01,
-1.1292029e-05,-0.00000e+00,
-1.1282029e-05,-0.00000e+00,
-1.1272029e-05,-0.00000e+00,
-1.1262029e-05,2.00001e-01,
-1.1252029e-05,-0.00000e+00,
-1.1242029e-05,-0.00000e+00,
-1.1232029e-05,-0.00000e+00,
-1.1222030e-05,-0.00000e+00,
-1.1212030e-05,-0.00000e+00,
-1.1202030e-05,-0.00000e+00,
-1.1192030e-05,2.00001e-01,
-1.1182030e-05,2.00001e-01,
-1.1172030e-05,-0.00000e+00,
-1.1162030e-05,-0.00000e+00,
-1.1152030e-05,-0.00000e+00,
-1.1142030e-05,2.00001e-01,
-1.1132031e-05,-0.00000e+00,
-1.1122031e-05,-0.00000e+00,
-1.1112031e-05,2.00001e-01,
-1.1102031e-05,-0.00000e+00,
-1.1092031e-05,2.00001e-01,
-1.1082031e-05,2.00001e-01,
-1.1072031e-05,-0.00000e+00,
-1.1062031e-05,2.00001e-01,
-1.1052031e-05,2.00001e-01,
-1.1042031e-05,-0.00000e+00,
-1.1032032e-05,-0.00000e+00,
-1.1022032e-05,-0.00000e+00,
-1.1012032e-05,-0.00000e+00,
-1.1002032e-05,2.00001e-01,
-1.0992032e-05,2.00001e-01,
-1.0982032e-05,2.00001e-01,
-1.0972032e-05,-0.00000e+00,
-1.0962032e-05,-0.00000e+00,
-1.0952032e-05,2.00001e-01,
-1.0942033e-05,-0.00000e+00,
-1.0932033e-05,-0.00000e+00,
-1.0922033e-05,-0.00000e+00,
-1.0912033e-05,-0.00000e+00,
-1.0902033e-05,-0.00000e+00,
-1.0892033e-05,2.00001e-01,
-1.0882033e-05,-0.00000e+00,
-1.0872033e-05,2.00001e-01,
-1.0862033e-05,2.00001e-01,
-1.0852033e-05,-0.00000e+00,
-1.0842034e-05,2.00001e-01,
-1.0832034e-05,-0.00000e+00,
-1.0822034e-05,-0.00000e+00,
-1.0812034e-05,-0.00000e+00,
-1.0802034e-05,-0.00000e+00,
-1.0792034e-05,-0.00000e+00,
-1.0782034e-05,2.00001e-01,
-1.0772034e-05,-0.00000e+00,
-1.0762034e-05,-0.00000e+00,
-1.0752035e-05,2.00001e-01,
-1.0742035e-05,-0.00000e+00,
-1.0732035e-05,2.00001e-01,
-1.0722035e-05,-0.00000e+00,
-1.0712035e-05,-0.00000e+00,
-1.0702035e-05,2.00001e-01,
-1.0692035e-05,2.00001e-01,
-1.0682035e-05,2.00001e-01,
-1.0672035e-05,-0.00000e+00,
-1.0662035e-05,-0.00000e+00,
-1.0652036e-05,2.00001e-01,
-1.0642036e-05,2.00001e-01,
-1.0632036e-05,-0.00000e+00,
-1.0622036e-05,2.00001e-01,
-1.0612036e-05,-0.00000e+00,
-1.0602036e-05,-0.00000e+00,
-1.0592036e-05,-0.00000e+00,
-1.0582036e-05,-0.00000e+00,
-1.0572036e-05,2.00001e-01,
-1.0562037e-05,-0.00000e+00,
-1.0552037e-05,-0.00000e+00,
-1.0542037e-05,-0.00000e+00,
-1.0532037e-05,-0.00000e+00,
-1.0522037e-05,-0.00000e+00,
-1.0512037e-05,2.00001e-01,
-1.0502037e-05,-0.00000e+00,
-1.0492037e-05,-0.00000e+00,
-1.0482037e-05,-0.00000e+00,
-1.0472038e-05,-0.00000e+00,
-1.0462038e-05,-0.00000e+00,
-1.0452038e-05,-0.00000e+00,
-1.0442038e-05,-0.00000e+00,
-1.0432038e-05,-0.00000e+00,
-1.0422038e-05,-0.00000e+00,
-1.0412038e-05,2.00001e-01,
-1.0402038e-05,-0.00000e+00,
-1.0392038e-05,-0.00000e+00,
-1.0382038e-05,-0.00000e+00,
-1.0372039e-05,2.00001e-01,
-1.0362039e-05,-0.00000e+00,
-1.0352039e-05,2.00001e-01,
-1.0342039e-05,-0.00000e+00,
-1.0332039e-05,-0.00000e+00,
-1.0322039e-05,2.00001e-01,
-1.0312039e-05,2.00001e-01,
-1.0302039e-05,2.00001e-01,
-1.0292039e-05,-0.00000e+00,
-1.0282040e-05,-0.00000e+00,
-1.0272040e-05,2.00001e-01,
-1.0262040e-05,2.00001e-01,
-1.0252040e-05,-0.00000e+00,
-1.0242040e-05,-0.00000e+00,
-1.0232040e-05,2.00001e-01,
-1.0222040e-05,-0.00000e+00,
-1.0212040e-05,2.00001e-01,
-1.0202040e-05,2.00001e-01,
-1.0192040e-05,-0.00000e+00,
-1.0182041e-05,2.00001e-01,
-1.0172041e-05,2.00001e-01,
-1.0162041e-05,2.00001e-01,
-1.0152041e-05,-0.00000e+00,
-1.0142041e-05,2.00001e-01,
-1.0132041e-05,-0.00000e+00,
-1.0122041e-05,-0.00000e+00,
-1.0112041e-05,-0.00000e+00,
-1.0102041e-05,2.00001e-01,
-1.0092042e-05,2.00001e-01,
-1.0082042e-05,2.00001e-01,
-1.0072042e-05,-0.00000e+00,
-1.0062042e-05,-0.00000e+00,
-1.0052042e-05,2.00001e-01,
-1.0042042e-05,-0.00000e+00,
-1.0032042e-05,-0.00000e+00,
-1.0022042e-05,2.00001e-01,
-1.0012042e-05,-0.00000e+00,
-1.0002042e-05,2.00001e-01,
-9.9920426e-06,-0.00000e+00,
-9.9820427e-06,2.00001e-01,
-9.9720428e-06,-0.00000e+00,
-9.9620429e-06,2.00001e-01,
-9.9520430e-06,-0.00000e+00,
-9.9420431e-06,-0.00000e+00,
-9.9320432e-06,2.00001e-01,
-9.9220433e-06,2.00001e-01,
-9.9120434e-06,-0.00000e+00,
-9.9020435e-06,-0.00000e+00,
-9.8920436e-06,-0.00000e+00,
-9.8820437e-06,2.00001e-01,
-9.8720438e-06,-0.00000e+00,
-9.8620440e-06,-0.00000e+00,
-9.8520441e-06,-0.00000e+00,
-9.8420442e-06,-0.00000e+00,
-9.8320443e-06,2.00001e-01,
-9.8220444e-06,2.00001e-01,
-9.8120445e-06,-0.00000e+00,
-9.8020446e-06,2.00001e-01,
-9.7920447e-06,-0.00000e+00,
-9.7820448e-06,2.00001e-01,
-9.7720449e-06,-0.00000e+00,
-9.7620450e-06,-0.00000e+00,
-9.7520451e-06,-0.00000e+00,
-9.7420452e-06,-0.00000e+00,
-9.7320453e-06,-0.00000e+00,
-9.7220454e-06,-0.00000e+00,
-9.7120455e-06,-0.00000e+00,
-9.7020456e-06,-0.00000e+00,
-9.6920458e-06,-0.00000e+00,
-9.6820459e-06,-0.00000e+00,
-9.6720460e-06,-0.00000e+00,
-9.6620461e-06,-0.00000e+00,
-9.6520462e-06,-0.00000e+00,
-9.6420463e-06,-0.00000e+00,
-9.6320464e-06,-0.00000e+00,
-9.6220465e-06,-0.00000e+00,
-9.6120466e-06,-0.00000e+00,
-9.6020467e-06,-0.00000e+00,
-9.5920468e-06,-0.00000e+00,
-9.5820469e-06,-0.00000e+00,
-9.5720470e-06,-0.00000e+00,
-9.5620471e-06,2.00001e-01,
-9.5520472e-06,-0.00000e+00,
-9.5420473e-06,-0.00000e+00,
-9.5320474e-06,-0.00000e+00,
-9.5220475e-06,-0.00000e+00,
-9.5120477e-06,2.00001e-01,
-9.5020478e-06,-0.00000e+00,
-9.4920479e-06,2.00001e-01,
-9.4820480e-06,-0.00000e+00,
-9.4720481e-06,2.00001e-01,
-9.4620482e-06,2.00001e-01,
-9.4520483e-06,2.00001e-01,
-9.4420484e-06,-0.00000e+00,
-9.4320485e-06,-0.00000e+00,
-9.4220486e-06,-0.00000e+00,
-9.4120487e-06,-0.00000e+00,
-9.4020488e-06,-0.00000e+00,
-9.3920489e-06,2.00001e-01,
-9.3820490e-06,-0.00000e+00,
-9.3720491e-06,-0.00000e+00,
-9.3620492e-06,-0.00000e+00,
-9.3520493e-06,-0.00000e+00,
-9.3420495e-06,-0.00000e+00,
-9.3320496e-06,-0.00000e+00,
-9.3220497e-06,-0.00000e+00,
-9.3120498e-06,-0.00000e+00,
-9.3020499e-06,-0.00000e+00,
-9.2920500e-06,-0.00000e+00,
-9.2820501e-06,2.00001e-01,
-9.2720502e-06,-0.00000e+00,
-9.2620503e-06,-0.00000e+00,
-9.2520504e-06,-0.00000e+00,
-9.2420505e-06,2.00001e-01,
-9.2320506e-06,-0.00000e+00,
-9.2220507e-06,2.00001e-01,
-9.2120508e-06,-0.00000e+00,
-9.2020509e-06,2.00001e-01,
-9.1920510e-06,2.00001e-01,
-9.1820511e-06,-0.00000e+00,
-9.1720513e-06,2.00001e-01,
-9.1620514e-06,2.00001e-01,
-9.1520515e-06,2.00001e-01,
-9.1420516e-06,-0.00000e+00,
-9.1320517e-06,2.00001e-01,
-9.1220518e-06,-0.00000e+00,
-9.1120519e-06,2.00001e-01,
-9.1020520e-06,-0.00000e+00,
-9.0920521e-06,2.00001e-01,
-9.0820522e-06,2.00001e-01,
-9.0720523e-06,2.00001e-01,
-9.0620524e-06,2.00001e-01,
-9.0520525e-06,-0.00000e+00,
-9.0420526e-06,2.00001e-01,
-9.0320527e-06,-0.00000e+00,
-9.0220528e-06,-0.00000e+00,
-9.0120529e-06,-0.00000e+00,
-9.0020530e-06,-0.00000e+00,
-8.9920532e-06,2.00001e-01,
-8.9820533e-06,-0.00000e+00,
-8.9720534e-06,-0.00000e+00,
-8.9620535e-06,2.00001e-01,
-8.9520536e-06,-0.00000e+00,
-8.9420537e-06,2.00001e-01,
-8.9320538e-06,-0.00000e+00,
-8.9220539e-06,-0.00000e+00,
-8.9120540e-06,2.00001e-01,
-8.9020541e-06,2.00001e-01,
-8.8920542e-06,-0.00000e+00,
-8.8820543e-06,-0.00000e+00,
-8.8720544e-06,-0.00000e+00,
-8.8620545e-06,2.00001e-01,
-8.8520546e-06,-0.00000e+00,
-8.8420547e-06,2.00001e-01,
-8.8320548e-06,-0.00000e+00,
-8.8220550e-06,2.00001e-01,
-8.8120551e-06,2.00001e-01,
-8.8020552e-06,2.00001e-01,
-8.7920553e-06,2.00001e-01,
-8.7820554e-06,2.00001e-01,
-8.7720555e-06,-0.00000e+00,
-8.7620556e-06,-0.00000e+00,
-8.7520557e-06,-0.00000e+00,
-8.7420558e-06,-0.00000e+00,
-8.7320559e-06,-0.00000e+00,
-8.7220560e-06,-0.00000e+00,
-8.7120561e-06,2.00001e-01,
-8.7020562e-06,-0.00000e+00,
-8.6920563e-06,2.00001e-01,
-8.6820564e-06,-0.00000e+00,
-8.6720565e-06,-0.00000e+00,
-8.6620566e-06,2.00001e-01,
-8.6520567e-06,-0.00000e+00,
-8.6420569e-06,2.00001e-01,
-8.6320570e-06,-0.00000e+00,
-8.6220571e-06,-0.00000e+00,
-8.6120572e-06,2.00001e-01,
-8.6020573e-06,-0.00000e+00,
-8.5920574e-06,2.00001e-01,
-8.5820575e-06,-0.00000e+00,
-8.5720576e-06,-0.00000e+00,
-8.5620577e-06,2.00001e-01,
-8.5520578e-06,-0.00000e+00,
-8.5420579e-06,2.00001e-01,
-8.5320580e-06,-0.00000e+00,
-8.5220581e-06,-0.00000e+00,
-8.5120582e-06,2.00001e-01,
-8.5020583e-06,2.00001e-01,
-8.4920584e-06,2.00001e-01,
-8.4820585e-06,2.00001e-01,
-8.4720587e-06,-0.00000e+00,
-8.4620588e-06,2.00001e-01,
-8.4520589e-06,-0.00000e+00,
-8.4420590e-06,-0.00000e+00,
-8.4320591e-06,-0.00000e+00,
-8.4220592e-06,2.00001e-01,
-8.4120593e-06,2.00001e-01,
-8.4020594e-06,-0.00000e+00,
-8.3920595e-06,-0.00000e+00,
-8.3820596e-06,-0.00000e+00,
-8.3720597e-06,-0.00000e+00,
-8.3620598e-06,-0.00000e+00,
-8.3520599e-06,2.00001e-01,
-8.3420600e-06,-0.00000e+00,
-8.3320601e-06,-0.00000e+00,
-8.3220602e-06,-0.00000e+00,
-8.3120603e-06,2.00001e-01,
-8.3020605e-06,-0.00000e+00,
-8.2920606e-06,2.00001e-01,
-8.2820607e-06,2.00001e-01,
-8.2720608e-06,-0.00000e+00,
-8.2620609e-06,2.00001e-01,
-8.2520610e-06,2.00001e-01,
-8.2420611e-06,2.00001e-01,
-8.2320612e-06,-0.00000e+00,
-8.2220613e-06,-0.00000e+00,
-8.2120614e-06,-0.00000e+00,
-8.2020615e-06,-0.00000e+00,
-8.1920616e-06,2.00001e-01,
-8.1820617e-06,-0.00000e+00,
-8.1720618e-06,2.00001e-01,
-8.1620619e-06,-0.00000e+00,
-8.1520620e-06,-0.00000e+00,
-8.1420621e-06,-0.00000e+00,
-8.1320622e-06,2.00001e-01,
-8.1220624e-06,-0.00000e+00,
-8.1120625e-06,-0.00000e+00,
-8.1020626e-06,-0.00000e+00,
-8.0920627e-06,-0.00000e+00,
-8.0820628e-06,-0.00000e+00,
-8.0720629e-06,2.00001e-01,
-8.0620630e-06,2.00001e-01,
-8.0520631e-06,-0.00000e+00,
-8.0420632e-06,-0.00000e+00,
-8.0320633e-06,2.00001e-01,
-8.0220634e-06,-0.00000e+00,
-8.0120635e-06,-0.00000e+00,
-8.0020636e-06,2.00001e-01,
-7.9920637e-06,-0.00000e+00,
-7.9820638e-06,2.00001e-01,
-7.9720639e-06,-0.00000e+00,
-7.9620640e-06,-0.00000e+00,
-7.9520642e-06,-0.00000e+00,
-7.9420643e-06,2.00001e-01,
-7.9320644e-06,2.00001e-01,
-7.9220645e-06,2.00001e-01,
-7.9120646e-06,-0.00000e+00,
-7.9020647e-06,2.00001e-01,
-7.8920648e-06,-0.00000e+00,
-7.8820649e-06,-0.00000e+00,
-7.8720650e-06,-0.00000e+00,
-7.8620651e-06,2.00001e-01,
-7.8520652e-06,2.00001e-01,
-7.8420653e-06,2.00001e-01,
-7.8320654e-06,-0.00000e+00,
-7.8220655e-06,-0.00000e+00,
-7.8120656e-06,2.00001e-01,
-7.8020657e-06,-0.00000e+00,
-7.7920658e-06,-0.00000e+00,
-7.7820659e-06,2.00001e-01,
-7.7720661e-06,-0.00000e+00,
-7.7620662e-06,-0.00000e+00,
-7.7520663e-06,2.00001e-01,
-7.7420664e-06,2.00001e-01,
-7.7320665e-06,2.00001e-01,
-7.7220666e-06,2.00001e-01,
-7.7120667e-06,-0.00000e+00,
-7.7020668e-06,-0.00000e+00,
-7.6920669e-06,-0.00000e+00,
-7.6820670e-06,-0.00000e+00,
-7.6720671e-06,2.00001e-01,
-7.6620672e-06,2.00001e-01,
-7.6520673e-06,-0.00000e+00,
-7.6420674e-06,-0.00000e+00,
-7.6320675e-06,-0.00000e+00,
-7.6220676e-06,-0.00000e+00,
-7.6120677e-06,-0.00000e+00,
-7.6020679e-06,2.00001e-01,
-7.5920680e-06,-0.00000e+00,
-7.5820681e-06,2.00001e-01,
-7.5720682e-06,-0.00000e+00,
-7.5620683e-06,2.00001e-01,
-7.5520684e-06,2.00001e-01,
-7.5420685e-06,-0.00000e+00,
-7.5320686e-06,2.00001e-01,
-7.5220687e-06,-0.00000e+00,
-7.5120688e-06,-0.00000e+00,
-7.5020689e-06,-0.00000e+00,
-7.4920690e-06,-0.00000e+00,
-7.4820691e-06,-0.00000e+00,
-7.4720692e-06,2.00001e-01,
-7.4620693e-06,-0.00000e+00,
-7.4520694e-06,-0.00000e+00,
-7.4420695e-06,-0.00000e+00,
-7.4320697e-06,-0.00000e+00,
-7.4220698e-06,2.00001e-01,
-7.4120699e-06,-0.00000e+00,
-7.4020700e-06,2.00001e-01,
-7.3920701e-06,-0.00000e+00,
-7.3820702e-06,-0.00000e+00,
-7.3720703e-06,2.00001e-01,
-7.3620704e-06,-0.00000e+00,
-7.3520705e-06,2.00001e-01,
-7.3420706e-06,-0.00000e+00,
-7.3320707e-06,-0.00000e+00,
-7.3220708e-06,2.00001e-01,
-7.3120709e-06,-0.00000e+00,
-7.3020710e-06,-0.00000e+00,
-7.2920711e-06,-0.00000e+00,
-7.2820712e-06,-0.00000e+00,
-7.2720713e-06,2.00001e-01,
-7.2620714e-06,-0.00000e+00,
-7.2520716e-06,-0.00000e+00,
-7.2420717e-06,-0.00000e+00,
-7.2320718e-06,-0.00000e+00,
-7.2220719e-06,2.00001e-01,
-7.2120720e-06,-0.00000e+00,
-7.2020721e-06,-0.00000e+00,
-7.1920722e-06,2.00001e-01,
-7.1820723e-06,-0.00000e+00,
-7.1720724e-06,2.00001e-01,
-7.1620725e-06,-0.00000e+00,
-7.1520726e-06,2.00001e-01,
-7.1420727e-06,2.00001e-01,
-7.1320728e-06,2.00001e-01,
-7.1220729e-06,-0.00000e+00,
-7.1120730e-06,2.00001e-01,
-7.1020731e-06,2.00001e-01,
-7.0920732e-06,-0.00000e+00,
-7.0820734e-06,2.00001e-01,
-7.0720735e-06,-0.00000e+00,
-7.0620736e-06,-0.00000e+00,
-7.0520737e-06,-0.00000e+00,
-7.0420738e-06,-0.00000e+00,
-7.0320739e-06,-0.00000e+00,
-7.0220740e-06,2.00001e-01,
-7.0120741e-06,-0.00000e+00,
-7.0020742e-06,-0.00000e+00,
-6.9920743e-06,-0.00000e+00,
-6.9820744e-06,2.00001e-01,
-6.9720745e-06,2.00001e-01,
-6.9620746e-06,2.00001e-01,
-6.9520747e-06,-0.00000e+00,
-6.9420748e-06,-0.00000e+00,
-6.9320749e-06,2.00001e-01,
-6.9220750e-06,-0.00000e+00,
-6.9120752e-06,-0.00000e+00,
-6.9020753e-06,-0.00000e+00,
-6.8920754e-06,-0.00000e+00,
-6.8820755e-06,2.00001e-01,
-6.8720756e-06,2.00001e-01,
-6.8620757e-06,-0.00000e+00,
-6.8520758e-06,-0.00000e+00,
-6.8420759e-06,-0.00000e+00,
-6.8320760e-06,2.00001e-01,
-6.8220761e-06,-0.00000e+00,
-6.8120762e-06,-0.00000e+00,
-6.8020763e-06,-0.00000e+00,
-6.7920764e-06,-0.00000e+00,
-6.7820765e-06,-0.00000e+00,
-6.7720766e-06,-0.00000e+00,
-6.7620767e-06,2.00001e-01,
-6.7520768e-06,-0.00000e+00,
-6.7420769e-06,2.00001e-01,
-6.7320771e-06,-0.00000e+00,
-6.7220772e-06,2.00001e-01,
-6.7120773e-06,2.00001e-01,
-6.7020774e-06,2.00001e-01,
-6.6920775e-06,-0.00000e+00,
-6.6820776e-06,2.00001e-01,
-6.6720777e-06,2.00001e-01,
-6.6620778e-06,-0.00000e+00,
-6.6520779e-06,-0.00000e+00,
-6.6420780e-06,2.00001e-01,
-6.6320781e-06,2.00001e-01,
-6.6220782e-06,-0.00000e+00,
-6.6120783e-06,2.00001e-01,
-6.6020784e-06,-0.00000e+00,
-6.5920785e-06,2.00001e-01,
-6.5820786e-06,-0.00000e+00,
-6.5720787e-06,2.00001e-01,
-6.5620789e-06,-0.00000e+00,
-6.5520790e-06,2.00001e-01,
-6.5420791e-06,-0.00000e+00,
-6.5320792e-06,-0.00000e+00,
-6.5220793e-06,-0.00000e+00,
-6.5120794e-06,-0.00000e+00,
-6.5020795e-06,-0.00000e+00,
-6.4920796e-06,2.00001e-01,
-6.4820797e-06,-0.00000e+00,
-6.4720798e-06,-0.00000e+00,
-6.4620799e-06,-0.00000e+00,
-6.4520800e-06,-0.00000e+00,
-6.4420801e-06,-0.00000e+00,
-6.4320802e-06,-0.00000e+00,
-6.4220803e-06,-0.00000e+00,
-6.4120804e-06,-0.00000e+00,
-6.4020805e-06,-0.00000e+00,
-6.3920806e-06,2.00001e-01,
-6.3820808e-06,2.00001e-01,
-6.3720809e-06,-0.00000e+00,
-6.3620810e-06,2.00001e-01,
-6.3520811e-06,-0.00000e+00,
-6.3420812e-06,-0.00000e+00,
-6.3320813e-06,-0.00000e+00,
-6.3220814e-06,-0.00000e+00,
-6.3120815e-06,2.00001e-01,
-6.3020816e-06,-0.00000e+00,
-6.2920817e-06,-0.00000e+00,
-6.2820818e-06,-0.00000e+00,
-6.2720819e-06,-0.00000e+00,
-6.2620820e-06,2.00001e-01,
-6.2520821e-06,-0.00000e+00,
-6.2420822e-06,-0.00000e+00,
-6.2320823e-06,-0.00000e+00,
-6.2220824e-06,-0.00000e+00,
-6.2120826e-06,2.00001e-01,
-6.2020827e-06,-0.00000e+00,
-6.1920828e-06,-0.00000e+00,
-6.1820829e-06,-0.00000e+00,
-6.1720830e-06,-0.00000e+00,
-6.1620831e-06,2.00001e-01,
-6.1520832e-06,-0.00000e+00,
-6.1420833e-06,2.00001e-01,
-6.1320834e-06,-0.00000e+00,
-6.1220835e-06,-0.00000e+00,
-6.1120836e-06,2.00001e-01,
-6.1020837e-06,-0.00000e+00,
-6.0920838e-06,2.00001e-01,
-6.0820839e-06,-0.00000e+00,
-6.0720840e-06,-0.00000e+00,
-6.0620841e-06,-0.00000e+00,
-6.0520842e-06,-0.00000e+00,
-6.0420844e-06,-0.00000e+00,
-6.0320845e-06,-0.00000e+00,
-6.0220846e-06,2.00001e-01,
-6.0120847e-06,-0.00000e+00,
-6.0020848e-06,-0.00000e+00,
-5.9920849e-06,-0.00000e+00,
-5.9820850e-06,-0.00000e+00,
-5.9720851e-06,2.00001e-01,
-5.9620852e-06,-0.00000e+00,
-5.9520853e-06,2.00001e-01,
-5.9420854e-06,2.00001e-01,
-5.9320855e-06,2.00001e-01,
-5.9220856e-06,2.00001e-01,
-5.9120857e-06,-0.00000e+00,
-5.9020858e-06,2.00001e-01,
-5.8920859e-06,-0.00000e+00,
-5.8820860e-06,-0.00000e+00,
-5.8720861e-06,2.00001e-01,
-5.8620863e-06,2.00001e-01,
-5.8520864e-06,-0.00000e+00,
-5.8420865e-06,-0.00000e+00,
-5.8320866e-06,-0.00000e+00,
-5.8220867e-06,2.00001e-01,
-5.8120868e-06,-0.00000e+00,
-5.8020869e-06,-0.00000e+00,
-5.7920870e-06,2.00001e-01,
-5.7820871e-06,-0.00000e+00,
-5.7720872e-06,-0.00000e+00,
-5.7620873e-06,2.00001e-01,
-5.7520874e-06,-0.00000e+00,
-5.7420875e-06,2.00001e-01,
-5.7320876e-06,-0.00000e+00,
-5.7220877e-06,2.00001e-01,
-5.7120878e-06,2.00001e-01,
-5.7020879e-06,2.00001e-01,
-5.6920881e-06,-0.00000e+00,
-5.6820882e-06,2.00001e-01,
-5.6720883e-06,2.00001e-01,
-5.6620884e-06,-0.00000e+00,
-5.6520885e-06,-0.00000e+00,
-5.6420886e-06,2.00001e-01,
-5.6320887e-06,-0.00000e+00,
-5.6220888e-06,-0.00000e+00,
-5.6120889e-06,2.00001e-01,
-5.6020890e-06,2.00001e-01,
-5.5920891e-06,2.00001e-01,
-5.5820892e-06,-0.00000e+00,
-5.5720893e-06,-0.00000e+00,
-5.5620894e-06,2.00001e-01,
-5.5520895e-06,-0.00000e+00,
-5.5420896e-06,-0.00000e+00,
-5.5320897e-06,-0.00000e+00,
-5.5220899e-06,2.00001e-01,
-5.5120900e-06,-0.00000e+00,
-5.5020901e-06,-0.00000e+00,
-5.4920902e-06,2.00001e-01,
-5.4820903e-06,-0.00000e+00,
-5.4720904e-06,-0.00000e+00,
-5.4620905e-06,-0.00000e+00,
-5.4520906e-06,-0.00000e+00,
-5.4420907e-06,2.00001e-01,
-5.4320908e-06,2.00001e-01,
-5.4220909e-06,2.00001e-01,
-5.4120910e-06,-0.00000e+00,
-5.4020911e-06,-0.00000e+00,
-5.3920912e-06,-0.00000e+00,
-5.3820913e-06,-0.00000e+00,
-5.3720914e-06,2.00001e-01,
-5.3620915e-06,-0.00000e+00,
-5.3520916e-06,-0.00000e+00,
-5.3420918e-06,-0.00000e+00,
-5.3320919e-06,-0.00000e+00,
-5.3220920e-06,-0.00000e+00,
-5.3120921e-06,-0.00000e+00,
-5.3020922e-06,2.00001e-01,
-5.2920923e-06,-0.00000e+00,
-5.2820924e-06,-0.00000e+00,
-5.2720925e-06,-0.00000e+00,
-5.2620926e-06,-0.00000e+00,
-5.2520927e-06,-0.00000e+00,
-5.2420928e-06,-0.00000e+00,
-5.2320929e-06,-0.00000e+00,
-5.2220930e-06,-0.00000e+00,
-5.2120931e-06,-0.00000e+00,
-5.2020932e-06,2.00001e-01,
-5.1920933e-06,-0.00000e+00,
-5.1820934e-06,2.00001e-01,
-5.1720936e-06,-0.00000e+00,
-5.1620937e-06,-0.00000e+00,
-5.1520938e-06,-0.00000e+00,
-5.1420939e-06,2.00001e-01,
-5.1320940e-06,-0.00000e+00,
-5.1220941e-06,2.00001e-01,
-5.1120942e-06,-0.00000e+00,
-5.1020943e-06,-0.00000e+00,
-5.0920944e-06,2.00001e-01,
-5.0820945e-06,2.00001e-01,
-5.0720946e-06,2.00001e-01,
-5.0620947e-06,2.00001e-01,
-5.0520948e-06,-0.00000e+00,
-5.0420949e-06,-0.00000e+00,
-5.0320950e-06,-0.00000e+00,
-5.0220951e-06,2.00001e-01,
-5.0120952e-06,-0.00000e+00,
-5.0020953e-06,-0.00000e+00,
-4.9920955e-06,-0.00000e+00,
-4.9820956e-06,-0.00000e+00,
-4.9720957e-06,-0.00000e+00,
-4.9620958e-06,-0.00000e+00,
-4.9520959e-06,-0.00000e+00,
-4.9420960e-06,-0.00000e+00,
-4.9320961e-06,-0.00000e+00,
-4.9220962e-06,-0.00000e+00,
-4.9120963e-06,-0.00000e+00,
-4.9020964e-06,-0.00000e+00,
-4.8920965e-06,-0.00000e+00,
-4.8820966e-06,2.00001e-01,
-4.8720967e-06,-0.00000e+00,
-4.8620968e-06,-0.00000e+00,
-4.8520969e-06,-0.00000e+00,
-4.8420970e-06,-0.00000e+00,
-4.8320971e-06,2.00001e-01,
-4.8220973e-06,-0.00000e+00,
-4.8120974e-06,2.00001e-01,
-4.8020975e-06,-0.00000e+00,
-4.7920976e-06,-0.00000e+00,
-4.7820977e-06,2.00001e-01,
-4.7720978e-06,2.00001e-01,
-4.7620979e-06,-0.00000e+00,
-4.7520980e-06,-0.00000e+00,
-4.7420981e-06,-0.00000e+00,
-4.7320982e-06,2.00001e-01,
-4.7220983e-06,-0.00000e+00,
-4.7120984e-06,-0.00000e+00,
-4.7020985e-06,-0.00000e+00,
-4.6920986e-06,-0.00000e+00,
-4.6820987e-06,2.00001e-01,
-4.6720988e-06,-0.00000e+00,
-4.6620989e-06,2.00001e-01,
-4.6520991e-06,-0.00000e+00,
-4.6420992e-06,-0.00000e+00,
-4.6320993e-06,2.00001e-01,
-4.6220994e-06,2.00001e-01,
-4.6120995e-06,-0.00000e+00,
-4.6020996e-06,-0.00000e+00,
-4.5920997e-06,-0.00000e+00,
-4.5820998e-06,2.00001e-01,
-4.5720999e-06,-0.00000e+00,
-4.5621000e-06,2.00001e-01,
-4.5521001e-06,2.00001e-01,
-4.5421002e-06,-0.00000e+00,
-4.5321003e-06,2.00001e-01,
-4.5221004e-06,-0.00000e+00,
-4.5121005e-06,-0.00000e+00,
-4.5021006e-06,2.00001e-01,
-4.4921007e-06,-0.00000e+00,
-4.4821008e-06,2.00001e-01,
-4.4721010e-06,-0.00000e+00,
-4.4621011e-06,2.00001e-01,
-4.4521012e-06,2.00001e-01,
-4.4421013e-06,2.00001e-01,
-4.4321014e-06,2.00001e-01,
-4.4221015e-06,-0.00000e+00,
-4.4121016e-06,-0.00000e+00,
-4.4021017e-06,2.00001e-01,
-4.3921018e-06,2.00001e-01,
-4.3821019e-06,-0.00000e+00,
-4.3721020e-06,2.00001e-01,
-4.3621021e-06,-0.00000e+00,
-4.3521022e-06,-0.00000e+00,
-4.3421023e-06,2.00001e-01,
-4.3321024e-06,2.00001e-01,
-4.3221025e-06,-0.00000e+00,
-4.3121026e-06,2.00001e-01,
-4.3021028e-06,-0.00000e+00,
-4.2921029e-06,2.00001e-01,
-4.2821030e-06,2.00001e-01,
-4.2721031e-06,-0.00000e+00,
-4.2621032e-06,2.00001e-01,
-4.2521033e-06,-0.00000e+00,
-4.2421034e-06,-0.00000e+00,
-4.2321035e-06,-0.00000e+00,
-4.2221036e-06,2.00001e-01,
-4.2121037e-06,-0.00000e+00,
-4.2021038e-06,2.00001e-01,
-4.1921039e-06,-0.00000e+00,
-4.1821040e-06,2.00001e-01,
-4.1721041e-06,-0.00000e+00,
-4.1621042e-06,2.00001e-01,
-4.1521043e-06,2.00001e-01,
-4.1421044e-06,2.00001e-01,
-4.1321046e-06,-0.00000e+00,
-4.1221047e-06,2.00001e-01,
-4.1121048e-06,-0.00000e+00,
-4.1021049e-06,-0.00000e+00,
-4.0921050e-06,-0.00000e+00,
-4.0821051e-06,2.00001e-01,
-4.0721052e-06,2.00001e-01,
-4.0621053e-06,-0.00000e+00,
-4.0521054e-06,-0.00000e+00,
-4.0421055e-06,2.00001e-01,
-4.0321056e-06,2.00001e-01,
-4.0221057e-06,-0.00000e+00,
-4.0121058e-06,-0.00000e+00,
-4.0021059e-06,-0.00000e+00,
-3.9921060e-06,2.00001e-01,
-3.9821061e-06,-0.00000e+00,
-3.9721062e-06,-0.00000e+00,
-3.9621063e-06,-0.00000e+00,
-3.9521065e-06,-0.00000e+00,
-3.9421066e-06,-0.00000e+00,
-3.9321067e-06,2.00001e-01,
-3.9221068e-06,-0.00000e+00,
-3.9121069e-06,-0.00000e+00,
-3.9021070e-06,-0.00000e+00,
-3.8921071e-06,2.00001e-01,
-3.8821072e-06,2.00001e-01,
-3.8721073e-06,2.00001e-01,
-3.8621074e-06,-0.00000e+00,
-3.8521075e-06,-0.00000e+00,
-3.8421076e-06,2.00001e-01,
-3.8321077e-06,-0.00000e+00,
-3.8221078e-06,2.00001e-01,
-3.8121079e-06,-0.00000e+00,
-3.8021080e-06,-0.00000e+00,
-3.7921081e-06,2.00001e-01,
-3.7821083e-06,2.00001e-01,
-3.7721084e-06,2.00001e-01,
-3.7621085e-06,-0.00000e+00,
-3.7521086e-06,-0.00000e+00,
-3.7421087e-06,2.00001e-01,
-3.7321088e-06,-0.00000e+00,
-3.7221089e-06,2.00001e-01,
-3.7121090e-06,-0.00000e+00,
-3.7021091e-06,-0.00000e+00,
-3.6921092e-06,-0.00000e+00,
-3.6821093e-06,-0.00000e+00,
-3.6721094e-06,2.00001e-01,
-3.6621095e-06,-0.00000e+00,
-3.6521096e-06,-0.00000e+00,
-3.6421097e-06,2.00001e-01,
-3.6321098e-06,-0.00000e+00,
-3.6221099e-06,-0.00000e+00,
-3.6121100e-06,-0.00000e+00,
-3.6021102e-06,-0.00000e+00,
-3.5921103e-06,2.00001e-01,
-3.5821104e-06,2.00001e-01,
-3.5721105e-06,2.00001e-01,
-3.5621106e-06,-0.00000e+00,
-3.5521107e-06,-0.00000e+00,
-3.5421108e-06,2.00001e-01,
-3.5321109e-06,-0.00000e+00,
-3.5221110e-06,-0.00000e+00,
-3.5121111e-06,-0.00000e+00,
-3.5021112e-06,-0.00000e+00,
-3.4921113e-06,-0.00000e+00,
-3.4821114e-06,-0.00000e+00,
-3.4721115e-06,-0.00000e+00,
-3.4621116e-06,-0.00000e+00,
-3.4521117e-06,-0.00000e+00,
-3.4421118e-06,2.00001e-01,
-3.4321120e-06,-0.00000e+00,
-3.4221121e-06,-0.00000e+00,
-3.4121122e-06,-0.00000e+00,
-3.4021123e-06,-0.00000e+00,
-3.3921124e-06,-0.00000e+00,
-3.3821125e-06,-0.00000e+00,
-3.3721126e-06,-0.00000e+00,
-3.3621127e-06,-0.00000e+00,
-3.3521128e-06,-0.00000e+00,
-3.3421129e-06,-0.00000e+00,
-3.3321130e-06,-0.00000e+00,
-3.3221131e-06,-0.00000e+00,
-3.3121132e-06,-0.00000e+00,
-3.3021133e-06,2.00001e-01,
-3.2921134e-06,-0.00000e+00,
-3.2821135e-06,-0.00000e+00,
-3.2721136e-06,-0.00000e+00,
-3.2621138e-06,-0.00000e+00,
-3.2521139e-06,2.00001e-01,
-3.2421140e-06,-0.00000e+00,
-3.2321141e-06,2.00001e-01,
-3.2221142e-06,-0.00000e+00,
-3.2121143e-06,-0.00000e+00,
-3.2021144e-06,2.00001e-01,
-3.1921145e-06,2.00001e-01,
-3.1821146e-06,2.00001e-01,
-3.1721147e-06,2.00001e-01,
-3.1621148e-06,2.00001e-01,
-3.1521149e-06,-0.00000e+00,
-3.1421150e-06,-0.00000e+00,
-3.1321151e-06,-0.00000e+00,
-3.1221152e-06,-0.00000e+00,
-3.1121153e-06,-0.00000e+00,
-3.1021154e-06,-0.00000e+00,
-3.0921155e-06,-0.00000e+00,
-3.0821157e-06,-0.00000e+00,
-3.0721158e-06,-0.00000e+00,
-3.0621159e-06,-0.00000e+00,
-3.0521160e-06,-0.00000e+00,
-3.0421161e-06,-0.00000e+00,
-3.0321162e-06,-0.00000e+00,
-3.0221163e-06,-0.00000e+00,
-3.0121164e-06,-0.00000e+00,
-3.0021165e-06,-0.00000e+00,
-2.9921166e-06,2.00001e-01,
-2.9821167e-06,-0.00000e+00,
-2.9721168e-06,-0.00000e+00,
-2.9621169e-06,-0.00000e+00,
-2.9521170e-06,-0.00000e+00,
-2.9421171e-06,2.00001e-01,
-2.9321172e-06,-0.00000e+00,
-2.9221173e-06,-0.00000e+00,
-2.9121175e-06,-0.00000e+00,
-2.9021176e-06,2.00001e-01,
-2.8921177e-06,2.00001e-01,
-2.8821178e-06,2.00001e-01,
-2.8721179e-06,-0.00000e+00,
-2.8621180e-06,-0.00000e+00,
-2.8521181e-06,2.00001e-01,
-2.8421182e-06,-0.00000e+00,
-2.8321183e-06,-0.00000e+00,
-2.8221184e-06,-0.00000e+00,
-2.8121185e-06,-0.00000e+00,
-2.8021186e-06,2.00001e-01,
-2.7921187e-06,-0.00000e+00,
-2.7821188e-06,2.00001e-01,
-2.7721189e-06,-0.00000e+00,
-2.7621190e-06,-0.00000e+00,
-2.7521191e-06,2.00001e-01,
-2.7421192e-06,2.00001e-01,
-2.7321194e-06,-0.00000e+00,
-2.7221195e-06,2.00001e-01,
-2.7121196e-06,-0.00000e+00,
-2.7021197e-06,2.00001e-01,
-2.6921198e-06,-0.00000e+00,
-2.6821199e-06,-0.00000e+00,
-2.6721200e-06,2.00001e-01,
-2.6621201e-06,-0.00000e+00,
-2.6521202e-06,-0.00000e+00,
-2.6421203e-06,2.00001e-01,
-2.6321204e-06,-0.00000e+00,
-2.6221205e-06,-0.00000e+00,
-2.6121206e-06,2.00001e-01,
-2.6021207e-06,-0.00000e+00,
-2.5921208e-06,2.00001e-01,
-2.5821209e-06,-0.00000e+00,
-2.5721210e-06,2.00001e-01,
-2.5621212e-06,-0.00000e+00,
-2.5521213e-06,2.00001e-01,
-2.5421214e-06,-0.00000e+00,
-2.5321215e-06,-0.00000e+00,
-2.5221216e-06,2.00001e-01,
-2.5121217e-06,2.00001e-01,
-2.5021218e-06,-0.00000e+00,
-2.4921219e-06,2.00001e-01,
-2.4821220e-06,-0.00000e+00,
-2.4721221e-06,2.00001e-01,
-2.4621222e-06,2.00001e-01,
-2.4521223e-06,-0.00000e+00,
-2.4421224e-06,-0.00000e+00,
-2.4321225e-06,-0.00000e+00,
-2.4221226e-06,2.00001e-01,
-2.4121227e-06,-0.00000e+00,
-2.4021228e-06,2.00001e-01,
-2.3921230e-06,-0.00000e+00,
-2.3821231e-06,2.00001e-01,
-2.3721232e-06,-0.00000e+00,
-2.3621233e-06,-0.00000e+00,
-2.3521234e-06,-0.00000e+00,
-2.3421235e-06,-0.00000e+00,
-2.3321236e-06,-0.00000e+00,
-2.3221237e-06,2.00001e-01,
-2.3121238e-06,2.00001e-01,
-2.3021239e-06,2.00001e-01,
-2.2921240e-06,-0.00000e+00,
-2.2821241e-06,2.00001e-01,
-2.2721242e-06,2.00001e-01,
-2.2621243e-06,-0.00000e+00,
-2.2521244e-06,2.00001e-01,
-2.2421245e-06,-0.00000e+00,
-2.2321246e-06,-0.00000e+00,
-2.2221247e-06,-0.00000e+00,
-2.2121249e-06,2.00001e-01,
-2.2021250e-06,2.00001e-01,
-2.1921251e-06,-0.00000e+00,
-2.1821252e-06,-0.00000e+00,
-2.1721253e-06,-0.00000e+00,
-2.1621254e-06,2.00001e-01,
-2.1521255e-06,-0.00000e+00,
-2.1421256e-06,-0.00000e+00,
-2.1321257e-06,-0.00000e+00,
-2.1221258e-06,-0.00000e+00,
-2.1121259e-06,2.00001e-01,
-2.1021260e-06,-0.00000e+00,
-2.0921261e-06,2.00001e-01,
-2.0821262e-06,-0.00000e+00,
-2.0721263e-06,-0.00000e+00,
-2.0621264e-06,2.00001e-01,
-2.0521265e-06,2.00001e-01,
-2.0421267e-06,2.00001e-01,
-2.0321268e-06,2.00001e-01,
-2.0221269e-06,-0.00000e+00,
-2.0121270e-06,-0.00000e+00,
-2.0021271e-06,-0.00000e+00,
-1.9921272e-06,-0.00000e+00,
-1.9821273e-06,-0.00000e+00,
-1.9721274e-06,2.00001e-01,
-1.9621275e-06,-0.00000e+00,
-1.9521276e-06,-0.00000e+00,
-1.9421277e-06,2.00001e-01,
-1.9321278e-06,2.00001e-01,
-1.9221279e-06,2.00001e-01,
-1.9121280e-06,-0.00000e+00,
-1.9021280e-06,-0.00000e+00,
-1.8921280e-06,-0.00000e+00,
-1.8821280e-06,-0.00000e+00,
-1.8721280e-06,2.00001e-01,
-1.8621280e-06,2.00001e-01,
-1.8521280e-06,-0.00000e+00,
-1.8421280e-06,-0.00000e+00,
-1.8321280e-06,-0.00000e+00,
-1.8221280e-06,-0.00000e+00,
-1.8121279e-06,-0.00000e+00,
-1.8021279e-06,-0.00000e+00,
-1.7921279e-06,-0.00000e+00,
-1.7821279e-06,2.00001e-01,
-1.7721279e-06,-0.00000e+00,
-1.7621279e-06,2.00001e-01,
-1.7521279e-06,-0.00000e+00,
-1.7421279e-06,2.00001e-01,
-1.7321279e-06,-0.00000e+00,
-1.7221279e-06,2.00001e-01,
-1.7121279e-06,-0.00000e+00,
-1.7021279e-06,2.00001e-01,
-1.6921279e-06,2.00001e-01,
-1.6821278e-06,-0.00000e+00,
-1.6721278e-06,-0.00000e+00,
-1.6621278e-06,-0.00000e+00,
-1.6521278e-06,2.00001e-01,
-1.6421278e-06,2.00001e-01,
-1.6321278e-06,-0.00000e+00,
-1.6221278e-06,-0.00000e+00,
-1.6121278e-06,-0.00000e+00,
-1.6021278e-06,2.00001e-01,
-1.5921278e-06,-0.00000e+00,
-1.5821278e-06,2.00001e-01,
-1.5721278e-06,-0.00000e+00,
-1.5621277e-06,-0.00000e+00,
-1.5521277e-06,2.00001e-01,
-1.5421277e-06,2.00001e-01,
-1.5321277e-06,-0.00000e+00,
-1.5221277e-06,2.00001e-01,
-1.5121277e-06,-0.00000e+00,
-1.5021277e-06,2.00001e-01,
-1.4921277e-06,2.00001e-01,
-1.4821277e-06,2.00001e-01,
-1.4721277e-06,-0.00000e+00,
-1.4621277e-06,2.00001e-01,
-1.4521277e-06,-0.00000e+00,
-1.4421277e-06,-0.00000e+00,
-1.4321276e-06,2.00001e-01,
-1.4221276e-06,2.00001e-01,
-1.4121276e-06,2.00001e-01,
-1.4021276e-06,2.00001e-01,
-1.3921276e-06,-0.00000e+00,
-1.3821276e-06,-0.00000e+00,
-1.3721276e-06,-0.00000e+00,
-1.3621276e-06,-0.00000e+00,
-1.3521276e-06,-0.00000e+00,
-1.3421276e-06,2.00001e-01,
-1.3321276e-06,2.00001e-01,
-1.3221276e-06,-0.00000e+00,
-1.3121276e-06,-0.00000e+00,
-1.3021275e-06,-0.00000e+00,
-1.2921275e-06,-0.00000e+00,
-1.2821275e-06,-0.00000e+00,
-1.2721275e-06,-0.00000e+00,
-1.2621275e-06,-0.00000e+00,
-1.2521275e-06,-0.00000e+00,
-1.2421275e-06,-0.00000e+00,
-1.2321275e-06,-0.00000e+00,
-1.2221275e-06,-0.00000e+00,
-1.2121275e-06,-0.00000e+00,
-1.2021275e-06,-0.00000e+00,
-1.1921275e-06,-0.00000e+00,
-1.1821274e-06,-0.00000e+00,
-1.1721274e-06,2.00001e-01,
-1.1621274e-06,-0.00000e+00,
-1.1521274e-06,-0.00000e+00,
-1.1421274e-06,2.00001e-01,
-1.1321274e-06,-0.00000e+00,
-1.1221274e-06,2.00001e-01,
-1.1121274e-06,2.00001e-01,
-1.1021274e-06,-0.00000e+00,
-1.0921274e-06,2.00001e-01,
-1.0821274e-06,-0.00000e+00,
-1.0721274e-06,-0.00000e+00,
-1.0621274e-06,-0.00000e+00,
-1.0521273e-06,-0.00000e+00,
-1.0421273e-06,-0.00000e+00,
-1.0321273e-06,-0.00000e+00,
-1.0221273e-06,-0.00000e+00,
-1.0121273e-06,-0.00000e+00,
-1.0021273e-06,-0.00000e+00,
-9.9212730e-07,-0.00000e+00,
-9.8212729e-07,-0.00000e+00,
-9.7212728e-07,2.00001e-01,
-9.6212727e-07,-0.00000e+00,
-9.5212727e-07,-0.00000e+00,
-9.4212726e-07,-0.00000e+00,
-9.3212725e-07,-0.00000e+00,
-9.2212724e-07,-0.00000e+00,
-9.1212723e-07,-0.00000e+00,
-9.0212723e-07,-0.00000e+00,
-8.9212722e-07,2.00001e-01,
-8.8212721e-07,-0.00000e+00,
-8.7212720e-07,-0.00000e+00,
-8.6212719e-07,-0.00000e+00,
-8.5212719e-07,2.00001e-01,
-8.4212718e-07,-0.00000e+00,
-8.3212717e-07,-0.00000e+00,
-8.2212716e-07,-0.00000e+00,
-8.1212715e-07,2.00001e-01,
-8.0212715e-07,-0.00000e+00,
-7.9212714e-07,2.00001e-01,
-7.8212713e-07,-0.00000e+00,
-7.7212712e-07,2.00001e-01,
-7.6212712e-07,-0.00000e+00,
-7.5212711e-07,2.00001e-01,
-7.4212710e-07,2.00001e-01,
-7.3212709e-07,-0.00000e+00,
-7.2212708e-07,-0.00000e+00,
-7.1212708e-07,-0.00000e+00,
-7.0212707e-07,2.00001e-01,
-6.9212706e-07,-0.00000e+00,
-6.8212705e-07,-0.00000e+00,
-6.7212704e-07,-0.00000e+00,
-6.6212704e-07,-0.00000e+00,
-6.5212703e-07,-0.00000e+00,
-6.4212702e-07,-0.00000e+00,
-6.3212701e-07,-0.00000e+00,
-6.2212700e-07,-0.00000e+00,
-6.1212700e-07,-0.00000e+00,
-6.0212699e-07,-0.00000e+00,
-5.9212698e-07,-0.00000e+00,
-5.8212697e-07,-0.00000e+00,
-5.7212696e-07,2.00001e-01,
-5.6212696e-07,-0.00000e+00,
-5.5212695e-07,-0.00000e+00,
-5.4212694e-07,2.00001e-01,
-5.3212693e-07,-0.00000e+00,
-5.2212692e-07,2.00001e-01,
-5.1212692e-07,-0.00000e+00,
-5.0212691e-07,-0.00000e+00,
-4.9212690e-07,2.00001e-01,
-4.8212689e-07,-0.00000e+00,
-4.7212689e-07,-0.00000e+00,
-4.6212688e-07,2.00001e-01,
-4.5212687e-07,-0.00000e+00,
-4.4212686e-07,2.00001e-01,
-4.3212685e-07,2.00001e-01,
-4.2212685e-07,-0.00000e+00,
-4.1212684e-07,2.00001e-01,
-4.0212683e-07,2.00001e-01,
-3.9212682e-07,2.00001e-01,
-3.8212681e-07,-0.00000e+00,
-3.7212681e-07,2.00001e-01,
-3.6212680e-07,-0.00000e+00,
-3.5212679e-07,-0.00000e+00,
-3.4212678e-07,-0.00000e+00,
-3.3212677e-07,-0.00000e+00,
-3.2212677e-07,-0.00000e+00,
-3.1212676e-07,-0.00000e+00,
-3.0212675e-07,-0.00000e+00,
-2.9212674e-07,-0.00000e+00,
-2.8212673e-07,-0.00000e+00,
-2.7212673e-07,-0.00000e+00,
-2.6212672e-07,-0.00000e+00,
-2.5212671e-07,-0.00000e+00,
-2.4212670e-07,-0.00000e+00,
-2.3212671e-07,-0.00000e+00,
-2.2212672e-07,-0.00000e+00,
-2.1212672e-07,-0.00000e+00,
-2.0212673e-07,-0.00000e+00,
-1.9212673e-07,-0.00000e+00,
-1.8212674e-07,2.00001e-01,
-1.7212675e-07,-0.00000e+00,
-1.6212675e-07,-0.00000e+00,
-1.5212676e-07,-0.00000e+00,
-1.4212677e-07,-0.00000e+00,
-1.3212677e-07,2.00001e-01,
-1.2212678e-07,2.00001e-01,
-1.1212678e-07,-0.00000e+00,
-1.0212678e-07,-0.00000e+00,
-9.2126776e-08,-0.00000e+00,
-8.2126775e-08,2.00001e-01,
-7.2126774e-08,2.00001e-01,
-6.2126773e-08,2.00001e-01,
-5.2126772e-08,2.00001e-01,
-4.2126771e-08,-0.00000e+00,
-3.2126771e-08,2.00001e-01,
-2.2126770e-08,-0.00000e+00,
-1.2126770e-08,-0.00000e+00,
-2.1267699e-09,-0.00000e+00,
7.8732301e-09,2.00001e-01,
1.7873230e-08,-0.00000e+00,
2.7873231e-08,-0.00000e+00,
3.7873232e-08,-0.00000e+00,
4.7873232e-08,-0.00000e+00,
5.7873233e-08,2.00001e-01,
6.7873231e-08,-0.00000e+00,
7.7873231e-08,-0.00000e+00,
8.7873232e-08,-0.00000e+00,
9.7873233e-08,-0.00000e+00,
1.0787323e-07,-0.00000e+00,
1.1787323e-07,-0.00000e+00,
1.2787324e-07,-0.00000e+00,
1.3787323e-07,-0.00000e+00,
1.4787322e-07,-0.00000e+00,
1.5787322e-07,-0.00000e+00,
1.6787321e-07,-0.00000e+00,
1.7787320e-07,-0.00000e+00,
1.8787320e-07,-0.00000e+00,
1.9787319e-07,-0.00000e+00,
2.0787319e-07,2.00001e-01,
2.1787318e-07,-0.00000e+00,
2.2787317e-07,-0.00000e+00,
2.3787317e-07,-0.00000e+00,
2.4787317e-07,2.00001e-01,
2.5787318e-07,-0.00000e+00,
2.6787319e-07,-0.00000e+00,
2.7787320e-07,2.00001e-01,
2.8787321e-07,-0.00000e+00,
2.9787321e-07,2.00001e-01,
3.0787322e-07,-0.00000e+00,
3.1787323e-07,-0.00000e+00,
3.2787324e-07,2.00001e-01,
3.3787325e-07,-0.00000e+00,
3.4787325e-07,-0.00000e+00,
3.5787326e-07,-0.00000e+00,
3.6787327e-07,-0.00000e+00,
3.7787328e-07,2.00001e-01,
3.8787329e-07,-0.00000e+00,
3.9787329e-07,-0.00000e+00,
4.0787330e-07,-0.00000e+00,
4.1787331e-07,2.00001e-01,
4.2787332e-07,2.00001e-01,
4.3787333e-07,2.00001e-01,
4.4787333e-07,-0.00000e+00,
4.5787334e-07,-0.00000e+00,
4.6787335e-07,2.00001e-01,
4.7787336e-07,-0.00000e+00,
4.8787336e-07,-0.00000e+00,
4.9787337e-07,-0.00000e+00,
5.0787338e-07,-0.00000e+00,
5.1787339e-07,-0.00000e+00,
5.2787340e-07,-0.00000e+00,
5.3787340e-07,-0.00000e+00,
5.4787341e-07,-0.00000e+00,
5.5787342e-07,-0.00000e+00,
5.6787343e-07,2.00001e-01,
5.7787344e-07,-0.00000e+00,
5.8787344e-07,-0.00000e+00,
5.9787345e-07,-0.00000e+00,
6.0787346e-07,-0.00000e+00,
6.1787347e-07,-0.00000e+00,
6.2787348e-07,-0.00000e+00,
6.3787348e-07,-0.00000e+00,
6.4787349e-07,2.00001e-01,
6.5787350e-07,-0.00000e+00,
6.6787351e-07,-0.00000e+00,
6.7787352e-07,-0.00000e+00,
6.8787352e-07,-0.00000e+00,
6.9787353e-07,2.00001e-01,
7.0787354e-07,-0.00000e+00,
7.1787355e-07,-0.00000e+00,
7.2787356e-07,2.00001e-01,
7.3787356e-07,-0.00000e+00,
7.4787357e-07,-0.00000e+00,
7.5787358e-07,-0.00000e+00,
7.6787359e-07,2.00001e-01,
7.7787359e-07,2.00001e-01,
7.8787360e-07,2.00001e-01,
7.9787361e-07,-0.00000e+00,
8.0787362e-07,-0.00000e+00,
8.1787363e-07,2.00001e-01,
8.2787363e-07,-0.00000e+00,
8.3787364e-07,2.00001e-01,
8.4787365e-07,-0.00000e+00,
8.5787366e-07,2.00001e-01,
8.6787367e-07,-0.00000e+00,
8.7787367e-07,2.00001e-01,
8.8787368e-07,-0.00000e+00,
8.9787369e-07,-0.00000e+00,
9.0787370e-07,2.00001e-01,
9.1787371e-07,-0.00000e+00,
9.2787371e-07,-0.00000e+00,
9.3787372e-07,2.00001e-01,
9.4787373e-07,2.00001e-01,
9.5787368e-07,2.00001e-01,
9.6787369e-07,-0.00000e+00,
9.7787370e-07,2.00001e-01,
9.8787370e-07,2.00001e-01,
9.9787371e-07,-0.00000e+00,
1.0078737e-06,-0.00000e+00,
1.0178737e-06,-0.00000e+00,
1.0278737e-06,-0.00000e+00,
1.0378737e-06,-0.00000e+00,
1.0478738e-06,-0.00000e+00,
1.0578738e-06,-0.00000e+00,
1.0678738e-06,-0.00000e+00,
1.0778738e-06,-0.00000e+00,
1.0878738e-06,-0.00000e+00,
1.0978738e-06,2.00001e-01,
1.1078738e-06,-0.00000e+00,
1.1178738e-06,-0.00000e+00,
1.1278738e-06,-0.00000e+00,
1.1378738e-06,-0.00000e+00,
1.1478738e-06,2.00001e-01,
1.1578738e-06,-0.00000e+00,
1.1678738e-06,-0.00000e+00,
1.1778739e-06,2.00001e-01,
1.1878739e-06,-0.00000e+00,
1.1978739e-06,-0.00000e+00,
1.2078739e-06,-0.00000e+00,
1.2178739e-06,2.00001e-01,
1.2278739e-06,2.00001e-01,
1.2378739e-06,-0.00000e+00,
1.2478739e-06,-0.00000e+00,
1.2578739e-06,-0.00000e+00,
1.2678739e-06,2.00001e-01,
1.2778739e-06,2.00001e-01,
1.2878739e-06,2.00001e-01,
1.2978740e-06,-0.00000e+00,
1.3078740e-06,2.00001e-01,
1.3178740e-06,-0.00000e+00,
1.3278740e-06,-0.00000e+00,
1.3378740e-06,-0.00000e+00,
1.3478740e-06,2.00001e-01,
1.3578740e-06,2.00001e-01,
1.3678740e-06,2.00001e-01,
1.3778740e-06,-0.00000e+00,
1.3878740e-06,2.00001e-01,
1.3978740e-06,2.00001e-01,
1.4078740e-06,2.00001e-01,
1.4178740e-06,-0.00000e+00,
1.4278741e-06,2.00001e-01,
1.4378741e-06,-0.00000e+00,
1.4478741e-06,-0.00000e+00,
1.4578741e-06,2.00001e-01,
1.4678741e-06,-0.00000e+00,
1.4778741e-06,-0.00000e+00,
1.4878741e-06,2.00001e-01,
1.4978741e-06,-0.00000e+00,
1.5078741e-06,-0.00000e+00,
1.5178741e-06,2.00001e-01,
1.5278741e-06,-0.00000e+00,
1.5378741e-06,2.00001e-01,
1.5478741e-06,-0.00000e+00,
1.5578742e-06,-0.00000e+00,
1.5678742e-06,2.00001e-01,
1.5778742e-06,-0.00000e+00,
1.5878742e-06,2.00001e-01,
1.5978742e-06,-0.00000e+00,
1.6078742e-06,2.00001e-01,
1.6178742e-06,2.00001e-01,
1.6278742e-06,-0.00000e+00,
1.6378742e-06,2.00001e-01,
1.6478742e-06,-0.00000e+00,
1.6578742e-06,-0.00000e+00,
1.6678742e-06,-0.00000e+00,
1.6778743e-06,2.00001e-01,
1.6878743e-06,-0.00000e+00,
1.6978743e-06,2.00001e-01,
1.7078743e-06,-0.00000e+00,
1.7178743e-06,-0.00000e+00,
1.7278743e-06,2.00001e-01,
1.7378743e-06,2.00001e-01,
1.7478743e-06,2.00001e-01,
1.7578743e-06,-0.00000e+00,
1.7678743e-06,-0.00000e+00,
1.7778743e-06,2.00001e-01,
1.7878743e-06,-0.00000e+00,
1.7978743e-06,-0.00000e+00,
1.8078744e-06,2.00001e-01,
1.8178744e-06,-0.00000e+00,
1.8278744e-06,2.00001e-01,
1.8378744e-06,-0.00000e+00,
1.8478744e-06,-0.00000e+00,
1.8578744e-06,-0.00000e+00,
1.8678744e-06,-0.00000e+00,
1.8778744e-06,2.00001e-01,
1.8878744e-06,2.00001e-01,
1.8978744e-06,-0.00000e+00,
1.9078743e-06,-0.00000e+00,
1.9178742e-06,-0.00000e+00,
1.9278741e-06,2.00001e-01,
1.9378740e-06,2.00001e-01,
1.9478739e-06,2.00001e-01,
1.9578738e-06,-0.00000e+00,
1.9678737e-06,-0.00000e+00,
1.9778736e-06,-0.00000e+00,
1.9878735e-06,-0.00000e+00,
1.9978734e-06,2.00001e-01,
2.0078733e-06,-0.00000e+00,
2.0178732e-06,2.00001e-01,
2.0278731e-06,-0.00000e+00,
2.0378729e-06,-0.00000e+00,
2.0478728e-06,-0.00000e+00,
2.0578727e-06,2.00001e-01,
2.0678726e-06,2.00001e-01,
2.0778725e-06,-0.00000e+00,
2.0878724e-06,2.00001e-01,
2.0978723e-06,-0.00000e+00,
2.1078722e-06,2.00001e-01,
2.1178721e-06,-0.00000e+00,
2.1278720e-06,-0.00000e+00,
2.1378719e-06,2.00001e-01,
2.1478718e-06,2.00001e-01,
2.1578717e-06,2.00001e-01,
2.1678716e-06,2.00001e-01,
2.1778715e-06,-0.00000e+00,
2.1878714e-06,2.00001e-01,
2.1978713e-06,-0.00000e+00,
2.2078711e-06,-0.00000e+00,
2.2178710e-06,-0.00000e+00,
2.2278709e-06,-0.00000e+00,
2.2378708e-06,-0.00000e+00,
2.2478707e-06,-0.00000e+00,
2.2578706e-06,2.00001e-01,
2.2678705e-06,-0.00000e+00,
2.2778704e-06,-0.00000e+00,
2.2878703e-06,-0.00000e+00,
2.2978702e-06,-0.00000e+00,
2.3078701e-06,2.00001e-01,
2.3178700e-06,-0.00000e+00,
2.3278699e-06,-0.00000e+00,
2.3378698e-06,2.00001e-01,
2.3478697e-06,-0.00000e+00,
2.3578696e-06,-0.00000e+00,
2.3678695e-06,-0.00000e+00,
2.3778694e-06,-0.00000e+00,
2.3878692e-06,-0.00000e+00,
2.3978691e-06,2.00001e-01,
2.4078690e-06,-0.00000e+00,
2.4178689e-06,2.00001e-01,
2.4278688e-06,-0.00000e+00,
2.4378687e-06,-0.00000e+00,
2.4478686e-06,2.00001e-01,
2.4578685e-06,-0.00000e+00,
2.4678684e-06,2.00001e-01,
2.4778683e-06,-0.00000e+00,
2.4878682e-06,-0.00000e+00,
2.4978681e-06,2.00001e-01,
2.5078680e-06,-0.00000e+00,
2.5178679e-06,2.00001e-01,
2.5278678e-06,-0.00000e+00,
2.5378677e-06,2.00001e-01,
2.5478676e-06,-0.00000e+00,
2.5578674e-06,2.00001e-01,
2.5678673e-06,2.00001e-01,
2.5778672e-06,-0.00000e+00,
2.5878671e-06,-0.00000e+00,
2.5978670e-06,2.00001e-01,
2.6078669e-06,2.00001e-01,
2.6178668e-06,-0.00000e+00,
2.6278667e-06,2.00001e-01,
2.6378666e-06,-0.00000e+00,
2.6478665e-06,-0.00000e+00,
2.6578664e-06,-0.00000e+00,
2.6678663e-06,2.00001e-01,
2.6778662e-06,2.00001e-01,
2.6878661e-06,-0.00000e+00,
2.6978660e-06,-0.00000e+00,
2.7078659e-06,-0.00000e+00,
2.7178658e-06,2.00001e-01,
2.7278656e-06,-0.00000e+00,
2.7378655e-06,-0.00000e+00,
2.7478654e-06,-0.00000e+00,
2.7578653e-06,-0.00000e+00,
2.7678652e-06,2.00001e-01,
2.7778651e-06,2.00001e-01,
2.7878650e-06,-0.00000e+00,
2.7978649e-06,-0.00000e+00,
2.8078648e-06,-0.00000e+00,
2.8178647e-06,-0.00000e+00,
2.8278646e-06,-0.00000e+00,
2.8378645e-06,-0.00000e+00,
2.8478644e-06,-0.00000e+00,
2.8578643e-06,-0.00000e+00,
2.8678642e-06,-0.00000e+00,
2.8778641e-06,-0.00000e+00,
2.8878640e-06,-0.00000e+00,
2.8978639e-06,-0.00000e+00,
2.9078637e-06,-0.00000e+00,
2.9178636e-06,-0.00000e+00,
2.9278635e-06,-0.00000e+00,
2.9378634e-06,-0.00000e+00,
2.9478633e-06,2.00001e-01,
2.9578632e-06,-0.00000e+00,
2.9678631e-06,-0.00000e+00,
2.9778630e-06,-0.00000e+00,
2.9878629e-06,-0.00000e+00,
2.9978628e-06,2.00001e-01,
3.0078627e-06,-0.00000e+00,
3.0178626e-06,2.00001e-01,
3.0278625e-06,-0.00000e+00,
3.0378624e-06,-0.00000e+00,
3.0478623e-06,2.00001e-01,
3.0578622e-06,-0.00000e+00,
3.0678621e-06,-0.00000e+00,
3.0778619e-06,2.00001e-01,
3.0878618e-06,-0.00000e+00,
3.0978617e-06,2.00001e-01,
3.1078616e-06,2.00001e-01,
3.1178615e-06,-0.00000e+00,
3.1278614e-06,-0.00000e+00,
3.1378613e-06,2.00001e-01,
3.1478612e-06,2.00001e-01,
3.1578611e-06,-0.00000e+00,
3.1678610e-06,-0.00000e+00,
3.1778609e-06,-0.00000e+00,
3.1878608e-06,2.00001e-01,
3.1978607e-06,2.00001e-01,
3.2078606e-06,2.00001e-01,
3.2178605e-06,-0.00000e+00,
3.2278604e-06,-0.00000e+00,
3.2378603e-06,2.00001e-01,
3.2478601e-06,-0.00000e+00,
3.2578600e-06,-0.00000e+00,
3.2678599e-06,2.00001e-01,
3.2778598e-06,-0.00000e+00,
3.2878597e-06,2.00001e-01,
3.2978596e-06,-0.00000e+00,
3.3078595e-06,-0.00000e+00,
3.3178594e-06,-0.00000e+00,
3.3278593e-06,-0.00000e+00,
3.3378592e-06,-0.00000e+00,
3.3478591e-06,-0.00000e+00,
3.3578590e-06,2.00001e-01,
3.3678589e-06,-0.00000e+00,
3.3778588e-06,-0.00000e+00,
3.3878587e-06,-0.00000e+00,
3.3978586e-06,-0.00000e+00,
3.4078585e-06,-0.00000e+00,
3.4178584e-06,-0.00000e+00,
3.4278582e-06,-0.00000e+00,
3.4378581e-06,2.00001e-01,
3.4478580e-06,-0.00000e+00,
3.4578579e-06,2.00001e-01,
3.4678578e-06,-0.00000e+00,
3.4778577e-06,2.00001e-01,
3.4878576e-06,2.00001e-01,
3.4978575e-06,2.00001e-01,
3.5078574e-06,2.00001e-01,
3.5178573e-06,-0.00000e+00,
3.5278572e-06,-0.00000e+00,
3.5378571e-06,-0.00000e+00,
3.5478570e-06,-0.00000e+00,
3.5578569e-06,-0.00000e+00,
3.5678568e-06,-0.00000e+00,
3.5778567e-06,-0.00000e+00,
3.5878566e-06,-0.00000e+00,
3.5978564e-06,2.00001e-01,
3.6078563e-06,-0.00000e+00,
3.6178562e-06,2.00001e-01,
3.6278561e-06,2.00001e-01,
3.6378560e-06,2.00001e-01,
3.6478559e-06,-0.00000e+00,
3.6578558e-06,2.00001e-01,
3.6678557e-06,-0.00000e+00,
3.6778556e-06,-0.00000e+00,
3.6878555e-06,-0.00000e+00,
3.6978554e-06,-0.00000e+00,
3.7078553e-06,2.00001e-01,
3.7178552e-06,2.00001e-01,
3.7278551e-06,-0.00000e+00,
3.7378550e-06,-0.00000e+00,
3.7478549e-06,-0.00000e+00,
3.7578548e-06,2.00001e-01,
3.7678547e-06,-0.00000e+00,
3.7778545e-06,-0.00000e+00,
3.7878544e-06,2.00001e-01,
3.7978543e-06,2.00001e-01,
3.8078542e-06,-0.00000e+00,
3.8178541e-06,-0.00000e+00,
3.8278540e-06,-0.00000e+00,
3.8378539e-06,2.00001e-01,
3.8478538e-06,-0.00000e+00,
3.8578537e-06,-0.00000e+00,
3.8678536e-06,2.00001e-01,
3.8778535e-06,-0.00000e+00,
3.8878534e-06,2.00001e-01,
3.8978533e-06,2.00001e-01,
3.9078532e-06,-0.00000e+00,
3.9178531e-06,-0.00000e+00,
3.9278530e-06,2.00001e-01,
3.9378529e-06,2.00001e-01,
3.9478527e-06,-0.00000e+00,
3.9578526e-06,-0.00000e+00,
3.9678525e-06,-0.00000e+00,
3.9778524e-06,2.00001e-01,
3.9878523e-06,2.00001e-01,
3.9978522e-06,-0.00000e+00,
4.0078521e-06,-0.00000e+00,
4.0178520e-06,2.00001e-01,
4.0278519e-06,2.00001e-01,
4.0378518e-06,2.00001e-01,
4.0478517e-06,-0.00000e+00,
4.0578516e-06,-0.00000e+00,
4.0678515e-06,2.00001e-01,
4.0778514e-06,-0.00000e+00,
4.0878513e-06,-0.00000e+00,
4.0978512e-06,-0.00000e+00,
4.1078511e-06,-0.00000e+00,
4.1178509e-06,-0.00000e+00,
4.1278508e-06,2.00001e-01,
4.1378507e-06,-0.00000e+00,
4.1478506e-06,-0.00000e+00,
4.1578505e-06,2.00001e-01,
4.1678504e-06,-0.00000e+00,
4.1778503e-06,2.00001e-01,
4.1878502e-06,2.00001e-01,
4.1978501e-06,-0.00000e+00,
4.2078500e-06,-0.00000e+00,
4.2178499e-06,2.00001e-01,
4.2278498e-06,2.00001e-01,
4.2378497e-06,-0.00000e+00,
4.2478496e-06,2.00001e-01,
4.2578495e-06,-0.00000e+00,
4.2678494e-06,2.00001e-01,
4.2778493e-06,-0.00000e+00,
4.2878492e-06,-0.00000e+00,
4.2978490e-06,2.00001e-01,
4.3078489e-06,-0.00000e+00,
4.3178488e-06,-0.00000e+00,
4.3278487e-06,-0.00000e+00,
4.3378486e-06,-0.00000e+00,
4.3478485e-06,2.00001e-01,
4.3578484e-06,-0.00000e+00,
4.3678483e-06,2.00001e-01,
4.3778482e-06,-0.00000e+00,
4.3878481e-06,2.00001e-01,
4.3978480e-06,2.00001e-01,
4.4078479e-06,2.00001e-01,
4.4178478e-06,-0.00000e+00,
4.4278477e-06,-0.00000e+00,
4.4378476e-06,2.00001e-01,
4.4478475e-06,-0.00000e+00,
4.4578474e-06,2.00001e-01,
4.4678472e-06,2.00001e-01,
4.4778471e-06,-0.00000e+00,
4.4878470e-06,-0.00000e+00,
4.4978469e-06,-0.00000e+00,
4.5078468e-06,2.00001e-01,
4.5178467e-06,-0.00000e+00,
4.5278466e-06,2.00001e-01,
4.5378465e-06,-0.00000e+00,
4.5478464e-06,-0.00000e+00,
4.5578463e-06,2.00001e-01,
4.5678462e-06,2.00001e-01,
4.5778461e-06,2.00001e-01,
4.5878460e-06,-0.00000e+00,
4.5978459e-06,-0.00000e+00,
4.6078458e-06,2.00001e-01,
4.6178457e-06,-0.00000e+00,
4.6278456e-06,2.00001e-01,
4.6378454e-06,2.00001e-01,
4.6478453e-06,-0.00000e+00,
4.6578452e-06,2.00001e-01,
4.6678451e-06,-0.00000e+00,
4.6778450e-06,-0.00000e+00,
4.6878449e-06,-0.00000e+00,
4.6978448e-06,-0.00000e+00,
4.7078447e-06,2.00001e-01,
4.7178446e-06,-0.00000e+00,
4.7278445e-06,2.00001e-01,
4.7378444e-06,-0.00000e+00,
4.7478443e-06,2.00001e-01,
4.7578442e-06,2.00001e-01,
4.7678441e-06,-0.00000e+00,
4.7778440e-06,2.00001e-01,
4.7878439e-06,2.00001e-01,
4.7978438e-06,-0.00000e+00,
4.8078437e-06,2.00001e-01,
4.8178435e-06,2.00001e-01,
4.8278434e-06,2.00001e-01,
4.8378433e-06,-0.00000e+00,
4.8478432e-06,-0.00000e+00,
4.8578431e-06,2.00001e-01,
4.8678430e-06,-0.00000e+00,
4.8778429e-06,-0.00000e+00,
4.8878428e-06,2.00001e-01,
4.8978427e-06,2.00001e-01,
4.9078426e-06,-0.00000e+00,
4.9178425e-06,2.00001e-01,
4.9278424e-06,-0.00000e+00,
4.9378423e-06,-0.00000e+00,
4.9478422e-06,-0.00000e+00,
4.9578421e-06,2.00001e-01,
4.9678420e-06,2.00001e-01,
4.9778419e-06,-0.00000e+00,
4.9878417e-06,-0.00000e+00,
4.9978416e-06,-0.00000e+00,
5.0078415e-06,-0.00000e+00,
5.0178414e-06,-0.00000e+00,
5.0278413e-06,2.00001e-01,
5.0378412e-06,-0.00000e+00,
5.0478411e-06,-0.00000e+00,
5.0578410e-06,-0.00000e+00,
5.0678409e-06,-0.00000e+00,
5.0778408e-06,2.00001e-01,
5.0878407e-06,-0.00000e+00,
5.0978406e-06,2.00001e-01,
5.1078405e-06,-0.00000e+00,
5.1178404e-06,-0.00000e+00,
5.1278403e-06,-0.00000e+00,
5.1378402e-06,-0.00000e+00,
5.1478401e-06,2.00001e-01,
5.1578400e-06,2.00001e-01,
5.1678398e-06,-0.00000e+00,
5.1778397e-06,-0.00000e+00,
5.1878396e-06,-0.00000e+00,
5.1978395e-06,-0.00000e+00,
5.2078394e-06,-0.00000e+00,
5.2178393e-06,2.00001e-01,
5.2278392e-06,-0.00000e+00,
5.2378391e-06,2.00001e-01,
5.2478390e-06,-0.00000e+00,
5.2578389e-06,-0.00000e+00,
5.2678388e-06,2.00001e-01,
5.2778387e-06,2.00001e-01,
5.2878386e-06,-0.00000e+00,
5.2978385e-06,2.00001e-01,
5.3078384e-06,-0.00000e+00,
5.3178383e-06,-0.00000e+00,
5.3278382e-06,-0.00000e+00,
5.3378380e-06,-0.00000e+00,
5.3478379e-06,2.00001e-01,
5.3578378e-06,2.00001e-01,
5.3678377e-06,-0.00000e+00,
5.3778376e-06,-0.00000e+00,
5.3878375e-06,-0.00000e+00,
5.3978374e-06,-0.00000e+00,
5.4078373e-06,-0.00000e+00,
5.4178372e-06,2.00001e-01,
5.4278371e-06,-0.00000e+00,
5.4378370e-06,-0.00000e+00,
5.4478369e-06,-0.00000e+00,
5.4578368e-06,-0.00000e+00,
5.4678367e-06,-0.00000e+00,
5.4778366e-06,2.00001e-01,
5.4878365e-06,-0.00000e+00,
5.4978364e-06,-0.00000e+00,
5.5078362e-06,-0.00000e+00,
5.5178361e-06,-0.00000e+00,
5.5278360e-06,2.00001e-01,
5.5378359e-06,-0.00000e+00,
5.5478358e-06,-0.00000e+00,
5.5578357e-06,-0.00000e+00,
5.5678356e-06,-0.00000e+00,
5.5778355e-06,2.00001e-01,
5.5878354e-06,-0.00000e+00,
5.5978353e-06,-0.00000e+00,
5.6078352e-06,-0.00000e+00,
5.6178351e-06,-0.00000e+00,
5.6278350e-06,-0.00000e+00,
5.6378349e-06,2.00001e-01,
5.6478348e-06,-0.00000e+00,
5.6578347e-06,-0.00000e+00,
5.6678346e-06,-0.00000e+00,
5.6778345e-06,2.00001e-01,
5.6878343e-06,-0.00000e+00,
5.6978342e-06,-0.00000e+00,
5.7078341e-06,-0.00000e+00,
5.7178340e-06,2.00001e-01,
5.7278339e-06,-0.00000e+00,
5.7378338e-06,2.00001e-01,
5.7478337e-06,-0.00000e+00,
5.7578336e-06,-0.00000e+00,
5.7678335e-06,2.00001e-01,
5.7778334e-06,-0.00000e+00,
5.7878333e-06,2.00001e-01,
5.7978332e-06,2.00001e-01,
5.8078331e-06,-0.00000e+00,
5.8178330e-06,2.00001e-01,
5.8278329e-06,-0.00000e+00,
5.8378328e-06,2.00001e-01,
5.8478327e-06,-0.00000e+00,
5.8578325e-06,-0.00000e+00,
5.8678324e-06,2.00001e-01,
5.8778323e-06,-0.00000e+00,
5.8878322e-06,2.00001e-01,
5.8978321e-06,2.00001e-01,
5.9078320e-06,-0.00000e+00,
5.9178319e-06,2.00001e-01,
5.9278318e-06,-0.00000e+00,
5.9378317e-06,-0.00000e+00,
5.9478316e-06,-0.00000e+00,
5.9578315e-06,-0.00000e+00,
5.9678314e-06,2.00001e-01,
5.9778313e-06,-0.00000e+00,
5.9878312e-06,2.00001e-01,
5.9978311e-06,-0.00000e+00,
6.0078310e-06,-0.00000e+00,
6.0178309e-06,-0.00000e+00,
6.0278308e-06,2.00001e-01,
6.0378306e-06,2.00001e-01,
6.0478305e-06,-0.00000e+00,
6.0578304e-06,2.00001e-01,
6.0678303e-06,-0.00000e+00,
6.0778302e-06,-0.00000e+00,
6.0878301e-06,-0.00000e+00,
6.0978300e-06,2.00001e-01,
6.1078299e-06,2.00001e-01,
6.1178298e-06,-0.00000e+00,
6.1278297e-06,-0.00000e+00,
6.1378296e-06,-0.00000e+00,
6.1478295e-06,2.00001e-01,
6.1578294e-06,2.00001e-01,
6.1678293e-06,2.00001e-01,
6.1778292e-06,-0.00000e+00,
6.1878291e-06,-0.00000e+00,
6.1978290e-06,-0.00000e+00,
6.2078288e-06,-0.00000e+00,
6.2178287e-06,2.00001e-01,
6.2278286e-06,-0.00000e+00,
6.2378285e-06,-0.00000e+00,
6.2478284e-06,-0.00000e+00,
6.2578283e-06,-0.00000e+00,
6.2678282e-06,-0.00000e+00,
6.2778281e-06,-0.00000e+00,
6.2878280e-06,-0.00000e+00,
6.2978279e-06,-0.00000e+00,
6.3078278e-06,2.00001e-01,
6.3178277e-06,-0.00000e+00,
6.3278276e-06,-0.00000e+00,
6.3378275e-06,2.00001e-01,
6.3478274e-06,-0.00000e+00,
6.3578273e-06,2.00001e-01,
6.3678272e-06,-0.00000e+00,
6.3778270e-06,2.00001e-01,
6.3878269e-06,2.00001e-01,
6.3978268e-06,-0.00000e+00,
6.4078267e-06,-0.00000e+00,
6.4178266e-06,2.00001e-01,
6.4278265e-06,-0.00000e+00,
6.4378264e-06,-0.00000e+00,
6.4478263e-06,-0.00000e+00,
6.4578262e-06,-0.00000e+00,
6.4678261e-06,-0.00000e+00,
6.4778260e-06,2.00001e-01,
6.4878259e-06,-0.00000e+00,
6.4978258e-06,-0.00000e+00,
6.5078257e-06,-0.00000e+00,
6.5178256e-06,2.00001e-01,
6.5278255e-06,2.00001e-01,
6.5378254e-06,2.00001e-01,
6.5478253e-06,-0.00000e+00,
6.5578251e-06,2.00001e-01,
6.5678250e-06,2.00001e-01,
6.5778249e-06,2.00001e-01,
6.5878248e-06,-0.00000e+00,
6.5978247e-06,2.00001e-01,
6.6078246e-06,2.00001e-01,
6.6178245e-06,-0.00000e+00,
6.6278244e-06,-0.00000e+00,
6.6378243e-06,2.00001e-01,
6.6478242e-06,-0.00000e+00,
6.6578241e-06,-0.00000e+00,
6.6678240e-06,-0.00000e+00,
6.6778239e-06,-0.00000e+00,
6.6878238e-06,2.00001e-01,
6.6978237e-06,-0.00000e+00,
6.7078236e-06,-0.00000e+00,
6.7178235e-06,-0.00000e+00,
6.7278233e-06,-0.00000e+00,
6.7378232e-06,2.00001e-01,
6.7478231e-06,-0.00000e+00,
6.7578230e-06,-0.00000e+00,
6.7678229e-06,-0.00000e+00,
6.7778228e-06,-0.00000e+00,
6.7878227e-06,2.00001e-01,
6.7978226e-06,-0.00000e+00,
6.8078225e-06,-0.00000e+00,
6.8178224e-06,-0.00000e+00,
6.8278223e-06,-0.00000e+00,
6.8378222e-06,2.00001e-01,
6.8478221e-06,2.00001e-01,
6.8578220e-06,-0.00000e+00,
6.8678219e-06,-0.00000e+00,
6.8778218e-06,-0.00000e+00,
6.8878217e-06,2.00001e-01,
6.8978215e-06,-0.00000e+00,
6.9078214e-06,2.00001e-01,
6.9178213e-06,-0.00000e+00,
6.9278212e-06,-0.00000e+00,
6.9378211e-06,-0.00000e+00,
6.9478210e-06,2.00001e-01,
6.9578209e-06,-0.00000e+00,
6.9678208e-06,2.00001e-01,
6.9778207e-06,-0.00000e+00,
6.9878206e-06,2.00001e-01,
6.9978205e-06,2.00001e-01,
7.0078204e-06,2.00001e-01,
7.0178203e-06,2.00001e-01,
7.0278202e-06,-0.00000e+00,
7.0378201e-06,-0.00000e+00,
7.0478200e-06,2.00001e-01,
7.0578199e-06,2.00001e-01,
7.0678198e-06,-0.00000e+00,
7.0778196e-06,2.00001e-01,
7.0878195e-06,-0.00000e+00,
7.0978194e-06,-0.00000e+00,
7.1078193e-06,-0.00000e+00,
7.1178192e-06,2.00001e-01,
7.1278191e-06,-0.00000e+00,
7.1378190e-06,-0.00000e+00,
7.1478189e-06,-0.00000e+00,
7.1578188e-06,-0.00000e+00,
7.1678187e-06,2.00001e-01,
7.1778186e-06,-0.00000e+00,
7.1878185e-06,-0.00000e+00,
7.1978184e-06,-0.00000e+00,
7.2078183e-06,-0.00000e+00,
7.2178182e-06,2.00001e-01,
7.2278181e-06,-0.00000e+00,
7.2378180e-06,-0.00000e+00,
7.2478178e-06,-0.00000e+00,
7.2578177e-06,-0.00000e+00,
7.2678176e-06,-0.00000e+00,
7.2778175e-06,-0.00000e+00,
7.2878174e-06,-0.00000e+00,
7.2978173e-06,-0.00000e+00,
7.3078172e-06,2.00001e-01,
7.3178171e-06,-0.00000e+00,
7.3278170e-06,-0.00000e+00,
7.3378169e-06,-0.00000e+00,
7.3478168e-06,-0.00000e+00,
7.3578167e-06,2.00001e-01,
7.3678166e-06,-0.00000e+00,
7.3778165e-06,-0.00000e+00,
7.3878164e-06,-0.00000e+00,
7.3978163e-06,-0.00000e+00,
7.4078162e-06,2.00001e-01,
7.4178161e-06,2.00001e-01,
7.4278159e-06,-0.00000e+00,
7.4378158e-06,-0.00000e+00,
7.4478157e-06,2.00001e-01,
7.4578156e-06,-0.00000e+00,
7.4678155e-06,-0.00000e+00,
7.4778154e-06,-0.00000e+00,
7.4878153e-06,2.00001e-01,
7.4978152e-06,-0.00000e+00,
7.5078151e-06,2.00001e-01,
7.5178150e-06,-0.00000e+00,
7.5278149e-06,-0.00000e+00,
7.5378148e-06,-0.00000e+00,
7.5478147e-06,2.00001e-01,
7.5578146e-06,-0.00000e+00,
7.5678145e-06,-0.00000e+00,
7.5778144e-06,-0.00000e+00,
7.5878143e-06,-0.00000e+00,
7.5978141e-06,-0.00000e+00,
7.6078140e-06,-0.00000e+00,
7.6178139e-06,-0.00000e+00,
7.6278138e-06,-0.00000e+00,
7.6378137e-06,-0.00000e+00,
7.6478136e-06,2.00001e-01,
7.6578135e-06,-0.00000e+00,
7.6678134e-06,2.00001e-01,
7.6778133e-06,-0.00000e+00,
7.6878132e-06,-0.00000e+00,
7.6978131e-06,-0.00000e+00,
7.7078130e-06,-0.00000e+00,
7.7178129e-06,2.00001e-01,
7.7278128e-06,-0.00000e+00,
7.7378127e-06,-0.00000e+00,
7.7478126e-06,-0.00000e+00,
7.7578125e-06,-0.00000e+00,
7.7678123e-06,2.00001e-01,
7.7778122e-06,-0.00000e+00,
7.7878121e-06,-0.00000e+00,
7.7978120e-06,2.00001e-01,
7.8078119e-06,-0.00000e+00,
7.8178118e-06,-0.00000e+00,
7.8278117e-06,-0.00000e+00,
7.8378116e-06,-0.00000e+00,
7.8478115e-06,-0.00000e+00,
7.8578114e-06,-0.00000e+00,
7.8678113e-06,-0.00000e+00,
7.8778112e-06,-0.00000e+00,
7.8878111e-06,2.00001e-01,
7.8978110e-06,-0.00000e+00,
7.9078109e-06,2.00001e-01,
7.9178108e-06,-0.00000e+00,
7.9278107e-06,-0.00000e+00,
7.9378106e-06,2.00001e-01,
7.9478104e-06,-0.00000e+00,
7.9578103e-06,-0.00000e+00,
7.9678102e-06,-0.00000e+00,
7.9778101e-06,2.00001e-01,
7.9878100e-06,-0.00000e+00,
7.9978099e-06,-0.00000e+00,
8.0078098e-06,-0.00000e+00,
8.0178097e-06,2.00001e-01,
8.0278096e-06,2.00001e-01,
8.0378095e-06,2.00001e-01,
8.0478094e-06,-0.00000e+00,
8.0578093e-06,-0.00000e+00,
8.0678092e-06,2.00001e-01,
8.0778091e-06,-0.00000e+00,
8.0878090e-06,-0.00000e+00,
8.0978089e-06,-0.00000e+00,
8.1078088e-06,-0.00000e+00,
8.1178086e-06,2.00001e-01,
8.1278085e-06,2.00001e-01,
8.1378084e-06,-0.00000e+00,
8.1478083e-06,-0.00000e+00,
8.1578082e-06,-0.00000e+00,
8.1678081e-06,-0.00000e+00,
8.1778080e-06,-0.00000e+00,
8.1878079e-06,-0.00000e+00,
8.1978078e-06,-0.00000e+00,
8.2078077e-06,-0.00000e+00,
8.2178076e-06,-0.00000e+00,
8.2278075e-06,2.00001e-01,
8.2378074e-06,-0.00000e+00,
8.2478073e-06,-0.00000e+00,
8.2578072e-06,-0.00000e+00,
8.2678071e-06,2.00001e-01,
8.2778070e-06,-0.00000e+00,
8.2878068e-06,-0.00000e+00,
8.2978067e-06,2.00001e-01,
8.3078066e-06,2.00001e-01,
8.3178065e-06,2.00001e-01,
8.3278064e-06,2.00001e-01,
8.3378063e-06,-0.00000e+00,
8.3478062e-06,-0.00000e+00,
8.3578061e-06,2.00001e-01,
8.3678060e-06,-0.00000e+00,
8.3778059e-06,-0.00000e+00,
8.3878058e-06,-0.00000e+00,
8.3978057e-06,-0.00000e+00,
8.4078056e-06,2.00001e-01,
8.4178055e-06,-0.00000e+00,
8.4278054e-06,-0.00000e+00,
8.4378053e-06,-0.00000e+00,
8.4478052e-06,-0.00000e+00,
8.4578051e-06,2.00001e-01,
8.4678049e-06,2.00001e-01,
8.4778048e-06,-0.00000e+00,
8.4878047e-06,-0.00000e+00,
8.4978046e-06,2.00001e-01,
8.5078045e-06,2.00001e-01,
8.5178044e-06,-0.00000e+00,
8.5278043e-06,-0.00000e+00,
8.5378042e-06,2.00001e-01,
8.5478041e-06,2.00001e-01,
8.5578040e-06,-0.00000e+00,
8.5678039e-06,2.00001e-01,
8.5778038e-06,-0.00000e+00,
8.5878037e-06,-0.00000e+00,
8.5978036e-06,-0.00000e+00,
8.6078035e-06,-0.00000e+00,
8.6178034e-06,2.00001e-01,
8.6278033e-06,-0.00000e+00,
8.6378031e-06,2.00001e-01,
8.6478030e-06,-0.00000e+00,
8.6578029e-06,-0.00000e+00,
8.6678028e-06,-0.00000e+00,
8.6778027e-06,2.00001e-01,
8.6878026e-06,-0.00000e+00,
8.6978025e-06,-0.00000e+00,
8.7078024e-06,-0.00000e+00,
8.7178023e-06,-0.00000e+00,
8.7278022e-06,-0.00000e+00,
8.7378021e-06,-0.00000e+00,
8.7478020e-06,2.00001e-01,
8.7578019e-06,-0.00000e+00,
8.7678018e-06,-0.00000e+00,
8.7778017e-06,-0.00000e+00,
8.7878016e-06,-0.00000e+00,
8.7978015e-06,-0.00000e+00,
8.8078014e-06,2.00001e-01,
8.8178012e-06,-0.00000e+00,
8.8278011e-06,-0.00000e+00,
8.8378010e-06,-0.00000e+00,
8.8478009e-06,-0.00000e+00,
8.8578008e-06,-0.00000e+00,
8.8678007e-06,2.00001e-01,
8.8778006e-06,-0.00000e+00,
8.8878005e-06,-0.00000e+00,
8.8978004e-06,-0.00000e+00,
8.9078003e-06,-0.00000e+00,
8.9178002e-06,-0.00000e+00,
8.9278001e-06,2.00001e-01,
8.9378000e-06,-0.00000e+00,
8.9477999e-06,-0.00000e+00,
8.9577998e-06,-0.00000e+00,
8.9677997e-06,-0.00000e+00,
8.9777996e-06,2.00001e-01,
8.9877994e-06,-0.00000e+00,
8.9977993e-06,2.00001e-01,
9.0077992e-06,-0.00000e+00,
9.0177991e-06,2.00001e-01,
9.0277990e-06,-0.00000e+00,
9.0377989e-06,2.00001e-01,
9.0477988e-06,-0.00000e+00,
9.0577987e-06,2.00001e-01,
9.0677986e-06,2.00001e-01,
9.0777985e-06,2.00001e-01,
9.0877984e-06,2.00001e-01,
9.0977983e-06,-0.00000e+00,
9.1077982e-06,-0.00000e+00,
9.1177981e-06,-0.00000e+00,
9.1277980e-06,2.00001e-01,
9.1377979e-06,-0.00000e+00,
9.1477978e-06,-0.00000e+00,
9.1577976e-06,-0.00000e+00,
9.1677975e-06,-0.00000e+00,
9.1777974e-06,-0.00000e+00,
9.1877973e-06,2.00001e-01,
9.1977972e-06,-0.00000e+00,
9.2077971e-06,2.00001e-01,
9.2177970e-06,-0.00000e+00,
9.2277969e-06,2.00001e-01,
9.2377968e-06,-0.00000e+00,
9.2477967e-06,-0.00000e+00,
9.2577966e-06,2.00001e-01,
9.2677965e-06,-0.00000e+00,
9.2777964e-06,2.00001e-01,
9.2877963e-06,2.00001e-01,
9.2977962e-06,-0.00000e+00,
9.3077961e-06,2.00001e-01,
9.3177960e-06,2.00001e-01,
9.3277959e-06,2.00001e-01,
9.3377957e-06,-0.00000e+00,
9.3477956e-06,-0.00000e+00,
9.3577955e-06,-0.00000e+00,
9.3677954e-06,-0.00000e+00,
9.3777953e-06,-0.00000e+00,
9.3877952e-06,2.00001e-01,
9.3977951e-06,-0.00000e+00,
9.4077950e-06,2.00001e-01,
9.4177949e-06,-0.00000e+00,
9.4277948e-06,-0.00000e+00,
9.4377947e-06,-0.00000e+00,
9.4477946e-06,-0.00000e+00,
9.4577945e-06,-0.00000e+00,
9.4677944e-06,2.00001e-01,
9.4777943e-06,2.00001e-01,
9.4877942e-06,2.00001e-01,
9.4977941e-06,-0.00000e+00,
9.5077939e-06,-0.00000e+00,
9.5177938e-06,2.00001e-01,
9.5277937e-06,-0.00000e+00,
9.5377936e-06,2.00001e-01,
9.5477935e-06,2.00001e-01,
9.5577934e-06,-0.00000e+00,
9.5677933e-06,2.00001e-01,
9.5777932e-06,2.00001e-01,
9.5877931e-06,-0.00000e+00,
9.5977930e-06,-0.00000e+00,
9.6077929e-06,2.00001e-01,
9.6177928e-06,2.00001e-01,
9.6277927e-06,-0.00000e+00,
9.6377926e-06,2.00001e-01,
9.6477925e-06,-0.00000e+00,
9.6577924e-06,2.00001e-01,
9.6677923e-06,2.00001e-01,
9.6777921e-06,-0.00000e+00,
9.6877920e-06,2.00001e-01,
9.6977919e-06,-0.00000e+00,
9.7077918e-06,-0.00000e+00,
9.7177917e-06,-0.00000e+00,
9.7277916e-06,2.00001e-01,
9.7377915e-06,-0.00000e+00,
9.7477914e-06,-0.00000e+00,
9.7577913e-06,-0.00000e+00,
9.7677912e-06,2.00001e-01,
9.7777911e-06,-0.00000e+00,
9.7877910e-06,-0.00000e+00,
9.7977909e-06,2.00001e-01,
9.8077908e-06,-0.00000e+00,
9.8177907e-06,2.00001e-01,
9.8277906e-06,-0.00000e+00,
9.8377905e-06,-0.00000e+00,
9.8477904e-06,-0.00000e+00,
9.8577902e-06,2.00001e-01,
9.8677901e-06,-0.00000e+00,
9.8777900e-06,2.00001e-01,
9.8877899e-06,-0.00000e+00,
9.8977898e-06,-0.00000e+00,
9.9077897e-06,2.00001e-01,
9.9177896e-06,-0.00000e+00,
9.9277895e-06,2.00001e-01,
9.9377894e-06,-0.00000e+00,
9.9477893e-06,-0.00000e+00,
9.9577892e-06,2.00001e-01,
9.9677891e-06,-0.00000e+00,
9.9777890e-06,2.00001e-01,
9.9877889e-06,-0.00000e+00,
9.9977888e-06,2.00001e-01,
1.0007789e-05,2.00001e-01,
1.0017789e-05,2.00001e-01,
1.0027788e-05,2.00001e-01,
1.0037788e-05,-0.00000e+00,
1.0047788e-05,2.00001e-01,
1.0057788e-05,2.00001e-01,
1.0067788e-05,-0.00000e+00,
1.0077788e-05,-0.00000e+00,
1.0087788e-05,-0.00000e+00,
1.0097788e-05,-0.00000e+00,
1.0107788e-05,-0.00000e+00,
1.0117787e-05,-0.00000e+00,
1.0127787e-05,-0.00000e+00,
1.0137787e-05,-0.00000e+00,
1.0147787e-05,2.00001e-01,
1.0157787e-05,-0.00000e+00,
1.0167787e-05,-0.00000e+00,
1.0177787e-05,-0.00000e+00,
1.0187787e-05,2.00001e-01,
1.0197787e-05,2.00001e-01,
1.0207787e-05,2.00001e-01,
1.0217786e-05,-0.00000e+00,
1.0227786e-05,-0.00000e+00,
1.0237786e-05,-0.00000e+00,
1.0247786e-05,2.00001e-01,
1.0257786e-05,-0.00000e+00,
1.0267786e-05,-0.00000e+00,
1.0277786e-05,2.00001e-01,
1.0287786e-05,-0.00000e+00,
1.0297786e-05,2.00001e-01,
1.0307785e-05,2.00001e-01,
1.0317785e-05,-0.00000e+00,
1.0327785e-05,2.00001e-01,
1.0337785e-05,-0.00000e+00,
1.0347785e-05,-0.00000e+00,
1.0357785e-05,-0.00000e+00,
1.0367785e-05,-0.00000e+00,
1.0377785e-05,2.00001e-01,
1.0387785e-05,2.00001e-01,
1.0397785e-05,-0.00000e+00,
1.0407784e-05,2.00001e-01,
1.0417784e-05,-0.00000e+00,
1.0427784e-05,2.00001e-01,
1.0437784e-05,-0.00000e+00,
1.0447784e-05,2.00001e-01,
1.0457784e-05,-0.00000e+00,
1.0467784e-05,2.00001e-01,
1.0477784e-05,-0.00000e+00,
1.0487784e-05,2.00001e-01,
1.0497783e-05,-0.00000e+00,
1.0507783e-05,2.00001e-01,
1.0517783e-05,2.00001e-01,
1.0527783e-05,2.00001e-01,
1.0537783e-05,2.00001e-01,
1.0547783e-05,-0.00000e+00,
1.0557783e-05,-0.00000e+00,
1.0567783e-05,-0.00000e+00,
1.0577783e-05,-0.00000e+00,
1.0587783e-05,2.00001e-01,
1.0597782e-05,2.00001e-01,
1.0607782e-05,2.00001e-01,
1.0617782e-05,-0.00000e+00,
1.0627782e-05,-0.00000e+00,
1.0637782e-05,2.00001e-01,
1.0647782e-05,-0.00000e+00,
1.0657782e-05,-0.00000e+00,
1.0667782e-05,-0.00000e+00,
1.0677782e-05,2.00001e-01,
1.0687781e-05,2.00001e-01,
1.0697781e-05,-0.00000e+00,
1.0707781e-05,2.00001e-01,
1.0717781e-05,-0.00000e+00,
1.0727781e-05,-0.00000e+00,
1.0737781e-05,-0.00000e+00,
1.0747781e-05,-0.00000e+00,
1.0757781e-05,-0.00000e+00,
1.0767781e-05,2.00001e-01,
1.0777781e-05,-0.00000e+00,
1.0787780e-05,-0.00000e+00,
1.0797780e-05,-0.00000e+00,
1.0807780e-05,-0.00000e+00,
1.0817780e-05,-0.00000e+00,
1.0827780e-05,-0.00000e+00,
1.0837780e-05,-0.00000e+00,
1.0847780e-05,-0.00000e+00,
1.0857780e-05,2.00001e-01,
1.0867780e-05,-0.00000e+00,
1.0877779e-05,2.00001e-01,
1.0887779e-05,2.00001e-01,
1.0897779e-05,-0.00000e+00,
1.0907779e-05,2.00001e-01,
1.0917779e-05,2.00001e-01,
1.0927779e-05,2.00001e-01,
1.0937779e-05,-0.00000e+00,
1.0947779e-05,2.00001e-01,
1.0957779e-05,2.00001e-01,
1.0967779e-05,-0.00000e+00,
1.0977778e-05,-0.00000e+00,
1.0987778e-05,2.00001e-01,
1.0997778e-05,-0.00000e+00,
1.1007778e-05,2.00001e-01,
1.1017778e-05,2.00001e-01,
1.1027778e-05,-0.00000e+00,
1.1037778e-05,-0.00000e+00,
1.1047778e-05,2.00001e-01,
1.1057778e-05,2.00001e-01,
1.1067777e-05,-0.00000e+00,
1.1077777e-05,2.00001e-01,
1.1087777e-05,-0.00000e+00,
1.1097777e-05,-0.00000e+00,
1.1107777e-05,2.00001e-01,
1.1117777e-05,-0.00000e+00,
1.1127777e-05,2.00001e-01,
1.1137777e-05,-0.00000e+00,
1.1147777e-05,-0.00000e+00,
1.1157776e-05,-0.00000e+00,
1.1167776e-05,2.00001e-01,
1.1177776e-05,-0.00000e+00,
1.1187776e-05,2.00001e-01,
1.1197776e-05,-0.00000e+00,
1.1207776e-05,-0.00000e+00,
1.1217776e-05,-0.00000e+00,
1.1227776e-05,2.00001e-01,
1.1237776e-05,-0.00000e+00,
1.1247776e-05,2.00001e-01,
1.1257775e-05,-0.00000e+00,
1.1267775e-05,-0.00000e+00,
1.1277775e-05,2.00001e-01,
1.1287775e-05,-0.00000e+00,
1.1297775e-05,-0.00000e+00,
1.1307775e-05,-0.00000e+00,
1.1317775e-05,-0.00000e+00,
1.1327775e-05,2.00001e-01,
1.1337775e-05,-0.00000e+00,
1.1347774e-05,-0.00000e+00,
1.1357774e-05,-0.00000e+00,
1.1367774e-05,2.00001e-01,
1.1377774e-05,2.00001e-01,
1.1387774e-05,2.00001e-01,
1.1397774e-05,-0.00000e+00,
1.1407774e-05,-0.00000e+00,
1.1417774e-05,2.00001e-01,
1.1427774e-05,2.00001e-01,
1.1437774e-05,-0.00000e+00,
1.1447773e-05,2.00001e-01,
1.1457773e-05,2.00001e-01,
1.1467773e-05,2.00001e-01,
1.1477773e-05,-0.00000e+00,
1.1487773e-05,-0.00000e+00,
1.1497773e-05,-0.00000e+00,
1.1507773e-05,2.00001e-01,
1.1517773e-05,-0.00000e+00,
1.1527773e-05,2.00001e-01,
1.1537772e-05,-0.00000e+00,
1.1547772e-05,2.00001e-01,
1.1557772e-05,-0.00000e+00,
1.1567772e-05,-0.00000e+00,
1.1577772e-05,2.00001e-01,
1.1587772e-05,-0.00000e+00,
1.1597772e-05,2.00001e-01,
1.1607772e-05,2.00001e-01,
1.1617772e-05,-0.00000e+00,
1.1627772e-05,-0.00000e+00,
1.1637771e-05,-0.00000e+00,
1.1647771e-05,2.00001e-01,
1.1657771e-05,-0.00000e+00,
1.1667771e-05,-0.00000e+00,
1.1677771e-05,-0.00000e+00,
1.1687771e-05,-0.00000e+00,
1.1697771e-05,-0.00000e+00,
1.1707771e-05,2.00001e-01,
1.1717771e-05,-0.00000e+00,
1.1727770e-05,-0.00000e+00,
1.1737770e-05,-0.00000e+00,
1.1747770e-05,-0.00000e+00,
1.1757770e-05,2.00001e-01,
1.1767770e-05,-0.00000e+00,
1.1777770e-05,2.00001e-01,
1.1787770e-05,-0.00000e+00,
1.1797770e-05,2.00001e-01,
1.1807770e-05,2.00001e-01,
1.1817770e-05,-0.00000e+00,
1.1827769e-05,2.00001e-01,
1.1837769e-05,-0.00000e+00,
1.1847769e-05,2.00001e-01,
1.1857769e-05,-0.00000e+00,
1.1867769e-05,-0.00000e+00,
1.1877769e-05,2.00001e-01,
1.1887769e-05,-0.00000e+00,
1.1897769e-05,2.00001e-01,
1.1907769e-05,2.00001e-01,
1.1917768e-05,2.00001e-01,
1.1927768e-05,2.00001e-01,
1.1937768e-05,-0.00000e+00,
1.1947768e-05,-0.00000e+00,
1.1957768e-05,2.00001e-01,
1.1967768e-05,-0.00000e+00,
1.1977768e-05,-0.00000e+00,
1.1987768e-05,2.00001e-01,
1.1997768e-05,-0.00000e+00,
1.2007768e-05,-0.00000e+00,
1.2017767e-05,-0.00000e+00,
1.2027767e-05,2.00001e-01,
1.2037767e-05,2.00001e-01,
1.2047767e-05,-0.00000e+00,
1.2057767e-05,-0.00000e+00,
1.2067767e-05,-0.00000e+00,
1.2077767e-05,2.00001e-01,
1.2087767e-05,-0.00000e+00,
1.2097767e-05,-0.00000e+00,
1.2107766e-05,2.00001e-01,
1.2117766e-05,2.00001e-01,
1.2127766e-05,2.00001e-01,
1.2137766e-05,-0.00000e+00,
1.2147766e-05,-0.00000e+00,
1.2157766e-05,-0.00000e+00,
1.2167766e-05,-0.00000e+00,
1.2177766e-05,2.00001e-01,
1.2187766e-05,2.00001e-01,
1.2197765e-05,-0.00000e+00,
1.2207765e-05,2.00001e-01,
1.2217765e-05,-0.00000e+00,
1.2227765e-05,-0.00000e+00,
1.2237765e-05,-0.00000e+00,
1.2247765e-05,-0.00000e+00,
1.2257765e-05,-0.00000e+00,
1.2267765e-05,2.00001e-01,
1.2277765e-05,-0.00000e+00,
1.2287765e-05,-0.00000e+00,
1.2297764e-05,-0.00000e+00,
1.2307764e-05,-0.00000e+00,
1.2317764e-05,2.00001e-01,
1.2327764e-05,-0.00000e+00,
1.2337764e-05,2.00001e-01,
1.2347764e-05,2.00001e-01,
1.2357764e-05,-0.00000e+00,
1.2367764e-05,2.00001e-01,
1.2377764e-05,-0.00000e+00,
1.2387763e-05,-0.00000e+00,
1.2397763e-05,2.00001e-01,
1.2407763e-05,-0.00000e+00,
1.2417763e-05,2.00001e-01,
1.2427763e-05,-0.00000e+00,
1.2437763e-05,2.00001e-01,
1.2447763e-05,2.00001e-01,
1.2457763e-05,2.00001e-01,
1.2467763e-05,2.00001e-01,
1.2477763e-05,-0.00000e+00,
1.2487762e-05,2.00001e-01,
1.2497762e-05,2.00001e-01,
1.2507762e-05,2.00001e-01,
1.2517762e-05,-0.00000e+00,
1.2527762e-05,2.00001e-01,
1.2537762e-05,-0.00000e+00,
1.2547762e-05,-0.00000e+00,
1.2557762e-05,-0.00000e+00,
1.2567762e-05,2.00001e-01,
1.2577761e-05,-0.00000e+00,
1.2587761e-05,-0.00000e+00,
1.2597761e-05,-0.00000e+00,
1.2607761e-05,2.00001e-01,
1.2617761e-05,2.00001e-01,
1.2627761e-05,-0.00000e+00,
1.2637761e-05,-0.00000e+00,
1.2647761e-05,2.00001e-01,
1.2657761e-05,2.00001e-01,
1.2667761e-05,2.00001e-01,
1.2677760e-05,2.00001e-01,
1.2687760e-05,-0.00000e+00,
1.2697760e-05,-0.00000e+00,
1.2707760e-05,-0.00000e+00,
1.2717760e-05,-0.00000e+00,
1.2727760e-05,-0.00000e+00,
1.2737760e-05,-0.00000e+00,
1.2747760e-05,2.00001e-01,
1.2757760e-05,-0.00000e+00,
1.2767759e-05,-0.00000e+00,
1.2777759e-05,-0.00000e+00,
1.2787759e-05,2.00001e-01,
1.2797759e-05,-0.00000e+00,
1.2807759e-05,-0.00000e+00,
1.2817759e-05,-0.00000e+00,
1.2827759e-05,2.00001e-01,
1.2837759e-05,2.00001e-01,
1.2847759e-05,-0.00000e+00,
1.2857759e-05,-0.00000e+00,
1.2867758e-05,-0.00000e+00,
1.2877758e-05,2.00001e-01,
1.2887758e-05,2.00001e-01,
1.2897758e-05,2.00001e-01,
1.2907758e-05,-0.00000e+00,
1.2917758e-05,-0.00000e+00,
1.2927758e-05,2.00001e-01,
1.2937758e-05,-0.00000e+00,
1.2947758e-05,-0.00000e+00,
1.2957757e-05,2.00001e-01,
1.2967757e-05,-0.00000e+00,
1.2977757e-05,2.00001e-01,
1.2987757e-05,-0.00000e+00,
1.2997757e-05,-0.00000e+00,
1.3007757e-05,2.00001e-01,
1.3017757e-05,2.00001e-01,
1.3027757e-05,-0.00000e+00,
1.3037757e-05,2.00001e-01,
1.3047757e-05,-0.00000e+00,
1.3057756e-05,2.00001e-01,
1.3067756e-05,-0.00000e+00,
1.3077756e-05,2.00001e-01,
1.3087756e-05,2.00001e-01,
1.3097756e-05,-0.00000e+00,
1.3107756e-05,2.00001e-01,
1.3117756e-05,-0.00000e+00,
1.3127756e-05,2.00001e-01,
1.3137756e-05,-0.00000e+00,
1.3147755e-05,-0.00000e+00,
1.3157755e-05,-0.00000e+00,
1.3167755e-05,-0.00000e+00,
1.3177755e-05,2.00001e-01,
1.3187755e-05,2.00001e-01,
1.3197755e-05,-0.00000e+00,
1.3207755e-05,-0.00000e+00,
1.3217755e-05,-0.00000e+00,
1.3227755e-05,2.00001e-01,
1.3237755e-05,-0.00000e+00,
1.3247754e-05,-0.00000e+00,
1.3257754e-05,-0.00000e+00,
1.3267754e-05,-0.00000e+00,
1.3277754e-05,2.00001e-01,
1.3287754e-05,2.00001e-01,
1.3297754e-05,2.00001e-01,
1.3307754e-05,-0.00000e+00,
1.3317754e-05,-0.00000e+00,
1.3327754e-05,2.00001e-01,
1.3337753e-05,-0.00000e+00,
1.3347753e-05,-0.00000e+00,
1.3357753e-05,2.00001e-01,
1.3367753e-05,-0.00000e+00,
1.3377753e-05,2.00001e-01,
1.3387753e-05,2.00001e-01,
1.3397753e-05,2.00001e-01,
1.3407753e-05,-0.00000e+00,
1.3417753e-05,-0.00000e+00,
1.3427752e-05,2.00001e-01,
1.3437752e-05,-0.00000e+00,
1.3447752e-05,-0.00000e+00,
1.3457752e-05,-0.00000e+00,
1.3467752e-05,-0.00000e+00,
1.3477752e-05,2.00001e-01,
1.3487752e-05,-0.00000e+00,
1.3497752e-05,-0.00000e+00,
1.3507752e-05,-0.00000e+00,
1.3517752e-05,-0.00000e+00,
1.3527751e-05,2.00001e-01,
1.3537751e-05,-0.00000e+00,
1.3547751e-05,-0.00000e+00,
1.3557751e-05,-0.00000e+00,
1.3567751e-05,-0.00000e+00,
1.3577751e-05,-0.00000e+00,
1.3587751e-05,-0.00000e+00,
1.3597751e-05,-0.00000e+00,
1.3607751e-05,-0.00000e+00,
1.3617750e-05,-0.00000e+00,
1.3627750e-05,-0.00000e+00,
1.3637750e-05,-0.00000e+00,
1.3647750e-05,-0.00000e+00,
1.3657750e-05,-0.00000e+00,
1.3667750e-05,-0.00000e+00,
1.3677750e-05,-0.00000e+00,
1.3687750e-05,-0.00000e+00,
1.3697750e-05,-0.00000e+00,
1.3707750e-05,-0.00000e+00,
1.3717749e-05,-0.00000e+00,
1.3727749e-05,-0.00000e+00,
1.3737749e-05,-0.00000e+00,
1.3747749e-05,-0.00000e+00,
1.3757749e-05,2.00001e-01,
1.3767749e-05,-0.00000e+00,
1.3777749e-05,-0.00000e+00,
1.3787749e-05,2.00001e-01,
1.3797749e-05,-0.00000e+00,
1.3807748e-05,-0.00000e+00,
1.3817748e-05,2.00001e-01,
1.3827748e-05,-0.00000e+00,
1.3837748e-05,2.00001e-01,
1.3847748e-05,2.00001e-01,
1.3857748e-05,-0.00000e+00,
1.3867748e-05,-0.00000e+00,
1.3877748e-05,-0.00000e+00,
1.3887748e-05,2.00001e-01,
1.3897748e-05,-0.00000e+00,
1.3907747e-05,2.00001e-01,
1.3917747e-05,-0.00000e+00,
1.3927747e-05,-0.00000e+00,
1.3937747e-05,-0.00000e+00,
1.3947747e-05,-0.00000e+00,
1.3957747e-05,-0.00000e+00,
1.3967747e-05,-0.00000e+00,
1.3977747e-05,-0.00000e+00,
1.3987747e-05,-0.00000e+00,
1.3997746e-05,-0.00000e+00,
1.4007746e-05,-0.00000e+00,
1.4017746e-05,-0.00000e+00,
1.4027746e-05,-0.00000e+00,
1.4037746e-05,-0.00000e+00,
1.4047746e-05,-0.00000e+00,
1.4057746e-05,-0.00000e+00,
1.4067746e-05,-0.00000e+00,
1.4077746e-05,-0.00000e+00,
1.4087746e-05,-0.00000e+00,
1.4097745e-05,2.00001e-01,
1.4107745e-05,-0.00000e+00,
1.4117745e-05,-0.00000e+00,
1.4127745e-05,-0.00000e+00,
1.4137745e-05,2.00001e-01,
1.4147745e-05,-0.00000e+00,
1.4157745e-05,-0.00000e+00,
1.4167745e-05,-0.00000e+00,
1.4177745e-05,-0.00000e+00,
1.4187744e-05,2.00001e-01,
1.4197744e-05,-0.00000e+00,
1.4207744e-05,-0.00000e+00,
1.4217744e-05,-0.00000e+00,
1.4227744e-05,-0.00000e+00,
1.4237744e-05,2.00001e-01,
1.4247744e-05,2.00001e-01,
1.4257744e-05,-0.00000e+00,
1.4267744e-05,-0.00000e+00,
1.4277744e-05,2.00001e-01,
1.4287743e-05,2.00001e-01,
1.4297743e-05,2.00001e-01,
1.4307743e-05,2.00001e-01,
1.4317743e-05,-0.00000e+00,
1.4327743e-05,-0.00000e+00,
1.4337743e-05,-0.00000e+00,
1.4347743e-05,-0.00000e+00,
1.4357743e-05,-0.00000e+00,
1.4367743e-05,-0.00000e+00,
1.4377742e-05,-0.00000e+00,
1.4387742e-05,-0.00000e+00,
1.4397742e-05,-0.00000e+00,
1.4407742e-05,-0.00000e+00,
1.4417742e-05,-0.00000e+00,
1.4427742e-05,2.00001e-01,
1.4437742e-05,-0.00000e+00,
1.4447742e-05,-0.00000e+00,
1.4457742e-05,-0.00000e+00,
1.4467741e-05,-0.00000e+00,
1.4477741e-05,2.00001e-01,
1.4487741e-05,-0.00000e+00,
1.4497741e-05,-0.00000e+00,
1.4507741e-05,-0.00000e+00,
1.4517741e-05,2.00001e-01,
1.4527741e-05,-0.00000e+00,
1.4537741e-05,-0.00000e+00,
1.4547741e-05,2.00001e-01,
1.4557741e-05,-0.00000e+00,
1.4567740e-05,2.00001e-01,
1.4577740e-05,-0.00000e+00,
1.4587740e-05,-0.00000e+00,
1.4597740e-05,-0.00000e+00,
1.4607740e-05,2.00001e-01,
1.4617740e-05,2.00001e-01,
1.4627740e-05,-0.00000e+00,
1.4637740e-05,-0.00000e+00,
1.4647740e-05,-0.00000e+00,
1.4657739e-05,-0.00000e+00,
1.4667739e-05,-0.00000e+00,
1.4677739e-05,2.00001e-01,
1.4687739e-05,-0.00000e+00,
1.4697739e-05,-0.00000e+00,
1.4707739e-05,2.00001e-01,
1.4717739e-05,2.00001e-01,
1.4727739e-05,-0.00000e+00,
1.4737739e-05,2.00001e-01,
1.4747739e-05,-0.00000e+00,
1.4757738e-05,2.00001e-01,
1.4767738e-05,-0.00000e+00,
1.4777738e-05,-0.00000e+00,
1.4787738e-05,2.00001e-01,
1.4797738e-05,2.00001e-01,
1.4807738e-05,2.00001e-01,
1.4817738e-05,-0.00000e+00,
1.4827738e-05,-0.00000e+00,
1.4837738e-05,-0.00000e+00,
1.4847737e-05,-0.00000e+00,
1.4857737e-05,-0.00000e+00,
1.4867737e-05,2.00001e-01,
1.4877737e-05,-0.00000e+00,
1.4887737e-05,2.00001e-01,
1.4897737e-05,-0.00000e+00,
1.4907737e-05,2.00001e-01,
1.4917737e-05,-0.00000e+00,
1.4927737e-05,-0.00000e+00,
1.4937737e-05,2.00001e-01,
1.4947736e-05,2.00001e-01,
1.4957736e-05,-0.00000e+00,
1.4967736e-05,-0.00000e+00,
1.4977736e-05,-0.00000e+00,
1.4987736e-05,2.00001e-01,
1.4997736e-05,-0.00000e+00,
1.5007736e-05,-0.00000e+00,
1.5017736e-05,-0.00000e+00,
1.5027736e-05,-0.00000e+00,
1.5037735e-05,-0.00000e+00,
1.5047735e-05,2.00001e-01,
1.5057735e-05,-0.00000e+00,
1.5067735e-05,-0.00000e+00,
1.5077735e-05,-0.00000e+00,
1.5087735e-05,-0.00000e+00,
1.5097735e-05,2.00001e-01,
1.5107735e-05,2.00001e-01,
1.5117735e-05,-0.00000e+00,
1.5127735e-05,-0.00000e+00,
1.5137734e-05,-0.00000e+00,
1.5147734e-05,2.00001e-01,
1.5157734e-05,2.00001e-01,
1.5167734e-05,2.00001e-01,
1.5177734e-05,-0.00000e+00,
1.5187734e-05,2.00001e-01,
1.5197734e-05,-0.00000e+00,
1.5207734e-05,-0.00000e+00,
1.5217734e-05,-0.00000e+00,
1.5227733e-05,-0.00000e+00,
1.5237733e-05,-0.00000e+00,
1.5247733e-05,2.00001e-01,
1.5257733e-05,-0.00000e+00,
1.5267733e-05,-0.00000e+00,
1.5277734e-05,-0.00000e+00,
1.5287735e-05,-0.00000e+00,
1.5297735e-05,2.00001e-01,
1.5307736e-05,2.00001e-01,
1.5317737e-05,2.00001e-01,
1.5327738e-05,2.00001e-01,
1.5337739e-05,-0.00000e+00,
1.5347739e-05,2.00001e-01,
1.5357740e-05,-0.00000e+00,
1.5367741e-05,-0.00000e+00,
1.5377742e-05,-0.00000e+00,
1.5387743e-05,-0.00000e+00,
1.5397743e-05,2.00001e-01,
1.5407744e-05,-0.00000e+00,
1.5417745e-05,-0.00000e+00,
1.5427746e-05,-0.00000e+00,
1.5437747e-05,2.00001e-01,
1.5447748e-05,2.00001e-01,
1.5457748e-05,-0.00000e+00,
1.5467749e-05,-0.00000e+00,
1.5477750e-05,-0.00000e+00,
1.5487751e-05,2.00001e-01,
1.5497752e-05,2.00001e-01,
1.5507752e-05,-0.00000e+00,
1.5517753e-05,-0.00000e+00,
1.5527754e-05,-0.00000e+00,
1.5537755e-05,-0.00000e+00,
1.5547756e-05,-0.00000e+00,
1.5557756e-05,-0.00000e+00,
1.5567757e-05,-0.00000e+00,
1.5577758e-05,-0.00000e+00,
1.5587759e-05,-0.00000e+00,
1.5597760e-05,-0.00000e+00,
1.5607760e-05,-0.00000e+00,
1.5617761e-05,-0.00000e+00,
1.5627762e-05,-0.00000e+00,
1.5637763e-05,2.00001e-01,
1.5647764e-05,-0.00000e+00,
1.5657764e-05,-0.00000e+00,
1.5667765e-05,2.00001e-01,
1.5677766e-05,-0.00000e+00,
1.5687767e-05,-0.00000e+00,
1.5697768e-05,-0.00000e+00,
1.5707768e-05,-0.00000e+00,
1.5717769e-05,-0.00000e+00,
1.5727770e-05,2.00001e-01,
1.5737771e-05,2.00001e-01,
1.5747772e-05,-0.00000e+00,
1.5757772e-05,-0.00000e+00,
1.5767773e-05,2.00001e-01,
1.5777774e-05,-0.00000e+00,
1.5787775e-05,-0.00000e+00,
1.5797776e-05,2.00001e-01,
1.5807776e-05,-0.00000e+00,
1.5817777e-05,2.00001e-01,
1.5827778e-05,-0.00000e+00,
1.5837779e-05,-0.00000e+00,
1.5847780e-05,-0.00000e+00,
1.5857780e-05,-0.00000e+00,
1.5867781e-05,-0.00000e+00,
1.5877782e-05,-0.00000e+00,
1.5887783e-05,-0.00000e+00,
1.5897784e-05,-0.00000e+00,
1.5907784e-05,2.00001e-01,
1.5917785e-05,-0.00000e+00,
1.5927786e-05,-0.00000e+00,
1.5937787e-05,-0.00000e+00,
1.5947788e-05,-0.00000e+00,
1.5957788e-05,2.00001e-01,
1.5967789e-05,-0.00000e+00,
1.5977790e-05,-0.00000e+00,
1.5987791e-05,-0.00000e+00,
1.5997792e-05,-0.00000e+00,
1.6007793e-05,-0.00000e+00,
1.6017793e-05,-0.00000e+00,
1.6027794e-05,-0.00000e+00,
1.6037795e-05,-0.00000e+00,
1.6047796e-05,-0.00000e+00,
1.6057797e-05,-0.00000e+00,
1.6067797e-05,-0.00000e+00,
1.6077798e-05,2.00001e-01,
1.6087799e-05,-0.00000e+00,
1.6097800e-05,-0.00000e+00,
1.6107801e-05,-0.00000e+00,
1.6117801e-05,-0.00000e+00,
1.6127802e-05,-0.00000e+00,
1.6137803e-05,-0.00000e+00,
1.6147804e-05,2.00001e-01,
1.6157805e-05,2.00001e-01,
1.6167805e-05,-0.00000e+00,
1.6177806e-05,-0.00000e+00,
1.6187807e-05,-0.00000e+00,
1.6197808e-05,-0.00000e+00,
1.6207809e-05,2.00001e-01,
1.6217809e-05,2.00001e-01,
1.6227810e-05,-0.00000e+00,
1.6237811e-05,-0.00000e+00,
1.6247812e-05,-0.00000e+00,
1.6257813e-05,2.00001e-01,
1.6267813e-05,-0.00000e+00,
1.6277814e-05,2.00001e-01,
1.6287815e-05,-0.00000e+00,
1.6297816e-05,2.00001e-01,
1.6307817e-05,-0.00000e+00,
1.6317817e-05,-0.00000e+00,
1.6327818e-05,-0.00000e+00,
1.6337819e-05,2.00001e-01,
1.6347820e-05,-0.00000e+00,
1.6357821e-05,2.00001e-01,
1.6367821e-05,-0.00000e+00,
1.6377822e-05,-0.00000e+00,
1.6387823e-05,2.00001e-01,
1.6397824e-05,2.00001e-01,
1.6407825e-05,-0.00000e+00,
1.6417825e-05,-0.00000e+00,
1.6427826e-05,-0.00000e+00,
1.6437827e-05,2.00001e-01,
1.6447828e-05,-0.00000e+00,
1.6457829e-05,2.00001e-01,
1.6467829e-05,2.00001e-01,
1.6477830e-05,-0.00000e+00,
1.6487831e-05,2.00001e-01,
1.6497832e-05,-0.00000e+00,
1.6507833e-05,2.00001e-01,
1.6517834e-05,-0.00000e+00,
1.6527834e-05,-0.00000e+00,
1.6537835e-05,2.00001e-01,
1.6547836e-05,2.00001e-01,
1.6557837e-05,-0.00000e+00,
1.6567838e-05,2.00001e-01,
1.6577838e-05,-0.00000e+00,
1.6587839e-05,-0.00000e+00,
1.6597840e-05,2.00001e-01,
1.6607841e-05,-0.00000e+00,
1.6617842e-05,2.00001e-01,
1.6627842e-05,2.00001e-01,
1.6637843e-05,-0.00000e+00,
1.6647844e-05,2.00001e-01,
1.6657845e-05,-0.00000e+00,
1.6667846e-05,2.00001e-01,
1.6677846e-05,-0.00000e+00,
1.6687847e-05,-0.00000e+00,
1.6697848e-05,2.00001e-01,
1.6707849e-05,-0.00000e+00,
1.6717850e-05,2.00001e-01,
1.6727850e-05,-0.00000e+00,
1.6737851e-05,2.00001e-01,
1.6747852e-05,-0.00000e+00,
1.6757853e-05,-0.00000e+00,
1.6767854e-05,-0.00000e+00,
1.6777854e-05,2.00001e-01,
1.6787855e-05,2.00001e-01,
1.6797856e-05,2.00001e-01,
1.6807857e-05,-0.00000e+00,
1.6817858e-05,-0.00000e+00,
1.6827858e-05,-0.00000e+00,
1.6837859e-05,-0.00000e+00,
1.6847860e-05,-0.00000e+00,
1.6857861e-05,2.00001e-01,
1.6867862e-05,-0.00000e+00,
1.6877862e-05,-0.00000e+00,
1.6887863e-05,-0.00000e+00,
1.6897864e-05,-0.00000e+00,
1.6907865e-05,2.00001e-01,
1.6917866e-05,-0.00000e+00,
1.6927866e-05,2.00001e-01,
1.6937867e-05,-0.00000e+00,
1.6947868e-05,2.00001e-01,
1.6957869e-05,-0.00000e+00,
1.6967870e-05,-0.00000e+00,
1.6977870e-05,2.00001e-01,
1.6987871e-05,2.00001e-01,
1.6997872e-05,-0.00000e+00,
1.7007873e-05,-0.00000e+00,
1.7017874e-05,-0.00000e+00,
1.7027874e-05,2.00001e-01,
1.7037875e-05,2.00001e-01,
1.7047876e-05,-0.00000e+00,
1.7057877e-05,-0.00000e+00,
1.7067878e-05,-0.00000e+00,
1.7077879e-05,-0.00000e+00,
1.7087879e-05,-0.00000e+00,
1.7097880e-05,-0.00000e+00,
1.7107881e-05,-0.00000e+00,
1.7117882e-05,-0.00000e+00,
1.7127883e-05,-0.00000e+00,
1.7137883e-05,-0.00000e+00,
1.7147884e-05,-0.00000e+00,
1.7157885e-05,-0.00000e+00,
1.7167886e-05,-0.00000e+00,
1.7177887e-05,-0.00000e+00,
1.7187887e-05,-0.00000e+00,
1.7197888e-05,-0.00000e+00,
1.7207889e-05,-0.00000e+00,
1.7217890e-05,-0.00000e+00,
1.7227891e-05,-0.00000e+00,
1.7237891e-05,-0.00000e+00,
1.7247892e-05,-0.00000e+00,
1.7257893e-05,2.00001e-01,
1.7267894e-05,-0.00000e+00,
1.7277895e-05,2.00001e-01,
1.7287895e-05,2.00001e-01,
1.7297896e-05,-0.00000e+00,
1.7307897e-05,2.00001e-01,
1.7317898e-05,2.00001e-01,
1.7327899e-05,-0.00000e+00,
1.7337899e-05,-0.00000e+00,
1.7347900e-05,-0.00000e+00,
1.7357901e-05,2.00001e-01,
1.7367902e-05,-0.00000e+00,
1.7377903e-05,2.00001e-01,
1.7387903e-05,-0.00000e+00,
1.7397904e-05,-0.00000e+00,
1.7407905e-05,-0.00000e+00,
1.7417906e-05,2.00001e-01,
1.7427907e-05,-0.00000e+00,
1.7437907e-05,2.00001e-01,
1.7447908e-05,-0.00000e+00,
1.7457909e-05,-0.00000e+00,
1.7467910e-05,2.00001e-01,
1.7477911e-05,-0.00000e+00,
1.7487911e-05,-0.00000e+00,
1.7497912e-05,-0.00000e+00,
1.7507913e-05,2.00001e-01,
1.7517914e-05,2.00001e-01,
1.7527915e-05,-0.00000e+00,
1.7537915e-05,-0.00000e+00,
1.7547916e-05,-0.00000e+00,
1.7557917e-05,-0.00000e+00,
1.7567918e-05,-0.00000e+00,
1.7577919e-05,2.00001e-01,
1.7587920e-05,-0.00000e+00,
1.7597920e-05,-0.00000e+00,
1.7607921e-05,-0.00000e+00,
1.7617922e-05,2.00001e-01,
1.7627923e-05,2.00001e-01,
1.7637924e-05,2.00001e-01,
1.7647924e-05,-0.00000e+00,
1.7657925e-05,-0.00000e+00,
1.7667926e-05,-0.00000e+00,
1.7677927e-05,2.00001e-01,
1.7687928e-05,-0.00000e+00,
1.7697928e-05,-0.00000e+00,
1.7707929e-05,-0.00000e+00,
1.7717930e-05,-0.00000e+00,
1.7727931e-05,-0.00000e+00,
1.7737932e-05,-0.00000e+00,
1.7747932e-05,-0.00000e+00,
1.7757933e-05,-0.00000e+00,
1.7767934e-05,-0.00000e+00,
1.7777935e-05,-0.00000e+00,
1.7787936e-05,-0.00000e+00,
1.7797936e-05,-0.00000e+00,
1.7807937e-05,-0.00000e+00,
1.7817938e-05,-0.00000e+00,
1.7827939e-05,-0.00000e+00,
1.7837940e-05,-0.00000e+00,
1.7847940e-05,-0.00000e+00,
1.7857941e-05,-0.00000e+00,
1.7867942e-05,-0.00000e+00,
1.7877943e-05,-0.00000e+00,
1.7887944e-05,-0.00000e+00,
1.7897944e-05,2.00001e-01,
1.7907945e-05,-0.00000e+00,
1.7917946e-05,-0.00000e+00,
1.7927947e-05,2.00001e-01,
1.7937948e-05,-0.00000e+00,
1.7947948e-05,2.00001e-01,
1.7957949e-05,-0.00000e+00,
1.7967950e-05,-0.00000e+00,
1.7977951e-05,2.00001e-01,
1.7987952e-05,2.00001e-01,
1.7997952e-05,2.00001e-01,
1.8007953e-05,2.00001e-01,
1.8017954e-05,-0.00000e+00,
1.8027955e-05,-0.00000e+00,
1.8037956e-05,-0.00000e+00,
1.8047956e-05,-0.00000e+00,
1.8057957e-05,-0.00000e+00,
1.8067958e-05,-0.00000e+00,
1.8077959e-05,2.00001e-01,
1.8087960e-05,-0.00000e+00,
1.8097960e-05,-0.00000e+00,
1.8107961e-05,-0.00000e+00,
1.8117962e-05,-0.00000e+00,
1.8127963e-05,-0.00000e+00,
1.8137964e-05,2.00001e-01,
1.8147965e-05,-0.00000e+00,
1.8157965e-05,-0.00000e+00,
1.8167966e-05,-0.00000e+00,
1.8177967e-05,-0.00000e+00,
1.8187968e-05,-0.00000e+00,
1.8197969e-05,-0.00000e+00,
1.8207969e-05,-0.00000e+00,
1.8217970e-05,-0.00000e+00,
1.8227971e-05,-0.00000e+00,
1.8237972e-05,-0.00000e+00,
1.8247973e-05,-0.00000e+00,
1.8257973e-05,-0.00000e+00,
1.8267974e-05,-0.00000e+00,
1.8277975e-05,-0.00000e+00,
1.8287976e-05,-0.00000e+00,
1.8297977e-05,-0.00000e+00,
1.8307977e-05,-0.00000e+00,
1.8317978e-05,-0.00000e+00,
1.8327979e-05,2.00001e-01,
1.8337980e-05,-0.00000e+00,
1.8347981e-05,-0.00000e+00,
1.8357981e-05,-0.00000e+00,
1.8367982e-05,-0.00000e+00,
1.8377983e-05,-0.00000e+00,
1.8387984e-05,2.00001e-01,
1.8397985e-05,-0.00000e+00,
1.8407985e-05,-0.00000e+00,
1.8417986e-05,-0.00000e+00,
1.8427987e-05,-0.00000e+00,
1.8437988e-05,-0.00000e+00,
1.8447989e-05,-0.00000e+00,
1.8457989e-05,-0.00000e+00,
1.8467990e-05,-0.00000e+00,
1.8477991e-05,2.00001e-01,
1.8487992e-05,2.00001e-01,
1.8497993e-05,2.00001e-01,
1.8507993e-05,-0.00000e+00,
1.8517994e-05,-0.00000e+00,
1.8527995e-05,-0.00000e+00,
1.8537996e-05,2.00001e-01,
1.8547997e-05,-0.00000e+00,
1.8557997e-05,2.00001e-01,
1.8567998e-05,-0.00000e+00,
1.8577999e-05,-0.00000e+00,
1.8588000e-05,2.00001e-01,
1.8598001e-05,-0.00000e+00,
1.8608001e-05,-0.00000e+00,
1.8618002e-05,2.00001e-01,
1.8628003e-05,-0.00000e+00,
1.8638004e-05,2.00001e-01,
1.8648005e-05,2.00001e-01,
1.8658006e-05,-0.00000e+00,
1.8668006e-05,2.00001e-01,
1.8678007e-05,-0.00000e+00,
1.8688008e-05,2.00001e-01,
1.8698009e-05,-0.00000e+00,
1.8708010e-05,-0.00000e+00,
1.8718010e-05,-0.00000e+00,
1.8728011e-05,2.00001e-01,
1.8738012e-05,-0.00000e+00,
1.8748013e-05,-0.00000e+00,
1.8758014e-05,-0.00000e+00,
1.8768014e-05,-0.00000e+00,
1.8778015e-05,-0.00000e+00,
1.8788016e-05,-0.00000e+00,
1.8798017e-05,-0.00000e+00,
1.8808018e-05,-0.00000e+00,
1.8818018e-05,-0.00000e+00,
1.8828019e-05,2.00001e-01,
1.8838020e-05,-0.00000e+00,
1.8848021e-05,2.00001e-01,
1.8858022e-05,-0.00000e+00,
1.8868022e-05,2.00001e-01,
1.8878023e-05,2.00001e-01,
1.8888024e-05,-0.00000e+00,
1.8898025e-05,2.00001e-01,
1.8908026e-05,-0.00000e+00,
1.8918026e-05,-0.00000e+00,
1.8928027e-05,-0.00000e+00,
1.8938028e-05,-0.00000e+00,
1.8948029e-05,2.00001e-01,
1.8958030e-05,-0.00000e+00,
1.8968030e-05,2.00001e-01,
1.8978031e-05,-0.00000e+00,
1.8988032e-05,-0.00000e+00,
1.8998033e-05,-0.00000e+00,
1.9008034e-05,-0.00000e+00,
1.9018034e-05,-0.00000e+00,
1.9028035e-05,-0.00000e+00,
1.9038036e-05,-0.00000e+00,
1.9048037e-05,-0.00000e+00,
1.9058038e-05,-0.00000e+00,
1.9068038e-05,2.00001e-01,
1.9078039e-05,-0.00000e+00,
1.9088040e-05,-0.00000e+00,
1.9098041e-05,-0.00000e+00,
1.9108042e-05,-0.00000e+00,
1.9118042e-05,-0.00000e+00,
1.9128043e-05,-0.00000e+00,
1.9138044e-05,-0.00000e+00,
1.9148045e-05,-0.00000e+00,
1.9158046e-05,-0.00000e+00,
1.9168046e-05,-0.00000e+00,
1.9178047e-05,-0.00000e+00,
1.9188048e-05,-0.00000e+00,
1.9198049e-05,-0.00000e+00,
1.9208050e-05,-0.00000e+00,
1.9218051e-05,-0.00000e+00,
1.9228051e-05,-0.00000e+00,
1.9238052e-05,-0.00000e+00,
1.9248053e-05,-0.00000e+00,
1.9258054e-05,-0.00000e+00,
1.9268055e-05,-0.00000e+00,
1.9278055e-05,-0.00000e+00,
1.9288056e-05,-0.00000e+00,
1.9298057e-05,-0.00000e+00,
1.9308058e-05,-0.00000e+00,
1.9318059e-05,-0.00000e+00,
1.9328059e-05,-0.00000e+00,
1.9338060e-05,-0.00000e+00,
1.9348061e-05,2.00001e-01,
1.9358062e-05,-0.00000e+00,
1.9368063e-05,-0.00000e+00,
1.9378063e-05,-0.00000e+00,
1.9388064e-05,2.00001e-01,
1.9398065e-05,2.00001e-01,
1.9408066e-05,-0.00000e+00,
1.9418067e-05,-0.00000e+00,
1.9428067e-05,-0.00000e+00,
1.9438068e-05,-0.00000e+00,
1.9448069e-05,-0.00000e+00,
1.9458070e-05,2.00001e-01,
1.9468071e-05,-0.00000e+00,
1.9478071e-05,2.00001e-01,
1.9488072e-05,-0.00000e+00,
1.9498073e-05,-0.00000e+00,
1.9508074e-05,2.00001e-01,
1.9518075e-05,-0.00000e+00,
1.9528075e-05,2.00001e-01,
1.9538076e-05,-0.00000e+00,
1.9548077e-05,2.00001e-01,
1.9558078e-05,-0.00000e+00,
1.9568079e-05,-0.00000e+00,
1.9578079e-05,-0.00000e+00,
1.9588080e-05,-0.00000e+00,
1.9598081e-05,2.00001e-01,
1.9608082e-05,-0.00000e+00,
1.9618083e-05,-0.00000e+00,
1.9628083e-05,-0.00000e+00,
1.9638084e-05,-0.00000e+00,
1.9648085e-05,2.00001e-01,
1.9658086e-05,2.00001e-01,
1.9668087e-05,-0.00000e+00,
1.9678087e-05,2.00001e-01,
1.9688088e-05,-0.00000e+00,
1.9698089e-05,-0.00000e+00,
1.9708090e-05,-0.00000e+00,
1.9718091e-05,-0.00000e+00,
1.9728092e-05,2.00001e-01,
1.9738092e-05,2.00001e-01,
1.9748093e-05,-0.00000e+00,
1.9758094e-05,2.00001e-01,
1.9768095e-05,-0.00000e+00,
1.9778096e-05,-0.00000e+00,
1.9788096e-05,-0.00000e+00,
1.9798097e-05,-0.00000e+00,
1.9808098e-05,2.00001e-01,
1.9818099e-05,-0.00000e+00,
1.9828100e-05,-0.00000e+00,
1.9838100e-05,-0.00000e+00,
1.9848101e-05,-0.00000e+00,
1.9858102e-05,2.00001e-01,
1.9868103e-05,-0.00000e+00,
1.9878104e-05,-0.00000e+00,
1.9888104e-05,2.00001e-01,
1.9898105e-05,-0.00000e+00,
1.9908106e-05,-0.00000e+00,
1.9918107e-05,2.00001e-01,
1.9928108e-05,2.00001e-01,
1.9938108e-05,-0.00000e+00,
1.9948109e-05,2.00001e-01,
1.9958110e-05,-0.00000e+00,
1.9968111e-05,2.00001e-01,
1.9978112e-05,-0.00000e+00,
1.9988112e-05,2.00001e-01,
1.9998113e-05,-0.00000e+00,
2.0008114e-05,2.00001e-01,
2.0018115e-05,-0.00000e+00,
2.0028116e-05,-0.00000e+00,
2.0038116e-05,-0.00000e+00,
2.0048117e-05,-0.00000e+00,
2.0058118e-05,-0.00000e+00,
2.0068119e-05,-0.00000e+00,
2.0078120e-05,-0.00000e+00,
2.0088120e-05,-0.00000e+00,
2.0098121e-05,2.00001e-01,
2.0108122e-05,2.00001e-01,
2.0118123e-05,-0.00000e+00,
2.0128124e-05,-0.00000e+00,
2.0138124e-05,2.00001e-01,
2.0148125e-05,2.00001e-01,
2.0158126e-05,-0.00000e+00,
2.0168127e-05,2.00001e-01,
2.0178128e-05,-0.00000e+00,
2.0188128e-05,-0.00000e+00,
2.0198129e-05,-0.00000e+00,
2.0208130e-05,-0.00000e+00,
2.0218131e-05,2.00001e-01,
2.0228132e-05,2.00001e-01,
2.0238132e-05,-0.00000e+00,
2.0248133e-05,-0.00000e+00,
2.0258134e-05,-0.00000e+00,
2.0268135e-05,-0.00000e+00,
2.0278136e-05,-0.00000e+00,
2.0288137e-05,-0.00000e+00,
2.0298137e-05,-0.00000e+00,
2.0308138e-05,-0.00000e+00,
2.0318139e-05,-0.00000e+00,
2.0328140e-05,-0.00000e+00,
2.0338141e-05,-0.00000e+00,
2.0348141e-05,-0.00000e+00,
2.0358142e-05,-0.00000e+00,
2.0368143e-05,-0.00000e+00,
2.0378144e-05,-0.00000e+00,
2.0388145e-05,-0.00000e+00,
2.0398145e-05,-0.00000e+00,
2.0408146e-05,-0.00000e+00,
2.0418147e-05,-0.00000e+00,
2.0428148e-05,-0.00000e+00,
2.0438149e-05,-0.00000e+00,
2.0448149e-05,-0.00000e+00,
2.0458150e-05,2.00001e-01,
2.0468151e-05,-0.00000e+00,
2.0478152e-05,-0.00000e+00,
2.0488153e-05,-0.00000e+00,
2.0498153e-05,-0.00000e+00,
2.0508154e-05,-0.00000e+00,
2.0518155e-05,-0.00000e+00,
2.0528156e-05,-0.00000e+00,
2.0538157e-05,-0.00000e+00,
2.0548157e-05,-0.00000e+00,
2.0558158e-05,-0.00000e+00,
2.0568159e-05,-0.00000e+00,
2.0578160e-05,-0.00000e+00,
2.0588161e-05,-0.00000e+00,
2.0598161e-05,-0.00000e+00,
2.0608162e-05,-0.00000e+00,
2.0618163e-05,2.00001e-01,
2.0628164e-05,-0.00000e+00,
2.0638165e-05,-0.00000e+00,
2.0648165e-05,-0.00000e+00,
2.0658166e-05,-0.00000e+00,
2.0668167e-05,-0.00000e+00,
2.0678168e-05,-0.00000e+00,
2.0688169e-05,-0.00000e+00,
2.0698169e-05,-0.00000e+00,
2.0708170e-05,-0.00000e+00,
2.0718171e-05,-0.00000e+00,
2.0728172e-05,-0.00000e+00,
2.0738173e-05,2.00001e-01,
2.0748173e-05,-0.00000e+00,
2.0758174e-05,2.00001e-01,
2.0768175e-05,-0.00000e+00,
2.0778176e-05,2.00001e-01,
2.0788177e-05,2.00001e-01,
2.0798178e-05,-0.00000e+00,
2.0808178e-05,-0.00000e+00,
2.0818179e-05,-0.00000e+00,
2.0828180e-05,2.00001e-01,
2.0838181e-05,-0.00000e+00,
2.0848182e-05,2.00001e-01,
2.0858182e-05,-0.00000e+00,
2.0868183e-05,-0.00000e+00,
2.0878184e-05,2.00001e-01,
2.0888185e-05,2.00001e-01,
2.0898186e-05,-0.00000e+00,
2.0908186e-05,-0.00000e+00,
2.0918187e-05,-0.00000e+00,
2.0928188e-05,-0.00000e+00,
2.0938189e-05,-0.00000e+00,
2.0948190e-05,2.00001e-01,
2.0958190e-05,-0.00000e+00,
2.0968191e-05,-0.00000e+00,
2.0978192e-05,-0.00000e+00,
2.0988193e-05,-0.00000e+00,
2.0998194e-05,-0.00000e+00,
2.1008194e-05,2.00001e-01,
2.1018195e-05,-0.00000e+00,
2.1028196e-05,-0.00000e+00,
2.1038197e-05,-0.00000e+00,
2.1048198e-05,-0.00000e+00,
2.1058198e-05,-0.00000e+00,
2.1068199e-05,2.00001e-01,
2.1078200e-05,-0.00000e+00,
2.1088201e-05,-0.00000e+00,
2.1098202e-05,-0.00000e+00,
2.1108202e-05,-0.00000e+00,
2.1118203e-05,-0.00000e+00,
2.1128204e-05,-0.00000e+00,
2.1138205e-05,-0.00000e+00,
2.1148206e-05,-0.00000e+00,
2.1158206e-05,-0.00000e+00,
2.1168207e-05,-0.00000e+00,
2.1178208e-05,-0.00000e+00,
2.1188209e-05,2.00001e-01,
2.1198210e-05,-0.00000e+00,
2.1208210e-05,2.00001e-01,
2.1218211e-05,-0.00000e+00,
2.1228212e-05,-0.00000e+00,
2.1238213e-05,-0.00000e+00,
2.1248214e-05,2.00001e-01,
2.1258214e-05,2.00001e-01,
2.1268215e-05,2.00001e-01,
2.1278216e-05,-0.00000e+00,
2.1288217e-05,2.00001e-01,
2.1298218e-05,2.00001e-01,
2.1308218e-05,2.00001e-01,
2.1318219e-05,2.00001e-01,
2.1328220e-05,2.00001e-01,
2.1338221e-05,2.00001e-01,
2.1348222e-05,-0.00000e+00,
2.1358223e-05,-0.00000e+00,
2.1368223e-05,2.00001e-01,
2.1378224e-05,-0.00000e+00,
2.1388225e-05,-0.00000e+00,
2.1398226e-05,-0.00000e+00,
2.1408227e-05,-0.00000e+00,
2.1418227e-05,2.00001e-01,
2.1428228e-05,-0.00000e+00,
2.1438229e-05,-0.00000e+00,
2.1448230e-05,-0.00000e+00,
2.1458231e-05,-0.00000e+00,
2.1468231e-05,-0.00000e+00,
2.1478232e-05,2.00001e-01,
2.1488233e-05,-0.00000e+00,
2.1498234e-05,-0.00000e+00,
2.1508235e-05,2.00001e-01,
2.1518235e-05,-0.00000e+00,
2.1528236e-05,-0.00000e+00,
2.1538237e-05,-0.00000e+00,
2.1548238e-05,-0.00000e+00,
2.1558239e-05,2.00001e-01,
2.1568239e-05,2.00001e-01,
2.1578240e-05,-0.00000e+00,
2.1588241e-05,-0.00000e+00,
2.1598242e-05,-0.00000e+00,
2.1608243e-05,-0.00000e+00,
2.1618243e-05,-0.00000e+00,
2.1628244e-05,-0.00000e+00,
2.1638245e-05,2.00001e-01,
2.1648246e-05,-0.00000e+00,
2.1658247e-05,-0.00000e+00,
2.1668247e-05,-0.00000e+00,
2.1678248e-05,-0.00000e+00,
2.1688249e-05,-0.00000e+00,
2.1698250e-05,-0.00000e+00,
2.1708251e-05,-0.00000e+00,
2.1718251e-05,-0.00000e+00,
2.1728252e-05,-0.00000e+00,
2.1738253e-05,-0.00000e+00,
2.1748254e-05,-0.00000e+00,
2.1758255e-05,-0.00000e+00,
2.1768255e-05,-0.00000e+00,
2.1778256e-05,-0.00000e+00,
2.1788257e-05,-0.00000e+00,
2.1798258e-05,-0.00000e+00,
2.1808259e-05,-0.00000e+00,
2.1818259e-05,-0.00000e+00,
2.1828260e-05,-0.00000e+00,
2.1838261e-05,-0.00000e+00,
2.1848262e-05,-0.00000e+00,
2.1858263e-05,2.00001e-01,
2.1868264e-05,-0.00000e+00,
2.1878264e-05,-0.00000e+00,
2.1888265e-05,-0.00000e+00,
2.1898266e-05,-0.00000e+00,
2.1908267e-05,2.00001e-01,
2.1918268e-05,-0.00000e+00,
2.1928268e-05,-0.00000e+00,
2.1938269e-05,-0.00000e+00,
2.1948270e-05,-0.00000e+00,
2.1958271e-05,-0.00000e+00,
2.1968272e-05,-0.00000e+00,
2.1978272e-05,-0.00000e+00,
2.1988273e-05,-0.00000e+00,
2.1998274e-05,-0.00000e+00,
2.2008275e-05,-0.00000e+00,
2.2018276e-05,-0.00000e+00,
2.2028276e-05,-0.00000e+00,
2.2038277e-05,-0.00000e+00,
2.2048278e-05,2.00001e-01,
2.2058279e-05,-0.00000e+00,
2.2068280e-05,-0.00000e+00,
2.2078280e-05,-0.00000e+00,
2.2088281e-05,-0.00000e+00,
2.2098282e-05,-0.00000e+00,
2.2108283e-05,-0.00000e+00,
2.2118284e-05,-0.00000e+00,
2.2128284e-05,-0.00000e+00,
2.2138285e-05,-0.00000e+00,
2.2148286e-05,-0.00000e+00,
2.2158287e-05,-0.00000e+00,
2.2168288e-05,-0.00000e+00,
2.2178288e-05,-0.00000e+00,
2.2188289e-05,-0.00000e+00,
2.2198290e-05,-0.00000e+00,
2.2208291e-05,-0.00000e+00,
2.2218292e-05,2.00001e-01,
2.2228292e-05,-0.00000e+00,
2.2238293e-05,-0.00000e+00,
2.2248294e-05,-0.00000e+00,
2.2258295e-05,-0.00000e+00,
2.2268296e-05,-0.00000e+00,
2.2278296e-05,2.00001e-01,
2.2288297e-05,-0.00000e+00,
2.2298298e-05,-0.00000e+00,
2.2308299e-05,-0.00000e+00,
2.2318300e-05,2.00001e-01,
2.2328300e-05,-0.00000e+00,
2.2338301e-05,2.00001e-01,
2.2348302e-05,-0.00000e+00,
2.2358303e-05,2.00001e-01,
2.2368304e-05,-0.00000e+00,
2.2378304e-05,2.00001e-01,
2.2388305e-05,2.00001e-01,
2.2398306e-05,-0.00000e+00,
2.2408307e-05,2.00001e-01,
2.2418308e-05,2.00001e-01,
2.2428309e-05,-0.00000e+00,
2.2438309e-05,-0.00000e+00,
2.2448310e-05,2.00001e-01,
2.2458311e-05,2.00001e-01,
2.2468312e-05,-0.00000e+00,
2.2478313e-05,-0.00000e+00,
2.2488313e-05,-0.00000e+00,
2.2498314e-05,-0.00000e+00,
2.2508315e-05,-0.00000e+00,
2.2518316e-05,2.00001e-01,
2.2528317e-05,-0.00000e+00,
2.2538317e-05,-0.00000e+00,
2.2548318e-05,-0.00000e+00,
2.2558319e-05,-0.00000e+00,
2.2568320e-05,-0.00000e+00,
2.2578321e-05,2.00001e-01,
2.2588321e-05,-0.00000e+00,
2.2598322e-05,-0.00000e+00,
2.2608323e-05,-0.00000e+00,
2.2618324e-05,-0.00000e+00,
2.2628325e-05,2.00001e-01,
2.2638325e-05,-0.00000e+00,
2.2648326e-05,-0.00000e+00,
2.2658327e-05,-0.00000e+00,
2.2668328e-05,-0.00000e+00,
2.2678329e-05,2.00001e-01,
2.2688329e-05,-0.00000e+00,
2.2698330e-05,-0.00000e+00,
2.2708331e-05,-0.00000e+00,
2.2718332e-05,-0.00000e+00,
2.2728333e-05,-0.00000e+00,
2.2738333e-05,2.00001e-01,
2.2748334e-05,-0.00000e+00,
2.2758335e-05,-0.00000e+00,
2.2768336e-05,-0.00000e+00,
2.2778337e-05,-0.00000e+00,
2.2788337e-05,-0.00000e+00,
2.2798338e-05,-0.00000e+00,
2.2808339e-05,-0.00000e+00,
2.2818340e-05,-0.00000e+00,
2.2828341e-05,-0.00000e+00,
2.2838341e-05,2.00001e-01,
2.2848342e-05,-0.00000e+00,
2.2858343e-05,-0.00000e+00,
2.2868344e-05,-0.00000e+00,
2.2878345e-05,-0.00000e+00,
2.2888345e-05,2.00001e-01,
2.2898346e-05,-0.00000e+00,
2.2908347e-05,2.00001e-01,
2.2918348e-05,-0.00000e+00,
2.2928349e-05,2.00001e-01,
2.2938350e-05,-0.00000e+00,
2.2948350e-05,-0.00000e+00,
2.2958351e-05,2.00001e-01,
2.2968352e-05,2.00001e-01,
2.2978353e-05,2.00001e-01,
2.2988354e-05,-0.00000e+00,
2.2998354e-05,-0.00000e+00,
2.3008355e-05,-0.00000e+00,
2.3018356e-05,-0.00000e+00,
2.3028357e-05,-0.00000e+00,
2.3038358e-05,-0.00000e+00,
2.3048358e-05,-0.00000e+00,
2.3058359e-05,-0.00000e+00,
2.3068360e-05,-0.00000e+00,
2.3078361e-05,-0.00000e+00,
2.3088362e-05,-0.00000e+00,
2.3098362e-05,-0.00000e+00,
2.3108363e-05,-0.00000e+00,
2.3118364e-05,-0.00000e+00,
2.3128365e-05,-0.00000e+00,
2.3138366e-05,-0.00000e+00,
2.3148366e-05,-0.00000e+00,
2.3158367e-05,-0.00000e+00,
2.3168368e-05,-0.00000e+00,
2.3178369e-05,-0.00000e+00,
2.3188370e-05,-0.00000e+00,
2.3198370e-05,-0.00000e+00,
2.3208371e-05,-0.00000e+00,
2.3218372e-05,-0.00000e+00,
2.3228373e-05,-0.00000e+00,
2.3238374e-05,-0.00000e+00,
2.3248374e-05,-0.00000e+00,
2.3258375e-05,2.00001e-01,
2.3268376e-05,-0.00000e+00,
2.3278377e-05,-0.00000e+00,
2.3288378e-05,-0.00000e+00,
2.3298378e-05,2.00001e-01,
2.3308379e-05,-0.00000e+00,
2.3318380e-05,-0.00000e+00,
2.3328381e-05,-0.00000e+00,
2.3338382e-05,2.00001e-01,
2.3348382e-05,-0.00000e+00,
2.3358383e-05,-0.00000e+00,
2.3368384e-05,-0.00000e+00,
2.3378385e-05,-0.00000e+00,
2.3388386e-05,2.00001e-01,
2.3398386e-05,-0.00000e+00,
2.3408387e-05,-0.00000e+00,
2.3418388e-05,-0.00000e+00,
2.3428389e-05,-0.00000e+00,
2.3438390e-05,-0.00000e+00,
2.3448390e-05,-0.00000e+00,
2.3458391e-05,2.00001e-01,
2.3468392e-05,2.00001e-01,
2.3478393e-05,-0.00000e+00,
2.3488394e-05,-0.00000e+00,
2.3498395e-05,-0.00000e+00,
2.3508395e-05,2.00001e-01,
2.3518396e-05,-0.00000e+00,
2.3528397e-05,-0.00000e+00,
2.3538398e-05,-0.00000e+00,
2.3548399e-05,-0.00000e+00,
2.3558399e-05,-0.00000e+00,
2.3568400e-05,2.00001e-01,
2.3578401e-05,2.00001e-01,
2.3588402e-05,-0.00000e+00,
2.3598403e-05,-0.00000e+00,
2.3608403e-05,2.00001e-01,
2.3618404e-05,2.00001e-01,
2.3628405e-05,-0.00000e+00,
2.3638406e-05,-0.00000e+00,
2.3648407e-05,-0.00000e+00,
2.3658407e-05,-0.00000e+00,
2.3668408e-05,-0.00000e+00,
2.3678409e-05,2.00001e-01,
2.3688410e-05,-0.00000e+00,
2.3698411e-05,-0.00000e+00,
2.3708411e-05,-0.00000e+00,
2.3718412e-05,2.00001e-01,
2.3728413e-05,-0.00000e+00,
2.3738414e-05,-0.00000e+00,
2.3748415e-05,-0.00000e+00,
2.3758415e-05,-0.00000e+00,
2.3768416e-05,2.00001e-01,
2.3778417e-05,-0.00000e+00,
2.3788418e-05,-0.00000e+00,
2.3798419e-05,-0.00000e+00,
2.3808419e-05,-0.00000e+00,
2.3818420e-05,2.00001e-01,
2.3828421e-05,2.00001e-01,
2.3838422e-05,-0.00000e+00,
2.3848423e-05,2.00001e-01,
2.3858423e-05,-0.00000e+00,
2.3868424e-05,2.00001e-01,
2.3878425e-05,-0.00000e+00,
2.3888426e-05,-0.00000e+00,
2.3898427e-05,2.00001e-01,
2.3908427e-05,2.00001e-01,
2.3918428e-05,-0.00000e+00,
2.3928429e-05,-0.00000e+00,
2.3938430e-05,-0.00000e+00,
2.3948431e-05,2.00001e-01,
2.3958431e-05,-0.00000e+00,
2.3968432e-05,-0.00000e+00,
2.3978433e-05,-0.00000e+00,
2.3988434e-05,2.00001e-01,
2.3998435e-05,-0.00000e+00,
2.4008436e-05,2.00001e-01,
2.4018436e-05,-0.00000e+00,
2.4028437e-05,-0.00000e+00,
2.4038438e-05,2.00001e-01,
2.4048439e-05,2.00001e-01,
2.4058440e-05,2.00001e-01,
2.4068440e-05,2.00001e-01,
2.4078441e-05,2.00001e-01,
2.4088442e-05,2.00001e-01,
2.4098443e-05,-0.00000e+00,
2.4108444e-05,-0.00000e+00,
2.4118444e-05,2.00001e-01,
2.4128445e-05,-0.00000e+00,
2.4138446e-05,-0.00000e+00,
2.4148447e-05,-0.00000e+00,
2.4158448e-05,2.00001e-01,
2.4168448e-05,-0.00000e+00,
2.4178449e-05,-0.00000e+00,
2.4188450e-05,2.00001e-01,
2.4198451e-05,-0.00000e+00,
2.4208452e-05,-0.00000e+00,
2.4218452e-05,2.00001e-01,
2.4228453e-05,-0.00000e+00,
2.4238454e-05,-0.00000e+00,
2.4248455e-05,2.00001e-01,
2.4258456e-05,2.00001e-01,
2.4268456e-05,2.00001e-01,
2.4278457e-05,-0.00000e+00,
2.4288458e-05,-0.00000e+00,
2.4298459e-05,2.00001e-01,
2.4308460e-05,2.00001e-01,
2.4318460e-05,2.00001e-01,
2.4328461e-05,-0.00000e+00,
2.4338462e-05,-0.00000e+00,
2.4348463e-05,2.00001e-01,
2.4358464e-05,-0.00000e+00,
2.4368464e-05,-0.00000e+00,
2.4378465e-05,2.00001e-01,
2.4388466e-05,-0.00000e+00,
2.4398467e-05,2.00001e-01,
2.4408468e-05,2.00001e-01,
2.4418468e-05,-0.00000e+00,
2.4428469e-05,-0.00000e+00,
2.4438470e-05,-0.00000e+00,
2.4448471e-05,-0.00000e+00,
2.4458472e-05,2.00001e-01,
2.4468472e-05,-0.00000e+00,
2.4478473e-05,-0.00000e+00,
2.4488474e-05,-0.00000e+00,
2.4498475e-05,2.00001e-01,
2.4508476e-05,2.00001e-01,
2.4518476e-05,2.00001e-01,
2.4528477e-05,-0.00000e+00,
2.4538478e-05,-0.00000e+00,
2.4548479e-05,2.00001e-01,
2.4558480e-05,-0.00000e+00,
2.4568481e-05,-0.00000e+00,
2.4578481e-05,-0.00000e+00,
2.4588482e-05,-0.00000e+00,
2.4598483e-05,2.00001e-01,
2.4608484e-05,-0.00000e+00,
2.4618485e-05,-0.00000e+00,
2.4628485e-05,-0.00000e+00,
2.4638486e-05,-0.00000e+00,
2.4648487e-05,-0.00000e+00,
2.4658488e-05,-0.00000e+00,
2.4668489e-05,-0.00000e+00,
2.4678489e-05,-0.00000e+00,
2.4688490e-05,-0.00000e+00,
2.4698491e-05,2.00001e-01,
2.4708492e-05,-0.00000e+00,
2.4718493e-05,-0.00000e+00,
2.4728493e-05,-0.00000e+00,
2.4738494e-05,-0.00000e+00,
2.4748495e-05,2.00001e-01,
2.4758496e-05,-0.00000e+00,
2.4768497e-05,2.00001e-01,
2.4778497e-05,2.00001e-01,
2.4788498e-05,-0.00000e+00,
2.4798499e-05,2.00001e-01,
2.4808500e-05,-0.00000e+00,
2.4818501e-05,2.00001e-01,
2.4828501e-05,-0.00000e+00,
2.4838502e-05,2.00001e-01,
2.4848503e-05,-0.00000e+00,
2.4858504e-05,-0.00000e+00,
2.4868505e-05,-0.00000e+00,
2.4878505e-05,2.00001e-01,
2.4888506e-05,-0.00000e+00,
2.4898507e-05,-0.00000e+00,
2.4908508e-05,-0.00000e+00,
2.4918509e-05,2.00001e-01,
2.4928509e-05,2.00001e-01,
2.4938510e-05,2.00001e-01,
2.4948511e-05,-0.00000e+00,
2.4958512e-05,-0.00000e+00,
2.4968513e-05,2.00001e-01,
2.4978513e-05,2.00001e-01,
2.4988514e-05,-0.00000e+00,
2.4998515e-05,-0.00000e+00,
2.5008516e-05,-0.00000e+00,
2.5018517e-05,2.00001e-01,
2.5028517e-05,-0.00000e+00,
2.5038518e-05,2.00001e-01,
2.5048519e-05,2.00001e-01,
2.5058520e-05,2.00001e-01,
2.5068521e-05,2.00001e-01,
2.5078522e-05,2.00001e-01,
2.5088522e-05,2.00001e-01,
2.5098523e-05,2.00001e-01,
2.5108524e-05,-0.00000e+00,
2.5118525e-05,2.00001e-01,
2.5128526e-05,2.00001e-01,
2.5138526e-05,-0.00000e+00,
2.5148527e-05,2.00001e-01,
2.5158528e-05,2.00001e-01,
2.5168529e-05,2.00001e-01,
2.5178530e-05,-0.00000e+00,
2.5188530e-05,-0.00000e+00,
2.5198531e-05,2.00001e-01,
2.5208532e-05,-0.00000e+00,
2.5218533e-05,-0.00000e+00,
2.5228534e-05,2.00001e-01,
2.5238534e-05,-0.00000e+00,
2.5248535e-05,2.00001e-01,
2.5258536e-05,2.00001e-01,
2.5268537e-05,-0.00000e+00,
2.5278538e-05,2.00001e-01,
2.5288538e-05,2.00001e-01,
2.5298539e-05,2.00001e-01,
2.5308540e-05,-0.00000e+00,
2.5318541e-05,2.00001e-01,
2.5328542e-05,2.00001e-01,
2.5338542e-05,-0.00000e+00,
2.5348543e-05,-0.00000e+00,
2.5358544e-05,2.00001e-01,
2.5368545e-05,-0.00000e+00,
2.5378546e-05,2.00001e-01,
2.5388546e-05,-0.00000e+00,
2.5398547e-05,-0.00000e+00,
2.5408548e-05,2.00001e-01,
2.5418549e-05,-0.00000e+00,
2.5428550e-05,-0.00000e+00,
2.5438550e-05,2.00001e-01,
2.5448551e-05,-0.00000e+00,
2.5458552e-05,2.00001e-01,
2.5468553e-05,2.00001e-01,
2.5478554e-05,-0.00000e+00,
2.5488554e-05,2.00001e-01,
2.5498555e-05,-0.00000e+00,
2.5508556e-05,2.00001e-01,
2.5518557e-05,2.00001e-01,
2.5528558e-05,2.00001e-01,
2.5538558e-05,-0.00000e+00,
2.5548559e-05,-0.00000e+00,
2.5558560e-05,2.00001e-01,
2.5568561e-05,-0.00000e+00,
2.5578562e-05,2.00001e-01,
2.5588562e-05,2.00001e-01,
2.5598563e-05,-0.00000e+00,
2.5608564e-05,-0.00000e+00,
2.5618565e-05,2.00001e-01,
2.5628566e-05,2.00001e-01,
2.5638567e-05,-0.00000e+00,
2.5648567e-05,-0.00000e+00,
2.5658568e-05,2.00001e-01,
2.5668569e-05,-0.00000e+00,
2.5678570e-05,2.00001e-01,
2.5688571e-05,-0.00000e+00,
2.5698571e-05,2.00001e-01,
2.5708572e-05,-0.00000e+00,
2.5718573e-05,-0.00000e+00,
2.5728574e-05,2.00001e-01,
2.5738575e-05,2.00001e-01,
2.5748575e-05,-0.00000e+00,
2.5758576e-05,-0.00000e+00,
2.5768577e-05,-0.00000e+00,
2.5778578e-05,-0.00000e+00,
2.5788579e-05,-0.00000e+00,
2.5798579e-05,2.00001e-01,
2.5808580e-05,2.00001e-01,
2.5818581e-05,2.00001e-01,
2.5828582e-05,2.00001e-01,
2.5838583e-05,-0.00000e+00,
2.5848583e-05,-0.00000e+00,
2.5858584e-05,-0.00000e+00,
2.5868585e-05,-0.00000e+00,
2.5878586e-05,2.00001e-01,
2.5888587e-05,2.00001e-01,
2.5898587e-05,-0.00000e+00,
2.5908588e-05,-0.00000e+00,
2.5918589e-05,-0.00000e+00,
2.5928590e-05,2.00001e-01,
2.5938591e-05,-0.00000e+00,
2.5948591e-05,2.00001e-01,
2.5958592e-05,2.00001e-01,
2.5968593e-05,2.00001e-01,
2.5978594e-05,-0.00000e+00,
2.5988595e-05,-0.00000e+00,
2.5998595e-05,2.00001e-01,
2.6008596e-05,-0.00000e+00,
2.6018597e-05,-0.00000e+00,
2.6028598e-05,-0.00000e+00,
2.6038599e-05,-0.00000e+00,
2.6048599e-05,-0.00000e+00,
2.6058600e-05,2.00001e-01,
2.6068601e-05,-0.00000e+00,
2.6078602e-05,-0.00000e+00,
2.6088603e-05,-0.00000e+00,
2.6098603e-05,-0.00000e+00,
2.6108604e-05,-0.00000e+00,
2.6118605e-05,2.00001e-01,
2.6128606e-05,-0.00000e+00,
2.6138607e-05,-0.00000e+00,
2.6148608e-05,-0.00000e+00,
2.6158608e-05,-0.00000e+00,
2.6168609e-05,2.00001e-01,
2.6178610e-05,-0.00000e+00,
2.6188611e-05,2.00001e-01,
2.6198612e-05,-0.00000e+00,
2.6208612e-05,-0.00000e+00,
2.6218613e-05,2.00001e-01,
2.6228614e-05,2.00001e-01,
2.6238615e-05,-0.00000e+00,
2.6248616e-05,2.00001e-01,
2.6258616e-05,2.00001e-01,
2.6268617e-05,-0.00000e+00,
2.6278618e-05,-0.00000e+00,
2.6288619e-05,-0.00000e+00,
2.6298620e-05,-0.00000e+00,
2.6308620e-05,-0.00000e+00,
2.6318621e-05,2.00001e-01,
2.6328622e-05,2.00001e-01,
2.6338623e-05,-0.00000e+00,
2.6348624e-05,-0.00000e+00,
2.6358624e-05,-0.00000e+00,
2.6368625e-05,-0.00000e+00,
2.6378626e-05,-0.00000e+00,
2.6388627e-05,-0.00000e+00,
2.6398628e-05,2.00001e-01,
2.6408628e-05,-0.00000e+00,
2.6418629e-05,-0.00000e+00,
2.6428630e-05,-0.00000e+00,
2.6438631e-05,-0.00000e+00,
2.6448632e-05,-0.00000e+00,
2.6458632e-05,2.00001e-01,
2.6468633e-05,-0.00000e+00,
2.6478634e-05,-0.00000e+00,
2.6488635e-05,2.00001e-01,
2.6498636e-05,-0.00000e+00,
2.6508636e-05,-0.00000e+00,
2.6518637e-05,2.00001e-01,
2.6528638e-05,2.00001e-01,
2.6538639e-05,2.00001e-01,
2.6548640e-05,-0.00000e+00,
2.6558640e-05,-0.00000e+00,
2.6568641e-05,2.00001e-01,
2.6578642e-05,-0.00000e+00,
2.6588643e-05,-0.00000e+00,
2.6598644e-05,-0.00000e+00,
2.6608644e-05,-0.00000e+00,
2.6618645e-05,-0.00000e+00,
2.6628646e-05,-0.00000e+00,
2.6638647e-05,-0.00000e+00,
2.6648648e-05,-0.00000e+00,
2.6658648e-05,2.00001e-01,
2.6668649e-05,-0.00000e+00,
2.6678650e-05,-0.00000e+00,
2.6688651e-05,2.00001e-01,
2.6698652e-05,-0.00000e+00,
2.6708653e-05,2.00001e-01,
2.6718653e-05,2.00001e-01,
2.6728654e-05,-0.00000e+00,
2.6738655e-05,-0.00000e+00,
2.6748656e-05,2.00001e-01,
2.6758657e-05,2.00001e-01,
2.6768657e-05,2.00001e-01,
2.6778658e-05,2.00001e-01,
2.6788659e-05,-0.00000e+00,
2.6798660e-05,2.00001e-01,
2.6808661e-05,-0.00000e+00,
2.6818661e-05,-0.00000e+00,
2.6828662e-05,-0.00000e+00,
2.6838663e-05,2.00001e-01,
2.6848664e-05,2.00001e-01,
2.6858665e-05,2.00001e-01,
2.6868665e-05,-0.00000e+00,
2.6878666e-05,-0.00000e+00,
2.6888667e-05,2.00001e-01,
2.6898668e-05,2.00001e-01,
2.6908669e-05,-0.00000e+00,
2.6918669e-05,2.00001e-01,
2.6928670e-05,-0.00000e+00,
2.6938671e-05,2.00001e-01,
2.6948672e-05,-0.00000e+00,
2.6958673e-05,-0.00000e+00,
2.6968673e-05,2.00001e-01,
2.6978674e-05,-0.00000e+00,
2.6988675e-05,-0.00000e+00,
2.6998676e-05,2.00001e-01,
2.7008677e-05,-0.00000e+00,
2.7018677e-05,2.00001e-01,
2.7028678e-05,-0.00000e+00,
2.7038679e-05,-0.00000e+00,
2.7048680e-05,-0.00000e+00,
2.7058681e-05,2.00001e-01,
2.7068681e-05,2.00001e-01,
2.7078682e-05,-0.00000e+00,
2.7088683e-05,-0.00000e+00,
2.7098684e-05,-0.00000e+00,
2.7108685e-05,-0.00000e+00,
2.7118685e-05,-0.00000e+00,
2.7128686e-05,-0.00000e+00,
2.7138687e-05,-0.00000e+00,
2.7148688e-05,-0.00000e+00,
2.7158689e-05,-0.00000e+00,
2.7168689e-05,-0.00000e+00,
2.7178690e-05,2.00001e-01,
2.7188691e-05,-0.00000e+00,
2.7198692e-05,-0.00000e+00,
2.7208693e-05,-0.00000e+00,
2.7218694e-05,-0.00000e+00,
2.7228694e-05,2.00001e-01,
2.7238695e-05,2.00001e-01,
2.7248696e-05,-0.00000e+00,
2.7258697e-05,-0.00000e+00,
2.7268698e-05,-0.00000e+00,
2.7278698e-05,-0.00000e+00,
2.7288699e-05,-0.00000e+00,
2.7298700e-05,2.00001e-01,
2.7308701e-05,-0.00000e+00,
2.7318702e-05,-0.00000e+00,
2.7328702e-05,-0.00000e+00,
2.7338703e-05,2.00001e-01,
2.7348704e-05,-0.00000e+00,
2.7358705e-05,2.00001e-01,
2.7368706e-05,-0.00000e+00,
2.7378706e-05,-0.00000e+00,
2.7388707e-05,2.00001e-01,
2.7398708e-05,2.00001e-01,
2.7408709e-05,-0.00000e+00,
2.7418710e-05,2.00001e-01,
2.7428710e-05,-0.00000e+00,
2.7438711e-05,2.00001e-01,
2.7448712e-05,2.00001e-01,
2.7458713e-05,2.00001e-01,
2.7468714e-05,2.00001e-01,
2.7478714e-05,2.00001e-01,
2.7488715e-05,-0.00000e+00,
2.7498716e-05,-0.00000e+00,
2.7508717e-05,-0.00000e+00,
2.7518718e-05,-0.00000e+00,
2.7528718e-05,-0.00000e+00,
2.7538719e-05,-0.00000e+00,
2.7548720e-05,2.00001e-01,
2.7558721e-05,-0.00000e+00,
2.7568722e-05,-0.00000e+00,
2.7578722e-05,-0.00000e+00,
2.7588723e-05,-0.00000e+00,
2.7598724e-05,2.00001e-01,
2.7608725e-05,2.00001e-01,
2.7618726e-05,-0.00000e+00,
2.7628726e-05,-0.00000e+00,
2.7638727e-05,-0.00000e+00,
2.7648728e-05,2.00001e-01,
2.7658729e-05,-0.00000e+00,
2.7668730e-05,-0.00000e+00,
2.7678730e-05,2.00001e-01,
2.7688731e-05,-0.00000e+00,
2.7698732e-05,2.00001e-01,
2.7708733e-05,-0.00000e+00,
2.7718734e-05,-0.00000e+00,
2.7728734e-05,-0.00000e+00,
2.7738735e-05,2.00001e-01,
2.7748736e-05,2.00001e-01,
2.7758737e-05,2.00001e-01,
2.7768738e-05,-0.00000e+00,
2.7778739e-05,-0.00000e+00,
2.7788739e-05,-0.00000e+00,
2.7798740e-05,-0.00000e+00,
2.7808741e-05,2.00001e-01,
2.7818742e-05,-0.00000e+00,
2.7828743e-05,-0.00000e+00,
2.7838743e-05,-0.00000e+00,
2.7848744e-05,-0.00000e+00,
2.7858745e-05,-0.00000e+00,
2.7868746e-05,-0.00000e+00,
2.7878747e-05,2.00001e-01,
2.7888747e-05,-0.00000e+00,
2.7898748e-05,-0.00000e+00,
2.7908749e-05,-0.00000e+00,
2.7918750e-05,-0.00000e+00,
2.7928751e-05,-0.00000e+00,
2.7938751e-05,2.00001e-01,
2.7948752e-05,-0.00000e+00,
2.7958753e-05,2.00001e-01,
2.7968754e-05,-0.00000e+00,
2.7978755e-05,2.00001e-01,
2.7988755e-05,-0.00000e+00,
2.7998756e-05,-0.00000e+00,
2.8008757e-05,2.00001e-01,
2.8018758e-05,-0.00000e+00,
2.8028759e-05,-0.00000e+00,
2.8038759e-05,-0.00000e+00,
2.8048760e-05,2.00001e-01,
2.8058761e-05,-0.00000e+00,
2.8068762e-05,-0.00000e+00,
2.8078763e-05,-0.00000e+00,
2.8088763e-05,-0.00000e+00,
2.8098764e-05,2.00001e-01,
2.8108765e-05,-0.00000e+00,
2.8118766e-05,-0.00000e+00,
2.8128767e-05,-0.00000e+00,
2.8138767e-05,-0.00000e+00,
2.8148768e-05,2.00001e-01,
2.8158769e-05,-0.00000e+00,
2.8168770e-05,-0.00000e+00,
2.8178771e-05,2.00001e-01,
2.8188771e-05,-0.00000e+00,
2.8198772e-05,2.00001e-01,
2.8208773e-05,-0.00000e+00,
2.8218774e-05,-0.00000e+00,
2.8228775e-05,-0.00000e+00,
2.8238775e-05,2.00001e-01,
2.8248776e-05,2.00001e-01,
2.8258777e-05,2.00001e-01,
2.8268778e-05,-0.00000e+00,
2.8278779e-05,-0.00000e+00,
2.8288780e-05,-0.00000e+00,
2.8298780e-05,-0.00000e+00,
2.8308781e-05,-0.00000e+00,
2.8318782e-05,-0.00000e+00,
2.8328783e-05,-0.00000e+00,
2.8338784e-05,-0.00000e+00,
2.8348784e-05,-0.00000e+00,
2.8358785e-05,-0.00000e+00,
2.8368786e-05,-0.00000e+00,
2.8378787e-05,-0.00000e+00,
2.8388788e-05,-0.00000e+00,
2.8398788e-05,-0.00000e+00,
2.8408789e-05,-0.00000e+00,
2.8418790e-05,-0.00000e+00,
2.8428791e-05,2.00001e-01,
2.8438792e-05,-0.00000e+00,
2.8448792e-05,-0.00000e+00,
2.8458793e-05,-0.00000e+00,
2.8468794e-05,2.00001e-01,
2.8478795e-05,-0.00000e+00,
2.8488796e-05,-0.00000e+00,
2.8498796e-05,-0.00000e+00,
2.8508797e-05,-0.00000e+00,
2.8518798e-05,2.00001e-01,
2.8528799e-05,2.00001e-01,
2.8538800e-05,-0.00000e+00,
2.8548800e-05,-0.00000e+00,
2.8558801e-05,-0.00000e+00,
2.8568802e-05,-0.00000e+00,
2.8578803e-05,2.00001e-01,
2.8588804e-05,2.00001e-01,
2.8598804e-05,-0.00000e+00,
2.8608805e-05,-0.00000e+00,
2.8618806e-05,2.00001e-01,
2.8628807e-05,-0.00000e+00,
2.8638808e-05,-0.00000e+00,
2.8648808e-05,-0.00000e+00,
2.8658809e-05,-0.00000e+00,
2.8668810e-05,2.00001e-01,
2.8678811e-05,-0.00000e+00,
2.8688812e-05,-0.00000e+00,
2.8698812e-05,-0.00000e+00,
2.8708813e-05,-0.00000e+00,
2.8718814e-05,-0.00000e+00,
2.8728815e-05,-0.00000e+00,
2.8738816e-05,-0.00000e+00,
2.8748816e-05,-0.00000e+00,
2.8758817e-05,-0.00000e+00,
2.8768818e-05,-0.00000e+00,
2.8778819e-05,2.00001e-01,
2.8788820e-05,2.00001e-01,
2.8798820e-05,-0.00000e+00,
2.8808821e-05,-0.00000e+00,
2.8818822e-05,2.00001e-01,
2.8828823e-05,2.00001e-01,
2.8838824e-05,-0.00000e+00,
2.8848825e-05,-0.00000e+00,
2.8858825e-05,2.00001e-01,
2.8868826e-05,-0.00000e+00,
2.8878827e-05,2.00001e-01,
2.8888828e-05,2.00001e-01,
2.8898829e-05,-0.00000e+00,
2.8908829e-05,-0.00000e+00,
2.8918830e-05,-0.00000e+00,
2.8928831e-05,-0.00000e+00,
2.8938832e-05,-0.00000e+00,
2.8948833e-05,2.00001e-01,
2.8958833e-05,-0.00000e+00,
2.8968834e-05,-0.00000e+00,
2.8978835e-05,-0.00000e+00,
2.8988836e-05,-0.00000e+00,
2.8998837e-05,2.00001e-01,
2.9008837e-05,-0.00000e+00,
2.9018838e-05,-0.00000e+00,
2.9028839e-05,-0.00000e+00,
2.9038840e-05,-0.00000e+00,
2.9048841e-05,2.00001e-01,
2.9058841e-05,-0.00000e+00,
2.9068842e-05,-0.00000e+00,
2.9078843e-05,-0.00000e+00,
2.9088844e-05,2.00001e-01,
2.9098845e-05,2.00001e-01,
2.9108845e-05,2.00001e-01,
2.9118846e-05,-0.00000e+00,
2.9128847e-05,-0.00000e+00,
2.9138848e-05,-0.00000e+00,
2.9148849e-05,2.00001e-01,
2.9158849e-05,-0.00000e+00,
2.9168850e-05,2.00001e-01,
2.9178851e-05,2.00001e-01,
2.9188852e-05,-0.00000e+00,
2.9198853e-05,2.00001e-01,
2.9208853e-05,-0.00000e+00,
2.9218854e-05,2.00001e-01,
2.9228855e-05,-0.00000e+00,
2.9238856e-05,2.00001e-01,
2.9248857e-05,-0.00000e+00,
2.9258857e-05,-0.00000e+00,
2.9268858e-05,2.00001e-01,
2.9278859e-05,-0.00000e+00,
2.9288860e-05,2.00001e-01,
2.9298861e-05,-0.00000e+00,
2.9308861e-05,-0.00000e+00,
2.9318862e-05,2.00001e-01,
2.9328863e-05,2.00001e-01,
2.9338864e-05,-0.00000e+00,
2.9348865e-05,2.00001e-01,
2.9358866e-05,-0.00000e+00,
2.9368866e-05,2.00001e-01,
2.9378867e-05,2.00001e-01,
2.9388868e-05,2.00001e-01,
2.9398869e-05,2.00001e-01,
2.9408870e-05,2.00001e-01,
2.9418870e-05,-0.00000e+00,
2.9428871e-05,-0.00000e+00,
2.9438872e-05,-0.00000e+00,
2.9448873e-05,-0.00000e+00,
2.9458874e-05,-0.00000e+00,
2.9468874e-05,2.00001e-01,
2.9478875e-05,-0.00000e+00,
2.9488876e-05,-0.00000e+00,
2.9498877e-05,-0.00000e+00,
2.9508878e-05,-0.00000e+00,
2.9518878e-05,-0.00000e+00,
2.9528879e-05,2.00001e-01,
2.9538880e-05,-0.00000e+00,
2.9548881e-05,-0.00000e+00,
2.9558882e-05,-0.00000e+00,
2.9568882e-05,-0.00000e+00,
2.9578883e-05,-0.00000e+00,
2.9588884e-05,2.00001e-01,
2.9598885e-05,-0.00000e+00,
2.9608886e-05,-0.00000e+00,
2.9618886e-05,-0.00000e+00,
2.9628887e-05,2.00001e-01,
2.9638888e-05,2.00001e-01,
2.9648889e-05,-0.00000e+00,
2.9658890e-05,-0.00000e+00,
2.9668890e-05,-0.00000e+00,
2.9678891e-05,2.00001e-01,
2.9688892e-05,-0.00000e+00,
2.9698893e-05,-0.00000e+00,
2.9708894e-05,-0.00000e+00,
2.9718894e-05,-0.00000e+00,
2.9728895e-05,2.00001e-01,
2.9738896e-05,2.00001e-01,
2.9748897e-05,-0.00000e+00,
2.9758898e-05,-0.00000e+00,
2.9768898e-05,-0.00000e+00,
2.9778899e-05,-0.00000e+00,
2.9788900e-05,-0.00000e+00,
2.9798901e-05,2.00001e-01,
2.9808902e-05,-0.00000e+00,
2.9818902e-05,-0.00000e+00,
2.9828903e-05,-0.00000e+00,
2.9838904e-05,-0.00000e+00,
2.9848905e-05,2.00001e-01,
2.9858906e-05,2.00001e-01,
2.9868906e-05,-0.00000e+00,
2.9878907e-05,-0.00000e+00,
2.9888908e-05,-0.00000e+00,
2.9898909e-05,2.00001e-01,
2.9908910e-05,-0.00000e+00,
2.9918911e-05,2.00001e-01,
2.9928911e-05,-0.00000e+00,
2.9938912e-05,-0.00000e+00,
2.9948913e-05,-0.00000e+00,
2.9958914e-05,-0.00000e+00,
2.9968915e-05,2.00001e-01,
2.9978915e-05,-0.00000e+00,
2.9988916e-05,-0.00000e+00,
2.9998917e-05,-0.00000e+00,
3.0008918e-05,-0.00000e+00,
3.0018919e-05,2.00001e-01,
3.0028919e-05,2.00001e-01,
3.0038920e-05,-0.00000e+00,
3.0048921e-05,-0.00000e+00,
3.0058922e-05,-0.00000e+00,
3.0068923e-05,2.00001e-01,
3.0078923e-05,-0.00000e+00,
3.0088924e-05,-0.00000e+00,
3.0098925e-05,-0.00000e+00,
3.0108926e-05,-0.00000e+00,
3.0118927e-05,-0.00000e+00,
3.0128927e-05,-0.00000e+00,
3.0138928e-05,-0.00000e+00,
3.0148929e-05,-0.00000e+00,
3.0158930e-05,-0.00000e+00,
3.0168931e-05,2.00001e-01,
3.0178931e-05,-0.00000e+00,
3.0188932e-05,-0.00000e+00,
3.0198933e-05,-0.00000e+00,
3.0208934e-05,-0.00000e+00,
3.0218935e-05,-0.00000e+00,
3.0228935e-05,2.00001e-01,
3.0238936e-05,-0.00000e+00,
3.0248937e-05,-0.00000e+00,
3.0258938e-05,2.00001e-01,
3.0268939e-05,-0.00000e+00,
3.0278939e-05,-0.00000e+00,
3.0288940e-05,-0.00000e+00,
3.0298941e-05,-0.00000e+00,
3.0308942e-05,2.00001e-01,
3.0318943e-05,-0.00000e+00,
3.0328943e-05,-0.00000e+00,
3.0338944e-05,2.00001e-01,
3.0348945e-05,-0.00000e+00,
3.0358946e-05,2.00001e-01,
3.0368947e-05,-0.00000e+00,
3.0378947e-05,-0.00000e+00,
3.0388948e-05,2.00001e-01,
3.0398949e-05,2.00001e-01,
3.0408950e-05,-0.00000e+00,
3.0418951e-05,2.00001e-01,
3.0428952e-05,-0.00000e+00,
3.0438952e-05,2.00001e-01,
3.0448953e-05,2.00001e-01,
3.0458954e-05,2.00001e-01,
3.0468955e-05,-0.00000e+00,
3.0478956e-05,2.00001e-01,
3.0488956e-05,2.00001e-01,
3.0498957e-05,-0.00000e+00,
3.0508958e-05,2.00001e-01,
3.0518957e-05,2.00001e-01,
3.0528958e-05,2.00001e-01,
3.0538959e-05,-0.00000e+00,
3.0548959e-05,-0.00000e+00,
3.0558960e-05,-0.00000e+00,
3.0568961e-05,-0.00000e+00,
3.0578962e-05,-0.00000e+00,
3.0588963e-05,-0.00000e+00,
3.0598963e-05,-0.00000e+00,
3.0608964e-05,-0.00000e+00,
3.0618965e-05,-0.00000e+00,
3.0628966e-05,-0.00000e+00,
3.0638967e-05,-0.00000e+00,
3.0648967e-05,-0.00000e+00,
3.0658968e-05,-0.00000e+00,
3.0668969e-05,-0.00000e+00,
3.0678970e-05,2.00001e-01,
3.0688971e-05,-0.00000e+00,
3.0698971e-05,2.00001e-01,
3.0708972e-05,-0.00000e+00,
3.0718973e-05,-0.00000e+00,
3.0728974e-05,-0.00000e+00,
3.0738975e-05,-0.00000e+00,
3.0748975e-05,2.00001e-01,
3.0758976e-05,-0.00000e+00,
3.0768977e-05,-0.00000e+00,
3.0778978e-05,-0.00000e+00,
3.0788979e-05,-0.00000e+00,
3.0798979e-05,-0.00000e+00,
3.0808980e-05,2.00001e-01,
3.0818981e-05,-0.00000e+00,
3.0828982e-05,-0.00000e+00,
3.0838983e-05,-0.00000e+00,
3.0848983e-05,-0.00000e+00,
3.0858984e-05,2.00001e-01,
3.0868985e-05,2.00001e-01,
3.0878986e-05,-0.00000e+00,
3.0888987e-05,-0.00000e+00,
3.0898987e-05,2.00001e-01,
3.0908988e-05,2.00001e-01,
3.0918989e-05,-0.00000e+00,
3.0928990e-05,2.00001e-01,
3.0938991e-05,2.00001e-01,
3.0948991e-05,2.00001e-01,
3.0958992e-05,-0.00000e+00,
3.0968993e-05,2.00001e-01,
3.0978994e-05,2.00001e-01,
3.0988995e-05,-0.00000e+00,
3.0998995e-05,-0.00000e+00,
3.1008996e-05,-0.00000e+00,
3.1018997e-05,2.00001e-01,
3.1028998e-05,-0.00000e+00,
3.1038999e-05,-0.00000e+00,
3.1049000e-05,-0.00000e+00,
3.1059000e-05,-0.00000e+00,
3.1069001e-05,2.00001e-01,
3.1079002e-05,-0.00000e+00,
3.1089003e-05,-0.00000e+00,
3.1099004e-05,2.00001e-01,
3.1109004e-05,-0.00000e+00,
3.1119005e-05,2.00001e-01,
3.1129006e-05,2.00001e-01,
3.1139007e-05,-0.00000e+00,
3.1149008e-05,-0.00000e+00,
3.1159008e-05,-0.00000e+00,
3.1169009e-05,-0.00000e+00,
3.1179010e-05,2.00001e-01,
3.1189011e-05,-0.00000e+00,
3.1199012e-05,-0.00000e+00,
3.1209012e-05,-0.00000e+00,
3.1219013e-05,-0.00000e+00,
3.1229014e-05,-0.00000e+00,
3.1239015e-05,2.00001e-01,
3.1249016e-05,-0.00000e+00,
3.1259016e-05,-0.00000e+00,
3.1269017e-05,-0.00000e+00,
3.1279018e-05,-0.00000e+00,
3.1289019e-05,2.00001e-01,
3.1299020e-05,-0.00000e+00,
3.1309020e-05,-0.00000e+00,
3.1319021e-05,-0.00000e+00,
3.1329022e-05,-0.00000e+00,
3.1339023e-05,2.00001e-01,
3.1349024e-05,-0.00000e+00,
3.1359024e-05,-0.00000e+00,
3.1369025e-05,2.00001e-01,
3.1379026e-05,-0.00000e+00,
3.1389027e-05,2.00001e-01,
3.1399028e-05,-0.00000e+00,
3.1409028e-05,-0.00000e+00,
3.1419029e-05,2.00001e-01,
3.1429030e-05,-0.00000e+00,
3.1439031e-05,-0.00000e+00,
3.1449032e-05,2.00001e-01,
3.1459032e-05,-0.00000e+00,
3.1469033e-05,-0.00000e+00,
3.1479034e-05,2.00001e-01,
3.1489035e-05,2.00001e-01,
3.1499036e-05,-0.00000e+00,
3.1509036e-05,-0.00000e+00,
3.1519037e-05,2.00001e-01,
3.1529038e-05,2.00001e-01,
3.1539039e-05,-0.00000e+00,
3.1549040e-05,2.00001e-01,
3.1559041e-05,2.00001e-01,
3.1569041e-05,2.00001e-01,
3.1579042e-05,-0.00000e+00,
3.1589043e-05,2.00001e-01,
3.1599044e-05,2.00001e-01,
3.1609045e-05,2.00001e-01,
3.1619045e-05,-0.00000e+00,
3.1629046e-05,2.00001e-01,
3.1639047e-05,-0.00000e+00,
3.1649048e-05,-0.00000e+00,
3.1659049e-05,-0.00000e+00,
3.1669049e-05,2.00001e-01,
3.1679050e-05,-0.00000e+00,
3.1689051e-05,2.00001e-01,
3.1699052e-05,-0.00000e+00,
3.1709053e-05,-0.00000e+00,
3.1719053e-05,-0.00000e+00,
3.1729054e-05,-0.00000e+00,
3.1739055e-05,-0.00000e+00,
3.1749056e-05,2.00001e-01,
3.1759057e-05,-0.00000e+00,
3.1769057e-05,-0.00000e+00,
3.1779058e-05,-0.00000e+00,
3.1789059e-05,2.00001e-01,
3.1799060e-05,2.00001e-01,
3.1809061e-05,2.00001e-01,
3.1819061e-05,-0.00000e+00,
3.1829062e-05,2.00001e-01,
3.1839063e-05,-0.00000e+00,
3.1849064e-05,2.00001e-01,
3.1859065e-05,-0.00000e+00,
3.1869065e-05,2.00001e-01,
3.1879066e-05,2.00001e-01,
3.1889067e-05,2.00001e-01,
3.1899068e-05,2.00001e-01,
3.1909069e-05,-0.00000e+00,
3.1919069e-05,2.00001e-01,
3.1929070e-05,-0.00000e+00,
3.1939071e-05,-0.00000e+00,
3.1949072e-05,-0.00000e+00,
3.1959073e-05,-0.00000e+00,
3.1969073e-05,-0.00000e+00,
3.1979074e-05,-0.00000e+00,
3.1989075e-05,-0.00000e+00,
3.1999076e-05,2.00001e-01,
3.2009077e-05,2.00001e-01,
3.2019077e-05,-0.00000e+00,
3.2029078e-05,-0.00000e+00,
3.2039079e-05,2.00001e-01,
3.2049080e-05,-0.00000e+00,
3.2059081e-05,2.00001e-01,
3.2069081e-05,-0.00000e+00,
3.2079082e-05,-0.00000e+00,
3.2089083e-05,-0.00000e+00,
3.2099084e-05,-0.00000e+00,
3.2109085e-05,2.00001e-01,
3.2119086e-05,-0.00000e+00,
3.2129086e-05,-0.00000e+00,
3.2139087e-05,-0.00000e+00,
3.2149088e-05,-0.00000e+00,
3.2159089e-05,2.00001e-01,
3.2169090e-05,2.00001e-01,
3.2179090e-05,-0.00000e+00,
3.2189091e-05,2.00001e-01,
3.2199092e-05,-0.00000e+00,
3.2209093e-05,2.00001e-01,
3.2219094e-05,-0.00000e+00,
3.2229094e-05,-0.00000e+00,
3.2239095e-05,-0.00000e+00,
3.2249096e-05,2.00001e-01,
3.2259097e-05,-0.00000e+00,
3.2269098e-05,2.00001e-01,
3.2279098e-05,-0.00000e+00,
3.2289099e-05,-0.00000e+00,
3.2299100e-05,-0.00000e+00,
3.2309101e-05,-0.00000e+00,
3.2319102e-05,2.00001e-01,
3.2329102e-05,2.00001e-01,
3.2339103e-05,-0.00000e+00,
3.2349104e-05,-0.00000e+00,
3.2359105e-05,2.00001e-01,
3.2369106e-05,2.00001e-01,
3.2379106e-05,2.00001e-01,
3.2389107e-05,-0.00000e+00,
3.2399108e-05,2.00001e-01,
3.2409109e-05,-0.00000e+00,
3.2419110e-05,-0.00000e+00,
3.2429110e-05,-0.00000e+00,
3.2439111e-05,2.00001e-01,
3.2449112e-05,2.00001e-01,
3.2459113e-05,2.00001e-01,
3.2469114e-05,-0.00000e+00,
3.2479114e-05,2.00001e-01,
3.2489115e-05,2.00001e-01,
3.2499116e-05,2.00001e-01,
3.2509117e-05,2.00001e-01,
3.2519118e-05,2.00001e-01,
3.2529118e-05,2.00001e-01,
3.2539119e-05,2.00001e-01,
3.2549120e-05,-0.00000e+00,
3.2559121e-05,2.00001e-01,
3.2569122e-05,-0.00000e+00,
3.2579122e-05,-0.00000e+00,
3.2589123e-05,-0.00000e+00,
3.2599124e-05,2.00001e-01,
3.2609125e-05,-0.00000e+00,
3.2619126e-05,-0.00000e+00,
3.2629127e-05,-0.00000e+00,
3.2639127e-05,-0.00000e+00,
3.2649128e-05,2.00001e-01,
3.2659129e-05,-0.00000e+00,
3.2669130e-05,-0.00000e+00,
3.2679131e-05,2.00001e-01,
3.2689131e-05,-0.00000e+00,
3.2699132e-05,2.00001e-01,
3.2709133e-05,-0.00000e+00,
3.2719134e-05,-0.00000e+00,
3.2729135e-05,2.00001e-01,
3.2739135e-05,2.00001e-01,
3.2749136e-05,-0.00000e+00,
3.2759137e-05,-0.00000e+00,
3.2769138e-05,2.00001e-01,
3.2779139e-05,-0.00000e+00,
3.2789139e-05,2.00001e-01,
3.2799140e-05,-0.00000e+00,
3.2809141e-05,-0.00000e+00,
3.2819142e-05,-0.00000e+00,
3.2829143e-05,-0.00000e+00,
3.2839143e-05,2.00001e-01,
3.2849144e-05,-0.00000e+00,
3.2859145e-05,-0.00000e+00,
3.2869146e-05,-0.00000e+00,
3.2879147e-05,-0.00000e+00,
3.2889147e-05,2.00001e-01,
3.2899148e-05,-0.00000e+00,
3.2909149e-05,-0.00000e+00,
3.2919150e-05,-0.00000e+00,
3.2929151e-05,2.00001e-01,
3.2939151e-05,-0.00000e+00,
3.2949152e-05,-0.00000e+00,
3.2959153e-05,-0.00000e+00,
3.2969154e-05,-0.00000e+00,
3.2979155e-05,2.00001e-01,
3.2989155e-05,2.00001e-01,
3.2999156e-05,-0.00000e+00,
3.3009157e-05,-0.00000e+00,
3.3019158e-05,2.00001e-01,
3.3029159e-05,2.00001e-01,
3.3039159e-05,-0.00000e+00,
3.3049160e-05,-0.00000e+00,
3.3059161e-05,-0.00000e+00,
3.3069162e-05,2.00001e-01,
3.3079163e-05,-0.00000e+00,
3.3089163e-05,2.00001e-01,
3.3099164e-05,-0.00000e+00,
3.3109165e-05,-0.00000e+00,
3.3119166e-05,2.00001e-01,
3.3129167e-05,-0.00000e+00,
3.3139167e-05,2.00001e-01,
3.3149168e-05,-0.00000e+00,
3.3159169e-05,2.00001e-01,
3.3169170e-05,2.00001e-01,
3.3179171e-05,-0.00000e+00,
3.3189172e-05,-0.00000e+00,
3.3199172e-05,2.00001e-01,
3.3209173e-05,2.00001e-01,
3.3219174e-05,2.00001e-01,
3.3229175e-05,-0.00000e+00,
3.3239176e-05,2.00001e-01,
3.3249176e-05,-0.00000e+00,
3.3259177e-05,2.00001e-01,
3.3269178e-05,-0.00000e+00,
3.3279179e-05,2.00001e-01,
3.3289180e-05,-0.00000e+00,
3.3299180e-05,2.00001e-01,
3.3309181e-05,2.00001e-01,
3.3319182e-05,-0.00000e+00,
3.3329183e-05,-0.00000e+00,
3.3339184e-05,2.00001e-01,
3.3349184e-05,-0.00000e+00,
3.3359185e-05,-0.00000e+00,
3.3369186e-05,-0.00000e+00,
3.3379187e-05,-0.00000e+00,
3.3389188e-05,2.00001e-01,
3.3399188e-05,2.00001e-01,
3.3409189e-05,2.00001e-01,
3.3419190e-05,-0.00000e+00,
3.3429191e-05,-0.00000e+00,
3.3439192e-05,-0.00000e+00,
3.3449192e-05,-0.00000e+00,
3.3459193e-05,-0.00000e+00,
3.3469194e-05,2.00001e-01,
3.3479195e-05,2.00001e-01,
3.3489196e-05,-0.00000e+00,
3.3499196e-05,-0.00000e+00,
3.3509197e-05,-0.00000e+00,
3.3519198e-05,2.00001e-01,
3.3529199e-05,-0.00000e+00,
3.3539200e-05,2.00001e-01,
3.3549200e-05,-0.00000e+00,
3.3559201e-05,2.00001e-01,
3.3569202e-05,2.00001e-01,
3.3579203e-05,2.00001e-01,
3.3589204e-05,-0.00000e+00,
3.3599204e-05,-0.00000e+00,
3.3609205e-05,2.00001e-01,
3.3619206e-05,-0.00000e+00,
3.3629207e-05,-0.00000e+00,
3.3639208e-05,-0.00000e+00,
3.3649208e-05,2.00001e-01,
3.3659209e-05,-0.00000e+00,
3.3669210e-05,-0.00000e+00,
3.3679211e-05,-0.00000e+00,
3.3689212e-05,-0.00000e+00,
3.3699213e-05,-0.00000e+00,
3.3709213e-05,-0.00000e+00,
3.3719214e-05,-0.00000e+00,
3.3729215e-05,-0.00000e+00,
3.3739216e-05,-0.00000e+00,
3.3749217e-05,-0.00000e+00,
3.3759217e-05,2.00001e-01,
3.3769218e-05,2.00001e-01,
3.3779219e-05,-0.00000e+00,
3.3789220e-05,-0.00000e+00,
3.3799221e-05,-0.00000e+00,
3.3809221e-05,-0.00000e+00,
3.3819222e-05,-0.00000e+00,
3.3829223e-05,-0.00000e+00,
3.3839224e-05,-0.00000e+00,
3.3849225e-05,-0.00000e+00,
3.3859225e-05,2.00001e-01,
3.3869226e-05,-0.00000e+00,
3.3879227e-05,-0.00000e+00,
3.3889228e-05,-0.00000e+00,
3.3899229e-05,-0.00000e+00,
3.3909229e-05,2.00001e-01,
3.3919230e-05,-0.00000e+00,
3.3929231e-05,-0.00000e+00,
3.3939232e-05,-0.00000e+00,
3.3949233e-05,2.00001e-01,
3.3959233e-05,2.00001e-01,
3.3969234e-05,-0.00000e+00,
3.3979235e-05,-0.00000e+00,
3.3989236e-05,-0.00000e+00,
3.3999237e-05,-0.00000e+00,
3.4009237e-05,-0.00000e+00,
3.4019238e-05,2.00001e-01,
3.4029239e-05,-0.00000e+00,
3.4039240e-05,-0.00000e+00,
3.4049241e-05,-0.00000e+00,
3.4059241e-05,-0.00000e+00,
3.4069242e-05,2.00001e-01,
3.4079243e-05,-0.00000e+00,
3.4089244e-05,2.00001e-01,
3.4099245e-05,-0.00000e+00,
3.4109245e-05,-0.00000e+00,
3.4119246e-05,-0.00000e+00,
3.4129247e-05,2.00001e-01,
3.4139248e-05,-0.00000e+00,
3.4149249e-05,2.00001e-01,
3.4159249e-05,2.00001e-01,
3.4169250e-05,2.00001e-01,
3.4179251e-05,2.00001e-01,
3.4189252e-05,2.00001e-01,
3.4199253e-05,2.00001e-01,
3.4209253e-05,-0.00000e+00,
3.4219254e-05,-0.00000e+00,
3.4229255e-05,-0.00000e+00,
3.4239256e-05,-0.00000e+00,
3.4249257e-05,-0.00000e+00,
3.4259258e-05,-0.00000e+00,
3.4269258e-05,-0.00000e+00,
3.4279259e-05,-0.00000e+00,
3.4289260e-05,-0.00000e+00,
3.4299261e-05,-0.00000e+00,
3.4309262e-05,-0.00000e+00,
3.4319262e-05,2.00001e-01,
3.4329263e-05,2.00001e-01,
3.4339264e-05,-0.00000e+00,
3.4349265e-05,-0.00000e+00,
3.4359266e-05,-0.00000e+00,
3.4369266e-05,-0.00000e+00,
3.4379267e-05,-0.00000e+00,
3.4389268e-05,2.00001e-01,
3.4399269e-05,-0.00000e+00,
3.4409270e-05,-0.00000e+00,
3.4419270e-05,2.00001e-01,
3.4429271e-05,-0.00000e+00,
3.4439272e-05,-0.00000e+00,
3.4449273e-05,2.00001e-01,
3.4459274e-05,-0.00000e+00,
3.4469274e-05,-0.00000e+00,
3.4479275e-05,2.00001e-01,
3.4489276e-05,-0.00000e+00,
3.4499277e-05,2.00001e-01,
3.4509278e-05,-0.00000e+00,
3.4519278e-05,2.00001e-01,
3.4529279e-05,-0.00000e+00,
3.4539280e-05,2.00001e-01,
3.4549281e-05,-0.00000e+00,
3.4559282e-05,-0.00000e+00,
3.4569282e-05,-0.00000e+00,
3.4579283e-05,-0.00000e+00,
3.4589284e-05,2.00001e-01,
3.4599285e-05,-0.00000e+00,
3.4609286e-05,-0.00000e+00,
3.4619286e-05,-0.00000e+00,
3.4629287e-05,-0.00000e+00,
3.4639288e-05,-0.00000e+00,
3.4649289e-05,-0.00000e+00,
3.4659290e-05,-0.00000e+00,
3.4669290e-05,-0.00000e+00,
3.4679291e-05,-0.00000e+00,
3.4689292e-05,-0.00000e+00,
3.4699293e-05,-0.00000e+00,
3.4709294e-05,-0.00000e+00,
3.4719294e-05,-0.00000e+00,
3.4729295e-05,-0.00000e+00,
3.4739296e-05,2.00001e-01,
3.4749297e-05,-0.00000e+00,
3.4759298e-05,2.00001e-01,
3.4769299e-05,-0.00000e+00,
3.4779299e-05,-0.00000e+00,
3.4789300e-05,-0.00000e+00,
3.4799301e-05,2.00001e-01,
3.4809302e-05,-0.00000e+00,
3.4819303e-05,2.00001e-01,
3.4829303e-05,-0.00000e+00,
3.4839304e-05,-0.00000e+00,
3.4849305e-05,2.00001e-01,
3.4859306e-05,-0.00000e+00,
3.4869307e-05,2.00001e-01,
3.4879307e-05,-0.00000e+00,
3.4889308e-05,-0.00000e+00,
3.4899309e-05,2.00001e-01,
3.4909310e-05,-0.00000e+00,
3.4919311e-05,2.00001e-01,
3.4929311e-05,-0.00000e+00,
3.4939312e-05,-0.00000e+00,
3.4949313e-05,-0.00000e+00,
3.4959314e-05,-0.00000e+00,
3.4969315e-05,-0.00000e+00,
3.4979315e-05,-0.00000e+00,
3.4989316e-05,2.00001e-01,
3.4999317e-05,-0.00000e+00,
3.5009318e-05,-0.00000e+00,
3.5019319e-05,-0.00000e+00,
3.5029319e-05,2.00001e-01,
3.5039320e-05,2.00001e-01,
3.5049321e-05,-0.00000e+00,
3.5059322e-05,-0.00000e+00,
3.5069323e-05,2.00001e-01,
3.5079323e-05,2.00001e-01,
3.5089324e-05,-0.00000e+00,
3.5099325e-05,-0.00000e+00,
3.5109326e-05,-0.00000e+00,
3.5119327e-05,-0.00000e+00,
3.5129327e-05,-0.00000e+00,
3.5139328e-05,-0.00000e+00,
3.5149329e-05,-0.00000e+00,
3.5159330e-05,2.00001e-01,
3.5169331e-05,-0.00000e+00,
3.5179331e-05,-0.00000e+00,
3.5189332e-05,-0.00000e+00,
3.5199333e-05,-0.00000e+00,
3.5209334e-05,2.00001e-01,
3.5219335e-05,-0.00000e+00,
3.5229335e-05,2.00001e-01,
3.5239336e-05,-0.00000e+00,
3.5249337e-05,-0.00000e+00,
3.5259338e-05,2.00001e-01,
3.5269339e-05,-0.00000e+00,
3.5279339e-05,2.00001e-01,
3.5289340e-05,-0.00000e+00,
3.5299341e-05,-0.00000e+00,
3.5309342e-05,2.00001e-01,
3.5319343e-05,-0.00000e+00,
3.5329344e-05,-0.00000e+00,
3.5339344e-05,2.00001e-01,
3.5349345e-05,-0.00000e+00,
3.5359346e-05,-0.00000e+00,
3.5369347e-05,2.00001e-01,
3.5379348e-05,-0.00000e+00,
3.5389348e-05,2.00001e-01,
3.5399349e-05,2.00001e-01,
3.5409350e-05,-0.00000e+00,
3.5419351e-05,-0.00000e+00,
3.5429352e-05,2.00001e-01,
3.5439352e-05,2.00001e-01,
3.5449353e-05,-0.00000e+00,
3.5459354e-05,-0.00000e+00,
3.5469355e-05,-0.00000e+00,
3.5479356e-05,-0.00000e+00,
3.5489356e-05,-0.00000e+00,
3.5499357e-05,2.00001e-01,
3.5509358e-05,2.00001e-01,
3.5519359e-05,-0.00000e+00,
3.5529360e-05,-0.00000e+00,
3.5539360e-05,-0.00000e+00,
3.5549361e-05,-0.00000e+00,
3.5559362e-05,-0.00000e+00,
3.5569363e-05,2.00001e-01,
3.5579364e-05,-0.00000e+00,
3.5589364e-05,-0.00000e+00,
3.5599365e-05,2.00001e-01,
3.5609366e-05,-0.00000e+00,
3.5619367e-05,-0.00000e+00,
3.5629368e-05,2.00001e-01,
3.5639368e-05,-0.00000e+00,
3.5649369e-05,-0.00000e+00,
3.5659370e-05,-0.00000e+00,
3.5669371e-05,-0.00000e+00,
3.5679372e-05,2.00001e-01,
3.5689372e-05,-0.00000e+00,
3.5699373e-05,2.00001e-01,
3.5709374e-05,-0.00000e+00,
3.5719375e-05,-0.00000e+00,
3.5729376e-05,-0.00000e+00,
3.5739376e-05,-0.00000e+00,
3.5749377e-05,2.00001e-01,
3.5759378e-05,2.00001e-01,
3.5769379e-05,2.00001e-01,
3.5779380e-05,-0.00000e+00,
3.5789380e-05,-0.00000e+00,
3.5799381e-05,2.00001e-01,
3.5809382e-05,-0.00000e+00,
3.5819383e-05,-0.00000e+00,
3.5829384e-05,2.00001e-01,
3.5839385e-05,-0.00000e+00,
3.5849385e-05,2.00001e-01,
3.5859386e-05,2.00001e-01,
3.5869387e-05,-0.00000e+00,
3.5879388e-05,2.00001e-01,
3.5889389e-05,-0.00000e+00,
3.5899389e-05,2.00001e-01,
3.5909390e-05,-0.00000e+00,
3.5919391e-05,-0.00000e+00,
3.5929392e-05,2.00001e-01,
3.5939393e-05,2.00001e-01,
3.5949393e-05,2.00001e-01,
3.5959394e-05,-0.00000e+00,
3.5969395e-05,-0.00000e+00,
3.5979396e-05,-0.00000e+00,
3.5989397e-05,-0.00000e+00,
3.5999397e-05,-0.00000e+00,
3.6009398e-05,2.00001e-01,
3.6019399e-05,-0.00000e+00,
3.6029400e-05,-0.00000e+00,
3.6039401e-05,-0.00000e+00,
3.6049401e-05,-0.00000e+00,
3.6059402e-05,-0.00000e+00,
3.6069403e-05,2.00001e-01,
3.6079404e-05,-0.00000e+00,
3.6089405e-05,-0.00000e+00,
3.6099405e-05,-0.00000e+00,
3.6109406e-05,2.00001e-01,
3.6119407e-05,-0.00000e+00,
3.6129408e-05,-0.00000e+00,
3.6139409e-05,-0.00000e+00,
3.6149409e-05,-0.00000e+00,
3.6159410e-05,2.00001e-01,
3.6169411e-05,2.00001e-01,
3.6179412e-05,-0.00000e+00,
3.6189413e-05,-0.00000e+00,
3.6199413e-05,-0.00000e+00,
3.6209414e-05,2.00001e-01,
3.6219415e-05,2.00001e-01,
3.6229416e-05,2.00001e-01,
3.6239417e-05,-0.00000e+00,
3.6249417e-05,2.00001e-01,
3.6259418e-05,2.00001e-01,
3.6269419e-05,2.00001e-01,
3.6279420e-05,2.00001e-01,
3.6289421e-05,-0.00000e+00,
3.6299421e-05,2.00001e-01,
3.6309422e-05,-0.00000e+00,
3.6319423e-05,2.00001e-01,
3.6329424e-05,-0.00000e+00,
3.6339425e-05,-0.00000e+00,
3.6349425e-05,2.00001e-01,
3.6359426e-05,-0.00000e+00,
3.6369427e-05,2.00001e-01,
3.6379428e-05,-0.00000e+00,
3.6389429e-05,-0.00000e+00,
3.6399430e-05,-0.00000e+00,
3.6409430e-05,-0.00000e+00,
3.6419431e-05,-0.00000e+00,
3.6429432e-05,2.00001e-01,
3.6439433e-05,-0.00000e+00,
3.6449434e-05,-0.00000e+00,
3.6459434e-05,-0.00000e+00,
3.6469435e-05,2.00001e-01,
3.6479436e-05,2.00001e-01,
3.6489437e-05,-0.00000e+00,
3.6499438e-05,-0.00000e+00,
3.6509438e-05,-0.00000e+00,
3.6519439e-05,-0.00000e+00,
3.6529440e-05,-0.00000e+00,
3.6539441e-05,-0.00000e+00,
3.6549442e-05,-0.00000e+00,
3.6559442e-05,2.00001e-01,
3.6569443e-05,-0.00000e+00,
3.6579444e-05,-0.00000e+00,
3.6589445e-05,-0.00000e+00,
3.6599446e-05,-0.00000e+00,
3.6609446e-05,2.00001e-01,
3.6619447e-05,-0.00000e+00,
3.6629448e-05,-0.00000e+00,
3.6639449e-05,2.00001e-01,
3.6649450e-05,-0.00000e+00,
3.6659450e-05,-0.00000e+00,
3.6669451e-05,2.00001e-01,
3.6679452e-05,-0.00000e+00,
3.6689453e-05,2.00001e-01,
3.6699454e-05,2.00001e-01,
3.6709454e-05,-0.00000e+00,
3.6719455e-05,-0.00000e+00,
3.6729456e-05,2.00001e-01,
3.6739457e-05,-0.00000e+00,
3.6749458e-05,-0.00000e+00,
3.6759458e-05,2.00001e-01,
3.6769459e-05,-0.00000e+00,
3.6779460e-05,-0.00000e+00,
3.6789461e-05,-0.00000e+00,
3.6799462e-05,-0.00000e+00,
3.6809462e-05,-0.00000e+00,
3.6819463e-05,-0.00000e+00,
3.6829464e-05,-0.00000e+00,
3.6839465e-05,-0.00000e+00,
3.6849466e-05,-0.00000e+00,
3.6859466e-05,-0.00000e+00,
3.6869467e-05,-0.00000e+00,
3.6879468e-05,-0.00000e+00,
3.6889469e-05,-0.00000e+00,
3.6899470e-05,-0.00000e+00,
3.6909471e-05,-0.00000e+00,
3.6919471e-05,-0.00000e+00,
3.6929472e-05,-0.00000e+00,
3.6939473e-05,-0.00000e+00,
3.6949474e-05,-0.00000e+00,
3.6959475e-05,-0.00000e+00,
3.6969475e-05,-0.00000e+00,
3.6979476e-05,-0.00000e+00,
3.6989477e-05,-0.00000e+00,
3.6999478e-05,-0.00000e+00,
3.7009479e-05,-0.00000e+00,
3.7019479e-05,-0.00000e+00,
3.7029480e-05,-0.00000e+00,
3.7039481e-05,-0.00000e+00,
3.7049482e-05,-0.00000e+00,
3.7059483e-05,2.00001e-01,
3.7069483e-05,-0.00000e+00,
3.7079484e-05,-0.00000e+00,
3.7089485e-05,-0.00000e+00,
3.7099486e-05,2.00001e-01,
3.7109487e-05,2.00001e-01,
3.7119487e-05,-0.00000e+00,
3.7129488e-05,-0.00000e+00,
3.7139489e-05,-0.00000e+00,
3.7149490e-05,-0.00000e+00,
3.7159491e-05,-0.00000e+00,
3.7169491e-05,2.00001e-01,
3.7179492e-05,-0.00000e+00,
3.7189493e-05,2.00001e-01,
3.7199494e-05,-0.00000e+00,
3.7209495e-05,-0.00000e+00,
3.7219495e-05,-0.00000e+00,
3.7229496e-05,2.00001e-01,
3.7239497e-05,-0.00000e+00,
3.7249498e-05,-0.00000e+00,
3.7259499e-05,-0.00000e+00,
3.7269499e-05,-0.00000e+00,
3.7279500e-05,2.00001e-01,
3.7289501e-05,-0.00000e+00,
3.7299502e-05,-0.00000e+00,
3.7309503e-05,2.00001e-01,
3.7319503e-05,2.00001e-01,
3.7329504e-05,-0.00000e+00,
3.7339505e-05,2.00001e-01,
3.7349506e-05,-0.00000e+00,
3.7359507e-05,2.00001e-01,
3.7369507e-05,-0.00000e+00,
3.7379508e-05,-0.00000e+00,
3.7389509e-05,-0.00000e+00,
3.7399510e-05,-0.00000e+00,
3.7409511e-05,2.00001e-01,
3.7419512e-05,-0.00000e+00,
3.7429512e-05,-0.00000e+00,
3.7439513e-05,-0.00000e+00,
3.7449514e-05,2.00001e-01,
3.7459515e-05,-0.00000e+00,
3.7469516e-05,2.00001e-01,
3.7479516e-05,-0.00000e+00,
3.7489517e-05,-0.00000e+00,
3.7499518e-05,2.00001e-01,
3.7509519e-05,-0.00000e+00,
3.7519520e-05,-0.00000e+00,
3.7529520e-05,2.00001e-01,
3.7539521e-05,2.00001e-01,
3.7549522e-05,2.00001e-01,
3.7559523e-05,2.00001e-01,
3.7569524e-05,-0.00000e+00,
3.7579524e-05,-0.00000e+00,
3.7589525e-05,-0.00000e+00,
3.7599526e-05,2.00001e-01,
3.7609527e-05,-0.00000e+00,
3.7619528e-05,-0.00000e+00,
3.7629528e-05,-0.00000e+00,
3.7639529e-05,2.00001e-01,
3.7649530e-05,2.00001e-01,
3.7659531e-05,2.00001e-01,
3.7669532e-05,-0.00000e+00,
3.7679532e-05,-0.00000e+00,
3.7689533e-05,-0.00000e+00,
3.7699534e-05,-0.00000e+00,
3.7709535e-05,-0.00000e+00,
3.7719536e-05,2.00001e-01,
3.7729536e-05,-0.00000e+00,
3.7739537e-05,-0.00000e+00,
3.7749538e-05,-0.00000e+00,
3.7759539e-05,-0.00000e+00,
3.7769540e-05,-0.00000e+00,
3.7779540e-05,2.00001e-01,
3.7789541e-05,2.00001e-01,
3.7799542e-05,-0.00000e+00,
3.7809543e-05,-0.00000e+00,
3.7819544e-05,2.00001e-01,
3.7829544e-05,2.00001e-01,
3.7839545e-05,-0.00000e+00,
3.7849546e-05,-0.00000e+00,
3.7859547e-05,-0.00000e+00,
3.7869548e-05,-0.00000e+00,
3.7879548e-05,-0.00000e+00,
3.7889549e-05,-0.00000e+00,
3.7899550e-05,-0.00000e+00,
3.7909551e-05,-0.00000e+00,
3.7919552e-05,2.00001e-01,
3.7929552e-05,-0.00000e+00,
3.7939553e-05,2.00001e-01,
3.7949554e-05,2.00001e-01,
3.7959555e-05,-0.00000e+00,
3.7969556e-05,2.00001e-01,
3.7979557e-05,-0.00000e+00,
3.7989557e-05,2.00001e-01,
3.7999558e-05,2.00001e-01,
3.8009559e-05,2.00001e-01,
3.8019560e-05,-0.00000e+00,
3.8029561e-05,-0.00000e+00,
3.8039561e-05,-0.00000e+00,
3.8049562e-05,-0.00000e+00,
3.8059563e-05,-0.00000e+00,
3.8069564e-05,-0.00000e+00,
3.8079565e-05,-0.00000e+00,
3.8089565e-05,-0.00000e+00,
3.8099566e-05,-0.00000e+00,
3.8109567e-05,-0.00000e+00,
3.8119568e-05,2.00001e-01,
3.8129569e-05,2.00001e-01,
3.8139569e-05,-0.00000e+00,
3.8149570e-05,-0.00000e+00,
3.8159571e-05,2.00001e-01,
3.8169572e-05,-0.00000e+00,
3.8179573e-05,-0.00000e+00,
3.8189573e-05,2.00001e-01,
3.8199574e-05,-0.00000e+00,
3.8209575e-05,2.00001e-01,
3.8219576e-05,-0.00000e+00,
3.8229577e-05,2.00001e-01,
3.8239577e-05,2.00001e-01,
3.8249578e-05,-0.00000e+00,
3.8259579e-05,2.00001e-01,
3.8269580e-05,-0.00000e+00,
3.8279581e-05,-0.00000e+00,
3.8289581e-05,-0.00000e+00,
3.8299582e-05,2.00001e-01,
3.8309583e-05,2.00001e-01,
3.8319584e-05,-0.00000e+00,
3.8329585e-05,-0.00000e+00,
3.8339585e-05,2.00001e-01,
3.8349586e-05,-0.00000e+00,
3.8359587e-05,-0.00000e+00,
3.8369588e-05,2.00001e-01,
3.8379589e-05,-0.00000e+00,
3.8389589e-05,2.00001e-01,
3.8399590e-05,-0.00000e+00,
3.8409591e-05,-0.00000e+00,
3.8419592e-05,2.00001e-01,
3.8429593e-05,-0.00000e+00,
3.8439593e-05,-0.00000e+00,
3.8449594e-05,-0.00000e+00,
3.8459595e-05,2.00001e-01,
3.8469596e-05,-0.00000e+00,
3.8479597e-05,-0.00000e+00,
3.8489598e-05,-0.00000e+00,
3.8499598e-05,-0.00000e+00,
3.8509599e-05,-0.00000e+00,
3.8519600e-05,2.00001e-01,
3.8529601e-05,2.00001e-01,
3.8539602e-05,-0.00000e+00,
3.8549602e-05,2.00001e-01,
3.8559603e-05,-0.00000e+00,
3.8569604e-05,2.00001e-01,
3.8579605e-05,-0.00000e+00,
3.8589606e-05,-0.00000e+00,
3.8599606e-05,2.00001e-01,
3.8609607e-05,2.00001e-01,
3.8619608e-05,2.00001e-01,
3.8629609e-05,-0.00000e+00,
3.8639610e-05,-0.00000e+00,
3.8649610e-05,-0.00000e+00,
3.8659611e-05,2.00001e-01,
3.8669612e-05,2.00001e-01,
3.8679613e-05,-0.00000e+00,
3.8689614e-05,-0.00000e+00,
3.8699614e-05,2.00001e-01,
3.8709615e-05,-0.00000e+00,
3.8719616e-05,2.00001e-01,
3.8729617e-05,-0.00000e+00,
3.8739618e-05,-0.00000e+00,
3.8749618e-05,2.00001e-01,
3.8759619e-05,-0.00000e+00,
3.8769620e-05,-0.00000e+00,
3.8779621e-05,-0.00000e+00,
3.8789622e-05,2.00001e-01,
3.8799622e-05,2.00001e-01,
3.8809623e-05,2.00001e-01,
3.8819624e-05,-0.00000e+00,
3.8829625e-05,-0.00000e+00,
3.8839626e-05,-0.00000e+00,
3.8849626e-05,-0.00000e+00,
3.8859627e-05,-0.00000e+00,
3.8869628e-05,2.00001e-01,
3.8879629e-05,-0.00000e+00,
3.8889630e-05,-0.00000e+00,
3.8899630e-05,-0.00000e+00,
3.8909631e-05,-0.00000e+00,
3.8919632e-05,2.00001e-01,
3.8929633e-05,-0.00000e+00,
3.8939634e-05,2.00001e-01,
3.8949634e-05,-0.00000e+00,
3.8959635e-05,-0.00000e+00,
3.8969636e-05,2.00001e-01,
3.8979637e-05,-0.00000e+00,
3.8989638e-05,2.00001e-01,
3.8999638e-05,-0.00000e+00,
3.9009639e-05,-0.00000e+00,
3.9019640e-05,2.00001e-01,
3.9029641e-05,2.00001e-01,
3.9039642e-05,-0.00000e+00,
3.9049643e-05,-0.00000e+00,
3.9059643e-05,2.00001e-01,
3.9069644e-05,-0.00000e+00,
3.9079645e-05,-0.00000e+00,
3.9089646e-05,-0.00000e+00,
3.9099647e-05,-0.00000e+00,
3.9109647e-05,2.00001e-01,
3.9119648e-05,2.00001e-01,
3.9129649e-05,2.00001e-01,
3.9139650e-05,2.00001e-01,
3.9149651e-05,-0.00000e+00,
3.9159651e-05,2.00001e-01,
3.9169652e-05,-0.00000e+00,
3.9179653e-05,-0.00000e+00,
3.9189654e-05,-0.00000e+00,
3.9199655e-05,2.00001e-01,
3.9209655e-05,2.00001e-01,
3.9219656e-05,-0.00000e+00,
3.9229657e-05,-0.00000e+00,
3.9239658e-05,2.00001e-01,
3.9249659e-05,-0.00000e+00,
3.9259659e-05,-0.00000e+00,
3.9269660e-05,-0.00000e+00,
3.9279661e-05,-0.00000e+00,
3.9289662e-05,2.00001e-01,
3.9299663e-05,-0.00000e+00,
3.9309663e-05,-0.00000e+00,
3.9319664e-05,2.00001e-01,
3.9329665e-05,-0.00000e+00,
3.9339666e-05,2.00001e-01,
3.9349667e-05,-0.00000e+00,
3.9359667e-05,-0.00000e+00,
3.9369668e-05,-0.00000e+00,
3.9379669e-05,2.00001e-01,
3.9389670e-05,-0.00000e+00,
3.9399671e-05,2.00001e-01,
3.9409671e-05,-0.00000e+00,
3.9419672e-05,-0.00000e+00,
3.9429673e-05,2.00001e-01,
3.9439674e-05,-0.00000e+00,
3.9449675e-05,2.00001e-01,
3.9459675e-05,2.00001e-01,
3.9469676e-05,-0.00000e+00,
3.9479677e-05,2.00001e-01,
3.9489678e-05,-0.00000e+00,
3.9499679e-05,2.00001e-01,
3.9509679e-05,-0.00000e+00,
3.9519680e-05,-0.00000e+00,
3.9529681e-05,2.00001e-01,
3.9539682e-05,-0.00000e+00,
3.9549683e-05,-0.00000e+00,
3.9559684e-05,-0.00000e+00,
3.9569684e-05,2.00001e-01,
3.9579685e-05,2.00001e-01,
3.9589686e-05,2.00001e-01,
3.9599687e-05,-0.00000e+00,
3.9609688e-05,2.00001e-01,
3.9619688e-05,-0.00000e+00,
3.9629689e-05,2.00001e-01,
3.9639690e-05,-0.00000e+00,
3.9649691e-05,2.00001e-01,
3.9659692e-05,-0.00000e+00,
3.9669692e-05,-0.00000e+00,
3.9679693e-05,-0.00000e+00,
3.9689694e-05,2.00001e-01,
3.9699695e-05,-0.00000e+00,
3.9709696e-05,2.00001e-01,
3.9719696e-05,2.00001e-01,
3.9729697e-05,2.00001e-01,
3.9739698e-05,2.00001e-01,
3.9749699e-05,2.00001e-01,
3.9759700e-05,2.00001e-01,
3.9769700e-05,-0.00000e+00,
3.9779701e-05,-0.00000e+00,
3.9789702e-05,2.00001e-01,
3.9799703e-05,-0.00000e+00,
3.9809704e-05,2.00001e-01,
3.9819704e-05,2.00001e-01,
3.9829705e-05,-0.00000e+00,
3.9839706e-05,2.00001e-01,
3.9849707e-05,-0.00000e+00,
3.9859708e-05,2.00001e-01,
3.9869708e-05,-0.00000e+00,
3.9879709e-05,-0.00000e+00,
3.9889710e-05,-0.00000e+00,
3.9899711e-05,2.00001e-01,
3.9909712e-05,2.00001e-01,
3.9919712e-05,-0.00000e+00,
3.9929713e-05,2.00001e-01,
3.9939714e-05,2.00001e-01,
3.9949715e-05,-0.00000e+00,
3.9959716e-05,-0.00000e+00,
3.9969716e-05,2.00001e-01,
3.9979717e-05,2.00001e-01,
3.9989718e-05,2.00001e-01,
3.9999719e-05,-0.00000e+00,
4.0009720e-05,-0.00000e+00,
4.0019720e-05,2.00001e-01,
4.0029721e-05,-0.00000e+00,
4.0039722e-05,-0.00000e+00,
4.0049723e-05,-0.00000e+00,
4.0059724e-05,-0.00000e+00,
4.0069724e-05,2.00001e-01,
4.0079725e-05,-0.00000e+00,
4.0089726e-05,-0.00000e+00,
4.0099727e-05,-0.00000e+00,
4.0109728e-05,-0.00000e+00,
4.0119729e-05,-0.00000e+00,
4.0129729e-05,-0.00000e+00,
4.0139730e-05,-0.00000e+00,
4.0149731e-05,2.00001e-01,
4.0159732e-05,-0.00000e+00,
4.0169733e-05,2.00001e-01,
4.0179733e-05,-0.00000e+00,
4.0189734e-05,-0.00000e+00,
4.0199735e-05,-0.00000e+00,
4.0209736e-05,-0.00000e+00,
4.0219737e-05,2.00001e-01,
4.0229737e-05,2.00001e-01,
4.0239738e-05,-0.00000e+00,
4.0249739e-05,2.00001e-01,
4.0259740e-05,-0.00000e+00,
4.0269741e-05,-0.00000e+00,
4.0279741e-05,2.00001e-01,
4.0289742e-05,2.00001e-01,
4.0299743e-05,2.00001e-01,
4.0309744e-05,-0.00000e+00,
4.0319745e-05,-0.00000e+00,
4.0329745e-05,2.00001e-01,
4.0339746e-05,-0.00000e+00,
4.0349747e-05,-0.00000e+00,
4.0359748e-05,-0.00000e+00,
4.0369749e-05,-0.00000e+00,
4.0379749e-05,2.00001e-01,
4.0389750e-05,-0.00000e+00,
4.0399751e-05,-0.00000e+00,
4.0409752e-05,2.00001e-01,
4.0419753e-05,-0.00000e+00,
4.0429753e-05,2.00001e-01,
4.0439754e-05,2.00001e-01,
4.0449755e-05,-0.00000e+00,
4.0459756e-05,2.00001e-01,
4.0469757e-05,-0.00000e+00,
4.0479757e-05,2.00001e-01,
4.0489758e-05,2.00001e-01,
4.0499759e-05,-0.00000e+00,
4.0509760e-05,-0.00000e+00,
4.0519761e-05,-0.00000e+00,
4.0529761e-05,2.00001e-01,
4.0539762e-05,-0.00000e+00,
4.0549763e-05,2.00001e-01,
4.0559764e-05,-0.00000e+00,
4.0569765e-05,-0.00000e+00,
4.0579765e-05,-0.00000e+00,
4.0589766e-05,2.00001e-01,
4.0599767e-05,-0.00000e+00,
4.0609768e-05,2.00001e-01,
4.0619769e-05,-0.00000e+00,
4.0629770e-05,2.00001e-01,
4.0639770e-05,2.00001e-01,
4.0649771e-05,-0.00000e+00,
4.0659772e-05,2.00001e-01,
4.0669773e-05,2.00001e-01,
4.0679774e-05,2.00001e-01,
4.0689774e-05,-0.00000e+00,
4.0699775e-05,2.00001e-01,
4.0709776e-05,2.00001e-01,
4.0719777e-05,-0.00000e+00,
4.0729778e-05,-0.00000e+00,
4.0739778e-05,2.00001e-01,
4.0749779e-05,2.00001e-01,
4.0759780e-05,-0.00000e+00,
4.0769781e-05,2.00001e-01,
4.0779782e-05,2.00001e-01,
4.0789782e-05,-0.00000e+00,
4.0799783e-05,-0.00000e+00,
4.0809784e-05,-0.00000e+00,
4.0819785e-05,-0.00000e+00,
4.0829786e-05,-0.00000e+00,
4.0839786e-05,-0.00000e+00,
4.0849787e-05,-0.00000e+00,
4.0859788e-05,2.00001e-01,
4.0869789e-05,-0.00000e+00,
4.0879790e-05,-0.00000e+00,
4.0889790e-05,-0.00000e+00,
4.0899791e-05,-0.00000e+00,
4.0909792e-05,2.00001e-01,
4.0919793e-05,-0.00000e+00,
4.0929794e-05,-0.00000e+00,
4.0939794e-05,-0.00000e+00,
4.0949795e-05,-0.00000e+00,
4.0959796e-05,2.00001e-01,
4.0969797e-05,2.00001e-01,
4.0979798e-05,2.00001e-01,
4.0989798e-05,2.00001e-01,
4.0999799e-05,2.00001e-01,
4.1009800e-05,2.00001e-01,
4.1019801e-05,-0.00000e+00,
4.1029802e-05,-0.00000e+00,
4.1039802e-05,-0.00000e+00,
4.1049803e-05,2.00001e-01,
4.1059804e-05,-0.00000e+00,
4.1069805e-05,-0.00000e+00,
4.1079806e-05,-0.00000e+00,
4.1089806e-05,2.00001e-01,
4.1099807e-05,2.00001e-01,
4.1109808e-05,2.00001e-01,
4.1119809e-05,-0.00000e+00,
4.1129810e-05,-0.00000e+00,
4.1139810e-05,-0.00000e+00,
4.1149811e-05,-0.00000e+00,
4.1159812e-05,-0.00000e+00,
4.1169813e-05,-0.00000e+00,
4.1179814e-05,-0.00000e+00,
4.1189815e-05,-0.00000e+00,
4.1199815e-05,-0.00000e+00,
4.1209816e-05,2.00001e-01,
4.1219817e-05,-0.00000e+00,
4.1229818e-05,-0.00000e+00,
4.1239819e-05,-0.00000e+00,
4.1249819e-05,-0.00000e+00,
4.1259820e-05,-0.00000e+00,
4.1269821e-05,-0.00000e+00,
4.1279822e-05,-0.00000e+00,
4.1289823e-05,-0.00000e+00,
4.1299823e-05,-0.00000e+00,
4.1309824e-05,-0.00000e+00,
4.1319825e-05,-0.00000e+00,
4.1329826e-05,-0.00000e+00,
4.1339827e-05,2.00001e-01,
4.1349827e-05,-0.00000e+00,
4.1359828e-05,-0.00000e+00,
4.1369829e-05,-0.00000e+00,
4.1379830e-05,2.00001e-01,
4.1389831e-05,2.00001e-01,
4.1399831e-05,-0.00000e+00,
4.1409832e-05,-0.00000e+00,
4.1419833e-05,-0.00000e+00,
4.1429834e-05,2.00001e-01,
4.1439835e-05,-0.00000e+00,
4.1449835e-05,2.00001e-01,
4.1459836e-05,-0.00000e+00,
4.1469837e-05,-0.00000e+00,
4.1479838e-05,2.00001e-01,
4.1489839e-05,-0.00000e+00,
4.1499839e-05,-0.00000e+00,
4.1509840e-05,-0.00000e+00,
4.1519841e-05,2.00001e-01,
4.1529842e-05,-0.00000e+00,
4.1539843e-05,2.00001e-01,
4.1549843e-05,2.00001e-01,
4.1559844e-05,2.00001e-01,
4.1569845e-05,2.00001e-01,
4.1579846e-05,-0.00000e+00,
4.1589847e-05,2.00001e-01,
4.1599847e-05,-0.00000e+00,
4.1609848e-05,-0.00000e+00,
4.1619849e-05,2.00001e-01,
4.1629850e-05,-0.00000e+00,
4.1639851e-05,-0.00000e+00,
4.1649851e-05,2.00001e-01,
4.1659852e-05,2.00001e-01,
4.1669853e-05,-0.00000e+00,
4.1679854e-05,-0.00000e+00,
4.1689855e-05,2.00001e-01,
4.1699856e-05,2.00001e-01,
4.1709856e-05,2.00001e-01,
4.1719857e-05,2.00001e-01,
4.1729858e-05,-0.00000e+00,
4.1739859e-05,2.00001e-01,
4.1749860e-05,-0.00000e+00,
4.1759860e-05,-0.00000e+00,
4.1769861e-05,-0.00000e+00,
4.1779862e-05,2.00001e-01,
4.1789863e-05,-0.00000e+00,
4.1799864e-05,2.00001e-01,
4.1809864e-05,-0.00000e+00,
4.1819865e-05,-0.00000e+00,
4.1829866e-05,2.00001e-01,
4.1839867e-05,-0.00000e+00,
4.1849868e-05,2.00001e-01,
4.1859868e-05,-0.00000e+00,
4.1869869e-05,-0.00000e+00,
4.1879870e-05,2.00001e-01,
4.1889871e-05,-0.00000e+00,
4.1899872e-05,2.00001e-01,
4.1909872e-05,-0.00000e+00,
4.1919873e-05,-0.00000e+00,
4.1929874e-05,2.00001e-01,
4.1939875e-05,-0.00000e+00,
4.1949876e-05,-0.00000e+00,
4.1959876e-05,2.00001e-01,
4.1969877e-05,-0.00000e+00,
4.1979878e-05,2.00001e-01,
4.1989879e-05,-0.00000e+00,
4.1999880e-05,-0.00000e+00,
4.2009880e-05,2.00001e-01,
4.2019881e-05,-0.00000e+00,
4.2029882e-05,2.00001e-01,
4.2039883e-05,-0.00000e+00,
4.2049884e-05,2.00001e-01,
4.2059884e-05,2.00001e-01,
4.2069885e-05,2.00001e-01,
4.2079886e-05,2.00001e-01,
4.2089887e-05,-0.00000e+00,
4.2099888e-05,2.00001e-01,
4.2109888e-05,-0.00000e+00,
4.2119889e-05,-0.00000e+00,
4.2129890e-05,-0.00000e+00,
4.2139891e-05,-0.00000e+00,
4.2149892e-05,2.00001e-01,
4.2159892e-05,-0.00000e+00,
4.2169893e-05,-0.00000e+00,
4.2179894e-05,-0.00000e+00,
4.2189895e-05,2.00001e-01,
4.2199896e-05,2.00001e-01,
4.2209896e-05,-0.00000e+00,
4.2219897e-05,-0.00000e+00,
4.2229898e-05,-0.00000e+00,
4.2239899e-05,2.00001e-01,
4.2249900e-05,-0.00000e+00,
4.2259901e-05,-0.00000e+00,
4.2269901e-05,-0.00000e+00,
4.2279902e-05,2.00001e-01,
4.2289903e-05,-0.00000e+00,
4.2299904e-05,-0.00000e+00,
4.2309905e-05,2.00001e-01,
4.2319905e-05,-0.00000e+00,
4.2329906e-05,2.00001e-01,
4.2339907e-05,2.00001e-01,
4.2349908e-05,-0.00000e+00,
4.2359909e-05,-0.00000e+00,
4.2369909e-05,2.00001e-01,
4.2379910e-05,-0.00000e+00,
4.2389911e-05,-0.00000e+00,
4.2399912e-05,2.00001e-01,
4.2409913e-05,2.00001e-01,
4.2419913e-05,-0.00000e+00,
4.2429914e-05,-0.00000e+00,
4.2439915e-05,-0.00000e+00,
4.2449916e-05,2.00001e-01,
4.2459917e-05,-0.00000e+00,
4.2469917e-05,-0.00000e+00,
4.2479918e-05,2.00001e-01,
4.2489919e-05,-0.00000e+00,
4.2499920e-05,2.00001e-01,
4.2509921e-05,-0.00000e+00,
4.2519921e-05,2.00001e-01,
4.2529922e-05,-0.00000e+00,
4.2539923e-05,2.00001e-01,
4.2549924e-05,2.00001e-01,
4.2559925e-05,-0.00000e+00,
4.2569925e-05,2.00001e-01,
4.2579926e-05,-0.00000e+00,
4.2589927e-05,-0.00000e+00,
4.2599928e-05,-0.00000e+00,
4.2609929e-05,-0.00000e+00,
4.2619929e-05,-0.00000e+00,
4.2629930e-05,-0.00000e+00,
4.2639931e-05,2.00001e-01,
4.2649932e-05,-0.00000e+00,
4.2659933e-05,2.00001e-01,
4.2669933e-05,-0.00000e+00,
4.2679934e-05,2.00001e-01,
4.2689935e-05,-0.00000e+00,
4.2699936e-05,2.00001e-01,
4.2709937e-05,-0.00000e+00,
4.2719937e-05,-0.00000e+00,
4.2729938e-05,-0.00000e+00,
4.2739939e-05,-0.00000e+00,
4.2749940e-05,-0.00000e+00,
4.2759941e-05,-0.00000e+00,
4.2769942e-05,-0.00000e+00,
4.2779942e-05,-0.00000e+00,
4.2789943e-05,-0.00000e+00,
4.2799944e-05,-0.00000e+00,
4.2809945e-05,-0.00000e+00,
4.2819946e-05,-0.00000e+00,
4.2829946e-05,-0.00000e+00,
4.2839947e-05,-0.00000e+00,
4.2849948e-05,-0.00000e+00,
4.2859949e-05,-0.00000e+00,
4.2869950e-05,2.00001e-01,
4.2879950e-05,-0.00000e+00,
4.2889951e-05,-0.00000e+00,
4.2899952e-05,2.00001e-01,
4.2909953e-05,2.00001e-01,
4.2919954e-05,-0.00000e+00,
4.2929954e-05,-0.00000e+00,
4.2939955e-05,-0.00000e+00,
4.2949956e-05,2.00001e-01,
4.2959957e-05,2.00001e-01,
4.2969958e-05,-0.00000e+00,
4.2979958e-05,-0.00000e+00,
4.2989959e-05,-0.00000e+00,
4.2999960e-05,-0.00000e+00,
4.3009961e-05,-0.00000e+00,
4.3019962e-05,-0.00000e+00,
4.3029962e-05,-0.00000e+00,
4.3039963e-05,-0.00000e+00,
4.3049964e-05,-0.00000e+00,
4.3059965e-05,-0.00000e+00,
4.3069966e-05,-0.00000e+00,
4.3079966e-05,2.00001e-01,
4.3089967e-05,-0.00000e+00,
4.3099968e-05,-0.00000e+00,
4.3109969e-05,-0.00000e+00,
4.3119970e-05,2.00001e-01,
4.3129970e-05,2.00001e-01,
4.3139971e-05,-0.00000e+00,
4.3149972e-05,-0.00000e+00,
4.3159973e-05,-0.00000e+00,
4.3169974e-05,2.00001e-01,
4.3179974e-05,-0.00000e+00,
4.3189975e-05,-0.00000e+00,
4.3199976e-05,2.00001e-01,
4.3209977e-05,-0.00000e+00,
4.3219978e-05,-0.00000e+00,
4.3229978e-05,2.00001e-01,
4.3239979e-05,-0.00000e+00,
4.3249980e-05,2.00001e-01,
4.3259981e-05,2.00001e-01,
4.3269982e-05,-0.00000e+00,
4.3279982e-05,2.00001e-01,
4.3289983e-05,-0.00000e+00,
4.3299984e-05,2.00001e-01,
4.3309985e-05,-0.00000e+00,
4.3319986e-05,2.00001e-01,
4.3329987e-05,2.00001e-01,
4.3339987e-05,-0.00000e+00,
4.3349988e-05,2.00001e-01,
4.3359989e-05,-0.00000e+00,
4.3369990e-05,2.00001e-01,
4.3379991e-05,-0.00000e+00,
4.3389991e-05,-0.00000e+00,
4.3399992e-05,-0.00000e+00,
4.3409993e-05,2.00001e-01,
4.3419994e-05,-0.00000e+00,
4.3429995e-05,2.00001e-01,
4.3439995e-05,-0.00000e+00,
4.3449996e-05,-0.00000e+00,
4.3459997e-05,2.00001e-01,
4.3469998e-05,2.00001e-01,
4.3479999e-05,-0.00000e+00,
4.3489999e-05,-0.00000e+00,
4.3500000e-05,-0.00000e+00,
4.3510001e-05,2.00001e-01,
4.3520002e-05,-0.00000e+00,
4.3530003e-05,2.00001e-01,
4.3540003e-05,-0.00000e+00,
4.3550004e-05,2.00001e-01,
4.3560005e-05,-0.00000e+00,
4.3570006e-05,2.00001e-01,
4.3580007e-05,-0.00000e+00,
4.3590007e-05,2.00001e-01,
4.3600008e-05,-0.00000e+00,
4.3610009e-05,-0.00000e+00,
4.3620010e-05,2.00001e-01,
4.3630011e-05,2.00001e-01,
4.3640011e-05,-0.00000e+00,
4.3650012e-05,-0.00000e+00,
4.3660013e-05,-0.00000e+00,
4.3670014e-05,-0.00000e+00,
4.3680015e-05,2.00001e-01,
4.3690015e-05,2.00001e-01,
4.3700016e-05,-0.00000e+00,
4.3710017e-05,-0.00000e+00,
4.3720018e-05,-0.00000e+00,
4.3730019e-05,-0.00000e+00,
4.3740019e-05,-0.00000e+00,
4.3750020e-05,2.00001e-01,
4.3760021e-05,2.00001e-01,
4.3770022e-05,-0.00000e+00,
4.3780023e-05,-0.00000e+00,
4.3790023e-05,-0.00000e+00,
4.3800024e-05,-0.00000e+00,
4.3810025e-05,-0.00000e+00,
4.3820026e-05,2.00001e-01,
4.3830027e-05,-0.00000e+00,
4.3840028e-05,-0.00000e+00,
4.3850028e-05,-0.00000e+00,
4.3860029e-05,-0.00000e+00,
4.3870030e-05,-0.00000e+00,
4.3880031e-05,-0.00000e+00,
4.3890032e-05,-0.00000e+00,
4.3900032e-05,-0.00000e+00,
4.3910033e-05,2.00001e-01,
4.3920034e-05,-0.00000e+00,
4.3930035e-05,-0.00000e+00,
4.3940036e-05,-0.00000e+00,
4.3950036e-05,-0.00000e+00,
4.3960037e-05,-0.00000e+00,
4.3970038e-05,-0.00000e+00,
4.3980039e-05,-0.00000e+00,
4.3990040e-05,-0.00000e+00,
4.4000040e-05,-0.00000e+00,
4.4010041e-05,-0.00000e+00,
4.4020042e-05,2.00001e-01,
4.4030043e-05,-0.00000e+00,
4.4040044e-05,-0.00000e+00,
4.4050044e-05,-0.00000e+00,
4.4060045e-05,2.00001e-01,
4.4070046e-05,-0.00000e+00,
4.4080047e-05,-0.00000e+00,
4.4090048e-05,-0.00000e+00,
4.4100048e-05,-0.00000e+00,
4.4110049e-05,2.00001e-01,
4.4120050e-05,-0.00000e+00,
4.4130051e-05,-0.00000e+00,
4.4140052e-05,2.00001e-01,
4.4150052e-05,-0.00000e+00,
4.4160053e-05,-0.00000e+00,
4.4170054e-05,-0.00000e+00,
4.4180055e-05,-0.00000e+00,
4.4190056e-05,2.00001e-01,
4.4200056e-05,2.00001e-01,
4.4210057e-05,-0.00000e+00,
4.4220058e-05,-0.00000e+00,
4.4230059e-05,-0.00000e+00,
4.4240060e-05,2.00001e-01,
4.4250060e-05,-0.00000e+00,
4.4260061e-05,-0.00000e+00,
4.4270062e-05,-0.00000e+00,
4.4280063e-05,2.00001e-01,
4.4290064e-05,-0.00000e+00,
4.4300064e-05,2.00001e-01,
4.4310065e-05,2.00001e-01,
4.4320066e-05,-0.00000e+00,
4.4330067e-05,-0.00000e+00,
4.4340068e-05,2.00001e-01,
4.4350068e-05,2.00001e-01,
4.4360069e-05,-0.00000e+00,
4.4370070e-05,-0.00000e+00,
4.4380071e-05,-0.00000e+00,
4.4390072e-05,2.00001e-01,
4.4400073e-05,-0.00000e+00,
4.4410073e-05,2.00001e-01,
4.4420074e-05,2.00001e-01,
4.4430075e-05,-0.00000e+00,
4.4440076e-05,2.00001e-01,
4.4450077e-05,-0.00000e+00,
4.4460077e-05,-0.00000e+00,
4.4470078e-05,-0.00000e+00,
4.4480079e-05,2.00001e-01,
4.4490080e-05,-0.00000e+00,
4.4500081e-05,-0.00000e+00,
4.4510081e-05,-0.00000e+00,
4.4520082e-05,-0.00000e+00,
4.4530083e-05,2.00001e-01,
4.4540084e-05,-0.00000e+00,
4.4550085e-05,2.00001e-01,
4.4560085e-05,-0.00000e+00,
4.4570086e-05,-0.00000e+00,
4.4580087e-05,2.00001e-01,
4.4590088e-05,-0.00000e+00,
4.4600089e-05,2.00001e-01,
4.4610089e-05,-0.00000e+00,
4.4620090e-05,-0.00000e+00,
4.4630091e-05,2.00001e-01,
4.4640092e-05,-0.00000e+00,
4.4650093e-05,2.00001e-01,
4.4660093e-05,-0.00000e+00,
4.4670094e-05,2.00001e-01,
4.4680095e-05,2.00001e-01,
4.4690096e-05,-0.00000e+00,
4.4700097e-05,-0.00000e+00,
4.4710097e-05,-0.00000e+00,
4.4720098e-05,-0.00000e+00,
4.4730099e-05,-0.00000e+00,
4.4740100e-05,-0.00000e+00,
4.4750101e-05,-0.00000e+00,
4.4760101e-05,-0.00000e+00,
4.4770102e-05,2.00001e-01,
4.4780103e-05,-0.00000e+00,
4.4790104e-05,-0.00000e+00,
4.4800105e-05,-0.00000e+00,
4.4810105e-05,-0.00000e+00,
4.4820106e-05,2.00001e-01,
4.4830107e-05,-0.00000e+00,
4.4840108e-05,-0.00000e+00,
4.4850109e-05,-0.00000e+00,
4.4860109e-05,-0.00000e+00,
4.4870110e-05,2.00001e-01,
4.4880111e-05,-0.00000e+00,
4.4890112e-05,-0.00000e+00,
4.4900113e-05,2.00001e-01,
4.4910114e-05,-0.00000e+00,
4.4920114e-05,2.00001e-01,
4.4930115e-05,-0.00000e+00,
4.4940116e-05,-0.00000e+00,
4.4950117e-05,2.00001e-01,
4.4960118e-05,-0.00000e+00,
4.4970118e-05,2.00001e-01,
4.4980119e-05,-0.00000e+00,
4.4990120e-05,-0.00000e+00,
4.5000121e-05,-0.00000e+00,
4.5010122e-05,-0.00000e+00,
4.5020122e-05,2.00001e-01,
4.5030123e-05,-0.00000e+00,
4.5040124e-05,2.00001e-01,
4.5050125e-05,-0.00000e+00,
4.5060126e-05,2.00001e-01,
4.5070126e-05,2.00001e-01,
4.5080127e-05,-0.00000e+00,
4.5090128e-05,2.00001e-01,
4.5100129e-05,2.00001e-01,
4.5110130e-05,2.00001e-01,
4.5120130e-05,2.00001e-01,
4.5130131e-05,2.00001e-01,
4.5140132e-05,-0.00000e+00,
4.5150133e-05,-0.00000e+00,
4.5160134e-05,-0.00000e+00,
4.5170134e-05,2.00001e-01,
4.5180135e-05,2.00001e-01,
4.5190136e-05,2.00001e-01,
4.5200137e-05,-0.00000e+00,
4.5210138e-05,-0.00000e+00,
4.5220138e-05,2.00001e-01,
4.5230139e-05,-0.00000e+00,
4.5240140e-05,-0.00000e+00,
4.5250141e-05,-0.00000e+00,
4.5260142e-05,-0.00000e+00,
4.5270142e-05,2.00001e-01,
4.5280143e-05,2.00001e-01,
4.5290144e-05,2.00001e-01,
4.5300145e-05,-0.00000e+00,
4.5310146e-05,-0.00000e+00,
4.5320146e-05,-0.00000e+00,
4.5330147e-05,2.00001e-01,
4.5340148e-05,2.00001e-01,
4.5350149e-05,-0.00000e+00,
4.5360150e-05,-0.00000e+00,
4.5370150e-05,-0.00000e+00,
4.5380151e-05,2.00001e-01,
4.5390152e-05,2.00001e-01,
4.5400153e-05,2.00001e-01,
4.5410154e-05,2.00001e-01,
4.5420154e-05,-0.00000e+00,
4.5430155e-05,-0.00000e+00,
4.5440156e-05,-0.00000e+00,
4.5450157e-05,-0.00000e+00,
4.5460158e-05,-0.00000e+00,
4.5470159e-05,-0.00000e+00,
4.5480159e-05,-0.00000e+00,
4.5490160e-05,-0.00000e+00,
4.5500161e-05,-0.00000e+00,
4.5510162e-05,-0.00000e+00,
4.5520163e-05,-0.00000e+00,
4.5530163e-05,-0.00000e+00,
4.5540164e-05,-0.00000e+00,
4.5550165e-05,2.00001e-01,
4.5560166e-05,-0.00000e+00,
4.5570167e-05,-0.00000e+00,
4.5580167e-05,-0.00000e+00,
4.5590168e-05,2.00001e-01,
4.5600169e-05,2.00001e-01,
4.5610170e-05,-0.00000e+00,
4.5620171e-05,-0.00000e+00,
4.5630171e-05,2.00001e-01,
4.5640172e-05,2.00001e-01,
4.5650173e-05,-0.00000e+00,
4.5660174e-05,-0.00000e+00,
4.5670175e-05,-0.00000e+00,
4.5680175e-05,-0.00000e+00,
4.5690176e-05,-0.00000e+00,
4.5700177e-05,-0.00000e+00,
4.5710178e-05,-0.00000e+00,
4.5720179e-05,-0.00000e+00,
4.5730179e-05,-0.00000e+00,
4.5740180e-05,-0.00000e+00,
4.5750181e-05,2.00001e-01,
4.5760182e-05,-0.00000e+00,
4.5770183e-05,-0.00000e+00,
4.5780183e-05,2.00001e-01,
4.5790184e-05,-0.00000e+00,
4.5800185e-05,-0.00000e+00,
4.5810186e-05,2.00001e-01,
4.5820187e-05,-0.00000e+00,
4.5830187e-05,2.00001e-01,
4.5840188e-05,-0.00000e+00,
4.5850189e-05,-0.00000e+00,
4.5860190e-05,2.00001e-01,
4.5870191e-05,2.00001e-01,
4.5880191e-05,-0.00000e+00,
4.5890192e-05,-0.00000e+00,
4.5900193e-05,-0.00000e+00,
4.5910194e-05,2.00001e-01,
4.5920195e-05,-0.00000e+00,
4.5930195e-05,-0.00000e+00,
4.5940196e-05,2.00001e-01,
4.5950197e-05,-0.00000e+00,
4.5960198e-05,2.00001e-01,
4.5970199e-05,2.00001e-01,
4.5980200e-05,-0.00000e+00,
4.5990200e-05,2.00001e-01,
4.6000201e-05,-0.00000e+00,
4.6010202e-05,-0.00000e+00,
4.6020203e-05,-0.00000e+00,
4.6030204e-05,-0.00000e+00,
4.6040204e-05,-0.00000e+00,
4.6050205e-05,-0.00000e+00,
4.6060206e-05,-0.00000e+00,
4.6070207e-05,-0.00000e+00,
4.6080208e-05,2.00001e-01,
4.6090208e-05,-0.00000e+00,
4.6100209e-05,-0.00000e+00,
4.6110210e-05,-0.00000e+00,
4.6120211e-05,-0.00000e+00,
4.6130212e-05,2.00001e-01,
4.6140212e-05,2.00001e-01,
4.6150213e-05,-0.00000e+00,
4.6160214e-05,-0.00000e+00,
4.6170215e-05,2.00001e-01,
4.6180216e-05,-0.00000e+00,
4.6190216e-05,-0.00000e+00,
4.6200217e-05,-0.00000e+00,
4.6210218e-05,-0.00000e+00,
4.6220219e-05,2.00001e-01,
4.6230220e-05,2.00001e-01,
4.6240220e-05,-0.00000e+00,
4.6250221e-05,-0.00000e+00,
4.6260222e-05,-0.00000e+00,
4.6270223e-05,2.00001e-01,
4.6280224e-05,-0.00000e+00,
4.6290224e-05,-0.00000e+00,
4.6300225e-05,-0.00000e+00,
4.6310226e-05,-0.00000e+00,
4.6320227e-05,2.00001e-01,
4.6330228e-05,-0.00000e+00,
4.6340228e-05,2.00001e-01,
4.6350229e-05,-0.00000e+00,
4.6360230e-05,-0.00000e+00,
4.6370231e-05,2.00001e-01,
4.6380232e-05,-0.00000e+00,
4.6390232e-05,2.00001e-01,
4.6400233e-05,-0.00000e+00,
4.6410234e-05,-0.00000e+00,
4.6420235e-05,2.00001e-01,
4.6430236e-05,-0.00000e+00,
4.6440236e-05,2.00001e-01,
4.6450237e-05,-0.00000e+00,
4.6460238e-05,-0.00000e+00,
4.6470239e-05,2.00001e-01,
4.6480240e-05,-0.00000e+00,
4.6490240e-05,-0.00000e+00,
4.6500241e-05,-0.00000e+00,
4.6510242e-05,-0.00000e+00,
4.6520243e-05,-0.00000e+00,
4.6530244e-05,-0.00000e+00,
4.6540245e-05,-0.00000e+00,
4.6550245e-05,-0.00000e+00,
4.6560246e-05,-0.00000e+00,
4.6570247e-05,2.00001e-01,
4.6580248e-05,-0.00000e+00,
4.6590249e-05,-0.00000e+00,
4.6600249e-05,-0.00000e+00,
4.6610250e-05,-0.00000e+00,
4.6620251e-05,2.00001e-01,
4.6630252e-05,-0.00000e+00,
4.6640253e-05,-0.00000e+00,
4.6650253e-05,2.00001e-01,
4.6660254e-05,-0.00000e+00,
4.6670255e-05,2.00001e-01,
4.6680256e-05,-0.00000e+00,
4.6690257e-05,-0.00000e+00,
4.6700257e-05,2.00001e-01,
4.6710258e-05,-0.00000e+00,
4.6720259e-05,2.00001e-01,
4.6730260e-05,-0.00000e+00,
4.6740261e-05,-0.00000e+00,
4.6750261e-05,-0.00000e+00,
4.6760262e-05,2.00001e-01,
4.6770263e-05,2.00001e-01,
4.6780264e-05,-0.00000e+00,
4.6790265e-05,-0.00000e+00,
4.6800265e-05,-0.00000e+00,
4.6810266e-05,-0.00000e+00,
4.6820267e-05,-0.00000e+00,
4.6830268e-05,-0.00000e+00,
4.6840269e-05,2.00001e-01,
4.6850269e-05,-0.00000e+00,
4.6860270e-05,2.00001e-01,
4.6870271e-05,-0.00000e+00,
4.6880272e-05,-0.00000e+00,
4.6890273e-05,2.00001e-01,
4.6900273e-05,2.00001e-01,
4.6910274e-05,-0.00000e+00,
4.6920275e-05,-0.00000e+00,
4.6930276e-05,-0.00000e+00,
4.6940277e-05,2.00001e-01,
4.6950277e-05,-0.00000e+00,
4.6960278e-05,2.00001e-01,
4.6970279e-05,-0.00000e+00,
4.6980280e-05,-0.00000e+00,
4.6990281e-05,2.00001e-01,
4.7000281e-05,2.00001e-01,
4.7010282e-05,2.00001e-01,
4.7020283e-05,2.00001e-01,
4.7030284e-05,-0.00000e+00,
4.7040285e-05,2.00001e-01,
4.7050286e-05,-0.00000e+00,
4.7060286e-05,-0.00000e+00,
4.7070287e-05,-0.00000e+00,
4.7080288e-05,2.00001e-01,
4.7090289e-05,2.00001e-01,
4.7100290e-05,2.00001e-01,
4.7110290e-05,2.00001e-01,
4.7120291e-05,-0.00000e+00,
4.7130292e-05,-0.00000e+00,
4.7140293e-05,-0.00000e+00,
4.7150294e-05,-0.00000e+00,
4.7160294e-05,-0.00000e+00,
4.7170295e-05,-0.00000e+00,
4.7180296e-05,-0.00000e+00,
4.7190297e-05,-0.00000e+00,
4.7200298e-05,-0.00000e+00,
4.7210298e-05,2.00001e-01,
4.7220299e-05,2.00001e-01,
4.7230300e-05,-0.00000e+00,
4.7240301e-05,2.00001e-01,
4.7250302e-05,-0.00000e+00,
4.7260302e-05,2.00001e-01,
4.7270303e-05,-0.00000e+00,
4.7280304e-05,2.00001e-01,
4.7290305e-05,-0.00000e+00,
4.7300306e-05,-0.00000e+00,
4.7310306e-05,2.00001e-01,
4.7320307e-05,-0.00000e+00,
4.7330308e-05,2.00001e-01,
4.7340309e-05,2.00001e-01,
4.7350310e-05,2.00001e-01,
4.7360310e-05,-0.00000e+00,
4.7370311e-05,-0.00000e+00,
4.7380312e-05,-0.00000e+00,
4.7390313e-05,-0.00000e+00,
4.7400314e-05,-0.00000e+00,
4.7410314e-05,2.00001e-01,
4.7420315e-05,-0.00000e+00,
4.7430316e-05,-0.00000e+00,
4.7440317e-05,-0.00000e+00,
4.7450318e-05,2.00001e-01,
4.7460318e-05,2.00001e-01,
4.7470319e-05,2.00001e-01,
4.7480320e-05,2.00001e-01,
4.7490321e-05,-0.00000e+00,
4.7500322e-05,-0.00000e+00,
4.7510322e-05,-0.00000e+00,
4.7520323e-05,-0.00000e+00,
4.7530324e-05,-0.00000e+00,
4.7540325e-05,2.00001e-01,
4.7550326e-05,-0.00000e+00,
4.7560326e-05,-0.00000e+00,
4.7570327e-05,-0.00000e+00,
4.7580328e-05,2.00001e-01,
4.7590329e-05,2.00001e-01,
4.7600330e-05,-0.00000e+00,
4.7610331e-05,-0.00000e+00,
4.7620331e-05,2.00001e-01,
4.7630332e-05,-0.00000e+00,
4.7640333e-05,2.00001e-01,
4.7650334e-05,-0.00000e+00,
4.7660335e-05,-0.00000e+00,
4.7670335e-05,-0.00000e+00,
4.7680336e-05,-0.00000e+00,
4.7690337e-05,-0.00000e+00,
4.7700338e-05,2.00001e-01,
4.7710339e-05,-0.00000e+00,
4.7720339e-05,2.00001e-01,
4.7730340e-05,-0.00000e+00,
4.7740341e-05,-0.00000e+00,
4.7750342e-05,2.00001e-01,
4.7760343e-05,-0.00000e+00,
4.7770343e-05,2.00001e-01,
4.7780344e-05,-0.00000e+00,
4.7790345e-05,-0.00000e+00,
4.7800346e-05,-0.00000e+00,
4.7810347e-05,-0.00000e+00,
4.7820347e-05,-0.00000e+00,
4.7830348e-05,2.00001e-01,
4.7840349e-05,-0.00000e+00,
4.7850350e-05,-0.00000e+00,
4.7860351e-05,-0.00000e+00,
4.7870351e-05,-0.00000e+00,
4.7880352e-05,2.00001e-01,
4.7890353e-05,-0.00000e+00,
4.7900354e-05,2.00001e-01,
4.7910355e-05,-0.00000e+00,
4.7920355e-05,-0.00000e+00,
4.7930356e-05,-0.00000e+00,
4.7940357e-05,2.00001e-01,
4.7950358e-05,-0.00000e+00,
4.7960359e-05,2.00001e-01,
4.7970359e-05,-0.00000e+00,
4.7980360e-05,-0.00000e+00,
4.7990361e-05,-0.00000e+00,
4.8000362e-05,2.00001e-01,
4.8010363e-05,2.00001e-01,
4.8020363e-05,-0.00000e+00,
4.8030364e-05,-0.00000e+00,
4.8040365e-05,-0.00000e+00,
4.8050366e-05,2.00001e-01,
4.8060367e-05,2.00001e-01,
4.8070367e-05,-0.00000e+00,
4.8080368e-05,-0.00000e+00,
4.8090369e-05,2.00001e-01,
4.8100370e-05,2.00001e-01,
4.8110371e-05,-0.00000e+00,
4.8120372e-05,-0.00000e+00,
4.8130372e-05,2.00001e-01,
4.8140373e-05,2.00001e-01,
4.8150374e-05,-0.00000e+00,
4.8160375e-05,2.00001e-01,
4.8170376e-05,-0.00000e+00,
4.8180376e-05,2.00001e-01,
4.8190377e-05,-0.00000e+00,
4.8200378e-05,-0.00000e+00,
4.8210379e-05,2.00001e-01,
4.8220380e-05,2.00001e-01,
4.8230380e-05,-0.00000e+00,
4.8240381e-05,2.00001e-01,
4.8250382e-05,-0.00000e+00,
4.8260383e-05,-0.00000e+00,
4.8270384e-05,-0.00000e+00,
4.8280384e-05,2.00001e-01,
4.8290385e-05,2.00001e-01,
4.8300386e-05,2.00001e-01,
4.8310387e-05,-0.00000e+00,
4.8320388e-05,2.00001e-01,
4.8330388e-05,-0.00000e+00,
4.8340389e-05,-0.00000e+00,
4.8350390e-05,-0.00000e+00,
4.8360391e-05,-0.00000e+00,
4.8370392e-05,-0.00000e+00,
4.8380392e-05,2.00001e-01,
4.8390393e-05,-0.00000e+00,
4.8400394e-05,-0.00000e+00,
4.8410395e-05,2.00001e-01,
4.8420396e-05,2.00001e-01,
4.8430396e-05,2.00001e-01,
4.8440397e-05,-0.00000e+00,
4.8450398e-05,2.00001e-01,
4.8460399e-05,2.00001e-01,
4.8470400e-05,2.00001e-01,
4.8480400e-05,-0.00000e+00,
4.8490401e-05,2.00001e-01,
4.8500402e-05,-0.00000e+00,
4.8510403e-05,-0.00000e+00,
4.8520404e-05,-0.00000e+00,
4.8530404e-05,-0.00000e+00,
4.8540405e-05,2.00001e-01,
4.8550406e-05,2.00001e-01,
4.8560407e-05,-0.00000e+00,
4.8570408e-05,-0.00000e+00,
4.8580408e-05,-0.00000e+00,
4.8590409e-05,-0.00000e+00,
4.8600410e-05,2.00001e-01,
4.8610411e-05,-0.00000e+00,
4.8620412e-05,-0.00000e+00,
4.8630412e-05,-0.00000e+00,
4.8640413e-05,-0.00000e+00,
4.8650414e-05,2.00001e-01,
4.8660415e-05,2.00001e-01,
4.8670416e-05,-0.00000e+00,
4.8680417e-05,2.00001e-01,
4.8690417e-05,-0.00000e+00,
4.8700418e-05,2.00001e-01,
4.8710419e-05,-0.00000e+00,
4.8720420e-05,2.00001e-01,
4.8730421e-05,2.00001e-01,
4.8740421e-05,2.00001e-01,
4.8750422e-05,-0.00000e+00,
4.8760423e-05,2.00001e-01,
4.8770424e-05,-0.00000e+00,
4.8780425e-05,-0.00000e+00,
4.8790425e-05,-0.00000e+00,
4.8800426e-05,2.00001e-01,
4.8810427e-05,2.00001e-01,
4.8820428e-05,-0.00000e+00,
4.8830429e-05,2.00001e-01,
4.8840429e-05,-0.00000e+00,
4.8850430e-05,-0.00000e+00,
4.8860431e-05,2.00001e-01,
4.8870432e-05,2.00001e-01,
4.8880433e-05,-0.00000e+00,
4.8890433e-05,2.00001e-01,
4.8900434e-05,-0.00000e+00,
4.8910435e-05,-0.00000e+00,
4.8920436e-05,-0.00000e+00,
4.8930437e-05,-0.00000e+00,
4.8940437e-05,2.00001e-01,
4.8950438e-05,-0.00000e+00,
4.8960439e-05,2.00001e-01,
4.8970440e-05,2.00001e-01,
4.8980441e-05,-0.00000e+00,
4.8990441e-05,-0.00000e+00,
4.9000442e-05,-0.00000e+00,
4.9010443e-05,-0.00000e+00,
4.9020444e-05,-0.00000e+00,
4.9030445e-05,2.00001e-01,
4.9040445e-05,-0.00000e+00,
4.9050446e-05,-0.00000e+00,
4.9060447e-05,-0.00000e+00,
4.9070448e-05,-0.00000e+00,
4.9080449e-05,-0.00000e+00,
4.9090449e-05,2.00001e-01,
4.9100450e-05,-0.00000e+00,
4.9110451e-05,-0.00000e+00,
4.9120452e-05,-0.00000e+00,
4.9130453e-05,2.00001e-01,
4.9140453e-05,-0.00000e+00,
4.9150454e-05,-0.00000e+00,
4.9160455e-05,-0.00000e+00,
4.9170456e-05,-0.00000e+00,
4.9180457e-05,-0.00000e+00,
4.9190458e-05,2.00001e-01,
4.9200458e-05,-0.00000e+00,
4.9210459e-05,-0.00000e+00,
4.9220460e-05,-0.00000e+00,
4.9230461e-05,2.00001e-01,
4.9240462e-05,-0.00000e+00,
4.9250462e-05,-0.00000e+00,
4.9260463e-05,-0.00000e+00,
4.9270464e-05,-0.00000e+00,
4.9280465e-05,-0.00000e+00,
4.9290466e-05,2.00001e-01,
4.9300466e-05,-0.00000e+00,
4.9310467e-05,-0.00000e+00,
4.9320468e-05,-0.00000e+00,
4.9330469e-05,-0.00000e+00,
4.9340470e-05,2.00001e-01,
4.9350470e-05,2.00001e-01,
4.9360471e-05,-0.00000e+00,
4.9370472e-05,-0.00000e+00,
4.9380473e-05,-0.00000e+00,
4.9390474e-05,2.00001e-01,
4.9400474e-05,-0.00000e+00,
4.9410475e-05,-0.00000e+00,
4.9420476e-05,-0.00000e+00,
4.9430477e-05,-0.00000e+00,
4.9440478e-05,2.00001e-01,
4.9450478e-05,-0.00000e+00,
4.9460479e-05,-0.00000e+00,
4.9470480e-05,-0.00000e+00,
4.9480481e-05,-0.00000e+00,
4.9490482e-05,-0.00000e+00,
4.9500482e-05,-0.00000e+00,
4.9510483e-05,2.00001e-01,
4.9520484e-05,-0.00000e+00,
4.9530485e-05,-0.00000e+00,
4.9540486e-05,-0.00000e+00,
4.9550486e-05,-0.00000e+00,
4.9560487e-05,-0.00000e+00,
4.9570488e-05,-0.00000e+00,
4.9580489e-05,-0.00000e+00,
4.9590490e-05,-0.00000e+00,
4.9600490e-05,-0.00000e+00,
4.9610491e-05,-0.00000e+00,
4.9620492e-05,-0.00000e+00,
4.9630493e-05,-0.00000e+00,
4.9640494e-05,-0.00000e+00,
4.9650494e-05,-0.00000e+00,
4.9660495e-05,-0.00000e+00,
4.9670496e-05,-0.00000e+00,
4.9680497e-05,-0.00000e+00,
4.9690498e-05,2.00001e-01,
4.9700498e-05,-0.00000e+00,
4.9710499e-05,2.00001e-01,
4.9720500e-05,-0.00000e+00,
4.9730501e-05,-0.00000e+00,
4.9740502e-05,2.00001e-01,
4.9750503e-05,-0.00000e+00,
4.9760503e-05,-0.00000e+00,
4.9770504e-05,-0.00000e+00,
4.9780505e-05,2.00001e-01,
4.9790506e-05,-0.00000e+00,
4.9800507e-05,-0.00000e+00,
4.9810507e-05,-0.00000e+00,
4.9820508e-05,2.00001e-01,
4.9830509e-05,-0.00000e+00,
4.9840510e-05,-0.00000e+00,
4.9850511e-05,-0.00000e+00,
4.9860511e-05,-0.00000e+00,
4.9870512e-05,-0.00000e+00,
4.9880513e-05,-0.00000e+00,
4.9890514e-05,-0.00000e+00,
4.9900515e-05,-0.00000e+00,
4.9910515e-05,2.00001e-01,
4.9920516e-05,2.00001e-01,
4.9930517e-05,-0.00000e+00,
4.9940518e-05,-0.00000e+00,
4.9950519e-05,-0.00000e+00,
4.9960519e-05,-0.00000e+00,
4.9970520e-05,-0.00000e+00,
4.9980521e-05,-0.00000e+00,
4.9990522e-05,-0.00000e+00,
5.0000523e-05,2.00001e-01,
5.0010523e-05,-0.00000e+00,
5.0020524e-05,-0.00000e+00,
5.0030525e-05,-0.00000e+00,
5.0040526e-05,-0.00000e+00,
5.0050527e-05,-0.00000e+00,
5.0060527e-05,-0.00000e+00,
5.0070528e-05,-0.00000e+00,
5.0080529e-05,-0.00000e+00,
5.0090530e-05,-0.00000e+00,
5.0100531e-05,-0.00000e+00,
5.0110531e-05,-0.00000e+00,
5.0120532e-05,-0.00000e+00,
5.0130533e-05,-0.00000e+00,
5.0140534e-05,-0.00000e+00,
5.0150535e-05,2.00001e-01,
5.0160535e-05,-0.00000e+00,
5.0170536e-05,-0.00000e+00,
5.0180537e-05,2.00001e-01,
5.0190538e-05,-0.00000e+00,
5.0200539e-05,2.00001e-01,
5.0210539e-05,2.00001e-01,
5.0220540e-05,-0.00000e+00,
5.0230541e-05,-0.00000e+00,
5.0240542e-05,-0.00000e+00,
5.0250543e-05,-0.00000e+00,
5.0260544e-05,-0.00000e+00,
5.0270544e-05,2.00001e-01,
5.0280545e-05,-0.00000e+00,
5.0290546e-05,-0.00000e+00,
5.0300547e-05,-0.00000e+00,
5.0310548e-05,-0.00000e+00,
5.0320548e-05,2.00001e-01,
5.0330549e-05,-0.00000e+00,
5.0340550e-05,-0.00000e+00,
5.0350551e-05,-0.00000e+00,
5.0360552e-05,2.00001e-01,
5.0370552e-05,-0.00000e+00,
5.0380553e-05,-0.00000e+00,
5.0390554e-05,2.00001e-01,
5.0400555e-05,-0.00000e+00,
5.0410556e-05,-0.00000e+00,
5.0420556e-05,2.00001e-01,
5.0430557e-05,-0.00000e+00,
5.0440558e-05,-0.00000e+00,
5.0450559e-05,-0.00000e+00,
5.0460560e-05,-0.00000e+00,
5.0470560e-05,-0.00000e+00,
5.0480561e-05,2.00001e-01,
5.0490562e-05,-0.00000e+00,
5.0500563e-05,-0.00000e+00,
5.0510564e-05,-0.00000e+00,
5.0520564e-05,-0.00000e+00,
5.0530565e-05,-0.00000e+00,
5.0540566e-05,2.00001e-01,
5.0550567e-05,-0.00000e+00,
5.0560568e-05,-0.00000e+00,
5.0570568e-05,2.00001e-01,
5.0580569e-05,-0.00000e+00,
5.0590570e-05,2.00001e-01,
5.0600571e-05,-0.00000e+00,
5.0610572e-05,-0.00000e+00,
5.0620572e-05,-0.00000e+00,
5.0630573e-05,2.00001e-01,
5.0640574e-05,2.00001e-01,
5.0650575e-05,-0.00000e+00,
5.0660576e-05,2.00001e-01,
5.0670576e-05,-0.00000e+00,
5.0680577e-05,-0.00000e+00,
5.0690578e-05,-0.00000e+00,
5.0700579e-05,-0.00000e+00,
5.0710580e-05,-0.00000e+00,
5.0720580e-05,-0.00000e+00,
5.0730581e-05,2.00001e-01,
5.0740582e-05,-0.00000e+00,
5.0750583e-05,-0.00000e+00,
5.0760584e-05,-0.00000e+00,
5.0770584e-05,-0.00000e+00,
5.0780585e-05,-0.00000e+00,
5.0790586e-05,2.00001e-01,
5.0800587e-05,-0.00000e+00,
5.0810588e-05,2.00001e-01,
5.0820589e-05,-0.00000e+00,
5.0830589e-05,-0.00000e+00,
5.0840590e-05,2.00001e-01,
5.0850591e-05,-0.00000e+00,
5.0860592e-05,2.00001e-01,
5.0870593e-05,2.00001e-01,
5.0880593e-05,-0.00000e+00,
5.0890594e-05,-0.00000e+00,
5.0900595e-05,-0.00000e+00,
5.0910596e-05,2.00001e-01,
5.0920597e-05,-0.00000e+00,
5.0930597e-05,-0.00000e+00,
5.0940598e-05,-0.00000e+00,
5.0950599e-05,-0.00000e+00,
5.0960600e-05,2.00001e-01,
5.0970601e-05,2.00001e-01,
5.0980601e-05,-0.00000e+00,
5.0990602e-05,-0.00000e+00,
5.1000603e-05,-0.00000e+00,
5.1010604e-05,2.00001e-01,
5.1020605e-05,-0.00000e+00,
5.1030605e-05,-0.00000e+00,
5.1040606e-05,-0.00000e+00,
5.1050607e-05,-0.00000e+00,
5.1060608e-05,2.00001e-01,
5.1070609e-05,2.00001e-01,
5.1080609e-05,2.00001e-01,
5.1090610e-05,-0.00000e+00,
5.1100611e-05,-0.00000e+00,
5.1110612e-05,2.00001e-01,
5.1120613e-05,-0.00000e+00,
5.1130613e-05,-0.00000e+00,
5.1140614e-05,2.00001e-01,
5.1150615e-05,-0.00000e+00,
5.1160616e-05,-0.00000e+00,
5.1170617e-05,2.00001e-01,
5.1180617e-05,-0.00000e+00,
5.1190618e-05,2.00001e-01,
5.1200619e-05,2.00001e-01,
5.1210620e-05,-0.00000e+00,
5.1220621e-05,2.00001e-01,
5.1230621e-05,2.00001e-01,
5.1240622e-05,2.00001e-01,
5.1250623e-05,-0.00000e+00,
5.1260624e-05,-0.00000e+00,
5.1270625e-05,-0.00000e+00,
5.1280625e-05,2.00001e-01,
5.1290626e-05,-0.00000e+00,
5.1300627e-05,2.00001e-01,
5.1310628e-05,-0.00000e+00,
5.1320629e-05,2.00001e-01,
5.1330630e-05,2.00001e-01,
5.1340630e-05,2.00001e-01,
5.1350631e-05,2.00001e-01,
5.1360632e-05,-0.00000e+00,
5.1370633e-05,2.00001e-01,
5.1380634e-05,2.00001e-01,
5.1390634e-05,2.00001e-01,
5.1400635e-05,-0.00000e+00,
5.1410636e-05,2.00001e-01,
5.1420637e-05,-0.00000e+00,
5.1430638e-05,2.00001e-01,
5.1440638e-05,-0.00000e+00,
5.1450639e-05,2.00001e-01,
5.1460640e-05,-0.00000e+00,
5.1470641e-05,-0.00000e+00,
5.1480642e-05,2.00001e-01,
5.1490642e-05,2.00001e-01,
5.1500643e-05,2.00001e-01,
5.1510644e-05,2.00001e-01,
5.1520645e-05,-0.00000e+00,
5.1530646e-05,2.00001e-01,
5.1540646e-05,-0.00000e+00,
5.1550647e-05,-0.00000e+00,
5.1560648e-05,-0.00000e+00,
5.1570649e-05,2.00001e-01,
5.1580650e-05,-0.00000e+00,
5.1590650e-05,2.00001e-01,
5.1600651e-05,-0.00000e+00,
5.1610652e-05,2.00001e-01,
5.1620653e-05,2.00001e-01,
5.1630654e-05,-0.00000e+00,
5.1640654e-05,2.00001e-01,
5.1650655e-05,2.00001e-01,
5.1660656e-05,-0.00000e+00,
5.1670657e-05,-0.00000e+00,
5.1680658e-05,2.00001e-01,
5.1690658e-05,2.00001e-01,
5.1700659e-05,-0.00000e+00,
5.1710660e-05,-0.00000e+00,
5.1720661e-05,-0.00000e+00,
5.1730662e-05,2.00001e-01,
5.1740662e-05,-0.00000e+00,
5.1750663e-05,2.00001e-01,
5.1760664e-05,-0.00000e+00,
5.1770665e-05,-0.00000e+00,
5.1780666e-05,-0.00000e+00,
5.1790666e-05,-0.00000e+00,
5.1800667e-05,2.00001e-01,
5.1810668e-05,-0.00000e+00,
5.1820669e-05,-0.00000e+00,
5.1830670e-05,2.00001e-01,
5.1840670e-05,-0.00000e+00,
5.1850671e-05,2.00001e-01,
5.1860672e-05,-0.00000e+00,
5.1870673e-05,-0.00000e+00,
5.1880674e-05,2.00001e-01,
5.1890675e-05,2.00001e-01,
5.1900675e-05,2.00001e-01,
5.1910676e-05,2.00001e-01,
5.1920677e-05,-0.00000e+00,
5.1930678e-05,2.00001e-01,
5.1940679e-05,2.00001e-01,
5.1950679e-05,-0.00000e+00,
5.1960680e-05,-0.00000e+00,
5.1970681e-05,-0.00000e+00,
5.1980682e-05,2.00001e-01,
5.1990683e-05,-0.00000e+00,
5.2000683e-05,-0.00000e+00,
5.2010684e-05,-0.00000e+00,
5.2020685e-05,2.00001e-01,
5.2030686e-05,-0.00000e+00,
5.2040687e-05,-0.00000e+00,
5.2050687e-05,2.00001e-01,
5.2060688e-05,-0.00000e+00,
5.2070689e-05,-0.00000e+00,
5.2080690e-05,2.00001e-01,
5.2090691e-05,-0.00000e+00,
5.2100691e-05,2.00001e-01,
5.2110692e-05,-0.00000e+00,
5.2120693e-05,-0.00000e+00,
5.2130694e-05,2.00001e-01,
5.2140695e-05,2.00001e-01,
5.2150695e-05,-0.00000e+00,
5.2160696e-05,-0.00000e+00,
5.2170697e-05,-0.00000e+00,
5.2180698e-05,2.00001e-01,
5.2190699e-05,-0.00000e+00,
5.2200699e-05,-0.00000e+00,
5.2210700e-05,-0.00000e+00,
5.2220701e-05,-0.00000e+00,
5.2230702e-05,-0.00000e+00,
5.2240703e-05,2.00001e-01,
5.2250703e-05,-0.00000e+00,
5.2260704e-05,-0.00000e+00,
5.2270705e-05,-0.00000e+00,
5.2280706e-05,-0.00000e+00,
5.2290707e-05,-0.00000e+00,
5.2300707e-05,2.00001e-01,
5.2310708e-05,-0.00000e+00,
5.2320709e-05,2.00001e-01,
5.2330710e-05,-0.00000e+00,
5.2340711e-05,2.00001e-01,
5.2350711e-05,-0.00000e+00,
5.2360712e-05,2.00001e-01,
5.2370713e-05,2.00001e-01,
5.2380714e-05,-0.00000e+00,
5.2390715e-05,-0.00000e+00,
5.2400716e-05,2.00001e-01,
5.2410716e-05,-0.00000e+00,
5.2420717e-05,-0.00000e+00,
5.2430718e-05,-0.00000e+00,
5.2440719e-05,-0.00000e+00,
5.2450720e-05,2.00001e-01,
5.2460720e-05,2.00001e-01,
5.2470721e-05,-0.00000e+00,
5.2480722e-05,-0.00000e+00,
5.2490723e-05,-0.00000e+00,
5.2500724e-05,-0.00000e+00,
5.2510724e-05,-0.00000e+00,
5.2520725e-05,2.00001e-01,
5.2530726e-05,-0.00000e+00,
5.2540727e-05,-0.00000e+00,
5.2550728e-05,-0.00000e+00,
5.2557996e-05,2.00001e-01,
5.2567997e-05,-0.00000e+00,
5.2577998e-05,-0.00000e+00,
5.2587999e-05,2.00001e-01,
5.2597999e-05,-0.00000e+00,
5.2608000e-05,-0.00000e+00,
5.2618001e-05,2.00001e-01,
5.2628002e-05,-0.00000e+00,
5.2638003e-05,2.00001e-01,
5.2648003e-05,-0.00000e+00,
5.2658004e-05,2.00001e-01,
5.2668005e-05,2.00001e-01,
5.2678006e-05,-0.00000e+00,
5.2688007e-05,-0.00000e+00,
5.2698007e-05,2.00001e-01,
5.2708008e-05,-0.00000e+00,
5.2718009e-05,-0.00000e+00,
5.2728010e-05,-0.00000e+00,
5.2738011e-05,-0.00000e+00,
5.2748012e-05,2.00001e-01,
5.2758012e-05,-0.00000e+00,
5.2768013e-05,-0.00000e+00,
5.2778014e-05,-0.00000e+00,
5.2788015e-05,-0.00000e+00,
5.2798016e-05,2.00001e-01,
5.2808016e-05,2.00001e-01,
5.2818017e-05,-0.00000e+00,
5.2828018e-05,2.00001e-01,
5.2838019e-05,-0.00000e+00,
5.2848020e-05,2.00001e-01,
5.2858020e-05,-0.00000e+00,
5.2868021e-05,2.00001e-01,
5.2878022e-05,-0.00000e+00,
5.2888023e-05,2.00001e-01,
5.2898024e-05,-0.00000e+00,
5.2908024e-05,2.00001e-01,
5.2918025e-05,2.00001e-01,
5.2928026e-05,2.00001e-01,
5.2938027e-05,2.00001e-01,
5.2948028e-05,-0.00000e+00,
5.2958028e-05,-0.00000e+00,
5.2968029e-05,-0.00000e+00,
5.2978030e-05,-0.00000e+00,
5.2988031e-05,-0.00000e+00,
5.2998032e-05,-0.00000e+00,
5.3008032e-05,-0.00000e+00,
5.3018033e-05,2.00001e-01,
5.3028034e-05,-0.00000e+00,
5.3038035e-05,-0.00000e+00,
5.3048036e-05,-0.00000e+00,
5.3058036e-05,-0.00000e+00,
5.3068037e-05,-0.00000e+00,
5.3078038e-05,2.00001e-01,
5.3088039e-05,-0.00000e+00,
5.3098040e-05,-0.00000e+00,
5.3108040e-05,-0.00000e+00,
5.3118041e-05,-0.00000e+00,
5.3128042e-05,-0.00000e+00,
5.3138043e-05,2.00001e-01,
5.3148044e-05,-0.00000e+00,
5.3158044e-05,-0.00000e+00,
5.3168045e-05,2.00001e-01,
5.3178046e-05,-0.00000e+00,
5.3188047e-05,2.00001e-01,
5.3198048e-05,-0.00000e+00,
5.3208048e-05,-0.00000e+00,
5.3218049e-05,2.00001e-01,
5.3228050e-05,-0.00000e+00,
5.3238051e-05,-0.00000e+00,
5.3248052e-05,2.00001e-01,
5.3258053e-05,2.00001e-01,
5.3268053e-05,-0.00000e+00,
5.3278054e-05,-0.00000e+00,
5.3288055e-05,-0.00000e+00,
5.3298056e-05,-0.00000e+00,
5.3308057e-05,-0.00000e+00,
5.3318057e-05,-0.00000e+00,
5.3328058e-05,-0.00000e+00,
5.3338059e-05,-0.00000e+00,
5.3348060e-05,-0.00000e+00,
5.3358061e-05,-0.00000e+00,
5.3368061e-05,-0.00000e+00,
5.3378062e-05,2.00001e-01,
5.3388063e-05,-0.00000e+00,
5.3398064e-05,-0.00000e+00,
5.3408065e-05,-0.00000e+00,
5.3418065e-05,-0.00000e+00,
5.3428066e-05,2.00001e-01,
5.3438067e-05,2.00001e-01,
5.3448068e-05,-0.00000e+00,
5.3458069e-05,-0.00000e+00,
5.3468069e-05,-0.00000e+00,
5.3478070e-05,-0.00000e+00,
5.3488071e-05,-0.00000e+00,
5.3498072e-05,2.00001e-01,
5.3508073e-05,-0.00000e+00,
5.3518073e-05,-0.00000e+00,
5.3528074e-05,-0.00000e+00,
5.3538075e-05,-0.00000e+00,
5.3548076e-05,-0.00000e+00,
5.3558077e-05,-0.00000e+00,
5.3568077e-05,-0.00000e+00,
5.3578078e-05,-0.00000e+00,
5.3588079e-05,-0.00000e+00,
5.3598080e-05,-0.00000e+00,
5.3608081e-05,2.00001e-01,
5.3618081e-05,2.00001e-01,
5.3628082e-05,-0.00000e+00,
5.3638083e-05,2.00001e-01,
5.3648084e-05,-0.00000e+00,
5.3658085e-05,-0.00000e+00,
5.3668085e-05,-0.00000e+00,
5.3678086e-05,2.00001e-01,
5.3688087e-05,2.00001e-01,
5.3698088e-05,-0.00000e+00,
5.3708089e-05,-0.00000e+00,
5.3718089e-05,-0.00000e+00,
5.3728090e-05,2.00001e-01,
5.3738091e-05,2.00001e-01,
5.3748092e-05,2.00001e-01,
5.3758093e-05,-0.00000e+00,
5.3768093e-05,-0.00000e+00,
5.3778094e-05,2.00001e-01,
5.3788095e-05,-0.00000e+00,
5.3798096e-05,-0.00000e+00,
5.3808097e-05,2.00001e-01,
5.3818098e-05,-0.00000e+00,
5.3828098e-05,2.00001e-01,
5.3838099e-05,-0.00000e+00,
5.3848100e-05,-0.00000e+00,
5.3858101e-05,2.00001e-01,
5.3868102e-05,2.00001e-01,
5.3878102e-05,-0.00000e+00,
5.3888103e-05,2.00001e-01,
5.3898104e-05,-0.00000e+00,
5.3908105e-05,2.00001e-01,
5.3918106e-05,-0.00000e+00,
5.3928106e-05,-0.00000e+00,
5.3938107e-05,2.00001e-01,
5.3948108e-05,-0.00000e+00,
5.3958109e-05,2.00001e-01,
5.3968110e-05,-0.00000e+00,
5.3978110e-05,-0.00000e+00,
5.3988111e-05,-0.00000e+00,
5.3998112e-05,2.00001e-01,
5.4008113e-05,2.00001e-01,
5.4018114e-05,-0.00000e+00,
5.4028114e-05,-0.00000e+00,
5.4038115e-05,-0.00000e+00,
5.4048116e-05,2.00001e-01,
5.4058117e-05,2.00001e-01,
5.4068118e-05,-0.00000e+00,
5.4078118e-05,-0.00000e+00,
5.4088119e-05,-0.00000e+00,
5.4098120e-05,2.00001e-01,
5.4108121e-05,-0.00000e+00,
5.4118122e-05,2.00001e-01,
5.4128122e-05,-0.00000e+00,
5.4138123e-05,2.00001e-01,
5.4148124e-05,-0.00000e+00,
5.4158125e-05,2.00001e-01,
5.4168126e-05,-0.00000e+00,
5.4178126e-05,2.00001e-01,
5.4188127e-05,2.00001e-01,
5.4198128e-05,-0.00000e+00,
5.4208129e-05,-0.00000e+00,
5.4218130e-05,2.00001e-01,
5.4228130e-05,-0.00000e+00,
5.4238131e-05,-0.00000e+00,
5.4248132e-05,2.00001e-01,
5.4258133e-05,-0.00000e+00,
5.4268134e-05,-0.00000e+00,
5.4278134e-05,-0.00000e+00,
5.4288135e-05,-0.00000e+00,
5.4298136e-05,2.00001e-01,
5.4308137e-05,-0.00000e+00,
5.4318138e-05,-0.00000e+00,
5.4328139e-05,-0.00000e+00,
5.4338139e-05,2.00001e-01,
5.4348140e-05,2.00001e-01,
5.4358141e-05,-0.00000e+00,
5.4368142e-05,-0.00000e+00,
5.4378143e-05,-0.00000e+00,
5.4388143e-05,-0.00000e+00,
5.4398144e-05,-0.00000e+00,
5.4408145e-05,-0.00000e+00,
5.4418146e-05,2.00001e-01,
5.4428147e-05,-0.00000e+00,
5.4438147e-05,-0.00000e+00,
5.4448148e-05,-0.00000e+00,
5.4458149e-05,-0.00000e+00,
5.4468150e-05,2.00001e-01,
5.4478151e-05,-0.00000e+00,
5.4488151e-05,-0.00000e+00,
5.4498152e-05,-0.00000e+00,
5.4508153e-05,-0.00000e+00,
5.4518154e-05,-0.00000e+00,
5.4528155e-05,-0.00000e+00,
5.4538155e-05,-0.00000e+00,
5.4548156e-05,-0.00000e+00,
5.4558157e-05,-0.00000e+00,
5.4568158e-05,-0.00000e+00,
5.4578159e-05,2.00001e-01,
5.4588159e-05,-0.00000e+00,
5.4598160e-05,-0.00000e+00,
5.4608161e-05,-0.00000e+00,
5.4618162e-05,-0.00000e+00,
5.4628163e-05,-0.00000e+00,
5.4638163e-05,-0.00000e+00,
5.4648164e-05,-0.00000e+00,
5.4658165e-05,-0.00000e+00,
5.4668166e-05,-0.00000e+00,
5.4678167e-05,-0.00000e+00,
5.4688167e-05,-0.00000e+00,
5.4698168e-05,-0.00000e+00,
5.4708169e-05,-0.00000e+00,
5.4718170e-05,2.00001e-01,
5.4728171e-05,-0.00000e+00,
5.4738171e-05,-0.00000e+00,
5.4748172e-05,-0.00000e+00,
5.4758173e-05,-0.00000e+00,
5.4768174e-05,-0.00000e+00,
5.4778175e-05,2.00001e-01,
5.4788175e-05,-0.00000e+00,
5.4798176e-05,2.00001e-01,
5.4808177e-05,-0.00000e+00,
5.4818178e-05,-0.00000e+00,
5.4828179e-05,2.00001e-01,
5.4838179e-05,-0.00000e+00,
5.4848180e-05,2.00001e-01,
5.4858181e-05,2.00001e-01,
5.4868182e-05,-0.00000e+00,
5.4878183e-05,-0.00000e+00,
5.4888184e-05,2.00001e-01,
5.4898184e-05,2.00001e-01,
5.4908185e-05,-0.00000e+00,
5.4918186e-05,-0.00000e+00,
5.4928187e-05,2.00001e-01,
5.4938188e-05,2.00001e-01,
5.4948188e-05,-0.00000e+00,
5.4958189e-05,-0.00000e+00,
5.4968190e-05,-0.00000e+00,
5.4978191e-05,-0.00000e+00,
5.4988192e-05,-0.00000e+00,
5.4998192e-05,2.00001e-01,
5.5008193e-05,-0.00000e+00,
5.5018194e-05,-0.00000e+00,
5.5028195e-05,-0.00000e+00,
5.5038196e-05,-0.00000e+00,
5.5048196e-05,-0.00000e+00,
5.5058197e-05,-0.00000e+00,
5.5068198e-05,-0.00000e+00,
5.5078199e-05,-0.00000e+00,
5.5088200e-05,2.00001e-01,
5.5098200e-05,-0.00000e+00,
5.5108201e-05,-0.00000e+00,
5.5118202e-05,-0.00000e+00,
5.5128203e-05,-0.00000e+00,
5.5138204e-05,2.00001e-01,
5.5148204e-05,-0.00000e+00,
5.5158205e-05,-0.00000e+00,
5.5168206e-05,-0.00000e+00,
5.5178207e-05,-0.00000e+00,
5.5188208e-05,-0.00000e+00,
5.5198208e-05,-0.00000e+00,
5.5208209e-05,-0.00000e+00,
5.5218210e-05,-0.00000e+00,
5.5228211e-05,-0.00000e+00,
5.5238212e-05,-0.00000e+00,
5.5248212e-05,2.00001e-01,
5.5258213e-05,-0.00000e+00,
5.5268214e-05,-0.00000e+00,
5.5278215e-05,-0.00000e+00,
5.5288216e-05,-0.00000e+00,
5.5298216e-05,2.00001e-01,
5.5308217e-05,-0.00000e+00,
5.5318218e-05,2.00001e-01,
5.5328219e-05,-0.00000e+00,
5.5338220e-05,2.00001e-01,
5.5348220e-05,2.00001e-01,
5.5358221e-05,-0.00000e+00,
5.5368222e-05,-0.00000e+00,
5.5378223e-05,2.00001e-01,
5.5388224e-05,-0.00000e+00,
5.5398225e-05,-0.00000e+00,
5.5408225e-05,2.00001e-01,
5.5418226e-05,-0.00000e+00,
5.5428227e-05,-0.00000e+00,
5.5438228e-05,2.00001e-01,
5.5448229e-05,-0.00000e+00,
5.5458229e-05,2.00001e-01,
5.5468230e-05,-0.00000e+00,
5.5478231e-05,2.00001e-01,
5.5488232e-05,2.00001e-01,
5.5498233e-05,2.00001e-01,
5.5508233e-05,-0.00000e+00,
5.5518234e-05,-0.00000e+00,
5.5528235e-05,-0.00000e+00,
5.5538236e-05,-0.00000e+00,
5.5548237e-05,-0.00000e+00,
5.5558237e-05,2.00001e-01,
5.5568238e-05,-0.00000e+00,
5.5578239e-05,-0.00000e+00,
5.5588240e-05,-0.00000e+00,
5.5598241e-05,-0.00000e+00,
5.5608241e-05,2.00001e-01,
5.5618242e-05,2.00001e-01,
5.5628243e-05,-0.00000e+00,
5.5638244e-05,-0.00000e+00,
5.5648245e-05,-0.00000e+00,
5.5658245e-05,2.00001e-01,
5.5668246e-05,-0.00000e+00,
5.5678247e-05,2.00001e-01,
5.5688248e-05,-0.00000e+00,
5.5698249e-05,-0.00000e+00,
5.5708249e-05,2.00001e-01,
5.5718250e-05,2.00001e-01,
5.5728251e-05,-0.00000e+00,
5.5738252e-05,-0.00000e+00,
5.5748253e-05,2.00001e-01,
5.5758253e-05,2.00001e-01,
5.5768254e-05,-0.00000e+00,
5.5778255e-05,2.00001e-01,
5.5788256e-05,-0.00000e+00,
5.5798257e-05,2.00001e-01,
5.5808257e-05,-0.00000e+00,
5.5818258e-05,2.00001e-01,
5.5828259e-05,2.00001e-01,
5.5838260e-05,2.00001e-01,
5.5848261e-05,2.00001e-01,
5.5858261e-05,-0.00000e+00,
5.5868262e-05,2.00001e-01,
5.5878263e-05,2.00001e-01,
5.5888264e-05,2.00001e-01,
5.5898265e-05,-0.00000e+00,
5.5908265e-05,2.00001e-01,
5.5918266e-05,2.00001e-01,
5.5928267e-05,-0.00000e+00,
5.5938268e-05,-0.00000e+00,
5.5948269e-05,-0.00000e+00,
5.5958270e-05,2.00001e-01,
5.5968270e-05,-0.00000e+00,
5.5978271e-05,2.00001e-01,
5.5988272e-05,2.00001e-01,
5.5998273e-05,-0.00000e+00,
5.6008274e-05,2.00001e-01,
5.6018274e-05,-0.00000e+00,
5.6028275e-05,2.00001e-01,
5.6038276e-05,2.00001e-01,
5.6048277e-05,-0.00000e+00,
5.6058278e-05,-0.00000e+00,
5.6068278e-05,2.00001e-01,
5.6078279e-05,2.00001e-01,
5.6088280e-05,-0.00000e+00,
5.6098281e-05,2.00001e-01,
5.6108282e-05,-0.00000e+00,
5.6118282e-05,2.00001e-01,
5.6128283e-05,-0.00000e+00,
5.6138284e-05,2.00001e-01,
5.6148285e-05,2.00001e-01,
5.6158286e-05,-0.00000e+00,
5.6168286e-05,-0.00000e+00,
5.6178287e-05,2.00001e-01,
5.6188288e-05,2.00001e-01,
5.6198289e-05,-0.00000e+00,
5.6208290e-05,2.00001e-01,
5.6218290e-05,-0.00000e+00,
5.6228291e-05,2.00001e-01,
5.6238292e-05,-0.00000e+00,
5.6248293e-05,2.00001e-01,
5.6258294e-05,2.00001e-01,
5.6268294e-05,2.00001e-01,
5.6278295e-05,2.00001e-01,
5.6288296e-05,2.00001e-01,
5.6298297e-05,-0.00000e+00,
5.6308298e-05,-0.00000e+00,
5.6318298e-05,-0.00000e+00,
5.6328299e-05,-0.00000e+00,
5.6338300e-05,2.00001e-01,
5.6348301e-05,-0.00000e+00,
5.6358302e-05,-0.00000e+00,
5.6368302e-05,2.00001e-01,
5.6378303e-05,2.00001e-01,
5.6388304e-05,-0.00000e+00,
5.6398305e-05,-0.00000e+00,
5.6408306e-05,-0.00000e+00,
5.6418306e-05,2.00001e-01,
5.6428307e-05,-0.00000e+00,
5.6438308e-05,-0.00000e+00,
5.6448309e-05,-0.00000e+00,
5.6458310e-05,2.00001e-01,
5.6468311e-05,2.00001e-01,
5.6478311e-05,2.00001e-01,
5.6488312e-05,-0.00000e+00,
5.6498313e-05,2.00001e-01,
5.6508314e-05,-0.00000e+00,
5.6518315e-05,-0.00000e+00,
5.6528315e-05,2.00001e-01,
5.6538316e-05,-0.00000e+00,
5.6548317e-05,-0.00000e+00,
5.6558318e-05,-0.00000e+00,
5.6568319e-05,-0.00000e+00,
5.6578319e-05,2.00001e-01,
5.6588320e-05,-0.00000e+00,
5.6598321e-05,2.00001e-01,
5.6608322e-05,-0.00000e+00,
5.6618323e-05,-0.00000e+00,
5.6628323e-05,-0.00000e+00,
5.6638324e-05,-0.00000e+00,
5.6648325e-05,2.00001e-01,
5.6658326e-05,-0.00000e+00,
5.6668327e-05,-0.00000e+00,
5.6678327e-05,-0.00000e+00,
5.6688328e-05,-0.00000e+00,
5.6698329e-05,2.00001e-01,
5.6708330e-05,2.00001e-01,
5.6718331e-05,2.00001e-01,
5.6728331e-05,-0.00000e+00,
5.6738332e-05,-0.00000e+00,
5.6748333e-05,-0.00000e+00,
5.6758334e-05,-0.00000e+00,
5.6768335e-05,-0.00000e+00,
5.6778335e-05,2.00001e-01,
5.6788336e-05,-0.00000e+00,
5.6798337e-05,-0.00000e+00,
5.6808338e-05,-0.00000e+00,
5.6818339e-05,-0.00000e+00,
5.6828339e-05,2.00001e-01,
5.6838340e-05,2.00001e-01,
5.6848341e-05,2.00001e-01,
5.6858342e-05,-0.00000e+00,
5.6868343e-05,2.00001e-01,
5.6878343e-05,2.00001e-01,
5.6888344e-05,-0.00000e+00,
5.6898345e-05,-0.00000e+00,
5.6908346e-05,-0.00000e+00,
5.6918347e-05,-0.00000e+00,
5.6928347e-05,-0.00000e+00,
5.6938348e-05,2.00001e-01,
5.6948349e-05,-0.00000e+00,
5.6958350e-05,-0.00000e+00,
5.6968351e-05,-0.00000e+00,
5.6978351e-05,-0.00000e+00,
5.6988352e-05,-0.00000e+00,
5.6998353e-05,-0.00000e+00,
5.7008354e-05,-0.00000e+00,
5.7018355e-05,-0.00000e+00,
5.7028356e-05,-0.00000e+00,
5.7038356e-05,-0.00000e+00,
5.7048357e-05,-0.00000e+00,
5.7058358e-05,-0.00000e+00,
5.7068359e-05,-0.00000e+00,
5.7078360e-05,-0.00000e+00,
5.7088360e-05,-0.00000e+00,
5.7098361e-05,-0.00000e+00,
5.7108362e-05,-0.00000e+00,
5.7118363e-05,2.00001e-01,
5.7128364e-05,-0.00000e+00,
5.7138364e-05,2.00001e-01,
5.7148365e-05,-0.00000e+00,
5.7158366e-05,-0.00000e+00,
5.7168367e-05,2.00001e-01,
5.7178368e-05,-0.00000e+00,
5.7188368e-05,2.00001e-01,
5.7198369e-05,-0.00000e+00,
5.7208370e-05,2.00001e-01,
5.7218371e-05,2.00001e-01,
5.7228372e-05,-0.00000e+00,
5.7238372e-05,2.00001e-01,
5.7248373e-05,-0.00000e+00,
5.7258374e-05,-0.00000e+00,
5.7268375e-05,2.00001e-01,
5.7278376e-05,-0.00000e+00,
5.7288376e-05,-0.00000e+00,
5.7298377e-05,2.00001e-01,
5.7308378e-05,-0.00000e+00,
5.7318379e-05,-0.00000e+00,
5.7328380e-05,2.00001e-01,
5.7338380e-05,-0.00000e+00,
5.7348381e-05,2.00001e-01,
5.7358382e-05,-0.00000e+00,
5.7368383e-05,-0.00000e+00,
5.7378384e-05,-0.00000e+00,
5.7388384e-05,-0.00000e+00,
5.7398385e-05,2.00001e-01,
5.7408386e-05,2.00001e-01,
5.7418387e-05,-0.00000e+00,
5.7428388e-05,2.00001e-01,
5.7438388e-05,2.00001e-01,
5.7448389e-05,2.00001e-01,
5.7458390e-05,-0.00000e+00,
5.7468391e-05,-0.00000e+00,
5.7478392e-05,2.00001e-01,
5.7488392e-05,-0.00000e+00,
5.7498393e-05,-0.00000e+00,
5.7508394e-05,-0.00000e+00,
5.7518395e-05,-0.00000e+00,
5.7528396e-05,2.00001e-01,
5.7538397e-05,-0.00000e+00,
5.7548397e-05,-0.00000e+00,
5.7558398e-05,-0.00000e+00,
5.7568399e-05,2.00001e-01,
5.7578400e-05,2.00001e-01,
5.7588401e-05,2.00001e-01,
5.7598401e-05,-0.00000e+00,
5.7608402e-05,2.00001e-01,
5.7618403e-05,2.00001e-01,
5.7628404e-05,-0.00000e+00,
5.7638405e-05,-0.00000e+00,
5.7648405e-05,2.00001e-01,
5.7658406e-05,2.00001e-01,
5.7668407e-05,-0.00000e+00,
5.7678408e-05,-0.00000e+00,
5.7688409e-05,-0.00000e+00,
5.7698409e-05,2.00001e-01,
5.7708410e-05,-0.00000e+00,
5.7718411e-05,-0.00000e+00,
5.7728412e-05,-0.00000e+00,
5.7738413e-05,-0.00000e+00,
5.7748413e-05,-0.00000e+00,
5.7758414e-05,-0.00000e+00,
5.7768415e-05,-0.00000e+00,
5.7778416e-05,-0.00000e+00,
5.7788417e-05,-0.00000e+00,
5.7798417e-05,-0.00000e+00,
5.7808418e-05,-0.00000e+00,
5.7818419e-05,-0.00000e+00,
5.7828420e-05,-0.00000e+00,
5.7838421e-05,-0.00000e+00,
5.7848421e-05,-0.00000e+00,
5.7858422e-05,-0.00000e+00,
5.7868423e-05,-0.00000e+00,
5.7878424e-05,-0.00000e+00,
5.7888425e-05,-0.00000e+00,
5.7898425e-05,-0.00000e+00,
5.7908426e-05,-0.00000e+00,
5.7918427e-05,-0.00000e+00,
5.7928428e-05,-0.00000e+00,
5.7938429e-05,-0.00000e+00,
5.7948429e-05,-0.00000e+00,
5.7958430e-05,2.00001e-01,
5.7968431e-05,-0.00000e+00,
5.7978432e-05,-0.00000e+00,
5.7988433e-05,-0.00000e+00,
5.7998433e-05,2.00001e-01,
5.8008434e-05,-0.00000e+00,
5.8018435e-05,-0.00000e+00,
5.8028436e-05,-0.00000e+00,
5.8038437e-05,-0.00000e+00,
5.8048437e-05,-0.00000e+00,
5.8058438e-05,2.00001e-01,
5.8068439e-05,-0.00000e+00,
5.8078440e-05,-0.00000e+00,
5.8088441e-05,-0.00000e+00,
5.8098442e-05,-0.00000e+00,
5.8108442e-05,2.00001e-01,
5.8118443e-05,2.00001e-01,
5.8128444e-05,-0.00000e+00,
5.8138445e-05,-0.00000e+00,
5.8148446e-05,-0.00000e+00,
5.8158446e-05,-0.00000e+00,
5.8168447e-05,-0.00000e+00,
5.8178448e-05,2.00001e-01,
5.8188449e-05,2.00001e-01,
5.8198450e-05,-0.00000e+00,
5.8208450e-05,-0.00000e+00,
5.8218451e-05,-0.00000e+00,
5.8228452e-05,2.00001e-01,
5.8238453e-05,-0.00000e+00,
5.8248454e-05,-0.00000e+00,
5.8258454e-05,-0.00000e+00,
5.8268455e-05,2.00001e-01,
5.8278456e-05,-0.00000e+00,
5.8288457e-05,2.00001e-01,
5.8298458e-05,-0.00000e+00,
5.8308458e-05,-0.00000e+00,
5.8318459e-05,2.00001e-01,
5.8328460e-05,-0.00000e+00,
5.8338461e-05,2.00001e-01,
5.8348462e-05,-0.00000e+00,
5.8358462e-05,-0.00000e+00,
5.8368463e-05,-0.00000e+00,
5.8378464e-05,2.00001e-01,
5.8388465e-05,2.00001e-01,
5.8398466e-05,2.00001e-01,
5.8408466e-05,-0.00000e+00,
5.8418467e-05,2.00001e-01,
5.8428468e-05,-0.00000e+00,
5.8438469e-05,-0.00000e+00,
5.8448470e-05,-0.00000e+00,
5.8458470e-05,2.00001e-01,
5.8468471e-05,2.00001e-01,
5.8478472e-05,2.00001e-01,
5.8488473e-05,2.00001e-01,
5.8498474e-05,-0.00000e+00,
5.8508474e-05,2.00001e-01,
5.8518475e-05,2.00001e-01,
5.8528476e-05,-0.00000e+00,
5.8538477e-05,2.00001e-01,
5.8548478e-05,2.00001e-01,
5.8558478e-05,-0.00000e+00,
5.8568479e-05,2.00001e-01,
5.8578480e-05,-0.00000e+00,
5.8588481e-05,-0.00000e+00,
5.8598482e-05,-0.00000e+00,
5.8608483e-05,2.00001e-01,
5.8618483e-05,2.00001e-01,
5.8628484e-05,-0.00000e+00,
5.8638485e-05,2.00001e-01,
5.8648486e-05,-0.00000e+00,
5.8658487e-05,2.00001e-01,
5.8668487e-05,-0.00000e+00,
5.8678488e-05,2.00001e-01,
5.8688489e-05,-0.00000e+00,
5.8698490e-05,2.00001e-01,
5.8708491e-05,2.00001e-01,
5.8718491e-05,-0.00000e+00,
5.8728492e-05,2.00001e-01,
5.8738493e-05,-0.00000e+00,
5.8748494e-05,2.00001e-01,
5.8758495e-05,2.00001e-01,
5.8768495e-05,-0.00000e+00,
5.8778496e-05,2.00001e-01,
5.8788497e-05,-0.00000e+00,
5.8798498e-05,2.00001e-01,
5.8808499e-05,2.00001e-01,
5.8818499e-05,2.00001e-01,
5.8828500e-05,2.00001e-01,
5.8838501e-05,-0.00000e+00,
5.8848502e-05,2.00001e-01,
5.8858503e-05,-0.00000e+00,
5.8868503e-05,-0.00000e+00,
5.8878504e-05,-0.00000e+00,
5.8888505e-05,-0.00000e+00,
5.8898506e-05,-0.00000e+00,
5.8908507e-05,-0.00000e+00,
5.8918507e-05,-0.00000e+00,
5.8928508e-05,2.00001e-01,
5.8938509e-05,-0.00000e+00,
5.8948510e-05,-0.00000e+00,
5.8958511e-05,2.00001e-01,
5.8968511e-05,2.00001e-01,
5.8978512e-05,-0.00000e+00,
5.8988513e-05,2.00001e-01,
5.8998514e-05,-0.00000e+00,
5.9008515e-05,2.00001e-01,
5.9018515e-05,2.00001e-01,
5.9028516e-05,2.00001e-01,
5.9038517e-05,2.00001e-01,
5.9048518e-05,2.00001e-01,
5.9058519e-05,2.00001e-01,
5.9068519e-05,-0.00000e+00,
5.9078520e-05,-0.00000e+00,
5.9088521e-05,-0.00000e+00,
5.9098522e-05,2.00001e-01,
5.9108523e-05,-0.00000e+00,
5.9118523e-05,2.00001e-01,
5.9128524e-05,-0.00000e+00,
5.9138525e-05,-0.00000e+00,
5.9148526e-05,2.00001e-01,
5.9158527e-05,2.00001e-01,
5.9168528e-05,-0.00000e+00,
5.9178528e-05,-0.00000e+00,
5.9188529e-05,-0.00000e+00,
5.9198530e-05,-0.00000e+00,
5.9208531e-05,-0.00000e+00,
5.9218532e-05,2.00001e-01,
5.9228532e-05,-0.00000e+00,
5.9238533e-05,-0.00000e+00,
5.9248534e-05,-0.00000e+00,
5.9258535e-05,-0.00000e+00,
5.9268536e-05,2.00001e-01,
5.9278536e-05,2.00001e-01,
5.9288537e-05,-0.00000e+00,
5.9298538e-05,-0.00000e+00,
5.9308539e-05,2.00001e-01,
5.9318540e-05,2.00001e-01,
5.9328540e-05,2.00001e-01,
5.9338541e-05,-0.00000e+00,
5.9348542e-05,2.00001e-01,
5.9358543e-05,-0.00000e+00,
5.9368544e-05,2.00001e-01,
5.9378544e-05,-0.00000e+00,
5.9388545e-05,2.00001e-01,
5.9398546e-05,2.00001e-01,
5.9408547e-05,-0.00000e+00,
5.9418548e-05,-0.00000e+00,
5.9428548e-05,2.00001e-01,
5.9438549e-05,2.00001e-01,
5.9448550e-05,-0.00000e+00,
5.9458551e-05,-0.00000e+00,
5.9468552e-05,-0.00000e+00,
5.9478552e-05,2.00001e-01,
5.9488553e-05,-0.00000e+00,
5.9498554e-05,-0.00000e+00,
5.9508555e-05,2.00001e-01,
5.9518556e-05,-0.00000e+00,
5.9528556e-05,-0.00000e+00,
5.9538557e-05,-0.00000e+00,
5.9548558e-05,-0.00000e+00,
5.9558559e-05,2.00001e-01,
5.9568560e-05,-0.00000e+00,
5.9578560e-05,-0.00000e+00,
5.9588561e-05,-0.00000e+00,
5.9598562e-05,-0.00000e+00,
5.9608563e-05,2.00001e-01,
5.9618564e-05,-0.00000e+00,
5.9628564e-05,2.00001e-01,
5.9638565e-05,-0.00000e+00,
5.9648566e-05,-0.00000e+00,
5.9658567e-05,2.00001e-01,
5.9668568e-05,-0.00000e+00,
5.9678569e-05,2.00001e-01,
5.9688569e-05,-0.00000e+00,
5.9698570e-05,-0.00000e+00,
5.9708571e-05,-0.00000e+00,
5.9718572e-05,2.00001e-01,
5.9728573e-05,2.00001e-01,
5.9738573e-05,2.00001e-01,
5.9748574e-05,-0.00000e+00,
5.9758575e-05,-0.00000e+00,
5.9768576e-05,-0.00000e+00,
5.9778577e-05,-0.00000e+00,
5.9788577e-05,-0.00000e+00,
5.9798578e-05,2.00001e-01,
5.9808579e-05,-0.00000e+00,
5.9818580e-05,-0.00000e+00,
5.9828581e-05,-0.00000e+00,
5.9838581e-05,-0.00000e+00,
5.9848582e-05,2.00001e-01,
5.9858583e-05,-0.00000e+00,
5.9868584e-05,-0.00000e+00,
5.9878585e-05,2.00001e-01,
5.9888585e-05,2.00001e-01,
5.9898586e-05,-0.00000e+00,
5.9908587e-05,-0.00000e+00,
5.9918588e-05,-0.00000e+00,
5.9928589e-05,2.00001e-01,
5.9938589e-05,-0.00000e+00,
5.9948590e-05,2.00001e-01,
5.9958591e-05,-0.00000e+00,
5.9968592e-05,-0.00000e+00,
5.9978593e-05,2.00001e-01,
5.9988593e-05,2.00001e-01,
5.9998594e-05,-0.00000e+00,
6.0008595e-05,2.00001e-01,
6.0018596e-05,-0.00000e+00,
6.0028597e-05,2.00001e-01,
6.0038597e-05,-0.00000e+00,
6.0048598e-05,-0.00000e+00,
6.0058599e-05,-0.00000e+00,
6.0068600e-05,-0.00000e+00,
6.0078601e-05,2.00001e-01,
6.0088601e-05,-0.00000e+00,
6.0098602e-05,-0.00000e+00,
6.0108603e-05,-0.00000e+00,
6.0118604e-05,-0.00000e+00,
6.0128605e-05,2.00001e-01,
6.0138605e-05,2.00001e-01,
6.0148606e-05,-0.00000e+00,
6.0158607e-05,2.00001e-01,
6.0168608e-05,-0.00000e+00,
6.0178609e-05,2.00001e-01,
6.0188609e-05,-0.00000e+00,
6.0198610e-05,2.00001e-01,
6.0208611e-05,2.00001e-01,
6.0218612e-05,2.00001e-01,
6.0228613e-05,-0.00000e+00,
6.0238614e-05,2.00001e-01,
6.0248614e-05,2.00001e-01,
6.0258615e-05,2.00001e-01,
6.0268616e-05,-0.00000e+00,
6.0278617e-05,2.00001e-01,
6.0288618e-05,2.00001e-01,
6.0298618e-05,-0.00000e+00,
6.0308619e-05,2.00001e-01,
6.0318620e-05,-0.00000e+00,
6.0328621e-05,-0.00000e+00,
6.0338622e-05,-0.00000e+00,
6.0348622e-05,2.00001e-01,
6.0358623e-05,-0.00000e+00,
6.0368624e-05,2.00001e-01,
6.0378625e-05,2.00001e-01,
6.0388626e-05,-0.00000e+00,
6.0398626e-05,2.00001e-01,
6.0408627e-05,-0.00000e+00,
6.0418628e-05,2.00001e-01,
6.0428629e-05,-0.00000e+00,
6.0438630e-05,-0.00000e+00,
6.0448630e-05,-0.00000e+00,
6.0458631e-05,-0.00000e+00,
6.0468632e-05,2.00001e-01,
6.0478633e-05,-0.00000e+00,
6.0488634e-05,-0.00000e+00,
6.0498634e-05,-0.00000e+00,
6.0508635e-05,2.00001e-01,
6.0518636e-05,2.00001e-01,
6.0528637e-05,2.00001e-01,
6.0538638e-05,-0.00000e+00,
6.0548638e-05,-0.00000e+00,
6.0558639e-05,2.00001e-01,
6.0568640e-05,2.00001e-01,
6.0578641e-05,-0.00000e+00,
6.0588642e-05,-0.00000e+00,
6.0598642e-05,2.00001e-01,
6.0608643e-05,-0.00000e+00,
6.0618644e-05,-0.00000e+00,
6.0628645e-05,2.00001e-01,
6.0638646e-05,-0.00000e+00,
6.0648646e-05,-0.00000e+00,
6.0658647e-05,-0.00000e+00,
6.0668648e-05,-0.00000e+00,
6.0678649e-05,2.00001e-01,
6.0688650e-05,-0.00000e+00,
6.0698650e-05,-0.00000e+00,
6.0708651e-05,2.00001e-01,
6.0718652e-05,-0.00000e+00,
6.0728653e-05,2.00001e-01,
6.0738654e-05,-0.00000e+00,
6.0748655e-05,2.00001e-01,
6.0758655e-05,2.00001e-01,
6.0768656e-05,2.00001e-01,
6.0778657e-05,2.00001e-01,
6.0788658e-05,-0.00000e+00,
6.0798659e-05,2.00001e-01,
6.0808659e-05,-0.00000e+00,
6.0818660e-05,-0.00000e+00,
6.0828661e-05,-0.00000e+00,
6.0838662e-05,2.00001e-01,
6.0848663e-05,2.00001e-01,
6.0858663e-05,2.00001e-01,
6.0868664e-05,-0.00000e+00,
6.0878665e-05,-0.00000e+00,
6.0888666e-05,2.00001e-01,
6.0898667e-05,-0.00000e+00,
6.0908667e-05,-0.00000e+00,
6.0918668e-05,2.00001e-01,
6.0928669e-05,-0.00000e+00,
6.0938670e-05,2.00001e-01,
6.0948671e-05,2.00001e-01,
6.0958671e-05,2.00001e-01,
6.0968672e-05,2.00001e-01,
6.0978673e-05,2.00001e-01,
6.0988674e-05,-0.00000e+00,
6.0998675e-05,2.00001e-01,
6.1008675e-05,-0.00000e+00,
6.1018676e-05,2.00001e-01,
6.1028677e-05,-0.00000e+00,
6.1038678e-05,2.00001e-01,
6.1048675e-05,2.00001e-01,
6.1058672e-05,-0.00000e+00,
6.1068669e-05,2.00001e-01,
6.1078666e-05,2.00001e-01,
6.1088664e-05,2.00001e-01,
6.1098661e-05,-0.00000e+00,
6.1108658e-05,-0.00000e+00,
6.1118655e-05,2.00001e-01,
6.1128652e-05,-0.00000e+00,
6.1138649e-05,-0.00000e+00,
6.1148647e-05,2.00001e-01,
6.1158644e-05,-0.00000e+00,
6.1168641e-05,2.00001e-01,
6.1178638e-05,2.00001e-01,
6.1188635e-05,-0.00000e+00,
6.1198632e-05,-0.00000e+00,
6.1208630e-05,-0.00000e+00,
6.1218627e-05,2.00001e-01,
6.1228624e-05,-0.00000e+00,
6.1238621e-05,2.00001e-01,
6.1248618e-05,-0.00000e+00,
6.1258615e-05,-0.00000e+00,
6.1268613e-05,2.00001e-01,
6.1278610e-05,2.00001e-01,
6.1288607e-05,2.00001e-01,
6.1298604e-05,-0.00000e+00,
6.1308601e-05,-0.00000e+00,
6.1318598e-05,2.00001e-01,
6.1328596e-05,2.00001e-01,
6.1338593e-05,-0.00000e+00,
6.1348590e-05,2.00001e-01,
6.1358587e-05,2.00001e-01,
6.1368584e-05,2.00001e-01,
6.1378581e-05,2.00001e-01,
6.1388579e-05,2.00001e-01,
6.1398576e-05,2.00001e-01,
6.1408573e-05,-0.00000e+00,
6.1418570e-05,-0.00000e+00,
6.1428567e-05,2.00001e-01,
6.1438564e-05,-0.00000e+00,
6.1448562e-05,-0.00000e+00,
6.1458559e-05,-0.00000e+00,
6.1468556e-05,2.00001e-01,
6.1478553e-05,2.00001e-01,
6.1488550e-05,2.00001e-01,
6.1498547e-05,2.00001e-01,
6.1508545e-05,-0.00000e+00,
6.1518542e-05,2.00001e-01,
6.1528539e-05,-0.00000e+00,
6.1538536e-05,-0.00000e+00,
6.1548533e-05,2.00001e-01,
6.1558530e-05,-0.00000e+00,
6.1568528e-05,2.00001e-01,
6.1578525e-05,-0.00000e+00,
6.1588522e-05,-0.00000e+00,
6.1598519e-05,2.00001e-01,
6.1608516e-05,2.00001e-01,
6.1618513e-05,-0.00000e+00,
6.1628511e-05,2.00001e-01,
6.1638508e-05,-0.00000e+00,
6.1648505e-05,-0.00000e+00,
6.1658502e-05,-0.00000e+00,
6.1668499e-05,2.00001e-01,
6.1678496e-05,2.00001e-01,
6.1688494e-05,2.00001e-01,
6.1698491e-05,-0.00000e+00,
6.1708488e-05,-0.00000e+00,
6.1718485e-05,2.00001e-01,
6.1728482e-05,2.00001e-01,
6.1738479e-05,-0.00000e+00,
6.1748477e-05,-0.00000e+00,
6.1758474e-05,-0.00000e+00,
6.1768471e-05,-0.00000e+00,
6.1778468e-05,-0.00000e+00,
6.1788465e-05,2.00001e-01,
6.1798462e-05,-0.00000e+00,
6.1808460e-05,-0.00000e+00,
6.1818457e-05,2.00001e-01,
6.1828454e-05,2.00001e-01,
6.1838451e-05,2.00001e-01,
6.1848448e-05,-0.00000e+00,
6.1858445e-05,-0.00000e+00,
6.1868443e-05,2.00001e-01,
6.1878440e-05,2.00001e-01,
6.1888437e-05,2.00001e-01,
6.1898434e-05,-0.00000e+00,
6.1908431e-05,-0.00000e+00,
6.1918428e-05,2.00001e-01,
6.1928426e-05,-0.00000e+00,
6.1938423e-05,2.00001e-01,
6.1948420e-05,-0.00000e+00,
6.1958417e-05,-0.00000e+00,
6.1968414e-05,2.00001e-01,
6.1978411e-05,2.00001e-01,
6.1988409e-05,2.00001e-01,
6.1998406e-05,2.00001e-01,
6.2008403e-05,-0.00000e+00,
6.2018400e-05,2.00001e-01,
6.2028397e-05,-0.00000e+00,
6.2038394e-05,-0.00000e+00,
6.2048392e-05,-0.00000e+00,
6.2058389e-05,2.00001e-01,
6.2068386e-05,-0.00000e+00,
6.2078383e-05,-0.00000e+00,
6.2088380e-05,-0.00000e+00,
6.2098377e-05,2.00001e-01,
6.2108375e-05,-0.00000e+00,
6.2118372e-05,2.00001e-01,
6.2128369e-05,-0.00000e+00,
6.2138366e-05,-0.00000e+00,
6.2148363e-05,2.00001e-01,
6.2158360e-05,-0.00000e+00,
6.2168358e-05,2.00001e-01,
6.2178355e-05,-0.00000e+00,
6.2188352e-05,-0.00000e+00,
6.2198349e-05,2.00001e-01,
6.2208346e-05,-0.00000e+00,
6.2218343e-05,2.00001e-01,
6.2228341e-05,2.00001e-01,
6.2238338e-05,-0.00000e+00,
6.2248335e-05,-0.00000e+00,
6.2258332e-05,-0.00000e+00,
6.2268329e-05,-0.00000e+00,
6.2278326e-05,-0.00000e+00,
6.2288324e-05,2.00001e-01,
6.2298321e-05,-0.00000e+00,
6.2308318e-05,-0.00000e+00,
6.2318315e-05,2.00001e-01,
6.2328312e-05,-0.00000e+00,
6.2338309e-05,2.00001e-01,
6.2348307e-05,-0.00000e+00,
6.2358304e-05,-0.00000e+00,
6.2368301e-05,-0.00000e+00,
6.2378298e-05,2.00001e-01,
6.2388295e-05,2.00001e-01,
6.2398292e-05,2.00001e-01,
6.2408290e-05,-0.00000e+00,
6.2418287e-05,2.00001e-01,
6.2428284e-05,2.00001e-01,
6.2438281e-05,-0.00000e+00,
6.2448278e-05,2.00001e-01,
6.2458275e-05,2.00001e-01,
6.2468273e-05,-0.00000e+00,
6.2478270e-05,-0.00000e+00,
6.2488267e-05,-0.00000e+00,
6.2498264e-05,2.00001e-01,
6.2508261e-05,-0.00000e+00,
6.2518258e-05,2.00001e-01,
6.2528256e-05,-0.00000e+00,
6.2538253e-05,-0.00000e+00,
6.2548250e-05,-0.00000e+00,
6.2558247e-05,-0.00000e+00,
6.2568244e-05,2.00001e-01,
6.2578241e-05,-0.00000e+00,
6.2588239e-05,2.00001e-01,
6.2598236e-05,-0.00000e+00,
6.2608233e-05,2.00001e-01,
6.2618230e-05,-0.00000e+00,
6.2628227e-05,2.00001e-01,
6.2638224e-05,2.00001e-01,
6.2648222e-05,-0.00000e+00,
6.2658219e-05,2.00001e-01,
6.2668216e-05,-0.00000e+00,
6.2678213e-05,-0.00000e+00,
6.2688210e-05,-0.00000e+00,
6.2698207e-05,2.00001e-01,
6.2708204e-05,-0.00000e+00,
6.2718202e-05,2.00001e-01,
6.2728199e-05,2.00001e-01,
6.2738196e-05,2.00001e-01,
6.2748193e-05,-0.00000e+00,
6.2758190e-05,2.00001e-01,
6.2768187e-05,2.00001e-01,
6.2778185e-05,-0.00000e+00,
6.2788182e-05,-0.00000e+00,
6.2798179e-05,-0.00000e+00,
6.2808176e-05,2.00001e-01,
6.2818173e-05,-0.00000e+00,
6.2828170e-05,-0.00000e+00,
6.2838168e-05,-0.00000e+00,
6.2848165e-05,2.00001e-01,
6.2858162e-05,-0.00000e+00,
6.2868159e-05,2.00001e-01,
6.2878156e-05,2.00001e-01,
6.2888153e-05,-0.00000e+00,
6.2898151e-05,-0.00000e+00,
6.2908148e-05,-0.00000e+00,
6.2918145e-05,2.00001e-01,
6.2928142e-05,2.00001e-01,
6.2938139e-05,-0.00000e+00,
6.2948136e-05,-0.00000e+00,
6.2958134e-05,2.00001e-01,
6.2968131e-05,2.00001e-01,
6.2978128e-05,2.00001e-01,
6.2988125e-05,-0.00000e+00,
6.2998122e-05,2.00001e-01,
6.3008119e-05,2.00001e-01,
6.3018117e-05,-0.00000e+00,
6.3028114e-05,-0.00000e+00,
6.3038111e-05,-0.00000e+00,
6.3048108e-05,-0.00000e+00,
6.3058105e-05,-0.00000e+00,
6.3068102e-05,2.00001e-01,
6.3078100e-05,2.00001e-01,
6.3088097e-05,-0.00000e+00,
6.3098094e-05,-0.00000e+00,
6.3108091e-05,-0.00000e+00,
6.3118088e-05,2.00001e-01,
6.3128085e-05,-0.00000e+00,
6.3138083e-05,2.00001e-01,
6.3148080e-05,-0.00000e+00,
6.3158077e-05,-0.00000e+00,
6.3168074e-05,-0.00000e+00,
6.3178071e-05,2.00001e-01,
6.3188068e-05,2.00001e-01,
6.3198066e-05,2.00001e-01,
6.3208063e-05,-0.00000e+00,
6.3218060e-05,2.00001e-01,
6.3228057e-05,2.00001e-01,
6.3238054e-05,-0.00000e+00,
6.3248051e-05,-0.00000e+00,
6.3258049e-05,2.00001e-01,
6.3268046e-05,2.00001e-01,
6.3278043e-05,-0.00000e+00,
6.3288040e-05,-0.00000e+00,
6.3298037e-05,-0.00000e+00,
6.3308034e-05,2.00001e-01,
6.3318032e-05,2.00001e-01,
6.3328029e-05,-0.00000e+00,
6.3338026e-05,-0.00000e+00,
6.3348023e-05,-0.00000e+00,
6.3358020e-05,2.00001e-01,
6.3368017e-05,-0.00000e+00,
6.3378015e-05,2.00001e-01,
6.3388012e-05,2.00001e-01,
6.3398009e-05,-0.00000e+00,
6.3408006e-05,2.00001e-01,
6.3418003e-05,2.00001e-01,
6.3428000e-05,-0.00000e+00,
6.3437998e-05,2.00001e-01,
6.3447995e-05,-0.00000e+00,
6.3457992e-05,2.00001e-01,
6.3467989e-05,-0.00000e+00,
6.3477986e-05,-0.00000e+00,
6.3487983e-05,2.00001e-01,
6.3497981e-05,2.00001e-01,
6.3507978e-05,2.00001e-01,
6.3517975e-05,-0.00000e+00,
6.3527972e-05,-0.00000e+00,
6.3537969e-05,2.00001e-01,
6.3547966e-05,-0.00000e+00,
6.3557964e-05,-0.00000e+00,
6.3567961e-05,-0.00000e+00,
6.3577958e-05,-0.00000e+00,
6.3587955e-05,2.00001e-01,
6.3597952e-05,-0.00000e+00,
6.3607949e-05,2.00001e-01,
6.3617947e-05,2.00001e-01,
6.3627944e-05,-0.00000e+00,
6.3637941e-05,2.00001e-01,
6.3647938e-05,2.00001e-01,
6.3657935e-05,-0.00000e+00,
6.3667932e-05,2.00001e-01,
6.3677930e-05,-0.00000e+00,
6.3687927e-05,-0.00000e+00,
6.3697924e-05,-0.00000e+00,
6.3707921e-05,2.00001e-01,
6.3717918e-05,2.00001e-01,
6.3727915e-05,-0.00000e+00,
6.3737913e-05,2.00001e-01,
6.3747910e-05,-0.00000e+00,
6.3757907e-05,2.00001e-01,
6.3767904e-05,-0.00000e+00,
6.3777901e-05,2.00001e-01,
6.3787898e-05,-0.00000e+00,
6.3797896e-05,-0.00000e+00,
6.3807893e-05,-0.00000e+00,
6.3817890e-05,2.00001e-01,
6.3827887e-05,-0.00000e+00,
6.3837884e-05,-0.00000e+00,
6.3847881e-05,-0.00000e+00,
6.3857879e-05,-0.00000e+00,
6.3867876e-05,-0.00000e+00,
6.3877873e-05,2.00001e-01,
6.3887870e-05,-0.00000e+00,
6.3897867e-05,-0.00000e+00,
6.3907864e-05,-0.00000e+00,
6.3917862e-05,-0.00000e+00,
6.3927859e-05,2.00001e-01,
6.3937856e-05,2.00001e-01,
6.3947853e-05,-0.00000e+00,
6.3957850e-05,-0.00000e+00,
6.3967847e-05,-0.00000e+00,
6.3977845e-05,-0.00000e+00,
6.3987842e-05,-0.00000e+00,
6.3997839e-05,2.00001e-01,
6.4007836e-05,-0.00000e+00,
6.4017833e-05,-0.00000e+00,
6.4027830e-05,-0.00000e+00,
6.4037828e-05,-0.00000e+00,
6.4047825e-05,-0.00000e+00,
6.4057822e-05,-0.00000e+00,
6.4067819e-05,-0.00000e+00,
6.4077816e-05,-0.00000e+00,
6.4087813e-05,-0.00000e+00,
6.4097811e-05,-0.00000e+00,
6.4107808e-05,-0.00000e+00,
6.4117805e-05,-0.00000e+00,
6.4127802e-05,-0.00000e+00,
6.4137799e-05,-0.00000e+00,
6.4147796e-05,-0.00000e+00,
6.4157794e-05,-0.00000e+00,
6.4167791e-05,-0.00000e+00,
6.4177788e-05,-0.00000e+00,
6.4187785e-05,-0.00000e+00,
6.4197782e-05,-0.00000e+00,
6.4207779e-05,2.00001e-01,
6.4217777e-05,-0.00000e+00,
6.4227774e-05,-0.00000e+00,
6.4237771e-05,-0.00000e+00,
6.4247768e-05,-0.00000e+00,
6.4257765e-05,2.00001e-01,
6.4267762e-05,2.00001e-01,
6.4277760e-05,-0.00000e+00,
6.4287757e-05,-0.00000e+00,
6.4297754e-05,-0.00000e+00,
6.4307751e-05,-0.00000e+00,
6.4317748e-05,-0.00000e+00,
6.4327745e-05,-0.00000e+00,
6.4337743e-05,-0.00000e+00,
6.4347740e-05,-0.00000e+00,
6.4357737e-05,2.00001e-01,
6.4367734e-05,-0.00000e+00,
6.4377731e-05,-0.00000e+00,
6.4387728e-05,-0.00000e+00,
6.4397726e-05,2.00001e-01,
6.4407723e-05,2.00001e-01,
6.4417720e-05,-0.00000e+00,
6.4427717e-05,2.00001e-01,
6.4437714e-05,-0.00000e+00,
6.4447711e-05,-0.00000e+00,
6.4457709e-05,-0.00000e+00,
6.4467706e-05,2.00001e-01,
6.4477703e-05,-0.00000e+00,
6.4487700e-05,-0.00000e+00,
6.4497697e-05,-0.00000e+00,
6.4507694e-05,-0.00000e+00,
6.4517691e-05,2.00001e-01,
6.4527689e-05,-0.00000e+00,
6.4537686e-05,-0.00000e+00,
6.4547683e-05,-0.00000e+00,
6.4557680e-05,-0.00000e+00,
6.4567677e-05,-0.00000e+00,
6.4577674e-05,-0.00000e+00,
6.4587672e-05,-0.00000e+00,
6.4597669e-05,-0.00000e+00,
6.4607666e-05,-0.00000e+00,
6.4617663e-05,-0.00000e+00,
6.4627660e-05,-0.00000e+00,
6.4637657e-05,-0.00000e+00,
6.4647655e-05,2.00001e-01,
6.4657652e-05,-0.00000e+00,
6.4667649e-05,2.00001e-01,
6.4677646e-05,-0.00000e+00,
6.4687643e-05,-0.00000e+00,
6.4697640e-05,2.00001e-01,
6.4707638e-05,-0.00000e+00,
6.4717635e-05,2.00001e-01,
6.4727632e-05,2.00001e-01,
6.4737629e-05,-0.00000e+00,
6.4747626e-05,2.00001e-01,
6.4757623e-05,-0.00000e+00,
6.4767621e-05,2.00001e-01,
6.4777618e-05,-0.00000e+00,
6.4787615e-05,-0.00000e+00,
6.4797612e-05,-0.00000e+00,
6.4807609e-05,2.00001e-01,
6.4817606e-05,2.00001e-01,
6.4827604e-05,-0.00000e+00,
6.4837601e-05,-0.00000e+00,
6.4847598e-05,-0.00000e+00,
6.4857595e-05,-0.00000e+00,
6.4867592e-05,2.00001e-01,
6.4877589e-05,-0.00000e+00,
6.4887587e-05,-0.00000e+00,
6.4897584e-05,-0.00000e+00,
6.4907581e-05,-0.00000e+00,
6.4917578e-05,-0.00000e+00,
6.4927575e-05,-0.00000e+00,
6.4937572e-05,-0.00000e+00,
6.4947570e-05,-0.00000e+00,
6.4957567e-05,-0.00000e+00,
6.4967564e-05,-0.00000e+00,
6.4977561e-05,-0.00000e+00,
6.4987558e-05,-0.00000e+00,
6.4997555e-05,-0.00000e+00,
6.5007553e-05,2.00001e-01,
6.5017550e-05,2.00001e-01,
6.5027547e-05,-0.00000e+00,
6.5037544e-05,2.00001e-01,
6.5047541e-05,-0.00000e+00,
6.5057538e-05,2.00001e-01,
6.5067536e-05,-0.00000e+00,
6.5077533e-05,2.00001e-01,
6.5087530e-05,-0.00000e+00,
6.5097527e-05,2.00001e-01,
6.5107524e-05,-0.00000e+00,
6.5117521e-05,2.00001e-01,
6.5127519e-05,2.00001e-01,
6.5137516e-05,-0.00000e+00,
6.5147513e-05,-0.00000e+00,
6.5157510e-05,-0.00000e+00,
6.5167507e-05,-0.00000e+00,
6.5177504e-05,-0.00000e+00,
6.5187502e-05,-0.00000e+00,
6.5197499e-05,-0.00000e+00,
6.5207496e-05,-0.00000e+00,
6.5217493e-05,-0.00000e+00,
6.5227490e-05,-0.00000e+00,
6.5237487e-05,-0.00000e+00,
6.5247485e-05,-0.00000e+00,
6.5257482e-05,-0.00000e+00,
6.5267479e-05,-0.00000e+00,
6.5277476e-05,2.00001e-01,
6.5287473e-05,2.00001e-01,
6.5297470e-05,-0.00000e+00,
6.5307468e-05,-0.00000e+00,
6.5317465e-05,-0.00000e+00,
6.5327462e-05,2.00001e-01,
6.5337459e-05,-0.00000e+00,
6.5347456e-05,2.00001e-01,
6.5357453e-05,-0.00000e+00,
6.5367451e-05,-0.00000e+00,
6.5377448e-05,-0.00000e+00,
6.5387445e-05,2.00001e-01,
6.5397442e-05,-0.00000e+00,
6.5407439e-05,-0.00000e+00,
6.5417436e-05,2.00001e-01,
6.5427434e-05,-0.00000e+00,
6.5437431e-05,2.00001e-01,
6.5447428e-05,-0.00000e+00,
6.5457425e-05,2.00001e-01,
6.5467422e-05,2.00001e-01,
6.5477419e-05,-0.00000e+00,
6.5487417e-05,2.00001e-01,
6.5497414e-05,-0.00000e+00,
6.5507411e-05,-0.00000e+00,
6.5517408e-05,-0.00000e+00,
6.5527405e-05,2.00001e-01,
6.5537402e-05,2.00001e-01,
6.5547400e-05,2.00001e-01,
6.5557397e-05,-0.00000e+00,
6.5567394e-05,-0.00000e+00,
6.5577391e-05,2.00001e-01,
6.5587388e-05,-0.00000e+00,
6.5597385e-05,-0.00000e+00,
6.5607383e-05,2.00001e-01,
6.5617380e-05,-0.00000e+00,
6.5627377e-05,2.00001e-01,
6.5637374e-05,2.00001e-01,
6.5647371e-05,-0.00000e+00,
6.5657368e-05,-0.00000e+00,
6.5667366e-05,2.00001e-01,
6.5677363e-05,-0.00000e+00,
6.5687360e-05,-0.00000e+00,
6.5697357e-05,-0.00000e+00,
6.5707354e-05,-0.00000e+00,
6.5717351e-05,2.00001e-01,
6.5727349e-05,-0.00000e+00,
6.5737346e-05,-0.00000e+00,
6.5747343e-05,-0.00000e+00,
6.5757340e-05,-0.00000e+00,
6.5767337e-05,2.00001e-01,
6.5777334e-05,-0.00000e+00,
6.5787332e-05,-0.00000e+00,
6.5797329e-05,-0.00000e+00,
6.5807326e-05,-0.00000e+00,
6.5817323e-05,2.00001e-01,
6.5827320e-05,2.00001e-01,
6.5837317e-05,2.00001e-01,
6.5847315e-05,2.00001e-01,
6.5857312e-05,-0.00000e+00,
6.5867309e-05,2.00001e-01,
6.5877306e-05,2.00001e-01,
6.5887303e-05,-0.00000e+00,
6.5897300e-05,-0.00000e+00,
6.5907298e-05,-0.00000e+00,
6.5917295e-05,-0.00000e+00,
6.5927292e-05,2.00001e-01,
6.5937289e-05,2.00001e-01,
6.5947286e-05,-0.00000e+00,
6.5957283e-05,-0.00000e+00,
6.5967281e-05,2.00001e-01,
6.5977278e-05,2.00001e-01,
6.5987275e-05,-0.00000e+00,
6.5997272e-05,-0.00000e+00,
6.6007269e-05,-0.00000e+00,
6.6017266e-05,2.00001e-01,
6.6027264e-05,-0.00000e+00,
6.6037261e-05,2.00001e-01,
6.6047258e-05,-0.00000e+00,
6.6057255e-05,-0.00000e+00,
6.6067252e-05,-0.00000e+00,
6.6077249e-05,2.00001e-01,
6.6087247e-05,-0.00000e+00,
6.6097244e-05,-0.00000e+00,
6.6107241e-05,2.00001e-01,
6.6117238e-05,-0.00000e+00,
6.6127235e-05,-0.00000e+00,
6.6137232e-05,-0.00000e+00,
6.6147230e-05,2.00001e-01,
6.6157227e-05,-0.00000e+00,
6.6167224e-05,2.00001e-01,
6.6177221e-05,-0.00000e+00,
6.6187218e-05,-0.00000e+00,
6.6197215e-05,2.00001e-01,
6.6207213e-05,2.00001e-01,
6.6217210e-05,2.00001e-01,
6.6227207e-05,2.00001e-01,
6.6237204e-05,2.00001e-01,
6.6247201e-05,-0.00000e+00,
6.6257198e-05,2.00001e-01,
6.6267196e-05,-0.00000e+00,
6.6277193e-05,-0.00000e+00,
6.6287190e-05,-0.00000e+00,
6.6297187e-05,-0.00000e+00,
6.6307184e-05,2.00001e-01,
6.6317181e-05,-0.00000e+00,
6.6327179e-05,-0.00000e+00,
6.6337176e-05,-0.00000e+00,
6.6347173e-05,-0.00000e+00,
6.6357170e-05,2.00001e-01,
6.6367167e-05,-0.00000e+00,
6.6377164e-05,-0.00000e+00,
6.6387161e-05,-0.00000e+00,
6.6397159e-05,-0.00000e+00,
6.6407156e-05,2.00001e-01,
6.6417153e-05,-0.00000e+00,
6.6427150e-05,-0.00000e+00,
6.6437147e-05,-0.00000e+00,
6.6447144e-05,-0.00000e+00,
6.6457142e-05,2.00001e-01,
6.6467139e-05,-0.00000e+00,
6.6477136e-05,-0.00000e+00,
6.6487133e-05,-0.00000e+00,
6.6497130e-05,-0.00000e+00,
6.6507127e-05,-0.00000e+00,
6.6517125e-05,2.00001e-01,
6.6527122e-05,-0.00000e+00,
6.6537119e-05,-0.00000e+00,
6.6547116e-05,-0.00000e+00,
6.6557113e-05,-0.00000e+00,
6.6567110e-05,2.00001e-01,
6.6577108e-05,2.00001e-01,
6.6587105e-05,-0.00000e+00,
6.6597102e-05,-0.00000e+00,
6.6607099e-05,2.00001e-01,
6.6617096e-05,2.00001e-01,
6.6627093e-05,-0.00000e+00,
6.6637091e-05,2.00001e-01,
6.6647088e-05,2.00001e-01,
6.6657085e-05,-0.00000e+00,
6.6667082e-05,-0.00000e+00,
6.6677079e-05,-0.00000e+00,
6.6687076e-05,2.00001e-01,
6.6697074e-05,-0.00000e+00,
6.6707071e-05,2.00001e-01,
6.6717068e-05,-0.00000e+00,
6.6727065e-05,-0.00000e+00,
6.6737062e-05,2.00001e-01,
6.6747059e-05,2.00001e-01,
6.6757057e-05,2.00001e-01,
6.6767054e-05,2.00001e-01,
6.6777051e-05,-0.00000e+00,
6.6787048e-05,2.00001e-01,
6.6797045e-05,-0.00000e+00,
6.6807042e-05,-0.00000e+00,
6.6817040e-05,-0.00000e+00,
6.6827037e-05,2.00001e-01,
6.6837034e-05,-0.00000e+00,
6.6847031e-05,-0.00000e+00,
6.6857028e-05,-0.00000e+00,
6.6867025e-05,-0.00000e+00,
6.6877023e-05,-0.00000e+00,
6.6887020e-05,-0.00000e+00,
6.6897017e-05,-0.00000e+00,
6.6907014e-05,-0.00000e+00,
6.6917011e-05,-0.00000e+00,
6.6927008e-05,2.00001e-01,
6.6937006e-05,-0.00000e+00,
6.6947003e-05,-0.00000e+00,
6.6957000e-05,2.00001e-01,
6.6966997e-05,-0.00000e+00,
6.6976994e-05,2.00001e-01,
6.6986991e-05,2.00001e-01,
6.6996989e-05,2.00001e-01,
6.7006986e-05,2.00001e-01,
6.7016983e-05,2.00001e-01,
6.7026980e-05,2.00001e-01,
6.7036977e-05,-0.00000e+00,
6.7046974e-05,-0.00000e+00,
6.7056972e-05,2.00001e-01,
6.7066969e-05,-0.00000e+00,
6.7076966e-05,-0.00000e+00,
6.7086963e-05,-0.00000e+00,
6.7096960e-05,-0.00000e+00,
6.7106957e-05,2.00001e-01,
6.7116955e-05,-0.00000e+00,
6.7126952e-05,-0.00000e+00,
6.7136949e-05,-0.00000e+00,
6.7146946e-05,-0.00000e+00,
6.7156943e-05,2.00001e-01,
6.7166940e-05,2.00001e-01,
6.7176938e-05,2.00001e-01,
6.7186935e-05,-0.00000e+00,
6.7196932e-05,-0.00000e+00,
6.7206929e-05,-0.00000e+00,
6.7216926e-05,-0.00000e+00,
6.7226923e-05,-0.00000e+00,
6.7236921e-05,-0.00000e+00,
6.7246918e-05,-0.00000e+00,
6.7256915e-05,-0.00000e+00,
6.7266912e-05,-0.00000e+00,
6.7276909e-05,-0.00000e+00,
6.7286906e-05,-0.00000e+00,
6.7296904e-05,-0.00000e+00,
6.7306901e-05,2.00001e-01,
6.7316898e-05,-0.00000e+00,
6.7326895e-05,-0.00000e+00,
6.7336892e-05,-0.00000e+00,
6.7346889e-05,2.00001e-01,
6.7356887e-05,-0.00000e+00,
6.7366884e-05,-0.00000e+00,
6.7376881e-05,-0.00000e+00,
6.7386878e-05,-0.00000e+00,
6.7396875e-05,-0.00000e+00,
6.7406872e-05,2.00001e-01,
6.7416870e-05,-0.00000e+00,
6.7426867e-05,-0.00000e+00,
6.7436864e-05,2.00001e-01,
6.7446861e-05,-0.00000e+00,
6.7456858e-05,-0.00000e+00,
6.7466855e-05,-0.00000e+00,
6.7476853e-05,2.00001e-01,
6.7486850e-05,2.00001e-01,
6.7496847e-05,2.00001e-01,
6.7506844e-05,-0.00000e+00,
6.7516841e-05,-0.00000e+00,
6.7526838e-05,-0.00000e+00,
6.7536836e-05,-0.00000e+00,
6.7546833e-05,-0.00000e+00,
6.7556830e-05,2.00001e-01,
6.7566827e-05,-0.00000e+00,
6.7576824e-05,-0.00000e+00,
6.7586821e-05,-0.00000e+00,
6.7596819e-05,-0.00000e+00,
6.7606816e-05,-0.00000e+00,
6.7616813e-05,-0.00000e+00,
6.7626810e-05,-0.00000e+00,
6.7636807e-05,-0.00000e+00,
6.7646804e-05,-0.00000e+00,
6.7656802e-05,-0.00000e+00,
6.7666799e-05,-0.00000e+00,
6.7676796e-05,-0.00000e+00,
6.7686793e-05,-0.00000e+00,
6.7696790e-05,-0.00000e+00,
6.7706787e-05,-0.00000e+00,
6.7716785e-05,2.00001e-01,
6.7726782e-05,-0.00000e+00,
6.7736779e-05,-0.00000e+00,
6.7746776e-05,-0.00000e+00,
6.7756773e-05,2.00001e-01,
6.7766770e-05,2.00001e-01,
6.7776768e-05,-0.00000e+00,
6.7786765e-05,-0.00000e+00,
6.7796762e-05,-0.00000e+00,
6.7806759e-05,2.00001e-01,
6.7816756e-05,-0.00000e+00,
6.7826753e-05,-0.00000e+00,
6.7836751e-05,-0.00000e+00,
6.7846748e-05,2.00001e-01,
6.7856745e-05,2.00001e-01,
6.7866742e-05,2.00001e-01,
6.7876739e-05,-0.00000e+00,
6.7886736e-05,-0.00000e+00,
6.7896734e-05,2.00001e-01,
6.7906731e-05,-0.00000e+00,
6.7916728e-05,2.00001e-01,
6.7926725e-05,-0.00000e+00,
6.7936722e-05,-0.00000e+00,
6.7946719e-05,2.00001e-01,
6.7956717e-05,-0.00000e+00,
6.7966714e-05,2.00001e-01,
6.7976711e-05,2.00001e-01,
6.7986708e-05,-0.00000e+00,
6.7996705e-05,-0.00000e+00,
6.8006702e-05,2.00001e-01,
6.8016700e-05,2.00001e-01,
6.8026697e-05,-0.00000e+00,
6.8036694e-05,2.00001e-01,
6.8046691e-05,2.00001e-01,
6.8056688e-05,-0.00000e+00,
6.8066685e-05,2.00001e-01,
6.8076683e-05,2.00001e-01,
6.8086680e-05,-0.00000e+00,
6.8096677e-05,-0.00000e+00,
6.8106674e-05,-0.00000e+00,
6.8116671e-05,-0.00000e+00,
6.8126668e-05,2.00001e-01,
6.8136666e-05,2.00001e-01,
6.8146663e-05,-0.00000e+00,
6.8156660e-05,-0.00000e+00,
6.8166657e-05,-0.00000e+00,
6.8176654e-05,-0.00000e+00,
6.8186651e-05,-0.00000e+00,
6.8196648e-05,-0.00000e+00,
6.8206646e-05,-0.00000e+00,
6.8216643e-05,-0.00000e+00,
6.8226640e-05,2.00001e-01,
6.8236637e-05,-0.00000e+00,
6.8246634e-05,-0.00000e+00,
6.8256631e-05,-0.00000e+00,
6.8266629e-05,-0.00000e+00,
6.8276626e-05,2.00001e-01,
6.8286623e-05,-0.00000e+00,
6.8296620e-05,-0.00000e+00,
6.8306617e-05,2.00001e-01,
6.8316614e-05,2.00001e-01,
6.8326612e-05,2.00001e-01,
6.8336609e-05,-0.00000e+00,
6.8346606e-05,2.00001e-01,
6.8356603e-05,-0.00000e+00,
6.8366600e-05,-0.00000e+00,
6.8376597e-05,-0.00000e+00,
6.8386595e-05,2.00001e-01,
6.8396592e-05,-0.00000e+00,
6.8406589e-05,-0.00000e+00,
6.8416586e-05,2.00001e-01,
6.8426583e-05,-0.00000e+00,
6.8436580e-05,2.00001e-01,
6.8446578e-05,2.00001e-01,
6.8456575e-05,-0.00000e+00,
6.8466572e-05,2.00001e-01,
6.8476569e-05,-0.00000e+00,
6.8486566e-05,2.00001e-01,
6.8496563e-05,-0.00000e+00,
6.8506561e-05,-0.00000e+00,
6.8516558e-05,-0.00000e+00,
6.8526555e-05,2.00001e-01,
6.8536552e-05,2.00001e-01,
6.8546549e-05,-0.00000e+00,
6.8556546e-05,-0.00000e+00,
6.8566544e-05,2.00001e-01,
6.8576541e-05,-0.00000e+00,
6.8586538e-05,-0.00000e+00,
6.8596535e-05,-0.00000e+00,
6.8606532e-05,-0.00000e+00,
6.8616529e-05,-0.00000e+00,
6.8626527e-05,-0.00000e+00,
6.8636524e-05,-0.00000e+00,
6.8646521e-05,-0.00000e+00,
6.8656518e-05,-0.00000e+00,
6.8666515e-05,-0.00000e+00,
6.8676512e-05,-0.00000e+00,
6.8686510e-05,-0.00000e+00,
6.8696507e-05,-0.00000e+00,
6.8706504e-05,-0.00000e+00,
6.8716501e-05,-0.00000e+00,
6.8726498e-05,-0.00000e+00,
6.8736495e-05,-0.00000e+00,
6.8746493e-05,-0.00000e+00,
6.8756490e-05,2.00001e-01,
6.8766487e-05,-0.00000e+00,
6.8776484e-05,-0.00000e+00,
6.8786481e-05,2.00001e-01,
6.8796478e-05,-0.00000e+00,
6.8806476e-05,2.00001e-01,
6.8816473e-05,-0.00000e+00,
6.8826470e-05,-0.00000e+00,
6.8836467e-05,2.00001e-01,
6.8846464e-05,2.00001e-01,
6.8856461e-05,2.00001e-01,
6.8866459e-05,-0.00000e+00,
6.8876456e-05,-0.00000e+00,
6.8886453e-05,2.00001e-01,
6.8896450e-05,-0.00000e+00,
6.8906447e-05,2.00001e-01,
6.8916444e-05,-0.00000e+00,
6.8926442e-05,-0.00000e+00,
6.8936439e-05,2.00001e-01,
6.8946436e-05,2.00001e-01,
6.8956433e-05,-0.00000e+00,
6.8966430e-05,2.00001e-01,
6.8976427e-05,-0.00000e+00,
6.8986425e-05,-0.00000e+00,
6.8996422e-05,-0.00000e+00,
6.9006419e-05,-0.00000e+00,
6.9016416e-05,2.00001e-01,
6.9026413e-05,2.00001e-01,
6.9036410e-05,-0.00000e+00,
6.9046408e-05,-0.00000e+00,
6.9056405e-05,-0.00000e+00,
6.9066402e-05,2.00001e-01,
6.9076399e-05,-0.00000e+00,
6.9086396e-05,-0.00000e+00,
6.9096393e-05,-0.00000e+00,
6.9106391e-05,2.00001e-01,
6.9116388e-05,-0.00000e+00,
6.9126385e-05,2.00001e-01,
6.9136382e-05,2.00001e-01,
6.9146379e-05,-0.00000e+00,
6.9156376e-05,2.00001e-01,
6.9166374e-05,-0.00000e+00,
6.9176371e-05,2.00001e-01,
6.9186368e-05,-0.00000e+00,
6.9196365e-05,2.00001e-01,
6.9206362e-05,2.00001e-01,
6.9216359e-05,2.00001e-01,
6.9226357e-05,-0.00000e+00,
6.9236354e-05,2.00001e-01,
6.9246351e-05,2.00001e-01,
6.9256348e-05,-0.00000e+00,
6.9266345e-05,-0.00000e+00,
6.9276342e-05,-0.00000e+00,
6.9286340e-05,-0.00000e+00,
6.9296337e-05,2.00001e-01,
6.9306334e-05,-0.00000e+00,
6.9316331e-05,-0.00000e+00,
6.9326328e-05,-0.00000e+00,
6.9336325e-05,-0.00000e+00,
6.9346323e-05,2.00001e-01,
6.9356320e-05,2.00001e-01,
6.9366317e-05,-0.00000e+00,
6.9376314e-05,-0.00000e+00,
6.9386311e-05,-0.00000e+00,
6.9396308e-05,2.00001e-01,
6.9406306e-05,-0.00000e+00,
6.9416303e-05,-0.00000e+00,
6.9426300e-05,2.00001e-01,
6.9436297e-05,-0.00000e+00,
6.9446294e-05,2.00001e-01,
6.9456291e-05,2.00001e-01,
6.9466289e-05,2.00001e-01,
6.9476286e-05,-0.00000e+00,
6.9486283e-05,2.00001e-01,
6.9496280e-05,2.00001e-01,
6.9506277e-05,-0.00000e+00,
6.9516274e-05,-0.00000e+00,
6.9526272e-05,-0.00000e+00,
6.9536269e-05,2.00001e-01,
6.9546266e-05,-0.00000e+00,
6.9556263e-05,-0.00000e+00,
6.9566260e-05,2.00001e-01,
6.9576257e-05,-0.00000e+00,
6.9586255e-05,2.00001e-01,
6.9596252e-05,-0.00000e+00,
6.9606249e-05,-0.00000e+00,
6.9616246e-05,2.00001e-01,
6.9626243e-05,2.00001e-01,
6.9636240e-05,-0.00000e+00,
6.9646238e-05,-0.00000e+00,
6.9656235e-05,-0.00000e+00,
6.9666232e-05,2.00001e-01,
6.9676229e-05,2.00001e-01,
6.9686226e-05,-0.00000e+00,
6.9696223e-05,-0.00000e+00,
6.9706221e-05,-0.00000e+00,
6.9716218e-05,-0.00000e+00,
6.9726215e-05,-0.00000e+00,
6.9736212e-05,2.00001e-01,
6.9746209e-05,-0.00000e+00,
6.9756206e-05,-0.00000e+00,
6.9766204e-05,-0.00000e+00,
6.9776201e-05,-0.00000e+00,
6.9786198e-05,2.00001e-01,
6.9796195e-05,-0.00000e+00,
6.9806192e-05,-0.00000e+00,
6.9816189e-05,2.00001e-01,
6.9826187e-05,-0.00000e+00,
6.9836184e-05,-0.00000e+00,
6.9846181e-05,2.00001e-01,
6.9856178e-05,-0.00000e+00,
6.9866175e-05,2.00001e-01,
6.9876172e-05,-0.00000e+00,
6.9886170e-05,-0.00000e+00,
6.9896167e-05,2.00001e-01,
6.9906164e-05,2.00001e-01,
6.9916161e-05,2.00001e-01,
6.9926158e-05,-0.00000e+00,
6.9936155e-05,-0.00000e+00,
6.9946153e-05,2.00001e-01,
6.9956150e-05,2.00001e-01,
6.9966147e-05,-0.00000e+00,
6.9976144e-05,2.00001e-01,
6.9986141e-05,-0.00000e+00,
6.9996138e-05,2.00001e-01,
7.0006136e-05,-0.00000e+00,
7.0016133e-05,-0.00000e+00,
7.0026130e-05,-0.00000e+00,
7.0036127e-05,2.00001e-01,
7.0046124e-05,-0.00000e+00,
7.0056121e-05,2.00001e-01,
7.0066118e-05,-0.00000e+00,
7.0076116e-05,-0.00000e+00,
7.0086113e-05,2.00001e-01,
7.0096110e-05,2.00001e-01,
7.0106107e-05,-0.00000e+00,
7.0116104e-05,-0.00000e+00,
7.0126101e-05,2.00001e-01,
7.0136099e-05,2.00001e-01,
7.0146096e-05,-0.00000e+00,
7.0156093e-05,-0.00000e+00,
7.0166090e-05,-0.00000e+00,
7.0176087e-05,-0.00000e+00,
7.0186084e-05,-0.00000e+00,
7.0196082e-05,2.00001e-01,
7.0206079e-05,-0.00000e+00,
7.0216076e-05,-0.00000e+00,
7.0226073e-05,2.00001e-01,
7.0236070e-05,-0.00000e+00,
7.0246067e-05,-0.00000e+00,
7.0256065e-05,-0.00000e+00,
7.0266062e-05,-0.00000e+00,
7.0276059e-05,-0.00000e+00,
7.0286056e-05,-0.00000e+00,
7.0296053e-05,-0.00000e+00,
7.0306050e-05,-0.00000e+00,
7.0316048e-05,-0.00000e+00,
7.0326045e-05,-0.00000e+00,
7.0336042e-05,-0.00000e+00,
7.0346039e-05,-0.00000e+00,
7.0356036e-05,-0.00000e+00,
7.0366033e-05,2.00001e-01,
7.0376031e-05,-0.00000e+00,
7.0386028e-05,-0.00000e+00,
7.0396025e-05,-0.00000e+00,
7.0406022e-05,-0.00000e+00,
7.0416019e-05,-0.00000e+00,
7.0426016e-05,2.00001e-01,
7.0436014e-05,-0.00000e+00,
7.0446011e-05,-0.00000e+00,
7.0456008e-05,-0.00000e+00,
7.0466005e-05,-0.00000e+00,
7.0476002e-05,2.00001e-01,
7.0485999e-05,2.00001e-01,
7.0495997e-05,-0.00000e+00,
7.0505994e-05,2.00001e-01,
7.0515991e-05,2.00001e-01,
7.0525988e-05,2.00001e-01,
7.0535985e-05,-0.00000e+00,
7.0545982e-05,2.00001e-01,
7.0555980e-05,-0.00000e+00,
7.0565977e-05,-0.00000e+00,
7.0575974e-05,-0.00000e+00,
7.0585971e-05,2.00001e-01,
7.0595968e-05,-0.00000e+00,
7.0605965e-05,-0.00000e+00,
7.0615963e-05,-0.00000e+00,
7.0625960e-05,2.00001e-01,
7.0635957e-05,2.00001e-01,
7.0645954e-05,-0.00000e+00,
7.0655951e-05,-0.00000e+00,
7.0665948e-05,-0.00000e+00,
7.0675946e-05,2.00001e-01,
7.0685943e-05,-0.00000e+00,
7.0695940e-05,2.00001e-01,
7.0705937e-05,-0.00000e+00,
7.0715934e-05,-0.00000e+00,
7.0725931e-05,2.00001e-01,
7.0735929e-05,2.00001e-01,
7.0745926e-05,2.00001e-01,
7.0755923e-05,-0.00000e+00,
7.0765920e-05,-0.00000e+00,
7.0775917e-05,2.00001e-01,
7.0785914e-05,2.00001e-01,
7.0795912e-05,-0.00000e+00,
7.0805909e-05,2.00001e-01,
7.0815906e-05,-0.00000e+00,
7.0825903e-05,2.00001e-01,
7.0835900e-05,-0.00000e+00,
7.0845897e-05,2.00001e-01,
7.0855895e-05,-0.00000e+00,
7.0865892e-05,-0.00000e+00,
7.0875889e-05,2.00001e-01,
7.0885886e-05,2.00001e-01,
7.0895883e-05,-0.00000e+00,
7.0905880e-05,-0.00000e+00,
7.0915878e-05,-0.00000e+00,
7.0925875e-05,-0.00000e+00,
7.0935872e-05,-0.00000e+00,
7.0945869e-05,-0.00000e+00,
7.0955866e-05,2.00001e-01,
7.0965863e-05,-0.00000e+00,
7.0975861e-05,-0.00000e+00,
7.0985858e-05,-0.00000e+00,
7.0995855e-05,-0.00000e+00,
7.1005852e-05,-0.00000e+00,
7.1015849e-05,-0.00000e+00,
7.1025846e-05,-0.00000e+00,
7.1035844e-05,-0.00000e+00,
7.1045841e-05,2.00001e-01,
7.1055838e-05,2.00001e-01,
7.1065835e-05,2.00001e-01,
7.1075832e-05,-0.00000e+00,
7.1085829e-05,-0.00000e+00,
7.1095827e-05,2.00001e-01,
7.1105824e-05,-0.00000e+00,
7.1115821e-05,-0.00000e+00,
7.1125818e-05,-0.00000e+00,
7.1135815e-05,-0.00000e+00,
7.1145812e-05,2.00001e-01,
7.1155810e-05,2.00001e-01,
7.1165807e-05,-0.00000e+00,
7.1175804e-05,-0.00000e+00,
7.1185801e-05,-0.00000e+00,
7.1195798e-05,2.00001e-01,
7.1205795e-05,-0.00000e+00,
7.1215793e-05,-0.00000e+00,
7.1225790e-05,-0.00000e+00,
7.1235787e-05,-0.00000e+00,
7.1245784e-05,-0.00000e+00,
7.1255781e-05,-0.00000e+00,
7.1265778e-05,-0.00000e+00,
7.1275776e-05,-0.00000e+00,
7.1285773e-05,-0.00000e+00,
7.1295770e-05,-0.00000e+00,
7.1305767e-05,-0.00000e+00,
7.1315764e-05,-0.00000e+00,
7.1325761e-05,-0.00000e+00,
7.1335759e-05,-0.00000e+00,
7.1345756e-05,-0.00000e+00,
7.1355753e-05,2.00001e-01,
7.1365750e-05,2.00001e-01,
7.1375747e-05,-0.00000e+00,
7.1385744e-05,-0.00000e+00,
7.1395742e-05,-0.00000e+00,
7.1405739e-05,2.00001e-01,
7.1415736e-05,-0.00000e+00,
7.1425733e-05,-0.00000e+00,
7.1435730e-05,2.00001e-01,
7.1445727e-05,-0.00000e+00,
7.1455725e-05,2.00001e-01,
7.1465722e-05,2.00001e-01,
7.1475719e-05,-0.00000e+00,
7.1485716e-05,-0.00000e+00,
7.1495713e-05,-0.00000e+00,
7.1505710e-05,2.00001e-01,
7.1515708e-05,-0.00000e+00,
7.1525705e-05,-0.00000e+00,
7.1535702e-05,-0.00000e+00,
7.1545699e-05,-0.00000e+00,
7.1555696e-05,-0.00000e+00,
7.1565693e-05,-0.00000e+00,
7.1575691e-05,-0.00000e+00,
7.1585688e-05,-0.00000e+00,
7.1595685e-05,-0.00000e+00,
7.1605682e-05,-0.00000e+00,
7.1615679e-05,-0.00000e+00,
7.1625676e-05,-0.00000e+00,
7.1635674e-05,2.00001e-01,
7.1645671e-05,2.00001e-01,
7.1655668e-05,-0.00000e+00,
7.1665665e-05,-0.00000e+00,
7.1675662e-05,-0.00000e+00,
7.1685659e-05,-0.00000e+00,
7.1695657e-05,2.00001e-01,
7.1705654e-05,2.00001e-01,
7.1715651e-05,-0.00000e+00,
7.1725648e-05,-0.00000e+00,
7.1735645e-05,-0.00000e+00,
7.1745642e-05,2.00001e-01,
7.1755640e-05,-0.00000e+00,
7.1765637e-05,-0.00000e+00,
7.1775634e-05,-0.00000e+00,
7.1785631e-05,-0.00000e+00,
7.1795628e-05,-0.00000e+00,
7.1805625e-05,2.00001e-01,
7.1815623e-05,-0.00000e+00,
7.1825620e-05,2.00001e-01,
7.1835617e-05,-0.00000e+00,
7.1845614e-05,-0.00000e+00,
7.1855611e-05,2.00001e-01,
7.1865608e-05,2.00001e-01,
7.1875605e-05,2.00001e-01,
7.1885603e-05,-0.00000e+00,
7.1895600e-05,-0.00000e+00,
7.1905597e-05,-0.00000e+00,
7.1915594e-05,-0.00000e+00,
7.1925591e-05,-0.00000e+00,
7.1935588e-05,2.00001e-01,
7.1945586e-05,-0.00000e+00,
7.1955583e-05,2.00001e-01,
7.1965580e-05,-0.00000e+00,
7.1975577e-05,-0.00000e+00,
7.1985574e-05,2.00001e-01,
7.1995571e-05,-0.00000e+00,
7.2005569e-05,-0.00000e+00,
7.2015566e-05,-0.00000e+00,
7.2025563e-05,-0.00000e+00,
7.2035560e-05,-0.00000e+00,
7.2045557e-05,2.00001e-01,
7.2055554e-05,-0.00000e+00,
7.2065552e-05,-0.00000e+00,
7.2075549e-05,-0.00000e+00,
7.2085546e-05,2.00001e-01,
7.2095543e-05,2.00001e-01,
7.2105540e-05,-0.00000e+00,
7.2115537e-05,-0.00000e+00,
7.2125535e-05,2.00001e-01,
7.2135532e-05,2.00001e-01,
7.2145529e-05,-0.00000e+00,
7.2155526e-05,2.00001e-01,
7.2165523e-05,-0.00000e+00,
7.2175520e-05,2.00001e-01,
7.2185518e-05,-0.00000e+00,
7.2195515e-05,-0.00000e+00,
7.2205512e-05,-0.00000e+00,
7.2215509e-05,2.00001e-01,
7.2225506e-05,2.00001e-01,
7.2235503e-05,2.00001e-01,
7.2245501e-05,-0.00000e+00,
7.2255498e-05,-0.00000e+00,
7.2265495e-05,2.00001e-01,
7.2275492e-05,-0.00000e+00,
7.2285489e-05,-0.00000e+00,
7.2295486e-05,2.00001e-01,
7.2305484e-05,-0.00000e+00,
7.2315481e-05,2.00001e-01,
7.2325478e-05,-0.00000e+00,
7.2335475e-05,-0.00000e+00,
7.2345472e-05,-0.00000e+00,
7.2355469e-05,-0.00000e+00,
7.2365467e-05,2.00001e-01,
7.2375464e-05,-0.00000e+00,
7.2385461e-05,-0.00000e+00,
7.2395458e-05,-0.00000e+00,
7.2405455e-05,-0.00000e+00,
7.2415452e-05,2.00001e-01,
7.2425450e-05,-0.00000e+00,
7.2435447e-05,2.00001e-01,
7.2445444e-05,-0.00000e+00,
7.2455441e-05,-0.00000e+00,
7.2465438e-05,2.00001e-01,
7.2475435e-05,-0.00000e+00,
7.2485433e-05,-0.00000e+00,
7.2495430e-05,-0.00000e+00,
7.2505427e-05,-0.00000e+00,
7.2515424e-05,2.00001e-01,
7.2525421e-05,-0.00000e+00,
7.2535418e-05,-0.00000e+00,
7.2545416e-05,-0.00000e+00,
7.2555413e-05,2.00001e-01,
7.2565410e-05,2.00001e-01,
7.2575407e-05,-0.00000e+00,
7.2585404e-05,-0.00000e+00,
7.2595401e-05,-0.00000e+00,
7.2605399e-05,-0.00000e+00,
7.2615396e-05,-0.00000e+00,
7.2625393e-05,-0.00000e+00,
7.2635390e-05,2.00001e-01,
7.2645387e-05,-0.00000e+00,
7.2655384e-05,-0.00000e+00,
7.2665382e-05,-0.00000e+00,
7.2675379e-05,-0.00000e+00,
7.2685376e-05,2.00001e-01,
7.2695373e-05,-0.00000e+00,
7.2705370e-05,-0.00000e+00,
7.2715367e-05,-0.00000e+00,
7.2725365e-05,-0.00000e+00,
7.2735362e-05,2.00001e-01,
7.2745359e-05,-0.00000e+00,
7.2755356e-05,-0.00000e+00,
7.2765353e-05,-0.00000e+00,
7.2775350e-05,-0.00000e+00,
7.2785348e-05,2.00001e-01,
7.2795345e-05,-0.00000e+00,
7.2805342e-05,-0.00000e+00,
7.2815339e-05,2.00001e-01,
7.2825336e-05,2.00001e-01,
7.2835333e-05,2.00001e-01,
7.2845331e-05,-0.00000e+00,
7.2855328e-05,-0.00000e+00,
7.2865325e-05,2.00001e-01,
7.2875322e-05,-0.00000e+00,
7.2885319e-05,-0.00000e+00,
7.2895316e-05,-0.00000e+00,
7.2905314e-05,-0.00000e+00,
7.2915311e-05,-0.00000e+00,
7.2925308e-05,2.00001e-01,
7.2935305e-05,-0.00000e+00,
7.2945302e-05,-0.00000e+00,
7.2955299e-05,-0.00000e+00,
7.2965297e-05,-0.00000e+00,
7.2975294e-05,-0.00000e+00,
7.2985291e-05,-0.00000e+00,
7.2995288e-05,2.00001e-01,
7.3005285e-05,-0.00000e+00,
7.3015282e-05,2.00001e-01,
7.3025280e-05,-0.00000e+00,
7.3035277e-05,-0.00000e+00,
7.3045274e-05,2.00001e-01,
7.3055271e-05,-0.00000e+00,
7.3065268e-05,2.00001e-01,
7.3075265e-05,2.00001e-01,
7.3085263e-05,-0.00000e+00,
7.3095260e-05,-0.00000e+00,
7.3105257e-05,-0.00000e+00,
7.3115254e-05,-0.00000e+00,
7.3125251e-05,-0.00000e+00,
7.3135248e-05,-0.00000e+00,
7.3145246e-05,-0.00000e+00,
7.3155243e-05,2.00001e-01,
7.3165240e-05,-0.00000e+00,
7.3175237e-05,2.00001e-01,
7.3185234e-05,-0.00000e+00,
7.3195231e-05,-0.00000e+00,
7.3205229e-05,-0.00000e+00,
7.3215226e-05,2.00001e-01,
7.3225223e-05,2.00001e-01,
7.3235220e-05,-0.00000e+00,
7.3245217e-05,-0.00000e+00,
7.3255214e-05,-0.00000e+00,
7.3265212e-05,2.00001e-01,
7.3275209e-05,-0.00000e+00,
7.3285206e-05,2.00001e-01,
7.3295203e-05,-0.00000e+00,
7.3305200e-05,-0.00000e+00,
7.3315197e-05,-0.00000e+00,
7.3325195e-05,-0.00000e+00,
7.3335192e-05,2.00001e-01,
7.3345189e-05,-0.00000e+00,
7.3355186e-05,2.00001e-01,
7.3365183e-05,-0.00000e+00,
7.3375180e-05,-0.00000e+00,
7.3385178e-05,-0.00000e+00,
7.3395175e-05,-0.00000e+00,
7.3405172e-05,-0.00000e+00,
7.3415169e-05,2.00001e-01,
7.3425166e-05,2.00001e-01,
7.3435163e-05,-0.00000e+00,
7.3445161e-05,-0.00000e+00,
7.3455158e-05,-0.00000e+00,
7.3465155e-05,-0.00000e+00,
7.3475152e-05,-0.00000e+00,
7.3485149e-05,2.00001e-01,
7.3495146e-05,-0.00000e+00,
7.3505144e-05,2.00001e-01,
7.3515141e-05,-0.00000e+00,
7.3525138e-05,-0.00000e+00,
7.3535135e-05,-0.00000e+00,
7.3545132e-05,-0.00000e+00,
7.3555129e-05,2.00001e-01,
7.3565127e-05,2.00001e-01,
7.3575124e-05,-0.00000e+00,
7.3585121e-05,-0.00000e+00,
7.3595118e-05,2.00001e-01,
7.3605115e-05,-0.00000e+00,
7.3615112e-05,-0.00000e+00,
7.3625110e-05,-0.00000e+00,
7.3635107e-05,-0.00000e+00,
7.3645104e-05,-0.00000e+00,
7.3655101e-05,-0.00000e+00,
7.3665098e-05,2.00001e-01,
7.3675095e-05,2.00001e-01,
7.3685093e-05,2.00001e-01,
7.3695090e-05,2.00001e-01,
7.3705087e-05,-0.00000e+00,
7.3715084e-05,-0.00000e+00,
7.3725081e-05,-0.00000e+00,
7.3735078e-05,2.00001e-01,
7.3745075e-05,-0.00000e+00,
7.3755073e-05,-0.00000e+00,
7.3765070e-05,-0.00000e+00,
7.3775067e-05,-0.00000e+00,
7.3785064e-05,2.00001e-01,
7.3795061e-05,-0.00000e+00,
7.3805058e-05,-0.00000e+00,
7.3815056e-05,2.00001e-01,
7.3825053e-05,-0.00000e+00,
7.3835050e-05,-0.00000e+00,
7.3845047e-05,2.00001e-01,
7.3855044e-05,-0.00000e+00,
7.3865041e-05,2.00001e-01,
7.3875039e-05,2.00001e-01,
7.3885036e-05,-0.00000e+00,
7.3895033e-05,2.00001e-01,
7.3905030e-05,2.00001e-01,
7.3915027e-05,2.00001e-01,
7.3925024e-05,-0.00000e+00,
7.3935022e-05,-0.00000e+00,
7.3945019e-05,2.00001e-01,
7.3955016e-05,-0.00000e+00,
7.3965013e-05,2.00001e-01,
7.3975010e-05,-0.00000e+00,
7.3985007e-05,2.00001e-01,
7.3995005e-05,2.00001e-01,
7.4005002e-05,2.00001e-01,
7.4014999e-05,-0.00000e+00,
7.4024996e-05,-0.00000e+00,
7.4034993e-05,-0.00000e+00,
7.4044990e-05,2.00001e-01,
7.4054988e-05,-0.00000e+00,
7.4064985e-05,2.00001e-01,
7.4074982e-05,-0.00000e+00,
7.4084979e-05,-0.00000e+00,
7.4094976e-05,2.00001e-01,
7.4104973e-05,2.00001e-01,
7.4114971e-05,-0.00000e+00,
7.4124968e-05,-0.00000e+00,
7.4134965e-05,-0.00000e+00,
7.4144962e-05,2.00001e-01,
7.4154959e-05,-0.00000e+00,
7.4164956e-05,2.00001e-01,
7.4174954e-05,-0.00000e+00,
7.4184951e-05,-0.00000e+00,
7.4194948e-05,2.00001e-01,
7.4204945e-05,2.00001e-01,
7.4214942e-05,2.00001e-01,
7.4224939e-05,-0.00000e+00,
7.4234937e-05,-0.00000e+00,
7.4244934e-05,-0.00000e+00,
7.4254931e-05,-0.00000e+00,
7.4264928e-05,-0.00000e+00,
7.4274925e-05,2.00001e-01,
7.4284922e-05,-0.00000e+00,
7.4294920e-05,-0.00000e+00,
7.4304917e-05,-0.00000e+00,
7.4314914e-05,-0.00000e+00,
7.4324911e-05,-0.00000e+00,
7.4334908e-05,2.00001e-01,
7.4344905e-05,-0.00000e+00,
7.4354903e-05,-0.00000e+00,
7.4364900e-05,2.00001e-01,
7.4374897e-05,-0.00000e+00,
7.4384894e-05,2.00001e-01,
7.4394891e-05,-0.00000e+00,
7.4404888e-05,-0.00000e+00,
7.4414886e-05,-0.00000e+00,
7.4424883e-05,2.00001e-01,
7.4434880e-05,2.00001e-01,
7.4444877e-05,-0.00000e+00,
7.4454874e-05,-0.00000e+00,
7.4464871e-05,-0.00000e+00,
7.4474869e-05,2.00001e-01,
7.4484866e-05,-0.00000e+00,
7.4494863e-05,-0.00000e+00,
7.4504860e-05,-0.00000e+00,
7.4514857e-05,-0.00000e+00,
7.4524854e-05,-0.00000e+00,
7.4534852e-05,-0.00000e+00,
7.4544849e-05,-0.00000e+00,
7.4554846e-05,-0.00000e+00,
7.4564843e-05,-0.00000e+00,
7.4574840e-05,-0.00000e+00,
7.4584837e-05,-0.00000e+00,
7.4594835e-05,-0.00000e+00,
7.4604832e-05,-0.00000e+00,
7.4614829e-05,-0.00000e+00,
7.4624826e-05,-0.00000e+00,
7.4634823e-05,-0.00000e+00,
7.4644820e-05,-0.00000e+00,
7.4654818e-05,-0.00000e+00,
7.4664815e-05,-0.00000e+00,
7.4674812e-05,-0.00000e+00,
7.4684809e-05,-0.00000e+00,
7.4694806e-05,-0.00000e+00,
7.4704803e-05,2.00001e-01,
7.4714801e-05,-0.00000e+00,
7.4724798e-05,-0.00000e+00,
7.4734795e-05,-0.00000e+00,
7.4744792e-05,-0.00000e+00,
7.4754789e-05,2.00001e-01,
7.4764786e-05,2.00001e-01,
7.4774784e-05,-0.00000e+00,
7.4784781e-05,-0.00000e+00,
7.4794778e-05,-0.00000e+00,
7.4804775e-05,2.00001e-01,
7.4814772e-05,-0.00000e+00,
7.4824769e-05,2.00001e-01,
7.4834767e-05,-0.00000e+00,
7.4844764e-05,-0.00000e+00,
7.4854761e-05,2.00001e-01,
7.4864758e-05,-0.00000e+00,
7.4874755e-05,2.00001e-01,
7.4884752e-05,-0.00000e+00,
7.4894750e-05,-0.00000e+00,
7.4904747e-05,-0.00000e+00,
7.4914744e-05,-0.00000e+00,
7.4924741e-05,2.00001e-01,
7.4934738e-05,2.00001e-01,
7.4944735e-05,-0.00000e+00,
7.4954733e-05,-0.00000e+00,
7.4964730e-05,2.00001e-01,
7.4974727e-05,2.00001e-01,
7.4984724e-05,-0.00000e+00,
7.4994721e-05,2.00001e-01,
7.5004718e-05,-0.00000e+00,
7.5014716e-05,-0.00000e+00,
7.5024713e-05,2.00001e-01,
7.5034710e-05,2.00001e-01,
7.5044707e-05,2.00001e-01,
7.5054704e-05,-0.00000e+00,
7.5064701e-05,2.00001e-01,
7.5074699e-05,2.00001e-01,
7.5084696e-05,-0.00000e+00,
7.5094693e-05,-0.00000e+00,
7.5104690e-05,-0.00000e+00,
7.5114687e-05,2.00001e-01,
7.5124684e-05,2.00001e-01,
7.5134682e-05,2.00001e-01,
7.5144679e-05,-0.00000e+00,
7.5154676e-05,-0.00000e+00,
7.5164673e-05,-0.00000e+00,
7.5174670e-05,-0.00000e+00,
7.5184667e-05,2.00001e-01,
7.5194665e-05,-0.00000e+00,
7.5204662e-05,-0.00000e+00,
7.5214659e-05,-0.00000e+00,
7.5224656e-05,-0.00000e+00,
7.5234653e-05,2.00001e-01,
7.5244650e-05,2.00001e-01,
7.5254648e-05,-0.00000e+00,
7.5264645e-05,-0.00000e+00,
7.5274642e-05,-0.00000e+00,
7.5284639e-05,-0.00000e+00,
7.5294636e-05,-0.00000e+00,
7.5304633e-05,-0.00000e+00,
7.5314631e-05,-0.00000e+00,
7.5324628e-05,2.00001e-01,
7.5334625e-05,-0.00000e+00,
7.5344622e-05,-0.00000e+00,
7.5354619e-05,-0.00000e+00,
7.5364616e-05,-0.00000e+00,
7.5374614e-05,-0.00000e+00,
7.5384611e-05,2.00001e-01,
7.5394608e-05,-0.00000e+00,
7.5404605e-05,-0.00000e+00,
7.5414602e-05,-0.00000e+00,
7.5424599e-05,-0.00000e+00,
7.5434597e-05,2.00001e-01,
7.5444594e-05,-0.00000e+00,
7.5454591e-05,-0.00000e+00,
7.5464588e-05,-0.00000e+00,
7.5474585e-05,-0.00000e+00,
7.5484582e-05,-0.00000e+00,
7.5494580e-05,-0.00000e+00,
7.5504577e-05,-0.00000e+00,
7.5514574e-05,-0.00000e+00,
7.5524571e-05,2.00001e-01,
7.5534568e-05,-0.00000e+00,
7.5544565e-05,-0.00000e+00,
7.5554562e-05,-0.00000e+00,
7.5564560e-05,2.00001e-01,
7.5574557e-05,-0.00000e+00,
7.5584554e-05,-0.00000e+00,
7.5594551e-05,-0.00000e+00,
7.5604548e-05,-0.00000e+00,
7.5614545e-05,-0.00000e+00,
7.5624543e-05,-0.00000e+00,
7.5634540e-05,2.00001e-01,
7.5644537e-05,-0.00000e+00,
7.5654534e-05,2.00001e-01,
7.5664531e-05,-0.00000e+00,
7.5674528e-05,-0.00000e+00,
7.5684526e-05,2.00001e-01,
7.5694523e-05,-0.00000e+00,
7.5704520e-05,-0.00000e+00,
7.5714517e-05,-0.00000e+00,
7.5724514e-05,-0.00000e+00,
7.5734511e-05,2.00001e-01,
7.5744509e-05,2.00001e-01,
7.5754506e-05,-0.00000e+00,
7.5764503e-05,2.00001e-01,
7.5774500e-05,2.00001e-01,
7.5784497e-05,2.00001e-01,
7.5794494e-05,-0.00000e+00,
7.5804492e-05,2.00001e-01,
7.5814489e-05,-0.00000e+00,
7.5824486e-05,-0.00000e+00,
7.5834483e-05,-0.00000e+00,
7.5844480e-05,2.00001e-01,
7.5854477e-05,-0.00000e+00,
7.5864475e-05,-0.00000e+00,
7.5874472e-05,-0.00000e+00,
7.5884469e-05,-0.00000e+00,
7.5894466e-05,2.00001e-01,
7.5904463e-05,2.00001e-01,
7.5914460e-05,-0.00000e+00,
7.5924458e-05,-0.00000e+00,
7.5934455e-05,-0.00000e+00,
7.5944452e-05,-0.00000e+00,
7.5954449e-05,-0.00000e+00,
7.5964446e-05,2.00001e-01,
7.5974443e-05,-0.00000e+00,
7.5984441e-05,2.00001e-01,
7.5994438e-05,2.00001e-01,
7.6004435e-05,-0.00000e+00,
7.6014432e-05,-0.00000e+00,
7.6024429e-05,-0.00000e+00,
7.6034426e-05,2.00001e-01,
7.6044424e-05,-0.00000e+00,
7.6054421e-05,-0.00000e+00,
7.6064418e-05,-0.00000e+00,
7.6074415e-05,2.00001e-01,
7.6084412e-05,-0.00000e+00,
7.6094409e-05,2.00001e-01,
7.6104407e-05,-0.00000e+00,
7.6114404e-05,-0.00000e+00,
7.6124401e-05,-0.00000e+00,
7.6134398e-05,2.00001e-01,
7.6144395e-05,-0.00000e+00,
7.6154392e-05,2.00001e-01,
7.6164390e-05,-0.00000e+00,
7.6174387e-05,-0.00000e+00,
7.6184384e-05,2.00001e-01,
7.6194381e-05,2.00001e-01,
7.6204378e-05,2.00001e-01,
7.6214375e-05,-0.00000e+00,
7.6224373e-05,-0.00000e+00,
7.6234370e-05,2.00001e-01,
7.6244367e-05,2.00001e-01,
7.6254364e-05,-0.00000e+00,
7.6264361e-05,2.00001e-01,
7.6274358e-05,2.00001e-01,
7.6284356e-05,2.00001e-01,
7.6294353e-05,-0.00000e+00,
7.6304350e-05,2.00001e-01,
7.6314347e-05,2.00001e-01,
7.6324344e-05,-0.00000e+00,
7.6334341e-05,2.00001e-01,
7.6344339e-05,-0.00000e+00,
7.6354336e-05,-0.00000e+00,
7.6364333e-05,-0.00000e+00,
7.6374330e-05,-0.00000e+00,
7.6384327e-05,2.00001e-01,
7.6394324e-05,-0.00000e+00,
7.6404322e-05,-0.00000e+00,
7.6414319e-05,-0.00000e+00,
7.6424316e-05,-0.00000e+00,
7.6434313e-05,-0.00000e+00,
7.6444310e-05,-0.00000e+00,
7.6454307e-05,-0.00000e+00,
7.6464305e-05,-0.00000e+00,
7.6474302e-05,2.00001e-01,
7.6484299e-05,-0.00000e+00,
7.6494296e-05,-0.00000e+00,
7.6504293e-05,-0.00000e+00,
7.6514290e-05,-0.00000e+00,
7.6524288e-05,-0.00000e+00,
7.6534285e-05,2.00001e-01,
7.6544282e-05,-0.00000e+00,
7.6554279e-05,-0.00000e+00,
7.6564276e-05,2.00001e-01,
7.6574273e-05,-0.00000e+00,
7.6584271e-05,-0.00000e+00,
7.6594268e-05,-0.00000e+00,
7.6604265e-05,-0.00000e+00,
7.6614262e-05,2.00001e-01,
7.6624259e-05,2.00001e-01,
7.6634256e-05,-0.00000e+00,
7.6644254e-05,-0.00000e+00,
7.6654251e-05,-0.00000e+00,
7.6664248e-05,2.00001e-01,
7.6674245e-05,-0.00000e+00,
7.6684242e-05,2.00001e-01,
7.6694239e-05,-0.00000e+00,
7.6704237e-05,-0.00000e+00,
7.6714234e-05,-0.00000e+00,
7.6724231e-05,2.00001e-01,
7.6734228e-05,2.00001e-01,
7.6744225e-05,2.00001e-01,
7.6754222e-05,-0.00000e+00,
7.6764220e-05,-0.00000e+00,
7.6774217e-05,2.00001e-01,
7.6784214e-05,2.00001e-01,
7.6794211e-05,-0.00000e+00,
7.6804208e-05,-0.00000e+00,
7.6814205e-05,-0.00000e+00,
7.6824203e-05,-0.00000e+00,
7.6834200e-05,-0.00000e+00,
7.6844197e-05,-0.00000e+00,
7.6854194e-05,-0.00000e+00,
7.6864191e-05,-0.00000e+00,
7.6874188e-05,-0.00000e+00,
7.6884186e-05,2.00001e-01,
7.6894183e-05,-0.00000e+00,
7.6904180e-05,2.00001e-01,
7.6914177e-05,2.00001e-01,
7.6924174e-05,-0.00000e+00,
7.6934171e-05,2.00001e-01,
7.6944169e-05,2.00001e-01,
7.6954166e-05,-0.00000e+00,
7.6964163e-05,-0.00000e+00,
7.6974160e-05,-0.00000e+00,
7.6984157e-05,-0.00000e+00,
7.6994154e-05,-0.00000e+00,
7.7004152e-05,2.00001e-01,
7.7014149e-05,-0.00000e+00,
7.7024146e-05,-0.00000e+00,
7.7034143e-05,-0.00000e+00,
7.7044140e-05,2.00001e-01,
7.7054137e-05,-0.00000e+00,
7.7064135e-05,2.00001e-01,
7.7074132e-05,-0.00000e+00,
7.7084129e-05,-0.00000e+00,
7.7094126e-05,2.00001e-01,
7.7104123e-05,2.00001e-01,
7.7114120e-05,2.00001e-01,
7.7124118e-05,-0.00000e+00,
7.7134115e-05,-0.00000e+00,
7.7144112e-05,2.00001e-01,
7.7154109e-05,-0.00000e+00,
7.7164106e-05,-0.00000e+00,
7.7174103e-05,2.00001e-01,
7.7184101e-05,-0.00000e+00,
7.7194098e-05,2.00001e-01,
7.7204095e-05,-0.00000e+00,
7.7214092e-05,2.00001e-01,
7.7224089e-05,2.00001e-01,
7.7234086e-05,2.00001e-01,
7.7244084e-05,-0.00000e+00,
7.7254081e-05,2.00001e-01,
7.7264078e-05,2.00001e-01,
7.7274075e-05,-0.00000e+00,
7.7284072e-05,-0.00000e+00,
7.7294069e-05,-0.00000e+00,
7.7304067e-05,-0.00000e+00,
7.7314064e-05,-0.00000e+00,
7.7324061e-05,-0.00000e+00,
7.7334058e-05,-0.00000e+00,
7.7344055e-05,-0.00000e+00,
7.7354052e-05,-0.00000e+00,
7.7364050e-05,-0.00000e+00,
7.7374047e-05,-0.00000e+00,
7.7384044e-05,-0.00000e+00,
7.7394041e-05,-0.00000e+00,
7.7404038e-05,-0.00000e+00,
7.7414035e-05,-0.00000e+00,
7.7424032e-05,-0.00000e+00,
7.7434030e-05,-0.00000e+00,
7.7444027e-05,-0.00000e+00,
7.7454024e-05,-0.00000e+00,
7.7464021e-05,2.00001e-01,
7.7474018e-05,-0.00000e+00,
7.7484015e-05,-0.00000e+00,
7.7494013e-05,-0.00000e+00,
7.7504010e-05,-0.00000e+00,
7.7514007e-05,2.00001e-01,
7.7524004e-05,2.00001e-01,
7.7534001e-05,2.00001e-01,
7.7543998e-05,-0.00000e+00,
7.7553996e-05,2.00001e-01,
7.7563993e-05,2.00001e-01,
7.7573990e-05,-0.00000e+00,
7.7583987e-05,-0.00000e+00,
7.7593984e-05,2.00001e-01,
7.7603981e-05,2.00001e-01,
7.7613979e-05,-0.00000e+00,
7.7623976e-05,-0.00000e+00,
7.7633973e-05,-0.00000e+00,
7.7643970e-05,2.00001e-01,
7.7653967e-05,-0.00000e+00,
7.7663964e-05,-0.00000e+00,
7.7673962e-05,-0.00000e+00,
7.7683959e-05,-0.00000e+00,
7.7693956e-05,2.00001e-01,
7.7703953e-05,2.00001e-01,
7.7713950e-05,-0.00000e+00,
7.7723947e-05,-0.00000e+00,
7.7733945e-05,-0.00000e+00,
7.7743942e-05,-0.00000e+00,
7.7753939e-05,2.00001e-01,
7.7763936e-05,-0.00000e+00,
7.7773933e-05,-0.00000e+00,
7.7783930e-05,-0.00000e+00,
7.7793928e-05,-0.00000e+00,
7.7803925e-05,2.00001e-01,
7.7813922e-05,-0.00000e+00,
7.7823919e-05,-0.00000e+00,
7.7833916e-05,-0.00000e+00,
7.7843913e-05,-0.00000e+00,
7.7853911e-05,2.00001e-01,
7.7863908e-05,-0.00000e+00,
7.7873905e-05,2.00001e-01,
7.7883902e-05,-0.00000e+00,
7.7893899e-05,-0.00000e+00,
7.7903896e-05,2.00001e-01,
7.7913894e-05,-0.00000e+00,
7.7923891e-05,-0.00000e+00,
7.7933888e-05,2.00001e-01,
7.7943885e-05,2.00001e-01,
7.7953882e-05,-0.00000e+00,
7.7963879e-05,-0.00000e+00,
7.7973877e-05,-0.00000e+00,
7.7983874e-05,2.00001e-01,
7.7993871e-05,-0.00000e+00,
7.8003868e-05,2.00001e-01,
7.8013865e-05,-0.00000e+00,
7.8023862e-05,-0.00000e+00,
7.8033860e-05,-0.00000e+00,
7.8043857e-05,-0.00000e+00,
7.8053854e-05,2.00001e-01,
7.8063851e-05,2.00001e-01,
7.8073848e-05,-0.00000e+00,
7.8083845e-05,2.00001e-01,
7.8093843e-05,-0.00000e+00,
7.8103840e-05,-0.00000e+00,
7.8113837e-05,-0.00000e+00,
7.8123834e-05,-0.00000e+00,
7.8133831e-05,-0.00000e+00,
7.8143828e-05,-0.00000e+00,
7.8153826e-05,-0.00000e+00,
7.8163823e-05,2.00001e-01,
7.8173820e-05,-0.00000e+00,
7.8183817e-05,-0.00000e+00,
7.8193814e-05,-0.00000e+00,
7.8203811e-05,-0.00000e+00,
7.8213809e-05,2.00001e-01,
7.8223806e-05,2.00001e-01,
7.8233803e-05,-0.00000e+00,
7.8243800e-05,-0.00000e+00,
7.8253797e-05,-0.00000e+00,
7.8263794e-05,2.00001e-01,
7.8273792e-05,-0.00000e+00,
7.8283789e-05,2.00001e-01,
7.8293786e-05,-0.00000e+00,
7.8303783e-05,-0.00000e+00,
7.8313780e-05,2.00001e-01,
7.8323777e-05,-0.00000e+00,
7.8333775e-05,2.00001e-01,
7.8343772e-05,2.00001e-01,
7.8353769e-05,-0.00000e+00,
7.8363766e-05,2.00001e-01,
7.8373763e-05,-0.00000e+00,
7.8383760e-05,2.00001e-01,
7.8393758e-05,-0.00000e+00,
7.8403755e-05,-0.00000e+00,
7.8413752e-05,-0.00000e+00,
7.8423749e-05,2.00001e-01,
7.8433746e-05,-0.00000e+00,
7.8443743e-05,2.00001e-01,
7.8453741e-05,-0.00000e+00,
7.8463738e-05,-0.00000e+00,
7.8473735e-05,-0.00000e+00,
7.8483732e-05,-0.00000e+00,
7.8493729e-05,-0.00000e+00,
7.8503726e-05,-0.00000e+00,
7.8513724e-05,-0.00000e+00,
7.8523721e-05,-0.00000e+00,
7.8533718e-05,-0.00000e+00,
7.8543715e-05,-0.00000e+00,
7.8553712e-05,-0.00000e+00,
7.8563709e-05,-0.00000e+00,
7.8573707e-05,-0.00000e+00,
7.8583704e-05,2.00001e-01,
7.8593701e-05,2.00001e-01,
7.8603698e-05,-0.00000e+00,
7.8613695e-05,2.00001e-01,
7.8623692e-05,2.00001e-01,
7.8633690e-05,2.00001e-01,
7.8643687e-05,-0.00000e+00,
7.8653684e-05,-0.00000e+00,
7.8663681e-05,2.00001e-01,
7.8673678e-05,-0.00000e+00,
7.8683675e-05,-0.00000e+00,
7.8693673e-05,-0.00000e+00,
7.8703670e-05,2.00001e-01,
7.8713667e-05,2.00001e-01,
7.8723664e-05,-0.00000e+00,
7.8733661e-05,-0.00000e+00,
7.8743658e-05,-0.00000e+00,
7.8753656e-05,-0.00000e+00,
7.8763653e-05,-0.00000e+00,
7.8773650e-05,2.00001e-01,
7.8783647e-05,-0.00000e+00,
7.8793644e-05,2.00001e-01,
7.8803641e-05,-0.00000e+00,
7.8813639e-05,-0.00000e+00,
7.8823636e-05,2.00001e-01,
7.8833633e-05,-0.00000e+00,
7.8843630e-05,-0.00000e+00,
7.8853627e-05,-0.00000e+00,
7.8863624e-05,2.00001e-01,
7.8873622e-05,2.00001e-01,
7.8883619e-05,-0.00000e+00,
7.8893616e-05,2.00001e-01,
7.8903613e-05,-0.00000e+00,
7.8913610e-05,2.00001e-01,
7.8923607e-05,-0.00000e+00,
7.8933605e-05,-0.00000e+00,
7.8943602e-05,2.00001e-01,
7.8953599e-05,-0.00000e+00,
7.8963596e-05,2.00001e-01,
7.8973593e-05,-0.00000e+00,
7.8983590e-05,2.00001e-01,
7.8993588e-05,-0.00000e+00,
7.9003585e-05,2.00001e-01,
7.9013582e-05,2.00001e-01,
7.9023579e-05,2.00001e-01,
7.9033576e-05,2.00001e-01,
7.9043573e-05,2.00001e-01,
7.9053571e-05,2.00001e-01,
7.9063568e-05,-0.00000e+00,
7.9073565e-05,2.00001e-01,
7.9083562e-05,-0.00000e+00,
7.9093559e-05,-0.00000e+00,
7.9103556e-05,2.00001e-01,
7.9113554e-05,-0.00000e+00,
7.9123551e-05,2.00001e-01,
7.9133548e-05,-0.00000e+00,
7.9143545e-05,-0.00000e+00,
7.9153542e-05,2.00001e-01,
7.9163539e-05,-0.00000e+00,
7.9173537e-05,2.00001e-01,
7.9183534e-05,-0.00000e+00,
7.9193531e-05,-0.00000e+00,
7.9203528e-05,-0.00000e+00,
7.9213525e-05,-0.00000e+00,
7.9223522e-05,2.00001e-01,
7.9233520e-05,-0.00000e+00,
7.9243517e-05,-0.00000e+00,
7.9253514e-05,-0.00000e+00,
7.9263511e-05,-0.00000e+00,
7.9273508e-05,-0.00000e+00,
7.9283505e-05,-0.00000e+00,
7.9293502e-05,-0.00000e+00,
7.9303500e-05,-0.00000e+00,
7.9313497e-05,-0.00000e+00,
7.9323494e-05,-0.00000e+00,
7.9333491e-05,2.00001e-01,
7.9343488e-05,-0.00000e+00,
7.9353485e-05,-0.00000e+00,
7.9363483e-05,-0.00000e+00,
7.9373480e-05,-0.00000e+00,
7.9383477e-05,-0.00000e+00,
7.9393474e-05,2.00001e-01,
7.9403471e-05,-0.00000e+00,
7.9413468e-05,-0.00000e+00,
7.9423466e-05,2.00001e-01,
7.9433463e-05,-0.00000e+00,
7.9443460e-05,-0.00000e+00,
7.9453457e-05,2.00001e-01,
7.9463454e-05,-0.00000e+00,
7.9473451e-05,2.00001e-01,
7.9483449e-05,-0.00000e+00,
7.9493446e-05,-0.00000e+00,
7.9503443e-05,2.00001e-01,
7.9513440e-05,-0.00000e+00,
7.9523437e-05,2.00001e-01,
7.9533434e-05,-0.00000e+00,
7.9543432e-05,-0.00000e+00,
7.9553429e-05,2.00001e-01,
7.9563426e-05,2.00001e-01,
7.9573423e-05,2.00001e-01,
7.9583420e-05,-0.00000e+00,
7.9593417e-05,-0.00000e+00,
7.9603415e-05,2.00001e-01,
7.9613412e-05,-0.00000e+00,
7.9623409e-05,2.00001e-01,
7.9633406e-05,-0.00000e+00,
7.9643403e-05,-0.00000e+00,
7.9653400e-05,2.00001e-01,
7.9663398e-05,-0.00000e+00,
7.9673395e-05,-0.00000e+00,
7.9683392e-05,2.00001e-01,
7.9693389e-05,2.00001e-01,
7.9703386e-05,2.00001e-01,
7.9713383e-05,-0.00000e+00,
7.9723381e-05,-0.00000e+00,
7.9733378e-05,-0.00000e+00,
7.9743375e-05,-0.00000e+00,
7.9753372e-05,-0.00000e+00,
7.9763369e-05,-0.00000e+00,
7.9773366e-05,2.00001e-01,
7.9783364e-05,-0.00000e+00,
7.9793361e-05,-0.00000e+00,
7.9803358e-05,2.00001e-01,
7.9813355e-05,-0.00000e+00,
7.9823352e-05,-0.00000e+00,
7.9833349e-05,2.00001e-01,
7.9843347e-05,-0.00000e+00,
7.9853344e-05,-0.00000e+00,
7.9863341e-05,-0.00000e+00,
7.9873338e-05,-0.00000e+00,
7.9883335e-05,2.00001e-01,
7.9893332e-05,-0.00000e+00,
7.9903330e-05,-0.00000e+00,
7.9913327e-05,-0.00000e+00,
7.9923324e-05,-0.00000e+00,
7.9933321e-05,-0.00000e+00,
7.9943318e-05,-0.00000e+00,
7.9953315e-05,-0.00000e+00,
7.9963313e-05,-0.00000e+00,
7.9973310e-05,-0.00000e+00,
7.9983307e-05,-0.00000e+00,
7.9993304e-05,2.00001e-01,
8.0003301e-05,-0.00000e+00,
8.0013298e-05,-0.00000e+00,
8.0023296e-05,-0.00000e+00,
8.0033293e-05,-0.00000e+00,
8.0043290e-05,-0.00000e+00,
8.0053287e-05,-0.00000e+00,
8.0063284e-05,2.00001e-01,
8.0073281e-05,-0.00000e+00,
8.0083279e-05,-0.00000e+00,
8.0093276e-05,-0.00000e+00,
8.0103273e-05,-0.00000e+00,
8.0113270e-05,2.00001e-01,
8.0123267e-05,2.00001e-01,
8.0133264e-05,-0.00000e+00,
8.0143262e-05,-0.00000e+00,
8.0153259e-05,-0.00000e+00,
8.0163256e-05,2.00001e-01,
8.0173253e-05,-0.00000e+00,
8.0183250e-05,2.00001e-01,
8.0193247e-05,-0.00000e+00,
8.0203245e-05,2.00001e-01,
8.0213242e-05,2.00001e-01,
8.0223239e-05,2.00001e-01,
8.0233236e-05,2.00001e-01,
8.0243233e-05,-0.00000e+00,
8.0253230e-05,2.00001e-01,
8.0263228e-05,-0.00000e+00,
8.0273225e-05,-0.00000e+00,
8.0283222e-05,-0.00000e+00,
8.0293219e-05,2.00001e-01,
8.0303216e-05,-0.00000e+00,
8.0313213e-05,2.00001e-01,
8.0323211e-05,-0.00000e+00,
8.0333208e-05,-0.00000e+00,
8.0343205e-05,2.00001e-01,
8.0353202e-05,2.00001e-01,
8.0363199e-05,-0.00000e+00,
8.0373196e-05,-0.00000e+00,
8.0383194e-05,-0.00000e+00,
8.0393191e-05,2.00001e-01,
8.0403188e-05,-0.00000e+00,
8.0413185e-05,-0.00000e+00,
8.0423182e-05,-0.00000e+00,
8.0433179e-05,-0.00000e+00,
8.0443177e-05,2.00001e-01,
8.0453174e-05,-0.00000e+00,
8.0463171e-05,-0.00000e+00,
8.0473168e-05,-0.00000e+00,
8.0483165e-05,-0.00000e+00,
8.0493162e-05,2.00001e-01,
8.0503160e-05,-0.00000e+00,
8.0513157e-05,-0.00000e+00,
8.0523154e-05,-0.00000e+00,
8.0533151e-05,-0.00000e+00,
8.0543148e-05,2.00001e-01,
8.0553145e-05,2.00001e-01,
8.0563143e-05,-0.00000e+00,
8.0573140e-05,-0.00000e+00,
8.0583137e-05,2.00001e-01,
8.0593134e-05,2.00001e-01,
8.0603131e-05,-0.00000e+00,
8.0613128e-05,2.00001e-01,
8.0623126e-05,-0.00000e+00,
8.0633123e-05,-0.00000e+00,
8.0643120e-05,-0.00000e+00,
8.0653117e-05,2.00001e-01,
8.0663114e-05,-0.00000e+00,
8.0673111e-05,-0.00000e+00,
8.0683109e-05,-0.00000e+00,
8.0693106e-05,-0.00000e+00,
8.0703103e-05,-0.00000e+00,
8.0713100e-05,-0.00000e+00,
8.0723097e-05,-0.00000e+00,
8.0733094e-05,2.00001e-01,
8.0743092e-05,-0.00000e+00,
8.0753089e-05,2.00001e-01,
8.0763086e-05,-0.00000e+00,
8.0773083e-05,-0.00000e+00,
8.0783080e-05,-0.00000e+00,
8.0793077e-05,-0.00000e+00,
8.0803075e-05,2.00001e-01,
8.0813072e-05,-0.00000e+00,
8.0823069e-05,-0.00000e+00,
8.0833066e-05,2.00001e-01,
8.0843063e-05,-0.00000e+00,
8.0853060e-05,-0.00000e+00,
8.0863058e-05,-0.00000e+00,
8.0873055e-05,2.00001e-01,
8.0883052e-05,2.00001e-01,
8.0893049e-05,-0.00000e+00,
8.0903046e-05,-0.00000e+00,
8.0913043e-05,2.00001e-01,
8.0923041e-05,-0.00000e+00,
8.0933038e-05,-0.00000e+00,
8.0943035e-05,2.00001e-01,
8.0953032e-05,-0.00000e+00,
8.0963029e-05,-0.00000e+00,
8.0973026e-05,2.00001e-01,
8.0983024e-05,-0.00000e+00,
8.0993021e-05,-0.00000e+00,
8.1003018e-05,-0.00000e+00,
8.1013015e-05,-0.00000e+00,
8.1023012e-05,2.00001e-01,
8.1033009e-05,-0.00000e+00,
8.1043007e-05,-0.00000e+00,
8.1053004e-05,2.00001e-01,
8.1063001e-05,-0.00000e+00,
8.1072998e-05,2.00001e-01,
8.1082995e-05,2.00001e-01,
8.1092992e-05,2.00001e-01,
8.1102989e-05,2.00001e-01,
8.1112987e-05,2.00001e-01,
8.1122984e-05,2.00001e-01,
8.1132981e-05,2.00001e-01,
8.1142978e-05,-0.00000e+00,
8.1152975e-05,2.00001e-01,
8.1162972e-05,-0.00000e+00,
8.1172970e-05,-0.00000e+00,
8.1182967e-05,-0.00000e+00,
8.1192964e-05,2.00001e-01,
8.1202961e-05,2.00001e-01,
8.1212958e-05,-0.00000e+00,
8.1222955e-05,-0.00000e+00,
8.1232953e-05,2.00001e-01,
8.1242950e-05,-0.00000e+00,
8.1252947e-05,-0.00000e+00,
8.1262944e-05,-0.00000e+00,
8.1272941e-05,-0.00000e+00,
8.1282938e-05,-0.00000e+00,
8.1292936e-05,2.00001e-01,
8.1302933e-05,-0.00000e+00,
8.1312930e-05,-0.00000e+00,
8.1322927e-05,-0.00000e+00,
8.1332924e-05,2.00001e-01,
8.1342921e-05,-0.00000e+00,
8.1352919e-05,-0.00000e+00,
8.1362916e-05,-0.00000e+00,
8.1372913e-05,2.00001e-01,
8.1382910e-05,-0.00000e+00,
8.1392907e-05,-0.00000e+00,
8.1402904e-05,-0.00000e+00,
8.1412902e-05,-0.00000e+00,
8.1422899e-05,2.00001e-01,
8.1432896e-05,-0.00000e+00,
8.1442893e-05,-0.00000e+00,
8.1452890e-05,2.00001e-01,
8.1462887e-05,-0.00000e+00,
8.1472885e-05,-0.00000e+00,
8.1482882e-05,-0.00000e+00,
8.1492879e-05,-0.00000e+00,
8.1502876e-05,2.00001e-01,
8.1512873e-05,-0.00000e+00,
8.1522870e-05,-0.00000e+00,
8.1532868e-05,-0.00000e+00,
8.1542865e-05,-0.00000e+00,
8.1552862e-05,2.00001e-01,
8.1562859e-05,2.00001e-01,
8.1572856e-05,-0.00000e+00,
8.1582853e-05,2.00001e-01,
8.1592851e-05,-0.00000e+00,
8.1602848e-05,2.00001e-01,
8.1612845e-05,-0.00000e+00,
8.1622842e-05,2.00001e-01,
8.1632839e-05,2.00001e-01,
8.1642836e-05,-0.00000e+00,
8.1652834e-05,-0.00000e+00,
8.1662831e-05,2.00001e-01,
8.1672828e-05,-0.00000e+00,
8.1682825e-05,-0.00000e+00,
8.1692822e-05,-0.00000e+00,
8.1702819e-05,2.00001e-01,
8.1712817e-05,2.00001e-01,
8.1722814e-05,2.00001e-01,
8.1732811e-05,-0.00000e+00,
8.1742808e-05,-0.00000e+00,
8.1752805e-05,-0.00000e+00,
8.1762802e-05,2.00001e-01,
8.1772800e-05,-0.00000e+00,
8.1782797e-05,2.00001e-01,
8.1792794e-05,-0.00000e+00,
8.1802791e-05,-0.00000e+00,
8.1812788e-05,2.00001e-01,
8.1822785e-05,2.00001e-01,
8.1832783e-05,2.00001e-01,
8.1842780e-05,2.00001e-01,
8.1852777e-05,-0.00000e+00,
8.1862774e-05,2.00001e-01,
8.1872771e-05,-0.00000e+00,
8.1882768e-05,-0.00000e+00,
8.1892766e-05,-0.00000e+00,
8.1902763e-05,2.00001e-01,
8.1912760e-05,-0.00000e+00,
8.1922757e-05,-0.00000e+00,
8.1932754e-05,-0.00000e+00,
8.1942751e-05,-0.00000e+00,
8.1952749e-05,-0.00000e+00,
8.1962746e-05,-0.00000e+00,
8.1972743e-05,-0.00000e+00,
8.1982740e-05,-0.00000e+00,
8.1992737e-05,-0.00000e+00,
8.2002734e-05,-0.00000e+00,
8.2012732e-05,-0.00000e+00,
8.2022729e-05,-0.00000e+00,
8.2032726e-05,-0.00000e+00,
8.2042723e-05,-0.00000e+00,
8.2052720e-05,-0.00000e+00,
8.2062717e-05,-0.00000e+00,
8.2072715e-05,-0.00000e+00,
8.2082712e-05,-0.00000e+00,
8.2092709e-05,-0.00000e+00,
8.2102706e-05,-0.00000e+00,
8.2112703e-05,-0.00000e+00,
