Time,X(CH1),X(CH2),
Second,Volt,Volt,
-1.2000000e+00,-0.00000e+00,1.88000e-02,
-1.1997070e+00,-0.00000e+00,1.88000e-02,
-1.1994140e+00,-0.00000e+00,1.88000e-02,
-1.1991210e+00,-0.00000e+00,1.88000e-02,
-1.1988280e+00,-0.00000e+00,1.88000e-02,
-1.1985350e+00,-0.00000e+00,1.88000e-02,
-1.1982419e+00,-0.00000e+00,1.88000e-02,
-1.1979489e+00,-0.00000e+00,1.88000e-02,
-1.1976559e+00,-0.00000e+00,1.88000e-02,
-1.1973629e+00,-0.00000e+00,1.88000e-02,
-1.1970699e+00,-0.00000e+00,1.88000e-02,
-1.1967769e+00,-0.00000e+00,1.88000e-02,
-1.1964839e+00,-0.00000e+00,1.88000e-02,
-1.1961908e+00,-0.00000e+00,1.88000e-02,
-1.1958978e+00,-0.00000e+00,1.88000e-02,
-1.1956048e+00,-0.00000e+00,1.88000e-02,
-1.1953118e+00,-0.00000e+00,1.84000e-02,
-1.1950188e+00,-0.00000e+00,1.92000e-02,
-1.1947258e+00,2.00001e-01,1.92000e-02,
-1.1944327e+00,2.00001e-01,1.84000e-02,
-1.1941397e+00,2.00001e-01,1.88000e-02,
-1.1938467e+00,2.00001e-01,2.00000e-02,
-1.1935537e+00,-0.00000e+00,1.76000e-02,
-1.1932607e+00,2.00001e-01,1.76000e-02,
-1.1929677e+00,2.00001e-01,1.84000e-02,
-1.1926746e+00,2.00001e-01,2.08000e-02,
-1.1923816e+00,-0.00000e+00,1.76000e-02,
-1.1920886e+00,-0.00000e+00,1.84000e-02,
-1.1917956e+00,-0.00000e+00,1.84000e-02,
-1.1915026e+00,2.00001e-01,1.80000e-02,
-1.1912096e+00,-0.00000e+00,1.92000e-02,
-1.1909165e+00,-0.00000e+00,1.88000e-02,
-1.1906235e+00,-0.00000e+00,2.00000e-02,
-1.1903305e+00,2.00001e-01,1.88000e-02,
-1.1900375e+00,2.00001e-01,2.04000e-02,
-1.1897445e+00,-0.00000e+00,1.84000e-02,
-1.1894515e+00,-0.00000e+00,1.76000e-02,
-1.1891584e+00,-0.00000e+00,1.76000e-02,
-1.1888654e+00,-0.00000e+00,1.84000e-02,
-1.1885724e+00,2.00001e-01,1.76000e-02,
-1.1882794e+00,2.00001e-01,1.84000e-02,
-1.1879864e+00,-0.00000e+00,1.88000e-02,
-1.1876934e+00,-0.00000e+00,1.88000e-02,
-1.1874003e+00,-0.00000e+00,1.68000e-02,
-1.1871073e+00,-0.00000e+00,1.84000e-02,
-1.1868143e+00,-0.00000e+00,1.88000e-02,
-1.1865213e+00,2.00001e-01,1.80000e-02,
-1.1862283e+00,2.00001e-01,1.76000e-02,
-1.1859353e+00,-0.00000e+00,1.92000e-02,
-1.1856422e+00,2.00001e-01,1.88000e-02,
-1.1853492e+00,-0.00000e+00,1.60000e-02,
-1.1850562e+00,2.00001e-01,1.76000e-02,
-1.1847632e+00,2.00001e-01,1.64000e-02,
-1.1844702e+00,-0.00000e+00,1.76000e-02,
-1.1841772e+00,-0.00000e+00,1.84000e-02,
-1.1838841e+00,2.00001e-01,1.76000e-02,
-1.1835911e+00,-0.00000e+00,2.08000e-02,
-1.1832981e+00,-0.00000e+00,1.76000e-02,
-1.1830051e+00,-0.00000e+00,1.88000e-02,
-1.1827121e+00,2.00001e-01,1.88000e-02,
-1.1824191e+00,2.00001e-01,1.76000e-02,
-1.1821260e+00,2.00001e-01,1.96000e-02,
-1.1818330e+00,-0.00000e+00,1.92000e-02,
-1.1815400e+00,-0.00000e+00,2.04000e-02,
-1.1812470e+00,-0.00000e+00,1.88000e-02,
-1.1809540e+00,-0.00000e+00,1.84000e-02,
-1.1806610e+00,-0.00000e+00,1.84000e-02,
-1.1803679e+00,2.00001e-01,1.88000e-02,
-1.1800749e+00,2.00001e-01,2.00000e-02,
-1.1797819e+00,2.00001e-01,2.00000e-02,
-1.1794889e+00,-0.00000e+00,2.00000e-02,
-1.1791959e+00,-0.00000e+00,1.92000e-02,
-1.1789029e+00,2.00001e-01,1.92000e-02,
-1.1786098e+00,-0.00000e+00,1.92000e-02,
-1.1783168e+00,-0.00000e+00,1.92000e-02,
-1.1780238e+00,2.00001e-01,2.16000e-02,
-1.1777308e+00,2.00001e-01,2.00000e-02,
-1.1774378e+00,2.00001e-01,1.56000e-02,
-1.1771448e+00,2.00001e-01,1.80000e-02,
-1.1768517e+00,-0.00000e+00,1.92000e-02,
-1.1765587e+00,2.00001e-01,2.00000e-02,
-1.1762657e+00,-0.00000e+00,1.92000e-02,
-1.1759727e+00,-0.00000e+00,1.92000e-02,
-1.1756797e+00,-0.00000e+00,1.88000e-02,
-1.1753867e+00,-0.00000e+00,1.92000e-02,
-1.1750937e+00,-0.00000e+00,2.20000e-02,
-1.1748006e+00,2.00001e-01,1.92000e-02,
-1.1745076e+00,-0.00000e+00,1.92000e-02,
-1.1742146e+00,-0.00000e+00,1.84000e-02,
-1.1739216e+00,2.00001e-01,2.48000e-02,
-1.1736286e+00,-0.00000e+00,1.92000e-02,
-1.1733356e+00,-0.00000e+00,1.92000e-02,
-1.1730425e+00,-0.00000e+00,1.92000e-02,
-1.1727495e+00,2.00001e-01,2.00000e-02,
-1.1724565e+00,2.00001e-01,1.96000e-02,
-1.1721635e+00,2.00001e-01,1.92000e-02,
-1.1718705e+00,-0.00000e+00,1.92000e-02,
-1.1715775e+00,-0.00000e+00,1.92000e-02,
-1.1712844e+00,-0.00000e+00,2.00000e-02,
-1.1709914e+00,2.00001e-01,2.24000e-02,
-1.1706984e+00,2.00001e-01,1.84000e-02,
-1.1704054e+00,2.00001e-01,1.92000e-02,
-1.1701124e+00,2.00001e-01,2.00000e-02,
-1.1698194e+00,2.00001e-01,2.04000e-02,
-1.1695263e+00,-0.00000e+00,1.92000e-02,
-1.1692333e+00,2.00001e-01,2.04000e-02,
-1.1689403e+00,-0.00000e+00,1.92000e-02,
-1.1686473e+00,2.00001e-01,1.92000e-02,
-1.1683543e+00,2.00001e-01,2.04000e-02,
-1.1680613e+00,2.00001e-01,1.92000e-02,
-1.1677682e+00,-0.00000e+00,2.00000e-02,
-1.1674752e+00,-0.00000e+00,2.00000e-02,
-1.1671822e+00,2.00001e-01,2.16000e-02,
-1.1668892e+00,2.00001e-01,1.96000e-02,
-1.1665962e+00,-0.00000e+00,2.04000e-02,
-1.1663032e+00,-0.00000e+00,1.96000e-02,
-1.1660101e+00,-0.00000e+00,1.92000e-02,
-1.1657171e+00,-0.00000e+00,1.88000e-02,
-1.1654241e+00,2.00001e-01,1.92000e-02,
-1.1651311e+00,-0.00000e+00,1.80000e-02,
-1.1648381e+00,2.00001e-01,2.04000e-02,
-1.1645451e+00,-0.00000e+00,1.92000e-02,
-1.1642520e+00,2.00001e-01,1.92000e-02,
-1.1639590e+00,-0.00000e+00,2.00000e-02,
-1.1636660e+00,2.00001e-01,2.04000e-02,
-1.1633730e+00,-0.00000e+00,1.92000e-02,
-1.1630800e+00,-0.00000e+00,1.96000e-02,
-1.1627870e+00,-0.00000e+00,2.24000e-02,
-1.1624939e+00,2.00001e-01,1.92000e-02,
-1.1622009e+00,-0.00000e+00,1.72000e-02,
-1.1619079e+00,-0.00000e+00,1.88000e-02,
-1.1616149e+00,2.00001e-01,1.88000e-02,
-1.1613219e+00,2.00001e-01,1.88000e-02,
-1.1610289e+00,-0.00000e+00,1.96000e-02,
-1.1607358e+00,-0.00000e+00,1.92000e-02,
-1.1604428e+00,-0.00000e+00,1.96000e-02,
-1.1601498e+00,2.00001e-01,1.92000e-02,
-1.1598568e+00,-0.00000e+00,1.80000e-02,
-1.1595638e+00,-0.00000e+00,2.08000e-02,
-1.1592708e+00,2.00001e-01,1.84000e-02,
-1.1589777e+00,2.00001e-01,2.08000e-02,
-1.1586847e+00,2.00001e-01,2.16000e-02,
-1.1583917e+00,2.00001e-01,2.04000e-02,
-1.1580987e+00,-0.00000e+00,1.92000e-02,
-1.1578057e+00,-0.00000e+00,1.88000e-02,
-1.1575127e+00,-0.00000e+00,1.92000e-02,
-1.1572196e+00,-0.00000e+00,1.92000e-02,
-1.1569266e+00,2.00001e-01,1.84000e-02,
-1.1566336e+00,2.00001e-01,1.88000e-02,
-1.1563406e+00,-0.00000e+00,1.92000e-02,
-1.1560476e+00,2.00001e-01,1.88000e-02,
-1.1557546e+00,-0.00000e+00,1.92000e-02,
-1.1554615e+00,2.00001e-01,1.96000e-02,
-1.1551685e+00,-0.00000e+00,2.04000e-02,
-1.1548755e+00,-0.00000e+00,2.00000e-02,
-1.1545825e+00,2.00001e-01,1.88000e-02,
-1.1542895e+00,2.00001e-01,1.92000e-02,
-1.1539965e+00,-0.00000e+00,1.80000e-02,
-1.1537035e+00,2.00001e-01,1.72000e-02,
-1.1534104e+00,-0.00000e+00,1.88000e-02,
-1.1531174e+00,-0.00000e+00,1.92000e-02,
-1.1528244e+00,-0.00000e+00,1.88000e-02,
-1.1525314e+00,-0.00000e+00,1.88000e-02,
-1.1522384e+00,-0.00000e+00,2.56000e-02,
-1.1519454e+00,-0.00000e+00,1.92000e-02,
-1.1516523e+00,2.00001e-01,1.88000e-02,
-1.1513593e+00,-0.00000e+00,1.92000e-02,
-1.1510663e+00,2.00001e-01,1.72000e-02,
-1.1507733e+00,2.00001e-01,1.92000e-02,
-1.1504803e+00,-0.00000e+00,2.00000e-02,
-1.1501873e+00,2.00001e-01,2.04000e-02,
-1.1498942e+00,2.00001e-01,1.88000e-02,
-1.1496012e+00,-0.00000e+00,2.24000e-02,
-1.1493082e+00,-0.00000e+00,1.88000e-02,
-1.1490152e+00,-0.00000e+00,1.92000e-02,
-1.1487222e+00,-0.00000e+00,1.84000e-02,
-1.1484292e+00,2.00001e-01,2.04000e-02,
-1.1481361e+00,-0.00000e+00,1.96000e-02,
-1.1478431e+00,2.00001e-01,2.04000e-02,
-1.1475501e+00,-0.00000e+00,2.04000e-02,
-1.1472571e+00,2.00001e-01,2.00000e-02,
-1.1469641e+00,2.00001e-01,2.04000e-02,
-1.1466711e+00,2.00001e-01,2.00000e-02,
-1.1463780e+00,-0.00000e+00,2.00000e-02,
-1.1460850e+00,-0.00000e+00,1.92000e-02,
-1.1457920e+00,2.00001e-01,1.92000e-02,
-1.1454990e+00,-0.00000e+00,2.04000e-02,
-1.1452060e+00,2.00001e-01,1.92000e-02,
-1.1449130e+00,-0.00000e+00,1.92000e-02,
-1.1446199e+00,2.00001e-01,1.88000e-02,
-1.1443269e+00,2.00001e-01,1.92000e-02,
-1.1440339e+00,-0.00000e+00,2.16000e-02,
-1.1437409e+00,-0.00000e+00,2.20000e-02,
-1.1434479e+00,2.00001e-01,2.16000e-02,
-1.1431549e+00,-0.00000e+00,2.00000e-02,
-1.1428618e+00,2.00001e-01,2.04000e-02,
-1.1425688e+00,-0.00000e+00,2.00000e-02,
-1.1422758e+00,-0.00000e+00,2.00000e-02,
-1.1419828e+00,2.00001e-01,1.92000e-02,
-1.1416898e+00,2.00001e-01,2.00000e-02,
-1.1413968e+00,2.00001e-01,1.88000e-02,
-1.1411037e+00,-0.00000e+00,1.92000e-02,
-1.1408107e+00,2.00001e-01,2.16000e-02,
-1.1405177e+00,-0.00000e+00,2.24000e-02,
-1.1402247e+00,-0.00000e+00,2.08000e-02,
-1.1399317e+00,2.00001e-01,2.00000e-02,
-1.1396387e+00,-0.00000e+00,1.92000e-02,
-1.1393456e+00,-0.00000e+00,2.00000e-02,
-1.1390526e+00,-0.00000e+00,2.00000e-02,
-1.1387596e+00,2.00001e-01,1.84000e-02,
-1.1384666e+00,2.00001e-01,2.28000e-02,
-1.1381736e+00,-0.00000e+00,1.92000e-02,
-1.1378806e+00,-0.00000e+00,2.08000e-02,
-1.1375875e+00,-0.00000e+00,2.08000e-02,
-1.1372945e+00,2.00001e-01,2.20000e-02,
-1.1370015e+00,-0.00000e+00,1.92000e-02,
-1.1367085e+00,-0.00000e+00,2.04000e-02,
-1.1364155e+00,2.00001e-01,2.04000e-02,
-1.1361225e+00,2.00001e-01,1.92000e-02,
-1.1358294e+00,-0.00000e+00,2.00000e-02,
-1.1355364e+00,2.00001e-01,1.92000e-02,
-1.1352434e+00,-0.00000e+00,1.96000e-02,
-1.1349504e+00,-0.00000e+00,2.08000e-02,
-1.1346574e+00,-0.00000e+00,2.12000e-02,
-1.1343644e+00,-0.00000e+00,2.08000e-02,
-1.1340714e+00,-0.00000e+00,1.76000e-02,
-1.1337783e+00,2.00001e-01,1.92000e-02,
-1.1334853e+00,2.00001e-01,1.92000e-02,
-1.1331923e+00,-0.00000e+00,2.00000e-02,
-1.1328993e+00,2.00001e-01,1.92000e-02,
-1.1326063e+00,-0.00000e+00,2.04000e-02,
-1.1323133e+00,2.00001e-01,1.72000e-02,
-1.1320202e+00,-0.00000e+00,2.08000e-02,
-1.1317272e+00,-0.00000e+00,1.92000e-02,
-1.1314342e+00,2.00001e-01,1.88000e-02,
-1.1311412e+00,-0.00000e+00,2.04000e-02,
-1.1308482e+00,2.00001e-01,1.96000e-02,
-1.1305552e+00,2.00001e-01,1.84000e-02,
-1.1302621e+00,2.00001e-01,2.00000e-02,
-1.1299691e+00,2.00001e-01,2.00000e-02,
-1.1296761e+00,-0.00000e+00,2.16000e-02,
-1.1293831e+00,2.00001e-01,2.00000e-02,
-1.1290901e+00,-0.00000e+00,1.92000e-02,
-1.1287971e+00,-0.00000e+00,1.84000e-02,
-1.1285040e+00,-0.00000e+00,2.00000e-02,
-1.1282110e+00,2.00001e-01,1.72000e-02,
-1.1279180e+00,-0.00000e+00,1.92000e-02,
-1.1276250e+00,2.00001e-01,1.96000e-02,
-1.1273320e+00,-0.00000e+00,2.00000e-02,
-1.1270390e+00,-0.00000e+00,2.04000e-02,
-1.1267459e+00,2.00001e-01,2.00000e-02,
-1.1264529e+00,-0.00000e+00,2.08000e-02,
-1.1261599e+00,-0.00000e+00,1.92000e-02,
-1.1258669e+00,2.00001e-01,1.92000e-02,
-1.1255739e+00,-0.00000e+00,1.48000e-02,
-1.1252809e+00,2.00001e-01,1.92000e-02,
-1.1249878e+00,2.00001e-01,1.80000e-02,
-1.1246948e+00,2.00001e-01,2.00000e-02,
-1.1244018e+00,-0.00000e+00,1.92000e-02,
-1.1241088e+00,2.00001e-01,1.88000e-02,
-1.1238158e+00,-0.00000e+00,1.92000e-02,
-1.1235228e+00,-0.00000e+00,1.88000e-02,
-1.1232297e+00,2.00001e-01,2.00000e-02,
-1.1229367e+00,2.00001e-01,1.84000e-02,
-1.1226437e+00,-0.00000e+00,1.92000e-02,
-1.1223507e+00,-0.00000e+00,2.04000e-02,
-1.1220577e+00,2.00001e-01,1.80000e-02,
-1.1217647e+00,2.00001e-01,2.04000e-02,
-1.1214716e+00,-0.00000e+00,1.84000e-02,
-1.1211786e+00,2.00001e-01,1.88000e-02,
-1.1208856e+00,2.00001e-01,1.92000e-02,
-1.1205926e+00,2.00001e-01,2.00000e-02,
-1.1202996e+00,2.00001e-01,1.88000e-02,
-1.1200066e+00,-0.00000e+00,1.84000e-02,
-1.1197135e+00,-0.00000e+00,1.96000e-02,
-1.1194205e+00,2.00001e-01,1.92000e-02,
-1.1191275e+00,2.00001e-01,1.92000e-02,
-1.1188345e+00,-0.00000e+00,1.92000e-02,
-1.1185415e+00,2.00001e-01,1.88000e-02,
-1.1182485e+00,-0.00000e+00,2.00000e-02,
-1.1179554e+00,2.00001e-01,1.96000e-02,
-1.1176624e+00,-0.00000e+00,1.76000e-02,
-1.1173694e+00,-0.00000e+00,2.08000e-02,
-1.1170764e+00,2.00001e-01,2.08000e-02,
-1.1167834e+00,-0.00000e+00,2.00000e-02,
-1.1164904e+00,-0.00000e+00,1.92000e-02,
-1.1161973e+00,-0.00000e+00,2.00000e-02,
-1.1159043e+00,-0.00000e+00,2.08000e-02,
-1.1156113e+00,-0.00000e+00,2.00000e-02,
-1.1153183e+00,-0.00000e+00,2.04000e-02,
-1.1150253e+00,2.00001e-01,1.88000e-02,
-1.1147323e+00,2.00001e-01,2.12000e-02,
-1.1144392e+00,2.00001e-01,1.96000e-02,
-1.1141462e+00,2.00001e-01,1.76000e-02,
-1.1138532e+00,-0.00000e+00,2.00000e-02,
-1.1135602e+00,-0.00000e+00,2.24000e-02,
-1.1132672e+00,2.00001e-01,2.04000e-02,
-1.1129742e+00,2.00001e-01,2.08000e-02,
-1.1126812e+00,2.00001e-01,2.16000e-02,
-1.1123881e+00,-0.00000e+00,2.00000e-02,
-1.1120951e+00,-0.00000e+00,1.96000e-02,
-1.1118021e+00,2.00001e-01,1.92000e-02,
-1.1115091e+00,-0.00000e+00,2.04000e-02,
-1.1112161e+00,2.00001e-01,2.12000e-02,
-1.1109231e+00,-0.00000e+00,2.20000e-02,
-1.1106300e+00,2.00001e-01,2.12000e-02,
-1.1103370e+00,-0.00000e+00,2.16000e-02,
-1.1100440e+00,-0.00000e+00,2.20000e-02,
-1.1097510e+00,2.00001e-01,2.16000e-02,
-1.1094580e+00,-0.00000e+00,1.68000e-02,
-1.1091650e+00,2.00001e-01,2.00000e-02,
-1.1088719e+00,-0.00000e+00,2.00000e-02,
-1.1085789e+00,2.00001e-01,2.08000e-02,
-1.1082859e+00,-0.00000e+00,1.92000e-02,
-1.1079929e+00,-0.00000e+00,2.16000e-02,
-1.1076999e+00,2.00001e-01,2.04000e-02,
-1.1074069e+00,2.00001e-01,1.96000e-02,
-1.1071138e+00,2.00001e-01,2.16000e-02,
-1.1068208e+00,-0.00000e+00,2.04000e-02,
-1.1065278e+00,2.00001e-01,2.08000e-02,
-1.1062348e+00,-0.00000e+00,2.00000e-02,
-1.1059418e+00,-0.00000e+00,2.04000e-02,
-1.1056488e+00,-0.00000e+00,2.04000e-02,
-1.1053557e+00,-0.00000e+00,2.08000e-02,
-1.1050627e+00,2.00001e-01,2.20000e-02,
-1.1047697e+00,2.00001e-01,2.08000e-02,
-1.1044767e+00,2.00001e-01,1.40000e-02,
-1.1041837e+00,-0.00000e+00,2.00000e-02,
-1.1038907e+00,-0.00000e+00,2.08000e-02,
-1.1035976e+00,-0.00000e+00,2.00000e-02,
-1.1033046e+00,-0.00000e+00,2.04000e-02,
-1.1030116e+00,-0.00000e+00,2.08000e-02,
-1.1027186e+00,2.00001e-01,2.16000e-02,
-1.1024256e+00,2.00001e-01,2.12000e-02,
-1.1021326e+00,2.00001e-01,2.00000e-02,
-1.1018395e+00,-0.00000e+00,1.92000e-02,
-1.1015465e+00,2.00001e-01,2.08000e-02,
-1.1012535e+00,-0.00000e+00,1.96000e-02,
-1.1009605e+00,-0.00000e+00,2.16000e-02,
-1.1006675e+00,-0.00000e+00,2.08000e-02,
-1.1003745e+00,2.00001e-01,2.36000e-02,
-1.1000814e+00,2.00001e-01,2.04000e-02,
-1.0997884e+00,2.00001e-01,2.08000e-02,
-1.0994954e+00,-0.00000e+00,1.92000e-02,
-1.0992024e+00,2.00001e-01,1.92000e-02,
-1.0989094e+00,-0.00000e+00,1.96000e-02,
-1.0986164e+00,-0.00000e+00,2.16000e-02,
-1.0983233e+00,-0.00000e+00,2.08000e-02,
-1.0980303e+00,2.00001e-01,2.08000e-02,
-1.0977373e+00,-0.00000e+00,2.16000e-02,
-1.0974443e+00,-0.00000e+00,2.00000e-02,
-1.0971513e+00,2.00001e-01,1.96000e-02,
-1.0968583e+00,2.00001e-01,2.00000e-02,
-1.0965652e+00,2.00001e-01,2.04000e-02,
-1.0962722e+00,-0.00000e+00,1.96000e-02,
-1.0959792e+00,-0.00000e+00,2.04000e-02,
-1.0956862e+00,2.00001e-01,2.00000e-02,
-1.0953932e+00,2.00001e-01,1.76000e-02,
-1.0951002e+00,-0.00000e+00,2.00000e-02,
-1.0948071e+00,2.00001e-01,2.04000e-02,
-1.0945141e+00,-0.00000e+00,1.88000e-02,
-1.0942211e+00,2.00001e-01,1.96000e-02,
-1.0939281e+00,-0.00000e+00,2.08000e-02,
-1.0936351e+00,2.00001e-01,2.08000e-02,
-1.0933421e+00,-0.00000e+00,1.84000e-02,
-1.0930490e+00,-0.00000e+00,1.92000e-02,
-1.0927560e+00,2.00001e-01,2.04000e-02,
-1.0924630e+00,-0.00000e+00,2.00000e-02,
-1.0921700e+00,-0.00000e+00,2.36000e-02,
-1.0918770e+00,-0.00000e+00,2.24000e-02,
-1.0915840e+00,2.00001e-01,2.00000e-02,
-1.0912910e+00,-0.00000e+00,2.04000e-02,
-1.0909979e+00,2.00001e-01,1.92000e-02,
-1.0907049e+00,2.00001e-01,1.88000e-02,
-1.0904119e+00,-0.00000e+00,1.88000e-02,
-1.0901189e+00,-0.00000e+00,2.04000e-02,
-1.0898259e+00,2.00001e-01,2.04000e-02,
-1.0895329e+00,2.00001e-01,1.92000e-02,
-1.0892398e+00,-0.00000e+00,2.08000e-02,
-1.0889468e+00,-0.00000e+00,2.32000e-02,
-1.0886538e+00,-0.00000e+00,2.08000e-02,
-1.0883608e+00,-0.00000e+00,2.04000e-02,
-1.0880678e+00,2.00001e-01,1.92000e-02,
-1.0877748e+00,2.00001e-01,1.96000e-02,
-1.0874817e+00,-0.00000e+00,1.96000e-02,
-1.0871887e+00,2.00001e-01,2.08000e-02,
-1.0868957e+00,-0.00000e+00,1.76000e-02,
-1.0866027e+00,-0.00000e+00,2.12000e-02,
-1.0863097e+00,-0.00000e+00,2.08000e-02,
-1.0860167e+00,2.00001e-01,2.08000e-02,
-1.0857236e+00,2.00001e-01,2.32000e-02,
-1.0854306e+00,2.00001e-01,2.12000e-02,
-1.0851376e+00,-0.00000e+00,2.08000e-02,
-1.0848446e+00,-0.00000e+00,2.08000e-02,
-1.0845516e+00,2.00001e-01,2.04000e-02,
-1.0842586e+00,2.00001e-01,2.08000e-02,
-1.0839655e+00,-0.00000e+00,1.92000e-02,
-1.0836725e+00,2.00001e-01,1.92000e-02,
-1.0833795e+00,2.00001e-01,2.08000e-02,
-1.0830865e+00,2.00001e-01,2.24000e-02,
-1.0827935e+00,-0.00000e+00,2.00000e-02,
-1.0825005e+00,-0.00000e+00,2.08000e-02,
-1.0822074e+00,2.00001e-01,2.20000e-02,
-1.0819144e+00,2.00001e-01,2.16000e-02,
-1.0816214e+00,-0.00000e+00,2.24000e-02,
-1.0813284e+00,-0.00000e+00,2.08000e-02,
-1.0810354e+00,2.00001e-01,2.08000e-02,
-1.0807424e+00,2.00001e-01,2.08000e-02,
-1.0804493e+00,2.00001e-01,2.20000e-02,
-1.0801563e+00,2.00001e-01,2.00000e-02,
-1.0798633e+00,-0.00000e+00,1.92000e-02,
-1.0795703e+00,2.00001e-01,1.96000e-02,
-1.0792773e+00,-0.00000e+00,2.08000e-02,
-1.0789843e+00,2.00001e-01,2.08000e-02,
-1.0786912e+00,2.00001e-01,2.08000e-02,
-1.0783982e+00,2.00001e-01,2.56000e-02,
-1.0781052e+00,-0.00000e+00,2.08000e-02,
-1.0778122e+00,-0.00000e+00,2.16000e-02,
-1.0775192e+00,-0.00000e+00,2.16000e-02,
-1.0772262e+00,-0.00000e+00,2.16000e-02,
-1.0769331e+00,2.00001e-01,2.16000e-02,
-1.0766401e+00,2.00001e-01,2.20000e-02,
-1.0763471e+00,2.00001e-01,2.08000e-02,
-1.0760541e+00,2.00001e-01,1.96000e-02,
-1.0757611e+00,-0.00000e+00,2.16000e-02,
-1.0754681e+00,-0.00000e+00,2.04000e-02,
-1.0751750e+00,-0.00000e+00,2.12000e-02,
-1.0748820e+00,-0.00000e+00,2.08000e-02,
-1.0745890e+00,-0.00000e+00,2.08000e-02,
-1.0742960e+00,-0.00000e+00,2.20000e-02,
-1.0740030e+00,-0.00000e+00,2.08000e-02,
-1.0737100e+00,-0.00000e+00,2.12000e-02,
-1.0734169e+00,-0.00000e+00,2.16000e-02,
-1.0731239e+00,-0.00000e+00,2.24000e-02,
-1.0728309e+00,2.00001e-01,2.24000e-02,
-1.0725379e+00,2.00001e-01,2.20000e-02,
-1.0722449e+00,-0.00000e+00,1.92000e-02,
-1.0719519e+00,-0.00000e+00,2.00000e-02,
-1.0716588e+00,2.00001e-01,2.04000e-02,
-1.0713658e+00,2.00001e-01,2.04000e-02,
-1.0710728e+00,-0.00000e+00,2.08000e-02,
-1.0707798e+00,-0.00000e+00,2.20000e-02,
-1.0704868e+00,2.00001e-01,2.04000e-02,
-1.0701938e+00,-0.00000e+00,1.88000e-02,
-1.0699008e+00,-0.00000e+00,2.08000e-02,
-1.0696077e+00,-0.00000e+00,2.08000e-02,
-1.0693147e+00,-0.00000e+00,2.04000e-02,
-1.0690217e+00,-0.00000e+00,2.08000e-02,
-1.0687287e+00,-0.00000e+00,1.92000e-02,
-1.0684357e+00,-0.00000e+00,2.08000e-02,
-1.0681427e+00,-0.00000e+00,2.08000e-02,
-1.0678496e+00,-0.00000e+00,2.04000e-02,
-1.0675566e+00,2.00001e-01,1.84000e-02,
-1.0672636e+00,-0.00000e+00,2.04000e-02,
-1.0669706e+00,-0.00000e+00,2.00000e-02,
-1.0666776e+00,2.00001e-01,2.00000e-02,
-1.0663846e+00,-0.00000e+00,2.04000e-02,
-1.0660915e+00,2.00001e-01,2.12000e-02,
-1.0657985e+00,-0.00000e+00,2.00000e-02,
-1.0655055e+00,2.00001e-01,2.36000e-02,
-1.0652125e+00,-0.00000e+00,2.08000e-02,
-1.0649195e+00,-0.00000e+00,2.04000e-02,
-1.0646265e+00,-0.00000e+00,2.00000e-02,
-1.0643334e+00,2.00001e-01,1.92000e-02,
-1.0640404e+00,2.00001e-01,2.08000e-02,
-1.0637474e+00,-0.00000e+00,1.88000e-02,
-1.0634544e+00,-0.00000e+00,2.08000e-02,
-1.0631614e+00,-0.00000e+00,2.00000e-02,
-1.0628684e+00,2.00001e-01,1.84000e-02,
-1.0625753e+00,-0.00000e+00,2.28000e-02,
-1.0622823e+00,2.00001e-01,2.00000e-02,
-1.0619893e+00,2.00001e-01,1.88000e-02,
-1.0616963e+00,2.00001e-01,2.00000e-02,
-1.0614033e+00,2.00001e-01,2.40000e-02,
-1.0611103e+00,2.00001e-01,2.04000e-02,
-1.0608172e+00,-0.00000e+00,2.08000e-02,
-1.0605242e+00,-0.00000e+00,1.84000e-02,
-1.0602312e+00,2.00001e-01,2.08000e-02,
-1.0599382e+00,2.00001e-01,2.08000e-02,
-1.0596452e+00,-0.00000e+00,2.00000e-02,
-1.0593522e+00,-0.00000e+00,2.16000e-02,
-1.0590591e+00,2.00001e-01,2.08000e-02,
-1.0587661e+00,-0.00000e+00,2.16000e-02,
-1.0584731e+00,2.00001e-01,2.20000e-02,
-1.0581801e+00,2.00001e-01,2.16000e-02,
-1.0578871e+00,2.00001e-01,2.08000e-02,
-1.0575941e+00,-0.00000e+00,2.16000e-02,
-1.0573010e+00,-0.00000e+00,2.20000e-02,
-1.0570080e+00,2.00001e-01,2.12000e-02,
-1.0567150e+00,-0.00000e+00,2.16000e-02,
-1.0564220e+00,-0.00000e+00,2.00000e-02,
-1.0561290e+00,-0.00000e+00,2.08000e-02,
-1.0558360e+00,-0.00000e+00,2.04000e-02,
-1.0555429e+00,-0.00000e+00,2.16000e-02,
-1.0552499e+00,-0.00000e+00,2.24000e-02,
-1.0549569e+00,2.00001e-01,2.16000e-02,
-1.0546639e+00,-0.00000e+00,2.04000e-02,
-1.0543709e+00,-0.00000e+00,2.16000e-02,
-1.0540779e+00,2.00001e-01,2.16000e-02,
-1.0537848e+00,-0.00000e+00,2.20000e-02,
-1.0534918e+00,2.00001e-01,2.20000e-02,
-1.0531988e+00,-0.00000e+00,2.16000e-02,
-1.0529058e+00,-0.00000e+00,2.20000e-02,
-1.0526128e+00,-0.00000e+00,2.16000e-02,
-1.0523198e+00,-0.00000e+00,2.28000e-02,
-1.0520267e+00,-0.00000e+00,2.20000e-02,
-1.0517337e+00,-0.00000e+00,2.16000e-02,
-1.0514407e+00,2.00001e-01,2.36000e-02,
-1.0511477e+00,-0.00000e+00,2.16000e-02,
-1.0508547e+00,2.00001e-01,2.16000e-02,
-1.0505617e+00,-0.00000e+00,2.04000e-02,
-1.0502687e+00,2.00001e-01,2.08000e-02,
-1.0499756e+00,-0.00000e+00,2.00000e-02,
-1.0496826e+00,-0.00000e+00,2.24000e-02,
-1.0493896e+00,-0.00000e+00,2.24000e-02,
-1.0490966e+00,2.00001e-01,2.16000e-02,
-1.0488036e+00,-0.00000e+00,2.08000e-02,
-1.0485106e+00,-0.00000e+00,2.16000e-02,
-1.0482175e+00,-0.00000e+00,2.00000e-02,
-1.0479245e+00,-0.00000e+00,2.20000e-02,
-1.0476315e+00,-0.00000e+00,2.16000e-02,
-1.0473385e+00,2.00001e-01,2.20000e-02,
-1.0470455e+00,2.00001e-01,2.08000e-02,
-1.0467525e+00,2.00001e-01,2.24000e-02,
-1.0464594e+00,-0.00000e+00,2.04000e-02,
-1.0461664e+00,2.00001e-01,2.16000e-02,
-1.0458734e+00,-0.00000e+00,2.08000e-02,
-1.0455804e+00,-0.00000e+00,2.08000e-02,
-1.0452874e+00,-0.00000e+00,2.20000e-02,
-1.0449944e+00,-0.00000e+00,2.04000e-02,
-1.0447013e+00,2.00001e-01,2.20000e-02,
-1.0444083e+00,-0.00000e+00,1.76000e-02,
-1.0441153e+00,2.00001e-01,2.08000e-02,
-1.0438223e+00,-0.00000e+00,2.08000e-02,
-1.0435293e+00,-0.00000e+00,2.08000e-02,
-1.0432363e+00,-0.00000e+00,2.08000e-02,
-1.0429432e+00,2.00001e-01,2.04000e-02,
-1.0426502e+00,-0.00000e+00,2.24000e-02,
-1.0423572e+00,-0.00000e+00,2.16000e-02,
-1.0420642e+00,2.00001e-01,2.16000e-02,
-1.0417712e+00,-0.00000e+00,2.20000e-02,
-1.0414782e+00,-0.00000e+00,2.12000e-02,
-1.0411851e+00,-0.00000e+00,2.48000e-02,
-1.0408921e+00,2.00001e-01,2.04000e-02,
-1.0405991e+00,2.00001e-01,2.08000e-02,
-1.0403061e+00,-0.00000e+00,2.12000e-02,
-1.0400131e+00,-0.00000e+00,2.08000e-02,
-1.0397201e+00,-0.00000e+00,2.16000e-02,
-1.0394270e+00,-0.00000e+00,2.16000e-02,
-1.0391340e+00,2.00001e-01,2.16000e-02,
-1.0388410e+00,2.00001e-01,2.04000e-02,
-1.0385480e+00,-0.00000e+00,2.04000e-02,
-1.0382550e+00,2.00001e-01,2.16000e-02,
-1.0379620e+00,-0.00000e+00,1.92000e-02,
-1.0376689e+00,2.00001e-01,2.32000e-02,
-1.0373759e+00,-0.00000e+00,2.20000e-02,
-1.0370829e+00,-0.00000e+00,2.00000e-02,
-1.0367899e+00,-0.00000e+00,2.08000e-02,
-1.0364969e+00,2.00001e-01,1.76000e-02,
-1.0362039e+00,-0.00000e+00,2.08000e-02,
-1.0359108e+00,2.00001e-01,1.92000e-02,
-1.0356178e+00,-0.00000e+00,2.20000e-02,
-1.0353248e+00,-0.00000e+00,2.16000e-02,
-1.0350318e+00,2.00001e-01,2.16000e-02,
-1.0347388e+00,-0.00000e+00,2.08000e-02,
-1.0344458e+00,-0.00000e+00,2.04000e-02,
-1.0341527e+00,-0.00000e+00,2.00000e-02,
-1.0338597e+00,-0.00000e+00,1.76000e-02,
-1.0335667e+00,-0.00000e+00,2.16000e-02,
-1.0332737e+00,-0.00000e+00,2.12000e-02,
-1.0329807e+00,2.00001e-01,2.12000e-02,
-1.0326877e+00,-0.00000e+00,2.12000e-02,
-1.0323946e+00,-0.00000e+00,2.08000e-02,
-1.0321016e+00,2.00001e-01,2.20000e-02,
-1.0318086e+00,-0.00000e+00,2.16000e-02,
-1.0315156e+00,2.00001e-01,2.12000e-02,
-1.0312226e+00,2.00001e-01,2.16000e-02,
-1.0309296e+00,2.00001e-01,2.24000e-02,
-1.0306365e+00,2.00001e-01,1.96000e-02,
-1.0303435e+00,-0.00000e+00,2.20000e-02,
-1.0300505e+00,-0.00000e+00,2.24000e-02,
-1.0297575e+00,2.00001e-01,2.08000e-02,
-1.0294645e+00,-0.00000e+00,2.24000e-02,
-1.0291715e+00,2.00001e-01,2.24000e-02,
-1.0288785e+00,-0.00000e+00,2.32000e-02,
-1.0285854e+00,-0.00000e+00,2.32000e-02,
-1.0282924e+00,-0.00000e+00,2.28000e-02,
-1.0279994e+00,-0.00000e+00,2.48000e-02,
-1.0277064e+00,2.00001e-01,2.32000e-02,
-1.0274134e+00,2.00001e-01,1.92000e-02,
-1.0271204e+00,2.00001e-01,2.24000e-02,
-1.0268273e+00,-0.00000e+00,2.16000e-02,
-1.0265343e+00,2.00001e-01,2.24000e-02,
-1.0262413e+00,-0.00000e+00,2.28000e-02,
-1.0259483e+00,-0.00000e+00,2.16000e-02,
-1.0256553e+00,-0.00000e+00,2.16000e-02,
-1.0253623e+00,2.00001e-01,2.24000e-02,
-1.0250692e+00,-0.00000e+00,2.28000e-02,
-1.0247762e+00,-0.00000e+00,2.12000e-02,
-1.0244832e+00,-0.00000e+00,2.20000e-02,
-1.0241902e+00,-0.00000e+00,2.20000e-02,
-1.0238972e+00,-0.00000e+00,2.16000e-02,
-1.0236042e+00,2.00001e-01,2.16000e-02,
-1.0233111e+00,-0.00000e+00,2.16000e-02,
-1.0230181e+00,2.00001e-01,2.12000e-02,
-1.0227251e+00,-0.00000e+00,2.20000e-02,
-1.0224321e+00,-0.00000e+00,2.16000e-02,
-1.0221391e+00,2.00001e-01,2.08000e-02,
-1.0218461e+00,2.00001e-01,2.24000e-02,
-1.0215530e+00,-0.00000e+00,2.40000e-02,
-1.0212600e+00,2.00001e-01,2.04000e-02,
-1.0209670e+00,-0.00000e+00,2.24000e-02,
-1.0206740e+00,-0.00000e+00,2.28000e-02,
-1.0203810e+00,-0.00000e+00,2.00000e-02,
-1.0200880e+00,-0.00000e+00,2.24000e-02,
-1.0197949e+00,2.00001e-01,2.32000e-02,
-1.0195019e+00,-0.00000e+00,2.20000e-02,
-1.0192089e+00,-0.00000e+00,2.20000e-02,
-1.0189159e+00,-0.00000e+00,2.24000e-02,
-1.0186229e+00,2.00001e-01,2.20000e-02,
-1.0183299e+00,2.00001e-01,1.88000e-02,
-1.0180368e+00,-0.00000e+00,2.08000e-02,
-1.0177438e+00,-0.00000e+00,2.16000e-02,
-1.0174508e+00,2.00001e-01,2.24000e-02,
-1.0171578e+00,2.00001e-01,2.20000e-02,
-1.0168648e+00,-0.00000e+00,2.24000e-02,
-1.0165718e+00,-0.00000e+00,2.04000e-02,
-1.0162787e+00,-0.00000e+00,2.12000e-02,
-1.0159857e+00,-0.00000e+00,2.20000e-02,
-1.0156927e+00,-0.00000e+00,2.16000e-02,
-1.0153997e+00,-0.00000e+00,2.08000e-02,
-1.0151067e+00,2.00001e-01,2.16000e-02,
-1.0148137e+00,-0.00000e+00,2.08000e-02,
-1.0145206e+00,2.00001e-01,2.12000e-02,
-1.0142276e+00,-0.00000e+00,2.12000e-02,
-1.0139346e+00,-0.00000e+00,2.12000e-02,
-1.0136416e+00,-0.00000e+00,2.00000e-02,
-1.0133486e+00,2.00001e-01,2.36000e-02,
-1.0130556e+00,2.00001e-01,2.08000e-02,
-1.0127625e+00,-0.00000e+00,2.08000e-02,
-1.0124695e+00,-0.00000e+00,2.08000e-02,
-1.0121765e+00,-0.00000e+00,2.60000e-02,
-1.0118835e+00,2.00001e-01,2.24000e-02,
-1.0115905e+00,2.00001e-01,2.08000e-02,
-1.0112975e+00,2.00001e-01,2.16000e-02,
-1.0110044e+00,-0.00000e+00,2.16000e-02,
-1.0107114e+00,-0.00000e+00,2.24000e-02,
-1.0104184e+00,-0.00000e+00,2.08000e-02,
-1.0101254e+00,2.00001e-01,1.96000e-02,
-1.0098324e+00,-0.00000e+00,2.00000e-02,
-1.0095394e+00,-0.00000e+00,2.20000e-02,
-1.0092463e+00,-0.00000e+00,2.12000e-02,
-1.0089533e+00,2.00001e-01,2.20000e-02,
-1.0086603e+00,2.00001e-01,2.20000e-02,
-1.0083673e+00,2.00001e-01,2.20000e-02,
-1.0080743e+00,2.00001e-01,2.16000e-02,
-1.0077813e+00,-0.00000e+00,1.92000e-02,
-1.0074883e+00,2.00001e-01,2.20000e-02,
-1.0071952e+00,2.00001e-01,2.24000e-02,
-1.0069022e+00,-0.00000e+00,2.08000e-02,
-1.0066092e+00,-0.00000e+00,2.12000e-02,
-1.0063162e+00,-0.00000e+00,2.16000e-02,
-1.0060232e+00,2.00001e-01,2.28000e-02,
-1.0057302e+00,2.00001e-01,2.24000e-02,
-1.0054371e+00,2.00001e-01,2.20000e-02,
-1.0051441e+00,-0.00000e+00,2.24000e-02,
-1.0048511e+00,2.00001e-01,2.20000e-02,
-1.0045581e+00,2.00001e-01,2.24000e-02,
-1.0042651e+00,2.00001e-01,2.32000e-02,
-1.0039721e+00,-0.00000e+00,2.40000e-02,
-1.0036790e+00,-0.00000e+00,2.52000e-02,
-1.0033860e+00,2.00001e-01,1.88000e-02,
-1.0030930e+00,-0.00000e+00,2.08000e-02,
-1.0028000e+00,-0.00000e+00,2.28000e-02,
-1.0025070e+00,-0.00000e+00,2.24000e-02,
-1.0022140e+00,-0.00000e+00,2.24000e-02,
-1.0019209e+00,-0.00000e+00,2.24000e-02,
-1.0016279e+00,-0.00000e+00,2.32000e-02,
-1.0013349e+00,2.00001e-01,2.20000e-02,
-1.0010419e+00,2.00001e-01,2.08000e-02,
-1.0007489e+00,2.00001e-01,2.20000e-02,
-1.0004559e+00,2.00001e-01,2.32000e-02,
-1.0001628e+00,2.00001e-01,2.28000e-02,
-9.9986988e-01,-0.00000e+00,2.28000e-02,
-9.9957693e-01,-0.00000e+00,2.36000e-02,
-9.9928397e-01,-0.00000e+00,2.20000e-02,
-9.9899101e-01,-0.00000e+00,2.20000e-02,
-9.9869806e-01,-0.00000e+00,2.16000e-02,
-9.9840510e-01,-0.00000e+00,2.20000e-02,
-9.9811214e-01,-0.00000e+00,2.24000e-02,
-9.9781919e-01,2.00001e-01,2.08000e-02,
-9.9752623e-01,2.00001e-01,2.24000e-02,
-9.9723327e-01,2.00001e-01,2.16000e-02,
-9.9694031e-01,-0.00000e+00,2.32000e-02,
-9.9664736e-01,-0.00000e+00,2.24000e-02,
-9.9635440e-01,-0.00000e+00,2.24000e-02,
-9.9606144e-01,-0.00000e+00,2.24000e-02,
-9.9576849e-01,2.00001e-01,2.04000e-02,
-9.9547553e-01,2.00001e-01,2.20000e-02,
-9.9518257e-01,-0.00000e+00,2.16000e-02,
-9.9488962e-01,2.00001e-01,2.24000e-02,
-9.9459666e-01,-0.00000e+00,2.16000e-02,
-9.9430370e-01,-0.00000e+00,2.20000e-02,
-9.9401075e-01,2.00001e-01,2.28000e-02,
-9.9371779e-01,2.00001e-01,2.16000e-02,
-9.9342483e-01,2.00001e-01,1.76000e-02,
-9.9313188e-01,-0.00000e+00,2.16000e-02,
-9.9283892e-01,-0.00000e+00,2.24000e-02,
-9.9254596e-01,2.00001e-01,2.24000e-02,
-9.9225301e-01,-0.00000e+00,2.16000e-02,
-9.9196005e-01,2.00001e-01,2.08000e-02,
-9.9166709e-01,-0.00000e+00,2.32000e-02,
-9.9137414e-01,2.00001e-01,2.60000e-02,
-9.9108118e-01,-0.00000e+00,2.28000e-02,
-9.9078822e-01,2.00001e-01,2.24000e-02,
-9.9049526e-01,-0.00000e+00,2.08000e-02,
-9.9020231e-01,-0.00000e+00,2.08000e-02,
-9.8990935e-01,2.00001e-01,2.08000e-02,
-9.8961639e-01,-0.00000e+00,2.12000e-02,
-9.8932344e-01,-0.00000e+00,2.16000e-02,
-9.8903048e-01,-0.00000e+00,2.20000e-02,
-9.8873752e-01,-0.00000e+00,2.24000e-02,
-9.8844457e-01,-0.00000e+00,2.20000e-02,
-9.8815161e-01,2.00001e-01,2.24000e-02,
-9.8785865e-01,-0.00000e+00,2.16000e-02,
-9.8756570e-01,2.00001e-01,2.28000e-02,
-9.8727274e-01,2.00001e-01,2.36000e-02,
-9.8697978e-01,2.00001e-01,2.16000e-02,
-9.8668683e-01,-0.00000e+00,2.20000e-02,
-9.8639387e-01,-0.00000e+00,2.20000e-02,
-9.8610091e-01,2.00001e-01,2.24000e-02,
-9.8580796e-01,-0.00000e+00,2.20000e-02,
-9.8551500e-01,-0.00000e+00,2.48000e-02,
-9.8522204e-01,-0.00000e+00,2.16000e-02,
-9.8492908e-01,-0.00000e+00,2.24000e-02,
-9.8463613e-01,-0.00000e+00,2.24000e-02,
-9.8434317e-01,2.00001e-01,2.24000e-02,
-9.8405021e-01,2.00001e-01,2.04000e-02,
-9.8375726e-01,2.00001e-01,2.36000e-02,
-9.8346430e-01,-0.00000e+00,2.32000e-02,
-9.8317134e-01,2.00001e-01,2.24000e-02,
-9.8287839e-01,2.00001e-01,2.32000e-02,
-9.8258543e-01,2.00001e-01,2.36000e-02,
-9.8229247e-01,-0.00000e+00,2.48000e-02,
-9.8199952e-01,-0.00000e+00,2.32000e-02,
-9.8170656e-01,2.00001e-01,2.28000e-02,
-9.8141360e-01,2.00001e-01,2.16000e-02,
-9.8112065e-01,2.00001e-01,2.20000e-02,
-9.8082769e-01,-0.00000e+00,2.24000e-02,
-9.8053473e-01,2.00001e-01,2.24000e-02,
-9.8024178e-01,-0.00000e+00,2.32000e-02,
-9.7994882e-01,-0.00000e+00,2.40000e-02,
-9.7965586e-01,-0.00000e+00,2.32000e-02,
-9.7936291e-01,-0.00000e+00,2.32000e-02,
-9.7906995e-01,-0.00000e+00,2.44000e-02,
-9.7877699e-01,2.00001e-01,2.24000e-02,
-9.7848403e-01,-0.00000e+00,2.24000e-02,
-9.7819108e-01,2.00001e-01,2.16000e-02,
-9.7789812e-01,2.00001e-01,2.32000e-02,
-9.7760516e-01,2.00001e-01,3.16000e-02,
-9.7731221e-01,-0.00000e+00,2.24000e-02,
-9.7701925e-01,2.00001e-01,2.24000e-02,
-9.7672629e-01,-0.00000e+00,2.24000e-02,
-9.7643334e-01,2.00001e-01,2.16000e-02,
-9.7614038e-01,-0.00000e+00,2.32000e-02,
-9.7584742e-01,2.00001e-01,2.48000e-02,
-9.7555447e-01,2.00001e-01,2.24000e-02,
-9.7526151e-01,2.00001e-01,2.16000e-02,
-9.7496855e-01,2.00001e-01,2.36000e-02,
-9.7467560e-01,-0.00000e+00,2.12000e-02,
-9.7438264e-01,2.00001e-01,2.28000e-02,
-9.7408968e-01,2.00001e-01,2.32000e-02,
-9.7379673e-01,2.00001e-01,2.24000e-02,
-9.7350377e-01,-0.00000e+00,2.24000e-02,
-9.7321081e-01,2.00001e-01,2.32000e-02,
-9.7291785e-01,-0.00000e+00,2.16000e-02,
-9.7262490e-01,-0.00000e+00,2.52000e-02,
-9.7233194e-01,-0.00000e+00,2.20000e-02,
-9.7203898e-01,-0.00000e+00,2.32000e-02,
-9.7174603e-01,-0.00000e+00,2.16000e-02,
-9.7145307e-01,2.00001e-01,2.24000e-02,
-9.7116011e-01,-0.00000e+00,2.12000e-02,
-9.7086716e-01,-0.00000e+00,2.32000e-02,
-9.7057420e-01,-0.00000e+00,2.08000e-02,
-9.7028124e-01,-0.00000e+00,2.24000e-02,
-9.6998829e-01,-0.00000e+00,2.28000e-02,
-9.6969533e-01,-0.00000e+00,2.24000e-02,
-9.6940237e-01,2.00001e-01,2.12000e-02,
-9.6910942e-01,2.00001e-01,2.32000e-02,
-9.6881646e-01,-0.00000e+00,2.16000e-02,
-9.6852350e-01,-0.00000e+00,2.56000e-02,
-9.6823055e-01,-0.00000e+00,2.24000e-02,
-9.6793759e-01,-0.00000e+00,2.24000e-02,
-9.6764463e-01,-0.00000e+00,2.16000e-02,
-9.6735168e-01,2.00001e-01,2.28000e-02,
-9.6705872e-01,2.00001e-01,2.24000e-02,
-9.6676576e-01,-0.00000e+00,2.20000e-02,
-9.6647280e-01,-0.00000e+00,2.20000e-02,
-9.6617985e-01,-0.00000e+00,2.16000e-02,
-9.6588689e-01,-0.00000e+00,2.24000e-02,
-9.6559393e-01,2.00001e-01,2.28000e-02,
-9.6530098e-01,-0.00000e+00,2.44000e-02,
-9.6500802e-01,-0.00000e+00,2.20000e-02,
-9.6471506e-01,2.00001e-01,2.20000e-02,
-9.6442211e-01,-0.00000e+00,2.24000e-02,
-9.6412915e-01,2.00001e-01,2.32000e-02,
-9.6383619e-01,-0.00000e+00,2.28000e-02,
-9.6354324e-01,2.00001e-01,2.36000e-02,
-9.6325028e-01,2.00001e-01,2.32000e-02,
-9.6295732e-01,-0.00000e+00,2.24000e-02,
-9.6266437e-01,-0.00000e+00,2.48000e-02,
-9.6237141e-01,-0.00000e+00,2.16000e-02,
-9.6207845e-01,2.00001e-01,1.88000e-02,
-9.6178550e-01,2.00001e-01,2.24000e-02,
-9.6149254e-01,2.00001e-01,2.24000e-02,
-9.6119958e-01,2.00001e-01,2.32000e-02,
-9.6090662e-01,2.00001e-01,2.16000e-02,
-9.6061367e-01,-0.00000e+00,2.32000e-02,
-9.6032071e-01,-0.00000e+00,2.40000e-02,
-9.6002775e-01,-0.00000e+00,2.28000e-02,
-9.5973480e-01,2.00001e-01,2.24000e-02,
-9.5944184e-01,-0.00000e+00,2.36000e-02,
-9.5914888e-01,2.00001e-01,2.20000e-02,
-9.5885593e-01,2.00001e-01,2.24000e-02,
-9.5856297e-01,-0.00000e+00,2.40000e-02,
-9.5827001e-01,-0.00000e+00,2.24000e-02,
-9.5797706e-01,2.00001e-01,2.24000e-02,
-9.5768410e-01,-0.00000e+00,2.24000e-02,
-9.5739114e-01,2.00001e-01,2.24000e-02,
-9.5709819e-01,-0.00000e+00,2.52000e-02,
-9.5680523e-01,-0.00000e+00,2.40000e-02,
-9.5651227e-01,2.00001e-01,2.20000e-02,
-9.5621932e-01,2.00001e-01,2.24000e-02,
-9.5592636e-01,2.00001e-01,2.40000e-02,
-9.5563340e-01,2.00001e-01,2.32000e-02,
-9.5534045e-01,-0.00000e+00,2.36000e-02,
-9.5504749e-01,2.00001e-01,2.40000e-02,
-9.5475453e-01,2.00001e-01,2.40000e-02,
-9.5446157e-01,-0.00000e+00,2.32000e-02,
-9.5416862e-01,-0.00000e+00,2.32000e-02,
-9.5387566e-01,2.00001e-01,2.36000e-02,
-9.5358270e-01,-0.00000e+00,2.24000e-02,
-9.5328975e-01,2.00001e-01,2.08000e-02,
-9.5299679e-01,-0.00000e+00,2.16000e-02,
-9.5270383e-01,2.00001e-01,2.36000e-02,
-9.5241088e-01,-0.00000e+00,2.24000e-02,
-9.5211792e-01,2.00001e-01,2.28000e-02,
-9.5182496e-01,2.00001e-01,2.36000e-02,
-9.5153201e-01,2.00001e-01,2.40000e-02,
-9.5123905e-01,2.00001e-01,2.24000e-02,
-9.5094609e-01,-0.00000e+00,2.40000e-02,
-9.5065314e-01,-0.00000e+00,2.08000e-02,
-9.5036018e-01,2.00001e-01,2.24000e-02,
-9.5006722e-01,-0.00000e+00,2.24000e-02,
-9.4977427e-01,-0.00000e+00,2.36000e-02,
-9.4948131e-01,-0.00000e+00,2.20000e-02,
-9.4918835e-01,-0.00000e+00,2.20000e-02,
-9.4889539e-01,2.00001e-01,2.32000e-02,
-9.4860244e-01,2.00001e-01,2.24000e-02,
-9.4830948e-01,-0.00000e+00,2.32000e-02,
-9.4801652e-01,-0.00000e+00,2.36000e-02,
-9.4772357e-01,2.00001e-01,2.24000e-02,
-9.4743061e-01,2.00001e-01,1.84000e-02,
-9.4713765e-01,2.00001e-01,2.32000e-02,
-9.4684470e-01,-0.00000e+00,2.28000e-02,
-9.4655174e-01,-0.00000e+00,2.24000e-02,
-9.4625878e-01,-0.00000e+00,2.20000e-02,
-9.4596583e-01,2.00001e-01,2.16000e-02,
-9.4567287e-01,-0.00000e+00,2.20000e-02,
-9.4537991e-01,2.00001e-01,2.32000e-02,
-9.4508696e-01,2.00001e-01,2.32000e-02,
-9.4479400e-01,2.00001e-01,2.16000e-02,
-9.4450104e-01,-0.00000e+00,2.36000e-02,
-9.4420809e-01,2.00001e-01,2.44000e-02,
-9.4391513e-01,2.00001e-01,2.16000e-02,
-9.4362217e-01,-0.00000e+00,2.40000e-02,
-9.4332922e-01,-0.00000e+00,2.96000e-02,
-9.4303626e-01,-0.00000e+00,2.32000e-02,
-9.4274330e-01,-0.00000e+00,2.32000e-02,
-9.4245034e-01,2.00001e-01,2.40000e-02,
-9.4215739e-01,-0.00000e+00,2.32000e-02,
-9.4186443e-01,2.00001e-01,2.28000e-02,
-9.4157147e-01,2.00001e-01,2.48000e-02,
-9.4127852e-01,-0.00000e+00,2.32000e-02,
-9.4098556e-01,2.00001e-01,2.24000e-02,
-9.4069260e-01,2.00001e-01,2.48000e-02,
-9.4039965e-01,-0.00000e+00,2.36000e-02,
-9.4010669e-01,2.00001e-01,2.24000e-02,
-9.3981373e-01,-0.00000e+00,2.24000e-02,
-9.3952078e-01,-0.00000e+00,2.32000e-02,
-9.3922782e-01,2.00001e-01,2.40000e-02,
-9.3893486e-01,2.00001e-01,2.36000e-02,
-9.3864191e-01,2.00001e-01,2.32000e-02,
-9.3834895e-01,-0.00000e+00,2.48000e-02,
-9.3805599e-01,-0.00000e+00,2.28000e-02,
-9.3776304e-01,2.00001e-01,2.36000e-02,
-9.3747008e-01,2.00001e-01,2.36000e-02,
-9.3717712e-01,-0.00000e+00,2.24000e-02,
-9.3688416e-01,-0.00000e+00,2.36000e-02,
-9.3659121e-01,2.00001e-01,2.08000e-02,
-9.3629825e-01,-0.00000e+00,2.28000e-02,
-9.3600529e-01,2.00001e-01,2.24000e-02,
-9.3571234e-01,2.00001e-01,2.40000e-02,
-9.3541938e-01,2.00001e-01,2.48000e-02,
-9.3512642e-01,-0.00000e+00,2.24000e-02,
-9.3483347e-01,-0.00000e+00,2.40000e-02,
-9.3454051e-01,2.00001e-01,2.32000e-02,
-9.3424755e-01,-0.00000e+00,2.36000e-02,
-9.3395460e-01,-0.00000e+00,2.24000e-02,
-9.3366164e-01,2.00001e-01,2.32000e-02,
-9.3336868e-01,-0.00000e+00,2.40000e-02,
-9.3307573e-01,-0.00000e+00,2.24000e-02,
-9.3278277e-01,-0.00000e+00,2.36000e-02,
-9.3248981e-01,2.00001e-01,2.40000e-02,
-9.3219686e-01,2.00001e-01,2.32000e-02,
-9.3190390e-01,2.00001e-01,2.76000e-02,
-9.3161094e-01,-0.00000e+00,2.40000e-02,
-9.3131799e-01,-0.00000e+00,2.48000e-02,
-9.3102503e-01,2.00001e-01,2.40000e-02,
-9.3073207e-01,2.00001e-01,2.40000e-02,
-9.3043911e-01,-0.00000e+00,2.36000e-02,
-9.3014616e-01,-0.00000e+00,2.32000e-02,
-9.2985320e-01,-0.00000e+00,2.40000e-02,
-9.2956024e-01,2.00001e-01,2.40000e-02,
-9.2926729e-01,2.00001e-01,2.48000e-02,
-9.2897433e-01,-0.00000e+00,2.20000e-02,
-9.2868137e-01,2.00001e-01,2.48000e-02,
-9.2838842e-01,-0.00000e+00,2.24000e-02,
-9.2809546e-01,-0.00000e+00,2.28000e-02,
-9.2780250e-01,2.00001e-01,2.00000e-02,
-9.2750955e-01,-0.00000e+00,2.40000e-02,
-9.2721659e-01,-0.00000e+00,2.28000e-02,
-9.2692363e-01,-0.00000e+00,2.40000e-02,
-9.2663068e-01,2.00001e-01,2.40000e-02,
-9.2633772e-01,-0.00000e+00,2.52000e-02,
-9.2604476e-01,2.00001e-01,2.20000e-02,
-9.2575181e-01,2.00001e-01,2.20000e-02,
-9.2545885e-01,-0.00000e+00,2.20000e-02,
-9.2516589e-01,-0.00000e+00,2.16000e-02,
-9.2487293e-01,-0.00000e+00,2.24000e-02,
-9.2457998e-01,2.00001e-01,2.24000e-02,
-9.2428702e-01,2.00001e-01,2.16000e-02,
-9.2399406e-01,2.00001e-01,2.32000e-02,
-9.2370111e-01,-0.00000e+00,2.36000e-02,
-9.2340815e-01,2.00001e-01,2.20000e-02,
-9.2311519e-01,-0.00000e+00,2.20000e-02,
-9.2282224e-01,2.00001e-01,2.40000e-02,
-9.2252928e-01,2.00001e-01,2.28000e-02,
-9.2223632e-01,2.00001e-01,2.36000e-02,
-9.2194337e-01,2.00001e-01,2.32000e-02,
-9.2165041e-01,-0.00000e+00,2.32000e-02,
-9.2135745e-01,2.00001e-01,2.32000e-02,
-9.2106450e-01,2.00001e-01,2.32000e-02,
-9.2077154e-01,-0.00000e+00,2.24000e-02,
-9.2047858e-01,-0.00000e+00,2.24000e-02,
-9.2018563e-01,2.00001e-01,2.40000e-02,
-9.1989267e-01,2.00001e-01,2.40000e-02,
-9.1959971e-01,-0.00000e+00,2.36000e-02,
-9.1930676e-01,2.00001e-01,2.32000e-02,
-9.1901380e-01,2.00001e-01,2.32000e-02,
-9.1872084e-01,-0.00000e+00,2.52000e-02,
-9.1842788e-01,-0.00000e+00,2.32000e-02,
-9.1813493e-01,2.00001e-01,2.68000e-02,
-9.1784197e-01,-0.00000e+00,2.40000e-02,
-9.1754901e-01,-0.00000e+00,2.32000e-02,
-9.1725606e-01,2.00001e-01,2.40000e-02,
-9.1696310e-01,-0.00000e+00,2.32000e-02,
-9.1667014e-01,2.00001e-01,2.36000e-02,
-9.1637719e-01,-0.00000e+00,2.48000e-02,
-9.1608423e-01,2.00001e-01,2.48000e-02,
-9.1579127e-01,-0.00000e+00,2.40000e-02,
-9.1549832e-01,-0.00000e+00,2.40000e-02,
-9.1520536e-01,-0.00000e+00,2.32000e-02,
-9.1491240e-01,2.00001e-01,2.68000e-02,
-9.1461945e-01,2.00001e-01,2.40000e-02,
-9.1432649e-01,2.00001e-01,2.44000e-02,
-9.1403353e-01,2.00001e-01,2.40000e-02,
-9.1374058e-01,2.00001e-01,2.36000e-02,
-9.1344762e-01,-0.00000e+00,2.40000e-02,
-9.1315466e-01,-0.00000e+00,2.40000e-02,
-9.1286170e-01,-0.00000e+00,2.40000e-02,
-9.1256875e-01,2.00001e-01,1.92000e-02,
-9.1227579e-01,-0.00000e+00,2.36000e-02,
-9.1198283e-01,-0.00000e+00,2.40000e-02,
-9.1168988e-01,-0.00000e+00,2.32000e-02,
-9.1139692e-01,-0.00000e+00,2.20000e-02,
-9.1110396e-01,-0.00000e+00,2.40000e-02,
-9.1081101e-01,-0.00000e+00,2.28000e-02,
-9.1051805e-01,-0.00000e+00,2.40000e-02,
-9.1022509e-01,2.00001e-01,2.36000e-02,
-9.0993214e-01,-0.00000e+00,2.40000e-02,
-9.0963918e-01,-0.00000e+00,2.36000e-02,
-9.0934622e-01,-0.00000e+00,2.48000e-02,
-9.0905327e-01,-0.00000e+00,2.32000e-02,
-9.0876031e-01,2.00001e-01,2.40000e-02,
-9.0846735e-01,2.00001e-01,2.56000e-02,
-9.0817440e-01,-0.00000e+00,2.24000e-02,
-9.0788144e-01,-0.00000e+00,2.40000e-02,
-9.0758848e-01,-0.00000e+00,2.28000e-02,
-9.0729553e-01,-0.00000e+00,2.40000e-02,
-9.0700257e-01,2.00001e-01,2.36000e-02,
-9.0670961e-01,-0.00000e+00,2.40000e-02,
-9.0641665e-01,2.00001e-01,2.52000e-02,
-9.0612370e-01,-0.00000e+00,2.48000e-02,
-9.0583074e-01,2.00001e-01,2.40000e-02,
-9.0553778e-01,-0.00000e+00,2.40000e-02,
-9.0524483e-01,-0.00000e+00,2.40000e-02,
-9.0495187e-01,-0.00000e+00,2.32000e-02,
-9.0465891e-01,-0.00000e+00,2.24000e-02,
-9.0436596e-01,2.00001e-01,2.36000e-02,
-9.0407300e-01,-0.00000e+00,2.32000e-02,
-9.0378004e-01,2.00001e-01,2.36000e-02,
-9.0348709e-01,2.00001e-01,2.20000e-02,
-9.0319413e-01,-0.00000e+00,2.24000e-02,
-9.0290117e-01,2.00001e-01,2.60000e-02,
-9.0260822e-01,-0.00000e+00,2.40000e-02,
-9.0231526e-01,-0.00000e+00,2.48000e-02,
-9.0202230e-01,2.00001e-01,2.40000e-02,
-9.0172935e-01,2.00001e-01,2.00000e-02,
-9.0143639e-01,2.00001e-01,2.40000e-02,
-9.0114343e-01,2.00001e-01,2.36000e-02,
-9.0085047e-01,2.00001e-01,2.40000e-02,
-9.0055752e-01,-0.00000e+00,2.24000e-02,
-9.0026456e-01,-0.00000e+00,2.24000e-02,
-8.9997160e-01,-0.00000e+00,2.40000e-02,
-8.9967865e-01,-0.00000e+00,2.40000e-02,
-8.9938569e-01,-0.00000e+00,2.48000e-02,
-8.9909273e-01,-0.00000e+00,2.32000e-02,
-8.9879978e-01,2.00001e-01,2.36000e-02,
-8.9850682e-01,-0.00000e+00,2.48000e-02,
-8.9821386e-01,2.00001e-01,2.44000e-02,
-8.9792091e-01,2.00001e-01,2.40000e-02,
-8.9762795e-01,-0.00000e+00,2.44000e-02,
-8.9733499e-01,2.00001e-01,2.40000e-02,
-8.9704204e-01,2.00001e-01,2.20000e-02,
-8.9674908e-01,-0.00000e+00,2.44000e-02,
-8.9645612e-01,-0.00000e+00,2.40000e-02,
-8.9616317e-01,-0.00000e+00,2.40000e-02,
-8.9587021e-01,-0.00000e+00,2.48000e-02,
-8.9557725e-01,-0.00000e+00,2.40000e-02,
-8.9528430e-01,2.00001e-01,2.36000e-02,
-8.9499134e-01,-0.00000e+00,2.48000e-02,
-8.9469838e-01,2.00001e-01,2.36000e-02,
-8.9440542e-01,2.00001e-01,2.48000e-02,
-8.9411247e-01,2.00001e-01,2.40000e-02,
-8.9381951e-01,2.00001e-01,2.56000e-02,
-8.9352655e-01,2.00001e-01,2.44000e-02,
-8.9323360e-01,-0.00000e+00,2.36000e-02,
-8.9294064e-01,-0.00000e+00,2.52000e-02,
-8.9264768e-01,-0.00000e+00,2.72000e-02,
-8.9235473e-01,-0.00000e+00,2.40000e-02,
-8.9206177e-01,-0.00000e+00,2.48000e-02,
-8.9176881e-01,-0.00000e+00,2.44000e-02,
-8.9147586e-01,-0.00000e+00,2.44000e-02,
-8.9118290e-01,-0.00000e+00,2.44000e-02,
-8.9088994e-01,2.00001e-01,2.48000e-02,
-8.9059699e-01,2.00001e-01,2.40000e-02,
-8.9030403e-01,2.00001e-01,2.40000e-02,
-8.9001107e-01,2.00001e-01,2.48000e-02,
-8.8971812e-01,-0.00000e+00,2.40000e-02,
-8.8942516e-01,2.00001e-01,2.44000e-02,
-8.8913220e-01,2.00001e-01,2.52000e-02,
-8.8883924e-01,-0.00000e+00,2.48000e-02,
-8.8854629e-01,2.00001e-01,2.32000e-02,
-8.8825333e-01,-0.00000e+00,2.32000e-02,
-8.8796037e-01,-0.00000e+00,2.48000e-02,
-8.8766742e-01,2.00001e-01,2.40000e-02,
-8.8737446e-01,2.00001e-01,2.32000e-02,
-8.8708150e-01,-0.00000e+00,2.24000e-02,
-8.8678855e-01,2.00001e-01,2.40000e-02,
-8.8649559e-01,-0.00000e+00,2.32000e-02,
-8.8620263e-01,2.00001e-01,2.40000e-02,
-8.8590968e-01,-0.00000e+00,2.04000e-02,
-8.8561672e-01,2.00001e-01,2.36000e-02,
-8.8532376e-01,-0.00000e+00,2.36000e-02,
-8.8503081e-01,-0.00000e+00,2.64000e-02,
-8.8473785e-01,-0.00000e+00,2.28000e-02,
-8.8444489e-01,-0.00000e+00,2.40000e-02,
-8.8415194e-01,-0.00000e+00,2.36000e-02,
-8.8385898e-01,2.00001e-01,2.32000e-02,
-8.8356602e-01,2.00001e-01,2.36000e-02,
-8.8327307e-01,-0.00000e+00,2.08000e-02,
-8.8298011e-01,-0.00000e+00,2.08000e-02,
-8.8268715e-01,2.00001e-01,2.36000e-02,
-8.8239419e-01,-0.00000e+00,2.40000e-02,
-8.8210124e-01,2.00001e-01,2.36000e-02,
-8.8180828e-01,-0.00000e+00,2.48000e-02,
-8.8151532e-01,2.00001e-01,2.40000e-02,
-8.8122237e-01,-0.00000e+00,2.44000e-02,
-8.8092941e-01,2.00001e-01,2.32000e-02,
-8.8063645e-01,-0.00000e+00,2.40000e-02,
-8.8034350e-01,2.00001e-01,2.40000e-02,
-8.8005054e-01,-0.00000e+00,2.60000e-02,
-8.7975758e-01,2.00001e-01,2.36000e-02,
-8.7946463e-01,-0.00000e+00,2.40000e-02,
-8.7917167e-01,-0.00000e+00,2.40000e-02,
-8.7887871e-01,2.00001e-01,2.48000e-02,
-8.7858576e-01,-0.00000e+00,2.24000e-02,
-8.7829280e-01,-0.00000e+00,2.48000e-02,
-8.7799984e-01,-0.00000e+00,2.44000e-02,
-8.7770689e-01,-0.00000e+00,2.52000e-02,
-8.7741393e-01,-0.00000e+00,2.52000e-02,
-8.7712097e-01,2.00001e-01,2.48000e-02,
-8.7682801e-01,-0.00000e+00,2.40000e-02,
-8.7653506e-01,2.00001e-01,2.48000e-02,
-8.7624210e-01,2.00001e-01,2.40000e-02,
-8.7594914e-01,-0.00000e+00,2.48000e-02,
-8.7565619e-01,2.00001e-01,2.44000e-02,
-8.7536323e-01,-0.00000e+00,2.24000e-02,
-8.7507027e-01,2.00001e-01,2.48000e-02,
-8.7477732e-01,2.00001e-01,2.48000e-02,
-8.7448436e-01,-0.00000e+00,2.48000e-02,
-8.7419140e-01,-0.00000e+00,2.48000e-02,
-8.7389845e-01,2.00001e-01,2.48000e-02,
-8.7360549e-01,2.00001e-01,2.40000e-02,
-8.7331253e-01,-0.00000e+00,2.44000e-02,
-8.7301958e-01,-0.00000e+00,2.40000e-02,
-8.7272662e-01,2.00001e-01,2.48000e-02,
-8.7243366e-01,2.00001e-01,2.48000e-02,
-8.7214071e-01,-0.00000e+00,2.40000e-02,
-8.7184775e-01,2.00001e-01,2.52000e-02,
-8.7155479e-01,-0.00000e+00,2.44000e-02,
-8.7126184e-01,2.00001e-01,2.48000e-02,
-8.7096888e-01,2.00001e-01,2.40000e-02,
-8.7067592e-01,2.00001e-01,2.36000e-02,
-8.7038296e-01,2.00001e-01,2.52000e-02,
-8.7009001e-01,-0.00000e+00,2.44000e-02,
-8.6979705e-01,-0.00000e+00,2.48000e-02,
-8.6950409e-01,-0.00000e+00,2.52000e-02,
-8.6921114e-01,2.00001e-01,2.44000e-02,
-8.6891818e-01,-0.00000e+00,2.40000e-02,
-8.6862522e-01,2.00001e-01,2.48000e-02,
-8.6833227e-01,2.00001e-01,2.52000e-02,
-8.6803931e-01,-0.00000e+00,2.60000e-02,
-8.6774635e-01,-0.00000e+00,2.44000e-02,
-8.6745340e-01,2.00001e-01,2.48000e-02,
-8.6716044e-01,-0.00000e+00,2.32000e-02,
-8.6686748e-01,-0.00000e+00,2.40000e-02,
-8.6657453e-01,2.00001e-01,2.44000e-02,
-8.6628157e-01,-0.00000e+00,2.44000e-02,
-8.6598861e-01,2.00001e-01,2.40000e-02,
-8.6569566e-01,2.00001e-01,2.52000e-02,
-8.6540270e-01,-0.00000e+00,2.32000e-02,
-8.6510974e-01,2.00001e-01,2.36000e-02,
-8.6481678e-01,-0.00000e+00,2.60000e-02,
-8.6452383e-01,-0.00000e+00,2.40000e-02,
-8.6423087e-01,2.00001e-01,2.40000e-02,
-8.6393791e-01,2.00001e-01,2.40000e-02,
-8.6364496e-01,2.00001e-01,2.60000e-02,
-8.6335200e-01,-0.00000e+00,3.24000e-02,
-8.6305904e-01,2.00001e-01,2.36000e-02,
-8.6276609e-01,-0.00000e+00,2.40000e-02,
-8.6247313e-01,2.00001e-01,2.48000e-02,
-8.6218017e-01,2.00001e-01,2.24000e-02,
-8.6188722e-01,-0.00000e+00,2.48000e-02,
-8.6159426e-01,-0.00000e+00,2.24000e-02,
-8.6130130e-01,-0.00000e+00,2.48000e-02,
-8.6100835e-01,2.00001e-01,2.48000e-02,
-8.6071539e-01,-0.00000e+00,2.48000e-02,
-8.6042243e-01,2.00001e-01,2.52000e-02,
-8.6012948e-01,-0.00000e+00,2.40000e-02,
-8.5983652e-01,-0.00000e+00,2.44000e-02,
-8.5954356e-01,2.00001e-01,2.36000e-02,
-8.5925061e-01,-0.00000e+00,2.40000e-02,
-8.5895765e-01,-0.00000e+00,2.36000e-02,
-8.5866469e-01,-0.00000e+00,2.48000e-02,
-8.5837173e-01,-0.00000e+00,2.36000e-02,
-8.5807878e-01,2.00001e-01,2.48000e-02,
-8.5778582e-01,2.00001e-01,2.60000e-02,
-8.5749286e-01,2.00001e-01,2.40000e-02,
-8.5719991e-01,-0.00000e+00,2.48000e-02,
-8.5690695e-01,2.00001e-01,2.52000e-02,
-8.5661399e-01,-0.00000e+00,2.52000e-02,
-8.5632104e-01,2.00001e-01,2.40000e-02,
-8.5602808e-01,2.00001e-01,2.48000e-02,
-8.5573512e-01,2.00001e-01,2.60000e-02,
-8.5544217e-01,-0.00000e+00,2.44000e-02,
-8.5514921e-01,-0.00000e+00,2.36000e-02,
-8.5485625e-01,-0.00000e+00,2.48000e-02,
-8.5456330e-01,2.00001e-01,2.48000e-02,
-8.5427034e-01,2.00001e-01,2.52000e-02,
-8.5397738e-01,-0.00000e+00,2.52000e-02,
-8.5368443e-01,-0.00000e+00,2.52000e-02,
-8.5339147e-01,-0.00000e+00,2.52000e-02,
-8.5309851e-01,2.00001e-01,2.48000e-02,
-8.5280555e-01,-0.00000e+00,2.48000e-02,
-8.5251260e-01,-0.00000e+00,2.48000e-02,
-8.5221964e-01,-0.00000e+00,2.40000e-02,
-8.5192668e-01,-0.00000e+00,2.52000e-02,
-8.5163373e-01,2.00001e-01,2.28000e-02,
-8.5134077e-01,-0.00000e+00,2.44000e-02,
-8.5104781e-01,-0.00000e+00,2.48000e-02,
-8.5075486e-01,-0.00000e+00,2.48000e-02,
-8.5046190e-01,-0.00000e+00,2.60000e-02,
-8.5016894e-01,2.00001e-01,2.40000e-02,
-8.4987599e-01,-0.00000e+00,2.48000e-02,
-8.4958303e-01,-0.00000e+00,2.40000e-02,
-8.4929007e-01,-0.00000e+00,2.68000e-02,
-8.4899712e-01,2.00001e-01,2.36000e-02,
-8.4870416e-01,-0.00000e+00,2.36000e-02,
-8.4841120e-01,2.00001e-01,2.32000e-02,
-8.4811825e-01,-0.00000e+00,2.48000e-02,
-8.4782529e-01,2.00001e-01,2.32000e-02,
-8.4753233e-01,2.00001e-01,2.40000e-02,
-8.4723938e-01,-0.00000e+00,2.68000e-02,
-8.4694642e-01,2.00001e-01,2.40000e-02,
-8.4665346e-01,2.00001e-01,2.40000e-02,
-8.4636050e-01,2.00001e-01,2.48000e-02,
-8.4606755e-01,2.00001e-01,2.40000e-02,
-8.4577459e-01,-0.00000e+00,2.40000e-02,
-8.4548163e-01,-0.00000e+00,2.40000e-02,
-8.4518868e-01,-0.00000e+00,2.56000e-02,
-8.4489572e-01,-0.00000e+00,2.44000e-02,
-8.4460276e-01,2.00001e-01,2.48000e-02,
-8.4430981e-01,2.00001e-01,2.40000e-02,
-8.4401685e-01,-0.00000e+00,2.40000e-02,
-8.4372389e-01,-0.00000e+00,2.48000e-02,
-8.4343094e-01,-0.00000e+00,2.40000e-02,
-8.4313798e-01,-0.00000e+00,2.40000e-02,
-8.4284502e-01,-0.00000e+00,2.56000e-02,
-8.4255207e-01,-0.00000e+00,2.48000e-02,
-8.4225911e-01,-0.00000e+00,2.48000e-02,
-8.4196615e-01,-0.00000e+00,2.44000e-02,
-8.4167320e-01,-0.00000e+00,2.48000e-02,
-8.4138024e-01,2.00001e-01,2.40000e-02,
-8.4108728e-01,-0.00000e+00,2.52000e-02,
-8.4079432e-01,-0.00000e+00,2.52000e-02,
-8.4050137e-01,2.00001e-01,2.52000e-02,
-8.4020841e-01,2.00001e-01,2.52000e-02,
-8.3991545e-01,-0.00000e+00,2.48000e-02,
-8.3962250e-01,-0.00000e+00,2.52000e-02,
-8.3932954e-01,-0.00000e+00,2.52000e-02,
-8.3903658e-01,-0.00000e+00,2.40000e-02,
-8.3874363e-01,2.00001e-01,2.44000e-02,
-8.3845067e-01,-0.00000e+00,2.48000e-02,
-8.3815771e-01,-0.00000e+00,2.48000e-02,
-8.3786476e-01,-0.00000e+00,2.52000e-02,
-8.3757180e-01,-0.00000e+00,2.84000e-02,
-8.3727884e-01,-0.00000e+00,2.52000e-02,
-8.3698589e-01,2.00001e-01,3.16000e-02,
-8.3669293e-01,-0.00000e+00,2.52000e-02,
-8.3639997e-01,2.00001e-01,2.60000e-02,
-8.3610702e-01,-0.00000e+00,2.52000e-02,
-8.3581406e-01,-0.00000e+00,2.52000e-02,
-8.3552110e-01,-0.00000e+00,2.52000e-02,
-8.3522815e-01,-0.00000e+00,2.48000e-02,
-8.3493519e-01,-0.00000e+00,2.52000e-02,
-8.3464223e-01,2.00001e-01,2.56000e-02,
-8.3434927e-01,-0.00000e+00,2.48000e-02,
-8.3405632e-01,-0.00000e+00,2.52000e-02,
-8.3376336e-01,-0.00000e+00,2.52000e-02,
-8.3347040e-01,-0.00000e+00,2.48000e-02,
-8.3317745e-01,2.00001e-01,2.52000e-02,
-8.3288449e-01,-0.00000e+00,2.48000e-02,
-8.3259153e-01,-0.00000e+00,2.44000e-02,
-8.3229858e-01,-0.00000e+00,2.48000e-02,
-8.3200562e-01,-0.00000e+00,2.48000e-02,
-8.3171266e-01,-0.00000e+00,2.48000e-02,
-8.3141971e-01,-0.00000e+00,2.48000e-02,
-8.3112675e-01,2.00001e-01,2.52000e-02,
-8.3083379e-01,-0.00000e+00,2.76000e-02,
-8.3054084e-01,-0.00000e+00,2.52000e-02,
-8.3024788e-01,2.00001e-01,2.44000e-02,
-8.2995492e-01,-0.00000e+00,2.36000e-02,
-8.2966197e-01,-0.00000e+00,2.44000e-02,
-8.2936901e-01,2.00001e-01,2.40000e-02,
-8.2907605e-01,-0.00000e+00,2.52000e-02,
-8.2878309e-01,2.00001e-01,2.40000e-02,
-8.2849014e-01,2.00001e-01,2.28000e-02,
-8.2819718e-01,2.00001e-01,2.48000e-02,
-8.2790422e-01,2.00001e-01,2.52000e-02,
-8.2761127e-01,2.00001e-01,2.52000e-02,
-8.2731831e-01,2.00001e-01,2.36000e-02,
-8.2702535e-01,-0.00000e+00,2.48000e-02,
-8.2673240e-01,-0.00000e+00,2.48000e-02,
-8.2643944e-01,-0.00000e+00,2.48000e-02,
-8.2614648e-01,2.00001e-01,2.36000e-02,
-8.2585353e-01,-0.00000e+00,2.52000e-02,
-8.2556057e-01,-0.00000e+00,2.40000e-02,
-8.2526761e-01,-0.00000e+00,2.36000e-02,
-8.2497466e-01,-0.00000e+00,2.56000e-02,
-8.2468170e-01,-0.00000e+00,2.48000e-02,
-8.2438874e-01,2.00001e-01,2.48000e-02,
-8.2409579e-01,-0.00000e+00,2.48000e-02,
-8.2380283e-01,2.00001e-01,2.52000e-02,
-8.2350987e-01,-0.00000e+00,2.40000e-02,
-8.2321692e-01,-0.00000e+00,2.60000e-02,
-8.2292396e-01,2.00001e-01,2.20000e-02,
-8.2263100e-01,-0.00000e+00,2.48000e-02,
-8.2233804e-01,-0.00000e+00,2.36000e-02,
-8.2204509e-01,-0.00000e+00,2.84000e-02,
-8.2175213e-01,2.00001e-01,2.56000e-02,
-8.2145917e-01,-0.00000e+00,2.52000e-02,
-8.2116622e-01,-0.00000e+00,2.56000e-02,
-8.2087326e-01,-0.00000e+00,2.48000e-02,
-8.2058030e-01,-0.00000e+00,2.52000e-02,
-8.2028735e-01,-0.00000e+00,2.48000e-02,
-8.1999439e-01,-0.00000e+00,2.52000e-02,
-8.1970143e-01,-0.00000e+00,2.60000e-02,
-8.1940848e-01,2.00001e-01,2.44000e-02,
-8.1911552e-01,-0.00000e+00,2.52000e-02,
-8.1882256e-01,-0.00000e+00,2.48000e-02,
-8.1852961e-01,-0.00000e+00,2.52000e-02,
-8.1823665e-01,-0.00000e+00,2.48000e-02,
-8.1794369e-01,-0.00000e+00,2.52000e-02,
-8.1765074e-01,-0.00000e+00,2.56000e-02,
-8.1735778e-01,-0.00000e+00,2.56000e-02,
-8.1706482e-01,-0.00000e+00,2.64000e-02,
-8.1677186e-01,-0.00000e+00,2.56000e-02,
-8.1647891e-01,2.00001e-01,2.52000e-02,
-8.1618595e-01,2.00001e-01,2.48000e-02,
-8.1589299e-01,2.00001e-01,2.24000e-02,
-8.1560004e-01,-0.00000e+00,2.40000e-02,
-8.1530708e-01,-0.00000e+00,2.40000e-02,
-8.1501412e-01,2.00001e-01,2.52000e-02,
-8.1472117e-01,-0.00000e+00,2.48000e-02,
-8.1442821e-01,-0.00000e+00,2.48000e-02,
-8.1413525e-01,-0.00000e+00,2.52000e-02,
-8.1384230e-01,-0.00000e+00,2.52000e-02,
-8.1354934e-01,2.00001e-01,2.40000e-02,
-8.1325638e-01,2.00001e-01,2.40000e-02,
-8.1296343e-01,-0.00000e+00,2.48000e-02,
-8.1267047e-01,-0.00000e+00,2.52000e-02,
-8.1237751e-01,-0.00000e+00,2.48000e-02,
-8.1208456e-01,-0.00000e+00,2.48000e-02,
-8.1179160e-01,-0.00000e+00,2.56000e-02,
-8.1149864e-01,-0.00000e+00,2.48000e-02,
-8.1120569e-01,-0.00000e+00,2.36000e-02,
-8.1091273e-01,2.00001e-01,2.48000e-02,
-8.1061977e-01,2.00001e-01,2.32000e-02,
-8.1032681e-01,2.00001e-01,2.44000e-02,
-8.1003386e-01,-0.00000e+00,2.48000e-02,
-8.0974090e-01,2.00001e-01,2.52000e-02,
-8.0944794e-01,-0.00000e+00,2.48000e-02,
-8.0915499e-01,-0.00000e+00,2.52000e-02,
-8.0886203e-01,-0.00000e+00,2.52000e-02,
-8.0856907e-01,2.00001e-01,2.52000e-02,
-8.0827612e-01,2.00001e-01,2.56000e-02,
-8.0798316e-01,-0.00000e+00,2.68000e-02,
-8.0769020e-01,-0.00000e+00,2.48000e-02,
-8.0739725e-01,2.00001e-01,2.76000e-02,
-8.0710429e-01,-0.00000e+00,2.60000e-02,
-8.0681133e-01,-0.00000e+00,2.52000e-02,
-8.0651838e-01,-0.00000e+00,2.44000e-02,
-8.0622542e-01,-0.00000e+00,2.52000e-02,
-8.0593246e-01,2.00001e-01,2.72000e-02,
-8.0563951e-01,2.00001e-01,2.56000e-02,
-8.0534655e-01,-0.00000e+00,2.48000e-02,
-8.0505359e-01,-0.00000e+00,2.52000e-02,
-8.0476063e-01,-0.00000e+00,2.68000e-02,
-8.0446768e-01,-0.00000e+00,2.52000e-02,
-8.0417472e-01,-0.00000e+00,2.76000e-02,
-8.0388176e-01,-0.00000e+00,2.60000e-02,
-8.0358881e-01,2.00001e-01,2.40000e-02,
-8.0329585e-01,-0.00000e+00,2.76000e-02,
-8.0300289e-01,-0.00000e+00,2.48000e-02,
-8.0270994e-01,-0.00000e+00,2.48000e-02,
-8.0241698e-01,-0.00000e+00,2.52000e-02,
-8.0212402e-01,-0.00000e+00,2.56000e-02,
-8.0183107e-01,-0.00000e+00,2.64000e-02,
-8.0153811e-01,2.00001e-01,2.52000e-02,
-8.0124515e-01,-0.00000e+00,2.52000e-02,
-8.0095220e-01,-0.00000e+00,2.68000e-02,
-8.0065924e-01,-0.00000e+00,2.60000e-02,
-8.0036628e-01,-0.00000e+00,2.52000e-02,
-8.0007333e-01,2.00001e-01,2.40000e-02,
-7.9978037e-01,-0.00000e+00,2.68000e-02,
-7.9948741e-01,2.00001e-01,2.52000e-02,
-7.9919446e-01,2.00001e-01,2.80000e-02,
-7.9890150e-01,-0.00000e+00,2.52000e-02,
-7.9860854e-01,2.00001e-01,2.48000e-02,
-7.9831558e-01,2.00001e-01,2.48000e-02,
-7.9802263e-01,2.00001e-01,2.52000e-02,
-7.9772967e-01,-0.00000e+00,2.48000e-02,
-7.9743671e-01,-0.00000e+00,2.56000e-02,
-7.9714376e-01,-0.00000e+00,2.48000e-02,
-7.9685080e-01,-0.00000e+00,2.52000e-02,
-7.9655784e-01,-0.00000e+00,2.48000e-02,
-7.9626489e-01,-0.00000e+00,2.48000e-02,
-7.9597193e-01,2.00001e-01,2.48000e-02,
-7.9567897e-01,2.00001e-01,2.48000e-02,
-7.9538602e-01,-0.00000e+00,2.48000e-02,
-7.9509306e-01,-0.00000e+00,2.48000e-02,
-7.9480010e-01,-0.00000e+00,2.52000e-02,
-7.9450715e-01,-0.00000e+00,2.64000e-02,
-7.9421419e-01,-0.00000e+00,2.52000e-02,
-7.9392123e-01,2.00001e-01,2.48000e-02,
-7.9362828e-01,2.00001e-01,2.32000e-02,
-7.9333532e-01,-0.00000e+00,2.52000e-02,
-7.9304236e-01,2.00001e-01,2.52000e-02,
-7.9274940e-01,-0.00000e+00,2.48000e-02,
-7.9245645e-01,-0.00000e+00,2.40000e-02,
-7.9216349e-01,-0.00000e+00,2.72000e-02,
-7.9187053e-01,2.00001e-01,2.48000e-02,
-7.9157758e-01,-0.00000e+00,2.52000e-02,
-7.9128462e-01,-0.00000e+00,2.64000e-02,
-7.9099166e-01,-0.00000e+00,2.52000e-02,
-7.9069871e-01,-0.00000e+00,2.52000e-02,
-7.9040575e-01,-0.00000e+00,2.60000e-02,
-7.9011279e-01,2.00001e-01,2.52000e-02,
-7.8981984e-01,-0.00000e+00,2.52000e-02,
-7.8952688e-01,-0.00000e+00,2.68000e-02,
-7.8923392e-01,-0.00000e+00,2.60000e-02,
-7.8894097e-01,-0.00000e+00,2.56000e-02,
-7.8864801e-01,-0.00000e+00,2.52000e-02,
-7.8835505e-01,-0.00000e+00,2.40000e-02,
-7.8806210e-01,2.00001e-01,2.52000e-02,
-7.8776914e-01,-0.00000e+00,2.64000e-02,
-7.8747618e-01,2.00001e-01,2.60000e-02,
-7.8718323e-01,-0.00000e+00,2.80000e-02,
-7.8689027e-01,2.00001e-01,2.52000e-02,
-7.8659731e-01,2.00001e-01,2.52000e-02,
-7.8630435e-01,-0.00000e+00,2.52000e-02,
-7.8601140e-01,-0.00000e+00,2.52000e-02,
-7.8571844e-01,2.00001e-01,2.48000e-02,
-7.8542548e-01,-0.00000e+00,2.64000e-02,
-7.8513253e-01,-0.00000e+00,2.60000e-02,
-7.8483957e-01,-0.00000e+00,2.36000e-02,
-7.8454661e-01,2.00001e-01,2.64000e-02,
-7.8425366e-01,2.00001e-01,2.56000e-02,
-7.8396070e-01,2.00001e-01,2.76000e-02,
-7.8366774e-01,-0.00000e+00,2.04000e-02,
-7.8337479e-01,-0.00000e+00,2.52000e-02,
-7.8308183e-01,-0.00000e+00,2.60000e-02,
-7.8278887e-01,-0.00000e+00,2.64000e-02,
-7.8249592e-01,-0.00000e+00,2.56000e-02,
-7.8220296e-01,2.00001e-01,2.60000e-02,
-7.8191000e-01,-0.00000e+00,2.52000e-02,
-7.8161705e-01,2.00001e-01,3.04000e-02,
-7.8132409e-01,-0.00000e+00,2.52000e-02,
-7.8103113e-01,-0.00000e+00,2.48000e-02,
-7.8073817e-01,-0.00000e+00,2.48000e-02,
-7.8044522e-01,-0.00000e+00,2.52000e-02,
-7.8015226e-01,-0.00000e+00,2.60000e-02,
-7.7985930e-01,-0.00000e+00,2.68000e-02,
-7.7956635e-01,-0.00000e+00,2.56000e-02,
-7.7927339e-01,-0.00000e+00,2.48000e-02,
-7.7898043e-01,-0.00000e+00,2.48000e-02,
-7.7868748e-01,-0.00000e+00,2.56000e-02,
-7.7839452e-01,-0.00000e+00,2.68000e-02,
-7.7810156e-01,-0.00000e+00,2.52000e-02,
-7.7780861e-01,-0.00000e+00,2.52000e-02,
-7.7751565e-01,2.00001e-01,2.64000e-02,
-7.7722269e-01,2.00001e-01,2.52000e-02,
-7.7692974e-01,-0.00000e+00,2.48000e-02,
-7.7663678e-01,2.00001e-01,2.48000e-02,
-7.7634382e-01,2.00001e-01,2.52000e-02,
-7.7605087e-01,-0.00000e+00,2.52000e-02,
-7.7575791e-01,2.00001e-01,2.56000e-02,
-7.7546495e-01,2.00001e-01,2.52000e-02,
-7.7517200e-01,2.00001e-01,2.40000e-02,
-7.7487904e-01,2.00001e-01,2.48000e-02,
-7.7458608e-01,2.00001e-01,2.52000e-02,
-7.7429312e-01,-0.00000e+00,2.48000e-02,
-7.7400017e-01,2.00001e-01,2.40000e-02,
-7.7370721e-01,-0.00000e+00,2.64000e-02,
-7.7341425e-01,-0.00000e+00,2.64000e-02,
-7.7312130e-01,-0.00000e+00,2.60000e-02,
-7.7282834e-01,-0.00000e+00,2.56000e-02,
-7.7253538e-01,2.00001e-01,2.52000e-02,
-7.7224243e-01,-0.00000e+00,2.52000e-02,
-7.7194947e-01,2.00001e-01,2.68000e-02,
-7.7165651e-01,-0.00000e+00,2.52000e-02,
-7.7136356e-01,2.00001e-01,2.56000e-02,
-7.7107060e-01,-0.00000e+00,2.52000e-02,
-7.7077764e-01,2.00001e-01,2.52000e-02,
-7.7048469e-01,2.00001e-01,2.52000e-02,
-7.7019173e-01,-0.00000e+00,2.92000e-02,
-7.6989877e-01,2.00001e-01,2.52000e-02,
-7.6960582e-01,-0.00000e+00,2.52000e-02,
-7.6931286e-01,-0.00000e+00,2.52000e-02,
-7.6901990e-01,-0.00000e+00,2.64000e-02,
-7.6872694e-01,-0.00000e+00,2.60000e-02,
-7.6843399e-01,-0.00000e+00,2.64000e-02,
-7.6814103e-01,-0.00000e+00,2.52000e-02,
-7.6784807e-01,-0.00000e+00,2.76000e-02,
-7.6755512e-01,-0.00000e+00,2.56000e-02,
-7.6726216e-01,-0.00000e+00,2.76000e-02,
-7.6696920e-01,-0.00000e+00,2.68000e-02,
-7.6667625e-01,-0.00000e+00,2.68000e-02,
-7.6638329e-01,2.00001e-01,2.28000e-02,
-7.6609033e-01,-0.00000e+00,2.48000e-02,
-7.6579738e-01,2.00001e-01,2.52000e-02,
-7.6550442e-01,-0.00000e+00,2.52000e-02,
-7.6521146e-01,-0.00000e+00,2.52000e-02,
-7.6491851e-01,-0.00000e+00,2.52000e-02,
-7.6462555e-01,2.00001e-01,2.56000e-02,
-7.6433259e-01,-0.00000e+00,2.52000e-02,
-7.6403964e-01,-0.00000e+00,2.64000e-02,
-7.6374668e-01,-0.00000e+00,2.56000e-02,
-7.6345372e-01,2.00001e-01,2.60000e-02,
-7.6316077e-01,-0.00000e+00,2.64000e-02,
-7.6286781e-01,-0.00000e+00,2.68000e-02,
-7.6257485e-01,-0.00000e+00,2.52000e-02,
-7.6228189e-01,2.00001e-01,2.52000e-02,
-7.6198894e-01,-0.00000e+00,2.60000e-02,
-7.6169598e-01,2.00001e-01,2.60000e-02,
-7.6140302e-01,-0.00000e+00,2.60000e-02,
-7.6111007e-01,-0.00000e+00,2.60000e-02,
-7.6081711e-01,2.00001e-01,2.52000e-02,
-7.6052415e-01,-0.00000e+00,2.36000e-02,
-7.6023120e-01,-0.00000e+00,2.52000e-02,
-7.5993824e-01,-0.00000e+00,2.52000e-02,
-7.5964528e-01,-0.00000e+00,2.52000e-02,
-7.5935233e-01,-0.00000e+00,2.64000e-02,
-7.5905937e-01,-0.00000e+00,2.76000e-02,
-7.5876641e-01,-0.00000e+00,2.48000e-02,
-7.5847346e-01,-0.00000e+00,2.56000e-02,
-7.5818050e-01,2.00001e-01,2.08000e-02,
-7.5788754e-01,-0.00000e+00,2.56000e-02,
-7.5759459e-01,2.00001e-01,2.52000e-02,
-7.5730163e-01,2.00001e-01,2.60000e-02,
-7.5700867e-01,2.00001e-01,2.52000e-02,
-7.5671571e-01,-0.00000e+00,2.52000e-02,
-7.5642276e-01,2.00001e-01,2.52000e-02,
-7.5612980e-01,-0.00000e+00,2.64000e-02,
-7.5583684e-01,-0.00000e+00,2.76000e-02,
-7.5554389e-01,2.00001e-01,2.56000e-02,
-7.5525093e-01,2.00001e-01,2.68000e-02,
-7.5495797e-01,-0.00000e+00,2.64000e-02,
-7.5466502e-01,-0.00000e+00,2.68000e-02,
-7.5437206e-01,-0.00000e+00,2.68000e-02,
-7.5407910e-01,-0.00000e+00,2.64000e-02,
-7.5378615e-01,-0.00000e+00,2.48000e-02,
-7.5349319e-01,-0.00000e+00,2.64000e-02,
-7.5320023e-01,2.00001e-01,2.52000e-02,
-7.5290728e-01,2.00001e-01,2.64000e-02,
-7.5261432e-01,2.00001e-01,2.64000e-02,
-7.5232136e-01,-0.00000e+00,2.52000e-02,
-7.5202841e-01,2.00001e-01,2.60000e-02,
-7.5173545e-01,-0.00000e+00,2.76000e-02,
-7.5144249e-01,-0.00000e+00,2.44000e-02,
-7.5114954e-01,-0.00000e+00,2.64000e-02,
-7.5085658e-01,-0.00000e+00,2.68000e-02,
-7.5056362e-01,-0.00000e+00,2.64000e-02,
-7.5027066e-01,2.00001e-01,2.52000e-02,
-7.4997771e-01,-0.00000e+00,2.68000e-02,
-7.4968475e-01,-0.00000e+00,2.68000e-02,
-7.4939179e-01,-0.00000e+00,2.64000e-02,
-7.4909884e-01,-0.00000e+00,2.56000e-02,
-7.4880588e-01,-0.00000e+00,2.64000e-02,
-7.4851292e-01,-0.00000e+00,1.68000e-02,
-7.4821997e-01,2.00001e-01,2.52000e-02,
-7.4792701e-01,2.00001e-01,2.56000e-02,
-7.4763405e-01,-0.00000e+00,2.64000e-02,
-7.4734110e-01,-0.00000e+00,2.60000e-02,
-7.4704814e-01,-0.00000e+00,2.56000e-02,
-7.4675518e-01,2.00001e-01,2.68000e-02,
-7.4646223e-01,2.00001e-01,2.56000e-02,
-7.4616927e-01,2.00001e-01,2.60000e-02,
-7.4587631e-01,-0.00000e+00,2.64000e-02,
-7.4558336e-01,2.00001e-01,2.68000e-02,
-7.4529040e-01,2.00001e-01,2.52000e-02,
-7.4499744e-01,2.00001e-01,2.60000e-02,
-7.4470448e-01,-0.00000e+00,2.52000e-02,
-7.4441153e-01,-0.00000e+00,2.52000e-02,
-7.4411857e-01,-0.00000e+00,2.64000e-02,
-7.4382561e-01,2.00001e-01,2.68000e-02,
-7.4353266e-01,-0.00000e+00,2.56000e-02,
-7.4323970e-01,-0.00000e+00,2.48000e-02,
-7.4294674e-01,2.00001e-01,2.52000e-02,
-7.4265379e-01,-0.00000e+00,2.64000e-02,
-7.4236083e-01,2.00001e-01,2.52000e-02,
-7.4206787e-01,2.00001e-01,2.68000e-02,
-7.4177492e-01,-0.00000e+00,2.44000e-02,
-7.4148196e-01,-0.00000e+00,2.52000e-02,
-7.4118900e-01,-0.00000e+00,2.60000e-02,
-7.4089605e-01,-0.00000e+00,2.48000e-02,
-7.4060309e-01,-0.00000e+00,2.56000e-02,
-7.4031013e-01,-0.00000e+00,2.48000e-02,
-7.4001718e-01,2.00001e-01,2.60000e-02,
-7.3972422e-01,2.00001e-01,2.60000e-02,
-7.3943126e-01,-0.00000e+00,2.68000e-02,
-7.3913831e-01,-0.00000e+00,2.72000e-02,
-7.3884535e-01,2.00001e-01,2.64000e-02,
-7.3855239e-01,-0.00000e+00,2.76000e-02,
-7.3825943e-01,2.00001e-01,2.68000e-02,
-7.3796648e-01,-0.00000e+00,2.68000e-02,
-7.3767352e-01,2.00001e-01,2.64000e-02,
-7.3738056e-01,-0.00000e+00,2.56000e-02,
-7.3708761e-01,-0.00000e+00,2.76000e-02,
-7.3679465e-01,-0.00000e+00,2.68000e-02,
-7.3650169e-01,-0.00000e+00,2.68000e-02,
-7.3620874e-01,-0.00000e+00,2.60000e-02,
-7.3591578e-01,2.00001e-01,2.72000e-02,
-7.3562282e-01,-0.00000e+00,2.68000e-02,
-7.3532987e-01,-0.00000e+00,2.64000e-02,
-7.3503691e-01,2.00001e-01,2.68000e-02,
-7.3474395e-01,-0.00000e+00,2.64000e-02,
-7.3445100e-01,-0.00000e+00,2.68000e-02,
-7.3415804e-01,-0.00000e+00,2.68000e-02,
-7.3386508e-01,2.00001e-01,2.76000e-02,
-7.3357213e-01,2.00001e-01,2.48000e-02,
-7.3327917e-01,-0.00000e+00,2.64000e-02,
-7.3298621e-01,-0.00000e+00,2.52000e-02,
-7.3269325e-01,-0.00000e+00,2.52000e-02,
-7.3240030e-01,2.00001e-01,2.60000e-02,
-7.3210734e-01,-0.00000e+00,2.64000e-02,
-7.3181438e-01,-0.00000e+00,2.68000e-02,
-7.3152143e-01,-0.00000e+00,2.68000e-02,
-7.3122847e-01,2.00001e-01,2.56000e-02,
-7.3093551e-01,-0.00000e+00,2.64000e-02,
-7.3064256e-01,-0.00000e+00,2.56000e-02,
-7.3034960e-01,2.00001e-01,2.72000e-02,
-7.3005664e-01,2.00001e-01,2.60000e-02,
-7.2976369e-01,2.00001e-01,2.52000e-02,
-7.2947073e-01,2.00001e-01,2.52000e-02,
-7.2917777e-01,-0.00000e+00,2.64000e-02,
-7.2888482e-01,-0.00000e+00,2.60000e-02,
-7.2859186e-01,-0.00000e+00,2.64000e-02,
-7.2829890e-01,-0.00000e+00,2.64000e-02,
-7.2800595e-01,-0.00000e+00,2.64000e-02,
-7.2771299e-01,-0.00000e+00,2.60000e-02,
-7.2742003e-01,2.00001e-01,2.48000e-02,
-7.2712708e-01,2.00001e-01,2.64000e-02,
-7.2683412e-01,-0.00000e+00,2.52000e-02,
-7.2654116e-01,-0.00000e+00,2.68000e-02,
-7.2624820e-01,2.00001e-01,2.64000e-02,
-7.2595525e-01,-0.00000e+00,2.68000e-02,
-7.2566229e-01,-0.00000e+00,2.68000e-02,
-7.2536933e-01,2.00001e-01,2.64000e-02,
-7.2507638e-01,-0.00000e+00,2.68000e-02,
-7.2478342e-01,-0.00000e+00,2.76000e-02,
-7.2449046e-01,2.00001e-01,2.68000e-02,
-7.2419751e-01,2.00001e-01,2.84000e-02,
-7.2390455e-01,-0.00000e+00,2.60000e-02,
-7.2361159e-01,2.00001e-01,2.52000e-02,
-7.2331864e-01,2.00001e-01,2.84000e-02,
-7.2302568e-01,-0.00000e+00,2.68000e-02,
-7.2273272e-01,2.00001e-01,2.68000e-02,
-7.2243977e-01,-0.00000e+00,2.76000e-02,
-7.2214681e-01,-0.00000e+00,2.64000e-02,
-7.2185385e-01,-0.00000e+00,2.68000e-02,
-7.2156090e-01,-0.00000e+00,2.64000e-02,
-7.2126794e-01,-0.00000e+00,2.68000e-02,
-7.2097498e-01,2.00001e-01,2.40000e-02,
-7.2068202e-01,-0.00000e+00,2.68000e-02,
-7.2038907e-01,-0.00000e+00,2.68000e-02,
-7.2009611e-01,2.00001e-01,2.52000e-02,
-7.1980315e-01,2.00001e-01,2.68000e-02,
-7.1951020e-01,-0.00000e+00,2.68000e-02,
-7.1921724e-01,-0.00000e+00,2.96000e-02,
-7.1892428e-01,2.00001e-01,2.64000e-02,
-7.1863133e-01,-0.00000e+00,2.80000e-02,
-7.1833837e-01,-0.00000e+00,2.60000e-02,
-7.1804541e-01,-0.00000e+00,2.60000e-02,
-7.1775246e-01,2.00001e-01,2.80000e-02,
-7.1745950e-01,-0.00000e+00,2.72000e-02,
-7.1716654e-01,-0.00000e+00,2.68000e-02,
-7.1687359e-01,2.00001e-01,2.56000e-02,
-7.1658063e-01,2.00001e-01,2.68000e-02,
-7.1628767e-01,-0.00000e+00,2.60000e-02,
-7.1599472e-01,-0.00000e+00,2.56000e-02,
-7.1570176e-01,2.00001e-01,2.64000e-02,
-7.1540880e-01,2.00001e-01,2.68000e-02,
-7.1511585e-01,2.00001e-01,2.68000e-02,
-7.1482289e-01,-0.00000e+00,2.68000e-02,
-7.1452993e-01,2.00001e-01,2.72000e-02,
-7.1423697e-01,-0.00000e+00,2.68000e-02,
-7.1394402e-01,-0.00000e+00,2.64000e-02,
-7.1365106e-01,-0.00000e+00,2.48000e-02,
-7.1335810e-01,-0.00000e+00,2.60000e-02,
-7.1306515e-01,2.00001e-01,2.48000e-02,
-7.1277219e-01,-0.00000e+00,2.60000e-02,
-7.1247923e-01,-0.00000e+00,2.68000e-02,
-7.1218628e-01,-0.00000e+00,2.60000e-02,
-7.1189332e-01,2.00001e-01,2.48000e-02,
-7.1160036e-01,2.00001e-01,2.60000e-02,
-7.1130741e-01,2.00001e-01,2.48000e-02,
-7.1101445e-01,-0.00000e+00,2.68000e-02,
-7.1072149e-01,2.00001e-01,2.68000e-02,
-7.1042854e-01,2.00001e-01,2.64000e-02,
-7.1013558e-01,2.00001e-01,2.56000e-02,
-7.0984262e-01,-0.00000e+00,2.68000e-02,
-7.0954967e-01,2.00001e-01,2.84000e-02,
-7.0925671e-01,-0.00000e+00,2.64000e-02,
-7.0896375e-01,2.00001e-01,2.60000e-02,
-7.0867079e-01,-0.00000e+00,2.64000e-02,
-7.0837784e-01,2.00001e-01,2.56000e-02,
-7.0808488e-01,-0.00000e+00,2.88000e-02,
-7.0779192e-01,-0.00000e+00,2.76000e-02,
-7.0749897e-01,-0.00000e+00,2.64000e-02,
-7.0720601e-01,-0.00000e+00,2.80000e-02,
-7.0691305e-01,-0.00000e+00,2.68000e-02,
-7.0662010e-01,2.00001e-01,2.76000e-02,
-7.0632714e-01,-0.00000e+00,2.68000e-02,
-7.0603418e-01,-0.00000e+00,2.76000e-02,
-7.0574123e-01,2.00001e-01,2.48000e-02,
-7.0544827e-01,-0.00000e+00,2.52000e-02,
-7.0515531e-01,2.00001e-01,2.68000e-02,
-7.0486236e-01,-0.00000e+00,2.92000e-02,
-7.0456940e-01,2.00001e-01,2.68000e-02,
-7.0427644e-01,-0.00000e+00,2.68000e-02,
-7.0398349e-01,2.00001e-01,2.52000e-02,
-7.0369053e-01,2.00001e-01,2.68000e-02,
-7.0339757e-01,-0.00000e+00,2.68000e-02,
-7.0310462e-01,-0.00000e+00,2.68000e-02,
-7.0281166e-01,2.00001e-01,2.68000e-02,
-7.0251870e-01,-0.00000e+00,2.68000e-02,
-7.0222574e-01,2.00001e-01,2.48000e-02,
-7.0193279e-01,-0.00000e+00,2.68000e-02,
-7.0163983e-01,-0.00000e+00,2.48000e-02,
-7.0134687e-01,-0.00000e+00,2.72000e-02,
-7.0105392e-01,-0.00000e+00,2.64000e-02,
-7.0076096e-01,2.00001e-01,2.60000e-02,
-7.0046800e-01,2.00001e-01,2.68000e-02,
-7.0017505e-01,2.00001e-01,2.68000e-02,
-6.9988209e-01,-0.00000e+00,2.52000e-02,
-6.9958913e-01,-0.00000e+00,2.56000e-02,
-6.9929618e-01,-0.00000e+00,2.68000e-02,
-6.9900322e-01,-0.00000e+00,2.76000e-02,
-6.9871026e-01,2.00001e-01,2.76000e-02,
-6.9841731e-01,2.00001e-01,2.48000e-02,
-6.9812435e-01,-0.00000e+00,2.68000e-02,
-6.9783139e-01,2.00001e-01,2.76000e-02,
-6.9753844e-01,2.00001e-01,2.68000e-02,
-6.9724548e-01,2.00001e-01,2.68000e-02,
-6.9695252e-01,2.00001e-01,2.68000e-02,
-6.9665956e-01,2.00001e-01,2.48000e-02,
-6.9636661e-01,-0.00000e+00,2.60000e-02,
-6.9607365e-01,2.00001e-01,2.60000e-02,
-6.9578069e-01,2.00001e-01,2.76000e-02,
-6.9548774e-01,-0.00000e+00,2.68000e-02,
-6.9519478e-01,-0.00000e+00,2.40000e-02,
-6.9490182e-01,-0.00000e+00,2.72000e-02,
-6.9460887e-01,-0.00000e+00,2.68000e-02,
-6.9431591e-01,2.00001e-01,2.68000e-02,
-6.9402295e-01,-0.00000e+00,2.52000e-02,
-6.9373000e-01,-0.00000e+00,2.72000e-02,
-6.9343704e-01,2.00001e-01,2.60000e-02,
-6.9314408e-01,2.00001e-01,2.64000e-02,
-6.9285113e-01,-0.00000e+00,2.76000e-02,
-6.9255817e-01,-0.00000e+00,2.68000e-02,
-6.9226521e-01,-0.00000e+00,2.68000e-02,
-6.9197226e-01,2.00001e-01,2.60000e-02,
-6.9167930e-01,-0.00000e+00,2.68000e-02,
-6.9138634e-01,-0.00000e+00,2.68000e-02,
-6.9109339e-01,-0.00000e+00,2.92000e-02,
-6.9080043e-01,-0.00000e+00,2.68000e-02,
-6.9050747e-01,2.00001e-01,2.68000e-02,
-6.9021451e-01,-0.00000e+00,3.00000e-02,
-6.8992156e-01,-0.00000e+00,2.84000e-02,
-6.8962860e-01,-0.00000e+00,2.76000e-02,
-6.8933564e-01,-0.00000e+00,2.64000e-02,
-6.8904269e-01,-0.00000e+00,2.76000e-02,
-6.8874973e-01,2.00001e-01,2.60000e-02,
-6.8845677e-01,-0.00000e+00,2.92000e-02,
-6.8816382e-01,-0.00000e+00,2.68000e-02,
-6.8787086e-01,-0.00000e+00,2.64000e-02,
-6.8757790e-01,2.00001e-01,2.76000e-02,
-6.8728495e-01,2.00001e-01,2.68000e-02,
-6.8699199e-01,2.00001e-01,2.68000e-02,
-6.8669903e-01,2.00001e-01,2.76000e-02,
-6.8640608e-01,-0.00000e+00,2.76000e-02,
-6.8611312e-01,2.00001e-01,2.72000e-02,
-6.8582016e-01,2.00001e-01,2.68000e-02,
-6.8552721e-01,-0.00000e+00,2.60000e-02,
-6.8523425e-01,-0.00000e+00,2.76000e-02,
-6.8494129e-01,-0.00000e+00,2.64000e-02,
-6.8464833e-01,-0.00000e+00,2.60000e-02,
-6.8435538e-01,-0.00000e+00,2.52000e-02,
-6.8406242e-01,2.00001e-01,2.60000e-02,
-6.8376946e-01,-0.00000e+00,2.68000e-02,
-6.8347651e-01,-0.00000e+00,2.68000e-02,
-6.8318355e-01,-0.00000e+00,2.68000e-02,
-6.8289059e-01,-0.00000e+00,2.56000e-02,
-6.8259764e-01,-0.00000e+00,2.68000e-02,
-6.8230468e-01,2.00001e-01,2.80000e-02,
-6.8201172e-01,-0.00000e+00,2.68000e-02,
-6.8171877e-01,2.00001e-01,2.60000e-02,
-6.8142581e-01,-0.00000e+00,2.84000e-02,
-6.8113285e-01,2.00001e-01,2.84000e-02,
-6.8083990e-01,-0.00000e+00,2.48000e-02,
-6.8054694e-01,2.00001e-01,2.88000e-02,
-6.8025398e-01,-0.00000e+00,2.60000e-02,
-6.7996103e-01,-0.00000e+00,2.64000e-02,
-6.7966807e-01,-0.00000e+00,2.76000e-02,
-6.7937511e-01,-0.00000e+00,2.64000e-02,
-6.7908216e-01,-0.00000e+00,2.52000e-02,
-6.7878920e-01,-0.00000e+00,2.72000e-02,
-6.7849624e-01,-0.00000e+00,2.68000e-02,
-6.7820328e-01,-0.00000e+00,2.52000e-02,
-6.7791033e-01,2.00001e-01,2.84000e-02,
-6.7761737e-01,-0.00000e+00,2.84000e-02,
-6.7732441e-01,2.00001e-01,2.76000e-02,
-6.7703146e-01,2.00001e-01,2.80000e-02,
-6.7673850e-01,-0.00000e+00,2.84000e-02,
-6.7644554e-01,2.00001e-01,2.80000e-02,
-6.7615259e-01,2.00001e-01,2.72000e-02,
-6.7585963e-01,2.00001e-01,2.84000e-02,
-6.7556667e-01,-0.00000e+00,2.68000e-02,
-6.7527372e-01,2.00001e-01,2.72000e-02,
-6.7498076e-01,2.00001e-01,2.76000e-02,
-6.7468780e-01,2.00001e-01,2.80000e-02,
-6.7439485e-01,-0.00000e+00,2.68000e-02,
-6.7410189e-01,-0.00000e+00,2.76000e-02,
-6.7380893e-01,-0.00000e+00,2.64000e-02,
-6.7351598e-01,-0.00000e+00,2.76000e-02,
-6.7322302e-01,2.00001e-01,2.80000e-02,
-6.7293006e-01,2.00001e-01,2.80000e-02,
-6.7263710e-01,-0.00000e+00,2.68000e-02,
-6.7234415e-01,2.00001e-01,2.68000e-02,
-6.7205119e-01,2.00001e-01,2.68000e-02,
-6.7175823e-01,-0.00000e+00,2.56000e-02,
-6.7146528e-01,-0.00000e+00,2.68000e-02,
-6.7117232e-01,-0.00000e+00,2.60000e-02,
-6.7087936e-01,2.00001e-01,2.68000e-02,
-6.7058641e-01,-0.00000e+00,2.84000e-02,
-6.7029345e-01,-0.00000e+00,2.76000e-02,
-6.7000049e-01,2.00001e-01,2.76000e-02,
-6.6970754e-01,2.00001e-01,2.88000e-02,
-6.6941458e-01,2.00001e-01,2.84000e-02,
-6.6912162e-01,-0.00000e+00,2.68000e-02,
-6.6882867e-01,-0.00000e+00,2.56000e-02,
-6.6853571e-01,-0.00000e+00,3.08000e-02,
-6.6824275e-01,-0.00000e+00,2.64000e-02,
-6.6794980e-01,-0.00000e+00,2.96000e-02,
-6.6765684e-01,-0.00000e+00,2.68000e-02,
-6.6736388e-01,-0.00000e+00,2.72000e-02,
-6.6707093e-01,2.00001e-01,2.52000e-02,
-6.6677797e-01,-0.00000e+00,2.76000e-02,
-6.6648501e-01,-0.00000e+00,2.72000e-02,
-6.6619205e-01,-0.00000e+00,2.84000e-02,
-6.6589910e-01,-0.00000e+00,2.76000e-02,
-6.6560614e-01,-0.00000e+00,2.48000e-02,
-6.6531318e-01,-0.00000e+00,2.68000e-02,
-6.6502023e-01,-0.00000e+00,2.80000e-02,
-6.6472727e-01,-0.00000e+00,2.52000e-02,
-6.6443431e-01,2.00001e-01,2.68000e-02,
-6.6414136e-01,-0.00000e+00,2.80000e-02,
-6.6384840e-01,-0.00000e+00,2.80000e-02,
-6.6355544e-01,2.00001e-01,2.80000e-02,
-6.6326249e-01,2.00001e-01,2.84000e-02,
-6.6296953e-01,-0.00000e+00,2.84000e-02,
-6.6267657e-01,-0.00000e+00,2.80000e-02,
-6.6238362e-01,-0.00000e+00,2.96000e-02,
-6.6209066e-01,-0.00000e+00,2.72000e-02,
-6.6179770e-01,-0.00000e+00,2.68000e-02,
-6.6150475e-01,2.00001e-01,2.76000e-02,
-6.6121179e-01,2.00001e-01,2.76000e-02,
-6.6091883e-01,2.00001e-01,2.76000e-02,
-6.6062587e-01,2.00001e-01,2.88000e-02,
-6.6033292e-01,-0.00000e+00,2.76000e-02,
-6.6003996e-01,2.00001e-01,2.76000e-02,
-6.5974700e-01,-0.00000e+00,2.68000e-02,
-6.5945405e-01,-0.00000e+00,2.68000e-02,
-6.5916109e-01,-0.00000e+00,2.48000e-02,
-6.5886813e-01,2.00001e-01,2.68000e-02,
-6.5857518e-01,-0.00000e+00,2.76000e-02,
-6.5828222e-01,-0.00000e+00,2.56000e-02,
-6.5798926e-01,-0.00000e+00,2.76000e-02,
-6.5769631e-01,-0.00000e+00,2.84000e-02,
-6.5740335e-01,2.00001e-01,2.28000e-02,
-6.5711039e-01,-0.00000e+00,2.76000e-02,
-6.5681744e-01,-0.00000e+00,2.76000e-02,
-6.5652448e-01,-0.00000e+00,2.68000e-02,
-6.5623152e-01,2.00001e-01,2.64000e-02,
-6.5593857e-01,-0.00000e+00,2.48000e-02,
-6.5564561e-01,-0.00000e+00,2.76000e-02,
-6.5535265e-01,-0.00000e+00,2.76000e-02,
-6.5505970e-01,-0.00000e+00,2.76000e-02,
-6.5476674e-01,-0.00000e+00,2.68000e-02,
-6.5447378e-01,-0.00000e+00,2.44000e-02,
-6.5418082e-01,-0.00000e+00,2.76000e-02,
-6.5388787e-01,-0.00000e+00,2.60000e-02,
-6.5359491e-01,2.00001e-01,2.76000e-02,
-6.5330195e-01,-0.00000e+00,2.68000e-02,
-6.5300900e-01,2.00001e-01,3.00000e-02,
-6.5271604e-01,2.00001e-01,2.44000e-02,
-6.5242308e-01,-0.00000e+00,2.72000e-02,
-6.5213013e-01,-0.00000e+00,2.92000e-02,
-6.5183717e-01,-0.00000e+00,2.80000e-02,
-6.5154421e-01,-0.00000e+00,2.72000e-02,
-6.5125126e-01,2.00001e-01,2.68000e-02,
-6.5095830e-01,-0.00000e+00,2.76000e-02,
-6.5066534e-01,-0.00000e+00,2.68000e-02,
-6.5037239e-01,-0.00000e+00,2.80000e-02,
-6.5007943e-01,-0.00000e+00,3.00000e-02,
-6.4978647e-01,-0.00000e+00,2.88000e-02,
-6.4949352e-01,-0.00000e+00,2.52000e-02,
-6.4920056e-01,2.00001e-01,2.92000e-02,
-6.4890760e-01,2.00001e-01,2.80000e-02,
-6.4861465e-01,2.00001e-01,2.48000e-02,
-6.4832169e-01,2.00001e-01,2.80000e-02,
-6.4802873e-01,-0.00000e+00,2.84000e-02,
-6.4773577e-01,-0.00000e+00,2.72000e-02,
-6.4744282e-01,-0.00000e+00,2.76000e-02,
-6.4714986e-01,-0.00000e+00,2.76000e-02,
-6.4685690e-01,-0.00000e+00,2.76000e-02,
-6.4656395e-01,-0.00000e+00,2.68000e-02,
-6.4627099e-01,-0.00000e+00,2.80000e-02,
-6.4597803e-01,-0.00000e+00,2.76000e-02,
-6.4568508e-01,2.00001e-01,2.68000e-02,
-6.4539212e-01,2.00001e-01,2.88000e-02,
-6.4509916e-01,2.00001e-01,2.80000e-02,
-6.4480621e-01,-0.00000e+00,2.68000e-02,
-6.4451325e-01,2.00001e-01,2.60000e-02,
-6.4422029e-01,-0.00000e+00,2.80000e-02,
-6.4392734e-01,2.00001e-01,2.80000e-02,
-6.4363438e-01,-0.00000e+00,2.80000e-02,
-6.4334142e-01,-0.00000e+00,2.76000e-02,
-6.4304847e-01,2.00001e-01,2.72000e-02,
-6.4275551e-01,2.00001e-01,2.84000e-02,
-6.4246255e-01,-0.00000e+00,2.68000e-02,
-6.4216959e-01,-0.00000e+00,2.92000e-02,
-6.4187664e-01,2.00001e-01,2.92000e-02,
-6.4158368e-01,2.00001e-01,3.08000e-02,
-6.4129072e-01,-0.00000e+00,2.76000e-02,
-6.4099777e-01,2.00001e-01,2.76000e-02,
-6.4070481e-01,-0.00000e+00,2.84000e-02,
-6.4041185e-01,-0.00000e+00,2.88000e-02,
-6.4011890e-01,-0.00000e+00,2.76000e-02,
-6.3982594e-01,-0.00000e+00,2.92000e-02,
-6.3953298e-01,-0.00000e+00,2.72000e-02,
-6.3924003e-01,-0.00000e+00,2.68000e-02,
-6.3894707e-01,-0.00000e+00,2.52000e-02,
-6.3865411e-01,-0.00000e+00,2.72000e-02,
-6.3836116e-01,-0.00000e+00,2.80000e-02,
-6.3806820e-01,-0.00000e+00,2.76000e-02,
-6.3777524e-01,-0.00000e+00,2.64000e-02,
-6.3748229e-01,2.00001e-01,2.80000e-02,
-6.3718933e-01,-0.00000e+00,2.80000e-02,
-6.3689637e-01,-0.00000e+00,2.68000e-02,
-6.3660342e-01,2.00001e-01,2.64000e-02,
-6.3631046e-01,-0.00000e+00,2.84000e-02,
-6.3601750e-01,-0.00000e+00,2.80000e-02,
-6.3572454e-01,2.00001e-01,3.00000e-02,
-6.3543159e-01,-0.00000e+00,2.84000e-02,
-6.3513863e-01,-0.00000e+00,2.52000e-02,
-6.3484567e-01,-0.00000e+00,2.92000e-02,
-6.3455272e-01,-0.00000e+00,2.80000e-02,
-6.3425976e-01,2.00001e-01,2.84000e-02,
-6.3396680e-01,2.00001e-01,2.76000e-02,
-6.3367385e-01,-0.00000e+00,2.68000e-02,
-6.3338089e-01,2.00001e-01,2.96000e-02,
-6.3308793e-01,-0.00000e+00,2.84000e-02,
-6.3279498e-01,-0.00000e+00,2.92000e-02,
-6.3250202e-01,-0.00000e+00,2.76000e-02,
-6.3220906e-01,-0.00000e+00,2.08000e-02,
-6.3191611e-01,2.00001e-01,2.80000e-02,
-6.3162315e-01,-0.00000e+00,2.96000e-02,
-6.3133019e-01,-0.00000e+00,2.72000e-02,
-6.3103724e-01,-0.00000e+00,2.84000e-02,
-6.3074428e-01,2.00001e-01,2.80000e-02,
-6.3045132e-01,-0.00000e+00,2.80000e-02,
-6.3015836e-01,2.00001e-01,2.60000e-02,
-6.2986541e-01,-0.00000e+00,2.80000e-02,
-6.2957245e-01,-0.00000e+00,2.84000e-02,
-6.2927949e-01,-0.00000e+00,2.80000e-02,
-6.2898654e-01,-0.00000e+00,2.76000e-02,
-6.2869358e-01,-0.00000e+00,2.80000e-02,
-6.2840062e-01,-0.00000e+00,2.96000e-02,
-6.2810767e-01,2.00001e-01,2.84000e-02,
-6.2781471e-01,2.00001e-01,3.00000e-02,
-6.2752175e-01,-0.00000e+00,2.84000e-02,
-6.2722880e-01,-0.00000e+00,2.84000e-02,
-6.2693584e-01,2.00001e-01,2.76000e-02,
-6.2664288e-01,2.00001e-01,2.76000e-02,
-6.2634993e-01,-0.00000e+00,2.72000e-02,
-6.2605697e-01,-0.00000e+00,2.76000e-02,
-6.2576401e-01,-0.00000e+00,2.72000e-02,
-6.2547106e-01,-0.00000e+00,2.72000e-02,
-6.2517810e-01,-0.00000e+00,2.68000e-02,
-6.2488514e-01,2.00001e-01,2.84000e-02,
-6.2459219e-01,-0.00000e+00,3.16000e-02,
-6.2429923e-01,-0.00000e+00,2.76000e-02,
-6.2400627e-01,-0.00000e+00,2.84000e-02,
-6.2371331e-01,-0.00000e+00,2.80000e-02,
-6.2342036e-01,-0.00000e+00,2.80000e-02,
-6.2312740e-01,-0.00000e+00,2.96000e-02,
-6.2283444e-01,-0.00000e+00,2.88000e-02,
-6.2254149e-01,-0.00000e+00,2.64000e-02,
-6.2224853e-01,2.00001e-01,3.04000e-02,
-6.2195557e-01,2.00001e-01,2.72000e-02,
-6.2166262e-01,-0.00000e+00,2.84000e-02,
-6.2136966e-01,2.00001e-01,2.84000e-02,
-6.2107670e-01,-0.00000e+00,2.92000e-02,
-6.2078375e-01,-0.00000e+00,2.80000e-02,
-6.2049079e-01,2.00001e-01,3.08000e-02,
-6.2019783e-01,-0.00000e+00,2.80000e-02,
-6.1990488e-01,-0.00000e+00,2.84000e-02,
-6.1961192e-01,-0.00000e+00,2.92000e-02,
-6.1931896e-01,-0.00000e+00,2.84000e-02,
-6.1902601e-01,-0.00000e+00,2.60000e-02,
-6.1873305e-01,-0.00000e+00,2.84000e-02,
-6.1844009e-01,-0.00000e+00,2.88000e-02,
-6.1814713e-01,2.00001e-01,2.80000e-02,
-6.1785418e-01,2.00001e-01,2.84000e-02,
-6.1756122e-01,2.00001e-01,2.88000e-02,
-6.1726826e-01,-0.00000e+00,2.96000e-02,
-6.1697531e-01,-0.00000e+00,2.88000e-02,
-6.1668235e-01,-0.00000e+00,2.84000e-02,
-6.1638939e-01,-0.00000e+00,2.84000e-02,
-6.1609644e-01,2.00001e-01,2.92000e-02,
-6.1580348e-01,-0.00000e+00,3.00000e-02,
-6.1551052e-01,-0.00000e+00,2.84000e-02,
-6.1521757e-01,-0.00000e+00,2.80000e-02,
-6.1492461e-01,-0.00000e+00,2.52000e-02,
-6.1463165e-01,2.00001e-01,2.84000e-02,
-6.1433870e-01,-0.00000e+00,2.84000e-02,
-6.1404574e-01,-0.00000e+00,2.92000e-02,
-6.1375278e-01,-0.00000e+00,2.80000e-02,
-6.1345983e-01,-0.00000e+00,2.96000e-02,
-6.1316687e-01,2.00001e-01,3.00000e-02,
-6.1287391e-01,-0.00000e+00,3.12000e-02,
-6.1258096e-01,2.00001e-01,2.80000e-02,
-6.1228800e-01,-0.00000e+00,2.84000e-02,
-6.1199504e-01,2.00001e-01,2.84000e-02,
-6.1170208e-01,-0.00000e+00,2.84000e-02,
-6.1140913e-01,-0.00000e+00,2.84000e-02,
-6.1111617e-01,-0.00000e+00,2.80000e-02,
-6.1082321e-01,2.00001e-01,2.80000e-02,
-6.1053026e-01,2.00001e-01,2.80000e-02,
-6.1023730e-01,2.00001e-01,2.92000e-02,
-6.0994434e-01,-0.00000e+00,2.80000e-02,
-6.0965139e-01,2.00001e-01,2.84000e-02,
-6.0935843e-01,-0.00000e+00,2.96000e-02,
-6.0906547e-01,2.00001e-01,2.92000e-02,
-6.0877252e-01,2.00001e-01,2.84000e-02,
-6.0847956e-01,-0.00000e+00,2.92000e-02,
-6.0818660e-01,2.00001e-01,2.88000e-02,
-6.0789365e-01,-0.00000e+00,2.88000e-02,
-6.0760069e-01,2.00001e-01,2.80000e-02,
-6.0730773e-01,-0.00000e+00,2.84000e-02,
-6.0701478e-01,2.00001e-01,2.80000e-02,
-6.0672182e-01,-0.00000e+00,2.76000e-02,
-6.0642886e-01,-0.00000e+00,2.80000e-02,
-6.0613590e-01,-0.00000e+00,2.68000e-02,
-6.0584295e-01,-0.00000e+00,2.84000e-02,
-6.0554999e-01,-0.00000e+00,2.88000e-02,
-6.0525703e-01,2.00001e-01,2.84000e-02,
-6.0496408e-01,-0.00000e+00,2.92000e-02,
-6.0467112e-01,2.00001e-01,2.88000e-02,
-6.0437816e-01,-0.00000e+00,3.00000e-02,
-6.0408521e-01,-0.00000e+00,2.84000e-02,
-6.0379225e-01,2.00001e-01,2.92000e-02,
-6.0349929e-01,-0.00000e+00,2.84000e-02,
-6.0320634e-01,-0.00000e+00,3.00000e-02,
-6.0291338e-01,-0.00000e+00,2.80000e-02,
-6.0262042e-01,2.00001e-01,2.88000e-02,
-6.0232747e-01,2.00001e-01,2.88000e-02,
-6.0203451e-01,2.00001e-01,2.84000e-02,
-6.0174155e-01,-0.00000e+00,2.84000e-02,
-6.0144860e-01,-0.00000e+00,2.84000e-02,
-6.0115564e-01,-0.00000e+00,3.00000e-02,
-6.0086268e-01,-0.00000e+00,2.84000e-02,
-6.0056973e-01,2.00001e-01,3.08000e-02,
-6.0027677e-01,-0.00000e+00,2.84000e-02,
-5.9998381e-01,2.00001e-01,2.92000e-02,
-5.9969085e-01,-0.00000e+00,2.80000e-02,
-5.9939790e-01,-0.00000e+00,2.84000e-02,
-5.9910494e-01,-0.00000e+00,2.84000e-02,
-5.9881198e-01,-0.00000e+00,2.76000e-02,
-5.9851903e-01,-0.00000e+00,2.84000e-02,
-5.9822607e-01,-0.00000e+00,2.76000e-02,
-5.9793311e-01,2.00001e-01,2.92000e-02,
-5.9764016e-01,-0.00000e+00,2.88000e-02,
-5.9734720e-01,2.00001e-01,2.72000e-02,
-5.9705424e-01,-0.00000e+00,2.84000e-02,
-5.9676129e-01,2.00001e-01,2.84000e-02,
-5.9646833e-01,-0.00000e+00,2.96000e-02,
-5.9617537e-01,-0.00000e+00,2.92000e-02,
-5.9588242e-01,2.00001e-01,2.92000e-02,
-5.9558946e-01,2.00001e-01,2.80000e-02,
-5.9529650e-01,-0.00000e+00,2.92000e-02,
-5.9500355e-01,-0.00000e+00,2.84000e-02,
-5.9471059e-01,-0.00000e+00,2.80000e-02,
-5.9441763e-01,2.00001e-01,2.84000e-02,
-5.9412467e-01,-0.00000e+00,3.04000e-02,
-5.9383172e-01,-0.00000e+00,2.68000e-02,
-5.9353876e-01,2.00001e-01,2.96000e-02,
-5.9324580e-01,-0.00000e+00,2.96000e-02,
-5.9295285e-01,-0.00000e+00,2.84000e-02,
-5.9265989e-01,-0.00000e+00,2.84000e-02,
-5.9236693e-01,-0.00000e+00,2.92000e-02,
-5.9207398e-01,-0.00000e+00,3.00000e-02,
-5.9178102e-01,-0.00000e+00,2.92000e-02,
-5.9148806e-01,2.00001e-01,2.96000e-02,
-5.9119511e-01,2.00001e-01,2.80000e-02,
-5.9090215e-01,2.00001e-01,3.08000e-02,
-5.9060919e-01,-0.00000e+00,2.92000e-02,
-5.9031624e-01,-0.00000e+00,2.92000e-02,
-5.9002328e-01,2.00001e-01,3.04000e-02,
-5.8973032e-01,-0.00000e+00,2.92000e-02,
-5.8943737e-01,-0.00000e+00,2.84000e-02,
-5.8914441e-01,-0.00000e+00,2.92000e-02,
-5.8885145e-01,-0.00000e+00,2.96000e-02,
-5.8855850e-01,2.00001e-01,2.88000e-02,
-5.8826554e-01,-0.00000e+00,3.00000e-02,
-5.8797258e-01,-0.00000e+00,3.00000e-02,
-5.8767962e-01,2.00001e-01,2.76000e-02,
-5.8738667e-01,2.00001e-01,2.88000e-02,
-5.8709371e-01,-0.00000e+00,2.96000e-02,
-5.8680075e-01,-0.00000e+00,2.68000e-02,
-5.8650780e-01,-0.00000e+00,2.92000e-02,
-5.8621484e-01,-0.00000e+00,2.52000e-02,
-5.8592188e-01,-0.00000e+00,2.76000e-02,
-5.8562893e-01,-0.00000e+00,2.96000e-02,
-5.8533597e-01,-0.00000e+00,2.76000e-02,
-5.8504301e-01,-0.00000e+00,2.76000e-02,
-5.8475006e-01,-0.00000e+00,2.92000e-02,
-5.8445710e-01,-0.00000e+00,2.96000e-02,
-5.8416414e-01,-0.00000e+00,2.88000e-02,
-5.8387119e-01,-0.00000e+00,2.96000e-02,
-5.8357823e-01,2.00001e-01,2.96000e-02,
-5.8328527e-01,-0.00000e+00,2.84000e-02,
-5.8299232e-01,-0.00000e+00,2.96000e-02,
-5.8269936e-01,-0.00000e+00,2.84000e-02,
-5.8240640e-01,2.00001e-01,2.84000e-02,
-5.8211344e-01,-0.00000e+00,2.84000e-02,
-5.8182049e-01,2.00001e-01,2.88000e-02,
-5.8152753e-01,-0.00000e+00,2.84000e-02,
-5.8123457e-01,-0.00000e+00,2.96000e-02,
-5.8094162e-01,2.00001e-01,2.80000e-02,
-5.8064866e-01,-0.00000e+00,2.92000e-02,
-5.8035570e-01,-0.00000e+00,3.12000e-02,
-5.8006275e-01,-0.00000e+00,3.00000e-02,
-5.7976979e-01,-0.00000e+00,2.76000e-02,
-5.7947683e-01,2.00001e-01,2.80000e-02,
-5.7918388e-01,-0.00000e+00,2.92000e-02,
-5.7889092e-01,-0.00000e+00,2.92000e-02,
-5.7859796e-01,-0.00000e+00,2.84000e-02,
-5.7830501e-01,-0.00000e+00,2.88000e-02,
-5.7801205e-01,-0.00000e+00,2.80000e-02,
-5.7771909e-01,2.00001e-01,2.92000e-02,
-5.7742614e-01,-0.00000e+00,2.84000e-02,
-5.7713318e-01,-0.00000e+00,2.80000e-02,
-5.7684022e-01,-0.00000e+00,2.96000e-02,
-5.7654727e-01,-0.00000e+00,2.92000e-02,
-5.7625431e-01,2.00001e-01,2.96000e-02,
-5.7596135e-01,2.00001e-01,3.00000e-02,
-5.7566839e-01,-0.00000e+00,2.88000e-02,
-5.7537544e-01,-0.00000e+00,3.00000e-02,
-5.7508248e-01,-0.00000e+00,3.00000e-02,
-5.7478952e-01,-0.00000e+00,2.76000e-02,
-5.7449657e-01,2.00001e-01,2.92000e-02,
-5.7420361e-01,-0.00000e+00,3.16000e-02,
-5.7391065e-01,2.00001e-01,2.84000e-02,
-5.7361770e-01,-0.00000e+00,2.96000e-02,
-5.7332474e-01,-0.00000e+00,2.80000e-02,
-5.7303178e-01,2.00001e-01,2.92000e-02,
-5.7273883e-01,-0.00000e+00,2.84000e-02,
-5.7244587e-01,2.00001e-01,2.92000e-02,
-5.7215291e-01,-0.00000e+00,2.80000e-02,
-5.7185996e-01,-0.00000e+00,2.84000e-02,
-5.7156700e-01,2.00001e-01,3.00000e-02,
-5.7127404e-01,-0.00000e+00,2.84000e-02,
-5.7098109e-01,2.00001e-01,2.96000e-02,
-5.7068813e-01,2.00001e-01,3.00000e-02,
-5.7039517e-01,-0.00000e+00,2.92000e-02,
-5.7010221e-01,-0.00000e+00,2.84000e-02,
-5.6980926e-01,-0.00000e+00,2.84000e-02,
-5.6951630e-01,-0.00000e+00,2.88000e-02,
-5.6922334e-01,2.00001e-01,2.84000e-02,
-5.6893039e-01,-0.00000e+00,3.00000e-02,
-5.6863743e-01,-0.00000e+00,2.96000e-02,
-5.6834447e-01,-0.00000e+00,2.76000e-02,
-5.6805152e-01,2.00001e-01,3.00000e-02,
-5.6775856e-01,-0.00000e+00,3.12000e-02,
-5.6746560e-01,-0.00000e+00,2.92000e-02,
-5.6717265e-01,-0.00000e+00,3.00000e-02,
-5.6687969e-01,-0.00000e+00,2.88000e-02,
-5.6658673e-01,-0.00000e+00,2.96000e-02,
-5.6629378e-01,-0.00000e+00,2.80000e-02,
-5.6600082e-01,-0.00000e+00,2.88000e-02,
-5.6570786e-01,-0.00000e+00,2.92000e-02,
-5.6541491e-01,2.00001e-01,2.88000e-02,
-5.6512195e-01,-0.00000e+00,3.00000e-02,
-5.6482899e-01,2.00001e-01,2.84000e-02,
-5.6453604e-01,-0.00000e+00,2.84000e-02,
-5.6424308e-01,-0.00000e+00,3.04000e-02,
-5.6395012e-01,-0.00000e+00,3.00000e-02,
-5.6365716e-01,2.00001e-01,3.12000e-02,
-5.6336421e-01,-0.00000e+00,2.80000e-02,
-5.6307125e-01,-0.00000e+00,3.00000e-02,
-5.6277829e-01,-0.00000e+00,3.08000e-02,
-5.6248534e-01,-0.00000e+00,3.00000e-02,
-5.6219238e-01,-0.00000e+00,2.96000e-02,
-5.6189942e-01,-0.00000e+00,2.76000e-02,
-5.6160647e-01,-0.00000e+00,2.96000e-02,
-5.6131351e-01,2.00001e-01,2.72000e-02,
-5.6102055e-01,-0.00000e+00,2.92000e-02,
-5.6072760e-01,2.00001e-01,2.96000e-02,
-5.6043464e-01,-0.00000e+00,2.80000e-02,
-5.6014168e-01,-0.00000e+00,2.96000e-02,
-5.5984873e-01,2.00001e-01,2.92000e-02,
-5.5955577e-01,-0.00000e+00,2.96000e-02,
-5.5926281e-01,-0.00000e+00,3.00000e-02,
-5.5896986e-01,-0.00000e+00,2.84000e-02,
-5.5867690e-01,2.00001e-01,3.00000e-02,
-5.5838394e-01,-0.00000e+00,2.88000e-02,
-5.5809098e-01,-0.00000e+00,3.04000e-02,
-5.5779803e-01,2.00001e-01,2.88000e-02,
-5.5750507e-01,2.00001e-01,2.96000e-02,
-5.5721211e-01,-0.00000e+00,2.96000e-02,
-5.5691916e-01,2.00001e-01,2.84000e-02,
-5.5662620e-01,-0.00000e+00,2.92000e-02,
-5.5633324e-01,2.00001e-01,2.92000e-02,
-5.5604029e-01,-0.00000e+00,2.92000e-02,
-5.5574733e-01,2.00001e-01,3.08000e-02,
-5.5545437e-01,-0.00000e+00,3.00000e-02,
-5.5516142e-01,2.00001e-01,2.92000e-02,
-5.5486846e-01,-0.00000e+00,3.08000e-02,
-5.5457550e-01,2.00001e-01,3.00000e-02,
-5.5428255e-01,-0.00000e+00,2.92000e-02,
-5.5398959e-01,-0.00000e+00,2.96000e-02,
-5.5369663e-01,2.00001e-01,2.68000e-02,
-5.5340368e-01,2.00001e-01,3.64000e-02,
-5.5311072e-01,2.00001e-01,2.92000e-02,
-5.5281776e-01,-0.00000e+00,2.84000e-02,
-5.5252481e-01,-0.00000e+00,2.96000e-02,
-5.5223185e-01,-0.00000e+00,2.96000e-02,
-5.5193889e-01,-0.00000e+00,3.00000e-02,
-5.5164593e-01,-0.00000e+00,2.84000e-02,
-5.5135298e-01,-0.00000e+00,2.84000e-02,
-5.5106002e-01,2.00001e-01,3.08000e-02,
-5.5076706e-01,2.00001e-01,2.96000e-02,
-5.5047411e-01,-0.00000e+00,2.96000e-02,
-5.5018115e-01,2.00001e-01,3.00000e-02,
-5.4988819e-01,2.00001e-01,3.00000e-02,
-5.4959524e-01,2.00001e-01,2.92000e-02,
-5.4930228e-01,-0.00000e+00,3.00000e-02,
-5.4900932e-01,-0.00000e+00,3.00000e-02,
-5.4871637e-01,-0.00000e+00,3.00000e-02,
-5.4842341e-01,-0.00000e+00,2.84000e-02,
-5.4813045e-01,-0.00000e+00,3.00000e-02,
-5.4783750e-01,-0.00000e+00,2.96000e-02,
-5.4754454e-01,-0.00000e+00,2.92000e-02,
-5.4725158e-01,2.00001e-01,2.96000e-02,
-5.4695863e-01,-0.00000e+00,2.92000e-02,
-5.4666567e-01,-0.00000e+00,2.92000e-02,
-5.4637271e-01,2.00001e-01,2.96000e-02,
-5.4607975e-01,-0.00000e+00,3.00000e-02,
-5.4578680e-01,-0.00000e+00,2.92000e-02,
-5.4549384e-01,-0.00000e+00,2.80000e-02,
-5.4520088e-01,-0.00000e+00,3.08000e-02,
-5.4490793e-01,-0.00000e+00,2.92000e-02,
-5.4461497e-01,-0.00000e+00,2.72000e-02,
-5.4432201e-01,-0.00000e+00,3.00000e-02,
-5.4402906e-01,2.00001e-01,2.76000e-02,
-5.4373610e-01,-0.00000e+00,2.64000e-02,
-5.4344314e-01,-0.00000e+00,3.00000e-02,
-5.4315019e-01,-0.00000e+00,3.00000e-02,
-5.4285723e-01,2.00001e-01,3.00000e-02,
-5.4256427e-01,-0.00000e+00,3.08000e-02,
-5.4227132e-01,-0.00000e+00,2.80000e-02,
-5.4197836e-01,-0.00000e+00,3.08000e-02,
-5.4168540e-01,2.00001e-01,3.00000e-02,
-5.4139245e-01,-0.00000e+00,3.00000e-02,
-5.4109949e-01,-0.00000e+00,3.04000e-02,
-5.4080653e-01,2.00001e-01,2.96000e-02,
-5.4051358e-01,2.00001e-01,2.64000e-02,
-5.4022062e-01,2.00001e-01,3.00000e-02,
-5.3992766e-01,-0.00000e+00,3.00000e-02,
-5.3963470e-01,-0.00000e+00,3.00000e-02,
-5.3934175e-01,-0.00000e+00,2.92000e-02,
-5.3904879e-01,-0.00000e+00,3.00000e-02,
-5.3875583e-01,2.00001e-01,2.96000e-02,
-5.3846288e-01,-0.00000e+00,2.84000e-02,
-5.3816992e-01,2.00001e-01,3.04000e-02,
-5.3787696e-01,-0.00000e+00,3.00000e-02,
-5.3758401e-01,2.00001e-01,2.92000e-02,
-5.3729105e-01,-0.00000e+00,3.08000e-02,
-5.3699809e-01,2.00001e-01,3.00000e-02,
-5.3670514e-01,-0.00000e+00,3.00000e-02,
-5.3641218e-01,2.00001e-01,3.12000e-02,
-5.3611922e-01,-0.00000e+00,3.00000e-02,
-5.3582627e-01,2.00001e-01,3.00000e-02,
-5.3553331e-01,-0.00000e+00,2.84000e-02,
-5.3524035e-01,-0.00000e+00,2.96000e-02,
-5.3494740e-01,-0.00000e+00,2.88000e-02,
-5.3465444e-01,-0.00000e+00,3.16000e-02,
-5.3436148e-01,-0.00000e+00,3.00000e-02,
-5.3406852e-01,-0.00000e+00,3.16000e-02,
-5.3377557e-01,-0.00000e+00,3.00000e-02,
-5.3348261e-01,-0.00000e+00,2.96000e-02,
-5.3318965e-01,-0.00000e+00,2.84000e-02,
-5.3289670e-01,-0.00000e+00,2.96000e-02,
-5.3260374e-01,2.00001e-01,2.92000e-02,
-5.3231078e-01,-0.00000e+00,3.16000e-02,
-5.3201783e-01,2.00001e-01,3.00000e-02,
-5.3172487e-01,-0.00000e+00,2.84000e-02,
-5.3143191e-01,-0.00000e+00,3.00000e-02,
-5.3113896e-01,-0.00000e+00,3.00000e-02,
-5.3084600e-01,-0.00000e+00,3.00000e-02,
-5.3055304e-01,2.00001e-01,3.04000e-02,
-5.3026009e-01,2.00001e-01,3.12000e-02,
-5.2996713e-01,2.00001e-01,3.00000e-02,
-5.2967417e-01,-0.00000e+00,3.00000e-02,
-5.2938122e-01,2.00001e-01,3.00000e-02,
-5.2908826e-01,-0.00000e+00,3.00000e-02,
-5.2879530e-01,-0.00000e+00,3.04000e-02,
-5.2850235e-01,2.00001e-01,3.00000e-02,
-5.2820939e-01,2.00001e-01,3.04000e-02,
-5.2791643e-01,-0.00000e+00,2.96000e-02,
-5.2762347e-01,-0.00000e+00,2.96000e-02,
-5.2733052e-01,-0.00000e+00,3.12000e-02,
-5.2703756e-01,-0.00000e+00,3.04000e-02,
-5.2674460e-01,2.00001e-01,3.24000e-02,
-5.2645165e-01,-0.00000e+00,3.12000e-02,
-5.2615869e-01,2.00001e-01,2.92000e-02,
-5.2586573e-01,-0.00000e+00,3.00000e-02,
-5.2557278e-01,2.00001e-01,2.96000e-02,
-5.2527982e-01,2.00001e-01,2.92000e-02,
-5.2498686e-01,2.00001e-01,3.00000e-02,
-5.2469391e-01,-0.00000e+00,2.92000e-02,
-5.2440095e-01,2.00001e-01,3.00000e-02,
-5.2410799e-01,2.00001e-01,2.96000e-02,
-5.2381504e-01,2.00001e-01,2.96000e-02,
-5.2352208e-01,2.00001e-01,3.16000e-02,
-5.2322912e-01,-0.00000e+00,3.04000e-02,
-5.2293617e-01,-0.00000e+00,2.96000e-02,
-5.2264321e-01,2.00001e-01,2.92000e-02,
-5.2235025e-01,2.00001e-01,3.00000e-02,
-5.2205729e-01,-0.00000e+00,3.04000e-02,
-5.2176434e-01,-0.00000e+00,2.96000e-02,
-5.2147138e-01,-0.00000e+00,3.08000e-02,
-5.2117842e-01,2.00001e-01,2.68000e-02,
-5.2088547e-01,-0.00000e+00,3.04000e-02,
-5.2059251e-01,2.00001e-01,2.92000e-02,
-5.2029955e-01,2.00001e-01,2.96000e-02,
-5.2000660e-01,-0.00000e+00,2.80000e-02,
-5.1971364e-01,-0.00000e+00,2.92000e-02,
-5.1942068e-01,2.00001e-01,3.00000e-02,
-5.1912773e-01,-0.00000e+00,2.84000e-02,
-5.1883477e-01,-0.00000e+00,2.96000e-02,
-5.1854181e-01,2.00001e-01,3.04000e-02,
-5.1824886e-01,-0.00000e+00,2.84000e-02,
-5.1795590e-01,2.00001e-01,2.64000e-02,
-5.1766294e-01,-0.00000e+00,3.00000e-02,
-5.1736999e-01,-0.00000e+00,2.88000e-02,
-5.1707703e-01,-0.00000e+00,2.84000e-02,
-5.1678407e-01,-0.00000e+00,2.96000e-02,
-5.1649112e-01,2.00001e-01,2.92000e-02,
-5.1619816e-01,2.00001e-01,2.84000e-02,
-5.1590520e-01,-0.00000e+00,2.88000e-02,
-5.1561224e-01,-0.00000e+00,3.04000e-02,
-5.1531929e-01,-0.00000e+00,2.88000e-02,
-5.1502633e-01,-0.00000e+00,3.04000e-02,
-5.1473337e-01,-0.00000e+00,2.84000e-02,
-5.1444042e-01,-0.00000e+00,2.80000e-02,
-5.1414746e-01,-0.00000e+00,2.84000e-02,
-5.1385450e-01,-0.00000e+00,2.76000e-02,
-5.1356155e-01,2.00001e-01,2.80000e-02,
-5.1326859e-01,2.00001e-01,2.80000e-02,
-5.1297563e-01,-0.00000e+00,2.96000e-02,
-5.1268268e-01,2.00001e-01,2.84000e-02,
-5.1238972e-01,-0.00000e+00,2.92000e-02,
-5.1209676e-01,2.00001e-01,2.80000e-02,
-5.1180381e-01,2.00001e-01,2.76000e-02,
-5.1151085e-01,-0.00000e+00,2.84000e-02,
-5.1121789e-01,2.00001e-01,2.68000e-02,
-5.1092494e-01,-0.00000e+00,2.80000e-02,
-5.1063198e-01,-0.00000e+00,2.76000e-02,
-5.1033902e-01,-0.00000e+00,2.80000e-02,
-5.1004606e-01,2.00001e-01,2.80000e-02,
-5.0975311e-01,-0.00000e+00,2.76000e-02,
-5.0946015e-01,-0.00000e+00,2.76000e-02,
-5.0916719e-01,-0.00000e+00,2.68000e-02,
-5.0887424e-01,-0.00000e+00,2.64000e-02,
-5.0858128e-01,-0.00000e+00,2.72000e-02,
-5.0828832e-01,-0.00000e+00,2.64000e-02,
-5.0799537e-01,2.00001e-01,2.68000e-02,
-5.0770241e-01,2.00001e-01,2.68000e-02,
-5.0740945e-01,2.00001e-01,2.72000e-02,
-5.0711650e-01,-0.00000e+00,2.72000e-02,
-5.0682354e-01,2.00001e-01,2.76000e-02,
-5.0653058e-01,-0.00000e+00,2.60000e-02,
-5.0623763e-01,-0.00000e+00,2.60000e-02,
-5.0594467e-01,-0.00000e+00,2.68000e-02,
-5.0565171e-01,-0.00000e+00,2.68000e-02,
-5.0535876e-01,-0.00000e+00,2.64000e-02,
-5.0506580e-01,-0.00000e+00,2.60000e-02,
-5.0477284e-01,2.00001e-01,2.64000e-02,
-5.0447989e-01,2.00001e-01,2.52000e-02,
-5.0418693e-01,-0.00000e+00,2.60000e-02,
-5.0389397e-01,-0.00000e+00,2.52000e-02,
-5.0360101e-01,-0.00000e+00,2.56000e-02,
-5.0330806e-01,2.00001e-01,2.88000e-02,
-5.0301510e-01,-0.00000e+00,2.52000e-02,
-5.0272214e-01,-0.00000e+00,2.68000e-02,
-5.0242919e-01,-0.00000e+00,2.68000e-02,
-5.0213623e-01,2.00001e-01,2.60000e-02,
-5.0184327e-01,-0.00000e+00,2.60000e-02,
-5.0155032e-01,-0.00000e+00,2.48000e-02,
-5.0125736e-01,-0.00000e+00,2.56000e-02,
-5.0096440e-01,-0.00000e+00,2.52000e-02,
-5.0067145e-01,-0.00000e+00,2.60000e-02,
-5.0037849e-01,-0.00000e+00,2.48000e-02,
-5.0008553e-01,2.00001e-01,2.44000e-02,
-4.9979258e-01,-0.00000e+00,2.52000e-02,
-4.9949962e-01,2.00001e-01,2.48000e-02,
-4.9920666e-01,-0.00000e+00,2.68000e-02,
-4.9891371e-01,-0.00000e+00,2.32000e-02,
-4.9862075e-01,2.00001e-01,2.52000e-02,
-4.9832779e-01,-0.00000e+00,2.52000e-02,
-4.9803483e-01,-0.00000e+00,2.40000e-02,
-4.9774188e-01,-0.00000e+00,2.48000e-02,
-4.9744892e-01,-0.00000e+00,2.48000e-02,
-4.9715596e-01,2.00001e-01,2.44000e-02,
-4.9686301e-01,-0.00000e+00,2.48000e-02,
-4.9657005e-01,-0.00000e+00,2.60000e-02,
-4.9627709e-01,-0.00000e+00,2.40000e-02,
-4.9598414e-01,2.00001e-01,2.48000e-02,
-4.9569118e-01,-0.00000e+00,2.40000e-02,
-4.9539822e-01,2.00001e-01,2.40000e-02,
-4.9510527e-01,-0.00000e+00,2.40000e-02,
-4.9481231e-01,-0.00000e+00,2.40000e-02,
-4.9451935e-01,-0.00000e+00,2.40000e-02,
-4.9422640e-01,2.00001e-01,2.60000e-02,
-4.9393344e-01,-0.00000e+00,2.08000e-02,
-4.9364048e-01,2.00001e-01,2.32000e-02,
-4.9334753e-01,-0.00000e+00,2.24000e-02,
-4.9305457e-01,2.00001e-01,2.32000e-02,
-4.9276161e-01,-0.00000e+00,2.36000e-02,
-4.9246866e-01,2.00001e-01,2.28000e-02,
-4.9217570e-01,2.00001e-01,2.32000e-02,
-4.9188274e-01,2.00001e-01,2.24000e-02,
-4.9158978e-01,-0.00000e+00,2.08000e-02,
-4.9129683e-01,2.00001e-01,2.32000e-02,
-4.9100387e-01,-0.00000e+00,2.60000e-02,
-4.9071091e-01,-0.00000e+00,2.36000e-02,
-4.9041796e-01,2.00001e-01,2.36000e-02,
-4.9012500e-01,2.00001e-01,2.36000e-02,
-4.8983204e-01,2.00001e-01,2.40000e-02,
-4.8953909e-01,-0.00000e+00,2.28000e-02,
-4.8924613e-01,-0.00000e+00,2.32000e-02,
-4.8895317e-01,-0.00000e+00,2.28000e-02,
-4.8866022e-01,-0.00000e+00,2.20000e-02,
-4.8836726e-01,-0.00000e+00,2.24000e-02,
-4.8807430e-01,-0.00000e+00,2.24000e-02,
-4.8778135e-01,-0.00000e+00,2.16000e-02,
-4.8748839e-01,-0.00000e+00,2.24000e-02,
-4.8719543e-01,-0.00000e+00,2.24000e-02,
-4.8690248e-01,-0.00000e+00,2.20000e-02,
-4.8660952e-01,2.00001e-01,2.08000e-02,
-4.8631656e-01,2.00001e-01,2.24000e-02,
-4.8602360e-01,-0.00000e+00,2.24000e-02,
-4.8573065e-01,2.00001e-01,2.16000e-02,
-4.8543769e-01,2.00001e-01,2.28000e-02,
-4.8514473e-01,-0.00000e+00,2.08000e-02,
-4.8485178e-01,-0.00000e+00,2.24000e-02,
-4.8455882e-01,-0.00000e+00,2.36000e-02,
-4.8426586e-01,-0.00000e+00,2.08000e-02,
-4.8397291e-01,-0.00000e+00,2.04000e-02,
-4.8367995e-01,2.00001e-01,2.16000e-02,
-4.8338699e-01,-0.00000e+00,2.16000e-02,
-4.8309404e-01,-0.00000e+00,2.16000e-02,
-4.8280108e-01,-0.00000e+00,2.08000e-02,
-4.8250812e-01,-0.00000e+00,2.04000e-02,
-4.8221517e-01,2.00001e-01,2.12000e-02,
-4.8192221e-01,2.00001e-01,2.00000e-02,
-4.8162925e-01,-0.00000e+00,2.16000e-02,
-4.8133630e-01,2.00001e-01,2.08000e-02,
-4.8104334e-01,-0.00000e+00,2.08000e-02,
-4.8075038e-01,2.00001e-01,2.16000e-02,
-4.8045743e-01,-0.00000e+00,1.96000e-02,
-4.8016447e-01,-0.00000e+00,2.04000e-02,
-4.7987151e-01,-0.00000e+00,2.08000e-02,
-4.7957855e-01,2.00001e-01,1.64000e-02,
-4.7928560e-01,-0.00000e+00,2.00000e-02,
-4.7899264e-01,2.00001e-01,2.08000e-02,
-4.7869968e-01,-0.00000e+00,2.12000e-02,
-4.7840673e-01,2.00001e-01,2.08000e-02,
-4.7811377e-01,2.00001e-01,2.00000e-02,
-4.7782081e-01,2.00001e-01,2.16000e-02,
-4.7752786e-01,-0.00000e+00,2.04000e-02,
-4.7723490e-01,2.00001e-01,2.04000e-02,
-4.7694194e-01,-0.00000e+00,2.00000e-02,
-4.7664899e-01,-0.00000e+00,2.00000e-02,
-4.7635603e-01,-0.00000e+00,2.00000e-02,
-4.7606307e-01,-0.00000e+00,1.92000e-02,
-4.7577012e-01,-0.00000e+00,2.04000e-02,
-4.7547716e-01,-0.00000e+00,2.00000e-02,
-4.7518420e-01,-0.00000e+00,1.92000e-02,
-4.7489125e-01,-0.00000e+00,1.92000e-02,
-4.7459829e-01,-0.00000e+00,2.08000e-02,
-4.7430533e-01,-0.00000e+00,1.76000e-02,
-4.7401237e-01,-0.00000e+00,2.04000e-02,
-4.7371942e-01,2.00001e-01,1.92000e-02,
-4.7342646e-01,-0.00000e+00,1.92000e-02,
-4.7313350e-01,-0.00000e+00,1.92000e-02,
-4.7284055e-01,2.00001e-01,2.04000e-02,
-4.7254759e-01,2.00001e-01,1.84000e-02,
-4.7225463e-01,-0.00000e+00,1.92000e-02,
-4.7196168e-01,-0.00000e+00,1.92000e-02,
-4.7166872e-01,-0.00000e+00,2.00000e-02,
-4.7137576e-01,-0.00000e+00,2.12000e-02,
-4.7108281e-01,-0.00000e+00,1.88000e-02,
-4.7078985e-01,2.00001e-01,1.92000e-02,
-4.7049689e-01,2.00001e-01,1.88000e-02,
-4.7020394e-01,-0.00000e+00,1.92000e-02,
-4.6991098e-01,-0.00000e+00,1.92000e-02,
-4.6961802e-01,-0.00000e+00,1.88000e-02,
-4.6932507e-01,-0.00000e+00,1.88000e-02,
-4.6903211e-01,2.00001e-01,1.92000e-02,
-4.6873915e-01,-0.00000e+00,1.76000e-02,
-4.6844620e-01,-0.00000e+00,1.88000e-02,
-4.6815324e-01,-0.00000e+00,1.76000e-02,
-4.6786028e-01,-0.00000e+00,1.88000e-02,
-4.6756732e-01,-0.00000e+00,1.76000e-02,
-4.6727437e-01,-0.00000e+00,1.76000e-02,
-4.6698141e-01,-0.00000e+00,1.76000e-02,
-4.6668845e-01,-0.00000e+00,1.88000e-02,
-4.6639550e-01,-0.00000e+00,1.84000e-02,
-4.6610254e-01,-0.00000e+00,1.92000e-02,
-4.6580958e-01,-0.00000e+00,1.72000e-02,
-4.6551663e-01,-0.00000e+00,1.76000e-02,
-4.6522367e-01,-0.00000e+00,1.88000e-02,
-4.6493071e-01,2.00001e-01,2.24000e-02,
-4.6463776e-01,-0.00000e+00,1.92000e-02,
-4.6434480e-01,-0.00000e+00,1.92000e-02,
-4.6405184e-01,2.00001e-01,1.84000e-02,
-4.6375889e-01,2.00001e-01,1.92000e-02,
-4.6346593e-01,2.00001e-01,1.80000e-02,
-4.6317297e-01,-0.00000e+00,1.56000e-02,
-4.6288002e-01,2.00001e-01,1.76000e-02,
-4.6258706e-01,-0.00000e+00,1.60000e-02,
-4.6229410e-01,2.00001e-01,1.84000e-02,
-4.6200114e-01,-0.00000e+00,2.08000e-02,
-4.6170819e-01,-0.00000e+00,1.76000e-02,
-4.6141523e-01,2.00001e-01,2.16000e-02,
-4.6112227e-01,-0.00000e+00,1.76000e-02,
-4.6082932e-01,-0.00000e+00,1.80000e-02,
-4.6053636e-01,-0.00000e+00,1.64000e-02,
-4.6024340e-01,-0.00000e+00,1.72000e-02,
-4.5995045e-01,2.00001e-01,1.76000e-02,
-4.5965749e-01,-0.00000e+00,1.76000e-02,
-4.5936453e-01,2.00001e-01,1.68000e-02,
-4.5907158e-01,-0.00000e+00,1.60000e-02,
-4.5877862e-01,-0.00000e+00,1.76000e-02,
-4.5848566e-01,-0.00000e+00,1.52000e-02,
-4.5819271e-01,2.00001e-01,1.76000e-02,
-4.5789975e-01,-0.00000e+00,1.84000e-02,
-4.5760679e-01,-0.00000e+00,1.80000e-02,
-4.5731384e-01,2.00001e-01,1.68000e-02,
-4.5702088e-01,-0.00000e+00,1.76000e-02,
-4.5672792e-01,2.00001e-01,1.76000e-02,
-4.5643497e-01,-0.00000e+00,1.60000e-02,
-4.5614201e-01,-0.00000e+00,1.76000e-02,
-4.5584905e-01,-0.00000e+00,1.68000e-02,
-4.5555609e-01,2.00001e-01,1.84000e-02,
-4.5526314e-01,-0.00000e+00,1.60000e-02,
-4.5497018e-01,2.00001e-01,1.32000e-02,
-4.5467722e-01,2.00001e-01,1.68000e-02,
-4.5438427e-01,-0.00000e+00,1.72000e-02,
-4.5409131e-01,-0.00000e+00,1.60000e-02,
-4.5379835e-01,2.00001e-01,1.72000e-02,
-4.5350540e-01,-0.00000e+00,1.60000e-02,
-4.5321244e-01,2.00001e-01,1.80000e-02,
-4.5291948e-01,2.00001e-01,1.72000e-02,
-4.5262653e-01,-0.00000e+00,1.84000e-02,
-4.5233357e-01,-0.00000e+00,1.72000e-02,
-4.5204061e-01,2.00001e-01,1.68000e-02,
-4.5174766e-01,2.00001e-01,1.64000e-02,
-4.5145470e-01,2.00001e-01,1.56000e-02,
-4.5116174e-01,2.00001e-01,1.64000e-02,
-4.5086879e-01,-0.00000e+00,1.40000e-02,
-4.5057583e-01,-0.00000e+00,1.60000e-02,
-4.5028287e-01,-0.00000e+00,1.68000e-02,
-4.4998991e-01,-0.00000e+00,1.52000e-02,
-4.4969696e-01,-0.00000e+00,1.64000e-02,
-4.4940400e-01,-0.00000e+00,1.68000e-02,
-4.4911104e-01,2.00001e-01,1.60000e-02,
-4.4881809e-01,2.00001e-01,1.84000e-02,
-4.4852513e-01,-0.00000e+00,1.72000e-02,
-4.4823217e-01,2.00001e-01,1.56000e-02,
-4.4793922e-01,-0.00000e+00,1.60000e-02,
-4.4764626e-01,-0.00000e+00,1.68000e-02,
-4.4735330e-01,2.00001e-01,1.44000e-02,
-4.4706035e-01,2.00001e-01,1.72000e-02,
-4.4676739e-01,-0.00000e+00,1.60000e-02,
-4.4647443e-01,2.00001e-01,1.60000e-02,
-4.4618148e-01,-0.00000e+00,1.64000e-02,
-4.4588852e-01,-0.00000e+00,1.52000e-02,
-4.4559556e-01,-0.00000e+00,1.60000e-02,
-4.4530261e-01,2.00001e-01,1.52000e-02,
-4.4500965e-01,-0.00000e+00,1.60000e-02,
-4.4471669e-01,-0.00000e+00,1.56000e-02,
-4.4442374e-01,-0.00000e+00,1.64000e-02,
-4.4413078e-01,-0.00000e+00,1.60000e-02,
-4.4383782e-01,-0.00000e+00,1.60000e-02,
-4.4354486e-01,-0.00000e+00,1.68000e-02,
-4.4325191e-01,-0.00000e+00,1.52000e-02,
-4.4295895e-01,2.00001e-01,1.44000e-02,
-4.4266599e-01,-0.00000e+00,1.64000e-02,
-4.4237304e-01,-0.00000e+00,1.68000e-02,
-4.4208008e-01,-0.00000e+00,1.56000e-02,
-4.4178712e-01,2.00001e-01,1.48000e-02,
-4.4149417e-01,2.00001e-01,1.60000e-02,
-4.4120121e-01,2.00001e-01,1.48000e-02,
-4.4090825e-01,-0.00000e+00,1.64000e-02,
-4.4061530e-01,-0.00000e+00,1.68000e-02,
-4.4032234e-01,2.00001e-01,1.52000e-02,
-4.4002938e-01,-0.00000e+00,1.60000e-02,
-4.3973643e-01,-0.00000e+00,1.28000e-02,
-4.3944347e-01,-0.00000e+00,1.60000e-02,
-4.3915051e-01,2.00001e-01,1.52000e-02,
-4.3885756e-01,-0.00000e+00,1.56000e-02,
-4.3856460e-01,2.00001e-01,1.44000e-02,
-4.3827164e-01,-0.00000e+00,1.60000e-02,
-4.3797868e-01,-0.00000e+00,1.44000e-02,
-4.3768573e-01,2.00001e-01,1.60000e-02,
-4.3739277e-01,-0.00000e+00,1.56000e-02,
-4.3709981e-01,-0.00000e+00,1.60000e-02,
-4.3680686e-01,-0.00000e+00,1.28000e-02,
-4.3651390e-01,-0.00000e+00,1.64000e-02,
-4.3622094e-01,-0.00000e+00,1.52000e-02,
-4.3592799e-01,2.00001e-01,1.56000e-02,
-4.3563503e-01,-0.00000e+00,1.56000e-02,
-4.3534207e-01,2.00001e-01,1.60000e-02,
-4.3504912e-01,-0.00000e+00,1.48000e-02,
-4.3475616e-01,-0.00000e+00,1.36000e-02,
-4.3446320e-01,-0.00000e+00,1.44000e-02,
-4.3417025e-01,-0.00000e+00,9.60000e-03,
-4.3387729e-01,2.00001e-01,1.76000e-02,
-4.3358433e-01,2.00001e-01,1.44000e-02,
-4.3329138e-01,2.00001e-01,1.60000e-02,
-4.3299842e-01,-0.00000e+00,1.44000e-02,
-4.3270546e-01,-0.00000e+00,1.52000e-02,
-4.3241251e-01,2.00001e-01,1.56000e-02,
-4.3211955e-01,-0.00000e+00,1.52000e-02,
-4.3182659e-01,2.00001e-01,1.60000e-02,
-4.3153363e-01,2.00001e-01,1.52000e-02,
-4.3124068e-01,-0.00000e+00,1.48000e-02,
-4.3094772e-01,-0.00000e+00,1.52000e-02,
-4.3065476e-01,-0.00000e+00,1.52000e-02,
-4.3036181e-01,-0.00000e+00,1.60000e-02,
-4.3006885e-01,2.00001e-01,1.40000e-02,
-4.2977589e-01,-0.00000e+00,1.68000e-02,
-4.2948294e-01,-0.00000e+00,1.56000e-02,
-4.2918998e-01,2.00001e-01,1.68000e-02,
-4.2889702e-01,2.00001e-01,1.64000e-02,
-4.2860407e-01,2.00001e-01,1.60000e-02,
-4.2831111e-01,-0.00000e+00,1.56000e-02,
-4.2801815e-01,-0.00000e+00,1.68000e-02,
-4.2772520e-01,2.00001e-01,1.92000e-02,
-4.2743224e-01,-0.00000e+00,1.64000e-02,
-4.2713928e-01,2.00001e-01,1.60000e-02,
-4.2684633e-01,-0.00000e+00,1.56000e-02,
-4.2655337e-01,-0.00000e+00,1.68000e-02,
-4.2626041e-01,2.00001e-01,1.72000e-02,
-4.2596745e-01,2.00001e-01,1.60000e-02,
-4.2567450e-01,-0.00000e+00,1.60000e-02,
-4.2538154e-01,2.00001e-01,1.68000e-02,
-4.2508858e-01,-0.00000e+00,1.68000e-02,
-4.2479563e-01,-0.00000e+00,1.72000e-02,
-4.2450267e-01,-0.00000e+00,1.68000e-02,
-4.2420971e-01,-0.00000e+00,1.56000e-02,
-4.2391676e-01,-0.00000e+00,1.60000e-02,
-4.2362380e-01,-0.00000e+00,1.60000e-02,
-4.2333084e-01,-0.00000e+00,1.76000e-02,
-4.2303789e-01,-0.00000e+00,1.72000e-02,
-4.2274493e-01,2.00001e-01,1.68000e-02,
-4.2245197e-01,-0.00000e+00,1.76000e-02,
-4.2215902e-01,2.00001e-01,1.76000e-02,
-4.2186606e-01,-0.00000e+00,1.76000e-02,
-4.2157310e-01,2.00001e-01,1.76000e-02,
-4.2128015e-01,2.00001e-01,1.68000e-02,
-4.2098719e-01,-0.00000e+00,1.72000e-02,
-4.2069423e-01,2.00001e-01,1.72000e-02,
-4.2040128e-01,-0.00000e+00,1.92000e-02,
-4.2010832e-01,-0.00000e+00,1.88000e-02,
-4.1981536e-01,-0.00000e+00,1.76000e-02,
-4.1952240e-01,-0.00000e+00,1.68000e-02,
-4.1922945e-01,-0.00000e+00,1.76000e-02,
-4.1893649e-01,-0.00000e+00,1.76000e-02,
-4.1864353e-01,-0.00000e+00,1.80000e-02,
-4.1835058e-01,2.00001e-01,1.76000e-02,
-4.1805762e-01,-0.00000e+00,1.76000e-02,
-4.1776466e-01,-0.00000e+00,1.72000e-02,
-4.1747171e-01,-0.00000e+00,1.76000e-02,
-4.1717875e-01,-0.00000e+00,1.88000e-02,
-4.1688579e-01,2.00001e-01,1.84000e-02,
-4.1659284e-01,-0.00000e+00,1.72000e-02,
-4.1629988e-01,2.00001e-01,1.92000e-02,
-4.1600692e-01,-0.00000e+00,1.88000e-02,
-4.1571397e-01,2.00001e-01,1.84000e-02,
-4.1542101e-01,2.00001e-01,1.76000e-02,
-4.1512805e-01,-0.00000e+00,1.72000e-02,
-4.1483510e-01,-0.00000e+00,2.16000e-02,
-4.1454214e-01,-0.00000e+00,1.68000e-02,
-4.1424918e-01,2.00001e-01,1.60000e-02,
-4.1395622e-01,-0.00000e+00,1.44000e-02,
-4.1366327e-01,2.00001e-01,1.68000e-02,
-4.1337031e-01,-0.00000e+00,1.76000e-02,
-4.1307735e-01,-0.00000e+00,1.84000e-02,
-4.1278440e-01,-0.00000e+00,1.76000e-02,
-4.1249144e-01,-0.00000e+00,1.76000e-02,
-4.1219848e-01,2.00001e-01,1.84000e-02,
-4.1190553e-01,-0.00000e+00,1.84000e-02,
-4.1161257e-01,2.00001e-01,1.84000e-02,
-4.1131961e-01,-0.00000e+00,1.76000e-02,
-4.1102666e-01,-0.00000e+00,1.76000e-02,
-4.1073370e-01,-0.00000e+00,1.92000e-02,
-4.1044074e-01,-0.00000e+00,1.80000e-02,
-4.1014779e-01,2.00001e-01,1.76000e-02,
-4.0985483e-01,-0.00000e+00,1.72000e-02,
-4.0956187e-01,-0.00000e+00,1.92000e-02,
-4.0926892e-01,2.00001e-01,1.76000e-02,
-4.0897596e-01,2.00001e-01,1.76000e-02,
-4.0868300e-01,2.00001e-01,1.76000e-02,
-4.0839005e-01,2.00001e-01,1.76000e-02,
-4.0809709e-01,2.00001e-01,1.84000e-02,
-4.0780413e-01,2.00001e-01,1.72000e-02,
-4.0751117e-01,-0.00000e+00,1.88000e-02,
-4.0721822e-01,-0.00000e+00,1.80000e-02,
-4.0692526e-01,-0.00000e+00,1.76000e-02,
-4.0663230e-01,2.00001e-01,1.80000e-02,
-4.0633935e-01,2.00001e-01,1.76000e-02,
-4.0604639e-01,-0.00000e+00,1.56000e-02,
-4.0575343e-01,-0.00000e+00,1.72000e-02,
-4.0546048e-01,-0.00000e+00,1.84000e-02,
-4.0516752e-01,2.00001e-01,1.60000e-02,
-4.0487456e-01,-0.00000e+00,1.76000e-02,
-4.0458161e-01,-0.00000e+00,1.72000e-02,
-4.0428865e-01,-0.00000e+00,1.60000e-02,
-4.0399569e-01,-0.00000e+00,2.12000e-02,
-4.0370274e-01,-0.00000e+00,1.72000e-02,
-4.0340978e-01,-0.00000e+00,1.76000e-02,
-4.0311682e-01,-0.00000e+00,1.76000e-02,
-4.0282387e-01,2.00001e-01,1.72000e-02,
-4.0253091e-01,-0.00000e+00,1.64000e-02,
-4.0223795e-01,2.00001e-01,1.72000e-02,
-4.0194499e-01,2.00001e-01,1.64000e-02,
-4.0165204e-01,-0.00000e+00,1.68000e-02,
-4.0135908e-01,-0.00000e+00,1.68000e-02,
-4.0106612e-01,-0.00000e+00,1.72000e-02,
-4.0077317e-01,-0.00000e+00,1.88000e-02,
-4.0048021e-01,2.00001e-01,1.76000e-02,
-4.0018725e-01,-0.00000e+00,2.08000e-02,
-3.9989430e-01,2.00001e-01,1.80000e-02,
-3.9960134e-01,2.00001e-01,1.52000e-02,
-3.9930838e-01,2.00001e-01,1.76000e-02,
-3.9901543e-01,-0.00000e+00,1.72000e-02,
-3.9872247e-01,-0.00000e+00,1.60000e-02,
-3.9842951e-01,-0.00000e+00,1.60000e-02,
-3.9813656e-01,-0.00000e+00,1.80000e-02,
-3.9784360e-01,2.00001e-01,1.60000e-02,
-3.9755064e-01,2.00001e-01,1.72000e-02,
-3.9725769e-01,-0.00000e+00,1.76000e-02,
-3.9696473e-01,-0.00000e+00,1.60000e-02,
-3.9667177e-01,2.00001e-01,1.72000e-02,
-3.9637882e-01,2.00001e-01,1.84000e-02,
-3.9608586e-01,-0.00000e+00,1.68000e-02,
-3.9579290e-01,-0.00000e+00,1.76000e-02,
-3.9549994e-01,2.00001e-01,1.76000e-02,
-3.9520699e-01,2.00001e-01,1.60000e-02,
-3.9491403e-01,-0.00000e+00,1.60000e-02,
-3.9462107e-01,2.00001e-01,2.08000e-02,
-3.9432812e-01,2.00001e-01,1.60000e-02,
-3.9403516e-01,-0.00000e+00,1.76000e-02,
-3.9374220e-01,-0.00000e+00,1.60000e-02,
-3.9344925e-01,2.00001e-01,1.76000e-02,
-3.9315629e-01,-0.00000e+00,1.76000e-02,
-3.9286333e-01,-0.00000e+00,1.64000e-02,
-3.9257038e-01,2.00001e-01,1.56000e-02,
-3.9227742e-01,-0.00000e+00,1.76000e-02,
-3.9198446e-01,-0.00000e+00,1.76000e-02,
-3.9169151e-01,-0.00000e+00,1.64000e-02,
-3.9139855e-01,-0.00000e+00,1.52000e-02,
-3.9110559e-01,-0.00000e+00,1.72000e-02,
-3.9081264e-01,-0.00000e+00,1.68000e-02,
-3.9051968e-01,2.00001e-01,1.72000e-02,
-3.9022672e-01,-0.00000e+00,1.76000e-02,
-3.8993376e-01,-0.00000e+00,1.68000e-02,
-3.8964081e-01,-0.00000e+00,1.60000e-02,
-3.8934785e-01,-0.00000e+00,1.56000e-02,
-3.8905489e-01,-0.00000e+00,1.76000e-02,
-3.8876194e-01,-0.00000e+00,1.60000e-02,
-3.8846898e-01,2.00001e-01,1.68000e-02,
-3.8817602e-01,-0.00000e+00,1.72000e-02,
-3.8788307e-01,-0.00000e+00,1.68000e-02,
-3.8759011e-01,-0.00000e+00,1.72000e-02,
-3.8729715e-01,2.00001e-01,1.72000e-02,
-3.8700420e-01,-0.00000e+00,1.60000e-02,
-3.8671124e-01,2.00001e-01,1.60000e-02,
-3.8641828e-01,-0.00000e+00,1.52000e-02,
-3.8612533e-01,-0.00000e+00,1.60000e-02,
-3.8583237e-01,-0.00000e+00,1.56000e-02,
-3.8553941e-01,-0.00000e+00,1.60000e-02,
-3.8524646e-01,-0.00000e+00,1.48000e-02,
-3.8495350e-01,-0.00000e+00,1.60000e-02,
-3.8466054e-01,-0.00000e+00,1.76000e-02,
-3.8436759e-01,-0.00000e+00,1.68000e-02,
-3.8407463e-01,-0.00000e+00,1.68000e-02,
-3.8378167e-01,2.00001e-01,1.64000e-02,
-3.8348871e-01,-0.00000e+00,1.68000e-02,
-3.8319576e-01,2.00001e-01,1.44000e-02,
-3.8290280e-01,-0.00000e+00,1.68000e-02,
-3.8260984e-01,2.00001e-01,1.44000e-02,
-3.8231689e-01,-0.00000e+00,1.60000e-02,
-3.8202393e-01,-0.00000e+00,1.60000e-02,
-3.8173097e-01,2.00001e-01,1.52000e-02,
-3.8143802e-01,-0.00000e+00,1.56000e-02,
-3.8114506e-01,-0.00000e+00,1.60000e-02,
-3.8085210e-01,-0.00000e+00,1.36000e-02,
-3.8055915e-01,-0.00000e+00,1.64000e-02,
-3.8026619e-01,2.00001e-01,1.60000e-02,
-3.7997323e-01,-0.00000e+00,1.44000e-02,
-3.7968028e-01,2.00001e-01,1.60000e-02,
-3.7938732e-01,2.00001e-01,1.52000e-02,
-3.7909436e-01,-0.00000e+00,1.48000e-02,
-3.7880141e-01,-0.00000e+00,1.56000e-02,
-3.7850845e-01,-0.00000e+00,1.76000e-02,
-3.7821549e-01,2.00001e-01,1.60000e-02,
-3.7792253e-01,2.00001e-01,1.60000e-02,
-3.7762958e-01,-0.00000e+00,1.56000e-02,
-3.7733662e-01,-0.00000e+00,1.72000e-02,
-3.7704366e-01,-0.00000e+00,1.60000e-02,
-3.7675071e-01,-0.00000e+00,1.96000e-02,
-3.7645775e-01,-0.00000e+00,1.64000e-02,
-3.7616479e-01,2.00001e-01,1.40000e-02,
-3.7587184e-01,2.00001e-01,1.52000e-02,
-3.7557888e-01,-0.00000e+00,1.60000e-02,
-3.7528592e-01,-0.00000e+00,1.60000e-02,
-3.7499297e-01,-0.00000e+00,1.68000e-02,
-3.7470001e-01,-0.00000e+00,1.60000e-02,
-3.7440705e-01,2.00001e-01,1.56000e-02,
-3.7411410e-01,-0.00000e+00,1.76000e-02,
-3.7382114e-01,2.00001e-01,1.44000e-02,
-3.7352818e-01,-0.00000e+00,1.64000e-02,
-3.7323523e-01,2.00001e-01,1.56000e-02,
-3.7294227e-01,2.00001e-01,1.36000e-02,
-3.7264931e-01,2.00001e-01,1.92000e-02,
-3.7235636e-01,-0.00000e+00,1.60000e-02,
-3.7206340e-01,-0.00000e+00,1.64000e-02,
-3.7177044e-01,-0.00000e+00,1.60000e-02,
-3.7147748e-01,-0.00000e+00,1.72000e-02,
-3.7118453e-01,-0.00000e+00,1.60000e-02,
-3.7089157e-01,-0.00000e+00,1.56000e-02,
-3.7059861e-01,-0.00000e+00,1.56000e-02,
-3.7030566e-01,-0.00000e+00,1.48000e-02,
-3.7001270e-01,-0.00000e+00,1.52000e-02,
-3.6971974e-01,-0.00000e+00,1.56000e-02,
-3.6942679e-01,-0.00000e+00,1.52000e-02,
-3.6913383e-01,-0.00000e+00,1.60000e-02,
-3.6884087e-01,-0.00000e+00,1.56000e-02,
-3.6854792e-01,-0.00000e+00,1.60000e-02,
-3.6825496e-01,2.00001e-01,1.60000e-02,
-3.6796200e-01,2.00001e-01,1.60000e-02,
-3.6766905e-01,-0.00000e+00,1.44000e-02,
-3.6737609e-01,-0.00000e+00,1.48000e-02,
-3.6708313e-01,-0.00000e+00,1.56000e-02,
-3.6679018e-01,2.00001e-01,1.72000e-02,
-3.6649722e-01,2.00001e-01,1.60000e-02,
-3.6620426e-01,-0.00000e+00,1.56000e-02,
-3.6591130e-01,2.00001e-01,1.52000e-02,
-3.6561835e-01,-0.00000e+00,1.48000e-02,
-3.6532539e-01,2.00001e-01,1.56000e-02,
-3.6503243e-01,-0.00000e+00,1.44000e-02,
-3.6473948e-01,-0.00000e+00,1.56000e-02,
-3.6444652e-01,-0.00000e+00,1.44000e-02,
-3.6415356e-01,2.00001e-01,2.00000e-02,
-3.6386061e-01,-0.00000e+00,1.68000e-02,
-3.6356765e-01,-0.00000e+00,1.44000e-02,
-3.6327469e-01,-0.00000e+00,1.56000e-02,
-3.6298174e-01,2.00001e-01,1.72000e-02,
-3.6268878e-01,-0.00000e+00,1.48000e-02,
-3.6239582e-01,2.00001e-01,1.68000e-02,
-3.6210287e-01,-0.00000e+00,1.56000e-02,
-3.6180991e-01,2.00001e-01,1.76000e-02,
-3.6151695e-01,-0.00000e+00,1.56000e-02,
-3.6122400e-01,-0.00000e+00,1.52000e-02,
-3.6093104e-01,2.00001e-01,1.52000e-02,
-3.6063808e-01,2.00001e-01,1.44000e-02,
-3.6034513e-01,-0.00000e+00,1.56000e-02,
-3.6005217e-01,2.00001e-01,1.76000e-02,
-3.5975921e-01,-0.00000e+00,1.56000e-02,
-3.5946625e-01,2.00001e-01,1.44000e-02,
-3.5917330e-01,-0.00000e+00,1.48000e-02,
-3.5888034e-01,2.00001e-01,1.48000e-02,
-3.5858738e-01,2.00001e-01,1.76000e-02,
-3.5829443e-01,2.00001e-01,1.44000e-02,
-3.5800147e-01,-0.00000e+00,1.52000e-02,
-3.5770851e-01,2.00001e-01,1.32000e-02,
-3.5741556e-01,2.00001e-01,1.48000e-02,
-3.5712260e-01,-0.00000e+00,1.44000e-02,
-3.5682964e-01,2.00001e-01,1.44000e-02,
-3.5653669e-01,2.00001e-01,1.44000e-02,
-3.5624373e-01,-0.00000e+00,1.20000e-02,
-3.5595077e-01,2.00001e-01,1.44000e-02,
-3.5565782e-01,-0.00000e+00,1.52000e-02,
-3.5536486e-01,-0.00000e+00,1.72000e-02,
-3.5507190e-01,-0.00000e+00,1.44000e-02,
-3.5477895e-01,-0.00000e+00,1.56000e-02,
-3.5448599e-01,-0.00000e+00,1.24000e-02,
-3.5419303e-01,2.00001e-01,1.44000e-02,
-3.5390007e-01,-0.00000e+00,1.44000e-02,
-3.5360712e-01,-0.00000e+00,1.44000e-02,
-3.5331416e-01,-0.00000e+00,1.44000e-02,
-3.5302120e-01,2.00001e-01,1.60000e-02,
-3.5272825e-01,-0.00000e+00,1.60000e-02,
-3.5243529e-01,-0.00000e+00,1.44000e-02,
-3.5214233e-01,2.00001e-01,1.44000e-02,
-3.5184938e-01,2.00001e-01,1.36000e-02,
-3.5155642e-01,2.00001e-01,1.52000e-02,
-3.5126346e-01,-0.00000e+00,1.40000e-02,
-3.5097051e-01,-0.00000e+00,1.36000e-02,
-3.5067755e-01,-0.00000e+00,1.44000e-02,
-3.5038459e-01,-0.00000e+00,1.44000e-02,
-3.5009164e-01,-0.00000e+00,1.48000e-02,
-3.4979868e-01,-0.00000e+00,1.40000e-02,
-3.4950572e-01,-0.00000e+00,1.52000e-02,
-3.4921277e-01,2.00001e-01,1.60000e-02,
-3.4891981e-01,-0.00000e+00,1.52000e-02,
-3.4862685e-01,-0.00000e+00,1.48000e-02,
-3.4833390e-01,2.00001e-01,1.44000e-02,
-3.4804094e-01,-0.00000e+00,1.56000e-02,
-3.4774798e-01,-0.00000e+00,1.36000e-02,
-3.4745502e-01,2.00001e-01,1.52000e-02,
-3.4716207e-01,-0.00000e+00,1.48000e-02,
-3.4686911e-01,-0.00000e+00,1.68000e-02,
-3.4657615e-01,2.00001e-01,1.48000e-02,
-3.4628320e-01,2.00001e-01,1.36000e-02,
-3.4599024e-01,-0.00000e+00,1.44000e-02,
-3.4569728e-01,2.00001e-01,1.44000e-02,
-3.4540433e-01,-0.00000e+00,1.52000e-02,
-3.4511137e-01,-0.00000e+00,1.48000e-02,
-3.4481841e-01,2.00001e-01,1.52000e-02,
-3.4452546e-01,-0.00000e+00,1.36000e-02,
-3.4423250e-01,-0.00000e+00,1.56000e-02,
-3.4393954e-01,-0.00000e+00,1.60000e-02,
-3.4364659e-01,-0.00000e+00,1.44000e-02,
-3.4335363e-01,2.00001e-01,1.64000e-02,
-3.4306067e-01,-0.00000e+00,9.20000e-03,
-3.4276772e-01,2.00001e-01,1.76000e-02,
-3.4247476e-01,-0.00000e+00,1.44000e-02,
-3.4218180e-01,-0.00000e+00,1.52000e-02,
-3.4188884e-01,2.00001e-01,1.56000e-02,
-3.4159589e-01,-0.00000e+00,1.60000e-02,
-3.4130293e-01,-0.00000e+00,1.60000e-02,
-3.4100997e-01,-0.00000e+00,1.48000e-02,
-3.4071702e-01,-0.00000e+00,1.68000e-02,
-3.4042406e-01,2.00001e-01,1.76000e-02,
-3.4013110e-01,2.00001e-01,1.60000e-02,
-3.3983815e-01,2.00001e-01,1.68000e-02,
-3.3954519e-01,-0.00000e+00,1.84000e-02,
-3.3925223e-01,-0.00000e+00,1.76000e-02,
-3.3895928e-01,-0.00000e+00,1.44000e-02,
-3.3866632e-01,-0.00000e+00,1.72000e-02,
-3.3837336e-01,-0.00000e+00,1.64000e-02,
-3.3808041e-01,-0.00000e+00,1.64000e-02,
-3.3778745e-01,-0.00000e+00,1.68000e-02,
-3.3749449e-01,-0.00000e+00,1.72000e-02,
-3.3720154e-01,2.00001e-01,1.76000e-02,
-3.3690858e-01,-0.00000e+00,1.56000e-02,
-3.3661562e-01,2.00001e-01,1.72000e-02,
-3.3632267e-01,-0.00000e+00,1.72000e-02,
-3.3602971e-01,-0.00000e+00,1.60000e-02,
-3.3573675e-01,2.00001e-01,1.76000e-02,
-3.3544379e-01,-0.00000e+00,1.76000e-02,
-3.3515084e-01,-0.00000e+00,1.60000e-02,
-3.3485788e-01,-0.00000e+00,1.60000e-02,
-3.3456492e-01,-0.00000e+00,1.72000e-02,
-3.3427197e-01,2.00001e-01,1.60000e-02,
-3.3397901e-01,2.00001e-01,1.92000e-02,
-3.3368605e-01,-0.00000e+00,1.72000e-02,
-3.3339310e-01,2.00001e-01,1.84000e-02,
-3.3310014e-01,-0.00000e+00,1.68000e-02,
-3.3280718e-01,2.00001e-01,1.12000e-02,
-3.3251423e-01,-0.00000e+00,1.64000e-02,
-3.3222127e-01,2.00001e-01,1.60000e-02,
-3.3192831e-01,-0.00000e+00,1.68000e-02,
-3.3163536e-01,2.00001e-01,1.76000e-02,
-3.3134240e-01,2.00001e-01,1.60000e-02,
-3.3104944e-01,-0.00000e+00,1.72000e-02,
-3.3075649e-01,2.00001e-01,1.84000e-02,
-3.3046353e-01,-0.00000e+00,1.76000e-02,
-3.3017057e-01,2.00001e-01,1.80000e-02,
-3.2987761e-01,-0.00000e+00,1.76000e-02,
-3.2958466e-01,-0.00000e+00,1.68000e-02,
-3.2929170e-01,-0.00000e+00,1.84000e-02,
-3.2899874e-01,-0.00000e+00,1.76000e-02,
-3.2870579e-01,-0.00000e+00,1.72000e-02,
-3.2841283e-01,-0.00000e+00,1.68000e-02,
-3.2811987e-01,-0.00000e+00,1.76000e-02,
-3.2782692e-01,-0.00000e+00,1.80000e-02,
-3.2753396e-01,-0.00000e+00,1.80000e-02,
-3.2724100e-01,2.00001e-01,1.80000e-02,
-3.2694805e-01,2.00001e-01,1.76000e-02,
-3.2665509e-01,2.00001e-01,1.64000e-02,
-3.2636213e-01,2.00001e-01,1.72000e-02,
-3.2606918e-01,2.00001e-01,1.76000e-02,
-3.2577622e-01,-0.00000e+00,1.76000e-02,
-3.2548326e-01,-0.00000e+00,1.76000e-02,
-3.2519031e-01,-0.00000e+00,1.64000e-02,
-3.2489735e-01,-0.00000e+00,1.76000e-02,
-3.2460439e-01,-0.00000e+00,1.68000e-02,
-3.2431144e-01,2.00001e-01,1.60000e-02,
-3.2401848e-01,-0.00000e+00,1.52000e-02,
-3.2372552e-01,2.00001e-01,1.72000e-02,
-3.2343256e-01,-0.00000e+00,1.56000e-02,
-3.2313961e-01,-0.00000e+00,1.76000e-02,
-3.2284665e-01,-0.00000e+00,1.84000e-02,
-3.2255369e-01,-0.00000e+00,1.84000e-02,
-3.2226074e-01,2.00001e-01,1.76000e-02,
-3.2196778e-01,-0.00000e+00,1.76000e-02,
-3.2167482e-01,2.00001e-01,1.80000e-02,
-3.2138187e-01,2.00001e-01,1.60000e-02,
-3.2108891e-01,-0.00000e+00,1.72000e-02,
-3.2079595e-01,-0.00000e+00,1.60000e-02,
-3.2050300e-01,2.00001e-01,1.68000e-02,
-3.2021004e-01,-0.00000e+00,1.60000e-02,
-3.1991708e-01,-0.00000e+00,1.76000e-02,
-3.1962413e-01,-0.00000e+00,1.80000e-02,
-3.1933117e-01,-0.00000e+00,1.84000e-02,
-3.1903821e-01,-0.00000e+00,1.84000e-02,
-3.1874526e-01,-0.00000e+00,1.76000e-02,
-3.1845230e-01,-0.00000e+00,1.68000e-02,
-3.1815934e-01,-0.00000e+00,1.76000e-02,
-3.1786638e-01,-0.00000e+00,1.72000e-02,
-3.1757343e-01,-0.00000e+00,1.84000e-02,
-3.1728047e-01,-0.00000e+00,1.68000e-02,
-3.1698751e-01,-0.00000e+00,1.68000e-02,
-3.1669456e-01,-0.00000e+00,1.72000e-02,
-3.1640160e-01,-0.00000e+00,1.80000e-02,
-3.1610864e-01,-0.00000e+00,1.68000e-02,
-3.1581569e-01,2.00001e-01,1.92000e-02,
-3.1552273e-01,2.00001e-01,1.76000e-02,
-3.1522977e-01,2.00001e-01,1.76000e-02,
-3.1493682e-01,-0.00000e+00,1.76000e-02,
-3.1464386e-01,-0.00000e+00,1.60000e-02,
-3.1435090e-01,-0.00000e+00,1.56000e-02,
-3.1405795e-01,-0.00000e+00,1.76000e-02,
-3.1376499e-01,2.00001e-01,1.72000e-02,
-3.1347203e-01,-0.00000e+00,1.76000e-02,
-3.1317908e-01,-0.00000e+00,1.60000e-02,
-3.1288612e-01,-0.00000e+00,1.60000e-02,
-3.1259316e-01,2.00001e-01,1.40000e-02,
-3.1230021e-01,-0.00000e+00,1.68000e-02,
-3.1200725e-01,-0.00000e+00,1.72000e-02,
-3.1171429e-01,-0.00000e+00,1.88000e-02,
-3.1142133e-01,-0.00000e+00,1.72000e-02,
-3.1112838e-01,-0.00000e+00,1.72000e-02,
-3.1083542e-01,2.00001e-01,1.72000e-02,
-3.1054246e-01,2.00001e-01,1.76000e-02,
-3.1024951e-01,-0.00000e+00,1.68000e-02,
-3.0995655e-01,-0.00000e+00,1.68000e-02,
-3.0966359e-01,-0.00000e+00,1.72000e-02,
-3.0937064e-01,-0.00000e+00,1.52000e-02,
-3.0907768e-01,-0.00000e+00,1.76000e-02,
-3.0878472e-01,2.00001e-01,1.64000e-02,
-3.0849177e-01,2.00001e-01,1.60000e-02,
-3.0819881e-01,-0.00000e+00,1.60000e-02,
-3.0790585e-01,-0.00000e+00,1.60000e-02,
-3.0761290e-01,-0.00000e+00,1.76000e-02,
-3.0731994e-01,2.00001e-01,1.60000e-02,
-3.0702698e-01,-0.00000e+00,1.76000e-02,
-3.0673403e-01,-0.00000e+00,1.72000e-02,
-3.0644107e-01,-0.00000e+00,1.68000e-02,
-3.0614811e-01,-0.00000e+00,1.72000e-02,
-3.0585515e-01,2.00001e-01,1.72000e-02,
-3.0556220e-01,-0.00000e+00,1.68000e-02,
-3.0526924e-01,2.00001e-01,1.56000e-02,
-3.0497628e-01,-0.00000e+00,1.60000e-02,
-3.0468333e-01,-0.00000e+00,1.56000e-02,
-3.0439037e-01,-0.00000e+00,1.76000e-02,
-3.0409741e-01,-0.00000e+00,1.72000e-02,
-3.0380446e-01,-0.00000e+00,1.56000e-02,
-3.0351150e-01,2.00001e-01,1.84000e-02,
-3.0321854e-01,-0.00000e+00,1.60000e-02,
-3.0292559e-01,2.00001e-01,1.60000e-02,
-3.0263263e-01,-0.00000e+00,1.60000e-02,
-3.0233967e-01,2.00001e-01,1.56000e-02,
-3.0204672e-01,2.00001e-01,1.36000e-02,
-3.0175376e-01,2.00001e-01,1.76000e-02,
-3.0146080e-01,-0.00000e+00,1.76000e-02,
-3.0116785e-01,-0.00000e+00,1.68000e-02,
-3.0087489e-01,-0.00000e+00,1.64000e-02,
-3.0058193e-01,2.00001e-01,1.52000e-02,
-3.0028898e-01,2.00001e-01,1.60000e-02,
-2.9999602e-01,2.00001e-01,1.60000e-02,
-2.9970306e-01,2.00001e-01,1.76000e-02,
-2.9941010e-01,-0.00000e+00,1.52000e-02,
-2.9911715e-01,2.00001e-01,1.68000e-02,
-2.9882419e-01,-0.00000e+00,1.80000e-02,
-2.9853123e-01,-0.00000e+00,1.64000e-02,
-2.9823828e-01,2.00001e-01,1.72000e-02,
-2.9794532e-01,2.00001e-01,1.20000e-02,
-2.9765236e-01,2.00001e-01,1.68000e-02,
-2.9735941e-01,2.00001e-01,1.60000e-02,
-2.9706645e-01,-0.00000e+00,1.60000e-02,
-2.9677349e-01,2.00001e-01,1.72000e-02,
-2.9648054e-01,2.00001e-01,1.60000e-02,
-2.9618758e-01,-0.00000e+00,1.60000e-02,
-2.9589462e-01,2.00001e-01,1.60000e-02,
-2.9560167e-01,-0.00000e+00,1.68000e-02,
-2.9530871e-01,-0.00000e+00,1.72000e-02,
-2.9501575e-01,2.00001e-01,1.56000e-02,
-2.9472280e-01,-0.00000e+00,1.56000e-02,
-2.9442984e-01,2.00001e-01,1.60000e-02,
-2.9413688e-01,-0.00000e+00,1.68000e-02,
-2.9384392e-01,2.00001e-01,1.76000e-02,
-2.9355097e-01,2.00001e-01,1.44000e-02,
-2.9325801e-01,-0.00000e+00,1.68000e-02,
-2.9296505e-01,-0.00000e+00,1.52000e-02,
-2.9267210e-01,-0.00000e+00,1.60000e-02,
-2.9237914e-01,-0.00000e+00,1.60000e-02,
-2.9208618e-01,2.00001e-01,1.60000e-02,
-2.9179323e-01,-0.00000e+00,1.60000e-02,
-2.9150027e-01,-0.00000e+00,1.60000e-02,
-2.9120731e-01,-0.00000e+00,1.52000e-02,
-2.9091436e-01,-0.00000e+00,1.56000e-02,
-2.9062140e-01,2.00001e-01,1.20000e-02,
-2.9032844e-01,-0.00000e+00,1.76000e-02,
-2.9003549e-01,-0.00000e+00,1.56000e-02,
-2.8974253e-01,2.00001e-01,1.64000e-02,
-2.8944957e-01,-0.00000e+00,1.60000e-02,
-2.8915662e-01,-0.00000e+00,1.60000e-02,
-2.8886366e-01,2.00001e-01,1.56000e-02,
-2.8857070e-01,-0.00000e+00,1.68000e-02,
-2.8827775e-01,-0.00000e+00,1.60000e-02,
-2.8798479e-01,-0.00000e+00,1.60000e-02,
-2.8769183e-01,2.00001e-01,1.56000e-02,
-2.8739887e-01,2.00001e-01,1.76000e-02,
-2.8710592e-01,2.00001e-01,1.56000e-02,
-2.8681296e-01,2.00001e-01,1.60000e-02,
-2.8652000e-01,-0.00000e+00,1.60000e-02,
-2.8622705e-01,-0.00000e+00,1.60000e-02,
-2.8593409e-01,2.00001e-01,1.72000e-02,
-2.8564113e-01,2.00001e-01,1.60000e-02,
-2.8534818e-01,-0.00000e+00,1.68000e-02,
-2.8505522e-01,2.00001e-01,1.68000e-02,
-2.8476226e-01,-0.00000e+00,1.64000e-02,
-2.8446931e-01,2.00001e-01,1.60000e-02,
-2.8417635e-01,2.00001e-01,1.68000e-02,
-2.8388339e-01,-0.00000e+00,1.64000e-02,
-2.8359044e-01,-0.00000e+00,1.44000e-02,
-2.8329748e-01,2.00001e-01,1.60000e-02,
-2.8300452e-01,-0.00000e+00,1.76000e-02,
-2.8271157e-01,-0.00000e+00,1.60000e-02,
-2.8241861e-01,-0.00000e+00,1.84000e-02,
-2.8212565e-01,-0.00000e+00,1.76000e-02,
-2.8183270e-01,2.00001e-01,1.76000e-02,
-2.8153974e-01,-0.00000e+00,1.60000e-02,
-2.8124678e-01,-0.00000e+00,1.64000e-02,
-2.8095382e-01,-0.00000e+00,1.80000e-02,
-2.8066087e-01,2.00001e-01,1.76000e-02,
-2.8036791e-01,-0.00000e+00,1.72000e-02,
-2.8007495e-01,2.00001e-01,1.60000e-02,
-2.7978200e-01,-0.00000e+00,1.68000e-02,
-2.7948904e-01,-0.00000e+00,1.76000e-02,
-2.7919608e-01,2.00001e-01,1.72000e-02,
-2.7890313e-01,-0.00000e+00,1.76000e-02,
-2.7861017e-01,2.00001e-01,1.76000e-02,
-2.7831721e-01,-0.00000e+00,1.84000e-02,
-2.7802426e-01,-0.00000e+00,1.92000e-02,
-2.7773130e-01,2.00001e-01,1.80000e-02,
-2.7743834e-01,2.00001e-01,1.88000e-02,
-2.7714539e-01,2.00001e-01,1.84000e-02,
-2.7685243e-01,-0.00000e+00,1.72000e-02,
-2.7655947e-01,-0.00000e+00,1.84000e-02,
-2.7626652e-01,2.00001e-01,1.84000e-02,
-2.7597356e-01,2.00001e-01,1.92000e-02,
-2.7568060e-01,2.00001e-01,1.80000e-02,
-2.7538764e-01,-0.00000e+00,1.84000e-02,
-2.7509469e-01,-0.00000e+00,1.64000e-02,
-2.7480173e-01,-0.00000e+00,1.84000e-02,
-2.7450877e-01,-0.00000e+00,1.80000e-02,
-2.7421582e-01,-0.00000e+00,1.76000e-02,
-2.7392286e-01,2.00001e-01,1.76000e-02,
-2.7362990e-01,-0.00000e+00,1.44000e-02,
-2.7333695e-01,-0.00000e+00,1.92000e-02,
-2.7304399e-01,-0.00000e+00,1.84000e-02,
-2.7275103e-01,2.00001e-01,1.80000e-02,
-2.7245808e-01,2.00001e-01,1.88000e-02,
-2.7216512e-01,2.00001e-01,1.80000e-02,
-2.7187216e-01,-0.00000e+00,1.80000e-02,
-2.7157921e-01,-0.00000e+00,1.76000e-02,
-2.7128625e-01,2.00001e-01,1.80000e-02,
-2.7099329e-01,2.00001e-01,1.76000e-02,
-2.7070034e-01,-0.00000e+00,1.84000e-02,
-2.7040738e-01,-0.00000e+00,1.80000e-02,
-2.7011442e-01,-0.00000e+00,1.76000e-02,
-2.6982147e-01,2.00001e-01,1.76000e-02,
-2.6952851e-01,-0.00000e+00,1.76000e-02,
-2.6923555e-01,2.00001e-01,1.76000e-02,
-2.6894259e-01,-0.00000e+00,1.84000e-02,
-2.6864964e-01,2.00001e-01,1.84000e-02,
-2.6835668e-01,2.00001e-01,1.88000e-02,
-2.6806372e-01,2.00001e-01,1.52000e-02,
-2.6777077e-01,-0.00000e+00,1.92000e-02,
-2.6747781e-01,2.00001e-01,1.84000e-02,
-2.6718485e-01,-0.00000e+00,1.84000e-02,
-2.6689190e-01,-0.00000e+00,1.76000e-02,
-2.6659894e-01,-0.00000e+00,1.80000e-02,
-2.6630598e-01,-0.00000e+00,1.84000e-02,
-2.6601303e-01,-0.00000e+00,1.84000e-02,
-2.6572007e-01,2.00001e-01,1.84000e-02,
-2.6542711e-01,-0.00000e+00,1.84000e-02,
-2.6513416e-01,-0.00000e+00,1.76000e-02,
-2.6484120e-01,-0.00000e+00,1.92000e-02,
-2.6454824e-01,-0.00000e+00,1.92000e-02,
-2.6425529e-01,2.00001e-01,1.60000e-02,
-2.6396233e-01,2.00001e-01,1.84000e-02,
-2.6366937e-01,2.00001e-01,1.80000e-02,
-2.6337641e-01,-0.00000e+00,1.76000e-02,
-2.6308346e-01,-0.00000e+00,1.76000e-02,
-2.6279050e-01,-0.00000e+00,1.68000e-02,
-2.6249754e-01,-0.00000e+00,1.76000e-02,
-2.6220459e-01,2.00001e-01,1.60000e-02,
-2.6191163e-01,2.00001e-01,1.80000e-02,
-2.6161867e-01,-0.00000e+00,1.76000e-02,
-2.6132572e-01,-0.00000e+00,2.12000e-02,
-2.6103276e-01,-0.00000e+00,1.92000e-02,
-2.6073980e-01,2.00001e-01,1.80000e-02,
-2.6044685e-01,2.00001e-01,1.80000e-02,
-2.6015389e-01,2.00001e-01,1.72000e-02,
-2.5986093e-01,-0.00000e+00,1.76000e-02,
-2.5956798e-01,-0.00000e+00,1.72000e-02,
-2.5927502e-01,2.00001e-01,1.76000e-02,
-2.5898206e-01,2.00001e-01,1.76000e-02,
-2.5868911e-01,-0.00000e+00,1.84000e-02,
-2.5839615e-01,-0.00000e+00,1.76000e-02,
-2.5810319e-01,-0.00000e+00,1.76000e-02,
-2.5781024e-01,2.00001e-01,1.76000e-02,
-2.5751728e-01,2.00001e-01,1.68000e-02,
-2.5722432e-01,2.00001e-01,1.36000e-02,
-2.5693136e-01,-0.00000e+00,1.76000e-02,
-2.5663841e-01,2.00001e-01,1.72000e-02,
-2.5634545e-01,2.00001e-01,1.80000e-02,
-2.5605249e-01,-0.00000e+00,1.72000e-02,
-2.5575954e-01,2.00001e-01,1.76000e-02,
-2.5546658e-01,2.00001e-01,1.88000e-02,
-2.5517362e-01,2.00001e-01,1.76000e-02,
-2.5488067e-01,-0.00000e+00,1.76000e-02,
-2.5458771e-01,-0.00000e+00,9.20000e-03,
-2.5429475e-01,2.00001e-01,1.72000e-02,
-2.5400180e-01,-0.00000e+00,1.76000e-02,
-2.5370884e-01,-0.00000e+00,1.68000e-02,
-2.5341588e-01,2.00001e-01,1.72000e-02,
-2.5312293e-01,-0.00000e+00,1.60000e-02,
-2.5282997e-01,-0.00000e+00,1.84000e-02,
-2.5253701e-01,-0.00000e+00,1.84000e-02,
-2.5224406e-01,2.00001e-01,1.72000e-02,
-2.5195110e-01,2.00001e-01,1.60000e-02,
-2.5165814e-01,-0.00000e+00,1.88000e-02,
-2.5136518e-01,2.00001e-01,1.64000e-02,
-2.5107223e-01,2.00001e-01,1.76000e-02,
-2.5077927e-01,-0.00000e+00,1.72000e-02,
-2.5048631e-01,-0.00000e+00,1.72000e-02,
-2.5019336e-01,2.00001e-01,1.72000e-02,
-2.4990039e-01,-0.00000e+00,1.60000e-02,
-2.4960741e-01,-0.00000e+00,1.72000e-02,
-2.4931444e-01,2.00001e-01,1.60000e-02,
-2.4902147e-01,-0.00000e+00,1.44000e-02,
-2.4872850e-01,2.00001e-01,1.72000e-02,
-2.4843553e-01,-0.00000e+00,1.68000e-02,
-2.4814256e-01,-0.00000e+00,1.64000e-02,
-2.4784958e-01,-0.00000e+00,1.76000e-02,
-2.4755661e-01,2.00001e-01,1.72000e-02,
-2.4726364e-01,2.00001e-01,1.60000e-02,
-2.4697067e-01,-0.00000e+00,1.56000e-02,
-2.4667770e-01,2.00001e-01,1.76000e-02,
-2.4638472e-01,2.00001e-01,1.68000e-02,
-2.4609175e-01,-0.00000e+00,1.72000e-02,
-2.4579878e-01,-0.00000e+00,1.76000e-02,
-2.4550581e-01,-0.00000e+00,1.72000e-02,
-2.4521284e-01,-0.00000e+00,1.60000e-02,
-2.4491987e-01,2.00001e-01,1.52000e-02,
-2.4462689e-01,-0.00000e+00,1.72000e-02,
-2.4433392e-01,2.00001e-01,1.72000e-02,
-2.4404095e-01,-0.00000e+00,1.60000e-02,
-2.4374798e-01,-0.00000e+00,1.68000e-02,
-2.4345501e-01,2.00001e-01,1.72000e-02,
-2.4316204e-01,2.00001e-01,1.56000e-02,
-2.4286906e-01,-0.00000e+00,1.44000e-02,
-2.4257609e-01,2.00001e-01,1.60000e-02,
-2.4228312e-01,-0.00000e+00,1.68000e-02,
-2.4199015e-01,-0.00000e+00,1.72000e-02,
-2.4169718e-01,-0.00000e+00,1.72000e-02,
-2.4140421e-01,2.00001e-01,1.68000e-02,
-2.4111123e-01,2.00001e-01,1.72000e-02,
-2.4081826e-01,-0.00000e+00,1.84000e-02,
-2.4052529e-01,2.00001e-01,1.76000e-02,
-2.4023232e-01,-0.00000e+00,1.56000e-02,
-2.3993935e-01,2.00001e-01,1.84000e-02,
-2.3964638e-01,-0.00000e+00,1.76000e-02,
-2.3935340e-01,2.00001e-01,1.76000e-02,
-2.3906043e-01,-0.00000e+00,1.76000e-02,
-2.3876746e-01,2.00001e-01,1.68000e-02,
-2.3847449e-01,-0.00000e+00,1.76000e-02,
-2.3818152e-01,-0.00000e+00,1.76000e-02,
-2.3788854e-01,2.00001e-01,1.76000e-02,
-2.3759557e-01,-0.00000e+00,1.76000e-02,
-2.3730260e-01,-0.00000e+00,1.76000e-02,
-2.3700963e-01,-0.00000e+00,1.88000e-02,
-2.3671666e-01,-0.00000e+00,1.88000e-02,
-2.3642369e-01,-0.00000e+00,1.80000e-02,
-2.3613071e-01,-0.00000e+00,1.72000e-02,
-2.3583774e-01,-0.00000e+00,1.92000e-02,
-2.3554477e-01,2.00001e-01,1.84000e-02,
-2.3525180e-01,-0.00000e+00,1.72000e-02,
-2.3495883e-01,-0.00000e+00,1.68000e-02,
-2.3466586e-01,2.00001e-01,1.68000e-02,
-2.3437288e-01,2.00001e-01,1.76000e-02,
-2.3407991e-01,-0.00000e+00,1.92000e-02,
-2.3378694e-01,2.00001e-01,1.84000e-02,
-2.3349397e-01,-0.00000e+00,1.84000e-02,
-2.3320100e-01,-0.00000e+00,1.88000e-02,
-2.3290803e-01,2.00001e-01,2.00000e-02,
-2.3261505e-01,-0.00000e+00,1.92000e-02,
-2.3232208e-01,-0.00000e+00,1.88000e-02,
-2.3202911e-01,2.00001e-01,1.84000e-02,
-2.3173614e-01,-0.00000e+00,1.68000e-02,
-2.3144317e-01,2.00001e-01,1.84000e-02,
-2.3115020e-01,-0.00000e+00,1.52000e-02,
-2.3085722e-01,-0.00000e+00,1.76000e-02,
-2.3056425e-01,-0.00000e+00,1.84000e-02,
-2.3027128e-01,2.00001e-01,1.76000e-02,
-2.2997831e-01,-0.00000e+00,1.76000e-02,
-2.2968534e-01,2.00001e-01,1.92000e-02,
-2.2939236e-01,-0.00000e+00,1.84000e-02,
-2.2909939e-01,2.00001e-01,1.92000e-02,
-2.2880642e-01,-0.00000e+00,1.84000e-02,
-2.2851345e-01,2.00001e-01,1.80000e-02,
-2.2822048e-01,-0.00000e+00,1.76000e-02,
-2.2792751e-01,-0.00000e+00,1.44000e-02,
-2.2763453e-01,-0.00000e+00,1.88000e-02,
-2.2734156e-01,2.00001e-01,1.84000e-02,
-2.2704859e-01,-0.00000e+00,1.84000e-02,
-2.2675562e-01,2.00001e-01,1.92000e-02,
-2.2646265e-01,-0.00000e+00,1.80000e-02,
-2.2616968e-01,-0.00000e+00,2.00000e-02,
-2.2587670e-01,-0.00000e+00,1.92000e-02,
-2.2558373e-01,-0.00000e+00,1.92000e-02,
-2.2529076e-01,-0.00000e+00,1.88000e-02,
-2.2499779e-01,-0.00000e+00,1.84000e-02,
-2.2470482e-01,2.00001e-01,2.08000e-02,
-2.2441185e-01,2.00001e-01,1.92000e-02,
-2.2411887e-01,-0.00000e+00,1.76000e-02,
-2.2382590e-01,-0.00000e+00,1.92000e-02,
-2.2353293e-01,2.00001e-01,1.88000e-02,
-2.2323996e-01,2.00001e-01,1.84000e-02,
-2.2294699e-01,2.00001e-01,1.84000e-02,
-2.2265401e-01,-0.00000e+00,1.88000e-02,
-2.2236104e-01,-0.00000e+00,2.00000e-02,
-2.2206807e-01,-0.00000e+00,1.84000e-02,
-2.2177510e-01,2.00001e-01,1.92000e-02,
-2.2148213e-01,2.00001e-01,1.88000e-02,
-2.2118916e-01,2.00001e-01,1.92000e-02,
-2.2089618e-01,-0.00000e+00,1.76000e-02,
-2.2060321e-01,-0.00000e+00,1.88000e-02,
-2.2031024e-01,-0.00000e+00,1.88000e-02,
-2.2001727e-01,-0.00000e+00,1.92000e-02,
-2.1972430e-01,-0.00000e+00,1.84000e-02,
-2.1943133e-01,2.00001e-01,1.92000e-02,
-2.1913835e-01,-0.00000e+00,1.80000e-02,
-2.1884538e-01,-0.00000e+00,1.92000e-02,
-2.1855241e-01,2.00001e-01,1.28000e-02,
-2.1825944e-01,2.00001e-01,1.80000e-02,
-2.1796647e-01,-0.00000e+00,1.80000e-02,
-2.1767350e-01,-0.00000e+00,1.84000e-02,
-2.1738052e-01,-0.00000e+00,1.92000e-02,
-2.1708755e-01,-0.00000e+00,1.80000e-02,
-2.1679458e-01,2.00001e-01,1.84000e-02,
-2.1650161e-01,-0.00000e+00,1.88000e-02,
-2.1620864e-01,-0.00000e+00,1.92000e-02,
-2.1591567e-01,-0.00000e+00,1.84000e-02,
-2.1562269e-01,-0.00000e+00,1.76000e-02,
-2.1532972e-01,-0.00000e+00,1.88000e-02,
-2.1503675e-01,-0.00000e+00,1.64000e-02,
-2.1474378e-01,-0.00000e+00,1.80000e-02,
-2.1445081e-01,2.00001e-01,2.00000e-02,
-2.1415783e-01,-0.00000e+00,1.88000e-02,
-2.1386486e-01,-0.00000e+00,1.80000e-02,
-2.1357189e-01,2.00001e-01,1.92000e-02,
-2.1327892e-01,-0.00000e+00,1.88000e-02,
-2.1298595e-01,-0.00000e+00,1.88000e-02,
-2.1269298e-01,2.00001e-01,1.92000e-02,
-2.1240000e-01,-0.00000e+00,1.68000e-02,
-2.1210703e-01,-0.00000e+00,1.80000e-02,
-2.1181406e-01,2.00001e-01,1.92000e-02,
-2.1152109e-01,-0.00000e+00,1.76000e-02,
-2.1122812e-01,2.00001e-01,2.16000e-02,
-2.1093515e-01,-0.00000e+00,1.84000e-02,
-2.1064217e-01,-0.00000e+00,1.92000e-02,
-2.1034920e-01,2.00001e-01,1.60000e-02,
-2.1005623e-01,-0.00000e+00,1.84000e-02,
-2.0976326e-01,-0.00000e+00,1.76000e-02,
-2.0947029e-01,-0.00000e+00,1.84000e-02,
-2.0917732e-01,-0.00000e+00,1.76000e-02,
-2.0888434e-01,-0.00000e+00,1.72000e-02,
-2.0859137e-01,2.00001e-01,1.76000e-02,
-2.0829840e-01,-0.00000e+00,1.96000e-02,
-2.0800543e-01,2.00001e-01,1.84000e-02,
-2.0771246e-01,2.00001e-01,1.68000e-02,
-2.0741948e-01,-0.00000e+00,1.76000e-02,
-2.0712651e-01,-0.00000e+00,1.72000e-02,
-2.0683354e-01,2.00001e-01,1.76000e-02,
-2.0654057e-01,-0.00000e+00,1.80000e-02,
-2.0624760e-01,2.00001e-01,1.72000e-02,
-2.0595463e-01,2.00001e-01,1.76000e-02,
-2.0566165e-01,-0.00000e+00,1.76000e-02,
-2.0536868e-01,2.00001e-01,1.68000e-02,
-2.0507571e-01,2.00001e-01,1.88000e-02,
-2.0478274e-01,2.00001e-01,1.60000e-02,
-2.0448977e-01,2.00001e-01,1.84000e-02,
-2.0419680e-01,2.00001e-01,1.76000e-02,
-2.0390382e-01,-0.00000e+00,1.60000e-02,
-2.0361085e-01,2.00001e-01,1.76000e-02,
-2.0331788e-01,-0.00000e+00,1.96000e-02,
-2.0302491e-01,-0.00000e+00,1.76000e-02,
-2.0273194e-01,2.00001e-01,1.76000e-02,
-2.0243897e-01,-0.00000e+00,1.68000e-02,
-2.0214599e-01,-0.00000e+00,1.64000e-02,
-2.0185302e-01,-0.00000e+00,1.76000e-02,
-2.0156005e-01,2.00001e-01,1.80000e-02,
-2.0126708e-01,-0.00000e+00,1.60000e-02,
-2.0097411e-01,-0.00000e+00,1.72000e-02,
-2.0068114e-01,-0.00000e+00,1.76000e-02,
-2.0038816e-01,2.00001e-01,1.72000e-02,
-2.0009519e-01,-0.00000e+00,2.04000e-02,
-1.9980222e-01,-0.00000e+00,1.76000e-02,
-1.9950925e-01,-0.00000e+00,1.88000e-02,
-1.9921628e-01,2.00001e-01,1.56000e-02,
-1.9892330e-01,-0.00000e+00,1.92000e-02,
-1.9863033e-01,-0.00000e+00,1.88000e-02,
-1.9833736e-01,2.00001e-01,1.80000e-02,
-1.9804439e-01,-0.00000e+00,1.76000e-02,
-1.9775142e-01,-0.00000e+00,1.84000e-02,
-1.9745845e-01,2.00001e-01,1.88000e-02,
-1.9716547e-01,2.00001e-01,1.84000e-02,
-1.9687250e-01,-0.00000e+00,1.72000e-02,
-1.9657953e-01,2.00001e-01,1.88000e-02,
-1.9628656e-01,-0.00000e+00,1.88000e-02,
-1.9599359e-01,2.00001e-01,1.76000e-02,
-1.9570062e-01,-0.00000e+00,1.92000e-02,
-1.9540764e-01,-0.00000e+00,1.92000e-02,
-1.9511467e-01,-0.00000e+00,1.60000e-02,
-1.9482170e-01,2.00001e-01,1.92000e-02,
-1.9452873e-01,2.00001e-01,1.92000e-02,
-1.9423576e-01,-0.00000e+00,2.16000e-02,
-1.9394279e-01,-0.00000e+00,1.88000e-02,
-1.9364981e-01,-0.00000e+00,1.88000e-02,
-1.9335684e-01,-0.00000e+00,1.84000e-02,
-1.9306387e-01,2.00001e-01,1.92000e-02,
-1.9277090e-01,2.00001e-01,1.92000e-02,
-1.9247793e-01,2.00001e-01,1.88000e-02,
-1.9218495e-01,2.00001e-01,2.28000e-02,
-1.9189198e-01,2.00001e-01,1.92000e-02,
-1.9159901e-01,-0.00000e+00,1.92000e-02,
-1.9130604e-01,2.00001e-01,1.92000e-02,
-1.9101307e-01,-0.00000e+00,1.88000e-02,
-1.9072010e-01,-0.00000e+00,1.92000e-02,
-1.9042712e-01,-0.00000e+00,2.32000e-02,
-1.9013415e-01,-0.00000e+00,1.96000e-02,
-1.8984118e-01,-0.00000e+00,1.88000e-02,
-1.8954821e-01,-0.00000e+00,1.92000e-02,
-1.8925524e-01,2.00001e-01,1.92000e-02,
-1.8896227e-01,2.00001e-01,2.00000e-02,
-1.8866929e-01,-0.00000e+00,1.92000e-02,
-1.8837632e-01,-0.00000e+00,1.92000e-02,
-1.8808335e-01,2.00001e-01,1.92000e-02,
-1.8779038e-01,-0.00000e+00,2.00000e-02,
-1.8749741e-01,-0.00000e+00,2.00000e-02,
-1.8720444e-01,-0.00000e+00,1.96000e-02,
-1.8691146e-01,2.00001e-01,1.92000e-02,
-1.8661849e-01,2.00001e-01,1.92000e-02,
-1.8632552e-01,2.00001e-01,1.92000e-02,
-1.8603255e-01,2.00001e-01,1.84000e-02,
-1.8573958e-01,-0.00000e+00,1.92000e-02,
-1.8544661e-01,2.00001e-01,1.92000e-02,
-1.8515363e-01,2.00001e-01,2.00000e-02,
-1.8486066e-01,-0.00000e+00,1.92000e-02,
-1.8456769e-01,-0.00000e+00,1.84000e-02,
-1.8427472e-01,2.00001e-01,2.00000e-02,
-1.8398175e-01,-0.00000e+00,1.92000e-02,
-1.8368877e-01,-0.00000e+00,2.04000e-02,
-1.8339580e-01,2.00001e-01,1.72000e-02,
-1.8310283e-01,2.00001e-01,1.76000e-02,
-1.8280986e-01,-0.00000e+00,1.88000e-02,
-1.8251689e-01,-0.00000e+00,1.84000e-02,
-1.8222392e-01,2.00001e-01,1.96000e-02,
-1.8193094e-01,2.00001e-01,1.92000e-02,
-1.8163797e-01,2.00001e-01,1.92000e-02,
-1.8134500e-01,2.00001e-01,2.00000e-02,
-1.8105203e-01,-0.00000e+00,1.88000e-02,
-1.8075906e-01,-0.00000e+00,1.92000e-02,
-1.8046609e-01,2.00001e-01,1.84000e-02,
-1.8017311e-01,-0.00000e+00,1.92000e-02,
-1.7988014e-01,-0.00000e+00,1.88000e-02,
-1.7958717e-01,-0.00000e+00,1.92000e-02,
-1.7929420e-01,2.00001e-01,1.96000e-02,
-1.7900123e-01,-0.00000e+00,1.88000e-02,
-1.7870826e-01,-0.00000e+00,1.92000e-02,
-1.7841528e-01,2.00001e-01,1.92000e-02,
-1.7812231e-01,-0.00000e+00,1.92000e-02,
-1.7782934e-01,-0.00000e+00,1.96000e-02,
-1.7753637e-01,-0.00000e+00,1.84000e-02,
-1.7724340e-01,2.00001e-01,1.84000e-02,
-1.7695042e-01,2.00001e-01,2.00000e-02,
-1.7665745e-01,2.00001e-01,1.92000e-02,
-1.7636448e-01,-0.00000e+00,1.92000e-02,
-1.7607151e-01,-0.00000e+00,1.92000e-02,
-1.7577854e-01,-0.00000e+00,1.92000e-02,
-1.7548557e-01,-0.00000e+00,1.96000e-02,
-1.7519259e-01,-0.00000e+00,1.92000e-02,
-1.7489962e-01,2.00001e-01,1.68000e-02,
-1.7460665e-01,2.00001e-01,1.76000e-02,
-1.7431368e-01,2.00001e-01,1.92000e-02,
-1.7402071e-01,-0.00000e+00,1.92000e-02,
-1.7372774e-01,-0.00000e+00,2.52000e-02,
-1.7343476e-01,-0.00000e+00,1.88000e-02,
-1.7314179e-01,-0.00000e+00,1.80000e-02,
-1.7284882e-01,-0.00000e+00,1.92000e-02,
-1.7255585e-01,-0.00000e+00,1.84000e-02,
-1.7226288e-01,-0.00000e+00,1.92000e-02,
-1.7196991e-01,2.00001e-01,1.88000e-02,
-1.7167693e-01,2.00001e-01,2.24000e-02,
-1.7138396e-01,2.00001e-01,1.84000e-02,
-1.7109099e-01,-0.00000e+00,1.88000e-02,
-1.7079802e-01,2.00001e-01,1.84000e-02,
-1.7050505e-01,-0.00000e+00,1.92000e-02,
-1.7021208e-01,-0.00000e+00,1.92000e-02,
-1.6991910e-01,-0.00000e+00,1.92000e-02,
-1.6962613e-01,-0.00000e+00,1.88000e-02,
-1.6933316e-01,-0.00000e+00,1.88000e-02,
-1.6904019e-01,2.00001e-01,1.80000e-02,
-1.6874722e-01,-0.00000e+00,1.84000e-02,
-1.6845424e-01,2.00001e-01,1.84000e-02,
-1.6816127e-01,-0.00000e+00,1.76000e-02,
-1.6786830e-01,-0.00000e+00,1.84000e-02,
-1.6757533e-01,-0.00000e+00,1.76000e-02,
-1.6728236e-01,-0.00000e+00,1.84000e-02,
-1.6698939e-01,-0.00000e+00,1.28000e-02,
-1.6669641e-01,-0.00000e+00,2.00000e-02,
-1.6640344e-01,-0.00000e+00,1.80000e-02,
-1.6611047e-01,-0.00000e+00,1.92000e-02,
-1.6581750e-01,-0.00000e+00,1.72000e-02,
-1.6552453e-01,2.00001e-01,1.84000e-02,
-1.6523156e-01,2.00001e-01,1.92000e-02,
-1.6493858e-01,-0.00000e+00,1.88000e-02,
-1.6464561e-01,-0.00000e+00,1.88000e-02,
-1.6435264e-01,-0.00000e+00,1.76000e-02,
-1.6405967e-01,-0.00000e+00,1.92000e-02,
-1.6376670e-01,-0.00000e+00,1.92000e-02,
-1.6347373e-01,-0.00000e+00,1.92000e-02,
-1.6318075e-01,2.00001e-01,2.00000e-02,
-1.6288778e-01,-0.00000e+00,2.00000e-02,
-1.6259481e-01,2.00001e-01,1.88000e-02,
-1.6230184e-01,-0.00000e+00,1.76000e-02,
-1.6200887e-01,2.00001e-01,1.92000e-02,
-1.6171589e-01,-0.00000e+00,1.88000e-02,
-1.6142292e-01,2.00001e-01,1.92000e-02,
-1.6112995e-01,-0.00000e+00,1.72000e-02,
-1.6083698e-01,2.00001e-01,1.84000e-02,
-1.6054401e-01,-0.00000e+00,1.96000e-02,
-1.6025104e-01,-0.00000e+00,1.96000e-02,
-1.5995806e-01,2.00001e-01,1.84000e-02,
-1.5966509e-01,-0.00000e+00,1.92000e-02,
-1.5937212e-01,-0.00000e+00,1.96000e-02,
-1.5907915e-01,-0.00000e+00,1.88000e-02,
-1.5878618e-01,-0.00000e+00,2.08000e-02,
-1.5849321e-01,-0.00000e+00,1.92000e-02,
-1.5820023e-01,-0.00000e+00,1.96000e-02,
-1.5790726e-01,-0.00000e+00,1.92000e-02,
-1.5761429e-01,-0.00000e+00,1.92000e-02,
-1.5732132e-01,2.00001e-01,2.00000e-02,
-1.5702835e-01,2.00001e-01,2.04000e-02,
-1.5673538e-01,-0.00000e+00,2.00000e-02,
-1.5644240e-01,2.00001e-01,1.96000e-02,
-1.5614943e-01,-0.00000e+00,2.08000e-02,
-1.5585646e-01,-0.00000e+00,2.00000e-02,
-1.5556349e-01,-0.00000e+00,1.92000e-02,
-1.5527052e-01,-0.00000e+00,1.92000e-02,
-1.5497755e-01,-0.00000e+00,2.00000e-02,
-1.5468457e-01,-0.00000e+00,2.12000e-02,
-1.5439160e-01,-0.00000e+00,2.00000e-02,
-1.5409863e-01,-0.00000e+00,2.04000e-02,
-1.5380566e-01,2.00001e-01,2.00000e-02,
-1.5351269e-01,-0.00000e+00,1.92000e-02,
-1.5321971e-01,2.00001e-01,1.92000e-02,
-1.5292674e-01,-0.00000e+00,2.00000e-02,
-1.5263377e-01,-0.00000e+00,1.96000e-02,
-1.5234080e-01,-0.00000e+00,1.88000e-02,
-1.5204783e-01,2.00001e-01,2.00000e-02,
-1.5175486e-01,2.00001e-01,2.04000e-02,
-1.5146188e-01,2.00001e-01,2.00000e-02,
-1.5116891e-01,2.00001e-01,1.92000e-02,
-1.5087594e-01,2.00001e-01,2.00000e-02,
-1.5058297e-01,-0.00000e+00,2.12000e-02,
-1.5029000e-01,-0.00000e+00,2.00000e-02,
-1.4999703e-01,-0.00000e+00,1.88000e-02,
-1.4970405e-01,-0.00000e+00,1.84000e-02,
-1.4941108e-01,-0.00000e+00,2.08000e-02,
-1.4911811e-01,-0.00000e+00,1.92000e-02,
-1.4882514e-01,2.00001e-01,1.96000e-02,
-1.4853217e-01,2.00001e-01,1.92000e-02,
-1.4823920e-01,-0.00000e+00,1.92000e-02,
-1.4794622e-01,2.00001e-01,1.96000e-02,
-1.4765325e-01,-0.00000e+00,2.08000e-02,
-1.4736028e-01,-0.00000e+00,1.96000e-02,
-1.4706731e-01,-0.00000e+00,2.04000e-02,
-1.4677434e-01,2.00001e-01,2.04000e-02,
-1.4648136e-01,-0.00000e+00,2.20000e-02,
-1.4618839e-01,-0.00000e+00,2.04000e-02,
-1.4589542e-01,2.00001e-01,1.92000e-02,
-1.4560245e-01,-0.00000e+00,2.08000e-02,
-1.4530948e-01,-0.00000e+00,1.88000e-02,
-1.4501651e-01,-0.00000e+00,1.92000e-02,
-1.4472353e-01,2.00001e-01,1.92000e-02,
-1.4443056e-01,-0.00000e+00,1.96000e-02,
-1.4413759e-01,-0.00000e+00,1.92000e-02,
-1.4384462e-01,2.00001e-01,2.08000e-02,
-1.4355165e-01,-0.00000e+00,2.00000e-02,
-1.4325868e-01,2.00001e-01,2.08000e-02,
-1.4296570e-01,-0.00000e+00,2.04000e-02,
-1.4267273e-01,2.00001e-01,1.76000e-02,
-1.4237976e-01,-0.00000e+00,1.88000e-02,
-1.4208679e-01,-0.00000e+00,1.92000e-02,
-1.4179382e-01,2.00001e-01,1.92000e-02,
-1.4150085e-01,2.00001e-01,1.92000e-02,
-1.4120787e-01,-0.00000e+00,1.96000e-02,
-1.4091490e-01,2.00001e-01,1.88000e-02,
-1.4062193e-01,-0.00000e+00,2.00000e-02,
-1.4032896e-01,2.00001e-01,2.08000e-02,
-1.4003599e-01,2.00001e-01,1.92000e-02,
-1.3974302e-01,-0.00000e+00,2.00000e-02,
-1.3945004e-01,-0.00000e+00,1.96000e-02,
-1.3915707e-01,-0.00000e+00,1.92000e-02,
-1.3886410e-01,-0.00000e+00,1.92000e-02,
-1.3857113e-01,2.00001e-01,2.00000e-02,
-1.3827816e-01,-0.00000e+00,1.92000e-02,
-1.3798518e-01,-0.00000e+00,2.08000e-02,
-1.3769221e-01,-0.00000e+00,1.96000e-02,
-1.3739924e-01,2.00001e-01,1.52000e-02,
-1.3710627e-01,-0.00000e+00,1.92000e-02,
-1.3681330e-01,-0.00000e+00,1.76000e-02,
-1.3652033e-01,2.00001e-01,1.92000e-02,
-1.3622735e-01,2.00001e-01,1.84000e-02,
-1.3593438e-01,-0.00000e+00,2.32000e-02,
-1.3564141e-01,-0.00000e+00,1.92000e-02,
-1.3534844e-01,2.00001e-01,1.80000e-02,
-1.3505547e-01,-0.00000e+00,1.84000e-02,
-1.3476250e-01,-0.00000e+00,1.76000e-02,
-1.3446952e-01,-0.00000e+00,1.92000e-02,
-1.3417655e-01,2.00001e-01,1.84000e-02,
-1.3388358e-01,-0.00000e+00,1.88000e-02,
-1.3359061e-01,-0.00000e+00,1.88000e-02,
-1.3329764e-01,-0.00000e+00,1.92000e-02,
-1.3300467e-01,2.00001e-01,1.20000e-02,
-1.3271169e-01,-0.00000e+00,2.20000e-02,
-1.3241872e-01,-0.00000e+00,1.92000e-02,
-1.3212575e-01,2.00001e-01,1.92000e-02,
-1.3183278e-01,2.00001e-01,1.92000e-02,
-1.3153981e-01,-0.00000e+00,1.92000e-02,
-1.3124683e-01,-0.00000e+00,2.04000e-02,
-1.3095386e-01,-0.00000e+00,2.08000e-02,
-1.3066089e-01,-0.00000e+00,2.00000e-02,
-1.3036792e-01,2.00001e-01,2.04000e-02,
-1.3007495e-01,2.00001e-01,2.04000e-02,
-1.2978198e-01,-0.00000e+00,1.96000e-02,
-1.2948900e-01,-0.00000e+00,2.00000e-02,
-1.2919603e-01,2.00001e-01,2.00000e-02,
-1.2890306e-01,-0.00000e+00,1.92000e-02,
-1.2861009e-01,-0.00000e+00,1.92000e-02,
-1.2831712e-01,-0.00000e+00,1.96000e-02,
-1.2802415e-01,-0.00000e+00,1.76000e-02,
-1.2773117e-01,-0.00000e+00,2.08000e-02,
-1.2743820e-01,2.00001e-01,2.20000e-02,
-1.2714523e-01,-0.00000e+00,1.92000e-02,
-1.2685226e-01,2.00001e-01,2.08000e-02,
-1.2655929e-01,2.00001e-01,2.08000e-02,
-1.2626632e-01,-0.00000e+00,2.04000e-02,
-1.2597334e-01,-0.00000e+00,2.12000e-02,
-1.2568037e-01,-0.00000e+00,2.00000e-02,
-1.2538740e-01,-0.00000e+00,1.92000e-02,
-1.2509443e-01,-0.00000e+00,2.20000e-02,
-1.2480146e-01,-0.00000e+00,2.08000e-02,
-1.2450849e-01,-0.00000e+00,2.40000e-02,
-1.2421551e-01,-0.00000e+00,1.92000e-02,
-1.2392254e-01,2.00001e-01,2.48000e-02,
-1.2362957e-01,2.00001e-01,2.12000e-02,
-1.2333660e-01,-0.00000e+00,2.08000e-02,
-1.2304363e-01,2.00001e-01,2.04000e-02,
-1.2275065e-01,-0.00000e+00,2.20000e-02,
-1.2245768e-01,-0.00000e+00,2.08000e-02,
-1.2216471e-01,2.00001e-01,2.00000e-02,
-1.2187174e-01,2.00001e-01,2.00000e-02,
-1.2157877e-01,-0.00000e+00,1.96000e-02,
-1.2128580e-01,-0.00000e+00,2.00000e-02,
-1.2099282e-01,-0.00000e+00,2.12000e-02,
-1.2069985e-01,-0.00000e+00,2.20000e-02,
-1.2040688e-01,2.00001e-01,2.16000e-02,
-1.2011391e-01,2.00001e-01,2.16000e-02,
-1.1982094e-01,-0.00000e+00,2.04000e-02,
-1.1952797e-01,2.00001e-01,2.00000e-02,
-1.1923499e-01,2.00001e-01,2.16000e-02,
-1.1894202e-01,2.00001e-01,2.08000e-02,
-1.1864905e-01,2.00001e-01,1.76000e-02,
-1.1835608e-01,-0.00000e+00,2.04000e-02,
-1.1806311e-01,-0.00000e+00,2.12000e-02,
-1.1777014e-01,2.00001e-01,1.92000e-02,
-1.1747716e-01,-0.00000e+00,2.04000e-02,
-1.1718419e-01,-0.00000e+00,1.96000e-02,
-1.1689122e-01,2.00001e-01,2.04000e-02,
-1.1659825e-01,2.00001e-01,1.92000e-02,
-1.1630528e-01,2.00001e-01,2.08000e-02,
-1.1601231e-01,2.00001e-01,2.00000e-02,
-1.1571933e-01,-0.00000e+00,2.04000e-02,
-1.1542636e-01,-0.00000e+00,2.00000e-02,
-1.1513339e-01,-0.00000e+00,2.08000e-02,
-1.1484042e-01,2.00001e-01,2.00000e-02,
-1.1454745e-01,-0.00000e+00,2.04000e-02,
-1.1425447e-01,-0.00000e+00,2.00000e-02,
-1.1396150e-01,2.00001e-01,1.60000e-02,
-1.1366853e-01,2.00001e-01,2.08000e-02,
-1.1337556e-01,2.00001e-01,1.96000e-02,
-1.1308259e-01,-0.00000e+00,1.72000e-02,
-1.1278962e-01,-0.00000e+00,1.96000e-02,
-1.1249664e-01,2.00001e-01,1.92000e-02,
-1.1220367e-01,2.00001e-01,2.00000e-02,
-1.1191070e-01,-0.00000e+00,2.04000e-02,
-1.1161773e-01,2.00001e-01,2.00000e-02,
-1.1132476e-01,-0.00000e+00,2.08000e-02,
-1.1103179e-01,2.00001e-01,2.12000e-02,
-1.1073881e-01,2.00001e-01,2.04000e-02,
-1.1044584e-01,-0.00000e+00,2.00000e-02,
-1.1015287e-01,-0.00000e+00,2.08000e-02,
-1.0985990e-01,2.00001e-01,2.00000e-02,
-1.0956693e-01,-0.00000e+00,1.88000e-02,
-1.0927396e-01,-0.00000e+00,2.08000e-02,
-1.0898098e-01,-0.00000e+00,1.92000e-02,
-1.0868801e-01,-0.00000e+00,2.04000e-02,
-1.0839504e-01,-0.00000e+00,2.08000e-02,
-1.0810207e-01,-0.00000e+00,1.92000e-02,
-1.0780910e-01,-0.00000e+00,2.00000e-02,
-1.0751612e-01,2.00001e-01,2.04000e-02,
-1.0722315e-01,-0.00000e+00,2.00000e-02,
-1.0693018e-01,-0.00000e+00,1.88000e-02,
-1.0663721e-01,2.00001e-01,1.92000e-02,
-1.0634424e-01,2.00001e-01,1.92000e-02,
-1.0605127e-01,-0.00000e+00,1.92000e-02,
-1.0575829e-01,-0.00000e+00,2.44000e-02,
-1.0546532e-01,-0.00000e+00,2.08000e-02,
-1.0517235e-01,-0.00000e+00,2.08000e-02,
-1.0487938e-01,-0.00000e+00,1.76000e-02,
-1.0458641e-01,-0.00000e+00,1.88000e-02,
-1.0429344e-01,-0.00000e+00,2.00000e-02,
-1.0400046e-01,2.00001e-01,1.84000e-02,
-1.0370749e-01,2.00001e-01,2.00000e-02,
-1.0341452e-01,2.00001e-01,1.92000e-02,
-1.0312155e-01,-0.00000e+00,1.92000e-02,
-1.0282858e-01,-0.00000e+00,1.92000e-02,
-1.0253561e-01,2.00001e-01,2.12000e-02,
-1.0224263e-01,2.00001e-01,1.60000e-02,
-1.0194966e-01,-0.00000e+00,2.04000e-02,
-1.0165669e-01,-0.00000e+00,1.96000e-02,
-1.0136372e-01,-0.00000e+00,1.96000e-02,
-1.0107075e-01,-0.00000e+00,2.04000e-02,
-1.0077778e-01,-0.00000e+00,2.00000e-02,
-1.0048480e-01,-0.00000e+00,2.08000e-02,
-1.0019183e-01,2.00001e-01,1.92000e-02,
-9.9898860e-02,-0.00000e+00,2.04000e-02,
-9.9605888e-02,2.00001e-01,1.92000e-02,
-9.9312916e-02,-0.00000e+00,2.08000e-02,
-9.9019945e-02,-0.00000e+00,2.04000e-02,
-9.8726973e-02,-0.00000e+00,1.92000e-02,
-9.8434001e-02,2.00001e-01,2.04000e-02,
-9.8141029e-02,-0.00000e+00,2.08000e-02,
-9.7848058e-02,2.00001e-01,2.08000e-02,
-9.7555086e-02,-0.00000e+00,2.08000e-02,
-9.7262114e-02,2.00001e-01,2.00000e-02,
-9.6969143e-02,-0.00000e+00,2.08000e-02,
-9.6676171e-02,-0.00000e+00,2.04000e-02,
-9.6383199e-02,-0.00000e+00,2.04000e-02,
-9.6090227e-02,2.00001e-01,2.08000e-02,
-9.5797256e-02,2.00001e-01,2.12000e-02,
-9.5504284e-02,2.00001e-01,2.04000e-02,
-9.5211312e-02,2.00001e-01,2.08000e-02,
-9.4918340e-02,2.00001e-01,2.16000e-02,
-9.4625369e-02,2.00001e-01,2.20000e-02,
-9.4332397e-02,2.00001e-01,2.16000e-02,
-9.4039425e-02,2.00001e-01,2.52000e-02,
-9.3746454e-02,2.00001e-01,2.16000e-02,
-9.3453482e-02,2.00001e-01,1.92000e-02,
-9.3160510e-02,2.00001e-01,2.12000e-02,
-9.2867538e-02,-0.00000e+00,2.16000e-02,
-9.2574567e-02,2.00001e-01,2.16000e-02,
-9.2281595e-02,-0.00000e+00,2.04000e-02,
-9.1988623e-02,2.00001e-01,2.08000e-02,
-9.1695651e-02,-0.00000e+00,2.08000e-02,
-9.1402680e-02,2.00001e-01,2.16000e-02,
-9.1109708e-02,-0.00000e+00,2.04000e-02,
-9.0816736e-02,2.00001e-01,2.00000e-02,
-9.0523764e-02,-0.00000e+00,2.08000e-02,
-9.0230793e-02,2.00001e-01,2.16000e-02,
-8.9937821e-02,2.00001e-01,2.16000e-02,
-8.9644849e-02,-0.00000e+00,2.08000e-02,
-8.9351878e-02,2.00001e-01,2.04000e-02,
-8.9058906e-02,2.00001e-01,2.12000e-02,
-8.8765934e-02,2.00001e-01,2.08000e-02,
-8.8472962e-02,-0.00000e+00,2.08000e-02,
-8.8179991e-02,2.00001e-01,2.20000e-02,
-8.7887019e-02,2.00001e-01,2.08000e-02,
-8.7594047e-02,2.00001e-01,2.08000e-02,
-8.7301075e-02,-0.00000e+00,2.00000e-02,
-8.7008104e-02,2.00001e-01,2.08000e-02,
-8.6715132e-02,2.00001e-01,2.20000e-02,
-8.6422160e-02,-0.00000e+00,2.24000e-02,
-8.6129189e-02,-0.00000e+00,2.16000e-02,
-8.5836217e-02,2.00001e-01,2.08000e-02,
-8.5543245e-02,-0.00000e+00,2.12000e-02,
-8.5250273e-02,2.00001e-01,2.04000e-02,
-8.4957302e-02,-0.00000e+00,2.20000e-02,
-8.4664330e-02,-0.00000e+00,2.12000e-02,
-8.4371358e-02,-0.00000e+00,2.16000e-02,
-8.4078386e-02,-0.00000e+00,2.04000e-02,
-8.3785415e-02,-0.00000e+00,2.08000e-02,
-8.3492443e-02,2.00001e-01,2.00000e-02,
-8.3199471e-02,-0.00000e+00,2.08000e-02,
-8.2906500e-02,2.00001e-01,2.04000e-02,
-8.2613528e-02,-0.00000e+00,2.08000e-02,
-8.2320556e-02,2.00001e-01,2.08000e-02,
-8.2027584e-02,-0.00000e+00,2.08000e-02,
-8.1734613e-02,2.00001e-01,2.20000e-02,
-8.1441641e-02,2.00001e-01,2.04000e-02,
-8.1148669e-02,2.00001e-01,1.92000e-02,
-8.0855697e-02,2.00001e-01,1.92000e-02,
-8.0562726e-02,-0.00000e+00,2.04000e-02,
-8.0269754e-02,2.00001e-01,2.04000e-02,
-7.9976782e-02,-0.00000e+00,2.00000e-02,
-7.9683810e-02,-0.00000e+00,1.92000e-02,
-7.9390839e-02,-0.00000e+00,1.88000e-02,
-7.9097867e-02,-0.00000e+00,1.96000e-02,
-7.8804895e-02,-0.00000e+00,2.08000e-02,
-7.8511924e-02,-0.00000e+00,2.00000e-02,
-7.8218952e-02,-0.00000e+00,1.92000e-02,
-7.7925980e-02,-0.00000e+00,2.00000e-02,
-7.7633008e-02,-0.00000e+00,2.00000e-02,
-7.7340037e-02,-0.00000e+00,2.08000e-02,
-7.7047065e-02,-0.00000e+00,2.08000e-02,
-7.6754093e-02,-0.00000e+00,2.08000e-02,
-7.6461121e-02,-0.00000e+00,2.04000e-02,
-7.6168150e-02,-0.00000e+00,1.92000e-02,
-7.5875178e-02,2.00001e-01,2.20000e-02,
-7.5582206e-02,2.00001e-01,1.92000e-02,
-7.5289235e-02,2.00001e-01,2.04000e-02,
-7.4996263e-02,2.00001e-01,1.92000e-02,
-7.4703291e-02,2.00001e-01,2.00000e-02,
-7.4410319e-02,-0.00000e+00,2.16000e-02,
-7.4117348e-02,-0.00000e+00,2.12000e-02,
-7.3824376e-02,-0.00000e+00,2.08000e-02,
-7.3531404e-02,2.00001e-01,2.04000e-02,
-7.3238432e-02,2.00001e-01,2.08000e-02,
-7.2945461e-02,2.00001e-01,2.16000e-02,
-7.2652489e-02,-0.00000e+00,2.32000e-02,
-7.2359517e-02,-0.00000e+00,2.04000e-02,
-7.2066545e-02,2.00001e-01,2.08000e-02,
-7.1773574e-02,-0.00000e+00,2.08000e-02,
-7.1480602e-02,-0.00000e+00,2.16000e-02,
-7.1187630e-02,-0.00000e+00,1.84000e-02,
-7.0894659e-02,-0.00000e+00,2.32000e-02,
-7.0601687e-02,-0.00000e+00,2.20000e-02,
-7.0308715e-02,-0.00000e+00,2.20000e-02,
-7.0015743e-02,-0.00000e+00,2.20000e-02,
-6.9722772e-02,2.00001e-01,2.08000e-02,
-6.9429800e-02,-0.00000e+00,2.28000e-02,
-6.9136828e-02,2.00001e-01,2.08000e-02,
-6.8843856e-02,-0.00000e+00,2.16000e-02,
-6.8550885e-02,-0.00000e+00,2.08000e-02,
-6.8257913e-02,-0.00000e+00,2.08000e-02,
-6.7964941e-02,-0.00000e+00,2.32000e-02,
-6.7671970e-02,2.00001e-01,2.16000e-02,
-6.7378998e-02,-0.00000e+00,2.20000e-02,
-6.7086026e-02,2.00001e-01,2.24000e-02,
-6.6793054e-02,-0.00000e+00,2.12000e-02,
-6.6500083e-02,-0.00000e+00,2.16000e-02,
-6.6207111e-02,-0.00000e+00,2.04000e-02,
-6.5914139e-02,-0.00000e+00,2.16000e-02,
-6.5621167e-02,2.00001e-01,2.24000e-02,
-6.5328196e-02,-0.00000e+00,2.24000e-02,
-6.5035224e-02,-0.00000e+00,2.16000e-02,
-6.4742252e-02,-0.00000e+00,2.16000e-02,
-6.4449281e-02,2.00001e-01,2.08000e-02,
-6.4156309e-02,-0.00000e+00,2.04000e-02,
-6.3863337e-02,2.00001e-01,2.16000e-02,
-6.3570365e-02,-0.00000e+00,2.04000e-02,
-6.3277394e-02,-0.00000e+00,2.12000e-02,
-6.2984422e-02,2.00001e-01,2.08000e-02,
-6.2691450e-02,-0.00000e+00,2.16000e-02,
-6.2398482e-02,2.00001e-01,2.36000e-02,
-6.2105514e-02,-0.00000e+00,2.24000e-02,
-6.1812546e-02,2.00001e-01,1.96000e-02,
-6.1519578e-02,-0.00000e+00,2.32000e-02,
-6.1226610e-02,2.00001e-01,2.20000e-02,
-6.0933642e-02,-0.00000e+00,2.16000e-02,
-6.0640674e-02,2.00001e-01,2.04000e-02,
-6.0347706e-02,-0.00000e+00,2.08000e-02,
-6.0054738e-02,-0.00000e+00,2.08000e-02,
-5.9761770e-02,-0.00000e+00,2.28000e-02,
-5.9468802e-02,2.00001e-01,2.20000e-02,
-5.9175834e-02,2.00001e-01,2.16000e-02,
-5.8882866e-02,-0.00000e+00,2.28000e-02,
-5.8589898e-02,2.00001e-01,2.16000e-02,
-5.8296930e-02,2.00001e-01,2.20000e-02,
-5.8003962e-02,-0.00000e+00,2.16000e-02,
-5.7710994e-02,-0.00000e+00,2.08000e-02,
-5.7418026e-02,2.00001e-01,2.08000e-02,
-5.7125058e-02,-0.00000e+00,2.24000e-02,
-5.6832090e-02,-0.00000e+00,2.16000e-02,
-5.6539122e-02,-0.00000e+00,2.08000e-02,
-5.6246154e-02,2.00001e-01,2.04000e-02,
-5.5953186e-02,2.00001e-01,2.08000e-02,
-5.5660218e-02,2.00001e-01,2.08000e-02,
-5.5367250e-02,2.00001e-01,2.20000e-02,
-5.5074282e-02,2.00001e-01,2.04000e-02,
-5.4781314e-02,-0.00000e+00,2.08000e-02,
-5.4488346e-02,2.00001e-01,2.08000e-02,
-5.4195378e-02,-0.00000e+00,2.20000e-02,
-5.3902410e-02,-0.00000e+00,2.08000e-02,
-5.3609442e-02,-0.00000e+00,2.04000e-02,
-5.3316474e-02,-0.00000e+00,2.08000e-02,
-5.3023506e-02,-0.00000e+00,2.12000e-02,
-5.2730538e-02,-0.00000e+00,1.76000e-02,
-5.2437570e-02,2.00001e-01,1.72000e-02,
-5.2144602e-02,-0.00000e+00,2.00000e-02,
-5.1851634e-02,-0.00000e+00,2.04000e-02,
-5.1558666e-02,-0.00000e+00,2.08000e-02,
-5.1265698e-02,-0.00000e+00,2.08000e-02,
-5.0972730e-02,-0.00000e+00,1.92000e-02,
-5.0679762e-02,-0.00000e+00,1.92000e-02,
-5.0386794e-02,-0.00000e+00,2.08000e-02,
-5.0093826e-02,-0.00000e+00,2.12000e-02,
-4.9800858e-02,-0.00000e+00,2.24000e-02,
-4.9507890e-02,-0.00000e+00,2.16000e-02,
-4.9214922e-02,2.00001e-01,2.04000e-02,
-4.8921954e-02,2.00001e-01,2.24000e-02,
-4.8628986e-02,-0.00000e+00,2.04000e-02,
-4.8336018e-02,2.00001e-01,2.04000e-02,
-4.8043050e-02,-0.00000e+00,2.00000e-02,
-4.7750082e-02,-0.00000e+00,2.04000e-02,
-4.7457114e-02,-0.00000e+00,1.76000e-02,
-4.7164146e-02,-0.00000e+00,2.20000e-02,
-4.6871178e-02,2.00001e-01,2.04000e-02,
-4.6578210e-02,-0.00000e+00,2.08000e-02,
-4.6285242e-02,-0.00000e+00,2.08000e-02,
-4.5992274e-02,-0.00000e+00,2.04000e-02,
-4.5699306e-02,2.00001e-01,2.16000e-02,
-4.5406338e-02,2.00001e-01,2.08000e-02,
-4.5113370e-02,-0.00000e+00,2.12000e-02,
-4.4820402e-02,-0.00000e+00,2.08000e-02,
-4.4527434e-02,2.00001e-01,2.20000e-02,
-4.4234466e-02,-0.00000e+00,2.08000e-02,
-4.3941498e-02,-0.00000e+00,2.24000e-02,
-4.3648530e-02,2.00001e-01,1.88000e-02,
-4.3355562e-02,-0.00000e+00,2.24000e-02,
-4.3062594e-02,-0.00000e+00,2.08000e-02,
-4.2769626e-02,2.00001e-01,2.32000e-02,
-4.2476658e-02,2.00001e-01,2.20000e-02,
-4.2183690e-02,2.00001e-01,2.24000e-02,
-4.1890722e-02,-0.00000e+00,2.12000e-02,
-4.1597754e-02,-0.00000e+00,2.16000e-02,
-4.1304786e-02,-0.00000e+00,2.16000e-02,
-4.1011818e-02,2.00001e-01,1.84000e-02,
-4.0718850e-02,-0.00000e+00,2.20000e-02,
-4.0425882e-02,-0.00000e+00,2.20000e-02,
-4.0132914e-02,-0.00000e+00,2.08000e-02,
-3.9839946e-02,2.00001e-01,2.00000e-02,
-3.9546978e-02,2.00001e-01,2.24000e-02,
-3.9254010e-02,-0.00000e+00,2.16000e-02,
-3.8961042e-02,-0.00000e+00,2.24000e-02,
-3.8668074e-02,-0.00000e+00,2.16000e-02,
-3.8375106e-02,-0.00000e+00,2.28000e-02,
-3.8082138e-02,2.00001e-01,2.32000e-02,
-3.7789170e-02,-0.00000e+00,2.16000e-02,
-3.7496202e-02,-0.00000e+00,2.28000e-02,
-3.7203234e-02,-0.00000e+00,2.08000e-02,
-3.6910266e-02,2.00001e-01,2.28000e-02,
-3.6617298e-02,-0.00000e+00,2.20000e-02,
-3.6324330e-02,-0.00000e+00,2.12000e-02,
-3.6031362e-02,-0.00000e+00,2.08000e-02,
-3.5738394e-02,-0.00000e+00,2.16000e-02,
-3.5445426e-02,-0.00000e+00,2.20000e-02,
-3.5152458e-02,-0.00000e+00,1.92000e-02,
-3.4859490e-02,-0.00000e+00,2.12000e-02,
-3.4566522e-02,2.00001e-01,2.24000e-02,
-3.4273554e-02,2.00001e-01,2.00000e-02,
-3.3980586e-02,2.00001e-01,2.16000e-02,
-3.3687618e-02,-0.00000e+00,2.16000e-02,
-3.3394650e-02,2.00001e-01,2.12000e-02,
-3.3101682e-02,-0.00000e+00,2.16000e-02,
-3.2808714e-02,-0.00000e+00,2.20000e-02,
-3.2515746e-02,-0.00000e+00,2.16000e-02,
-3.2222778e-02,-0.00000e+00,2.20000e-02,
-3.1929810e-02,-0.00000e+00,2.48000e-02,
-3.1636842e-02,2.00001e-01,2.12000e-02,
-3.1343874e-02,-0.00000e+00,2.08000e-02,
-3.1050906e-02,-0.00000e+00,2.08000e-02,
-3.0757938e-02,-0.00000e+00,2.08000e-02,
-3.0464970e-02,-0.00000e+00,2.16000e-02,
-3.0172002e-02,-0.00000e+00,2.24000e-02,
-2.9879034e-02,2.00001e-01,2.12000e-02,
-2.9586066e-02,2.00001e-01,2.16000e-02,
-2.9293098e-02,-0.00000e+00,2.24000e-02,
-2.9000130e-02,2.00001e-01,2.08000e-02,
-2.8707162e-02,-0.00000e+00,2.20000e-02,
-2.8414194e-02,2.00001e-01,2.12000e-02,
-2.8121226e-02,2.00001e-01,2.16000e-02,
-2.7828258e-02,2.00001e-01,2.36000e-02,
-2.7535290e-02,-0.00000e+00,2.12000e-02,
-2.7242322e-02,-0.00000e+00,2.24000e-02,
-2.6949354e-02,-0.00000e+00,2.04000e-02,
-2.6656386e-02,-0.00000e+00,2.00000e-02,
-2.6363418e-02,-0.00000e+00,2.16000e-02,
-2.6070450e-02,2.00001e-01,2.04000e-02,
-2.5777481e-02,2.00001e-01,2.08000e-02,
-2.5484513e-02,2.00001e-01,2.24000e-02,
-2.5191545e-02,-0.00000e+00,2.16000e-02,
-2.4898577e-02,-0.00000e+00,2.08000e-02,
-2.4605609e-02,-0.00000e+00,2.20000e-02,
-2.4312641e-02,2.00001e-01,1.76000e-02,
-2.4019673e-02,-0.00000e+00,2.16000e-02,
-2.3726705e-02,-0.00000e+00,2.24000e-02,
-2.3433737e-02,2.00001e-01,2.16000e-02,
-2.3140769e-02,2.00001e-01,2.08000e-02,
-2.2847801e-02,-0.00000e+00,2.04000e-02,
-2.2554833e-02,-0.00000e+00,2.16000e-02,
-2.2261865e-02,-0.00000e+00,2.16000e-02,
-2.1968897e-02,-0.00000e+00,2.20000e-02,
-2.1675929e-02,2.00001e-01,2.16000e-02,
-2.1382961e-02,-0.00000e+00,2.32000e-02,
-2.1089993e-02,2.00001e-01,2.08000e-02,
-2.0797025e-02,2.00001e-01,2.24000e-02,
-2.0504057e-02,2.00001e-01,2.24000e-02,
-2.0211089e-02,2.00001e-01,2.20000e-02,
-1.9918121e-02,-0.00000e+00,2.12000e-02,
-1.9625153e-02,-0.00000e+00,2.16000e-02,
-1.9332185e-02,2.00001e-01,2.16000e-02,
-1.9039217e-02,2.00001e-01,2.36000e-02,
-1.8746249e-02,-0.00000e+00,2.32000e-02,
-1.8453281e-02,-0.00000e+00,2.20000e-02,
-1.8160313e-02,-0.00000e+00,2.08000e-02,
-1.7867345e-02,-0.00000e+00,2.24000e-02,
-1.7574377e-02,-0.00000e+00,2.48000e-02,
-1.7281409e-02,-0.00000e+00,2.24000e-02,
-1.6988441e-02,-0.00000e+00,2.32000e-02,
-1.6695473e-02,-0.00000e+00,2.16000e-02,
-1.6402505e-02,-0.00000e+00,2.28000e-02,
-1.6109537e-02,-0.00000e+00,2.16000e-02,
-1.5816569e-02,2.00001e-01,2.24000e-02,
-1.5523600e-02,-0.00000e+00,2.08000e-02,
-1.5230631e-02,-0.00000e+00,2.24000e-02,
-1.4937663e-02,-0.00000e+00,2.20000e-02,
-1.4644694e-02,-0.00000e+00,2.40000e-02,
-1.4351725e-02,2.00001e-01,2.20000e-02,
-1.4058756e-02,-0.00000e+00,2.20000e-02,
-1.3765787e-02,-0.00000e+00,2.20000e-02,
-1.3472818e-02,-0.00000e+00,2.28000e-02,
-1.3179849e-02,-0.00000e+00,2.24000e-02,
-1.2886880e-02,-0.00000e+00,2.24000e-02,
-1.2593911e-02,2.00001e-01,2.60000e-02,
-1.2300942e-02,2.00001e-01,2.32000e-02,
-1.2007973e-02,2.00001e-01,2.08000e-02,
-1.1715004e-02,-0.00000e+00,2.36000e-02,
-1.1422035e-02,-0.00000e+00,2.40000e-02,
-1.1129066e-02,-0.00000e+00,2.20000e-02,
-1.0836097e-02,2.00001e-01,2.24000e-02,
-1.0543128e-02,-0.00000e+00,2.20000e-02,
-1.0250160e-02,2.00001e-01,2.04000e-02,
-9.9571906e-03,2.00001e-01,2.12000e-02,
-9.6642217e-03,-0.00000e+00,2.36000e-02,
-9.3712527e-03,-0.00000e+00,2.20000e-02,
-9.0782838e-03,-0.00000e+00,2.24000e-02,
-8.7853149e-03,-0.00000e+00,2.24000e-02,
-8.4923459e-03,2.00001e-01,2.20000e-02,
-8.1993770e-03,-0.00000e+00,2.20000e-02,
-7.9064080e-03,2.00001e-01,2.20000e-02,
-7.6134391e-03,2.00001e-01,2.24000e-02,
-7.3204702e-03,2.00001e-01,2.20000e-02,
-7.0275012e-03,-0.00000e+00,2.24000e-02,
-6.7345323e-03,2.00001e-01,2.12000e-02,
-6.4415634e-03,2.00001e-01,2.16000e-02,
-6.1485944e-03,-0.00000e+00,2.24000e-02,
-5.8556255e-03,2.00001e-01,2.20000e-02,
-5.5626566e-03,2.00001e-01,2.20000e-02,
-5.2696876e-03,-0.00000e+00,2.08000e-02,
-4.9767187e-03,-0.00000e+00,2.08000e-02,
-4.6837498e-03,2.00001e-01,2.24000e-02,
-4.3907808e-03,-0.00000e+00,2.20000e-02,
-4.0978119e-03,-0.00000e+00,2.24000e-02,
-3.8048432e-03,-0.00000e+00,2.24000e-02,
-3.5118745e-03,-0.00000e+00,2.12000e-02,
-3.2189058e-03,-0.00000e+00,2.08000e-02,
-2.9259371e-03,-0.00000e+00,2.00000e-02,
-2.6329684e-03,-0.00000e+00,2.24000e-02,
-2.3399997e-03,-0.00000e+00,2.20000e-02,
-2.0470310e-03,-0.00000e+00,2.08000e-02,
-1.7540623e-03,-0.00000e+00,2.00000e-02,
-1.4610935e-03,-0.00000e+00,2.08000e-02,
-1.1681248e-03,2.00001e-01,2.24000e-02,
-8.7515608e-04,-0.00000e+00,2.32000e-02,
-5.8218732e-04,2.00001e-01,2.08000e-02,
-2.8921856e-04,2.00001e-01,2.48000e-02,
3.7502032e-06,-0.00000e+00,2.08000e-02,
2.9671896e-04,-0.00000e+00,2.16000e-02,
5.8968773e-04,-0.00000e+00,2.40000e-02,
8.8265649e-04,-0.00000e+00,2.16000e-02,
1.1756252e-03,-0.00000e+00,2.16000e-02,
1.4685940e-03,-0.00000e+00,2.24000e-02,
1.7615627e-03,2.00001e-01,2.08000e-02,
2.0545314e-03,-0.00000e+00,2.20000e-02,
2.3475001e-03,-0.00000e+00,2.24000e-02,
2.6404688e-03,-0.00000e+00,2.20000e-02,
2.9334375e-03,-0.00000e+00,2.28000e-02,
3.2264062e-03,-0.00000e+00,2.24000e-02,
3.5193749e-03,2.00001e-01,2.24000e-02,
3.8123436e-03,-0.00000e+00,2.32000e-02,
4.1053123e-03,-0.00000e+00,2.20000e-02,
4.3982812e-03,-0.00000e+00,2.24000e-02,
4.6912502e-03,-0.00000e+00,2.24000e-02,
4.9842191e-03,-0.00000e+00,2.20000e-02,
5.2771880e-03,-0.00000e+00,2.24000e-02,
5.5701570e-03,-0.00000e+00,2.20000e-02,
5.8631259e-03,-0.00000e+00,2.24000e-02,
6.1560948e-03,2.00001e-01,2.20000e-02,
6.4490638e-03,2.00001e-01,2.32000e-02,
6.7420327e-03,2.00001e-01,2.16000e-02,
7.0350016e-03,2.00001e-01,2.12000e-02,
7.3279706e-03,-0.00000e+00,2.20000e-02,
7.6209395e-03,-0.00000e+00,2.24000e-02,
7.9139080e-03,-0.00000e+00,2.36000e-02,
8.2068769e-03,-0.00000e+00,2.32000e-02,
8.4998459e-03,-0.00000e+00,2.32000e-02,
8.7928148e-03,-0.00000e+00,2.32000e-02,
9.0857837e-03,2.00001e-01,2.24000e-02,
9.3787527e-03,-0.00000e+00,2.24000e-02,
9.6717216e-03,-0.00000e+00,2.24000e-02,
9.9646905e-03,2.00001e-01,2.24000e-02,
1.0257659e-02,-0.00000e+00,2.40000e-02,
1.0550628e-02,-0.00000e+00,2.36000e-02,
1.0843597e-02,2.00001e-01,2.28000e-02,
1.1136566e-02,2.00001e-01,2.24000e-02,
1.1429535e-02,-0.00000e+00,2.24000e-02,
1.1722504e-02,2.00001e-01,2.20000e-02,
1.2015473e-02,-0.00000e+00,2.32000e-02,
1.2308442e-02,2.00001e-01,2.32000e-02,
1.2601411e-02,-0.00000e+00,2.28000e-02,
1.2894380e-02,2.00001e-01,2.24000e-02,
1.3187349e-02,-0.00000e+00,2.28000e-02,
1.3480318e-02,-0.00000e+00,2.24000e-02,
1.3773287e-02,-0.00000e+00,2.32000e-02,
1.4066256e-02,2.00001e-01,2.32000e-02,
1.4359225e-02,-0.00000e+00,2.24000e-02,
1.4652194e-02,-0.00000e+00,2.24000e-02,
1.4945162e-02,2.00001e-01,2.36000e-02,
1.5238131e-02,2.00001e-01,2.40000e-02,
1.5531100e-02,2.00001e-01,2.24000e-02,
1.5824068e-02,-0.00000e+00,2.36000e-02,
1.6117036e-02,-0.00000e+00,2.28000e-02,
1.6410004e-02,2.00001e-01,2.52000e-02,
1.6702972e-02,-0.00000e+00,2.24000e-02,
1.6995940e-02,-0.00000e+00,2.24000e-02,
1.7288908e-02,-0.00000e+00,2.24000e-02,
1.7581876e-02,-0.00000e+00,2.28000e-02,
1.7874844e-02,-0.00000e+00,2.16000e-02,
1.8167812e-02,-0.00000e+00,2.24000e-02,
1.8460780e-02,2.00001e-01,2.32000e-02,
1.8753748e-02,2.00001e-01,2.20000e-02,
1.9046716e-02,-0.00000e+00,2.20000e-02,
1.9339684e-02,-0.00000e+00,2.20000e-02,
1.9632652e-02,-0.00000e+00,2.20000e-02,
1.9925620e-02,-0.00000e+00,2.32000e-02,
2.0218588e-02,-0.00000e+00,2.28000e-02,
2.0511556e-02,-0.00000e+00,2.16000e-02,
2.0804524e-02,-0.00000e+00,2.24000e-02,
2.1097492e-02,2.00001e-01,2.20000e-02,
2.1390460e-02,-0.00000e+00,2.32000e-02,
2.1683428e-02,2.00001e-01,2.08000e-02,
2.1976396e-02,2.00001e-01,2.12000e-02,
2.2269364e-02,-0.00000e+00,2.16000e-02,
2.2562332e-02,-0.00000e+00,2.08000e-02,
2.2855300e-02,-0.00000e+00,2.20000e-02,
2.3148268e-02,2.00001e-01,2.16000e-02,
2.3441236e-02,2.00001e-01,2.20000e-02,
2.3734204e-02,2.00001e-01,2.32000e-02,
2.4027172e-02,-0.00000e+00,2.24000e-02,
2.4320140e-02,2.00001e-01,2.20000e-02,
2.4613108e-02,2.00001e-01,2.24000e-02,
2.4906076e-02,-0.00000e+00,2.12000e-02,
2.5199044e-02,2.00001e-01,2.16000e-02,
2.5492013e-02,-0.00000e+00,2.32000e-02,
2.5784981e-02,2.00001e-01,2.20000e-02,
2.6077949e-02,2.00001e-01,1.60000e-02,
2.6370917e-02,2.00001e-01,2.32000e-02,
2.6663885e-02,-0.00000e+00,2.36000e-02,
2.6956853e-02,2.00001e-01,2.20000e-02,
2.7249821e-02,-0.00000e+00,2.32000e-02,
2.7542789e-02,-0.00000e+00,2.32000e-02,
2.7835757e-02,-0.00000e+00,2.36000e-02,
2.8128725e-02,2.00001e-01,2.20000e-02,
2.8421693e-02,-0.00000e+00,2.40000e-02,
2.8714661e-02,-0.00000e+00,2.32000e-02,
2.9007629e-02,-0.00000e+00,2.40000e-02,
2.9300597e-02,-0.00000e+00,2.20000e-02,
2.9593565e-02,-0.00000e+00,2.32000e-02,
2.9886533e-02,-0.00000e+00,2.24000e-02,
3.0179501e-02,2.00001e-01,2.32000e-02,
3.0472469e-02,-0.00000e+00,2.24000e-02,
3.0765437e-02,2.00001e-01,2.40000e-02,
3.1058405e-02,2.00001e-01,2.24000e-02,
3.1351373e-02,-0.00000e+00,2.24000e-02,
3.1644341e-02,2.00001e-01,2.36000e-02,
3.1937309e-02,-0.00000e+00,2.36000e-02,
3.2230277e-02,2.00001e-01,2.24000e-02,
3.2523245e-02,-0.00000e+00,2.28000e-02,
3.2816213e-02,2.00001e-01,2.40000e-02,
3.3109181e-02,-0.00000e+00,2.28000e-02,
3.3402149e-02,2.00001e-01,2.24000e-02,
3.3695117e-02,2.00001e-01,2.28000e-02,
3.3988085e-02,2.00001e-01,2.24000e-02,
3.4281053e-02,2.00001e-01,2.24000e-02,
3.4574021e-02,-0.00000e+00,2.08000e-02,
3.4866989e-02,2.00001e-01,2.24000e-02,
3.5159957e-02,-0.00000e+00,2.24000e-02,
3.5452925e-02,-0.00000e+00,2.32000e-02,
3.5745893e-02,2.00001e-01,2.52000e-02,
3.6038861e-02,-0.00000e+00,2.24000e-02,
3.6331829e-02,2.00001e-01,2.36000e-02,
3.6624797e-02,2.00001e-01,2.32000e-02,
3.6917765e-02,-0.00000e+00,2.32000e-02,
3.7210733e-02,2.00001e-01,2.28000e-02,
3.7503701e-02,-0.00000e+00,2.24000e-02,
3.7796669e-02,-0.00000e+00,2.40000e-02,
3.8089637e-02,2.00001e-01,2.24000e-02,
3.8382605e-02,-0.00000e+00,2.24000e-02,
3.8675573e-02,-0.00000e+00,2.16000e-02,
3.8968541e-02,-0.00000e+00,2.24000e-02,
3.9261509e-02,2.00001e-01,2.20000e-02,
3.9554477e-02,-0.00000e+00,2.36000e-02,
3.9847445e-02,2.00001e-01,2.24000e-02,
4.0140413e-02,-0.00000e+00,2.32000e-02,
4.0433381e-02,-0.00000e+00,2.32000e-02,
4.0726349e-02,2.00001e-01,2.28000e-02,
4.1019317e-02,-0.00000e+00,2.40000e-02,
4.1312285e-02,-0.00000e+00,2.24000e-02,
4.1605253e-02,2.00001e-01,2.24000e-02,
4.1898221e-02,-0.00000e+00,2.04000e-02,
4.2191189e-02,-0.00000e+00,2.24000e-02,
4.2484157e-02,2.00001e-01,2.32000e-02,
4.2777125e-02,-0.00000e+00,2.16000e-02,
4.3070093e-02,-0.00000e+00,2.16000e-02,
4.3363061e-02,-0.00000e+00,2.16000e-02,
4.3656029e-02,2.00001e-01,2.24000e-02,
4.3948997e-02,2.00001e-01,2.16000e-02,
4.4241965e-02,-0.00000e+00,2.48000e-02,
4.4534933e-02,-0.00000e+00,2.28000e-02,
4.4827901e-02,-0.00000e+00,2.24000e-02,
4.5120869e-02,2.00001e-01,2.12000e-02,
4.5413837e-02,2.00001e-01,2.44000e-02,
4.5706805e-02,-0.00000e+00,2.24000e-02,
4.5999773e-02,-0.00000e+00,2.16000e-02,
4.6292741e-02,2.00001e-01,2.32000e-02,
4.6585709e-02,-0.00000e+00,2.28000e-02,
4.6878677e-02,-0.00000e+00,2.20000e-02,
4.7171645e-02,-0.00000e+00,2.28000e-02,
4.7464613e-02,-0.00000e+00,2.40000e-02,
4.7757581e-02,2.00001e-01,2.24000e-02,
4.8050549e-02,2.00001e-01,2.24000e-02,
4.8343517e-02,-0.00000e+00,2.40000e-02,
4.8636485e-02,2.00001e-01,2.28000e-02,
4.8929453e-02,2.00001e-01,2.24000e-02,
4.9222421e-02,-0.00000e+00,2.32000e-02,
4.9515389e-02,-0.00000e+00,2.32000e-02,
4.9808357e-02,-0.00000e+00,2.32000e-02,
5.0101325e-02,2.00001e-01,2.00000e-02,
5.0394293e-02,-0.00000e+00,2.40000e-02,
5.0687261e-02,-0.00000e+00,2.48000e-02,
5.0980229e-02,-0.00000e+00,2.40000e-02,
5.1273197e-02,-0.00000e+00,2.36000e-02,
5.1566165e-02,2.00001e-01,2.36000e-02,
5.1859133e-02,-0.00000e+00,2.24000e-02,
5.2152101e-02,2.00001e-01,2.32000e-02,
5.2445069e-02,-0.00000e+00,2.48000e-02,
5.2738037e-02,-0.00000e+00,2.32000e-02,
5.3031005e-02,2.00001e-01,2.24000e-02,
5.3323973e-02,2.00001e-01,2.52000e-02,
5.3616941e-02,-0.00000e+00,2.36000e-02,
5.3909909e-02,2.00001e-01,2.20000e-02,
5.4202877e-02,-0.00000e+00,2.36000e-02,
5.4495845e-02,2.00001e-01,2.56000e-02,
5.4788813e-02,2.00001e-01,2.24000e-02,
5.5081781e-02,-0.00000e+00,2.32000e-02,
5.5374749e-02,-0.00000e+00,2.32000e-02,
5.5667717e-02,-0.00000e+00,2.44000e-02,
5.5960685e-02,2.00001e-01,2.40000e-02,
5.6253653e-02,-0.00000e+00,2.40000e-02,
5.6546621e-02,-0.00000e+00,2.40000e-02,
5.6839589e-02,2.00001e-01,2.36000e-02,
5.7132557e-02,-0.00000e+00,2.32000e-02,
5.7425525e-02,2.00001e-01,2.40000e-02,
5.7718493e-02,2.00001e-01,2.20000e-02,
5.8011461e-02,2.00001e-01,2.24000e-02,
5.8304429e-02,-0.00000e+00,2.32000e-02,
5.8597397e-02,2.00001e-01,2.40000e-02,
5.8890365e-02,2.00001e-01,2.24000e-02,
5.9183333e-02,-0.00000e+00,2.28000e-02,
5.9476301e-02,2.00001e-01,2.24000e-02,
5.9769269e-02,-0.00000e+00,2.32000e-02,
6.0062237e-02,-0.00000e+00,2.40000e-02,
6.0355205e-02,2.00001e-01,2.48000e-02,
6.0648173e-02,-0.00000e+00,2.32000e-02,
6.0941141e-02,-0.00000e+00,2.24000e-02,
6.1234109e-02,2.00001e-01,2.24000e-02,
6.1527077e-02,-0.00000e+00,2.32000e-02,
6.1820045e-02,2.00001e-01,2.24000e-02,
6.2113013e-02,-0.00000e+00,2.24000e-02,
6.2405981e-02,2.00001e-01,2.20000e-02,
6.2698953e-02,2.00001e-01,2.28000e-02,
6.2991925e-02,2.00001e-01,2.24000e-02,
6.3284896e-02,2.00001e-01,2.24000e-02,
6.3577868e-02,-0.00000e+00,2.32000e-02,
6.3870840e-02,-0.00000e+00,2.24000e-02,
6.4163812e-02,2.00001e-01,2.32000e-02,
6.4456783e-02,-0.00000e+00,2.24000e-02,
6.4749755e-02,-0.00000e+00,2.24000e-02,
6.5042727e-02,2.00001e-01,2.32000e-02,
6.5335698e-02,-0.00000e+00,2.32000e-02,
6.5628670e-02,-0.00000e+00,2.32000e-02,
6.5921642e-02,-0.00000e+00,2.16000e-02,
6.6214614e-02,2.00001e-01,2.28000e-02,
6.6507585e-02,-0.00000e+00,2.24000e-02,
6.6800557e-02,-0.00000e+00,2.08000e-02,
6.7093529e-02,2.00001e-01,2.08000e-02,
6.7386501e-02,2.00001e-01,2.16000e-02,
6.7679472e-02,2.00001e-01,2.16000e-02,
6.7972444e-02,2.00001e-01,2.24000e-02,
6.8265416e-02,2.00001e-01,2.48000e-02,
6.8558387e-02,2.00001e-01,2.32000e-02,
6.8851359e-02,2.00001e-01,2.36000e-02,
6.9144331e-02,2.00001e-01,2.24000e-02,
6.9437303e-02,2.00001e-01,2.40000e-02,
6.9730274e-02,-0.00000e+00,2.36000e-02,
7.0023246e-02,-0.00000e+00,2.44000e-02,
7.0316218e-02,2.00001e-01,2.36000e-02,
7.0609190e-02,-0.00000e+00,2.36000e-02,
7.0902161e-02,-0.00000e+00,2.28000e-02,
7.1195133e-02,-0.00000e+00,2.24000e-02,
7.1488105e-02,-0.00000e+00,2.24000e-02,
7.1781076e-02,-0.00000e+00,2.32000e-02,
7.2074048e-02,-0.00000e+00,2.36000e-02,
7.2367020e-02,2.00001e-01,2.40000e-02,
7.2659992e-02,-0.00000e+00,2.36000e-02,
7.2952963e-02,-0.00000e+00,2.40000e-02,
7.3245935e-02,-0.00000e+00,2.36000e-02,
7.3538907e-02,-0.00000e+00,2.40000e-02,
7.3831879e-02,2.00001e-01,2.24000e-02,
7.4124850e-02,-0.00000e+00,2.40000e-02,
7.4417822e-02,-0.00000e+00,2.40000e-02,
7.4710794e-02,2.00001e-01,2.52000e-02,
7.5003766e-02,2.00001e-01,2.20000e-02,
7.5296737e-02,2.00001e-01,2.32000e-02,
7.5589709e-02,2.00001e-01,2.40000e-02,
7.5882681e-02,-0.00000e+00,2.40000e-02,
7.6175652e-02,-0.00000e+00,2.36000e-02,
7.6468624e-02,-0.00000e+00,2.40000e-02,
7.6761596e-02,2.00001e-01,2.48000e-02,
7.7054568e-02,-0.00000e+00,2.28000e-02,
7.7347539e-02,-0.00000e+00,2.48000e-02,
7.7640511e-02,2.00001e-01,2.92000e-02,
7.7933483e-02,-0.00000e+00,2.40000e-02,
7.8226455e-02,2.00001e-01,2.52000e-02,
7.8519426e-02,-0.00000e+00,2.32000e-02,
7.8812398e-02,-0.00000e+00,2.40000e-02,
7.9105370e-02,2.00001e-01,2.40000e-02,
7.9398341e-02,2.00001e-01,2.32000e-02,
7.9691313e-02,2.00001e-01,2.48000e-02,
7.9984285e-02,2.00001e-01,2.24000e-02,
8.0277257e-02,2.00001e-01,2.24000e-02,
8.0570228e-02,-0.00000e+00,2.52000e-02,
8.0863200e-02,-0.00000e+00,2.48000e-02,
8.1156172e-02,2.00001e-01,2.32000e-02,
8.1449144e-02,-0.00000e+00,2.40000e-02,
8.1742115e-02,2.00001e-01,2.24000e-02,
8.2035087e-02,-0.00000e+00,2.40000e-02,
8.2328059e-02,-0.00000e+00,2.36000e-02,
8.2621031e-02,-0.00000e+00,2.32000e-02,
8.2914002e-02,-0.00000e+00,2.40000e-02,
8.3206974e-02,-0.00000e+00,2.36000e-02,
8.3499946e-02,2.00001e-01,2.36000e-02,
8.3792917e-02,-0.00000e+00,2.24000e-02,
8.4085889e-02,2.00001e-01,2.20000e-02,
8.4378861e-02,2.00001e-01,2.12000e-02,
8.4671833e-02,-0.00000e+00,2.40000e-02,
8.4964804e-02,-0.00000e+00,2.40000e-02,
8.5257776e-02,-0.00000e+00,2.04000e-02,
8.5550748e-02,-0.00000e+00,2.32000e-02,
8.5843720e-02,-0.00000e+00,2.40000e-02,
8.6136691e-02,-0.00000e+00,2.24000e-02,
8.6429663e-02,-0.00000e+00,2.36000e-02,
8.6722635e-02,2.00001e-01,2.48000e-02,
8.7015606e-02,2.00001e-01,2.24000e-02,
8.7308578e-02,2.00001e-01,2.32000e-02,
8.7601550e-02,2.00001e-01,2.32000e-02,
8.7894522e-02,-0.00000e+00,2.24000e-02,
8.8187493e-02,-0.00000e+00,2.24000e-02,
8.8480465e-02,2.00001e-01,2.48000e-02,
8.8773437e-02,2.00001e-01,2.40000e-02,
8.9066409e-02,2.00001e-01,2.24000e-02,
8.9359380e-02,-0.00000e+00,2.48000e-02,
8.9652352e-02,-0.00000e+00,2.40000e-02,
8.9945324e-02,-0.00000e+00,2.40000e-02,
9.0238295e-02,-0.00000e+00,2.32000e-02,
9.0531267e-02,-0.00000e+00,2.36000e-02,
9.0824239e-02,-0.00000e+00,2.36000e-02,
9.1117211e-02,-0.00000e+00,2.32000e-02,
9.1410182e-02,-0.00000e+00,2.40000e-02,
9.1703154e-02,-0.00000e+00,2.36000e-02,
9.1996126e-02,-0.00000e+00,2.44000e-02,
9.2289098e-02,-0.00000e+00,2.36000e-02,
9.2582069e-02,2.00001e-01,2.48000e-02,
9.2875041e-02,-0.00000e+00,2.48000e-02,
9.3168013e-02,2.00001e-01,2.44000e-02,
9.3460985e-02,2.00001e-01,2.52000e-02,
9.3753956e-02,2.00001e-01,2.40000e-02,
9.4046928e-02,2.00001e-01,2.36000e-02,
9.4339900e-02,-0.00000e+00,2.40000e-02,
9.4632871e-02,-0.00000e+00,2.48000e-02,
9.4925843e-02,2.00001e-01,2.40000e-02,
9.5218815e-02,2.00001e-01,2.48000e-02,
9.5511787e-02,2.00001e-01,2.36000e-02,
9.5804758e-02,2.00001e-01,2.52000e-02,
9.6097730e-02,2.00001e-01,2.28000e-02,
9.6390702e-02,-0.00000e+00,2.16000e-02,
9.6683674e-02,-0.00000e+00,2.36000e-02,
9.6976645e-02,-0.00000e+00,2.40000e-02,
9.7269617e-02,-0.00000e+00,2.40000e-02,
9.7562589e-02,-0.00000e+00,2.48000e-02,
9.7855560e-02,-0.00000e+00,2.48000e-02,
9.8148532e-02,-0.00000e+00,2.40000e-02,
9.8441504e-02,-0.00000e+00,2.40000e-02,
9.8734476e-02,2.00001e-01,2.40000e-02,
9.9027447e-02,-0.00000e+00,2.48000e-02,
9.9320419e-02,2.00001e-01,2.48000e-02,
9.9613391e-02,-0.00000e+00,2.44000e-02,
9.9906363e-02,2.00001e-01,2.44000e-02,
1.0019933e-01,2.00001e-01,2.48000e-02,
1.0049231e-01,-0.00000e+00,2.40000e-02,
1.0078528e-01,2.00001e-01,2.36000e-02,
1.0107825e-01,2.00001e-01,2.40000e-02,
1.0137122e-01,2.00001e-01,2.40000e-02,
1.0166419e-01,-0.00000e+00,2.40000e-02,
1.0195716e-01,2.00001e-01,2.48000e-02,
1.0225014e-01,2.00001e-01,2.60000e-02,
1.0254311e-01,-0.00000e+00,2.44000e-02,
1.0283608e-01,2.00001e-01,2.32000e-02,
1.0312905e-01,2.00001e-01,2.32000e-02,
1.0342202e-01,2.00001e-01,2.32000e-02,
1.0371500e-01,2.00001e-01,2.40000e-02,
1.0400797e-01,-0.00000e+00,2.40000e-02,
1.0430094e-01,-0.00000e+00,2.28000e-02,
1.0459391e-01,2.00001e-01,2.16000e-02,
1.0488688e-01,-0.00000e+00,2.48000e-02,
1.0517985e-01,2.00001e-01,2.44000e-02,
1.0547283e-01,2.00001e-01,2.32000e-02,
1.0576580e-01,-0.00000e+00,2.40000e-02,
1.0605877e-01,-0.00000e+00,2.24000e-02,
1.0635174e-01,-0.00000e+00,2.36000e-02,
1.0664471e-01,-0.00000e+00,2.24000e-02,
1.0693768e-01,-0.00000e+00,1.36000e-02,
1.0723066e-01,-0.00000e+00,2.40000e-02,
1.0752363e-01,-0.00000e+00,2.32000e-02,
1.0781660e-01,-0.00000e+00,2.36000e-02,
1.0810957e-01,-0.00000e+00,2.32000e-02,
1.0840254e-01,2.00001e-01,2.24000e-02,
1.0869551e-01,-0.00000e+00,2.48000e-02,
1.0898849e-01,-0.00000e+00,2.48000e-02,
1.0928146e-01,-0.00000e+00,2.40000e-02,
1.0957443e-01,2.00001e-01,2.52000e-02,
1.0986740e-01,-0.00000e+00,2.52000e-02,
1.1016037e-01,2.00001e-01,2.48000e-02,
1.1045334e-01,2.00001e-01,2.44000e-02,
1.1074632e-01,2.00001e-01,2.40000e-02,
1.1103929e-01,2.00001e-01,2.40000e-02,
1.1133226e-01,2.00001e-01,2.40000e-02,
1.1162523e-01,2.00001e-01,2.20000e-02,
1.1191820e-01,2.00001e-01,1.92000e-02,
1.1221118e-01,-0.00000e+00,2.24000e-02,
1.1250415e-01,-0.00000e+00,2.40000e-02,
1.1279712e-01,2.00001e-01,2.36000e-02,
1.1309009e-01,-0.00000e+00,2.48000e-02,
1.1338306e-01,2.00001e-01,2.40000e-02,
1.1367603e-01,2.00001e-01,2.64000e-02,
1.1396901e-01,2.00001e-01,2.48000e-02,
1.1426198e-01,2.00001e-01,2.52000e-02,
1.1455495e-01,-0.00000e+00,2.48000e-02,
1.1484792e-01,2.00001e-01,2.52000e-02,
1.1514089e-01,2.00001e-01,2.48000e-02,
1.1543386e-01,2.00001e-01,2.48000e-02,
1.1572684e-01,2.00001e-01,2.28000e-02,
1.1601981e-01,-0.00000e+00,2.44000e-02,
1.1631278e-01,-0.00000e+00,2.40000e-02,
1.1660575e-01,-0.00000e+00,2.44000e-02,
1.1689872e-01,-0.00000e+00,2.44000e-02,
1.1719169e-01,-0.00000e+00,2.40000e-02,
1.1748467e-01,2.00001e-01,2.52000e-02,
1.1777764e-01,2.00001e-01,2.48000e-02,
1.1807061e-01,-0.00000e+00,2.44000e-02,
1.1836358e-01,-0.00000e+00,2.44000e-02,
1.1865655e-01,2.00001e-01,2.36000e-02,
1.1894953e-01,2.00001e-01,2.36000e-02,
1.1924250e-01,2.00001e-01,2.64000e-02,
1.1953547e-01,2.00001e-01,2.36000e-02,
1.1982844e-01,2.00001e-01,2.36000e-02,
1.2012141e-01,2.00001e-01,2.48000e-02,
1.2041438e-01,2.00001e-01,2.68000e-02,
1.2070736e-01,2.00001e-01,2.36000e-02,
1.2100033e-01,2.00001e-01,2.36000e-02,
1.2129330e-01,-0.00000e+00,2.40000e-02,
1.2158627e-01,2.00001e-01,2.32000e-02,
1.2187924e-01,2.00001e-01,2.36000e-02,
1.2217221e-01,-0.00000e+00,2.44000e-02,
1.2246519e-01,2.00001e-01,2.24000e-02,
1.2275816e-01,2.00001e-01,2.36000e-02,
1.2305113e-01,2.00001e-01,2.48000e-02,
1.2334410e-01,2.00001e-01,2.28000e-02,
1.2363707e-01,2.00001e-01,2.48000e-02,
1.2393004e-01,-0.00000e+00,2.32000e-02,
1.2422302e-01,-0.00000e+00,2.16000e-02,
1.2451599e-01,-0.00000e+00,2.40000e-02,
1.2480896e-01,2.00001e-01,2.60000e-02,
1.2510192e-01,2.00001e-01,2.40000e-02,
1.2539490e-01,-0.00000e+00,2.48000e-02,
1.2568787e-01,2.00001e-01,2.48000e-02,
1.2598084e-01,-0.00000e+00,2.40000e-02,
1.2627381e-01,2.00001e-01,2.92000e-02,
1.2656678e-01,2.00001e-01,2.44000e-02,
1.2685975e-01,-0.00000e+00,2.36000e-02,
1.2715273e-01,2.00001e-01,2.44000e-02,
1.2744570e-01,2.00001e-01,2.48000e-02,
1.2773867e-01,2.00001e-01,2.36000e-02,
1.2803164e-01,-0.00000e+00,2.44000e-02,
1.2832461e-01,-0.00000e+00,2.40000e-02,
1.2861758e-01,2.00001e-01,2.40000e-02,
1.2891056e-01,-0.00000e+00,2.16000e-02,
1.2920353e-01,-0.00000e+00,2.36000e-02,
1.2949650e-01,-0.00000e+00,2.48000e-02,
1.2978947e-01,-0.00000e+00,2.40000e-02,
1.3008244e-01,-0.00000e+00,2.48000e-02,
1.3037542e-01,-0.00000e+00,2.48000e-02,
1.3066839e-01,-0.00000e+00,2.40000e-02,
1.3096136e-01,-0.00000e+00,2.48000e-02,
1.3125433e-01,2.00001e-01,2.48000e-02,
1.3154730e-01,-0.00000e+00,2.52000e-02,
1.3184027e-01,-0.00000e+00,2.48000e-02,
1.3213325e-01,-0.00000e+00,2.52000e-02,
1.3242622e-01,-0.00000e+00,2.48000e-02,
1.3271919e-01,-0.00000e+00,2.48000e-02,
1.3301216e-01,2.00001e-01,2.40000e-02,
1.3330513e-01,-0.00000e+00,2.52000e-02,
1.3359810e-01,-0.00000e+00,2.52000e-02,
1.3389108e-01,-0.00000e+00,2.52000e-02,
1.3418405e-01,-0.00000e+00,2.40000e-02,
1.3447702e-01,-0.00000e+00,2.40000e-02,
1.3476999e-01,2.00001e-01,2.60000e-02,
1.3506296e-01,-0.00000e+00,2.52000e-02,
1.3535593e-01,-0.00000e+00,2.56000e-02,
1.3564891e-01,-0.00000e+00,2.40000e-02,
1.3594188e-01,2.00001e-01,2.40000e-02,
1.3623485e-01,2.00001e-01,2.40000e-02,
1.3652782e-01,-0.00000e+00,2.52000e-02,
1.3682079e-01,2.00001e-01,2.40000e-02,
1.3711376e-01,-0.00000e+00,2.48000e-02,
1.3740674e-01,2.00001e-01,2.48000e-02,
1.3769971e-01,-0.00000e+00,2.48000e-02,
1.3799268e-01,-0.00000e+00,2.56000e-02,
1.3828565e-01,-0.00000e+00,2.60000e-02,
1.3857862e-01,2.00001e-01,2.16000e-02,
1.3887160e-01,-0.00000e+00,2.24000e-02,
1.3916457e-01,-0.00000e+00,2.40000e-02,
1.3945754e-01,2.00001e-01,2.40000e-02,
1.3975051e-01,-0.00000e+00,2.08000e-02,
1.4004348e-01,2.00001e-01,2.48000e-02,
1.4033645e-01,2.00001e-01,2.40000e-02,
1.4062943e-01,2.00001e-01,2.48000e-02,
1.4092240e-01,2.00001e-01,2.48000e-02,
1.4121537e-01,-0.00000e+00,2.40000e-02,
1.4150834e-01,2.00001e-01,2.44000e-02,
1.4180131e-01,2.00001e-01,2.52000e-02,
1.4209428e-01,-0.00000e+00,2.40000e-02,
1.4238726e-01,2.00001e-01,2.40000e-02,
1.4268023e-01,-0.00000e+00,2.48000e-02,
1.4297320e-01,2.00001e-01,2.40000e-02,
1.4326617e-01,2.00001e-01,2.48000e-02,
1.4355914e-01,2.00001e-01,2.32000e-02,
1.4385211e-01,2.00001e-01,2.44000e-02,
1.4414509e-01,2.00001e-01,2.48000e-02,
1.4443806e-01,-0.00000e+00,2.36000e-02,
1.4473103e-01,-0.00000e+00,2.40000e-02,
1.4502400e-01,-0.00000e+00,2.48000e-02,
1.4531697e-01,2.00001e-01,2.48000e-02,
1.4560995e-01,2.00001e-01,2.40000e-02,
1.4590292e-01,-0.00000e+00,2.48000e-02,
1.4619589e-01,-0.00000e+00,2.40000e-02,
1.4648886e-01,-0.00000e+00,2.40000e-02,
1.4678183e-01,-0.00000e+00,2.60000e-02,
1.4707480e-01,2.00001e-01,2.40000e-02,
1.4736778e-01,-0.00000e+00,2.44000e-02,
1.4766075e-01,2.00001e-01,2.44000e-02,
1.4795372e-01,-0.00000e+00,2.44000e-02,
1.4824669e-01,-0.00000e+00,2.28000e-02,
1.4853966e-01,2.00001e-01,2.52000e-02,
1.4883263e-01,-0.00000e+00,2.44000e-02,
1.4912561e-01,-0.00000e+00,2.48000e-02,
1.4941858e-01,-0.00000e+00,2.44000e-02,
1.4971155e-01,2.00001e-01,2.52000e-02,
1.5000452e-01,-0.00000e+00,2.32000e-02,
1.5029749e-01,-0.00000e+00,2.52000e-02,
1.5059046e-01,2.00001e-01,2.56000e-02,
1.5088344e-01,-0.00000e+00,2.48000e-02,
1.5117641e-01,2.00001e-01,2.44000e-02,
1.5146938e-01,-0.00000e+00,2.64000e-02,
1.5176235e-01,-0.00000e+00,2.48000e-02,
1.5205532e-01,-0.00000e+00,2.48000e-02,
1.5234829e-01,2.00001e-01,2.16000e-02,
1.5264127e-01,-0.00000e+00,2.48000e-02,
1.5293424e-01,-0.00000e+00,2.60000e-02,
1.5322721e-01,2.00001e-01,2.48000e-02,
1.5352018e-01,-0.00000e+00,2.48000e-02,
1.5381315e-01,-0.00000e+00,2.28000e-02,
1.5410613e-01,-0.00000e+00,2.56000e-02,
1.5439910e-01,-0.00000e+00,2.48000e-02,
1.5469207e-01,-0.00000e+00,2.48000e-02,
1.5498504e-01,-0.00000e+00,2.48000e-02,
1.5527801e-01,2.00001e-01,2.48000e-02,
1.5557098e-01,-0.00000e+00,2.52000e-02,
1.5586396e-01,2.00001e-01,2.52000e-02,
1.5615693e-01,-0.00000e+00,2.64000e-02,
1.5644990e-01,-0.00000e+00,2.40000e-02,
1.5674287e-01,-0.00000e+00,2.52000e-02,
1.5703584e-01,-0.00000e+00,2.52000e-02,
1.5732881e-01,-0.00000e+00,2.48000e-02,
1.5762179e-01,2.00001e-01,2.40000e-02,
1.5791476e-01,-0.00000e+00,2.64000e-02,
1.5820773e-01,-0.00000e+00,2.48000e-02,
1.5850070e-01,-0.00000e+00,2.52000e-02,
1.5879367e-01,2.00001e-01,2.52000e-02,
1.5908664e-01,2.00001e-01,2.52000e-02,
1.5937962e-01,2.00001e-01,2.48000e-02,
1.5967259e-01,2.00001e-01,2.48000e-02,
1.5996556e-01,2.00001e-01,2.48000e-02,
1.6025853e-01,2.00001e-01,2.48000e-02,
1.6055150e-01,-0.00000e+00,2.52000e-02,
1.6084448e-01,2.00001e-01,2.48000e-02,
1.6113745e-01,-0.00000e+00,2.48000e-02,
1.6143042e-01,2.00001e-01,2.40000e-02,
1.6172339e-01,-0.00000e+00,2.48000e-02,
1.6201636e-01,-0.00000e+00,2.48000e-02,
1.6230933e-01,-0.00000e+00,2.48000e-02,
1.6260231e-01,2.00001e-01,2.48000e-02,
1.6289528e-01,-0.00000e+00,2.44000e-02,
1.6318825e-01,2.00001e-01,2.44000e-02,
1.6348122e-01,2.00001e-01,2.40000e-02,
1.6377419e-01,2.00001e-01,2.48000e-02,
1.6406716e-01,2.00001e-01,2.48000e-02,
1.6436014e-01,-0.00000e+00,2.24000e-02,
1.6465311e-01,2.00001e-01,2.40000e-02,
1.6494608e-01,2.00001e-01,2.48000e-02,
1.6523905e-01,2.00001e-01,2.48000e-02,
1.6553202e-01,-0.00000e+00,2.48000e-02,
1.6582499e-01,-0.00000e+00,2.52000e-02,
1.6611797e-01,2.00001e-01,2.44000e-02,
1.6641094e-01,-0.00000e+00,2.48000e-02,
1.6670391e-01,2.00001e-01,2.52000e-02,
1.6699688e-01,-0.00000e+00,2.52000e-02,
1.6728985e-01,-0.00000e+00,2.72000e-02,
1.6758282e-01,2.00001e-01,2.16000e-02,
1.6787580e-01,2.00001e-01,2.48000e-02,
1.6816877e-01,2.00001e-01,2.44000e-02,
1.6846174e-01,-0.00000e+00,2.48000e-02,
1.6875471e-01,-0.00000e+00,2.48000e-02,
1.6904768e-01,-0.00000e+00,2.52000e-02,
1.6934066e-01,-0.00000e+00,2.60000e-02,
1.6963363e-01,-0.00000e+00,2.52000e-02,
1.6992660e-01,-0.00000e+00,2.52000e-02,
1.7021957e-01,-0.00000e+00,2.40000e-02,
1.7051254e-01,2.00001e-01,2.52000e-02,
1.7080551e-01,-0.00000e+00,2.48000e-02,
1.7109849e-01,-0.00000e+00,2.64000e-02,
1.7139146e-01,-0.00000e+00,2.52000e-02,
1.7168443e-01,-0.00000e+00,2.52000e-02,
1.7197740e-01,-0.00000e+00,2.40000e-02,
1.7227037e-01,-0.00000e+00,2.56000e-02,
1.7256334e-01,-0.00000e+00,2.64000e-02,
1.7285632e-01,-0.00000e+00,2.52000e-02,
1.7314929e-01,-0.00000e+00,2.20000e-02,
1.7344226e-01,-0.00000e+00,2.48000e-02,
1.7373523e-01,-0.00000e+00,2.48000e-02,
1.7402820e-01,2.00001e-01,2.52000e-02,
1.7432117e-01,-0.00000e+00,2.56000e-02,
1.7461415e-01,2.00001e-01,2.48000e-02,
1.7490712e-01,-0.00000e+00,2.52000e-02,
1.7520009e-01,-0.00000e+00,2.52000e-02,
1.7549306e-01,-0.00000e+00,2.52000e-02,
1.7578603e-01,-0.00000e+00,2.52000e-02,
1.7607901e-01,2.00001e-01,2.48000e-02,
1.7637198e-01,-0.00000e+00,2.44000e-02,
1.7666495e-01,2.00001e-01,2.40000e-02,
1.7695792e-01,2.00001e-01,2.80000e-02,
1.7725089e-01,-0.00000e+00,2.68000e-02,
1.7754386e-01,-0.00000e+00,2.52000e-02,
1.7783684e-01,2.00001e-01,2.48000e-02,
1.7812981e-01,-0.00000e+00,2.60000e-02,
1.7842278e-01,-0.00000e+00,2.48000e-02,
1.7871575e-01,2.00001e-01,2.48000e-02,
1.7900872e-01,-0.00000e+00,2.40000e-02,
1.7930169e-01,-0.00000e+00,2.52000e-02,
1.7959467e-01,-0.00000e+00,2.52000e-02,
1.7988764e-01,2.00001e-01,2.28000e-02,
1.8018061e-01,2.00001e-01,2.52000e-02,
1.8047358e-01,-0.00000e+00,2.48000e-02,
1.8076655e-01,-0.00000e+00,2.52000e-02,
1.8105952e-01,2.00001e-01,2.48000e-02,
1.8135250e-01,-0.00000e+00,2.48000e-02,
1.8164547e-01,-0.00000e+00,2.48000e-02,
1.8193844e-01,-0.00000e+00,2.48000e-02,
1.8223141e-01,-0.00000e+00,2.52000e-02,
1.8252438e-01,-0.00000e+00,2.48000e-02,
1.8281735e-01,-0.00000e+00,2.32000e-02,
1.8311033e-01,2.00001e-01,2.68000e-02,
1.8340330e-01,-0.00000e+00,2.64000e-02,
1.8369627e-01,2.00001e-01,2.48000e-02,
1.8398924e-01,2.00001e-01,2.32000e-02,
1.8428221e-01,2.00001e-01,2.68000e-02,
1.8457519e-01,-0.00000e+00,2.52000e-02,
1.8486816e-01,-0.00000e+00,2.52000e-02,
1.8516113e-01,-0.00000e+00,2.52000e-02,
1.8545410e-01,2.00001e-01,2.48000e-02,
1.8574707e-01,-0.00000e+00,2.48000e-02,
1.8604004e-01,2.00001e-01,2.52000e-02,
1.8633302e-01,-0.00000e+00,2.52000e-02,
1.8662599e-01,-0.00000e+00,2.56000e-02,
1.8691896e-01,-0.00000e+00,2.64000e-02,
1.8721193e-01,-0.00000e+00,2.52000e-02,
1.8750000e-01,-0.00000e+00,2.52000e-02,
1.8779297e-01,2.00001e-01,2.52000e-02,
1.8808594e-01,-0.00000e+00,2.52000e-02,
1.8837892e-01,-0.00000e+00,2.52000e-02,
1.8867189e-01,-0.00000e+00,2.36000e-02,
1.8896486e-01,-0.00000e+00,2.48000e-02,
1.8925783e-01,-0.00000e+00,2.52000e-02,
1.8955080e-01,-0.00000e+00,2.52000e-02,
1.8984377e-01,2.00001e-01,2.56000e-02,
1.9013675e-01,-0.00000e+00,2.48000e-02,
1.9042972e-01,-0.00000e+00,2.72000e-02,
1.9072269e-01,2.00001e-01,2.48000e-02,
1.9101566e-01,-0.00000e+00,2.52000e-02,
1.9130863e-01,2.00001e-01,2.64000e-02,
1.9160160e-01,2.00001e-01,2.52000e-02,
1.9189458e-01,2.00001e-01,2.84000e-02,
1.9218755e-01,-0.00000e+00,2.52000e-02,
1.9248052e-01,-0.00000e+00,2.56000e-02,
1.9277349e-01,-0.00000e+00,2.52000e-02,
1.9306646e-01,-0.00000e+00,2.52000e-02,
1.9335943e-01,-0.00000e+00,2.52000e-02,
1.9365241e-01,-0.00000e+00,2.68000e-02,
1.9394538e-01,-0.00000e+00,2.64000e-02,
1.9423835e-01,-0.00000e+00,2.52000e-02,
1.9453132e-01,-0.00000e+00,2.44000e-02,
1.9482429e-01,2.00001e-01,2.52000e-02,
1.9511726e-01,2.00001e-01,2.60000e-02,
1.9541024e-01,-0.00000e+00,2.52000e-02,
1.9570321e-01,-0.00000e+00,2.52000e-02,
1.9599618e-01,-0.00000e+00,2.52000e-02,
1.9628915e-01,-0.00000e+00,2.48000e-02,
1.9658212e-01,2.00001e-01,2.60000e-02,
1.9687510e-01,-0.00000e+00,2.52000e-02,
1.9716807e-01,-0.00000e+00,2.48000e-02,
1.9746104e-01,2.00001e-01,2.52000e-02,
1.9775401e-01,-0.00000e+00,2.60000e-02,
1.9804698e-01,-0.00000e+00,2.52000e-02,
1.9833995e-01,-0.00000e+00,2.48000e-02,
1.9863293e-01,-0.00000e+00,2.40000e-02,
1.9892590e-01,2.00001e-01,2.52000e-02,
1.9921887e-01,2.00001e-01,2.52000e-02,
1.9951184e-01,-0.00000e+00,2.48000e-02,
1.9980481e-01,2.00001e-01,2.52000e-02,
2.0009778e-01,2.00001e-01,2.60000e-02,
2.0039076e-01,2.00001e-01,2.52000e-02,
2.0068373e-01,-0.00000e+00,2.56000e-02,
2.0097670e-01,-0.00000e+00,2.64000e-02,
2.0126967e-01,2.00001e-01,2.52000e-02,
2.0156264e-01,-0.00000e+00,2.36000e-02,
2.0185561e-01,2.00001e-01,2.52000e-02,
2.0214859e-01,2.00001e-01,2.52000e-02,
2.0244156e-01,-0.00000e+00,2.40000e-02,
2.0273453e-01,-0.00000e+00,2.64000e-02,
2.0302750e-01,2.00001e-01,2.52000e-02,
2.0332047e-01,-0.00000e+00,2.40000e-02,
2.0361345e-01,2.00001e-01,2.60000e-02,
2.0390642e-01,2.00001e-01,2.56000e-02,
2.0419939e-01,-0.00000e+00,2.48000e-02,
2.0449236e-01,2.00001e-01,2.52000e-02,
2.0478533e-01,-0.00000e+00,2.52000e-02,
2.0507830e-01,-0.00000e+00,2.60000e-02,
2.0537128e-01,2.00001e-01,2.68000e-02,
2.0566425e-01,2.00001e-01,2.60000e-02,
2.0595722e-01,-0.00000e+00,2.52000e-02,
2.0625019e-01,2.00001e-01,2.52000e-02,
2.0654316e-01,2.00001e-01,2.72000e-02,
2.0683613e-01,2.00001e-01,2.52000e-02,
2.0712911e-01,-0.00000e+00,2.56000e-02,
2.0742208e-01,-0.00000e+00,2.52000e-02,
2.0771505e-01,-0.00000e+00,2.60000e-02,
2.0800802e-01,-0.00000e+00,2.52000e-02,
2.0830099e-01,-0.00000e+00,2.68000e-02,
2.0859396e-01,-0.00000e+00,2.48000e-02,
2.0888694e-01,-0.00000e+00,2.52000e-02,
2.0917991e-01,2.00001e-01,2.60000e-02,
2.0947288e-01,-0.00000e+00,2.52000e-02,
2.0976585e-01,-0.00000e+00,2.52000e-02,
2.1005882e-01,-0.00000e+00,2.64000e-02,
2.1035179e-01,2.00001e-01,2.56000e-02,
2.1064477e-01,2.00001e-01,2.48000e-02,
2.1093774e-01,-0.00000e+00,2.80000e-02,
2.1123071e-01,2.00001e-01,2.60000e-02,
2.1152368e-01,-0.00000e+00,2.60000e-02,
2.1181665e-01,-0.00000e+00,2.52000e-02,
2.1210963e-01,-0.00000e+00,2.56000e-02,
2.1240260e-01,2.00001e-01,2.60000e-02,
2.1269557e-01,-0.00000e+00,2.56000e-02,
2.1298854e-01,-0.00000e+00,2.52000e-02,
2.1328151e-01,-0.00000e+00,2.52000e-02,
2.1357448e-01,-0.00000e+00,2.48000e-02,
2.1386746e-01,2.00001e-01,2.52000e-02,
2.1416043e-01,2.00001e-01,2.52000e-02,
2.1445340e-01,2.00001e-01,2.64000e-02,
2.1474637e-01,-0.00000e+00,2.52000e-02,
2.1503934e-01,2.00001e-01,2.56000e-02,
2.1533231e-01,2.00001e-01,2.60000e-02,
2.1562529e-01,-0.00000e+00,2.48000e-02,
2.1591826e-01,-0.00000e+00,2.52000e-02,
2.1621123e-01,-0.00000e+00,2.60000e-02,
2.1650420e-01,-0.00000e+00,2.52000e-02,
2.1679717e-01,2.00001e-01,2.60000e-02,
2.1709014e-01,-0.00000e+00,2.60000e-02,
2.1738312e-01,2.00001e-01,2.52000e-02,
2.1767609e-01,-0.00000e+00,2.52000e-02,
2.1796906e-01,-0.00000e+00,2.52000e-02,
2.1826203e-01,2.00001e-01,2.44000e-02,
2.1855500e-01,2.00001e-01,2.24000e-02,
2.1884798e-01,2.00001e-01,2.52000e-02,
2.1914095e-01,-0.00000e+00,2.60000e-02,
2.1943392e-01,-0.00000e+00,2.56000e-02,
2.1972689e-01,-0.00000e+00,2.60000e-02,
2.2001986e-01,2.00001e-01,2.60000e-02,
2.2031283e-01,2.00001e-01,2.80000e-02,
2.2060581e-01,-0.00000e+00,2.60000e-02,
2.2089878e-01,-0.00000e+00,2.60000e-02,
2.2119175e-01,-0.00000e+00,2.48000e-02,
2.2148472e-01,2.00001e-01,2.52000e-02,
2.2177769e-01,2.00001e-01,2.40000e-02,
2.2207066e-01,-0.00000e+00,2.52000e-02,
2.2236364e-01,-0.00000e+00,2.52000e-02,
2.2265661e-01,2.00001e-01,2.68000e-02,
2.2294958e-01,2.00001e-01,2.64000e-02,
2.2324255e-01,2.00001e-01,2.72000e-02,
2.2353552e-01,2.00001e-01,2.56000e-02,
2.2382849e-01,2.00001e-01,2.56000e-02,
2.2412147e-01,2.00001e-01,2.48000e-02,
2.2441444e-01,2.00001e-01,2.64000e-02,
2.2470741e-01,-0.00000e+00,2.64000e-02,
2.2500038e-01,-0.00000e+00,2.68000e-02,
2.2529335e-01,-0.00000e+00,2.64000e-02,
2.2558632e-01,2.00001e-01,2.52000e-02,
2.2587930e-01,-0.00000e+00,2.56000e-02,
2.2617227e-01,2.00001e-01,2.52000e-02,
2.2646524e-01,2.00001e-01,2.52000e-02,
2.2675821e-01,-0.00000e+00,2.68000e-02,
2.2705118e-01,-0.00000e+00,2.64000e-02,
2.2734416e-01,2.00001e-01,2.72000e-02,
2.2763713e-01,2.00001e-01,2.68000e-02,
2.2793010e-01,-0.00000e+00,2.64000e-02,
2.2822307e-01,-0.00000e+00,2.68000e-02,
2.2851604e-01,2.00001e-01,2.52000e-02,
2.2880901e-01,2.00001e-01,2.52000e-02,
2.2910199e-01,-0.00000e+00,2.56000e-02,
2.2939496e-01,-0.00000e+00,2.52000e-02,
2.2968793e-01,-0.00000e+00,2.48000e-02,
2.2998090e-01,2.00001e-01,2.44000e-02,
2.3027387e-01,-0.00000e+00,2.52000e-02,
2.3056684e-01,2.00001e-01,2.52000e-02,
2.3085982e-01,2.00001e-01,2.40000e-02,
2.3115279e-01,2.00001e-01,3.16000e-02,
2.3144576e-01,-0.00000e+00,2.36000e-02,
2.3173873e-01,-0.00000e+00,2.52000e-02,
2.3203170e-01,-0.00000e+00,2.56000e-02,
2.3232467e-01,-0.00000e+00,2.44000e-02,
2.3261765e-01,2.00001e-01,2.52000e-02,
2.3291062e-01,-0.00000e+00,2.48000e-02,
2.3320359e-01,2.00001e-01,2.56000e-02,
2.3349656e-01,-0.00000e+00,2.52000e-02,
2.3378953e-01,-0.00000e+00,2.52000e-02,
2.3408251e-01,2.00001e-01,2.64000e-02,
2.3437548e-01,-0.00000e+00,2.48000e-02,
2.3466845e-01,-0.00000e+00,2.56000e-02,
2.3496142e-01,-0.00000e+00,2.84000e-02,
2.3525439e-01,-0.00000e+00,2.64000e-02,
2.3554736e-01,2.00001e-01,2.60000e-02,
2.3584034e-01,2.00001e-01,2.56000e-02,
2.3613331e-01,2.00001e-01,2.24000e-02,
2.3642628e-01,-0.00000e+00,2.52000e-02,
2.3671925e-01,2.00001e-01,2.64000e-02,
2.3701222e-01,-0.00000e+00,2.60000e-02,
2.3730519e-01,-0.00000e+00,2.60000e-02,
2.3759817e-01,2.00001e-01,2.96000e-02,
2.3789114e-01,-0.00000e+00,2.48000e-02,
2.3818411e-01,-0.00000e+00,2.60000e-02,
2.3847708e-01,-0.00000e+00,2.60000e-02,
2.3877005e-01,2.00001e-01,2.68000e-02,
2.3906302e-01,-0.00000e+00,2.60000e-02,
2.3935600e-01,-0.00000e+00,2.68000e-02,
2.3964897e-01,-0.00000e+00,2.60000e-02,
2.3994194e-01,2.00001e-01,2.60000e-02,
2.4023491e-01,-0.00000e+00,2.68000e-02,
2.4052788e-01,-0.00000e+00,2.76000e-02,
2.4082085e-01,-0.00000e+00,2.60000e-02,
2.4111383e-01,-0.00000e+00,2.68000e-02,
2.4140680e-01,2.00001e-01,2.60000e-02,
2.4169977e-01,-0.00000e+00,2.52000e-02,
2.4199274e-01,-0.00000e+00,2.60000e-02,
2.4228571e-01,2.00001e-01,2.56000e-02,
2.4257869e-01,2.00001e-01,2.60000e-02,
2.4287166e-01,-0.00000e+00,2.68000e-02,
2.4316463e-01,2.00001e-01,2.52000e-02,
2.4345760e-01,-0.00000e+00,2.64000e-02,
2.4375057e-01,-0.00000e+00,2.68000e-02,
2.4404354e-01,2.00001e-01,2.64000e-02,
2.4433652e-01,-0.00000e+00,2.76000e-02,
2.4462949e-01,-0.00000e+00,2.56000e-02,
2.4492246e-01,2.00001e-01,2.60000e-02,
2.4521543e-01,-0.00000e+00,2.60000e-02,
2.4550840e-01,-0.00000e+00,2.52000e-02,
2.4580137e-01,-0.00000e+00,2.60000e-02,
2.4609435e-01,-0.00000e+00,2.44000e-02,
2.4638732e-01,-0.00000e+00,2.48000e-02,
2.4668029e-01,2.00001e-01,2.60000e-02,
2.4697326e-01,2.00001e-01,2.52000e-02,
2.4726623e-01,2.00001e-01,2.52000e-02,
2.4755920e-01,2.00001e-01,2.68000e-02,
2.4785218e-01,-0.00000e+00,2.64000e-02,
2.4814515e-01,2.00001e-01,2.64000e-02,
2.4843812e-01,2.00001e-01,2.64000e-02,
2.4873109e-01,-0.00000e+00,2.60000e-02,
2.4902406e-01,2.00001e-01,2.52000e-02,
2.4931704e-01,-0.00000e+00,2.72000e-02,
2.4961001e-01,-0.00000e+00,2.48000e-02,
2.4990298e-01,-0.00000e+00,2.60000e-02,
2.5019595e-01,2.00001e-01,2.68000e-02,
2.5048891e-01,2.00001e-01,2.48000e-02,
2.5078186e-01,-0.00000e+00,2.52000e-02,
2.5107482e-01,2.00001e-01,2.60000e-02,
2.5136778e-01,2.00001e-01,2.60000e-02,
2.5166073e-01,-0.00000e+00,2.52000e-02,
2.5195369e-01,-0.00000e+00,2.68000e-02,
2.5224665e-01,-0.00000e+00,2.68000e-02,
2.5253960e-01,-0.00000e+00,2.56000e-02,
2.5283256e-01,-0.00000e+00,2.76000e-02,
2.5312552e-01,2.00001e-01,2.76000e-02,
2.5341848e-01,2.00001e-01,2.52000e-02,
2.5371143e-01,2.00001e-01,2.60000e-02,
2.5400439e-01,2.00001e-01,2.72000e-02,
2.5429735e-01,-0.00000e+00,2.52000e-02,
2.5459030e-01,-0.00000e+00,2.80000e-02,
2.5488326e-01,-0.00000e+00,2.60000e-02,
2.5517622e-01,-0.00000e+00,2.76000e-02,
2.5546917e-01,2.00001e-01,2.72000e-02,
2.5576213e-01,2.00001e-01,3.08000e-02,
2.5605509e-01,-0.00000e+00,2.72000e-02,
2.5634804e-01,-0.00000e+00,2.64000e-02,
2.5664100e-01,-0.00000e+00,2.64000e-02,
2.5693396e-01,2.00001e-01,2.64000e-02,
2.5722691e-01,-0.00000e+00,2.20000e-02,
2.5751987e-01,2.00001e-01,2.68000e-02,
2.5781283e-01,2.00001e-01,2.56000e-02,
2.5810578e-01,-0.00000e+00,2.68000e-02,
2.5839874e-01,2.00001e-01,2.68000e-02,
2.5869170e-01,-0.00000e+00,2.64000e-02,
2.5898466e-01,2.00001e-01,2.68000e-02,
2.5927761e-01,2.00001e-01,2.68000e-02,
2.5957057e-01,-0.00000e+00,2.68000e-02,
2.5986353e-01,2.00001e-01,2.52000e-02,
2.6015648e-01,-0.00000e+00,2.64000e-02,
2.6044944e-01,-0.00000e+00,2.64000e-02,
2.6074240e-01,-0.00000e+00,2.52000e-02,
2.6103535e-01,-0.00000e+00,2.68000e-02,
2.6132831e-01,-0.00000e+00,2.68000e-02,
2.6162127e-01,2.00001e-01,2.68000e-02,
2.6191422e-01,-0.00000e+00,2.60000e-02,
2.6220718e-01,-0.00000e+00,2.52000e-02,
2.6250014e-01,-0.00000e+00,2.72000e-02,
2.6279309e-01,-0.00000e+00,2.56000e-02,
2.6308605e-01,2.00001e-01,2.68000e-02,
2.6337901e-01,2.00001e-01,2.60000e-02,
2.6367196e-01,2.00001e-01,2.52000e-02,
2.6396492e-01,-0.00000e+00,2.68000e-02,
2.6425788e-01,-0.00000e+00,2.68000e-02,
2.6455083e-01,-0.00000e+00,2.64000e-02,
2.6484379e-01,-0.00000e+00,2.48000e-02,
2.6513675e-01,-0.00000e+00,2.72000e-02,
2.6542971e-01,-0.00000e+00,2.48000e-02,
2.6572266e-01,2.00001e-01,2.68000e-02,
2.6601562e-01,2.00001e-01,2.64000e-02,
2.6630858e-01,-0.00000e+00,2.52000e-02,
2.6660153e-01,-0.00000e+00,2.48000e-02,
2.6689449e-01,-0.00000e+00,2.68000e-02,
2.6718745e-01,2.00001e-01,2.76000e-02,
2.6748040e-01,-0.00000e+00,2.56000e-02,
2.6777336e-01,2.00001e-01,2.72000e-02,
2.6806632e-01,2.00001e-01,2.60000e-02,
2.6835927e-01,-0.00000e+00,2.68000e-02,
2.6865223e-01,-0.00000e+00,2.72000e-02,
2.6894519e-01,-0.00000e+00,2.76000e-02,
2.6923814e-01,-0.00000e+00,2.68000e-02,
2.6953110e-01,2.00001e-01,2.68000e-02,
2.6982406e-01,2.00001e-01,2.80000e-02,
2.7011701e-01,2.00001e-01,2.64000e-02,
2.7040997e-01,2.00001e-01,2.72000e-02,
2.7070293e-01,-0.00000e+00,2.64000e-02,
2.7099589e-01,-0.00000e+00,2.68000e-02,
2.7128884e-01,2.00001e-01,2.76000e-02,
2.7158180e-01,-0.00000e+00,2.64000e-02,
2.7187476e-01,-0.00000e+00,2.76000e-02,
2.7216771e-01,2.00001e-01,2.68000e-02,
2.7246067e-01,2.00001e-01,2.60000e-02,
2.7275363e-01,-0.00000e+00,2.68000e-02,
2.7304658e-01,-0.00000e+00,2.68000e-02,
2.7333954e-01,2.00001e-01,2.64000e-02,
2.7363250e-01,-0.00000e+00,2.76000e-02,
2.7392545e-01,2.00001e-01,2.64000e-02,
2.7421841e-01,2.00001e-01,2.68000e-02,
2.7451137e-01,-0.00000e+00,2.76000e-02,
2.7480432e-01,2.00001e-01,2.64000e-02,
2.7509728e-01,2.00001e-01,2.84000e-02,
2.7539024e-01,2.00001e-01,2.68000e-02,
2.7568319e-01,-0.00000e+00,2.68000e-02,
2.7597615e-01,-0.00000e+00,2.68000e-02,
2.7626911e-01,-0.00000e+00,2.84000e-02,
2.7656206e-01,-0.00000e+00,2.72000e-02,
2.7685502e-01,-0.00000e+00,2.68000e-02,
2.7714798e-01,-0.00000e+00,2.76000e-02,
2.7744094e-01,-0.00000e+00,2.68000e-02,
2.7773389e-01,2.00001e-01,2.64000e-02,
2.7802685e-01,-0.00000e+00,2.68000e-02,
2.7831981e-01,2.00001e-01,2.96000e-02,
2.7861276e-01,-0.00000e+00,2.56000e-02,
2.7890572e-01,-0.00000e+00,2.64000e-02,
2.7919868e-01,-0.00000e+00,2.56000e-02,
2.7949163e-01,-0.00000e+00,2.64000e-02,
2.7978459e-01,2.00001e-01,2.64000e-02,
2.8007755e-01,-0.00000e+00,2.72000e-02,
2.8037050e-01,2.00001e-01,2.68000e-02,
2.8066346e-01,-0.00000e+00,2.60000e-02,
2.8095642e-01,2.00001e-01,2.68000e-02,
2.8124937e-01,-0.00000e+00,2.68000e-02,
2.8154233e-01,-0.00000e+00,2.64000e-02,
2.8183529e-01,-0.00000e+00,2.76000e-02,
2.8212824e-01,-0.00000e+00,2.60000e-02,
2.8242120e-01,-0.00000e+00,2.84000e-02,
2.8271416e-01,-0.00000e+00,2.68000e-02,
2.8300712e-01,2.00001e-01,2.68000e-02,
2.8330007e-01,2.00001e-01,2.60000e-02,
2.8359303e-01,2.00001e-01,2.64000e-02,
2.8388599e-01,2.00001e-01,2.60000e-02,
2.8417894e-01,-0.00000e+00,2.92000e-02,
2.8447190e-01,-0.00000e+00,2.68000e-02,
2.8476486e-01,-0.00000e+00,2.68000e-02,
2.8505781e-01,-0.00000e+00,2.64000e-02,
2.8535077e-01,2.00001e-01,2.64000e-02,
2.8564373e-01,2.00001e-01,2.68000e-02,
2.8593668e-01,2.00001e-01,2.76000e-02,
2.8622964e-01,-0.00000e+00,2.76000e-02,
2.8652260e-01,-0.00000e+00,2.76000e-02,
2.8681555e-01,-0.00000e+00,2.68000e-02,
2.8710851e-01,-0.00000e+00,2.68000e-02,
2.8740147e-01,-0.00000e+00,2.52000e-02,
2.8769442e-01,-0.00000e+00,2.80000e-02,
2.8798738e-01,2.00001e-01,2.60000e-02,
2.8828034e-01,-0.00000e+00,2.76000e-02,
2.8857329e-01,-0.00000e+00,2.52000e-02,
2.8886625e-01,2.00001e-01,2.80000e-02,
2.8915921e-01,2.00001e-01,2.68000e-02,
2.8945217e-01,-0.00000e+00,2.68000e-02,
2.8974512e-01,2.00001e-01,2.76000e-02,
2.9003808e-01,-0.00000e+00,2.48000e-02,
2.9033104e-01,-0.00000e+00,2.64000e-02,
2.9062399e-01,-0.00000e+00,3.08000e-02,
2.9091695e-01,-0.00000e+00,2.68000e-02,
2.9120991e-01,2.00001e-01,2.68000e-02,
2.9150286e-01,-0.00000e+00,2.64000e-02,
2.9179582e-01,-0.00000e+00,2.64000e-02,
2.9208878e-01,-0.00000e+00,2.52000e-02,
2.9238173e-01,2.00001e-01,2.68000e-02,
2.9267469e-01,-0.00000e+00,2.68000e-02,
2.9296765e-01,-0.00000e+00,2.64000e-02,
2.9326060e-01,-0.00000e+00,2.64000e-02,
2.9355356e-01,-0.00000e+00,2.68000e-02,
2.9384652e-01,2.00001e-01,2.84000e-02,
2.9413947e-01,-0.00000e+00,2.72000e-02,
2.9443243e-01,2.00001e-01,2.72000e-02,
2.9472539e-01,-0.00000e+00,2.68000e-02,
2.9501835e-01,-0.00000e+00,2.52000e-02,
2.9531130e-01,-0.00000e+00,2.52000e-02,
2.9560426e-01,2.00001e-01,2.60000e-02,
2.9589722e-01,-0.00000e+00,2.64000e-02,
2.9619017e-01,-0.00000e+00,2.60000e-02,
2.9648313e-01,2.00001e-01,2.64000e-02,
2.9677609e-01,-0.00000e+00,2.72000e-02,
2.9706904e-01,-0.00000e+00,2.80000e-02,
2.9736200e-01,2.00001e-01,2.64000e-02,
2.9765496e-01,-0.00000e+00,2.80000e-02,
2.9794791e-01,2.00001e-01,2.64000e-02,
2.9824087e-01,2.00001e-01,2.84000e-02,
2.9853383e-01,2.00001e-01,2.68000e-02,
2.9882678e-01,2.00001e-01,2.68000e-02,
2.9911974e-01,-0.00000e+00,2.68000e-02,
2.9941270e-01,2.00001e-01,2.68000e-02,
2.9970565e-01,2.00001e-01,2.76000e-02,
2.9999861e-01,2.00001e-01,2.68000e-02,
3.0029157e-01,-0.00000e+00,2.60000e-02,
3.0058452e-01,2.00001e-01,2.76000e-02,
3.0087748e-01,-0.00000e+00,2.76000e-02,
3.0117044e-01,2.00001e-01,2.68000e-02,
3.0146340e-01,2.00001e-01,2.68000e-02,
3.0175635e-01,-0.00000e+00,2.80000e-02,
3.0204931e-01,-0.00000e+00,2.80000e-02,
3.0234227e-01,2.00001e-01,2.80000e-02,
3.0263522e-01,2.00001e-01,2.76000e-02,
3.0292818e-01,2.00001e-01,2.76000e-02,
3.0322114e-01,-0.00000e+00,2.72000e-02,
3.0351409e-01,-0.00000e+00,3.00000e-02,
3.0380705e-01,-0.00000e+00,2.80000e-02,
3.0410001e-01,2.00001e-01,2.72000e-02,
3.0439296e-01,-0.00000e+00,2.68000e-02,
3.0468592e-01,-0.00000e+00,2.72000e-02,
3.0497888e-01,-0.00000e+00,2.68000e-02,
3.0527183e-01,2.00001e-01,2.68000e-02,
3.0556479e-01,-0.00000e+00,2.64000e-02,
3.0585775e-01,-0.00000e+00,2.68000e-02,
3.0615070e-01,2.00001e-01,2.84000e-02,
3.0644366e-01,2.00001e-01,2.80000e-02,
3.0673662e-01,-0.00000e+00,2.68000e-02,
3.0702958e-01,-0.00000e+00,2.52000e-02,
3.0732253e-01,2.00001e-01,2.40000e-02,
3.0761549e-01,-0.00000e+00,2.68000e-02,
3.0790845e-01,-0.00000e+00,2.76000e-02,
3.0820140e-01,2.00001e-01,2.68000e-02,
3.0849436e-01,2.00001e-01,2.68000e-02,
3.0878732e-01,2.00001e-01,2.80000e-02,
3.0908027e-01,-0.00000e+00,2.72000e-02,
3.0937323e-01,-0.00000e+00,2.68000e-02,
3.0966619e-01,2.00001e-01,2.72000e-02,
3.0995914e-01,2.00001e-01,2.64000e-02,
3.1025210e-01,-0.00000e+00,2.68000e-02,
3.1054506e-01,-0.00000e+00,2.64000e-02,
3.1083801e-01,-0.00000e+00,2.84000e-02,
3.1113097e-01,-0.00000e+00,2.72000e-02,
3.1142393e-01,-0.00000e+00,2.68000e-02,
3.1171688e-01,-0.00000e+00,2.64000e-02,
3.1200984e-01,-0.00000e+00,2.68000e-02,
3.1230280e-01,-0.00000e+00,2.68000e-02,
3.1259575e-01,-0.00000e+00,2.68000e-02,
3.1288871e-01,-0.00000e+00,2.68000e-02,
3.1318167e-01,-0.00000e+00,2.68000e-02,
3.1347463e-01,-0.00000e+00,2.76000e-02,
3.1376758e-01,-0.00000e+00,2.84000e-02,
3.1406054e-01,-0.00000e+00,2.84000e-02,
3.1435350e-01,-0.00000e+00,2.92000e-02,
3.1464645e-01,2.00001e-01,2.76000e-02,
3.1493941e-01,-0.00000e+00,2.76000e-02,
3.1523237e-01,-0.00000e+00,2.68000e-02,
3.1552532e-01,2.00001e-01,2.72000e-02,
3.1581828e-01,-0.00000e+00,2.68000e-02,
3.1611124e-01,-0.00000e+00,2.68000e-02,
3.1640419e-01,2.00001e-01,2.80000e-02,
3.1669715e-01,2.00001e-01,2.68000e-02,
3.1699011e-01,2.00001e-01,3.08000e-02,
3.1728306e-01,2.00001e-01,2.88000e-02,
3.1757602e-01,2.00001e-01,2.84000e-02,
3.1786898e-01,-0.00000e+00,2.84000e-02,
3.1816193e-01,-0.00000e+00,2.72000e-02,
3.1845489e-01,-0.00000e+00,2.68000e-02,
3.1874785e-01,2.00001e-01,2.68000e-02,
3.1904081e-01,-0.00000e+00,2.68000e-02,
3.1933376e-01,2.00001e-01,2.68000e-02,
3.1962672e-01,-0.00000e+00,2.72000e-02,
3.1991968e-01,2.00001e-01,2.84000e-02,
3.2021263e-01,-0.00000e+00,2.76000e-02,
3.2050559e-01,2.00001e-01,2.48000e-02,
3.2079855e-01,2.00001e-01,2.92000e-02,
3.2109150e-01,-0.00000e+00,2.84000e-02,
3.2138446e-01,-0.00000e+00,2.68000e-02,
3.2167742e-01,-0.00000e+00,2.84000e-02,
3.2197037e-01,2.00001e-01,2.80000e-02,
3.2226333e-01,2.00001e-01,2.76000e-02,
3.2255629e-01,-0.00000e+00,2.80000e-02,
3.2284924e-01,-0.00000e+00,2.64000e-02,
3.2314220e-01,2.00001e-01,2.68000e-02,
3.2343516e-01,-0.00000e+00,2.68000e-02,
3.2372811e-01,2.00001e-01,2.64000e-02,
3.2402107e-01,-0.00000e+00,2.68000e-02,
3.2431403e-01,2.00001e-01,2.68000e-02,
3.2460698e-01,2.00001e-01,2.68000e-02,
3.2489994e-01,2.00001e-01,2.72000e-02,
3.2519290e-01,2.00001e-01,2.68000e-02,
3.2548586e-01,2.00001e-01,2.92000e-02,
3.2577881e-01,-0.00000e+00,2.68000e-02,
3.2607177e-01,-0.00000e+00,2.68000e-02,
3.2636473e-01,-0.00000e+00,2.68000e-02,
3.2665768e-01,-0.00000e+00,2.84000e-02,
3.2695064e-01,-0.00000e+00,2.96000e-02,
3.2724360e-01,2.00001e-01,2.68000e-02,
3.2753655e-01,-0.00000e+00,2.76000e-02,
3.2782951e-01,-0.00000e+00,2.72000e-02,
3.2812247e-01,-0.00000e+00,2.84000e-02,
3.2841542e-01,2.00001e-01,2.72000e-02,
3.2870838e-01,-0.00000e+00,2.76000e-02,
3.2900134e-01,-0.00000e+00,2.76000e-02,
3.2929429e-01,-0.00000e+00,2.60000e-02,
3.2958725e-01,-0.00000e+00,2.88000e-02,
3.2988021e-01,-0.00000e+00,2.76000e-02,
3.3017316e-01,-0.00000e+00,2.80000e-02,
3.3046612e-01,-0.00000e+00,2.72000e-02,
3.3075908e-01,-0.00000e+00,2.68000e-02,
3.3105204e-01,-0.00000e+00,2.80000e-02,
3.3134499e-01,-0.00000e+00,2.84000e-02,
3.3163795e-01,2.00001e-01,2.76000e-02,
3.3193091e-01,2.00001e-01,2.64000e-02,
3.3222386e-01,2.00001e-01,2.80000e-02,
3.3251682e-01,2.00001e-01,2.48000e-02,
3.3280978e-01,-0.00000e+00,2.68000e-02,
3.3310273e-01,-0.00000e+00,2.80000e-02,
3.3339569e-01,-0.00000e+00,2.48000e-02,
3.3368865e-01,-0.00000e+00,2.68000e-02,
3.3398160e-01,2.00001e-01,2.80000e-02,
3.3427456e-01,-0.00000e+00,2.80000e-02,
3.3456752e-01,-0.00000e+00,2.80000e-02,
3.3486047e-01,-0.00000e+00,2.80000e-02,
3.3515343e-01,-0.00000e+00,2.92000e-02,
3.3544639e-01,-0.00000e+00,2.76000e-02,
3.3573934e-01,2.00001e-01,2.84000e-02,
3.3603230e-01,-0.00000e+00,2.84000e-02,
3.3632526e-01,2.00001e-01,2.36000e-02,
3.3661821e-01,-0.00000e+00,3.16000e-02,
3.3691117e-01,2.00001e-01,2.80000e-02,
3.3720413e-01,-0.00000e+00,2.76000e-02,
3.3749709e-01,-0.00000e+00,2.76000e-02,
3.3779004e-01,-0.00000e+00,2.72000e-02,
3.3808300e-01,2.00001e-01,2.84000e-02,
3.3837596e-01,2.00001e-01,2.76000e-02,
3.3866891e-01,2.00001e-01,2.76000e-02,
3.3896187e-01,-0.00000e+00,2.72000e-02,
3.3925483e-01,-0.00000e+00,2.92000e-02,
3.3954778e-01,2.00001e-01,2.76000e-02,
3.3984074e-01,-0.00000e+00,2.72000e-02,
3.4013370e-01,-0.00000e+00,2.40000e-02,
3.4042665e-01,2.00001e-01,2.80000e-02,
3.4071961e-01,-0.00000e+00,2.68000e-02,
3.4101257e-01,2.00001e-01,2.68000e-02,
3.4130552e-01,2.00001e-01,2.76000e-02,
3.4159848e-01,-0.00000e+00,2.80000e-02,
3.4189144e-01,-0.00000e+00,2.72000e-02,
3.4218439e-01,2.00001e-01,2.52000e-02,
3.4247735e-01,-0.00000e+00,2.68000e-02,
3.4277031e-01,-0.00000e+00,2.76000e-02,
3.4306327e-01,-0.00000e+00,2.72000e-02,
3.4335622e-01,-0.00000e+00,2.68000e-02,
3.4364918e-01,-0.00000e+00,2.76000e-02,
3.4394214e-01,2.00001e-01,2.80000e-02,
3.4423509e-01,-0.00000e+00,2.80000e-02,
3.4452805e-01,-0.00000e+00,2.80000e-02,
3.4482101e-01,-0.00000e+00,2.60000e-02,
3.4511396e-01,-0.00000e+00,2.84000e-02,
3.4540692e-01,-0.00000e+00,2.76000e-02,
3.4569988e-01,2.00001e-01,2.84000e-02,
3.4599283e-01,-0.00000e+00,2.84000e-02,
3.4628579e-01,2.00001e-01,2.88000e-02,
3.4657875e-01,2.00001e-01,2.68000e-02,
3.4687170e-01,2.00001e-01,2.80000e-02,
3.4716466e-01,-0.00000e+00,2.76000e-02,
3.4745762e-01,2.00001e-01,2.84000e-02,
3.4775057e-01,-0.00000e+00,2.80000e-02,
3.4804353e-01,-0.00000e+00,2.68000e-02,
3.4833649e-01,-0.00000e+00,2.84000e-02,
3.4862944e-01,2.00001e-01,2.68000e-02,
3.4892240e-01,2.00001e-01,2.84000e-02,
3.4921536e-01,2.00001e-01,3.00000e-02,
3.4950832e-01,2.00001e-01,2.92000e-02,
3.4980127e-01,-0.00000e+00,2.80000e-02,
3.5009423e-01,-0.00000e+00,2.84000e-02,
3.5038719e-01,-0.00000e+00,2.84000e-02,
3.5068014e-01,-0.00000e+00,2.84000e-02,
3.5097310e-01,-0.00000e+00,2.92000e-02,
3.5126606e-01,-0.00000e+00,2.84000e-02,
3.5155901e-01,-0.00000e+00,2.76000e-02,
3.5185197e-01,2.00001e-01,2.76000e-02,
3.5214493e-01,-0.00000e+00,2.80000e-02,
3.5243788e-01,2.00001e-01,2.68000e-02,
3.5273084e-01,-0.00000e+00,2.64000e-02,
3.5302380e-01,2.00001e-01,2.76000e-02,
3.5331675e-01,2.00001e-01,2.96000e-02,
3.5360971e-01,-0.00000e+00,2.76000e-02,
3.5390267e-01,-0.00000e+00,2.80000e-02,
3.5419562e-01,2.00001e-01,2.80000e-02,
3.5448858e-01,-0.00000e+00,2.80000e-02,
3.5478154e-01,-0.00000e+00,2.84000e-02,
3.5507450e-01,-0.00000e+00,2.80000e-02,
3.5536745e-01,-0.00000e+00,2.72000e-02,
3.5566041e-01,-0.00000e+00,2.92000e-02,
3.5595337e-01,-0.00000e+00,2.68000e-02,
3.5624632e-01,2.00001e-01,2.76000e-02,
3.5653928e-01,2.00001e-01,2.76000e-02,
3.5683224e-01,-0.00000e+00,2.80000e-02,
3.5712519e-01,-0.00000e+00,2.64000e-02,
3.5741815e-01,-0.00000e+00,2.84000e-02,
3.5771111e-01,2.00001e-01,2.68000e-02,
3.5800406e-01,2.00001e-01,2.80000e-02,
3.5829702e-01,2.00001e-01,2.68000e-02,
3.5858998e-01,2.00001e-01,2.84000e-02,
3.5888293e-01,-0.00000e+00,2.92000e-02,
3.5917589e-01,-0.00000e+00,2.80000e-02,
3.5946885e-01,2.00001e-01,2.76000e-02,
3.5976180e-01,2.00001e-01,3.04000e-02,
3.6005476e-01,2.00001e-01,2.96000e-02,
3.6034772e-01,-0.00000e+00,2.84000e-02,
3.6064067e-01,-0.00000e+00,2.68000e-02,
3.6093363e-01,-0.00000e+00,2.60000e-02,
3.6122659e-01,-0.00000e+00,2.80000e-02,
3.6151955e-01,-0.00000e+00,2.88000e-02,
3.6181250e-01,-0.00000e+00,2.76000e-02,
3.6210546e-01,-0.00000e+00,2.84000e-02,
3.6239842e-01,-0.00000e+00,2.88000e-02,
3.6269137e-01,-0.00000e+00,2.92000e-02,
3.6298433e-01,2.00001e-01,2.84000e-02,
3.6327729e-01,-0.00000e+00,2.88000e-02,
3.6357024e-01,-0.00000e+00,2.92000e-02,
3.6386320e-01,-0.00000e+00,2.92000e-02,
3.6415616e-01,-0.00000e+00,2.80000e-02,
3.6444911e-01,-0.00000e+00,2.80000e-02,
3.6474207e-01,-0.00000e+00,2.80000e-02,
3.6503503e-01,-0.00000e+00,2.76000e-02,
3.6532798e-01,-0.00000e+00,2.80000e-02,
3.6562094e-01,-0.00000e+00,2.76000e-02,
3.6591390e-01,2.00001e-01,2.80000e-02,
3.6620685e-01,-0.00000e+00,2.84000e-02,
3.6649981e-01,-0.00000e+00,2.88000e-02,
3.6679277e-01,-0.00000e+00,2.84000e-02,
3.6708573e-01,-0.00000e+00,2.80000e-02,
3.6737868e-01,2.00001e-01,2.84000e-02,
3.6767164e-01,-0.00000e+00,2.80000e-02,
3.6796460e-01,2.00001e-01,2.64000e-02,
3.6825755e-01,2.00001e-01,2.88000e-02,
3.6855051e-01,-0.00000e+00,2.76000e-02,
3.6884347e-01,-0.00000e+00,2.84000e-02,
3.6913642e-01,-0.00000e+00,2.80000e-02,
3.6942938e-01,2.00001e-01,2.84000e-02,
3.6972234e-01,-0.00000e+00,2.68000e-02,
3.7001529e-01,-0.00000e+00,3.16000e-02,
3.7030825e-01,2.00001e-01,2.92000e-02,
3.7060121e-01,2.00001e-01,2.84000e-02,
3.7089416e-01,-0.00000e+00,2.96000e-02,
3.7118712e-01,2.00001e-01,2.92000e-02,
3.7148008e-01,-0.00000e+00,3.00000e-02,
3.7177303e-01,-0.00000e+00,2.84000e-02,
3.7206599e-01,-0.00000e+00,2.84000e-02,
3.7235895e-01,-0.00000e+00,2.92000e-02,
3.7265190e-01,-0.00000e+00,2.92000e-02,
3.7294486e-01,-0.00000e+00,2.84000e-02,
3.7323782e-01,-0.00000e+00,2.80000e-02,
3.7353078e-01,2.00001e-01,2.68000e-02,
3.7382373e-01,-0.00000e+00,2.92000e-02,
3.7411669e-01,2.00001e-01,3.04000e-02,
3.7440965e-01,-0.00000e+00,2.80000e-02,
3.7470260e-01,-0.00000e+00,2.80000e-02,
3.7499556e-01,2.00001e-01,2.96000e-02,
3.7528852e-01,2.00001e-01,2.80000e-02,
3.7558147e-01,-0.00000e+00,2.88000e-02,
3.7587443e-01,-0.00000e+00,3.00000e-02,
3.7616739e-01,2.00001e-01,2.92000e-02,
3.7646034e-01,2.00001e-01,2.96000e-02,
3.7675330e-01,2.00001e-01,2.96000e-02,
3.7704626e-01,-0.00000e+00,2.88000e-02,
3.7733921e-01,-0.00000e+00,2.72000e-02,
3.7763217e-01,-0.00000e+00,2.84000e-02,
3.7792513e-01,-0.00000e+00,2.84000e-02,
3.7821808e-01,-0.00000e+00,2.84000e-02,
3.7851104e-01,-0.00000e+00,2.68000e-02,
3.7880400e-01,-0.00000e+00,2.80000e-02,
3.7909696e-01,-0.00000e+00,3.16000e-02,
3.7938991e-01,-0.00000e+00,2.84000e-02,
3.7968287e-01,-0.00000e+00,2.92000e-02,
3.7997583e-01,-0.00000e+00,2.84000e-02,
3.8026878e-01,2.00001e-01,2.84000e-02,
3.8056174e-01,-0.00000e+00,2.76000e-02,
3.8085470e-01,-0.00000e+00,2.84000e-02,
3.8114765e-01,2.00001e-01,2.80000e-02,
3.8144061e-01,2.00001e-01,2.76000e-02,
3.8173357e-01,-0.00000e+00,2.84000e-02,
3.8202652e-01,2.00001e-01,2.76000e-02,
3.8231948e-01,2.00001e-01,2.64000e-02,
3.8261244e-01,2.00001e-01,2.84000e-02,
3.8290539e-01,-0.00000e+00,2.84000e-02,
3.8319835e-01,-0.00000e+00,3.00000e-02,
3.8349131e-01,-0.00000e+00,2.76000e-02,
3.8378426e-01,-0.00000e+00,2.84000e-02,
3.8407722e-01,-0.00000e+00,2.64000e-02,
3.8437018e-01,-0.00000e+00,2.76000e-02,
3.8466313e-01,-0.00000e+00,2.96000e-02,
3.8495609e-01,-0.00000e+00,2.76000e-02,
3.8524905e-01,2.00001e-01,2.80000e-02,
3.8554201e-01,2.00001e-01,2.68000e-02,
3.8583496e-01,2.00001e-01,2.84000e-02,
3.8612792e-01,-0.00000e+00,2.52000e-02,
3.8642088e-01,-0.00000e+00,2.72000e-02,
3.8671383e-01,-0.00000e+00,2.88000e-02,
3.8700679e-01,-0.00000e+00,2.88000e-02,
3.8729975e-01,-0.00000e+00,2.92000e-02,
3.8759270e-01,-0.00000e+00,2.84000e-02,
3.8788566e-01,2.00001e-01,2.92000e-02,
3.8817862e-01,2.00001e-01,2.92000e-02,
3.8847157e-01,-0.00000e+00,2.80000e-02,
3.8876453e-01,2.00001e-01,2.92000e-02,
3.8905749e-01,-0.00000e+00,2.84000e-02,
3.8935044e-01,-0.00000e+00,2.96000e-02,
3.8964340e-01,-0.00000e+00,2.60000e-02,
3.8993636e-01,2.00001e-01,2.84000e-02,
3.9022931e-01,-0.00000e+00,2.92000e-02,
3.9052227e-01,2.00001e-01,2.80000e-02,
3.9081523e-01,2.00001e-01,2.76000e-02,
3.9110819e-01,-0.00000e+00,2.80000e-02,
3.9140114e-01,-0.00000e+00,3.04000e-02,
3.9169410e-01,-0.00000e+00,2.84000e-02,
3.9198706e-01,-0.00000e+00,2.84000e-02,
3.9228001e-01,-0.00000e+00,2.68000e-02,
3.9257297e-01,-0.00000e+00,2.92000e-02,
3.9286593e-01,2.00001e-01,2.96000e-02,
3.9315888e-01,-0.00000e+00,2.92000e-02,
3.9345184e-01,-0.00000e+00,3.12000e-02,
3.9374480e-01,-0.00000e+00,2.76000e-02,
3.9403775e-01,-0.00000e+00,2.76000e-02,
3.9433071e-01,-0.00000e+00,3.00000e-02,
3.9462367e-01,2.00001e-01,2.84000e-02,
3.9491662e-01,-0.00000e+00,2.88000e-02,
3.9520958e-01,-0.00000e+00,2.84000e-02,
3.9550254e-01,-0.00000e+00,2.84000e-02,
3.9579549e-01,2.00001e-01,2.68000e-02,
3.9608845e-01,-0.00000e+00,2.80000e-02,
3.9638141e-01,2.00001e-01,2.92000e-02,
3.9667436e-01,-0.00000e+00,2.84000e-02,
3.9696732e-01,-0.00000e+00,2.84000e-02,
3.9726028e-01,2.00001e-01,2.96000e-02,
3.9755324e-01,-0.00000e+00,2.80000e-02,
3.9784619e-01,2.00001e-01,2.76000e-02,
3.9813915e-01,2.00001e-01,2.84000e-02,
3.9843211e-01,-0.00000e+00,2.84000e-02,
3.9872506e-01,-0.00000e+00,2.80000e-02,
3.9901802e-01,-0.00000e+00,2.96000e-02,
3.9931098e-01,2.00001e-01,2.84000e-02,
3.9960393e-01,-0.00000e+00,2.84000e-02,
3.9989689e-01,-0.00000e+00,2.48000e-02,
4.0018985e-01,2.00001e-01,3.00000e-02,
4.0048280e-01,-0.00000e+00,3.04000e-02,
4.0077576e-01,-0.00000e+00,2.84000e-02,
4.0106872e-01,2.00001e-01,2.80000e-02,
4.0136167e-01,2.00001e-01,2.92000e-02,
4.0165463e-01,-0.00000e+00,2.92000e-02,
4.0194759e-01,-0.00000e+00,3.08000e-02,
4.0224054e-01,-0.00000e+00,2.84000e-02,
4.0253350e-01,-0.00000e+00,2.76000e-02,
4.0282646e-01,2.00001e-01,3.20000e-02,
4.0311942e-01,-0.00000e+00,3.00000e-02,
4.0341237e-01,-0.00000e+00,2.96000e-02,
4.0370533e-01,2.00001e-01,3.08000e-02,
4.0399829e-01,2.00001e-01,2.84000e-02,
4.0429124e-01,2.00001e-01,3.00000e-02,
4.0458420e-01,-0.00000e+00,2.84000e-02,
4.0487716e-01,-0.00000e+00,2.92000e-02,
4.0517011e-01,2.00001e-01,2.68000e-02,
4.0546307e-01,-0.00000e+00,2.84000e-02,
4.0575603e-01,2.00001e-01,2.96000e-02,
4.0604898e-01,-0.00000e+00,2.84000e-02,
4.0634194e-01,-0.00000e+00,2.92000e-02,
4.0663490e-01,2.00001e-01,2.84000e-02,
4.0692785e-01,-0.00000e+00,2.92000e-02,
4.0722081e-01,-0.00000e+00,2.84000e-02,
4.0751377e-01,-0.00000e+00,2.84000e-02,
4.0780672e-01,-0.00000e+00,2.84000e-02,
4.0809968e-01,-0.00000e+00,2.68000e-02,
4.0839264e-01,-0.00000e+00,2.84000e-02,
4.0868559e-01,-0.00000e+00,2.84000e-02,
4.0897855e-01,2.00001e-01,3.00000e-02,
4.0927151e-01,-0.00000e+00,2.84000e-02,
4.0956447e-01,-0.00000e+00,2.52000e-02,
4.0985742e-01,2.00001e-01,2.52000e-02,
4.1015038e-01,2.00001e-01,3.08000e-02,
4.1044334e-01,2.00001e-01,2.88000e-02,
4.1073629e-01,-0.00000e+00,3.00000e-02,
4.1102925e-01,-0.00000e+00,2.84000e-02,
4.1132221e-01,-0.00000e+00,2.92000e-02,
4.1161516e-01,-0.00000e+00,3.16000e-02,
4.1190812e-01,-0.00000e+00,2.80000e-02,
4.1220108e-01,-0.00000e+00,2.84000e-02,
4.1249403e-01,-0.00000e+00,2.92000e-02,
4.1278699e-01,2.00001e-01,2.92000e-02,
4.1307995e-01,2.00001e-01,2.72000e-02,
4.1337290e-01,-0.00000e+00,2.76000e-02,
4.1366586e-01,-0.00000e+00,2.84000e-02,
4.1395882e-01,-0.00000e+00,2.84000e-02,
4.1425177e-01,-0.00000e+00,2.92000e-02,
4.1454473e-01,-0.00000e+00,2.92000e-02,
4.1483769e-01,-0.00000e+00,2.92000e-02,
4.1513065e-01,-0.00000e+00,3.00000e-02,
4.1542360e-01,-0.00000e+00,3.00000e-02,
4.1571656e-01,-0.00000e+00,2.84000e-02,
4.1600952e-01,-0.00000e+00,2.96000e-02,
4.1630247e-01,-0.00000e+00,3.00000e-02,
4.1659543e-01,2.00001e-01,3.04000e-02,
4.1688839e-01,2.00001e-01,3.00000e-02,
4.1718134e-01,2.00001e-01,2.64000e-02,
4.1747430e-01,2.00001e-01,3.04000e-02,
4.1776726e-01,-0.00000e+00,2.92000e-02,
4.1806021e-01,-0.00000e+00,2.84000e-02,
4.1835317e-01,-0.00000e+00,2.84000e-02,
4.1864613e-01,2.00001e-01,2.88000e-02,
4.1893908e-01,2.00001e-01,2.92000e-02,
4.1923204e-01,2.00001e-01,2.96000e-02,
4.1952500e-01,2.00001e-01,2.84000e-02,
4.1981795e-01,-0.00000e+00,2.92000e-02,
4.2011091e-01,-0.00000e+00,2.96000e-02,
4.2040387e-01,-0.00000e+00,2.92000e-02,
4.2069682e-01,-0.00000e+00,2.84000e-02,
4.2098978e-01,2.00001e-01,3.08000e-02,
4.2128274e-01,-0.00000e+00,3.00000e-02,
4.2157570e-01,-0.00000e+00,2.92000e-02,
4.2186865e-01,-0.00000e+00,2.84000e-02,
4.2216161e-01,-0.00000e+00,2.92000e-02,
4.2245457e-01,2.00001e-01,3.08000e-02,
4.2274752e-01,2.00001e-01,2.92000e-02,
4.2304048e-01,-0.00000e+00,2.92000e-02,
4.2333344e-01,-0.00000e+00,2.96000e-02,
4.2362639e-01,2.00001e-01,2.96000e-02,
4.2391935e-01,2.00001e-01,2.92000e-02,
4.2421231e-01,-0.00000e+00,2.48000e-02,
4.2450526e-01,-0.00000e+00,2.56000e-02,
4.2479822e-01,-0.00000e+00,2.96000e-02,
4.2509118e-01,-0.00000e+00,2.84000e-02,
4.2538413e-01,-0.00000e+00,2.84000e-02,
4.2567709e-01,2.00001e-01,2.68000e-02,
4.2597005e-01,2.00001e-01,2.84000e-02,
4.2626300e-01,-0.00000e+00,2.84000e-02,
4.2655596e-01,2.00001e-01,2.88000e-02,
4.2684892e-01,-0.00000e+00,3.00000e-02,
4.2714188e-01,-0.00000e+00,2.92000e-02,
4.2743483e-01,2.00001e-01,3.00000e-02,
4.2772779e-01,-0.00000e+00,2.96000e-02,
4.2802075e-01,-0.00000e+00,2.92000e-02,
4.2831370e-01,-0.00000e+00,2.92000e-02,
4.2860666e-01,2.00001e-01,3.00000e-02,
4.2889962e-01,2.00001e-01,2.64000e-02,
4.2919257e-01,-0.00000e+00,3.00000e-02,
4.2948553e-01,2.00001e-01,3.04000e-02,
4.2977849e-01,-0.00000e+00,2.84000e-02,
4.3007144e-01,-0.00000e+00,2.88000e-02,
4.3036440e-01,2.00001e-01,2.92000e-02,
4.3065736e-01,-0.00000e+00,2.84000e-02,
4.3095031e-01,2.00001e-01,2.84000e-02,
4.3124327e-01,-0.00000e+00,3.16000e-02,
4.3153623e-01,-0.00000e+00,2.80000e-02,
4.3182918e-01,2.00001e-01,2.84000e-02,
4.3212214e-01,2.00001e-01,3.04000e-02,
4.3241510e-01,-0.00000e+00,3.00000e-02,
4.3270805e-01,-0.00000e+00,2.96000e-02,
4.3300101e-01,2.00001e-01,3.16000e-02,
4.3329397e-01,-0.00000e+00,2.84000e-02,
4.3358693e-01,2.00001e-01,3.00000e-02,
4.3387988e-01,-0.00000e+00,2.92000e-02,
4.3417284e-01,2.00001e-01,2.84000e-02,
4.3446580e-01,2.00001e-01,2.80000e-02,
4.3475875e-01,-0.00000e+00,3.04000e-02,
4.3505171e-01,2.00001e-01,2.76000e-02,
4.3534467e-01,-0.00000e+00,2.96000e-02,
4.3563762e-01,2.00001e-01,2.84000e-02,
4.3593058e-01,-0.00000e+00,3.80000e-02,
4.3622354e-01,-0.00000e+00,2.92000e-02,
4.3651649e-01,2.00001e-01,3.00000e-02,
4.3680945e-01,-0.00000e+00,2.96000e-02,
4.3710241e-01,-0.00000e+00,2.96000e-02,
4.3739536e-01,2.00001e-01,2.84000e-02,
4.3768832e-01,2.00001e-01,2.84000e-02,
4.3798128e-01,-0.00000e+00,2.96000e-02,
4.3827423e-01,-0.00000e+00,2.88000e-02,
4.3856719e-01,-0.00000e+00,2.84000e-02,
4.3886015e-01,-0.00000e+00,3.08000e-02,
4.3915311e-01,-0.00000e+00,2.92000e-02,
4.3944606e-01,-0.00000e+00,3.00000e-02,
4.3973902e-01,2.00001e-01,3.00000e-02,
4.4003198e-01,-0.00000e+00,3.00000e-02,
4.4032493e-01,-0.00000e+00,3.00000e-02,
4.4061789e-01,-0.00000e+00,2.96000e-02,
4.4091085e-01,-0.00000e+00,3.00000e-02,
4.4120380e-01,-0.00000e+00,3.12000e-02,
4.4149676e-01,2.00001e-01,3.00000e-02,
4.4178972e-01,-0.00000e+00,2.84000e-02,
4.4208267e-01,2.00001e-01,2.92000e-02,
4.4237563e-01,-0.00000e+00,3.04000e-02,
4.4266859e-01,-0.00000e+00,3.16000e-02,
4.4296154e-01,2.00001e-01,2.88000e-02,
4.4325450e-01,2.00001e-01,3.00000e-02,
4.4354746e-01,-0.00000e+00,2.92000e-02,
4.4384041e-01,-0.00000e+00,3.00000e-02,
4.4413337e-01,-0.00000e+00,3.08000e-02,
4.4442633e-01,2.00001e-01,3.16000e-02,
4.4471928e-01,2.00001e-01,2.84000e-02,
4.4501224e-01,2.00001e-01,3.04000e-02,
4.4530520e-01,-0.00000e+00,3.08000e-02,
4.4559816e-01,-0.00000e+00,2.88000e-02,
4.4589111e-01,2.00001e-01,2.96000e-02,
4.4618407e-01,-0.00000e+00,2.92000e-02,
4.4647703e-01,2.00001e-01,2.84000e-02,
4.4676998e-01,-0.00000e+00,2.92000e-02,
4.4706294e-01,2.00001e-01,3.00000e-02,
4.4735590e-01,-0.00000e+00,2.88000e-02,
4.4764885e-01,-0.00000e+00,2.80000e-02,
4.4794181e-01,-0.00000e+00,3.00000e-02,
4.4823477e-01,2.00001e-01,2.96000e-02,
4.4852772e-01,-0.00000e+00,3.16000e-02,
4.4882068e-01,-0.00000e+00,2.96000e-02,
4.4911364e-01,-0.00000e+00,2.96000e-02,
4.4940659e-01,-0.00000e+00,3.04000e-02,
4.4969955e-01,-0.00000e+00,2.96000e-02,
4.4999251e-01,-0.00000e+00,2.96000e-02,
4.5028546e-01,2.00001e-01,2.84000e-02,
4.5057842e-01,-0.00000e+00,3.00000e-02,
4.5087138e-01,-0.00000e+00,3.04000e-02,
4.5116434e-01,2.00001e-01,2.92000e-02,
4.5145729e-01,-0.00000e+00,2.88000e-02,
4.5175025e-01,2.00001e-01,3.16000e-02,
4.5204321e-01,-0.00000e+00,2.92000e-02,
4.5233616e-01,-0.00000e+00,2.96000e-02,
4.5262912e-01,2.00001e-01,3.00000e-02,
4.5292208e-01,2.00001e-01,3.04000e-02,
4.5321503e-01,2.00001e-01,2.96000e-02,
4.5350799e-01,-0.00000e+00,2.96000e-02,
4.5380095e-01,2.00001e-01,3.00000e-02,
4.5409390e-01,2.00001e-01,2.96000e-02,
4.5438686e-01,2.00001e-01,2.92000e-02,
4.5467982e-01,2.00001e-01,3.00000e-02,
4.5497277e-01,2.00001e-01,3.08000e-02,
4.5526573e-01,-0.00000e+00,2.96000e-02,
4.5555869e-01,2.00001e-01,3.04000e-02,
4.5585164e-01,-0.00000e+00,3.04000e-02,
4.5614460e-01,-0.00000e+00,2.92000e-02,
4.5643756e-01,-0.00000e+00,3.00000e-02,
4.5673051e-01,-0.00000e+00,2.92000e-02,
4.5702347e-01,2.00001e-01,3.08000e-02,
4.5731643e-01,-0.00000e+00,3.00000e-02,
4.5760939e-01,-0.00000e+00,3.00000e-02,
4.5790234e-01,-0.00000e+00,3.24000e-02,
4.5819530e-01,2.00001e-01,3.32000e-02,
4.5848826e-01,2.00001e-01,3.04000e-02,
4.5878121e-01,-0.00000e+00,2.92000e-02,
4.5907417e-01,2.00001e-01,2.92000e-02,
4.5936713e-01,-0.00000e+00,2.92000e-02,
4.5966008e-01,-0.00000e+00,2.92000e-02,
4.5995304e-01,-0.00000e+00,3.00000e-02,
4.6024600e-01,-0.00000e+00,2.96000e-02,
4.6053895e-01,-0.00000e+00,2.92000e-02,
4.6083191e-01,2.00001e-01,3.00000e-02,
4.6112487e-01,-0.00000e+00,2.92000e-02,
4.6141782e-01,-0.00000e+00,2.88000e-02,
4.6171078e-01,-0.00000e+00,2.96000e-02,
4.6200374e-01,2.00001e-01,2.96000e-02,
4.6229669e-01,-0.00000e+00,2.84000e-02,
4.6258965e-01,-0.00000e+00,2.92000e-02,
4.6288261e-01,2.00001e-01,2.96000e-02,
4.6317557e-01,2.00001e-01,2.92000e-02,
4.6346852e-01,-0.00000e+00,3.00000e-02,
4.6376148e-01,2.00001e-01,2.96000e-02,
4.6405444e-01,2.00001e-01,3.00000e-02,
4.6434739e-01,2.00001e-01,3.24000e-02,
4.6464035e-01,2.00001e-01,3.00000e-02,
4.6493331e-01,2.00001e-01,3.08000e-02,
4.6522626e-01,-0.00000e+00,3.00000e-02,
4.6551922e-01,2.00001e-01,3.12000e-02,
4.6581218e-01,2.00001e-01,3.00000e-02,
4.6610513e-01,2.00001e-01,2.96000e-02,
4.6639809e-01,2.00001e-01,3.32000e-02,
4.6669105e-01,-0.00000e+00,3.08000e-02,
4.6698400e-01,-0.00000e+00,3.08000e-02,
4.6727696e-01,-0.00000e+00,2.88000e-02,
4.6756992e-01,2.00001e-01,3.00000e-02,
4.6786287e-01,2.00001e-01,3.04000e-02,
4.6815583e-01,-0.00000e+00,3.00000e-02,
4.6844879e-01,-0.00000e+00,3.00000e-02,
4.6874174e-01,-0.00000e+00,3.00000e-02,
4.6903470e-01,-0.00000e+00,3.00000e-02,
4.6932766e-01,2.00001e-01,3.16000e-02,
4.6962062e-01,-0.00000e+00,2.92000e-02,
4.6991357e-01,-0.00000e+00,3.00000e-02,
4.7020653e-01,-0.00000e+00,3.04000e-02,
4.7049949e-01,2.00001e-01,3.40000e-02,
4.7079244e-01,2.00001e-01,3.00000e-02,
4.7108540e-01,2.00001e-01,2.96000e-02,
4.7137836e-01,2.00001e-01,2.96000e-02,
4.7167131e-01,2.00001e-01,3.00000e-02,
4.7196427e-01,2.00001e-01,3.04000e-02,
4.7225723e-01,-0.00000e+00,2.92000e-02,
4.7255018e-01,2.00001e-01,3.00000e-02,
4.7284314e-01,-0.00000e+00,2.88000e-02,
4.7313610e-01,-0.00000e+00,3.12000e-02,
4.7342905e-01,-0.00000e+00,3.00000e-02,
4.7372201e-01,2.00001e-01,2.92000e-02,
4.7401497e-01,-0.00000e+00,3.00000e-02,
4.7430792e-01,-0.00000e+00,2.92000e-02,
4.7460088e-01,2.00001e-01,3.08000e-02,
4.7489384e-01,2.00001e-01,3.16000e-02,
4.7518679e-01,-0.00000e+00,3.04000e-02,
4.7547975e-01,-0.00000e+00,3.04000e-02,
4.7577271e-01,-0.00000e+00,2.92000e-02,
4.7606567e-01,2.00001e-01,3.00000e-02,
4.7635862e-01,-0.00000e+00,3.00000e-02,
4.7665158e-01,2.00001e-01,3.00000e-02,
4.7694454e-01,-0.00000e+00,3.08000e-02,
4.7723749e-01,-0.00000e+00,3.12000e-02,
4.7753045e-01,2.00001e-01,3.08000e-02,
4.7782341e-01,-0.00000e+00,3.04000e-02,
4.7811636e-01,2.00001e-01,3.04000e-02,
4.7840932e-01,2.00001e-01,2.96000e-02,
4.7870228e-01,-0.00000e+00,2.80000e-02,
4.7899523e-01,2.00001e-01,3.08000e-02,
4.7928819e-01,2.00001e-01,3.00000e-02,
4.7958115e-01,2.00001e-01,3.12000e-02,
4.7987410e-01,2.00001e-01,3.04000e-02,
4.8016706e-01,-0.00000e+00,3.08000e-02,
4.8046002e-01,-0.00000e+00,3.16000e-02,
4.8075297e-01,2.00001e-01,3.16000e-02,
4.8104593e-01,2.00001e-01,3.16000e-02,
4.8133889e-01,-0.00000e+00,3.12000e-02,
4.8163185e-01,2.00001e-01,3.16000e-02,
4.8192480e-01,-0.00000e+00,2.76000e-02,
4.8221776e-01,-0.00000e+00,3.00000e-02,
4.8251072e-01,2.00001e-01,3.00000e-02,
4.8280367e-01,-0.00000e+00,3.00000e-02,
4.8309663e-01,2.00001e-01,3.08000e-02,
4.8338959e-01,2.00001e-01,2.96000e-02,
4.8368254e-01,2.00001e-01,3.08000e-02,
4.8397550e-01,-0.00000e+00,3.00000e-02,
4.8426846e-01,-0.00000e+00,3.00000e-02,
4.8456141e-01,2.00001e-01,2.92000e-02,
4.8485437e-01,-0.00000e+00,3.04000e-02,
4.8514733e-01,2.00001e-01,3.24000e-02,
4.8544028e-01,-0.00000e+00,3.00000e-02,
4.8573324e-01,-0.00000e+00,3.04000e-02,
4.8602620e-01,-0.00000e+00,3.08000e-02,
4.8631915e-01,-0.00000e+00,2.92000e-02,
4.8661211e-01,-0.00000e+00,2.88000e-02,
4.8690507e-01,2.00001e-01,2.88000e-02,
4.8719802e-01,2.00001e-01,3.08000e-02,
4.8749098e-01,-0.00000e+00,3.08000e-02,
4.8778394e-01,2.00001e-01,3.08000e-02,
4.8807690e-01,-0.00000e+00,2.96000e-02,
4.8836985e-01,-0.00000e+00,3.00000e-02,
4.8866281e-01,2.00001e-01,2.76000e-02,
4.8895577e-01,2.00001e-01,2.96000e-02,
4.8924872e-01,2.00001e-01,3.16000e-02,
4.8954168e-01,-0.00000e+00,2.96000e-02,
4.8983464e-01,-0.00000e+00,2.96000e-02,
4.9012759e-01,-0.00000e+00,2.92000e-02,
4.9042055e-01,2.00001e-01,2.96000e-02,
4.9071351e-01,-0.00000e+00,3.00000e-02,
4.9100646e-01,-0.00000e+00,3.00000e-02,
4.9129942e-01,-0.00000e+00,2.84000e-02,
4.9159238e-01,-0.00000e+00,2.92000e-02,
4.9188533e-01,-0.00000e+00,2.84000e-02,
4.9217829e-01,-0.00000e+00,2.92000e-02,
4.9247125e-01,-0.00000e+00,2.80000e-02,
4.9276420e-01,-0.00000e+00,2.84000e-02,
4.9305716e-01,2.00001e-01,2.92000e-02,
4.9335012e-01,-0.00000e+00,2.96000e-02,
4.9364308e-01,2.00001e-01,2.84000e-02,
4.9393603e-01,2.00001e-01,2.80000e-02,
4.9422899e-01,-0.00000e+00,2.56000e-02,
4.9452195e-01,2.00001e-01,2.88000e-02,
4.9481490e-01,-0.00000e+00,2.72000e-02,
4.9510786e-01,2.00001e-01,2.68000e-02,
4.9540082e-01,-0.00000e+00,2.76000e-02,
4.9569377e-01,-0.00000e+00,3.16000e-02,
4.9598673e-01,-0.00000e+00,2.76000e-02,
4.9627969e-01,2.00001e-01,2.80000e-02,
4.9657264e-01,-0.00000e+00,2.76000e-02,
4.9686560e-01,2.00001e-01,2.72000e-02,
4.9715856e-01,2.00001e-01,2.76000e-02,
4.9745151e-01,-0.00000e+00,2.60000e-02,
4.9774447e-01,-0.00000e+00,2.76000e-02,
4.9803743e-01,-0.00000e+00,2.76000e-02,
4.9833038e-01,-0.00000e+00,2.92000e-02,
4.9862334e-01,-0.00000e+00,2.68000e-02,
4.9891630e-01,2.00001e-01,2.68000e-02,
4.9920925e-01,2.00001e-01,2.68000e-02,
4.9950221e-01,-0.00000e+00,2.64000e-02,
4.9979517e-01,2.00001e-01,2.68000e-02,
5.0008816e-01,-0.00000e+00,2.68000e-02,
5.0038111e-01,-0.00000e+00,2.68000e-02,
5.0067407e-01,-0.00000e+00,2.92000e-02,
5.0096703e-01,-0.00000e+00,2.68000e-02,
5.0125998e-01,2.00001e-01,2.76000e-02,
5.0155294e-01,-0.00000e+00,2.68000e-02,
5.0184590e-01,2.00001e-01,2.68000e-02,
5.0213885e-01,-0.00000e+00,2.60000e-02,
5.0243181e-01,2.00001e-01,2.64000e-02,
5.0272477e-01,-0.00000e+00,2.60000e-02,
5.0301772e-01,-0.00000e+00,2.52000e-02,
5.0331068e-01,2.00001e-01,2.64000e-02,
5.0360364e-01,-0.00000e+00,2.64000e-02,
5.0389659e-01,-0.00000e+00,2.52000e-02,
5.0418955e-01,2.00001e-01,2.48000e-02,
5.0448251e-01,-0.00000e+00,2.40000e-02,
5.0477546e-01,2.00001e-01,2.48000e-02,
5.0506842e-01,2.00001e-01,2.48000e-02,
5.0536138e-01,-0.00000e+00,2.48000e-02,
5.0565434e-01,-0.00000e+00,2.60000e-02,
5.0594729e-01,2.00001e-01,2.52000e-02,
5.0624025e-01,-0.00000e+00,2.48000e-02,
5.0653321e-01,-0.00000e+00,2.44000e-02,
5.0682616e-01,2.00001e-01,2.52000e-02,
5.0711912e-01,2.00001e-01,2.36000e-02,
5.0741208e-01,2.00001e-01,2.48000e-02,
5.0770503e-01,2.00001e-01,2.52000e-02,
5.0799799e-01,2.00001e-01,2.52000e-02,
5.0829095e-01,2.00001e-01,2.48000e-02,
5.0858390e-01,-0.00000e+00,2.44000e-02,
5.0887686e-01,-0.00000e+00,2.52000e-02,
5.0916982e-01,2.00001e-01,2.52000e-02,
5.0946277e-01,2.00001e-01,2.52000e-02,
5.0975573e-01,-0.00000e+00,2.36000e-02,
5.1004869e-01,2.00001e-01,2.52000e-02,
5.1034164e-01,2.00001e-01,2.48000e-02,
5.1063460e-01,-0.00000e+00,2.40000e-02,
5.1092756e-01,-0.00000e+00,2.48000e-02,
5.1122051e-01,2.00001e-01,2.48000e-02,
5.1151347e-01,-0.00000e+00,2.48000e-02,
5.1180643e-01,2.00001e-01,2.40000e-02,
5.1209939e-01,-0.00000e+00,2.44000e-02,
5.1239234e-01,-0.00000e+00,2.48000e-02,
5.1268530e-01,2.00001e-01,2.48000e-02,
5.1297826e-01,2.00001e-01,2.40000e-02,
5.1327121e-01,-0.00000e+00,2.40000e-02,
5.1356417e-01,-0.00000e+00,2.32000e-02,
5.1385713e-01,2.00001e-01,2.40000e-02,
5.1415008e-01,-0.00000e+00,2.32000e-02,
5.1444304e-01,-0.00000e+00,2.24000e-02,
5.1473600e-01,2.00001e-01,1.96000e-02,
5.1502895e-01,-0.00000e+00,2.28000e-02,
5.1532191e-01,-0.00000e+00,2.32000e-02,
5.1561487e-01,2.00001e-01,2.36000e-02,
5.1590782e-01,2.00001e-01,2.24000e-02,
5.1620078e-01,-0.00000e+00,2.16000e-02,
5.1649374e-01,-0.00000e+00,2.32000e-02,
5.1678669e-01,-0.00000e+00,2.40000e-02,
5.1707965e-01,2.00001e-01,2.32000e-02,
5.1737261e-01,-0.00000e+00,2.16000e-02,
5.1766557e-01,2.00001e-01,2.24000e-02,
5.1795852e-01,-0.00000e+00,2.24000e-02,
5.1825148e-01,-0.00000e+00,2.24000e-02,
5.1854444e-01,-0.00000e+00,2.32000e-02,
5.1883739e-01,-0.00000e+00,2.24000e-02,
5.1913035e-01,2.00001e-01,2.16000e-02,
5.1942331e-01,-0.00000e+00,2.24000e-02,
5.1971626e-01,2.00001e-01,2.20000e-02,
5.2000922e-01,2.00001e-01,2.20000e-02,
5.2030218e-01,-0.00000e+00,2.28000e-02,
5.2059513e-01,-0.00000e+00,2.08000e-02,
5.2088809e-01,2.00001e-01,2.16000e-02,
5.2118105e-01,-0.00000e+00,2.16000e-02,
5.2147400e-01,-0.00000e+00,2.20000e-02,
5.2176696e-01,2.00001e-01,2.24000e-02,
5.2205992e-01,2.00001e-01,2.24000e-02,
5.2235287e-01,-0.00000e+00,2.24000e-02,
5.2264583e-01,2.00001e-01,2.08000e-02,
5.2293879e-01,-0.00000e+00,2.24000e-02,
5.2323174e-01,-0.00000e+00,2.16000e-02,
5.2352470e-01,2.00001e-01,2.16000e-02,
5.2381766e-01,2.00001e-01,2.04000e-02,
5.2411062e-01,-0.00000e+00,2.16000e-02,
5.2440357e-01,-0.00000e+00,2.24000e-02,
5.2469653e-01,-0.00000e+00,2.36000e-02,
5.2498949e-01,2.00001e-01,2.08000e-02,
5.2528244e-01,-0.00000e+00,2.24000e-02,
5.2557540e-01,2.00001e-01,2.24000e-02,
5.2586836e-01,2.00001e-01,2.52000e-02,
5.2616131e-01,2.00001e-01,2.40000e-02,
5.2645427e-01,-0.00000e+00,1.92000e-02,
5.2674723e-01,-0.00000e+00,2.24000e-02,
5.2704018e-01,2.00001e-01,1.72000e-02,
5.2733314e-01,-0.00000e+00,2.12000e-02,
5.2762610e-01,-0.00000e+00,2.08000e-02,
5.2791905e-01,-0.00000e+00,1.96000e-02,
5.2821201e-01,-0.00000e+00,2.04000e-02,
5.2850497e-01,2.00001e-01,2.04000e-02,
5.2879792e-01,-0.00000e+00,2.08000e-02,
5.2909088e-01,2.00001e-01,2.28000e-02,
5.2938384e-01,-0.00000e+00,2.16000e-02,
5.2967680e-01,-0.00000e+00,2.04000e-02,
5.2996975e-01,2.00001e-01,2.28000e-02,
5.3026271e-01,-0.00000e+00,2.12000e-02,
5.3055567e-01,2.00001e-01,2.12000e-02,
5.3084862e-01,2.00001e-01,2.08000e-02,
5.3114158e-01,-0.00000e+00,2.04000e-02,
5.3143454e-01,2.00001e-01,2.08000e-02,
5.3172749e-01,-0.00000e+00,2.12000e-02,
5.3202045e-01,-0.00000e+00,1.92000e-02,
5.3231341e-01,2.00001e-01,2.00000e-02,
5.3260636e-01,-0.00000e+00,2.08000e-02,
5.3289932e-01,2.00001e-01,1.92000e-02,
5.3319228e-01,-0.00000e+00,1.92000e-02,
5.3348523e-01,-0.00000e+00,2.04000e-02,
5.3377819e-01,2.00001e-01,1.92000e-02,
5.3407115e-01,-0.00000e+00,2.04000e-02,
5.3436410e-01,-0.00000e+00,2.00000e-02,
5.3465706e-01,-0.00000e+00,1.88000e-02,
5.3495002e-01,-0.00000e+00,2.08000e-02,
5.3524297e-01,-0.00000e+00,1.92000e-02,
5.3553593e-01,2.00001e-01,1.96000e-02,
5.3582889e-01,-0.00000e+00,1.92000e-02,
5.3612185e-01,2.00001e-01,1.76000e-02,
5.3641480e-01,-0.00000e+00,1.92000e-02,
5.3670776e-01,2.00001e-01,1.92000e-02,
5.3700072e-01,-0.00000e+00,1.92000e-02,
5.3729367e-01,-0.00000e+00,1.84000e-02,
5.3758663e-01,-0.00000e+00,1.88000e-02,
5.3787959e-01,-0.00000e+00,1.92000e-02,
5.3817254e-01,2.00001e-01,1.84000e-02,
5.3846550e-01,2.00001e-01,1.92000e-02,
5.3875846e-01,-0.00000e+00,1.88000e-02,
5.3905141e-01,2.00001e-01,1.88000e-02,
5.3934437e-01,-0.00000e+00,1.76000e-02,
5.3963733e-01,2.00001e-01,1.84000e-02,
5.3993028e-01,-0.00000e+00,1.88000e-02,
5.4022324e-01,-0.00000e+00,1.84000e-02,
5.4051620e-01,-0.00000e+00,1.88000e-02,
5.4080915e-01,-0.00000e+00,1.92000e-02,
5.4110211e-01,-0.00000e+00,1.88000e-02,
5.4139507e-01,-0.00000e+00,1.72000e-02,
5.4168802e-01,-0.00000e+00,1.80000e-02,
5.4198098e-01,-0.00000e+00,1.76000e-02,
5.4227394e-01,2.00001e-01,1.96000e-02,
5.4256690e-01,-0.00000e+00,1.76000e-02,
5.4285985e-01,-0.00000e+00,1.92000e-02,
5.4315281e-01,-0.00000e+00,1.76000e-02,
5.4344577e-01,-0.00000e+00,1.80000e-02,
5.4373872e-01,-0.00000e+00,1.76000e-02,
5.4403168e-01,2.00001e-01,1.72000e-02,
5.4432464e-01,-0.00000e+00,1.72000e-02,
5.4461759e-01,2.00001e-01,1.72000e-02,
5.4491055e-01,2.00001e-01,1.76000e-02,
5.4520351e-01,-0.00000e+00,1.76000e-02,
5.4549646e-01,-0.00000e+00,1.76000e-02,
5.4578942e-01,2.00001e-01,1.52000e-02,
5.4608238e-01,-0.00000e+00,1.80000e-02,
5.4637533e-01,2.00001e-01,1.76000e-02,
5.4666829e-01,-0.00000e+00,1.52000e-02,
5.4696125e-01,2.00001e-01,1.72000e-02,
5.4725420e-01,-0.00000e+00,1.80000e-02,
5.4754716e-01,-0.00000e+00,1.68000e-02,
5.4784012e-01,-0.00000e+00,1.76000e-02,
5.4813308e-01,2.00001e-01,1.68000e-02,
5.4842603e-01,-0.00000e+00,1.76000e-02,
5.4871899e-01,2.00001e-01,1.76000e-02,
5.4901195e-01,-0.00000e+00,1.76000e-02,
5.4930490e-01,-0.00000e+00,1.76000e-02,
5.4959786e-01,2.00001e-01,1.60000e-02,
5.4989082e-01,2.00001e-01,1.76000e-02,
5.5018377e-01,2.00001e-01,1.60000e-02,
5.5047673e-01,-0.00000e+00,1.84000e-02,
5.5076969e-01,-0.00000e+00,1.72000e-02,
5.5106264e-01,-0.00000e+00,1.36000e-02,
5.5135560e-01,-0.00000e+00,1.60000e-02,
5.5164856e-01,-0.00000e+00,1.68000e-02,
5.5194151e-01,-0.00000e+00,1.84000e-02,
5.5223447e-01,-0.00000e+00,1.68000e-02,
5.5252743e-01,-0.00000e+00,1.68000e-02,
5.5282038e-01,2.00001e-01,1.60000e-02,
5.5311334e-01,2.00001e-01,1.72000e-02,
5.5340630e-01,2.00001e-01,1.72000e-02,
5.5369925e-01,2.00001e-01,1.80000e-02,
5.5399221e-01,2.00001e-01,1.68000e-02,
5.5428517e-01,2.00001e-01,1.88000e-02,
5.5457813e-01,-0.00000e+00,1.60000e-02,
5.5487108e-01,2.00001e-01,1.64000e-02,
5.5516404e-01,2.00001e-01,1.92000e-02,
5.5545700e-01,2.00001e-01,1.60000e-02,
5.5574995e-01,-0.00000e+00,1.64000e-02,
5.5604291e-01,2.00001e-01,1.64000e-02,
5.5633587e-01,-0.00000e+00,1.76000e-02,
5.5662882e-01,2.00001e-01,1.60000e-02,
5.5692178e-01,2.00001e-01,1.76000e-02,
5.5721474e-01,2.00001e-01,1.68000e-02,
5.5750769e-01,2.00001e-01,1.76000e-02,
5.5780065e-01,2.00001e-01,1.76000e-02,
5.5809361e-01,-0.00000e+00,1.56000e-02,
5.5838656e-01,2.00001e-01,1.76000e-02,
5.5867952e-01,-0.00000e+00,1.24000e-02,
5.5897248e-01,-0.00000e+00,1.76000e-02,
5.5926543e-01,-0.00000e+00,1.72000e-02,
5.5955839e-01,-0.00000e+00,1.60000e-02,
5.5985135e-01,2.00001e-01,1.64000e-02,
5.6014431e-01,-0.00000e+00,1.76000e-02,
5.6043726e-01,2.00001e-01,1.60000e-02,
5.6073022e-01,2.00001e-01,1.52000e-02,
5.6102318e-01,-0.00000e+00,1.68000e-02,
5.6131613e-01,-0.00000e+00,1.60000e-02,
5.6160909e-01,2.00001e-01,1.64000e-02,
5.6190205e-01,-0.00000e+00,1.60000e-02,
5.6219500e-01,-0.00000e+00,1.68000e-02,
5.6248796e-01,2.00001e-01,1.52000e-02,
5.6278092e-01,2.00001e-01,1.68000e-02,
5.6307387e-01,-0.00000e+00,1.60000e-02,
5.6336683e-01,-0.00000e+00,1.84000e-02,
5.6365979e-01,-0.00000e+00,1.68000e-02,
5.6395274e-01,-0.00000e+00,1.44000e-02,
5.6424570e-01,-0.00000e+00,1.48000e-02,
5.6453866e-01,2.00001e-01,1.60000e-02,
5.6483161e-01,-0.00000e+00,1.56000e-02,
5.6512457e-01,2.00001e-01,1.56000e-02,
5.6541753e-01,-0.00000e+00,1.56000e-02,
5.6571048e-01,-0.00000e+00,1.56000e-02,
5.6600344e-01,2.00001e-01,1.60000e-02,
5.6629640e-01,2.00001e-01,1.68000e-02,
5.6658936e-01,-0.00000e+00,2.00000e-02,
5.6688231e-01,2.00001e-01,1.60000e-02,
5.6717527e-01,-0.00000e+00,1.60000e-02,
5.6746823e-01,2.00001e-01,1.72000e-02,
5.6776118e-01,2.00001e-01,1.56000e-02,
5.6805414e-01,-0.00000e+00,1.64000e-02,
5.6834710e-01,-0.00000e+00,1.56000e-02,
5.6864005e-01,-0.00000e+00,1.44000e-02,
5.6893301e-01,-0.00000e+00,1.52000e-02,
5.6922597e-01,2.00001e-01,1.60000e-02,
5.6951892e-01,-0.00000e+00,1.60000e-02,
5.6981188e-01,-0.00000e+00,1.28000e-02,
5.7010484e-01,2.00001e-01,1.64000e-02,
5.7039779e-01,-0.00000e+00,1.52000e-02,
5.7069075e-01,2.00001e-01,1.32000e-02,
5.7098371e-01,-0.00000e+00,1.56000e-02,
5.7127666e-01,2.00001e-01,1.68000e-02,
5.7156962e-01,-0.00000e+00,1.56000e-02,
5.7186258e-01,-0.00000e+00,1.56000e-02,
5.7215554e-01,-0.00000e+00,1.64000e-02,
5.7244849e-01,2.00001e-01,1.64000e-02,
5.7274145e-01,-0.00000e+00,1.92000e-02,
5.7303441e-01,-0.00000e+00,1.40000e-02,
5.7332736e-01,-0.00000e+00,1.60000e-02,
5.7362032e-01,-0.00000e+00,1.56000e-02,
5.7391328e-01,-0.00000e+00,1.44000e-02,
5.7420623e-01,2.00001e-01,1.56000e-02,
5.7449919e-01,-0.00000e+00,1.56000e-02,
5.7479215e-01,-0.00000e+00,1.60000e-02,
5.7508510e-01,2.00001e-01,1.60000e-02,
5.7537806e-01,-0.00000e+00,1.56000e-02,
5.7567102e-01,-0.00000e+00,1.64000e-02,
5.7596397e-01,2.00001e-01,1.44000e-02,
5.7625693e-01,-0.00000e+00,1.84000e-02,
5.7654989e-01,-0.00000e+00,1.56000e-02,
5.7684284e-01,-0.00000e+00,1.44000e-02,
5.7713580e-01,2.00001e-01,1.60000e-02,
5.7742876e-01,-0.00000e+00,1.60000e-02,
5.7772171e-01,2.00001e-01,1.44000e-02,
5.7801467e-01,-0.00000e+00,1.56000e-02,
5.7830763e-01,2.00001e-01,1.56000e-02,
5.7860059e-01,2.00001e-01,1.56000e-02,
5.7889354e-01,-0.00000e+00,1.56000e-02,
5.7918650e-01,-0.00000e+00,1.56000e-02,
5.7947946e-01,2.00001e-01,1.56000e-02,
5.7977241e-01,2.00001e-01,1.52000e-02,
5.8006537e-01,-0.00000e+00,1.56000e-02,
5.8035833e-01,-0.00000e+00,1.36000e-02,
5.8065128e-01,-0.00000e+00,1.60000e-02,
5.8094424e-01,-0.00000e+00,1.52000e-02,
5.8123720e-01,2.00001e-01,1.48000e-02,
5.8153015e-01,2.00001e-01,1.60000e-02,
5.8182311e-01,2.00001e-01,1.24000e-02,
5.8211607e-01,2.00001e-01,1.60000e-02,
5.8240902e-01,-0.00000e+00,1.40000e-02,
5.8270198e-01,-0.00000e+00,1.44000e-02,
5.8299494e-01,-0.00000e+00,1.52000e-02,
5.8328789e-01,2.00001e-01,1.60000e-02,
5.8358085e-01,2.00001e-01,1.48000e-02,
5.8387381e-01,2.00001e-01,1.44000e-02,
5.8416677e-01,2.00001e-01,1.48000e-02,
5.8445972e-01,2.00001e-01,1.52000e-02,
5.8475268e-01,2.00001e-01,1.68000e-02,
5.8504564e-01,2.00001e-01,1.52000e-02,
5.8533859e-01,-0.00000e+00,1.52000e-02,
5.8563155e-01,2.00001e-01,1.48000e-02,
5.8592451e-01,2.00001e-01,1.28000e-02,
5.8621746e-01,-0.00000e+00,1.40000e-02,
5.8651042e-01,2.00001e-01,1.56000e-02,
5.8680338e-01,2.00001e-01,1.56000e-02,
5.8709633e-01,-0.00000e+00,1.60000e-02,
5.8738929e-01,2.00001e-01,1.44000e-02,
5.8768225e-01,2.00001e-01,1.60000e-02,
5.8797520e-01,-0.00000e+00,1.44000e-02,
5.8826816e-01,-0.00000e+00,1.60000e-02,
5.8856112e-01,-0.00000e+00,1.44000e-02,
5.8885407e-01,-0.00000e+00,1.40000e-02,
5.8914703e-01,2.00001e-01,1.44000e-02,
5.8943999e-01,2.00001e-01,1.56000e-02,
5.8973294e-01,2.00001e-01,1.44000e-02,
5.9002590e-01,-0.00000e+00,1.52000e-02,
5.9031886e-01,2.00001e-01,1.44000e-02,
5.9061182e-01,2.00001e-01,1.52000e-02,
5.9090477e-01,-0.00000e+00,1.52000e-02,
5.9119773e-01,2.00001e-01,1.36000e-02,
5.9149069e-01,2.00001e-01,1.52000e-02,
5.9178364e-01,-0.00000e+00,1.44000e-02,
5.9207660e-01,-0.00000e+00,1.52000e-02,
5.9236956e-01,-0.00000e+00,1.48000e-02,
5.9266251e-01,-0.00000e+00,1.40000e-02,
5.9295547e-01,2.00001e-01,1.44000e-02,
5.9324843e-01,-0.00000e+00,1.40000e-02,
5.9354138e-01,2.00001e-01,1.40000e-02,
5.9383434e-01,-0.00000e+00,1.56000e-02,
5.9412730e-01,2.00001e-01,1.44000e-02,
5.9442025e-01,-0.00000e+00,1.28000e-02,
5.9471321e-01,2.00001e-01,1.60000e-02,
5.9500617e-01,2.00001e-01,1.40000e-02,
5.9529912e-01,2.00001e-01,1.36000e-02,
5.9559208e-01,2.00001e-01,1.44000e-02,
5.9588504e-01,2.00001e-01,1.44000e-02,
5.9617800e-01,-0.00000e+00,1.48000e-02,
5.9647095e-01,-0.00000e+00,1.44000e-02,
5.9676391e-01,-0.00000e+00,1.44000e-02,
5.9705687e-01,2.00001e-01,1.44000e-02,
5.9734982e-01,2.00001e-01,1.36000e-02,
5.9764278e-01,-0.00000e+00,1.52000e-02,
5.9793574e-01,-0.00000e+00,1.36000e-02,
5.9822869e-01,-0.00000e+00,1.28000e-02,
5.9852165e-01,-0.00000e+00,1.32000e-02,
5.9881461e-01,-0.00000e+00,1.48000e-02,
5.9910756e-01,2.00001e-01,1.44000e-02,
5.9940052e-01,-0.00000e+00,1.36000e-02,
5.9969348e-01,-0.00000e+00,1.44000e-02,
5.9998643e-01,-0.00000e+00,1.44000e-02,
6.0027939e-01,2.00001e-01,1.56000e-02,
6.0057235e-01,-0.00000e+00,1.40000e-02,
6.0086530e-01,-0.00000e+00,1.48000e-02,
6.0115826e-01,2.00001e-01,1.52000e-02,
6.0145122e-01,-0.00000e+00,1.48000e-02,
6.0174417e-01,2.00001e-01,1.56000e-02,
6.0203713e-01,2.00001e-01,1.44000e-02,
6.0233009e-01,-0.00000e+00,1.36000e-02,
6.0262305e-01,-0.00000e+00,1.44000e-02,
6.0291600e-01,-0.00000e+00,1.44000e-02,
6.0320896e-01,-0.00000e+00,1.48000e-02,
6.0350192e-01,2.00001e-01,1.60000e-02,
6.0379487e-01,-0.00000e+00,1.44000e-02,
6.0408783e-01,-0.00000e+00,1.52000e-02,
6.0438079e-01,2.00001e-01,1.44000e-02,
6.0467374e-01,2.00001e-01,1.44000e-02,
6.0496670e-01,-0.00000e+00,1.60000e-02,
6.0525966e-01,2.00001e-01,1.36000e-02,
6.0555261e-01,2.00001e-01,1.36000e-02,
6.0584557e-01,2.00001e-01,1.36000e-02,
6.0613853e-01,-0.00000e+00,1.44000e-02,
6.0643148e-01,-0.00000e+00,1.44000e-02,
6.0672444e-01,2.00001e-01,1.36000e-02,
6.0701740e-01,2.00001e-01,1.48000e-02,
6.0731035e-01,2.00001e-01,1.40000e-02,
6.0760331e-01,-0.00000e+00,1.44000e-02,
6.0789627e-01,-0.00000e+00,1.44000e-02,
6.0818923e-01,2.00001e-01,1.40000e-02,
6.0848218e-01,-0.00000e+00,1.40000e-02,
6.0877514e-01,2.00001e-01,1.48000e-02,
6.0906810e-01,-0.00000e+00,1.44000e-02,
6.0936105e-01,-0.00000e+00,1.44000e-02,
6.0965401e-01,2.00001e-01,1.36000e-02,
6.0994697e-01,-0.00000e+00,1.48000e-02,
6.1023992e-01,2.00001e-01,1.40000e-02,
6.1053288e-01,2.00001e-01,1.40000e-02,
6.1082584e-01,-0.00000e+00,1.44000e-02,
6.1111879e-01,-0.00000e+00,1.44000e-02,
6.1141175e-01,2.00001e-01,1.24000e-02,
6.1170471e-01,2.00001e-01,1.44000e-02,
6.1199766e-01,2.00001e-01,1.44000e-02,
6.1229062e-01,-0.00000e+00,1.44000e-02,
6.1258358e-01,-0.00000e+00,1.44000e-02,
6.1287653e-01,-0.00000e+00,1.36000e-02,
6.1316949e-01,2.00001e-01,1.48000e-02,
6.1346245e-01,-0.00000e+00,1.48000e-02,
6.1375540e-01,-0.00000e+00,1.36000e-02,
6.1404836e-01,2.00001e-01,1.44000e-02,
6.1434132e-01,2.00001e-01,1.40000e-02,
6.1463428e-01,2.00001e-01,1.44000e-02,
6.1492723e-01,2.00001e-01,8.00000e-03,
6.1522019e-01,2.00001e-01,1.44000e-02,
6.1551315e-01,2.00001e-01,1.36000e-02,
6.1580610e-01,-0.00000e+00,1.52000e-02,
6.1609906e-01,-0.00000e+00,1.40000e-02,
6.1639202e-01,-0.00000e+00,1.44000e-02,
6.1668497e-01,-0.00000e+00,1.36000e-02,
6.1697793e-01,-0.00000e+00,1.36000e-02,
6.1727089e-01,2.00001e-01,1.32000e-02,
6.1756384e-01,-0.00000e+00,1.60000e-02,
6.1785680e-01,-0.00000e+00,1.28000e-02,
6.1814976e-01,-0.00000e+00,1.52000e-02,
6.1844271e-01,-0.00000e+00,1.48000e-02,
6.1873567e-01,2.00001e-01,1.44000e-02,
6.1902863e-01,-0.00000e+00,1.40000e-02,
6.1932158e-01,2.00001e-01,1.40000e-02,
6.1961454e-01,2.00001e-01,1.68000e-02,
6.1990750e-01,2.00001e-01,1.44000e-02,
6.2020046e-01,-0.00000e+00,1.56000e-02,
6.2049341e-01,2.00001e-01,1.52000e-02,
6.2078637e-01,2.00001e-01,1.56000e-02,
6.2107933e-01,2.00001e-01,1.76000e-02,
6.2137228e-01,2.00001e-01,1.48000e-02,
6.2166524e-01,-0.00000e+00,1.48000e-02,
6.2195820e-01,-0.00000e+00,1.48000e-02,
6.2225115e-01,-0.00000e+00,1.60000e-02,
6.2254411e-01,-0.00000e+00,1.48000e-02,
6.2283707e-01,-0.00000e+00,1.60000e-02,
6.2313002e-01,-0.00000e+00,1.52000e-02,
6.2342298e-01,-0.00000e+00,1.60000e-02,
6.2371594e-01,2.00001e-01,1.68000e-02,
6.2400889e-01,-0.00000e+00,1.52000e-02,
6.2430185e-01,-0.00000e+00,1.72000e-02,
6.2459481e-01,-0.00000e+00,1.32000e-02,
6.2488776e-01,2.00001e-01,1.56000e-02,
6.2518072e-01,-0.00000e+00,1.60000e-02,
6.2547368e-01,-0.00000e+00,1.60000e-02,
6.2576663e-01,-0.00000e+00,1.60000e-02,
6.2605959e-01,-0.00000e+00,1.60000e-02,
6.2635255e-01,2.00001e-01,1.60000e-02,
6.2664551e-01,-0.00000e+00,1.68000e-02,
6.2693846e-01,2.00001e-01,1.52000e-02,
6.2723142e-01,2.00001e-01,1.28000e-02,
6.2752438e-01,2.00001e-01,1.76000e-02,
6.2781733e-01,2.00001e-01,1.72000e-02,
6.2811029e-01,2.00001e-01,1.72000e-02,
6.2840325e-01,-0.00000e+00,1.64000e-02,
6.2869620e-01,2.00001e-01,1.68000e-02,
6.2898916e-01,2.00001e-01,1.76000e-02,
6.2928212e-01,2.00001e-01,1.68000e-02,
6.2957507e-01,2.00001e-01,1.64000e-02,
6.2986803e-01,-0.00000e+00,1.68000e-02,
6.3016099e-01,2.00001e-01,1.52000e-02,
6.3045394e-01,2.00001e-01,1.60000e-02,
6.3074690e-01,2.00001e-01,1.72000e-02,
6.3103986e-01,2.00001e-01,1.60000e-02,
6.3133281e-01,2.00001e-01,1.60000e-02,
6.3162577e-01,2.00001e-01,1.76000e-02,
6.3191873e-01,-0.00000e+00,1.76000e-02,
6.3221169e-01,2.00001e-01,1.76000e-02,
6.3250464e-01,-0.00000e+00,1.76000e-02,
6.3279760e-01,2.00001e-01,1.76000e-02,
6.3309056e-01,-0.00000e+00,1.68000e-02,
6.3338351e-01,2.00001e-01,1.76000e-02,
6.3367647e-01,-0.00000e+00,1.76000e-02,
6.3396943e-01,2.00001e-01,1.80000e-02,
6.3426238e-01,2.00001e-01,1.60000e-02,
6.3455534e-01,-0.00000e+00,1.76000e-02,
6.3484830e-01,-0.00000e+00,1.68000e-02,
6.3514125e-01,-0.00000e+00,1.76000e-02,
6.3543421e-01,2.00001e-01,1.72000e-02,
6.3572717e-01,2.00001e-01,1.76000e-02,
6.3602012e-01,-0.00000e+00,1.68000e-02,
6.3631308e-01,2.00001e-01,1.60000e-02,
6.3660604e-01,-0.00000e+00,1.60000e-02,
6.3689899e-01,-0.00000e+00,1.28000e-02,
6.3719195e-01,2.00001e-01,1.60000e-02,
6.3748491e-01,2.00001e-01,1.60000e-02,
6.3777786e-01,-0.00000e+00,2.00000e-02,
6.3807082e-01,2.00001e-01,1.76000e-02,
6.3836378e-01,2.00001e-01,1.76000e-02,
6.3865674e-01,2.00001e-01,1.64000e-02,
6.3894969e-01,2.00001e-01,1.76000e-02,
6.3924265e-01,-0.00000e+00,1.60000e-02,
6.3953561e-01,-0.00000e+00,1.76000e-02,
6.3982856e-01,-0.00000e+00,1.76000e-02,
6.4012152e-01,-0.00000e+00,1.92000e-02,
6.4041448e-01,2.00001e-01,1.72000e-02,
6.4070743e-01,2.00001e-01,1.72000e-02,
6.4100039e-01,-0.00000e+00,1.72000e-02,
6.4129335e-01,2.00001e-01,1.76000e-02,
6.4158630e-01,-0.00000e+00,1.76000e-02,
6.4187926e-01,2.00001e-01,1.68000e-02,
6.4217222e-01,-0.00000e+00,1.76000e-02,
6.4246517e-01,2.00001e-01,1.68000e-02,
6.4275813e-01,2.00001e-01,1.60000e-02,
6.4305109e-01,-0.00000e+00,1.84000e-02,
6.4334404e-01,-0.00000e+00,1.84000e-02,
6.4363700e-01,-0.00000e+00,1.72000e-02,
6.4392996e-01,2.00001e-01,1.68000e-02,
6.4422292e-01,-0.00000e+00,1.84000e-02,
6.4451587e-01,-0.00000e+00,1.68000e-02,
6.4480883e-01,-0.00000e+00,1.84000e-02,
6.4510179e-01,-0.00000e+00,1.72000e-02,
6.4539474e-01,2.00001e-01,1.72000e-02,
6.4568770e-01,-0.00000e+00,1.72000e-02,
6.4598066e-01,-0.00000e+00,1.68000e-02,
6.4627361e-01,2.00001e-01,1.60000e-02,
6.4656657e-01,-0.00000e+00,1.76000e-02,
6.4685953e-01,-0.00000e+00,1.68000e-02,
6.4715248e-01,-0.00000e+00,1.72000e-02,
6.4744544e-01,-0.00000e+00,1.60000e-02,
6.4773840e-01,-0.00000e+00,1.76000e-02,
6.4803135e-01,-0.00000e+00,1.68000e-02,
6.4832431e-01,-0.00000e+00,1.68000e-02,
6.4861727e-01,2.00001e-01,1.92000e-02,
6.4891022e-01,2.00001e-01,1.72000e-02,
6.4920318e-01,2.00001e-01,1.60000e-02,
6.4949614e-01,2.00001e-01,1.84000e-02,
6.4978909e-01,2.00001e-01,1.76000e-02,
6.5008205e-01,2.00001e-01,1.84000e-02,
6.5037501e-01,2.00001e-01,1.68000e-02,
6.5066797e-01,-0.00000e+00,1.68000e-02,
6.5096092e-01,-0.00000e+00,1.64000e-02,
6.5125388e-01,-0.00000e+00,1.72000e-02,
6.5154684e-01,-0.00000e+00,1.72000e-02,
6.5183979e-01,-0.00000e+00,2.04000e-02,
6.5213275e-01,2.00001e-01,1.60000e-02,
6.5242571e-01,-0.00000e+00,1.64000e-02,
6.5271866e-01,-0.00000e+00,1.68000e-02,
6.5301162e-01,-0.00000e+00,1.68000e-02,
6.5330458e-01,-0.00000e+00,1.76000e-02,
6.5359753e-01,-0.00000e+00,1.68000e-02,
6.5389049e-01,2.00001e-01,1.56000e-02,
6.5418345e-01,-0.00000e+00,1.60000e-02,
6.5447640e-01,2.00001e-01,1.52000e-02,
6.5476936e-01,2.00001e-01,1.80000e-02,
6.5506232e-01,2.00001e-01,1.68000e-02,
6.5535527e-01,2.00001e-01,1.76000e-02,
6.5564823e-01,2.00001e-01,1.84000e-02,
6.5594119e-01,2.00001e-01,1.56000e-02,
6.5623415e-01,-0.00000e+00,1.72000e-02,
6.5652710e-01,-0.00000e+00,1.60000e-02,
6.5682006e-01,2.00001e-01,1.76000e-02,
6.5711302e-01,2.00001e-01,1.72000e-02,
6.5740597e-01,-0.00000e+00,1.68000e-02,
6.5769893e-01,-0.00000e+00,1.52000e-02,
6.5799189e-01,2.00001e-01,1.64000e-02,
6.5828484e-01,2.00001e-01,1.44000e-02,
6.5857780e-01,-0.00000e+00,1.40000e-02,
6.5887076e-01,-0.00000e+00,1.56000e-02,
6.5916371e-01,-0.00000e+00,1.56000e-02,
6.5945667e-01,-0.00000e+00,1.60000e-02,
6.5974963e-01,-0.00000e+00,1.68000e-02,
6.6004258e-01,2.00001e-01,1.60000e-02,
6.6033554e-01,2.00001e-01,1.64000e-02,
6.6062850e-01,-0.00000e+00,1.72000e-02,
6.6092145e-01,2.00001e-01,1.68000e-02,
6.6121441e-01,2.00001e-01,1.60000e-02,
6.6150737e-01,2.00001e-01,1.64000e-02,
6.6180032e-01,-0.00000e+00,1.60000e-02,
6.6209328e-01,2.00001e-01,1.68000e-02,
6.6238624e-01,2.00001e-01,1.84000e-02,
6.6267920e-01,2.00001e-01,1.56000e-02,
6.6297215e-01,2.00001e-01,1.60000e-02,
6.6326511e-01,-0.00000e+00,1.60000e-02,
6.6355807e-01,-0.00000e+00,1.52000e-02,
6.6385102e-01,2.00001e-01,1.60000e-02,
6.6414398e-01,-0.00000e+00,1.60000e-02,
6.6443694e-01,-0.00000e+00,1.60000e-02,
6.6472989e-01,-0.00000e+00,1.60000e-02,
6.6502285e-01,2.00001e-01,1.56000e-02,
6.6531581e-01,-0.00000e+00,1.80000e-02,
6.6560876e-01,-0.00000e+00,1.60000e-02,
6.6590172e-01,2.00001e-01,1.56000e-02,
6.6619468e-01,-0.00000e+00,1.68000e-02,
6.6648763e-01,-0.00000e+00,1.48000e-02,
6.6678059e-01,2.00001e-01,1.52000e-02,
6.6707355e-01,2.00001e-01,1.44000e-02,
6.6736650e-01,2.00001e-01,1.52000e-02,
6.6765946e-01,2.00001e-01,1.56000e-02,
6.6795242e-01,2.00001e-01,1.68000e-02,
6.6824538e-01,-0.00000e+00,1.76000e-02,
6.6853833e-01,2.00001e-01,1.68000e-02,
6.6883129e-01,-0.00000e+00,1.60000e-02,
6.6912425e-01,2.00001e-01,1.68000e-02,
6.6941720e-01,2.00001e-01,1.60000e-02,
6.6971016e-01,-0.00000e+00,1.44000e-02,
6.7000312e-01,-0.00000e+00,1.52000e-02,
6.7029607e-01,-0.00000e+00,1.56000e-02,
6.7058903e-01,-0.00000e+00,1.52000e-02,
6.7088199e-01,-0.00000e+00,1.44000e-02,
6.7117494e-01,2.00001e-01,1.52000e-02,
6.7146790e-01,-0.00000e+00,1.52000e-02,
6.7176086e-01,-0.00000e+00,1.52000e-02,
6.7205381e-01,2.00001e-01,1.88000e-02,
6.7234677e-01,-0.00000e+00,1.56000e-02,
6.7263973e-01,-0.00000e+00,1.60000e-02,
6.7293268e-01,-0.00000e+00,1.68000e-02,
6.7322564e-01,2.00001e-01,1.60000e-02,
6.7351860e-01,-0.00000e+00,1.76000e-02,
6.7381155e-01,2.00001e-01,1.76000e-02,
6.7410451e-01,-0.00000e+00,1.52000e-02,
6.7439747e-01,2.00001e-01,1.44000e-02,
6.7469043e-01,2.00001e-01,1.60000e-02,
6.7498338e-01,-0.00000e+00,1.36000e-02,
6.7527634e-01,-0.00000e+00,1.52000e-02,
6.7556930e-01,2.00001e-01,1.60000e-02,
6.7586225e-01,2.00001e-01,1.56000e-02,
6.7615521e-01,2.00001e-01,1.52000e-02,
6.7644817e-01,-0.00000e+00,1.52000e-02,
6.7674112e-01,-0.00000e+00,1.60000e-02,
6.7703408e-01,2.00001e-01,1.68000e-02,
6.7732704e-01,2.00001e-01,1.60000e-02,
6.7761999e-01,-0.00000e+00,1.60000e-02,
6.7791295e-01,-0.00000e+00,1.52000e-02,
6.7820591e-01,2.00001e-01,1.44000e-02,
6.7849886e-01,-0.00000e+00,1.44000e-02,
6.7879182e-01,2.00001e-01,1.56000e-02,
6.7908478e-01,-0.00000e+00,1.48000e-02,
6.7937773e-01,2.00001e-01,1.56000e-02,
6.7967069e-01,2.00001e-01,1.60000e-02,
6.7996365e-01,2.00001e-01,1.56000e-02,
6.8025661e-01,2.00001e-01,1.60000e-02,
6.8054956e-01,2.00001e-01,1.52000e-02,
6.8084252e-01,-0.00000e+00,1.60000e-02,
6.8113548e-01,-0.00000e+00,1.52000e-02,
6.8142843e-01,-0.00000e+00,1.56000e-02,
6.8172139e-01,-0.00000e+00,1.60000e-02,
6.8201435e-01,-0.00000e+00,1.60000e-02,
6.8230730e-01,-0.00000e+00,1.48000e-02,
6.8260026e-01,-0.00000e+00,1.60000e-02,
6.8289322e-01,-0.00000e+00,1.60000e-02,
6.8318617e-01,2.00001e-01,1.44000e-02,
6.8347913e-01,2.00001e-01,1.24000e-02,
6.8377209e-01,-0.00000e+00,1.52000e-02,
6.8406504e-01,-0.00000e+00,1.52000e-02,
6.8435800e-01,2.00001e-01,1.56000e-02,
6.8465096e-01,2.00001e-01,1.60000e-02,
6.8494391e-01,2.00001e-01,1.60000e-02,
6.8523687e-01,-0.00000e+00,1.60000e-02,
6.8552983e-01,-0.00000e+00,1.68000e-02,
6.8582278e-01,-0.00000e+00,1.60000e-02,
6.8611574e-01,-0.00000e+00,1.64000e-02,
6.8640870e-01,2.00001e-01,1.60000e-02,
6.8670166e-01,2.00001e-01,1.60000e-02,
6.8699461e-01,2.00001e-01,1.56000e-02,
6.8728757e-01,2.00001e-01,1.28000e-02,
6.8758053e-01,-0.00000e+00,1.52000e-02,
6.8787348e-01,-0.00000e+00,1.56000e-02,
6.8816644e-01,-0.00000e+00,1.56000e-02,
6.8845940e-01,2.00001e-01,1.68000e-02,
6.8875235e-01,-0.00000e+00,1.64000e-02,
6.8904531e-01,-0.00000e+00,1.60000e-02,
6.8933827e-01,2.00001e-01,1.72000e-02,
6.8963122e-01,-0.00000e+00,1.64000e-02,
6.8992418e-01,2.00001e-01,1.60000e-02,
6.9021714e-01,2.00001e-01,1.76000e-02,
6.9051009e-01,-0.00000e+00,1.60000e-02,
6.9080305e-01,-0.00000e+00,1.72000e-02,
6.9109601e-01,2.00001e-01,1.68000e-02,
6.9138896e-01,-0.00000e+00,1.68000e-02,
6.9168192e-01,-0.00000e+00,1.72000e-02,
6.9197488e-01,2.00001e-01,1.80000e-02,
6.9226784e-01,2.00001e-01,1.84000e-02,
6.9256079e-01,-0.00000e+00,1.72000e-02,
6.9285375e-01,2.00001e-01,1.84000e-02,
6.9314671e-01,2.00001e-01,1.76000e-02,
6.9343966e-01,-0.00000e+00,1.72000e-02,
6.9373262e-01,-0.00000e+00,1.64000e-02,
6.9402558e-01,-0.00000e+00,1.76000e-02,
6.9431853e-01,2.00001e-01,1.68000e-02,
6.9461149e-01,2.00001e-01,1.60000e-02,
6.9490445e-01,2.00001e-01,1.60000e-02,
6.9519740e-01,2.00001e-01,1.52000e-02,
6.9549036e-01,2.00001e-01,1.60000e-02,
6.9578332e-01,2.00001e-01,1.60000e-02,
6.9607627e-01,2.00001e-01,1.84000e-02,
6.9636923e-01,-0.00000e+00,1.72000e-02,
6.9666219e-01,2.00001e-01,1.80000e-02,
6.9695514e-01,-0.00000e+00,1.76000e-02,
6.9724810e-01,2.00001e-01,1.76000e-02,
6.9754106e-01,2.00001e-01,1.84000e-02,
6.9783401e-01,-0.00000e+00,1.68000e-02,
6.9812697e-01,2.00001e-01,1.88000e-02,
6.9841993e-01,-0.00000e+00,1.72000e-02,
6.9871289e-01,2.00001e-01,1.64000e-02,
6.9900584e-01,2.00001e-01,1.72000e-02,
6.9929880e-01,2.00001e-01,1.92000e-02,
6.9959176e-01,-0.00000e+00,1.88000e-02,
6.9988471e-01,-0.00000e+00,1.76000e-02,
7.0017767e-01,-0.00000e+00,1.76000e-02,
7.0047063e-01,-0.00000e+00,1.80000e-02,
7.0076358e-01,2.00001e-01,1.88000e-02,
7.0105654e-01,-0.00000e+00,1.72000e-02,
7.0134950e-01,-0.00000e+00,1.80000e-02,
7.0164245e-01,-0.00000e+00,1.76000e-02,
7.0193541e-01,-0.00000e+00,1.80000e-02,
7.0222837e-01,2.00001e-01,2.48000e-02,
7.0252132e-01,-0.00000e+00,1.72000e-02,
7.0281428e-01,-0.00000e+00,1.84000e-02,
7.0310724e-01,2.00001e-01,1.76000e-02,
7.0340019e-01,2.00001e-01,1.72000e-02,
7.0369315e-01,2.00001e-01,1.84000e-02,
7.0398611e-01,2.00001e-01,1.76000e-02,
7.0427907e-01,2.00001e-01,1.76000e-02,
7.0457202e-01,-0.00000e+00,1.60000e-02,
7.0486498e-01,-0.00000e+00,1.88000e-02,
7.0515794e-01,2.00001e-01,1.84000e-02,
7.0545089e-01,-0.00000e+00,1.76000e-02,
7.0574385e-01,-0.00000e+00,1.76000e-02,
7.0603681e-01,-0.00000e+00,1.76000e-02,
7.0632976e-01,-0.00000e+00,1.80000e-02,
7.0662272e-01,2.00001e-01,1.76000e-02,
7.0691568e-01,2.00001e-01,1.76000e-02,
7.0720863e-01,2.00001e-01,1.76000e-02,
7.0750159e-01,2.00001e-01,1.72000e-02,
7.0779455e-01,2.00001e-01,1.72000e-02,
7.0808750e-01,2.00001e-01,1.68000e-02,
7.0838046e-01,2.00001e-01,1.76000e-02,
7.0867342e-01,2.00001e-01,1.92000e-02,
7.0896637e-01,2.00001e-01,1.72000e-02,
7.0925933e-01,-0.00000e+00,1.76000e-02,
7.0955229e-01,2.00001e-01,1.72000e-02,
7.0984524e-01,-0.00000e+00,1.88000e-02,
7.1013820e-01,2.00001e-01,1.92000e-02,
7.1043116e-01,2.00001e-01,1.64000e-02,
7.1072412e-01,2.00001e-01,1.72000e-02,
7.1101707e-01,-0.00000e+00,1.60000e-02,
7.1131003e-01,2.00001e-01,1.76000e-02,
7.1160299e-01,2.00001e-01,1.76000e-02,
7.1189594e-01,2.00001e-01,1.64000e-02,
7.1218890e-01,2.00001e-01,1.76000e-02,
7.1248186e-01,-0.00000e+00,1.76000e-02,
7.1277481e-01,2.00001e-01,1.84000e-02,
7.1306777e-01,-0.00000e+00,1.84000e-02,
7.1336073e-01,-0.00000e+00,1.72000e-02,
7.1365368e-01,2.00001e-01,1.84000e-02,
7.1394664e-01,-0.00000e+00,1.76000e-02,
7.1423960e-01,-0.00000e+00,1.68000e-02,
7.1453255e-01,2.00001e-01,1.68000e-02,
7.1482551e-01,-0.00000e+00,1.64000e-02,
7.1511847e-01,2.00001e-01,1.76000e-02,
7.1541142e-01,-0.00000e+00,1.72000e-02,
7.1570438e-01,2.00001e-01,1.72000e-02,
7.1599734e-01,-0.00000e+00,1.60000e-02,
7.1629030e-01,2.00001e-01,1.76000e-02,
7.1658325e-01,2.00001e-01,1.92000e-02,
7.1687621e-01,2.00001e-01,1.72000e-02,
7.1716917e-01,2.00001e-01,1.80000e-02,
7.1746212e-01,2.00001e-01,1.76000e-02,
7.1775508e-01,-0.00000e+00,1.76000e-02,
7.1804804e-01,2.00001e-01,1.72000e-02,
7.1834099e-01,-0.00000e+00,1.72000e-02,
7.1863395e-01,2.00001e-01,1.76000e-02,
7.1892691e-01,2.00001e-01,1.80000e-02,
7.1921986e-01,2.00001e-01,1.52000e-02,
7.1951282e-01,2.00001e-01,1.76000e-02,
7.1980578e-01,-0.00000e+00,1.84000e-02,
7.2009873e-01,2.00001e-01,1.72000e-02,
7.2039169e-01,2.00001e-01,1.72000e-02,
7.2068465e-01,2.00001e-01,1.72000e-02,
7.2097760e-01,2.00001e-01,1.76000e-02,
7.2127056e-01,-0.00000e+00,1.64000e-02,
7.2156352e-01,-0.00000e+00,1.76000e-02,
7.2185647e-01,-0.00000e+00,1.76000e-02,
7.2214943e-01,-0.00000e+00,1.76000e-02,
7.2244239e-01,-0.00000e+00,1.76000e-02,
7.2273535e-01,-0.00000e+00,1.84000e-02,
7.2302830e-01,-0.00000e+00,1.60000e-02,
7.2332126e-01,2.00001e-01,1.72000e-02,
7.2361422e-01,-0.00000e+00,1.72000e-02,
7.2390717e-01,2.00001e-01,1.76000e-02,
7.2420013e-01,-0.00000e+00,1.60000e-02,
7.2449309e-01,-0.00000e+00,1.84000e-02,
7.2478604e-01,-0.00000e+00,1.64000e-02,
7.2507900e-01,2.00001e-01,1.88000e-02,
7.2537196e-01,2.00001e-01,1.80000e-02,
7.2566491e-01,-0.00000e+00,2.00000e-02,
7.2595787e-01,-0.00000e+00,1.48000e-02,
7.2625083e-01,-0.00000e+00,1.64000e-02,
7.2654378e-01,-0.00000e+00,1.68000e-02,
7.2683674e-01,2.00001e-01,1.76000e-02,
7.2712970e-01,-0.00000e+00,1.60000e-02,
7.2742265e-01,2.00001e-01,1.60000e-02,
7.2771561e-01,2.00001e-01,1.68000e-02,
7.2800857e-01,-0.00000e+00,1.68000e-02,
7.2830153e-01,-0.00000e+00,1.68000e-02,
7.2859448e-01,2.00001e-01,1.64000e-02,
7.2888744e-01,-0.00000e+00,1.60000e-02,
7.2918040e-01,2.00001e-01,1.52000e-02,
7.2947335e-01,-0.00000e+00,1.64000e-02,
7.2976631e-01,-0.00000e+00,1.64000e-02,
7.3005927e-01,-0.00000e+00,1.68000e-02,
7.3035222e-01,2.00001e-01,1.68000e-02,
7.3064518e-01,-0.00000e+00,1.60000e-02,
7.3093814e-01,-0.00000e+00,1.80000e-02,
7.3123109e-01,-0.00000e+00,1.72000e-02,
7.3152405e-01,2.00001e-01,1.60000e-02,
7.3181701e-01,2.00001e-01,1.60000e-02,
7.3210996e-01,2.00001e-01,1.60000e-02,
7.3240292e-01,-0.00000e+00,1.56000e-02,
7.3269588e-01,2.00001e-01,1.60000e-02,
7.3298883e-01,2.00001e-01,1.64000e-02,
7.3328179e-01,2.00001e-01,1.72000e-02,
7.3357475e-01,-0.00000e+00,1.60000e-02,
7.3386770e-01,2.00001e-01,1.68000e-02,
7.3416066e-01,-0.00000e+00,1.72000e-02,
7.3445362e-01,-0.00000e+00,1.60000e-02,
7.3474658e-01,-0.00000e+00,1.68000e-02,
7.3503953e-01,-0.00000e+00,1.76000e-02,
7.3533249e-01,2.00001e-01,1.60000e-02,
7.3562545e-01,2.00001e-01,1.64000e-02,
7.3591840e-01,-0.00000e+00,1.28000e-02,
7.3621136e-01,-0.00000e+00,1.60000e-02,
7.3650432e-01,-0.00000e+00,1.64000e-02,
7.3679727e-01,-0.00000e+00,1.60000e-02,
7.3709023e-01,2.00001e-01,1.64000e-02,
7.3738319e-01,2.00001e-01,1.60000e-02,
7.3767614e-01,-0.00000e+00,1.72000e-02,
7.3796910e-01,2.00001e-01,1.76000e-02,
7.3826206e-01,-0.00000e+00,1.68000e-02,
7.3855501e-01,-0.00000e+00,1.80000e-02,
7.3884797e-01,-0.00000e+00,1.72000e-02,
7.3914093e-01,-0.00000e+00,1.76000e-02,
7.3943388e-01,2.00001e-01,1.60000e-02,
7.3972684e-01,-0.00000e+00,1.60000e-02,
7.4001980e-01,2.00001e-01,1.84000e-02,
7.4031276e-01,2.00001e-01,1.76000e-02,
7.4060571e-01,-0.00000e+00,1.80000e-02,
7.4089867e-01,2.00001e-01,1.68000e-02,
7.4119163e-01,-0.00000e+00,1.76000e-02,
7.4148458e-01,2.00001e-01,1.68000e-02,
7.4177754e-01,-0.00000e+00,1.76000e-02,
7.4207050e-01,-0.00000e+00,1.76000e-02,
7.4236345e-01,2.00001e-01,1.76000e-02,
7.4265641e-01,-0.00000e+00,1.76000e-02,
7.4294937e-01,2.00001e-01,1.84000e-02,
7.4324232e-01,2.00001e-01,1.84000e-02,
7.4353528e-01,2.00001e-01,1.76000e-02,
7.4382824e-01,2.00001e-01,1.76000e-02,
7.4412119e-01,2.00001e-01,1.88000e-02,
7.4441415e-01,-0.00000e+00,1.84000e-02,
7.4470711e-01,-0.00000e+00,1.80000e-02,
7.4500006e-01,2.00001e-01,1.80000e-02,
7.4529302e-01,-0.00000e+00,1.84000e-02,
7.4558598e-01,-0.00000e+00,1.84000e-02,
7.4587893e-01,-0.00000e+00,1.88000e-02,
7.4617189e-01,2.00001e-01,1.84000e-02,
7.4646485e-01,2.00001e-01,2.20000e-02,
7.4675781e-01,-0.00000e+00,1.80000e-02,
7.4705076e-01,-0.00000e+00,1.84000e-02,
7.4734372e-01,-0.00000e+00,1.92000e-02,
7.4763668e-01,-0.00000e+00,1.84000e-02,
7.4792963e-01,-0.00000e+00,1.76000e-02,
7.4822259e-01,2.00001e-01,1.84000e-02,
7.4851555e-01,2.00001e-01,1.76000e-02,
7.4880850e-01,2.00001e-01,1.84000e-02,
7.4910146e-01,-0.00000e+00,1.92000e-02,
7.4939442e-01,-0.00000e+00,1.76000e-02,
7.4968737e-01,-0.00000e+00,1.92000e-02,
7.4998033e-01,-0.00000e+00,1.72000e-02,
7.5027329e-01,2.00001e-01,1.84000e-02,
7.5056624e-01,-0.00000e+00,2.04000e-02,
7.5085920e-01,2.00001e-01,1.72000e-02,
7.5115216e-01,-0.00000e+00,1.84000e-02,
7.5144511e-01,2.00001e-01,1.96000e-02,
7.5173807e-01,-0.00000e+00,1.92000e-02,
7.5203103e-01,-0.00000e+00,1.68000e-02,
7.5232399e-01,-0.00000e+00,1.88000e-02,
7.5261694e-01,-0.00000e+00,1.88000e-02,
7.5290990e-01,-0.00000e+00,1.80000e-02,
7.5320286e-01,2.00001e-01,1.76000e-02,
7.5349581e-01,-0.00000e+00,1.80000e-02,
7.5378877e-01,2.00001e-01,1.52000e-02,
7.5408173e-01,2.00001e-01,1.88000e-02,
7.5437468e-01,2.00001e-01,1.88000e-02,
7.5466764e-01,2.00001e-01,1.84000e-02,
7.5496060e-01,-0.00000e+00,1.84000e-02,
7.5525355e-01,-0.00000e+00,1.88000e-02,
7.5554651e-01,2.00001e-01,1.96000e-02,
7.5583947e-01,-0.00000e+00,1.84000e-02,
7.5613242e-01,-0.00000e+00,1.72000e-02,
7.5642538e-01,2.00001e-01,1.80000e-02,
7.5671834e-01,-0.00000e+00,1.60000e-02,
7.5701129e-01,-0.00000e+00,1.72000e-02,
7.5730425e-01,-0.00000e+00,1.92000e-02,
7.5759721e-01,-0.00000e+00,1.80000e-02,
7.5789016e-01,-0.00000e+00,1.84000e-02,
7.5818312e-01,-0.00000e+00,1.80000e-02,
7.5847608e-01,-0.00000e+00,1.88000e-02,
7.5876904e-01,-0.00000e+00,1.60000e-02,
7.5906199e-01,-0.00000e+00,1.84000e-02,
7.5935495e-01,2.00001e-01,1.92000e-02,
7.5964791e-01,2.00001e-01,2.00000e-02,
7.5994086e-01,2.00001e-01,1.80000e-02,
7.6023382e-01,2.00001e-01,1.76000e-02,
7.6052678e-01,2.00001e-01,1.88000e-02,
7.6081973e-01,-0.00000e+00,1.80000e-02,
7.6111269e-01,-0.00000e+00,1.80000e-02,
7.6140565e-01,-0.00000e+00,1.92000e-02,
7.6169860e-01,-0.00000e+00,1.84000e-02,
7.6199156e-01,-0.00000e+00,1.80000e-02,
7.6228452e-01,-0.00000e+00,1.76000e-02,
7.6257747e-01,2.00001e-01,1.84000e-02,
7.6287043e-01,2.00001e-01,1.84000e-02,
7.6316339e-01,2.00001e-01,1.92000e-02,
7.6345634e-01,2.00001e-01,1.88000e-02,
7.6374930e-01,2.00001e-01,1.92000e-02,
7.6404226e-01,-0.00000e+00,1.76000e-02,
7.6433522e-01,2.00001e-01,1.76000e-02,
7.6462817e-01,-0.00000e+00,1.92000e-02,
7.6492113e-01,2.00001e-01,1.76000e-02,
7.6521409e-01,2.00001e-01,1.72000e-02,
7.6550704e-01,2.00001e-01,1.84000e-02,
7.6580000e-01,2.00001e-01,1.84000e-02,
7.6609296e-01,-0.00000e+00,1.84000e-02,
7.6638591e-01,-0.00000e+00,1.72000e-02,
7.6667887e-01,-0.00000e+00,1.80000e-02,
7.6697183e-01,2.00001e-01,1.88000e-02,
7.6726478e-01,2.00001e-01,1.92000e-02,
7.6755774e-01,-0.00000e+00,1.80000e-02,
7.6785070e-01,2.00001e-01,1.60000e-02,
7.6814365e-01,-0.00000e+00,1.76000e-02,
7.6843661e-01,-0.00000e+00,1.76000e-02,
7.6872957e-01,2.00001e-01,1.76000e-02,
7.6902252e-01,2.00001e-01,1.76000e-02,
7.6931548e-01,2.00001e-01,1.80000e-02,
7.6960844e-01,-0.00000e+00,1.80000e-02,
7.6990139e-01,-0.00000e+00,1.76000e-02,
7.7019435e-01,2.00001e-01,1.72000e-02,
7.7048731e-01,-0.00000e+00,1.60000e-02,
7.7078027e-01,-0.00000e+00,1.72000e-02,
7.7107322e-01,-0.00000e+00,1.84000e-02,
7.7136618e-01,-0.00000e+00,1.72000e-02,
7.7165914e-01,-0.00000e+00,1.76000e-02,
7.7195209e-01,-0.00000e+00,2.16000e-02,
7.7224505e-01,-0.00000e+00,1.84000e-02,
7.7253801e-01,-0.00000e+00,1.76000e-02,
7.7283096e-01,-0.00000e+00,1.84000e-02,
7.7312392e-01,-0.00000e+00,1.76000e-02,
7.7341688e-01,2.00001e-01,1.64000e-02,
7.7370983e-01,2.00001e-01,1.52000e-02,
7.7400279e-01,2.00001e-01,1.72000e-02,
7.7429575e-01,2.00001e-01,1.40000e-02,
7.7458870e-01,2.00001e-01,1.76000e-02,
7.7488166e-01,2.00001e-01,1.88000e-02,
7.7517462e-01,-0.00000e+00,2.16000e-02,
7.7546757e-01,-0.00000e+00,1.76000e-02,
7.7576053e-01,2.00001e-01,1.80000e-02,
7.7605349e-01,2.00001e-01,1.80000e-02,
7.7634645e-01,2.00001e-01,1.64000e-02,
7.7663940e-01,-0.00000e+00,1.68000e-02,
7.7693236e-01,2.00001e-01,1.76000e-02,
7.7722532e-01,2.00001e-01,1.76000e-02,
7.7751827e-01,-0.00000e+00,1.72000e-02,
7.7781123e-01,-0.00000e+00,1.72000e-02,
7.7810419e-01,-0.00000e+00,1.68000e-02,
7.7839714e-01,-0.00000e+00,1.72000e-02,
7.7869010e-01,2.00001e-01,1.60000e-02,
7.7898306e-01,-0.00000e+00,1.68000e-02,
7.7927601e-01,2.00001e-01,1.76000e-02,
7.7956897e-01,-0.00000e+00,1.80000e-02,
7.7986193e-01,-0.00000e+00,1.72000e-02,
7.8015488e-01,-0.00000e+00,1.48000e-02,
7.8044784e-01,2.00001e-01,1.88000e-02,
7.8074080e-01,2.00001e-01,1.76000e-02,
7.8103375e-01,-0.00000e+00,1.72000e-02,
7.8132671e-01,2.00001e-01,1.76000e-02,
7.8161967e-01,2.00001e-01,1.76000e-02,
7.8191262e-01,-0.00000e+00,1.88000e-02,
7.8220558e-01,2.00001e-01,1.76000e-02,
7.8249854e-01,-0.00000e+00,1.68000e-02,
7.8279150e-01,-0.00000e+00,1.92000e-02,
7.8308445e-01,-0.00000e+00,1.92000e-02,
7.8337741e-01,2.00001e-01,2.12000e-02,
7.8367037e-01,-0.00000e+00,1.76000e-02,
7.8396332e-01,2.00001e-01,1.84000e-02,
7.8425628e-01,-0.00000e+00,1.80000e-02,
7.8454924e-01,-0.00000e+00,1.92000e-02,
7.8484219e-01,-0.00000e+00,1.88000e-02,
7.8513515e-01,-0.00000e+00,1.76000e-02,
7.8542811e-01,2.00001e-01,1.88000e-02,
7.8572106e-01,2.00001e-01,1.76000e-02,
7.8601402e-01,2.00001e-01,1.80000e-02,
7.8630698e-01,-0.00000e+00,1.92000e-02,
7.8659993e-01,2.00001e-01,1.72000e-02,
7.8689289e-01,-0.00000e+00,1.84000e-02,
7.8718585e-01,2.00001e-01,1.76000e-02,
7.8747880e-01,-0.00000e+00,1.80000e-02,
7.8777176e-01,-0.00000e+00,1.76000e-02,
7.8806472e-01,-0.00000e+00,1.92000e-02,
7.8835768e-01,-0.00000e+00,1.72000e-02,
7.8865063e-01,2.00001e-01,1.88000e-02,
7.8894359e-01,2.00001e-01,1.88000e-02,
7.8923655e-01,2.00001e-01,1.84000e-02,
7.8952950e-01,2.00001e-01,2.08000e-02,
7.8982246e-01,2.00001e-01,1.72000e-02,
7.9011542e-01,-0.00000e+00,2.04000e-02,
7.9040837e-01,-0.00000e+00,1.88000e-02,
7.9070133e-01,-0.00000e+00,1.80000e-02,
7.9099429e-01,-0.00000e+00,1.88000e-02,
7.9128724e-01,-0.00000e+00,1.92000e-02,
7.9158020e-01,-0.00000e+00,1.92000e-02,
7.9187316e-01,-0.00000e+00,1.84000e-02,
7.9216611e-01,2.00001e-01,1.88000e-02,
7.9245907e-01,-0.00000e+00,1.84000e-02,
7.9275203e-01,-0.00000e+00,1.92000e-02,
7.9304498e-01,-0.00000e+00,2.24000e-02,
7.9333794e-01,-0.00000e+00,1.92000e-02,
7.9363090e-01,2.00001e-01,1.92000e-02,
7.9392385e-01,2.00001e-01,1.72000e-02,
7.9421681e-01,-0.00000e+00,1.84000e-02,
7.9450977e-01,-0.00000e+00,1.96000e-02,
7.9480273e-01,-0.00000e+00,1.88000e-02,
7.9509568e-01,-0.00000e+00,1.92000e-02,
7.9538864e-01,2.00001e-01,1.92000e-02,
7.9568160e-01,-0.00000e+00,1.96000e-02,
7.9597455e-01,-0.00000e+00,1.92000e-02,
7.9626751e-01,2.00001e-01,1.76000e-02,
7.9656047e-01,-0.00000e+00,1.88000e-02,
7.9685342e-01,2.00001e-01,2.16000e-02,
7.9714638e-01,2.00001e-01,1.76000e-02,
7.9743934e-01,2.00001e-01,1.60000e-02,
7.9773229e-01,-0.00000e+00,1.76000e-02,
7.9802525e-01,2.00001e-01,1.76000e-02,
7.9831821e-01,2.00001e-01,1.88000e-02,
7.9861116e-01,-0.00000e+00,1.88000e-02,
7.9890412e-01,2.00001e-01,1.84000e-02,
7.9919708e-01,2.00001e-01,1.88000e-02,
7.9949003e-01,-0.00000e+00,2.00000e-02,
7.9978299e-01,2.00001e-01,1.92000e-02,
8.0007595e-01,-0.00000e+00,1.92000e-02,
8.0036891e-01,2.00001e-01,1.76000e-02,
8.0066186e-01,-0.00000e+00,1.88000e-02,
8.0095482e-01,-0.00000e+00,1.80000e-02,
8.0124778e-01,-0.00000e+00,1.96000e-02,
8.0154073e-01,2.00001e-01,1.88000e-02,
8.0183369e-01,2.00001e-01,1.88000e-02,
8.0212665e-01,2.00001e-01,1.84000e-02,
8.0241960e-01,-0.00000e+00,1.84000e-02,
8.0271256e-01,-0.00000e+00,1.92000e-02,
8.0300552e-01,2.00001e-01,1.92000e-02,
8.0329847e-01,2.00001e-01,1.92000e-02,
8.0359143e-01,-0.00000e+00,1.84000e-02,
8.0388439e-01,-0.00000e+00,2.24000e-02,
8.0417734e-01,-0.00000e+00,1.84000e-02,
8.0447030e-01,-0.00000e+00,1.88000e-02,
8.0476326e-01,2.00001e-01,2.00000e-02,
8.0505621e-01,-0.00000e+00,1.76000e-02,
8.0534917e-01,-0.00000e+00,1.76000e-02,
8.0564213e-01,2.00001e-01,1.88000e-02,
8.0593508e-01,-0.00000e+00,1.88000e-02,
8.0622804e-01,-0.00000e+00,1.92000e-02,
8.0652100e-01,2.00001e-01,1.88000e-02,
8.0681396e-01,-0.00000e+00,1.84000e-02,
8.0710691e-01,2.00001e-01,1.92000e-02,
8.0739987e-01,-0.00000e+00,1.92000e-02,
8.0769283e-01,2.00001e-01,1.92000e-02,
8.0798578e-01,2.00001e-01,1.92000e-02,
8.0827874e-01,-0.00000e+00,1.80000e-02,
8.0857170e-01,-0.00000e+00,1.84000e-02,
8.0886465e-01,-0.00000e+00,1.92000e-02,
8.0915761e-01,2.00001e-01,1.80000e-02,
8.0945057e-01,2.00001e-01,1.60000e-02,
8.0974352e-01,-0.00000e+00,1.88000e-02,
8.1003648e-01,2.00001e-01,1.80000e-02,
8.1032944e-01,-0.00000e+00,1.80000e-02,
8.1062239e-01,2.00001e-01,1.92000e-02,
8.1091535e-01,2.00001e-01,1.72000e-02,
8.1120831e-01,2.00001e-01,1.92000e-02,
8.1150126e-01,-0.00000e+00,1.92000e-02,
8.1179422e-01,2.00001e-01,1.76000e-02,
8.1208718e-01,2.00001e-01,1.92000e-02,
8.1238014e-01,-0.00000e+00,1.76000e-02,
8.1267309e-01,2.00001e-01,1.92000e-02,
8.1296605e-01,2.00001e-01,1.88000e-02,
8.1325901e-01,-0.00000e+00,1.76000e-02,
8.1355196e-01,-0.00000e+00,1.84000e-02,
8.1384492e-01,-0.00000e+00,1.92000e-02,
8.1413788e-01,-0.00000e+00,1.76000e-02,
8.1443083e-01,2.00001e-01,1.68000e-02,
8.1472379e-01,-0.00000e+00,1.84000e-02,
8.1501675e-01,-0.00000e+00,1.84000e-02,
8.1530970e-01,-0.00000e+00,1.76000e-02,
8.1560266e-01,2.00001e-01,2.00000e-02,
8.1589562e-01,2.00001e-01,1.76000e-02,
8.1618857e-01,2.00001e-01,1.92000e-02,
8.1648153e-01,2.00001e-01,1.76000e-02,
8.1677449e-01,2.00001e-01,1.76000e-02,
8.1706744e-01,-0.00000e+00,1.76000e-02,
8.1736040e-01,-0.00000e+00,1.76000e-02,
8.1765336e-01,2.00001e-01,1.60000e-02,
8.1794631e-01,-0.00000e+00,1.88000e-02,
8.1823927e-01,2.00001e-01,1.68000e-02,
8.1853223e-01,2.00001e-01,1.92000e-02,
8.1882519e-01,-0.00000e+00,1.84000e-02,
8.1911814e-01,-0.00000e+00,1.80000e-02,
8.1941110e-01,-0.00000e+00,1.84000e-02,
8.1970406e-01,-0.00000e+00,1.84000e-02,
8.1999701e-01,2.00001e-01,2.00000e-02,
8.2028997e-01,2.00001e-01,1.80000e-02,
8.2058293e-01,-0.00000e+00,1.96000e-02,
8.2087588e-01,-0.00000e+00,1.76000e-02,
8.2116884e-01,-0.00000e+00,1.84000e-02,
8.2146180e-01,2.00001e-01,1.84000e-02,
8.2175475e-01,-0.00000e+00,1.84000e-02,
8.2204771e-01,2.00001e-01,2.00000e-02,
8.2234067e-01,-0.00000e+00,1.84000e-02,
8.2263362e-01,2.00001e-01,1.88000e-02,
8.2292658e-01,2.00001e-01,1.92000e-02,
8.2321954e-01,-0.00000e+00,1.88000e-02,
8.2351249e-01,2.00001e-01,1.92000e-02,
8.2380545e-01,2.00001e-01,1.92000e-02,
8.2409841e-01,2.00001e-01,1.92000e-02,
8.2439137e-01,-0.00000e+00,1.88000e-02,
8.2468432e-01,-0.00000e+00,1.92000e-02,
8.2497728e-01,2.00001e-01,2.04000e-02,
8.2527024e-01,2.00001e-01,1.40000e-02,
8.2556319e-01,-0.00000e+00,1.92000e-02,
8.2585615e-01,-0.00000e+00,1.96000e-02,
8.2614911e-01,-0.00000e+00,2.00000e-02,
8.2644206e-01,-0.00000e+00,1.92000e-02,
8.2673502e-01,-0.00000e+00,1.92000e-02,
8.2702798e-01,2.00001e-01,1.96000e-02,
8.2732093e-01,2.00001e-01,1.92000e-02,
8.2761389e-01,-0.00000e+00,1.84000e-02,
8.2790685e-01,2.00001e-01,2.08000e-02,
8.2819980e-01,-0.00000e+00,1.88000e-02,
8.2849276e-01,2.00001e-01,1.92000e-02,
8.2878572e-01,2.00001e-01,1.92000e-02,
8.2907867e-01,2.00001e-01,1.92000e-02,
8.2937163e-01,-0.00000e+00,2.08000e-02,
8.2966459e-01,2.00001e-01,2.04000e-02,
8.2995754e-01,2.00001e-01,1.96000e-02,
8.3025050e-01,-0.00000e+00,1.92000e-02,
8.3054346e-01,-0.00000e+00,1.60000e-02,
8.3083642e-01,2.00001e-01,1.96000e-02,
8.3112937e-01,-0.00000e+00,1.96000e-02,
8.3142233e-01,-0.00000e+00,1.88000e-02,
8.3171529e-01,2.00001e-01,2.04000e-02,
8.3200824e-01,-0.00000e+00,1.96000e-02,
8.3230120e-01,-0.00000e+00,2.12000e-02,
8.3259416e-01,2.00001e-01,2.00000e-02,
8.3288711e-01,-0.00000e+00,1.92000e-02,
8.3318007e-01,2.00001e-01,2.00000e-02,
8.3347303e-01,-0.00000e+00,1.92000e-02,
8.3376598e-01,-0.00000e+00,1.88000e-02,
8.3405894e-01,-0.00000e+00,2.00000e-02,
8.3435190e-01,-0.00000e+00,1.92000e-02,
8.3464485e-01,2.00001e-01,1.92000e-02,
8.3493781e-01,2.00001e-01,2.28000e-02,
8.3523077e-01,-0.00000e+00,1.88000e-02,
8.3552372e-01,2.00001e-01,1.96000e-02,
8.3581668e-01,-0.00000e+00,1.92000e-02,
8.3610964e-01,2.00001e-01,2.00000e-02,
8.3640260e-01,2.00001e-01,1.92000e-02,
8.3669555e-01,-0.00000e+00,1.96000e-02,
8.3698851e-01,2.00001e-01,1.80000e-02,
8.3728147e-01,-0.00000e+00,1.92000e-02,
8.3757442e-01,-0.00000e+00,2.08000e-02,
8.3786738e-01,-0.00000e+00,1.76000e-02,
8.3816034e-01,2.00001e-01,1.88000e-02,
8.3845329e-01,-0.00000e+00,1.92000e-02,
8.3874625e-01,-0.00000e+00,1.92000e-02,
8.3903921e-01,-0.00000e+00,1.84000e-02,
8.3933216e-01,-0.00000e+00,1.92000e-02,
8.3962512e-01,2.00001e-01,1.76000e-02,
8.3991808e-01,-0.00000e+00,1.92000e-02,
8.4021103e-01,-0.00000e+00,2.00000e-02,
8.4050399e-01,2.00001e-01,2.00000e-02,
8.4079695e-01,2.00001e-01,1.92000e-02,
8.4108990e-01,2.00001e-01,2.04000e-02,
8.4138286e-01,2.00001e-01,1.92000e-02,
8.4167582e-01,2.00001e-01,1.84000e-02,
8.4196877e-01,-0.00000e+00,2.00000e-02,
8.4226173e-01,-0.00000e+00,1.88000e-02,
8.4255469e-01,-0.00000e+00,1.88000e-02,
8.4284765e-01,-0.00000e+00,1.88000e-02,
8.4314060e-01,-0.00000e+00,1.88000e-02,
8.4343356e-01,-0.00000e+00,1.92000e-02,
8.4372652e-01,2.00001e-01,2.00000e-02,
8.4401947e-01,-0.00000e+00,1.92000e-02,
8.4431243e-01,-0.00000e+00,1.92000e-02,
8.4460539e-01,-0.00000e+00,1.88000e-02,
8.4489834e-01,-0.00000e+00,2.04000e-02,
8.4519130e-01,2.00001e-01,1.92000e-02,
8.4548426e-01,2.00001e-01,2.08000e-02,
8.4577721e-01,2.00001e-01,1.80000e-02,
8.4607017e-01,2.00001e-01,1.88000e-02,
8.4636313e-01,-0.00000e+00,1.80000e-02,
8.4665608e-01,-0.00000e+00,1.92000e-02,
8.4694904e-01,2.00001e-01,1.76000e-02,
8.4724200e-01,-0.00000e+00,1.84000e-02,
8.4753495e-01,-0.00000e+00,1.92000e-02,
8.4782791e-01,2.00001e-01,1.92000e-02,
8.4812087e-01,2.00001e-01,1.92000e-02,
8.4841383e-01,-0.00000e+00,1.92000e-02,
8.4870678e-01,2.00001e-01,1.72000e-02,
8.4899974e-01,-0.00000e+00,1.88000e-02,
8.4929270e-01,-0.00000e+00,1.92000e-02,
8.4958565e-01,-0.00000e+00,1.76000e-02,
8.4987861e-01,-0.00000e+00,1.88000e-02,
8.5017157e-01,-0.00000e+00,1.92000e-02,
8.5046452e-01,-0.00000e+00,1.84000e-02,
8.5075748e-01,-0.00000e+00,1.76000e-02,
8.5105044e-01,-0.00000e+00,1.80000e-02,
8.5134339e-01,2.00001e-01,1.92000e-02,
8.5163635e-01,-0.00000e+00,1.84000e-02,
8.5192931e-01,-0.00000e+00,1.84000e-02,
8.5222226e-01,-0.00000e+00,1.92000e-02,
8.5251522e-01,2.00001e-01,1.92000e-02,
8.5280818e-01,2.00001e-01,1.92000e-02,
8.5310113e-01,-0.00000e+00,1.92000e-02,
8.5339409e-01,2.00001e-01,2.00000e-02,
8.5368705e-01,-0.00000e+00,1.92000e-02,
8.5398000e-01,-0.00000e+00,1.92000e-02,
8.5427296e-01,-0.00000e+00,2.00000e-02,
8.5456592e-01,2.00001e-01,1.92000e-02,
8.5485888e-01,2.00001e-01,1.92000e-02,
8.5515183e-01,2.00001e-01,1.92000e-02,
8.5544479e-01,2.00001e-01,1.96000e-02,
8.5573775e-01,-0.00000e+00,1.92000e-02,
8.5603070e-01,2.00001e-01,1.92000e-02,
8.5632366e-01,-0.00000e+00,1.92000e-02,
8.5661662e-01,2.00001e-01,2.04000e-02,
8.5690957e-01,2.00001e-01,2.08000e-02,
8.5720253e-01,2.00001e-01,1.96000e-02,
8.5749549e-01,2.00001e-01,2.04000e-02,
8.5778844e-01,-0.00000e+00,1.96000e-02,
8.5808140e-01,-0.00000e+00,1.92000e-02,
8.5837436e-01,2.00001e-01,2.00000e-02,
8.5866731e-01,-0.00000e+00,2.04000e-02,
8.5896027e-01,2.00001e-01,2.00000e-02,
8.5925323e-01,2.00001e-01,1.92000e-02,
8.5954618e-01,2.00001e-01,2.08000e-02,
8.5983914e-01,-0.00000e+00,1.92000e-02,
8.6013210e-01,-0.00000e+00,2.00000e-02,
8.6042506e-01,2.00001e-01,2.08000e-02,
8.6071801e-01,-0.00000e+00,2.00000e-02,
8.6101097e-01,-0.00000e+00,1.96000e-02,
8.6130393e-01,-0.00000e+00,2.04000e-02,
8.6159688e-01,-0.00000e+00,2.00000e-02,
8.6188984e-01,-0.00000e+00,2.04000e-02,
8.6218280e-01,-0.00000e+00,2.08000e-02,
8.6247575e-01,2.00001e-01,1.96000e-02,
8.6276871e-01,-0.00000e+00,2.00000e-02,
8.6306167e-01,-0.00000e+00,2.00000e-02,
8.6335462e-01,-0.00000e+00,2.08000e-02,
8.6364758e-01,-0.00000e+00,1.96000e-02,
8.6394054e-01,2.00001e-01,1.92000e-02,
8.6423349e-01,-0.00000e+00,1.96000e-02,
8.6452645e-01,-0.00000e+00,2.04000e-02,
8.6481941e-01,2.00001e-01,2.20000e-02,
8.6511236e-01,2.00001e-01,2.16000e-02,
8.6540532e-01,2.00001e-01,2.16000e-02,
8.6569828e-01,-0.00000e+00,2.00000e-02,
8.6599123e-01,2.00001e-01,1.84000e-02,
8.6628419e-01,-0.00000e+00,1.92000e-02,
8.6657715e-01,-0.00000e+00,2.04000e-02,
8.6687011e-01,-0.00000e+00,2.08000e-02,
8.6716306e-01,-0.00000e+00,2.08000e-02,
8.6745602e-01,2.00001e-01,2.24000e-02,
8.6774898e-01,2.00001e-01,2.00000e-02,
8.6804193e-01,2.00001e-01,2.00000e-02,
8.6833489e-01,-0.00000e+00,2.04000e-02,
8.6862785e-01,2.00001e-01,1.76000e-02,
8.6892080e-01,-0.00000e+00,2.08000e-02,
8.6921376e-01,2.00001e-01,2.08000e-02,
8.6950672e-01,2.00001e-01,2.00000e-02,
8.6979967e-01,-0.00000e+00,2.00000e-02,
8.7009263e-01,2.00001e-01,1.96000e-02,
8.7038559e-01,-0.00000e+00,2.04000e-02,
8.7067854e-01,2.00001e-01,2.08000e-02,
8.7097150e-01,-0.00000e+00,2.00000e-02,
8.7126446e-01,2.00001e-01,1.96000e-02,
8.7155741e-01,-0.00000e+00,2.00000e-02,
8.7185037e-01,-0.00000e+00,1.88000e-02,
8.7214333e-01,2.00001e-01,1.92000e-02,
8.7243629e-01,-0.00000e+00,2.00000e-02,
8.7272924e-01,-0.00000e+00,2.08000e-02,
8.7302220e-01,2.00001e-01,2.08000e-02,
8.7331516e-01,2.00001e-01,2.00000e-02,
8.7360811e-01,2.00001e-01,2.04000e-02,
8.7390107e-01,-0.00000e+00,2.00000e-02,
8.7419403e-01,-0.00000e+00,2.00000e-02,
8.7448698e-01,-0.00000e+00,1.88000e-02,
8.7477994e-01,2.00001e-01,1.92000e-02,
8.7507290e-01,-0.00000e+00,1.88000e-02,
8.7536585e-01,2.00001e-01,2.00000e-02,
8.7565881e-01,-0.00000e+00,1.84000e-02,
8.7595177e-01,2.00001e-01,2.04000e-02,
8.7624472e-01,2.00001e-01,2.04000e-02,
8.7653768e-01,2.00001e-01,2.00000e-02,
8.7683064e-01,-0.00000e+00,1.92000e-02,
8.7712359e-01,-0.00000e+00,2.04000e-02,
8.7741655e-01,2.00001e-01,1.92000e-02,
8.7770951e-01,2.00001e-01,1.92000e-02,
8.7800246e-01,-0.00000e+00,1.92000e-02,
8.7829542e-01,-0.00000e+00,2.36000e-02,
8.7858838e-01,-0.00000e+00,1.88000e-02,
8.7888134e-01,2.00001e-01,1.88000e-02,
8.7917429e-01,-0.00000e+00,2.08000e-02,
8.7946725e-01,2.00001e-01,1.92000e-02,
8.7976021e-01,2.00001e-01,1.92000e-02,
8.8005316e-01,-0.00000e+00,1.84000e-02,
8.8034612e-01,-0.00000e+00,1.92000e-02,
8.8063908e-01,-0.00000e+00,2.00000e-02,
8.8093203e-01,-0.00000e+00,1.96000e-02,
8.8122499e-01,-0.00000e+00,1.92000e-02,
8.8151795e-01,-0.00000e+00,1.88000e-02,
8.8181090e-01,2.00001e-01,1.84000e-02,
8.8210386e-01,2.00001e-01,1.88000e-02,
8.8239682e-01,-0.00000e+00,2.04000e-02,
8.8268977e-01,-0.00000e+00,1.92000e-02,
8.8298273e-01,-0.00000e+00,1.88000e-02,
8.8327569e-01,-0.00000e+00,1.76000e-02,
8.8356864e-01,-0.00000e+00,1.92000e-02,
8.8386160e-01,2.00001e-01,2.00000e-02,
8.8415456e-01,-0.00000e+00,2.16000e-02,
8.8444752e-01,-0.00000e+00,2.00000e-02,
8.8474047e-01,2.00001e-01,2.16000e-02,
8.8503343e-01,-0.00000e+00,2.00000e-02,
8.8532639e-01,-0.00000e+00,2.08000e-02,
8.8561934e-01,2.00001e-01,1.92000e-02,
8.8591230e-01,-0.00000e+00,2.04000e-02,
8.8620526e-01,2.00001e-01,1.96000e-02,
8.8649821e-01,2.00001e-01,2.00000e-02,
8.8679117e-01,2.00001e-01,2.00000e-02,
8.8708413e-01,-0.00000e+00,2.08000e-02,
8.8737708e-01,-0.00000e+00,1.96000e-02,
8.8767004e-01,-0.00000e+00,1.96000e-02,
8.8796300e-01,-0.00000e+00,1.92000e-02,
8.8825595e-01,-0.00000e+00,2.08000e-02,
8.8854891e-01,-0.00000e+00,2.08000e-02,
8.8884187e-01,-0.00000e+00,2.12000e-02,
8.8913482e-01,-0.00000e+00,2.08000e-02,
8.8942778e-01,2.00001e-01,2.04000e-02,
8.8972074e-01,2.00001e-01,2.16000e-02,
8.9001369e-01,-0.00000e+00,2.04000e-02,
8.9030665e-01,-0.00000e+00,2.00000e-02,
8.9059961e-01,2.00001e-01,2.16000e-02,
8.9089257e-01,2.00001e-01,2.16000e-02,
8.9118552e-01,2.00001e-01,2.16000e-02,
8.9147848e-01,2.00001e-01,2.08000e-02,
8.9177144e-01,2.00001e-01,2.08000e-02,
8.9206439e-01,2.00001e-01,2.08000e-02,
8.9235735e-01,-0.00000e+00,2.08000e-02,
8.9265031e-01,-0.00000e+00,2.44000e-02,
8.9294326e-01,-0.00000e+00,2.16000e-02,
8.9323622e-01,-0.00000e+00,2.08000e-02,
8.9352918e-01,2.00001e-01,2.04000e-02,
8.9382213e-01,2.00001e-01,2.24000e-02,
8.9411509e-01,2.00001e-01,2.16000e-02,
8.9440805e-01,-0.00000e+00,1.84000e-02,
8.9470100e-01,-0.00000e+00,1.92000e-02,
8.9499396e-01,-0.00000e+00,2.04000e-02,
8.9528692e-01,2.00001e-01,2.08000e-02,
8.9557987e-01,2.00001e-01,2.00000e-02,
8.9587283e-01,2.00001e-01,2.08000e-02,
8.9616579e-01,-0.00000e+00,2.08000e-02,
8.9645875e-01,-0.00000e+00,2.00000e-02,
8.9675170e-01,-0.00000e+00,2.08000e-02,
8.9704466e-01,2.00001e-01,2.08000e-02,
8.9733762e-01,-0.00000e+00,2.08000e-02,
8.9763057e-01,-0.00000e+00,2.00000e-02,
8.9792353e-01,2.00001e-01,2.16000e-02,
8.9821649e-01,2.00001e-01,2.08000e-02,
8.9850944e-01,2.00001e-01,2.16000e-02,
8.9880240e-01,-0.00000e+00,2.04000e-02,
8.9909536e-01,2.00001e-01,2.16000e-02,
8.9938831e-01,-0.00000e+00,2.00000e-02,
8.9968127e-01,2.00001e-01,2.04000e-02,
8.9997423e-01,2.00001e-01,2.08000e-02,
9.0026718e-01,2.00001e-01,2.08000e-02,
9.0056014e-01,2.00001e-01,1.92000e-02,
9.0085310e-01,-0.00000e+00,2.12000e-02,
9.0114605e-01,2.00001e-01,2.00000e-02,
9.0143901e-01,2.00001e-01,2.16000e-02,
9.0173197e-01,-0.00000e+00,1.88000e-02,
9.0202492e-01,2.00001e-01,2.04000e-02,
9.0231788e-01,2.00001e-01,1.92000e-02,
9.0261084e-01,-0.00000e+00,2.04000e-02,
9.0290380e-01,-0.00000e+00,2.00000e-02,
9.0319675e-01,-0.00000e+00,2.04000e-02,
9.0348971e-01,-0.00000e+00,2.00000e-02,
9.0378267e-01,2.00001e-01,2.04000e-02,
9.0407562e-01,2.00001e-01,2.04000e-02,
9.0436858e-01,-0.00000e+00,2.08000e-02,
9.0466154e-01,-0.00000e+00,2.08000e-02,
9.0495449e-01,2.00001e-01,2.20000e-02,
9.0524745e-01,-0.00000e+00,1.88000e-02,
9.0554041e-01,2.00001e-01,2.24000e-02,
9.0583336e-01,2.00001e-01,2.00000e-02,
9.0612632e-01,-0.00000e+00,2.00000e-02,
9.0641928e-01,2.00001e-01,2.04000e-02,
9.0671223e-01,2.00001e-01,2.00000e-02,
9.0700519e-01,2.00001e-01,2.00000e-02,
9.0729815e-01,-0.00000e+00,2.08000e-02,
9.0759110e-01,2.00001e-01,1.92000e-02,
9.0788406e-01,2.00001e-01,1.92000e-02,
9.0817702e-01,-0.00000e+00,2.08000e-02,
9.0846997e-01,-0.00000e+00,2.04000e-02,
9.0876293e-01,2.00001e-01,1.92000e-02,
9.0905589e-01,-0.00000e+00,1.96000e-02,
9.0934885e-01,-0.00000e+00,2.04000e-02,
9.0964180e-01,2.00001e-01,1.92000e-02,
9.0993476e-01,-0.00000e+00,1.88000e-02,
9.1022772e-01,2.00001e-01,2.08000e-02,
9.1052067e-01,-0.00000e+00,2.00000e-02,
9.1081363e-01,2.00001e-01,2.00000e-02,
9.1110659e-01,2.00001e-01,2.00000e-02,
9.1139954e-01,2.00001e-01,1.96000e-02,
9.1169250e-01,-0.00000e+00,1.92000e-02,
9.1198546e-01,2.00001e-01,2.00000e-02,
9.1227841e-01,-0.00000e+00,1.92000e-02,
9.1257137e-01,2.00001e-01,2.00000e-02,
9.1286433e-01,2.00001e-01,1.92000e-02,
9.1315728e-01,2.00001e-01,2.08000e-02,
9.1345024e-01,2.00001e-01,2.04000e-02,
9.1374320e-01,2.00001e-01,2.04000e-02,
9.1403615e-01,-0.00000e+00,2.24000e-02,
9.1432911e-01,-0.00000e+00,2.16000e-02,
9.1462207e-01,-0.00000e+00,1.96000e-02,
9.1491503e-01,-0.00000e+00,1.92000e-02,
9.1520798e-01,-0.00000e+00,2.00000e-02,
9.1550094e-01,-0.00000e+00,2.04000e-02,
9.1579390e-01,2.00001e-01,2.08000e-02,
9.1608685e-01,2.00001e-01,2.08000e-02,
9.1637981e-01,2.00001e-01,2.08000e-02,
9.1667277e-01,-0.00000e+00,1.96000e-02,
9.1696572e-01,2.00001e-01,2.08000e-02,
9.1725868e-01,2.00001e-01,2.16000e-02,
9.1755164e-01,2.00001e-01,2.04000e-02,
9.1784459e-01,-0.00000e+00,2.16000e-02,
9.1813755e-01,2.00001e-01,2.12000e-02,
9.1843051e-01,-0.00000e+00,2.04000e-02,
9.1872346e-01,2.00001e-01,2.00000e-02,
9.1901642e-01,-0.00000e+00,2.08000e-02,
9.1930938e-01,-0.00000e+00,2.08000e-02,
9.1960233e-01,2.00001e-01,2.08000e-02,
9.1989529e-01,2.00001e-01,2.20000e-02,
9.2018825e-01,-0.00000e+00,2.16000e-02,
9.2048120e-01,2.00001e-01,2.04000e-02,
9.2077416e-01,-0.00000e+00,2.04000e-02,
9.2106712e-01,2.00001e-01,2.12000e-02,
9.2136008e-01,2.00001e-01,2.08000e-02,
9.2165303e-01,-0.00000e+00,2.08000e-02,
9.2194599e-01,-0.00000e+00,2.16000e-02,
9.2223895e-01,2.00001e-01,2.12000e-02,
9.2253190e-01,-0.00000e+00,2.16000e-02,
9.2282486e-01,-0.00000e+00,2.08000e-02,
9.2311782e-01,-0.00000e+00,2.04000e-02,
9.2341077e-01,-0.00000e+00,2.32000e-02,
9.2370373e-01,-0.00000e+00,2.04000e-02,
9.2399669e-01,2.00001e-01,2.04000e-02,
9.2428964e-01,-0.00000e+00,2.08000e-02,
9.2458260e-01,2.00001e-01,2.24000e-02,
9.2487556e-01,2.00001e-01,2.16000e-02,
9.2516851e-01,2.00001e-01,2.00000e-02,
9.2546147e-01,-0.00000e+00,2.16000e-02,
9.2575443e-01,2.00001e-01,2.16000e-02,
9.2604738e-01,-0.00000e+00,2.16000e-02,
9.2634034e-01,2.00001e-01,2.16000e-02,
9.2663330e-01,-0.00000e+00,2.16000e-02,
9.2692626e-01,-0.00000e+00,2.12000e-02,
9.2721921e-01,-0.00000e+00,2.36000e-02,
9.2751217e-01,2.00001e-01,2.24000e-02,
9.2780513e-01,-0.00000e+00,2.04000e-02,
9.2809808e-01,2.00001e-01,2.16000e-02,
9.2839104e-01,2.00001e-01,2.04000e-02,
9.2868400e-01,-0.00000e+00,2.20000e-02,
9.2897695e-01,-0.00000e+00,2.08000e-02,
9.2926991e-01,-0.00000e+00,2.04000e-02,
9.2956287e-01,-0.00000e+00,2.32000e-02,
9.2985582e-01,-0.00000e+00,2.24000e-02,
9.3014878e-01,2.00001e-01,1.96000e-02,
9.3044174e-01,2.00001e-01,2.24000e-02,
9.3073469e-01,-0.00000e+00,2.00000e-02,
9.3102765e-01,2.00001e-01,2.04000e-02,
9.3132061e-01,2.00001e-01,2.08000e-02,
9.3161356e-01,-0.00000e+00,2.16000e-02,
9.3190652e-01,-0.00000e+00,2.04000e-02,
9.3219948e-01,2.00001e-01,2.04000e-02,
9.3249243e-01,-0.00000e+00,2.08000e-02,
9.3278539e-01,-0.00000e+00,2.04000e-02,
9.3307835e-01,2.00001e-01,2.08000e-02,
9.3337131e-01,-0.00000e+00,2.04000e-02,
9.3366426e-01,2.00001e-01,2.04000e-02,
9.3395722e-01,-0.00000e+00,2.08000e-02,
9.3425018e-01,-0.00000e+00,2.16000e-02,
9.3454313e-01,2.00001e-01,2.00000e-02,
9.3483609e-01,2.00001e-01,1.96000e-02,
9.3512905e-01,2.00001e-01,2.08000e-02,
9.3542200e-01,2.00001e-01,2.08000e-02,
9.3571496e-01,-0.00000e+00,2.16000e-02,
9.3600792e-01,-0.00000e+00,1.96000e-02,
9.3630087e-01,2.00001e-01,2.20000e-02,
9.3659383e-01,2.00001e-01,1.92000e-02,
9.3688679e-01,2.00001e-01,1.76000e-02,
9.3717974e-01,-0.00000e+00,1.88000e-02,
9.3747270e-01,-0.00000e+00,1.88000e-02,
9.3776566e-01,2.00001e-01,2.08000e-02,
9.3805861e-01,2.00001e-01,2.08000e-02,
9.3835157e-01,2.00001e-01,2.20000e-02,
9.3864453e-01,-0.00000e+00,2.00000e-02,
9.3893749e-01,2.00001e-01,2.00000e-02,
9.3923044e-01,2.00001e-01,1.92000e-02,
9.3952340e-01,2.00001e-01,2.08000e-02,
9.3981636e-01,-0.00000e+00,2.00000e-02,
9.4010931e-01,-0.00000e+00,2.16000e-02,
9.4040227e-01,2.00001e-01,1.88000e-02,
9.4069523e-01,-0.00000e+00,2.08000e-02,
9.4098818e-01,2.00001e-01,2.08000e-02,
9.4128114e-01,-0.00000e+00,2.12000e-02,
9.4157410e-01,2.00001e-01,2.08000e-02,
9.4186705e-01,2.00001e-01,2.08000e-02,
9.4216001e-01,2.00001e-01,2.24000e-02,
9.4245297e-01,-0.00000e+00,2.16000e-02,
9.4274592e-01,2.00001e-01,2.16000e-02,
9.4303888e-01,-0.00000e+00,2.08000e-02,
9.4333184e-01,2.00001e-01,2.08000e-02,
9.4362479e-01,2.00001e-01,2.16000e-02,
9.4391775e-01,-0.00000e+00,2.68000e-02,
9.4421071e-01,-0.00000e+00,2.16000e-02,
9.4450366e-01,-0.00000e+00,2.20000e-02,
9.4479662e-01,-0.00000e+00,2.12000e-02,
9.4508958e-01,2.00001e-01,2.12000e-02,
9.4538254e-01,-0.00000e+00,2.08000e-02,
9.4567549e-01,2.00001e-01,2.16000e-02,
9.4596845e-01,-0.00000e+00,2.08000e-02,
9.4626141e-01,-0.00000e+00,2.00000e-02,
9.4655436e-01,-0.00000e+00,2.16000e-02,
9.4684732e-01,2.00001e-01,2.16000e-02,
9.4714028e-01,2.00001e-01,2.04000e-02,
9.4743323e-01,-0.00000e+00,2.16000e-02,
9.4772619e-01,-0.00000e+00,2.24000e-02,
9.4801915e-01,-0.00000e+00,2.08000e-02,
9.4831210e-01,2.00001e-01,2.16000e-02,
9.4860506e-01,-0.00000e+00,2.08000e-02,
9.4889802e-01,2.00001e-01,2.08000e-02,
9.4919097e-01,-0.00000e+00,2.08000e-02,
9.4948393e-01,2.00001e-01,2.16000e-02,
9.4977689e-01,-0.00000e+00,2.08000e-02,
9.5006984e-01,-0.00000e+00,2.20000e-02,
9.5036280e-01,-0.00000e+00,2.24000e-02,
9.5065576e-01,-0.00000e+00,2.12000e-02,
9.5094872e-01,-0.00000e+00,2.08000e-02,
9.5124167e-01,-0.00000e+00,2.24000e-02,
9.5153463e-01,2.00001e-01,2.16000e-02,
9.5182759e-01,-0.00000e+00,2.20000e-02,
9.5212054e-01,-0.00000e+00,2.08000e-02,
9.5241350e-01,-0.00000e+00,2.12000e-02,
9.5270646e-01,2.00001e-01,2.20000e-02,
9.5299941e-01,2.00001e-01,2.08000e-02,
9.5329237e-01,-0.00000e+00,2.12000e-02,
9.5358533e-01,-0.00000e+00,1.92000e-02,
9.5387828e-01,-0.00000e+00,2.12000e-02,
9.5417124e-01,-0.00000e+00,2.24000e-02,
9.5446420e-01,-0.00000e+00,2.16000e-02,
9.5475715e-01,2.00001e-01,2.16000e-02,
9.5505011e-01,2.00001e-01,2.08000e-02,
9.5534307e-01,2.00001e-01,2.24000e-02,
9.5563602e-01,-0.00000e+00,2.08000e-02,
9.5592898e-01,2.00001e-01,2.04000e-02,
9.5622194e-01,-0.00000e+00,2.04000e-02,
9.5651489e-01,-0.00000e+00,2.08000e-02,
9.5680785e-01,-0.00000e+00,2.08000e-02,
9.5710081e-01,-0.00000e+00,2.12000e-02,
9.5739377e-01,2.00001e-01,2.08000e-02,
9.5768672e-01,-0.00000e+00,2.12000e-02,
9.5797968e-01,2.00001e-01,2.08000e-02,
9.5827264e-01,-0.00000e+00,2.08000e-02,
9.5856559e-01,2.00001e-01,2.04000e-02,
9.5885855e-01,2.00001e-01,2.20000e-02,
9.5915151e-01,2.00001e-01,1.92000e-02,
9.5944446e-01,-0.00000e+00,2.08000e-02,
9.5973742e-01,-0.00000e+00,2.16000e-02,
9.6003038e-01,2.00001e-01,2.20000e-02,
9.6032333e-01,2.00001e-01,2.36000e-02,
9.6061629e-01,-0.00000e+00,2.00000e-02,
9.6090925e-01,-0.00000e+00,2.20000e-02,
9.6120220e-01,2.00001e-01,2.04000e-02,
9.6149516e-01,2.00001e-01,2.00000e-02,
9.6178812e-01,-0.00000e+00,2.08000e-02,
9.6208107e-01,-0.00000e+00,2.16000e-02,
9.6237403e-01,-0.00000e+00,2.08000e-02,
9.6266699e-01,-0.00000e+00,2.08000e-02,
9.6295995e-01,-0.00000e+00,2.24000e-02,
9.6325290e-01,2.00001e-01,2.16000e-02,
9.6354586e-01,-0.00000e+00,2.04000e-02,
9.6383882e-01,2.00001e-01,2.52000e-02,
9.6413177e-01,2.00001e-01,2.04000e-02,
9.6442473e-01,2.00001e-01,2.08000e-02,
9.6471769e-01,2.00001e-01,2.24000e-02,
9.6501064e-01,-0.00000e+00,2.04000e-02,
9.6530360e-01,2.00001e-01,1.96000e-02,
9.6559656e-01,2.00001e-01,2.08000e-02,
9.6588951e-01,-0.00000e+00,2.08000e-02,
9.6618247e-01,2.00001e-01,2.04000e-02,
9.6647543e-01,-0.00000e+00,2.20000e-02,
9.6676838e-01,2.00001e-01,2.16000e-02,
9.6706134e-01,-0.00000e+00,2.24000e-02,
9.6735430e-01,2.00001e-01,2.12000e-02,
9.6764725e-01,2.00001e-01,2.16000e-02,
9.6794021e-01,-0.00000e+00,1.72000e-02,
9.6823317e-01,2.00001e-01,2.32000e-02,
9.6852612e-01,-0.00000e+00,2.12000e-02,
9.6881908e-01,2.00001e-01,2.04000e-02,
9.6911204e-01,2.00001e-01,2.08000e-02,
9.6940500e-01,-0.00000e+00,2.08000e-02,
9.6969795e-01,-0.00000e+00,2.16000e-02,
9.6999091e-01,-0.00000e+00,2.20000e-02,
9.7028387e-01,-0.00000e+00,2.16000e-02,
9.7057682e-01,2.00001e-01,2.24000e-02,
9.7086978e-01,2.00001e-01,2.08000e-02,
9.7116274e-01,2.00001e-01,2.08000e-02,
9.7145569e-01,-0.00000e+00,2.16000e-02,
9.7174865e-01,2.00001e-01,2.12000e-02,
9.7204161e-01,-0.00000e+00,2.24000e-02,
9.7233456e-01,-0.00000e+00,2.20000e-02,
9.7262752e-01,-0.00000e+00,2.20000e-02,
9.7292048e-01,2.00001e-01,2.12000e-02,
9.7321343e-01,-0.00000e+00,2.16000e-02,
9.7350639e-01,-0.00000e+00,2.16000e-02,
9.7379935e-01,-0.00000e+00,2.32000e-02,
9.7409230e-01,-0.00000e+00,2.24000e-02,
9.7438526e-01,-0.00000e+00,2.16000e-02,
9.7467822e-01,2.00001e-01,2.16000e-02,
9.7497118e-01,2.00001e-01,2.36000e-02,
9.7526413e-01,-0.00000e+00,2.20000e-02,
9.7555709e-01,2.00001e-01,2.08000e-02,
9.7585005e-01,-0.00000e+00,2.20000e-02,
9.7614300e-01,2.00001e-01,2.20000e-02,
9.7643596e-01,2.00001e-01,2.12000e-02,
9.7672892e-01,-0.00000e+00,2.16000e-02,
9.7702187e-01,-0.00000e+00,2.08000e-02,
9.7731483e-01,-0.00000e+00,2.24000e-02,
9.7760779e-01,-0.00000e+00,2.32000e-02,
9.7790074e-01,2.00001e-01,2.24000e-02,
9.7819370e-01,-0.00000e+00,2.08000e-02,
9.7848666e-01,-0.00000e+00,2.32000e-02,
9.7877961e-01,2.00001e-01,2.32000e-02,
9.7907257e-01,-0.00000e+00,2.20000e-02,
9.7936553e-01,2.00001e-01,2.20000e-02,
9.7965848e-01,2.00001e-01,2.20000e-02,
9.7995144e-01,-0.00000e+00,2.24000e-02,
9.8024440e-01,-0.00000e+00,2.36000e-02,
9.8053735e-01,-0.00000e+00,2.08000e-02,
9.8083031e-01,2.00001e-01,2.08000e-02,
9.8112327e-01,-0.00000e+00,2.04000e-02,
9.8141623e-01,-0.00000e+00,2.20000e-02,
9.8170918e-01,-0.00000e+00,2.24000e-02,
9.8200214e-01,-0.00000e+00,2.16000e-02,
9.8229510e-01,2.00001e-01,2.48000e-02,
9.8258805e-01,2.00001e-01,2.16000e-02,
9.8288101e-01,-0.00000e+00,2.24000e-02,
9.8317397e-01,2.00001e-01,2.24000e-02,
9.8346692e-01,-0.00000e+00,1.92000e-02,
9.8375988e-01,-0.00000e+00,2.16000e-02,
9.8405284e-01,2.00001e-01,2.60000e-02,
9.8434579e-01,2.00001e-01,2.20000e-02,
9.8463875e-01,2.00001e-01,2.24000e-02,
9.8493171e-01,-0.00000e+00,2.16000e-02,
9.8522466e-01,-0.00000e+00,2.08000e-02,
9.8551762e-01,-0.00000e+00,2.20000e-02,
9.8581058e-01,-0.00000e+00,2.16000e-02,
9.8610353e-01,-0.00000e+00,2.16000e-02,
9.8639649e-01,-0.00000e+00,2.16000e-02,
9.8668945e-01,2.00001e-01,2.24000e-02,
9.8698241e-01,-0.00000e+00,2.08000e-02,
9.8727536e-01,2.00001e-01,2.40000e-02,
9.8756832e-01,-0.00000e+00,2.04000e-02,
9.8786128e-01,2.00001e-01,2.08000e-02,
9.8815423e-01,-0.00000e+00,2.20000e-02,
9.8844719e-01,-0.00000e+00,2.20000e-02,
9.8874015e-01,-0.00000e+00,2.08000e-02,
9.8903310e-01,-0.00000e+00,2.04000e-02,
9.8932606e-01,2.00001e-01,2.04000e-02,
9.8961902e-01,2.00001e-01,2.16000e-02,
9.8991197e-01,-0.00000e+00,2.24000e-02,
9.9020493e-01,-0.00000e+00,2.16000e-02,
9.9049789e-01,-0.00000e+00,2.16000e-02,
9.9079084e-01,-0.00000e+00,2.16000e-02,
9.9108380e-01,2.00001e-01,2.16000e-02,
9.9137676e-01,-0.00000e+00,2.24000e-02,
9.9166971e-01,2.00001e-01,2.24000e-02,
9.9196267e-01,-0.00000e+00,2.20000e-02,
9.9225563e-01,-0.00000e+00,2.16000e-02,
9.9254858e-01,-0.00000e+00,2.20000e-02,
9.9284154e-01,2.00001e-01,2.16000e-02,
9.9313450e-01,-0.00000e+00,2.20000e-02,
9.9342746e-01,-0.00000e+00,2.16000e-02,
9.9372041e-01,-0.00000e+00,2.08000e-02,
9.9401337e-01,2.00001e-01,2.32000e-02,
9.9430633e-01,2.00001e-01,2.24000e-02,
9.9459928e-01,2.00001e-01,2.32000e-02,
9.9489224e-01,-0.00000e+00,2.32000e-02,
9.9518520e-01,-0.00000e+00,2.32000e-02,
9.9547815e-01,2.00001e-01,2.32000e-02,
9.9577111e-01,-0.00000e+00,2.28000e-02,
9.9606407e-01,-0.00000e+00,2.24000e-02,
9.9635702e-01,-0.00000e+00,2.12000e-02,
9.9664998e-01,-0.00000e+00,2.28000e-02,
9.9694294e-01,-0.00000e+00,2.08000e-02,
9.9723589e-01,-0.00000e+00,2.24000e-02,
9.9752885e-01,2.00001e-01,2.32000e-02,
9.9782181e-01,-0.00000e+00,2.24000e-02,
9.9811476e-01,-0.00000e+00,2.32000e-02,
9.9840772e-01,-0.00000e+00,2.16000e-02,
9.9870068e-01,2.00001e-01,2.20000e-02,
9.9899364e-01,2.00001e-01,2.24000e-02,
9.9928659e-01,-0.00000e+00,2.32000e-02,
9.9957955e-01,2.00001e-01,1.84000e-02,
9.9987251e-01,-0.00000e+00,2.24000e-02,
1.0001655e+00,-0.00000e+00,2.40000e-02,
1.0004585e+00,-0.00000e+00,2.24000e-02,
1.0007515e+00,2.00001e-01,2.32000e-02,
1.0010445e+00,-0.00000e+00,2.16000e-02,
1.0013375e+00,2.00001e-01,2.04000e-02,
1.0016305e+00,-0.00000e+00,2.28000e-02,
1.0019236e+00,2.00001e-01,2.36000e-02,
1.0022166e+00,-0.00000e+00,2.28000e-02,
1.0025096e+00,-0.00000e+00,2.16000e-02,
1.0028026e+00,-0.00000e+00,2.32000e-02,
1.0030956e+00,-0.00000e+00,2.24000e-02,
1.0033886e+00,2.00001e-01,2.48000e-02,
1.0036817e+00,2.00001e-01,2.16000e-02,
1.0039747e+00,-0.00000e+00,2.36000e-02,
1.0042677e+00,-0.00000e+00,2.12000e-02,
1.0045607e+00,2.00001e-01,2.00000e-02,
1.0048537e+00,-0.00000e+00,2.24000e-02,
1.0051467e+00,-0.00000e+00,2.08000e-02,
1.0054398e+00,-0.00000e+00,2.24000e-02,
1.0057328e+00,-0.00000e+00,2.12000e-02,
1.0060258e+00,-0.00000e+00,2.20000e-02,
1.0063188e+00,-0.00000e+00,2.24000e-02,
1.0066118e+00,-0.00000e+00,2.24000e-02,
1.0069048e+00,-0.00000e+00,2.36000e-02,
1.0071979e+00,-0.00000e+00,2.40000e-02,
1.0074909e+00,-0.00000e+00,2.08000e-02,
1.0077839e+00,2.00001e-01,2.24000e-02,
1.0080769e+00,-0.00000e+00,2.08000e-02,
1.0083699e+00,2.00001e-01,2.16000e-02,
1.0086629e+00,-0.00000e+00,2.28000e-02,
1.0089560e+00,2.00001e-01,2.24000e-02,
1.0092490e+00,2.00001e-01,2.16000e-02,
1.0095420e+00,-0.00000e+00,2.08000e-02,
1.0098350e+00,2.00001e-01,2.24000e-02,
1.0101280e+00,-0.00000e+00,2.20000e-02,
1.0104210e+00,-0.00000e+00,2.16000e-02,
1.0107141e+00,-0.00000e+00,2.08000e-02,
1.0110071e+00,2.00001e-01,2.08000e-02,
1.0113001e+00,2.00001e-01,2.20000e-02,
1.0115931e+00,-0.00000e+00,2.24000e-02,
1.0118861e+00,2.00001e-01,2.08000e-02,
1.0121791e+00,2.00001e-01,2.24000e-02,
1.0124722e+00,2.00001e-01,2.16000e-02,
1.0127652e+00,2.00001e-01,2.16000e-02,
1.0130582e+00,2.00001e-01,2.00000e-02,
1.0133512e+00,-0.00000e+00,2.08000e-02,
1.0136442e+00,-0.00000e+00,2.08000e-02,
1.0139372e+00,-0.00000e+00,2.24000e-02,
1.0142303e+00,-0.00000e+00,2.24000e-02,
1.0145233e+00,-0.00000e+00,2.16000e-02,
1.0148163e+00,-0.00000e+00,2.24000e-02,
1.0151093e+00,-0.00000e+00,2.32000e-02,
1.0154023e+00,-0.00000e+00,2.32000e-02,
1.0156953e+00,2.00001e-01,2.40000e-02,
1.0159883e+00,-0.00000e+00,2.24000e-02,
1.0162814e+00,2.00001e-01,2.08000e-02,
1.0165744e+00,-0.00000e+00,2.24000e-02,
1.0168674e+00,-0.00000e+00,2.04000e-02,
1.0171604e+00,2.00001e-01,2.16000e-02,
1.0174534e+00,-0.00000e+00,2.32000e-02,
1.0177464e+00,-0.00000e+00,2.24000e-02,
1.0180395e+00,-0.00000e+00,2.24000e-02,
1.0183325e+00,2.00001e-01,2.24000e-02,
1.0186255e+00,2.00001e-01,2.28000e-02,
1.0189185e+00,2.00001e-01,2.16000e-02,
1.0192115e+00,-0.00000e+00,2.36000e-02,
1.0195045e+00,-0.00000e+00,2.28000e-02,
1.0197976e+00,2.00001e-01,2.44000e-02,
1.0200906e+00,-0.00000e+00,2.40000e-02,
1.0203836e+00,2.00001e-01,2.56000e-02,
1.0206766e+00,-0.00000e+00,2.32000e-02,
1.0209696e+00,2.00001e-01,2.40000e-02,
1.0212626e+00,-0.00000e+00,2.40000e-02,
1.0215557e+00,-0.00000e+00,2.24000e-02,
1.0218487e+00,-0.00000e+00,2.24000e-02,
1.0221417e+00,-0.00000e+00,2.20000e-02,
1.0224347e+00,-0.00000e+00,2.28000e-02,
1.0227277e+00,-0.00000e+00,2.32000e-02,
1.0230207e+00,-0.00000e+00,2.24000e-02,
1.0233138e+00,2.00001e-01,2.32000e-02,
1.0236068e+00,-0.00000e+00,2.32000e-02,
1.0238998e+00,-0.00000e+00,2.28000e-02,
1.0241928e+00,-0.00000e+00,2.24000e-02,
1.0244858e+00,-0.00000e+00,2.32000e-02,
1.0247788e+00,-0.00000e+00,2.32000e-02,
1.0250719e+00,2.00001e-01,2.32000e-02,
1.0253649e+00,2.00001e-01,2.20000e-02,
1.0256579e+00,2.00001e-01,2.24000e-02,
1.0259509e+00,-0.00000e+00,2.24000e-02,
1.0262439e+00,2.00001e-01,2.40000e-02,
1.0265369e+00,2.00001e-01,2.24000e-02,
1.0268300e+00,2.00001e-01,2.20000e-02,
1.0271230e+00,-0.00000e+00,2.20000e-02,
1.0274160e+00,2.00001e-01,2.24000e-02,
1.0277090e+00,-0.00000e+00,2.28000e-02,
1.0280020e+00,-0.00000e+00,2.24000e-02,
1.0282950e+00,-0.00000e+00,2.20000e-02,
1.0285881e+00,2.00001e-01,2.32000e-02,
1.0288811e+00,-0.00000e+00,2.36000e-02,
1.0291741e+00,2.00001e-01,2.32000e-02,
1.0294671e+00,-0.00000e+00,2.20000e-02,
1.0297601e+00,-0.00000e+00,2.32000e-02,
1.0300531e+00,2.00001e-01,2.20000e-02,
1.0303462e+00,-0.00000e+00,2.24000e-02,
1.0306392e+00,-0.00000e+00,2.32000e-02,
1.0309322e+00,2.00001e-01,2.24000e-02,
1.0312252e+00,-0.00000e+00,2.24000e-02,
1.0315182e+00,-0.00000e+00,2.28000e-02,
1.0318112e+00,2.00001e-01,2.32000e-02,
1.0321043e+00,-0.00000e+00,2.20000e-02,
1.0323973e+00,2.00001e-01,2.08000e-02,
1.0326903e+00,-0.00000e+00,2.24000e-02,
1.0329833e+00,-0.00000e+00,2.20000e-02,
1.0332763e+00,2.00001e-01,2.24000e-02,
1.0335693e+00,-0.00000e+00,2.32000e-02,
1.0338624e+00,-0.00000e+00,2.16000e-02,
1.0341554e+00,-0.00000e+00,2.16000e-02,
1.0344484e+00,-0.00000e+00,2.04000e-02,
1.0347414e+00,2.00001e-01,2.16000e-02,
1.0350344e+00,-0.00000e+00,2.20000e-02,
1.0353274e+00,-0.00000e+00,2.20000e-02,
1.0356205e+00,2.00001e-01,2.24000e-02,
1.0359135e+00,-0.00000e+00,2.24000e-02,
1.0362065e+00,-0.00000e+00,2.24000e-02,
1.0364995e+00,2.00001e-01,2.32000e-02,
1.0367925e+00,2.00001e-01,2.32000e-02,
1.0370855e+00,-0.00000e+00,2.20000e-02,
1.0373785e+00,-0.00000e+00,2.36000e-02,
1.0376716e+00,2.00001e-01,1.92000e-02,
1.0379646e+00,-0.00000e+00,2.20000e-02,
1.0382576e+00,2.00001e-01,2.32000e-02,
1.0385506e+00,2.00001e-01,2.32000e-02,
1.0388436e+00,-0.00000e+00,2.36000e-02,
1.0391366e+00,-0.00000e+00,2.24000e-02,
1.0394297e+00,-0.00000e+00,2.32000e-02,
1.0397227e+00,-0.00000e+00,2.40000e-02,
1.0400157e+00,-0.00000e+00,2.40000e-02,
1.0403087e+00,2.00001e-01,2.20000e-02,
1.0406017e+00,2.00001e-01,2.40000e-02,
1.0408947e+00,-0.00000e+00,2.48000e-02,
1.0411878e+00,-0.00000e+00,2.44000e-02,
1.0414808e+00,-0.00000e+00,2.32000e-02,
1.0417738e+00,-0.00000e+00,2.40000e-02,
1.0420668e+00,2.00001e-01,2.32000e-02,
1.0423598e+00,2.00001e-01,2.32000e-02,
1.0426528e+00,2.00001e-01,2.40000e-02,
1.0429459e+00,2.00001e-01,2.36000e-02,
1.0432389e+00,-0.00000e+00,2.28000e-02,
1.0435319e+00,-0.00000e+00,2.08000e-02,
1.0438249e+00,-0.00000e+00,2.36000e-02,
1.0441179e+00,-0.00000e+00,2.52000e-02,
1.0444109e+00,2.00001e-01,2.24000e-02,
1.0447040e+00,2.00001e-01,2.36000e-02,
1.0449970e+00,2.00001e-01,2.32000e-02,
1.0452900e+00,-0.00000e+00,2.24000e-02,
1.0455830e+00,2.00001e-01,2.36000e-02,
1.0458760e+00,-0.00000e+00,2.24000e-02,
1.0461690e+00,-0.00000e+00,2.36000e-02,
1.0464621e+00,-0.00000e+00,2.20000e-02,
1.0467551e+00,2.00001e-01,2.32000e-02,
1.0470481e+00,-0.00000e+00,2.28000e-02,
1.0473411e+00,2.00001e-01,2.24000e-02,
1.0476341e+00,2.00001e-01,2.32000e-02,
1.0479271e+00,-0.00000e+00,2.28000e-02,
1.0482202e+00,-0.00000e+00,2.32000e-02,
1.0485132e+00,-0.00000e+00,2.40000e-02,
1.0488062e+00,-0.00000e+00,2.32000e-02,
1.0490992e+00,2.00001e-01,2.24000e-02,
1.0493922e+00,-0.00000e+00,2.24000e-02,
1.0496852e+00,2.00001e-01,2.20000e-02,
1.0499783e+00,-0.00000e+00,2.40000e-02,
1.0502713e+00,-0.00000e+00,2.36000e-02,
1.0505643e+00,2.00001e-01,2.20000e-02,
1.0508573e+00,-0.00000e+00,2.16000e-02,
1.0511503e+00,2.00001e-01,2.28000e-02,
1.0514433e+00,-0.00000e+00,2.16000e-02,
1.0517364e+00,-0.00000e+00,2.32000e-02,
1.0520294e+00,-0.00000e+00,2.32000e-02,
1.0523224e+00,-0.00000e+00,2.28000e-02,
1.0526154e+00,2.00001e-01,2.40000e-02,
1.0529084e+00,2.00001e-01,2.24000e-02,
1.0532014e+00,2.00001e-01,2.32000e-02,
1.0534945e+00,-0.00000e+00,2.16000e-02,
1.0537875e+00,-0.00000e+00,2.24000e-02,
1.0540805e+00,2.00001e-01,2.24000e-02,
1.0543735e+00,2.00001e-01,2.24000e-02,
1.0546665e+00,-0.00000e+00,2.24000e-02,
1.0549595e+00,2.00001e-01,2.32000e-02,
1.0552526e+00,-0.00000e+00,2.08000e-02,
1.0555456e+00,2.00001e-01,2.24000e-02,
1.0558386e+00,2.00001e-01,2.28000e-02,
1.0561316e+00,-0.00000e+00,2.28000e-02,
1.0564246e+00,-0.00000e+00,2.40000e-02,
1.0567176e+00,-0.00000e+00,2.48000e-02,
1.0570107e+00,-0.00000e+00,2.32000e-02,
1.0573037e+00,-0.00000e+00,2.40000e-02,
1.0575967e+00,2.00001e-01,2.40000e-02,
1.0578897e+00,2.00001e-01,2.36000e-02,
1.0581827e+00,2.00001e-01,2.32000e-02,
1.0584757e+00,2.00001e-01,2.24000e-02,
1.0587687e+00,-0.00000e+00,2.24000e-02,
1.0590618e+00,2.00001e-01,2.24000e-02,
1.0593548e+00,2.00001e-01,1.76000e-02,
1.0596478e+00,-0.00000e+00,2.24000e-02,
1.0599408e+00,-0.00000e+00,2.32000e-02,
1.0602338e+00,2.00001e-01,2.24000e-02,
1.0605268e+00,2.00001e-01,2.40000e-02,
1.0608199e+00,-0.00000e+00,2.40000e-02,
1.0611129e+00,-0.00000e+00,2.40000e-02,
1.0614059e+00,-0.00000e+00,2.32000e-02,
1.0616989e+00,-0.00000e+00,2.32000e-02,
1.0619919e+00,2.00001e-01,2.32000e-02,
1.0622849e+00,-0.00000e+00,2.24000e-02,
1.0625780e+00,2.00001e-01,1.96000e-02,
1.0628710e+00,2.00001e-01,2.36000e-02,
1.0631640e+00,2.00001e-01,2.32000e-02,
1.0634570e+00,2.00001e-01,2.36000e-02,
1.0637500e+00,-0.00000e+00,2.24000e-02,
1.0640430e+00,2.00001e-01,2.48000e-02,
1.0643361e+00,2.00001e-01,2.44000e-02,
1.0646291e+00,-0.00000e+00,2.36000e-02,
1.0649221e+00,2.00001e-01,2.40000e-02,
1.0652151e+00,-0.00000e+00,2.36000e-02,
1.0655081e+00,-0.00000e+00,2.40000e-02,
1.0658011e+00,2.00001e-01,2.36000e-02,
1.0660942e+00,-0.00000e+00,2.24000e-02,
1.0663872e+00,-0.00000e+00,2.40000e-02,
1.0666802e+00,-0.00000e+00,2.36000e-02,
1.0669732e+00,2.00001e-01,2.36000e-02,
1.0672662e+00,-0.00000e+00,2.32000e-02,
1.0675592e+00,2.00001e-01,2.20000e-02,
1.0678523e+00,-0.00000e+00,2.36000e-02,
1.0681453e+00,2.00001e-01,2.44000e-02,
1.0684383e+00,2.00001e-01,2.24000e-02,
1.0687313e+00,-0.00000e+00,2.40000e-02,
1.0690243e+00,-0.00000e+00,2.36000e-02,
1.0693173e+00,-0.00000e+00,2.48000e-02,
1.0696104e+00,-0.00000e+00,2.24000e-02,
1.0699034e+00,-0.00000e+00,2.28000e-02,
1.0701964e+00,2.00001e-01,2.32000e-02,
1.0704894e+00,2.00001e-01,2.24000e-02,
1.0707824e+00,2.00001e-01,2.36000e-02,
1.0710754e+00,-0.00000e+00,2.40000e-02,
1.0713685e+00,2.00001e-01,2.28000e-02,
1.0716615e+00,2.00001e-01,2.04000e-02,
1.0719545e+00,2.00001e-01,2.24000e-02,
1.0722475e+00,-0.00000e+00,2.36000e-02,
1.0725405e+00,2.00001e-01,2.32000e-02,
1.0728335e+00,2.00001e-01,2.48000e-02,
1.0731266e+00,2.00001e-01,2.36000e-02,
1.0734196e+00,2.00001e-01,2.20000e-02,
1.0737126e+00,-0.00000e+00,2.32000e-02,
1.0740056e+00,-0.00000e+00,2.08000e-02,
1.0742986e+00,2.00001e-01,2.24000e-02,
1.0745916e+00,2.00001e-01,2.36000e-02,
1.0748847e+00,-0.00000e+00,2.40000e-02,
1.0751777e+00,2.00001e-01,2.32000e-02,
1.0754707e+00,2.00001e-01,2.40000e-02,
1.0757637e+00,-0.00000e+00,2.36000e-02,
1.0760567e+00,-0.00000e+00,2.36000e-02,
1.0763497e+00,2.00001e-01,2.24000e-02,
1.0766428e+00,-0.00000e+00,2.44000e-02,
1.0769358e+00,-0.00000e+00,2.32000e-02,
1.0772288e+00,2.00001e-01,2.40000e-02,
1.0775218e+00,-0.00000e+00,2.24000e-02,
1.0778148e+00,-0.00000e+00,2.16000e-02,
1.0781078e+00,-0.00000e+00,1.88000e-02,
1.0784009e+00,2.00001e-01,2.96000e-02,
1.0786939e+00,2.00001e-01,2.24000e-02,
1.0789869e+00,2.00001e-01,2.32000e-02,
1.0792799e+00,-0.00000e+00,2.40000e-02,
1.0795729e+00,2.00001e-01,2.32000e-02,
1.0798659e+00,-0.00000e+00,2.52000e-02,
1.0801589e+00,-0.00000e+00,2.48000e-02,
1.0804520e+00,2.00001e-01,2.40000e-02,
1.0807450e+00,2.00001e-01,2.24000e-02,
1.0810380e+00,2.00001e-01,2.28000e-02,
1.0813310e+00,-0.00000e+00,2.28000e-02,
1.0816240e+00,-0.00000e+00,2.36000e-02,
1.0819170e+00,2.00001e-01,2.32000e-02,
1.0822101e+00,2.00001e-01,2.32000e-02,
1.0825031e+00,2.00001e-01,2.40000e-02,
1.0827961e+00,-0.00000e+00,2.36000e-02,
1.0830891e+00,2.00001e-01,2.36000e-02,
1.0833821e+00,-0.00000e+00,2.36000e-02,
1.0836751e+00,-0.00000e+00,2.40000e-02,
1.0839682e+00,2.00001e-01,1.76000e-02,
1.0842612e+00,-0.00000e+00,2.48000e-02,
1.0845542e+00,-0.00000e+00,2.40000e-02,
1.0848472e+00,2.00001e-01,2.40000e-02,
1.0851402e+00,2.00001e-01,2.40000e-02,
1.0854332e+00,-0.00000e+00,2.36000e-02,
1.0857263e+00,-0.00000e+00,2.24000e-02,
1.0860193e+00,2.00001e-01,2.40000e-02,
1.0863123e+00,-0.00000e+00,2.28000e-02,
1.0866053e+00,-0.00000e+00,2.40000e-02,
1.0868983e+00,2.00001e-01,2.52000e-02,
1.0871913e+00,-0.00000e+00,2.32000e-02,
1.0874844e+00,2.00001e-01,2.16000e-02,
1.0877774e+00,2.00001e-01,2.40000e-02,
1.0880704e+00,2.00001e-01,2.32000e-02,
1.0883634e+00,2.00001e-01,2.32000e-02,
1.0886564e+00,2.00001e-01,2.40000e-02,
1.0889494e+00,2.00001e-01,2.60000e-02,
1.0892425e+00,-0.00000e+00,2.48000e-02,
1.0895355e+00,-0.00000e+00,2.32000e-02,
1.0898285e+00,-0.00000e+00,2.40000e-02,
1.0901215e+00,-0.00000e+00,2.40000e-02,
1.0904145e+00,2.00001e-01,2.28000e-02,
1.0907075e+00,2.00001e-01,2.40000e-02,
1.0910006e+00,2.00001e-01,2.32000e-02,
1.0912936e+00,2.00001e-01,2.32000e-02,
1.0915866e+00,2.00001e-01,2.36000e-02,
1.0918796e+00,2.00001e-01,2.36000e-02,
1.0921726e+00,2.00001e-01,2.32000e-02,
1.0924656e+00,2.00001e-01,2.40000e-02,
1.0927587e+00,2.00001e-01,2.48000e-02,
1.0930517e+00,2.00001e-01,2.48000e-02,
1.0933447e+00,2.00001e-01,2.44000e-02,
1.0936377e+00,-0.00000e+00,2.40000e-02,
1.0939307e+00,-0.00000e+00,2.24000e-02,
1.0942237e+00,-0.00000e+00,2.40000e-02,
1.0945168e+00,-0.00000e+00,2.36000e-02,
1.0948098e+00,2.00001e-01,2.40000e-02,
1.0951028e+00,2.00001e-01,2.32000e-02,
1.0953958e+00,2.00001e-01,2.32000e-02,
1.0956888e+00,2.00001e-01,2.32000e-02,
1.0959818e+00,-0.00000e+00,2.24000e-02,
1.0962749e+00,-0.00000e+00,2.32000e-02,
1.0965679e+00,-0.00000e+00,2.44000e-02,
1.0968609e+00,2.00001e-01,2.24000e-02,
1.0971539e+00,-0.00000e+00,2.36000e-02,
1.0974469e+00,2.00001e-01,2.40000e-02,
1.0977399e+00,-0.00000e+00,2.32000e-02,
1.0980330e+00,-0.00000e+00,2.40000e-02,
1.0983260e+00,2.00001e-01,2.36000e-02,
1.0986190e+00,-0.00000e+00,2.40000e-02,
1.0989120e+00,-0.00000e+00,2.40000e-02,
1.0992050e+00,2.00001e-01,2.36000e-02,
1.0994980e+00,2.00001e-01,2.28000e-02,
1.0997910e+00,-0.00000e+00,2.40000e-02,
1.1000841e+00,2.00001e-01,2.40000e-02,
1.1003771e+00,2.00001e-01,2.24000e-02,
1.1006701e+00,2.00001e-01,2.40000e-02,
1.1009631e+00,-0.00000e+00,2.40000e-02,
1.1012561e+00,-0.00000e+00,2.28000e-02,
1.1015491e+00,-0.00000e+00,2.44000e-02,
1.1018422e+00,-0.00000e+00,2.40000e-02,
1.1021352e+00,-0.00000e+00,2.32000e-02,
1.1024282e+00,-0.00000e+00,2.48000e-02,
1.1027212e+00,2.00001e-01,2.36000e-02,
1.1030142e+00,-0.00000e+00,2.40000e-02,
1.1033072e+00,2.00001e-01,2.44000e-02,
1.1036003e+00,2.00001e-01,2.40000e-02,
1.1038933e+00,2.00001e-01,2.40000e-02,
1.1041863e+00,2.00001e-01,2.40000e-02,
1.1044793e+00,-0.00000e+00,2.52000e-02,
1.1047723e+00,2.00001e-01,2.44000e-02,
1.1050653e+00,-0.00000e+00,2.48000e-02,
1.1053584e+00,2.00001e-01,2.48000e-02,
1.1056514e+00,2.00001e-01,2.52000e-02,
1.1059444e+00,-0.00000e+00,2.48000e-02,
1.1062374e+00,-0.00000e+00,2.40000e-02,
1.1065304e+00,2.00001e-01,2.44000e-02,
1.1068234e+00,-0.00000e+00,2.36000e-02,
1.1071165e+00,2.00001e-01,2.40000e-02,
1.1074095e+00,-0.00000e+00,2.36000e-02,
1.1077025e+00,2.00001e-01,2.20000e-02,
1.1079955e+00,2.00001e-01,2.32000e-02,
1.1082885e+00,-0.00000e+00,2.40000e-02,
1.1085815e+00,-0.00000e+00,2.36000e-02,
1.1088746e+00,2.00001e-01,2.52000e-02,
1.1091676e+00,2.00001e-01,2.44000e-02,
1.1094606e+00,2.00001e-01,2.44000e-02,
1.1097536e+00,-0.00000e+00,2.48000e-02,
1.1100466e+00,2.00001e-01,2.40000e-02,
1.1103396e+00,2.00001e-01,2.48000e-02,
1.1106327e+00,-0.00000e+00,2.40000e-02,
1.1109257e+00,2.00001e-01,2.40000e-02,
1.1112187e+00,2.00001e-01,2.48000e-02,
1.1115117e+00,2.00001e-01,2.40000e-02,
1.1118047e+00,2.00001e-01,2.40000e-02,
1.1120977e+00,4.00000e-01,2.36000e-02,
1.1123908e+00,-0.00000e+00,2.40000e-02,
1.1126838e+00,2.00001e-01,2.32000e-02,
1.1129768e+00,-0.00000e+00,2.40000e-02,
1.1132698e+00,2.00001e-01,2.40000e-02,
1.1135628e+00,-0.00000e+00,2.48000e-02,
1.1138558e+00,2.00001e-01,2.40000e-02,
1.1141489e+00,-0.00000e+00,2.40000e-02,
1.1144419e+00,-0.00000e+00,2.32000e-02,
1.1147349e+00,-0.00000e+00,2.36000e-02,
1.1150279e+00,-0.00000e+00,2.24000e-02,
1.1153209e+00,2.00001e-01,2.36000e-02,
1.1156139e+00,-0.00000e+00,2.44000e-02,
1.1159070e+00,2.00001e-01,2.24000e-02,
1.1162000e+00,-0.00000e+00,2.40000e-02,
1.1164930e+00,2.00001e-01,2.36000e-02,
1.1167860e+00,-0.00000e+00,2.32000e-02,
1.1170790e+00,2.00001e-01,2.36000e-02,
1.1173720e+00,2.00001e-01,2.24000e-02,
1.1176651e+00,-0.00000e+00,2.36000e-02,
1.1179581e+00,2.00001e-01,2.44000e-02,
1.1182511e+00,2.00001e-01,2.48000e-02,
1.1185441e+00,2.00001e-01,2.76000e-02,
1.1188371e+00,2.00001e-01,2.32000e-02,
1.1191301e+00,-0.00000e+00,2.40000e-02,
1.1194232e+00,2.00001e-01,2.40000e-02,
1.1197162e+00,2.00001e-01,2.36000e-02,
1.1200092e+00,-0.00000e+00,2.32000e-02,
1.1203022e+00,-0.00000e+00,2.20000e-02,
1.1205952e+00,-0.00000e+00,2.32000e-02,
1.1208882e+00,-0.00000e+00,2.48000e-02,
1.1211812e+00,-0.00000e+00,2.40000e-02,
1.1214743e+00,2.00001e-01,2.36000e-02,
1.1217673e+00,-0.00000e+00,2.48000e-02,
1.1220603e+00,2.00001e-01,2.48000e-02,
1.1223533e+00,2.00001e-01,2.40000e-02,
1.1226463e+00,2.00001e-01,2.44000e-02,
1.1229393e+00,-0.00000e+00,2.48000e-02,
1.1232324e+00,-0.00000e+00,2.52000e-02,
1.1235254e+00,2.00001e-01,2.40000e-02,
1.1238184e+00,2.00001e-01,2.40000e-02,
1.1241114e+00,2.00001e-01,2.40000e-02,
1.1244044e+00,2.00001e-01,2.52000e-02,
1.1246974e+00,-0.00000e+00,2.40000e-02,
1.1249905e+00,-0.00000e+00,2.44000e-02,
1.1252835e+00,2.00001e-01,2.40000e-02,
1.1255765e+00,2.00001e-01,2.48000e-02,
1.1258695e+00,2.00001e-01,2.52000e-02,
1.1261625e+00,-0.00000e+00,2.52000e-02,
1.1264555e+00,2.00001e-01,2.48000e-02,
1.1267486e+00,-0.00000e+00,2.48000e-02,
1.1270416e+00,-0.00000e+00,2.48000e-02,
1.1273346e+00,2.00001e-01,2.48000e-02,
1.1276276e+00,2.00001e-01,2.40000e-02,
1.1279206e+00,2.00001e-01,2.40000e-02,
1.1282136e+00,2.00001e-01,2.40000e-02,
1.1285067e+00,-0.00000e+00,2.40000e-02,
1.1287997e+00,-0.00000e+00,2.40000e-02,
1.1290927e+00,2.00001e-01,2.40000e-02,
1.1293857e+00,-0.00000e+00,2.36000e-02,
1.1296787e+00,2.00001e-01,2.72000e-02,
1.1299717e+00,-0.00000e+00,2.48000e-02,
1.1302648e+00,-0.00000e+00,2.40000e-02,
1.1305578e+00,2.00001e-01,2.52000e-02,
1.1308508e+00,-0.00000e+00,2.52000e-02,
1.1311438e+00,2.00001e-01,2.44000e-02,
1.1314368e+00,-0.00000e+00,2.48000e-02,
1.1317298e+00,2.00001e-01,2.48000e-02,
1.1320229e+00,-0.00000e+00,2.40000e-02,
1.1323159e+00,-0.00000e+00,2.36000e-02,
1.1326089e+00,-0.00000e+00,2.48000e-02,
1.1329019e+00,-0.00000e+00,2.32000e-02,
1.1331949e+00,-0.00000e+00,2.40000e-02,
1.1334879e+00,-0.00000e+00,2.40000e-02,
1.1337810e+00,2.00001e-01,2.40000e-02,
1.1340740e+00,-0.00000e+00,2.40000e-02,
1.1343670e+00,2.00001e-01,2.48000e-02,
1.1346600e+00,2.00001e-01,2.36000e-02,
1.1349530e+00,-0.00000e+00,2.48000e-02,
1.1352460e+00,-0.00000e+00,2.36000e-02,
1.1355391e+00,2.00001e-01,2.48000e-02,
1.1358321e+00,-0.00000e+00,2.40000e-02,
1.1361251e+00,-0.00000e+00,2.24000e-02,
1.1364181e+00,2.00001e-01,2.40000e-02,
1.1367111e+00,2.00001e-01,2.28000e-02,
1.1370041e+00,2.00001e-01,2.24000e-02,
1.1372972e+00,2.00001e-01,2.40000e-02,
1.1375902e+00,-0.00000e+00,2.40000e-02,
1.1378832e+00,2.00001e-01,2.48000e-02,
1.1381762e+00,2.00001e-01,2.40000e-02,
1.1384692e+00,-0.00000e+00,2.44000e-02,
1.1387622e+00,-0.00000e+00,2.48000e-02,
1.1390553e+00,-0.00000e+00,2.44000e-02,
1.1393483e+00,2.00001e-01,2.40000e-02,
1.1396413e+00,-0.00000e+00,2.52000e-02,
1.1399343e+00,2.00001e-01,2.48000e-02,
1.1402273e+00,-0.00000e+00,2.52000e-02,
1.1405203e+00,-0.00000e+00,2.40000e-02,
1.1408134e+00,2.00001e-01,2.40000e-02,
1.1411064e+00,-0.00000e+00,2.40000e-02,
1.1413994e+00,-0.00000e+00,2.48000e-02,
1.1416924e+00,-0.00000e+00,2.48000e-02,
1.1419854e+00,2.00001e-01,2.32000e-02,
1.1422784e+00,-0.00000e+00,2.48000e-02,
1.1425714e+00,-0.00000e+00,2.48000e-02,
1.1428645e+00,-0.00000e+00,2.40000e-02,
1.1431575e+00,-0.00000e+00,2.48000e-02,
1.1434505e+00,-0.00000e+00,2.12000e-02,
1.1437435e+00,-0.00000e+00,2.48000e-02,
1.1440365e+00,2.00001e-01,2.52000e-02,
1.1443295e+00,-0.00000e+00,2.52000e-02,
1.1446226e+00,-0.00000e+00,2.40000e-02,
1.1449156e+00,-0.00000e+00,2.48000e-02,
1.1452086e+00,-0.00000e+00,2.36000e-02,
1.1455016e+00,-0.00000e+00,2.48000e-02,
1.1457946e+00,-0.00000e+00,2.64000e-02,
1.1460876e+00,-0.00000e+00,2.48000e-02,
1.1463807e+00,2.00001e-01,2.48000e-02,
1.1466737e+00,-0.00000e+00,2.48000e-02,
1.1469667e+00,-0.00000e+00,2.48000e-02,
1.1472597e+00,2.00001e-01,2.48000e-02,
1.1475527e+00,2.00001e-01,2.48000e-02,
1.1478457e+00,-0.00000e+00,2.44000e-02,
1.1481388e+00,2.00001e-01,2.48000e-02,
1.1484318e+00,-0.00000e+00,2.32000e-02,
1.1487248e+00,-0.00000e+00,2.40000e-02,
1.1490178e+00,-0.00000e+00,2.48000e-02,
1.1493108e+00,-0.00000e+00,2.28000e-02,
1.1496038e+00,2.00001e-01,2.44000e-02,
1.1498969e+00,-0.00000e+00,2.48000e-02,
1.1501899e+00,-0.00000e+00,2.60000e-02,
1.1504829e+00,-0.00000e+00,2.40000e-02,
1.1507759e+00,2.00001e-01,2.44000e-02,
1.1510689e+00,-0.00000e+00,2.48000e-02,
1.1513619e+00,-0.00000e+00,2.48000e-02,
1.1516550e+00,2.00001e-01,2.48000e-02,
1.1519480e+00,-0.00000e+00,2.36000e-02,
1.1522410e+00,-0.00000e+00,2.40000e-02,
1.1525340e+00,-0.00000e+00,2.76000e-02,
1.1528270e+00,2.00001e-01,2.48000e-02,
1.1531200e+00,2.00001e-01,2.52000e-02,
1.1534131e+00,2.00001e-01,2.24000e-02,
1.1537061e+00,2.00001e-01,2.40000e-02,
1.1539991e+00,2.00001e-01,2.52000e-02,
1.1542921e+00,-0.00000e+00,2.44000e-02,
1.1545851e+00,2.00001e-01,2.48000e-02,
1.1548781e+00,-0.00000e+00,2.36000e-02,
1.1551712e+00,-0.00000e+00,2.48000e-02,
1.1554642e+00,-0.00000e+00,2.52000e-02,
1.1557572e+00,-0.00000e+00,2.48000e-02,
1.1560502e+00,-0.00000e+00,2.36000e-02,
1.1563432e+00,-0.00000e+00,2.48000e-02,
1.1566362e+00,-0.00000e+00,2.48000e-02,
1.1569293e+00,2.00001e-01,2.44000e-02,
1.1572223e+00,-0.00000e+00,2.40000e-02,
1.1575153e+00,2.00001e-01,2.44000e-02,
1.1578083e+00,2.00001e-01,2.40000e-02,
1.1581013e+00,-0.00000e+00,2.48000e-02,
1.1583943e+00,2.00001e-01,2.52000e-02,
1.1586874e+00,-0.00000e+00,2.48000e-02,
1.1589804e+00,-0.00000e+00,2.52000e-02,
1.1592734e+00,-0.00000e+00,2.48000e-02,
1.1595664e+00,-0.00000e+00,2.52000e-02,
1.1598594e+00,2.00001e-01,2.48000e-02,
1.1601524e+00,-0.00000e+00,2.52000e-02,
1.1604455e+00,2.00001e-01,2.52000e-02,
1.1607385e+00,2.00001e-01,2.44000e-02,
1.1610315e+00,2.00001e-01,2.48000e-02,
1.1613245e+00,-0.00000e+00,2.52000e-02,
1.1616175e+00,-0.00000e+00,2.64000e-02,
1.1619105e+00,2.00001e-01,2.48000e-02,
1.1622036e+00,2.00001e-01,2.44000e-02,
1.1624966e+00,2.00001e-01,2.40000e-02,
1.1627896e+00,-0.00000e+00,2.56000e-02,
1.1630826e+00,-0.00000e+00,2.48000e-02,
1.1633756e+00,2.00001e-01,2.52000e-02,
1.1636686e+00,2.00001e-01,2.48000e-02,
1.1639616e+00,-0.00000e+00,2.48000e-02,
1.1642547e+00,2.00001e-01,2.52000e-02,
1.1645477e+00,-0.00000e+00,2.40000e-02,
1.1648407e+00,-0.00000e+00,2.08000e-02,
1.1651337e+00,-0.00000e+00,2.60000e-02,
1.1654267e+00,2.00001e-01,2.40000e-02,
1.1657197e+00,-0.00000e+00,2.44000e-02,
1.1660128e+00,2.00001e-01,2.40000e-02,
1.1663058e+00,-0.00000e+00,2.52000e-02,
1.1665988e+00,-0.00000e+00,2.48000e-02,
1.1668918e+00,-0.00000e+00,2.52000e-02,
1.1671848e+00,2.00001e-01,2.48000e-02,
1.1674778e+00,-0.00000e+00,2.52000e-02,
1.1677709e+00,2.00001e-01,2.60000e-02,
1.1680639e+00,-0.00000e+00,2.60000e-02,
1.1683569e+00,2.00001e-01,2.44000e-02,
1.1686499e+00,-0.00000e+00,2.40000e-02,
1.1689429e+00,-0.00000e+00,2.48000e-02,
1.1692359e+00,2.00001e-01,2.40000e-02,
1.1695290e+00,-0.00000e+00,2.48000e-02,
1.1698220e+00,-0.00000e+00,2.36000e-02,
1.1701150e+00,2.00001e-01,2.48000e-02,
1.1704080e+00,-0.00000e+00,2.52000e-02,
1.1707010e+00,2.00001e-01,2.48000e-02,
1.1709940e+00,-0.00000e+00,2.52000e-02,
1.1712871e+00,2.00001e-01,2.48000e-02,
1.1715801e+00,-0.00000e+00,2.52000e-02,
1.1718731e+00,-0.00000e+00,2.48000e-02,
1.1721661e+00,-0.00000e+00,2.40000e-02,
1.1724591e+00,-0.00000e+00,2.32000e-02,
1.1727521e+00,2.00001e-01,2.32000e-02,
1.1730452e+00,2.00001e-01,2.24000e-02,
1.1733382e+00,2.00001e-01,2.48000e-02,
1.1736312e+00,-0.00000e+00,2.48000e-02,
1.1739242e+00,-0.00000e+00,2.40000e-02,
1.1742172e+00,-0.00000e+00,2.48000e-02,
1.1745102e+00,2.00001e-01,2.52000e-02,
1.1748033e+00,2.00001e-01,2.68000e-02,
1.1750963e+00,-0.00000e+00,2.52000e-02,
1.1753893e+00,-0.00000e+00,2.52000e-02,
1.1756823e+00,-0.00000e+00,2.56000e-02,
1.1759753e+00,-0.00000e+00,2.56000e-02,
1.1762683e+00,-0.00000e+00,2.92000e-02,
1.1765614e+00,2.00001e-01,2.48000e-02,
1.1768544e+00,2.00001e-01,2.40000e-02,
1.1771474e+00,-0.00000e+00,2.60000e-02,
1.1774404e+00,2.00001e-01,2.72000e-02,
1.1777334e+00,2.00001e-01,2.52000e-02,
1.1780264e+00,2.00001e-01,2.52000e-02,
1.1783195e+00,-0.00000e+00,2.48000e-02,
1.1786125e+00,2.00001e-01,2.52000e-02,
1.1789055e+00,-0.00000e+00,2.60000e-02,
1.1791985e+00,-0.00000e+00,2.52000e-02,
1.1794915e+00,2.00001e-01,2.48000e-02,
1.1797845e+00,-0.00000e+00,2.48000e-02,
1.1800776e+00,-0.00000e+00,2.48000e-02,
1.1803706e+00,-0.00000e+00,2.64000e-02,
1.1806636e+00,-0.00000e+00,2.52000e-02,
1.1809566e+00,-0.00000e+00,2.48000e-02,
1.1812496e+00,-0.00000e+00,2.48000e-02,
1.1815426e+00,-0.00000e+00,2.52000e-02,
1.1818357e+00,-0.00000e+00,2.52000e-02,
1.1821287e+00,-0.00000e+00,2.64000e-02,
1.1824217e+00,-0.00000e+00,2.52000e-02,
1.1827147e+00,-0.00000e+00,2.52000e-02,
1.1830077e+00,-0.00000e+00,2.52000e-02,
1.1833007e+00,2.00001e-01,2.52000e-02,
1.1835938e+00,2.00001e-01,2.76000e-02,
1.1838868e+00,-0.00000e+00,2.48000e-02,
1.1841798e+00,-0.00000e+00,2.52000e-02,
1.1844728e+00,-0.00000e+00,2.48000e-02,
1.1847658e+00,-0.00000e+00,2.52000e-02,
1.1850588e+00,2.00001e-01,2.52000e-02,
1.1853518e+00,2.00001e-01,2.52000e-02,
1.1856449e+00,-0.00000e+00,2.48000e-02,
1.1859379e+00,-0.00000e+00,2.44000e-02,
1.1862309e+00,-0.00000e+00,2.48000e-02,
1.1865239e+00,-0.00000e+00,2.68000e-02,
1.1868169e+00,-0.00000e+00,2.48000e-02,
1.1871099e+00,2.00001e-01,2.52000e-02,
1.1874030e+00,-0.00000e+00,2.48000e-02,
1.1876960e+00,-0.00000e+00,2.48000e-02,
1.1879890e+00,2.00001e-01,2.64000e-02,
1.1882820e+00,-0.00000e+00,2.48000e-02,
1.1885750e+00,-0.00000e+00,2.60000e-02,
1.1888680e+00,-0.00000e+00,2.44000e-02,
1.1891611e+00,2.00001e-01,2.48000e-02,
1.1894541e+00,2.00001e-01,2.60000e-02,
1.1897471e+00,2.00001e-01,2.48000e-02,
1.1900401e+00,-0.00000e+00,2.48000e-02,
1.1903331e+00,-0.00000e+00,2.52000e-02,
1.1906261e+00,-0.00000e+00,2.48000e-02,
1.1909192e+00,2.00001e-01,2.56000e-02,
1.1912122e+00,-0.00000e+00,2.48000e-02,
1.1915052e+00,2.00001e-01,2.60000e-02,
1.1917982e+00,2.00001e-01,2.80000e-02,
1.1920912e+00,-0.00000e+00,2.48000e-02,
1.1923842e+00,-0.00000e+00,2.60000e-02,
1.1926773e+00,2.00001e-01,2.48000e-02,
1.1929703e+00,2.00001e-01,2.48000e-02,
1.1932633e+00,2.00001e-01,2.52000e-02,
1.1935563e+00,-0.00000e+00,2.40000e-02,
1.1938493e+00,2.00001e-01,2.44000e-02,
1.1941423e+00,2.00001e-01,2.52000e-02,
1.1944354e+00,-0.00000e+00,2.52000e-02,
1.1947284e+00,-0.00000e+00,2.52000e-02,
1.1950214e+00,-0.00000e+00,2.24000e-02,
1.1953144e+00,-0.00000e+00,2.52000e-02,
1.1956074e+00,-0.00000e+00,2.48000e-02,
1.1959004e+00,2.00001e-01,2.60000e-02,
1.1961935e+00,2.00001e-01,2.52000e-02,
1.1964865e+00,-0.00000e+00,2.52000e-02,
1.1967795e+00,2.00001e-01,2.52000e-02,
1.1970725e+00,2.00001e-01,2.52000e-02,
1.1973655e+00,-0.00000e+00,2.52000e-02,
1.1976585e+00,-0.00000e+00,2.44000e-02,
1.1979516e+00,-0.00000e+00,2.40000e-02,
1.1982446e+00,1.42000e+01,5.56000e-02,
1.1985376e+00,1.38000e+01,5.56000e-02,
1.1988306e+00,1.48000e+01,5.44000e-02,
1.1991236e+00,4.40000e+00,5.68000e-02,
1.1994166e+00,1.56000e+01,3.56000e-02,
1.1997097e+00,1.50000e+01,5.80000e-02,
