time[s]	CH1[V]	CH2[V] (num. of cycles: 1)
0.000000000000000000e+00	1.000000000000000082e-05	2.000000000000000164e-05
3.000000000000000076e-05	4.000000000000000327e-05	5.000000000000000240e-05
6.000000000000000152e-05	6.999999999999999387e-05	8.000000000000000654e-05
9.000000000000000567e-05	1.000000000000000048e-04	1.100000000000000039e-04
1.200000000000000030e-04	1.299999999999999886e-04	1.399999999999999877e-04
1.499999999999999869e-04	1.600000000000000131e-04	1.700000000000000122e-04
1.800000000000000113e-04	1.900000000000000105e-04	2.000000000000000096e-04
2.100000000000000087e-04	2.200000000000000078e-04	2.300000000000000070e-04
2.400000000000000061e-04	2.500000000000000052e-04	2.599999999999999772e-04
2.700000000000000035e-04	2.799999999999999755e-04	2.900000000000000017e-04
2.999999999999999737e-04	3.099999999999999999e-04	3.200000000000000262e-04
3.299999999999999982e-04	3.400000000000000244e-04	3.499999999999999964e-04
3.600000000000000227e-04	3.699999999999999947e-04	3.800000000000000209e-04
3.899999999999999929e-04	4.000000000000000192e-04	4.099999999999999912e-04
4.200000000000000174e-04	4.299999999999999894e-04	4.400000000000000157e-04
4.499999999999999877e-04	4.600000000000000139e-04	4.699999999999999859e-04
4.800000000000000122e-04	4.899999999999999842e-04	5.000000000000000104e-04
5.100000000000000366e-04	5.199999999999999544e-04	5.299999999999999807e-04
5.400000000000000069e-04	5.500000000000000331e-04	5.599999999999999509e-04
5.699999999999999772e-04	5.800000000000000034e-04	5.900000000000000296e-04
5.999999999999999474e-04	6.099999999999999737e-04	6.199999999999999999e-04
6.300000000000000261e-04	6.400000000000000524e-04	6.499999999999999702e-04
6.599999999999999964e-04	6.700000000000000226e-04	6.800000000000000488e-04
6.899999999999999667e-04	6.999999999999999929e-04	7.100000000000000191e-04
7.200000000000000453e-04	7.299999999999999632e-04	7.399999999999999894e-04
7.500000000000000156e-04	7.600000000000000418e-04	7.699999999999999597e-04
7.799999999999999859e-04	7.900000000000000121e-04	8.000000000000000383e-04
8.099999999999999561e-04	8.199999999999999824e-04	8.300000000000000086e-04
8.400000000000000348e-04	8.499999999999999526e-04	8.599999999999999789e-04
8.700000000000000051e-04	8.800000000000000313e-04	8.899999999999999491e-04
8.999999999999999754e-04	9.100000000000000016e-04	9.200000000000000278e-04
9.300000000000000541e-04	9.399999999999999719e-04	9.499999999999999981e-04
9.600000000000000243e-04	9.700000000000000505e-04	9.799999999999999684e-04
9.899999999999999946e-04	1.000000000000000021e-03	1.010000000000000047e-03
1.020000000000000073e-03	1.030000000000000100e-03	1.039999999999999909e-03
1.049999999999999935e-03	1.059999999999999961e-03	1.069999999999999988e-03
1.080000000000000014e-03	1.090000000000000040e-03	1.100000000000000066e-03
1.110000000000000092e-03	1.119999999999999902e-03	1.129999999999999928e-03
1.139999999999999954e-03	1.149999999999999981e-03	1.160000000000000007e-03
1.170000000000000033e-03	1.180000000000000059e-03	1.190000000000000085e-03
1.199999999999999895e-03	1.209999999999999921e-03	1.219999999999999947e-03
1.229999999999999974e-03	1.240000000000000000e-03	1.250000000000000026e-03
1.260000000000000052e-03	1.270000000000000078e-03	1.280000000000000105e-03
1.289999999999999914e-03	1.299999999999999940e-03	1.309999999999999967e-03
1.319999999999999993e-03	1.330000000000000019e-03	1.340000000000000045e-03
1.350000000000000071e-03	1.360000000000000098e-03	1.369999999999999907e-03
1.379999999999999933e-03	1.389999999999999960e-03	1.399999999999999986e-03
1.410000000000000012e-03	1.420000000000000038e-03	1.430000000000000064e-03
1.440000000000000091e-03	1.449999999999999900e-03	1.459999999999999926e-03
1.469999999999999953e-03	1.479999999999999979e-03	1.490000000000000005e-03
1.500000000000000031e-03	1.510000000000000057e-03	1.520000000000000084e-03
1.529999999999999893e-03	1.539999999999999919e-03	1.549999999999999946e-03
1.559999999999999972e-03	1.569999999999999998e-03	1.580000000000000024e-03
1.590000000000000050e-03	1.600000000000000077e-03	1.610000000000000103e-03
1.619999999999999912e-03	1.629999999999999939e-03	1.639999999999999965e-03
1.649999999999999991e-03	1.660000000000000017e-03	1.670000000000000043e-03
1.680000000000000070e-03	1.690000000000000096e-03	1.699999999999999905e-03
1.709999999999999932e-03	1.719999999999999958e-03	1.729999999999999984e-03
1.740000000000000010e-03	1.750000000000000036e-03	1.760000000000000063e-03
1.770000000000000089e-03	1.779999999999999898e-03	1.789999999999999925e-03
1.799999999999999951e-03	1.809999999999999977e-03	1.820000000000000003e-03
1.830000000000000029e-03	1.840000000000000056e-03	1.850000000000000082e-03
1.860000000000000108e-03	1.869999999999999917e-03	1.879999999999999944e-03
1.889999999999999970e-03	1.899999999999999996e-03	1.910000000000000022e-03
1.920000000000000049e-03	1.930000000000000075e-03	1.940000000000000101e-03
1.949999999999999910e-03	1.959999999999999937e-03	1.969999999999999963e-03
1.979999999999999989e-03	1.990000000000000015e-03	2.000000000000000042e-03
2.010000000000000068e-03	2.020000000000000094e-03	2.030000000000000120e-03
2.040000000000000147e-03	2.050000000000000173e-03	2.060000000000000199e-03
2.069999999999999792e-03	2.079999999999999818e-03	2.089999999999999844e-03
2.099999999999999870e-03	2.109999999999999896e-03	2.119999999999999923e-03
2.129999999999999949e-03	2.139999999999999975e-03	2.150000000000000001e-03
2.160000000000000028e-03	2.170000000000000054e-03	2.180000000000000080e-03
2.190000000000000106e-03	2.200000000000000133e-03	2.210000000000000159e-03
2.220000000000000185e-03	2.230000000000000211e-03	2.239999999999999804e-03
2.249999999999999830e-03	2.259999999999999856e-03	2.269999999999999882e-03
2.279999999999999909e-03	2.289999999999999935e-03	2.299999999999999961e-03
2.309999999999999987e-03	2.320000000000000014e-03	2.330000000000000040e-03
2.340000000000000066e-03	2.350000000000000092e-03	2.360000000000000119e-03
2.370000000000000145e-03	2.380000000000000171e-03	2.390000000000000197e-03
2.399999999999999790e-03	2.409999999999999816e-03	2.419999999999999842e-03
2.429999999999999868e-03	2.439999999999999895e-03	2.449999999999999921e-03
2.459999999999999947e-03	2.469999999999999973e-03	2.480000000000000000e-03
2.490000000000000026e-03	2.500000000000000052e-03	2.510000000000000078e-03
2.520000000000000104e-03	2.530000000000000131e-03	2.540000000000000157e-03
2.550000000000000183e-03	2.560000000000000209e-03	2.569999999999999802e-03
2.579999999999999828e-03	2.589999999999999854e-03	2.599999999999999881e-03
2.609999999999999907e-03	2.619999999999999933e-03	2.629999999999999959e-03
2.639999999999999986e-03	2.650000000000000012e-03	2.660000000000000038e-03
2.670000000000000064e-03	2.680000000000000090e-03	2.690000000000000117e-03
2.700000000000000143e-03	2.710000000000000169e-03	2.720000000000000195e-03
2.729999999999999788e-03	2.739999999999999814e-03	2.749999999999999840e-03
2.759999999999999867e-03	2.769999999999999893e-03	2.779999999999999919e-03
2.789999999999999945e-03	2.799999999999999972e-03	2.809999999999999998e-03
2.820000000000000024e-03	2.830000000000000050e-03	2.840000000000000076e-03
2.850000000000000103e-03	2.860000000000000129e-03	2.870000000000000155e-03
2.880000000000000181e-03	2.890000000000000208e-03	2.899999999999999800e-03
2.909999999999999826e-03	2.919999999999999853e-03	2.929999999999999879e-03
2.939999999999999905e-03	2.949999999999999931e-03	2.959999999999999958e-03
2.969999999999999984e-03	2.980000000000000010e-03	2.990000000000000036e-03
3.000000000000000062e-03	3.010000000000000089e-03	3.020000000000000115e-03
3.030000000000000141e-03	3.040000000000000167e-03	3.050000000000000194e-03
3.059999999999999786e-03	3.069999999999999812e-03	3.079999999999999839e-03
3.089999999999999865e-03	3.099999999999999891e-03	3.109999999999999917e-03
3.119999999999999944e-03	3.129999999999999970e-03	3.139999999999999996e-03
3.150000000000000022e-03	3.160000000000000048e-03	3.170000000000000075e-03
3.180000000000000101e-03	3.190000000000000127e-03	3.200000000000000153e-03
3.210000000000000180e-03	3.220000000000000206e-03	3.229999999999999798e-03
3.239999999999999825e-03	3.249999999999999851e-03	3.259999999999999877e-03
3.269999999999999903e-03	3.279999999999999930e-03	3.289999999999999956e-03
3.299999999999999982e-03	3.310000000000000008e-03	3.320000000000000034e-03
3.330000000000000061e-03	3.340000000000000087e-03	3.350000000000000113e-03
3.360000000000000139e-03	3.370000000000000166e-03	3.380000000000000192e-03
3.389999999999999784e-03	3.399999999999999811e-03	3.409999999999999837e-03
3.419999999999999863e-03	3.429999999999999889e-03	3.439999999999999915e-03
3.449999999999999942e-03	3.459999999999999968e-03	3.469999999999999994e-03
3.480000000000000020e-03	3.490000000000000047e-03	3.500000000000000073e-03
3.510000000000000099e-03	3.520000000000000125e-03	3.530000000000000152e-03
3.540000000000000178e-03	3.550000000000000204e-03	3.559999999999999797e-03
3.569999999999999823e-03	3.579999999999999849e-03	3.589999999999999875e-03
3.599999999999999901e-03	3.609999999999999928e-03	3.619999999999999954e-03
3.629999999999999980e-03	3.640000000000000006e-03	3.650000000000000033e-03
3.660000000000000059e-03	3.670000000000000085e-03	3.680000000000000111e-03
3.690000000000000138e-03	3.700000000000000164e-03	3.710000000000000190e-03
3.720000000000000216e-03	3.729999999999999809e-03	3.739999999999999835e-03
3.749999999999999861e-03	3.759999999999999887e-03	3.769999999999999914e-03
3.779999999999999940e-03	3.789999999999999966e-03	3.799999999999999992e-03
3.810000000000000019e-03	3.820000000000000045e-03	3.830000000000000071e-03
3.840000000000000097e-03	3.850000000000000124e-03	3.860000000000000150e-03
3.870000000000000176e-03	3.880000000000000202e-03	3.889999999999999795e-03
3.899999999999999821e-03	3.910000000000000281e-03	3.919999999999999873e-03
3.930000000000000333e-03	3.939999999999999926e-03	3.950000000000000386e-03
3.959999999999999978e-03	3.969999999999999571e-03	3.980000000000000031e-03
3.989999999999999623e-03	4.000000000000000083e-03	4.009999999999999676e-03
4.020000000000000136e-03	4.029999999999999728e-03	4.040000000000000188e-03
4.049999999999999781e-03	4.060000000000000241e-03	4.069999999999999833e-03
4.080000000000000293e-03	4.089999999999999886e-03	4.100000000000000346e-03
4.109999999999999938e-03	4.120000000000000398e-03	4.129999999999999991e-03
4.139999999999999583e-03	4.150000000000000043e-03	4.159999999999999636e-03
4.170000000000000095e-03	4.179999999999999688e-03	4.190000000000000148e-03
4.199999999999999740e-03	4.210000000000000200e-03	4.219999999999999793e-03
4.230000000000000253e-03	4.239999999999999845e-03	4.250000000000000305e-03
4.259999999999999898e-03	4.270000000000000358e-03	4.279999999999999950e-03
4.290000000000000410e-03	4.300000000000000003e-03	4.309999999999999595e-03
4.320000000000000055e-03	4.329999999999999648e-03	4.340000000000000108e-03
4.349999999999999700e-03	4.360000000000000160e-03	4.369999999999999753e-03
4.380000000000000213e-03	4.389999999999999805e-03	4.400000000000000265e-03
4.409999999999999858e-03	4.420000000000000318e-03	4.429999999999999910e-03
4.440000000000000370e-03	4.449999999999999963e-03	4.460000000000000422e-03
4.470000000000000015e-03	4.479999999999999608e-03	4.490000000000000067e-03
4.499999999999999660e-03	4.510000000000000120e-03	4.519999999999999712e-03
4.530000000000000172e-03	4.539999999999999765e-03	4.550000000000000225e-03
4.559999999999999817e-03	4.570000000000000277e-03	4.579999999999999870e-03
4.590000000000000330e-03	4.599999999999999922e-03	4.610000000000000382e-03
4.619999999999999975e-03	4.629999999999999567e-03	4.640000000000000027e-03
4.649999999999999620e-03	4.660000000000000080e-03	4.669999999999999672e-03
4.680000000000000132e-03	4.689999999999999725e-03	4.700000000000000185e-03
4.709999999999999777e-03	4.720000000000000237e-03	4.729999999999999830e-03
4.740000000000000289e-03	4.749999999999999882e-03	4.760000000000000342e-03
4.769999999999999934e-03	4.780000000000000394e-03	4.789999999999999987e-03
4.799999999999999580e-03	4.810000000000000039e-03	4.819999999999999632e-03
4.830000000000000092e-03	4.839999999999999684e-03	4.850000000000000144e-03
4.859999999999999737e-03	4.870000000000000197e-03	4.879999999999999789e-03
4.890000000000000249e-03	4.899999999999999842e-03	4.910000000000000302e-03
4.919999999999999894e-03	4.930000000000000354e-03	4.939999999999999947e-03
4.950000000000000407e-03	4.959999999999999999e-03	4.969999999999999592e-03
4.980000000000000052e-03	4.989999999999999644e-03	5.000000000000000104e-03
5.009999999999999697e-03	5.020000000000000157e-03	5.029999999999999749e-03
5.040000000000000209e-03	5.049999999999999802e-03	5.060000000000000261e-03
5.069999999999999854e-03	5.080000000000000314e-03	5.089999999999999906e-03
5.100000000000000366e-03	5.109999999999999959e-03	5.120000000000000419e-03
5.130000000000000011e-03	5.139999999999999604e-03	5.150000000000000064e-03
5.159999999999999656e-03	5.170000000000000116e-03	5.179999999999999709e-03
5.190000000000000169e-03	5.199999999999999761e-03	5.210000000000000221e-03
5.219999999999999814e-03	5.230000000000000274e-03	5.239999999999999866e-03
5.250000000000000326e-03	5.259999999999999919e-03	5.270000000000000379e-03
5.279999999999999971e-03	5.290000000000000431e-03	5.300000000000000024e-03
5.309999999999999616e-03	5.320000000000000076e-03	5.329999999999999669e-03
5.340000000000000129e-03	5.349999999999999721e-03	5.360000000000000181e-03
5.369999999999999774e-03	5.380000000000000233e-03	5.389999999999999826e-03
5.400000000000000286e-03	5.409999999999999878e-03	5.420000000000000338e-03
5.429999999999999931e-03	5.440000000000000391e-03	5.449999999999999983e-03
5.459999999999999576e-03	5.470000000000000036e-03	5.479999999999999628e-03
5.490000000000000088e-03	5.499999999999999681e-03	5.510000000000000141e-03
5.519999999999999733e-03	5.530000000000000193e-03	5.539999999999999786e-03
5.550000000000000246e-03	5.559999999999999838e-03	5.570000000000000298e-03
5.579999999999999891e-03	5.590000000000000351e-03	5.599999999999999943e-03
5.610000000000000403e-03	5.619999999999999996e-03	5.629999999999999588e-03
5.640000000000000048e-03	5.649999999999999641e-03	5.660000000000000100e-03
5.669999999999999693e-03	5.680000000000000153e-03	5.689999999999999745e-03
5.700000000000000205e-03	5.709999999999999798e-03	5.720000000000000258e-03
5.729999999999999850e-03	5.740000000000000310e-03	5.749999999999999903e-03
5.760000000000000363e-03	5.769999999999999955e-03	5.780000000000000415e-03
5.790000000000000008e-03	5.799999999999999600e-03	5.810000000000000060e-03
5.819999999999999653e-03	5.830000000000000113e-03	5.839999999999999705e-03
5.850000000000000165e-03	5.859999999999999758e-03	5.870000000000000218e-03
5.879999999999999810e-03	5.890000000000000270e-03	5.899999999999999863e-03
5.910000000000000323e-03	5.919999999999999915e-03	5.930000000000000375e-03
5.939999999999999968e-03	5.950000000000000427e-03	5.960000000000000020e-03
5.969999999999999613e-03	5.980000000000000072e-03	5.989999999999999665e-03
6.000000000000000125e-03	6.009999999999999717e-03	6.020000000000000177e-03
6.029999999999999770e-03	6.040000000000000230e-03	6.049999999999999822e-03
6.060000000000000282e-03	6.069999999999999875e-03	6.080000000000000335e-03
6.089999999999999927e-03	6.100000000000000387e-03	6.109999999999999980e-03
6.119999999999999572e-03	6.130000000000000032e-03	6.139999999999999625e-03
6.150000000000000085e-03	6.159999999999999677e-03	6.170000000000000137e-03
6.179999999999999730e-03	6.190000000000000190e-03	6.199999999999999782e-03
6.210000000000000242e-03	6.219999999999999835e-03	6.230000000000000294e-03
6.239999999999999887e-03	6.250000000000000347e-03	6.259999999999999939e-03
6.270000000000000399e-03	6.279999999999999992e-03	6.289999999999999584e-03
6.300000000000000044e-03	6.309999999999999637e-03	6.320000000000000097e-03
6.329999999999999689e-03	6.340000000000000149e-03	6.349999999999999742e-03
6.360000000000000202e-03	6.369999999999999794e-03	6.380000000000000254e-03
6.389999999999999847e-03	6.400000000000000307e-03	6.409999999999999899e-03
6.420000000000000359e-03	6.429999999999999952e-03	6.440000000000000412e-03
6.450000000000000004e-03	6.459999999999999597e-03	6.470000000000000057e-03
6.479999999999999649e-03	6.490000000000000109e-03	6.499999999999999702e-03
6.510000000000000162e-03	6.519999999999999754e-03	6.530000000000000214e-03
6.539999999999999807e-03	6.550000000000000266e-03	6.559999999999999859e-03
6.570000000000000319e-03	6.579999999999999911e-03	6.590000000000000371e-03
6.599999999999999964e-03	6.610000000000000424e-03	6.620000000000000016e-03
6.629999999999999609e-03	6.640000000000000069e-03	6.649999999999999661e-03
6.660000000000000121e-03	6.669999999999999714e-03	6.680000000000000174e-03
6.689999999999999766e-03	6.700000000000000226e-03	6.709999999999999819e-03
6.720000000000000279e-03	6.729999999999999871e-03	6.740000000000000331e-03
6.749999999999999924e-03	6.760000000000000384e-03	6.769999999999999976e-03
6.779999999999999569e-03	6.790000000000000029e-03	6.799999999999999621e-03
6.810000000000000081e-03	6.819999999999999674e-03	6.830000000000000134e-03
6.839999999999999726e-03	6.850000000000000186e-03	6.859999999999999779e-03
6.870000000000000238e-03	6.879999999999999831e-03	6.890000000000000291e-03
6.899999999999999883e-03	6.910000000000000343e-03	6.919999999999999936e-03
6.930000000000000396e-03	6.939999999999999988e-03	6.949999999999999581e-03
6.960000000000000041e-03	6.969999999999999633e-03	6.980000000000000093e-03
6.989999999999999686e-03	7.000000000000000146e-03	7.009999999999999738e-03
7.020000000000000198e-03	7.029999999999999791e-03	7.040000000000000251e-03
7.049999999999999843e-03	7.060000000000000303e-03	7.069999999999999896e-03
7.080000000000000356e-03	7.089999999999999948e-03	7.100000000000000408e-03
7.110000000000000001e-03	7.119999999999999593e-03	7.130000000000000053e-03
7.139999999999999646e-03	7.150000000000000105e-03	7.159999999999999698e-03
7.170000000000000158e-03	7.179999999999999750e-03	7.190000000000000210e-03
7.199999999999999803e-03	7.210000000000000263e-03	7.219999999999999855e-03
7.230000000000000315e-03	7.239999999999999908e-03	7.250000000000000368e-03
7.259999999999999960e-03	7.270000000000000420e-03	7.280000000000000013e-03
7.289999999999999605e-03	7.300000000000000065e-03	7.309999999999999658e-03
7.320000000000000118e-03	7.329999999999999710e-03	7.340000000000000170e-03
7.349999999999999763e-03	7.360000000000000223e-03	7.369999999999999815e-03
7.380000000000000275e-03	7.389999999999999868e-03	7.400000000000000328e-03
7.409999999999999920e-03	7.420000000000000380e-03	7.429999999999999973e-03
7.440000000000000432e-03	7.450000000000000025e-03	7.459999999999999618e-03
7.470000000000000077e-03	7.479999999999999670e-03	7.490000000000000130e-03
7.499999999999999722e-03	7.510000000000000182e-03	7.519999999999999775e-03
7.530000000000000235e-03	7.539999999999999827e-03	7.550000000000000287e-03
7.559999999999999880e-03	7.570000000000000340e-03	7.579999999999999932e-03
7.590000000000000392e-03	7.599999999999999985e-03	7.609999999999999577e-03
7.620000000000000037e-03	7.629999999999999630e-03	7.640000000000000090e-03
7.649999999999999682e-03	7.660000000000000142e-03	7.669999999999999735e-03
7.680000000000000195e-03	7.689999999999999787e-03	7.700000000000000247e-03
7.709999999999999840e-03	7.720000000000000299e-03	7.729999999999999892e-03
7.740000000000000352e-03	7.749999999999999944e-03	7.760000000000000404e-03
7.769999999999999997e-03	7.779999999999999589e-03	7.790000000000000049e-03
7.799999999999999642e-03	7.810000000000000102e-03	7.820000000000000562e-03
7.830000000000000154e-03	7.839999999999999747e-03	7.849999999999999339e-03
7.860000000000000667e-03	7.870000000000000259e-03	7.879999999999999852e-03
7.889999999999999444e-03	7.900000000000000772e-03	7.910000000000000364e-03
7.919999999999999957e-03	7.929999999999999549e-03	7.939999999999999142e-03
7.950000000000000469e-03	7.960000000000000062e-03	7.969999999999999654e-03
7.979999999999999247e-03	7.990000000000000574e-03	8.000000000000000167e-03
8.009999999999999759e-03	8.019999999999999352e-03	8.030000000000000679e-03
8.040000000000000271e-03	8.049999999999999864e-03	8.059999999999999457e-03
8.070000000000000784e-03	8.080000000000000376e-03	8.089999999999999969e-03
8.099999999999999561e-03	8.109999999999999154e-03	8.120000000000000481e-03
8.130000000000000074e-03	8.139999999999999666e-03	8.149999999999999259e-03
8.160000000000000586e-03	8.170000000000000179e-03	8.179999999999999771e-03
8.189999999999999364e-03	8.200000000000000691e-03	8.210000000000000284e-03
8.219999999999999876e-03	8.229999999999999469e-03	8.240000000000000796e-03
8.250000000000000389e-03	8.259999999999999981e-03	8.269999999999999574e-03
8.279999999999999166e-03	8.290000000000000493e-03	8.300000000000000086e-03
8.309999999999999679e-03	8.319999999999999271e-03	8.330000000000000598e-03
8.340000000000000191e-03	8.349999999999999784e-03	8.359999999999999376e-03
8.370000000000000703e-03	8.380000000000000296e-03	8.389999999999999888e-03
8.399999999999999481e-03	8.410000000000000808e-03	8.420000000000000401e-03
8.429999999999999993e-03	8.439999999999999586e-03	8.449999999999999178e-03
8.460000000000000506e-03	8.470000000000000098e-03	8.479999999999999691e-03
8.489999999999999283e-03	8.500000000000000611e-03	8.510000000000000203e-03
8.519999999999999796e-03	8.529999999999999388e-03	8.540000000000000716e-03
8.550000000000000308e-03	8.559999999999999901e-03	8.569999999999999493e-03
8.580000000000000820e-03	8.590000000000000413e-03	8.600000000000000006e-03
8.609999999999999598e-03	8.619999999999999191e-03	8.630000000000000518e-03
8.640000000000000110e-03	8.649999999999999703e-03	8.659999999999999296e-03
8.670000000000000623e-03	8.680000000000000215e-03	8.689999999999999808e-03
8.699999999999999400e-03	8.710000000000000728e-03	8.720000000000000320e-03
8.729999999999999913e-03	8.739999999999999505e-03	8.750000000000000833e-03
8.760000000000000425e-03	8.770000000000000018e-03	8.779999999999999610e-03
8.789999999999999203e-03	8.800000000000000530e-03	8.810000000000000123e-03
8.819999999999999715e-03	8.829999999999999308e-03	8.840000000000000635e-03
8.850000000000000228e-03	8.859999999999999820e-03	8.869999999999999413e-03
8.880000000000000740e-03	8.890000000000000333e-03	8.899999999999999925e-03
8.909999999999999518e-03	8.920000000000000845e-03	8.930000000000000437e-03
8.940000000000000030e-03	8.949999999999999623e-03	8.959999999999999215e-03
8.970000000000000542e-03	8.980000000000000135e-03	8.989999999999999727e-03
8.999999999999999320e-03	9.010000000000000647e-03	9.020000000000000240e-03
9.029999999999999832e-03	9.039999999999999425e-03	9.050000000000000752e-03
9.060000000000000345e-03	9.069999999999999937e-03	9.079999999999999530e-03
9.090000000000000857e-03	9.100000000000000450e-03	9.110000000000000042e-03
9.119999999999999635e-03	9.129999999999999227e-03	9.140000000000000555e-03
9.150000000000000147e-03	9.159999999999999740e-03	9.169999999999999332e-03
9.180000000000000659e-03	9.190000000000000252e-03	9.199999999999999845e-03
9.209999999999999437e-03	9.220000000000000764e-03	9.230000000000000357e-03
9.239999999999999949e-03	9.249999999999999542e-03	9.259999999999999135e-03
9.270000000000000462e-03	9.280000000000000054e-03	9.289999999999999647e-03
9.299999999999999239e-03	9.310000000000000567e-03	9.320000000000000159e-03
9.329999999999999752e-03	9.339999999999999344e-03	9.350000000000000672e-03
9.360000000000000264e-03	9.369999999999999857e-03	9.379999999999999449e-03
9.390000000000000777e-03	9.400000000000000369e-03	9.409999999999999962e-03
9.419999999999999554e-03	9.429999999999999147e-03	9.440000000000000474e-03
9.450000000000000067e-03	9.459999999999999659e-03	9.469999999999999252e-03
9.480000000000000579e-03	9.490000000000000172e-03	9.499999999999999764e-03
9.509999999999999357e-03	9.520000000000000684e-03	9.530000000000000276e-03
9.539999999999999869e-03	9.549999999999999462e-03	9.560000000000000789e-03
9.570000000000000381e-03	9.579999999999999974e-03	9.589999999999999566e-03
9.599999999999999159e-03	9.610000000000000486e-03	9.620000000000000079e-03
9.629999999999999671e-03	9.639999999999999264e-03	9.650000000000000591e-03
9.660000000000000184e-03	9.669999999999999776e-03	9.679999999999999369e-03
9.690000000000000696e-03	9.700000000000000289e-03	9.709999999999999881e-03
9.719999999999999474e-03	9.730000000000000801e-03	9.740000000000000394e-03
9.749999999999999986e-03	9.759999999999999579e-03	9.769999999999999171e-03
9.780000000000000498e-03	9.790000000000000091e-03	9.799999999999999684e-03
9.809999999999999276e-03	9.820000000000000603e-03	9.830000000000000196e-03
9.839999999999999789e-03	9.849999999999999381e-03	9.860000000000000708e-03
9.870000000000000301e-03	9.879999999999999893e-03	9.889999999999999486e-03
9.900000000000000813e-03	9.910000000000000406e-03	9.919999999999999998e-03
9.929999999999999591e-03	9.939999999999999183e-03	9.950000000000000511e-03
9.960000000000000103e-03	9.969999999999999696e-03	9.979999999999999288e-03
9.990000000000000616e-03	1.000000000000000021e-02	1.000999999999999980e-02
1.001999999999999939e-02	1.003000000000000072e-02	1.004000000000000031e-02
1.004999999999999991e-02	1.005999999999999950e-02	1.007000000000000083e-02
1.008000000000000042e-02	1.009000000000000001e-02	1.009999999999999960e-02
1.010999999999999920e-02	1.012000000000000052e-02	1.013000000000000012e-02
1.013999999999999971e-02	1.014999999999999930e-02	1.016000000000000063e-02
1.017000000000000022e-02	1.017999999999999981e-02	1.018999999999999941e-02
1.020000000000000073e-02	1.021000000000000033e-02	1.021999999999999992e-02
1.022999999999999951e-02	1.024000000000000084e-02	1.025000000000000043e-02
1.026000000000000002e-02	1.026999999999999962e-02	1.027999999999999921e-02
1.029000000000000054e-02	1.030000000000000013e-02	1.030999999999999972e-02
1.031999999999999931e-02	1.033000000000000064e-02	1.034000000000000023e-02
1.034999999999999983e-02	1.035999999999999942e-02	1.037000000000000074e-02
1.038000000000000034e-02	1.038999999999999993e-02	1.039999999999999952e-02
1.041000000000000085e-02	1.042000000000000044e-02	1.043000000000000003e-02
1.043999999999999963e-02	1.044999999999999922e-02	1.046000000000000055e-02
1.047000000000000014e-02	1.047999999999999973e-02	1.048999999999999932e-02
1.050000000000000065e-02	1.051000000000000024e-02	1.051999999999999984e-02
1.052999999999999943e-02	1.054000000000000076e-02	1.055000000000000035e-02
1.055999999999999994e-02	1.056999999999999953e-02	1.058000000000000086e-02
1.059000000000000045e-02	1.060000000000000005e-02	1.060999999999999964e-02
1.061999999999999923e-02	1.063000000000000056e-02	1.064000000000000015e-02
1.064999999999999974e-02	1.065999999999999934e-02	1.067000000000000066e-02
1.068000000000000026e-02	1.068999999999999985e-02	1.069999999999999944e-02
1.071000000000000077e-02	1.072000000000000036e-02	1.072999999999999995e-02
1.073999999999999955e-02	1.074999999999999914e-02	1.076000000000000047e-02
1.077000000000000006e-02	1.077999999999999965e-02	1.078999999999999924e-02
1.080000000000000057e-02	1.081000000000000016e-02	1.081999999999999976e-02
1.082999999999999935e-02	1.084000000000000068e-02	1.085000000000000027e-02
1.085999999999999986e-02	1.086999999999999945e-02	1.088000000000000078e-02
1.089000000000000037e-02	1.089999999999999997e-02	1.090999999999999956e-02
1.091999999999999915e-02	1.093000000000000048e-02	1.094000000000000007e-02
1.094999999999999966e-02	1.095999999999999926e-02	1.097000000000000058e-02
1.098000000000000018e-02	1.098999999999999977e-02	1.099999999999999936e-02
1.101000000000000069e-02	1.102000000000000028e-02	1.102999999999999987e-02
1.103999999999999947e-02	1.105000000000000079e-02	1.106000000000000039e-02
1.106999999999999998e-02	1.107999999999999957e-02	1.108999999999999916e-02
1.110000000000000049e-02	1.111000000000000008e-02	1.111999999999999968e-02
1.112999999999999927e-02	1.114000000000000060e-02	1.115000000000000019e-02
1.115999999999999978e-02	1.116999999999999937e-02	1.118000000000000070e-02
1.119000000000000029e-02	1.119999999999999989e-02	1.120999999999999948e-02
1.122000000000000081e-02	1.123000000000000040e-02	1.123999999999999999e-02
1.124999999999999958e-02	1.125999999999999918e-02	1.127000000000000050e-02
1.128000000000000010e-02	1.128999999999999969e-02	1.129999999999999928e-02
1.131000000000000061e-02	1.132000000000000020e-02	1.132999999999999979e-02
1.133999999999999939e-02	1.135000000000000071e-02	1.136000000000000031e-02
1.136999999999999990e-02	1.137999999999999949e-02	1.139000000000000082e-02
1.140000000000000041e-02	1.141000000000000000e-02	1.141999999999999960e-02
1.142999999999999919e-02	1.144000000000000052e-02	1.145000000000000011e-02
1.145999999999999970e-02	1.146999999999999929e-02	1.148000000000000062e-02
1.149000000000000021e-02	1.149999999999999981e-02	1.150999999999999940e-02
1.152000000000000073e-02	1.153000000000000032e-02	1.153999999999999991e-02
1.154999999999999950e-02	1.156000000000000083e-02	1.157000000000000042e-02
1.158000000000000002e-02	1.158999999999999961e-02	1.159999999999999920e-02
1.161000000000000053e-02	1.162000000000000012e-02	1.162999999999999971e-02
1.163999999999999931e-02	1.165000000000000063e-02	1.166000000000000023e-02
1.166999999999999982e-02	1.167999999999999941e-02	1.169000000000000074e-02
1.170000000000000033e-02	1.170999999999999992e-02	1.171999999999999952e-02
1.173000000000000084e-02	1.174000000000000044e-02	1.175000000000000003e-02
1.175999999999999962e-02	1.176999999999999921e-02	1.178000000000000054e-02
1.179000000000000013e-02	1.179999999999999973e-02	1.180999999999999932e-02
1.182000000000000065e-02	1.183000000000000024e-02	1.183999999999999983e-02
1.184999999999999942e-02	1.186000000000000075e-02	1.187000000000000034e-02
1.187999999999999994e-02	1.188999999999999953e-02	1.190000000000000085e-02
1.191000000000000045e-02	1.192000000000000004e-02	1.192999999999999963e-02
1.193999999999999923e-02	1.195000000000000055e-02	1.196000000000000014e-02
1.196999999999999974e-02	1.197999999999999933e-02	1.199000000000000066e-02
1.200000000000000025e-02	1.200999999999999984e-02	1.201999999999999943e-02
1.203000000000000076e-02	1.204000000000000035e-02	1.204999999999999995e-02
1.205999999999999954e-02	1.207000000000000087e-02	1.208000000000000046e-02
1.209000000000000005e-02	1.209999999999999964e-02	1.210999999999999924e-02
1.212000000000000056e-02	1.213000000000000016e-02	1.213999999999999975e-02
1.214999999999999934e-02	1.216000000000000067e-02	1.217000000000000026e-02
1.217999999999999985e-02	1.218999999999999945e-02	1.220000000000000077e-02
1.221000000000000037e-02	1.221999999999999996e-02	1.222999999999999955e-02
1.223999999999999914e-02	1.225000000000000047e-02	1.226000000000000006e-02
1.226999999999999966e-02	1.227999999999999925e-02	1.229000000000000058e-02
1.230000000000000017e-02	1.230999999999999976e-02	1.231999999999999935e-02
1.233000000000000068e-02	1.234000000000000027e-02	1.234999999999999987e-02
1.235999999999999946e-02	1.237000000000000079e-02	1.238000000000000038e-02
1.238999999999999997e-02	1.239999999999999956e-02	1.240999999999999916e-02
1.242000000000000048e-02	1.243000000000000008e-02	1.243999999999999967e-02
1.244999999999999926e-02	1.246000000000000059e-02	1.247000000000000018e-02
1.247999999999999977e-02	1.248999999999999937e-02	1.250000000000000069e-02
1.251000000000000029e-02	1.251999999999999988e-02	1.252999999999999947e-02
1.254000000000000080e-02	1.255000000000000039e-02	1.255999999999999998e-02
1.256999999999999958e-02	1.257999999999999917e-02	1.259000000000000050e-02
1.260000000000000009e-02	1.260999999999999968e-02	1.261999999999999927e-02
1.263000000000000060e-02	1.264000000000000019e-02	1.264999999999999979e-02
1.265999999999999938e-02	1.267000000000000071e-02	1.268000000000000030e-02
1.268999999999999989e-02	1.269999999999999948e-02	1.271000000000000081e-02
1.272000000000000040e-02	1.273000000000000000e-02	1.273999999999999959e-02
1.274999999999999918e-02	1.276000000000000051e-02	1.277000000000000010e-02
1.277999999999999969e-02	1.278999999999999929e-02	1.280000000000000061e-02
1.281000000000000021e-02	1.281999999999999980e-02	1.282999999999999939e-02
1.284000000000000072e-02	1.285000000000000031e-02	1.285999999999999990e-02
1.286999999999999950e-02	1.288000000000000082e-02	1.289000000000000042e-02
1.290000000000000001e-02	1.290999999999999960e-02	1.291999999999999919e-02
1.293000000000000052e-02	1.294000000000000011e-02	1.294999999999999971e-02
1.295999999999999930e-02	1.297000000000000063e-02	1.298000000000000022e-02
1.298999999999999981e-02	1.299999999999999940e-02	1.301000000000000073e-02
1.302000000000000032e-02	1.302999999999999992e-02	1.303999999999999951e-02
1.305000000000000084e-02	1.306000000000000043e-02	1.307000000000000002e-02
1.307999999999999961e-02	1.308999999999999921e-02	1.310000000000000053e-02
1.311000000000000013e-02	1.311999999999999972e-02	1.312999999999999931e-02
1.314000000000000064e-02	1.315000000000000023e-02	1.315999999999999982e-02
1.316999999999999942e-02	1.318000000000000074e-02	1.319000000000000034e-02
1.319999999999999993e-02	1.320999999999999952e-02	1.322000000000000085e-02
1.323000000000000044e-02	1.324000000000000003e-02	1.324999999999999963e-02
1.325999999999999922e-02	1.327000000000000055e-02	1.328000000000000014e-02
1.328999999999999973e-02	1.329999999999999932e-02	1.331000000000000065e-02
1.332000000000000024e-02	1.332999999999999984e-02	1.333999999999999943e-02
1.335000000000000075e-02	1.336000000000000035e-02	1.336999999999999994e-02
1.337999999999999953e-02	1.339000000000000086e-02	1.340000000000000045e-02
1.341000000000000004e-02	1.341999999999999964e-02	1.342999999999999923e-02
1.344000000000000056e-02	1.345000000000000015e-02	1.345999999999999974e-02
1.346999999999999933e-02	1.348000000000000066e-02	1.349000000000000025e-02
1.349999999999999985e-02	1.350999999999999944e-02	1.352000000000000077e-02
1.353000000000000036e-02	1.353999999999999995e-02	1.354999999999999954e-02
1.355999999999999914e-02	1.357000000000000046e-02	1.358000000000000006e-02
1.358999999999999965e-02	1.359999999999999924e-02	1.361000000000000057e-02
1.362000000000000016e-02	1.362999999999999975e-02	1.363999999999999935e-02
1.365000000000000067e-02	1.366000000000000027e-02	1.366999999999999986e-02
1.367999999999999945e-02	1.369000000000000078e-02	1.370000000000000037e-02
1.370999999999999996e-02	1.371999999999999956e-02	1.372999999999999915e-02
1.374000000000000048e-02	1.375000000000000007e-02	1.375999999999999966e-02
1.376999999999999925e-02	1.378000000000000058e-02	1.379000000000000017e-02
1.379999999999999977e-02	1.380999999999999936e-02	1.382000000000000069e-02
1.383000000000000028e-02	1.383999999999999987e-02	1.384999999999999946e-02
1.386000000000000079e-02	1.387000000000000038e-02	1.387999999999999998e-02
1.388999999999999957e-02	1.389999999999999916e-02	1.391000000000000049e-02
1.392000000000000008e-02	1.392999999999999967e-02	1.393999999999999927e-02
1.395000000000000059e-02	1.396000000000000019e-02	1.396999999999999978e-02
1.397999999999999937e-02	1.399000000000000070e-02	1.400000000000000029e-02
1.400999999999999988e-02	1.401999999999999948e-02	1.403000000000000080e-02
1.404000000000000040e-02	1.404999999999999999e-02	1.405999999999999958e-02
1.406999999999999917e-02	1.408000000000000050e-02	1.409000000000000009e-02
1.409999999999999969e-02	1.410999999999999928e-02	1.412000000000000061e-02
1.413000000000000020e-02	1.413999999999999979e-02	1.414999999999999938e-02
1.416000000000000071e-02	1.417000000000000030e-02	1.417999999999999990e-02
1.418999999999999949e-02	1.420000000000000082e-02	1.421000000000000041e-02
1.422000000000000000e-02	1.422999999999999959e-02	1.423999999999999919e-02
1.425000000000000051e-02	1.426000000000000011e-02	1.426999999999999970e-02
1.427999999999999929e-02	1.429000000000000062e-02	1.430000000000000021e-02
1.430999999999999980e-02	1.431999999999999940e-02	1.433000000000000072e-02
1.434000000000000032e-02	1.434999999999999991e-02	1.435999999999999950e-02
1.437000000000000083e-02	1.438000000000000042e-02	1.439000000000000001e-02
1.439999999999999961e-02	1.440999999999999920e-02	1.442000000000000053e-02
1.443000000000000012e-02	1.443999999999999971e-02	1.444999999999999930e-02
1.446000000000000063e-02	1.447000000000000022e-02	1.447999999999999982e-02
1.448999999999999941e-02	1.450000000000000074e-02	1.451000000000000033e-02
1.451999999999999992e-02	1.452999999999999951e-02	1.454000000000000084e-02
1.455000000000000043e-02	1.456000000000000003e-02	1.456999999999999962e-02
1.457999999999999921e-02	1.459000000000000054e-02	1.460000000000000013e-02
1.460999999999999972e-02	1.461999999999999932e-02	1.463000000000000064e-02
1.464000000000000024e-02	1.464999999999999983e-02	1.465999999999999942e-02
1.467000000000000075e-02	1.468000000000000034e-02	1.468999999999999993e-02
1.469999999999999953e-02	1.471000000000000085e-02	1.472000000000000045e-02
1.473000000000000004e-02	1.473999999999999963e-02	1.474999999999999922e-02
1.476000000000000055e-02	1.477000000000000014e-02	1.477999999999999974e-02
1.478999999999999933e-02	1.480000000000000066e-02	1.481000000000000025e-02
1.481999999999999984e-02	1.482999999999999943e-02	1.484000000000000076e-02
1.485000000000000035e-02	1.485999999999999995e-02	1.486999999999999954e-02
1.488000000000000086e-02	1.489000000000000046e-02	1.490000000000000005e-02
1.490999999999999964e-02	1.491999999999999924e-02	1.493000000000000056e-02
1.494000000000000015e-02	1.494999999999999975e-02	1.495999999999999934e-02
1.497000000000000067e-02	1.498000000000000026e-02	1.498999999999999985e-02
1.499999999999999944e-02	1.501000000000000077e-02	1.502000000000000036e-02
1.502999999999999996e-02	1.503999999999999955e-02	1.504999999999999914e-02
1.506000000000000047e-02	1.507000000000000006e-02	1.507999999999999965e-02
1.508999999999999925e-02	1.510000000000000057e-02	1.511000000000000017e-02
1.511999999999999976e-02	1.512999999999999935e-02	1.514000000000000068e-02
1.515000000000000027e-02	1.515999999999999986e-02	1.516999999999999946e-02
1.518000000000000078e-02	1.519000000000000038e-02	-2.816958778782895079e-02
-2.816958778782895079e-02	-2.809634560032894801e-02	-2.860904091282895009e-02
-2.851138466282894871e-02	-2.904849403782894940e-02	-2.897525185032895009e-02
-2.948794716282894871e-02	-2.941470497532894940e-02	-2.992740028782894801e-02
-2.982974403782895009e-02	-3.034243935032894871e-02	-3.026919716282894940e-02
-3.078189247532894801e-02	-3.070865028782894871e-02	-3.119693153782894871e-02
-3.112368935032894940e-02	-3.161197060032894940e-02	-3.153872841282894662e-02
-3.205142372532895217e-02	-3.195376747532895079e-02	-3.246646278782894940e-02
-3.236880653782894801e-02	-3.288150185032894662e-02	-3.278384560032895217e-02
-3.327212685032895217e-02	-3.319888466282894940e-02	-3.368716591282894940e-02
-3.361392372532894662e-02	-3.412661903782895217e-02	-3.402896278782895079e-02
-3.454165810032894940e-02	-3.444400185032894801e-02	-3.495669716282894662e-02
-3.485904091282895217e-02	-3.537173622532895079e-02	-3.527407997532894940e-02
-3.578677528782894801e-02	-3.568911903782894662e-02	-3.620181435032895217e-02
-3.610415810032895079e-02	-3.659243935032895079e-02	-3.649478310032894940e-02
-3.695865028782895079e-02	-3.686099403782894940e-02	-3.730044716282895217e-02
-3.717837685032895217e-02	-3.759341591282894940e-02	-3.747134560032894940e-02
-3.783755653782894940e-02	-3.769107216282895079e-02	-3.803286903782895217e-02
-3.786197060032894801e-02	-3.820376747532894940e-02	-3.798404091282894801e-02
-3.830142372532895079e-02	-3.800845497532895356e-02	-3.832583778782894940e-02
-3.795962685032894940e-02	-3.825259560032895356e-02	-3.781314247532895079e-02
-3.815493935032895217e-02	-3.759341591282894940e-02	-3.795962685032894940e-02
-3.727603310032894662e-02	-3.769107216282895079e-02	-3.690982216282894662e-02
-3.734927528782894940e-02	-3.647036903782895079e-02	-3.693423622532895217e-02
-3.593325966282894662e-02	-3.644595497532895217e-02	-3.537173622532895079e-02
-3.593325966282894662e-02	-3.476138466282895079e-02	-3.537173622532895079e-02
-3.412661903782895217e-02	-3.473697060032895217e-02	-3.341861122532895079e-02
-3.410220497532894662e-02	-3.268618935032895079e-02	-3.336978310032894662e-02
-3.192935341282895217e-02	-3.263736122532894662e-02	-3.114810341282894801e-02
-3.188052528782894801e-02	-3.034243935032894871e-02	-3.109927528782895079e-02
-2.953677528782894940e-02	-3.031802528782895009e-02	-2.873111122532895009e-02
-2.951236122532895079e-02	-2.790103310032894871e-02	-2.868228310032894940e-02
-2.709536903782894940e-02	-2.785220497532894801e-02	-2.626529091282894801e-02
-2.704654091282894871e-02	-2.545962685032894871e-02	-2.624087685032894940e-02
-2.462954872532895079e-02	-2.538638466282894940e-02	-2.382388466282894801e-02
-2.460513466282894871e-02	-2.304263466282895079e-02	-2.379947060032894940e-02
-2.226138466282895009e-02	-2.304263466282895079e-02	-2.150454872532894801e-02
-2.226138466282895009e-02	-2.077212685032894801e-02	-2.150454872532894801e-02
-2.008853310032894871e-02	-2.077212685032894801e-02	-1.938052528782895079e-02
-2.006411903782895009e-02	-1.872134560032895009e-02	-1.938052528782895079e-02
-1.808657997532894801e-02	-1.874575966282894871e-02	-1.747622841282894801e-02
-1.808657997532894801e-02	-1.689029091282895009e-02	-1.750064247532895009e-02
-1.632876747532894732e-02	-1.691470497532894871e-02	-1.581607216282894871e-02
-1.637759560032894801e-02	-1.530337685032894836e-02	-1.586490028782894940e-02
-1.481509560032894836e-02	-1.532779091282894871e-02	-1.435122841282894871e-02
-1.488833778782894940e-02	-1.393618935032894801e-02	-1.442447060032894801e-02
-1.354556435032894940e-02	-1.400943153782894905e-02	-1.317935341282894940e-02
-1.361880653782894871e-02	-1.281314247532894940e-02	-1.325259560032894871e-02
-1.249575966282894836e-02	-1.293521278782894940e-02	-1.220279091282894940e-02
-1.261782997532894836e-02	-1.193423622532894905e-02	-1.232486122532894940e-02
-1.169009560032894905e-02	-1.205630653782894905e-02	-1.144595497532894905e-02
-1.183657997532894940e-02	-1.125064247532894801e-02	-1.161685341282894801e-02
-1.105532997532894871e-02	-1.139712685032894836e-02	-1.088443153782894801e-02
-1.122622841282894940e-02	-1.071353310032894905e-02	-1.105532997532894871e-02
-1.056704872532894871e-02	-1.090884560032894836e-02	-1.044497841282894871e-02
-1.076236122532894801e-02	-1.029849403782894836e-02	-1.064029091282894801e-02
-1.020083778782894871e-02	-1.051822060032894801e-02	-1.007876747532894871e-02
-1.042056435032894836e-02	-1.000552528782894940e-02	-1.032290810032894871e-02
-9.907869037828948011e-03	-1.022525185032894905e-02	-9.810212787828948358e-03
-1.015200966282894801e-02	-9.736970600328949052e-03	-1.007876747532894871e-02
-9.663728412828948011e-03	-1.000552528782894940e-02	-9.590486225328948705e-03
-9.932283100328948358e-03	-9.517244037828949399e-03	-9.859040912828949052e-03
-9.444001850328948358e-03	-9.810212787828948358e-03	-9.370759662828949052e-03
-9.736970600328949052e-03	-9.297517475328948011e-03	-9.663728412828948011e-03
-9.248689350328949052e-03	-9.590486225328948705e-03	-9.175447162828948011e-03
-9.517244037828949399e-03	-9.102204975328948705e-03	-9.468415912828948705e-03
-9.028962787828947664e-03	-9.395173725328949399e-03	-8.955720600328948358e-03
-9.297517475328948011e-03	-8.882478412828949052e-03	-9.248689350328949052e-03
-8.809236225328948011e-03	-9.151033100328947664e-03	-8.735994037828948705e-03
-9.077790912828948358e-03	-8.638337787828949052e-03	-9.004548725328949052e-03
-8.565095600328948011e-03	-8.906892475328947664e-03	-8.467439350328948358e-03
-8.833650287828948358e-03	-8.394197162828949052e-03	-8.735994037828948705e-03
-8.296540912828947664e-03	-8.638337787828949052e-03	-8.198884662828948011e-03
-8.540681537828947664e-03	-8.101228412828948358e-03	-8.443025287828948011e-03
-8.003572162828948705e-03	-8.345369037828948358e-03	-7.905915912828949052e-03
-8.247712787828948705e-03	-7.808259662828948532e-03	-8.174470600328947664e-03
-7.710603412828948011e-03	-8.076814350328948011e-03	-7.612947162828948358e-03
-7.979158100328948358e-03	-7.515290912828948705e-03	-7.881501850328948705e-03
-7.442048725328948532e-03	-7.808259662828948532e-03	-7.368806537828948358e-03
-7.710603412828948011e-03	-7.271150287828948705e-03	-7.612947162828948358e-03
-7.173494037828948185e-03	-7.539704975328948185e-03	-7.100251850328948011e-03
-7.466462787828948011e-03	-7.027009662828948705e-03	-7.393220600328948705e-03
-6.953767475328948532e-03	-7.344392475328948011e-03	-6.904939350328948705e-03
-7.271150287828948705e-03	-6.856111225328948011e-03	-7.222322162828948011e-03
-6.831697162828948532e-03	-7.173494037828948185e-03	-6.782869037828948705e-03
-7.149079975328948705e-03	-6.758454975328948358e-03	-7.124665912828948358e-03
-6.734040912828948011e-03	-7.100251850328948011e-03	-6.734040912828948011e-03
-7.100251850328948011e-03	-6.709626850328948532e-03	-7.075837787828948532e-03
-6.709626850328948532e-03	-7.051423725328948185e-03	-6.709626850328948532e-03
-7.051423725328948185e-03	-6.685212787828948185e-03	-7.027009662828948705e-03
-6.660798725328948705e-03	-7.002595600328948358e-03	-6.636384662828948358e-03
-7.002595600328948358e-03	-6.611970600328948011e-03	-6.953767475328948532e-03
-6.587556537828948532e-03	-6.953767475328948532e-03	-6.563142475328948185e-03
-6.904939350328948705e-03	-6.538728412828948705e-03	-6.880525287828948358e-03
-6.489900287828948011e-03	-6.831697162828948532e-03	-6.441072162828948185e-03
-6.782869037828948705e-03	-6.367829975328948011e-03	-6.734040912828948011e-03
-6.319001850328948185e-03	-6.660798725328948705e-03	-6.270173725328948358e-03
-6.611970600328948011e-03	-6.196931537828947317e-03	-6.538728412828948705e-03
-6.148103412828947491e-03	-6.489900287828948011e-03	-6.074861225328947317e-03
-6.416658100328948705e-03	-6.026033100328947491e-03	-6.367829975328948011e-03
-5.952790912828947317e-03	-6.319001850328948185e-03	-5.928376850328947838e-03
-6.294587787828948705e-03	-5.879548725328948011e-03	-6.270173725328948358e-03
-5.855134662828947664e-03	-6.245759662828948011e-03	-5.830720600328947317e-03
-6.270173725328948358e-03	-5.855134662828947664e-03	-6.294587787828948705e-03
-5.879548725328948011e-03	-6.319001850328948185e-03	-5.928376850328947838e-03
-6.392244037828948358e-03	-6.001619037828948011e-03	-6.465486225328948532e-03
-6.074861225328947317e-03	-6.538728412828948705e-03	-6.148103412828947491e-03
-6.636384662828948358e-03	-6.245759662828948011e-03	-6.734040912828948011e-03
-6.367829975328948011e-03	-6.831697162828948532e-03	-6.465486225328948532e-03
-6.929353412828948185e-03	-6.563142475328948185e-03	-7.002595600328948358e-03
-6.660798725328948705e-03	-7.075837787828948532e-03	-6.734040912828948011e-03
-7.149079975328948705e-03	-6.782869037828948705e-03	-7.197908100328948532e-03
-6.831697162828948532e-03	-7.222322162828948011e-03	-6.831697162828948532e-03
-7.246736225328948358e-03	-6.831697162828948532e-03	-7.246736225328948358e-03
-6.831697162828948532e-03	-7.222322162828948011e-03	-6.782869037828948705e-03
-7.173494037828948185e-03	-6.734040912828948011e-03	-7.124665912828948358e-03
-6.685212787828948185e-03	-7.075837787828948532e-03	-6.636384662828948358e-03
-7.002595600328948358e-03	-6.587556537828948532e-03	-6.953767475328948532e-03
-6.514314350328948358e-03	-6.904939350328948705e-03	-6.465486225328948532e-03
-6.831697162828948532e-03	-6.441072162828948185e-03	-6.782869037828948705e-03
-6.392244037828948358e-03	-6.758454975328948358e-03	-6.343415912828948532e-03
-6.709626850328948532e-03	-6.319001850328948185e-03	-6.685212787828948185e-03
-6.294587787828948705e-03	-6.636384662828948358e-03	-6.245759662828948011e-03
-6.611970600328948011e-03	-6.221345600328947664e-03	-6.587556537828948532e-03
-6.172517475328947838e-03	-6.538728412828948705e-03	-6.123689350328948011e-03
-6.514314350328948358e-03	-6.074861225328947317e-03	-6.465486225328948532e-03
-6.026033100328947491e-03	-6.441072162828948185e-03	-6.001619037828948011e-03
-6.392244037828948358e-03	-5.928376850328947838e-03	-6.343415912828948532e-03
-5.903962787828947491e-03	-6.294587787828948705e-03	-5.830720600328947317e-03
-6.221345600328947664e-03	-5.781892475328947491e-03	-6.196931537828947317e-03
-5.757478412828948011e-03	-6.148103412828947491e-03	-5.708650287828947317e-03
-6.099275287828947664e-03	-5.684236225328947838e-03	-6.026033100328947491e-03
-5.635408100328948011e-03	-6.001619037828948011e-03	-5.586579975328947317e-03
-5.952790912828947317e-03	-5.537751850328947491e-03	-5.903962787828947491e-03
-5.488923725328947664e-03	-5.855134662828947664e-03	-5.464509662828947317e-03
-5.806306537828947838e-03	-5.391267475328948011e-03	-5.757478412828948011e-03
-5.318025287828947838e-03	-5.684236225328947838e-03	-5.244783100328947664e-03
-5.610994037828947664e-03	-5.171540912828947491e-03	-5.537751850328947491e-03
-5.073884662828947838e-03	-5.464509662828947317e-03	-4.976228412828947317e-03
-5.366853412828947664e-03	-4.878572162828947664e-03	-5.269197162828948011e-03
-4.756501850328947664e-03	-5.147126850328948011e-03	-4.634431537828947664e-03
-5.025056537828948011e-03	-4.512361225328947664e-03	-4.902986225328948011e-03
-4.365876850328947317e-03	-4.780915912828948011e-03	-4.243806537828947317e-03
-4.634431537828947664e-03	-4.097322162828947838e-03	-4.487947162828947317e-03
-3.975251850328947838e-03	-4.365876850328947317e-03	-3.853181537828947404e-03
-4.243806537828947317e-03	-3.731111225328947404e-03	-4.121736225328947317e-03
-3.633454975328947317e-03	-3.999665912828947317e-03	-3.535798725328947664e-03
-3.902009662828947664e-03	-3.438142475328947578e-03	-3.804353412828947578e-03
-3.340486225328947491e-03	-3.731111225328947404e-03	-3.267244037828947317e-03
-3.609040912828947404e-03	-3.194001850328947578e-03	-3.560212787828947578e-03
-3.145173725328947317e-03	-3.486970600328947404e-03	-3.096345600328947491e-03
-3.438142475328947578e-03	-3.047517475328947664e-03	-3.413728412828947664e-03
-2.998689350328947404e-03	-3.340486225328947491e-03	-2.998689350328947404e-03
-3.340486225328947491e-03	-2.949861225328947578e-03	-3.291658100328947664e-03
-2.949861225328947578e-03	-3.291658100328947664e-03	-2.949861225328947578e-03
-3.291658100328947664e-03	-2.949861225328947578e-03	-3.291658100328947664e-03
-2.949861225328947578e-03	-3.291658100328947664e-03	-2.949861225328947578e-03
-3.291658100328947664e-03	-2.949861225328947578e-03	-3.316072162828947578e-03
-2.974275287828947491e-03	-3.316072162828947578e-03	-2.974275287828947491e-03
-3.316072162828947578e-03	-2.974275287828947491e-03	-3.340486225328947491e-03
-2.974275287828947491e-03	-3.340486225328947491e-03	-2.974275287828947491e-03
-3.340486225328947491e-03	-2.974275287828947491e-03	-3.340486225328947491e-03
-2.974275287828947491e-03	-3.340486225328947491e-03	-2.974275287828947491e-03
-3.316072162828947578e-03	-2.974275287828947491e-03	-3.316072162828947578e-03
-2.949861225328947578e-03	-3.316072162828947578e-03	-2.949861225328947578e-03
-3.291658100328947664e-03	-2.949861225328947578e-03	-3.267244037828947317e-03
-2.949861225328947578e-03	-3.267244037828947317e-03	-2.949861225328947578e-03
-3.267244037828947317e-03	-2.949861225328947578e-03	-3.267244037828947317e-03
-2.949861225328947578e-03	-3.291658100328947664e-03	-2.974275287828947491e-03
-3.291658100328947664e-03	-2.998689350328947404e-03	-3.316072162828947578e-03
-3.023103412828947317e-03	-3.364900287828947404e-03	-3.071931537828947578e-03
-3.389314350328947317e-03	-3.120759662828947404e-03	-3.438142475328947578e-03
-3.169587787828947664e-03	-3.486970600328947404e-03	-3.218415912828947491e-03
-3.535798725328947664e-03	-3.267244037828947317e-03	-3.584626850328947491e-03
-3.316072162828947578e-03	-3.657869037828947664e-03	-3.364900287828947404e-03
-3.706697162828947491e-03	-3.413728412828947664e-03	-3.755525287828947317e-03
-3.462556537828947491e-03	-3.804353412828947578e-03	-3.511384662828947317e-03
-3.828767475328947491e-03	-3.535798725328947664e-03	-3.877595600328947317e-03
-3.584626850328947491e-03	-3.902009662828947664e-03	-3.584626850328947491e-03
-3.926423725328947144e-03	-3.609040912828947404e-03	-3.926423725328947144e-03
-3.609040912828947404e-03	-3.950837787828947491e-03	-3.633454975328947317e-03
-3.950837787828947491e-03	-3.633454975328947317e-03	-3.950837787828947491e-03
-3.633454975328947317e-03	-3.950837787828947491e-03	-3.633454975328947317e-03
-3.926423725328947144e-03	-3.609040912828947404e-03	-3.926423725328947144e-03
-3.609040912828947404e-03	-3.926423725328947144e-03	-3.584626850328947491e-03
-3.902009662828947664e-03	-3.584626850328947491e-03	-3.902009662828947664e-03
-3.560212787828947578e-03	-3.877595600328947317e-03	-3.535798725328947664e-03
-3.853181537828947404e-03	-3.511384662828947317e-03	-3.828767475328947491e-03
-3.486970600328947404e-03	-3.804353412828947578e-03	-3.462556537828947491e-03
-3.779939350328947664e-03	-3.438142475328947578e-03	-3.731111225328947404e-03
-3.389314350328947317e-03	-3.706697162828947491e-03	-3.364900287828947404e-03
-3.657869037828947664e-03	-3.316072162828947578e-03	-3.633454975328947317e-03
-3.267244037828947317e-03	-3.560212787828947578e-03	-3.194001850328947578e-03
-3.511384662828947317e-03	-3.145173725328947317e-03	-3.462556537828947491e-03
-3.071931537828947578e-03	-3.364900287828947404e-03	-2.998689350328947404e-03
-3.316072162828947578e-03	-2.925447162828947664e-03	-3.218415912828947491e-03
-2.827790912828947578e-03	-3.145173725328947317e-03	-2.754548725328947404e-03
-3.071931537828947578e-03	-2.656892475328947317e-03	-2.949861225328947578e-03
-2.608064350328947491e-03	-2.876619037828947404e-03	-2.485994037828947491e-03
-2.778962787828947317e-03	-2.412751850328947317e-03	-2.681306537828947664e-03
-2.315095600328947231e-03	-2.608064350328947491e-03	-2.217439350328947578e-03
-2.510408100328947404e-03	-2.119783100328947491e-03	-2.412751850328947317e-03
-2.022126850328947404e-03	-2.315095600328947231e-03	-1.948884662828947447e-03
-2.217439350328947578e-03	-1.826814350328947447e-03	-2.144197162828947404e-03
-1.753572162828947491e-03	-2.046540912828947317e-03	-1.680329975328947317e-03
-1.973298725328947578e-03	-1.607087787828947361e-03	-1.900056537828947404e-03
-1.533845600328947404e-03	-1.802400287828947317e-03	-1.460603412828947447e-03
-1.729158100328947361e-03	-1.411775287828947404e-03	-1.680329975328947317e-03
-1.362947162828947361e-03	-1.631501850328947491e-03	-1.314119037828947317e-03
-1.582673725328947447e-03	-1.265290912828947491e-03	-1.533845600328947404e-03
-1.240876850328947361e-03	-1.509431537828947491e-03	-1.192048725328947317e-03
-1.460603412828947447e-03	-1.167634662828947404e-03	-1.436189350328947317e-03
-1.143220600328947274e-03	-1.387361225328947491e-03	-1.118806537828947361e-03
-1.362947162828947361e-03	-1.069978412828947317e-03	-1.338533100328947447e-03
-1.045564350328947404e-03	-1.314119037828947317e-03	-1.021150287828947274e-03
-1.289704975328947404e-03	-9.967362253289473607e-04	-1.240876850328947361e-03
-9.479081003289473173e-04	-1.216462787828947447e-03	-9.234940378289474040e-04
-1.167634662828947404e-03	-8.990799753289473823e-04	-1.143220600328947274e-03
-8.502518503289473390e-04	-1.118806537828947361e-03	-8.258377878289473173e-04
-1.069978412828947317e-03	-8.014237253289474040e-04	-1.045564350328947404e-03
-7.770096628289473823e-04	-1.045564350328947404e-03	-7.525956003289473607e-04
-1.021150287828947274e-03	-7.281815378289473390e-04	-9.967362253289473607e-04
-7.525956003289473607e-04	-9.967362253289473607e-04	-7.281815378289473390e-04
-9.723221628289473390e-04	-7.281815378289473390e-04	-9.723221628289473390e-04
-7.281815378289473390e-04	-9.967362253289473607e-04	-7.281815378289473390e-04
-9.723221628289473390e-04	-7.281815378289473390e-04	-9.967362253289473607e-04
-7.525956003289473607e-04	-9.967362253289473607e-04	-7.525956003289473607e-04
-9.967362253289473607e-04	-7.525956003289473607e-04	-9.967362253289473607e-04
-7.525956003289473607e-04	-9.967362253289473607e-04	-7.525956003289473607e-04
-1.021150287828947274e-03	-7.525956003289473607e-04	-9.967362253289473607e-04
-7.281815378289473390e-04	-9.967362253289473607e-04	-7.281815378289473390e-04
-9.723221628289473390e-04	-7.037674753289473173e-04	-9.723221628289473390e-04
-6.793534128289474040e-04	-9.234940378289474040e-04	-6.549393503289473823e-04
-9.234940378289474040e-04	-6.061112253289473390e-04	-8.746659128289473607e-04
-5.816971628289473173e-04	-8.502518503289473390e-04	-5.572831003289472956e-04
-8.014237253289474040e-04	-5.084549753289473607e-04	-7.525956003289473607e-04
-4.596268503289473173e-04	-7.281815378289473390e-04	-4.107987253289473281e-04
-6.793534128289474040e-04	-3.863846628289473607e-04	-6.549393503289473823e-04
-3.375565378289473173e-04	-6.061112253289473390e-04	-3.131424753289473498e-04
-5.572831003289472956e-04	-2.643143503289473065e-04	-5.328690378289473823e-04
-2.154862253289473173e-04	-4.840409128289473390e-04	-1.910721628289473227e-04
-4.596268503289473173e-04	-1.422440378289473336e-04	-4.107987253289473281e-04
-9.341591282894731729e-05	-3.619706003289473390e-04	-6.900185032894732271e-05
-3.131424753289473498e-04	-2.017372532894732000e-05	-2.887284128289473281e-04
2.865439967105268271e-05	-2.643143503289473065e-04	5.306846217105268406e-05
-2.154862253289473173e-04	1.018965871710526935e-04	-1.910721628289473227e-04
1.263106496710526881e-04	-1.422440378289473336e-04	1.751387746710527044e-04
-9.341591282894731729e-05	2.239668996710526935e-04	-6.900185032894732271e-05
2.483809621710527152e-04	-2.017372532894732000e-05	2.972090871710527044e-04
4.240337171052683046e-06	3.216231496710527261e-04	5.306846217105268406e-05
3.704512746710527152e-04	7.748252467105268542e-05	3.948653371710526827e-04
1.263106496710526881e-04	4.436934621710527261e-04	1.751387746710527044e-04
4.925215871710526610e-04	1.995528371710526990e-04	5.169356496710526827e-04
2.483809621710527152e-04	5.413497121710527044e-04	2.727950246710526827e-04
5.901778371710527478e-04	3.216231496710527261e-04	6.145918996710527694e-04
3.460372121710526935e-04	6.390059621710526827e-04	3.704512746710527152e-04
6.634200246710527044e-04	3.948653371710526827e-04	7.122481496710527478e-04
4.192793996710527044e-04	7.122481496710527478e-04	4.436934621710527261e-04
7.366622121710527694e-04	4.681075246710526935e-04	7.854903371710527044e-04
4.925215871710526610e-04	7.854903371710527044e-04	5.169356496710526827e-04
8.099043996710527261e-04	5.169356496710526827e-04	8.343184621710527478e-04
5.413497121710527044e-04	8.343184621710527478e-04	5.413497121710527044e-04
8.343184621710527478e-04	5.657637746710527261e-04	8.587325246710527694e-04
5.657637746710527261e-04	8.587325246710527694e-04	5.657637746710527261e-04
8.587325246710527694e-04	5.657637746710527261e-04	8.587325246710527694e-04
5.901778371710527478e-04	8.831465871710526827e-04	5.901778371710527478e-04
9.075606496710527044e-04	6.145918996710527694e-04	9.319747121710527261e-04
6.390059621710526827e-04	9.808028371710527694e-04	6.634200246710527044e-04
1.005216899671052683e-03	7.122481496710527478e-04	1.078459087171052639e-03
7.610762746710526827e-04	1.127287212171052683e-03	8.099043996710527261e-04
1.151701274671052813e-03	8.587325246710527694e-04	1.224943462171052769e-03
9.319747121710527261e-04	1.273771587171052813e-03	9.808028371710527694e-04
1.322599712171052856e-03	1.029630962171052813e-03	1.371427837171052683e-03
1.078459087171052639e-03	1.420255962171052726e-03	1.102873149671052769e-03
1.444670024671052856e-03	1.127287212171052683e-03	1.493498149671052683e-03
1.176115337171052726e-03	1.517912212171052813e-03	1.200529399671052856e-03
1.542326274671052726e-03	1.224943462171052769e-03	1.566740337171052856e-03
1.224943462171052769e-03	1.566740337171052856e-03	1.249357524671052683e-03
1.591154399671052769e-03	1.273771587171052813e-03	1.591154399671052769e-03
1.273771587171052813e-03	1.615568462171052683e-03	1.298185649671052726e-03
1.615568462171052683e-03	1.322599712171052856e-03	1.639982524671052813e-03
1.322599712171052856e-03	1.639982524671052813e-03	1.322599712171052856e-03
1.639982524671052813e-03	1.347013774671052769e-03	1.639982524671052813e-03
1.347013774671052769e-03	1.664396587171052726e-03	1.347013774671052769e-03
1.639982524671052813e-03	1.322599712171052856e-03	1.664396587171052726e-03
1.322599712171052856e-03	1.664396587171052726e-03	1.322599712171052856e-03
1.664396587171052726e-03	1.322599712171052856e-03	1.639982524671052813e-03
1.322599712171052856e-03	1.639982524671052813e-03	1.298185649671052726e-03
1.639982524671052813e-03	1.273771587171052813e-03	1.591154399671052769e-03
1.273771587171052813e-03	1.591154399671052769e-03	1.249357524671052683e-03
1.566740337171052856e-03	1.224943462171052769e-03	1.517912212171052813e-03
1.200529399671052856e-03	1.493498149671052683e-03	1.151701274671052813e-03
1.469084087171052769e-03	1.127287212171052683e-03	1.420255962171052726e-03
1.078459087171052639e-03	1.371427837171052683e-03	1.054045024671052726e-03
1.322599712171052856e-03	1.005216899671052683e-03	1.298185649671052726e-03
9.563887746710527478e-04	1.249357524671052683e-03	9.319747121710527261e-04
1.200529399671052856e-03	8.831465871710526827e-04	1.176115337171052726e-03
8.587325246710527694e-04	1.127287212171052683e-03	8.343184621710527478e-04
1.102873149671052769e-03	7.854903371710527044e-04	1.078459087171052639e-03
7.854903371710527044e-04	1.054045024671052726e-03	7.610762746710526827e-04
1.029630962171052813e-03	7.366622121710527694e-04	1.029630962171052813e-03
7.366622121710527694e-04	1.029630962171052813e-03	7.122481496710527478e-04
1.005216899671052683e-03	7.122481496710527478e-04	1.005216899671052683e-03
7.122481496710527478e-04	1.005216899671052683e-03	6.878340871710527261e-04
1.005216899671052683e-03	6.878340871710527261e-04	1.005216899671052683e-03
6.878340871710527261e-04	1.005216899671052683e-03	6.878340871710527261e-04
1.005216899671052683e-03	7.122481496710527478e-04	1.005216899671052683e-03
6.878340871710527261e-04	1.029630962171052813e-03	7.122481496710527478e-04
1.054045024671052726e-03	7.366622121710527694e-04	1.102873149671052769e-03
7.610762746710526827e-04	1.127287212171052683e-03	8.099043996710527261e-04
1.176115337171052726e-03	8.343184621710527478e-04	1.224943462171052769e-03
9.075606496710527044e-04	1.273771587171052813e-03	9.563887746710527478e-04
1.322599712171052856e-03	1.005216899671052683e-03	1.371427837171052683e-03
1.054045024671052726e-03	1.444670024671052856e-03	1.102873149671052769e-03
1.493498149671052683e-03	1.176115337171052726e-03	1.542326274671052726e-03
1.224943462171052769e-03	1.591154399671052769e-03	1.273771587171052813e-03
1.639982524671052813e-03	1.298185649671052726e-03	1.664396587171052726e-03
1.322599712171052856e-03	1.664396587171052726e-03	1.347013774671052769e-03
1.688810649671052856e-03	1.371427837171052683e-03	1.713224712171052769e-03
1.395841899671052813e-03	1.737638774671052683e-03	1.420255962171052726e-03
1.737638774671052683e-03	1.420255962171052726e-03	1.762052837171052813e-03
1.444670024671052856e-03	1.810880962171052856e-03	1.469084087171052769e-03
1.859709087171052683e-03	1.493498149671052683e-03	1.908537212171052726e-03
1.542326274671052726e-03	1.957365337171052769e-03	1.615568462171052683e-03
2.055021587171052856e-03	1.688810649671052856e-03	2.177091899671052856e-03
1.786466899671052726e-03	2.274748149671052943e-03	1.884123149671052813e-03
2.396818462171052943e-03	2.006193462171052596e-03	2.543302837171052856e-03
2.152677837171052943e-03	2.689787212171052769e-03	2.299162212171052856e-03
2.811857524671052769e-03	2.445646587171052769e-03	2.958341899671052683e-03
2.592130962171052683e-03	3.104826274671053030e-03	2.738615337171053030e-03
3.251310649671052943e-03	2.885099712171052943e-03	3.373380962171052943e-03
3.031584087171052856e-03	3.519865337171052856e-03	3.153654399671052856e-03
3.641935649671052856e-03	3.275724712171052856e-03	3.739591899671052943e-03
3.397795024671052856e-03	3.837248149671053030e-03	3.495451274671052943e-03
3.934904399671052683e-03	3.593107524671053030e-03	4.032560649671053203e-03
3.690763774671052683e-03	4.105802837171052509e-03	3.764005962171052856e-03
4.203459087171053030e-03	3.861662212171052943e-03	4.276701274671053203e-03
3.934904399671052683e-03	4.349943462171052509e-03	4.008146587171052856e-03
4.398771587171053203e-03	4.056974712171052683e-03	4.472013774671052509e-03
4.105802837171052509e-03	4.520841899671053203e-03	4.179045024671052683e-03
4.594084087171052509e-03	4.203459087171053030e-03	4.642912212171053203e-03
4.252287212171052856e-03	4.667326274671052683e-03	4.276701274671053203e-03
4.716154399671053377e-03	4.301115337171052683e-03	4.740568462171052856e-03
4.325529399671053030e-03	4.764982524671053203e-03	4.374357524671052856e-03
4.764982524671053203e-03	4.374357524671052856e-03	4.789396587171052683e-03
4.398771587171053203e-03	4.813810649671053030e-03	4.423185649671052683e-03
4.838224712171053377e-03	4.447599712171053030e-03	4.862638774671052856e-03
4.496427837171052856e-03	4.911466899671052683e-03	4.520841899671053203e-03
4.935880962171053030e-03	4.569670024671053030e-03	4.984709087171052856e-03
4.618498149671052856e-03	5.033537212171052683e-03	4.667326274671052683e-03
5.106779399671052856e-03	4.716154399671053377e-03	5.155607524671052683e-03
4.813810649671053030e-03	5.228849712171052856e-03	4.862638774671052856e-03
5.326505962171053377e-03	4.935880962171053030e-03	5.375334087171053203e-03
5.033537212171052683e-03	5.448576274671053377e-03	5.106779399671052856e-03
5.521818462171052683e-03	5.155607524671052683e-03	5.595060649671052856e-03
5.253263774671053203e-03	5.692716899671053377e-03	5.302091899671053030e-03
5.765959087171052683e-03	5.399748149671052683e-03	5.839201274671052856e-03
5.472990337171052856e-03	5.936857524671053377e-03	5.546232524671053030e-03
6.010099712171052683e-03	5.619474712171053203e-03	6.083341899671052856e-03
5.692716899671053377e-03	6.156584087171053030e-03	5.790373149671053030e-03
6.254240337171052683e-03	5.863615337171053203e-03	6.327482524671051989e-03
5.936857524671053377e-03	6.425138774671052509e-03	6.034513774671053030e-03
6.522795024671052162e-03	6.132170024671052683e-03	6.644865337171052162e-03
6.254240337171052683e-03	6.742521587171052683e-03	6.376310649671052683e-03
6.864591899671052683e-03	6.498380962171052683e-03	7.011076274671052162e-03
6.620451274671052683e-03	7.157560649671052509e-03	6.791349712171052509e-03
7.328459087171052336e-03	6.937834087171051989e-03	7.499357524671052162e-03
7.108732524671052683e-03	7.694670024671052336e-03	7.304045024671051989e-03
7.865568462171053030e-03	7.499357524671052162e-03	8.060880962171052336e-03
7.670255962171051989e-03	8.256193462171051642e-03	7.889982524671051642e-03
8.475920024671053030e-03	8.085295024671052683e-03	8.671232524671052336e-03
8.280607524671051989e-03	8.866545024671051642e-03	8.475920024671053030e-03
9.061857524671052683e-03	8.671232524671052336e-03	9.257170024671051989e-03
8.866545024671051642e-03	9.428068462171052683e-03	9.037443462171052336e-03
9.598966899671053377e-03	9.232755962171051642e-03	9.794279399671052683e-03
9.403654399671052336e-03	9.965177837171053377e-03	9.574552837171053030e-03
1.013607627467105234e-02	9.745451274671051989e-03	1.033138877467105338e-02
9.940763774671053030e-03	1.050228721217105234e-02	1.011166221217105199e-02
1.067318564967105303e-02	1.030697471217105303e-02	1.086849814967105234e-02
1.050228721217105234e-02	1.106381064967105338e-02	1.067318564967105303e-02
1.125912314967105268e-02	1.086849814967105234e-02	1.143002158717105338e-02
1.106381064967105338e-02	1.164974814967105303e-02	1.125912314967105268e-02
1.182064658717105199e-02	1.145443564967105199e-02	1.204037314967105338e-02
1.167416221217105338e-02	1.226009971217105303e-02	1.186947471217105268e-02
1.245541221217105234e-02	1.208920127467105234e-02	1.267513877467105199e-02
1.228451377467105338e-02	1.289486533717105338e-02	1.250424033717105303e-02
1.311459189967105303e-02	1.272396689967105268e-02	1.335873252467105303e-02
1.294369346217105234e-02	1.357845908717105268e-02	1.318783408717105234e-02
1.379818564967105234e-02	1.340756064967105199e-02	1.404232627467105234e-02
1.365170127467105199e-02	1.428646689967105234e-02	1.389584189967105199e-02
1.450619346217105199e-02	1.413998252467105199e-02	1.477474814967105234e-02
1.438412314967105199e-02	1.501888877467105234e-02	1.462826377467105199e-02
1.526302939967105234e-02	1.487240439967105199e-02	1.553158408717105268e-02
1.514095908717105234e-02	1.580013877467105129e-02	1.538509971217105234e-02
1.606869346217105338e-02	1.567806846217105129e-02	1.636166221217105407e-02
1.594662314967105338e-02	1.663021689967105268e-02	1.621517783717105199e-02
1.692318564967105338e-02	1.650814658717105268e-02	1.721615439967105407e-02
1.680111533717105338e-02	1.750912314967105129e-02	1.709408408717105407e-02
1.780209189967105199e-02	1.738705283717105129e-02	1.809506064967105268e-02
1.768002158717105199e-02	1.841244346217105199e-02	1.797299033717105268e-02
1.872982627467105129e-02	1.829037314967105199e-02	1.904720908717105407e-02
1.860775596217105129e-02	1.936459189967105338e-02	1.892513877467105407e-02
1.970638877467105476e-02	1.924252158717105338e-02	2.002377158717105407e-02
1.958431846217105476e-02	2.038998252467105407e-02	1.992611533717105268e-02
2.073177939967105199e-02	2.026791221217105407e-02	2.109799033717105199e-02
2.060970908717105199e-02	2.148861533717105407e-02	2.100033408717105407e-02
2.185482627467105407e-02	2.136654502467105407e-02	2.224545127467105268e-02
2.175717002467105268e-02	2.263607627467105476e-02	2.217220908717105338e-02
2.305111533717105199e-02	2.256283408717105199e-02	2.344174033717105407e-02
2.295345908717105407e-02	2.385677939967105476e-02	2.336849814967105476e-02
2.427181846217105199e-02	2.378353721217105199e-02	2.468685752467105268e-02
2.419857627467105268e-02	2.512631064967105199e-02	2.463802939967105199e-02
2.554134971217105268e-02	2.507748252467105476e-02	2.600521689967105407e-02
2.551693564967105407e-02	2.646908408717105199e-02	2.595638877467105338e-02
2.693295127467105338e-02	2.642025596217105476e-02	2.739681846217105476e-02
2.688412314967105268e-02	2.786068564967105268e-02	2.734799033717105407e-02
2.834896689967105268e-02	2.783627158717105407e-02	2.883724814967105268e-02
2.830013877467105199e-02	2.930111533717105407e-02	2.876400596217105338e-02
2.976498252467105199e-02	2.925228721217105338e-02	3.025326377467105199e-02
2.971615439967105476e-02	3.071713096217105338e-02	3.018002158717105268e-02
3.115658408717105268e-02	3.064388877467105407e-02	3.162045127467105060e-02
3.110775596217105199e-02	3.203549033717105476e-02	3.154720908717105476e-02
3.240170127467105476e-02	3.193783408717105338e-02	3.274349814967105615e-02
3.232845908717105199e-02	3.303646689967105338e-02	3.267025596217105338e-02
3.328060752467105338e-02	3.293881064967105199e-02	3.347592002467105615e-02
3.315853721217105338e-02	3.359799033717105615e-02	3.330502158717105199e-02
3.364681846217105338e-02	3.337826377467105476e-02	3.362240439967105476e-02
3.335384971217105615e-02	3.352474814967105338e-02	3.320736533717105060e-02
3.335384971217105615e-02	3.301205283717105476e-02	3.313412314967105476e-02
3.271908408717105060e-02	3.281674033717105199e-02	3.237728721217105615e-02
3.242611533717105338e-02	3.193783408717105338e-02	3.198666221217105060e-02
3.147396689967105199e-02	3.149838096217105060e-02	3.093685752467105476e-02
3.096127158717105338e-02	3.035092002467105338e-02	3.035092002467105338e-02
2.974056846217105338e-02	2.974056846217105338e-02	2.910580283717105476e-02
2.910580283717105476e-02	2.844662314967105407e-02	2.844662314967105407e-02
2.776302939967105476e-02	2.776302939967105476e-02	2.707943564967105199e-02
2.707943564967105199e-02	2.637142783717105407e-02	2.634701377467105199e-02
2.566342002467105268e-02	2.563900596217105407e-02	2.493099814967105268e-02
2.490658408717105407e-02	2.419857627467105268e-02	2.419857627467105268e-02
2.346615439967105268e-02	2.346615439967105268e-02	2.273373252467105268e-02
2.273373252467105268e-02	2.200131064967105268e-02	2.200131064967105268e-02
2.126888877467105268e-02	2.126888877467105268e-02	2.053646689967105268e-02
2.053646689967105268e-02	1.982845908717105476e-02	1.980404502467105268e-02
1.909603721217105476e-02	1.909603721217105476e-02	1.838802939967105338e-02
1.841244346217105199e-02	1.770443564967105407e-02	1.770443564967105407e-02
1.704525596217105338e-02	1.704525596217105338e-02	1.638607627467105268e-02
1.638607627467105268e-02	1.575131064967105407e-02	1.575131064967105407e-02
1.514095908717105234e-02	1.514095908717105234e-02	1.457943564967105303e-02
1.460384971217105338e-02	1.401791221217105199e-02	1.406674033717105268e-02
1.350521689967105338e-02	1.357845908717105268e-02	1.306576377467105234e-02
1.311459189967105303e-02	1.262631064967105303e-02	1.267513877467105199e-02
1.221127158717105234e-02	1.230892783717105199e-02	1.186947471217105268e-02
1.194271689967105199e-02	1.152767783717105303e-02	1.162533408717105268e-02
1.123470908717105234e-02	1.133236533717105199e-02	1.096615439967105199e-02
1.108822471217105199e-02	1.072201377467105199e-02	1.084408408717105199e-02
1.050228721217105234e-02	1.064877158717105268e-02	1.030697471217105303e-02
1.045345908717105338e-02	1.011166221217105199e-02	1.030697471217105303e-02
9.965177837171053377e-03	1.016049033717105268e-02	9.818693462171053030e-03
1.001400596217105234e-02	9.696623149671053030e-03	9.891935649671052336e-03
9.574552837171053030e-03	9.769865337171052336e-03	9.476896587171053377e-03
9.647795024671052336e-03	9.379240337171051989e-03	9.574552837171053030e-03
9.281584087171052336e-03	9.476896587171053377e-03	9.183927837171052683e-03
9.403654399671052336e-03	9.061857524671052683e-03	9.305998149671052683e-03
8.988615337171051642e-03	9.232755962171051642e-03	8.915373149671052336e-03
9.159513774671052336e-03	8.842130962171053030e-03	9.086271587171053030e-03
8.768888774671051989e-03	9.013029399671051989e-03	8.695646587171052683e-03
8.939787212171052683e-03	8.622404399671051642e-03	8.890959087171051989e-03
8.573576274671052683e-03	8.817716899671052683e-03	8.524748149671051989e-03
8.793302837171052336e-03	8.451505962171052683e-03	8.720060649671053030e-03
8.402677837171051989e-03	8.671232524671052336e-03	8.329435649671052683e-03
8.622404399671051642e-03	8.280607524671051989e-03	8.549162212171052336e-03
8.207365337171052683e-03	8.451505962171052683e-03	8.109709087171053030e-03
8.353849712171053030e-03	8.012052837171051642e-03	8.256193462171051642e-03
7.914396587171051989e-03	8.134123149671051642e-03	7.767912212171052509e-03
7.987638774671053030e-03	7.621427837171052162e-03	7.841154399671052683e-03
7.474943462171052683e-03	7.694670024671052336e-03	7.328459087171052336e-03
7.523771587171052509e-03	7.157560649671052509e-03	7.352873149671052683e-03
6.962248149671052336e-03	7.181974712171051989e-03	6.791349712171052509e-03
7.011076274671052162e-03	6.620451274671052683e-03	6.840177837171052336e-03
6.449552837171051989e-03	6.669279399671052509e-03	6.303068462171052509e-03
6.498380962171052683e-03	6.107755962171053203e-03	6.327482524671051989e-03
5.936857524671053377e-03	6.156584087171053030e-03	5.765959087171052683e-03
5.985685649671053203e-03	5.595060649671052856e-03	5.814787212171053377e-03
5.399748149671052683e-03	5.619474712171053203e-03	5.204435649671053377e-03
5.424162212171053030e-03	5.033537212171052683e-03	5.253263774671053203e-03
4.838224712171053377e-03	5.057951274671053030e-03	4.642912212171053203e-03
4.838224712171053377e-03	4.447599712171053030e-03	4.642912212171053203e-03
4.252287212171052856e-03	4.447599712171053030e-03	4.056974712171052683e-03
4.252287212171052856e-03	3.861662212171052943e-03	4.056974712171052683e-03
3.690763774671052683e-03	3.886076274671052856e-03	3.519865337171052856e-03
3.739591899671052943e-03	3.373380962171052943e-03	3.568693462171052683e-03
3.226896587171053030e-03	3.446623149671052683e-03	3.080412212171052683e-03
3.324552837171052683e-03	2.958341899671052683e-03	3.202482524671052683e-03
2.860685649671053030e-03	3.104826274671053030e-03	2.763029399671052943e-03
3.031584087171052856e-03	2.689787212171052769e-03	2.933927837171052769e-03
2.616545024671053030e-03	2.885099712171052943e-03	2.543302837171052856e-03
2.811857524671052769e-03	2.470060649671052683e-03	2.763029399671052943e-03
2.421232524671052856e-03	2.714201274671052683e-03	2.372404399671053030e-03
2.665373149671052856e-03	2.323576274671052769e-03	2.616545024671053030e-03
2.274748149671052943e-03	2.567716899671052769e-03	2.225920024671052683e-03
2.518888774671052943e-03	2.177091899671052856e-03	2.470060649671052683e-03
2.128263774671052596e-03	2.421232524671052856e-03	2.079435649671052769e-03
2.372404399671053030e-03	2.030607524671052943e-03	2.323576274671052769e-03
1.981779399671052683e-03	2.299162212171052856e-03	1.932951274671052856e-03
2.250334087171052596e-03	1.884123149671052813e-03	2.201505962171052769e-03
1.859709087171052683e-03	2.177091899671052856e-03	1.810880962171052856e-03
2.128263774671052596e-03	1.786466899671052726e-03	2.103849712171052683e-03
1.762052837171052813e-03	-9.459051834909538714e-01	-9.459051834909538714e-01
-9.422430741159538714e-01	-9.483465897409538714e-01	-9.446844803659538714e-01
-9.520086991159538714e-01	-9.483465897409538714e-01	-9.544501053659538714e-01
-9.507879959909538714e-01	-9.581122147409538714e-01	-9.532294022409538714e-01
-9.605536209909538714e-01	-9.568915116159538714e-01	-9.629950272409538714e-01
-9.593329178659538714e-01	-9.666571366159538714e-01	-9.617743241159538714e-01
-9.690985428659538714e-01	-9.654364334909538714e-01	-9.715399491159538714e-01
-9.678778397409538714e-01	-9.752020584909538714e-01	-9.715399491159538714e-01
-9.776434647409538714e-01	-9.739813553659538714e-01	-9.813055741159538714e-01
-9.764227616159538714e-01	-9.837469803659538714e-01	-9.764227616159538714e-01
-9.837469803659538714e-01	-9.739813553659538714e-01	-9.813055741159538714e-01
-9.715399491159538714e-01	-9.776434647409538714e-01	-9.690985428659538714e-01
-9.752020584909538714e-01	-9.654364334909538714e-01	-9.727606522409538714e-01
-9.629950272409538714e-01	-9.703192459909538714e-01	-9.593329178659538714e-01
-9.666571366159538714e-01	-9.568915116159538714e-01	-9.642157303659538714e-01
-9.544501053659538714e-01	-9.605536209909538714e-01	-9.520086991159538714e-01
-9.581122147409538714e-01	-9.483465897409538714e-01	-9.556708084909538714e-01
-9.459051834909538714e-01	-9.520086991159538714e-01	-9.422430741159538714e-01
-9.495672928659538714e-01	-9.398016678659538714e-01	-9.471258866159538714e-01
-9.373602616159538714e-01	-9.434637772409538714e-01	-9.336981522409538714e-01
-9.410223709909538714e-01	-9.312567459909538714e-01	-9.385809647409538714e-01
-9.288153397409538714e-01	-9.349188553659538714e-01	-9.263739334909538714e-01
-9.324774491159538714e-01	-9.227118241159538714e-01	-9.300360428659538714e-01
-9.202704178659538714e-01	-9.275946366159538714e-01	-9.178290116159538714e-01
-9.239325272409538714e-01	-9.141669022409538714e-01	-9.214911209909538714e-01
-9.117254959909538714e-01	-9.190497147409538714e-01	-9.092840897409538714e-01
-9.153876053659538714e-01	-9.068426834909538714e-01	-9.129461991159538714e-01
-9.031805741159538714e-01	-9.105047928659538714e-01	-9.007391678659538714e-01
-9.068426834909538714e-01	-8.970770584909538714e-01	-9.044012772409538714e-01
-8.946356522409538714e-01	-9.019598709909538714e-01	-8.921942459909538714e-01
-8.982977616159538714e-01	-8.885321366159538714e-01	-8.958563553659538714e-01
-8.860907303659538714e-01	-8.934149491159538714e-01	-8.836493241159538714e-01
-8.897528397409538714e-01	-8.799872147409538714e-01	-8.873114334909538714e-01
-8.775458084909538714e-01	-8.848700272409538714e-01	-8.751044022409538714e-01
-8.812079178659538714e-01	-8.714422928659538714e-01	-8.787665116159538714e-01
-8.690008866159538714e-01	-8.763251053659538714e-01	-8.665594803659538714e-01
-8.726629959909538714e-01	-8.628973709909538714e-01	-8.702215897409538714e-01
-8.604559647409538714e-01	-8.665594803659538714e-01	-8.580145584909538714e-01
-8.641180741159538714e-01	-8.555731522409538714e-01	-8.616766678659538714e-01
-8.519110428659538714e-01	-8.580145584909538714e-01	-8.494696366159538714e-01
-8.555731522409538714e-01	-8.458075272409538714e-01	-8.531317459909538714e-01
-8.433661209909538714e-01	-8.494696366159538714e-01	-8.409247147409538714e-01
-8.470282303659538714e-01	-8.384833084909538714e-01	-8.445868241159538714e-01
-8.348211991159538714e-01	-8.421454178659538714e-01	-8.323797928659538714e-01
-8.384833084909538714e-01	-8.287176834909538714e-01	-8.360419022409538714e-01
-8.262762772409538714e-01	-8.323797928659538714e-01	-8.238348709909538714e-01
-8.299383866159538714e-01	-8.201727616159538714e-01	-8.274969803659538714e-01
-8.177313553659538714e-01	-8.238348709909538714e-01	-8.152899491159538714e-01
-8.213934647409538714e-01	-8.116278397409538714e-01	-8.189520584909538714e-01
-8.091864334909538714e-01	-8.165106522409538714e-01	-8.067450272409538714e-01
-8.128485428659538714e-01	-8.030829178659538714e-01	-8.104071366159538714e-01
-8.006415116159538714e-01	-8.067450272409538714e-01	-7.982001053659538714e-01
-8.043036209909538714e-01	-7.945379959909538714e-01	-8.018622147409538714e-01
-7.920965897409538714e-01	-7.994208084909538714e-01	-7.896551834909538714e-01
-7.957586991159538714e-01	-7.859930741159538714e-01	-7.933172928659538714e-01
-7.835516678659538714e-01	-7.896551834909538714e-01	-7.811102616159538714e-01
-7.872137772409538714e-01	-7.774481522409538714e-01	-7.847723709909538714e-01
-7.750067459909538714e-01	-7.823309647409538714e-01	-7.725653397409538714e-01
-7.786688553659538714e-01	-7.689032303659538714e-01	-7.762274491159538714e-01
-7.664618241159538714e-01	-7.725653397409538714e-01	-7.640204178659538714e-01
-7.701239334909538714e-01	-7.603583084909538714e-01	-7.676825272409538714e-01
-7.579169022409538714e-01	-7.652411209909538714e-01	-7.554754959909538714e-01
-7.615790116159538714e-01	-7.518133866159538714e-01	-7.591376053659538714e-01
-7.493719803659538714e-01	-7.566961991159538714e-01	-7.469305741159538714e-01
-7.530340897409538714e-01	-7.432684647409538714e-01	-7.505926834909538714e-01
-7.408270584909538714e-01	-7.469305741159538714e-01	-7.383856522409538714e-01
-7.444891678659538714e-01	-7.347235428659538714e-01	-7.420477616159538714e-01
-7.322821366159538714e-01	-7.383856522409538714e-01	-7.298407303659538714e-01
-7.359442459909538714e-01	-7.261786209909538714e-01	-7.335028397409538714e-01
-7.237372147409538714e-01	-7.298407303659538714e-01	-7.212958084909538714e-01
-7.273993241159538714e-01	-7.176336991159538714e-01	-7.237372147409538714e-01
-7.151922928659538714e-01	-7.212958084909538714e-01	-7.115301834909538714e-01
-7.188544022409538714e-01	-7.090887772409538714e-01	-7.151922928659538714e-01
-7.066473709909538714e-01	-7.127508866159538714e-01	-7.029852616159538714e-01
-7.103094803659538714e-01	-7.005438553659538714e-01	-7.078680741159538714e-01
-6.981024491159538714e-01	-7.042059647409538714e-01	-6.956610428659538714e-01
-7.017645584909538714e-01	-6.919989334909538714e-01	-6.993231522409538714e-01
-6.895575272409538714e-01	-6.956610428659538714e-01	-6.858954178659538714e-01
-6.932196366159538714e-01	-6.834540116159538714e-01	-6.907782303659538714e-01
-6.810126053659538714e-01	-6.871161209909538714e-01	-6.785711991159538714e-01
-6.846747147409538714e-01	-6.749090897409538714e-01	-6.822333084909538714e-01
-6.724676834909538714e-01	-6.785711991159538714e-01	-6.688055741159538714e-01
-6.761297928659538714e-01	-6.663641678659538714e-01	-6.736883866159538714e-01
-6.639227616159538714e-01	-6.700262772409538714e-01	-6.602606522409538714e-01
-6.675848709909538714e-01	-6.578192459909538714e-01	-6.651434647409538714e-01
-6.553778397409538714e-01	-6.614813553659538714e-01	-6.517157303659538714e-01
-6.590399491159538714e-01	-6.492743241159538714e-01	-6.565985428659538714e-01
-6.468329178659538714e-01	-6.529364334909538714e-01	-6.431708084909538714e-01
-6.504950272409538714e-01	-6.407294022409538714e-01	-6.468329178659538714e-01
-6.382879959909538714e-01	-6.443915116159538714e-01	-6.346258866159538714e-01
-6.419501053659538714e-01	-6.321844803659538714e-01	-6.395086991159538714e-01
-6.297430741159538714e-01	-6.358465897409538714e-01	-6.260809647409538714e-01
-6.334051834909538714e-01	-6.236395584909539824e-01	-6.297430741159538714e-01
-6.211981522409539824e-01	-6.273016678659538714e-01	-6.175360428659539824e-01
-6.248602616159539824e-01	-6.150946366159539824e-01	-6.211981522409539824e-01
-6.126532303659539824e-01	-6.187567459909539824e-01	-6.089911209909539824e-01
-6.163153397409539824e-01	-6.065497147409539824e-01	-6.126532303659539824e-01
-6.028876053659539824e-01	-6.102118241159539824e-01	-6.004461991159539824e-01
-6.077704178659539824e-01	-5.980047928659539824e-01	-6.041083084909539824e-01
-5.943426834909539824e-01	-6.016669022409539824e-01	-5.919012772409539824e-01
-5.992254959909539824e-01	-5.894598709909539824e-01	-5.955633866159539824e-01
-5.870184647409539824e-01	-5.931219803659539824e-01	-5.833563553659539824e-01
-5.906805741159539824e-01	-5.809149491159539824e-01	-5.870184647409539824e-01
-5.772528397409539824e-01	-5.845770584909539824e-01	-5.748114334909539824e-01
-5.821356522409539824e-01	-5.723700272409539824e-01	-5.784735428659539824e-01
-5.687079178659539824e-01	-5.760321366159539824e-01	-5.662665116159539824e-01
-5.735907303659539824e-01	-5.638251053659539824e-01	-5.699286209909539824e-01
-5.601629959909539824e-01	-5.674872147409539824e-01	-5.577215897409539824e-01
-5.638251053659539824e-01	-5.540594803659539824e-01	-5.613836991159539824e-01
-5.516180741159539824e-01	-5.589422928659539824e-01	-5.491766678659539824e-01
-5.552801834909539824e-01	-5.455145584909539824e-01	-5.528387772409539824e-01
-5.430731522409539824e-01	-5.503973709909539824e-01	-5.394110428659539824e-01
-5.467352616159539824e-01	-5.369696366159539824e-01	-5.442938553659539824e-01
-5.345282303659539824e-01	-5.406317459909539824e-01	-5.308661209909539824e-01
-5.381903397409539824e-01	-5.284247147409539824e-01	-5.357489334909539824e-01
-5.259833084909539824e-01	-5.320868241159539824e-01	-5.223211991159539824e-01
-5.296454178659539824e-01	-5.198797928659539824e-01	-5.259833084909539824e-01
-5.174383866159539824e-01	-5.235419022409539824e-01	-5.137762772409539824e-01
-5.211004959909539824e-01	-5.113348709909539824e-01	-5.174383866159539824e-01
-5.088934647409539824e-01	-5.149969803659539824e-01	-5.052313553659539824e-01
-5.125555741159539824e-01	-5.027899491159539824e-01	-5.088934647409539824e-01
-5.003485428659539824e-01	-5.064520584909539824e-01	-4.966864334909539824e-01
-5.040106522409539824e-01	-4.942450272409539824e-01	-5.003485428659539824e-01
-4.905829178659539824e-01	-4.979071366159539824e-01	-4.881415116159539824e-01
-4.954657303659539824e-01	-4.857001053659539824e-01	-4.918036209909539824e-01
-4.820379959909539824e-01	-4.893622147409539824e-01	-4.795965897409539824e-01
-4.857001053659539824e-01	-4.771551834909539824e-01	-4.832586991159539824e-01
-4.734930741159539824e-01	-4.808172928659539824e-01	-4.710516678659539824e-01
-4.783758866159539824e-01	-4.686102616159539824e-01	-4.747137772409539824e-01
-4.649481522409539824e-01	-4.722723709909539824e-01	-4.625067459909539824e-01
-4.686102616159539824e-01	-4.600653397409539824e-01	-4.661688553659539824e-01
-4.564032303659539824e-01	-4.637274491159539824e-01	-4.539618241159539824e-01
-4.600653397409539824e-01	-4.515204178659539824e-01	-4.576239334909539824e-01
-4.478583084909539824e-01	-4.551825272409539824e-01	-4.454169022409539824e-01
-4.515204178659539824e-01	-4.417547928659539824e-01	-4.490790116159539824e-01
-4.393133866159539824e-01	-4.466376053659539824e-01	-4.368719803659539824e-01
-4.429754959909539824e-01	-4.332098709909539824e-01	-4.405340897409539824e-01
-4.307684647409539824e-01	-4.380926834909539824e-01	-4.283270584909539824e-01
-4.344305741159539824e-01	-4.246649491159539824e-01	-4.319891678659539824e-01
-4.222235428659539824e-01	-4.283270584909539824e-01	-4.185614334909539824e-01
-4.258856522409539824e-01	-4.161200272409539824e-01	-4.222235428659539824e-01
-4.136786209909539824e-01	-4.197821366159539824e-01	-4.100165116159539824e-01
-4.173407303659539824e-01	-4.075751053659539824e-01	-4.136786209909539824e-01
-4.051336991159539824e-01	-4.112372147409539824e-01	-4.014715897409539824e-01
-4.087958084909539824e-01	-3.990301834909539824e-01	-4.051336991159539824e-01
-3.953680741159539824e-01	-4.026922928659539824e-01	-3.929266678659539824e-01
-4.002508866159539824e-01	-3.904852616159539824e-01	-3.965887772409539824e-01
-3.868231522409539824e-01	-3.941473709909539824e-01	-3.843817459909539824e-01
-3.904852616159539824e-01	-3.819403397409539824e-01	-3.880438553659539824e-01
-3.782782303659539824e-01	-3.856024491159539824e-01	-3.758368241159539824e-01
-3.819403397409539824e-01	-3.733954178659539824e-01	-3.794989334909539824e-01
-3.697333084909539824e-01	-3.770575272409539824e-01	-3.672919022409539824e-01
-3.733954178659539824e-01	-3.648504959909539824e-01	-3.709540116159539824e-01
-3.611883866159539824e-01	-3.685126053659539824e-01	-3.587469803659539824e-01
-3.648504959909539824e-01	-3.563055741159539824e-01	-3.624090897409539824e-01
-3.526434647409539824e-01	-3.599676834909539824e-01	-3.502020584909539824e-01
-3.563055741159539824e-01	-3.465399491159539824e-01	-3.538641678659539824e-01
-3.440985428659539824e-01	-3.502020584909539824e-01	-3.416571366159539824e-01
-3.477606522409539824e-01	-3.379950272409539824e-01	-3.453192459909539824e-01
-3.355536209909539824e-01	-3.416571366159539824e-01	-3.318915116159539824e-01
-3.392157303659539824e-01	-3.294501053659539824e-01	-3.367743241159539824e-01
-3.270086991159539824e-01	-3.331122147409539824e-01	-3.233465897409539824e-01
-3.306708084909539824e-01	-3.209051834909539824e-01	-3.270086991159539824e-01
-3.184637772409539824e-01	-3.245672928659539824e-01	-3.148016678659539824e-01
-3.221258866159539824e-01	-3.123602616159539824e-01	-3.184637772409539824e-01
-3.086981522409539824e-01	-3.160223709909539824e-01	-3.062567459909539824e-01
-3.135809647409539824e-01	-3.038153397409539824e-01	-3.099188553659539824e-01
-3.013739334909539824e-01	-3.074774491159539824e-01	-2.977118241159539824e-01
-3.050360428659539824e-01	-2.940497147409539824e-01	-3.013739334909539824e-01
-2.916083084909539824e-01	-2.989325272409539824e-01	-2.891669022409539824e-01
-2.952704178659539824e-01	-2.855047928659539824e-01	-2.928290116159539824e-01
-2.830633866159539824e-01	-2.903876053659539824e-01	-2.806219803659539824e-01
-2.867254959909539824e-01	-2.769598709909539824e-01	-2.842840897409539824e-01
-2.745184647409539824e-01	-2.818426834909539824e-01	-2.720770584909539824e-01
-2.781805741159539824e-01	-2.684149491159539824e-01	-2.757391678659539824e-01
-2.659735428659539824e-01	-2.732977616159539824e-01	-2.635321366159539824e-01
-2.696356522409539824e-01	-2.598700272409539824e-01	-2.671942459909539824e-01
-2.574286209909539824e-01	-2.635321366159539824e-01	-2.549872147409539824e-01
-2.610907303659539824e-01	-2.513251053659539824e-01	-2.586493241159539824e-01
-2.488836991159539824e-01	-2.549872147409539824e-01	-2.464422928659539824e-01
-2.525458084909539824e-01	-2.427801834909539824e-01	-2.488836991159539824e-01
-2.403387772409539824e-01	-2.464422928659539824e-01	-2.378973709909539824e-01
-2.440008866159539824e-01	-2.342352616159539824e-01	-2.415594803659539824e-01
-2.317938553659539824e-01	-2.378973709909539824e-01	-2.281317459909539824e-01
-2.354559647409539824e-01	-2.256903397409539824e-01	-2.330145584909539824e-01
-2.232489334909539824e-01	-2.293524491159539824e-01	-2.195868241159539824e-01
-2.269110428659539824e-01	-2.171454178659539824e-01	-2.232489334909539824e-01
-2.147040116159539824e-01	-2.208075272409539824e-01	-2.110419022409539824e-01
-2.183661209909539824e-01	-2.086004959909539824e-01	-2.159247147409539824e-01
-2.049383866159539824e-01	-2.122626053659539824e-01	-2.024969803659539824e-01
-2.086004959909539824e-01	-2.000555741159539824e-01	-2.061590897409539824e-01
-1.963934647409539824e-01	-2.037176834909539824e-01	-1.939520584909539824e-01
-2.012762772409539824e-01	-1.915106522409539824e-01	-1.976141678659539824e-01
-1.878485428659539824e-01	-1.951727616159539824e-01	-1.854071366159539824e-01
-1.915106522409539824e-01	-1.817450272409539824e-01	-1.890692459909539824e-01
-1.793036209909539824e-01	-1.866278397409539824e-01	-1.768622147409539824e-01
-1.829657303659539824e-01	-1.732001053659539824e-01	-1.805243241159539824e-01
-1.707586991159539824e-01	-1.768622147409539824e-01	-1.683172928659539824e-01
-1.744208084909539824e-01	-1.646551834909539824e-01	-1.719794022409539824e-01
-1.622137772409539824e-01	-1.683172928659539824e-01	-1.597723709909539824e-01
-1.658758866159539824e-01	-1.561102616159539547e-01	-1.634344803659539824e-01
-1.536688553659539547e-01	-1.597723709909539824e-01	-1.500067459909539547e-01
-1.573309647409539824e-01	-1.475653397409539547e-01	-1.548895584909539547e-01
-1.451239334909539547e-01	-1.512274491159539547e-01	-1.414618241159539547e-01
-1.487860428659539547e-01	-1.390204178659539547e-01	-1.463446366159539547e-01
-1.365790116159539547e-01	-1.426825272409539547e-01	-1.329169022409539547e-01
-1.402411209909539547e-01	-1.304754959909539547e-01	-1.365790116159539547e-01
-1.280340897409539547e-01	-1.341376053659539547e-01	-1.243719803659539547e-01
-1.316961991159539547e-01	-1.219305741159539547e-01	-1.280340897409539547e-01
-1.194891678659539547e-01	-1.255926834909539547e-01	-1.158270584909539547e-01
-1.231512772409539547e-01	-1.133856522409539547e-01	-1.194891678659539547e-01
-1.097235428659539547e-01	-1.170477616159539547e-01	-1.072821366159539547e-01
-1.146063553659539547e-01	-1.048407303659539547e-01	-1.109442459909539547e-01
-1.036200272409539547e-01	-1.085028397409539547e-01	-9.995791786595395467e-02
-1.060614334909539547e-01	-9.751651161595395467e-02	-1.036200272409539547e-01
-9.385440224095395467e-02	-1.011786209909539547e-01	-9.141299599095395467e-02
-9.873721474095395467e-02	-8.897158974095395467e-02	-9.507510536595395467e-02
-8.530948036595395467e-02	-9.263369911595395467e-02	-8.286807411595395467e-02
-8.897158974095395467e-02	-8.042666786595395467e-02	-8.653018349095395467e-02
-7.676455849095395467e-02	-8.408877724095395467e-02	-7.432315224095395467e-02
-8.042666786595395467e-02	-7.188174599095395467e-02	-7.798526161595395467e-02
-6.821963661595395467e-02	-7.554385536595395467e-02	-6.577823036595395467e-02
-7.188174599095395467e-02	-6.211612099095395467e-02	-6.944033974095395467e-02
-5.967471474095395467e-02	-6.577823036595395467e-02	-5.723330849095395467e-02
-6.333682411595395467e-02	-5.357119911595395467e-02	-6.089541786595395467e-02
-5.112979286595395467e-02	-5.723330849095395467e-02	-4.868838661595395467e-02
-5.479190224095395467e-02	-4.502627724095395467e-02	-5.235049599095395467e-02
-4.258487099095395467e-02	-4.990908974095395467e-02	-4.014346474095395467e-02
-4.624698036595395467e-02	-3.648135536595395467e-02	-4.380557411595395467e-02
-3.403994911595395467e-02	-4.014346474095395467e-02	-3.159854286595395467e-02
-3.770205849095395467e-02	-2.793643349095395120e-02	-3.526065224095395467e-02
-2.549502724095395120e-02	-3.159854286595395467e-02	-2.183291786595395120e-02
-2.915713661595395120e-02	-1.939151161595395120e-02	-2.671573036595395120e-02
-1.695010536595395120e-02	-2.305362099095395120e-02	-1.328799599095395120e-02
-2.061221474095395120e-02	-1.084658974095395120e-02	-1.695010536595395120e-02
-7.184480365953951203e-03	-1.450869911595395120e-02	-4.743074115953951203e-03
-1.084658974095395120e-02	-2.301667865953951203e-03	-8.405183490953951203e-03
1.360441509046048797e-03	-5.963777240953951203e-03	3.801847759046048797e-03
-2.301667865953951203e-03	6.243254009046048797e-03	1.397383840460487969e-04
9.905363384046048797e-03	2.581144634046048797e-03	1.234676963404604880e-02
6.243254009046048797e-03	1.478817588404604880e-02	8.684660259046048797e-03
1.845028525904604880e-02	1.112606650904604880e-02	2.089169150904604880e-02
1.478817588404604880e-02	2.455380088404604880e-02	1.722958213404604880e-02
2.699520713404604880e-02	1.967098838404604880e-02	2.943661338404604880e-02
2.333309775904604880e-02	3.309872275904604533e-02	2.577450400904604880e-02
3.554012900904604533e-02	2.821591025904604880e-02	3.798153525904604533e-02
3.187801963404604533e-02	4.164364463404604533e-02	3.431942588404604533e-02
4.408505088404604533e-02	3.798153525904604533e-02	4.652645713404604533e-02
4.042294150904604533e-02	5.018856650904604533e-02	4.286434775904604533e-02
5.262997275904604533e-02	4.652645713404604533e-02	5.629208213404604533e-02
4.896786338404604533e-02	5.873348838404604533e-02	5.262997275904604533e-02
6.117489463404604533e-02	5.507137900904604533e-02	6.483700400904604533e-02
5.751278525904604533e-02	6.727841025904604533e-02	6.117489463404604533e-02
7.094051963404604533e-02	6.361630088404604533e-02	7.338192588404604533e-02
6.605770713404604533e-02	7.582333213404604533e-02	6.971981650904604533e-02
7.948544150904604533e-02	7.216122275904604533e-02	8.192684775904604533e-02
7.582333213404604533e-02	8.436825400904604533e-02	7.826473838404604533e-02
8.803036338404604533e-02	8.070614463404604533e-02	9.047176963404604533e-02
8.314755088404604533e-02	9.291317588404604533e-02	8.680966025904604533e-02
9.657528525904604533e-02	8.925106650904604533e-02	9.901669150904604533e-02
9.291317588404604533e-02	1.026788008840460453e-01	9.535458213404604533e-02
1.051202071340460453e-01	9.779598838404604533e-02	1.075616133840460453e-01
1.014580977590460453e-01	1.112237227590460453e-01	1.038995040090460453e-01
1.136651290090460453e-01	1.063409102590460453e-01	1.161065352590460453e-01
1.100030196340460453e-01	1.197686446340460453e-01	1.124444258840460453e-01
1.222100508840460453e-01	1.161065352590460453e-01	1.246514571340460453e-01
1.185479415090460453e-01	1.283135665090460453e-01	1.209893477590460453e-01
1.307549727590460453e-01	1.246514571340460453e-01	1.344170821340460453e-01
1.270928633840460453e-01	1.368584883840460453e-01	1.295342696340460453e-01
1.392998946340460453e-01	1.331963790090460453e-01	1.429620040090460453e-01
1.356377852590460453e-01	1.454034102590460453e-01	1.392998946340460453e-01
1.478448165090460453e-01	1.417413008840460453e-01	1.515069258840460453e-01
1.441827071340460453e-01	1.539483321340460453e-01	1.478448165090460453e-01
1.563897383840460176e-01	1.502862227590460453e-01	1.600518477590460176e-01
1.527276290090460453e-01	1.624932540090460176e-01	1.563897383840460176e-01
1.661553633840460176e-01	1.588311446340460176e-01	1.685967696340460176e-01
1.624932540090460176e-01	1.710381758840460176e-01	1.649346602590460176e-01
1.747002852590460176e-01	1.673760665090460176e-01	1.771416915090460176e-01
1.710381758840460176e-01	1.795830977590460176e-01	1.734795821340460176e-01
1.832452071340460176e-01	1.759209883840460176e-01	1.856866133840460176e-01
1.795830977590460176e-01	1.881280196340460176e-01	1.820245040090460176e-01
1.917901290090460176e-01	1.844659102590460176e-01	1.942315352590460176e-01
1.881280196340460176e-01	1.966729415090460176e-01	1.905694258840460176e-01
2.003350508840460176e-01	1.930108321340460176e-01	2.027764571340460176e-01
1.954522383840460176e-01	2.052178633840460176e-01	1.991143477590460176e-01
2.088799727590460176e-01	2.027764571340460176e-01	2.113213790090460176e-01
2.052178633840460176e-01	2.149834883840460176e-01	2.076592696340460176e-01
2.174248946340460176e-01	2.113213790090460176e-01	2.210870040090460176e-01
2.137627852590460176e-01	2.235284102590460176e-01	2.162041915090460176e-01
2.259698165090460176e-01	2.198663008840460176e-01	2.296319258840460176e-01
2.223077071340460176e-01	2.320733321340460176e-01	2.247491133840460176e-01
2.345147383840460176e-01	2.284112227590460176e-01	2.381768477590460176e-01
2.308526290090460176e-01	2.406182540090460176e-01	2.345147383840460176e-01
2.442803633840460176e-01	2.369561446340460176e-01	2.467217696340460176e-01
2.406182540090460176e-01	2.491631758840460176e-01	2.430596602590460176e-01
2.516045821340460176e-01	2.455010665090460176e-01	2.552666915090460176e-01
2.479424727590460176e-01	2.577080977590460176e-01	2.516045821340460176e-01
2.613702071340460176e-01	2.540459883840460176e-01	2.638116133840460176e-01
2.577080977590460176e-01	2.662530196340460176e-01	2.601495040090460176e-01
2.699151290090460176e-01	2.625909102590460176e-01	2.723565352590460176e-01
2.662530196340460176e-01	2.760186446340460176e-01	2.686944258840460176e-01
2.784600508840460176e-01	2.711358321340460176e-01	2.809014571340460176e-01
2.747979415090460176e-01	2.833428633840460176e-01	2.772393477590460176e-01
2.870049727590460176e-01	2.796807540090460176e-01	2.894463790090460176e-01
2.833428633840460176e-01	2.931084883840460176e-01	2.857842696340460176e-01
2.955498946340460176e-01	2.882256758840460176e-01	2.979913008840460176e-01
2.918877852590460176e-01	3.016534102590460176e-01	2.943291915090460176e-01
3.040948165090460176e-01	2.979913008840460176e-01	3.065362227590460176e-01
3.004327071340460176e-01	3.101983321340460176e-01	3.028741133840460176e-01
3.126397383840460176e-01	3.065362227590460176e-01	3.163018477590460176e-01
3.089776290090460176e-01	3.187432540090460176e-01	3.126397383840460176e-01
3.211846602590460176e-01	3.150811446340460176e-01	3.248467696340460176e-01
3.175225508840460176e-01	3.272881758840460176e-01	3.199639571340460176e-01
3.297295821340460176e-01	3.236260665090460176e-01	3.333916915090460176e-01
3.260674727590460176e-01	3.358330977590460176e-01	3.285088790090460176e-01
3.382745040090460176e-01	3.321709883840460176e-01	3.419366133840460176e-01
3.346123946340460176e-01	3.443780196340460176e-01	3.382745040090460176e-01
3.468194258840460176e-01	3.407159102590460176e-01	3.504815352590460176e-01
3.431573165090460176e-01	3.529229415090460176e-01	3.468194258840460176e-01
3.553643477590460176e-01	3.492608321340460176e-01	3.590264571340460176e-01
3.517022383840460176e-01	3.614678633840460176e-01	3.553643477590460176e-01
3.651299727590460176e-01	3.578057540090460176e-01	3.675713790090460176e-01
3.614678633840460176e-01	3.712334883840460176e-01	3.639092696340460176e-01
3.736748946340460176e-01	3.663506758840460176e-01	3.761163008840460176e-01
3.700127852590460176e-01	3.797784102590460176e-01	3.724541915090460176e-01
3.822198165090460176e-01	3.748955977590460176e-01	3.846612227590460176e-01
3.785577071340460176e-01	3.883233321340460176e-01	3.809991133840460176e-01
3.907647383840460176e-01	3.846612227590460176e-01	3.932061446340460176e-01
3.871026290090460176e-01	3.968682540090460176e-01	3.895440352590460176e-01
3.993096602590460176e-01	3.932061446340460176e-01	4.017510665090460176e-01
3.956475508840460176e-01	4.054131758840460176e-01	3.980889571340460176e-01
4.078545821340460176e-01	4.017510665090460176e-01	4.102959883840460176e-01
4.041924727590460176e-01	4.139580977590460176e-01	4.066338790090460176e-01
4.163995040090460176e-01	4.102959883840460176e-01	4.200616133840460176e-01
4.127373946340460176e-01	4.225030196340460176e-01	4.151788008840460176e-01
4.249444258840460176e-01	4.188409102590460176e-01	4.286065352590460176e-01
4.212823165090460176e-01	4.310479415090460176e-01	4.237237227590460176e-01
4.334893477590460176e-01	4.273858321340460176e-01	4.371514571340460176e-01
4.298272383840460176e-01	4.395928633840460176e-01	4.334893477590460176e-01
4.420342696340460176e-01	4.359307540090460176e-01	4.456963790090460176e-01
4.383721602590460176e-01	4.481377852590460176e-01	4.408135665090460176e-01
4.505791915090460176e-01	4.444756758840460176e-01	4.542413008840460176e-01
4.481377852590460176e-01	4.566827071340460176e-01	4.505791915090460176e-01
4.603448165090460176e-01	4.530205977590460176e-01	4.627862227590460176e-01
4.566827071340460176e-01	4.652276290090460176e-01	4.591241133840460176e-01
4.688897383840460176e-01	4.615655196340460176e-01	4.713311446340460176e-01
4.652276290090460176e-01	4.737725508840460176e-01	4.676690352590460176e-01
4.774346602590460176e-01	4.701104415090460176e-01	4.798760665090460176e-01
4.737725508840460176e-01	4.823174727590460176e-01	4.762139571340460176e-01
4.859795821340460176e-01	4.786553633840460176e-01	4.884209883840460176e-01
4.823174727590460176e-01	4.908623946340460176e-01	4.847588790090460176e-01
4.945245040090460176e-01	4.872002852590460176e-01	4.969659102590460176e-01
4.896416915090460176e-01	4.994073165090460176e-01	4.933038008840460176e-01
5.030694258840460176e-01	4.957452071340460176e-01	5.055108321340460176e-01
4.994073165090460176e-01	5.079522383840460176e-01	5.018487227590460176e-01
5.116143477590460176e-01	5.042901290090460176e-01	5.140557540090460176e-01
5.079522383840460176e-01	5.177178633840460176e-01	5.103936446340460176e-01
5.201592696340460176e-01	5.140557540090460176e-01	5.226006758840460176e-01
5.164971602590460176e-01	5.262627852590460176e-01	5.189385665090460176e-01
5.287041915090460176e-01	5.226006758840460176e-01	5.311455977590460176e-01
5.250420821340460176e-01	5.348077071340460176e-01	5.274834883840460176e-01
5.372491133840460176e-01	5.311455977590460176e-01	5.396905196340460176e-01
5.335870040090460176e-01	5.433526290090460176e-01	5.360284102590460176e-01
5.457940352590460176e-01	5.396905196340460176e-01	5.494561446340460176e-01
5.421319258840460176e-01	5.518975508840460176e-01	5.445733321340460176e-01
5.543389571340460176e-01	5.482354415090460176e-01	5.580010665090460176e-01
5.506768477590460176e-01	5.604424727590460176e-01	5.543389571340460176e-01
5.628838790090460176e-01	5.567803633840460176e-01	5.665459883840460176e-01
5.592217696340460176e-01	5.689873946340460176e-01	5.628838790090460176e-01
5.726495040090460176e-01	5.653252852590460176e-01	5.750909102590460176e-01
5.677666915090460176e-01	5.775323165090460176e-01	5.714288008840460176e-01
5.799737227590460176e-01	5.738702071340460176e-01	5.836358321340460176e-01
5.763116133840460176e-01	5.860772383840460176e-01	5.799737227590460176e-01
5.897393477590460176e-01	5.824151290090460176e-01	5.921807540090460176e-01
5.848565352590460176e-01	5.946221602590460176e-01	5.885186446340460176e-01
5.982842696340460176e-01	5.909600508840460176e-01	6.007256758840460176e-01
5.946221602590460176e-01	6.031670821340460176e-01	5.970635665090460176e-01
6.068291915090460176e-01	5.995049727590460176e-01	6.092705977590460176e-01
6.031670821340460176e-01	6.129327071340460176e-01	6.056084883840460176e-01
6.153741133840460176e-01	6.080498946340460176e-01	6.178155196340460176e-01
6.117120040090460176e-01	6.214776290090460176e-01	6.141534102590460176e-01
6.239190352590460176e-01	6.178155196340460176e-01	6.263604415090461286e-01
6.202569258840460176e-01	6.300225508840461286e-01	6.226983321340460176e-01
6.324639571340461286e-01	6.263604415090461286e-01	6.349053633840461286e-01
6.288018477590461286e-01	6.385674727590461286e-01	6.312432540090461286e-01
6.410088790090461286e-01	6.349053633840461286e-01	6.434502852590461286e-01
6.373467696340461286e-01	6.471123946340461286e-01	6.397881758840461286e-01
6.495538008840461286e-01	6.434502852590461286e-01	6.532159102590461286e-01
6.458916915090461286e-01	6.556573165090461286e-01	6.483330977590461286e-01
6.580987227590461286e-01	6.519952071340461286e-01	6.617608321340461286e-01
6.544366133840461286e-01	6.642022383840461286e-01	6.580987227590461286e-01
6.666436446340461286e-01	6.605401290090461286e-01	6.703057540090461286e-01
6.629815352590461286e-01	6.727471602590461286e-01	6.666436446340461286e-01
6.751885665090461286e-01	6.690850508840461286e-01	6.788506758840461286e-01
6.715264571340461286e-01	6.812920821340461286e-01	6.751885665090461286e-01
6.849541915090461286e-01	6.776299727590461286e-01	6.873955977590461286e-01
6.812920821340461286e-01	6.898370040090461286e-01	6.837334883840461286e-01
6.934991133840461286e-01	6.861748946340461286e-01	6.959405196340461286e-01
6.886163008840461286e-01	6.983819258840461286e-01	6.922784102590461286e-01
7.020440352590461286e-01	6.947198165090461286e-01	7.044854415090461286e-01
6.983819258840461286e-01	7.081475508840461286e-01	7.008233321340461286e-01
7.105889571340461286e-01	7.044854415090461286e-01	7.130303633840461286e-01
7.069268477590461286e-01	7.166924727590461286e-01	7.093682540090461286e-01
7.191338790090461286e-01	7.118096602590461286e-01	7.215752852590461286e-01
7.154717696340461286e-01	7.240166915090461286e-01	7.179131758840461286e-01
7.276788008840461286e-01	7.203545821340461286e-01	7.301202071340461286e-01
7.240166915090461286e-01	7.337823165090461286e-01	7.264580977590461286e-01
7.362237227590461286e-01	7.288995040090461286e-01	7.398858321340461286e-01
7.325616133840461286e-01	7.423272383840461286e-01	7.350030196340461286e-01
7.447686446340461286e-01	7.386651290090461286e-01	7.472100508840461286e-01
7.411065352590461286e-01	7.508721602590461286e-01	7.435479415090461286e-01
7.533135665090461286e-01	7.472100508840461286e-01	7.557549727590461286e-01
7.496514571340461286e-01	7.594170821340461286e-01	7.520928633840461286e-01
7.618584883840461286e-01	7.557549727590461286e-01	7.655205977590461286e-01
7.581963790090461286e-01	7.679620040090461286e-01	7.606377852590461286e-01
7.704034102590461286e-01	7.642998946340461286e-01	7.728448165090461286e-01
7.667413008840461286e-01	7.728448165090461286e-01	7.667413008840461286e-01
7.704034102590461286e-01	7.630791915090461286e-01	7.667413008840461286e-01
7.606377852590461286e-01	7.642998946340461286e-01	7.569756758840461286e-01
7.618584883840461286e-01	7.545342696340461286e-01	7.581963790090461286e-01
7.520928633840461286e-01	7.557549727590461286e-01	7.484307540090461286e-01
7.533135665090461286e-01	7.459893477590461286e-01	7.496514571340461286e-01
7.435479415090461286e-01	7.472100508840461286e-01	7.398858321340461286e-01
7.435479415090461286e-01	7.374444258840461286e-01	7.411065352590461286e-01
7.350030196340461286e-01	7.386651290090461286e-01	7.313409102590461286e-01
7.362237227590461286e-01	7.288995040090461286e-01	7.325616133840461286e-01
7.264580977590461286e-01	7.301202071340461286e-01	7.227959883840461286e-01
7.264580977590461286e-01	7.203545821340461286e-01	7.240166915090461286e-01
7.179131758840461286e-01	7.215752852590461286e-01	7.142510665090461286e-01
7.191338790090461286e-01	7.118096602590461286e-01	7.154717696340461286e-01
7.093682540090461286e-01	7.130303633840461286e-01	7.069268477590461286e-01
7.105889571340461286e-01	7.032647383840461286e-01	7.069268477590461286e-01
7.008233321340461286e-01	7.044854415090461286e-01	6.983819258840461286e-01
7.020440352590461286e-01	6.947198165090461286e-01	6.996026290090461286e-01
6.922784102590461286e-01	6.959405196340461286e-01	6.898370040090461286e-01
6.934991133840461286e-01	6.861748946340461286e-01	6.898370040090461286e-01
6.837334883840461286e-01	6.873955977590461286e-01	6.812920821340461286e-01
6.849541915090461286e-01	6.776299727590461286e-01	6.812920821340461286e-01
6.751885665090461286e-01	6.788506758840461286e-01	6.715264571340461286e-01
6.764092696340461286e-01	6.690850508840461286e-01	6.727471602590461286e-01
6.666436446340461286e-01	6.703057540090461286e-01	6.629815352590461286e-01
6.678643477590461286e-01	6.605401290090461286e-01	6.642022383840461286e-01
6.580987227590461286e-01	6.617608321340461286e-01	6.556573165090461286e-01
6.593194258840461286e-01	6.519952071340461286e-01	6.556573165090461286e-01
6.495538008840461286e-01	6.532159102590461286e-01	6.458916915090461286e-01
6.507745040090461286e-01	6.434502852590461286e-01	6.471123946340461286e-01
6.410088790090461286e-01	6.446709883840461286e-01	6.385674727590461286e-01
6.422295821340461286e-01	6.349053633840461286e-01	6.385674727590461286e-01
6.324639571340461286e-01	6.361260665090461286e-01	6.300225508840461286e-01
6.336846602590461286e-01	6.263604415090461286e-01	6.300225508840461286e-01
6.239190352590460176e-01	6.275811446340461286e-01	6.214776290090460176e-01
6.251397383840461286e-01	6.178155196340460176e-01	6.214776290090460176e-01
6.153741133840460176e-01	6.190362227590460176e-01	6.129327071340460176e-01
6.165948165090460176e-01	6.092705977590460176e-01	6.129327071340460176e-01
6.068291915090460176e-01	6.104913008840460176e-01	6.043877852590460176e-01
6.080498946340460176e-01	6.007256758840460176e-01	6.043877852590460176e-01
5.982842696340460176e-01	6.019463790090460176e-01	5.958428633840460176e-01
5.995049727590460176e-01	5.921807540090460176e-01	5.970635665090460176e-01
5.897393477590460176e-01	5.934014571340460176e-01	5.872979415090460176e-01
5.909600508840460176e-01	5.848565352590460176e-01	5.885186446340460176e-01
5.811944258840460176e-01	5.848565352590460176e-01	5.775323165090460176e-01
5.824151290090460176e-01	5.750909102590460176e-01	5.787530196340460176e-01
5.726495040090460176e-01	5.763116133840460176e-01	5.702080977590460176e-01
5.738702071340460176e-01	5.665459883840460176e-01	5.702080977590460176e-01
5.641045821340460176e-01	5.677666915090460176e-01	5.604424727590460176e-01
5.641045821340460176e-01	5.580010665090460176e-01	5.616631758840460176e-01
5.555596602590460176e-01	5.592217696340460176e-01	5.531182540090460176e-01
5.567803633840460176e-01	5.494561446340460176e-01	5.543389571340460176e-01
5.470147383840460176e-01	5.506768477590460176e-01	5.433526290090460176e-01
5.482354415090460176e-01	5.409112227590460176e-01	5.445733321340460176e-01
5.384698165090460176e-01	5.421319258840460176e-01	5.348077071340460176e-01
5.396905196340460176e-01	5.323663008840460176e-01	5.360284102590460176e-01
5.299248946340460176e-01	5.335870040090460176e-01	5.262627852590460176e-01
5.311455977590460176e-01	5.238213790090460176e-01	5.274834883840460176e-01
5.213799727590460176e-01	5.250420821340460176e-01	5.177178633840460176e-01
5.226006758840460176e-01	5.152764571340460176e-01	5.189385665090460176e-01
5.128350508840460176e-01	5.164971602590460176e-01	5.091729415090460176e-01
5.140557540090460176e-01	5.067315352590460176e-01	5.103936446340460176e-01
5.042901290090460176e-01	5.079522383840460176e-01	5.006280196340460176e-01
5.055108321340460176e-01	4.981866133840460176e-01	5.018487227590460176e-01
4.957452071340460176e-01	4.994073165090460176e-01	4.933038008840460176e-01
4.969659102590460176e-01	4.896416915090460176e-01	4.933038008840460176e-01
4.872002852590460176e-01	4.908623946340460176e-01	4.835381758840460176e-01
4.884209883840460176e-01	4.810967696340460176e-01	4.847588790090460176e-01
4.786553633840460176e-01	4.823174727590460176e-01	4.749932540090460176e-01
4.798760665090460176e-01	4.725518477590460176e-01	4.762139571340460176e-01
4.701104415090460176e-01	4.737725508840460176e-01	4.676690352590460176e-01
4.713311446340460176e-01	4.640069258840460176e-01	4.688897383840460176e-01
4.615655196340460176e-01	4.652276290090460176e-01	4.579034102590460176e-01
4.627862227590460176e-01	4.554620040090460176e-01	4.603448165090460176e-01
4.530205977590460176e-01	4.566827071340460176e-01	4.493584883840460176e-01
4.542413008840460176e-01	4.469170821340460176e-01	4.505791915090460176e-01
4.444756758840460176e-01	4.481377852590460176e-01	4.408135665090460176e-01
4.456963790090460176e-01	4.383721602590460176e-01	4.420342696340460176e-01
4.359307540090460176e-01	4.395928633840460176e-01	4.334893477590460176e-01
4.359307540090460176e-01	4.298272383840460176e-01	4.334893477590460176e-01
4.273858321340460176e-01	4.310479415090460176e-01	4.237237227590460176e-01
4.273858321340460176e-01	4.212823165090460176e-01	4.249444258840460176e-01
4.188409102590460176e-01	4.225030196340460176e-01	4.151788008840460176e-01
4.200616133840460176e-01	4.127373946340460176e-01	4.163995040090460176e-01
4.102959883840460176e-01	4.139580977590460176e-01	4.066338790090460176e-01
4.102959883840460176e-01	4.041924727590460176e-01	4.078545821340460176e-01
4.017510665090460176e-01	4.054131758840460176e-01	3.980889571340460176e-01
4.029717696340460176e-01	3.956475508840460176e-01	3.993096602590460176e-01
3.932061446340460176e-01	3.968682540090460176e-01	3.895440352590460176e-01
3.944268477590460176e-01	3.871026290090460176e-01	3.907647383840460176e-01
3.846612227590460176e-01	3.883233321340460176e-01	3.809991133840460176e-01
