time[s]	CH1[V]	CH2[V] (num. of cycles: 1)
0.000000000000000000e+00	1.000000000000000082e-05	2.000000000000000164e-05
3.000000000000000076e-05	4.000000000000000327e-05	5.000000000000000240e-05
6.000000000000000152e-05	6.999999999999999387e-05	8.000000000000000654e-05
9.000000000000000567e-05	1.000000000000000048e-04	1.100000000000000039e-04
1.200000000000000030e-04	1.299999999999999886e-04	1.399999999999999877e-04
1.499999999999999869e-04	1.600000000000000131e-04	1.700000000000000122e-04
1.800000000000000113e-04	1.900000000000000105e-04	2.000000000000000096e-04
2.100000000000000087e-04	2.200000000000000078e-04	2.300000000000000070e-04
2.400000000000000061e-04	2.500000000000000052e-04	2.599999999999999772e-04
2.700000000000000035e-04	2.799999999999999755e-04	2.900000000000000017e-04
2.999999999999999737e-04	3.099999999999999999e-04	3.200000000000000262e-04
3.299999999999999982e-04	3.400000000000000244e-04	3.499999999999999964e-04
3.600000000000000227e-04	3.699999999999999947e-04	3.800000000000000209e-04
3.899999999999999929e-04	4.000000000000000192e-04	4.099999999999999912e-04
4.200000000000000174e-04	4.299999999999999894e-04	4.400000000000000157e-04
4.499999999999999877e-04	4.600000000000000139e-04	4.699999999999999859e-04
4.800000000000000122e-04	4.899999999999999842e-04	5.000000000000000104e-04
5.100000000000000366e-04	5.199999999999999544e-04	5.299999999999999807e-04
5.400000000000000069e-04	5.500000000000000331e-04	5.599999999999999509e-04
5.699999999999999772e-04	5.800000000000000034e-04	5.900000000000000296e-04
5.999999999999999474e-04	6.099999999999999737e-04	6.199999999999999999e-04
6.300000000000000261e-04	6.400000000000000524e-04	6.499999999999999702e-04
6.599999999999999964e-04	6.700000000000000226e-04	6.800000000000000488e-04
6.899999999999999667e-04	6.999999999999999929e-04	7.100000000000000191e-04
7.200000000000000453e-04	7.299999999999999632e-04	7.399999999999999894e-04
7.500000000000000156e-04	7.600000000000000418e-04	7.699999999999999597e-04
7.799999999999999859e-04	7.900000000000000121e-04	8.000000000000000383e-04
8.099999999999999561e-04	8.199999999999999824e-04	8.300000000000000086e-04
8.400000000000000348e-04	8.499999999999999526e-04	8.599999999999999789e-04
8.700000000000000051e-04	8.800000000000000313e-04	8.899999999999999491e-04
8.999999999999999754e-04	9.100000000000000016e-04	9.200000000000000278e-04
9.300000000000000541e-04	9.399999999999999719e-04	9.499999999999999981e-04
9.600000000000000243e-04	9.700000000000000505e-04	9.799999999999999684e-04
9.899999999999999946e-04	1.000000000000000021e-03	1.010000000000000047e-03
1.020000000000000073e-03	1.030000000000000100e-03	1.039999999999999909e-03
1.049999999999999935e-03	1.059999999999999961e-03	1.069999999999999988e-03
1.080000000000000014e-03	1.090000000000000040e-03	1.100000000000000066e-03
1.110000000000000092e-03	1.119999999999999902e-03	1.129999999999999928e-03
1.139999999999999954e-03	1.149999999999999981e-03	1.160000000000000007e-03
1.170000000000000033e-03	1.180000000000000059e-03	1.190000000000000085e-03
1.199999999999999895e-03	1.209999999999999921e-03	1.219999999999999947e-03
1.229999999999999974e-03	1.240000000000000000e-03	1.250000000000000026e-03
1.260000000000000052e-03	1.270000000000000078e-03	1.280000000000000105e-03
1.289999999999999914e-03	1.299999999999999940e-03	1.309999999999999967e-03
1.319999999999999993e-03	1.330000000000000019e-03	1.340000000000000045e-03
1.350000000000000071e-03	1.360000000000000098e-03	1.369999999999999907e-03
1.379999999999999933e-03	1.389999999999999960e-03	1.399999999999999986e-03
1.410000000000000012e-03	1.420000000000000038e-03	1.430000000000000064e-03
1.440000000000000091e-03	1.449999999999999900e-03	1.459999999999999926e-03
1.469999999999999953e-03	1.479999999999999979e-03	1.490000000000000005e-03
1.500000000000000031e-03	1.510000000000000057e-03	1.520000000000000084e-03
1.529999999999999893e-03	1.539999999999999919e-03	1.549999999999999946e-03
1.559999999999999972e-03	1.569999999999999998e-03	1.580000000000000024e-03
1.590000000000000050e-03	1.600000000000000077e-03	1.610000000000000103e-03
1.619999999999999912e-03	1.629999999999999939e-03	1.639999999999999965e-03
1.649999999999999991e-03	1.660000000000000017e-03	1.670000000000000043e-03
1.680000000000000070e-03	1.690000000000000096e-03	1.699999999999999905e-03
1.709999999999999932e-03	1.719999999999999958e-03	1.729999999999999984e-03
1.740000000000000010e-03	1.750000000000000036e-03	1.760000000000000063e-03
1.770000000000000089e-03	1.779999999999999898e-03	1.789999999999999925e-03
1.799999999999999951e-03	1.809999999999999977e-03	1.820000000000000003e-03
1.830000000000000029e-03	1.840000000000000056e-03	1.850000000000000082e-03
1.860000000000000108e-03	1.869999999999999917e-03	1.879999999999999944e-03
1.889999999999999970e-03	1.899999999999999996e-03	1.910000000000000022e-03
1.920000000000000049e-03	1.930000000000000075e-03	1.940000000000000101e-03
1.949999999999999910e-03	1.959999999999999937e-03	1.969999999999999963e-03
1.979999999999999989e-03	1.990000000000000015e-03	2.000000000000000042e-03
2.010000000000000068e-03	2.020000000000000094e-03	2.030000000000000120e-03
2.040000000000000147e-03	2.050000000000000173e-03	2.060000000000000199e-03
2.069999999999999792e-03	2.079999999999999818e-03	2.089999999999999844e-03
2.099999999999999870e-03	2.109999999999999896e-03	2.119999999999999923e-03
2.129999999999999949e-03	2.139999999999999975e-03	2.150000000000000001e-03
2.160000000000000028e-03	2.170000000000000054e-03	2.180000000000000080e-03
2.190000000000000106e-03	2.200000000000000133e-03	2.210000000000000159e-03
2.220000000000000185e-03	2.230000000000000211e-03	2.239999999999999804e-03
2.249999999999999830e-03	2.259999999999999856e-03	2.269999999999999882e-03
2.279999999999999909e-03	2.289999999999999935e-03	2.299999999999999961e-03
2.309999999999999987e-03	2.320000000000000014e-03	2.330000000000000040e-03
2.340000000000000066e-03	2.350000000000000092e-03	2.360000000000000119e-03
2.370000000000000145e-03	2.380000000000000171e-03	2.390000000000000197e-03
2.399999999999999790e-03	2.409999999999999816e-03	2.419999999999999842e-03
2.429999999999999868e-03	2.439999999999999895e-03	2.449999999999999921e-03
2.459999999999999947e-03	2.469999999999999973e-03	2.480000000000000000e-03
2.490000000000000026e-03	2.500000000000000052e-03	2.510000000000000078e-03
2.520000000000000104e-03	2.530000000000000131e-03	2.540000000000000157e-03
2.550000000000000183e-03	2.560000000000000209e-03	2.569999999999999802e-03
2.579999999999999828e-03	2.589999999999999854e-03	2.599999999999999881e-03
2.609999999999999907e-03	2.619999999999999933e-03	2.629999999999999959e-03
2.639999999999999986e-03	2.650000000000000012e-03	2.660000000000000038e-03
2.670000000000000064e-03	2.680000000000000090e-03	2.690000000000000117e-03
2.700000000000000143e-03	2.710000000000000169e-03	2.720000000000000195e-03
2.729999999999999788e-03	2.739999999999999814e-03	2.749999999999999840e-03
2.759999999999999867e-03	2.769999999999999893e-03	2.779999999999999919e-03
2.789999999999999945e-03	2.799999999999999972e-03	2.809999999999999998e-03
2.820000000000000024e-03	2.830000000000000050e-03	2.840000000000000076e-03
2.850000000000000103e-03	2.860000000000000129e-03	2.870000000000000155e-03
2.880000000000000181e-03	2.890000000000000208e-03	2.899999999999999800e-03
2.909999999999999826e-03	2.919999999999999853e-03	2.929999999999999879e-03
2.939999999999999905e-03	2.949999999999999931e-03	2.959999999999999958e-03
2.969999999999999984e-03	2.980000000000000010e-03	2.990000000000000036e-03
3.000000000000000062e-03	3.010000000000000089e-03	3.020000000000000115e-03
3.030000000000000141e-03	3.040000000000000167e-03	3.050000000000000194e-03
3.059999999999999786e-03	3.069999999999999812e-03	3.079999999999999839e-03
3.089999999999999865e-03	3.099999999999999891e-03	3.109999999999999917e-03
3.119999999999999944e-03	3.129999999999999970e-03	3.139999999999999996e-03
3.150000000000000022e-03	3.160000000000000048e-03	3.170000000000000075e-03
3.180000000000000101e-03	3.190000000000000127e-03	3.200000000000000153e-03
3.210000000000000180e-03	3.220000000000000206e-03	3.229999999999999798e-03
3.239999999999999825e-03	3.249999999999999851e-03	3.259999999999999877e-03
3.269999999999999903e-03	3.279999999999999930e-03	3.289999999999999956e-03
3.299999999999999982e-03	3.310000000000000008e-03	3.320000000000000034e-03
3.330000000000000061e-03	3.340000000000000087e-03	3.350000000000000113e-03
3.360000000000000139e-03	3.370000000000000166e-03	3.380000000000000192e-03
3.389999999999999784e-03	3.399999999999999811e-03	3.409999999999999837e-03
3.419999999999999863e-03	3.429999999999999889e-03	3.439999999999999915e-03
3.449999999999999942e-03	3.459999999999999968e-03	3.469999999999999994e-03
3.480000000000000020e-03	3.490000000000000047e-03	3.500000000000000073e-03
3.510000000000000099e-03	3.520000000000000125e-03	3.530000000000000152e-03
3.540000000000000178e-03	3.550000000000000204e-03	3.559999999999999797e-03
3.569999999999999823e-03	3.579999999999999849e-03	3.589999999999999875e-03
3.599999999999999901e-03	3.609999999999999928e-03	3.619999999999999954e-03
3.629999999999999980e-03	3.640000000000000006e-03	3.650000000000000033e-03
3.660000000000000059e-03	3.670000000000000085e-03	3.680000000000000111e-03
3.690000000000000138e-03	3.700000000000000164e-03	3.710000000000000190e-03
3.720000000000000216e-03	3.729999999999999809e-03	3.739999999999999835e-03
3.749999999999999861e-03	3.759999999999999887e-03	3.769999999999999914e-03
3.779999999999999940e-03	3.789999999999999966e-03	3.799999999999999992e-03
3.810000000000000019e-03	3.820000000000000045e-03	3.830000000000000071e-03
3.840000000000000097e-03	3.850000000000000124e-03	3.860000000000000150e-03
3.870000000000000176e-03	3.880000000000000202e-03	3.889999999999999795e-03
3.899999999999999821e-03	3.910000000000000281e-03	3.919999999999999873e-03
3.930000000000000333e-03	3.939999999999999926e-03	3.950000000000000386e-03
3.959999999999999978e-03	3.969999999999999571e-03	3.980000000000000031e-03
3.989999999999999623e-03	4.000000000000000083e-03	4.009999999999999676e-03
4.020000000000000136e-03	4.029999999999999728e-03	4.040000000000000188e-03
4.049999999999999781e-03	4.060000000000000241e-03	4.069999999999999833e-03
4.080000000000000293e-03	4.089999999999999886e-03	4.100000000000000346e-03
4.109999999999999938e-03	4.120000000000000398e-03	4.129999999999999991e-03
4.139999999999999583e-03	4.150000000000000043e-03	4.159999999999999636e-03
4.170000000000000095e-03	4.179999999999999688e-03	4.190000000000000148e-03
4.199999999999999740e-03	4.210000000000000200e-03	4.219999999999999793e-03
4.230000000000000253e-03	4.239999999999999845e-03	4.250000000000000305e-03
4.259999999999999898e-03	4.270000000000000358e-03	4.279999999999999950e-03
4.290000000000000410e-03	4.300000000000000003e-03	4.309999999999999595e-03
4.320000000000000055e-03	4.329999999999999648e-03	4.340000000000000108e-03
4.349999999999999700e-03	4.360000000000000160e-03	4.369999999999999753e-03
4.380000000000000213e-03	4.389999999999999805e-03	4.400000000000000265e-03
4.409999999999999858e-03	4.420000000000000318e-03	4.429999999999999910e-03
4.440000000000000370e-03	4.449999999999999963e-03	4.460000000000000422e-03
4.470000000000000015e-03	4.479999999999999608e-03	4.490000000000000067e-03
4.499999999999999660e-03	4.510000000000000120e-03	4.519999999999999712e-03
4.530000000000000172e-03	4.539999999999999765e-03	4.550000000000000225e-03
4.559999999999999817e-03	4.570000000000000277e-03	4.579999999999999870e-03
4.590000000000000330e-03	4.599999999999999922e-03	4.610000000000000382e-03
4.619999999999999975e-03	4.629999999999999567e-03	4.640000000000000027e-03
4.649999999999999620e-03	4.660000000000000080e-03	4.669999999999999672e-03
4.680000000000000132e-03	4.689999999999999725e-03	4.700000000000000185e-03
4.709999999999999777e-03	4.720000000000000237e-03	4.729999999999999830e-03
4.740000000000000289e-03	4.749999999999999882e-03	4.760000000000000342e-03
4.769999999999999934e-03	4.780000000000000394e-03	4.789999999999999987e-03
4.799999999999999580e-03	4.810000000000000039e-03	4.819999999999999632e-03
4.830000000000000092e-03	4.839999999999999684e-03	4.850000000000000144e-03
4.859999999999999737e-03	4.870000000000000197e-03	4.879999999999999789e-03
4.890000000000000249e-03	4.899999999999999842e-03	4.910000000000000302e-03
4.919999999999999894e-03	4.930000000000000354e-03	4.939999999999999947e-03
4.950000000000000407e-03	4.959999999999999999e-03	4.969999999999999592e-03
4.980000000000000052e-03	4.989999999999999644e-03	5.000000000000000104e-03
5.009999999999999697e-03	5.020000000000000157e-03	5.029999999999999749e-03
5.040000000000000209e-03	5.049999999999999802e-03	5.060000000000000261e-03
5.069999999999999854e-03	5.080000000000000314e-03	5.089999999999999906e-03
5.100000000000000366e-03	5.109999999999999959e-03	5.120000000000000419e-03
5.130000000000000011e-03	5.139999999999999604e-03	5.150000000000000064e-03
5.159999999999999656e-03	5.170000000000000116e-03	5.179999999999999709e-03
5.190000000000000169e-03	5.199999999999999761e-03	5.210000000000000221e-03
5.219999999999999814e-03	5.230000000000000274e-03	5.239999999999999866e-03
5.250000000000000326e-03	5.259999999999999919e-03	5.270000000000000379e-03
5.279999999999999971e-03	5.290000000000000431e-03	5.300000000000000024e-03
5.309999999999999616e-03	5.320000000000000076e-03	5.329999999999999669e-03
5.340000000000000129e-03	5.349999999999999721e-03	5.360000000000000181e-03
5.369999999999999774e-03	5.380000000000000233e-03	5.389999999999999826e-03
5.400000000000000286e-03	5.409999999999999878e-03	5.420000000000000338e-03
5.429999999999999931e-03	5.440000000000000391e-03	5.449999999999999983e-03
5.459999999999999576e-03	5.470000000000000036e-03	5.479999999999999628e-03
5.490000000000000088e-03	5.499999999999999681e-03	5.510000000000000141e-03
5.519999999999999733e-03	5.530000000000000193e-03	5.539999999999999786e-03
5.550000000000000246e-03	5.559999999999999838e-03	5.570000000000000298e-03
5.579999999999999891e-03	5.590000000000000351e-03	5.599999999999999943e-03
5.610000000000000403e-03	5.619999999999999996e-03	5.629999999999999588e-03
5.640000000000000048e-03	5.649999999999999641e-03	5.660000000000000100e-03
5.669999999999999693e-03	5.680000000000000153e-03	5.689999999999999745e-03
5.700000000000000205e-03	5.709999999999999798e-03	5.720000000000000258e-03
5.729999999999999850e-03	5.740000000000000310e-03	5.749999999999999903e-03
5.760000000000000363e-03	5.769999999999999955e-03	5.780000000000000415e-03
5.790000000000000008e-03	5.799999999999999600e-03	5.810000000000000060e-03
5.819999999999999653e-03	5.830000000000000113e-03	5.839999999999999705e-03
5.850000000000000165e-03	5.859999999999999758e-03	5.870000000000000218e-03
5.879999999999999810e-03	5.890000000000000270e-03	5.899999999999999863e-03
5.910000000000000323e-03	5.919999999999999915e-03	5.930000000000000375e-03
5.939999999999999968e-03	5.950000000000000427e-03	5.960000000000000020e-03
5.969999999999999613e-03	5.980000000000000072e-03	5.989999999999999665e-03
6.000000000000000125e-03	6.009999999999999717e-03	6.020000000000000177e-03
6.029999999999999770e-03	6.040000000000000230e-03	6.049999999999999822e-03
6.060000000000000282e-03	6.069999999999999875e-03	6.080000000000000335e-03
6.089999999999999927e-03	6.100000000000000387e-03	6.109999999999999980e-03
6.119999999999999572e-03	6.130000000000000032e-03	6.139999999999999625e-03
6.150000000000000085e-03	6.159999999999999677e-03	6.170000000000000137e-03
6.179999999999999730e-03	6.190000000000000190e-03	6.199999999999999782e-03
6.210000000000000242e-03	6.219999999999999835e-03	6.230000000000000294e-03
6.239999999999999887e-03	6.250000000000000347e-03	6.259999999999999939e-03
6.270000000000000399e-03	6.279999999999999992e-03	6.289999999999999584e-03
6.300000000000000044e-03	6.309999999999999637e-03	6.320000000000000097e-03
6.329999999999999689e-03	6.340000000000000149e-03	6.349999999999999742e-03
6.360000000000000202e-03	6.369999999999999794e-03	6.380000000000000254e-03
6.389999999999999847e-03	6.400000000000000307e-03	6.409999999999999899e-03
6.420000000000000359e-03	6.429999999999999952e-03	6.440000000000000412e-03
6.450000000000000004e-03	6.459999999999999597e-03	6.470000000000000057e-03
6.479999999999999649e-03	6.490000000000000109e-03	6.499999999999999702e-03
6.510000000000000162e-03	6.519999999999999754e-03	6.530000000000000214e-03
6.539999999999999807e-03	6.550000000000000266e-03	6.559999999999999859e-03
6.570000000000000319e-03	6.579999999999999911e-03	6.590000000000000371e-03
6.599999999999999964e-03	6.610000000000000424e-03	6.620000000000000016e-03
6.629999999999999609e-03	6.640000000000000069e-03	6.649999999999999661e-03
6.660000000000000121e-03	6.669999999999999714e-03	6.680000000000000174e-03
6.689999999999999766e-03	6.700000000000000226e-03	6.709999999999999819e-03
6.720000000000000279e-03	6.729999999999999871e-03	6.740000000000000331e-03
6.749999999999999924e-03	6.760000000000000384e-03	6.769999999999999976e-03
6.779999999999999569e-03	6.790000000000000029e-03	6.799999999999999621e-03
6.810000000000000081e-03	6.819999999999999674e-03	6.830000000000000134e-03
6.839999999999999726e-03	6.850000000000000186e-03	6.859999999999999779e-03
6.870000000000000238e-03	6.879999999999999831e-03	6.890000000000000291e-03
6.899999999999999883e-03	6.910000000000000343e-03	6.919999999999999936e-03
6.930000000000000396e-03	6.939999999999999988e-03	6.949999999999999581e-03
6.960000000000000041e-03	6.969999999999999633e-03	6.980000000000000093e-03
6.989999999999999686e-03	7.000000000000000146e-03	7.009999999999999738e-03
7.020000000000000198e-03	7.029999999999999791e-03	7.040000000000000251e-03
7.049999999999999843e-03	7.060000000000000303e-03	7.069999999999999896e-03
7.080000000000000356e-03	7.089999999999999948e-03	7.100000000000000408e-03
7.110000000000000001e-03	7.119999999999999593e-03	7.130000000000000053e-03
7.139999999999999646e-03	7.150000000000000105e-03	7.159999999999999698e-03
7.170000000000000158e-03	7.179999999999999750e-03	7.190000000000000210e-03
7.199999999999999803e-03	7.210000000000000263e-03	7.219999999999999855e-03
7.230000000000000315e-03	7.239999999999999908e-03	7.250000000000000368e-03
7.259999999999999960e-03	7.270000000000000420e-03	7.280000000000000013e-03
7.289999999999999605e-03	7.300000000000000065e-03	7.309999999999999658e-03
7.320000000000000118e-03	7.329999999999999710e-03	7.340000000000000170e-03
7.349999999999999763e-03	7.360000000000000223e-03	7.369999999999999815e-03
7.380000000000000275e-03	7.389999999999999868e-03	7.400000000000000328e-03
7.409999999999999920e-03	7.420000000000000380e-03	7.429999999999999973e-03
7.440000000000000432e-03	7.450000000000000025e-03	7.459999999999999618e-03
7.470000000000000077e-03	7.479999999999999670e-03	7.490000000000000130e-03
7.499999999999999722e-03	7.510000000000000182e-03	7.519999999999999775e-03
7.530000000000000235e-03	7.539999999999999827e-03	7.550000000000000287e-03
7.559999999999999880e-03	7.570000000000000340e-03	7.579999999999999932e-03
7.590000000000000392e-03	7.599999999999999985e-03	7.609999999999999577e-03
7.620000000000000037e-03	7.629999999999999630e-03	7.640000000000000090e-03
7.649999999999999682e-03	7.660000000000000142e-03	7.669999999999999735e-03
7.680000000000000195e-03	7.689999999999999787e-03	7.700000000000000247e-03
7.709999999999999840e-03	7.720000000000000299e-03	7.729999999999999892e-03
7.740000000000000352e-03	7.749999999999999944e-03	7.760000000000000404e-03
7.769999999999999997e-03	7.779999999999999589e-03	7.790000000000000049e-03
7.799999999999999642e-03	7.810000000000000102e-03	7.820000000000000562e-03
7.830000000000000154e-03	7.839999999999999747e-03	7.849999999999999339e-03
7.860000000000000667e-03	7.870000000000000259e-03	7.879999999999999852e-03
7.889999999999999444e-03	7.900000000000000772e-03	7.910000000000000364e-03
7.919999999999999957e-03	7.929999999999999549e-03	7.939999999999999142e-03
7.950000000000000469e-03	7.960000000000000062e-03	7.969999999999999654e-03
7.979999999999999247e-03	7.990000000000000574e-03	8.000000000000000167e-03
8.009999999999999759e-03	8.019999999999999352e-03	8.030000000000000679e-03
8.040000000000000271e-03	8.049999999999999864e-03	8.059999999999999457e-03
8.070000000000000784e-03	8.080000000000000376e-03	8.089999999999999969e-03
8.099999999999999561e-03	8.109999999999999154e-03	8.120000000000000481e-03
8.130000000000000074e-03	8.139999999999999666e-03	8.149999999999999259e-03
8.160000000000000586e-03	8.170000000000000179e-03	8.179999999999999771e-03
8.189999999999999364e-03	8.200000000000000691e-03	8.210000000000000284e-03
8.219999999999999876e-03	8.229999999999999469e-03	8.240000000000000796e-03
8.250000000000000389e-03	8.259999999999999981e-03	8.269999999999999574e-03
8.279999999999999166e-03	8.290000000000000493e-03	8.300000000000000086e-03
8.309999999999999679e-03	8.319999999999999271e-03	8.330000000000000598e-03
8.340000000000000191e-03	8.349999999999999784e-03	8.359999999999999376e-03
8.370000000000000703e-03	8.380000000000000296e-03	8.389999999999999888e-03
8.399999999999999481e-03	8.410000000000000808e-03	8.420000000000000401e-03
8.429999999999999993e-03	8.439999999999999586e-03	8.449999999999999178e-03
8.460000000000000506e-03	8.470000000000000098e-03	8.479999999999999691e-03
8.489999999999999283e-03	8.500000000000000611e-03	8.510000000000000203e-03
8.519999999999999796e-03	8.529999999999999388e-03	8.540000000000000716e-03
8.550000000000000308e-03	8.559999999999999901e-03	8.569999999999999493e-03
8.580000000000000820e-03	8.590000000000000413e-03	8.600000000000000006e-03
8.609999999999999598e-03	8.619999999999999191e-03	8.630000000000000518e-03
8.640000000000000110e-03	8.649999999999999703e-03	8.659999999999999296e-03
8.670000000000000623e-03	8.680000000000000215e-03	8.689999999999999808e-03
8.699999999999999400e-03	8.710000000000000728e-03	8.720000000000000320e-03
8.729999999999999913e-03	8.739999999999999505e-03	8.750000000000000833e-03
8.760000000000000425e-03	8.770000000000000018e-03	8.779999999999999610e-03
8.789999999999999203e-03	8.800000000000000530e-03	8.810000000000000123e-03
8.819999999999999715e-03	8.829999999999999308e-03	8.840000000000000635e-03
8.850000000000000228e-03	8.859999999999999820e-03	8.869999999999999413e-03
8.880000000000000740e-03	8.890000000000000333e-03	8.899999999999999925e-03
8.909999999999999518e-03	8.920000000000000845e-03	8.930000000000000437e-03
8.940000000000000030e-03	8.949999999999999623e-03	8.959999999999999215e-03
8.970000000000000542e-03	8.980000000000000135e-03	8.989999999999999727e-03
8.999999999999999320e-03	9.010000000000000647e-03	9.020000000000000240e-03
9.029999999999999832e-03	9.039999999999999425e-03	9.050000000000000752e-03
9.060000000000000345e-03	9.069999999999999937e-03	9.079999999999999530e-03
9.090000000000000857e-03	9.100000000000000450e-03	9.110000000000000042e-03
9.119999999999999635e-03	9.129999999999999227e-03	9.140000000000000555e-03
9.150000000000000147e-03	9.159999999999999740e-03	9.169999999999999332e-03
9.180000000000000659e-03	9.190000000000000252e-03	9.199999999999999845e-03
9.209999999999999437e-03	9.220000000000000764e-03	9.230000000000000357e-03
9.239999999999999949e-03	9.249999999999999542e-03	9.259999999999999135e-03
9.270000000000000462e-03	9.280000000000000054e-03	9.289999999999999647e-03
9.299999999999999239e-03	9.310000000000000567e-03	9.320000000000000159e-03
9.329999999999999752e-03	9.339999999999999344e-03	9.350000000000000672e-03
9.360000000000000264e-03	9.369999999999999857e-03	9.379999999999999449e-03
9.390000000000000777e-03	9.400000000000000369e-03	9.409999999999999962e-03
9.419999999999999554e-03	9.429999999999999147e-03	9.440000000000000474e-03
9.450000000000000067e-03	9.459999999999999659e-03	9.469999999999999252e-03
9.480000000000000579e-03	9.490000000000000172e-03	9.499999999999999764e-03
9.509999999999999357e-03	9.520000000000000684e-03	9.530000000000000276e-03
9.539999999999999869e-03	9.549999999999999462e-03	9.560000000000000789e-03
9.570000000000000381e-03	9.579999999999999974e-03	9.589999999999999566e-03
9.599999999999999159e-03	9.610000000000000486e-03	9.620000000000000079e-03
9.629999999999999671e-03	9.639999999999999264e-03	9.650000000000000591e-03
9.660000000000000184e-03	9.669999999999999776e-03	9.679999999999999369e-03
9.690000000000000696e-03	9.700000000000000289e-03	9.709999999999999881e-03
9.719999999999999474e-03	9.730000000000000801e-03	9.740000000000000394e-03
9.749999999999999986e-03	9.759999999999999579e-03	9.769999999999999171e-03
9.780000000000000498e-03	9.790000000000000091e-03	9.799999999999999684e-03
9.809999999999999276e-03	9.820000000000000603e-03	9.830000000000000196e-03
9.839999999999999789e-03	9.849999999999999381e-03	9.860000000000000708e-03
9.870000000000000301e-03	9.879999999999999893e-03	9.889999999999999486e-03
9.900000000000000813e-03	9.910000000000000406e-03	9.919999999999999998e-03
9.929999999999999591e-03	9.939999999999999183e-03	9.950000000000000511e-03
9.960000000000000103e-03	9.969999999999999696e-03	9.979999999999999288e-03
9.990000000000000616e-03	1.000000000000000021e-02	1.000999999999999980e-02
1.001999999999999939e-02	1.003000000000000072e-02	1.004000000000000031e-02
1.004999999999999991e-02	1.005999999999999950e-02	1.007000000000000083e-02
1.008000000000000042e-02	1.009000000000000001e-02	1.009999999999999960e-02
1.010999999999999920e-02	1.012000000000000052e-02	1.013000000000000012e-02
1.013999999999999971e-02	1.014999999999999930e-02	1.016000000000000063e-02
1.017000000000000022e-02	1.017999999999999981e-02	1.018999999999999941e-02
1.020000000000000073e-02	1.021000000000000033e-02	1.021999999999999992e-02
1.022999999999999951e-02	1.024000000000000084e-02	1.025000000000000043e-02
1.026000000000000002e-02	1.026999999999999962e-02	1.027999999999999921e-02
1.029000000000000054e-02	1.030000000000000013e-02	1.030999999999999972e-02
1.031999999999999931e-02	1.033000000000000064e-02	1.034000000000000023e-02
1.034999999999999983e-02	1.035999999999999942e-02	1.037000000000000074e-02
1.038000000000000034e-02	1.038999999999999993e-02	1.039999999999999952e-02
1.041000000000000085e-02	1.042000000000000044e-02	1.043000000000000003e-02
1.043999999999999963e-02	1.044999999999999922e-02	1.046000000000000055e-02
1.047000000000000014e-02	1.047999999999999973e-02	1.048999999999999932e-02
1.050000000000000065e-02	1.051000000000000024e-02	1.051999999999999984e-02
1.052999999999999943e-02	1.054000000000000076e-02	1.055000000000000035e-02
1.055999999999999994e-02	1.056999999999999953e-02	1.058000000000000086e-02
1.059000000000000045e-02	1.060000000000000005e-02	1.060999999999999964e-02
1.061999999999999923e-02	1.063000000000000056e-02	1.064000000000000015e-02
1.064999999999999974e-02	1.065999999999999934e-02	1.067000000000000066e-02
1.068000000000000026e-02	1.068999999999999985e-02	1.069999999999999944e-02
1.071000000000000077e-02	1.072000000000000036e-02	1.072999999999999995e-02
1.073999999999999955e-02	1.074999999999999914e-02	1.076000000000000047e-02
1.077000000000000006e-02	1.077999999999999965e-02	1.078999999999999924e-02
1.080000000000000057e-02	1.081000000000000016e-02	1.081999999999999976e-02
1.082999999999999935e-02	1.084000000000000068e-02	1.085000000000000027e-02
1.085999999999999986e-02	1.086999999999999945e-02	1.088000000000000078e-02
1.089000000000000037e-02	1.089999999999999997e-02	1.090999999999999956e-02
1.091999999999999915e-02	1.093000000000000048e-02	1.094000000000000007e-02
1.094999999999999966e-02	1.095999999999999926e-02	1.097000000000000058e-02
1.098000000000000018e-02	1.098999999999999977e-02	1.099999999999999936e-02
1.101000000000000069e-02	1.102000000000000028e-02	1.102999999999999987e-02
1.103999999999999947e-02	1.105000000000000079e-02	1.106000000000000039e-02
1.106999999999999998e-02	1.107999999999999957e-02	1.108999999999999916e-02
1.110000000000000049e-02	1.111000000000000008e-02	1.111999999999999968e-02
1.112999999999999927e-02	1.114000000000000060e-02	1.115000000000000019e-02
1.115999999999999978e-02	1.116999999999999937e-02	1.118000000000000070e-02
1.119000000000000029e-02	1.119999999999999989e-02	1.120999999999999948e-02
1.122000000000000081e-02	1.123000000000000040e-02	1.123999999999999999e-02
1.124999999999999958e-02	1.125999999999999918e-02	1.127000000000000050e-02
1.128000000000000010e-02	1.128999999999999969e-02	1.129999999999999928e-02
1.131000000000000061e-02	1.132000000000000020e-02	1.132999999999999979e-02
1.133999999999999939e-02	1.135000000000000071e-02	1.136000000000000031e-02
1.136999999999999990e-02	1.137999999999999949e-02	1.139000000000000082e-02
1.140000000000000041e-02	1.141000000000000000e-02	1.141999999999999960e-02
1.142999999999999919e-02	1.144000000000000052e-02	1.145000000000000011e-02
1.145999999999999970e-02	1.146999999999999929e-02	1.148000000000000062e-02
1.149000000000000021e-02	1.149999999999999981e-02	1.150999999999999940e-02
1.152000000000000073e-02	1.153000000000000032e-02	1.153999999999999991e-02
1.154999999999999950e-02	1.156000000000000083e-02	1.157000000000000042e-02
1.158000000000000002e-02	1.158999999999999961e-02	1.159999999999999920e-02
1.161000000000000053e-02	1.162000000000000012e-02	1.162999999999999971e-02
1.163999999999999931e-02	1.165000000000000063e-02	1.166000000000000023e-02
1.166999999999999982e-02	1.167999999999999941e-02	1.169000000000000074e-02
1.170000000000000033e-02	1.170999999999999992e-02	1.171999999999999952e-02
1.173000000000000084e-02	1.174000000000000044e-02	1.175000000000000003e-02
1.175999999999999962e-02	1.176999999999999921e-02	1.178000000000000054e-02
1.179000000000000013e-02	1.179999999999999973e-02	1.180999999999999932e-02
1.182000000000000065e-02	1.183000000000000024e-02	1.183999999999999983e-02
1.184999999999999942e-02	1.186000000000000075e-02	1.187000000000000034e-02
1.187999999999999994e-02	1.188999999999999953e-02	1.190000000000000085e-02
1.191000000000000045e-02	1.192000000000000004e-02	1.192999999999999963e-02
1.193999999999999923e-02	1.195000000000000055e-02	1.196000000000000014e-02
1.196999999999999974e-02	1.197999999999999933e-02	1.199000000000000066e-02
1.200000000000000025e-02	1.200999999999999984e-02	1.201999999999999943e-02
1.203000000000000076e-02	1.204000000000000035e-02	1.204999999999999995e-02
1.205999999999999954e-02	1.207000000000000087e-02	1.208000000000000046e-02
1.209000000000000005e-02	1.209999999999999964e-02	1.210999999999999924e-02
1.212000000000000056e-02	1.213000000000000016e-02	1.213999999999999975e-02
1.214999999999999934e-02	1.216000000000000067e-02	1.217000000000000026e-02
1.217999999999999985e-02	1.218999999999999945e-02	1.220000000000000077e-02
1.221000000000000037e-02	1.221999999999999996e-02	1.222999999999999955e-02
1.223999999999999914e-02	1.225000000000000047e-02	1.226000000000000006e-02
1.226999999999999966e-02	1.227999999999999925e-02	1.229000000000000058e-02
1.230000000000000017e-02	1.230999999999999976e-02	1.231999999999999935e-02
1.233000000000000068e-02	1.234000000000000027e-02	1.234999999999999987e-02
1.235999999999999946e-02	1.237000000000000079e-02	1.238000000000000038e-02
1.238999999999999997e-02	1.239999999999999956e-02	1.240999999999999916e-02
1.242000000000000048e-02	1.243000000000000008e-02	1.243999999999999967e-02
1.244999999999999926e-02	1.246000000000000059e-02	1.247000000000000018e-02
1.247999999999999977e-02	1.248999999999999937e-02	1.250000000000000069e-02
1.251000000000000029e-02	1.251999999999999988e-02	1.252999999999999947e-02
1.254000000000000080e-02	1.255000000000000039e-02	1.255999999999999998e-02
1.256999999999999958e-02	1.257999999999999917e-02	1.259000000000000050e-02
1.260000000000000009e-02	1.260999999999999968e-02	1.261999999999999927e-02
1.263000000000000060e-02	1.264000000000000019e-02	1.264999999999999979e-02
1.265999999999999938e-02	1.267000000000000071e-02	1.268000000000000030e-02
1.268999999999999989e-02	1.269999999999999948e-02	1.271000000000000081e-02
1.272000000000000040e-02	1.273000000000000000e-02	1.273999999999999959e-02
1.274999999999999918e-02	1.276000000000000051e-02	1.277000000000000010e-02
1.277999999999999969e-02	1.278999999999999929e-02	1.280000000000000061e-02
1.281000000000000021e-02	1.281999999999999980e-02	1.282999999999999939e-02
1.284000000000000072e-02	1.285000000000000031e-02	1.285999999999999990e-02
1.286999999999999950e-02	1.288000000000000082e-02	1.289000000000000042e-02
1.290000000000000001e-02	1.290999999999999960e-02	1.291999999999999919e-02
1.293000000000000052e-02	1.294000000000000011e-02	1.294999999999999971e-02
1.295999999999999930e-02	1.297000000000000063e-02	1.298000000000000022e-02
1.298999999999999981e-02	1.299999999999999940e-02	1.301000000000000073e-02
1.302000000000000032e-02	1.302999999999999992e-02	1.303999999999999951e-02
1.305000000000000084e-02	1.306000000000000043e-02	1.307000000000000002e-02
1.307999999999999961e-02	1.308999999999999921e-02	1.310000000000000053e-02
1.311000000000000013e-02	1.311999999999999972e-02	1.312999999999999931e-02
1.314000000000000064e-02	1.315000000000000023e-02	1.315999999999999982e-02
1.316999999999999942e-02	1.318000000000000074e-02	1.319000000000000034e-02
1.319999999999999993e-02	1.320999999999999952e-02	1.322000000000000085e-02
1.323000000000000044e-02	1.324000000000000003e-02	1.324999999999999963e-02
1.325999999999999922e-02	1.327000000000000055e-02	1.328000000000000014e-02
1.328999999999999973e-02	1.329999999999999932e-02	1.331000000000000065e-02
1.332000000000000024e-02	1.332999999999999984e-02	1.333999999999999943e-02
1.335000000000000075e-02	1.336000000000000035e-02	1.336999999999999994e-02
1.337999999999999953e-02	1.339000000000000086e-02	1.340000000000000045e-02
1.341000000000000004e-02	1.341999999999999964e-02	1.342999999999999923e-02
1.344000000000000056e-02	1.345000000000000015e-02	1.345999999999999974e-02
1.346999999999999933e-02	1.348000000000000066e-02	1.349000000000000025e-02
1.349999999999999985e-02	1.350999999999999944e-02	1.352000000000000077e-02
1.353000000000000036e-02	1.353999999999999995e-02	1.354999999999999954e-02
1.355999999999999914e-02	1.357000000000000046e-02	1.358000000000000006e-02
1.358999999999999965e-02	1.359999999999999924e-02	1.361000000000000057e-02
1.362000000000000016e-02	1.362999999999999975e-02	1.363999999999999935e-02
1.365000000000000067e-02	1.366000000000000027e-02	1.366999999999999986e-02
1.367999999999999945e-02	1.369000000000000078e-02	1.370000000000000037e-02
1.370999999999999996e-02	1.371999999999999956e-02	1.372999999999999915e-02
1.374000000000000048e-02	1.375000000000000007e-02	1.375999999999999966e-02
1.376999999999999925e-02	1.378000000000000058e-02	1.379000000000000017e-02
1.379999999999999977e-02	1.380999999999999936e-02	1.382000000000000069e-02
1.383000000000000028e-02	1.383999999999999987e-02	1.384999999999999946e-02
1.386000000000000079e-02	1.387000000000000038e-02	1.387999999999999998e-02
1.388999999999999957e-02	1.389999999999999916e-02	1.391000000000000049e-02
1.392000000000000008e-02	1.392999999999999967e-02	1.393999999999999927e-02
1.395000000000000059e-02	1.396000000000000019e-02	1.396999999999999978e-02
1.397999999999999937e-02	1.399000000000000070e-02	1.400000000000000029e-02
1.400999999999999988e-02	1.401999999999999948e-02	1.403000000000000080e-02
1.404000000000000040e-02	1.404999999999999999e-02	1.405999999999999958e-02
1.406999999999999917e-02	1.408000000000000050e-02	1.409000000000000009e-02
1.409999999999999969e-02	1.410999999999999928e-02	1.412000000000000061e-02
1.413000000000000020e-02	1.413999999999999979e-02	1.414999999999999938e-02
1.416000000000000071e-02	1.417000000000000030e-02	1.417999999999999990e-02
1.418999999999999949e-02	1.420000000000000082e-02	1.421000000000000041e-02
1.422000000000000000e-02	1.422999999999999959e-02	1.423999999999999919e-02
1.425000000000000051e-02	1.426000000000000011e-02	1.426999999999999970e-02
1.427999999999999929e-02	1.429000000000000062e-02	1.430000000000000021e-02
1.430999999999999980e-02	1.431999999999999940e-02	1.433000000000000072e-02
1.434000000000000032e-02	1.434999999999999991e-02	1.435999999999999950e-02
1.437000000000000083e-02	1.438000000000000042e-02	1.439000000000000001e-02
1.439999999999999961e-02	1.440999999999999920e-02	1.442000000000000053e-02
1.443000000000000012e-02	1.443999999999999971e-02	1.444999999999999930e-02
1.446000000000000063e-02	1.447000000000000022e-02	1.447999999999999982e-02
1.448999999999999941e-02	1.450000000000000074e-02	1.451000000000000033e-02
1.451999999999999992e-02	1.452999999999999951e-02	1.454000000000000084e-02
1.455000000000000043e-02	1.456000000000000003e-02	1.456999999999999962e-02
1.457999999999999921e-02	1.459000000000000054e-02	1.460000000000000013e-02
1.460999999999999972e-02	1.461999999999999932e-02	1.463000000000000064e-02
1.464000000000000024e-02	1.464999999999999983e-02	1.465999999999999942e-02
1.467000000000000075e-02	1.468000000000000034e-02	1.468999999999999993e-02
1.469999999999999953e-02	1.471000000000000085e-02	1.472000000000000045e-02
1.473000000000000004e-02	1.473999999999999963e-02	1.474999999999999922e-02
1.476000000000000055e-02	1.477000000000000014e-02	1.477999999999999974e-02
1.478999999999999933e-02	1.480000000000000066e-02	1.481000000000000025e-02
1.481999999999999984e-02	1.482999999999999943e-02	1.484000000000000076e-02
1.485000000000000035e-02	1.485999999999999995e-02	1.486999999999999954e-02
1.488000000000000086e-02	1.489000000000000046e-02	1.490000000000000005e-02
1.490999999999999964e-02	1.491999999999999924e-02	1.493000000000000056e-02
1.494000000000000015e-02	1.494999999999999975e-02	1.495999999999999934e-02
1.497000000000000067e-02	1.498000000000000026e-02	1.498999999999999985e-02
1.499999999999999944e-02	1.501000000000000077e-02	1.502000000000000036e-02
1.502999999999999996e-02	1.503999999999999955e-02	1.504999999999999914e-02
1.506000000000000047e-02	1.507000000000000006e-02	1.507999999999999965e-02
1.508999999999999925e-02	1.510000000000000057e-02	1.511000000000000017e-02
1.511999999999999976e-02	1.512999999999999935e-02	1.514000000000000068e-02
1.515000000000000027e-02	1.515999999999999986e-02	1.516999999999999946e-02
1.518000000000000078e-02	1.519000000000000038e-02	-2.944731059827302572e-02
-2.944731059827302572e-02	-2.934965434827302433e-02	-2.981352153577302572e-02
-2.971586528577302433e-02	-3.017973247327302572e-02	-3.008207622327302433e-02
-3.052152934827302710e-02	-3.042387309827302572e-02	-3.088774028577302710e-02
-3.079008403577302572e-02	-3.125395122327302710e-02	-3.115629497327302572e-02
-3.162016216077302710e-02	-3.152250591077302572e-02	-3.196195903577302849e-02
-3.188871684827302572e-02	-3.232816997327302849e-02	-3.225492778577302572e-02
-3.269438091077302849e-02	-3.262113872327302572e-02	-3.306059184827302849e-02
-3.296293559827302710e-02	-3.342680278577302849e-02	-3.330473247327302849e-02
-3.374418559827302433e-02	-3.362211528577302433e-02	-3.406156841077302710e-02
-3.391508403577302849e-02	-3.440336528577302849e-02	-3.425688091077302294e-02
-3.469633403577302572e-02	-3.457426372327302572e-02	-3.503813091077302710e-02
-3.489164653577302849e-02	-3.535551372327302294e-02	-3.523344341077302294e-02
-3.567289653577302572e-02	-3.555082622327302572e-02	-3.599027934827302849e-02
-3.586820903577302849e-02	-3.630766216077302433e-02	-3.621000591077302294e-02
-3.662504497327302710e-02	-3.650297466077302710e-02	-3.686918559827302710e-02
-3.677152934827302572e-02	-3.711332622327302710e-02	-3.699125591077302710e-02
-3.730863872327302294e-02	-3.718656841077302294e-02	-3.747953716077302710e-02
-3.733305278577302849e-02	-3.760160747327302710e-02	-3.740629497327302433e-02
-3.767484966077302988e-02	-3.740629497327302433e-02	-3.767484966077302988e-02
-3.733305278577302849e-02	-3.760160747327302710e-02	-3.718656841077302294e-02
-3.747953716077302710e-02	-3.696684184827302849e-02	-3.728422466077302433e-02
-3.667387309827302433e-02	-3.704008403577302433e-02	-3.630766216077302433e-02
-3.672270122327302849e-02	-3.589262309827302710e-02	-3.635649028577302849e-02
-3.542875591077302572e-02	-3.591703716077302572e-02	-3.491606059827302710e-02
-3.542875591077302572e-02	-3.435453716077302433e-02	-3.491606059827302710e-02
-3.374418559827302433e-02	-3.433012309827302572e-02	-3.310941997327302572e-02
-3.374418559827302433e-02	-3.247465434827302710e-02	-3.308500591077302710e-02
-3.179106059827302433e-02	-3.245024028577302849e-02	-3.113188091077302710e-02
-3.176664653577302572e-02	-3.044828716077302433e-02	-3.110746684827302502e-02
-2.976469341077302502e-02	-3.042387309827302572e-02	-2.905668559827302710e-02
-2.971586528577302433e-02	-2.834867778577302572e-02	-2.903227153577302502e-02
-2.764066997327302433e-02	-2.832426372327302710e-02	-2.690824809827302433e-02
-2.761625591077302572e-02	-2.620024028577302641e-02	-2.688383403577302572e-02
-2.546781841077302641e-02	-2.615141216077302572e-02	-2.475981059827302849e-02
-2.544340434827302433e-02	-2.405180278577302710e-02	-2.473539653577302988e-02
-2.334379497327302919e-02	-2.402738872327302849e-02	-2.266020122327302988e-02
-2.331938091077302710e-02	-2.200102153577302919e-02	-2.266020122327302988e-02
-2.136625591077302710e-02	-2.200102153577302919e-02	-2.073149028577302849e-02
-2.134184184827302849e-02	-2.014555278577302710e-02	-2.073149028577302849e-02
-1.955961528577302919e-02	-2.014555278577302710e-02	-1.904691997327302710e-02
-1.958402934827302780e-02	-1.853422466077302849e-02	-1.907133403577302919e-02
-1.804594341077302849e-02	-1.855863872327302710e-02	-1.758207622327302710e-02
-1.809477153577302919e-02	-1.716703716077302641e-02	-1.763090434827302780e-02
-1.675199809827302919e-02	-1.724027934827302919e-02	-1.636137309827302710e-02
-1.684965434827302710e-02	-1.599516216077302710e-02	-1.643461528577302641e-02
-1.562895122327302710e-02	-1.606840434827302641e-02	-1.526274028577302710e-02
-1.570219341077302641e-02	-1.492094341077302745e-02	-1.536039653577302849e-02
-1.460356059827302815e-02	-1.501859966077302710e-02	-1.428617778577302710e-02
-1.467680278577302745e-02	-1.396879497327302780e-02	-1.435941997327302815e-02
-1.367582622327302710e-02	-1.406645122327302745e-02	-1.338285747327302815e-02
-1.377348247327302849e-02	-1.311430278577302780e-02	-1.350492778577302815e-02
-1.284574809827302745e-02	-1.321195903577302745e-02	-1.257719341077302710e-02
-1.294340434827302710e-02	-1.233305278577302710e-02	-1.269926372327302710e-02
-1.208891216077302710e-02	-1.243070903577302849e-02	-1.184477153577302710e-02
-1.218656841077302849e-02	-1.162504497327302745e-02	-1.194242778577302849e-02
-1.140531841077302780e-02	-1.174711528577302745e-02	-1.118559184827302815e-02
-1.152738872327302780e-02	-1.096586528577302849e-02	-1.130766216077302815e-02
-1.077055278577302745e-02	-1.111234966077302710e-02	-1.057524028577302815e-02
-1.091703716077302780e-02	-1.037992778577302710e-02	-1.074613872327302710e-02
-1.020902934827302815e-02	-1.057524028577302815e-02	-1.003813091077302745e-02
-1.040434184827302745e-02	-9.867232473273028492e-03	-1.023344341077302849e-02
-9.696334035773027799e-03	-1.006254497327302780e-02	-9.549849660773027452e-03
-9.891646535773027105e-03	-9.378951223273028492e-03	-9.745162160773028492e-03
-9.208052785773027799e-03	-9.574263723273027799e-03	-9.061568410773027452e-03
-9.427779348273027452e-03	-8.890669973273026758e-03	-9.256880910773026758e-03
-8.744185598273028145e-03	-9.085982473273027799e-03	-8.573287160773027452e-03
-8.915084035773027105e-03	-8.402388723273026758e-03	-8.744185598273028145e-03
-8.231490285773027799e-03	-8.573287160773027452e-03	-8.036177785773026758e-03
-8.402388723273026758e-03	-7.865279348273027799e-03	-8.182662160773027105e-03
-7.669966848273027625e-03	-8.011763723273028145e-03	-7.474654348273027452e-03
-7.816451223273027105e-03	-7.303755910773027625e-03	-7.645552785773027278e-03
-7.108443410773027452e-03	-7.450240285773027105e-03	-6.913130910773027278e-03
-7.254927785773027799e-03	-6.717818410773027105e-03	-7.059615285773027625e-03
-6.522505910773027799e-03	-6.888716848273027799e-03	-6.327193410773027625e-03
-6.693404348273027625e-03	-6.156294973273026931e-03	-6.522505910773027799e-03
-5.985396535773027105e-03	-6.376021535773027452e-03	-5.838912160773026758e-03
-6.205123098273026758e-03	-5.692427785773026411e-03	-6.083052785773026758e-03
-5.570357473273026411e-03	-5.960982473273026758e-03	-5.472701223273026758e-03
-5.838912160773026758e-03	-5.350630910773026758e-03	-5.716841848273026758e-03
-5.252974660773027105e-03	-5.643599660773026584e-03	-5.179732473273026931e-03
-5.570357473273026411e-03	-5.130904348273027105e-03	-5.497115285773027105e-03
-5.057662160773026931e-03	-5.423873098273026931e-03	-5.033248098273026584e-03
-5.375044973273027105e-03	-4.984419973273026758e-03	-5.326216848273026411e-03
-4.935591848273026931e-03	-5.277388723273026584e-03	-4.911177785773026584e-03
-5.252974660773027105e-03	-4.886763723273027105e-03	-5.204146535773026411e-03
-4.862349660773026758e-03	-5.179732473273026931e-03	-4.837935598273026411e-03
-5.155318410773026584e-03	-4.813521535773026931e-03	-5.130904348273027105e-03
-4.813521535773026931e-03	-5.106490285773026758e-03	-4.813521535773026931e-03
-5.106490285773026758e-03	-4.813521535773026931e-03	-5.106490285773026758e-03
-4.813521535773026931e-03	-5.106490285773026758e-03	-4.837935598273026411e-03
-5.130904348273027105e-03	-4.837935598273026411e-03	-5.130904348273027105e-03
-4.837935598273026411e-03	-5.155318410773026584e-03	-4.862349660773026758e-03
-5.155318410773026584e-03	-4.837935598273026411e-03	-5.155318410773026584e-03
-4.837935598273026411e-03	-5.155318410773026584e-03	-4.862349660773026758e-03
-5.155318410773026584e-03	-4.837935598273026411e-03	-5.155318410773026584e-03
-4.813521535773026931e-03	-5.155318410773026584e-03	-4.813521535773026931e-03
-5.130904348273027105e-03	-4.813521535773026931e-03	-5.130904348273027105e-03
-4.789107473273026584e-03	-5.106490285773026758e-03	-4.764693410773027105e-03
-5.082076223273026411e-03	-4.740279348273026758e-03	-5.057662160773026931e-03
-4.715865285773026411e-03	-5.057662160773026931e-03	-4.715865285773026411e-03
-5.033248098273026584e-03	-4.691451223273026931e-03	-5.008834035773027105e-03
-4.667037160773026584e-03	-4.984419973273026758e-03	-4.667037160773026584e-03
-4.984419973273026758e-03	-4.642623098273026237e-03	-4.960005910773026411e-03
-4.642623098273026237e-03	-4.960005910773026411e-03	-4.618209035773026758e-03
-4.935591848273026931e-03	-4.618209035773026758e-03	-4.911177785773026584e-03
-4.593794973273026411e-03	-4.911177785773026584e-03	-4.569380910773026931e-03
-4.886763723273027105e-03	-4.544966848273026584e-03	-4.837935598273026411e-03
-4.496138723273026758e-03	-4.813521535773026931e-03	-4.471724660773026411e-03
-4.764693410773027105e-03	-4.422896535773026584e-03	-4.715865285773026411e-03
-4.374068410773026758e-03	-4.667037160773026584e-03	-4.325240285773026931e-03
-4.618209035773026758e-03	-4.251998098273026758e-03	-4.544966848273026584e-03
-4.203169973273026931e-03	-4.496138723273026758e-03	-4.129927785773026758e-03
-4.422896535773026584e-03	-4.056685598273026584e-03	-4.374068410773026758e-03
-4.007857473273026758e-03	-4.300826223273026584e-03	-3.959029348273026931e-03
-4.251998098273026758e-03	-3.910201223273026237e-03	-4.203169973273026931e-03
-3.861373098273026411e-03	-4.154341848273026237e-03	-3.836959035773026497e-03
-4.129927785773026758e-03	-3.788130910773026671e-03	-4.081099660773026931e-03
-3.763716848273026758e-03	-4.056685598273026584e-03	-3.739302785773026411e-03
-4.007857473273026758e-03	-3.714888723273026497e-03	-4.007857473273026758e-03
-3.690474660773026584e-03	-3.983443410773026411e-03	-3.666060598273026671e-03
-3.959029348273026931e-03	-3.641646535773026758e-03	-3.934615285773026584e-03
-3.641646535773026758e-03	-3.910201223273026237e-03	-3.617232473273026411e-03
-3.885787160773026758e-03	-3.568404348273026584e-03	-3.885787160773026758e-03
-3.543990285773026671e-03	-3.861373098273026411e-03	-3.543990285773026671e-03
-3.836959035773026497e-03	-3.519576223273026758e-03	-3.812544973273026584e-03
-3.495162160773026411e-03	-3.812544973273026584e-03	-3.495162160773026411e-03
-3.788130910773026671e-03	-3.495162160773026411e-03	-3.812544973273026584e-03
-3.495162160773026411e-03	-3.788130910773026671e-03	-3.495162160773026411e-03
-3.788130910773026671e-03	-3.519576223273026758e-03	-3.812544973273026584e-03
-3.543990285773026671e-03	-3.836959035773026497e-03	-3.568404348273026584e-03
-3.861373098273026411e-03	-3.592818410773026497e-03	-3.885787160773026758e-03
-3.641646535773026758e-03	-3.910201223273026237e-03	-3.666060598273026671e-03
-3.959029348273026931e-03	-3.690474660773026584e-03	-4.007857473273026758e-03
-3.739302785773026411e-03	-4.032271535773026237e-03	-3.763716848273026758e-03
-4.056685598273026584e-03	-3.788130910773026671e-03	-4.081099660773026931e-03
-3.812544973273026584e-03	-4.081099660773026931e-03	-3.812544973273026584e-03
-4.105513723273026411e-03	-3.812544973273026584e-03	-4.105513723273026411e-03
-3.812544973273026584e-03	-4.081099660773026931e-03	-3.788130910773026671e-03
-4.081099660773026931e-03	-3.763716848273026758e-03	-4.032271535773026237e-03
-3.714888723273026497e-03	-4.007857473273026758e-03	-3.690474660773026584e-03
-3.959029348273026931e-03	-3.641646535773026758e-03	-3.910201223273026237e-03
-3.568404348273026584e-03	-3.861373098273026411e-03	-3.519576223273026758e-03
-3.812544973273026584e-03	-3.470748098273026497e-03	-3.763716848273026758e-03
-3.397505910773026758e-03	-3.690474660773026584e-03	-3.324263723273026584e-03
-3.617232473273026411e-03	-3.251021535773026411e-03	-3.568404348273026584e-03
-3.202193410773026584e-03	-3.495162160773026411e-03	-3.128951223273026411e-03
-3.446334035773026584e-03	-3.080123098273026584e-03	-3.397505910773026758e-03
-3.031294973273026758e-03	-3.324263723273026584e-03	-2.958052785773026584e-03
-3.275435598273026758e-03	-2.933638723273026671e-03	-3.226607473273026497e-03
-2.884810598273026411e-03	-3.177779348273026671e-03	-2.835982473273026584e-03
-3.153365285773026758e-03	-2.835982473273026584e-03	-3.104537160773026497e-03
-2.811568410773026671e-03	-3.080123098273026584e-03	-2.787154348273026758e-03
-3.055709035773026671e-03	-2.787154348273026758e-03	-3.031294973273026758e-03
-2.762740285773026411e-03	-3.006880910773026411e-03	-2.762740285773026411e-03
-3.006880910773026411e-03	-2.738326223273026497e-03	-2.982466848273026497e-03
-2.738326223273026497e-03	-2.958052785773026584e-03	-2.713912160773026584e-03
-2.958052785773026584e-03	-2.713912160773026584e-03	-2.958052785773026584e-03
-2.689498098273026671e-03	-2.958052785773026584e-03	-2.689498098273026671e-03
-2.958052785773026584e-03	-2.689498098273026671e-03	-2.958052785773026584e-03
-2.689498098273026671e-03	-2.933638723273026671e-03	-2.689498098273026671e-03
-2.933638723273026671e-03	-2.689498098273026671e-03	-2.958052785773026584e-03
-2.689498098273026671e-03	-2.933638723273026671e-03	-2.689498098273026671e-03
-2.958052785773026584e-03	-2.665084035773026758e-03	-2.933638723273026671e-03
-2.665084035773026758e-03	-2.933638723273026671e-03	-2.640669973273026411e-03
-2.909224660773026758e-03	-2.640669973273026411e-03	-2.909224660773026758e-03
-2.616255910773026497e-03	-2.884810598273026411e-03	-2.591841848273026584e-03
-2.860396535773026497e-03	-2.543013723273026758e-03	-2.811568410773026671e-03
-2.518599660773026411e-03	-2.787154348273026758e-03	-2.469771535773026584e-03
-2.762740285773026411e-03	-2.420943410773026758e-03	-2.713912160773026584e-03
-2.396529348273026411e-03	-2.665084035773026758e-03	-2.347701223273026584e-03
-2.616255910773026497e-03	-2.298873098273026324e-03	-2.591841848273026584e-03
-2.274459035773026411e-03	-2.543013723273026758e-03	-2.250044973273026497e-03
-2.518599660773026411e-03	-2.225630910773026584e-03	-2.494185598273026497e-03
-2.201216848273026671e-03	-2.494185598273026497e-03	-2.201216848273026671e-03
-2.469771535773026584e-03	-2.176802785773026324e-03	-2.469771535773026584e-03
-2.176802785773026324e-03	-2.445357473273026671e-03	-2.176802785773026324e-03
-2.469771535773026584e-03	-2.201216848273026671e-03	-2.469771535773026584e-03
-2.201216848273026671e-03	-2.469771535773026584e-03	-2.201216848273026671e-03
-2.469771535773026584e-03	-2.201216848273026671e-03	-2.469771535773026584e-03
-2.201216848273026671e-03	-2.469771535773026584e-03	-2.201216848273026671e-03
-2.469771535773026584e-03	-2.201216848273026671e-03	-2.469771535773026584e-03
-2.176802785773026324e-03	-2.469771535773026584e-03	-2.176802785773026324e-03
-2.445357473273026671e-03	-2.176802785773026324e-03	-2.445357473273026671e-03
-2.152388723273026411e-03	-2.420943410773026758e-03	-2.152388723273026411e-03
-2.420943410773026758e-03	-2.152388723273026411e-03	-2.396529348273026411e-03
-2.127974660773026497e-03	-2.396529348273026411e-03	-2.103560598273026584e-03
-2.372115285773026497e-03	-2.103560598273026584e-03	-2.372115285773026497e-03
-2.103560598273026584e-03	-2.372115285773026497e-03	-2.103560598273026584e-03
-2.372115285773026497e-03	-2.103560598273026584e-03	-2.372115285773026497e-03
-2.103560598273026584e-03	-2.372115285773026497e-03	-2.127974660773026497e-03
-2.396529348273026411e-03	-2.127974660773026497e-03	-2.396529348273026411e-03
-2.127974660773026497e-03	-2.396529348273026411e-03	-2.152388723273026411e-03
-2.420943410773026758e-03	-2.152388723273026411e-03	-2.420943410773026758e-03
-2.152388723273026411e-03	-2.420943410773026758e-03	-2.152388723273026411e-03
-2.420943410773026758e-03	-2.127974660773026497e-03	-2.396529348273026411e-03
-2.127974660773026497e-03	-2.396529348273026411e-03	-2.103560598273026584e-03
-2.372115285773026497e-03	-2.079146535773026671e-03	-2.347701223273026584e-03
-2.054732473273026324e-03	-2.323287160773026671e-03	-2.030318410773026411e-03
-2.298873098273026324e-03	-2.005904348273026497e-03	-2.274459035773026411e-03
-1.981490285773026584e-03	-2.225630910773026584e-03	-1.957076223273026671e-03
-2.201216848273026671e-03	-1.932662160773026541e-03	-2.201216848273026671e-03
-1.908248098273026411e-03	-2.176802785773026324e-03	-1.883834035773026497e-03
-2.152388723273026411e-03	-1.883834035773026497e-03	-2.127974660773026497e-03
-1.859419973273026584e-03	-2.103560598273026584e-03	-1.835005910773026454e-03
-2.103560598273026584e-03	-1.810591848273026541e-03	-2.079146535773026671e-03
-1.810591848273026541e-03	-2.054732473273026324e-03	-1.786177785773026411e-03
-2.030318410773026411e-03	-1.761763723273026497e-03	-2.030318410773026411e-03
-1.761763723273026497e-03	-2.005904348273026497e-03	-1.737349660773026584e-03
-1.981490285773026584e-03	-1.712935598273026454e-03	-1.957076223273026671e-03
-1.712935598273026454e-03	-1.957076223273026671e-03	-1.688521535773026541e-03
-1.932662160773026541e-03	-1.688521535773026541e-03	-1.932662160773026541e-03
-1.664107473273026411e-03	-1.932662160773026541e-03	-1.664107473273026411e-03
-1.908248098273026411e-03	-1.664107473273026411e-03	-1.908248098273026411e-03
-1.639693410773026497e-03	-1.908248098273026411e-03	-1.639693410773026497e-03
-1.908248098273026411e-03	-1.639693410773026497e-03	-1.908248098273026411e-03
-1.664107473273026411e-03	-1.908248098273026411e-03	-1.639693410773026497e-03
-1.908248098273026411e-03	-1.639693410773026497e-03	-1.883834035773026497e-03
-1.639693410773026497e-03	-1.883834035773026497e-03	-1.615279348273026584e-03
-1.859419973273026584e-03	-1.590865285773026454e-03	-1.835005910773026454e-03
-1.590865285773026454e-03	-1.835005910773026454e-03	-1.566451223273026541e-03
-1.810591848273026541e-03	-1.542037160773026411e-03	-1.786177785773026411e-03
-1.517623098273026497e-03	-1.761763723273026497e-03	-1.517623098273026497e-03
-1.761763723273026497e-03	-1.517623098273026497e-03	-1.761763723273026497e-03
-1.493209035773026584e-03	-1.737349660773026584e-03	-1.493209035773026584e-03
-1.737349660773026584e-03	-1.493209035773026584e-03	-1.737349660773026584e-03
-1.493209035773026584e-03	-1.737349660773026584e-03	-1.493209035773026584e-03
-1.712935598273026454e-03	-1.468794973273026454e-03	-1.712935598273026454e-03
-1.444380910773026541e-03	-1.688521535773026541e-03	-1.419966848273026411e-03
-1.664107473273026411e-03	-1.395552785773026497e-03	-1.639693410773026497e-03
-1.346724660773026454e-03	-1.615279348273026584e-03	-1.322310598273026541e-03
-1.566451223273026541e-03	-1.273482473273026497e-03	-1.542037160773026411e-03
-1.224654348273026454e-03	-1.493209035773026584e-03	-1.200240285773026541e-03
-1.468794973273026454e-03	-1.151412160773026497e-03	-1.419966848273026411e-03
-1.126998098273026367e-03	-1.371138723273026584e-03	-1.078169973273026541e-03
-1.322310598273026541e-03	-1.029341848273026497e-03	-1.297896535773026411e-03
-1.004927785773026367e-03	-1.249068410773026584e-03	-9.560996607730264324e-04
-1.224654348273026454e-03	-9.560996607730264324e-04	-1.200240285773026541e-03
-9.072715357730264975e-04	-1.175826223273026411e-03	-8.828574732730264758e-04
-1.126998098273026367e-03	-8.584434107730264541e-04	-1.102584035773026454e-03
-8.096152857730264107e-04	-1.078169973273026541e-03	-7.852012232730264975e-04
-1.029341848273026497e-03	-7.607871607730264758e-04	-1.004927785773026367e-03
-7.119590357730264324e-04	-9.805137232730264541e-04	-6.875449732730264107e-04
-9.316855982730264107e-04	-6.631309107730264975e-04	-9.072715357730264975e-04
-6.387168482730264758e-04	-8.828574732730264758e-04	-5.898887232730264324e-04
-8.340293482730264324e-04	-5.654746607730264107e-04	-8.096152857730264107e-04
-5.410605982730263891e-04	-7.852012232730264975e-04	-5.166465357730264758e-04
-7.852012232730264975e-04	-5.166465357730264758e-04	-7.607871607730264758e-04
-4.922324732730264541e-04	-7.607871607730264758e-04	-4.922324732730264541e-04
-7.363730982730264541e-04	-5.166465357730264758e-04	-7.607871607730264758e-04
-5.166465357730264758e-04	-7.852012232730264975e-04	-5.410605982730263891e-04
-7.852012232730264975e-04	-5.410605982730263891e-04	-8.096152857730264107e-04
-5.654746607730264107e-04	-8.096152857730264107e-04	-5.654746607730264107e-04
-8.096152857730264107e-04	-5.898887232730264324e-04	-8.340293482730264324e-04
-5.654746607730264107e-04	-8.340293482730264324e-04	-5.654746607730264107e-04
-8.340293482730264324e-04	-5.898887232730264324e-04	-8.584434107730264541e-04
-5.898887232730264324e-04	-8.584434107730264541e-04	-5.654746607730264107e-04
-8.340293482730264324e-04	-5.654746607730264107e-04	-8.340293482730264324e-04
-5.654746607730264107e-04	-8.340293482730264324e-04	-5.410605982730263891e-04
-8.096152857730264107e-04	-5.410605982730263891e-04	-8.096152857730264107e-04
-5.410605982730263891e-04	-7.852012232730264975e-04	-5.166465357730264758e-04
-7.852012232730264975e-04	-5.166465357730264758e-04	-7.852012232730264975e-04
-4.922324732730264541e-04	-7.852012232730264975e-04	-4.922324732730264541e-04
-7.852012232730264975e-04	-4.922324732730264541e-04	-7.852012232730264975e-04
-4.922324732730264541e-04	-7.852012232730264975e-04	-5.166465357730264758e-04
-7.852012232730264975e-04	-5.166465357730264758e-04	-7.852012232730264975e-04
-5.166465357730264758e-04	-8.096152857730264107e-04	-5.166465357730264758e-04
-7.852012232730264975e-04	-5.410605982730263891e-04	-8.096152857730264107e-04
-5.410605982730263891e-04	-8.096152857730264107e-04	-5.410605982730263891e-04
-8.096152857730264107e-04	-5.410605982730263891e-04	-8.096152857730264107e-04
-5.410605982730263891e-04	-8.096152857730264107e-04	-5.410605982730263891e-04
-7.852012232730264975e-04	-5.166465357730264758e-04	-7.852012232730264975e-04
-5.166465357730264758e-04	-7.852012232730264975e-04	-4.922324732730264541e-04
-7.852012232730264975e-04	-4.922324732730264541e-04	-7.607871607730264758e-04
-4.678184107730264324e-04	-7.363730982730264541e-04	-4.434043482730264107e-04
-7.119590357730264324e-04	-4.189902857730264433e-04	-6.875449732730264107e-04
-3.945762232730264216e-04	-6.631309107730264975e-04	-3.701621607730264541e-04
-6.387168482730264758e-04	-3.213340357730264107e-04	-6.143027857730264541e-04
-2.969199732730264433e-04	-5.654746607730264107e-04	-2.480918482730263999e-04
-5.410605982730263891e-04	-2.236777857730264324e-04	-4.922324732730264541e-04
-1.992637232730264107e-04	-4.678184107730264324e-04	-1.748496607730264162e-04
-4.434043482730264107e-04	-1.504355982730264216e-04	-4.189902857730264433e-04
-1.260215357730264270e-04	-3.945762232730264216e-04	-7.719341077302641074e-05
-3.457480982730264324e-04	-5.277934827302641616e-05	-3.213340357730264107e-04
-2.836528577302641142e-05	-2.725059107730264216e-04	2.046283922697359129e-05
-2.480918482730263999e-04	4.487690172697358926e-05	-2.236777857730264324e-04
9.370502672697359197e-05	-1.992637232730264107e-04	1.181190892269736001e-04
-1.504355982730264216e-04	1.425331517269735947e-04	-1.260215357730264270e-04
1.913612767269736109e-04	-7.719341077302641074e-05	2.401894017269736001e-04
-2.836528577302641142e-05	2.890175267269735893e-04	-3.951223273026410912e-06
3.134315892269736109e-04	4.487690172697358926e-05	3.622597142269736001e-04
6.929096422697359739e-05	3.866737767269736218e-04	9.370502672697359197e-05
4.110878392269735893e-04	1.425331517269735947e-04	4.355019017269736109e-04
1.425331517269735947e-04	4.599159642269736326e-04	1.669472142269735893e-04
4.599159642269736326e-04	1.913612767269736109e-04	4.843300267269736001e-04
2.157753392269736055e-04	4.843300267269736001e-04	2.157753392269736055e-04
5.087440892269735676e-04	2.401894017269736001e-04	5.087440892269735676e-04
2.401894017269736001e-04	5.087440892269735676e-04	2.401894017269736001e-04
5.331581517269735893e-04	2.646034642269736218e-04	5.331581517269735893e-04
2.646034642269736218e-04	5.331581517269735893e-04	2.890175267269735893e-04
5.575722142269736109e-04	2.890175267269735893e-04	5.575722142269736109e-04
3.134315892269736109e-04	5.819862767269736326e-04	3.134315892269736109e-04
5.819862767269736326e-04	3.378456517269736326e-04	6.064003392269736543e-04
3.378456517269736326e-04	6.064003392269736543e-04	3.378456517269736326e-04
6.308144017269736760e-04	3.622597142269736001e-04	6.308144017269736760e-04
3.622597142269736001e-04	6.308144017269736760e-04	3.622597142269736001e-04
6.308144017269736760e-04	3.622597142269736001e-04	6.308144017269736760e-04
3.622597142269736001e-04	6.064003392269736543e-04	3.622597142269736001e-04
6.064003392269736543e-04	3.378456517269736326e-04	6.064003392269736543e-04
3.378456517269736326e-04	5.819862767269736326e-04	3.134315892269736109e-04
5.819862767269736326e-04	3.134315892269736109e-04	5.819862767269736326e-04
2.890175267269735893e-04	5.575722142269736109e-04	2.890175267269735893e-04
5.575722142269736109e-04	2.646034642269736218e-04	5.331581517269735893e-04
2.646034642269736218e-04	5.575722142269736109e-04	2.646034642269736218e-04
5.331581517269735893e-04	2.890175267269735893e-04	5.575722142269736109e-04
2.890175267269735893e-04	5.575722142269736109e-04	2.890175267269735893e-04
5.819862767269736326e-04	2.890175267269735893e-04	6.064003392269736543e-04
3.134315892269736109e-04	6.308144017269736760e-04	3.378456517269736326e-04
6.552284642269735893e-04	3.378456517269736326e-04	6.796425267269736109e-04
3.622597142269736001e-04	7.040565892269736326e-04	4.110878392269735893e-04
7.528847142269736760e-04	4.355019017269736109e-04	7.772987767269735893e-04
4.599159642269736326e-04	8.017128392269736109e-04	5.087440892269735676e-04
8.261269017269736326e-04	5.331581517269735893e-04	8.993690892269735893e-04
5.575722142269736109e-04	9.481972142269736326e-04	6.064003392269736543e-04
9.970253392269736760e-04	6.552284642269735893e-04	1.045853464226973719e-03
7.284706517269736543e-04	1.119095651726973676e-03	7.772987767269735893e-04
1.192337839226973633e-03	8.505409642269736543e-04	1.265580026726973589e-03
9.481972142269736326e-04	1.363236276726973676e-03	1.021439401726973589e-03
1.436478464226973633e-03	1.119095651726973676e-03	1.534134714226973719e-03
1.216751901726973763e-03	1.631790964226973589e-03	1.314408151726973633e-03
1.729447214226973676e-03	1.412064401726973719e-03	1.851517526726973676e-03
1.534134714226973719e-03	1.949173776726973763e-03	1.631790964226973589e-03
2.046830026726973849e-03	1.729447214226973676e-03	2.144486276726973503e-03
1.827103464226973763e-03	2.242142526726973589e-03	1.924759714226973633e-03
2.315384714226973763e-03	2.022415964226973503e-03	2.388626901726973936e-03
2.095658151726973676e-03	2.461869089226973676e-03	2.168900339226973849e-03
2.510697214226973936e-03	2.217728464226973676e-03	2.583939401726973676e-03
2.266556589226973503e-03	2.608353464226973589e-03	2.315384714226973763e-03
2.657181589226973849e-03	2.339798776726973676e-03	2.681595651726973763e-03
2.364212839226973589e-03	2.730423776726973589e-03	2.413040964226973849e-03
2.779251901726973849e-03	2.437455026726973763e-03	2.828080026726973676e-03
2.486283151726973589e-03	2.901322214226973849e-03	2.559525339226973763e-03
2.974564401726973589e-03	2.632767526726973936e-03	3.047806589226973763e-03
2.706009714226973676e-03	3.121048776726973936e-03	2.779251901726973849e-03
3.218705026726973589e-03	2.876908151726973936e-03	3.316361276726973676e-03
2.974564401726973589e-03	3.414017526726973763e-03	3.072220651726973676e-03
3.511673776726973849e-03	3.194290964226973676e-03	3.633744089226973849e-03
3.291947214226973763e-03	3.731400339226973936e-03	3.438431589226973676e-03
3.853470651726973936e-03	3.560501901726973676e-03	3.975540964226973936e-03
3.658158151726973763e-03	4.073197214226973589e-03	3.755814401726973849e-03
4.195267526726973589e-03	3.877884714226973849e-03	4.341751901726973936e-03
4.024369089226973763e-03	4.463822214226973936e-03	4.146439401726973763e-03
4.610306589226973416e-03	4.268509714226973763e-03	4.756790964226973763e-03
4.414994089226974110e-03	4.903275339226974110e-03	4.561478464226973589e-03
5.074173776726973936e-03	4.707962839226973936e-03	5.220658151726974283e-03
4.854447214226974283e-03	5.367142526726973763e-03	5.000931589226973763e-03
5.538040964226973589e-03	5.171830026726973589e-03	5.684525339226973936e-03
5.318314401726973936e-03	5.831009714226974283e-03	5.464798776726974283e-03
5.977494089226973763e-03	5.611283151726973763e-03	6.123978464226974110e-03
5.733353464226973763e-03	6.246048776726974110e-03	5.879837839226974110e-03
6.368119089226973242e-03	5.977494089226973763e-03	6.490189401726973242e-03
6.099564401726973763e-03	6.636673776726973589e-03	6.221634714226973763e-03
6.734330026726973242e-03	6.343705026726972895e-03	6.880814401726973589e-03
6.465775339226972895e-03	7.002884714226973589e-03	6.612259714226973242e-03
7.149369089226973069e-03	6.758744089226973589e-03	7.271439401726973069e-03
6.905228464226973069e-03	7.442337839226972895e-03	7.076126901726972895e-03
7.613236276726973589e-03	7.222611276726973242e-03	7.784134714226973416e-03
7.417923776726973416e-03	7.979447214226973589e-03	7.613236276726973589e-03
8.174759714226972895e-03	7.808548776726972895e-03	8.394486276726972548e-03
8.003861276726973936e-03	8.589798776726973589e-03	8.223587839226973589e-03
8.809525339226973242e-03	8.418900339226972895e-03	9.004837839226972548e-03
8.614212839226973936e-03	9.224564401726973936e-03	8.833939401726973589e-03
9.419876901726973242e-03	9.029251901726972895e-03	9.639603464226972895e-03
9.248978464226972548e-03	9.834915964226973936e-03	9.444290964226973589e-03
1.003022846422697324e-02	9.639603464226972895e-03	1.024995502672697290e-02
9.834915964226973936e-03	1.044526752672697394e-02	1.003022846422697324e-02
1.064058002672697324e-02	1.022554096422697428e-02	1.083589252672697428e-02
1.044526752672697394e-02	1.103120502672697359e-02	1.061616596422697290e-02
1.122651752672697290e-02	1.083589252672697428e-02	1.142183002672697394e-02
1.103120502672697359e-02	1.164155658922697359e-02	1.125093158922697324e-02
1.183686908922697290e-02	1.147065815172697290e-02	1.205659565172697428e-02
1.166597065172697394e-02	1.227632221422697394e-02	1.191011127672697394e-02
1.252046283922697394e-02	1.212983783922697359e-02	1.274018940172697359e-02
1.237397846422697359e-02	1.298433002672697359e-02	1.259370502672697324e-02
1.322847065172697359e-02	1.283784565172697324e-02	1.347261127672697359e-02
1.308198627672697324e-02	1.371675190172697359e-02	1.332612690172697324e-02
1.396089252672697359e-02	1.357026752672697324e-02	1.420503315172697359e-02
1.381440815172697324e-02	1.444917377672697359e-02	1.408296283922697359e-02
1.469331440172697359e-02	1.430268940172697324e-02	1.493745502672697359e-02
1.454683002672697324e-02	1.515718158922697324e-02	1.479097065172697324e-02
1.537690815172697290e-02	1.501069721422697290e-02	1.562104877672697290e-02
1.525483783922697290e-02	1.584077533922697428e-02	1.547456440172697428e-02
1.608491596422697428e-02	1.571870502672697428e-02	1.632905658922697428e-02
1.596284565172697428e-02	1.654878315172697220e-02	1.618257221422697220e-02
1.681733783922697428e-02	1.645112690172697428e-02	1.703706440172697220e-02
1.669526752672697428e-02	1.730561908922697428e-02	1.693940815172697428e-02
1.757417377672697290e-02	1.720796283922697290e-02	1.784272846422697498e-02
1.745210346422697290e-02	1.811128315172697359e-02	1.772065815172697498e-02
1.837983783922697220e-02	1.798921283922697359e-02	1.864839252672697428e-02
1.825776752672697220e-02	1.894136127672697498e-02	1.855073627672697290e-02
1.920991596422697359e-02	1.881929096422697498e-02	1.950288471422697428e-02
1.911225971422697567e-02	1.979585346422697498e-02	1.940522846422697290e-02
2.008882221422697567e-02	1.967378315172697498e-02	2.040620502672697498e-02
1.999116596422697428e-02	2.069917377672697567e-02	2.028413471422697498e-02
2.101655658922697498e-02	2.057710346422697567e-02	2.133393940172697428e-02
2.089448627672697498e-02	2.165132221422697359e-02	2.123628315172697290e-02
2.201753315172697359e-02	2.157808002672697428e-02	2.235933002672697498e-02
2.191987690172697567e-02	2.272554096422697498e-02	2.226167377672697359e-02
2.309175190172697498e-02	2.262788471422697359e-02	2.345796283922697498e-02
2.299409565172697359e-02	2.382417377672697498e-02	2.338472065172697567e-02
2.421479877672697359e-02	2.375093158922697567e-02	2.458100971422697359e-02
2.416597065172697290e-02	2.499604877672697428e-02	2.455659565172697498e-02
2.541108783922697845e-02	2.494722065172697359e-02	2.582612690172697567e-02
2.536225971422697775e-02	2.621675190172697775e-02	2.577729877672697845e-02
2.663179096422697845e-02	2.619233783922697567e-02	2.707124408922697775e-02
2.660737690172697636e-02	2.748628315172697845e-02	2.702241596422697706e-02
2.792573627672697775e-02	2.743745502672697775e-02	2.836518940172697706e-02
2.787690815172697706e-02	2.880464252672697636e-02	2.831636127672697636e-02
2.924409565172697567e-02	2.875581440172697567e-02	2.968354877672697845e-02
2.919526752672697845e-02	3.012300190172697775e-02	2.963472065172697775e-02
3.056245502672697706e-02	3.009858783922697567e-02	3.100190815172697636e-02
3.053804096422697845e-02	3.141694721422697706e-02	3.095308002672697567e-02
3.178315815172697706e-02	3.136811908922697983e-02	3.214936908922697706e-02
3.173433002672697983e-02	3.244233783922697428e-02	3.205171283922697567e-02
3.271089252672697983e-02	3.234468158922697983e-02	3.290620502672697567e-02
3.258882221422697983e-02	3.302827533922697567e-02	3.275972065172697706e-02
3.312593158922697706e-02	3.280854877672697428e-02	3.312593158922697706e-02
3.280854877672697428e-02	3.305268940172697428e-02	3.273530658922697845e-02
3.293061908922697428e-02	3.256440815172697428e-02	3.268647846422697428e-02
3.234468158922697983e-02	3.236909565172697845e-02	3.197847065172697983e-02
3.200288471422697845e-02	3.156343158922697567e-02	3.156343158922697567e-02
3.109956440172697775e-02	3.109956440172697775e-02	3.056245502672697706e-02
3.056245502672697706e-02	3.000093158922697775e-02	3.000093158922697775e-02
2.941499408922697636e-02	2.939058002672697775e-02	2.878022846422697775e-02
2.875581440172697567e-02	2.812104877672697706e-02	2.809663471422697845e-02
2.743745502672697775e-02	2.741304096422697567e-02	2.675386127672697845e-02
2.670503315172697775e-02	2.604585346422697706e-02	2.599702533922697636e-02
2.533784565172697567e-02	2.528901752672697845e-02	2.460542377672697567e-02
2.455659565172697498e-02	2.387300190172697567e-02	2.382417377672697498e-02
2.314058002672697567e-02	2.309175190172697498e-02	2.240815815172697567e-02
2.235933002672697498e-02	2.167573627672697567e-02	2.160249408922697290e-02
2.094331440172697567e-02	2.089448627672697498e-02	2.021089252672697567e-02
2.018647846422697359e-02	1.950288471422697428e-02	1.945405658922697359e-02
1.879487690172697290e-02	1.877046283922697428e-02	1.811128315172697359e-02
1.808686908922697498e-02	1.745210346422697290e-02	1.742768940172697428e-02
1.679292377672697220e-02	1.679292377672697220e-02	1.620698627672697428e-02
1.618257221422697220e-02	1.559663471422697428e-02	1.559663471422697428e-02
1.505952533922697359e-02	1.505952533922697359e-02	1.452241596422697290e-02
1.454683002672697324e-02	1.403413471422697290e-02	1.405854877672697324e-02
1.359468158922697359e-02	1.361909565172697394e-02	1.315522846422697428e-02
1.320405658922697324e-02	1.278901752672697428e-02	1.283784565172697324e-02
1.242280658922697428e-02	1.249604877672697359e-02	1.210542377672697324e-02
1.220308002672697290e-02	1.181245502672697428e-02	1.193452533922697428e-02
1.156831440172697428e-02	1.169038471422697428e-02	1.134858783922697290e-02
1.147065815172697290e-02	1.112886127672697324e-02	1.125093158922697324e-02
1.095796283922697428e-02	1.110444721422697290e-02	1.078706440172697359e-02
1.095796283922697428e-02	1.066499408922697359e-02	1.083589252672697428e-02
1.054292377672697359e-02	1.073823627672697290e-02	1.042085346422697359e-02
1.064058002672697324e-02	1.032319721422697394e-02	1.054292377672697359e-02
1.020112690172697394e-02	1.044526752672697394e-02	1.012788471422697290e-02
1.037202533922697290e-02	1.003022846422697324e-02	1.027436908922697324e-02
9.956986276726973936e-03	1.022554096422697428e-02	9.883744089226972895e-03
1.015229877672697324e-02	9.834915964226973936e-03	1.010347065172697428e-02
9.761673776726972895e-03	1.005464252672697359e-02	9.712845651726973936e-03
1.000581440172697290e-02	9.664017526726973242e-03	9.956986276726973936e-03
9.615189401726974283e-03	9.908158151726973242e-03	9.566361276726973589e-03
9.834915964226973936e-03	9.517533151726972895e-03	9.761673776726972895e-03
9.468705026726973936e-03	9.639603464226972895e-03	9.371048776726972548e-03
9.541947214226973242e-03	9.248978464226972548e-03	9.419876901726973242e-03
9.126908151726972548e-03	9.297806589226973242e-03	9.004837839226972548e-03
9.175736276726973242e-03	8.882767526726972548e-03	9.029251901726972895e-03
8.736283151726973936e-03	8.882767526726972548e-03	8.589798776726973589e-03
8.736283151726973936e-03	8.418900339226972895e-03	8.565384714226973242e-03
8.248001901726973936e-03	8.418900339226972895e-03	8.101517526726973589e-03
8.223587839226973589e-03	7.930619089226972895e-03	8.052689401726972895e-03
7.735306589226973589e-03	7.881790964226973936e-03	7.564408151726972895e-03
7.686478464226972895e-03	7.369095651726973589e-03	7.491165964226973589e-03
7.173783151726973416e-03	7.295853464226973416e-03	6.978470651726973242e-03
7.100540964226973242e-03	6.783158151726973069e-03	6.905228464226973069e-03
6.587845651726972895e-03	6.709915964226972895e-03	6.392533151726973589e-03
6.514603464226973589e-03	6.172806589226973936e-03	6.319290964226973416e-03
5.977494089226973763e-03	6.123978464226974110e-03	5.782181589226973589e-03
5.928665964226973936e-03	5.586869089226974283e-03	5.733353464226973763e-03
5.391556589226974110e-03	5.562455026726973936e-03	5.220658151726974283e-03
5.367142526726973763e-03	5.025345651726974110e-03	5.196244089226973936e-03
4.830033151726973936e-03	5.000931589226973763e-03	4.659134714226974110e-03
4.830033151726973936e-03	4.463822214226973936e-03	4.634720651726973763e-03
4.292923776726974110e-03	4.463822214226973936e-03	4.097611276726973936e-03
4.244095651726973416e-03	3.902298776726973763e-03	4.048783151726974110e-03
3.706986276726973589e-03	3.877884714226973849e-03	3.511673776726973849e-03
3.682572214226973676e-03	3.340775339226973589e-03	3.487259714226973936e-03
3.145462839226973849e-03	3.316361276726973676e-03	2.974564401726973589e-03
3.145462839226973849e-03	2.779251901726973849e-03	2.974564401726973589e-03
2.608353464226973589e-03	2.803665964226973763e-03	2.437455026726973763e-03
2.632767526726973936e-03	2.266556589226973503e-03	2.486283151726973589e-03
2.120072214226973589e-03	2.315384714226973763e-03	1.973587839226973676e-03
2.193314401726973763e-03	1.827103464226973763e-03	2.046830026726973849e-03
1.680619089226973633e-03	1.924759714226973633e-03	1.558548776726973633e-03
1.802689401726973633e-03	1.460892526726973763e-03	1.680619089226973633e-03
1.338822214226973763e-03	1.582962839226973763e-03	1.241165964226973676e-03
1.485306589226973676e-03	1.143509714226973589e-03	1.412064401726973719e-03
1.094681589226973546e-03	1.338822214226973763e-03	1.021439401726973589e-03
1.241165964226973676e-03	9.481972142269736326e-04	1.167923776726973719e-03
8.749550267269736760e-04	1.094681589226973546e-03	8.261269017269736326e-04
1.070267526726973633e-03	7.528847142269736760e-04	9.970253392269736760e-04
7.040565892269736326e-04	9.481972142269736326e-04	6.552284642269735893e-04
8.993690892269735893e-04	6.064003392269736543e-04	8.749550267269736760e-04
5.575722142269736109e-04	-9.461172003495066374e-01	-9.461172003495066374e-01
-9.424550909745066374e-01	-9.497793097245066374e-01	-9.461172003495066374e-01
-9.522207159745066374e-01	-9.485586065995066374e-01	-9.546621222245066374e-01
-9.510000128495066374e-01	-9.583242315995066374e-01	-9.546621222245066374e-01
-9.607656378495066374e-01	-9.571035284745066374e-01	-9.632070440995066374e-01
-9.595449347245066374e-01	-9.668691534745066374e-01	-9.632070440995066374e-01
-9.693105597245066374e-01	-9.656484503495066374e-01	-9.729726690995066374e-01
-9.680898565995066374e-01	-9.754140753495066374e-01	-9.717519659745066374e-01
-9.778554815995066374e-01	-9.741933722245066374e-01	-9.815175909745066374e-01
-9.766347784745066374e-01	-9.839589972245066374e-01	-9.766347784745066374e-01
-9.839589972245066374e-01	-9.741933722245066374e-01	-9.802968878495066374e-01
-9.717519659745066374e-01	-9.778554815995066374e-01	-9.680898565995066374e-01
-9.754140753495066374e-01	-9.656484503495066374e-01	-9.729726690995066374e-01
-9.619863409745066374e-01	-9.693105597245066374e-01	-9.595449347245066374e-01
-9.668691534745066374e-01	-9.571035284745066374e-01	-9.632070440995066374e-01
-9.534414190995066374e-01	-9.607656378495066374e-01	-9.510000128495066374e-01
-9.583242315995066374e-01	-9.485586065995066374e-01	-9.546621222245066374e-01
-9.461172003495066374e-01	-9.522207159745066374e-01	-9.424550909745066374e-01
-9.497793097245066374e-01	-9.400136847245066374e-01	-9.461172003495066374e-01
-9.375722784745066374e-01	-9.436757940995066374e-01	-9.339101690995066374e-01
-9.412343878495066374e-01	-9.314687628495066374e-01	-9.387929815995066374e-01
-9.290273565995066374e-01	-9.351308722245066374e-01	-9.265859503495066374e-01
-9.326894659745066374e-01	-9.229238409745066374e-01	-9.302480597245066374e-01
-9.204824347245066374e-01	-9.265859503495066374e-01	-9.180410284745066374e-01
-9.241445440995066374e-01	-9.143789190995066374e-01	-9.217031378495066374e-01
-9.119375128495066374e-01	-9.180410284745066374e-01	-9.082754034745066374e-01
-9.155996222245066374e-01	-9.058339972245066374e-01	-9.131582159745066374e-01
-9.033925909745066374e-01	-9.094961065995066374e-01	-8.997304815995066374e-01
-9.070547003495066374e-01	-8.972890753495066374e-01	-9.046132940995066374e-01
-8.948476690995066374e-01	-9.009511847245066374e-01	-8.924062628495066374e-01
-8.985097784745066374e-01	-8.887441534745066374e-01	-8.960683722245066374e-01
-8.863027472245066374e-01	-8.924062628495066374e-01	-8.838613409745066374e-01
-8.899648565995066374e-01	-8.801992315995066374e-01	-8.875234503495066374e-01
-8.777578253495066374e-01	-8.838613409745066374e-01	-8.753164190995066374e-01
-8.814199347245066374e-01	-8.716543097245066374e-01	-8.789785284745066374e-01
-8.692129034745066374e-01	-8.753164190995066374e-01	-8.667714972245066374e-01
-8.728750128495066374e-01	-8.631093878495066374e-01	-8.704336065995066374e-01
-8.606679815995066374e-01	-8.667714972245066374e-01	-8.570058722245066374e-01
-8.643300909745066374e-01	-8.545644659745066374e-01	-8.618886847245066374e-01
-8.521230597245066374e-01	-8.582265753495066374e-01	-8.496816534745066374e-01
-8.557851690995066374e-01	-8.460195440995066374e-01	-8.533437628495066374e-01
-8.435781378495066374e-01	-8.496816534745066374e-01	-8.399160284745066374e-01
-8.472402472245066374e-01	-8.374746222245066374e-01	-8.447988409745066374e-01
-8.350332159745066374e-01	-8.411367315995066374e-01	-8.325918097245066374e-01
-8.386953253495066374e-01	-8.289297003495066374e-01	-8.362539190995066374e-01
-8.264882940995066374e-01	-8.325918097245066374e-01	-8.228261847245066374e-01
-8.301504034745066374e-01	-8.203847784745066374e-01	-8.277089972245066374e-01
-8.179433722245066374e-01	-8.240468878495066374e-01	-8.155019659745066374e-01
-8.216054815995066374e-01	-8.118398565995066374e-01	-8.191640753495066374e-01
-8.093984503495066374e-01	-8.155019659745066374e-01	-8.069570440995066374e-01
-8.130605597245066374e-01	-8.032949347245066374e-01	-8.106191534745066374e-01
-8.008535284745066374e-01	-8.069570440995066374e-01	-7.984121222245066374e-01
-8.045156378495066374e-01	-7.947500128495066374e-01	-8.020742315995066374e-01
-7.923086065995066374e-01	-7.984121222245066374e-01	-7.898672003495066374e-01
-7.959707159745066374e-01	-7.862050909745066374e-01	-7.935293097245066374e-01
-7.837636847245066374e-01	-7.898672003495066374e-01	-7.813222784745066374e-01
-7.874257940995066374e-01	-7.776601690995066374e-01	-7.849843878495066374e-01
-7.752187628495066374e-01	-7.813222784745066374e-01	-7.727773565995066374e-01
-7.788808722245066374e-01	-7.691152472245066374e-01	-7.764394659745066374e-01
-7.666738409745066374e-01	-7.727773565995066374e-01	-7.630117315995066374e-01
-7.703359503495066374e-01	-7.605703253495066374e-01	-7.678945440995066374e-01
-7.581289190995066374e-01	-7.642324347245066374e-01	-7.556875128495066374e-01
-7.617910284745066374e-01	-7.520254034745066374e-01	-7.593496222245066374e-01
-7.495839972245066374e-01	-7.556875128495066374e-01	-7.459218878495066374e-01
-7.532461065995066374e-01	-7.434804815995066374e-01	-7.508047003495066374e-01
-7.410390753495066374e-01	-7.471425909745066374e-01	-7.373769659745066374e-01
-7.447011847245066374e-01	-7.349355597245066374e-01	-7.410390753495066374e-01
-7.324941534745066374e-01	-7.385976690995066374e-01	-7.288320440995066374e-01
-7.361562628495066374e-01	-7.263906378495066374e-01	-7.337148565995066374e-01
-7.239492315995066374e-01	-7.300527472245066374e-01	-7.202871222245066374e-01
-7.276113409745066374e-01	-7.178457159745066374e-01	-7.239492315995066374e-01
-7.154043097245066374e-01	-7.215078253495066374e-01	-7.117422003495066374e-01
-7.190664190995066374e-01	-7.093007940995066374e-01	-7.154043097245066374e-01
-7.068593878495066374e-01	-7.129629034745066374e-01	-7.031972784745066374e-01
-7.105214972245066374e-01	-7.007558722245066374e-01	-7.068593878495066374e-01
-6.983144659745066374e-01	-7.044179815995066374e-01	-6.958730597245066374e-01
-7.019765753495066374e-01	-6.922109503495066374e-01	-6.995351690995066374e-01
-6.897695440995066374e-01	-6.958730597245066374e-01	-6.861074347245066374e-01
-6.934316534745066374e-01	-6.836660284745066374e-01	-6.909902472245066374e-01
-6.812246222245066374e-01	-6.873281378495066374e-01	-6.775625128495066374e-01
-6.848867315995066374e-01	-6.751211065995066374e-01	-6.824453253495066374e-01
-6.726797003495066374e-01	-6.787832159745066374e-01	-6.690175909745066374e-01
-6.763418097245066374e-01	-6.665761847245066374e-01	-6.726797003495066374e-01
-6.641347784745066374e-01	-6.702382940995066374e-01	-6.604726690995066374e-01
-6.677968878495066374e-01	-6.580312628495066374e-01	-6.641347784745066374e-01
-6.555898565995066374e-01	-6.616933722245066374e-01	-6.519277472245066374e-01
-6.592519659745066374e-01	-6.494863409745066374e-01	-6.568105597245066374e-01
-6.470449347245066374e-01	-6.531484503495066374e-01	-6.433828253495066374e-01
-6.507070440995066374e-01	-6.409414190995066374e-01	-6.470449347245066374e-01
-6.385000128495066374e-01	-6.446035284745066374e-01	-6.348379034745066374e-01
-6.421621222245066374e-01	-6.323964972245066374e-01	-6.385000128495066374e-01
-6.287343878495066374e-01	-6.360586065995066374e-01	-6.262929815995066374e-01
-6.336172003495066374e-01	-6.238515753495065264e-01	-6.299550909745066374e-01
-6.214101690995065264e-01	-6.275136847245066374e-01	-6.177480597245065264e-01
-6.238515753495065264e-01	-6.153066534745065264e-01	-6.214101690995065264e-01
-6.116445440995065264e-01	-6.189687628495065264e-01	-6.092031378495065264e-01
-6.165273565995065264e-01	-6.067617315995065264e-01	-6.128652472245065264e-01
-6.030996222245065264e-01	-6.104238409745065264e-01	-6.006582159745065264e-01
-6.067617315995065264e-01	-5.982168097245065264e-01	-6.043203253495065264e-01
-5.945547003495065264e-01	-6.018789190995065264e-01	-5.921132940995065264e-01
-5.994375128495065264e-01	-5.896718878495065264e-01	-5.957754034745065264e-01
-5.860097784745065264e-01	-5.933339972245065264e-01	-5.835683722245065264e-01
-5.896718878495065264e-01	-5.811269659745065264e-01	-5.872304815995065264e-01
-5.774648565995065264e-01	-5.847890753495065264e-01	-5.750234503495065264e-01
-5.811269659745065264e-01	-5.725820440995065264e-01	-5.786855597245065264e-01
-5.689199347245065264e-01	-5.762441534745065264e-01	-5.664785284745065264e-01
-5.725820440995065264e-01	-5.628164190995065264e-01	-5.701406378495065264e-01
-5.603750128495065264e-01	-5.676992315995065264e-01	-5.579336065995065264e-01
-5.640371222245065264e-01	-5.542714972245065264e-01	-5.615957159745065264e-01
-5.518300909745065264e-01	-5.591543097245065264e-01	-5.481679815995065264e-01
-5.554922003495065264e-01	-5.457265753495065264e-01	-5.530507940995065264e-01
-5.432851690995065264e-01	-5.493886847245065264e-01	-5.408437628495065264e-01
-5.469472784745065264e-01	-5.371816534745065264e-01	-5.445058722245065264e-01
-5.347402472245065264e-01	-5.408437628495065264e-01	-5.310781378495065264e-01
-5.384023565995065264e-01	-5.286367315995065264e-01	-5.347402472245065264e-01
-5.261953253495065264e-01	-5.322988409745065264e-01	-5.225332159745065264e-01
-5.298574347245065264e-01	-5.200918097245065264e-01	-5.261953253495065264e-01
-5.176504034745065264e-01	-5.237539190995065264e-01	-5.139882940995065264e-01
-5.213125128495065264e-01	-5.115468878495065264e-01	-5.176504034745065264e-01
-5.078847784745065264e-01	-5.152089972245065264e-01	-5.054433722245065264e-01
-5.127675909745065264e-01	-5.017812628495065264e-01	-5.091054815995065264e-01
-4.993398565995065819e-01	-5.066640753495065264e-01	-4.968984503495065819e-01
-5.030019659745065264e-01	-4.932363409745065819e-01	-5.005605597245065264e-01
-4.907949347245065819e-01	-4.968984503495065819e-01	-4.883535284745065819e-01
-4.944570440995065819e-01	-4.846914190995065819e-01	-4.920156378495065819e-01
-4.822500128495065819e-01	-4.895742315995065819e-01	-4.798086065995065819e-01
-4.859121222245065819e-01	-4.761464972245065819e-01	-4.834707159745065819e-01
-4.737050909745065819e-01	-4.810293097245065819e-01	-4.712636847245065819e-01
-4.773672003495065819e-01	-4.676015753495065819e-01	-4.749257940995065819e-01
-4.651601690995065819e-01	-4.724843878495065819e-01	-4.627187628495065819e-01
-4.688222784745065819e-01	-4.590566534745065819e-01	-4.663808722245065819e-01
-4.566152472245065819e-01	-4.627187628495065819e-01	-4.541738409745065819e-01
-4.602773565995065819e-01	-4.505117315995065819e-01	-4.578359503495065819e-01
-4.480703253495065819e-01	-4.541738409745065819e-01	-4.444082159745065819e-01
-4.517324347245065819e-01	-4.419668097245065819e-01	-4.492910284745065819e-01
-4.395254034745065819e-01	-4.456289190995065819e-01	-4.358632940995065819e-01
-4.431875128495065819e-01	-4.334218878495065819e-01	-4.407461065995065819e-01
-4.309804815995065819e-01	-4.370839972245065819e-01	-4.273183722245065819e-01
-4.346425909745065819e-01	-4.248769659745065819e-01	-4.322011847245065819e-01
-4.224355597245065819e-01	-4.285390753495065819e-01	-4.187734503495065819e-01
-4.260976690995065819e-01	-4.163320440995065819e-01	-4.224355597245065819e-01
-4.138906378495065819e-01	-4.199941534745065819e-01	-4.102285284745065819e-01
-4.175527472245065819e-01	-4.077871222245065819e-01	-4.138906378495065819e-01
-4.041250128495065819e-01	-4.114492315995065819e-01	-4.016836065995065819e-01
-4.090078253495065819e-01	-3.992422003495065819e-01	-4.053457159745065819e-01
-3.955800909745065819e-01	-4.029043097245065819e-01	-3.931386847245065819e-01
-3.992422003495065819e-01	-3.894765753495065819e-01	-3.968007940995065819e-01
-3.870351690995065819e-01	-3.943593878495065819e-01	-3.845937628495065819e-01
-3.906972784745065819e-01	-3.809316534745065819e-01	-3.882558722245065819e-01
-3.784902472245065819e-01	-3.845937628495065819e-01	-3.760488409745065819e-01
-3.821523565995065819e-01	-3.723867315995065819e-01	-3.797109503495065819e-01
-3.699453253495065819e-01	-3.772695440995065819e-01	-3.675039190995065819e-01
-3.736074347245065819e-01	-3.638418097245065819e-01	-3.711660284745065819e-01
-3.614004034745065819e-01	-3.675039190995065819e-01	-3.589589972245065819e-01
-3.650625128495065819e-01	-3.552968878495065819e-01	-3.626211065995065819e-01
-3.528554815995065819e-01	-3.589589972245065819e-01	-3.504140753495065819e-01
-3.565175909745065819e-01	-3.467519659745065819e-01	-3.540761847245065819e-01
-3.443105597245065819e-01	-3.504140753495065819e-01	-3.406484503495065819e-01
-3.479726690995065819e-01	-3.382070440995065819e-01	-3.443105597245065819e-01
-3.357656378495065819e-01	-3.418691534745065819e-01	-3.321035284745065819e-01
-3.394277472245065819e-01	-3.296621222245065819e-01	-3.357656378495065819e-01
-3.260000128495065819e-01	-3.333242315995065819e-01	-3.235586065995065819e-01
-3.308828253495065819e-01	-3.211172003495065819e-01	-3.272207159745065819e-01
-3.174550909745065819e-01	-3.247793097245065819e-01	-3.150136847245065819e-01
-3.211172003495065819e-01	-3.113515753495065819e-01	-3.186757940995065819e-01
-3.089101690995065819e-01	-3.162343878495065819e-01	-3.064687628495065819e-01
-3.125722784745065819e-01	-3.040273565995065819e-01	-3.101308722245065819e-01
-3.003652472245065819e-01	-3.076894659745065819e-01	-2.979238409745065819e-01
-3.040273565995065819e-01	-2.942617315995065819e-01	-3.015859503495065819e-01
-2.918203253495065819e-01	-2.979238409745065819e-01	-2.893789190995065819e-01
-2.954824347245065819e-01	-2.857168097245065819e-01	-2.930410284745065819e-01
-2.832754034745065819e-01	-2.893789190995065819e-01	-2.796132940995065819e-01
-2.869375128495065819e-01	-2.771718878495065819e-01	-2.844961065995065819e-01
-2.747304815995065819e-01	-2.808339972245065819e-01	-2.722890753495065819e-01
-2.783925909745065819e-01	-2.686269659745065819e-01	-2.747304815995065819e-01
-2.661855597245065819e-01	-2.722890753495065819e-01	-2.637441534745065819e-01
-2.698476690995065819e-01	-2.600820440995065819e-01	-2.674062628495065819e-01
-2.576406378495065819e-01	-2.637441534745065819e-01	-2.539785284745065819e-01
-2.613027472245065819e-01	-2.515371222245065819e-01	-2.576406378495065819e-01
-2.490957159745065819e-01	-2.551992315995065819e-01	-2.454336065995065819e-01
-2.527578253495065819e-01	-2.429922003495065819e-01	-2.490957159745065819e-01
-2.405507940995065819e-01	-2.466543097245065819e-01	-2.368886847245065819e-01
-2.442129034745065819e-01	-2.344472784745065819e-01	-2.417714972245065819e-01
-2.320058722245065819e-01	-2.381093878495065819e-01	-2.283437628495065819e-01
-2.356679815995065819e-01	-2.259023565995065819e-01	-2.320058722245065819e-01
-2.234609503495065819e-01	-2.295644659745065819e-01	-2.197988409745065819e-01
-2.259023565995065819e-01	-2.173574347245065819e-01	-2.234609503495065819e-01
-2.136953253495065819e-01	-2.210195440995065819e-01	-2.112539190995065819e-01
-2.185781378495065819e-01	-2.088125128495065819e-01	-2.149160284745065819e-01
-2.051504034745065819e-01	-2.124746222245065819e-01	-2.027089972245065819e-01
-2.088125128495065819e-01	-2.002675909745065819e-01	-2.063711065995065819e-01
-1.966054815995065819e-01	-2.039297003495065819e-01	-1.941640753495065819e-01
-2.002675909745065819e-01	-1.917226690995065819e-01	-1.978261847245065819e-01
-1.880605597245065819e-01	-1.941640753495065819e-01	-1.856191534745065819e-01
-1.917226690995065819e-01	-1.819570440995065819e-01	-1.892812628495065819e-01
-1.795156378495065819e-01	-1.856191534745065819e-01	-1.758535284745065819e-01
-1.831777472245065819e-01	-1.734121222245065819e-01	-1.807363409745065819e-01
-1.709707159745065819e-01	-1.770742315995065819e-01	-1.673086065995065819e-01
-1.746328253495065819e-01	-1.648672003495065819e-01	-1.721914190995065819e-01
-1.624257940995065819e-01	-1.685293097245065819e-01	-1.587636847245065819e-01
-1.660879034745065819e-01	-1.563222784745065819e-01	-1.636464972245065819e-01
-1.538808722245065819e-01	-1.599843878495065819e-01	-1.514394659745065819e-01
-1.575429815995065819e-01	-1.477773565995065819e-01	-1.538808722245065819e-01
-1.453359503495065819e-01	-1.514394659745065819e-01	-1.416738409745065819e-01
-1.489980597245065819e-01	-1.392324347245065819e-01	-1.465566534745065819e-01
-1.367910284745065819e-01	-1.428945440995065819e-01	-1.331289190995065819e-01
-1.392324347245065819e-01	-1.306875128495065819e-01	-1.367910284745065819e-01
-1.270254034745065819e-01	-1.343496222245065819e-01	-1.245839972245065819e-01
-1.319082159745065819e-01	-1.221425909745065819e-01	-1.282461065995065819e-01
-1.184804815995065819e-01	-1.258047003495065819e-01	-1.160390753495065819e-01
-1.221425909745065819e-01	-1.135976690995065819e-01	-1.197011847245065819e-01
-1.099355597245065819e-01	-1.172597784745065819e-01	-1.074941534745065819e-01
-1.135976690995065819e-01	-1.050527472245065819e-01	-1.111562628495065819e-01
-1.026113409745065819e-01	-1.087148565995065819e-01	-1.001699347245065819e-01
-1.050527472245065819e-01	-9.772852847450658187e-02	-1.038320440995065819e-01
-9.406641909950658187e-02	-1.013906378495065819e-01	-9.162501284950658187e-02
-9.772852847450658187e-02	-8.918360659950658187e-02	-9.528712222450658187e-02
-8.552149722450658187e-02	-9.284571597450658187e-02	-8.308009097450658187e-02
-8.918360659950658187e-02	-7.941798159950658187e-02	-8.674220034950658187e-02
-7.697657534950658187e-02	-8.308009097450658187e-02	-7.453516909950658187e-02
-8.063868472450658187e-02	-7.209376284950658187e-02	-7.819727847450658187e-02
-6.843165347450658187e-02	-7.453516909950658187e-02	-6.599024722450658187e-02
-7.209376284950658187e-02	-6.232813784950658187e-02	-6.965235659950658187e-02
-5.988673159950658187e-02	-6.599024722450658187e-02	-5.622462222450658187e-02
-6.354884097450658187e-02	-5.378321597450658187e-02	-6.110743472450658187e-02
-5.134180972450658187e-02	-5.744532534950658187e-02	-4.890040347450658187e-02
-5.500391909950658187e-02	-4.523829409950658187e-02	-5.256251284950658187e-02
-4.279688784950658187e-02	-4.890040347450658187e-02	-3.913477847450658187e-02
-4.645899722450658187e-02	-3.669337222450658187e-02	-4.279688784950658187e-02
-3.425196597450658187e-02	-4.035548159950658187e-02	-3.181055972450658187e-02
-3.791407534950658187e-02	-2.814845034950658534e-02	-3.547266909950658187e-02
-2.570704409950658534e-02	-3.181055972450658187e-02	-2.204493472450658534e-02
-2.936915347450658534e-02	-1.960352847450658534e-02	-2.570704409950658534e-02
-1.594141909950658534e-02	-2.326563784950658534e-02	-1.350001284950658534e-02
-2.082423159950658534e-02	-1.105860659950658534e-02	-1.716212222450658534e-02
-7.396497224506585338e-03	-1.472071597450658534e-02	-4.955090974506585338e-03
-1.105860659950658534e-02	-2.513684724506585338e-03	-8.617200349506585338e-03
1.148424650493414662e-03	-6.175794099506585338e-03	3.589830900493414662e-03
-2.513684724506585338e-03	7.251940275493414662e-03	-7.227847450658533845e-05
9.693346525493414662e-03	2.369127775493414662e-03	1.213475277549341466e-02
6.031237150493414662e-03	1.579686215049341466e-02	8.472643400493414662e-03
1.823826840049341466e-02	1.091404965049341466e-02	2.067967465049341466e-02
1.457615902549341466e-02	2.434178402549341466e-02	1.701756527549341466e-02
2.678319027549341466e-02	2.067967465049341466e-02	2.922459652549341466e-02
2.312108090049341466e-02	3.288670590049341813e-02	2.678319027549341466e-02
3.532811215049341813e-02	2.922459652549341466e-02	3.776951840049341813e-02
3.166600277549341813e-02	4.143162777549341813e-02	3.532811215049341813e-02
4.387303402549341813e-02	3.776951840049341813e-02	4.753514340049341813e-02
4.021092465049341813e-02	4.997654965049341813e-02	4.387303402549341813e-02
5.241795590049341813e-02	4.631444027549341813e-02	5.608006527549341813e-02
4.875584652549341813e-02	5.852147152549341813e-02	5.241795590049341813e-02
6.218358090049341813e-02	5.485936215049341813e-02	6.462498715049341813e-02
5.852147152549341813e-02	6.706639340049341813e-02	6.096287777549341813e-02
7.072850277549341813e-02	6.340428402549341813e-02	7.316990902549341813e-02
6.584569027549341813e-02	7.683201840049341813e-02	6.950779965049341813e-02
7.927342465049341813e-02	7.194920590049341813e-02	8.171483090049341813e-02
7.561131527549341813e-02	8.415623715049341813e-02	7.805272152549341813e-02
8.781834652549341813e-02	8.049412777549341813e-02	9.025975277549341813e-02
8.415623715049341813e-02	9.392186215049341813e-02	8.659764340049341813e-02
9.636326840049341813e-02	8.903904965049341813e-02	9.880467465049341813e-02
9.270115902549341813e-02	1.024667840254934181e-01	9.514256527549341813e-02
1.049081902754934181e-01	9.880467465049341813e-02	1.085702996504934181e-01
1.012460809004934181e-01	1.110117059004934181e-01	1.036874871504934181e-01
1.134531121504934181e-01	1.073495965254934181e-01	1.171152215254934181e-01
1.097910027754934181e-01	1.195566277754934181e-01	1.122324090254934181e-01
1.219980340254934181e-01	1.158945184004934181e-01	1.256601434004934181e-01
1.183359246504934181e-01	1.281015496504934181e-01	1.219980340254934181e-01
1.305429559004934181e-01	1.244394402754934181e-01	1.342050652754934181e-01
1.268808465254934181e-01	1.366464715254934181e-01	1.305429559004934181e-01
1.403085809004934181e-01	1.329843621504934181e-01	1.427499871504934181e-01
1.354257684004934181e-01	1.464120965254934181e-01	1.390878777754934181e-01
1.488535027754934181e-01	1.415292840254934181e-01	1.512949090254934181e-01
1.451913934004934181e-01	1.537363152754934181e-01	1.476327996504934181e-01
1.573984246504934181e-01	1.500742059004934181e-01	1.598398309004934181e-01
1.537363152754934181e-01	1.622812371504934181e-01	1.561777215254934181e-01
1.659433465254934181e-01	1.586191277754934181e-01	1.683847527754934181e-01
1.622812371504934181e-01	1.720468621504934181e-01	1.647226434004934181e-01
1.744882684004934181e-01	1.683847527754934181e-01	1.769296746504934181e-01
1.708261590254934181e-01	1.805917840254934181e-01	1.732675652754934181e-01
1.830331902754934181e-01	1.769296746504934181e-01	1.866952996504934181e-01
1.793710809004934181e-01	1.891367059004934181e-01	1.818124871504934181e-01
1.915781121504934181e-01	1.854745965254934181e-01	1.952402215254934181e-01
1.879160027754934181e-01	1.976816277754934181e-01	1.903574090254934181e-01
2.001230340254934181e-01	1.940195184004934181e-01	2.037851434004934181e-01
1.964609246504934181e-01	2.062265496504934181e-01	1.989023309004934181e-01
2.086679559004934181e-01	2.025644402754934181e-01	2.111093621504934181e-01
2.050058465254934181e-01	2.147714715254934181e-01	2.086679559004934181e-01
2.172128777754934181e-01	2.111093621504934181e-01	2.208749871504934181e-01
2.147714715254934181e-01	2.233163934004934181e-01	2.172128777754934181e-01
2.257577996504934181e-01	2.196542840254934181e-01	2.294199090254934181e-01
2.220956902754934181e-01	2.318613152754934181e-01	2.257577996504934181e-01
2.355234246504934181e-01	2.281992059004934181e-01	2.379648309004934181e-01
2.306406121504934181e-01	2.404062371504934181e-01	2.343027215254934181e-01
2.440683465254934181e-01	2.367441277754934181e-01	2.465097527754934181e-01
2.404062371504934181e-01	2.501718621504934181e-01	2.428476434004934181e-01
2.526132684004934181e-01	2.452890496504934181e-01	2.550546746504934181e-01
2.489511590254934181e-01	2.587167840254934181e-01	2.513925652754934181e-01
2.611581902754934181e-01	2.538339715254934181e-01	2.635995965254934181e-01
2.574960809004934181e-01	2.672617059004934181e-01	2.599374871504934181e-01
2.697031121504934181e-01	2.635995965254934181e-01	2.721445184004934181e-01
2.660410027754934181e-01	2.758066277754934181e-01	2.684824090254934181e-01
2.782480340254934181e-01	2.721445184004934181e-01	2.806894402754934181e-01
2.745859246504934181e-01	2.843515496504934181e-01	2.770273309004934181e-01
2.867929559004934181e-01	2.806894402754934181e-01	2.892343621504934181e-01
2.831308465254934181e-01	2.928964715254934181e-01	2.855722527754934181e-01
2.953378777754934181e-01	2.892343621504934181e-01	2.989999871504934181e-01
2.916757684004934181e-01	3.014413934004934181e-01	2.941171746504934181e-01
3.038827996504934181e-01	2.977792840254934181e-01	3.075449090254934181e-01
3.002206902754934181e-01	3.099863152754934181e-01	3.026620965254934181e-01
3.124277215254934181e-01	3.063242059004934181e-01	3.160898309004934181e-01
3.087656121504934181e-01	3.185312371504934181e-01	3.124277215254934181e-01
3.209726434004934181e-01	3.148691277754934181e-01	3.246347527754934181e-01
3.173105340254934181e-01	3.270761590254934181e-01	3.197519402754934181e-01
3.295175652754934181e-01	3.234140496504934181e-01	3.331796746504934181e-01
3.258554559004934181e-01	3.356210809004934181e-01	3.295175652754934181e-01
3.392831902754934181e-01	3.319589715254934181e-01	3.417245965254934181e-01
3.356210809004934181e-01	3.441660027754934181e-01	3.380624871504934181e-01
3.478281121504934181e-01	3.405038934004934181e-01	3.502695184004934181e-01
3.441660027754934181e-01	3.527109246504934181e-01	3.466074090254934181e-01
3.563730340254934181e-01	3.502695184004934181e-01	3.588144402754934181e-01
3.527109246504934181e-01	3.624765496504934181e-01	3.551523309004934181e-01
3.649179559004934181e-01	3.575937371504934181e-01	3.673593621504934181e-01
3.612558465254934181e-01	3.710214715254934181e-01	3.636972527754934181e-01
3.734628777754934181e-01	3.673593621504934181e-01	3.759042840254934181e-01
3.698007684004934181e-01	3.795663934004934181e-01	3.722421746504934181e-01
3.820077996504934181e-01	3.759042840254934181e-01	3.856699090254934181e-01
3.783456902754934181e-01	3.881113152754934181e-01	3.807870965254934181e-01
3.905527215254934181e-01	3.844492059004934181e-01	3.942148309004934181e-01
3.868906121504934181e-01	3.966562371504934181e-01	3.905527215254934181e-01
3.990976434004934181e-01	3.929941277754934181e-01	4.027597527754934181e-01
3.954355340254934181e-01	4.052011590254934181e-01	3.990976434004934181e-01
4.076425652754934181e-01	4.015390496504934181e-01	4.113046746504934181e-01
4.039804559004934181e-01	4.137460809004934181e-01	4.076425652754934181e-01
4.174081902754934181e-01	4.100839715254934181e-01	4.198495965254934181e-01
4.137460809004934181e-01	4.222910027754934181e-01	4.161874871504934181e-01
4.259531121504934181e-01	4.186288934004934181e-01	4.283945184004934181e-01
4.210702996504934181e-01	4.308359246504934181e-01	4.247324090254934181e-01
4.344980340254934181e-01	4.271738152754934181e-01	4.369394402754934181e-01
4.296152215254934181e-01	4.393808465254934181e-01	4.332773309004934181e-01
4.430429559004934181e-01	4.357187371504934181e-01	4.454843621504934181e-01
4.381601434004934181e-01	4.479257684004934181e-01	4.418222527754934181e-01
4.515878777754934181e-01	4.442636590254934181e-01	4.540292840254934181e-01
4.479257684004934181e-01	4.564706902754934181e-01	4.503671746504934181e-01
4.601327996504934181e-01	4.528085809004934181e-01	4.625742059004934181e-01
4.564706902754934181e-01	4.662363152754934181e-01	4.589120965254934181e-01
4.686777215254934181e-01	4.625742059004934181e-01	4.711191277754934181e-01
4.650156121504934181e-01	4.735605340254934181e-01	4.674570184004934181e-01
4.772226434004934181e-01	4.698984246504934181e-01	4.796640496504934181e-01
4.735605340254934181e-01	4.833261590254934181e-01	4.760019402754934181e-01
4.857675652754934181e-01	4.784433465254934181e-01	4.882089715254934181e-01
4.821054559004934181e-01	4.918710809004934181e-01	4.845468621504934181e-01
4.943124871504934181e-01	4.882089715254934181e-01	4.967538934004934181e-01
4.906503777754934181e-01	5.004160027754934736e-01	4.930917840254934181e-01
5.028574090254934736e-01	4.967538934004934181e-01	5.052988152754934736e-01
4.991952996504934181e-01	5.089609246504934736e-01	5.016367059004934736e-01
5.114023309004934736e-01	5.052988152754934736e-01	5.138437371504934736e-01
5.077402215254934736e-01	5.175058465254934736e-01	5.114023309004934736e-01
5.199472527754934736e-01	5.138437371504934736e-01	5.236093621504934736e-01
5.162851434004934736e-01	5.260507684004934736e-01	5.187265496504934736e-01
5.284921746504934736e-01	5.223886590254934736e-01	5.321542840254934736e-01
5.248300652754934736e-01	5.345956902754934736e-01	5.272714715254934736e-01
5.370370965254934736e-01	5.309335809004934736e-01	5.394785027754934736e-01
5.333749871504934736e-01	5.431406121504934736e-01	5.370370965254934736e-01
5.468027215254934736e-01	5.394785027754934736e-01	5.492441277754934736e-01
5.419199090254934736e-01	5.516855340254934736e-01	5.455820184004934736e-01
5.553476434004934736e-01	5.480234246504934736e-01	5.577890496504934736e-01
5.504648309004934736e-01	5.602304559004934736e-01	5.541269402754934736e-01
5.638925652754934736e-01	5.565683465254934736e-01	5.663339715254934736e-01
5.590097527754934736e-01	5.687753777754934736e-01	5.626718621504934736e-01
5.724374871504934736e-01	5.651132684004934736e-01	5.748788934004934736e-01
5.687753777754934736e-01	5.785410027754934736e-01	5.712167840254934736e-01
5.809824090254934736e-01	5.736581902754934736e-01	5.834238152754934736e-01
5.773202996504934736e-01	5.870859246504934736e-01	5.797617059004934736e-01
5.895273309004934736e-01	5.822031121504934736e-01	5.919687371504934736e-01
5.858652215254934736e-01	5.956308465254934736e-01	5.883066277754934736e-01
5.980722527754934736e-01	5.919687371504934736e-01	6.017343621504934736e-01
5.944101434004934736e-01	6.041757684004934736e-01	5.968515496504934736e-01
6.066171746504934736e-01	5.992929559004934736e-01	6.102792840254934736e-01
6.029550652754934736e-01	6.127206902754934736e-01	6.053964715254934736e-01
6.151620965254934736e-01	6.090585809004934736e-01	6.188242059004934736e-01
6.114999871504934736e-01	6.212656121504934736e-01	6.139413934004934736e-01
6.237070184004934736e-01	6.176035027754934736e-01	6.273691277754933626e-01
6.200449090254934736e-01	6.298105340254933626e-01	6.237070184004934736e-01
6.322519402754933626e-01	6.261484246504933626e-01	6.359140496504933626e-01
6.285898309004933626e-01	6.383554559004933626e-01	6.310312371504933626e-01
6.407968621504933626e-01	6.346933465254933626e-01	6.444589715254933626e-01
6.371347527754933626e-01	6.469003777754933626e-01	6.407968621504933626e-01
6.505624871504933626e-01	6.432382684004933626e-01	6.530038934004933626e-01
6.469003777754933626e-01	6.554452996504933626e-01	6.493417840254933626e-01
6.591074090254933626e-01	6.517831902754933626e-01	6.615488152754933626e-01
6.542245965254933626e-01	6.639902215254933626e-01	6.578867059004933626e-01
6.676523309004933626e-01	6.603281121504933626e-01	6.700937371504933626e-01
6.639902215254933626e-01	6.737558465254933626e-01	6.664316277754933626e-01
6.761972527754933626e-01	6.688730340254933626e-01	6.786386590254933626e-01
6.725351434004933626e-01	6.810800652754933626e-01	6.749765496504933626e-01
6.847421746504933626e-01	6.786386590254933626e-01	6.871835809004933626e-01
6.810800652754933626e-01	6.908456902754933626e-01	6.835214715254933626e-01
6.932870965254933626e-01	6.871835809004933626e-01	6.957285027754933626e-01
6.896249871504933626e-01	6.993906121504933626e-01	6.920663934004933626e-01
7.018320184004933626e-01	6.957285027754933626e-01	7.054941277754933626e-01
6.981699090254933626e-01	7.079355340254933626e-01	7.006113152754933626e-01
7.103769402754933626e-01	7.042734246504933626e-01	7.140390496504933626e-01
7.067148309004933626e-01	7.164804559004933626e-01	7.103769402754933626e-01
7.189218621504933626e-01	7.128183465254933626e-01	7.213632684004933626e-01
7.152597527754933626e-01	7.250253777754933626e-01	7.177011590254933626e-01
7.274667840254933626e-01	7.213632684004933626e-01	7.311288934004933626e-01
7.238046746504933626e-01	7.335702996504933626e-01	7.262460809004933626e-01
7.360117059004933626e-01	7.299081902754933626e-01	7.396738152754933626e-01
7.323495965254933626e-01	7.421152215254933626e-01	7.347910027754933626e-01
7.445566277754933626e-01	7.384531121504933626e-01	7.482187371504933626e-01
7.408945184004933626e-01	7.506601434004933626e-01	7.445566277754933626e-01
7.531015496504933626e-01	7.469980340254933626e-01	7.567636590254933626e-01
7.506601434004933626e-01	7.592050652754933626e-01	7.531015496504933626e-01
7.628671746504933626e-01	7.555429559004933626e-01	7.653085809004933626e-01
7.579843621504933626e-01	7.677499871504933626e-01	7.616464715254933626e-01
7.714120965254933626e-01	7.640878777754933626e-01	7.738535027754933626e-01
7.665292840254933626e-01	7.726327996504933626e-01	7.653085809004933626e-01
7.701913934004933626e-01	7.628671746504933626e-01	7.665292840254933626e-01
7.604257684004933626e-01	7.640878777754933626e-01	7.567636590254933626e-01
7.616464715254933626e-01	7.543222527754933626e-01	7.579843621504933626e-01
7.518808465254933626e-01	7.555429559004933626e-01	7.482187371504933626e-01
7.518808465254933626e-01	7.457773309004933626e-01	7.494394402754933626e-01
7.421152215254933626e-01	7.469980340254933626e-01	7.396738152754933626e-01
7.433359246504933626e-01	7.372324090254933626e-01	7.408945184004933626e-01
7.347910027754933626e-01	7.384531121504933626e-01	7.311288934004933626e-01
7.360117059004933626e-01	7.286874871504933626e-01	7.323495965254933626e-01
7.262460809004933626e-01	7.299081902754933626e-01	7.225839715254933626e-01
7.262460809004933626e-01	7.201425652754933626e-01	7.238046746504933626e-01
7.177011590254933626e-01	7.213632684004933626e-01	7.140390496504933626e-01
7.189218621504933626e-01	7.115976434004933626e-01	7.152597527754933626e-01
7.091562371504933626e-01	7.128183465254933626e-01	7.054941277754933626e-01
7.103769402754933626e-01	7.030527215254933626e-01	7.067148309004933626e-01
7.006113152754933626e-01	7.042734246504933626e-01	6.969492059004933626e-01
7.018320184004933626e-01	6.945077996504933626e-01	6.981699090254933626e-01
6.920663934004933626e-01	6.957285027754933626e-01	6.884042840254933626e-01
6.932870965254933626e-01	6.859628777754933626e-01	6.896249871504933626e-01
6.835214715254933626e-01	6.871835809004933626e-01	6.798593621504933626e-01
6.847421746504933626e-01	6.774179559004933626e-01	6.810800652754933626e-01
6.749765496504933626e-01	6.786386590254933626e-01	6.713144402754933626e-01
6.749765496504933626e-01	6.688730340254933626e-01	6.725351434004933626e-01
6.664316277754933626e-01	6.700937371504933626e-01	6.639902215254933626e-01
6.676523309004933626e-01	6.603281121504933626e-01	6.639902215254933626e-01
6.578867059004933626e-01	6.615488152754933626e-01	6.554452996504933626e-01
6.591074090254933626e-01	6.517831902754933626e-01	6.554452996504933626e-01
6.493417840254933626e-01	6.530038934004933626e-01	6.456796746504933626e-01
6.505624871504933626e-01	6.432382684004933626e-01	6.469003777754933626e-01
6.407968621504933626e-01	6.444589715254933626e-01	6.371347527754933626e-01
6.420175652754933626e-01	6.346933465254933626e-01	6.383554559004933626e-01
6.322519402754933626e-01	6.359140496504933626e-01	6.285898309004933626e-01
6.334726434004933626e-01	6.261484246504933626e-01	6.298105340254933626e-01
6.237070184004934736e-01	6.273691277754933626e-01	6.212656121504934736e-01
6.249277215254934736e-01	6.176035027754934736e-01	6.224863152754934736e-01
6.151620965254934736e-01	6.188242059004934736e-01	6.127206902754934736e-01
6.163827996504934736e-01	6.090585809004934736e-01	6.127206902754934736e-01
6.066171746504934736e-01	6.102792840254934736e-01	6.041757684004934736e-01
6.078378777754934736e-01	6.005136590254934736e-01	6.041757684004934736e-01
5.980722527754934736e-01	6.017343621504934736e-01	5.956308465254934736e-01
5.992929559004934736e-01	5.919687371504934736e-01	5.956308465254934736e-01
5.895273309004934736e-01	5.931894402754934736e-01	5.870859246504934736e-01
5.907480340254934736e-01	5.834238152754934736e-01	5.870859246504934736e-01
5.809824090254934736e-01	5.846445184004934736e-01	5.785410027754934736e-01
5.822031121504934736e-01	5.748788934004934736e-01	5.785410027754934736e-01
5.724374871504934736e-01	5.760995965254934736e-01	5.699960809004934736e-01
5.736581902754934736e-01	5.663339715254934736e-01	5.699960809004934736e-01
5.638925652754934736e-01	5.675546746504934736e-01	5.614511590254934736e-01
5.651132684004934736e-01	5.577890496504934736e-01	5.614511590254934736e-01
5.553476434004934736e-01	5.590097527754934736e-01	5.516855340254934736e-01
5.553476434004934736e-01	5.492441277754934736e-01	5.529062371504934736e-01
5.468027215254934736e-01	5.504648309004934736e-01	5.431406121504934736e-01
5.480234246504934736e-01	5.406992059004934736e-01	5.443613152754934736e-01
5.382577996504934736e-01	5.419199090254934736e-01	5.345956902754934736e-01
5.394785027754934736e-01	5.321542840254934736e-01	5.358163934004934736e-01
5.297128777754934736e-01	5.333749871504934736e-01	5.260507684004934736e-01
5.309335809004934736e-01	5.236093621504934736e-01	5.272714715254934736e-01
5.211679559004934736e-01	5.248300652754934736e-01	5.175058465254934736e-01
5.223886590254934736e-01	5.150644402754934736e-01	5.187265496504934736e-01
5.126230340254934736e-01	5.162851434004934736e-01	5.101816277754934736e-01
5.138437371504934736e-01	5.065195184004934736e-01	5.101816277754934736e-01
5.040781121504934736e-01	5.077402215254934736e-01	5.016367059004934736e-01
5.052988152754934736e-01	4.979745965254934181e-01	5.016367059004934736e-01
4.955331902754934181e-01	4.991952996504934181e-01	4.930917840254934181e-01
4.967538934004934181e-01	4.894296746504934181e-01	4.930917840254934181e-01
4.869882684004934181e-01	4.906503777754934181e-01	4.833261590254934181e-01
4.869882684004934181e-01	4.808847527754934181e-01	4.845468621504934181e-01
4.784433465254934181e-01	4.821054559004934181e-01	4.747812371504934181e-01
4.796640496504934181e-01	4.723398309004934181e-01	4.760019402754934181e-01
4.698984246504934181e-01	4.735605340254934181e-01	4.674570184004934181e-01
4.711191277754934181e-01	4.637949090254934181e-01	4.674570184004934181e-01
4.613535027754934181e-01	4.650156121504934181e-01	4.589120965254934181e-01
4.625742059004934181e-01	4.552499871504934181e-01	4.589120965254934181e-01
4.528085809004934181e-01	4.564706902754934181e-01	4.491464715254934181e-01
4.540292840254934181e-01	4.467050652754934181e-01	4.503671746504934181e-01
4.442636590254934181e-01	4.479257684004934181e-01	4.418222527754934181e-01
4.454843621504934181e-01	4.381601434004934181e-01	4.418222527754934181e-01
4.357187371504934181e-01	4.393808465254934181e-01	4.320566277754934181e-01
4.369394402754934181e-01	4.296152215254934181e-01	4.332773309004934181e-01
4.271738152754934181e-01	4.308359246504934181e-01	4.235117059004934181e-01
4.271738152754934181e-01	4.210702996504934181e-01	4.247324090254934181e-01
4.186288934004934181e-01	4.222910027754934181e-01	4.149667840254934181e-01
4.186288934004934181e-01	4.125253777754934181e-01	4.161874871504934181e-01
4.100839715254934181e-01	4.137460809004934181e-01	4.064218621504934181e-01
4.113046746504934181e-01	4.039804559004934181e-01	4.076425652754934181e-01
4.015390496504934181e-01	4.052011590254934181e-01	3.978769402754934181e-01
4.027597527754934181e-01	3.954355340254934181e-01	3.990976434004934181e-01
3.929941277754934181e-01	3.966562371504934181e-01	3.893320184004934181e-01
3.942148309004934181e-01	3.868906121504934181e-01	3.905527215254934181e-01
3.844492059004934181e-01	3.881113152754934181e-01	3.807870965254934181e-01
