time[s]	CH1[V]	CH2[V] (num. of cycles: 1)
0.000000000000000000e+00	1.000000000000000082e-05	2.000000000000000164e-05
3.000000000000000076e-05	4.000000000000000327e-05	5.000000000000000240e-05
6.000000000000000152e-05	6.999999999999999387e-05	8.000000000000000654e-05
9.000000000000000567e-05	1.000000000000000048e-04	1.100000000000000039e-04
1.200000000000000030e-04	1.299999999999999886e-04	1.399999999999999877e-04
1.499999999999999869e-04	1.600000000000000131e-04	1.700000000000000122e-04
1.800000000000000113e-04	1.900000000000000105e-04	2.000000000000000096e-04
2.100000000000000087e-04	2.200000000000000078e-04	2.300000000000000070e-04
2.400000000000000061e-04	2.500000000000000052e-04	2.599999999999999772e-04
2.700000000000000035e-04	2.799999999999999755e-04	2.900000000000000017e-04
2.999999999999999737e-04	3.099999999999999999e-04	3.200000000000000262e-04
3.299999999999999982e-04	3.400000000000000244e-04	3.499999999999999964e-04
3.600000000000000227e-04	3.699999999999999947e-04	3.800000000000000209e-04
3.899999999999999929e-04	4.000000000000000192e-04	4.099999999999999912e-04
4.200000000000000174e-04	4.299999999999999894e-04	4.400000000000000157e-04
4.499999999999999877e-04	4.600000000000000139e-04	4.699999999999999859e-04
4.800000000000000122e-04	4.899999999999999842e-04	5.000000000000000104e-04
5.100000000000000366e-04	5.199999999999999544e-04	5.299999999999999807e-04
5.400000000000000069e-04	5.500000000000000331e-04	5.599999999999999509e-04
5.699999999999999772e-04	5.800000000000000034e-04	5.900000000000000296e-04
5.999999999999999474e-04	6.099999999999999737e-04	6.199999999999999999e-04
6.300000000000000261e-04	6.400000000000000524e-04	6.499999999999999702e-04
6.599999999999999964e-04	6.700000000000000226e-04	6.800000000000000488e-04
6.899999999999999667e-04	6.999999999999999929e-04	7.100000000000000191e-04
7.200000000000000453e-04	7.299999999999999632e-04	7.399999999999999894e-04
7.500000000000000156e-04	7.600000000000000418e-04	7.699999999999999597e-04
7.799999999999999859e-04	7.900000000000000121e-04	8.000000000000000383e-04
8.099999999999999561e-04	8.199999999999999824e-04	8.300000000000000086e-04
8.400000000000000348e-04	8.499999999999999526e-04	8.599999999999999789e-04
8.700000000000000051e-04	8.800000000000000313e-04	8.899999999999999491e-04
8.999999999999999754e-04	9.100000000000000016e-04	9.200000000000000278e-04
9.300000000000000541e-04	9.399999999999999719e-04	9.499999999999999981e-04
9.600000000000000243e-04	9.700000000000000505e-04	9.799999999999999684e-04
9.899999999999999946e-04	1.000000000000000021e-03	1.010000000000000047e-03
1.020000000000000073e-03	1.030000000000000100e-03	1.039999999999999909e-03
1.049999999999999935e-03	1.059999999999999961e-03	1.069999999999999988e-03
1.080000000000000014e-03	1.090000000000000040e-03	1.100000000000000066e-03
1.110000000000000092e-03	1.119999999999999902e-03	1.129999999999999928e-03
1.139999999999999954e-03	1.149999999999999981e-03	1.160000000000000007e-03
1.170000000000000033e-03	1.180000000000000059e-03	1.190000000000000085e-03
1.199999999999999895e-03	1.209999999999999921e-03	1.219999999999999947e-03
1.229999999999999974e-03	1.240000000000000000e-03	1.250000000000000026e-03
1.260000000000000052e-03	1.270000000000000078e-03	1.280000000000000105e-03
1.289999999999999914e-03	1.299999999999999940e-03	1.309999999999999967e-03
1.319999999999999993e-03	1.330000000000000019e-03	1.340000000000000045e-03
1.350000000000000071e-03	1.360000000000000098e-03	1.369999999999999907e-03
1.379999999999999933e-03	1.389999999999999960e-03	1.399999999999999986e-03
1.410000000000000012e-03	1.420000000000000038e-03	1.430000000000000064e-03
1.440000000000000091e-03	1.449999999999999900e-03	1.459999999999999926e-03
1.469999999999999953e-03	1.479999999999999979e-03	1.490000000000000005e-03
1.500000000000000031e-03	1.510000000000000057e-03	1.520000000000000084e-03
1.529999999999999893e-03	1.539999999999999919e-03	1.549999999999999946e-03
1.559999999999999972e-03	1.569999999999999998e-03	1.580000000000000024e-03
1.590000000000000050e-03	1.600000000000000077e-03	1.610000000000000103e-03
1.619999999999999912e-03	1.629999999999999939e-03	1.639999999999999965e-03
1.649999999999999991e-03	1.660000000000000017e-03	1.670000000000000043e-03
1.680000000000000070e-03	1.690000000000000096e-03	1.699999999999999905e-03
1.709999999999999932e-03	1.719999999999999958e-03	1.729999999999999984e-03
1.740000000000000010e-03	1.750000000000000036e-03	1.760000000000000063e-03
1.770000000000000089e-03	1.779999999999999898e-03	1.789999999999999925e-03
1.799999999999999951e-03	1.809999999999999977e-03	1.820000000000000003e-03
1.830000000000000029e-03	1.840000000000000056e-03	1.850000000000000082e-03
1.860000000000000108e-03	1.869999999999999917e-03	1.879999999999999944e-03
1.889999999999999970e-03	1.899999999999999996e-03	1.910000000000000022e-03
1.920000000000000049e-03	1.930000000000000075e-03	1.940000000000000101e-03
1.949999999999999910e-03	1.959999999999999937e-03	1.969999999999999963e-03
1.979999999999999989e-03	1.990000000000000015e-03	2.000000000000000042e-03
2.010000000000000068e-03	2.020000000000000094e-03	2.030000000000000120e-03
2.040000000000000147e-03	2.050000000000000173e-03	2.060000000000000199e-03
2.069999999999999792e-03	2.079999999999999818e-03	2.089999999999999844e-03
2.099999999999999870e-03	2.109999999999999896e-03	2.119999999999999923e-03
2.129999999999999949e-03	2.139999999999999975e-03	2.150000000000000001e-03
2.160000000000000028e-03	2.170000000000000054e-03	2.180000000000000080e-03
2.190000000000000106e-03	2.200000000000000133e-03	2.210000000000000159e-03
2.220000000000000185e-03	2.230000000000000211e-03	2.239999999999999804e-03
2.249999999999999830e-03	2.259999999999999856e-03	2.269999999999999882e-03
2.279999999999999909e-03	2.289999999999999935e-03	2.299999999999999961e-03
2.309999999999999987e-03	2.320000000000000014e-03	2.330000000000000040e-03
2.340000000000000066e-03	2.350000000000000092e-03	2.360000000000000119e-03
2.370000000000000145e-03	2.380000000000000171e-03	2.390000000000000197e-03
2.399999999999999790e-03	2.409999999999999816e-03	2.419999999999999842e-03
2.429999999999999868e-03	2.439999999999999895e-03	2.449999999999999921e-03
2.459999999999999947e-03	2.469999999999999973e-03	2.480000000000000000e-03
2.490000000000000026e-03	2.500000000000000052e-03	2.510000000000000078e-03
2.520000000000000104e-03	2.530000000000000131e-03	2.540000000000000157e-03
2.550000000000000183e-03	2.560000000000000209e-03	2.569999999999999802e-03
2.579999999999999828e-03	2.589999999999999854e-03	2.599999999999999881e-03
2.609999999999999907e-03	2.619999999999999933e-03	2.629999999999999959e-03
2.639999999999999986e-03	2.650000000000000012e-03	2.660000000000000038e-03
2.670000000000000064e-03	2.680000000000000090e-03	2.690000000000000117e-03
2.700000000000000143e-03	2.710000000000000169e-03	2.720000000000000195e-03
2.729999999999999788e-03	2.739999999999999814e-03	2.749999999999999840e-03
2.759999999999999867e-03	2.769999999999999893e-03	2.779999999999999919e-03
2.789999999999999945e-03	2.799999999999999972e-03	2.809999999999999998e-03
2.820000000000000024e-03	2.830000000000000050e-03	2.840000000000000076e-03
2.850000000000000103e-03	2.860000000000000129e-03	2.870000000000000155e-03
2.880000000000000181e-03	2.890000000000000208e-03	2.899999999999999800e-03
2.909999999999999826e-03	2.919999999999999853e-03	2.929999999999999879e-03
2.939999999999999905e-03	2.949999999999999931e-03	2.959999999999999958e-03
2.969999999999999984e-03	2.980000000000000010e-03	2.990000000000000036e-03
3.000000000000000062e-03	3.010000000000000089e-03	3.020000000000000115e-03
3.030000000000000141e-03	3.040000000000000167e-03	3.050000000000000194e-03
3.059999999999999786e-03	3.069999999999999812e-03	3.079999999999999839e-03
3.089999999999999865e-03	3.099999999999999891e-03	3.109999999999999917e-03
3.119999999999999944e-03	3.129999999999999970e-03	3.139999999999999996e-03
3.150000000000000022e-03	3.160000000000000048e-03	3.170000000000000075e-03
3.180000000000000101e-03	3.190000000000000127e-03	3.200000000000000153e-03
3.210000000000000180e-03	3.220000000000000206e-03	3.229999999999999798e-03
3.239999999999999825e-03	3.249999999999999851e-03	3.259999999999999877e-03
3.269999999999999903e-03	3.279999999999999930e-03	3.289999999999999956e-03
3.299999999999999982e-03	3.310000000000000008e-03	3.320000000000000034e-03
3.330000000000000061e-03	3.340000000000000087e-03	3.350000000000000113e-03
3.360000000000000139e-03	3.370000000000000166e-03	3.380000000000000192e-03
3.389999999999999784e-03	3.399999999999999811e-03	3.409999999999999837e-03
3.419999999999999863e-03	3.429999999999999889e-03	3.439999999999999915e-03
3.449999999999999942e-03	3.459999999999999968e-03	3.469999999999999994e-03
3.480000000000000020e-03	3.490000000000000047e-03	3.500000000000000073e-03
3.510000000000000099e-03	3.520000000000000125e-03	3.530000000000000152e-03
3.540000000000000178e-03	3.550000000000000204e-03	3.559999999999999797e-03
3.569999999999999823e-03	3.579999999999999849e-03	3.589999999999999875e-03
3.599999999999999901e-03	3.609999999999999928e-03	3.619999999999999954e-03
3.629999999999999980e-03	3.640000000000000006e-03	3.650000000000000033e-03
3.660000000000000059e-03	3.670000000000000085e-03	3.680000000000000111e-03
3.690000000000000138e-03	3.700000000000000164e-03	3.710000000000000190e-03
3.720000000000000216e-03	3.729999999999999809e-03	3.739999999999999835e-03
3.749999999999999861e-03	3.759999999999999887e-03	3.769999999999999914e-03
3.779999999999999940e-03	3.789999999999999966e-03	3.799999999999999992e-03
3.810000000000000019e-03	3.820000000000000045e-03	3.830000000000000071e-03
3.840000000000000097e-03	3.850000000000000124e-03	3.860000000000000150e-03
3.870000000000000176e-03	3.880000000000000202e-03	3.889999999999999795e-03
3.899999999999999821e-03	3.910000000000000281e-03	3.919999999999999873e-03
3.930000000000000333e-03	3.939999999999999926e-03	3.950000000000000386e-03
3.959999999999999978e-03	3.969999999999999571e-03	3.980000000000000031e-03
3.989999999999999623e-03	4.000000000000000083e-03	4.009999999999999676e-03
4.020000000000000136e-03	4.029999999999999728e-03	4.040000000000000188e-03
4.049999999999999781e-03	4.060000000000000241e-03	4.069999999999999833e-03
4.080000000000000293e-03	4.089999999999999886e-03	4.100000000000000346e-03
4.109999999999999938e-03	4.120000000000000398e-03	4.129999999999999991e-03
4.139999999999999583e-03	4.150000000000000043e-03	4.159999999999999636e-03
4.170000000000000095e-03	4.179999999999999688e-03	4.190000000000000148e-03
4.199999999999999740e-03	4.210000000000000200e-03	4.219999999999999793e-03
4.230000000000000253e-03	4.239999999999999845e-03	4.250000000000000305e-03
4.259999999999999898e-03	4.270000000000000358e-03	4.279999999999999950e-03
4.290000000000000410e-03	4.300000000000000003e-03	4.309999999999999595e-03
4.320000000000000055e-03	4.329999999999999648e-03	4.340000000000000108e-03
4.349999999999999700e-03	4.360000000000000160e-03	4.369999999999999753e-03
4.380000000000000213e-03	4.389999999999999805e-03	4.400000000000000265e-03
4.409999999999999858e-03	4.420000000000000318e-03	4.429999999999999910e-03
4.440000000000000370e-03	4.449999999999999963e-03	4.460000000000000422e-03
4.470000000000000015e-03	4.479999999999999608e-03	4.490000000000000067e-03
4.499999999999999660e-03	4.510000000000000120e-03	4.519999999999999712e-03
4.530000000000000172e-03	4.539999999999999765e-03	4.550000000000000225e-03
4.559999999999999817e-03	4.570000000000000277e-03	4.579999999999999870e-03
4.590000000000000330e-03	4.599999999999999922e-03	4.610000000000000382e-03
4.619999999999999975e-03	4.629999999999999567e-03	4.640000000000000027e-03
4.649999999999999620e-03	4.660000000000000080e-03	4.669999999999999672e-03
4.680000000000000132e-03	4.689999999999999725e-03	4.700000000000000185e-03
4.709999999999999777e-03	4.720000000000000237e-03	4.729999999999999830e-03
4.740000000000000289e-03	4.749999999999999882e-03	4.760000000000000342e-03
4.769999999999999934e-03	4.780000000000000394e-03	4.789999999999999987e-03
4.799999999999999580e-03	4.810000000000000039e-03	4.819999999999999632e-03
4.830000000000000092e-03	4.839999999999999684e-03	4.850000000000000144e-03
4.859999999999999737e-03	4.870000000000000197e-03	4.879999999999999789e-03
4.890000000000000249e-03	4.899999999999999842e-03	4.910000000000000302e-03
4.919999999999999894e-03	4.930000000000000354e-03	4.939999999999999947e-03
4.950000000000000407e-03	4.959999999999999999e-03	4.969999999999999592e-03
4.980000000000000052e-03	4.989999999999999644e-03	5.000000000000000104e-03
5.009999999999999697e-03	5.020000000000000157e-03	5.029999999999999749e-03
5.040000000000000209e-03	5.049999999999999802e-03	5.060000000000000261e-03
5.069999999999999854e-03	5.080000000000000314e-03	5.089999999999999906e-03
5.100000000000000366e-03	5.109999999999999959e-03	5.120000000000000419e-03
5.130000000000000011e-03	5.139999999999999604e-03	5.150000000000000064e-03
5.159999999999999656e-03	5.170000000000000116e-03	5.179999999999999709e-03
5.190000000000000169e-03	5.199999999999999761e-03	5.210000000000000221e-03
5.219999999999999814e-03	5.230000000000000274e-03	5.239999999999999866e-03
5.250000000000000326e-03	5.259999999999999919e-03	5.270000000000000379e-03
5.279999999999999971e-03	5.290000000000000431e-03	5.300000000000000024e-03
5.309999999999999616e-03	5.320000000000000076e-03	5.329999999999999669e-03
5.340000000000000129e-03	5.349999999999999721e-03	5.360000000000000181e-03
5.369999999999999774e-03	5.380000000000000233e-03	5.389999999999999826e-03
5.400000000000000286e-03	5.409999999999999878e-03	5.420000000000000338e-03
5.429999999999999931e-03	5.440000000000000391e-03	5.449999999999999983e-03
5.459999999999999576e-03	5.470000000000000036e-03	5.479999999999999628e-03
5.490000000000000088e-03	5.499999999999999681e-03	5.510000000000000141e-03
5.519999999999999733e-03	5.530000000000000193e-03	5.539999999999999786e-03
5.550000000000000246e-03	5.559999999999999838e-03	5.570000000000000298e-03
5.579999999999999891e-03	5.590000000000000351e-03	5.599999999999999943e-03
5.610000000000000403e-03	5.619999999999999996e-03	5.629999999999999588e-03
5.640000000000000048e-03	5.649999999999999641e-03	5.660000000000000100e-03
5.669999999999999693e-03	5.680000000000000153e-03	5.689999999999999745e-03
5.700000000000000205e-03	5.709999999999999798e-03	5.720000000000000258e-03
5.729999999999999850e-03	5.740000000000000310e-03	5.749999999999999903e-03
5.760000000000000363e-03	5.769999999999999955e-03	5.780000000000000415e-03
5.790000000000000008e-03	5.799999999999999600e-03	5.810000000000000060e-03
5.819999999999999653e-03	5.830000000000000113e-03	5.839999999999999705e-03
5.850000000000000165e-03	5.859999999999999758e-03	5.870000000000000218e-03
5.879999999999999810e-03	5.890000000000000270e-03	5.899999999999999863e-03
5.910000000000000323e-03	5.919999999999999915e-03	5.930000000000000375e-03
5.939999999999999968e-03	5.950000000000000427e-03	5.960000000000000020e-03
5.969999999999999613e-03	5.980000000000000072e-03	5.989999999999999665e-03
6.000000000000000125e-03	6.009999999999999717e-03	6.020000000000000177e-03
6.029999999999999770e-03	6.040000000000000230e-03	6.049999999999999822e-03
6.060000000000000282e-03	6.069999999999999875e-03	6.080000000000000335e-03
6.089999999999999927e-03	6.100000000000000387e-03	6.109999999999999980e-03
6.119999999999999572e-03	6.130000000000000032e-03	6.139999999999999625e-03
6.150000000000000085e-03	6.159999999999999677e-03	6.170000000000000137e-03
6.179999999999999730e-03	6.190000000000000190e-03	6.199999999999999782e-03
6.210000000000000242e-03	6.219999999999999835e-03	6.230000000000000294e-03
6.239999999999999887e-03	6.250000000000000347e-03	6.259999999999999939e-03
6.270000000000000399e-03	6.279999999999999992e-03	6.289999999999999584e-03
6.300000000000000044e-03	6.309999999999999637e-03	6.320000000000000097e-03
6.329999999999999689e-03	6.340000000000000149e-03	6.349999999999999742e-03
6.360000000000000202e-03	6.369999999999999794e-03	6.380000000000000254e-03
6.389999999999999847e-03	6.400000000000000307e-03	6.409999999999999899e-03
6.420000000000000359e-03	6.429999999999999952e-03	6.440000000000000412e-03
6.450000000000000004e-03	6.459999999999999597e-03	6.470000000000000057e-03
6.479999999999999649e-03	6.490000000000000109e-03	6.499999999999999702e-03
6.510000000000000162e-03	6.519999999999999754e-03	6.530000000000000214e-03
6.539999999999999807e-03	6.550000000000000266e-03	6.559999999999999859e-03
6.570000000000000319e-03	6.579999999999999911e-03	6.590000000000000371e-03
6.599999999999999964e-03	6.610000000000000424e-03	6.620000000000000016e-03
6.629999999999999609e-03	6.640000000000000069e-03	6.649999999999999661e-03
6.660000000000000121e-03	6.669999999999999714e-03	6.680000000000000174e-03
6.689999999999999766e-03	6.700000000000000226e-03	6.709999999999999819e-03
6.720000000000000279e-03	6.729999999999999871e-03	6.740000000000000331e-03
6.749999999999999924e-03	6.760000000000000384e-03	6.769999999999999976e-03
6.779999999999999569e-03	6.790000000000000029e-03	6.799999999999999621e-03
6.810000000000000081e-03	6.819999999999999674e-03	6.830000000000000134e-03
6.839999999999999726e-03	6.850000000000000186e-03	6.859999999999999779e-03
6.870000000000000238e-03	6.879999999999999831e-03	6.890000000000000291e-03
6.899999999999999883e-03	6.910000000000000343e-03	6.919999999999999936e-03
6.930000000000000396e-03	6.939999999999999988e-03	6.949999999999999581e-03
6.960000000000000041e-03	6.969999999999999633e-03	6.980000000000000093e-03
6.989999999999999686e-03	7.000000000000000146e-03	7.009999999999999738e-03
7.020000000000000198e-03	7.029999999999999791e-03	7.040000000000000251e-03
7.049999999999999843e-03	7.060000000000000303e-03	7.069999999999999896e-03
7.080000000000000356e-03	7.089999999999999948e-03	7.100000000000000408e-03
7.110000000000000001e-03	7.119999999999999593e-03	7.130000000000000053e-03
7.139999999999999646e-03	7.150000000000000105e-03	7.159999999999999698e-03
7.170000000000000158e-03	7.179999999999999750e-03	7.190000000000000210e-03
7.199999999999999803e-03	7.210000000000000263e-03	7.219999999999999855e-03
7.230000000000000315e-03	7.239999999999999908e-03	7.250000000000000368e-03
7.259999999999999960e-03	7.270000000000000420e-03	7.280000000000000013e-03
7.289999999999999605e-03	7.300000000000000065e-03	7.309999999999999658e-03
7.320000000000000118e-03	7.329999999999999710e-03	7.340000000000000170e-03
7.349999999999999763e-03	7.360000000000000223e-03	7.369999999999999815e-03
7.380000000000000275e-03	7.389999999999999868e-03	7.400000000000000328e-03
7.409999999999999920e-03	7.420000000000000380e-03	7.429999999999999973e-03
7.440000000000000432e-03	7.450000000000000025e-03	7.459999999999999618e-03
7.470000000000000077e-03	7.479999999999999670e-03	7.490000000000000130e-03
7.499999999999999722e-03	7.510000000000000182e-03	7.519999999999999775e-03
7.530000000000000235e-03	7.539999999999999827e-03	7.550000000000000287e-03
7.559999999999999880e-03	7.570000000000000340e-03	7.579999999999999932e-03
7.590000000000000392e-03	7.599999999999999985e-03	7.609999999999999577e-03
7.620000000000000037e-03	7.629999999999999630e-03	7.640000000000000090e-03
7.649999999999999682e-03	7.660000000000000142e-03	7.669999999999999735e-03
7.680000000000000195e-03	7.689999999999999787e-03	7.700000000000000247e-03
7.709999999999999840e-03	7.720000000000000299e-03	7.729999999999999892e-03
7.740000000000000352e-03	7.749999999999999944e-03	7.760000000000000404e-03
7.769999999999999997e-03	7.779999999999999589e-03	7.790000000000000049e-03
7.799999999999999642e-03	7.810000000000000102e-03	7.820000000000000562e-03
7.830000000000000154e-03	7.839999999999999747e-03	7.849999999999999339e-03
7.860000000000000667e-03	7.870000000000000259e-03	7.879999999999999852e-03
7.889999999999999444e-03	7.900000000000000772e-03	7.910000000000000364e-03
7.919999999999999957e-03	7.929999999999999549e-03	7.939999999999999142e-03
7.950000000000000469e-03	7.960000000000000062e-03	7.969999999999999654e-03
7.979999999999999247e-03	7.990000000000000574e-03	8.000000000000000167e-03
8.009999999999999759e-03	8.019999999999999352e-03	8.030000000000000679e-03
8.040000000000000271e-03	8.049999999999999864e-03	8.059999999999999457e-03
8.070000000000000784e-03	8.080000000000000376e-03	8.089999999999999969e-03
8.099999999999999561e-03	8.109999999999999154e-03	8.120000000000000481e-03
8.130000000000000074e-03	8.139999999999999666e-03	8.149999999999999259e-03
8.160000000000000586e-03	8.170000000000000179e-03	8.179999999999999771e-03
8.189999999999999364e-03	8.200000000000000691e-03	8.210000000000000284e-03
8.219999999999999876e-03	8.229999999999999469e-03	8.240000000000000796e-03
8.250000000000000389e-03	8.259999999999999981e-03	8.269999999999999574e-03
8.279999999999999166e-03	8.290000000000000493e-03	8.300000000000000086e-03
8.309999999999999679e-03	8.319999999999999271e-03	8.330000000000000598e-03
8.340000000000000191e-03	8.349999999999999784e-03	8.359999999999999376e-03
8.370000000000000703e-03	8.380000000000000296e-03	8.389999999999999888e-03
8.399999999999999481e-03	8.410000000000000808e-03	8.420000000000000401e-03
8.429999999999999993e-03	8.439999999999999586e-03	8.449999999999999178e-03
8.460000000000000506e-03	8.470000000000000098e-03	8.479999999999999691e-03
8.489999999999999283e-03	8.500000000000000611e-03	8.510000000000000203e-03
8.519999999999999796e-03	8.529999999999999388e-03	8.540000000000000716e-03
8.550000000000000308e-03	8.559999999999999901e-03	8.569999999999999493e-03
8.580000000000000820e-03	8.590000000000000413e-03	8.600000000000000006e-03
8.609999999999999598e-03	8.619999999999999191e-03	8.630000000000000518e-03
8.640000000000000110e-03	8.649999999999999703e-03	8.659999999999999296e-03
8.670000000000000623e-03	8.680000000000000215e-03	8.689999999999999808e-03
8.699999999999999400e-03	8.710000000000000728e-03	8.720000000000000320e-03
8.729999999999999913e-03	8.739999999999999505e-03	8.750000000000000833e-03
8.760000000000000425e-03	8.770000000000000018e-03	8.779999999999999610e-03
8.789999999999999203e-03	8.800000000000000530e-03	8.810000000000000123e-03
8.819999999999999715e-03	8.829999999999999308e-03	8.840000000000000635e-03
8.850000000000000228e-03	8.859999999999999820e-03	8.869999999999999413e-03
8.880000000000000740e-03	8.890000000000000333e-03	8.899999999999999925e-03
8.909999999999999518e-03	8.920000000000000845e-03	8.930000000000000437e-03
8.940000000000000030e-03	8.949999999999999623e-03	8.959999999999999215e-03
8.970000000000000542e-03	8.980000000000000135e-03	8.989999999999999727e-03
8.999999999999999320e-03	9.010000000000000647e-03	9.020000000000000240e-03
9.029999999999999832e-03	9.039999999999999425e-03	9.050000000000000752e-03
9.060000000000000345e-03	9.069999999999999937e-03	9.079999999999999530e-03
9.090000000000000857e-03	9.100000000000000450e-03	9.110000000000000042e-03
9.119999999999999635e-03	9.129999999999999227e-03	9.140000000000000555e-03
9.150000000000000147e-03	9.159999999999999740e-03	9.169999999999999332e-03
9.180000000000000659e-03	9.190000000000000252e-03	9.199999999999999845e-03
9.209999999999999437e-03	9.220000000000000764e-03	9.230000000000000357e-03
9.239999999999999949e-03	9.249999999999999542e-03	9.259999999999999135e-03
9.270000000000000462e-03	9.280000000000000054e-03	9.289999999999999647e-03
9.299999999999999239e-03	9.310000000000000567e-03	9.320000000000000159e-03
9.329999999999999752e-03	9.339999999999999344e-03	9.350000000000000672e-03
9.360000000000000264e-03	9.369999999999999857e-03	9.379999999999999449e-03
9.390000000000000777e-03	9.400000000000000369e-03	9.409999999999999962e-03
9.419999999999999554e-03	9.429999999999999147e-03	9.440000000000000474e-03
9.450000000000000067e-03	9.459999999999999659e-03	9.469999999999999252e-03
9.480000000000000579e-03	9.490000000000000172e-03	9.499999999999999764e-03
9.509999999999999357e-03	9.520000000000000684e-03	9.530000000000000276e-03
9.539999999999999869e-03	9.549999999999999462e-03	9.560000000000000789e-03
9.570000000000000381e-03	9.579999999999999974e-03	9.589999999999999566e-03
9.599999999999999159e-03	9.610000000000000486e-03	9.620000000000000079e-03
9.629999999999999671e-03	9.639999999999999264e-03	9.650000000000000591e-03
9.660000000000000184e-03	9.669999999999999776e-03	9.679999999999999369e-03
9.690000000000000696e-03	9.700000000000000289e-03	9.709999999999999881e-03
9.719999999999999474e-03	9.730000000000000801e-03	9.740000000000000394e-03
9.749999999999999986e-03	9.759999999999999579e-03	9.769999999999999171e-03
9.780000000000000498e-03	9.790000000000000091e-03	9.799999999999999684e-03
9.809999999999999276e-03	9.820000000000000603e-03	9.830000000000000196e-03
9.839999999999999789e-03	9.849999999999999381e-03	9.860000000000000708e-03
9.870000000000000301e-03	9.879999999999999893e-03	9.889999999999999486e-03
9.900000000000000813e-03	9.910000000000000406e-03	9.919999999999999998e-03
9.929999999999999591e-03	9.939999999999999183e-03	9.950000000000000511e-03
9.960000000000000103e-03	9.969999999999999696e-03	9.979999999999999288e-03
9.990000000000000616e-03	1.000000000000000021e-02	1.000999999999999980e-02
1.001999999999999939e-02	1.003000000000000072e-02	1.004000000000000031e-02
1.004999999999999991e-02	1.005999999999999950e-02	1.007000000000000083e-02
1.008000000000000042e-02	1.009000000000000001e-02	1.009999999999999960e-02
1.010999999999999920e-02	1.012000000000000052e-02	1.013000000000000012e-02
1.013999999999999971e-02	1.014999999999999930e-02	1.016000000000000063e-02
1.017000000000000022e-02	1.017999999999999981e-02	1.018999999999999941e-02
1.020000000000000073e-02	1.021000000000000033e-02	1.021999999999999992e-02
1.022999999999999951e-02	1.024000000000000084e-02	1.025000000000000043e-02
1.026000000000000002e-02	1.026999999999999962e-02	1.027999999999999921e-02
1.029000000000000054e-02	1.030000000000000013e-02	1.030999999999999972e-02
1.031999999999999931e-02	1.033000000000000064e-02	1.034000000000000023e-02
1.034999999999999983e-02	1.035999999999999942e-02	1.037000000000000074e-02
1.038000000000000034e-02	1.038999999999999993e-02	1.039999999999999952e-02
1.041000000000000085e-02	1.042000000000000044e-02	1.043000000000000003e-02
1.043999999999999963e-02	1.044999999999999922e-02	1.046000000000000055e-02
1.047000000000000014e-02	1.047999999999999973e-02	1.048999999999999932e-02
1.050000000000000065e-02	1.051000000000000024e-02	1.051999999999999984e-02
1.052999999999999943e-02	1.054000000000000076e-02	1.055000000000000035e-02
1.055999999999999994e-02	1.056999999999999953e-02	1.058000000000000086e-02
1.059000000000000045e-02	1.060000000000000005e-02	1.060999999999999964e-02
1.061999999999999923e-02	1.063000000000000056e-02	1.064000000000000015e-02
1.064999999999999974e-02	1.065999999999999934e-02	1.067000000000000066e-02
1.068000000000000026e-02	1.068999999999999985e-02	1.069999999999999944e-02
1.071000000000000077e-02	1.072000000000000036e-02	1.072999999999999995e-02
1.073999999999999955e-02	1.074999999999999914e-02	1.076000000000000047e-02
1.077000000000000006e-02	1.077999999999999965e-02	1.078999999999999924e-02
1.080000000000000057e-02	1.081000000000000016e-02	1.081999999999999976e-02
1.082999999999999935e-02	1.084000000000000068e-02	1.085000000000000027e-02
1.085999999999999986e-02	1.086999999999999945e-02	1.088000000000000078e-02
1.089000000000000037e-02	1.089999999999999997e-02	1.090999999999999956e-02
1.091999999999999915e-02	1.093000000000000048e-02	1.094000000000000007e-02
1.094999999999999966e-02	1.095999999999999926e-02	1.097000000000000058e-02
1.098000000000000018e-02	1.098999999999999977e-02	1.099999999999999936e-02
1.101000000000000069e-02	1.102000000000000028e-02	1.102999999999999987e-02
1.103999999999999947e-02	1.105000000000000079e-02	1.106000000000000039e-02
1.106999999999999998e-02	1.107999999999999957e-02	1.108999999999999916e-02
1.110000000000000049e-02	1.111000000000000008e-02	1.111999999999999968e-02
1.112999999999999927e-02	1.114000000000000060e-02	1.115000000000000019e-02
1.115999999999999978e-02	1.116999999999999937e-02	1.118000000000000070e-02
1.119000000000000029e-02	1.119999999999999989e-02	1.120999999999999948e-02
1.122000000000000081e-02	1.123000000000000040e-02	1.123999999999999999e-02
1.124999999999999958e-02	1.125999999999999918e-02	1.127000000000000050e-02
1.128000000000000010e-02	1.128999999999999969e-02	1.129999999999999928e-02
1.131000000000000061e-02	1.132000000000000020e-02	1.132999999999999979e-02
1.133999999999999939e-02	1.135000000000000071e-02	1.136000000000000031e-02
1.136999999999999990e-02	1.137999999999999949e-02	1.139000000000000082e-02
1.140000000000000041e-02	1.141000000000000000e-02	1.141999999999999960e-02
1.142999999999999919e-02	1.144000000000000052e-02	1.145000000000000011e-02
1.145999999999999970e-02	1.146999999999999929e-02	1.148000000000000062e-02
1.149000000000000021e-02	1.149999999999999981e-02	1.150999999999999940e-02
1.152000000000000073e-02	1.153000000000000032e-02	1.153999999999999991e-02
1.154999999999999950e-02	1.156000000000000083e-02	1.157000000000000042e-02
1.158000000000000002e-02	1.158999999999999961e-02	1.159999999999999920e-02
1.161000000000000053e-02	1.162000000000000012e-02	1.162999999999999971e-02
1.163999999999999931e-02	1.165000000000000063e-02	1.166000000000000023e-02
1.166999999999999982e-02	1.167999999999999941e-02	1.169000000000000074e-02
1.170000000000000033e-02	1.170999999999999992e-02	1.171999999999999952e-02
1.173000000000000084e-02	1.174000000000000044e-02	1.175000000000000003e-02
1.175999999999999962e-02	1.176999999999999921e-02	1.178000000000000054e-02
1.179000000000000013e-02	1.179999999999999973e-02	1.180999999999999932e-02
1.182000000000000065e-02	1.183000000000000024e-02	1.183999999999999983e-02
1.184999999999999942e-02	1.186000000000000075e-02	1.187000000000000034e-02
1.187999999999999994e-02	1.188999999999999953e-02	1.190000000000000085e-02
1.191000000000000045e-02	1.192000000000000004e-02	1.192999999999999963e-02
1.193999999999999923e-02	1.195000000000000055e-02	1.196000000000000014e-02
1.196999999999999974e-02	1.197999999999999933e-02	1.199000000000000066e-02
1.200000000000000025e-02	1.200999999999999984e-02	1.201999999999999943e-02
1.203000000000000076e-02	1.204000000000000035e-02	1.204999999999999995e-02
1.205999999999999954e-02	1.207000000000000087e-02	1.208000000000000046e-02
1.209000000000000005e-02	1.209999999999999964e-02	1.210999999999999924e-02
1.212000000000000056e-02	1.213000000000000016e-02	1.213999999999999975e-02
1.214999999999999934e-02	1.216000000000000067e-02	1.217000000000000026e-02
1.217999999999999985e-02	1.218999999999999945e-02	1.220000000000000077e-02
1.221000000000000037e-02	1.221999999999999996e-02	1.222999999999999955e-02
1.223999999999999914e-02	1.225000000000000047e-02	1.226000000000000006e-02
1.226999999999999966e-02	1.227999999999999925e-02	1.229000000000000058e-02
1.230000000000000017e-02	1.230999999999999976e-02	1.231999999999999935e-02
1.233000000000000068e-02	1.234000000000000027e-02	1.234999999999999987e-02
1.235999999999999946e-02	1.237000000000000079e-02	1.238000000000000038e-02
1.238999999999999997e-02	1.239999999999999956e-02	1.240999999999999916e-02
1.242000000000000048e-02	1.243000000000000008e-02	1.243999999999999967e-02
1.244999999999999926e-02	1.246000000000000059e-02	1.247000000000000018e-02
1.247999999999999977e-02	1.248999999999999937e-02	1.250000000000000069e-02
1.251000000000000029e-02	1.251999999999999988e-02	1.252999999999999947e-02
1.254000000000000080e-02	1.255000000000000039e-02	1.255999999999999998e-02
1.256999999999999958e-02	1.257999999999999917e-02	1.259000000000000050e-02
1.260000000000000009e-02	1.260999999999999968e-02	1.261999999999999927e-02
1.263000000000000060e-02	1.264000000000000019e-02	1.264999999999999979e-02
1.265999999999999938e-02	1.267000000000000071e-02	1.268000000000000030e-02
1.268999999999999989e-02	1.269999999999999948e-02	1.271000000000000081e-02
1.272000000000000040e-02	1.273000000000000000e-02	1.273999999999999959e-02
1.274999999999999918e-02	1.276000000000000051e-02	1.277000000000000010e-02
1.277999999999999969e-02	1.278999999999999929e-02	1.280000000000000061e-02
1.281000000000000021e-02	1.281999999999999980e-02	1.282999999999999939e-02
1.284000000000000072e-02	1.285000000000000031e-02	1.285999999999999990e-02
1.286999999999999950e-02	1.288000000000000082e-02	1.289000000000000042e-02
1.290000000000000001e-02	1.290999999999999960e-02	1.291999999999999919e-02
1.293000000000000052e-02	1.294000000000000011e-02	1.294999999999999971e-02
1.295999999999999930e-02	1.297000000000000063e-02	1.298000000000000022e-02
1.298999999999999981e-02	1.299999999999999940e-02	1.301000000000000073e-02
1.302000000000000032e-02	1.302999999999999992e-02	1.303999999999999951e-02
1.305000000000000084e-02	1.306000000000000043e-02	1.307000000000000002e-02
1.307999999999999961e-02	1.308999999999999921e-02	1.310000000000000053e-02
1.311000000000000013e-02	1.311999999999999972e-02	1.312999999999999931e-02
1.314000000000000064e-02	1.315000000000000023e-02	1.315999999999999982e-02
1.316999999999999942e-02	1.318000000000000074e-02	1.319000000000000034e-02
1.319999999999999993e-02	1.320999999999999952e-02	1.322000000000000085e-02
1.323000000000000044e-02	1.324000000000000003e-02	1.324999999999999963e-02
1.325999999999999922e-02	1.327000000000000055e-02	1.328000000000000014e-02
1.328999999999999973e-02	1.329999999999999932e-02	1.331000000000000065e-02
1.332000000000000024e-02	1.332999999999999984e-02	1.333999999999999943e-02
1.335000000000000075e-02	1.336000000000000035e-02	1.336999999999999994e-02
1.337999999999999953e-02	1.339000000000000086e-02	1.340000000000000045e-02
1.341000000000000004e-02	1.341999999999999964e-02	1.342999999999999923e-02
1.344000000000000056e-02	1.345000000000000015e-02	1.345999999999999974e-02
1.346999999999999933e-02	1.348000000000000066e-02	1.349000000000000025e-02
1.349999999999999985e-02	1.350999999999999944e-02	1.352000000000000077e-02
1.353000000000000036e-02	1.353999999999999995e-02	1.354999999999999954e-02
1.355999999999999914e-02	1.357000000000000046e-02	1.358000000000000006e-02
1.358999999999999965e-02	1.359999999999999924e-02	1.361000000000000057e-02
1.362000000000000016e-02	1.362999999999999975e-02	1.363999999999999935e-02
1.365000000000000067e-02	1.366000000000000027e-02	1.366999999999999986e-02
1.367999999999999945e-02	1.369000000000000078e-02	1.370000000000000037e-02
1.370999999999999996e-02	1.371999999999999956e-02	1.372999999999999915e-02
1.374000000000000048e-02	1.375000000000000007e-02	1.375999999999999966e-02
1.376999999999999925e-02	1.378000000000000058e-02	1.379000000000000017e-02
1.379999999999999977e-02	1.380999999999999936e-02	1.382000000000000069e-02
1.383000000000000028e-02	1.383999999999999987e-02	1.384999999999999946e-02
1.386000000000000079e-02	1.387000000000000038e-02	1.387999999999999998e-02
1.388999999999999957e-02	1.389999999999999916e-02	1.391000000000000049e-02
1.392000000000000008e-02	1.392999999999999967e-02	1.393999999999999927e-02
1.395000000000000059e-02	1.396000000000000019e-02	1.396999999999999978e-02
1.397999999999999937e-02	1.399000000000000070e-02	1.400000000000000029e-02
1.400999999999999988e-02	1.401999999999999948e-02	1.403000000000000080e-02
1.404000000000000040e-02	1.404999999999999999e-02	1.405999999999999958e-02
1.406999999999999917e-02	1.408000000000000050e-02	1.409000000000000009e-02
1.409999999999999969e-02	1.410999999999999928e-02	1.412000000000000061e-02
1.413000000000000020e-02	1.413999999999999979e-02	1.414999999999999938e-02
1.416000000000000071e-02	1.417000000000000030e-02	1.417999999999999990e-02
1.418999999999999949e-02	1.420000000000000082e-02	1.421000000000000041e-02
1.422000000000000000e-02	1.422999999999999959e-02	1.423999999999999919e-02
1.425000000000000051e-02	1.426000000000000011e-02	1.426999999999999970e-02
1.427999999999999929e-02	1.429000000000000062e-02	1.430000000000000021e-02
1.430999999999999980e-02	1.431999999999999940e-02	1.433000000000000072e-02
1.434000000000000032e-02	1.434999999999999991e-02	1.435999999999999950e-02
1.437000000000000083e-02	1.438000000000000042e-02	1.439000000000000001e-02
1.439999999999999961e-02	1.440999999999999920e-02	1.442000000000000053e-02
1.443000000000000012e-02	1.443999999999999971e-02	1.444999999999999930e-02
1.446000000000000063e-02	1.447000000000000022e-02	1.447999999999999982e-02
1.448999999999999941e-02	1.450000000000000074e-02	1.451000000000000033e-02
1.451999999999999992e-02	1.452999999999999951e-02	1.454000000000000084e-02
1.455000000000000043e-02	1.456000000000000003e-02	1.456999999999999962e-02
1.457999999999999921e-02	1.459000000000000054e-02	1.460000000000000013e-02
1.460999999999999972e-02	1.461999999999999932e-02	1.463000000000000064e-02
1.464000000000000024e-02	1.464999999999999983e-02	1.465999999999999942e-02
1.467000000000000075e-02	1.468000000000000034e-02	1.468999999999999993e-02
1.469999999999999953e-02	1.471000000000000085e-02	1.472000000000000045e-02
1.473000000000000004e-02	1.473999999999999963e-02	1.474999999999999922e-02
1.476000000000000055e-02	1.477000000000000014e-02	1.477999999999999974e-02
1.478999999999999933e-02	1.480000000000000066e-02	1.481000000000000025e-02
1.481999999999999984e-02	1.482999999999999943e-02	1.484000000000000076e-02
1.485000000000000035e-02	1.485999999999999995e-02	1.486999999999999954e-02
1.488000000000000086e-02	1.489000000000000046e-02	1.490000000000000005e-02
1.490999999999999964e-02	1.491999999999999924e-02	1.493000000000000056e-02
1.494000000000000015e-02	1.494999999999999975e-02	1.495999999999999934e-02
1.497000000000000067e-02	1.498000000000000026e-02	1.498999999999999985e-02
1.499999999999999944e-02	1.501000000000000077e-02	1.502000000000000036e-02
1.502999999999999996e-02	1.503999999999999955e-02	1.504999999999999914e-02
1.506000000000000047e-02	1.507000000000000006e-02	1.507999999999999965e-02
1.508999999999999925e-02	1.510000000000000057e-02	1.511000000000000017e-02
1.511999999999999976e-02	1.512999999999999935e-02	1.514000000000000068e-02
1.515000000000000027e-02	1.515999999999999986e-02	1.516999999999999946e-02
1.518000000000000078e-02	1.519000000000000038e-02	-9.634026778371711230e-02
-9.634026778371711230e-02	-9.629143965871711508e-02	-9.648675215871710398e-02
-9.643792403371710675e-02	-9.663323653371710953e-02	-9.663323653371710953e-02
-9.682854903371711230e-02	-9.677972090871711508e-02	-9.697503340871710398e-02
-9.692620528371710675e-02	-9.712151778371710953e-02	-9.707268965871711230e-02
-9.726800215871711508e-02	-9.721917403371710398e-02	-9.741448653371710675e-02
-9.736565840871710953e-02	-9.756097090871711230e-02	-9.751214278371711508e-02
-9.765862715871710675e-02	-9.765862715871710675e-02	-9.780511153371711230e-02
-9.775628340871711508e-02	-9.790276778371710675e-02	-9.785393965871710953e-02
-9.804925215871711230e-02	-9.800042403371711508e-02	-9.814690840871710675e-02
-9.809808028371710953e-02	-9.824456465871711508e-02	-9.824456465871711508e-02
-9.839104903371710675e-02	-9.834222090871710953e-02	-9.848870528371711508e-02
-9.848870528371711508e-02	-9.858636153371710953e-02	-9.858636153371710953e-02
-9.868401778371710398e-02	-9.868401778371710398e-02	-9.878167403371711230e-02
-9.878167403371711230e-02	-9.887933028371710675e-02	-9.883050215871710953e-02
-9.892815840871710398e-02	-9.892815840871710398e-02	-9.902581465871711230e-02
-9.897698653371711508e-02	-9.907464278371710953e-02	-9.902581465871711230e-02
-9.912347090871710675e-02	-9.907464278371710953e-02	-9.912347090871710675e-02
-9.912347090871710675e-02	-9.917229903371710398e-02	-9.917229903371710398e-02
-9.922112715871711508e-02	-9.917229903371710398e-02	-9.922112715871711508e-02
-9.922112715871711508e-02	-9.926995528371711230e-02	-9.926995528371711230e-02
-9.931878340871710953e-02	-9.926995528371711230e-02	-9.931878340871710953e-02
-9.931878340871710953e-02	-9.931878340871710953e-02	-9.931878340871710953e-02
-9.936761153371710675e-02	-9.931878340871710953e-02	-9.936761153371710675e-02
-9.936761153371710675e-02	-9.936761153371710675e-02	-9.936761153371710675e-02
-9.941643965871710398e-02	-9.936761153371710675e-02	-9.941643965871710398e-02
-9.941643965871710398e-02	-9.941643965871710398e-02	-9.941643965871710398e-02
-9.941643965871710398e-02	-9.941643965871710398e-02	-9.941643965871710398e-02
-9.941643965871710398e-02	-9.946526778371711508e-02	-9.941643965871710398e-02
-9.946526778371711508e-02	-9.946526778371711508e-02	-9.946526778371711508e-02
-9.946526778371711508e-02	-9.946526778371711508e-02	-9.946526778371711508e-02
-9.946526778371711508e-02	-9.946526778371711508e-02	-9.946526778371711508e-02
-9.946526778371711508e-02	-9.951409590871711230e-02	-9.951409590871711230e-02
-9.951409590871711230e-02	-9.951409590871711230e-02	-9.951409590871711230e-02
-9.951409590871711230e-02	-9.951409590871711230e-02	-9.951409590871711230e-02
-9.951409590871711230e-02	-9.951409590871711230e-02	-9.951409590871711230e-02
-9.951409590871711230e-02	-9.951409590871711230e-02	-9.951409590871711230e-02
-9.951409590871711230e-02	-9.951409590871711230e-02	-9.951409590871711230e-02
-9.951409590871711230e-02	-9.951409590871711230e-02	-9.951409590871711230e-02
-9.951409590871711230e-02	-9.951409590871711230e-02	-9.951409590871711230e-02
-9.951409590871711230e-02	-9.956292403371710953e-02	-9.951409590871711230e-02
-9.956292403371710953e-02	-9.956292403371710953e-02	-9.956292403371710953e-02
-9.956292403371710953e-02	-9.956292403371710953e-02	-9.956292403371710953e-02
-9.956292403371710953e-02	-9.956292403371710953e-02	-9.956292403371710953e-02
-9.956292403371710953e-02	-9.956292403371710953e-02	-9.956292403371710953e-02
-9.956292403371710953e-02	-9.951409590871711230e-02	-9.956292403371710953e-02
-9.951409590871711230e-02	-9.951409590871711230e-02	-9.951409590871711230e-02
-9.951409590871711230e-02	-9.951409590871711230e-02	-9.951409590871711230e-02
-9.951409590871711230e-02	-9.951409590871711230e-02	-9.951409590871711230e-02
-9.951409590871711230e-02	-9.951409590871711230e-02	-9.951409590871711230e-02
-9.951409590871711230e-02	-9.951409590871711230e-02	-9.951409590871711230e-02
-9.951409590871711230e-02	-9.946526778371711508e-02	-9.951409590871711230e-02
-9.946526778371711508e-02	-9.946526778371711508e-02	-9.941643965871710398e-02
-9.946526778371711508e-02	-9.936761153371710675e-02	-9.941643965871710398e-02
-9.931878340871710953e-02	-9.936761153371710675e-02	-9.922112715871711508e-02
-9.931878340871710953e-02	-9.907464278371710953e-02	-9.922112715871711508e-02
-9.892815840871710398e-02	-9.907464278371710953e-02	-9.878167403371711230e-02
-9.892815840871710398e-02	-9.863518965871710675e-02	-9.878167403371711230e-02
-9.843987715871710398e-02	-9.863518965871710675e-02	-9.829339278371711230e-02
-9.843987715871710398e-02	-9.809808028371710953e-02	-9.829339278371711230e-02
-9.795159590871710398e-02	-9.809808028371710953e-02	-9.775628340871711508e-02
-9.795159590871710398e-02	-9.756097090871711230e-02	-9.775628340871711508e-02
-9.736565840871710953e-02	-9.756097090871711230e-02	-9.717034590871710675e-02
-9.736565840871710953e-02	-9.697503340871710398e-02	-9.721917403371710398e-02
-9.677972090871711508e-02	-9.702386153371711508e-02	-9.658440840871711230e-02
-9.682854903371711230e-02	-9.638909590871710953e-02	-9.663323653371710953e-02
-9.619378340871710675e-02	-9.638909590871710953e-02	-9.594964278371710675e-02
-9.619378340871710675e-02	-9.575433028371710398e-02	-9.599847090871710398e-02
-9.560784590871711230e-02	-9.585198653371711230e-02	-9.541253340871710953e-02
-9.565667403371710953e-02	-9.521722090871710675e-02	-9.546136153371710675e-02
-9.507073653371711508e-02	-9.531487715871711508e-02	-9.487542403371711230e-02
-9.511956465871711230e-02	-9.472893965871710675e-02	-9.497308028371710675e-02
-9.453362715871710398e-02	-9.482659590871711508e-02	-9.438714278371711230e-02
-9.463128340871711230e-02	-9.424065840871710675e-02	-9.448479903371710675e-02
-9.404534590871710398e-02	-9.428948653371710398e-02	-9.389886153371711230e-02
-9.414300215871711230e-02	-9.370354903371710953e-02	-9.399651778371710675e-02
-9.350823653371710675e-02	-9.380120528371710398e-02	-9.331292403371710398e-02
-9.360589278371711508e-02	-9.306878340871710398e-02	-9.341058028371711230e-02
-9.287347090871711508e-02	-9.321526778371710953e-02	-9.267815840871711230e-02
-9.297112715871710953e-02	-9.243401778371711230e-02	-9.277581465871710675e-02
-9.218987715871711230e-02	-9.253167403371710675e-02	-9.194573653371711230e-02
-9.228753340871710675e-02	-9.170159590871711230e-02	-9.204339278371710675e-02
-9.140862715871711508e-02	-9.175042403371710953e-02	-9.116448653371711508e-02
-9.150628340871710953e-02	-9.087151778371710398e-02	-9.126214278371710953e-02
-9.057854903371710675e-02	-9.096917403371711230e-02	-9.033440840871710675e-02
-9.067620528371711508e-02	-9.004143965871710953e-02	-9.043206465871711508e-02
-8.969964278371711508e-02	-9.013909590871710398e-02	-8.940667403371710398e-02
-8.984612715871710675e-02	-8.906487715871710953e-02	-8.950433028371711230e-02
-8.872308028371711508e-02	-8.916253340871710398e-02	-8.833245528371710953e-02
-8.877190840871711230e-02	-8.794183028371710398e-02	-8.843011153371710398e-02
-8.755120528371711230e-02	-8.799065840871711508e-02	-8.711175215871710953e-02
-8.760003340871710953e-02	-8.667229903371710675e-02	-8.716058028371710675e-02
-8.623284590871710398e-02	-8.672112715871710398e-02	-8.574456465871710398e-02
-8.628167403371711508e-02	-8.530511153371711508e-02	-8.579339278371711508e-02
-8.481683028371711508e-02	-8.535393965871711230e-02	-8.437737715871711230e-02
-8.486565840871711230e-02	-8.393792403371710953e-02	-8.442620528371710953e-02
-8.344964278371710953e-02	-8.398675215871710675e-02	-8.301018965871710675e-02
-8.354729903371710398e-02	-8.257073653371710398e-02	-8.305901778371710398e-02
-8.213128340871711508e-02	-8.266839278371711230e-02	-8.174065840871710953e-02
-8.222893965871710953e-02	-8.130120528371710675e-02	-8.178948653371710675e-02
-8.091058028371711508e-02	-8.139886153371711508e-02	-8.047112715871711230e-02
-8.095940840871711230e-02	-8.008050215871710675e-02	-8.056878340871710675e-02
-7.968987715871711508e-02	-8.017815840871711508e-02	-7.925042403371711230e-02
-7.973870528371711230e-02	-7.885979903371710675e-02	-7.934808028371710675e-02
-7.842034590871710398e-02	-7.890862715871710398e-02	-7.802972090871711230e-02
-7.851800215871711230e-02	-7.759026778371710953e-02	-7.807854903371710953e-02
-7.719964278371710398e-02	-7.763909590871710675e-02	-7.676018965871711508e-02
-7.724847090871711508e-02	-7.632073653371711230e-02	-7.680901778371711230e-02
-7.588128340871710953e-02	-7.636956465871710953e-02	-7.544183028371710675e-02
-7.597893965871710398e-02	-7.500237715871710398e-02	-7.553948653371711508e-02
-7.461175215871711230e-02	-7.510003340871711230e-02	-7.422112715871710675e-02
-7.466058028371710953e-02	-7.378167403371710398e-02	-7.426995528371710398e-02
-7.339104903371711230e-02	-7.387933028371711230e-02	-7.295159590871710953e-02
-7.343987715871710953e-02	-7.256097090871710398e-02	-7.304925215871710398e-02
-7.217034590871711230e-02	-7.265862715871711230e-02	-7.177972090871710675e-02
-7.226800215871710675e-02	-7.138909590871710120e-02	-7.182854903371710398e-02
-7.099847090871710953e-02	-7.143792403371711230e-02	-7.055901778371710675e-02
-7.104729903371710675e-02	-7.016839278371710120e-02	-7.065667403371710120e-02
-6.977776778371710953e-02	-7.026604903371710953e-02	-6.938714278371710398e-02
-6.982659590871710675e-02	-6.894768965871710120e-02	-6.943597090871710120e-02
-6.850823653371711230e-02	-6.899651778371711230e-02	-6.806878340871710953e-02
-6.860589278371710675e-02	-6.767815840871710398e-02	-6.816643965871710398e-02
-6.723870528371710120e-02	-6.772698653371710120e-02	-6.675042403371710120e-02
-6.728753340871711230e-02	-6.631097090871711230e-02	-6.684808028371710953e-02
-6.587151778371710953e-02	-6.640862715871710675e-02	-6.543206465871710675e-02
-6.592034590871710675e-02	-6.499261153371710398e-02	-6.548089278371710398e-02
-6.455315840871710120e-02	-6.504143965871710120e-02	-6.411370528371711230e-02
-6.460198653371711230e-02	-6.372308028371710675e-02	-6.421136153371710675e-02
-6.328362715871710398e-02	-6.377190840871710398e-02	-6.289300215871711230e-02
-6.333245528371710120e-02	-6.250237715871710675e-02	-6.294183028371710953e-02
-6.211175215871710814e-02	-6.255120528371710398e-02	-6.172112715871710953e-02
-6.216058028371710537e-02	-6.133050215871710398e-02	-6.181878340871710398e-02
-6.098870528371710953e-02	-6.142815840871710537e-02	-6.059808028371710398e-02
-6.108636153371710398e-02	-6.025628340871710953e-02	-6.069573653371710537e-02
-5.991448653371710814e-02	-6.035393965871710398e-02	-5.957268965871710675e-02
-6.001214278371710953e-02	-5.923089278371710537e-02	-5.967034590871710814e-02
-5.893792403371710814e-02	-5.937737715871710398e-02	-5.864495528371710398e-02
-5.908440840871710675e-02	-5.835198653371710675e-02	-5.879143965871710953e-02
-5.810784590871710675e-02	-5.849847090871710537e-02	-5.781487715871710953e-02
-5.820550215871710814e-02	-5.757073653371710953e-02	-5.796136153371710814e-02
-5.732659590871710953e-02	-5.771722090871710814e-02	-5.708245528371710953e-02
-5.747308028371710814e-02	-5.688714278371710675e-02	-5.727776778371710537e-02
-5.664300215871710675e-02	-5.703362715871710537e-02	-5.644768965871710398e-02
-5.683831465871710953e-02	-5.625237715871710814e-02	-5.659417403371710953e-02
-5.600823653371710814e-02	-5.639886153371710675e-02	-5.581292403371710537e-02
-5.620354903371710398e-02	-5.561761153371710953e-02	-5.595940840871710398e-02
-5.542229903371710675e-02	-5.581292403371710537e-02	-5.522698653371710398e-02
-5.556878340871710537e-02	-5.503167403371710814e-02	-5.537347090871710953e-02
-5.483636153371710537e-02	-5.517815840871710675e-02	-5.459222090871710537e-02
-5.498284590871710398e-02	-5.439690840871710953e-02	-5.478753340871710814e-02
-5.420159590871710675e-02	-5.459222090871710537e-02	-5.400628340871710398e-02
-5.439690840871710953e-02	-5.376214278371710398e-02	-5.415276778371710953e-02
-5.356683028371710814e-02	-5.395745528371710675e-02	-5.332268965871710814e-02
-5.371331465871710675e-02	-5.307854903371710814e-02	-5.346917403371710675e-02
-5.283440840871710814e-02	-5.322503340871710675e-02	-5.254143965871710398e-02
-5.298089278371710675e-02	-5.229729903371710398e-02	-5.268792403371710953e-02
-5.195550215871710953e-02	-5.239495528371710537e-02	-5.166253340871710537e-02
-5.205315840871710398e-02	-5.132073653371710398e-02	-5.176018965871710675e-02
-5.097893965871710953e-02	-5.141839278371710537e-02	-5.058831465871710398e-02
-5.107659590871710398e-02	-5.019768965871710537e-02	-5.063714278371710814e-02
-4.980706465871710675e-02	-5.029534590871710675e-02	-4.941643965871710814e-02
-4.985589278371710398e-02	-4.897698653371710537e-02	-4.946526778371710537e-02
-4.853753340871710953e-02	-4.902581465871710953e-02	-4.809808028371710675e-02
-4.858636153371710675e-02	-4.760979903371710675e-02	-4.814690840871710398e-02
-4.712151778371710675e-02	-4.765862715871710398e-02	-4.663323653371710675e-02
-4.717034590871710398e-02	-4.614495528371710675e-02	-4.668206465871710398e-02
-4.565667403371710675e-02	-4.619378340871710398e-02	-4.516839278371710675e-02
-4.570550215871710398e-02	-4.463128340871710953e-02	-4.521722090871710398e-02
-4.414300215871710953e-02	-4.468011153371710675e-02	-4.365472090871710953e-02
-4.419183028371710675e-02	-4.311761153371710537e-02	-4.365472090871710953e-02
-4.258050215871710814e-02	-4.316643965871710953e-02	-4.204339278371710398e-02
-4.262933028371710537e-02	-4.155511153371710398e-02	-4.209222090871710814e-02
-4.101800215871710675e-02	-4.160393965871710814e-02	-4.052972090871710675e-02
-4.106683028371710398e-02	-4.004143965871710675e-02	-4.057854903371710398e-02
-3.950433028371710953e-02	-4.004143965871710675e-02	-3.901604903371710953e-02
-3.955315840871710675e-02	-3.852776778371710953e-02	-3.906487715871710675e-02
-3.808831465871710675e-02	-3.857659590871710675e-02	-3.760003340871710675e-02
-3.813714278371710398e-02	-3.716058028371710398e-02	-3.769768965871710814e-02
-3.676995528371710537e-02	-3.720940840871710814e-02	-3.633050215871710259e-02
-3.681878340871710259e-02	-3.593987715871710398e-02	-3.642815840871710398e-02
-3.554925215871710537e-02	-3.603753340871710537e-02	-3.520745528371710398e-02
-3.564690840871710675e-02	-3.486565840871710259e-02	-3.530511153371710537e-02
-3.452386153371710814e-02	-3.496331465871710398e-02	-3.423089278371710398e-02
-3.462151778371710259e-02	-3.393792403371710675e-02	-3.432854903371710537e-02
-3.364495528371710259e-02	-3.403558028371710814e-02	-3.335198653371710537e-02
-3.374261153371710398e-02	-3.310784590871710537e-02	-3.349847090871710398e-02
-3.286370528371710537e-02	-3.325433028371710398e-02	-3.261956465871710537e-02
-3.301018965871710398e-02	-3.237542403371710537e-02	-3.276604903371710398e-02
-3.218011153371710259e-02	-3.252190840871710398e-02	-3.193597090871710259e-02
-3.232659590871710814e-02	-3.174065840871710675e-02	-3.208245528371710814e-02
-3.149651778371710675e-02	-3.188714278371710537e-02	-3.130120528371710398e-02
-3.169183028371710259e-02	-3.110589278371710467e-02	-3.144768965871710259e-02
-3.086175215871710467e-02	-3.125237715871710675e-02	-3.066643965871710537e-02
-3.100823653371710675e-02	-3.042229903371710537e-02	-3.081292403371710398e-02
-3.022698653371710606e-02	-3.056878340871710398e-02	-2.998284590871710606e-02
-3.037347090871710467e-02	-2.973870528371710606e-02	-3.012933028371710467e-02
-2.949456465871710606e-02	-2.988518965871710467e-02	-2.920159590871710537e-02
-2.959222090871710398e-02	-2.895745528371710537e-02	-2.934808028371710398e-02
-2.866448653371710467e-02	-2.910393965871710398e-02	-2.837151778371710398e-02
-2.881097090871710675e-02	-2.812737715871710398e-02	-2.851800215871710606e-02
-2.783440840871710675e-02	-2.822503340871710537e-02	-2.749261153371710537e-02
-2.793206465871710467e-02	-2.719964278371710467e-02	-2.759026778371710675e-02
-2.685784590871710675e-02	-2.729729903371710606e-02	-2.651604903371710537e-02
-2.695550215871710467e-02	-2.612542403371710675e-02	-2.661370528371710675e-02
-2.578362715871710537e-02	-2.622308028371710467e-02	-2.539300215871710675e-02
-2.583245528371710606e-02	-2.500237715871710467e-02	-2.549065840871710467e-02
-2.461175215871710606e-02	-2.505120528371710537e-02	-2.417229903371710675e-02
-2.466058028371710675e-02	-2.373284590871710398e-02	-2.422112715871710398e-02
-2.329339278371710467e-02	-2.378167403371710467e-02	-2.280511153371710467e-02
-2.334222090871710537e-02	-2.236565840871710537e-02	-2.285393965871710537e-02
-2.192620528371710606e-02	-2.241448653371710606e-02	-2.143792403371710606e-02
-2.197503340871710675e-02	-2.099847090871710675e-02	-2.148675215871710675e-02
-2.051018965871710675e-02	-2.104729903371710398e-02	-2.007073653371710398e-02
-2.055901778371710398e-02	-1.958245528371710398e-02	-2.011956465871710467e-02
-1.914300215871710467e-02	-1.963128340871710467e-02	-1.870354903371710537e-02
-1.919183028371710537e-02	-1.821526778371710537e-02	-1.875237715871710606e-02
-1.777581465871710606e-02	-1.826409590871710606e-02	-1.733636153371710328e-02
-1.782464278371710328e-02	-1.689690840871710398e-02	-1.738518965871710398e-02
-1.645745528371710467e-02	-1.694573653371710467e-02	-1.601800215871710537e-02
-1.650628340871710537e-02	-1.557854903371710432e-02	-1.606683028371710606e-02
-1.518792403371710398e-02	-1.562737715871710328e-02	-1.474847090871710467e-02
-1.523675215871710467e-02	-1.435784590871710432e-02	-1.484612715871710432e-02
-1.396722090871710398e-02	-1.440667403371710502e-02	-1.357659590871710537e-02
-1.406487715871710537e-02	-1.323479903371710398e-02	-1.367425215871710502e-02
-1.284417403371710537e-02	-1.333245528371710537e-02	-1.250237715871710398e-02
-1.294183028371710502e-02	-1.216058028371710606e-02	-1.260003340871710537e-02
-1.181878340871710641e-02	-1.225823653371710571e-02	-1.147698653371710675e-02
-1.191643965871710606e-02	-1.118401778371710606e-02	-1.157464278371710641e-02
-1.084222090871710641e-02	-1.123284590871710675e-02	-1.050042403371710675e-02
-1.093987715871710606e-02	-1.015862715871710537e-02	-1.059808028371710641e-02
-9.865658408717106406e-03	-1.025628340871710675e-02	-9.523861533717106753e-03
-9.914486533717105365e-03	-9.182064658717105365e-03	-9.621517783717106406e-03
-8.840267783717105712e-03	-9.279720908717105018e-03	-8.498470908717106059e-03
-8.937924033717105365e-03	-8.156674033717106406e-03	-8.596127158717105712e-03
-7.814877158717105018e-03	-8.205502158717105365e-03	-7.424252158717105539e-03
-7.863705283717105712e-03	-7.082455283717105886e-03	-7.521908408717106059e-03
-6.740658408717105365e-03	-7.180111533717105539e-03	-6.350033408717105886e-03
-6.838314658717105886e-03	-6.008236533717105365e-03	-6.447689658717105539e-03
-5.617611533717105886e-03	-6.105892783717105886e-03	-5.275814658717105365e-03
-5.764095908717105365e-03	-4.885189658717105886e-03	-5.373470908717105886e-03
-4.543392783717105365e-03	-4.982845908717105539e-03	-4.152767783717105886e-03
-4.641049033717105886e-03	-3.762142783717105539e-03	-4.250424033717105539e-03
-3.371517783717105626e-03	-3.859799033717105626e-03	-2.980892783717105712e-03
-3.469174033717105712e-03	-2.590267783717105365e-03	-3.029720908717105539e-03
-2.150814658717105626e-03	-2.639095908717105626e-03	-1.760189658717105496e-03
-2.199642783717105452e-03	-1.320736533717105539e-03	-1.809017783717105539e-03
-8.812834087171053654e-04	-1.369564658717105365e-03	-4.906584087171053437e-04
-9.789396587171054522e-04	-5.120528371710527868e-05	-5.394865337171052787e-04
3.882478412828947322e-04	-1.000334087171052814e-04	7.788728412828948081e-04
3.394197162828947430e-04	1.218325966282894765e-03	6.812165912828947213e-04
1.608950966282894678e-03	1.120669716282894678e-03	2.048404091282894635e-03
1.560122841282894635e-03	2.439029091282894982e-03	1.950747841282894765e-03
2.829654091282894895e-03	2.390200966282894721e-03	3.220279091282894808e-03
2.780825966282894635e-03	3.610904091282894721e-03	3.171450966282894982e-03
4.001529091282894635e-03	3.562075966282894895e-03	4.343325966282895155e-03
3.903872841282894982e-03	4.685122841282894808e-03	4.294497841282894461e-03
5.026919716282895328e-03	4.587466591282895155e-03	5.319888466282895155e-03
4.929263466282894808e-03	5.612857216282894982e-03	5.222232216282894635e-03
5.905825966282894808e-03	5.466372841282894635e-03	6.149966591282894808e-03
5.759341591282895328e-03	6.394107216282894808e-03	6.003482216282895328e-03
6.638247841282894808e-03	6.247622841282895328e-03	6.833560341282894982e-03
6.442935341282894635e-03	7.028872841282895155e-03	6.687075966282894635e-03
7.224185341282895328e-03	6.833560341282894982e-03	7.370669716282894808e-03
7.028872841282895155e-03	7.565982216282894982e-03	7.175357216282894635e-03
7.712466591282895328e-03	7.321841591282894982e-03	7.858950966282895675e-03
7.468325966282895328e-03	7.956607216282895328e-03	7.614810341282894808e-03
8.103091591282895675e-03	7.712466591282895328e-03	8.200747841282895328e-03
7.810122841282894982e-03	8.298404091282894982e-03	7.956607216282895328e-03
8.396060341282894635e-03	8.054263466282894982e-03	8.493716591282894288e-03
8.151919716282894635e-03	8.591372841282895675e-03	8.249575966282894288e-03
8.689029091282895328e-03	8.347232216282895675e-03	8.786685341282894982e-03
8.444888466282895328e-03	8.884341591282894635e-03	8.591372841282895675e-03
9.030825966282894982e-03	8.689029091282895328e-03	9.177310341282895328e-03
8.835513466282895675e-03	9.323794716282895675e-03	8.981997841282894288e-03
9.470279091282896022e-03	9.128482216282894635e-03	9.616763466282894635e-03
9.274966591282894982e-03	9.812075966282895675e-03	9.470279091282896022e-03
1.000738846628289498e-02	9.665591591282895328e-03	1.025152909128289498e-02
9.860904091282894635e-03	1.049566971628289498e-02	1.010504471628289463e-02
1.073981034128289498e-02	1.034918534128289463e-02	1.098395096628289498e-02
1.059332596628289463e-02	1.127691971628289568e-02	1.088629471628289533e-02
1.156988846628289463e-02	1.117926346628289602e-02	1.186285721628289533e-02
1.147223221628289498e-02	1.220465409128289498e-02	1.176520096628289568e-02
1.254645096628289637e-02	1.210699784128289533e-02	1.288824784128289602e-02
1.244879471628289498e-02	1.327887284128289637e-02	1.283941971628289706e-02
1.366949784128289672e-02	1.318121659128289672e-02	1.406012284128289706e-02
1.362066971628289602e-02	1.449957596628289637e-02	1.401129471628289637e-02
1.493902909128289741e-02	1.445074784128289741e-02	1.542731034128289741e-02
1.493902909128289741e-02	1.591559159128289741e-02	1.537848221628289672e-02
1.640387284128289741e-02	1.586676346628289672e-02	1.689215409128289741e-02
1.635504471628289672e-02	1.742926346628289810e-02	1.689215409128289741e-02
1.791754471628289810e-02	1.738043534128289741e-02	1.845465409128289533e-02
1.791754471628289810e-02	1.899176346628289602e-02	1.845465409128289533e-02
1.948004471628289602e-02	1.894293534128289880e-02	2.001715409128289672e-02
1.948004471628289602e-02	2.055426346628289741e-02	1.996832596628289602e-02
2.104254471628289741e-02	2.050543534128289672e-02	2.153082596628289741e-02
2.099371659128289672e-02	2.201910721628289741e-02	2.148199784128289672e-02
2.250738846628289741e-02	2.197027909128289672e-02	2.299566971628289741e-02
2.245856034128289672e-02	2.348395096628289741e-02	2.294684159128289672e-02
2.397223221628289741e-02	2.343512284128289672e-02	2.441168534128289672e-02
2.387457596628289602e-02	2.489996659128289672e-02	2.436285721628289602e-02
2.533941971628289602e-02	2.480231034128289880e-02	2.582770096628289602e-02
2.529059159128289880e-02	2.626715409128289880e-02	2.577887284128289880e-02
2.675543534128289880e-02	2.621832596628289810e-02	2.719488846628289810e-02
2.670660721628289810e-02	2.763434159128289741e-02	2.714606034128289741e-02
2.807379471628289672e-02	2.758551346628289672e-02	2.851324784128289602e-02
2.802496659128289602e-02	2.890387284128289810e-02	2.841559159128289810e-02
2.929449784128289672e-02	2.880621659128289672e-02	2.963629471628289810e-02
2.919684159128289880e-02	3.002691971628289672e-02	2.958746659128289741e-02
3.041754471628289880e-02	2.992926346628289880e-02	3.071051346628289602e-02
3.027106034128289672e-02	3.105231034128289741e-02	3.061285721628289810e-02
3.134527909128289463e-02	3.095465409128289602e-02	3.168707596628289602e-02
3.124762284128289672e-02	3.198004471628290019e-02	3.158941971628289463e-02
3.232184159128289463e-02	3.188238846628289880e-02	3.261481034128289880e-02
3.222418534128290019e-02	3.290777909128289602e-02	3.251715409128289741e-02
3.324957596628289741e-02	3.281012284128289463e-02	3.359137284128289880e-02
3.315191971628289602e-02	3.393316971628290019e-02	3.349371659128289741e-02
3.427496659128289463e-02	3.383551346628289880e-02	3.456793534128289880e-02
3.412848221628289602e-02	3.490973221628290019e-02	3.451910721628289463e-02
3.530035721628289880e-02	3.486090409128289602e-02	3.564215409128290019e-02
3.520270096628289741e-02	3.598395096628289463e-02	3.554449784128289880e-02
3.637457596628290019e-02	3.588629471628290019e-02	3.671637284128289463e-02
3.627691971628289880e-02	3.710699784128290019e-02	3.661871659128290019e-02
3.744879471628289463e-02	3.700934159128289880e-02	3.783941971628290019e-02
3.735113846628290019e-02	3.818121659128290157e-02	3.774176346628289880e-02
3.852301346628289602e-02	3.808356034128290019e-02	3.891363846628290157e-02
3.847418534128289880e-02	3.925543534128289602e-02	3.881598221628290019e-02
3.964606034128290157e-02	3.920660721628289880e-02	3.998785721628289602e-02
3.954840409128290019e-02	4.032965409128289741e-02	3.989020096628290157e-02
4.072027909128289602e-02	4.028082596628290019e-02	4.106207596628289741e-02
4.062262284128290157e-02	4.140387284128289880e-02	4.096441971628289602e-02
4.174566971628290019e-02	4.130621659128289741e-02	4.213629471628289880e-02
4.169684159128289602e-02	4.247809159128290019e-02	4.203863846628289741e-02
4.281988846628290157e-02	4.233160721628290157e-02	4.316168534128289602e-02
4.272223221628290019e-02	4.350348221628289741e-02	4.301520096628289741e-02
4.379645096628290157e-02	4.335699784128289880e-02	4.413824784128289602e-02
4.369879471628290019e-02	4.443121659128290019e-02	4.399176346628289741e-02
4.472418534128289741e-02	4.433356034128289880e-02	4.501715409128290157e-02
4.462652909128289602e-02	4.531012284128289880e-02	4.491949784128290019e-02
4.560309159128289602e-02	4.521246659128289741e-02	4.584723221628289602e-02
4.545660721628289741e-02	4.614020096628290019e-02	4.574957596628290157e-02
4.638434159128290019e-02	4.599371659128290157e-02	4.662848221628290019e-02
4.623785721628290157e-02	4.687262284128290019e-02	4.648199784128290157e-02
4.711676346628290019e-02	4.672613846628290157e-02	4.736090409128290019e-02
4.697027909128290157e-02	4.755621659128289602e-02	4.716559159128289741e-02
4.780035721628289602e-02	4.740973221628289741e-02	4.799566971628289880e-02
4.760504471628290019e-02	4.823981034128289880e-02	4.784918534128290019e-02
4.843512284128290157e-02	4.809332596628290019e-02	4.867926346628290157e-02
4.828863846628289602e-02	4.887457596628289741e-02	4.853277909128289602e-02
4.911871659128289741e-02	4.872809159128289880e-02	4.931402909128290019e-02
4.897223221628289880e-02	4.955816971628290019e-02	4.916754471628290157e-02
4.975348221628289602e-02	4.936285721628289741e-02	4.999762284128289602e-02
4.960699784128289741e-02	5.019293534128289880e-02	4.980231034128290019e-02
5.043707596628289880e-02	5.004645096628290019e-02	5.063238846628290157e-02
5.024176346628289602e-02	5.087652909128290157e-02	5.048590409128289602e-02
5.107184159128289741e-02	5.068121659128289880e-02	5.131598221628289741e-02
5.092535721628289880e-02	5.156012284128289741e-02	5.116949784128289880e-02
5.180426346628289741e-02	5.141363846628289880e-02	5.209723221628290157e-02
5.165777909128289880e-02	5.239020096628289880e-02	5.195074784128289602e-02
5.263434159128289880e-02	5.219488846628289602e-02	5.297613846628290019e-02
5.253668534128289741e-02	5.331793534128290157e-02	5.282965409128290157e-02
5.365973221628289602e-02	5.317145096628289602e-02	5.400152909128289741e-02
5.351324784128289741e-02	5.439215409128289602e-02	5.390387284128289602e-02
5.478277909128290157e-02	5.429449784128290157e-02	5.517340409128290019e-02
5.468512284128290019e-02	5.561285721628289602e-02	5.512457596628289602e-02
5.605231034128289880e-02	5.556402909128289880e-02	5.654059159128289880e-02
5.600348221628290157e-02	5.698004471628290157e-02	5.644293534128289741e-02
5.741949784128289741e-02	5.693121659128289741e-02	5.785895096628290019e-02
5.737066971628290019e-02	5.834723221628290019e-02	5.781012284128289602e-02
5.878668534128289602e-02	5.829840409128289602e-02	5.927496659128289602e-02
5.878668534128289602e-02	5.976324784128289602e-02	5.922613846628289880e-02
6.020270096628289880e-02	5.966559159128290157e-02	6.064215409128290157e-02
6.015387284128290157e-02	6.113043534128290157e-02	6.059332596628289741e-02
6.156988846628289741e-02	6.108160721628289741e-02	6.205816971628289741e-02
6.152106034128290019e-02	6.249762284128290019e-02	6.196051346628289602e-02
6.293707596628289602e-02	6.244879471628289602e-02	6.337652909128289880e-02
6.288824784128289880e-02	6.381598221628290157e-02	6.332770096628290157e-02
6.425543534128290435e-02	6.376715409128290435e-02	6.469488846628289325e-02
6.420660721628289325e-02	6.508551346628289880e-02	6.459723221628289880e-02
6.547613846628290435e-02	6.498785721628290435e-02	6.586676346628289602e-02
6.537848221628289602e-02	6.620856034128290435e-02	6.576910721628290157e-02
6.655035721628289880e-02	6.611090409128289602e-02	6.689215409128289325e-02
6.645270096628290435e-02	6.713629471628289325e-02	6.674566971628290157e-02
6.742926346628290435e-02	6.703863846628289880e-02	6.767340409128290435e-02
6.728277909128289880e-02	6.791754471628290435e-02	6.757574784128289602e-02
6.816168534128290435e-02	6.777106034128289880e-02	6.835699784128289325e-02
6.796637284128290157e-02	6.855231034128289602e-02	6.816168534128290435e-02
6.869879471628290157e-02	6.835699784128289325e-02	6.884527909128289325e-02
6.850348221628289880e-02	6.899176346628289880e-02	6.864996659128290435e-02
6.913824784128290435e-02	6.879645096628289602e-02	6.923590409128289880e-02
6.889410721628290435e-02	6.938238846628290435e-02	6.904059159128289602e-02
6.948004471628289880e-02	6.913824784128290435e-02	6.957770096628289325e-02
6.923590409128289880e-02	6.967535721628290157e-02	6.933356034128289325e-02
6.977301346628289602e-02	6.943121659128290157e-02	6.987066971628290435e-02
6.952887284128289602e-02	6.996832596628289880e-02	6.967535721628290157e-02
7.011481034128290435e-02	6.977301346628289602e-02	7.021246659128289880e-02
6.987066971628290435e-02	7.031012284128289325e-02	6.996832596628289880e-02
7.045660721628289880e-02	7.011481034128290435e-02	7.060309159128290435e-02
7.021246659128289880e-02	7.070074784128289880e-02	7.035895096628290435e-02
7.084723221628290435e-02	7.050543534128289602e-02	7.104254471628289325e-02
7.065191971628290157e-02	7.118902909128289880e-02	7.084723221628290435e-02
7.138434159128290157e-02	7.104254471628289325e-02	7.157965409128290435e-02
7.118902909128289880e-02	7.182379471628290435e-02	7.143316971628289880e-02
7.206793534128290435e-02	7.167731034128289880e-02	7.231207596628290435e-02
7.192145096628289880e-02	7.260504471628290157e-02	7.216559159128289880e-02
7.289801346628289880e-02	7.250738846628289325e-02	7.323981034128289325e-02
7.280035721628290435e-02	7.358160721628290157e-02	7.314215409128289880e-02
7.397223221628289325e-02	7.348395096628289325e-02	7.431402909128290157e-02
7.387457596628289880e-02	7.475348221628290435e-02	7.426520096628290435e-02
7.514410721628289602e-02	7.465582596628289602e-02	7.558356034128289880e-02
7.509527909128289880e-02	7.602301346628290157e-02	7.553473221628290157e-02
7.646246659128290435e-02	7.592535721628290712e-02	7.690191971628290712e-02
7.636481034128289602e-02	7.734137284128289602e-02	7.685309159128289602e-02
7.782965409128289602e-02	7.729254471628289880e-02	7.831793534128289602e-02
7.778082596628289880e-02	7.875738846628289880e-02	7.826910721628289880e-02
7.929449784128289602e-02	7.875738846628289880e-02	7.973395096628289880e-02
7.924566971628289880e-02	8.027106034128289602e-02	7.973395096628289880e-02
8.075934159128289602e-02	8.022223221628289880e-02	8.129645096628290712e-02
8.071051346628289880e-02	8.178473221628290712e-02	8.124762284128289602e-02
8.227301346628290712e-02	8.173590409128289602e-02	8.276129471628290712e-02
8.222418534128289602e-02	8.329840409128290435e-02	8.276129471628290712e-02
8.373785721628290712e-02	8.324957596628290712e-02	8.422613846628290712e-02
8.373785721628290712e-02	8.471441971628290712e-02	8.417731034128289602e-02
8.520270096628290712e-02	8.466559159128289602e-02	8.564215409128289602e-02
8.510504471628289880e-02	8.608160721628289880e-02	8.559332596628289880e-02
8.652106034128290157e-02	8.598395096628290435e-02	8.691168534128290712e-02
8.642340409128290712e-02	8.730231034128289880e-02	8.681402909128289880e-02
8.769293534128290435e-02	8.725348221628290157e-02	8.808356034128289602e-02
8.764410721628290712e-02	8.842535721628290435e-02	8.798590409128290157e-02
8.881598221628289602e-02	8.837652909128290712e-02	8.915777909128290435e-02
8.871832596628290157e-02	8.949957596628289880e-02	8.906012284128289602e-02
8.984137284128290712e-02	8.940191971628290435e-02	9.013434159128290435e-02
8.974371659128289880e-02	9.047613846628289880e-02	9.003668534128289602e-02
9.076910721628289602e-02	9.037848221628290435e-02	9.111090409128290435e-02
9.067145096628290157e-02	9.140387284128290157e-02	9.096441971628289880e-02
9.164801346628290157e-02	9.125738846628289602e-02	9.194098221628289880e-02
9.155035721628290712e-02	9.218512284128289880e-02	9.184332596628290435e-02
9.247809159128289602e-02	9.208746659128290435e-02	9.272223221628289602e-02
9.238043534128290157e-02	9.296637284128289602e-02	9.262457596628290157e-02
9.321051346628289602e-02	9.286871659128290157e-02	9.340582596628289880e-02
9.311285721628290157e-02	9.364996659128289880e-02	9.330816971628290435e-02
9.384527909128290157e-02	9.355231034128290435e-02	9.404059159128290435e-02
9.374762284128290712e-02	9.423590409128290712e-02	9.394293534128289602e-02
9.443121659128289602e-02	9.413824784128289880e-02	9.467535721628289602e-02
9.438238846628289880e-02	9.487066971628289880e-02	9.457770096628290157e-02
9.506598221628290157e-02	9.477301346628290435e-02	9.526129471628290435e-02
9.496832596628290712e-02	9.545660721628290712e-02	9.521246659128290712e-02
9.570074784128290712e-02	9.540777909128289602e-02	9.589606034128289602e-02
9.560309159128289880e-02	9.609137284128289880e-02	9.584723221628289880e-02
9.628668534128290157e-02	9.604254471628290157e-02	9.648199784128290435e-02
9.623785721628290435e-02	9.667731034128290712e-02	9.643316971628290712e-02
9.687262284128289602e-02	9.662848221628289602e-02	9.706793534128289880e-02
9.682379471628289880e-02	9.721441971628290435e-02	9.701910721628290157e-02
9.740973221628290712e-02	9.716559159128290712e-02	9.755621659128289880e-02
9.736090409128289602e-02	9.770270096628290435e-02	9.750738846628290157e-02
9.780035721628289880e-02	9.765387284128290712e-02	9.794684159128290435e-02
9.775152909128290157e-02	9.809332596628289602e-02	9.789801346628290712e-02
9.819098221628290435e-02	9.804449784128289880e-02	9.833746659128289602e-02
9.814215409128290712e-02	9.843512284128290435e-02	9.828863846628289880e-02
9.853277909128289880e-02	9.838629471628290712e-02	9.863043534128290712e-02
9.848395096628290157e-02	9.872809159128290157e-02	9.858160721628289602e-02
9.882574784128289602e-02	9.867926346628290435e-02	9.892340409128290435e-02
9.877691971628289880e-02	9.902106034128289880e-02	9.887457596628290712e-02
9.911871659128290712e-02	9.897223221628290157e-02	9.921637284128290157e-02
9.906988846628289602e-02	9.931402909128289602e-02	9.916754471628290435e-02
9.936285721628290712e-02	9.926520096628289880e-02	9.946051346628290157e-02
9.931402909128289602e-02	9.950934159128289880e-02	9.941168534128290435e-02
9.955816971628289602e-02	9.946051346628290157e-02	9.960699784128290712e-02
9.950934159128289880e-02	9.965582596628290435e-02	9.955816971628289602e-02
9.970465409128290157e-02	9.960699784128290712e-02	9.975348221628289880e-02
9.965582596628290435e-02	9.980231034128289602e-02	9.970465409128290157e-02
9.980231034128289602e-02	9.975348221628289880e-02	9.985113846628290712e-02
9.980231034128289602e-02	9.989996659128290435e-02	9.985113846628290712e-02
9.994879471628290157e-02	9.985113846628290712e-02	9.994879471628290157e-02
9.989996659128290435e-02	9.999762284128289880e-02	9.994879471628290157e-02
1.000464509662828960e-01	9.999762284128289880e-02	1.000464509662828960e-01
9.999762284128289880e-02	1.000952790912828932e-01	1.000464509662828960e-01
1.000952790912828932e-01	1.000952790912828932e-01	1.001441072162828905e-01
1.000952790912828932e-01	1.001441072162828905e-01	1.001441072162828905e-01
1.001441072162828905e-01	1.001441072162828905e-01	1.001929353412828877e-01
1.001441072162828905e-01	1.001929353412828877e-01	1.001929353412828877e-01
1.001929353412828877e-01	1.001929353412828877e-01	1.001929353412828877e-01
1.001929353412828877e-01	1.001929353412828877e-01	1.001929353412828877e-01
1.001929353412828877e-01	1.001929353412828877e-01	1.002417634662828849e-01
1.001929353412828877e-01	1.002417634662828849e-01	1.002417634662828849e-01
1.002417634662828849e-01	1.002417634662828849e-01	1.002417634662828849e-01
1.002417634662828849e-01	1.002417634662828849e-01	1.002417634662828849e-01
1.002417634662828849e-01	1.002417634662828849e-01	1.002417634662828849e-01
1.002417634662828849e-01	1.002417634662828849e-01	1.002417634662828849e-01
1.002417634662828849e-01	1.002417634662828849e-01	1.002417634662828849e-01
1.002417634662828849e-01	1.002905915912828960e-01	1.002417634662828849e-01
1.002905915912828960e-01	1.002905915912828960e-01	1.002905915912828960e-01
1.002905915912828960e-01	1.002905915912828960e-01	1.002905915912828960e-01
1.002905915912828960e-01	1.002905915912828960e-01	1.002905915912828960e-01
1.002905915912828960e-01	1.002905915912828960e-01	1.002905915912828960e-01
1.002905915912828960e-01	1.002905915912828960e-01	1.002905915912828960e-01
1.002905915912828960e-01	1.002905915912828960e-01	1.002905915912828960e-01
1.002905915912828960e-01	1.002905915912828960e-01	1.002905915912828960e-01
1.002905915912828960e-01	1.002905915912828960e-01	1.002417634662828849e-01
1.002905915912828960e-01	1.002417634662828849e-01	1.002417634662828849e-01
1.002417634662828849e-01	1.002417634662828849e-01	1.002417634662828849e-01
1.002417634662828849e-01	1.002417634662828849e-01	1.002417634662828849e-01
1.002417634662828849e-01	1.002417634662828849e-01	1.002417634662828849e-01
1.002417634662828849e-01	1.002417634662828849e-01	1.002417634662828849e-01
1.001929353412828877e-01	1.001929353412828877e-01	1.001929353412828877e-01
1.001929353412828877e-01	1.001441072162828905e-01	1.001441072162828905e-01
1.000952790912828932e-01	1.000952790912828932e-01	1.000464509662828960e-01
1.000464509662828960e-01	9.989996659128290435e-02	9.989996659128290435e-02
9.975348221628289880e-02	-1.223020854749177655e+00	-1.223020854749177655e+00
-1.219358745374177655e+00	-1.226682964124177655e+00	-1.223020854749177655e+00
-1.230345073499177655e+00	-1.226682964124177655e+00	-1.234007182874177655e+00
-1.230345073499177655e+00	-1.237669292249177655e+00	-1.234007182874177655e+00
-1.241331401624177655e+00	-1.237669292249177655e+00	-1.244993510999177655e+00
-1.241331401624177655e+00	-1.248655620374177655e+00	-1.244993510999177655e+00
-1.252317729749177655e+00	-1.248655620374177655e+00	-1.255979839124177655e+00
-1.252317729749177655e+00	-1.259641948499177655e+00	-1.255979839124177655e+00
-1.263304057874177655e+00	-1.259641948499177655e+00	-1.266966167249177655e+00
-1.263304057874177655e+00	-1.270628276624177655e+00	-1.266966167249177655e+00
-1.274290385999177655e+00	-1.270628276624177655e+00	-1.277952495374177655e+00
-1.274290385999177655e+00	-1.281614604749177655e+00	-1.277952495374177655e+00
-1.285276714124177655e+00	-1.281614604749177655e+00	-1.288938823499177655e+00
-1.285276714124177655e+00	-1.292600932874177655e+00	-1.288938823499177655e+00
-1.296263042249177655e+00	-1.292600932874177655e+00	-1.299925151624177655e+00
-1.296263042249177655e+00	-1.303587260999177655e+00	-1.299925151624177655e+00
-1.307249370374177655e+00	-1.303587260999177655e+00	-1.310911479749177655e+00
-1.307249370374177655e+00	-1.314573589124177655e+00	-1.310911479749177655e+00
-1.318235698499177655e+00	-1.314573589124177655e+00	-1.321897807874177655e+00
-1.318235698499177655e+00	-1.325559917249177655e+00	-1.321897807874177655e+00
-1.329222026624177655e+00	-1.325559917249177655e+00	-1.332884135999177655e+00
-1.329222026624177655e+00	-1.336546245374177655e+00	-1.332884135999177655e+00
-1.340208354749177655e+00	-1.336546245374177655e+00	-1.343870464124177655e+00
-1.340208354749177655e+00	-1.347532573499177655e+00	-1.343870464124177655e+00
-1.351194682874177655e+00	-1.347532573499177655e+00	-1.354856792249177655e+00
-1.351194682874177655e+00	-1.358518901624177655e+00	-1.354856792249177655e+00
-1.362181010999177655e+00	-1.358518901624177655e+00	-1.365843120374177655e+00
-1.362181010999177655e+00	-1.369505229749177655e+00	-1.365843120374177655e+00
-1.373167339124177655e+00	-1.369505229749177655e+00	-1.376829448499177655e+00
-1.373167339124177655e+00	-1.380491557874177655e+00	-1.376829448499177655e+00
-1.384153667249177655e+00	-1.380491557874177655e+00	-1.387815776624177655e+00
-1.384153667249177655e+00	-1.391477885999177655e+00	-1.387815776624177655e+00
-1.395139995374177655e+00	-1.390257182874177655e+00	-1.398802104749177655e+00
-1.393919292249177655e+00	-1.401243510999177655e+00	-1.391477885999177655e+00
-1.398802104749177655e+00	-1.386595073499177655e+00	-1.393919292249177655e+00
-1.382932964124177655e+00	-1.390257182874177655e+00	-1.378050151624177655e+00
-1.385374370374177655e+00	-1.373167339124177655e+00	-1.380491557874177655e+00
-1.369505229749177655e+00	-1.376829448499177655e+00	-1.364622417249177655e+00
-1.371946635999177655e+00	-1.359739604749177655e+00	-1.368284526624177655e+00
-1.356077495374177655e+00	-1.363401714124177655e+00	-1.351194682874177655e+00
-1.358518901624177655e+00	-1.347532573499177655e+00	-1.354856792249177655e+00
-1.342649760999177655e+00	-1.349973979749177655e+00	-1.338987651624177655e+00
-1.346311870374177655e+00	-1.334104839124177655e+00	-1.341429057874177655e+00
-1.329222026624177655e+00	-1.337766948499177655e+00	-1.325559917249177655e+00
-1.332884135999177655e+00	-1.320677104749177655e+00	-1.328001323499177655e+00
-1.317014995374177655e+00	-1.324339214124177655e+00	-1.312132182874177655e+00
-1.319456401624177655e+00	-1.307249370374177655e+00	-1.315794292249177655e+00
-1.303587260999177655e+00	-1.310911479749177655e+00	-1.298704448499177655e+00
-1.306028667249177655e+00	-1.295042339124177655e+00	-1.302366557874177655e+00
-1.290159526624177655e+00	-1.297483745374177655e+00	-1.285276714124177655e+00
-1.292600932874177655e+00	-1.281614604749177655e+00	-1.288938823499177655e+00
-1.276731792249177655e+00	-1.284056010999177655e+00	-1.273069682874177655e+00
-1.280393901624177655e+00	-1.268186870374177655e+00	-1.275511089124177655e+00
-1.263304057874177655e+00	-1.271848979749177655e+00	-1.259641948499177655e+00
-1.266966167249177655e+00	-1.254759135999177655e+00	-1.262083354749177655e+00
-1.251097026624177655e+00	-1.258421245374177655e+00	-1.246214214124177655e+00
-1.253538432874177655e+00	-1.241331401624177655e+00	-1.249876323499177655e+00
-1.237669292249177655e+00	-1.244993510999177655e+00	-1.232786479749177655e+00
-1.240110698499177655e+00	-1.227903667249177655e+00	-1.236448589124177655e+00
-1.224241557874177655e+00	-1.231565776624177655e+00	-1.219358745374177655e+00
-1.227903667249177655e+00	-1.215696635999177655e+00	-1.223020854749177655e+00
-1.210813823499177655e+00	-1.218138042249177655e+00	-1.205931010999177655e+00
-1.214475932874177655e+00	-1.202268901624177655e+00	-1.209593120374177655e+00
-1.197386089124177655e+00	-1.204710307874177655e+00	-1.192503276624177655e+00
-1.201048198499177655e+00	-1.188841167249177655e+00	-1.196165385999177655e+00
-1.183958354749177655e+00	-1.192503276624177655e+00	-1.180296245374177655e+00
-1.187620464124177655e+00	-1.175413432874177655e+00	-1.182737651624177655e+00
-1.170530620374177655e+00	-1.179075542249177655e+00	-1.166868510999177655e+00
-1.174192729749177655e+00	-1.161985698499177655e+00	-1.169309917249177655e+00
-1.157102885999177655e+00	-1.165647807874177655e+00	-1.153440776624177655e+00
-1.160764995374177655e+00	-1.148557964124177655e+00	-1.157102885999177655e+00
-1.144895854749177655e+00	-1.152220073499177655e+00	-1.140013042249177655e+00
-1.147337260999177655e+00	-1.136350932874177655e+00	-1.143675151624177655e+00
-1.131468120374177655e+00	-1.138792339124177655e+00	-1.126585307874177655e+00
-1.135130229749177655e+00	-1.122923198499177655e+00	-1.130247417249177655e+00
-1.118040385999177655e+00	-1.125364604749177655e+00	-1.114378276624177655e+00
-1.121702495374177655e+00	-1.109495464124177655e+00	-1.116819682874177655e+00
-1.105833354749177655e+00	-1.111936870374177655e+00	-1.100950542249177655e+00
-1.108274760999177655e+00	-1.096067729749177655e+00	-1.104612651624177655e+00
-1.092405620374177655e+00	-1.099729839124177655e+00	-1.087522807874177655e+00
-1.094847026624177655e+00	-1.082639995374177655e+00	-1.091184917249177655e+00
-1.078977885999177655e+00	-1.086302104749177655e+00	-1.074095073499177655e+00
-1.081419292249177655e+00	-1.070432964124177655e+00	-1.077757182874177655e+00
-1.065550151624177655e+00	-1.072874370374177655e+00	-1.061888042249177655e+00
-1.067991557874177655e+00	-1.057005229749177655e+00	-1.064329448499177655e+00
-1.052122417249177655e+00	-1.059446635999177655e+00	-1.048460307874177655e+00
-1.055784526624177655e+00	-1.043577495374177655e+00	-1.050901714124177655e+00
-1.039915385999177655e+00	-1.047239604749177655e+00	-1.035032573499177655e+00
-1.042356792249177655e+00	-1.031370464124177655e+00	-1.038694682874177655e+00
-1.026487651624177655e+00	-1.033811870374177655e+00	-1.022825542249177655e+00
-1.030149760999177655e+00	-1.017942729749177655e+00	-1.025266948499177655e+00
-1.013059917249177655e+00	-1.020384135999177655e+00	-1.008177104749177655e+00
-1.016722026624177655e+00	-1.004514995374177655e+00	-1.011839214124177655e+00
-9.996321828741776550e-01	-1.008177104749177655e+00	-9.959700734991776550e-01
-1.003294292249177655e+00	-9.910872609991776550e-01	-9.984114797491776550e-01
-9.862044484991776550e-01	-9.947493703741776550e-01	-9.825423391241776550e-01
-9.898665578741776550e-01	-9.776595266241776550e-01	-9.862044484991776550e-01
-9.739974172491776550e-01	-9.813216359991776550e-01	-9.691146047491776550e-01
-9.764388234991776550e-01	-9.654524953741776550e-01	-9.727767141241776550e-01
-9.605696828741776550e-01	-9.678939016241776550e-01	-9.556868703741776550e-01
-9.642317922491776550e-01	-9.520247609991776550e-01	-9.593489797491776550e-01
-9.471419484991776550e-01	-9.544661672491776550e-01	-9.434798391241776550e-01
-9.508040578741776550e-01	-9.385970266241776550e-01	-9.459212453741776550e-01
-9.337142141241776550e-01	-9.410384328741776550e-01	-9.300521047491776550e-01
-9.373763234991776550e-01	-9.251692922491776550e-01	-9.324935109991776550e-01
-9.215071828741776550e-01	-9.288314016241776550e-01	-9.166243703741776550e-01
-9.239485891241776550e-01	-9.117415578741776550e-01	-9.190657766241776550e-01
-9.080794484991776550e-01	-9.154036672491776550e-01	-9.031966359991776550e-01
-9.105208547491776550e-01	-8.995345266241776550e-01	-9.068587453741776550e-01
-8.946517141241776550e-01	-9.019759328741776550e-01	-8.897689016241776550e-01
-8.983138234991776550e-01	-8.861067922491776550e-01	-8.934310109991776550e-01
-8.812239797491776550e-01	-8.885481984991776550e-01	-8.775618703741776550e-01
-8.848860891241776550e-01	-8.726790578741776550e-01	-8.800032766241776550e-01
-8.690169484991776550e-01	-8.763411672491776550e-01	-8.641341359991776550e-01
-8.714583547491776550e-01	-8.592513234991776550e-01	-8.677962453741776550e-01
-8.555892141241776550e-01	-8.629134328741776550e-01	-8.507064016241776550e-01
-8.592513234991776550e-01	-8.470442922491776550e-01	-8.543685109991776550e-01
-8.421614797491776550e-01	-8.494856984991776550e-01	-8.372786672491776550e-01
-8.458235891241776550e-01	-8.336165578741776550e-01	-8.409407766241776550e-01
-8.287337453741776550e-01	-8.360579641241776550e-01	-8.250716359991776550e-01
-8.323958547491776550e-01	-8.201888234991776550e-01	-8.275130422491776550e-01
-8.165267141241776550e-01	-8.238509328741776550e-01	-8.116439016241776550e-01
-8.189681203741776550e-01	-8.067610891241776550e-01	-8.140853078741776550e-01
-8.030989797491776550e-01	-8.104231984991776550e-01	-7.982161672491776550e-01
-8.055403859991776550e-01	-7.945540578741776550e-01	-8.006575734991776550e-01
-7.896712453741776550e-01	-7.969954641241776550e-01	-7.847884328741776550e-01
-7.921126516241776550e-01	-7.811263234991776550e-01	-7.884505422491776550e-01
-7.762435109991776550e-01	-7.835677297491776550e-01	-7.725814016241776550e-01
-7.799056203741776550e-01	-7.676985891241776550e-01	-7.750228078741776550e-01
-7.640364797491776550e-01	-7.701399953741776550e-01	-7.591536672491776550e-01
-7.664778859991776550e-01	-7.542708547491776550e-01	-7.615950734991776550e-01
-7.506087453741776550e-01	-7.579329641241776550e-01	-7.457259328741776550e-01
-7.530501516241776550e-01	-7.420638234991776550e-01	-7.493880422491776550e-01
-7.371810109991776550e-01	-7.445052297491776550e-01	-7.335189016241776550e-01
-7.396224172491776550e-01	-7.286360891241776550e-01	-7.359603078741776550e-01
-7.237532766241776550e-01	-7.310774953741776550e-01	-7.200911672491776550e-01
-7.274153859991776550e-01	-7.152083547491776550e-01	-7.225325734991776550e-01
-7.103255422491776550e-01	-7.188704641241776550e-01	-7.066634328741776550e-01
-7.139876516241776550e-01	-7.017806203741776550e-01	-7.091048391241776550e-01
-6.981185109991776550e-01	-7.054427297491776550e-01	-6.932356984991776550e-01
-7.005599172491776550e-01	-6.895735891241776550e-01	-6.968978078741776550e-01
-6.846907766241776550e-01	-6.920149953741776550e-01	-6.810286672491776550e-01
-6.883528859991776550e-01	-6.761458547491776550e-01	-6.834700734991776550e-01
-6.712630422491776550e-01	-6.785872609991776550e-01	-6.676009328741776550e-01
-6.749251516241776550e-01	-6.627181203741776550e-01	-6.700423391241776550e-01
-6.590560109991776550e-01	-6.663802297491776550e-01	-6.541731984991776550e-01
-6.614974172491776550e-01	-6.505110891241776550e-01	-6.566146047491776550e-01
-6.456282766241776550e-01	-6.529524953741776550e-01	-6.419661672491776550e-01
-6.480696828741776550e-01	-6.370833547491776550e-01	-6.444075734991776550e-01
-6.322005422491776550e-01	-6.395247609991776550e-01	-6.285384328741776550e-01
-6.358626516241776550e-01	-6.236556203741776550e-01	-6.309798391241776550e-01
-6.199935109991776550e-01	-6.273177297491776550e-01	-6.151106984991776550e-01
-6.224349172491776550e-01	-6.114485891241776550e-01	-6.187728078741776550e-01
-6.065657766241776550e-01	-6.138899953741776550e-01	-6.029036672491776550e-01
-6.102278859991776550e-01	-5.980208547491776550e-01	-6.053450734991776550e-01
-5.943587453741776550e-01	-6.004622609991776550e-01	-5.894759328741776550e-01
-5.968001516241776550e-01	-5.845931203741776550e-01	-5.919173391241776550e-01
-5.809310109991776550e-01	-5.882552297491776550e-01	-5.760481984991776550e-01
-5.833724172491776550e-01	-5.723860891241776550e-01	-5.797103078741776550e-01
-5.675032766241776550e-01	-5.748274953741776550e-01	-5.638411672491776550e-01
-5.711653859991776550e-01	-5.589583547491776550e-01	-5.662825734991776550e-01
-5.552962453741776550e-01	-5.626204641241776550e-01	-5.504134328741776550e-01
-5.577376516241776550e-01	-5.467513234991776550e-01	-5.540755422491776550e-01
-5.418685109991776550e-01	-5.491927297491776550e-01	-5.369856984991776550e-01
-5.443099172491776550e-01	-5.333235891241776550e-01	-5.406478078741776550e-01
-5.284407766241776550e-01	-5.357649953741776550e-01	-5.247786672491776550e-01
-5.321028859991776550e-01	-5.198958547491776550e-01	-5.272200734991776550e-01
-5.162337453741776550e-01	-5.235579641241776550e-01	-5.113509328741776550e-01
-5.186751516241776550e-01	-5.076888234991776550e-01	-5.150130422491776550e-01
-5.028060109991776550e-01	-5.101302297491776550e-01	-4.991439016241776550e-01
-5.064681203741776550e-01	-4.942610891241776550e-01	-5.015853078741776550e-01
-4.893782766241776550e-01	-4.979231984991776550e-01	-4.857161672491776550e-01
-4.930403859991776550e-01	-4.820540578741776550e-01	-4.881575734991776550e-01
-4.771712453741776550e-01	-4.844954641241776550e-01	-4.735091359991776550e-01
-4.796126516241776550e-01	-4.686263234991776550e-01	-4.759505422491776550e-01
-4.637435109991776550e-01	-4.710677297491776550e-01	-4.600814016241776550e-01
-4.674056203741776550e-01	-4.551985891241776550e-01	-4.625228078741776550e-01
-4.515364797491776550e-01	-4.588606984991776550e-01	-4.478743703741776550e-01
-4.539778859991776550e-01	-4.429915578741776550e-01	-4.503157766241776550e-01
-4.381087453741776550e-01	-4.454329641241776550e-01	-4.344466359991776550e-01
-4.417708547491776550e-01	-4.295638234991776550e-01	-4.368880422491776550e-01
-4.259017141241776550e-01	-4.332259328741776550e-01	-4.210189016241776550e-01
-4.283431203741776550e-01	-4.173567922491776550e-01	-4.246810109991776550e-01
-4.136946828741776550e-01	-4.210189016241776550e-01	-4.088118703741776550e-01
-4.161360891241776550e-01	-4.051497609991776550e-01	-4.124739797491776550e-01
-4.002669484991776550e-01	-4.075911672491776550e-01	-3.966048391241776550e-01
-4.039290578741776550e-01	-3.917220266241776550e-01	-3.990462453741776550e-01
-3.880599172491776550e-01	-3.953841359991776550e-01	-3.831771047491776550e-01
-3.905013234991776550e-01	-3.795149953741776550e-01	-3.868392141241776550e-01
-3.746321828741776550e-01	-3.819564016241776550e-01	-3.709700734991776550e-01
-3.782942922491776550e-01	-3.660872609991776550e-01	-3.734114797491776550e-01
-3.624251516241776550e-01	-3.697493703741776550e-01	-3.575423391241776550e-01
-3.648665578741776550e-01	-3.538802297491776550e-01	-3.612044484991776550e-01
-3.489974172491776550e-01	-3.563216359991776550e-01	-3.453353078741776550e-01
-3.526595266241776550e-01	-3.404524953741776550e-01	-3.477767141241776550e-01
-3.367903859991776550e-01	-3.441146047491776550e-01	-3.319075734991776550e-01
-3.392317922491776550e-01	-3.282454641241776550e-01	-3.355696828741776550e-01
-3.233626516241776550e-01	-3.306868703741776550e-01	-3.197005422491776550e-01
-3.270247609991776550e-01	-3.148177297491776550e-01	-3.221419484991776550e-01
-3.111556203741776550e-01	-3.184798391241776550e-01	-3.062728078741776550e-01
-3.135970266241776550e-01	-3.026106984991776550e-01	-3.099349172491776550e-01
-2.977278859991776550e-01	-3.050521047491776550e-01	-2.940657766241776550e-01
-3.013899953741776550e-01	-2.891829641241776550e-01	-2.965071828741776550e-01
-2.855208547491776550e-01	-2.928450734991776550e-01	-2.806380422491776550e-01
-2.879622609991776550e-01	-2.769759328741776550e-01	-2.843001516241776550e-01
-2.720931203741776550e-01	-2.794173391241776550e-01	-2.684310109991776550e-01
-2.757552297491776550e-01	-2.647689016241776550e-01	-2.720931203741776550e-01
-2.598860891241776550e-01	-2.672103078741776550e-01	-2.562239797491776550e-01
-2.623274953741776550e-01	-2.513411672491776550e-01	-2.586653859991776550e-01
-2.476790578741776272e-01	-2.550032766241776550e-01	-2.427962453741776272e-01
-2.501204641241776550e-01	-2.391341359991776272e-01	-2.464583547491776272e-01
-2.342513234991776272e-01	-2.427962453741776272e-01	-2.305892141241776272e-01
-2.379134328741776272e-01	-2.269271047491776272e-01	-2.342513234991776272e-01
-2.220442922491776272e-01	-2.293685109991776272e-01	-2.183821828741776272e-01
-2.257064016241776272e-01	-2.134993703741776272e-01	-2.208235891241776272e-01
-2.098372609991776272e-01	-2.171614797491776272e-01	-2.049544484991776272e-01
-2.122786672491776272e-01	-2.012923391241776272e-01	-2.086165578741776272e-01
-1.964095266241776272e-01	-2.037337453741776272e-01	-1.927474172491776272e-01
-2.000716359991776272e-01	-1.878646047491776272e-01	-1.951888234991776272e-01
-1.842024953741776272e-01	-1.915267141241776272e-01	-1.805403859991776272e-01
-1.878646047491776272e-01	-1.756575734991776272e-01	-1.829817922491776272e-01
-1.719954641241776272e-01	-1.793196828741776272e-01	-1.671126516241776272e-01
-1.744368703741776272e-01	-1.634505422491776272e-01	-1.707747609991776272e-01
-1.597884328741776272e-01	-1.658919484991776272e-01	-1.549056203741776272e-01
-1.622298391241776272e-01	-1.512435109991776272e-01	-1.573470266241776272e-01
-1.463606984991776272e-01	-1.536849172491776272e-01	-1.426985891241776272e-01
-1.500228078741776272e-01	-1.378157766241776272e-01	-1.451399953741776272e-01
-1.341536672491776272e-01	-1.414778859991776272e-01	-1.304915578741776272e-01
-1.365950734991776272e-01	-1.256087453741776272e-01	-1.329329641241776272e-01
-1.219466359991776272e-01	-1.292708547491776272e-01	-1.170638234991776272e-01
-1.243880422491776272e-01	-1.134017141241776272e-01	-1.207259328741776272e-01
-1.085189016241776272e-01	-1.158431203741776272e-01	-1.048567922491776272e-01
-1.121810109991776272e-01	-1.011946828741776272e-01	-1.085189016241776272e-01
-9.631187037417762720e-02	-1.036360891241776272e-01	-9.264976099917762720e-02
-9.997397974917762720e-02	-8.776694849917762720e-02	-9.509116724917762720e-02
-8.410483912417762720e-02	-9.142905787417762720e-02	-8.044272974917762720e-02
-8.776694849917762720e-02	-7.555991724917762720e-02	-8.288413599917762720e-02
-7.189780787417762720e-02	-7.922202662417762720e-02	-6.701499537417762720e-02
-7.433921412417762720e-02	-6.335288599917762720e-02	-7.067710474917762720e-02
-5.969077662417762720e-02	-6.701499537417762720e-02	-5.480796412417762720e-02
-6.213218287417762720e-02	-5.114585474917762720e-02	-5.847007349917762720e-02
-4.626304224917762720e-02	-5.358726099917762720e-02	-4.260093287417762720e-02
-4.992515162417762720e-02	-3.893882349917762720e-02	-4.504233912417762720e-02
-3.405601099917762720e-02	-4.138022974917762720e-02	-3.039390162417762720e-02
-3.771812037417762720e-02	-2.551108912417762720e-02	-3.283530787417762720e-02
-2.184897974917762720e-02	-2.917319849917762720e-02	-1.818687037417762720e-02
-2.429038599917762720e-02	-1.330405787417762720e-02	-2.062827662417762720e-02
-9.641948499177627196e-03	-1.696616724917762720e-02	-4.759135999177627196e-03
-1.208335474917762720e-02	-1.097026624177627196e-03	-8.421245374177627196e-03
2.565082750822372804e-03	-3.538432874177627196e-03	7.447895250822372804e-03
1.236765008223728035e-04	1.111000462582237280e-02	5.006489000822372804e-03
1.599281712582237280e-02	8.668598375822372804e-03	1.965492650082237280e-02
1.233070775082237280e-02	2.453773900082237280e-02	1.721352025082237280e-02
2.819984837582237280e-02	2.087562962582237280e-02	3.186195775082237280e-02
2.453773900082237280e-02	3.674477025082237280e-02	2.942055150082237280e-02
4.040687962582237280e-02	3.308266087582237280e-02	4.406898900082237280e-02
3.674477025082237280e-02	4.895180150082237280e-02	4.162758275082237280e-02
5.261391087582237280e-02	4.528969212582237280e-02	5.749672337582237280e-02
5.017250462582237280e-02	6.115883275082237280e-02	5.383461400082237280e-02
6.482094212582237280e-02	5.749672337582237280e-02	6.848305150082237280e-02
6.115883275082237280e-02	7.336586400082237280e-02	6.604164525082237280e-02
7.702797337582237280e-02	6.970375462582237280e-02	8.069008275082237280e-02
7.458656712582237280e-02	8.557289525082237280e-02	7.824867650082237280e-02
8.923500462582237280e-02	8.191078587582237280e-02	9.411781712582237280e-02
8.679359837582237280e-02	9.777992650082237280e-02	9.045570775082237280e-02
1.014420358758223728e-01	9.411781712582237280e-02	1.063248483758223728e-01
9.900062962582237280e-02	1.099869577508223728e-01	1.026627390008223728e-01
1.136490671258223728e-01	1.063248483758223728e-01	1.173111765008223728e-01
1.099869577508223728e-01	1.221939890008223728e-01	1.148697702508223728e-01
1.258560983758223728e-01	1.185318796258223728e-01	1.307389108758223728e-01
1.234146921258223728e-01	1.344010202508223728e-01	1.270768015008223728e-01
1.380631296258223728e-01	1.307389108758223728e-01	1.429459421258223728e-01
1.356217233758223728e-01	1.466080515008223728e-01	1.392838327508223728e-01
1.502701608758223728e-01	1.429459421258223728e-01	1.539322702508223728e-01
1.478287546258223728e-01	1.588150827508223728e-01	1.514908640008223728e-01
1.624771921258223728e-01	1.551529733758223728e-01	1.661393015008223728e-01
1.600357858758223728e-01	1.710221140008223728e-01	1.636978952508223728e-01
1.746842233758223728e-01	1.673600046258223728e-01	1.795670358758223728e-01
1.722428171258223728e-01	1.832291452508223728e-01	1.759049265008223728e-01
1.868912546258223728e-01	1.795670358758223728e-01	1.917740671258223728e-01
1.844498483758223728e-01	1.954361765008223728e-01	1.881119577508223728e-01
1.990982858758223728e-01	1.929947702508223728e-01	2.039810983758223728e-01
1.966568796258223728e-01	2.076432077508223728e-01	2.003189890008223728e-01
2.113053171258223728e-01	2.039810983758223728e-01	2.161881296258223728e-01
2.088639108758223728e-01	2.198502390008223728e-01	2.125260202508223728e-01
2.235123483758223728e-01	2.174088327508223728e-01	2.271744577508223728e-01
2.210709421258223728e-01	2.320572702508223728e-01	2.247330515008223728e-01
2.357193796258223728e-01	2.283951608758223728e-01	2.393814890008223728e-01
2.332779733758223728e-01	2.442643015008223728e-01	2.369400827508223728e-01
2.479264108758223728e-01	2.406021921258223728e-01	2.515885202508223450e-01
2.454850046258223728e-01	2.564713327508223450e-01	2.491471140008223728e-01
2.601334421258223450e-01	2.540299265008223450e-01	2.637955515008223450e-01
2.576920358758223450e-01	2.686783640008223450e-01	2.613541452508223450e-01
2.711197702508223450e-01	2.650162546258223450e-01	2.760025827508223450e-01
2.686783640008223450e-01	2.796646921258223450e-01	2.723404733758223450e-01
2.833268015008223450e-01	2.760025827508223450e-01	2.869889108758223450e-01
2.796646921258223450e-01	2.918717233758223450e-01	2.845475046258223450e-01
2.955338327508223450e-01	2.882096140008223450e-01	2.991959421258223450e-01
2.918717233758223450e-01	3.040787546258223450e-01	2.967545358758223450e-01
3.077408640008223450e-01	3.004166452508223450e-01	3.114029733758223450e-01
3.040787546258223450e-01	3.150650827508223450e-01	3.089615671258223450e-01
3.199478952508223450e-01	3.126236765008223450e-01	3.236100046258223450e-01
3.162857858758223450e-01	3.272721140008223450e-01	3.199478952508223450e-01
3.321549265008223450e-01	3.248307077508223450e-01	3.358170358758223450e-01
3.284928171258223450e-01	3.394791452508223450e-01	3.333756296258223450e-01
3.443619577508223450e-01	3.370377390008223450e-01	3.480240671258223450e-01
3.406998483758223450e-01	3.516861765008223450e-01	3.443619577508223450e-01
3.553482858758223450e-01	3.492447702508223450e-01	3.602310983758223450e-01
3.529068796258223450e-01	3.638932077508223450e-01	3.565689890008223450e-01
3.675553171258223450e-01	3.602310983758223450e-01	3.712174265008223450e-01
3.651139108758223450e-01	3.761002390008223450e-01	3.687760202508223450e-01
3.797623483758223450e-01	3.724381296258223450e-01	3.834244577508223450e-01
3.773209421258223450e-01	3.883072702508223450e-01	3.809830515008223450e-01
3.919693796258223450e-01	3.846451608758223450e-01	3.956314890008223450e-01
3.883072702508223450e-01	4.005143015008223450e-01	3.931900827508223450e-01
4.041764108758223450e-01	3.968521921258223450e-01	4.078385202508223450e-01
4.005143015008223450e-01	4.115006296258223450e-01	4.041764108758223450e-01
4.163834421258223450e-01	4.078385202508223450e-01	4.200455515008223450e-01
4.127213327508223450e-01	4.237076608758223450e-01	4.163834421258223450e-01
4.273697702508223450e-01	4.212662546258223450e-01	4.322525827508223450e-01
4.249283640008223450e-01	4.359146921258223450e-01	4.285904733758223450e-01
4.395768015008223450e-01	4.322525827508223450e-01	4.444596140008223450e-01
4.371353952508223450e-01	4.481217233758223450e-01	4.407975046258223450e-01
4.517838327508223450e-01	4.444596140008223450e-01	4.554459421258223450e-01
4.481217233758223450e-01	4.603287546258223450e-01	4.530045358758223450e-01
4.639908640008223450e-01	4.566666452508223450e-01	4.676529733758223450e-01
4.603287546258223450e-01	4.713150827508223450e-01	4.639908640008223450e-01
4.761978952508223450e-01	4.676529733758223450e-01	4.798600046258223450e-01
4.725357858758223450e-01	4.835221140008223450e-01	4.761978952508223450e-01
4.871842233758223450e-01	4.798600046258223450e-01	4.908463327508223450e-01
4.835221140008223450e-01	4.957291452508223450e-01	4.884049265008223450e-01
4.993912546258223450e-01	4.920670358758223450e-01	5.030533640008223450e-01
4.957291452508223450e-01	5.067154733758223450e-01	5.006119577508223450e-01
5.103775827508223450e-01	5.042740671258223450e-01	5.152603952508223450e-01
5.079361765008223450e-01	5.189225046258223450e-01	5.115982858758223450e-01
5.225846140008223450e-01	5.152603952508223450e-01	5.274674265008223450e-01
5.201432077508223450e-01	5.311295358758223450e-01	5.238053171258223450e-01
5.347916452508223450e-01	5.274674265008223450e-01	5.384537546258223450e-01
5.311295358758223450e-01	5.421158640008223450e-01	5.347916452508223450e-01
5.469986765008223450e-01	5.396744577508223450e-01	5.506607858758223450e-01
5.433365671258223450e-01	5.543228952508223450e-01	5.469986765008223450e-01
5.579850046258223450e-01	5.506607858758223450e-01	5.616471140008223450e-01
5.543228952508223450e-01	5.665299265008223450e-01	5.592057077508223450e-01
5.701920358758223450e-01	5.628678171258223450e-01	5.738541452508223450e-01
5.665299265008223450e-01	5.775162546258223450e-01	5.701920358758223450e-01
5.811783640008223450e-01	5.738541452508223450e-01	5.848404733758223450e-01
5.787369577508223450e-01	5.897232858758223450e-01	5.823990671258223450e-01
5.933853952508223450e-01	5.860611765008223450e-01	5.970475046258223450e-01
5.909439890008223450e-01	6.019303171258223450e-01	5.946060983758223450e-01
6.055924265008223450e-01	5.982682077508223450e-01	6.092545358758223450e-01
6.019303171258223450e-01	6.129166452508223450e-01	6.055924265008223450e-01
6.177994577508223450e-01	6.104752390008223450e-01	6.214615671258223450e-01
6.141373483758223450e-01	6.251236765008223450e-01	6.177994577508223450e-01
6.287857858758223450e-01	6.214615671258223450e-01	6.324478952508223450e-01
6.251236765008223450e-01	6.373307077508223450e-01	6.300064890008223450e-01
6.409928171258223450e-01	6.336685983758223450e-01	6.446549265008223450e-01
6.373307077508223450e-01	6.483170358758223450e-01	6.409928171258223450e-01
6.519791452508223450e-01	6.446549265008223450e-01	6.568619577508223450e-01
6.495377390008223450e-01	6.605240671258223450e-01	6.531998483758223450e-01
6.641861765008223450e-01	6.568619577508223450e-01	6.678482858758223450e-01
6.605240671258223450e-01	6.715103952508223450e-01	6.641861765008223450e-01
6.751725046258223450e-01	6.690689890008223450e-01	6.800553171258223450e-01
6.727310983758223450e-01	6.837174265008223450e-01	6.763932077508223450e-01
6.873795358758223450e-01	6.800553171258223450e-01	6.910416452508223450e-01
6.837174265008223450e-01	6.947037546258223450e-01	6.886002390008223450e-01
6.983658640008223450e-01	6.922623483758223450e-01	7.032486765008223450e-01
6.959244577508223450e-01	7.069107858758223450e-01	6.995865671258223450e-01
7.105728952508223450e-01	7.032486765008223450e-01	7.142350046258223450e-01
7.069107858758223450e-01	7.178971140008223450e-01	7.105728952508223450e-01
7.227799265008223450e-01	7.142350046258223450e-01	7.264420358758223450e-01
7.191178171258223450e-01	7.301041452508223450e-01	7.227799265008223450e-01
7.337662546258223450e-01	7.264420358758223450e-01	7.374283640008223450e-01
7.313248483758223450e-01	7.410904733758223450e-01	7.337662546258223450e-01
7.447525827508223450e-01	7.386490671258223450e-01	7.496353952508223450e-01
7.423111765008223450e-01	7.532975046258223450e-01	7.459732858758223450e-01
7.569596140008223450e-01	7.496353952508223450e-01	7.606217233758223450e-01
7.532975046258223450e-01	7.642838327508223450e-01	7.581803171258223450e-01
7.679459421258223450e-01	7.618424265008223450e-01	7.728287546258223450e-01
7.655045358758223450e-01	7.764908640008223450e-01	7.691666452508223450e-01
7.801529733758223450e-01	7.728287546258223450e-01	7.838150827508223450e-01
7.764908640008223450e-01	7.874771921258223450e-01	7.801529733758223450e-01
7.911393015008223450e-01	7.850357858758223450e-01	7.948014108758223450e-01
7.886978952508223450e-01	7.996842233758223450e-01	7.923600046258223450e-01
8.033463327508223450e-01	7.960221140008223450e-01	8.070084421258223450e-01
7.996842233758223450e-01	8.106705515008223450e-01	8.033463327508223450e-01
8.143326608758223450e-01	8.070084421258223450e-01	8.179947702508223450e-01
8.106705515008223450e-01	8.216568796258223450e-01	8.143326608758223450e-01
8.265396921258223450e-01	8.192154733758223450e-01	8.302018015008223450e-01
8.228775827508223450e-01	8.338639108758223450e-01	8.265396921258223450e-01
8.375260202508223450e-01	8.302018015008223450e-01	8.411881296258223450e-01
8.338639108758223450e-01	8.448502390008223450e-01	8.387467233758223450e-01
8.485123483758223450e-01	8.424088327508223450e-01	8.521744577508223450e-01
8.460709421258223450e-01	8.570572702508223450e-01	8.497330515008223450e-01
8.607193796258223450e-01	8.533951608758223450e-01	8.643814890008223450e-01
8.570572702508223450e-01	8.680435983758223450e-01	8.607193796258223450e-01
8.717057077508223450e-01	8.643814890008223450e-01	8.753678171258223450e-01
8.680435983758223450e-01	8.790299265008223450e-01	8.717057077508223450e-01
8.826920358758223450e-01	8.753678171258223450e-01	8.863541452508223450e-01
8.802506296258223450e-01	8.900162546258223450e-01	8.839127390008223450e-01
8.936783640008223450e-01	8.875748483758223450e-01	8.985611765008223450e-01
8.912369577508223450e-01	9.022232858758223450e-01	8.948990671258223450e-01
9.058853952508223450e-01	8.985611765008223450e-01	9.095475046258223450e-01
9.022232858758223450e-01	9.132096140008223450e-01	9.058853952508223450e-01
9.168717233758223450e-01	9.095475046258223450e-01	9.205338327508223450e-01
9.144303171258223450e-01	9.241959421258223450e-01	9.180924265008223450e-01
9.278580515008223450e-01	9.205338327508223450e-01	9.315201608758223450e-01
9.254166452508223450e-01	9.351822702508223450e-01	9.290787546258223450e-01
9.388443796258223450e-01	9.327408640008223450e-01	9.437271921258223450e-01
9.364029733758223450e-01	9.473893015008223450e-01	9.400650827508223450e-01
9.510514108758223450e-01	9.437271921258223450e-01	9.547135202508223450e-01
9.473893015008223450e-01	9.583756296258223450e-01	9.510514108758223450e-01
9.620377390008223450e-01	9.547135202508223450e-01	9.656998483758223450e-01
9.583756296258223450e-01	9.693619577508223450e-01	9.632584421258223450e-01
9.730240671258223450e-01	9.669205515008223450e-01	9.779068796258223450e-01
9.705826608758223450e-01	9.815689890008223450e-01	9.742447702508223450e-01
9.852310983758223450e-01	9.779068796258223450e-01	9.888932077508223450e-01
9.815689890008223450e-01	9.925553171258223450e-01	9.852310983758223450e-01
9.962174265008223450e-01	9.888932077508223450e-01	9.998795358758223450e-01
9.925553171258223450e-01	1.003541645250822345e+00	9.962174265008223450e-01
1.007203754625822345e+00	9.998795358758223450e-01	1.010865864000822345e+00
1.003541645250822345e+00	1.014527973375822345e+00	1.007203754625822345e+00
1.018190082750822345e+00	1.012086567125822345e+00	1.021852192125822345e+00
1.015748676500822345e+00	1.026735004625822345e+00	1.019410785875822345e+00
1.030397114000822345e+00	1.023072895250822345e+00	1.034059223375822345e+00
1.026735004625822345e+00	1.037721332750822345e+00	1.030397114000822345e+00
1.041383442125822345e+00	1.034059223375822345e+00	1.045045551500822345e+00
1.037721332750822345e+00	1.048707660875822345e+00	1.041383442125822345e+00
1.052369770250822345e+00	1.045045551500822345e+00	1.056031879625822345e+00
1.048707660875822345e+00	1.059693989000822345e+00	1.053590473375822345e+00
1.063356098375822345e+00	1.057252582750822345e+00	1.067018207750822345e+00
1.059693989000822345e+00	1.070680317125822345e+00	1.064576801500822345e+00
1.075563129625822345e+00	1.068238910875822345e+00	1.079225239000822345e+00
1.071901020250822345e+00	1.082887348375822345e+00	1.075563129625822345e+00
1.086549457750822345e+00	1.079225239000822345e+00	1.090211567125822345e+00
1.082887348375822345e+00	1.093873676500822345e+00	1.086549457750822345e+00
1.097535785875822345e+00	1.090211567125822345e+00	1.101197895250822345e+00
1.093873676500822345e+00	1.104860004625822345e+00	1.097535785875822345e+00
1.108522114000822345e+00	1.101197895250822345e+00	1.112184223375822345e+00
1.104860004625822345e+00	1.115846332750822345e+00	1.108522114000822345e+00
1.119508442125822345e+00	1.113404926500822345e+00	1.123170551500822345e+00
1.115846332750822345e+00	1.126832660875822345e+00	1.120729145250822345e+00
1.130494770250822345e+00	1.124391254625822345e+00	1.134156879625822345e+00
1.128053364000822345e+00	1.137818989000822345e+00	1.131715473375822345e+00
1.141481098375822345e+00	1.135377582750822345e+00	1.146363910875822345e+00
1.139039692125822345e+00	1.148805317125822345e+00	1.142701801500822345e+00
1.153688129625822345e+00	1.146363910875822345e+00	1.157350239000822345e+00
1.150026020250822345e+00	1.159791645250822345e+00	1.153688129625822345e+00
1.164674457750822345e+00	1.157350239000822345e+00	1.168336567125822345e+00
1.161012348375822345e+00	1.171998676500822345e+00	1.164674457750822345e+00
1.174440082750822345e+00	1.168336567125822345e+00	1.179322895250822345e+00
1.171998676500822345e+00	1.182985004625822345e+00	1.175660785875822345e+00
1.186647114000822345e+00	1.179322895250822345e+00	1.190309223375822345e+00
1.182985004625822345e+00	1.193971332750822345e+00	1.186647114000822345e+00
1.197633442125822345e+00	1.190309223375822345e+00	1.201295551500822345e+00
1.193971332750822345e+00	1.204957660875822345e+00	1.197633442125822345e+00
1.208619770250822345e+00	1.201295551500822345e+00	1.212281879625822345e+00
1.204957660875822345e+00	1.215943989000822345e+00	1.208619770250822345e+00
1.219606098375822345e+00	1.212281879625822345e+00	1.223268207750822345e+00
1.215943989000822345e+00	1.226930317125822345e+00	1.219606098375822345e+00
1.230592426500822345e+00	1.223268207750822345e+00	1.234254535875822345e+00
1.226930317125822345e+00	1.237916645250822345e+00	1.230592426500822345e+00
1.241578754625822345e+00	1.234254535875822345e+00	1.245240864000822345e+00
1.237916645250822345e+00	1.248902973375822345e+00	1.241578754625822345e+00
1.252565082750822345e+00	1.245240864000822345e+00	1.256227192125822345e+00
1.248902973375822345e+00	1.259889301500822345e+00	1.252565082750822345e+00
1.263551410875822345e+00	1.256227192125822345e+00	1.267213520250822345e+00
1.259889301500822345e+00	1.270875629625822345e+00	1.263551410875822345e+00
1.274537739000822345e+00	1.267213520250822345e+00	1.278199848375822345e+00
1.270875629625822345e+00	1.281861957750822345e+00	1.274537739000822345e+00
1.285524067125822345e+00	1.278199848375822345e+00	1.289186176500822345e+00
1.281861957750822345e+00	1.292848285875822345e+00	1.285524067125822345e+00
1.296510395250822345e+00	1.289186176500822345e+00	1.300172504625822345e+00
1.292848285875822345e+00	1.303834614000822345e+00	1.296510395250822345e+00
1.307496723375822345e+00	1.300172504625822345e+00	1.311158832750822345e+00
1.303834614000822345e+00	1.314820942125822345e+00	1.307496723375822345e+00
1.318483051500822345e+00	1.311158832750822345e+00	1.322145160875822345e+00
1.314820942125822345e+00	1.325807270250822345e+00	1.318483051500822345e+00
1.329469379625822345e+00	1.322145160875822345e+00	1.333131489000822345e+00
1.325807270250822345e+00	1.336793598375822345e+00	1.329469379625822345e+00
1.340455707750822345e+00	1.333131489000822345e+00	1.342897114000822345e+00
1.336793598375822345e+00	1.347779926500822345e+00	1.340455707750822345e+00
1.350221332750822345e+00	1.344117817125822345e+00	1.355104145250822345e+00
1.347779926500822345e+00	1.357545551500822345e+00	1.351442035875822345e+00
1.361207660875822345e+00	1.355104145250822345e+00	1.363649067125822345e+00
1.356324848375822345e+00	1.359986957750822345e+00	1.352662739000822345e+00
1.355104145250822345e+00	1.347779926500822345e+00	1.351442035875822345e+00
1.344117817125822345e+00	1.346559223375822345e+00	1.339235004625822345e+00
1.341676410875822345e+00	1.334352192125822345e+00	1.338014301500822345e+00
1.330690082750822345e+00	1.333131489000822345e+00	1.325807270250822345e+00
1.329469379625822345e+00	1.322145160875822345e+00	1.324586567125822345e+00
1.317262348375822345e+00	1.319703754625822345e+00	1.312379535875822345e+00
1.316041645250822345e+00	1.308717426500822345e+00	1.311158832750822345e+00
1.303834614000822345e+00	1.307496723375822345e+00	1.300172504625822345e+00
1.302613910875822345e+00	1.295289692125822345e+00	1.297731098375822345e+00
1.290406879625822345e+00	1.294068989000822345e+00	1.286744770250822345e+00
1.289186176500822345e+00	1.281861957750822345e+00	1.284303364000822345e+00
1.276979145250822345e+00	1.280641254625822345e+00	1.273317035875822345e+00
1.275758442125822345e+00	1.268434223375822345e+00	1.272096332750822345e+00
1.264772114000822345e+00	1.267213520250822345e+00	1.259889301500822345e+00
1.263551410875822345e+00	1.256227192125822345e+00	1.258668598375822345e+00
1.251344379625822345e+00	1.255006489000822345e+00	1.246461567125822345e+00
1.250123676500822345e+00	1.242799457750822345e+00	1.245240864000822345e+00
1.237916645250822345e+00	1.241578754625822345e+00	1.234254535875822345e+00
1.236695942125822345e+00	1.229371723375822345e+00	1.231813129625822345e+00
1.225709614000822345e+00	1.228151020250822345e+00	1.220826801500822345e+00
1.223268207750822345e+00	1.215943989000822345e+00	1.219606098375822345e+00
1.212281879625822345e+00	1.214723285875822345e+00	1.207399067125822345e+00
