time[s]	CH1[V]	CH2[V] (num. of cycles: 1)
0.000000000000000000e+00	-7.467031378495066207e-02	-1.222745393451891482e+00
1.000000000000000082e-05	-7.467031378495066207e-02	-1.222745393451891482e+00
2.000000000000000164e-05	-7.457265753495066762e-02	-1.219083284076891482e+00
3.000000000000000076e-05	-7.506093878495066762e-02	-1.226407502826891482e+00
4.000000000000000327e-05	-7.501211065995067040e-02	-1.223966096576891482e+00
5.000000000000000240e-05	-7.545156378495065930e-02	-1.230069612201891482e+00
6.000000000000000152e-05	-7.540273565995066207e-02	-1.226407502826891482e+00
6.999999999999999387e-05	-7.589101690995066207e-02	-1.233731721576891482e+00
8.000000000000000654e-05	-7.579336065995066762e-02	-1.230069612201891482e+00
9.000000000000000567e-05	-7.623281378495067040e-02	-1.237393830951891482e+00
1.000000000000000048e-04	-7.613515753495066207e-02	-1.233731721576891482e+00
1.100000000000000039e-04	-7.662343878495066207e-02	-1.241055940326891482e+00
1.200000000000000030e-04	-7.652578253495066762e-02	-1.237393830951891482e+00
1.299999999999999886e-04	-7.701406378495066762e-02	-1.244718049701891482e+00
1.399999999999999877e-04	-7.691640753495065930e-02	-1.242276643451891482e+00
1.499999999999999869e-04	-7.735586065995066207e-02	-1.248380159076891482e+00
1.600000000000000131e-04	-7.725820440995066762e-02	-1.244718049701891482e+00
1.700000000000000122e-04	-7.769765753495067040e-02	-1.252042268451891482e+00
1.800000000000000113e-04	-7.760000128495066207e-02	-1.249600862201891482e+00
1.900000000000000105e-04	-7.803945440995066485e-02	-1.255704377826891482e+00
2.000000000000000096e-04	-7.794179815995067040e-02	-1.253262971576891482e+00
2.100000000000000087e-04	-7.838125128495065930e-02	-1.259366487201891482e+00
2.200000000000000078e-04	-7.828359503495066485e-02	-1.255704377826891482e+00
2.300000000000000070e-04	-7.872304815995066762e-02	-1.263028596576891482e+00
2.400000000000000061e-04	-7.857656378495066207e-02	-1.260587190326891482e+00
2.500000000000000052e-04	-7.906484503495066207e-02	-1.267911409076891482e+00
2.599999999999999772e-04	-7.891836065995067040e-02	-1.264249299701891482e+00
2.700000000000000035e-04	-7.935781378495065930e-02	-1.270352815326891482e+00
2.799999999999999755e-04	-7.926015753495066485e-02	-1.267911409076891482e+00
2.900000000000000017e-04	-7.965078253495067040e-02	-1.275235627826891482e+00
2.999999999999999737e-04	-7.955312628495066207e-02	-1.271573518451891482e+00
3.099999999999999999e-04	-7.999257940995066485e-02	-1.278897737201891482e+00
3.200000000000000262e-04	-7.989492315995067040e-02	-1.275235627826891482e+00
3.299999999999999982e-04	-8.028554815995066207e-02	-1.282559846576891482e+00
3.400000000000000244e-04	-8.018789190995066762e-02	-1.278897737201891482e+00
3.499999999999999964e-04	-8.062734503495067040e-02	-1.286221955951891482e+00
3.600000000000000227e-04	-8.048086065995066485e-02	-1.282559846576891482e+00
3.699999999999999947e-04	-8.092031378495066762e-02	-1.289884065326891482e+00
3.800000000000000209e-04	-8.077382940995066207e-02	-1.286221955951891482e+00
3.899999999999999929e-04	-8.121328253495066485e-02	-1.293546174701891482e+00
4.000000000000000192e-04	-8.111562628495067040e-02	-1.289884065326891482e+00
4.099999999999999912e-04	-8.150625128495066207e-02	-1.297208284076891482e+00
4.200000000000000174e-04	-8.140859503495066762e-02	-1.293546174701891482e+00
4.299999999999999894e-04	-8.179922003495065930e-02	-1.300870393451891482e+00
4.400000000000000157e-04	-8.165273565995066762e-02	-1.297208284076891482e+00
4.499999999999999877e-04	-8.209218878495067040e-02	-1.304532502826891482e+00
4.600000000000000139e-04	-8.194570440995066485e-02	-1.300870393451891482e+00
4.699999999999999859e-04	-8.233632940995067040e-02	-1.308194612201891482e+00
4.800000000000000122e-04	-8.223867315995066207e-02	-1.304532502826891482e+00
4.899999999999999842e-04	-8.262929815995066762e-02	-1.311856721576891482e+00
5.000000000000000104e-04	-8.248281378495066207e-02	-1.308194612201891482e+00
5.100000000000000366e-04	-8.287343878495066762e-02	-1.315518830951891482e+00
5.199999999999999544e-04	-8.272695440995066207e-02	-1.311856721576891482e+00
5.299999999999999807e-04	-8.316640753495066485e-02	-1.319180940326891482e+00
5.400000000000000069e-04	-8.301992315995065930e-02	-1.315518830951891482e+00
5.500000000000000331e-04	-8.341054815995066485e-02	-1.322843049701891482e+00
5.599999999999999509e-04	-8.321523565995066207e-02	-1.319180940326891482e+00
5.699999999999999772e-04	-8.365468878495066485e-02	-1.326505159076891482e+00
5.800000000000000034e-04	-8.350820440995065930e-02	-1.322843049701891482e+00
5.900000000000000296e-04	-8.389882940995066485e-02	-1.330167268451891482e+00
5.999999999999999474e-04	-8.375234503495065930e-02	-1.326505159076891482e+00
6.099999999999999737e-04	-8.419179815995066207e-02	-1.333829377826891482e+00
6.199999999999999999e-04	-8.404531378495067040e-02	-1.330167268451891482e+00
6.300000000000000261e-04	-8.443593878495066207e-02	-1.337491487201891482e+00
6.400000000000000524e-04	-8.428945440995067040e-02	-1.333829377826891482e+00
6.499999999999999702e-04	-8.472890753495065930e-02	-1.341153596576891482e+00
6.599999999999999964e-04	-8.458242315995066762e-02	-1.337491487201891482e+00
6.700000000000000226e-04	-8.497304815995065930e-02	-1.344815705951891482e+00
6.800000000000000488e-04	-8.487539190995066485e-02	-1.341153596576891482e+00
6.899999999999999667e-04	-8.526601690995067040e-02	-1.348477815326891482e+00
6.999999999999999929e-04	-8.516836065995066207e-02	-1.344815705951891482e+00
7.100000000000000191e-04	-8.560781378495066485e-02	-1.352139924701891482e+00
7.200000000000000453e-04	-8.551015753495067040e-02	-1.348477815326891482e+00
7.299999999999999632e-04	-8.590078253495066207e-02	-1.355802034076891482e+00
7.399999999999999894e-04	-8.580312628495066762e-02	-1.352139924701891482e+00
7.500000000000000156e-04	-8.624257940995067040e-02	-1.359464143451891482e+00
7.600000000000000418e-04	-8.614492315995066207e-02	-1.355802034076891482e+00
7.699999999999999597e-04	-8.658437628495066485e-02	-1.361905549701891482e+00
7.799999999999999859e-04	-8.648672003495067040e-02	-1.359464143451891482e+00
7.900000000000000121e-04	-8.692617315995065930e-02	-1.365567659076891482e+00
8.000000000000000383e-04	-8.682851690995066485e-02	-1.361905549701891482e+00
8.099999999999999561e-04	-8.731679815995066485e-02	-1.369229768451891482e+00
8.199999999999999824e-04	-8.721914190995067040e-02	-1.365567659076891482e+00
8.300000000000000086e-04	-8.765859503495065930e-02	-1.372891877826891482e+00
8.400000000000000348e-04	-8.756093878495066485e-02	-1.370450471576891482e+00
8.499999999999999526e-04	-8.804922003495066485e-02	-1.376553987201891482e+00
8.599999999999999789e-04	-8.795156378495067040e-02	-1.372891877826891482e+00
8.700000000000000051e-04	-8.839101690995065930e-02	-1.380216096576891482e+00
8.800000000000000313e-04	-8.829336065995066485e-02	-1.376553987201891482e+00
8.899999999999999491e-04	-8.873281378495066762e-02	-1.383878205951891482e+00
8.999999999999999754e-04	-8.863515753495065930e-02	-1.380216096576891482e+00
9.100000000000000016e-04	-8.912343878495065930e-02	-1.387540315326891482e+00
9.200000000000000278e-04	-8.897695440995066762e-02	-1.383878205951891482e+00
9.300000000000000541e-04	-8.941640753495067040e-02	-1.391202424701891482e+00
9.399999999999999719e-04	-8.936757940995065930e-02	-1.387540315326891482e+00
9.499999999999999981e-04	-8.975820440995066485e-02	-1.394864534076891482e+00
9.600000000000000243e-04	-8.966054815995067040e-02	-1.391202424701891482e+00
9.700000000000000505e-04	-9.010000128495065930e-02	-1.398526643451891482e+00
9.799999999999999684e-04	-9.000234503495066485e-02	-1.394864534076891482e+00
9.899999999999999946e-04	-9.044179815995066762e-02	-1.400968049701891482e+00
1.000000000000000021e-03	-9.034414190995065930e-02	-1.391202424701891482e+00
1.010000000000000047e-03	-9.073476690995066485e-02	-1.398526643451891482e+00
1.020000000000000073e-03	-9.063711065995067040e-02	-1.387540315326891482e+00
1.030000000000000100e-03	-9.107656378495065930e-02	-1.393643830951891482e+00
1.039999999999999909e-03	-9.097890753495066485e-02	-1.382657502826891482e+00
1.049999999999999935e-03	-9.136953253495067040e-02	-1.389981721576891482e+00
1.059999999999999961e-03	-9.127187628495066207e-02	-1.377774690326891482e+00
1.069999999999999988e-03	-9.166250128495066762e-02	-1.385098909076891482e+00
1.080000000000000014e-03	-9.156484503495065930e-02	-1.372891877826891482e+00
1.090000000000000040e-03	-9.195547003495066485e-02	-1.381436799701891482e+00
1.100000000000000066e-03	-9.185781378495067040e-02	-1.369229768451891482e+00
1.110000000000000092e-03	-9.224843878495066207e-02	-1.376553987201891482e+00
1.119999999999999902e-03	-9.215078253495066762e-02	-1.364346955951891482e+00
1.129999999999999928e-03	-9.249257940995066207e-02	-1.371671174701891482e+00
1.139999999999999954e-03	-9.239492315995066762e-02	-1.360684846576891482e+00
1.149999999999999981e-03	-9.273672003495066207e-02	-1.368009065326891482e+00
1.160000000000000007e-03	-9.263906378495066762e-02	-1.355802034076891482e+00
1.170000000000000033e-03	-9.298086065995066207e-02	-1.363126252826891482e+00
1.180000000000000059e-03	-9.283437628495067040e-02	-1.350919221576891482e+00
1.190000000000000085e-03	-9.317617315995066485e-02	-1.359464143451891482e+00
1.199999999999999895e-03	-9.302968878495065930e-02	-1.347257112201891482e+00
1.209999999999999921e-03	-9.332265753495067040e-02	-1.354581330951891482e+00
1.219999999999999947e-03	-9.317617315995066485e-02	-1.342374299701891482e+00
1.229999999999999974e-03	-9.346914190995066207e-02	-1.350919221576891482e+00
1.240000000000000000e-03	-9.327382940995065930e-02	-1.338712190326891482e+00
1.250000000000000026e-03	-9.356679815995067040e-02	-1.346036409076891482e+00
1.260000000000000052e-03	-9.332265753495067040e-02	-1.333829377826891482e+00
1.270000000000000078e-03	-9.356679815995067040e-02	-1.342374299701891482e+00
1.280000000000000105e-03	-9.327382940995065930e-02	-1.330167268451891482e+00
1.289999999999999914e-03	-9.356679815995067040e-02	-1.337491487201891482e+00
1.299999999999999940e-03	-9.322500128495066207e-02	-1.325284455951891482e+00
1.309999999999999967e-03	-9.346914190995066207e-02	-1.332608674701891482e+00
1.319999999999999993e-03	-9.302968878495065930e-02	-1.321622346576891482e+00
1.330000000000000019e-03	-9.337148565995066762e-02	-1.328946565326891482e+00
1.340000000000000045e-03	-9.283437628495067040e-02	-1.316739534076891482e+00
1.350000000000000071e-03	-9.317617315995066485e-02	-1.324063752826891482e+00
1.360000000000000098e-03	-9.259023565995067040e-02	-1.311856721576891482e+00
1.369999999999999907e-03	-9.293203253495066485e-02	-1.319180940326891482e+00
1.379999999999999933e-03	-9.224843878495066207e-02	-1.308194612201891482e+00
1.389999999999999960e-03	-9.268789190995066485e-02	-1.315518830951891482e+00
1.399999999999999986e-03	-9.190664190995066762e-02	-1.303311799701891482e+00
1.410000000000000012e-03	-9.234609503495067040e-02	-1.310636018451891482e+00
1.420000000000000038e-03	-9.146718878495066485e-02	-1.298428987201891482e+00
1.430000000000000064e-03	-9.195547003495066485e-02	-1.306973909076891482e+00
1.440000000000000091e-03	-9.097890753495066485e-02	-1.294766877826891482e+00
1.449999999999999900e-03	-9.151601690995066207e-02	-1.302091096576891482e+00
1.459999999999999926e-03	-9.049062628495066485e-02	-1.289884065326891482e+00
1.469999999999999953e-03	-9.102773565995066207e-02	-1.297208284076891482e+00
1.479999999999999979e-03	-8.995351690995066762e-02	-1.286221955951891482e+00
1.490000000000000005e-03	-9.053945440995066207e-02	-1.293546174701891482e+00
1.500000000000000031e-03	-8.936757940995065930e-02	-1.281339143451891482e+00
1.510000000000000057e-03	-8.995351690995066762e-02	-1.288663362201891482e+00
1.520000000000000084e-03	-8.878164190995066485e-02	-1.276456330951891482e+00
1.529999999999999893e-03	-8.941640753495067040e-02	-1.285001252826891482e+00
1.539999999999999919e-03	-8.814687628495065930e-02	-1.272794221576891482e+00
1.549999999999999946e-03	-8.878164190995066485e-02	-1.280118440326891482e+00
1.559999999999999972e-03	-8.756093878495066485e-02	-1.267911409076891482e+00
1.569999999999999998e-03	-8.819570440995067040e-02	-1.275235627826891482e+00
1.580000000000000024e-03	-8.692617315995065930e-02	-1.264249299701891482e+00
1.590000000000000050e-03	-8.756093878495066485e-02	-1.271573518451891482e+00
1.600000000000000077e-03	-8.624257940995067040e-02	-1.259366487201891482e+00
1.610000000000000103e-03	-8.687734503495066207e-02	-1.266690705951891482e+00
1.619999999999999912e-03	-8.560781378495066485e-02	-1.254483674701891482e+00
1.629999999999999939e-03	-8.629140753495066762e-02	-1.263028596576891482e+00
1.639999999999999965e-03	-8.492422003495066207e-02	-1.250821565326891482e+00
1.649999999999999991e-03	-8.560781378495066485e-02	-1.258145784076891482e+00
1.660000000000000017e-03	-8.424062628495065930e-02	-1.245938752826891482e+00
1.670000000000000043e-03	-8.492422003495066207e-02	-1.253262971576891482e+00
1.680000000000000070e-03	-8.360586065995066762e-02	-1.242276643451891482e+00
1.690000000000000096e-03	-8.428945440995067040e-02	-1.249600862201891482e+00
1.699999999999999905e-03	-8.292226690995066485e-02	-1.237393830951891482e+00
1.709999999999999932e-03	-8.360586065995066762e-02	-1.244718049701891482e+00
1.719999999999999958e-03	-8.223867315995066207e-02	-1.233731721576891482e+00
1.729999999999999984e-03	-8.292226690995066485e-02	-1.241055940326891482e+00
1.740000000000000010e-03	-8.160390753495067040e-02	-1.228848909076891482e+00
1.750000000000000036e-03	-8.223867315995066207e-02	-1.236173127826891482e+00
1.760000000000000063e-03	-8.092031378495066762e-02	-1.223966096576891482e+00
1.770000000000000089e-03	-8.160390753495067040e-02	-1.231290315326891482e+00
1.779999999999999898e-03	-8.028554815995066207e-02	-1.220303987201891482e+00
1.789999999999999925e-03	-8.092031378495066762e-02	-1.227628205951891482e+00
1.799999999999999951e-03	-7.965078253495067040e-02	-1.215421174701891482e+00
1.809999999999999977e-03	-8.028554815995066207e-02	-1.222745393451891482e+00
1.820000000000000003e-03	-7.901601690995066485e-02	-1.210538362201891482e+00
1.830000000000000029e-03	-7.965078253495067040e-02	-1.217862580951891482e+00
1.840000000000000056e-03	-7.838125128495065930e-02	-1.206876252826891482e+00
1.850000000000000082e-03	-7.901601690995066485e-02	-1.214200471576891482e+00
1.860000000000000108e-03	-7.779531378495066485e-02	-1.201993440326891482e+00
1.869999999999999917e-03	-7.838125128495065930e-02	-1.209317659076891482e+00
1.879999999999999944e-03	-7.720937628495067040e-02	-1.198331330951891482e+00
1.889999999999999970e-03	-7.779531378495066485e-02	-1.205655549701891482e+00
1.899999999999999996e-03	-7.662343878495066207e-02	-1.193448518451891482e+00
1.910000000000000022e-03	-7.720937628495067040e-02	-1.200772737201891482e+00
1.920000000000000049e-03	-7.603750128495066762e-02	-1.188565705951891482e+00
1.930000000000000075e-03	-7.667226690995065930e-02	-1.195889924701891482e+00
1.940000000000000101e-03	-7.554922003495066762e-02	-1.184903596576891482e+00
1.949999999999999910e-03	-7.608632940995066485e-02	-1.192227815326891482e+00
1.959999999999999937e-03	-7.501211065995067040e-02	-1.180020784076891482e+00
1.969999999999999963e-03	-7.559804815995066485e-02	-1.187345002826891482e+00
1.979999999999999989e-03	-7.452382940995065652e-02	-1.175137971576891482e+00
1.990000000000000015e-03	-7.506093878495066762e-02	-1.182462190326891482e+00
2.000000000000000042e-03	-7.408437628495066762e-02	-1.171475862201891482e+00
2.010000000000000068e-03	-7.457265753495066762e-02	-1.178800080951891482e+00
2.020000000000000094e-03	-7.359609503495066762e-02	-1.166593049701891482e+00
2.030000000000000120e-03	-7.413320440995066485e-02	-1.173917268451891482e+00
2.040000000000000147e-03	-7.315664190995066485e-02	-1.162930940326891482e+00
2.050000000000000173e-03	-7.369375128495066207e-02	-1.170255159076891482e+00
2.060000000000000199e-03	-7.271718878495066207e-02	-1.158048127826891482e+00
2.069999999999999792e-03	-7.325429815995065930e-02	-1.165372346576891482e+00
2.079999999999999818e-03	-7.232656378495065652e-02	-1.153165315326891482e+00
2.089999999999999844e-03	-7.281484503495065652e-02	-1.160489534076891482e+00
2.099999999999999870e-03	-7.193593878495066485e-02	-1.149503205951891482e+00
2.109999999999999896e-03	-7.242422003495066485e-02	-1.156827424701891482e+00
2.119999999999999923e-03	-7.159414190995065652e-02	-1.144620393451891482e+00
2.129999999999999949e-03	-7.203359503495065930e-02	-1.151944612201891482e+00
2.139999999999999975e-03	-7.120351690995066485e-02	-1.140958284076891482e+00
2.150000000000000001e-03	-7.164297003495066762e-02	-1.148282502826891482e+00
2.160000000000000028e-03	-7.086172003495065652e-02	-1.136075471576891482e+00
2.170000000000000054e-03	-7.130117315995065930e-02	-1.143399690326891482e+00
2.180000000000000080e-03	-7.051992315995066207e-02	-1.131192659076891482e+00
2.190000000000000106e-03	-7.095937628495066485e-02	-1.138516877826891482e+00
2.200000000000000133e-03	-7.017812628495066762e-02	-1.127530549701891482e+00
2.210000000000000159e-03	-7.061757940995065652e-02	-1.134854768451891482e+00
2.220000000000000185e-03	-6.983632940995065930e-02	-1.122647737201891482e+00
2.230000000000000211e-03	-7.027578253495066207e-02	-1.129971955951891482e+00
2.239999999999999804e-03	-6.949453253495066485e-02	-1.118985627826891482e+00
2.249999999999999830e-03	-6.993398565995066762e-02	-1.126309846576891482e+00
2.259999999999999856e-03	-6.920156378495066762e-02	-1.114102815326891482e+00
2.269999999999999882e-03	-6.959218878495065930e-02	-1.121427034076891482e+00
2.279999999999999909e-03	-6.885976690995065930e-02	-1.109220002826891482e+00
2.289999999999999935e-03	-6.929922003495066207e-02	-1.116544221576891482e+00
2.299999999999999961e-03	-6.856679815995066207e-02	-1.105557893451891482e+00
2.309999999999999987e-03	-6.900625128495066485e-02	-1.112882112201891482e+00
2.320000000000000014e-03	-6.822500128495066762e-02	-1.100675080951891482e+00
2.330000000000000040e-03	-6.866445440995065652e-02	-1.107999299701891482e+00
2.340000000000000066e-03	-6.793203253495065652e-02	-1.097012971576891482e+00
2.350000000000000092e-03	-6.832265753495066207e-02	-1.104337190326891482e+00
2.360000000000000119e-03	-6.759023565995066207e-02	-1.092130159076891482e+00
2.370000000000000145e-03	-6.802968878495066485e-02	-1.099454377826891482e+00
2.380000000000000171e-03	-6.724843878495066762e-02	-1.087247346576891482e+00
2.390000000000000197e-03	-6.768789190995065652e-02	-1.094571565326891482e+00
2.399999999999999790e-03	-6.695547003495065652e-02	-1.083585237201891482e+00
2.409999999999999816e-03	-6.739492315995065930e-02	-1.090909455951891482e+00
2.419999999999999842e-03	-6.661367315995066207e-02	-1.078702424701891482e+00
2.429999999999999868e-03	-6.705312628495066485e-02	-1.086026643451891482e+00
2.439999999999999895e-03	-6.622304815995065652e-02	-1.073819612201891482e+00
2.449999999999999921e-03	-6.671132940995065652e-02	-1.082364534076891482e+00
2.459999999999999947e-03	-6.588125128495066207e-02	-1.070157502826891482e+00
2.469999999999999973e-03	-6.632070440995066485e-02	-1.077481721576891482e+00
2.480000000000000000e-03	-6.549062628495065652e-02	-1.065274690326891482e+00
2.490000000000000026e-03	-6.597890753495065652e-02	-1.072598909076891482e+00
2.500000000000000052e-03	-6.510000128495066485e-02	-1.061612580951891482e+00
2.510000000000000078e-03	-6.558828253495066485e-02	-1.068936799701891482e+00
2.520000000000000104e-03	-6.466054815995066207e-02	-1.056729768451891482e+00
2.530000000000000131e-03	-6.514882940995066207e-02	-1.064053987201891482e+00
2.540000000000000157e-03	-6.422109503495065930e-02	-1.051846955951891482e+00
2.550000000000000183e-03	-6.475820440995065652e-02	-1.060391877826891482e+00
2.560000000000000209e-03	-6.378164190995065652e-02	-1.048184846576891482e+00
2.569999999999999802e-03	-6.426992315995065652e-02	-1.055509065326891482e+00
2.579999999999999828e-03	-6.329336065995065652e-02	-1.043302034076891482e+00
2.589999999999999854e-03	-6.383047003495066762e-02	-1.051846955951891482e+00
2.599999999999999881e-03	-6.275625128495065930e-02	-1.039639924701891482e+00
2.609999999999999907e-03	-6.334218878495066762e-02	-1.046964143451891482e+00
2.619999999999999933e-03	-6.226797003495065930e-02	-1.034757112201891482e+00
2.629999999999999959e-03	-6.280507940995065652e-02	-1.042081330951891482e+00
2.639999999999999986e-03	-6.168203253495066485e-02	-1.031095002826891482e+00
2.650000000000000012e-03	-6.226797003495065930e-02	-1.038419221576891482e+00
2.660000000000000038e-03	-6.109609503495066346e-02	-1.026212190326891482e+00
2.670000000000000064e-03	-6.168203253495066485e-02	-1.033536409076891482e+00
2.680000000000000090e-03	-6.051015753495066207e-02	-1.022550080951891482e+00
2.690000000000000117e-03	-6.109609503495066346e-02	-1.029874299701891482e+00
2.700000000000000143e-03	-5.987539190995066346e-02	-1.017667268451891482e+00
2.710000000000000169e-03	-6.051015753495066207e-02	-1.024991487201891482e+00
2.720000000000000195e-03	-5.924062628495066485e-02	-1.012784455951891482e+00
2.729999999999999788e-03	-5.992422003495066068e-02	-1.021329377826891482e+00
2.739999999999999814e-03	-5.860586065995065930e-02	-1.009122346576891482e+00
2.749999999999999840e-03	-5.928945440995066207e-02	-1.016446565326891482e+00
2.759999999999999867e-03	-5.797109503495066068e-02	-1.004239534076891482e+00
2.769999999999999893e-03	-5.860586065995065930e-02	-1.012784455951891482e+00
2.779999999999999919e-03	-5.728750128495066485e-02	-9.993567215768914824e-01
2.789999999999999945e-03	-5.797109503495066068e-02	-1.007901643451891482e+00
2.799999999999999972e-03	-5.660390753495066207e-02	-9.956946122018914824e-01
2.809999999999999998e-03	-5.728750128495066485e-02	-1.003018830951891482e+00
2.820000000000000024e-03	-5.592031378495065930e-02	-9.908117997018914824e-01
2.830000000000000050e-03	-5.660390753495066207e-02	-9.981360184518914824e-01
2.840000000000000076e-03	-5.518789190995065930e-02	-9.871496903268914824e-01
2.850000000000000103e-03	-5.587148565995066207e-02	-9.944739090768914824e-01
2.860000000000000129e-03	-5.445547003495065930e-02	-9.822668778268914824e-01
2.870000000000000155e-03	-5.518789190995065930e-02	-9.895910965768914824e-01
2.880000000000000181e-03	-5.372304815995065930e-02	-9.786047684518914824e-01
2.890000000000000208e-03	-5.445547003495065930e-02	-9.859289872018914824e-01
2.899999999999999800e-03	-5.299062628495065930e-02	-9.737219559518914824e-01
2.909999999999999826e-03	-5.372304815995065930e-02	-9.810461747018914824e-01
2.919999999999999853e-03	-5.225820440995065930e-02	-9.688391434518914824e-01
2.929999999999999879e-03	-5.299062628495065930e-02	-9.773840653268914824e-01
2.939999999999999905e-03	-5.147695440995066207e-02	-9.651770340768914824e-01
2.949999999999999931e-03	-5.220937628495066207e-02	-9.725012528268914824e-01
2.959999999999999958e-03	-5.069570440995066485e-02	-9.602942215768914824e-01
2.969999999999999984e-03	-5.147695440995066207e-02	-9.676184403268914824e-01
2.980000000000000010e-03	-4.991445440995066068e-02	-9.554114090768914824e-01
2.990000000000000036e-03	-5.069570440995066485e-02	-9.639563309518914824e-01
3.000000000000000062e-03	-4.918203253495066068e-02	-9.517492997018914824e-01
3.010000000000000089e-03	-4.991445440995066068e-02	-9.590735184518914824e-01
3.020000000000000115e-03	-4.840078253495066346e-02	-9.468664872018914824e-01
3.030000000000000141e-03	-4.918203253495066068e-02	-9.541907059518914824e-01
3.040000000000000167e-03	-4.761953253495065930e-02	-9.432043778268914824e-01
3.050000000000000194e-03	-4.840078253495066346e-02	-9.505285965768914824e-01
3.059999999999999786e-03	-4.688711065995065930e-02	-9.383215653268914824e-01
3.069999999999999812e-03	-4.761953253495065930e-02	-9.456457840768914824e-01
3.079999999999999839e-03	-4.610586065995066207e-02	-9.346594559518914824e-01
3.089999999999999865e-03	-4.683828253495066207e-02	-9.419836747018914824e-01
3.099999999999999891e-03	-4.532461065995066485e-02	-9.297766434518914824e-01
3.109999999999999917e-03	-4.605703253495066485e-02	-9.371008622018914824e-01
3.119999999999999944e-03	-4.454336065995066068e-02	-9.248938309518914824e-01
3.129999999999999970e-03	-4.532461065995066485e-02	-9.322180497018914824e-01
3.139999999999999996e-03	-4.381093878495066068e-02	-9.212317215768914824e-01
3.150000000000000022e-03	-4.454336065995066068e-02	-9.285559403268914824e-01
3.160000000000000048e-03	-4.302968878495066346e-02	-9.163489090768914824e-01
3.170000000000000075e-03	-4.376211065995066346e-02	-9.236731278268914824e-01
3.180000000000000101e-03	-4.229726690995066346e-02	-9.126867997018914824e-01
3.190000000000000127e-03	-4.302968878495066346e-02	-9.200110184518914824e-01
3.200000000000000153e-03	-4.156484503495066346e-02	-9.078039872018914824e-01
3.210000000000000180e-03	-4.229726690995066346e-02	-9.151282059518914824e-01
3.220000000000000206e-03	-4.083242315995066346e-02	-9.029211747018914824e-01
3.229999999999999798e-03	-4.151601690995065930e-02	-9.114660965768914824e-01
3.239999999999999825e-03	-4.010000128495066346e-02	-8.992590653268914824e-01
3.249999999999999851e-03	-4.078359503495065930e-02	-9.065832840768914824e-01
3.259999999999999877e-03	-3.936757940995066346e-02	-8.955969559518914824e-01
3.269999999999999903e-03	-4.010000128495066346e-02	-9.029211747018914824e-01
3.279999999999999930e-03	-3.868398565995066068e-02	-8.907141434518914824e-01
3.289999999999999956e-03	-3.936757940995066346e-02	-8.980383622018914824e-01
3.299999999999999982e-03	-3.800039190995066485e-02	-8.858313309518914824e-01
3.310000000000000008e-03	-3.868398565995066068e-02	-8.931555497018914824e-01
3.320000000000000034e-03	-3.726797003495065791e-02	-8.821692215768914824e-01
3.330000000000000061e-03	-3.795156378495066068e-02	-8.894934403268914824e-01
3.340000000000000087e-03	-3.663320440995065930e-02	-8.772864090768914824e-01
3.350000000000000113e-03	-3.726797003495065791e-02	-8.846106278268914824e-01
3.360000000000000139e-03	-3.594961065995066346e-02	-8.724035965768914824e-01
3.370000000000000166e-03	-3.658437628495066207e-02	-8.797278153268914824e-01
3.380000000000000192e-03	-3.526601690995066068e-02	-8.687414872018914824e-01
3.389999999999999784e-03	-3.594961065995066346e-02	-8.760657059518914824e-01
3.399999999999999811e-03	-3.463125128495066207e-02	-8.638586747018914824e-01
3.409999999999999837e-03	-3.526601690995066068e-02	-8.711828934518914824e-01
3.419999999999999863e-03	-3.399648565995066346e-02	-8.601965653268914824e-01
3.429999999999999889e-03	-3.463125128495066207e-02	-8.675207840768914824e-01
3.439999999999999915e-03	-3.336172003495065791e-02	-8.553137528268914824e-01
3.449999999999999942e-03	-3.399648565995066346e-02	-8.626379715768914824e-01
3.459999999999999968e-03	-3.272695440995065930e-02	-8.504309403268914824e-01
3.469999999999999994e-03	-3.331289190995066068e-02	-8.589758622018914824e-01
3.480000000000000020e-03	-3.209218878495066068e-02	-8.467688309518914824e-01
3.490000000000000047e-03	-3.272695440995065930e-02	-8.540930497018914824e-01
3.500000000000000073e-03	-3.145742315995066207e-02	-8.418860184518914824e-01
3.510000000000000099e-03	-3.209218878495066068e-02	-8.492102372018914824e-01
3.520000000000000125e-03	-3.087148565995066068e-02	-8.382239090768914824e-01
3.530000000000000152e-03	-3.145742315995066207e-02	-8.455481278268914824e-01
3.540000000000000178e-03	-3.028554815995065930e-02	-8.333410965768914824e-01
3.550000000000000204e-03	-3.087148565995066068e-02	-8.406653153268914824e-01
3.559999999999999797e-03	-2.965078253495066068e-02	-8.284582840768914824e-01
3.569999999999999823e-03	-3.023672003495066207e-02	-8.370032059518914824e-01
3.579999999999999849e-03	-2.911367315995065999e-02	-8.247961747018914824e-01
3.589999999999999875e-03	-2.969961065995066138e-02	-8.321203934518914824e-01
3.599999999999999901e-03	-2.852773565995066207e-02	-8.199133622018914824e-01
3.609999999999999928e-03	-2.911367315995065999e-02	-8.272375809518914824e-01
3.619999999999999954e-03	-2.794179815995066068e-02	-8.162512528268914824e-01
3.629999999999999980e-03	-2.852773565995066207e-02	-8.235754715768914824e-01
3.640000000000000006e-03	-2.740468878495065999e-02	-8.113684403268914824e-01
3.650000000000000033e-03	-2.794179815995066068e-02	-8.186926590768914824e-01
3.660000000000000059e-03	-2.681875128495066207e-02	-8.077063309518914824e-01
3.670000000000000085e-03	-2.740468878495065999e-02	-8.138098465768914824e-01
3.680000000000000111e-03	-2.628164190995066138e-02	-8.028235184518914824e-01
3.690000000000000138e-03	-2.686757940995065930e-02	-8.101477372018914824e-01
3.700000000000000164e-03	-2.574453253495066068e-02	-7.979407059518914824e-01
3.710000000000000190e-03	-2.633047003495066207e-02	-8.052649247018914824e-01
3.720000000000000216e-03	-2.520742315995065999e-02	-7.942785965768914824e-01
3.729999999999999809e-03	-2.574453253495066068e-02	-8.016028153268914824e-01
3.739999999999999835e-03	-2.467031378495065930e-02	-7.893957840768914824e-01
3.749999999999999861e-03	-2.525625128495066068e-02	-7.967200028268914824e-01
3.759999999999999887e-03	-2.413320440995066207e-02	-7.845129715768914824e-01
3.769999999999999914e-03	-2.471914190995065999e-02	-7.930578934518914824e-01
3.779999999999999940e-03	-2.364492315995066207e-02	-7.808508622018914824e-01
3.789999999999999966e-03	-2.418203253495065930e-02	-7.881750809518914824e-01
3.799999999999999992e-03	-2.310781378495066138e-02	-7.759680497018914824e-01
3.810000000000000019e-03	-2.364492315995066207e-02	-7.832922684518914824e-01
3.820000000000000045e-03	-2.257070440995066068e-02	-7.723059403268914824e-01
3.830000000000000071e-03	-2.315664190995066207e-02	-7.796301590768914824e-01
3.840000000000000097e-03	-2.208242315995066068e-02	-7.674231278268914824e-01
3.850000000000000124e-03	-2.266836065995066207e-02	-7.759680497018914824e-01
3.860000000000000150e-03	-2.159414190995066068e-02	-7.637610184518914824e-01
3.870000000000000176e-03	-2.213125128495066138e-02	-7.710852372018914824e-01
3.880000000000000202e-03	-2.110586065995066068e-02	-7.588782059518914824e-01
3.889999999999999795e-03	-2.164297003495066138e-02	-7.662024247018914824e-01
3.899999999999999821e-03	-2.061757940995066068e-02	-7.552160965768914824e-01
3.910000000000000281e-03	-2.115468878495066138e-02	-7.625403153268914824e-01
3.919999999999999873e-03	-2.012929815995066068e-02	-7.503332840768914824e-01
3.930000000000000333e-03	-2.061757940995066068e-02	-7.576575028268914824e-01
3.939999999999999926e-03	-1.959218878495065999e-02	-7.454504715768914824e-01
3.950000000000000386e-03	-2.012929815995066068e-02	-7.527746903268914824e-01
3.959999999999999978e-03	-1.910390753495065999e-02	-7.417883622018914824e-01
3.969999999999999571e-03	-1.964101690995066068e-02	-7.491125809518914824e-01
3.980000000000000031e-03	-1.861562628495065999e-02	-7.369055497018914824e-01
3.989999999999999623e-03	-1.915273565995066068e-02	-7.442297684518914824e-01
4.000000000000000083e-03	-1.817617315995066068e-02	-7.332434403268914824e-01
4.009999999999999676e-03	-1.866445440995066068e-02	-7.405676590768914824e-01
4.020000000000000136e-03	-1.768789190995066068e-02	-7.283606278268914824e-01
4.029999999999999728e-03	-1.822500128495066138e-02	-7.356848465768914824e-01
4.040000000000000188e-03	-1.724843878495066138e-02	-7.234778153268914824e-01
4.049999999999999781e-03	-1.773672003495066138e-02	-7.320227372018914824e-01
4.060000000000000241e-03	-1.676015753495066138e-02	-7.198157059518914824e-01
4.069999999999999833e-03	-1.729726690995065860e-02	-7.271399247018914824e-01
4.080000000000000293e-03	-1.632070440995065860e-02	-7.149328934518914824e-01
4.089999999999999886e-03	-1.680898565995065860e-02	-7.222571122018914824e-01
4.100000000000000346e-03	-1.588125128495065930e-02	-7.112707840768914824e-01
4.109999999999999938e-03	-1.636953253495065930e-02	-7.185950028268914824e-01
4.120000000000000398e-03	-1.544179815995065999e-02	-7.063879715768914824e-01
4.129999999999999991e-03	-1.593007940995065999e-02	-7.137121903268914824e-01
4.139999999999999583e-03	-1.500234503495066068e-02	-7.027258622018914824e-01
4.150000000000000043e-03	-1.553945440995065964e-02	-7.100500809518914824e-01
4.159999999999999636e-03	-1.461172003495066034e-02	-6.978430497018914824e-01
4.170000000000000095e-03	-1.510000128495066034e-02	-7.051672684518914824e-01
4.179999999999999688e-03	-1.417226690995065930e-02	-6.929602372018914824e-01
4.190000000000000148e-03	-1.466054815995065930e-02	-7.015051590768914824e-01
4.199999999999999740e-03	-1.378164190995066068e-02	-6.892981278268914824e-01
4.210000000000000200e-03	-1.422109503495065999e-02	-6.966223465768914824e-01
4.219999999999999793e-03	-1.334218878495065964e-02	-6.844153153268914824e-01
4.230000000000000253e-03	-1.383047003495065964e-02	-6.917395340768914824e-01
4.239999999999999845e-03	-1.295156378495065930e-02	-6.807532059518914824e-01
4.250000000000000305e-03	-1.343984503495065930e-02	-6.880774247018914824e-01
4.259999999999999898e-03	-1.256093878495066068e-02	-6.758703934518914824e-01
4.270000000000000358e-03	-1.304922003495066068e-02	-6.831946122018914824e-01
4.279999999999999950e-03	-1.217031378495065860e-02	-6.722082840768914824e-01
4.290000000000000410e-03	-1.260976690995065964e-02	-6.795325028268914824e-01
4.300000000000000003e-03	-1.182851690995065895e-02	-6.673254715768914824e-01
4.309999999999999595e-03	-1.226797003495065826e-02	-6.746496903268914824e-01
4.320000000000000055e-03	-1.143789190995065860e-02	-6.636633622018914824e-01
4.329999999999999648e-03	-1.187734503495065791e-02	-6.709875809518914824e-01
4.340000000000000108e-03	-1.104726690995065826e-02	-6.587805497018914824e-01
4.349999999999999700e-03	-1.148672003495065930e-02	-6.661047684518914824e-01
4.360000000000000160e-03	-1.065664190995065791e-02	-6.538977372018914824e-01
4.369999999999999753e-03	-1.109609503495065895e-02	-6.612219559518914824e-01
4.380000000000000213e-03	-1.026601690995065930e-02	-6.490149247018914824e-01
4.389999999999999805e-03	-1.075429815995065930e-02	-6.575598465768914824e-01
4.400000000000000265e-03	-9.924220034950657909e-03	-6.453528153268914824e-01
4.409999999999999858e-03	-1.036367315995065895e-02	-6.526770340768914824e-01
4.420000000000000318e-03	-9.582423159950658256e-03	-6.416907059518914824e-01
4.429999999999999910e-03	-1.002187628495065930e-02	-6.490149247018914824e-01
4.440000000000000370e-03	-9.240626284950658603e-03	-6.368078934518914824e-01
4.449999999999999963e-03	-9.680079409950657909e-03	-6.441321122018914824e-01
4.460000000000000422e-03	-8.898829409950658950e-03	-6.319250809518914824e-01
4.470000000000000015e-03	-9.338282534950658256e-03	-6.404700028268914824e-01
4.479999999999999608e-03	-8.605860659950658256e-03	-6.282629715768914824e-01
4.490000000000000067e-03	-8.996485659950658603e-03	-6.355871903268914824e-01
4.499999999999999660e-03	-8.264063784950658603e-03	-6.233801590768914824e-01
4.510000000000000120e-03	-8.703516909950657909e-03	-6.307043778268914824e-01
4.519999999999999712e-03	-7.971095034950657909e-03	-6.197180497018914824e-01
4.530000000000000172e-03	-8.361720034950658256e-03	-6.270422684518914824e-01
4.539999999999999765e-03	-7.678126284950658083e-03	-6.148352372018914824e-01
4.550000000000000225e-03	-8.068751284950657562e-03	-6.221594559518914824e-01
4.559999999999999817e-03	-7.385157534950658256e-03	-6.111731278268914824e-01
4.570000000000000277e-03	-7.775782534950658603e-03	-6.184973465768914824e-01
4.579999999999999870e-03	-7.141016909950658256e-03	-6.062903153268914824e-01
4.590000000000000330e-03	-7.531641909950658603e-03	-6.136145340768914824e-01
4.599999999999999922e-03	-6.848048159950658430e-03	-6.026282059518914824e-01
4.610000000000000382e-03	-7.238673159950657909e-03	-6.099524247018914824e-01
4.619999999999999975e-03	-6.603907534950658430e-03	-5.977453934518914824e-01
4.629999999999999567e-03	-6.994532534950657909e-03	-6.050696122018914824e-01
4.640000000000000027e-03	-6.359766909950658430e-03	-5.928625809518914824e-01
4.649999999999999620e-03	-6.750391909950657909e-03	-6.001867997018914824e-01
4.660000000000000080e-03	-6.115626284950658430e-03	-5.892004715768914824e-01
4.669999999999999672e-03	-6.506251284950657909e-03	-5.965246903268914824e-01
4.680000000000000132e-03	-5.920313784950658256e-03	-5.843176590768914824e-01
4.689999999999999725e-03	-6.262110659950657909e-03	-5.916418778268914824e-01
4.700000000000000185e-03	-5.676173159950658256e-03	-5.806555497018914824e-01
4.709999999999999777e-03	-6.066798159950658603e-03	-5.879797684518914824e-01
4.720000000000000237e-03	-5.480860659950658083e-03	-5.757727372018914824e-01
4.729999999999999830e-03	-5.822657534950658603e-03	-5.830969559518914824e-01
4.740000000000000289e-03	-5.236720034950658083e-03	-5.721106278268914824e-01
4.749999999999999882e-03	-5.627345034950658430e-03	-5.794348465768914824e-01
4.760000000000000342e-03	-5.041407534950657909e-03	-5.672278153268914824e-01
4.769999999999999934e-03	-5.432032534950658256e-03	-5.745520340768914824e-01
4.780000000000000394e-03	-4.797266909950657909e-03	-5.635657059518914824e-01
4.789999999999999987e-03	-5.187891909950658256e-03	-5.696692215768914824e-01
4.799999999999999580e-03	-4.601954409950657736e-03	-5.586828934518914824e-01
4.810000000000000039e-03	-4.992579409950658083e-03	-5.660071122018914824e-01
4.819999999999999632e-03	-4.406641909950658430e-03	-5.550207840768914824e-01
4.830000000000000092e-03	-4.797266909950657909e-03	-5.623450028268914824e-01
4.839999999999999684e-03	-4.211329409950658256e-03	-5.501379715768914824e-01
4.850000000000000144e-03	-4.553126284950657909e-03	-5.574621903268914824e-01
4.859999999999999737e-03	-3.967188784950658256e-03	-5.464758622018914824e-01
4.870000000000000197e-03	-4.357813784950657736e-03	-5.525793778268914824e-01
4.879999999999999789e-03	-3.771876284950658083e-03	-5.415930497018914824e-01
4.890000000000000249e-03	-4.162501284950658430e-03	-5.489172684518914824e-01
4.899999999999999842e-03	-3.576563784950657909e-03	-5.379309403268914824e-01
4.910000000000000302e-03	-3.967188784950658256e-03	-5.452551590768914824e-01
4.919999999999999894e-03	-3.381251284950658170e-03	-5.330481278268914824e-01
4.930000000000000354e-03	-3.723048159950658256e-03	-5.403723465768914824e-01
4.939999999999999947e-03	-3.137110659950658170e-03	-5.293860184518914824e-01
4.950000000000000407e-03	-3.527735659950658083e-03	-5.354895340768914824e-01
4.959999999999999999e-03	-2.990626284950658256e-03	-5.245032059518914824e-01
4.969999999999999592e-03	-3.332423159950657909e-03	-5.318274247018914824e-01
4.980000000000000052e-03	-2.795313784950658083e-03	-5.196203934518914824e-01
4.989999999999999644e-03	-3.137110659950658170e-03	-5.269446122018914824e-01
5.000000000000000104e-03	-2.600001284950657909e-03	-5.159582840768914824e-01
5.009999999999999697e-03	-2.941798159950657996e-03	-5.232825028268914824e-01
5.020000000000000157e-03	-2.404688784950658170e-03	-5.110754715768914824e-01
5.029999999999999749e-03	-2.795313784950658083e-03	-5.183996903268914824e-01
5.040000000000000209e-03	-2.258204409950657823e-03	-5.074133622018914824e-01
5.049999999999999802e-03	-2.600001284950657909e-03	-5.147375809518914824e-01
5.060000000000000261e-03	-2.111720034950657909e-03	-5.025305497018914824e-01
5.069999999999999854e-03	-2.453516909950657996e-03	-5.098547684518914824e-01
5.080000000000000314e-03	-1.916407534950657953e-03	-4.988684403268914269e-01
5.089999999999999906e-03	-2.307032534950658083e-03	-5.061926590768914824e-01
5.100000000000000366e-03	-1.769923159950658039e-03	-4.939856278268914269e-01
5.109999999999999959e-03	-2.160548159950658170e-03	-5.013098465768914824e-01
5.120000000000000419e-03	-1.623438784950657909e-03	-4.903235184518914269e-01
5.130000000000000011e-03	-2.014063784950657823e-03	-4.976477372018914269e-01
5.139999999999999604e-03	-1.525782534950658039e-03	-4.854407059518914269e-01
5.150000000000000064e-03	-1.867579409950657909e-03	-4.927649247018914269e-01
5.159999999999999656e-03	-1.379298159950657909e-03	-4.817785965768914269e-01
5.170000000000000116e-03	-1.721095034950657996e-03	-4.891028153268914269e-01
5.179999999999999709e-03	-1.232813784950657996e-03	-4.768957840768914269e-01
5.190000000000000169e-03	-1.574610659950658083e-03	-4.842200028268914269e-01
5.199999999999999761e-03	-1.135157534950657909e-03	-4.732336747018914269e-01
5.210000000000000221e-03	-1.476954409950657996e-03	-4.805578934518914269e-01
5.219999999999999814e-03	-9.886731599506579961e-04	-4.683508622018914269e-01
5.230000000000000274e-03	-1.330470034950658083e-03	-4.756750809518914269e-01
5.239999999999999866e-03	-8.910169099506579093e-04	-4.646887528268914269e-01
5.250000000000000326e-03	-1.232813784950657996e-03	-4.720129715768914269e-01
5.259999999999999919e-03	-7.445325349506579961e-04	-4.598059403268914269e-01
5.270000000000000379e-03	-1.086329409950657866e-03	-4.671301590768914269e-01
5.279999999999999971e-03	-6.468762849506579093e-04	-4.549231278268914269e-01
5.290000000000000431e-03	-9.886731599506579961e-04	-4.634680497018914269e-01
5.300000000000000024e-03	-5.003919099506578877e-04	-4.512610184518914269e-01
5.309999999999999616e-03	-8.421887849506579744e-04	-4.585852372018914269e-01
5.320000000000000076e-03	-4.027356599506579093e-04	-4.475989090768914269e-01
5.329999999999999669e-03	-7.445325349506579961e-04	-4.549231278268914269e-01
5.340000000000000129e-03	-2.562512849506579419e-04	-4.427160965768914269e-01
5.349999999999999721e-03	-5.980481599506579744e-04	-4.500403153268914269e-01
5.360000000000000181e-03	-1.097669099506579202e-04	-4.390539872018914269e-01
5.369999999999999774e-03	-4.515637849506579527e-04	-4.451575028268914269e-01
5.380000000000000233e-03	-1.211065995065790968e-05	-4.341711747018914269e-01
5.389999999999999826e-03	-3.539075349506579202e-04	-4.414953934518914269e-01
5.400000000000000286e-03	1.343737150493421069e-04	-4.305090653268914269e-01
5.409999999999999878e-03	-2.074231599506579256e-04	-4.378332840768914269e-01
5.420000000000000338e-03	2.808580900493421015e-04	-4.256262528268914269e-01
5.429999999999999931e-03	-6.093878495065791070e-05	-4.329504715768914269e-01
5.440000000000000391e-03	4.273424650493421232e-04	-4.219641434518914269e-01
5.449999999999999983e-03	8.554559004934209065e-05	-4.280676590768914269e-01
5.459999999999999576e-03	5.738268400493420907e-04	-4.170813309518914269e-01
5.470000000000000036e-03	1.832018400493420961e-04	-4.244055497018914269e-01
5.479999999999999628e-03	7.203112150493421123e-04	-4.134192215768914269e-01
5.490000000000000088e-03	3.785143400493421340e-04	-4.207434403268914269e-01
5.499999999999999681e-03	8.179674650493420907e-04	-4.085364090768914269e-01
5.510000000000000141e-03	4.761705900493421123e-04	-4.158606278268914269e-01
5.519999999999999733e-03	9.644518400493421123e-04	-4.048742997018914269e-01
5.530000000000000193e-03	6.226549650493421340e-04	-4.121985184518914269e-01
5.539999999999999786e-03	1.062108090049342091e-03	-3.999914872018914269e-01
5.550000000000000246e-03	7.691393400493421557e-04	-4.073157059518914269e-01
5.559999999999999838e-03	1.159764340049342177e-03	-3.963293778268914269e-01
5.570000000000000298e-03	8.667955900493421340e-04	-4.036535965768914269e-01
5.579999999999999891e-03	1.257420590049342264e-03	-3.914465653268914269e-01
5.590000000000000351e-03	1.013279965049342047e-03	-3.987707840768914269e-01
5.599999999999999943e-03	1.403904965049342177e-03	-3.877844559518914269e-01
5.610000000000000403e-03	1.062108090049342091e-03	-3.951086747018914269e-01
5.619999999999999996e-03	1.501561215049342264e-03	-3.829016434518914269e-01
5.629999999999999588e-03	1.159764340049342177e-03	-3.902258622018914269e-01
5.640000000000000048e-03	1.599217465049342134e-03	-3.792395340768914269e-01
5.649999999999999641e-03	1.257420590049342264e-03	-3.865637528268914269e-01
5.660000000000000100e-03	1.696873715049342221e-03	-3.743567215768914269e-01
5.669999999999999693e-03	1.355076840049342134e-03	-3.816809403268914269e-01
5.680000000000000153e-03	1.794529965049342091e-03	-3.706946122018914269e-01
5.689999999999999745e-03	1.452733090049342221e-03	-3.780188309518914269e-01
5.700000000000000205e-03	1.892186215049342177e-03	-3.658117997018914269e-01
5.709999999999999798e-03	1.550389340049342091e-03	-3.731360184518914269e-01
5.720000000000000258e-03	1.941014340049342221e-03	-3.621496903268914269e-01
5.729999999999999850e-03	1.599217465049342134e-03	-3.694739090768914269e-01
5.740000000000000310e-03	2.038670590049342091e-03	-3.572668778268914269e-01
5.749999999999999903e-03	1.696873715049342221e-03	-3.645910965768914269e-01
5.760000000000000363e-03	2.087498715049342351e-03	-3.536047684518914269e-01
5.769999999999999955e-03	1.794529965049342091e-03	-3.609289872018914269e-01
5.780000000000000415e-03	2.185154965049342004e-03	-3.487219559518914269e-01
5.790000000000000008e-03	1.843358090049342134e-03	-3.560461747018914269e-01
5.799999999999999600e-03	2.282811215049342091e-03	-3.450598465768914269e-01
5.810000000000000060e-03	1.941014340049342221e-03	-3.523840653268914269e-01
5.819999999999999653e-03	2.331639340049342351e-03	-3.401770340768914269e-01
5.830000000000000113e-03	1.989842465049342264e-03	-3.475012528268914269e-01
5.839999999999999705e-03	2.380467465049342177e-03	-3.365149247018914269e-01
5.850000000000000165e-03	2.087498715049342351e-03	-3.438391434518914269e-01
5.859999999999999758e-03	2.478123715049342264e-03	-3.316321122018914269e-01
5.870000000000000218e-03	2.136326840049342177e-03	-3.389563309518914269e-01
5.879999999999999810e-03	2.526951840049342091e-03	-3.279700028268914269e-01
5.890000000000000270e-03	2.233983090049342264e-03	-3.352942215768914269e-01
5.899999999999999863e-03	2.624608090049342177e-03	-3.243078934518914269e-01
5.910000000000000323e-03	2.282811215049342091e-03	-3.304114090768914269e-01
5.919999999999999915e-03	2.673436215049342438e-03	-3.194250809518914269e-01
5.930000000000000375e-03	2.331639340049342351e-03	-3.267492997018914269e-01
5.939999999999999968e-03	2.722264340049342264e-03	-3.145422684518914269e-01
5.950000000000000427e-03	2.429295590049342438e-03	-3.218664872018914269e-01
5.960000000000000020e-03	2.819920590049342351e-03	-3.108801590768914824e-01
5.969999999999999613e-03	2.478123715049342264e-03	-3.182043778268914269e-01
5.980000000000000072e-03	2.868748715049342177e-03	-3.059973465768914824e-01
5.989999999999999665e-03	2.575779965049342351e-03	-3.133215653268914269e-01
6.000000000000000125e-03	2.917576840049342438e-03	-3.023352372018914824e-01
6.009999999999999717e-03	2.624608090049342177e-03	-3.096594559518914824e-01
6.020000000000000177e-03	2.966404965049342264e-03	-2.986731278268914824e-01
6.029999999999999770e-03	2.673436215049342438e-03	-3.047766434518914824e-01
6.040000000000000230e-03	3.064061215049342351e-03	-2.937903153268914824e-01
6.049999999999999822e-03	2.722264340049342264e-03	-3.011145340768914824e-01
6.060000000000000282e-03	3.112889340049342177e-03	-2.901282059518914824e-01
6.069999999999999875e-03	2.819920590049342351e-03	-2.974524247018914824e-01
6.080000000000000335e-03	3.161717465049342438e-03	-2.852453934518914824e-01
6.089999999999999927e-03	2.868748715049342177e-03	-2.925696122018914824e-01
6.100000000000000387e-03	3.259373715049342091e-03	-2.815832840768914824e-01
6.109999999999999980e-03	2.917576840049342438e-03	-2.876867997018914824e-01
6.119999999999999572e-03	3.308201840049342351e-03	-2.767004715768914824e-01
6.130000000000000032e-03	2.966404965049342264e-03	-2.840246903268914824e-01
6.139999999999999625e-03	3.357029965049342177e-03	-2.730383622018914824e-01
6.150000000000000085e-03	3.015233090049342091e-03	-2.803625809518914824e-01
6.159999999999999677e-03	3.405858090049342438e-03	-2.681555497018914824e-01
6.170000000000000137e-03	3.064061215049342351e-03	-2.754797684518914824e-01
6.179999999999999730e-03	3.405858090049342438e-03	-2.644934403268914824e-01
6.190000000000000190e-03	3.112889340049342177e-03	-2.718176590768914824e-01
6.199999999999999782e-03	3.454686215049342264e-03	-2.596106278268914824e-01
6.210000000000000242e-03	3.112889340049342177e-03	-2.669348465768914824e-01
6.219999999999999835e-03	3.503514340049342091e-03	-2.559485184518914824e-01
6.230000000000000294e-03	3.161717465049342438e-03	-2.632727372018914824e-01
6.239999999999999887e-03	3.503514340049342091e-03	-2.510657059518914824e-01
6.250000000000000347e-03	3.210545590049342264e-03	-2.583899247018914824e-01
6.259999999999999939e-03	3.552342465049342351e-03	-2.474035965768914547e-01
6.270000000000000399e-03	3.210545590049342264e-03	-2.547278153268914824e-01
6.279999999999999992e-03	3.552342465049342351e-03	-2.425207840768914547e-01
6.289999999999999584e-03	3.259373715049342091e-03	-2.498450028268914547e-01
6.300000000000000044e-03	3.601170590049342177e-03	-2.388586747018914547e-01
6.309999999999999637e-03	3.259373715049342091e-03	-2.461828934518914547e-01
6.320000000000000097e-03	3.601170590049342177e-03	-2.339758622018914547e-01
6.329999999999999689e-03	3.259373715049342091e-03	-2.425207840768914547e-01
6.340000000000000149e-03	3.601170590049342177e-03	-2.303137528268914547e-01
6.349999999999999742e-03	3.308201840049342351e-03	-2.376379715768914547e-01
6.360000000000000202e-03	3.649998715049342438e-03	-2.266516434518914547e-01
6.369999999999999794e-03	3.308201840049342351e-03	-2.339758622018914547e-01
6.380000000000000254e-03	3.649998715049342438e-03	-2.217688309518914547e-01
6.389999999999999847e-03	3.357029965049342177e-03	-2.290930497018914547e-01
6.400000000000000307e-03	3.698826840049342264e-03	-2.181067215768914547e-01
6.409999999999999899e-03	3.357029965049342177e-03	-2.254309403268914547e-01
6.420000000000000359e-03	3.698826840049342264e-03	-2.132239090768914547e-01
6.429999999999999952e-03	3.405858090049342438e-03	-2.205481278268914547e-01
6.440000000000000412e-03	3.747654965049342091e-03	-2.095617997018914547e-01
6.450000000000000004e-03	3.405858090049342438e-03	-2.168860184518914547e-01
6.459999999999999597e-03	3.796483090049342351e-03	-2.058996903268914547e-01
6.470000000000000057e-03	3.454686215049342264e-03	-2.120032059518914547e-01
6.479999999999999649e-03	3.796483090049342351e-03	-2.010168778268914547e-01
6.490000000000000109e-03	3.503514340049342091e-03	-2.083410965768914547e-01
6.499999999999999702e-03	3.845311215049342177e-03	-1.973547684518914547e-01
6.510000000000000162e-03	3.503514340049342091e-03	-2.046789872018914547e-01
6.519999999999999754e-03	3.894139340049342438e-03	-1.924719559518914547e-01
6.530000000000000214e-03	3.552342465049342351e-03	-1.997961747018914547e-01
6.539999999999999807e-03	3.942967465049342264e-03	-1.888098465768914547e-01
6.550000000000000266e-03	3.601170590049342177e-03	-1.961340653268914547e-01
6.559999999999999859e-03	3.991795590049342091e-03	-1.839270340768914547e-01
6.570000000000000319e-03	3.649998715049342438e-03	-1.912512528268914547e-01
6.579999999999999911e-03	3.991795590049342091e-03	-1.802649247018914547e-01
6.590000000000000371e-03	3.698826840049342264e-03	-1.875891434518914547e-01
6.599999999999999964e-03	4.040623715049341917e-03	-1.753821122018914547e-01
6.610000000000000424e-03	3.698826840049342264e-03	-1.827063309518914547e-01
6.620000000000000016e-03	4.089451840049342611e-03	-1.717200028268914547e-01
6.629999999999999609e-03	3.747654965049342091e-03	-1.790442215768914547e-01
6.640000000000000069e-03	4.089451840049342611e-03	-1.680578934518914547e-01
6.649999999999999661e-03	3.796483090049342351e-03	-1.753821122018914547e-01
6.660000000000000121e-03	4.138279965049342438e-03	-1.631750809518914547e-01
6.669999999999999714e-03	3.796483090049342351e-03	-1.704992997018914547e-01
6.680000000000000174e-03	4.138279965049342438e-03	-1.595129715768914547e-01
6.689999999999999766e-03	3.845311215049342177e-03	-1.668371903268914547e-01
6.700000000000000226e-03	4.138279965049342438e-03	-1.546301590768914547e-01
6.709999999999999819e-03	3.845311215049342177e-03	-1.619543778268914547e-01
6.720000000000000279e-03	4.187108090049342264e-03	-1.509680497018914547e-01
6.729999999999999871e-03	3.845311215049342177e-03	-1.582922684518914547e-01
6.740000000000000331e-03	4.187108090049342264e-03	-1.473059403268914547e-01
6.749999999999999924e-03	3.894139340049342438e-03	-1.534094559518914547e-01
6.760000000000000384e-03	4.187108090049342264e-03	-1.424231278268914547e-01
6.769999999999999976e-03	3.894139340049342438e-03	-1.497473465768914547e-01
6.779999999999999569e-03	4.187108090049342264e-03	-1.387610184518914547e-01
6.790000000000000029e-03	3.894139340049342438e-03	-1.460852372018914547e-01
6.799999999999999621e-03	4.187108090049342264e-03	-1.338782059518914547e-01
6.810000000000000081e-03	3.894139340049342438e-03	-1.412024247018914547e-01
6.819999999999999674e-03	4.187108090049342264e-03	-1.302160965768914547e-01
6.830000000000000134e-03	3.894139340049342438e-03	-1.375403153268914547e-01
6.839999999999999726e-03	4.187108090049342264e-03	-1.253332840768914547e-01
6.850000000000000186e-03	3.894139340049342438e-03	-1.326575028268914547e-01
6.859999999999999779e-03	4.187108090049342264e-03	-1.216711747018914547e-01
6.870000000000000238e-03	3.845311215049342177e-03	-1.289953934518914547e-01
6.879999999999999831e-03	4.187108090049342264e-03	-1.167883622018914547e-01
6.890000000000000291e-03	3.845311215049342177e-03	-1.241125809518914547e-01
6.899999999999999883e-03	4.187108090049342264e-03	-1.131262528268914547e-01
6.910000000000000343e-03	3.845311215049342177e-03	-1.204504715768914547e-01
6.919999999999999936e-03	4.187108090049342264e-03	-1.082434403268914547e-01
6.930000000000000396e-03	3.894139340049342438e-03	-1.167883622018914547e-01
6.939999999999999988e-03	4.187108090049342264e-03	-1.045813309518914547e-01
6.949999999999999581e-03	3.894139340049342438e-03	-1.119055497018914547e-01
6.960000000000000041e-03	4.187108090049342264e-03	-1.009192215768914547e-01
6.969999999999999633e-03	3.894139340049342438e-03	-1.082434403268914547e-01
6.980000000000000093e-03	4.187108090049342264e-03	-9.603640907689145467e-02
6.989999999999999686e-03	3.894139340049342438e-03	-1.033606278268914547e-01
7.000000000000000146e-03	4.235936215049342091e-03	-9.237429970189145467e-02
7.009999999999999738e-03	3.894139340049342438e-03	-9.969851845189145467e-02
7.020000000000000198e-03	4.235936215049342091e-03	-8.749148720189145467e-02
7.029999999999999791e-03	3.894139340049342438e-03	-9.481570595189145467e-02
7.040000000000000251e-03	4.235936215049342091e-03	-8.382937782689145467e-02
7.049999999999999843e-03	3.894139340049342438e-03	-9.115359657689145467e-02
7.060000000000000303e-03	4.235936215049342091e-03	-8.016726845189145467e-02
7.069999999999999896e-03	3.942967465049342264e-03	-8.749148720189145467e-02
7.080000000000000356e-03	4.235936215049342091e-03	-7.528445595189145467e-02
7.089999999999999948e-03	3.942967465049342264e-03	-8.260867470189145467e-02
7.100000000000000408e-03	4.235936215049342091e-03	-7.162234657689145467e-02
7.110000000000000001e-03	3.942967465049342264e-03	-7.894656532689145467e-02
7.119999999999999593e-03	4.284764340049341917e-03	-6.673953407689145467e-02
7.130000000000000053e-03	3.942967465049342264e-03	-7.406375282689145467e-02
7.139999999999999646e-03	4.284764340049341917e-03	-6.307742470189145467e-02
7.150000000000000105e-03	3.942967465049342264e-03	-7.040164345189145467e-02
7.159999999999999698e-03	4.284764340049341917e-03	-5.941531532689146161e-02
7.170000000000000158e-03	3.942967465049342264e-03	-6.673953407689145467e-02
7.179999999999999750e-03	4.284764340049341917e-03	-5.453250282689146161e-02
7.190000000000000210e-03	3.942967465049342264e-03	-6.185672157689146161e-02
7.199999999999999803e-03	4.284764340049341917e-03	-5.087039345189146161e-02
7.210000000000000263e-03	3.942967465049342264e-03	-5.819461220189146161e-02
7.219999999999999855e-03	4.284764340049341917e-03	-4.598758095189146161e-02
7.230000000000000315e-03	3.942967465049342264e-03	-5.331179970189146161e-02
7.239999999999999908e-03	4.235936215049342091e-03	-4.232547157689146161e-02
7.250000000000000368e-03	3.942967465049342264e-03	-4.964969032689146161e-02
7.259999999999999960e-03	4.235936215049342091e-03	-3.866336220189146161e-02
7.270000000000000420e-03	3.942967465049342264e-03	-4.598758095189146161e-02
7.280000000000000013e-03	4.235936215049342091e-03	-3.378054970189146161e-02
7.289999999999999605e-03	3.942967465049342264e-03	-4.110476845189146161e-02
7.300000000000000065e-03	4.235936215049342091e-03	-3.011844032689146161e-02
7.309999999999999658e-03	3.894139340049342438e-03	-3.744265907689146161e-02
7.320000000000000118e-03	4.235936215049342091e-03	-2.523562782689146161e-02
7.329999999999999710e-03	3.894139340049342438e-03	-3.255984657689146161e-02
7.340000000000000170e-03	4.235936215049342091e-03	-2.157351845189146161e-02
7.349999999999999763e-03	3.894139340049342438e-03	-2.889773720189146161e-02
7.360000000000000223e-03	4.235936215049342091e-03	-1.791140907689146161e-02
7.369999999999999815e-03	3.894139340049342438e-03	-2.401492470189146161e-02
7.380000000000000275e-03	4.235936215049342091e-03	-1.302859657689146161e-02
7.389999999999999868e-03	3.894139340049342438e-03	-2.035281532689146161e-02
7.400000000000000328e-03	4.235936215049342091e-03	-9.366487201891461611e-03
7.409999999999999920e-03	3.894139340049342438e-03	-1.669070595189146161e-02
7.420000000000000380e-03	4.187108090049342264e-03	-4.483674701891461611e-03
7.429999999999999973e-03	3.894139340049342438e-03	-1.180789345189146161e-02
7.440000000000000432e-03	4.187108090049342264e-03	-8.215653268914616114e-04
7.450000000000000025e-03	3.894139340049342438e-03	-8.145784076891461611e-03
7.459999999999999618e-03	4.187108090049342264e-03	4.061247173108538389e-03
7.470000000000000077e-03	3.894139340049342438e-03	-4.483674701891461611e-03
7.479999999999999670e-03	4.187108090049342264e-03	7.723356548108538389e-03
7.490000000000000130e-03	3.894139340049342438e-03	3.991377981085383886e-04
7.499999999999999722e-03	4.235936215049342091e-03	1.138546592310853839e-02
7.510000000000000182e-03	3.894139340049342438e-03	4.061247173108538389e-03
7.519999999999999775e-03	4.235936215049342091e-03	1.626827842310853839e-02
7.530000000000000235e-03	3.894139340049342438e-03	8.944059673108538389e-03
7.539999999999999827e-03	4.235936215049342091e-03	1.993038779810853839e-02
7.550000000000000287e-03	3.894139340049342438e-03	1.260616904810853839e-02
7.559999999999999880e-03	4.235936215049342091e-03	2.359249717310853839e-02
7.570000000000000340e-03	3.942967465049342264e-03	1.626827842310853839e-02
7.579999999999999932e-03	4.235936215049342091e-03	2.847530967310853839e-02
7.590000000000000392e-03	3.942967465049342264e-03	2.115109092310853839e-02
7.599999999999999985e-03	4.284764340049341917e-03	3.213741904810853839e-02
7.609999999999999577e-03	3.942967465049342264e-03	2.481320029810853839e-02
7.620000000000000037e-03	4.284764340049341917e-03	3.579952842310853839e-02
7.629999999999999630e-03	3.991795590049342091e-03	2.969601279810853839e-02
7.640000000000000090e-03	4.284764340049341917e-03	4.068234092310853839e-02
7.649999999999999682e-03	3.991795590049342091e-03	3.335812217310853839e-02
7.660000000000000142e-03	4.284764340049341917e-03	4.434445029810853839e-02
7.669999999999999735e-03	3.991795590049342091e-03	3.702023154810853839e-02
7.680000000000000195e-03	4.333592465049342611e-03	4.922726279810853839e-02
7.689999999999999787e-03	3.991795590049342091e-03	4.190304404810853839e-02
7.700000000000000247e-03	4.333592465049342611e-03	5.288937217310853839e-02
7.709999999999999840e-03	4.040623715049341917e-03	4.556515342310853839e-02
7.720000000000000299e-03	4.382420590049342438e-03	5.655148154810853839e-02
7.729999999999999892e-03	4.040623715049341917e-03	5.044796592310853839e-02
7.740000000000000352e-03	4.382420590049342438e-03	6.143429404810853839e-02
7.749999999999999944e-03	4.040623715049341917e-03	5.411007529810853839e-02
7.760000000000000404e-03	4.382420590049342438e-03	6.509640342310854533e-02
7.769999999999999997e-03	4.089451840049342611e-03	5.777218467310853839e-02
7.779999999999999589e-03	4.382420590049342438e-03	6.997921592310854533e-02
7.790000000000000049e-03	4.089451840049342611e-03	6.143429404810853839e-02
7.799999999999999642e-03	4.382420590049342438e-03	7.364132529810854533e-02
7.810000000000000102e-03	4.089451840049342611e-03	6.631710654810854533e-02
7.820000000000000562e-03	4.382420590049342438e-03	7.730343467310854533e-02
7.830000000000000154e-03	4.089451840049342611e-03	6.997921592310854533e-02
7.839999999999999747e-03	4.382420590049342438e-03	8.096554404810854533e-02
7.849999999999999339e-03	4.089451840049342611e-03	7.364132529810854533e-02
7.860000000000000667e-03	4.382420590049342438e-03	8.584835654810854533e-02
7.870000000000000259e-03	4.089451840049342611e-03	7.852413779810854533e-02
7.879999999999999852e-03	4.382420590049342438e-03	8.951046592310854533e-02
7.889999999999999444e-03	4.089451840049342611e-03	8.218624717310854533e-02
7.900000000000000772e-03	4.431248715049342264e-03	9.317257529810854533e-02
7.910000000000000364e-03	4.089451840049342611e-03	8.706905967310854533e-02
7.919999999999999957e-03	4.431248715049342264e-03	9.805538779810854533e-02
7.929999999999999549e-03	4.089451840049342611e-03	9.073116904810854533e-02
7.939999999999999142e-03	4.431248715049342264e-03	1.017174971731085453e-01
7.950000000000000469e-03	4.089451840049342611e-03	9.439327842310854533e-02
7.960000000000000062e-03	4.431248715049342264e-03	1.053796065481085453e-01
7.969999999999999654e-03	4.089451840049342611e-03	9.927609092310854533e-02
7.979999999999999247e-03	4.431248715049342264e-03	1.102624190481085453e-01
7.990000000000000574e-03	4.138279965049342438e-03	1.029382002981085453e-01
8.000000000000000167e-03	4.480076840049342091e-03	1.139245284231085453e-01
8.009999999999999759e-03	4.138279965049342438e-03	1.066003096731085453e-01
8.019999999999999352e-03	4.480076840049342091e-03	1.175866377981085453e-01
8.030000000000000679e-03	4.138279965049342438e-03	1.102624190481085453e-01
8.040000000000000271e-03	4.480076840049342091e-03	1.224694502981085453e-01
8.049999999999999864e-03	4.138279965049342438e-03	1.151452315481085453e-01
8.059999999999999457e-03	4.480076840049342091e-03	1.261315596731085453e-01
8.070000000000000784e-03	4.138279965049342438e-03	1.188073409231085453e-01
8.080000000000000376e-03	4.480076840049342091e-03	1.310143721731085453e-01
8.089999999999999969e-03	4.138279965049342438e-03	1.224694502981085453e-01
8.099999999999999561e-03	4.480076840049342091e-03	1.346764815481085453e-01
8.109999999999999154e-03	4.138279965049342438e-03	1.273522627981085453e-01
8.120000000000000481e-03	4.480076840049342091e-03	1.383385909231085453e-01
8.130000000000000074e-03	4.138279965049342438e-03	1.310143721731085453e-01
8.139999999999999666e-03	4.480076840049342091e-03	1.420007002981085453e-01
8.149999999999999259e-03	4.138279965049342438e-03	1.358971846731085453e-01
8.160000000000000586e-03	4.480076840049342091e-03	1.468835127981085453e-01
8.170000000000000179e-03	4.187108090049342264e-03	1.395592940481085453e-01
8.179999999999999771e-03	4.480076840049342091e-03	1.505456221731085453e-01
8.189999999999999364e-03	4.138279965049342438e-03	1.432214034231085453e-01
8.200000000000000691e-03	4.480076840049342091e-03	1.542077315481085453e-01
8.210000000000000284e-03	4.138279965049342438e-03	1.468835127981085453e-01
8.219999999999999876e-03	4.480076840049342091e-03	1.590905440481085453e-01
8.229999999999999469e-03	4.138279965049342438e-03	1.517663252981085453e-01
8.240000000000000796e-03	4.480076840049342091e-03	1.627526534231085453e-01
8.250000000000000389e-03	4.138279965049342438e-03	1.566491377981085453e-01
8.259999999999999981e-03	4.480076840049342091e-03	1.664147627981085453e-01
8.269999999999999574e-03	4.138279965049342438e-03	1.590905440481085453e-01
8.279999999999999166e-03	4.480076840049342091e-03	1.712975752981085453e-01
8.290000000000000493e-03	4.138279965049342438e-03	1.639733565481085453e-01
8.300000000000000086e-03	4.480076840049342091e-03	1.749596846731085453e-01
8.309999999999999679e-03	4.138279965049342438e-03	1.676354659231085453e-01
8.319999999999999271e-03	4.431248715049342264e-03	1.786217940481085453e-01
8.330000000000000598e-03	4.138279965049342438e-03	1.725182784231085453e-01
8.340000000000000191e-03	4.431248715049342264e-03	1.835046065481085453e-01
8.349999999999999784e-03	4.138279965049342438e-03	1.761803877981085453e-01
8.359999999999999376e-03	4.431248715049342264e-03	1.871667159231085453e-01
8.370000000000000703e-03	4.089451840049342611e-03	1.798424971731085453e-01
8.380000000000000296e-03	4.431248715049342264e-03	1.920495284231085453e-01
8.389999999999999888e-03	4.089451840049342611e-03	1.847253096731085453e-01
8.399999999999999481e-03	4.382420590049342438e-03	1.957116377981085453e-01
8.410000000000000808e-03	4.089451840049342611e-03	1.883874190481085453e-01
8.420000000000000401e-03	4.382420590049342438e-03	1.993737471731085453e-01
8.429999999999999993e-03	4.040623715049341917e-03	1.920495284231085453e-01
8.439999999999999586e-03	4.382420590049342438e-03	2.030358565481085453e-01
8.449999999999999178e-03	4.040623715049341917e-03	1.969323409231085453e-01
8.460000000000000506e-03	4.382420590049342438e-03	2.079186690481085453e-01
8.470000000000000098e-03	4.040623715049341917e-03	2.005944502981085453e-01
8.479999999999999691e-03	4.333592465049342611e-03	2.115807784231085453e-01
8.489999999999999283e-03	3.991795590049342091e-03	2.042565596731085453e-01
8.500000000000000611e-03	4.333592465049342611e-03	2.152428877981085453e-01
8.510000000000000203e-03	4.040623715049341917e-03	2.091393721731085453e-01
8.519999999999999796e-03	4.333592465049342611e-03	2.201257002981085453e-01
8.529999999999999388e-03	3.991795590049342091e-03	2.128014815481085453e-01
8.540000000000000716e-03	4.333592465049342611e-03	2.237878096731085453e-01
8.550000000000000308e-03	3.991795590049342091e-03	2.164635909231085453e-01
8.559999999999999901e-03	4.333592465049342611e-03	2.274499190481085453e-01
8.569999999999999493e-03	4.040623715049341917e-03	2.213464034231085453e-01
8.580000000000000820e-03	4.382420590049342438e-03	2.323327315481085453e-01
8.590000000000000413e-03	4.040623715049341917e-03	2.250085127981085453e-01
8.600000000000000006e-03	4.382420590049342438e-03	2.359948409231085453e-01
8.609999999999999598e-03	4.040623715049341917e-03	2.286706221731085453e-01
8.619999999999999191e-03	4.431248715049342264e-03	2.396569502981085453e-01
8.630000000000000518e-03	4.089451840049342611e-03	2.323327315481085453e-01
8.640000000000000110e-03	4.431248715049342264e-03	2.445397627981085453e-01
8.649999999999999703e-03	4.138279965049342438e-03	2.372155440481085453e-01
8.659999999999999296e-03	4.431248715049342264e-03	2.482018721731085453e-01
8.670000000000000623e-03	4.138279965049342438e-03	2.408776534231085453e-01
8.680000000000000215e-03	4.480076840049342091e-03	2.518639815481085176e-01
8.689999999999999808e-03	4.138279965049342438e-03	2.457604659231085453e-01
8.699999999999999400e-03	4.480076840049342091e-03	2.567467940481085176e-01
8.710000000000000728e-03	4.187108090049342264e-03	2.494225752981085453e-01
8.720000000000000320e-03	4.528904965049341917e-03	2.604089034231085176e-01
8.729999999999999913e-03	4.187108090049342264e-03	2.530846846731085176e-01
8.739999999999999505e-03	4.528904965049341917e-03	2.652917159231085176e-01
8.750000000000000833e-03	4.187108090049342264e-03	2.579674971731085176e-01
8.760000000000000425e-03	4.528904965049341917e-03	2.689538252981085176e-01
8.770000000000000018e-03	4.187108090049342264e-03	2.616296065481085176e-01
8.779999999999999610e-03	4.480076840049342091e-03	2.713952315481085176e-01
8.789999999999999203e-03	4.187108090049342264e-03	2.652917159231085176e-01
8.800000000000000530e-03	4.528904965049341917e-03	2.750573409231085176e-01
8.810000000000000123e-03	4.187108090049342264e-03	2.689538252981085176e-01
8.819999999999999715e-03	4.528904965049341917e-03	2.799401534231085176e-01
8.829999999999999308e-03	4.187108090049342264e-03	2.726159346731085176e-01
8.840000000000000635e-03	4.480076840049342091e-03	2.836022627981085176e-01
8.850000000000000228e-03	4.138279965049342438e-03	2.762780440481085176e-01
8.859999999999999820e-03	4.480076840049342091e-03	2.872643721731085176e-01
8.869999999999999413e-03	4.138279965049342438e-03	2.799401534231085176e-01
8.880000000000000740e-03	4.480076840049342091e-03	2.921471846731085176e-01
8.890000000000000333e-03	4.138279965049342438e-03	2.848229659231085176e-01
8.899999999999999925e-03	4.431248715049342264e-03	2.958092940481085176e-01
8.909999999999999518e-03	4.138279965049342438e-03	2.884850752981085176e-01
8.920000000000000845e-03	4.431248715049342264e-03	2.994714034231085176e-01
8.930000000000000437e-03	4.138279965049342438e-03	2.921471846731085176e-01
8.940000000000000030e-03	4.431248715049342264e-03	3.043542159231085176e-01
8.949999999999999623e-03	4.138279965049342438e-03	2.970299971731085176e-01
8.959999999999999215e-03	4.431248715049342264e-03	3.080163252981085176e-01
8.970000000000000542e-03	4.138279965049342438e-03	3.006921065481085176e-01
8.980000000000000135e-03	4.431248715049342264e-03	3.116784346731085176e-01
8.989999999999999727e-03	4.138279965049342438e-03	3.043542159231085176e-01
8.999999999999999320e-03	4.480076840049342091e-03	3.153405440481085731e-01
9.010000000000000647e-03	4.138279965049342438e-03	3.092370284231085176e-01
9.020000000000000240e-03	4.480076840049342091e-03	3.202233565481085731e-01
9.029999999999999832e-03	4.138279965049342438e-03	3.128991377981085731e-01
9.039999999999999425e-03	4.480076840049342091e-03	3.238854659231085731e-01
9.050000000000000752e-03	4.138279965049342438e-03	3.165612471731085731e-01
9.060000000000000345e-03	4.480076840049342091e-03	3.275475752981085731e-01
9.069999999999999937e-03	4.187108090049342264e-03	3.202233565481085731e-01
9.079999999999999530e-03	4.528904965049341917e-03	3.324303877981085731e-01
9.090000000000000857e-03	4.187108090049342264e-03	3.251061690481085731e-01
9.100000000000000450e-03	4.528904965049341917e-03	3.360924971731085731e-01
9.110000000000000042e-03	4.235936215049342091e-03	3.287682784231085731e-01
9.119999999999999635e-03	4.577733090049342611e-03	3.397546065481085731e-01
9.129999999999999227e-03	4.235936215049342091e-03	3.324303877981085731e-01
9.140000000000000555e-03	4.577733090049342611e-03	3.434167159231085731e-01
9.150000000000000147e-03	4.235936215049342091e-03	3.373132002981085731e-01
9.159999999999999740e-03	4.626561215049342438e-03	3.482995284231085731e-01
9.169999999999999332e-03	4.284764340049341917e-03	3.409753096731085731e-01
9.180000000000000659e-03	4.626561215049342438e-03	3.519616377981085731e-01
9.190000000000000252e-03	4.333592465049342611e-03	3.446374190481085731e-01
9.199999999999999845e-03	4.675389340049342264e-03	3.556237471731085731e-01
9.209999999999999437e-03	4.333592465049342611e-03	3.482995284231085731e-01
9.220000000000000764e-03	4.724217465049342091e-03	3.605065596731085731e-01
9.230000000000000357e-03	4.382420590049342438e-03	3.531823409231085731e-01
9.239999999999999949e-03	4.724217465049342091e-03	3.641686690481085731e-01
9.249999999999999542e-03	4.431248715049342264e-03	3.568444502981085731e-01
9.259999999999999135e-03	4.773045590049342785e-03	3.678307784231085731e-01
9.270000000000000462e-03	4.480076840049342091e-03	3.605065596731085731e-01
9.280000000000000054e-03	4.821873715049342611e-03	3.714928877981085731e-01
9.289999999999999647e-03	4.528904965049341917e-03	3.653893721731085731e-01
9.299999999999999239e-03	4.870701840049342438e-03	3.763757002981085731e-01
9.310000000000000567e-03	4.577733090049342611e-03	3.690514815481085731e-01
9.320000000000000159e-03	4.919529965049342264e-03	3.800378096731085731e-01
9.329999999999999752e-03	4.626561215049342438e-03	3.727135909231085731e-01
9.339999999999999344e-03	4.968358090049342091e-03	3.836999190481085731e-01
9.350000000000000672e-03	4.675389340049342264e-03	3.775964034231085731e-01
9.360000000000000264e-03	5.017186215049342785e-03	3.873620284231085731e-01
9.369999999999999857e-03	4.724217465049342091e-03	3.812585127981085731e-01
9.379999999999999449e-03	5.066014340049342611e-03	3.922448409231085731e-01
9.390000000000000777e-03	4.724217465049342091e-03	3.849206221731085731e-01
9.400000000000000369e-03	5.114842465049342438e-03	3.959069502981085731e-01
9.409999999999999962e-03	4.773045590049342785e-03	3.885827315481085731e-01
9.419999999999999554e-03	5.163670590049342264e-03	3.995690596731085731e-01
9.429999999999999147e-03	4.821873715049342611e-03	3.934655440481085731e-01
9.440000000000000474e-03	5.163670590049342264e-03	4.044518721731085731e-01
9.450000000000000067e-03	4.870701840049342438e-03	3.971276534231085731e-01
9.459999999999999659e-03	5.212498715049342091e-03	4.081139815481085731e-01
9.469999999999999252e-03	4.870701840049342438e-03	4.007897627981085731e-01
9.480000000000000579e-03	5.212498715049342091e-03	4.117760909231085731e-01
9.490000000000000172e-03	4.919529965049342264e-03	4.044518721731085731e-01
9.499999999999999764e-03	5.261326840049342785e-03	4.154382002981085731e-01
9.509999999999999357e-03	4.919529965049342264e-03	4.081139815481085731e-01
9.520000000000000684e-03	5.261326840049342785e-03	4.203210127981085731e-01
9.530000000000000276e-03	4.919529965049342264e-03	4.129967940481085731e-01
9.539999999999999869e-03	5.261326840049342785e-03	4.239831221731085731e-01
9.549999999999999462e-03	4.919529965049342264e-03	4.166589034231085731e-01
9.560000000000000789e-03	5.261326840049342785e-03	4.276452315481085731e-01
9.570000000000000381e-03	4.968358090049342091e-03	4.203210127981085731e-01
9.579999999999999974e-03	5.261326840049342785e-03	4.325280440481085731e-01
9.589999999999999566e-03	4.968358090049342091e-03	4.252038252981085731e-01
9.599999999999999159e-03	5.261326840049342785e-03	4.361901534231085731e-01
9.610000000000000486e-03	4.968358090049342091e-03	4.288659346731085731e-01
9.620000000000000079e-03	5.310154965049342611e-03	4.398522627981085731e-01
9.629999999999999671e-03	4.968358090049342091e-03	4.325280440481085731e-01
9.639999999999999264e-03	5.310154965049342611e-03	4.435143721731085731e-01
9.650000000000000591e-03	4.968358090049342091e-03	4.361901534231085731e-01
9.660000000000000184e-03	5.310154965049342611e-03	4.483971846731085731e-01
9.669999999999999776e-03	5.017186215049342785e-03	4.398522627981085731e-01
9.679999999999999369e-03	5.358983090049342438e-03	4.520592940481085731e-01
9.690000000000000696e-03	5.017186215049342785e-03	4.447350752981085731e-01
9.700000000000000289e-03	5.358983090049342438e-03	4.557214034231085731e-01
9.709999999999999881e-03	5.066014340049342611e-03	4.483971846731085731e-01
9.719999999999999474e-03	5.407811215049342264e-03	4.593835127981085731e-01
9.730000000000000801e-03	5.066014340049342611e-03	4.520592940481085731e-01
9.740000000000000394e-03	5.407811215049342264e-03	4.642663252981085731e-01
9.749999999999999986e-03	5.114842465049342438e-03	4.569421065481085731e-01
9.759999999999999579e-03	5.456639340049342091e-03	4.679284346731085731e-01
9.769999999999999171e-03	5.163670590049342264e-03	4.606042159231085731e-01
9.780000000000000498e-03	5.505467465049342785e-03	4.715905440481085731e-01
9.790000000000000091e-03	5.212498715049342091e-03	4.642663252981085731e-01
9.799999999999999684e-03	5.554295590049342611e-03	4.752526534231085731e-01
9.809999999999999276e-03	5.212498715049342091e-03	4.679284346731085731e-01
9.820000000000000603e-03	5.554295590049342611e-03	4.801354659231085731e-01
9.830000000000000196e-03	5.261326840049342785e-03	4.728112471731085731e-01
9.839999999999999789e-03	5.603123715049342438e-03	4.837975752981085731e-01
9.849999999999999381e-03	5.261326840049342785e-03	4.764733565481085731e-01
9.860000000000000708e-03	5.603123715049342438e-03	4.874596846731085731e-01
9.870000000000000301e-03	5.310154965049342611e-03	4.801354659231085731e-01
9.879999999999999893e-03	5.651951840049342264e-03	4.911217940481085731e-01
9.889999999999999486e-03	5.310154965049342611e-03	4.837975752981085731e-01
9.900000000000000813e-03	5.651951840049342264e-03	4.960046065481085731e-01
9.910000000000000406e-03	5.358983090049342438e-03	4.886803877981085731e-01
9.919999999999999998e-03	5.700779965049342091e-03	4.996667159231085731e-01
9.929999999999999591e-03	5.358983090049342438e-03	4.923424971731085731e-01
9.939999999999999183e-03	5.749608090049342785e-03	5.033288252981085176e-01
9.950000000000000511e-03	5.407811215049342264e-03	4.960046065481085731e-01
9.960000000000000103e-03	5.749608090049342785e-03	5.069909346731085176e-01
9.969999999999999696e-03	5.407811215049342264e-03	4.996667159231085731e-01
9.979999999999999288e-03	5.798436215049342611e-03	5.106530440481085176e-01
9.990000000000000616e-03	5.407811215049342264e-03	5.033288252981085176e-01
1.000000000000000021e-02	5.798436215049342611e-03	5.155358565481085176e-01
1.000999999999999980e-02	5.456639340049342091e-03	5.082116377981085176e-01
1.001999999999999939e-02	5.847264340049342438e-03	5.191979659231085176e-01
1.003000000000000072e-02	5.505467465049342785e-03	5.118737471731085176e-01
1.004000000000000031e-02	5.847264340049342438e-03	5.228600752981085176e-01
1.004999999999999991e-02	5.505467465049342785e-03	5.155358565481085176e-01
1.005999999999999950e-02	5.896092465049342264e-03	5.265221846731085176e-01
1.007000000000000083e-02	5.554295590049342611e-03	5.204186690481085176e-01
1.008000000000000042e-02	5.896092465049342264e-03	5.314049971731085176e-01
1.009000000000000001e-02	5.603123715049342438e-03	5.240807784231085176e-01
1.009999999999999960e-02	5.944920590049342091e-03	5.350671065481085176e-01
1.010999999999999920e-02	5.603123715049342438e-03	5.277428877981085176e-01
1.012000000000000052e-02	5.993748715049342785e-03	5.387292159231085176e-01
1.013000000000000012e-02	5.651951840049342264e-03	5.314049971731085176e-01
1.013999999999999971e-02	5.993748715049342785e-03	5.423913252981085176e-01
1.014999999999999930e-02	5.700779965049342091e-03	5.350671065481085176e-01
1.016000000000000063e-02	6.042576840049342611e-03	5.460534346731085176e-01
1.017000000000000022e-02	5.700779965049342091e-03	5.399499190481085176e-01
1.017999999999999981e-02	6.091404965049342438e-03	5.497155440481085176e-01
1.018999999999999941e-02	5.749608090049342785e-03	5.436120284231085176e-01
1.020000000000000073e-02	6.140233090049342264e-03	5.545983565481085176e-01
1.021000000000000033e-02	5.798436215049342611e-03	5.472741377981085176e-01
1.021999999999999992e-02	6.189061215049342091e-03	5.582604659231085176e-01
1.022999999999999951e-02	5.896092465049342264e-03	5.509362471731085176e-01
1.024000000000000084e-02	6.237889340049342785e-03	5.619225752981085176e-01
1.025000000000000043e-02	5.944920590049342091e-03	5.545983565481085176e-01
1.026000000000000002e-02	6.335545590049342438e-03	5.655846846731085176e-01
1.026999999999999962e-02	5.993748715049342785e-03	5.594811690481085176e-01
1.027999999999999921e-02	6.384373715049342264e-03	5.692467940481085176e-01
1.029000000000000054e-02	6.042576840049342611e-03	5.631432784231085176e-01
1.030000000000000013e-02	6.433201840049342091e-03	5.741296065481085176e-01
1.030999999999999972e-02	6.091404965049342438e-03	5.668053877981085176e-01
1.031999999999999931e-02	6.530858090049342611e-03	5.777917159231085176e-01
1.033000000000000064e-02	6.189061215049342091e-03	5.704674971731085176e-01
1.034000000000000023e-02	6.579686215049342438e-03	5.814538252981085176e-01
1.034999999999999983e-02	6.237889340049342785e-03	5.753503096731085176e-01
1.035999999999999942e-02	6.677342465049342091e-03	5.863366377981085176e-01
1.037000000000000074e-02	6.335545590049342438e-03	5.790124190481085176e-01
1.038000000000000034e-02	6.726170590049342785e-03	5.899987471731085176e-01
1.038999999999999993e-02	6.384373715049342264e-03	5.826745284231085176e-01
1.039999999999999952e-02	6.823826840049342438e-03	5.936608565481085176e-01
1.041000000000000085e-02	6.482029965049342785e-03	5.863366377981085176e-01
1.042000000000000044e-02	6.872654965049342264e-03	5.985436690481085176e-01
1.043000000000000003e-02	6.579686215049342438e-03	5.899987471731085176e-01
1.043999999999999963e-02	6.921483090049342091e-03	6.009850752981085176e-01
1.044999999999999922e-02	6.628514340049342264e-03	5.948815596731085176e-01
1.046000000000000055e-02	7.019139340049342611e-03	6.058678877981085176e-01
1.047000000000000014e-02	6.677342465049342091e-03	5.985436690481085176e-01
1.047999999999999973e-02	7.067967465049342438e-03	6.095299971731085176e-01
1.048999999999999932e-02	6.774998715049342611e-03	6.022057784231085176e-01
1.050000000000000065e-02	7.165623715049342091e-03	6.131921065481085176e-01
1.051000000000000024e-02	6.823826840049342438e-03	6.058678877981085176e-01
1.051999999999999984e-02	7.214451840049342785e-03	6.168542159231085176e-01
1.052999999999999943e-02	6.921483090049342091e-03	6.095299971731085176e-01
1.054000000000000076e-02	7.312108090049342438e-03	6.217370284231085176e-01
1.055000000000000035e-02	6.970311215049342785e-03	6.144128096731085176e-01
1.055999999999999994e-02	7.409764340049342091e-03	6.253991377981085176e-01
1.056999999999999953e-02	7.067967465049342438e-03	6.180749190481085176e-01
1.058000000000000086e-02	7.507420590049342611e-03	6.290612471731085176e-01
1.059000000000000045e-02	7.116795590049342264e-03	6.217370284231085176e-01
1.060000000000000005e-02	7.605076840049342264e-03	6.327233565481085176e-01
1.060999999999999964e-02	7.263279965049342611e-03	6.253991377981085176e-01
1.061999999999999923e-02	7.702733090049342785e-03	6.363854659231085176e-01
1.063000000000000056e-02	7.360936215049342264e-03	6.290612471731085176e-01
1.064000000000000015e-02	7.800389340049342438e-03	6.400475752981085176e-01
1.064999999999999974e-02	7.458592465049342785e-03	6.339440596731085176e-01
1.065999999999999934e-02	7.946873715049342785e-03	6.449303877981085176e-01
1.067000000000000066e-02	7.556248715049342438e-03	6.376061690481085176e-01
1.068000000000000026e-02	8.044529965049342438e-03	6.485924971731085176e-01
1.068999999999999985e-02	7.702733090049342785e-03	6.412682784231085176e-01
1.069999999999999944e-02	8.191014340049342785e-03	6.522546065481085176e-01
1.071000000000000077e-02	7.849217465049343131e-03	6.449303877981085176e-01
1.072000000000000036e-02	8.337498715049343131e-03	6.559167159231085176e-01
1.072999999999999995e-02	7.995701840049341744e-03	6.485924971731085176e-01
1.073999999999999955e-02	8.532811215049342438e-03	6.595788252981085176e-01
1.074999999999999914e-02	8.142186215049342091e-03	6.534753096731085176e-01
1.076000000000000047e-02	8.679295590049342785e-03	6.644616377981085176e-01
1.077000000000000006e-02	8.288670590049342438e-03	6.571374190481085176e-01
1.077999999999999965e-02	8.825779965049343131e-03	6.681237471731085176e-01
1.078999999999999924e-02	8.483983090049341744e-03	6.607995284231085176e-01
1.080000000000000057e-02	9.021092465049342438e-03	6.717858565481085176e-01
1.081000000000000016e-02	8.630467465049342091e-03	6.644616377981085176e-01
1.081999999999999976e-02	9.167576840049342785e-03	6.754479659231085176e-01
1.082999999999999935e-02	8.825779965049343131e-03	6.681237471731085176e-01
1.084000000000000068e-02	9.314061215049343131e-03	6.803307784231085176e-01
1.085000000000000027e-02	8.972264340049341744e-03	6.730065596731085176e-01
1.085999999999999986e-02	9.509373715049342438e-03	6.827721846731085176e-01
1.086999999999999945e-02	9.118748715049342091e-03	6.766686690481085176e-01
1.088000000000000078e-02	9.655858090049342785e-03	6.876549971731085176e-01
1.089000000000000037e-02	9.314061215049343131e-03	6.803307784231085176e-01
1.089999999999999997e-02	9.851170590049342091e-03	6.913171065481085176e-01
1.090999999999999956e-02	9.509373715049342438e-03	6.839928877981085176e-01
1.091999999999999915e-02	1.004648309004934313e-02	6.949792159231085176e-01
1.093000000000000048e-02	9.655858090049342785e-03	6.876549971731085176e-01
1.094000000000000007e-02	1.019296746504934348e-02	6.986413252981085176e-01
1.094999999999999966e-02	9.851170590049342091e-03	6.913171065481085176e-01
1.095999999999999926e-02	1.038827996504934278e-02	7.023034346731085176e-01
1.097000000000000058e-02	1.004648309004934313e-02	6.961999190481085176e-01
1.098000000000000018e-02	1.058359246504934209e-02	7.071862471731085176e-01
1.098999999999999977e-02	1.024179559004934244e-02	6.998620284231085176e-01
1.099999999999999936e-02	1.077890496504934313e-02	7.108483565481085176e-01
1.101000000000000069e-02	1.043710809004934348e-02	7.035241377981085176e-01
1.102000000000000028e-02	1.097421746504934244e-02	7.145104659231085176e-01
1.102999999999999987e-02	1.063242059004934278e-02	7.071862471731085176e-01
1.103999999999999947e-02	1.116952996504934348e-02	7.181725752981085176e-01
1.105000000000000079e-02	1.082773309004934209e-02	7.108483565481085176e-01
1.106000000000000039e-02	1.141367059004934348e-02	7.218346846731085176e-01
1.106999999999999998e-02	1.102304559004934313e-02	7.157311690481085176e-01
1.107999999999999957e-02	1.160898309004934278e-02	7.254967940481085176e-01
1.108999999999999916e-02	1.121835809004934244e-02	7.181725752981085176e-01
1.110000000000000049e-02	1.185312371504934278e-02	7.291589034231085176e-01
1.111000000000000008e-02	1.146249871504934244e-02	7.230553877981085176e-01
1.111999999999999968e-02	1.209726434004934278e-02	7.340417159231085176e-01
1.112999999999999927e-02	1.170663934004934244e-02	7.267174971731085176e-01
1.114000000000000060e-02	1.229257684004934209e-02	7.377038252981085176e-01
1.115000000000000019e-02	1.195077996504934244e-02	7.303796065481085176e-01
1.115999999999999978e-02	1.253671746504934209e-02	7.413659346731085176e-01
1.116999999999999937e-02	1.219492059004934244e-02	7.340417159231085176e-01
1.118000000000000070e-02	1.282968621504934105e-02	7.450280440481085176e-01
1.119000000000000029e-02	1.243906121504934244e-02	7.389245284231085176e-01
1.119999999999999989e-02	1.307382684004934105e-02	7.486901534231085176e-01
1.120999999999999948e-02	1.268320184004934070e-02	7.413659346731085176e-01
1.122000000000000081e-02	1.341562371504934070e-02	7.535729659231085176e-01
1.123000000000000040e-02	1.297617059004934140e-02	7.462487471731085176e-01
1.123999999999999999e-02	1.370859246504934140e-02	7.572350752981085176e-01
1.124999999999999958e-02	1.326913934004934209e-02	7.499108565481085176e-01
1.125999999999999918e-02	1.405038934004934105e-02	7.608971846731085176e-01
1.127000000000000050e-02	1.361093621504934174e-02	7.535729659231085176e-01
1.128000000000000010e-02	1.439218621504934070e-02	7.645592940481085176e-01
1.128999999999999969e-02	1.395273309004934140e-02	7.572350752981085176e-01
1.129999999999999928e-02	1.473398309004934209e-02	7.682214034231085176e-01
1.131000000000000061e-02	1.429452996504934105e-02	7.608971846731085176e-01
1.132000000000000020e-02	1.512460809004934070e-02	7.718835127981085176e-01
1.132999999999999979e-02	1.468515496504934140e-02	7.657799971731085176e-01
1.133999999999999939e-02	1.551523309004934105e-02	7.767663252981085176e-01
1.135000000000000071e-02	1.507577996504934174e-02	7.694421065481085176e-01
1.136000000000000031e-02	1.595468621504934209e-02	7.804284346731085176e-01
1.136999999999999990e-02	1.546640496504934209e-02	7.731042159231085176e-01
1.137999999999999949e-02	1.639413934004934140e-02	7.840905440481085176e-01
1.139000000000000082e-02	1.590585809004934140e-02	7.767663252981085176e-01
1.140000000000000041e-02	1.683359246504934070e-02	7.877526534231085176e-01
1.141000000000000000e-02	1.634531121504934070e-02	7.804284346731085176e-01
1.141999999999999960e-02	1.727304559004934001e-02	7.914147627981085176e-01
1.142999999999999919e-02	1.678476434004934001e-02	7.840905440481085176e-01
1.144000000000000052e-02	1.776132684004934001e-02	7.950768721731085176e-01
1.145000000000000011e-02	1.722421746504934278e-02	7.889733565481085176e-01
1.145999999999999970e-02	1.824960809004934001e-02	7.987389815481085176e-01
1.146999999999999929e-02	1.771249871504934278e-02	7.914147627981085176e-01
1.148000000000000062e-02	1.868906121504934278e-02	8.024010909231085176e-01
1.149000000000000021e-02	1.815195184004934209e-02	7.962975752981085176e-01
1.149999999999999981e-02	1.917734246504934278e-02	8.072839034231085176e-01
1.150999999999999940e-02	1.864023309004934209e-02	7.999596846731085176e-01
1.152000000000000073e-02	1.966562371504934278e-02	8.109460127981085176e-01
1.153000000000000032e-02	1.912851434004934209e-02	8.036217940481085176e-01
1.153999999999999991e-02	2.010507684004934209e-02	8.146081221731085176e-01
1.154999999999999950e-02	1.956796746504934140e-02	8.072839034231085176e-01
1.156000000000000083e-02	2.059335809004934209e-02	8.182702315481085176e-01
1.157000000000000042e-02	2.005624871504934140e-02	8.109460127981085176e-01
1.158000000000000002e-02	2.108163934004934209e-02	8.219323409231085176e-01
1.158999999999999961e-02	2.054452996504934140e-02	8.146081221731085176e-01
1.159999999999999920e-02	2.156992059004934209e-02	8.255944502981085176e-01
1.161000000000000053e-02	2.103281121504934140e-02	8.182702315481085176e-01
1.162000000000000012e-02	2.205820184004934209e-02	8.304772627981085176e-01
1.162999999999999971e-02	2.152109246504934140e-02	8.231530440481085176e-01
1.163999999999999931e-02	2.254648309004934209e-02	8.341393721731085176e-01
1.165000000000000063e-02	2.200937371504934140e-02	8.268151534231085176e-01
1.166000000000000023e-02	2.308359246504934278e-02	8.378014815481085176e-01
1.166999999999999982e-02	2.249765496504934140e-02	8.304772627981085176e-01
1.167999999999999941e-02	2.357187371504934278e-02	8.414635909231085176e-01
1.169000000000000074e-02	2.303476434004934209e-02	8.341393721731085176e-01
1.170000000000000033e-02	2.410898309004934348e-02	8.451257002981085176e-01
1.170999999999999992e-02	2.357187371504934278e-02	8.378014815481085176e-01
1.171999999999999952e-02	2.464609246504934070e-02	8.487878096731085176e-01
1.173000000000000084e-02	2.406015496504934278e-02	8.414635909231085176e-01
1.174000000000000044e-02	2.518320184004934140e-02	8.524499190481085176e-01
1.175000000000000003e-02	2.464609246504934070e-02	8.451257002981085176e-01
1.175999999999999962e-02	2.576913934004934278e-02	8.561120284231085176e-01
1.176999999999999921e-02	2.518320184004934140e-02	8.500085127981085176e-01
1.178000000000000054e-02	2.630624871504934348e-02	8.609948409231085176e-01
1.179000000000000013e-02	2.572031121504934209e-02	8.536706221731085176e-01
1.179999999999999973e-02	2.689218621504934140e-02	8.646569502981085176e-01
1.180999999999999932e-02	2.630624871504934348e-02	8.573327315481085176e-01
1.182000000000000065e-02	2.742929559004934209e-02	8.683190596731085176e-01
1.183000000000000024e-02	2.684335809004934070e-02	8.609948409231085176e-01
1.183999999999999983e-02	2.801523309004934348e-02	8.719811690481085176e-01
1.184999999999999942e-02	2.742929559004934209e-02	8.646569502981085176e-01
1.186000000000000075e-02	2.860117059004934140e-02	8.756432784231085176e-01
1.187000000000000034e-02	2.796640496504934278e-02	8.683190596731085176e-01
1.187999999999999994e-02	2.918710809004934278e-02	8.793053877981085176e-01
1.188999999999999953e-02	2.855234246504934070e-02	8.719811690481085176e-01
1.190000000000000085e-02	2.977304559004934070e-02	8.829674971731085176e-01
1.191000000000000045e-02	2.918710809004934278e-02	8.768639815481085176e-01
1.192000000000000004e-02	3.035898309004934209e-02	8.866296065481085176e-01
1.192999999999999963e-02	2.977304559004934070e-02	8.793053877981085176e-01
1.193999999999999923e-02	3.089609246504934278e-02	8.902917159231085176e-01
1.195000000000000055e-02	3.031015496504934140e-02	8.829674971731085176e-01
1.196000000000000014e-02	3.153085809004934487e-02	8.939538252981085176e-01
1.196999999999999974e-02	3.089609246504934278e-02	8.878503096731085176e-01
1.197999999999999933e-02	3.206796746504934209e-02	8.988366377981085176e-01
1.199000000000000066e-02	3.148202996504934070e-02	8.915124190481085176e-01
1.200000000000000025e-02	3.270273309004934070e-02	9.024987471731085176e-01
1.200999999999999984e-02	3.206796746504934209e-02	8.951745284231085176e-01
1.201999999999999943e-02	3.323984246504934487e-02	9.061608565481085176e-01
1.203000000000000076e-02	3.265390496504934348e-02	8.988366377981085176e-01
1.204000000000000035e-02	3.387460809004934348e-02	9.098229659231085176e-01
1.204999999999999995e-02	3.323984246504934487e-02	9.024987471731085176e-01
1.205999999999999954e-02	3.446054559004934487e-02	9.134850752981085176e-01
1.207000000000000087e-02	3.382577996504933932e-02	9.061608565481085176e-01
1.208000000000000046e-02	3.504648309004933932e-02	9.171471846731085176e-01
1.209000000000000005e-02	3.441171746504934070e-02	9.098229659231085176e-01
1.209999999999999964e-02	3.563242059004934070e-02	9.208092940481085176e-01
1.210999999999999924e-02	3.504648309004933932e-02	9.134850752981085176e-01
1.212000000000000056e-02	3.626718621504933932e-02	9.244714034231085176e-01
1.213000000000000016e-02	3.563242059004934070e-02	9.171471846731085176e-01
1.213999999999999975e-02	3.685312371504934070e-02	9.281335127981085176e-01
1.214999999999999934e-02	3.626718621504933932e-02	9.220299971731085176e-01
1.216000000000000067e-02	3.748788934004933932e-02	9.317956221731085176e-01
1.217000000000000026e-02	3.685312371504934070e-02	9.244714034231085176e-01
1.217999999999999985e-02	3.807382684004934070e-02	9.354577315481085176e-01
1.218999999999999945e-02	3.748788934004933932e-02	9.293542159231085176e-01
1.220000000000000077e-02	3.870859246504934625e-02	9.391198409231085176e-01
1.221000000000000037e-02	3.807382684004934070e-02	9.330163252981085176e-01
1.221999999999999996e-02	3.934335809004934487e-02	9.427819502981085176e-01
1.222999999999999955e-02	3.870859246504934625e-02	9.366784346731085176e-01
1.223999999999999914e-02	3.997812371504934348e-02	9.476647627981085176e-01
1.225000000000000047e-02	3.934335809004934487e-02	9.403405440481085176e-01
1.226000000000000006e-02	4.061288934004934209e-02	9.501061690481085176e-01
1.226999999999999966e-02	3.997812371504934348e-02	9.440026534231085176e-01
1.227999999999999925e-02	4.124765496504934070e-02	9.549889815481085176e-01
1.229000000000000058e-02	4.061288934004934209e-02	9.476647627981085176e-01
1.230000000000000017e-02	4.188242059004934625e-02	9.586510909231085176e-01
1.230999999999999976e-02	4.124765496504934070e-02	9.513268721731085176e-01
1.231999999999999935e-02	4.251718621504934487e-02	9.623132002981085176e-01
1.233000000000000068e-02	4.188242059004934625e-02	9.549889815481085176e-01
1.234000000000000027e-02	4.315195184004934348e-02	9.659753096731085176e-01
1.234999999999999987e-02	4.251718621504934487e-02	9.586510909231085176e-01
1.235999999999999946e-02	4.383554559004934625e-02	9.696374190481085176e-01
1.237000000000000079e-02	4.315195184004934348e-02	9.623132002981085176e-01
1.238000000000000038e-02	4.447031121504934487e-02	9.732995284231085176e-01
1.238999999999999997e-02	4.383554559004934625e-02	9.659753096731085176e-01
1.239999999999999956e-02	4.510507684004934348e-02	9.769616377981085176e-01
1.240999999999999916e-02	4.447031121504934487e-02	9.708581221731085176e-01
1.242000000000000048e-02	4.573984246504934209e-02	9.806237471731085176e-01
1.243000000000000008e-02	4.510507684004934348e-02	9.745202315481085176e-01
1.243999999999999967e-02	4.642343621504934487e-02	9.842858565481085176e-01
1.244999999999999926e-02	4.573984246504934209e-02	9.781823409231085176e-01
1.246000000000000059e-02	4.705820184004934348e-02	9.891686690481085176e-01
1.247000000000000018e-02	4.637460809004934070e-02	9.818444502981085176e-01
1.247999999999999977e-02	4.769296746504934209e-02	9.928307784231085176e-01
1.248999999999999937e-02	4.705820184004934348e-02	9.855065596731085176e-01
1.250000000000000069e-02	4.832773309004934070e-02	9.964928877981085176e-01
1.251000000000000029e-02	4.769296746504934209e-02	9.891686690481085176e-01
1.251999999999999988e-02	4.896249871504934625e-02	1.000154997173108518e+00
1.252999999999999947e-02	4.832773309004934070e-02	9.928307784231085176e-01
1.254000000000000080e-02	4.964609246504934209e-02	1.003817106548108518e+00
1.255000000000000039e-02	4.896249871504934625e-02	9.964928877981085176e-01
1.255999999999999998e-02	5.028085809004934070e-02	1.007479215923108518e+00
1.256999999999999958e-02	4.959726434004934487e-02	1.000154997173108518e+00
1.257999999999999917e-02	5.091562371504934625e-02	1.011141325298108518e+00
1.259000000000000050e-02	5.028085809004934070e-02	1.003817106548108518e+00
1.260000000000000009e-02	5.155038934004934487e-02	1.014803434673108518e+00
1.260999999999999968e-02	5.091562371504934625e-02	1.007479215923108518e+00
1.261999999999999927e-02	5.218515496504934348e-02	1.018465544048108518e+00
1.263000000000000060e-02	5.155038934004934487e-02	1.011141325298108518e+00
1.264000000000000019e-02	5.281992059004934209e-02	1.022127653423108518e+00
1.264999999999999979e-02	5.218515496504934348e-02	1.016024137798108518e+00
1.265999999999999938e-02	5.350351434004934487e-02	1.025789762798108518e+00
1.267000000000000071e-02	5.286874871504934625e-02	1.018465544048108518e+00
1.268000000000000030e-02	5.413827996504934348e-02	1.030672575298108518e+00
1.268999999999999989e-02	5.345468621504934070e-02	1.023348356548108518e+00
1.269999999999999948e-02	5.477304559004934209e-02	1.034334684673108518e+00
1.271000000000000081e-02	5.413827996504934348e-02	1.027010465923108518e+00
1.272000000000000040e-02	5.540781121504934070e-02	1.037996794048108518e+00
1.273000000000000000e-02	5.472421746504934487e-02	1.030672575298108518e+00
1.273999999999999959e-02	5.604257684004934625e-02	1.041658903423108518e+00
1.274999999999999918e-02	5.540781121504934070e-02	1.034334684673108518e+00
1.276000000000000051e-02	5.667734246504934487e-02	1.045321012798108518e+00
1.277000000000000010e-02	5.599374871504934209e-02	1.037996794048108518e+00
1.277999999999999969e-02	5.726327996504934625e-02	1.048983122173108518e+00
1.278999999999999929e-02	5.662851434004934070e-02	1.041658903423108518e+00
1.280000000000000061e-02	5.789804559004934487e-02	1.052645231548108518e+00
1.281000000000000021e-02	5.726327996504934625e-02	1.045321012798108518e+00
1.281999999999999980e-02	5.853281121504934348e-02	1.056307340923108518e+00
1.282999999999999939e-02	5.789804559004934487e-02	1.048983122173108518e+00
1.284000000000000072e-02	5.911874871504934487e-02	1.059969450298108518e+00
1.285000000000000031e-02	5.853281121504934348e-02	1.052645231548108518e+00
1.285999999999999990e-02	5.975351434004934348e-02	1.063631559673108518e+00
1.286999999999999950e-02	5.911874871504934487e-02	1.056307340923108518e+00
1.288000000000000082e-02	6.033945184004934487e-02	1.067293669048108518e+00
1.289000000000000042e-02	5.975351434004934348e-02	1.061190153423108518e+00
1.290000000000000001e-02	6.097421746504934348e-02	1.070955778423108518e+00
1.290999999999999960e-02	6.033945184004934487e-02	1.064852262798108518e+00
1.291999999999999919e-02	6.156015496504934487e-02	1.075838590923108518e+00
1.293000000000000052e-02	6.097421746504934348e-02	1.068514372173108518e+00
1.294000000000000011e-02	6.214609246504934625e-02	1.078279997173108518e+00
1.294999999999999971e-02	6.156015496504934487e-02	1.072176481548108518e+00
1.295999999999999930e-02	6.273202996504934070e-02	1.083162809673108518e+00
1.297000000000000063e-02	6.214609246504934625e-02	1.075838590923108518e+00
1.298000000000000022e-02	6.336679559004934625e-02	1.086824919048108518e+00
1.298999999999999981e-02	6.273202996504934070e-02	1.079500700298108518e+00
1.299999999999999940e-02	6.390390496504934348e-02	1.090487028423108518e+00
1.301000000000000073e-02	6.331796746504934903e-02	1.083162809673108518e+00
1.302000000000000032e-02	6.448984246504933793e-02	1.094149137798108518e+00
1.302999999999999992e-02	6.390390496504934348e-02	1.086824919048108518e+00
1.303999999999999951e-02	6.507577996504934625e-02	1.097811247173108518e+00
1.305000000000000084e-02	6.448984246504933793e-02	1.090487028423108518e+00
1.306000000000000043e-02	6.561288934004934348e-02	1.101473356548108518e+00
1.307000000000000002e-02	6.502695184004934903e-02	1.094149137798108518e+00
1.307999999999999961e-02	6.614999871504934070e-02	1.105135465923108518e+00
1.308999999999999921e-02	6.561288934004934348e-02	1.097811247173108518e+00
1.310000000000000053e-02	6.668710809004933793e-02	1.108797575298108518e+00
1.311000000000000013e-02	6.614999871504934070e-02	1.101473356548108518e+00
1.311999999999999972e-02	6.722421746504934903e-02	1.112459684673108518e+00
1.312999999999999931e-02	6.668710809004933793e-02	1.105135465923108518e+00
1.314000000000000064e-02	6.776132684004934625e-02	1.116121794048108518e+00
1.315000000000000023e-02	6.717538934004933793e-02	1.108797575298108518e+00
1.315999999999999982e-02	6.824960809004934625e-02	1.119783903423108518e+00
1.316999999999999942e-02	6.771249871504934903e-02	1.112459684673108518e+00
1.318000000000000074e-02	6.878671746504934348e-02	1.123446012798108518e+00
1.319000000000000034e-02	6.824960809004934625e-02	1.116121794048108518e+00
1.319999999999999993e-02	6.927499871504934348e-02	1.127108122173108518e+00
1.320999999999999952e-02	6.873788934004934625e-02	1.119783903423108518e+00
1.322000000000000085e-02	6.971445184004934625e-02	1.130770231548108518e+00
1.323000000000000044e-02	6.922617059004934625e-02	1.124666715923108518e+00
1.324000000000000003e-02	7.020273309004934625e-02	1.134432340923108518e+00
1.324999999999999963e-02	6.971445184004934625e-02	1.127108122173108518e+00
1.325999999999999922e-02	7.064218621504934903e-02	1.138094450298108518e+00
1.327000000000000055e-02	7.015390496504934903e-02	1.130770231548108518e+00
1.328000000000000014e-02	7.108163934004933793e-02	1.141756559673108518e+00
1.328999999999999973e-02	7.059335809004933793e-02	1.134432340923108518e+00
1.329999999999999932e-02	7.152109246504934070e-02	1.145418669048108518e+00
1.331000000000000065e-02	7.103281121504934070e-02	1.138094450298108518e+00
1.332000000000000024e-02	7.191171746504934625e-02	1.149080778423108518e+00
1.332999999999999984e-02	7.142343621504934625e-02	1.141756559673108518e+00
1.333999999999999943e-02	7.230234246504933793e-02	1.152742887798108518e+00
1.335000000000000075e-02	7.186288934004934903e-02	1.146639372173108518e+00
1.336000000000000035e-02	7.269296746504934348e-02	1.156404997173108518e+00
1.336999999999999994e-02	7.225351434004934070e-02	1.150301481548108518e+00
1.337999999999999953e-02	7.308359246504934903e-02	1.160067106548108518e+00
1.339000000000000086e-02	7.264413934004934625e-02	1.153963590923108518e+00
1.340000000000000045e-02	7.347421746504934070e-02	1.163729215923108518e+00
1.341000000000000004e-02	7.298593621504934070e-02	1.157625700298108518e+00
1.341999999999999964e-02	7.381601434004934903e-02	1.168612028423108518e+00
1.342999999999999923e-02	7.337656121504934625e-02	1.161287809673108518e+00
1.344000000000000056e-02	7.415781121504934348e-02	1.171053434673108518e+00
1.345000000000000015e-02	7.371835809004934070e-02	1.164949919048108518e+00
1.345999999999999974e-02	7.454843621504934903e-02	1.174715544048108518e+00
1.346999999999999933e-02	7.410898309004934625e-02	1.168612028423108518e+00
1.348000000000000066e-02	7.489023309004934348e-02	1.178377653423108518e+00
1.349000000000000025e-02	7.445077996504934070e-02	1.172274137798108518e+00
1.349999999999999985e-02	7.523202996504935181e-02	1.182039762798108518e+00
1.350999999999999944e-02	7.479257684004934903e-02	1.175936247173108518e+00
1.352000000000000077e-02	7.557382684004934625e-02	1.186922575298108518e+00
1.353000000000000036e-02	7.513437371504934348e-02	1.179598356548108518e+00
1.353999999999999995e-02	7.591562371504934070e-02	1.189363981548108518e+00
1.354999999999999954e-02	7.547617059004935181e-02	1.183260465923108518e+00
1.355999999999999914e-02	7.625742059004934903e-02	1.193026090923108518e+00
1.357000000000000046e-02	7.581796746504934625e-02	1.186922575298108518e+00
1.358000000000000006e-02	7.659921746504934348e-02	1.197908903423108518e+00
1.358999999999999965e-02	7.615976434004934070e-02	1.190584684673108518e+00
1.359999999999999924e-02	7.694101434004935181e-02	1.201571012798108518e+00
1.361000000000000057e-02	7.650156121504934903e-02	1.194246794048108518e+00
1.362000000000000016e-02	7.723398309004934903e-02	1.205233122173108518e+00
1.362999999999999975e-02	7.684335809004934348e-02	1.197908903423108518e+00
1.363999999999999935e-02	7.757577996504934348e-02	1.208895231548108518e+00
1.365000000000000067e-02	7.713632684004934070e-02	1.201571012798108518e+00
1.366000000000000027e-02	7.791757684004935181e-02	1.212557340923108518e+00
1.366999999999999986e-02	7.747812371504934903e-02	1.205233122173108518e+00
1.367999999999999945e-02	7.821054559004934903e-02	1.216219450298108518e+00
1.369000000000000078e-02	7.777109246504934625e-02	1.208895231548108518e+00
1.370000000000000037e-02	7.855234246504934348e-02	1.219881559673108518e+00
1.370999999999999996e-02	7.811288934004934070e-02	1.212557340923108518e+00
1.371999999999999956e-02	7.884531121504934070e-02	1.222322965923108518e+00
1.372999999999999915e-02	7.845468621504934903e-02	1.216219450298108518e+00
1.374000000000000048e-02	7.918710809004934903e-02	1.227205778423108518e+00
1.375000000000000007e-02	7.874765496504934625e-02	1.219881559673108518e+00
1.375999999999999966e-02	7.948007684004934625e-02	1.230867887798108518e+00
1.376999999999999925e-02	7.904062371504934348e-02	1.223543669048108518e+00
1.378000000000000058e-02	7.977304559004934348e-02	1.234529997173108518e+00
1.379000000000000017e-02	7.938242059004935181e-02	1.227205778423108518e+00
1.379999999999999977e-02	8.011484246504935181e-02	1.238192106548108518e+00
1.380999999999999936e-02	7.967538934004934903e-02	1.230867887798108518e+00
1.382000000000000069e-02	8.045663934004934625e-02	1.241854215923108518e+00
1.383000000000000028e-02	8.001718621504934348e-02	1.234529997173108518e+00
1.383999999999999987e-02	8.079843621504934070e-02	1.245516325298108518e+00
1.384999999999999946e-02	8.035898309004935181e-02	1.238192106548108518e+00
1.386000000000000079e-02	8.114023309004934903e-02	1.247957731548108518e+00
1.387000000000000038e-02	8.070077996504934625e-02	1.241854215923108518e+00
1.387999999999999998e-02	8.148202996504934348e-02	1.252840544048108518e+00
1.388999999999999957e-02	8.104257684004934070e-02	1.245516325298108518e+00
1.389999999999999916e-02	8.182382684004935181e-02	1.256502653423108518e+00
1.391000000000000049e-02	8.138437371504934903e-02	1.249178434673108518e+00
1.392000000000000008e-02	8.221445184004934348e-02	1.260164762798108518e+00
1.392999999999999967e-02	8.172617059004934348e-02	1.252840544048108518e+00
1.393999999999999927e-02	8.255624871504935181e-02	1.263826872173108518e+00
1.395000000000000059e-02	8.211679559004934903e-02	1.256502653423108518e+00
1.396000000000000019e-02	8.294687371504934348e-02	1.267488981548108518e+00
1.396999999999999978e-02	8.245859246504934348e-02	1.260164762798108518e+00
1.397999999999999937e-02	8.328867059004935181e-02	1.271151090923108518e+00
1.399000000000000070e-02	8.284921746504934903e-02	1.263826872173108518e+00
1.400000000000000029e-02	8.367929559004934348e-02	1.274813200298108518e+00
1.400999999999999988e-02	8.319101434004934348e-02	1.267488981548108518e+00
1.401999999999999948e-02	8.406992059004934903e-02	1.278475309673108518e+00
1.403000000000000080e-02	8.358163934004934903e-02	1.271151090923108518e+00
1.404000000000000040e-02	8.441171746504934348e-02	1.282137419048108518e+00
1.404999999999999999e-02	8.397226434004934070e-02	1.274813200298108518e+00
1.405999999999999958e-02	8.480234246504934903e-02	1.285799528423108518e+00
1.406999999999999917e-02	8.436288934004934625e-02	1.278475309673108518e+00
1.408000000000000050e-02	8.519296746504934070e-02	1.289461637798108518e+00
1.409000000000000009e-02	8.470468621504934070e-02	1.282137419048108518e+00
1.409999999999999969e-02	8.558359246504934625e-02	1.293123747173108518e+00
1.410999999999999928e-02	8.509531121504934625e-02	1.285799528423108518e+00
1.412000000000000061e-02	8.592538934004934070e-02	1.296785856548108518e+00
1.413000000000000020e-02	8.548593621504935181e-02	1.289461637798108518e+00
1.413999999999999979e-02	8.631601434004934625e-02	1.299227262798108518e+00
1.414999999999999938e-02	8.587656121504934348e-02	1.293123747173108518e+00
1.416000000000000071e-02	8.670663934004935181e-02	1.302889372173108518e+00
1.417000000000000030e-02	8.621835809004935181e-02	1.296785856548108518e+00
1.417999999999999990e-02	8.714609246504934070e-02	1.307772184673108518e+00
1.418999999999999949e-02	8.660898309004934348e-02	1.300447965923108518e+00
1.420000000000000082e-02	8.753671746504934625e-02	1.311434294048108518e+00
1.421000000000000041e-02	8.704843621504934625e-02	1.304110075298108518e+00
1.422000000000000000e-02	8.792734246504935181e-02	1.313875700298108518e+00
1.422999999999999959e-02	8.743906121504935181e-02	1.307772184673108518e+00
1.423999999999999919e-02	8.831796746504934348e-02	1.317537809673108518e+00
1.425000000000000051e-02	8.782968621504934348e-02	1.311434294048108518e+00
1.426000000000000011e-02	8.870859246504934903e-02	1.321199919048108518e+00
1.426999999999999970e-02	8.822031121504934903e-02	1.315096403423108518e+00
1.427999999999999929e-02	8.914804559004935181e-02	1.324862028423108518e+00
1.429000000000000062e-02	8.865976434004935181e-02	1.318758512798108518e+00
1.430000000000000021e-02	8.953867059004934348e-02	1.328524137798108518e+00
1.430999999999999980e-02	8.905038934004934348e-02	1.322420622173108518e+00
1.431999999999999940e-02	8.997812371504934625e-02	1.332186247173108518e+00
1.433000000000000072e-02	8.948984246504934625e-02	1.326082731548108518e+00
1.434000000000000032e-02	9.036874871504935181e-02	1.335848356548108518e+00
1.434999999999999991e-02	8.992929559004934903e-02	1.329744840923108518e+00
1.435999999999999950e-02	9.080820184004934070e-02	1.339510465923108518e+00
1.437000000000000083e-02	9.031992059004934070e-02	1.332186247173108518e+00
1.438000000000000042e-02	9.124765496504934348e-02	1.343172575298108518e+00
1.439000000000000001e-02	9.075937371504934348e-02	1.335848356548108518e+00
1.439999999999999961e-02	9.168710809004934625e-02	1.346834684673108518e+00
1.440999999999999920e-02	9.114999871504934903e-02	1.339510465923108518e+00
1.442000000000000053e-02	9.207773309004935181e-02	1.350496794048108518e+00
1.443000000000000012e-02	9.158945184004935181e-02	1.343172575298108518e+00
1.443999999999999971e-02	9.251718621504934070e-02	1.354158903423108518e+00
1.444999999999999930e-02	9.202890496504934070e-02	1.346834684673108518e+00
1.446000000000000063e-02	9.290781121504934625e-02	1.357821012798108518e+00
1.447000000000000022e-02	9.241952996504934625e-02	1.350496794048108518e+00
1.447999999999999982e-02	9.329843621504935181e-02	1.361483122173108518e+00
1.448999999999999941e-02	9.285898309004934903e-02	1.354158903423108518e+00
1.450000000000000074e-02	9.368906121504934348e-02	1.362703825298108518e+00
1.451000000000000033e-02	9.324960809004934070e-02	1.355379606548108518e+00
1.451999999999999992e-02	9.407968621504934903e-02	1.359041715923108518e+00
1.452999999999999951e-02	9.364023309004934625e-02	1.351717497173108518e+00
1.454000000000000084e-02	9.447031121504934070e-02	1.355379606548108518e+00
1.455000000000000043e-02	9.403085809004935181e-02	1.346834684673108518e+00
1.456000000000000003e-02	9.481210809004934903e-02	1.350496794048108518e+00
1.456999999999999962e-02	9.437265496504934625e-02	1.343172575298108518e+00
1.457999999999999921e-02	9.515390496504934348e-02	1.345613981548108518e+00
1.459000000000000054e-02	9.476327996504935181e-02	1.338289762798108518e+00
1.460000000000000013e-02	9.544687371504934070e-02	1.341951872173108518e+00
1.460999999999999972e-02	9.505624871504934903e-02	1.334627653423108518e+00
1.461999999999999932e-02	9.573984246504935181e-02	1.337069059673108518e+00
1.463000000000000064e-02	9.539804559004934348e-02	1.329744840923108518e+00
1.464000000000000024e-02	9.598398309004935181e-02	1.333406950298108518e+00
1.464999999999999983e-02	9.564218621504934348e-02	1.324862028423108518e+00
1.465999999999999942e-02	9.622812371504935181e-02	1.328524137798108518e+00
1.467000000000000075e-02	9.588632684004934348e-02	1.321199919048108518e+00
1.468000000000000034e-02	9.642343621504934070e-02	1.323641325298108518e+00
1.468999999999999993e-02	9.613046746504934348e-02	1.316317106548108518e+00
1.469999999999999953e-02	9.661874871504934348e-02	1.319979215923108518e+00
1.471000000000000085e-02	9.632577996504934625e-02	1.312654997173108518e+00
1.472000000000000045e-02	9.676523309004934903e-02	1.315096403423108518e+00
1.473000000000000004e-02	9.647226434004935181e-02	1.307772184673108518e+00
1.473999999999999963e-02	9.686288934004934348e-02	1.310213590923108518e+00
1.474999999999999922e-02	9.661874871504934348e-02	1.302889372173108518e+00
1.476000000000000055e-02	9.691171746504934070e-02	1.306551481548108518e+00
1.477000000000000014e-02	9.666757684004934070e-02	1.299227262798108518e+00
1.477999999999999974e-02	9.696054559004935181e-02	1.301668669048108518e+00
1.478999999999999933e-02	9.671640496504935181e-02	1.294344450298108518e+00
1.480000000000000066e-02	9.691171746504934070e-02	1.298006559673108518e+00
1.481000000000000025e-02	9.671640496504935181e-02	1.290682340923108518e+00
1.481999999999999984e-02	9.686288934004934348e-02	1.293123747173108518e+00
1.482999999999999943e-02	9.661874871504934348e-02	1.285799528423108518e+00
1.484000000000000076e-02	9.671640496504935181e-02	1.288240934673108518e+00
1.485000000000000035e-02	9.647226434004935181e-02	1.280916715923108518e+00
1.485999999999999995e-02	9.652109246504934903e-02	1.284578825298108518e+00
1.486999999999999954e-02	9.622812371504935181e-02	1.277254606548108518e+00
1.488000000000000086e-02	9.632577996504934625e-02	1.279696012798108518e+00
1.489000000000000046e-02	9.593515496504934070e-02	1.272371794048108518e+00
1.490000000000000005e-02	9.598398309004935181e-02	1.276033903423108518e+00
1.490999999999999964e-02	9.564218621504934348e-02	1.268709684673108518e+00
1.491999999999999924e-02	9.569101434004934070e-02	1.271151090923108518e+00
1.493000000000000056e-02	9.520273309004934070e-02	1.263826872173108518e+00
1.494000000000000015e-02	9.525156121504935181e-02	1.267488981548108518e+00
1.494999999999999975e-02	9.476327996504935181e-02	1.260164762798108518e+00
1.495999999999999934e-02	9.476327996504935181e-02	1.262606169048108518e+00
1.497000000000000067e-02	9.417734246504934348e-02	1.255281950298108518e+00
1.498000000000000026e-02	9.422617059004934070e-02	1.257723356548108518e+00
1.498999999999999985e-02	9.364023309004934625e-02	1.250399137798108518e+00
1.499999999999999944e-02	9.364023309004934625e-02	1.254061247173108518e+00
1.501000000000000077e-02	9.300546746504934070e-02	1.246737028423108518e+00
1.502000000000000036e-02	9.300546746504934070e-02	1.249178434673108518e+00
1.502999999999999996e-02	9.232187371504935181e-02	1.241854215923108518e+00
1.503999999999999955e-02	9.232187371504935181e-02	1.245516325298108518e+00
1.504999999999999914e-02	9.163827996504934903e-02	1.238192106548108518e+00
1.506000000000000047e-02	9.163827996504934903e-02	1.240633512798108518e+00
1.507000000000000006e-02	9.090585809004934903e-02	1.233309294048108518e+00
1.507999999999999965e-02	9.090585809004934903e-02	1.235750700298108518e+00
1.508999999999999925e-02	9.017343621504934903e-02	1.228426481548108518e+00
1.510000000000000057e-02	9.017343621504934903e-02	1.232088590923108518e+00
1.511000000000000017e-02	8.944101434004934903e-02	1.224764372173108518e+00
1.511999999999999976e-02	8.939218621504935181e-02	1.227205778423108518e+00
1.512999999999999935e-02	8.865976434004935181e-02	1.219881559673108518e+00
1.514000000000000068e-02	8.865976434004935181e-02	1.223543669048108518e+00
1.515000000000000027e-02	8.787851434004934070e-02	1.216219450298108518e+00
1.515999999999999986e-02	8.787851434004934070e-02	1.218660856548108518e+00
1.516999999999999946e-02	8.714609246504934070e-02	1.211336637798108518e+00
1.518000000000000078e-02	8.709726434004934348e-02	1.214998747173108518e+00
1.519000000000000038e-02	8.631601434004934625e-02	1.207674528423108518e+00
