time[s]	CH1[V]	CH2[V] (num. of cycles: 1)
0.000000000000000000e+00	-7.572439093338816096e-02	-1.222886738024259845e+00
1.000000000000000082e-05	-7.572439093338816096e-02	-1.222886738024259845e+00
2.000000000000000164e-05	-7.557790655838815541e-02	-1.219224628649259845e+00
3.000000000000000076e-05	-7.601735968338815819e-02	-1.226548847399259845e+00
4.000000000000000327e-05	-7.587087530838815264e-02	-1.222886738024259845e+00
5.000000000000000240e-05	-7.626150030838815819e-02	-1.230210956774259845e+00
6.000000000000000152e-05	-7.616384405838816374e-02	-1.226548847399259845e+00
6.999999999999999387e-05	-7.655446905838815541e-02	-1.233873066149259845e+00
8.000000000000000654e-05	-7.640798468338816374e-02	-1.230210956774259845e+00
9.000000000000000567e-05	-7.684743780838815264e-02	-1.237535175524259845e+00
1.000000000000000048e-04	-7.674978155838815819e-02	-1.233873066149259845e+00
1.100000000000000039e-04	-7.714040655838816374e-02	-1.241197284899259845e+00
1.200000000000000030e-04	-7.699392218338815819e-02	-1.237535175524259845e+00
1.299999999999999886e-04	-7.743337530838816096e-02	-1.244859394274259845e+00
1.399999999999999877e-04	-7.728689093338815541e-02	-1.241197284899259845e+00
1.499999999999999869e-04	-7.772634405838815819e-02	-1.248521503649259845e+00
1.600000000000000131e-04	-7.757985968338815264e-02	-1.244859394274259845e+00
1.700000000000000122e-04	-7.801931280838815541e-02	-1.252183613024259845e+00
1.800000000000000113e-04	-7.792165655838816096e-02	-1.248521503649259845e+00
1.900000000000000105e-04	-7.831228155838815264e-02	-1.255845722399259845e+00
2.000000000000000096e-04	-7.821462530838815819e-02	-1.252183613024259845e+00
2.100000000000000087e-04	-7.865407843338816096e-02	-1.259507831774259845e+00
2.200000000000000078e-04	-7.850759405838815541e-02	-1.255845722399259845e+00
2.300000000000000070e-04	-7.894704718338815819e-02	-1.263169941149259845e+00
2.400000000000000061e-04	-7.884939093338816374e-02	-1.259507831774259845e+00
2.500000000000000052e-04	-7.924001593338815541e-02	-1.266832050524259845e+00
2.599999999999999772e-04	-7.914235968338816096e-02	-1.263169941149259845e+00
2.700000000000000035e-04	-7.958181280838816374e-02	-1.270494159899259845e+00
2.799999999999999755e-04	-7.948415655838815541e-02	-1.266832050524259845e+00
2.900000000000000017e-04	-7.992360968338815819e-02	-1.274156269274259845e+00
2.999999999999999737e-04	-7.982595343338816374e-02	-1.270494159899259845e+00
3.099999999999999999e-04	-8.026540655838815264e-02	-1.277818378649259845e+00
3.200000000000000262e-04	-8.016775030838815819e-02	-1.275376972399259845e+00
3.299999999999999982e-04	-8.060720343338816096e-02	-1.281480488024259845e+00
3.400000000000000244e-04	-8.046071905838815541e-02	-1.277818378649259845e+00
3.499999999999999964e-04	-8.094900030838815541e-02	-1.285142597399259845e+00
3.600000000000000227e-04	-8.080251593338816374e-02	-1.281480488024259845e+00
3.699999999999999947e-04	-8.129079718338816374e-02	-1.288804706774259845e+00
3.800000000000000209e-04	-8.114431280838815819e-02	-1.285142597399259845e+00
3.899999999999999929e-04	-8.163259405838815819e-02	-1.292466816149259845e+00
4.000000000000000192e-04	-8.153493780838816374e-02	-1.290025409899259845e+00
4.099999999999999912e-04	-8.197439093338815264e-02	-1.296128925524259845e+00
4.200000000000000174e-04	-8.182790655838816096e-02	-1.293687519274259845e+00
4.299999999999999894e-04	-8.231618780838816096e-02	-1.299791034899259845e+00
4.400000000000000157e-04	-8.221853155838815264e-02	-1.297349628649259845e+00
4.499999999999999877e-04	-8.265798468338815541e-02	-1.303453144274259845e+00
4.600000000000000139e-04	-8.256032843338816096e-02	-1.301011738024259845e+00
4.699999999999999859e-04	-8.299978155838816374e-02	-1.307115253649259845e+00
4.800000000000000122e-04	-8.290212530838815541e-02	-1.304673847399259845e+00
4.899999999999999842e-04	-8.334157843338815819e-02	-1.310777363024259845e+00
5.000000000000000104e-04	-8.324392218338816374e-02	-1.308335956774259845e+00
5.100000000000000366e-04	-8.368337530838815264e-02	-1.315660175524259845e+00
5.199999999999999544e-04	-8.358571905838815819e-02	-1.311998066149259845e+00
5.299999999999999807e-04	-8.407400030838815819e-02	-1.319322284899259845e+00
5.400000000000000069e-04	-8.397634405838816374e-02	-1.315660175524259845e+00
5.500000000000000331e-04	-8.441579718338815264e-02	-1.321763691149259845e+00
5.599999999999999509e-04	-8.431814093338815819e-02	-1.319322284899259845e+00
5.699999999999999772e-04	-8.475759405838816096e-02	-1.325425800524259845e+00
5.800000000000000034e-04	-8.465993780838815264e-02	-1.322984394274259845e+00
5.900000000000000296e-04	-8.509939093338815541e-02	-1.329087909899259845e+00
5.999999999999999474e-04	-8.505056280838815819e-02	-1.325425800524259845e+00
6.099999999999999737e-04	-8.549001593338816096e-02	-1.332750019274259845e+00
6.199999999999999999e-04	-8.539235968338815264e-02	-1.330308613024259845e+00
6.300000000000000261e-04	-8.583181280838815541e-02	-1.336412128649259845e+00
6.400000000000000524e-04	-8.578298468338815819e-02	-1.332750019274259845e+00
6.499999999999999702e-04	-8.622243780838816096e-02	-1.340074238024259845e+00
6.599999999999999964e-04	-8.612478155838815264e-02	-1.336412128649259845e+00
6.700000000000000226e-04	-8.656423468338815541e-02	-1.343736347399259845e+00
6.800000000000000488e-04	-8.651540655838815819e-02	-1.341294941149259845e+00
6.899999999999999667e-04	-8.695485968338816096e-02	-1.347398456774259845e+00
6.999999999999999929e-04	-8.685720343338815264e-02	-1.344957050524259845e+00
7.100000000000000191e-04	-8.734548468338815264e-02	-1.351060566149259845e+00
7.200000000000000453e-04	-8.724782843338815819e-02	-1.347398456774259845e+00
7.299999999999999632e-04	-8.768728155838816096e-02	-1.354722675524259845e+00
7.399999999999999894e-04	-8.763845343338816374e-02	-1.351060566149259845e+00
7.500000000000000156e-04	-8.807790655838815264e-02	-1.358384784899259845e+00
7.600000000000000418e-04	-8.798025030838815819e-02	-1.354722675524259845e+00
7.699999999999999597e-04	-8.846853155838815819e-02	-1.362046894274259845e+00
7.799999999999999859e-04	-8.837087530838816374e-02	-1.358384784899259845e+00
7.900000000000000121e-04	-8.881032843338815264e-02	-1.365709003649259845e+00
8.000000000000000383e-04	-8.871267218338815819e-02	-1.362046894274259845e+00
8.099999999999999561e-04	-8.920095343338815819e-02	-1.369371113024259845e+00
8.199999999999999824e-04	-8.910329718338816374e-02	-1.365709003649259845e+00
8.300000000000000086e-04	-8.954275030838815264e-02	-1.373033222399259845e+00
8.400000000000000348e-04	-8.949392218338815541e-02	-1.369371113024259845e+00
8.499999999999999526e-04	-8.993337530838815819e-02	-1.376695331774259845e+00
8.599999999999999789e-04	-8.983571905838816374e-02	-1.373033222399259845e+00
8.700000000000000051e-04	-9.027517218338815264e-02	-1.380357441149259845e+00
8.800000000000000313e-04	-9.017751593338815819e-02	-1.376695331774259845e+00
8.899999999999999491e-04	-9.061696905838816096e-02	-1.384019550524259845e+00
8.999999999999999754e-04	-9.056814093338816374e-02	-1.380357441149259845e+00
9.100000000000000016e-04	-9.100759405838815264e-02	-1.387681659899259845e+00
9.200000000000000278e-04	-9.090993780838815819e-02	-1.384019550524259845e+00
9.300000000000000541e-04	-9.134939093338816096e-02	-1.391343769274259845e+00
9.399999999999999719e-04	-9.125173468338815264e-02	-1.387681659899259845e+00
9.499999999999999981e-04	-9.169118780838815541e-02	-1.395005878649259845e+00
9.600000000000000243e-04	-9.164235968338815819e-02	-1.391343769274259845e+00
9.700000000000000505e-04	-9.208181280838816096e-02	-1.398667988024259845e+00
9.799999999999999684e-04	-9.198415655838815264e-02	-1.393785175524259845e+00
9.899999999999999946e-04	-9.237478155838815819e-02	-1.401109394274259845e+00
1.000000000000000021e-03	-9.232595343338816096e-02	-1.391343769274259845e+00
1.010000000000000047e-03	-9.271657843338815264e-02	-1.398667988024259845e+00
1.020000000000000073e-03	-9.261892218338815819e-02	-1.386460956774259845e+00
1.030000000000000100e-03	-9.300954718338816374e-02	-1.393785175524259845e+00
1.039999999999999909e-03	-9.296071905838815264e-02	-1.382798847399259845e+00
1.049999999999999935e-03	-9.330251593338816096e-02	-1.390123066149259845e+00
1.059999999999999961e-03	-9.325368780838816374e-02	-1.377916034899259845e+00
1.069999999999999988e-03	-9.359548468338815819e-02	-1.385240253649259845e+00
1.080000000000000014e-03	-9.354665655838816096e-02	-1.373033222399259845e+00
1.090000000000000040e-03	-9.383962530838815819e-02	-1.381578144274259845e+00
1.100000000000000066e-03	-9.379079718338816096e-02	-1.369371113024259845e+00
1.110000000000000092e-03	-9.413259405838815541e-02	-1.376695331774259845e+00
1.119999999999999902e-03	-9.403493780838816096e-02	-1.364488300524259845e+00
1.129999999999999928e-03	-9.432790655838815819e-02	-1.371812519274259845e+00
1.139999999999999954e-03	-9.427907843338816096e-02	-1.360826191149259845e+00
1.149999999999999981e-03	-9.457204718338815819e-02	-1.368150409899259845e+00
1.160000000000000007e-03	-9.447439093338816374e-02	-1.355943378649259845e+00
1.170000000000000033e-03	-9.476735968338816096e-02	-1.363267597399259845e+00
1.180000000000000059e-03	-9.462087530838815541e-02	-1.352281269274259845e+00
1.190000000000000085e-03	-9.491384405838815264e-02	-1.359605488024259845e+00
1.199999999999999895e-03	-9.476735968338816096e-02	-1.347398456774259845e+00
1.209999999999999921e-03	-9.506032843338815819e-02	-1.354722675524259845e+00
1.219999999999999947e-03	-9.486501593338815541e-02	-1.342515644274259845e+00
1.229999999999999974e-03	-9.510915655838815541e-02	-1.351060566149259845e+00
1.240000000000000000e-03	-9.491384405838815264e-02	-1.338853534899259845e+00
1.250000000000000026e-03	-9.515798468338815264e-02	-1.346177753649259845e+00
1.260000000000000052e-03	-9.491384405838815264e-02	-1.333970722399259845e+00
1.270000000000000078e-03	-9.515798468338815264e-02	-1.341294941149259845e+00
1.280000000000000105e-03	-9.486501593338815541e-02	-1.330308613024259845e+00
1.289999999999999914e-03	-9.510915655838815541e-02	-1.337632831774259845e+00
1.299999999999999940e-03	-9.476735968338816096e-02	-1.325425800524259845e+00
1.309999999999999967e-03	-9.501150030838816096e-02	-1.332750019274259845e+00
1.319999999999999993e-03	-9.462087530838815541e-02	-1.320542988024259845e+00
1.330000000000000019e-03	-9.491384405838815264e-02	-1.329087909899259845e+00
1.340000000000000045e-03	-9.442556280838815264e-02	-1.316880878649259845e+00
1.350000000000000071e-03	-9.471853155838816374e-02	-1.324205097399259845e+00
1.360000000000000098e-03	-9.418142218338815264e-02	-1.311998066149259845e+00
1.369999999999999907e-03	-9.452321905838816096e-02	-1.319322284899259845e+00
1.379999999999999933e-03	-9.388845343338815541e-02	-1.308335956774259845e+00
1.389999999999999960e-03	-9.423025030838816374e-02	-1.315660175524259845e+00
1.399999999999999986e-03	-9.349782843338816374e-02	-1.303453144274259845e+00
1.410000000000000012e-03	-9.393728155838815264e-02	-1.310777363024259845e+00
1.420000000000000038e-03	-9.310720343338815819e-02	-1.299791034899259845e+00
1.430000000000000064e-03	-9.354665655838816096e-02	-1.305894550524259845e+00
1.440000000000000091e-03	-9.266775030838815541e-02	-1.294908222399259845e+00
1.449999999999999900e-03	-9.315603155838815541e-02	-1.302232441149259845e+00
1.459999999999999926e-03	-9.222829718338815264e-02	-1.291246113024259845e+00
1.469999999999999953e-03	-9.271657843338815264e-02	-1.298570331774259845e+00
1.479999999999999979e-03	-9.169118780838815541e-02	-1.286363300524259845e+00
1.490000000000000005e-03	-9.222829718338815264e-02	-1.293687519274259845e+00
1.500000000000000031e-03	-9.115407843338815819e-02	-1.281480488024259845e+00
1.510000000000000057e-03	-9.169118780838815541e-02	-1.288804706774259845e+00
1.520000000000000084e-03	-9.056814093338816374e-02	-1.276597675524259845e+00
1.529999999999999893e-03	-9.115407843338815819e-02	-1.285142597399259845e+00
1.539999999999999919e-03	-8.998220343338815541e-02	-1.272935566149259845e+00
1.549999999999999946e-03	-9.056814093338816374e-02	-1.280259784899259845e+00
1.559999999999999972e-03	-8.934743780838816374e-02	-1.268052753649259845e+00
1.569999999999999998e-03	-8.998220343338815541e-02	-1.275376972399259845e+00
1.580000000000000024e-03	-8.871267218338815819e-02	-1.263169941149259845e+00
1.590000000000000050e-03	-8.934743780838816374e-02	-1.271714863024259845e+00
1.600000000000000077e-03	-8.807790655838815264e-02	-1.259507831774259845e+00
1.610000000000000103e-03	-8.871267218338815819e-02	-1.266832050524259845e+00
1.619999999999999912e-03	-8.739431280838816374e-02	-1.254625019274259845e+00
1.629999999999999939e-03	-8.807790655838815264e-02	-1.261949238024259845e+00
1.639999999999999965e-03	-8.671071905838816096e-02	-1.250962909899259845e+00
1.649999999999999991e-03	-8.739431280838816374e-02	-1.258287128649259845e+00
1.660000000000000017e-03	-8.602712530838815819e-02	-1.246080097399259845e+00
1.670000000000000043e-03	-8.671071905838816096e-02	-1.253404316149259845e+00
1.680000000000000070e-03	-8.534353155838815541e-02	-1.241197284899259845e+00
1.690000000000000096e-03	-8.602712530838815819e-02	-1.249742206774259845e+00
1.699999999999999905e-03	-8.461110968338815541e-02	-1.237535175524259845e+00
1.709999999999999932e-03	-8.529470343338815819e-02	-1.244859394274259845e+00
1.719999999999999958e-03	-8.392751593338815264e-02	-1.233873066149259845e+00
1.729999999999999984e-03	-8.461110968338815541e-02	-1.241197284899259845e+00
1.740000000000000010e-03	-8.324392218338816374e-02	-1.228990253649259845e+00
1.750000000000000036e-03	-8.392751593338815264e-02	-1.236314472399259845e+00
1.760000000000000063e-03	-8.256032843338816096e-02	-1.224107441149259845e+00
1.770000000000000089e-03	-8.324392218338816374e-02	-1.231431659899259845e+00
1.779999999999999898e-03	-8.182790655838816096e-02	-1.220445331774259845e+00
1.789999999999999925e-03	-8.251150030838816374e-02	-1.227769550524259845e+00
1.799999999999999951e-03	-8.114431280838815819e-02	-1.215562519274259845e+00
1.809999999999999977e-03	-8.182790655838816096e-02	-1.222886738024259845e+00
1.820000000000000003e-03	-8.046071905838815541e-02	-1.210679706774259845e+00
1.830000000000000029e-03	-8.114431280838815819e-02	-1.219224628649259845e+00
1.840000000000000056e-03	-7.977712530838815264e-02	-1.207017597399259845e+00
1.850000000000000082e-03	-8.046071905838815541e-02	-1.214341816149259845e+00
1.860000000000000108e-03	-7.914235968338816096e-02	-1.202134784899259845e+00
1.869999999999999917e-03	-7.977712530838815264e-02	-1.209459003649259845e+00
1.879999999999999944e-03	-7.850759405838815541e-02	-1.198472675524259845e+00
1.889999999999999970e-03	-7.914235968338816096e-02	-1.205796894274259845e+00
1.899999999999999996e-03	-7.787282843338816374e-02	-1.193589863024259845e+00
1.910000000000000022e-03	-7.850759405838815541e-02	-1.200914081774259845e+00
1.920000000000000049e-03	-7.728689093338815541e-02	-1.188707050524259845e+00
1.930000000000000075e-03	-7.792165655838816096e-02	-1.196031269274259845e+00
1.940000000000000101e-03	-7.674978155838815819e-02	-1.183824238024259845e+00
1.949999999999999910e-03	-7.733571905838815264e-02	-1.192369159899259845e+00
1.959999999999999937e-03	-7.621267218338816096e-02	-1.180162128649259845e+00
1.969999999999999963e-03	-7.679860968338815541e-02	-1.187486347399259845e+00
1.979999999999999989e-03	-7.572439093338816096e-02	-1.175279316149259845e+00
1.990000000000000015e-03	-7.626150030838815819e-02	-1.183824238024259845e+00
2.000000000000000042e-03	-7.523610968338816096e-02	-1.171617206774259845e+00
2.010000000000000068e-03	-7.577321905838815819e-02	-1.178941425524259845e+00
2.020000000000000094e-03	-7.479665655838815819e-02	-1.166734394274259845e+00
2.030000000000000120e-03	-7.533376593338815541e-02	-1.174058613024259845e+00
2.040000000000000147e-03	-7.440603155838815264e-02	-1.163072284899259845e+00
2.050000000000000173e-03	-7.489431280838815264e-02	-1.170396503649259845e+00
2.060000000000000199e-03	-7.401540655838816096e-02	-1.158189472399259845e+00
2.069999999999999792e-03	-7.445485968338814986e-02	-1.165513691149259845e+00
2.079999999999999818e-03	-7.367360968338815264e-02	-1.153306659899259845e+00
2.089999999999999844e-03	-7.411306280838815541e-02	-1.161851581774259845e+00
2.099999999999999870e-03	-7.333181280838815819e-02	-1.149644550524259845e+00
2.109999999999999896e-03	-7.377126593338816096e-02	-1.156968769274259845e+00
2.119999999999999923e-03	-7.299001593338814986e-02	-1.144761738024259845e+00
2.129999999999999949e-03	-7.342946905838815264e-02	-1.152085956774259845e+00
2.139999999999999975e-03	-7.269704718338815264e-02	-1.141099628649259845e+00
2.150000000000000001e-03	-7.313650030838815541e-02	-1.147203144274259845e+00
2.160000000000000028e-03	-7.240407843338815541e-02	-1.136216816149259845e+00
2.170000000000000054e-03	-7.284353155838815819e-02	-1.143541034899259845e+00
2.180000000000000080e-03	-7.211110968338815819e-02	-1.131334003649259845e+00
2.190000000000000106e-03	-7.250173468338814986e-02	-1.138658222399259845e+00
2.200000000000000133e-03	-7.186696905838815819e-02	-1.127671894274259845e+00
2.210000000000000159e-03	-7.225759405838814986e-02	-1.134996113024259845e+00
2.220000000000000185e-03	-7.157400030838816096e-02	-1.122789081774259845e+00
2.230000000000000211e-03	-7.201345343338814986e-02	-1.130113300524259845e+00
2.239999999999999804e-03	-7.132985968338816096e-02	-1.119126972399259845e+00
2.249999999999999830e-03	-7.172048468338815264e-02	-1.125230488024259845e+00
2.259999999999999856e-03	-7.108571905838816096e-02	-1.114244159899259845e+00
2.269999999999999882e-03	-7.147634405838815264e-02	-1.121568378649259845e+00
2.279999999999999909e-03	-7.084157843338816096e-02	-1.109361347399259845e+00
2.289999999999999935e-03	-7.123220343338815264e-02	-1.116685566149259845e+00
2.299999999999999961e-03	-7.059743780838816096e-02	-1.105699238024259845e+00
2.309999999999999987e-03	-7.098806280838815264e-02	-1.113023456774259845e+00
2.320000000000000014e-03	-7.040212530838815819e-02	-1.100816425524259845e+00
2.330000000000000040e-03	-7.079275030838814986e-02	-1.108140644274259845e+00
2.340000000000000066e-03	-7.020681280838815541e-02	-1.097154316149259845e+00
2.350000000000000092e-03	-7.059743780838816096e-02	-1.104478534899259845e+00
2.360000000000000119e-03	-7.001150030838815264e-02	-1.092271503649259845e+00
2.370000000000000145e-03	-7.035329718338816096e-02	-1.099595722399259845e+00
2.380000000000000171e-03	-6.981618780838814986e-02	-1.087388691149259845e+00
2.390000000000000197e-03	-7.015798468338815819e-02	-1.094712909899259845e+00
2.399999999999999790e-03	-6.962087530838816096e-02	-1.083726581774259845e+00
2.409999999999999816e-03	-7.001150030838815264e-02	-1.091050800524259845e+00
2.419999999999999842e-03	-6.942556280838815819e-02	-1.078843769274259845e+00
2.429999999999999868e-03	-6.981618780838814986e-02	-1.086167988024259845e+00
2.439999999999999895e-03	-6.923025030838815541e-02	-1.073960956774259845e+00
2.449999999999999921e-03	-6.962087530838816096e-02	-1.082505878649259845e+00
2.459999999999999947e-03	-6.903493780838815264e-02	-1.070298847399259845e+00
2.469999999999999973e-03	-6.942556280838815819e-02	-1.077623066149259845e+00
2.480000000000000000e-03	-6.883962530838814986e-02	-1.065416034899259845e+00
2.490000000000000026e-03	-6.923025030838815541e-02	-1.072740253649259845e+00
2.500000000000000052e-03	-6.864431280838816096e-02	-1.060533222399259845e+00
2.510000000000000078e-03	-6.903493780838815264e-02	-1.069078144274259845e+00
2.520000000000000104e-03	-6.844900030838815819e-02	-1.056871113024259845e+00
2.530000000000000131e-03	-6.879079718338815264e-02	-1.064195331774259845e+00
2.540000000000000157e-03	-6.820485968338815819e-02	-1.051988300524259845e+00
2.550000000000000183e-03	-6.859548468338814986e-02	-1.060533222399259845e+00
2.560000000000000209e-03	-6.796071905838815819e-02	-1.048326191149259845e+00
2.569999999999999802e-03	-6.835134405838814986e-02	-1.055650409899259845e+00
2.579999999999999828e-03	-6.766775030838816096e-02	-1.043443378649259845e+00
2.589999999999999854e-03	-6.810720343338814986e-02	-1.050767597399259845e+00
2.599999999999999881e-03	-6.742360968338816096e-02	-1.039781269274259845e+00
2.609999999999999907e-03	-6.781423468338815264e-02	-1.047105488024259845e+00
2.619999999999999933e-03	-6.713064093338814986e-02	-1.034898456774259845e+00
2.629999999999999959e-03	-6.752126593338815541e-02	-1.042222675524259845e+00
2.639999999999999986e-03	-6.683767218338815264e-02	-1.031236347399259845e+00
2.650000000000000012e-03	-6.722829718338815819e-02	-1.038560566149259845e+00
2.660000000000000038e-03	-6.654470343338815541e-02	-1.026353534899259845e+00
2.670000000000000064e-03	-6.693532843338816096e-02	-1.033677753649259845e+00
2.680000000000000090e-03	-6.620290655838816096e-02	-1.022691425524259845e+00
2.690000000000000117e-03	-6.664235968338814986e-02	-1.030015644274259845e+00
2.700000000000000143e-03	-6.586110968338815264e-02	-1.017808613024259845e+00
2.710000000000000169e-03	-6.630056280838815541e-02	-1.025132831774259845e+00
2.720000000000000195e-03	-6.551931280838815819e-02	-1.014146503649259845e+00
2.729999999999999788e-03	-6.595876593338816096e-02	-1.021470722399259845e+00
2.739999999999999814e-03	-6.517751593338814986e-02	-1.009263691149259845e+00
2.749999999999999840e-03	-6.561696905838815264e-02	-1.016587909899259845e+00
2.759999999999999867e-03	-6.483571905838815541e-02	-1.004380878649259845e+00
2.769999999999999893e-03	-6.527517218338815819e-02	-1.012925800524259845e+00
2.779999999999999919e-03	-6.449392218338816096e-02	-9.994980661492598450e-01
2.789999999999999945e-03	-6.493337530838814986e-02	-1.008042988024259845e+00
2.799999999999999972e-03	-6.415212530838815264e-02	-9.958359567742598450e-01
2.809999999999999998e-03	-6.459157843338815541e-02	-1.003160175524259845e+00
2.820000000000000024e-03	-6.381032843338815819e-02	-9.909531442742598450e-01
2.830000000000000050e-03	-6.424978155838816096e-02	-9.982773630242598450e-01
2.840000000000000076e-03	-6.346853155838814986e-02	-9.872910348992598450e-01
2.850000000000000103e-03	-6.390798468338815264e-02	-9.946152536492598450e-01
2.860000000000000129e-03	-6.307790655838815819e-02	-9.824082223992598450e-01
2.870000000000000155e-03	-6.351735968338816096e-02	-9.897324411492598450e-01
2.880000000000000181e-03	-6.273610968338814986e-02	-9.787461130242598450e-01
2.890000000000000208e-03	-6.317556280838815264e-02	-9.860703317742598450e-01
2.899999999999999800e-03	-6.239431280838815541e-02	-9.738633005242598450e-01
2.909999999999999826e-03	-6.283376593338815819e-02	-9.811875192742598450e-01
2.919999999999999853e-03	-6.205251593338815402e-02	-9.689804880242598450e-01
2.929999999999999879e-03	-6.249196905838815680e-02	-9.763047067742598450e-01
2.939999999999999905e-03	-6.166189093338815541e-02	-9.653183786492598450e-01
2.949999999999999931e-03	-6.215017218338815541e-02	-9.726425973992598450e-01
2.959999999999999958e-03	-6.132009405838815402e-02	-9.604355661492598450e-01
2.969999999999999984e-03	-6.175954718338815680e-02	-9.677597848992598450e-01
2.980000000000000010e-03	-6.097829718338815264e-02	-9.567734567742598450e-01
2.990000000000000036e-03	-6.141775030838815541e-02	-9.640976755242598450e-01
3.000000000000000062e-03	-6.058767218338815402e-02	-9.518906442742598450e-01
3.010000000000000089e-03	-6.107595343338815402e-02	-9.592148630242598450e-01
3.020000000000000115e-03	-6.024587530838815264e-02	-9.470078317742598450e-01
3.030000000000000141e-03	-6.068532843338815541e-02	-9.555527536492598450e-01
3.040000000000000167e-03	-5.985525030838815402e-02	-9.433457223992598450e-01
3.050000000000000194e-03	-6.034353155838815402e-02	-9.506699411492598450e-01
3.059999999999999786e-03	-5.946462530838815541e-02	-9.384629098992598450e-01
3.069999999999999812e-03	-5.995290655838815541e-02	-9.457871286492598450e-01
3.079999999999999839e-03	-5.907400030838815680e-02	-9.348008005242598450e-01
3.089999999999999865e-03	-5.956228155838815680e-02	-9.421250192742598450e-01
3.099999999999999891e-03	-5.868337530838815819e-02	-9.299179880242598450e-01
3.109999999999999917e-03	-5.917165655838815819e-02	-9.372422067742598450e-01
3.119999999999999944e-03	-5.829275030838815264e-02	-9.250351755242598450e-01
3.129999999999999970e-03	-5.878103155838815264e-02	-9.323593942742598450e-01
3.139999999999999996e-03	-5.795095343338815819e-02	-9.213730661492598450e-01
3.150000000000000022e-03	-5.839040655838815402e-02	-9.286972848992598450e-01
3.160000000000000048e-03	-5.751150030838815541e-02	-9.164902536492598450e-01
3.170000000000000075e-03	-5.799978155838815541e-02	-9.238144723992598450e-01
3.180000000000000101e-03	-5.712087530838815680e-02	-9.128281442742598450e-01
3.190000000000000127e-03	-5.760915655838815680e-02	-9.189316598992598450e-01
3.200000000000000153e-03	-5.673025030838815819e-02	-9.079453317742598450e-01
3.210000000000000180e-03	-5.721853155838815819e-02	-9.152695505242598450e-01
3.220000000000000206e-03	-5.633962530838815264e-02	-9.030625192742598450e-01
3.229999999999999798e-03	-5.677907843338815541e-02	-9.116074411492598450e-01
3.239999999999999825e-03	-5.594900030838815402e-02	-8.994004098992598450e-01
3.249999999999999851e-03	-5.638845343338815680e-02	-9.067246286492598450e-01
3.259999999999999877e-03	-5.555837530838815541e-02	-8.945175973992598450e-01
3.269999999999999903e-03	-5.599782843338815819e-02	-9.018418161492598450e-01
3.279999999999999930e-03	-5.516775030838815680e-02	-8.908554880242598450e-01
3.289999999999999956e-03	-5.560720343338815264e-02	-8.981797067742598450e-01
3.299999999999999982e-03	-5.477712530838815819e-02	-8.859726755242598450e-01
3.310000000000000008e-03	-5.521657843338815402e-02	-8.932968942742598450e-01
3.320000000000000034e-03	-5.438650030838815264e-02	-8.810898630242598450e-01
3.330000000000000061e-03	-5.487478155838815264e-02	-8.884140817742598450e-01
3.340000000000000087e-03	-5.399587530838815402e-02	-8.774277536492598450e-01
3.350000000000000113e-03	-5.448415655838815402e-02	-8.847519723992598450e-01
3.360000000000000139e-03	-5.360525030838815541e-02	-8.725449411492598450e-01
3.370000000000000166e-03	-5.404470343338815819e-02	-8.810898630242598450e-01
3.380000000000000192e-03	-5.321462530838815680e-02	-8.688828317742598450e-01
3.389999999999999784e-03	-5.365407843338815264e-02	-8.762070505242598450e-01
3.399999999999999811e-03	-5.282400030838815819e-02	-8.640000192742598450e-01
3.409999999999999837e-03	-5.326345343338815402e-02	-8.713242380242598450e-01
3.419999999999999863e-03	-5.243337530838815264e-02	-8.603379098992598450e-01
3.429999999999999889e-03	-5.287282843338815541e-02	-8.676621286492598450e-01
3.439999999999999915e-03	-5.204275030838815402e-02	-8.554550973992598450e-01
3.449999999999999942e-03	-5.253103155838815402e-02	-8.627793161492598450e-01
3.459999999999999968e-03	-5.165212530838815541e-02	-8.505722848992598450e-01
3.469999999999999994e-03	-5.214040655838815541e-02	-8.578965036492598450e-01
3.480000000000000020e-03	-5.126150030838815680e-02	-8.469101755242598450e-01
3.490000000000000047e-03	-5.174978155838815680e-02	-8.542343942742598450e-01
3.500000000000000073e-03	-5.087087530838815819e-02	-8.420273630242598450e-01
3.510000000000000099e-03	-5.135915655838815819e-02	-8.493515817742598450e-01
3.520000000000000125e-03	-5.048025030838815264e-02	-8.383652536492598450e-01
3.530000000000000152e-03	-5.096853155838815264e-02	-8.456894723992598450e-01
3.540000000000000178e-03	-5.013845343338815819e-02	-8.334824411492598450e-01
3.550000000000000204e-03	-5.057790655838815402e-02	-8.408066598992598450e-01
3.559999999999999797e-03	-4.979665655838816374e-02	-8.285996286492598450e-01
3.569999999999999823e-03	-5.023610968338815264e-02	-8.359238473992598450e-01
3.579999999999999849e-03	-4.940603155838815819e-02	-8.249375192742598450e-01
3.589999999999999875e-03	-4.984548468338816096e-02	-8.322617380242598450e-01
3.599999999999999901e-03	-4.906423468338816374e-02	-8.200547067742598450e-01
3.609999999999999928e-03	-4.950368780838815957e-02	-8.273789255242598450e-01
3.619999999999999954e-03	-4.867360968338815819e-02	-8.163925973992598450e-01
3.629999999999999980e-03	-4.916189093338815819e-02	-8.237168161492598450e-01
3.640000000000000006e-03	-4.838064093338816096e-02	-8.115097848992598450e-01
3.650000000000000033e-03	-4.882009405838816374e-02	-8.188340036492598450e-01
3.660000000000000059e-03	-4.803884405838815957e-02	-8.066269723992598450e-01
3.670000000000000085e-03	-4.847829718338816235e-02	-8.139511911492598450e-01
3.680000000000000111e-03	-4.769704718338815819e-02	-8.029648630242598450e-01
3.690000000000000138e-03	-4.813650030838816096e-02	-8.102890817742598450e-01
3.700000000000000164e-03	-4.740407843338816096e-02	-7.980820505242598450e-01
3.710000000000000190e-03	-4.784353155838816374e-02	-8.054062692742598450e-01
3.720000000000000216e-03	-4.711110968338816374e-02	-7.944199411492598450e-01
3.729999999999999809e-03	-4.755056280838815957e-02	-8.017441598992598450e-01
3.739999999999999835e-03	-4.681814093338815957e-02	-7.895371286492598450e-01
3.749999999999999861e-03	-4.720876593338815819e-02	-7.968613473992598450e-01
3.759999999999999887e-03	-4.657400030838815957e-02	-7.846543161492598450e-01
3.769999999999999914e-03	-4.696462530838815819e-02	-7.931992380242598450e-01
3.779999999999999940e-03	-4.628103155838816235e-02	-7.809922067742598450e-01
3.789999999999999966e-03	-4.667165655838816096e-02	-7.883164255242598450e-01
3.799999999999999992e-03	-4.603689093338816235e-02	-7.761093942742598450e-01
3.810000000000000019e-03	-4.642751593338816096e-02	-7.834336130242598450e-01
3.820000000000000045e-03	-4.579275030838816235e-02	-7.724472848992598450e-01
3.830000000000000071e-03	-4.618337530838816096e-02	-7.797715036492598450e-01
3.840000000000000097e-03	-4.554860968338816235e-02	-7.675644723992598450e-01
3.850000000000000124e-03	-4.593923468338816096e-02	-7.748886911492598450e-01
3.860000000000000150e-03	-4.530446905838816235e-02	-7.639023630242598450e-01
3.870000000000000176e-03	-4.569509405838816096e-02	-7.712265817742598450e-01
3.880000000000000202e-03	-4.506032843338816235e-02	-7.590195505242598450e-01
3.889999999999999795e-03	-4.545095343338816096e-02	-7.663437692742598450e-01
3.899999999999999821e-03	-4.481618780838816235e-02	-7.553574411492598450e-01
3.910000000000000281e-03	-4.520681280838816096e-02	-7.614609567742598450e-01
3.919999999999999873e-03	-4.457204718338816235e-02	-7.504746286492598450e-01
3.930000000000000333e-03	-4.496267218338816096e-02	-7.577988473992598450e-01
3.939999999999999926e-03	-4.432790655838816235e-02	-7.468125192742598450e-01
3.950000000000000386e-03	-4.471853155838816096e-02	-7.529160348992598450e-01
3.959999999999999978e-03	-4.408376593338816235e-02	-7.419297067742598450e-01
3.969999999999999571e-03	-4.447439093338816096e-02	-7.492539255242598450e-01
3.980000000000000031e-03	-4.383962530838816235e-02	-7.370468942742598450e-01
3.989999999999999623e-03	-4.423025030838816096e-02	-7.443711130242598450e-01
4.000000000000000083e-03	-4.354665655838815819e-02	-7.333847848992598450e-01
4.009999999999999676e-03	-4.393728155838816374e-02	-7.407090036492598450e-01
4.020000000000000136e-03	-4.325368780838816096e-02	-7.285019723992598450e-01
4.029999999999999728e-03	-4.364431280838815957e-02	-7.358261911492598450e-01
4.040000000000000188e-03	-4.296071905838816374e-02	-7.236191598992598450e-01
4.049999999999999781e-03	-4.340017218338815957e-02	-7.309433786492598450e-01
4.060000000000000241e-03	-4.266775030838815957e-02	-7.199570505242598450e-01
4.069999999999999833e-03	-4.310720343338816235e-02	-7.272812692742598450e-01
4.080000000000000293e-03	-4.242360968338815957e-02	-7.150742380242598450e-01
4.089999999999999886e-03	-4.281423468338815819e-02	-7.223984567742598450e-01
4.100000000000000346e-03	-4.213064093338816235e-02	-7.114121286492598450e-01
4.109999999999999938e-03	-4.252126593338816096e-02	-7.187363473992598450e-01
4.120000000000000398e-03	-4.183767218338815819e-02	-7.065293161492598450e-01
4.129999999999999991e-03	-4.222829718338816374e-02	-7.138535348992598450e-01
4.139999999999999583e-03	-4.154470343338816096e-02	-7.028672067742598450e-01
4.150000000000000043e-03	-4.193532843338815957e-02	-7.101914255242598450e-01
4.159999999999999636e-03	-4.125173468338816374e-02	-6.979843942742598450e-01
4.170000000000000095e-03	-4.169118780838815957e-02	-7.053086130242598450e-01
4.179999999999999688e-03	-4.100759405838816374e-02	-6.931015817742598450e-01
4.190000000000000148e-03	-4.139821905838816235e-02	-7.004258005242598450e-01
4.199999999999999740e-03	-4.076345343338816374e-02	-6.894394723992598450e-01
4.210000000000000200e-03	-4.110525030838815819e-02	-6.967636911492598450e-01
4.219999999999999793e-03	-4.051931280838816374e-02	-6.845566598992598450e-01
4.230000000000000253e-03	-4.086110968338815819e-02	-6.918808786492598450e-01
4.239999999999999845e-03	-4.022634405838815957e-02	-6.808945505242598450e-01
4.250000000000000305e-03	-4.061696905838815819e-02	-6.882187692742598450e-01
4.259999999999999898e-03	-3.998220343338815957e-02	-6.760117380242598450e-01
4.270000000000000358e-03	-4.037282843338815819e-02	-6.833359567742598450e-01
4.279999999999999950e-03	-3.973806280838815957e-02	-6.711289255242598450e-01
4.290000000000000410e-03	-4.012868780838815819e-02	-6.796738473992598450e-01
4.300000000000000003e-03	-3.949392218338815957e-02	-6.674668161492598450e-01
4.309999999999999595e-03	-3.988454718338815819e-02	-6.747910348992598450e-01
4.320000000000000055e-03	-3.924978155838815957e-02	-6.625840036492598450e-01
4.329999999999999648e-03	-3.959157843338816096e-02	-6.699082223992598450e-01
4.340000000000000108e-03	-3.900564093338815957e-02	-6.589218942742598450e-01
4.349999999999999700e-03	-3.939626593338815819e-02	-6.662461130242598450e-01
4.360000000000000160e-03	-3.876150030838815957e-02	-6.540390817742598450e-01
4.369999999999999753e-03	-3.915212530838815819e-02	-6.613633005242598450e-01
4.380000000000000213e-03	-3.851735968338815957e-02	-6.503769723992598450e-01
4.389999999999999805e-03	-3.890798468338815819e-02	-6.577011911492598450e-01
4.400000000000000265e-03	-3.822439093338816235e-02	-6.454941598992598450e-01
4.409999999999999858e-03	-3.861501593338816096e-02	-6.528183786492598450e-01
4.420000000000000318e-03	-3.798025030838816235e-02	-6.418320505242598450e-01
4.429999999999999910e-03	-3.837087530838816096e-02	-6.479355661492598450e-01
4.440000000000000370e-03	-3.773610968338816235e-02	-6.369492380242598450e-01
4.449999999999999963e-03	-3.812673468338816096e-02	-6.442734567742598450e-01
4.460000000000000422e-03	-3.744314093338815819e-02	-6.320664255242598450e-01
4.470000000000000015e-03	-3.788259405838816096e-02	-6.406113473992598450e-01
4.479999999999999608e-03	-3.719900030838815819e-02	-6.284043161492598450e-01
4.490000000000000067e-03	-3.758962530838816374e-02	-6.357285348992598450e-01
4.499999999999999660e-03	-3.690603155838816096e-02	-6.235215036492598450e-01
4.510000000000000120e-03	-3.729665655838815957e-02	-6.308457223992598450e-01
4.519999999999999712e-03	-3.661306280838815680e-02	-6.198593942742598450e-01
4.530000000000000172e-03	-3.700368780838816235e-02	-6.259629098992598450e-01
4.539999999999999765e-03	-3.627126593338816235e-02	-6.149765817742598450e-01
4.550000000000000225e-03	-3.671071905838815819e-02	-6.223008005242598450e-01
4.559999999999999817e-03	-3.597829718338815819e-02	-6.113144723992598450e-01
4.570000000000000277e-03	-3.641775030838816096e-02	-6.174179880242598450e-01
4.579999999999999870e-03	-3.563650030838815680e-02	-6.064316598992598450e-01
4.590000000000000330e-03	-3.607595343338815957e-02	-6.137558786492598450e-01
4.599999999999999922e-03	-3.529470343338816235e-02	-6.027695505242598450e-01
4.610000000000000382e-03	-3.573415655838815819e-02	-6.088730661492598450e-01
4.619999999999999975e-03	-3.495290655838816096e-02	-5.978867380242598450e-01
4.629999999999999567e-03	-3.539235968338815680e-02	-6.052109567742598450e-01
4.640000000000000027e-03	-3.461110968338815957e-02	-5.930039255242598450e-01
4.649999999999999620e-03	-3.505056280838816235e-02	-6.015488473992598450e-01
4.660000000000000080e-03	-3.422048468338816096e-02	-5.893418161492598450e-01
4.669999999999999672e-03	-3.470876593338816096e-02	-5.966660348992598450e-01
4.680000000000000132e-03	-3.387868780838815957e-02	-5.844590036492598450e-01
4.689999999999999725e-03	-3.431814093338816235e-02	-5.917832223992598450e-01
4.700000000000000185e-03	-3.343923468338815680e-02	-5.807968942742598450e-01
4.709999999999999777e-03	-3.397634405838816096e-02	-5.881211130242598450e-01
4.720000000000000237e-03	-3.304860968338815819e-02	-5.759140817742598450e-01
4.729999999999999830e-03	-3.353689093338815819e-02	-5.832383005242598450e-01
4.740000000000000289e-03	-3.265798468338815957e-02	-5.722519723992598450e-01
4.749999999999999882e-03	-3.319509405838815680e-02	-5.795761911492598450e-01
4.760000000000000342e-03	-3.226735968338816096e-02	-5.673691598992598450e-01
4.769999999999999934e-03	-3.275564093338816096e-02	-5.746933786492598450e-01
4.780000000000000394e-03	-3.182790655838815819e-02	-5.637070505242598450e-01
4.789999999999999987e-03	-3.231618780838815819e-02	-5.710312692742598450e-01
4.799999999999999580e-03	-3.138845343338816235e-02	-5.588242380242598450e-01
4.810000000000000039e-03	-3.187673468338816235e-02	-5.661484567742598450e-01
4.819999999999999632e-03	-3.094900030838815957e-02	-5.551621286492598450e-01
4.830000000000000092e-03	-3.148610968338815680e-02	-5.624863473992598450e-01
4.839999999999999684e-03	-3.050954718338816027e-02	-5.502793161492598450e-01
4.850000000000000144e-03	-3.104665655838816096e-02	-5.576035348992598450e-01
4.859999999999999737e-03	-3.007009405838816096e-02	-5.453965036492598450e-01
4.870000000000000197e-03	-3.055837530838816096e-02	-5.539414255242598450e-01
4.879999999999999789e-03	-2.958181280838816096e-02	-5.417343942742598450e-01
4.890000000000000249e-03	-3.007009405838816096e-02	-5.490586130242598450e-01
4.899999999999999842e-03	-2.914235968338815819e-02	-5.380722848992598450e-01
4.910000000000000302e-03	-2.963064093338815819e-02	-5.441758005242598450e-01
4.919999999999999894e-03	-2.860525030838816096e-02	-5.331894723992598450e-01
4.930000000000000354e-03	-2.914235968338815819e-02	-5.405136911492598450e-01
4.939999999999999947e-03	-2.816579718338815819e-02	-5.283066598992598450e-01
4.950000000000000407e-03	-2.870290655838815888e-02	-5.368515817742598450e-01
4.959999999999999999e-03	-2.767751593338815819e-02	-5.246445505242598450e-01
4.969999999999999592e-03	-2.821462530838815888e-02	-5.319687692742598450e-01
4.980000000000000052e-03	-2.718923468338815819e-02	-5.197617380242598450e-01
4.989999999999999644e-03	-2.772634405838815888e-02	-5.270859567742598450e-01
5.000000000000000104e-03	-2.670095343338815819e-02	-5.160996286492598450e-01
5.009999999999999697e-03	-2.723806280838815888e-02	-5.234238473992598450e-01
5.020000000000000157e-03	-2.626150030838815888e-02	-5.112168161492598450e-01
5.029999999999999749e-03	-2.674978155838815888e-02	-5.185410348992598450e-01
5.040000000000000209e-03	-2.577321905838815888e-02	-5.075547067742598450e-01
5.049999999999999802e-03	-2.631032843338815957e-02	-5.148789255242598450e-01
5.060000000000000261e-03	-2.533376593338815957e-02	-5.026718942742598450e-01
5.069999999999999854e-03	-2.582204718338815957e-02	-5.099961130242598450e-01
5.080000000000000314e-03	-2.489431280838816027e-02	-4.990097848992598450e-01
5.089999999999999906e-03	-2.538259405838816027e-02	-5.063340036492598450e-01
5.100000000000000366e-03	-2.445485968338816096e-02	-4.941269723992598450e-01
5.109999999999999959e-03	-2.494314093338816096e-02	-5.014511911492598450e-01
5.120000000000000419e-03	-2.401540655838815819e-02	-4.904648630242598450e-01
5.130000000000000011e-03	-2.450368780838815819e-02	-4.977890817742598450e-01
5.139999999999999604e-03	-2.362478155838815957e-02	-4.855820505242598450e-01
5.150000000000000064e-03	-2.406423468338815888e-02	-4.929062692742598450e-01
5.159999999999999656e-03	-2.318532843338816027e-02	-4.819199411492598450e-01
5.170000000000000116e-03	-2.367360968338816027e-02	-4.892441598992598450e-01
5.179999999999999709e-03	-2.279470343338815819e-02	-4.770371286492598450e-01
5.190000000000000169e-03	-2.328298468338815819e-02	-4.843613473992598450e-01
5.199999999999999761e-03	-2.240407843338815957e-02	-4.721543161492598450e-01
5.210000000000000221e-03	-2.289235968338815957e-02	-4.806992380242598450e-01
5.219999999999999814e-03	-2.201345343338816096e-02	-4.684922067742598450e-01
5.230000000000000274e-03	-2.250173468338816096e-02	-4.758164255242598450e-01
5.239999999999999866e-03	-2.167165655838815957e-02	-4.648300973992598450e-01
5.250000000000000326e-03	-2.211110968338815888e-02	-4.721543161492598450e-01
5.259999999999999919e-03	-2.128103155838816096e-02	-4.599472848992598450e-01
5.270000000000000379e-03	-2.176931280838816096e-02	-4.672715036492598450e-01
5.279999999999999971e-03	-2.093923468338815957e-02	-4.550644723992598450e-01
5.290000000000000431e-03	-2.137868780838815888e-02	-4.636093942742598450e-01
5.300000000000000024e-03	-2.059743780838815819e-02	-4.514023630242598450e-01
5.309999999999999616e-03	-2.103689093338816096e-02	-4.587265817742598450e-01
5.320000000000000076e-03	-2.025564093338816027e-02	-4.477402536492598450e-01
5.329999999999999669e-03	-2.069509405838815957e-02	-4.550644723992598450e-01
5.340000000000000129e-03	-1.991384405838815888e-02	-4.428574411492598450e-01
5.349999999999999721e-03	-2.035329718338815819e-02	-4.501816598992598450e-01
5.360000000000000181e-03	-1.957204718338816096e-02	-4.379746286492598450e-01
5.369999999999999774e-03	-2.001150030838816027e-02	-4.465195505242598450e-01
5.380000000000000233e-03	-1.923025030838815957e-02	-4.343125192742598450e-01
5.389999999999999826e-03	-1.966970343338815888e-02	-4.416367380242598450e-01
5.400000000000000286e-03	-1.888845343338815819e-02	-4.294297067742598450e-01
5.409999999999999878e-03	-1.932790655838816096e-02	-4.367539255242598450e-01
5.420000000000000338e-03	-1.859548468338815749e-02	-4.257675973992598450e-01
5.429999999999999931e-03	-1.898610968338815957e-02	-4.330918161492598450e-01
5.440000000000000391e-03	-1.825368780838815957e-02	-4.221054880242598450e-01
5.449999999999999983e-03	-1.869314093338815888e-02	-4.294297067742598450e-01
5.459999999999999576e-03	-1.796071905838815888e-02	-4.172226755242598450e-01
5.470000000000000036e-03	-1.835134405838815749e-02	-4.245468942742598450e-01
5.479999999999999628e-03	-1.761892218338815749e-02	-4.135605661492598450e-01
5.490000000000000088e-03	-1.805837530838816027e-02	-4.208847848992598450e-01
5.499999999999999681e-03	-1.732595343338816027e-02	-4.086777536492598450e-01
5.510000000000000141e-03	-1.771657843338815888e-02	-4.160019723992598450e-01
5.519999999999999733e-03	-1.703298468338815957e-02	-4.050156442742598450e-01
5.530000000000000193e-03	-1.742360968338815819e-02	-4.123398630242598450e-01
5.539999999999999786e-03	-1.669118780838815819e-02	-4.001328317742598450e-01
5.550000000000000246e-03	-1.713064093338815749e-02	-4.074570505242598450e-01
5.559999999999999838e-03	-1.639821905838815749e-02	-3.964707223992598450e-01
5.570000000000000298e-03	-1.678884405838815957e-02	-4.037949411492598450e-01
5.579999999999999891e-03	-1.605642218338815957e-02	-3.915879098992598450e-01
5.590000000000000351e-03	-1.649587530838815888e-02	-3.989121286492598450e-01
5.599999999999999943e-03	-1.576345343338815888e-02	-3.879258005242598450e-01
5.610000000000000403e-03	-1.620290655838815819e-02	-3.952500192742598450e-01
5.619999999999999996e-03	-1.547048468338815819e-02	-3.830429880242598450e-01
5.629999999999999588e-03	-1.586110968338816027e-02	-3.903672067742598450e-01
5.640000000000000048e-03	-1.512868780838815853e-02	-3.793808786492598450e-01
5.649999999999999641e-03	-1.551931280838815888e-02	-3.867050973992598450e-01
5.660000000000000100e-03	-1.483571905838815957e-02	-3.744980661492598450e-01
5.669999999999999693e-03	-1.522634405838815819e-02	-3.830429880242598450e-01
5.680000000000000153e-03	-1.449392218338815819e-02	-3.708359567742598450e-01
5.689999999999999745e-03	-1.493337530838815923e-02	-3.781601755242598450e-01
5.700000000000000205e-03	-1.415212530838815853e-02	-3.659531442742598450e-01
5.709999999999999798e-03	-1.459157843338815957e-02	-3.732773630242598450e-01
5.720000000000000258e-03	-1.385915655838815957e-02	-3.622910348992598450e-01
5.729999999999999850e-03	-1.424978155838815819e-02	-3.696152536492598450e-01
5.740000000000000310e-03	-1.351735968338815819e-02	-3.574082223992598450e-01
5.749999999999999903e-03	-1.395681280838815923e-02	-3.647324411492598450e-01
5.760000000000000363e-03	-1.317556280838815853e-02	-3.537461130242598450e-01
5.769999999999999955e-03	-1.361501593338815957e-02	-3.610703317742598450e-01
5.780000000000000415e-03	-1.283376593338815888e-02	-3.488633005242598450e-01
5.790000000000000008e-03	-1.327321905838815819e-02	-3.561875192742598450e-01
5.799999999999999600e-03	-1.254079718338815819e-02	-3.452011911492598450e-01
5.810000000000000060e-03	-1.293142218338815853e-02	-3.525254098992598450e-01
5.819999999999999653e-03	-1.219900030838815853e-02	-3.403183786492598450e-01
5.830000000000000113e-03	-1.263845343338815957e-02	-3.476425973992598450e-01
5.839999999999999705e-03	-1.185720343338815888e-02	-3.366562692742598450e-01
5.850000000000000165e-03	-1.229665655838815819e-02	-3.439804880242598450e-01
5.859999999999999758e-03	-1.156423468338815819e-02	-3.317734567742598450e-01
5.870000000000000218e-03	-1.195485968338815853e-02	-3.390976755242598450e-01
5.879999999999999810e-03	-1.117360968338815957e-02	-3.281113473992598450e-01
5.890000000000000270e-03	-1.161306280838815888e-02	-3.354355661492598450e-01
5.899999999999999863e-03	-1.088064093338815888e-02	-3.232285348992598450e-01
5.910000000000000323e-03	-1.132009405838815819e-02	-3.305527536492598450e-01
5.919999999999999915e-03	-1.058767218338815819e-02	-3.195664255242598450e-01
5.930000000000000375e-03	-1.097829718338815853e-02	-3.268906442742598450e-01
5.939999999999999968e-03	-1.024587530838815853e-02	-3.146836130242598450e-01
5.950000000000000427e-03	-1.068532843338815957e-02	-3.220078317742598450e-01
5.960000000000000020e-03	-9.952906558388159575e-03	-3.110215036492598450e-01
5.969999999999999613e-03	-1.034353155838815819e-02	-3.183457223992598450e-01
5.980000000000000072e-03	-9.611109683388158187e-03	-3.061386911492598450e-01
5.989999999999999665e-03	-1.005056280838815923e-02	-3.134629098992598450e-01
6.000000000000000125e-03	-9.318140933388159228e-03	-3.024765817742598450e-01
6.009999999999999717e-03	-9.757594058388158534e-03	-3.098008005242598450e-01
6.020000000000000177e-03	-9.025172183388158534e-03	-2.975937692742598450e-01
6.029999999999999770e-03	-9.415797183388158881e-03	-3.049179880242598450e-01
6.040000000000000230e-03	-8.732203433388157840e-03	-2.939316598992598450e-01
6.049999999999999822e-03	-9.122828433388158187e-03	-3.012558786492598450e-01
6.060000000000000282e-03	-8.439234683388158881e-03	-2.890488473992598450e-01
6.069999999999999875e-03	-8.829859683388159228e-03	-2.963730661492598450e-01
6.080000000000000335e-03	-8.146265933388158187e-03	-2.853867380242598450e-01
6.089999999999999927e-03	-8.536890933388158534e-03	-2.927109567742598450e-01
6.100000000000000387e-03	-7.853297183388159228e-03	-2.805039255242598450e-01
6.109999999999999980e-03	-8.243922183388157840e-03	-2.878281442742598450e-01
6.119999999999999572e-03	-7.560328433388158534e-03	-2.768418161492598450e-01
6.130000000000000032e-03	-7.950953433388158881e-03	-2.841660348992598450e-01
6.139999999999999625e-03	-7.267359683388158707e-03	-2.731797067742598450e-01
6.150000000000000085e-03	-7.657984683388158187e-03	-2.792832223992598450e-01
6.159999999999999677e-03	-6.974390933388158881e-03	-2.682968942742598450e-01
6.170000000000000137e-03	-7.365015933388158360e-03	-2.756211130242598450e-01
6.179999999999999730e-03	-6.681422183388158187e-03	-2.634140817742598450e-01
6.190000000000000190e-03	-7.120875308388158360e-03	-2.719590036492598450e-01
6.199999999999999782e-03	-6.388453433388158360e-03	-2.597519723992598450e-01
6.210000000000000242e-03	-6.779078433388158707e-03	-2.670761911492598450e-01
6.219999999999999835e-03	-6.095484683388158534e-03	-2.560898630242598450e-01
6.230000000000000294e-03	-6.486109683388158881e-03	-2.634140817742598450e-01
6.239999999999999887e-03	-5.753687808388158881e-03	-2.512070505242598450e-01
6.250000000000000347e-03	-6.193140933388158187e-03	-2.585312692742598450e-01
6.259999999999999939e-03	-5.460719058388158187e-03	-2.475449411492598728e-01
6.270000000000000399e-03	-5.900172183388158360e-03	-2.548691598992598450e-01
6.279999999999999992e-03	-5.167750308388158360e-03	-2.426621286492598728e-01
6.289999999999999584e-03	-5.558375308388158707e-03	-2.499863473992598728e-01
6.300000000000000044e-03	-4.874781558388158534e-03	-2.390000192742598728e-01
6.309999999999999637e-03	-5.265406558388158881e-03	-2.463242380242598728e-01
6.320000000000000097e-03	-4.532984683388158013e-03	-2.353379098992598728e-01
6.329999999999999689e-03	-4.972437808388158187e-03	-2.414414255242598728e-01
6.340000000000000149e-03	-4.240015933388158187e-03	-2.304550973992598728e-01
6.349999999999999742e-03	-4.630640933388158534e-03	-2.377793161492598728e-01
6.360000000000000202e-03	-3.947047183388158360e-03	-2.267929880242598728e-01
6.369999999999999794e-03	-4.337672183388158707e-03	-2.328965036492598728e-01
6.380000000000000254e-03	-3.654078433388158534e-03	-2.219101755242598728e-01
6.389999999999999847e-03	-4.044703433388158013e-03	-2.292343942742598728e-01
6.400000000000000307e-03	-3.361109683388158274e-03	-2.182480661492598728e-01
6.409999999999999899e-03	-3.751734683388158187e-03	-2.255722848992598728e-01
6.420000000000000359e-03	-3.116969058388157840e-03	-2.133652536492598728e-01
6.429999999999999952e-03	-3.507594058388158187e-03	-2.206894723992598728e-01
6.440000000000000412e-03	-2.824000308388158013e-03	-2.097031442742598728e-01
6.450000000000000004e-03	-3.214625308388158360e-03	-2.170273630242598728e-01
6.459999999999999597e-03	-2.579859683388158013e-03	-2.048203317742598728e-01
6.470000000000000057e-03	-2.970484683388157927e-03	-2.121445505242598728e-01
6.479999999999999649e-03	-2.286890933388157753e-03	-2.011582223992598728e-01
6.490000000000000109e-03	-2.677515933388158100e-03	-2.084824411492598728e-01
6.499999999999999702e-03	-2.042750308388157753e-03	-1.974961130242598728e-01
6.510000000000000162e-03	-2.433375308388158100e-03	-2.048203317742598728e-01
6.519999999999999754e-03	-1.798609683388157970e-03	-1.926133005242598728e-01
6.530000000000000214e-03	-2.189234683388158100e-03	-1.999375192742598728e-01
6.539999999999999807e-03	-1.603297183388158013e-03	-1.889511911492598728e-01
6.550000000000000266e-03	-1.993922183388157927e-03	-1.962754098992598728e-01
6.559999999999999859e-03	-1.407984683388157840e-03	-1.840683786492598728e-01
6.570000000000000319e-03	-1.749781558388157927e-03	-1.913925973992598728e-01
6.579999999999999911e-03	-1.212672183388157883e-03	-1.804062692742598728e-01
6.590000000000000371e-03	-1.554469058388157970e-03	-1.877304880242598728e-01
6.599999999999999964e-03	-1.017359683388157927e-03	-1.755234567742598728e-01
6.610000000000000424e-03	-1.359156558388158013e-03	-1.828476755242598728e-01
6.620000000000000016e-03	-8.220471833881578616e-04	-1.718613473992598728e-01
6.629999999999999609e-03	-1.212672183388157883e-03	-1.791855661492598728e-01
6.640000000000000069e-03	-6.755628083881579484e-04	-1.669785348992598728e-01
6.649999999999999661e-03	-1.017359683388157927e-03	-1.743027536492598728e-01
6.660000000000000121e-03	-4.802503083881579375e-04	-1.633164255242598728e-01
6.669999999999999714e-03	-8.708753083881579050e-04	-1.706406442742598728e-01
6.680000000000000174e-03	-3.337659333881579701e-04	-1.584336130242598728e-01
6.689999999999999766e-03	-6.755628083881579484e-04	-1.657578317742598728e-01
6.700000000000000226e-03	-1.872815583881579484e-04	-1.547715036492598728e-01
6.709999999999999819e-03	-5.290784333881579267e-04	-1.620957223992598728e-01
6.720000000000000279e-03	-4.079718338815792669e-05	-1.511093942742598728e-01
6.729999999999999871e-03	-3.825940583881579592e-04	-1.584336130242598728e-01
6.740000000000000331e-03	1.056871916118420814e-04	-1.462265817742598728e-01
6.749999999999999924e-03	-2.361096833881579375e-04	-1.535508005242598728e-01
6.760000000000000384e-03	2.521715666118420625e-04	-1.425644723992598728e-01
6.769999999999999976e-03	-8.962530838815792940e-05	-1.498886911492598728e-01
6.779999999999999569e-03	3.986559416118420841e-04	-1.376816598992598728e-01
6.790000000000000029e-03	5.685906661184207873e-05	-1.450058786492598728e-01
6.799999999999999621e-03	4.963121916118421167e-04	-1.340195505242598728e-01
6.810000000000000081e-03	2.033434416118420733e-04	-1.413437692742598728e-01
6.819999999999999674e-03	6.427965666118421384e-04	-1.303574411492598728e-01
6.830000000000000134e-03	3.498278166118420950e-04	-1.364609567742598728e-01
6.839999999999999726e-03	7.404528166118421167e-04	-1.254746286492598728e-01
6.850000000000000186e-03	4.474840666118420733e-04	-1.327988473992598728e-01
6.859999999999999779e-03	8.869371916118422468e-04	-1.218125192742598728e-01
6.870000000000000238e-03	5.451403166118420516e-04	-1.291367380242598728e-01
6.879999999999999831e-03	9.845934416118421167e-04	-1.169297067742598728e-01
6.890000000000000291e-03	6.427965666118421384e-04	-1.242539255242598728e-01
6.899999999999999883e-03	1.082249691611842203e-03	-1.132675973992598728e-01
6.910000000000000343e-03	7.404528166118421167e-04	-1.205918161492598728e-01
6.919999999999999936e-03	1.179905941611842290e-03	-1.096054880242598728e-01
6.930000000000000396e-03	8.381090666118422034e-04	-1.169297067742598728e-01
6.939999999999999988e-03	1.277562191611842160e-03	-1.047226755242598728e-01
6.949999999999999581e-03	9.845934416118421167e-04	-1.120468942742598728e-01
6.960000000000000041e-03	1.375218441611842247e-03	-1.010605661492598728e-01
6.969999999999999633e-03	1.082249691611842203e-03	-1.083847848992598728e-01
6.980000000000000093e-03	1.521702816611842160e-03	-9.617775364925987280e-02
6.989999999999999686e-03	1.179905941611842290e-03	-1.035019723992598728e-01
7.000000000000000146e-03	1.619359066611842247e-03	-9.251564427425987280e-02
7.009999999999999738e-03	1.277562191611842160e-03	-9.983986302425987280e-02
7.020000000000000198e-03	1.765843441611842160e-03	-8.763283177425987280e-02
7.029999999999999791e-03	1.424046566611842290e-03	-9.495705052425987280e-02
7.040000000000000251e-03	1.863499691611842247e-03	-8.397072239925987280e-02
7.049999999999999843e-03	1.521702816611842160e-03	-9.129494114925987280e-02
7.060000000000000303e-03	2.009984066611842160e-03	-7.908790989925987280e-02
7.069999999999999896e-03	1.668187191611842290e-03	-8.763283177425987280e-02
7.080000000000000356e-03	2.156468441611842073e-03	-7.542580052425987280e-02
7.089999999999999948e-03	1.814671566611842203e-03	-8.275001927425987280e-02
7.100000000000000408e-03	2.302952816611842420e-03	-7.176369114925987280e-02
7.110000000000000001e-03	1.961155941611842334e-03	-7.908790989925987280e-02
7.119999999999999593e-03	2.498265316611842160e-03	-6.688087864925987280e-02
7.130000000000000053e-03	2.107640316611842247e-03	-7.420509739925987280e-02
7.139999999999999646e-03	2.644749691611842507e-03	-6.321876927425987280e-02
7.150000000000000105e-03	2.254124691611842160e-03	-7.054298802425987280e-02
7.159999999999999698e-03	2.791234066611842420e-03	-5.955665989925987280e-02
7.170000000000000158e-03	2.449437191611842334e-03	-6.688087864925987280e-02
7.179999999999999750e-03	2.937718441611842334e-03	-5.467384739925987280e-02
7.190000000000000210e-03	2.595921566611842247e-03	-6.199806614925987280e-02
7.199999999999999803e-03	3.133030941611842073e-03	-5.101173802425987280e-02
7.210000000000000263e-03	2.742405941611842160e-03	-5.833595677425987280e-02
7.219999999999999855e-03	3.279515316611841987e-03	-4.612892552425987280e-02
7.230000000000000315e-03	2.888890316611842507e-03	-5.345314427425987280e-02
7.239999999999999908e-03	3.425999691611841900e-03	-4.246681614925987280e-02
7.250000000000000368e-03	3.035374691611842420e-03	-4.979103489925987280e-02
7.259999999999999960e-03	3.572484066611841813e-03	-3.758400364925987280e-02
7.270000000000000420e-03	3.230687191611842160e-03	-4.612892552425987280e-02
7.280000000000000013e-03	3.670140316611841900e-03	-3.392189427425987280e-02
7.289999999999999605e-03	3.328343441611841813e-03	-4.124611302425987280e-02
7.300000000000000065e-03	3.816624691611841813e-03	-3.025978489925987280e-02
7.309999999999999658e-03	3.474827816611842160e-03	-3.758400364925987280e-02
7.320000000000000118e-03	3.914280941611842334e-03	-2.537697239925987280e-02
7.329999999999999710e-03	3.572484066611841813e-03	-3.270119114925987280e-02
7.340000000000000170e-03	4.011937191611841987e-03	-2.171486302425987280e-02
7.349999999999999763e-03	3.718968441611842160e-03	-2.903908177425987280e-02
7.360000000000000223e-03	4.109593441611841640e-03	-1.683205052425987280e-02
7.369999999999999815e-03	3.767796566611841987e-03	-2.537697239925987280e-02
7.380000000000000275e-03	4.207249691611842160e-03	-1.316994114925987280e-02
7.389999999999999868e-03	3.865452816611842073e-03	-2.049415989925987280e-02
7.400000000000000328e-03	4.256077816611841987e-03	-9.507831774259872804e-03
7.409999999999999920e-03	3.963109066611842160e-03	-1.561134739925987280e-02
7.420000000000000380e-03	4.304905941611841813e-03	-4.625019274259872804e-03
7.429999999999999973e-03	4.011937191611841987e-03	-1.194923802425987280e-02
7.440000000000000432e-03	4.402562191611842334e-03	-9.629098992598728035e-04
7.450000000000000025e-03	4.060765316611841813e-03	-8.287128649259872804e-03
7.459999999999999618e-03	4.451390316611842160e-03	3.919902600740127196e-03
7.470000000000000077e-03	4.109593441611841640e-03	-3.404316149259872804e-03
7.479999999999999670e-03	4.451390316611842160e-03	7.582011975740127196e-03
7.490000000000000130e-03	4.158421566611842334e-03	2.577932257401271965e-04
7.499999999999999722e-03	4.500218441611841987e-03	1.124412135074012720e-02
7.510000000000000182e-03	4.207249691611842160e-03	3.919902600740127196e-03
7.519999999999999775e-03	4.549046566611841813e-03	1.490623072574012720e-02
7.530000000000000235e-03	4.256077816611841987e-03	8.802715100740127196e-03
7.539999999999999827e-03	4.597874691611841640e-03	1.978904322574012720e-02
7.550000000000000287e-03	4.304905941611841813e-03	1.246482447574012720e-02
7.559999999999999880e-03	4.646702816611842334e-03	2.345115260074012720e-02
7.570000000000000340e-03	4.353734066611841640e-03	1.612693385074012720e-02
7.579999999999999932e-03	4.695530941611842160e-03	2.833396510074012720e-02
7.590000000000000392e-03	4.353734066611841640e-03	2.100974635074012720e-02
7.599999999999999985e-03	4.744359066611841987e-03	3.199607447574012720e-02
7.609999999999999577e-03	4.402562191611842334e-03	2.467185572574012720e-02
7.620000000000000037e-03	4.793187191611841813e-03	3.687888697574012720e-02
7.629999999999999630e-03	4.451390316611842160e-03	2.955466822574012720e-02
7.640000000000000090e-03	4.842015316611842507e-03	4.054099635074012720e-02
7.649999999999999682e-03	4.500218441611841987e-03	3.321677760074012720e-02
7.660000000000000142e-03	4.842015316611842507e-03	4.420310572574012720e-02
7.669999999999999735e-03	4.549046566611841813e-03	3.687888697574012720e-02
7.680000000000000195e-03	4.890843441611842334e-03	4.908591822574012720e-02
7.689999999999999787e-03	4.549046566611841813e-03	4.176169947574012720e-02
7.700000000000000247e-03	4.939671566611842160e-03	5.274802760074012720e-02
7.709999999999999840e-03	4.597874691611841640e-03	4.542380885074012720e-02
7.720000000000000299e-03	4.939671566611842160e-03	5.763084010074012720e-02
7.729999999999999892e-03	4.646702816611842334e-03	5.030662135074012720e-02
7.740000000000000352e-03	4.988499691611841987e-03	6.129294947574012720e-02
7.749999999999999944e-03	4.646702816611842334e-03	5.396873072574012720e-02
7.760000000000000404e-03	4.988499691611841987e-03	6.495505885074012720e-02
7.769999999999999997e-03	4.646702816611842334e-03	5.763084010074012720e-02
7.779999999999999589e-03	4.988499691611841987e-03	6.861716822574012720e-02
7.790000000000000049e-03	4.695530941611842160e-03	6.251365260074012720e-02
7.799999999999999642e-03	5.037327816611841813e-03	7.349998072574012720e-02
7.810000000000000102e-03	4.695530941611842160e-03	6.617576197574012720e-02
7.820000000000000562e-03	5.037327816611841813e-03	7.716209010074012720e-02
7.830000000000000154e-03	4.695530941611842160e-03	6.983787135074012720e-02
7.839999999999999747e-03	5.086155941611842507e-03	8.082419947574012720e-02
7.849999999999999339e-03	4.744359066611841987e-03	7.349998072574012720e-02
7.860000000000000667e-03	5.086155941611842507e-03	8.570701197574012720e-02
7.870000000000000259e-03	4.744359066611841987e-03	7.838279322574012720e-02
7.879999999999999852e-03	5.134984066611842334e-03	8.936912135074012720e-02
7.889999999999999444e-03	4.793187191611841813e-03	8.204490260074012720e-02
7.900000000000000772e-03	5.134984066611842334e-03	9.303123072574012720e-02
7.910000000000000364e-03	4.842015316611842507e-03	8.692771510074012720e-02
7.919999999999999957e-03	5.183812191611842160e-03	9.791404322574012720e-02
7.929999999999999549e-03	4.842015316611842507e-03	9.058982447574012720e-02
7.939999999999999142e-03	5.232640316611841987e-03	1.015761526007401272e-01
7.950000000000000469e-03	4.890843441611842334e-03	9.425193385074012720e-02
7.960000000000000062e-03	5.281468441611841813e-03	1.052382619757401272e-01
7.969999999999999654e-03	4.939671566611842160e-03	9.913474635074012720e-02
7.979999999999999247e-03	5.281468441611841813e-03	1.101210744757401272e-01
7.990000000000000574e-03	4.988499691611841987e-03	1.027968557257401272e-01
8.000000000000000167e-03	5.330296566611842507e-03	1.137831838507401272e-01
8.009999999999999759e-03	4.988499691611841987e-03	1.064589651007401272e-01
8.019999999999999352e-03	5.379124691611842334e-03	1.174452932257401272e-01
8.030000000000000679e-03	5.037327816611841813e-03	1.101210744757401272e-01
8.040000000000000271e-03	5.379124691611842334e-03	1.223281057257401272e-01
8.049999999999999864e-03	5.086155941611842507e-03	1.150038869757401272e-01
8.059999999999999457e-03	5.427952816611842160e-03	1.259902151007401272e-01
8.070000000000000784e-03	5.086155941611842507e-03	1.186659963507401272e-01
8.080000000000000376e-03	5.476780941611841987e-03	1.308730276007401272e-01
8.089999999999999969e-03	5.134984066611842334e-03	1.235488088507401272e-01
8.099999999999999561e-03	5.476780941611841987e-03	1.345351369757401272e-01
8.109999999999999154e-03	5.134984066611842334e-03	1.272109182257401272e-01
8.120000000000000481e-03	5.476780941611841987e-03	1.381972463507401272e-01
8.130000000000000074e-03	5.134984066611842334e-03	1.308730276007401272e-01
8.139999999999999666e-03	5.476780941611841987e-03	1.418593557257401272e-01
8.149999999999999259e-03	5.134984066611842334e-03	1.357558401007401272e-01
8.160000000000000586e-03	5.476780941611841987e-03	1.467421682257401272e-01
8.170000000000000179e-03	5.134984066611842334e-03	1.394179494757401272e-01
8.179999999999999771e-03	5.427952816611842160e-03	1.504042776007401272e-01
8.189999999999999364e-03	5.134984066611842334e-03	1.430800588507401272e-01
8.200000000000000691e-03	5.427952816611842160e-03	1.552870901007401272e-01
8.210000000000000284e-03	5.086155941611842507e-03	1.479628713507401272e-01
8.219999999999999876e-03	5.427952816611842160e-03	1.589491994757401272e-01
8.229999999999999469e-03	5.086155941611842507e-03	1.516249807257401272e-01
8.240000000000000796e-03	5.427952816611842160e-03	1.626113088507401272e-01
8.250000000000000389e-03	5.086155941611842507e-03	1.552870901007401272e-01
8.259999999999999981e-03	5.427952816611842160e-03	1.674941213507401272e-01
8.269999999999999574e-03	5.086155941611842507e-03	1.601699026007401272e-01
8.279999999999999166e-03	5.427952816611842160e-03	1.711562307257401272e-01
8.290000000000000493e-03	5.086155941611842507e-03	1.638320119757401272e-01
8.300000000000000086e-03	5.427952816611842160e-03	1.748183401007401272e-01
8.309999999999999679e-03	5.086155941611842507e-03	1.674941213507401272e-01
8.319999999999999271e-03	5.427952816611842160e-03	1.797011526007401272e-01
8.330000000000000598e-03	5.086155941611842507e-03	1.723769338507401272e-01
8.340000000000000191e-03	5.427952816611842160e-03	1.833632619757401272e-01
8.349999999999999784e-03	5.134984066611842334e-03	1.760390432257401272e-01
8.359999999999999376e-03	5.476780941611841987e-03	1.870253713507401272e-01
8.370000000000000703e-03	5.183812191611842160e-03	1.797011526007401272e-01
8.380000000000000296e-03	5.525609066611841813e-03	1.919081838507401272e-01
8.389999999999999888e-03	5.232640316611841987e-03	1.845839651007401272e-01
8.399999999999999481e-03	5.623265316611842334e-03	1.955702932257401272e-01
8.410000000000000808e-03	5.281468441611841813e-03	1.882460744757401272e-01
8.420000000000000401e-03	5.672093441611842160e-03	1.992324026007401272e-01
8.429999999999999993e-03	5.330296566611842507e-03	1.919081838507401272e-01
8.439999999999999586e-03	5.720921566611841987e-03	2.041152151007401272e-01
8.449999999999999178e-03	5.379124691611842334e-03	1.967909963507401272e-01
8.460000000000000506e-03	5.818577816611842507e-03	2.077773244757401272e-01
8.470000000000000098e-03	5.525609066611841813e-03	2.004531057257401272e-01
8.479999999999999691e-03	5.916234066611842160e-03	2.114394338507401272e-01
8.489999999999999283e-03	5.574437191611842507e-03	2.041152151007401272e-01
8.500000000000000611e-03	6.013890316611841813e-03	2.163222463507401272e-01
8.510000000000000203e-03	5.672093441611842160e-03	2.089980276007401272e-01
8.519999999999999796e-03	6.111546566611842334e-03	2.199843557257401272e-01
8.529999999999999388e-03	5.769749691611841813e-03	2.126601369757401272e-01
8.540000000000000716e-03	6.209202816611841987e-03	2.236464651007401272e-01
8.550000000000000308e-03	5.916234066611842160e-03	2.175429494757401272e-01
8.559999999999999901e-03	6.355687191611842334e-03	2.285292776007401272e-01
8.569999999999999493e-03	6.013890316611841813e-03	2.212050588507401272e-01
8.580000000000000820e-03	6.453343441611841987e-03	2.321913869757401272e-01
8.590000000000000413e-03	6.111546566611842334e-03	2.248671682257401272e-01
8.600000000000000006e-03	6.550999691611842507e-03	2.358534963507401272e-01
8.609999999999999598e-03	6.209202816611841987e-03	2.285292776007401272e-01
8.619999999999999191e-03	6.648655941611842160e-03	2.407363088507401272e-01
8.630000000000000518e-03	6.306859066611842507e-03	2.334120901007401272e-01
8.640000000000000110e-03	6.795140316611842507e-03	2.443984182257401272e-01
8.649999999999999703e-03	6.453343441611841987e-03	2.370741994757401272e-01
8.659999999999999296e-03	6.892796566611842160e-03	2.480605276007401272e-01
8.670000000000000623e-03	6.550999691611842507e-03	2.407363088507401272e-01
8.680000000000000215e-03	7.039280941611842507e-03	2.517226369757401550e-01
8.689999999999999808e-03	6.697484066611841987e-03	2.456191213507401272e-01
8.699999999999999400e-03	7.136937191611842160e-03	2.566054494757401550e-01
8.710000000000000728e-03	6.795140316611842507e-03	2.492812307257401272e-01
8.720000000000000320e-03	7.283421566611842507e-03	2.602675588507401550e-01
8.729999999999999913e-03	6.941624691611841987e-03	2.529433401007401550e-01
8.739999999999999505e-03	7.429905941611841987e-03	2.651503713507401550e-01
8.750000000000000833e-03	7.088109066611842334e-03	2.578261526007401550e-01
8.760000000000000425e-03	7.576390316611842334e-03	2.688124807257401550e-01
8.770000000000000018e-03	7.234593441611841813e-03	2.614882619757401550e-01
8.779999999999999610e-03	7.722874691611841813e-03	2.712538869757401550e-01
8.789999999999999203e-03	7.381077816611842160e-03	2.651503713507401550e-01
8.800000000000000530e-03	7.820530941611841466e-03	2.749159963507401550e-01
8.810000000000000123e-03	7.478734066611841813e-03	2.688124807257401550e-01
8.819999999999999715e-03	7.967015316611841813e-03	2.797988088507401550e-01
8.829999999999999308e-03	7.625218441611842160e-03	2.724745901007401550e-01
8.840000000000000635e-03	8.113499691611842160e-03	2.834609182257401550e-01
8.850000000000000228e-03	7.771702816611842507e-03	2.761366994757401550e-01
8.859999999999999820e-03	8.259984066611842507e-03	2.871230276007401550e-01
8.869999999999999413e-03	7.869359066611842160e-03	2.797988088507401550e-01
8.880000000000000740e-03	8.357640316611842160e-03	2.920058401007401550e-01
8.890000000000000333e-03	8.015843441611842507e-03	2.846816213507401550e-01
8.899999999999999925e-03	8.455296566611841813e-03	2.956679494757401550e-01
8.909999999999999518e-03	8.162327816611842854e-03	2.883437307257401550e-01
8.920000000000000845e-03	8.601780941611842160e-03	2.993300588507401550e-01
8.930000000000000437e-03	8.259984066611842507e-03	2.920058401007401550e-01
8.940000000000000030e-03	8.699437191611841813e-03	3.042128713507401550e-01
8.949999999999999623e-03	8.357640316611842160e-03	2.968886526007401550e-01
8.959999999999999215e-03	8.797093441611841466e-03	3.078749807257401550e-01
8.970000000000000542e-03	8.455296566611841813e-03	3.005507619757401550e-01
8.980000000000000135e-03	8.894749691611842854e-03	3.115370901007401550e-01
8.989999999999999727e-03	8.552952816611841466e-03	3.042128713507401550e-01
8.999999999999999320e-03	9.041234066611841466e-03	3.164199026007401550e-01
9.010000000000000647e-03	8.699437191611841813e-03	3.090956838507401550e-01
9.020000000000000240e-03	9.138890316611842854e-03	3.200820119757401550e-01
9.029999999999999832e-03	8.797093441611841466e-03	3.127577932257401550e-01
9.039999999999999425e-03	9.236546566611842507e-03	3.237441213507401550e-01
9.050000000000000752e-03	8.894749691611842854e-03	3.164199026007401550e-01
9.060000000000000345e-03	9.383030941611842854e-03	3.274062307257401550e-01
9.069999999999999937e-03	9.041234066611841466e-03	3.200820119757401550e-01
9.079999999999999530e-03	9.480687191611842507e-03	3.322890432257401550e-01
9.090000000000000857e-03	9.138890316611842854e-03	3.249648244757401550e-01
9.100000000000000450e-03	9.627171566611842854e-03	3.359511526007401550e-01
9.110000000000000042e-03	9.285374691611841466e-03	3.286269338507401550e-01
9.119999999999999635e-03	9.773655941611843201e-03	3.396132619757401550e-01
9.129999999999999227e-03	9.431859066611841813e-03	3.322890432257401550e-01
9.140000000000000555e-03	9.968968441611842507e-03	3.444960744757401550e-01
9.150000000000000147e-03	9.627171566611842854e-03	3.371718557257401550e-01
9.159999999999999740e-03	1.011545281661184285e-02	3.481581838507401550e-01
9.169999999999999332e-03	9.773655941611843201e-03	3.408339651007401550e-01
9.180000000000000659e-03	1.031076531661184216e-02	3.518202932257401550e-01
9.190000000000000252e-03	9.968968441611842507e-03	3.444960744757401550e-01
9.199999999999999845e-03	1.050607781661184320e-02	3.554824026007401550e-01
9.209999999999999437e-03	1.016428094161184181e-02	3.481581838507401550e-01
9.220000000000000764e-03	1.075021844161184320e-02	3.603652151007401550e-01
9.230000000000000357e-03	1.035959344161184285e-02	3.530409963507401550e-01
9.239999999999999949e-03	1.094553094161184251e-02	3.640273244757401550e-01
9.249999999999999542e-03	1.055490594161184216e-02	3.567031057257401550e-01
9.259999999999999135e-03	1.118967156661184251e-02	3.676894338507401550e-01
9.270000000000000462e-03	1.079904656661184216e-02	3.603652151007401550e-01
9.280000000000000054e-03	1.143381219161184251e-02	3.725722463507401550e-01
9.289999999999999647e-03	1.104318719161184216e-02	3.652480276007401550e-01
9.299999999999999239e-03	1.167795281661184251e-02	3.762343557257401550e-01
9.310000000000000567e-03	1.128732781661184216e-02	3.689101369757401550e-01
9.320000000000000159e-03	1.197092156661184320e-02	3.798964651007401550e-01
9.329999999999999752e-03	1.158029656661184285e-02	3.725722463507401550e-01
9.339999999999999344e-03	1.221506219161184320e-02	3.835585744757401550e-01
9.350000000000000672e-03	1.182443719161184285e-02	3.762343557257401550e-01
9.360000000000000264e-03	1.250803094161184216e-02	3.884413869757401550e-01
9.369999999999999857e-03	1.211740594161184181e-02	3.811171682257401550e-01
9.379999999999999449e-03	1.284982781661184181e-02	3.921034963507401550e-01
9.390000000000000777e-03	1.241037469161184251e-02	3.847792776007401550e-01
9.400000000000000369e-03	1.314279656661184251e-02	3.957656057257401550e-01
9.409999999999999962e-03	1.270334344161184320e-02	3.884413869757401550e-01
9.419999999999999554e-03	1.343576531661184320e-02	3.994277151007401550e-01
9.429999999999999147e-03	1.304514031661184285e-02	3.921034963507401550e-01
9.440000000000000474e-03	1.377756219161184285e-02	4.043105276007401550e-01
9.450000000000000067e-03	1.333810906661184181e-02	3.969863088507401550e-01
9.459999999999999659e-03	1.407053094161184181e-02	4.079726369757401550e-01
9.469999999999999252e-03	1.367990594161184320e-02	4.006484182257401550e-01
9.480000000000000579e-03	1.441232781661184320e-02	4.116347463507401550e-01
9.490000000000000172e-03	1.397287469161184216e-02	4.043105276007401550e-01
9.499999999999999764e-03	1.470529656661184216e-02	4.152968557257401550e-01
9.509999999999999357e-03	1.431467156661184181e-02	4.091933401007401550e-01
9.520000000000000684e-03	1.504709344161184181e-02	4.201796682257401550e-01
9.530000000000000276e-03	1.460764031661184251e-02	4.128554494757401550e-01
9.539999999999999869e-03	1.538889031661184320e-02	4.238417776007401550e-01
9.549999999999999462e-03	1.494943719161184216e-02	4.165175588507401550e-01
9.560000000000000789e-03	1.568185906661184389e-02	4.275038869757401550e-01
9.570000000000000381e-03	1.524240594161184285e-02	4.201796682257401550e-01
9.579999999999999974e-03	1.597482781661184112e-02	4.323866994757401550e-01
9.589999999999999566e-03	1.558420281661184251e-02	4.250624807257401550e-01
9.599999999999999159e-03	1.631662469161184251e-02	4.360488088507401550e-01
9.610000000000000486e-03	1.587717156661184320e-02	4.287245901007401550e-01
9.620000000000000079e-03	1.660959344161184320e-02	4.397109182257401550e-01
9.629999999999999671e-03	1.621896844161184112e-02	4.323866994757401550e-01
9.639999999999999264e-03	1.695139031661184112e-02	4.433730276007401550e-01
9.650000000000000591e-03	1.651193719161184181e-02	4.360488088507401550e-01
9.660000000000000184e-03	1.724435906661184181e-02	4.482558401007401550e-01
9.669999999999999776e-03	1.680490594161184251e-02	4.409316213507401550e-01
9.679999999999999369e-03	1.753732781661184251e-02	4.519179494757401550e-01
9.690000000000000696e-03	1.714670281661184389e-02	4.445937307257401550e-01
9.700000000000000289e-03	1.787912469161184389e-02	4.555800588507401550e-01
9.709999999999999881e-03	1.743967156661184112e-02	4.482558401007401550e-01
9.719999999999999474e-03	1.817209344161184112e-02	4.592421682257401550e-01
9.730000000000000801e-03	1.778146844161184251e-02	4.531386526007401550e-01
9.740000000000000394e-03	1.851389031661184251e-02	4.641249807257401550e-01
9.749999999999999986e-03	1.807443719161184320e-02	4.568007619757401550e-01
9.759999999999999579e-03	1.885568719161184389e-02	4.677870901007401550e-01
9.769999999999999171e-03	1.841623406661184112e-02	4.604628713507401550e-01
9.780000000000000498e-03	1.914865594161184459e-02	4.714491994757401550e-01
9.790000000000000091e-03	1.870920281661184181e-02	4.641249807257401550e-01
9.799999999999999684e-03	1.949045281661184251e-02	4.751113088507401550e-01
9.809999999999999276e-03	1.905099969161184320e-02	4.690077932257401550e-01
9.820000000000000603e-03	1.983224969161184389e-02	4.799941213507401550e-01
9.830000000000000196e-03	1.939279656661184459e-02	4.726699026007401550e-01
9.839999999999999789e-03	2.017404656661184181e-02	4.836562307257401550e-01
9.849999999999999381e-03	1.973459344161184251e-02	4.763320119757401550e-01
9.860000000000000708e-03	2.051584344161184320e-02	4.873183401007401550e-01
9.870000000000000301e-03	2.007639031661184389e-02	4.799941213507401550e-01
9.879999999999999893e-03	2.090646844161184181e-02	4.909804494757401550e-01
9.889999999999999486e-03	2.041818719161184181e-02	4.836562307257401550e-01
9.900000000000000813e-03	2.124826531661184320e-02	4.946425588507401550e-01
9.910000000000000406e-03	2.080881219161184389e-02	4.885390432257401550e-01
9.919999999999999998e-03	2.163889031661184181e-02	4.995253713507401550e-01
9.929999999999999591e-03	2.115060906661184181e-02	4.922011526007401550e-01
9.939999999999999183e-03	2.198068719161184320e-02	5.031874807257401550e-01
9.950000000000000511e-03	2.154123406661184389e-02	4.958632619757401550e-01
9.960000000000000103e-03	2.237131219161184181e-02	5.068495901007401550e-01
9.969999999999999696e-03	2.188303094161184181e-02	4.995253713507401550e-01
9.979999999999999288e-03	2.271310906661184320e-02	5.105116994757401550e-01
9.990000000000000616e-03	2.227365594161184389e-02	5.044081838507401550e-01
1.000000000000000021e-02	2.310373406661184181e-02	5.153945119757401550e-01
1.000999999999999980e-02	2.266428094161184251e-02	5.080702932257401550e-01
1.001999999999999939e-02	2.344553094161184320e-02	5.190566213507401550e-01
1.003000000000000072e-02	2.300607781661184389e-02	5.117324026007401550e-01
1.004000000000000031e-02	2.383615594161184181e-02	5.227187307257401550e-01
1.004999999999999991e-02	2.339670281661184251e-02	5.153945119757401550e-01
1.005999999999999950e-02	2.417795281661184320e-02	5.263808401007401550e-01
1.007000000000000083e-02	2.373849969161184389e-02	5.190566213507401550e-01
1.008000000000000042e-02	2.456857781661184181e-02	5.312636526007401550e-01
1.009000000000000001e-02	2.412912469161184251e-02	5.239394338507401550e-01
1.009999999999999960e-02	2.491037469161184320e-02	5.349257619757401550e-01
1.010999999999999920e-02	2.447092156661184389e-02	5.276015432257401550e-01
1.012000000000000052e-02	2.530099969161184181e-02	5.385878713507401550e-01
1.013000000000000012e-02	2.486154656661184251e-02	5.312636526007401550e-01
1.013999999999999971e-02	2.564279656661184320e-02	5.422499807257401550e-01
1.014999999999999930e-02	2.520334344161184389e-02	5.349257619757401550e-01
1.016000000000000063e-02	2.603342156661184181e-02	5.459120901007401550e-01
1.017000000000000022e-02	2.554514031661184181e-02	5.398085744757401550e-01
1.017999999999999981e-02	2.637521844161184320e-02	5.507949026007401550e-01
1.018999999999999941e-02	2.593576531661184389e-02	5.434706838507401550e-01
1.020000000000000073e-02	2.671701531661184459e-02	5.544570119757401550e-01
1.021000000000000033e-02	2.627756219161184181e-02	5.471327932257401550e-01
1.021999999999999992e-02	2.705881219161184251e-02	5.581191213507401550e-01
1.022999999999999951e-02	2.661935906661184320e-02	5.507949026007401550e-01
1.024000000000000084e-02	2.740060906661184389e-02	5.617812307257401550e-01
1.025000000000000043e-02	2.696115594161184459e-02	5.544570119757401550e-01
1.026000000000000002e-02	2.774240594161184181e-02	5.654433401007401550e-01
1.026999999999999962e-02	2.730295281661184251e-02	5.581191213507401550e-01
1.027999999999999921e-02	2.808420281661184320e-02	5.703261526007401550e-01
1.029000000000000054e-02	2.764474969161184389e-02	5.630019338507401550e-01
1.030000000000000013e-02	2.837717156661184389e-02	5.739882619757401550e-01
1.030999999999999972e-02	2.798654656661184181e-02	5.666640432257401550e-01
1.031999999999999931e-02	2.871896844161184181e-02	5.776503713507401550e-01
1.033000000000000064e-02	2.827951531661184251e-02	5.703261526007401550e-01
1.034000000000000023e-02	2.901193719161184251e-02	5.813124807257401550e-01
1.034999999999999983e-02	2.862131219161184389e-02	5.739882619757401550e-01
1.035999999999999942e-02	2.935373406661184389e-02	5.861952932257401550e-01
1.037000000000000074e-02	2.891428094161184459e-02	5.788710744757401550e-01
1.038000000000000034e-02	2.964670281661184459e-02	5.898574026007401550e-01
1.038999999999999993e-02	2.925607781661184251e-02	5.825331838507401550e-01
1.039999999999999952e-02	2.998849969161184251e-02	5.935195119757401550e-01
1.041000000000000085e-02	2.954904656661184320e-02	5.861952932257401550e-01
1.042000000000000044e-02	3.028146844161184320e-02	5.971816213507401550e-01
1.043000000000000003e-02	2.989084344161184459e-02	5.910781057257401550e-01
1.043999999999999963e-02	3.062326531661184459e-02	6.020644338507401550e-01
1.044999999999999922e-02	3.018381219161184181e-02	5.947402151007401550e-01
1.046000000000000055e-02	3.091623406661184181e-02	6.057265432257401550e-01
1.047000000000000014e-02	3.047678094161184251e-02	5.984023244757401550e-01
1.047999999999999973e-02	3.120920281661184251e-02	6.093886526007401550e-01
1.048999999999999932e-02	3.081857781661184389e-02	6.020644338507401550e-01
1.050000000000000065e-02	3.155099969161184043e-02	6.130507619757401550e-01
1.051000000000000024e-02	3.111154656661184459e-02	6.057265432257401550e-01
1.051999999999999984e-02	3.184396844161184459e-02	6.167128713507401550e-01
1.052999999999999943e-02	3.145334344161184598e-02	6.106093557257401550e-01
1.054000000000000076e-02	3.218576531661184598e-02	6.203749807257401550e-01
1.055000000000000035e-02	3.174631219161184320e-02	6.142714651007401550e-01
1.055999999999999994e-02	3.247873406661184320e-02	6.252577932257401550e-01
1.056999999999999953e-02	3.203928094161184043e-02	6.179335744757401550e-01
1.058000000000000086e-02	3.277170281661184043e-02	6.289199026007401550e-01
1.059000000000000045e-02	3.238107781661184181e-02	6.215956838507401550e-01
1.060000000000000005e-02	3.306467156661184459e-02	6.325820119757401550e-01
1.060999999999999964e-02	3.267404656661184598e-02	6.252577932257401550e-01
1.061999999999999923e-02	3.340646844161184598e-02	6.362441213507401550e-01
1.063000000000000056e-02	3.296701531661184320e-02	6.301406057257401550e-01
1.064000000000000015e-02	3.369943719161184320e-02	6.411269338507401550e-01
1.064999999999999974e-02	3.325998406661184043e-02	6.338027151007401550e-01
1.065999999999999934e-02	3.399240594161184043e-02	6.447890432257401550e-01
1.067000000000000066e-02	3.360178094161184181e-02	6.374648244757401550e-01
1.068000000000000026e-02	3.433420281661184181e-02	6.484511526007401550e-01
1.068999999999999985e-02	3.389474969161184598e-02	6.411269338507401550e-01
1.069999999999999944e-02	3.462717156661184598e-02	6.521132619757401550e-01
1.071000000000000077e-02	3.418771844161184320e-02	6.447890432257401550e-01
1.072000000000000036e-02	3.496896844161184043e-02	6.557753713507401550e-01
1.072999999999999995e-02	3.452951531661184459e-02	6.496718557257401550e-01
1.073999999999999955e-02	3.531076531661184181e-02	6.606581838507401550e-01
1.074999999999999914e-02	3.487131219161184598e-02	6.533339651007401550e-01
1.076000000000000047e-02	3.565256219161184320e-02	6.643202932257401550e-01
1.077000000000000006e-02	3.521310906661184043e-02	6.569960744757401550e-01
1.077999999999999965e-02	3.594553094161184043e-02	6.679824026007401550e-01
1.078999999999999924e-02	3.555490594161184181e-02	6.606581838507401550e-01
1.080000000000000057e-02	3.633615594161184598e-02	6.716445119757401550e-01
1.081000000000000016e-02	3.589670281661184320e-02	6.643202932257401550e-01
1.081999999999999976e-02	3.667795281661184043e-02	6.753066213507401550e-01
1.082999999999999935e-02	3.623849969161184459e-02	6.692031057257401550e-01
1.084000000000000068e-02	3.706857781661184598e-02	6.789687307257401550e-01
1.085000000000000027e-02	3.662912469161184320e-02	6.728652151007401550e-01
1.085999999999999986e-02	3.741037469161184043e-02	6.838515432257401550e-01
1.086999999999999945e-02	3.697092156661184459e-02	6.765273244757401550e-01
1.088000000000000078e-02	3.780099969161184598e-02	6.875136526007401550e-01
1.089000000000000037e-02	3.736154656661184320e-02	6.801894338507401550e-01
1.089999999999999997e-02	3.819162469161184459e-02	6.911757619757401550e-01
1.090999999999999956e-02	3.770334344161184459e-02	6.838515432257401550e-01
1.091999999999999915e-02	3.858224969161184320e-02	6.948378713507401550e-01
1.093000000000000048e-02	3.809396844161184320e-02	6.875136526007401550e-01
1.094000000000000007e-02	3.892404656661184459e-02	6.984999807257401550e-01
1.094999999999999966e-02	3.848459344161184181e-02	6.923964651007401550e-01
1.095999999999999926e-02	3.931467156661184320e-02	7.033827932257401550e-01
1.097000000000000058e-02	3.887521844161184736e-02	6.960585744757401550e-01
1.098000000000000018e-02	3.970529656661184181e-02	7.070449026007401550e-01
1.098999999999999977e-02	3.921701531661184181e-02	6.997206838507401550e-01
1.099999999999999936e-02	4.004709344161184320e-02	7.107070119757401550e-01
1.101000000000000069e-02	3.960764031661184736e-02	7.033827932257401550e-01
1.102000000000000028e-02	4.038889031661184459e-02	7.143691213507401550e-01
1.102999999999999987e-02	3.999826531661184598e-02	7.070449026007401550e-01
1.103999999999999947e-02	4.077951531661184320e-02	7.180312307257401550e-01
1.105000000000000079e-02	4.034006219161184736e-02	7.107070119757401550e-01
1.106000000000000039e-02	4.112131219161184459e-02	7.216933401007401550e-01
1.106999999999999998e-02	4.068185906661184181e-02	7.155898244757401550e-01
1.107999999999999957e-02	4.146310906661184598e-02	7.265761526007401550e-01
1.108999999999999916e-02	4.102365594161184320e-02	7.192519338507401550e-01
1.110000000000000049e-02	4.180490594161184736e-02	7.302382619757401550e-01
1.111000000000000008e-02	4.136545281661184459e-02	7.229140432257401550e-01
1.111999999999999968e-02	4.214670281661184181e-02	7.339003713507401550e-01
1.112999999999999927e-02	4.170724969161184598e-02	7.265761526007401550e-01
1.114000000000000060e-02	4.243967156661184598e-02	7.375624807257401550e-01
1.115000000000000019e-02	4.204904656661184736e-02	7.302382619757401550e-01
1.115999999999999978e-02	4.278146844161184736e-02	7.412245901007401550e-01
1.116999999999999937e-02	4.234201531661184459e-02	7.351210744757401550e-01
1.118000000000000070e-02	4.312326531661184181e-02	7.461074026007401550e-01
1.119000000000000029e-02	4.268381219161184598e-02	7.387831838507401550e-01
1.119999999999999989e-02	4.341623406661184598e-02	7.497695119757401550e-01
1.120999999999999948e-02	4.297678094161184320e-02	7.424452932257401550e-01
1.122000000000000081e-02	4.375803094161184736e-02	7.534316213507401550e-01
1.123000000000000040e-02	4.331857781661184459e-02	7.461074026007401550e-01
1.123999999999999999e-02	4.405099969161184459e-02	7.570937307257401550e-01
1.124999999999999958e-02	4.361154656661184181e-02	7.497695119757401550e-01
1.125999999999999918e-02	4.439279656661184598e-02	7.607558401007401550e-01
1.127000000000000050e-02	4.395334344161184320e-02	7.534316213507401550e-01
1.128000000000000010e-02	4.468576531661184320e-02	7.644179494757401550e-01
1.128999999999999969e-02	4.429514031661184459e-02	7.570937307257401550e-01
1.129999999999999928e-02	4.502756219161184459e-02	7.680800588507401550e-01
1.131000000000000061e-02	4.458810906661184181e-02	7.619765432257401550e-01
1.132000000000000020e-02	4.532053094161184181e-02	7.717421682257401550e-01
1.132999999999999979e-02	4.488107781661184598e-02	7.656386526007401550e-01
1.133999999999999939e-02	4.561349969161184598e-02	7.766249807257401550e-01
1.135000000000000071e-02	4.522287469161184736e-02	7.693007619757401550e-01
1.136000000000000031e-02	4.595529656661184736e-02	7.802870901007401550e-01
1.136999999999999990e-02	4.551584344161184459e-02	7.729628713507401550e-01
1.137999999999999949e-02	4.624826531661184459e-02	7.839491994757401550e-01
1.139000000000000082e-02	4.585764031661184598e-02	7.766249807257401550e-01
1.140000000000000041e-02	4.659006219161184598e-02	7.876113088507401550e-01
1.141000000000000000e-02	4.615060906661184320e-02	7.802870901007401550e-01
1.141999999999999960e-02	4.688303094161184320e-02	7.912734182257401550e-01
1.142999999999999919e-02	4.649240594161184459e-02	7.839491994757401550e-01
1.144000000000000052e-02	4.722482781661184459e-02	7.949355276007401550e-01
1.145000000000000011e-02	4.678537469161184181e-02	7.888320119757401550e-01
1.145999999999999970e-02	4.746896844161184459e-02	7.985976369757401550e-01
1.146999999999999929e-02	4.707834344161184598e-02	7.924941213507401550e-01
1.148000000000000062e-02	4.781076531661184598e-02	8.034804494757401550e-01
1.149000000000000021e-02	4.737131219161184320e-02	7.961562307257401550e-01
1.149999999999999981e-02	4.810373406661184320e-02	8.071425588507401550e-01
1.150999999999999940e-02	4.771310906661184459e-02	7.998183401007401550e-01
1.152000000000000073e-02	4.839670281661184736e-02	8.108046682257401550e-01
1.153000000000000032e-02	4.800607781661184181e-02	8.034804494757401550e-01
1.153999999999999991e-02	4.868967156661184459e-02	8.144667776007401550e-01
1.154999999999999950e-02	4.829904656661184598e-02	8.071425588507401550e-01
1.156000000000000083e-02	4.898264031661184181e-02	8.181288869757401550e-01
1.157000000000000042e-02	4.859201531661184320e-02	8.108046682257401550e-01
1.158000000000000002e-02	4.927560906661184598e-02	8.217909963507401550e-01
1.158999999999999961e-02	4.888498406661184736e-02	8.156874807257401550e-01
1.159999999999999920e-02	4.956857781661184320e-02	8.266738088507401550e-01
1.161000000000000053e-02	4.917795281661184459e-02	8.193495901007401550e-01
1.162000000000000012e-02	4.981271844161184320e-02	8.303359182257401550e-01
1.162999999999999971e-02	4.942209344161184459e-02	8.230116994757401550e-01
1.163999999999999931e-02	5.010568719161184736e-02	8.339980276007401550e-01
1.165000000000000063e-02	4.971506219161184181e-02	8.266738088507401550e-01
1.166000000000000023e-02	5.039865594161185153e-02	8.376601369757401550e-01
1.166999999999999982e-02	5.000803094161185292e-02	8.303359182257401550e-01
1.167999999999999941e-02	5.064279656661185153e-02	8.413222463507401550e-01
1.169000000000000074e-02	5.025217156661185292e-02	8.339980276007401550e-01
1.170000000000000033e-02	5.088693719161185153e-02	8.449843557257401550e-01
1.170999999999999992e-02	5.049631219161185292e-02	8.376601369757401550e-01
1.171999999999999952e-02	5.113107781661185153e-02	8.486464651007401550e-01
1.173000000000000084e-02	5.074045281661185292e-02	8.425429494757401550e-01
1.174000000000000044e-02	5.132639031661184736e-02	8.523085744757401550e-01
1.175000000000000003e-02	5.098459344161185292e-02	8.462050588507401550e-01
1.175999999999999962e-02	5.157053094161184736e-02	8.571913869757401550e-01
1.176999999999999921e-02	5.122873406661185292e-02	8.498671682257401550e-01
1.178000000000000054e-02	5.181467156661184736e-02	8.596327932257401550e-01
1.179000000000000013e-02	5.142404656661184875e-02	8.535292776007401550e-01
1.179999999999999973e-02	5.200998406661185014e-02	8.645156057257401550e-01
1.180999999999999932e-02	5.161935906661185153e-02	8.571913869757401550e-01
1.182000000000000065e-02	5.220529656661185292e-02	8.681777151007401550e-01
1.183000000000000024e-02	5.186349969161185153e-02	8.608534963507401550e-01
1.183999999999999983e-02	5.240060906661184875e-02	8.718398244757401550e-01
1.184999999999999942e-02	5.200998406661185014e-02	8.645156057257401550e-01
1.186000000000000075e-02	5.259592156661185153e-02	8.755019338507401550e-01
1.187000000000000034e-02	5.225412469161185014e-02	8.681777151007401550e-01
1.187999999999999994e-02	5.279123406661184736e-02	8.791640432257401550e-01
1.188999999999999953e-02	5.244943719161185292e-02	8.718398244757401550e-01
1.190000000000000085e-02	5.298654656661185014e-02	8.828261526007401550e-01
1.191000000000000045e-02	5.264474969161184875e-02	8.755019338507401550e-01
1.192000000000000004e-02	5.318185906661185292e-02	8.864882619757401550e-01
1.192999999999999963e-02	5.279123406661184736e-02	8.791640432257401550e-01
1.193999999999999923e-02	5.332834344161185153e-02	8.901503713507401550e-01
1.195000000000000055e-02	5.298654656661185014e-02	8.840468557257401550e-01
1.196000000000000014e-02	5.357248406661185153e-02	8.938124807257401550e-01
1.196999999999999974e-02	5.318185906661185292e-02	8.877089651007401550e-01
1.197999999999999933e-02	5.371896844161185014e-02	8.986952932257401550e-01
1.199000000000000066e-02	5.337717156661184875e-02	8.913710744757401550e-01
1.200000000000000025e-02	5.391428094161185292e-02	9.011366994757401550e-01
1.200999999999999984e-02	5.357248406661185153e-02	8.950331838507401550e-01
1.201999999999999943e-02	5.415842156661185292e-02	9.060195119757401550e-01
1.203000000000000076e-02	5.376779656661184736e-02	8.986952932257401550e-01
1.204000000000000035e-02	5.435373406661184875e-02	9.096816213507401550e-01
1.204999999999999995e-02	5.396310906661185014e-02	9.023574026007401550e-01
1.205999999999999954e-02	5.454904656661185153e-02	9.133437307257401550e-01
1.207000000000000087e-02	5.415842156661185292e-02	9.060195119757401550e-01
1.208000000000000046e-02	5.479318719161185153e-02	9.170058401007401550e-01
1.209000000000000005e-02	5.440256219161185292e-02	9.096816213507401550e-01
1.209999999999999964e-02	5.503732781661185153e-02	9.206679494757401550e-01
1.210999999999999924e-02	5.464670281661185292e-02	9.133437307257401550e-01
1.212000000000000056e-02	5.528146844161185153e-02	9.243300588507401550e-01
1.213000000000000016e-02	5.489084344161185292e-02	9.170058401007401550e-01
1.213999999999999975e-02	5.552560906661185153e-02	9.279921682257401550e-01
1.214999999999999934e-02	5.513498406661185292e-02	9.206679494757401550e-01
1.216000000000000067e-02	5.581857781661184875e-02	9.328749807257401550e-01
1.217000000000000026e-02	5.542795281661185014e-02	9.243300588507401550e-01
1.217999999999999985e-02	5.611154656661185292e-02	9.353163869757401550e-01
1.218999999999999945e-02	5.567209344161185014e-02	9.292128713507401550e-01
1.220000000000000077e-02	5.640451531661185014e-02	9.389784963507401550e-01
1.221000000000000037e-02	5.596506219161184736e-02	9.328749807257401550e-01
1.221999999999999996e-02	5.669748406661184736e-02	9.438613088507401550e-01
1.222999999999999955e-02	5.625803094161185153e-02	9.365370901007401550e-01
1.223999999999999914e-02	5.699045281661185153e-02	9.475234182257401550e-01
1.225000000000000047e-02	5.659982781661185292e-02	9.401991994757401550e-01
1.226000000000000006e-02	5.733224969161185292e-02	9.511855276007401550e-01
1.226999999999999966e-02	5.689279656661185014e-02	9.438613088507401550e-01
1.227999999999999925e-02	5.762521844161185014e-02	9.548476369757401550e-01
1.229000000000000058e-02	5.723459344161185153e-02	9.475234182257401550e-01
1.230000000000000017e-02	5.796701531661185153e-02	9.585097463507401550e-01
1.230999999999999976e-02	5.752756219161184875e-02	9.511855276007401550e-01
1.231999999999999935e-02	5.830881219161185292e-02	9.621718557257401550e-01
1.233000000000000068e-02	5.786935906661185014e-02	9.548476369757401550e-01
1.234000000000000027e-02	5.865060906661184736e-02	9.658339651007401550e-01
1.234999999999999987e-02	5.821115594161185153e-02	9.585097463507401550e-01
1.235999999999999946e-02	5.894357781661185153e-02	9.694960744757401550e-01
1.237000000000000079e-02	5.855295281661185292e-02	9.621718557257401550e-01
1.238000000000000038e-02	5.928537469161185292e-02	9.731581838507401550e-01
1.238999999999999997e-02	5.884592156661185014e-02	9.670546682257401550e-01
1.239999999999999956e-02	5.962717156661184736e-02	9.768202932257401550e-01
1.240999999999999916e-02	5.918771844161185153e-02	9.707167776007401550e-01
1.242000000000000048e-02	5.992014031661185153e-02	9.817031057257401550e-01
1.243000000000000008e-02	5.952951531661185292e-02	9.743788869757401550e-01
1.243999999999999967e-02	6.026193719161185292e-02	9.841445119757401550e-01
1.244999999999999926e-02	5.982248406661185014e-02	9.780409963507401550e-01
1.246000000000000059e-02	6.060373406661184736e-02	9.890273244757401550e-01
1.247000000000000018e-02	6.016428094161185153e-02	9.817031057257401550e-01
1.247999999999999977e-02	6.089670281661185153e-02	9.926894338507401550e-01
1.248999999999999937e-02	6.045724969161184875e-02	9.853652151007401550e-01
1.250000000000000069e-02	6.118967156661184875e-02	9.963515432257401550e-01
1.251000000000000029e-02	6.079904656661185014e-02	9.890273244757401550e-01
1.251999999999999988e-02	6.148264031661185292e-02	1.000013652600740155e+00
1.252999999999999947e-02	6.109201531661184736e-02	9.926894338507401550e-01
1.254000000000000080e-02	6.182443719161184736e-02	1.003675761975740155e+00
1.255000000000000039e-02	6.138498406661185153e-02	9.963515432257401550e-01
1.255999999999999998e-02	6.211740594161185153e-02	1.007337871350740155e+00
1.256999999999999958e-02	6.172678094161185292e-02	1.000013652600740155e+00
1.257999999999999917e-02	6.245920281661185292e-02	1.010999980725740155e+00
1.259000000000000050e-02	6.201974969161185014e-02	1.003675761975740155e+00
1.260000000000000009e-02	6.275217156661185014e-02	1.014662090100740155e+00
1.260999999999999968e-02	6.231271844161184736e-02	1.008558574475740155e+00
1.261999999999999927e-02	6.304514031661184736e-02	1.018324199475740155e+00
1.263000000000000060e-02	6.265451531661185569e-02	1.010999980725740155e+00
1.264000000000000019e-02	6.338693719161185569e-02	1.021986308850740155e+00
1.264999999999999979e-02	6.294748406661185292e-02	1.015882793225740155e+00
1.265999999999999938e-02	6.367990594161185292e-02	1.025648418225740155e+00
1.267000000000000071e-02	6.328928094161184736e-02	1.019544902600740155e+00
1.268000000000000030e-02	6.402170281661184736e-02	1.030531230725740155e+00
1.268999999999999989e-02	6.358224969161184459e-02	1.023207011975740155e+00
1.269999999999999948e-02	6.431467156661184459e-02	1.034193340100740155e+00
1.271000000000000081e-02	6.392404656661185292e-02	1.026869121350740155e+00
1.272000000000000040e-02	6.465646844161185292e-02	1.037855449475740155e+00
1.273000000000000000e-02	6.421701531661185014e-02	1.030531230725740155e+00
1.273999999999999959e-02	6.494943719161185014e-02	1.041517558850740155e+00
1.274999999999999918e-02	6.450998406661184736e-02	1.034193340100740155e+00
1.276000000000000051e-02	6.529123406661184459e-02	1.045179668225740155e+00
1.277000000000000010e-02	6.485178094161185569e-02	1.037855449475740155e+00
1.277999999999999969e-02	6.558420281661185569e-02	1.048841777600740155e+00
1.278999999999999929e-02	6.514474969161185292e-02	1.041517558850740155e+00
1.280000000000000061e-02	6.592599969161185014e-02	1.052503886975740155e+00
1.281000000000000021e-02	6.548654656661184736e-02	1.045179668225740155e+00
1.281999999999999980e-02	6.621896844161184736e-02	1.056165996350740155e+00
1.282999999999999939e-02	6.577951531661184459e-02	1.048841777600740155e+00
1.284000000000000072e-02	6.651193719161184459e-02	1.059828105725740155e+00
1.285000000000000031e-02	6.612131219161185292e-02	1.052503886975740155e+00
1.285999999999999990e-02	6.685373406661185292e-02	1.063490215100740155e+00
1.286999999999999950e-02	6.641428094161185014e-02	1.057386699475740155e+00
1.288000000000000082e-02	6.714670281661185014e-02	1.067152324475740155e+00
1.289000000000000042e-02	6.675607781661184459e-02	1.061048808850740155e+00
1.290000000000000001e-02	6.748849969161184459e-02	1.070814433850740155e+00
1.290999999999999960e-02	6.709787469161185292e-02	1.064710918225740155e+00
1.291999999999999919e-02	6.783029656661185292e-02	1.074476543225740155e+00
1.293000000000000052e-02	6.739084344161185014e-02	1.068373027600740155e+00
1.294000000000000011e-02	6.817209344161184736e-02	1.079359355725740155e+00
1.294999999999999971e-02	6.773264031661184459e-02	1.072035136975740155e+00
1.295999999999999930e-02	6.851389031661185569e-02	1.083021465100740155e+00
1.297000000000000063e-02	6.807443719161185292e-02	1.075697246350740155e+00
1.298000000000000022e-02	6.885568719161185014e-02	1.086683574475740155e+00
1.298999999999999981e-02	6.841623406661184736e-02	1.079359355725740155e+00
1.299999999999999940e-02	6.919748406661184459e-02	1.090345683850740155e+00
1.301000000000000073e-02	6.875803094161185569e-02	1.083021465100740155e+00
1.302000000000000032e-02	6.953928094161185292e-02	1.094007793225740155e+00
1.302999999999999992e-02	6.909982781661185014e-02	1.086683574475740155e+00
1.303999999999999951e-02	6.988107781661184736e-02	1.097669902600740155e+00
1.305000000000000084e-02	6.944162469161184459e-02	1.090345683850740155e+00
1.306000000000000043e-02	7.022287469161185569e-02	1.101332011975740155e+00
1.307000000000000002e-02	6.978342156661185292e-02	1.094007793225740155e+00
1.307999999999999961e-02	7.061349969161184736e-02	1.104994121350740155e+00
1.308999999999999921e-02	7.017404656661184459e-02	1.097669902600740155e+00
1.310000000000000053e-02	7.095529656661185569e-02	1.108656230725740155e+00
1.311000000000000013e-02	7.051584344161185292e-02	1.101332011975740155e+00
1.311999999999999972e-02	7.129709344161185014e-02	1.112318340100740155e+00
1.312999999999999931e-02	7.085764031661184736e-02	1.104994121350740155e+00
1.314000000000000064e-02	7.163889031661184459e-02	1.115980449475740155e+00
1.315000000000000023e-02	7.119943719161185569e-02	1.108656230725740155e+00
1.315999999999999982e-02	7.193185906661185569e-02	1.119642558850740155e+00
1.316999999999999942e-02	7.154123406661185014e-02	1.112318340100740155e+00
1.318000000000000074e-02	7.227365594161185014e-02	1.123304668225740155e+00
1.319000000000000034e-02	7.188303094161184459e-02	1.117201152600740155e+00
1.319999999999999993e-02	7.261545281661184459e-02	1.126966777600740155e+00
1.320999999999999952e-02	7.217599969161185569e-02	1.119642558850740155e+00
1.322000000000000085e-02	7.290842156661185569e-02	1.130628886975740155e+00
1.323000000000000044e-02	7.251779656661185014e-02	1.123304668225740155e+00
1.324000000000000003e-02	7.325021844161185014e-02	1.134290996350740155e+00
1.324999999999999963e-02	7.281076531661184736e-02	1.128187480725740155e+00
1.325999999999999922e-02	7.354318719161184736e-02	1.137953105725740155e+00
1.327000000000000055e-02	7.310373406661184459e-02	1.130628886975740155e+00
1.328000000000000014e-02	7.378732781661184736e-02	1.141615215100740155e+00
1.328999999999999973e-02	7.339670281661185569e-02	1.135511699475740155e+00
1.329999999999999932e-02	7.408029656661184459e-02	1.145277324475740155e+00
1.331000000000000065e-02	7.368967156661185292e-02	1.139173808850740155e+00
1.332000000000000024e-02	7.432443719161184459e-02	1.148939433850740155e+00
1.332999999999999984e-02	7.393381219161185292e-02	1.142835918225740155e+00
1.333999999999999943e-02	7.461740594161185569e-02	1.152601543225740155e+00
1.335000000000000075e-02	7.422678094161185014e-02	1.146498027600740155e+00
1.336000000000000035e-02	7.486154656661185569e-02	1.157484355725740155e+00
1.336999999999999994e-02	7.447092156661185014e-02	1.150160136975740155e+00
1.337999999999999953e-02	7.510568719161185569e-02	1.159925761975740155e+00
1.339000000000000086e-02	7.471506219161185014e-02	1.153822246350740155e+00
1.340000000000000045e-02	7.530099969161185847e-02	1.163587871350740155e+00
1.341000000000000004e-02	7.495920281661185014e-02	1.157484355725740155e+00
1.341999999999999964e-02	7.554514031661185847e-02	1.168470683850740155e+00
1.342999999999999923e-02	7.515451531661185292e-02	1.161146465100740155e+00
1.344000000000000056e-02	7.578928094161185847e-02	1.170912090100740155e+00
1.345000000000000015e-02	7.539865594161185292e-02	1.164808574475740155e+00
1.345999999999999974e-02	7.603342156661185847e-02	1.174574199475740155e+00
1.346999999999999933e-02	7.564279656661185292e-02	1.168470683850740155e+00
1.348000000000000066e-02	7.627756219161185847e-02	1.178236308850740155e+00
1.349000000000000025e-02	7.588693719161185292e-02	1.172132793225740155e+00
1.349999999999999985e-02	7.652170281661185847e-02	1.181898418225740155e+00
1.350999999999999944e-02	7.608224969161185569e-02	1.175794902600740155e+00
1.352000000000000077e-02	7.671701531661184736e-02	1.186781230725740155e+00
1.353000000000000036e-02	7.632639031661185569e-02	1.179457011975740155e+00
1.353999999999999995e-02	7.700998406661185847e-02	1.190443340100740155e+00
1.354999999999999954e-02	7.661935906661185292e-02	1.183119121350740155e+00
1.355999999999999914e-02	7.725412469161185847e-02	1.194105449475740155e+00
1.357000000000000046e-02	7.686349969161185292e-02	1.186781230725740155e+00
1.358000000000000006e-02	7.754709344161185569e-02	1.197767558850740155e+00
1.358999999999999965e-02	7.710764031661185292e-02	1.190443340100740155e+00
1.359999999999999924e-02	7.779123406661185569e-02	1.201429668225740155e+00
1.361000000000000057e-02	7.740060906661185014e-02	1.194105449475740155e+00
1.362000000000000016e-02	7.808420281661185292e-02	1.205091777600740155e+00
1.362999999999999975e-02	7.769357781661184736e-02	1.197767558850740155e+00
1.363999999999999935e-02	7.832834344161185292e-02	1.208753886975740155e+00
1.365000000000000067e-02	7.793771844161184736e-02	1.201429668225740155e+00
1.366000000000000027e-02	7.862131219161185014e-02	1.212415996350740155e+00
1.366999999999999986e-02	7.823068719161185847e-02	1.205091777600740155e+00
1.367999999999999945e-02	7.891428094161184736e-02	1.216078105725740155e+00
1.369000000000000078e-02	7.852365594161185569e-02	1.208753886975740155e+00
1.370000000000000037e-02	7.925607781661185569e-02	1.219740215100740155e+00
1.370999999999999996e-02	7.881662469161185292e-02	1.212415996350740155e+00
1.371999999999999956e-02	7.954904656661185292e-02	1.223402324475740155e+00
1.372999999999999915e-02	7.910959344161185014e-02	1.216078105725740155e+00
1.374000000000000048e-02	7.989084344161184736e-02	1.227064433850740155e+00
1.375000000000000007e-02	7.945139031661185847e-02	1.219740215100740155e+00
1.375999999999999966e-02	8.018381219161185847e-02	1.230726543225740155e+00
1.376999999999999925e-02	7.979318719161185292e-02	1.223402324475740155e+00
1.378000000000000058e-02	8.052560906661185292e-02	1.234388652600740155e+00
1.379000000000000017e-02	8.008615594161185014e-02	1.227064433850740155e+00
1.379999999999999977e-02	8.086740594161184736e-02	1.238050761975740155e+00
1.380999999999999936e-02	8.042795281661185847e-02	1.230726543225740155e+00
1.382000000000000069e-02	8.120920281661185569e-02	1.241712871350740155e+00
1.383000000000000028e-02	8.081857781661185014e-02	1.234388652600740155e+00
1.383999999999999987e-02	8.159982781661184736e-02	1.245374980725740155e+00
1.384999999999999946e-02	8.111154656661184736e-02	1.238050761975740155e+00
1.386000000000000079e-02	8.194162469161185569e-02	1.249037090100740155e+00
1.387000000000000038e-02	8.150217156661185292e-02	1.241712871350740155e+00
1.387999999999999998e-02	8.228342156661185014e-02	1.252699199475740155e+00
1.388999999999999957e-02	8.184396844161184736e-02	1.245374980725740155e+00
1.389999999999999916e-02	8.262521844161185847e-02	1.256361308850740155e+00
1.391000000000000049e-02	8.218576531661185569e-02	1.249037090100740155e+00
1.392000000000000008e-02	8.301584344161185014e-02	1.260023418225740155e+00
1.392999999999999967e-02	8.257639031661184736e-02	1.252699199475740155e+00
1.393999999999999927e-02	8.335764031661185847e-02	1.263685527600740155e+00
1.395000000000000059e-02	8.291818719161185569e-02	1.256361308850740155e+00
1.396000000000000019e-02	8.369943719161185292e-02	1.267347636975740155e+00
1.396999999999999978e-02	8.325998406661185014e-02	1.260023418225740155e+00
1.397999999999999937e-02	8.404123406661184736e-02	1.271009746350740155e+00
1.399000000000000070e-02	8.360178094161185847e-02	1.263685527600740155e+00
1.400000000000000029e-02	8.438303094161185569e-02	1.274671855725740155e+00
1.400999999999999988e-02	8.394357781661185292e-02	1.267347636975740155e+00
1.401999999999999948e-02	8.477365594161184736e-02	1.278333965100740155e+00
1.403000000000000080e-02	8.433420281661185847e-02	1.271009746350740155e+00
1.404000000000000040e-02	8.511545281661185569e-02	1.281996074475740155e+00
1.404999999999999999e-02	8.462717156661185569e-02	1.274671855725740155e+00
1.405999999999999958e-02	8.545724969161185014e-02	1.285658183850740155e+00
1.406999999999999917e-02	8.501779656661184736e-02	1.278333965100740155e+00
1.408000000000000050e-02	8.579904656661185847e-02	1.289320293225740155e+00
1.409000000000000009e-02	8.535959344161185569e-02	1.281996074475740155e+00
1.409999999999999969e-02	8.614084344161185292e-02	1.292982402600740155e+00
1.410999999999999928e-02	8.570139031661185014e-02	1.285658183850740155e+00
1.412000000000000061e-02	8.648264031661184736e-02	1.296644511975740155e+00
1.413000000000000020e-02	8.604318719161185847e-02	1.289320293225740155e+00
1.413999999999999979e-02	8.682443719161185569e-02	1.300306621350740155e+00
1.414999999999999938e-02	8.638498406661185292e-02	1.292982402600740155e+00
1.416000000000000071e-02	8.721506219161184736e-02	1.302748027600740155e+00
1.417000000000000030e-02	8.672678094161184736e-02	1.296644511975740155e+00
1.417999999999999990e-02	8.755685906661185569e-02	1.307630840100740155e+00
1.418999999999999949e-02	8.711740594161185292e-02	1.300306621350740155e+00
1.420000000000000082e-02	8.789865594161185014e-02	1.311292949475740155e+00
1.421000000000000041e-02	8.745920281661184736e-02	1.303968730725740155e+00
1.422000000000000000e-02	8.824045281661185847e-02	1.314955058850740155e+00
1.422999999999999959e-02	8.780099969161185569e-02	1.307630840100740155e+00
1.423999999999999919e-02	8.863107781661185014e-02	1.317396465100740155e+00
1.425000000000000051e-02	8.814279656661185014e-02	1.311292949475740155e+00
1.426000000000000011e-02	8.897287469161185847e-02	1.321058574475740155e+00
1.426999999999999970e-02	8.853342156661185569e-02	1.314955058850740155e+00
1.427999999999999929e-02	8.931467156661185292e-02	1.324720683850740155e+00
1.429000000000000062e-02	8.887521844161185014e-02	1.318617168225740155e+00
1.430000000000000021e-02	8.970529656661185847e-02	1.329603496350740155e+00
1.430999999999999980e-02	8.926584344161185569e-02	1.322279277600740155e+00
1.431999999999999940e-02	9.009592156661185014e-02	1.332044902600740155e+00
1.433000000000000072e-02	8.960764031661185014e-02	1.325941386975740155e+00
1.434000000000000032e-02	9.043771844161185847e-02	1.335707011975740155e+00
1.434999999999999991e-02	8.999826531661185569e-02	1.329603496350740155e+00
1.435999999999999950e-02	9.082834344161185014e-02	1.339369121350740155e+00
1.437000000000000083e-02	9.038889031661184736e-02	1.333265605725740155e+00
1.438000000000000042e-02	9.121896844161185569e-02	1.344251933850740155e+00
1.439000000000000001e-02	9.077951531661185292e-02	1.336927715100740155e+00
1.439999999999999961e-02	9.156076531661185014e-02	1.346693340100740155e+00
1.440999999999999920e-02	9.112131219161184736e-02	1.340589824475740155e+00
1.442000000000000053e-02	9.195139031661185569e-02	1.350355449475740155e+00
1.443000000000000012e-02	9.151193719161185292e-02	1.344251933850740155e+00
1.443999999999999971e-02	9.229318719161185014e-02	1.354017558850740155e+00
1.444999999999999930e-02	9.185373406661184736e-02	1.347914043225740155e+00
1.446000000000000063e-02	9.263498406661185847e-02	1.357679668225740155e+00
1.447000000000000022e-02	9.219553094161185569e-02	1.350355449475740155e+00
1.447999999999999982e-02	9.297678094161185292e-02	1.361341777600740155e+00
1.448999999999999941e-02	9.253732781661185014e-02	1.354017558850740155e+00
1.450000000000000074e-02	9.326974969161185014e-02	1.363783183850740155e+00
1.451000000000000033e-02	9.287912469161185847e-02	1.356458965100740155e+00
1.451999999999999992e-02	9.356271844161184736e-02	1.360121074475740155e+00
1.452999999999999951e-02	9.322092156661185292e-02	1.351576152600740155e+00
1.454000000000000084e-02	9.385568719161185847e-02	1.355238261975740155e+00
1.455000000000000043e-02	9.351389031661185014e-02	1.347914043225740155e+00
1.456000000000000003e-02	9.414865594161185569e-02	1.350355449475740155e+00
1.456999999999999962e-02	9.380685906661184736e-02	1.343031230725740155e+00
1.457999999999999921e-02	9.439279656661185569e-02	1.346693340100740155e+00
1.459000000000000054e-02	9.405099969161184736e-02	1.339369121350740155e+00
1.460000000000000013e-02	9.463693719161185569e-02	1.341810527600740155e+00
1.460999999999999972e-02	9.429514031661184736e-02	1.334486308850740155e+00
1.461999999999999932e-02	9.483224969161185847e-02	1.338148418225740155e+00
1.463000000000000064e-02	9.453928094161184736e-02	1.329603496350740155e+00
1.464000000000000024e-02	9.507639031661185847e-02	1.333265605725740155e+00
1.464999999999999983e-02	9.478342156661184736e-02	1.325941386975740155e+00
1.465999999999999942e-02	9.527170281661184736e-02	1.328382793225740155e+00
1.467000000000000075e-02	9.497873406661185014e-02	1.321058574475740155e+00
1.468000000000000034e-02	9.541818719161185292e-02	1.324720683850740155e+00
1.468999999999999993e-02	9.512521844161185569e-02	1.317396465100740155e+00
1.469999999999999953e-02	9.556467156661185847e-02	1.319837871350740155e+00
1.471000000000000085e-02	9.532053094161185847e-02	1.312513652600740155e+00
1.472000000000000045e-02	9.566232781661185292e-02	1.316175761975740155e+00
1.473000000000000004e-02	9.541818719161185292e-02	1.307630840100740155e+00
1.473999999999999963e-02	9.575998406661184736e-02	1.311292949475740155e+00
1.474999999999999922e-02	9.551584344161184736e-02	1.303968730725740155e+00
1.476000000000000055e-02	9.580881219161185847e-02	1.306410136975740155e+00
1.477000000000000014e-02	9.556467156661185847e-02	1.299085918225740155e+00
1.477999999999999974e-02	9.580881219161185847e-02	1.302748027600740155e+00
1.478999999999999933e-02	9.556467156661185847e-02	1.295423808850740155e+00
1.480000000000000066e-02	9.575998406661184736e-02	1.297865215100740155e+00
1.481000000000000025e-02	9.551584344161184736e-02	1.290540996350740155e+00
1.481999999999999984e-02	9.566232781661185292e-02	1.294203105725740155e+00
1.482999999999999943e-02	9.536935906661185569e-02	1.285658183850740155e+00
1.484000000000000076e-02	9.551584344161184736e-02	1.289320293225740155e+00
1.485000000000000035e-02	9.522287469161185014e-02	1.281996074475740155e+00
1.485999999999999995e-02	9.532053094161185847e-02	1.284437480725740155e+00
1.486999999999999954e-02	9.502756219161184736e-02	1.277113261975740155e+00
1.488000000000000086e-02	9.507639031661185847e-02	1.280775371350740155e+00
1.489000000000000046e-02	9.473459344161185014e-02	1.273451152600740155e+00
1.490000000000000005e-02	9.478342156661184736e-02	1.275892558850740155e+00
1.490999999999999964e-02	9.439279656661185569e-02	1.268568340100740155e+00
1.491999999999999924e-02	9.444162469161185292e-02	1.272230449475740155e+00
1.493000000000000056e-02	9.405099969161184736e-02	1.264906230725740155e+00
1.494000000000000015e-02	9.405099969161184736e-02	1.267347636975740155e+00
1.494999999999999975e-02	9.356271844161184736e-02	1.260023418225740155e+00
1.495999999999999934e-02	9.361154656661185847e-02	1.262464824475740155e+00
1.497000000000000067e-02	9.312326531661185847e-02	1.255140605725740155e+00
1.498000000000000026e-02	9.312326531661185847e-02	1.258802715100740155e+00
1.498999999999999985e-02	9.258615594161184736e-02	1.251478496350740155e+00
1.499999999999999944e-02	9.258615594161184736e-02	1.253919902600740155e+00
1.501000000000000077e-02	9.200021844161185292e-02	1.246595683850740155e+00
1.502000000000000036e-02	9.200021844161185292e-02	1.250257793225740155e+00
1.502999999999999996e-02	9.136545281661184736e-02	1.242933574475740155e+00
1.503999999999999955e-02	9.141428094161185847e-02	1.245374980725740155e+00
1.504999999999999914e-02	9.077951531661185292e-02	1.238050761975740155e+00
1.506000000000000047e-02	9.077951531661185292e-02	1.240492168225740155e+00
1.507000000000000006e-02	9.014474969161184736e-02	1.233167949475740155e+00
1.507999999999999965e-02	9.014474969161184736e-02	1.236830058850740155e+00
1.508999999999999925e-02	8.946115594161185847e-02	1.229505840100740155e+00
1.510000000000000057e-02	8.946115594161185847e-02	1.231947246350740155e+00
1.511000000000000017e-02	8.877756219161185569e-02	1.224623027600740155e+00
1.511999999999999976e-02	8.877756219161185569e-02	1.228285136975740155e+00
1.512999999999999935e-02	8.814279656661185014e-02	1.220960918225740155e+00
1.514000000000000068e-02	8.814279656661185014e-02	1.223402324475740155e+00
1.515000000000000027e-02	8.745920281661184736e-02	1.216078105725740155e+00
1.515999999999999986e-02	8.745920281661184736e-02	1.218519511975740155e+00
1.516999999999999946e-02	8.682443719161185569e-02	1.211195293225740155e+00
1.518000000000000078e-02	8.682443719161185569e-02	1.214857402600740155e+00
1.519000000000000038e-02	8.618967156661185014e-02	1.207533183850740155e+00
