time[s]	CH1[V]	CH2[V] (num. of cycles: 1)
0.000000000000000000e+00	-7.043206465871711119e-02	-1.222902799907483518e+00
1.000000000000000082e-05	-7.043206465871711119e-02	-1.222902799907483518e+00
2.000000000000000164e-05	-7.038323653371711397e-02	-1.219240690532483518e+00
3.000000000000000076e-05	-7.082268965871711675e-02	-1.226564909282483518e+00
4.000000000000000327e-05	-7.072503340871710842e-02	-1.222902799907483518e+00
5.000000000000000240e-05	-7.116448653371711119e-02	-1.230227018657483518e+00
6.000000000000000152e-05	-7.106683028371711675e-02	-1.226564909282483518e+00
6.999999999999999387e-05	-7.150628340871710564e-02	-1.233889128032483518e+00
8.000000000000000654e-05	-7.140862715871711119e-02	-1.230227018657483518e+00
9.000000000000000567e-05	-7.184808028371711397e-02	-1.237551237407483518e+00
1.000000000000000048e-04	-7.175042403371710564e-02	-1.233889128032483518e+00
1.100000000000000039e-04	-7.218987715871710842e-02	-1.241213346782483518e+00
1.200000000000000030e-04	-7.209222090871711397e-02	-1.237551237407483518e+00
1.299999999999999886e-04	-7.253167403371711675e-02	-1.244875456157483518e+00
1.399999999999999877e-04	-7.243401778371710842e-02	-1.241213346782483518e+00
1.499999999999999869e-04	-7.287347090871711119e-02	-1.248537565532483518e+00
1.600000000000000131e-04	-7.277581465871711675e-02	-1.244875456157483518e+00
1.700000000000000122e-04	-7.321526778371710564e-02	-1.252199674907483518e+00
1.800000000000000113e-04	-7.311761153371711119e-02	-1.248537565532483518e+00
1.900000000000000105e-04	-7.355706465871711397e-02	-1.255861784282483518e+00
2.000000000000000096e-04	-7.345940840871710564e-02	-1.252199674907483518e+00
2.100000000000000087e-04	-7.389886153371710842e-02	-1.259523893657483518e+00
2.200000000000000078e-04	-7.380120528371711397e-02	-1.255861784282483518e+00
2.300000000000000070e-04	-7.424065840871711675e-02	-1.263186003032483518e+00
2.400000000000000061e-04	-7.414300215871710842e-02	-1.259523893657483518e+00
2.500000000000000052e-04	-7.458245528371711119e-02	-1.266848112407483518e+00
2.599999999999999772e-04	-7.448479903371711675e-02	-1.263186003032483518e+00
2.700000000000000035e-04	-7.492425215871710564e-02	-1.270510221782483518e+00
2.799999999999999755e-04	-7.477776778371711397e-02	-1.266848112407483518e+00
2.900000000000000017e-04	-7.521722090871711675e-02	-1.274172331157483518e+00
2.999999999999999737e-04	-7.511956465871710842e-02	-1.270510221782483518e+00
3.099999999999999999e-04	-7.555901778371711119e-02	-1.277834440532483518e+00
3.200000000000000262e-04	-7.546136153371711675e-02	-1.274172331157483518e+00
3.299999999999999982e-04	-7.590081465871711952e-02	-1.281496549907483518e+00
3.400000000000000244e-04	-7.580315840871711119e-02	-1.277834440532483518e+00
3.499999999999999964e-04	-7.624261153371711397e-02	-1.285158659282483518e+00
3.600000000000000227e-04	-7.614495528371711952e-02	-1.281496549907483518e+00
3.699999999999999947e-04	-7.658440840871710842e-02	-1.288820768657483518e+00
3.800000000000000209e-04	-7.648675215871711397e-02	-1.285158659282483518e+00
3.899999999999999929e-04	-7.692620528371711675e-02	-1.292482878032483518e+00
4.000000000000000192e-04	-7.682854903371710842e-02	-1.288820768657483518e+00
4.099999999999999912e-04	-7.726800215871711119e-02	-1.296144987407483518e+00
4.200000000000000174e-04	-7.717034590871711675e-02	-1.292482878032483518e+00
4.299999999999999894e-04	-7.760979903371711952e-02	-1.299807096782483518e+00
4.400000000000000157e-04	-7.751214278371711119e-02	-1.296144987407483518e+00
4.499999999999999877e-04	-7.795159590871711397e-02	-1.303469206157483518e+00
4.600000000000000139e-04	-7.785393965871711952e-02	-1.301027799907483518e+00
4.699999999999999859e-04	-7.829339278371710842e-02	-1.307131315532483518e+00
4.800000000000000122e-04	-7.819573653371711397e-02	-1.303469206157483518e+00
4.899999999999999842e-04	-7.863518965871711675e-02	-1.310793424907483518e+00
5.000000000000000104e-04	-7.853753340871710842e-02	-1.307131315532483518e+00
5.100000000000000366e-04	-7.897698653371711119e-02	-1.314455534282483518e+00
5.199999999999999544e-04	-7.887933028371711675e-02	-1.310793424907483518e+00
5.299999999999999807e-04	-7.936761153371711675e-02	-1.318117643657483518e+00
5.400000000000000069e-04	-7.926995528371710842e-02	-1.314455534282483518e+00
5.500000000000000331e-04	-7.970940840871711119e-02	-1.321779753032483518e+00
5.599999999999999509e-04	-7.961175215871711675e-02	-1.319338346782483518e+00
5.699999999999999772e-04	-8.010003340871711675e-02	-1.325441862407483518e+00
5.800000000000000034e-04	-8.000237715871710842e-02	-1.321779753032483518e+00
5.900000000000000296e-04	-8.044183028371711119e-02	-1.329103971782483518e+00
5.999999999999999474e-04	-8.034417403371711675e-02	-1.325441862407483518e+00
6.099999999999999737e-04	-8.083245528371711675e-02	-1.332766081157483518e+00
6.199999999999999999e-04	-8.073479903371710842e-02	-1.329103971782483518e+00
6.300000000000000261e-04	-8.122308028371710842e-02	-1.336428190532483518e+00
6.400000000000000524e-04	-8.112542403371711397e-02	-1.332766081157483518e+00
6.499999999999999702e-04	-8.161370528371711397e-02	-1.340090299907483518e+00
6.599999999999999964e-04	-8.151604903371711952e-02	-1.336428190532483518e+00
6.700000000000000226e-04	-8.200433028371711952e-02	-1.343752409282483518e+00
6.800000000000000488e-04	-8.190667403371711119e-02	-1.340090299907483518e+00
6.899999999999999667e-04	-8.239495528371711119e-02	-1.347414518657483518e+00
6.999999999999999929e-04	-8.229729903371711675e-02	-1.343752409282483518e+00
7.100000000000000191e-04	-8.278558028371711675e-02	-1.351076628032483518e+00
7.200000000000000453e-04	-8.268792403371710842e-02	-1.347414518657483518e+00
7.299999999999999632e-04	-8.317620528371710842e-02	-1.354738737407483518e+00
7.399999999999999894e-04	-8.312737715871711119e-02	-1.351076628032483518e+00
7.500000000000000156e-04	-8.361565840871711119e-02	-1.358400846782483518e+00
7.600000000000000418e-04	-8.351800215871711675e-02	-1.354738737407483518e+00
7.699999999999999597e-04	-8.400628340871711675e-02	-1.362062956157483518e+00
7.799999999999999859e-04	-8.390862715871710842e-02	-1.358400846782483518e+00
7.900000000000000121e-04	-8.439690840871710842e-02	-1.365725065532483518e+00
8.000000000000000383e-04	-8.434808028371711119e-02	-1.362062956157483518e+00
8.099999999999999561e-04	-8.483636153371711119e-02	-1.369387174907483518e+00
8.199999999999999824e-04	-8.473870528371711675e-02	-1.365725065532483518e+00
8.300000000000000086e-04	-8.522698653371711675e-02	-1.373049284282483518e+00
8.400000000000000348e-04	-8.517815840871711952e-02	-1.369387174907483518e+00
8.499999999999999526e-04	-8.566643965871711952e-02	-1.376711393657483518e+00
8.599999999999999789e-04	-8.556878340871711119e-02	-1.373049284282483518e+00
8.700000000000000051e-04	-8.605706465871711119e-02	-1.380373503032483518e+00
8.800000000000000313e-04	-8.600823653371711397e-02	-1.376711393657483518e+00
8.899999999999999491e-04	-8.649651778371711397e-02	-1.384035612407483518e+00
8.999999999999999754e-04	-8.639886153371711952e-02	-1.380373503032483518e+00
9.100000000000000016e-04	-8.688714278371711952e-02	-1.387697721782483518e+00
9.200000000000000278e-04	-8.683831465871710842e-02	-1.384035612407483518e+00
9.300000000000000541e-04	-8.727776778371711119e-02	-1.391359831157483518e+00
9.399999999999999719e-04	-8.722893965871711397e-02	-1.387697721782483518e+00
9.499999999999999981e-04	-8.771722090871711397e-02	-1.395021940532483518e+00
9.600000000000000243e-04	-8.761956465871711952e-02	-1.391359831157483518e+00
9.700000000000000505e-04	-8.810784590871711952e-02	-1.398684049907483518e+00
9.799999999999999684e-04	-8.801018965871711119e-02	-1.393801237407483518e+00
9.899999999999999946e-04	-8.849847090871711119e-02	-1.401125456157483518e+00
1.000000000000000021e-03	-8.840081465871711675e-02	-1.391359831157483518e+00
1.010000000000000047e-03	-8.888909590871711675e-02	-1.398684049907483518e+00
1.020000000000000073e-03	-8.879143965871710842e-02	-1.386477018657483518e+00
1.030000000000000100e-03	-8.927972090871710842e-02	-1.393801237407483518e+00
1.039999999999999909e-03	-8.918206465871711397e-02	-1.382814909282483518e+00
1.049999999999999935e-03	-8.967034590871711397e-02	-1.390139128032483518e+00
1.059999999999999961e-03	-8.957268965871711952e-02	-1.377932096782483518e+00
1.069999999999999988e-03	-9.006097090871711952e-02	-1.385256315532483518e+00
1.080000000000000014e-03	-8.996331465871711119e-02	-1.374269987407483518e+00
1.090000000000000040e-03	-9.045159590871711119e-02	-1.380373503032483518e+00
1.100000000000000066e-03	-9.035393965871711675e-02	-1.369387174907483518e+00
1.110000000000000092e-03	-9.074456465871710842e-02	-1.376711393657483518e+00
1.119999999999999902e-03	-9.069573653371711119e-02	-1.364504362407483518e+00
1.129999999999999928e-03	-9.113518965871711397e-02	-1.373049284282483518e+00
1.139999999999999954e-03	-9.103753340871711952e-02	-1.360842253032483518e+00
1.149999999999999981e-03	-9.142815840871711119e-02	-1.368166471782483518e+00
1.160000000000000007e-03	-9.133050215871711675e-02	-1.355959440532483518e+00
1.170000000000000033e-03	-9.172112715871710842e-02	-1.363283659282483518e+00
1.180000000000000059e-03	-9.162347090871711397e-02	-1.351076628032483518e+00
1.190000000000000085e-03	-9.196526778371710842e-02	-1.358400846782483518e+00
1.199999999999999895e-03	-9.186761153371711397e-02	-1.347414518657483518e+00
1.209999999999999921e-03	-9.220940840871710842e-02	-1.354738737407483518e+00
1.219999999999999947e-03	-9.206292403371711675e-02	-1.342531706157483518e+00
1.229999999999999974e-03	-9.240472090871711119e-02	-1.349855924907483518e+00
1.240000000000000000e-03	-9.220940840871710842e-02	-1.338869596782483518e+00
1.250000000000000026e-03	-9.250237715871711952e-02	-1.346193815532483518e+00
1.260000000000000052e-03	-9.225823653371711952e-02	-1.333986784282483518e+00
1.270000000000000078e-03	-9.255120528371711675e-02	-1.341311003032483518e+00
1.280000000000000105e-03	-9.225823653371711952e-02	-1.330324674907483518e+00
1.289999999999999914e-03	-9.250237715871711952e-02	-1.337648893657483518e+00
1.299999999999999940e-03	-9.216058028371711119e-02	-1.325441862407483518e+00
1.309999999999999967e-03	-9.245354903371710842e-02	-1.332766081157483518e+00
1.319999999999999993e-03	-9.201409590871711952e-02	-1.320559049907483518e+00
1.330000000000000019e-03	-9.235589278371711397e-02	-1.329103971782483518e+00
1.340000000000000045e-03	-9.181878340871711675e-02	-1.316896940532483518e+00
1.350000000000000071e-03	-9.216058028371711119e-02	-1.324221159282483518e+00
1.360000000000000098e-03	-9.147698653371710842e-02	-1.312014128032483518e+00
1.369999999999999907e-03	-9.191643965871711119e-02	-1.319338346782483518e+00
1.379999999999999933e-03	-9.108636153371711675e-02	-1.308352018657483518e+00
1.389999999999999960e-03	-9.157464278371711675e-02	-1.315676237407483518e+00
1.399999999999999986e-03	-9.064690840871711397e-02	-1.303469206157483518e+00
1.410000000000000012e-03	-9.118401778371711119e-02	-1.310793424907483518e+00
1.420000000000000038e-03	-9.015862715871711397e-02	-1.298586393657483518e+00
1.430000000000000064e-03	-9.069573653371711119e-02	-1.307131315532483518e+00
1.440000000000000091e-03	-8.962151778371711675e-02	-1.294924284282483518e+00
1.449999999999999900e-03	-9.020745528371711119e-02	-1.302248503032483518e+00
1.459999999999999926e-03	-8.898675215871711119e-02	-1.290041471782483518e+00
1.469999999999999953e-03	-8.962151778371711675e-02	-1.298586393657483518e+00
1.479999999999999979e-03	-8.835198653371711952e-02	-1.286379362407483518e+00
1.490000000000000005e-03	-8.898675215871711119e-02	-1.293703581157483518e+00
1.500000000000000031e-03	-8.766839278371711675e-02	-1.281496549907483518e+00
1.510000000000000057e-03	-8.835198653371711952e-02	-1.288820768657483518e+00
1.520000000000000084e-03	-8.693597090871711675e-02	-1.276613737407483518e+00
1.529999999999999893e-03	-8.761956465871711952e-02	-1.285158659282483518e+00
1.539999999999999919e-03	-8.620354903371711675e-02	-1.272951628032483518e+00
1.549999999999999946e-03	-8.693597090871711675e-02	-1.280275846782483518e+00
1.559999999999999972e-03	-8.542229903371711952e-02	-1.268068815532483518e+00
1.569999999999999998e-03	-8.615472090871711952e-02	-1.275393034282483518e+00
1.580000000000000024e-03	-8.468987715871711952e-02	-1.264406706157483518e+00
1.590000000000000050e-03	-8.542229903371711952e-02	-1.271730924907483518e+00
1.600000000000000077e-03	-8.390862715871710842e-02	-1.259523893657483518e+00
1.610000000000000103e-03	-8.464104903371710842e-02	-1.266848112407483518e+00
1.619999999999999912e-03	-8.312737715871711119e-02	-1.254641081157483518e+00
1.629999999999999939e-03	-8.385979903371711119e-02	-1.263186003032483518e+00
1.639999999999999965e-03	-8.234612715871711397e-02	-1.250978971782483518e+00
1.649999999999999991e-03	-8.312737715871711119e-02	-1.258303190532483518e+00
1.660000000000000017e-03	-8.156487715871711675e-02	-1.246096159282483518e+00
1.670000000000000043e-03	-8.229729903371711675e-02	-1.253420378032483518e+00
1.680000000000000070e-03	-8.078362715871711952e-02	-1.242434049907483518e+00
1.690000000000000096e-03	-8.151604903371711952e-02	-1.249758268657483518e+00
1.699999999999999905e-03	-7.995354903371711119e-02	-1.237551237407483518e+00
1.709999999999999932e-03	-8.073479903371710842e-02	-1.244875456157483518e+00
1.719999999999999958e-03	-7.917229903371711397e-02	-1.233889128032483518e+00
1.729999999999999984e-03	-7.995354903371711119e-02	-1.239992643657483518e+00
1.740000000000000010e-03	-7.839104903371711675e-02	-1.229006315532483518e+00
1.750000000000000036e-03	-7.917229903371711397e-02	-1.236330534282483518e+00
1.760000000000000063e-03	-7.760979903371711952e-02	-1.224123503032483518e+00
1.770000000000000089e-03	-7.839104903371711675e-02	-1.231447721782483518e+00
1.779999999999999898e-03	-7.687737715871711952e-02	-1.219240690532483518e+00
1.789999999999999925e-03	-7.760979903371711952e-02	-1.227785612407483518e+00
1.799999999999999951e-03	-7.609612715871710842e-02	-1.215578581157483518e+00
1.809999999999999977e-03	-7.682854903371710842e-02	-1.222902799907483518e+00
1.820000000000000003e-03	-7.536370528371710842e-02	-1.210695768657483518e+00
1.830000000000000029e-03	-7.609612715871710842e-02	-1.218019987407483518e+00
1.840000000000000056e-03	-7.463128340871710842e-02	-1.207033659282483518e+00
1.850000000000000082e-03	-7.536370528371710842e-02	-1.214357878032483518e+00
1.860000000000000108e-03	-7.389886153371710842e-02	-1.202150846782483518e+00
1.869999999999999917e-03	-7.463128340871710842e-02	-1.209475065532483518e+00
1.879999999999999944e-03	-7.321526778371710564e-02	-1.197268034282483518e+00
1.889999999999999970e-03	-7.389886153371710842e-02	-1.204592253032483518e+00
1.899999999999999996e-03	-7.253167403371711675e-02	-1.193605924907483518e+00
1.910000000000000022e-03	-7.321526778371710564e-02	-1.200930143657483518e+00
1.920000000000000049e-03	-7.189690840871711119e-02	-1.188723112407483518e+00
1.930000000000000075e-03	-7.258050215871711397e-02	-1.196047331157483518e+00
1.940000000000000101e-03	-7.131097090871711675e-02	-1.183840299907483518e+00
1.949999999999999910e-03	-7.194573653371710842e-02	-1.192385221782483518e+00
1.959999999999999937e-03	-7.072503340871710842e-02	-1.180178190532483518e+00
1.969999999999999963e-03	-7.131097090871711675e-02	-1.187502409282483518e+00
1.979999999999999989e-03	-7.018792403371711119e-02	-1.175295378032483518e+00
1.990000000000000015e-03	-7.077386153371710564e-02	-1.182619596782483518e+00
2.000000000000000042e-03	-6.965081465871711397e-02	-1.171633268657483518e+00
2.010000000000000068e-03	-7.018792403371711119e-02	-1.178957487407483518e+00
2.020000000000000094e-03	-6.916253340871711397e-02	-1.166750456157483518e+00
2.030000000000000120e-03	-6.969964278371711119e-02	-1.174074674907483518e+00
2.040000000000000147e-03	-6.872308028371711119e-02	-1.161867643657483518e+00
2.050000000000000173e-03	-6.921136153371711119e-02	-1.170412565532483518e+00
2.060000000000000199e-03	-6.828362715871710842e-02	-1.158205534282483518e+00
2.069999999999999792e-03	-6.877190840871710842e-02	-1.165529753032483518e+00
2.079999999999999818e-03	-6.789300215871711675e-02	-1.153322721782483518e+00
2.089999999999999844e-03	-6.838128340871711675e-02	-1.160646940532483518e+00
2.099999999999999870e-03	-6.750237715871711119e-02	-1.149660612407483518e+00
2.109999999999999896e-03	-6.799065840871711119e-02	-1.156984831157483518e+00
2.119999999999999923e-03	-6.716058028371711675e-02	-1.144777799907483518e+00
2.129999999999999949e-03	-6.760003340871710564e-02	-1.152102018657483518e+00
2.139999999999999975e-03	-6.686761153371710564e-02	-1.139894987407483518e+00
2.150000000000000001e-03	-6.725823653371711119e-02	-1.148439909282483518e+00
2.160000000000000028e-03	-6.652581465871711119e-02	-1.136232878032483518e+00
2.170000000000000054e-03	-6.696526778371711397e-02	-1.143557096782483518e+00
2.180000000000000080e-03	-6.623284590871711397e-02	-1.131350065532483518e+00
2.190000000000000106e-03	-6.667229903371711675e-02	-1.138674284282483518e+00
2.200000000000000133e-03	-6.598870528371711397e-02	-1.127687956157483518e+00
2.210000000000000159e-03	-6.637933028371710564e-02	-1.135012174907483518e+00
2.220000000000000185e-03	-6.569573653371711675e-02	-1.122805143657483518e+00
2.230000000000000211e-03	-6.608636153371710842e-02	-1.130129362407483518e+00
2.239999999999999804e-03	-6.545159590871711675e-02	-1.119143034282483518e+00
2.249999999999999830e-03	-6.584222090871710842e-02	-1.126467253032483518e+00
2.259999999999999856e-03	-6.520745528371711675e-02	-1.114260221782483518e+00
2.269999999999999882e-03	-6.559808028371710842e-02	-1.121584440532483518e+00
2.279999999999999909e-03	-6.496331465871711675e-02	-1.109377409282483518e+00
2.289999999999999935e-03	-6.535393965871710842e-02	-1.116701628032483518e+00
2.299999999999999961e-03	-6.471917403371711675e-02	-1.105715299907483518e+00
2.309999999999999987e-03	-6.510979903371710842e-02	-1.113039518657483518e+00
2.320000000000000014e-03	-6.447503340871711675e-02	-1.100832487407483518e+00
2.330000000000000040e-03	-6.486565840871710842e-02	-1.108156706157483518e+00
2.340000000000000066e-03	-6.423089278371711675e-02	-1.095949674907483518e+00
2.350000000000000092e-03	-6.462151778371710842e-02	-1.104494596782483518e+00
2.360000000000000119e-03	-6.398675215871711675e-02	-1.092287565532483518e+00
2.370000000000000145e-03	-6.437737715871710842e-02	-1.099611784282483518e+00
2.380000000000000171e-03	-6.374261153371711675e-02	-1.087404753032483518e+00
2.390000000000000197e-03	-6.413323653371710842e-02	-1.094728971782483518e+00
2.399999999999999790e-03	-6.349847090871711675e-02	-1.083742643657483518e+00
2.409999999999999816e-03	-6.388909590871710842e-02	-1.091066862407483518e+00
2.419999999999999842e-03	-6.325433028371711675e-02	-1.078859831157483518e+00
2.429999999999999868e-03	-6.364495528371710842e-02	-1.086184049907483518e+00
2.439999999999999895e-03	-6.301018965871711675e-02	-1.073977018657483518e+00
2.449999999999999921e-03	-6.340081465871710842e-02	-1.081301237407483518e+00
2.459999999999999947e-03	-6.276604903371711675e-02	-1.070314909282483518e+00
2.469999999999999973e-03	-6.315667403371710842e-02	-1.077639128032483518e+00
2.480000000000000000e-03	-6.252190840871711675e-02	-1.065432096782483518e+00
2.490000000000000026e-03	-6.291253340871710842e-02	-1.072756315532483518e+00
2.500000000000000052e-03	-6.227776778371710981e-02	-1.060549284282483518e+00
2.510000000000000078e-03	-6.266839278371710842e-02	-1.067873503032483518e+00
2.520000000000000104e-03	-6.203362715871710981e-02	-1.056887174907483518e+00
2.530000000000000131e-03	-6.242425215871710842e-02	-1.064211393657483518e+00
2.540000000000000157e-03	-6.174065840871711258e-02	-1.052004362407483518e+00
2.550000000000000183e-03	-6.218011153371710842e-02	-1.060549284282483518e+00
2.560000000000000209e-03	-6.149651778371711258e-02	-1.048342253032483518e+00
2.569999999999999802e-03	-6.188714278371711119e-02	-1.055666471782483518e+00
2.579999999999999828e-03	-6.120354903371710842e-02	-1.043459440532483518e+00
2.589999999999999854e-03	-6.159417403371711397e-02	-1.052004362407483518e+00
2.599999999999999881e-03	-6.091058028371711119e-02	-1.039797331157483518e+00
2.609999999999999907e-03	-6.135003340871711397e-02	-1.047121549907483518e+00
2.619999999999999933e-03	-6.061761153371711397e-02	-1.034914518657483518e+00
2.629999999999999959e-03	-6.105706465871710981e-02	-1.042238737407483518e+00
2.639999999999999986e-03	-6.032464278371710981e-02	-1.031252409282483518e+00
2.650000000000000012e-03	-6.071526778371710842e-02	-1.038576628032483518e+00
2.660000000000000038e-03	-5.998284590871710842e-02	-1.026369596782483518e+00
2.670000000000000064e-03	-6.042229903371711119e-02	-1.033693815532483518e+00
2.680000000000000090e-03	-5.964104903371711397e-02	-1.022707487407483518e+00
2.690000000000000117e-03	-6.008050215871710981e-02	-1.030031706157483518e+00
2.700000000000000143e-03	-5.929925215871711258e-02	-1.017824674907483518e+00
2.710000000000000169e-03	-5.973870528371710842e-02	-1.025148893657483518e+00
2.720000000000000195e-03	-5.890862715871711397e-02	-1.014162565532483518e+00
2.729999999999999788e-03	-5.934808028371710981e-02	-1.021486784282483518e+00
2.739999999999999814e-03	-5.851800215871710842e-02	-1.009279753032483518e+00
2.749999999999999840e-03	-5.900628340871710842e-02	-1.016603971782483518e+00
2.759999999999999867e-03	-5.812737715871710981e-02	-1.004396940532483518e+00
2.769999999999999893e-03	-5.861565840871710981e-02	-1.011721159282483518e+00
2.779999999999999919e-03	-5.773675215871711119e-02	-1.000734831157483518e+00
2.789999999999999945e-03	-5.822503340871711119e-02	-1.008059049907483518e+00
2.799999999999999972e-03	-5.734612715871711258e-02	-9.958520186574836286e-01
2.809999999999999998e-03	-5.778558028371710842e-02	-1.003176237407483518e+00
2.820000000000000024e-03	-5.690667403371710981e-02	-9.909692061574836286e-01
2.830000000000000050e-03	-5.739495528371710981e-02	-9.982934249074836286e-01
2.840000000000000076e-03	-5.646722090871711397e-02	-9.873070967824836286e-01
2.850000000000000103e-03	-5.695550215871711397e-02	-9.946313155324836286e-01
2.860000000000000129e-03	-5.607659590871710842e-02	-9.824242842824836286e-01
2.870000000000000155e-03	-5.656487715871710842e-02	-9.897485030324836286e-01
2.880000000000000181e-03	-5.558831465871710842e-02	-9.787621749074836286e-01
2.890000000000000208e-03	-5.612542403371711258e-02	-9.848656905324836286e-01
2.899999999999999800e-03	-5.514886153371711258e-02	-9.738793624074836286e-01
2.909999999999999826e-03	-5.568597090871710981e-02	-9.812035811574836286e-01
2.919999999999999853e-03	-5.470940840871710981e-02	-9.689965499074836286e-01
2.929999999999999879e-03	-5.524651778371711397e-02	-9.763207686574836286e-01
2.939999999999999905e-03	-5.426995528371711397e-02	-9.653344405324836286e-01
2.949999999999999931e-03	-5.475823653371711397e-02	-9.726586592824836286e-01
2.959999999999999958e-03	-5.383050215871711119e-02	-9.604516280324836286e-01
2.969999999999999984e-03	-5.431878340871711119e-02	-9.677758467824836286e-01
2.980000000000000010e-03	-5.334222090871711119e-02	-9.567895186574836286e-01
2.990000000000000036e-03	-5.387933028371710842e-02	-9.641137374074836286e-01
3.000000000000000062e-03	-5.290276778371710842e-02	-9.519067061574836286e-01
3.010000000000000089e-03	-5.339104903371710842e-02	-9.592309249074836286e-01
3.020000000000000115e-03	-5.241448653371710842e-02	-9.470238936574836286e-01
3.030000000000000141e-03	-5.295159590871711258e-02	-9.543481124074836286e-01
3.040000000000000167e-03	-5.197503340871711258e-02	-9.433617842824836286e-01
3.050000000000000194e-03	-5.246331465871711258e-02	-9.506860030324836286e-01
3.059999999999999786e-03	-5.148675215871711258e-02	-9.384789717824836286e-01
3.069999999999999812e-03	-5.202386153371710981e-02	-9.458031905324836286e-01
3.079999999999999839e-03	-5.099847090871711258e-02	-9.335961592824836286e-01
3.089999999999999865e-03	-5.153558028371710981e-02	-9.421410811574836286e-01
3.099999999999999891e-03	-5.051018965871711258e-02	-9.299340499074836286e-01
3.109999999999999917e-03	-5.104729903371710981e-02	-9.372582686574836286e-01
3.119999999999999944e-03	-5.007073653371710981e-02	-9.250512374074836286e-01
3.129999999999999970e-03	-5.055901778371710981e-02	-9.335961592824836286e-01
3.139999999999999996e-03	-4.958245528371710287e-02	-9.213891280324836286e-01
3.150000000000000022e-03	-5.011956465871711397e-02	-9.287133467824836286e-01
3.160000000000000048e-03	-4.909417403371710287e-02	-9.165063155324836286e-01
3.170000000000000075e-03	-4.963128340871710703e-02	-9.238305342824836286e-01
3.180000000000000101e-03	-4.860589278371710287e-02	-9.116235030324836286e-01
3.190000000000000127e-03	-4.914300215871710703e-02	-9.201684249074836286e-01
3.200000000000000153e-03	-4.816643965871710703e-02	-9.079613936574836286e-01
3.210000000000000180e-03	-4.870354903371710426e-02	-9.152856124074836286e-01
3.220000000000000206e-03	-4.772698653371710426e-02	-9.030785811574836286e-01
3.229999999999999798e-03	-4.821526778371710426e-02	-9.116235030324836286e-01
3.239999999999999825e-03	-4.728753340871710842e-02	-8.994164717824836286e-01
3.249999999999999851e-03	-4.777581465871710842e-02	-9.067406905324836286e-01
3.259999999999999877e-03	-4.684808028371710564e-02	-8.945336592824836286e-01
3.269999999999999903e-03	-4.733636153371710564e-02	-9.018578780324836286e-01
3.279999999999999930e-03	-4.640862715871710287e-02	-8.896508467824836286e-01
3.289999999999999956e-03	-4.689690840871710287e-02	-8.981957686574836286e-01
3.299999999999999982e-03	-4.596917403371710703e-02	-8.859887374074836286e-01
3.310000000000000008e-03	-4.645745528371710703e-02	-8.933129561574836286e-01
3.320000000000000034e-03	-4.557854903371710842e-02	-8.823266280324836286e-01
3.330000000000000061e-03	-4.606683028371710842e-02	-8.896508467824836286e-01
3.340000000000000087e-03	-4.518792403371710287e-02	-8.774438155324836286e-01
3.350000000000000113e-03	-4.567620528371710287e-02	-8.847680342824836286e-01
3.360000000000000139e-03	-4.479729903371710426e-02	-8.725610030324836286e-01
3.370000000000000166e-03	-4.528558028371710426e-02	-8.798852217824836286e-01
3.380000000000000192e-03	-4.445550215871710287e-02	-8.676781905324836286e-01
3.389999999999999784e-03	-4.489495528371710564e-02	-8.762231124074836286e-01
3.399999999999999811e-03	-4.406487715871710426e-02	-8.640160811574836286e-01
3.409999999999999837e-03	-4.455315840871710426e-02	-8.713402999074836286e-01
3.419999999999999863e-03	-4.377190840871710703e-02	-8.603539717824836286e-01
3.429999999999999889e-03	-4.421136153371710287e-02	-8.664574874074836286e-01
3.439999999999999915e-03	-4.343011153371710564e-02	-8.554711592824836286e-01
3.449999999999999942e-03	-4.386956465871710842e-02	-8.627953780324836286e-01
3.459999999999999968e-03	-4.313714278371710842e-02	-8.505883467824836286e-01
3.469999999999999994e-03	-4.357659590871710426e-02	-8.579125655324836286e-01
3.480000000000000020e-03	-4.284417403371710426e-02	-8.469262374074836286e-01
3.490000000000000047e-03	-4.328362715871710703e-02	-8.542504561574836286e-01
3.500000000000000073e-03	-4.255120528371710703e-02	-8.420434249074836286e-01
3.510000000000000099e-03	-4.299065840871710287e-02	-8.493676436574836286e-01
3.520000000000000125e-03	-4.230706465871710703e-02	-8.383813155324836286e-01
3.530000000000000152e-03	-4.269768965871710564e-02	-8.457055342824836286e-01
3.540000000000000178e-03	-4.206292403371710703e-02	-8.334985030324836286e-01
3.550000000000000204e-03	-4.245354903371710564e-02	-8.408227217824836286e-01
3.559999999999999797e-03	-4.181878340871710703e-02	-8.286156905324836286e-01
3.569999999999999823e-03	-4.220940840871710564e-02	-8.371606124074836286e-01
3.579999999999999849e-03	-4.157464278371710703e-02	-8.249535811574836286e-01
3.589999999999999875e-03	-4.196526778371710564e-02	-8.322777999074836286e-01
3.599999999999999901e-03	-4.137933028371710426e-02	-8.200707686574836286e-01
3.609999999999999928e-03	-4.172112715871710564e-02	-8.273949874074836286e-01
3.619999999999999954e-03	-4.113518965871710426e-02	-8.164086592824836286e-01
3.629999999999999980e-03	-4.152581465871710287e-02	-8.237328780324836286e-01
3.640000000000000006e-03	-4.089104903371710426e-02	-8.115258467824836286e-01
3.650000000000000033e-03	-4.128167403371710287e-02	-8.188500655324836286e-01
3.660000000000000059e-03	-4.069573653371710842e-02	-8.066430342824836286e-01
3.670000000000000085e-03	-4.103753340871710287e-02	-8.139672530324836286e-01
3.680000000000000111e-03	-4.045159590871710842e-02	-8.029809249074836286e-01
3.690000000000000138e-03	-4.084222090871710703e-02	-8.103051436574836286e-01
3.700000000000000164e-03	-4.025628340871710564e-02	-7.980981124074836286e-01
3.710000000000000190e-03	-4.059808028371710703e-02	-8.054223311574836286e-01
3.720000000000000216e-03	-4.001214278371710564e-02	-7.944360030324836286e-01
3.729999999999999809e-03	-4.040276778371710426e-02	-8.017602217824836286e-01
3.739999999999999835e-03	-3.981683028371710287e-02	-7.895531905324836286e-01
3.749999999999999861e-03	-4.015862715871710426e-02	-7.968774092824836286e-01
3.759999999999999887e-03	-3.957268965871710287e-02	-7.846703780324836286e-01
3.769999999999999914e-03	-3.996331465871710842e-02	-7.932152999074836286e-01
3.779999999999999940e-03	-3.932854903371710287e-02	-7.810082686574836286e-01
3.789999999999999966e-03	-3.971917403371710842e-02	-7.883324874074836286e-01
3.799999999999999992e-03	-3.908440840871710287e-02	-7.761254561574836286e-01
3.810000000000000019e-03	-3.947503340871710842e-02	-7.834496749074836286e-01
3.820000000000000045e-03	-3.884026778371710287e-02	-7.724633467824836286e-01
3.830000000000000071e-03	-3.918206465871710426e-02	-7.797875655324836286e-01
3.840000000000000097e-03	-3.854729903371710564e-02	-7.675805342824836286e-01
3.850000000000000124e-03	-3.893792403371710426e-02	-7.749047530324836286e-01
3.860000000000000150e-03	-3.830315840871710564e-02	-7.626977217824836286e-01
3.870000000000000176e-03	-3.869378340871710426e-02	-7.712426436574836286e-01
3.880000000000000202e-03	-3.801018965871710842e-02	-7.590356124074836286e-01
3.889999999999999795e-03	-3.840081465871710703e-02	-7.663598311574836286e-01
3.899999999999999821e-03	-3.771722090871710426e-02	-7.541527999074836286e-01
3.910000000000000281e-03	-3.810784590871710287e-02	-7.626977217824836286e-01
3.919999999999999873e-03	-3.747308028371710426e-02	-7.504906905324836286e-01
3.930000000000000333e-03	-3.786370528371710287e-02	-7.578149092824836286e-01
3.939999999999999926e-03	-3.713128340871710287e-02	-7.468285811574836286e-01
3.950000000000000386e-03	-3.757073653371710564e-02	-7.541527999074836286e-01
3.959999999999999978e-03	-3.683831465871710564e-02	-7.419457686574836286e-01
3.969999999999999571e-03	-3.727776778371710148e-02	-7.492699874074836286e-01
3.980000000000000031e-03	-3.654534590871710148e-02	-7.370629561574836286e-01
3.989999999999999623e-03	-3.693597090871710703e-02	-7.443871749074836286e-01
4.000000000000000083e-03	-3.620354903371710703e-02	-7.334008467824836286e-01
4.009999999999999676e-03	-3.664300215871710287e-02	-7.407250655324836286e-01
4.020000000000000136e-03	-3.586175215871710564e-02	-7.285180342824836286e-01
4.029999999999999728e-03	-3.630120528371710148e-02	-7.358422530324836286e-01
4.040000000000000188e-03	-3.551995528371710426e-02	-7.236352217824836286e-01
4.049999999999999781e-03	-3.595940840871710703e-02	-7.309594405324836286e-01
4.060000000000000241e-03	-3.517815840871710287e-02	-7.199731124074836286e-01
4.069999999999999833e-03	-3.561761153371710564e-02	-7.272973311574836286e-01
4.080000000000000293e-03	-3.478753340871710426e-02	-7.150902999074836286e-01
4.089999999999999886e-03	-3.522698653371710703e-02	-7.224145186574836286e-01
4.100000000000000346e-03	-3.439690840871710564e-02	-7.114281905324836286e-01
4.109999999999999938e-03	-3.488518965871710564e-02	-7.187524092824836286e-01
4.120000000000000398e-03	-3.400628340871710703e-02	-7.065453780324836286e-01
4.129999999999999991e-03	-3.449456465871710703e-02	-7.138695967824836286e-01
4.139999999999999583e-03	-3.361565840871710148e-02	-7.028832686574836286e-01
4.150000000000000043e-03	-3.410393965871710148e-02	-7.102074874074836286e-01
4.159999999999999636e-03	-3.322503340871710287e-02	-6.980004561574836286e-01
4.170000000000000095e-03	-3.371331465871710287e-02	-7.053246749074836286e-01
4.179999999999999688e-03	-3.278558028371710703e-02	-6.931176436574836286e-01
4.190000000000000148e-03	-3.327386153371710703e-02	-7.004418624074836286e-01
4.199999999999999740e-03	-3.234612715871710426e-02	-6.894555342824836286e-01
4.210000000000000200e-03	-3.283440840871710426e-02	-6.967797530324836286e-01
4.219999999999999793e-03	-3.190667403371710148e-02	-6.845727217824836286e-01
4.230000000000000253e-03	-3.239495528371710148e-02	-6.918969405324836286e-01
4.239999999999999845e-03	-3.146722090871710564e-02	-6.809106124074836286e-01
4.250000000000000305e-03	-3.195550215871710564e-02	-6.882348311574836286e-01
4.259999999999999898e-03	-3.102776778371710287e-02	-6.760277999074836286e-01
4.270000000000000358e-03	-3.156487715871710703e-02	-6.833520186574836286e-01
4.279999999999999950e-03	-3.058831465871710356e-02	-6.711449874074836286e-01
4.290000000000000410e-03	-3.107659590871710356e-02	-6.796899092824836286e-01
4.300000000000000003e-03	-3.010003340871710356e-02	-6.674828780324836286e-01
4.309999999999999595e-03	-3.063714278371710426e-02	-6.748070967824836286e-01
4.320000000000000055e-03	-2.966058028371710426e-02	-6.626000655324836286e-01
4.329999999999999648e-03	-3.014886153371710426e-02	-6.699242842824836286e-01
4.340000000000000108e-03	-2.917229903371710426e-02	-6.589379561574836286e-01
4.349999999999999700e-03	-2.970940840871710495e-02	-6.662621749074836286e-01
4.360000000000000160e-03	-2.873284590871710495e-02	-6.540551436574836286e-01
4.369999999999999753e-03	-2.926995528371710564e-02	-6.613793624074836286e-01
4.380000000000000213e-03	-2.824456465871710495e-02	-6.491723311574836286e-01
4.389999999999999805e-03	-2.878167403371710564e-02	-6.577172530324836286e-01
4.400000000000000265e-03	-2.780511153371710564e-02	-6.455102217824836286e-01
4.409999999999999858e-03	-2.829339278371710564e-02	-6.528344405324836286e-01
4.420000000000000318e-03	-2.731683028371710564e-02	-6.418481124074836286e-01
4.429999999999999910e-03	-2.785393965871710287e-02	-6.491723311574836286e-01
4.440000000000000370e-03	-2.682854903371710564e-02	-6.369652999074836286e-01
4.449999999999999963e-03	-2.736565840871710287e-02	-6.442895186574836286e-01
4.460000000000000422e-03	-2.638909590871710287e-02	-6.320824874074836286e-01
4.470000000000000015e-03	-2.687737715871710287e-02	-6.394067061574836286e-01
4.479999999999999608e-03	-2.590081465871710287e-02	-6.284203780324836286e-01
4.490000000000000067e-03	-2.643792403371710356e-02	-6.357445967824836286e-01
4.499999999999999660e-03	-2.546136153371710356e-02	-6.235375655324836286e-01
4.510000000000000120e-03	-2.599847090871710426e-02	-6.308617842824836286e-01
4.519999999999999712e-03	-2.502190840871710426e-02	-6.198754561574836286e-01
4.530000000000000172e-03	-2.555901778371710495e-02	-6.271996749074836286e-01
4.539999999999999765e-03	-2.463128340871710564e-02	-6.149926436574836286e-01
4.550000000000000225e-03	-2.511956465871710564e-02	-6.223168624074836286e-01
4.559999999999999817e-03	-2.419183028371710634e-02	-6.113305342824836286e-01
4.570000000000000277e-03	-2.468011153371710634e-02	-6.186547530324836286e-01
4.579999999999999870e-03	-2.380120528371710772e-02	-6.064477217824836286e-01
4.590000000000000330e-03	-2.424065840871710703e-02	-6.137719405324836286e-01
4.599999999999999922e-03	-2.341058028371710564e-02	-6.015649092824836286e-01
4.610000000000000382e-03	-2.389886153371710564e-02	-6.101098311574836286e-01
4.619999999999999975e-03	-2.306878340871710772e-02	-5.979027999074836286e-01
4.629999999999999567e-03	-2.350823653371710703e-02	-6.052270186574836286e-01
4.640000000000000027e-03	-2.267815840871710564e-02	-5.930199874074836286e-01
4.649999999999999620e-03	-2.316643965871710564e-02	-6.003442061574836286e-01
4.660000000000000080e-03	-2.238518965871710842e-02	-5.893578780324836286e-01
4.669999999999999672e-03	-2.282464278371710772e-02	-5.966820967824836286e-01
4.680000000000000132e-03	-2.204339278371710703e-02	-5.844750655324836286e-01
4.689999999999999725e-03	-2.248284590871710634e-02	-5.917992842824836286e-01
4.700000000000000185e-03	-2.179925215871710703e-02	-5.795922530324836286e-01
4.709999999999999777e-03	-2.218987715871710564e-02	-5.881371749074836286e-01
4.720000000000000237e-03	-2.150628340871710634e-02	-5.759301436574836286e-01
4.729999999999999830e-03	-2.189690840871710842e-02	-5.832543624074836286e-01
4.740000000000000289e-03	-2.126214278371710634e-02	-5.710473311574836286e-01
4.749999999999999882e-03	-2.165276778371710842e-02	-5.795922530324836286e-01
4.760000000000000342e-03	-2.101800215871710634e-02	-5.673852217824836286e-01
4.769999999999999934e-03	-2.140862715871710842e-02	-5.747094405324836286e-01
4.780000000000000394e-03	-2.082268965871710703e-02	-5.637231124074836286e-01
4.789999999999999987e-03	-2.116448653371710842e-02	-5.710473311574836286e-01
4.799999999999999580e-03	-2.057854903371710703e-02	-5.588402999074836286e-01
4.810000000000000039e-03	-2.096917403371710564e-02	-5.661645186574836286e-01
4.819999999999999632e-03	-2.038323653371710772e-02	-5.551781905324836286e-01
4.830000000000000092e-03	-2.077386153371710634e-02	-5.625024092824836286e-01
4.839999999999999684e-03	-2.023675215871710564e-02	-5.502953780324836286e-01
4.850000000000000144e-03	-2.057854903371710703e-02	-5.576195967824836286e-01
4.859999999999999737e-03	-2.004143965871710634e-02	-5.466332686574836286e-01
4.870000000000000197e-03	-2.038323653371710772e-02	-5.539574874074836286e-01
4.879999999999999789e-03	-1.989495528371710772e-02	-5.417504561574836286e-01
4.890000000000000249e-03	-2.018792403371710842e-02	-5.490746749074836286e-01
4.899999999999999842e-03	-1.969964278371710842e-02	-5.368676436574836286e-01
4.910000000000000302e-03	-2.004143965871710634e-02	-5.441918624074836286e-01
4.919999999999999894e-03	-1.955315840871710634e-02	-5.332055342824836286e-01
4.930000000000000354e-03	-1.989495528371710772e-02	-5.405297530324836286e-01
4.939999999999999947e-03	-1.940667403371710772e-02	-5.283227217824836286e-01
4.950000000000000407e-03	-1.974847090871710564e-02	-5.356469405324836286e-01
4.959999999999999999e-03	-1.926018965871710564e-02	-5.246606124074836286e-01
4.969999999999999592e-03	-1.960198653371710703e-02	-5.319848311574836286e-01
4.980000000000000052e-03	-1.911370528371710703e-02	-5.197777999074836286e-01
4.989999999999999644e-03	-1.945550215871710842e-02	-5.271020186574836286e-01
5.000000000000000104e-03	-1.901604903371710564e-02	-5.161156905324836286e-01
5.009999999999999697e-03	-1.935784590871710703e-02	-5.234399092824836286e-01
5.020000000000000157e-03	-1.886956465871710703e-02	-5.112328780324836286e-01
5.029999999999999749e-03	-1.921136153371710842e-02	-5.185570967824836286e-01
5.040000000000000209e-03	-1.877190840871710564e-02	-5.075707686574836286e-01
5.049999999999999802e-03	-1.911370528371710703e-02	-5.148949874074836286e-01
5.060000000000000261e-03	-1.867425215871710772e-02	-5.026879561574836286e-01
5.069999999999999854e-03	-1.901604903371710564e-02	-5.100121749074836286e-01
5.080000000000000314e-03	-1.852776778371710564e-02	-4.990258467824836286e-01
5.089999999999999906e-03	-1.886956465871710703e-02	-5.063500655324836286e-01
5.100000000000000366e-03	-1.843011153371710772e-02	-4.941430342824836286e-01
5.109999999999999959e-03	-1.877190840871710564e-02	-5.014672530324836286e-01
5.120000000000000419e-03	-1.833245528371710634e-02	-4.904809249074836286e-01
5.130000000000000011e-03	-1.867425215871710772e-02	-4.978051436574836286e-01
5.139999999999999604e-03	-1.823479903371710495e-02	-4.855981124074836286e-01
5.150000000000000064e-03	-1.857659590871710634e-02	-4.929223311574836286e-01
5.159999999999999656e-03	-1.813714278371710703e-02	-4.819360030324836286e-01
5.170000000000000116e-03	-1.847893965871710495e-02	-4.892602217824836286e-01
5.179999999999999709e-03	-1.803948653371710564e-02	-4.770531905324836286e-01
5.190000000000000169e-03	-1.838128340871710703e-02	-4.843774092824836286e-01
5.199999999999999761e-03	-1.794183028371710772e-02	-4.733910811574836286e-01
5.210000000000000221e-03	-1.828362715871710564e-02	-4.807152999074836286e-01
5.219999999999999814e-03	-1.779534590871710564e-02	-4.685082686574836286e-01
5.230000000000000274e-03	-1.813714278371710703e-02	-4.758324874074836286e-01
5.239999999999999866e-03	-1.769768965871710772e-02	-4.648461592824836286e-01
5.250000000000000326e-03	-1.803948653371710564e-02	-4.709496749074836286e-01
5.259999999999999919e-03	-1.755120528371710564e-02	-4.599633467824836286e-01
5.270000000000000379e-03	-1.789300215871710703e-02	-4.672875655324836286e-01
5.279999999999999971e-03	-1.740472090871710703e-02	-4.563012374074836286e-01
5.290000000000000431e-03	-1.774651778371710495e-02	-4.636254561574836286e-01
5.300000000000000024e-03	-1.720940840871710772e-02	-4.514184249074836286e-01
5.309999999999999616e-03	-1.760003340871710634e-02	-4.587426436574836286e-01
5.320000000000000076e-03	-1.701409590871710495e-02	-4.465356124074836286e-01
5.329999999999999669e-03	-1.740472090871710703e-02	-4.550805342824836286e-01
5.340000000000000129e-03	-1.686761153371710634e-02	-4.428735030324836286e-01
5.349999999999999721e-03	-1.720940840871710772e-02	-4.501977217824836286e-01
5.360000000000000181e-03	-1.667229903371710703e-02	-4.379906905324836286e-01
5.369999999999999774e-03	-1.701409590871710495e-02	-4.453149092824836286e-01
5.380000000000000233e-03	-1.642815840871710703e-02	-4.343285811574836286e-01
5.389999999999999826e-03	-1.681878340871710564e-02	-4.416527999074836286e-01
5.400000000000000286e-03	-1.623284590871710772e-02	-4.306664717824836286e-01
5.409999999999999878e-03	-1.657464278371710564e-02	-4.367699874074836286e-01
5.420000000000000338e-03	-1.598870528371710772e-02	-4.257836592824836286e-01
5.429999999999999931e-03	-1.637933028371710634e-02	-4.331078780324836286e-01
5.440000000000000391e-03	-1.574456465871710772e-02	-4.221215499074836286e-01
5.449999999999999983e-03	-1.608636153371710564e-02	-4.282250655324836286e-01
5.459999999999999576e-03	-1.545159590871710703e-02	-4.172387374074836286e-01
5.470000000000000036e-03	-1.584222090871710564e-02	-4.245629561574836286e-01
5.479999999999999628e-03	-1.520745528371710703e-02	-4.135766280324836286e-01
5.490000000000000088e-03	-1.559808028371710564e-02	-4.209008467824836286e-01
5.499999999999999681e-03	-1.491448653371710634e-02	-4.086938155324836286e-01
5.510000000000000141e-03	-1.530511153371710668e-02	-4.160180342824836286e-01
5.519999999999999733e-03	-1.467034590871710634e-02	-4.050317061574836286e-01
5.530000000000000193e-03	-1.506097090871710668e-02	-4.123559249074836286e-01
5.539999999999999786e-03	-1.437737715871710564e-02	-4.001488936574836286e-01
5.550000000000000246e-03	-1.476800215871710599e-02	-4.074731124074836286e-01
5.559999999999999838e-03	-1.408440840871710668e-02	-3.964867842824836286e-01
5.570000000000000298e-03	-1.447503340871710703e-02	-4.038110030324836286e-01
5.579999999999999891e-03	-1.379143965871710599e-02	-3.916039717824836286e-01
5.590000000000000351e-03	-1.423089278371710703e-02	-3.989281905324836286e-01
5.599999999999999943e-03	-1.349847090871710703e-02	-3.879418624074836286e-01
5.610000000000000403e-03	-1.393792403371710634e-02	-3.952660811574836286e-01
5.619999999999999996e-03	-1.320550215871710634e-02	-3.830590499074836286e-01
5.629999999999999588e-03	-1.364495528371710564e-02	-3.903832686574836286e-01
5.640000000000000048e-03	-1.291253340871710564e-02	-3.793969405324836286e-01
5.649999999999999641e-03	-1.335198653371710668e-02	-3.867211592824836286e-01
5.660000000000000100e-03	-1.261956465871710668e-02	-3.745141280324836286e-01
5.669999999999999693e-03	-1.301018965871710703e-02	-3.818383467824836286e-01
5.680000000000000153e-03	-1.232659590871710599e-02	-3.708520186574836286e-01
5.689999999999999745e-03	-1.271722090871710634e-02	-3.781762374074836286e-01
5.700000000000000205e-03	-1.203362715871710703e-02	-3.659692061574836286e-01
5.709999999999999798e-03	-1.242425215871710564e-02	-3.732934249074836286e-01
5.720000000000000258e-03	-1.169183028371710564e-02	-3.623070967824836286e-01
5.729999999999999850e-03	-1.213128340871710668e-02	-3.696313155324836286e-01
5.740000000000000310e-03	-1.139886153371710668e-02	-3.574242842824836286e-01
5.749999999999999903e-03	-1.178948653371710703e-02	-3.647485030324836286e-01
5.760000000000000363e-03	-1.105706465871710703e-02	-3.537621749074836286e-01
5.769999999999999955e-03	-1.149651778371710634e-02	-3.610863936574836286e-01
5.780000000000000415e-03	-1.071526778371710564e-02	-3.488793624074836286e-01
5.790000000000000008e-03	-1.115472090871710668e-02	-3.562035811574836286e-01
5.799999999999999600e-03	-1.042229903371710668e-02	-3.452172530324836286e-01
5.810000000000000060e-03	-1.086175215871710599e-02	-3.525414717824836286e-01
5.819999999999999653e-03	-1.008050215871710703e-02	-3.403344405324836286e-01
5.830000000000000113e-03	-1.051995528371710634e-02	-3.476586592824836286e-01
5.839999999999999705e-03	-9.787533408717106337e-03	-3.366723311574836286e-01
5.850000000000000165e-03	-1.022698653371710564e-02	-3.439965499074836286e-01
5.859999999999999758e-03	-9.445736533717106684e-03	-3.317895186574836286e-01
5.870000000000000218e-03	-9.885189658717105990e-03	-3.391137374074836286e-01
5.879999999999999810e-03	-9.152767783717105990e-03	-3.281274092824836286e-01
5.890000000000000270e-03	-9.592220908717107031e-03	-3.354516280324836286e-01
5.899999999999999863e-03	-8.859799033717105296e-03	-3.232445967824836286e-01
5.910000000000000323e-03	-9.250424033717105643e-03	-3.305688155324836286e-01
5.919999999999999915e-03	-8.518002158717105643e-03	-3.195824874074836286e-01
5.930000000000000375e-03	-8.957455283717106684e-03	-3.269067061574836286e-01
5.939999999999999968e-03	-8.225033408717106684e-03	-3.146996749074836286e-01
5.950000000000000427e-03	-8.664486533717105990e-03	-3.220238936574836286e-01
5.960000000000000020e-03	-7.932064658717105990e-03	-3.110375655324835731e-01
5.969999999999999613e-03	-8.322689658717106337e-03	-3.183617842824836286e-01
5.980000000000000072e-03	-7.639095908717106163e-03	-3.061547530324835731e-01
5.989999999999999665e-03	-8.029720908717105643e-03	-3.146996749074836286e-01
6.000000000000000125e-03	-7.346127158717106337e-03	-3.024926436574835731e-01
6.009999999999999717e-03	-7.736752158717105816e-03	-3.098168624074835731e-01
6.020000000000000177e-03	-7.053158408717105643e-03	-2.976098311574835731e-01
6.029999999999999770e-03	-7.443783408717105990e-03	-3.049340499074835731e-01
6.040000000000000230e-03	-6.760189658717105816e-03	-2.939477217824835731e-01
6.049999999999999822e-03	-7.199642783717105990e-03	-3.012719405324835731e-01
6.060000000000000282e-03	-6.467220908717105990e-03	-2.902856124074835731e-01
6.069999999999999875e-03	-6.906674033717106163e-03	-2.963891280324835731e-01
6.080000000000000335e-03	-6.174252158717106163e-03	-2.854027999074835731e-01
6.089999999999999927e-03	-6.613705283717106337e-03	-2.927270186574835731e-01
6.100000000000000387e-03	-5.930111533717106163e-03	-2.817406905324835731e-01
6.109999999999999980e-03	-6.320736533717105643e-03	-2.890649092824835731e-01
6.119999999999999572e-03	-5.637142783717106337e-03	-2.768578780324835731e-01
6.130000000000000032e-03	-6.027767783717105816e-03	-2.841820967824835731e-01
6.139999999999999625e-03	-5.344174033717105643e-03	-2.719750655324835731e-01
6.150000000000000085e-03	-5.783627158717105816e-03	-2.805199874074835731e-01
6.159999999999999677e-03	-5.100033408717105643e-03	-2.683129561574835731e-01
6.170000000000000137e-03	-5.490658408717105990e-03	-2.756371749074835731e-01
6.179999999999999730e-03	-4.807064658717105816e-03	-2.646508467824835731e-01
6.190000000000000190e-03	-5.246517783717105990e-03	-2.719750655324835731e-01
6.199999999999999782e-03	-4.562924033717105816e-03	-2.597680342824835731e-01
6.210000000000000242e-03	-4.953549033717106163e-03	-2.670922530324835731e-01
6.219999999999999835e-03	-4.318783408717105816e-03	-2.561059249074835731e-01
6.230000000000000294e-03	-4.709408408717106163e-03	-2.634301436574835731e-01
6.239999999999999887e-03	-4.074642783717105816e-03	-2.512231124074835731e-01
6.250000000000000347e-03	-4.465267783717106163e-03	-2.585473311574835731e-01
6.259999999999999939e-03	-3.830502158717105816e-03	-2.475610030324835731e-01
6.270000000000000399e-03	-4.172299033717105469e-03	-2.548852217824835731e-01
6.279999999999999992e-03	-3.586361533717105816e-03	-2.426781905324835731e-01
6.289999999999999584e-03	-3.976986533717106163e-03	-2.500024092824835731e-01
6.300000000000000044e-03	-3.342220908717105816e-03	-2.390160811574835731e-01
6.309999999999999637e-03	-3.732845908717105730e-03	-2.463402999074835731e-01
6.320000000000000097e-03	-3.098080283717105383e-03	-2.353539717824835731e-01
6.329999999999999689e-03	-3.488705283717105730e-03	-2.414574874074835731e-01
6.340000000000000149e-03	-2.902767783717105643e-03	-2.304711592824835731e-01
6.349999999999999742e-03	-3.244564658717105730e-03	-2.377953780324835731e-01
6.360000000000000202e-03	-2.658627158717105643e-03	-2.268090499074835731e-01
6.369999999999999794e-03	-3.049252158717105556e-03	-2.341332686574835731e-01
6.380000000000000254e-03	-2.463314658717105469e-03	-2.219262374074835731e-01
6.389999999999999847e-03	-2.805111533717105556e-03	-2.292504561574835731e-01
6.400000000000000307e-03	-2.219174033717105469e-03	-2.182641280324835731e-01
6.409999999999999899e-03	-2.609799033717105383e-03	-2.255883467824835731e-01
6.420000000000000359e-03	-2.023861533717105296e-03	-2.133813155324835731e-01
6.429999999999999952e-03	-2.365658408717105383e-03	-2.207055342824835731e-01
6.440000000000000412e-03	-1.779720908717105296e-03	-2.097192061574835731e-01
6.450000000000000004e-03	-2.170345908717105209e-03	-2.170434249074835731e-01
6.459999999999999597e-03	-1.584408408717105339e-03	-2.048363936574835731e-01
6.470000000000000057e-03	-1.975033408717105469e-03	-2.121606124074835731e-01
6.479999999999999649e-03	-1.389095908717105383e-03	-2.011742842824835731e-01
6.490000000000000109e-03	-1.730892783717105469e-03	-2.084985030324835731e-01
6.499999999999999702e-03	-1.144955283717105383e-03	-1.975121749074835731e-01
6.510000000000000162e-03	-1.535580283717105296e-03	-2.036156905324835731e-01
6.519999999999999754e-03	-9.496427837171053177e-04	-1.926293624074835731e-01
6.530000000000000214e-03	-1.291439658717105296e-03	-1.999535811574835731e-01
6.539999999999999807e-03	-7.543302837171053611e-04	-1.889672530324835731e-01
6.550000000000000266e-03	-1.096127158717105339e-03	-1.950707686574835731e-01
6.559999999999999859e-03	-5.101896587171053611e-04	-1.840844405324835731e-01
6.570000000000000319e-03	-9.008146587171053828e-04	-1.914086592824835731e-01
6.579999999999999911e-03	-3.148771587171052960e-04	-1.804223311574835731e-01
6.590000000000000371e-03	-6.566740337171053828e-04	-1.877465499074835731e-01
6.599999999999999964e-03	-7.073653371710529603e-05	-1.755395186574835731e-01
6.610000000000000424e-03	-4.613615337171053177e-04	-1.828637374074835731e-01
6.620000000000000016e-03	1.734040912828947040e-04	-1.718774092824835731e-01
6.629999999999999609e-03	-2.172209087171053177e-04	-1.792016280324835731e-01
6.640000000000000069e-03	3.687165912828947148e-04	-1.669945967824835731e-01
6.649999999999999661e-03	-2.190840871710529670e-05	-1.743188155324835731e-01
6.660000000000000121e-03	6.128572162828947690e-04	-1.633324874074835731e-01
6.669999999999999714e-03	2.222322162828947202e-04	-1.706567061574835731e-01
6.680000000000000174e-03	7.593415912828947907e-04	-1.596703780324835731e-01
6.689999999999999766e-03	4.663728412828947473e-04	-1.657738936574835731e-01
6.700000000000000226e-03	1.003482216282894791e-03	-1.547875655324835731e-01
6.709999999999999819e-03	6.128572162828947690e-04	-1.621117842824835731e-01
6.720000000000000279e-03	1.198794716282894747e-03	-1.511254561574835731e-01
6.729999999999999871e-03	8.569978412828947690e-04	-1.584496749074835731e-01
6.740000000000000331e-03	1.442935341282894747e-03	-1.462426436574835731e-01
6.749999999999999924e-03	1.052310341282894834e-03	-1.535668624074835731e-01
6.760000000000000384e-03	1.638247841282894704e-03	-1.425805342824835731e-01
6.769999999999999976e-03	1.296450966282894834e-03	-1.499047530324835731e-01
6.779999999999999569e-03	1.833560341282894877e-03	-1.389184249074835731e-01
6.790000000000000029e-03	1.491763466282894791e-03	-1.450219405324835731e-01
6.799999999999999621e-03	2.028872841282894617e-03	-1.340356124074835731e-01
6.810000000000000081e-03	1.687075966282894747e-03	-1.413598311574835731e-01
6.819999999999999674e-03	2.224185341282894791e-03	-1.303735030324835731e-01
6.830000000000000134e-03	1.882388466282894704e-03	-1.376977217824835731e-01
6.839999999999999726e-03	2.370669716282894704e-03	-1.254906905324835731e-01
6.850000000000000186e-03	2.028872841282894617e-03	-1.328149092824835731e-01
6.859999999999999779e-03	2.565982216282894877e-03	-1.218285811574835731e-01
6.870000000000000238e-03	2.224185341282894791e-03	-1.291527999074835731e-01
6.879999999999999831e-03	2.712466591282894791e-03	-1.169457686574835731e-01
6.890000000000000291e-03	2.370669716282894704e-03	-1.242699874074835731e-01
6.899999999999999883e-03	2.858950966282894704e-03	-1.132836592824835731e-01
6.910000000000000343e-03	2.517154091282895051e-03	-1.206078780324835731e-01
6.919999999999999936e-03	2.956607216282894791e-03	-1.096215499074835731e-01
6.930000000000000396e-03	2.614810341282894704e-03	-1.157250655324835731e-01
6.939999999999999988e-03	3.103091591282894704e-03	-1.047387374074835731e-01
6.949999999999999581e-03	2.761294716282895051e-03	-1.120629561574835731e-01
6.960000000000000041e-03	3.200747841282894357e-03	-1.010766280324835731e-01
6.969999999999999633e-03	2.858950966282894704e-03	-1.084008467824835731e-01
6.980000000000000093e-03	3.298404091282894444e-03	-9.619381553248357308e-02
6.989999999999999686e-03	2.956607216282894791e-03	-1.035180342824835731e-01
7.000000000000000146e-03	3.396060341282894531e-03	-9.253170615748357308e-02
7.009999999999999738e-03	3.054263466282894877e-03	-9.985592490748357308e-02
7.020000000000000198e-03	3.493716591282894617e-03	-8.764889365748357308e-02
7.029999999999999791e-03	3.151919716282894531e-03	-9.497311240748357308e-02
7.040000000000000251e-03	3.591372841282894704e-03	-8.398678428248357308e-02
7.049999999999999843e-03	3.249575966282894617e-03	-9.131100303248357308e-02
7.060000000000000303e-03	3.640200966282894531e-03	-8.032467490748357308e-02
7.069999999999999896e-03	3.298404091282894444e-03	-8.764889365748357308e-02
7.080000000000000356e-03	3.737857216282894617e-03	-7.544186240748357308e-02
7.089999999999999948e-03	3.396060341282894531e-03	-8.276608115748357308e-02
7.100000000000000408e-03	3.786685341282894444e-03	-7.177975303248357308e-02
7.110000000000000001e-03	3.444888466282894357e-03	-7.910397178248357308e-02
7.119999999999999593e-03	3.835513466282894704e-03	-6.689694053248357308e-02
7.130000000000000053e-03	3.542544716282894444e-03	-7.422115928248357308e-02
7.139999999999999646e-03	3.933169716282894357e-03	-6.323483115748357308e-02
7.150000000000000105e-03	3.591372841282894704e-03	-7.055904990748357308e-02
7.159999999999999698e-03	3.981997841282894184e-03	-5.957272178248356614e-02
7.170000000000000158e-03	3.640200966282894531e-03	-6.689694053248357308e-02
7.179999999999999750e-03	4.030825966282894877e-03	-5.468990928248356614e-02
7.190000000000000210e-03	3.689029091282894357e-03	-6.201412803248356614e-02
7.199999999999999803e-03	4.030825966282894877e-03	-5.102779990748356614e-02
7.210000000000000263e-03	3.737857216282894617e-03	-5.835201865748356614e-02
7.219999999999999855e-03	4.079654091282894704e-03	-4.614498740748356614e-02
7.230000000000000315e-03	3.737857216282894617e-03	-5.346920615748356614e-02
7.239999999999999908e-03	4.079654091282894704e-03	-4.248287803248356614e-02
7.250000000000000368e-03	3.737857216282894617e-03	-4.980709678248356614e-02
7.259999999999999960e-03	4.128482216282894531e-03	-3.882076865748356614e-02
7.270000000000000420e-03	3.786685341282894444e-03	-4.492428428248356614e-02
7.280000000000000013e-03	4.128482216282894531e-03	-3.393795615748356614e-02
7.289999999999999605e-03	3.786685341282894444e-03	-4.126217490748356614e-02
7.300000000000000065e-03	4.079654091282894704e-03	-3.027584678248356614e-02
7.309999999999999658e-03	3.786685341282894444e-03	-3.760006553248356614e-02
7.320000000000000118e-03	4.079654091282894704e-03	-2.661373740748356614e-02
7.329999999999999710e-03	3.786685341282894444e-03	-3.271725303248356614e-02
7.340000000000000170e-03	4.079654091282894704e-03	-2.173092490748356614e-02
7.349999999999999763e-03	3.737857216282894617e-03	-2.905514365748356614e-02
7.360000000000000223e-03	4.079654091282894704e-03	-1.806881553248356614e-02
7.369999999999999815e-03	3.737857216282894617e-03	-2.417233115748356614e-02
7.380000000000000275e-03	4.030825966282894877e-03	-1.318600303248356614e-02
7.389999999999999868e-03	3.737857216282894617e-03	-2.051022178248356614e-02
7.400000000000000328e-03	4.030825966282894877e-03	-9.523893657483566144e-03
7.409999999999999920e-03	3.737857216282894617e-03	-1.684811240748356614e-02
7.420000000000000380e-03	4.030825966282894877e-03	-4.641081157483566144e-03
7.429999999999999973e-03	3.689029091282894357e-03	-1.196529990748356614e-02
7.440000000000000432e-03	4.030825966282894877e-03	-9.789717824835661442e-04
7.450000000000000025e-03	3.689029091282894357e-03	-8.303190532483566144e-03
7.459999999999999618e-03	4.030825966282894877e-03	3.903840717516433856e-03
7.470000000000000077e-03	3.689029091282894357e-03	-3.420378032483566144e-03
7.479999999999999670e-03	4.030825966282894877e-03	7.565950092516433856e-03
7.490000000000000130e-03	3.689029091282894357e-03	2.417313425164338558e-04
7.499999999999999722e-03	3.981997841282894184e-03	1.122805946751643386e-02
7.510000000000000182e-03	3.640200966282894531e-03	5.124543842516433856e-03
7.519999999999999775e-03	3.981997841282894184e-03	1.611087196751643386e-02
7.530000000000000235e-03	3.640200966282894531e-03	8.786653217516433856e-03
7.539999999999999827e-03	3.981997841282894184e-03	1.977298134251643386e-02
7.550000000000000287e-03	3.640200966282894531e-03	1.244876259251643386e-02
7.559999999999999880e-03	3.981997841282894184e-03	2.343509071751643386e-02
7.570000000000000340e-03	3.640200966282894531e-03	1.611087196751643386e-02
7.579999999999999932e-03	3.933169716282894357e-03	2.831790321751643386e-02
7.590000000000000392e-03	3.640200966282894531e-03	2.099368446751643386e-02
7.599999999999999985e-03	3.933169716282894357e-03	3.198001259251643386e-02
7.609999999999999577e-03	3.591372841282894704e-03	2.465579384251643386e-02
7.620000000000000037e-03	3.933169716282894357e-03	3.686282509251643386e-02
7.629999999999999630e-03	3.591372841282894704e-03	2.953860634251643386e-02
7.640000000000000090e-03	3.933169716282894357e-03	4.052493446751643386e-02
7.649999999999999682e-03	3.591372841282894704e-03	3.320071571751643386e-02
7.660000000000000142e-03	3.884341591282894531e-03	4.418704384251643386e-02
7.669999999999999735e-03	3.591372841282894704e-03	3.686282509251643386e-02
7.680000000000000195e-03	3.884341591282894531e-03	4.784915321751643386e-02
7.689999999999999787e-03	3.542544716282894444e-03	4.174563759251643386e-02
7.700000000000000247e-03	3.884341591282894531e-03	5.273196571751643386e-02
7.709999999999999840e-03	3.542544716282894444e-03	4.540774696751643386e-02
7.720000000000000299e-03	3.884341591282894531e-03	5.639407509251643386e-02
7.729999999999999892e-03	3.542544716282894444e-03	5.029055946751643386e-02
7.740000000000000352e-03	3.884341591282894531e-03	6.127688759251643386e-02
7.749999999999999944e-03	3.542544716282894444e-03	5.395266884251643386e-02
7.760000000000000404e-03	3.884341591282894531e-03	6.493899696751642692e-02
7.769999999999999997e-03	3.542544716282894444e-03	5.761477821751643386e-02
7.779999999999999589e-03	3.884341591282894531e-03	6.860110634251642692e-02
7.790000000000000049e-03	3.542544716282894444e-03	6.127688759251643386e-02
7.799999999999999642e-03	3.884341591282894531e-03	7.348391884251642692e-02
7.810000000000000102e-03	3.542544716282894444e-03	6.615970009251642692e-02
7.820000000000000562e-03	3.884341591282894531e-03	7.714602821751642692e-02
7.830000000000000154e-03	3.591372841282894704e-03	6.982180946751642692e-02
7.839999999999999747e-03	3.884341591282894531e-03	8.202884071751642692e-02
7.849999999999999339e-03	3.591372841282894704e-03	7.470462196751642692e-02
7.860000000000000667e-03	3.933169716282894357e-03	8.569095009251642692e-02
7.870000000000000259e-03	3.591372841282894704e-03	7.836673134251642692e-02
7.879999999999999852e-03	3.933169716282894357e-03	8.935305946751642692e-02
7.889999999999999444e-03	3.591372841282894704e-03	8.202884071751642692e-02
7.900000000000000772e-03	3.933169716282894357e-03	9.423587196751642692e-02
7.910000000000000364e-03	3.640200966282894531e-03	8.691165321751642692e-02
7.919999999999999957e-03	3.933169716282894357e-03	9.789798134251642692e-02
7.929999999999999549e-03	3.640200966282894531e-03	9.057376259251642692e-02
7.939999999999999142e-03	3.981997841282894184e-03	1.015600907175164269e-01
7.950000000000000469e-03	3.640200966282894531e-03	9.423587196751642692e-02
7.960000000000000062e-03	3.981997841282894184e-03	1.052222000925164269e-01
7.969999999999999654e-03	3.689029091282894357e-03	9.911868446751642692e-02
7.979999999999999247e-03	4.030825966282894877e-03	1.101050125925164269e-01
7.990000000000000574e-03	3.689029091282894357e-03	1.027807938425164269e-01
8.000000000000000167e-03	4.030825966282894877e-03	1.137671219675164269e-01
8.009999999999999759e-03	3.737857216282894617e-03	1.064429032175164269e-01
8.019999999999999352e-03	4.079654091282894704e-03	1.174292313425164269e-01
8.030000000000000679e-03	3.737857216282894617e-03	1.101050125925164269e-01
8.040000000000000271e-03	4.128482216282894531e-03	1.223120438425164269e-01
8.049999999999999864e-03	3.786685341282894444e-03	1.149878250925164269e-01
8.059999999999999457e-03	4.128482216282894531e-03	1.259741532175164269e-01
8.070000000000000784e-03	3.786685341282894444e-03	1.186499344675164269e-01
8.080000000000000376e-03	4.177310341282894357e-03	1.296362625925164269e-01
8.089999999999999969e-03	3.835513466282894704e-03	1.235327469675164269e-01
8.099999999999999561e-03	4.177310341282894357e-03	1.345190750925164269e-01
8.109999999999999154e-03	3.884341591282894531e-03	1.271948563425164269e-01
8.120000000000000481e-03	4.226138466282894184e-03	1.381811844675164269e-01
8.130000000000000074e-03	3.884341591282894531e-03	1.308569657175164269e-01
8.139999999999999666e-03	4.274966591282894877e-03	1.430639969675164269e-01
8.149999999999999259e-03	3.933169716282894357e-03	1.357397782175164269e-01
8.160000000000000586e-03	4.274966591282894877e-03	1.467261063425164269e-01
8.170000000000000179e-03	3.981997841282894184e-03	1.394018875925164269e-01
8.179999999999999771e-03	4.323794716282894704e-03	1.503882157175164269e-01
8.189999999999999364e-03	3.981997841282894184e-03	1.430639969675164269e-01
8.200000000000000691e-03	4.372622841282894531e-03	1.540503250925164269e-01
8.210000000000000284e-03	4.030825966282894877e-03	1.479468094675164269e-01
8.219999999999999876e-03	4.372622841282894531e-03	1.589331375925164269e-01
8.229999999999999469e-03	4.030825966282894877e-03	1.516089188425164269e-01
8.240000000000000796e-03	4.421450966282894357e-03	1.625952469675164269e-01
8.250000000000000389e-03	4.079654091282894704e-03	1.552710282175164269e-01
8.259999999999999981e-03	4.470279091282894184e-03	1.674780594675164269e-01
8.269999999999999574e-03	4.128482216282894531e-03	1.601538407175164269e-01
8.279999999999999166e-03	4.470279091282894184e-03	1.711401688425164269e-01
8.290000000000000493e-03	4.128482216282894531e-03	1.638159500925164269e-01
8.300000000000000086e-03	4.519107216282894877e-03	1.748022782175164269e-01
8.309999999999999679e-03	4.177310341282894357e-03	1.674780594675164269e-01
8.319999999999999271e-03	4.519107216282894877e-03	1.796850907175164269e-01
8.330000000000000598e-03	4.177310341282894357e-03	1.723608719675164269e-01
8.340000000000000191e-03	4.567935341282894704e-03	1.833472000925164269e-01
8.349999999999999784e-03	4.226138466282894184e-03	1.760229813425164269e-01
8.359999999999999376e-03	4.567935341282894704e-03	1.870093094675164269e-01
8.370000000000000703e-03	4.274966591282894877e-03	1.796850907175164269e-01
8.380000000000000296e-03	4.616763466282894531e-03	1.918921219675164269e-01
8.389999999999999888e-03	4.274966591282894877e-03	1.845679032175164269e-01
8.399999999999999481e-03	4.665591591282894357e-03	1.955542313425164269e-01
8.410000000000000808e-03	4.323794716282894704e-03	1.882300125925164269e-01
8.420000000000000401e-03	4.665591591282894357e-03	1.992163407175164269e-01
8.429999999999999993e-03	4.372622841282894531e-03	1.918921219675164269e-01
8.439999999999999586e-03	4.714419716282895051e-03	2.040991532175164269e-01
8.449999999999999178e-03	4.372622841282894531e-03	1.955542313425164269e-01
8.460000000000000506e-03	4.763247841282894877e-03	2.077612625925164269e-01
8.470000000000000098e-03	4.421450966282894357e-03	2.004370438425164269e-01
8.479999999999999691e-03	4.812075966282894704e-03	2.114233719675164269e-01
8.489999999999999283e-03	4.470279091282894184e-03	2.040991532175164269e-01
8.500000000000000611e-03	4.812075966282894704e-03	2.163061844675164269e-01
8.510000000000000203e-03	4.519107216282894877e-03	2.089819657175164269e-01
8.519999999999999796e-03	4.860904091282894531e-03	2.199682938425164269e-01
8.529999999999999388e-03	4.519107216282894877e-03	2.126440750925164269e-01
8.540000000000000716e-03	4.860904091282894531e-03	2.236304032175164269e-01
8.550000000000000308e-03	4.519107216282894877e-03	2.163061844675164269e-01
8.559999999999999901e-03	4.909732216282894357e-03	2.285132157175164269e-01
8.569999999999999493e-03	4.567935341282894704e-03	2.211889969675164269e-01
8.580000000000000820e-03	4.909732216282894357e-03	2.321753250925164269e-01
8.590000000000000413e-03	4.616763466282894531e-03	2.248511063425164269e-01
8.600000000000000006e-03	4.958560341282895051e-03	2.358374344675164269e-01
8.609999999999999598e-03	4.616763466282894531e-03	2.285132157175164269e-01
8.619999999999999191e-03	5.007388466282894877e-03	2.407202469675164269e-01
8.630000000000000518e-03	4.665591591282894357e-03	2.333960282175164269e-01
8.640000000000000110e-03	5.056216591282894704e-03	2.443823563425164269e-01
8.649999999999999703e-03	4.714419716282895051e-03	2.370581375925164269e-01
8.659999999999999296e-03	5.105044716282894531e-03	2.480444657175164269e-01
8.670000000000000623e-03	4.763247841282894877e-03	2.407202469675164269e-01
8.680000000000000215e-03	5.105044716282894531e-03	2.529272782175164269e-01
8.689999999999999808e-03	4.812075966282894704e-03	2.443823563425164269e-01
8.699999999999999400e-03	5.202700966282895051e-03	2.565893875925164269e-01
8.710000000000000728e-03	4.860904091282894531e-03	2.492651688425164269e-01
8.720000000000000320e-03	5.251529091282894877e-03	2.602514969675164269e-01
8.729999999999999913e-03	4.909732216282894357e-03	2.529272782175164269e-01
8.739999999999999505e-03	5.300357216282894704e-03	2.639136063425164269e-01
8.750000000000000833e-03	5.007388466282894877e-03	2.565893875925164269e-01
8.760000000000000425e-03	5.398013466282894357e-03	2.687964188425164269e-01
8.770000000000000018e-03	5.056216591282894704e-03	2.614722000925164269e-01
8.779999999999999610e-03	5.495669716282894877e-03	2.712378250925164269e-01
8.789999999999999203e-03	5.153872841282894357e-03	2.651343094675164269e-01
8.800000000000000530e-03	5.593325966282894531e-03	2.748999344675164269e-01
8.810000000000000123e-03	5.251529091282894877e-03	2.687964188425164269e-01
8.819999999999999715e-03	5.690982216282895051e-03	2.797827469675164269e-01
8.829999999999999308e-03	5.349185341282894531e-03	2.724585282175164269e-01
8.840000000000000635e-03	5.788638466282894704e-03	2.834448563425164269e-01
8.850000000000000228e-03	5.446841591282895051e-03	2.761206375925164269e-01
8.859999999999999820e-03	5.935122841282895051e-03	2.883276688425164269e-01
8.869999999999999413e-03	5.593325966282894531e-03	2.797827469675164269e-01
8.880000000000000740e-03	6.032779091282894704e-03	2.919897782175164269e-01
8.890000000000000333e-03	5.690982216282895051e-03	2.846655594675164269e-01
8.899999999999999925e-03	6.179263466282895051e-03	2.956518875925164269e-01
8.909999999999999518e-03	5.837466591282894531e-03	2.883276688425164269e-01
8.920000000000000845e-03	6.325747841282894531e-03	2.993139969675164269e-01
8.930000000000000437e-03	5.983950966282894877e-03	2.919897782175164269e-01
8.940000000000000030e-03	6.472232216282894877e-03	3.041968094675164269e-01
8.949999999999999623e-03	6.130435341282894357e-03	2.968725907175164269e-01
8.959999999999999215e-03	6.618716591282894357e-03	3.078589188425164269e-01
8.970000000000000542e-03	6.276919716282894704e-03	3.005347000925164269e-01
8.980000000000000135e-03	6.765200966282894704e-03	3.115210282175164269e-01
8.989999999999999727e-03	6.423404091282895051e-03	3.041968094675164269e-01
8.999999999999999320e-03	6.960513466282894877e-03	3.151831375925163714e-01
9.010000000000000647e-03	6.569888466282894531e-03	3.090796219675164269e-01
9.020000000000000240e-03	7.106997841282894357e-03	3.200659500925163714e-01
9.029999999999999832e-03	6.765200966282894704e-03	3.127417313425163714e-01
9.039999999999999425e-03	7.302310341282894531e-03	3.237280594675163714e-01
9.050000000000000752e-03	6.960513466282894877e-03	3.164038407175163714e-01
9.060000000000000345e-03	7.497622841282894704e-03	3.273901688425163714e-01
9.069999999999999937e-03	7.106997841282894357e-03	3.200659500925163714e-01
9.079999999999999530e-03	7.692935341282894877e-03	3.322729813425163714e-01
9.090000000000000857e-03	7.351138466282894357e-03	3.249487625925163714e-01
9.100000000000000450e-03	7.888247841282895051e-03	3.359350907175163714e-01
9.110000000000000042e-03	7.546450966282894531e-03	3.286108719675163714e-01
9.119999999999999635e-03	8.132388466282895051e-03	3.395972000925163714e-01
9.129999999999999227e-03	7.741763466282894704e-03	3.322729813425163714e-01
9.140000000000000555e-03	8.376529091282895051e-03	3.432593094675163714e-01
9.150000000000000147e-03	7.985904091282894704e-03	3.371557938425163714e-01
9.159999999999999740e-03	8.620669716282895051e-03	3.481421219675163714e-01
9.169999999999999332e-03	8.230044716282894704e-03	3.408179032175163714e-01
9.180000000000000659e-03	8.864810341282895051e-03	3.518042313425163714e-01
9.190000000000000252e-03	8.474185341282894704e-03	3.444800125925163714e-01
9.199999999999999845e-03	9.108950966282895051e-03	3.554663407175163714e-01
9.209999999999999437e-03	8.718325966282894704e-03	3.481421219675163714e-01
9.220000000000000764e-03	9.304263466282894357e-03	3.591284500925163714e-01
9.230000000000000357e-03	8.962466591282894704e-03	3.530249344675163714e-01
9.239999999999999949e-03	9.548404091282894357e-03	3.640112625925163714e-01
9.249999999999999542e-03	9.157779091282894010e-03	3.566870438425163714e-01
9.259999999999999135e-03	9.792544716282894357e-03	3.676733719675163714e-01
9.270000000000000462e-03	9.401919716282895745e-03	3.603491532175163714e-01
9.280000000000000054e-03	1.003668534128289436e-02	3.725561844675163714e-01
9.289999999999999647e-03	9.646060341282895745e-03	3.652319657175163714e-01
9.299999999999999239e-03	1.023199784128289540e-02	3.762182938425163714e-01
9.310000000000000567e-03	9.841372841282895051e-03	3.688940750925163714e-01
9.320000000000000159e-03	1.047613846628289540e-02	3.798804032175163714e-01
9.329999999999999752e-03	1.008551346628289505e-02	3.725561844675163714e-01
9.339999999999999344e-03	1.067145096628289470e-02	3.835425125925163714e-01
9.350000000000000672e-03	1.028082596628289436e-02	3.774389969675163714e-01
9.360000000000000264e-03	1.086676346628289574e-02	3.884253250925163714e-01
9.369999999999999857e-03	1.052496659128289436e-02	3.798804032175163714e-01
9.379999999999999449e-03	1.111090409128289574e-02	3.920874344675163714e-01
9.390000000000000777e-03	1.072027909128289540e-02	3.847632157175163714e-01
9.400000000000000369e-03	1.130621659128289505e-02	3.957495438425163714e-01
9.409999999999999962e-03	1.091559159128289470e-02	3.884253250925163714e-01
9.419999999999999554e-03	1.150152909128289436e-02	3.994116532175163714e-01
9.429999999999999147e-03	1.111090409128289574e-02	3.920874344675163714e-01
9.440000000000000474e-03	1.169684159128289540e-02	4.042944657175163714e-01
9.450000000000000067e-03	1.130621659128289505e-02	3.969702469675163714e-01
9.459999999999999659e-03	1.189215409128289470e-02	4.079565750925163714e-01
9.469999999999999252e-03	1.155035721628289505e-02	4.006323563425163714e-01
9.480000000000000579e-03	1.213629471628289470e-02	4.116186844675163714e-01
9.490000000000000172e-03	1.174566971628289436e-02	4.055151688425163714e-01
9.499999999999999764e-03	1.233160721628289574e-02	4.165014969675163714e-01
9.509999999999999357e-03	1.194098221628289540e-02	4.091772782175163714e-01
9.520000000000000684e-03	1.257574784128289574e-02	4.201636063425163714e-01
9.530000000000000276e-03	1.218512284128289540e-02	4.128393875925163714e-01
9.539999999999999869e-03	1.277106034128289505e-02	4.238257157175163714e-01
9.549999999999999462e-03	1.242926346628289540e-02	4.165014969675163714e-01
9.560000000000000789e-03	1.301520096628289505e-02	4.274878250925163714e-01
9.570000000000000381e-03	1.262457596628289470e-02	4.201636063425163714e-01
9.579999999999999974e-03	1.325934159128289505e-02	4.323706375925163714e-01
9.589999999999999566e-03	1.286871659128289470e-02	4.250464188425163714e-01
9.599999999999999159e-03	1.350348221628289505e-02	4.360327469675163714e-01
9.610000000000000486e-03	1.311285721628289470e-02	4.287085282175163714e-01
9.620000000000000079e-03	1.374762284128289505e-02	4.396948563425163714e-01
9.629999999999999671e-03	1.335699784128289470e-02	4.323706375925163714e-01
9.639999999999999264e-03	1.399176346628289505e-02	4.433569657175163714e-01
9.650000000000000591e-03	1.360113846628289470e-02	4.372534500925163714e-01
9.660000000000000184e-03	1.423590409128289505e-02	4.482397782175163714e-01
9.669999999999999776e-03	1.384527909128289470e-02	4.409155594675163714e-01
9.679999999999999369e-03	1.448004471628289505e-02	4.519018875925163714e-01
9.690000000000000696e-03	1.408941971628289470e-02	4.445776688425163714e-01
9.700000000000000289e-03	1.472418534128289505e-02	4.555639969675163714e-01
9.709999999999999881e-03	1.433356034128289470e-02	4.482397782175163714e-01
9.719999999999999474e-03	1.496832596628289505e-02	4.592261063425163714e-01
9.730000000000000801e-03	1.457770096628289470e-02	4.519018875925163714e-01
9.740000000000000394e-03	1.521246659128289505e-02	4.628882157175163714e-01
9.749999999999999986e-03	1.482184159128289470e-02	4.567847000925163714e-01
9.759999999999999579e-03	1.545660721628289505e-02	4.677710282175163714e-01
9.769999999999999171e-03	1.506598221628289470e-02	4.604468094675163714e-01
9.780000000000000498e-03	1.570074784128289505e-02	4.714331375925163714e-01
9.790000000000000091e-03	1.531012284128289470e-02	4.641089188425163714e-01
9.799999999999999684e-03	1.599371659128289574e-02	4.750952469675163714e-01
9.809999999999999276e-03	1.555426346628289470e-02	4.689917313425163714e-01
9.820000000000000603e-03	1.623785721628289574e-02	4.799780594675163714e-01
9.830000000000000196e-03	1.584723221628289366e-02	4.726538407175163714e-01
9.839999999999999789e-03	1.648199784128289574e-02	4.836401688425163714e-01
9.849999999999999381e-03	1.609137284128289366e-02	4.763159500925163714e-01
9.860000000000000708e-03	1.672613846628289574e-02	4.873022782175163714e-01
9.870000000000000301e-03	1.633551346628289366e-02	4.799780594675163714e-01
9.879999999999999893e-03	1.697027909128289574e-02	4.909643875925163714e-01
9.889999999999999486e-03	1.657965409128289366e-02	4.848608719675163714e-01
9.900000000000000813e-03	1.726324784128289644e-02	4.958472000925163714e-01
9.910000000000000406e-03	1.687262284128289436e-02	4.885229813425163714e-01
9.919999999999999998e-03	1.755621659128289366e-02	4.995093094675163714e-01
9.929999999999999591e-03	1.716559159128289505e-02	4.921850907175163714e-01
9.939999999999999183e-03	1.784918534128289436e-02	5.031714188425163714e-01
9.950000000000000511e-03	1.745856034128289574e-02	4.958472000925163714e-01
9.960000000000000103e-03	1.814215409128289505e-02	5.068335282175163714e-01
9.969999999999999696e-03	1.775152909128289644e-02	4.995093094675163714e-01
9.979999999999999288e-03	1.843512284128289574e-02	5.104956375925163714e-01
9.990000000000000616e-03	1.804449784128289366e-02	5.043921219675163714e-01
1.000000000000000021e-02	1.877691971628289713e-02	5.153784500925163714e-01
1.000999999999999980e-02	1.833746659128289436e-02	5.080542313425163714e-01
1.001999999999999939e-02	1.906988846628289436e-02	5.190405594675163714e-01
1.003000000000000072e-02	1.867926346628289574e-02	5.117163407175163714e-01
1.004000000000000031e-02	1.941168534128289574e-02	5.227026688425163714e-01
1.004999999999999991e-02	1.897223221628289644e-02	5.153784500925163714e-01
1.005999999999999950e-02	1.975348221628289713e-02	5.263647782175163714e-01
1.007000000000000083e-02	1.931402909128289436e-02	5.190405594675163714e-01
1.008000000000000042e-02	2.009527909128289505e-02	5.300268875925163714e-01
1.009000000000000001e-02	1.965582596628289574e-02	5.239233719675163714e-01
1.009999999999999960e-02	2.043707596628289644e-02	5.349097000925163714e-01
1.010999999999999920e-02	1.999762284128289713e-02	5.275854813425163714e-01
1.012000000000000052e-02	2.077887284128289436e-02	5.385718094675163714e-01
1.013000000000000012e-02	2.033941971628289505e-02	5.312475907175163714e-01
1.013999999999999971e-02	2.112066971628289574e-02	5.422339188425163714e-01
1.014999999999999930e-02	2.068121659128289644e-02	5.349097000925163714e-01
1.016000000000000063e-02	2.146246659128289713e-02	5.471167313425163714e-01
1.017000000000000022e-02	2.102301346628289436e-02	5.385718094675163714e-01
1.017999999999999981e-02	2.175543534128289436e-02	5.507788407175163714e-01
1.018999999999999941e-02	2.131598221628289505e-02	5.434546219675163714e-01
1.020000000000000073e-02	2.209723221628289574e-02	5.544409500925163714e-01
1.021000000000000033e-02	2.165777909128289644e-02	5.471167313425163714e-01
1.021999999999999992e-02	2.239020096628289644e-02	5.581030594675163714e-01
1.022999999999999951e-02	2.199957596628289436e-02	5.507788407175163714e-01
1.024000000000000084e-02	2.268316971628289713e-02	5.617651688425163714e-01
1.025000000000000043e-02	2.229254471628289505e-02	5.544409500925163714e-01
1.026000000000000002e-02	2.297613846628289436e-02	5.666479813425163714e-01
1.026999999999999962e-02	2.258551346628289574e-02	5.593237625925163714e-01
1.027999999999999921e-02	2.326910721628289505e-02	5.703100907175163714e-01
1.029000000000000054e-02	2.287848221628289644e-02	5.629858719675163714e-01
1.030000000000000013e-02	2.356207596628289574e-02	5.739722000925163714e-01
1.030999999999999972e-02	2.317145096628289713e-02	5.666479813425163714e-01
1.031999999999999931e-02	2.385504471628289644e-02	5.776343094675163714e-01
1.033000000000000064e-02	2.346441971628289436e-02	5.703100907175163714e-01
1.034000000000000023e-02	2.409918534128289644e-02	5.812964188425163714e-01
1.034999999999999983e-02	2.370856034128289436e-02	5.739722000925163714e-01
1.035999999999999942e-02	2.439215409128289713e-02	5.861792313425163714e-01
1.037000000000000074e-02	2.400152909128289505e-02	5.788550125925163714e-01
1.038000000000000034e-02	2.463629471628289713e-02	5.898413407175163714e-01
1.038999999999999993e-02	2.424566971628289505e-02	5.825171219675163714e-01
1.039999999999999952e-02	2.488043534128289713e-02	5.935034500925163714e-01
1.041000000000000085e-02	2.448981034128289505e-02	5.861792313425163714e-01
1.042000000000000044e-02	2.512457596628289713e-02	5.971655594675163714e-01
1.043000000000000003e-02	2.473395096628289505e-02	5.898413407175163714e-01
1.043999999999999963e-02	2.536871659128289713e-02	6.020483719675163714e-01
1.044999999999999922e-02	2.497809159128289505e-02	5.947241532175163714e-01
1.046000000000000055e-02	2.561285721628289713e-02	6.057104813425163714e-01
1.047000000000000014e-02	2.522223221628289852e-02	5.983862625925163714e-01
1.047999999999999973e-02	2.580816971628289991e-02	6.093725907175163714e-01
1.048999999999999932e-02	2.546637284128289852e-02	6.020483719675163714e-01
1.050000000000000065e-02	2.605231034128289991e-02	6.130347000925163714e-01
1.051000000000000024e-02	2.571051346628289852e-02	6.057104813425163714e-01
1.051999999999999984e-02	2.629645096628289991e-02	6.166968094675163714e-01
1.052999999999999943e-02	2.590582596628289783e-02	6.105932938425163714e-01
1.054000000000000076e-02	2.649176346628289921e-02	6.203589188425163714e-01
1.055000000000000035e-02	2.614996659128289783e-02	6.142554032175163714e-01
1.055999999999999994e-02	2.673590409128289921e-02	6.252417313425163714e-01
1.056999999999999953e-02	2.634527909128289713e-02	6.179175125925163714e-01
1.058000000000000086e-02	2.693121659128289852e-02	6.289038407175163714e-01
1.059000000000000045e-02	2.654059159128289991e-02	6.215796219675163714e-01
1.060000000000000005e-02	2.712652909128289783e-02	6.325659500925163714e-01
1.060999999999999964e-02	2.673590409128289921e-02	6.252417313425163714e-01
1.061999999999999923e-02	2.732184159128289713e-02	6.362280594675163714e-01
1.063000000000000056e-02	2.698004471628289921e-02	6.301245438425163714e-01
1.064000000000000015e-02	2.751715409128289991e-02	6.411108719675163714e-01
1.064999999999999974e-02	2.717535721628289852e-02	6.337866532175163714e-01
1.065999999999999934e-02	2.771246659128289921e-02	6.447729813425163714e-01
1.067000000000000066e-02	2.737066971628289783e-02	6.374487625925163714e-01
1.068000000000000026e-02	2.790777909128289852e-02	6.484350907175163714e-01
1.068999999999999985e-02	2.756598221628289713e-02	6.411108719675163714e-01
1.069999999999999944e-02	2.815191971628289852e-02	6.520972000925163714e-01
1.071000000000000077e-02	2.776129471628289991e-02	6.447729813425163714e-01
1.072000000000000036e-02	2.829840409128289713e-02	6.557593094675163714e-01
1.072999999999999995e-02	2.795660721628289921e-02	6.484350907175163714e-01
1.073999999999999955e-02	2.849371659128289991e-02	6.594214188425163714e-01
1.074999999999999914e-02	2.810309159128289783e-02	6.533179032175163714e-01
1.076000000000000047e-02	2.864020096628289852e-02	6.643042313425163714e-01
1.077000000000000006e-02	2.829840409128289713e-02	6.569800125925163714e-01
1.077999999999999965e-02	2.883551346628289783e-02	6.679663407175163714e-01
1.078999999999999924e-02	2.849371659128289991e-02	6.606421219675163714e-01
1.080000000000000057e-02	2.903082596628289713e-02	6.716284500925163714e-01
1.081000000000000016e-02	2.864020096628289852e-02	6.643042313425163714e-01
1.081999999999999976e-02	2.917731034128289921e-02	6.752905594675163714e-01
1.082999999999999935e-02	2.883551346628289783e-02	6.691870438425163714e-01
1.084000000000000068e-02	2.937262284128289852e-02	6.801733719675163714e-01
1.085000000000000027e-02	2.903082596628289713e-02	6.728491532175163714e-01
1.085999999999999986e-02	2.956793534128289783e-02	6.838354813425163714e-01
1.086999999999999945e-02	2.922613846628289991e-02	6.765112625925163714e-01
1.088000000000000078e-02	2.976324784128289713e-02	6.874975907175163714e-01
1.089000000000000037e-02	2.937262284128289852e-02	6.801733719675163714e-01
1.089999999999999997e-02	2.990973221628289921e-02	6.911597000925163714e-01
1.090999999999999956e-02	2.956793534128289783e-02	6.838354813425163714e-01
1.091999999999999915e-02	3.010504471628289852e-02	6.948218094675163714e-01
1.093000000000000048e-02	2.971441971628289991e-02	6.874975907175163714e-01
1.094000000000000007e-02	3.025152909128289713e-02	6.984839188425163714e-01
1.094999999999999966e-02	2.990973221628289921e-02	6.923804032175163714e-01
1.095999999999999926e-02	3.044684159128289991e-02	7.021460282175163714e-01
1.097000000000000058e-02	3.005621659128289783e-02	6.960425125925163714e-01
1.098000000000000018e-02	3.064215409128289921e-02	7.070288407175163714e-01
1.098999999999999977e-02	3.025152909128289713e-02	6.997046219675163714e-01
1.099999999999999936e-02	3.083746659128289852e-02	7.106909500925163714e-01
1.101000000000000069e-02	3.044684159128289991e-02	7.033667313425163714e-01
1.102000000000000028e-02	3.098395096628289713e-02	7.143530594675163714e-01
1.102999999999999987e-02	3.064215409128289921e-02	7.070288407175163714e-01
1.103999999999999947e-02	3.117926346628289991e-02	7.180151688425163714e-01
1.105000000000000079e-02	3.083746659128289852e-02	7.106909500925163714e-01
1.106000000000000039e-02	3.142340409128289991e-02	7.228979813425163714e-01
1.106999999999999998e-02	3.103277909128289783e-02	7.155737625925163714e-01
1.107999999999999957e-02	3.161871659128289574e-02	7.253393875925163714e-01
1.108999999999999916e-02	3.127691971628290130e-02	7.192358719675163714e-01
1.110000000000000049e-02	3.186285721628289574e-02	7.302222000925163714e-01
1.111000000000000008e-02	3.147223221628289713e-02	7.228979813425163714e-01
1.111999999999999968e-02	3.210699784128289574e-02	7.338843094675163714e-01
1.112999999999999927e-02	3.171637284128289713e-02	7.265600907175163714e-01
1.114000000000000060e-02	3.235113846628289574e-02	7.375464188425163714e-01
1.115000000000000019e-02	3.196051346628289713e-02	7.302222000925163714e-01
1.115999999999999978e-02	3.264410721628289991e-02	7.412085282175163714e-01
1.116999999999999937e-02	3.225348221628290130e-02	7.338843094675163714e-01
1.118000000000000070e-02	3.293707596628289713e-02	7.448706375925163714e-01
1.119000000000000029e-02	3.254645096628289852e-02	7.387671219675163714e-01
1.119999999999999989e-02	3.327887284128289852e-02	7.485327469675163714e-01
1.120999999999999948e-02	3.283941971628289574e-02	7.424292313425163714e-01
1.122000000000000081e-02	3.362066971628289991e-02	7.534155594675163714e-01
1.123000000000000040e-02	3.313238846628289991e-02	7.460913407175163714e-01
1.123999999999999999e-02	3.391363846628289713e-02	7.570776688425163714e-01
1.124999999999999958e-02	3.347418534128290130e-02	7.497534500925163714e-01
1.125999999999999918e-02	3.425543534128289852e-02	7.607397782175163714e-01
1.127000000000000050e-02	3.381598221628289574e-02	7.534155594675163714e-01
1.128000000000000010e-02	3.464606034128289713e-02	7.644018875925163714e-01
1.128999999999999969e-02	3.420660721628290130e-02	7.570776688425163714e-01
1.129999999999999928e-02	3.498785721628289852e-02	7.680639969675163714e-01
1.131000000000000061e-02	3.454840409128289574e-02	7.619604813425163714e-01
1.132000000000000020e-02	3.537848221628289713e-02	7.717261063425163714e-01
1.132999999999999979e-02	3.493902909128290130e-02	7.656225907175163714e-01
1.133999999999999939e-02	3.572027909128289852e-02	7.766089188425163714e-01
1.135000000000000071e-02	3.528082596628289574e-02	7.692847000925163714e-01
1.136000000000000031e-02	3.611090409128289713e-02	7.802710282175163714e-01
1.136999999999999990e-02	3.567145096628290130e-02	7.729468094675163714e-01
1.137999999999999949e-02	3.650152909128289574e-02	7.839331375925163714e-01
1.139000000000000082e-02	3.601324784128289574e-02	7.766089188425163714e-01
1.140000000000000041e-02	3.689215409128290130e-02	7.875952469675163714e-01
1.141000000000000000e-02	3.640387284128290130e-02	7.802710282175163714e-01
1.141999999999999960e-02	3.723395096628289574e-02	7.912573563425163714e-01
1.142999999999999919e-02	3.679449784128289991e-02	7.839331375925163714e-01
1.144000000000000052e-02	3.762457596628290130e-02	7.949194657175163714e-01
1.145000000000000011e-02	3.718512284128289852e-02	7.888159500925163714e-01
1.145999999999999970e-02	3.801520096628289991e-02	7.998022782175163714e-01
1.146999999999999929e-02	3.757574784128289713e-02	7.924780594675163714e-01
1.148000000000000062e-02	3.840582596628289852e-02	8.034643875925163714e-01
1.149000000000000021e-02	3.796637284128290268e-02	7.961401688425163714e-01
1.149999999999999981e-02	3.879645096628289713e-02	8.071264969675163714e-01
1.150999999999999940e-02	3.830816971628289713e-02	7.998022782175163714e-01
1.152000000000000073e-02	3.918707596628290268e-02	8.107886063425163714e-01
1.153000000000000032e-02	3.869879471628290268e-02	8.034643875925163714e-01
1.153999999999999991e-02	3.957770096628290130e-02	8.144507157175163714e-01
1.154999999999999950e-02	3.908941971628290130e-02	8.071264969675163714e-01
1.156000000000000083e-02	3.996832596628289991e-02	8.181128250925163714e-01
1.157000000000000042e-02	3.952887284128289713e-02	8.107886063425163714e-01
1.158000000000000002e-02	4.035895096628289852e-02	8.217749344675163714e-01
1.158999999999999961e-02	3.991949784128290268e-02	8.156714188425163714e-01
1.159999999999999920e-02	4.079840409128290130e-02	8.254370438425163714e-01
1.161000000000000053e-02	4.031012284128290130e-02	8.193335282175163714e-01
1.162000000000000012e-02	4.118902909128289991e-02	8.303198563425163714e-01
1.162999999999999971e-02	4.070074784128289991e-02	8.229956375925163714e-01
1.163999999999999931e-02	4.162848221628290268e-02	8.339819657175163714e-01
1.165000000000000063e-02	4.114020096628290268e-02	8.266577469675163714e-01
1.166000000000000023e-02	4.201910721628290130e-02	8.376440750925163714e-01
1.166999999999999982e-02	4.153082596628290130e-02	8.303198563425163714e-01
1.167999999999999941e-02	4.240973221628289991e-02	8.413061844675163714e-01
1.169000000000000074e-02	4.192145096628289991e-02	8.339819657175163714e-01
1.170000000000000033e-02	4.280035721628289852e-02	8.449682938425163714e-01
1.170999999999999992e-02	4.231207596628289852e-02	8.376440750925163714e-01
1.171999999999999952e-02	4.314215409128289991e-02	8.486304032175163714e-01
1.173000000000000084e-02	4.270270096628289713e-02	8.413061844675163714e-01
1.174000000000000044e-02	4.353277909128289852e-02	8.522925125925163714e-01
1.175000000000000003e-02	4.309332596628290268e-02	8.449682938425163714e-01
1.175999999999999962e-02	4.392340409128289713e-02	8.571753250925163714e-01
1.176999999999999921e-02	4.348395096628290130e-02	8.498511063425163714e-01
1.178000000000000054e-02	4.426520096628289852e-02	8.608374344675163714e-01
1.179000000000000013e-02	4.382574784128290268e-02	8.535132157175163714e-01
1.179999999999999973e-02	4.460699784128289991e-02	8.644995438425163714e-01
1.180999999999999932e-02	4.416754471628289713e-02	8.571753250925163714e-01
1.182000000000000065e-02	4.499762284128289852e-02	8.681616532175163714e-01
1.183000000000000024e-02	4.450934159128289852e-02	8.608374344675163714e-01
1.183999999999999983e-02	4.533941971628289991e-02	8.718237625925163714e-01
1.184999999999999942e-02	4.489996659128289713e-02	8.644995438425163714e-01
1.186000000000000075e-02	4.568121659128290130e-02	8.754858719675163714e-01
1.187000000000000034e-02	4.519293534128290130e-02	8.681616532175163714e-01
1.187999999999999994e-02	4.597418534128289852e-02	8.791479813425163714e-01
1.188999999999999953e-02	4.553473221628290268e-02	8.718237625925163714e-01
1.190000000000000085e-02	4.631598221628289991e-02	8.828100907175163714e-01
1.191000000000000045e-02	4.587652909128289713e-02	8.754858719675163714e-01
1.192000000000000004e-02	4.660895096628289713e-02	8.864722000925163714e-01
1.192999999999999963e-02	4.616949784128290130e-02	8.791479813425163714e-01
1.193999999999999923e-02	4.695074784128289852e-02	8.901343094675163714e-01
1.195000000000000055e-02	4.651129471628290268e-02	8.828100907175163714e-01
1.196000000000000014e-02	4.724371659128290268e-02	8.937964188425163714e-01
1.196999999999999974e-02	4.680426346628289991e-02	8.876929032175163714e-01
1.197999999999999933e-02	4.753668534128289991e-02	8.974585282175163714e-01
1.199000000000000066e-02	4.714606034128290130e-02	8.913550125925163714e-01
1.200000000000000025e-02	4.782965409128289713e-02	9.023413407175163714e-01
1.200999999999999984e-02	4.743902909128289852e-02	8.950171219675163714e-01
1.201999999999999943e-02	4.812262284128290130e-02	9.060034500925163714e-01
1.203000000000000076e-02	4.773199784128290268e-02	8.986792313425163714e-01
1.204000000000000035e-02	4.836676346628290130e-02	9.096655594675163714e-01
1.204999999999999995e-02	4.797613846628290268e-02	9.023413407175163714e-01
1.205999999999999954e-02	4.865973221628289852e-02	9.133276688425163714e-01
1.207000000000000087e-02	4.826910721628289991e-02	9.060034500925163714e-01
1.208000000000000046e-02	4.890387284128289852e-02	9.169897782175163714e-01
1.209000000000000005e-02	4.851324784128289991e-02	9.096655594675163714e-01
1.209999999999999964e-02	4.914801346628289852e-02	9.206518875925163714e-01
1.210999999999999924e-02	4.875738846628289991e-02	9.133276688425163714e-01
1.212000000000000056e-02	4.934332596628290130e-02	9.243139969675163714e-01
1.213000000000000016e-02	4.900152909128289991e-02	9.169897782175163714e-01
1.213999999999999975e-02	4.953863846628289713e-02	9.279761063425163714e-01
1.214999999999999934e-02	4.919684159128290268e-02	9.206518875925163714e-01
1.216000000000000067e-02	4.978277909128289713e-02	9.316382157175163714e-01
1.217000000000000026e-02	4.939215409128289852e-02	9.255347000925163714e-01
1.217999999999999985e-02	4.997809159128289991e-02	9.353003250925163714e-01
1.218999999999999945e-02	4.958746659128290130e-02	9.291968094675163714e-01
1.220000000000000077e-02	5.012457596628289158e-02	9.389624344675163714e-01
1.221000000000000037e-02	4.978277909128289713e-02	9.328589188425163714e-01
1.221999999999999996e-02	5.036871659128289158e-02	9.438452469675163714e-01
1.222999999999999955e-02	4.997809159128289991e-02	9.365210282175163714e-01
1.223999999999999914e-02	5.051520096628289713e-02	9.475073563425163714e-01
1.225000000000000047e-02	5.017340409128289574e-02	9.401831375925163714e-01
1.226000000000000006e-02	5.071051346628289297e-02	9.511694657175163714e-01
1.226999999999999966e-02	5.036871659128289158e-02	9.438452469675163714e-01
1.227999999999999925e-02	5.090582596628289574e-02	9.548315750925163714e-01
1.229000000000000058e-02	5.056402909128289436e-02	9.475073563425163714e-01
1.230000000000000017e-02	5.110113846628289158e-02	9.584936844675163714e-01
1.230999999999999976e-02	5.075934159128289713e-02	9.511694657175163714e-01
1.231999999999999935e-02	5.129645096628289436e-02	9.621557938425163714e-01
1.233000000000000068e-02	5.095465409128289297e-02	9.560522782175163714e-01
1.234000000000000027e-02	5.149176346628289713e-02	9.658179032175163714e-01
1.234999999999999987e-02	5.114996659128289574e-02	9.584936844675163714e-01
1.235999999999999946e-02	5.168707596628289297e-02	9.694800125925163714e-01
1.237000000000000079e-02	5.134527909128289158e-02	9.621557938425163714e-01
1.238000000000000038e-02	5.193121659128289297e-02	9.731421219675163714e-01
1.238999999999999997e-02	5.154059159128289436e-02	9.670386063425163714e-01
1.239999999999999956e-02	5.212652909128289574e-02	9.768042313425163714e-01
1.240999999999999916e-02	5.173590409128289713e-02	9.707007157175163714e-01
1.242000000000000048e-02	5.232184159128289158e-02	9.816870438425163714e-01
1.243000000000000008e-02	5.198004471628289713e-02	9.743628250925163714e-01
1.243999999999999967e-02	5.256598221628289158e-02	9.853491532175163714e-01
1.244999999999999926e-02	5.217535721628289297e-02	9.780249344675163714e-01
1.246000000000000059e-02	5.281012284128289158e-02	9.890112625925163714e-01
1.247000000000000018e-02	5.237066971628289574e-02	9.816870438425163714e-01
1.247999999999999977e-02	5.300543534128289436e-02	9.926733719675163714e-01
1.248999999999999937e-02	5.261481034128289574e-02	9.853491532175163714e-01
1.250000000000000069e-02	5.324957596628289436e-02	9.963354813425163714e-01
1.251000000000000029e-02	5.285895096628289574e-02	9.890112625925163714e-01
1.251999999999999988e-02	5.349371659128289436e-02	9.999975907175163714e-01
1.252999999999999947e-02	5.310309159128289574e-02	9.926733719675163714e-01
1.254000000000000080e-02	5.373785721628289436e-02	1.003659700092516482e+00
1.255000000000000039e-02	5.334723221628289574e-02	9.963354813425163714e-01
1.255999999999999998e-02	5.398199784128289436e-02	1.007321809467516482e+00
1.256999999999999958e-02	5.359137284128289574e-02	9.999975907175163714e-01
1.257999999999999917e-02	5.422613846628289436e-02	1.010983918842516482e+00
1.259000000000000050e-02	5.383551346628289574e-02	1.003659700092516482e+00
1.260000000000000009e-02	5.451910721628289158e-02	1.014646028217516482e+00
1.260999999999999968e-02	5.412848221628289297e-02	1.008542512592516482e+00
1.261999999999999927e-02	5.481207596628289574e-02	1.018308137592516482e+00
1.263000000000000060e-02	5.437262284128289297e-02	1.012204621967516482e+00
1.264000000000000019e-02	5.510504471628289297e-02	1.021970246967516482e+00
1.264999999999999979e-02	5.466559159128289713e-02	1.015866731342516482e+00
1.265999999999999938e-02	5.539801346628289713e-02	1.026853059467516482e+00
1.267000000000000071e-02	5.495856034128289436e-02	1.019528840717516482e+00
1.268000000000000030e-02	5.569098221628289436e-02	1.030515168842516482e+00
1.268999999999999989e-02	5.525152909128289158e-02	1.023190950092516482e+00
1.269999999999999948e-02	5.598395096628289158e-02	1.034177278217516482e+00
1.271000000000000081e-02	5.554449784128289574e-02	1.026853059467516482e+00
1.272000000000000040e-02	5.632574784128289297e-02	1.037839387592516482e+00
1.273000000000000000e-02	5.588629471628289713e-02	1.030515168842516482e+00
1.273999999999999959e-02	5.661871659128289713e-02	1.041501496967516482e+00
1.274999999999999918e-02	5.617926346628289436e-02	1.034177278217516482e+00
1.276000000000000051e-02	5.696051346628289158e-02	1.045163606342516482e+00
1.277000000000000010e-02	5.652106034128289574e-02	1.037839387592516482e+00
1.277999999999999969e-02	5.730231034128289297e-02	1.048825715717516482e+00
1.278999999999999929e-02	5.686285721628289713e-02	1.041501496967516482e+00
1.280000000000000061e-02	5.764410721628289436e-02	1.052487825092516482e+00
1.281000000000000021e-02	5.720465409128289158e-02	1.045163606342516482e+00
1.281999999999999980e-02	5.798590409128289574e-02	1.056149934467516482e+00
1.282999999999999939e-02	5.754645096628289297e-02	1.048825715717516482e+00
1.284000000000000072e-02	5.832770096628289713e-02	1.059812043842516482e+00
1.285000000000000031e-02	5.788824784128289436e-02	1.052487825092516482e+00
1.285999999999999990e-02	5.866949784128289158e-02	1.063474153217516482e+00
1.286999999999999950e-02	5.823004471628289574e-02	1.057370637592516482e+00
1.288000000000000082e-02	5.901129471628289297e-02	1.067136262592516482e+00
1.289000000000000042e-02	5.857184159128289713e-02	1.061032746967516482e+00
1.290000000000000001e-02	5.935309159128289436e-02	1.070798371967516482e+00
1.290999999999999960e-02	5.891363846628289158e-02	1.064694856342516482e+00
1.291999999999999919e-02	5.969488846628289574e-02	1.075681184467516482e+00
1.293000000000000052e-02	5.925543534128289297e-02	1.068356965717516482e+00
1.294000000000000011e-02	6.003668534128289713e-02	1.079343293842516482e+00
1.294999999999999971e-02	5.959723221628289436e-02	1.072019075092516482e+00
1.295999999999999930e-02	6.042731034128289574e-02	1.083005403217516482e+00
1.297000000000000063e-02	5.993902909128289574e-02	1.075681184467516482e+00
1.298000000000000022e-02	6.076910721628289713e-02	1.086667512592516482e+00
1.298999999999999981e-02	6.032965409128289436e-02	1.079343293842516482e+00
1.299999999999999940e-02	6.111090409128289158e-02	1.090329621967516482e+00
1.301000000000000073e-02	6.067145096628289574e-02	1.083005403217516482e+00
1.302000000000000032e-02	6.150152909128289713e-02	1.093991731342516482e+00
1.302999999999999992e-02	6.101324784128289713e-02	1.086667512592516482e+00
1.303999999999999951e-02	6.184332596628289158e-02	1.097653840717516482e+00
1.305000000000000084e-02	6.140387284128289574e-02	1.090329621967516482e+00
1.306000000000000043e-02	6.223395096628289713e-02	1.101315950092516482e+00
1.307000000000000002e-02	6.174566971628289713e-02	1.093991731342516482e+00
1.307999999999999961e-02	6.257574784128289158e-02	1.104978059467516482e+00
1.308999999999999921e-02	6.213629471628289574e-02	1.097653840717516482e+00
1.310000000000000053e-02	6.296637284128289713e-02	1.108640168842516482e+00
1.311000000000000013e-02	6.252691971628289436e-02	1.101315950092516482e+00
1.311999999999999972e-02	6.335699784128288881e-02	1.112302278217516482e+00
1.312999999999999931e-02	6.286871659128288881e-02	1.104978059467516482e+00
1.314000000000000064e-02	6.374762284128289436e-02	1.115964387592516482e+00
1.315000000000000023e-02	6.325934159128289436e-02	1.108640168842516482e+00
1.315999999999999982e-02	6.413824784128289991e-02	1.119626496967516482e+00
1.316999999999999942e-02	6.364996659128289991e-02	1.112302278217516482e+00
1.318000000000000074e-02	6.452887284128289158e-02	1.123288606342516482e+00
1.319000000000000034e-02	6.404059159128289158e-02	1.115964387592516482e+00
1.319999999999999993e-02	6.491949784128289713e-02	1.126950715717516482e+00
1.320999999999999952e-02	6.443121659128289713e-02	1.119626496967516482e+00
1.322000000000000085e-02	6.526129471628289158e-02	1.130612825092516482e+00
1.323000000000000044e-02	6.482184159128288881e-02	1.124509309467516482e+00
1.324000000000000003e-02	6.565191971628289713e-02	1.134274934467516482e+00
1.324999999999999963e-02	6.521246659128289436e-02	1.128171418842516482e+00
1.325999999999999922e-02	6.604254471628288881e-02	1.137937043842516482e+00
1.327000000000000055e-02	6.560309159128289991e-02	1.131833528217516482e+00
1.328000000000000014e-02	6.643316971628289436e-02	1.141599153217516482e+00
1.328999999999999973e-02	6.594488846628289436e-02	1.135495637592516482e+00
1.329999999999999932e-02	6.677496659128288881e-02	1.145261262592516482e+00
1.331000000000000065e-02	6.633551346628289991e-02	1.139157746967516482e+00
1.332000000000000024e-02	6.711676346628289713e-02	1.148923371967516482e+00
1.332999999999999984e-02	6.667731034128289436e-02	1.142819856342516482e+00
1.333999999999999943e-02	6.745856034128289158e-02	1.152585481342516482e+00
1.335000000000000075e-02	6.706793534128289991e-02	1.145261262592516482e+00
1.336000000000000035e-02	6.784918534128289713e-02	1.156247590717516482e+00
1.336999999999999994e-02	6.740973221628289436e-02	1.150144075092516482e+00
1.337999999999999953e-02	6.819098221628289158e-02	1.159909700092516482e+00
1.339000000000000086e-02	6.775152909128288881e-02	1.153806184467516482e+00
1.340000000000000045e-02	6.853277909128289991e-02	1.163571809467516482e+00
1.341000000000000004e-02	6.809332596628289713e-02	1.157468293842516482e+00
1.341999999999999964e-02	6.887457596628289436e-02	1.167233918842516482e+00
1.342999999999999923e-02	6.838629471628289436e-02	1.161130403217516482e+00
1.344000000000000056e-02	6.916754471628289158e-02	1.172116731342516482e+00
1.345000000000000015e-02	6.872809159128288881e-02	1.164792512592516482e+00
1.345999999999999974e-02	6.950934159128289991e-02	1.174558137592516482e+00
1.346999999999999933e-02	6.906988846628289713e-02	1.168454621967516482e+00
1.348000000000000066e-02	6.985113846628289436e-02	1.179440950092516482e+00
1.349000000000000025e-02	6.941168534128289158e-02	1.172116731342516482e+00
1.349999999999999985e-02	7.019293534128288881e-02	1.183103059467516482e+00
1.350999999999999944e-02	6.975348221628289991e-02	1.175778840717516482e+00
1.352000000000000077e-02	7.048590409128289991e-02	1.186765168842516482e+00
1.353000000000000036e-02	7.004645096628289713e-02	1.179440950092516482e+00
1.353999999999999995e-02	7.082770096628289436e-02	1.190427278217516482e+00
1.354999999999999954e-02	7.038824784128289158e-02	1.183103059467516482e+00
1.355999999999999914e-02	7.121832596628289991e-02	1.194089387592516482e+00
1.357000000000000046e-02	7.073004471628289991e-02	1.186765168842516482e+00
1.358000000000000006e-02	7.156012284128289436e-02	1.197751496967516482e+00
1.358999999999999965e-02	7.112066971628289158e-02	1.190427278217516482e+00
1.359999999999999924e-02	7.190191971628288881e-02	1.201413606342516482e+00
1.361000000000000057e-02	7.141363846628288881e-02	1.194089387592516482e+00
1.362000000000000016e-02	7.224371659128289713e-02	1.205075715717516482e+00
1.362999999999999975e-02	7.180426346628289436e-02	1.197751496967516482e+00
1.363999999999999935e-02	7.258551346628289158e-02	1.208737825092516482e+00
1.365000000000000067e-02	7.214606034128288881e-02	1.201413606342516482e+00
1.366000000000000027e-02	7.297613846628289713e-02	1.211179231342516482e+00
1.366999999999999986e-02	7.248785721628289713e-02	1.205075715717516482e+00
1.367999999999999945e-02	7.331793534128289158e-02	1.216062043842516482e+00
1.369000000000000078e-02	7.282965409128289158e-02	1.208737825092516482e+00
1.370000000000000037e-02	7.365973221628289991e-02	1.219724153217516482e+00
1.370999999999999996e-02	7.322027909128289713e-02	1.212399934467516482e+00
1.371999999999999956e-02	7.405035721628289158e-02	1.223386262592516482e+00
1.372999999999999915e-02	7.356207596628289158e-02	1.216062043842516482e+00
1.374000000000000048e-02	7.439215409128289991e-02	1.227048371967516482e+00
1.375000000000000007e-02	7.395270096628289713e-02	1.219724153217516482e+00
1.375999999999999966e-02	7.473395096628289436e-02	1.230710481342516482e+00
1.376999999999999925e-02	7.429449784128289158e-02	1.223386262592516482e+00
1.378000000000000058e-02	7.507574784128290268e-02	1.234372590717516482e+00
1.379000000000000017e-02	7.463629471628289991e-02	1.227048371967516482e+00
1.379999999999999977e-02	7.546637284128289436e-02	1.238034700092516482e+00
1.380999999999999936e-02	7.502691971628289158e-02	1.230710481342516482e+00
1.382000000000000069e-02	7.580816971628290268e-02	1.241696809467516482e+00
1.383000000000000028e-02	7.536871659128289991e-02	1.234372590717516482e+00
1.383999999999999987e-02	7.614996659128289713e-02	1.245358918842516482e+00
1.384999999999999946e-02	7.571051346628289436e-02	1.238034700092516482e+00
1.386000000000000079e-02	7.654059159128290268e-02	1.249021028217516482e+00
1.387000000000000038e-02	7.610113846628289991e-02	1.241696809467516482e+00
1.387999999999999998e-02	7.688238846628289713e-02	1.252683137592516482e+00
1.388999999999999957e-02	7.644293534128289436e-02	1.245358918842516482e+00
1.389999999999999916e-02	7.722418534128289158e-02	1.256345246967516482e+00
1.391000000000000049e-02	7.678473221628290268e-02	1.249021028217516482e+00
1.392000000000000008e-02	7.761481034128289713e-02	1.260007356342516482e+00
1.392999999999999967e-02	7.712652909128289713e-02	1.252683137592516482e+00
1.393999999999999927e-02	7.795660721628289158e-02	1.263669465717516482e+00
1.395000000000000059e-02	7.751715409128290268e-02	1.256345246967516482e+00
1.396000000000000019e-02	7.834723221628289713e-02	1.267331575092516482e+00
1.396999999999999978e-02	7.785895096628289713e-02	1.260007356342516482e+00
1.397999999999999937e-02	7.873785721628290268e-02	1.270993684467516482e+00
1.399000000000000070e-02	7.824957596628290268e-02	1.263669465717516482e+00
1.400000000000000029e-02	7.912848221628289436e-02	1.274655793842516482e+00
1.400999999999999988e-02	7.864020096628289436e-02	1.267331575092516482e+00
1.401999999999999948e-02	7.947027909128290268e-02	1.278317903217516482e+00
1.403000000000000080e-02	7.903082596628289991e-02	1.270993684467516482e+00
1.404000000000000040e-02	7.990973221628289158e-02	1.281980012592516482e+00
1.404999999999999999e-02	7.942145096628289158e-02	1.274655793842516482e+00
1.405999999999999958e-02	8.030035721628289713e-02	1.285642121967516482e+00
1.406999999999999917e-02	7.981207596628289713e-02	1.278317903217516482e+00
1.408000000000000050e-02	8.069098221628290268e-02	1.288083528217516482e+00
1.409000000000000009e-02	8.020270096628290268e-02	1.281980012592516482e+00
1.409999999999999969e-02	8.108160721628289436e-02	1.292966340717516482e+00
1.410999999999999928e-02	8.059332596628289436e-02	1.285642121967516482e+00
1.412000000000000061e-02	8.147223221628289991e-02	1.296628450092516482e+00
1.413000000000000020e-02	8.103277909128289713e-02	1.289304231342516482e+00
1.413999999999999979e-02	8.186285721628289158e-02	1.299069856342516482e+00
1.414999999999999938e-02	8.142340409128290268e-02	1.292966340717516482e+00
1.416000000000000071e-02	8.225348221628289713e-02	1.303952668842516482e+00
1.417000000000000030e-02	8.181402909128289436e-02	1.296628450092516482e+00
1.417999999999999990e-02	8.269293534128289991e-02	1.307614778217516482e+00
1.418999999999999949e-02	8.220465409128289991e-02	1.300290559467516482e+00
1.420000000000000082e-02	8.308356034128289158e-02	1.311276887592516482e+00
1.421000000000000041e-02	8.259527909128289158e-02	1.303952668842516482e+00
1.422000000000000000e-02	8.347418534128289713e-02	1.314938996967516482e+00
1.422999999999999959e-02	8.298590409128289713e-02	1.307614778217516482e+00
1.423999999999999919e-02	8.386481034128290268e-02	1.317380403217516482e+00
1.425000000000000051e-02	8.337652909128290268e-02	1.311276887592516482e+00
1.426000000000000011e-02	8.425543534128289436e-02	1.322263215717516482e+00
1.426999999999999970e-02	8.376715409128289436e-02	1.314938996967516482e+00
1.427999999999999929e-02	8.464606034128289991e-02	1.325925325092516482e+00
1.429000000000000062e-02	8.415777909128289991e-02	1.318601106342516482e+00
1.430000000000000021e-02	8.508551346628290268e-02	1.329587434467516482e+00
1.430999999999999980e-02	8.459723221628290268e-02	1.321042512592516482e+00
1.431999999999999940e-02	8.547613846628289436e-02	1.332028840717516482e+00
1.433000000000000072e-02	8.498785721628289436e-02	1.325925325092516482e+00
1.434000000000000032e-02	8.586676346628289991e-02	1.335690950092516482e+00
1.434999999999999991e-02	8.537848221628289991e-02	1.329587434467516482e+00
1.435999999999999950e-02	8.630621659128290268e-02	1.339353059467516482e+00
1.437000000000000083e-02	8.581793534128290268e-02	1.332028840717516482e+00
1.438000000000000042e-02	8.669684159128289436e-02	1.343015168842516482e+00
1.439000000000000001e-02	8.620856034128289436e-02	1.336911653217516482e+00
1.439999999999999961e-02	8.713629471628289713e-02	1.346677278217516482e+00
1.440999999999999920e-02	8.664801346628289713e-02	1.339353059467516482e+00
1.442000000000000053e-02	8.757574784128289991e-02	1.350339387592516482e+00
1.443000000000000012e-02	8.708746659128289991e-02	1.344235871967516482e+00
1.443999999999999971e-02	8.801520096628290268e-02	1.354001496967516482e+00
1.444999999999999930e-02	8.752691971628290268e-02	1.347897981342516482e+00
1.446000000000000063e-02	8.840582596628289436e-02	1.357663606342516482e+00
1.447000000000000022e-02	8.791754471628289436e-02	1.351560090717516482e+00
1.447999999999999982e-02	8.884527909128289713e-02	1.361325715717516482e+00
1.448999999999999941e-02	8.835699784128289713e-02	1.355222200092516482e+00
1.450000000000000074e-02	8.923590409128290268e-02	1.363767121967516482e+00
1.451000000000000033e-02	8.879645096628289991e-02	1.356442903217516482e+00
1.451999999999999992e-02	8.967535721628289158e-02	1.360105012592516482e+00
1.452999999999999951e-02	8.918707596628289158e-02	1.352780793842516482e+00
1.454000000000000084e-02	9.006598221628289713e-02	1.355222200092516482e+00
1.455000000000000043e-02	8.957770096628289713e-02	1.347897981342516482e+00
1.456000000000000003e-02	9.045660721628290268e-02	1.351560090717516482e+00
1.456999999999999962e-02	9.001715409128289991e-02	1.343015168842516482e+00
1.457999999999999921e-02	9.084723221628289436e-02	1.345456575092516482e+00
1.459000000000000054e-02	9.040777909128289158e-02	1.339353059467516482e+00
1.460000000000000013e-02	9.123785721628289991e-02	1.341794465717516482e+00
1.460999999999999972e-02	9.074957596628289991e-02	1.334470246967516482e+00
1.461999999999999932e-02	9.157965409128289436e-02	1.336911653217516482e+00
1.463000000000000064e-02	9.114020096628289158e-02	1.329587434467516482e+00
1.464000000000000024e-02	9.192145096628290268e-02	1.333249543842516482e+00
1.464999999999999983e-02	9.148199784128289991e-02	1.325925325092516482e+00
1.465999999999999942e-02	9.226324784128289713e-02	1.328366731342516482e+00
1.467000000000000075e-02	9.187262284128289158e-02	1.321042512592516482e+00
1.468000000000000034e-02	9.250738846628289713e-02	1.324704621967516482e+00
1.468999999999999993e-02	9.216559159128290268e-02	1.317380403217516482e+00
1.469999999999999953e-02	9.280035721628289436e-02	1.319821809467516482e+00
1.471000000000000085e-02	9.245856034128289991e-02	1.312497590717516482e+00
1.472000000000000045e-02	9.299566971628289713e-02	1.316159700092516482e+00
1.473000000000000004e-02	9.265387284128290268e-02	1.308835481342516482e+00
1.473999999999999963e-02	9.314215409128290268e-02	1.311276887592516482e+00
1.474999999999999922e-02	9.284918534128289158e-02	1.303952668842516482e+00
1.476000000000000055e-02	9.323981034128289713e-02	1.306394075092516482e+00
1.477000000000000014e-02	9.294684159128289991e-02	1.299069856342516482e+00
1.477999999999999974e-02	9.333746659128289158e-02	1.302731965717516482e+00
1.478999999999999933e-02	9.304449784128289436e-02	1.295407746967516482e+00
1.480000000000000066e-02	9.333746659128289158e-02	1.297849153217516482e+00
1.481000000000000025e-02	9.304449784128289436e-02	1.290524934467516482e+00
1.481999999999999984e-02	9.323981034128289713e-02	1.294187043842516482e+00
1.482999999999999943e-02	9.299566971628289713e-02	1.285642121967516482e+00
1.484000000000000076e-02	9.314215409128290268e-02	1.289304231342516482e+00
1.485000000000000035e-02	9.284918534128289158e-02	1.281980012592516482e+00
1.485999999999999995e-02	9.294684159128289991e-02	1.284421418842516482e+00
1.486999999999999954e-02	9.260504471628289158e-02	1.277097200092516482e+00
1.488000000000000086e-02	9.270270096628289991e-02	1.280759309467516482e+00
1.489000000000000046e-02	9.236090409128289158e-02	1.273435090717516482e+00
1.490000000000000005e-02	9.240973221628290268e-02	1.275876496967516482e+00
1.490999999999999964e-02	9.197027909128289991e-02	1.268552278217516482e+00
1.491999999999999924e-02	9.201910721628289713e-02	1.272214387592516482e+00
1.493000000000000056e-02	9.153082596628289713e-02	1.264890168842516482e+00
1.494000000000000015e-02	9.157965409128289436e-02	1.267331575092516482e+00
1.494999999999999975e-02	9.104254471628289713e-02	1.260007356342516482e+00
1.495999999999999934e-02	9.104254471628289713e-02	1.262448762592516482e+00
1.497000000000000067e-02	9.045660721628290268e-02	1.255124543842516482e+00
1.498000000000000026e-02	9.045660721628290268e-02	1.258786653217516482e+00
1.498999999999999985e-02	8.982184159128289713e-02	1.251462434467516482e+00
1.499999999999999944e-02	8.982184159128289713e-02	1.253903840717516482e+00
1.501000000000000077e-02	8.918707596628289158e-02	1.246579621967516482e+00
1.502000000000000036e-02	8.918707596628289158e-02	1.249021028217516482e+00
1.502999999999999996e-02	8.845465409128289158e-02	1.242917512592516482e+00
1.503999999999999955e-02	8.845465409128289158e-02	1.245358918842516482e+00
1.504999999999999914e-02	8.772223221628289158e-02	1.238034700092516482e+00
1.506000000000000047e-02	8.767340409128289436e-02	1.241696809467516482e+00
1.507000000000000006e-02	8.694098221628289436e-02	1.233151887592516482e+00
1.507999999999999965e-02	8.694098221628289436e-02	1.236813996967516482e+00
1.508999999999999925e-02	8.615973221628289713e-02	1.229489778217516482e+00
1.510000000000000057e-02	8.611090409128289991e-02	1.231931184467516482e+00
1.511000000000000017e-02	8.532965409128290268e-02	1.224606965717516482e+00
1.511999999999999976e-02	8.532965409128290268e-02	1.228269075092516482e+00
1.512999999999999935e-02	8.449957596628289436e-02	1.220944856342516482e+00
1.514000000000000068e-02	8.449957596628289436e-02	1.223386262592516482e+00
1.515000000000000027e-02	8.366949784128289991e-02	1.216062043842516482e+00
1.515999999999999986e-02	8.366949784128289991e-02	1.219724153217516482e+00
1.516999999999999946e-02	8.283941971628289158e-02	1.212399934467516482e+00
1.518000000000000078e-02	8.279059159128289436e-02	1.214841340717516482e+00
1.519000000000000038e-02	8.200934159128289713e-02	1.207517121967516482e+00
