time[s]	CH1[V]	CH2[V] (num. of cycles: 1)
0.000000000000000000e+00	-7.180609452097040657e-02	-1.221656397769325775e+00
1.000000000000000082e-05	-7.180609452097040657e-02	-1.221656397769325775e+00
2.000000000000000164e-05	-7.165961014597040102e-02	-1.219214991519325775e+00
3.000000000000000076e-05	-7.205023514597040657e-02	-1.225318507144325775e+00
4.000000000000000327e-05	-7.195257889597039824e-02	-1.222877100894325775e+00
5.000000000000000240e-05	-7.234320389597040379e-02	-1.228980616519325775e+00
6.000000000000000152e-05	-7.219671952097039824e-02	-1.226539210269325775e+00
6.999999999999999387e-05	-7.263617264597040102e-02	-1.233863429019325775e+00
8.000000000000000654e-05	-7.248968827097039547e-02	-1.230201319644325775e+00
9.000000000000000567e-05	-7.292914139597039824e-02	-1.237525538394325775e+00
1.000000000000000048e-04	-7.278265702097040657e-02	-1.233863429019325775e+00
1.100000000000000039e-04	-7.322211014597039547e-02	-1.241187647769325775e+00
1.200000000000000030e-04	-7.307562577097040379e-02	-1.237525538394325775e+00
1.299999999999999886e-04	-7.351507889597040657e-02	-1.244849757144325775e+00
1.399999999999999877e-04	-7.336859452097040102e-02	-1.241187647769325775e+00
1.499999999999999869e-04	-7.380804764597040379e-02	-1.248511866519325775e+00
1.600000000000000131e-04	-7.371039139597039547e-02	-1.244849757144325775e+00
1.700000000000000122e-04	-7.410101639597040102e-02	-1.252173975894325775e+00
1.800000000000000113e-04	-7.400336014597040657e-02	-1.248511866519325775e+00
1.900000000000000105e-04	-7.444281327097039547e-02	-1.255836085269325775e+00
2.000000000000000096e-04	-7.434515702097040102e-02	-1.252173975894325775e+00
2.100000000000000087e-04	-7.473578202097040657e-02	-1.259498194644325775e+00
2.200000000000000078e-04	-7.463812577097039824e-02	-1.255836085269325775e+00
2.300000000000000070e-04	-7.507757889597040102e-02	-1.263160304019325775e+00
2.400000000000000061e-04	-7.497992264597040657e-02	-1.259498194644325775e+00
2.500000000000000052e-04	-7.541937577097040935e-02	-1.266822413394325775e+00
2.599999999999999772e-04	-7.532171952097040102e-02	-1.263160304019325775e+00
2.700000000000000035e-04	-7.571234452097040657e-02	-1.270484522769325775e+00
2.799999999999999755e-04	-7.561468827097039824e-02	-1.266822413394325775e+00
2.900000000000000017e-04	-7.605414139597040102e-02	-1.274146632144325775e+00
2.999999999999999737e-04	-7.595648514597040657e-02	-1.270484522769325775e+00
3.099999999999999999e-04	-7.639593827097040935e-02	-1.277808741519325775e+00
3.200000000000000262e-04	-7.624945389597040379e-02	-1.274146632144325775e+00
3.299999999999999982e-04	-7.668890702097040657e-02	-1.281470850894325775e+00
3.400000000000000244e-04	-7.659125077097039824e-02	-1.277808741519325775e+00
3.499999999999999964e-04	-7.698187577097040379e-02	-1.285132960269325775e+00
3.600000000000000227e-04	-7.688421952097040935e-02	-1.281470850894325775e+00
3.699999999999999947e-04	-7.732367264597039824e-02	-1.288795069644325775e+00
3.800000000000000209e-04	-7.722601639597040379e-02	-1.285132960269325775e+00
3.899999999999999929e-04	-7.761664139597040935e-02	-1.292457179019325775e+00
4.000000000000000192e-04	-7.751898514597040102e-02	-1.288795069644325775e+00
4.099999999999999912e-04	-7.790961014597040657e-02	-1.296119288394325775e+00
4.200000000000000174e-04	-7.781195389597039824e-02	-1.292457179019325775e+00
4.299999999999999894e-04	-7.825140702097040102e-02	-1.299781397769325775e+00
4.400000000000000157e-04	-7.815375077097040657e-02	-1.296119288394325775e+00
4.499999999999999877e-04	-7.854437577097039824e-02	-1.303443507144325775e+00
4.600000000000000139e-04	-7.844671952097040379e-02	-1.299781397769325775e+00
4.699999999999999859e-04	-7.888617264597040657e-02	-1.307105616519325775e+00
4.800000000000000122e-04	-7.873968827097040102e-02	-1.303443507144325775e+00
4.899999999999999842e-04	-7.917914139597040379e-02	-1.310767725894325775e+00
5.000000000000000104e-04	-7.908148514597040935e-02	-1.307105616519325775e+00
5.100000000000000366e-04	-7.952093827097039824e-02	-1.314429835269325775e+00
5.199999999999999544e-04	-7.942328202097040379e-02	-1.310767725894325775e+00
5.299999999999999807e-04	-7.986273514597040657e-02	-1.318091944644325775e+00
5.400000000000000069e-04	-7.971625077097040102e-02	-1.314429835269325775e+00
5.500000000000000331e-04	-8.020453202097040102e-02	-1.321754054019325775e+00
5.599999999999999509e-04	-8.005804764597040935e-02	-1.318091944644325775e+00
5.699999999999999772e-04	-8.054632889597040935e-02	-1.325416163394325775e+00
5.800000000000000034e-04	-8.044867264597040102e-02	-1.321754054019325775e+00
5.900000000000000296e-04	-8.088812577097040379e-02	-1.329078272769325775e+00
5.999999999999999474e-04	-8.079046952097040935e-02	-1.325416163394325775e+00
6.099999999999999737e-04	-8.122992264597039824e-02	-1.332740382144325775e+00
6.199999999999999999e-04	-8.113226639597040379e-02	-1.329078272769325775e+00
6.300000000000000261e-04	-8.157171952097040657e-02	-1.336402491519325775e+00
6.400000000000000524e-04	-8.152289139597040935e-02	-1.332740382144325775e+00
6.499999999999999702e-04	-8.196234452097039824e-02	-1.340064600894325775e+00
6.599999999999999964e-04	-8.186468827097040379e-02	-1.336402491519325775e+00
6.700000000000000226e-04	-8.230414139597040657e-02	-1.343726710269325775e+00
6.800000000000000488e-04	-8.225531327097040935e-02	-1.340064600894325775e+00
6.899999999999999667e-04	-8.269476639597039824e-02	-1.347388819644325775e+00
6.999999999999999929e-04	-8.259711014597040379e-02	-1.343726710269325775e+00
7.100000000000000191e-04	-8.308539139597040379e-02	-1.351050929019325775e+00
7.200000000000000453e-04	-8.298773514597040935e-02	-1.347388819644325775e+00
7.299999999999999632e-04	-8.347601639597040935e-02	-1.354713038394325775e+00
7.399999999999999894e-04	-8.337836014597040102e-02	-1.351050929019325775e+00
7.500000000000000156e-04	-8.386664139597040102e-02	-1.358375147769325775e+00
7.600000000000000418e-04	-8.376898514597040657e-02	-1.354713038394325775e+00
7.699999999999999597e-04	-8.425726639597040657e-02	-1.362037257144325775e+00
7.799999999999999859e-04	-8.415961014597039824e-02	-1.358375147769325775e+00
7.900000000000000121e-04	-8.464789139597039824e-02	-1.365699366519325775e+00
8.000000000000000383e-04	-8.455023514597040379e-02	-1.362037257144325775e+00
8.099999999999999561e-04	-8.503851639597040379e-02	-1.369361475894325775e+00
8.199999999999999824e-04	-8.494086014597040935e-02	-1.365699366519325775e+00
8.300000000000000086e-04	-8.538031327097039824e-02	-1.373023585269325775e+00
8.400000000000000348e-04	-8.533148514597040102e-02	-1.369361475894325775e+00
8.499999999999999526e-04	-8.581976639597040102e-02	-1.375464991519325775e+00
8.599999999999999789e-04	-8.572211014597040657e-02	-1.373023585269325775e+00
8.700000000000000051e-04	-8.621039139597040657e-02	-1.379127100894325775e+00
8.800000000000000313e-04	-8.611273514597039824e-02	-1.376685694644325775e+00
8.899999999999999491e-04	-8.660101639597039824e-02	-1.384009913394325775e+00
8.999999999999999754e-04	-8.650336014597040379e-02	-1.380347804019325775e+00
9.100000000000000016e-04	-8.699164139597040379e-02	-1.387672022769325775e+00
9.200000000000000278e-04	-8.694281327097040657e-02	-1.384009913394325775e+00
9.300000000000000541e-04	-8.743109452097040657e-02	-1.391334132144325775e+00
9.399999999999999719e-04	-8.733343827097039824e-02	-1.387672022769325775e+00
9.499999999999999981e-04	-8.782171952097039824e-02	-1.393775538394325775e+00
9.600000000000000243e-04	-8.772406327097040379e-02	-1.391334132144325775e+00
9.700000000000000505e-04	-8.821234452097040379e-02	-1.397437647769325775e+00
9.799999999999999684e-04	-8.816351639597040657e-02	-1.393775538394325775e+00
9.899999999999999946e-04	-8.865179764597040657e-02	-1.401099757144325775e+00
1.000000000000000021e-03	-8.855414139597039824e-02	-1.391334132144325775e+00
1.010000000000000047e-03	-8.904242264597039824e-02	-1.398658350894325775e+00
1.020000000000000073e-03	-8.899359452097040102e-02	-1.386451319644325775e+00
1.030000000000000100e-03	-8.948187577097040102e-02	-1.393775538394325775e+00
1.039999999999999909e-03	-8.938421952097040657e-02	-1.382789210269325775e+00
1.049999999999999935e-03	-8.982367264597040935e-02	-1.390113429019325775e+00
1.059999999999999961e-03	-8.977484452097039824e-02	-1.377906397769325775e+00
1.069999999999999988e-03	-9.026312577097039824e-02	-1.385230616519325775e+00
1.080000000000000014e-03	-9.016546952097040379e-02	-1.373023585269325775e+00
1.090000000000000040e-03	-9.060492264597040657e-02	-1.380347804019325775e+00
1.100000000000000066e-03	-9.055609452097040935e-02	-1.369361475894325775e+00
1.110000000000000092e-03	-9.099554764597039824e-02	-1.376685694644325775e+00
1.119999999999999902e-03	-9.089789139597040379e-02	-1.364478663394325775e+00
1.129999999999999928e-03	-9.133734452097040657e-02	-1.371802882144325775e+00
1.139999999999999954e-03	-9.123968827097039824e-02	-1.360816554019325775e+00
1.149999999999999981e-03	-9.163031327097040379e-02	-1.368140772769325775e+00
1.160000000000000007e-03	-9.153265702097040935e-02	-1.355933741519325775e+00
1.170000000000000033e-03	-9.192328202097040102e-02	-1.363257960269325775e+00
1.180000000000000059e-03	-9.177679764597040935e-02	-1.352271632144325775e+00
1.190000000000000085e-03	-9.216742264597040102e-02	-1.359595850894325775e+00
1.199999999999999895e-03	-9.202093827097040935e-02	-1.347388819644325775e+00
1.209999999999999921e-03	-9.236273514597040379e-02	-1.354713038394325775e+00
1.219999999999999947e-03	-9.216742264597040102e-02	-1.342506007144325775e+00
1.229999999999999974e-03	-9.250921952097040935e-02	-1.351050929019325775e+00
1.240000000000000000e-03	-9.226507889597040935e-02	-1.338843897769325775e+00
1.250000000000000026e-03	-9.260687577097040379e-02	-1.346168116519325775e+00
1.260000000000000052e-03	-9.236273514597040379e-02	-1.335181788394325775e+00
1.270000000000000078e-03	-9.260687577097040379e-02	-1.342506007144325775e+00
1.280000000000000105e-03	-9.231390702097040657e-02	-1.330298975894325775e+00
1.289999999999999914e-03	-9.260687577097040379e-02	-1.337623194644325775e+00
1.299999999999999940e-03	-9.221625077097039824e-02	-1.325416163394325775e+00
1.309999999999999967e-03	-9.255804764597040657e-02	-1.332740382144325775e+00
1.319999999999999993e-03	-9.206976639597040657e-02	-1.320533350894325775e+00
1.330000000000000019e-03	-9.241156327097040102e-02	-1.329078272769325775e+00
1.340000000000000045e-03	-9.182562577097040657e-02	-1.316871241519325775e+00
1.350000000000000071e-03	-9.221625077097039824e-02	-1.324195460269325775e+00
1.360000000000000098e-03	-9.153265702097040935e-02	-1.311988429019325775e+00
1.369999999999999907e-03	-9.197211014597039824e-02	-1.319312647769325775e+00
1.379999999999999933e-03	-9.119086014597040102e-02	-1.308326319644325775e+00
1.389999999999999960e-03	-9.163031327097040379e-02	-1.315650538394325775e+00
1.399999999999999986e-03	-9.075140702097039824e-02	-1.303443507144325775e+00
1.410000000000000012e-03	-9.123968827097039824e-02	-1.310767725894325775e+00
1.420000000000000038e-03	-9.031195389597040935e-02	-1.298560694644325775e+00
1.430000000000000064e-03	-9.080023514597040935e-02	-1.307105616519325775e+00
1.440000000000000091e-03	-8.977484452097039824e-02	-1.294898585269325775e+00
1.449999999999999900e-03	-9.031195389597040935e-02	-1.302222804019325775e+00
1.459999999999999926e-03	-8.918890702097040379e-02	-1.290015772769325775e+00
1.469999999999999953e-03	-8.977484452097039824e-02	-1.297339991519325775e+00
1.479999999999999979e-03	-8.855414139597039824e-02	-1.286353663394325775e+00
1.490000000000000005e-03	-8.918890702097040379e-02	-1.293677882144325775e+00
1.500000000000000031e-03	-8.791937577097040657e-02	-1.281470850894325775e+00
1.510000000000000057e-03	-8.855414139597039824e-02	-1.288795069644325775e+00
1.520000000000000084e-03	-8.723578202097040379e-02	-1.276588038394325775e+00
1.529999999999999893e-03	-8.791937577097040657e-02	-1.285132960269325775e+00
1.539999999999999919e-03	-8.650336014597040379e-02	-1.272925929019325775e+00
1.549999999999999946e-03	-8.723578202097040379e-02	-1.280250147769325775e+00
1.559999999999999972e-03	-8.581976639597040102e-02	-1.268043116519325775e+00
1.569999999999999998e-03	-8.650336014597040379e-02	-1.275367335269325775e+00
1.580000000000000024e-03	-8.508734452097040102e-02	-1.264381007144325775e+00
1.590000000000000050e-03	-8.577093827097040379e-02	-1.271705225894325775e+00
1.600000000000000077e-03	-8.430609452097040379e-02	-1.259498194644325775e+00
1.610000000000000103e-03	-8.503851639597040379e-02	-1.266822413394325775e+00
1.619999999999999912e-03	-8.357367264597040379e-02	-1.254615382144325775e+00
1.629999999999999939e-03	-8.430609452097040379e-02	-1.261939600894325775e+00
1.639999999999999965e-03	-8.279242264597040657e-02	-1.250953272769325775e+00
1.649999999999999991e-03	-8.352484452097040657e-02	-1.258277491519325775e+00
1.660000000000000017e-03	-8.201117264597040935e-02	-1.246070460269325775e+00
1.670000000000000043e-03	-8.274359452097040935e-02	-1.253394679019325775e+00
1.680000000000000070e-03	-8.122992264597039824e-02	-1.241187647769325775e+00
1.690000000000000096e-03	-8.201117264597040935e-02	-1.249732569644325775e+00
1.699999999999999905e-03	-8.049750077097039824e-02	-1.237525538394325775e+00
1.709999999999999932e-03	-8.122992264597039824e-02	-1.244849757144325775e+00
1.719999999999999958e-03	-7.966742264597040379e-02	-1.232642725894325775e+00
1.729999999999999984e-03	-8.044867264597040102e-02	-1.239966944644325775e+00
1.740000000000000010e-03	-7.893500077097040379e-02	-1.228980616519325775e+00
1.750000000000000036e-03	-7.966742264597040379e-02	-1.236304835269325775e+00
1.760000000000000063e-03	-7.820257889597040379e-02	-1.224097804019325775e+00
1.770000000000000089e-03	-7.893500077097040379e-02	-1.231422022769325775e+00
1.779999999999999898e-03	-7.747015702097040379e-02	-1.219214991519325775e+00
1.789999999999999925e-03	-7.820257889597040379e-02	-1.227759913394325775e+00
1.799999999999999951e-03	-7.673773514597040379e-02	-1.215552882144325775e+00
1.809999999999999977e-03	-7.747015702097040379e-02	-1.222877100894325775e+00
1.820000000000000003e-03	-7.605414139597040102e-02	-1.210670069644325775e+00
1.830000000000000029e-03	-7.673773514597040379e-02	-1.217994288394325775e+00
1.840000000000000056e-03	-7.537054764597039824e-02	-1.205787257144325775e+00
1.850000000000000082e-03	-7.605414139597040102e-02	-1.214332179019325775e+00
1.860000000000000108e-03	-7.468695389597039547e-02	-1.202125147769325775e+00
1.869999999999999917e-03	-7.537054764597039824e-02	-1.209449366519325775e+00
1.879999999999999944e-03	-7.410101639597040102e-02	-1.197242335269325775e+00
1.889999999999999970e-03	-7.468695389597039547e-02	-1.204566554019325775e+00
1.899999999999999996e-03	-7.346625077097039547e-02	-1.193580225894325775e+00
1.910000000000000022e-03	-7.410101639597040102e-02	-1.200904444644325775e+00
1.920000000000000049e-03	-7.288031327097040102e-02	-1.188697413394325775e+00
1.930000000000000075e-03	-7.346625077097039547e-02	-1.196021632144325775e+00
1.940000000000000101e-03	-7.234320389597040379e-02	-1.183814600894325775e+00
1.949999999999999910e-03	-7.292914139597039824e-02	-1.192359522769325775e+00
1.959999999999999937e-03	-7.180609452097040657e-02	-1.180152491519325775e+00
1.969999999999999963e-03	-7.234320389597040379e-02	-1.187476710269325775e+00
1.979999999999999989e-03	-7.131781327097040657e-02	-1.175269679019325775e+00
1.990000000000000015e-03	-7.185492264597040379e-02	-1.182593897769325775e+00
2.000000000000000042e-03	-7.082953202097040657e-02	-1.170386866519325775e+00
2.010000000000000068e-03	-7.131781327097040657e-02	-1.178931788394325775e+00
2.020000000000000094e-03	-7.039007889597040379e-02	-1.166724757144325775e+00
2.030000000000000120e-03	-7.087836014597040379e-02	-1.174048975894325775e+00
2.040000000000000147e-03	-6.995062577097040102e-02	-1.161841944644325775e+00
2.050000000000000173e-03	-7.043890702097040102e-02	-1.170386866519325775e+00
2.060000000000000199e-03	-6.956000077097039547e-02	-1.158179835269325775e+00
2.069999999999999792e-03	-6.999945389597039824e-02	-1.165504054019325775e+00
2.079999999999999818e-03	-6.916937577097040379e-02	-1.153297022769325775e+00
2.089999999999999844e-03	-6.965765702097040379e-02	-1.160621241519325775e+00
2.099999999999999870e-03	-6.882757889597039547e-02	-1.149634913394325775e+00
2.109999999999999896e-03	-6.926703202097039824e-02	-1.156959132144325775e+00
2.119999999999999923e-03	-6.848578202097040102e-02	-1.144752100894325775e+00
2.129999999999999949e-03	-6.892523514597040379e-02	-1.152076319644325775e+00
2.139999999999999975e-03	-6.819281327097040379e-02	-1.139869288394325775e+00
2.150000000000000001e-03	-6.858343827097039547e-02	-1.148414210269325775e+00
2.160000000000000028e-03	-6.789984452097040657e-02	-1.136207179019325775e+00
2.170000000000000054e-03	-6.829046952097039824e-02	-1.143531397769325775e+00
2.180000000000000080e-03	-6.760687577097039547e-02	-1.131324366519325775e+00
2.190000000000000106e-03	-6.799750077097040102e-02	-1.138648585269325775e+00
2.200000000000000133e-03	-6.736273514597039547e-02	-1.127662257144325775e+00
2.210000000000000159e-03	-6.775336014597040102e-02	-1.134986475894325775e+00
2.220000000000000185e-03	-6.711859452097039547e-02	-1.122779444644325775e+00
2.230000000000000211e-03	-6.750921952097040102e-02	-1.130103663394325775e+00
2.239999999999999804e-03	-6.692328202097040657e-02	-1.117896632144325775e+00
2.249999999999999830e-03	-6.726507889597040102e-02	-1.126441554019325775e+00
2.259999999999999856e-03	-6.667914139597040657e-02	-1.114234522769325775e+00
2.269999999999999882e-03	-6.706976639597039824e-02	-1.121558741519325775e+00
2.279999999999999909e-03	-6.648382889597040379e-02	-1.109351710269325775e+00
2.289999999999999935e-03	-6.687445389597039547e-02	-1.116675929019325775e+00
2.299999999999999961e-03	-6.628851639597040102e-02	-1.105689600894325775e+00
2.309999999999999987e-03	-6.667914139597040657e-02	-1.113013819644325775e+00
2.320000000000000014e-03	-6.614203202097039547e-02	-1.100806788394325775e+00
2.330000000000000040e-03	-6.648382889597040379e-02	-1.108131007144325775e+00
2.340000000000000066e-03	-6.594671952097040657e-02	-1.095923975894325775e+00
2.350000000000000092e-03	-6.628851639597040102e-02	-1.103248194644325775e+00
2.360000000000000119e-03	-6.575140702097040379e-02	-1.092261866519325775e+00
2.370000000000000145e-03	-6.614203202097039547e-02	-1.099586085269325775e+00
2.380000000000000171e-03	-6.555609452097040102e-02	-1.087379054019325775e+00
2.390000000000000197e-03	-6.594671952097040657e-02	-1.094703272769325775e+00
2.399999999999999790e-03	-6.536078202097039824e-02	-1.083716944644325775e+00
2.409999999999999816e-03	-6.575140702097040379e-02	-1.091041163394325775e+00
2.419999999999999842e-03	-6.521429764597040657e-02	-1.078834132144325775e+00
2.429999999999999868e-03	-6.555609452097040102e-02	-1.086158350894325775e+00
2.439999999999999895e-03	-6.497015702097040657e-02	-1.073951319644325775e+00
2.449999999999999921e-03	-6.536078202097039824e-02	-1.081275538394325775e+00
2.459999999999999947e-03	-6.477484452097040379e-02	-1.070289210269325775e+00
2.469999999999999973e-03	-6.516546952097039547e-02	-1.077613429019325775e+00
2.480000000000000000e-03	-6.457953202097040102e-02	-1.065406397769325775e+00
2.490000000000000026e-03	-6.497015702097040657e-02	-1.072730616519325775e+00
2.500000000000000052e-03	-6.438421952097039824e-02	-1.061744288394325775e+00
2.510000000000000078e-03	-6.477484452097040379e-02	-1.069068507144325775e+00
2.520000000000000104e-03	-6.418890702097039547e-02	-1.056861475894325775e+00
2.530000000000000131e-03	-6.457953202097040102e-02	-1.064185694644325775e+00
2.540000000000000157e-03	-6.394476639597039547e-02	-1.051978663394325775e+00
2.550000000000000183e-03	-6.433539139597040102e-02	-1.060523585269325775e+00
2.560000000000000209e-03	-6.370062577097039547e-02	-1.048316554019325775e+00
2.569999999999999802e-03	-6.409125077097040102e-02	-1.055640772769325775e+00
2.579999999999999828e-03	-6.345648514597039547e-02	-1.043433741519325775e+00
2.589999999999999854e-03	-6.384711014597040102e-02	-1.050757960269325775e+00
2.599999999999999881e-03	-6.321234452097039547e-02	-1.039771632144325775e+00
2.609999999999999907e-03	-6.360296952097040102e-02	-1.047095850894325775e+00
2.619999999999999933e-03	-6.291937577097039824e-02	-1.034888819644325775e+00
2.629999999999999959e-03	-6.331000077097040379e-02	-1.042213038394325775e+00
2.639999999999999986e-03	-6.262640702097040102e-02	-1.031226710269325775e+00
2.650000000000000012e-03	-6.306586014597040379e-02	-1.038550929019325775e+00
2.660000000000000038e-03	-6.233343827097040379e-02	-1.026343897769325775e+00
2.670000000000000064e-03	-6.272406327097039547e-02	-1.033668116519325775e+00
2.680000000000000090e-03	-6.204046952097039963e-02	-1.021461085269325775e+00
2.690000000000000117e-03	-6.243109452097039824e-02	-1.028785304019325775e+00
2.700000000000000143e-03	-6.169867264597039824e-02	-1.017798975894325775e+00
2.710000000000000169e-03	-6.208929764597040379e-02	-1.025123194644325775e+00
2.720000000000000195e-03	-6.130804764597039963e-02	-1.012916163394325775e+00
2.729999999999999788e-03	-6.179632889597039963e-02	-1.020240382144325775e+00
2.739999999999999814e-03	-6.096625077097039824e-02	-1.009254054019325775e+00
2.749999999999999840e-03	-6.140570389597040102e-02	-1.016578272769325775e+00
2.759999999999999867e-03	-6.057562577097039963e-02	-1.004371241519325775e+00
2.769999999999999893e-03	-6.106390702097039963e-02	-1.011695460269325775e+00
2.779999999999999919e-03	-6.023382889597039824e-02	-9.994884290193256637e-01
2.789999999999999945e-03	-6.067328202097040102e-02	-1.008033350894325775e+00
2.799999999999999972e-03	-5.984320389597039963e-02	-9.958263196443256637e-01
2.809999999999999998e-03	-6.028265702097040241e-02	-1.003150538394325775e+00
2.820000000000000024e-03	-5.940375077097040379e-02	-9.909435071443256637e-01
2.830000000000000050e-03	-5.989203202097040379e-02	-9.982677258943256637e-01
2.840000000000000076e-03	-5.901312577097039824e-02	-9.872813977693256637e-01
2.850000000000000103e-03	-5.950140702097039824e-02	-9.946056165193256637e-01
2.860000000000000129e-03	-5.857367264597040241e-02	-9.823985852693256637e-01
2.870000000000000155e-03	-5.911078202097039963e-02	-9.897228040193256637e-01
2.880000000000000181e-03	-5.818304764597040379e-02	-9.787364758943256637e-01
2.890000000000000208e-03	-5.867132889597040379e-02	-9.860606946443256637e-01
2.899999999999999800e-03	-5.779242264597039824e-02	-9.738536633943256637e-01
2.909999999999999826e-03	-5.823187577097040102e-02	-9.811778821443256637e-01
2.919999999999999853e-03	-5.735296952097040241e-02	-9.701915540193256637e-01
2.929999999999999879e-03	-5.784125077097040241e-02	-9.762950696443256637e-01
2.939999999999999905e-03	-5.691351639597039963e-02	-9.653087415193256637e-01
2.949999999999999931e-03	-5.740179764597039963e-02	-9.726329602693256637e-01
2.959999999999999958e-03	-5.647406327097040379e-02	-9.604259290193256637e-01
2.969999999999999984e-03	-5.696234452097040379e-02	-9.677501477693256637e-01
2.980000000000000010e-03	-5.608343827097039824e-02	-9.567638196443256637e-01
2.990000000000000036e-03	-5.657171952097039824e-02	-9.640880383943256637e-01
3.000000000000000062e-03	-5.564398514597040241e-02	-9.518810071443256637e-01
3.010000000000000089e-03	-5.613226639597040241e-02	-9.592052258943256637e-01
3.020000000000000115e-03	-5.520453202097039963e-02	-9.469981946443256637e-01
3.030000000000000141e-03	-5.569281327097039963e-02	-9.555431165193256637e-01
3.040000000000000167e-03	-5.476507889597040379e-02	-9.433360852693256637e-01
3.050000000000000194e-03	-5.525336014597040379e-02	-9.506603040193256637e-01
3.059999999999999786e-03	-5.437445389597039824e-02	-9.384532727693256637e-01
3.069999999999999812e-03	-5.486273514597039824e-02	-9.457774915193256637e-01
3.079999999999999839e-03	-5.393500077097040241e-02	-9.335704602693256637e-01
3.089999999999999865e-03	-5.442328202097040241e-02	-9.421153821443256637e-01
3.099999999999999891e-03	-5.349554764597039963e-02	-9.299083508943256637e-01
3.109999999999999917e-03	-5.398382889597039963e-02	-9.372325696443256637e-01
3.119999999999999944e-03	-5.310492264597040102e-02	-9.250255383943256637e-01
3.129999999999999970e-03	-5.359320389597040102e-02	-9.335704602693256637e-01
3.139999999999999996e-03	-5.266546952097039824e-02	-9.213634290193256637e-01
3.150000000000000022e-03	-5.315375077097039824e-02	-9.286876477693256637e-01
3.160000000000000048e-03	-5.227484452097039963e-02	-9.164806165193256637e-01
3.170000000000000075e-03	-5.271429764597040241e-02	-9.238048352693256637e-01
3.180000000000000101e-03	-5.183539139597040379e-02	-9.115978040193256637e-01
3.190000000000000127e-03	-5.232367264597040379e-02	-9.201427258943256637e-01
3.200000000000000153e-03	-5.139593827097040102e-02	-9.079356946443256637e-01
3.210000000000000180e-03	-5.188421952097040102e-02	-9.152599133943256637e-01
3.220000000000000206e-03	-5.100531327097040241e-02	-9.030528821443256637e-01
3.229999999999999798e-03	-5.149359452097040241e-02	-9.115978040193256637e-01
3.239999999999999825e-03	-5.056586014597039963e-02	-8.993907727693256637e-01
3.249999999999999851e-03	-5.105414139597039963e-02	-9.067149915193256637e-01
3.259999999999999877e-03	-5.017523514597040102e-02	-8.945079602693256637e-01
3.269999999999999903e-03	-5.066351639597040102e-02	-9.018321790193256637e-01
3.279999999999999930e-03	-4.978461014597039547e-02	-8.908458508943256637e-01
3.289999999999999956e-03	-5.022406327097039824e-02	-8.981700696443256637e-01
3.299999999999999982e-03	-4.934515702097039269e-02	-8.859630383943256637e-01
3.310000000000000008e-03	-4.983343827097039269e-02	-8.932872571443256637e-01
3.320000000000000034e-03	-4.895453202097039408e-02	-8.823009290193256637e-01
3.330000000000000061e-03	-4.944281327097039408e-02	-8.896251477693256637e-01
3.340000000000000087e-03	-4.856390702097039547e-02	-8.774181165193256637e-01
3.350000000000000113e-03	-4.900336014597039824e-02	-8.847423352693256637e-01
3.360000000000000139e-03	-4.817328202097039686e-02	-8.725353040193256637e-01
3.370000000000000166e-03	-4.866156327097039686e-02	-8.798595227693256637e-01
3.380000000000000192e-03	-4.783148514597039547e-02	-8.688731946443256637e-01
3.389999999999999784e-03	-4.827093827097039824e-02	-8.761974133943256637e-01
3.399999999999999811e-03	-4.744086014597039686e-02	-8.639903821443256637e-01
3.409999999999999837e-03	-4.788031327097039269e-02	-8.713146008943256637e-01
3.419999999999999863e-03	-4.709906327097039547e-02	-8.591075696443256637e-01
3.429999999999999889e-03	-4.753851639597039824e-02	-8.664317883943256637e-01
3.439999999999999915e-03	-4.670843827097039686e-02	-8.554454602693256637e-01
3.449999999999999942e-03	-4.714789139597039269e-02	-8.627696790193256637e-01
3.459999999999999968e-03	-4.636664139597039547e-02	-8.505626477693256637e-01
3.469999999999999994e-03	-4.680609452097039824e-02	-8.578868665193256637e-01
3.480000000000000020e-03	-4.602484452097039408e-02	-8.469005383943256637e-01
3.490000000000000047e-03	-4.646429764597039686e-02	-8.542247571443256637e-01
3.500000000000000073e-03	-4.573187577097039686e-02	-8.420177258943256637e-01
3.510000000000000099e-03	-4.612250077097039547e-02	-8.493419446443256637e-01
3.520000000000000125e-03	-4.539007889597039547e-02	-8.383556165193256637e-01
3.530000000000000152e-03	-4.582953202097039824e-02	-8.456798352693256637e-01
3.540000000000000178e-03	-4.509711014597039824e-02	-8.334728040193256637e-01
3.550000000000000204e-03	-4.553656327097039408e-02	-8.407970227693256637e-01
3.559999999999999797e-03	-4.480414139597039408e-02	-8.285899915193256637e-01
3.569999999999999823e-03	-4.519476639597039269e-02	-8.359142102693256637e-01
3.579999999999999849e-03	-4.451117264597039686e-02	-8.249278821443256637e-01
3.589999999999999875e-03	-4.490179764597039547e-02	-8.322521008943256637e-01
3.599999999999999901e-03	-4.421820389597039269e-02	-8.200450696443256637e-01
3.609999999999999928e-03	-4.460882889597039824e-02	-8.273692883943256637e-01
3.619999999999999954e-03	-4.397406327097039269e-02	-8.151622571443256637e-01
3.629999999999999980e-03	-4.436468827097039824e-02	-8.237071790193256637e-01
3.640000000000000006e-03	-4.368109452097039547e-02	-8.115001477693256637e-01
3.650000000000000033e-03	-4.407171952097039408e-02	-8.188243665193256637e-01
3.660000000000000059e-03	-4.343695389597039547e-02	-8.066173352693256637e-01
3.670000000000000085e-03	-4.382757889597039408e-02	-8.139415540193256637e-01
3.680000000000000111e-03	-4.324164139597039269e-02	-8.029552258943256637e-01
3.690000000000000138e-03	-4.358343827097039408e-02	-8.102794446443256637e-01
3.700000000000000164e-03	-4.299750077097039269e-02	-7.980724133943256637e-01
3.710000000000000190e-03	-4.338812577097039824e-02	-8.053966321443256637e-01
3.720000000000000216e-03	-4.280218827097039686e-02	-7.944103040193256637e-01
3.729999999999999809e-03	-4.314398514597039824e-02	-8.017345227693256637e-01
3.739999999999999835e-03	-4.255804764597039686e-02	-7.895274915193256637e-01
3.749999999999999861e-03	-4.294867264597039547e-02	-7.968517102693256637e-01
3.759999999999999887e-03	-4.236273514597039408e-02	-7.858653821443256637e-01
3.769999999999999914e-03	-4.275336014597039269e-02	-7.919688977693256637e-01
3.779999999999999940e-03	-4.216742264597039824e-02	-7.809825696443256637e-01
3.789999999999999966e-03	-4.255804764597039686e-02	-7.883067883943256637e-01
3.799999999999999992e-03	-4.202093827097039269e-02	-7.773204602693256637e-01
3.810000000000000019e-03	-4.236273514597039408e-02	-7.834239758943256637e-01
3.820000000000000045e-03	-4.182562577097039686e-02	-7.724376477693256637e-01
3.830000000000000071e-03	-4.216742264597039824e-02	-7.797618665193256637e-01
3.840000000000000097e-03	-4.163031327097039408e-02	-7.675548352693256637e-01
3.850000000000000124e-03	-4.197211014597039547e-02	-7.748790540193256637e-01
3.860000000000000150e-03	-4.143500077097039824e-02	-7.626720227693256637e-01
3.870000000000000176e-03	-4.177679764597039269e-02	-7.712169446443256637e-01
3.880000000000000202e-03	-4.123968827097039547e-02	-7.590099133943256637e-01
3.889999999999999795e-03	-4.158148514597039686e-02	-7.663341321443256637e-01
3.899999999999999821e-03	-4.104437577097039269e-02	-7.553478040193256637e-01
3.910000000000000281e-03	-4.143500077097039824e-02	-7.626720227693256637e-01
3.919999999999999873e-03	-4.084906327097039686e-02	-7.504649915193256637e-01
3.930000000000000333e-03	-4.123968827097039547e-02	-7.577892102693256637e-01
3.939999999999999926e-03	-4.065375077097039408e-02	-7.455821790193256637e-01
3.950000000000000386e-03	-4.104437577097039269e-02	-7.529063977693256637e-01
3.959999999999999978e-03	-4.045843827097039824e-02	-7.419200696443256637e-01
3.969999999999999571e-03	-4.084906327097039686e-02	-7.492442883943256637e-01
3.980000000000000031e-03	-4.026312577097039547e-02	-7.370372571443256637e-01
3.989999999999999623e-03	-4.065375077097039408e-02	-7.443614758943256637e-01
4.000000000000000083e-03	-4.006781327097039269e-02	-7.333751477693256637e-01
4.009999999999999676e-03	-4.040961014597039408e-02	-7.406993665193256637e-01
4.020000000000000136e-03	-3.982367264597039269e-02	-7.284923352693256637e-01
4.029999999999999728e-03	-4.021429764597039824e-02	-7.358165540193256637e-01
4.040000000000000188e-03	-3.962836014597039686e-02	-7.236095227693256637e-01
4.049999999999999781e-03	-3.997015702097039824e-02	-7.309337415193256637e-01
4.060000000000000241e-03	-3.938421952097039686e-02	-7.199474133943256637e-01
4.069999999999999833e-03	-3.977484452097039547e-02	-7.272716321443256637e-01
4.080000000000000293e-03	-3.914007889597039686e-02	-7.150646008943256637e-01
4.089999999999999886e-03	-3.953070389597039547e-02	-7.223888196443256637e-01
4.100000000000000346e-03	-3.889593827097039686e-02	-7.114024915193256637e-01
4.109999999999999938e-03	-3.928656327097039547e-02	-7.187267102693256637e-01
4.120000000000000398e-03	-3.860296952097039269e-02	-7.065196790193256637e-01
4.129999999999999991e-03	-3.904242264597039547e-02	-7.138438977693256637e-01
4.139999999999999583e-03	-3.831000077097039547e-02	-7.028575696443256637e-01
4.150000000000000043e-03	-3.874945389597039824e-02	-7.101817883943256637e-01
4.159999999999999636e-03	-3.806586014597039547e-02	-6.979747571443256637e-01
4.170000000000000095e-03	-3.845648514597039408e-02	-7.052989758943256637e-01
4.179999999999999688e-03	-3.777289139597039824e-02	-6.930919446443256637e-01
4.190000000000000148e-03	-3.816351639597039686e-02	-7.004161633943256637e-01
4.199999999999999740e-03	-3.743109452097039686e-02	-6.894298352693256637e-01
4.210000000000000200e-03	-3.787054764597039269e-02	-6.967540540193256637e-01
4.219999999999999793e-03	-3.708929764597039547e-02	-6.845470227693256637e-01
4.230000000000000253e-03	-3.752875077097039824e-02	-6.918712415193256637e-01
4.239999999999999845e-03	-3.674750077097039408e-02	-6.808849133943256637e-01
4.250000000000000305e-03	-3.718695389597039686e-02	-6.882091321443256637e-01
4.259999999999999898e-03	-3.635687577097039547e-02	-6.760021008943256637e-01
4.270000000000000358e-03	-3.684515702097039547e-02	-6.833263196443256637e-01
4.279999999999999950e-03	-3.596625077097039686e-02	-6.723399915193256637e-01
4.290000000000000410e-03	-3.645453202097039686e-02	-6.796642102693256637e-01
4.300000000000000003e-03	-3.557562577097039130e-02	-6.674571790193256637e-01
4.309999999999999595e-03	-3.606390702097039130e-02	-6.747813977693256637e-01
4.320000000000000055e-03	-3.518500077097039269e-02	-6.637950696443256637e-01
4.329999999999999648e-03	-3.567328202097039269e-02	-6.698985852693256637e-01
4.340000000000000108e-03	-3.479437577097039408e-02	-6.589122571443256637e-01
4.349999999999999700e-03	-3.528265702097039408e-02	-6.662364758943256637e-01
4.360000000000000160e-03	-3.435492264597039130e-02	-6.540294446443256637e-01
4.369999999999999753e-03	-3.484320389597039130e-02	-6.625743665193256637e-01
4.380000000000000213e-03	-3.391546952097039547e-02	-6.503673352693256637e-01
4.389999999999999805e-03	-3.440375077097039547e-02	-6.576915540193256637e-01
4.400000000000000265e-03	-3.352484452097039686e-02	-6.454845227693256637e-01
4.409999999999999858e-03	-3.401312577097039686e-02	-6.528087415193256637e-01
4.420000000000000318e-03	-3.303656327097039686e-02	-6.406017102693256637e-01
4.429999999999999910e-03	-3.352484452097039686e-02	-6.491466321443256637e-01
4.440000000000000370e-03	-3.259711014597039408e-02	-6.369396008943256637e-01
4.449999999999999963e-03	-3.308539139597039408e-02	-6.442638196443256637e-01
4.460000000000000422e-03	-3.215765702097039130e-02	-6.320567883943256637e-01
4.470000000000000015e-03	-3.264593827097039130e-02	-6.406017102693256637e-01
4.479999999999999608e-03	-3.171820389597039547e-02	-6.283946790193256637e-01
4.490000000000000067e-03	-3.220648514597039547e-02	-6.357188977693256637e-01
4.499999999999999660e-03	-3.127875077097039269e-02	-6.235118665193256637e-01
4.510000000000000120e-03	-3.176703202097039269e-02	-6.308360852693256637e-01
4.519999999999999712e-03	-3.079046952097039269e-02	-6.198497571443256637e-01
4.530000000000000172e-03	-3.132757889597039686e-02	-6.271739758943256637e-01
4.539999999999999765e-03	-3.035101639597039339e-02	-6.149669446443256637e-01
4.550000000000000225e-03	-3.088812577097039408e-02	-6.222911633943256637e-01
4.559999999999999817e-03	-2.991156327097039408e-02	-6.113048352693256637e-01
4.570000000000000277e-03	-3.044867264597039477e-02	-6.186290540193256637e-01
4.579999999999999870e-03	-2.947211014597039477e-02	-6.064220227693256637e-01
4.590000000000000330e-03	-2.996039139597039477e-02	-6.137462415193256637e-01
4.599999999999999922e-03	-2.903265702097039547e-02	-6.027599133943256637e-01
4.610000000000000382e-03	-2.952093827097039547e-02	-6.100841321443256637e-01
4.619999999999999975e-03	-2.859320389597039269e-02	-5.978771008943256637e-01
4.629999999999999567e-03	-2.908148514597039269e-02	-6.052013196443256637e-01
4.640000000000000027e-03	-2.820257889597039408e-02	-5.929942883943256637e-01
4.649999999999999620e-03	-2.869086014597039408e-02	-6.015392102693256637e-01
4.660000000000000080e-03	-2.776312577097039477e-02	-5.893321790193256637e-01
4.669999999999999672e-03	-2.825140702097039477e-02	-5.966563977693256637e-01
4.680000000000000132e-03	-2.732367264597039547e-02	-5.844493665193256637e-01
4.689999999999999725e-03	-2.781195389597039547e-02	-5.929942883943256637e-01
4.700000000000000185e-03	-2.693304764597039339e-02	-5.807872571443256637e-01
4.709999999999999777e-03	-2.742132889597039339e-02	-5.881114758943256637e-01
4.720000000000000237e-03	-2.654242264597039477e-02	-5.759044446443256637e-01
4.729999999999999830e-03	-2.703070389597039477e-02	-5.832286633943256637e-01
4.740000000000000289e-03	-2.615179764597039269e-02	-5.722423352693256637e-01
4.749999999999999882e-03	-2.659125077097039547e-02	-5.795665540193256637e-01
4.760000000000000342e-03	-2.581000077097039477e-02	-5.673595227693256637e-01
4.769999999999999934e-03	-2.624945389597039408e-02	-5.746837415193256637e-01
4.780000000000000394e-03	-2.541937577097039269e-02	-5.636974133943256637e-01
4.789999999999999987e-03	-2.585882889597039547e-02	-5.710216321443256637e-01
4.799999999999999580e-03	-2.507757889597039477e-02	-5.588146008943256637e-01
4.810000000000000039e-03	-2.551703202097039408e-02	-5.661388196443256637e-01
4.819999999999999632e-03	-2.473578202097039686e-02	-5.551524915193256637e-01
4.830000000000000092e-03	-2.517523514597039269e-02	-5.612560071443256637e-01
4.839999999999999684e-03	-2.439398514597039547e-02	-5.502696790193256637e-01
4.850000000000000144e-03	-2.483343827097039824e-02	-5.575938977693256637e-01
4.859999999999999737e-03	-2.405218827097039755e-02	-5.466075696443256637e-01
4.870000000000000197e-03	-2.449164139597039686e-02	-5.539317883943256637e-01
4.879999999999999789e-03	-2.375921952097039686e-02	-5.417247571443256637e-01
4.890000000000000249e-03	-2.414984452097039547e-02	-5.490489758943256637e-01
4.899999999999999842e-03	-2.341742264597039547e-02	-5.368419446443256637e-01
4.910000000000000302e-03	-2.385687577097039824e-02	-5.453868665193256637e-01
4.919999999999999894e-03	-2.312445389597039824e-02	-5.331798352693256637e-01
4.930000000000000354e-03	-2.356390702097039755e-02	-5.405040540193256637e-01
4.939999999999999947e-03	-2.283148514597039755e-02	-5.295177258943256637e-01
4.950000000000000407e-03	-2.327093827097039686e-02	-5.368419446443256637e-01
4.959999999999999999e-03	-2.258734452097039755e-02	-5.246349133943256637e-01
4.969999999999999592e-03	-2.297796952097039616e-02	-5.319591321443256637e-01
4.980000000000000052e-03	-2.229437577097039686e-02	-5.197521008943256637e-01
4.989999999999999644e-03	-2.268500077097039547e-02	-5.270763196443256637e-01
5.000000000000000104e-03	-2.205023514597039686e-02	-5.160899915193256637e-01
5.009999999999999697e-03	-2.239203202097039824e-02	-5.234142102693256637e-01
5.020000000000000157e-03	-2.175726639597039616e-02	-5.112071790193256637e-01
5.029999999999999749e-03	-2.214789139597039824e-02	-5.185313977693256637e-01
5.040000000000000209e-03	-2.151312577097039616e-02	-5.075450696443256637e-01
5.049999999999999802e-03	-2.190375077097039824e-02	-5.148692883943256637e-01
5.060000000000000261e-03	-2.131781327097039686e-02	-5.026622571443256637e-01
5.069999999999999854e-03	-2.170843827097039547e-02	-5.099864758943256637e-01
5.080000000000000314e-03	-2.107367264597039686e-02	-4.990001477693256637e-01
5.089999999999999906e-03	-2.146429764597039547e-02	-5.063243665193256637e-01
5.100000000000000366e-03	-2.087836014597039755e-02	-4.941173352693256637e-01
5.109999999999999959e-03	-2.126898514597039616e-02	-5.014415540193256637e-01
5.120000000000000419e-03	-2.068304764597039824e-02	-4.904552258943256637e-01
5.130000000000000011e-03	-2.107367264597039686e-02	-4.977794446443256637e-01
5.139999999999999604e-03	-2.048773514597039547e-02	-4.855724133943256637e-01
5.150000000000000064e-03	-2.087836014597039755e-02	-4.928966321443256637e-01
5.159999999999999656e-03	-2.029242264597039616e-02	-4.819103040193256637e-01
5.170000000000000116e-03	-2.068304764597039824e-02	-4.892345227693256637e-01
5.179999999999999709e-03	-2.014593827097039755e-02	-4.770274915193256637e-01
5.190000000000000169e-03	-2.048773514597039547e-02	-4.843517102693256637e-01
5.199999999999999761e-03	-1.999945389597039547e-02	-4.733653821443256637e-01
5.210000000000000221e-03	-2.034125077097039686e-02	-4.806896008943256637e-01
5.219999999999999814e-03	-1.980414139597039616e-02	-4.684825696443256637e-01
5.230000000000000274e-03	-2.019476639597039824e-02	-4.758067883943256637e-01
5.239999999999999866e-03	-1.965765702097039755e-02	-4.648204602693256637e-01
5.250000000000000326e-03	-1.999945389597039547e-02	-4.709239758943256637e-01
5.259999999999999919e-03	-1.951117264597039547e-02	-4.599376477693256637e-01
5.270000000000000379e-03	-1.985296952097039686e-02	-4.672618665193256637e-01
5.279999999999999971e-03	-1.936468827097039686e-02	-4.562755383943256637e-01
5.290000000000000431e-03	-1.970648514597039824e-02	-4.635997571443256637e-01
5.300000000000000024e-03	-1.921820389597039824e-02	-4.513927258943256637e-01
5.309999999999999616e-03	-1.956000077097039616e-02	-4.587169446443256637e-01
5.320000000000000076e-03	-1.902289139597039547e-02	-4.465099133943256637e-01
5.329999999999999669e-03	-1.941351639597039755e-02	-4.550548352693256637e-01
5.340000000000000129e-03	-1.887640702097039686e-02	-4.428478040193256637e-01
5.349999999999999721e-03	-1.921820389597039824e-02	-4.501720227693256637e-01
5.360000000000000181e-03	-1.872992264597039477e-02	-4.379649915193256637e-01
5.369999999999999774e-03	-1.907171952097039616e-02	-4.452892102693256637e-01
5.380000000000000233e-03	-1.853461014597039547e-02	-4.343028821443256637e-01
5.389999999999999826e-03	-1.892523514597039755e-02	-4.416271008943256637e-01
5.400000000000000286e-03	-1.838812577097039686e-02	-4.306407727693256637e-01
5.409999999999999878e-03	-1.872992264597039477e-02	-4.367442883943256637e-01
5.420000000000000338e-03	-1.824164139597039477e-02	-4.257579602693256637e-01
5.429999999999999931e-03	-1.853461014597039547e-02	-4.330821790193256637e-01
5.440000000000000391e-03	-1.804632889597039547e-02	-4.208751477693256637e-01
5.449999999999999983e-03	-1.838812577097039686e-02	-4.281993665193256637e-01
5.459999999999999576e-03	-1.785101639597039616e-02	-4.172130383943256637e-01
5.470000000000000036e-03	-1.819281327097039755e-02	-4.245372571443256637e-01
5.479999999999999628e-03	-1.765570389597039686e-02	-4.135509290193256637e-01
5.490000000000000088e-03	-1.804632889597039547e-02	-4.208751477693256637e-01
5.499999999999999681e-03	-1.750921952097039477e-02	-4.086681165193256637e-01
5.510000000000000141e-03	-1.785101639597039616e-02	-4.159923352693256637e-01
5.519999999999999733e-03	-1.731390702097039547e-02	-4.050060071443256637e-01
5.530000000000000193e-03	-1.770453202097039755e-02	-4.123302258943256637e-01
5.539999999999999786e-03	-1.711859452097039616e-02	-4.001231946443256637e-01
5.550000000000000246e-03	-1.750921952097039477e-02	-4.074474133943256637e-01
5.559999999999999838e-03	-1.697211014597039755e-02	-3.964610852693256637e-01
5.570000000000000298e-03	-1.731390702097039547e-02	-4.037853040193256637e-01
5.579999999999999891e-03	-1.677679764597039477e-02	-3.915782727693256637e-01
5.590000000000000351e-03	-1.711859452097039616e-02	-3.989024915193256637e-01
5.599999999999999943e-03	-1.658148514597039547e-02	-3.879161633943256637e-01
5.610000000000000403e-03	-1.692328202097039686e-02	-3.952403821443256637e-01
5.619999999999999996e-03	-1.633734452097039547e-02	-3.830333508943256637e-01
5.629999999999999588e-03	-1.672796952097039755e-02	-3.903575696443256637e-01
5.640000000000000048e-03	-1.614203202097039616e-02	-3.793712415193256637e-01
5.649999999999999641e-03	-1.653265702097039477e-02	-3.866954602693256637e-01
5.660000000000000100e-03	-1.594671952097039686e-02	-3.744884290193256637e-01
5.669999999999999693e-03	-1.633734452097039547e-02	-3.818126477693256637e-01
5.680000000000000153e-03	-1.570257889597039686e-02	-3.708263196443256637e-01
5.689999999999999745e-03	-1.609320389597039547e-02	-3.781505383943256637e-01
5.700000000000000205e-03	-1.545843827097039686e-02	-3.659435071443256637e-01
5.709999999999999798e-03	-1.584906327097039547e-02	-3.732677258943256637e-01
5.720000000000000258e-03	-1.521429764597039686e-02	-3.622813977693256637e-01
5.729999999999999850e-03	-1.560492264597039547e-02	-3.696056165193256637e-01
5.740000000000000310e-03	-1.497015702097039686e-02	-3.573985852693256637e-01
5.749999999999999903e-03	-1.536078202097039547e-02	-3.647228040193256637e-01
5.760000000000000363e-03	-1.467718827097039616e-02	-3.537364758943256637e-01
5.769999999999999955e-03	-1.506781327097039651e-02	-3.610606946443256637e-01
5.780000000000000415e-03	-1.438421952097039547e-02	-3.488536633943256637e-01
5.790000000000000008e-03	-1.477484452097039581e-02	-3.561778821443256637e-01
5.799999999999999600e-03	-1.409125077097039651e-02	-3.451915540193256637e-01
5.810000000000000060e-03	-1.448187577097039686e-02	-3.525157727693256637e-01
5.819999999999999653e-03	-1.374945389597039686e-02	-3.403087415193256637e-01
5.830000000000000113e-03	-1.418890702097039616e-02	-3.476329602693256637e-01
5.839999999999999705e-03	-1.345648514597039616e-02	-3.366466321443256637e-01
5.850000000000000165e-03	-1.384711014597039651e-02	-3.439708508943256637e-01
5.859999999999999758e-03	-1.311468827097039651e-02	-3.317638196443256637e-01
5.870000000000000218e-03	-1.355414139597039581e-02	-3.390880383943256637e-01
5.879999999999999810e-03	-1.277289139597039686e-02	-3.281017102693256637e-01
5.890000000000000270e-03	-1.316351639597039547e-02	-3.354259290193256637e-01
5.899999999999999863e-03	-1.243109452097039547e-02	-3.232188977693256637e-01
5.910000000000000323e-03	-1.287054764597039651e-02	-3.305431165193256637e-01
5.919999999999999915e-03	-1.204046952097039686e-02	-3.195567883943256637e-01
5.930000000000000375e-03	-1.247992264597039616e-02	-3.268810071443256637e-01
5.939999999999999968e-03	-1.169867264597039547e-02	-3.146739758943256637e-01
5.950000000000000427e-03	-1.213812577097039651e-02	-3.219981946443256637e-01
5.960000000000000020e-03	-1.130804764597039686e-02	-3.110118665193256637e-01
5.969999999999999613e-03	-1.174750077097039616e-02	-3.183360852693256637e-01
5.980000000000000072e-03	-1.096625077097039547e-02	-3.061290540193256637e-01
5.989999999999999665e-03	-1.140570389597039651e-02	-3.134532727693256637e-01
6.000000000000000125e-03	-1.057562577097039686e-02	-3.024669446443256637e-01
6.009999999999999717e-03	-1.101507889597039616e-02	-3.097911633943256637e-01
6.020000000000000177e-03	-1.023382889597039547e-02	-2.975841321443256637e-01
6.029999999999999770e-03	-1.067328202097039651e-02	-3.049083508943256637e-01
6.040000000000000230e-03	-9.843203895970396855e-03	-2.939220227693256637e-01
6.049999999999999822e-03	-1.028265702097039616e-02	-3.012462415193256637e-01
6.060000000000000282e-03	-9.501407020970395467e-03	-2.890392102693256637e-01
6.069999999999999875e-03	-9.940860145970396508e-03	-2.963634290193256637e-01
6.080000000000000335e-03	-9.110782020970395120e-03	-2.853771008943256637e-01
6.089999999999999927e-03	-9.550235145970396161e-03	-2.927013196443256637e-01
6.100000000000000387e-03	-8.768985145970395467e-03	-2.817149915193256637e-01
6.109999999999999980e-03	-9.208438270970396508e-03	-2.890392102693256637e-01
6.119999999999999572e-03	-8.378360145970395120e-03	-2.768321790193256637e-01
6.130000000000000032e-03	-8.866641395970395120e-03	-2.841563977693256637e-01
6.139999999999999625e-03	-8.036563270970395467e-03	-2.731700696443256637e-01
6.150000000000000085e-03	-8.476016395970396508e-03	-2.804942883943256637e-01
6.159999999999999677e-03	-7.645938270970395988e-03	-2.682872571443256637e-01
6.170000000000000137e-03	-8.085391395970396161e-03	-2.756114758943256637e-01
6.179999999999999730e-03	-7.304141395970395467e-03	-2.646251477693256637e-01
6.190000000000000190e-03	-7.743594520970395641e-03	-2.719493665193256637e-01
6.199999999999999782e-03	-6.913516395970395988e-03	-2.597423352693256637e-01
6.210000000000000242e-03	-7.352969520970396161e-03	-2.670665540193256637e-01
6.219999999999999835e-03	-6.571719520970395467e-03	-2.560802258943256637e-01
6.230000000000000294e-03	-7.011172645970395641e-03	-2.634044446443256637e-01
6.239999999999999887e-03	-6.229922645970394947e-03	-2.511974133943256637e-01
6.250000000000000347e-03	-6.669375770970395988e-03	-2.585216321443256637e-01
6.259999999999999939e-03	-5.839297645970395467e-03	-2.475353040193256637e-01
6.270000000000000399e-03	-6.327578895970395467e-03	-2.548595227693256637e-01
6.279999999999999992e-03	-5.497500770970394947e-03	-2.426524915193256637e-01
6.289999999999999584e-03	-5.936953895970395120e-03	-2.499767102693256637e-01
6.300000000000000044e-03	-5.155703895970395294e-03	-2.389903821443256637e-01
6.309999999999999637e-03	-5.595157020970395467e-03	-2.463146008943256637e-01
6.320000000000000097e-03	-4.813907020970394773e-03	-2.353282727693256637e-01
6.329999999999999689e-03	-5.253360145970394947e-03	-2.426524915193256637e-01
6.340000000000000149e-03	-4.472110145970395120e-03	-2.304454602693256637e-01
6.349999999999999742e-03	-4.911563270970395294e-03	-2.377696790193256637e-01
6.360000000000000202e-03	-4.130313270970394600e-03	-2.267833508943256637e-01
6.369999999999999794e-03	-4.569766395970394773e-03	-2.341075696443256637e-01
6.380000000000000254e-03	-3.788516395970394947e-03	-2.219005383943256637e-01
6.389999999999999847e-03	-4.227969520970395120e-03	-2.292247571443256637e-01
6.400000000000000307e-03	-3.446719520970394860e-03	-2.182384290193256637e-01
6.409999999999999899e-03	-3.886172645970395034e-03	-2.255626477693256637e-01
6.420000000000000359e-03	-3.104922645970394773e-03	-2.133556165193256637e-01
6.429999999999999952e-03	-3.544375770970394947e-03	-2.206798352693256637e-01
6.440000000000000412e-03	-2.763125770970395120e-03	-2.096935071443256637e-01
6.450000000000000004e-03	-3.202578895970394860e-03	-2.170177258943256637e-01
6.459999999999999597e-03	-2.470157020970394860e-03	-2.048106946443256637e-01
6.470000000000000057e-03	-2.909610145970395034e-03	-2.121349133943256637e-01
6.479999999999999649e-03	-2.177188270970395034e-03	-2.011485852693256637e-01
6.490000000000000109e-03	-2.567813270970394947e-03	-2.084728040193256637e-01
6.499999999999999702e-03	-1.835391395970394947e-03	-1.974864758943256637e-01
6.510000000000000162e-03	-2.274844520970394687e-03	-2.048106946443256637e-01
6.519999999999999754e-03	-1.591250770970394947e-03	-1.926036633943256637e-01
6.530000000000000214e-03	-1.981875770970394860e-03	-1.999278821443256637e-01
6.539999999999999807e-03	-1.298282020970394903e-03	-1.889415540193256637e-01
6.550000000000000266e-03	-1.688907020970394817e-03	-1.962657727693256637e-01
6.559999999999999859e-03	-1.005313270970394860e-03	-1.840587415193256637e-01
6.570000000000000319e-03	-1.395938270970394773e-03	-1.913829602693256637e-01
6.579999999999999911e-03	-7.611726459703948601e-04	-1.803966321443256637e-01
6.590000000000000371e-03	-1.151797645970394773e-03	-1.877208508943256637e-01
6.599999999999999964e-03	-5.170320209703947517e-04	-1.755138196443256637e-01
6.610000000000000424e-03	-9.076570209703947734e-04	-1.828380383943256637e-01
6.620000000000000016e-03	-2.728913959703948059e-04	-1.718517102693256637e-01
6.629999999999999609e-03	-6.635163959703947734e-04	-1.791759290193256637e-01
6.640000000000000069e-03	-2.875077097039477540e-05	-1.669688977693256637e-01
6.649999999999999661e-03	-4.193757709703947734e-04	-1.755138196443256637e-01
6.660000000000000121e-03	2.153898540296052483e-04	-1.633067883943256637e-01
6.669999999999999714e-03	-1.752351459703947734e-04	-1.706310071443256637e-01
6.680000000000000174e-03	4.107023540296052592e-04	-1.596446790193256637e-01
6.689999999999999766e-03	2.007735402960522732e-05	-1.657481946443256637e-01
6.700000000000000226e-03	5.083586040296052917e-04	-1.547618665193256637e-01
6.709999999999999819e-03	2.642179790296052375e-04	-1.620860852693256637e-01
6.720000000000000279e-03	7.036711040296052483e-04	-1.510997571443256637e-01
6.729999999999999871e-03	4.107023540296052592e-04	-1.584239758943256637e-01
6.740000000000000331e-03	8.989836040296053134e-04	-1.462169446443256637e-01
6.749999999999999924e-03	5.571867290296052266e-04	-1.535411633943256637e-01
6.760000000000000384e-03	1.045467979029605227e-03	-1.425548352693256637e-01
6.769999999999999976e-03	7.036711040296052483e-04	-1.498790540193256637e-01
6.779999999999999569e-03	1.191952354029605357e-03	-1.388927258943256637e-01
6.790000000000000029e-03	8.501554790296052700e-04	-1.449962415193256637e-01
6.799999999999999621e-03	1.338436729029605270e-03	-1.340099133943256637e-01
6.810000000000000081e-03	9.966398540296051833e-04	-1.413341321443256637e-01
6.819999999999999674e-03	1.436092979029605357e-03	-1.303478040193256637e-01
6.830000000000000134e-03	1.143124229029605313e-03	-1.376720227693256637e-01
6.839999999999999726e-03	1.582577354029605270e-03	-1.254649915193256637e-01
6.850000000000000186e-03	1.240780479029605400e-03	-1.327892102693256637e-01
6.859999999999999779e-03	1.680233604029605357e-03	-1.218028821443256637e-01
6.870000000000000238e-03	1.338436729029605270e-03	-1.291271008943256637e-01
6.879999999999999831e-03	1.777889854029605227e-03	-1.169200696443256637e-01
6.890000000000000291e-03	1.436092979029605357e-03	-1.242442883943256637e-01
6.899999999999999883e-03	1.875546104029605313e-03	-1.132579602693256637e-01
6.910000000000000343e-03	1.582577354029605270e-03	-1.205821790193256637e-01
6.919999999999999936e-03	1.973202354029605400e-03	-1.095958508943256637e-01
6.930000000000000396e-03	1.680233604029605357e-03	-1.169200696443256637e-01
6.939999999999999988e-03	2.070858604029605487e-03	-1.047130383943256637e-01
6.949999999999999581e-03	1.777889854029605227e-03	-1.120372571443256637e-01
6.960000000000000041e-03	2.168514854029605140e-03	-1.010509290193256637e-01
6.969999999999999633e-03	1.826717979029605270e-03	-1.083751477693256637e-01
6.980000000000000093e-03	2.266171104029605227e-03	-9.616811651932566374e-02
6.989999999999999686e-03	1.924374229029605357e-03	-1.034923352693256637e-01
7.000000000000000146e-03	2.363827354029605313e-03	-9.250600714432566374e-02
7.009999999999999738e-03	2.022030479029605227e-03	-9.983022589432566374e-02
7.020000000000000198e-03	2.461483604029605400e-03	-8.884389776932566374e-02
7.029999999999999791e-03	2.119686729029605313e-03	-9.494741339432566374e-02
7.040000000000000251e-03	2.559139854029605487e-03	-8.396108526932566374e-02
7.049999999999999843e-03	2.217342979029605400e-03	-9.128530401932566374e-02
7.060000000000000303e-03	2.607967979029605313e-03	-8.029897589432566374e-02
7.069999999999999896e-03	2.314999229029605487e-03	-8.762319464432566374e-02
7.080000000000000356e-03	2.705624229029605400e-03	-7.541616339432566374e-02
7.089999999999999948e-03	2.363827354029605313e-03	-8.274038214432566374e-02
7.100000000000000408e-03	2.803280479029605487e-03	-7.175405401932566374e-02
7.110000000000000001e-03	2.461483604029605400e-03	-7.907827276932566374e-02
7.119999999999999593e-03	2.852108604029605313e-03	-6.687124151932566374e-02
7.130000000000000053e-03	2.510311729029605227e-03	-7.541616339432566374e-02
7.139999999999999646e-03	2.949764854029605400e-03	-6.320913214432566374e-02
7.150000000000000105e-03	2.607967979029605313e-03	-7.053335089432566374e-02
7.159999999999999698e-03	2.998592979029605227e-03	-5.954702276932566374e-02
7.170000000000000158e-03	2.705624229029605400e-03	-6.687124151932566374e-02
7.179999999999999750e-03	3.096249229029605313e-03	-5.466421026932566374e-02
7.190000000000000210e-03	2.754452354029605227e-03	-6.198842901932566374e-02
7.199999999999999803e-03	3.145077354029605574e-03	-5.100210089432566374e-02
7.210000000000000263e-03	2.852108604029605313e-03	-5.832631964432566374e-02
7.219999999999999855e-03	3.242733604029605227e-03	-4.611928839432566374e-02
7.230000000000000315e-03	2.900936729029605574e-03	-5.344350714432566374e-02
7.239999999999999908e-03	3.291561729029605487e-03	-4.245717901932566374e-02
7.250000000000000368e-03	2.998592979029605227e-03	-4.978139776932566374e-02
7.259999999999999960e-03	3.389217979029605574e-03	-3.879506964432566374e-02
7.270000000000000420e-03	3.047421104029605487e-03	-4.611928839432566374e-02
7.280000000000000013e-03	3.438046104029605400e-03	-3.391225714432566374e-02
7.289999999999999605e-03	3.145077354029605574e-03	-4.123647589432566374e-02
7.300000000000000065e-03	3.535702354029605487e-03	-3.025014776932566374e-02
7.309999999999999658e-03	3.193905479029605400e-03	-3.757436651932566374e-02
7.320000000000000118e-03	3.584530479029605313e-03	-2.536733526932566374e-02
7.329999999999999710e-03	3.242733604029605227e-03	-3.269155401932566374e-02
7.340000000000000170e-03	3.682186729029605400e-03	-2.170522589432566374e-02
7.349999999999999763e-03	3.340389854029605313e-03	-2.902944464432566374e-02
7.360000000000000223e-03	3.731014854029605227e-03	-1.804311651932566374e-02
7.369999999999999815e-03	3.389217979029605574e-03	-2.536733526932566374e-02
7.380000000000000275e-03	3.779842979029605487e-03	-1.316030401932566374e-02
7.389999999999999868e-03	3.486874229029605227e-03	-2.048452276932566374e-02
7.400000000000000328e-03	3.877499229029605574e-03	-9.498194644325663738e-03
7.409999999999999920e-03	3.535702354029605487e-03	-1.682241339432566374e-02
7.420000000000000380e-03	3.926327354029605400e-03	-4.615382144325663738e-03
7.429999999999999973e-03	3.584530479029605313e-03	-1.193960089432566374e-02
7.440000000000000432e-03	3.975155479029605227e-03	-9.532727693256637380e-04
7.450000000000000025e-03	3.633358604029605574e-03	-8.277491519325663738e-03
7.459999999999999618e-03	4.023983604029605053e-03	2.708836605674336262e-03
7.470000000000000077e-03	3.682186729029605400e-03	-4.615382144325663738e-03
7.479999999999999670e-03	4.072811729029605747e-03	7.591649105674336262e-03
7.490000000000000130e-03	3.731014854029605227e-03	2.674303556743362620e-04
7.499999999999999722e-03	4.121639854029605574e-03	1.125375848067433626e-02
7.510000000000000182e-03	3.779842979029605487e-03	3.929539730674336262e-03
7.519999999999999775e-03	4.170467979029605400e-03	1.613657098067433626e-02
7.530000000000000235e-03	3.828671104029605313e-03	8.812352230674336262e-03
7.539999999999999827e-03	4.170467979029605400e-03	1.979868035567433626e-02
7.550000000000000287e-03	3.877499229029605574e-03	1.247446160567433626e-02
7.559999999999999880e-03	4.219296104029605227e-03	2.468149285567433626e-02
7.570000000000000340e-03	3.877499229029605574e-03	1.613657098067433626e-02
7.579999999999999932e-03	4.268124229029605053e-03	2.834360223067433626e-02
7.590000000000000392e-03	3.926327354029605400e-03	2.101938348067433626e-02
7.599999999999999985e-03	4.268124229029605053e-03	3.200571160567433626e-02
7.609999999999999577e-03	3.926327354029605400e-03	2.468149285567433626e-02
7.620000000000000037e-03	4.268124229029605053e-03	3.566782098067433626e-02
7.629999999999999630e-03	3.975155479029605227e-03	2.956430535567433626e-02
7.640000000000000090e-03	4.316952354029605747e-03	4.055063348067433626e-02
7.649999999999999682e-03	3.975155479029605227e-03	3.322641473067433626e-02
7.660000000000000142e-03	4.316952354029605747e-03	4.421274285567433626e-02
7.669999999999999735e-03	3.975155479029605227e-03	3.688852410567433626e-02
7.680000000000000195e-03	4.316952354029605747e-03	4.909555535567433626e-02
7.689999999999999787e-03	4.023983604029605053e-03	4.177133660567433626e-02
7.700000000000000247e-03	4.365780479029605574e-03	5.275766473067433626e-02
7.709999999999999840e-03	4.023983604029605053e-03	4.543344598067433626e-02
7.720000000000000299e-03	4.365780479029605574e-03	5.641977410567433626e-02
7.729999999999999892e-03	4.072811729029605747e-03	4.909555535567433626e-02
7.740000000000000352e-03	4.414608604029605400e-03	6.008188348067433626e-02
7.749999999999999944e-03	4.072811729029605747e-03	5.397836785567433626e-02
7.760000000000000404e-03	4.414608604029605400e-03	6.496469598067433626e-02
7.769999999999999997e-03	4.072811729029605747e-03	5.764047723067433626e-02
7.779999999999999589e-03	4.414608604029605400e-03	6.984750848067433626e-02
7.790000000000000049e-03	4.121639854029605574e-03	6.130258660567433626e-02
7.799999999999999642e-03	4.414608604029605400e-03	7.350961785567433626e-02
7.810000000000000102e-03	4.121639854029605574e-03	6.618539910567433626e-02
7.820000000000000562e-03	4.463436729029605227e-03	7.717172723067433626e-02
7.830000000000000154e-03	4.121639854029605574e-03	6.984750848067433626e-02
7.839999999999999747e-03	4.463436729029605227e-03	8.083383660567433626e-02
7.849999999999999339e-03	4.121639854029605574e-03	7.473032098067433626e-02
7.860000000000000667e-03	4.463436729029605227e-03	8.571664910567433626e-02
7.870000000000000259e-03	4.170467979029605400e-03	7.839243035567433626e-02
7.879999999999999852e-03	4.463436729029605227e-03	8.937875848067433626e-02
7.889999999999999444e-03	4.170467979029605400e-03	8.205453973067433626e-02
7.900000000000000772e-03	4.463436729029605227e-03	9.304086785567433626e-02
7.910000000000000364e-03	4.170467979029605400e-03	8.693735223067433626e-02
7.919999999999999957e-03	4.463436729029605227e-03	9.792368035567433626e-02
7.929999999999999549e-03	4.170467979029605400e-03	9.059946160567433626e-02
7.939999999999999142e-03	4.463436729029605227e-03	1.015857897306743363e-01
7.950000000000000469e-03	4.170467979029605400e-03	9.548227410567433626e-02
7.960000000000000062e-03	4.463436729029605227e-03	1.052478991056743363e-01
7.969999999999999654e-03	4.170467979029605400e-03	9.914438348067433626e-02
7.979999999999999247e-03	4.463436729029605227e-03	1.101307116056743363e-01
7.990000000000000574e-03	4.170467979029605400e-03	1.028064928556743363e-01
8.000000000000000167e-03	4.463436729029605227e-03	1.137928209806743363e-01
8.009999999999999759e-03	4.170467979029605400e-03	1.064686022306743363e-01
8.019999999999999352e-03	4.512264854029605053e-03	1.174549303556743363e-01
8.030000000000000679e-03	4.170467979029605400e-03	1.101307116056743363e-01
8.040000000000000271e-03	4.512264854029605053e-03	1.223377428556743363e-01
8.049999999999999864e-03	4.170467979029605400e-03	1.150135241056743363e-01
8.059999999999999457e-03	4.512264854029605053e-03	1.259998522306743363e-01
8.070000000000000784e-03	4.219296104029605227e-03	1.186756334806743363e-01
8.080000000000000376e-03	4.512264854029605053e-03	1.308826647306743363e-01
8.089999999999999969e-03	4.219296104029605227e-03	1.235584459806743363e-01
8.099999999999999561e-03	4.561092979029605747e-03	1.345447741056743363e-01
8.109999999999999154e-03	4.219296104029605227e-03	1.272205553556743363e-01
8.120000000000000481e-03	4.561092979029605747e-03	1.382068834806743363e-01
8.130000000000000074e-03	4.268124229029605053e-03	1.308826647306743363e-01
8.139999999999999666e-03	4.561092979029605747e-03	1.418689928556743363e-01
8.149999999999999259e-03	4.268124229029605053e-03	1.345447741056743363e-01
8.160000000000000586e-03	4.561092979029605747e-03	1.467518053556743363e-01
8.170000000000000179e-03	4.268124229029605053e-03	1.394275866056743363e-01
8.179999999999999771e-03	4.609921104029605574e-03	1.504139147306743363e-01
8.189999999999999364e-03	4.268124229029605053e-03	1.430896959806743363e-01
8.200000000000000691e-03	4.609921104029605574e-03	1.540760241056743363e-01
8.210000000000000284e-03	4.268124229029605053e-03	1.479725084806743363e-01
8.219999999999999876e-03	4.609921104029605574e-03	1.589588366056743363e-01
8.229999999999999469e-03	4.268124229029605053e-03	1.516346178556743363e-01
8.240000000000000796e-03	4.609921104029605574e-03	1.626209459806743363e-01
8.250000000000000389e-03	4.316952354029605747e-03	1.552967272306743363e-01
8.259999999999999981e-03	4.658749229029605400e-03	1.675037584806743363e-01
8.269999999999999574e-03	4.316952354029605747e-03	1.601795397306743363e-01
8.279999999999999166e-03	4.658749229029605400e-03	1.711658678556743363e-01
8.290000000000000493e-03	4.316952354029605747e-03	1.638416491056743363e-01
8.300000000000000086e-03	4.658749229029605400e-03	1.748279772306743363e-01
8.309999999999999679e-03	4.316952354029605747e-03	1.675037584806743363e-01
8.319999999999999271e-03	4.658749229029605400e-03	1.784900866056743363e-01
8.330000000000000598e-03	4.316952354029605747e-03	1.723865709806743363e-01
8.340000000000000191e-03	4.658749229029605400e-03	1.833728991056743363e-01
8.349999999999999784e-03	4.316952354029605747e-03	1.760486803556743363e-01
8.359999999999999376e-03	4.658749229029605400e-03	1.870350084806743363e-01
8.370000000000000703e-03	4.316952354029605747e-03	1.797107897306743363e-01
8.380000000000000296e-03	4.658749229029605400e-03	1.919178209806743363e-01
8.389999999999999888e-03	4.365780479029605574e-03	1.845936022306743363e-01
8.399999999999999481e-03	4.707577354029605227e-03	1.955799303556743363e-01
8.410000000000000808e-03	4.365780479029605574e-03	1.882557116056743363e-01
8.420000000000000401e-03	4.756405479029605921e-03	1.992420397306743363e-01
8.429999999999999993e-03	4.414608604029605400e-03	1.919178209806743363e-01
8.439999999999999586e-03	4.756405479029605921e-03	2.041248522306743363e-01
8.449999999999999178e-03	4.414608604029605400e-03	1.968006334806743363e-01
8.460000000000000506e-03	4.805233604029605747e-03	2.077869616056743363e-01
8.470000000000000098e-03	4.463436729029605227e-03	2.004627428556743363e-01
8.479999999999999691e-03	4.805233604029605747e-03	2.114490709806743363e-01
8.489999999999999283e-03	4.512264854029605053e-03	2.041248522306743363e-01
8.500000000000000611e-03	4.854061729029605574e-03	2.151111803556743363e-01
8.510000000000000203e-03	4.561092979029605747e-03	2.090076647306743363e-01
8.519999999999999796e-03	4.951717979029605227e-03	2.199939928556743363e-01
8.529999999999999388e-03	4.609921104029605574e-03	2.126697741056743363e-01
8.540000000000000716e-03	5.000546104029605921e-03	2.236561022306743363e-01
8.550000000000000308e-03	4.658749229029605400e-03	2.163318834806743363e-01
8.559999999999999901e-03	5.049374229029605747e-03	2.273182116056743363e-01
8.569999999999999493e-03	4.756405479029605921e-03	2.212146959806743363e-01
8.580000000000000820e-03	5.147030479029605400e-03	2.322010241056743363e-01
8.590000000000000413e-03	4.805233604029605747e-03	2.248768053556743363e-01
8.600000000000000006e-03	5.195858604029605227e-03	2.358631334806743363e-01
8.609999999999999598e-03	4.854061729029605574e-03	2.285389147306743363e-01
8.619999999999999191e-03	5.293514854029605747e-03	2.407459459806743363e-01
8.630000000000000518e-03	4.951717979029605227e-03	2.334217272306743363e-01
8.640000000000000110e-03	5.391171104029605400e-03	2.444080553556743363e-01
8.649999999999999703e-03	5.049374229029605747e-03	2.370838366056743363e-01
8.659999999999999296e-03	5.439999229029605227e-03	2.480701647306743363e-01
8.670000000000000623e-03	5.147030479029605400e-03	2.407459459806743363e-01
8.680000000000000215e-03	5.586483604029605574e-03	2.517322741056743363e-01
8.689999999999999808e-03	5.244686729029605921e-03	2.456287584806743363e-01
8.699999999999999400e-03	5.684139854029605227e-03	2.566150866056743363e-01
8.710000000000000728e-03	5.342342979029605574e-03	2.492908678556743363e-01
8.720000000000000320e-03	5.781796104029605747e-03	2.602771959806743363e-01
8.729999999999999913e-03	5.439999229029605227e-03	2.529529772306743363e-01
8.739999999999999505e-03	5.879452354029605400e-03	2.651600084806743363e-01
8.750000000000000833e-03	5.537655479029605747e-03	2.578357897306743363e-01
8.760000000000000425e-03	6.025936729029605747e-03	2.688221178556743363e-01
8.770000000000000018e-03	5.684139854029605227e-03	2.614978991056743363e-01
8.779999999999999610e-03	6.123592979029605400e-03	2.712635241056743363e-01
8.789999999999999203e-03	5.781796104029605747e-03	2.651600084806743363e-01
8.800000000000000530e-03	6.270077354029604880e-03	2.749256334806743363e-01
8.810000000000000123e-03	5.879452354029605400e-03	2.688221178556743363e-01
8.819999999999999715e-03	6.367733604029604533e-03	2.798084459806743363e-01
8.829999999999999308e-03	6.025936729029605747e-03	2.724842272306743363e-01
8.840000000000000635e-03	6.514217979029604880e-03	2.834705553556743363e-01
8.850000000000000228e-03	6.172421104029605227e-03	2.761463366056743363e-01
8.859999999999999820e-03	6.660702354029605227e-03	2.871326647306743363e-01
8.869999999999999413e-03	6.318905479029604706e-03	2.798084459806743363e-01
8.880000000000000740e-03	6.807186729029604706e-03	2.920154772306743363e-01
8.890000000000000333e-03	6.465389854029605053e-03	2.846912584806743363e-01
8.899999999999999925e-03	6.953671104029605053e-03	2.956775866056743363e-01
8.909999999999999518e-03	6.611874229029604533e-03	2.883533678556743363e-01
8.920000000000000845e-03	7.148983604029605227e-03	2.993396959806743363e-01
8.930000000000000437e-03	6.807186729029604706e-03	2.920154772306743363e-01
8.940000000000000030e-03	7.295467979029604706e-03	3.042225084806743363e-01
8.949999999999999623e-03	6.953671104029605053e-03	2.968982897306743363e-01
8.959999999999999215e-03	7.441952354029605053e-03	3.078846178556743363e-01
8.970000000000000542e-03	7.148983604029605227e-03	3.005603991056743363e-01
8.980000000000000135e-03	7.637264854029605227e-03	3.115467272306743363e-01
8.989999999999999727e-03	7.295467979029604706e-03	3.042225084806743363e-01
8.999999999999999320e-03	7.832577354029604533e-03	3.152088366056743363e-01
9.010000000000000647e-03	7.490780479029604880e-03	3.091053209806743363e-01
9.020000000000000240e-03	8.027889854029605574e-03	3.200916491056743363e-01
9.029999999999999832e-03	7.686092979029605053e-03	3.127674303556743363e-01
9.039999999999999425e-03	8.223202354029604880e-03	3.237537584806743363e-01
9.050000000000000752e-03	7.881405479029605227e-03	3.164295397306743363e-01
9.060000000000000345e-03	8.418514854029604186e-03	3.274158678556743363e-01
9.069999999999999937e-03	8.076717979029604533e-03	3.200916491056743363e-01
9.079999999999999530e-03	8.662655479029604186e-03	3.322986803556743363e-01
9.090000000000000857e-03	8.272030479029605574e-03	3.249744616056743363e-01
9.100000000000000450e-03	8.857967979029605227e-03	3.359607897306743363e-01
9.110000000000000042e-03	8.516171104029605574e-03	3.286365709806743363e-01
9.119999999999999635e-03	9.102108604029605227e-03	3.396228991056743363e-01
9.129999999999999227e-03	8.711483604029604880e-03	3.322986803556743363e-01
9.140000000000000555e-03	9.346249229029605227e-03	3.432850084806743363e-01
9.150000000000000147e-03	8.955624229029604880e-03	3.359607897306743363e-01
9.159999999999999740e-03	9.541561729029604533e-03	3.481678209806743363e-01
9.169999999999999332e-03	9.199764854029604880e-03	3.408436022306743363e-01
9.180000000000000659e-03	9.834530479029605227e-03	3.518299303556743363e-01
9.190000000000000252e-03	9.443905479029604880e-03	3.445057116056743363e-01
9.199999999999999845e-03	1.007867110402960523e-02	3.554920397306743363e-01
9.209999999999999437e-03	9.688046104029604880e-03	3.481678209806743363e-01
9.220000000000000764e-03	1.032281172902960523e-02	3.603748522306743363e-01
9.230000000000000357e-03	9.932186729029604880e-03	3.530506334806743363e-01
9.239999999999999949e-03	1.061578047902960592e-02	3.640369616056743363e-01
9.249999999999999542e-03	1.022515547902960557e-02	3.567127428556743363e-01
9.259999999999999135e-03	1.090874922902960488e-02	3.676990709806743363e-01
9.270000000000000462e-03	1.046929610402960557e-02	3.603748522306743363e-01
9.280000000000000054e-03	1.115288985402960488e-02	3.713611803556743363e-01
9.289999999999999647e-03	1.076226485402960453e-02	3.652576647306743363e-01
9.299999999999999239e-03	1.144585860402960557e-02	3.762439928556743363e-01
9.310000000000000567e-03	1.105523360402960523e-02	3.689197741056743363e-01
9.320000000000000159e-03	1.173882735402960453e-02	3.799061022306743363e-01
9.329999999999999752e-03	1.134820235402960592e-02	3.725818834806743363e-01
9.339999999999999344e-03	1.208062422902960592e-02	3.835682116056743363e-01
9.350000000000000672e-03	1.164117110402960488e-02	3.762439928556743363e-01
9.360000000000000264e-03	1.237359297902960488e-02	3.872303209806743363e-01
9.369999999999999857e-03	1.193413985402960557e-02	3.811268053556743363e-01
9.379999999999999449e-03	1.266656172902960557e-02	3.908924303556743363e-01
9.390000000000000777e-03	1.222710860402960453e-02	3.847889147306743363e-01
9.400000000000000369e-03	1.295953047902960453e-02	3.957752428556743363e-01
9.409999999999999962e-03	1.256890547902960592e-02	3.884510241056743363e-01
9.419999999999999554e-03	1.330132735402960592e-02	3.994373522306743363e-01
9.429999999999999147e-03	1.286187422902960488e-02	3.933338366056743363e-01
9.440000000000000474e-03	1.359429610402960488e-02	4.043201647306743363e-01
9.450000000000000067e-03	1.320367110402960453e-02	3.969959459806743363e-01
9.459999999999999659e-03	1.393609297902960453e-02	4.079822741056743363e-01
9.469999999999999252e-03	1.354546797902960592e-02	4.006580553556743363e-01
9.480000000000000579e-03	1.427788985402960592e-02	4.116443834806743363e-01
9.490000000000000172e-03	1.383843672902960488e-02	4.055408678556743363e-01
9.499999999999999764e-03	1.461968672902960557e-02	4.165271959806743363e-01
9.509999999999999357e-03	1.418023360402960453e-02	4.092029772306743363e-01
9.520000000000000684e-03	1.496148360402960523e-02	4.201893053556743363e-01
9.530000000000000276e-03	1.452203047902960592e-02	4.128650866056743363e-01
9.539999999999999869e-03	1.530328047902960488e-02	4.238514147306743363e-01
9.549999999999999462e-03	1.486382735402960557e-02	4.165271959806743363e-01
9.560000000000000789e-03	1.564507735402960453e-02	4.275135241056743363e-01
9.570000000000000381e-03	1.520562422902960523e-02	4.201893053556743363e-01
9.579999999999999974e-03	1.598687422902960592e-02	4.323963366056743363e-01
9.589999999999999566e-03	1.554742110402960488e-02	4.250721178556743363e-01
9.599999999999999159e-03	1.632867110402960384e-02	4.360584459806743363e-01
9.610000000000000486e-03	1.588921797902960453e-02	4.287342272306743363e-01
9.620000000000000079e-03	1.671929610402960592e-02	4.397205553556743363e-01
9.629999999999999671e-03	1.627984297902960661e-02	4.323963366056743363e-01
9.639999999999999264e-03	1.706109297902960384e-02	4.433826647306743363e-01
9.650000000000000591e-03	1.662163985402960453e-02	4.372791491056743363e-01
9.660000000000000184e-03	1.745171797902960592e-02	4.470447741056743363e-01
9.669999999999999776e-03	1.701226485402960661e-02	4.409412584806743363e-01
9.679999999999999369e-03	1.779351485402960384e-02	4.519275866056743363e-01
9.690000000000000696e-03	1.735406172902960453e-02	4.446033678556743363e-01
9.700000000000000289e-03	1.818413985402960592e-02	4.555896959806743363e-01
9.709999999999999881e-03	1.774468672902960661e-02	4.482654772306743363e-01
9.719999999999999474e-03	1.857476485402960453e-02	4.592518053556743363e-01
9.730000000000000801e-03	1.808648360402960453e-02	4.519275866056743363e-01
9.740000000000000394e-03	1.891656172902960592e-02	4.629139147306743363e-01
9.749999999999999986e-03	1.847710860402960661e-02	4.568103991056743363e-01
9.759999999999999579e-03	1.930718672902960453e-02	4.677967272306743363e-01
9.769999999999999171e-03	1.886773360402960523e-02	4.604725084806743363e-01
9.780000000000000498e-03	1.969781172902960661e-02	4.714588366056743363e-01
9.790000000000000091e-03	1.925835860402960731e-02	4.641346178556743363e-01
9.799999999999999684e-03	2.008843672902960523e-02	4.751209459806743363e-01
9.809999999999999276e-03	1.960015547902960523e-02	4.690174303556743363e-01
9.820000000000000603e-03	2.043023360402960661e-02	4.800037584806743363e-01
9.830000000000000196e-03	1.999078047902960731e-02	4.726795397306743363e-01
9.839999999999999789e-03	2.082085860402960523e-02	4.836658678556743363e-01
9.849999999999999381e-03	2.033257735402960523e-02	4.763416491056743363e-01
9.860000000000000708e-03	2.116265547902960661e-02	4.873279772306743363e-01
9.870000000000000301e-03	2.072320235402960731e-02	4.800037584806743363e-01
9.879999999999999893e-03	2.150445235402960453e-02	4.909900866056743363e-01
9.889999999999999486e-03	2.106499922902960523e-02	4.836658678556743363e-01
9.900000000000000813e-03	2.184624922902960592e-02	4.946521959806743363e-01
9.910000000000000406e-03	2.140679610402960661e-02	4.885486803556743363e-01
9.919999999999999998e-03	2.218804610402960731e-02	4.995350084806743363e-01
9.929999999999999591e-03	2.174859297902960453e-02	4.922107897306743363e-01
9.939999999999999183e-03	2.252984297902960523e-02	5.031971178556743363e-01
9.950000000000000511e-03	2.209038985402960592e-02	4.958728991056743363e-01
9.960000000000000103e-03	2.282281172902960592e-02	5.068592272306743363e-01
9.969999999999999696e-03	2.243218672902960731e-02	4.995350084806743363e-01
9.979999999999999288e-03	2.316460860402960731e-02	5.105213366056743363e-01
9.990000000000000616e-03	2.272515547902960453e-02	5.044178209806743363e-01
1.000000000000000021e-02	2.345757735402960453e-02	5.154041491056743363e-01
1.000999999999999980e-02	2.306695235402960592e-02	5.080799303556743363e-01
1.001999999999999939e-02	2.379937422902960592e-02	5.190662584806743363e-01
1.003000000000000072e-02	2.335992110402960661e-02	5.117420397306743363e-01
1.004000000000000031e-02	2.409234297902960661e-02	5.227283678556743363e-01
1.004999999999999991e-02	2.365288985402960731e-02	5.154041491056743363e-01
1.005999999999999950e-02	2.438531172902960731e-02	5.263904772306743363e-01
1.007000000000000083e-02	2.399468672902960523e-02	5.202869616056743363e-01
1.008000000000000042e-02	2.467828047902960453e-02	5.312732897306743363e-01
1.009000000000000001e-02	2.423882735402960523e-02	5.239490709806743363e-01
1.009999999999999960e-02	2.497124922902960523e-02	5.349353991056743363e-01
1.010999999999999920e-02	2.453179610402960592e-02	5.276111803556743363e-01
1.012000000000000052e-02	2.526421797902960939e-02	5.385975084806743363e-01
1.013000000000000012e-02	2.482476485402960661e-02	5.312732897306743363e-01
1.013999999999999971e-02	2.550835860402960939e-02	5.422596178556743363e-01
1.014999999999999930e-02	2.511773360402960731e-02	5.349353991056743363e-01
1.016000000000000063e-02	2.575249922902960939e-02	5.459217272306743363e-01
1.017000000000000022e-02	2.541070235402960800e-02	5.398182116056743363e-01
1.017999999999999981e-02	2.604546797902961008e-02	5.508045397306743363e-01
1.018999999999999941e-02	2.565484297902960800e-02	5.434803209806743363e-01
1.020000000000000073e-02	2.628960860402961008e-02	5.544666491056743363e-01
1.021000000000000033e-02	2.589898360402960800e-02	5.471424303556743363e-01
1.021999999999999992e-02	2.653374922902961008e-02	5.581287584806743363e-01
1.022999999999999951e-02	2.614312422902960800e-02	5.508045397306743363e-01
1.024000000000000084e-02	2.677788985402961008e-02	5.617908678556743363e-01
1.025000000000000043e-02	2.638726485402960800e-02	5.544666491056743363e-01
1.026000000000000002e-02	2.702203047902961008e-02	5.654529772306743363e-01
1.026999999999999962e-02	2.663140547902960800e-02	5.593494616056743363e-01
1.027999999999999921e-02	2.726617110402961008e-02	5.703357897306743363e-01
1.029000000000000054e-02	2.687554610402960800e-02	5.630115709806743363e-01
1.030000000000000013e-02	2.746148360402960939e-02	5.739978991056743363e-01
1.030999999999999972e-02	2.707085860402960731e-02	5.666736803556743363e-01
1.031999999999999931e-02	2.765679610402960870e-02	5.776600084806743363e-01
1.033000000000000064e-02	2.726617110402961008e-02	5.703357897306743363e-01
1.034000000000000023e-02	2.785210860402960800e-02	5.813221178556743363e-01
1.034999999999999983e-02	2.746148360402960939e-02	5.752186022306743363e-01
1.035999999999999942e-02	2.799859297902961008e-02	5.849842272306743363e-01
1.037000000000000074e-02	2.765679610402960870e-02	5.776600084806743363e-01
1.038000000000000034e-02	2.814507735402960870e-02	5.898670397306743363e-01
1.038999999999999993e-02	2.780328047902960731e-02	5.825428209806743363e-01
1.039999999999999952e-02	2.834038985402960800e-02	5.935291491056743363e-01
1.041000000000000085e-02	2.794976485402960939e-02	5.862049303556743363e-01
1.042000000000000044e-02	2.848687422902961008e-02	5.971912584806743363e-01
1.043000000000000003e-02	2.809624922902960800e-02	5.910877428556743363e-01
1.043999999999999963e-02	2.858453047902960800e-02	6.020740709806743363e-01
1.044999999999999922e-02	2.824273360402961008e-02	5.947498522306743363e-01
1.046000000000000055e-02	2.873101485402961008e-02	6.057361803556743363e-01
1.047000000000000014e-02	2.838921797902960870e-02	5.984119616056743363e-01
1.047999999999999973e-02	2.887749922902960870e-02	6.093982897306743363e-01
1.048999999999999932e-02	2.848687422902961008e-02	6.020740709806743363e-01
1.050000000000000065e-02	2.897515547902961008e-02	6.130603991056743363e-01
1.051000000000000024e-02	2.863335860402960870e-02	6.057361803556743363e-01
1.051999999999999984e-02	2.907281172902960800e-02	6.167225084806743363e-01
1.052999999999999943e-02	2.873101485402961008e-02	6.093982897306743363e-01
1.054000000000000076e-02	2.917046797902960939e-02	6.203846178556743363e-01
1.055000000000000035e-02	2.882867110402960800e-02	6.142811022306743363e-01
1.055999999999999994e-02	2.931695235402960800e-02	6.240467272306743363e-01
1.056999999999999953e-02	2.892632735402960939e-02	6.179432116056743363e-01
1.058000000000000086e-02	2.941460860402960939e-02	6.289295397306743363e-01
1.059000000000000045e-02	2.907281172902960800e-02	6.216053209806743363e-01
1.060000000000000005e-02	2.951226485402960731e-02	6.325916491056743363e-01
1.060999999999999964e-02	2.917046797902960939e-02	6.252674303556743363e-01
1.061999999999999923e-02	2.965874922902960939e-02	6.362537584806743363e-01
1.063000000000000056e-02	2.926812422902960731e-02	6.289295397306743363e-01
1.064000000000000015e-02	2.975640547902960731e-02	6.399158678556743363e-01
1.064999999999999974e-02	2.941460860402960939e-02	6.338123522306743363e-01
1.065999999999999934e-02	2.990288985402960939e-02	6.447986803556743363e-01
1.067000000000000066e-02	2.956109297902960800e-02	6.374744616056743363e-01
1.068000000000000026e-02	3.004937422902960800e-02	6.484607897306743363e-01
1.068999999999999985e-02	2.970757735402961008e-02	6.411365709806743363e-01
1.069999999999999944e-02	3.019585860402961008e-02	6.521228991056743363e-01
1.071000000000000077e-02	2.985406172902960870e-02	6.447986803556743363e-01
1.072000000000000036e-02	3.034234297902960870e-02	6.557850084806743363e-01
1.072999999999999995e-02	3.000054610402960731e-02	6.496814928556743363e-01
1.073999999999999955e-02	3.053765547902960800e-02	6.594471178556743363e-01
1.074999999999999914e-02	3.014703047902960939e-02	6.533436022306743363e-01
1.076000000000000047e-02	3.073296797902960731e-02	6.643299303556743363e-01
1.077000000000000006e-02	3.034234297902960870e-02	6.570057116056743363e-01
1.077999999999999965e-02	3.092828047902961008e-02	6.679920397306743363e-01
1.078999999999999924e-02	3.053765547902960800e-02	6.606678209806743363e-01
1.080000000000000057e-02	3.117242110402961008e-02	6.716541491056743363e-01
1.081000000000000016e-02	3.078179610402960800e-02	6.643299303556743363e-01
1.081999999999999976e-02	3.136773360402960592e-02	6.753162584806743363e-01
1.082999999999999935e-02	3.102593672902960800e-02	6.692127428556743363e-01
1.084000000000000068e-02	3.161187422902960592e-02	6.801990709806743363e-01
1.085000000000000027e-02	3.122124922902960731e-02	6.728748522306743363e-01
1.085999999999999986e-02	3.190484297902961008e-02	6.838611803556743363e-01
1.086999999999999945e-02	3.151421797902961147e-02	6.765369616056743363e-01
1.088000000000000078e-02	3.214898360402961008e-02	6.875232897306743363e-01
1.089000000000000037e-02	3.175835860402961147e-02	6.801990709806743363e-01
1.089999999999999997e-02	3.244195235402960731e-02	6.911853991056743363e-01
1.090999999999999956e-02	3.205132735402960870e-02	6.838611803556743363e-01
1.091999999999999915e-02	3.273492110402961147e-02	6.948475084806743363e-01
1.093000000000000048e-02	3.229546797902960870e-02	6.875232897306743363e-01
1.094000000000000007e-02	3.302788985402960870e-02	6.985096178556743363e-01
1.094999999999999966e-02	3.263726485402961008e-02	6.924061022306743363e-01
1.095999999999999926e-02	3.332085860402960592e-02	7.033924303556743363e-01
1.097000000000000058e-02	3.288140547902961008e-02	6.960682116056743363e-01
1.098000000000000018e-02	3.366265547902960731e-02	7.070545397306743363e-01
1.098999999999999977e-02	3.322320235402961147e-02	6.997303209806743363e-01
1.099999999999999936e-02	3.395562422902961147e-02	7.107166491056743363e-01
1.101000000000000069e-02	3.356499922902960592e-02	7.033924303556743363e-01
1.102000000000000028e-02	3.434624922902961008e-02	7.143787584806743363e-01
1.102999999999999987e-02	3.390679610402960731e-02	7.070545397306743363e-01
1.103999999999999947e-02	3.468804610402961147e-02	7.180408678556743363e-01
1.105000000000000079e-02	3.424859297902960870e-02	7.107166491056743363e-01
1.106000000000000039e-02	3.502984297902960592e-02	7.217029772306743363e-01
1.106999999999999998e-02	3.459038985402961008e-02	7.155994616056743363e-01
1.107999999999999957e-02	3.537163985402960731e-02	7.253650866056743363e-01
1.108999999999999916e-02	3.493218672902961147e-02	7.192615709806743363e-01
1.110000000000000049e-02	3.576226485402960592e-02	7.302478991056743363e-01
1.111000000000000008e-02	3.527398360402960592e-02	7.229236803556743363e-01
1.111999999999999968e-02	3.615288985402961147e-02	7.339100084806743363e-01
1.112999999999999927e-02	3.571343672902960870e-02	7.265857897306743363e-01
1.114000000000000060e-02	3.654351485402961008e-02	7.375721178556743363e-01
1.115000000000000019e-02	3.610406172902960731e-02	7.302478991056743363e-01
1.115999999999999978e-02	3.698296797902960592e-02	7.412342272306743363e-01
1.116999999999999937e-02	3.649468672902960592e-02	7.351307116056743363e-01
1.118000000000000070e-02	3.737359297902961147e-02	7.448963366056743363e-01
1.119000000000000029e-02	3.688531172902961147e-02	7.387928209806743363e-01
1.119999999999999989e-02	3.781304610402960731e-02	7.485584459806743363e-01
1.120999999999999948e-02	3.732476485402960731e-02	7.424549303556743363e-01
1.122000000000000081e-02	3.825249922902961008e-02	7.534412584806743363e-01
1.123000000000000040e-02	3.776421797902961008e-02	7.461170397306743363e-01
1.123999999999999999e-02	3.869195235402961286e-02	7.571033678556743363e-01
1.124999999999999958e-02	3.820367110402961286e-02	7.497791491056743363e-01
1.125999999999999918e-02	3.913140547902960870e-02	7.607654772306743363e-01
1.127000000000000050e-02	3.864312422902960870e-02	7.534412584806743363e-01
1.128000000000000010e-02	3.957085860402961147e-02	7.644275866056743363e-01
1.128999999999999969e-02	3.903374922902960731e-02	7.571033678556743363e-01
1.129999999999999928e-02	3.996148360402961008e-02	7.680896959806743363e-01
1.131000000000000061e-02	3.947320235402961008e-02	7.607654772306743363e-01
1.132000000000000020e-02	4.040093672902961286e-02	7.717518053556743363e-01
1.132999999999999979e-02	3.991265547902961286e-02	7.656482897306743363e-01
1.133999999999999939e-02	4.084038985402960870e-02	7.766346178556743363e-01
1.135000000000000071e-02	4.035210860402960870e-02	7.693103991056743363e-01
1.136000000000000031e-02	4.123101485402960731e-02	7.802967272306743363e-01
1.136999999999999990e-02	4.074273360402960731e-02	7.729725084806743363e-01
1.137999999999999949e-02	4.162163985402961286e-02	7.839588366056743363e-01
1.139000000000000082e-02	4.118218672902961008e-02	7.766346178556743363e-01
1.140000000000000041e-02	4.201226485402961147e-02	7.876209459806743363e-01
1.141000000000000000e-02	4.152398360402961147e-02	7.802967272306743363e-01
1.141999999999999960e-02	4.240288985402961008e-02	7.912830553556743363e-01
1.142999999999999919e-02	4.191460860402961008e-02	7.839588366056743363e-01
1.144000000000000052e-02	4.274468672902961147e-02	7.949451647306743363e-01
1.145000000000000011e-02	4.230523360402960870e-02	7.888416491056743363e-01
1.145999999999999970e-02	4.308648360402961286e-02	7.998279772306743363e-01
1.146999999999999929e-02	4.264703047902961008e-02	7.925037584806743363e-01
1.148000000000000062e-02	4.342828047902960731e-02	8.022693834806743363e-01
1.149000000000000021e-02	4.298882735402961147e-02	7.961658678556743363e-01
1.149999999999999981e-02	4.377007735402960870e-02	8.071521959806743363e-01
1.150999999999999940e-02	4.333062422902961286e-02	7.998279772306743363e-01
1.152000000000000073e-02	4.411187422902961008e-02	8.108143053556743363e-01
1.153000000000000032e-02	4.367242110402960731e-02	8.034900866056743363e-01
1.153999999999999991e-02	4.445367110402961147e-02	8.144764147306743363e-01
1.154999999999999950e-02	4.401421797902960870e-02	8.071521959806743363e-01
1.156000000000000083e-02	4.474663985402960870e-02	8.181385241056743363e-01
1.157000000000000042e-02	4.435601485402961008e-02	8.108143053556743363e-01
1.158000000000000002e-02	4.508843672902961008e-02	8.218006334806743363e-01
1.158999999999999961e-02	4.464898360402960731e-02	8.144764147306743363e-01
1.159999999999999920e-02	4.538140547902960731e-02	8.254627428556743363e-01
1.161000000000000053e-02	4.494195235402961147e-02	8.193592272306743363e-01
1.162000000000000012e-02	4.567437422902961147e-02	8.291248522306743363e-01
1.162999999999999971e-02	4.523492110402960870e-02	8.230213366056743363e-01
1.163999999999999931e-02	4.596734297902960870e-02	8.340076647306743363e-01
1.165000000000000063e-02	4.552788985402961286e-02	8.266834459806743363e-01
1.166000000000000023e-02	4.621148360402960870e-02	8.376697741056743363e-01
1.166999999999999982e-02	4.586968672902960731e-02	8.303455553556743363e-01
1.167999999999999941e-02	4.650445235402961286e-02	8.413318834806743363e-01
1.169000000000000074e-02	4.611382735402960731e-02	8.340076647306743363e-01
1.170000000000000033e-02	4.674859297902961286e-02	8.449939928556743363e-01
1.170999999999999992e-02	4.640679610402961147e-02	8.376697741056743363e-01
1.171999999999999952e-02	4.704156172902961008e-02	8.486561022306743363e-01
1.173000000000000084e-02	4.665093672902961147e-02	8.413318834806743363e-01
1.174000000000000044e-02	4.728570235402961008e-02	8.523182116056743363e-01
1.175000000000000003e-02	4.689507735402961147e-02	8.449939928556743363e-01
1.175999999999999962e-02	4.752984297902961008e-02	8.559803209806743363e-01
1.176999999999999921e-02	4.713921797902961147e-02	8.498768053556743363e-01
1.178000000000000054e-02	4.777398360402961008e-02	8.596424303556743363e-01
1.179000000000000013e-02	4.738335860402961147e-02	8.535389147306743363e-01
1.179999999999999973e-02	4.796929610402961286e-02	8.633045397306743363e-01
1.180999999999999932e-02	4.762749922902961147e-02	8.572010241056743363e-01
1.182000000000000065e-02	4.821343672902961286e-02	8.681873522306743363e-01
1.183000000000000024e-02	4.787163985402961147e-02	8.608631334806743363e-01
1.183999999999999983e-02	4.845757735402961286e-02	8.718494616056743363e-01
1.184999999999999942e-02	4.806695235402960731e-02	8.645252428556743363e-01
1.186000000000000075e-02	4.865288985402960870e-02	8.755115709806743363e-01
1.187000000000000034e-02	4.826226485402961008e-02	8.681873522306743363e-01
1.187999999999999994e-02	4.884820235402961147e-02	8.791736803556743363e-01
1.188999999999999953e-02	4.845757735402961286e-02	8.718494616056743363e-01
1.190000000000000085e-02	4.904351485402960731e-02	8.828357897306743363e-01
1.191000000000000045e-02	4.865288985402960870e-02	8.755115709806743363e-01
1.192000000000000004e-02	4.923882735402961008e-02	8.864978991056743363e-01
1.192999999999999963e-02	4.884820235402961147e-02	8.791736803556743363e-01
1.193999999999999923e-02	4.943413985402961286e-02	8.901600084806743363e-01
1.195000000000000055e-02	4.904351485402960731e-02	8.828357897306743363e-01
1.196000000000000014e-02	4.962945235402960870e-02	8.938221178556743363e-01
1.196999999999999974e-02	4.923882735402961008e-02	8.877186022306743363e-01
1.197999999999999933e-02	4.977593672902960731e-02	8.987049303556743363e-01
1.199000000000000066e-02	4.943413985402961286e-02	8.913807116056743363e-01
1.200000000000000025e-02	4.997124922902961008e-02	9.023670397306743363e-01
1.200999999999999984e-02	4.962945235402960870e-02	8.950428209806743363e-01
1.201999999999999943e-02	5.016656172902960592e-02	9.060291491056743363e-01
1.203000000000000076e-02	4.977593672902960731e-02	8.987049303556743363e-01
1.204000000000000035e-02	5.031304610402960453e-02	9.096912584806743363e-01
1.204999999999999995e-02	4.997124922902961008e-02	9.023670397306743363e-01
1.205999999999999954e-02	5.050835860402960731e-02	9.133533678556743363e-01
1.207000000000000087e-02	5.016656172902960592e-02	9.060291491056743363e-01
1.208000000000000046e-02	5.070367110402960314e-02	9.170154772306743363e-01
1.209000000000000005e-02	5.031304610402960453e-02	9.096912584806743363e-01
1.209999999999999964e-02	5.085015547902960176e-02	9.206775866056743363e-01
1.210999999999999924e-02	5.050835860402960731e-02	9.133533678556743363e-01
1.212000000000000056e-02	5.104546797902960453e-02	9.243396959806743363e-01
1.213000000000000016e-02	5.070367110402960314e-02	9.170154772306743363e-01
1.213999999999999975e-02	5.124078047902960731e-02	9.280018053556743363e-01
1.214999999999999934e-02	5.089898360402960592e-02	9.206775866056743363e-01
1.216000000000000067e-02	5.143609297902960314e-02	9.316639147306743363e-01
1.217000000000000026e-02	5.109429610402960176e-02	9.255603991056743363e-01
1.217999999999999985e-02	5.163140547902960592e-02	9.353260241056743363e-01
1.218999999999999945e-02	5.128960860402960453e-02	9.292225084806743363e-01
1.220000000000000077e-02	5.182671797902960176e-02	9.389881334806743363e-01
1.221000000000000037e-02	5.148492110402960731e-02	9.316639147306743363e-01
1.221999999999999996e-02	5.207085860402960176e-02	9.438709459806743363e-01
1.222999999999999955e-02	5.168023360402960314e-02	9.365467272306743363e-01
1.223999999999999914e-02	5.226617110402960453e-02	9.475330553556743363e-01
1.225000000000000047e-02	5.192437422902960314e-02	9.402088366056743363e-01
1.226000000000000006e-02	5.251031172902960453e-02	9.511951647306743363e-01
1.226999999999999966e-02	5.211968672902960592e-02	9.438709459806743363e-01
1.227999999999999925e-02	5.270562422902960731e-02	9.548572741056743363e-01
1.229000000000000058e-02	5.236382735402960592e-02	9.475330553556743363e-01
1.230000000000000017e-02	5.294976485402960731e-02	9.585193834806743363e-01
1.230999999999999976e-02	5.255913985402960176e-02	9.511951647306743363e-01
1.231999999999999935e-02	5.319390547902960731e-02	9.621814928556743363e-01
1.233000000000000068e-02	5.280328047902960176e-02	9.548572741056743363e-01
1.234000000000000027e-02	5.343804610402960731e-02	9.658436022306743363e-01
1.234999999999999987e-02	5.304742110402960176e-02	9.585193834806743363e-01
1.235999999999999946e-02	5.368218672902960731e-02	9.695057116056743363e-01
1.237000000000000079e-02	5.329156172902960176e-02	9.621814928556743363e-01
1.238000000000000038e-02	5.392632735402960731e-02	9.731678209806743363e-01
1.238999999999999997e-02	5.353570235402960176e-02	9.658436022306743363e-01
1.239999999999999956e-02	5.421929610402960453e-02	9.768299303556743363e-01
1.240999999999999916e-02	5.377984297902960176e-02	9.695057116056743363e-01
1.242000000000000048e-02	5.446343672902960453e-02	9.804920397306743363e-01
1.243000000000000008e-02	5.407281172902960592e-02	9.743885241056743363e-01
1.243999999999999967e-02	5.475640547902960176e-02	9.853748522306743363e-01
1.244999999999999926e-02	5.431695235402960592e-02	9.780506334806743363e-01
1.246000000000000059e-02	5.500054610402960176e-02	9.890369616056743363e-01
1.247000000000000018e-02	5.460992110402960314e-02	9.817127428556743363e-01
1.247999999999999977e-02	5.529351485402960592e-02	9.926990709806743363e-01
1.248999999999999937e-02	5.485406172902960314e-02	9.853748522306743363e-01
1.250000000000000069e-02	5.558648360402960314e-02	9.963611803556743363e-01
1.251000000000000029e-02	5.519585860402960453e-02	9.890369616056743363e-01
1.251999999999999988e-02	5.587945235402960731e-02	1.000023289730674225e+00
1.252999999999999947e-02	5.548882735402960176e-02	9.926990709806743363e-01
1.254000000000000080e-02	5.617242110402960453e-02	1.003685399105674225e+00
1.255000000000000039e-02	5.578179610402960592e-02	9.963611803556743363e-01
1.255999999999999998e-02	5.646538985402960176e-02	1.007347508480674225e+00
1.256999999999999958e-02	5.607476485402960314e-02	1.000023289730674225e+00
1.257999999999999917e-02	5.675835860402960592e-02	1.011009617855674225e+00
1.259000000000000050e-02	5.636773360402960731e-02	1.003685399105674225e+00
1.260000000000000009e-02	5.710015547902960731e-02	1.014671727230674225e+00
1.260999999999999968e-02	5.670953047902960176e-02	1.008568211605674225e+00
1.261999999999999927e-02	5.739312422902960453e-02	1.018333836605674225e+00
1.263000000000000060e-02	5.700249922902960592e-02	1.012230320980674225e+00
1.264000000000000019e-02	5.773492110402960592e-02	1.021995945980674225e+00
1.264999999999999979e-02	5.729546797902960314e-02	1.015892430355674225e+00
1.265999999999999938e-02	5.802788985402960314e-02	1.025658055355674225e+00
1.267000000000000071e-02	5.758843672902960731e-02	1.019554539730674225e+00
1.268000000000000030e-02	5.832085860402960731e-02	1.030540867855674225e+00
1.268999999999999989e-02	5.793023360402960176e-02	1.023216649105674225e+00
1.269999999999999948e-02	5.866265547902960176e-02	1.034202977230674225e+00
1.271000000000000081e-02	5.822320235402960592e-02	1.026878758480674225e+00
1.272000000000000040e-02	5.895562422902960592e-02	1.037865086605674225e+00
1.273000000000000000e-02	5.856499922902960731e-02	1.030540867855674225e+00
1.273999999999999959e-02	5.929742110402960731e-02	1.041527195980674225e+00
1.274999999999999918e-02	5.885796797902960453e-02	1.034202977230674225e+00
1.276000000000000051e-02	5.959038985402960453e-02	1.045189305355674225e+00
1.277000000000000010e-02	5.915093672902960176e-02	1.037865086605674225e+00
1.277999999999999969e-02	5.988335860402960176e-02	1.048851414730674225e+00
1.278999999999999929e-02	5.949273360402960314e-02	1.041527195980674225e+00
1.280000000000000061e-02	6.022515547902960314e-02	1.052513524105674225e+00
1.281000000000000021e-02	5.978570235402960731e-02	1.045189305355674225e+00
1.281999999999999980e-02	6.051812422902960731e-02	1.056175633480674225e+00
1.282999999999999939e-02	6.012749922902960176e-02	1.048851414730674225e+00
1.284000000000000072e-02	6.085992110402960176e-02	1.059837742855674225e+00
1.285000000000000031e-02	6.042046797902960592e-02	1.052513524105674225e+00
1.285999999999999990e-02	6.115288985402960592e-02	1.063499852230674225e+00
1.286999999999999950e-02	6.076226485402960731e-02	1.056175633480674225e+00
1.288000000000000082e-02	6.149468672902960731e-02	1.067161961605674225e+00
1.289000000000000042e-02	6.105523360402960453e-02	1.061058445980674225e+00
1.290000000000000001e-02	6.183648360402960176e-02	1.070824070980674225e+00
1.290999999999999960e-02	6.139703047902960592e-02	1.064720555355674225e+00
1.291999999999999919e-02	6.212945235402960592e-02	1.074486180355674225e+00
1.293000000000000052e-02	6.168999922902960314e-02	1.067161961605674225e+00
1.294000000000000011e-02	6.247124922902960731e-02	1.079368992855674225e+00
1.294999999999999971e-02	6.203179610402960453e-02	1.072044774105674225e+00
1.295999999999999930e-02	6.281304610402960176e-02	1.083031102230674225e+00
1.297000000000000063e-02	6.237359297902960592e-02	1.075706883480674225e+00
1.298000000000000022e-02	6.315484297902961008e-02	1.085472508480674225e+00
1.298999999999999981e-02	6.271538985402960731e-02	1.079368992855674225e+00
1.299999999999999940e-02	6.344781172902960731e-02	1.090355320980674225e+00
1.301000000000000073e-02	6.305718672902960176e-02	1.083031102230674225e+00
1.302000000000000032e-02	6.383843672902959898e-02	1.094017430355674225e+00
1.302999999999999992e-02	6.339898360402961008e-02	1.086693211605674225e+00
1.303999999999999951e-02	6.418023360402960731e-02	1.097679539730674225e+00
1.305000000000000084e-02	6.374078047902960453e-02	1.090355320980674225e+00
1.306000000000000043e-02	6.452203047902960176e-02	1.101341649105674225e+00
1.307000000000000002e-02	6.408257735402959898e-02	1.094017430355674225e+00
1.307999999999999961e-02	6.486382735402961008e-02	1.105003758480674225e+00
1.308999999999999921e-02	6.442437422902960731e-02	1.097679539730674225e+00
1.310000000000000053e-02	6.520562422902960453e-02	1.108665867855674225e+00
1.311000000000000013e-02	6.476617110402960176e-02	1.101341649105674225e+00
1.311999999999999972e-02	6.554742110402959898e-02	1.112327977230674225e+00
1.312999999999999931e-02	6.510796797902961008e-02	1.105003758480674225e+00
1.314000000000000064e-02	6.593804610402960453e-02	1.115990086605674225e+00
1.315000000000000023e-02	6.544976485402960453e-02	1.108665867855674225e+00
1.315999999999999982e-02	6.627984297902959898e-02	1.119652195980674225e+00
1.316999999999999942e-02	6.584038985402961008e-02	1.113548680355674225e+00
1.318000000000000074e-02	6.662163985402960731e-02	1.123314305355674225e+00
1.319000000000000034e-02	6.618218672902960453e-02	1.115990086605674225e+00
1.319999999999999993e-02	6.696343672902960176e-02	1.126976414730674225e+00
1.320999999999999952e-02	6.652398360402959898e-02	1.119652195980674225e+00
1.322000000000000085e-02	6.735406172902960731e-02	1.130638524105674225e+00
1.323000000000000044e-02	6.691460860402960453e-02	1.123314305355674225e+00
1.324000000000000003e-02	6.769585860402960176e-02	1.134300633480674225e+00
1.324999999999999963e-02	6.725640547902959898e-02	1.126976414730674225e+00
1.325999999999999922e-02	6.803765547902961008e-02	1.137962742855674225e+00
1.327000000000000055e-02	6.759820235402960731e-02	1.131859227230674225e+00
1.328000000000000014e-02	6.842828047902960176e-02	1.141624852230674225e+00
1.328999999999999973e-02	6.793999922902960176e-02	1.134300633480674225e+00
1.329999999999999932e-02	6.877007735402961008e-02	1.145286961605674225e+00
1.331000000000000065e-02	6.828179610402961008e-02	1.139183445980674225e+00
1.332000000000000024e-02	6.911187422902960453e-02	1.148949070980674225e+00
1.332999999999999984e-02	6.867242110402960176e-02	1.141624852230674225e+00
1.333999999999999943e-02	6.945367110402959898e-02	1.152611180355674225e+00
1.335000000000000075e-02	6.901421797902961008e-02	1.146507664730674225e+00
1.336000000000000035e-02	6.979546797902960731e-02	1.156273289730674225e+00
1.336999999999999994e-02	6.935601485402960453e-02	1.148949070980674225e+00
1.337999999999999953e-02	7.013726485402960176e-02	1.159935399105674225e+00
1.339000000000000086e-02	6.969781172902959898e-02	1.152611180355674225e+00
1.340000000000000045e-02	7.047906172902961008e-02	1.163597508480674225e+00
1.341000000000000004e-02	7.003960860402960731e-02	1.157493992855674225e+00
1.341999999999999964e-02	7.082085860402960453e-02	1.167259617855674225e+00
1.342999999999999923e-02	7.038140547902960176e-02	1.161156102230674225e+00
1.344000000000000056e-02	7.121148360402961008e-02	1.172142430355674225e+00
1.345000000000000015e-02	7.072320235402961008e-02	1.164818211605674225e+00
1.345999999999999974e-02	7.150445235402960731e-02	1.174583836605674225e+00
1.346999999999999933e-02	7.106499922902960453e-02	1.168480320980674225e+00
1.348000000000000066e-02	7.184624922902960176e-02	1.178245945980674225e+00
1.349000000000000025e-02	7.140679610402959898e-02	1.172142430355674225e+00
1.349999999999999985e-02	7.213921797902959898e-02	1.181908055355674225e+00
1.350999999999999944e-02	7.174859297902960731e-02	1.175804539730674225e+00
1.352000000000000077e-02	7.243218672902961008e-02	1.186790867855674225e+00
1.353000000000000036e-02	7.204156172902960453e-02	1.179466649105674225e+00
1.353999999999999995e-02	7.277398360402960453e-02	1.189232274105674225e+00
1.354999999999999954e-02	7.233453047902960176e-02	1.183128758480674225e+00
1.355999999999999914e-02	7.306695235402960176e-02	1.192894383480674225e+00
1.357000000000000046e-02	7.267632735402961008e-02	1.186790867855674225e+00
1.358000000000000006e-02	7.340874922902961008e-02	1.196556492855674225e+00
1.358999999999999965e-02	7.296929610402960731e-02	1.190452977230674225e+00
1.359999999999999924e-02	7.370171797902960731e-02	1.200218602230674225e+00
1.361000000000000057e-02	7.326226485402960453e-02	1.194115086605674225e+00
1.362000000000000016e-02	7.399468672902960453e-02	1.205101414730674225e+00
1.362999999999999975e-02	7.360406172902959898e-02	1.197777195980674225e+00
1.363999999999999935e-02	7.433648360402959898e-02	1.208763524105674225e+00
1.365000000000000067e-02	7.389703047902961008e-02	1.201439305355674225e+00
1.366000000000000027e-02	7.467828047902960731e-02	1.211204930355674225e+00
1.366999999999999986e-02	7.423882735402960453e-02	1.205101414730674225e+00
1.367999999999999945e-02	7.497124922902960453e-02	1.216087742855674225e+00
1.369000000000000078e-02	7.453179610402960176e-02	1.208763524105674225e+00
1.370000000000000037e-02	7.531304610402961286e-02	1.219749852230674225e+00
1.370999999999999996e-02	7.487359297902961008e-02	1.212425633480674225e+00
1.371999999999999956e-02	7.560601485402961008e-02	1.223411961605674225e+00
1.372999999999999915e-02	7.516656172902960731e-02	1.216087742855674225e+00
1.374000000000000048e-02	7.594781172902960453e-02	1.227074070980674225e+00
1.375000000000000007e-02	7.550835860402960176e-02	1.219749852230674225e+00
1.375999999999999966e-02	7.628960860402961286e-02	1.230736180355674225e+00
1.376999999999999925e-02	7.585015547902961008e-02	1.223411961605674225e+00
1.378000000000000058e-02	7.663140547902960731e-02	1.234398289730674225e+00
1.379000000000000017e-02	7.614312422902960731e-02	1.227074070980674225e+00
1.379999999999999977e-02	7.692437422902960453e-02	1.238060399105674225e+00
1.380999999999999936e-02	7.648492110402960176e-02	1.230736180355674225e+00
1.382000000000000069e-02	7.726617110402961286e-02	1.241722508480674225e+00
1.383000000000000028e-02	7.682671797902961008e-02	1.234398289730674225e+00
1.383999999999999987e-02	7.760796797902960731e-02	1.245384617855674225e+00
1.384999999999999946e-02	7.716851485402960453e-02	1.238060399105674225e+00
1.386000000000000079e-02	7.794976485402960176e-02	1.249046727230674225e+00
1.387000000000000038e-02	7.751031172902961286e-02	1.241722508480674225e+00
1.387999999999999998e-02	7.829156172902961008e-02	1.252708836605674225e+00
1.388999999999999957e-02	7.785210860402960731e-02	1.245384617855674225e+00
1.389999999999999916e-02	7.863335860402960453e-02	1.256370945980674225e+00
1.391000000000000049e-02	7.819390547902960176e-02	1.249046727230674225e+00
1.392000000000000008e-02	7.897515547902961286e-02	1.260033055355674225e+00
1.392999999999999967e-02	7.853570235402961008e-02	1.252708836605674225e+00
1.393999999999999927e-02	7.931695235402960731e-02	1.263695164730674225e+00
1.395000000000000059e-02	7.887749922902960453e-02	1.256370945980674225e+00
1.396000000000000019e-02	7.965874922902960176e-02	1.267357274105674225e+00
1.396999999999999978e-02	7.921929610402961286e-02	1.260033055355674225e+00
1.397999999999999937e-02	8.000054610402961008e-02	1.271019383480674225e+00
1.399000000000000070e-02	7.956109297902960731e-02	1.263695164730674225e+00
1.400000000000000029e-02	8.034234297902960453e-02	1.274681492855674225e+00
1.400999999999999988e-02	7.990288985402960176e-02	1.267357274105674225e+00
1.401999999999999948e-02	8.068413985402961286e-02	1.278343602230674225e+00
1.403000000000000080e-02	8.024468672902961008e-02	1.271019383480674225e+00
1.404000000000000040e-02	8.102593672902960731e-02	1.280785008480674225e+00
1.404999999999999999e-02	8.058648360402960453e-02	1.274681492855674225e+00
1.405999999999999958e-02	8.136773360402960176e-02	1.285667820980674225e+00
1.406999999999999917e-02	8.092828047902961286e-02	1.278343602230674225e+00
1.408000000000000050e-02	8.170953047902961008e-02	1.289329930355674225e+00
1.409000000000000009e-02	8.127007735402960731e-02	1.282005711605674225e+00
1.409999999999999969e-02	8.205132735402960453e-02	1.292992039730674225e+00
1.410999999999999928e-02	8.156304610402960453e-02	1.285667820980674225e+00
1.412000000000000061e-02	8.239312422902961286e-02	1.296654149105674225e+00
1.413000000000000020e-02	8.195367110402961008e-02	1.289329930355674225e+00
1.413999999999999979e-02	8.273492110402960731e-02	1.299095555355674225e+00
1.414999999999999938e-02	8.229546797902960453e-02	1.292992039730674225e+00
1.416000000000000071e-02	8.312554610402961286e-02	1.302757664730674225e+00
1.417000000000000030e-02	8.263726485402961286e-02	1.296654149105674225e+00
1.417999999999999990e-02	8.346734297902960731e-02	1.307640477230674225e+00
1.418999999999999949e-02	8.302788985402960453e-02	1.300316258480674225e+00
1.420000000000000082e-02	8.385796797902961286e-02	1.310081883480674225e+00
1.421000000000000041e-02	8.341851485402961008e-02	1.303978367855674225e+00
1.422000000000000000e-02	8.424859297902960453e-02	1.313743992855674225e+00
1.422999999999999959e-02	8.376031172902960453e-02	1.307640477230674225e+00
1.423999999999999919e-02	8.463921797902961008e-02	1.317406102230674225e+00
1.425000000000000051e-02	8.419976485402960731e-02	1.311302586605674225e+00
1.426000000000000011e-02	8.507867110402961286e-02	1.321068211605674225e+00
1.426999999999999970e-02	8.459038985402961286e-02	1.314964695980674225e+00
1.427999999999999929e-02	8.551812422902960176e-02	1.325951024105674225e+00
1.429000000000000062e-02	8.498101485402960453e-02	1.318626805355674225e+00
1.430000000000000021e-02	8.590874922902960731e-02	1.328392430355674225e+00
1.430999999999999980e-02	8.542046797902960731e-02	1.322288914730674225e+00
1.431999999999999940e-02	8.634820235402961008e-02	1.332054539730674225e+00
1.433000000000000072e-02	8.585992110402961008e-02	1.324730320980674225e+00
1.434000000000000032e-02	8.678765547902961286e-02	1.335716649105674225e+00
1.434999999999999991e-02	8.629937422902961286e-02	1.328392430355674225e+00
1.435999999999999950e-02	8.722710860402960176e-02	1.339378758480674225e+00
1.437000000000000083e-02	8.668999922902960453e-02	1.333275242855674225e+00
1.438000000000000042e-02	8.766656172902960453e-02	1.343040867855674225e+00
1.439000000000000001e-02	8.712945235402960731e-02	1.336937352230674225e+00
1.439999999999999961e-02	8.805718672902961008e-02	1.346702977230674225e+00
1.440999999999999920e-02	8.756890547902961008e-02	1.340599461605674225e+00
1.442000000000000053e-02	8.849663985402961286e-02	1.350365086605674225e+00
1.443000000000000012e-02	8.800835860402961286e-02	1.344261570980674225e+00
1.443999999999999971e-02	8.893609297902960176e-02	1.354027195980674225e+00
1.444999999999999930e-02	8.844781172902960176e-02	1.347923680355674225e+00
1.446000000000000063e-02	8.937554610402960453e-02	1.357689305355674225e+00
1.447000000000000022e-02	8.888726485402960453e-02	1.351585789730674225e+00
1.447999999999999982e-02	8.981499922902960731e-02	1.361351414730674225e+00
1.448999999999999941e-02	8.932671797902960731e-02	1.354027195980674225e+00
1.450000000000000074e-02	9.020562422902961286e-02	1.362572117855674225e+00
1.451000000000000033e-02	8.971734297902961286e-02	1.356468602230674225e+00
1.451999999999999992e-02	9.059624922902960453e-02	1.360130711605674225e+00
1.452999999999999951e-02	9.015679610402960176e-02	1.352806492855674225e+00
1.454000000000000084e-02	9.103570235402960731e-02	1.355247899105674225e+00
1.455000000000000043e-02	9.054742110402960731e-02	1.347923680355674225e+00
1.456000000000000003e-02	9.142632735402961286e-02	1.350365086605674225e+00
1.456999999999999962e-02	9.098687422902961008e-02	1.344261570980674225e+00
1.457999999999999921e-02	9.181695235402960453e-02	1.346702977230674225e+00
1.459000000000000054e-02	9.137749922902960176e-02	1.339378758480674225e+00
1.460000000000000013e-02	9.220757735402961008e-02	1.343040867855674225e+00
1.460999999999999972e-02	9.176812422902960731e-02	1.334495945980674225e+00
1.461999999999999932e-02	9.254937422902960453e-02	1.338158055355674225e+00
1.463000000000000064e-02	9.215874922902961286e-02	1.330833836605674225e+00
1.464000000000000024e-02	9.293999922902961008e-02	1.333275242855674225e+00
1.464999999999999983e-02	9.250054610402960731e-02	1.325951024105674225e+00
1.465999999999999942e-02	9.323296797902960731e-02	1.328392430355674225e+00
1.467000000000000075e-02	9.284234297902960176e-02	1.321068211605674225e+00
1.468000000000000034e-02	9.352593672902960453e-02	1.324730320980674225e+00
1.468999999999999993e-02	9.313531172902961286e-02	1.317406102230674225e+00
1.469999999999999953e-02	9.377007735402960453e-02	1.319847508480674225e+00
1.471000000000000085e-02	9.342828047902961008e-02	1.312523289730674225e+00
1.472000000000000045e-02	9.396538985402960731e-02	1.316185399105674225e+00
1.473000000000000004e-02	9.362359297902961286e-02	1.308861180355674225e+00
1.473999999999999963e-02	9.416070235402961008e-02	1.311302586605674225e+00
1.474999999999999922e-02	9.381890547902960176e-02	1.303978367855674225e+00
1.476000000000000055e-02	9.425835860402960453e-02	1.307640477230674225e+00
1.477000000000000014e-02	9.396538985402960731e-02	1.300316258480674225e+00
1.477999999999999974e-02	9.430718672902960176e-02	1.302757664730674225e+00
1.478999999999999933e-02	9.401421797902960453e-02	1.295433445980674225e+00
1.480000000000000066e-02	9.425835860402960453e-02	1.299095555355674225e+00
1.481000000000000025e-02	9.396538985402960731e-02	1.290550633480674225e+00
1.481999999999999984e-02	9.420953047902960731e-02	1.294212742855674225e+00
1.482999999999999943e-02	9.386773360402961286e-02	1.286888524105674225e+00
1.484000000000000076e-02	9.401421797902960453e-02	1.289329930355674225e+00
1.485000000000000035e-02	9.372124922902960731e-02	1.282005711605674225e+00
1.485999999999999995e-02	9.381890547902960176e-02	1.285667820980674225e+00
1.486999999999999954e-02	9.342828047902961008e-02	1.278343602230674225e+00
1.488000000000000086e-02	9.352593672902960453e-02	1.280785008480674225e+00
1.489000000000000046e-02	9.313531172902961286e-02	1.273460789730674225e+00
1.490000000000000005e-02	9.318413985402961008e-02	1.275902195980674225e+00
1.490999999999999964e-02	9.274468672902960731e-02	1.268577977230674225e+00
1.491999999999999924e-02	9.274468672902960731e-02	1.272240086605674225e+00
1.493000000000000056e-02	9.225640547902960731e-02	1.264915867855674225e+00
1.494000000000000015e-02	9.225640547902960731e-02	1.267357274105674225e+00
1.494999999999999975e-02	9.171929610402961008e-02	1.260033055355674225e+00
1.495999999999999934e-02	9.171929610402961008e-02	1.263695164730674225e+00
1.497000000000000067e-02	9.108453047902960453e-02	1.255150242855674225e+00
1.498000000000000026e-02	9.108453047902960453e-02	1.258812352230674225e+00
1.498999999999999985e-02	9.044976485402961286e-02	1.251488133480674225e+00
1.499999999999999944e-02	9.044976485402961286e-02	1.253929539730674225e+00
1.501000000000000077e-02	8.976617110402961008e-02	1.246605320980674225e+00
1.502000000000000036e-02	8.976617110402961008e-02	1.250267430355674225e+00
1.502999999999999996e-02	8.903374922902961008e-02	1.242943211605674225e+00
1.503999999999999955e-02	8.903374922902961008e-02	1.245384617855674225e+00
1.504999999999999914e-02	8.830132735402961008e-02	1.238060399105674225e+00
1.506000000000000047e-02	8.825249922902961286e-02	1.241722508480674225e+00
1.507000000000000006e-02	8.752007735402961286e-02	1.233177586605674225e+00
1.507999999999999965e-02	8.747124922902960176e-02	1.236839695980674225e+00
1.508999999999999925e-02	8.673882735402960176e-02	1.229515477230674225e+00
1.510000000000000057e-02	8.668999922902960453e-02	1.231956883480674225e+00
1.511000000000000017e-02	8.590874922902960731e-02	1.224632664730674225e+00
1.511999999999999976e-02	8.590874922902960731e-02	1.228294774105674225e+00
1.512999999999999935e-02	8.512749922902961008e-02	1.220970555355674225e+00
1.514000000000000068e-02	8.507867110402961286e-02	1.223411961605674225e+00
1.515000000000000027e-02	8.429742110402960176e-02	1.216087742855674225e+00
1.515999999999999986e-02	8.429742110402960176e-02	1.219749852230674225e+00
1.516999999999999946e-02	8.351617110402960453e-02	1.212425633480674225e+00
1.518000000000000078e-02	8.346734297902960731e-02	1.214867039730674225e+00
1.519000000000000038e-02	8.268609297902961008e-02	1.207542820980674225e+00
