time[s]	CH1[V]	CH2[V] (num. of cycles: 1)
0.000000000000000000e+00	-7.563039679276316318e-02	-1.222658659282483518e+00
1.000000000000000082e-05	-7.563039679276316318e-02	-1.222658659282483518e+00
2.000000000000000164e-05	-7.558156866776316596e-02	-1.218996549907483518e+00
3.000000000000000076e-05	-7.606984991776316596e-02	-1.226320768657483518e+00
4.000000000000000327e-05	-7.597219366776315763e-02	-1.222658659282483518e+00
5.000000000000000240e-05	-7.646047491776315763e-02	-1.229982878032483518e+00
6.000000000000000152e-05	-7.636281866776316318e-02	-1.226320768657483518e+00
6.999999999999999387e-05	-7.685109991776316318e-02	-1.233644987407483518e+00
8.000000000000000654e-05	-7.675344366776315486e-02	-1.231203581157483518e+00
9.000000000000000567e-05	-7.724172491776315486e-02	-1.237307096782483518e+00
1.000000000000000048e-04	-7.714406866776316041e-02	-1.233644987407483518e+00
1.100000000000000039e-04	-7.763234991776316041e-02	-1.240969206157483518e+00
1.200000000000000030e-04	-7.753469366776316596e-02	-1.237307096782483518e+00
1.299999999999999886e-04	-7.797414679276315486e-02	-1.244631315532483518e+00
1.399999999999999877e-04	-7.787649054276316041e-02	-1.242189909282483518e+00
1.499999999999999869e-04	-7.831594366776316318e-02	-1.248293424907483518e+00
1.600000000000000131e-04	-7.821828741776315486e-02	-1.244631315532483518e+00
1.700000000000000122e-04	-7.865774054276315763e-02	-1.251955534282483296e+00
1.800000000000000113e-04	-7.851125616776316596e-02	-1.249514128032483518e+00
1.900000000000000105e-04	-7.899953741776316596e-02	-1.256838346782483296e+00
2.000000000000000096e-04	-7.885305304276316041e-02	-1.253176237407483296e+00
2.100000000000000087e-04	-7.929250616776316318e-02	-1.259279753032483296e+00
2.200000000000000078e-04	-7.914602179276315763e-02	-1.256838346782483296e+00
2.300000000000000070e-04	-7.958547491776316041e-02	-1.262941862407483296e+00
2.400000000000000061e-04	-7.943899054276315486e-02	-1.259279753032483296e+00
2.500000000000000052e-04	-7.987844366776315763e-02	-1.267824674907483296e+00
2.599999999999999772e-04	-7.973195929276316596e-02	-1.264162565532483296e+00
2.700000000000000035e-04	-8.017141241776315486e-02	-1.271486784282483296e+00
2.799999999999999755e-04	-8.002492804276316318e-02	-1.267824674907483296e+00
2.900000000000000017e-04	-8.046438116776316596e-02	-1.273928190532483296e+00
2.999999999999999737e-04	-8.026906866776316318e-02	-1.270266081157483296e+00
3.099999999999999999e-04	-8.070852179276316596e-02	-1.277590299907483296e+00
3.200000000000000262e-04	-8.056203741776316041e-02	-1.275148893657483296e+00
3.299999999999999982e-04	-8.095266241776316596e-02	-1.282473112407483296e+00
3.400000000000000244e-04	-8.080617804276316041e-02	-1.278811003032483296e+00
3.499999999999999964e-04	-8.119680304276316596e-02	-1.286135221782483296e+00
3.600000000000000227e-04	-8.105031866776316041e-02	-1.282473112407483296e+00
3.699999999999999947e-04	-8.148977179276316318e-02	-1.289797331157483296e+00
3.800000000000000209e-04	-8.129445929276316041e-02	-1.286135221782483296e+00
3.899999999999999929e-04	-8.173391241776316318e-02	-1.293459440532483296e+00
4.000000000000000192e-04	-8.153859991776316041e-02	-1.289797331157483296e+00
4.099999999999999912e-04	-8.192922491776316596e-02	-1.297121549907483296e+00
4.200000000000000174e-04	-8.178274054276316041e-02	-1.293459440532483296e+00
4.299999999999999894e-04	-8.217336554276316596e-02	-1.300783659282483296e+00
4.400000000000000157e-04	-8.197805304276316318e-02	-1.297121549907483296e+00
4.499999999999999877e-04	-8.241750616776316596e-02	-1.304445768657483296e+00
4.600000000000000139e-04	-8.222219366776316318e-02	-1.300783659282483296e+00
4.699999999999999859e-04	-8.261281866776315486e-02	-1.308107878032483296e+00
4.800000000000000122e-04	-8.246633429276316318e-02	-1.304445768657483296e+00
4.899999999999999842e-04	-8.285695929276315486e-02	-1.311769987407483296e+00
5.000000000000000104e-04	-8.271047491776316318e-02	-1.308107878032483296e+00
5.100000000000000366e-04	-8.310109991776315486e-02	-1.315432096782483296e+00
5.199999999999999544e-04	-8.295461554276316318e-02	-1.311769987407483296e+00
5.299999999999999807e-04	-8.334524054276315486e-02	-1.319094206157483296e+00
5.400000000000000069e-04	-8.314992804276316596e-02	-1.315432096782483296e+00
5.500000000000000331e-04	-8.354055304276315763e-02	-1.322756315532483296e+00
5.599999999999999509e-04	-8.339406866776316596e-02	-1.319094206157483296e+00
5.699999999999999772e-04	-8.378469366776315763e-02	-1.326418424907483296e+00
5.800000000000000034e-04	-8.363820929276316596e-02	-1.322756315532483296e+00
5.900000000000000296e-04	-8.402883429276315763e-02	-1.330080534282483296e+00
5.999999999999999474e-04	-8.388234991776316596e-02	-1.326418424907483296e+00
6.099999999999999737e-04	-8.432180304276315486e-02	-1.333742643657483296e+00
6.199999999999999999e-04	-8.417531866776316318e-02	-1.330080534282483296e+00
6.300000000000000261e-04	-8.456594366776315486e-02	-1.337404753032483296e+00
6.400000000000000524e-04	-8.441945929276316318e-02	-1.333742643657483296e+00
6.499999999999999702e-04	-8.485891241776316596e-02	-1.339846159282483296e+00
6.599999999999999964e-04	-8.471242804276316041e-02	-1.337404753032483296e+00
6.700000000000000226e-04	-8.510305304276316596e-02	-1.344728971782483296e+00
6.800000000000000488e-04	-8.495656866776316041e-02	-1.341066862407483296e+00
6.899999999999999667e-04	-8.539602179276316318e-02	-1.347170378032483296e+00
6.999999999999999929e-04	-8.524953741776315763e-02	-1.344728971782483296e+00
7.100000000000000191e-04	-8.568899054276316041e-02	-1.352053190532483296e+00
7.200000000000000453e-04	-8.554250616776315486e-02	-1.348391081157483296e+00
7.299999999999999632e-04	-8.598195929276315763e-02	-1.355715299907483296e+00
7.399999999999999894e-04	-8.583547491776316596e-02	-1.350832487407483296e+00
7.500000000000000156e-04	-8.627492804276315486e-02	-1.358156706157483296e+00
7.600000000000000418e-04	-8.612844366776316318e-02	-1.355715299907483296e+00
7.699999999999999597e-04	-8.656789679276316596e-02	-1.363039518657483296e+00
7.799999999999999859e-04	-8.642141241776316041e-02	-1.359377409282483296e+00
7.900000000000000121e-04	-8.686086554276316318e-02	-1.365480924907483296e+00
8.000000000000000383e-04	-8.671438116776315763e-02	-1.361818815532483296e+00
8.099999999999999561e-04	-8.715383429276316041e-02	-1.369143034282483296e+00
8.199999999999999824e-04	-8.700734991776315486e-02	-1.365480924907483296e+00
8.300000000000000086e-04	-8.744680304276315763e-02	-1.372805143657483296e+00
8.400000000000000348e-04	-8.734914679276316318e-02	-1.369143034282483296e+00
8.499999999999999526e-04	-8.773977179276315486e-02	-1.376467253032483296e+00
8.599999999999999789e-04	-8.764211554276316041e-02	-1.372805143657483296e+00
8.700000000000000051e-04	-8.803274054276316596e-02	-1.380129362407483296e+00
8.800000000000000313e-04	-8.788625616776316041e-02	-1.377687956157483296e+00
8.899999999999999491e-04	-8.832570929276316318e-02	-1.383791471782483296e+00
8.999999999999999754e-04	-8.817922491776315763e-02	-1.380129362407483296e+00
9.100000000000000016e-04	-8.861867804276316041e-02	-1.387453581157483296e+00
9.200000000000000278e-04	-8.852102179276316596e-02	-1.383791471782483296e+00
9.300000000000000541e-04	-8.891164679276315763e-02	-1.391115690532483296e+00
9.399999999999999719e-04	-8.881399054276316318e-02	-1.387453581157483296e+00
9.499999999999999981e-04	-8.920461554276315486e-02	-1.394777799907483296e+00
9.600000000000000243e-04	-8.910695929276316041e-02	-1.391115690532483296e+00
9.700000000000000505e-04	-8.949758429276316596e-02	-1.398439909282483296e+00
9.799999999999999684e-04	-8.939992804276315763e-02	-1.393557096782483296e+00
9.899999999999999946e-04	-8.979055304276316318e-02	-1.400881315532483296e+00
1.000000000000000021e-03	-8.969289679276315486e-02	-1.391115690532483296e+00
1.010000000000000047e-03	-9.013234991776315763e-02	-1.398439909282483296e+00
1.020000000000000073e-03	-9.003469366776316318e-02	-1.386232878032483296e+00
1.030000000000000100e-03	-9.042531866776315486e-02	-1.394777799907483296e+00
1.039999999999999909e-03	-9.037649054276315763e-02	-1.382570768657483296e+00
1.049999999999999935e-03	-9.076711554276316318e-02	-1.389894987407483296e+00
1.059999999999999961e-03	-9.066945929276315486e-02	-1.377687956157483296e+00
1.069999999999999988e-03	-9.106008429276316041e-02	-1.385012174907483296e+00
1.080000000000000014e-03	-9.101125616776316318e-02	-1.374025846782483296e+00
1.090000000000000040e-03	-9.140188116776315486e-02	-1.381350065532483296e+00
1.100000000000000066e-03	-9.130422491776316041e-02	-1.369143034282483296e+00
1.110000000000000092e-03	-9.169484991776316596e-02	-1.376467253032483296e+00
1.119999999999999902e-03	-9.159719366776315763e-02	-1.364260221782483296e+00
1.129999999999999928e-03	-9.198781866776316318e-02	-1.371584440532483296e+00
1.139999999999999954e-03	-9.189016241776315486e-02	-1.360598112407483296e+00
1.149999999999999981e-03	-9.228078741776316041e-02	-1.367922331157483296e+00
1.160000000000000007e-03	-9.218313116776316596e-02	-1.355715299907483296e+00
1.170000000000000033e-03	-9.252492804276316041e-02	-1.363039518657483296e+00
1.180000000000000059e-03	-9.242727179276316596e-02	-1.352053190532483296e+00
1.190000000000000085e-03	-9.276906866776316041e-02	-1.359377409282483296e+00
1.199999999999999895e-03	-9.262258429276315486e-02	-1.347170378032483296e+00
1.209999999999999921e-03	-9.291555304276316596e-02	-1.354494596782483296e+00
1.219999999999999947e-03	-9.276906866776316041e-02	-1.343508268657483296e+00
1.229999999999999974e-03	-9.306203741776315763e-02	-1.349611784282483296e+00
1.240000000000000000e-03	-9.286672491776315486e-02	-1.338625456157483296e+00
1.250000000000000026e-03	-9.315969366776316596e-02	-1.345949674907483296e+00
1.260000000000000052e-03	-9.291555304276316596e-02	-1.334963346782483296e+00
1.270000000000000078e-03	-9.320852179276316318e-02	-1.342287565532483296e+00
1.280000000000000105e-03	-9.296438116776316318e-02	-1.330080534282483296e+00
1.289999999999999914e-03	-9.325734991776316041e-02	-1.337404753032483296e+00
1.299999999999999940e-03	-9.286672491776315486e-02	-1.325197721782483296e+00
1.309999999999999967e-03	-9.315969366776316596e-02	-1.332521940532483296e+00
1.319999999999999993e-03	-9.276906866776316041e-02	-1.321535612407483296e+00
1.330000000000000019e-03	-9.306203741776315763e-02	-1.328859831157483296e+00
1.340000000000000045e-03	-9.257375616776315763e-02	-1.316652799907483296e+00
1.350000000000000071e-03	-9.291555304276316596e-02	-1.323977018657483296e+00
1.360000000000000098e-03	-9.237844366776315486e-02	-1.311769987407483296e+00
1.369999999999999907e-03	-9.272024054276316318e-02	-1.320314909282483296e+00
1.379999999999999933e-03	-9.208547491776315763e-02	-1.308107878032483296e+00
1.389999999999999960e-03	-9.247609991776316318e-02	-1.315432096782483296e+00
1.399999999999999986e-03	-9.174367804276316318e-02	-1.303225065532483296e+00
1.410000000000000012e-03	-9.218313116776316596e-02	-1.310549284282483296e+00
1.420000000000000038e-03	-9.135305304276315763e-02	-1.298342253032483296e+00
1.430000000000000064e-03	-9.179250616776316041e-02	-1.306887174907483296e+00
1.440000000000000091e-03	-9.096242804276316596e-02	-1.294680143657483296e+00
1.449999999999999900e-03	-9.140188116776315486e-02	-1.302004362407483296e+00
1.459999999999999926e-03	-9.047414679276316596e-02	-1.289797331157483296e+00
1.469999999999999953e-03	-9.101125616776316318e-02	-1.298342253032483296e+00
1.479999999999999979e-03	-8.998586554276316596e-02	-1.286135221782483296e+00
1.490000000000000005e-03	-9.052297491776316318e-02	-1.293459440532483296e+00
1.500000000000000031e-03	-8.939992804276315763e-02	-1.281252409282483296e+00
1.510000000000000057e-03	-8.998586554276316596e-02	-1.288576628032483296e+00
1.520000000000000084e-03	-8.886281866776316041e-02	-1.277590299907483296e+00
1.529999999999999893e-03	-8.944875616776315486e-02	-1.284914518657483296e+00
1.539999999999999919e-03	-8.822805304276315486e-02	-1.272707487407483296e+00
1.549999999999999946e-03	-8.891164679276315763e-02	-1.280031706157483296e+00
1.559999999999999972e-03	-8.764211554276316041e-02	-1.267824674907483296e+00
1.569999999999999998e-03	-8.827688116776316596e-02	-1.275148893657483296e+00
1.580000000000000024e-03	-8.700734991776315486e-02	-1.264162565532483296e+00
1.590000000000000050e-03	-8.764211554276316041e-02	-1.271486784282483296e+00
1.600000000000000077e-03	-8.632375616776316596e-02	-1.259279753032483296e+00
1.610000000000000103e-03	-8.695852179276315763e-02	-1.266603971782483296e+00
1.619999999999999912e-03	-8.568899054276316041e-02	-1.255617643657483296e+00
1.629999999999999939e-03	-8.632375616776316596e-02	-1.262941862407483296e+00
1.639999999999999965e-03	-8.500539679276315763e-02	-1.250734831157483296e+00
1.649999999999999991e-03	-8.568899054276316041e-02	-1.258059049907483296e+00
1.660000000000000017e-03	-8.437063116776316596e-02	-1.245852018657483518e+00
1.670000000000000043e-03	-8.500539679276315763e-02	-1.254396940532483296e+00
1.680000000000000070e-03	-8.368703741776316318e-02	-1.242189909282483518e+00
1.690000000000000096e-03	-8.437063116776316596e-02	-1.249514128032483518e+00
1.699999999999999905e-03	-8.300344366776316041e-02	-1.237307096782483518e+00
1.709999999999999932e-03	-8.368703741776316318e-02	-1.244631315532483518e+00
1.719999999999999958e-03	-8.236867804276315486e-02	-1.233644987407483518e+00
1.729999999999999984e-03	-8.300344366776316041e-02	-1.240969206157483518e+00
1.740000000000000010e-03	-8.173391241776316318e-02	-1.228762174907483518e+00
1.750000000000000036e-03	-8.236867804276315486e-02	-1.236086393657483518e+00
1.760000000000000063e-03	-8.109914679276315763e-02	-1.223879362407483518e+00
1.770000000000000089e-03	-8.173391241776316318e-02	-1.231203581157483518e+00
1.779999999999999898e-03	-8.046438116776316596e-02	-1.220217253032483518e+00
1.789999999999999925e-03	-8.109914679276315763e-02	-1.227541471782483518e+00
1.799999999999999951e-03	-7.987844366776315763e-02	-1.215334440532483518e+00
1.809999999999999977e-03	-8.046438116776316596e-02	-1.222658659282483518e+00
1.820000000000000003e-03	-7.924367804276316596e-02	-1.210451628032483518e+00
1.830000000000000029e-03	-7.987844366776315763e-02	-1.218996549907483518e+00
1.840000000000000056e-03	-7.865774054276315763e-02	-1.206789518657483518e+00
1.850000000000000082e-03	-7.924367804276316596e-02	-1.214113737407483518e+00
1.860000000000000108e-03	-7.807180304276316318e-02	-1.201906706157483518e+00
1.869999999999999917e-03	-7.865774054276315763e-02	-1.209230924907483518e+00
1.879999999999999944e-03	-7.753469366776316596e-02	-1.197023893657483518e+00
1.889999999999999970e-03	-7.812063116776316041e-02	-1.205568815532483518e+00
1.899999999999999996e-03	-7.699758429276315486e-02	-1.193361784282483518e+00
1.910000000000000022e-03	-7.753469366776316596e-02	-1.200686003032483518e+00
1.920000000000000049e-03	-7.646047491776315763e-02	-1.188478971782483518e+00
1.930000000000000075e-03	-7.699758429276315486e-02	-1.195803190532483518e+00
1.940000000000000101e-03	-7.597219366776315763e-02	-1.184816862407483518e+00
1.949999999999999910e-03	-7.650930304276315486e-02	-1.192141081157483518e+00
1.959999999999999937e-03	-7.543508429276316041e-02	-1.179934049907483518e+00
1.969999999999999963e-03	-7.602102179276315486e-02	-1.187258268657483518e+00
1.979999999999999989e-03	-7.499563116776315763e-02	-1.175051237407483518e+00
1.990000000000000015e-03	-7.553274054276315486e-02	-1.183596159282483518e+00
2.000000000000000042e-03	-7.455617804276315486e-02	-1.171389128032483518e+00
2.010000000000000068e-03	-7.504445929276315486e-02	-1.178713346782483518e+00
2.020000000000000094e-03	-7.411672491776315208e-02	-1.166506315532483518e+00
2.030000000000000120e-03	-7.460500616776315208e-02	-1.173830534282483518e+00
2.040000000000000147e-03	-7.372609991776316041e-02	-1.162844206157483518e+00
2.050000000000000173e-03	-7.416555304276316318e-02	-1.170168424907483518e+00
2.060000000000000199e-03	-7.333547491776315486e-02	-1.157961393657483518e+00
2.069999999999999792e-03	-7.377492804276315763e-02	-1.165285612407483518e+00
2.079999999999999818e-03	-7.294484991776316318e-02	-1.154299284282483518e+00
2.089999999999999844e-03	-7.343313116776316318e-02	-1.161623503032483518e+00
2.099999999999999870e-03	-7.265188116776315208e-02	-1.149416471782483518e+00
2.109999999999999896e-03	-7.304250616776315763e-02	-1.156740690532483518e+00
2.119999999999999923e-03	-7.231008429276315763e-02	-1.144533659282483518e+00
2.129999999999999949e-03	-7.274953741776316041e-02	-1.151857878032483518e+00
2.139999999999999975e-03	-7.196828741776316318e-02	-1.139650846782483518e+00
2.150000000000000001e-03	-7.240774054276315208e-02	-1.148195768657483518e+00
2.160000000000000028e-03	-7.167531866776315208e-02	-1.135988737407483518e+00
2.170000000000000054e-03	-7.211477179276315486e-02	-1.143312956157483518e+00
2.180000000000000080e-03	-7.138234991776315486e-02	-1.131105924907483518e+00
2.190000000000000106e-03	-7.182180304276315763e-02	-1.138430143657483518e+00
2.200000000000000133e-03	-7.113820929276315486e-02	-1.127443815532483518e+00
2.210000000000000159e-03	-7.152883429276316041e-02	-1.134768034282483518e+00
2.220000000000000185e-03	-7.084524054276315763e-02	-1.122561003032483518e+00
2.230000000000000211e-03	-7.128469366776316041e-02	-1.129885221782483518e+00
2.239999999999999804e-03	-7.055227179276316041e-02	-1.117678190532483518e+00
2.249999999999999830e-03	-7.099172491776316318e-02	-1.125002409282483518e+00
2.259999999999999856e-03	-7.030813116776316041e-02	-1.114016081157483518e+00
2.269999999999999882e-03	-7.069875616776315208e-02	-1.121340299907483518e+00
2.279999999999999909e-03	-7.001516241776316318e-02	-1.109133268657483518e+00
2.289999999999999935e-03	-7.040578741776315486e-02	-1.116457487407483518e+00
2.299999999999999961e-03	-6.972219366776315208e-02	-1.105471159282483518e+00
2.309999999999999987e-03	-7.011281866776315763e-02	-1.112795378032483518e+00
2.320000000000000014e-03	-6.938039679276315763e-02	-1.100588346782483518e+00
2.330000000000000040e-03	-6.981984991776316041e-02	-1.109133268657483518e+00
2.340000000000000066e-03	-6.908742804276316041e-02	-1.095705534282483518e+00
2.350000000000000092e-03	-6.952688116776316318e-02	-1.104250456157483518e+00
2.360000000000000119e-03	-6.874563116776315208e-02	-1.092043424907483518e+00
2.370000000000000145e-03	-6.918508429276315486e-02	-1.099367643657483518e+00
2.380000000000000171e-03	-6.840383429276315763e-02	-1.088381315532483518e+00
2.390000000000000197e-03	-6.889211554276315763e-02	-1.095705534282483518e+00
2.399999999999999790e-03	-6.806203741776316318e-02	-1.083498503032483518e+00
2.409999999999999816e-03	-6.855031866776316318e-02	-1.090822721782483518e+00
2.419999999999999842e-03	-6.772024054276315486e-02	-1.078615690532483518e+00
2.429999999999999868e-03	-6.815969366776315763e-02	-1.087160612407483518e+00
2.439999999999999895e-03	-6.732961554276316318e-02	-1.073732878032483518e+00
2.449999999999999921e-03	-6.781789679276316318e-02	-1.082277799907483518e+00
2.459999999999999947e-03	-6.693899054276315763e-02	-1.070070768657483518e+00
2.469999999999999973e-03	-6.742727179276315763e-02	-1.077394987407483518e+00
2.480000000000000000e-03	-6.654836554276315208e-02	-1.065187956157483518e+00
2.490000000000000026e-03	-6.703664679276315208e-02	-1.072512174907483518e+00
2.500000000000000052e-03	-6.610891241776316318e-02	-1.061525846782483518e+00
2.510000000000000078e-03	-6.664602179276316041e-02	-1.068850065532483518e+00
2.520000000000000104e-03	-6.566945929276316041e-02	-1.056643034282483518e+00
2.530000000000000131e-03	-6.620656866776315763e-02	-1.063967253032483518e+00
2.540000000000000157e-03	-6.523000616776315763e-02	-1.052980924907483518e+00
2.550000000000000183e-03	-6.576711554276315486e-02	-1.060305143657483518e+00
2.560000000000000209e-03	-6.479055304276315486e-02	-1.048098112407483518e+00
2.569999999999999802e-03	-6.532766241776315208e-02	-1.055422331157483518e+00
2.579999999999999828e-03	-6.430227179276315486e-02	-1.043215299907483518e+00
2.589999999999999854e-03	-6.483938116776315208e-02	-1.050539518657483518e+00
2.599999999999999881e-03	-6.381399054276315486e-02	-1.039553190532483518e+00
2.609999999999999907e-03	-6.435109991776315208e-02	-1.046877409282483518e+00
2.619999999999999933e-03	-6.327688116776315763e-02	-1.034670378032483518e+00
2.629999999999999959e-03	-6.381399054276315486e-02	-1.041994596782483518e+00
2.639999999999999986e-03	-6.273977179276316041e-02	-1.031008268657483518e+00
2.650000000000000012e-03	-6.332570929276315486e-02	-1.038332487407483518e+00
2.660000000000000038e-03	-6.220266241776315624e-02	-1.026125456157483518e+00
2.670000000000000064e-03	-6.278859991776315763e-02	-1.033449674907483518e+00
2.680000000000000090e-03	-6.161672491776315486e-02	-1.022463346782483518e+00
2.690000000000000117e-03	-6.220266241776315624e-02	-1.029787565532483518e+00
2.700000000000000143e-03	-6.103078741776316041e-02	-1.017580534282483518e+00
2.710000000000000169e-03	-6.166555304276315902e-02	-1.024904753032483518e+00
2.720000000000000195e-03	-6.044484991776315902e-02	-1.012697721782483518e+00
2.729999999999999788e-03	-6.103078741776316041e-02	-1.021242643657483518e+00
2.739999999999999814e-03	-5.981008429276316041e-02	-1.009035612407483518e+00
2.749999999999999840e-03	-6.044484991776315902e-02	-1.016359831157483518e+00
2.759999999999999867e-03	-5.917531866776315486e-02	-1.004152799907483518e+00
2.769999999999999893e-03	-5.981008429276316041e-02	-1.011477018657483518e+00
2.779999999999999919e-03	-5.854055304276315624e-02	-1.000490690532483518e+00
2.789999999999999945e-03	-5.917531866776315486e-02	-1.007814909282483518e+00
2.799999999999999972e-03	-5.785695929276316041e-02	-9.956078780324835176e-01
2.809999999999999998e-03	-5.854055304276315624e-02	-1.002932096782483518e+00
2.820000000000000024e-03	-5.717336554276315763e-02	-9.907250655324835176e-01
2.830000000000000050e-03	-5.785695929276316041e-02	-9.980492842824835176e-01
2.840000000000000076e-03	-5.648977179276315486e-02	-9.870629561574835176e-01
2.850000000000000103e-03	-5.717336554276315763e-02	-9.943871749074835176e-01
2.860000000000000129e-03	-5.575734991776315486e-02	-9.821801436574835176e-01
2.870000000000000155e-03	-5.648977179276315486e-02	-9.895043624074835176e-01
2.880000000000000181e-03	-5.502492804276315486e-02	-9.785180342824835176e-01
2.890000000000000208e-03	-5.575734991776315486e-02	-9.858422530324835176e-01
2.899999999999999800e-03	-5.429250616776315486e-02	-9.736352217824835176e-01
2.909999999999999826e-03	-5.502492804276315486e-02	-9.809594405324835176e-01
2.919999999999999853e-03	-5.351125616776315763e-02	-9.687524092824835176e-01
2.929999999999999879e-03	-5.424367804276315763e-02	-9.772973311574835176e-01
2.939999999999999905e-03	-5.273000616776316041e-02	-9.650902999074835176e-01
2.949999999999999931e-03	-5.351125616776315763e-02	-9.724145186574835176e-01
2.959999999999999958e-03	-5.194875616776315624e-02	-9.602074874074835176e-01
2.969999999999999984e-03	-5.273000616776316041e-02	-9.675317061574835176e-01
2.980000000000000010e-03	-5.111867804276315486e-02	-9.565453780324835176e-01
2.990000000000000036e-03	-5.194875616776315624e-02	-9.638695967824835176e-01
3.000000000000000062e-03	-5.033742804276315763e-02	-9.516625655324835176e-01
3.010000000000000089e-03	-5.111867804276315486e-02	-9.589867842824835176e-01
3.020000000000000115e-03	-4.955617804276316041e-02	-9.467797530324835176e-01
3.030000000000000141e-03	-5.033742804276315763e-02	-9.553246749074835176e-01
3.040000000000000167e-03	-4.872609991776316596e-02	-9.431176436574835176e-01
3.050000000000000194e-03	-4.950734991776316318e-02	-9.504418624074835176e-01
3.059999999999999786e-03	-4.789602179276316457e-02	-9.382348311574835176e-01
3.069999999999999812e-03	-4.867727179276316180e-02	-9.455590499074835176e-01
3.079999999999999839e-03	-4.706594366776316318e-02	-9.333520186574835176e-01
3.089999999999999865e-03	-4.784719366776316041e-02	-9.418969405324835176e-01
3.099999999999999891e-03	-4.623586554276316180e-02	-9.296899092824835176e-01
3.109999999999999917e-03	-4.701711554276316596e-02	-9.370141280324835176e-01
3.119999999999999944e-03	-4.540578741776316041e-02	-9.260277999074835176e-01
3.129999999999999970e-03	-4.618703741776316457e-02	-9.321313155324835176e-01
3.139999999999999996e-03	-4.457570929276316596e-02	-9.211449874074835176e-01
3.150000000000000022e-03	-4.535695929276316318e-02	-9.284692061574835176e-01
3.160000000000000048e-03	-4.379445929276316180e-02	-9.162621749074835176e-01
3.170000000000000075e-03	-4.457570929276316596e-02	-9.235863936574835176e-01
3.180000000000000101e-03	-4.296438116776316041e-02	-9.126000655324835176e-01
3.190000000000000127e-03	-4.374563116776316457e-02	-9.199242842824835176e-01
3.200000000000000153e-03	-4.213430304276316596e-02	-9.077172530324835176e-01
3.210000000000000180e-03	-4.291555304276316318e-02	-9.150414717824835176e-01
3.220000000000000206e-03	-4.130422491776316457e-02	-9.028344405324835176e-01
3.229999999999999798e-03	-4.208547491776316180e-02	-9.113793624074835176e-01
3.239999999999999825e-03	-4.052297491776316041e-02	-8.991723311574835176e-01
3.249999999999999851e-03	-4.130422491776316457e-02	-9.064965499074835176e-01
3.259999999999999877e-03	-3.974172491776316318e-02	-8.955102217824835176e-01
3.269999999999999903e-03	-4.052297491776316041e-02	-9.016137374074835176e-01
3.279999999999999930e-03	-3.896047491776316596e-02	-8.906274092824835176e-01
3.289999999999999956e-03	-3.969289679276316596e-02	-8.979516280324835176e-01
3.299999999999999982e-03	-3.813039679276316457e-02	-8.857445967824835176e-01
3.310000000000000008e-03	-3.891164679276316180e-02	-8.930688155324835176e-01
3.320000000000000034e-03	-3.739797491776316457e-02	-8.808617842824835176e-01
3.330000000000000061e-03	-3.813039679276316457e-02	-8.894067061574835176e-01
3.340000000000000087e-03	-3.661672491776316041e-02	-8.771996749074835176e-01
3.350000000000000113e-03	-3.734914679276316041e-02	-8.845238936574835176e-01
3.360000000000000139e-03	-3.583547491776316318e-02	-8.723168624074835176e-01
3.370000000000000166e-03	-3.656789679276316318e-02	-8.808617842824835176e-01
3.380000000000000192e-03	-3.510305304276316318e-02	-8.686547530324835176e-01
3.389999999999999784e-03	-3.583547491776316318e-02	-8.759789717824835176e-01
3.399999999999999811e-03	-3.437063116776316318e-02	-8.637719405324835176e-01
3.409999999999999837e-03	-3.510305304276316318e-02	-8.710961592824835176e-01
3.419999999999999863e-03	-3.363820929276316318e-02	-8.601098311574835176e-01
3.429999999999999889e-03	-3.432180304276315902e-02	-8.674340499074835176e-01
3.439999999999999915e-03	-3.290578741776316318e-02	-8.552270186574835176e-01
3.449999999999999942e-03	-3.363820929276316318e-02	-8.625512374074835176e-01
3.459999999999999968e-03	-3.217336554276316318e-02	-8.515649092824835176e-01
3.469999999999999994e-03	-3.290578741776316318e-02	-8.588891280324835176e-01
3.480000000000000020e-03	-3.148977179276316041e-02	-8.466820967824835176e-01
3.490000000000000047e-03	-3.217336554276316318e-02	-8.540063155324835176e-01
3.500000000000000073e-03	-3.080617804276316110e-02	-8.417992842824835176e-01
3.510000000000000099e-03	-3.148977179276316041e-02	-8.491235030324835176e-01
3.520000000000000125e-03	-3.017141241776316249e-02	-8.381371749074835176e-01
3.530000000000000152e-03	-3.080617804276316110e-02	-8.454613936574835176e-01
3.540000000000000178e-03	-2.948781866776316318e-02	-8.332543624074835176e-01
3.550000000000000204e-03	-3.017141241776316249e-02	-8.405785811574835176e-01
3.559999999999999797e-03	-2.885305304276316110e-02	-8.295922530324835176e-01
3.569999999999999823e-03	-2.948781866776316318e-02	-8.369164717824835176e-01
3.579999999999999849e-03	-2.821828741776316249e-02	-8.247094405324835176e-01
3.589999999999999875e-03	-2.885305304276316110e-02	-8.320336592824835176e-01
3.599999999999999901e-03	-2.758352179276316041e-02	-8.198266280324835176e-01
3.609999999999999928e-03	-2.821828741776316249e-02	-8.271508467824835176e-01
3.619999999999999954e-03	-2.699758429276316249e-02	-8.161645186574835176e-01
3.629999999999999980e-03	-2.758352179276316041e-02	-8.234887374074835176e-01
3.640000000000000006e-03	-2.636281866776316041e-02	-8.112817061574835176e-01
3.650000000000000033e-03	-2.699758429276316249e-02	-8.186059249074835176e-01
3.660000000000000059e-03	-2.577688116776316249e-02	-8.076195967824835176e-01
3.670000000000000085e-03	-2.641164679276316110e-02	-8.149438155324835176e-01
3.680000000000000111e-03	-2.519094366776316110e-02	-8.027367842824835176e-01
3.690000000000000138e-03	-2.577688116776316249e-02	-8.100610030324835176e-01
3.700000000000000164e-03	-2.455617804276315902e-02	-7.978539717824835176e-01
3.710000000000000190e-03	-2.519094366776316110e-02	-8.051781905324835176e-01
3.720000000000000216e-03	-2.397024054276315763e-02	-7.941918624074835176e-01
3.729999999999999809e-03	-2.460500616776315971e-02	-8.015160811574835176e-01
3.739999999999999835e-03	-2.338430304276315971e-02	-7.893090499074835176e-01
3.749999999999999861e-03	-2.401906866776315833e-02	-7.966332686574835176e-01
3.759999999999999887e-03	-2.279836554276315833e-02	-7.856469405324835176e-01
3.769999999999999914e-03	-2.338430304276315971e-02	-7.929711592824835176e-01
3.779999999999999940e-03	-2.226125616776315763e-02	-7.807641280324835176e-01
3.789999999999999966e-03	-2.284719366776315902e-02	-7.880883467824835176e-01
3.799999999999999992e-03	-2.167531866776315971e-02	-7.758813155324835176e-01
3.810000000000000019e-03	-2.226125616776315763e-02	-7.832055342824835176e-01
3.820000000000000045e-03	-2.108938116776315833e-02	-7.722192061574835176e-01
3.830000000000000071e-03	-2.167531866776315971e-02	-7.795434249074835176e-01
3.840000000000000097e-03	-2.050344366776316041e-02	-7.673363936574835176e-01
3.850000000000000124e-03	-2.108938116776315833e-02	-7.746606124074835176e-01
3.860000000000000150e-03	-1.996633429276315971e-02	-7.636742842824835176e-01
3.870000000000000176e-03	-2.055227179276315763e-02	-7.709985030324835176e-01
3.880000000000000202e-03	-1.938039679276315833e-02	-7.587914717824835176e-01
3.889999999999999795e-03	-1.996633429276315971e-02	-7.661156905324835176e-01
3.899999999999999821e-03	-1.884328741776315763e-02	-7.551293624074835176e-01
3.910000000000000281e-03	-1.942922491776315902e-02	-7.624535811574835176e-01
3.919999999999999873e-03	-1.830617804276315694e-02	-7.502465499074835176e-01
3.930000000000000333e-03	-1.889211554276315833e-02	-7.575707686574835176e-01
3.939999999999999926e-03	-1.776906866776315971e-02	-7.453637374074835176e-01
3.950000000000000386e-03	-1.835500616776315763e-02	-7.526879561574835176e-01
3.959999999999999978e-03	-1.723195929276315902e-02	-7.417016280324835176e-01
3.969999999999999571e-03	-1.776906866776315971e-02	-7.490258467824835176e-01
3.980000000000000031e-03	-1.669484991776315833e-02	-7.368188155324835176e-01
3.989999999999999623e-03	-1.723195929276315902e-02	-7.441430342824835176e-01
4.000000000000000083e-03	-1.615774054276315763e-02	-7.331567061574835176e-01
4.009999999999999676e-03	-1.669484991776315833e-02	-7.404809249074835176e-01
4.020000000000000136e-03	-1.562063116776315867e-02	-7.282738936574835176e-01
4.029999999999999728e-03	-1.615774054276315763e-02	-7.355981124074835176e-01
4.040000000000000188e-03	-1.513234991776315867e-02	-7.246117842824835176e-01
4.049999999999999781e-03	-1.566945929276315763e-02	-7.319360030324835176e-01
4.060000000000000241e-03	-1.464406866776315867e-02	-7.197289717824835176e-01
4.069999999999999833e-03	-1.518117804276315763e-02	-7.270531905324835176e-01
4.080000000000000293e-03	-1.410695929276315798e-02	-7.160668624074835176e-01
4.089999999999999886e-03	-1.464406866776315867e-02	-7.221703780324835176e-01
4.100000000000000346e-03	-1.361867804276315798e-02	-7.111840499074835176e-01
4.109999999999999938e-03	-1.415578741776315867e-02	-7.185082686574835176e-01
4.120000000000000398e-03	-1.313039679276315798e-02	-7.063012374074835176e-01
4.129999999999999991e-03	-1.366750616776315867e-02	-7.136254561574835176e-01
4.139999999999999583e-03	-1.269094366776315867e-02	-7.026391280324835176e-01
4.150000000000000043e-03	-1.317922491776315867e-02	-7.099633467824835176e-01
4.159999999999999636e-03	-1.220266241776315867e-02	-6.977563155324835176e-01
4.170000000000000095e-03	-1.273977179276315763e-02	-7.050805342824835176e-01
4.179999999999999688e-03	-1.176320929276315763e-02	-6.940942061574835176e-01
4.190000000000000148e-03	-1.225149054276315763e-02	-7.001977217824835176e-01
4.199999999999999740e-03	-1.132375616776315833e-02	-6.892113936574835176e-01
4.210000000000000200e-03	-1.181203741776315833e-02	-6.965356124074835176e-01
4.219999999999999793e-03	-1.088430304276315902e-02	-6.855492842824835176e-01
4.230000000000000253e-03	-1.137258429276315902e-02	-6.916527999074835176e-01
4.239999999999999845e-03	-1.044484991776315798e-02	-6.806664717824835176e-01
4.250000000000000305e-03	-1.093313116776315798e-02	-6.879906905324835176e-01
4.259999999999999898e-03	-1.005422491776315763e-02	-6.757836592824835176e-01
4.270000000000000358e-03	-1.049367804276315867e-02	-6.831078780324835176e-01
4.279999999999999950e-03	-9.614771792763158326e-03	-6.721215499074835176e-01
4.290000000000000410e-03	-1.010305304276315833e-02	-6.794457686574835176e-01
4.300000000000000003e-03	-9.224146792763157979e-03	-6.672387374074835176e-01
4.309999999999999595e-03	-9.712428042763157979e-03	-6.745629561574835176e-01
4.320000000000000055e-03	-8.833521792763157632e-03	-6.635766280324835176e-01
4.329999999999999648e-03	-9.321803042763157632e-03	-6.709008467824835176e-01
4.340000000000000108e-03	-8.491724917763157979e-03	-6.586938155324835176e-01
4.349999999999999700e-03	-8.931178042763157285e-03	-6.660180342824835176e-01
4.360000000000000160e-03	-8.101099917763157632e-03	-6.550317061574835176e-01
4.369999999999999753e-03	-8.589381167763157632e-03	-6.623559249074835176e-01
4.380000000000000213e-03	-7.759303042763157979e-03	-6.501488936574835176e-01
4.389999999999999805e-03	-8.198756167763157285e-03	-6.574731124074835176e-01
4.400000000000000265e-03	-7.417506167763158326e-03	-6.452660811574835176e-01
4.409999999999999858e-03	-7.905787417763158326e-03	-6.525902999074835176e-01
4.420000000000000318e-03	-7.124537417763157632e-03	-6.416039717824835176e-01
4.429999999999999910e-03	-7.563990542763157805e-03	-6.489281905324835176e-01
4.440000000000000370e-03	-6.831568667763157805e-03	-6.367211592824835176e-01
4.449999999999999963e-03	-7.271021792763157979e-03	-6.440453780324835176e-01
4.460000000000000422e-03	-6.538599917763157979e-03	-6.330590499074835176e-01
4.470000000000000015e-03	-6.978053042763158152e-03	-6.403832686574835176e-01
4.479999999999999608e-03	-6.245631167763158152e-03	-6.281762374074835176e-01
4.490000000000000067e-03	-6.685084292763158326e-03	-6.355004561574835176e-01
4.499999999999999660e-03	-6.001490542763158152e-03	-6.232934249074835176e-01
4.510000000000000120e-03	-6.392115542763157632e-03	-6.306176436574835176e-01
4.519999999999999712e-03	-5.757349917763158152e-03	-6.196313155324835176e-01
4.530000000000000172e-03	-6.147974917763157632e-03	-6.269555342824835176e-01
4.539999999999999765e-03	-5.513209292763158152e-03	-6.147485030324835176e-01
4.550000000000000225e-03	-5.903834292763157632e-03	-6.220727217824835176e-01
4.559999999999999817e-03	-5.269068667763158152e-03	-6.110863936574835176e-01
4.570000000000000277e-03	-5.659693667763157632e-03	-6.184106124074835176e-01
4.579999999999999870e-03	-5.024928042763158152e-03	-6.062035811574835176e-01
4.590000000000000330e-03	-5.415553042763157632e-03	-6.135277999074835176e-01
4.599999999999999922e-03	-4.780787417763158152e-03	-6.025414717824835176e-01
4.610000000000000382e-03	-5.171412417763157632e-03	-6.098656905324835176e-01
4.619999999999999975e-03	-4.585474917763157979e-03	-5.976586592824835176e-01
4.629999999999999567e-03	-4.927271792763157632e-03	-6.049828780324835176e-01
4.640000000000000027e-03	-4.341334292763157979e-03	-5.939965499074835176e-01
4.649999999999999620e-03	-4.731959292763158326e-03	-6.013207686574835176e-01
4.660000000000000080e-03	-4.146021792763157805e-03	-5.891137374074835176e-01
4.669999999999999672e-03	-4.487818667763157458e-03	-5.964379561574835176e-01
4.680000000000000132e-03	-3.901881167763157805e-03	-5.854516280324835176e-01
4.689999999999999725e-03	-4.292506167763158152e-03	-5.927758467824835176e-01
4.700000000000000185e-03	-3.657740542763157805e-03	-5.805688155324835176e-01
4.709999999999999777e-03	-4.048365542763158152e-03	-5.878930342824835176e-01
4.720000000000000237e-03	-3.462428042763157632e-03	-5.769067061574835176e-01
4.729999999999999830e-03	-3.853053042763157979e-03	-5.830102217824835176e-01
4.740000000000000289e-03	-3.267115542763157892e-03	-5.720238936574835176e-01
4.749999999999999882e-03	-3.608912417763157979e-03	-5.793481124074835176e-01
4.760000000000000342e-03	-3.022974917763158326e-03	-5.671410811574835176e-01
4.769999999999999934e-03	-3.413599917763157805e-03	-5.744652999074835176e-01
4.780000000000000394e-03	-2.827662417763158152e-03	-5.634789717824835176e-01
4.789999999999999987e-03	-3.218287417763157632e-03	-5.708031905324835176e-01
4.799999999999999580e-03	-2.632349917763157979e-03	-5.585961592824835176e-01
4.810000000000000039e-03	-3.022974917763158326e-03	-5.659203780324835176e-01
4.819999999999999632e-03	-2.485865542763158065e-03	-5.549340499074835176e-01
4.830000000000000092e-03	-2.827662417763158152e-03	-5.622582686574835176e-01
4.839999999999999684e-03	-2.290553042763157892e-03	-5.500512374074835176e-01
4.850000000000000144e-03	-2.632349917763157979e-03	-5.573754561574835176e-01
4.859999999999999737e-03	-2.095240542763158152e-03	-5.463891280324835176e-01
4.870000000000000197e-03	-2.485865542763158065e-03	-5.537133467824835176e-01
4.879999999999999789e-03	-1.948756167763158022e-03	-5.415063155324835176e-01
4.890000000000000249e-03	-2.290553042763157892e-03	-5.488305342824835176e-01
4.899999999999999842e-03	-1.753443667763158065e-03	-5.378442061574835176e-01
4.910000000000000302e-03	-2.144068667763157979e-03	-5.451684249074835176e-01
4.919999999999999894e-03	-1.606959292763158152e-03	-5.329613936574835176e-01
4.930000000000000354e-03	-1.948756167763158022e-03	-5.402856124074835176e-01
4.939999999999999947e-03	-1.460474917763158022e-03	-5.292992842824835176e-01
4.950000000000000407e-03	-1.802271792763158109e-03	-5.366235030324835176e-01
4.959999999999999999e-03	-1.313990542763158109e-03	-5.244164717824835176e-01
4.969999999999999592e-03	-1.655787417763157979e-03	-5.317406905324835176e-01
4.980000000000000052e-03	-1.118678042763157935e-03	-5.207543624074835176e-01
4.989999999999999644e-03	-1.509303042763158065e-03	-5.268578780324835176e-01
5.000000000000000104e-03	-9.721936677631580221e-04	-5.158715499074835176e-01
5.009999999999999697e-03	-1.313990542763158109e-03	-5.231957686574835176e-01
5.020000000000000157e-03	-8.257092927631580004e-04	-5.109887374074835176e-01
5.029999999999999749e-03	-1.167506167763157979e-03	-5.183129561574835176e-01
5.040000000000000209e-03	-6.792249177631579787e-04	-5.073266280324835176e-01
5.049999999999999802e-03	-1.021021792763158065e-03	-5.146508467824835176e-01
5.060000000000000261e-03	-5.327405427631579570e-04	-5.024438155324835176e-01
5.069999999999999854e-03	-8.745374177631580438e-04	-5.097680342824835176e-01
5.080000000000000314e-03	-3.862561677631579896e-04	-4.987817061574835176e-01
5.089999999999999906e-03	-7.280530427631580221e-04	-5.061059249074835176e-01
5.100000000000000366e-03	-2.397717927631579950e-04	-4.938988936574835176e-01
5.109999999999999959e-03	-5.815686677631580004e-04	-5.012231124074835176e-01
5.120000000000000419e-03	-9.328741776315798687e-05	-4.902367842824835176e-01
5.130000000000000011e-03	-4.350842927631579787e-04	-4.975610030324835176e-01
5.139999999999999604e-03	5.319695723684202127e-05	-4.853539717824835176e-01
5.150000000000000064e-03	-2.885999177631580113e-04	-4.926781905324835176e-01
5.159999999999999656e-03	1.996813322368420430e-04	-4.816918624074835176e-01
5.170000000000000116e-03	-1.421155427631579896e-04	-4.890160811574835176e-01
5.179999999999999709e-03	2.973375822368420213e-04	-4.768090499074835176e-01
5.190000000000000169e-03	-4.445929276315798415e-05	-4.841332686574835176e-01
5.199999999999999761e-03	4.438219572368420430e-04	-4.731469405324835176e-01
5.210000000000000221e-03	1.020250822368420240e-04	-4.804711592824835176e-01
5.219999999999999814e-03	5.414782072368420213e-04	-4.682641280324835176e-01
5.230000000000000274e-03	1.996813322368420430e-04	-4.755883467824835176e-01
5.239999999999999866e-03	6.879625822368420430e-04	-4.646020186574835176e-01
5.250000000000000326e-03	3.461657072368420646e-04	-4.719262374074835176e-01
5.259999999999999919e-03	8.344469572368420646e-04	-4.597192061574835176e-01
5.270000000000000379e-03	4.438219572368420430e-04	-4.670434249074835176e-01
5.279999999999999971e-03	9.321032072368420430e-04	-4.560570967824835176e-01
5.290000000000000431e-03	5.903063322368420646e-04	-4.633813155324835176e-01
5.300000000000000024e-03	1.029759457236842021e-03	-4.511742842824835176e-01
5.309999999999999616e-03	6.879625822368420430e-04	-4.584985030324835176e-01
5.320000000000000076e-03	1.127415707236842108e-03	-4.475121749074835176e-01
5.329999999999999669e-03	8.344469572368420646e-04	-4.548363936574835176e-01
5.340000000000000129e-03	1.225071957236842195e-03	-4.426293624074835176e-01
5.349999999999999721e-03	9.321032072368420430e-04	-4.499535811574835176e-01
5.360000000000000181e-03	1.322728207236842065e-03	-4.389672530324835176e-01
5.369999999999999774e-03	1.029759457236842021e-03	-4.450707686574835176e-01
5.380000000000000233e-03	1.469212582236842195e-03	-4.340844405324835176e-01
5.389999999999999826e-03	1.127415707236842108e-03	-4.414086592824835176e-01
5.400000000000000286e-03	1.566868832236842065e-03	-4.304223311574835176e-01
5.409999999999999878e-03	1.225071957236842195e-03	-4.365258467824835176e-01
5.420000000000000338e-03	1.713353207236842195e-03	-4.255395186574835176e-01
5.429999999999999931e-03	1.371556332236842108e-03	-4.328637374074835176e-01
5.440000000000000391e-03	1.811009457236842065e-03	-4.218774092824835176e-01
5.449999999999999983e-03	1.469212582236842195e-03	-4.292016280324835176e-01
5.459999999999999576e-03	1.957493832236842195e-03	-4.169945967824835176e-01
5.470000000000000036e-03	1.615696957236842108e-03	-4.243188155324835176e-01
5.479999999999999628e-03	2.055150082236842281e-03	-4.133324874074835176e-01
5.490000000000000088e-03	1.713353207236842195e-03	-4.206567061574835176e-01
5.499999999999999681e-03	2.152806332236841935e-03	-4.084496749074835176e-01
5.510000000000000141e-03	1.811009457236842065e-03	-4.157738936574835176e-01
5.519999999999999733e-03	2.250462582236842021e-03	-4.047875655324835176e-01
5.530000000000000193e-03	1.908665707236842151e-03	-4.121117842824835176e-01
5.539999999999999786e-03	2.396946957236842368e-03	-3.999047530324835176e-01
5.550000000000000246e-03	2.055150082236842281e-03	-4.072289717824835176e-01
5.559999999999999838e-03	2.494603207236842021e-03	-3.962426436574835176e-01
5.570000000000000298e-03	2.152806332236841935e-03	-4.035668624074835176e-01
5.579999999999999891e-03	2.592259457236842108e-03	-3.913598311574835176e-01
5.590000000000000351e-03	2.250462582236842021e-03	-3.986840499074835176e-01
5.599999999999999943e-03	2.689915707236842195e-03	-3.876977217824835176e-01
5.610000000000000403e-03	2.348118832236842108e-03	-3.950219405324835176e-01
5.619999999999999996e-03	2.738743832236842021e-03	-3.828149092824835176e-01
5.629999999999999588e-03	2.396946957236842368e-03	-3.901391280324835176e-01
5.640000000000000048e-03	2.836400082236842108e-03	-3.791527999074835176e-01
5.649999999999999641e-03	2.494603207236842021e-03	-3.864770186574835176e-01
5.660000000000000100e-03	2.934056332236842195e-03	-3.742699874074835176e-01
5.669999999999999693e-03	2.592259457236842108e-03	-3.815942061574835176e-01
5.680000000000000153e-03	2.982884457236842021e-03	-3.706078780324835176e-01
5.689999999999999745e-03	2.641087582236842368e-03	-3.779320967824835176e-01
5.700000000000000205e-03	3.080540707236842108e-03	-3.669457686574835176e-01
5.709999999999999798e-03	2.738743832236842021e-03	-3.730492842824835176e-01
5.720000000000000258e-03	3.129368832236842368e-03	-3.620629561574835176e-01
5.729999999999999850e-03	2.787571957236842281e-03	-3.693871749074835176e-01
5.740000000000000310e-03	3.178196957236842628e-03	-3.571801436574835176e-01
5.749999999999999903e-03	2.836400082236842108e-03	-3.645043624074835176e-01
5.760000000000000363e-03	3.227025082236842455e-03	-3.535180342824835176e-01
5.769999999999999955e-03	2.934056332236842195e-03	-3.608422530324835176e-01
5.780000000000000415e-03	3.324681332236842542e-03	-3.486352217824835176e-01
5.790000000000000008e-03	2.982884457236842021e-03	-3.559594405324835176e-01
5.799999999999999600e-03	3.373509457236842368e-03	-3.449731124074835176e-01
5.810000000000000060e-03	3.031712582236842281e-03	-3.522973311574835176e-01
5.819999999999999653e-03	3.422337582236842628e-03	-3.400902999074835176e-01
5.830000000000000113e-03	3.080540707236842108e-03	-3.474145186574835176e-01
5.839999999999999705e-03	3.471165707236842455e-03	-3.364281905324835176e-01
5.850000000000000165e-03	3.129368832236842368e-03	-3.437524092824835176e-01
5.859999999999999758e-03	3.519993832236842715e-03	-3.327660811574835176e-01
5.870000000000000218e-03	3.178196957236842628e-03	-3.388695967824835176e-01
5.879999999999999810e-03	3.568821957236842542e-03	-3.278832686574835176e-01
5.890000000000000270e-03	3.275853207236842715e-03	-3.352074874074835176e-01
5.899999999999999863e-03	3.666478207236842628e-03	-3.242211592824835176e-01
5.910000000000000323e-03	3.324681332236842542e-03	-3.315453780324835176e-01
5.919999999999999915e-03	3.715306332236842455e-03	-3.193383467824835176e-01
5.930000000000000375e-03	3.324681332236842542e-03	-3.266625655324835176e-01
5.939999999999999968e-03	3.715306332236842455e-03	-3.144555342824835176e-01
5.950000000000000427e-03	3.422337582236842628e-03	-3.217797530324835176e-01
5.960000000000000020e-03	3.764134457236842715e-03	-3.107934249074835176e-01
5.969999999999999613e-03	3.422337582236842628e-03	-3.181176436574835176e-01
5.980000000000000072e-03	3.764134457236842715e-03	-3.059106124074835176e-01
5.989999999999999665e-03	3.471165707236842455e-03	-3.132348311574835176e-01
6.000000000000000125e-03	3.812962582236842542e-03	-3.022485030324835176e-01
6.009999999999999717e-03	3.471165707236842455e-03	-3.095727217824835176e-01
6.020000000000000177e-03	3.861790707236842368e-03	-2.985863936574835176e-01
6.029999999999999770e-03	3.519993832236842715e-03	-3.046899092824835176e-01
6.040000000000000230e-03	3.861790707236842368e-03	-2.937035811574835176e-01
6.049999999999999822e-03	3.519993832236842715e-03	-3.010277999074835176e-01
6.060000000000000282e-03	3.861790707236842368e-03	-2.900414717824835176e-01
6.069999999999999875e-03	3.519993832236842715e-03	-2.961449874074835176e-01
6.080000000000000335e-03	3.861790707236842368e-03	-2.851586592824835176e-01
6.089999999999999927e-03	3.568821957236842542e-03	-2.924828780324835176e-01
6.100000000000000387e-03	3.861790707236842368e-03	-2.814965499074835176e-01
6.109999999999999980e-03	3.568821957236842542e-03	-2.888207686574835176e-01
6.119999999999999572e-03	3.861790707236842368e-03	-2.766137374074835176e-01
6.130000000000000032e-03	3.568821957236842542e-03	-2.839379561574835176e-01
6.139999999999999625e-03	3.861790707236842368e-03	-2.729516280324835176e-01
6.150000000000000085e-03	3.519993832236842715e-03	-2.802758467824835176e-01
6.159999999999999677e-03	3.861790707236842368e-03	-2.680688155324835176e-01
6.170000000000000137e-03	3.568821957236842542e-03	-2.753930342824835176e-01
6.179999999999999730e-03	3.861790707236842368e-03	-2.644067061574835176e-01
6.190000000000000190e-03	3.568821957236842542e-03	-2.717309249074835176e-01
6.199999999999999782e-03	3.861790707236842368e-03	-2.595238936574835176e-01
6.210000000000000242e-03	3.519993832236842715e-03	-2.668481124074835176e-01
6.219999999999999835e-03	3.861790707236842368e-03	-2.558617842824835176e-01
6.230000000000000294e-03	3.519993832236842715e-03	-2.631860030324835176e-01
6.239999999999999887e-03	3.861790707236842368e-03	-2.509789717824835176e-01
6.250000000000000347e-03	3.519993832236842715e-03	-2.583031905324835176e-01
6.259999999999999939e-03	3.861790707236842368e-03	-2.473168624074835453e-01
6.270000000000000399e-03	3.519993832236842715e-03	-2.546410811574835176e-01
6.279999999999999992e-03	3.861790707236842368e-03	-2.436547530324835453e-01
6.289999999999999584e-03	3.519993832236842715e-03	-2.509789717824835176e-01
6.300000000000000044e-03	3.861790707236842368e-03	-2.387719405324835453e-01
6.309999999999999637e-03	3.519993832236842715e-03	-2.460961592824835453e-01
6.320000000000000097e-03	3.861790707236842368e-03	-2.351098311574835453e-01
6.329999999999999689e-03	3.568821957236842542e-03	-2.424340499074835453e-01
6.340000000000000149e-03	3.861790707236842368e-03	-2.302270186574835453e-01
6.349999999999999742e-03	3.519993832236842715e-03	-2.375512374074835453e-01
6.360000000000000202e-03	3.861790707236842368e-03	-2.265649092824835453e-01
6.369999999999999794e-03	3.519993832236842715e-03	-2.338891280324835453e-01
6.380000000000000254e-03	3.861790707236842368e-03	-2.216820967824835453e-01
6.389999999999999847e-03	3.568821957236842542e-03	-2.290063155324835453e-01
6.400000000000000307e-03	3.861790707236842368e-03	-2.180199874074835453e-01
6.409999999999999899e-03	3.568821957236842542e-03	-2.253442061574835453e-01
6.420000000000000359e-03	3.910618832236842195e-03	-2.131371749074835453e-01
6.429999999999999952e-03	3.568821957236842542e-03	-2.204613936574835453e-01
6.440000000000000412e-03	3.910618832236842195e-03	-2.094750655324835453e-01
6.450000000000000004e-03	3.568821957236842542e-03	-2.167992842824835453e-01
6.459999999999999597e-03	3.910618832236842195e-03	-2.058129561574835453e-01
6.470000000000000057e-03	3.568821957236842542e-03	-2.119164717824835453e-01
6.479999999999999649e-03	3.910618832236842195e-03	-2.009301436574835453e-01
6.490000000000000109e-03	3.617650082236842368e-03	-2.082543624074835453e-01
6.499999999999999702e-03	3.910618832236842195e-03	-1.972680342824835453e-01
6.510000000000000162e-03	3.617650082236842368e-03	-2.033715499074835453e-01
6.519999999999999754e-03	3.959446957236842889e-03	-1.923852217824835453e-01
6.530000000000000214e-03	3.617650082236842368e-03	-1.997094405324835453e-01
6.539999999999999807e-03	3.959446957236842889e-03	-1.887231124074835453e-01
6.550000000000000266e-03	3.617650082236842368e-03	-1.960473311574835453e-01
6.559999999999999859e-03	3.959446957236842889e-03	-1.838402999074835453e-01
6.570000000000000319e-03	3.617650082236842368e-03	-1.911645186574835453e-01
6.579999999999999911e-03	3.959446957236842889e-03	-1.801781905324835453e-01
6.590000000000000371e-03	3.617650082236842368e-03	-1.875024092824835453e-01
6.599999999999999964e-03	3.910618832236842195e-03	-1.752953780324835453e-01
6.610000000000000424e-03	3.617650082236842368e-03	-1.826195967824835453e-01
6.620000000000000016e-03	3.910618832236842195e-03	-1.716332686574835453e-01
6.629999999999999609e-03	3.568821957236842542e-03	-1.789574874074835453e-01
6.640000000000000069e-03	3.861790707236842368e-03	-1.679711592824835453e-01
6.649999999999999661e-03	3.568821957236842542e-03	-1.752953780324835453e-01
6.660000000000000121e-03	3.861790707236842368e-03	-1.630883467824835453e-01
6.669999999999999714e-03	3.568821957236842542e-03	-1.704125655324835453e-01
6.680000000000000174e-03	3.812962582236842542e-03	-1.594262374074835453e-01
6.689999999999999766e-03	3.519993832236842715e-03	-1.667504561574835453e-01
6.700000000000000226e-03	3.812962582236842542e-03	-1.545434249074835453e-01
6.709999999999999819e-03	3.471165707236842455e-03	-1.618676436574835453e-01
6.720000000000000279e-03	3.764134457236842715e-03	-1.508813155324835453e-01
6.729999999999999871e-03	3.471165707236842455e-03	-1.582055342824835453e-01
6.740000000000000331e-03	3.764134457236842715e-03	-1.472192061574835453e-01
6.749999999999999924e-03	3.422337582236842628e-03	-1.533227217824835453e-01
6.760000000000000384e-03	3.715306332236842455e-03	-1.423363936574835453e-01
6.769999999999999976e-03	3.422337582236842628e-03	-1.496606124074835453e-01
6.779999999999999569e-03	3.715306332236842455e-03	-1.386742842824835453e-01
6.790000000000000029e-03	3.373509457236842368e-03	-1.459985030324835453e-01
6.799999999999999621e-03	3.715306332236842455e-03	-1.337914717824835453e-01
6.810000000000000081e-03	3.373509457236842368e-03	-1.411156905324835453e-01
6.819999999999999674e-03	3.666478207236842628e-03	-1.301293624074835453e-01
6.830000000000000134e-03	3.373509457236842368e-03	-1.374535811574835453e-01
6.839999999999999726e-03	3.715306332236842455e-03	-1.252465499074835453e-01
6.850000000000000186e-03	3.373509457236842368e-03	-1.325707686574835453e-01
6.859999999999999779e-03	3.666478207236842628e-03	-1.215844405324835453e-01
6.870000000000000238e-03	3.373509457236842368e-03	-1.289086592824835453e-01
6.879999999999999831e-03	3.715306332236842455e-03	-1.179223311574835453e-01
6.890000000000000291e-03	3.373509457236842368e-03	-1.252465499074835453e-01
6.899999999999999883e-03	3.715306332236842455e-03	-1.130395186574835453e-01
6.910000000000000343e-03	3.373509457236842368e-03	-1.203637374074835453e-01
6.919999999999999936e-03	3.764134457236842715e-03	-1.093774092824835453e-01
6.930000000000000396e-03	3.422337582236842628e-03	-1.167016280324835453e-01
6.939999999999999988e-03	3.812962582236842542e-03	-1.044945967824835453e-01
6.949999999999999581e-03	3.471165707236842455e-03	-1.118188155324835453e-01
6.960000000000000041e-03	3.812962582236842542e-03	-1.008324874074835453e-01
6.969999999999999633e-03	3.471165707236842455e-03	-1.081567061574835453e-01
6.980000000000000093e-03	3.812962582236842542e-03	-9.717037803248354533e-02
6.989999999999999686e-03	3.471165707236842455e-03	-1.032738936574835453e-01
7.000000000000000146e-03	3.861790707236842368e-03	-9.228756553248354533e-02
7.009999999999999738e-03	3.519993832236842715e-03	-9.961178428248354533e-02
7.020000000000000198e-03	3.861790707236842368e-03	-8.862545615748354533e-02
7.029999999999999791e-03	3.519993832236842715e-03	-9.594967490748354533e-02
7.040000000000000251e-03	3.910618832236842195e-03	-8.374264365748354533e-02
7.049999999999999843e-03	3.568821957236842542e-03	-9.106686240748354533e-02
7.060000000000000303e-03	3.910618832236842195e-03	-8.008053428248354533e-02
7.069999999999999896e-03	3.568821957236842542e-03	-8.740475303248354533e-02
7.080000000000000356e-03	3.910618832236842195e-03	-7.519772178248354533e-02
7.089999999999999948e-03	3.617650082236842368e-03	-8.374264365748354533e-02
7.100000000000000408e-03	3.910618832236842195e-03	-7.153561240748354533e-02
7.110000000000000001e-03	3.617650082236842368e-03	-7.885983115748354533e-02
7.119999999999999593e-03	3.959446957236842889e-03	-6.665279990748354533e-02
7.130000000000000053e-03	3.617650082236842368e-03	-7.519772178248354533e-02
7.139999999999999646e-03	3.959446957236842889e-03	-6.299069053248354533e-02
7.150000000000000105e-03	3.617650082236842368e-03	-7.031490928248354533e-02
7.159999999999999698e-03	3.959446957236842889e-03	-5.932858115748354533e-02
7.170000000000000158e-03	3.617650082236842368e-03	-6.665279990748354533e-02
7.179999999999999750e-03	3.959446957236842889e-03	-5.444576865748354533e-02
7.190000000000000210e-03	3.617650082236842368e-03	-6.176998740748354533e-02
7.199999999999999803e-03	3.959446957236842889e-03	-5.078365928248354533e-02
7.210000000000000263e-03	3.617650082236842368e-03	-5.810787803248354533e-02
7.219999999999999855e-03	3.959446957236842889e-03	-4.712154990748354533e-02
7.230000000000000315e-03	3.617650082236842368e-03	-5.444576865748354533e-02
7.239999999999999908e-03	3.959446957236842889e-03	-4.223873740748354533e-02
7.250000000000000368e-03	3.617650082236842368e-03	-4.956295615748354533e-02
7.259999999999999960e-03	3.959446957236842889e-03	-3.857662803248354533e-02
7.270000000000000420e-03	3.666478207236842628e-03	-4.590084678248354533e-02
7.280000000000000013e-03	4.008275082236842715e-03	-3.369381553248354533e-02
7.289999999999999605e-03	3.666478207236842628e-03	-4.101803428248354533e-02
7.300000000000000065e-03	4.008275082236842715e-03	-3.003170615748354533e-02
7.309999999999999658e-03	3.666478207236842628e-03	-3.735592490748354533e-02
7.320000000000000118e-03	4.008275082236842715e-03	-2.636959678248354533e-02
7.329999999999999710e-03	3.666478207236842628e-03	-3.369381553248354533e-02
7.340000000000000170e-03	4.008275082236842715e-03	-2.148678428248354533e-02
7.349999999999999763e-03	3.666478207236842628e-03	-2.881100303248354533e-02
7.360000000000000223e-03	4.008275082236842715e-03	-1.782467490748354533e-02
7.369999999999999815e-03	3.666478207236842628e-03	-2.514889365748354533e-02
7.380000000000000275e-03	4.008275082236842715e-03	-1.294186240748354533e-02
7.389999999999999868e-03	3.666478207236842628e-03	-2.026608115748354533e-02
7.400000000000000328e-03	4.008275082236842715e-03	-9.279753032483545327e-03
7.409999999999999920e-03	3.666478207236842628e-03	-1.660397178248354533e-02
7.420000000000000380e-03	4.008275082236842715e-03	-5.617643657483545327e-03
7.429999999999999973e-03	3.666478207236842628e-03	-1.294186240748354533e-02
7.440000000000000432e-03	4.008275082236842715e-03	-7.348311574835453275e-04
7.450000000000000025e-03	3.666478207236842628e-03	-8.059049907483545327e-03
7.459999999999999618e-03	3.959446957236842889e-03	2.927278217516454673e-03
7.470000000000000077e-03	3.666478207236842628e-03	-4.396940532483545327e-03
7.479999999999999670e-03	3.959446957236842889e-03	7.810090717516454673e-03
7.490000000000000130e-03	3.617650082236842368e-03	4.858719675164546725e-04
7.499999999999999722e-03	3.959446957236842889e-03	1.147220009251645467e-02
7.510000000000000182e-03	3.617650082236842368e-03	4.147981342516454673e-03
7.519999999999999775e-03	3.910618832236842195e-03	1.513430946751645467e-02
7.530000000000000235e-03	3.617650082236842368e-03	7.810090717516454673e-03
7.539999999999999827e-03	3.910618832236842195e-03	2.001712196751645467e-02
7.550000000000000287e-03	3.568821957236842542e-03	1.269290321751645467e-02
7.559999999999999880e-03	3.861790707236842368e-03	2.367923134251645467e-02
7.570000000000000340e-03	3.519993832236842715e-03	1.635501259251645467e-02
7.579999999999999932e-03	3.861790707236842368e-03	2.856204384251645467e-02
7.590000000000000392e-03	3.519993832236842715e-03	2.123782509251645467e-02
7.599999999999999985e-03	3.812962582236842542e-03	3.222415321751645467e-02
7.609999999999999577e-03	3.471165707236842455e-03	2.489993446751645467e-02
7.620000000000000037e-03	3.812962582236842542e-03	3.588626259251645467e-02
7.629999999999999630e-03	3.471165707236842455e-03	2.978274696751645467e-02
7.640000000000000090e-03	3.812962582236842542e-03	4.076907509251645467e-02
7.649999999999999682e-03	3.471165707236842455e-03	3.344485634251645467e-02
7.660000000000000142e-03	3.764134457236842715e-03	4.443118446751645467e-02
7.669999999999999735e-03	3.422337582236842628e-03	3.710696571751645467e-02
7.680000000000000195e-03	3.715306332236842455e-03	4.931399696751645467e-02
7.689999999999999787e-03	3.422337582236842628e-03	4.198977821751645467e-02
7.700000000000000247e-03	3.715306332236842455e-03	5.297610634251645467e-02
7.709999999999999840e-03	3.422337582236842628e-03	4.565188759251645467e-02
7.720000000000000299e-03	3.715306332236842455e-03	5.663821571751645467e-02
7.729999999999999892e-03	3.373509457236842368e-03	4.931399696751645467e-02
7.740000000000000352e-03	3.715306332236842455e-03	6.030032509251645467e-02
7.749999999999999944e-03	3.373509457236842368e-03	5.419680946751645467e-02
7.760000000000000404e-03	3.715306332236842455e-03	6.518313759251645467e-02
7.769999999999999997e-03	3.373509457236842368e-03	5.785891884251645467e-02
7.779999999999999589e-03	3.666478207236842628e-03	6.884524696751645467e-02
7.790000000000000049e-03	3.373509457236842368e-03	6.152102821751645467e-02
7.799999999999999642e-03	3.715306332236842455e-03	7.250735634251645467e-02
7.810000000000000102e-03	3.373509457236842368e-03	6.640384071751645467e-02
7.820000000000000562e-03	3.715306332236842455e-03	7.739016884251645467e-02
7.830000000000000154e-03	3.373509457236842368e-03	7.006595009251645467e-02
7.839999999999999747e-03	3.715306332236842455e-03	8.105227821751645467e-02
7.849999999999999339e-03	3.373509457236842368e-03	7.494876259251645467e-02
7.860000000000000667e-03	3.764134457236842715e-03	8.593509071751645467e-02
7.870000000000000259e-03	3.422337582236842628e-03	7.861087196751645467e-02
7.879999999999999852e-03	3.764134457236842715e-03	8.959720009251645467e-02
7.889999999999999444e-03	3.422337582236842628e-03	8.227298134251645467e-02
7.900000000000000772e-03	3.812962582236842542e-03	9.325930946751645467e-02
7.910000000000000364e-03	3.471165707236842455e-03	8.593509071751645467e-02
7.919999999999999957e-03	3.812962582236842542e-03	9.814212196751645467e-02
7.929999999999999549e-03	3.471165707236842455e-03	9.081790321751645467e-02
7.939999999999999142e-03	3.812962582236842542e-03	1.018042313425164547e-01
7.950000000000000469e-03	3.519993832236842715e-03	9.448001259251645467e-02
7.960000000000000062e-03	3.861790707236842368e-03	1.054663407175164547e-01
7.969999999999999654e-03	3.519993832236842715e-03	9.814212196751645467e-02
7.979999999999999247e-03	3.861790707236842368e-03	1.103491532175164547e-01
7.990000000000000574e-03	3.519993832236842715e-03	1.030249344675164547e-01
8.000000000000000167e-03	3.861790707236842368e-03	1.140112625925164547e-01
8.009999999999999759e-03	3.568821957236842542e-03	1.066870438425164547e-01
8.019999999999999352e-03	3.910618832236842195e-03	1.176733719675164547e-01
8.030000000000000679e-03	3.568821957236842542e-03	1.103491532175164547e-01
8.040000000000000271e-03	3.910618832236842195e-03	1.225561844675164547e-01
8.049999999999999864e-03	3.568821957236842542e-03	1.152319657175164547e-01
8.059999999999999457e-03	3.910618832236842195e-03	1.262182938425164547e-01
8.070000000000000784e-03	3.568821957236842542e-03	1.188940750925164547e-01
8.080000000000000376e-03	3.910618832236842195e-03	1.298804032175164547e-01
8.089999999999999969e-03	3.568821957236842542e-03	1.225561844675164547e-01
8.099999999999999561e-03	3.910618832236842195e-03	1.347632157175164547e-01
8.109999999999999154e-03	3.568821957236842542e-03	1.274389969675164547e-01
8.120000000000000481e-03	3.861790707236842368e-03	1.384253250925164547e-01
8.130000000000000074e-03	3.568821957236842542e-03	1.311011063425164547e-01
8.139999999999999666e-03	3.861790707236842368e-03	1.420874344675164547e-01
8.149999999999999259e-03	3.519993832236842715e-03	1.347632157175164547e-01
8.160000000000000586e-03	3.861790707236842368e-03	1.469702469675164547e-01
8.170000000000000179e-03	3.519993832236842715e-03	1.396460282175164547e-01
8.179999999999999771e-03	3.861790707236842368e-03	1.506323563425164547e-01
8.189999999999999364e-03	3.519993832236842715e-03	1.433081375925164547e-01
8.200000000000000691e-03	3.861790707236842368e-03	1.542944657175164547e-01
8.210000000000000284e-03	3.519993832236842715e-03	1.469702469675164547e-01
8.219999999999999876e-03	3.861790707236842368e-03	1.591772782175164547e-01
8.229999999999999469e-03	3.519993832236842715e-03	1.518530594675164547e-01
8.240000000000000796e-03	3.861790707236842368e-03	1.628393875925164547e-01
8.250000000000000389e-03	3.519993832236842715e-03	1.555151688425164547e-01
8.259999999999999981e-03	3.910618832236842195e-03	1.665014969675164547e-01
8.269999999999999574e-03	3.568821957236842542e-03	1.591772782175164547e-01
8.279999999999999166e-03	3.910618832236842195e-03	1.713843094675164547e-01
8.290000000000000493e-03	3.568821957236842542e-03	1.640600907175164547e-01
8.300000000000000086e-03	3.959446957236842889e-03	1.750464188425164547e-01
8.309999999999999679e-03	3.617650082236842368e-03	1.677222000925164547e-01
8.319999999999999271e-03	4.008275082236842715e-03	1.799292313425164547e-01
8.330000000000000598e-03	3.666478207236842628e-03	1.726050125925164547e-01
8.340000000000000191e-03	4.057103207236842542e-03	1.835913407175164547e-01
8.349999999999999784e-03	3.715306332236842455e-03	1.762671219675164547e-01
8.359999999999999376e-03	4.105931332236842368e-03	1.872534500925164547e-01
8.370000000000000703e-03	3.764134457236842715e-03	1.799292313425164547e-01
8.380000000000000296e-03	4.154759457236842195e-03	1.909155594675164547e-01
8.389999999999999888e-03	3.812962582236842542e-03	1.848120438425164547e-01
8.399999999999999481e-03	4.203587582236842889e-03	1.957983719675164547e-01
8.410000000000000808e-03	3.861790707236842368e-03	1.884741532175164547e-01
8.420000000000000401e-03	4.252415707236842715e-03	1.994604813425164547e-01
8.429999999999999993e-03	3.910618832236842195e-03	1.921362625925164547e-01
8.439999999999999586e-03	4.301243832236842542e-03	2.031225907175164547e-01
8.449999999999999178e-03	3.959446957236842889e-03	1.970190750925164547e-01
8.460000000000000506e-03	4.301243832236842542e-03	2.080054032175164547e-01
8.470000000000000098e-03	4.008275082236842715e-03	2.006811844675164547e-01
8.479999999999999691e-03	4.350071957236842368e-03	2.116675125925164547e-01
8.489999999999999283e-03	4.008275082236842715e-03	2.043432938425164547e-01
8.500000000000000611e-03	4.398900082236842195e-03	2.153296219675164547e-01
8.510000000000000203e-03	4.057103207236842542e-03	2.092261063425164547e-01
8.519999999999999796e-03	4.398900082236842195e-03	2.202124344675164547e-01
8.529999999999999388e-03	4.105931332236842368e-03	2.128882157175164547e-01
8.540000000000000716e-03	4.398900082236842195e-03	2.238745438425164547e-01
8.550000000000000308e-03	4.105931332236842368e-03	2.165503250925164547e-01
8.559999999999999901e-03	4.447728207236842889e-03	2.275366532175164547e-01
8.569999999999999493e-03	4.105931332236842368e-03	2.202124344675164547e-01
8.580000000000000820e-03	4.447728207236842889e-03	2.324194657175164547e-01
8.590000000000000413e-03	4.105931332236842368e-03	2.250952469675164547e-01
8.600000000000000006e-03	4.447728207236842889e-03	2.360815750925164547e-01
8.609999999999999598e-03	4.154759457236842195e-03	2.287573563425164547e-01
8.619999999999999191e-03	4.447728207236842889e-03	2.409643875925164547e-01
8.630000000000000518e-03	4.154759457236842195e-03	2.324194657175164547e-01
8.640000000000000110e-03	4.447728207236842889e-03	2.446264969675164547e-01
8.649999999999999703e-03	4.154759457236842195e-03	2.373022782175164547e-01
8.659999999999999296e-03	4.447728207236842889e-03	2.482886063425164547e-01
8.670000000000000623e-03	4.154759457236842195e-03	2.409643875925164547e-01
8.680000000000000215e-03	4.496556332236842715e-03	2.519507157175164824e-01
8.689999999999999808e-03	4.154759457236842195e-03	2.446264969675164547e-01
8.699999999999999400e-03	4.496556332236842715e-03	2.568335282175164824e-01
8.710000000000000728e-03	4.154759457236842195e-03	2.495093094675164547e-01
8.720000000000000320e-03	4.496556332236842715e-03	2.604956375925164824e-01
8.729999999999999913e-03	4.203587582236842889e-03	2.531714188425164824e-01
8.739999999999999505e-03	4.496556332236842715e-03	2.641577469675164824e-01
8.750000000000000833e-03	4.203587582236842889e-03	2.568335282175164824e-01
8.760000000000000425e-03	4.545384457236842542e-03	2.690405594675164824e-01
8.770000000000000018e-03	4.203587582236842889e-03	2.617163407175164824e-01
8.779999999999999610e-03	4.545384457236842542e-03	2.714819657175164824e-01
8.789999999999999203e-03	4.203587582236842889e-03	2.653784500925164824e-01
8.800000000000000530e-03	4.545384457236842542e-03	2.751440750925164824e-01
8.810000000000000123e-03	4.252415707236842715e-03	2.690405594675164824e-01
8.819999999999999715e-03	4.545384457236842542e-03	2.800268875925164824e-01
8.829999999999999308e-03	4.203587582236842889e-03	2.727026688425164824e-01
8.840000000000000635e-03	4.545384457236842542e-03	2.836889969675164824e-01
8.850000000000000228e-03	4.252415707236842715e-03	2.763647782175164824e-01
8.859999999999999820e-03	4.545384457236842542e-03	2.873511063425164824e-01
8.869999999999999413e-03	4.252415707236842715e-03	2.800268875925164824e-01
8.880000000000000740e-03	4.545384457236842542e-03	2.910132157175164824e-01
8.890000000000000333e-03	4.203587582236842889e-03	2.836889969675164824e-01
8.899999999999999925e-03	4.545384457236842542e-03	2.958960282175164824e-01
8.909999999999999518e-03	4.203587582236842889e-03	2.885718094675164824e-01
8.920000000000000845e-03	4.545384457236842542e-03	2.995581375925164824e-01
8.930000000000000437e-03	4.203587582236842889e-03	2.922339188425164824e-01
8.940000000000000030e-03	4.545384457236842542e-03	3.032202469675164824e-01
8.949999999999999623e-03	4.203587582236842889e-03	2.971167313425164824e-01
8.959999999999999215e-03	4.545384457236842542e-03	3.081030594675164824e-01
8.970000000000000542e-03	4.203587582236842889e-03	3.007788407175164824e-01
8.980000000000000135e-03	4.545384457236842542e-03	3.117651688425164824e-01
8.989999999999999727e-03	4.203587582236842889e-03	3.044409500925164824e-01
8.999999999999999320e-03	4.545384457236842542e-03	3.154272782175164824e-01
9.010000000000000647e-03	4.203587582236842889e-03	3.081030594675164824e-01
9.020000000000000240e-03	4.545384457236842542e-03	3.203100907175164824e-01
9.029999999999999832e-03	4.203587582236842889e-03	3.129858719675164824e-01
9.039999999999999425e-03	4.545384457236842542e-03	3.239722000925164824e-01
9.050000000000000752e-03	4.203587582236842889e-03	3.166479813425164824e-01
9.060000000000000345e-03	4.545384457236842542e-03	3.276343094675164824e-01
9.069999999999999937e-03	4.252415707236842715e-03	3.203100907175164824e-01
9.079999999999999530e-03	4.594212582236842368e-03	3.312964188425164824e-01
9.090000000000000857e-03	4.252415707236842715e-03	3.251929032175164824e-01
9.100000000000000450e-03	4.594212582236842368e-03	3.361792313425164824e-01
9.110000000000000042e-03	4.252415707236842715e-03	3.288550125925164824e-01
9.119999999999999635e-03	4.594212582236842368e-03	3.398413407175164824e-01
9.129999999999999227e-03	4.252415707236842715e-03	3.325171219675164824e-01
9.140000000000000555e-03	4.594212582236842368e-03	3.435034500925164824e-01
9.150000000000000147e-03	4.252415707236842715e-03	3.361792313425164824e-01
9.159999999999999740e-03	4.594212582236842368e-03	3.483862625925164824e-01
9.169999999999999332e-03	4.252415707236842715e-03	3.410620438425164824e-01
9.180000000000000659e-03	4.594212582236842368e-03	3.520483719675164824e-01
9.190000000000000252e-03	4.252415707236842715e-03	3.447241532175164824e-01
9.199999999999999845e-03	4.594212582236842368e-03	3.557104813425164824e-01
9.209999999999999437e-03	4.252415707236842715e-03	3.483862625925164824e-01
9.220000000000000764e-03	4.594212582236842368e-03	3.605932938425164824e-01
9.230000000000000357e-03	4.252415707236842715e-03	3.532690750925164824e-01
9.239999999999999949e-03	4.594212582236842368e-03	3.642554032175164824e-01
9.249999999999999542e-03	4.301243832236842542e-03	3.569311844675164824e-01
9.259999999999999135e-03	4.643040707236842195e-03	3.679175125925164824e-01
9.270000000000000462e-03	4.301243832236842542e-03	3.605932938425164824e-01
9.280000000000000054e-03	4.643040707236842195e-03	3.715796219675164824e-01
9.289999999999999647e-03	4.301243832236842542e-03	3.642554032175164824e-01
9.299999999999999239e-03	4.643040707236842195e-03	3.764624344675164824e-01
9.310000000000000567e-03	4.301243832236842542e-03	3.691382157175164824e-01
9.320000000000000159e-03	4.691868832236842889e-03	3.801245438425164824e-01
9.329999999999999752e-03	4.350071957236842368e-03	3.728003250925164824e-01
9.339999999999999344e-03	4.691868832236842889e-03	3.837866532175164824e-01
9.350000000000000672e-03	4.350071957236842368e-03	3.764624344675164824e-01
9.360000000000000264e-03	4.740696957236842715e-03	3.874487625925164824e-01
9.369999999999999857e-03	4.398900082236842195e-03	3.813452469675164824e-01
9.379999999999999449e-03	4.740696957236842715e-03	3.923315750925164824e-01
9.390000000000000777e-03	4.398900082236842195e-03	3.850073563425164824e-01
9.400000000000000369e-03	4.789525082236842542e-03	3.959936844675164824e-01
9.409999999999999962e-03	4.447728207236842889e-03	3.886694657175164824e-01
9.419999999999999554e-03	4.838353207236842368e-03	3.996557938425164824e-01
9.429999999999999147e-03	4.496556332236842715e-03	3.923315750925164824e-01
9.440000000000000474e-03	4.887181332236843062e-03	4.045386063425164824e-01
9.450000000000000067e-03	4.545384457236842542e-03	3.972143875925164824e-01
9.459999999999999659e-03	4.936009457236842889e-03	4.082007157175164824e-01
9.469999999999999252e-03	4.594212582236842368e-03	4.008764969675164824e-01
9.480000000000000579e-03	4.984837582236842715e-03	4.118628250925164824e-01
9.490000000000000172e-03	4.643040707236842195e-03	4.045386063425164824e-01
9.499999999999999764e-03	5.033665707236842542e-03	4.155249344675164824e-01
9.509999999999999357e-03	4.691868832236842889e-03	4.082007157175164824e-01
9.520000000000000684e-03	5.082493832236842368e-03	4.204077469675164824e-01
9.530000000000000276e-03	4.740696957236842715e-03	4.130835282175164824e-01
9.539999999999999869e-03	5.131321957236843062e-03	4.240698563425164824e-01
9.549999999999999462e-03	4.789525082236842542e-03	4.167456375925164824e-01
9.560000000000000789e-03	5.180150082236842889e-03	4.277319657175164824e-01
9.570000000000000381e-03	4.838353207236842368e-03	4.204077469675164824e-01
9.579999999999999974e-03	5.228978207236842715e-03	4.313940750925164824e-01
9.589999999999999566e-03	4.887181332236843062e-03	4.252905594675164824e-01
9.599999999999999159e-03	5.277806332236842542e-03	4.362768875925164824e-01
9.610000000000000486e-03	4.936009457236842889e-03	4.289526688425164824e-01
9.620000000000000079e-03	5.326634457236842368e-03	4.399389969675164824e-01
9.629999999999999671e-03	4.984837582236842715e-03	4.326147782175164824e-01
9.639999999999999264e-03	5.375462582236843062e-03	4.436011063425164824e-01
9.650000000000000591e-03	5.033665707236842542e-03	4.362768875925164824e-01
9.660000000000000184e-03	5.375462582236843062e-03	4.472632157175164824e-01
9.669999999999999776e-03	5.033665707236842542e-03	4.411597000925164824e-01
9.679999999999999369e-03	5.424290707236842889e-03	4.521460282175164824e-01
9.690000000000000696e-03	5.082493832236842368e-03	4.448218094675164824e-01
9.700000000000000289e-03	5.424290707236842889e-03	4.558081375925164824e-01
9.709999999999999881e-03	5.082493832236842368e-03	4.484839188425164824e-01
9.719999999999999474e-03	5.473118832236842715e-03	4.594702469675164824e-01
9.730000000000000801e-03	5.082493832236842368e-03	4.521460282175164824e-01
9.740000000000000394e-03	5.473118832236842715e-03	4.643530594675164824e-01
9.749999999999999986e-03	5.082493832236842368e-03	4.558081375925164824e-01
9.759999999999999579e-03	5.473118832236842715e-03	4.680151688425164824e-01
9.769999999999999171e-03	5.131321957236843062e-03	4.606909500925164824e-01
9.780000000000000498e-03	5.424290707236842889e-03	4.716772782175164824e-01
9.790000000000000091e-03	5.082493832236842368e-03	4.643530594675164824e-01
9.799999999999999684e-03	5.424290707236842889e-03	4.753393875925164824e-01
9.809999999999999276e-03	5.082493832236842368e-03	4.680151688425164824e-01
9.820000000000000603e-03	5.424290707236842889e-03	4.790014969675164824e-01
9.830000000000000196e-03	5.082493832236842368e-03	4.728979813425164824e-01
9.839999999999999789e-03	5.424290707236842889e-03	4.838843094675164824e-01
9.849999999999999381e-03	5.082493832236842368e-03	4.765600907175164824e-01
9.860000000000000708e-03	5.375462582236843062e-03	4.875464188425164824e-01
9.870000000000000301e-03	5.082493832236842368e-03	4.802222000925164824e-01
9.879999999999999893e-03	5.375462582236843062e-03	4.912085282175164824e-01
9.889999999999999486e-03	5.033665707236842542e-03	4.838843094675164824e-01
9.900000000000000813e-03	5.375462582236843062e-03	4.948706375925164824e-01
9.910000000000000406e-03	5.033665707236842542e-03	4.887671219675164824e-01
9.919999999999999998e-03	5.375462582236843062e-03	4.997534500925164824e-01
9.929999999999999591e-03	5.033665707236842542e-03	4.924292313425164824e-01
9.939999999999999183e-03	5.375462582236843062e-03	5.034155594675164824e-01
9.950000000000000511e-03	5.033665707236842542e-03	4.960913407175164824e-01
9.960000000000000103e-03	5.375462582236843062e-03	5.070776688425164824e-01
9.969999999999999696e-03	5.033665707236842542e-03	4.997534500925164824e-01
9.979999999999999288e-03	5.375462582236843062e-03	5.107397782175164824e-01
9.990000000000000616e-03	5.033665707236842542e-03	5.034155594675164824e-01
1.000000000000000021e-02	5.424290707236842889e-03	5.156225907175164824e-01
1.000999999999999980e-02	5.082493832236842368e-03	5.082983719675164824e-01
1.001999999999999939e-02	5.424290707236842889e-03	5.192847000925164824e-01
1.003000000000000072e-02	5.082493832236842368e-03	5.119604813425164824e-01
1.004000000000000031e-02	5.424290707236842889e-03	5.229468094675164824e-01
1.004999999999999991e-02	5.131321957236843062e-03	5.156225907175164824e-01
1.005999999999999950e-02	5.473118832236842715e-03	5.266089188425164824e-01
1.007000000000000083e-02	5.131321957236843062e-03	5.192847000925164824e-01
1.008000000000000042e-02	5.473118832236842715e-03	5.302710282175164824e-01
1.009000000000000001e-02	5.131321957236843062e-03	5.241675125925164824e-01
1.009999999999999960e-02	5.473118832236842715e-03	5.351538407175164824e-01
1.010999999999999920e-02	5.180150082236842889e-03	5.278296219675164824e-01
1.012000000000000052e-02	5.521946957236842542e-03	5.388159500925164824e-01
1.013000000000000012e-02	5.180150082236842889e-03	5.314917313425164824e-01
1.013999999999999971e-02	5.521946957236842542e-03	5.424780594675164824e-01
1.014999999999999930e-02	5.180150082236842889e-03	5.351538407175164824e-01
1.016000000000000063e-02	5.570775082236842368e-03	5.461401688425164824e-01
1.017000000000000022e-02	5.228978207236842715e-03	5.388159500925164824e-01
1.017999999999999981e-02	5.570775082236842368e-03	5.498022782175164824e-01
1.018999999999999941e-02	5.228978207236842715e-03	5.436987625925164824e-01
1.020000000000000073e-02	5.619603207236843062e-03	5.546850907175164824e-01
1.021000000000000033e-02	5.277806332236842542e-03	5.473608719675164824e-01
1.021999999999999992e-02	5.619603207236843062e-03	5.583472000925164824e-01
1.022999999999999951e-02	5.277806332236842542e-03	5.510229813425164824e-01
1.024000000000000084e-02	5.619603207236843062e-03	5.620093094675164824e-01
1.025000000000000043e-02	5.277806332236842542e-03	5.546850907175164824e-01
1.026000000000000002e-02	5.619603207236843062e-03	5.656714188425164824e-01
1.026999999999999962e-02	5.326634457236842368e-03	5.595679032175164824e-01
1.027999999999999921e-02	5.668431332236842889e-03	5.693335282175164824e-01
1.029000000000000054e-02	5.326634457236842368e-03	5.632300125925164824e-01
1.030000000000000013e-02	5.668431332236842889e-03	5.742163407175164824e-01
1.030999999999999972e-02	5.326634457236842368e-03	5.668921219675164824e-01
1.031999999999999931e-02	5.668431332236842889e-03	5.778784500925164824e-01
1.033000000000000064e-02	5.326634457236842368e-03	5.705542313425164824e-01
1.034000000000000023e-02	5.668431332236842889e-03	5.815405594675164824e-01
1.034999999999999983e-02	5.375462582236843062e-03	5.742163407175164824e-01
1.035999999999999942e-02	5.717259457236842715e-03	5.852026688425164824e-01
1.037000000000000074e-02	5.375462582236843062e-03	5.790991532175164824e-01
1.038000000000000034e-02	5.717259457236842715e-03	5.900854813425164824e-01
1.038999999999999993e-02	5.375462582236843062e-03	5.827612625925164824e-01
1.039999999999999952e-02	5.717259457236842715e-03	5.937475907175164824e-01
1.041000000000000085e-02	5.424290707236842889e-03	5.864233719675164824e-01
1.042000000000000044e-02	5.766087582236842542e-03	5.974097000925164824e-01
1.043000000000000003e-02	5.424290707236842889e-03	5.900854813425164824e-01
1.043999999999999963e-02	5.814915707236842368e-03	6.010718094675164824e-01
1.044999999999999922e-02	5.473118832236842715e-03	5.937475907175164824e-01
1.046000000000000055e-02	5.814915707236842368e-03	6.059546219675164824e-01
1.047000000000000014e-02	5.473118832236842715e-03	5.986304032175164824e-01
1.047999999999999973e-02	5.863743832236843062e-03	6.096167313425164824e-01
1.048999999999999932e-02	5.521946957236842542e-03	6.022925125925164824e-01
1.050000000000000065e-02	5.912571957236842889e-03	6.132788407175164824e-01
1.051000000000000024e-02	5.570775082236842368e-03	6.059546219675164824e-01
1.051999999999999984e-02	6.010228207236842542e-03	6.169409500925164824e-01
1.052999999999999943e-02	5.619603207236843062e-03	6.096167313425164824e-01
1.054000000000000076e-02	6.059056332236842368e-03	6.206030594675164824e-01
1.055000000000000035e-02	5.717259457236842715e-03	6.144995438425164824e-01
1.055999999999999994e-02	6.107884457236843062e-03	6.254858719675164824e-01
1.056999999999999953e-02	5.766087582236842542e-03	6.181616532175164824e-01
1.058000000000000086e-02	6.205540707236842715e-03	6.291479813425164824e-01
1.059000000000000045e-02	5.863743832236843062e-03	6.218237625925164824e-01
1.060000000000000005e-02	6.303196957236842368e-03	6.328100907175164824e-01
1.060999999999999964e-02	5.961400082236842715e-03	6.254858719675164824e-01
1.061999999999999923e-02	6.400853207236842889e-03	6.364722000925164824e-01
1.063000000000000056e-02	6.059056332236842368e-03	6.291479813425164824e-01
1.064000000000000015e-02	6.498509457236842542e-03	6.401343094675164824e-01
1.064999999999999974e-02	6.156712582236842889e-03	6.340307938425164824e-01
1.065999999999999934e-02	6.596165707236843062e-03	6.450171219675164824e-01
1.067000000000000066e-02	6.254368832236842542e-03	6.376929032175164824e-01
1.068000000000000026e-02	6.742650082236842542e-03	6.486792313425164824e-01
1.068999999999999985e-02	6.400853207236842889e-03	6.413550125925164824e-01
1.069999999999999944e-02	6.840306332236843062e-03	6.523413407175164824e-01
1.071000000000000077e-02	6.498509457236842542e-03	6.450171219675164824e-01
1.072000000000000036e-02	6.986790707236842542e-03	6.560034500925164824e-01
1.072999999999999995e-02	6.596165707236843062e-03	6.486792313425164824e-01
1.073999999999999955e-02	7.084446957236843062e-03	6.596655594675164824e-01
1.074999999999999914e-02	6.742650082236842542e-03	6.535620438425164824e-01
1.076000000000000047e-02	7.182103207236842715e-03	6.645483719675164824e-01
1.077000000000000006e-02	6.840306332236843062e-03	6.572241532175164824e-01
1.077999999999999965e-02	7.279759457236842368e-03	6.682104813425164824e-01
1.078999999999999924e-02	6.986790707236842542e-03	6.608862625925164824e-01
1.080000000000000057e-02	7.426243832236842715e-03	6.718725907175164824e-01
1.081000000000000016e-02	7.084446957236843062e-03	6.645483719675164824e-01
1.081999999999999976e-02	7.523900082236842368e-03	6.755347000925164824e-01
1.082999999999999935e-02	7.182103207236842715e-03	6.682104813425164824e-01
1.084000000000000068e-02	7.621556332236842889e-03	6.804175125925164824e-01
1.085000000000000027e-02	7.279759457236842368e-03	6.730932938425164824e-01
1.085999999999999986e-02	7.719212582236842542e-03	6.840796219675164824e-01
1.086999999999999945e-02	7.377415707236842889e-03	6.767554032175164824e-01
1.088000000000000078e-02	7.865696957236842021e-03	6.877417313425164824e-01
1.089000000000000037e-02	7.523900082236842368e-03	6.804175125925164824e-01
1.089999999999999997e-02	7.963353207236843409e-03	6.914038407175164824e-01
1.090999999999999956e-02	7.621556332236842889e-03	6.840796219675164824e-01
1.091999999999999915e-02	8.061009457236843062e-03	6.950659500925164824e-01
1.093000000000000048e-02	7.719212582236842542e-03	6.877417313425164824e-01
1.094000000000000007e-02	8.207493832236843409e-03	6.987280594675164824e-01
1.094999999999999966e-02	7.865696957236842021e-03	6.926245438425164824e-01
1.095999999999999926e-02	8.353978207236842021e-03	7.036108719675164824e-01
1.097000000000000058e-02	7.963353207236843409e-03	6.962866532175164824e-01
1.098000000000000018e-02	8.500462582236842368e-03	7.072729813425164824e-01
1.098999999999999977e-02	8.109837582236842021e-03	6.999487625925164824e-01
1.099999999999999936e-02	8.646946957236842715e-03	7.109350907175164824e-01
1.101000000000000069e-02	8.305150082236843062e-03	7.036108719675164824e-01
1.102000000000000028e-02	8.842259457236842021e-03	7.145972000925164824e-01
1.102999999999999987e-02	8.451634457236843409e-03	7.072729813425164824e-01
1.103999999999999947e-02	9.037571957236843062e-03	7.182593094675164824e-01
1.105000000000000079e-02	8.646946957236842715e-03	7.109350907175164824e-01
1.106000000000000039e-02	9.232884457236842368e-03	7.219214188425164824e-01
1.106999999999999998e-02	8.891087582236842715e-03	7.145972000925164824e-01
1.107999999999999957e-02	9.477025082236842368e-03	7.255835282175164824e-01
1.108999999999999916e-02	9.086400082236842021e-03	7.182593094675164824e-01
1.110000000000000049e-02	9.721165707236842368e-03	7.292456375925164824e-01
1.111000000000000008e-02	9.330540707236842021e-03	7.231421219675164824e-01
1.111999999999999968e-02	9.965306332236842368e-03	7.341284500925164824e-01
1.112999999999999927e-02	9.574681332236843756e-03	7.268042313425164824e-01
1.114000000000000060e-02	1.025827508223684306e-02	7.377905594675164824e-01
1.115000000000000019e-02	9.818821957236843756e-03	7.304663407175164824e-01
1.115999999999999978e-02	1.050241570723684306e-02	7.414526688425164824e-01
1.116999999999999937e-02	1.011179070723684272e-02	7.341284500925164824e-01
1.118000000000000070e-02	1.079538445723684376e-02	7.451147782175164824e-01
1.119000000000000029e-02	1.035593133223684272e-02	7.377905594675164824e-01
1.119999999999999989e-02	1.103952508223684376e-02	7.499975907175164824e-01
1.120999999999999948e-02	1.064890008223684341e-02	7.414526688425164824e-01
1.122000000000000081e-02	1.133249383223684272e-02	7.536597000925164824e-01
1.123000000000000040e-02	1.094186883223684237e-02	7.463354813425164824e-01
1.123999999999999999e-02	1.162546258223684341e-02	7.573218094675164824e-01
1.124999999999999958e-02	1.123483758223684306e-02	7.499975907175164824e-01
1.125999999999999918e-02	1.191843133223684237e-02	7.609839188425164824e-01
1.127000000000000050e-02	1.152780633223684376e-02	7.536597000925164824e-01
1.128000000000000010e-02	1.221140008223684306e-02	7.646460282175164824e-01
1.128999999999999969e-02	1.177194695723684376e-02	7.573218094675164824e-01
1.129999999999999928e-02	1.250436883223684376e-02	7.683081375925164824e-01
1.131000000000000061e-02	1.206491570723684272e-02	7.609839188425164824e-01
1.132000000000000020e-02	1.279733758223684272e-02	7.719702469675164824e-01
1.132999999999999979e-02	1.240671258223684237e-02	7.658667313425164824e-01
1.133999999999999939e-02	1.313913445723684237e-02	7.768530594675164824e-01
1.135000000000000071e-02	1.269968133223684306e-02	7.695288407175164824e-01
1.136000000000000031e-02	1.348093133223684376e-02	7.805151688425164824e-01
1.136999999999999990e-02	1.304147820723684272e-02	7.731909500925164824e-01
1.137999999999999949e-02	1.382272820723684341e-02	7.841772782175164824e-01
1.139000000000000082e-02	1.338327508223684237e-02	7.768530594675164824e-01
1.140000000000000041e-02	1.421335320723684376e-02	7.878393875925164824e-01
1.141000000000000000e-02	1.377390008223684272e-02	7.805151688425164824e-01
1.141999999999999960e-02	1.455515008223684341e-02	7.915014969675164824e-01
1.142999999999999919e-02	1.411569695723684237e-02	7.841772782175164824e-01
1.144000000000000052e-02	1.499460320723684272e-02	7.951636063425164824e-01
1.145000000000000011e-02	1.450632195723684272e-02	7.878393875925164824e-01
1.145999999999999970e-02	1.538522820723684306e-02	8.000464188425164824e-01
1.146999999999999929e-02	1.489694695723684306e-02	7.927222000925164824e-01
1.148000000000000062e-02	1.587350945723684306e-02	8.024878250925164824e-01
1.149000000000000021e-02	1.533640008223684237e-02	7.963843094675164824e-01
1.149999999999999981e-02	1.631296258223684237e-02	8.073706375925164824e-01
1.150999999999999940e-02	1.577585320723684167e-02	8.000464188425164824e-01
1.152000000000000073e-02	1.680124383223684237e-02	8.110327469675164824e-01
1.153000000000000032e-02	1.626413445723684167e-02	8.037085282175164824e-01
1.153999999999999991e-02	1.728952508223684237e-02	8.146948563425164824e-01
1.154999999999999950e-02	1.675241570723684167e-02	8.073706375925164824e-01
1.156000000000000083e-02	1.782663445723684306e-02	8.183569657175164824e-01
1.157000000000000042e-02	1.724069695723684167e-02	8.110327469675164824e-01
1.158000000000000002e-02	1.831491570723684306e-02	8.220190750925164824e-01
1.158999999999999961e-02	1.777780633223684237e-02	8.146948563425164824e-01
1.159999999999999920e-02	1.885202508223684376e-02	8.256811844675164824e-01
1.161000000000000053e-02	1.826608758223684237e-02	8.183569657175164824e-01
1.162000000000000012e-02	1.938913445723684445e-02	8.293432938425164824e-01
1.162999999999999971e-02	1.880319695723684306e-02	8.232397782175164824e-01
1.163999999999999931e-02	1.992624383223684514e-02	8.330054032175164824e-01
1.165000000000000063e-02	1.934030633223684376e-02	8.269018875925164824e-01
1.166000000000000023e-02	2.051218133223684306e-02	8.378882157175164824e-01
1.166999999999999982e-02	1.992624383223684514e-02	8.305639969675164824e-01
1.167999999999999941e-02	2.109811883223684445e-02	8.415503250925164824e-01
1.169000000000000074e-02	2.046335320723684237e-02	8.342261063425164824e-01
1.170000000000000033e-02	2.168405633223684237e-02	8.452124344675164824e-01
1.170999999999999992e-02	2.104929070723684376e-02	8.378882157175164824e-01
1.171999999999999952e-02	2.226999383223684376e-02	8.488745438425164824e-01
1.173000000000000084e-02	2.163522820723684514e-02	8.415503250925164824e-01
1.174000000000000044e-02	2.285593133223684514e-02	8.525366532175164824e-01
1.175000000000000003e-02	2.222116570723684306e-02	8.452124344675164824e-01
1.175999999999999962e-02	2.344186883223684306e-02	8.561987625925164824e-01
1.176999999999999921e-02	2.280710320723684445e-02	8.500952469675164824e-01
1.178000000000000054e-02	2.407663445723684514e-02	8.610815750925164824e-01
1.179000000000000013e-02	2.344186883223684306e-02	8.525366532175164824e-01
1.179999999999999973e-02	2.471140008223684376e-02	8.647436844675164824e-01
1.180999999999999932e-02	2.407663445723684514e-02	8.574194657175164824e-01
1.182000000000000065e-02	2.534616570723684237e-02	8.684057938425164824e-01
1.183000000000000024e-02	2.471140008223684376e-02	8.610815750925164824e-01
1.183999999999999983e-02	2.602975945723684167e-02	8.720679032175164824e-01
1.184999999999999942e-02	2.534616570723684237e-02	8.647436844675164824e-01
1.186000000000000075e-02	2.666452508223684029e-02	8.757300125925164824e-01
1.187000000000000034e-02	2.598093133223684098e-02	8.684057938425164824e-01
1.187999999999999994e-02	2.729929070723684237e-02	8.793921219675164824e-01
1.188999999999999953e-02	2.666452508223684029e-02	8.720679032175164824e-01
1.190000000000000085e-02	2.803171258223684237e-02	8.830542313425164824e-01
1.191000000000000045e-02	2.734811883223683959e-02	8.757300125925164824e-01
1.192000000000000004e-02	2.871530633223684167e-02	8.867163407175164824e-01
1.192999999999999963e-02	2.803171258223684237e-02	8.793921219675164824e-01
1.193999999999999923e-02	2.939890008223684098e-02	8.903784500925164824e-01
1.195000000000000055e-02	2.871530633223684167e-02	8.830542313425164824e-01
1.196000000000000014e-02	3.008249383223684029e-02	8.940405594675164824e-01
1.196999999999999974e-02	2.939890008223684098e-02	8.879370438425164824e-01
1.197999999999999933e-02	3.076608758223683959e-02	8.977026688425164824e-01
1.199000000000000066e-02	3.008249383223684029e-02	8.903784500925164824e-01
1.200000000000000025e-02	3.149850945723683959e-02	9.025854813425164824e-01
1.200999999999999984e-02	3.076608758223683959e-02	8.952612625925164824e-01
1.201999999999999943e-02	3.218210320723684237e-02	9.062475907175164824e-01
1.203000000000000076e-02	3.149850945723683959e-02	8.989233719675164824e-01
1.204000000000000035e-02	3.291452508223684237e-02	9.099097000925164824e-01
1.204999999999999995e-02	3.218210320723684237e-02	9.025854813425164824e-01
1.205999999999999954e-02	3.359811883223683820e-02	9.135718094675164824e-01
1.207000000000000087e-02	3.291452508223684237e-02	9.062475907175164824e-01
1.208000000000000046e-02	3.433054070723683820e-02	9.172339188425164824e-01
1.209000000000000005e-02	3.359811883223683820e-02	9.099097000925164824e-01
1.209999999999999964e-02	3.501413445723684098e-02	9.208960282175164824e-01
1.210999999999999924e-02	3.433054070723683820e-02	9.135718094675164824e-01
1.212000000000000056e-02	3.569772820723684376e-02	9.245581375925164824e-01
1.213000000000000016e-02	3.501413445723684098e-02	9.172339188425164824e-01
1.213999999999999975e-02	3.643015008223684376e-02	9.282202469675164824e-01
1.214999999999999934e-02	3.574655633223684098e-02	9.208960282175164824e-01
1.216000000000000067e-02	3.711374383223683959e-02	9.318823563425164824e-01
1.217000000000000026e-02	3.643015008223684376e-02	9.245581375925164824e-01
1.217999999999999985e-02	3.784616570723683959e-02	9.355444657175164824e-01
1.218999999999999945e-02	3.716257195723684376e-02	9.294409500925164824e-01
1.220000000000000077e-02	3.852975945723684237e-02	9.392065750925164824e-01
1.221000000000000037e-02	3.784616570723683959e-02	9.331030594675164824e-01
1.221999999999999996e-02	3.921335320723684514e-02	9.440893875925164824e-01
1.222999999999999955e-02	3.852975945723684237e-02	9.367651688425164824e-01
1.223999999999999914e-02	3.994577508223684514e-02	9.477514969675164824e-01
1.225000000000000047e-02	3.926218133223684237e-02	9.404272782175164824e-01
1.226000000000000006e-02	4.062936883223684098e-02	9.514136063425164824e-01
1.226999999999999966e-02	3.994577508223684514e-02	9.440893875925164824e-01
1.227999999999999925e-02	4.136179070723684098e-02	9.550757157175164824e-01
1.229000000000000058e-02	4.062936883223684098e-02	9.477514969675164824e-01
1.230000000000000017e-02	4.204538445723684376e-02	9.587378250925164824e-01
1.230999999999999976e-02	4.136179070723684098e-02	9.514136063425164824e-01
1.231999999999999935e-02	4.272897820723683959e-02	9.623999344675164824e-01
1.233000000000000068e-02	4.204538445723684376e-02	9.550757157175164824e-01
1.234000000000000027e-02	4.346140008223683959e-02	9.660620438425164824e-01
1.234999999999999987e-02	4.277780633223684376e-02	9.587378250925164824e-01
1.235999999999999946e-02	4.419382195723683959e-02	9.697241532175164824e-01
1.237000000000000079e-02	4.351022820723684376e-02	9.623999344675164824e-01
1.238000000000000038e-02	4.492624383223683959e-02	9.733862625925164824e-01
1.238999999999999997e-02	4.419382195723683959e-02	9.660620438425164824e-01
1.239999999999999956e-02	4.565866570723683959e-02	9.770483719675164824e-01
1.240999999999999916e-02	4.492624383223683959e-02	9.697241532175164824e-01
1.242000000000000048e-02	4.634225945723684237e-02	9.819311844675164824e-01
1.243000000000000008e-02	4.565866570723683959e-02	9.746069657175164824e-01
1.243999999999999967e-02	4.707468133223684237e-02	9.843725907175164824e-01
1.244999999999999926e-02	4.639108758223683959e-02	9.782690750925164824e-01
1.246000000000000059e-02	4.775827508223684514e-02	9.892554032175164824e-01
1.247000000000000018e-02	4.707468133223684237e-02	9.819311844675164824e-01
1.247999999999999977e-02	4.849069695723684514e-02	9.929175125925164824e-01
1.248999999999999937e-02	4.775827508223684514e-02	9.855932938425164824e-01
1.250000000000000069e-02	4.917429070723684098e-02	9.965796219675164824e-01
1.251000000000000029e-02	4.849069695723684514e-02	9.892554032175164824e-01
1.251999999999999988e-02	4.985788445723684376e-02	1.000241731342516482e+00
1.252999999999999947e-02	4.917429070723684098e-02	9.929175125925164824e-01
1.254000000000000080e-02	5.054147820723684653e-02	1.003903840717516482e+00
1.255000000000000039e-02	4.985788445723684376e-02	9.965796219675164824e-01
1.255999999999999998e-02	5.122507195723684931e-02	1.007565950092516482e+00
1.256999999999999958e-02	5.054147820723684653e-02	1.000241731342516482e+00
1.257999999999999917e-02	5.190866570723684514e-02	1.011228059467516482e+00
1.259000000000000050e-02	5.122507195723684931e-02	1.003903840717516482e+00
1.260000000000000009e-02	5.254343133223685069e-02	1.014890168842516482e+00
1.260999999999999968e-02	5.185983758223684792e-02	1.008786653217516482e+00
1.261999999999999927e-02	5.322702508223684653e-02	1.018552278217516482e+00
1.263000000000000060e-02	5.254343133223685069e-02	1.011228059467516482e+00
1.264000000000000019e-02	5.386179070723684514e-02	1.023435090717516482e+00
1.264999999999999979e-02	5.322702508223684653e-02	1.016110871967516482e+00
1.265999999999999938e-02	5.454538445723684792e-02	1.025876496967516482e+00
1.267000000000000071e-02	5.386179070723684514e-02	1.018552278217516482e+00
1.268000000000000030e-02	5.522897820723685069e-02	1.029538606342516482e+00
1.268999999999999989e-02	5.454538445723684792e-02	1.022214387592516482e+00
1.269999999999999948e-02	5.591257195723684653e-02	1.034421418842516482e+00
1.271000000000000081e-02	5.522897820723685069e-02	1.027097200092516482e+00
1.272000000000000040e-02	5.654733758223684514e-02	1.036862825092516482e+00
1.273000000000000000e-02	5.586374383223684931e-02	1.030759309467516482e+00
1.273999999999999959e-02	5.723093133223684792e-02	1.041745637592516482e+00
1.274999999999999918e-02	5.654733758223684514e-02	1.034421418842516482e+00
1.276000000000000051e-02	5.791452508223685069e-02	1.045407746967516482e+00
1.277000000000000010e-02	5.723093133223684792e-02	1.038083528217516482e+00
1.277999999999999969e-02	5.859811883223684653e-02	1.049069856342516482e+00
1.278999999999999929e-02	5.791452508223685069e-02	1.041745637592516482e+00
1.280000000000000061e-02	5.928171258223684931e-02	1.052731965717516482e+00
1.281000000000000021e-02	5.859811883223684653e-02	1.045407746967516482e+00
1.281999999999999980e-02	5.991647820723684792e-02	1.056394075092516482e+00
1.282999999999999939e-02	5.923288445723684514e-02	1.049069856342516482e+00
1.284000000000000072e-02	6.060007195723685069e-02	1.060056184467516482e+00
1.285000000000000031e-02	5.996530633223684514e-02	1.052731965717516482e+00
1.285999999999999990e-02	6.123483758223684931e-02	1.063718293842516482e+00
1.286999999999999950e-02	6.060007195723685069e-02	1.056394075092516482e+00
1.288000000000000082e-02	6.191843133223684514e-02	1.067380403217516482e+00
1.289000000000000042e-02	6.123483758223684931e-02	1.060056184467516482e+00
1.290000000000000001e-02	6.250436883223685347e-02	1.071042512592516482e+00
1.290999999999999960e-02	6.186960320723684792e-02	1.064938996967516482e+00
1.291999999999999919e-02	6.313913445723684514e-02	1.074704621967516482e+00
1.293000000000000052e-02	6.250436883223685347e-02	1.068601106342516482e+00
1.294000000000000011e-02	6.372507195723685347e-02	1.078366731342516482e+00
1.294999999999999971e-02	6.309030633223684792e-02	1.071042512592516482e+00
1.295999999999999930e-02	6.431100945723684792e-02	1.083249543842516482e+00
1.297000000000000063e-02	6.367624383223684237e-02	1.075925325092516482e+00
1.298000000000000022e-02	6.484811883223684514e-02	1.086911653217516482e+00
1.298999999999999981e-02	6.426218133223685069e-02	1.079587434467516482e+00
1.299999999999999940e-02	6.543405633223685347e-02	1.090573762592516482e+00
1.301000000000000073e-02	6.484811883223684514e-02	1.083249543842516482e+00
1.302000000000000032e-02	6.597116570723685069e-02	1.094235871967516482e+00
1.302999999999999992e-02	6.538522820723684237e-02	1.086911653217516482e+00
1.303999999999999951e-02	6.650827508223684792e-02	1.097897981342516482e+00
1.305000000000000084e-02	6.592233758223685347e-02	1.090573762592516482e+00
1.306000000000000043e-02	6.704538445723684514e-02	1.101560090717516482e+00
1.307000000000000002e-02	6.641061883223685347e-02	1.094235871967516482e+00
1.307999999999999961e-02	6.753366570723684514e-02	1.104001496967516482e+00
1.308999999999999921e-02	6.694772820723685069e-02	1.097897981342516482e+00
1.310000000000000053e-02	6.802194695723684514e-02	1.108884309467516482e+00
1.311000000000000013e-02	6.748483758223684792e-02	1.101560090717516482e+00
1.311999999999999972e-02	6.855905633223684237e-02	1.112546418842516482e+00
1.312999999999999931e-02	6.797311883223684792e-02	1.105222200092516482e+00
1.314000000000000064e-02	6.904733758223684237e-02	1.116208528217516482e+00
1.315000000000000023e-02	6.851022820723684514e-02	1.108884309467516482e+00
1.315999999999999982e-02	6.953561883223684237e-02	1.119870637592516482e+00
1.316999999999999942e-02	6.899850945723684514e-02	1.112546418842516482e+00
1.318000000000000074e-02	7.007272820723685347e-02	1.123532746967516482e+00
1.319000000000000034e-02	6.953561883223684237e-02	1.116208528217516482e+00
1.319999999999999993e-02	7.056100945723685347e-02	1.127194856342516482e+00
1.320999999999999952e-02	7.002390008223684237e-02	1.119870637592516482e+00
1.322000000000000085e-02	7.104929070723685347e-02	1.130856965717516482e+00
1.323000000000000044e-02	7.051218133223684237e-02	1.123532746967516482e+00
1.324000000000000003e-02	7.148874383223684237e-02	1.134519075092516482e+00
1.324999999999999963e-02	7.095163445723684514e-02	1.127194856342516482e+00
1.325999999999999922e-02	7.197702508223684237e-02	1.138181184467516482e+00
1.327000000000000055e-02	7.143991570723684514e-02	1.130856965717516482e+00
1.328000000000000014e-02	7.241647820723684514e-02	1.141843293842516482e+00
1.328999999999999973e-02	7.187936883223684792e-02	1.134519075092516482e+00
1.329999999999999932e-02	7.280710320723685069e-02	1.145505403217516482e+00
1.331000000000000065e-02	7.231882195723685069e-02	1.138181184467516482e+00
1.332000000000000024e-02	7.324655633223685347e-02	1.149167512592516482e+00
1.332999999999999984e-02	7.275827508223685347e-02	1.141843293842516482e+00
1.333999999999999943e-02	7.358835320723684792e-02	1.152829621967516482e+00
1.335000000000000075e-02	7.314890008223684514e-02	1.146726106342516482e+00
1.336000000000000035e-02	7.397897820723685347e-02	1.156491731342516482e+00
1.336999999999999994e-02	7.353952508223685069e-02	1.150388215717516482e+00
1.337999999999999953e-02	7.436960320723684514e-02	1.160153840717516482e+00
1.339000000000000086e-02	7.388132195723684514e-02	1.154050325092516482e+00
1.340000000000000045e-02	7.471140008223685347e-02	1.163815950092516482e+00
1.341000000000000004e-02	7.427194695723685069e-02	1.156491731342516482e+00
1.341999999999999964e-02	7.505319695723684792e-02	1.167478059467516482e+00
1.342999999999999923e-02	7.461374383223684514e-02	1.161374543842516482e+00
1.344000000000000056e-02	7.534616570723684514e-02	1.171140168842516482e+00
1.345000000000000015e-02	7.490671258223684237e-02	1.163815950092516482e+00
1.345999999999999974e-02	7.568796258223685347e-02	1.174802278217516482e+00
1.346999999999999933e-02	7.524850945723685069e-02	1.168698762592516482e+00
1.348000000000000066e-02	7.598093133223685069e-02	1.178464387592516482e+00
1.349000000000000025e-02	7.559030633223684514e-02	1.171140168842516482e+00
1.349999999999999985e-02	7.632272820723684514e-02	1.182126496967516482e+00
1.350999999999999944e-02	7.588327508223685625e-02	1.176022981342516482e+00
1.352000000000000077e-02	7.661569695723685625e-02	1.185788606342516482e+00
1.353000000000000036e-02	7.622507195723685069e-02	1.179685090717516482e+00
1.353999999999999995e-02	7.695749383223685069e-02	1.189450715717516482e+00
1.354999999999999954e-02	7.651804070723684792e-02	1.183347200092516482e+00
1.355999999999999914e-02	7.729929070723684514e-02	1.193112825092516482e+00
1.357000000000000046e-02	7.685983758223685625e-02	1.187009309467516482e+00
1.358000000000000006e-02	7.759225945723685625e-02	1.196774934467516482e+00
1.358999999999999965e-02	7.715280633223685347e-02	1.190671418842516482e+00
1.359999999999999924e-02	7.793405633223685069e-02	1.201657746967516482e+00
1.361000000000000057e-02	7.749460320723684792e-02	1.194333528217516482e+00
1.362000000000000016e-02	7.822702508223684792e-02	1.205319856342516482e+00
1.362999999999999975e-02	7.778757195723684514e-02	1.197995637592516482e+00
1.363999999999999935e-02	7.851999383223684514e-02	1.208981965717516482e+00
1.365000000000000067e-02	7.812936883223685347e-02	1.201657746967516482e+00
1.366000000000000027e-02	7.886179070723685347e-02	1.211423371967516482e+00
1.366999999999999986e-02	7.842233758223685069e-02	1.205319856342516482e+00
1.367999999999999945e-02	7.915475945723685069e-02	1.216306184467516482e+00
1.369000000000000078e-02	7.871530633223684792e-02	1.208981965717516482e+00
1.370000000000000037e-02	7.944772820723684792e-02	1.219968293842516482e+00
1.370999999999999996e-02	7.900827508223684514e-02	1.212644075092516482e+00
1.371999999999999956e-02	7.974069695723684514e-02	1.222409700092516482e+00
1.372999999999999915e-02	7.930124383223685625e-02	1.216306184467516482e+00
1.374000000000000048e-02	7.998483758223684514e-02	1.226071809467516482e+00
1.375000000000000007e-02	7.959421258223685347e-02	1.219968293842516482e+00
1.375999999999999966e-02	8.027780633223685625e-02	1.230954621967516482e+00
1.376999999999999925e-02	7.988718133223685069e-02	1.223630403217516482e+00
1.378000000000000058e-02	8.057077508223685347e-02	1.234616731342516482e+00
1.379000000000000017e-02	8.018015008223684792e-02	1.227292512592516482e+00
1.379999999999999977e-02	8.086374383223685069e-02	1.238278840717516482e+00
1.380999999999999936e-02	8.042429070723684792e-02	1.230954621967516482e+00
1.382000000000000069e-02	8.115671258223684792e-02	1.241940950092516482e+00
1.383000000000000028e-02	8.071725945723684514e-02	1.234616731342516482e+00
1.383999999999999987e-02	8.144968133223684514e-02	1.245603059467516482e+00
1.384999999999999946e-02	8.101022820723685625e-02	1.238278840717516482e+00
1.386000000000000079e-02	8.174265008223685625e-02	1.249265168842516482e+00
1.387000000000000038e-02	8.130319695723685347e-02	1.241940950092516482e+00
1.387999999999999998e-02	8.208444695723685069e-02	1.252927278217516704e+00
1.388999999999999957e-02	8.164499383223684792e-02	1.245603059467516482e+00
1.389999999999999916e-02	8.237741570723684792e-02	1.256589387592516704e+00
1.391000000000000049e-02	8.193796258223684514e-02	1.249265168842516482e+00
1.392000000000000008e-02	8.271921258223685625e-02	1.260251496967516704e+00
1.392999999999999967e-02	8.227975945723685347e-02	1.252927278217516704e+00
1.393999999999999927e-02	8.306100945723685069e-02	1.262692903217516704e+00
1.395000000000000059e-02	8.262155633223684792e-02	1.256589387592516704e+00
1.396000000000000019e-02	8.340280633223684514e-02	1.266355012592516704e+00
1.396999999999999978e-02	8.296335320723685625e-02	1.260251496967516704e+00
1.397999999999999937e-02	8.379343133223685069e-02	1.270017121967516704e+00
1.399000000000000070e-02	8.330515008223685069e-02	1.263913606342516704e+00
1.400000000000000029e-02	8.413522820723684514e-02	1.274899934467516704e+00
1.400999999999999988e-02	8.369577508223685625e-02	1.267575715717516704e+00
1.401999999999999948e-02	8.447702508223685347e-02	1.277341340717516704e+00
1.403000000000000080e-02	8.403757195723685069e-02	1.271237825092516704e+00
1.404000000000000040e-02	8.486765008223684514e-02	1.281003450092516704e+00
1.404999999999999999e-02	8.442819695723685625e-02	1.274899934467516704e+00
1.405999999999999958e-02	8.520944695723685347e-02	1.285886262592516704e+00
1.406999999999999917e-02	8.476999383223685069e-02	1.278562043842516704e+00
1.408000000000000050e-02	8.555124383223684792e-02	1.288327668842516704e+00
1.409000000000000009e-02	8.511179070723684514e-02	1.282224153217516704e+00
1.409999999999999969e-02	8.589304070723685625e-02	1.291989778217516704e+00
1.410999999999999928e-02	8.545358758223685347e-02	1.284665559467516704e+00
1.412000000000000061e-02	8.628366570723684792e-02	1.295651887592516704e+00
1.413000000000000020e-02	8.579538445723684792e-02	1.288327668842516704e+00
1.413999999999999979e-02	8.662546258223685625e-02	1.299313996967516704e+00
1.414999999999999938e-02	8.613718133223685625e-02	1.293210481342516704e+00
1.416000000000000071e-02	8.696725945723685069e-02	1.302976106342516704e+00
1.417000000000000030e-02	8.652780633223684792e-02	1.296872590717516704e+00
1.417999999999999990e-02	8.730905633223684514e-02	1.306638215717516704e+00
1.418999999999999949e-02	8.686960320723685625e-02	1.300534700092516704e+00
1.420000000000000082e-02	8.769968133223685069e-02	1.310300325092516704e+00
1.421000000000000041e-02	8.721140008223685069e-02	1.304196809467516704e+00
1.422000000000000000e-02	8.804147820723684514e-02	1.313962434467516704e+00
1.422999999999999959e-02	8.755319695723684514e-02	1.307858918842516704e+00
1.423999999999999919e-02	8.838327508223685347e-02	1.318845246967516704e+00
1.425000000000000051e-02	8.794382195723685069e-02	1.311521028217516704e+00
1.426000000000000011e-02	8.877390008223684514e-02	1.321286653217516704e+00
1.426999999999999970e-02	8.828561883223684514e-02	1.315183137592516704e+00
1.427999999999999929e-02	8.911569695723685347e-02	1.324948762592516704e+00
1.429000000000000062e-02	8.867624383223685069e-02	1.317624543842516704e+00
1.430000000000000021e-02	8.950632195723684514e-02	1.328610871967516704e+00
1.430999999999999980e-02	8.901804070723684514e-02	1.321286653217516704e+00
1.431999999999999940e-02	8.989694695723685069e-02	1.332272981342516704e+00
1.433000000000000072e-02	8.945749383223684792e-02	1.324948762592516704e+00
1.434000000000000032e-02	9.028757195723685625e-02	1.335935090717516704e+00
1.434999999999999991e-02	8.979929070723685625e-02	1.328610871967516704e+00
1.435999999999999950e-02	9.067819695723684792e-02	1.339597200092516704e+00
1.437000000000000083e-02	9.018991570723684792e-02	1.332272981342516704e+00
1.438000000000000042e-02	9.106882195723685347e-02	1.343259309467516704e+00
1.439000000000000001e-02	9.062936883223685069e-02	1.335935090717516704e+00
1.439999999999999961e-02	9.150827508223685625e-02	1.346921418842516704e+00
1.440999999999999920e-02	9.101999383223685625e-02	1.339597200092516704e+00
1.442000000000000053e-02	9.189890008223684792e-02	1.350583528217516704e+00
1.443000000000000012e-02	9.141061883223684792e-02	1.343259309467516704e+00
1.443999999999999971e-02	9.228952508223685347e-02	1.354245637592516704e+00
1.444999999999999930e-02	9.185007195723685069e-02	1.346921418842516704e+00
1.446000000000000063e-02	9.268015008223684514e-02	1.357907746967516704e+00
1.447000000000000022e-02	9.224069695723685625e-02	1.350583528217516704e+00
1.447999999999999982e-02	9.307077508223685069e-02	1.361569856342516704e+00
1.448999999999999941e-02	9.263132195723684792e-02	1.354245637592516704e+00
1.450000000000000074e-02	9.346140008223685625e-02	1.362790559467516704e+00
1.451000000000000033e-02	9.302194695723685347e-02	1.356687043842516704e+00
1.451999999999999992e-02	9.380319695723685069e-02	1.359128450092516704e+00
1.452999999999999951e-02	9.341257195723684514e-02	1.351804231342516704e+00
1.454000000000000084e-02	9.419382195723685625e-02	1.354245637592516704e+00
1.455000000000000043e-02	9.375436883223685347e-02	1.348142121967516704e+00
1.456000000000000003e-02	9.453561883223685069e-02	1.350583528217516704e+00
1.456999999999999962e-02	9.409616570723684792e-02	1.343259309467516704e+00
1.457999999999999921e-02	9.482858758223684792e-02	1.345700715717516704e+00
1.459000000000000054e-02	9.443796258223685625e-02	1.338376496967516704e+00
1.460000000000000013e-02	9.517038445723685625e-02	1.342038606342516704e+00
1.460999999999999972e-02	9.477975945723685069e-02	1.334714387592516704e+00
1.461999999999999932e-02	9.546335320723685347e-02	1.337155793842516704e+00
1.463000000000000064e-02	9.507272820723684792e-02	1.329831575092516704e+00
1.464000000000000024e-02	9.570749383223685347e-02	1.333493684467516704e+00
1.464999999999999983e-02	9.536569695723684514e-02	1.324948762592516704e+00
1.465999999999999942e-02	9.595163445723685347e-02	1.328610871967516704e+00
1.467000000000000075e-02	9.565866570723685625e-02	1.321286653217516704e+00
1.468000000000000034e-02	9.614694695723685625e-02	1.323728059467516704e+00
1.468999999999999993e-02	9.585397820723684514e-02	1.316403840717516704e+00
1.469999999999999953e-02	9.634225945723684514e-02	1.320065950092516704e+00
1.471000000000000085e-02	9.604929070723684792e-02	1.312741731342516704e+00
1.472000000000000045e-02	9.648874383223685069e-02	1.315183137592516704e+00
1.473000000000000004e-02	9.619577508223685347e-02	1.307858918842516704e+00
1.473999999999999963e-02	9.658640008223684514e-02	1.310300325092516704e+00
1.474999999999999922e-02	9.634225945723684514e-02	1.302976106342516704e+00
1.476000000000000055e-02	9.663522820723685625e-02	1.306638215717516704e+00
1.477000000000000014e-02	9.639108758223685625e-02	1.299313996967516704e+00
1.477999999999999974e-02	9.663522820723685625e-02	1.301755403217516704e+00
1.478999999999999933e-02	9.639108758223685625e-02	1.294431184467516704e+00
1.480000000000000066e-02	9.658640008223684514e-02	1.298093293842516704e+00
1.481000000000000025e-02	9.634225945723684514e-02	1.290769075092516704e+00
1.481999999999999984e-02	9.648874383223685069e-02	1.293210481342516704e+00
1.482999999999999943e-02	9.624460320723685069e-02	1.285886262592516704e+00
1.484000000000000076e-02	9.634225945723684514e-02	1.289548371967516704e+00
1.485000000000000035e-02	9.604929070723684792e-02	1.282224153217516704e+00
1.485999999999999995e-02	9.614694695723685625e-02	1.284665559467516704e+00
1.486999999999999954e-02	9.580515008223684792e-02	1.277341340717516704e+00
1.488000000000000086e-02	9.590280633223685625e-02	1.279782746967516704e+00
1.489000000000000046e-02	9.556100945723684792e-02	1.272458528217516704e+00
1.490000000000000005e-02	9.560983758223684514e-02	1.276120637592516704e+00
1.490999999999999964e-02	9.521921258223685347e-02	1.268796418842516704e+00
1.491999999999999924e-02	9.521921258223685347e-02	1.271237825092516704e+00
1.493000000000000056e-02	9.477975945723685069e-02	1.263913606342516704e+00
1.494000000000000015e-02	9.482858758223684792e-02	1.267575715717516704e+00
1.494999999999999975e-02	9.434030633223684792e-02	1.260251496967516704e+00
1.495999999999999934e-02	9.434030633223684792e-02	1.262692903217516704e+00
1.497000000000000067e-02	9.385202508223684792e-02	1.255368684467516704e+00
1.498000000000000026e-02	9.385202508223684792e-02	1.257810090717516704e+00
1.498999999999999985e-02	9.331491570723685069e-02	1.250485871967516704e+00
1.499999999999999944e-02	9.331491570723685069e-02	1.254147981342516704e+00
1.501000000000000077e-02	9.272897820723685625e-02	1.246823762592516482e+00
1.502000000000000036e-02	9.272897820723685625e-02	1.249265168842516482e+00
1.502999999999999996e-02	9.209421258223685069e-02	1.241940950092516482e+00
1.503999999999999955e-02	9.209421258223685069e-02	1.245603059467516482e+00
1.504999999999999914e-02	9.141061883223684792e-02	1.238278840717516482e+00
1.506000000000000047e-02	9.141061883223684792e-02	1.240720246967516482e+00
1.507000000000000006e-02	9.072702508223684514e-02	1.233396028217516482e+00
1.507999999999999965e-02	9.072702508223684514e-02	1.237058137592516482e+00
1.508999999999999925e-02	9.004343133223685625e-02	1.228513215717516482e+00
1.510000000000000057e-02	8.999460320723684514e-02	1.232175325092516482e+00
1.511000000000000017e-02	8.926218133223684514e-02	1.224851106342516482e+00
1.511999999999999976e-02	8.926218133223684514e-02	1.227292512592516482e+00
1.512999999999999935e-02	8.852975945723684514e-02	1.219968293842516482e+00
1.514000000000000068e-02	8.852975945723684514e-02	1.223630403217516482e+00
1.515000000000000027e-02	8.779733758223684514e-02	1.216306184467516482e+00
1.515999999999999986e-02	8.774850945723684792e-02	1.218747590717516482e+00
1.516999999999999946e-02	8.696725945723685069e-02	1.211423371967516482e+00
1.518000000000000078e-02	8.696725945723685069e-02	1.215085481342516482e+00
1.519000000000000038e-02	8.618600945723685347e-02	1.207761262592516482e+00
