time[s]	CH1[V]	CH2[V] (num. of cycles: 1)
0.000000000000000000e+00	-7.107110274465459898e-02	-1.222783941971628208e+00
1.000000000000000082e-05	-7.107110274465459898e-02	-1.222783941971628208e+00
2.000000000000000164e-05	-7.102227461965460176e-02	-1.219121832596628208e+00
3.000000000000000076e-05	-7.151055586965460176e-02	-1.226446051346628208e+00
4.000000000000000327e-05	-7.146172774465460453e-02	-1.222783941971628208e+00
5.000000000000000240e-05	-7.195000899465460453e-02	-1.230108160721628208e+00
6.000000000000000152e-05	-7.190118086965460731e-02	-1.226446051346628208e+00
6.999999999999999387e-05	-7.238946211965460731e-02	-1.233770270096628208e+00
8.000000000000000654e-05	-7.229180586965459898e-02	-1.230108160721628208e+00
9.000000000000000567e-05	-7.282891524465461008e-02	-1.237432379471628208e+00
1.000000000000000048e-04	-7.273125899465460176e-02	-1.233770270096628208e+00
1.100000000000000039e-04	-7.321954024465460176e-02	-1.241094488846628208e+00
1.200000000000000030e-04	-7.317071211965460453e-02	-1.237432379471628208e+00
1.299999999999999886e-04	-7.365899336965460453e-02	-1.244756598221628208e+00
1.399999999999999877e-04	-7.361016524465460731e-02	-1.241094488846628208e+00
1.499999999999999869e-04	-7.409844649465460731e-02	-1.248418707596628208e+00
1.600000000000000131e-04	-7.400079024465459898e-02	-1.244756598221628208e+00
1.700000000000000122e-04	-7.448907149465459898e-02	-1.252080816971628208e+00
1.800000000000000113e-04	-7.444024336965460176e-02	-1.248418707596628208e+00
1.900000000000000105e-04	-7.492852461965460176e-02	-1.255742926346628208e+00
2.000000000000000096e-04	-7.483086836965460731e-02	-1.252080816971628208e+00
2.100000000000000087e-04	-7.531914961965460731e-02	-1.259405035721628208e+00
2.200000000000000078e-04	-7.522149336965461286e-02	-1.255742926346628208e+00
2.300000000000000070e-04	-7.570977461965461286e-02	-1.263067145096628208e+00
2.400000000000000061e-04	-7.566094649465460176e-02	-1.259405035721628208e+00
2.500000000000000052e-04	-7.614922774465460176e-02	-1.266729254471628208e+00
2.599999999999999772e-04	-7.605157149465460731e-02	-1.263067145096628208e+00
2.700000000000000035e-04	-7.653985274465460731e-02	-1.270391363846628208e+00
2.799999999999999755e-04	-7.649102461965461008e-02	-1.267949957596628208e+00
2.900000000000000017e-04	-7.693047774465461286e-02	-1.274053473221628208e+00
2.999999999999999737e-04	-7.688164961965460176e-02	-1.270391363846628208e+00
3.099999999999999999e-04	-7.736993086965460176e-02	-1.277715582596628208e+00
3.200000000000000262e-04	-7.727227461965460731e-02	-1.274053473221628208e+00
3.299999999999999982e-04	-7.776055586965460731e-02	-1.281377691971628208e+00
3.400000000000000244e-04	-7.771172774465461008e-02	-1.277715582596628208e+00
3.499999999999999964e-04	-7.815118086965461286e-02	-1.285039801346628208e+00
3.600000000000000227e-04	-7.810235274465460176e-02	-1.281377691971628208e+00
3.699999999999999947e-04	-7.854180586965460453e-02	-1.288701910721628208e+00
3.800000000000000209e-04	-7.849297774465460731e-02	-1.286260504471628208e+00
3.899999999999999929e-04	-7.898125899465460731e-02	-1.292364020096628208e+00
4.000000000000000192e-04	-7.888360274465461286e-02	-1.289922613846628208e+00
4.099999999999999912e-04	-7.937188399465461286e-02	-1.297246832596628208e+00
4.200000000000000174e-04	-7.927422774465460453e-02	-1.292364020096628208e+00
4.299999999999999894e-04	-7.971368086965460731e-02	-1.299688238846628208e+00
4.400000000000000157e-04	-7.966485274465461008e-02	-1.296026129471628208e+00
4.499999999999999877e-04	-8.010430586965461286e-02	-1.303350348221628208e+00
4.600000000000000139e-04	-8.000664961965460453e-02	-1.299688238846628208e+00
4.699999999999999859e-04	-8.049493086965460453e-02	-1.307012457596628208e+00
4.800000000000000122e-04	-8.039727461965461008e-02	-1.304571051346628208e+00
4.899999999999999842e-04	-8.088555586965461008e-02	-1.310674566971628208e+00
5.000000000000000104e-04	-8.078789961965460176e-02	-1.307012457596628208e+00
5.100000000000000366e-04	-8.122735274465460453e-02	-1.314336676346628208e+00
5.199999999999999544e-04	-8.112969649465461008e-02	-1.311895270096628208e+00
5.299999999999999807e-04	-8.161797774465461008e-02	-1.317998785721628208e+00
5.400000000000000069e-04	-8.152032149465460176e-02	-1.314336676346628208e+00
5.500000000000000331e-04	-8.195977461965460453e-02	-1.322881598221628208e+00
5.599999999999999509e-04	-8.186211836965461008e-02	-1.319219488846628208e+00
5.699999999999999772e-04	-8.230157149465461286e-02	-1.325323004471628208e+00
5.800000000000000034e-04	-8.225274336965460176e-02	-1.322881598221628208e+00
5.900000000000000296e-04	-8.269219649465460453e-02	-1.328985113846628208e+00
5.999999999999999474e-04	-8.259454024465461008e-02	-1.325323004471628208e+00
6.099999999999999737e-04	-8.303399336965461286e-02	-1.332647223221628208e+00
6.199999999999999999e-04	-8.298516524465460176e-02	-1.330205816971628208e+00
6.300000000000000261e-04	-8.342461836965460453e-02	-1.336309332596628208e+00
6.400000000000000524e-04	-8.332696211965461008e-02	-1.332647223221628208e+00
6.499999999999999702e-04	-8.376641524465461286e-02	-1.339971441971628208e+00
6.599999999999999964e-04	-8.371758711965460176e-02	-1.336309332596628208e+00
6.700000000000000226e-04	-8.415704024465460453e-02	-1.343633551346628208e+00
6.800000000000000488e-04	-8.405938399465461008e-02	-1.339971441971628208e+00
6.899999999999999667e-04	-8.449883711965461286e-02	-1.347295660721628208e+00
6.999999999999999929e-04	-8.445000899465460176e-02	-1.343633551346628208e+00
7.100000000000000191e-04	-8.488946211965460453e-02	-1.350957770096628208e+00
7.200000000000000453e-04	-8.479180586965461008e-02	-1.348516363846628208e+00
7.299999999999999632e-04	-8.523125899465461286e-02	-1.354619879471628208e+00
7.399999999999999894e-04	-8.513360274465460453e-02	-1.350957770096628208e+00
7.500000000000000156e-04	-8.562188399465460453e-02	-1.358281988846628208e+00
7.600000000000000418e-04	-8.552422774465461008e-02	-1.354619879471628208e+00
7.699999999999999597e-04	-8.596368086965461286e-02	-1.361944098221628208e+00
7.799999999999999859e-04	-8.586602461965460453e-02	-1.358281988846628208e+00
7.900000000000000121e-04	-8.635430586965460453e-02	-1.365606207596628208e+00
8.000000000000000383e-04	-8.625664961965461008e-02	-1.361944098221628208e+00
8.099999999999999561e-04	-8.669610274465461286e-02	-1.369268316971628208e+00
8.199999999999999824e-04	-8.659844649465460453e-02	-1.365606207596628208e+00
8.300000000000000086e-04	-8.703789961965460731e-02	-1.372930426346628208e+00
8.400000000000000348e-04	-8.698907149465461008e-02	-1.369268316971628208e+00
8.499999999999999526e-04	-8.742852461965461286e-02	-1.376592535721628208e+00
8.599999999999999789e-04	-8.733086836965460453e-02	-1.372930426346628208e+00
8.700000000000000051e-04	-8.777032149465460731e-02	-1.380254645096628208e+00
8.800000000000000313e-04	-8.767266524465461286e-02	-1.376592535721628208e+00
8.899999999999999491e-04	-8.811211836965460176e-02	-1.383916754471628208e+00
8.999999999999999754e-04	-8.801446211965460731e-02	-1.380254645096628208e+00
9.100000000000000016e-04	-8.845391524465461008e-02	-1.387578863846628208e+00
9.200000000000000278e-04	-8.835625899465460176e-02	-1.383916754471628208e+00
9.300000000000000541e-04	-8.879571211965460453e-02	-1.391240973221628208e+00
9.399999999999999719e-04	-8.869805586965461008e-02	-1.387578863846628208e+00
9.499999999999999981e-04	-8.918633711965461008e-02	-1.394903082596628208e+00
9.600000000000000243e-04	-8.908868086965460176e-02	-1.391240973221628208e+00
9.700000000000000505e-04	-8.947930586965460731e-02	-1.398565191971628208e+00
9.799999999999999684e-04	-8.943047774465461008e-02	-1.393682379471628208e+00
9.899999999999999946e-04	-8.982110274465460176e-02	-1.401006598221628208e+00
1.000000000000000021e-03	-8.977227461965460453e-02	-1.391240973221628208e+00
1.010000000000000047e-03	-9.016289961965461008e-02	-1.398565191971628208e+00
1.020000000000000073e-03	-9.011407149465461286e-02	-1.386358160721628208e+00
1.030000000000000100e-03	-9.050469649465460453e-02	-1.393682379471628208e+00
1.039999999999999909e-03	-9.040704024465461008e-02	-1.382696051346628208e+00
1.049999999999999935e-03	-9.084649336965461286e-02	-1.390020270096628208e+00
1.059999999999999961e-03	-9.074883711965460453e-02	-1.377813238846628208e+00
1.069999999999999988e-03	-9.118829024465460731e-02	-1.385137457596628208e+00
1.080000000000000014e-03	-9.109063399465461286e-02	-1.372930426346628208e+00
1.090000000000000040e-03	-9.148125899465460453e-02	-1.381475348221628208e+00
1.100000000000000066e-03	-9.138360274465461008e-02	-1.369268316971628208e+00
1.110000000000000092e-03	-9.177422774465460176e-02	-1.376592535721628208e+00
1.119999999999999902e-03	-9.172539961965460453e-02	-1.364385504471628208e+00
1.129999999999999928e-03	-9.206719649465461286e-02	-1.371709723221628208e+00
1.139999999999999954e-03	-9.201836836965460176e-02	-1.360723395096628208e+00
1.149999999999999981e-03	-9.236016524465461008e-02	-1.368047613846628208e+00
1.160000000000000007e-03	-9.226250899465460176e-02	-1.355840582596628208e+00
1.170000000000000033e-03	-9.260430586965461008e-02	-1.363164801346628208e+00
1.180000000000000059e-03	-9.250664961965460176e-02	-1.352178473221628208e+00
1.190000000000000085e-03	-9.279961836965461286e-02	-1.359502691971628208e+00
1.199999999999999895e-03	-9.265313399465460731e-02	-1.347295660721628208e+00
1.209999999999999921e-03	-9.299493086965460176e-02	-1.354619879471628208e+00
1.219999999999999947e-03	-9.284844649465461008e-02	-1.343633551346628208e+00
1.229999999999999974e-03	-9.309258711965461008e-02	-1.349737066971628208e+00
1.240000000000000000e-03	-9.294610274465460453e-02	-1.338750738846628208e+00
1.250000000000000026e-03	-9.319024336965460453e-02	-1.346074957596628208e+00
1.260000000000000052e-03	-9.294610274465460453e-02	-1.333867926346628208e+00
1.270000000000000078e-03	-9.323907149465460176e-02	-1.341192145096628208e+00
1.280000000000000105e-03	-9.294610274465460453e-02	-1.330205816971628208e+00
1.289999999999999914e-03	-9.323907149465460176e-02	-1.337530035721628208e+00
1.299999999999999940e-03	-9.289727461965460731e-02	-1.325323004471628208e+00
1.309999999999999967e-03	-9.314141524465460731e-02	-1.332647223221628208e+00
1.319999999999999993e-03	-9.275079024465460176e-02	-1.320440191971628208e+00
1.330000000000000019e-03	-9.304375899465461286e-02	-1.328985113846628208e+00
1.340000000000000045e-03	-9.255547774465461286e-02	-1.316778082596628208e+00
1.350000000000000071e-03	-9.289727461965460731e-02	-1.324102301346628208e+00
1.360000000000000098e-03	-9.226250899465460176e-02	-1.311895270096628208e+00
1.369999999999999907e-03	-9.265313399465460731e-02	-1.319219488846628208e+00
1.379999999999999933e-03	-9.196954024465460453e-02	-1.308233160721628208e+00
1.389999999999999960e-03	-9.236016524465461008e-02	-1.315557379471628208e+00
1.399999999999999986e-03	-9.157891524465461286e-02	-1.304571051346628208e+00
1.410000000000000012e-03	-9.201836836965460176e-02	-1.310674566971628208e+00
1.420000000000000038e-03	-9.109063399465461286e-02	-1.299688238846628208e+00
1.430000000000000064e-03	-9.162774336965461008e-02	-1.307012457596628208e+00
1.440000000000000091e-03	-9.060235274465461286e-02	-1.294805426346628208e+00
1.449999999999999900e-03	-9.113946211965461008e-02	-1.302129645096628208e+00
1.459999999999999926e-03	-9.001641524465460453e-02	-1.289922613846628208e+00
1.469999999999999953e-03	-9.060235274465461286e-02	-1.298467535721628208e+00
1.479999999999999979e-03	-8.947930586965460731e-02	-1.286260504471628208e+00
1.490000000000000005e-03	-9.006524336965460176e-02	-1.293584723221628208e+00
1.500000000000000031e-03	-8.884454024465460176e-02	-1.281377691971628208e+00
1.510000000000000057e-03	-8.947930586965460731e-02	-1.289922613846628208e+00
1.520000000000000084e-03	-8.820977461965461008e-02	-1.276494879471628208e+00
1.529999999999999893e-03	-8.884454024465460176e-02	-1.285039801346628208e+00
1.539999999999999919e-03	-8.757500899465460453e-02	-1.272832770096628208e+00
1.549999999999999946e-03	-8.820977461965461008e-02	-1.280156988846628208e+00
1.559999999999999972e-03	-8.684258711965460453e-02	-1.267949957596628208e+00
1.569999999999999998e-03	-8.752618086965460731e-02	-1.275274176346628208e+00
1.580000000000000024e-03	-8.615899336965460176e-02	-1.264287848221628208e+00
1.590000000000000050e-03	-8.684258711965460453e-02	-1.271612066971628208e+00
1.600000000000000077e-03	-8.547539961965461286e-02	-1.259405035721628208e+00
1.610000000000000103e-03	-8.615899336965460176e-02	-1.266729254471628208e+00
1.619999999999999912e-03	-8.474297774465461286e-02	-1.255742926346628208e+00
1.629999999999999939e-03	-8.542657149465460176e-02	-1.263067145096628208e+00
1.639999999999999965e-03	-8.401055586965461286e-02	-1.250860113846628208e+00
1.649999999999999991e-03	-8.474297774465461286e-02	-1.258184332596628208e+00
1.660000000000000017e-03	-8.327813399465461286e-02	-1.245977301346628208e+00
1.670000000000000043e-03	-8.401055586965461286e-02	-1.253301520096628208e+00
1.680000000000000070e-03	-8.254571211965461286e-02	-1.242315191971628208e+00
1.690000000000000096e-03	-8.327813399465461286e-02	-1.249639410721628208e+00
1.699999999999999905e-03	-8.181329024465461286e-02	-1.237432379471628208e+00
1.709999999999999932e-03	-8.254571211965461286e-02	-1.244756598221628208e+00
1.719999999999999958e-03	-8.103204024465460176e-02	-1.232549566971628208e+00
1.729999999999999984e-03	-8.176446211965460176e-02	-1.241094488846628208e+00
1.740000000000000010e-03	-8.029961836965460176e-02	-1.228887457596628208e+00
1.750000000000000036e-03	-8.103204024465460176e-02	-1.236211676346628208e+00
1.760000000000000063e-03	-7.956719649465460176e-02	-1.224004645096628208e+00
1.770000000000000089e-03	-8.029961836965460176e-02	-1.231328863846628208e+00
1.779999999999999898e-03	-7.883477461965460176e-02	-1.219121832596628208e+00
1.789999999999999925e-03	-7.956719649465460176e-02	-1.227666754471628208e+00
1.799999999999999951e-03	-7.810235274465460176e-02	-1.215459723221628208e+00
1.809999999999999977e-03	-7.883477461965460176e-02	-1.222783941971628208e+00
1.820000000000000003e-03	-7.741875899465461286e-02	-1.210576910721628208e+00
1.830000000000000029e-03	-7.810235274465460176e-02	-1.219121832596628208e+00
1.840000000000000056e-03	-7.668633711965461286e-02	-1.206914801346628208e+00
1.850000000000000082e-03	-7.736993086965460176e-02	-1.214239020096628208e+00
1.860000000000000108e-03	-7.600274336965461008e-02	-1.202031988846628208e+00
1.869999999999999917e-03	-7.668633711965461286e-02	-1.209356207596628208e+00
1.879999999999999944e-03	-7.536797774465460453e-02	-1.197149176346628208e+00
1.889999999999999970e-03	-7.600274336965461008e-02	-1.204473395096628208e+00
1.899999999999999996e-03	-7.473321211965459898e-02	-1.193487066971628208e+00
1.910000000000000022e-03	-7.536797774465460453e-02	-1.200811285721628208e+00
1.920000000000000049e-03	-7.409844649465460731e-02	-1.188604254471628208e+00
1.930000000000000075e-03	-7.473321211965459898e-02	-1.195928473221628208e+00
1.940000000000000101e-03	-7.351250899465459898e-02	-1.183721441971628208e+00
1.949999999999999910e-03	-7.409844649465460731e-02	-1.192266363846628208e+00
1.959999999999999937e-03	-7.297539961965460176e-02	-1.180059332596628208e+00
1.969999999999999963e-03	-7.351250899465459898e-02	-1.187383551346628208e+00
1.979999999999999989e-03	-7.243829024465460453e-02	-1.175176520096628208e+00
1.990000000000000015e-03	-7.297539961965460176e-02	-1.182500738846628208e+00
2.000000000000000042e-03	-7.190118086965460731e-02	-1.171514410721628208e+00
2.010000000000000068e-03	-7.243829024465460453e-02	-1.178838629471628208e+00
2.020000000000000094e-03	-7.146172774465460453e-02	-1.166631598221628208e+00
2.030000000000000120e-03	-7.195000899465460453e-02	-1.173955816971628208e+00
2.040000000000000147e-03	-7.097344649465460453e-02	-1.162969488846628208e+00
2.050000000000000173e-03	-7.151055586965460176e-02	-1.170293707596628208e+00
2.060000000000000199e-03	-7.053399336965460176e-02	-1.158086676346628208e+00
2.069999999999999792e-03	-7.102227461965460176e-02	-1.165410895096628208e+00
2.079999999999999818e-03	-7.014336836965461008e-02	-1.154424566971628208e+00
2.089999999999999844e-03	-7.058282149465459898e-02	-1.161748785721628208e+00
2.099999999999999870e-03	-6.975274336965460453e-02	-1.149541754471628208e+00
2.109999999999999896e-03	-7.019219649465460731e-02	-1.156865973221628208e+00
2.119999999999999923e-03	-6.936211836965459898e-02	-1.144658941971628208e+00
2.129999999999999949e-03	-6.980157149465460176e-02	-1.151983160721628208e+00
2.139999999999999975e-03	-6.897149336965460731e-02	-1.139776129471628208e+00
2.150000000000000001e-03	-6.945977461965460731e-02	-1.148321051346628208e+00
2.160000000000000028e-03	-6.858086836965460176e-02	-1.136114020096628208e+00
2.170000000000000054e-03	-6.906914961965460176e-02	-1.143438238846628208e+00
2.180000000000000080e-03	-6.823907149465460731e-02	-1.131231207596628208e+00
2.190000000000000106e-03	-6.867852461965461008e-02	-1.138555426346628208e+00
2.200000000000000133e-03	-6.784844649465460176e-02	-1.127569098221628208e+00
2.210000000000000159e-03	-6.833672774465460176e-02	-1.134893316971628208e+00
2.220000000000000185e-03	-6.750664961965460731e-02	-1.122686285721628208e+00
2.230000000000000211e-03	-6.799493086965460731e-02	-1.130010504471628208e+00
2.239999999999999804e-03	-6.716485274465459898e-02	-1.117803473221628208e+00
2.249999999999999830e-03	-6.760430586965460176e-02	-1.126348395096628208e+00
2.259999999999999856e-03	-6.677422774465460731e-02	-1.114141363846628208e+00
2.269999999999999882e-03	-6.726250899465460731e-02	-1.121465582596628208e+00
2.279999999999999909e-03	-6.643243086965459898e-02	-1.109258551346628208e+00
2.289999999999999935e-03	-6.687188399465460176e-02	-1.116582770096628208e+00
2.299999999999999961e-03	-6.609063399465460453e-02	-1.105596441971628208e+00
2.309999999999999987e-03	-6.653008711965460731e-02	-1.112920660721628208e+00
2.320000000000000014e-03	-6.570000899465459898e-02	-1.100713629471628208e+00
2.330000000000000040e-03	-6.613946211965460176e-02	-1.108037848221628208e+00
2.340000000000000066e-03	-6.530938399465460731e-02	-1.095830816971628208e+00
2.350000000000000092e-03	-6.574883711965461008e-02	-1.104375738846628208e+00
2.360000000000000119e-03	-6.491875899465460176e-02	-1.092168707596628208e+00
2.370000000000000145e-03	-6.535821211965460453e-02	-1.099492926346628208e+00
2.380000000000000171e-03	-6.457696211965460731e-02	-1.087285895096628208e+00
2.390000000000000197e-03	-6.501641524465461008e-02	-1.094610113846628208e+00
2.399999999999999790e-03	-6.413750899465460453e-02	-1.083623785721628208e+00
2.409999999999999816e-03	-6.462579024465460453e-02	-1.090948004471628208e+00
2.419999999999999842e-03	-6.374688399465459898e-02	-1.078740973221628208e+00
2.429999999999999868e-03	-6.423516524465459898e-02	-1.086065191971628208e+00
2.439999999999999895e-03	-6.335625899465460731e-02	-1.075078863846628208e+00
2.449999999999999921e-03	-6.384454024465460731e-02	-1.081182379471628208e+00
2.459999999999999947e-03	-6.296563399465460176e-02	-1.070196051346628208e+00
2.469999999999999973e-03	-6.345391524465460176e-02	-1.077520270096628208e+00
2.480000000000000000e-03	-6.257500899465461008e-02	-1.065313238846628208e+00
2.490000000000000026e-03	-6.301446211965459898e-02	-1.072637457596628208e+00
2.500000000000000052e-03	-6.213555586965460731e-02	-1.061651129471628208e+00
2.510000000000000078e-03	-6.262383711965460731e-02	-1.068975348221628208e+00
2.520000000000000104e-03	-6.174493086965460176e-02	-1.056768316971628208e+00
2.530000000000000131e-03	-6.223321211965460176e-02	-1.064092535721628208e+00
2.540000000000000157e-03	-6.130547774465460592e-02	-1.051885504471628208e+00
2.550000000000000183e-03	-6.179375899465460592e-02	-1.059209723221628208e+00
2.560000000000000209e-03	-6.086602461965460314e-02	-1.048223395096628208e+00
2.569999999999999802e-03	-6.135430586965460314e-02	-1.055547613846628208e+00
2.579999999999999828e-03	-6.037774336965460314e-02	-1.043340582596628208e+00
2.589999999999999854e-03	-6.091485274465460731e-02	-1.050664801346628208e+00
2.599999999999999881e-03	-5.993829024465460731e-02	-1.039678473221628208e+00
2.609999999999999907e-03	-6.042657149465460731e-02	-1.047002691971628208e+00
2.619999999999999933e-03	-5.945000899465460731e-02	-1.036016363846628208e+00
2.629999999999999959e-03	-5.998711836965460453e-02	-1.043340582596628208e+00
2.639999999999999986e-03	-5.896172774465460731e-02	-1.031133551346628208e+00
2.650000000000000012e-03	-5.949883711965460453e-02	-1.038457770096628208e+00
2.660000000000000038e-03	-5.842461836965460314e-02	-1.026250738846628208e+00
2.670000000000000064e-03	-5.896172774465460731e-02	-1.033574957596628208e+00
2.680000000000000090e-03	-5.788750899465460592e-02	-1.022588629471628208e+00
2.690000000000000117e-03	-5.847344649465460731e-02	-1.029912848221628208e+00
2.700000000000000143e-03	-5.735039961965460176e-02	-1.017705816971628208e+00
2.710000000000000169e-03	-5.793633711965460314e-02	-1.025030035721628208e+00
2.720000000000000195e-03	-5.676446211965460731e-02	-1.014043707596628208e+00
2.729999999999999788e-03	-5.735039961965460176e-02	-1.021367926346628208e+00
2.739999999999999814e-03	-5.617852461965460592e-02	-1.009160895096628208e+00
2.749999999999999840e-03	-5.681329024465460453e-02	-1.016485113846628208e+00
2.759999999999999867e-03	-5.564141524465460176e-02	-1.004278082596628208e+00
2.769999999999999893e-03	-5.622735274465460314e-02	-1.012823004471628208e+00
2.779999999999999919e-03	-5.500664961965460314e-02	-1.000615973221628208e+00
2.789999999999999945e-03	-5.564141524465460176e-02	-1.007940191971628208e+00
2.799999999999999972e-03	-5.442071211965460176e-02	-9.957331607216282077e-01
2.809999999999999998e-03	-5.500664961965460314e-02	-1.003057379471628208e+00
2.820000000000000024e-03	-5.378594649465460314e-02	-9.908503482216282077e-01
2.830000000000000050e-03	-5.442071211965460176e-02	-9.981745669716282077e-01
2.840000000000000076e-03	-5.315118086965460453e-02	-9.871882388466282077e-01
2.850000000000000103e-03	-5.383477461965460731e-02	-9.945124575966282077e-01
2.860000000000000129e-03	-5.256524336965460314e-02	-9.823054263466282077e-01
2.870000000000000155e-03	-5.320000899465460176e-02	-9.896296450966282077e-01
2.880000000000000181e-03	-5.193047774465460453e-02	-9.786433169716282077e-01
2.890000000000000208e-03	-5.256524336965460314e-02	-9.859675357216282077e-01
2.899999999999999800e-03	-5.129571211965460592e-02	-9.737605044716282077e-01
2.909999999999999826e-03	-5.193047774465460453e-02	-9.810847232216282077e-01
2.919999999999999853e-03	-5.070977461965460453e-02	-9.688776919716282077e-01
2.929999999999999879e-03	-5.129571211965460592e-02	-9.762019107216282077e-01
2.939999999999999905e-03	-5.007500899465460592e-02	-9.652155825966282077e-01
2.949999999999999931e-03	-5.070977461965460453e-02	-9.725398013466282077e-01
2.959999999999999958e-03	-4.944024336965460731e-02	-9.603327700966282077e-01
2.969999999999999984e-03	-5.007500899465460592e-02	-9.676569888466282077e-01
2.980000000000000010e-03	-4.880547774465460870e-02	-9.566706607216282077e-01
2.990000000000000036e-03	-4.944024336965460731e-02	-9.639948794716282077e-01
3.000000000000000062e-03	-4.821954024465460731e-02	-9.517878482216282077e-01
3.010000000000000089e-03	-4.880547774465460870e-02	-9.591120669716282077e-01
3.020000000000000115e-03	-4.758477461965460870e-02	-9.469050357216282077e-01
3.030000000000000141e-03	-4.821954024465460731e-02	-9.542292544716282077e-01
3.040000000000000167e-03	-4.695000899465461008e-02	-9.432429263466282077e-01
3.050000000000000194e-03	-4.758477461965460870e-02	-9.505671450966282077e-01
3.059999999999999786e-03	-4.631524336965461147e-02	-9.383601138466282077e-01
3.069999999999999812e-03	-4.695000899465461008e-02	-9.456843325966282077e-01
3.079999999999999839e-03	-4.572930586965461008e-02	-9.346980044716282077e-01
3.089999999999999865e-03	-4.636407149465460870e-02	-9.420222232216282077e-01
3.099999999999999891e-03	-4.509454024465461147e-02	-9.298151919716282077e-01
3.109999999999999917e-03	-4.572930586965461008e-02	-9.371394107216282077e-01
3.119999999999999944e-03	-4.445977461965461286e-02	-9.249323794716282077e-01
3.129999999999999970e-03	-4.509454024465461147e-02	-9.322565982216282077e-01
3.139999999999999996e-03	-4.387383711965461147e-02	-9.212702700966282077e-01
3.150000000000000022e-03	-4.445977461965461286e-02	-9.285944888466282077e-01
3.160000000000000048e-03	-4.328789961965461008e-02	-9.163874575966282077e-01
3.170000000000000075e-03	-4.387383711965461147e-02	-9.237116763466282077e-01
3.180000000000000101e-03	-4.265313399465461147e-02	-9.127253482216282077e-01
3.190000000000000127e-03	-4.328789961965461008e-02	-9.200495669716282077e-01
3.200000000000000153e-03	-4.211602461965460731e-02	-9.078425357216282077e-01
3.210000000000000180e-03	-4.270196211965460870e-02	-9.151667544716282077e-01
3.220000000000000206e-03	-4.148125899465460870e-02	-9.041804263466282077e-01
3.229999999999999798e-03	-4.211602461965460731e-02	-9.115046450966282077e-01
3.239999999999999825e-03	-4.089532149465460731e-02	-8.992976138466282077e-01
3.249999999999999851e-03	-4.148125899465460870e-02	-9.066218325966282077e-01
3.259999999999999877e-03	-4.030938399465461286e-02	-8.944148013466282077e-01
3.269999999999999903e-03	-4.089532149465460731e-02	-9.029597232216282077e-01
3.279999999999999930e-03	-3.972344649465461147e-02	-8.907526919716282077e-01
3.289999999999999956e-03	-4.030938399465461286e-02	-8.980769107216282077e-01
3.299999999999999982e-03	-3.913750899465461008e-02	-8.858698794716282077e-01
3.310000000000000008e-03	-3.977227461965460870e-02	-8.931940982216282077e-01
3.320000000000000034e-03	-3.860039961965461286e-02	-8.822077700966282077e-01
3.330000000000000061e-03	-3.913750899465461008e-02	-8.895319888466282077e-01
3.340000000000000087e-03	-3.801446211965461147e-02	-8.773249575966282077e-01
3.350000000000000113e-03	-3.860039961965461286e-02	-8.846491763466282077e-01
3.360000000000000139e-03	-3.742852461965461008e-02	-8.724421450966282077e-01
3.370000000000000166e-03	-3.801446211965461147e-02	-8.809870669716282077e-01
3.380000000000000192e-03	-3.684258711965460870e-02	-8.687800357216282077e-01
3.389999999999999784e-03	-3.742852461965461008e-02	-8.761042544716282077e-01
3.399999999999999811e-03	-3.625664961965460731e-02	-8.638972232216282077e-01
3.409999999999999837e-03	-3.689141524465460592e-02	-8.712214419716282077e-01
3.419999999999999863e-03	-3.571954024465461008e-02	-8.602351138466282077e-01
3.429999999999999889e-03	-3.630547774465461147e-02	-8.675593325966282077e-01
3.439999999999999915e-03	-3.513360274465460870e-02	-8.553523013466282077e-01
3.449999999999999942e-03	-3.571954024465461008e-02	-8.626765200966282077e-01
3.459999999999999968e-03	-3.459649336965461147e-02	-8.516901919716282077e-01
3.469999999999999994e-03	-3.513360274465460870e-02	-8.577937075966282077e-01
3.480000000000000020e-03	-3.401055586965461008e-02	-8.468073794716282077e-01
3.490000000000000047e-03	-3.459649336965461147e-02	-8.541315982216282077e-01
3.500000000000000073e-03	-3.347344649465460592e-02	-8.419245669716282077e-01
3.510000000000000099e-03	-3.405938399465460731e-02	-8.492487857216282077e-01
3.520000000000000125e-03	-3.293633711965460870e-02	-8.382624575966282077e-01
3.530000000000000152e-03	-3.352227461965461008e-02	-8.455866763466282077e-01
3.540000000000000178e-03	-3.239922774465461147e-02	-8.333796450966282077e-01
3.550000000000000204e-03	-3.293633711965460870e-02	-8.407038638466282077e-01
3.559999999999999797e-03	-3.186211836965460731e-02	-8.284968325966282077e-01
3.569999999999999823e-03	-3.239922774465461147e-02	-8.370417544716282077e-01
3.579999999999999849e-03	-3.132500899465461008e-02	-8.248347232216282077e-01
3.589999999999999875e-03	-3.186211836965460731e-02	-8.321589419716282077e-01
3.599999999999999901e-03	-3.078789961965460939e-02	-8.199519107216282077e-01
3.609999999999999928e-03	-3.137383711965460731e-02	-8.284968325966282077e-01
3.619999999999999954e-03	-3.029961836965460939e-02	-8.150690982216282077e-01
3.629999999999999980e-03	-3.083672774465461008e-02	-8.236140200966282077e-01
3.640000000000000006e-03	-2.981133711965460939e-02	-8.114069888466282077e-01
3.650000000000000033e-03	-3.029961836965460939e-02	-8.187312075966282077e-01
3.660000000000000059e-03	-2.932305586965460939e-02	-8.077448794716282077e-01
3.670000000000000085e-03	-2.981133711965460939e-02	-8.150690982216282077e-01
3.680000000000000111e-03	-2.883477461965460939e-02	-8.028620669716282077e-01
3.690000000000000138e-03	-2.937188399465461008e-02	-8.101862857216282077e-01
3.700000000000000164e-03	-2.834649336965460939e-02	-7.979792544716282077e-01
3.710000000000000190e-03	-2.883477461965460939e-02	-8.053034732216282077e-01
3.720000000000000216e-03	-2.785821211965460939e-02	-7.943171450966282077e-01
3.729999999999999809e-03	-2.839532149465461008e-02	-8.016413638466282077e-01
3.739999999999999835e-03	-2.741875899465461008e-02	-7.894343325966282077e-01
3.749999999999999861e-03	-2.790704024465461008e-02	-7.967585513466282077e-01
3.759999999999999887e-03	-2.697930586965460731e-02	-7.857722232216282077e-01
3.769999999999999914e-03	-2.746758711965460731e-02	-7.930964419716282077e-01
3.779999999999999940e-03	-2.653985274465460800e-02	-7.808894107216282077e-01
3.789999999999999966e-03	-2.702813399465460800e-02	-7.882136294716282077e-01
3.799999999999999992e-03	-2.610039961965460870e-02	-7.772273013466282077e-01
3.810000000000000019e-03	-2.653985274465460800e-02	-7.845515200966282077e-01
3.820000000000000045e-03	-2.561211836965460870e-02	-7.723444888466282077e-01
3.830000000000000071e-03	-2.614922774465460939e-02	-7.796687075966282077e-01
3.840000000000000097e-03	-2.517266524465460939e-02	-7.674616763466282077e-01
3.850000000000000124e-03	-2.570977461965461008e-02	-7.747858950966282077e-01
3.860000000000000150e-03	-2.478204024465460731e-02	-7.637995669716282077e-01
3.870000000000000176e-03	-2.527032149465460731e-02	-7.711237857216282077e-01
3.880000000000000202e-03	-2.434258711965460453e-02	-7.589167544716282077e-01
3.889999999999999795e-03	-2.483086836965460453e-02	-7.662409732216282077e-01
3.899999999999999821e-03	-2.390313399465460523e-02	-7.540339419716282077e-01
3.910000000000000281e-03	-2.439141524465460523e-02	-7.625788638466282077e-01
3.919999999999999873e-03	-2.346368086965460592e-02	-7.503718325966282077e-01
3.930000000000000333e-03	-2.395196211965460592e-02	-7.576960513466282077e-01
3.939999999999999926e-03	-2.307305586965460731e-02	-7.454890200966282077e-01
3.950000000000000386e-03	-2.356133711965460731e-02	-7.528132388466282077e-01
3.959999999999999978e-03	-2.263360274465460453e-02	-7.418269107216282077e-01
3.969999999999999571e-03	-2.312188399465460453e-02	-7.491511294716282077e-01
3.980000000000000031e-03	-2.224297774465460592e-02	-7.369440982216282077e-01
3.989999999999999623e-03	-2.268243086965460523e-02	-7.442683169716282077e-01
4.000000000000000083e-03	-2.180352461965460661e-02	-7.332819888466282077e-01
4.009999999999999676e-03	-2.229180586965460661e-02	-7.406062075966282077e-01
4.020000000000000136e-03	-2.141289961965460453e-02	-7.283991763466282077e-01
4.029999999999999728e-03	-2.190118086965460453e-02	-7.357233950966282077e-01
4.040000000000000188e-03	-2.102227461965460592e-02	-7.235163638466282077e-01
4.049999999999999781e-03	-2.146172774465460523e-02	-7.320612857216282077e-01
4.060000000000000241e-03	-2.063164961965460731e-02	-7.198542544716282077e-01
4.069999999999999833e-03	-2.107110274465460661e-02	-7.271784732216282077e-01
4.080000000000000293e-03	-2.024102461965460523e-02	-7.149714419716282077e-01
4.089999999999999886e-03	-2.068047774465460453e-02	-7.222956607216282077e-01
4.100000000000000346e-03	-1.985039961965460661e-02	-7.113093325966282077e-01
4.109999999999999938e-03	-2.033868086965460661e-02	-7.186335513466282077e-01
4.120000000000000398e-03	-1.950860274465460523e-02	-7.064265200966282077e-01
4.129999999999999991e-03	-1.994805586965460453e-02	-7.137507388466282077e-01
4.139999999999999583e-03	-1.911797774465460661e-02	-7.027644107216282077e-01
4.150000000000000043e-03	-1.955743086965460592e-02	-7.100886294716282077e-01
4.159999999999999636e-03	-1.877618086965460523e-02	-6.978815982216282077e-01
4.170000000000000095e-03	-1.921563399465460453e-02	-7.052058169716282077e-01
4.179999999999999688e-03	-1.843438399465460384e-02	-6.929987857216282077e-01
4.190000000000000148e-03	-1.887383711965460661e-02	-7.003230044716282077e-01
4.199999999999999740e-03	-1.809258711965460592e-02	-6.893366763466282077e-01
4.210000000000000200e-03	-1.853204024465460523e-02	-6.966608950966282077e-01
4.219999999999999793e-03	-1.779961836965460523e-02	-6.844538638466282077e-01
4.230000000000000253e-03	-1.819024336965460384e-02	-6.917780825966282077e-01
4.239999999999999845e-03	-1.745782149465460384e-02	-6.807917544716282077e-01
4.250000000000000305e-03	-1.784844649465460592e-02	-6.881159732216282077e-01
4.259999999999999898e-03	-1.711602461965460592e-02	-6.759089419716282077e-01
4.270000000000000358e-03	-1.755547774465460523e-02	-6.832331607216282077e-01
4.279999999999999950e-03	-1.682305586965460523e-02	-6.722468325966282077e-01
4.290000000000000410e-03	-1.726250899465460453e-02	-6.795710513466282077e-01
4.300000000000000003e-03	-1.648125899465460384e-02	-6.673640200966282077e-01
4.309999999999999595e-03	-1.692071211965460661e-02	-6.746882388466282077e-01
4.320000000000000055e-03	-1.618829024465460661e-02	-6.624812075966282077e-01
4.329999999999999648e-03	-1.657891524465460523e-02	-6.710261294716282077e-01
4.340000000000000108e-03	-1.584649336965460523e-02	-6.588190982216282077e-01
4.349999999999999700e-03	-1.628594649465460453e-02	-6.661433169716282077e-01
4.360000000000000160e-03	-1.555352461965460453e-02	-6.539362857216282077e-01
4.369999999999999753e-03	-1.594414961965460661e-02	-6.624812075966282077e-01
4.380000000000000213e-03	-1.521172774465460488e-02	-6.502741763466282077e-01
4.389999999999999805e-03	-1.565118086965460592e-02	-6.575983950966282077e-01
4.400000000000000265e-03	-1.491875899465460592e-02	-6.453913638466282077e-01
4.409999999999999858e-03	-1.530938399465460453e-02	-6.527155825966282077e-01
4.420000000000000318e-03	-1.457696211965460453e-02	-6.417292544716282077e-01
4.429999999999999910e-03	-1.501641524465460557e-02	-6.490534732216282077e-01
4.440000000000000370e-03	-1.423516524465460488e-02	-6.368464419716282077e-01
4.449999999999999963e-03	-1.467461836965460592e-02	-6.441706607216282077e-01
4.460000000000000422e-03	-1.389336836965460523e-02	-6.319636294716282077e-01
4.470000000000000015e-03	-1.433282149465460453e-02	-6.405085513466282077e-01
4.479999999999999608e-03	-1.360039961965460453e-02	-6.283015200966282077e-01
4.490000000000000067e-03	-1.403985274465460557e-02	-6.356257388466282077e-01
4.499999999999999660e-03	-1.325860274465460488e-02	-6.234187075966282077e-01
4.510000000000000120e-03	-1.369805586965460592e-02	-6.307429263466282077e-01
4.519999999999999712e-03	-1.291680586965460523e-02	-6.197565982216282077e-01
4.530000000000000172e-03	-1.335625899465460453e-02	-6.270808169716282077e-01
4.539999999999999765e-03	-1.257500899465460557e-02	-6.148737857216282077e-01
4.550000000000000225e-03	-1.301446211965460488e-02	-6.221980044716282077e-01
4.559999999999999817e-03	-1.223321211965460592e-02	-6.112116763466282077e-01
4.570000000000000277e-03	-1.267266524465460523e-02	-6.185358950966282077e-01
4.579999999999999870e-03	-1.194024336965460523e-02	-6.063288638466282077e-01
4.590000000000000330e-03	-1.237969649465460453e-02	-6.136530825966282077e-01
4.599999999999999922e-03	-1.159844649465460557e-02	-6.026667544716282077e-01
4.610000000000000382e-03	-1.203789961965460488e-02	-6.099909732216282077e-01
4.619999999999999975e-03	-1.125664961965460592e-02	-5.977839419716282077e-01
4.629999999999999567e-03	-1.169610274465460523e-02	-6.051081607216282077e-01
4.640000000000000027e-03	-1.096368086965460523e-02	-5.941218325966282077e-01
4.649999999999999620e-03	-1.140313399465460453e-02	-6.014460513466282077e-01
4.660000000000000080e-03	-1.062188399465460557e-02	-5.892390200966282077e-01
4.669999999999999672e-03	-1.106133711965460488e-02	-5.965632388466282077e-01
4.680000000000000132e-03	-1.032891524465460488e-02	-5.843562075966282077e-01
4.689999999999999725e-03	-1.076836836965460592e-02	-5.929011294716282077e-01
4.700000000000000185e-03	-9.987118369654605227e-03	-5.806940982216282077e-01
4.709999999999999777e-03	-1.042657149465460453e-02	-5.880183169716282077e-01
4.720000000000000237e-03	-9.694149619654604533e-03	-5.758112857216282077e-01
4.729999999999999830e-03	-1.013360274465460557e-02	-5.831355044716282077e-01
4.740000000000000289e-03	-9.401180869654605574e-03	-5.721491763466282077e-01
4.749999999999999882e-03	-9.791805869654605921e-03	-5.782526919716282077e-01
4.760000000000000342e-03	-9.108212119654604880e-03	-5.672663638466282077e-01
4.769999999999999934e-03	-9.498837119654605227e-03	-5.745905825966282077e-01
4.780000000000000394e-03	-8.766415244654605227e-03	-5.636042544716282077e-01
4.789999999999999987e-03	-9.205868369654604533e-03	-5.709284732216282077e-01
4.799999999999999580e-03	-8.473446494654604533e-03	-5.587214419716282077e-01
4.810000000000000039e-03	-8.912899619654605574e-03	-5.660456607216282077e-01
4.819999999999999632e-03	-8.180477744654605574e-03	-5.550593325966282077e-01
4.830000000000000092e-03	-8.619930869654604880e-03	-5.623835513466282077e-01
4.839999999999999684e-03	-7.887508994654604880e-03	-5.501765200966282077e-01
4.850000000000000144e-03	-8.278133994654605227e-03	-5.575007388466282077e-01
4.859999999999999737e-03	-7.545712119654605227e-03	-5.465144107216282077e-01
4.870000000000000197e-03	-7.985165244654604533e-03	-5.538386294716282077e-01
4.879999999999999789e-03	-7.252743369654604533e-03	-5.416315982216282077e-01
4.890000000000000249e-03	-7.692196494654604706e-03	-5.489558169716282077e-01
4.899999999999999842e-03	-6.959774619654604706e-03	-5.379694888466282077e-01
4.910000000000000302e-03	-7.399227744654604880e-03	-5.452937075966282077e-01
4.919999999999999894e-03	-6.666805869654604880e-03	-5.330866763466282077e-01
4.930000000000000354e-03	-7.106258994654605053e-03	-5.404108950966282077e-01
4.939999999999999947e-03	-6.422665244654604880e-03	-5.282038638466282077e-01
4.950000000000000407e-03	-6.813290244654605227e-03	-5.355280825966282077e-01
4.959999999999999999e-03	-6.129696494654605921e-03	-5.245417544716282077e-01
4.969999999999999592e-03	-6.520321494654604533e-03	-5.318659732216282077e-01
4.980000000000000052e-03	-5.885555869654605921e-03	-5.196589419716282077e-01
4.989999999999999644e-03	-6.276180869654604533e-03	-5.282038638466282077e-01
5.000000000000000104e-03	-5.641415244654605921e-03	-5.159968325966282077e-01
5.009999999999999697e-03	-6.032040244654605400e-03	-5.233210513466282077e-01
5.020000000000000157e-03	-5.397274619654605921e-03	-5.111140200966282077e-01
5.029999999999999749e-03	-5.787899619654605400e-03	-5.184382388466282077e-01
5.040000000000000209e-03	-5.153133994654605921e-03	-5.074519107216282077e-01
5.049999999999999802e-03	-5.543758994654605400e-03	-5.147761294716282077e-01
5.060000000000000261e-03	-4.957821494654605747e-03	-5.025690982216282077e-01
5.069999999999999854e-03	-5.348446494654605227e-03	-5.098933169716282077e-01
5.080000000000000314e-03	-4.762508994654605574e-03	-4.989069888466282632e-01
5.089999999999999906e-03	-5.153133994654605921e-03	-5.062312075966282077e-01
5.100000000000000366e-03	-4.567196494654605400e-03	-4.940241763466282632e-01
5.109999999999999959e-03	-4.908993369654605921e-03	-5.013483950966282077e-01
5.120000000000000419e-03	-4.371883994654605227e-03	-4.903620669716282632e-01
5.130000000000000011e-03	-4.713680869654605747e-03	-4.976862857216282632e-01
5.139999999999999604e-03	-4.176571494654605053e-03	-4.854792544716282632e-01
5.150000000000000064e-03	-4.567196494654605400e-03	-4.928034732216282632e-01
5.159999999999999656e-03	-4.030087119654605574e-03	-4.818171450966282632e-01
5.170000000000000116e-03	-4.371883994654605227e-03	-4.891413638466282632e-01
5.179999999999999709e-03	-3.834774619654605400e-03	-4.769343325966282632e-01
5.190000000000000169e-03	-4.225399619654605747e-03	-4.842585513466282632e-01
5.199999999999999761e-03	-3.688290244654605487e-03	-4.732722232216282632e-01
5.210000000000000221e-03	-4.030087119654605574e-03	-4.805964419716282632e-01
5.219999999999999814e-03	-3.541805869654605574e-03	-4.683894107216282632e-01
5.230000000000000274e-03	-3.883602744654605227e-03	-4.757136294716282632e-01
5.239999999999999866e-03	-3.346493369654605400e-03	-4.647273013466282632e-01
5.250000000000000326e-03	-3.737118369654605313e-03	-4.720515200966282632e-01
5.259999999999999919e-03	-3.200008994654605487e-03	-4.598444888466282632e-01
5.270000000000000379e-03	-3.541805869654605574e-03	-4.671687075966282632e-01
5.279999999999999971e-03	-3.053524619654605574e-03	-4.561823794716282632e-01
5.290000000000000431e-03	-3.395321494654605227e-03	-4.635065982216282632e-01
5.300000000000000024e-03	-2.907040244654605227e-03	-4.512995669716282632e-01
5.309999999999999616e-03	-3.248837119654605313e-03	-4.586237857216282632e-01
5.320000000000000076e-03	-2.760555869654605313e-03	-4.464167544716282632e-01
5.329999999999999669e-03	-3.102352744654605400e-03	-4.549616763466282632e-01
5.340000000000000129e-03	-2.614071494654605400e-03	-4.427546450966282632e-01
5.349999999999999721e-03	-2.955868369654605487e-03	-4.500788638466282632e-01
5.360000000000000181e-03	-2.467587119654605487e-03	-4.390925357216282632e-01
5.369999999999999774e-03	-2.809383994654605574e-03	-4.451960513466282632e-01
5.380000000000000233e-03	-2.321102744654605140e-03	-4.342097232216282632e-01
5.389999999999999826e-03	-2.662899619654605227e-03	-4.415339419716282632e-01
5.400000000000000286e-03	-2.174618369654605227e-03	-4.305476138466282632e-01
5.409999999999999878e-03	-2.516415244654605313e-03	-4.366511294716282632e-01
5.420000000000000338e-03	-2.028133994654605313e-03	-4.256648013466282632e-01
5.429999999999999931e-03	-2.369930869654605400e-03	-4.329890200966282632e-01
5.440000000000000391e-03	-1.881649619654605400e-03	-4.220026919716282632e-01
5.449999999999999983e-03	-2.272274619654605313e-03	-4.293269107216282632e-01
5.459999999999999576e-03	-1.783993369654605313e-03	-4.171198794716282632e-01
5.470000000000000036e-03	-2.125790244654605400e-03	-4.244440982216282632e-01
5.479999999999999628e-03	-1.637508994654605400e-03	-4.134577700966282632e-01
5.490000000000000088e-03	-1.979305869654605487e-03	-4.207819888466282632e-01
5.499999999999999681e-03	-1.539852744654605313e-03	-4.085749575966282632e-01
5.510000000000000141e-03	-1.881649619654605400e-03	-4.158991763466282632e-01
5.519999999999999733e-03	-1.393368369654605400e-03	-4.049128482216282632e-01
5.530000000000000193e-03	-1.735165244654605270e-03	-4.122370669716282632e-01
5.539999999999999786e-03	-1.246883994654605270e-03	-4.000300357216282632e-01
5.550000000000000246e-03	-1.637508994654605400e-03	-4.073542544716282632e-01
5.559999999999999838e-03	-1.149227744654605183e-03	-3.963679263466282632e-01
5.570000000000000298e-03	-1.491024619654605270e-03	-4.036921450966282632e-01
5.579999999999999891e-03	-1.051571494654605313e-03	-3.927058169716282632e-01
5.590000000000000351e-03	-1.393368369654605400e-03	-3.988093325966282632e-01
5.599999999999999943e-03	-9.539152446546052266e-04	-3.878230044716282632e-01
5.610000000000000403e-03	-1.295712119654605313e-03	-3.951472232216282632e-01
5.619999999999999996e-03	-8.074308696546053134e-04	-3.829401919716282632e-01
5.629999999999999588e-03	-1.149227744654605183e-03	-3.902644107216282632e-01
5.640000000000000048e-03	-7.097746196546052266e-04	-3.792780825966282632e-01
5.649999999999999641e-03	-1.051571494654605313e-03	-3.866023013466282632e-01
5.660000000000000100e-03	-6.121183696546052483e-04	-3.743952700966282632e-01
5.669999999999999693e-03	-9.539152446546052266e-04	-3.817194888466282632e-01
5.680000000000000153e-03	-4.656339946546052266e-04	-3.707331607216282632e-01
5.689999999999999745e-03	-8.562589946546052483e-04	-3.780573794716282632e-01
5.700000000000000205e-03	-3.679777446546052483e-04	-3.658503482216282632e-01
5.709999999999999798e-03	-7.097746196546052266e-04	-3.743952700966282632e-01
5.720000000000000258e-03	-2.703214946546052158e-04	-3.621882388466282632e-01
5.729999999999999850e-03	-6.121183696546052483e-04	-3.695124575966282632e-01
5.740000000000000310e-03	-1.238371196546052212e-04	-3.585261294716282632e-01
5.749999999999999903e-03	-4.656339946546052266e-04	-3.658503482216282632e-01
5.760000000000000363e-03	-2.618086965460522935e-05	-3.536433169716282632e-01
5.769999999999999955e-03	-3.679777446546052483e-04	-3.609675357216282632e-01
5.780000000000000415e-03	1.203035053453947788e-04	-3.499812075966282632e-01
5.790000000000000008e-03	-2.214933696546052266e-04	-3.573054263466282632e-01
5.799999999999999600e-03	2.667878803453947734e-04	-3.450983950966282632e-01
5.810000000000000060e-03	-7.500899465460523206e-05	-3.524226138466282632e-01
5.819999999999999653e-03	3.644441303453948059e-04	-3.402155825966282632e-01
5.830000000000000113e-03	2.264725534539477336e-05	-3.487605044716282632e-01
5.839999999999999705e-03	5.109285053453947734e-04	-3.365534732216282632e-01
5.850000000000000165e-03	1.691316303453947950e-04	-3.438776919716282632e-01
5.859999999999999758e-03	6.085847553453948601e-04	-3.316706607216282632e-01
5.870000000000000218e-03	2.667878803453947734e-04	-3.402155825966282632e-01
5.879999999999999810e-03	7.550691303453947734e-04	-3.280085513466282632e-01
5.890000000000000270e-03	4.132722553453947950e-04	-3.353327700966282632e-01
5.899999999999999863e-03	8.527253803453948601e-04	-3.231257388466282632e-01
5.910000000000000323e-03	5.109285053453947734e-04	-3.304499575966282632e-01
5.919999999999999915e-03	9.503816303453948384e-04	-3.194636294716282632e-01
5.930000000000000375e-03	6.085847553453948601e-04	-3.267878482216282632e-01
5.939999999999999968e-03	9.992097553453947734e-04	-3.145808169716282632e-01
5.950000000000000427e-03	7.062410053453948384e-04	-3.231257388466282632e-01
5.960000000000000020e-03	1.096866005345394860e-03	-3.109187075966283187e-01
5.969999999999999613e-03	8.038972553453948167e-04	-3.182429263466282632e-01
5.980000000000000072e-03	1.194522255345394947e-03	-3.072565982216283187e-01
5.989999999999999665e-03	9.015535053453947950e-04	-3.133601138466282632e-01
6.000000000000000125e-03	1.243350380345394773e-03	-3.023737857216283187e-01
6.009999999999999717e-03	9.503816303453948384e-04	-3.096980044716283187e-01
6.020000000000000177e-03	1.341006630345394860e-03	-2.974909732216283187e-01
6.029999999999999770e-03	9.992097553453947734e-04	-3.060358950966283187e-01
6.040000000000000230e-03	1.389834755345394903e-03	-2.938288638466283187e-01
6.049999999999999822e-03	1.096866005345394860e-03	-3.011530825966283187e-01
6.060000000000000282e-03	1.487491005345394773e-03	-2.901667544716283187e-01
6.069999999999999875e-03	1.145694130345394903e-03	-2.974909732216283187e-01
6.080000000000000335e-03	1.536319130345394817e-03	-2.852839419716283187e-01
6.089999999999999927e-03	1.243350380345394773e-03	-2.926081607216283187e-01
6.100000000000000387e-03	1.633975380345394903e-03	-2.816218325966283187e-01
6.109999999999999980e-03	1.292178505345394817e-03	-2.877253482216283187e-01
6.119999999999999572e-03	1.731631630345394773e-03	-2.767390200966283187e-01
6.130000000000000032e-03	1.389834755345394903e-03	-2.840632388466283187e-01
6.139999999999999625e-03	1.780459755345394817e-03	-2.730769107216283187e-01
6.150000000000000085e-03	1.438662880345394947e-03	-2.791804263466283187e-01
6.159999999999999677e-03	1.878116005345394903e-03	-2.681940982216283187e-01
6.170000000000000137e-03	1.536319130345394817e-03	-2.755183169716283187e-01
6.179999999999999730e-03	1.926944130345394947e-03	-2.645319888466283187e-01
6.190000000000000190e-03	1.585147255345394860e-03	-2.718562075966283187e-01
6.199999999999999782e-03	1.975772255345394773e-03	-2.596491763466283187e-01
6.210000000000000242e-03	1.682803505345394947e-03	-2.669733950966283187e-01
6.219999999999999835e-03	2.073428505345394860e-03	-2.559870669716283187e-01
6.230000000000000294e-03	1.731631630345394773e-03	-2.633112857216283187e-01
6.239999999999999887e-03	2.122256630345394687e-03	-2.511042544716283187e-01
6.250000000000000347e-03	1.780459755345394817e-03	-2.584284732216283187e-01
6.259999999999999939e-03	2.219912880345394773e-03	-2.474421450966282909e-01
6.270000000000000399e-03	1.878116005345394903e-03	-2.547663638466283187e-01
6.279999999999999992e-03	2.268741005345395034e-03	-2.425593325966282909e-01
6.289999999999999584e-03	1.926944130345394947e-03	-2.511042544716283187e-01
6.300000000000000044e-03	2.366397255345395120e-03	-2.388972232216282909e-01
6.309999999999999637e-03	2.024600380345395034e-03	-2.462214419716282909e-01
6.320000000000000097e-03	2.415225380345394947e-03	-2.352351138466282909e-01
6.329999999999999689e-03	2.073428505345394860e-03	-2.425593325966282909e-01
6.340000000000000149e-03	2.464053505345394773e-03	-2.303523013466282909e-01
6.349999999999999742e-03	2.122256630345394687e-03	-2.376765200966282909e-01
6.360000000000000202e-03	2.512881630345395034e-03	-2.266901919716282909e-01
6.369999999999999794e-03	2.219912880345394773e-03	-2.340144107216282909e-01
6.380000000000000254e-03	2.610537880345395120e-03	-2.218073794716282909e-01
6.389999999999999847e-03	2.268741005345395034e-03	-2.291315982216282909e-01
6.400000000000000307e-03	2.659366005345394947e-03	-2.181452700966282909e-01
6.409999999999999899e-03	2.366397255345395120e-03	-2.254694888466282909e-01
6.420000000000000359e-03	2.757022255345395034e-03	-2.132624575966282909e-01
6.429999999999999952e-03	2.415225380345394947e-03	-2.205866763466282909e-01
6.440000000000000412e-03	2.805850380345394860e-03	-2.096003482216282909e-01
6.450000000000000004e-03	2.464053505345394773e-03	-2.169245669716282909e-01
6.459999999999999597e-03	2.854678505345395120e-03	-2.047175357216282909e-01
6.470000000000000057e-03	2.512881630345395034e-03	-2.120417544716282909e-01
6.479999999999999649e-03	2.903506630345394947e-03	-2.010554263466282909e-01
6.490000000000000109e-03	2.561709755345394860e-03	-2.083796450966282909e-01
6.499999999999999702e-03	2.952334755345394773e-03	-1.973933169716282909e-01
6.510000000000000162e-03	2.610537880345395120e-03	-2.047175357216282909e-01
6.519999999999999754e-03	3.049991005345394860e-03	-1.925105044716282909e-01
6.530000000000000214e-03	2.659366005345394947e-03	-1.998347232216282909e-01
6.539999999999999807e-03	3.098819130345395120e-03	-1.888483950966282909e-01
6.550000000000000266e-03	2.708194130345394773e-03	-1.961726138466282909e-01
6.559999999999999859e-03	3.147647255345394947e-03	-1.839655825966282909e-01
6.570000000000000319e-03	2.757022255345395034e-03	-1.912898013466282909e-01
6.579999999999999911e-03	3.147647255345394947e-03	-1.803034732216282909e-01
6.590000000000000371e-03	2.805850380345394860e-03	-1.876276919716282909e-01
6.599999999999999964e-03	3.196475380345394773e-03	-1.754206607216282909e-01
6.610000000000000424e-03	2.854678505345395120e-03	-1.827448794716282909e-01
6.620000000000000016e-03	3.196475380345394773e-03	-1.717585513466282909e-01
6.629999999999999609e-03	2.854678505345395120e-03	-1.790827700966282909e-01
6.640000000000000069e-03	3.245303505345395034e-03	-1.680964419716282909e-01
6.649999999999999661e-03	2.903506630345394947e-03	-1.754206607216282909e-01
6.660000000000000121e-03	3.245303505345395034e-03	-1.632136294716282909e-01
6.669999999999999714e-03	2.903506630345394947e-03	-1.705378482216282909e-01
6.680000000000000174e-03	3.245303505345395034e-03	-1.595515200966282909e-01
6.689999999999999766e-03	2.952334755345394773e-03	-1.668757388466282909e-01
6.700000000000000226e-03	3.294131630345394860e-03	-1.546687075966282909e-01
6.709999999999999819e-03	2.952334755345394773e-03	-1.619929263466282909e-01
6.720000000000000279e-03	3.294131630345394860e-03	-1.510065982216282909e-01
6.729999999999999871e-03	2.952334755345394773e-03	-1.583308169716282909e-01
6.740000000000000331e-03	3.294131630345394860e-03	-1.461237857216282909e-01
6.749999999999999924e-03	2.952334755345394773e-03	-1.534480044716282909e-01
6.760000000000000384e-03	3.294131630345394860e-03	-1.424616763466282909e-01
6.769999999999999976e-03	2.952334755345394773e-03	-1.497858950966282909e-01
6.779999999999999569e-03	3.294131630345394860e-03	-1.387995669716282909e-01
6.790000000000000029e-03	2.952334755345394773e-03	-1.449030825966282909e-01
6.799999999999999621e-03	3.294131630345394860e-03	-1.339167544716282909e-01
6.810000000000000081e-03	2.952334755345394773e-03	-1.412409732216282909e-01
6.819999999999999674e-03	3.294131630345394860e-03	-1.302546450966282909e-01
6.830000000000000134e-03	2.952334755345394773e-03	-1.375788638466282909e-01
6.839999999999999726e-03	3.245303505345395034e-03	-1.253718325966282909e-01
6.850000000000000186e-03	2.952334755345394773e-03	-1.326960513466282909e-01
6.859999999999999779e-03	3.245303505345395034e-03	-1.217097232216282909e-01
6.870000000000000238e-03	2.903506630345394947e-03	-1.290339419716282909e-01
6.879999999999999831e-03	3.245303505345395034e-03	-1.168269107216282909e-01
6.890000000000000291e-03	2.903506630345394947e-03	-1.241511294716282909e-01
6.899999999999999883e-03	3.196475380345394773e-03	-1.131648013466282909e-01
6.910000000000000343e-03	2.903506630345394947e-03	-1.204890200966282909e-01
6.919999999999999936e-03	3.196475380345394773e-03	-1.095026919716282909e-01
6.930000000000000396e-03	2.854678505345395120e-03	-1.168269107216282909e-01
6.939999999999999988e-03	3.196475380345394773e-03	-1.046198794716282909e-01
6.949999999999999581e-03	2.854678505345395120e-03	-1.119440982216282909e-01
6.960000000000000041e-03	3.147647255345394947e-03	-1.009577700966282909e-01
6.969999999999999633e-03	2.854678505345395120e-03	-1.082819888466282909e-01
6.980000000000000093e-03	3.147647255345394947e-03	-9.607495759662829093e-02
6.989999999999999686e-03	2.805850380345394860e-03	-1.033991763466282909e-01
7.000000000000000146e-03	3.147647255345394947e-03	-9.241284822162829093e-02
7.009999999999999738e-03	2.805850380345394860e-03	-9.973706697162829093e-02
7.020000000000000198e-03	3.147647255345394947e-03	-8.875073884662829093e-02
7.029999999999999791e-03	2.854678505345395120e-03	-9.485425447162829093e-02
7.040000000000000251e-03	3.147647255345394947e-03	-8.386792634662829093e-02
7.049999999999999843e-03	2.854678505345395120e-03	-9.119214509662829093e-02
7.060000000000000303e-03	3.196475380345394773e-03	-8.020581697162829093e-02
7.069999999999999896e-03	2.854678505345395120e-03	-8.753003572162829093e-02
7.080000000000000356e-03	3.196475380345394773e-03	-7.532300447162829093e-02
7.089999999999999948e-03	2.854678505345395120e-03	-8.264722322162829093e-02
7.100000000000000408e-03	3.196475380345394773e-03	-7.166089509662829093e-02
7.110000000000000001e-03	2.903506630345394947e-03	-7.898511384662829093e-02
7.119999999999999593e-03	3.245303505345395034e-03	-6.677808259662829093e-02
7.130000000000000053e-03	2.903506630345394947e-03	-7.410230134662829093e-02
7.139999999999999646e-03	3.294131630345394860e-03	-6.311597322162829093e-02
7.150000000000000105e-03	2.952334755345394773e-03	-7.044019197162829093e-02
7.159999999999999698e-03	3.294131630345394860e-03	-5.945386384662829787e-02
7.170000000000000158e-03	2.952334755345394773e-03	-6.677808259662829093e-02
7.179999999999999750e-03	3.294131630345394860e-03	-5.457105134662829787e-02
7.190000000000000210e-03	3.001162880345395034e-03	-6.189527009662829787e-02
7.199999999999999803e-03	3.342959755345395120e-03	-5.090894197162829787e-02
7.210000000000000263e-03	3.001162880345395034e-03	-5.823316072162829787e-02
7.219999999999999855e-03	3.342959755345395120e-03	-4.602612947162829787e-02
7.230000000000000315e-03	3.001162880345395034e-03	-5.335034822162829787e-02
7.239999999999999908e-03	3.391787880345394947e-03	-4.236402009662829787e-02
7.250000000000000368e-03	3.049991005345394860e-03	-4.968823884662829787e-02
7.259999999999999960e-03	3.391787880345394947e-03	-3.870191072162829787e-02
7.270000000000000420e-03	3.049991005345394860e-03	-4.480542634662829787e-02
7.280000000000000013e-03	3.440616005345394773e-03	-3.381909822162829787e-02
7.289999999999999605e-03	3.098819130345395120e-03	-4.114331697162829787e-02
7.300000000000000065e-03	3.440616005345394773e-03	-3.015698884662829787e-02
7.309999999999999658e-03	3.147647255345394947e-03	-3.748120759662829787e-02
7.320000000000000118e-03	3.489444130345395034e-03	-2.527417634662829787e-02
7.329999999999999710e-03	3.147647255345394947e-03	-3.259839509662829787e-02
7.340000000000000170e-03	3.489444130345395034e-03	-2.161206697162829787e-02
7.349999999999999763e-03	3.147647255345394947e-03	-2.893628572162829787e-02
7.360000000000000223e-03	3.538272255345394860e-03	-1.672925447162829787e-02
7.369999999999999815e-03	3.196475380345394773e-03	-2.405347322162829787e-02
7.380000000000000275e-03	3.538272255345394860e-03	-1.306714509662829787e-02
7.389999999999999868e-03	3.196475380345394773e-03	-2.039136384662829787e-02
7.400000000000000328e-03	3.538272255345394860e-03	-9.405035721628297873e-03
7.409999999999999920e-03	3.245303505345395034e-03	-1.672925447162829787e-02
7.420000000000000380e-03	3.587100380345395120e-03	-4.522223221628297873e-03
7.429999999999999973e-03	3.245303505345395034e-03	-1.184644197162829787e-02
7.440000000000000432e-03	3.587100380345395120e-03	-8.601138466282978734e-04
7.450000000000000025e-03	3.294131630345394860e-03	-8.184332596628297873e-03
7.459999999999999618e-03	3.635928505345394947e-03	2.801995528371702127e-03
7.470000000000000077e-03	3.294131630345394860e-03	-4.522223221628297873e-03
7.479999999999999670e-03	3.684756630345394773e-03	7.684808028371702127e-03
7.490000000000000130e-03	3.342959755345395120e-03	3.605892783717021266e-04
7.499999999999999722e-03	3.684756630345394773e-03	1.134691740337170213e-02
7.510000000000000182e-03	3.342959755345395120e-03	4.022698653371702127e-03
7.519999999999999775e-03	3.684756630345394773e-03	1.500902677837170213e-02
7.530000000000000235e-03	3.391787880345394947e-03	8.905511153371702127e-03
7.539999999999999827e-03	3.733584755345395034e-03	1.989183927837170213e-02
7.550000000000000287e-03	3.440616005345394773e-03	1.256762052837170213e-02
7.559999999999999880e-03	3.782412880345394860e-03	2.355394865337170213e-02
7.570000000000000340e-03	3.440616005345394773e-03	1.745043302837170213e-02
7.579999999999999932e-03	3.782412880345394860e-03	2.843676115337170213e-02
7.590000000000000392e-03	3.489444130345395034e-03	2.111254240337170213e-02
7.599999999999999985e-03	3.831241005345395120e-03	3.209887052837170213e-02
7.609999999999999577e-03	3.538272255345394860e-03	2.477465177837170213e-02
7.620000000000000037e-03	3.880069130345394947e-03	3.576097990337170213e-02
7.629999999999999630e-03	3.538272255345394860e-03	2.965746427837170213e-02
7.640000000000000090e-03	3.880069130345394947e-03	4.064379240337170213e-02
7.649999999999999682e-03	3.587100380345395120e-03	3.331957365337170213e-02
7.660000000000000142e-03	3.928897255345394773e-03	4.430590177837170213e-02
7.669999999999999735e-03	3.587100380345395120e-03	3.698168302837170213e-02
7.680000000000000195e-03	3.928897255345394773e-03	4.918871427837170213e-02
7.689999999999999787e-03	3.635928505345394947e-03	4.186449552837170213e-02
7.700000000000000247e-03	3.977725380345394600e-03	5.285082365337170213e-02
7.709999999999999840e-03	3.684756630345394773e-03	4.552660490337170213e-02
7.720000000000000299e-03	4.026553505345395294e-03	5.651293302837170213e-02
7.729999999999999892e-03	3.684756630345394773e-03	5.040941740337170213e-02
7.740000000000000352e-03	4.026553505345395294e-03	6.139574552837170213e-02
7.749999999999999944e-03	3.733584755345395034e-03	5.407152677837170213e-02
7.760000000000000404e-03	4.075381630345395120e-03	6.505785490337170907e-02
7.769999999999999997e-03	3.733584755345395034e-03	5.773363615337170213e-02
7.779999999999999589e-03	4.124209755345394947e-03	6.871996427837170907e-02
7.790000000000000049e-03	3.782412880345394860e-03	6.261644865337170907e-02
7.799999999999999642e-03	4.173037880345394773e-03	7.238207365337170907e-02
7.810000000000000102e-03	3.831241005345395120e-03	6.627855802837170907e-02
7.820000000000000562e-03	4.221866005345394600e-03	7.726488615337170907e-02
7.830000000000000154e-03	3.880069130345394947e-03	6.994066740337170907e-02
7.839999999999999747e-03	4.221866005345394600e-03	8.092699552837170907e-02
7.849999999999999339e-03	3.928897255345394773e-03	7.482347990337170907e-02
7.860000000000000667e-03	4.319522255345395120e-03	8.580980802837170907e-02
7.870000000000000259e-03	3.977725380345394600e-03	7.848558927837170907e-02
7.879999999999999852e-03	4.368350380345394947e-03	8.947191740337170907e-02
7.889999999999999444e-03	4.026553505345395294e-03	8.214769865337170907e-02
7.900000000000000772e-03	4.417178505345394773e-03	9.313402677837170907e-02
7.910000000000000364e-03	4.075381630345395120e-03	8.580980802837170907e-02
7.919999999999999957e-03	4.466006630345394600e-03	9.801683927837170907e-02
7.929999999999999549e-03	4.124209755345394947e-03	9.069262052837170907e-02
7.939999999999999142e-03	4.514834755345395294e-03	1.016789486533717091e-01
7.950000000000000469e-03	4.173037880345394773e-03	9.435472990337170907e-02
7.960000000000000062e-03	4.514834755345395294e-03	1.065617611533717091e-01
7.969999999999999654e-03	4.221866005345394600e-03	9.923754240337170907e-02
7.979999999999999247e-03	4.563662880345395120e-03	1.102238705283717091e-01
7.990000000000000574e-03	4.270694130345395294e-03	1.028996517783717091e-01
8.000000000000000167e-03	4.612491005345394947e-03	1.138859799033717091e-01
8.009999999999999759e-03	4.270694130345395294e-03	1.065617611533717091e-01
8.019999999999999352e-03	4.661319130345394773e-03	1.175480892783717091e-01
8.030000000000000679e-03	4.319522255345395120e-03	1.102238705283717091e-01
8.040000000000000271e-03	4.661319130345394773e-03	1.212101986533717091e-01
8.049999999999999864e-03	4.368350380345394947e-03	1.151066830283717091e-01
8.059999999999999457e-03	4.661319130345394773e-03	1.260930111533717091e-01
8.070000000000000784e-03	4.368350380345394947e-03	1.187687924033717091e-01
8.080000000000000376e-03	4.661319130345394773e-03	1.309758236533717091e-01
8.089999999999999969e-03	4.368350380345394947e-03	1.224309017783717091e-01
8.099999999999999561e-03	4.710147255345395467e-03	1.346379330283717091e-01
8.109999999999999154e-03	4.368350380345394947e-03	1.273137142783717091e-01
8.120000000000000481e-03	4.661319130345394773e-03	1.383000424033717091e-01
8.130000000000000074e-03	4.368350380345394947e-03	1.309758236533717091e-01
8.139999999999999666e-03	4.710147255345395467e-03	1.419621517783717091e-01
8.149999999999999259e-03	4.368350380345394947e-03	1.346379330283717091e-01
8.160000000000000586e-03	4.661319130345394773e-03	1.468449642783717091e-01
8.170000000000000179e-03	4.368350380345394947e-03	1.395207455283717091e-01
8.179999999999999771e-03	4.661319130345394773e-03	1.505070736533717091e-01
8.189999999999999364e-03	4.368350380345394947e-03	1.431828549033717091e-01
8.200000000000000691e-03	4.661319130345394773e-03	1.541691830283717091e-01
8.210000000000000284e-03	4.319522255345395120e-03	1.480656674033717091e-01
8.219999999999999876e-03	4.661319130345394773e-03	1.590519955283717091e-01
8.229999999999999469e-03	4.319522255345395120e-03	1.517277767783717091e-01
8.240000000000000796e-03	4.661319130345394773e-03	1.627141049033717091e-01
8.250000000000000389e-03	4.319522255345395120e-03	1.553898861533717091e-01
8.259999999999999981e-03	4.661319130345394773e-03	1.663762142783717091e-01
8.269999999999999574e-03	4.319522255345395120e-03	1.590519955283717091e-01
8.279999999999999166e-03	4.661319130345394773e-03	1.712590267783717091e-01
8.290000000000000493e-03	4.319522255345395120e-03	1.639348080283717091e-01
8.300000000000000086e-03	4.661319130345394773e-03	1.749211361533717091e-01
8.309999999999999679e-03	4.368350380345394947e-03	1.675969174033717091e-01
8.319999999999999271e-03	4.661319130345394773e-03	1.798039486533717091e-01
8.330000000000000598e-03	4.368350380345394947e-03	1.724797299033717091e-01
8.340000000000000191e-03	4.710147255345395467e-03	1.834660580283717091e-01
8.349999999999999784e-03	4.368350380345394947e-03	1.761418392783717091e-01
8.359999999999999376e-03	4.710147255345395467e-03	1.871281674033717091e-01
8.370000000000000703e-03	4.368350380345394947e-03	1.798039486533717091e-01
8.380000000000000296e-03	4.710147255345395467e-03	1.907902767783717091e-01
8.389999999999999888e-03	4.417178505345394773e-03	1.846867611533717091e-01
8.399999999999999481e-03	4.710147255345395467e-03	1.956730892783717091e-01
8.410000000000000808e-03	4.417178505345394773e-03	1.883488705283717091e-01
8.420000000000000401e-03	4.758975380345395294e-03	1.993351986533717091e-01
8.429999999999999993e-03	4.417178505345394773e-03	1.920109799033717091e-01
8.439999999999999586e-03	4.758975380345395294e-03	2.029973080283717091e-01
8.449999999999999178e-03	4.417178505345394773e-03	1.968937924033717091e-01
8.460000000000000506e-03	4.758975380345395294e-03	2.078801205283717091e-01
8.470000000000000098e-03	4.417178505345394773e-03	2.005559017783717091e-01
8.479999999999999691e-03	4.807803505345395120e-03	2.115422299033717091e-01
8.489999999999999283e-03	4.466006630345394600e-03	2.042180111533717091e-01
8.500000000000000611e-03	4.807803505345395120e-03	2.164250424033717091e-01
8.510000000000000203e-03	4.466006630345394600e-03	2.091008236533717091e-01
8.519999999999999796e-03	4.807803505345395120e-03	2.200871517783717091e-01
8.529999999999999388e-03	4.466006630345394600e-03	2.127629330283717091e-01
8.540000000000000716e-03	4.807803505345395120e-03	2.237492611533717091e-01
8.550000000000000308e-03	4.466006630345394600e-03	2.164250424033717091e-01
8.559999999999999901e-03	4.807803505345395120e-03	2.274113705283717091e-01
8.569999999999999493e-03	4.514834755345395294e-03	2.213078549033717091e-01
8.580000000000000820e-03	4.807803505345395120e-03	2.322941830283717091e-01
8.590000000000000413e-03	4.514834755345395294e-03	2.249699642783717091e-01
8.600000000000000006e-03	4.807803505345395120e-03	2.359562924033717091e-01
8.609999999999999598e-03	4.514834755345395294e-03	2.286320736533717091e-01
8.619999999999999191e-03	4.807803505345395120e-03	2.396184017783717091e-01
8.630000000000000518e-03	4.514834755345395294e-03	2.335148861533717091e-01
8.640000000000000110e-03	4.856631630345394947e-03	2.445012142783717091e-01
8.649999999999999703e-03	4.514834755345395294e-03	2.371769955283717091e-01
8.659999999999999296e-03	4.856631630345394947e-03	2.481633236533717091e-01
8.670000000000000623e-03	4.563662880345395120e-03	2.408391049033717091e-01
8.680000000000000215e-03	4.856631630345394947e-03	2.530461361533716813e-01
8.689999999999999808e-03	4.563662880345395120e-03	2.445012142783717091e-01
8.699999999999999400e-03	4.905459755345394773e-03	2.567082455283716813e-01
8.710000000000000728e-03	4.612491005345394947e-03	2.493840267783717091e-01
8.720000000000000320e-03	4.954287880345395467e-03	2.603703549033716813e-01
8.729999999999999913e-03	4.612491005345394947e-03	2.530461361533716813e-01
8.739999999999999505e-03	5.003116005345395294e-03	2.652531674033716813e-01
8.750000000000000833e-03	4.661319130345394773e-03	2.579289486533716813e-01
8.760000000000000425e-03	5.003116005345395294e-03	2.689152767783716813e-01
8.770000000000000018e-03	4.710147255345395467e-03	2.615910580283716813e-01
8.779999999999999610e-03	5.051944130345395120e-03	2.713566830283716813e-01
8.789999999999999203e-03	4.758975380345395294e-03	2.652531674033716813e-01
8.800000000000000530e-03	5.100772255345394947e-03	2.750187924033716813e-01
8.810000000000000123e-03	4.758975380345395294e-03	2.689152767783716813e-01
8.819999999999999715e-03	5.100772255345394947e-03	2.786809017783716813e-01
8.829999999999999308e-03	4.807803505345395120e-03	2.725773861533716813e-01
8.840000000000000635e-03	5.149600380345394773e-03	2.835637142783716813e-01
8.850000000000000228e-03	4.856631630345394947e-03	2.762394955283716813e-01
8.859999999999999820e-03	5.198428505345395467e-03	2.872258236533716813e-01
8.869999999999999413e-03	4.856631630345394947e-03	2.799016049033716813e-01
8.880000000000000740e-03	5.247256630345395294e-03	2.908879330283716813e-01
8.890000000000000333e-03	4.905459755345394773e-03	2.847844174033716813e-01
8.899999999999999925e-03	5.247256630345395294e-03	2.957707455283716813e-01
8.909999999999999518e-03	4.905459755345394773e-03	2.884465267783716813e-01
8.920000000000000845e-03	5.247256630345395294e-03	2.994328549033716813e-01
8.930000000000000437e-03	4.954287880345395467e-03	2.921086361533716813e-01
8.940000000000000030e-03	5.296084755345395120e-03	3.043156674033716813e-01
8.949999999999999623e-03	4.954287880345395467e-03	2.969914486533716813e-01
8.959999999999999215e-03	5.296084755345395120e-03	3.079777767783716813e-01
8.970000000000000542e-03	4.954287880345395467e-03	3.006535580283716813e-01
8.980000000000000135e-03	5.296084755345395120e-03	3.116398861533716813e-01
8.989999999999999727e-03	5.003116005345395294e-03	3.043156674033716813e-01
8.999999999999999320e-03	5.296084755345395120e-03	3.153019955283717368e-01
9.010000000000000647e-03	5.003116005345395294e-03	3.091984799033716813e-01
9.020000000000000240e-03	5.296084755345395120e-03	3.201848080283717368e-01
9.029999999999999832e-03	5.003116005345395294e-03	3.128605892783717368e-01
9.039999999999999425e-03	5.296084755345395120e-03	3.238469174033717368e-01
9.050000000000000752e-03	5.003116005345395294e-03	3.165226986533717368e-01
9.060000000000000345e-03	5.296084755345395120e-03	3.275090267783717368e-01
9.069999999999999937e-03	5.003116005345395294e-03	3.201848080283717368e-01
9.079999999999999530e-03	5.296084755345395120e-03	3.311711361533717368e-01
9.090000000000000857e-03	5.003116005345395294e-03	3.250676205283717368e-01
9.100000000000000450e-03	5.344912880345394947e-03	3.360539486533717368e-01
9.110000000000000042e-03	5.003116005345395294e-03	3.287297299033717368e-01
9.119999999999999635e-03	5.344912880345394947e-03	3.397160580283717368e-01
9.129999999999999227e-03	5.003116005345395294e-03	3.323918392783717368e-01
9.140000000000000555e-03	5.344912880345394947e-03	3.433781674033717368e-01
9.150000000000000147e-03	5.051944130345395120e-03	3.360539486533717368e-01
9.159999999999999740e-03	5.393741005345394773e-03	3.482609799033717368e-01
9.169999999999999332e-03	5.051944130345395120e-03	3.409367611533717368e-01
9.180000000000000659e-03	5.393741005345394773e-03	3.519230892783717368e-01
9.190000000000000252e-03	5.100772255345394947e-03	3.445988705283717368e-01
9.199999999999999845e-03	5.442569130345395467e-03	3.555851986533717368e-01
9.209999999999999437e-03	5.149600380345394773e-03	3.482609799033717368e-01
9.220000000000000764e-03	5.491397255345395294e-03	3.592473080283717368e-01
9.230000000000000357e-03	5.149600380345394773e-03	3.531437924033717368e-01
9.239999999999999949e-03	5.540225380345395120e-03	3.641301205283717368e-01
9.249999999999999542e-03	5.198428505345395467e-03	3.568059017783717368e-01
9.259999999999999135e-03	5.589053505345394947e-03	3.677922299033717368e-01
9.270000000000000462e-03	5.247256630345395294e-03	3.604680111533717368e-01
9.280000000000000054e-03	5.589053505345394947e-03	3.714543392783717368e-01
9.289999999999999647e-03	5.296084755345395120e-03	3.653508236533717368e-01
9.299999999999999239e-03	5.637881630345394773e-03	3.763371517783717368e-01
9.310000000000000567e-03	5.344912880345394947e-03	3.690129330283717368e-01
9.320000000000000159e-03	5.686709755345395467e-03	3.799992611533717368e-01
9.329999999999999752e-03	5.393741005345394773e-03	3.726750424033717368e-01
9.339999999999999344e-03	5.735537880345395294e-03	3.836613705283717368e-01
9.350000000000000672e-03	5.393741005345394773e-03	3.763371517783717368e-01
9.360000000000000264e-03	5.784366005345395120e-03	3.885441830283717368e-01
9.369999999999999857e-03	5.442569130345395467e-03	3.812199642783717368e-01
9.379999999999999449e-03	5.784366005345395120e-03	3.922062924033717368e-01
9.390000000000000777e-03	5.491397255345395294e-03	3.848820736533717368e-01
9.400000000000000369e-03	5.833194130345394947e-03	3.958684017783717368e-01
9.409999999999999962e-03	5.491397255345395294e-03	3.885441830283717368e-01
9.419999999999999554e-03	5.882022255345394773e-03	3.995305111533717368e-01
9.429999999999999147e-03	5.540225380345395120e-03	3.934269955283717368e-01
9.440000000000000474e-03	5.882022255345394773e-03	4.044133236533717368e-01
9.450000000000000067e-03	5.540225380345395120e-03	3.970891049033717368e-01
9.459999999999999659e-03	5.930850380345395467e-03	4.080754330283717368e-01
9.469999999999999252e-03	5.589053505345394947e-03	4.007512142783717368e-01
9.480000000000000579e-03	5.930850380345395467e-03	4.117375424033717368e-01
9.490000000000000172e-03	5.589053505345394947e-03	4.044133236533717368e-01
9.499999999999999764e-03	5.979678505345395294e-03	4.153996517783717368e-01
9.509999999999999357e-03	5.637881630345394773e-03	4.080754330283717368e-01
9.520000000000000684e-03	5.979678505345395294e-03	4.202824642783717368e-01
9.530000000000000276e-03	5.686709755345395467e-03	4.129582455283717368e-01
9.539999999999999869e-03	6.028506630345395120e-03	4.239445736533717368e-01
9.549999999999999462e-03	5.735537880345395294e-03	4.166203549033717368e-01
9.560000000000000789e-03	6.077334755345394947e-03	4.276066830283717368e-01
9.570000000000000381e-03	5.735537880345395294e-03	4.202824642783717368e-01
9.579999999999999974e-03	6.077334755345394947e-03	4.324894955283717368e-01
9.589999999999999566e-03	5.784366005345395120e-03	4.251652767783717368e-01
9.599999999999999159e-03	6.126162880345394773e-03	4.361516049033717368e-01
9.610000000000000486e-03	5.784366005345395120e-03	4.288273861533717368e-01
9.620000000000000079e-03	6.174991005345395467e-03	4.398137142783717368e-01
9.629999999999999671e-03	5.833194130345394947e-03	4.324894955283717368e-01
9.639999999999999264e-03	6.174991005345395467e-03	4.434758236533717368e-01
9.650000000000000591e-03	5.882022255345394773e-03	4.373723080283717368e-01
9.660000000000000184e-03	6.223819130345395294e-03	4.471379330283717368e-01
9.669999999999999776e-03	5.930850380345395467e-03	4.410344174033717368e-01
9.679999999999999369e-03	6.272647255345395988e-03	4.520207455283717368e-01
9.690000000000000696e-03	5.930850380345395467e-03	4.446965267783717368e-01
9.700000000000000289e-03	6.272647255345395988e-03	4.556828549033717368e-01
9.709999999999999881e-03	5.979678505345395294e-03	4.483586361533717368e-01
9.719999999999999474e-03	6.321475380345395814e-03	4.593449642783717368e-01
9.730000000000000801e-03	6.028506630345395120e-03	4.520207455283717368e-01
9.740000000000000394e-03	6.370303505345395641e-03	4.642277767783717368e-01
9.749999999999999986e-03	6.028506630345395120e-03	4.569035580283717368e-01
9.759999999999999579e-03	6.370303505345395641e-03	4.678898861533717368e-01
9.769999999999999171e-03	6.077334755345394947e-03	4.605656674033717368e-01
9.780000000000000498e-03	6.419131630345395467e-03	4.715519955283717368e-01
9.790000000000000091e-03	6.126162880345394773e-03	4.642277767783717368e-01
9.799999999999999684e-03	6.467959755345396161e-03	4.752141049033717368e-01
9.809999999999999276e-03	6.126162880345394773e-03	4.678898861533717368e-01
9.820000000000000603e-03	6.516787880345395988e-03	4.788762142783717368e-01
9.830000000000000196e-03	6.223819130345395294e-03	4.727726986533717368e-01
9.839999999999999789e-03	6.565616005345395814e-03	4.837590267783717368e-01
9.849999999999999381e-03	6.272647255345395988e-03	4.764348080283717368e-01
9.860000000000000708e-03	6.614444130345395641e-03	4.874211361533717368e-01
9.870000000000000301e-03	6.272647255345395988e-03	4.800969174033717368e-01
9.879999999999999893e-03	6.663272255345395467e-03	4.910832455283717368e-01
9.889999999999999486e-03	6.370303505345395641e-03	4.837590267783717368e-01
9.900000000000000813e-03	6.712100380345396161e-03	4.959660580283717368e-01
9.910000000000000406e-03	6.419131630345395467e-03	4.886418392783717368e-01
9.919999999999999998e-03	6.809756630345395814e-03	4.996281674033717368e-01
9.929999999999999591e-03	6.467959755345396161e-03	4.923039486533717368e-01
9.939999999999999183e-03	6.858584755345395641e-03	5.032902767783717923e-01
9.950000000000000511e-03	6.516787880345395988e-03	4.959660580283717368e-01
9.960000000000000103e-03	6.907412880345395467e-03	5.069523861533717923e-01
9.969999999999999696e-03	6.614444130345395641e-03	4.996281674033717368e-01
9.979999999999999288e-03	7.005069130345395988e-03	5.106144955283717923e-01
9.990000000000000616e-03	6.663272255345395467e-03	5.045109799033717923e-01
1.000000000000000021e-02	7.053897255345395814e-03	5.154973080283717923e-01
1.000999999999999980e-02	6.712100380345396161e-03	5.081730892783717923e-01
1.001999999999999939e-02	7.102725380345395641e-03	5.191594174033717923e-01
1.003000000000000072e-02	6.760928505345395988e-03	5.118351986533717923e-01
1.004000000000000031e-02	7.151553505345395467e-03	5.228215267783717923e-01
1.004999999999999991e-02	6.858584755345395641e-03	5.154973080283717923e-01
1.005999999999999950e-02	7.249209755345395988e-03	5.264836361533717923e-01
1.007000000000000083e-02	6.907412880345395467e-03	5.191594174033717923e-01
1.008000000000000042e-02	7.298037880345395814e-03	5.301457455283717923e-01
1.009000000000000001e-02	6.956241005345396161e-03	5.240422299033717923e-01
1.009999999999999960e-02	7.346866005345395641e-03	5.350285580283717923e-01
1.010999999999999920e-02	7.053897255345395814e-03	5.277043392783717923e-01
1.012000000000000052e-02	7.444522255345396161e-03	5.386906674033717923e-01
1.013000000000000012e-02	7.102725380345395641e-03	5.313664486533717923e-01
1.013999999999999971e-02	7.542178505345395814e-03	5.423527767783717923e-01
1.014999999999999930e-02	7.151553505345395467e-03	5.350285580283717923e-01
1.016000000000000063e-02	7.591006630345395641e-03	5.460148861533717923e-01
1.017000000000000022e-02	7.249209755345395988e-03	5.399113705283717923e-01
1.017999999999999981e-02	7.737491005345395988e-03	5.496769955283717923e-01
1.018999999999999941e-02	7.346866005345395641e-03	5.435734799033717923e-01
1.020000000000000073e-02	7.786319130345395814e-03	5.545598080283717923e-01
1.021000000000000033e-02	7.444522255345396161e-03	5.472355892783717923e-01
1.021999999999999992e-02	7.932803505345396161e-03	5.582219174033717923e-01
1.022999999999999951e-02	7.542178505345395814e-03	5.508976986533717923e-01
1.024000000000000084e-02	8.030459755345395814e-03	5.618840267783717923e-01
1.025000000000000043e-02	7.688662880345396161e-03	5.545598080283717923e-01
1.026000000000000002e-02	8.128116005345395467e-03	5.655461361533717923e-01
1.026999999999999962e-02	7.786319130345395814e-03	5.594426205283717923e-01
1.027999999999999921e-02	8.225772255345395120e-03	5.704289486533717923e-01
1.029000000000000054e-02	7.883975380345395467e-03	5.631047299033717923e-01
1.030000000000000013e-02	8.323428505345396508e-03	5.740910580283717923e-01
1.030999999999999972e-02	7.981631630345395120e-03	5.667668392783717923e-01
1.031999999999999931e-02	8.469912880345395120e-03	5.777531674033717923e-01
1.033000000000000064e-02	8.128116005345395467e-03	5.704289486533717923e-01
1.034000000000000023e-02	8.567569130345396508e-03	5.814152767783717923e-01
1.034999999999999983e-02	8.225772255345395120e-03	5.740910580283717923e-01
1.035999999999999942e-02	8.665225380345396161e-03	5.850773861533717923e-01
1.037000000000000074e-02	8.323428505345396508e-03	5.789738705283717923e-01
1.038000000000000034e-02	8.762881630345395814e-03	5.899601986533717923e-01
1.038999999999999993e-02	8.469912880345395120e-03	5.826359799033717923e-01
1.039999999999999952e-02	8.909366005345396161e-03	5.936223080283717923e-01
1.041000000000000085e-02	8.567569130345396508e-03	5.862980892783717923e-01
1.042000000000000044e-02	9.007022255345395814e-03	5.972844174033717923e-01
1.043000000000000003e-02	8.665225380345396161e-03	5.899601986533717923e-01
1.043999999999999963e-02	9.153506630345396161e-03	6.021672299033717923e-01
1.044999999999999922e-02	8.811709755345396508e-03	5.948430111533717923e-01
1.046000000000000055e-02	9.251162880345395814e-03	6.058293392783717923e-01
1.047000000000000014e-02	8.909366005345396161e-03	5.985051205283717923e-01
1.047999999999999973e-02	9.397647255345396161e-03	6.094914486533717923e-01
1.048999999999999932e-02	9.055850380345396508e-03	6.021672299033717923e-01
1.050000000000000065e-02	9.544131630345396508e-03	6.131535580283717923e-01
1.051000000000000024e-02	9.153506630345396161e-03	6.058293392783717923e-01
1.051999999999999984e-02	9.641787880345396161e-03	6.168156674033717923e-01
1.052999999999999943e-02	9.299991005345396508e-03	6.094914486533717923e-01
1.054000000000000076e-02	9.788272255345396508e-03	6.204777767783717923e-01
1.055000000000000035e-02	9.446475380345396855e-03	6.143742611533717923e-01
1.055999999999999994e-02	9.934756630345396855e-03	6.253605892783717923e-01
1.056999999999999953e-02	9.592959755345395467e-03	6.180363705283717923e-01
1.058000000000000086e-02	1.013006913034539616e-02	6.290226986533717923e-01
1.059000000000000045e-02	9.739444130345395814e-03	6.216984799033717923e-01
1.060000000000000005e-02	1.027655350534539651e-02	6.326848080283717923e-01
1.060999999999999964e-02	9.885928505345396161e-03	6.253605892783717923e-01
1.061999999999999923e-02	1.042303788034539686e-02	6.363469174033717923e-01
1.063000000000000056e-02	1.008124100534539547e-02	6.290226986533717923e-01
1.064000000000000015e-02	1.056952225534539547e-02	6.400090267783717923e-01
1.064999999999999974e-02	1.022772538034539581e-02	6.339055111533717923e-01
1.065999999999999934e-02	1.076483475534539651e-02	6.448918392783717923e-01
1.067000000000000066e-02	1.042303788034539686e-02	6.375676205283717923e-01
1.068000000000000026e-02	1.091131913034539686e-02	6.485539486533717923e-01
1.068999999999999985e-02	1.056952225534539547e-02	6.412297299033717923e-01
1.069999999999999944e-02	1.110663163034539616e-02	6.522160580283717923e-01
1.071000000000000077e-02	1.076483475534539651e-02	6.448918392783717923e-01
1.072000000000000036e-02	1.130194413034539547e-02	6.558781674033717923e-01
1.072999999999999995e-02	1.096014725534539581e-02	6.497746517783717923e-01
1.073999999999999955e-02	1.149725663034539651e-02	6.595402767783717923e-01
1.074999999999999914e-02	1.110663163034539616e-02	6.534367611533717923e-01
1.076000000000000047e-02	1.169256913034539581e-02	6.644230892783717923e-01
1.077000000000000006e-02	1.130194413034539547e-02	6.570988705283717923e-01
1.077999999999999965e-02	1.193670975534539581e-02	6.680851986533717923e-01
1.078999999999999924e-02	1.154608475534539547e-02	6.607609799033717923e-01
1.080000000000000057e-02	1.213202225534539686e-02	6.717473080283717923e-01
1.081000000000000016e-02	1.174139725534539651e-02	6.644230892783717923e-01
1.081999999999999976e-02	1.242499100534539581e-02	6.754094174033717923e-01
1.082999999999999935e-02	1.198553788034539651e-02	6.680851986533717923e-01
1.084000000000000068e-02	1.266913163034539581e-02	6.790715267783717923e-01
1.085000000000000027e-02	1.227850663034539547e-02	6.729680111533717923e-01
1.085999999999999986e-02	1.296210038034539651e-02	6.839543392783717923e-01
1.086999999999999945e-02	1.252264725534539547e-02	6.766301205283717923e-01
1.088000000000000078e-02	1.325506913034539547e-02	6.876164486533717923e-01
1.089000000000000037e-02	1.281561600534539616e-02	6.802922299033717923e-01
1.089999999999999997e-02	1.354803788034539616e-02	6.912785580283717923e-01
1.090999999999999956e-02	1.315741288034539581e-02	6.839543392783717923e-01
1.091999999999999915e-02	1.388983475534539581e-02	6.949406674033717923e-01
1.093000000000000048e-02	1.345038163034539651e-02	6.876164486533717923e-01
1.094000000000000007e-02	1.418280350534539651e-02	6.986027767783717923e-01
1.094999999999999966e-02	1.379217850534539616e-02	6.912785580283717923e-01
1.095999999999999926e-02	1.452460038034539616e-02	7.034855892783717923e-01
1.097000000000000058e-02	1.408514725534539686e-02	6.961613705283717923e-01
1.098000000000000018e-02	1.491522538034539651e-02	7.071476986533717923e-01
1.098999999999999977e-02	1.447577225534539547e-02	6.998234799033717923e-01
1.099999999999999936e-02	1.525702225534539616e-02	7.108098080283717923e-01
1.101000000000000069e-02	1.481756913034539686e-02	7.034855892783717923e-01
1.102000000000000028e-02	1.559881913034539581e-02	7.144719174033717923e-01
1.102999999999999987e-02	1.515936600534539651e-02	7.071476986533717923e-01
1.103999999999999947e-02	1.598944413034539616e-02	7.181340267783717923e-01
1.105000000000000079e-02	1.554999100534539686e-02	7.108098080283717923e-01
1.106000000000000039e-02	1.633124100534539755e-02	7.217961361533717923e-01
1.106999999999999998e-02	1.589178788034539477e-02	7.144719174033717923e-01
1.107999999999999957e-02	1.672186600534539616e-02	7.254582455283717923e-01
1.108999999999999916e-02	1.628241288034539686e-02	7.193547299033717923e-01
1.110000000000000049e-02	1.711249100534539477e-02	7.291203549033717923e-01
1.111000000000000008e-02	1.662420975534539477e-02	7.230168392783717923e-01
1.111999999999999968e-02	1.750311600534539686e-02	7.340031674033717923e-01
1.112999999999999927e-02	1.701483475534539686e-02	7.266789486533717923e-01
1.114000000000000060e-02	1.789374100534539547e-02	7.376652767783717923e-01
1.115000000000000019e-02	1.740545975534539547e-02	7.303410580283717923e-01
1.115999999999999978e-02	1.828436600534539755e-02	7.413273861533717923e-01
1.116999999999999937e-02	1.784491288034539477e-02	7.340031674033717923e-01
1.118000000000000070e-02	1.867499100534539616e-02	7.449894955283717923e-01
1.119000000000000029e-02	1.823553788034539686e-02	7.376652767783717923e-01
1.119999999999999989e-02	1.906561600534539824e-02	7.486516049033717923e-01
1.120999999999999948e-02	1.862616288034539547e-02	7.425480892783717923e-01
1.122000000000000081e-02	1.950506913034539755e-02	7.535344174033717923e-01
1.123000000000000040e-02	1.901678788034539755e-02	7.462101986533717923e-01
1.123999999999999999e-02	1.994452225534539686e-02	7.571965267783717923e-01
1.124999999999999958e-02	1.945624100534539686e-02	7.498723080283717923e-01
1.125999999999999918e-02	2.033514725534539547e-02	7.608586361533717923e-01
1.127000000000000050e-02	1.984686600534539547e-02	7.535344174033717923e-01
1.128000000000000010e-02	2.072577225534539755e-02	7.645207455283717923e-01
1.128999999999999969e-02	2.023749100534539755e-02	7.571965267783717923e-01
1.129999999999999928e-02	2.116522538034539686e-02	7.681828549033717923e-01
1.131000000000000061e-02	2.067694413034539686e-02	7.608586361533717923e-01
1.132000000000000020e-02	2.155585038034539547e-02	7.730656674033717923e-01
1.132999999999999979e-02	2.111639725534539616e-02	7.657414486533717923e-01
1.133999999999999939e-02	2.199530350534539824e-02	7.755070736533717923e-01
1.135000000000000071e-02	2.150702225534539824e-02	7.694035580283717923e-01
1.136000000000000031e-02	2.243475663034539755e-02	7.803898861533717923e-01
1.136999999999999990e-02	2.194647538034539755e-02	7.730656674033717923e-01
1.137999999999999949e-02	2.282538163034539616e-02	7.840519955283717923e-01
1.139000000000000082e-02	2.233710038034539616e-02	7.767277767783717923e-01
1.140000000000000041e-02	2.326483475534539547e-02	7.877141049033717923e-01
1.141000000000000000e-02	2.277655350534539547e-02	7.803898861533717923e-01
1.141999999999999960e-02	2.370428788034539824e-02	7.913762142783717923e-01
1.142999999999999919e-02	2.321600663034539824e-02	7.840519955283717923e-01
1.144000000000000052e-02	2.414374100534539755e-02	7.950383236533717923e-01
1.145000000000000011e-02	2.365545975534539755e-02	7.877141049033717923e-01
1.145999999999999970e-02	2.458319413034539686e-02	7.987004330283717923e-01
1.146999999999999929e-02	2.404608475534539616e-02	7.925969174033717923e-01
1.148000000000000062e-02	2.502264725534539269e-02	8.035832455283717923e-01
1.149000000000000021e-02	2.453436600534539616e-02	7.962590267783717923e-01
1.149999999999999981e-02	2.546210038034539547e-02	8.072453549033717923e-01
1.150999999999999940e-02	2.492499100534539824e-02	7.999211361533717923e-01
1.152000000000000073e-02	2.585272538034539408e-02	8.109074642783717923e-01
1.153000000000000032e-02	2.541327225534539477e-02	8.035832455283717923e-01
1.153999999999999991e-02	2.629217850534539339e-02	8.145695736533717923e-01
1.154999999999999950e-02	2.585272538034539408e-02	8.072453549033717923e-01
1.156000000000000083e-02	2.678045975534539339e-02	8.182316830283717923e-01
1.157000000000000042e-02	2.624335038034539269e-02	8.109074642783717923e-01
1.158000000000000002e-02	2.717108475534539547e-02	8.218937924033717923e-01
1.158999999999999961e-02	2.668280350534539547e-02	8.145695736533717923e-01
1.159999999999999920e-02	2.761053788034539477e-02	8.255559017783717923e-01
1.161000000000000053e-02	2.712225663034539477e-02	8.194523861533717923e-01
1.162000000000000012e-02	2.800116288034539339e-02	8.292180111533717923e-01
1.162999999999999971e-02	2.756170975534539408e-02	8.218937924033717923e-01
1.163999999999999931e-02	2.844061600534539269e-02	8.341008236533717923e-01
1.165000000000000063e-02	2.800116288034539339e-02	8.267766049033717923e-01
1.166000000000000023e-02	2.888006913034539547e-02	8.377629330283717923e-01
1.166999999999999982e-02	2.839178788034539547e-02	8.304387142783717923e-01
1.167999999999999941e-02	2.927069413034539408e-02	8.414250424033717923e-01
1.169000000000000074e-02	2.883124100534539477e-02	8.341008236533717923e-01
1.170000000000000033e-02	2.966131913034539269e-02	8.450871517783717923e-01
1.170999999999999992e-02	2.922186600534539339e-02	8.377629330283717923e-01
1.171999999999999952e-02	3.010077225534539547e-02	8.487492611533717923e-01
1.173000000000000084e-02	2.961249100534539547e-02	8.414250424033717923e-01
1.174000000000000044e-02	3.054022538034539477e-02	8.524113705283717923e-01
1.175000000000000003e-02	3.005194413034539477e-02	8.463078549033717923e-01
1.175999999999999962e-02	3.088202225534539269e-02	8.560734799033717923e-01
1.176999999999999921e-02	3.044256913034539339e-02	8.499699642783717923e-01
1.178000000000000054e-02	3.132147538034539547e-02	8.609562924033717923e-01
1.179000000000000013e-02	3.083319413034539547e-02	8.536320736533717923e-01
1.179999999999999973e-02	3.171210038034539408e-02	8.633976986533717923e-01
1.180999999999999932e-02	3.127264725534539130e-02	8.572941830283717923e-01
1.182000000000000065e-02	3.215155350534539686e-02	8.682805111533717923e-01
1.183000000000000024e-02	3.166327225534539686e-02	8.609562924033717923e-01
1.183999999999999983e-02	3.254217850534539547e-02	8.719426205283717923e-01
1.184999999999999942e-02	3.210272538034539269e-02	8.646184017783717923e-01
1.186000000000000075e-02	3.298163163034539130e-02	8.756047299033717923e-01
1.187000000000000034e-02	3.254217850534539547e-02	8.682805111533717923e-01
1.187999999999999994e-02	3.342108475534539408e-02	8.792668392783717923e-01
1.188999999999999953e-02	3.293280350534539408e-02	8.719426205283717923e-01
1.190000000000000085e-02	3.386053788034539686e-02	8.829289486533717923e-01
1.191000000000000045e-02	3.337225663034539686e-02	8.756047299033717923e-01
1.192000000000000004e-02	3.429999100534539269e-02	8.865910580283717923e-01
1.192999999999999963e-02	3.381170975534539269e-02	8.792668392783717923e-01
1.193999999999999923e-02	3.473944413034539547e-02	8.902531674033717923e-01
1.195000000000000055e-02	3.425116288034539547e-02	8.841496517783717923e-01
1.196000000000000014e-02	3.522772538034539547e-02	8.939152767783717923e-01
1.196999999999999974e-02	3.469061600534539130e-02	8.878117611533717923e-01
1.197999999999999933e-02	3.566717850534539130e-02	8.975773861533717923e-01
1.199000000000000066e-02	3.513006913034539408e-02	8.914738705283717923e-01
1.200000000000000025e-02	3.615545975534539130e-02	9.012394955283717923e-01
1.200999999999999984e-02	3.561835038034539408e-02	8.951359799033717923e-01
1.201999999999999943e-02	3.659491288034539408e-02	9.061223080283717923e-01
1.203000000000000076e-02	3.610663163034539408e-02	8.987980892783717923e-01
1.204000000000000035e-02	3.708319413034539408e-02	9.097844174033717923e-01
1.204999999999999995e-02	3.654608475534539686e-02	9.024601986533717923e-01
1.205999999999999954e-02	3.757147538034539408e-02	9.134465267783717923e-01
1.207000000000000087e-02	3.703436600534539686e-02	9.061223080283717923e-01
1.208000000000000046e-02	3.805975663034539408e-02	9.171086361533717923e-01
1.209000000000000005e-02	3.752264725534539686e-02	9.097844174033717923e-01
1.209999999999999964e-02	3.854803788034539408e-02	9.207707455283717923e-01
1.210999999999999924e-02	3.801092850534539686e-02	9.134465267783717923e-01
1.212000000000000056e-02	3.903631913034539408e-02	9.244328549033717923e-01
1.213000000000000016e-02	3.849920975534539686e-02	9.171086361533717923e-01
1.213999999999999975e-02	3.957342850534539824e-02	9.280949642783717923e-01
1.214999999999999934e-02	3.898749100534539686e-02	9.207707455283717923e-01
1.216000000000000067e-02	4.001288163034539408e-02	9.317570736533717923e-01
1.217000000000000026e-02	3.952460038034539408e-02	9.244328549033717923e-01
1.217999999999999985e-02	4.054999100534539824e-02	9.354191830283717923e-01
1.218999999999999945e-02	4.001288163034539408e-02	9.293156674033717923e-01
1.220000000000000077e-02	4.103827225534539824e-02	9.390812924033717923e-01
1.221000000000000037e-02	4.050116288034539408e-02	9.329777767783717923e-01
1.221999999999999996e-02	4.157538163034539547e-02	9.439641049033717923e-01
1.222999999999999955e-02	4.103827225534539824e-02	9.366398861533717923e-01
1.223999999999999914e-02	4.206366288034539547e-02	9.476262142783717923e-01
1.225000000000000047e-02	4.152655350534539824e-02	9.403019955283717923e-01
1.226000000000000006e-02	4.260077225534539269e-02	9.512883236533717923e-01
1.226999999999999966e-02	4.201483475534539824e-02	9.439641049033717923e-01
1.227999999999999925e-02	4.308905350534539269e-02	9.549504330283717923e-01
1.229000000000000058e-02	4.255194413034539547e-02	9.476262142783717923e-01
1.230000000000000017e-02	4.357733475534539269e-02	9.586125424033717923e-01
1.230999999999999976e-02	4.304022538034539547e-02	9.512883236533717923e-01
1.231999999999999935e-02	4.411444413034539686e-02	9.622746517783717923e-01
1.233000000000000068e-02	4.357733475534539269e-02	9.549504330283717923e-01
1.234000000000000027e-02	4.465155350534539408e-02	9.659367611533717923e-01
1.234999999999999987e-02	4.411444413034539686e-02	9.586125424033717923e-01
1.235999999999999946e-02	4.518866288034539824e-02	9.695988705283717923e-01
1.237000000000000079e-02	4.465155350534539408e-02	9.622746517783717923e-01
1.238000000000000038e-02	4.572577225534539547e-02	9.732609799033717923e-01
1.238999999999999997e-02	4.518866288034539824e-02	9.659367611533717923e-01
1.239999999999999956e-02	4.626288163034539269e-02	9.769230892783717923e-01
1.240999999999999916e-02	4.572577225534539547e-02	9.708195736533717923e-01
1.242000000000000048e-02	4.679999100534539686e-02	9.805851986533717923e-01
1.243000000000000008e-02	4.626288163034539269e-02	9.732609799033717923e-01
1.243999999999999967e-02	4.738592850534539824e-02	9.854680111533717923e-01
1.244999999999999926e-02	4.679999100534539686e-02	9.781437924033717923e-01
1.246000000000000059e-02	4.792303788034539547e-02	9.891301205283717923e-01
1.247000000000000018e-02	4.733710038034539408e-02	9.818059017783717923e-01
1.247999999999999977e-02	4.841131913034539547e-02	9.927922299033717923e-01
1.248999999999999937e-02	4.787420975534539824e-02	9.854680111533717923e-01
1.250000000000000069e-02	4.894842850534539269e-02	9.964543392783717923e-01
1.251000000000000029e-02	4.841131913034539547e-02	9.891301205283717923e-01
1.251999999999999988e-02	4.948553788034539686e-02	1.000116448653371792e+00
1.252999999999999947e-02	4.894842850534539269e-02	9.927922299033717923e-01
1.254000000000000080e-02	5.002264725534540102e-02	1.003778558028371792e+00
1.255000000000000039e-02	4.948553788034539686e-02	9.964543392783717923e-01
1.255999999999999998e-02	5.055975663034539824e-02	1.007440667403371792e+00
1.256999999999999958e-02	4.997381913034539686e-02	1.000116448653371792e+00
1.257999999999999917e-02	5.104803788034539824e-02	1.011102776778371792e+00
1.259000000000000050e-02	5.051092850534540102e-02	1.003778558028371792e+00
1.260000000000000009e-02	5.153631913034539824e-02	1.014764886153371792e+00
1.260999999999999968e-02	5.099920975534540102e-02	1.007440667403371792e+00
1.261999999999999927e-02	5.202460038034539824e-02	1.018426995528371792e+00
1.263000000000000060e-02	5.148749100534540102e-02	1.011102776778371792e+00
1.264000000000000019e-02	5.256170975534540241e-02	1.022089104903371792e+00
1.264999999999999979e-02	5.202460038034539824e-02	1.015985589278371792e+00
1.265999999999999938e-02	5.304999100534540241e-02	1.026971917403371792e+00
1.267000000000000071e-02	5.251288163034539824e-02	1.019647698653371792e+00
1.268000000000000030e-02	5.353827225534540241e-02	1.030634026778371792e+00
1.268999999999999989e-02	5.300116288034539824e-02	1.023309808028371792e+00
1.269999999999999948e-02	5.402655350534540241e-02	1.034296136153371792e+00
1.271000000000000081e-02	5.348944413034539824e-02	1.026971917403371792e+00
1.272000000000000040e-02	5.451483475534540241e-02	1.037958245528371792e+00
1.273000000000000000e-02	5.397772538034539824e-02	1.030634026778371792e+00
1.273999999999999959e-02	5.500311600534540241e-02	1.041620354903371792e+00
1.274999999999999918e-02	5.446600663034539824e-02	1.034296136153371792e+00
1.276000000000000051e-02	5.549139725534540241e-02	1.045282464278371792e+00
1.277000000000000010e-02	5.495428788034539824e-02	1.037958245528371792e+00
1.277999999999999969e-02	5.597967850534540241e-02	1.048944573653371792e+00
1.278999999999999929e-02	5.544256913034539824e-02	1.041620354903371792e+00
1.280000000000000061e-02	5.641913163034539824e-02	1.052606683028371792e+00
1.281000000000000021e-02	5.593085038034539824e-02	1.045282464278371792e+00
1.281999999999999980e-02	5.690741288034539824e-02	1.056268792403371792e+00
1.282999999999999939e-02	5.641913163034539824e-02	1.048944573653371792e+00
1.284000000000000072e-02	5.734686600534540102e-02	1.059930901778371792e+00
1.285000000000000031e-02	5.685858475534540102e-02	1.052606683028371792e+00
1.285999999999999990e-02	5.783514725534540102e-02	1.063593011153371792e+00
1.286999999999999950e-02	5.734686600534540102e-02	1.057489495528371792e+00
1.288000000000000082e-02	5.827460038034540379e-02	1.067255120528371792e+00
1.289000000000000042e-02	5.778631913034540379e-02	1.061151604903371792e+00
1.290000000000000001e-02	5.876288163034540379e-02	1.070917229903371792e+00
1.290999999999999960e-02	5.827460038034540379e-02	1.063593011153371792e+00
1.291999999999999919e-02	5.920233475534539963e-02	1.074579339278371792e+00
1.293000000000000052e-02	5.871405350534539963e-02	1.068475823653371792e+00
1.294000000000000011e-02	5.969061600534539963e-02	1.079462151778371792e+00
1.294999999999999971e-02	5.915350663034540241e-02	1.072137933028371792e+00
1.295999999999999930e-02	6.013006913034540241e-02	1.083124261153371792e+00
1.297000000000000063e-02	5.964178788034540241e-02	1.075800042403371792e+00
1.298000000000000022e-02	6.056952225534539824e-02	1.086786370528371792e+00
1.298999999999999981e-02	6.008124100534539824e-02	1.079462151778371792e+00
1.299999999999999940e-02	6.100897538034540102e-02	1.090448479903371792e+00
1.301000000000000073e-02	6.052069413034540102e-02	1.083124261153371792e+00
1.302000000000000032e-02	6.149725663034540102e-02	1.094110589278371792e+00
1.302999999999999992e-02	6.096014725534540379e-02	1.086786370528371792e+00
1.303999999999999951e-02	6.193670975534540379e-02	1.097772698653371792e+00
1.305000000000000084e-02	6.139960038034539963e-02	1.090448479903371792e+00
1.306000000000000043e-02	6.237616288034539963e-02	1.101434808028371792e+00
1.307000000000000002e-02	6.188788163034539963e-02	1.094110589278371792e+00
1.307999999999999961e-02	6.281561600534539547e-02	1.105096917403371792e+00
1.308999999999999921e-02	6.232733475534540241e-02	1.097772698653371792e+00
1.310000000000000053e-02	6.330389725534539547e-02	1.108759026778371792e+00
1.311000000000000013e-02	6.276678788034539824e-02	1.101434808028371792e+00
1.311999999999999972e-02	6.374335038034539824e-02	1.112421136153371792e+00
1.312999999999999931e-02	6.320624100534540102e-02	1.105096917403371792e+00
1.314000000000000064e-02	6.423163163034539824e-02	1.116083245528371792e+00
1.315000000000000023e-02	6.369452225534540102e-02	1.108759026778371792e+00
1.315999999999999982e-02	6.467108475534540102e-02	1.119745354903371792e+00
1.316999999999999942e-02	6.413397538034540379e-02	1.112421136153371792e+00
1.318000000000000074e-02	6.511053788034540379e-02	1.123407464278371792e+00
1.319000000000000034e-02	6.457342850534540657e-02	1.116083245528371792e+00
1.319999999999999993e-02	6.550116288034539547e-02	1.127069573653371792e+00
1.320999999999999952e-02	6.501288163034539547e-02	1.119745354903371792e+00
1.322000000000000085e-02	6.594061600534539824e-02	1.130731683028371792e+00
1.323000000000000044e-02	6.545233475534539824e-02	1.123407464278371792e+00
1.324000000000000003e-02	6.638006913034540102e-02	1.134393792403371792e+00
1.324999999999999963e-02	6.589178788034540102e-02	1.127069573653371792e+00
1.325999999999999922e-02	6.677069413034540657e-02	1.138055901778371792e+00
1.327000000000000055e-02	6.633124100534540379e-02	1.130731683028371792e+00
1.328000000000000014e-02	6.721014725534539547e-02	1.141718011153371792e+00
1.328999999999999973e-02	6.672186600534539547e-02	1.134393792403371792e+00
1.329999999999999932e-02	6.760077225534540102e-02	1.145380120528371792e+00
1.331000000000000065e-02	6.711249100534540102e-02	1.139276604903371792e+00
1.332000000000000024e-02	6.799139725534540657e-02	1.150262933028371792e+00
1.332999999999999984e-02	6.755194413034540379e-02	1.142938714278371792e+00
1.333999999999999943e-02	6.838202225534539824e-02	1.152704339278371792e+00
1.335000000000000075e-02	6.794256913034539547e-02	1.145380120528371792e+00
1.336000000000000035e-02	6.877264725534540379e-02	1.156366448653371792e+00
1.336999999999999994e-02	6.833319413034540102e-02	1.149042229903371792e+00
1.337999999999999953e-02	6.916327225534539547e-02	1.160028558028371792e+00
1.339000000000000086e-02	6.872381913034540657e-02	1.153925042403371792e+00
1.340000000000000045e-02	6.955389725534540102e-02	1.163690667403371792e+00
1.341000000000000004e-02	6.911444413034539824e-02	1.157587151778371792e+00
1.341999999999999964e-02	6.994452225534540657e-02	1.167352776778371792e+00
1.342999999999999923e-02	6.945624100534540657e-02	1.161249261153371792e+00
1.344000000000000056e-02	7.033514725534539824e-02	1.171014886153371792e+00
1.345000000000000015e-02	6.989569413034539547e-02	1.164911370528371792e+00
1.345999999999999974e-02	7.072577225534540379e-02	1.174676995528371792e+00
1.346999999999999933e-02	7.023749100534540379e-02	1.167352776778371792e+00
1.348000000000000066e-02	7.111639725534539547e-02	1.178339104903371792e+00
1.349000000000000025e-02	7.067694413034540657e-02	1.172235589278371792e+00
1.349999999999999985e-02	7.155585038034539824e-02	1.183221917403371792e+00
1.350999999999999944e-02	7.106756913034539824e-02	1.175897698653371792e+00
1.352000000000000077e-02	7.194647538034540379e-02	1.186884026778371792e+00
1.353000000000000036e-02	7.145819413034540379e-02	1.179559808028371792e+00
1.353999999999999995e-02	7.233710038034539547e-02	1.189325433028371792e+00
1.354999999999999954e-02	7.184881913034539547e-02	1.183221917403371792e+00
1.355999999999999914e-02	7.272772538034540102e-02	1.192987542403371792e+00
1.357000000000000046e-02	7.223944413034540102e-02	1.186884026778371792e+00
1.358000000000000006e-02	7.316717850534540379e-02	1.197870354903371792e+00
1.358999999999999965e-02	7.267889725534540379e-02	1.190546136153371792e+00
1.359999999999999924e-02	7.355780350534539547e-02	1.200311761153371792e+00
1.361000000000000057e-02	7.306952225534539547e-02	1.194208245528371792e+00
1.362000000000000016e-02	7.394842850534540102e-02	1.205194573653371792e+00
1.362999999999999975e-02	7.346014725534540102e-02	1.197870354903371792e+00
1.363999999999999935e-02	7.433905350534540657e-02	1.208856683028371792e+00
1.365000000000000067e-02	7.389960038034540379e-02	1.201532464278371792e+00
1.366000000000000027e-02	7.472967850534539824e-02	1.211298089278371792e+00
1.366999999999999986e-02	7.429022538034539547e-02	1.205194573653371792e+00
1.367999999999999945e-02	7.516913163034540102e-02	1.216180901778371792e+00
1.369000000000000078e-02	7.468085038034540102e-02	1.208856683028371792e+00
1.370000000000000037e-02	7.555975663034540657e-02	1.219843011153371792e+00
1.370999999999999996e-02	7.507147538034540657e-02	1.212518792403371792e+00
1.371999999999999956e-02	7.595038163034539824e-02	1.222284417403371792e+00
1.372999999999999915e-02	7.546210038034539824e-02	1.216180901778371792e+00
1.374000000000000048e-02	7.634100663034540379e-02	1.227167229903371792e+00
1.375000000000000007e-02	7.590155350534540102e-02	1.219843011153371792e+00
1.375999999999999966e-02	7.673163163034540935e-02	1.230829339278371792e+00
1.376999999999999925e-02	7.629217850534540657e-02	1.223505120528371792e+00
1.378000000000000058e-02	7.717108475534539824e-02	1.234491448653371792e+00
1.379000000000000017e-02	7.668280350534539824e-02	1.227167229903371792e+00
1.379999999999999977e-02	7.756170975534540379e-02	1.238153558028371792e+00
1.380999999999999936e-02	7.707342850534540379e-02	1.230829339278371792e+00
1.382000000000000069e-02	7.795233475534540935e-02	1.241815667403371792e+00
1.383000000000000028e-02	7.751288163034540657e-02	1.234491448653371792e+00
1.383999999999999987e-02	7.834295975534540102e-02	1.245477776778371792e+00
1.384999999999999946e-02	7.790350663034539824e-02	1.238153558028371792e+00
1.386000000000000079e-02	7.878241288034540379e-02	1.249139886153371792e+00
1.387000000000000038e-02	7.829413163034540379e-02	1.241815667403371792e+00
1.387999999999999998e-02	7.917303788034540935e-02	1.252801995528371792e+00
1.388999999999999957e-02	7.868475663034540935e-02	1.245477776778371792e+00
1.389999999999999916e-02	7.956366288034540102e-02	1.255243401778371792e+00
1.391000000000000049e-02	7.907538163034540102e-02	1.249139886153371792e+00
1.392000000000000008e-02	7.995428788034540657e-02	1.260126214278371792e+00
1.392999999999999967e-02	7.951483475534540379e-02	1.252801995528371792e+00
1.393999999999999927e-02	8.039374100534540935e-02	1.263788323653371792e+00
1.395000000000000059e-02	7.990545975534540935e-02	1.256464104903371792e+00
1.396000000000000019e-02	8.078436600534540102e-02	1.267450433028371792e+00
1.396999999999999978e-02	8.029608475534540102e-02	1.260126214278371792e+00
1.397999999999999937e-02	8.117499100534540657e-02	1.269891839278371792e+00
1.399000000000000070e-02	8.068670975534540657e-02	1.263788323653371792e+00
1.400000000000000029e-02	8.161444413034540935e-02	1.273553948653371792e+00
1.400999999999999988e-02	8.112616288034540935e-02	1.267450433028371792e+00
1.401999999999999948e-02	8.200506913034540102e-02	1.278436761153371792e+00
1.403000000000000080e-02	8.151678788034540102e-02	1.271112542403371792e+00
1.404000000000000040e-02	8.244452225534540379e-02	1.282098870528371792e+00
1.404999999999999999e-02	8.195624100534540379e-02	1.274774651778371792e+00
1.405999999999999958e-02	8.283514725534540935e-02	1.284540276778371792e+00
1.406999999999999917e-02	8.234686600534540935e-02	1.278436761153371792e+00
1.408000000000000050e-02	8.327460038034539824e-02	1.289423089278371792e+00
1.409000000000000009e-02	8.273749100534540102e-02	1.282098870528371792e+00
1.409999999999999969e-02	8.366522538034540379e-02	1.293085198653371792e+00
1.410999999999999928e-02	8.322577225534540102e-02	1.285760979903371792e+00
1.412000000000000061e-02	8.410467850534540657e-02	1.295526604903371792e+00
1.413000000000000020e-02	8.361639725534540657e-02	1.289423089278371792e+00
1.413999999999999979e-02	8.454413163034540935e-02	1.300409417403371792e+00
1.414999999999999938e-02	8.405585038034540935e-02	1.293085198653371792e+00
1.416000000000000071e-02	8.493475663034540102e-02	1.302850823653371792e+00
1.417000000000000030e-02	8.444647538034540102e-02	1.296747308028371792e+00
1.417999999999999990e-02	8.537420975534540379e-02	1.306512933028371792e+00
1.418999999999999949e-02	8.488592850534540379e-02	1.300409417403371792e+00
1.420000000000000082e-02	8.581366288034540657e-02	1.310175042403371792e+00
1.421000000000000041e-02	8.532538163034540657e-02	1.304071526778371792e+00
1.422000000000000000e-02	8.630194413034540657e-02	1.313837151778371792e+00
1.422999999999999959e-02	8.576483475534540935e-02	1.306512933028371792e+00
1.423999999999999919e-02	8.674139725534540935e-02	1.317499261153371792e+00
1.425000000000000051e-02	8.620428788034539824e-02	1.311395745528371792e+00
1.426000000000000011e-02	8.718085038034539824e-02	1.321161370528371792e+00
1.426999999999999970e-02	8.669256913034539824e-02	1.315057854903371792e+00
1.427999999999999929e-02	8.762030350534540102e-02	1.324823479903371792e+00
1.429000000000000062e-02	8.713202225534540102e-02	1.317499261153371792e+00
1.430000000000000021e-02	8.810858475534540102e-02	1.328485589278371792e+00
1.430999999999999980e-02	8.757147538034540379e-02	1.322382073653371792e+00
1.431999999999999940e-02	8.854803788034540379e-02	1.332147698653371792e+00
1.433000000000000072e-02	8.805975663034540379e-02	1.326044183028371792e+00
1.434000000000000032e-02	8.898749100534540657e-02	1.335809808028371792e+00
1.434999999999999991e-02	8.849920975534540657e-02	1.328485589278371792e+00
1.435999999999999950e-02	8.947577225534540657e-02	1.339471917403371792e+00
1.437000000000000083e-02	8.893866288034540935e-02	1.333368401778371792e+00
1.438000000000000042e-02	8.991522538034540935e-02	1.343134026778371792e+00
1.439000000000000001e-02	8.942694413034540935e-02	1.337030511153371792e+00
1.439999999999999961e-02	9.030585038034540102e-02	1.346796136153371792e+00
1.440999999999999920e-02	8.981756913034540102e-02	1.339471917403371792e+00
1.442000000000000053e-02	9.074530350534540379e-02	1.350458245528371792e+00
1.443000000000000012e-02	9.025702225534540379e-02	1.344354729903371792e+00
1.443999999999999971e-02	9.118475663034540657e-02	1.354120354903371792e+00
1.444999999999999930e-02	9.069647538034540657e-02	1.348016839278371792e+00
1.446000000000000063e-02	9.162420975534540935e-02	1.357782464278371792e+00
1.447000000000000022e-02	9.113592850534540935e-02	1.350458245528371792e+00
1.447999999999999982e-02	9.201483475534540102e-02	1.361444573653371792e+00
1.448999999999999941e-02	9.152655350534540102e-02	1.354120354903371792e+00
1.450000000000000074e-02	9.240545975534540657e-02	1.363885979903371792e+00
1.451000000000000033e-02	9.191717850534540657e-02	1.356561761153371792e+00
1.451999999999999992e-02	9.279608475534539824e-02	1.359003167403371792e+00
1.452999999999999951e-02	9.230780350534539824e-02	1.352899651778371792e+00
1.454000000000000084e-02	9.318670975534540379e-02	1.355341058028371792e+00
1.455000000000000043e-02	9.274725663034540102e-02	1.348016839278371792e+00
1.456000000000000003e-02	9.357733475534540935e-02	1.350458245528371792e+00
1.456999999999999962e-02	9.308905350534540935e-02	1.343134026778371792e+00
1.457999999999999921e-02	9.391913163034540379e-02	1.346796136153371792e+00
1.459000000000000054e-02	9.347967850534540102e-02	1.339471917403371792e+00
1.460000000000000013e-02	9.426092850534539824e-02	1.341913323653371792e+00
1.460999999999999972e-02	9.387030350534540657e-02	1.334589104903371792e+00
1.461999999999999932e-02	9.460272538034540657e-02	1.337030511153371792e+00
1.463000000000000064e-02	9.421210038034540102e-02	1.329706292403371792e+00
1.464000000000000024e-02	9.489569413034540379e-02	1.333368401778371792e+00
1.464999999999999983e-02	9.450506913034539824e-02	1.326044183028371792e+00
1.465999999999999942e-02	9.513983475534540379e-02	1.328485589278371792e+00
1.467000000000000075e-02	9.479803788034540935e-02	1.321161370528371792e+00
1.468000000000000034e-02	9.538397538034540379e-02	1.324823479903371792e+00
1.468999999999999993e-02	9.504217850534540935e-02	1.317499261153371792e+00
1.469999999999999953e-02	9.557928788034540657e-02	1.319940667403371792e+00
1.471000000000000085e-02	9.528631913034540935e-02	1.312616448653371792e+00
1.472000000000000045e-02	9.572577225534539824e-02	1.316278558028371792e+00
1.473000000000000004e-02	9.548163163034539824e-02	1.307733636153371792e+00
1.473999999999999963e-02	9.587225663034540379e-02	1.311395745528371792e+00
1.474999999999999922e-02	9.557928788034540657e-02	1.304071526778371792e+00
1.476000000000000055e-02	9.592108475534540102e-02	1.306512933028371792e+00
1.477000000000000014e-02	9.567694413034540102e-02	1.299188714278371792e+00
1.477999999999999974e-02	9.592108475534540102e-02	1.302850823653371792e+00
1.478999999999999933e-02	9.567694413034540102e-02	1.294305901778371792e+00
1.480000000000000066e-02	9.587225663034540379e-02	1.297968011153371792e+00
1.481000000000000025e-02	9.562811600534540379e-02	1.290643792403371792e+00
1.481999999999999984e-02	9.577460038034540935e-02	1.293085198653371792e+00
1.482999999999999943e-02	9.553045975534540935e-02	1.286981683028371792e+00
1.484000000000000076e-02	9.562811600534540379e-02	1.289423089278371792e+00
1.485000000000000035e-02	9.538397538034540379e-02	1.282098870528371792e+00
1.485999999999999995e-02	9.548163163034539824e-02	1.284540276778371792e+00
1.486999999999999954e-02	9.513983475534540379e-02	1.277216058028371792e+00
1.488000000000000086e-02	9.523749100534539824e-02	1.280878167403371792e+00
1.489000000000000046e-02	9.484686600534540657e-02	1.273553948653371792e+00
1.490000000000000005e-02	9.489569413034540379e-02	1.275995354903371792e+00
1.490999999999999964e-02	9.450506913034539824e-02	1.268671136153371792e+00
1.491999999999999924e-02	9.455389725534540935e-02	1.272333245528371792e+00
1.493000000000000056e-02	9.411444413034540657e-02	1.263788323653371792e+00
1.494000000000000015e-02	9.416327225534540379e-02	1.267450433028371792e+00
1.494999999999999975e-02	9.362616288034540657e-02	1.260126214278371792e+00
1.495999999999999934e-02	9.367499100534540379e-02	1.262567620528371792e+00
1.497000000000000067e-02	9.308905350534540935e-02	1.255243401778371792e+00
1.498000000000000026e-02	9.308905350534540935e-02	1.258905511153371792e+00
1.498999999999999985e-02	9.245428788034540379e-02	1.251581292403371792e+00
1.499999999999999944e-02	9.250311600534540102e-02	1.254022698653371792e+00
1.501000000000000077e-02	9.181952225534539824e-02	1.246698479903371792e+00
1.502000000000000036e-02	9.181952225534539824e-02	1.249139886153371792e+00
1.502999999999999996e-02	9.113592850534540935e-02	1.243036370528371792e+00
1.503999999999999955e-02	9.113592850534540935e-02	1.245477776778371792e+00
1.504999999999999914e-02	9.045233475534540657e-02	1.238153558028371792e+00
1.506000000000000047e-02	9.040350663034540935e-02	1.240594964278371792e+00
1.507000000000000006e-02	8.967108475534540935e-02	1.233270745528371792e+00
1.507999999999999965e-02	8.967108475534540935e-02	1.236932854903371792e+00
1.508999999999999925e-02	8.893866288034540935e-02	1.229608636153371792e+00
1.510000000000000057e-02	8.888983475534539824e-02	1.232050042403371792e+00
1.511000000000000017e-02	8.815741288034539824e-02	1.224725823653371792e+00
1.511999999999999976e-02	8.810858475534540102e-02	1.228387933028371792e+00
1.512999999999999935e-02	8.737616288034540102e-02	1.221063714278371792e+00
1.514000000000000068e-02	8.732733475534540379e-02	1.223505120528371792e+00
1.515000000000000027e-02	8.654608475534540657e-02	1.216180901778371792e+00
1.515999999999999986e-02	8.649725663034540935e-02	1.218622308028371792e+00
1.516999999999999946e-02	8.576483475534540935e-02	1.212518792403371792e+00
1.518000000000000078e-02	8.571600663034539824e-02	1.214960198653371792e+00
1.519000000000000038e-02	8.493475663034540102e-02	1.207635979903371792e+00
