time[s]	CH1[V]	CH2[V] (num. of cycles: 1)
0.000000000000000000e+00	-7.054401598478618474e-02	-1.222896375154194137e+00
1.000000000000000082e-05	-7.054401598478618474e-02	-1.222896375154194137e+00
2.000000000000000164e-05	-7.049518785978618751e-02	-1.219234265779194137e+00
3.000000000000000076e-05	-7.098346910978618751e-02	-1.226558484529194137e+00
4.000000000000000327e-05	-7.088581285978617919e-02	-1.222896375154194137e+00
5.000000000000000240e-05	-7.142292223478617641e-02	-1.230220593904194137e+00
6.000000000000000152e-05	-7.132526598478618196e-02	-1.226558484529194137e+00
6.999999999999999387e-05	-7.181354723478618196e-02	-1.233882703279194137e+00
8.000000000000000654e-05	-7.176471910978618474e-02	-1.230220593904194137e+00
9.000000000000000567e-05	-7.225300035978618474e-02	-1.237544812654194137e+00
1.000000000000000048e-04	-7.220417223478618751e-02	-1.233882703279194137e+00
1.100000000000000039e-04	-7.269245348478618751e-02	-1.241206922029194137e+00
1.200000000000000030e-04	-7.259479723478617919e-02	-1.237544812654194137e+00
1.299999999999999886e-04	-7.313190660978617641e-02	-1.244869031404194137e+00
1.399999999999999877e-04	-7.303425035978618196e-02	-1.241206922029194137e+00
1.499999999999999869e-04	-7.352253160978618196e-02	-1.248531140779194137e+00
1.600000000000000131e-04	-7.347370348478618474e-02	-1.244869031404194137e+00
1.700000000000000122e-04	-7.396198473478618474e-02	-1.252193250154194137e+00
1.800000000000000113e-04	-7.391315660978618751e-02	-1.248531140779194137e+00
1.900000000000000105e-04	-7.440143785978618751e-02	-1.255855359529194137e+00
2.000000000000000096e-04	-7.435260973478617641e-02	-1.253413953279194137e+00
2.100000000000000087e-04	-7.484089098478617641e-02	-1.259517468904194137e+00
2.200000000000000078e-04	-7.479206285978617919e-02	-1.255855359529194137e+00
2.300000000000000070e-04	-7.528034410978617919e-02	-1.263179578279194137e+00
2.400000000000000061e-04	-7.518268785978618474e-02	-1.260738172029194137e+00
2.500000000000000052e-04	-7.571979723478618196e-02	-1.266841687654194137e+00
2.599999999999999772e-04	-7.562214098478618751e-02	-1.263179578279194137e+00
2.700000000000000035e-04	-7.611042223478618751e-02	-1.270503797029194137e+00
2.799999999999999755e-04	-7.606159410978619029e-02	-1.268062390779194137e+00
2.900000000000000017e-04	-7.654987535978619029e-02	-1.274165906404194137e+00
2.999999999999999737e-04	-7.650104723478617919e-02	-1.271724500154194137e+00
3.099999999999999999e-04	-7.698932848478617919e-02	-1.277828015779194137e+00
3.200000000000000262e-04	-7.689167223478618474e-02	-1.274165906404194137e+00
3.299999999999999982e-04	-7.737995348478618474e-02	-1.281490125154194137e+00
3.400000000000000244e-04	-7.733112535978618751e-02	-1.277828015779194137e+00
3.499999999999999964e-04	-7.781940660978618751e-02	-1.285152234529194137e+00
3.600000000000000227e-04	-7.772175035978617919e-02	-1.282710828279194137e+00
3.699999999999999947e-04	-7.821003160978617919e-02	-1.288814343904194137e+00
3.800000000000000209e-04	-7.816120348478618196e-02	-1.285152234529194137e+00
3.899999999999999929e-04	-7.864948473478618196e-02	-1.292476453279194137e+00
4.000000000000000192e-04	-7.860065660978618474e-02	-1.290035047029194137e+00
4.099999999999999912e-04	-7.904010973478618751e-02	-1.296138562654194137e+00
4.200000000000000174e-04	-7.899128160978619029e-02	-1.292476453279194137e+00
4.299999999999999894e-04	-7.947956285978619029e-02	-1.299800672029194137e+00
4.400000000000000157e-04	-7.938190660978618196e-02	-1.296138562654194137e+00
4.499999999999999877e-04	-7.987018785978618196e-02	-1.303462781404194137e+00
4.600000000000000139e-04	-7.982135973478618474e-02	-1.301021375154194137e+00
4.699999999999999859e-04	-8.030964098478618474e-02	-1.308345593904194137e+00
4.800000000000000122e-04	-8.021198473478619029e-02	-1.304683484529194137e+00
4.899999999999999842e-04	-8.070026598478619029e-02	-1.312007703279194137e+00
5.000000000000000104e-04	-8.060260973478618196e-02	-1.308345593904194137e+00
5.100000000000000366e-04	-8.109089098478618196e-02	-1.314449109529194137e+00
5.199999999999999544e-04	-8.099323473478618751e-02	-1.312007703279194137e+00
5.299999999999999807e-04	-8.148151598478618751e-02	-1.318111218904194137e+00
5.400000000000000069e-04	-8.138385973478617919e-02	-1.314449109529194137e+00
5.500000000000000331e-04	-8.187214098478617919e-02	-1.322994031404194137e+00
5.599999999999999509e-04	-8.177448473478618474e-02	-1.318111218904194137e+00
5.699999999999999772e-04	-8.226276598478618474e-02	-1.325435437654194137e+00
5.800000000000000034e-04	-8.216510973478619029e-02	-1.322994031404194137e+00
5.900000000000000296e-04	-8.265339098478619029e-02	-1.330318250154194137e+00
5.999999999999999474e-04	-8.255573473478618196e-02	-1.325435437654194137e+00
6.099999999999999737e-04	-8.304401598478618196e-02	-1.332759656404194137e+00
6.199999999999999999e-04	-8.294635973478618751e-02	-1.330318250154194137e+00
6.300000000000000261e-04	-8.343464098478618751e-02	-1.336421765779194137e+00
6.400000000000000524e-04	-8.333698473478617919e-02	-1.332759656404194137e+00
6.499999999999999702e-04	-8.382526598478617919e-02	-1.340083875154194137e+00
6.599999999999999964e-04	-8.372760973478618474e-02	-1.337642468904194137e+00
6.700000000000000226e-04	-8.421589098478618474e-02	-1.343745984529194137e+00
6.800000000000000488e-04	-8.411823473478619029e-02	-1.340083875154194137e+00
6.899999999999999667e-04	-8.460651598478619029e-02	-1.347408093904194137e+00
6.999999999999999929e-04	-8.450885973478618196e-02	-1.343745984529194137e+00
7.100000000000000191e-04	-8.499714098478618196e-02	-1.351070203279194137e+00
7.200000000000000453e-04	-8.489948473478618751e-02	-1.348628797029194137e+00
7.299999999999999632e-04	-8.538776598478618751e-02	-1.354732312654194137e+00
7.399999999999999894e-04	-8.529010973478617919e-02	-1.351070203279194137e+00
7.500000000000000156e-04	-8.577839098478617919e-02	-1.358394422029194137e+00
7.600000000000000418e-04	-8.568073473478618474e-02	-1.354732312654194137e+00
7.699999999999999597e-04	-8.612018785978618751e-02	-1.362056531404194137e+00
7.799999999999999859e-04	-8.607135973478619029e-02	-1.358394422029194137e+00
7.900000000000000121e-04	-8.651081285978617919e-02	-1.365718640779194137e+00
8.000000000000000383e-04	-8.646198473478618196e-02	-1.362056531404194137e+00
8.099999999999999561e-04	-8.690143785978618474e-02	-1.369380750154194137e+00
8.199999999999999824e-04	-8.685260973478618751e-02	-1.365718640779194137e+00
8.300000000000000086e-04	-8.729206285978619029e-02	-1.373042859529194137e+00
8.400000000000000348e-04	-8.724323473478617919e-02	-1.369380750154194137e+00
8.499999999999999526e-04	-8.768268785978618196e-02	-1.376704968904194137e+00
8.599999999999999789e-04	-8.758503160978618751e-02	-1.373042859529194137e+00
8.700000000000000051e-04	-8.807331285978618751e-02	-1.380367078279194137e+00
8.800000000000000313e-04	-8.797565660978617919e-02	-1.376704968904194137e+00
8.899999999999999491e-04	-8.841510973478618196e-02	-1.384029187654194137e+00
8.999999999999999754e-04	-8.836628160978618474e-02	-1.380367078279194137e+00
9.100000000000000016e-04	-8.880573473478618751e-02	-1.387691297029194137e+00
9.200000000000000278e-04	-8.870807848478617919e-02	-1.384029187654194137e+00
9.300000000000000541e-04	-8.919635973478617919e-02	-1.391353406404194137e+00
9.399999999999999719e-04	-8.909870348478618474e-02	-1.387691297029194137e+00
9.499999999999999981e-04	-8.953815660978618751e-02	-1.395015515779194137e+00
9.600000000000000243e-04	-8.944050035978617919e-02	-1.391353406404194137e+00
9.700000000000000505e-04	-8.987995348478618196e-02	-1.398677625154194137e+00
9.799999999999999684e-04	-8.978229723478618751e-02	-1.393794812654194137e+00
9.899999999999999946e-04	-9.022175035978619029e-02	-1.401119031404194137e+00
1.000000000000000021e-03	-9.017292223478617919e-02	-1.391353406404194137e+00
1.010000000000000047e-03	-9.056354723478618474e-02	-1.398677625154194137e+00
1.020000000000000073e-03	-9.046589098478619029e-02	-1.386470593904194137e+00
1.030000000000000100e-03	-9.090534410978617919e-02	-1.393794812654194137e+00
1.039999999999999909e-03	-9.085651598478618196e-02	-1.382808484529194137e+00
1.049999999999999935e-03	-9.124714098478618751e-02	-1.390132703279194137e+00
1.059999999999999961e-03	-9.114948473478617919e-02	-1.377925672029194137e+00
1.069999999999999988e-03	-9.158893785978618196e-02	-1.385249890779194137e+00
1.080000000000000014e-03	-9.149128160978618751e-02	-1.374263562654194137e+00
1.090000000000000040e-03	-9.188190660978617919e-02	-1.381587781404194137e+00
1.100000000000000066e-03	-9.183307848478618196e-02	-1.369380750154194137e+00
1.110000000000000092e-03	-9.217487535978619029e-02	-1.376704968904194137e+00
1.119999999999999902e-03	-9.212604723478617919e-02	-1.364497937654194137e+00
1.129999999999999928e-03	-9.246784410978618751e-02	-1.371822156404194137e+00
1.139999999999999954e-03	-9.237018785978617919e-02	-1.360835828279194137e+00
1.149999999999999981e-03	-9.276081285978618474e-02	-1.368160047029194137e+00
1.160000000000000007e-03	-9.266315660978619029e-02	-1.355953015779194137e+00
1.170000000000000033e-03	-9.300495348478618474e-02	-1.363277234529194137e+00
1.180000000000000059e-03	-9.285846910978617919e-02	-1.351070203279194137e+00
1.190000000000000085e-03	-9.320026598478618751e-02	-1.359615125154194137e+00
1.199999999999999895e-03	-9.305378160978618196e-02	-1.347408093904194137e+00
1.209999999999999921e-03	-9.334675035978617919e-02	-1.354732312654194137e+00
1.219999999999999947e-03	-9.320026598478618751e-02	-1.343745984529194137e+00
1.229999999999999974e-03	-9.349323473478618474e-02	-1.351070203279194137e+00
1.240000000000000000e-03	-9.329792223478618196e-02	-1.338863172029194137e+00
1.250000000000000026e-03	-9.359089098478617919e-02	-1.346187390779194137e+00
1.260000000000000052e-03	-9.334675035978617919e-02	-1.333980359529194137e+00
1.270000000000000078e-03	-9.363971910978619029e-02	-1.341304578279194137e+00
1.280000000000000105e-03	-9.329792223478618196e-02	-1.330318250154194137e+00
1.289999999999999914e-03	-9.359089098478617919e-02	-1.337642468904194137e+00
1.299999999999999940e-03	-9.324909410978618474e-02	-1.325435437654194137e+00
1.309999999999999967e-03	-9.349323473478618474e-02	-1.332759656404194137e+00
1.319999999999999993e-03	-9.305378160978618196e-02	-1.321773328279194137e+00
1.330000000000000019e-03	-9.339557848478619029e-02	-1.329097547029194137e+00
1.340000000000000045e-03	-9.285846910978617919e-02	-1.316890515779194137e+00
1.350000000000000071e-03	-9.320026598478618751e-02	-1.324214734529194137e+00
1.360000000000000098e-03	-9.256550035978618196e-02	-1.312007703279194137e+00
1.369999999999999907e-03	-9.295612535978618751e-02	-1.319331922029194137e+00
1.379999999999999933e-03	-9.222370348478618751e-02	-1.308345593904194137e+00
1.389999999999999960e-03	-9.261432848478617919e-02	-1.315669812654194137e+00
1.399999999999999986e-03	-9.178425035978618474e-02	-1.303462781404194137e+00
1.410000000000000012e-03	-9.227253160978618474e-02	-1.310787000154194137e+00
1.420000000000000038e-03	-9.129596910978618474e-02	-1.299800672029194137e+00
1.430000000000000064e-03	-9.183307848478618196e-02	-1.307124890779194137e+00
1.440000000000000091e-03	-9.075885973478618751e-02	-1.294917859529194137e+00
1.449999999999999900e-03	-9.129596910978618474e-02	-1.302242078279194137e+00
1.459999999999999926e-03	-9.017292223478617919e-02	-1.290035047029194137e+00
1.469999999999999953e-03	-9.075885973478618751e-02	-1.297359265779194137e+00
1.479999999999999979e-03	-8.953815660978618751e-02	-1.286372937654194137e+00
1.490000000000000005e-03	-9.017292223478617919e-02	-1.293697156404194137e+00
1.500000000000000031e-03	-8.885456285978618474e-02	-1.281490125154194137e+00
1.510000000000000057e-03	-8.953815660978618751e-02	-1.288814343904194137e+00
1.520000000000000084e-03	-8.817096910978618196e-02	-1.276607312654194137e+00
1.529999999999999893e-03	-8.885456285978618474e-02	-1.283931531404194137e+00
1.539999999999999919e-03	-8.743854723478618196e-02	-1.272945203279194137e+00
1.549999999999999946e-03	-8.812214098478618474e-02	-1.280269422029194137e+00
1.559999999999999972e-03	-8.670612535978618196e-02	-1.268062390779194137e+00
1.569999999999999998e-03	-8.743854723478618196e-02	-1.275386609529194137e+00
1.580000000000000024e-03	-8.592487535978618474e-02	-1.264400281404194137e+00
1.590000000000000050e-03	-8.665729723478618474e-02	-1.271724500154194137e+00
1.600000000000000077e-03	-8.519245348478618474e-02	-1.259517468904194137e+00
1.610000000000000103e-03	-8.592487535978618474e-02	-1.266841687654194137e+00
1.619999999999999912e-03	-8.441120348478618751e-02	-1.254634656404194137e+00
1.629999999999999939e-03	-8.519245348478618474e-02	-1.263179578279194137e+00
1.639999999999999965e-03	-8.362995348478619029e-02	-1.250972547029194137e+00
1.649999999999999991e-03	-8.441120348478618751e-02	-1.258296765779194137e+00
1.660000000000000017e-03	-8.289753160978619029e-02	-1.246089734529194137e+00
1.670000000000000043e-03	-8.362995348478619029e-02	-1.253413953279194137e+00
1.680000000000000070e-03	-8.211628160978617919e-02	-1.242427625154194137e+00
1.690000000000000096e-03	-8.284870348478617919e-02	-1.249751843904194137e+00
1.699999999999999905e-03	-8.133503160978618196e-02	-1.237544812654194137e+00
1.709999999999999932e-03	-8.206745348478618196e-02	-1.244869031404194137e+00
1.719999999999999958e-03	-8.050495348478618751e-02	-1.232662000154194137e+00
1.729999999999999984e-03	-8.128620348478618474e-02	-1.241206922029194137e+00
1.740000000000000010e-03	-7.972370348478619029e-02	-1.228999890779194137e+00
1.750000000000000036e-03	-8.050495348478618751e-02	-1.236324109529194137e+00
1.760000000000000063e-03	-7.894245348478617919e-02	-1.224117078279194137e+00
1.770000000000000089e-03	-7.972370348478619029e-02	-1.231441297029194137e+00
1.779999999999999898e-03	-7.821003160978617919e-02	-1.219234265779194137e+00
1.789999999999999925e-03	-7.894245348478617919e-02	-1.227779187654194137e+00
1.799999999999999951e-03	-7.737995348478618474e-02	-1.215572156404194137e+00
1.809999999999999977e-03	-7.816120348478618196e-02	-1.222896375154194137e+00
1.820000000000000003e-03	-7.664753160978618474e-02	-1.210689343904194137e+00
1.830000000000000029e-03	-7.737995348478618474e-02	-1.218013562654194137e+00
1.840000000000000056e-03	-7.591510973478618474e-02	-1.207027234529194137e+00
1.850000000000000082e-03	-7.664753160978618474e-02	-1.214351453279194137e+00
1.860000000000000108e-03	-7.518268785978618474e-02	-1.202144422029194137e+00
1.869999999999999917e-03	-7.586628160978618751e-02	-1.209468640779194137e+00
1.879999999999999944e-03	-7.445026598478618474e-02	-1.197261609529194137e+00
1.889999999999999970e-03	-7.518268785978618474e-02	-1.204585828279194137e+00
1.899999999999999996e-03	-7.376667223478618196e-02	-1.193599500154194137e+00
1.910000000000000022e-03	-7.445026598478618474e-02	-1.200923718904194137e+00
1.920000000000000049e-03	-7.313190660978617641e-02	-1.188716687654194137e+00
1.930000000000000075e-03	-7.376667223478618196e-02	-1.196040906404194137e+00
1.940000000000000101e-03	-7.249714098478618474e-02	-1.185054578279194137e+00
1.949999999999999910e-03	-7.313190660978617641e-02	-1.192378797029194137e+00
1.959999999999999937e-03	-7.186237535978617919e-02	-1.180171765779194137e+00
1.969999999999999963e-03	-7.249714098478618474e-02	-1.187495984529194137e+00
1.979999999999999989e-03	-7.132526598478618196e-02	-1.175288953279194137e+00
1.990000000000000015e-03	-7.191120348478617641e-02	-1.183833875154194137e+00
2.000000000000000042e-03	-7.078815660978618474e-02	-1.171626843904194137e+00
2.010000000000000068e-03	-7.137409410978617919e-02	-1.178951062654194137e+00
2.020000000000000094e-03	-7.029987535978618474e-02	-1.166744031404194137e+00
2.030000000000000120e-03	-7.083698473478618196e-02	-1.174068250154194137e+00
2.040000000000000147e-03	-6.976276598478618751e-02	-1.161861218904194137e+00
2.050000000000000173e-03	-7.029987535978618474e-02	-1.170406140779194137e+00
2.060000000000000199e-03	-6.932331285978618474e-02	-1.158199109529194137e+00
2.069999999999999792e-03	-6.981159410978618474e-02	-1.165523328279194137e+00
2.079999999999999818e-03	-6.883503160978618474e-02	-1.153316297029194137e+00
2.089999999999999844e-03	-6.937214098478618196e-02	-1.160640515779194137e+00
2.099999999999999870e-03	-6.844440660978617919e-02	-1.149654187654194137e+00
2.109999999999999896e-03	-6.893268785978617919e-02	-1.156978406404194137e+00
2.119999999999999923e-03	-6.800495348478617641e-02	-1.144771375154194137e+00
2.129999999999999949e-03	-6.849323473478617641e-02	-1.152095593904194137e+00
2.139999999999999975e-03	-6.761432848478618474e-02	-1.139888562654194137e+00
2.150000000000000001e-03	-6.810260973478618474e-02	-1.148433484529194137e+00
2.160000000000000028e-03	-6.722370348478617919e-02	-1.136226453279194137e+00
2.170000000000000054e-03	-6.771198473478617919e-02	-1.143550672029194137e+00
2.180000000000000080e-03	-6.688190660978618474e-02	-1.131343640779194137e+00
2.190000000000000106e-03	-6.732135973478618751e-02	-1.138667859529194137e+00
2.200000000000000133e-03	-6.649128160978617919e-02	-1.127681531404194137e+00
2.210000000000000159e-03	-6.697956285978617919e-02	-1.135005750154194137e+00
2.220000000000000185e-03	-6.610065660978618751e-02	-1.122798718904194137e+00
2.230000000000000211e-03	-6.658893785978618751e-02	-1.130122937654194137e+00
2.239999999999999804e-03	-6.571003160978618196e-02	-1.119136609529194137e+00
2.249999999999999830e-03	-6.619831285978618196e-02	-1.125240125154194137e+00
2.259999999999999856e-03	-6.536823473478618751e-02	-1.114253797029194137e+00
2.269999999999999882e-03	-6.580768785978617641e-02	-1.121578015779194137e+00
2.279999999999999909e-03	-6.497760973478618196e-02	-1.109370984529194137e+00
2.289999999999999935e-03	-6.546589098478618196e-02	-1.116695203279194137e+00
2.299999999999999961e-03	-6.463581285978618751e-02	-1.105708875154194137e+00
2.309999999999999987e-03	-6.507526598478617641e-02	-1.113033093904194137e+00
2.320000000000000014e-03	-6.424518785978618196e-02	-1.100826062654194137e+00
2.330000000000000040e-03	-6.473346910978618196e-02	-1.108150281404194137e+00
2.340000000000000066e-03	-6.390339098478618751e-02	-1.095943250154194137e+00
2.350000000000000092e-03	-6.434284410978617641e-02	-1.103267468904194137e+00
2.360000000000000119e-03	-6.351276598478618196e-02	-1.092281140779194137e+00
2.370000000000000145e-03	-6.395221910978618474e-02	-1.099605359529194137e+00
2.380000000000000171e-03	-6.312214098478617641e-02	-1.087398328279194137e+00
2.390000000000000197e-03	-6.356159410978617919e-02	-1.094722547029194137e+00
2.399999999999999790e-03	-6.273151598478618474e-02	-1.083736218904194137e+00
2.409999999999999816e-03	-6.321979723478618474e-02	-1.091060437654194137e+00
2.419999999999999842e-03	-6.234089098478617919e-02	-1.078853406404194137e+00
2.429999999999999868e-03	-6.282917223478617919e-02	-1.086177625154194137e+00
2.439999999999999895e-03	-6.199909410978618474e-02	-1.073970593904194137e+00
2.449999999999999921e-03	-6.243854723478618057e-02	-1.081294812654194137e+00
2.459999999999999947e-03	-6.160846910978617919e-02	-1.070308484529194137e+00
2.469999999999999973e-03	-6.204792223478618196e-02	-1.077632703279194137e+00
2.480000000000000000e-03	-6.121784410978618057e-02	-1.065425672029194137e+00
2.490000000000000026e-03	-6.170612535978618057e-02	-1.072749890779194137e+00
2.500000000000000052e-03	-6.082721910978618196e-02	-1.061763562654194137e+00
2.510000000000000078e-03	-6.126667223478618474e-02	-1.069087781404194137e+00
2.520000000000000104e-03	-6.043659410978618335e-02	-1.056880750154194137e+00
2.530000000000000131e-03	-6.092487535978618335e-02	-1.064204968904194137e+00
2.540000000000000157e-03	-6.004596910978618474e-02	-1.051997937654194137e+00
2.550000000000000183e-03	-6.048542223478618057e-02	-1.059322156404194137e+00
2.560000000000000209e-03	-5.960651598478618196e-02	-1.048335828279194137e+00
2.569999999999999802e-03	-6.009479723478618196e-02	-1.055660047029194137e+00
2.579999999999999828e-03	-5.921589098478618335e-02	-1.044673718904194137e+00
2.589999999999999854e-03	-5.970417223478618335e-02	-1.051997937654194137e+00
2.599999999999999881e-03	-5.877643785978618057e-02	-1.039790906404194137e+00
2.609999999999999907e-03	-5.926471910978618057e-02	-1.047115125154194137e+00
2.619999999999999933e-03	-5.833698473478618474e-02	-1.034908093904194137e+00
2.629999999999999959e-03	-5.882526598478618474e-02	-1.042232312654194137e+00
2.639999999999999986e-03	-5.784870348478618474e-02	-1.031245984529194137e+00
2.650000000000000012e-03	-5.833698473478618474e-02	-1.038570203279194137e+00
2.660000000000000038e-03	-5.736042223478618474e-02	-1.026363172029194137e+00
2.670000000000000064e-03	-5.789753160978618196e-02	-1.033687390779194137e+00
2.680000000000000090e-03	-5.687214098478618474e-02	-1.022701062654194137e+00
2.690000000000000117e-03	-5.740925035978618196e-02	-1.030025281404194137e+00
2.700000000000000143e-03	-5.638385973478618474e-02	-1.017818250154194137e+00
2.710000000000000169e-03	-5.692096910978618196e-02	-1.025142468904194137e+00
2.720000000000000195e-03	-5.589557848478618474e-02	-1.014156140779194137e+00
2.729999999999999788e-03	-5.643268785978618196e-02	-1.020259656404194137e+00
2.739999999999999814e-03	-5.535846910978618057e-02	-1.009273328279194137e+00
2.749999999999999840e-03	-5.589557848478618474e-02	-1.016597547029194137e+00
2.759999999999999867e-03	-5.487018785978618057e-02	-1.004390515779194137e+00
2.769999999999999893e-03	-5.540729723478618474e-02	-1.011714734529194137e+00
2.779999999999999919e-03	-5.433307848478618335e-02	-1.000728406404194137e+00
2.789999999999999945e-03	-5.487018785978618057e-02	-1.008052625154194137e+00
2.799999999999999972e-03	-5.379596910978617919e-02	-9.958455939041941374e-01
2.809999999999999998e-03	-5.438190660978618057e-02	-1.003169812654194137e+00
2.820000000000000024e-03	-5.325885973478618196e-02	-9.909627814041941374e-01
2.830000000000000050e-03	-5.384479723478618335e-02	-9.982870001541941374e-01
2.840000000000000076e-03	-5.272175035978618474e-02	-9.873006720291941374e-01
2.850000000000000103e-03	-5.325885973478618196e-02	-9.946248907791941374e-01
2.860000000000000129e-03	-5.213581285978618335e-02	-9.824178595291941374e-01
2.870000000000000155e-03	-5.272175035978618474e-02	-9.897420782791941374e-01
2.880000000000000181e-03	-5.159870348478617919e-02	-9.787557501541941374e-01
2.890000000000000208e-03	-5.218464098478618057e-02	-9.860799689041941374e-01
2.899999999999999800e-03	-5.101276598478618474e-02	-9.738729376541941374e-01
2.909999999999999826e-03	-5.164753160978618335e-02	-9.811971564041941374e-01
2.919999999999999853e-03	-5.047565660978618057e-02	-9.689901251541941374e-01
2.929999999999999879e-03	-5.106159410978618196e-02	-9.763143439041941374e-01
2.939999999999999905e-03	-4.988971910978618612e-02	-9.653280157791941374e-01
2.949999999999999931e-03	-5.047565660978618057e-02	-9.726522345291941374e-01
2.959999999999999958e-03	-4.935260973478618890e-02	-9.604452032791941374e-01
2.969999999999999984e-03	-4.993854723478619029e-02	-9.677694220291941374e-01
2.980000000000000010e-03	-4.876667223478618751e-02	-9.567830939041941374e-01
2.990000000000000036e-03	-4.935260973478618890e-02	-9.641073126541941374e-01
3.000000000000000062e-03	-4.818073473478618612e-02	-9.519002814041941374e-01
3.010000000000000089e-03	-4.876667223478618751e-02	-9.592245001541941374e-01
3.020000000000000115e-03	-4.759479723478618474e-02	-9.470174689041941374e-01
3.030000000000000141e-03	-4.818073473478618612e-02	-9.543416876541941374e-01
3.040000000000000167e-03	-4.700885973478619029e-02	-9.433553595291941374e-01
3.050000000000000194e-03	-4.759479723478618474e-02	-9.506795782791941374e-01
3.059999999999999786e-03	-4.637409410978618474e-02	-9.384725470291941374e-01
3.069999999999999812e-03	-4.700885973478619029e-02	-9.457967657791941374e-01
3.079999999999999839e-03	-4.583698473478618751e-02	-9.335897345291941374e-01
3.089999999999999865e-03	-4.642292223478618890e-02	-9.421346564041941374e-01
3.099999999999999891e-03	-4.525104723478618612e-02	-9.299276251541941374e-01
3.109999999999999917e-03	-4.583698473478618751e-02	-9.372518439041941374e-01
3.119999999999999944e-03	-4.466510973478618474e-02	-9.250448126541941374e-01
3.129999999999999970e-03	-4.525104723478618612e-02	-9.323690314041941374e-01
3.139999999999999996e-03	-4.407917223478619029e-02	-9.213827032791941374e-01
3.150000000000000022e-03	-4.466510973478618474e-02	-9.287069220291941374e-01
3.160000000000000048e-03	-4.354206285978618612e-02	-9.164998907791941374e-01
3.170000000000000075e-03	-4.407917223478619029e-02	-9.238241095291941374e-01
3.180000000000000101e-03	-4.295612535978618474e-02	-9.128377814041941374e-01
3.190000000000000127e-03	-4.354206285978618612e-02	-9.201620001541941374e-01
3.200000000000000153e-03	-4.241901598478618751e-02	-9.079549689041941374e-01
3.210000000000000180e-03	-4.300495348478618890e-02	-9.152791876541941374e-01
3.220000000000000206e-03	-4.188190660978619029e-02	-9.030721564041941374e-01
3.229999999999999798e-03	-4.241901598478618751e-02	-9.116170782791941374e-01
3.239999999999999825e-03	-4.134479723478618612e-02	-8.994100470291941374e-01
3.249999999999999851e-03	-4.188190660978619029e-02	-9.067342657791941374e-01
3.259999999999999877e-03	-4.080768785978618890e-02	-8.945272345291941374e-01
3.269999999999999903e-03	-4.134479723478618612e-02	-9.018514532791941374e-01
3.279999999999999930e-03	-4.031940660978618890e-02	-8.908651251541941374e-01
3.289999999999999956e-03	-4.085651598478618612e-02	-8.969686407791941374e-01
3.299999999999999982e-03	-3.978229723478618474e-02	-8.859823126541941374e-01
3.310000000000000008e-03	-4.031940660978618890e-02	-8.933065314041941374e-01
3.320000000000000034e-03	-3.924518785978618751e-02	-8.823202032791941374e-01
3.330000000000000061e-03	-3.983112535978618890e-02	-8.896444220291941374e-01
3.340000000000000087e-03	-3.875690660978618751e-02	-8.774373907791941374e-01
3.350000000000000113e-03	-3.929401598478618474e-02	-8.847616095291941374e-01
3.360000000000000139e-03	-3.826862535978618751e-02	-8.725545782791941374e-01
3.370000000000000166e-03	-3.880573473478618474e-02	-8.798787970291941374e-01
3.380000000000000192e-03	-3.778034410978618751e-02	-8.688924689041941374e-01
3.389999999999999784e-03	-3.831745348478618474e-02	-8.762166876541941374e-01
3.399999999999999811e-03	-3.729206285978618751e-02	-8.640096564041941374e-01
3.409999999999999837e-03	-3.782917223478618474e-02	-8.713338751541941374e-01
3.419999999999999863e-03	-3.675495348478618335e-02	-8.591268439041941374e-01
3.429999999999999889e-03	-3.729206285978618751e-02	-8.676717657791941374e-01
3.439999999999999915e-03	-3.626667223478618335e-02	-8.554647345291941374e-01
3.449999999999999942e-03	-3.680378160978618751e-02	-8.627889532791941374e-01
3.459999999999999968e-03	-3.577839098478618335e-02	-8.505819220291941374e-01
3.469999999999999994e-03	-3.631550035978618751e-02	-8.579061407791941374e-01
3.480000000000000020e-03	-3.529010973478618335e-02	-8.469198126541941374e-01
3.490000000000000047e-03	-3.582721910978618751e-02	-8.542440314041941374e-01
3.500000000000000073e-03	-3.480182848478618335e-02	-8.420370001541941374e-01
3.510000000000000099e-03	-3.533893785978618751e-02	-8.493612189041941374e-01
3.520000000000000125e-03	-3.431354723478618335e-02	-8.383748907791941374e-01
3.530000000000000152e-03	-3.485065660978618751e-02	-8.456991095291941374e-01
3.540000000000000178e-03	-3.382526598478618335e-02	-8.334920782791941374e-01
3.550000000000000204e-03	-3.436237535978618751e-02	-8.408162970291941374e-01
3.559999999999999797e-03	-3.338581285978618751e-02	-8.286092657791941374e-01
3.569999999999999823e-03	-3.387409410978618751e-02	-8.359334845291941374e-01
3.579999999999999849e-03	-3.289753160978618751e-02	-8.249471564041941374e-01
3.589999999999999875e-03	-3.338581285978618751e-02	-8.322713751541941374e-01
3.599999999999999901e-03	-3.240925035978618751e-02	-8.200643439041941374e-01
3.609999999999999928e-03	-3.289753160978618751e-02	-8.273885626541941374e-01
3.619999999999999954e-03	-3.192096910978618751e-02	-8.164022345291941374e-01
3.629999999999999980e-03	-3.245807848478618474e-02	-8.237264532791941374e-01
3.640000000000000006e-03	-3.143268785978618751e-02	-8.115194220291941374e-01
3.650000000000000033e-03	-3.196979723478618474e-02	-8.188436407791941374e-01
3.660000000000000059e-03	-3.094440660978618751e-02	-8.066366095291941374e-01
3.670000000000000085e-03	-3.148151598478618474e-02	-8.139608282791941374e-01
3.680000000000000111e-03	-3.050495348478618474e-02	-8.029745001541941374e-01
3.690000000000000138e-03	-3.099323473478618474e-02	-8.102987189041941374e-01
3.700000000000000164e-03	-3.001667223478618474e-02	-7.980916876541941374e-01
3.710000000000000190e-03	-3.055378160978618543e-02	-8.054159064041941374e-01
3.720000000000000216e-03	-2.952839098478618474e-02	-7.944295782791941374e-01
3.729999999999999809e-03	-3.006550035978618543e-02	-8.017537970291941374e-01
3.739999999999999835e-03	-2.908893785978618543e-02	-7.895467657791941374e-01
3.749999999999999861e-03	-2.957721910978618543e-02	-7.968709845291941374e-01
3.759999999999999887e-03	-2.860065660978618543e-02	-7.846639532791941374e-01
3.769999999999999914e-03	-2.908893785978618543e-02	-7.919881720291941374e-01
3.779999999999999940e-03	-2.811237535978618543e-02	-7.810018439041941374e-01
3.789999999999999966e-03	-2.864948473478618612e-02	-7.883260626541941374e-01
3.799999999999999992e-03	-2.767292223478618612e-02	-7.761190314041941374e-01
3.810000000000000019e-03	-2.816120348478618612e-02	-7.834432501541941374e-01
3.820000000000000045e-03	-2.723346910978618682e-02	-7.724569220291941374e-01
3.830000000000000071e-03	-2.772175035978618682e-02	-7.797811407791941374e-01
3.840000000000000097e-03	-2.674518785978618682e-02	-7.675741095291941374e-01
3.850000000000000124e-03	-2.728229723478618751e-02	-7.748983282791941374e-01
3.860000000000000150e-03	-2.630573473478618751e-02	-7.626912970291941374e-01
3.870000000000000176e-03	-2.684284410978618474e-02	-7.700155157791941374e-01
3.880000000000000202e-03	-2.586628160978618474e-02	-7.590291876541941374e-01
3.889999999999999795e-03	-2.635456285978618474e-02	-7.663534064041941374e-01
3.899999999999999821e-03	-2.542682848478618543e-02	-7.541463751541941374e-01
3.910000000000000281e-03	-2.591510973478618543e-02	-7.614705939041941374e-01
3.919999999999999873e-03	-2.503620348478618682e-02	-7.504842657791941374e-01
3.930000000000000333e-03	-2.552448473478618682e-02	-7.578084845291941374e-01
3.939999999999999926e-03	-2.459675035978618751e-02	-7.456014532791941374e-01
3.950000000000000386e-03	-2.508503160978618751e-02	-7.529256720291941374e-01
3.959999999999999978e-03	-2.420612535978618543e-02	-7.419393439041941374e-01
3.969999999999999571e-03	-2.469440660978618543e-02	-7.492635626541941374e-01
3.980000000000000031e-03	-2.381550035978618682e-02	-7.370565314041941374e-01
3.989999999999999623e-03	-2.425495348478618612e-02	-7.443807501541941374e-01
4.000000000000000083e-03	-2.342487535978618474e-02	-7.333944220291941374e-01
4.009999999999999676e-03	-2.386432848478618751e-02	-7.407186407791941374e-01
4.020000000000000136e-03	-2.303425035978618612e-02	-7.285116095291941374e-01
4.029999999999999728e-03	-2.352253160978618612e-02	-7.358358282791941374e-01
4.040000000000000188e-03	-2.269245348478618474e-02	-7.236287970291941374e-01
4.049999999999999781e-03	-2.313190660978618751e-02	-7.309530157791941374e-01
4.060000000000000241e-03	-2.230182848478618612e-02	-7.199666876541941374e-01
4.069999999999999833e-03	-2.274128160978618543e-02	-7.272909064041941374e-01
4.080000000000000293e-03	-2.196003160978618474e-02	-7.150838751541941374e-01
4.089999999999999886e-03	-2.239948473478618751e-02	-7.224080939041941374e-01
4.100000000000000346e-03	-2.161823473478618682e-02	-7.114217657791941374e-01
4.109999999999999938e-03	-2.205768785978618612e-02	-7.187459845291941374e-01
4.120000000000000398e-03	-2.122760973478618474e-02	-7.065389532791941374e-01
4.129999999999999991e-03	-2.166706285978618751e-02	-7.138631720291941374e-01
4.139999999999999583e-03	-2.088581285978618682e-02	-7.016561407791941374e-01
4.150000000000000043e-03	-2.132526598478618612e-02	-7.102010626541941374e-01
4.159999999999999636e-03	-2.059284410978618612e-02	-6.979940314041941374e-01
4.170000000000000095e-03	-2.098346910978618474e-02	-7.053182501541941374e-01
4.179999999999999688e-03	-2.025104723478618474e-02	-6.931112189041941374e-01
4.190000000000000148e-03	-2.069050035978618751e-02	-7.004354376541941374e-01
4.199999999999999740e-03	-1.995807848478618751e-02	-6.894491095291941374e-01
4.210000000000000200e-03	-2.034870348478618612e-02	-6.967733282791941374e-01
4.219999999999999793e-03	-1.961628160978618612e-02	-6.845662970291941374e-01
4.230000000000000253e-03	-2.005573473478618543e-02	-6.918905157791941374e-01
4.239999999999999845e-03	-1.932331285978618543e-02	-6.809041876541941374e-01
4.250000000000000305e-03	-1.971393785978618751e-02	-6.882284064041941374e-01
4.259999999999999898e-03	-1.903034410978618474e-02	-6.760213751541941374e-01
4.270000000000000358e-03	-1.942096910978618682e-02	-6.833455939041941374e-01
4.279999999999999950e-03	-1.873737535978618404e-02	-6.711385626541941374e-01
4.290000000000000410e-03	-1.912800035978618612e-02	-6.796834845291941374e-01
4.300000000000000003e-03	-1.839557848478618612e-02	-6.674764532791941374e-01
4.309999999999999595e-03	-1.878620348478618474e-02	-6.748006720291941374e-01
4.320000000000000055e-03	-1.810260973478618543e-02	-6.625936407791941374e-01
4.329999999999999648e-03	-1.854206285978618474e-02	-6.711385626541941374e-01
4.340000000000000108e-03	-1.785846910978618543e-02	-6.589315314041941374e-01
4.349999999999999700e-03	-1.824909410978618404e-02	-6.662557501541941374e-01
4.360000000000000160e-03	-1.756550035978618474e-02	-6.540487189041941374e-01
4.369999999999999753e-03	-1.795612535978618682e-02	-6.625936407791941374e-01
4.380000000000000213e-03	-1.727253160978618404e-02	-6.503866095291941374e-01
4.389999999999999805e-03	-1.766315660978618612e-02	-6.577108282791941374e-01
4.400000000000000265e-03	-1.697956285978618682e-02	-6.455037970291941374e-01
4.409999999999999858e-03	-1.737018785978618543e-02	-6.528280157791941374e-01
4.420000000000000318e-03	-1.668659410978618612e-02	-6.418416876541941374e-01
4.429999999999999910e-03	-1.712604723478618543e-02	-6.491659064041941374e-01
4.440000000000000370e-03	-1.644245348478618612e-02	-6.369588751541941374e-01
4.449999999999999963e-03	-1.683307848478618474e-02	-6.442830939041941374e-01
4.460000000000000422e-03	-1.614948473478618543e-02	-6.320760626541941374e-01
4.470000000000000015e-03	-1.654010973478618404e-02	-6.406209845291941374e-01
4.479999999999999608e-03	-1.585651598478618474e-02	-6.284139532791941374e-01
4.490000000000000067e-03	-1.624714098478618682e-02	-6.357381720291941374e-01
4.499999999999999660e-03	-1.561237535978618474e-02	-6.235311407791941374e-01
4.510000000000000120e-03	-1.600300035978618682e-02	-6.308553595291941374e-01
4.519999999999999712e-03	-1.531940660978618578e-02	-6.198690314041941374e-01
4.530000000000000172e-03	-1.571003160978618612e-02	-6.271932501541941374e-01
4.539999999999999765e-03	-1.502643785978618508e-02	-6.149862189041941374e-01
4.550000000000000225e-03	-1.541706285978618543e-02	-6.223104376541941374e-01
4.559999999999999817e-03	-1.478229723478618508e-02	-6.113241095291941374e-01
4.570000000000000277e-03	-1.517292223478618543e-02	-6.174276251541941374e-01
4.579999999999999870e-03	-1.448932848478618612e-02	-6.064412970291941374e-01
4.590000000000000330e-03	-1.487995348478618474e-02	-6.137655157791941374e-01
4.599999999999999922e-03	-1.419635973478618543e-02	-6.027791876541941374e-01
4.610000000000000382e-03	-1.458698473478618578e-02	-6.101034064041941374e-01
4.619999999999999975e-03	-1.390339098478618474e-02	-5.978963751541941374e-01
4.629999999999999567e-03	-1.429401598478618508e-02	-6.052205939041941374e-01
4.640000000000000027e-03	-1.361042223478618578e-02	-5.942342657791941374e-01
4.649999999999999620e-03	-1.400104723478618612e-02	-6.003377814041941374e-01
4.660000000000000080e-03	-1.331745348478618508e-02	-5.893514532791941374e-01
4.669999999999999672e-03	-1.370807848478618543e-02	-5.966756720291941374e-01
4.680000000000000132e-03	-1.297565660978618543e-02	-5.844686407791941374e-01
4.689999999999999725e-03	-1.341510973478618474e-02	-5.917928595291941374e-01
4.700000000000000185e-03	-1.268268785978618474e-02	-5.808065314041941374e-01
4.709999999999999777e-03	-1.307331285978618508e-02	-5.881307501541941374e-01
4.720000000000000237e-03	-1.234089098478618508e-02	-5.759237189041941374e-01
4.729999999999999830e-03	-1.278034410978618612e-02	-5.832479376541941374e-01
4.740000000000000289e-03	-1.199909410978618543e-02	-5.722616095291941374e-01
4.749999999999999882e-03	-1.243854723478618474e-02	-5.795858282791941374e-01
4.760000000000000342e-03	-1.165729723478618578e-02	-5.673787970291941374e-01
4.769999999999999934e-03	-1.209675035978618508e-02	-5.747030157791941374e-01
4.780000000000000394e-03	-1.136432848478618508e-02	-5.637166876541941374e-01
4.789999999999999987e-03	-1.175495348478618543e-02	-5.710409064041941374e-01
4.799999999999999580e-03	-1.102253160978618543e-02	-5.588338751541941374e-01
4.810000000000000039e-03	-1.141315660978618578e-02	-5.661580939041941374e-01
4.819999999999999632e-03	-1.068073473478618578e-02	-5.551717657791941374e-01
4.830000000000000092e-03	-1.107135973478618612e-02	-5.624959845291941374e-01
4.839999999999999684e-03	-1.033893785978618612e-02	-5.502889532791941374e-01
4.850000000000000144e-03	-1.077839098478618543e-02	-5.576131720291941374e-01
4.859999999999999737e-03	-1.004596910978618543e-02	-5.466268439041941374e-01
4.870000000000000197e-03	-1.043659410978618578e-02	-5.539510626541941374e-01
4.879999999999999789e-03	-9.704172234786185777e-03	-5.417440314041941374e-01
4.890000000000000249e-03	-1.014362535978618508e-02	-5.490682501541941374e-01
4.899999999999999842e-03	-9.411203484786185083e-03	-5.368612189041941374e-01
4.910000000000000302e-03	-9.801828484786185430e-03	-5.441854376541941374e-01
4.919999999999999894e-03	-9.118234734786184389e-03	-5.331991095291941374e-01
4.930000000000000354e-03	-9.508859734786184736e-03	-5.405233282791941374e-01
4.939999999999999947e-03	-8.825265984786185430e-03	-5.283162970291941374e-01
4.950000000000000407e-03	-9.215890984786185777e-03	-5.356405157791941374e-01
4.959999999999999999e-03	-8.532297234786184736e-03	-5.246541876541941374e-01
4.969999999999999592e-03	-8.922922234786185083e-03	-5.319784064041941374e-01
4.980000000000000052e-03	-8.239328484786185777e-03	-5.197713751541941374e-01
4.989999999999999644e-03	-8.629953484786184389e-03	-5.270955939041941374e-01
5.000000000000000104e-03	-7.946359734786185083e-03	-5.161092657791941374e-01
5.009999999999999697e-03	-8.385812859786184389e-03	-5.234334845291941374e-01
5.020000000000000157e-03	-7.702219109786185083e-03	-5.112264532791941374e-01
5.029999999999999749e-03	-8.092844109786185430e-03	-5.185506720291941374e-01
5.040000000000000209e-03	-7.458078484786185083e-03	-5.075643439041941374e-01
5.049999999999999802e-03	-7.848703484786185430e-03	-5.148885626541941374e-01
5.060000000000000261e-03	-7.165109734786185257e-03	-5.026815314041941374e-01
5.069999999999999854e-03	-7.555734734786184736e-03	-5.100057501541941374e-01
5.080000000000000314e-03	-6.920969109786185257e-03	-4.990194220291940819e-01
5.089999999999999906e-03	-7.311594109786184736e-03	-5.063436407791941374e-01
5.100000000000000366e-03	-6.676828484786185257e-03	-4.941366095291940819e-01
5.109999999999999959e-03	-7.067453484786184736e-03	-5.014608282791941374e-01
5.120000000000000419e-03	-6.432687859786185257e-03	-4.904745001541940819e-01
5.130000000000000011e-03	-6.823312859786184736e-03	-4.977987189041940819e-01
5.139999999999999604e-03	-6.188547234786184389e-03	-4.855916876541940819e-01
5.150000000000000064e-03	-6.628000359786185430e-03	-4.929159064041940819e-01
5.159999999999999656e-03	-5.944406609786184389e-03	-4.819295782791940819e-01
5.170000000000000116e-03	-6.383859734786185430e-03	-4.892537970291940819e-01
5.179999999999999709e-03	-5.749094109786184216e-03	-4.770467657791940819e-01
5.190000000000000169e-03	-6.139719109786184563e-03	-4.843709845291940819e-01
5.199999999999999761e-03	-5.504953484786184216e-03	-4.733846564041940819e-01
5.210000000000000221e-03	-5.895578484786184563e-03	-4.807088751541940819e-01
5.219999999999999814e-03	-5.309640984786184043e-03	-4.685018439041940819e-01
5.230000000000000274e-03	-5.700265984786184389e-03	-4.758260626541940819e-01
5.239999999999999866e-03	-5.114328484786184736e-03	-4.648397345291940819e-01
5.250000000000000326e-03	-5.456125359786184389e-03	-4.721639532791940819e-01
5.259999999999999919e-03	-4.870187859786184736e-03	-4.599569220291940819e-01
5.270000000000000379e-03	-5.260812859786184216e-03	-4.672811407791940819e-01
5.279999999999999971e-03	-4.674875359786184563e-03	-4.550741095291940819e-01
5.290000000000000431e-03	-5.065500359786184043e-03	-4.636190314041940819e-01
5.300000000000000024e-03	-4.479562859786184389e-03	-4.514120001541940819e-01
5.309999999999999616e-03	-4.870187859786184736e-03	-4.587362189041940819e-01
5.320000000000000076e-03	-4.284250359786184216e-03	-4.465291876541940819e-01
5.329999999999999669e-03	-4.674875359786184563e-03	-4.538534064041940819e-01
5.340000000000000129e-03	-4.088937859786184043e-03	-4.428670782791940819e-01
5.349999999999999721e-03	-4.479562859786184389e-03	-4.501912970291940819e-01
5.360000000000000181e-03	-3.942453484786184563e-03	-4.379842657791940819e-01
5.369999999999999774e-03	-4.284250359786184216e-03	-4.453084845291940819e-01
5.380000000000000233e-03	-3.795969109786184216e-03	-4.343221564041940819e-01
5.389999999999999826e-03	-4.137765984786183869e-03	-4.416463751541940819e-01
5.400000000000000286e-03	-3.600656609786184043e-03	-4.294393439041940819e-01
5.409999999999999878e-03	-3.991281609786184389e-03	-4.367635626541940819e-01
5.420000000000000338e-03	-3.454172234786184129e-03	-4.257772345291940819e-01
5.429999999999999931e-03	-3.795969109786184216e-03	-4.331014532791940819e-01
5.440000000000000391e-03	-3.307687859786184216e-03	-4.221151251541940819e-01
5.449999999999999983e-03	-3.649484734786184303e-03	-4.294393439041940819e-01
5.459999999999999576e-03	-3.161203484786184303e-03	-4.172323126541940819e-01
5.470000000000000036e-03	-3.503000359786184389e-03	-4.245565314041940819e-01
5.479999999999999628e-03	-3.063547234786184216e-03	-4.135702032791940819e-01
5.490000000000000088e-03	-3.356515984786184043e-03	-4.196737189041940819e-01
5.499999999999999681e-03	-2.917062859786184303e-03	-4.086873907791940819e-01
5.510000000000000141e-03	-3.258859734786184389e-03	-4.160116095291940819e-01
5.519999999999999733e-03	-2.770578484786184389e-03	-4.038045782791940819e-01
5.530000000000000193e-03	-3.112375359786184043e-03	-4.111287970291940819e-01
5.539999999999999786e-03	-2.672922234786184303e-03	-4.001424689041940819e-01
5.550000000000000246e-03	-3.014719109786184389e-03	-4.074666876541940819e-01
5.559999999999999838e-03	-2.526437859786184389e-03	-3.964803595291940819e-01
5.570000000000000298e-03	-2.868234734786184043e-03	-4.038045782791940819e-01
5.579999999999999891e-03	-2.428781609786184303e-03	-3.915975470291940819e-01
5.590000000000000351e-03	-2.770578484786184389e-03	-3.989217657791940819e-01
5.599999999999999943e-03	-2.282297234786183956e-03	-3.879354376541940819e-01
5.610000000000000403e-03	-2.624094109786184043e-03	-3.952596564041940819e-01
5.619999999999999996e-03	-2.184640984786184303e-03	-3.830526251541940819e-01
5.629999999999999588e-03	-2.477609734786184129e-03	-3.903768439041940819e-01
5.640000000000000048e-03	-2.038156609786183956e-03	-3.793905157791940819e-01
5.649999999999999641e-03	-2.379953484786184043e-03	-3.867147345291940819e-01
5.660000000000000100e-03	-1.891672234786184043e-03	-3.745077032791940819e-01
5.669999999999999693e-03	-2.233469109786184129e-03	-3.818319220291940819e-01
5.680000000000000153e-03	-1.794015984786184173e-03	-3.708455939041940819e-01
5.689999999999999745e-03	-2.135812859786184043e-03	-3.781698126541940819e-01
5.700000000000000205e-03	-1.647531609786184043e-03	-3.659627814041940819e-01
5.709999999999999798e-03	-1.989328484786184129e-03	-3.732870001541940819e-01
5.720000000000000258e-03	-1.501047234786184346e-03	-3.623006720291940819e-01
5.729999999999999850e-03	-1.842844109786184216e-03	-3.696248907791940819e-01
5.740000000000000310e-03	-1.354562859786184216e-03	-3.574178595291940819e-01
5.749999999999999903e-03	-1.745187859786184129e-03	-3.647420782791940819e-01
5.760000000000000363e-03	-1.208078484786184303e-03	-3.537557501541940819e-01
5.769999999999999955e-03	-1.598703484786184216e-03	-3.610799689041940819e-01
5.780000000000000415e-03	-1.110422234786184216e-03	-3.488729376541940819e-01
5.790000000000000008e-03	-1.452219109786184303e-03	-3.561971564041940819e-01
5.799999999999999600e-03	-9.639378597861843027e-04	-3.452108282791940819e-01
5.810000000000000060e-03	-1.305734734786184389e-03	-3.525350470291940819e-01
5.819999999999999653e-03	-8.174534847861842811e-04	-3.403280157791940819e-01
5.830000000000000113e-03	-1.159250359786184259e-03	-3.476522345291940819e-01
5.839999999999999705e-03	-6.709691097861842594e-04	-3.366659064041940819e-01
5.850000000000000165e-03	-1.012765984786184346e-03	-3.439901251541940819e-01
5.859999999999999758e-03	-5.244847347861842377e-04	-3.317830939041940819e-01
5.870000000000000218e-03	-8.662816097861842160e-04	-3.391073126541940819e-01
5.879999999999999810e-03	-3.780003597861842160e-04	-3.281209845291940819e-01
5.890000000000000270e-03	-7.197972347861843027e-04	-3.354452032791940819e-01
5.899999999999999863e-03	-2.315159847861842214e-04	-3.232381720291940819e-01
5.910000000000000323e-03	-5.733128597861842811e-04	-3.305623907791940819e-01
5.919999999999999915e-03	-8.503160978618422685e-05	-3.195760626541940819e-01
5.930000000000000375e-03	-4.268284847861842594e-04	-3.269002814041940819e-01
5.939999999999999968e-03	6.145276521381578129e-05	-3.146932501541940819e-01
5.950000000000000427e-03	-2.803441097861842377e-04	-3.220174689041940819e-01
5.960000000000000020e-03	2.079371402138157894e-04	-3.110311407791940819e-01
5.969999999999999613e-03	-1.338597347861842160e-04	-3.183553595291940819e-01
5.980000000000000072e-03	3.544215152138157840e-04	-3.061483282791940819e-01
5.989999999999999665e-03	1.262464021381578535e-05	-3.134725470291940819e-01
6.000000000000000125e-03	5.009058902138158057e-04	-3.024862189041940819e-01
6.009999999999999717e-03	1.591090152138158003e-04	-3.098104376541940819e-01
6.020000000000000177e-03	6.473902652138158274e-04	-2.988241095291940819e-01
6.029999999999999770e-03	3.055933902138157948e-04	-3.049276251541940819e-01
6.040000000000000230e-03	7.938746402138158490e-04	-2.939412970291940819e-01
6.049999999999999822e-03	4.520777652138158165e-04	-3.012655157791940819e-01
6.060000000000000282e-03	8.915308902138158274e-04	-2.902791876541940819e-01
6.069999999999999875e-03	5.985621402138157840e-04	-2.963827032791940819e-01
6.080000000000000335e-03	1.038015265213815741e-03	-2.853963751541940819e-01
6.089999999999999927e-03	7.450465152138158057e-04	-2.927205939041940819e-01
6.100000000000000387e-03	1.184499640213815871e-03	-2.805135626541940819e-01
6.109999999999999980e-03	8.915308902138158274e-04	-2.878377814041940819e-01
6.119999999999999572e-03	1.330984015213815784e-03	-2.768514532791940819e-01
6.130000000000000032e-03	9.891871402138159141e-04	-2.841756720291940819e-01
6.139999999999999625e-03	1.477468390213815914e-03	-2.719686407791940819e-01
6.150000000000000085e-03	1.135671515213815827e-03	-2.805135626541940819e-01
6.159999999999999677e-03	1.623952765213816044e-03	-2.683065314041940819e-01
6.170000000000000137e-03	1.282155890213815957e-03	-2.756307501541940819e-01
6.179999999999999730e-03	1.721609015213816131e-03	-2.646444220291940819e-01
6.190000000000000190e-03	1.379812140213815827e-03	-2.719686407791940819e-01
6.199999999999999782e-03	1.868093390213816044e-03	-2.597616095291940819e-01
6.210000000000000242e-03	1.526296515213815957e-03	-2.670858282791940819e-01
6.219999999999999835e-03	2.014577765213815957e-03	-2.560995001541940819e-01
6.230000000000000294e-03	1.672780890213816088e-03	-2.634237189041940819e-01
6.239999999999999887e-03	2.112234015213816044e-03	-2.512166876541940819e-01
6.250000000000000347e-03	1.819265265213816001e-03	-2.585409064041940819e-01
6.259999999999999939e-03	2.258718390213815957e-03	-2.475545782791940819e-01
6.270000000000000399e-03	1.916921515213816088e-03	-2.548787970291940819e-01
6.279999999999999992e-03	2.356374640213816044e-03	-2.438924689041940819e-01
6.289999999999999584e-03	2.063405890213816218e-03	-2.499959845291940819e-01
6.300000000000000044e-03	2.502859015213815957e-03	-2.390096564041940819e-01
6.309999999999999637e-03	2.161062140213815871e-03	-2.463338751541940819e-01
6.320000000000000097e-03	2.600515265213816044e-03	-2.341268439041940819e-01
6.329999999999999689e-03	2.258718390213815957e-03	-2.426717657791940819e-01
6.340000000000000149e-03	2.698171515213816131e-03	-2.304647345291940819e-01
6.349999999999999742e-03	2.356374640213816044e-03	-2.377889532791940819e-01
6.360000000000000202e-03	2.795827765213816218e-03	-2.255819220291940819e-01
6.369999999999999794e-03	2.502859015213815957e-03	-2.329061407791940819e-01
6.380000000000000254e-03	2.893484015213816304e-03	-2.219198126541940819e-01
6.389999999999999847e-03	2.551687140213816218e-03	-2.292440314041940819e-01
6.400000000000000307e-03	2.991140265213815957e-03	-2.182577032791940819e-01
6.409999999999999899e-03	2.649343390213816304e-03	-2.255819220291940819e-01
6.420000000000000359e-03	3.039968390213816218e-03	-2.133748907791940819e-01
6.429999999999999952e-03	2.746999640213815957e-03	-2.206991095291940819e-01
6.440000000000000412e-03	3.137624640213816304e-03	-2.097127814041940819e-01
6.450000000000000004e-03	2.795827765213816218e-03	-2.170370001541940819e-01
6.459999999999999597e-03	3.186452765213816131e-03	-2.048299689041940819e-01
6.470000000000000057e-03	2.844655890213816044e-03	-2.121541876541940819e-01
6.479999999999999649e-03	3.235280890213815957e-03	-2.011678595291940819e-01
6.490000000000000109e-03	2.893484015213816304e-03	-2.084920782791940819e-01
6.499999999999999702e-03	3.284109015213816218e-03	-1.962850470291940819e-01
6.510000000000000162e-03	2.991140265213815957e-03	-2.048299689041940819e-01
6.519999999999999754e-03	3.332937140213816044e-03	-1.926229376541940819e-01
6.530000000000000214e-03	2.991140265213815957e-03	-1.999471564041940819e-01
6.539999999999999807e-03	3.381765265213816304e-03	-1.889608282791940819e-01
6.550000000000000266e-03	3.039968390213816218e-03	-1.950643439041940819e-01
6.559999999999999859e-03	3.430593390213816131e-03	-1.840780157791940819e-01
6.570000000000000319e-03	3.088796515213816044e-03	-1.914022345291940819e-01
6.579999999999999911e-03	3.430593390213816131e-03	-1.804159064041940819e-01
6.590000000000000371e-03	3.088796515213816044e-03	-1.877401251541940819e-01
6.599999999999999964e-03	3.430593390213816131e-03	-1.767537970291940819e-01
6.610000000000000424e-03	3.137624640213816304e-03	-1.828573126541940819e-01
6.620000000000000016e-03	3.479421515213815957e-03	-1.718709845291940819e-01
6.629999999999999609e-03	3.137624640213816304e-03	-1.791952032791940819e-01
6.640000000000000069e-03	3.528249640213816218e-03	-1.669881720291940819e-01
6.649999999999999661e-03	3.186452765213816131e-03	-1.743123907791940819e-01
6.660000000000000121e-03	3.528249640213816218e-03	-1.633260626541940819e-01
6.669999999999999714e-03	3.235280890213815957e-03	-1.706502814041940819e-01
6.680000000000000174e-03	3.577077765213816044e-03	-1.596639532791940819e-01
6.689999999999999766e-03	3.284109015213816218e-03	-1.669881720291940819e-01
6.700000000000000226e-03	3.625905890213816304e-03	-1.547811407791940819e-01
6.709999999999999819e-03	3.284109015213816218e-03	-1.621053595291940819e-01
6.720000000000000279e-03	3.674734015213816131e-03	-1.511190314041940819e-01
6.729999999999999871e-03	3.332937140213816044e-03	-1.584432501541940819e-01
6.740000000000000331e-03	3.674734015213816131e-03	-1.462362189041940819e-01
6.749999999999999924e-03	3.381765265213816304e-03	-1.535604376541940819e-01
6.760000000000000384e-03	3.723562140213815957e-03	-1.425741095291940819e-01
6.769999999999999976e-03	3.430593390213816131e-03	-1.498983282791940819e-01
6.779999999999999569e-03	3.772390265213816218e-03	-1.389120001541940819e-01
6.790000000000000029e-03	3.430593390213816131e-03	-1.462362189041940819e-01
6.799999999999999621e-03	3.772390265213816218e-03	-1.340291876541940819e-01
6.810000000000000081e-03	3.479421515213815957e-03	-1.413534064041940819e-01
6.819999999999999674e-03	3.821218390213816044e-03	-1.303670782791940819e-01
6.830000000000000134e-03	3.479421515213815957e-03	-1.376912970291940819e-01
6.839999999999999726e-03	3.821218390213816044e-03	-1.254842657791940819e-01
6.850000000000000186e-03	3.528249640213816218e-03	-1.328084845291940819e-01
6.859999999999999779e-03	3.821218390213816044e-03	-1.218221564041940819e-01
6.870000000000000238e-03	3.528249640213816218e-03	-1.291463751541940819e-01
6.879999999999999831e-03	3.870046515213816304e-03	-1.181600470291940819e-01
6.890000000000000291e-03	3.528249640213816218e-03	-1.242635626541940819e-01
6.899999999999999883e-03	3.821218390213816044e-03	-1.132772345291940819e-01
6.910000000000000343e-03	3.528249640213816218e-03	-1.206014532791940819e-01
6.919999999999999936e-03	3.821218390213816044e-03	-1.096151251541940819e-01
6.930000000000000396e-03	3.479421515213815957e-03	-1.157186407791940819e-01
6.939999999999999988e-03	3.772390265213816218e-03	-1.047323126541940819e-01
6.949999999999999581e-03	3.479421515213815957e-03	-1.120565314041940819e-01
6.960000000000000041e-03	3.772390265213816218e-03	-1.010702032791940819e-01
6.969999999999999633e-03	3.430593390213816131e-03	-1.083944220291940819e-01
6.980000000000000093e-03	3.723562140213815957e-03	-9.740809390419408187e-02
6.989999999999999686e-03	3.430593390213816131e-03	-1.035116095291940819e-01
7.000000000000000146e-03	3.723562140213815957e-03	-9.252528140419408187e-02
7.009999999999999738e-03	3.381765265213816304e-03	-9.984950015419408187e-02
7.020000000000000198e-03	3.674734015213816131e-03	-8.764246890419408187e-02
7.029999999999999791e-03	3.381765265213816304e-03	-9.496668765419408187e-02
7.040000000000000251e-03	3.625905890213816304e-03	-8.398035952919408187e-02
7.049999999999999843e-03	3.332937140213816044e-03	-9.130457827919408187e-02
7.060000000000000303e-03	3.625905890213816304e-03	-8.031825015419408187e-02
7.069999999999999896e-03	3.284109015213816218e-03	-8.642176577919408187e-02
7.080000000000000356e-03	3.577077765213816044e-03	-7.543543765419408187e-02
7.089999999999999948e-03	3.284109015213816218e-03	-8.275965640419408187e-02
7.100000000000000408e-03	3.577077765213816044e-03	-7.177332827919408187e-02
7.110000000000000001e-03	3.284109015213816218e-03	-7.909754702919408187e-02
7.119999999999999593e-03	3.577077765213816044e-03	-6.689051577919408187e-02
7.130000000000000053e-03	3.235280890213815957e-03	-7.421473452919408187e-02
7.139999999999999646e-03	3.577077765213816044e-03	-6.322840640419408187e-02
7.150000000000000105e-03	3.235280890213815957e-03	-7.055262515419408187e-02
7.159999999999999698e-03	3.528249640213816218e-03	-5.956629702919408187e-02
7.170000000000000158e-03	3.235280890213815957e-03	-6.689051577919408187e-02
7.179999999999999750e-03	3.528249640213816218e-03	-5.468348452919408187e-02
7.190000000000000210e-03	3.235280890213815957e-03	-6.200770327919408187e-02
7.199999999999999803e-03	3.528249640213816218e-03	-5.102137515419408187e-02
7.210000000000000263e-03	3.235280890213815957e-03	-5.834559390419408187e-02
7.219999999999999855e-03	3.577077765213816044e-03	-4.613856265419408187e-02
7.230000000000000315e-03	3.235280890213815957e-03	-5.346278140419408187e-02
7.239999999999999908e-03	3.577077765213816044e-03	-4.247645327919408187e-02
7.250000000000000368e-03	3.235280890213815957e-03	-4.980067202919408187e-02
7.259999999999999960e-03	3.577077765213816044e-03	-3.881434390419408187e-02
7.270000000000000420e-03	3.284109015213816218e-03	-4.491785952919408187e-02
7.280000000000000013e-03	3.577077765213816044e-03	-3.393153140419408187e-02
7.289999999999999605e-03	3.284109015213816218e-03	-4.125575015419408187e-02
7.300000000000000065e-03	3.625905890213816304e-03	-3.026942202919408187e-02
7.309999999999999658e-03	3.284109015213816218e-03	-3.759364077919408187e-02
7.320000000000000118e-03	3.625905890213816304e-03	-2.538660952919408187e-02
7.329999999999999710e-03	3.332937140213816044e-03	-3.271082827919408187e-02
7.340000000000000170e-03	3.674734015213816131e-03	-2.172450015419408187e-02
7.349999999999999763e-03	3.332937140213816044e-03	-2.904871890419408187e-02
7.360000000000000223e-03	3.674734015213816131e-03	-1.684168765419408187e-02
7.369999999999999815e-03	3.332937140213816044e-03	-2.416590640419408187e-02
7.380000000000000275e-03	3.674734015213816131e-03	-1.317957827919408187e-02
7.389999999999999868e-03	3.381765265213816304e-03	-2.050379702919408187e-02
7.400000000000000328e-03	3.674734015213816131e-03	-9.517468904194081869e-03
7.409999999999999920e-03	3.381765265213816304e-03	-1.684168765419408187e-02
7.420000000000000380e-03	3.674734015213816131e-03	-4.634656404194081869e-03
7.429999999999999973e-03	3.381765265213816304e-03	-1.195887515419408187e-02
7.440000000000000432e-03	3.674734015213816131e-03	-9.725470291940818690e-04
7.450000000000000025e-03	3.381765265213816304e-03	-8.296765779194081869e-03
7.459999999999999618e-03	3.674734015213816131e-03	2.689562345805918131e-03
7.470000000000000077e-03	3.381765265213816304e-03	-3.413953279194081869e-03
7.479999999999999670e-03	3.674734015213816131e-03	7.572374845805918131e-03
7.490000000000000130e-03	3.381765265213816304e-03	2.481560958059181310e-04
7.499999999999999722e-03	3.674734015213816131e-03	1.123448422080591813e-02
7.510000000000000182e-03	3.332937140213816044e-03	3.910265470805918131e-03
7.519999999999999775e-03	3.674734015213816131e-03	1.611729672080591813e-02
7.530000000000000235e-03	3.332937140213816044e-03	8.793077970805918131e-03
7.539999999999999827e-03	3.674734015213816131e-03	1.977940609580591813e-02
7.550000000000000287e-03	3.332937140213816044e-03	1.245518734580591813e-02
7.559999999999999880e-03	3.674734015213816131e-03	2.344151547080591813e-02
7.570000000000000340e-03	3.332937140213816044e-03	1.611729672080591813e-02
7.579999999999999932e-03	3.674734015213816131e-03	2.832432797080591813e-02
7.590000000000000392e-03	3.332937140213816044e-03	2.100010922080591813e-02
7.599999999999999985e-03	3.674734015213816131e-03	3.198643734580591813e-02
7.609999999999999577e-03	3.332937140213816044e-03	2.466221859580591813e-02
7.620000000000000037e-03	3.674734015213816131e-03	3.564854672080591813e-02
7.629999999999999630e-03	3.332937140213816044e-03	2.832432797080591813e-02
7.640000000000000090e-03	3.674734015213816131e-03	4.053135922080591813e-02
7.649999999999999682e-03	3.381765265213816304e-03	3.320714047080591813e-02
7.660000000000000142e-03	3.723562140213815957e-03	4.419346859580591813e-02
7.669999999999999735e-03	3.381765265213816304e-03	3.686924984580591813e-02
7.680000000000000195e-03	3.723562140213815957e-03	4.785557797080591813e-02
7.689999999999999787e-03	3.430593390213816131e-03	4.175206234580591813e-02
7.700000000000000247e-03	3.772390265213816218e-03	5.273839047080591813e-02
7.709999999999999840e-03	3.430593390213816131e-03	4.541417172080591813e-02
7.720000000000000299e-03	3.821218390213816044e-03	5.762120297080591813e-02
7.729999999999999892e-03	3.479421515213815957e-03	5.029698422080591813e-02
7.740000000000000352e-03	3.821218390213816044e-03	6.128331234580591813e-02
7.749999999999999944e-03	3.528249640213816218e-03	5.395909359580591813e-02
7.760000000000000404e-03	3.870046515213816304e-03	6.494542172080591813e-02
7.769999999999999997e-03	3.577077765213816044e-03	5.762120297080591813e-02
7.779999999999999589e-03	3.918874640213816131e-03	6.860753109580591813e-02
7.790000000000000049e-03	3.577077765213816044e-03	6.250401547080591813e-02
7.799999999999999642e-03	3.967702765213815957e-03	7.349034359580591813e-02
7.810000000000000102e-03	3.625905890213816304e-03	6.616612484580591813e-02
7.820000000000000562e-03	4.016530890213815784e-03	7.715245297080591813e-02
7.830000000000000154e-03	3.674734015213816131e-03	6.982823422080591813e-02
7.839999999999999747e-03	4.016530890213815784e-03	8.203526547080591813e-02
7.849999999999999339e-03	3.674734015213816131e-03	7.471104672080591813e-02
7.860000000000000667e-03	4.065359015213816478e-03	8.569737484580591813e-02
7.870000000000000259e-03	3.723562140213815957e-03	7.837315609580591813e-02
7.879999999999999852e-03	4.114187140213816304e-03	8.935948422080591813e-02
7.889999999999999444e-03	3.772390265213816218e-03	8.203526547080591813e-02
7.900000000000000772e-03	4.114187140213816304e-03	9.424229672080591813e-02
7.910000000000000364e-03	3.821218390213816044e-03	8.569737484580591813e-02
7.919999999999999957e-03	4.114187140213816304e-03	9.790440609580591813e-02
7.929999999999999549e-03	3.821218390213816044e-03	9.058018734580591813e-02
7.939999999999999142e-03	4.163015265213816131e-03	1.015665154708059181e-01
7.950000000000000469e-03	3.821218390213816044e-03	9.546299984580591813e-02
7.960000000000000062e-03	4.163015265213816131e-03	1.052286248458059181e-01
7.969999999999999654e-03	3.821218390213816044e-03	9.912510922080591813e-02
7.979999999999999247e-03	4.163015265213816131e-03	1.101114373458059181e-01
7.990000000000000574e-03	3.870046515213816304e-03	1.027872185958059181e-01
8.000000000000000167e-03	4.163015265213816131e-03	1.137735467208059181e-01
8.009999999999999759e-03	3.870046515213816304e-03	1.064493279708059181e-01
8.019999999999999352e-03	4.163015265213816131e-03	1.174356560958059181e-01
8.030000000000000679e-03	3.821218390213816044e-03	1.113321404708059181e-01
8.040000000000000271e-03	4.163015265213816131e-03	1.223184685958059181e-01
8.049999999999999864e-03	3.821218390213816044e-03	1.149942498458059181e-01
8.059999999999999457e-03	4.114187140213816304e-03	1.259805779708059181e-01
8.070000000000000784e-03	3.821218390213816044e-03	1.186563592208059181e-01
8.080000000000000376e-03	4.114187140213816304e-03	1.308633904708059181e-01
8.089999999999999969e-03	3.772390265213816218e-03	1.235391717208059181e-01
8.099999999999999561e-03	4.114187140213816304e-03	1.345254998458059181e-01
8.109999999999999154e-03	3.772390265213816218e-03	1.272012810958059181e-01
8.120000000000000481e-03	4.065359015213816478e-03	1.381876092208059181e-01
8.130000000000000074e-03	3.772390265213816218e-03	1.308633904708059181e-01
8.139999999999999666e-03	4.016530890213815784e-03	1.418497185958059181e-01
8.149999999999999259e-03	3.723562140213815957e-03	1.357462029708059181e-01
8.160000000000000586e-03	4.016530890213815784e-03	1.467325310958059181e-01
8.170000000000000179e-03	3.723562140213815957e-03	1.394083123458059181e-01
8.179999999999999771e-03	4.016530890213815784e-03	1.503946404708059181e-01
8.189999999999999364e-03	3.674734015213816131e-03	1.430704217208059181e-01
8.200000000000000691e-03	4.016530890213815784e-03	1.540567498458059181e-01
8.210000000000000284e-03	3.674734015213816131e-03	1.479532342208059181e-01
8.219999999999999876e-03	4.016530890213815784e-03	1.589395623458059181e-01
8.229999999999999469e-03	3.674734015213816131e-03	1.516153435958059181e-01
8.240000000000000796e-03	4.016530890213815784e-03	1.626016717208059181e-01
8.250000000000000389e-03	3.674734015213816131e-03	1.552774529708059181e-01
8.259999999999999981e-03	4.016530890213815784e-03	1.674844842208059181e-01
8.269999999999999574e-03	3.674734015213816131e-03	1.601602654708059181e-01
8.279999999999999166e-03	4.016530890213815784e-03	1.711465935958059181e-01
8.290000000000000493e-03	3.674734015213816131e-03	1.638223748458059181e-01
8.300000000000000086e-03	4.016530890213815784e-03	1.748087029708059181e-01
8.309999999999999679e-03	3.723562140213815957e-03	1.674844842208059181e-01
8.319999999999999271e-03	4.065359015213816478e-03	1.796915154708059181e-01
8.330000000000000598e-03	3.723562140213815957e-03	1.723672967208059181e-01
8.340000000000000191e-03	4.065359015213816478e-03	1.833536248458059181e-01
8.349999999999999784e-03	3.723562140213815957e-03	1.760294060958059181e-01
8.359999999999999376e-03	4.114187140213816304e-03	1.870157342208059181e-01
8.370000000000000703e-03	3.772390265213816218e-03	1.809122185958059181e-01
8.380000000000000296e-03	4.114187140213816304e-03	1.906778435958059181e-01
8.389999999999999888e-03	3.772390265213816218e-03	1.845743279708059181e-01
8.399999999999999481e-03	4.114187140213816304e-03	1.955606560958059181e-01
8.410000000000000808e-03	3.772390265213816218e-03	1.882364373458059181e-01
8.420000000000000401e-03	4.163015265213816131e-03	1.992227654708059181e-01
8.429999999999999993e-03	3.821218390213816044e-03	1.931192498458059181e-01
8.439999999999999586e-03	4.163015265213816131e-03	2.041055779708059181e-01
8.449999999999999178e-03	3.821218390213816044e-03	1.967813592208059181e-01
8.460000000000000506e-03	4.163015265213816131e-03	2.077676873458059181e-01
8.470000000000000098e-03	3.821218390213816044e-03	2.004434685958059181e-01
8.479999999999999691e-03	4.163015265213816131e-03	2.114297967208059181e-01
8.489999999999999283e-03	3.821218390213816044e-03	2.041055779708059181e-01
8.500000000000000611e-03	4.211843390213815957e-03	2.163126092208059181e-01
8.510000000000000203e-03	3.870046515213816304e-03	2.089883904708059181e-01
8.519999999999999796e-03	4.211843390213815957e-03	2.199747185958059181e-01
8.529999999999999388e-03	3.870046515213816304e-03	2.126504998458059181e-01
8.540000000000000716e-03	4.211843390213815957e-03	2.236368279708059181e-01
8.550000000000000308e-03	3.870046515213816304e-03	2.163126092208059181e-01
8.559999999999999901e-03	4.211843390213815957e-03	2.285196404708059181e-01
8.569999999999999493e-03	3.918874640213816131e-03	2.211954217208059181e-01
8.580000000000000820e-03	4.260671515213815784e-03	2.321817498458059181e-01
8.590000000000000413e-03	3.918874640213816131e-03	2.248575310958059181e-01
8.600000000000000006e-03	4.260671515213815784e-03	2.358438592208059181e-01
8.609999999999999598e-03	3.918874640213816131e-03	2.285196404708059181e-01
8.619999999999999191e-03	4.309499640213816478e-03	2.407266717208059181e-01
8.630000000000000518e-03	3.967702765213815957e-03	2.334024529708059181e-01
8.640000000000000110e-03	4.309499640213816478e-03	2.443887810958059181e-01
8.649999999999999703e-03	4.016530890213815784e-03	2.370645623458059181e-01
8.659999999999999296e-03	4.358327765213816304e-03	2.480508904708059181e-01
8.670000000000000623e-03	4.016530890213815784e-03	2.407266717208059181e-01
8.680000000000000215e-03	4.407155890213816131e-03	2.517129998458059181e-01
8.689999999999999808e-03	4.065359015213816478e-03	2.456094842208059181e-01
8.699999999999999400e-03	4.455984015213815957e-03	2.565958123458059181e-01
8.710000000000000728e-03	4.114187140213816304e-03	2.492715935958059181e-01
8.720000000000000320e-03	4.455984015213815957e-03	2.602579217208059181e-01
8.729999999999999913e-03	4.114187140213816304e-03	2.529337029708059181e-01
8.739999999999999505e-03	4.504812140213815784e-03	2.651407342208059181e-01
8.750000000000000833e-03	4.163015265213816131e-03	2.578165154708059181e-01
8.760000000000000425e-03	4.504812140213815784e-03	2.688028435958059181e-01
8.770000000000000018e-03	4.163015265213816131e-03	2.614786248458059181e-01
8.779999999999999610e-03	4.504812140213815784e-03	2.712442498458059181e-01
8.789999999999999203e-03	4.211843390213815957e-03	2.651407342208059181e-01
8.800000000000000530e-03	4.553640265213816478e-03	2.749063592208059181e-01
8.810000000000000123e-03	4.211843390213815957e-03	2.688028435958059181e-01
8.819999999999999715e-03	4.553640265213816478e-03	2.797891717208059181e-01
8.829999999999999308e-03	4.260671515213815784e-03	2.724649529708059181e-01
8.840000000000000635e-03	4.602468390213816304e-03	2.834512810958059181e-01
8.850000000000000228e-03	4.260671515213815784e-03	2.761270623458059181e-01
8.859999999999999820e-03	4.602468390213816304e-03	2.871133904708059181e-01
8.869999999999999413e-03	4.260671515213815784e-03	2.797891717208059181e-01
8.880000000000000740e-03	4.602468390213816304e-03	2.919962029708059181e-01
8.890000000000000333e-03	4.309499640213816478e-03	2.846719842208059181e-01
8.899999999999999925e-03	4.651296515213816131e-03	2.956583123458059181e-01
8.909999999999999518e-03	4.309499640213816478e-03	2.883340935958059181e-01
8.920000000000000845e-03	4.651296515213816131e-03	3.005411248458059181e-01
8.930000000000000437e-03	4.358327765213816304e-03	2.919962029708059181e-01
8.940000000000000030e-03	4.700124640213815957e-03	3.042032342208059181e-01
8.949999999999999623e-03	4.358327765213816304e-03	2.968790154708059181e-01
8.959999999999999215e-03	4.700124640213815957e-03	3.078653435958059181e-01
8.970000000000000542e-03	4.407155890213816131e-03	3.005411248458059181e-01
8.980000000000000135e-03	4.748952765213816651e-03	3.115274529708059181e-01
8.989999999999999727e-03	4.407155890213816131e-03	3.042032342208059181e-01
8.999999999999999320e-03	4.797780890213816478e-03	3.151895623458059181e-01
9.010000000000000647e-03	4.455984015213815957e-03	3.090860467208059181e-01
9.020000000000000240e-03	4.846609015213816304e-03	3.200723748458059181e-01
9.029999999999999832e-03	4.504812140213815784e-03	3.127481560958059181e-01
9.039999999999999425e-03	4.895437140213816131e-03	3.237344842208059181e-01
9.050000000000000752e-03	4.553640265213816478e-03	3.164102654708059181e-01
9.060000000000000345e-03	4.944265265213815957e-03	3.273965935958059181e-01
9.069999999999999937e-03	4.602468390213816304e-03	3.212930779708059181e-01
9.079999999999999530e-03	4.993093390213816651e-03	3.310587029708059181e-01
9.090000000000000857e-03	4.651296515213816131e-03	3.249551873458059181e-01
9.100000000000000450e-03	5.041921515213816478e-03	3.359415154708059181e-01
9.110000000000000042e-03	4.700124640213815957e-03	3.286172967208059181e-01
9.119999999999999635e-03	5.090749640213816304e-03	3.396036248458059181e-01
9.129999999999999227e-03	4.748952765213816651e-03	3.322794060958059181e-01
9.140000000000000555e-03	5.139577765213816131e-03	3.432657342208059181e-01
9.150000000000000147e-03	4.797780890213816478e-03	3.371622185958059181e-01
9.159999999999999740e-03	5.188405890213815957e-03	3.481485467208059181e-01
9.169999999999999332e-03	4.895437140213816131e-03	3.408243279708059181e-01
9.180000000000000659e-03	5.237234015213816651e-03	3.518106560958059181e-01
9.190000000000000252e-03	4.944265265213815957e-03	3.444864373458059181e-01
9.199999999999999845e-03	5.286062140213816478e-03	3.566934685958059181e-01
9.209999999999999437e-03	4.993093390213816651e-03	3.481485467208059181e-01
9.220000000000000764e-03	5.334890265213816304e-03	3.603555779708059181e-01
9.230000000000000357e-03	5.041921515213816478e-03	3.530313592208059181e-01
9.239999999999999949e-03	5.432546515213815957e-03	3.640176873458059181e-01
9.249999999999999542e-03	5.090749640213816304e-03	3.566934685958059181e-01
9.259999999999999135e-03	5.432546515213815957e-03	3.676797967208059181e-01
9.270000000000000462e-03	5.139577765213816131e-03	3.603555779708059181e-01
9.280000000000000054e-03	5.530202765213816478e-03	3.725626092208059181e-01
9.289999999999999647e-03	5.188405890213815957e-03	3.652383904708059181e-01
9.299999999999999239e-03	5.579030890213816304e-03	3.762247185958059181e-01
9.310000000000000567e-03	5.237234015213816651e-03	3.689004998458059181e-01
9.320000000000000159e-03	5.627859015213816131e-03	3.798868279708059181e-01
9.329999999999999752e-03	5.286062140213816478e-03	3.725626092208059181e-01
9.339999999999999344e-03	5.676687140213815957e-03	3.835489373458059181e-01
9.350000000000000672e-03	5.334890265213816304e-03	3.762247185958059181e-01
9.360000000000000264e-03	5.725515265213816651e-03	3.884317498458059181e-01
9.369999999999999857e-03	5.383718390213816131e-03	3.811075310958059181e-01
9.379999999999999449e-03	5.774343390213816478e-03	3.920938592208059181e-01
9.390000000000000777e-03	5.432546515213815957e-03	3.847696404708059181e-01
9.400000000000000369e-03	5.823171515213816304e-03	3.957559685958059181e-01
9.409999999999999962e-03	5.530202765213816478e-03	3.884317498458059181e-01
9.419999999999999554e-03	5.920827765213815957e-03	3.994180779708059181e-01
9.429999999999999147e-03	5.579030890213816304e-03	3.933145623458059181e-01
9.440000000000000474e-03	5.969655890213816651e-03	4.043008904708059181e-01
9.450000000000000067e-03	5.676687140213815957e-03	3.969766717208059181e-01
9.459999999999999659e-03	6.067312140213816304e-03	4.079629998458059181e-01
9.469999999999999252e-03	5.725515265213816651e-03	4.006387810958059181e-01
9.480000000000000579e-03	6.116140265213816131e-03	4.116251092208059181e-01
9.490000000000000172e-03	5.823171515213816304e-03	4.043008904708059181e-01
9.499999999999999764e-03	6.213796515213816651e-03	4.165079217208059181e-01
9.509999999999999357e-03	5.871999640213816131e-03	4.091837029708059181e-01
9.520000000000000684e-03	6.262624640213815611e-03	4.201700310958059181e-01
9.530000000000000276e-03	5.920827765213815957e-03	4.128458123458059181e-01
9.539999999999999869e-03	6.360280890213815264e-03	4.238321404708059181e-01
9.549999999999999462e-03	6.018484015213816478e-03	4.165079217208059181e-01
9.560000000000000789e-03	6.409109015213815957e-03	4.274942498458059181e-01
9.570000000000000381e-03	6.067312140213816304e-03	4.201700310958059181e-01
9.579999999999999974e-03	6.506765265213815611e-03	4.323770623458059181e-01
9.589999999999999566e-03	6.164968390213815957e-03	4.250528435958059181e-01
9.599999999999999159e-03	6.555593390213815437e-03	4.360391717208059181e-01
9.610000000000000486e-03	6.262624640213815611e-03	4.287149529708059181e-01
9.620000000000000079e-03	6.653249640213815957e-03	4.397012810958059181e-01
9.629999999999999671e-03	6.311452765213815437e-03	4.323770623458059181e-01
9.639999999999999264e-03	6.702077765213815784e-03	4.433633904708059181e-01
9.650000000000000591e-03	6.360280890213815264e-03	4.360391717208059181e-01
9.660000000000000184e-03	6.799734015213815437e-03	4.482462029708059181e-01
9.669999999999999776e-03	6.457937140213815784e-03	4.409219842208059181e-01
9.679999999999999369e-03	6.848562140213815264e-03	4.519083123458059181e-01
9.690000000000000696e-03	6.555593390213815437e-03	4.445840935958059181e-01
9.700000000000000289e-03	6.946218390213815784e-03	4.555704217208059181e-01
9.709999999999999881e-03	6.604421515213815264e-03	4.482462029708059181e-01
9.719999999999999474e-03	6.995046515213815611e-03	4.604532342208059181e-01
9.730000000000000801e-03	6.702077765213815784e-03	4.531290154708059181e-01
9.740000000000000394e-03	7.092702765213815264e-03	4.641153435958059181e-01
9.749999999999999986e-03	6.750905890213815611e-03	4.567911248458059181e-01
9.759999999999999579e-03	7.141530890213815957e-03	4.677774529708059181e-01
9.769999999999999171e-03	6.799734015213815437e-03	4.604532342208059181e-01
9.780000000000000498e-03	7.239187140213815611e-03	4.714395623458059181e-01
9.790000000000000091e-03	6.897390265213815957e-03	4.641153435958059181e-01
9.799999999999999684e-03	7.288015265213815437e-03	4.751016717208059181e-01
9.809999999999999276e-03	6.946218390213815784e-03	4.689981560958059181e-01
9.820000000000000603e-03	7.336843390213815264e-03	4.799844842208059181e-01
9.830000000000000196e-03	7.043874640213815437e-03	4.726602654708059181e-01
9.839999999999999789e-03	7.434499640213815784e-03	4.836465935958059181e-01
9.849999999999999381e-03	7.092702765213815264e-03	4.763223748458059181e-01
9.860000000000000708e-03	7.532155890213815437e-03	4.873087029708059181e-01
9.870000000000000301e-03	7.190359015213815784e-03	4.799844842208059181e-01
9.879999999999999893e-03	7.580984015213815264e-03	4.909708123458059181e-01
9.889999999999999486e-03	7.239187140213815611e-03	4.848672967208059181e-01
9.900000000000000813e-03	7.678640265213815784e-03	4.958536248458059181e-01
9.910000000000000406e-03	7.336843390213815264e-03	4.885294060958059181e-01
9.919999999999999998e-03	7.727468390213815611e-03	4.995157342208059181e-01
9.929999999999999591e-03	7.434499640213815784e-03	4.921915154708059181e-01
9.939999999999999183e-03	7.825124640213815264e-03	5.031778435958058626e-01
9.950000000000000511e-03	7.483327765213815611e-03	4.958536248458059181e-01
9.960000000000000103e-03	7.922780890213814917e-03	5.068399529708058626e-01
9.969999999999999696e-03	7.580984015213815264e-03	5.007364373458058626e-01
9.979999999999999288e-03	8.020437140213816304e-03	5.105020623458058626e-01
9.990000000000000616e-03	7.678640265213815784e-03	5.031778435958058626e-01
1.000000000000000021e-02	8.118093390213815957e-03	5.141641717208058626e-01
1.000999999999999980e-02	7.776296515213815437e-03	5.080606560958058626e-01
1.001999999999999939e-02	8.264577765213816304e-03	5.190469842208058626e-01
1.003000000000000072e-02	7.873952765213815957e-03	5.117227654708058626e-01
1.004000000000000031e-02	8.362234015213815957e-03	5.227090935958058626e-01
1.004999999999999991e-02	8.020437140213816304e-03	5.153848748458058626e-01
1.005999999999999950e-02	8.459890265213815611e-03	5.263712029708058626e-01
1.007000000000000083e-02	8.118093390213815957e-03	5.190469842208058626e-01
1.008000000000000042e-02	8.606374640213815957e-03	5.312540154708058626e-01
1.009000000000000001e-02	8.264577765213816304e-03	5.239297967208058626e-01
1.009999999999999960e-02	8.704030890213815611e-03	5.349161248458058626e-01
1.010999999999999920e-02	8.362234015213815957e-03	5.275919060958058626e-01
1.012000000000000052e-02	8.801687140213815264e-03	5.385782342208058626e-01
1.013000000000000012e-02	8.459890265213815611e-03	5.312540154708058626e-01
1.013999999999999971e-02	8.899343390213814917e-03	5.422403435958058626e-01
1.014999999999999930e-02	8.557546515213815264e-03	5.349161248458058626e-01
1.016000000000000063e-02	8.996999640213816304e-03	5.459024529708058626e-01
1.017000000000000022e-02	8.704030890213815611e-03	5.397989373458058626e-01
1.017999999999999981e-02	9.094655890213815957e-03	5.507852654708058626e-01
1.018999999999999941e-02	8.801687140213815264e-03	5.434610467208058626e-01
1.020000000000000073e-02	9.192312140213815611e-03	5.544473748458058626e-01
1.021000000000000033e-02	8.899343390213814917e-03	5.471231560958058626e-01
1.021999999999999992e-02	9.338796515213815957e-03	5.581094842208058626e-01
1.022999999999999951e-02	8.948171515213815611e-03	5.507852654708058626e-01
1.024000000000000084e-02	9.387624640213816651e-03	5.617715935958058626e-01
1.025000000000000043e-02	9.094655890213815957e-03	5.544473748458058626e-01
1.026000000000000002e-02	9.534109015213815264e-03	5.654337029708058626e-01
1.026999999999999962e-02	9.143484015213814917e-03	5.593301873458058626e-01
1.027999999999999921e-02	9.631765265213816651e-03	5.703165154708058626e-01
1.029000000000000054e-02	9.289968390213815264e-03	5.629922967208058626e-01
1.030000000000000013e-02	9.729421515213816304e-03	5.739786248458058626e-01
1.030999999999999972e-02	9.387624640213816651e-03	5.666544060958058626e-01
1.031999999999999931e-02	9.875905890213816651e-03	5.776407342208058626e-01
1.033000000000000064e-02	9.485280890213816304e-03	5.703165154708058626e-01
1.034000000000000023e-02	9.973562140213816304e-03	5.813028435958058626e-01
1.034999999999999983e-02	9.631765265213816651e-03	5.751993279708058626e-01
1.035999999999999942e-02	1.012004651521381665e-02	5.861856560958058626e-01
1.037000000000000074e-02	9.778249640213815264e-03	5.788614373458058626e-01
1.038000000000000034e-02	1.026653089021381526e-02	5.898477654708058626e-01
1.038999999999999993e-02	9.924734015213815611e-03	5.825235467208058626e-01
1.039999999999999952e-02	1.046184339021381630e-02	5.935098748458058626e-01
1.041000000000000085e-02	1.007121839021381596e-02	5.861856560958058626e-01
1.042000000000000044e-02	1.060832776521381665e-02	5.971719842208058626e-01
1.043000000000000003e-02	1.026653089021381526e-02	5.910684685958058626e-01
1.043999999999999963e-02	1.080364026521381596e-02	6.020547967208058626e-01
1.044999999999999922e-02	1.041301526521381561e-02	5.947305779708058626e-01
1.046000000000000055e-02	1.099895276521381526e-02	6.057169060958058626e-01
1.047000000000000014e-02	1.060832776521381665e-02	5.983926873458058626e-01
1.047999999999999973e-02	1.114543714021381561e-02	6.093790154708058626e-01
1.048999999999999932e-02	1.080364026521381596e-02	6.020547967208058626e-01
1.050000000000000065e-02	1.134074964021381665e-02	6.130411248458058626e-01
1.051000000000000024e-02	1.099895276521381526e-02	6.057169060958058626e-01
1.051999999999999984e-02	1.158489026521381665e-02	6.167032342208058626e-01
1.052999999999999943e-02	1.119426526521381630e-02	6.105997185958058626e-01
1.054000000000000076e-02	1.178020276521381596e-02	6.203653435958058626e-01
1.055000000000000035e-02	1.138957776521381561e-02	6.142618279708058626e-01
1.055999999999999994e-02	1.197551526521381526e-02	6.252481560958058626e-01
1.056999999999999953e-02	1.163371839021381561e-02	6.179239373458058626e-01
1.058000000000000086e-02	1.221965589021381526e-02	6.289102654708058626e-01
1.059000000000000045e-02	1.182903089021381665e-02	6.215860467208058626e-01
1.060000000000000005e-02	1.246379651521381526e-02	6.325723748458058626e-01
1.060999999999999964e-02	1.207317151521381665e-02	6.252481560958058626e-01
1.061999999999999923e-02	1.270793714021381526e-02	6.362344842208058626e-01
1.063000000000000056e-02	1.231731214021381665e-02	6.301309685958058626e-01
1.064000000000000015e-02	1.295207776521381526e-02	6.411172967208058626e-01
1.064999999999999974e-02	1.256145276521381665e-02	6.337930779708058626e-01
1.065999999999999934e-02	1.319621839021381526e-02	6.447794060958058626e-01
1.067000000000000066e-02	1.280559339021381665e-02	6.374551873458058626e-01
1.068000000000000026e-02	1.348918714021381596e-02	6.484415154708058626e-01
1.068999999999999985e-02	1.309856214021381561e-02	6.411172967208058626e-01
1.069999999999999944e-02	1.373332776521381596e-02	6.521036248458058626e-01
1.071000000000000077e-02	1.334270276521381561e-02	6.447794060958058626e-01
1.072000000000000036e-02	1.402629651521381665e-02	6.557657342208058626e-01
1.072999999999999995e-02	1.363567151521381630e-02	6.496622185958058626e-01
1.073999999999999955e-02	1.436809339021381630e-02	6.594278435958058626e-01
1.074999999999999914e-02	1.392864026521381526e-02	6.533243279708058626e-01
1.076000000000000047e-02	1.466106214021381526e-02	6.643106560958058626e-01
1.077000000000000006e-02	1.427043714021381665e-02	6.569864373458058626e-01
1.077999999999999965e-02	1.500285901521381665e-02	6.679727654708058626e-01
1.078999999999999924e-02	1.456340589021381561e-02	6.606485467208058626e-01
1.080000000000000057e-02	1.529582776521381561e-02	6.716348748458058626e-01
1.081000000000000016e-02	1.485637464021381630e-02	6.643106560958058626e-01
1.081999999999999976e-02	1.563762464021381526e-02	6.752969842208058626e-01
1.082999999999999935e-02	1.524699964021381665e-02	6.691934685958058626e-01
1.084000000000000068e-02	1.597942151521381665e-02	6.801797967208058626e-01
1.085000000000000027e-02	1.553996839021381561e-02	6.728555779708058626e-01
1.085999999999999986e-02	1.637004651521381526e-02	6.838419060958058626e-01
1.086999999999999945e-02	1.593059339021381596e-02	6.765176873458058626e-01
1.088000000000000078e-02	1.671184339021381665e-02	6.875040154708058626e-01
1.089000000000000037e-02	1.627239026521381735e-02	6.801797967208058626e-01
1.089999999999999997e-02	1.705364026521381457e-02	6.911661248458058626e-01
1.090999999999999956e-02	1.661418714021381526e-02	6.838419060958058626e-01
1.091999999999999915e-02	1.739543714021381596e-02	6.948282342208058626e-01
1.093000000000000048e-02	1.695598401521381665e-02	6.875040154708058626e-01
1.094000000000000007e-02	1.773723401521381735e-02	6.984903435958058626e-01
1.094999999999999966e-02	1.729778089021381457e-02	6.923868279708058626e-01
1.095999999999999926e-02	1.812785901521381596e-02	7.033731560958058626e-01
1.097000000000000058e-02	1.768840589021381665e-02	6.960489373458058626e-01
1.098000000000000018e-02	1.846965589021381735e-02	7.070352654708058626e-01
1.098999999999999977e-02	1.803020276521381457e-02	6.997110467208058626e-01
1.099999999999999936e-02	1.886028089021381596e-02	7.106973748458058626e-01
1.101000000000000069e-02	1.837199964021381596e-02	7.033731560958058626e-01
1.102000000000000028e-02	1.920207776521381735e-02	7.143594842208058626e-01
1.102999999999999987e-02	1.871379651521381735e-02	7.070352654708058626e-01
1.103999999999999947e-02	1.954387464021381526e-02	7.180215935958058626e-01
1.105000000000000079e-02	1.910442151521381596e-02	7.106973748458058626e-01
1.106000000000000039e-02	1.993449964021381735e-02	7.216837029708058626e-01
1.106999999999999998e-02	1.944621839021381735e-02	7.155801873458058626e-01
1.107999999999999957e-02	2.027629651521381526e-02	7.265665154708058626e-01
1.108999999999999916e-02	1.983684339021381596e-02	7.192422967208058626e-01
1.110000000000000049e-02	2.066692151521381735e-02	7.302286248458058626e-01
1.111000000000000008e-02	2.017864026521381735e-02	7.229044060958058626e-01
1.111999999999999968e-02	2.100871839021381526e-02	7.338907342208058626e-01
1.112999999999999927e-02	2.056926526521381596e-02	7.265665154708058626e-01
1.114000000000000060e-02	2.139934339021381735e-02	7.375528435958058626e-01
1.115000000000000019e-02	2.095989026521381804e-02	7.302286248458058626e-01
1.115999999999999978e-02	2.178996839021381596e-02	7.412149529708058626e-01
1.116999999999999937e-02	2.130168714021381596e-02	7.351114373458058626e-01
1.118000000000000070e-02	2.213176526521381735e-02	7.448770623458058626e-01
1.119000000000000029e-02	2.169231214021381804e-02	7.375528435958058626e-01
1.119999999999999989e-02	2.257121839021381665e-02	7.497598748458058626e-01
1.120999999999999948e-02	2.208293714021381665e-02	7.424356560958058626e-01
1.122000000000000081e-02	2.296184339021381526e-02	7.534219842208058626e-01
1.123000000000000040e-02	2.247356214021381526e-02	7.460977654708058626e-01
1.123999999999999999e-02	2.335246839021381735e-02	7.570840935958058626e-01
1.124999999999999958e-02	2.286418714021381735e-02	7.497598748458058626e-01
1.125999999999999918e-02	2.374309339021381596e-02	7.607462029708058626e-01
1.127000000000000050e-02	2.325481214021381596e-02	7.534219842208058626e-01
1.128000000000000010e-02	2.413371839021381804e-02	7.644083123458058626e-01
1.128999999999999969e-02	2.364543714021381804e-02	7.570840935958058626e-01
1.129999999999999928e-02	2.447551526521381596e-02	7.680704217208058626e-01
1.131000000000000061e-02	2.403606214021381665e-02	7.607462029708058626e-01
1.132000000000000020e-02	2.486614026521381804e-02	7.729532342208058626e-01
1.132999999999999979e-02	2.442668714021381526e-02	7.656290154708058626e-01
1.133999999999999939e-02	2.525676526521381665e-02	7.766153435958058626e-01
1.135000000000000071e-02	2.481731214021381735e-02	7.692911248458058626e-01
1.136000000000000031e-02	2.559856214021381804e-02	7.802774529708058626e-01
1.136999999999999990e-02	2.515910901521381526e-02	7.729532342208058626e-01
1.137999999999999949e-02	2.598918714021381665e-02	7.839395623458058626e-01
1.139000000000000082e-02	2.554973401521381735e-02	7.766153435958058626e-01
1.140000000000000041e-02	2.633098401521381804e-02	7.876016717208058626e-01
1.141000000000000000e-02	2.589153089021381526e-02	7.802774529708058626e-01
1.141999999999999960e-02	2.667278089021381596e-02	7.912637810958058626e-01
1.142999999999999919e-02	2.623332776521381665e-02	7.839395623458058626e-01
1.144000000000000052e-02	2.701457776521381735e-02	7.949258904708058626e-01
1.145000000000000011e-02	2.657512464021381804e-02	7.888223748458058626e-01
1.145999999999999970e-02	2.740520276521381596e-02	7.998087029708058626e-01
1.146999999999999929e-02	2.696574964021381665e-02	7.924844842208058626e-01
1.148000000000000062e-02	2.774699964021381735e-02	8.034708123458058626e-01
1.149000000000000021e-02	2.730754651521381804e-02	7.961465935958058626e-01
1.149999999999999981e-02	2.808879651521381526e-02	8.071329217208058626e-01
1.150999999999999940e-02	2.764934339021381596e-02	7.998087029708058626e-01
1.152000000000000073e-02	2.843059339021381665e-02	8.107950310958058626e-01
1.153000000000000032e-02	2.799114026521381735e-02	8.034708123458058626e-01
1.153999999999999991e-02	2.882121839021381526e-02	8.144571404708058626e-01
1.154999999999999950e-02	2.833293714021381526e-02	8.083536248458058626e-01
1.156000000000000083e-02	2.916301526521381665e-02	8.181192498458058626e-01
1.157000000000000042e-02	2.872356214021381735e-02	8.120157342208058626e-01
1.158000000000000002e-02	2.950481214021381804e-02	8.230020623458058626e-01
1.158999999999999961e-02	2.906535901521381526e-02	8.144571404708058626e-01
1.159999999999999920e-02	2.989543714021381665e-02	8.254434685958058626e-01
1.161000000000000053e-02	2.940715589021381665e-02	8.193399529708058626e-01
1.162000000000000012e-02	3.023723401521381804e-02	8.303262810958058626e-01
1.162999999999999971e-02	2.979778089021381526e-02	8.230020623458058626e-01
1.163999999999999931e-02	3.062785901521381665e-02	8.339883904708058626e-01
1.165000000000000063e-02	3.018840589021381735e-02	8.266641717208058626e-01
1.166000000000000023e-02	3.096965589021381804e-02	8.376504998458058626e-01
1.166999999999999982e-02	3.053020276521381526e-02	8.303262810958058626e-01
1.167999999999999941e-02	3.136028089021381665e-02	8.413126092208058626e-01
1.169000000000000074e-02	3.092082776521381735e-02	8.339883904708058626e-01
1.170000000000000033e-02	3.175090589021381526e-02	8.449747185958058626e-01
1.170999999999999992e-02	3.131145276521381943e-02	8.376504998458058626e-01
1.171999999999999952e-02	3.209270276521381665e-02	8.486368279708058626e-01
1.173000000000000084e-02	3.165324964021381388e-02	8.425333123458058626e-01
1.174000000000000044e-02	3.248332776521381526e-02	8.522989373458058626e-01
1.175000000000000003e-02	3.204387464021381943e-02	8.461954217208058626e-01
1.175999999999999962e-02	3.282512464021381665e-02	8.559610467208058626e-01
1.176999999999999921e-02	3.238567151521381388e-02	8.498575310958058626e-01
1.178000000000000054e-02	3.321574964021381526e-02	8.608438592208058626e-01
1.179000000000000013e-02	3.277629651521381943e-02	8.535196404708058626e-01
1.179999999999999973e-02	3.355754651521381665e-02	8.645059685958058626e-01
1.180999999999999932e-02	3.311809339021381388e-02	8.571817498458058626e-01
1.182000000000000065e-02	3.394817151521381526e-02	8.681680779708058626e-01
1.183000000000000024e-02	3.350871839021381943e-02	8.608438592208058626e-01
1.183999999999999983e-02	3.428996839021381665e-02	8.718301873458058626e-01
1.184999999999999942e-02	3.385051526521381388e-02	8.645059685958058626e-01
1.186000000000000075e-02	3.468059339021381526e-02	8.754922967208058626e-01
1.187000000000000034e-02	3.424114026521381943e-02	8.681680779708058626e-01
1.187999999999999994e-02	3.507121839021381388e-02	8.791544060958058626e-01
1.188999999999999953e-02	3.458293714021381388e-02	8.718301873458058626e-01
1.190000000000000085e-02	3.546184339021381943e-02	8.828165154708058626e-01
1.191000000000000045e-02	3.497356214021381943e-02	8.754922967208058626e-01
1.192000000000000004e-02	3.585246839021381804e-02	8.864786248458058626e-01
1.192999999999999963e-02	3.536418714021381804e-02	8.791544060958058626e-01
1.193999999999999923e-02	3.629192151521381388e-02	8.901407342208058626e-01
1.195000000000000055e-02	3.575481214021381665e-02	8.840372185958058626e-01
1.196000000000000014e-02	3.668254651521381943e-02	8.950235467208058626e-01
1.196999999999999974e-02	3.619426526521381943e-02	8.876993279708058626e-01
1.197999999999999933e-02	3.712199964021381526e-02	8.986856560958058626e-01
1.199000000000000066e-02	3.663371839021381526e-02	8.913614373458058626e-01
1.200000000000000025e-02	3.756145276521381804e-02	9.023477654708058626e-01
1.200999999999999984e-02	3.707317151521381804e-02	8.950235467208058626e-01
1.201999999999999943e-02	3.800090589021382081e-02	9.060098748458058626e-01
1.203000000000000076e-02	3.751262464021382081e-02	8.986856560958058626e-01
1.204000000000000035e-02	3.848918714021382081e-02	9.096719842208058626e-01
1.204999999999999995e-02	3.795207776521381665e-02	9.023477654708058626e-01
1.205999999999999954e-02	3.897746839021382081e-02	9.133340935958058626e-01
1.207000000000000087e-02	3.844035901521381665e-02	9.060098748458058626e-01
1.208000000000000046e-02	3.941692151521381665e-02	9.169962029708058626e-01
1.209000000000000005e-02	3.892864026521381665e-02	9.096719842208058626e-01
1.209999999999999964e-02	3.990520276521381665e-02	9.206583123458058626e-01
1.210999999999999924e-02	3.936809339021381943e-02	9.145547967208058626e-01
1.212000000000000056e-02	4.039348401521381665e-02	9.243204217208058626e-01
1.213000000000000016e-02	3.985637464021381943e-02	9.182169060958058626e-01
1.213999999999999975e-02	4.088176526521381665e-02	9.279825310958058626e-01
1.214999999999999934e-02	4.034465589021381943e-02	9.218790154708058626e-01
1.216000000000000067e-02	4.137004651521381665e-02	9.316446404708058626e-01
1.217000000000000026e-02	4.083293714021381943e-02	9.243204217208058626e-01
1.217999999999999985e-02	4.185832776521381665e-02	9.353067498458058626e-01
1.218999999999999945e-02	4.132121839021381943e-02	9.292032342208058626e-01
1.220000000000000077e-02	4.229778089021381943e-02	9.401895623458058626e-01
1.221000000000000037e-02	4.180949964021381943e-02	9.328653435958058626e-01
1.221999999999999996e-02	4.278606214021381943e-02	9.438516717208058626e-01
1.222999999999999955e-02	4.224895276521381526e-02	9.365274529708058626e-01
1.223999999999999914e-02	4.322551526521381526e-02	9.475137810958058626e-01
1.225000000000000047e-02	4.273723401521381526e-02	9.401895623458058626e-01
1.226000000000000006e-02	4.371379651521381526e-02	9.511758904708058626e-01
1.226999999999999966e-02	4.317668714021381804e-02	9.438516717208058626e-01
1.227999999999999925e-02	4.415324964021381804e-02	9.548379998458058626e-01
1.229000000000000058e-02	4.366496839021381804e-02	9.475137810958058626e-01
1.230000000000000017e-02	4.464153089021381804e-02	9.585001092208058626e-01
1.230999999999999976e-02	4.410442151521382081e-02	9.511758904708058626e-01
1.231999999999999935e-02	4.508098401521382081e-02	9.621622185958058626e-01
1.233000000000000068e-02	4.454387464021381665e-02	9.548379998458058626e-01
1.234000000000000027e-02	4.552043714021381665e-02	9.658243279708058626e-01
1.234999999999999987e-02	4.503215589021381665e-02	9.597208123458058626e-01
1.235999999999999946e-02	4.600871839021381665e-02	9.694864373458058626e-01
1.237000000000000079e-02	4.552043714021381665e-02	9.621622185958058626e-01
1.238000000000000038e-02	4.644817151521381943e-02	9.731485467208058626e-01
1.238999999999999997e-02	4.595989026521381943e-02	9.658243279708058626e-01
1.239999999999999956e-02	4.693645276521381943e-02	9.768106560958058626e-01
1.240999999999999916e-02	4.639934339021381526e-02	9.707071404708058626e-01
1.242000000000000048e-02	4.737590589021381526e-02	9.816934685958058626e-01
1.243000000000000008e-02	4.688762464021381526e-02	9.743692498458058626e-01
1.243999999999999967e-02	4.786418714021381526e-02	9.853555779708058626e-01
1.244999999999999926e-02	4.732707776521381804e-02	9.780313592208058626e-01
1.246000000000000059e-02	4.835246839021381526e-02	9.890176873458058626e-01
1.247000000000000018e-02	4.781535901521381804e-02	9.816934685958058626e-01
1.247999999999999977e-02	4.879192151521381804e-02	9.926797967208058626e-01
1.248999999999999937e-02	4.830364026521381804e-02	9.853555779708058626e-01
1.250000000000000069e-02	4.928020276521381804e-02	9.963419060958058626e-01
1.251000000000000029e-02	4.874309339021382081e-02	9.890176873458058626e-01
1.251999999999999988e-02	4.971965589021382081e-02	1.000004015470805863e+00
1.252999999999999947e-02	4.923137464021382081e-02	9.926797967208058626e-01
1.254000000000000080e-02	5.020793714021382081e-02	1.003666124845805863e+00
1.255000000000000039e-02	4.967082776521381665e-02	9.963419060958058626e-01
1.255999999999999998e-02	5.064739026521382359e-02	1.007328234220805863e+00
1.256999999999999958e-02	5.015910901521382359e-02	1.000004015470805863e+00
1.257999999999999917e-02	5.108684339021382637e-02	1.010990343595805863e+00
1.259000000000000050e-02	5.059856214021382637e-02	1.003666124845805863e+00
1.260000000000000009e-02	5.157512464021382637e-02	1.014652452970805863e+00
1.260999999999999968e-02	5.103801526521382220e-02	1.007328234220805863e+00
1.261999999999999927e-02	5.201457776521382220e-02	1.018314562345805863e+00
1.263000000000000060e-02	5.147746839021382498e-02	1.010990343595805863e+00
1.264000000000000019e-02	5.245403089021382498e-02	1.023197374845805863e+00
1.264999999999999979e-02	5.191692151521382081e-02	1.015873156095805863e+00
1.265999999999999938e-02	5.289348401521382081e-02	1.026859484220805863e+00
1.267000000000000071e-02	5.235637464021382359e-02	1.019535265470805863e+00
1.268000000000000030e-02	5.328410901521382637e-02	1.030521593595805863e+00
1.268999999999999989e-02	5.279582776521382637e-02	1.023197374845805863e+00
1.269999999999999948e-02	5.372356214021382220e-02	1.034183702970805863e+00
1.271000000000000081e-02	5.323528089021382220e-02	1.026859484220805863e+00
1.272000000000000040e-02	5.411418714021382081e-02	1.037845812345805863e+00
1.273000000000000000e-02	5.367473401521382498e-02	1.030521593595805863e+00
1.273999999999999959e-02	5.455364026521382359e-02	1.041507921720805863e+00
1.274999999999999918e-02	5.406535901521382359e-02	1.034183702970805863e+00
1.276000000000000051e-02	5.494426526521382220e-02	1.045170031095805863e+00
1.277000000000000010e-02	5.450481214021382637e-02	1.037845812345805863e+00
1.277999999999999969e-02	5.533489026521382081e-02	1.048832140470805863e+00
1.278999999999999929e-02	5.489543714021382498e-02	1.041507921720805863e+00
1.280000000000000061e-02	5.577434339021382359e-02	1.052494249845805863e+00
1.281000000000000021e-02	5.528606214021382359e-02	1.045170031095805863e+00
1.281999999999999980e-02	5.616496839021382220e-02	1.056156359220805863e+00
1.282999999999999939e-02	5.567668714021382220e-02	1.048832140470805863e+00
1.284000000000000072e-02	5.655559339021382081e-02	1.059818468595805863e+00
1.285000000000000031e-02	5.611614026521382498e-02	1.053714952970805863e+00
1.285999999999999990e-02	5.694621839021382637e-02	1.064701281095805863e+00
1.286999999999999950e-02	5.650676526521382359e-02	1.056156359220805863e+00
1.288000000000000082e-02	5.738567151521382220e-02	1.067142687345805863e+00
1.289000000000000042e-02	5.689739026521382220e-02	1.061039171720805863e+00
1.290000000000000001e-02	5.777629651521382081e-02	1.070804796720805863e+00
1.290999999999999960e-02	5.728801526521382081e-02	1.064701281095805863e+00
1.291999999999999919e-02	5.816692151521382637e-02	1.075687609220805863e+00
1.293000000000000052e-02	5.767864026521382637e-02	1.068363390470805863e+00
1.294000000000000011e-02	5.855754651521382498e-02	1.079349718595805863e+00
1.294999999999999971e-02	5.811809339021382220e-02	1.072025499845805863e+00
1.295999999999999930e-02	5.899699964021382081e-02	1.083011827970805863e+00
1.297000000000000063e-02	5.850871839021382081e-02	1.075687609220805863e+00
1.298000000000000022e-02	5.938762464021382637e-02	1.086673937345805863e+00
1.298999999999999981e-02	5.889934339021382637e-02	1.079349718595805863e+00
1.299999999999999940e-02	5.982707776521382220e-02	1.090336046720805863e+00
1.301000000000000073e-02	5.933879651521382220e-02	1.083011827970805863e+00
1.302000000000000032e-02	6.021770276521382081e-02	1.093998156095805863e+00
1.302999999999999992e-02	5.972942151521382081e-02	1.086673937345805863e+00
1.303999999999999951e-02	6.060832776521382637e-02	1.097660265470805863e+00
1.305000000000000084e-02	6.016887464021382359e-02	1.090336046720805863e+00
1.306000000000000043e-02	6.104778089021382220e-02	1.101322374845805863e+00
1.307000000000000002e-02	6.055949964021382220e-02	1.093998156095805863e+00
1.307999999999999961e-02	6.148723401521382498e-02	1.104984484220805863e+00
1.308999999999999921e-02	6.095012464021382081e-02	1.097660265470805863e+00
1.310000000000000053e-02	6.187785901521382359e-02	1.108646593595805863e+00
1.311000000000000013e-02	6.138957776521382359e-02	1.101322374845805863e+00
1.311999999999999972e-02	6.226848401521382220e-02	1.112308702970805863e+00
1.312999999999999931e-02	6.182903089021382637e-02	1.104984484220805863e+00
1.314000000000000064e-02	6.270793714021381804e-02	1.115970812345805863e+00
1.315000000000000023e-02	6.221965589021382498e-02	1.108646593595805863e+00
1.315999999999999982e-02	6.314739026521382081e-02	1.119632921720805863e+00
1.316999999999999942e-02	6.265910901521382081e-02	1.112308702970805863e+00
1.318000000000000074e-02	6.353801526521382637e-02	1.123295031095805863e+00
1.319000000000000034e-02	6.304973401521382637e-02	1.115970812345805863e+00
1.319999999999999993e-02	6.397746839021382914e-02	1.126957140470805863e+00
1.320999999999999952e-02	6.348918714021382914e-02	1.119632921720805863e+00
1.322000000000000085e-02	6.441692151521381804e-02	1.130619249845805863e+00
1.323000000000000044e-02	6.387981214021382081e-02	1.124515734220805863e+00
1.324000000000000003e-02	6.480754651521382359e-02	1.134281359220805863e+00
1.324999999999999963e-02	6.431926526521382359e-02	1.126957140470805863e+00
1.325999999999999922e-02	6.524699964021382637e-02	1.137943468595805863e+00
1.327000000000000055e-02	6.470989026521382914e-02	1.130619249845805863e+00
1.328000000000000014e-02	6.563762464021381804e-02	1.141605577970805863e+00
1.328999999999999973e-02	6.514934339021381804e-02	1.135502062345805863e+00
1.329999999999999932e-02	6.607707776521382081e-02	1.145267687345805863e+00
1.331000000000000065e-02	6.558879651521382081e-02	1.137943468595805863e+00
1.332000000000000024e-02	6.651653089021382359e-02	1.148929796720805863e+00
1.332999999999999984e-02	6.602824964021382359e-02	1.142826281095805863e+00
1.333999999999999943e-02	6.690715589021382914e-02	1.152591906095805863e+00
1.335000000000000075e-02	6.641887464021382914e-02	1.146488390470805863e+00
1.336000000000000035e-02	6.734660901521381804e-02	1.157474718595805863e+00
1.336999999999999994e-02	6.685832776521381804e-02	1.150150499845805863e+00
1.337999999999999953e-02	6.778606214021382081e-02	1.159916124845805863e+00
1.339000000000000086e-02	6.729778089021382081e-02	1.153812609220805863e+00
1.340000000000000045e-02	6.822551526521382359e-02	1.163578234220805863e+00
1.341000000000000004e-02	6.773723401521382359e-02	1.157474718595805863e+00
1.341999999999999964e-02	6.866496839021382637e-02	1.168461046720805863e+00
1.342999999999999923e-02	6.817668714021382637e-02	1.161136827970805863e+00
1.344000000000000056e-02	6.910442151521382914e-02	1.172123156095805863e+00
1.345000000000000015e-02	6.856731214021381804e-02	1.164798937345805863e+00
1.345999999999999974e-02	6.949504651521382081e-02	1.174564562345805863e+00
1.346999999999999933e-02	6.905559339021381804e-02	1.168461046720805863e+00
1.348000000000000066e-02	6.993449964021382359e-02	1.178226671720805863e+00
1.349000000000000025e-02	6.944621839021382359e-02	1.172123156095805863e+00
1.349999999999999985e-02	7.037395276521382637e-02	1.183109484220805863e+00
1.350999999999999944e-02	6.988567151521382637e-02	1.175785265470805863e+00
1.352000000000000077e-02	7.081340589021382914e-02	1.186771593595805863e+00
1.353000000000000036e-02	7.032512464021382914e-02	1.179447374845805863e+00
1.353999999999999995e-02	7.125285901521381804e-02	1.189212999845805863e+00
1.354999999999999954e-02	7.076457776521381804e-02	1.183109484220805863e+00
1.355999999999999914e-02	7.164348401521382359e-02	1.194095812345805863e+00
1.357000000000000046e-02	7.120403089021382081e-02	1.186771593595805863e+00
1.358000000000000006e-02	7.208293714021382637e-02	1.197757921720805863e+00
1.358999999999999965e-02	7.159465589021382637e-02	1.190433702970805863e+00
1.359999999999999924e-02	7.252239026521382914e-02	1.200199327970805863e+00
1.361000000000000057e-02	7.203410901521382914e-02	1.194095812345805863e+00
1.362000000000000016e-02	7.296184339021381804e-02	1.205082140470805863e+00
1.362999999999999975e-02	7.242473401521382081e-02	1.197757921720805863e+00
1.363999999999999935e-02	7.335246839021382359e-02	1.208744249845805863e+00
1.365000000000000067e-02	7.286418714021382359e-02	1.201420031095805863e+00
1.366000000000000027e-02	7.379192151521382637e-02	1.212406359220805863e+00
1.366999999999999986e-02	7.330364026521382637e-02	1.205082140470805863e+00
1.367999999999999945e-02	7.423137464021382914e-02	1.216068468595805863e+00
1.369000000000000078e-02	7.374309339021382914e-02	1.208744249845805863e+00
1.370000000000000037e-02	7.467082776521381804e-02	1.219730577970805863e+00
1.370999999999999996e-02	7.418254651521381804e-02	1.212406359220805863e+00
1.371999999999999956e-02	7.511028089021382081e-02	1.223392687345805863e+00
1.372999999999999915e-02	7.462199964021382081e-02	1.216068468595805863e+00
1.374000000000000048e-02	7.554973401521382359e-02	1.227054796720805863e+00
1.375000000000000007e-02	7.501262464021382637e-02	1.219730577970805863e+00
1.375999999999999966e-02	7.598918714021382637e-02	1.230716906095805863e+00
1.376999999999999925e-02	7.550090589021382637e-02	1.223392687345805863e+00
1.378000000000000058e-02	7.637981214021383192e-02	1.234379015470805863e+00
1.379000000000000017e-02	7.589153089021383192e-02	1.227054796720805863e+00
1.379999999999999977e-02	7.681926526521382081e-02	1.238041124845805863e+00
1.380999999999999936e-02	7.633098401521382081e-02	1.230716906095805863e+00
1.382000000000000069e-02	7.725871839021382359e-02	1.241703234220805863e+00
1.383000000000000028e-02	7.677043714021382359e-02	1.234379015470805863e+00
1.383999999999999987e-02	7.769817151521382637e-02	1.245365343595805863e+00
1.384999999999999946e-02	7.720989026521382637e-02	1.238041124845805863e+00
1.386000000000000079e-02	7.808879651521383192e-02	1.249027452970805863e+00
1.387000000000000038e-02	7.760051526521383192e-02	1.241703234220805863e+00
1.387999999999999998e-02	7.852824964021382081e-02	1.252689562345805863e+00
1.388999999999999957e-02	7.803996839021382081e-02	1.245365343595805863e+00
1.389999999999999916e-02	7.891887464021382637e-02	1.256351671720805863e+00
1.391000000000000049e-02	7.843059339021382637e-02	1.249027452970805863e+00
1.392000000000000008e-02	7.935832776521382914e-02	1.260013781095805863e+00
1.392999999999999967e-02	7.887004651521382914e-02	1.252689562345805863e+00
1.393999999999999927e-02	7.974895276521382081e-02	1.263675890470805863e+00
1.395000000000000059e-02	7.926067151521382081e-02	1.256351671720805863e+00
1.396000000000000019e-02	8.018840589021382359e-02	1.267337999845805863e+00
1.396999999999999978e-02	7.970012464021382359e-02	1.260013781095805863e+00
1.397999999999999937e-02	8.057903089021382914e-02	1.271000109220805863e+00
1.399000000000000070e-02	8.009074964021382914e-02	1.263675890470805863e+00
1.400000000000000029e-02	8.101848401521383192e-02	1.274662218595805863e+00
1.400999999999999988e-02	8.053020276521383192e-02	1.267337999845805863e+00
1.401999999999999948e-02	8.140910901521382359e-02	1.278324327970805863e+00
1.403000000000000080e-02	8.092082776521382359e-02	1.271000109220805863e+00
1.404000000000000040e-02	8.184856214021382637e-02	1.281986437345805863e+00
1.404999999999999999e-02	8.136028089021382637e-02	1.274662218595805863e+00
1.405999999999999958e-02	8.223918714021383192e-02	1.285648546720805863e+00
1.406999999999999917e-02	8.175090589021383192e-02	1.278324327970805863e+00
1.408000000000000050e-02	8.267864026521382081e-02	1.289310656095805863e+00
1.409000000000000009e-02	8.219035901521382081e-02	1.281986437345805863e+00
1.409999999999999969e-02	8.306926526521382637e-02	1.292972765470805863e+00
1.410999999999999928e-02	8.258098401521382637e-02	1.285648546720805863e+00
1.412000000000000061e-02	8.350871839021382914e-02	1.296634874845805863e+00
1.413000000000000020e-02	8.302043714021382914e-02	1.289310656095805863e+00
1.413999999999999979e-02	8.394817151521383192e-02	1.300296984220805863e+00
1.414999999999999938e-02	8.345989026521383192e-02	1.292972765470805863e+00
1.416000000000000071e-02	8.438762464021382081e-02	1.303959093595805863e+00
1.417000000000000030e-02	8.385051526521382359e-02	1.296634874845805863e+00
1.417999999999999990e-02	8.482707776521382359e-02	1.307621202970805863e+00
1.418999999999999949e-02	8.428996839021382637e-02	1.300296984220805863e+00
1.420000000000000082e-02	8.521770276521382914e-02	1.311283312345805863e+00
1.421000000000000041e-02	8.472942151521382914e-02	1.303959093595805863e+00
1.422000000000000000e-02	8.565715589021383192e-02	1.313724718595805863e+00
1.422999999999999959e-02	8.516887464021383192e-02	1.307621202970805863e+00
1.423999999999999919e-02	8.609660901521382081e-02	1.317386827970805863e+00
1.425000000000000051e-02	8.560832776521382081e-02	1.311283312345805863e+00
1.426000000000000011e-02	8.653606214021382359e-02	1.322269640470805863e+00
1.426999999999999970e-02	8.604778089021382359e-02	1.314945421720805863e+00
1.427999999999999929e-02	8.697551526521382637e-02	1.324711046720805863e+00
1.429000000000000062e-02	8.648723401521382637e-02	1.318607531095805863e+00
1.430000000000000021e-02	8.741496839021382914e-02	1.328373156095805863e+00
1.430999999999999980e-02	8.692668714021382914e-02	1.321048937345805863e+00
1.431999999999999940e-02	8.785442151521383192e-02	1.332035265470805863e+00
1.433000000000000072e-02	8.736614026521383192e-02	1.325931749845805863e+00
1.434000000000000032e-02	8.829387464021382081e-02	1.335697374845805863e+00
1.434999999999999991e-02	8.780559339021382081e-02	1.329593859220805863e+00
1.435999999999999950e-02	8.878215589021382081e-02	1.339359484220805863e+00
1.437000000000000083e-02	8.824504651521382359e-02	1.333255968595805863e+00
1.438000000000000042e-02	8.922160901521382359e-02	1.343021593595805863e+00
1.439000000000000001e-02	8.868449964021382637e-02	1.336918077970805863e+00
1.439999999999999961e-02	8.966106214021382637e-02	1.346683702970805863e+00
1.440999999999999920e-02	8.917278089021382637e-02	1.340580187345805863e+00
1.442000000000000053e-02	9.010051526521382914e-02	1.350345812345805863e+00
1.443000000000000012e-02	8.961223401521382914e-02	1.344242296720805863e+00
1.443999999999999971e-02	9.058879651521382914e-02	1.354007921720805863e+00
1.444999999999999930e-02	9.005168714021383192e-02	1.347904406095805863e+00
1.446000000000000063e-02	9.102824964021383192e-02	1.357670031095805863e+00
1.447000000000000022e-02	9.049114026521382081e-02	1.350345812345805863e+00
1.447999999999999982e-02	9.146770276521382081e-02	1.361332140470805863e+00
1.448999999999999941e-02	9.093059339021382359e-02	1.354007921720805863e+00
1.450000000000000074e-02	9.190715589021382359e-02	1.363773546720805863e+00
1.451000000000000033e-02	9.141887464021382359e-02	1.356449327970805863e+00
1.451999999999999992e-02	9.234660901521382637e-02	1.360111437345805863e+00
1.452999999999999951e-02	9.185832776521382637e-02	1.352787218595805863e+00
1.454000000000000084e-02	9.273723401521383192e-02	1.355228624845805863e+00
1.455000000000000043e-02	9.229778089021382914e-02	1.347904406095805863e+00
1.456000000000000003e-02	9.317668714021382081e-02	1.350345812345805863e+00
1.456999999999999962e-02	9.268840589021382081e-02	1.343021593595805863e+00
1.457999999999999921e-02	9.361614026521382359e-02	1.346683702970805863e+00
1.459000000000000054e-02	9.312785901521382359e-02	1.339359484220805863e+00
1.460000000000000013e-02	9.400676526521382914e-02	1.341800890470805863e+00
1.460999999999999972e-02	9.356731214021382637e-02	1.334476671720805863e+00
1.461999999999999932e-02	9.439739026521382081e-02	1.336918077970805863e+00
1.463000000000000064e-02	9.395793714021383192e-02	1.329593859220805863e+00
1.464000000000000024e-02	9.473918714021382914e-02	1.333255968595805863e+00
1.464999999999999983e-02	9.429973401521382637e-02	1.325931749845805863e+00
1.465999999999999942e-02	9.508098401521382359e-02	1.328373156095805863e+00
1.467000000000000075e-02	9.469035901521383192e-02	1.321048937345805863e+00
1.468000000000000034e-02	9.537395276521382081e-02	1.324711046720805863e+00
1.468999999999999993e-02	9.503215589021382637e-02	1.317386827970805863e+00
1.469999999999999953e-02	9.561809339021382081e-02	1.319828234220805863e+00
1.471000000000000085e-02	9.527629651521382637e-02	1.312504015470805863e+00
1.472000000000000045e-02	9.581340589021382359e-02	1.314945421720805863e+00
1.473000000000000004e-02	9.552043714021382637e-02	1.307621202970805863e+00
1.473999999999999963e-02	9.595989026521382914e-02	1.311283312345805863e+00
1.474999999999999922e-02	9.571574964021382914e-02	1.303959093595805863e+00
1.476000000000000055e-02	9.605754651521382359e-02	1.306400499845805863e+00
1.477000000000000014e-02	9.581340589021382359e-02	1.300296984220805863e+00
1.477999999999999974e-02	9.610637464021382081e-02	1.302738390470805863e+00
1.478999999999999933e-02	9.586223401521382081e-02	1.295414171720805863e+00
1.480000000000000066e-02	9.605754651521382359e-02	1.297855577970805863e+00
1.481000000000000025e-02	9.581340589021382359e-02	1.290531359220805863e+00
1.481999999999999984e-02	9.600871839021382637e-02	1.292972765470805863e+00
1.482999999999999943e-02	9.571574964021382914e-02	1.285648546720805863e+00
1.484000000000000076e-02	9.586223401521382081e-02	1.289310656095805863e+00
1.485000000000000035e-02	9.556926526521382359e-02	1.281986437345805863e+00
1.485999999999999995e-02	9.566692151521383192e-02	1.284427843595805863e+00
1.486999999999999954e-02	9.532512464021382359e-02	1.277103624845805863e+00
1.488000000000000086e-02	9.537395276521382081e-02	1.279545031095805863e+00
1.489000000000000046e-02	9.498332776521382914e-02	1.273441515470805863e+00
1.490000000000000005e-02	9.503215589021382637e-02	1.275882921720805863e+00
1.490999999999999964e-02	9.459270276521382359e-02	1.268558702970805863e+00
1.491999999999999924e-02	9.464153089021382081e-02	1.272220812345805863e+00
1.493000000000000056e-02	9.415324964021382081e-02	1.264896593595805863e+00
1.494000000000000015e-02	9.415324964021382081e-02	1.267337999845805863e+00
1.494999999999999975e-02	9.361614026521382359e-02	1.260013781095805863e+00
1.495999999999999934e-02	9.361614026521382359e-02	1.262455187345805863e+00
1.497000000000000067e-02	9.303020276521382914e-02	1.255130968595805863e+00
1.498000000000000026e-02	9.303020276521382914e-02	1.258793077970805863e+00
1.498999999999999985e-02	9.234660901521382637e-02	1.251468859220805863e+00
1.499999999999999944e-02	9.234660901521382637e-02	1.253910265470805863e+00
1.501000000000000077e-02	9.166301526521382359e-02	1.246586046720805863e+00
1.502000000000000036e-02	9.166301526521382359e-02	1.250248156095805863e+00
1.502999999999999996e-02	9.093059339021382359e-02	1.241703234220805863e+00
1.503999999999999955e-02	9.088176526521382637e-02	1.245365343595805863e+00
1.504999999999999914e-02	9.014934339021382637e-02	1.238041124845805863e+00
1.506000000000000047e-02	9.010051526521382914e-02	1.240482531095805863e+00
1.507000000000000006e-02	8.936809339021382914e-02	1.233158312345805863e+00
1.507999999999999965e-02	8.931926526521383192e-02	1.236820421720805863e+00
1.508999999999999925e-02	8.853801526521382081e-02	1.229496202970805863e+00
1.510000000000000057e-02	8.848918714021382359e-02	1.231937609220805863e+00
1.511000000000000017e-02	8.770793714021382637e-02	1.224613390470805863e+00
1.511999999999999976e-02	8.765910901521382914e-02	1.227054796720805863e+00
1.512999999999999935e-02	8.687785901521383192e-02	1.220951281095805863e+00
1.514000000000000068e-02	8.682903089021382081e-02	1.223392687345805863e+00
1.515000000000000027e-02	8.599895276521382637e-02	1.216068468595805863e+00
1.515999999999999986e-02	8.599895276521382637e-02	1.218509874845805863e+00
1.516999999999999946e-02	8.521770276521382914e-02	1.211185656095805863e+00
1.518000000000000078e-02	8.516887464021383192e-02	1.214847765470805863e+00
1.519000000000000038e-02	8.433879651521382359e-02	1.207523546720805863e+00
