time[s]	CH1[V]	CH2[V] (num. of cycles: 1)
0.000000000000000000e+00	-7.408161364103618696e-02	-1.222838552374588827e+00
1.000000000000000082e-05	-7.408161364103618696e-02	-1.222838552374588827e+00
2.000000000000000164e-05	-7.398395739103617863e-02	-1.219176442999588827e+00
3.000000000000000076e-05	-7.437458239103618418e-02	-1.226500661749588827e+00
4.000000000000000327e-05	-7.422809801603617863e-02	-1.222838552374588827e+00
5.000000000000000240e-05	-7.466755114103618141e-02	-1.230162771124588827e+00
6.000000000000000152e-05	-7.452106676603618973e-02	-1.226500661749588827e+00
6.999999999999999387e-05	-7.491169176603618141e-02	-1.233824880499588827e+00
8.000000000000000654e-05	-7.481403551603618696e-02	-1.230162771124588827e+00
9.000000000000000567e-05	-7.520466051603619251e-02	-1.237486989874588827e+00
1.000000000000000048e-04	-7.505817614103618696e-02	-1.233824880499588827e+00
1.100000000000000039e-04	-7.549762926603618973e-02	-1.241149099249588827e+00
1.200000000000000030e-04	-7.535114489103618418e-02	-1.237486989874588827e+00
1.299999999999999886e-04	-7.574176989103618973e-02	-1.244811208624588827e+00
1.399999999999999877e-04	-7.564411364103618141e-02	-1.241149099249588827e+00
1.499999999999999869e-04	-7.603473864103618696e-02	-1.248473317999588827e+00
1.600000000000000131e-04	-7.588825426603618141e-02	-1.244811208624588827e+00
1.700000000000000122e-04	-7.632770739103618418e-02	-1.252135427374588827e+00
1.800000000000000113e-04	-7.618122301603619251e-02	-1.249694021124588827e+00
1.900000000000000105e-04	-7.657184801603618418e-02	-1.255797536749588827e+00
2.000000000000000096e-04	-7.647419176603618973e-02	-1.252135427374588827e+00
2.100000000000000087e-04	-7.686481676603618141e-02	-1.259459646124588827e+00
2.200000000000000078e-04	-7.671833239103618973e-02	-1.257018239874588827e+00
2.300000000000000070e-04	-7.715778551603619251e-02	-1.263121755499588827e+00
2.400000000000000061e-04	-7.701130114103618696e-02	-1.259459646124588827e+00
2.500000000000000052e-04	-7.740192614103619251e-02	-1.266783864874588827e+00
2.599999999999999772e-04	-7.730426989103618418e-02	-1.263121755499588827e+00
2.700000000000000035e-04	-7.769489489103618973e-02	-1.270445974249588827e+00
2.799999999999999755e-04	-7.759723864103618141e-02	-1.266783864874588827e+00
2.900000000000000017e-04	-7.798786364103618696e-02	-1.274108083624588827e+00
2.999999999999999737e-04	-7.789020739103619251e-02	-1.271666677374588827e+00
3.099999999999999999e-04	-7.828083239103618418e-02	-1.277770192999588827e+00
3.200000000000000262e-04	-7.818317614103618973e-02	-1.274108083624588827e+00
3.299999999999999982e-04	-7.857380114103618141e-02	-1.281432302374588827e+00
3.400000000000000244e-04	-7.847614489103618696e-02	-1.278990896124588827e+00
3.499999999999999964e-04	-7.886676989103619251e-02	-1.285094411749588827e+00
3.600000000000000227e-04	-7.876911364103618418e-02	-1.282653005499588827e+00
3.699999999999999947e-04	-7.915973864103618973e-02	-1.288756521124588827e+00
3.800000000000000209e-04	-7.906208239103618141e-02	-1.286315114874588827e+00
3.899999999999999929e-04	-7.950153551603618418e-02	-1.292418630499588827e+00
4.000000000000000192e-04	-7.935505114103619251e-02	-1.289977224249588827e+00
4.099999999999999912e-04	-7.979450426603618141e-02	-1.296080739874588827e+00
4.200000000000000174e-04	-7.969684801603618696e-02	-1.292418630499588827e+00
4.299999999999999894e-04	-8.008747301603619251e-02	-1.299742849249588827e+00
4.400000000000000157e-04	-7.998981676603618418e-02	-1.297301442999588827e+00
4.499999999999999877e-04	-8.042926989103618696e-02	-1.304625661749588827e+00
4.600000000000000139e-04	-8.028278551603618141e-02	-1.300963552374588827e+00
4.699999999999999859e-04	-8.072223864103618418e-02	-1.307067067999588827e+00
4.800000000000000122e-04	-8.062458239103618973e-02	-1.304625661749588827e+00
4.899999999999999842e-04	-8.106403551603619251e-02	-1.311949880499588827e+00
5.000000000000000104e-04	-8.091755114103618696e-02	-1.308287771124588827e+00
5.100000000000000366e-04	-8.135700426603618973e-02	-1.315611989874588827e+00
5.199999999999999544e-04	-8.125934801603618141e-02	-1.311949880499588827e+00
5.299999999999999807e-04	-8.169880114103618418e-02	-1.318053396124588827e+00
5.400000000000000069e-04	-8.160114489103618973e-02	-1.315611989874588827e+00
5.500000000000000331e-04	-8.204059801603619251e-02	-1.322936208624588827e+00
5.599999999999999509e-04	-8.194294176603618418e-02	-1.319274099249588827e+00
5.699999999999999772e-04	-8.238239489103618696e-02	-1.325377614874588827e+00
5.800000000000000034e-04	-8.223591051603618141e-02	-1.322936208624588827e+00
5.900000000000000296e-04	-8.272419176603618141e-02	-1.329039724249588827e+00
5.999999999999999474e-04	-8.262653551603618696e-02	-1.326598317999588827e+00
6.099999999999999737e-04	-8.306598864103618973e-02	-1.332701833624588827e+00
6.199999999999999999e-04	-8.296833239103618141e-02	-1.329039724249588827e+00
6.300000000000000261e-04	-8.340778551603618418e-02	-1.336363942999588827e+00
6.400000000000000524e-04	-8.331012926603618973e-02	-1.332701833624588827e+00
6.499999999999999702e-04	-8.379841051603618973e-02	-1.340026052374588827e+00
6.599999999999999964e-04	-8.370075426603618141e-02	-1.337584646124588827e+00
6.700000000000000226e-04	-8.414020739103618418e-02	-1.343688161749588827e+00
6.800000000000000488e-04	-8.404255114103618973e-02	-1.340026052374588827e+00
6.899999999999999667e-04	-8.453083239103618973e-02	-1.347350271124588827e+00
6.999999999999999929e-04	-8.443317614103618141e-02	-1.343688161749588827e+00
7.100000000000000191e-04	-8.492145739103618141e-02	-1.351012380499588827e+00
7.200000000000000453e-04	-8.482380114103618696e-02	-1.347350271124588827e+00
7.299999999999999632e-04	-8.531208239103618696e-02	-1.354674489874588827e+00
7.399999999999999894e-04	-8.521442614103619251e-02	-1.352233083624588827e+00
7.500000000000000156e-04	-8.570270739103619251e-02	-1.358336599249588827e+00
7.600000000000000418e-04	-8.560505114103618418e-02	-1.355895192999588827e+00
7.699999999999999597e-04	-8.609333239103618418e-02	-1.361998708624588827e+00
7.799999999999999859e-04	-8.604450426603618696e-02	-1.358336599249588827e+00
7.900000000000000121e-04	-8.653278551603618696e-02	-1.365660817999588827e+00
8.000000000000000383e-04	-8.643512926603619251e-02	-1.361998708624588827e+00
8.099999999999999561e-04	-8.692341051603619251e-02	-1.369322927374588827e+00
8.199999999999999824e-04	-8.687458239103618141e-02	-1.365660817999588827e+00
8.300000000000000086e-04	-8.736286364103618141e-02	-1.372985036749588827e+00
8.400000000000000348e-04	-8.726520739103618696e-02	-1.369322927374588827e+00
8.499999999999999526e-04	-8.775348864103618696e-02	-1.376647146124588827e+00
8.599999999999999789e-04	-8.770466051603618973e-02	-1.372985036749588827e+00
8.700000000000000051e-04	-8.814411364103619251e-02	-1.380309255499588827e+00
8.800000000000000313e-04	-8.809528551603618141e-02	-1.376647146124588827e+00
8.899999999999999491e-04	-8.858356676603618141e-02	-1.383971364874588827e+00
8.999999999999999754e-04	-8.848591051603618696e-02	-1.380309255499588827e+00
9.100000000000000016e-04	-8.897419176603618696e-02	-1.387633474249588827e+00
9.200000000000000278e-04	-8.892536364103618973e-02	-1.383971364874588827e+00
9.300000000000000541e-04	-8.936481676603619251e-02	-1.391295583624588827e+00
9.399999999999999719e-04	-8.931598864103618141e-02	-1.387633474249588827e+00
9.499999999999999981e-04	-8.975544176603618418e-02	-1.394957692999588827e+00
9.600000000000000243e-04	-8.970661364103618696e-02	-1.391295583624588827e+00
9.700000000000000505e-04	-9.014606676603618973e-02	-1.398619802374588827e+00
9.799999999999999684e-04	-9.004841051603618141e-02	-1.393736989874588827e+00
9.899999999999999946e-04	-9.048786364103618418e-02	-1.401061208624588827e+00
1.000000000000000021e-03	-9.043903551603618696e-02	-1.391295583624588827e+00
1.010000000000000047e-03	-9.087848864103618973e-02	-1.398619802374588827e+00
1.020000000000000073e-03	-9.078083239103618141e-02	-1.386412771124588827e+00
1.030000000000000100e-03	-9.122028551603618418e-02	-1.393736989874588827e+00
1.039999999999999909e-03	-9.112262926603618973e-02	-1.382750661749588827e+00
1.049999999999999935e-03	-9.156208239103619251e-02	-1.390074880499588827e+00
1.059999999999999961e-03	-9.146442614103618418e-02	-1.377867849249588827e+00
1.069999999999999988e-03	-9.190387926603618696e-02	-1.385192067999588827e+00
1.080000000000000014e-03	-9.180622301603619251e-02	-1.372985036749588827e+00
1.090000000000000040e-03	-9.219684801603618418e-02	-1.381529958624588827e+00
1.100000000000000066e-03	-9.209919176603618973e-02	-1.369322927374588827e+00
1.110000000000000092e-03	-9.248981676603618141e-02	-1.376647146124588827e+00
1.119999999999999902e-03	-9.239216051603618696e-02	-1.364440114874588827e+00
1.129999999999999928e-03	-9.278278551603619251e-02	-1.371764333624588827e+00
1.139999999999999954e-03	-9.263630114103618696e-02	-1.360778005499588827e+00
1.149999999999999981e-03	-9.302692614103619251e-02	-1.368102224249588827e+00
1.160000000000000007e-03	-9.288044176603618696e-02	-1.355895192999588827e+00
1.170000000000000033e-03	-9.327106676603619251e-02	-1.363219411749588827e+00
1.180000000000000059e-03	-9.312458239103618696e-02	-1.352233083624588827e+00
1.190000000000000085e-03	-9.341755114103618418e-02	-1.359557302374588827e+00
1.199999999999999895e-03	-9.327106676603619251e-02	-1.347350271124588827e+00
1.209999999999999921e-03	-9.356403551603618973e-02	-1.354674489874588827e+00
1.219999999999999947e-03	-9.336872301603618696e-02	-1.342467458624588827e+00
1.229999999999999974e-03	-9.366169176603618418e-02	-1.349791677374588827e+00
1.240000000000000000e-03	-9.341755114103618418e-02	-1.338805349249588827e+00
1.250000000000000026e-03	-9.371051989103618141e-02	-1.346129567999588827e+00
1.260000000000000052e-03	-9.346637926603618141e-02	-1.333922536749588827e+00
1.270000000000000078e-03	-9.371051989103618141e-02	-1.341246755499588827e+00
1.280000000000000105e-03	-9.341755114103618418e-02	-1.330260427374588827e+00
1.289999999999999914e-03	-9.366169176603618418e-02	-1.337584646124588827e+00
1.299999999999999940e-03	-9.327106676603619251e-02	-1.325377614874588827e+00
1.309999999999999967e-03	-9.356403551603618973e-02	-1.332701833624588827e+00
1.319999999999999993e-03	-9.312458239103618696e-02	-1.320494802374588827e+00
1.330000000000000019e-03	-9.341755114103618418e-02	-1.329039724249588827e+00
1.340000000000000045e-03	-9.288044176603618696e-02	-1.316832692999588827e+00
1.350000000000000071e-03	-9.322223864103618141e-02	-1.324156911749588827e+00
1.360000000000000098e-03	-9.258747301603618973e-02	-1.311949880499588827e+00
1.369999999999999907e-03	-9.297809801603618141e-02	-1.319274099249588827e+00
1.379999999999999933e-03	-9.224567614103618141e-02	-1.308287771124588827e+00
1.389999999999999960e-03	-9.268512926603618418e-02	-1.315611989874588827e+00
1.399999999999999986e-03	-9.185505114103618973e-02	-1.303404958624588827e+00
1.410000000000000012e-03	-9.229450426603619251e-02	-1.310729177374588827e+00
1.420000000000000038e-03	-9.141559801603618696e-02	-1.298522146124588827e+00
1.430000000000000064e-03	-9.190387926603618696e-02	-1.307067067999588827e+00
1.440000000000000091e-03	-9.087848864103618973e-02	-1.294860036749588827e+00
1.449999999999999900e-03	-9.141559801603618696e-02	-1.302184255499588827e+00
1.459999999999999926e-03	-9.034137926603619251e-02	-1.289977224249588827e+00
1.469999999999999953e-03	-9.092731676603618696e-02	-1.297301442999588827e+00
1.479999999999999979e-03	-8.980426989103618141e-02	-1.285094411749588827e+00
1.490000000000000005e-03	-9.039020739103618973e-02	-1.293639333624588827e+00
1.500000000000000031e-03	-8.921833239103618696e-02	-1.281432302374588827e+00
1.510000000000000057e-03	-8.980426989103618141e-02	-1.288756521124588827e+00
1.520000000000000084e-03	-8.858356676603618141e-02	-1.276549489874588827e+00
1.529999999999999893e-03	-8.921833239103618696e-02	-1.285094411749588827e+00
1.539999999999999919e-03	-8.794880114103618973e-02	-1.272887380499588827e+00
1.549999999999999946e-03	-8.858356676603618141e-02	-1.280211599249588827e+00
1.559999999999999972e-03	-8.731403551603618418e-02	-1.268004567999588827e+00
1.569999999999999998e-03	-8.794880114103618973e-02	-1.275328786749588827e+00
1.580000000000000024e-03	-8.663044176603618141e-02	-1.264342458624588827e+00
1.590000000000000050e-03	-8.731403551603618418e-02	-1.271666677374588827e+00
1.600000000000000077e-03	-8.589801989103618141e-02	-1.259459646124588827e+00
1.610000000000000103e-03	-8.663044176603618141e-02	-1.266783864874588827e+00
1.619999999999999912e-03	-8.521442614103619251e-02	-1.254576833624588827e+00
1.629999999999999939e-03	-8.589801989103618141e-02	-1.263121755499588827e+00
1.639999999999999965e-03	-8.448200426603619251e-02	-1.250914724249588827e+00
1.649999999999999991e-03	-8.521442614103619251e-02	-1.258238942999588827e+00
1.660000000000000017e-03	-8.379841051603618973e-02	-1.246031911749588827e+00
1.670000000000000043e-03	-8.448200426603619251e-02	-1.253356130499588827e+00
1.680000000000000070e-03	-8.306598864103618973e-02	-1.242369802374588827e+00
1.690000000000000096e-03	-8.379841051603618973e-02	-1.249694021124588827e+00
1.699999999999999905e-03	-8.238239489103618696e-02	-1.237486989874588827e+00
1.709999999999999932e-03	-8.306598864103618973e-02	-1.244811208624588827e+00
1.719999999999999958e-03	-8.164997301603618696e-02	-1.232604177374588827e+00
1.729999999999999984e-03	-8.233356676603618973e-02	-1.241149099249588827e+00
1.740000000000000010e-03	-8.091755114103618696e-02	-1.228942067999588827e+00
1.750000000000000036e-03	-8.164997301603618696e-02	-1.236266286749588827e+00
1.760000000000000063e-03	-8.023395739103618418e-02	-1.224059255499588827e+00
1.770000000000000089e-03	-8.091755114103618696e-02	-1.231383474249588827e+00
1.779999999999999898e-03	-7.950153551603618418e-02	-1.219176442999588827e+00
1.789999999999999925e-03	-8.023395739103618418e-02	-1.227721364874588827e+00
1.799999999999999951e-03	-7.881794176603618141e-02	-1.215514333624588827e+00
1.809999999999999977e-03	-7.950153551603618418e-02	-1.222838552374588827e+00
1.820000000000000003e-03	-7.818317614103618973e-02	-1.210631521124588827e+00
1.830000000000000029e-03	-7.881794176603618141e-02	-1.217955739874588827e+00
1.840000000000000056e-03	-7.749958239103618696e-02	-1.205748708624588827e+00
1.850000000000000082e-03	-7.813434801603619251e-02	-1.214293630499588827e+00
1.860000000000000108e-03	-7.686481676603618141e-02	-1.202086599249588827e+00
1.869999999999999917e-03	-7.749958239103618696e-02	-1.209410817999588827e+00
1.879999999999999944e-03	-7.623005114103618973e-02	-1.197203786749588827e+00
1.889999999999999970e-03	-7.686481676603618141e-02	-1.204528005499588827e+00
1.899999999999999996e-03	-7.564411364103618141e-02	-1.193541677374588827e+00
1.910000000000000022e-03	-7.627887926603618696e-02	-1.200865896124588827e+00
1.920000000000000049e-03	-7.505817614103618696e-02	-1.188658864874588827e+00
1.930000000000000075e-03	-7.569294176603619251e-02	-1.195983083624588827e+00
1.940000000000000101e-03	-7.452106676603618973e-02	-1.183776052374588827e+00
1.949999999999999910e-03	-7.505817614103618696e-02	-1.192320974249588827e+00
1.959999999999999937e-03	-7.398395739103617863e-02	-1.180113942999588827e+00
1.969999999999999963e-03	-7.452106676603618973e-02	-1.187438161749588827e+00
1.979999999999999989e-03	-7.349567614103617863e-02	-1.175231130499588827e+00
1.990000000000000015e-03	-7.403278551603618973e-02	-1.182555349249588827e+00
2.000000000000000042e-03	-7.300739489103617863e-02	-1.171569021124588827e+00
2.010000000000000068e-03	-7.349567614103617863e-02	-1.178893239874588827e+00
2.020000000000000094e-03	-7.256794176603618973e-02	-1.166686208624588827e+00
2.030000000000000120e-03	-7.305622301603618973e-02	-1.174010427374588827e+00
2.040000000000000147e-03	-7.212848864103618696e-02	-1.163024099249588827e+00
2.050000000000000173e-03	-7.261676989103618696e-02	-1.169127614874588827e+00
2.060000000000000199e-03	-7.173786364103618141e-02	-1.158141286749588827e+00
2.069999999999999792e-03	-7.222614489103618141e-02	-1.165465505499588827e+00
2.079999999999999818e-03	-7.134723864103618973e-02	-1.154479177374588827e+00
2.089999999999999844e-03	-7.183551989103618973e-02	-1.160582692999588827e+00
2.099999999999999870e-03	-7.100544176603618141e-02	-1.149596364874588827e+00
2.109999999999999896e-03	-7.144489489103618418e-02	-1.156920583624588827e+00
2.119999999999999923e-03	-7.071247301603618418e-02	-1.144713552374588827e+00
2.129999999999999949e-03	-7.110309801603618973e-02	-1.152037771124588827e+00
2.139999999999999975e-03	-7.037067614103618973e-02	-1.139830739874588827e+00
2.150000000000000001e-03	-7.081012926603617863e-02	-1.148375661749588827e+00
2.160000000000000028e-03	-7.012653551603618973e-02	-1.136168630499588827e+00
2.170000000000000054e-03	-7.051716051603618141e-02	-1.143492849249588827e+00
2.180000000000000080e-03	-6.983356676603617863e-02	-1.131285817999588827e+00
2.190000000000000106e-03	-7.022419176603618418e-02	-1.138610036749588827e+00
2.200000000000000133e-03	-6.958942614103617863e-02	-1.127623708624588827e+00
2.210000000000000159e-03	-6.998005114103618418e-02	-1.134947927374588827e+00
2.220000000000000185e-03	-6.934528551603617863e-02	-1.122740896124588827e+00
2.230000000000000211e-03	-6.973591051603618418e-02	-1.130065114874588827e+00
2.239999999999999804e-03	-6.910114489103617863e-02	-1.117858083624588827e+00
2.249999999999999830e-03	-6.949176989103618418e-02	-1.125182302374588827e+00
2.259999999999999856e-03	-6.890583239103618973e-02	-1.114195974249588827e+00
2.269999999999999882e-03	-6.924762926603618418e-02	-1.121520192999588827e+00
2.279999999999999909e-03	-6.866169176603618973e-02	-1.109313161749588827e+00
2.289999999999999935e-03	-6.905231676603618141e-02	-1.117858083624588827e+00
2.299999999999999961e-03	-6.846637926603618696e-02	-1.105651052374588827e+00
2.309999999999999987e-03	-6.885700426603617863e-02	-1.112975271124588827e+00
2.320000000000000014e-03	-6.831989489103618141e-02	-1.100768239874588827e+00
2.330000000000000040e-03	-6.866169176603618973e-02	-1.108092458624588827e+00
2.340000000000000066e-03	-6.812458239103617863e-02	-1.095885427374588827e+00
2.350000000000000092e-03	-6.846637926603618696e-02	-1.104430349249588827e+00
2.360000000000000119e-03	-6.792926989103618973e-02	-1.092223317999588827e+00
2.370000000000000145e-03	-6.831989489103618141e-02	-1.099547536749588827e+00
2.380000000000000171e-03	-6.778278551603618418e-02	-1.087340505499588827e+00
2.390000000000000197e-03	-6.812458239103617863e-02	-1.094664724249588827e+00
2.399999999999999790e-03	-6.763630114103617863e-02	-1.083678396124588827e+00
2.409999999999999816e-03	-6.797809801603618696e-02	-1.091002614874588827e+00
2.419999999999999842e-03	-6.744098864103618973e-02	-1.078795583624588827e+00
2.429999999999999868e-03	-6.778278551603618418e-02	-1.086119802374588827e+00
2.439999999999999895e-03	-6.729450426603618418e-02	-1.073912771124588827e+00
2.449999999999999921e-03	-6.763630114103617863e-02	-1.081236989874588827e+00
2.459999999999999947e-03	-6.709919176603618141e-02	-1.070250661749588827e+00
2.469999999999999973e-03	-6.748981676603618696e-02	-1.077574880499588827e+00
2.480000000000000000e-03	-6.695270739103618973e-02	-1.065367849249588827e+00
2.490000000000000026e-03	-6.729450426603618418e-02	-1.072692067999588827e+00
2.500000000000000052e-03	-6.675739489103618696e-02	-1.061705739874588827e+00
2.510000000000000078e-03	-6.714801989103617863e-02	-1.069029958624588827e+00
2.520000000000000104e-03	-6.661091051603618141e-02	-1.056822927374588827e+00
2.530000000000000131e-03	-6.695270739103618973e-02	-1.064147146124588827e+00
2.540000000000000157e-03	-6.641559801603617863e-02	-1.051940114874588827e+00
2.550000000000000183e-03	-6.675739489103618696e-02	-1.059264333624588827e+00
2.560000000000000209e-03	-6.617145739103617863e-02	-1.048278005499588827e+00
2.569999999999999802e-03	-6.656208239103618418e-02	-1.055602224249588827e+00
2.579999999999999828e-03	-6.597614489103618973e-02	-1.043395192999588827e+00
2.589999999999999854e-03	-6.636676989103618141e-02	-1.051940114874588827e+00
2.599999999999999881e-03	-6.573200426603618973e-02	-1.039733083624588827e+00
2.609999999999999907e-03	-6.612262926603618141e-02	-1.047057302374588827e+00
2.619999999999999933e-03	-6.548786364103618973e-02	-1.034850271124588827e+00
2.629999999999999959e-03	-6.587848864103618141e-02	-1.042174489874588827e+00
2.639999999999999986e-03	-6.524372301603618973e-02	-1.031188161749588827e+00
2.650000000000000012e-03	-6.563434801603618141e-02	-1.038512380499588827e+00
2.660000000000000038e-03	-6.499958239103618973e-02	-1.026305349249588827e+00
2.670000000000000064e-03	-6.539020739103618141e-02	-1.033629567999588827e+00
2.680000000000000090e-03	-6.470661364103617863e-02	-1.022643239874588827e+00
2.690000000000000117e-03	-6.514606676603618141e-02	-1.029967458624588827e+00
2.700000000000000143e-03	-6.441364489103618141e-02	-1.017760427374588827e+00
2.710000000000000169e-03	-6.485309801603618418e-02	-1.025084646124588827e+00
2.720000000000000195e-03	-6.412067614103618418e-02	-1.014098317999588827e+00
2.729999999999999788e-03	-6.451130114103618973e-02	-1.021422536749588827e+00
2.739999999999999814e-03	-6.377887926603618973e-02	-1.009215505499588827e+00
2.749999999999999840e-03	-6.421833239103617863e-02	-1.016539724249588827e+00
2.759999999999999867e-03	-6.343708239103618141e-02	-1.004332692999588827e+00
2.769999999999999893e-03	-6.387653551603618418e-02	-1.011656911749588827e+00
2.779999999999999919e-03	-6.309528551603618696e-02	-9.994498804995888275e-01
2.789999999999999945e-03	-6.353473864103618973e-02	-1.007994802374588827e+00
2.799999999999999972e-03	-6.275348864103617863e-02	-9.957877711245888275e-01
2.809999999999999998e-03	-6.319294176603618141e-02	-1.003111989874588827e+00
2.820000000000000024e-03	-6.236286364103618696e-02	-9.909049586245888275e-01
2.830000000000000050e-03	-6.280231676603618973e-02	-9.982291773745888275e-01
2.840000000000000076e-03	-6.197223864103618141e-02	-9.860221461245888275e-01
2.850000000000000103e-03	-6.246051989103618141e-02	-9.945670679995888275e-01
2.860000000000000129e-03	-6.163044176603618696e-02	-9.823600367495888275e-01
2.870000000000000155e-03	-6.206989489103618279e-02	-9.896842554995888275e-01
2.880000000000000181e-03	-6.123981676603618141e-02	-9.786979273745888275e-01
2.890000000000000208e-03	-6.167926989103618418e-02	-9.860221461245888275e-01
2.899999999999999800e-03	-6.084919176603618279e-02	-9.738151148745888275e-01
2.909999999999999826e-03	-6.128864489103618557e-02	-9.811393336245888275e-01
2.919999999999999853e-03	-6.045856676603618418e-02	-9.689323023745888275e-01
2.929999999999999879e-03	-6.089801989103618696e-02	-9.762565211245888275e-01
2.939999999999999905e-03	-6.001911364103618141e-02	-9.652701929995888275e-01
2.949999999999999931e-03	-6.050739489103618141e-02	-9.725944117495888275e-01
2.959999999999999958e-03	-5.962848864103618279e-02	-9.603873804995888275e-01
2.969999999999999984e-03	-6.011676989103618279e-02	-9.677115992495888275e-01
2.980000000000000010e-03	-5.923786364103618418e-02	-9.567252711245888275e-01
2.990000000000000036e-03	-5.972614489103618418e-02	-9.640494898745888275e-01
3.000000000000000062e-03	-5.884723864103618557e-02	-9.518424586245888275e-01
3.010000000000000089e-03	-5.928669176603618141e-02	-9.591666773745888275e-01
3.020000000000000115e-03	-5.840778551603618279e-02	-9.469596461245888275e-01
3.030000000000000141e-03	-5.889606676603618279e-02	-9.542838648745888275e-01
3.040000000000000167e-03	-5.801716051603618418e-02	-9.432975367495888275e-01
3.050000000000000194e-03	-5.850544176603618418e-02	-9.506217554995888275e-01
3.059999999999999786e-03	-5.762653551603618557e-02	-9.384147242495888275e-01
3.069999999999999812e-03	-5.806598864103618141e-02	-9.457389429995888275e-01
3.079999999999999839e-03	-5.718708239103618279e-02	-9.347526148745888275e-01
3.089999999999999865e-03	-5.767536364103618279e-02	-9.408561304995888275e-01
3.099999999999999891e-03	-5.679645739103618418e-02	-9.298698023745888275e-01
3.109999999999999917e-03	-5.728473864103618418e-02	-9.371940211245888275e-01
3.119999999999999944e-03	-5.635700426603618141e-02	-9.249869898745888275e-01
3.129999999999999970e-03	-5.684528551603618141e-02	-9.323112086245888275e-01
3.139999999999999996e-03	-5.596637926603618279e-02	-9.213248804995888275e-01
3.150000000000000022e-03	-5.645466051603618279e-02	-9.286490992495888275e-01
3.160000000000000048e-03	-5.552692614103618696e-02	-9.164420679995888275e-01
3.170000000000000075e-03	-5.601520739103618696e-02	-9.237662867495888275e-01
3.180000000000000101e-03	-5.513630114103618141e-02	-9.127799586245888275e-01
3.190000000000000127e-03	-5.562458239103618141e-02	-9.201041773745888275e-01
3.200000000000000153e-03	-5.474567614103618279e-02	-9.078971461245888275e-01
3.210000000000000180e-03	-5.523395739103618279e-02	-9.152213648745888275e-01
3.220000000000000206e-03	-5.435505114103618418e-02	-9.030143336245888275e-01
3.229999999999999798e-03	-5.484333239103618418e-02	-9.115592554995888275e-01
3.239999999999999825e-03	-5.396442614103618557e-02	-8.993522242495888275e-01
3.249999999999999851e-03	-5.445270739103618557e-02	-9.066764429995888275e-01
3.259999999999999877e-03	-5.357380114103618696e-02	-8.944694117495888275e-01
3.269999999999999903e-03	-5.401325426603618279e-02	-9.017936304995888275e-01
3.279999999999999930e-03	-5.318317614103618141e-02	-8.908073023745888275e-01
3.289999999999999956e-03	-5.367145739103618141e-02	-8.981315211245888275e-01
3.299999999999999982e-03	-5.284137926603618696e-02	-8.859244898745888275e-01
3.310000000000000008e-03	-5.328083239103618279e-02	-8.932487086245888275e-01
3.320000000000000034e-03	-5.245075426603618141e-02	-8.822623804995888275e-01
3.330000000000000061e-03	-5.293903551603618141e-02	-8.883658961245888275e-01
3.340000000000000087e-03	-5.210895739103618696e-02	-8.773795679995888275e-01
3.350000000000000113e-03	-5.254841051603618279e-02	-8.847037867495888275e-01
3.360000000000000139e-03	-5.176716051603618557e-02	-8.724967554995888275e-01
3.370000000000000166e-03	-5.220661364103618141e-02	-8.798209742495888275e-01
3.380000000000000192e-03	-5.142536364103618418e-02	-8.688346461245888275e-01
3.389999999999999784e-03	-5.186481676603618696e-02	-8.761588648745888275e-01
3.399999999999999811e-03	-5.108356676603618279e-02	-8.639518336245888275e-01
3.409999999999999837e-03	-5.152301989103618557e-02	-8.712760523745888275e-01
3.419999999999999863e-03	-5.074176989103618141e-02	-8.590690211245888275e-01
3.429999999999999889e-03	-5.118122301603618418e-02	-8.676139429995888275e-01
3.439999999999999915e-03	-5.039997301603618696e-02	-8.554069117495888275e-01
3.449999999999999942e-03	-5.083942614103618279e-02	-8.627311304995888275e-01
3.459999999999999968e-03	-5.010700426603618279e-02	-8.505240992495888275e-01
3.469999999999999994e-03	-5.049762926603618141e-02	-8.578483179995888275e-01
3.480000000000000020e-03	-4.976520739103618834e-02	-8.468619898745888275e-01
3.490000000000000047e-03	-5.015583239103618696e-02	-8.541862086245888275e-01
3.500000000000000073e-03	-4.942341051603618696e-02	-8.419791773745888275e-01
3.510000000000000099e-03	-4.986286364103618973e-02	-8.493033961245888275e-01
3.520000000000000125e-03	-4.913044176603618973e-02	-8.383170679995888275e-01
3.530000000000000152e-03	-4.952106676603618834e-02	-8.456412867495888275e-01
3.540000000000000178e-03	-4.878864489103618834e-02	-8.334342554995888275e-01
3.550000000000000204e-03	-4.922809801603619112e-02	-8.407584742495888275e-01
3.559999999999999797e-03	-4.849567614103619112e-02	-8.285514429995888275e-01
3.569999999999999823e-03	-4.888630114103618973e-02	-8.370963648745888275e-01
3.579999999999999849e-03	-4.820270739103618696e-02	-8.248893336245888275e-01
3.589999999999999875e-03	-4.859333239103619251e-02	-8.322135523745888275e-01
3.599999999999999901e-03	-4.786091051603619251e-02	-8.200065211245888275e-01
3.609999999999999928e-03	-4.830036364103618834e-02	-8.273307398745888275e-01
3.619999999999999954e-03	-4.756794176603618834e-02	-8.163444117495888275e-01
3.629999999999999980e-03	-4.795856676603618696e-02	-8.236686304995888275e-01
3.640000000000000006e-03	-4.727497301603619112e-02	-8.114615992495888275e-01
3.650000000000000033e-03	-4.766559801603618973e-02	-8.187858179995888275e-01
3.660000000000000059e-03	-4.698200426603618696e-02	-8.065787867495888275e-01
3.670000000000000085e-03	-4.737262926603619251e-02	-8.139030054995888275e-01
3.680000000000000111e-03	-4.673786364103618696e-02	-8.029166773745888275e-01
3.690000000000000138e-03	-4.712848864103619251e-02	-8.102408961245888275e-01
3.700000000000000164e-03	-4.644489489103618973e-02	-7.980338648745888275e-01
3.710000000000000190e-03	-4.683551989103618834e-02	-8.053580836245888275e-01
3.720000000000000216e-03	-4.615192614103619251e-02	-7.943717554995888275e-01
3.729999999999999809e-03	-4.654255114103619112e-02	-8.016959742495888275e-01
3.739999999999999835e-03	-4.590778551603619251e-02	-7.894889429995888275e-01
3.749999999999999861e-03	-4.629841051603619112e-02	-7.968131617495888275e-01
3.759999999999999887e-03	-4.566364489103619251e-02	-7.846061304995888275e-01
3.769999999999999914e-03	-4.605426989103619112e-02	-7.931510523745888275e-01
3.779999999999999940e-03	-4.541950426603619251e-02	-7.809440211245888275e-01
3.789999999999999966e-03	-4.581012926603619112e-02	-7.882682398745888275e-01
3.799999999999999992e-03	-4.517536364103619251e-02	-7.772819117495888275e-01
3.810000000000000019e-03	-4.556598864103619112e-02	-7.846061304995888275e-01
3.820000000000000045e-03	-4.493122301603619251e-02	-7.723990992495888275e-01
3.830000000000000071e-03	-4.532184801603619112e-02	-7.797233179995888275e-01
3.840000000000000097e-03	-4.468708239103619251e-02	-7.675162867495888275e-01
3.850000000000000124e-03	-4.507770739103619112e-02	-7.748405054995888275e-01
3.860000000000000150e-03	-4.449176989103618973e-02	-7.638541773745888275e-01
3.870000000000000176e-03	-4.488239489103618834e-02	-7.711783961245888275e-01
3.880000000000000202e-03	-4.424762926603618973e-02	-7.589713648745888275e-01
3.889999999999999795e-03	-4.463825426603618834e-02	-7.662955836245888275e-01
3.899999999999999821e-03	-4.405231676603618696e-02	-7.540885523745888275e-01
3.910000000000000281e-03	-4.439411364103618834e-02	-7.626334742495888275e-01
3.919999999999999873e-03	-4.380817614103618696e-02	-7.504264429995888275e-01
3.930000000000000333e-03	-4.419880114103619251e-02	-7.577506617495888275e-01
3.939999999999999926e-03	-4.361286364103619112e-02	-7.455436304995888275e-01
3.950000000000000386e-03	-4.395466051603619251e-02	-7.528678492495888275e-01
3.959999999999999978e-03	-4.336872301603619112e-02	-7.406608179995888275e-01
3.969999999999999571e-03	-4.375934801603618973e-02	-7.492057398745888275e-01
3.980000000000000031e-03	-4.312458239103619112e-02	-7.369987086245888275e-01
3.989999999999999623e-03	-4.351520739103618973e-02	-7.443229273745888275e-01
4.000000000000000083e-03	-4.292926989103618834e-02	-7.333365992495888275e-01
4.009999999999999676e-03	-4.331989489103618696e-02	-7.406608179995888275e-01
4.020000000000000136e-03	-4.273395739103619251e-02	-7.284537867495888275e-01
4.029999999999999728e-03	-4.307575426603618696e-02	-7.357780054995888275e-01
4.040000000000000188e-03	-4.248981676603619251e-02	-7.235709742495888275e-01
4.049999999999999781e-03	-4.283161364103618696e-02	-7.308951929995888275e-01
4.060000000000000241e-03	-4.224567614103619251e-02	-7.199088648745888275e-01
4.069999999999999833e-03	-4.263630114103619112e-02	-7.272330836245888275e-01
4.080000000000000293e-03	-4.200153551603619251e-02	-7.150260523745888275e-01
4.089999999999999886e-03	-4.239216051603619112e-02	-7.223502711245888275e-01
4.100000000000000346e-03	-4.180622301603618973e-02	-7.113639429995888275e-01
4.109999999999999938e-03	-4.214801989103619112e-02	-7.186881617495888275e-01
4.120000000000000398e-03	-4.156208239103618973e-02	-7.064811304995888275e-01
4.129999999999999991e-03	-4.195270739103618834e-02	-7.138053492495888275e-01
4.139999999999999583e-03	-4.131794176603618973e-02	-7.028190211245888275e-01
4.150000000000000043e-03	-4.165973864103619112e-02	-7.101432398745888275e-01
4.159999999999999636e-03	-4.107380114103618973e-02	-6.979362086245888275e-01
4.170000000000000095e-03	-4.146442614103618834e-02	-7.052604273745888275e-01
4.179999999999999688e-03	-4.078083239103619251e-02	-6.930533961245888275e-01
4.190000000000000148e-03	-4.117145739103619112e-02	-7.003776148745888275e-01
4.199999999999999740e-03	-4.053669176603619251e-02	-6.893912867495888275e-01
4.210000000000000200e-03	-4.092731676603619112e-02	-6.967155054995888275e-01
4.219999999999999793e-03	-4.024372301603618834e-02	-6.845084742495888275e-01
4.230000000000000253e-03	-4.063434801603618696e-02	-6.918326929995888275e-01
4.239999999999999845e-03	-3.999958239103618834e-02	-6.808463648745888275e-01
4.250000000000000305e-03	-4.039020739103618696e-02	-6.881705836245888275e-01
4.259999999999999898e-03	-3.970661364103619112e-02	-6.759635523745888275e-01
4.270000000000000358e-03	-4.009723864103618973e-02	-6.832877711245888275e-01
4.279999999999999950e-03	-3.941364489103618696e-02	-6.710807398745888275e-01
4.290000000000000410e-03	-3.980426989103619251e-02	-6.784049586245888275e-01
4.300000000000000003e-03	-3.912067614103618973e-02	-6.674186304995888275e-01
4.309999999999999595e-03	-3.951130114103618834e-02	-6.747428492495888275e-01
4.320000000000000055e-03	-3.877887926603618834e-02	-6.625358179995888275e-01
4.329999999999999648e-03	-3.921833239103619112e-02	-6.698600367495888275e-01
4.340000000000000108e-03	-3.848591051603619112e-02	-6.588737086245888275e-01
4.349999999999999700e-03	-3.892536364103618696e-02	-6.661979273745888275e-01
4.360000000000000160e-03	-3.814411364103618973e-02	-6.539908961245888275e-01
4.369999999999999753e-03	-3.858356676603619251e-02	-6.613151148745888275e-01
4.380000000000000213e-03	-3.785114489103619251e-02	-6.503287867495888275e-01
4.389999999999999805e-03	-3.824176989103619112e-02	-6.576530054995888275e-01
4.400000000000000265e-03	-3.750934801603619112e-02	-6.454459742495888275e-01
4.409999999999999858e-03	-3.794880114103618696e-02	-6.527701929995888275e-01
4.420000000000000318e-03	-3.716755114103618973e-02	-6.417838648745888275e-01
4.429999999999999910e-03	-3.760700426603619251e-02	-6.491080836245888275e-01
4.440000000000000370e-03	-3.687458239103618557e-02	-6.369010523745888275e-01
4.449999999999999963e-03	-3.726520739103619112e-02	-6.442252711245888275e-01
4.460000000000000422e-03	-3.653278551603619112e-02	-6.320182398745888275e-01
4.470000000000000015e-03	-3.697223864103618696e-02	-6.405631617495888275e-01
4.479999999999999608e-03	-3.619098864103618973e-02	-6.283561304995888275e-01
4.490000000000000067e-03	-3.663044176603618557e-02	-6.356803492495888275e-01
4.499999999999999660e-03	-3.589801989103618557e-02	-6.234733179995888275e-01
4.510000000000000120e-03	-3.628864489103619112e-02	-6.307975367495888275e-01
4.519999999999999712e-03	-3.555622301603619112e-02	-6.198112086245888275e-01
4.530000000000000172e-03	-3.599567614103618696e-02	-6.271354273745888275e-01
4.539999999999999765e-03	-3.521442614103618973e-02	-6.149283961245888275e-01
4.550000000000000225e-03	-3.565387926603618557e-02	-6.222526148745888275e-01
4.559999999999999817e-03	-3.487262926603618834e-02	-6.100455836245888275e-01
4.570000000000000277e-03	-3.531208239103619112e-02	-6.185905054995888275e-01
4.579999999999999870e-03	-3.453083239103618696e-02	-6.063834742495888275e-01
4.590000000000000330e-03	-3.497028551603618973e-02	-6.137076929995888275e-01
4.599999999999999922e-03	-3.418903551603618557e-02	-6.015006617495888275e-01
4.610000000000000382e-03	-3.462848864103618834e-02	-6.100455836245888275e-01
4.619999999999999975e-03	-3.384723864103619112e-02	-5.978385523745888275e-01
4.629999999999999567e-03	-3.428669176603618696e-02	-6.051627711245888275e-01
4.640000000000000027e-03	-3.350544176603618973e-02	-5.929557398745888275e-01
4.649999999999999620e-03	-3.394489489103618557e-02	-6.015006617495888275e-01
4.660000000000000080e-03	-3.311481676603619112e-02	-5.892936304995888275e-01
4.669999999999999672e-03	-3.360309801603619112e-02	-5.966178492495888275e-01
4.680000000000000132e-03	-3.272419176603618557e-02	-5.844108179995888275e-01
4.689999999999999725e-03	-3.321247301603618557e-02	-5.917350367495888275e-01
4.700000000000000185e-03	-3.233356676603618696e-02	-5.807487086245888275e-01
4.709999999999999777e-03	-3.282184801603618696e-02	-5.880729273745888275e-01
4.720000000000000237e-03	-3.199176989103618557e-02	-5.758658961245888275e-01
4.729999999999999830e-03	-3.243122301603618834e-02	-5.831901148745888275e-01
4.740000000000000289e-03	-3.155231676603618973e-02	-5.722037867495888275e-01
4.749999999999999882e-03	-3.204059801603618973e-02	-5.795280054995888275e-01
4.760000000000000342e-03	-3.116169176603618765e-02	-5.673209742495888275e-01
4.769999999999999934e-03	-3.164997301603619112e-02	-5.746451929995888275e-01
4.780000000000000394e-03	-3.077106676603618904e-02	-5.636588648745888275e-01
4.789999999999999987e-03	-3.125934801603618557e-02	-5.709830836245888275e-01
4.799999999999999580e-03	-3.038044176603618696e-02	-5.587760523745888275e-01
4.810000000000000039e-03	-3.086872301603618696e-02	-5.661002711245888275e-01
4.819999999999999632e-03	-2.998981676603618834e-02	-5.551139429995888275e-01
4.830000000000000092e-03	-3.042926989103618765e-02	-5.624381617495888275e-01
4.839999999999999684e-03	-2.959919176603618973e-02	-5.502311304995888275e-01
4.850000000000000144e-03	-3.003864489103618904e-02	-5.575553492495888275e-01
4.859999999999999737e-03	-2.915973864103618696e-02	-5.465690211245888275e-01
4.870000000000000197e-03	-2.964801989103618696e-02	-5.526725367495888275e-01
4.879999999999999789e-03	-2.876911364103618834e-02	-5.416862086245888275e-01
4.890000000000000249e-03	-2.925739489103618834e-02	-5.490104273745888275e-01
4.899999999999999842e-03	-2.837848864103618973e-02	-5.368033961245888275e-01
4.910000000000000302e-03	-2.886676989103618973e-02	-5.453483179995888275e-01
4.919999999999999894e-03	-2.798786364103618765e-02	-5.331412867495888275e-01
4.930000000000000354e-03	-2.842731676603618696e-02	-5.404655054995888275e-01
4.939999999999999947e-03	-2.759723864103618904e-02	-5.282584742495888275e-01
4.950000000000000407e-03	-2.803669176603618834e-02	-5.355826929995888275e-01
4.959999999999999999e-03	-2.715778551603618973e-02	-5.245963648745888275e-01
4.969999999999999592e-03	-2.764606676603618973e-02	-5.319205836245888275e-01
4.980000000000000052e-03	-2.676716051603618765e-02	-5.209342554995888275e-01
4.989999999999999644e-03	-2.725544176603618765e-02	-5.282584742495888275e-01
5.000000000000000104e-03	-2.637653551603618904e-02	-5.160514429995888275e-01
5.009999999999999697e-03	-2.686481676603618904e-02	-5.233756617495888275e-01
5.020000000000000157e-03	-2.598591051603618696e-02	-5.111686304995888275e-01
5.029999999999999749e-03	-2.647419176603618696e-02	-5.184928492495888275e-01
5.040000000000000209e-03	-2.559528551603618834e-02	-5.075065211245888275e-01
5.049999999999999802e-03	-2.608356676603618834e-02	-5.148307398745888275e-01
5.060000000000000261e-03	-2.525348864103618696e-02	-5.026237086245888275e-01
5.069999999999999854e-03	-2.569294176603618973e-02	-5.099479273745888275e-01
5.080000000000000314e-03	-2.486286364103618488e-02	-4.989615992495888275e-01
5.089999999999999906e-03	-2.530231676603618765e-02	-5.062858179995888275e-01
5.100000000000000366e-03	-2.447223864103618626e-02	-4.940787867495888275e-01
5.109999999999999959e-03	-2.496051989103618626e-02	-5.014030054995888275e-01
5.120000000000000419e-03	-2.413044176603618488e-02	-4.904166773745888275e-01
5.130000000000000011e-03	-2.456989489103618418e-02	-4.977408961245888275e-01
5.139999999999999604e-03	-2.378864489103618696e-02	-4.855338648745888275e-01
5.150000000000000064e-03	-2.422809801603618626e-02	-4.928580836245888275e-01
5.159999999999999656e-03	-2.349567614103618626e-02	-4.818717554995888275e-01
5.170000000000000116e-03	-2.388630114103618488e-02	-4.891959742495888275e-01
5.179999999999999709e-03	-2.315387926603618488e-02	-4.769889429995888275e-01
5.190000000000000169e-03	-2.359333239103618418e-02	-4.843131617495888275e-01
5.199999999999999761e-03	-2.286091051603618418e-02	-4.733268336245888275e-01
5.210000000000000221e-03	-2.325153551603618626e-02	-4.794303492495888275e-01
5.219999999999999814e-03	-2.256794176603618696e-02	-4.684440211245888275e-01
5.230000000000000274e-03	-2.295856676603618557e-02	-4.757682398745888275e-01
5.239999999999999866e-03	-2.227497301603618626e-02	-4.635612086245888275e-01
5.250000000000000326e-03	-2.266559801603618488e-02	-4.721061304995888275e-01
5.259999999999999919e-03	-2.203083239103618626e-02	-4.598990992495888275e-01
5.270000000000000379e-03	-2.242145739103618488e-02	-4.672233179995888275e-01
5.279999999999999971e-03	-2.173786364103618557e-02	-4.550162867495888275e-01
5.290000000000000431e-03	-2.212848864103618418e-02	-4.635612086245888275e-01
5.300000000000000024e-03	-2.149372301603618557e-02	-4.513541773745888275e-01
5.309999999999999616e-03	-2.188434801603618418e-02	-4.586783961245888275e-01
5.320000000000000076e-03	-2.129841051603618626e-02	-4.476920679995888275e-01
5.329999999999999669e-03	-2.164020739103618418e-02	-4.537955836245888275e-01
5.340000000000000129e-03	-2.105426989103618626e-02	-4.428092554995888275e-01
5.349999999999999721e-03	-2.144489489103618488e-02	-4.501334742495888275e-01
5.360000000000000181e-03	-2.081012926603618626e-02	-4.379264429995888275e-01
5.369999999999999774e-03	-2.120075426603618488e-02	-4.452506617495888275e-01
5.380000000000000233e-03	-2.061481676603618696e-02	-4.342643336245888275e-01
5.389999999999999826e-03	-2.095661364103618488e-02	-4.415885523745888275e-01
5.400000000000000286e-03	-2.041950426603618418e-02	-4.293815211245888275e-01
5.409999999999999878e-03	-2.076130114103618557e-02	-4.367057398745888275e-01
5.420000000000000338e-03	-2.017536364103618418e-02	-4.257194117495888275e-01
5.429999999999999931e-03	-2.056598864103618626e-02	-4.330436304995888275e-01
5.440000000000000391e-03	-1.998005114103618488e-02	-4.220573023745888275e-01
5.449999999999999983e-03	-2.037067614103618696e-02	-4.281608179995888275e-01
5.459999999999999576e-03	-1.978473864103618557e-02	-4.171744898745888275e-01
5.470000000000000036e-03	-2.012653551603618696e-02	-4.244987086245888275e-01
5.479999999999999628e-03	-1.954059801603618557e-02	-4.135123804995888275e-01
5.490000000000000088e-03	-1.993122301603618418e-02	-4.208365992495888275e-01
5.499999999999999681e-03	-1.934528551603618626e-02	-4.086295679995888275e-01
5.510000000000000141e-03	-1.968708239103618418e-02	-4.159537867495888275e-01
5.519999999999999733e-03	-1.910114489103618626e-02	-4.049674586245888275e-01
5.530000000000000193e-03	-1.949176989103618488e-02	-4.122916773745888275e-01
5.539999999999999786e-03	-1.890583239103618696e-02	-4.000846461245888275e-01
5.550000000000000246e-03	-1.924762926603618488e-02	-4.074088648745888275e-01
5.559999999999999838e-03	-1.866169176603618349e-02	-3.964225367495888275e-01
5.570000000000000298e-03	-1.905231676603618557e-02	-4.037467554995888275e-01
5.579999999999999891e-03	-1.841755114103618349e-02	-3.915397242495888275e-01
5.590000000000000351e-03	-1.880817614103618557e-02	-3.988639429995888275e-01
5.599999999999999943e-03	-1.822223864103618418e-02	-3.878776148745888275e-01
5.610000000000000403e-03	-1.861286364103618626e-02	-3.952018336245888275e-01
5.619999999999999996e-03	-1.797809801603618418e-02	-3.829948023745888275e-01
5.629999999999999588e-03	-1.836872301603618626e-02	-3.903190211245888275e-01
5.640000000000000048e-03	-1.773395739103618418e-02	-3.793326929995888275e-01
5.649999999999999641e-03	-1.812458239103618626e-02	-3.866569117495888275e-01
5.660000000000000100e-03	-1.748981676603618418e-02	-3.744498804995888275e-01
5.669999999999999693e-03	-1.788044176603618626e-02	-3.817740992495888275e-01
5.680000000000000153e-03	-1.724567614103618418e-02	-3.707877711245888275e-01
5.689999999999999745e-03	-1.763630114103618626e-02	-3.781119898745888275e-01
5.700000000000000205e-03	-1.700153551603618418e-02	-3.659049586245888275e-01
5.709999999999999798e-03	-1.739216051603618626e-02	-3.744498804995888275e-01
5.720000000000000258e-03	-1.675739489103618418e-02	-3.622428492495888275e-01
5.729999999999999850e-03	-1.714801989103618626e-02	-3.695670679995888275e-01
5.740000000000000310e-03	-1.651325426603618418e-02	-3.573600367495888275e-01
5.749999999999999903e-03	-1.690387926603618626e-02	-3.646842554995888275e-01
5.760000000000000363e-03	-1.626911364103618418e-02	-3.536979273745888275e-01
5.769999999999999955e-03	-1.665973864103618626e-02	-3.610221461245888275e-01
5.780000000000000415e-03	-1.602497301603618418e-02	-3.488151148745888275e-01
5.790000000000000008e-03	-1.641559801603618626e-02	-3.561393336245888275e-01
5.799999999999999600e-03	-1.573200426603618349e-02	-3.451530054995888275e-01
5.810000000000000060e-03	-1.617145739103618626e-02	-3.524772242495888275e-01
5.819999999999999653e-03	-1.548786364103618522e-02	-3.402701929995888275e-01
5.830000000000000113e-03	-1.587848864103618557e-02	-3.475944117495888275e-01
5.839999999999999705e-03	-1.519489489103618453e-02	-3.366080836245888275e-01
5.850000000000000165e-03	-1.563434801603618557e-02	-3.439323023745888275e-01
5.859999999999999758e-03	-1.495075426603618453e-02	-3.317252711245888275e-01
5.870000000000000218e-03	-1.534137926603618488e-02	-3.390494898745888275e-01
5.879999999999999810e-03	-1.465778551603618557e-02	-3.280631617495888275e-01
5.890000000000000270e-03	-1.509723864103618488e-02	-3.353873804995888275e-01
5.899999999999999863e-03	-1.436481676603618488e-02	-3.231803492495888275e-01
5.910000000000000323e-03	-1.480426989103618418e-02	-3.305045679995888275e-01
5.919999999999999915e-03	-1.407184801603618418e-02	-3.195182398745888275e-01
5.930000000000000375e-03	-1.451130114103618522e-02	-3.268424586245888275e-01
5.939999999999999968e-03	-1.377887926603618522e-02	-3.146354273745888275e-01
5.950000000000000427e-03	-1.421833239103618453e-02	-3.219596461245888275e-01
5.960000000000000020e-03	-1.348591051603618453e-02	-3.109733179995888275e-01
5.969999999999999613e-03	-1.392536364103618557e-02	-3.182975367495888275e-01
5.980000000000000072e-03	-1.314411364103618488e-02	-3.060905054995888275e-01
5.989999999999999665e-03	-1.358356676603618418e-02	-3.134147242495888275e-01
6.000000000000000125e-03	-1.285114489103618418e-02	-3.024283961245888275e-01
6.009999999999999717e-03	-1.329059801603618522e-02	-3.097526148745888275e-01
6.020000000000000177e-03	-1.250934801603618453e-02	-2.987662867495888275e-01
6.029999999999999770e-03	-1.294880114103618557e-02	-3.048698023745888275e-01
6.040000000000000230e-03	-1.221637926603618557e-02	-2.938834742495888275e-01
6.049999999999999822e-03	-1.260700426603618418e-02	-3.012076929995888275e-01
6.060000000000000282e-03	-1.187458239103618418e-02	-2.890006617495888275e-01
6.069999999999999875e-03	-1.231403551603618522e-02	-2.975455836245888275e-01
6.080000000000000335e-03	-1.153278551603618453e-02	-2.853385523745888275e-01
6.089999999999999927e-03	-1.197223864103618557e-02	-2.926627711245888275e-01
6.100000000000000387e-03	-1.119098864103618488e-02	-2.816764429995888275e-01
6.109999999999999980e-03	-1.163044176603618418e-02	-2.877799586245888275e-01
6.119999999999999572e-03	-1.089801989103618418e-02	-2.767936304995888275e-01
6.130000000000000032e-03	-1.128864489103618453e-02	-2.841178492495888275e-01
6.139999999999999625e-03	-1.055622301603618453e-02	-2.731315211245888275e-01
6.150000000000000085e-03	-1.099567614103618557e-02	-2.804557398745888275e-01
6.159999999999999677e-03	-1.021442614103618488e-02	-2.682487086245888275e-01
6.170000000000000137e-03	-1.065387926603618418e-02	-2.755729273745888275e-01
6.179999999999999730e-03	-9.921457391036184181e-03	-2.645865992495888275e-01
6.190000000000000190e-03	-1.031208239103618453e-02	-2.719108179995888275e-01
6.199999999999999782e-03	-9.579660516036184528e-03	-2.597037867495888275e-01
6.210000000000000242e-03	-1.001911364103618557e-02	-2.670280054995888275e-01
6.219999999999999835e-03	-9.237863641036184875e-03	-2.560416773745888275e-01
6.230000000000000294e-03	-9.677316766036184181e-03	-2.633658961245888275e-01
6.239999999999999887e-03	-8.944894891036184181e-03	-2.511588648745888275e-01
6.250000000000000347e-03	-9.335519891036184528e-03	-2.584830836245888275e-01
6.259999999999999939e-03	-8.603098016036184528e-03	-2.474967554995888275e-01
6.270000000000000399e-03	-9.042551141036183834e-03	-2.548209742495888275e-01
6.279999999999999992e-03	-8.261301141036184875e-03	-2.426139429995888275e-01
6.289999999999999584e-03	-8.700754266036184181e-03	-2.499381617495888275e-01
6.300000000000000044e-03	-7.919504266036185222e-03	-2.389518336245888275e-01
6.309999999999999637e-03	-8.407785516036185222e-03	-2.462760523745888275e-01
6.320000000000000097e-03	-7.626535516036184528e-03	-2.352897242495888275e-01
6.329999999999999689e-03	-8.017160516036184875e-03	-2.426139429995888275e-01
6.340000000000000149e-03	-7.284738641036184875e-03	-2.304069117495888275e-01
6.349999999999999742e-03	-7.724191766036184181e-03	-2.377311304995888275e-01
6.360000000000000202e-03	-6.942941766036184355e-03	-2.267448023745888275e-01
6.369999999999999794e-03	-7.382394891036184528e-03	-2.328483179995888275e-01
6.380000000000000254e-03	-6.649973016036184528e-03	-2.218619898745888275e-01
6.389999999999999847e-03	-7.040598016036184875e-03	-2.291862086245888275e-01
6.400000000000000307e-03	-6.308176141036184875e-03	-2.181998804995888275e-01
6.409999999999999899e-03	-6.747629266036184181e-03	-2.255240992495888275e-01
6.420000000000000359e-03	-6.015207391036184181e-03	-2.133170679995888275e-01
6.429999999999999952e-03	-6.405832391036184528e-03	-2.206412867495888275e-01
6.440000000000000412e-03	-5.673410516036184528e-03	-2.096549586245888275e-01
6.450000000000000004e-03	-6.112863641036184702e-03	-2.169791773745888275e-01
6.459999999999999597e-03	-5.380441766036184702e-03	-2.047721461245888275e-01
6.470000000000000057e-03	-5.771066766036184181e-03	-2.120963648745888275e-01
6.479999999999999649e-03	-5.038644891036184181e-03	-2.011100367495888275e-01
6.490000000000000109e-03	-5.478098016036184355e-03	-2.084342554995888275e-01
6.499999999999999702e-03	-4.745676141036184355e-03	-1.962272242495888275e-01
6.510000000000000162e-03	-5.136301141036184702e-03	-2.047721461245888275e-01
6.519999999999999754e-03	-4.452707391036184528e-03	-1.925651148745888275e-01
6.530000000000000214e-03	-4.892160516036184702e-03	-1.998893336245888275e-01
6.539999999999999807e-03	-4.159738641036184702e-03	-1.889030054995888275e-01
6.550000000000000266e-03	-4.599191766036184008e-03	-1.962272242495888275e-01
6.559999999999999859e-03	-3.915598016036184702e-03	-1.840201929995888275e-01
6.570000000000000319e-03	-4.306223016036184181e-03	-1.913444117495888275e-01
6.579999999999999911e-03	-3.671457391036184268e-03	-1.803580836245888275e-01
6.590000000000000371e-03	-4.062082391036184181e-03	-1.876823023745888275e-01
6.599999999999999964e-03	-3.378488641036184442e-03	-1.754752711245888275e-01
6.610000000000000424e-03	-3.769113641036184355e-03	-1.827994898745888275e-01
6.620000000000000016e-03	-3.085519891036184181e-03	-1.718131617495888275e-01
6.629999999999999609e-03	-3.524973016036184355e-03	-1.791373804995888275e-01
6.640000000000000069e-03	-2.841379266036184181e-03	-1.681510523745888275e-01
6.649999999999999661e-03	-3.232004266036184528e-03	-1.742545679995888275e-01
6.660000000000000121e-03	-2.597238641036184181e-03	-1.632682398745888275e-01
6.669999999999999714e-03	-2.987863641036184528e-03	-1.705924586245888275e-01
6.680000000000000174e-03	-2.401926141036184442e-03	-1.596061304995888275e-01
6.689999999999999766e-03	-2.743723016036184528e-03	-1.657096461245888275e-01
6.700000000000000226e-03	-2.157785516036184442e-03	-1.547233179995888275e-01
6.709999999999999819e-03	-2.499582391036184528e-03	-1.620475367495888275e-01
6.720000000000000279e-03	-1.913644891036184225e-03	-1.510612086245888275e-01
6.729999999999999871e-03	-2.304269891036184355e-03	-1.583854273745888275e-01
6.740000000000000331e-03	-1.669504266036184225e-03	-1.461783961245888275e-01
6.749999999999999924e-03	-2.060129266036184355e-03	-1.535026148745888275e-01
6.760000000000000384e-03	-1.474191766036184268e-03	-1.425162867495888275e-01
6.769999999999999976e-03	-1.864816766036184181e-03	-1.498405054995888275e-01
6.779999999999999569e-03	-1.278879266036184311e-03	-1.388541773745888275e-01
6.790000000000000029e-03	-1.669504266036184225e-03	-1.449576929995888275e-01
6.799999999999999621e-03	-1.083566766036184138e-03	-1.339713648745888275e-01
6.810000000000000081e-03	-1.425363641036184225e-03	-1.412955836245888275e-01
6.819999999999999674e-03	-8.882542660361841813e-04	-1.303092554995888275e-01
6.830000000000000134e-03	-1.230051141036184268e-03	-1.376334742495888275e-01
6.839999999999999726e-03	-6.929417660361842247e-04	-1.254264429995888275e-01
6.850000000000000186e-03	-1.034738641036184311e-03	-1.327506617495888275e-01
6.859999999999999779e-03	-4.976292660361841596e-04	-1.217643336245888275e-01
6.870000000000000238e-03	-8.394261410361842464e-04	-1.290885523745888275e-01
6.879999999999999831e-03	-3.023167660361842572e-04	-1.168815211245888275e-01
6.890000000000000291e-03	-6.929417660361842247e-04	-1.242057398745888275e-01
6.899999999999999883e-03	-1.558323910361842355e-04	-1.132194117495888275e-01
6.910000000000000343e-03	-4.976292660361841596e-04	-1.205436304995888275e-01
6.919999999999999936e-03	3.948010896381577532e-05	-1.095573023745888275e-01
6.930000000000000396e-03	-3.511448910361842464e-04	-1.168815211245888275e-01
6.939999999999999988e-03	1.859644839638157970e-04	-1.046744898745888275e-01
6.949999999999999581e-03	-1.558323910361842355e-04	-1.119987086245888275e-01
6.960000000000000041e-03	3.812769839638158078e-04	-1.010123804995888275e-01
6.969999999999999633e-03	-9.348016036184225694e-06	-1.083365992495888275e-01
6.980000000000000093e-03	4.789332339638158404e-04	-9.735027112458882748e-02
6.989999999999999686e-03	1.859644839638157970e-04	-1.034537867495888275e-01
7.000000000000000146e-03	6.742457339638159054e-04	-9.246745862458882748e-02
7.009999999999999738e-03	3.324488589638158187e-04	-9.979167737458882748e-02
7.020000000000000198e-03	8.207301089638158187e-04	-8.758464612458882748e-02
7.029999999999999791e-03	4.789332339638158404e-04	-9.490886487458882748e-02
7.040000000000000251e-03	1.016042608963815775e-03	-8.392253674958882748e-02
7.049999999999999843e-03	6.254176089638158621e-04	-9.124675549958882748e-02
7.060000000000000303e-03	1.162526983963815905e-03	-7.903972424958882748e-02
7.069999999999999896e-03	8.207301089638158187e-04	-8.758464612458882748e-02
7.080000000000000356e-03	1.357839483963815862e-03	-7.537761487458882748e-02
7.089999999999999948e-03	9.672144839638158404e-04	-8.270183362458882748e-02
7.100000000000000408e-03	1.504323858963815992e-03	-7.171550549958882748e-02
7.110000000000000001e-03	1.162526983963815905e-03	-7.903972424958882748e-02
7.119999999999999593e-03	1.699636358963815949e-03	-6.683269299958882748e-02
7.130000000000000053e-03	1.357839483963815862e-03	-7.537761487458882748e-02
7.139999999999999646e-03	1.894948858963815905e-03	-6.317058362458882748e-02
7.150000000000000105e-03	1.504323858963815992e-03	-7.049480237458882748e-02
7.159999999999999698e-03	2.041433233963815819e-03	-5.950847424958882748e-02
7.170000000000000158e-03	1.699636358963815949e-03	-6.683269299958882748e-02
7.179999999999999750e-03	2.236745733963815992e-03	-5.462566174958882748e-02
7.190000000000000210e-03	1.846120733963815862e-03	-6.194988049958882748e-02
7.199999999999999803e-03	2.383230108963815905e-03	-5.096355237458882748e-02
7.210000000000000263e-03	2.041433233963815819e-03	-5.828777112458882748e-02
7.219999999999999855e-03	2.529714483963815819e-03	-4.608073987458882748e-02
7.230000000000000315e-03	2.187917608963815732e-03	-5.462566174958882748e-02
7.239999999999999908e-03	2.725026983963815992e-03	-4.241863049958882748e-02
7.250000000000000368e-03	2.334401983963816079e-03	-4.974284924958882748e-02
7.259999999999999960e-03	2.871511358963815905e-03	-3.875652112458882748e-02
7.270000000000000420e-03	2.529714483963815819e-03	-4.608073987458882748e-02
7.280000000000000013e-03	3.017995733963815819e-03	-3.387370862458882748e-02
7.289999999999999605e-03	2.676198858963816166e-03	-4.119792737458882748e-02
7.300000000000000065e-03	3.164480108963816166e-03	-3.021159924958882748e-02
7.309999999999999658e-03	2.822683233963816079e-03	-3.753581799958882748e-02
7.320000000000000118e-03	3.310964483963816079e-03	-2.532878674958882748e-02
7.329999999999999710e-03	2.969167608963815992e-03	-3.265300549958882748e-02
7.340000000000000170e-03	3.457448858963815992e-03	-2.166667737458882748e-02
7.349999999999999763e-03	3.115651983963815905e-03	-2.899089612458882748e-02
7.360000000000000223e-03	3.555105108963816079e-03	-1.800456799958882748e-02
7.369999999999999815e-03	3.262136358963815819e-03	-2.410808362458882748e-02
7.380000000000000275e-03	3.701589483963815992e-03	-1.312175549958882748e-02
7.389999999999999868e-03	3.359792608963815905e-03	-2.044597424958882748e-02
7.400000000000000328e-03	3.799245733963816079e-03	-9.459646124588827476e-03
7.409999999999999920e-03	3.506276983963815819e-03	-1.556316174958882748e-02
7.420000000000000380e-03	3.945730108963815992e-03	-4.576833624588827476e-03
7.429999999999999973e-03	3.603933233963815905e-03	-1.190105237458882748e-02
7.440000000000000432e-03	4.043386358963815645e-03	-9.147242495888274760e-04
7.450000000000000025e-03	3.701589483963815992e-03	-8.238942999588827476e-03
7.459999999999999618e-03	4.141042608963816166e-03	2.747385125411172524e-03
7.470000000000000077e-03	3.799245733963816079e-03	-3.356130499588827476e-03
7.479999999999999670e-03	4.238698858963815819e-03	7.630197625411172524e-03
7.490000000000000130e-03	3.896901983963816166e-03	3.059788754111725240e-04
7.499999999999999722e-03	4.287526983963815645e-03	1.129230700041117252e-02
7.510000000000000182e-03	3.945730108963815992e-03	3.968088250411172524e-03
7.519999999999999775e-03	4.385183233963816166e-03	1.617511950041117252e-02
7.530000000000000235e-03	4.043386358963815645e-03	8.850900750411172524e-03
7.539999999999999827e-03	4.434011358963815992e-03	1.983722887541117252e-02
7.550000000000000287e-03	4.141042608963816166e-03	1.251301012541117252e-02
7.559999999999999880e-03	4.531667608963815645e-03	2.349933825041117252e-02
7.570000000000000340e-03	4.141042608963816166e-03	1.739582262541117252e-02
7.579999999999999932e-03	4.531667608963815645e-03	2.838215075041117252e-02
7.590000000000000392e-03	4.238698858963815819e-03	2.105793200041117252e-02
7.599999999999999985e-03	4.580495733963816339e-03	3.204426012541117252e-02
7.609999999999999577e-03	4.287526983963815645e-03	2.472004137541117252e-02
7.620000000000000037e-03	4.629323858963816166e-03	3.570636950041117252e-02
7.629999999999999630e-03	4.336355108963816339e-03	2.960285387541117252e-02
7.640000000000000090e-03	4.678151983963815992e-03	4.058918200041117252e-02
7.649999999999999682e-03	4.336355108963816339e-03	3.326496325041117252e-02
7.660000000000000142e-03	4.726980108963815819e-03	4.425129137541117252e-02
7.669999999999999735e-03	4.385183233963816166e-03	3.692707262541117252e-02
7.680000000000000195e-03	4.775808233963816513e-03	4.913410387541117252e-02
7.689999999999999787e-03	4.434011358963815992e-03	4.180988512541117252e-02
7.700000000000000247e-03	4.775808233963816513e-03	5.279621325041117252e-02
7.709999999999999840e-03	4.482839483963815819e-03	4.547199450041117252e-02
7.720000000000000299e-03	4.824636358963816339e-03	5.645832262541117252e-02
7.729999999999999892e-03	4.482839483963815819e-03	4.913410387541117252e-02
7.740000000000000352e-03	4.824636358963816339e-03	6.134113512541117252e-02
7.749999999999999944e-03	4.531667608963815645e-03	5.401691637541117252e-02
7.760000000000000404e-03	4.873464483963816166e-03	6.500324450041117252e-02
7.769999999999999997e-03	4.531667608963815645e-03	5.767902575041117252e-02
7.779999999999999589e-03	4.873464483963816166e-03	6.866535387541117252e-02
7.790000000000000049e-03	4.580495733963816339e-03	6.256183825041117252e-02
7.799999999999999642e-03	4.922292608963815992e-03	7.354816637541117252e-02
7.810000000000000102e-03	4.580495733963816339e-03	6.622394762541117252e-02
7.820000000000000562e-03	4.922292608963815992e-03	7.721027575041117252e-02
7.830000000000000154e-03	4.580495733963816339e-03	6.988605700041117252e-02
7.839999999999999747e-03	4.922292608963815992e-03	8.209308825041117252e-02
7.849999999999999339e-03	4.580495733963816339e-03	7.476886950041117252e-02
7.860000000000000667e-03	4.971120733963815819e-03	8.575519762541117252e-02
7.870000000000000259e-03	4.629323858963816166e-03	7.843097887541117252e-02
7.879999999999999852e-03	4.971120733963815819e-03	8.941730700041117252e-02
7.889999999999999444e-03	4.629323858963816166e-03	8.209308825041117252e-02
7.900000000000000772e-03	4.971120733963815819e-03	9.307941637541117252e-02
7.910000000000000364e-03	4.678151983963815992e-03	8.697590075041117252e-02
7.919999999999999957e-03	5.019948858963816513e-03	9.796222887541117252e-02
7.929999999999999549e-03	4.678151983963815992e-03	9.063801012541117252e-02
7.939999999999999142e-03	5.019948858963816513e-03	1.016243382504111725e-01
7.950000000000000469e-03	4.726980108963815819e-03	9.430011950041117252e-02
7.960000000000000062e-03	5.068776983963816339e-03	1.052864476254111725e-01
7.969999999999999654e-03	4.726980108963815819e-03	9.918293200041117252e-02
7.979999999999999247e-03	5.068776983963816339e-03	1.101692601254111725e-01
7.990000000000000574e-03	4.775808233963816513e-03	1.028450413754111725e-01
8.000000000000000167e-03	5.117605108963816166e-03	1.138313695004111725e-01
8.009999999999999759e-03	4.824636358963816339e-03	1.065071507504111725e-01
8.019999999999999352e-03	5.166433233963815992e-03	1.174934788754111725e-01
8.030000000000000679e-03	4.824636358963816339e-03	1.101692601254111725e-01
8.040000000000000271e-03	5.215261358963815819e-03	1.223762913754111725e-01
8.049999999999999864e-03	4.873464483963816166e-03	1.150520726254111725e-01
8.059999999999999457e-03	5.264089483963816513e-03	1.260384007504111725e-01
8.070000000000000784e-03	4.922292608963815992e-03	1.187141820004111725e-01
8.080000000000000376e-03	5.264089483963816513e-03	1.297005101254111725e-01
8.089999999999999969e-03	4.922292608963815992e-03	1.235969945004111725e-01
8.099999999999999561e-03	5.312917608963816339e-03	1.345833226254111725e-01
8.109999999999999154e-03	4.971120733963815819e-03	1.272591038754111725e-01
8.120000000000000481e-03	5.361745733963816166e-03	1.382454320004111725e-01
8.130000000000000074e-03	5.019948858963816513e-03	1.309212132504111725e-01
8.139999999999999666e-03	5.410573858963815992e-03	1.419075413754111725e-01
8.149999999999999259e-03	5.068776983963816339e-03	1.345833226254111725e-01
8.160000000000000586e-03	5.459401983963815819e-03	1.467903538754111725e-01
8.170000000000000179e-03	5.117605108963816166e-03	1.394661351254111725e-01
8.179999999999999771e-03	5.508230108963816513e-03	1.504524632504111725e-01
8.189999999999999364e-03	5.166433233963815992e-03	1.431282445004111725e-01
8.200000000000000691e-03	5.557058233963816339e-03	1.541145726254111725e-01
8.210000000000000284e-03	5.215261358963815819e-03	1.467903538754111725e-01
8.219999999999999876e-03	5.605886358963816166e-03	1.589973851254111725e-01
8.229999999999999469e-03	5.264089483963816513e-03	1.516731663754111725e-01
8.240000000000000796e-03	5.654714483963815992e-03	1.626594945004111725e-01
8.250000000000000389e-03	5.312917608963816339e-03	1.553352757504111725e-01
8.259999999999999981e-03	5.703542608963815819e-03	1.663216038754111725e-01
8.269999999999999574e-03	5.410573858963815992e-03	1.602180882504111725e-01
8.279999999999999166e-03	5.752370733963816513e-03	1.712044163754111725e-01
8.290000000000000493e-03	5.410573858963815992e-03	1.638801976254111725e-01
8.300000000000000086e-03	5.801198858963816339e-03	1.748665257504111725e-01
8.309999999999999679e-03	5.459401983963815819e-03	1.675423070004111725e-01
8.319999999999999271e-03	5.850026983963816166e-03	1.797493382504111725e-01
8.330000000000000598e-03	5.508230108963816513e-03	1.724251195004111725e-01
8.340000000000000191e-03	5.898855108963815992e-03	1.834114476254111725e-01
8.349999999999999784e-03	5.557058233963816339e-03	1.760872288754111725e-01
8.359999999999999376e-03	5.947683233963815819e-03	1.870735570004111725e-01
8.370000000000000703e-03	5.654714483963815992e-03	1.797493382504111725e-01
8.380000000000000296e-03	5.996511358963816513e-03	1.907356663754111725e-01
8.389999999999999888e-03	5.703542608963815819e-03	1.846321507504111725e-01
8.399999999999999481e-03	6.045339483963816339e-03	1.956184788754111725e-01
8.410000000000000808e-03	5.752370733963816513e-03	1.882942601254111725e-01
8.420000000000000401e-03	6.142995733963815992e-03	1.992805882504111725e-01
8.429999999999999993e-03	5.801198858963816339e-03	1.919563695004111725e-01
8.439999999999999586e-03	6.191823858963815819e-03	2.041634007504111725e-01
8.449999999999999178e-03	5.898855108963815992e-03	1.968391820004111725e-01
8.460000000000000506e-03	6.289480108963816339e-03	2.078255101254111725e-01
8.470000000000000098e-03	5.947683233963815819e-03	2.005012913754111725e-01
8.479999999999999691e-03	6.338308233963816166e-03	2.114876195004111725e-01
8.489999999999999283e-03	6.045339483963816339e-03	2.041634007504111725e-01
8.500000000000000611e-03	6.484792608963816513e-03	2.151497288754111725e-01
8.510000000000000203e-03	6.142995733963815992e-03	2.090462132504111725e-01
8.519999999999999796e-03	6.582448858963816166e-03	2.200325413754111725e-01
8.529999999999999388e-03	6.240651983963816513e-03	2.127083226254111725e-01
8.540000000000000716e-03	6.680105108963815819e-03	2.236946507504111725e-01
8.550000000000000308e-03	6.338308233963816166e-03	2.163704320004111725e-01
8.559999999999999901e-03	6.826589483963816166e-03	2.273567601254111725e-01
8.569999999999999493e-03	6.484792608963816513e-03	2.200325413754111725e-01
8.580000000000000820e-03	6.973073858963816513e-03	2.322395726254111725e-01
8.590000000000000413e-03	6.631276983963815992e-03	2.249153538754111725e-01
8.600000000000000006e-03	7.119558233963815992e-03	2.359016820004111725e-01
8.609999999999999598e-03	6.777761358963816339e-03	2.285774632504111725e-01
8.619999999999999191e-03	7.314870733963816166e-03	2.407844945004111725e-01
8.630000000000000518e-03	6.973073858963816513e-03	2.334602757504111725e-01
8.640000000000000110e-03	7.510183233963816339e-03	2.444466038754111725e-01
8.649999999999999703e-03	7.119558233963815992e-03	2.371223851254111725e-01
8.659999999999999296e-03	7.705495733963816513e-03	2.481087132504111725e-01
8.670000000000000623e-03	7.314870733963816166e-03	2.407844945004111725e-01
8.680000000000000215e-03	7.851980108963816860e-03	2.529915257504111725e-01
8.689999999999999808e-03	7.510183233963816339e-03	2.456673070004111725e-01
8.699999999999999400e-03	8.047292608963816166e-03	2.566536351254111725e-01
8.710000000000000728e-03	7.705495733963816513e-03	2.493294163754111725e-01
8.720000000000000320e-03	8.242605108963815472e-03	2.603157445004111725e-01
8.729999999999999913e-03	7.900808233963815819e-03	2.529915257504111725e-01
8.739999999999999505e-03	8.437917608963816513e-03	2.639778538754111725e-01
8.750000000000000833e-03	8.096120733963816860e-03	2.578743382504111725e-01
8.760000000000000425e-03	8.633230108963815819e-03	2.688606663754111725e-01
8.770000000000000018e-03	8.242605108963815472e-03	2.615364476254111725e-01
8.779999999999999610e-03	8.779714483963816166e-03	2.713020726254111725e-01
8.789999999999999203e-03	8.437917608963816513e-03	2.651985570004111725e-01
8.800000000000000530e-03	8.975026983963815472e-03	2.749641820004111725e-01
8.810000000000000123e-03	8.633230108963815819e-03	2.688606663754111725e-01
8.819999999999999715e-03	9.170339483963816513e-03	2.798469945004111725e-01
8.829999999999999308e-03	8.828542608963816860e-03	2.725227757504111725e-01
8.840000000000000635e-03	9.365651983963815819e-03	2.835091038754111725e-01
8.850000000000000228e-03	9.023855108963816166e-03	2.761848851254111725e-01
8.859999999999999820e-03	9.560964483963816860e-03	2.871712132504111725e-01
8.869999999999999413e-03	9.170339483963816513e-03	2.798469945004111725e-01
8.880000000000000740e-03	9.707448858963817206e-03	2.920540257504111725e-01
8.890000000000000333e-03	9.365651983963815819e-03	2.847298070004111725e-01
8.899999999999999925e-03	9.902761358963816513e-03	2.957161351254111725e-01
8.909999999999999518e-03	9.560964483963816860e-03	2.883919163754111725e-01
8.920000000000000845e-03	1.009807385896381582e-02	2.993782445004111725e-01
8.930000000000000437e-03	9.756276983963816166e-03	2.920540257504111725e-01
8.940000000000000030e-03	1.029338635896381686e-02	3.030403538754111725e-01
8.949999999999999623e-03	9.951589483963817206e-03	2.969368382504111725e-01
8.959999999999999215e-03	1.048869885896381617e-02	3.079231663754111725e-01
8.970000000000000542e-03	1.014690198396381651e-02	3.005989476254111725e-01
8.980000000000000135e-03	1.068401135896381721e-02	3.115852757504111725e-01
8.989999999999999727e-03	1.034221448396381582e-02	3.042610570004111725e-01
8.999999999999999320e-03	1.092815198396381721e-02	3.152473851254111725e-01
9.010000000000000647e-03	1.053752698396381686e-02	3.079231663754111725e-01
9.020000000000000240e-03	1.112346448396381651e-02	3.201301976254111725e-01
9.029999999999999832e-03	1.078166760896381686e-02	3.128059788754111725e-01
9.039999999999999425e-03	1.136760510896381651e-02	3.237923070004111725e-01
9.050000000000000752e-03	1.097698010896381617e-02	3.164680882504111725e-01
9.060000000000000345e-03	1.156291760896381582e-02	3.274544163754111725e-01
9.069999999999999937e-03	1.117229260896381721e-02	3.201301976254111725e-01
9.079999999999999530e-03	1.180705823396381582e-02	3.323372288754111725e-01
9.090000000000000857e-03	1.141643323396381721e-02	3.250130101254111725e-01
9.100000000000000450e-03	1.200237073396381686e-02	3.359993382504111725e-01
9.110000000000000042e-03	1.166057385896381721e-02	3.286751195004111725e-01
9.119999999999999635e-03	1.224651135896381686e-02	3.396614476254111725e-01
9.129999999999999227e-03	1.185588635896381651e-02	3.323372288754111725e-01
9.140000000000000555e-03	1.249065198396381686e-02	3.433235570004111725e-01
9.150000000000000147e-03	1.210002698396381651e-02	3.372200413754111725e-01
9.159999999999999740e-03	1.268596448396381617e-02	3.482063695004111725e-01
9.169999999999999332e-03	1.234416760896381651e-02	3.408821507504111725e-01
9.180000000000000659e-03	1.293010510896381617e-02	3.518684788754111725e-01
9.190000000000000252e-03	1.253948010896381582e-02	3.445442601254111725e-01
9.199999999999999845e-03	1.317424573396381617e-02	3.555305882504111725e-01
9.209999999999999437e-03	1.278362073396381582e-02	3.482063695004111725e-01
9.220000000000000764e-03	1.341838635896381617e-02	3.604134007504111725e-01
9.230000000000000357e-03	1.302776135896381582e-02	3.530891820004111725e-01
9.239999999999999949e-03	1.366252698396381617e-02	3.640755101254111725e-01
9.249999999999999542e-03	1.327190198396381582e-02	3.567512913754111725e-01
9.259999999999999135e-03	1.390666760896381617e-02	3.677376195004111725e-01
9.270000000000000462e-03	1.351604260896381582e-02	3.616341038754111725e-01
9.280000000000000054e-03	1.415080823396381617e-02	3.713997288754111725e-01
9.289999999999999647e-03	1.376018323396381582e-02	3.652962132504111725e-01
9.299999999999999239e-03	1.439494885896381617e-02	3.762825413754111725e-01
9.310000000000000567e-03	1.400432385896381582e-02	3.689583226254111725e-01
9.320000000000000159e-03	1.468791760896381686e-02	3.799446507504111725e-01
9.329999999999999752e-03	1.429729260896381651e-02	3.726204320004111725e-01
9.339999999999999344e-03	1.498088635896381582e-02	3.836067601254111725e-01
9.350000000000000672e-03	1.454143323396381651e-02	3.762825413754111725e-01
9.360000000000000264e-03	1.522502698396381582e-02	3.884895726254111725e-01
9.369999999999999857e-03	1.483440198396381721e-02	3.811653538754111725e-01
9.379999999999999449e-03	1.551799573396381651e-02	3.921516820004111725e-01
9.390000000000000777e-03	1.512737073396381617e-02	3.848274632504111725e-01
9.400000000000000369e-03	1.581096448396381721e-02	3.958137913754111725e-01
9.409999999999999962e-03	1.542033948396381686e-02	3.884895726254111725e-01
9.419999999999999554e-03	1.615276135896381512e-02	3.994759007504111725e-01
9.429999999999999147e-03	1.571330823396381582e-02	3.933723851254111725e-01
9.440000000000000474e-03	1.644573010896381582e-02	4.043587132504111725e-01
9.450000000000000067e-03	1.600627698396381651e-02	3.970344945004111725e-01
9.459999999999999659e-03	1.673869885896381651e-02	4.080208226254111725e-01
9.469999999999999252e-03	1.634807385896381790e-02	4.006966038754111725e-01
9.480000000000000579e-03	1.703166760896381721e-02	4.116829320004111725e-01
9.490000000000000172e-03	1.664104260896381512e-02	4.043587132504111725e-01
9.499999999999999764e-03	1.737346448396381512e-02	4.153450413754111725e-01
9.509999999999999357e-03	1.698283948396381651e-02	4.092415257504111725e-01
9.520000000000000684e-03	1.771526135896381651e-02	4.202278538754111725e-01
9.530000000000000276e-03	1.727580823396381721e-02	4.129036351254111725e-01
9.539999999999999869e-03	1.800823010896381721e-02	4.238899632504111725e-01
9.549999999999999462e-03	1.756877698396381790e-02	4.165657445004111725e-01
9.560000000000000789e-03	1.835002698396381512e-02	4.275520726254111725e-01
9.570000000000000381e-03	1.791057385896381582e-02	4.202278538754111725e-01
9.579999999999999974e-03	1.869182385896381651e-02	4.324348851254111725e-01
9.589999999999999566e-03	1.825237073396381721e-02	4.251106663754111725e-01
9.599999999999999159e-03	1.898479260896381721e-02	4.360969945004111725e-01
9.610000000000000486e-03	1.854533948396381790e-02	4.287727757504111725e-01
9.620000000000000079e-03	1.932658948396381859e-02	4.397591038754111725e-01
9.629999999999999671e-03	1.888713635896381582e-02	4.324348851254111725e-01
9.639999999999999264e-03	1.966838635896381651e-02	4.446419163754111725e-01
9.650000000000000591e-03	1.922893323396381721e-02	4.373176976254111725e-01
9.660000000000000184e-03	2.001018323396381790e-02	4.483040257504111725e-01
9.669999999999999776e-03	1.957073010896381859e-02	4.409798070004111725e-01
9.679999999999999369e-03	2.035198010896381582e-02	4.519661351254111725e-01
9.690000000000000696e-03	1.991252698396381651e-02	4.446419163754111725e-01
9.700000000000000289e-03	2.064494885896381651e-02	4.556282445004111725e-01
9.709999999999999881e-03	2.025432385896381790e-02	4.483040257504111725e-01
9.719999999999999474e-03	2.103557385896381859e-02	4.592903538754111725e-01
9.730000000000000801e-03	2.054729260896381859e-02	4.531868382504111725e-01
9.740000000000000394e-03	2.132854260896381582e-02	4.641731663754111725e-01
9.749999999999999986e-03	2.088908948396381651e-02	4.568489476254111725e-01
9.759999999999999579e-03	2.167033948396381721e-02	4.678352757504111725e-01
9.769999999999999171e-03	2.123088635896381790e-02	4.605110570004111725e-01
9.780000000000000498e-03	2.201213635896381859e-02	4.714973851254111725e-01
9.790000000000000091e-03	2.157268323396381582e-02	4.641731663754111725e-01
9.799999999999999684e-03	2.235393323396381651e-02	4.751594945004111725e-01
9.809999999999999276e-03	2.191448010896381721e-02	4.690559788754111725e-01
9.820000000000000603e-03	2.269573010896381790e-02	4.800423070004111725e-01
9.830000000000000196e-03	2.225627698396381859e-02	4.727180882504111725e-01
9.839999999999999789e-03	2.308635510896381651e-02	4.837044163754111725e-01
9.849999999999999381e-03	2.259807385896381651e-02	4.763801976254111725e-01
9.860000000000000708e-03	2.337932385896381721e-02	4.873665257504111725e-01
9.870000000000000301e-03	2.293987073396381790e-02	4.800423070004111725e-01
9.879999999999999893e-03	2.372112073396381859e-02	4.910286351254111725e-01
9.889999999999999486e-03	2.333049573396381651e-02	4.849251195004111725e-01
9.900000000000000813e-03	2.406291760896381651e-02	4.959114476254111725e-01
9.910000000000000406e-03	2.362346448396381721e-02	4.885872288754111725e-01
9.919999999999999998e-03	2.440471448396381790e-02	4.995735570004111725e-01
9.929999999999999591e-03	2.396526135896381859e-02	4.922493382504111725e-01
9.939999999999999183e-03	2.474651135896381582e-02	5.032356663754111725e-01
9.950000000000000511e-03	2.430705823396381651e-02	4.959114476254111725e-01
9.960000000000000103e-03	2.508830823396381374e-02	5.068977757504111725e-01
9.969999999999999696e-03	2.464885510896381790e-02	4.995735570004111725e-01
9.979999999999999288e-03	2.538127698396381443e-02	5.105598851254111725e-01
9.990000000000000616e-03	2.494182385896381859e-02	5.044563695004111725e-01
1.000000000000000021e-02	2.567424573396381512e-02	5.154426976254111725e-01
1.000999999999999980e-02	2.528362073396381304e-02	5.081184788754111725e-01
1.001999999999999939e-02	2.601604260896381304e-02	5.191048070004111725e-01
1.003000000000000072e-02	2.562541760896381443e-02	5.117805882504111725e-01
1.004000000000000031e-02	2.630901135896381374e-02	5.227669163754111725e-01
1.004999999999999991e-02	2.591838635896381512e-02	5.154426976254111725e-01
1.005999999999999950e-02	2.660198010896381443e-02	5.264290257504111725e-01
1.007000000000000083e-02	2.621135510896381582e-02	5.191048070004111725e-01
1.008000000000000042e-02	2.694377698396381582e-02	5.313118382504111725e-01
1.009000000000000001e-02	2.650432385896381304e-02	5.239876195004111725e-01
1.009999999999999960e-02	2.723674573396381304e-02	5.349739476254111725e-01
1.010999999999999920e-02	2.679729260896381374e-02	5.276497288754111725e-01
1.012000000000000052e-02	2.752971448396381374e-02	5.386360570004111725e-01
1.013000000000000012e-02	2.713908948396381512e-02	5.313118382504111725e-01
1.013999999999999971e-02	2.782268323396381443e-02	5.422981663754111725e-01
1.014999999999999930e-02	2.743205823396381582e-02	5.349739476254111725e-01
1.016000000000000063e-02	2.811565198396381512e-02	5.459602757504111725e-01
1.017000000000000022e-02	2.772502698396381304e-02	5.398567601254111725e-01
1.017999999999999981e-02	2.840862073396381582e-02	5.508430882504111725e-01
1.018999999999999941e-02	2.796916760896381304e-02	5.435188695004111725e-01
1.020000000000000073e-02	2.870158948396381304e-02	5.545051976254111725e-01
1.021000000000000033e-02	2.826213635896381374e-02	5.471809788754111725e-01
1.021999999999999992e-02	2.894573010896381304e-02	5.581673070004111725e-01
1.022999999999999951e-02	2.855510510896381443e-02	5.508430882504111725e-01
1.024000000000000084e-02	2.923869885896381374e-02	5.618294163754111725e-01
1.025000000000000043e-02	2.884807385896381512e-02	5.545051976254111725e-01
1.026000000000000002e-02	2.953166760896381443e-02	5.667122288754111725e-01
1.026999999999999962e-02	2.909221448396381512e-02	5.593880101254111725e-01
1.027999999999999921e-02	2.977580823396381443e-02	5.703743382504111725e-01
1.029000000000000054e-02	2.938518323396381582e-02	5.630501195004111725e-01
1.030000000000000013e-02	3.001994885896381443e-02	5.740364476254111725e-01
1.030999999999999972e-02	2.962932385896381582e-02	5.667122288754111725e-01
1.031999999999999931e-02	3.021526135896381374e-02	5.776985570004111725e-01
1.033000000000000064e-02	2.987346448396381582e-02	5.703743382504111725e-01
1.034000000000000023e-02	3.045940198396381374e-02	5.813606663754111725e-01
1.034999999999999983e-02	3.011760510896381582e-02	5.740364476254111725e-01
1.035999999999999942e-02	3.070354260896381374e-02	5.850227757504111725e-01
1.037000000000000074e-02	3.031291760896381512e-02	5.789192601254111725e-01
1.038000000000000034e-02	3.089885510896381304e-02	5.899055882504111725e-01
1.038999999999999993e-02	3.055705823396381512e-02	5.825813695004111725e-01
1.039999999999999952e-02	3.114299573396381304e-02	5.935676976254111725e-01
1.041000000000000085e-02	3.075237073396381443e-02	5.874641820004111725e-01
1.042000000000000044e-02	3.133830823396381582e-02	5.972298070004111725e-01
1.043000000000000003e-02	3.094768323396381374e-02	5.911262913754111725e-01
1.043999999999999963e-02	3.148479260896381443e-02	6.021126195004111725e-01
1.044999999999999922e-02	3.114299573396381304e-02	5.947884007504111725e-01
1.046000000000000055e-02	3.168010510896381721e-02	6.057747288754111725e-01
1.047000000000000014e-02	3.133830823396381582e-02	5.984505101254111725e-01
1.047999999999999973e-02	3.187541760896381304e-02	6.094368382504111725e-01
1.048999999999999932e-02	3.153362073396381166e-02	6.021126195004111725e-01
1.050000000000000065e-02	3.207073010896381582e-02	6.130989476254111725e-01
1.051000000000000024e-02	3.168010510896381721e-02	6.057747288754111725e-01
1.051999999999999984e-02	3.226604260896381166e-02	6.167610570004111725e-01
1.052999999999999943e-02	3.187541760896381304e-02	6.106575413754111725e-01
1.054000000000000076e-02	3.246135510896381443e-02	6.204231663754111725e-01
1.055000000000000035e-02	3.207073010896381582e-02	6.143196507504111725e-01
1.055999999999999994e-02	3.265666760896381721e-02	6.253059788754111725e-01
1.056999999999999953e-02	3.226604260896381166e-02	6.179817601254111725e-01
1.058000000000000086e-02	3.285198010896381304e-02	6.289680882504111725e-01
1.059000000000000045e-02	3.246135510896381443e-02	6.216438695004111725e-01
1.060000000000000005e-02	3.309612073396381304e-02	6.326301976254111725e-01
1.060999999999999964e-02	3.270549573396381443e-02	6.253059788754111725e-01
1.061999999999999923e-02	3.329143323396381582e-02	6.362923070004111725e-01
1.063000000000000056e-02	3.290080823396381721e-02	6.301887913754111725e-01
1.064000000000000015e-02	3.353557385896381582e-02	6.411751195004111725e-01
1.064999999999999974e-02	3.319377698396381443e-02	6.338509007504111725e-01
1.065999999999999934e-02	3.377971448396381582e-02	6.448372288754111725e-01
1.067000000000000066e-02	3.338908948396381721e-02	6.375130101254111725e-01
1.068000000000000026e-02	3.407268323396381304e-02	6.484993382504111725e-01
1.068999999999999985e-02	3.368205823396381443e-02	6.411751195004111725e-01
1.069999999999999944e-02	3.431682385896381304e-02	6.521614476254111725e-01
1.071000000000000077e-02	3.392619885896381443e-02	6.448372288754111725e-01
1.072000000000000036e-02	3.460979260896381721e-02	6.558235570004111725e-01
1.072999999999999995e-02	3.421916760896381166e-02	6.484993382504111725e-01
1.073999999999999955e-02	3.490276135896381443e-02	6.607063695004111725e-01
1.074999999999999914e-02	3.451213635896381582e-02	6.533821507504111725e-01
1.076000000000000047e-02	3.519573010896381166e-02	6.643684788754111725e-01
1.077000000000000006e-02	3.480510510896381304e-02	6.570442601254111725e-01
1.077999999999999965e-02	3.553752698396381304e-02	6.680305882504111725e-01
1.078999999999999924e-02	3.509807385896381721e-02	6.607063695004111725e-01
1.080000000000000057e-02	3.583049573396381721e-02	6.716926976254111725e-01
1.081000000000000016e-02	3.543987073396381166e-02	6.643684788754111725e-01
1.081999999999999976e-02	3.617229260896381166e-02	6.753548070004111725e-01
1.082999999999999935e-02	3.573283948396381582e-02	6.692512913754111725e-01
1.084000000000000068e-02	3.646526135896381582e-02	6.790169163754111725e-01
1.085000000000000027e-02	3.602580823396381304e-02	6.729134007504111725e-01
1.085999999999999986e-02	3.680705823396381721e-02	6.838997288754111725e-01
1.086999999999999945e-02	3.636760510896381443e-02	6.765755101254111725e-01
1.088000000000000078e-02	3.714885510896381166e-02	6.875618382504111725e-01
1.089000000000000037e-02	3.670940198396381582e-02	6.802376195004111725e-01
1.089999999999999997e-02	3.744182385896381582e-02	6.912239476254111725e-01
1.090999999999999956e-02	3.705119885896381721e-02	6.838997288754111725e-01
1.091999999999999915e-02	3.778362073396381721e-02	6.948860570004111725e-01
1.093000000000000048e-02	3.739299573396381166e-02	6.875618382504111725e-01
1.094000000000000007e-02	3.812541760896381859e-02	6.985481663754111725e-01
1.094999999999999966e-02	3.768596448396381582e-02	6.912239476254111725e-01
1.095999999999999926e-02	3.851604260896381721e-02	7.034309788754111725e-01
1.097000000000000058e-02	3.807658948396381443e-02	6.961067601254111725e-01
1.098000000000000018e-02	3.885783948396381859e-02	7.070930882504111725e-01
1.098999999999999977e-02	3.841838635896381582e-02	6.997688695004111725e-01
1.099999999999999936e-02	3.919963635896381304e-02	7.107551976254111725e-01
1.101000000000000069e-02	3.876018323396381721e-02	7.034309788754111725e-01
1.102000000000000028e-02	3.959026135896381859e-02	7.144173070004111725e-01
1.102999999999999987e-02	3.910198010896381859e-02	7.070930882504111725e-01
1.103999999999999947e-02	3.993205823396381304e-02	7.180794163754111725e-01
1.105000000000000079e-02	3.949260510896381721e-02	7.107551976254111725e-01
1.106000000000000039e-02	4.027385510896381443e-02	7.217415257504111725e-01
1.106999999999999998e-02	3.988323010896381582e-02	7.156380101254111725e-01
1.107999999999999957e-02	4.066448010896381304e-02	7.254036351254111725e-01
1.108999999999999916e-02	4.022502698396381721e-02	7.193001195004111725e-01
1.110000000000000049e-02	4.100627698396381443e-02	7.302864476254111725e-01
1.111000000000000008e-02	4.056682385896381859e-02	7.229622288754111725e-01
1.111999999999999968e-02	4.134807385896381582e-02	7.339485570004111725e-01
1.112999999999999927e-02	4.090862073396381304e-02	7.266243382504111725e-01
1.114000000000000060e-02	4.173869885896381443e-02	7.376106663754111725e-01
1.115000000000000019e-02	4.129924573396381859e-02	7.302864476254111725e-01
1.115999999999999978e-02	4.208049573396381582e-02	7.412727757504111725e-01
1.116999999999999937e-02	4.164104260896381304e-02	7.339485570004111725e-01
1.118000000000000070e-02	4.242229260896381721e-02	7.449348851254111725e-01
1.119000000000000029e-02	4.198283948396381443e-02	7.388313695004111725e-01
1.119999999999999989e-02	4.276408948396381859e-02	7.485969945004111725e-01
1.120999999999999948e-02	4.232463635896381582e-02	7.424934788754111725e-01
1.122000000000000081e-02	4.305705823396381582e-02	7.534798070004111725e-01
1.123000000000000040e-02	4.266643323396381721e-02	7.461555882504111725e-01
1.123999999999999999e-02	4.339885510896381721e-02	7.571419163754111725e-01
1.124999999999999958e-02	4.295940198396381443e-02	7.498176976254111725e-01
1.125999999999999918e-02	4.374065198396381859e-02	7.608040257504111725e-01
1.127000000000000050e-02	4.330119885896381582e-02	7.534798070004111725e-01
1.128000000000000010e-02	4.403362073396381582e-02	7.644661351254111725e-01
1.128999999999999969e-02	4.359416760896381304e-02	7.571419163754111725e-01
1.129999999999999928e-02	4.437541760896381721e-02	7.681282445004111725e-01
1.131000000000000061e-02	4.393596448396381443e-02	7.608040257504111725e-01
1.132000000000000020e-02	4.466838635896381443e-02	7.730110570004111725e-01
1.132999999999999979e-02	4.427776135896381582e-02	7.656868382504111725e-01
1.133999999999999939e-02	4.496135510896381859e-02	7.766731663754111725e-01
1.135000000000000071e-02	4.457073010896381304e-02	7.693489476254111725e-01
1.136000000000000031e-02	4.530315198396381304e-02	7.803352757504111725e-01
1.136999999999999990e-02	4.486369885896381721e-02	7.730110570004111725e-01
1.137999999999999949e-02	4.559612073396381721e-02	7.839973851254111725e-01
1.139000000000000082e-02	4.515666760896381443e-02	7.766731663754111725e-01
1.140000000000000041e-02	4.588908948396381443e-02	7.876594945004111725e-01
1.141000000000000000e-02	4.544963635896381859e-02	7.803352757504111725e-01
1.141999999999999960e-02	4.618205823396381859e-02	7.913216038754111725e-01
1.142999999999999919e-02	4.579143323396381304e-02	7.852180882504111725e-01
1.144000000000000052e-02	4.647502698396381582e-02	7.962044163754111725e-01
1.145000000000000011e-02	4.603557385896381304e-02	7.876594945004111725e-01
1.145999999999999970e-02	4.671916760896381582e-02	7.998665257504111725e-01
1.146999999999999929e-02	4.632854260896381721e-02	7.925423070004111725e-01
1.148000000000000062e-02	4.701213635896381304e-02	8.035286351254111725e-01
1.149000000000000021e-02	4.662151135896381443e-02	7.962044163754111725e-01
1.149999999999999981e-02	4.730510510896381721e-02	8.059700413754111725e-01
1.150999999999999940e-02	4.686565198396381443e-02	7.998665257504111725e-01
1.152000000000000073e-02	4.754924573396381721e-02	8.108528538754111725e-01
1.153000000000000032e-02	4.715862073396381859e-02	8.035286351254111725e-01
1.153999999999999991e-02	4.779338635896381721e-02	8.145149632504111725e-01
1.154999999999999950e-02	4.745158948396381582e-02	8.071907445004111725e-01
1.156000000000000083e-02	4.808635510896381443e-02	8.181770726254111725e-01
1.157000000000000042e-02	4.769573010896381582e-02	8.108528538754111725e-01
1.158000000000000002e-02	4.833049573396381443e-02	8.218391820004111725e-01
1.158999999999999961e-02	4.793987073396381582e-02	8.145149632504111725e-01
1.159999999999999920e-02	4.857463635896381443e-02	8.255012913754111725e-01
1.161000000000000053e-02	4.818401135896381582e-02	8.181770726254111725e-01
1.162000000000000012e-02	4.881877698396381443e-02	8.303841038754111725e-01
1.162999999999999971e-02	4.842815198396381582e-02	8.230598851254111725e-01
1.163999999999999931e-02	4.906291760896381443e-02	8.340462132504111725e-01
1.165000000000000063e-02	4.867229260896381582e-02	8.267219945004111725e-01
1.166000000000000023e-02	4.925823010896381721e-02	8.377083226254111725e-01
1.166999999999999982e-02	4.891643323396381582e-02	8.303841038754111725e-01
1.167999999999999941e-02	4.950237073396381721e-02	8.413704320004111725e-01
1.169000000000000074e-02	4.911174573396381859e-02	8.340462132504111725e-01
1.170000000000000033e-02	4.969768323396381304e-02	8.450325413754111725e-01
1.170999999999999992e-02	4.935588635896381859e-02	8.377083226254111725e-01
1.171999999999999952e-02	4.994182385896381304e-02	8.486946507504111725e-01
1.173000000000000084e-02	4.955119885896381443e-02	8.413704320004111725e-01
1.174000000000000044e-02	5.018596448396381998e-02	8.523567601254111725e-01
1.175000000000000003e-02	4.979533948396381443e-02	8.462532445004111725e-01
1.175999999999999962e-02	5.038127698396382276e-02	8.560188695004111725e-01
1.176999999999999921e-02	4.999065198396381721e-02	8.499153538754111725e-01
1.178000000000000054e-02	5.057658948396381859e-02	8.596809788754111725e-01
1.179000000000000013e-02	5.023479260896382415e-02	8.535774632504111725e-01
1.179999999999999973e-02	5.082073010896381859e-02	8.645637913754111725e-01
1.180999999999999932e-02	5.043010510896381998e-02	8.572395726254111725e-01
1.182000000000000065e-02	5.101604260896382137e-02	8.682259007504111725e-01
1.183000000000000024e-02	5.062541760896382276e-02	8.609016820004111725e-01
1.183999999999999983e-02	5.121135510896382415e-02	8.718880101254111725e-01
1.184999999999999942e-02	5.086955823396382276e-02	8.645637913754111725e-01
1.186000000000000075e-02	5.145549573396382415e-02	8.755501195004111725e-01
1.187000000000000034e-02	5.106487073396381859e-02	8.682259007504111725e-01
1.187999999999999994e-02	5.165080823396381998e-02	8.792122288754111725e-01
1.188999999999999953e-02	5.126018323396382137e-02	8.718880101254111725e-01
1.190000000000000085e-02	5.184612073396382276e-02	8.828743382504111725e-01
1.191000000000000045e-02	5.145549573396382415e-02	8.755501195004111725e-01
1.192000000000000004e-02	5.204143323396381859e-02	8.865364476254111725e-01
1.192999999999999963e-02	5.165080823396381998e-02	8.792122288754111725e-01
1.193999999999999923e-02	5.223674573396382137e-02	8.901985570004111725e-01
1.195000000000000055e-02	5.189494885896381998e-02	8.828743382504111725e-01
1.196000000000000014e-02	5.243205823396382415e-02	8.950813695004111725e-01
1.196999999999999974e-02	5.209026135896382276e-02	8.865364476254111725e-01
1.197999999999999933e-02	5.267619885896382415e-02	8.975227757504111725e-01
1.199000000000000066e-02	5.228557385896381859e-02	8.914192601254111725e-01
1.200000000000000025e-02	5.287151135896381998e-02	9.024055882504111725e-01
1.200999999999999984e-02	5.248088635896382137e-02	8.950813695004111725e-01
1.201999999999999943e-02	5.306682385896382276e-02	9.060676976254111725e-01
1.203000000000000076e-02	5.267619885896382415e-02	8.987434788754111725e-01
1.204000000000000035e-02	5.326213635896381859e-02	9.097298070004111725e-01
1.204999999999999995e-02	5.292033948396382415e-02	9.024055882504111725e-01
1.205999999999999954e-02	5.345744885896382137e-02	9.133919163754111725e-01
1.207000000000000087e-02	5.311565198396381998e-02	9.060676976254111725e-01
1.208000000000000046e-02	5.370158948396382137e-02	9.170540257504111725e-01
1.209000000000000005e-02	5.331096448396382276e-02	9.097298070004111725e-01
1.209999999999999964e-02	5.389690198396382415e-02	9.207161351254111725e-01
1.210999999999999924e-02	5.355510510896382276e-02	9.133919163754111725e-01
1.212000000000000056e-02	5.414104260896382415e-02	9.243782445004111725e-01
1.213000000000000016e-02	5.375041760896381859e-02	9.170540257504111725e-01
1.213999999999999975e-02	5.438518323396382415e-02	9.280403538754111725e-01
1.214999999999999934e-02	5.399455823396381859e-02	9.207161351254111725e-01
1.216000000000000067e-02	5.458049573396381998e-02	9.317024632504111725e-01
1.217000000000000026e-02	5.423869885896381859e-02	9.255989476254111725e-01
1.217999999999999985e-02	5.482463635896381998e-02	9.353645726254111725e-01
1.218999999999999945e-02	5.443401135896382137e-02	9.292610570004111725e-01
1.220000000000000077e-02	5.506877698396381998e-02	9.390266820004111725e-01
1.221000000000000037e-02	5.467815198396382137e-02	9.317024632504111725e-01
1.221999999999999996e-02	5.531291760896381998e-02	9.426887913754111725e-01
1.222999999999999955e-02	5.492229260896382137e-02	9.365852757504111725e-01
1.223999999999999914e-02	5.555705823396381998e-02	9.463509007504111725e-01
1.225000000000000047e-02	5.516643323396382137e-02	9.402473851254111725e-01
1.226000000000000006e-02	5.580119885896381998e-02	9.512337132504111725e-01
1.226999999999999966e-02	5.541057385896382137e-02	9.439094945004111725e-01
1.227999999999999925e-02	5.604533948396381998e-02	9.548958226254111725e-01
1.229000000000000058e-02	5.560588635896382415e-02	9.475716038754111725e-01
1.230000000000000017e-02	5.628948010896381998e-02	9.585579320004111725e-01
1.230999999999999976e-02	5.585002698396382415e-02	9.512337132504111725e-01
1.231999999999999935e-02	5.653362073396381998e-02	9.622200413754111725e-01
1.233000000000000068e-02	5.614299573396382137e-02	9.548958226254111725e-01
1.234000000000000027e-02	5.677776135896381998e-02	9.658821507504111725e-01
1.234999999999999987e-02	5.638713635896382137e-02	9.585579320004111725e-01
1.235999999999999946e-02	5.702190198396381998e-02	9.695442601254111725e-01
1.237000000000000079e-02	5.663127698396382137e-02	9.622200413754111725e-01
1.238000000000000038e-02	5.731487073396382415e-02	9.732063695004111725e-01
1.238999999999999997e-02	5.692424573396381859e-02	9.658821507504111725e-01
1.239999999999999956e-02	5.760783948396382137e-02	9.768684788754111725e-01
1.240999999999999916e-02	5.716838635896381859e-02	9.695442601254111725e-01
1.242000000000000048e-02	5.790080823396381859e-02	9.805305882504111725e-01
1.243000000000000008e-02	5.746135510896382276e-02	9.744270726254111725e-01
1.243999999999999967e-02	5.814494885896381859e-02	9.854134007504111725e-01
1.244999999999999926e-02	5.775432385896381998e-02	9.780891820004111725e-01
1.246000000000000059e-02	5.848674573396381998e-02	9.890755101254111725e-01
1.247000000000000018e-02	5.804729260896382415e-02	9.817512913754111725e-01
1.247999999999999977e-02	5.877971448396382415e-02	9.927376195004111725e-01
1.248999999999999937e-02	5.834026135896382137e-02	9.854134007504111725e-01
1.250000000000000069e-02	5.907268323396382137e-02	9.963997288754111725e-01
1.251000000000000029e-02	5.868205823396382276e-02	9.890755101254111725e-01
1.251999999999999988e-02	5.941448010896382276e-02	1.000061838250411173e+00
1.252999999999999947e-02	5.897502698396381998e-02	9.927376195004111725e-01
1.254000000000000080e-02	5.970744885896381998e-02	1.003723947625411173e+00
1.255000000000000039e-02	5.931682385896382137e-02	9.963997288754111725e-01
1.255999999999999998e-02	6.004924573396382137e-02	1.007386057000411173e+00
1.256999999999999958e-02	5.960979260896381859e-02	1.000061838250411173e+00
1.257999999999999917e-02	6.034221448396381859e-02	1.011048166375411173e+00
1.259000000000000050e-02	5.990276135896382276e-02	1.003723947625411173e+00
1.260000000000000009e-02	6.063518323396382276e-02	1.014710275750411173e+00
1.260999999999999968e-02	6.019573010896381998e-02	1.007386057000411173e+00
1.261999999999999927e-02	6.092815198396381998e-02	1.018372385125411173e+00
1.263000000000000060e-02	6.053752698396382137e-02	1.012268869500411173e+00
1.264000000000000019e-02	6.122112073396382415e-02	1.022034494500411173e+00
1.264999999999999979e-02	6.083049573396381859e-02	1.015930978875411173e+00
1.265999999999999938e-02	6.151408948396382137e-02	1.025696603875411173e+00
1.267000000000000071e-02	6.112346448396382276e-02	1.019593088250411173e+00
1.268000000000000030e-02	6.180705823396381859e-02	1.029358713250411173e+00
1.268999999999999989e-02	6.136760510896382276e-02	1.023255197625411173e+00
1.269999999999999948e-02	6.205119885896381859e-02	1.033020822625411173e+00
1.271000000000000081e-02	6.166057385896381998e-02	1.026917307000411173e+00
1.272000000000000040e-02	6.234416760896382276e-02	1.037903635125411173e+00
1.273000000000000000e-02	6.195354260896382415e-02	1.030579416375411173e+00
1.273999999999999959e-02	6.263713635896382692e-02	1.041565744500411173e+00
1.274999999999999918e-02	6.224651135896382137e-02	1.034241525750411173e+00
1.276000000000000051e-02	6.293010510896382415e-02	1.045227853875411173e+00
1.277000000000000010e-02	6.249065198396382137e-02	1.037903635125411173e+00
1.277999999999999969e-02	6.317424573396382415e-02	1.048889963250411173e+00
1.278999999999999929e-02	6.278362073396381859e-02	1.041565744500411173e+00
1.280000000000000061e-02	6.346721448396382137e-02	1.052552072625411173e+00
1.281000000000000021e-02	6.307658948396381582e-02	1.045227853875411173e+00
1.281999999999999980e-02	6.376018323396381859e-02	1.056214182000411173e+00
1.282999999999999939e-02	6.336955823396382692e-02	1.048889963250411173e+00
1.284000000000000072e-02	6.405315198396381582e-02	1.059876291375411173e+00
1.285000000000000031e-02	6.366252698396382415e-02	1.052552072625411173e+00
1.285999999999999990e-02	6.439494885896382415e-02	1.063538400750411173e+00
1.286999999999999950e-02	6.395549573396382137e-02	1.056214182000411173e+00
1.288000000000000082e-02	6.468791760896382137e-02	1.067200510125411173e+00
1.289000000000000042e-02	6.429729260896381582e-02	1.061096994500411173e+00
1.290000000000000001e-02	6.502971448396381582e-02	1.070862619500411173e+00
1.290999999999999960e-02	6.459026135896382692e-02	1.064759103875411173e+00
1.291999999999999919e-02	6.537151135896382415e-02	1.074524728875411173e+00
1.293000000000000052e-02	6.493205823396382137e-02	1.068421213250411173e+00
1.294000000000000011e-02	6.571330823396381859e-02	1.079407541375411173e+00
1.294999999999999971e-02	6.527385510896381582e-02	1.072083322625411173e+00
1.295999999999999930e-02	6.605510510896382692e-02	1.083069650750411173e+00
1.297000000000000063e-02	6.561565198396382415e-02	1.075745432000411173e+00
1.298000000000000022e-02	6.639690198396382137e-02	1.086731760125411173e+00
1.298999999999999981e-02	6.595744885896381859e-02	1.079407541375411173e+00
1.299999999999999940e-02	6.673869885896381582e-02	1.090393869500411173e+00
1.301000000000000073e-02	6.629924573396382692e-02	1.083069650750411173e+00
1.302000000000000032e-02	6.708049573396382415e-02	1.094055978875411173e+00
1.302999999999999992e-02	6.664104260896382137e-02	1.086731760125411173e+00
1.303999999999999951e-02	6.737346448396382137e-02	1.097718088250411173e+00
1.305000000000000084e-02	6.693401135896381859e-02	1.090393869500411173e+00
1.306000000000000043e-02	6.771526135896381582e-02	1.101380197625411173e+00
1.307000000000000002e-02	6.727580823396382692e-02	1.094055978875411173e+00
1.307999999999999961e-02	6.805705823396382415e-02	1.105042307000411173e+00
1.308999999999999921e-02	6.761760510896382137e-02	1.097718088250411173e+00
1.310000000000000053e-02	6.835002698396382137e-02	1.108704416375411173e+00
1.311000000000000013e-02	6.791057385896381859e-02	1.101380197625411173e+00
1.311999999999999972e-02	6.864299573396381859e-02	1.112366525750411173e+00
1.312999999999999931e-02	6.825237073396382692e-02	1.105042307000411173e+00
1.314000000000000064e-02	6.893596448396381582e-02	1.116028635125411173e+00
1.315000000000000023e-02	6.854533948396382415e-02	1.108704416375411173e+00
1.315999999999999982e-02	6.927776135896382415e-02	1.119690744500411173e+00
1.316999999999999942e-02	6.883830823396382137e-02	1.112366525750411173e+00
1.318000000000000074e-02	6.957073010896382137e-02	1.123352853875411173e+00
1.319000000000000034e-02	6.913127698396381859e-02	1.116028635125411173e+00
1.319999999999999993e-02	6.986369885896381859e-02	1.127014963250411173e+00
1.320999999999999952e-02	6.942424573396381582e-02	1.119690744500411173e+00
1.322000000000000085e-02	7.015666760896381582e-02	1.130677072625411173e+00
1.323000000000000044e-02	6.971721448396382692e-02	1.124573557000411173e+00
1.324000000000000003e-02	7.044963635896382692e-02	1.134339182000411173e+00
1.324999999999999963e-02	7.005901135896382137e-02	1.127014963250411173e+00
1.325999999999999922e-02	7.074260510896382415e-02	1.138001291375411173e+00
1.327000000000000055e-02	7.035198010896381859e-02	1.130677072625411173e+00
1.328000000000000014e-02	7.103557385896382137e-02	1.141663400750411173e+00
1.328999999999999973e-02	7.064494885896381582e-02	1.135559885125411173e+00
1.329999999999999932e-02	7.132854260896381859e-02	1.145325510125411173e+00
1.331000000000000065e-02	7.093791760896382692e-02	1.138001291375411173e+00
1.332000000000000024e-02	7.167033948396382692e-02	1.148987619500411173e+00
1.332999999999999984e-02	7.123088635896382415e-02	1.141663400750411173e+00
1.333999999999999943e-02	7.196330823396382415e-02	1.152649728875411173e+00
1.335000000000000075e-02	7.152385510896382137e-02	1.145325510125411173e+00
1.336000000000000035e-02	7.225627698396382137e-02	1.156311838250411173e+00
1.336999999999999994e-02	7.186565198396381582e-02	1.150208322625411173e+00
1.337999999999999953e-02	7.259807385896381582e-02	1.159973947625411173e+00
1.339000000000000086e-02	7.215862073396382692e-02	1.153870432000411173e+00
1.340000000000000045e-02	7.289104260896382692e-02	1.163636057000411173e+00
1.341000000000000004e-02	7.250041760896382137e-02	1.157532541375411173e+00
1.341999999999999964e-02	7.323283948396382137e-02	1.167298166375411173e+00
1.342999999999999923e-02	7.279338635896381859e-02	1.161194650750411173e+00
1.344000000000000056e-02	7.352580823396381859e-02	1.170960275750411173e+00
1.345000000000000015e-02	7.308635510896381582e-02	1.164856760125411173e+00
1.345999999999999974e-02	7.381877698396381582e-02	1.174622385125411173e+00
1.346999999999999933e-02	7.337932385896382692e-02	1.168518869500411173e+00
1.348000000000000066e-02	7.411174573396382692e-02	1.178284494500411173e+00
1.349000000000000025e-02	7.367229260896382415e-02	1.172180978875411173e+00
1.349999999999999985e-02	7.440471448396382415e-02	1.181946603875411173e+00
1.350999999999999944e-02	7.401408948396381859e-02	1.175843088250411173e+00
1.352000000000000077e-02	7.469768323396382137e-02	1.186829416375411173e+00
1.353000000000000036e-02	7.425823010896381859e-02	1.179505197625411173e+00
1.353999999999999995e-02	7.499065198396381859e-02	1.189270822625411173e+00
1.354999999999999954e-02	7.455119885896381582e-02	1.183167307000411173e+00
1.355999999999999914e-02	7.528362073396382970e-02	1.194153635125411173e+00
1.357000000000000046e-02	7.484416760896382692e-02	1.186829416375411173e+00
1.358000000000000006e-02	7.552776135896382970e-02	1.196595041375411173e+00
1.358999999999999965e-02	7.513713635896382415e-02	1.190491525750411173e+00
1.359999999999999924e-02	7.582073010896382692e-02	1.201477853875411173e+00
1.361000000000000057e-02	7.538127698396382415e-02	1.194153635125411173e+00
1.362000000000000016e-02	7.611369885896382415e-02	1.205139963250411173e+00
1.362999999999999975e-02	7.567424573396382137e-02	1.197815744500411173e+00
1.363999999999999935e-02	7.635783948396382415e-02	1.208802072625411173e+00
1.365000000000000067e-02	7.596721448396381859e-02	1.201477853875411173e+00
1.366000000000000027e-02	7.665080823396382137e-02	1.212464182000411173e+00
1.366999999999999986e-02	7.626018323396382970e-02	1.205139963250411173e+00
1.367999999999999945e-02	7.689494885896382137e-02	1.216126291375411173e+00
1.369000000000000078e-02	7.650432385896382970e-02	1.208802072625411173e+00
1.370000000000000037e-02	7.718791760896381859e-02	1.219788400750411173e+00
1.370999999999999996e-02	7.679729260896382692e-02	1.212464182000411173e+00
1.371999999999999956e-02	7.748088635896382970e-02	1.223450510125411173e+00
1.372999999999999915e-02	7.709026135896382415e-02	1.216126291375411173e+00
1.374000000000000048e-02	7.777385510896382692e-02	1.227112619500411173e+00
1.375000000000000007e-02	7.733440198396382415e-02	1.219788400750411173e+00
1.375999999999999966e-02	7.806682385896382415e-02	1.230774728875411173e+00
1.376999999999999925e-02	7.762737073396382137e-02	1.223450510125411173e+00
1.378000000000000058e-02	7.835979260896382137e-02	1.234436838250411173e+00
1.379000000000000017e-02	7.792033948396381859e-02	1.227112619500411173e+00
1.379999999999999977e-02	7.865276135896381859e-02	1.238098947625411173e+00
1.380999999999999936e-02	7.821330823396382970e-02	1.230774728875411173e+00
1.382000000000000069e-02	7.894573010896382970e-02	1.241761057000411173e+00
1.383000000000000028e-02	7.850627698396382692e-02	1.234436838250411173e+00
1.383999999999999987e-02	7.928752698396382415e-02	1.245423166375411173e+00
1.384999999999999946e-02	7.884807385896382137e-02	1.238098947625411173e+00
1.386000000000000079e-02	7.958049573396382137e-02	1.249085275750411173e+00
1.387000000000000038e-02	7.914104260896381859e-02	1.241761057000411173e+00
1.387999999999999998e-02	7.987346448396381859e-02	1.252747385125411173e+00
1.388999999999999957e-02	7.943401135896382970e-02	1.245423166375411173e+00
1.389999999999999916e-02	8.016643323396382970e-02	1.256409494500411173e+00
1.391000000000000049e-02	7.977580823396382415e-02	1.249085275750411173e+00
1.392000000000000008e-02	8.050823010896382415e-02	1.260071603875411173e+00
1.392999999999999967e-02	8.006877698396382137e-02	1.252747385125411173e+00
1.393999999999999927e-02	8.080119885896382137e-02	1.263733713250411173e+00
1.395000000000000059e-02	8.041057385896382970e-02	1.256409494500411173e+00
1.396000000000000019e-02	8.114299573396382970e-02	1.266175119500411173e+00
1.396999999999999978e-02	8.070354260896382692e-02	1.260071603875411173e+00
1.397999999999999937e-02	8.148479260896382415e-02	1.271057932000411173e+00
1.399000000000000070e-02	8.104533948396382137e-02	1.263733713250411173e+00
1.400000000000000029e-02	8.182658948396381859e-02	1.274720041375411173e+00
1.400999999999999988e-02	8.138713635896382970e-02	1.267395822625411173e+00
1.401999999999999948e-02	8.216838635896382692e-02	1.278382150750411173e+00
1.403000000000000080e-02	8.172893323396382415e-02	1.271057932000411173e+00
1.404000000000000040e-02	8.251018323396382137e-02	1.282044260125411173e+00
1.404999999999999999e-02	8.207073010896381859e-02	1.274720041375411173e+00
1.405999999999999958e-02	8.285198010896382970e-02	1.285706369500411173e+00
1.406999999999999917e-02	8.241252698396382692e-02	1.278382150750411173e+00
1.408000000000000050e-02	8.319377698396382415e-02	1.288147775750411173e+00
1.409000000000000009e-02	8.275432385896382137e-02	1.282044260125411173e+00
1.409999999999999969e-02	8.358440198396382970e-02	1.293030588250411173e+00
1.410999999999999928e-02	8.309612073396382970e-02	1.284485666375411173e+00
1.412000000000000061e-02	8.397502698396382137e-02	1.296692697625411173e+00
1.413000000000000020e-02	8.348674573396382137e-02	1.289368478875411173e+00
1.413999999999999979e-02	8.436565198396382692e-02	1.300354807000411173e+00
1.414999999999999938e-02	8.387737073396382692e-02	1.293030588250411173e+00
1.416000000000000071e-02	8.470744885896382137e-02	1.302796213250411173e+00
1.417000000000000030e-02	8.421916760896382137e-02	1.296692697625411173e+00
1.417999999999999990e-02	8.509807385896382692e-02	1.306458322625411173e+00
1.418999999999999949e-02	8.465862073396382415e-02	1.300354807000411173e+00
1.420000000000000082e-02	8.548869885896381859e-02	1.311341135125411173e+00
1.421000000000000041e-02	8.504924573396382970e-02	1.304016916375411173e+00
1.422000000000000000e-02	8.592815198396382137e-02	1.313782541375411173e+00
1.422999999999999959e-02	8.543987073396382137e-02	1.307679025750411173e+00
1.423999999999999919e-02	8.631877698396382692e-02	1.317444650750411173e+00
1.425000000000000051e-02	8.583049573396382692e-02	1.311341135125411173e+00
1.426000000000000011e-02	8.670940198396381859e-02	1.322327463250411173e+00
1.426999999999999970e-02	8.622112073396381859e-02	1.315003244500411173e+00
1.427999999999999929e-02	8.710002698396382415e-02	1.324768869500411173e+00
1.429000000000000062e-02	8.666057385896382137e-02	1.318665353875411173e+00
1.430000000000000021e-02	8.749065198396382970e-02	1.328430978875411173e+00
1.430999999999999980e-02	8.705119885896382692e-02	1.322327463250411173e+00
1.431999999999999940e-02	8.793010510896381859e-02	1.332093088250411173e+00
1.433000000000000072e-02	8.744182385896381859e-02	1.325989572625411173e+00
1.434000000000000032e-02	8.832073010896382415e-02	1.335755197625411173e+00
1.434999999999999991e-02	8.783244885896382415e-02	1.329651682000411173e+00
1.435999999999999950e-02	8.871135510896382970e-02	1.339417307000411173e+00
1.437000000000000083e-02	8.822307385896382970e-02	1.332093088250411173e+00
1.438000000000000042e-02	8.910198010896382137e-02	1.343079416375411173e+00
1.439000000000000001e-02	8.861369885896382137e-02	1.335755197625411173e+00
1.439999999999999961e-02	8.949260510896382692e-02	1.346741525750411173e+00
1.440999999999999920e-02	8.900432385896382692e-02	1.340638010125411173e+00
1.442000000000000053e-02	8.988323010896381859e-02	1.350403635125411173e+00
1.443000000000000012e-02	8.939494885896381859e-02	1.344300119500411173e+00
1.443999999999999971e-02	9.027385510896382415e-02	1.354065744500411173e+00
1.444999999999999930e-02	8.983440198396382137e-02	1.347962228875411173e+00
1.446000000000000063e-02	9.061565198396381859e-02	1.357727853875411173e+00
1.447000000000000022e-02	9.017619885896382970e-02	1.350403635125411173e+00
1.447999999999999982e-02	9.100627698396382415e-02	1.361389963250411173e+00
1.448999999999999941e-02	9.056682385896382137e-02	1.354065744500411173e+00
1.450000000000000074e-02	9.139690198396382970e-02	1.362610666375411173e+00
1.451000000000000033e-02	9.095744885896382692e-02	1.356507150750411173e+00
1.451999999999999992e-02	9.173869885896382415e-02	1.358948557000411173e+00
1.452999999999999951e-02	9.129924573396382137e-02	1.351624338250411173e+00
1.454000000000000084e-02	9.212932385896382970e-02	1.355286447625411173e+00
1.455000000000000043e-02	9.168987073396382692e-02	1.347962228875411173e+00
1.456000000000000003e-02	9.251994885896382137e-02	1.350403635125411173e+00
1.456999999999999962e-02	9.208049573396381859e-02	1.343079416375411173e+00
1.457999999999999921e-02	9.291057385896382692e-02	1.345520822625411173e+00
1.459000000000000054e-02	9.247112073396382415e-02	1.339417307000411173e+00
1.460000000000000013e-02	9.325237073396382137e-02	1.341858713250411173e+00
1.460999999999999972e-02	9.286174573396382970e-02	1.334534494500411173e+00
1.461999999999999932e-02	9.359416760896382970e-02	1.336975900750411173e+00
1.463000000000000064e-02	9.320354260896382415e-02	1.329651682000411173e+00
1.464000000000000024e-02	9.388713635896382692e-02	1.333313791375411173e+00
1.464999999999999983e-02	9.349651135896382137e-02	1.325989572625411173e+00
1.465999999999999942e-02	9.413127698396382692e-02	1.328430978875411173e+00
1.467000000000000075e-02	9.378948010896381859e-02	1.321106760125411173e+00
1.468000000000000034e-02	9.437541760896382692e-02	1.323548166375411173e+00
1.468999999999999993e-02	9.403362073396381859e-02	1.317444650750411173e+00
1.469999999999999953e-02	9.457073010896382970e-02	1.319886057000411173e+00
1.471000000000000085e-02	9.427776135896381859e-02	1.312561838250411173e+00
1.472000000000000045e-02	9.471721448396382137e-02	1.315003244500411173e+00
1.473000000000000004e-02	9.442424573396382415e-02	1.307679025750411173e+00
1.473999999999999963e-02	9.481487073396382970e-02	1.311341135125411173e+00
1.474999999999999922e-02	9.457073010896382970e-02	1.304016916375411173e+00
1.476000000000000055e-02	9.491252698396382415e-02	1.306458322625411173e+00
1.477000000000000014e-02	9.461955823396382692e-02	1.299134103875411173e+00
1.477999999999999974e-02	9.491252698396382415e-02	1.302796213250411173e+00
1.478999999999999933e-02	9.461955823396382692e-02	1.295471994500411173e+00
1.480000000000000066e-02	9.486369885896382692e-02	1.297913400750411173e+00
1.481000000000000025e-02	9.457073010896382970e-02	1.290589182000411173e+00
1.481999999999999984e-02	9.476604260896381859e-02	1.293030588250411173e+00
1.482999999999999943e-02	9.447307385896382137e-02	1.285706369500411173e+00
1.484000000000000076e-02	9.457073010896382970e-02	1.289368478875411173e+00
1.485000000000000035e-02	9.427776135896381859e-02	1.282044260125411173e+00
1.485999999999999995e-02	9.437541760896382692e-02	1.284485666375411173e+00
1.486999999999999954e-02	9.403362073396381859e-02	1.277161447625411173e+00
1.488000000000000086e-02	9.408244885896382970e-02	1.280823557000411173e+00
1.489000000000000046e-02	9.369182385896382415e-02	1.272278635125411173e+00
1.490000000000000005e-02	9.374065198396382137e-02	1.275940744500411173e+00
1.490999999999999964e-02	9.330119885896381859e-02	1.268616525750411173e+00
1.491999999999999924e-02	9.335002698396382970e-02	1.271057932000411173e+00
1.493000000000000056e-02	9.286174573396382970e-02	1.263733713250411173e+00
1.494000000000000015e-02	9.291057385896382692e-02	1.267395822625411173e+00
1.494999999999999975e-02	9.242229260896382692e-02	1.260071603875411173e+00
1.495999999999999934e-02	9.242229260896382692e-02	1.262513010125411173e+00
1.497000000000000067e-02	9.188518323396382970e-02	1.255188791375411173e+00
1.498000000000000026e-02	9.188518323396382970e-02	1.258850900750411173e+00
1.498999999999999985e-02	9.129924573396382137e-02	1.251526682000411173e+00
1.499999999999999944e-02	9.129924573396382137e-02	1.253968088250411173e+00
1.501000000000000077e-02	9.066448010896382970e-02	1.246643869500411173e+00
1.502000000000000036e-02	9.066448010896382970e-02	1.249085275750411173e+00
1.502999999999999996e-02	8.998088635896382692e-02	1.241761057000411173e+00
1.503999999999999955e-02	9.002971448396382415e-02	1.245423166375411173e+00
1.504999999999999914e-02	8.934612073396382137e-02	1.238098947625411173e+00
1.506000000000000047e-02	8.934612073396382137e-02	1.240540353875411173e+00
1.507000000000000006e-02	8.861369885896382137e-02	1.233216135125411173e+00
1.507999999999999965e-02	8.861369885896382137e-02	1.236878244500411173e+00
1.508999999999999925e-02	8.788127698396382137e-02	1.229554025750411173e+00
1.510000000000000057e-02	8.788127698396382137e-02	1.231995432000411173e+00
1.511000000000000017e-02	8.714885510896382137e-02	1.224671213250411173e+00
1.511999999999999976e-02	8.714885510896382137e-02	1.228333322625411173e+00
1.512999999999999935e-02	8.641643323396382137e-02	1.219788400750411173e+00
1.514000000000000068e-02	8.641643323396382137e-02	1.223450510125411173e+00
1.515000000000000027e-02	8.568401135896382137e-02	1.216126291375411173e+00
1.515999999999999986e-02	8.568401135896382137e-02	1.218567697625411173e+00
1.516999999999999946e-02	8.495158948396382137e-02	1.211243478875411173e+00
1.518000000000000078e-02	8.490276135896382415e-02	1.214905588250411173e+00
1.519000000000000038e-02	8.417033948396382415e-02	1.207581369500411173e+00
