time[s]	CH1[V]	CH2[V] (num. of cycles: 1)
0.000000000000000000e+00	-7.405231676603618585e-02	-1.222878707082648120e+00
1.000000000000000082e-05	-7.405231676603618585e-02	-1.222878707082648120e+00
2.000000000000000164e-05	-7.395466051603619140e-02	-1.219216597707648120e+00
3.000000000000000076e-05	-7.434528551603618307e-02	-1.226540816457648120e+00
4.000000000000000327e-05	-7.424762926603618862e-02	-1.222878707082648120e+00
5.000000000000000240e-05	-7.468708239103619140e-02	-1.230202925832648120e+00
6.000000000000000152e-05	-7.458942614103618307e-02	-1.226540816457648120e+00
6.999999999999999387e-05	-7.498005114103618862e-02	-1.233865035207648120e+00
8.000000000000000654e-05	-7.488239489103619417e-02	-1.230202925832648120e+00
9.000000000000000567e-05	-7.532184801603619695e-02	-1.237527144582648120e+00
1.000000000000000048e-04	-7.522419176603618862e-02	-1.233865035207648120e+00
1.100000000000000039e-04	-7.561481676603619417e-02	-1.241189253957648120e+00
1.200000000000000030e-04	-7.551716051603618585e-02	-1.237527144582648120e+00
1.299999999999999886e-04	-7.595661364103618862e-02	-1.244851363332648120e+00
1.399999999999999877e-04	-7.585895739103619417e-02	-1.241189253957648120e+00
1.499999999999999869e-04	-7.629841051603619695e-02	-1.248513472707648120e+00
1.600000000000000131e-04	-7.620075426603618862e-02	-1.244851363332648120e+00
1.700000000000000122e-04	-7.664020739103619140e-02	-1.252175582082648120e+00
1.800000000000000113e-04	-7.654255114103619695e-02	-1.248513472707648120e+00
1.900000000000000105e-04	-7.693317614103618862e-02	-1.255837691457648120e+00
2.000000000000000096e-04	-7.683551989103619417e-02	-1.252175582082648120e+00
2.100000000000000087e-04	-7.727497301603619695e-02	-1.259499800832648120e+00
2.200000000000000078e-04	-7.717731676603618862e-02	-1.255837691457648120e+00
2.300000000000000070e-04	-7.761676989103619140e-02	-1.263161910207648120e+00
2.400000000000000061e-04	-7.747028551603618585e-02	-1.259499800832648120e+00
2.500000000000000052e-04	-7.790973864103618862e-02	-1.266824019582648120e+00
2.599999999999999772e-04	-7.781208239103619417e-02	-1.263161910207648120e+00
2.700000000000000035e-04	-7.825153551603619695e-02	-1.270486128957648120e+00
2.799999999999999755e-04	-7.810505114103619140e-02	-1.266824019582648120e+00
2.900000000000000017e-04	-7.854450426603619417e-02	-1.274148238332648120e+00
2.999999999999999737e-04	-7.844684801603618585e-02	-1.270486128957648120e+00
3.099999999999999999e-04	-7.883747301603619140e-02	-1.277810347707648120e+00
3.200000000000000262e-04	-7.873981676603619695e-02	-1.274148238332648120e+00
3.299999999999999982e-04	-7.917926989103618585e-02	-1.281472457082648120e+00
3.400000000000000244e-04	-7.903278551603619417e-02	-1.277810347707648120e+00
3.499999999999999964e-04	-7.947223864103619695e-02	-1.285134566457648120e+00
3.600000000000000227e-04	-7.932575426603619140e-02	-1.281472457082648120e+00
3.699999999999999947e-04	-7.976520739103619417e-02	-1.288796675832648120e+00
3.800000000000000209e-04	-7.966755114103618585e-02	-1.285134566457648120e+00
3.899999999999999929e-04	-8.010700426603618862e-02	-1.292458785207648120e+00
4.000000000000000192e-04	-7.996051989103619695e-02	-1.288796675832648120e+00
4.099999999999999912e-04	-8.039997301603618585e-02	-1.296120894582648120e+00
4.200000000000000174e-04	-8.030231676603619140e-02	-1.292458785207648120e+00
4.299999999999999894e-04	-8.074176989103619417e-02	-1.299783003957648120e+00
4.400000000000000157e-04	-8.059528551603618862e-02	-1.296120894582648120e+00
4.499999999999999877e-04	-8.103473864103619140e-02	-1.303445113332648120e+00
4.600000000000000139e-04	-8.093708239103619695e-02	-1.299783003957648120e+00
4.699999999999999859e-04	-8.137653551603618585e-02	-1.307107222707648120e+00
4.800000000000000122e-04	-8.127887926603619140e-02	-1.303445113332648120e+00
4.899999999999999842e-04	-8.166950426603619695e-02	-1.310769332082648120e+00
5.000000000000000104e-04	-8.157184801603618862e-02	-1.307107222707648120e+00
5.100000000000000366e-04	-8.206012926603618862e-02	-1.314431441457648120e+00
5.199999999999999544e-04	-8.191364489103619695e-02	-1.310769332082648120e+00
5.299999999999999807e-04	-8.235309801603618585e-02	-1.318093550832648120e+00
5.400000000000000069e-04	-8.230426989103618862e-02	-1.314431441457648120e+00
5.500000000000000331e-04	-8.269489489103619417e-02	-1.321755660207648120e+00
5.599999999999999509e-04	-8.264606676603619695e-02	-1.319314253957648120e+00
5.699999999999999772e-04	-8.303669176603618862e-02	-1.325417769582648120e+00
5.800000000000000034e-04	-8.293903551603619417e-02	-1.322976363332648120e+00
5.900000000000000296e-04	-8.337848864103619695e-02	-1.329079878957648120e+00
5.999999999999999474e-04	-8.332966051603618585e-02	-1.325417769582648120e+00
6.099999999999999737e-04	-8.376911364103618862e-02	-1.332741988332648120e+00
6.199999999999999999e-04	-8.367145739103619417e-02	-1.329079878957648120e+00
6.300000000000000261e-04	-8.411091051603619695e-02	-1.336404097707648120e+00
6.400000000000000524e-04	-8.401325426603618862e-02	-1.332741988332648120e+00
6.499999999999999702e-04	-8.445270739103619140e-02	-1.340066207082648120e+00
6.599999999999999964e-04	-8.435505114103619695e-02	-1.336404097707648120e+00
6.700000000000000226e-04	-8.479450426603618585e-02	-1.343728316457648120e+00
6.800000000000000488e-04	-8.469684801603619140e-02	-1.340066207082648120e+00
6.899999999999999667e-04	-8.513630114103619417e-02	-1.347390425832648120e+00
6.999999999999999929e-04	-8.503864489103618585e-02	-1.343728316457648120e+00
7.100000000000000191e-04	-8.547809801603618862e-02	-1.351052535207648120e+00
7.200000000000000453e-04	-8.542926989103619140e-02	-1.347390425832648120e+00
7.299999999999999632e-04	-8.581989489103619695e-02	-1.354714644582648120e+00
7.399999999999999894e-04	-8.572223864103618862e-02	-1.351052535207648120e+00
7.500000000000000156e-04	-8.616169176603619140e-02	-1.358376753957648120e+00
7.600000000000000418e-04	-8.606403551603619695e-02	-1.354714644582648120e+00
7.699999999999999597e-04	-8.650348864103618585e-02	-1.362038863332648120e+00
7.799999999999999859e-04	-8.640583239103619140e-02	-1.358376753957648120e+00
7.900000000000000121e-04	-8.684528551603619417e-02	-1.365700972707648120e+00
8.000000000000000383e-04	-8.674762926603618585e-02	-1.362038863332648120e+00
8.099999999999999561e-04	-8.718708239103618862e-02	-1.369363082082648120e+00
8.199999999999999824e-04	-8.708942614103619417e-02	-1.365700972707648120e+00
8.300000000000000086e-04	-8.752887926603619695e-02	-1.373025191457648120e+00
8.400000000000000348e-04	-8.743122301603618862e-02	-1.369363082082648120e+00
8.499999999999999526e-04	-8.787067614103619140e-02	-1.376687300832648120e+00
8.599999999999999789e-04	-8.777301989103619695e-02	-1.373025191457648120e+00
8.700000000000000051e-04	-8.821247301603618585e-02	-1.380349410207648120e+00
8.800000000000000313e-04	-8.811481676603619140e-02	-1.376687300832648120e+00
8.899999999999999491e-04	-8.855426989103619417e-02	-1.384011519582648120e+00
8.999999999999999754e-04	-8.845661364103618585e-02	-1.380349410207648120e+00
9.100000000000000016e-04	-8.889606676603618862e-02	-1.387673628957648120e+00
9.200000000000000278e-04	-8.879841051603619417e-02	-1.384011519582648120e+00
9.300000000000000541e-04	-8.923786364103619695e-02	-1.391335738332648120e+00
9.399999999999999719e-04	-8.914020739103618862e-02	-1.387673628957648120e+00
9.499999999999999981e-04	-8.957966051603619140e-02	-1.394997847707648120e+00
9.600000000000000243e-04	-8.948200426603619695e-02	-1.391335738332648120e+00
9.700000000000000505e-04	-8.992145739103618585e-02	-1.398659957082648120e+00
9.799999999999999684e-04	-8.982380114103619140e-02	-1.393777144582648120e+00
9.899999999999999946e-04	-9.026325426603619417e-02	-1.401101363332648120e+00
1.000000000000000021e-03	-9.016559801603618585e-02	-1.391335738332648120e+00
1.010000000000000047e-03	-9.060505114103618862e-02	-1.398659957082648120e+00
1.020000000000000073e-03	-9.050739489103619417e-02	-1.386452925832648120e+00
1.030000000000000100e-03	-9.089801989103618585e-02	-1.394997847707648120e+00
1.039999999999999909e-03	-9.084919176603618862e-02	-1.382790816457648120e+00
1.049999999999999935e-03	-9.123981676603619417e-02	-1.390115035207648120e+00
1.059999999999999961e-03	-9.114216051603618585e-02	-1.377908003957648120e+00
1.069999999999999988e-03	-9.158161364103618862e-02	-1.385232222707648120e+00
1.080000000000000014e-03	-9.148395739103619417e-02	-1.374245894582648120e+00
1.090000000000000040e-03	-9.187458239103618585e-02	-1.381570113332648120e+00
1.100000000000000066e-03	-9.177692614103619140e-02	-1.369363082082648120e+00
1.110000000000000092e-03	-9.216755114103619695e-02	-1.376687300832648120e+00
1.119999999999999902e-03	-9.202106676603619140e-02	-1.364480269582648120e+00
1.129999999999999928e-03	-9.241169176603619695e-02	-1.371804488332648120e+00
1.139999999999999954e-03	-9.231403551603618862e-02	-1.360818160207648120e+00
1.149999999999999981e-03	-9.265583239103619695e-02	-1.368142378957648120e+00
1.160000000000000007e-03	-9.255817614103618862e-02	-1.355935347707648120e+00
1.170000000000000033e-03	-9.289997301603619695e-02	-1.363259566457648120e+00
1.180000000000000059e-03	-9.275348864103619140e-02	-1.352273238332648120e+00
1.190000000000000085e-03	-9.309528551603618585e-02	-1.359597457082648120e+00
1.199999999999999895e-03	-9.294880114103619417e-02	-1.347390425832648120e+00
1.209999999999999921e-03	-9.324176989103619140e-02	-1.354714644582648120e+00
1.219999999999999947e-03	-9.304645739103618862e-02	-1.342507613332648120e+00
1.229999999999999974e-03	-9.338825426603619695e-02	-1.351052535207648120e+00
1.240000000000000000e-03	-9.314411364103619695e-02	-1.338845503957648120e+00
1.250000000000000026e-03	-9.343708239103619417e-02	-1.346169722707648120e+00
1.260000000000000052e-03	-9.319294176603619417e-02	-1.333962691457648120e+00
1.270000000000000078e-03	-9.348591051603619140e-02	-1.341286910207648120e+00
1.280000000000000105e-03	-9.319294176603619417e-02	-1.330300582082648120e+00
1.289999999999999914e-03	-9.348591051603619140e-02	-1.337624800832648120e+00
1.299999999999999940e-03	-9.314411364103619695e-02	-1.325417769582648120e+00
1.309999999999999967e-03	-9.343708239103619417e-02	-1.332741988332648120e+00
1.319999999999999993e-03	-9.299762926603619140e-02	-1.320534957082648120e+00
1.330000000000000019e-03	-9.329059801603618862e-02	-1.329079878957648120e+00
1.340000000000000045e-03	-9.280231676603618862e-02	-1.316872847707648120e+00
1.350000000000000071e-03	-9.314411364103619695e-02	-1.324197066457648120e+00
1.360000000000000098e-03	-9.255817614103618862e-02	-1.311990035207648120e+00
1.369999999999999907e-03	-9.289997301603619695e-02	-1.319314253957648120e+00
1.379999999999999933e-03	-9.226520739103619140e-02	-1.307107222707648120e+00
1.389999999999999960e-03	-9.265583239103619695e-02	-1.315652144582648120e+00
1.399999999999999986e-03	-9.182575426603618862e-02	-1.303445113332648120e+00
1.410000000000000012e-03	-9.231403551603618862e-02	-1.310769332082648120e+00
1.420000000000000038e-03	-9.143512926603619695e-02	-1.298562300832648120e+00
1.430000000000000064e-03	-9.192341051603619695e-02	-1.307107222707648120e+00
1.440000000000000091e-03	-9.094684801603619695e-02	-1.294900191457648120e+00
1.449999999999999900e-03	-9.148395739103619417e-02	-1.302224410207648120e+00
1.459999999999999926e-03	-9.040973864103618585e-02	-1.290017378957648120e+00
1.469999999999999953e-03	-9.094684801603619695e-02	-1.297341597707648120e+00
1.479999999999999979e-03	-8.987262926603618862e-02	-1.286355269582648120e+00
1.490000000000000005e-03	-9.045856676603619695e-02	-1.293679488332648120e+00
1.500000000000000031e-03	-8.923786364103619695e-02	-1.281472457082648120e+00
1.510000000000000057e-03	-8.987262926603618862e-02	-1.288796675832648120e+00
1.520000000000000084e-03	-8.860309801603619140e-02	-1.276589644582648120e+00
1.529999999999999893e-03	-8.923786364103619695e-02	-1.285134566457648120e+00
1.539999999999999919e-03	-8.796833239103618585e-02	-1.272927535207648120e+00
1.549999999999999946e-03	-8.860309801603619140e-02	-1.280251753957648120e+00
1.559999999999999972e-03	-8.728473864103619695e-02	-1.268044722707648120e+00
1.569999999999999998e-03	-8.796833239103618585e-02	-1.275368941457648120e+00
1.580000000000000024e-03	-8.660114489103619417e-02	-1.264382613332648120e+00
1.590000000000000050e-03	-8.728473864103619695e-02	-1.271706832082648120e+00
1.600000000000000077e-03	-8.586872301603619417e-02	-1.259499800832648120e+00
1.610000000000000103e-03	-8.660114489103619417e-02	-1.266824019582648120e+00
1.619999999999999912e-03	-8.518512926603619140e-02	-1.254616988332648120e+00
1.629999999999999939e-03	-8.586872301603619417e-02	-1.263161910207648120e+00
1.639999999999999965e-03	-8.445270739103619140e-02	-1.250954878957648120e+00
1.649999999999999991e-03	-8.518512926603619140e-02	-1.258279097707648120e+00
1.660000000000000017e-03	-8.376911364103618862e-02	-1.246072066457648120e+00
1.670000000000000043e-03	-8.445270739103619140e-02	-1.253396285207648120e+00
1.680000000000000070e-03	-8.303669176603618862e-02	-1.242409957082648120e+00
1.690000000000000096e-03	-8.376911364103618862e-02	-1.249734175832648120e+00
1.699999999999999905e-03	-8.235309801603618585e-02	-1.237527144582648120e+00
1.709999999999999932e-03	-8.303669176603618862e-02	-1.244851363332648120e+00
1.719999999999999958e-03	-8.166950426603619695e-02	-1.232644332082648120e+00
1.729999999999999984e-03	-8.235309801603618585e-02	-1.241189253957648120e+00
1.740000000000000010e-03	-8.098591051603619417e-02	-1.228982222707648120e+00
1.750000000000000036e-03	-8.166950426603619695e-02	-1.236306441457648120e+00
1.760000000000000063e-03	-8.030231676603619140e-02	-1.224099410207648120e+00
1.770000000000000089e-03	-8.098591051603619417e-02	-1.231423628957648120e+00
1.779999999999999898e-03	-7.961872301603618862e-02	-1.219216597707648120e+00
1.789999999999999925e-03	-8.030231676603619140e-02	-1.227761519582648120e+00
1.799999999999999951e-03	-7.898395739103619695e-02	-1.215554488332648120e+00
1.809999999999999977e-03	-7.961872301603618862e-02	-1.222878707082648120e+00
1.820000000000000003e-03	-7.834919176603619140e-02	-1.210671675832648120e+00
1.830000000000000029e-03	-7.898395739103619695e-02	-1.217995894582648120e+00
1.840000000000000056e-03	-7.771442614103618585e-02	-1.205788863332648120e+00
1.850000000000000082e-03	-7.834919176603619140e-02	-1.214333785207648120e+00
1.860000000000000108e-03	-7.712848864103619140e-02	-1.202126753957648120e+00
1.869999999999999917e-03	-7.776325426603619695e-02	-1.209450972707648120e+00
1.879999999999999944e-03	-7.654255114103619695e-02	-1.198464644582648120e+00
1.889999999999999970e-03	-7.717731676603618862e-02	-1.205788863332648120e+00
1.899999999999999996e-03	-7.600544176603618585e-02	-1.193581832082648120e+00
1.910000000000000022e-03	-7.659137926603619417e-02	-1.200906050832648120e+00
1.920000000000000049e-03	-7.541950426603619140e-02	-1.188699019582648120e+00
1.930000000000000075e-03	-7.600544176603618585e-02	-1.196023238332648120e+00
1.940000000000000101e-03	-7.493122301603619140e-02	-1.183816207082648120e+00
1.949999999999999910e-03	-7.546833239103618862e-02	-1.192361128957648120e+00
1.959999999999999937e-03	-7.444294176603619140e-02	-1.180154097707648120e+00
1.969999999999999963e-03	-7.498005114103618862e-02	-1.187478316457648120e+00
1.979999999999999989e-03	-7.395466051603619140e-02	-1.175271285207648120e+00
1.990000000000000015e-03	-7.449176989103618862e-02	-1.182595503957648120e+00
2.000000000000000042e-03	-7.351520739103618862e-02	-1.171609175832648120e+00
2.010000000000000068e-03	-7.400348864103618862e-02	-1.178933394582648120e+00
2.020000000000000094e-03	-7.307575426603618585e-02	-1.166726363332648120e+00
2.030000000000000120e-03	-7.356403551603618585e-02	-1.174050582082648120e+00
2.040000000000000147e-03	-7.268512926603619417e-02	-1.163064253957648120e+00
2.050000000000000173e-03	-7.312458239103618307e-02	-1.170388472707648120e+00
2.060000000000000199e-03	-7.229450426603618862e-02	-1.158181441457648120e+00
2.069999999999999792e-03	-7.273395739103619140e-02	-1.165505660207648120e+00
2.079999999999999818e-03	-7.190387926603618307e-02	-1.153298628957648120e+00
2.089999999999999844e-03	-7.234333239103618585e-02	-1.160622847707648120e+00
2.099999999999999870e-03	-7.156208239103618862e-02	-1.149636519582648120e+00
2.109999999999999896e-03	-7.200153551603619140e-02	-1.156960738332648120e+00
2.119999999999999923e-03	-7.122028551603619417e-02	-1.144753707082648120e+00
2.129999999999999949e-03	-7.161091051603618585e-02	-1.152077925832648120e+00
2.139999999999999975e-03	-7.087848864103618585e-02	-1.139870894582648120e+00
2.150000000000000001e-03	-7.131794176603618862e-02	-1.148415816457648120e+00
2.160000000000000028e-03	-7.058551989103618862e-02	-1.136208785207648120e+00
2.170000000000000054e-03	-7.097614489103619417e-02	-1.143533003957648120e+00
2.180000000000000080e-03	-7.029255114103619140e-02	-1.131325972707648120e+00
2.190000000000000106e-03	-7.068317614103618307e-02	-1.138650191457648120e+00
2.200000000000000133e-03	-6.999958239103619417e-02	-1.126443160207648120e+00
2.210000000000000159e-03	-7.039020739103618585e-02	-1.134988082082648120e+00
2.220000000000000185e-03	-6.970661364103618307e-02	-1.122781050832648120e+00
2.230000000000000211e-03	-7.014606676603618585e-02	-1.130105269582648120e+00
2.239999999999999804e-03	-6.946247301603618307e-02	-1.117898238332648120e+00
2.249999999999999830e-03	-6.985309801603618862e-02	-1.125222457082648120e+00
2.259999999999999856e-03	-6.921833239103618307e-02	-1.114236128957648120e+00
2.269999999999999882e-03	-6.960895739103618862e-02	-1.121560347707648120e+00
2.279999999999999909e-03	-6.897419176603618307e-02	-1.109353316457648120e+00
2.289999999999999935e-03	-6.936481676603618862e-02	-1.117898238332648120e+00
2.299999999999999961e-03	-6.873005114103618307e-02	-1.104470503957648120e+00
2.309999999999999987e-03	-6.912067614103618862e-02	-1.113015425832648120e+00
2.320000000000000014e-03	-6.853473864103619417e-02	-1.100808394582648120e+00
2.330000000000000040e-03	-6.892536364103618585e-02	-1.108132613332648120e+00
2.340000000000000066e-03	-6.829059801603619417e-02	-1.097146285207648120e+00
2.350000000000000092e-03	-6.868122301603618585e-02	-1.103249800832648120e+00
2.360000000000000119e-03	-6.809528551603619140e-02	-1.092263472707648120e+00
2.370000000000000145e-03	-6.843708239103618585e-02	-1.099587691457648120e+00
2.380000000000000171e-03	-6.789997301603618862e-02	-1.087380660207648120e+00
2.390000000000000197e-03	-6.824176989103618307e-02	-1.094704878957648120e+00
2.399999999999999790e-03	-6.765583239103618862e-02	-1.083718550832648120e+00
2.409999999999999816e-03	-6.804645739103619417e-02	-1.091042769582648120e+00
2.419999999999999842e-03	-6.746051989103618585e-02	-1.078835738332648120e+00
2.429999999999999868e-03	-6.785114489103619140e-02	-1.086159957082648120e+00
2.439999999999999895e-03	-6.726520739103618307e-02	-1.073952925832648120e+00
2.449999999999999921e-03	-6.765583239103618862e-02	-1.081277144582648120e+00
2.459999999999999947e-03	-6.706989489103619417e-02	-1.070290816457648120e+00
2.469999999999999973e-03	-6.741169176603618862e-02	-1.077615035207648120e+00
2.480000000000000000e-03	-6.682575426603619417e-02	-1.065408003957648120e+00
2.490000000000000026e-03	-6.721637926603618585e-02	-1.072732222707648120e+00
2.500000000000000052e-03	-6.663044176603619140e-02	-1.061745894582648120e+00
2.510000000000000078e-03	-6.702106676603618307e-02	-1.069070113332648120e+00
2.520000000000000104e-03	-6.643512926603618862e-02	-1.056863082082648120e+00
2.530000000000000131e-03	-6.677692614103618307e-02	-1.064187300832648120e+00
2.540000000000000157e-03	-6.619098864103618862e-02	-1.051980269582648120e+00
2.550000000000000183e-03	-6.658161364103619417e-02	-1.059304488332648120e+00
2.560000000000000209e-03	-6.594684801603618862e-02	-1.048318160207648120e+00
2.569999999999999802e-03	-6.633747301603619417e-02	-1.055642378957648120e+00
2.579999999999999828e-03	-6.575153551603618585e-02	-1.043435347707648120e+00
2.589999999999999854e-03	-6.614216051603619140e-02	-1.051980269582648120e+00
2.599999999999999881e-03	-6.550739489103618585e-02	-1.039773238332648120e+00
2.609999999999999907e-03	-6.589801989103619140e-02	-1.047097457082648120e+00
2.619999999999999933e-03	-6.526325426603618585e-02	-1.034890425832648120e+00
2.629999999999999959e-03	-6.565387926603619140e-02	-1.042214644582648120e+00
2.639999999999999986e-03	-6.497028551603618862e-02	-1.031228316457648120e+00
2.650000000000000012e-03	-6.540973864103619140e-02	-1.038552535207648120e+00
2.660000000000000038e-03	-6.472614489103618862e-02	-1.026345503957648120e+00
2.670000000000000064e-03	-6.511676989103619417e-02	-1.033669722707648120e+00
2.680000000000000090e-03	-6.443317614103619140e-02	-1.022683394582648120e+00
2.690000000000000117e-03	-6.487262926603619417e-02	-1.030007613332648120e+00
2.700000000000000143e-03	-6.414020739103619417e-02	-1.017800582082648120e+00
2.710000000000000169e-03	-6.457966051603618307e-02	-1.025124800832648120e+00
2.720000000000000195e-03	-6.384723864103618307e-02	-1.014138472707648120e+00
2.729999999999999788e-03	-6.428669176603618585e-02	-1.021462691457648120e+00
2.739999999999999814e-03	-6.355426989103618585e-02	-1.009255660207648120e+00
2.749999999999999840e-03	-6.394489489103619140e-02	-1.016579878957648120e+00
2.759999999999999867e-03	-6.321247301603619140e-02	-1.004372847707648120e+00
2.769999999999999893e-03	-6.365192614103619417e-02	-1.011697066457648120e+00
2.779999999999999919e-03	-6.287067614103618307e-02	-9.994900352076480088e-01
2.789999999999999945e-03	-6.331012926603618585e-02	-1.008034957082648120e+00
2.799999999999999972e-03	-6.252887926603618862e-02	-9.958279258326480088e-01
2.809999999999999998e-03	-6.291950426603619417e-02	-1.003152144582648120e+00
2.820000000000000024e-03	-6.213825426603619001e-02	-9.909451133326480088e-01
2.830000000000000050e-03	-6.257770739103618585e-02	-9.994900352076480088e-01
2.840000000000000076e-03	-6.174762926603619140e-02	-9.872830039576480088e-01
2.850000000000000103e-03	-6.223591051603619140e-02	-9.946072227076480088e-01
2.860000000000000129e-03	-6.135700426603618585e-02	-9.824001914576480088e-01
2.870000000000000155e-03	-6.184528551603618585e-02	-9.897244102076480088e-01
2.880000000000000181e-03	-6.101520739103619140e-02	-9.787380820826480088e-01
2.890000000000000208e-03	-6.145466051603618723e-02	-9.860623008326480088e-01
2.899999999999999800e-03	-6.062458239103618585e-02	-9.738552695826480088e-01
2.909999999999999826e-03	-6.111286364103618585e-02	-9.811794883326480088e-01
2.919999999999999853e-03	-6.023395739103618723e-02	-9.689724570826480088e-01
2.929999999999999879e-03	-6.072223864103618723e-02	-9.762966758326480088e-01
2.939999999999999905e-03	-5.984333239103618862e-02	-9.653103477076480088e-01
2.949999999999999931e-03	-6.033161364103618862e-02	-9.726345664576480088e-01
2.959999999999999958e-03	-5.945270739103619001e-02	-9.604275352076480088e-01
2.969999999999999984e-03	-5.994098864103619001e-02	-9.677517539576480088e-01
2.980000000000000010e-03	-5.906208239103619140e-02	-9.555447227076480088e-01
2.990000000000000036e-03	-5.950153551603618723e-02	-9.640896445826480088e-01
3.000000000000000062e-03	-5.867145739103618585e-02	-9.518826133326480088e-01
3.010000000000000089e-03	-5.915973864103618585e-02	-9.592068320826480088e-01
3.020000000000000115e-03	-5.828083239103618723e-02	-9.469998008326480088e-01
3.030000000000000141e-03	-5.872028551603619001e-02	-9.543240195826480088e-01
3.040000000000000167e-03	-5.789020739103618862e-02	-9.433376914576480088e-01
3.050000000000000194e-03	-5.832966051603619140e-02	-9.506619102076480088e-01
3.059999999999999786e-03	-5.745075426603618585e-02	-9.384548789576480088e-01
3.069999999999999812e-03	-5.793903551603618585e-02	-9.457790977076480088e-01
3.079999999999999839e-03	-5.706012926603618723e-02	-9.347927695826480088e-01
3.089999999999999865e-03	-5.754841051603618723e-02	-9.421169883326480088e-01
3.099999999999999891e-03	-5.666950426603618862e-02	-9.299099570826480088e-01
3.109999999999999917e-03	-5.715778551603618862e-02	-9.372341758326480088e-01
3.119999999999999944e-03	-5.627887926603619001e-02	-9.250271445826480088e-01
3.129999999999999970e-03	-5.676716051603619001e-02	-9.323513633326480088e-01
3.139999999999999996e-03	-5.588825426603619140e-02	-9.213650352076480088e-01
3.150000000000000022e-03	-5.632770739103618723e-02	-9.286892539576480088e-01
3.160000000000000048e-03	-5.544880114103618862e-02	-9.164822227076480088e-01
3.170000000000000075e-03	-5.593708239103618862e-02	-9.238064414576480088e-01
3.180000000000000101e-03	-5.505817614103619001e-02	-9.115994102076480088e-01
3.190000000000000127e-03	-5.554645739103619001e-02	-9.201443320826480088e-01
3.200000000000000153e-03	-5.466755114103619140e-02	-9.079373008326480088e-01
3.210000000000000180e-03	-5.515583239103619140e-02	-9.152615195826480088e-01
3.220000000000000206e-03	-5.427692614103618585e-02	-9.030544883326480088e-01
3.229999999999999798e-03	-5.476520739103618585e-02	-9.115994102076480088e-01
3.239999999999999825e-03	-5.388630114103618723e-02	-8.993923789576480088e-01
3.249999999999999851e-03	-5.437458239103618723e-02	-9.067165977076480088e-01
3.259999999999999877e-03	-5.354450426603618585e-02	-8.945095664576480088e-01
3.269999999999999903e-03	-5.398395739103618862e-02	-9.018337852076480088e-01
3.279999999999999930e-03	-5.315387926603618723e-02	-8.908474570826480088e-01
3.289999999999999956e-03	-5.359333239103619001e-02	-8.981716758326480088e-01
3.299999999999999982e-03	-5.281208239103618585e-02	-8.859646445826480088e-01
3.310000000000000008e-03	-5.325153551603618862e-02	-8.932888633326480088e-01
3.320000000000000034e-03	-5.242145739103618723e-02	-8.810818320826480088e-01
3.330000000000000061e-03	-5.290973864103618723e-02	-8.884060508326480088e-01
3.340000000000000087e-03	-5.212848864103619001e-02	-8.774197227076480088e-01
3.350000000000000113e-03	-5.256794176603618585e-02	-8.847439414576480088e-01
3.360000000000000139e-03	-5.178669176603618862e-02	-8.725369102076480088e-01
3.370000000000000166e-03	-5.222614489103619140e-02	-8.798611289576480088e-01
3.380000000000000192e-03	-5.144489489103618723e-02	-8.688748008326480088e-01
3.389999999999999784e-03	-5.188434801603619001e-02	-8.761990195826480088e-01
3.399999999999999811e-03	-5.115192614103619001e-02	-8.639919883326480088e-01
3.409999999999999837e-03	-5.154255114103618862e-02	-8.713162070826480088e-01
3.419999999999999863e-03	-5.081012926603618862e-02	-8.591091758326480088e-01
3.429999999999999889e-03	-5.124958239103619140e-02	-8.676540977076480088e-01
3.439999999999999915e-03	-5.051716051603619140e-02	-8.554470664576480088e-01
3.449999999999999942e-03	-5.090778551603619001e-02	-8.627712852076480088e-01
3.459999999999999968e-03	-5.022419176603618723e-02	-8.505642539576480088e-01
3.469999999999999994e-03	-5.061481676603618585e-02	-8.578884727076480088e-01
3.480000000000000020e-03	-4.988239489103618585e-02	-8.469021445826480088e-01
3.490000000000000047e-03	-5.032184801603618862e-02	-8.542263633326480088e-01
3.500000000000000073e-03	-4.958942614103618862e-02	-8.420193320826480088e-01
3.510000000000000099e-03	-4.998005114103618723e-02	-8.493435508326480088e-01
3.520000000000000125e-03	-4.929645739103619140e-02	-8.371365195826480088e-01
3.530000000000000152e-03	-4.968708239103619001e-02	-8.444607383326480088e-01
3.540000000000000178e-03	-4.895466051603619001e-02	-8.334744102076480088e-01
3.550000000000000204e-03	-4.939411364103618585e-02	-8.407986289576480088e-01
3.559999999999999797e-03	-4.866169176603618585e-02	-8.285915977076480088e-01
3.569999999999999823e-03	-4.910114489103618862e-02	-8.359158164576480088e-01
3.579999999999999849e-03	-4.836872301603618862e-02	-8.249294883326480088e-01
3.589999999999999875e-03	-4.875934801603618723e-02	-8.322537070826480088e-01
3.599999999999999901e-03	-4.802692614103618723e-02	-8.200466758326480088e-01
3.609999999999999928e-03	-4.846637926603619001e-02	-8.273708945826480088e-01
3.619999999999999954e-03	-4.773395739103619001e-02	-8.163845664576480088e-01
3.629999999999999980e-03	-4.812458239103618862e-02	-8.237087852076480088e-01
3.640000000000000006e-03	-4.744098864103618585e-02	-8.115017539576480088e-01
3.650000000000000033e-03	-4.783161364103619140e-02	-8.188259727076480088e-01
3.660000000000000059e-03	-4.714801989103618862e-02	-8.078396445826480088e-01
3.670000000000000085e-03	-4.753864489103618723e-02	-8.139431602076480088e-01
3.680000000000000111e-03	-4.685505114103619140e-02	-8.029568320826480088e-01
3.690000000000000138e-03	-4.724567614103619001e-02	-8.102810508326480088e-01
3.700000000000000164e-03	-4.656208239103618723e-02	-7.980740195826480088e-01
3.710000000000000190e-03	-4.695270739103618585e-02	-8.053982383326480088e-01
3.720000000000000216e-03	-4.626911364103619001e-02	-7.944119102076480088e-01
3.729999999999999809e-03	-4.665973864103618862e-02	-8.017361289576480088e-01
3.739999999999999835e-03	-4.597614489103618585e-02	-7.895290977076480088e-01
3.749999999999999861e-03	-4.636676989103619140e-02	-7.968533164576480088e-01
3.759999999999999887e-03	-4.573200426603618585e-02	-7.858669883326480088e-01
3.769999999999999914e-03	-4.612262926603619140e-02	-7.931912070826480088e-01
3.779999999999999940e-03	-4.543903551603618862e-02	-7.809841758326480088e-01
3.789999999999999966e-03	-4.582966051603618723e-02	-7.883083945826480088e-01
3.799999999999999992e-03	-4.519489489103618862e-02	-7.761013633326480088e-01
3.810000000000000019e-03	-4.558551989103618723e-02	-7.846462852076480088e-01
3.820000000000000045e-03	-4.490192614103619140e-02	-7.724392539576480088e-01
3.830000000000000071e-03	-4.534137926603618723e-02	-7.797634727076480088e-01
3.840000000000000097e-03	-4.465778551603619140e-02	-7.675564414576480088e-01
3.850000000000000124e-03	-4.504841051603619001e-02	-7.748806602076480088e-01
3.860000000000000150e-03	-4.441364489103619140e-02	-7.626736289576480088e-01
3.870000000000000176e-03	-4.480426989103619001e-02	-7.712185508326480088e-01
3.880000000000000202e-03	-4.416950426603619140e-02	-7.590115195826480088e-01
3.889999999999999795e-03	-4.456012926603619001e-02	-7.663357383326480088e-01
3.899999999999999821e-03	-4.392536364103619140e-02	-7.553494102076480088e-01
3.910000000000000281e-03	-4.431598864103619001e-02	-7.626736289576480088e-01
3.919999999999999873e-03	-4.363239489103618723e-02	-7.504665977076480088e-01
3.930000000000000333e-03	-4.402301989103618585e-02	-7.577908164576480088e-01
3.939999999999999926e-03	-4.343708239103619140e-02	-7.455837852076480088e-01
3.950000000000000386e-03	-4.377887926603618585e-02	-7.529080039576480088e-01
3.959999999999999978e-03	-4.314411364103618723e-02	-7.419216758326480088e-01
3.969999999999999571e-03	-4.353473864103618585e-02	-7.492458945826480088e-01
3.980000000000000031e-03	-4.289997301603618723e-02	-7.370388633326480088e-01
3.989999999999999623e-03	-4.329059801603618585e-02	-7.443630820826480088e-01
4.000000000000000083e-03	-4.265583239103618723e-02	-7.333767539576480088e-01
4.009999999999999676e-03	-4.299762926603618862e-02	-7.407009727076480088e-01
4.020000000000000136e-03	-4.236286364103619001e-02	-7.284939414576480088e-01
4.029999999999999728e-03	-4.275348864103618862e-02	-7.358181602076480088e-01
4.040000000000000188e-03	-4.211872301603619001e-02	-7.236111289576480088e-01
4.049999999999999781e-03	-4.250934801603618862e-02	-7.309353477076480088e-01
4.060000000000000241e-03	-4.187458239103619001e-02	-7.199490195826480088e-01
4.069999999999999833e-03	-4.226520739103618862e-02	-7.272732383326480088e-01
4.080000000000000293e-03	-4.158161364103618585e-02	-7.150662070826480088e-01
4.089999999999999886e-03	-4.197223864103619140e-02	-7.223904258326480088e-01
4.100000000000000346e-03	-4.133747301603618585e-02	-7.114040977076480088e-01
4.109999999999999938e-03	-4.172809801603619140e-02	-7.187283164576480088e-01
4.120000000000000398e-03	-4.104450426603618862e-02	-7.065212852076480088e-01
4.129999999999999991e-03	-4.143512926603618723e-02	-7.138455039576480088e-01
4.139999999999999583e-03	-4.075153551603619140e-02	-7.028591758326480088e-01
4.150000000000000043e-03	-4.119098864103618723e-02	-7.101833945826480088e-01
4.159999999999999636e-03	-4.050739489103619140e-02	-6.979763633326480088e-01
4.170000000000000095e-03	-4.089801989103619001e-02	-7.053005820826480088e-01
4.179999999999999688e-03	-4.021442614103618723e-02	-6.930935508326480088e-01
4.190000000000000148e-03	-4.060505114103618585e-02	-7.004177695826480088e-01
4.199999999999999740e-03	-3.992145739103619001e-02	-6.894314414576480088e-01
4.210000000000000200e-03	-4.031208239103618862e-02	-6.967556602076480088e-01
4.219999999999999793e-03	-3.962848864103618585e-02	-6.845486289576480088e-01
4.230000000000000253e-03	-4.001911364103619140e-02	-6.918728477076480088e-01
4.239999999999999845e-03	-3.933551989103618862e-02	-6.808865195826480088e-01
4.250000000000000305e-03	-3.972614489103618723e-02	-6.882107383326480088e-01
4.259999999999999898e-03	-3.904255114103619140e-02	-6.760037070826480088e-01
4.270000000000000358e-03	-3.943317614103619001e-02	-6.833279258326480088e-01
4.279999999999999950e-03	-3.870075426603619001e-02	-6.723415977076480088e-01
4.290000000000000410e-03	-3.914020739103618585e-02	-6.796658164576480088e-01
4.300000000000000003e-03	-3.840778551603618585e-02	-6.674587852076480088e-01
4.309999999999999595e-03	-3.884723864103618862e-02	-6.747830039576480088e-01
4.320000000000000055e-03	-3.811481676603618862e-02	-6.637966758326480088e-01
4.329999999999999648e-03	-3.850544176603618723e-02	-6.699001914576480088e-01
4.340000000000000108e-03	-3.777301989103618723e-02	-6.589138633326480088e-01
4.349999999999999700e-03	-3.821247301603619001e-02	-6.662380820826480088e-01
4.360000000000000160e-03	-3.748005114103619001e-02	-6.540310508326480088e-01
4.369999999999999753e-03	-3.787067614103618862e-02	-6.613552695826480088e-01
4.380000000000000213e-03	-3.713825426603618862e-02	-6.491482383326480088e-01
4.389999999999999805e-03	-3.757770739103619140e-02	-6.576931602076480088e-01
4.400000000000000265e-03	-3.684528551603618446e-02	-6.454861289576480088e-01
4.409999999999999858e-03	-3.723591051603619001e-02	-6.528103477076480088e-01
4.420000000000000318e-03	-3.650348864103619001e-02	-6.418240195826480088e-01
4.429999999999999910e-03	-3.694294176603618585e-02	-6.491482383326480088e-01
4.440000000000000370e-03	-3.621051989103618585e-02	-6.369412070826480088e-01
4.449999999999999963e-03	-3.664997301603618862e-02	-6.442654258326480088e-01
4.460000000000000422e-03	-3.591755114103618862e-02	-6.320583945826480088e-01
4.470000000000000015e-03	-3.630817614103618723e-02	-6.406033164576480088e-01
4.479999999999999608e-03	-3.557575426603618723e-02	-6.283962852076480088e-01
4.490000000000000067e-03	-3.601520739103619001e-02	-6.357205039576480088e-01
4.499999999999999660e-03	-3.528278551603619001e-02	-6.235134727076480088e-01
4.510000000000000120e-03	-3.567341051603618862e-02	-6.308376914576480088e-01
4.519999999999999712e-03	-3.494098864103618862e-02	-6.198513633326480088e-01
4.530000000000000172e-03	-3.538044176603618446e-02	-6.271755820826480088e-01
4.539999999999999765e-03	-3.464801989103618446e-02	-6.149685508326480088e-01
4.550000000000000225e-03	-3.508747301603618723e-02	-6.222927695826480088e-01
4.559999999999999817e-03	-3.435505114103618723e-02	-6.113064414576480088e-01
4.570000000000000277e-03	-3.479450426603619001e-02	-6.186306602076480088e-01
4.579999999999999870e-03	-3.406208239103619001e-02	-6.064236289576480088e-01
4.590000000000000330e-03	-3.445270739103618862e-02	-6.137478477076480088e-01
4.599999999999999922e-03	-3.372028551603618862e-02	-6.015408164576480088e-01
4.610000000000000382e-03	-3.415973864103618446e-02	-6.100857383326480088e-01
4.619999999999999975e-03	-3.337848864103618723e-02	-5.978787070826480088e-01
4.629999999999999567e-03	-3.381794176603619001e-02	-6.052029258326480088e-01
4.640000000000000027e-03	-3.308551989103619001e-02	-5.929958945826480088e-01
4.649999999999999620e-03	-3.352497301603618585e-02	-6.003201133326480088e-01
4.660000000000000080e-03	-3.274372301603618862e-02	-5.893337852076480088e-01
4.669999999999999672e-03	-3.318317614103618446e-02	-5.966580039576480088e-01
4.680000000000000132e-03	-3.240192614103618723e-02	-5.844509727076480088e-01
4.689999999999999725e-03	-3.284137926603619001e-02	-5.917751914576480088e-01
4.700000000000000185e-03	-3.206012926603618585e-02	-5.807888633326480088e-01
4.709999999999999777e-03	-3.249958239103618862e-02	-5.881130820826480088e-01
4.720000000000000237e-03	-3.176716051603618862e-02	-5.759060508326480088e-01
4.729999999999999830e-03	-3.215778551603618723e-02	-5.832302695826480088e-01
4.740000000000000289e-03	-3.142536364103618723e-02	-5.722439414576480088e-01
4.749999999999999882e-03	-3.186481676603619001e-02	-5.795681602076480088e-01
4.760000000000000342e-03	-3.103473864103618862e-02	-5.673611289576480088e-01
4.769999999999999934e-03	-3.152301989103618862e-02	-5.746853477076480088e-01
4.780000000000000394e-03	-3.074176989103618793e-02	-5.636990195826480088e-01
4.789999999999999987e-03	-3.113239489103618654e-02	-5.698025352076480088e-01
4.799999999999999580e-03	-3.035114489103618585e-02	-5.588162070826480088e-01
4.810000000000000039e-03	-3.079059801603618862e-02	-5.661404258326480088e-01
4.819999999999999632e-03	-3.000934801603618793e-02	-5.551540977076480088e-01
4.830000000000000092e-03	-3.044880114103618723e-02	-5.612576133326480088e-01
4.839999999999999684e-03	-2.966755114103618654e-02	-5.502712852076480088e-01
4.850000000000000144e-03	-3.010700426603618585e-02	-5.575955039576480088e-01
4.859999999999999737e-03	-2.932575426603618862e-02	-5.466091758326480088e-01
4.870000000000000197e-03	-2.976520739103618793e-02	-5.527126914576480088e-01
4.879999999999999789e-03	-2.903278551603618793e-02	-5.417263633326480088e-01
4.890000000000000249e-03	-2.942341051603618654e-02	-5.490505820826480088e-01
4.899999999999999842e-03	-2.869098864103618654e-02	-5.380642539576480088e-01
4.910000000000000302e-03	-2.908161364103618862e-02	-5.453884727076480088e-01
4.919999999999999894e-03	-2.834919176603618862e-02	-5.331814414576480088e-01
4.930000000000000354e-03	-2.878864489103618793e-02	-5.405056602076480088e-01
4.939999999999999947e-03	-2.800739489103618723e-02	-5.282986289576480088e-01
4.950000000000000407e-03	-2.844684801603618654e-02	-5.368435508326480088e-01
4.959999999999999999e-03	-2.766559801603618585e-02	-5.246365195826480088e-01
4.969999999999999592e-03	-2.810505114103618862e-02	-5.319607383326480088e-01
4.980000000000000052e-03	-2.732380114103618793e-02	-5.197537070826480088e-01
4.989999999999999644e-03	-2.776325426603618723e-02	-5.270779258326480088e-01
5.000000000000000104e-03	-2.698200426603618654e-02	-5.160915977076480088e-01
5.009999999999999697e-03	-2.742145739103618585e-02	-5.234158164576480088e-01
5.020000000000000157e-03	-2.664020739103618862e-02	-5.112087852076480088e-01
5.029999999999999749e-03	-2.707966051603618793e-02	-5.185330039576480088e-01
5.040000000000000209e-03	-2.629841051603618723e-02	-5.075466758326480088e-01
5.049999999999999802e-03	-2.673786364103618654e-02	-5.148708945826480088e-01
5.060000000000000261e-03	-2.595661364103618585e-02	-5.026638633326480088e-01
5.069999999999999854e-03	-2.639606676603618862e-02	-5.099880820826480088e-01
5.080000000000000314e-03	-2.561481676603618793e-02	-4.990017539576480088e-01
5.089999999999999906e-03	-2.605426989103618723e-02	-5.063259727076480088e-01
5.100000000000000366e-03	-2.527301989103618654e-02	-4.941189414576480088e-01
5.109999999999999959e-03	-2.566364489103618862e-02	-5.014431602076480088e-01
5.120000000000000419e-03	-2.493122301603618515e-02	-4.904568320826480088e-01
5.130000000000000011e-03	-2.532184801603618723e-02	-4.977810508326480088e-01
5.139999999999999604e-03	-2.458942614103618376e-02	-4.855740195826480088e-01
5.150000000000000064e-03	-2.502887926603618654e-02	-4.928982383326480088e-01
5.159999999999999656e-03	-2.424762926603618585e-02	-4.819119102076480088e-01
5.170000000000000116e-03	-2.468708239103618515e-02	-4.892361289576480088e-01
5.179999999999999709e-03	-2.390583239103618446e-02	-4.770290977076480088e-01
5.190000000000000169e-03	-2.434528551603618376e-02	-4.843533164576480088e-01
5.199999999999999761e-03	-2.356403551603618307e-02	-4.733669883326480088e-01
5.210000000000000221e-03	-2.400348864103618585e-02	-4.794705039576480088e-01
5.219999999999999814e-03	-2.322223864103618515e-02	-4.684841758326480088e-01
5.230000000000000274e-03	-2.366169176603618446e-02	-4.758083945826480088e-01
5.239999999999999866e-03	-2.292926989103618446e-02	-4.636013633326480088e-01
5.250000000000000326e-03	-2.336872301603618376e-02	-4.709255820826480088e-01
5.259999999999999919e-03	-2.263630114103618376e-02	-4.599392539576480088e-01
5.270000000000000379e-03	-2.302692614103618585e-02	-4.672634727076480088e-01
5.279999999999999971e-03	-2.234333239103618307e-02	-4.562771445826480088e-01
5.290000000000000431e-03	-2.273395739103618515e-02	-4.636013633326480088e-01
5.300000000000000024e-03	-2.200153551603618515e-02	-4.513943320826480088e-01
5.309999999999999616e-03	-2.244098864103618446e-02	-4.587185508326480088e-01
5.320000000000000076e-03	-2.170856676603618446e-02	-4.465115195826480088e-01
5.329999999999999669e-03	-2.214801989103618376e-02	-4.538357383326480088e-01
5.340000000000000129e-03	-2.141559801603618376e-02	-4.428494102076480088e-01
5.349999999999999721e-03	-2.185505114103618307e-02	-4.501736289576480088e-01
5.360000000000000181e-03	-2.112262926603618307e-02	-4.391873008326480088e-01
5.369999999999999774e-03	-2.156208239103618585e-02	-4.452908164576480088e-01
5.380000000000000233e-03	-2.087848864103618307e-02	-4.343044883326480088e-01
5.389999999999999826e-03	-2.126911364103618515e-02	-4.416287070826480088e-01
5.400000000000000286e-03	-2.058551989103618585e-02	-4.294216758326480088e-01
5.409999999999999878e-03	-2.102497301603618515e-02	-4.367458945826480088e-01
5.420000000000000338e-03	-2.034137926603618585e-02	-4.257595664576480088e-01
5.429999999999999931e-03	-2.073200426603618446e-02	-4.330837852076480088e-01
5.440000000000000391e-03	-2.004841051603618515e-02	-4.220974570826480088e-01
5.449999999999999983e-03	-2.048786364103618446e-02	-4.282009727076480088e-01
5.459999999999999576e-03	-1.980426989103618515e-02	-4.172146445826480088e-01
5.470000000000000036e-03	-2.019489489103618376e-02	-4.245388633326480088e-01
5.479999999999999628e-03	-1.951130114103618446e-02	-4.135525352076480088e-01
5.490000000000000088e-03	-1.990192614103618307e-02	-4.208767539576480088e-01
5.499999999999999681e-03	-1.926716051603618446e-02	-4.086697227076480088e-01
5.510000000000000141e-03	-1.965778551603618307e-02	-4.159939414576480088e-01
5.519999999999999733e-03	-1.897419176603618376e-02	-4.050076133326480088e-01
5.530000000000000193e-03	-1.936481676603618585e-02	-4.123318320826480088e-01
5.539999999999999786e-03	-1.868122301603618307e-02	-4.001248008326480088e-01
5.550000000000000246e-03	-1.912067614103618585e-02	-4.074490195826480088e-01
5.559999999999999838e-03	-1.843708239103618307e-02	-3.964626914576480088e-01
5.570000000000000298e-03	-1.882770739103618515e-02	-4.037869102076480088e-01
5.579999999999999891e-03	-1.814411364103618238e-02	-3.915798789576480088e-01
5.590000000000000351e-03	-1.853473864103618446e-02	-3.989040977076480088e-01
5.599999999999999943e-03	-1.785114489103618515e-02	-3.879177695826480088e-01
5.610000000000000403e-03	-1.824176989103618376e-02	-3.952419883326480088e-01
5.619999999999999996e-03	-1.755817614103618446e-02	-3.830349570826480088e-01
5.629999999999999588e-03	-1.799762926603618376e-02	-3.903591758326480088e-01
5.640000000000000048e-03	-1.726520739103618376e-02	-3.793728477076480088e-01
5.649999999999999641e-03	-1.765583239103618238e-02	-3.866970664576480088e-01
5.660000000000000100e-03	-1.697223864103618307e-02	-3.744900352076480088e-01
5.669999999999999693e-03	-1.736286364103618515e-02	-3.818142539576480088e-01
5.680000000000000153e-03	-1.667926989103618238e-02	-3.708279258326480088e-01
5.689999999999999745e-03	-1.706989489103618446e-02	-3.781521445826480088e-01
5.700000000000000205e-03	-1.638630114103618515e-02	-3.659451133326480088e-01
5.709999999999999798e-03	-1.677692614103618376e-02	-3.732693320826480088e-01
5.720000000000000258e-03	-1.609333239103618446e-02	-3.622830039576480088e-01
5.729999999999999850e-03	-1.648395739103618307e-02	-3.696072227076480088e-01
5.740000000000000310e-03	-1.580036364103618376e-02	-3.574001914576480088e-01
5.749999999999999903e-03	-1.619098864103618238e-02	-3.647244102076480088e-01
5.760000000000000363e-03	-1.550739489103618307e-02	-3.537380820826480088e-01
5.769999999999999955e-03	-1.589801989103618515e-02	-3.610623008326480088e-01
5.780000000000000415e-03	-1.516559801603618342e-02	-3.488552695826480088e-01
5.790000000000000008e-03	-1.560505114103618446e-02	-3.561794883326480088e-01
5.799999999999999600e-03	-1.487262926603618446e-02	-3.451931602076480088e-01
5.810000000000000060e-03	-1.531208239103618376e-02	-3.525173789576480088e-01
5.819999999999999653e-03	-1.457966051603618376e-02	-3.403103477076480088e-01
5.830000000000000113e-03	-1.497028551603618411e-02	-3.476345664576480088e-01
5.839999999999999705e-03	-1.423786364103618411e-02	-3.366482383326480088e-01
5.850000000000000165e-03	-1.467731676603618342e-02	-3.439724570826480088e-01
5.859999999999999758e-03	-1.394489489103618342e-02	-3.317654258326480088e-01
5.870000000000000218e-03	-1.433551989103618376e-02	-3.390896445826480088e-01
5.879999999999999810e-03	-1.365192614103618446e-02	-3.281033164576480088e-01
5.890000000000000270e-03	-1.404255114103618307e-02	-3.354275352076480088e-01
5.899999999999999863e-03	-1.331012926603618307e-02	-3.232205039576480088e-01
5.910000000000000323e-03	-1.374958239103618411e-02	-3.305447227076480088e-01
5.919999999999999915e-03	-1.296833239103618342e-02	-3.195583945826480088e-01
5.930000000000000375e-03	-1.340778551603618446e-02	-3.268826133326480088e-01
5.939999999999999968e-03	-1.267536364103618446e-02	-3.146755820826480088e-01
5.950000000000000427e-03	-1.306598864103618307e-02	-3.219998008326480088e-01
5.960000000000000020e-03	-1.233356676603618481e-02	-3.110134727076480643e-01
5.969999999999999613e-03	-1.277301989103618411e-02	-3.183376914576480088e-01
5.980000000000000072e-03	-1.204059801603618585e-02	-3.061306602076480643e-01
5.989999999999999665e-03	-1.243122301603618446e-02	-3.134548789576480088e-01
6.000000000000000125e-03	-1.169880114103618446e-02	-3.024685508326480643e-01
6.009999999999999717e-03	-1.213825426603618550e-02	-3.097927695826480643e-01
6.020000000000000177e-03	-1.140583239103618550e-02	-2.975857383326480643e-01
6.029999999999999770e-03	-1.179645739103618585e-02	-3.049099570826480643e-01
6.040000000000000230e-03	-1.106403551603618585e-02	-2.939236289576480643e-01
6.049999999999999822e-03	-1.150348864103618515e-02	-3.012478477076480643e-01
6.060000000000000282e-03	-1.077106676603618515e-02	-2.890408164576480643e-01
6.069999999999999875e-03	-1.116169176603618550e-02	-2.963650352076480643e-01
6.080000000000000335e-03	-1.042926989103618550e-02	-2.853787070826480643e-01
6.089999999999999927e-03	-1.086872301603618481e-02	-2.927029258326480643e-01
6.100000000000000387e-03	-1.013630114103618481e-02	-2.817165977076480643e-01
6.109999999999999980e-03	-1.057575426603618585e-02	-2.890408164576480643e-01
6.119999999999999572e-03	-9.794504266036185153e-03	-2.768337852076480643e-01
6.130000000000000032e-03	-1.023395739103618446e-02	-2.841580039576480643e-01
6.139999999999999625e-03	-9.501535516036184459e-03	-2.731716758326480643e-01
6.150000000000000085e-03	-9.940988641036185500e-03	-2.804958945826480643e-01
6.159999999999999677e-03	-9.208566766036185500e-03	-2.682888633326480643e-01
6.170000000000000137e-03	-9.648019891036184806e-03	-2.756130820826480643e-01
6.179999999999999730e-03	-8.915598016036184806e-03	-2.646267539576480643e-01
6.190000000000000190e-03	-9.306223016036185153e-03	-2.719509727076480643e-01
6.199999999999999782e-03	-8.622629266036184112e-03	-2.597439414576480643e-01
6.210000000000000242e-03	-9.013254266036184459e-03	-2.670681602076480643e-01
6.219999999999999835e-03	-8.329660516036185153e-03	-2.560818320826480643e-01
6.230000000000000294e-03	-8.720285516036185500e-03	-2.634060508326480643e-01
6.239999999999999887e-03	-8.036691766036184459e-03	-2.511990195826480643e-01
6.250000000000000347e-03	-8.427316766036184806e-03	-2.585232383326480643e-01
6.259999999999999939e-03	-7.743723016036184632e-03	-2.475369102076480365e-01
6.270000000000000399e-03	-8.134348016036184112e-03	-2.548611289576480643e-01
6.279999999999999992e-03	-7.450754266036184806e-03	-2.438748008326480365e-01
6.289999999999999584e-03	-7.841379266036185153e-03	-2.499783164576480365e-01
6.300000000000000044e-03	-7.157785516036184979e-03	-2.389919883326480365e-01
6.309999999999999637e-03	-7.548410516036184459e-03	-2.463162070826480365e-01
6.320000000000000097e-03	-6.864816766036185153e-03	-2.353298789576480365e-01
6.329999999999999689e-03	-7.304269891036184459e-03	-2.426540977076480365e-01
6.340000000000000149e-03	-6.571848016036184459e-03	-2.304470664576480365e-01
6.349999999999999742e-03	-7.011301141036184632e-03	-2.377712852076480365e-01
6.360000000000000202e-03	-6.327707391036184459e-03	-2.267849570826480365e-01
6.369999999999999794e-03	-6.718332391036184806e-03	-2.341091758326480365e-01
6.380000000000000254e-03	-6.034738641036184632e-03	-2.219021445826480365e-01
6.389999999999999847e-03	-6.474191766036184806e-03	-2.292263633326480365e-01
6.400000000000000307e-03	-5.790598016036184632e-03	-2.182400352076480365e-01
6.409999999999999899e-03	-6.181223016036184979e-03	-2.255642539576480365e-01
6.420000000000000359e-03	-5.497629266036184806e-03	-2.133572227076480365e-01
6.429999999999999952e-03	-5.888254266036185153e-03	-2.206814414576480365e-01
6.440000000000000412e-03	-5.253488641036184806e-03	-2.096951133326480365e-01
6.450000000000000004e-03	-5.644113641036185153e-03	-2.170193320826480365e-01
6.459999999999999597e-03	-5.009348016036184806e-03	-2.060330039576480365e-01
6.470000000000000057e-03	-5.399973016036185153e-03	-2.121365195826480365e-01
6.479999999999999649e-03	-4.716379266036184979e-03	-2.011501914576480365e-01
6.490000000000000109e-03	-5.107004266036184459e-03	-2.084744102076480365e-01
6.499999999999999702e-03	-4.472238641036184979e-03	-1.962673789576480365e-01
6.510000000000000162e-03	-4.862863641036184459e-03	-2.035915977076480365e-01
6.519999999999999754e-03	-4.228098016036184979e-03	-1.926052695826480365e-01
6.530000000000000214e-03	-4.618723016036184459e-03	-1.999294883326480365e-01
6.539999999999999807e-03	-3.983957391036184979e-03	-1.889431602076480365e-01
6.550000000000000266e-03	-4.374582391036184459e-03	-1.962673789576480365e-01
6.559999999999999859e-03	-3.690988641036184719e-03	-1.840603477076480365e-01
6.570000000000000319e-03	-4.081613641036184632e-03	-1.913845664576480365e-01
6.579999999999999911e-03	-3.446848016036184719e-03	-1.803982383326480365e-01
6.590000000000000371e-03	-3.837473016036184632e-03	-1.877224570826480365e-01
6.599999999999999964e-03	-3.202707391036184719e-03	-1.755154258326480365e-01
6.610000000000000424e-03	-3.593332391036184632e-03	-1.828396445826480365e-01
6.620000000000000016e-03	-2.909738641036184459e-03	-1.718533164576480365e-01
6.629999999999999609e-03	-3.349191766036184632e-03	-1.791775352076480365e-01
6.640000000000000069e-03	-2.665598016036184459e-03	-1.681912070826480365e-01
6.649999999999999661e-03	-3.105051141036184199e-03	-1.742947227076480365e-01
6.660000000000000121e-03	-2.421457391036184459e-03	-1.633083945826480365e-01
6.669999999999999714e-03	-2.860910516036184199e-03	-1.706326133326480365e-01
6.680000000000000174e-03	-2.177316766036184025e-03	-1.596462852076480365e-01
6.689999999999999766e-03	-2.616769891036184199e-03	-1.669705039576480365e-01
6.700000000000000226e-03	-1.933176141036184242e-03	-1.547634727076480365e-01
6.709999999999999819e-03	-2.372629266036184199e-03	-1.620876914576480365e-01
6.720000000000000279e-03	-1.689035516036184242e-03	-1.511013633326480365e-01
6.729999999999999871e-03	-2.128488641036184199e-03	-1.584255820826480365e-01
6.740000000000000331e-03	-1.493723016036184285e-03	-1.462185508326480365e-01
6.749999999999999924e-03	-1.884348016036184199e-03	-1.535427695826480365e-01
6.760000000000000384e-03	-1.298410516036184112e-03	-1.425564414576480365e-01
6.769999999999999976e-03	-1.640207391036184199e-03	-1.498806602076480365e-01
6.779999999999999569e-03	-1.054269891036184112e-03	-1.388943320826480365e-01
6.790000000000000029e-03	-1.444894891036184242e-03	-1.449978477076480365e-01
6.799999999999999621e-03	-8.589573910361841553e-04	-1.340115195826480365e-01
6.810000000000000081e-03	-1.200754266036184242e-03	-1.413357383326480365e-01
6.819999999999999674e-03	-6.636448910361841987e-04	-1.303494102076480365e-01
6.830000000000000134e-03	-1.005441766036184069e-03	-1.376736289576480365e-01
6.839999999999999726e-03	-4.683323910361842420e-04	-1.254665977076480365e-01
6.850000000000000186e-03	-8.101292660361841119e-04	-1.327908164576480365e-01
6.859999999999999779e-03	-2.730198910361842312e-04	-1.218044883326480365e-01
6.870000000000000238e-03	-6.148167660361842637e-04	-1.291287070826480365e-01
6.879999999999999831e-03	-7.770739103618420679e-05	-1.181423789576480365e-01
6.890000000000000291e-03	-4.195042660361841987e-04	-1.254665977076480365e-01
6.899999999999999883e-03	6.877698396381580134e-05	-1.132595664576480365e-01
6.910000000000000343e-03	-2.730198910361842312e-04	-1.205837852076480365e-01
6.919999999999999936e-03	2.640894839638158122e-04	-1.095974570826480365e-01
6.930000000000000396e-03	-7.770739103618420679e-05	-1.169216758326480365e-01
6.939999999999999988e-03	4.105738589638158339e-04	-1.047146445826480365e-01
6.949999999999999581e-03	1.176051089638158041e-04	-1.120388633326480365e-01
6.960000000000000041e-03	6.058863589638158447e-04	-1.010525352076480365e-01
6.969999999999999633e-03	2.640894839638158122e-04	-1.083767539576480365e-01
6.980000000000000093e-03	7.523707339638158664e-04	-9.616972270764803654e-02
6.989999999999999686e-03	4.105738589638158339e-04	-1.047146445826480365e-01
7.000000000000000146e-03	8.988551089638158881e-04	-9.250761333264803654e-02
7.009999999999999738e-03	5.570582339638158013e-04	-9.983183208264803654e-02
7.020000000000000198e-03	1.094167608963815845e-03	-8.762480083264803654e-02
7.029999999999999791e-03	7.523707339638158664e-04	-9.494901958264803654e-02
7.040000000000000251e-03	1.289480108963816018e-03	-8.396269145764803654e-02
7.049999999999999843e-03	9.476832339638159314e-04	-9.128691020764803654e-02
7.060000000000000303e-03	1.435964483963815931e-03	-8.030058208264803654e-02
7.069999999999999896e-03	1.094167608963815845e-03	-8.762480083264803654e-02
7.080000000000000356e-03	1.631276983963815888e-03	-7.541776958264803654e-02
7.089999999999999948e-03	1.240651983963815975e-03	-8.274198833264803654e-02
7.100000000000000408e-03	1.777761358963816018e-03	-7.175566020764803654e-02
7.110000000000000001e-03	1.435964483963815931e-03	-7.907987895764803654e-02
7.119999999999999593e-03	1.924245733963815931e-03	-6.809355083264803654e-02
7.130000000000000053e-03	1.582448858963816062e-03	-7.541776958264803654e-02
7.139999999999999646e-03	2.119558233963815888e-03	-6.321073833264803654e-02
7.150000000000000105e-03	1.728933233963815975e-03	-7.053495708264803654e-02
7.159999999999999698e-03	2.266042608963815801e-03	-5.954862895764804348e-02
7.170000000000000158e-03	1.924245733963815931e-03	-6.687284770764803654e-02
7.179999999999999750e-03	2.412526983963816148e-03	-5.466581645764804348e-02
7.190000000000000210e-03	2.070730108963816062e-03	-6.199003520764804348e-02
7.199999999999999803e-03	2.559011358963816062e-03	-5.100370708264804348e-02
7.210000000000000263e-03	2.217214483963815975e-03	-5.832792583264804348e-02
7.219999999999999855e-03	2.705495733963815975e-03	-4.612089458264804348e-02
7.230000000000000315e-03	2.363698858963815888e-03	-5.344511333264804348e-02
7.239999999999999908e-03	2.851980108963815888e-03	-4.245878520764804348e-02
7.250000000000000368e-03	2.510183233963816235e-03	-4.978300395764804348e-02
7.259999999999999960e-03	2.998464483963816235e-03	-3.879667583264804348e-02
7.270000000000000420e-03	2.656667608963816148e-03	-4.612089458264804348e-02
7.280000000000000013e-03	3.144948858963815715e-03	-3.391386333264804348e-02
7.289999999999999605e-03	2.754323858963816235e-03	-4.123808208264804348e-02
7.300000000000000065e-03	3.242605108963815801e-03	-3.025175395764804348e-02
7.309999999999999658e-03	2.900808233963816148e-03	-3.757597270764804348e-02
7.320000000000000118e-03	3.389089483963815715e-03	-2.536894145764804348e-02
7.329999999999999710e-03	3.047292608963816062e-03	-3.269316020764804348e-02
7.340000000000000170e-03	3.486745733963815801e-03	-2.170683208264804348e-02
7.349999999999999763e-03	3.144948858963815715e-03	-2.903105083264804348e-02
7.360000000000000223e-03	3.633230108963815715e-03	-1.804472270764804348e-02
7.369999999999999815e-03	3.291433233963815628e-03	-2.414823833264804348e-02
7.380000000000000275e-03	3.730886358963815801e-03	-1.316191020764804348e-02
7.389999999999999868e-03	3.389089483963815715e-03	-2.048612895764804348e-02
7.400000000000000328e-03	3.877370733963815715e-03	-9.499800832648043480e-03
7.409999999999999920e-03	3.535573858963815628e-03	-1.682401958264804348e-02
7.420000000000000380e-03	3.975026983963815368e-03	-4.616988332648043480e-03
7.429999999999999973e-03	3.633230108963815715e-03	-1.194120708264804348e-02
7.440000000000000432e-03	4.072683233963815888e-03	-9.548789576480434804e-04
7.450000000000000025e-03	3.730886358963815801e-03	-8.279097707648043480e-03
7.459999999999999618e-03	4.170339483963815541e-03	3.927933542351956520e-03
7.470000000000000077e-03	3.828542608963815888e-03	-3.396285207648043480e-03
7.479999999999999670e-03	4.267995733963816062e-03	7.590042917351956520e-03
7.490000000000000130e-03	3.975026983963815368e-03	2.658241673519565196e-04
7.499999999999999722e-03	4.365651983963815715e-03	1.125215229235195652e-02
7.510000000000000182e-03	4.072683233963815888e-03	3.927933542351956520e-03
7.519999999999999775e-03	4.463308233963815368e-03	1.613496479235195652e-02
7.530000000000000235e-03	4.170339483963815541e-03	8.810746042351956520e-03
7.539999999999999827e-03	4.560964483963815888e-03	1.979707416735195652e-02
7.550000000000000287e-03	4.219167608963815368e-03	1.247285541735195652e-02
7.559999999999999880e-03	4.658620733963815541e-03	2.345918354235195652e-02
7.570000000000000340e-03	4.316823858963815888e-03	1.735566791735195652e-02
7.579999999999999932e-03	4.756276983963816062e-03	2.834199604235195652e-02
7.590000000000000392e-03	4.414480108963815541e-03	2.101777729235195652e-02
7.599999999999999985e-03	4.805105108963815888e-03	3.200410541735195652e-02
7.609999999999999577e-03	4.512136358963816062e-03	2.467988666735195652e-02
7.620000000000000037e-03	4.902761358963815541e-03	3.688691791735195652e-02
7.629999999999999630e-03	4.560964483963815888e-03	2.956269916735195652e-02
7.640000000000000090e-03	4.951589483963816235e-03	4.054902729235195652e-02
7.649999999999999682e-03	4.658620733963815541e-03	3.322480854235195652e-02
7.660000000000000142e-03	5.049245733963815888e-03	4.421113666735195652e-02
7.669999999999999735e-03	4.707448858963816235e-03	3.688691791735195652e-02
7.680000000000000195e-03	5.098073858963815715e-03	4.909394916735195652e-02
7.689999999999999787e-03	4.805105108963815888e-03	4.176973041735195652e-02
7.700000000000000247e-03	5.195730108963816235e-03	5.275605854235195652e-02
7.709999999999999840e-03	4.853933233963815715e-03	4.543183979235195652e-02
7.720000000000000299e-03	5.244558233963816062e-03	5.641816791735195652e-02
7.729999999999999892e-03	4.902761358963815541e-03	4.909394916735195652e-02
7.740000000000000352e-03	5.293386358963815888e-03	6.130098041735195652e-02
7.749999999999999944e-03	4.951589483963816235e-03	5.397676166735195652e-02
7.760000000000000404e-03	5.342214483963815715e-03	6.496308979235196346e-02
7.769999999999999997e-03	5.000417608963816062e-03	5.763887104235195652e-02
7.779999999999999589e-03	5.342214483963815715e-03	6.862519916735196346e-02
7.790000000000000049e-03	5.000417608963816062e-03	6.130098041735195652e-02
7.799999999999999642e-03	5.391042608963815541e-03	7.350801166735196346e-02
7.810000000000000102e-03	5.049245733963815888e-03	6.618379291735196346e-02
7.820000000000000562e-03	5.391042608963815541e-03	7.717012104235196346e-02
7.830000000000000154e-03	5.098073858963815715e-03	6.984590229235196346e-02
7.839999999999999747e-03	5.439870733963816235e-03	8.083223041735196346e-02
7.849999999999999339e-03	5.098073858963815715e-03	7.472871479235196346e-02
7.860000000000000667e-03	5.439870733963816235e-03	8.571504291735196346e-02
7.870000000000000259e-03	5.098073858963815715e-03	7.839082416735196346e-02
7.879999999999999852e-03	5.439870733963816235e-03	8.937715229235196346e-02
7.889999999999999444e-03	5.098073858963815715e-03	8.205293354235196346e-02
7.900000000000000772e-03	5.488698858963816062e-03	9.303926166735196346e-02
7.910000000000000364e-03	5.146901983963815541e-03	8.693574604235196346e-02
7.919999999999999957e-03	5.488698858963816062e-03	9.792207416735196346e-02
7.929999999999999549e-03	5.146901983963815541e-03	9.059785541735196346e-02
7.939999999999999142e-03	5.488698858963816062e-03	1.015841835423519635e-01
7.950000000000000469e-03	5.195730108963816235e-03	9.425996479235196346e-02
7.960000000000000062e-03	5.537526983963815888e-03	1.052462929173519635e-01
7.969999999999999654e-03	5.195730108963816235e-03	9.914277729235196346e-02
7.979999999999999247e-03	5.537526983963815888e-03	1.101291054173519635e-01
7.990000000000000574e-03	5.195730108963816235e-03	1.028048866673519635e-01
8.000000000000000167e-03	5.586355108963815715e-03	1.137912147923519635e-01
8.009999999999999759e-03	5.244558233963816062e-03	1.064669960423519635e-01
8.019999999999999352e-03	5.635183233963815541e-03	1.174533241673519635e-01
8.030000000000000679e-03	5.244558233963816062e-03	1.101291054173519635e-01
8.040000000000000271e-03	5.635183233963815541e-03	1.223361366673519635e-01
8.049999999999999864e-03	5.293386358963815888e-03	1.150119179173519635e-01
8.059999999999999457e-03	5.684011358963816235e-03	1.259982460423519635e-01
8.070000000000000784e-03	5.342214483963815715e-03	1.186740272923519635e-01
8.080000000000000376e-03	5.684011358963816235e-03	1.296603554173519635e-01
8.089999999999999969e-03	5.391042608963815541e-03	1.235568397923519635e-01
8.099999999999999561e-03	5.781667608963815888e-03	1.345431679173519635e-01
8.109999999999999154e-03	5.439870733963816235e-03	1.272189491673519635e-01
8.120000000000000481e-03	5.830495733963815715e-03	1.382052772923519635e-01
8.130000000000000074e-03	5.488698858963816062e-03	1.308810585423519635e-01
8.139999999999999666e-03	5.879323858963815541e-03	1.418673866673519635e-01
8.149999999999999259e-03	5.537526983963815888e-03	1.357638710423519635e-01
8.160000000000000586e-03	5.928151983963816235e-03	1.467501991673519635e-01
8.170000000000000179e-03	5.586355108963815715e-03	1.394259804173519635e-01
8.179999999999999771e-03	5.976980108963816062e-03	1.504123085423519635e-01
8.189999999999999364e-03	5.684011358963816235e-03	1.430880897923519635e-01
8.200000000000000691e-03	6.074636358963815715e-03	1.540744179173519635e-01
8.210000000000000284e-03	5.732839483963816062e-03	1.479709022923519635e-01
8.219999999999999876e-03	6.123464483963815541e-03	1.589572304173519635e-01
8.229999999999999469e-03	5.830495733963815715e-03	1.516330116673519635e-01
8.240000000000000796e-03	6.221120733963816062e-03	1.626193397923519635e-01
8.250000000000000389e-03	5.879323858963815541e-03	1.552951210423519635e-01
8.259999999999999981e-03	6.269948858963815888e-03	1.662814491673519635e-01
8.269999999999999574e-03	5.976980108963816062e-03	1.601779335423519635e-01
8.279999999999999166e-03	6.318776983963815715e-03	1.711642616673519635e-01
8.290000000000000493e-03	6.025808233963815888e-03	1.638400429173519635e-01
8.300000000000000086e-03	6.416433233963816235e-03	1.748263710423519635e-01
8.309999999999999679e-03	6.074636358963815715e-03	1.675021522923519635e-01
8.319999999999999271e-03	6.465261358963816062e-03	1.784884804173519635e-01
8.330000000000000598e-03	6.123464483963815541e-03	1.723849647923519635e-01
8.340000000000000191e-03	6.514089483963815888e-03	1.833712929173519635e-01
8.349999999999999784e-03	6.172292608963816235e-03	1.760470741673519635e-01
8.359999999999999376e-03	6.562917608963815715e-03	1.870334022923519635e-01
8.370000000000000703e-03	6.269948858963815888e-03	1.797091835423519635e-01
8.380000000000000296e-03	6.611745733963815541e-03	1.919162147923519635e-01
8.389999999999999888e-03	6.318776983963815715e-03	1.845919960423519635e-01
8.399999999999999481e-03	6.709401983963816062e-03	1.955783241673519635e-01
8.410000000000000808e-03	6.367605108963815541e-03	1.882541054173519635e-01
8.420000000000000401e-03	6.758230108963815888e-03	1.992404335423519635e-01
8.429999999999999993e-03	6.416433233963816235e-03	1.931369179173519635e-01
8.439999999999999586e-03	6.807058233963815715e-03	2.041232460423519635e-01
8.449999999999999178e-03	6.465261358963816062e-03	1.967990272923519635e-01
8.460000000000000506e-03	6.904714483963816235e-03	2.077853554173519635e-01
8.470000000000000098e-03	6.562917608963815715e-03	2.004611366673519635e-01
8.479999999999999691e-03	7.002370733963815888e-03	2.114474647923519635e-01
8.489999999999999283e-03	6.660573858963816235e-03	2.041232460423519635e-01
8.500000000000000611e-03	7.051198858963815715e-03	2.163302772923519635e-01
8.510000000000000203e-03	6.709401983963816062e-03	2.090060585423519635e-01
8.519999999999999796e-03	7.148855108963816235e-03	2.199923866673519635e-01
8.529999999999999388e-03	6.807058233963815715e-03	2.126681679173519635e-01
8.540000000000000716e-03	7.295339483963815715e-03	2.236544960423519635e-01
8.550000000000000308e-03	6.953542608963816062e-03	2.163302772923519635e-01
8.559999999999999901e-03	7.392995733963816235e-03	2.273166054173519635e-01
8.569999999999999493e-03	7.100026983963815541e-03	2.212130897923519635e-01
8.580000000000000820e-03	7.539480108963815715e-03	2.321994179173519635e-01
8.590000000000000413e-03	7.197683233963816062e-03	2.248751991673519635e-01
8.600000000000000006e-03	7.685964483963816062e-03	2.358615272923519635e-01
8.609999999999999598e-03	7.344167608963815541e-03	2.285373085423519635e-01
8.619999999999999191e-03	7.832448858963815541e-03	2.407443397923519635e-01
8.630000000000000518e-03	7.490651983963815888e-03	2.334201210423519635e-01
8.640000000000000110e-03	8.027761358963816582e-03	2.444064491673519635e-01
8.649999999999999703e-03	7.637136358963816235e-03	2.370822304173519635e-01
8.659999999999999296e-03	8.174245733963815194e-03	2.480685585423519635e-01
8.670000000000000623e-03	7.832448858963815541e-03	2.407443397923519635e-01
8.680000000000000215e-03	8.320730108963815541e-03	2.517306679173519357e-01
8.689999999999999808e-03	7.978933233963815888e-03	2.456271522923519635e-01
8.699999999999999400e-03	8.516042608963816582e-03	2.566134804173519357e-01
8.710000000000000728e-03	8.125417608963816235e-03	2.492892616673519635e-01
8.720000000000000320e-03	8.662526983963815194e-03	2.602755897923519357e-01
8.729999999999999913e-03	8.320730108963815541e-03	2.529513710423519357e-01
8.739999999999999505e-03	8.857839483963816235e-03	2.639376991673519357e-01
8.750000000000000833e-03	8.467214483963815888e-03	2.578341835423519357e-01
8.760000000000000425e-03	9.004323858963816582e-03	2.688205116673519357e-01
8.770000000000000018e-03	8.662526983963815194e-03	2.614962929173519357e-01
8.779999999999999610e-03	9.199636358963815888e-03	2.712619179173519357e-01
8.789999999999999203e-03	8.809011358963815541e-03	2.651584022923519357e-01
8.800000000000000530e-03	9.346120733963816235e-03	2.749240272923519357e-01
8.810000000000000123e-03	9.004323858963816582e-03	2.688205116673519357e-01
8.819999999999999715e-03	9.541433233963815541e-03	2.798068397923519357e-01
8.829999999999999308e-03	9.199636358963815888e-03	2.724826210423519357e-01
8.840000000000000635e-03	9.687917608963815888e-03	2.834689491673519357e-01
8.850000000000000228e-03	9.346120733963816235e-03	2.761447304173519357e-01
8.859999999999999820e-03	9.883230108963816929e-03	2.871310585423519357e-01
8.869999999999999413e-03	9.541433233963815541e-03	2.798068397923519357e-01
8.880000000000000740e-03	1.007854260896381624e-02	2.907931679173519357e-01
8.890000000000000333e-03	9.687917608963815888e-03	2.846896522923519357e-01
8.899999999999999925e-03	1.022502698396381658e-02	2.956759804173519357e-01
8.909999999999999518e-03	9.883230108963816929e-03	2.883517616673519357e-01
8.920000000000000845e-03	1.042033948396381589e-02	2.993380897923519357e-01
8.930000000000000437e-03	1.002971448396381554e-02	2.920138710423519357e-01
8.940000000000000030e-03	1.056682385896381624e-02	3.030001991673519357e-01
8.949999999999999623e-03	1.022502698396381658e-02	2.956759804173519357e-01
8.959999999999999215e-03	1.076213635896381554e-02	3.078830116673519357e-01
8.970000000000000542e-03	1.042033948396381589e-02	3.005587929173519357e-01
8.980000000000000135e-03	1.095744885896381658e-02	3.115451210423519357e-01
8.989999999999999727e-03	1.056682385896381624e-02	3.042209022923519357e-01
8.999999999999999320e-03	1.110393323396381693e-02	3.152072304173519912e-01
9.010000000000000647e-03	1.076213635896381554e-02	3.091037147923519357e-01
9.020000000000000240e-03	1.129924573396381624e-02	3.200900429173519912e-01
9.029999999999999832e-03	1.095744885896381658e-02	3.127658241673519912e-01
9.039999999999999425e-03	1.149455823396381554e-02	3.237521522923519912e-01
9.050000000000000752e-03	1.110393323396381693e-02	3.164279335423519912e-01
9.060000000000000345e-03	1.164104260896381589e-02	3.274142616673519912e-01
9.069999999999999937e-03	1.125041760896381554e-02	3.200900429173519912e-01
9.079999999999999530e-03	1.183635510896381693e-02	3.310763710423519912e-01
9.090000000000000857e-03	1.144573010896381658e-02	3.249728554173519912e-01
9.100000000000000450e-03	1.203166760896381624e-02	3.359591835423519912e-01
9.110000000000000042e-03	1.164104260896381589e-02	3.286349647923519912e-01
9.119999999999999635e-03	1.222698010896381554e-02	3.396212929173519912e-01
9.129999999999999227e-03	1.183635510896381693e-02	3.322970741673519912e-01
9.140000000000000555e-03	1.237346448396381589e-02	3.432834022923519912e-01
9.150000000000000147e-03	1.198283948396381554e-02	3.359591835423519912e-01
9.159999999999999740e-03	1.256877698396381693e-02	3.481662147923519912e-01
9.169999999999999332e-03	1.217815198396381658e-02	3.408419960423519912e-01
9.180000000000000659e-03	1.276408948396381797e-02	3.518283241673519912e-01
9.190000000000000252e-03	1.237346448396381589e-02	3.445041054173519912e-01
9.199999999999999845e-03	1.295940198396381728e-02	3.554904335423519912e-01
9.209999999999999437e-03	1.256877698396381693e-02	3.481662147923519912e-01
9.220000000000000764e-03	1.315471448396381832e-02	3.603732460423519912e-01
9.230000000000000357e-03	1.276408948396381797e-02	3.530490272923519912e-01
9.239999999999999949e-03	1.335002698396381762e-02	3.640353554173519912e-01
9.249999999999999542e-03	1.295940198396381728e-02	3.567111366673519912e-01
9.259999999999999135e-03	1.354533948396381693e-02	3.676974647923519912e-01
9.270000000000000462e-03	1.315471448396381832e-02	3.603732460423519912e-01
9.280000000000000054e-03	1.374065198396381797e-02	3.713595741673519912e-01
9.289999999999999647e-03	1.335002698396381762e-02	3.652560585423519912e-01
9.299999999999999239e-03	1.393596448396381728e-02	3.762423866673519912e-01
9.310000000000000567e-03	1.354533948396381693e-02	3.689181679173519912e-01
9.320000000000000159e-03	1.418010510896381728e-02	3.799044960423519912e-01
9.329999999999999752e-03	1.378948010896381693e-02	3.725802772923519912e-01
9.339999999999999344e-03	1.442424573396381728e-02	3.835666054173519912e-01
9.350000000000000672e-03	1.403362073396381693e-02	3.762423866673519912e-01
9.360000000000000264e-03	1.466838635896381728e-02	3.872287147923519912e-01
9.369999999999999857e-03	1.422893323396381797e-02	3.811251991673519912e-01
9.379999999999999449e-03	1.491252698396381728e-02	3.921115272923519912e-01
9.390000000000000777e-03	1.452190198396381693e-02	3.847873085423519912e-01
9.400000000000000369e-03	1.515666760896381728e-02	3.957736366673519912e-01
9.409999999999999962e-03	1.476604260896381693e-02	3.884494179173519912e-01
9.419999999999999554e-03	1.544963635896381797e-02	3.994357460423519912e-01
9.429999999999999147e-03	1.505901135896381762e-02	3.933322304173519912e-01
9.440000000000000474e-03	1.574260510896381693e-02	4.043185585423519912e-01
9.450000000000000067e-03	1.535198010896381832e-02	3.969943397923519912e-01
9.459999999999999659e-03	1.603557385896381762e-02	4.079806679173519912e-01
9.469999999999999252e-03	1.564494885896381901e-02	4.006564491673519912e-01
9.480000000000000579e-03	1.637737073396381901e-02	4.116427772923519912e-01
9.490000000000000172e-03	1.593791760896381624e-02	4.043185585423519912e-01
9.499999999999999764e-03	1.667033948396381624e-02	4.153048866673519912e-01
9.509999999999999357e-03	1.623088635896381693e-02	4.079806679173519912e-01
9.520000000000000684e-03	1.701213635896381762e-02	4.201876991673519912e-01
9.530000000000000276e-03	1.657268323396381832e-02	4.128634804173519912e-01
9.539999999999999869e-03	1.730510510896381832e-02	4.238498085423519912e-01
9.549999999999999462e-03	1.691448010896381624e-02	4.165255897923519912e-01
9.560000000000000789e-03	1.764690198396381624e-02	4.275119179173519912e-01
9.570000000000000381e-03	1.720744885896381693e-02	4.201876991673519912e-01
9.579999999999999974e-03	1.798869885896381762e-02	4.323947304173519912e-01
9.589999999999999566e-03	1.754924573396381832e-02	4.250705116673519912e-01
9.599999999999999159e-03	1.828166760896381832e-02	4.360568397923519912e-01
9.610000000000000486e-03	1.784221448396381901e-02	4.287326210423519912e-01
9.620000000000000079e-03	1.862346448396381624e-02	4.397189491673519912e-01
9.629999999999999671e-03	1.818401135896381693e-02	4.323947304173519912e-01
9.639999999999999264e-03	1.891643323396381693e-02	4.446017616673519912e-01
9.650000000000000591e-03	1.847698010896381762e-02	4.360568397923519912e-01
9.660000000000000184e-03	1.920940198396381762e-02	4.470431679173519912e-01
9.669999999999999776e-03	1.881877698396381901e-02	4.397189491673519912e-01
9.679999999999999369e-03	1.950237073396381832e-02	4.519259804173519912e-01
9.690000000000000696e-03	1.911174573396381970e-02	4.446017616673519912e-01
9.700000000000000289e-03	1.984416760896381970e-02	4.555880897923519912e-01
9.709999999999999881e-03	1.940471448396381693e-02	4.482638710423519912e-01
9.719999999999999474e-03	2.013713635896381693e-02	4.592501991673519912e-01
9.730000000000000801e-03	1.969768323396381762e-02	4.531466835423519912e-01
9.740000000000000394e-03	2.043010510896381762e-02	4.641330116673519912e-01
9.749999999999999986e-03	2.003948010896381901e-02	4.568087929173519912e-01
9.759999999999999579e-03	2.077190198396381901e-02	4.677951210423519912e-01
9.769999999999999171e-03	2.033244885896381970e-02	4.604709022923519912e-01
9.780000000000000498e-03	2.106487073396381970e-02	4.714572304173519912e-01
9.790000000000000091e-03	2.062541760896381693e-02	4.641330116673519912e-01
9.799999999999999684e-03	2.140666760896381762e-02	4.751193397923519912e-01
9.809999999999999276e-03	2.091838635896381762e-02	4.690158241673519912e-01
9.820000000000000603e-03	2.169963635896381832e-02	4.800021522923519912e-01
9.830000000000000196e-03	2.126018323396381901e-02	4.726779335423519912e-01
9.839999999999999789e-03	2.204143323396381970e-02	4.836642616673519912e-01
9.849999999999999381e-03	2.160198010896381693e-02	4.763400429173519912e-01
9.860000000000000708e-03	2.233440198396381693e-02	4.873263710423519912e-01
9.870000000000000301e-03	2.194377698396381832e-02	4.800021522923519912e-01
9.879999999999999893e-03	2.267619885896381832e-02	4.909884804173519912e-01
9.889999999999999486e-03	2.223674573396381901e-02	4.836642616673519912e-01
9.900000000000000813e-03	2.296916760896381901e-02	4.958712929173519912e-01
9.910000000000000406e-03	2.257854260896381693e-02	4.885470741673519912e-01
9.919999999999999998e-03	2.331096448396381693e-02	4.995334022923519912e-01
9.929999999999999591e-03	2.287151135896381762e-02	4.922091835423519912e-01
9.939999999999999183e-03	2.360393323396381762e-02	5.031955116673519912e-01
9.950000000000000511e-03	2.321330823396381901e-02	4.958712929173519912e-01
9.960000000000000103e-03	2.394573010896381901e-02	5.068576210423519912e-01
9.969999999999999696e-03	2.350627698396381970e-02	4.995334022923519912e-01
9.979999999999999288e-03	2.423869885896381970e-02	5.117404335423519912e-01
9.990000000000000616e-03	2.379924573396381693e-02	5.044162147923519912e-01
1.000000000000000021e-02	2.453166760896381693e-02	5.154025429173519912e-01
1.000999999999999980e-02	2.414104260896381832e-02	5.080783241673519912e-01
1.001999999999999939e-02	2.482463635896381762e-02	5.190646522923519912e-01
1.003000000000000072e-02	2.443401135896381901e-02	5.117404335423519912e-01
1.004000000000000031e-02	2.511760510896381485e-02	5.227267616673519912e-01
1.004999999999999991e-02	2.472698010896381970e-02	5.154025429173519912e-01
1.005999999999999950e-02	2.541057385896381554e-02	5.263888710423519912e-01
1.007000000000000083e-02	2.501994885896381693e-02	5.202853554173519912e-01
1.008000000000000042e-02	2.570354260896381624e-02	5.300509804173519912e-01
1.009000000000000001e-02	2.531291760896381415e-02	5.239474647923519912e-01
1.009999999999999960e-02	2.599651135896381693e-02	5.349337929173519912e-01
1.010999999999999920e-02	2.560588635896381485e-02	5.276095741673519912e-01
1.012000000000000052e-02	2.628948010896381415e-02	5.385959022923519912e-01
1.013000000000000012e-02	2.589885510896381554e-02	5.312716835423519912e-01
1.013999999999999971e-02	2.658244885896381485e-02	5.422580116673519912e-01
1.014999999999999930e-02	2.619182385896381624e-02	5.349337929173519912e-01
1.016000000000000063e-02	2.687541760896381554e-02	5.459201210423519912e-01
1.017000000000000022e-02	2.648479260896381693e-02	5.398166054173519912e-01
1.017999999999999981e-02	2.716838635896381624e-02	5.508029335423519912e-01
1.018999999999999941e-02	2.672893323396381693e-02	5.434787147923519912e-01
1.020000000000000073e-02	2.746135510896381693e-02	5.544650429173519912e-01
1.021000000000000033e-02	2.702190198396381415e-02	5.471408241673519912e-01
1.021999999999999992e-02	2.775432385896381415e-02	5.581271522923519912e-01
1.022999999999999951e-02	2.731487073396381485e-02	5.508029335423519912e-01
1.024000000000000084e-02	2.804729260896381485e-02	5.617892616673519912e-01
1.025000000000000043e-02	2.760783948396381554e-02	5.544650429173519912e-01
1.026000000000000002e-02	2.829143323396381485e-02	5.666720741673519912e-01
1.026999999999999962e-02	2.790080823396381624e-02	5.593478554173519912e-01
1.027999999999999921e-02	2.858440198396381554e-02	5.703341835423519912e-01
1.029000000000000054e-02	2.814494885896381624e-02	5.630099647923519912e-01
1.030000000000000013e-02	2.887737073396381624e-02	5.739962929173519912e-01
1.030999999999999972e-02	2.843791760896381693e-02	5.666720741673519912e-01
1.031999999999999931e-02	2.912151135896381624e-02	5.776584022923519912e-01
1.033000000000000064e-02	2.873088635896381415e-02	5.703341835423519912e-01
1.034000000000000023e-02	2.941448010896381693e-02	5.813205116673519912e-01
1.034999999999999983e-02	2.902385510896381485e-02	5.752169960423519912e-01
1.035999999999999942e-02	2.970744885896381415e-02	5.862033241673519912e-01
1.037000000000000074e-02	2.926799573396381485e-02	5.788791054173519912e-01
1.038000000000000034e-02	2.995158948396381415e-02	5.898654335423519912e-01
1.038999999999999993e-02	2.951213635896381485e-02	5.825412147923519912e-01
1.039999999999999952e-02	3.019573010896381415e-02	5.935275429173519912e-01
1.041000000000000085e-02	2.980510510896381554e-02	5.862033241673519912e-01
1.042000000000000044e-02	3.043987073396381415e-02	5.971896522923519912e-01
1.043000000000000003e-02	3.004924573396381554e-02	5.910861366673519912e-01
1.043999999999999963e-02	3.068401135896381415e-02	6.008517616673519912e-01
1.044999999999999922e-02	3.034221448396381624e-02	5.947482460423519912e-01
1.046000000000000055e-02	3.097698010896381485e-02	6.057345741673519912e-01
1.047000000000000014e-02	3.058635510896381624e-02	5.984103554173519912e-01
1.047999999999999973e-02	3.117229260896381415e-02	6.093966835423519912e-01
1.048999999999999932e-02	3.083049573396381624e-02	6.020724647923519912e-01
1.050000000000000065e-02	3.141643323396381415e-02	6.130587929173519912e-01
1.051000000000000024e-02	3.102580823396381554e-02	6.057345741673519912e-01
1.051999999999999984e-02	3.166057385896381415e-02	6.167209022923519912e-01
1.052999999999999943e-02	3.131877698396381277e-02	6.106173866673519912e-01
1.054000000000000076e-02	3.190471448396381415e-02	6.203830116673519912e-01
1.055000000000000035e-02	3.151408948396381554e-02	6.142794960423519912e-01
1.055999999999999994e-02	3.214885510896381415e-02	6.252658241673519912e-01
1.056999999999999953e-02	3.180705823396381277e-02	6.179416054173519912e-01
1.058000000000000086e-02	3.244182385896381832e-02	6.289279335423519912e-01
1.059000000000000045e-02	3.200237073396381554e-02	6.216037147923519912e-01
1.060000000000000005e-02	3.268596448396381832e-02	6.325900429173519912e-01
1.060999999999999964e-02	3.229533948396381277e-02	6.264865272923519912e-01
1.061999999999999923e-02	3.293010510896381832e-02	6.374728554173519912e-01
1.063000000000000056e-02	3.253948010896381277e-02	6.301486366673519912e-01
1.064000000000000015e-02	3.322307385896381554e-02	6.399142616673519912e-01
1.064999999999999974e-02	3.283244885896381693e-02	6.338107460423519912e-01
1.065999999999999934e-02	3.346721448396381554e-02	6.447970741673519912e-01
1.067000000000000066e-02	3.307658948396381693e-02	6.374728554173519912e-01
1.068000000000000026e-02	3.376018323396381277e-02	6.484591835423519912e-01
1.068999999999999985e-02	3.336955823396381415e-02	6.411349647923519912e-01
1.069999999999999944e-02	3.405315198396381693e-02	6.521212929173519912e-01
1.071000000000000077e-02	3.361369885896381415e-02	6.447970741673519912e-01
1.072000000000000036e-02	3.434612073396381415e-02	6.557834022923519912e-01
1.072999999999999995e-02	3.390666760896381832e-02	6.484591835423519912e-01
1.073999999999999955e-02	3.459026135896381415e-02	6.606662147923519912e-01
1.074999999999999914e-02	3.419963635896381554e-02	6.533419960423519912e-01
1.076000000000000047e-02	3.488323010896381832e-02	6.643283241673519912e-01
1.077000000000000006e-02	3.449260510896381277e-02	6.570041054173519912e-01
1.077999999999999965e-02	3.517619885896381554e-02	6.679904335423519912e-01
1.078999999999999924e-02	3.478557385896381693e-02	6.606662147923519912e-01
1.080000000000000057e-02	3.546916760896381277e-02	6.716525429173519912e-01
1.081000000000000016e-02	3.507854260896381415e-02	6.643283241673519912e-01
1.081999999999999976e-02	3.576213635896381693e-02	6.753146522923519912e-01
1.082999999999999935e-02	3.537151135896381832e-02	6.692111366673519912e-01
1.084000000000000068e-02	3.605510510896381415e-02	6.801974647923519912e-01
1.085000000000000027e-02	3.566448010896381554e-02	6.728732460423519912e-01
1.085999999999999986e-02	3.634807385896381832e-02	6.838595741673519912e-01
1.086999999999999945e-02	3.595744885896381277e-02	6.765353554173519912e-01
1.088000000000000078e-02	3.664104260896381554e-02	6.875216835423519912e-01
1.089000000000000037e-02	3.625041760896381693e-02	6.801974647923519912e-01
1.089999999999999997e-02	3.693401135896381277e-02	6.911837929173519912e-01
1.090999999999999956e-02	3.654338635896381415e-02	6.838595741673519912e-01
1.091999999999999915e-02	3.727580823396381415e-02	6.948459022923519912e-01
1.093000000000000048e-02	3.683635510896381832e-02	6.875216835423519912e-01
1.094000000000000007e-02	3.756877698396381832e-02	6.985080116673519912e-01
1.094999999999999966e-02	3.712932385896381554e-02	6.911837929173519912e-01
1.095999999999999926e-02	3.786174573396381554e-02	7.033908241673519912e-01
1.097000000000000058e-02	3.747112073396381693e-02	6.960666054173519912e-01
1.098000000000000018e-02	3.815471448396381970e-02	7.070529335423519912e-01
1.098999999999999977e-02	3.776408948396381415e-02	6.997287147923519912e-01
1.099999999999999936e-02	3.844768323396381693e-02	7.107150429173519912e-01
1.101000000000000069e-02	3.805705823396381832e-02	7.033908241673519912e-01
1.102000000000000028e-02	3.878948010896381832e-02	7.143771522923519912e-01
1.102999999999999987e-02	3.835002698396381554e-02	7.070529335423519912e-01
1.103999999999999947e-02	3.908244885896381554e-02	7.180392616673519912e-01
1.105000000000000079e-02	3.869182385896381693e-02	7.107150429173519912e-01
1.106000000000000039e-02	3.942424573396381693e-02	7.217013710423519912e-01
1.106999999999999998e-02	3.898479260896381415e-02	7.143771522923519912e-01
1.107999999999999957e-02	3.971721448396381415e-02	7.253634804173519912e-01
1.108999999999999916e-02	3.932658948396381554e-02	7.192599647923519912e-01
1.110000000000000049e-02	4.005901135896381554e-02	7.302462929173519912e-01
1.111000000000000008e-02	3.961955823396381970e-02	7.229220741673519912e-01
1.111999999999999968e-02	4.035198010896381970e-02	7.339084022923519912e-01
1.112999999999999927e-02	3.996135510896381415e-02	7.265841835423519912e-01
1.114000000000000060e-02	4.069377698396381415e-02	7.375705116673519912e-01
1.115000000000000019e-02	4.025432385896381832e-02	7.302462929173519912e-01
1.115999999999999978e-02	4.103557385896381554e-02	7.412326210423519912e-01
1.116999999999999937e-02	4.059612073396381970e-02	7.339084022923519912e-01
1.118000000000000070e-02	4.132854260896381970e-02	7.448947304173519912e-01
1.119000000000000029e-02	4.088908948396381693e-02	7.375705116673519912e-01
1.119999999999999989e-02	4.162151135896381693e-02	7.485568397923519912e-01
1.120999999999999948e-02	4.123088635896381832e-02	7.424533241673519912e-01
1.122000000000000081e-02	4.196330823396381832e-02	7.534396522923519912e-01
1.123000000000000040e-02	4.152385510896381554e-02	7.461154335423519912e-01
1.123999999999999999e-02	4.225627698396381554e-02	7.571017616673519912e-01
1.124999999999999958e-02	4.186565198396381693e-02	7.497775429173519912e-01
1.125999999999999918e-02	4.254924573396381970e-02	7.607638710423519912e-01
1.127000000000000050e-02	4.215862073396381415e-02	7.534396522923519912e-01
1.128000000000000010e-02	4.284221448396381693e-02	7.644259804173519912e-01
1.128999999999999969e-02	4.245158948396381832e-02	7.571017616673519912e-01
1.129999999999999928e-02	4.313518323396381415e-02	7.680880897923519912e-01
1.131000000000000061e-02	4.269573010896381832e-02	7.619845741673519912e-01
1.132000000000000020e-02	4.342815198396381832e-02	7.717501991673519912e-01
1.132999999999999979e-02	4.303752698396381970e-02	7.656466835423519912e-01
1.133999999999999939e-02	4.367229260896381832e-02	7.766330116673519912e-01
1.135000000000000071e-02	4.328166760896381970e-02	7.693087929173519912e-01
1.136000000000000031e-02	4.396526135896381554e-02	7.802951210423519912e-01
1.136999999999999990e-02	4.357463635896381693e-02	7.729709022923519912e-01
1.137999999999999949e-02	4.420940198396381554e-02	7.839572304173519912e-01
1.139000000000000082e-02	4.381877698396381693e-02	7.766330116673519912e-01
1.140000000000000041e-02	4.450237073396381970e-02	7.876193397923519912e-01
1.141000000000000000e-02	4.411174573396381415e-02	7.802951210423519912e-01
1.141999999999999960e-02	4.474651135896381970e-02	7.912814491673519912e-01
1.142999999999999919e-02	4.435588635896381415e-02	7.839572304173519912e-01
1.144000000000000052e-02	4.503948010896381693e-02	7.949435585423519912e-01
1.145000000000000011e-02	4.460002698396381415e-02	7.888400429173519912e-01
1.145999999999999970e-02	4.528362073396381693e-02	7.998263710423519912e-01
1.146999999999999929e-02	4.489299573396381832e-02	7.925021522923519912e-01
1.148000000000000062e-02	4.552776135896381693e-02	8.034884804173519912e-01
1.149000000000000021e-02	4.513713635896381832e-02	7.961642616673519912e-01
1.149999999999999981e-02	4.582073010896381415e-02	8.071505897923519912e-01
1.150999999999999940e-02	4.538127698396381832e-02	7.998263710423519912e-01
1.152000000000000073e-02	4.606487073396381415e-02	8.108126991673519912e-01
1.153000000000000032e-02	4.567424573396381554e-02	8.034884804173519912e-01
1.153999999999999991e-02	4.635783948396381832e-02	8.144748085423519912e-01
1.154999999999999950e-02	4.591838635896381554e-02	8.071505897923519912e-01
1.156000000000000083e-02	4.665080823396381554e-02	8.181369179173519912e-01
1.157000000000000042e-02	4.621135510896381970e-02	8.108126991673519912e-01
1.158000000000000002e-02	4.689494885896381554e-02	8.217990272923519912e-01
1.158999999999999961e-02	4.650432385896381693e-02	8.156955116673519912e-01
1.159999999999999920e-02	4.713908948396381554e-02	8.266818397923519912e-01
1.161000000000000053e-02	4.674846448396381693e-02	8.193576210423519912e-01
1.162000000000000012e-02	4.743205823396381970e-02	8.303439491673519912e-01
1.162999999999999971e-02	4.704143323396381415e-02	8.230197304173519912e-01
1.163999999999999931e-02	4.767619885896381970e-02	8.340060585423519912e-01
1.165000000000000063e-02	4.728557385896381415e-02	8.266818397923519912e-01
1.166000000000000023e-02	4.796916760896381693e-02	8.376681679173519912e-01
1.166999999999999982e-02	4.757854260896381832e-02	8.303439491673519912e-01
1.167999999999999941e-02	4.826213635896381415e-02	8.413302772923519912e-01
1.169000000000000074e-02	4.782268323396381832e-02	8.340060585423519912e-01
1.170000000000000033e-02	4.850627698396381415e-02	8.449923866673519912e-01
1.170999999999999992e-02	4.811565198396381554e-02	8.376681679173519912e-01
1.171999999999999952e-02	4.879924573396381832e-02	8.486544960423519912e-01
1.173000000000000084e-02	4.835979260896381554e-02	8.413302772923519912e-01
1.174000000000000044e-02	4.904338635896381832e-02	8.523166054173519912e-01
1.175000000000000003e-02	4.865276135896381970e-02	8.449923866673519912e-01
1.175999999999999962e-02	4.933635510896381554e-02	8.559787147923519912e-01
1.176999999999999921e-02	4.889690198396381970e-02	8.498751991673519912e-01
1.178000000000000054e-02	4.962932385896381970e-02	8.608615272923519912e-01
1.179000000000000013e-02	4.918987073396381693e-02	8.535373085423519912e-01
1.179999999999999973e-02	4.987346448396381970e-02	8.645236366673519912e-01
1.180999999999999932e-02	4.948283948396381415e-02	8.571994179173519912e-01
1.182000000000000065e-02	5.016643323396381693e-02	8.681857460423519912e-01
1.183000000000000024e-02	4.972698010896381415e-02	8.608615272923519912e-01
1.183999999999999983e-02	5.041057385896381693e-02	8.718478554173519912e-01
1.184999999999999942e-02	5.001994885896381832e-02	8.645236366673519912e-01
1.186000000000000075e-02	5.070354260896381415e-02	8.755099647923519912e-01
1.187000000000000034e-02	5.026408948396381832e-02	8.681857460423519912e-01
1.187999999999999994e-02	5.094768323396381415e-02	8.791720741673519912e-01
1.188999999999999953e-02	5.055705823396381554e-02	8.718478554173519912e-01
1.190000000000000085e-02	5.119182385896381415e-02	8.828341835423519912e-01
1.191000000000000045e-02	5.080119885896381554e-02	8.755099647923519912e-01
1.192000000000000004e-02	5.148479260896381832e-02	8.864962929173519912e-01
1.192999999999999963e-02	5.109416760896381970e-02	8.791720741673519912e-01
1.193999999999999923e-02	5.172893323396381832e-02	8.901584022923519912e-01
1.195000000000000055e-02	5.133830823396381970e-02	8.840548866673519912e-01
1.196000000000000014e-02	5.197307385896381832e-02	8.950412147923519912e-01
1.196999999999999974e-02	5.163127698396381693e-02	8.877169960423519912e-01
1.197999999999999933e-02	5.226604260896381554e-02	8.974826210423519912e-01
1.199000000000000066e-02	5.182658948396381970e-02	8.913791054173519912e-01
1.200000000000000025e-02	5.251018323396381554e-02	9.023654335423519912e-01
1.200999999999999984e-02	5.211955823396381693e-02	8.950412147923519912e-01
1.201999999999999943e-02	5.275432385896381554e-02	9.060275429173519912e-01
1.203000000000000076e-02	5.236369885896381693e-02	8.987033241673519912e-01
1.204000000000000035e-02	5.299846448396381554e-02	9.096896522923519912e-01
1.204999999999999995e-02	5.260783948396381693e-02	9.023654335423519912e-01
1.205999999999999954e-02	5.324260510896381554e-02	9.133517616673519912e-01
1.207000000000000087e-02	5.285198010896381693e-02	9.060275429173519912e-01
1.208000000000000046e-02	5.348674573396381554e-02	9.170138710423519912e-01
1.209000000000000005e-02	5.314494885896381415e-02	9.096896522923519912e-01
1.209999999999999964e-02	5.377971448396381970e-02	9.206759804173519912e-01
1.210999999999999924e-02	5.334026135896381693e-02	9.133517616673519912e-01
1.212000000000000056e-02	5.402385510896381970e-02	9.243380897923519912e-01
1.213000000000000016e-02	5.363323010896381415e-02	9.182345741673519912e-01
1.213999999999999975e-02	5.426799573396381970e-02	9.280001991673519912e-01
1.214999999999999934e-02	5.387737073396381415e-02	9.206759804173519912e-01
1.216000000000000067e-02	5.456096448396381693e-02	9.328830116673519912e-01
1.217000000000000026e-02	5.412151135896381415e-02	9.243380897923519912e-01
1.217999999999999985e-02	5.480510510896381693e-02	9.365451210423519912e-01
1.218999999999999945e-02	5.441448010896381832e-02	9.280001991673519912e-01
1.220000000000000077e-02	5.504924573396381693e-02	9.402072304173519912e-01
1.221000000000000037e-02	5.465862073396381832e-02	9.328830116673519912e-01
1.221999999999999996e-02	5.534221448396381415e-02	9.426486366673519912e-01
1.222999999999999955e-02	5.495158948396381554e-02	9.365451210423519912e-01
1.223999999999999914e-02	5.558635510896381415e-02	9.475314491673519912e-01
1.225000000000000047e-02	5.519573010896381554e-02	9.402072304173519912e-01
1.226000000000000006e-02	5.583049573396381415e-02	9.511935585423519912e-01
1.226999999999999966e-02	5.543987073396381554e-02	9.438693397923519912e-01
1.227999999999999925e-02	5.612346448396381832e-02	9.548556679173519912e-01
1.229000000000000058e-02	5.568401135896381554e-02	9.475314491673519912e-01
1.230000000000000017e-02	5.636760510896381832e-02	9.585177772923519912e-01
1.230999999999999976e-02	5.592815198396381554e-02	9.511935585423519912e-01
1.231999999999999935e-02	5.661174573396381832e-02	9.621798866673519912e-01
1.233000000000000068e-02	5.622112073396381970e-02	9.548556679173519912e-01
1.234000000000000027e-02	5.685588635896381832e-02	9.658419960423519912e-01
1.234999999999999987e-02	5.646526135896381970e-02	9.585177772923519912e-01
1.235999999999999946e-02	5.710002698396381832e-02	9.695041054173519912e-01
1.237000000000000079e-02	5.670940198396381970e-02	9.621798866673519912e-01
1.238000000000000038e-02	5.734416760896381832e-02	9.731662147923519912e-01
1.238999999999999997e-02	5.695354260896381970e-02	9.670626991673519912e-01
1.239999999999999956e-02	5.758830823396381832e-02	9.768283241673519912e-01
1.240999999999999916e-02	5.719768323396381970e-02	9.707248085423519912e-01
1.242000000000000048e-02	5.788127698396381554e-02	9.817111366673519912e-01
1.243000000000000008e-02	5.749065198396381693e-02	9.743869179173519912e-01
1.243999999999999967e-02	5.812541760896381554e-02	9.853732460423519912e-01
1.244999999999999926e-02	5.773479260896381693e-02	9.780490272923519912e-01
1.246000000000000059e-02	5.841838635896381970e-02	9.890353554173519912e-01
1.247000000000000018e-02	5.802776135896381415e-02	9.817111366673519912e-01
1.247999999999999977e-02	5.871135510896381693e-02	9.926974647923519912e-01
1.248999999999999937e-02	5.832073010896381832e-02	9.853732460423519912e-01
1.250000000000000069e-02	5.900432385896381415e-02	9.963595741673519912e-01
1.251000000000000029e-02	5.861369885896381554e-02	9.890353554173519912e-01
1.251999999999999988e-02	5.929729260896381832e-02	1.000021683542351880e+00
1.252999999999999947e-02	5.885783948396381554e-02	9.926974647923519912e-01
1.254000000000000080e-02	5.959026135896381554e-02	1.003683792917351880e+00
1.255000000000000039e-02	5.919963635896381693e-02	9.963595741673519912e-01
1.255999999999999998e-02	5.988323010896381970e-02	1.007345902292351880e+00
1.256999999999999958e-02	5.949260510896381415e-02	1.000021683542351880e+00
1.257999999999999917e-02	6.022502698396381415e-02	1.011008011667351880e+00
1.259000000000000050e-02	5.978557385896381832e-02	1.004904496042351880e+00
1.260000000000000009e-02	6.051799573396381832e-02	1.014670121042351880e+00
1.260999999999999968e-02	6.007854260896381554e-02	1.008566605417351880e+00
1.261999999999999927e-02	6.081096448396381554e-02	1.018332230417351880e+00
1.263000000000000060e-02	6.042033948396381693e-02	1.012228714792351880e+00
1.264000000000000019e-02	6.115276135896381693e-02	1.021994339792351880e+00
1.264999999999999979e-02	6.071330823396381415e-02	1.015890824167351880e+00
1.265999999999999938e-02	6.144573010896381415e-02	1.026877152292351880e+00
1.267000000000000071e-02	6.100627698396381832e-02	1.019552933542351880e+00
1.268000000000000030e-02	6.173869885896381832e-02	1.029318558542351880e+00
1.268999999999999989e-02	6.134807385896381970e-02	1.023215042917351880e+00
1.269999999999999948e-02	6.208049573396381970e-02	1.034201371042351880e+00
1.271000000000000081e-02	6.164104260896381693e-02	1.026877152292351880e+00
1.272000000000000040e-02	6.237346448396381693e-02	1.037863480417351880e+00
1.273000000000000000e-02	6.193401135896381415e-02	1.030539261667351880e+00
1.273999999999999959e-02	6.266643323396381415e-02	1.041525589792351880e+00
1.274999999999999918e-02	6.227580823396381554e-02	1.034201371042351880e+00
1.276000000000000051e-02	6.300823010896382248e-02	1.045187699167351880e+00
1.277000000000000010e-02	6.256877698396381970e-02	1.037863480417351880e+00
1.277999999999999969e-02	6.330119885896381970e-02	1.048849808542351880e+00
1.278999999999999929e-02	6.286174573396381693e-02	1.041525589792351880e+00
1.280000000000000061e-02	6.364299573396381415e-02	1.052511917917351880e+00
1.281000000000000021e-02	6.320354260896381138e-02	1.045187699167351880e+00
1.281999999999999980e-02	6.393596448396381138e-02	1.056174027292351880e+00
1.282999999999999939e-02	6.349651135896382248e-02	1.050070511667351880e+00
1.284000000000000072e-02	6.427776135896381970e-02	1.059836136667351880e+00
1.285000000000000031e-02	6.383830823396381693e-02	1.053732621042351880e+00
1.285999999999999990e-02	6.457073010896381693e-02	1.063498246042351880e+00
1.286999999999999950e-02	6.413127698396381415e-02	1.056174027292351880e+00
1.288000000000000082e-02	6.491252698396381138e-02	1.067160355417351880e+00
1.289000000000000042e-02	6.447307385896382248e-02	1.059836136667351880e+00
1.290000000000000001e-02	6.520549573396382248e-02	1.070822464792351880e+00
1.290999999999999960e-02	6.481487073396381693e-02	1.064718949167351880e+00
1.291999999999999919e-02	6.554729260896381693e-02	1.074484574167351880e+00
1.293000000000000052e-02	6.510783948396381415e-02	1.068381058542351880e+00
1.294000000000000011e-02	6.588908948396381138e-02	1.079367386667351880e+00
1.294999999999999971e-02	6.544963635896382248e-02	1.072043167917351880e+00
1.295999999999999930e-02	6.618205823396382248e-02	1.083029496042351880e+00
1.297000000000000063e-02	6.574260510896381970e-02	1.075705277292351880e+00
1.298000000000000022e-02	6.652385510896381693e-02	1.086691605417351880e+00
1.298999999999999981e-02	6.608440198396381415e-02	1.079367386667351880e+00
1.299999999999999940e-02	6.681682385896381415e-02	1.090353714792351880e+00
1.301000000000000073e-02	6.642619885896382248e-02	1.083029496042351880e+00
1.302000000000000032e-02	6.715862073396382248e-02	1.094015824167351880e+00
1.302999999999999992e-02	6.671916760896381970e-02	1.086691605417351880e+00
1.303999999999999951e-02	6.745158948396381970e-02	1.097677933542351880e+00
1.305000000000000084e-02	6.701213635896381693e-02	1.090353714792351880e+00
1.306000000000000043e-02	6.779338635896381415e-02	1.101340042917351880e+00
1.307000000000000002e-02	6.735393323396381138e-02	1.094015824167351880e+00
1.307999999999999961e-02	6.808635510896381138e-02	1.105002152292351880e+00
1.308999999999999921e-02	6.764690198396382248e-02	1.097677933542351880e+00
1.310000000000000053e-02	6.837932385896382248e-02	1.108664261667351880e+00
1.311000000000000013e-02	6.798869885896381693e-02	1.101340042917351880e+00
1.311999999999999972e-02	6.872112073396381693e-02	1.112326371042351880e+00
1.312999999999999931e-02	6.828166760896381415e-02	1.105002152292351880e+00
1.314000000000000064e-02	6.901408948396381415e-02	1.115988480417351880e+00
1.315000000000000023e-02	6.857463635896381138e-02	1.108664261667351880e+00
1.315999999999999982e-02	6.930705823396381138e-02	1.119650589792351880e+00
1.316999999999999942e-02	6.886760510896382248e-02	1.112326371042351880e+00
1.318000000000000074e-02	6.960002698396382248e-02	1.123312699167351880e+00
1.319000000000000034e-02	6.920940198396381693e-02	1.115988480417351880e+00
1.319999999999999993e-02	6.994182385896381693e-02	1.126974808542351880e+00
1.320999999999999952e-02	6.950237073396381415e-02	1.119650589792351880e+00
1.322000000000000085e-02	7.023479260896381415e-02	1.130636917917351880e+00
1.323000000000000044e-02	6.979533948396381138e-02	1.124533402292351880e+00
1.324000000000000003e-02	7.057658948396382248e-02	1.134299027292351880e+00
1.324999999999999963e-02	7.013713635896381970e-02	1.126974808542351880e+00
1.325999999999999922e-02	7.086955823396381970e-02	1.137961136667351880e+00
1.327000000000000055e-02	7.047893323396381415e-02	1.131857621042351880e+00
1.328000000000000014e-02	7.121135510896381415e-02	1.141623246042351880e+00
1.328999999999999973e-02	7.077190198396381138e-02	1.135519730417351880e+00
1.329999999999999932e-02	7.155315198396382248e-02	1.145285355417351880e+00
1.331000000000000065e-02	7.111369885896381970e-02	1.137961136667351880e+00
1.332000000000000024e-02	7.189494885896381693e-02	1.148947464792351880e+00
1.332999999999999984e-02	7.145549573396381415e-02	1.142843949167351880e+00
1.333999999999999943e-02	7.218791760896381415e-02	1.152609574167351880e+00
1.335000000000000075e-02	7.179729260896382248e-02	1.145285355417351880e+00
1.336000000000000035e-02	7.257854260896381970e-02	1.156271683542351880e+00
1.336999999999999994e-02	7.213908948396381693e-02	1.150168167917351880e+00
1.337999999999999953e-02	7.287151135896381693e-02	1.159933792917351880e+00
1.339000000000000086e-02	7.243205823396381415e-02	1.153830277292351880e+00
1.340000000000000045e-02	7.321330823396381138e-02	1.163595902292351880e+00
1.341000000000000004e-02	7.277385510896382248e-02	1.157492386667351880e+00
1.341999999999999964e-02	7.355510510896381970e-02	1.167258011667351880e+00
1.342999999999999923e-02	7.311565198396381693e-02	1.159933792917351880e+00
1.344000000000000056e-02	7.389690198396381415e-02	1.172140824167351880e+00
1.345000000000000015e-02	7.345744885896381138e-02	1.164816605417351880e+00
1.345999999999999974e-02	7.418987073396381138e-02	1.174582230417351880e+00
1.346999999999999933e-02	7.379924573396381970e-02	1.168478714792351880e+00
1.348000000000000066e-02	7.453166760896381970e-02	1.178244339792351880e+00
1.349000000000000025e-02	7.414104260896381415e-02	1.172140824167351880e+00
1.349999999999999985e-02	7.487346448396381415e-02	1.181906449167351880e+00
1.350999999999999944e-02	7.443401135896381138e-02	1.174582230417351880e+00
1.352000000000000077e-02	7.516643323396382526e-02	1.186789261667351880e+00
1.353000000000000036e-02	7.472698010896382248e-02	1.179465042917351880e+00
1.353999999999999995e-02	7.550823010896381970e-02	1.190451371042351880e+00
1.354999999999999954e-02	7.506877698396381693e-02	1.183127152292351880e+00
1.355999999999999914e-02	7.580119885896381693e-02	1.194113480417351880e+00
1.357000000000000046e-02	7.536174573396381415e-02	1.186789261667351880e+00
1.358000000000000006e-02	7.614299573396382526e-02	1.197775589792351880e+00
1.358999999999999965e-02	7.570354260896382248e-02	1.190451371042351880e+00
1.359999999999999924e-02	7.643596448396382248e-02	1.201437699167351880e+00
1.361000000000000057e-02	7.599651135896381970e-02	1.194113480417351880e+00
1.362000000000000016e-02	7.677776135896381693e-02	1.205099808542351880e+00
1.362999999999999975e-02	7.633830823396381415e-02	1.197775589792351880e+00
1.363999999999999935e-02	7.707073010896381415e-02	1.208761917917351880e+00
1.365000000000000067e-02	7.663127698396382526e-02	1.201437699167351880e+00
1.366000000000000027e-02	7.736369885896382526e-02	1.212424027292351880e+00
1.366999999999999986e-02	7.697307385896381970e-02	1.205099808542351880e+00
1.367999999999999945e-02	7.770549573396381970e-02	1.214865433542351880e+00
1.369000000000000078e-02	7.726604260896381693e-02	1.208761917917351880e+00
1.370000000000000037e-02	7.799846448396381693e-02	1.219748246042351880e+00
1.370999999999999996e-02	7.760783948396382526e-02	1.212424027292351880e+00
1.371999999999999956e-02	7.834026135896382526e-02	1.223410355417351880e+00
1.372999999999999915e-02	7.790080823396382248e-02	1.216086136667351880e+00
1.374000000000000048e-02	7.863323010896382248e-02	1.227072464792351880e+00
1.375000000000000007e-02	7.819377698396381970e-02	1.219748246042351880e+00
1.375999999999999966e-02	7.897502698396381693e-02	1.230734574167351880e+00
1.376999999999999925e-02	7.848674573396381693e-02	1.223410355417351880e+00
1.378000000000000058e-02	7.926799573396381415e-02	1.234396683542351880e+00
1.379000000000000017e-02	7.882854260896382526e-02	1.227072464792351880e+00
1.379999999999999977e-02	7.956096448396382526e-02	1.238058792917351880e+00
1.380999999999999936e-02	7.912151135896382248e-02	1.230734574167351880e+00
1.382000000000000069e-02	7.985393323396382248e-02	1.241720902292351880e+00
1.383000000000000028e-02	7.941448010896381970e-02	1.234396683542351880e+00
1.383999999999999987e-02	8.019573010896381693e-02	1.245383011667351880e+00
1.384999999999999946e-02	7.975627698396381415e-02	1.238058792917351880e+00
1.386000000000000079e-02	8.048869885896381415e-02	1.249045121042351880e+00
1.387000000000000038e-02	8.004924573396382526e-02	1.241720902292351880e+00
1.387999999999999998e-02	8.083049573396382248e-02	1.252707230417351880e+00
1.388999999999999957e-02	8.039104260896381970e-02	1.245383011667351880e+00
1.389999999999999916e-02	8.117229260896381693e-02	1.256369339792351880e+00
1.391000000000000049e-02	8.073283948396381415e-02	1.249045121042351880e+00
1.392000000000000008e-02	8.146526135896381415e-02	1.260031449167351880e+00
1.392999999999999967e-02	8.102580823396382526e-02	1.252707230417351880e+00
1.393999999999999927e-02	8.180705823396382248e-02	1.262472855417351880e+00
1.395000000000000059e-02	8.136760510896381970e-02	1.256369339792351880e+00
1.396000000000000019e-02	8.214885510896381693e-02	1.267355667917351880e+00
1.396999999999999978e-02	8.170940198396381415e-02	1.260031449167351880e+00
1.397999999999999937e-02	8.249065198396382526e-02	1.271017777292351880e+00
1.399000000000000070e-02	8.205119885896382248e-02	1.263693558542351880e+00
1.400000000000000029e-02	8.288127698396381693e-02	1.274679886667351880e+00
1.400999999999999988e-02	8.239299573396381693e-02	1.267355667917351880e+00
1.401999999999999948e-02	8.322307385896382526e-02	1.278341996042351880e+00
1.403000000000000080e-02	8.278362073396382248e-02	1.271017777292351880e+00
1.404000000000000040e-02	8.356487073396381970e-02	1.282004105417351880e+00
1.404999999999999999e-02	8.312541760896381693e-02	1.274679886667351880e+00
1.405999999999999958e-02	8.390666760896381415e-02	1.285666214792351880e+00
1.406999999999999917e-02	8.346721448396382526e-02	1.278341996042351880e+00
1.408000000000000050e-02	8.429729260896381970e-02	1.288107621042351880e+00
1.409000000000000009e-02	8.380901135896381970e-02	1.282004105417351880e+00
1.409999999999999969e-02	8.463908948396381415e-02	1.292990433542351880e+00
1.410999999999999928e-02	8.419963635896382526e-02	1.284445511667351880e+00
1.412000000000000061e-02	8.498088635896382248e-02	1.296652542917351880e+00
1.413000000000000020e-02	8.454143323396381970e-02	1.289328324167351880e+00
1.413999999999999979e-02	8.537151135896381415e-02	1.299093949167351880e+00
1.414999999999999938e-02	8.493205823396382526e-02	1.292990433542351880e+00
1.416000000000000071e-02	8.571330823396382248e-02	1.303976761667351880e+00
1.417000000000000030e-02	8.527385510896381970e-02	1.296652542917351880e+00
1.417999999999999990e-02	8.605510510896381693e-02	1.306418167917351880e+00
1.418999999999999949e-02	8.566448010896382526e-02	1.300314652292351880e+00
1.420000000000000082e-02	8.644573010896382248e-02	1.311300980417351880e+00
1.421000000000000041e-02	8.600627698396381970e-02	1.303976761667351880e+00
1.422000000000000000e-02	8.683635510896381415e-02	1.314963089792351880e+00
1.422999999999999959e-02	8.634807385896381415e-02	1.307638871042351880e+00
1.423999999999999919e-02	8.717815198396382248e-02	1.318625199167351880e+00
1.425000000000000051e-02	8.673869885896381970e-02	1.311300980417351880e+00
1.426000000000000011e-02	8.756877698396381415e-02	1.322287308542351880e+00
1.426999999999999970e-02	8.708049573396381415e-02	1.314963089792351880e+00
1.427999999999999929e-02	8.791057385896382248e-02	1.324728714792351880e+00
1.429000000000000062e-02	8.747112073396381970e-02	1.318625199167351880e+00
1.430000000000000021e-02	8.830119885896381415e-02	1.328390824167351880e+00
1.430999999999999980e-02	8.781291760896381415e-02	1.322287308542351880e+00
1.431999999999999940e-02	8.869182385896381970e-02	1.332052933542351880e+00
1.433000000000000072e-02	8.820354260896381970e-02	1.325949417917351880e+00
1.434000000000000032e-02	8.903362073396381415e-02	1.335715042917351880e+00
1.434999999999999991e-02	8.859416760896382526e-02	1.329611527292351880e+00
1.435999999999999950e-02	8.942424573396381970e-02	1.339377152292351880e+00
1.437000000000000083e-02	8.893596448396381970e-02	1.333273636667351880e+00
1.438000000000000042e-02	8.981487073396382526e-02	1.343039261667351880e+00
1.439000000000000001e-02	8.932658948396382526e-02	1.335715042917351880e+00
1.439999999999999961e-02	9.015666760896381970e-02	1.346701371042351880e+00
1.440999999999999920e-02	8.971721448396381693e-02	1.340597855417351880e+00
1.442000000000000053e-02	9.054729260896382526e-02	1.350363480417351880e+00
1.443000000000000012e-02	9.010783948396382248e-02	1.343039261667351880e+00
1.443999999999999971e-02	9.088908948396381970e-02	1.354025589792351880e+00
1.444999999999999930e-02	9.044963635896381693e-02	1.347922074167351880e+00
1.446000000000000063e-02	9.123088635896381415e-02	1.357687699167351880e+00
1.447000000000000022e-02	9.079143323396382526e-02	1.351584183542351880e+00
1.447999999999999982e-02	9.162151135896381970e-02	1.361349808542351880e+00
1.448999999999999941e-02	9.118205823396381693e-02	1.354025589792351880e+00
1.450000000000000074e-02	9.191448010896381693e-02	1.363791214792351880e+00
1.451000000000000033e-02	9.152385510896382526e-02	1.356466996042351880e+00
1.451999999999999992e-02	9.225627698396382526e-02	1.360129105417351880e+00
1.452999999999999951e-02	9.186565198396381970e-02	1.352804886667351880e+00
1.454000000000000084e-02	9.259807385896381970e-02	1.355246292917351880e+00
1.455000000000000043e-02	9.220744885896381415e-02	1.347922074167351880e+00
1.456000000000000003e-02	9.293987073396381415e-02	1.351584183542351880e+00
1.456999999999999962e-02	9.254924573396382248e-02	1.343039261667351880e+00
1.457999999999999921e-02	9.328166760896382248e-02	1.346701371042351880e+00
1.459000000000000054e-02	9.284221448396381970e-02	1.339377152292351880e+00
1.460000000000000013e-02	9.357463635896381970e-02	1.341818558542351880e+00
1.460999999999999972e-02	9.318401135896381415e-02	1.334494339792351880e+00
1.461999999999999932e-02	9.381877698396381970e-02	1.336935746042351880e+00
1.463000000000000064e-02	9.347698010896382526e-02	1.329611527292351880e+00
1.464000000000000024e-02	9.411174573396381693e-02	1.333273636667351880e+00
1.464999999999999983e-02	9.376994885896382248e-02	1.325949417917351880e+00
1.465999999999999942e-02	9.435588635896381693e-02	1.328390824167351880e+00
1.467000000000000075e-02	9.401408948396382248e-02	1.321066605417351880e+00
1.468000000000000034e-02	9.455119885896381970e-02	1.324728714792351880e+00
1.468999999999999993e-02	9.420940198396382526e-02	1.317404496042351880e+00
1.469999999999999953e-02	9.469768323396382526e-02	1.319845902292351880e+00
1.471000000000000085e-02	9.440471448396381415e-02	1.312521683542351880e+00
1.472000000000000045e-02	9.484416760896381693e-02	1.316183792917351880e+00
1.473000000000000004e-02	9.455119885896381970e-02	1.307638871042351880e+00
1.473999999999999963e-02	9.494182385896382526e-02	1.311300980417351880e+00
1.474999999999999922e-02	9.469768323396382526e-02	1.303976761667351880e+00
1.476000000000000055e-02	9.499065198396382248e-02	1.306418167917351880e+00
1.477000000000000014e-02	9.474651135896382248e-02	1.299093949167351880e+00
1.477999999999999974e-02	9.499065198396382248e-02	1.302756058542351880e+00
1.478999999999999933e-02	9.474651135896382248e-02	1.295431839792351880e+00
1.480000000000000066e-02	9.494182385896382526e-02	1.297873246042351880e+00
1.481000000000000025e-02	9.469768323396382526e-02	1.290549027292351880e+00
1.481999999999999984e-02	9.489299573396381415e-02	1.294211136667351880e+00
1.482999999999999943e-02	9.460002698396381693e-02	1.286886917917351880e+00
1.484000000000000076e-02	9.474651135896382248e-02	1.289328324167351880e+00
1.485000000000000035e-02	9.440471448396381415e-02	1.282004105417351880e+00
1.485999999999999995e-02	9.450237073396382248e-02	1.285666214792351880e+00
1.486999999999999954e-02	9.416057385896381415e-02	1.277121292917351880e+00
1.488000000000000086e-02	9.425823010896382248e-02	1.280783402292351880e+00
1.489000000000000046e-02	9.391643323396381415e-02	1.273459183542351880e+00
1.490000000000000005e-02	9.396526135896382526e-02	1.275900589792351880e+00
1.490999999999999964e-02	9.357463635896381970e-02	1.268576371042351880e+00
1.491999999999999924e-02	9.362346448396381693e-02	1.272238480417351880e+00
1.493000000000000056e-02	9.318401135896381415e-02	1.264914261667351880e+00
1.494000000000000015e-02	9.318401135896381415e-02	1.267355667917351880e+00
1.494999999999999975e-02	9.274455823396382526e-02	1.260031449167351880e+00
1.495999999999999934e-02	9.274455823396382526e-02	1.262472855417351880e+00
1.497000000000000067e-02	9.225627698396382526e-02	1.256369339792351880e+00
1.498000000000000026e-02	9.225627698396382526e-02	1.258810746042351880e+00
1.498999999999999985e-02	9.171916760896381415e-02	1.251486527292351880e+00
1.499999999999999944e-02	9.171916760896381415e-02	1.253927933542351880e+00
1.501000000000000077e-02	9.113323010896381970e-02	1.246603714792351880e+00
1.502000000000000036e-02	9.113323010896381970e-02	1.250265824167351880e+00
1.502999999999999996e-02	9.049846448396381415e-02	1.242941605417351880e+00
1.503999999999999955e-02	9.049846448396381415e-02	1.245383011667351880e+00
1.504999999999999914e-02	8.986369885896382248e-02	1.238058792917351880e+00
1.506000000000000047e-02	8.986369885896382248e-02	1.241720902292351880e+00
1.507000000000000006e-02	8.918010510896381970e-02	1.234396683542351880e+00
1.507999999999999965e-02	8.918010510896381970e-02	1.236838089792351880e+00
1.508999999999999925e-02	8.849651135896381693e-02	1.229513871042351880e+00
1.510000000000000057e-02	8.849651135896381693e-02	1.231955277292351880e+00
1.511000000000000017e-02	8.781291760896381415e-02	1.224631058542351880e+00
1.511999999999999976e-02	8.776408948396381693e-02	1.228293167917351880e+00
1.512999999999999935e-02	8.708049573396381415e-02	1.220968949167351880e+00
1.514000000000000068e-02	8.708049573396381415e-02	1.223410355417351880e+00
1.515000000000000027e-02	8.634807385896381415e-02	1.216086136667351880e+00
1.515999999999999986e-02	8.634807385896381415e-02	1.218527542917351880e+00
1.516999999999999946e-02	8.561565198396381415e-02	1.211203324167351880e+00
1.518000000000000078e-02	8.556682385896381693e-02	1.214865433542351880e+00
1.519000000000000038e-02	8.488323010896381415e-02	1.207541214792351880e+00
