time[s]	CH1[V]	CH2[V] (num. of cycles: 1)
0.000000000000000000e+00	-7.426892732319079204e-02	-1.222779123406661173e+00
1.000000000000000082e-05	-7.426892732319079204e-02	-1.222779123406661173e+00
2.000000000000000164e-05	-7.412244294819080037e-02	-1.219117014031661173e+00
3.000000000000000076e-05	-7.456189607319078927e-02	-1.226441232781661173e+00
4.000000000000000327e-05	-7.441541169819079760e-02	-1.222779123406661173e+00
5.000000000000000240e-05	-7.485486482319080037e-02	-1.230103342156661173e+00
6.000000000000000152e-05	-7.475720857319079204e-02	-1.227661935906661173e+00
6.999999999999999387e-05	-7.519666169819079482e-02	-1.233765451531661173e+00
8.000000000000000654e-05	-7.505017732319080315e-02	-1.231324045281661173e+00
9.000000000000000567e-05	-7.548963044819079204e-02	-1.237427560906661173e+00
1.000000000000000048e-04	-7.534314607319080037e-02	-1.233765451531661173e+00
1.100000000000000039e-04	-7.578259919819080315e-02	-1.241089670281661173e+00
1.200000000000000030e-04	-7.563611482319079760e-02	-1.238648264031661173e+00
1.299999999999999886e-04	-7.607556794819080037e-02	-1.245972482781661173e+00
1.399999999999999877e-04	-7.592908357319079482e-02	-1.242310373406661173e+00
1.499999999999999869e-04	-7.636853669819079760e-02	-1.249634592156661173e+00
1.600000000000000131e-04	-7.627088044819080315e-02	-1.245972482781661173e+00
1.700000000000000122e-04	-7.666150544819079482e-02	-1.252075998406661173e+00
1.800000000000000113e-04	-7.656384919819080037e-02	-1.249634592156661173e+00
1.900000000000000105e-04	-7.695447419819079204e-02	-1.255738107781661173e+00
2.000000000000000096e-04	-7.685681794819079760e-02	-1.253296701531661173e+00
2.100000000000000087e-04	-7.729627107319080037e-02	-1.260620920281661173e+00
2.200000000000000078e-04	-7.714978669819079482e-02	-1.255738107781661173e+00
2.300000000000000070e-04	-7.758923982319079760e-02	-1.263062326531661173e+00
2.400000000000000061e-04	-7.749158357319080315e-02	-1.260620920281661173e+00
2.500000000000000052e-04	-7.788220857319079482e-02	-1.267945139031661173e+00
2.599999999999999772e-04	-7.778455232319080037e-02	-1.264283029656661173e+00
2.700000000000000035e-04	-7.822400544819080315e-02	-1.271607248406661173e+00
2.799999999999999755e-04	-7.812634919819079482e-02	-1.267945139031661173e+00
2.900000000000000017e-04	-7.851697419819080037e-02	-1.275269357781661173e+00
2.999999999999999737e-04	-7.841931794819079204e-02	-1.271607248406661173e+00
3.099999999999999999e-04	-7.885877107319079482e-02	-1.278931467156661173e+00
3.200000000000000262e-04	-7.876111482319080037e-02	-1.275269357781661173e+00
3.299999999999999982e-04	-7.920056794819080315e-02	-1.282593576531661173e+00
3.400000000000000244e-04	-7.905408357319079760e-02	-1.278931467156661173e+00
3.499999999999999964e-04	-7.954236482319079760e-02	-1.286255685906661173e+00
3.600000000000000227e-04	-7.944470857319080315e-02	-1.282593576531661173e+00
3.699999999999999947e-04	-7.988416169819079204e-02	-1.289917795281661173e+00
3.800000000000000209e-04	-7.973767732319080037e-02	-1.286255685906661173e+00
3.899999999999999929e-04	-8.017713044819080315e-02	-1.293579904656661173e+00
4.000000000000000192e-04	-8.007947419819079482e-02	-1.289917795281661173e+00
4.099999999999999912e-04	-8.051892732319079760e-02	-1.296021310906661173e+00
4.200000000000000174e-04	-8.042127107319080315e-02	-1.293579904656661173e+00
4.299999999999999894e-04	-8.086072419819079204e-02	-1.300904123406661173e+00
4.400000000000000157e-04	-8.081189607319079482e-02	-1.297242014031661173e+00
4.499999999999999877e-04	-8.125134919819079760e-02	-1.304566232781661173e+00
4.600000000000000139e-04	-8.110486482319079204e-02	-1.300904123406661173e+00
4.699999999999999859e-04	-8.159314607319079204e-02	-1.308228342156661173e+00
4.800000000000000122e-04	-8.149548982319079760e-02	-1.304566232781661173e+00
4.899999999999999842e-04	-8.193494294819080037e-02	-1.311890451531661173e+00
5.000000000000000104e-04	-8.183728669819079204e-02	-1.308228342156661173e+00
5.100000000000000366e-04	-8.227673982319079482e-02	-1.315552560906661173e+00
5.199999999999999544e-04	-8.217908357319080037e-02	-1.311890451531661173e+00
5.299999999999999807e-04	-8.266736482319080037e-02	-1.319214670281661173e+00
5.400000000000000069e-04	-8.252088044819079482e-02	-1.315552560906661173e+00
5.500000000000000331e-04	-8.300916169819079482e-02	-1.322876779656661173e+00
5.599999999999999509e-04	-8.291150544819080037e-02	-1.319214670281661173e+00
5.699999999999999772e-04	-8.335095857319080315e-02	-1.326538889031661173e+00
5.800000000000000034e-04	-8.325330232319079482e-02	-1.322876779656661173e+00
5.900000000000000296e-04	-8.369275544819079760e-02	-1.330200998406661173e+00
5.999999999999999474e-04	-8.364392732319080037e-02	-1.326538889031661173e+00
6.099999999999999737e-04	-8.403455232319079204e-02	-1.333863107781661173e+00
6.199999999999999999e-04	-8.398572419819079482e-02	-1.330200998406661173e+00
6.300000000000000261e-04	-8.442517732319079760e-02	-1.337525217156661173e+00
6.400000000000000524e-04	-8.432752107319080315e-02	-1.333863107781661173e+00
6.499999999999999702e-04	-8.481580232319080315e-02	-1.341187326531661173e+00
6.599999999999999964e-04	-8.471814607319079482e-02	-1.337525217156661173e+00
6.700000000000000226e-04	-8.515759919819079760e-02	-1.344849435906661173e+00
6.800000000000000488e-04	-8.505994294819080315e-02	-1.341187326531661173e+00
6.899999999999999667e-04	-8.549939607319079204e-02	-1.347290842156661173e+00
6.999999999999999929e-04	-8.545056794819079482e-02	-1.344849435906661173e+00
7.100000000000000191e-04	-8.589002107319079760e-02	-1.350952951531661173e+00
7.200000000000000453e-04	-8.579236482319080315e-02	-1.348511545281661173e+00
7.299999999999999632e-04	-8.628064607319080315e-02	-1.355835764031661173e+00
7.399999999999999894e-04	-8.618298982319079482e-02	-1.352173654656661173e+00
7.500000000000000156e-04	-8.662244294819079760e-02	-1.359497873406661173e+00
7.600000000000000418e-04	-8.652478669819080315e-02	-1.355835764031661173e+00
7.699999999999999597e-04	-8.701306794819080315e-02	-1.363159982781661173e+00
7.799999999999999859e-04	-8.691541169819079482e-02	-1.359497873406661173e+00
7.900000000000000121e-04	-8.735486482319079760e-02	-1.365601389031661173e+00
8.000000000000000383e-04	-8.730603669819080037e-02	-1.361939279656661173e+00
8.099999999999999561e-04	-8.774548982319080315e-02	-1.369263498406661173e+00
8.199999999999999824e-04	-8.764783357319079482e-02	-1.365601389031661173e+00
8.300000000000000086e-04	-8.813611482319079482e-02	-1.372925607781661173e+00
8.400000000000000348e-04	-8.803845857319080037e-02	-1.369263498406661173e+00
8.499999999999999526e-04	-8.847791169819080315e-02	-1.376587717156661173e+00
8.599999999999999789e-04	-8.838025544819079482e-02	-1.372925607781661173e+00
8.700000000000000051e-04	-8.886853669819079482e-02	-1.380249826531661173e+00
8.800000000000000313e-04	-8.877088044819080037e-02	-1.376587717156661173e+00
8.899999999999999491e-04	-8.921033357319080315e-02	-1.383911935906661173e+00
8.999999999999999754e-04	-8.911267732319079482e-02	-1.380249826531661173e+00
9.100000000000000016e-04	-8.955213044819079760e-02	-1.387574045281661173e+00
9.200000000000000278e-04	-8.945447419819080315e-02	-1.383911935906661173e+00
9.300000000000000541e-04	-8.989392732319079204e-02	-1.391236154656661173e+00
9.399999999999999719e-04	-8.984509919819079482e-02	-1.387574045281661173e+00
9.499999999999999981e-04	-9.028455232319079760e-02	-1.394898264031661173e+00
9.600000000000000243e-04	-9.018689607319080315e-02	-1.391236154656661173e+00
9.700000000000000505e-04	-9.062634919819079204e-02	-1.398560373406661173e+00
9.799999999999999684e-04	-9.052869294819079760e-02	-1.394898264031661173e+00
9.899999999999999946e-04	-9.096814607319080037e-02	-1.401001779656661173e+00
1.000000000000000021e-03	-9.087048982319079204e-02	-1.391236154656661173e+00
1.010000000000000047e-03	-9.130994294819079482e-02	-1.398560373406661173e+00
1.020000000000000073e-03	-9.121228669819080037e-02	-1.386353342156661173e+00
1.030000000000000100e-03	-9.160291169819079204e-02	-1.393677560906661173e+00
1.039999999999999909e-03	-9.155408357319079482e-02	-1.382691232781661173e+00
1.049999999999999935e-03	-9.194470857319080037e-02	-1.390015451531661173e+00
1.059999999999999961e-03	-9.184705232319079204e-02	-1.377808420281661173e+00
1.069999999999999988e-03	-9.223767732319079760e-02	-1.385132639031661173e+00
1.080000000000000014e-03	-9.218884919819080037e-02	-1.374146310906661173e+00
1.090000000000000040e-03	-9.253064607319079482e-02	-1.381470529656661173e+00
1.100000000000000066e-03	-9.248181794819079760e-02	-1.369263498406661173e+00
1.110000000000000092e-03	-9.287244294819080315e-02	-1.376587717156661173e+00
1.119999999999999902e-03	-9.277478669819079482e-02	-1.364380685906661173e+00
1.129999999999999928e-03	-9.316541169819080037e-02	-1.371704904656661173e+00
1.139999999999999954e-03	-9.306775544819079204e-02	-1.360718576531661173e+00
1.149999999999999981e-03	-9.340955232319080037e-02	-1.368042795281661173e+00
1.160000000000000007e-03	-9.331189607319079204e-02	-1.355835764031661173e+00
1.170000000000000033e-03	-9.365369294819080037e-02	-1.363159982781661173e+00
1.180000000000000059e-03	-9.355603669819079204e-02	-1.352173654656661173e+00
1.190000000000000085e-03	-9.384900544819080315e-02	-1.359497873406661173e+00
1.199999999999999895e-03	-9.370252107319079760e-02	-1.347290842156661173e+00
1.209999999999999921e-03	-9.399548982319079482e-02	-1.354615060906661173e+00
1.219999999999999947e-03	-9.384900544819080315e-02	-1.342408029656661173e+00
1.229999999999999974e-03	-9.414197419819080037e-02	-1.350952951531661173e+00
1.240000000000000000e-03	-9.394666169819079760e-02	-1.338745920281661173e+00
1.250000000000000026e-03	-9.423963044819079482e-02	-1.346070139031661173e+00
1.260000000000000052e-03	-9.399548982319079482e-02	-1.333863107781661173e+00
1.270000000000000078e-03	-9.423963044819079482e-02	-1.341187326531661173e+00
1.280000000000000105e-03	-9.399548982319079482e-02	-1.330200998406661173e+00
1.289999999999999914e-03	-9.423963044819079482e-02	-1.337525217156661173e+00
1.299999999999999940e-03	-9.389783357319080037e-02	-1.325318185906661173e+00
1.309999999999999967e-03	-9.419080232319079760e-02	-1.332642404656661173e+00
1.319999999999999993e-03	-9.375134919819079482e-02	-1.320435373406661173e+00
1.330000000000000019e-03	-9.409314607319080315e-02	-1.327759592156661173e+00
1.340000000000000045e-03	-9.355603669819079204e-02	-1.316773264031661173e+00
1.350000000000000071e-03	-9.389783357319080037e-02	-1.324097482781661173e+00
1.360000000000000098e-03	-9.326306794819079482e-02	-1.311890451531661173e+00
1.369999999999999907e-03	-9.365369294819080037e-02	-1.319214670281661173e+00
1.379999999999999933e-03	-9.292127107319080037e-02	-1.307007639031661173e+00
1.389999999999999960e-03	-9.336072419819080315e-02	-1.315552560906661173e+00
1.399999999999999986e-03	-9.253064607319079482e-02	-1.303345529656661173e+00
1.410000000000000012e-03	-9.301892732319079482e-02	-1.310669748406661173e+00
1.420000000000000038e-03	-9.209119294819079204e-02	-1.299683420281661173e+00
1.430000000000000064e-03	-9.257947419819079204e-02	-1.307007639031661173e+00
1.440000000000000091e-03	-9.160291169819079204e-02	-1.294800607781661173e+00
1.449999999999999900e-03	-9.214002107319080315e-02	-1.302124826531661173e+00
1.459999999999999926e-03	-9.106580232319079482e-02	-1.289917795281661173e+00
1.469999999999999953e-03	-9.165173982319080315e-02	-1.297242014031661173e+00
1.479999999999999979e-03	-9.047986482319080037e-02	-1.286255685906661173e+00
1.490000000000000005e-03	-9.106580232319079482e-02	-1.293579904656661173e+00
1.500000000000000031e-03	-8.989392732319079204e-02	-1.281372873406661173e+00
1.510000000000000057e-03	-9.047986482319080037e-02	-1.288697092156661173e+00
1.520000000000000084e-03	-8.925916169819080037e-02	-1.276490060906661173e+00
1.529999999999999893e-03	-8.989392732319079204e-02	-1.285034982781661173e+00
1.539999999999999919e-03	-8.862439607319079482e-02	-1.272827951531661173e+00
1.549999999999999946e-03	-8.925916169819080037e-02	-1.280152170281661173e+00
1.559999999999999972e-03	-8.794080232319079204e-02	-1.267945139031661173e+00
1.569999999999999998e-03	-8.862439607319079482e-02	-1.275269357781661173e+00
1.580000000000000024e-03	-8.730603669819080037e-02	-1.264283029656661173e+00
1.590000000000000050e-03	-8.794080232319079204e-02	-1.271607248406661173e+00
1.600000000000000077e-03	-8.657361482319080037e-02	-1.259400217156661173e+00
1.610000000000000103e-03	-8.730603669819080037e-02	-1.266724435906661173e+00
1.619999999999999912e-03	-8.589002107319079760e-02	-1.254517404656661173e+00
1.629999999999999939e-03	-8.657361482319080037e-02	-1.263062326531661173e+00
1.639999999999999965e-03	-8.520642732319079482e-02	-1.250855295281661173e+00
1.649999999999999991e-03	-8.589002107319079760e-02	-1.258179514031661173e+00
1.660000000000000017e-03	-8.447400544819079482e-02	-1.245972482781661173e+00
1.670000000000000043e-03	-8.520642732319079482e-02	-1.253296701531661173e+00
1.680000000000000070e-03	-8.379041169819079204e-02	-1.242310373406661173e+00
1.690000000000000096e-03	-8.447400544819079482e-02	-1.249634592156661173e+00
1.699999999999999905e-03	-8.305798982319079204e-02	-1.237427560906661173e+00
1.709999999999999932e-03	-8.379041169819079204e-02	-1.244751779656661173e+00
1.719999999999999958e-03	-8.232556794819079204e-02	-1.232544748406661173e+00
1.729999999999999984e-03	-8.300916169819079482e-02	-1.241089670281661173e+00
1.740000000000000010e-03	-8.159314607319079204e-02	-1.228882639031661173e+00
1.750000000000000036e-03	-8.232556794819079204e-02	-1.236206857781661173e+00
1.760000000000000063e-03	-8.086072419819079204e-02	-1.223999826531661173e+00
1.770000000000000089e-03	-8.159314607319079204e-02	-1.231324045281661173e+00
1.779999999999999898e-03	-8.017713044819080315e-02	-1.219117014031661173e+00
1.789999999999999925e-03	-8.086072419819079204e-02	-1.227661935906661173e+00
1.799999999999999951e-03	-7.944470857319080315e-02	-1.215454904656661173e+00
1.809999999999999977e-03	-8.012830232319079204e-02	-1.222779123406661173e+00
1.820000000000000003e-03	-7.876111482319080037e-02	-1.210572092156661173e+00
1.830000000000000029e-03	-7.944470857319080315e-02	-1.217896310906661173e+00
1.840000000000000056e-03	-7.802869294819080037e-02	-1.206909982781661173e+00
1.850000000000000082e-03	-7.871228669819080315e-02	-1.214234201531661173e+00
1.860000000000000108e-03	-7.739392732319079482e-02	-1.202027170281661173e+00
1.869999999999999917e-03	-7.807752107319079760e-02	-1.209351389031661173e+00
1.879999999999999944e-03	-7.675916169819080315e-02	-1.197144357781661173e+00
1.889999999999999970e-03	-7.739392732319079482e-02	-1.204468576531661173e+00
1.899999999999999996e-03	-7.612439607319079760e-02	-1.193482248406661173e+00
1.910000000000000022e-03	-7.675916169819080315e-02	-1.200806467156661173e+00
1.920000000000000049e-03	-7.558728669819080037e-02	-1.188599435906661173e+00
1.930000000000000075e-03	-7.617322419819079482e-02	-1.195923654656661173e+00
1.940000000000000101e-03	-7.500134919819079204e-02	-1.184937326531661173e+00
1.949999999999999910e-03	-7.558728669819080037e-02	-1.192261545281661173e+00
1.959999999999999937e-03	-7.446423982319079482e-02	-1.180054514031661173e+00
1.969999999999999963e-03	-7.505017732319080315e-02	-1.187378732781661173e+00
1.979999999999999989e-03	-7.397595857319079482e-02	-1.175171701531661173e+00
1.990000000000000015e-03	-7.451306794819079204e-02	-1.182495920281661173e+00
2.000000000000000042e-03	-7.353650544819079204e-02	-1.170288889031661173e+00
2.010000000000000068e-03	-7.402478669819079204e-02	-1.178833810906661173e+00
2.020000000000000094e-03	-7.309705232319078927e-02	-1.166626779656661173e+00
2.030000000000000120e-03	-7.358533357319078927e-02	-1.173950998406661173e+00
2.040000000000000147e-03	-7.270642732319079760e-02	-1.162964670281661173e+00
2.050000000000000173e-03	-7.314588044819080037e-02	-1.170288889031661173e+00
2.060000000000000199e-03	-7.231580232319079204e-02	-1.158081857781661173e+00
2.069999999999999792e-03	-7.275525544819079482e-02	-1.165406076531661173e+00
2.079999999999999818e-03	-7.192517732319080037e-02	-1.153199045281661173e+00
2.089999999999999844e-03	-7.236463044819078927e-02	-1.160523264031661173e+00
2.099999999999999870e-03	-7.158338044819079204e-02	-1.149536935906661173e+00
2.109999999999999896e-03	-7.202283357319079482e-02	-1.156861154656661173e+00
2.119999999999999923e-03	-7.124158357319079760e-02	-1.144654123406661173e+00
2.129999999999999949e-03	-7.168103669819080037e-02	-1.151978342156661173e+00
2.139999999999999975e-03	-7.094861482319080037e-02	-1.140992014031661173e+00
2.150000000000000001e-03	-7.138806794819078927e-02	-1.148316232781661173e+00
2.160000000000000028e-03	-7.065564607319078927e-02	-1.136109201531661173e+00
2.170000000000000054e-03	-7.104627107319079482e-02	-1.143433420281661173e+00
2.180000000000000080e-03	-7.036267732319079204e-02	-1.131226389031661173e+00
2.190000000000000106e-03	-7.075330232319079760e-02	-1.138550607781661173e+00
2.200000000000000133e-03	-7.006970857319079482e-02	-1.127564279656661173e+00
2.210000000000000159e-03	-7.046033357319080037e-02	-1.134888498406661173e+00
2.220000000000000185e-03	-6.977673982319079760e-02	-1.122681467156661173e+00
2.230000000000000211e-03	-7.016736482319078927e-02	-1.130005685906661173e+00
2.239999999999999804e-03	-6.953259919819079760e-02	-1.119019357781661173e+00
2.249999999999999830e-03	-6.992322419819078927e-02	-1.126343576531661173e+00
2.259999999999999856e-03	-6.923963044819080037e-02	-1.114136545281661173e+00
2.269999999999999882e-03	-6.963025544819079204e-02	-1.121460764031661173e+00
2.279999999999999909e-03	-6.904431794819079760e-02	-1.109253732781661173e+00
2.289999999999999935e-03	-6.943494294819078927e-02	-1.116577951531661173e+00
2.299999999999999961e-03	-6.880017732319079760e-02	-1.105591623406661173e+00
2.309999999999999987e-03	-6.919080232319078927e-02	-1.112915842156661173e+00
2.320000000000000014e-03	-6.855603669819079760e-02	-1.100708810906661173e+00
2.330000000000000040e-03	-6.894666169819078927e-02	-1.108033029656661173e+00
2.340000000000000066e-03	-6.836072419819079482e-02	-1.095825998406661173e+00
2.350000000000000092e-03	-6.875134919819080037e-02	-1.103150217156661173e+00
2.360000000000000119e-03	-6.811658357319079482e-02	-1.092163889031661173e+00
2.370000000000000145e-03	-6.850720857319080037e-02	-1.099488107781661173e+00
2.380000000000000171e-03	-6.792127107319079204e-02	-1.087281076531661173e+00
2.390000000000000197e-03	-6.831189607319079760e-02	-1.094605295281661173e+00
2.399999999999999790e-03	-6.772595857319078927e-02	-1.083618967156661173e+00
2.409999999999999816e-03	-6.811658357319079482e-02	-1.090943185906661173e+00
2.419999999999999842e-03	-6.753064607319080037e-02	-1.078736154656661173e+00
2.429999999999999868e-03	-6.792127107319079204e-02	-1.086060373406661173e+00
2.439999999999999895e-03	-6.733533357319079760e-02	-1.073853342156661173e+00
2.449999999999999921e-03	-6.772595857319078927e-02	-1.081177560906661173e+00
2.459999999999999947e-03	-6.714002107319079482e-02	-1.070191232781661173e+00
2.469999999999999973e-03	-6.753064607319080037e-02	-1.077515451531661173e+00
2.480000000000000000e-03	-6.694470857319079204e-02	-1.065308420281661173e+00
2.490000000000000026e-03	-6.728650544819080037e-02	-1.072632639031661173e+00
2.500000000000000052e-03	-6.670056794819079204e-02	-1.061646310906661173e+00
2.510000000000000078e-03	-6.709119294819079760e-02	-1.068970529656661173e+00
2.520000000000000104e-03	-6.645642732319079204e-02	-1.056763498406661173e+00
2.530000000000000131e-03	-6.689588044819079482e-02	-1.064087717156661173e+00
2.540000000000000157e-03	-6.626111482319078927e-02	-1.051880685906661173e+00
2.550000000000000183e-03	-6.665173982319079482e-02	-1.060425607781661173e+00
2.560000000000000209e-03	-6.601697419819078927e-02	-1.048218576531661173e+00
2.569999999999999802e-03	-6.640759919819079482e-02	-1.055542795281661173e+00
2.579999999999999828e-03	-6.572400544819079204e-02	-1.043335764031661173e+00
2.589999999999999854e-03	-6.616345857319079482e-02	-1.050659982781661173e+00
2.599999999999999881e-03	-6.547986482319079204e-02	-1.039673654656661173e+00
2.609999999999999907e-03	-6.587048982319079760e-02	-1.046997873406661173e+00
2.619999999999999933e-03	-6.523572419819079204e-02	-1.034790842156661173e+00
2.629999999999999959e-03	-6.562634919819079760e-02	-1.042115060906661173e+00
2.639999999999999986e-03	-6.494275544819079482e-02	-1.031128732781661173e+00
2.650000000000000012e-03	-6.533338044819080037e-02	-1.038452951531661173e+00
2.660000000000000038e-03	-6.464978669819079760e-02	-1.026245920281661173e+00
2.670000000000000064e-03	-6.504041169819078927e-02	-1.033570139031661173e+00
2.680000000000000090e-03	-6.430798982319078927e-02	-1.022583810906661173e+00
2.690000000000000117e-03	-6.474744294819079204e-02	-1.029908029656661173e+00
2.700000000000000143e-03	-6.401502107319079204e-02	-1.017700998406661173e+00
2.710000000000000169e-03	-6.440564607319079760e-02	-1.025025217156661173e+00
2.720000000000000195e-03	-6.367322419819079760e-02	-1.014038889031661173e+00
2.729999999999999788e-03	-6.411267732319080037e-02	-1.020142404656661173e+00
2.739999999999999814e-03	-6.338025544819080037e-02	-1.009156076531661173e+00
2.749999999999999840e-03	-6.377088044819079204e-02	-1.016480295281661173e+00
2.759999999999999867e-03	-6.303845857319079204e-02	-1.004273264031661173e+00
2.769999999999999893e-03	-6.347791169819079482e-02	-1.011597482781661173e+00
2.779999999999999919e-03	-6.264783357319080037e-02	-9.993904515316611725e-01
2.789999999999999945e-03	-6.308728669819078927e-02	-1.007935373406661173e+00
2.799999999999999972e-03	-6.230603669819079204e-02	-9.957283421566611725e-01
2.809999999999999998e-03	-6.274548982319079482e-02	-1.003052560906661173e+00
2.820000000000000024e-03	-6.191541169819079343e-02	-9.908455296566611725e-01
2.830000000000000050e-03	-6.240369294819079343e-02	-9.981697484066611725e-01
2.840000000000000076e-03	-6.157361482319079204e-02	-9.871834202816611725e-01
2.850000000000000103e-03	-6.201306794819079482e-02	-9.945076390316611725e-01
2.860000000000000129e-03	-6.118298982319079343e-02	-9.823006077816611725e-01
2.870000000000000155e-03	-6.167127107319079343e-02	-9.896248265316611725e-01
2.880000000000000181e-03	-6.079236482319079482e-02	-9.774177952816611725e-01
2.890000000000000208e-03	-6.128064607319079482e-02	-9.859627171566611725e-01
2.899999999999999800e-03	-6.040173982319079621e-02	-9.737556859066611725e-01
2.909999999999999826e-03	-6.089002107319079621e-02	-9.810799046566611725e-01
2.919999999999999853e-03	-6.001111482319079760e-02	-9.688728734066611725e-01
2.929999999999999879e-03	-6.049939607319079760e-02	-9.761970921566611725e-01
2.939999999999999905e-03	-5.962048982319079204e-02	-9.652107640316611725e-01
2.949999999999999931e-03	-6.005994294819079482e-02	-9.725349827816611725e-01
2.959999999999999958e-03	-5.922986482319079343e-02	-9.603279515316611725e-01
2.969999999999999984e-03	-5.966931794819079621e-02	-9.676521702816611725e-01
2.980000000000000010e-03	-5.879041169819079760e-02	-9.554451390316611725e-01
2.990000000000000036e-03	-5.927869294819079760e-02	-9.639900609066611725e-01
3.000000000000000062e-03	-5.839978669819079204e-02	-9.517830296566611725e-01
3.010000000000000089e-03	-5.888806794819079204e-02	-9.591072484066611725e-01
3.020000000000000115e-03	-5.800916169819079343e-02	-9.469002171566611725e-01
3.030000000000000141e-03	-5.849744294819079343e-02	-9.542244359066611725e-01
3.040000000000000167e-03	-5.761853669819079482e-02	-9.432381077816611725e-01
3.050000000000000194e-03	-5.805798982319079760e-02	-9.505623265316611725e-01
3.059999999999999786e-03	-5.717908357319079204e-02	-9.383552952816611725e-01
3.069999999999999812e-03	-5.766736482319079204e-02	-9.456795140316611725e-01
3.079999999999999839e-03	-5.678845857319079343e-02	-9.346931859066611725e-01
3.089999999999999865e-03	-5.727673982319079343e-02	-9.420174046566611725e-01
3.099999999999999891e-03	-5.639783357319079482e-02	-9.298103734066611725e-01
3.109999999999999917e-03	-5.683728669819079760e-02	-9.371345921566611725e-01
3.119999999999999944e-03	-5.595838044819079204e-02	-9.249275609066611725e-01
3.129999999999999970e-03	-5.644666169819079204e-02	-9.322517796566611725e-01
3.139999999999999996e-03	-5.556775544819079343e-02	-9.212654515316611725e-01
3.150000000000000022e-03	-5.605603669819079343e-02	-9.285896702816611725e-01
3.160000000000000048e-03	-5.512830232319079760e-02	-9.163826390316611725e-01
3.170000000000000075e-03	-5.561658357319079760e-02	-9.237068577816611725e-01
3.180000000000000101e-03	-5.473767732319079204e-02	-9.114998265316611725e-01
3.190000000000000127e-03	-5.522595857319079204e-02	-9.200447484066611725e-01
3.200000000000000153e-03	-5.434705232319079343e-02	-9.078377171566611725e-01
3.210000000000000180e-03	-5.483533357319079343e-02	-9.151619359066611725e-01
3.220000000000000206e-03	-5.395642732319079482e-02	-9.029549046566611725e-01
3.229999999999999798e-03	-5.444470857319079482e-02	-9.114998265316611725e-01
3.239999999999999825e-03	-5.356580232319079621e-02	-8.992927952816611725e-01
3.249999999999999851e-03	-5.405408357319079621e-02	-9.066170140316611725e-01
3.259999999999999877e-03	-5.322400544819079482e-02	-8.944099827816611725e-01
3.269999999999999903e-03	-5.366345857319079760e-02	-9.017342015316611725e-01
3.279999999999999930e-03	-5.278455232319079204e-02	-8.907478734066611725e-01
3.289999999999999956e-03	-5.327283357319079204e-02	-8.980720921566611725e-01
3.299999999999999982e-03	-5.244275544819079760e-02	-8.858650609066611725e-01
3.310000000000000008e-03	-5.288220857319079343e-02	-8.931892796566611725e-01
3.320000000000000034e-03	-5.205213044819079204e-02	-8.809822484066611725e-01
3.330000000000000061e-03	-5.249158357319079482e-02	-8.895271702816611725e-01
3.340000000000000087e-03	-5.171033357319079760e-02	-8.773201390316611725e-01
3.350000000000000113e-03	-5.214978669819079343e-02	-8.846443577816611725e-01
3.360000000000000139e-03	-5.131970857319079204e-02	-8.724373265316611725e-01
3.370000000000000166e-03	-5.175916169819079482e-02	-8.797615452816611725e-01
3.380000000000000192e-03	-5.097791169819079760e-02	-8.687752171566611725e-01
3.389999999999999784e-03	-5.141736482319079343e-02	-8.760994359066611725e-01
3.399999999999999811e-03	-5.063611482319079621e-02	-8.638924046566611725e-01
3.409999999999999837e-03	-5.102673982319079482e-02	-8.712166234066611725e-01
3.419999999999999863e-03	-5.024548982319079760e-02	-8.590095921566611725e-01
3.429999999999999889e-03	-5.068494294819079343e-02	-8.675545140316611725e-01
3.439999999999999915e-03	-4.990369294819079621e-02	-8.553474827816611725e-01
3.449999999999999942e-03	-5.034314607319079204e-02	-8.626717015316611725e-01
3.459999999999999968e-03	-4.956189607319079482e-02	-8.516853734066611725e-01
3.469999999999999994e-03	-5.000134919819079760e-02	-8.590095921566611725e-01
3.480000000000000020e-03	-4.922009919819079343e-02	-8.468025609066611725e-01
3.490000000000000047e-03	-4.965955232319079621e-02	-8.541267796566611725e-01
3.500000000000000073e-03	-4.892713044819079621e-02	-8.419197484066611725e-01
3.510000000000000099e-03	-4.931775544819079482e-02	-8.492439671566611725e-01
3.520000000000000125e-03	-4.858533357319079482e-02	-8.382576390316611725e-01
3.530000000000000152e-03	-4.897595857319079343e-02	-8.455818577816611725e-01
3.540000000000000178e-03	-4.824353669819079343e-02	-8.333748265316611725e-01
3.550000000000000204e-03	-4.868298982319079621e-02	-8.406990452816611725e-01
3.559999999999999797e-03	-4.795056794819079621e-02	-8.284920140316611725e-01
3.569999999999999823e-03	-4.834119294819079482e-02	-8.358162327816611725e-01
3.579999999999999849e-03	-4.760877107319079482e-02	-8.248299046566611725e-01
3.589999999999999875e-03	-4.804822419819079760e-02	-8.321541234066611725e-01
3.599999999999999901e-03	-4.736463044819079482e-02	-8.199470921566611725e-01
3.609999999999999928e-03	-4.775525544819079343e-02	-8.272713109066611725e-01
3.619999999999999954e-03	-4.702283357319079343e-02	-8.150642796566611725e-01
3.629999999999999980e-03	-4.746228669819079621e-02	-8.236092015316611725e-01
3.640000000000000006e-03	-4.672986482319079621e-02	-8.114021702816611725e-01
3.650000000000000033e-03	-4.716931794819079204e-02	-8.187263890316611725e-01
3.660000000000000059e-03	-4.648572419819079621e-02	-8.065193577816611725e-01
3.670000000000000085e-03	-4.687634919819079482e-02	-8.138435765316611725e-01
3.680000000000000111e-03	-4.619275544819079204e-02	-8.028572484066611725e-01
3.690000000000000138e-03	-4.658338044819079760e-02	-8.101814671566611725e-01
3.700000000000000164e-03	-4.594861482319079204e-02	-7.979744359066611725e-01
3.710000000000000190e-03	-4.633923982319079760e-02	-8.052986546566611725e-01
3.720000000000000216e-03	-4.565564607319079482e-02	-7.943123265316611725e-01
3.729999999999999809e-03	-4.609509919819079760e-02	-8.016365452816611725e-01
3.739999999999999835e-03	-4.541150544819079482e-02	-7.894295140316611725e-01
3.749999999999999861e-03	-4.580213044819079343e-02	-7.967537327816611725e-01
3.759999999999999887e-03	-4.516736482319079482e-02	-7.857674046566611725e-01
3.769999999999999914e-03	-4.555798982319079343e-02	-7.930916234066611725e-01
3.779999999999999940e-03	-4.487439607319079760e-02	-7.808845921566611725e-01
3.789999999999999966e-03	-4.531384919819079343e-02	-7.882088109066611725e-01
3.799999999999999992e-03	-4.463025544819079760e-02	-7.760017796566611725e-01
3.810000000000000019e-03	-4.502088044819079621e-02	-7.833259984066611725e-01
3.820000000000000045e-03	-4.438611482319079760e-02	-7.723396702816611725e-01
3.830000000000000071e-03	-4.477673982319079621e-02	-7.796638890316611725e-01
3.840000000000000097e-03	-4.414197419819079760e-02	-7.674568577816611725e-01
3.850000000000000124e-03	-4.453259919819079621e-02	-7.747810765316611725e-01
3.860000000000000150e-03	-4.389783357319079760e-02	-7.637947484066611725e-01
3.870000000000000176e-03	-4.428845857319079621e-02	-7.711189671566611725e-01
3.880000000000000202e-03	-4.360486482319079343e-02	-7.589119359066611725e-01
3.889999999999999795e-03	-4.399548982319079204e-02	-7.662361546566611725e-01
3.899999999999999821e-03	-4.336072419819079343e-02	-7.540291234066611725e-01
3.910000000000000281e-03	-4.375134919819079204e-02	-7.625740452816611725e-01
3.919999999999999873e-03	-4.306775544819079621e-02	-7.503670140316611725e-01
3.930000000000000333e-03	-4.345838044819079482e-02	-7.576912327816611725e-01
3.939999999999999926e-03	-4.282361482319079621e-02	-7.454842015316611725e-01
3.950000000000000386e-03	-4.321423982319079482e-02	-7.528084202816611725e-01
3.959999999999999978e-03	-4.253064607319079204e-02	-7.418220921566611725e-01
3.969999999999999571e-03	-4.297009919819079482e-02	-7.491463109066611725e-01
3.980000000000000031e-03	-4.223767732319079482e-02	-7.369392796566611725e-01
3.989999999999999623e-03	-4.267713044819079760e-02	-7.442634984066611725e-01
4.000000000000000083e-03	-4.199353669819079482e-02	-7.332771702816611725e-01
4.009999999999999676e-03	-4.238416169819079343e-02	-7.406013890316611725e-01
4.020000000000000136e-03	-4.170056794819079760e-02	-7.283943577816611725e-01
4.029999999999999728e-03	-4.209119294819079621e-02	-7.357185765316611725e-01
4.040000000000000188e-03	-4.140759919819079343e-02	-7.235115452816611725e-01
4.049999999999999781e-03	-4.184705232319079621e-02	-7.308357640316611725e-01
4.060000000000000241e-03	-4.111463044819079621e-02	-7.198494359066611725e-01
4.069999999999999833e-03	-4.155408357319079204e-02	-7.271736546566611725e-01
4.080000000000000293e-03	-4.082166169819079204e-02	-7.149666234066611725e-01
4.089999999999999886e-03	-4.126111482319079482e-02	-7.222908421566611725e-01
4.100000000000000346e-03	-4.052869294819079482e-02	-7.113045140316611725e-01
4.109999999999999938e-03	-4.091931794819079343e-02	-7.186287327816611725e-01
4.120000000000000398e-03	-4.023572419819079760e-02	-7.064217015316611725e-01
4.129999999999999991e-03	-4.067517732319079343e-02	-7.137459202816611725e-01
4.139999999999999583e-03	-3.994275544819079343e-02	-7.027595921566611725e-01
4.150000000000000043e-03	-4.038220857319079621e-02	-7.100838109066611725e-01
4.159999999999999636e-03	-3.964978669819079621e-02	-6.978767796566611725e-01
4.170000000000000095e-03	-4.008923982319079204e-02	-7.052009984066611725e-01
4.179999999999999688e-03	-3.935681794819079204e-02	-6.929939671566611725e-01
4.190000000000000148e-03	-3.979627107319079482e-02	-7.003181859066611725e-01
4.199999999999999740e-03	-3.906384919819079482e-02	-6.893318577816611725e-01
4.210000000000000200e-03	-3.945447419819079343e-02	-6.966560765316611725e-01
4.219999999999999793e-03	-3.877088044819079760e-02	-6.844490452816611725e-01
4.230000000000000253e-03	-3.916150544819079621e-02	-6.917732640316611725e-01
4.239999999999999845e-03	-3.847791169819079343e-02	-6.807869359066611725e-01
4.250000000000000305e-03	-3.886853669819079204e-02	-6.881111546566611725e-01
4.259999999999999898e-03	-3.813611482319079204e-02	-6.759041234066611725e-01
4.270000000000000358e-03	-3.857556794819079482e-02	-6.832283421566611725e-01
4.279999999999999950e-03	-3.784314607319079482e-02	-6.710213109066611725e-01
4.290000000000000410e-03	-3.823377107319079343e-02	-6.795662327816611725e-01
4.300000000000000003e-03	-3.750134919819079343e-02	-6.673592015316611725e-01
4.309999999999999595e-03	-3.794080232319079621e-02	-6.746834202816611725e-01
4.320000000000000055e-03	-3.715955232319079204e-02	-6.636970921566611725e-01
4.329999999999999648e-03	-3.759900544819079482e-02	-6.698006077816611725e-01
4.340000000000000108e-03	-3.686658357319079482e-02	-6.588142796566611725e-01
4.349999999999999700e-03	-3.725720857319079343e-02	-6.661384984066611725e-01
4.360000000000000160e-03	-3.652478669819079343e-02	-6.539314671566611725e-01
4.369999999999999753e-03	-3.696423982319079621e-02	-6.612556859066611725e-01
4.380000000000000213e-03	-3.618298982319079204e-02	-6.502693577816611725e-01
4.389999999999999805e-03	-3.662244294819079482e-02	-6.575935765316611725e-01
4.400000000000000265e-03	-3.584119294819079066e-02	-6.453865452816611725e-01
4.409999999999999858e-03	-3.628064607319079343e-02	-6.527107640316611725e-01
4.420000000000000318e-03	-3.549939607319079621e-02	-6.417244359066611725e-01
4.429999999999999910e-03	-3.593884919819079204e-02	-6.490486546566611725e-01
4.440000000000000370e-03	-3.510877107319079066e-02	-6.368416234066611725e-01
4.449999999999999963e-03	-3.554822419819079343e-02	-6.441658421566611725e-01
4.460000000000000422e-03	-3.476697419819079621e-02	-6.319588109066611725e-01
4.470000000000000015e-03	-3.525525544819079621e-02	-6.405037327816611725e-01
4.479999999999999608e-03	-3.442517732319079482e-02	-6.282967015316611725e-01
4.490000000000000067e-03	-3.486463044819079066e-02	-6.356209202816611725e-01
4.499999999999999660e-03	-3.408338044819079343e-02	-6.234138890316611725e-01
4.510000000000000120e-03	-3.452283357319079621e-02	-6.307381077816611725e-01
4.519999999999999712e-03	-3.369275544819079482e-02	-6.197517796566611725e-01
4.530000000000000172e-03	-3.418103669819079482e-02	-6.270759984066611725e-01
4.539999999999999765e-03	-3.335095857319079343e-02	-6.148689671566611725e-01
4.550000000000000225e-03	-3.383923982319079343e-02	-6.221931859066611725e-01
4.559999999999999817e-03	-3.300916169819079204e-02	-6.112068577816611725e-01
4.570000000000000277e-03	-3.344861482319079482e-02	-6.185310765316611725e-01
4.579999999999999870e-03	-3.261853669819079343e-02	-6.063240452816611725e-01
4.590000000000000330e-03	-3.310681794819079343e-02	-6.136482640316611725e-01
4.599999999999999922e-03	-3.227673982319079204e-02	-6.014412327816611725e-01
4.610000000000000382e-03	-3.271619294819079482e-02	-6.087654515316611725e-01
4.619999999999999975e-03	-3.188611482319079343e-02	-5.977791234066611725e-01
4.629999999999999567e-03	-3.237439607319079343e-02	-6.051033421566611725e-01
4.640000000000000027e-03	-3.154431794819079204e-02	-5.941170140316611725e-01
4.649999999999999620e-03	-3.198377107319079482e-02	-6.002205296566611725e-01
4.660000000000000080e-03	-3.115369294819079343e-02	-5.892342015316611725e-01
4.669999999999999672e-03	-3.159314607319079621e-02	-5.965584202816611725e-01
4.680000000000000132e-03	-3.081189607319079204e-02	-5.843513890316611725e-01
4.689999999999999725e-03	-3.125134919819079482e-02	-5.916756077816611725e-01
4.700000000000000185e-03	-3.042127107319079343e-02	-5.806892796566611725e-01
4.709999999999999777e-03	-3.086072419819079274e-02	-5.880134984066611725e-01
4.720000000000000237e-03	-3.003064607319079482e-02	-5.758064671566611725e-01
4.729999999999999830e-03	-3.051892732319079482e-02	-5.831306859066611725e-01
4.740000000000000289e-03	-2.968884919819079343e-02	-5.721443577816611725e-01
4.749999999999999882e-03	-3.012830232319079274e-02	-5.794685765316611725e-01
4.760000000000000342e-03	-2.929822419819079482e-02	-5.672615452816611725e-01
4.769999999999999934e-03	-2.973767732319079413e-02	-5.745857640316611725e-01
4.780000000000000394e-03	-2.890759919819079274e-02	-5.623787327816611725e-01
4.789999999999999987e-03	-2.934705232319079204e-02	-5.709236546566611725e-01
4.799999999999999580e-03	-2.851697419819079413e-02	-5.587166234066611725e-01
4.810000000000000039e-03	-2.900525544819079413e-02	-5.660408421566611725e-01
4.819999999999999632e-03	-2.817517732319079274e-02	-5.550545140316611725e-01
4.830000000000000092e-03	-2.861463044819079204e-02	-5.623787327816611725e-01
4.839999999999999684e-03	-2.783338044819079482e-02	-5.501717015316611725e-01
4.850000000000000144e-03	-2.827283357319079413e-02	-5.574959202816611725e-01
4.859999999999999737e-03	-2.744275544819079274e-02	-5.465095921566611725e-01
4.870000000000000197e-03	-2.788220857319079204e-02	-5.538338109066611725e-01
4.879999999999999789e-03	-2.710095857319079482e-02	-5.416267796566611725e-01
4.890000000000000249e-03	-2.754041169819079413e-02	-5.489509984066611725e-01
4.899999999999999842e-03	-2.671033357319079274e-02	-5.367439671566611725e-01
4.910000000000000302e-03	-2.714978669819079204e-02	-5.440681859066611725e-01
4.919999999999999894e-03	-2.636853669819079482e-02	-5.330818577816611725e-01
4.930000000000000354e-03	-2.680798982319079413e-02	-5.404060765316611725e-01
4.939999999999999947e-03	-2.602673982319079343e-02	-5.294197484066611725e-01
4.950000000000000407e-03	-2.646619294819079274e-02	-5.355232640316611725e-01
4.959999999999999999e-03	-2.563611482319079482e-02	-5.245369359066611725e-01
4.969999999999999592e-03	-2.607556794819079413e-02	-5.318611546566611725e-01
4.980000000000000052e-03	-2.529431794819079343e-02	-5.196541234066611725e-01
4.989999999999999644e-03	-2.573377107319079274e-02	-5.269783421566611725e-01
5.000000000000000104e-03	-2.495252107319079204e-02	-5.159920140316611725e-01
5.009999999999999697e-03	-2.539197419819079482e-02	-5.233162327816611725e-01
5.020000000000000157e-03	-2.461072419819079066e-02	-5.111092015316611725e-01
5.029999999999999749e-03	-2.505017732319079343e-02	-5.184334202816611725e-01
5.040000000000000209e-03	-2.426892732319078927e-02	-5.074470921566611725e-01
5.049999999999999802e-03	-2.465955232319079135e-02	-5.147713109066611725e-01
5.060000000000000261e-03	-2.392713044819079135e-02	-5.025642796566611725e-01
5.069999999999999854e-03	-2.431775544819078996e-02	-5.098884984066611725e-01
5.080000000000000314e-03	-2.353650544819078927e-02	-4.989021702816612280e-01
5.089999999999999906e-03	-2.397595857319079204e-02	-5.062263890316611725e-01
5.100000000000000366e-03	-2.324353669819079204e-02	-4.940193577816612280e-01
5.109999999999999959e-03	-2.363416169819079066e-02	-5.013435765316611725e-01
5.120000000000000419e-03	-2.290173982319079066e-02	-4.903572484066612280e-01
5.130000000000000011e-03	-2.329236482319078927e-02	-4.976814671566612280e-01
5.139999999999999604e-03	-2.255994294819078927e-02	-4.854744359066612280e-01
5.150000000000000064e-03	-2.299939607319079204e-02	-4.927986546566612280e-01
5.159999999999999656e-03	-2.221814607319079135e-02	-4.818123265316612280e-01
5.170000000000000116e-03	-2.265759919819079066e-02	-4.891365452816612280e-01
5.179999999999999709e-03	-2.187634919819078996e-02	-4.769295140316612280e-01
5.190000000000000169e-03	-2.231580232319078927e-02	-4.842537327816612280e-01
5.199999999999999761e-03	-2.158338044819078927e-02	-4.732674046566612280e-01
5.210000000000000221e-03	-2.197400544819079135e-02	-4.793709202816612280e-01
5.219999999999999814e-03	-2.124158357319079135e-02	-4.683845921566612280e-01
5.230000000000000274e-03	-2.168103669819079066e-02	-4.757088109066612280e-01
5.239999999999999866e-03	-2.094861482319079066e-02	-4.635017796566612280e-01
5.250000000000000326e-03	-2.138806794819078996e-02	-4.720467015316612280e-01
5.259999999999999919e-03	-2.065564607319078996e-02	-4.598396702816612280e-01
5.270000000000000379e-03	-2.104627107319079204e-02	-4.671638890316612280e-01
5.279999999999999971e-03	-2.031384919819079204e-02	-4.549568577816612280e-01
5.290000000000000431e-03	-2.075330232319079135e-02	-4.635017796566612280e-01
5.300000000000000024e-03	-2.006970857319079204e-02	-4.512947484066612280e-01
5.309999999999999616e-03	-2.046033357319079066e-02	-4.586189671566612280e-01
5.320000000000000076e-03	-1.977673982319079135e-02	-4.464119359066612280e-01
5.329999999999999669e-03	-2.016736482319078996e-02	-4.549568577816612280e-01
5.340000000000000129e-03	-1.948377107319079066e-02	-4.427498265316612280e-01
5.349999999999999721e-03	-1.987439607319078927e-02	-4.500740452816612280e-01
5.360000000000000181e-03	-1.919080232319078996e-02	-4.378670140316612280e-01
5.369999999999999774e-03	-1.958142732319079204e-02	-4.451912327816612280e-01
5.380000000000000233e-03	-1.889783357319078927e-02	-4.342049046566612280e-01
5.389999999999999826e-03	-1.928845857319079135e-02	-4.415291234066612280e-01
5.400000000000000286e-03	-1.860486482319078858e-02	-4.293220921566612280e-01
5.409999999999999878e-03	-1.899548982319079066e-02	-4.366463109066612280e-01
5.420000000000000338e-03	-1.831189607319079135e-02	-4.256599827816612280e-01
5.429999999999999931e-03	-1.870252107319078996e-02	-4.329842015316612280e-01
5.440000000000000391e-03	-1.801892732319079066e-02	-4.219978734066612280e-01
5.449999999999999983e-03	-1.840955232319078927e-02	-4.281013890316612280e-01
5.459999999999999576e-03	-1.772595857319078996e-02	-4.171150609066612280e-01
5.470000000000000036e-03	-1.811658357319078858e-02	-4.244392796566612280e-01
5.479999999999999628e-03	-1.743298982319078927e-02	-4.134529515316612280e-01
5.490000000000000088e-03	-1.782361482319079135e-02	-4.195564671566612280e-01
5.499999999999999681e-03	-1.709119294819079135e-02	-4.085701390316612280e-01
5.510000000000000141e-03	-1.753064607319079066e-02	-4.158943577816612280e-01
5.519999999999999733e-03	-1.679822419819079066e-02	-4.049080296566612280e-01
5.530000000000000193e-03	-1.723767732319078996e-02	-4.122322484066612280e-01
5.539999999999999786e-03	-1.650525544819078996e-02	-4.000252171566612280e-01
5.550000000000000246e-03	-1.689588044819078858e-02	-4.073494359066612280e-01
5.559999999999999838e-03	-1.621228669819078927e-02	-3.963631077816612280e-01
5.570000000000000298e-03	-1.660291169819079135e-02	-4.024666234066612280e-01
5.579999999999999891e-03	-1.587048982319079135e-02	-3.914802952816612280e-01
5.590000000000000351e-03	-1.630994294819079066e-02	-3.988045140316612280e-01
5.599999999999999943e-03	-1.557752107319079066e-02	-3.878181859066612280e-01
5.610000000000000403e-03	-1.596814607319078927e-02	-3.939217015316612280e-01
5.619999999999999996e-03	-1.523572419819078927e-02	-3.829353734066612280e-01
5.629999999999999588e-03	-1.567517732319078858e-02	-3.902595921566612280e-01
5.640000000000000048e-03	-1.494275544819079031e-02	-3.792732640316612280e-01
5.649999999999999641e-03	-1.533338044819079066e-02	-3.865974827816612280e-01
5.660000000000000100e-03	-1.460095857319079066e-02	-3.743904515316612280e-01
5.669999999999999693e-03	-1.504041169819078996e-02	-3.817146702816612280e-01
5.680000000000000153e-03	-1.430798982319078996e-02	-3.707283421566612280e-01
5.689999999999999745e-03	-1.469861482319079031e-02	-3.780525609066612280e-01
5.700000000000000205e-03	-1.396619294819079031e-02	-3.658455296566612280e-01
5.709999999999999798e-03	-1.440564607319078962e-02	-3.731697484066612280e-01
5.720000000000000258e-03	-1.367322419819078962e-02	-3.621834202816612280e-01
5.729999999999999850e-03	-1.406384919819078996e-02	-3.695076390316612280e-01
5.740000000000000310e-03	-1.333142732319078996e-02	-3.573006077816612280e-01
5.749999999999999903e-03	-1.377088044819078927e-02	-3.646248265316612280e-01
5.760000000000000363e-03	-1.303845857319078927e-02	-3.536384984066612280e-01
5.769999999999999955e-03	-1.342908357319078962e-02	-3.609627171566612280e-01
5.780000000000000415e-03	-1.274548982319079031e-02	-3.487556859066612280e-01
5.790000000000000008e-03	-1.313611482319079066e-02	-3.560799046566612280e-01
5.799999999999999600e-03	-1.240369294819079066e-02	-3.450935765316612280e-01
5.810000000000000060e-03	-1.284314607319078996e-02	-3.524177952816612280e-01
5.819999999999999653e-03	-1.211072419819078996e-02	-3.402107640316612280e-01
5.830000000000000113e-03	-1.250134919819079031e-02	-3.475349827816612280e-01
5.839999999999999705e-03	-1.176892732319079031e-02	-3.365486546566612280e-01
5.850000000000000165e-03	-1.220838044819078962e-02	-3.438728734066612280e-01
5.859999999999999758e-03	-1.147595857319078962e-02	-3.316658421566612280e-01
5.870000000000000218e-03	-1.191541169819079066e-02	-3.389900609066612280e-01
5.879999999999999810e-03	-1.113416169819078996e-02	-3.280037327816612280e-01
5.890000000000000270e-03	-1.157361482319078927e-02	-3.353279515316612280e-01
5.899999999999999863e-03	-1.084119294819078927e-02	-3.231209202816612280e-01
5.910000000000000323e-03	-1.128064607319079031e-02	-3.304451390316612280e-01
5.919999999999999915e-03	-1.049939607319078962e-02	-3.194588109066612280e-01
5.930000000000000375e-03	-1.093884919819079066e-02	-3.267830296566612280e-01
5.939999999999999968e-03	-1.020642732319079066e-02	-3.145759984066612280e-01
5.950000000000000427e-03	-1.064588044819078996e-02	-3.219002171566612280e-01
5.960000000000000020e-03	-9.864630448190789269e-03	-3.109138890316611725e-01
5.969999999999999613e-03	-1.030408357319079031e-02	-3.182381077816612280e-01
5.980000000000000072e-03	-9.571661698190790310e-03	-3.060310765316611725e-01
5.989999999999999665e-03	-9.962286698190790657e-03	-3.133552952816612280e-01
6.000000000000000125e-03	-9.181036698190789963e-03	-3.023689671566611725e-01
6.009999999999999717e-03	-9.669317948190789963e-03	-3.096931859066611725e-01
6.020000000000000177e-03	-8.888067948190789269e-03	-2.974861546566611725e-01
6.029999999999999770e-03	-9.327521073190790310e-03	-3.048103734066611725e-01
6.040000000000000230e-03	-8.595099198190790310e-03	-2.938240452816611725e-01
6.049999999999999822e-03	-8.985724198190788922e-03	-3.011482640316611725e-01
6.060000000000000282e-03	-8.253302323190788922e-03	-2.889412327816611725e-01
6.069999999999999875e-03	-8.692755448190789963e-03	-2.962654515316611725e-01
6.080000000000000335e-03	-7.960333573190789963e-03	-2.852791234066611725e-01
6.089999999999999927e-03	-8.350958573190790310e-03	-2.926033421566611725e-01
6.100000000000000387e-03	-7.618536698190789443e-03	-2.816170140316611725e-01
6.109999999999999980e-03	-8.057989823190789616e-03	-2.877205296566611725e-01
6.119999999999999572e-03	-7.325567948190789616e-03	-2.767342015316611725e-01
6.130000000000000032e-03	-7.716192948190789963e-03	-2.840584202816611725e-01
6.139999999999999625e-03	-7.032599198190789790e-03	-2.718513890316611725e-01
6.150000000000000085e-03	-7.423224198190789269e-03	-2.803963109066611725e-01
6.159999999999999677e-03	-6.739630448190789963e-03	-2.681892796566611725e-01
6.170000000000000137e-03	-7.130255448190789443e-03	-2.755134984066611725e-01
6.179999999999999730e-03	-6.446661698190789269e-03	-2.633064671566611725e-01
6.190000000000000190e-03	-6.837286698190789616e-03	-2.718513890316611725e-01
6.199999999999999782e-03	-6.153692948190789443e-03	-2.596443577816611725e-01
6.210000000000000242e-03	-6.544317948190789790e-03	-2.669685765316611725e-01
6.219999999999999835e-03	-5.860724198190789616e-03	-2.559822484066611725e-01
6.230000000000000294e-03	-6.251349198190789963e-03	-2.633064671566611725e-01
6.239999999999999887e-03	-5.567755448190789790e-03	-2.510994359066611725e-01
6.250000000000000347e-03	-6.007208573190789963e-03	-2.584236546566611725e-01
6.259999999999999939e-03	-5.323614823190789790e-03	-2.474373265316612003e-01
6.270000000000000399e-03	-5.714239823190789269e-03	-2.547615452816611725e-01
6.279999999999999992e-03	-5.030646073190789963e-03	-2.425545140316612003e-01
6.289999999999999584e-03	-5.421271073190789443e-03	-2.498787327816612003e-01
6.300000000000000044e-03	-4.737677323190789269e-03	-2.388924046566612003e-01
6.309999999999999637e-03	-5.177130448190789443e-03	-2.462166234066612003e-01
6.320000000000000097e-03	-4.493536698190789269e-03	-2.352302952816612003e-01
6.329999999999999689e-03	-4.884161698190789616e-03	-2.425545140316612003e-01
6.340000000000000149e-03	-4.200567948190789443e-03	-2.303474827816612003e-01
6.349999999999999742e-03	-4.591192948190789790e-03	-2.376717015316612003e-01
6.360000000000000202e-03	-3.956427323190789443e-03	-2.266853734066612003e-01
6.369999999999999794e-03	-4.347052323190789790e-03	-2.340095921566612003e-01
6.380000000000000254e-03	-3.663458573190789616e-03	-2.218025609066612003e-01
6.389999999999999847e-03	-4.054083573190789096e-03	-2.291267796566612003e-01
6.400000000000000307e-03	-3.419317948190789616e-03	-2.181404515316612003e-01
6.409999999999999899e-03	-3.809942948190789529e-03	-2.254646702816612003e-01
6.420000000000000359e-03	-3.126349198190789356e-03	-2.132576390316612003e-01
6.429999999999999952e-03	-3.516974198190789269e-03	-2.205818577816612003e-01
6.440000000000000412e-03	-2.882208573190789356e-03	-2.095955296566612003e-01
6.450000000000000004e-03	-3.272833573190789269e-03	-2.169197484066612003e-01
6.459999999999999597e-03	-2.638067948190789356e-03	-2.059334202816612003e-01
6.470000000000000057e-03	-3.028692948190789269e-03	-2.120369359066612003e-01
6.479999999999999649e-03	-2.393927323190789356e-03	-2.010506077816612003e-01
6.490000000000000109e-03	-2.784552323190789269e-03	-2.083748265316612003e-01
6.499999999999999702e-03	-2.149786698190789356e-03	-1.973884984066612003e-01
6.510000000000000162e-03	-2.540411698190789269e-03	-2.034920140316612003e-01
6.519999999999999754e-03	-1.954474198190789182e-03	-1.925056859066612003e-01
6.530000000000000214e-03	-2.296271073190789269e-03	-1.998299046566612003e-01
6.539999999999999807e-03	-1.710333573190789399e-03	-1.888435765316612003e-01
6.550000000000000266e-03	-2.100958573190789529e-03	-1.961677952816612003e-01
6.559999999999999859e-03	-1.515021073190789443e-03	-1.839607640316612003e-01
6.570000000000000319e-03	-1.856817948190789313e-03	-1.912849827816612003e-01
6.579999999999999911e-03	-1.319708573190789486e-03	-1.802986546566612003e-01
6.590000000000000371e-03	-1.661505448190789356e-03	-1.864021702816612003e-01
6.599999999999999964e-03	-1.124396073190789529e-03	-1.754158421566612003e-01
6.610000000000000424e-03	-1.466192948190789616e-03	-1.827400609066612003e-01
6.620000000000000016e-03	-9.290835731907894643e-04	-1.717537327816612003e-01
6.629999999999999609e-03	-1.270880448190789443e-03	-1.790779515316612003e-01
6.640000000000000069e-03	-7.337710731907895077e-04	-1.668709202816612003e-01
6.649999999999999661e-03	-1.075567948190789486e-03	-1.754158421566612003e-01
6.660000000000000121e-03	-5.872866981907894860e-04	-1.632088109066612003e-01
6.669999999999999714e-03	-9.290835731907894643e-04	-1.705330296566612003e-01
6.680000000000000174e-03	-4.408023231907894643e-04	-1.595467015316612003e-01
6.689999999999999766e-03	-7.825991981907894426e-04	-1.668709202816612003e-01
6.700000000000000226e-03	-2.454898231907894535e-04	-1.546638890316612003e-01
6.709999999999999819e-03	-5.872866981907894860e-04	-1.619881077816612003e-01
6.720000000000000279e-03	-9.900544819078944535e-05	-1.510017796566612003e-01
6.729999999999999871e-03	-4.408023231907894643e-04	-1.583259984066612003e-01
6.740000000000000331e-03	4.747892680921056278e-05	-1.461189671566612003e-01
6.749999999999999924e-03	-2.943179481907894426e-04	-1.534431859066612003e-01
6.760000000000000384e-03	1.939633018092105574e-04	-1.424568577816612003e-01
6.769999999999999976e-03	-1.478335731907894481e-04	-1.497810765316612003e-01
6.779999999999999569e-03	3.892758018092105682e-04	-1.387947484066612003e-01
6.790000000000000029e-03	-1.349198190789442684e-06	-1.448982640316612003e-01
6.799999999999999621e-03	4.869320518092106007e-04	-1.339119359066612003e-01
6.810000000000000081e-03	1.451351768092105682e-04	-1.412361546566612003e-01
6.819999999999999674e-03	6.334164268092106224e-04	-1.302498265316612003e-01
6.830000000000000134e-03	2.916195518092105899e-04	-1.375740452816612003e-01
6.839999999999999726e-03	7.799008018092106441e-04	-1.253670140316612003e-01
6.850000000000000186e-03	4.381039268092105574e-04	-1.326912327816612003e-01
6.859999999999999779e-03	8.775570518092106224e-04	-1.217049046566612003e-01
6.870000000000000238e-03	5.357601768092105357e-04	-1.290291234066612003e-01
6.879999999999999831e-03	1.024041426809210644e-03	-1.168220921566612003e-01
6.890000000000000291e-03	6.822445518092105574e-04	-1.253670140316612003e-01
6.899999999999999883e-03	1.170525801809210557e-03	-1.131599827816612003e-01
6.910000000000000343e-03	8.287289268092105790e-04	-1.204842015316612003e-01
6.919999999999999936e-03	1.317010176809210687e-03	-1.094978734066612003e-01
6.930000000000000396e-03	9.752133018092106007e-04	-1.168220921566612003e-01
6.939999999999999988e-03	1.463494551809210601e-03	-1.046150609066612003e-01
6.949999999999999581e-03	1.121697676809210514e-03	-1.119392796566612003e-01
6.960000000000000041e-03	1.609978926809210731e-03	-1.009529515316612003e-01
6.969999999999999633e-03	1.268182051809210644e-03	-1.082771702816612003e-01
6.980000000000000093e-03	1.756463301809210861e-03	-9.607013903166120028e-02
6.989999999999999686e-03	1.365838301809210731e-03	-1.033943577816612003e-01
7.000000000000000146e-03	1.854119551809210731e-03	-9.240802965666120028e-02
7.009999999999999738e-03	1.512322676809210644e-03	-9.973224840666120028e-02
7.020000000000000198e-03	1.951775801809210818e-03	-8.874592028166120028e-02
7.029999999999999791e-03	1.609978926809210731e-03	-9.484943590666120028e-02
7.040000000000000251e-03	2.098260176809210731e-03	-8.386310778166120028e-02
7.049999999999999843e-03	1.756463301809210861e-03	-9.118732653166120028e-02
7.060000000000000303e-03	2.195916426809210818e-03	-8.020099840666120028e-02
7.069999999999999896e-03	1.854119551809210731e-03	-8.752521715666120028e-02
7.080000000000000356e-03	2.293572676809210904e-03	-7.531818590666120028e-02
7.089999999999999948e-03	1.951775801809210818e-03	-8.264240465666120028e-02
7.100000000000000408e-03	2.391228926809210991e-03	-7.165607653166120028e-02
7.110000000000000001e-03	2.098260176809210731e-03	-7.898029528166120028e-02
7.119999999999999593e-03	2.537713301809210904e-03	-6.799396715666120028e-02
7.130000000000000053e-03	2.195916426809210818e-03	-7.409748278166120028e-02
7.139999999999999646e-03	2.586541426809210731e-03	-6.311115465666120028e-02
7.150000000000000105e-03	2.293572676809210904e-03	-7.043537340666120028e-02
7.159999999999999698e-03	2.684197676809210818e-03	-5.944904528166119334e-02
7.170000000000000158e-03	2.342400801809210731e-03	-6.677326403166120028e-02
7.179999999999999750e-03	2.781853926809210904e-03	-5.456623278166119334e-02
7.190000000000000210e-03	2.440057051809210818e-03	-6.189045153166119334e-02
7.199999999999999803e-03	2.879510176809210991e-03	-5.090412340666119334e-02
7.210000000000000263e-03	2.537713301809210904e-03	-5.822834215666119334e-02
7.219999999999999855e-03	2.977166426809211078e-03	-4.602131090666119334e-02
7.230000000000000315e-03	2.635369551809210991e-03	-5.334552965666119334e-02
7.239999999999999908e-03	3.074822676809210731e-03	-4.235920153166119334e-02
7.250000000000000368e-03	2.733025801809211078e-03	-4.968342028166119334e-02
7.259999999999999960e-03	3.123650801809210991e-03	-3.869709215666119334e-02
7.270000000000000420e-03	2.781853926809210904e-03	-4.602131090666119334e-02
7.280000000000000013e-03	3.221307051809211078e-03	-3.381427965666119334e-02
7.289999999999999605e-03	2.879510176809210991e-03	-4.113849840666119334e-02
7.300000000000000065e-03	3.270135176809210904e-03	-3.015217028166119334e-02
7.309999999999999658e-03	2.977166426809211078e-03	-3.747638903166119334e-02
7.320000000000000118e-03	3.367791426809210991e-03	-2.526935778166119334e-02
7.329999999999999710e-03	3.025994551809210904e-03	-3.259357653166119334e-02
7.340000000000000170e-03	3.416619551809210818e-03	-2.160724840666119334e-02
7.349999999999999763e-03	3.123650801809210991e-03	-2.893146715666119334e-02
7.360000000000000223e-03	3.514275801809210904e-03	-1.794513903166119334e-02
7.369999999999999815e-03	3.172478926809210818e-03	-2.526935778166119334e-02
7.380000000000000275e-03	3.563103926809210731e-03	-1.306232653166119334e-02
7.389999999999999868e-03	3.270135176809210904e-03	-2.038654528166119334e-02
7.400000000000000328e-03	3.611932051809210991e-03	-9.400217156661193341e-03
7.409999999999999920e-03	3.318963301809210731e-03	-1.672443590666119334e-02
7.420000000000000380e-03	3.709588301809211078e-03	-4.517404656661193341e-03
7.429999999999999973e-03	3.367791426809210991e-03	-1.184162340666119334e-02
7.440000000000000432e-03	3.758416426809210904e-03	-8.552952816611933406e-04
7.450000000000000025e-03	3.416619551809210818e-03	-8.179514031661193341e-03
7.459999999999999618e-03	3.807244551809210731e-03	4.027517218338806659e-03
7.470000000000000077e-03	3.514275801809210904e-03	-4.517404656661193341e-03
7.479999999999999670e-03	3.856072676809210991e-03	7.689626593338806659e-03
7.490000000000000130e-03	3.563103926809210731e-03	3.654078433388066594e-04
7.499999999999999722e-03	3.953728926809211078e-03	1.135173596833880666e-02
7.510000000000000182e-03	3.611932051809210991e-03	4.027517218338806659e-03
7.519999999999999775e-03	3.953728926809211078e-03	1.623454846833880666e-02
7.530000000000000235e-03	3.660760176809210818e-03	7.689626593338806659e-03
7.539999999999999827e-03	4.051385176809210731e-03	1.989665784333880666e-02
7.550000000000000287e-03	3.709588301809211078e-03	1.257243909333880666e-02
7.559999999999999880e-03	4.100213301809210557e-03	2.355876721833880666e-02
7.570000000000000340e-03	3.758416426809210904e-03	1.745525159333880666e-02
7.579999999999999932e-03	4.149041426809211251e-03	2.844157971833880666e-02
7.590000000000000392e-03	3.807244551809210731e-03	2.111736096833880666e-02
7.599999999999999985e-03	4.197869551809211078e-03	3.210368909333880666e-02
7.609999999999999577e-03	3.856072676809210991e-03	2.600017346833880666e-02
7.620000000000000037e-03	4.246697676809210904e-03	3.698650159333880666e-02
7.629999999999999630e-03	3.904900801809210818e-03	2.966228284333880666e-02
7.640000000000000090e-03	4.246697676809210904e-03	4.064861096833880666e-02
7.649999999999999682e-03	3.953728926809211078e-03	3.332439221833880666e-02
7.660000000000000142e-03	4.295525801809210731e-03	4.431072034333880666e-02
7.669999999999999735e-03	3.953728926809211078e-03	3.698650159333880666e-02
7.680000000000000195e-03	4.344353926809210557e-03	4.919353284333880666e-02
7.689999999999999787e-03	4.002557051809210904e-03	4.186931409333880666e-02
7.700000000000000247e-03	4.344353926809210557e-03	5.285564221833880666e-02
7.709999999999999840e-03	4.051385176809210731e-03	4.553142346833880666e-02
7.720000000000000299e-03	4.393182051809211251e-03	5.773845471833880666e-02
7.729999999999999892e-03	4.051385176809210731e-03	5.041423596833880666e-02
7.740000000000000352e-03	4.393182051809211251e-03	6.140056409333880666e-02
7.749999999999999944e-03	4.100213301809210557e-03	5.407634534333880666e-02
7.760000000000000404e-03	4.442010176809211078e-03	6.506267346833879972e-02
7.769999999999999997e-03	4.100213301809210557e-03	5.773845471833880666e-02
7.779999999999999589e-03	4.442010176809211078e-03	6.872478284333879972e-02
7.790000000000000049e-03	4.149041426809211251e-03	6.140056409333880666e-02
7.799999999999999642e-03	4.490838301809210904e-03	7.360759534333879972e-02
7.810000000000000102e-03	4.149041426809211251e-03	6.628337659333879972e-02
7.820000000000000562e-03	4.490838301809210904e-03	7.726970471833879972e-02
7.830000000000000154e-03	4.149041426809211251e-03	6.994548596833879972e-02
7.839999999999999747e-03	4.539666426809210731e-03	8.215251721833879972e-02
7.849999999999999339e-03	4.197869551809211078e-03	7.482829846833879972e-02
7.860000000000000667e-03	4.539666426809210731e-03	8.581462659333879972e-02
7.870000000000000259e-03	4.197869551809211078e-03	7.849040784333879972e-02
7.879999999999999852e-03	4.539666426809210731e-03	8.947673596833879972e-02
7.889999999999999444e-03	4.246697676809210904e-03	8.215251721833879972e-02
7.900000000000000772e-03	4.588494551809210557e-03	9.313884534333879972e-02
7.910000000000000364e-03	4.246697676809210904e-03	8.703532971833879972e-02
7.919999999999999957e-03	4.637322676809211251e-03	9.802165784333879972e-02
7.929999999999999549e-03	4.295525801809210731e-03	9.069743909333879972e-02
7.939999999999999142e-03	4.637322676809211251e-03	1.016837672183387997e-01
7.950000000000000469e-03	4.344353926809210557e-03	9.435954846833879972e-02
7.960000000000000062e-03	4.686150801809211078e-03	1.053458765933387997e-01
7.969999999999999654e-03	4.393182051809211251e-03	9.924236096833879972e-02
7.979999999999999247e-03	4.734978926809210904e-03	1.102286890933387997e-01
7.990000000000000574e-03	4.393182051809211251e-03	1.029044703433387997e-01
8.000000000000000167e-03	4.783807051809210731e-03	1.138907984683387997e-01
8.009999999999999759e-03	4.442010176809211078e-03	1.065665797183387997e-01
8.019999999999999352e-03	4.832635176809211425e-03	1.175529078433387997e-01
8.030000000000000679e-03	4.490838301809210904e-03	1.102286890933387997e-01
8.040000000000000271e-03	4.881463301809211251e-03	1.224357203433387997e-01
8.049999999999999864e-03	4.539666426809210731e-03	1.151115015933387997e-01
8.059999999999999457e-03	4.930291426809211078e-03	1.260978297183387997e-01
8.070000000000000784e-03	4.637322676809211251e-03	1.187736109683387997e-01
8.080000000000000376e-03	4.979119551809210904e-03	1.297599390933387997e-01
8.089999999999999969e-03	4.686150801809211078e-03	1.224357203433387997e-01
8.099999999999999561e-03	5.076775801809211425e-03	1.346427515933387997e-01
8.109999999999999154e-03	4.734978926809210904e-03	1.273185328433387997e-01
8.120000000000000481e-03	5.125603926809211251e-03	1.383048609683387997e-01
8.130000000000000074e-03	4.783807051809210731e-03	1.309806422183387997e-01
8.139999999999999666e-03	5.174432051809211078e-03	1.419669703433387997e-01
8.149999999999999259e-03	4.832635176809211425e-03	1.358634547183387997e-01
8.160000000000000586e-03	5.223260176809210904e-03	1.468497828433387997e-01
8.170000000000000179e-03	4.930291426809211078e-03	1.395255640933387997e-01
8.179999999999999771e-03	5.320916426809211425e-03	1.505118922183387997e-01
8.189999999999999364e-03	4.979119551809210904e-03	1.431876734683387997e-01
8.200000000000000691e-03	5.369744551809211251e-03	1.553947047183387997e-01
8.210000000000000284e-03	5.027947676809210731e-03	1.480704859683387997e-01
8.219999999999999876e-03	5.418572676809211078e-03	1.590568140933387997e-01
8.229999999999999469e-03	5.076775801809211425e-03	1.517325953433387997e-01
8.240000000000000796e-03	5.467400801809210904e-03	1.627189234683387997e-01
8.250000000000000389e-03	5.125603926809211251e-03	1.553947047183387997e-01
8.259999999999999981e-03	5.516228926809210731e-03	1.663810328433387997e-01
8.269999999999999574e-03	5.174432051809211078e-03	1.590568140933387997e-01
8.279999999999999166e-03	5.565057051809211425e-03	1.712638453433387997e-01
8.290000000000000493e-03	5.223260176809210904e-03	1.639396265933387997e-01
8.300000000000000086e-03	5.613885176809211251e-03	1.749259547183387997e-01
8.309999999999999679e-03	5.272088301809210731e-03	1.676017359683387997e-01
8.319999999999999271e-03	5.662713301809211078e-03	1.785880640933387997e-01
8.330000000000000598e-03	5.320916426809211425e-03	1.724845484683387997e-01
8.340000000000000191e-03	5.711541426809210904e-03	1.834708765933387997e-01
8.349999999999999784e-03	5.369744551809211251e-03	1.761466578433387997e-01
8.359999999999999376e-03	5.760369551809210731e-03	1.871329859683387997e-01
8.370000000000000703e-03	5.418572676809211078e-03	1.798087672183387997e-01
8.380000000000000296e-03	5.809197676809211425e-03	1.907950953433387997e-01
8.389999999999999888e-03	5.516228926809210731e-03	1.846915797183387997e-01
8.399999999999999481e-03	5.858025801809211251e-03	1.956779078433387997e-01
8.410000000000000808e-03	5.565057051809211425e-03	1.883536890933387997e-01
8.420000000000000401e-03	5.906853926809211078e-03	1.993400172183387997e-01
8.429999999999999993e-03	5.613885176809211251e-03	1.920157984683387997e-01
8.439999999999999586e-03	5.955682051809210904e-03	2.030021265933387997e-01
8.449999999999999178e-03	5.662713301809211078e-03	1.968986109683387997e-01
8.460000000000000506e-03	6.053338301809211425e-03	2.078849390933387997e-01
8.470000000000000098e-03	5.711541426809210904e-03	2.005607203433387997e-01
8.479999999999999691e-03	6.102166426809211251e-03	2.115470484683387997e-01
8.489999999999999283e-03	5.760369551809210731e-03	2.042228297183387997e-01
8.500000000000000611e-03	6.199822676809210904e-03	2.164298609683387997e-01
8.510000000000000203e-03	5.858025801809211251e-03	2.091056422183387997e-01
8.519999999999999796e-03	6.248650801809210731e-03	2.200919703433387997e-01
8.529999999999999388e-03	5.906853926809211078e-03	2.127677515933387997e-01
8.540000000000000716e-03	6.346307051809211251e-03	2.237540797183387997e-01
8.550000000000000308e-03	6.004510176809210731e-03	2.164298609683387997e-01
8.559999999999999901e-03	6.395135176809211078e-03	2.274161890933387997e-01
8.569999999999999493e-03	6.053338301809211425e-03	2.200919703433387997e-01
8.580000000000000820e-03	6.492791426809210731e-03	2.322990015933387997e-01
8.590000000000000413e-03	6.150994551809211078e-03	2.249747828433387997e-01
8.600000000000000006e-03	6.590447676809211251e-03	2.359611109683387997e-01
8.609999999999999598e-03	6.199822676809210904e-03	2.286368922183387997e-01
8.619999999999999191e-03	6.639275801809211078e-03	2.408439234683387997e-01
8.630000000000000518e-03	6.297478926809211425e-03	2.335197047183387997e-01
8.640000000000000110e-03	6.736932051809210731e-03	2.445060328433387997e-01
8.649999999999999703e-03	6.395135176809211078e-03	2.371818140933387997e-01
8.659999999999999296e-03	6.834588301809211251e-03	2.481681422183387997e-01
8.670000000000000623e-03	6.492791426809210731e-03	2.408439234683387997e-01
8.680000000000000215e-03	6.932244551809210904e-03	2.518302515933388275e-01
8.689999999999999808e-03	6.590447676809211251e-03	2.457267359683387997e-01
8.699999999999999400e-03	7.029900801809211425e-03	2.567130640933388275e-01
8.710000000000000728e-03	6.688103926809210904e-03	2.493888453433387997e-01
8.720000000000000320e-03	7.127557051809211078e-03	2.603751734683388275e-01
8.729999999999999913e-03	6.785760176809211425e-03	2.530509547183388275e-01
8.739999999999999505e-03	7.225213301809210731e-03	2.640372828433388275e-01
8.750000000000000833e-03	6.883416426809211078e-03	2.579337672183388275e-01
8.760000000000000425e-03	7.371697676809211078e-03	2.689200953433388275e-01
8.770000000000000018e-03	7.029900801809211425e-03	2.615958765933388275e-01
8.779999999999999610e-03	7.469353926809210731e-03	2.713615015933388275e-01
8.789999999999999203e-03	7.127557051809211078e-03	2.652579859683388275e-01
8.800000000000000530e-03	7.567010176809211251e-03	2.750236109683388275e-01
8.810000000000000123e-03	7.225213301809210731e-03	2.689200953433388275e-01
8.819999999999999715e-03	7.664666426809210904e-03	2.799064234683388275e-01
8.829999999999999308e-03	7.371697676809211078e-03	2.725822047183388275e-01
8.840000000000000635e-03	7.811150801809211251e-03	2.835685328433388275e-01
8.850000000000000228e-03	7.469353926809210731e-03	2.762443140933388275e-01
8.859999999999999820e-03	7.908807051809211772e-03	2.872306422183388275e-01
8.869999999999999413e-03	7.567010176809211251e-03	2.799064234683388275e-01
8.880000000000000740e-03	8.055291426809210384e-03	2.908927515933388275e-01
8.890000000000000333e-03	7.713494551809210731e-03	2.847892359683388275e-01
8.899999999999999925e-03	8.201775801809210731e-03	2.957755640933388275e-01
8.909999999999999518e-03	7.859978926809211078e-03	2.884513453433388275e-01
8.920000000000000845e-03	8.299432051809210384e-03	2.994376734683388275e-01
8.930000000000000437e-03	7.957635176809210731e-03	2.921134547183388275e-01
8.940000000000000030e-03	8.445916426809210731e-03	3.043204859683388275e-01
8.949999999999999623e-03	8.104119551809211078e-03	2.969962672183388275e-01
8.959999999999999215e-03	8.592400801809211078e-03	3.079825953433388275e-01
8.970000000000000542e-03	8.250603926809211425e-03	3.006583765933388275e-01
8.980000000000000135e-03	8.738885176809211425e-03	3.116447047183388275e-01
8.989999999999999727e-03	8.348260176809211078e-03	3.043204859683388275e-01
8.999999999999999320e-03	8.836541426809211078e-03	3.153068140933387720e-01
9.010000000000000647e-03	8.494744551809211425e-03	3.092032984683388275e-01
9.020000000000000240e-03	9.031853926809210384e-03	3.189689234683387720e-01
9.029999999999999832e-03	8.641228926809211772e-03	3.128654078433387720e-01
9.039999999999999425e-03	9.178338301809210731e-03	3.238517359683387720e-01
9.050000000000000752e-03	8.836541426809211078e-03	3.165275172183387720e-01
9.060000000000000345e-03	9.324822676809211078e-03	3.275138453433387720e-01
9.069999999999999937e-03	8.983025801809211425e-03	3.201896265933387720e-01
9.079999999999999530e-03	9.520135176809212119e-03	3.323966578433387720e-01
9.090000000000000857e-03	9.129510176809211772e-03	3.250724390933387720e-01
9.100000000000000450e-03	9.666619551809210731e-03	3.360587672183387720e-01
9.110000000000000042e-03	9.324822676809211078e-03	3.287345484683387720e-01
9.119999999999999635e-03	9.861932051809211772e-03	3.397208765933387720e-01
9.129999999999999227e-03	9.520135176809212119e-03	3.323966578433387720e-01
9.140000000000000555e-03	1.005724455180921108e-02	3.433829859683387720e-01
9.150000000000000147e-03	9.715447676809211425e-03	3.372794703433387720e-01
9.159999999999999740e-03	1.030138517680921108e-02	3.482657984683387720e-01
9.169999999999999332e-03	9.910760176809210731e-03	3.409415797183387720e-01
9.180000000000000659e-03	1.049669767680921212e-02	3.519279078433387720e-01
9.190000000000000252e-03	1.010607267680921177e-02	3.446036890933387720e-01
9.199999999999999845e-03	1.069201017680921142e-02	3.555900172183387720e-01
9.209999999999999437e-03	1.035021330180921177e-02	3.482657984683387720e-01
9.220000000000000764e-03	1.088732267680921073e-02	3.604728297183387720e-01
9.230000000000000357e-03	1.054552580180921108e-02	3.531486109683387720e-01
9.239999999999999949e-03	1.113146330180921073e-02	3.641349390933387720e-01
9.249999999999999542e-03	1.078966642680921108e-02	3.568107203433387720e-01
9.259999999999999135e-03	1.137560392680921073e-02	3.677970484683387720e-01
9.270000000000000462e-03	1.098497892680921212e-02	3.604728297183387720e-01
9.280000000000000054e-03	1.157091642680921177e-02	3.714591578433387720e-01
9.289999999999999647e-03	1.122911955180921212e-02	3.653556422183387720e-01
9.299999999999999239e-03	1.181505705180921177e-02	3.763419703433387720e-01
9.310000000000000567e-03	1.147326017680921212e-02	3.690177515933387720e-01
9.320000000000000159e-03	1.205919767680921177e-02	3.800040797183387720e-01
9.329999999999999752e-03	1.171740080180921212e-02	3.726798609683387720e-01
9.339999999999999344e-03	1.230333830180921177e-02	3.836661890933387720e-01
9.350000000000000672e-03	1.191271330180921142e-02	3.763419703433387720e-01
9.360000000000000264e-03	1.254747892680921177e-02	3.873282984683387720e-01
9.369999999999999857e-03	1.215685392680921142e-02	3.812247828433387720e-01
9.379999999999999449e-03	1.279161955180921177e-02	3.922111109683387720e-01
9.390000000000000777e-03	1.240099455180921142e-02	3.848868922183387720e-01
9.400000000000000369e-03	1.303576017680921177e-02	3.958732203433387720e-01
9.409999999999999962e-03	1.264513517680921142e-02	3.885490015933387720e-01
9.419999999999999554e-03	1.332872892680921073e-02	3.995353297183387720e-01
9.429999999999999147e-03	1.293810392680921212e-02	3.922111109683387720e-01
9.440000000000000474e-03	1.357286955180921073e-02	4.044181422183387720e-01
9.450000000000000067e-03	1.318224455180921212e-02	3.970939234683387720e-01
9.459999999999999659e-03	1.381701017680921073e-02	4.080802515933387720e-01
9.469999999999999252e-03	1.342638517680921212e-02	4.007560328433387720e-01
9.480000000000000579e-03	1.410997892680921142e-02	4.117423609683387720e-01
9.490000000000000172e-03	1.371935392680921108e-02	4.044181422183387720e-01
9.499999999999999764e-03	1.440294767680921212e-02	4.166251734683387720e-01
9.509999999999999357e-03	1.396349455180921108e-02	4.080802515933387720e-01
9.520000000000000684e-03	1.464708830180921212e-02	4.202872828433387720e-01
9.530000000000000276e-03	1.425646330180921177e-02	4.129630640933387720e-01
9.539999999999999869e-03	1.494005705180921108e-02	4.239493922183387720e-01
9.549999999999999462e-03	1.454943205180921073e-02	4.166251734683387720e-01
9.560000000000000789e-03	1.523302580180921177e-02	4.276115015933387720e-01
9.570000000000000381e-03	1.479357267680921073e-02	4.202872828433387720e-01
9.579999999999999974e-03	1.552599455180921073e-02	4.324943140933387720e-01
9.589999999999999566e-03	1.513536955180921212e-02	4.251700953433387720e-01
9.599999999999999159e-03	1.586779142680921212e-02	4.361564234683387720e-01
9.610000000000000486e-03	1.542833830180921108e-02	4.288322047183387720e-01
9.620000000000000079e-03	1.616076017680921281e-02	4.398185328433387720e-01
9.629999999999999671e-03	1.577013517680921073e-02	4.324943140933387720e-01
9.639999999999999264e-03	1.650255705180921073e-02	4.434806422183387720e-01
9.650000000000000591e-03	1.606310392680921142e-02	4.361564234683387720e-01
9.660000000000000184e-03	1.684435392680921212e-02	4.471427515933387720e-01
9.669999999999999776e-03	1.640490080180921281e-02	4.410392359683387720e-01
9.679999999999999369e-03	1.718615080180921004e-02	4.520255640933387720e-01
9.690000000000000696e-03	1.674669767680921073e-02	4.447013453433387720e-01
9.700000000000000289e-03	1.752794767680921142e-02	4.556876734683387720e-01
9.709999999999999881e-03	1.703966642680921142e-02	4.483634547183387720e-01
9.719999999999999474e-03	1.786974455180921281e-02	4.593497828433387720e-01
9.730000000000000801e-03	1.743029142680921004e-02	4.520255640933387720e-01
9.740000000000000394e-03	1.821154142680921073e-02	4.630118922183387720e-01
9.749999999999999986e-03	1.777208830180921142e-02	4.569083765933387720e-01
9.759999999999999579e-03	1.855333830180921212e-02	4.678947047183387720e-01
9.769999999999999171e-03	1.811388517680921281e-02	4.605704859683387720e-01
9.780000000000000498e-03	1.889513517680921351e-02	4.715568140933387720e-01
9.790000000000000091e-03	1.845568205180921073e-02	4.642325953433387720e-01
9.799999999999999684e-03	1.923693205180921142e-02	4.752189234683387720e-01
9.809999999999999276e-03	1.879747892680921212e-02	4.691154078433387720e-01
9.820000000000000603e-03	1.957872892680921281e-02	4.801017359683387720e-01
9.830000000000000196e-03	1.909044767680921281e-02	4.727775172183387720e-01
9.839999999999999789e-03	1.987169767680921351e-02	4.837638453433387720e-01
9.849999999999999381e-03	1.948107267680921142e-02	4.764396265933387720e-01
9.860000000000000708e-03	2.021349455180921142e-02	4.874259547183387720e-01
9.870000000000000301e-03	1.977404142680921212e-02	4.801017359683387720e-01
9.879999999999999893e-03	2.055529142680921281e-02	4.910880640933387720e-01
9.889999999999999486e-03	2.011583830180921351e-02	4.837638453433387720e-01
9.900000000000000813e-03	2.089708830180921073e-02	4.947501734683387720e-01
9.910000000000000406e-03	2.045763517680921142e-02	4.874259547183387720e-01
9.919999999999999998e-03	2.123888517680921212e-02	4.996329859683387720e-01
9.929999999999999591e-03	2.079943205180921281e-02	4.923087672183387720e-01
9.939999999999999183e-03	2.153185392680921281e-02	5.032950953433388275e-01
9.950000000000000511e-03	2.114122892680921073e-02	4.959708765933387720e-01
9.960000000000000103e-03	2.192247892680921142e-02	5.069572047183388275e-01
9.969999999999999696e-03	2.148302580180921212e-02	4.996329859683387720e-01
9.979999999999999288e-03	2.221544767680921212e-02	5.106193140933388275e-01
9.990000000000000616e-03	2.177599455180921281e-02	5.045157984683388275e-01
1.000000000000000021e-02	2.255724455180921351e-02	5.155021265933388275e-01
1.000999999999999980e-02	2.211779142680921073e-02	5.081779078433388275e-01
1.001999999999999939e-02	2.289904142680921142e-02	5.191642359683388275e-01
1.003000000000000072e-02	2.245958830180921212e-02	5.118400172183388275e-01
1.004000000000000031e-02	2.324083830180921281e-02	5.228263453433388275e-01
1.004999999999999991e-02	2.280138517680921351e-02	5.155021265933388275e-01
1.005999999999999950e-02	2.358263517680921073e-02	5.264884547183388275e-01
1.007000000000000083e-02	2.314318205180921142e-02	5.191642359683388275e-01
1.008000000000000042e-02	2.392443205180921212e-02	5.301505640933388275e-01
1.009000000000000001e-02	2.348497892680921281e-02	5.240470484683388275e-01
1.009999999999999960e-02	2.421740080180921281e-02	5.350333765933388275e-01
1.010999999999999920e-02	2.377794767680921351e-02	5.277091578433388275e-01
1.012000000000000052e-02	2.455919767680921073e-02	5.386954859683388275e-01
1.013000000000000012e-02	2.416857267680921212e-02	5.313712672183388275e-01
1.013999999999999971e-02	2.490099455180921212e-02	5.423575953433388275e-01
1.014999999999999930e-02	2.446154142680921281e-02	5.350333765933388275e-01
1.016000000000000063e-02	2.524279142680921004e-02	5.460197047183388275e-01
1.017000000000000022e-02	2.480333830180921073e-02	5.399161890933388275e-01
1.017999999999999981e-02	2.553576017680921073e-02	5.509025172183388275e-01
1.018999999999999941e-02	2.514513517680920865e-02	5.435782984683388275e-01
1.020000000000000073e-02	2.587755705180920865e-02	5.533439234683388275e-01
1.021000000000000033e-02	2.543810392680920934e-02	5.472404078433388275e-01
1.021999999999999992e-02	2.617052580180920934e-02	5.582267359683388275e-01
1.022999999999999951e-02	2.573107267680921004e-02	5.509025172183388275e-01
1.024000000000000084e-02	2.651232267680921073e-02	5.618888453433388275e-01
1.025000000000000043e-02	2.607286955180920796e-02	5.545646265933388275e-01
1.026000000000000002e-02	2.680529142680920796e-02	5.655509547183388275e-01
1.026999999999999962e-02	2.636583830180920865e-02	5.594474390933388275e-01
1.027999999999999921e-02	2.709826017680920865e-02	5.704337672183388275e-01
1.029000000000000054e-02	2.665880705180920934e-02	5.631095484683388275e-01
1.030000000000000013e-02	2.739122892680920934e-02	5.740958765933388275e-01
1.030999999999999972e-02	2.700060392680921073e-02	5.667716578433388275e-01
1.031999999999999931e-02	2.768419767680921004e-02	5.777579859683388275e-01
1.033000000000000064e-02	2.729357267680920796e-02	5.704337672183388275e-01
1.034000000000000023e-02	2.797716642680921073e-02	5.814200953433388275e-01
1.034999999999999983e-02	2.753771330180920796e-02	5.753165797183388275e-01
1.035999999999999942e-02	2.827013517680920796e-02	5.863029078433388275e-01
1.037000000000000074e-02	2.787951017680920934e-02	5.789786890933388275e-01
1.038000000000000034e-02	2.851427580180920796e-02	5.899650172183388275e-01
1.038999999999999993e-02	2.812365080180920934e-02	5.826407984683388275e-01
1.039999999999999952e-02	2.880724455180920865e-02	5.936271265933388275e-01
1.041000000000000085e-02	2.841661955180921004e-02	5.863029078433388275e-01
1.042000000000000044e-02	2.910021330180920934e-02	5.972892359683388275e-01
1.043000000000000003e-02	2.866076017680921004e-02	5.899650172183388275e-01
1.043999999999999963e-02	2.934435392680920934e-02	6.021720484683388275e-01
1.044999999999999922e-02	2.895372892680921073e-02	5.948478297183388275e-01
1.046000000000000055e-02	2.963732267680921004e-02	6.058341578433388275e-01
1.047000000000000014e-02	2.919786955180921073e-02	5.985099390933388275e-01
1.047999999999999973e-02	2.988146330180921004e-02	6.094962672183388275e-01
1.048999999999999932e-02	2.949083830180920796e-02	6.021720484683388275e-01
1.050000000000000065e-02	3.012560392680921004e-02	6.131583765933388275e-01
1.051000000000000024e-02	2.978380705180920865e-02	6.058341578433388275e-01
1.051999999999999984e-02	3.041857267680921073e-02	6.168204859683388275e-01
1.052999999999999943e-02	3.002794767680920865e-02	6.094962672183388275e-01
1.054000000000000076e-02	3.071154142680920796e-02	6.204825953433388275e-01
1.055000000000000035e-02	3.027208830180920865e-02	6.143790797183388275e-01
1.055999999999999994e-02	3.095568205180920796e-02	6.253654078433388275e-01
1.056999999999999953e-02	3.056505705180920934e-02	6.180411890933388275e-01
1.058000000000000086e-02	3.124865080180920865e-02	6.290275172183388275e-01
1.059000000000000045e-02	3.085802580180921004e-02	6.217032984683388275e-01
1.060000000000000005e-02	3.149279142680921212e-02	6.326896265933388275e-01
1.060999999999999964e-02	3.110216642680921004e-02	6.253654078433388275e-01
1.061999999999999923e-02	3.178576017680920934e-02	6.363517359683388275e-01
1.063000000000000056e-02	3.139513517680921073e-02	6.302482203433388275e-01
1.064000000000000015e-02	3.207872892680920657e-02	6.412345484683388275e-01
1.064999999999999974e-02	3.168810392680920796e-02	6.339103297183388275e-01
1.065999999999999934e-02	3.237169767680921073e-02	6.448966578433388275e-01
1.067000000000000066e-02	3.198107267680921212e-02	6.375724390933388275e-01
1.068000000000000026e-02	3.266466642680920796e-02	6.485587672183388275e-01
1.068999999999999985e-02	3.227404142680920934e-02	6.412345484683388275e-01
1.069999999999999944e-02	3.300646330180920934e-02	6.522208765933388275e-01
1.071000000000000077e-02	3.256701017680920657e-02	6.448966578433388275e-01
1.072000000000000036e-02	3.329943205180920657e-02	6.558829859683388275e-01
1.072999999999999995e-02	3.290880705180920796e-02	6.497794703433388275e-01
1.073999999999999955e-02	3.359240080180921073e-02	6.595450953433388275e-01
1.074999999999999914e-02	3.320177580180921212e-02	6.534415797183388275e-01
1.076000000000000047e-02	3.388536955180920796e-02	6.644279078433388275e-01
1.077000000000000006e-02	3.349474455180920934e-02	6.571036890933388275e-01
1.077999999999999965e-02	3.422716642680920934e-02	6.680900172183388275e-01
1.078999999999999924e-02	3.378771330180920657e-02	6.607657984683388275e-01
1.080000000000000057e-02	3.452013517680920657e-02	6.717521265933388275e-01
1.081000000000000016e-02	3.412951017680920796e-02	6.644279078433388275e-01
1.081999999999999976e-02	3.481310392680921073e-02	6.754142359683388275e-01
1.082999999999999935e-02	3.442247892680921212e-02	6.693107203433388275e-01
1.084000000000000068e-02	3.510607267680920796e-02	6.802970484683388275e-01
1.085000000000000027e-02	3.466661955180921212e-02	6.729728297183388275e-01
1.085999999999999986e-02	3.539904142680921212e-02	6.839591578433388275e-01
1.086999999999999945e-02	3.500841642680920657e-02	6.766349390933388275e-01
1.088000000000000078e-02	3.574083830180920657e-02	6.876212672183388275e-01
1.089000000000000037e-02	3.530138517680921073e-02	6.802970484683388275e-01
1.089999999999999997e-02	3.603380705180921073e-02	6.912833765933388275e-01
1.090999999999999956e-02	3.559435392680920796e-02	6.839591578433388275e-01
1.091999999999999915e-02	3.632677580180920796e-02	6.949454859683388275e-01
1.093000000000000048e-02	3.588732267680921212e-02	6.876212672183388275e-01
1.094000000000000007e-02	3.661974455180921212e-02	6.986075953433388275e-01
1.094999999999999966e-02	3.622911955180920657e-02	6.912833765933388275e-01
1.095999999999999926e-02	3.691271330180920934e-02	7.022697047183388275e-01
1.097000000000000058e-02	3.652208830180921073e-02	6.961661890933388275e-01
1.098000000000000018e-02	3.725451017680921073e-02	7.071525172183388275e-01
1.098999999999999977e-02	3.681505705180920796e-02	6.998282984683388275e-01
1.099999999999999936e-02	3.754747892680920796e-02	7.108146265933388275e-01
1.101000000000000069e-02	3.715685392680920934e-02	7.034904078433388275e-01
1.102000000000000028e-02	3.784044767680921212e-02	7.144767359683388275e-01
1.102999999999999987e-02	3.744982267680920657e-02	7.071525172183388275e-01
1.103999999999999947e-02	3.818224455180921351e-02	7.181388453433388275e-01
1.105000000000000079e-02	3.774279142680921073e-02	7.108146265933388275e-01
1.106000000000000039e-02	3.847521330180921073e-02	7.218009547183388275e-01
1.106999999999999998e-02	3.808458830180921212e-02	7.144767359683388275e-01
1.107999999999999957e-02	3.881701017680921212e-02	7.266837672183388275e-01
1.108999999999999916e-02	3.837755705180920934e-02	7.193595484683388275e-01
1.110000000000000049e-02	3.910997892680920934e-02	7.291251734683388275e-01
1.111000000000000008e-02	3.867052580180921351e-02	7.230216578433388275e-01
1.111999999999999968e-02	3.945177580180921073e-02	7.340079859683388275e-01
1.112999999999999927e-02	3.901232267680920796e-02	7.266837672183388275e-01
1.114000000000000060e-02	3.974474455180920796e-02	7.376700953433388275e-01
1.115000000000000019e-02	3.930529142680921212e-02	7.303458765933388275e-01
1.115999999999999978e-02	4.008654142680920934e-02	7.413322047183388275e-01
1.116999999999999937e-02	3.964708830180921351e-02	7.340079859683388275e-01
1.118000000000000070e-02	4.037951017680921351e-02	7.462150172183388275e-01
1.119000000000000029e-02	3.998888517680920796e-02	7.376700953433388275e-01
1.119999999999999989e-02	4.067247892680921073e-02	7.486564234683388275e-01
1.120999999999999948e-02	4.028185392680921212e-02	7.425529078433388275e-01
1.122000000000000081e-02	4.101427580180921212e-02	7.535392359683388275e-01
1.123000000000000040e-02	4.062365080180921351e-02	7.462150172183388275e-01
1.123999999999999999e-02	4.130724455180920934e-02	7.572013453433388275e-01
1.124999999999999958e-02	4.091661955180921073e-02	7.498771265933388275e-01
1.125999999999999918e-02	4.164904142680921073e-02	7.608634547183388275e-01
1.127000000000000050e-02	4.120958830180920796e-02	7.535392359683388275e-01
1.128000000000000010e-02	4.194201017680920796e-02	7.645255640933388275e-01
1.128999999999999969e-02	4.155138517680920934e-02	7.572013453433388275e-01
1.129999999999999928e-02	4.228380705180920934e-02	7.681876734683388275e-01
1.131000000000000061e-02	4.184435392680921351e-02	7.608634547183388275e-01
1.132000000000000020e-02	4.262560392680921073e-02	7.730704859683388275e-01
1.132999999999999979e-02	4.218615080180920796e-02	7.657462672183388275e-01
1.133999999999999939e-02	4.291857267680920796e-02	7.767325953433388275e-01
1.135000000000000071e-02	4.247911955180921212e-02	7.694083765933388275e-01
1.136000000000000031e-02	4.321154142680921212e-02	7.803947047183388275e-01
1.136999999999999990e-02	4.282091642680921351e-02	7.730704859683388275e-01
1.137999999999999949e-02	4.355333830180921351e-02	7.840568140933388275e-01
1.139000000000000082e-02	4.311388517680921073e-02	7.767325953433388275e-01
1.140000000000000041e-02	4.384630705180921073e-02	7.877189234683388275e-01
1.141000000000000000e-02	4.345568205180921212e-02	7.803947047183388275e-01
1.141999999999999960e-02	4.418810392680921212e-02	7.913810328433388275e-01
1.142999999999999919e-02	4.374865080180920934e-02	7.852775172183388275e-01
1.144000000000000052e-02	4.448107267680920934e-02	7.950431422183388275e-01
1.145000000000000011e-02	4.404161955180921351e-02	7.877189234683388275e-01
1.145999999999999970e-02	4.477404142680921351e-02	7.987052515933388275e-01
1.146999999999999929e-02	4.438341642680920796e-02	7.926017359683388275e-01
1.148000000000000062e-02	4.506701017680921073e-02	8.035880640933388275e-01
1.149000000000000021e-02	4.467638517680921212e-02	7.962638453433388275e-01
1.149999999999999981e-02	4.535997892680920796e-02	8.072501734683388275e-01
1.150999999999999940e-02	4.496935392680920934e-02	7.999259547183388275e-01
1.152000000000000073e-02	4.565294767680921212e-02	8.109122828433388275e-01
1.153000000000000032e-02	4.526232267680921351e-02	8.035880640933388275e-01
1.153999999999999991e-02	4.594591642680920934e-02	8.145743922183388275e-01
1.154999999999999950e-02	4.550646330180921351e-02	8.072501734683388275e-01
1.156000000000000083e-02	4.619005705180920934e-02	8.182365015933388275e-01
1.157000000000000042e-02	4.579943205180921073e-02	8.109122828433388275e-01
1.158000000000000002e-02	4.648302580180921351e-02	8.218986109683388275e-01
1.158999999999999961e-02	4.609240080180920796e-02	8.157950953433388275e-01
1.159999999999999920e-02	4.677599455180921073e-02	8.255607203433388275e-01
1.161000000000000053e-02	4.638536955180921212e-02	8.194572047183388275e-01
1.162000000000000012e-02	4.702013517680921073e-02	8.304435328433388275e-01
1.162999999999999971e-02	4.662951017680921212e-02	8.231193140933388275e-01
1.163999999999999931e-02	4.731310392680920796e-02	8.341056422183388275e-01
1.165000000000000063e-02	4.692247892680920934e-02	8.267814234683388275e-01
1.166000000000000023e-02	4.760607267680921212e-02	8.377677515933388275e-01
1.166999999999999982e-02	4.716661955180920934e-02	8.304435328433388275e-01
1.167999999999999941e-02	4.785021330180921212e-02	8.414298609683388275e-01
1.169000000000000074e-02	4.745958830180921351e-02	8.341056422183388275e-01
1.170000000000000033e-02	4.809435392680921212e-02	8.450919703433388275e-01
1.170999999999999992e-02	4.770372892680921351e-02	8.377677515933388275e-01
1.171999999999999952e-02	4.838732267680920934e-02	8.487540797183388275e-01
1.173000000000000084e-02	4.799669767680921073e-02	8.414298609683388275e-01
1.174000000000000044e-02	4.868029142680921351e-02	8.524161890933388275e-01
1.175000000000000003e-02	4.824083830180921073e-02	8.450919703433388275e-01
1.175999999999999962e-02	4.892443205180921351e-02	8.560782984683388275e-01
1.176999999999999921e-02	4.853380705180920796e-02	8.499747828433388275e-01
1.178000000000000054e-02	4.916857267680921351e-02	8.609611109683388275e-01
1.179000000000000013e-02	4.877794767680920796e-02	8.536368922183388275e-01
1.179999999999999973e-02	4.946154142680921073e-02	8.634025172183388275e-01
1.180999999999999932e-02	4.902208830180920796e-02	8.572990015933388275e-01
1.182000000000000065e-02	4.970568205180921073e-02	8.670646265933388275e-01
1.183000000000000024e-02	4.931505705180921212e-02	8.609611109683388275e-01
1.183999999999999983e-02	4.999865080180920796e-02	8.719474390933388275e-01
1.184999999999999942e-02	4.960802580180920934e-02	8.646232203433388275e-01
1.186000000000000075e-02	5.024279142680920796e-02	8.756095484683388275e-01
1.187000000000000034e-02	4.985216642680920934e-02	8.682853297183388275e-01
1.187999999999999994e-02	5.048693205180920796e-02	8.792716578433388275e-01
1.188999999999999953e-02	5.009630705180920934e-02	8.719474390933388275e-01
1.190000000000000085e-02	5.073107267680920796e-02	8.829337672183388275e-01
1.191000000000000045e-02	5.034044767680920934e-02	8.756095484683388275e-01
1.192000000000000004e-02	5.097521330180920796e-02	8.865958765933388275e-01
1.192999999999999963e-02	5.058458830180920934e-02	8.792716578433388275e-01
1.193999999999999923e-02	5.121935392680920796e-02	8.902579859683388275e-01
1.195000000000000055e-02	5.087755705180921351e-02	8.829337672183388275e-01
1.196000000000000014e-02	5.151232267680921212e-02	8.939200953433388275e-01
1.196999999999999974e-02	5.112169767680921351e-02	8.865958765933388275e-01
1.197999999999999933e-02	5.170763517680920796e-02	8.988029078433388275e-01
1.199000000000000066e-02	5.136583830180921351e-02	8.914786890933388275e-01
1.200000000000000025e-02	5.195177580180920796e-02	9.024650172183388275e-01
1.200999999999999984e-02	5.156115080180920934e-02	8.951407984683388275e-01
1.201999999999999943e-02	5.219591642680920796e-02	9.061271265933388275e-01
1.203000000000000076e-02	5.185411955180921351e-02	8.988029078433388275e-01
1.204000000000000035e-02	5.244005705180920796e-02	9.097892359683388275e-01
1.204999999999999995e-02	5.204943205180920934e-02	9.024650172183388275e-01
1.205999999999999954e-02	5.268419767680920796e-02	9.134513453433388275e-01
1.207000000000000087e-02	5.229357267680920934e-02	9.061271265933388275e-01
1.208000000000000046e-02	5.292833830180920796e-02	9.171134547183388275e-01
1.209000000000000005e-02	5.258654142680921351e-02	9.097892359683388275e-01
1.209999999999999964e-02	5.322130705180921212e-02	9.207755640933388275e-01
1.210999999999999924e-02	5.283068205180921351e-02	9.134513453433388275e-01
1.212000000000000056e-02	5.346544767680921212e-02	9.244376734683388275e-01
1.213000000000000016e-02	5.307482267680921351e-02	9.171134547183388275e-01
1.213999999999999975e-02	5.375841642680920934e-02	9.280997828433388275e-01
1.214999999999999934e-02	5.331896330180921351e-02	9.207755640933388275e-01
1.216000000000000067e-02	5.400255705180920934e-02	9.317618922183388275e-01
1.217000000000000026e-02	5.361193205180921073e-02	9.244376734683388275e-01
1.217999999999999985e-02	5.429552580180921351e-02	9.354240015933388275e-01
1.218999999999999945e-02	5.390490080180920796e-02	9.293204859683388275e-01
1.220000000000000077e-02	5.458849455180921073e-02	9.390861109683388275e-01
1.221000000000000037e-02	5.414904142680920796e-02	9.329825953433388275e-01
1.221999999999999996e-02	5.483263517680921073e-02	9.427482203433388275e-01
1.222999999999999955e-02	5.444201017680921212e-02	9.366447047183388275e-01
1.223999999999999914e-02	5.517443205180921212e-02	9.476310328433388275e-01
1.225000000000000047e-02	5.473497892680920934e-02	9.403068140933388275e-01
1.226000000000000006e-02	5.546740080180920934e-02	9.512931422183388275e-01
1.226999999999999966e-02	5.502794767680921351e-02	9.439689234683388275e-01
1.227999999999999925e-02	5.576036955180921351e-02	9.549552515933388275e-01
1.229000000000000058e-02	5.532091642680921073e-02	9.476310328433388275e-01
1.230000000000000017e-02	5.605333830180921073e-02	9.586173609683388275e-01
1.230999999999999976e-02	5.561388517680920796e-02	9.512931422183388275e-01
1.231999999999999935e-02	5.634630705180920796e-02	9.622794703433388275e-01
1.233000000000000068e-02	5.590685392680921212e-02	9.549552515933388275e-01
1.234000000000000027e-02	5.663927580180921212e-02	9.659415797183388275e-01
1.234999999999999987e-02	5.624865080180921351e-02	9.586173609683388275e-01
1.235999999999999946e-02	5.693224455180920934e-02	9.696036890933388275e-01
1.237000000000000079e-02	5.654161955180921073e-02	9.622794703433388275e-01
1.238000000000000038e-02	5.722521330180921351e-02	9.732657984683388275e-01
1.238999999999999997e-02	5.683458830180920796e-02	9.659415797183388275e-01
1.239999999999999956e-02	5.751818205180921073e-02	9.769279078433388275e-01
1.240999999999999916e-02	5.707872892680920796e-02	9.708243922183388275e-01
1.242000000000000048e-02	5.781115080180920796e-02	9.818107203433388275e-01
1.243000000000000008e-02	5.737169767680921212e-02	9.744865015933388275e-01
1.243999999999999967e-02	5.805529142680920796e-02	9.854728297183388275e-01
1.244999999999999926e-02	5.766466642680920934e-02	9.781486109683388275e-01
1.246000000000000059e-02	5.834826017680921212e-02	9.891349390933388275e-01
1.247000000000000018e-02	5.795763517680921351e-02	9.818107203433388275e-01
1.247999999999999977e-02	5.864122892680920934e-02	9.927970484683388275e-01
1.248999999999999937e-02	5.825060392680921073e-02	9.854728297183388275e-01
1.250000000000000069e-02	5.893419767680921351e-02	9.964591578433388275e-01
1.251000000000000029e-02	5.854357267680920796e-02	9.891349390933388275e-01
1.251999999999999988e-02	5.922716642680921073e-02	1.000121267218338827e+00
1.252999999999999947e-02	5.883654142680921212e-02	9.927970484683388275e-01
1.254000000000000080e-02	5.952013517680920796e-02	1.003783376593338827e+00
1.255000000000000039e-02	5.912951017680920934e-02	9.964591578433388275e-01
1.255999999999999998e-02	5.981310392680921212e-02	1.007445485968338827e+00
1.256999999999999958e-02	5.942247892680921351e-02	1.000121267218338827e+00
1.257999999999999917e-02	6.015490080180921351e-02	1.011107595343338827e+00
1.259000000000000050e-02	5.971544767680921073e-02	1.003783376593338827e+00
1.260000000000000009e-02	6.049669767680920796e-02	1.014769704718338827e+00
1.260999999999999968e-02	6.000841642680920796e-02	1.008666189093338827e+00
1.261999999999999927e-02	6.078966642680921212e-02	1.018431814093338827e+00
1.263000000000000060e-02	6.035021330180920934e-02	1.012328298468338827e+00
1.264000000000000019e-02	6.108263517680920934e-02	1.023314626593338827e+00
1.264999999999999979e-02	6.064318205180921351e-02	1.014769704718338827e+00
1.265999999999999938e-02	6.142443205180921073e-02	1.026976735968338827e+00
1.267000000000000071e-02	6.098497892680920796e-02	1.019652517218338827e+00
1.268000000000000030e-02	6.176622892680921212e-02	1.029418142218338827e+00
1.268999999999999989e-02	6.132677580180920934e-02	1.023314626593338827e+00
1.269999999999999948e-02	6.210802580180921351e-02	1.034300954718338827e+00
1.271000000000000081e-02	6.166857267680921073e-02	1.026976735968338827e+00
1.272000000000000040e-02	6.244982267680920796e-02	1.037963064093338827e+00
1.273000000000000000e-02	6.201036955180921212e-02	1.030638845343338827e+00
1.273999999999999959e-02	6.279161955180921628e-02	1.041625173468338827e+00
1.274999999999999918e-02	6.235216642680921351e-02	1.034300954718338827e+00
1.276000000000000051e-02	6.313341642680921073e-02	1.045287282843338827e+00
1.277000000000000010e-02	6.269396330180920796e-02	1.037963064093338827e+00
1.277999999999999969e-02	6.352404142680921628e-02	1.048949392218338827e+00
1.278999999999999929e-02	6.303576017680921628e-02	1.041625173468338827e+00
1.280000000000000061e-02	6.386583830180921073e-02	1.052611501593338827e+00
1.281000000000000021e-02	6.337755705180921073e-02	1.045287282843338827e+00
1.281999999999999980e-02	6.420763517680920518e-02	1.056273610968338827e+00
1.282999999999999939e-02	6.371935392680920518e-02	1.048949392218338827e+00
1.284000000000000072e-02	6.454943205180921351e-02	1.059935720343338827e+00
1.285000000000000031e-02	6.410997892680921073e-02	1.052611501593338827e+00
1.285999999999999990e-02	6.489122892680920796e-02	1.063597829718338827e+00
1.286999999999999950e-02	6.445177580180920518e-02	1.057494314093338827e+00
1.288000000000000082e-02	6.518419767680920518e-02	1.067259939093338827e+00
1.289000000000000042e-02	6.479357267680921351e-02	1.061156423468338827e+00
1.290000000000000001e-02	6.552599455180921351e-02	1.070922048468338827e+00
1.290999999999999960e-02	6.508654142680921073e-02	1.064818532843338827e+00
1.291999999999999919e-02	6.586779142680920796e-02	1.075804860968338827e+00
1.293000000000000052e-02	6.542833830180920518e-02	1.068480642218338827e+00
1.294000000000000011e-02	6.620958830180921628e-02	1.079466970343338827e+00
1.294999999999999971e-02	6.577013517680921351e-02	1.072142751593338827e+00
1.295999999999999930e-02	6.655138517680921073e-02	1.083129079718338827e+00
1.297000000000000063e-02	6.611193205180920796e-02	1.075804860968338827e+00
1.298000000000000022e-02	6.684435392680920796e-02	1.086791189093338827e+00
1.298999999999999981e-02	6.645372892680921628e-02	1.079466970343338827e+00
1.299999999999999940e-02	6.723497892680921351e-02	1.090453298468338827e+00
1.301000000000000073e-02	6.679552580180921073e-02	1.083129079718338827e+00
1.302000000000000032e-02	6.752794767680921073e-02	1.094115407843338827e+00
1.302999999999999992e-02	6.708849455180920796e-02	1.086791189093338827e+00
1.303999999999999951e-02	6.786974455180920518e-02	1.097777517218338827e+00
1.305000000000000084e-02	6.743029142680921628e-02	1.090453298468338827e+00
1.306000000000000043e-02	6.821154142680921351e-02	1.101439626593338827e+00
1.307000000000000002e-02	6.777208830180921073e-02	1.094115407843338827e+00
1.307999999999999961e-02	6.850451017680921073e-02	1.105101735968338827e+00
1.308999999999999921e-02	6.811388517680920518e-02	1.097777517218338827e+00
1.310000000000000053e-02	6.884630705180920518e-02	1.108763845343338827e+00
1.311000000000000013e-02	6.840685392680921628e-02	1.101439626593338827e+00
1.311999999999999972e-02	6.918810392680921351e-02	1.112425954718338827e+00
1.312999999999999931e-02	6.874865080180921073e-02	1.105101735968338827e+00
1.314000000000000064e-02	6.952990080180920796e-02	1.116088064093338827e+00
1.315000000000000023e-02	6.909044767680920518e-02	1.108763845343338827e+00
1.315999999999999982e-02	6.987169767680921628e-02	1.119750173468338827e+00
1.316999999999999942e-02	6.943224455180921351e-02	1.112425954718338827e+00
1.318000000000000074e-02	7.016466642680921351e-02	1.123412282843338827e+00
1.319000000000000034e-02	6.972521330180921073e-02	1.116088064093338827e+00
1.319999999999999993e-02	7.050646330180920796e-02	1.127074392218338827e+00
1.320999999999999952e-02	7.006701017680920518e-02	1.119750173468338827e+00
1.322000000000000085e-02	7.079943205180920518e-02	1.130736501593338827e+00
1.323000000000000044e-02	7.035997892680921628e-02	1.124632985968338827e+00
1.324000000000000003e-02	7.109240080180921628e-02	1.134398610968338827e+00
1.324999999999999963e-02	7.070177580180921073e-02	1.127074392218338827e+00
1.325999999999999922e-02	7.143419767680921073e-02	1.138060720343338827e+00
1.327000000000000055e-02	7.099474455180920796e-02	1.131957204718338827e+00
1.328000000000000014e-02	7.172716642680920796e-02	1.141722829718338827e+00
1.328999999999999973e-02	7.133654142680921628e-02	1.134398610968338827e+00
1.329999999999999932e-02	7.206896330180921628e-02	1.145384939093338827e+00
1.331000000000000065e-02	7.162951017680921351e-02	1.138060720343338827e+00
1.332000000000000024e-02	7.236193205180921351e-02	1.149047048468338827e+00
1.332999999999999984e-02	7.197130705180920796e-02	1.142943532843338827e+00
1.333999999999999943e-02	7.265490080180921073e-02	1.152709157843338827e+00
1.335000000000000075e-02	7.226427580180920518e-02	1.146605642218338827e+00
1.336000000000000035e-02	7.299669767680920518e-02	1.156371267218338827e+00
1.336999999999999994e-02	7.255724455180921628e-02	1.149047048468338827e+00
1.337999999999999953e-02	7.328966642680921628e-02	1.160033376593338827e+00
1.339000000000000086e-02	7.285021330180921351e-02	1.152709157843338827e+00
1.340000000000000045e-02	7.358263517680921351e-02	1.163695485968338827e+00
1.341000000000000004e-02	7.319201017680920796e-02	1.157591970343338827e+00
1.341999999999999964e-02	7.392443205180920796e-02	1.167357595343338827e+00
1.342999999999999923e-02	7.348497892680920518e-02	1.161254079718338827e+00
1.344000000000000056e-02	7.421740080180920518e-02	1.172240407843338827e+00
1.345000000000000015e-02	7.382677580180921351e-02	1.164916189093338827e+00
1.345999999999999974e-02	7.451036955180921628e-02	1.174681814093338827e+00
1.346999999999999933e-02	7.411974455180921073e-02	1.168578298468338827e+00
1.348000000000000066e-02	7.485216642680921073e-02	1.178343923468338827e+00
1.349000000000000025e-02	7.446154142680920518e-02	1.172240407843338827e+00
1.349999999999999985e-02	7.519396330180921906e-02	1.183226735968338827e+00
1.350999999999999944e-02	7.475451017680921628e-02	1.175902517218338827e+00
1.352000000000000077e-02	7.548693205180921628e-02	1.185668142218338827e+00
1.353000000000000036e-02	7.504747892680921351e-02	1.178343923468338827e+00
1.353999999999999995e-02	7.582872892680921073e-02	1.189330251593338827e+00
1.354999999999999954e-02	7.538927580180920796e-02	1.183226735968338827e+00
1.355999999999999914e-02	7.617052580180921906e-02	1.194213064093338827e+00
1.357000000000000046e-02	7.573107267680921628e-02	1.186888845343338827e+00
1.358000000000000006e-02	7.646349455180921628e-02	1.197875173468338827e+00
1.358999999999999965e-02	7.602404142680921351e-02	1.190550954718338827e+00
1.359999999999999924e-02	7.680529142680921073e-02	1.201537282843338827e+00
1.361000000000000057e-02	7.636583830180920796e-02	1.194213064093338827e+00
1.362000000000000016e-02	7.714708830180921906e-02	1.205199392218338827e+00
1.362999999999999975e-02	7.665880705180921906e-02	1.197875173468338827e+00
1.363999999999999935e-02	7.744005705180921628e-02	1.208861501593338827e+00
1.365000000000000067e-02	7.700060392680921351e-02	1.201537282843338827e+00
1.366000000000000027e-02	7.778185392680921073e-02	1.212523610968338827e+00
1.366999999999999986e-02	7.734240080180920796e-02	1.205199392218338827e+00
1.367999999999999945e-02	7.807482267680920796e-02	1.216185720343338827e+00
1.369000000000000078e-02	7.768419767680921628e-02	1.208861501593338827e+00
1.370000000000000037e-02	7.841661955180921628e-02	1.219847829718338827e+00
1.370999999999999996e-02	7.797716642680921351e-02	1.212523610968338827e+00
1.371999999999999956e-02	7.870958830180921351e-02	1.223509939093338827e+00
1.372999999999999915e-02	7.831896330180920796e-02	1.216185720343338827e+00
1.374000000000000048e-02	7.900255705180921073e-02	1.227172048468338827e+00
1.375000000000000007e-02	7.861193205180921906e-02	1.219847829718338827e+00
1.375999999999999966e-02	7.934435392680921906e-02	1.230834157843338827e+00
1.376999999999999925e-02	7.890490080180921628e-02	1.223509939093338827e+00
1.378000000000000058e-02	7.963732267680921628e-02	1.234496267218338827e+00
1.379000000000000017e-02	7.919786955180921351e-02	1.227172048468338827e+00
1.379999999999999977e-02	7.997911955180921073e-02	1.238158376593338827e+00
1.380999999999999936e-02	7.953966642680920796e-02	1.230834157843338827e+00
1.382000000000000069e-02	8.027208830180920796e-02	1.241820485968338827e+00
1.383000000000000028e-02	7.983263517680921906e-02	1.234496267218338827e+00
1.383999999999999987e-02	8.061388517680921628e-02	1.245482595343338827e+00
1.384999999999999946e-02	8.017443205180921351e-02	1.238158376593338827e+00
1.386000000000000079e-02	8.090685392680921351e-02	1.249144704718338827e+00
1.387000000000000038e-02	8.046740080180921073e-02	1.241820485968338827e+00
1.387999999999999998e-02	8.119982267680921073e-02	1.252806814093338827e+00
1.388999999999999957e-02	8.080919767680921906e-02	1.245482595343338827e+00
1.389999999999999916e-02	8.154161955180921906e-02	1.256468923468338827e+00
1.391000000000000049e-02	8.110216642680921628e-02	1.249144704718338827e+00
1.392000000000000008e-02	8.188341642680921351e-02	1.258910329718338827e+00
1.392999999999999967e-02	8.144396330180921073e-02	1.252806814093338827e+00
1.393999999999999927e-02	8.222521330180920796e-02	1.263793142218338827e+00
1.395000000000000059e-02	8.178576017680921906e-02	1.256468923468338827e+00
1.396000000000000019e-02	8.256701017680921628e-02	1.267455251593338827e+00
1.396999999999999978e-02	8.212755705180921351e-02	1.260131032843338827e+00
1.397999999999999937e-02	8.290880705180921073e-02	1.271117360968338827e+00
1.399000000000000070e-02	8.246935392680920796e-02	1.263793142218338827e+00
1.400000000000000029e-02	8.325060392680921906e-02	1.273558767218338827e+00
1.400999999999999988e-02	8.281115080180921628e-02	1.267455251593338827e+00
1.401999999999999948e-02	8.359240080180921351e-02	1.278441579718338827e+00
1.403000000000000080e-02	8.315294767680921073e-02	1.271117360968338827e+00
1.404000000000000040e-02	8.398302580180921906e-02	1.282103689093338827e+00
1.404999999999999999e-02	8.349474455180921906e-02	1.274779470343338827e+00
1.405999999999999958e-02	8.427599455180921628e-02	1.284545095343338827e+00
1.406999999999999917e-02	8.383654142680921351e-02	1.278441579718338827e+00
1.408000000000000050e-02	8.461779142680921073e-02	1.288207204718338827e+00
1.409000000000000009e-02	8.422716642680921906e-02	1.280882985968338827e+00
1.409999999999999969e-02	8.495958830180921906e-02	1.291869314093338827e+00
1.410999999999999928e-02	8.452013517680921628e-02	1.285765798468338827e+00
1.412000000000000061e-02	8.535021330180921073e-02	1.296752126593338827e+00
1.413000000000000020e-02	8.491076017680920796e-02	1.289427907843338827e+00
1.413999999999999979e-02	8.564318205180920796e-02	1.300414235968338827e+00
1.414999999999999938e-02	8.520372892680921906e-02	1.293090017218338827e+00
1.416000000000000071e-02	8.603380705180921351e-02	1.304076345343338827e+00
1.417000000000000030e-02	8.554552580180921351e-02	1.296752126593338827e+00
1.417999999999999990e-02	8.632677580180921073e-02	1.306517751593338827e+00
1.418999999999999949e-02	8.588732267680920796e-02	1.300414235968338827e+00
1.420000000000000082e-02	8.671740080180921628e-02	1.311400564093338827e+00
1.421000000000000041e-02	8.622911955180921628e-02	1.304076345343338827e+00
1.422000000000000000e-02	8.705919767680921073e-02	1.313841970343338827e+00
1.422999999999999959e-02	8.661974455180920796e-02	1.307738454718338827e+00
1.423999999999999919e-02	8.740099455180921906e-02	1.317504079718338827e+00
1.425000000000000051e-02	8.696154142680921628e-02	1.311400564093338827e+00
1.426000000000000011e-02	8.774279142680921351e-02	1.321166189093338827e+00
1.426999999999999970e-02	8.730333830180921073e-02	1.315062673468338827e+00
1.427999999999999929e-02	8.813341642680921906e-02	1.324828298468338827e+00
1.429000000000000062e-02	8.769396330180921628e-02	1.318724782843338827e+00
1.430000000000000021e-02	8.852404142680921073e-02	1.328490407843338827e+00
1.430999999999999980e-02	8.803576017680921073e-02	1.321166189093338827e+00
1.431999999999999940e-02	8.886583830180921906e-02	1.333373220343338827e+00
1.433000000000000072e-02	8.842638517680921628e-02	1.326049001593338827e+00
1.434000000000000032e-02	8.920763517680921351e-02	1.335814626593338827e+00
1.434999999999999991e-02	8.876818205180921073e-02	1.329711110968338827e+00
1.435999999999999950e-02	8.959826017680921906e-02	1.339476735968338827e+00
1.437000000000000083e-02	8.915880705180921628e-02	1.332152517218338827e+00
1.438000000000000042e-02	8.998888517680921073e-02	1.343138845343338827e+00
1.439000000000000001e-02	8.950060392680921073e-02	1.335814626593338827e+00
1.439999999999999961e-02	9.033068205180921906e-02	1.346800954718338827e+00
1.440999999999999920e-02	8.989122892680921628e-02	1.339476735968338827e+00
1.442000000000000053e-02	9.067247892680921351e-02	1.350463064093338827e+00
1.443000000000000012e-02	9.023302580180921073e-02	1.344359548468338827e+00
1.443999999999999971e-02	9.101427580180920796e-02	1.354125173468338827e+00
1.444999999999999930e-02	9.057482267680921906e-02	1.346800954718338827e+00
1.446000000000000063e-02	9.135607267680921628e-02	1.357787282843338827e+00
1.447000000000000022e-02	9.091661955180921351e-02	1.350463064093338827e+00
1.447999999999999982e-02	9.169786955180921073e-02	1.361449392218338827e+00
1.448999999999999941e-02	9.130724455180921906e-02	1.354125173468338827e+00
1.450000000000000074e-02	9.203966642680921906e-02	1.362670095343338827e+00
1.451000000000000033e-02	9.164904142680921351e-02	1.356566579718338827e+00
1.451999999999999992e-02	9.238146330180921351e-02	1.359007985968338827e+00
1.452999999999999951e-02	9.194201017680921073e-02	1.351683767218338827e+00
1.454000000000000084e-02	9.272326017680920796e-02	1.354125173468338827e+00
1.455000000000000043e-02	9.228380705180921906e-02	1.346800954718338827e+00
1.456000000000000003e-02	9.301622892680921906e-02	1.350463064093338827e+00
1.456999999999999962e-02	9.262560392680921351e-02	1.343138845343338827e+00
1.457999999999999921e-02	9.330919767680921628e-02	1.345580251593338827e+00
1.459000000000000054e-02	9.291857267680921073e-02	1.338256032843338827e+00
1.460000000000000013e-02	9.360216642680921351e-02	1.341918142218338827e+00
1.460999999999999972e-02	9.321154142680920796e-02	1.333373220343338827e+00
1.461999999999999932e-02	9.389513517680921073e-02	1.337035329718338827e+00
1.463000000000000064e-02	9.350451017680921906e-02	1.329711110968338827e+00
1.464000000000000024e-02	9.418810392680920796e-02	1.332152517218338827e+00
1.464999999999999983e-02	9.379747892680921628e-02	1.324828298468338827e+00
1.465999999999999942e-02	9.443224455180920796e-02	1.328490407843338827e+00
1.467000000000000075e-02	9.404161955180921628e-02	1.321166189093338827e+00
1.468000000000000034e-02	9.462755705180921073e-02	1.323607595343338827e+00
1.468999999999999993e-02	9.428576017680921628e-02	1.316283376593338827e+00
1.469999999999999953e-02	9.477404142680921628e-02	1.319945485968338827e+00
1.471000000000000085e-02	9.448107267680921906e-02	1.312621267218338827e+00
1.472000000000000045e-02	9.492052580180920796e-02	1.315062673468338827e+00
1.473000000000000004e-02	9.462755705180921073e-02	1.307738454718338827e+00
1.473999999999999963e-02	9.501818205180921628e-02	1.310179860968338827e+00
1.474999999999999922e-02	9.477404142680921628e-02	1.302855642218338827e+00
1.476000000000000055e-02	9.506701017680921351e-02	1.306517751593338827e+00
1.477000000000000014e-02	9.482286955180921351e-02	1.299193532843338827e+00
1.477999999999999974e-02	9.511583830180921073e-02	1.302855642218338827e+00
1.478999999999999933e-02	9.482286955180921351e-02	1.294310720343338827e+00
1.480000000000000066e-02	9.506701017680921351e-02	1.297972829718338827e+00
1.481000000000000025e-02	9.477404142680921628e-02	1.289427907843338827e+00
1.481999999999999984e-02	9.496935392680921906e-02	1.293090017218338827e+00
1.482999999999999943e-02	9.467638517680920796e-02	1.285765798468338827e+00
1.484000000000000076e-02	9.482286955180921351e-02	1.289427907843338827e+00
1.485000000000000035e-02	9.452990080180921628e-02	1.280882985968338827e+00
1.485999999999999995e-02	9.462755705180921073e-02	1.284545095343338827e+00
1.486999999999999954e-02	9.428576017680921628e-02	1.277220876593338827e+00
1.488000000000000086e-02	9.433458830180921351e-02	1.279662282843338827e+00
1.489000000000000046e-02	9.399279142680921906e-02	1.272338064093338827e+00
1.490000000000000005e-02	9.404161955180921628e-02	1.274779470343338827e+00
1.490999999999999964e-02	9.365099455180921073e-02	1.268675954718338827e+00
1.491999999999999924e-02	9.369982267680920796e-02	1.271117360968338827e+00
1.493000000000000056e-02	9.321154142680920796e-02	1.263793142218338827e+00
1.494000000000000015e-02	9.326036955180921906e-02	1.266234548468338827e+00
1.494999999999999975e-02	9.277208830180921906e-02	1.258910329718338827e+00
1.495999999999999934e-02	9.277208830180921906e-02	1.262572439093338827e+00
1.497000000000000067e-02	9.228380705180921906e-02	1.255248220343338827e+00
1.498000000000000026e-02	9.228380705180921906e-02	1.257689626593338827e+00
1.498999999999999985e-02	9.169786955180921073e-02	1.250365407843338827e+00
1.499999999999999944e-02	9.169786955180921073e-02	1.254027517218338827e+00
1.501000000000000077e-02	9.116076017680921351e-02	1.246703298468338827e+00
1.502000000000000036e-02	9.116076017680921351e-02	1.249144704718338827e+00
1.502999999999999996e-02	9.052599455180920796e-02	1.241820485968338827e+00
1.503999999999999955e-02	9.052599455180920796e-02	1.244261892218338827e+00
1.504999999999999914e-02	8.989122892680921628e-02	1.238158376593338827e+00
1.506000000000000047e-02	8.989122892680921628e-02	1.240599782843338827e+00
1.507000000000000006e-02	8.920763517680921351e-02	1.233275564093338827e+00
1.507999999999999965e-02	8.920763517680921351e-02	1.235716970343338827e+00
1.508999999999999925e-02	8.857286955180920796e-02	1.228392751593338827e+00
1.510000000000000057e-02	8.857286955180920796e-02	1.232054860968338827e+00
1.511000000000000017e-02	8.788927580180921906e-02	1.224730642218338827e+00
1.511999999999999976e-02	8.784044767680920796e-02	1.227172048468338827e+00
1.512999999999999935e-02	8.715685392680921906e-02	1.219847829718338827e+00
1.514000000000000068e-02	8.715685392680921906e-02	1.223509939093338827e+00
1.515000000000000027e-02	8.647326017680921628e-02	1.214965017218338827e+00
1.515999999999999986e-02	8.642443205180921906e-02	1.218627126593338827e+00
1.516999999999999946e-02	8.574083830180921628e-02	1.211302907843338827e+00
1.518000000000000078e-02	8.574083830180921628e-02	1.214965017218338827e+00
1.519000000000000038e-02	8.505724455180921351e-02	1.207640798468338827e+00
