time[s]	CH1[V]	CH2[V] (num. of cycles: 1)
0.000000000000000000e+00	-7.110303376850328483e-02	-1.221638729697779535e+00
1.000000000000000082e-05	-7.110303376850328483e-02	-1.221638729697779535e+00
2.000000000000000164e-05	-7.100537751850329038e-02	-1.219197323447779535e+00
3.000000000000000076e-05	-7.144483064350329315e-02	-1.225300839072779535e+00
4.000000000000000327e-05	-7.134717439350328483e-02	-1.221638729697779535e+00
5.000000000000000240e-05	-7.173779939350329038e-02	-1.228962948447779535e+00
6.000000000000000152e-05	-7.164014314350329593e-02	-1.225300839072779535e+00
6.999999999999999387e-05	-7.207959626850328483e-02	-1.232625057822779535e+00
8.000000000000000654e-05	-7.193311189350329315e-02	-1.228962948447779535e+00
9.000000000000000567e-05	-7.237256501850329593e-02	-1.236287167197779535e+00
1.000000000000000048e-04	-7.227490876850328760e-02	-1.233845760947779535e+00
1.100000000000000039e-04	-7.266553376850329315e-02	-1.239949276572779535e+00
1.200000000000000030e-04	-7.256787751850328483e-02	-1.237507870322779535e+00
1.299999999999999886e-04	-7.300733064350328760e-02	-1.243611385947779535e+00
1.399999999999999877e-04	-7.290967439350329315e-02	-1.241169979697779535e+00
1.499999999999999869e-04	-7.334912751850329593e-02	-1.247273495322779535e+00
1.600000000000000131e-04	-7.320264314350329038e-02	-1.244832089072779535e+00
1.700000000000000122e-04	-7.364209626850329315e-02	-1.252156307822779535e+00
1.800000000000000113e-04	-7.354444001850328483e-02	-1.248494198447779535e+00
1.900000000000000105e-04	-7.398389314350328760e-02	-1.255818417197779535e+00
2.000000000000000096e-04	-7.388623689350329315e-02	-1.252156307822779535e+00
2.100000000000000087e-04	-7.432569001850329593e-02	-1.259480526572779535e+00
2.200000000000000078e-04	-7.422803376850328760e-02	-1.255818417197779535e+00
2.300000000000000070e-04	-7.461865876850329315e-02	-1.263142635947779535e+00
2.400000000000000061e-04	-7.452100251850328483e-02	-1.259480526572779535e+00
2.500000000000000052e-04	-7.496045564350328760e-02	-1.266804745322779535e+00
2.599999999999999772e-04	-7.486279939350329315e-02	-1.263142635947779535e+00
2.700000000000000035e-04	-7.530225251850329593e-02	-1.270466854697779535e+00
2.799999999999999755e-04	-7.520459626850328760e-02	-1.266804745322779535e+00
2.900000000000000017e-04	-7.564404939350329038e-02	-1.274128964072779535e+00
2.999999999999999737e-04	-7.554639314350329593e-02	-1.270466854697779535e+00
3.099999999999999999e-04	-7.598584626850329871e-02	-1.277791073447779535e+00
3.200000000000000262e-04	-7.588819001850329038e-02	-1.274128964072779535e+00
3.299999999999999982e-04	-7.632764314350329315e-02	-1.281453182822779535e+00
3.400000000000000244e-04	-7.622998689350329871e-02	-1.277791073447779535e+00
3.499999999999999964e-04	-7.662061189350329038e-02	-1.285115292197779535e+00
3.600000000000000227e-04	-7.657178376850329315e-02	-1.281453182822779535e+00
3.699999999999999947e-04	-7.701123689350329593e-02	-1.288777401572779535e+00
3.800000000000000209e-04	-7.691358064350328760e-02	-1.285115292197779535e+00
3.899999999999999929e-04	-7.735303376850329038e-02	-1.292439510947779535e+00
4.000000000000000192e-04	-7.725537751850329593e-02	-1.288777401572779535e+00
4.099999999999999912e-04	-7.769483064350329871e-02	-1.296101620322779535e+00
4.200000000000000174e-04	-7.754834626850329315e-02	-1.292439510947779535e+00
4.299999999999999894e-04	-7.803662751850329315e-02	-1.299763729697779535e+00
4.400000000000000157e-04	-7.793897126850329871e-02	-1.296101620322779535e+00
4.499999999999999877e-04	-7.837842439350328760e-02	-1.303425839072779535e+00
4.600000000000000139e-04	-7.828076814350329315e-02	-1.299763729697779535e+00
4.699999999999999859e-04	-7.872022126850329593e-02	-1.307087948447779535e+00
4.800000000000000122e-04	-7.862256501850328760e-02	-1.303425839072779535e+00
4.899999999999999842e-04	-7.906201814350329038e-02	-1.310750057822779535e+00
5.000000000000000104e-04	-7.896436189350329593e-02	-1.307087948447779535e+00
5.100000000000000366e-04	-7.940381501850329871e-02	-1.314412167197779535e+00
5.199999999999999544e-04	-7.935498689350328760e-02	-1.310750057822779535e+00
5.299999999999999807e-04	-7.979444001850329038e-02	-1.318074276572779535e+00
5.400000000000000069e-04	-7.969678376850329593e-02	-1.314412167197779535e+00
5.500000000000000331e-04	-8.013623689350329871e-02	-1.321736385947779535e+00
5.599999999999999509e-04	-8.003858064350329038e-02	-1.318074276572779535e+00
5.699999999999999772e-04	-8.047803376850329315e-02	-1.325398495322779535e+00
5.800000000000000034e-04	-8.042920564350329593e-02	-1.321736385947779535e+00
5.900000000000000296e-04	-8.086865876850329871e-02	-1.329060604697779535e+00
5.999999999999999474e-04	-8.077100251850329038e-02	-1.325398495322779535e+00
6.099999999999999737e-04	-8.121045564350329315e-02	-1.332722714072779535e+00
6.199999999999999999e-04	-8.111279939350329871e-02	-1.329060604697779535e+00
6.300000000000000261e-04	-8.160108064350329871e-02	-1.336384823447779535e+00
6.400000000000000524e-04	-8.150342439350329038e-02	-1.332722714072779535e+00
6.499999999999999702e-04	-8.194287751850329315e-02	-1.340046932822779535e+00
6.599999999999999964e-04	-8.184522126850329871e-02	-1.336384823447779535e+00
6.700000000000000226e-04	-8.228467439350328760e-02	-1.343709042197779535e+00
6.800000000000000488e-04	-8.223584626850329038e-02	-1.340046932822779535e+00
6.899999999999999667e-04	-8.267529939350329315e-02	-1.347371151572779535e+00
6.999999999999999929e-04	-8.257764314350329871e-02	-1.343709042197779535e+00
7.100000000000000191e-04	-8.306592439350329871e-02	-1.351033260947779535e+00
7.200000000000000453e-04	-8.296826814350329038e-02	-1.347371151572779535e+00
7.299999999999999632e-04	-8.340772126850329315e-02	-1.354695370322779535e+00
7.399999999999999894e-04	-8.331006501850329871e-02	-1.351033260947779535e+00
7.500000000000000156e-04	-8.379834626850329871e-02	-1.358357479697779535e+00
7.600000000000000418e-04	-8.370069001850329038e-02	-1.354695370322779535e+00
7.699999999999999597e-04	-8.414014314350329315e-02	-1.362019589072779535e+00
7.799999999999999859e-04	-8.404248689350329871e-02	-1.358357479697779535e+00
7.900000000000000121e-04	-8.453076814350329871e-02	-1.364460995322779535e+00
8.000000000000000383e-04	-8.443311189350329038e-02	-1.362019589072779535e+00
8.099999999999999561e-04	-8.487256501850329315e-02	-1.368123104697779535e+00
8.199999999999999824e-04	-8.482373689350329593e-02	-1.365681698447779535e+00
8.300000000000000086e-04	-8.526319001850329871e-02	-1.371785214072779535e+00
8.400000000000000348e-04	-8.521436189350328760e-02	-1.369343807822779535e+00
8.499999999999999526e-04	-8.565381501850329038e-02	-1.375447323447779535e+00
8.599999999999999789e-04	-8.555615876850329593e-02	-1.371785214072779535e+00
8.700000000000000051e-04	-8.604444001850329593e-02	-1.379109432822779535e+00
8.800000000000000313e-04	-8.594678376850328760e-02	-1.375447323447779535e+00
8.899999999999999491e-04	-8.638623689350329038e-02	-1.382771542197779535e+00
8.999999999999999754e-04	-8.633740876850329315e-02	-1.380330135947779535e+00
9.100000000000000016e-04	-8.682569001850329315e-02	-1.386433651572779535e+00
9.200000000000000278e-04	-8.672803376850329871e-02	-1.382771542197779535e+00
9.300000000000000541e-04	-8.716748689350328760e-02	-1.390095760947779535e+00
9.399999999999999719e-04	-8.711865876850329038e-02	-1.387654354697779535e+00
9.499999999999999981e-04	-8.755811189350329315e-02	-1.393757870322779535e+00
9.600000000000000243e-04	-8.746045564350329871e-02	-1.390095760947779535e+00
9.700000000000000505e-04	-8.794873689350329871e-02	-1.397419979697779535e+00
9.799999999999999684e-04	-8.785108064350329038e-02	-1.393757870322779535e+00
9.899999999999999946e-04	-8.833936189350329038e-02	-1.401082089072779535e+00
1.000000000000000021e-03	-8.824170564350329593e-02	-1.391316464072779535e+00
1.010000000000000047e-03	-8.872998689350329593e-02	-1.398640682822779535e+00
1.020000000000000073e-03	-8.863233064350328760e-02	-1.386433651572779535e+00
1.030000000000000100e-03	-8.912061189350328760e-02	-1.394978573447779535e+00
1.039999999999999909e-03	-8.902295564350329315e-02	-1.382771542197779535e+00
1.049999999999999935e-03	-8.946240876850329593e-02	-1.390095760947779535e+00
1.059999999999999961e-03	-8.941358064350329871e-02	-1.377888729697779535e+00
1.069999999999999988e-03	-8.985303376850328760e-02	-1.385212948447779535e+00
1.080000000000000014e-03	-8.980420564350329038e-02	-1.374226620322779535e+00
1.090000000000000040e-03	-9.019483064350329593e-02	-1.381550839072779535e+00
1.100000000000000066e-03	-9.014600251850329871e-02	-1.369343807822779535e+00
1.110000000000000092e-03	-9.058545564350328760e-02	-1.376668026572779535e+00
1.119999999999999902e-03	-9.048779939350329315e-02	-1.364460995322779535e+00
1.129999999999999928e-03	-9.092725251850329593e-02	-1.371785214072779535e+00
1.139999999999999954e-03	-9.082959626850328760e-02	-1.360798885947779535e+00
1.149999999999999981e-03	-9.122022126850329315e-02	-1.368123104697779535e+00
1.160000000000000007e-03	-9.117139314350329593e-02	-1.355916073447779535e+00
1.170000000000000033e-03	-9.151319001850329038e-02	-1.363240292197779535e+00
1.180000000000000059e-03	-9.141553376850329593e-02	-1.352253964072779535e+00
1.190000000000000085e-03	-9.180615876850328760e-02	-1.359578182822779535e+00
1.199999999999999895e-03	-9.165967439350329593e-02	-1.347371151572779535e+00
1.209999999999999921e-03	-9.200147126850329038e-02	-1.354695370322779535e+00
1.219999999999999947e-03	-9.190381501850329593e-02	-1.342488339072779535e+00
1.229999999999999974e-03	-9.219678376850329315e-02	-1.351033260947779535e+00
1.240000000000000000e-03	-9.200147126850329038e-02	-1.338826229697779535e+00
1.250000000000000026e-03	-9.234326814350329871e-02	-1.346150448447779535e+00
1.260000000000000052e-03	-9.214795564350329593e-02	-1.333943417197779535e+00
1.270000000000000078e-03	-9.244092439350329315e-02	-1.341267635947779535e+00
1.280000000000000105e-03	-9.214795564350329593e-02	-1.330281307822779535e+00
1.289999999999999914e-03	-9.244092439350329315e-02	-1.337605526572779535e+00
1.299999999999999940e-03	-9.209912751850329871e-02	-1.325398495322779535e+00
1.309999999999999967e-03	-9.239209626850329593e-02	-1.332722714072779535e+00
1.319999999999999993e-03	-9.200147126850329038e-02	-1.320515682822779535e+00
1.330000000000000019e-03	-9.229444001850328760e-02	-1.329060604697779535e+00
1.340000000000000045e-03	-9.180615876850328760e-02	-1.316853573447779535e+00
1.350000000000000071e-03	-9.209912751850329871e-02	-1.324177792197779535e+00
1.360000000000000098e-03	-9.151319001850329038e-02	-1.313191464072779535e+00
1.369999999999999907e-03	-9.190381501850329593e-02	-1.319294979697779535e+00
1.379999999999999933e-03	-9.117139314350329593e-02	-1.308308651572779535e+00
1.389999999999999960e-03	-9.161084626850329871e-02	-1.315632870322779535e+00
1.399999999999999986e-03	-9.078076814350329038e-02	-1.303425839072779535e+00
1.410000000000000012e-03	-9.126904939350329038e-02	-1.310750057822779535e+00
1.420000000000000038e-03	-9.034131501850328760e-02	-1.299763729697779535e+00
1.430000000000000064e-03	-9.082959626850328760e-02	-1.307087948447779535e+00
1.440000000000000091e-03	-8.980420564350329038e-02	-1.294880917197779535e+00
1.449999999999999900e-03	-9.034131501850328760e-02	-1.302205135947779535e+00
1.459999999999999926e-03	-8.921826814350329593e-02	-1.289998104697779535e+00
1.469999999999999953e-03	-8.985303376850328760e-02	-1.298543026572779535e+00
1.479999999999999979e-03	-8.863233064350328760e-02	-1.286335995322779535e+00
1.490000000000000005e-03	-8.926709626850329315e-02	-1.293660214072779535e+00
1.500000000000000031e-03	-8.794873689350329871e-02	-1.281453182822779535e+00
1.510000000000000057e-03	-8.863233064350328760e-02	-1.288777401572779535e+00
1.520000000000000084e-03	-8.726514314350329593e-02	-1.276570370322779535e+00
1.529999999999999893e-03	-8.794873689350329871e-02	-1.285115292197779535e+00
1.539999999999999919e-03	-8.653272126850329593e-02	-1.272908260947779535e+00
1.549999999999999946e-03	-8.726514314350329593e-02	-1.280232479697779535e+00
1.559999999999999972e-03	-8.580029939350329593e-02	-1.268025448447779535e+00
1.569999999999999998e-03	-8.653272126850329593e-02	-1.275349667197779535e+00
1.580000000000000024e-03	-8.506787751850329593e-02	-1.264363339072779535e+00
1.590000000000000050e-03	-8.580029939350329593e-02	-1.271687557822779535e+00
1.600000000000000077e-03	-8.428662751850329871e-02	-1.259480526572779535e+00
1.610000000000000103e-03	-8.501904939350329871e-02	-1.266804745322779535e+00
1.619999999999999912e-03	-8.350537751850328760e-02	-1.255818417197779535e+00
1.629999999999999939e-03	-8.428662751850329871e-02	-1.263142635947779535e+00
1.639999999999999965e-03	-8.272412751850329038e-02	-1.250935604697779535e+00
1.649999999999999991e-03	-8.350537751850328760e-02	-1.258259823447779535e+00
1.660000000000000017e-03	-8.194287751850329315e-02	-1.246052792197779535e+00
1.670000000000000043e-03	-8.272412751850329038e-02	-1.253377010947779535e+00
1.680000000000000070e-03	-8.116162751850329593e-02	-1.242390682822779535e+00
1.690000000000000096e-03	-8.194287751850329315e-02	-1.249714901572779535e+00
1.699999999999999905e-03	-8.038037751850329871e-02	-1.237507870322779535e+00
1.709999999999999932e-03	-8.116162751850329593e-02	-1.244832089072779535e+00
1.719999999999999958e-03	-7.964795564350329871e-02	-1.233845760947779535e+00
1.729999999999999984e-03	-8.038037751850329871e-02	-1.241169979697779535e+00
1.740000000000000010e-03	-7.886670564350328760e-02	-1.228962948447779535e+00
1.750000000000000036e-03	-7.959912751850328760e-02	-1.236287167197779535e+00
1.760000000000000063e-03	-7.808545564350329038e-02	-1.224080135947779535e+00
1.770000000000000089e-03	-7.881787751850329038e-02	-1.231404354697779535e+00
1.779999999999999898e-03	-7.735303376850329038e-02	-1.219197323447779535e+00
1.789999999999999925e-03	-7.808545564350329038e-02	-1.227742245322779535e+00
1.799999999999999951e-03	-7.662061189350329038e-02	-1.215535214072779535e+00
1.809999999999999977e-03	-7.735303376850329038e-02	-1.222859432822779535e+00
1.820000000000000003e-03	-7.588819001850329038e-02	-1.210652401572779535e+00
1.830000000000000029e-03	-7.662061189350329038e-02	-1.219197323447779535e+00
1.840000000000000056e-03	-7.520459626850328760e-02	-1.206990292197779535e+00
1.850000000000000082e-03	-7.588819001850329038e-02	-1.214314510947779535e+00
1.860000000000000108e-03	-7.452100251850328483e-02	-1.202107479697779535e+00
1.869999999999999917e-03	-7.520459626850328760e-02	-1.209431698447779535e+00
1.879999999999999944e-03	-7.388623689350329315e-02	-1.197224667197779535e+00
1.889999999999999970e-03	-7.452100251850328483e-02	-1.204548885947779535e+00
1.899999999999999996e-03	-7.325147126850328760e-02	-1.193562557822779535e+00
1.910000000000000022e-03	-7.388623689350329315e-02	-1.200886776572779535e+00
1.920000000000000049e-03	-7.266553376850329315e-02	-1.188679745322779535e+00
1.930000000000000075e-03	-7.330029939350328483e-02	-1.196003964072779535e+00
1.940000000000000101e-03	-7.212842439350329593e-02	-1.185017635947779535e+00
1.949999999999999910e-03	-7.271436189350329038e-02	-1.192341854697779535e+00
1.959999999999999937e-03	-7.159131501850328483e-02	-1.180134823447779535e+00
1.969999999999999963e-03	-7.212842439350329593e-02	-1.187459042197779535e+00
1.979999999999999989e-03	-7.110303376850328483e-02	-1.175252010947779535e+00
1.990000000000000015e-03	-7.164014314350329593e-02	-1.182576229697779535e+00
2.000000000000000042e-03	-7.061475251850328483e-02	-1.171589901572779535e+00
2.010000000000000068e-03	-7.110303376850328483e-02	-1.178914120322779535e+00
2.020000000000000094e-03	-7.017529939350329593e-02	-1.166707089072779535e+00
2.030000000000000120e-03	-7.066358064350329593e-02	-1.174031307822779535e+00
2.040000000000000147e-03	-6.973584626850329315e-02	-1.161824276572779535e+00
2.050000000000000173e-03	-7.022412751850329315e-02	-1.170369198447779535e+00
2.060000000000000199e-03	-6.934522126850328760e-02	-1.158162167197779535e+00
2.069999999999999792e-03	-6.983350251850328760e-02	-1.165486385947779535e+00
2.079999999999999818e-03	-6.895459626850329593e-02	-1.153279354697779535e+00
2.089999999999999844e-03	-6.944287751850329593e-02	-1.161824276572779535e+00
2.099999999999999870e-03	-6.861279939350328760e-02	-1.149617245322779535e+00
2.109999999999999896e-03	-6.905225251850329038e-02	-1.156941464072779535e+00
2.119999999999999923e-03	-6.831983064350329038e-02	-1.144734432822779535e+00
2.129999999999999949e-03	-6.871045564350329593e-02	-1.152058651572779535e+00
2.139999999999999975e-03	-6.797803376850329593e-02	-1.141072323447779535e+00
2.150000000000000001e-03	-6.841748689350328483e-02	-1.148396542197779535e+00
2.160000000000000028e-03	-6.768506501850328483e-02	-1.136189510947779535e+00
2.170000000000000054e-03	-6.812451814350328760e-02	-1.143513729697779535e+00
2.180000000000000080e-03	-6.739209626850328760e-02	-1.131306698447779535e+00
2.190000000000000106e-03	-6.778272126850329315e-02	-1.138630917197779535e+00
2.200000000000000133e-03	-6.714795564350328760e-02	-1.127644589072779535e+00
2.210000000000000159e-03	-6.753858064350329315e-02	-1.134968807822779535e+00
2.220000000000000185e-03	-6.685498689350329038e-02	-1.122761776572779535e+00
2.230000000000000211e-03	-6.729444001850329315e-02	-1.130085995322779535e+00
2.239999999999999804e-03	-6.665967439350328760e-02	-1.117878964072779535e+00
2.249999999999999830e-03	-6.705029939350329315e-02	-1.126423885947779535e+00
2.259999999999999856e-03	-6.641553376850328760e-02	-1.114216854697779535e+00
2.269999999999999882e-03	-6.680615876850329315e-02	-1.121541073447779535e+00
2.279999999999999909e-03	-6.617139314350328760e-02	-1.109334042197779535e+00
2.289999999999999935e-03	-6.656201814350329315e-02	-1.116658260947779535e+00
2.299999999999999961e-03	-6.597608064350328483e-02	-1.105671932822779535e+00
2.309999999999999987e-03	-6.631787751850329315e-02	-1.112996151572779535e+00
2.320000000000000014e-03	-6.573194001850328483e-02	-1.100789120322779535e+00
2.330000000000000040e-03	-6.612256501850329038e-02	-1.108113339072779535e+00
2.340000000000000066e-03	-6.548779939350328483e-02	-1.097127010947779535e+00
2.350000000000000092e-03	-6.587842439350329038e-02	-1.104451229697779535e+00
2.360000000000000119e-03	-6.529248689350329593e-02	-1.092244198447779535e+00
2.370000000000000145e-03	-6.568311189350328760e-02	-1.099568417197779535e+00
2.380000000000000171e-03	-6.509717439350329315e-02	-1.087361385947779535e+00
2.390000000000000197e-03	-6.543897126850328760e-02	-1.094685604697779535e+00
2.399999999999999790e-03	-6.485303376850329315e-02	-1.083699276572779535e+00
2.409999999999999816e-03	-6.524365876850328483e-02	-1.091023495322779535e+00
2.419999999999999842e-03	-6.465772126850329038e-02	-1.078816464072779535e+00
2.429999999999999868e-03	-6.499951814350328483e-02	-1.086140682822779535e+00
2.439999999999999895e-03	-6.441358064350329038e-02	-1.073933651572779535e+00
2.449999999999999921e-03	-6.480420564350329593e-02	-1.082478573447779535e+00
2.459999999999999947e-03	-6.416944001850329038e-02	-1.070271542197779535e+00
2.469999999999999973e-03	-6.456006501850329593e-02	-1.077595760947779535e+00
2.480000000000000000e-03	-6.392529939350329038e-02	-1.065388729697779535e+00
2.490000000000000026e-03	-6.431592439350329593e-02	-1.072712948447779535e+00
2.500000000000000052e-03	-6.368115876850329038e-02	-1.061726620322779535e+00
2.510000000000000078e-03	-6.407178376850329593e-02	-1.069050839072779535e+00
2.520000000000000104e-03	-6.343701814350329038e-02	-1.056843807822779535e+00
2.530000000000000131e-03	-6.382764314350329593e-02	-1.064168026572779535e+00
2.540000000000000157e-03	-6.319287751850329038e-02	-1.053181698447779535e+00
2.550000000000000183e-03	-6.358350251850329593e-02	-1.060505917197779535e+00
2.560000000000000209e-03	-6.294873689350329038e-02	-1.048298885947779535e+00
2.569999999999999802e-03	-6.333936189350329593e-02	-1.055623104697779535e+00
2.579999999999999828e-03	-6.265576814350329315e-02	-1.044636776572779535e+00
2.589999999999999854e-03	-6.304639314350328483e-02	-1.051960995322779535e+00
2.599999999999999881e-03	-6.236279939350328899e-02	-1.039753964072779535e+00
2.609999999999999907e-03	-6.280225251850328483e-02	-1.047078182822779535e+00
2.619999999999999933e-03	-6.206983064350329177e-02	-1.034871151572779535e+00
2.629999999999999959e-03	-6.246045564350329038e-02	-1.042195370322779535e+00
2.639999999999999986e-03	-6.172803376850329038e-02	-1.031209042197779535e+00
2.650000000000000012e-03	-6.216748689350329315e-02	-1.038533260947779535e+00
2.660000000000000038e-03	-6.143506501850329315e-02	-1.026326229697779535e+00
2.670000000000000064e-03	-6.182569001850329177e-02	-1.033650448447779535e+00
2.680000000000000090e-03	-6.109326814350329177e-02	-1.022664120322779535e+00
2.690000000000000117e-03	-6.153272126850328760e-02	-1.029988339072779535e+00
2.700000000000000143e-03	-6.075147126850329038e-02	-1.017781307822779535e+00
2.710000000000000169e-03	-6.119092439350329315e-02	-1.025105526572779535e+00
2.720000000000000195e-03	-6.036084626850329177e-02	-1.014119198447779535e+00
2.729999999999999788e-03	-6.084912751850329177e-02	-1.021443417197779535e+00
2.739999999999999814e-03	-6.001904939350329038e-02	-1.009236385947779535e+00
2.749999999999999840e-03	-6.045850251850329315e-02	-1.016560604697779535e+00
2.759999999999999867e-03	-5.962842439350329177e-02	-1.004353573447779535e+00
2.769999999999999893e-03	-6.011670564350329177e-02	-1.012898495322779535e+00
2.779999999999999919e-03	-5.923779939350329315e-02	-1.000691464072779535e+00
2.789999999999999945e-03	-5.972608064350329315e-02	-1.008015682822779535e+00
2.799999999999999972e-03	-5.884717439350328760e-02	-9.958086515727795351e-01
2.809999999999999998e-03	-5.933545564350328760e-02	-1.003132870322779535e+00
2.820000000000000024e-03	-5.845654939350328899e-02	-9.909258390727795351e-01
2.830000000000000050e-03	-5.894483064350328899e-02	-9.982500578227795351e-01
2.840000000000000076e-03	-5.806592439350329038e-02	-9.872637296977795351e-01
2.850000000000000103e-03	-5.855420564350329038e-02	-9.945879484477795351e-01
2.860000000000000129e-03	-5.767529939350329177e-02	-9.823809171977795351e-01
2.870000000000000155e-03	-5.816358064350329177e-02	-9.897051359477795351e-01
2.880000000000000181e-03	-5.728467439350329315e-02	-9.787188078227795351e-01
2.890000000000000208e-03	-5.777295564350329315e-02	-9.860430265727795351e-01
2.899999999999999800e-03	-5.689404939350328760e-02	-9.738359953227795351e-01
2.909999999999999826e-03	-5.738233064350328760e-02	-9.811602140727795351e-01
2.919999999999999853e-03	-5.650342439350328899e-02	-9.701738859477795351e-01
2.929999999999999879e-03	-5.694287751850329177e-02	-9.774981046977795351e-01
2.939999999999999905e-03	-5.606397126850329315e-02	-9.652910734477795351e-01
2.949999999999999931e-03	-5.655225251850329315e-02	-9.726152921977795351e-01
2.959999999999999958e-03	-5.562451814350329038e-02	-9.604082609477795351e-01
2.969999999999999984e-03	-5.616162751850328760e-02	-9.677324796977795351e-01
2.980000000000000010e-03	-5.523389314350329177e-02	-9.567461515727795351e-01
2.990000000000000036e-03	-5.572217439350329177e-02	-9.640703703227795351e-01
3.000000000000000062e-03	-5.479444001850328899e-02	-9.518633390727795351e-01
3.010000000000000089e-03	-5.528272126850328899e-02	-9.591875578227795351e-01
3.020000000000000115e-03	-5.435498689350329315e-02	-9.469805265727795351e-01
3.030000000000000141e-03	-5.484326814350329315e-02	-9.543047453227795351e-01
3.040000000000000167e-03	-5.391553376850329038e-02	-9.433184171977795351e-01
3.050000000000000194e-03	-5.445264314350328760e-02	-9.506426359477795351e-01
3.059999999999999786e-03	-5.352490876850329177e-02	-9.384356046977795351e-01
3.069999999999999812e-03	-5.401319001850329177e-02	-9.457598234477795351e-01
3.079999999999999839e-03	-5.308545564350328899e-02	-9.347734953227795351e-01
3.089999999999999865e-03	-5.357373689350328899e-02	-9.420977140727795351e-01
3.099999999999999891e-03	-5.264600251850329315e-02	-9.298906828227795351e-01
3.109999999999999917e-03	-5.313428376850329315e-02	-9.372149015727795351e-01
3.119999999999999944e-03	-5.220654939350329038e-02	-9.250078703227795351e-01
3.129999999999999970e-03	-5.269483064350329038e-02	-9.335527921977795351e-01
3.139999999999999996e-03	-5.176709626850328760e-02	-9.213457609477795351e-01
3.150000000000000022e-03	-5.225537751850328760e-02	-9.286699796977795351e-01
3.160000000000000048e-03	-5.137647126850328899e-02	-9.164629484477795351e-01
3.170000000000000075e-03	-5.186475251850328899e-02	-9.250078703227795351e-01
3.180000000000000101e-03	-5.093701814350329315e-02	-9.128008390727795351e-01
3.190000000000000127e-03	-5.142529939350329315e-02	-9.201250578227795351e-01
3.200000000000000153e-03	-5.049756501850329038e-02	-9.079180265727795351e-01
3.210000000000000180e-03	-5.098584626850329038e-02	-9.152422453227795351e-01
3.220000000000000206e-03	-5.010694001850329177e-02	-9.042559171977795351e-01
3.229999999999999798e-03	-5.059522126850329177e-02	-9.115801359477795351e-01
3.239999999999999825e-03	-4.971631501850329315e-02	-8.993731046977795351e-01
3.249999999999999851e-03	-5.020459626850329315e-02	-9.066973234477795351e-01
3.259999999999999877e-03	-4.932569001850328760e-02	-8.944902921977795351e-01
3.269999999999999903e-03	-4.976514314350329038e-02	-9.030352140727795351e-01
3.279999999999999930e-03	-4.893506501850328899e-02	-8.908281828227795351e-01
3.289999999999999956e-03	-4.942334626850328899e-02	-8.981524015727795351e-01
3.299999999999999982e-03	-4.859326814350328760e-02	-8.859453703227795351e-01
3.310000000000000008e-03	-4.903272126850329038e-02	-8.932695890727795351e-01
3.320000000000000034e-03	-4.820264314350328899e-02	-8.822832609477795351e-01
3.330000000000000061e-03	-4.869092439350328899e-02	-8.896074796977795351e-01
3.340000000000000087e-03	-4.786084626850328760e-02	-8.774004484477795351e-01
3.350000000000000113e-03	-4.830029939350329038e-02	-8.847246671977795351e-01
3.360000000000000139e-03	-4.751904939350329315e-02	-8.737383390727795351e-01
3.370000000000000166e-03	-4.795850251850328899e-02	-8.810625578227795351e-01
3.380000000000000192e-03	-4.717725251850329177e-02	-8.688555265727795351e-01
3.389999999999999784e-03	-4.761670564350328760e-02	-8.761797453227795351e-01
3.399999999999999811e-03	-4.683545564350329038e-02	-8.639727140727795351e-01
3.409999999999999837e-03	-4.727490876850329315e-02	-8.712969328227795351e-01
3.419999999999999863e-03	-4.654248689350329315e-02	-8.603106046977795351e-01
3.429999999999999889e-03	-4.698194001850328899e-02	-8.676348234477795351e-01
3.439999999999999915e-03	-4.620069001850329177e-02	-8.554277921977795351e-01
3.449999999999999942e-03	-4.664014314350328760e-02	-8.627520109477795351e-01
3.459999999999999968e-03	-4.590772126850328760e-02	-8.505449796977795351e-01
3.469999999999999994e-03	-4.629834626850329315e-02	-8.578691984477795351e-01
3.480000000000000020e-03	-4.556592439350329315e-02	-8.468828703227795351e-01
3.490000000000000047e-03	-4.600537751850328899e-02	-8.542070890727795351e-01
3.500000000000000073e-03	-4.527295564350328899e-02	-8.420000578227795351e-01
3.510000000000000099e-03	-4.571240876850329177e-02	-8.493242765727795351e-01
3.520000000000000125e-03	-4.497998689350329177e-02	-8.383379484477795351e-01
3.530000000000000152e-03	-4.541944001850328760e-02	-8.456621671977795351e-01
3.540000000000000178e-03	-4.468701814350328760e-02	-8.334551359477795351e-01
3.550000000000000204e-03	-4.512647126850329038e-02	-8.407793546977795351e-01
3.559999999999999797e-03	-4.439404939350329038e-02	-8.285723234477795351e-01
3.569999999999999823e-03	-4.483350251850329315e-02	-8.371172453227795351e-01
3.579999999999999849e-03	-4.410108064350329315e-02	-8.249102140727795351e-01
3.589999999999999875e-03	-4.454053376850328899e-02	-8.322344328227795351e-01
3.599999999999999901e-03	-4.385694001850329315e-02	-8.200274015727795351e-01
3.609999999999999928e-03	-4.424756501850329177e-02	-8.273516203227795351e-01
3.619999999999999954e-03	-4.356397126850328899e-02	-8.163652921977795351e-01
3.629999999999999980e-03	-4.395459626850328760e-02	-8.236895109477795351e-01
3.640000000000000006e-03	-4.327100251850329177e-02	-8.114824796977795351e-01
3.650000000000000033e-03	-4.371045564350328760e-02	-8.188066984477795351e-01
3.660000000000000059e-03	-4.302686189350329177e-02	-8.065996671977795351e-01
3.670000000000000085e-03	-4.341748689350329038e-02	-8.139238859477795351e-01
3.680000000000000111e-03	-4.278272126850329177e-02	-8.029375578227795351e-01
3.690000000000000138e-03	-4.317334626850329038e-02	-8.102617765727795351e-01
3.700000000000000164e-03	-4.253858064350329177e-02	-7.980547453227795351e-01
3.710000000000000190e-03	-4.292920564350329038e-02	-8.053789640727795351e-01
3.720000000000000216e-03	-4.229444001850329177e-02	-7.943926359477795351e-01
3.729999999999999809e-03	-4.263623689350329315e-02	-8.017168546977795351e-01
3.739999999999999835e-03	-4.200147126850328760e-02	-7.895098234477795351e-01
3.749999999999999861e-03	-4.239209626850329315e-02	-7.968340421977795351e-01
3.759999999999999887e-03	-4.175733064350328760e-02	-7.858477140727795351e-01
3.769999999999999914e-03	-4.214795564350329315e-02	-7.931719328227795351e-01
3.779999999999999940e-03	-4.151319001850328760e-02	-7.809649015727795351e-01
3.789999999999999966e-03	-4.190381501850329315e-02	-7.882891203227795351e-01
3.799999999999999992e-03	-4.126904939350328760e-02	-7.773027921977795351e-01
3.810000000000000019e-03	-4.165967439350329315e-02	-7.846270109477795351e-01
3.820000000000000045e-03	-4.102490876850328760e-02	-7.724199796977795351e-01
3.830000000000000071e-03	-4.136670564350328899e-02	-7.797441984477795351e-01
3.840000000000000097e-03	-4.073194001850329038e-02	-7.675371671977795351e-01
3.850000000000000124e-03	-4.112256501850328899e-02	-7.748613859477795351e-01
3.860000000000000150e-03	-4.048779939350329038e-02	-7.638750578227795351e-01
3.870000000000000176e-03	-4.087842439350328899e-02	-7.711992765727795351e-01
3.880000000000000202e-03	-4.024365876850329038e-02	-7.589922453227795351e-01
3.889999999999999795e-03	-4.063428376850328899e-02	-7.663164640727795351e-01
3.899999999999999821e-03	-3.999951814350329038e-02	-7.553301359477795351e-01
3.910000000000000281e-03	-4.039014314350328899e-02	-7.626543546977795351e-01
3.919999999999999873e-03	-3.970654939350329315e-02	-7.504473234477795351e-01
3.930000000000000333e-03	-4.009717439350329177e-02	-7.577715421977795351e-01
3.939999999999999926e-03	-3.946240876850329315e-02	-7.455645109477795351e-01
3.950000000000000386e-03	-3.985303376850329177e-02	-7.541094328227795351e-01
3.959999999999999978e-03	-3.916944001850328899e-02	-7.419024015727795351e-01
3.969999999999999571e-03	-3.960889314350329177e-02	-7.492266203227795351e-01
3.980000000000000031e-03	-3.892529939350328899e-02	-7.370195890727795351e-01
3.989999999999999623e-03	-3.931592439350328760e-02	-7.443438078227795351e-01
4.000000000000000083e-03	-3.863233064350329177e-02	-7.333574796977795351e-01
4.009999999999999676e-03	-3.902295564350329038e-02	-7.406816984477795351e-01
4.020000000000000136e-03	-3.833936189350328760e-02	-7.284746671977795351e-01
4.029999999999999728e-03	-3.877881501850329038e-02	-7.357988859477795351e-01
4.040000000000000188e-03	-3.809522126850328760e-02	-7.235918546977795351e-01
4.049999999999999781e-03	-3.848584626850329315e-02	-7.309160734477795351e-01
4.060000000000000241e-03	-3.780225251850329038e-02	-7.199297453227795351e-01
4.069999999999999833e-03	-3.819287751850328899e-02	-7.272539640727795351e-01
4.080000000000000293e-03	-3.750928376850329315e-02	-7.150469328227795351e-01
4.089999999999999886e-03	-3.789990876850329177e-02	-7.223711515727795351e-01
4.100000000000000346e-03	-3.721631501850328899e-02	-7.113848234477795351e-01
4.109999999999999938e-03	-3.760694001850328760e-02	-7.187090421977795351e-01
4.120000000000000398e-03	-3.692334626850329177e-02	-7.065020109477795351e-01
4.129999999999999991e-03	-3.731397126850329038e-02	-7.138262296977795351e-01
4.139999999999999583e-03	-3.658154939350329038e-02	-7.028399015727795351e-01
4.150000000000000043e-03	-3.702100251850328622e-02	-7.101641203227795351e-01
4.159999999999999636e-03	-3.628858064350328622e-02	-6.979570890727795351e-01
4.170000000000000095e-03	-3.672803376850328899e-02	-7.052813078227795351e-01
4.179999999999999688e-03	-3.599561189350328899e-02	-6.930742765727795351e-01
4.190000000000000148e-03	-3.638623689350328760e-02	-7.003984953227795351e-01
4.199999999999999740e-03	-3.565381501850328760e-02	-6.894121671977795351e-01
4.210000000000000200e-03	-3.609326814350329038e-02	-6.967363859477795351e-01
4.219999999999999793e-03	-3.531201814350328622e-02	-6.845293546977795351e-01
4.230000000000000253e-03	-3.575147126850328899e-02	-6.918535734477795351e-01
4.239999999999999845e-03	-3.497022126850329177e-02	-6.808672453227795351e-01
4.250000000000000305e-03	-3.540967439350328760e-02	-6.881914640727795351e-01
4.259999999999999898e-03	-3.462842439350329038e-02	-6.759844328227795351e-01
4.270000000000000358e-03	-3.506787751850328622e-02	-6.833086515727795351e-01
4.279999999999999950e-03	-3.428662751850328899e-02	-6.723223234477795351e-01
4.290000000000000410e-03	-3.472608064350329177e-02	-6.796465421977795351e-01
4.300000000000000003e-03	-3.389600251850329038e-02	-6.674395109477795351e-01
4.309999999999999595e-03	-3.438428376850329038e-02	-6.747637296977795351e-01
4.320000000000000055e-03	-3.355420564350328899e-02	-6.637774015727795351e-01
4.329999999999999648e-03	-3.399365876850329177e-02	-6.711016203227795351e-01
4.340000000000000108e-03	-3.316358064350329038e-02	-6.588945890727795351e-01
4.349999999999999700e-03	-3.360303376850328622e-02	-6.662188078227795351e-01
4.360000000000000160e-03	-3.277295564350329177e-02	-6.540117765727795351e-01
4.369999999999999753e-03	-3.326123689350329177e-02	-6.613359953227795351e-01
4.380000000000000213e-03	-3.238233064350328622e-02	-6.503496671977795351e-01
4.389999999999999805e-03	-3.282178376850328899e-02	-6.576738859477795351e-01
4.400000000000000265e-03	-3.199170564350328760e-02	-6.454668546977795351e-01
4.409999999999999858e-03	-3.243115876850329038e-02	-6.527910734477795351e-01
4.420000000000000318e-03	-3.155225251850329177e-02	-6.418047453227795351e-01
4.429999999999999910e-03	-3.204053376850329177e-02	-6.491289640727795351e-01
4.440000000000000370e-03	-3.116162751850328969e-02	-6.369219328227795351e-01
4.449999999999999963e-03	-3.164990876850328622e-02	-6.442461515727795351e-01
4.460000000000000422e-03	-3.077100251850328760e-02	-6.320391203227795351e-01
4.470000000000000015e-03	-3.121045564350329038e-02	-6.405840421977795351e-01
4.479999999999999608e-03	-3.033154939350328830e-02	-6.283770109477795351e-01
4.490000000000000067e-03	-3.077100251850328760e-02	-6.357012296977795351e-01
4.499999999999999660e-03	-2.989209626850328899e-02	-6.234941984477795351e-01
4.510000000000000120e-03	-3.038037751850328899e-02	-6.308184171977795351e-01
4.519999999999999712e-03	-2.945264314350328969e-02	-6.198320890727795351e-01
4.530000000000000172e-03	-2.998975251850329038e-02	-6.271563078227795351e-01
4.539999999999999765e-03	-2.906201814350328760e-02	-6.149492765727795351e-01
4.550000000000000225e-03	-2.955029939350328760e-02	-6.222734953227795351e-01
4.559999999999999817e-03	-2.862256501850328830e-02	-6.112871671977795351e-01
4.570000000000000277e-03	-2.911084626850328830e-02	-6.186113859477795351e-01
4.579999999999999870e-03	-2.823194001850328969e-02	-6.064043546977795351e-01
4.590000000000000330e-03	-2.872022126850328969e-02	-6.137285734477795351e-01
4.599999999999999922e-03	-2.779248689350329038e-02	-6.027422453227795351e-01
4.610000000000000382e-03	-2.828076814350329038e-02	-6.100664640727795351e-01
4.619999999999999975e-03	-2.740186189350328830e-02	-5.978594328227795351e-01
4.629999999999999567e-03	-2.789014314350328830e-02	-6.051836515727795351e-01
4.640000000000000027e-03	-2.701123689350328969e-02	-5.929766203227795351e-01
4.649999999999999620e-03	-2.749951814350328969e-02	-6.015215421977795351e-01
4.660000000000000080e-03	-2.666944001850328830e-02	-5.893145109477795351e-01
4.669999999999999672e-03	-2.710889314350328760e-02	-5.966387296977795351e-01
4.680000000000000132e-03	-2.627881501850328969e-02	-5.844316984477795351e-01
4.689999999999999725e-03	-2.671826814350328899e-02	-5.917559171977795351e-01
4.700000000000000185e-03	-2.593701814350328830e-02	-5.807695890727795351e-01
4.709999999999999777e-03	-2.637647126850328760e-02	-5.880938078227795351e-01
4.720000000000000237e-03	-2.559522126850329038e-02	-5.758867765727795351e-01
4.729999999999999830e-03	-2.603467439350328969e-02	-5.844316984477795351e-01
4.740000000000000289e-03	-2.530225251850328969e-02	-5.722246671977795351e-01
4.749999999999999882e-03	-2.569287751850328830e-02	-5.795488859477795351e-01
4.760000000000000342e-03	-2.500928376850328899e-02	-5.673418546977795351e-01
4.769999999999999934e-03	-2.539990876850328760e-02	-5.746660734477795351e-01
4.780000000000000394e-03	-2.471631501850329177e-02	-5.636797453227795351e-01
4.789999999999999987e-03	-2.510694001850329038e-02	-5.710039640727795351e-01
4.799999999999999580e-03	-2.442334626850329107e-02	-5.587969328227795351e-01
4.810000000000000039e-03	-2.486279939350329038e-02	-5.661211515727795351e-01
4.819999999999999632e-03	-2.413037751850329038e-02	-5.539141203227795351e-01
4.830000000000000092e-03	-2.456983064350329315e-02	-5.612383390727795351e-01
4.839999999999999684e-03	-2.388623689350329038e-02	-5.502520109477795351e-01
4.850000000000000144e-03	-2.427686189350329246e-02	-5.575762296977795351e-01
4.859999999999999737e-03	-2.364209626850329038e-02	-5.453691984477795351e-01
4.870000000000000197e-03	-2.403272126850329246e-02	-5.539141203227795351e-01
4.879999999999999789e-03	-2.339795564350329038e-02	-5.417070890727795351e-01
4.890000000000000249e-03	-2.378858064350329246e-02	-5.490313078227795351e-01
4.899999999999999842e-03	-2.315381501850329038e-02	-5.380449796977795351e-01
4.910000000000000302e-03	-2.354444001850329246e-02	-5.453691984477795351e-01
4.919999999999999894e-03	-2.290967439350329038e-02	-5.331621671977795351e-01
4.930000000000000354e-03	-2.330029939350329246e-02	-5.404863859477795351e-01
4.939999999999999947e-03	-2.271436189350329107e-02	-5.282793546977795351e-01
4.950000000000000407e-03	-2.310498689350329315e-02	-5.356035734477795351e-01
4.959999999999999999e-03	-2.247022126850329107e-02	-5.246172453227795351e-01
4.969999999999999592e-03	-2.286084626850329315e-02	-5.319414640727795351e-01
4.980000000000000052e-03	-2.222608064350329107e-02	-5.197344328227795351e-01
4.989999999999999644e-03	-2.261670564350329315e-02	-5.270586515727795351e-01
5.000000000000000104e-03	-2.203076814350329177e-02	-5.160723234477795351e-01
5.009999999999999697e-03	-2.242139314350329038e-02	-5.233965421977795351e-01
5.020000000000000157e-03	-2.183545564350329246e-02	-5.111895109477795351e-01
5.029999999999999749e-03	-2.217725251850329038e-02	-5.185137296977795351e-01
5.040000000000000209e-03	-2.164014314350329315e-02	-5.075274015727795351e-01
5.049999999999999802e-03	-2.198194001850329107e-02	-5.148516203227795351e-01
5.060000000000000261e-03	-2.144483064350329038e-02	-5.026445890727795351e-01
5.069999999999999854e-03	-2.178662751850329177e-02	-5.099688078227795351e-01
5.080000000000000314e-03	-2.124951814350329107e-02	-4.989824796977795907e-01
5.089999999999999906e-03	-2.159131501850329246e-02	-5.063066984477795351e-01
5.100000000000000366e-03	-2.110303376850329246e-02	-4.940996671977795907e-01
5.109999999999999959e-03	-2.144483064350329038e-02	-5.014238859477795351e-01
5.120000000000000419e-03	-2.090772126850329315e-02	-4.904375578227795907e-01
5.130000000000000011e-03	-2.124951814350329107e-02	-4.977617765727795907e-01
5.139999999999999604e-03	-2.076123689350329107e-02	-4.855547453227795907e-01
5.150000000000000064e-03	-2.110303376850329246e-02	-4.928789640727795907e-01
5.159999999999999656e-03	-2.056592439350329177e-02	-4.818926359477795907e-01
5.170000000000000116e-03	-2.095654939350329038e-02	-4.892168546977795907e-01
5.179999999999999709e-03	-2.041944001850329315e-02	-4.770098234477795907e-01
5.190000000000000169e-03	-2.076123689350329107e-02	-4.843340421977795907e-01
5.199999999999999761e-03	-2.022412751850329038e-02	-4.733477140727795907e-01
5.210000000000000221e-03	-2.061475251850329246e-02	-4.806719328227795907e-01
5.219999999999999814e-03	-2.007764314350329177e-02	-4.684649015727795907e-01
5.230000000000000274e-03	-2.041944001850329315e-02	-4.757891203227795907e-01
5.239999999999999866e-03	-1.988233064350329246e-02	-4.635820890727795907e-01
5.250000000000000326e-03	-2.027295564350329107e-02	-4.709063078227795907e-01
5.259999999999999919e-03	-1.973584626850329038e-02	-4.599199796977795907e-01
5.270000000000000379e-03	-2.007764314350329177e-02	-4.672441984477795907e-01
5.279999999999999971e-03	-1.954053376850329107e-02	-4.550371671977795907e-01
5.290000000000000431e-03	-1.993115876850329315e-02	-4.623613859477795907e-01
5.300000000000000024e-03	-1.934522126850329177e-02	-4.513750578227795907e-01
5.309999999999999616e-03	-1.973584626850329038e-02	-4.586992765727795907e-01
5.320000000000000076e-03	-1.914990876850329246e-02	-4.464922453227795907e-01
5.329999999999999669e-03	-1.954053376850329107e-02	-4.550371671977795907e-01
5.340000000000000129e-03	-1.895459626850329315e-02	-4.428301359477795907e-01
5.349999999999999721e-03	-1.934522126850329177e-02	-4.501543546977795907e-01
5.360000000000000181e-03	-1.875928376850329038e-02	-4.379473234477795907e-01
5.369999999999999774e-03	-1.914990876850329246e-02	-4.452715421977795907e-01
5.380000000000000233e-03	-1.851514314350329038e-02	-4.342852140727795907e-01
5.389999999999999826e-03	-1.890576814350329246e-02	-4.416094328227795907e-01
5.400000000000000286e-03	-1.831983064350329107e-02	-4.306231046977795907e-01
5.409999999999999878e-03	-1.871045564350328969e-02	-4.367266203227795907e-01
5.420000000000000338e-03	-1.812451814350329177e-02	-4.257402921977795907e-01
5.429999999999999931e-03	-1.846631501850328969e-02	-4.330645109477795907e-01
5.440000000000000391e-03	-1.788037751850329177e-02	-4.220781828227795907e-01
5.449999999999999983e-03	-1.827100251850329038e-02	-4.294024015727795907e-01
5.459999999999999576e-03	-1.768506501850329246e-02	-4.171953703227795907e-01
5.470000000000000036e-03	-1.802686189350329038e-02	-4.245195890727795907e-01
5.479999999999999628e-03	-1.744092439350329246e-02	-4.135332609477795907e-01
5.490000000000000088e-03	-1.783154939350329107e-02	-4.208574796977795907e-01
5.499999999999999681e-03	-1.724561189350328969e-02	-4.086504484477795907e-01
5.510000000000000141e-03	-1.758740876850329107e-02	-4.159746671977795907e-01
5.519999999999999733e-03	-1.700147126850328969e-02	-4.049883390727795907e-01
5.530000000000000193e-03	-1.734326814350329107e-02	-4.123125578227795907e-01
5.539999999999999786e-03	-1.675733064350328969e-02	-4.001055265727795907e-01
5.550000000000000246e-03	-1.714795564350329177e-02	-4.074297453227795907e-01
5.559999999999999838e-03	-1.651319001850328969e-02	-3.964434171977795907e-01
5.570000000000000298e-03	-1.690381501850329177e-02	-4.037676359477795907e-01
5.579999999999999891e-03	-1.626904939350328969e-02	-3.915606046977795907e-01
5.590000000000000351e-03	-1.665967439350329177e-02	-3.988848234477795907e-01
5.599999999999999943e-03	-1.607373689350329038e-02	-3.878984953227795907e-01
5.610000000000000403e-03	-1.646436189350329246e-02	-3.952227140727795907e-01
5.619999999999999996e-03	-1.582959626850329038e-02	-3.830156828227795907e-01
5.629999999999999588e-03	-1.622022126850329246e-02	-3.903399015727795907e-01
5.640000000000000048e-03	-1.553662751850329142e-02	-3.793535734477795907e-01
5.649999999999999641e-03	-1.597608064350329246e-02	-3.866777921977795907e-01
5.660000000000000100e-03	-1.529248689350329142e-02	-3.744707609477795907e-01
5.669999999999999693e-03	-1.568311189350329177e-02	-3.817949796977795907e-01
5.680000000000000153e-03	-1.504834626850329142e-02	-3.708086515727795907e-01
5.689999999999999745e-03	-1.543897126850329177e-02	-3.781328703227795907e-01
5.700000000000000205e-03	-1.475537751850329073e-02	-3.659258390727795907e-01
5.709999999999999798e-03	-1.514600251850329107e-02	-3.732500578227795907e-01
5.720000000000000258e-03	-1.446240876850329177e-02	-3.622637296977795907e-01
5.729999999999999850e-03	-1.490186189350329107e-02	-3.695879484477795907e-01
5.740000000000000310e-03	-1.416944001850329107e-02	-3.573809171977795907e-01
5.749999999999999903e-03	-1.456006501850329142e-02	-3.647051359477795907e-01
5.760000000000000363e-03	-1.387647126850329038e-02	-3.537188078227795907e-01
5.769999999999999955e-03	-1.426709626850329073e-02	-3.610430265727795907e-01
5.780000000000000415e-03	-1.353467439350329073e-02	-3.488359953227795907e-01
5.790000000000000008e-03	-1.397412751850329177e-02	-3.573809171977795907e-01
5.799999999999999600e-03	-1.319287751850329107e-02	-3.451738859477795907e-01
5.810000000000000060e-03	-1.363233064350329038e-02	-3.524981046977795907e-01
5.819999999999999653e-03	-1.289990876850329038e-02	-3.402910734477795907e-01
5.830000000000000113e-03	-1.329053376850329073e-02	-3.476152921977795907e-01
5.839999999999999705e-03	-1.255811189350329073e-02	-3.366289640727795907e-01
5.850000000000000165e-03	-1.299756501850329177e-02	-3.439531828227795907e-01
5.859999999999999758e-03	-1.221631501850328934e-02	-3.317461515727795907e-01
5.870000000000000218e-03	-1.265576814350329038e-02	-3.390703703227795907e-01
5.879999999999999810e-03	-1.187451814350328969e-02	-3.280840421977795907e-01
5.890000000000000270e-03	-1.231397126850328899e-02	-3.354082609477795907e-01
5.899999999999999863e-03	-1.158154939350328899e-02	-3.232012296977795907e-01
5.910000000000000323e-03	-1.197217439350328934e-02	-3.317461515727795907e-01
5.919999999999999915e-03	-1.123975251850328934e-02	-3.195391203227795907e-01
5.930000000000000375e-03	-1.163037751850328969e-02	-3.268633390727795907e-01
5.939999999999999968e-03	-1.089795564350328969e-02	-3.158770109477795907e-01
5.950000000000000427e-03	-1.133740876850328899e-02	-3.219805265727795907e-01
5.960000000000000020e-03	-1.055615876850329003e-02	-3.109941984477795907e-01
5.969999999999999613e-03	-1.099561189350328934e-02	-3.183184171977795907e-01
5.980000000000000072e-03	-1.021436189350329038e-02	-3.061113859477795907e-01
5.989999999999999665e-03	-1.065381501850328969e-02	-3.134356046977795907e-01
6.000000000000000125e-03	-9.921393143503289686e-03	-3.024492765727795907e-01
6.009999999999999717e-03	-1.031201814350329003e-02	-3.097734953227795907e-01
6.020000000000000177e-03	-9.579596268503290032e-03	-2.975664640727795907e-01
6.029999999999999770e-03	-1.001904939350328934e-02	-3.061113859477795907e-01
6.040000000000000230e-03	-9.237799393503288645e-03	-2.939043546977795907e-01
6.049999999999999822e-03	-9.677252518503289686e-03	-3.012285734477795907e-01
6.060000000000000282e-03	-8.896002518503288992e-03	-2.890215421977795907e-01
6.069999999999999875e-03	-9.335455643503290032e-03	-2.963457609477795907e-01
6.080000000000000335e-03	-8.603033768503290032e-03	-2.853594328227795907e-01
6.089999999999999927e-03	-9.042486893503289339e-03	-2.926836515727795907e-01
6.100000000000000387e-03	-8.261236893503288645e-03	-2.816973234477795907e-01
6.109999999999999980e-03	-8.700690018503289686e-03	-2.890215421977795907e-01
6.119999999999999572e-03	-7.968268143503289686e-03	-2.768145109477795907e-01
6.130000000000000032e-03	-8.358893143503290032e-03	-2.841387296977795907e-01
6.139999999999999625e-03	-7.626471268503289165e-03	-2.731524015727795907e-01
6.150000000000000085e-03	-8.065924393503289339e-03	-2.804766203227795907e-01
6.159999999999999677e-03	-7.333502518503289339e-03	-2.682695890727795907e-01
6.170000000000000137e-03	-7.724127518503289686e-03	-2.755938078227795907e-01
6.179999999999999730e-03	-6.991705643503289686e-03	-2.646074796977795907e-01
6.190000000000000190e-03	-7.431158768503288992e-03	-2.719316984477795907e-01
6.199999999999999782e-03	-6.698736893503288992e-03	-2.597246671977795907e-01
6.210000000000000242e-03	-7.089361893503289339e-03	-2.670488859477795907e-01
6.219999999999999835e-03	-6.356940018503289339e-03	-2.560625578227795907e-01
6.230000000000000294e-03	-6.796393143503289512e-03	-2.633867765727795907e-01
6.239999999999999887e-03	-6.063971268503290379e-03	-2.511797453227795907e-01
6.250000000000000347e-03	-6.454596268503288992e-03	-2.585039640727795907e-01
6.259999999999999939e-03	-5.771002518503289686e-03	-2.475176359477795907e-01
6.270000000000000399e-03	-6.161627518503290032e-03	-2.548418546977795907e-01
6.279999999999999992e-03	-5.429205643503290032e-03	-2.426348234477795907e-01
6.289999999999999584e-03	-5.868658768503290206e-03	-2.511797453227795907e-01
6.300000000000000044e-03	-5.136236893503290206e-03	-2.389727140727795907e-01
6.309999999999999637e-03	-5.575690018503290379e-03	-2.462969328227795907e-01
6.320000000000000097e-03	-4.843268143503290379e-03	-2.353106046977795907e-01
6.329999999999999689e-03	-5.282721268503289686e-03	-2.426348234477795907e-01
6.340000000000000149e-03	-4.599127518503289512e-03	-2.304277921977795907e-01
6.349999999999999742e-03	-4.989752518503289859e-03	-2.377520109477795907e-01
6.360000000000000202e-03	-4.306158768503289686e-03	-2.267656828227795907e-01
6.369999999999999794e-03	-4.696783768503290032e-03	-2.340899015727795907e-01
6.380000000000000254e-03	-4.013190018503289859e-03	-2.218828703227795907e-01
6.389999999999999847e-03	-4.452643143503290032e-03	-2.292070890727795907e-01
6.400000000000000307e-03	-3.769049393503289859e-03	-2.182207609477795907e-01
6.409999999999999899e-03	-4.159674393503290206e-03	-2.255449796977795907e-01
6.420000000000000359e-03	-3.476080643503290032e-03	-2.133379484477795907e-01
6.429999999999999952e-03	-3.866705643503289946e-03	-2.206621671977795907e-01
6.440000000000000412e-03	-3.183111893503289772e-03	-2.096758390727795907e-01
6.450000000000000004e-03	-3.622565018503289946e-03	-2.170000578227795907e-01
6.459999999999999597e-03	-2.938971268503289772e-03	-2.047930265727795907e-01
6.470000000000000057e-03	-3.378424393503289946e-03	-2.121172453227795907e-01
6.479999999999999649e-03	-2.694830643503289772e-03	-2.011309171977795907e-01
6.490000000000000109e-03	-3.085455643503289686e-03	-2.084551359477795907e-01
6.499999999999999702e-03	-2.401861893503289946e-03	-1.974688078227795907e-01
6.510000000000000162e-03	-2.841315018503289686e-03	-2.035723234477795907e-01
6.519999999999999754e-03	-2.157721268503289946e-03	-1.925859953227795907e-01
6.530000000000000214e-03	-2.597174393503289686e-03	-1.999102140727795907e-01
6.539999999999999807e-03	-1.913580643503289729e-03	-1.889238859477795907e-01
6.550000000000000266e-03	-2.304205643503289859e-03	-1.962481046977795907e-01
6.559999999999999859e-03	-1.669440018503289729e-03	-1.840410734477795907e-01
6.570000000000000319e-03	-2.060065018503289859e-03	-1.913652921977795907e-01
6.579999999999999911e-03	-1.425299393503289512e-03	-1.803789640727795907e-01
6.590000000000000371e-03	-1.815924393503289859e-03	-1.877031828227795907e-01
6.599999999999999964e-03	-1.229986893503289555e-03	-1.754961515727795907e-01
6.610000000000000424e-03	-1.571783768503289859e-03	-1.828203703227795907e-01
6.620000000000000016e-03	-9.858462685032895554e-04	-1.718340421977795907e-01
6.629999999999999609e-03	-1.376471268503289686e-03	-1.791582609477795907e-01
6.640000000000000069e-03	-7.417056435032895554e-04	-1.669512296977795907e-01
6.649999999999999661e-03	-1.132330643503289469e-03	-1.754961515727795907e-01
6.660000000000000121e-03	-4.975650185032895554e-04	-1.632891203227795907e-01
6.669999999999999714e-03	-8.881900185032895771e-04	-1.706133390727795907e-01
6.680000000000000174e-03	-3.022525185032895446e-04	-1.596270109477795907e-01
6.689999999999999766e-03	-6.440493935032895771e-04	-1.657305265727795907e-01
6.700000000000000226e-03	-5.811189350328951745e-05	-1.547441984477795907e-01
6.709999999999999819e-03	-4.487368935032895120e-04	-1.620684171977795907e-01
6.720000000000000279e-03	1.372006064967104934e-04	-1.510820890727795907e-01
6.729999999999999871e-03	-2.534243935032895012e-04	-1.584063078227795907e-01
6.740000000000000331e-03	3.325131064967105313e-04	-1.461992765727795907e-01
6.749999999999999924e-03	-5.811189350328951745e-05	-1.535234953227795907e-01
6.760000000000000384e-03	5.278256064967104880e-04	-1.425371671977795907e-01
6.769999999999999976e-03	1.372006064967104934e-04	-1.498613859477795907e-01
6.779999999999999569e-03	6.743099814967105097e-04	-1.388750578227795907e-01
6.790000000000000029e-03	3.325131064967105313e-04	-1.449785734477795907e-01
6.799999999999999621e-03	8.207943564967105313e-04	-1.339922453227795907e-01
6.810000000000000081e-03	5.278256064967104880e-04	-1.413164640727795907e-01
6.819999999999999674e-03	1.016106856496710488e-03	-1.303301359477795907e-01
6.830000000000000134e-03	6.743099814967105097e-04	-1.376543546977795907e-01
6.839999999999999726e-03	1.162591231496710618e-03	-1.254473234477795907e-01
6.850000000000000186e-03	8.207943564967105313e-04	-1.327715421977795907e-01
6.859999999999999779e-03	1.357903731496710575e-03	-1.217852140727795907e-01
6.870000000000000238e-03	1.016106856496710488e-03	-1.291094328227795907e-01
6.879999999999999831e-03	1.504388106496710488e-03	-1.169024015727795907e-01
6.890000000000000291e-03	1.162591231496710618e-03	-1.254473234477795907e-01
6.899999999999999883e-03	1.699700606496710445e-03	-1.132402921977795907e-01
6.910000000000000343e-03	1.309075606496710531e-03	-1.205645109477795907e-01
6.919999999999999936e-03	1.846184981496710358e-03	-1.095781828227795907e-01
6.930000000000000396e-03	1.455559981496710661e-03	-1.169024015727795907e-01
6.939999999999999988e-03	1.992669356496710488e-03	-1.046953703227795907e-01
6.949999999999999581e-03	1.650872481496710401e-03	-1.120195890727795907e-01
6.960000000000000041e-03	2.139153731496710401e-03	-1.010332609477795907e-01
6.969999999999999633e-03	1.748528731496710488e-03	-1.083574796977795907e-01
6.980000000000000093e-03	2.285638106496710314e-03	-9.615044844777959065e-02
6.989999999999999686e-03	1.943841231496710445e-03	-1.034746671977795907e-01
7.000000000000000146e-03	2.432122481496710661e-03	-9.248833907277959065e-02
7.009999999999999738e-03	2.090325606496710575e-03	-9.981255782277959065e-02
7.020000000000000198e-03	2.529778731496710314e-03	-8.882622969777959065e-02
7.029999999999999791e-03	2.187981856496710228e-03	-9.492974532277959065e-02
7.040000000000000251e-03	2.676263106496710661e-03	-8.394341719777959065e-02
7.049999999999999843e-03	2.334466231496710575e-03	-9.126763594777959065e-02
7.060000000000000303e-03	2.773919356496710314e-03	-8.028130782277959065e-02
7.069999999999999896e-03	2.432122481496710661e-03	-8.760552657277959065e-02
7.080000000000000356e-03	2.871575606496710401e-03	-7.539849532277959065e-02
7.089999999999999948e-03	2.529778731496710314e-03	-8.272271407277959065e-02
7.100000000000000408e-03	2.969231856496710488e-03	-7.173638594777959065e-02
7.110000000000000001e-03	2.627434981496710401e-03	-7.906060469777959065e-02
7.119999999999999593e-03	3.018059981496710314e-03	-6.807427657277959065e-02
7.130000000000000053e-03	2.725091231496710488e-03	-7.417779219777959065e-02
7.139999999999999646e-03	3.115716231496710401e-03	-6.319146407277959065e-02
7.150000000000000105e-03	2.773919356496710314e-03	-7.051568282277959065e-02
7.159999999999999698e-03	3.164544356496710661e-03	-5.952935469777959065e-02
7.170000000000000158e-03	2.871575606496710401e-03	-6.685357344777959065e-02
7.179999999999999750e-03	3.213372481496710488e-03	-5.464654219777959065e-02
7.190000000000000210e-03	2.920403731496710661e-03	-6.197076094777959065e-02
7.199999999999999803e-03	3.262200606496710314e-03	-5.098443282277959065e-02
7.210000000000000263e-03	2.920403731496710661e-03	-5.830865157277959065e-02
7.219999999999999855e-03	3.311028731496710575e-03	-4.732232344777959065e-02
7.230000000000000315e-03	2.969231856496710488e-03	-5.464654219777959065e-02
7.239999999999999908e-03	3.359856856496710401e-03	-4.243951094777959065e-02
7.250000000000000368e-03	3.018059981496710314e-03	-4.976372969777959065e-02
7.259999999999999960e-03	3.408684981496710661e-03	-3.877740157277959065e-02
7.270000000000000420e-03	3.066888106496710575e-03	-4.488091719777959065e-02
7.280000000000000013e-03	3.408684981496710661e-03	-3.389458907277959065e-02
7.289999999999999605e-03	3.115716231496710401e-03	-4.121880782277959065e-02
7.300000000000000065e-03	3.457513106496710488e-03	-3.023247969777959065e-02
7.309999999999999658e-03	3.115716231496710401e-03	-3.755669844777959065e-02
7.320000000000000118e-03	3.506341231496710314e-03	-2.657037032277959065e-02
7.329999999999999710e-03	3.164544356496710661e-03	-3.389458907277959065e-02
7.340000000000000170e-03	3.555169356496710575e-03	-2.168755782277959065e-02
7.349999999999999763e-03	3.213372481496710488e-03	-2.901177657277959065e-02
7.360000000000000223e-03	3.603997481496710401e-03	-1.802544844777959065e-02
7.369999999999999815e-03	3.262200606496710314e-03	-2.412896407277959065e-02
7.380000000000000275e-03	3.652825606496710661e-03	-1.314263594777959065e-02
7.389999999999999868e-03	3.311028731496710575e-03	-2.046685469777959065e-02
7.400000000000000328e-03	3.701653731496710488e-03	-9.480526572779590655e-03
7.409999999999999920e-03	3.359856856496710401e-03	-1.680474532277959065e-02
7.420000000000000380e-03	3.750481856496710314e-03	-5.818417197779590655e-03
7.429999999999999973e-03	3.408684981496710661e-03	-1.192193282277959065e-02
7.440000000000000432e-03	3.799309981496710575e-03	-9.356046977795906550e-04
7.450000000000000025e-03	3.457513106496710488e-03	-8.259823447779590655e-03
7.459999999999999618e-03	3.848138106496710401e-03	2.726504677220409345e-03
7.470000000000000077e-03	3.506341231496710314e-03	-3.377010947779590655e-03
7.479999999999999670e-03	3.896966231496710661e-03	7.609317177220409345e-03
7.490000000000000130e-03	3.555169356496710575e-03	2.850984272204093450e-04
7.499999999999999722e-03	3.896966231496710661e-03	1.127142655222040935e-02
7.510000000000000182e-03	3.555169356496710575e-03	3.947207802220409345e-03
7.519999999999999775e-03	3.945794356496710488e-03	1.615423905222040935e-02
7.530000000000000235e-03	3.603997481496710401e-03	7.609317177220409345e-03
7.539999999999999827e-03	3.994622481496710314e-03	1.981634842722040935e-02
7.550000000000000287e-03	3.652825606496710661e-03	1.249212967722040935e-02
7.559999999999999880e-03	3.994622481496710314e-03	2.347845780222040935e-02
7.570000000000000340e-03	3.701653731496710488e-03	1.737494217722040935e-02
7.579999999999999932e-03	4.043450606496710141e-03	2.836127030222040935e-02
7.590000000000000392e-03	3.701653731496710488e-03	2.103705155222040935e-02
7.599999999999999985e-03	4.092278731496710835e-03	3.202337967722040935e-02
7.609999999999999577e-03	3.750481856496710314e-03	2.469916092722040935e-02
7.620000000000000037e-03	4.141106856496710661e-03	3.690619217722040935e-02
7.629999999999999630e-03	3.799309981496710575e-03	2.958197342722040935e-02
7.640000000000000090e-03	4.141106856496710661e-03	4.056830155222040935e-02
7.649999999999999682e-03	3.799309981496710575e-03	3.324408280222040935e-02
7.660000000000000142e-03	4.189934981496710488e-03	4.423041092722040935e-02
7.669999999999999735e-03	3.848138106496710401e-03	3.690619217722040935e-02
7.680000000000000195e-03	4.189934981496710488e-03	4.789252030222040935e-02
7.689999999999999787e-03	3.848138106496710401e-03	4.178900467722040935e-02
7.700000000000000247e-03	4.238763106496710314e-03	5.277533280222040935e-02
7.709999999999999840e-03	3.896966231496710661e-03	4.545111405222040935e-02
7.720000000000000299e-03	4.238763106496710314e-03	5.643744217722040935e-02
7.729999999999999892e-03	3.945794356496710488e-03	4.911322342722040935e-02
7.740000000000000352e-03	4.287591231496710141e-03	6.132025467722040935e-02
7.749999999999999944e-03	3.945794356496710488e-03	5.399603592722040935e-02
7.760000000000000404e-03	4.287591231496710141e-03	6.498236405222040935e-02
7.769999999999999997e-03	3.994622481496710314e-03	5.765814530222040935e-02
7.779999999999999589e-03	4.336419356496710835e-03	6.864447342722040935e-02
7.790000000000000049e-03	3.994622481496710314e-03	6.132025467722040935e-02
7.799999999999999642e-03	4.336419356496710835e-03	7.352728592722040935e-02
7.810000000000000102e-03	4.043450606496710141e-03	6.620306717722040935e-02
7.820000000000000562e-03	4.385247481496710661e-03	7.718939530222040935e-02
7.830000000000000154e-03	4.043450606496710141e-03	6.986517655222040935e-02
7.839999999999999747e-03	4.385247481496710661e-03	8.207220780222040935e-02
7.849999999999999339e-03	4.043450606496710141e-03	7.474798905222040935e-02
7.860000000000000667e-03	4.385247481496710661e-03	8.573431717722040935e-02
7.870000000000000259e-03	4.092278731496710835e-03	7.841009842722040935e-02
7.879999999999999852e-03	4.434075606496710488e-03	8.939642655222040935e-02
7.889999999999999444e-03	4.092278731496710835e-03	8.207220780222040935e-02
7.900000000000000772e-03	4.434075606496710488e-03	9.427923905222040935e-02
7.910000000000000364e-03	4.092278731496710835e-03	8.695502030222040935e-02
7.919999999999999957e-03	4.434075606496710488e-03	9.794134842722040935e-02
7.929999999999999549e-03	4.092278731496710835e-03	9.061712967722040935e-02
7.939999999999999142e-03	4.434075606496710488e-03	1.016034578022204093e-01
7.950000000000000469e-03	4.092278731496710835e-03	9.427923905222040935e-02
7.960000000000000062e-03	4.434075606496710488e-03	1.052655671772204093e-01
7.969999999999999654e-03	4.092278731496710835e-03	9.794134842722040935e-02
7.979999999999999247e-03	4.434075606496710488e-03	1.101483796772204093e-01
7.990000000000000574e-03	4.141106856496710661e-03	1.028241609272204093e-01
8.000000000000000167e-03	4.434075606496710488e-03	1.138104890522204093e-01
8.009999999999999759e-03	4.141106856496710661e-03	1.064862703022204093e-01
8.019999999999999352e-03	4.434075606496710488e-03	1.174725984272204093e-01
8.030000000000000679e-03	4.141106856496710661e-03	1.101483796772204093e-01
8.040000000000000271e-03	4.482903731496710314e-03	1.223554109272204093e-01
8.049999999999999864e-03	4.141106856496710661e-03	1.150311921772204093e-01
8.059999999999999457e-03	4.482903731496710314e-03	1.260175203022204093e-01
8.070000000000000784e-03	4.141106856496710661e-03	1.186933015522204093e-01
8.080000000000000376e-03	4.482903731496710314e-03	1.296796296772204093e-01
8.089999999999999969e-03	4.141106856496710661e-03	1.235761140522204093e-01
8.099999999999999561e-03	4.482903731496710314e-03	1.345624421772204093e-01
8.109999999999999154e-03	4.189934981496710488e-03	1.272382234272204093e-01
8.120000000000000481e-03	4.482903731496710314e-03	1.382245515522204093e-01
8.130000000000000074e-03	4.189934981496710488e-03	1.309003328022204093e-01
8.139999999999999666e-03	4.531731856496710141e-03	1.431073640522204093e-01
8.149999999999999259e-03	4.189934981496710488e-03	1.357831453022204093e-01
8.160000000000000586e-03	4.531731856496710141e-03	1.467694734272204093e-01
8.170000000000000179e-03	4.238763106496710314e-03	1.394452546772204093e-01
8.179999999999999771e-03	4.580559981496710835e-03	1.504315828022204093e-01
8.189999999999999364e-03	4.238763106496710314e-03	1.431073640522204093e-01
8.200000000000000691e-03	4.580559981496710835e-03	1.540936921772204093e-01
8.210000000000000284e-03	4.287591231496710141e-03	1.479901765522204093e-01
8.219999999999999876e-03	4.629388106496710661e-03	1.589765046772204093e-01
8.229999999999999469e-03	4.336419356496710835e-03	1.516522859272204093e-01
8.240000000000000796e-03	4.678216231496710488e-03	1.626386140522204093e-01
8.250000000000000389e-03	4.336419356496710835e-03	1.553143953022204093e-01
8.259999999999999981e-03	4.727044356496710314e-03	1.663007234272204093e-01
8.269999999999999574e-03	4.385247481496710661e-03	1.601972078022204093e-01
8.279999999999999166e-03	4.775872481496711008e-03	1.711835359272204093e-01
8.290000000000000493e-03	4.434075606496710488e-03	1.638593171772204093e-01
8.300000000000000086e-03	4.824700606496710835e-03	1.748456453022204093e-01
8.309999999999999679e-03	4.482903731496710314e-03	1.675214265522204093e-01
8.319999999999999271e-03	4.873528731496710661e-03	1.785077546772204093e-01
8.330000000000000598e-03	4.531731856496710141e-03	1.724042390522204093e-01
8.340000000000000191e-03	4.873528731496710661e-03	1.833905671772204093e-01
8.349999999999999784e-03	4.580559981496710835e-03	1.760663484272204093e-01
8.359999999999999376e-03	4.922356856496710488e-03	1.870526765522204093e-01
8.370000000000000703e-03	4.580559981496710835e-03	1.797284578022204093e-01
8.380000000000000296e-03	4.971184981496710314e-03	1.919354890522204093e-01
8.389999999999999888e-03	4.629388106496710661e-03	1.846112703022204093e-01
8.399999999999999481e-03	4.971184981496710314e-03	1.955975984272204093e-01
8.410000000000000808e-03	4.678216231496710488e-03	1.882733796772204093e-01
8.420000000000000401e-03	5.020013106496711008e-03	1.992597078022204093e-01
8.429999999999999993e-03	4.678216231496710488e-03	1.919354890522204093e-01
8.439999999999999586e-03	5.020013106496711008e-03	2.041425203022204093e-01
8.449999999999999178e-03	4.727044356496710314e-03	1.968183015522204093e-01
8.460000000000000506e-03	5.068841231496710835e-03	2.078046296772204093e-01
8.470000000000000098e-03	4.727044356496710314e-03	2.004804109272204093e-01
8.479999999999999691e-03	5.068841231496710835e-03	2.114667390522204093e-01
8.489999999999999283e-03	4.727044356496710314e-03	2.041425203022204093e-01
8.500000000000000611e-03	5.068841231496710835e-03	2.163495515522204093e-01
8.510000000000000203e-03	4.775872481496711008e-03	2.090253328022204093e-01
8.519999999999999796e-03	5.117669356496710661e-03	2.200116609272204093e-01
8.529999999999999388e-03	4.775872481496711008e-03	2.126874421772204093e-01
8.540000000000000716e-03	5.117669356496710661e-03	2.236737703022204093e-01
8.550000000000000308e-03	4.775872481496711008e-03	2.163495515522204093e-01
8.559999999999999901e-03	5.117669356496710661e-03	2.273358796772204093e-01
8.569999999999999493e-03	4.824700606496710835e-03	2.212323640522204093e-01
8.580000000000000820e-03	5.166497481496710488e-03	2.322186921772204093e-01
8.590000000000000413e-03	4.824700606496710835e-03	2.248944734272204093e-01
8.600000000000000006e-03	5.215325606496710314e-03	2.358808015522204093e-01
8.609999999999999598e-03	4.873528731496710661e-03	2.285565828022204093e-01
8.619999999999999191e-03	5.264153731496711008e-03	2.395429109272204093e-01
8.630000000000000518e-03	4.922356856496710488e-03	2.334393953022204093e-01
8.640000000000000110e-03	5.312981856496710835e-03	2.444257234272204093e-01
8.649999999999999703e-03	5.020013106496711008e-03	2.371015046772204093e-01
8.659999999999999296e-03	5.410638106496710488e-03	2.480878328022204093e-01
8.670000000000000623e-03	5.068841231496710835e-03	2.407636140522204093e-01
8.680000000000000215e-03	5.508294356496711008e-03	2.517499421772204093e-01
8.689999999999999808e-03	5.166497481496710488e-03	2.456464265522204093e-01
8.699999999999999400e-03	5.605950606496710661e-03	2.566327546772204093e-01
8.710000000000000728e-03	5.264153731496711008e-03	2.493085359272204093e-01
8.720000000000000320e-03	5.703606856496710314e-03	2.602948640522204093e-01
8.729999999999999913e-03	5.361809981496710661e-03	2.529706453022204093e-01
8.739999999999999505e-03	5.850091231496710661e-03	2.651776765522204093e-01
8.750000000000000833e-03	5.508294356496711008e-03	2.578534578022204093e-01
8.760000000000000425e-03	5.996575606496711008e-03	2.688397859272204093e-01
8.770000000000000018e-03	5.654778731496710488e-03	2.615155671772204093e-01
8.779999999999999610e-03	6.094231856496710661e-03	2.712811921772204093e-01
8.789999999999999203e-03	5.801263106496710835e-03	2.651776765522204093e-01
8.800000000000000530e-03	6.289544356496711702e-03	2.749433015522204093e-01
8.810000000000000123e-03	5.947747481496710314e-03	2.688397859272204093e-01
8.819999999999999715e-03	6.436028731496711182e-03	2.798261140522204093e-01
8.829999999999999308e-03	6.094231856496710661e-03	2.725018953022204093e-01
8.840000000000000635e-03	6.582513106496711529e-03	2.834882234272204093e-01
8.850000000000000228e-03	6.240716231496711008e-03	2.761640046772204093e-01
8.859999999999999820e-03	6.777825606496711702e-03	2.871503328022204093e-01
8.869999999999999413e-03	6.436028731496711182e-03	2.798261140522204093e-01
8.880000000000000740e-03	6.924309981496711182e-03	2.920331453022204093e-01
8.890000000000000333e-03	6.582513106496711529e-03	2.847089265522204093e-01
8.899999999999999925e-03	7.119622481496711355e-03	2.956952546772204093e-01
8.909999999999999518e-03	6.728997481496711008e-03	2.883710359272204093e-01
8.920000000000000845e-03	7.266106856496711702e-03	2.993573640522204093e-01
8.930000000000000437e-03	6.924309981496711182e-03	2.920331453022204093e-01
8.940000000000000030e-03	7.461419356496711008e-03	3.030194734272204093e-01
8.949999999999999623e-03	7.119622481496711355e-03	2.956952546772204093e-01
8.959999999999999215e-03	7.656731856496711182e-03	3.079022859272204093e-01
8.970000000000000542e-03	7.266106856496711702e-03	3.005780671772204093e-01
8.980000000000000135e-03	7.803216231496711529e-03	3.115643953022204093e-01
8.989999999999999727e-03	7.461419356496711008e-03	3.042401765522204093e-01
8.999999999999999320e-03	8.047356856496710661e-03	3.152265046772204093e-01
9.010000000000000647e-03	7.656731856496711182e-03	3.091229890522204093e-01
9.020000000000000240e-03	8.242669356496711702e-03	3.201093171772204093e-01
9.029999999999999832e-03	7.852044356496711355e-03	3.127850984272204093e-01
9.039999999999999425e-03	8.437981856496711008e-03	3.237714265522204093e-01
9.050000000000000752e-03	8.096184981496711355e-03	3.164472078022204093e-01
9.060000000000000345e-03	8.682122481496711008e-03	3.274335359272204093e-01
9.069999999999999937e-03	8.291497481496710661e-03	3.201093171772204093e-01
9.079999999999999530e-03	8.877434981496712049e-03	3.310956453022204093e-01
9.090000000000000857e-03	8.486809981496711702e-03	3.249921296772204093e-01
9.100000000000000450e-03	9.121575606496712049e-03	3.359784578022204093e-01
9.110000000000000042e-03	8.730950606496711702e-03	3.286542390522204093e-01
9.119999999999999635e-03	9.365716231496712049e-03	3.396405671772204093e-01
9.129999999999999227e-03	8.975091231496711702e-03	3.323163484272204093e-01
9.140000000000000555e-03	9.609856856496712049e-03	3.433026765522204093e-01
9.150000000000000147e-03	9.219231856496711702e-03	3.359784578022204093e-01
9.159999999999999740e-03	9.853997481496712049e-03	3.481854890522204093e-01
9.169999999999999332e-03	9.463372481496711702e-03	3.408612703022204093e-01
9.180000000000000659e-03	1.009813810649671205e-02	3.518475984272204093e-01
9.190000000000000252e-03	9.707513106496711702e-03	3.445233796772204093e-01
9.199999999999999845e-03	1.034227873149671205e-02	3.555097078022204093e-01
9.209999999999999437e-03	9.951653731496711702e-03	3.481854890522204093e-01
9.220000000000000764e-03	1.058641935649671205e-02	3.603925203022204093e-01
9.230000000000000357e-03	1.019579435649671170e-02	3.530683015522204093e-01
9.239999999999999949e-03	1.087938810649671101e-02	3.640546296772204093e-01
9.249999999999999542e-03	1.043993498149671170e-02	3.567304109272204093e-01
9.259999999999999135e-03	1.112352873149671101e-02	3.677167390522204093e-01
9.270000000000000462e-03	1.073290373149671240e-02	3.603925203022204093e-01
9.280000000000000054e-03	1.136766935649671101e-02	3.725995515522204093e-01
9.289999999999999647e-03	1.097704435649671240e-02	3.652753328022204093e-01
9.299999999999999239e-03	1.161180998149671101e-02	3.762616609272204093e-01
9.310000000000000567e-03	1.122118498149671240e-02	3.689374421772204093e-01
9.320000000000000159e-03	1.190477873149671170e-02	3.799237703022204093e-01
9.329999999999999752e-03	1.146532560649671240e-02	3.725995515522204093e-01
9.339999999999999344e-03	1.214891935649671170e-02	3.835858796772204093e-01
9.350000000000000672e-03	1.175829435649671136e-02	3.762616609272204093e-01
9.360000000000000264e-03	1.239305998149671170e-02	3.884686921772204093e-01
9.369999999999999857e-03	1.200243498149671136e-02	3.811444734272204093e-01
9.379999999999999449e-03	1.268602873149671066e-02	3.921308015522204093e-01
9.390000000000000777e-03	1.229540373149671205e-02	3.848065828022204093e-01
9.400000000000000369e-03	1.297899748149670962e-02	3.957929109272204093e-01
9.409999999999999962e-03	1.253954435649671031e-02	3.884686921772204093e-01
9.419999999999999554e-03	1.327196623149671031e-02	3.994550203022204093e-01
9.429999999999999147e-03	1.283251310649671101e-02	3.921308015522204093e-01
9.440000000000000474e-03	1.356493498149671101e-02	4.043378328022204093e-01
9.450000000000000067e-03	1.312548185649670997e-02	3.970136140522204093e-01
9.459999999999999659e-03	1.385790373149670997e-02	4.079999421772204093e-01
9.469999999999999252e-03	1.341845060649671066e-02	4.006757234272204093e-01
9.480000000000000579e-03	1.415087248149671066e-02	4.116620515522204093e-01
9.490000000000000172e-03	1.376024748149671031e-02	4.043378328022204093e-01
9.499999999999999764e-03	1.449266935649671031e-02	4.153241609272204093e-01
9.509999999999999357e-03	1.405321623149671101e-02	4.092206453022204093e-01
9.520000000000000684e-03	1.478563810649671101e-02	4.202069734272204093e-01
9.530000000000000276e-03	1.434618498149670997e-02	4.128827546772204093e-01
9.539999999999999869e-03	1.507860685649670997e-02	4.238690828022204093e-01
9.549999999999999462e-03	1.468798185649670962e-02	4.165448640522204093e-01
9.560000000000000789e-03	1.542040373149670962e-02	4.275311921772204093e-01
9.570000000000000381e-03	1.498095060649671031e-02	4.202069734272204093e-01
9.579999999999999974e-03	1.576220060649671101e-02	4.324140046772204093e-01
9.589999999999999566e-03	1.532274748149670997e-02	4.250897859272204093e-01
9.599999999999999159e-03	1.605516935649671170e-02	4.360761140522204093e-01
9.610000000000000486e-03	1.561571623149671066e-02	4.287518953022204093e-01
9.620000000000000079e-03	1.639696623149670962e-02	4.397382234272204093e-01
9.629999999999999671e-03	1.595751310649671031e-02	4.324140046772204093e-01
9.639999999999999264e-03	1.668993498149671031e-02	4.434003328022204093e-01
9.650000000000000591e-03	1.629930998149671170e-02	4.372968171772204093e-01
9.660000000000000184e-03	1.703173185649671170e-02	4.482831453022204093e-01
9.669999999999999776e-03	1.659227873149670893e-02	4.409589265522204093e-01
9.679999999999999369e-03	1.732470060649670893e-02	4.519452546772204093e-01
9.690000000000000696e-03	1.693407560649671031e-02	4.446210359272204093e-01
9.700000000000000289e-03	1.766649748149671031e-02	4.556073640522204093e-01
9.709999999999999881e-03	1.722704435649671101e-02	4.482831453022204093e-01
9.719999999999999474e-03	1.795946623149671101e-02	4.592694734272204093e-01
9.730000000000000801e-03	1.756884123149670893e-02	4.519452546772204093e-01
9.740000000000000394e-03	1.830126310649670893e-02	4.629315828022204093e-01
9.749999999999999986e-03	1.786180998149670962e-02	4.568280671772204093e-01
9.759999999999999579e-03	1.859423185649670962e-02	4.678143953022204093e-01
9.769999999999999171e-03	1.815477873149671031e-02	4.604901765522204093e-01
9.780000000000000498e-03	1.888720060649671031e-02	4.714765046772204093e-01
9.790000000000000091e-03	1.849657560649671170e-02	4.641522859272204093e-01
9.799999999999999684e-03	1.918016935649671101e-02	4.763593171772204093e-01
9.809999999999999276e-03	1.878954435649671240e-02	4.678143953022204093e-01
9.820000000000000603e-03	1.947313810649671170e-02	4.800214265522204093e-01
9.830000000000000196e-03	1.908251310649670962e-02	4.726972078022204093e-01
9.839999999999999789e-03	1.981493498149670962e-02	4.836835359272204093e-01
9.849999999999999381e-03	1.937548185649671031e-02	4.763593171772204093e-01
9.860000000000000708e-03	2.010790373149671031e-02	4.873456453022204093e-01
9.870000000000000301e-03	1.966845060649671101e-02	4.800214265522204093e-01
9.879999999999999893e-03	2.040087248149671101e-02	4.910077546772204093e-01
9.889999999999999486e-03	1.996141935649671170e-02	4.836835359272204093e-01
9.900000000000000813e-03	2.064501310649671101e-02	4.958905671772204093e-01
9.910000000000000406e-03	2.025438810649671240e-02	4.885663484272204093e-01
9.919999999999999998e-03	2.093798185649671170e-02	4.995526765522204093e-01
9.929999999999999591e-03	2.054735685649670962e-02	4.922284578022204093e-01
9.939999999999999183e-03	2.118212248149671170e-02	5.032147859272204649e-01
9.950000000000000511e-03	2.079149748149670962e-02	4.958905671772204093e-01
9.960000000000000103e-03	2.147509123149671240e-02	5.068768953022204649e-01
9.969999999999999696e-03	2.108446623149671031e-02	4.995526765522204093e-01
9.979999999999999288e-03	2.171923185649671240e-02	5.105390046772204649e-01
9.990000000000000616e-03	2.137743498149671101e-02	5.032147859272204649e-01
1.000000000000000021e-02	2.201220060649670962e-02	5.154218171772204649e-01
1.000999999999999980e-02	2.162157560649671101e-02	5.080975984272204649e-01
1.001999999999999939e-02	2.230516935649671031e-02	5.190839265522204649e-01
1.003000000000000072e-02	2.186571623149671101e-02	5.117597078022204649e-01
1.004000000000000031e-02	2.254930998149671031e-02	5.227460359272204649e-01
1.004999999999999991e-02	2.215868498149671170e-02	5.154218171772204649e-01
1.005999999999999950e-02	2.279345060649671031e-02	5.264081453022204649e-01
1.007000000000000083e-02	2.240282560649671170e-02	5.203046296772204649e-01
1.008000000000000042e-02	2.308641935649671101e-02	5.312909578022204649e-01
1.009000000000000001e-02	2.264696623149671170e-02	5.239667390522204649e-01
1.009999999999999960e-02	2.333055998149671101e-02	5.349530671772204649e-01
1.010999999999999920e-02	2.293993498149671240e-02	5.276288484272204649e-01
1.012000000000000052e-02	2.357470060649671101e-02	5.386151765522204649e-01
1.013000000000000012e-02	2.318407560649671240e-02	5.312909578022204649e-01
1.013999999999999971e-02	2.381884123149671101e-02	5.422772859272204649e-01
1.014999999999999930e-02	2.342821623149671240e-02	5.349530671772204649e-01
1.016000000000000063e-02	2.411180998149671170e-02	5.459393953022204649e-01
1.017000000000000022e-02	2.372118498149670962e-02	5.386151765522204649e-01
1.017999999999999981e-02	2.435595060649671170e-02	5.508222078022204649e-01
1.018999999999999941e-02	2.396532560649670962e-02	5.434979890522204649e-01
1.020000000000000073e-02	2.460009123149671170e-02	5.544843171772204649e-01
1.021000000000000033e-02	2.420946623149670962e-02	5.471600984272204649e-01
1.021999999999999992e-02	2.489305998149671240e-02	5.581464265522204649e-01
1.022999999999999951e-02	2.445360685649670962e-02	5.508222078022204649e-01
1.024000000000000084e-02	2.513720060649671240e-02	5.618085359272204649e-01
1.025000000000000043e-02	2.474657560649671031e-02	5.544843171772204649e-01
1.026000000000000002e-02	2.538134123149671240e-02	5.654706453022204649e-01
1.026999999999999962e-02	2.499071623149671031e-02	5.593671296772204649e-01
1.027999999999999921e-02	2.562548185649671240e-02	5.703534578022204649e-01
1.029000000000000054e-02	2.523485685649671378e-02	5.630292390522204649e-01
1.030000000000000013e-02	2.586962248149671240e-02	5.740155671772204649e-01
1.030999999999999972e-02	2.547899748149671378e-02	5.666913484272204649e-01
1.031999999999999931e-02	2.611376310649671240e-02	5.776776765522204649e-01
1.033000000000000064e-02	2.572313810649671378e-02	5.703534578022204649e-01
1.034000000000000023e-02	2.635790373149671240e-02	5.813397859272204649e-01
1.034999999999999983e-02	2.596727873149671378e-02	5.740155671772204649e-01
1.035999999999999942e-02	2.660204435649671240e-02	5.862225984272204649e-01
1.037000000000000074e-02	2.621141935649671378e-02	5.788983796772204649e-01
1.038000000000000034e-02	2.679735685649671517e-02	5.898847078022204649e-01
1.038999999999999993e-02	2.645555998149671378e-02	5.825604890522204649e-01
1.039999999999999952e-02	2.704149748149671517e-02	5.935468171772204649e-01
1.041000000000000085e-02	2.665087248149671309e-02	5.862225984272204649e-01
1.042000000000000044e-02	2.728563810649671517e-02	5.972089265522204649e-01
1.043000000000000003e-02	2.689501310649671309e-02	5.898847078022204649e-01
1.043999999999999963e-02	2.752977873149671517e-02	6.008710359272204649e-01
1.044999999999999922e-02	2.713915373149671309e-02	5.947675203022204649e-01
1.046000000000000055e-02	2.777391935649671517e-02	6.057538484272204649e-01
1.047000000000000014e-02	2.738329435649671309e-02	5.984296296772204649e-01
1.047999999999999973e-02	2.796923185649671448e-02	6.094159578022204649e-01
1.048999999999999932e-02	2.762743498149671309e-02	6.020917390522204649e-01
1.050000000000000065e-02	2.821337248149671448e-02	6.130780671772204649e-01
1.051000000000000024e-02	2.782274748149671240e-02	6.057538484272204649e-01
1.051999999999999984e-02	2.845751310649671448e-02	6.167401765522204649e-01
1.052999999999999943e-02	2.806688810649671240e-02	6.094159578022204649e-01
1.054000000000000076e-02	2.865282560649671378e-02	6.204022859272204649e-01
1.055000000000000035e-02	2.826220060649671517e-02	6.142987703022204649e-01
1.055999999999999994e-02	2.889696623149671378e-02	6.252850984272204649e-01
1.056999999999999953e-02	2.850634123149671517e-02	6.179608796772204649e-01
1.058000000000000086e-02	2.909227873149671309e-02	6.289472078022204649e-01
1.059000000000000045e-02	2.870165373149671448e-02	6.216229890522204649e-01
1.060000000000000005e-02	2.928759123149671240e-02	6.326093171772204649e-01
1.060999999999999964e-02	2.889696623149671378e-02	6.252850984272204649e-01
1.061999999999999923e-02	2.948290373149671517e-02	6.362714265522204649e-01
1.063000000000000056e-02	2.909227873149671309e-02	6.301679109272204649e-01
1.064000000000000015e-02	2.967821623149671448e-02	6.411542390522204649e-01
1.064999999999999974e-02	2.928759123149671240e-02	6.338300203022204649e-01
1.065999999999999934e-02	2.987352873149671378e-02	6.448163484272204649e-01
1.067000000000000066e-02	2.948290373149671517e-02	6.374921296772204649e-01
1.068000000000000026e-02	3.002001310649671240e-02	6.484784578022204649e-01
1.068999999999999985e-02	2.967821623149671448e-02	6.411542390522204649e-01
1.069999999999999944e-02	3.021532560649671517e-02	6.521405671772204649e-01
1.071000000000000077e-02	2.987352873149671378e-02	6.448163484272204649e-01
1.072000000000000036e-02	3.041063810649671448e-02	6.558026765522204649e-01
1.072999999999999995e-02	3.002001310649671240e-02	6.496991609272204649e-01
1.073999999999999955e-02	3.055712248149671309e-02	6.594647859272204649e-01
1.074999999999999914e-02	3.016649748149671448e-02	6.533612703022204649e-01
1.076000000000000047e-02	3.075243498149671240e-02	6.643475984272204649e-01
1.077000000000000006e-02	3.036180998149671378e-02	6.570233796772204649e-01
1.077999999999999965e-02	3.089891935649671448e-02	6.680097078022204649e-01
1.078999999999999924e-02	3.055712248149671309e-02	6.606854890522204649e-01
1.080000000000000057e-02	3.109423185649671378e-02	6.716718171772204649e-01
1.081000000000000016e-02	3.075243498149671240e-02	6.643475984272204649e-01
1.081999999999999976e-02	3.128954435649671656e-02	6.753339265522204649e-01
1.082999999999999935e-02	3.089891935649671448e-02	6.680097078022204649e-01
1.084000000000000068e-02	3.148485685649671240e-02	6.802167390522204649e-01
1.085000000000000027e-02	3.114305998149671448e-02	6.728925203022204649e-01
1.085999999999999986e-02	3.168016935649671517e-02	6.838788484272204649e-01
1.086999999999999945e-02	3.133837248149671378e-02	6.765546296772204649e-01
1.088000000000000078e-02	3.192430998149671517e-02	6.875409578022204649e-01
1.089000000000000037e-02	3.153368498149671656e-02	6.802167390522204649e-01
1.089999999999999997e-02	3.211962248149671101e-02	6.912030671772204649e-01
1.090999999999999956e-02	3.177782560649671656e-02	6.838788484272204649e-01
1.091999999999999915e-02	3.236376310649671101e-02	6.948651765522204649e-01
1.093000000000000048e-02	3.197313810649671240e-02	6.875409578022204649e-01
1.094000000000000007e-02	3.260790373149671101e-02	6.985272859272204649e-01
1.094999999999999966e-02	3.221727873149671240e-02	6.924237703022204649e-01
1.095999999999999926e-02	3.285204435649671101e-02	7.021893953022204649e-01
1.097000000000000058e-02	3.246141935649671240e-02	6.960858796772204649e-01
1.098000000000000018e-02	3.309618498149671101e-02	7.058515046772204649e-01
1.098999999999999977e-02	3.270555998149671240e-02	6.997479890522204649e-01
1.099999999999999936e-02	3.334032560649671101e-02	7.107343171772204649e-01
1.101000000000000069e-02	3.294970060649671240e-02	7.034100984272204649e-01
1.102000000000000028e-02	3.363329435649671517e-02	7.143964265522204649e-01
1.102999999999999987e-02	3.319384123149671240e-02	7.070722078022204649e-01
1.103999999999999947e-02	3.387743498149671517e-02	7.180585359272204649e-01
1.105000000000000079e-02	3.348680998149671656e-02	7.107343171772204649e-01
1.106000000000000039e-02	3.417040373149671240e-02	7.229413484272204649e-01
1.106999999999999998e-02	3.377977873149671378e-02	7.143964265522204649e-01
1.107999999999999957e-02	3.446337248149671656e-02	7.253827546772204649e-01
1.108999999999999916e-02	3.402391935649671378e-02	7.192792390522204649e-01
1.110000000000000049e-02	3.475634123149671378e-02	7.302655671772204649e-01
1.111000000000000008e-02	3.431688810649671101e-02	7.229413484272204649e-01
1.111999999999999968e-02	3.504930998149671101e-02	7.339276765522204649e-01
1.112999999999999927e-02	3.465868498149671240e-02	7.266034578022204649e-01
1.114000000000000060e-02	3.539110685649671240e-02	7.375897859272204649e-01
1.115000000000000019e-02	3.495165373149671656e-02	7.302655671772204649e-01
1.115999999999999978e-02	3.573290373149671378e-02	7.412518953022204649e-01
1.116999999999999937e-02	3.529345060649671101e-02	7.339276765522204649e-01
1.118000000000000070e-02	3.602587248149671101e-02	7.449140046772204649e-01
1.119000000000000029e-02	3.563524748149671240e-02	7.388104890522204649e-01
1.119999999999999989e-02	3.641649748149671656e-02	7.485761140522204649e-01
1.120999999999999948e-02	3.597704435649671378e-02	7.424725984272204649e-01
1.122000000000000081e-02	3.675829435649671101e-02	7.534589265522204649e-01
1.123000000000000040e-02	3.631884123149671517e-02	7.461347078022204649e-01
1.123999999999999999e-02	3.710009123149671240e-02	7.571210359272204649e-01
1.124999999999999958e-02	3.666063810649671656e-02	7.497968171772204649e-01
1.125999999999999918e-02	3.749071623149671101e-02	7.607831453022204649e-01
1.127000000000000050e-02	3.705126310649671517e-02	7.534589265522204649e-01
1.128000000000000010e-02	3.783251310649671240e-02	7.644452546772204649e-01
1.128999999999999969e-02	3.739305998149671656e-02	7.571210359272204649e-01
1.129999999999999928e-02	3.822313810649671795e-02	7.681073640522204649e-01
1.131000000000000061e-02	3.778368498149671517e-02	7.607831453022204649e-01
1.132000000000000020e-02	3.856493498149671240e-02	7.717694734272204649e-01
1.132999999999999979e-02	3.812548185649671656e-02	7.656659578022204649e-01
1.133999999999999939e-02	3.890673185649671378e-02	7.754315828022204649e-01
1.135000000000000071e-02	3.846727873149671795e-02	7.693280671772204649e-01
1.136000000000000031e-02	3.929735685649671240e-02	7.790936921772204649e-01
1.136999999999999990e-02	3.885790373149671656e-02	7.729901765522204649e-01
1.137999999999999949e-02	3.963915373149671378e-02	7.839765046772204649e-01
1.139000000000000082e-02	3.919970060649671795e-02	7.766522859272204649e-01
1.140000000000000041e-02	3.998095060649671517e-02	7.876386140522204649e-01
1.141000000000000000e-02	3.954149748149671240e-02	7.803143953022204649e-01
1.141999999999999960e-02	4.032274748149671656e-02	7.913007234272204649e-01
1.142999999999999919e-02	3.988329435649671378e-02	7.839765046772204649e-01
1.144000000000000052e-02	4.071337248149671517e-02	7.949628328022204649e-01
1.145000000000000011e-02	4.027391935649671240e-02	7.888593171772204649e-01
1.145999999999999970e-02	4.105516935649671656e-02	7.998456453022204649e-01
1.146999999999999929e-02	4.061571623149671378e-02	7.925214265522204649e-01
1.148000000000000062e-02	4.134813810649671378e-02	8.035077546772204649e-01
1.149000000000000021e-02	4.095751310649671517e-02	7.961835359272204649e-01
1.149999999999999981e-02	4.173876310649671240e-02	8.071698640522204649e-01
1.150999999999999940e-02	4.129930998149671656e-02	7.998456453022204649e-01
1.152000000000000073e-02	4.208055998149671378e-02	8.108319734272204649e-01
1.153000000000000032e-02	4.164110685649671795e-02	8.035077546772204649e-01
1.153999999999999991e-02	4.242235685649671517e-02	8.144940828022204649e-01
1.154999999999999950e-02	4.198290373149671240e-02	8.071698640522204649e-01
1.156000000000000083e-02	4.276415373149671656e-02	8.181561921772204649e-01
1.157000000000000042e-02	4.232470060649671378e-02	8.108319734272204649e-01
1.158000000000000002e-02	4.310595060649671795e-02	8.218183015522204649e-01
1.158999999999999961e-02	4.266649748149671517e-02	8.144940828022204649e-01
1.159999999999999920e-02	4.344774748149671240e-02	8.254804109272204649e-01
1.161000000000000053e-02	4.300829435649671656e-02	8.193768953022204649e-01
1.162000000000000012e-02	4.378954435649671378e-02	8.303632234272204649e-01
1.162999999999999971e-02	4.335009123149671795e-02	8.230390046772204649e-01
1.163999999999999931e-02	4.408251310649671795e-02	8.340253328022204649e-01
1.165000000000000063e-02	4.369188810649671240e-02	8.267011140522204649e-01
1.166000000000000023e-02	4.442430998149671240e-02	8.376874421772204649e-01
1.166999999999999982e-02	4.398485685649671656e-02	8.303632234272204649e-01
1.167999999999999941e-02	4.476610685649671378e-02	8.413495515522204649e-01
1.169000000000000074e-02	4.432665373149671795e-02	8.340253328022204649e-01
1.170000000000000033e-02	4.505907560649671795e-02	8.450116609272204649e-01
1.170999999999999992e-02	4.461962248149671517e-02	8.376874421772204649e-01
1.171999999999999952e-02	4.535204435649671517e-02	8.486737703022204649e-01
1.173000000000000084e-02	4.491259123149671240e-02	8.413495515522204649e-01
1.174000000000000044e-02	4.564501310649671240e-02	8.523358796772204649e-01
1.175000000000000003e-02	4.520555998149671656e-02	8.450116609272204649e-01
1.175999999999999962e-02	4.593798185649671656e-02	8.559979890522204649e-01
1.176999999999999921e-02	4.554735685649671795e-02	8.498944734272204649e-01
1.178000000000000054e-02	4.623095060649671378e-02	8.596600984272204649e-01
1.179000000000000013e-02	4.584032560649671517e-02	8.523358796772204649e-01
1.179999999999999973e-02	4.652391935649671795e-02	8.633222078022204649e-01
1.180999999999999932e-02	4.613329435649671240e-02	8.572186921772204649e-01
1.182000000000000065e-02	4.681688810649671517e-02	8.682050203022204649e-01
1.183000000000000024e-02	4.642626310649671656e-02	8.608808015522204649e-01
1.183999999999999983e-02	4.710985685649671240e-02	8.718671296772204649e-01
1.184999999999999942e-02	4.671923185649671378e-02	8.645429109272204649e-01
1.186000000000000075e-02	4.740282560649671656e-02	8.755292390522204649e-01
1.187000000000000034e-02	4.696337248149671378e-02	8.682050203022204649e-01
1.187999999999999994e-02	4.764696623149671656e-02	8.791913484272204649e-01
1.188999999999999953e-02	4.725634123149671795e-02	8.718671296772204649e-01
1.190000000000000085e-02	4.793993498149671378e-02	8.828534578022204649e-01
1.191000000000000045e-02	4.754930998149671517e-02	8.755292390522204649e-01
1.192000000000000004e-02	4.823290373149671795e-02	8.865155671772204649e-01
1.192999999999999963e-02	4.779345060649671517e-02	8.791913484272204649e-01
1.193999999999999923e-02	4.847704435649671795e-02	8.901776765522204649e-01
1.195000000000000055e-02	4.808641935649671240e-02	8.828534578022204649e-01
1.196000000000000014e-02	4.877001310649671517e-02	8.938397859272204649e-01
1.196999999999999974e-02	4.837938810649671656e-02	8.865155671772204649e-01
1.197999999999999933e-02	4.901415373149671517e-02	8.975018953022204649e-01
1.199000000000000066e-02	4.862352873149671656e-02	8.913983796772204649e-01
1.200000000000000025e-02	4.925829435649671517e-02	9.011640046772204649e-01
1.200999999999999984e-02	4.886766935649671656e-02	8.950604890522204649e-01
1.201999999999999943e-02	4.950243498149671517e-02	9.060468171772204649e-01
1.203000000000000076e-02	4.911180998149671656e-02	8.987225984272204649e-01
1.204000000000000035e-02	4.974657560649671517e-02	9.097089265522204649e-01
1.204999999999999995e-02	4.935595060649671656e-02	9.023847078022204649e-01
1.205999999999999954e-02	4.994188810649671795e-02	9.133710359272204649e-01
1.207000000000000087e-02	4.960009123149671656e-02	9.060468171772204649e-01
1.208000000000000046e-02	5.018602873149671795e-02	9.170331453022204649e-01
1.209000000000000005e-02	4.979540373149671240e-02	9.097089265522204649e-01
1.209999999999999964e-02	5.038134123149671378e-02	9.206952546772204649e-01
1.210999999999999924e-02	5.003954435649671240e-02	9.133710359272204649e-01
1.212000000000000056e-02	5.062548185649671378e-02	9.243573640522204649e-01
1.213000000000000016e-02	5.023485685649671517e-02	9.170331453022204649e-01
1.213999999999999975e-02	5.082079435649671656e-02	9.280194734272204649e-01
1.214999999999999934e-02	5.047899748149671517e-02	9.206952546772204649e-01
1.216000000000000067e-02	5.106493498149671656e-02	9.316815828022204649e-01
1.217000000000000026e-02	5.067430998149671795e-02	9.255780671772204649e-01
1.217999999999999985e-02	5.126024748149671240e-02	9.353436921772204649e-01
1.218999999999999945e-02	5.086962248149671378e-02	9.292401765522204649e-01
1.220000000000000077e-02	5.150438810649671240e-02	9.390058015522204649e-01
1.221000000000000037e-02	5.111376310649671378e-02	9.316815828022204649e-01
1.221999999999999996e-02	5.169970060649671517e-02	9.426679109272204649e-01
1.222999999999999955e-02	5.130907560649671656e-02	9.365643953022204649e-01
1.223999999999999914e-02	5.194384123149671517e-02	9.475507234272204649e-01
1.225000000000000047e-02	5.155321623149671656e-02	9.402265046772204649e-01
1.226000000000000006e-02	5.218798185649671517e-02	9.512128328022204649e-01
1.226999999999999966e-02	5.179735685649671656e-02	9.438886140522204649e-01
1.227999999999999925e-02	5.243212248149671517e-02	9.548749421772204649e-01
1.229000000000000058e-02	5.204149748149671656e-02	9.475507234272204649e-01
1.230000000000000017e-02	5.267626310649671517e-02	9.585370515522204649e-01
1.230999999999999976e-02	5.228563810649671656e-02	9.512128328022204649e-01
1.231999999999999935e-02	5.292040373149671517e-02	9.621991609272204649e-01
1.233000000000000068e-02	5.252977873149671656e-02	9.548749421772204649e-01
1.234000000000000027e-02	5.321337248149671240e-02	9.658612703022204649e-01
1.234999999999999987e-02	5.277391935649671656e-02	9.585370515522204649e-01
1.235999999999999946e-02	5.345751310649671240e-02	9.695233796772204649e-01
1.237000000000000079e-02	5.306688810649671378e-02	9.621991609272204649e-01
1.238000000000000038e-02	5.370165373149671240e-02	9.731854890522204649e-01
1.238999999999999997e-02	5.331102873149671378e-02	9.670819734272204649e-01
1.239999999999999956e-02	5.399462248149671656e-02	9.768475984272204649e-01
1.240999999999999916e-02	5.360399748149671795e-02	9.695233796772204649e-01
1.242000000000000048e-02	5.423876310649671656e-02	9.805097078022204649e-01
1.243000000000000008e-02	5.384813810649671795e-02	9.744061921772204649e-01
1.243999999999999967e-02	5.453173185649671378e-02	9.853925203022204649e-01
1.244999999999999926e-02	5.409227873149671795e-02	9.780683015522204649e-01
1.246000000000000059e-02	5.477587248149671378e-02	9.890546296772204649e-01
1.247000000000000018e-02	5.438524748149671517e-02	9.817304109272204649e-01
1.247999999999999977e-02	5.506884123149671795e-02	9.927167390522204649e-01
1.248999999999999937e-02	5.462938810649671517e-02	9.853925203022204649e-01
1.250000000000000069e-02	5.531298185649671795e-02	9.963788484272204649e-01
1.251000000000000029e-02	5.492235685649671240e-02	9.890546296772204649e-01
1.251999999999999988e-02	5.560595060649671517e-02	1.000040957802220465e+00
1.252999999999999947e-02	5.516649748149671240e-02	9.927167390522204649e-01
1.254000000000000080e-02	5.585009123149671517e-02	1.003703067177220465e+00
1.255000000000000039e-02	5.545946623149671656e-02	9.963788484272204649e-01
1.255999999999999998e-02	5.614305998149671240e-02	1.007365176552220465e+00
1.256999999999999958e-02	5.570360685649671656e-02	1.000040957802220465e+00
1.257999999999999917e-02	5.638720060649671240e-02	1.011027285927220465e+00
1.259000000000000050e-02	5.599657560649671378e-02	1.003703067177220465e+00
1.260000000000000009e-02	5.668016935649671656e-02	1.014689395302220465e+00
1.260999999999999968e-02	5.628954435649671795e-02	1.007365176552220465e+00
1.261999999999999927e-02	5.697313810649671378e-02	1.018351504677220465e+00
1.263000000000000060e-02	5.658251310649671517e-02	1.011027285927220465e+00
1.264000000000000019e-02	5.726610685649671795e-02	1.022013614052220465e+00
1.264999999999999979e-02	5.687548185649671240e-02	1.015910098427220465e+00
1.265999999999999938e-02	5.755907560649671517e-02	1.025675723427220465e+00
1.267000000000000071e-02	5.716845060649671656e-02	1.019572207802220465e+00
1.268000000000000030e-02	5.785204435649671240e-02	1.030558535927220465e+00
1.268999999999999989e-02	5.746141935649671378e-02	1.023234317177220465e+00
1.269999999999999948e-02	5.819384123149671378e-02	1.034220645302220465e+00
1.271000000000000081e-02	5.775438810649671795e-02	1.026896426552220465e+00
1.272000000000000040e-02	5.848680998149671795e-02	1.037882754677220465e+00
1.273000000000000000e-02	5.809618498149671240e-02	1.030558535927220465e+00
1.273999999999999959e-02	5.882860685649671240e-02	1.041544864052220465e+00
1.274999999999999918e-02	5.838915373149671656e-02	1.034220645302220465e+00
1.276000000000000051e-02	5.912157560649671656e-02	1.045206973427220465e+00
1.277000000000000010e-02	5.873095060649671795e-02	1.037882754677220465e+00
1.277999999999999969e-02	5.946337248149671795e-02	1.048869082802220465e+00
1.278999999999999929e-02	5.902391935649671517e-02	1.041544864052220465e+00
1.280000000000000061e-02	5.980516935649671240e-02	1.052531192177220465e+00
1.281000000000000021e-02	5.936571623149671656e-02	1.045206973427220465e+00
1.281999999999999980e-02	6.014696623149671378e-02	1.056193301552220465e+00
1.282999999999999939e-02	5.970751310649671795e-02	1.048869082802220465e+00
1.284000000000000072e-02	6.048876310649671517e-02	1.059855410927220465e+00
1.285000000000000031e-02	6.004930998149671240e-02	1.052531192177220465e+00
1.285999999999999990e-02	6.083055998149671656e-02	1.063517520302220465e+00
1.286999999999999950e-02	6.039110685649671378e-02	1.057414004677220465e+00
1.288000000000000082e-02	6.117235685649671795e-02	1.067179629677220465e+00
1.289000000000000042e-02	6.068407560649671795e-02	1.061076114052220465e+00
1.290000000000000001e-02	6.146532560649671517e-02	1.070841739052220465e+00
1.290999999999999960e-02	6.102587248149671240e-02	1.064738223427220465e+00
1.291999999999999919e-02	6.180712248149671656e-02	1.074503848427220465e+00
1.293000000000000052e-02	6.136766935649671378e-02	1.068400332802220465e+00
1.294000000000000011e-02	6.214891935649671795e-02	1.079386660927220465e+00
1.294999999999999971e-02	6.170946623149671517e-02	1.072062442177220465e+00
1.295999999999999930e-02	6.244188810649671517e-02	1.081828067177220465e+00
1.297000000000000063e-02	6.205126310649671656e-02	1.075724551552220465e+00
1.298000000000000022e-02	6.278368498149670962e-02	1.086710879677220465e+00
1.298999999999999981e-02	6.234423185649671378e-02	1.079386660927220465e+00
1.299999999999999940e-02	6.312548185649671795e-02	1.089152285927220465e+00
1.301000000000000073e-02	6.268602873149671517e-02	1.083048770302220465e+00
1.302000000000000032e-02	6.346727873149671240e-02	1.094035098427220465e+00
1.302999999999999992e-02	6.302782560649670962e-02	1.086710879677220465e+00
1.303999999999999951e-02	6.380907560649672072e-02	1.097697207802220465e+00
1.305000000000000084e-02	6.336962248149671795e-02	1.090372989052220465e+00
1.306000000000000043e-02	6.415087248149671517e-02	1.101359317177220465e+00
1.307000000000000002e-02	6.371141935649671240e-02	1.094035098427220465e+00
1.307999999999999961e-02	6.449266935649670962e-02	1.105021426552220465e+00
1.308999999999999921e-02	6.405321623149672072e-02	1.097697207802220465e+00
1.310000000000000053e-02	6.488329435649671517e-02	1.108683535927220465e+00
1.311000000000000013e-02	6.439501310649671517e-02	1.101359317177220465e+00
1.311999999999999972e-02	6.517626310649671240e-02	1.112345645302220465e+00
1.312999999999999931e-02	6.478563810649672072e-02	1.105021426552220465e+00
1.314000000000000064e-02	6.556688810649671795e-02	1.116007754677220465e+00
1.315000000000000023e-02	6.512743498149671517e-02	1.108683535927220465e+00
1.315999999999999982e-02	6.590868498149671240e-02	1.119669864052220465e+00
1.316999999999999942e-02	6.546923185649670962e-02	1.112345645302220465e+00
1.318000000000000074e-02	6.629930998149671795e-02	1.123331973427220465e+00
1.319000000000000034e-02	6.585985685649671517e-02	1.116007754677220465e+00
1.319999999999999993e-02	6.664110685649671240e-02	1.126994082802220465e+00
1.320999999999999952e-02	6.620165373149670962e-02	1.119669864052220465e+00
1.322000000000000085e-02	6.703173185649671795e-02	1.130656192177220465e+00
1.323000000000000044e-02	6.659227873149671517e-02	1.124552676552220465e+00
1.324000000000000003e-02	6.742235685649670962e-02	1.134318301552220465e+00
1.324999999999999963e-02	6.693407560649670962e-02	1.126994082802220465e+00
1.325999999999999922e-02	6.776415373149671795e-02	1.137980410927220465e+00
1.327000000000000055e-02	6.732470060649671517e-02	1.131876895302220465e+00
1.328000000000000014e-02	6.815477873149670962e-02	1.141642520302220465e+00
1.328999999999999973e-02	6.771532560649672072e-02	1.134318301552220465e+00
1.329999999999999932e-02	6.849657560649671795e-02	1.145304629677220465e+00
1.331000000000000065e-02	6.805712248149671517e-02	1.139201114052220465e+00
1.332000000000000024e-02	6.888720060649670962e-02	1.148966739052220465e+00
1.332999999999999984e-02	6.844774748149672072e-02	1.142863223427220465e+00
1.333999999999999943e-02	6.922899748149671795e-02	1.152628848427220465e+00
1.335000000000000075e-02	6.878954435649671517e-02	1.145304629677220465e+00
1.336000000000000035e-02	6.957079435649671240e-02	1.156290957802220465e+00
1.336999999999999994e-02	6.913134123149670962e-02	1.148966739052220465e+00
1.337999999999999953e-02	6.991259123149672072e-02	1.159953067177220465e+00
1.339000000000000086e-02	6.952196623149671517e-02	1.152628848427220465e+00
1.340000000000000045e-02	7.025438810649671517e-02	1.163615176552220465e+00
1.341000000000000004e-02	6.986376310649670962e-02	1.157511660927220465e+00
1.341999999999999964e-02	7.059618498149670962e-02	1.167277285927220465e+00
1.342999999999999923e-02	7.015673185649672072e-02	1.159953067177220465e+00
1.344000000000000056e-02	7.093798185649671795e-02	1.170939395302220465e+00
1.345000000000000015e-02	7.049852873149671517e-02	1.164835879677220465e+00
1.345999999999999974e-02	7.127977873149671240e-02	1.174601504677220465e+00
1.346999999999999933e-02	7.084032560649670962e-02	1.168497989052220465e+00
1.348000000000000066e-02	7.157274748149670962e-02	1.179484317177220465e+00
1.349000000000000025e-02	7.113329435649672072e-02	1.172160098427220465e+00
1.349999999999999985e-02	7.191454435649671795e-02	1.181925723427220465e+00
1.350999999999999944e-02	7.147509123149671517e-02	1.175822207802220465e+00
1.352000000000000077e-02	7.220751310649671517e-02	1.186808535927220465e+00
1.353000000000000036e-02	7.181688810649670962e-02	1.179484317177220465e+00
1.353999999999999995e-02	7.254930998149670962e-02	1.189249942177220465e+00
1.354999999999999954e-02	7.210985685649672072e-02	1.183146426552220465e+00
1.355999999999999914e-02	7.284227873149672072e-02	1.194132754677220465e+00
1.357000000000000046e-02	7.245165373149671517e-02	1.186808535927220465e+00
1.358000000000000006e-02	7.318407560649671517e-02	1.197794864052220465e+00
1.358999999999999965e-02	7.274462248149671240e-02	1.190470645302220465e+00
1.359999999999999924e-02	7.352587248149670962e-02	1.201456973427220465e+00
1.361000000000000057e-02	7.308641935649672072e-02	1.194132754677220465e+00
1.362000000000000016e-02	7.381884123149672072e-02	1.205119082802220465e+00
1.362999999999999975e-02	7.337938810649671795e-02	1.197794864052220465e+00
1.363999999999999935e-02	7.416063810649671517e-02	1.208781192177220465e+00
1.365000000000000067e-02	7.372118498149671240e-02	1.201456973427220465e+00
1.366000000000000027e-02	7.450243498149670962e-02	1.212443301552220465e+00
1.366999999999999986e-02	7.406298185649672072e-02	1.205119082802220465e+00
1.367999999999999945e-02	7.484423185649671795e-02	1.216105410927220465e+00
1.369000000000000078e-02	7.440477873149671517e-02	1.208781192177220465e+00
1.370000000000000037e-02	7.518602873149671240e-02	1.218546817177220465e+00
1.370999999999999996e-02	7.474657560649670962e-02	1.212443301552220465e+00
1.371999999999999956e-02	7.552782560649672072e-02	1.222208926552220465e+00
1.372999999999999915e-02	7.508837248149671795e-02	1.216105410927220465e+00
1.374000000000000048e-02	7.586962248149671517e-02	1.227091739052220465e+00
1.375000000000000007e-02	7.543016935649671240e-02	1.219767520302220465e+00
1.375999999999999966e-02	7.616259123149671240e-02	1.230753848427220465e+00
1.376999999999999925e-02	7.577196623149672072e-02	1.223429629677220465e+00
1.378000000000000058e-02	7.650438810649672072e-02	1.234415957802220465e+00
1.379000000000000017e-02	7.606493498149671795e-02	1.227091739052220465e+00
1.379999999999999977e-02	7.684618498149671517e-02	1.238078067177220465e+00
1.380999999999999936e-02	7.640673185649671240e-02	1.230753848427220465e+00
1.382000000000000069e-02	7.718798185649672350e-02	1.241740176552220465e+00
1.383000000000000028e-02	7.674852873149672072e-02	1.234415957802220465e+00
1.383999999999999987e-02	7.752977873149671795e-02	1.245402285927220465e+00
1.384999999999999946e-02	7.709032560649671517e-02	1.238078067177220465e+00
1.386000000000000079e-02	7.787157560649671240e-02	1.249064395302220465e+00
1.387000000000000038e-02	7.743212248149672350e-02	1.241740176552220465e+00
1.387999999999999998e-02	7.816454435649672350e-02	1.252726504677220465e+00
1.388999999999999957e-02	7.777391935649671795e-02	1.245402285927220465e+00
1.389999999999999916e-02	7.855516935649671517e-02	1.256388614052220465e+00
1.391000000000000049e-02	7.806688810649671517e-02	1.249064395302220465e+00
1.392000000000000008e-02	7.884813810649671240e-02	1.260050723427220465e+00
1.392999999999999967e-02	7.840868498149672350e-02	1.252726504677220465e+00
1.393999999999999927e-02	7.923876310649671795e-02	1.263712832802220465e+00
1.395000000000000059e-02	7.879930998149671517e-02	1.256388614052220465e+00
1.396000000000000019e-02	7.958055998149671240e-02	1.267374942177220465e+00
1.396999999999999978e-02	7.914110685649672350e-02	1.260050723427220465e+00
1.397999999999999937e-02	7.992235685649672072e-02	1.271037051552220465e+00
1.399000000000000070e-02	7.948290373149671795e-02	1.263712832802220465e+00
1.400000000000000029e-02	8.026415373149671517e-02	1.274699160927220465e+00
1.400999999999999988e-02	7.982470060649671240e-02	1.267374942177220465e+00
1.401999999999999948e-02	8.060595060649672350e-02	1.278361270302220465e+00
1.403000000000000080e-02	8.016649748149672072e-02	1.271037051552220465e+00
1.404000000000000040e-02	8.099657560649671517e-02	1.280802676552220465e+00
1.404999999999999999e-02	8.055712248149671240e-02	1.274699160927220465e+00
1.405999999999999958e-02	8.133837248149672350e-02	1.285685489052220465e+00
1.406999999999999917e-02	8.089891935649672072e-02	1.278361270302220465e+00
1.408000000000000050e-02	8.172899748149671517e-02	1.289347598427220465e+00
1.409000000000000009e-02	8.128954435649671240e-02	1.282023379677220465e+00
1.409999999999999969e-02	8.211962248149672072e-02	1.291789004677220465e+00
1.410999999999999928e-02	8.163134123149672072e-02	1.285685489052220465e+00
1.412000000000000061e-02	8.246141935649671517e-02	1.295451114052220465e+00
1.413000000000000020e-02	8.202196623149671240e-02	1.289347598427220465e+00
1.413999999999999979e-02	8.285204435649672072e-02	1.299113223427220465e+00
1.414999999999999938e-02	8.241259123149671795e-02	1.293009707802220465e+00
1.416000000000000071e-02	8.324266935649671240e-02	1.302775332802220465e+00
1.417000000000000030e-02	8.280321623149672350e-02	1.296671817177220465e+00
1.417999999999999990e-02	8.363329435649671795e-02	1.307658145302220465e+00
1.418999999999999949e-02	8.319384123149671517e-02	1.300333926552220465e+00
1.420000000000000082e-02	8.407274748149672072e-02	1.310099551552220465e+00
1.421000000000000041e-02	8.358446623149672072e-02	1.303996035927220465e+00
1.422000000000000000e-02	8.446337248149671240e-02	1.313761660927220465e+00
1.422999999999999959e-02	8.397509123149671240e-02	1.307658145302220465e+00
1.423999999999999919e-02	8.490282560649671517e-02	1.317423770302220465e+00
1.425000000000000051e-02	8.436571623149671795e-02	1.311320254677220465e+00
1.426000000000000011e-02	8.529345060649672072e-02	1.321085879677220465e+00
1.426999999999999970e-02	8.480516935649672072e-02	1.314982364052220465e+00
1.427999999999999929e-02	8.573290373149672350e-02	1.325968692177220465e+00
1.429000000000000062e-02	8.524462248149672350e-02	1.318644473427220465e+00
1.430000000000000021e-02	8.617235685649671240e-02	1.328410098427220465e+00
1.430999999999999980e-02	8.563524748149671517e-02	1.322306582802220465e+00
1.431999999999999940e-02	8.656298185649671795e-02	1.332072207802220465e+00
1.433000000000000072e-02	8.607470060649671795e-02	1.325968692177220465e+00
1.434000000000000032e-02	8.700243498149672072e-02	1.335734317177220465e+00
1.434999999999999991e-02	8.651415373149672072e-02	1.328410098427220465e+00
1.435999999999999950e-02	8.744188810649672350e-02	1.339396426552220465e+00
1.437000000000000083e-02	8.695360685649672350e-02	1.332072207802220465e+00
1.438000000000000042e-02	8.793016935649672350e-02	1.343058535927220465e+00
1.439000000000000001e-02	8.739305998149671240e-02	1.335734317177220465e+00
1.439999999999999961e-02	8.832079435649671517e-02	1.346720645302220465e+00
1.440999999999999920e-02	8.783251310649671517e-02	1.340617129677220465e+00
1.442000000000000053e-02	8.876024748149671795e-02	1.350382754677220465e+00
1.443000000000000012e-02	8.827196623149671795e-02	1.343058535927220465e+00
1.443999999999999971e-02	8.919970060649672072e-02	1.354044864052220465e+00
1.444999999999999930e-02	8.871141935649672072e-02	1.346720645302220465e+00
1.446000000000000063e-02	8.963915373149672350e-02	1.357706973427220465e+00
1.447000000000000022e-02	8.915087248149672350e-02	1.351603457802220465e+00
1.447999999999999982e-02	9.002977873149671517e-02	1.361369082802220465e+00
1.448999999999999941e-02	8.959032560649671240e-02	1.354044864052220465e+00
1.450000000000000074e-02	9.042040373149672072e-02	1.363810489052220465e+00
1.451000000000000033e-02	8.998095060649671795e-02	1.356486270302220465e+00
1.451999999999999992e-02	9.081102873149671240e-02	1.360148379677220465e+00
1.452999999999999951e-02	9.037157560649672350e-02	1.352824160927220465e+00
1.454000000000000084e-02	9.120165373149671795e-02	1.355265567177220465e+00
1.455000000000000043e-02	9.076220060649671517e-02	1.347941348427220465e+00
1.456000000000000003e-02	9.159227873149672350e-02	1.351603457802220465e+00
1.456999999999999962e-02	9.115282560649672072e-02	1.344279239052220465e+00
1.457999999999999921e-02	9.193407560649671795e-02	1.346720645302220465e+00
1.459000000000000054e-02	9.149462248149671517e-02	1.339396426552220465e+00
1.460000000000000013e-02	9.227587248149671240e-02	1.343058535927220465e+00
1.460999999999999972e-02	9.188524748149672072e-02	1.334513614052220465e+00
1.461999999999999932e-02	9.261766935649672072e-02	1.338175723427220465e+00
1.463000000000000064e-02	9.217821623149671795e-02	1.330851504677220465e+00
1.464000000000000024e-02	9.291063810649671795e-02	1.333292910927220465e+00
1.464999999999999983e-02	9.252001310649671240e-02	1.325968692177220465e+00
1.465999999999999942e-02	9.315477873149671795e-02	1.329630801552220465e+00
1.467000000000000075e-02	9.281298185649672350e-02	1.322306582802220465e+00
1.468000000000000034e-02	9.344774748149671517e-02	1.324747989052220465e+00
1.468999999999999993e-02	9.310595060649672072e-02	1.317423770302220465e+00
1.469999999999999953e-02	9.364305998149671795e-02	1.321085879677220465e+00
1.471000000000000085e-02	9.330126310649672350e-02	1.313761660927220465e+00
1.472000000000000045e-02	9.383837248149672072e-02	1.316203067177220465e+00
1.473000000000000004e-02	9.349657560649671240e-02	1.308878848427220465e+00
1.473999999999999963e-02	9.398485685649671240e-02	1.312540957802220465e+00
1.474999999999999922e-02	9.369188810649671517e-02	1.303996035927220465e+00
1.476000000000000055e-02	9.408251310649672072e-02	1.307658145302220465e+00
1.477000000000000014e-02	9.378954435649672350e-02	1.300333926552220465e+00
1.477999999999999974e-02	9.413134123149671795e-02	1.302775332802220465e+00
1.478999999999999933e-02	9.383837248149672072e-02	1.295451114052220465e+00
1.480000000000000066e-02	9.413134123149671795e-02	1.299113223427220465e+00
1.481000000000000025e-02	9.383837248149672072e-02	1.291789004677220465e+00
1.481999999999999984e-02	9.403368498149672350e-02	1.294230410927220465e+00
1.482999999999999943e-02	9.374071623149671240e-02	1.286906192177220465e+00
1.484000000000000076e-02	9.393602873149671517e-02	1.289347598427220465e+00
1.485000000000000035e-02	9.359423185649672072e-02	1.282023379677220465e+00
1.485999999999999995e-02	9.374071623149671240e-02	1.285685489052220465e+00
1.486999999999999954e-02	9.339891935649671795e-02	1.278361270302220465e+00
1.488000000000000086e-02	9.349657560649671240e-02	1.280802676552220465e+00
1.489000000000000046e-02	9.310595060649672072e-02	1.273478457802220465e+00
1.490000000000000005e-02	9.320360685649671517e-02	1.277140567177220465e+00
1.490999999999999964e-02	9.276415373149671240e-02	1.269816348427220465e+00
1.491999999999999924e-02	9.281298185649672350e-02	1.272257754677220465e+00
1.493000000000000056e-02	9.232470060649672350e-02	1.264933535927220465e+00
1.494000000000000015e-02	9.237352873149672072e-02	1.267374942177220465e+00
1.494999999999999975e-02	9.188524748149672072e-02	1.261271426552220465e+00
1.495999999999999934e-02	9.188524748149672072e-02	1.263712832802220465e+00
1.497000000000000067e-02	9.129930998149671240e-02	1.256388614052220465e+00
1.498000000000000026e-02	9.129930998149671240e-02	1.260050723427220465e+00
1.498999999999999985e-02	9.071337248149671795e-02	1.251505801552220465e+00
1.499999999999999944e-02	9.071337248149671795e-02	1.255167910927220465e+00
1.501000000000000077e-02	9.007860685649671240e-02	1.247843692177220465e+00
1.502000000000000036e-02	9.007860685649671240e-02	1.250285098427220465e+00
1.502999999999999996e-02	8.939501310649672350e-02	1.242960879677220465e+00
1.503999999999999955e-02	8.934618498149671240e-02	1.245402285927220465e+00
1.504999999999999914e-02	8.866259123149672350e-02	1.238078067177220465e+00
1.506000000000000047e-02	8.861376310649671240e-02	1.241740176552220465e+00
1.507000000000000006e-02	8.788134123149671240e-02	1.234415957802220465e+00
1.507999999999999965e-02	8.783251310649671517e-02	1.236857364052220465e+00
1.508999999999999925e-02	8.710009123149671517e-02	1.229533145302220465e+00
1.510000000000000057e-02	8.705126310649671795e-02	1.233195254677220465e+00
1.511000000000000017e-02	8.631884123149671795e-02	1.224650332802220465e+00
1.511999999999999976e-02	8.627001310649672072e-02	1.228312442177220465e+00
1.512999999999999935e-02	8.548876310649672350e-02	1.220988223427220465e+00
1.514000000000000068e-02	8.543993498149671240e-02	1.224650332802220465e+00
1.515000000000000027e-02	8.470751310649671240e-02	1.217326114052220465e+00
1.515999999999999986e-02	8.465868498149671517e-02	1.219767520302220465e+00
1.516999999999999946e-02	8.392626310649671517e-02	1.212443301552220465e+00
1.518000000000000078e-02	8.382860685649672072e-02	1.216105410927220465e+00
1.519000000000000038e-02	8.309618498149672072e-02	1.208781192177220465e+00
