time[s]	CH1[V]	CH2[V] (num. of cycles: 1)
0.000000000000000000e+00	-6.954705489309211119e-02	-1.221641942074424225e+00
1.000000000000000082e-05	-6.954705489309211119e-02	-1.221641942074424225e+00
2.000000000000000164e-05	-6.944939864309211675e-02	-1.219200535824424225e+00
3.000000000000000076e-05	-6.993767989309211675e-02	-1.225304051449424225e+00
4.000000000000000327e-05	-6.988885176809210564e-02	-1.222862645199424225e+00
5.000000000000000240e-05	-7.032830489309210842e-02	-1.230186863949424225e+00
6.000000000000000152e-05	-7.027947676809211119e-02	-1.226524754574424225e+00
6.999999999999999387e-05	-7.071892989309211397e-02	-1.232628270199424225e+00
8.000000000000000654e-05	-7.067010176809211675e-02	-1.230186863949424225e+00
9.000000000000000567e-05	-7.110955489309210564e-02	-1.237511082699424225e+00
1.000000000000000048e-04	-7.106072676809210842e-02	-1.232628270199424225e+00
1.100000000000000039e-04	-7.150017989309211119e-02	-1.241173192074424225e+00
1.200000000000000030e-04	-7.140252364309211675e-02	-1.237511082699424225e+00
1.299999999999999886e-04	-7.189080489309211675e-02	-1.244835301449424225e+00
1.399999999999999877e-04	-7.179314864309210842e-02	-1.241173192074424225e+00
1.499999999999999869e-04	-7.228142989309210842e-02	-1.248497410824424225e+00
1.600000000000000131e-04	-7.218377364309211397e-02	-1.244835301449424225e+00
1.700000000000000122e-04	-7.267205489309211397e-02	-1.252159520199424225e+00
1.800000000000000113e-04	-7.257439864309210564e-02	-1.248497410824424225e+00
1.900000000000000105e-04	-7.306267989309210564e-02	-1.255821629574424225e+00
2.000000000000000096e-04	-7.296502364309211119e-02	-1.252159520199424225e+00
2.100000000000000087e-04	-7.340447676809211397e-02	-1.259483738949424225e+00
2.200000000000000078e-04	-7.335564864309211675e-02	-1.255821629574424225e+00
2.300000000000000070e-04	-7.379510176809210564e-02	-1.263145848324424225e+00
2.400000000000000061e-04	-7.369744551809211119e-02	-1.259483738949424225e+00
2.500000000000000052e-04	-7.418572676809211119e-02	-1.266807957699424225e+00
2.599999999999999772e-04	-7.408807051809211675e-02	-1.263145848324424225e+00
2.700000000000000035e-04	-7.452752364309210564e-02	-1.270470067074424225e+00
2.799999999999999755e-04	-7.442986739309211119e-02	-1.266807957699424225e+00
2.900000000000000017e-04	-7.491814864309211119e-02	-1.274132176449424225e+00
2.999999999999999737e-04	-7.482049239309211675e-02	-1.270470067074424225e+00
3.099999999999999999e-04	-7.525994551809211952e-02	-1.277794285824424225e+00
3.200000000000000262e-04	-7.516228926809211119e-02	-1.274132176449424225e+00
3.299999999999999982e-04	-7.560174239309211397e-02	-1.281456395199424225e+00
3.400000000000000244e-04	-7.550408614309211952e-02	-1.277794285824424225e+00
3.499999999999999964e-04	-7.599236739309211952e-02	-1.285118504574424225e+00
3.600000000000000227e-04	-7.589471114309211119e-02	-1.281456395199424225e+00
3.699999999999999947e-04	-7.633416426809211397e-02	-1.288780613949424225e+00
3.800000000000000209e-04	-7.623650801809211952e-02	-1.285118504574424225e+00
3.899999999999999929e-04	-7.667596114309210842e-02	-1.292442723324424225e+00
4.000000000000000192e-04	-7.657830489309211397e-02	-1.288780613949424225e+00
4.099999999999999912e-04	-7.706658614309211397e-02	-1.296104832699424225e+00
4.200000000000000174e-04	-7.696892989309211952e-02	-1.292442723324424225e+00
4.299999999999999894e-04	-7.745721114309211952e-02	-1.299766942074424225e+00
4.400000000000000157e-04	-7.735955489309211119e-02	-1.296104832699424225e+00
4.499999999999999877e-04	-7.779900801809211397e-02	-1.303429051449424225e+00
4.600000000000000139e-04	-7.775017989309211675e-02	-1.299766942074424225e+00
4.699999999999999859e-04	-7.823846114309211675e-02	-1.307091160824424225e+00
4.800000000000000122e-04	-7.814080489309210842e-02	-1.303429051449424225e+00
4.899999999999999842e-04	-7.858025801809211119e-02	-1.310753270199424225e+00
5.000000000000000104e-04	-7.853142989309211397e-02	-1.307091160824424225e+00
5.100000000000000366e-04	-7.901971114309211397e-02	-1.314415379574424225e+00
5.199999999999999544e-04	-7.892205489309211952e-02	-1.310753270199424225e+00
5.299999999999999807e-04	-7.941033614309211952e-02	-1.318077488949424225e+00
5.400000000000000069e-04	-7.936150801809210842e-02	-1.314415379574424225e+00
5.500000000000000331e-04	-7.984978926809210842e-02	-1.321739598324424225e+00
5.599999999999999509e-04	-7.975213301809211397e-02	-1.318077488949424225e+00
5.699999999999999772e-04	-8.024041426809211397e-02	-1.325401707699424225e+00
5.800000000000000034e-04	-8.019158614309211675e-02	-1.321739598324424225e+00
5.900000000000000296e-04	-8.067986739309211675e-02	-1.329063817074424225e+00
5.999999999999999474e-04	-8.058221114309210842e-02	-1.325401707699424225e+00
6.099999999999999737e-04	-8.107049239309210842e-02	-1.332725926449424225e+00
6.199999999999999999e-04	-8.102166426809211119e-02	-1.329063817074424225e+00
6.300000000000000261e-04	-8.150994551809211119e-02	-1.336388035824424225e+00
6.400000000000000524e-04	-8.141228926809211675e-02	-1.332725926449424225e+00
6.499999999999999702e-04	-8.190057051809211675e-02	-1.340050145199424225e+00
6.599999999999999964e-04	-8.185174239309211952e-02	-1.336388035824424225e+00
6.700000000000000226e-04	-8.234002364309211952e-02	-1.343712254574424225e+00
6.800000000000000488e-04	-8.224236739309211119e-02	-1.340050145199424225e+00
6.899999999999999667e-04	-8.273064864309211119e-02	-1.347374363949424225e+00
6.999999999999999929e-04	-8.263299239309211675e-02	-1.343712254574424225e+00
7.100000000000000191e-04	-8.312127364309211675e-02	-1.351036473324424225e+00
7.200000000000000453e-04	-8.307244551809211952e-02	-1.347374363949424225e+00
7.299999999999999632e-04	-8.356072676809211952e-02	-1.354698582699424225e+00
7.399999999999999894e-04	-8.346307051809211119e-02	-1.351036473324424225e+00
7.500000000000000156e-04	-8.395135176809211119e-02	-1.358360692074424225e+00
7.600000000000000418e-04	-8.390252364309211397e-02	-1.354698582699424225e+00
7.699999999999999597e-04	-8.434197676809211675e-02	-1.362022801449424225e+00
7.799999999999999859e-04	-8.429314864309211952e-02	-1.358360692074424225e+00
7.900000000000000121e-04	-8.478142989309211952e-02	-1.365684910824424225e+00
8.000000000000000383e-04	-8.468377364309211119e-02	-1.362022801449424225e+00
8.099999999999999561e-04	-8.517205489309211119e-02	-1.368126317074424225e+00
8.199999999999999824e-04	-8.507439864309211675e-02	-1.365684910824424225e+00
8.300000000000000086e-04	-8.556267989309211675e-02	-1.373009129574424225e+00
8.400000000000000348e-04	-8.546502364309210842e-02	-1.369347020199424225e+00
8.499999999999999526e-04	-8.595330489309210842e-02	-1.375450535824424225e+00
8.599999999999999789e-04	-8.585564864309211397e-02	-1.373009129574424225e+00
8.700000000000000051e-04	-8.634392989309211397e-02	-1.379112645199424225e+00
8.800000000000000313e-04	-8.624627364309211952e-02	-1.376671238949424225e+00
8.899999999999999491e-04	-8.673455489309211952e-02	-1.382774754574424225e+00
8.999999999999999754e-04	-8.668572676809210842e-02	-1.380333348324424225e+00
9.100000000000000016e-04	-8.712517989309211119e-02	-1.386436863949424225e+00
9.200000000000000278e-04	-8.707635176809211397e-02	-1.383995457699424225e+00
9.300000000000000541e-04	-8.751580489309211675e-02	-1.390098973324424225e+00
9.399999999999999719e-04	-8.746697676809211952e-02	-1.387657567074424225e+00
9.499999999999999981e-04	-8.795525801809211952e-02	-1.393761082699424225e+00
9.600000000000000243e-04	-8.785760176809211119e-02	-1.390098973324424225e+00
9.700000000000000505e-04	-8.834588301809211119e-02	-1.397423192074424225e+00
9.799999999999999684e-04	-8.824822676809211675e-02	-1.393761082699424225e+00
9.899999999999999946e-04	-8.873650801809211675e-02	-1.401085301449424225e+00
1.000000000000000021e-03	-8.863885176809210842e-02	-1.391319676449424225e+00
1.010000000000000047e-03	-8.912713301809210842e-02	-1.398643895199424225e+00
1.020000000000000073e-03	-8.907830489309211119e-02	-1.386436863949424225e+00
1.030000000000000100e-03	-8.951775801809211397e-02	-1.394981785824424225e+00
1.039999999999999909e-03	-8.946892989309211675e-02	-1.382774754574424225e+00
1.049999999999999935e-03	-8.990838301809211952e-02	-1.390098973324424225e+00
1.059999999999999961e-03	-8.985955489309210842e-02	-1.377891942074424225e+00
1.069999999999999988e-03	-9.029900801809211119e-02	-1.385216160824424225e+00
1.080000000000000014e-03	-9.025017989309211397e-02	-1.374229832699424225e+00
1.090000000000000040e-03	-9.068963301809211675e-02	-1.381554051449424225e+00
1.100000000000000066e-03	-9.064080489309211952e-02	-1.369347020199424225e+00
1.110000000000000092e-03	-9.103142989309211119e-02	-1.376671238949424225e+00
1.119999999999999902e-03	-9.098260176809211397e-02	-1.364464207699424225e+00
1.129999999999999928e-03	-9.137322676809211952e-02	-1.371788426449424225e+00
1.139999999999999954e-03	-9.132439864309210842e-02	-1.360802098324424225e+00
1.149999999999999981e-03	-9.171502364309211397e-02	-1.368126317074424225e+00
1.160000000000000007e-03	-9.161736739309211952e-02	-1.355919285824424225e+00
1.170000000000000033e-03	-9.195916426809211397e-02	-1.363243504574424225e+00
1.180000000000000059e-03	-9.186150801809211952e-02	-1.351036473324424225e+00
1.190000000000000085e-03	-9.220330489309211397e-02	-1.359581395199424225e+00
1.199999999999999895e-03	-9.210564864309211952e-02	-1.347374363949424225e+00
1.209999999999999921e-03	-9.244744551809211397e-02	-1.354698582699424225e+00
1.219999999999999947e-03	-9.230096114309210842e-02	-1.343712254574424225e+00
1.229999999999999974e-03	-9.259392989309211952e-02	-1.351036473324424225e+00
1.240000000000000000e-03	-9.244744551809211397e-02	-1.338829442074424225e+00
1.250000000000000026e-03	-9.269158614309211397e-02	-1.346153660824424225e+00
1.260000000000000052e-03	-9.249627364309211119e-02	-1.333946629574424225e+00
1.270000000000000078e-03	-9.278924239309210842e-02	-1.342491551449424225e+00
1.280000000000000105e-03	-9.249627364309211119e-02	-1.330284520199424225e+00
1.289999999999999914e-03	-9.278924239309210842e-02	-1.337608738949424225e+00
1.299999999999999940e-03	-9.239861739309211675e-02	-1.325401707699424225e+00
1.309999999999999967e-03	-9.274041426809211119e-02	-1.332725926449424225e+00
1.319999999999999993e-03	-9.225213301809211119e-02	-1.320518895199424225e+00
1.330000000000000019e-03	-9.259392989309211952e-02	-1.329063817074424225e+00
1.340000000000000045e-03	-9.205682051809210842e-02	-1.316856785824424225e+00
1.350000000000000071e-03	-9.239861739309211675e-02	-1.324181004574424225e+00
1.360000000000000098e-03	-9.171502364309211397e-02	-1.311973973324424225e+00
1.369999999999999907e-03	-9.215447676809211675e-02	-1.319298192074424225e+00
1.379999999999999933e-03	-9.132439864309210842e-02	-1.308311863949424225e+00
1.389999999999999960e-03	-9.181267989309210842e-02	-1.315636082699424225e+00
1.399999999999999986e-03	-9.088494551809211952e-02	-1.303429051449424225e+00
1.410000000000000012e-03	-9.142205489309211675e-02	-1.310753270199424225e+00
1.420000000000000038e-03	-9.039666426809211952e-02	-1.299766942074424225e+00
1.430000000000000064e-03	-9.093377364309211675e-02	-1.307091160824424225e+00
1.440000000000000091e-03	-8.981072676809211119e-02	-1.294884129574424225e+00
1.449999999999999900e-03	-9.039666426809211952e-02	-1.302208348324424225e+00
1.459999999999999926e-03	-8.917596114309211952e-02	-1.290001317074424225e+00
1.469999999999999953e-03	-8.981072676809211119e-02	-1.297325535824424225e+00
1.479999999999999979e-03	-8.854119551809211397e-02	-1.286339207699424225e+00
1.490000000000000005e-03	-8.922478926809211675e-02	-1.293663426449424225e+00
1.500000000000000031e-03	-8.785760176809211119e-02	-1.281456395199424225e+00
1.510000000000000057e-03	-8.849236739309211675e-02	-1.288780613949424225e+00
1.520000000000000084e-03	-8.712517989309211119e-02	-1.276573582699424225e+00
1.529999999999999893e-03	-8.780877364309211397e-02	-1.285118504574424225e+00
1.539999999999999919e-03	-8.639275801809211119e-02	-1.272911473324424225e+00
1.549999999999999946e-03	-8.712517989309211119e-02	-1.280235692074424225e+00
1.559999999999999972e-03	-8.561150801809211397e-02	-1.268028660824424225e+00
1.569999999999999998e-03	-8.639275801809211119e-02	-1.276573582699424225e+00
1.580000000000000024e-03	-8.483025801809211675e-02	-1.264366551449424225e+00
1.590000000000000050e-03	-8.556267989309211675e-02	-1.271690770199424225e+00
1.600000000000000077e-03	-8.404900801809211952e-02	-1.259483738949424225e+00
1.610000000000000103e-03	-8.483025801809211675e-02	-1.266807957699424225e+00
1.619999999999999912e-03	-8.326775801809210842e-02	-1.254600926449424225e+00
1.629999999999999939e-03	-8.404900801809211952e-02	-1.263145848324424225e+00
1.639999999999999965e-03	-8.243767989309211397e-02	-1.250938817074424225e+00
1.649999999999999991e-03	-8.321892989309211119e-02	-1.258263035824424225e+00
1.660000000000000017e-03	-8.160760176809211952e-02	-1.246056004574424225e+00
1.670000000000000043e-03	-8.243767989309211397e-02	-1.253380223324424225e+00
1.680000000000000070e-03	-8.082635176809210842e-02	-1.242393895199424225e+00
1.690000000000000096e-03	-8.160760176809211952e-02	-1.249718113949424225e+00
1.699999999999999905e-03	-7.999627364309211397e-02	-1.237511082699424225e+00
1.709999999999999932e-03	-8.077752364309211119e-02	-1.244835301449424225e+00
1.719999999999999958e-03	-7.916619551809211952e-02	-1.233848973324424225e+00
1.729999999999999984e-03	-7.994744551809211675e-02	-1.241173192074424225e+00
1.740000000000000010e-03	-7.833611739309211119e-02	-1.228966160824424225e+00
1.750000000000000036e-03	-7.916619551809211952e-02	-1.236290379574424225e+00
1.760000000000000063e-03	-7.755486739309211397e-02	-1.224083348324424225e+00
1.770000000000000089e-03	-7.833611739309211119e-02	-1.231407567074424225e+00
1.779999999999999898e-03	-7.672478926809211952e-02	-1.220421238949424225e+00
1.789999999999999925e-03	-7.750603926809211675e-02	-1.227745457699424225e+00
1.799999999999999951e-03	-7.599236739309211952e-02	-1.215538426449424225e+00
1.809999999999999977e-03	-7.672478926809211952e-02	-1.222862645199424225e+00
1.820000000000000003e-03	-7.521111739309210842e-02	-1.210655613949424225e+00
1.830000000000000029e-03	-7.594353926809210842e-02	-1.217979832699424225e+00
1.840000000000000056e-03	-7.442986739309211119e-02	-1.206993504574424225e+00
1.850000000000000082e-03	-7.516228926809211119e-02	-1.214317723324424225e+00
1.860000000000000108e-03	-7.374627364309210842e-02	-1.202110692074424225e+00
1.869999999999999917e-03	-7.442986739309211119e-02	-1.209434910824424225e+00
1.879999999999999944e-03	-7.301385176809210842e-02	-1.197227879574424225e+00
1.889999999999999970e-03	-7.369744551809211119e-02	-1.205772801449424225e+00
1.899999999999999996e-03	-7.233025801809210564e-02	-1.193565770199424225e+00
1.910000000000000022e-03	-7.301385176809210842e-02	-1.200889988949424225e+00
1.920000000000000049e-03	-7.169549239309211397e-02	-1.188682957699424225e+00
1.930000000000000075e-03	-7.233025801809210564e-02	-1.196007176449424225e+00
1.940000000000000101e-03	-7.106072676809210842e-02	-1.183800145199424225e+00
1.949999999999999910e-03	-7.169549239309211397e-02	-1.192345067074424225e+00
1.959999999999999937e-03	-7.047478926809211397e-02	-1.180138035824424225e+00
1.969999999999999963e-03	-7.110955489309210564e-02	-1.187462254574424225e+00
1.979999999999999989e-03	-6.993767989309211675e-02	-1.175255223324424225e+00
1.990000000000000015e-03	-7.052361739309211119e-02	-1.182579442074424225e+00
2.000000000000000042e-03	-6.940057051809210564e-02	-1.171593113949424225e+00
2.010000000000000068e-03	-6.993767989309211675e-02	-1.178917332699424225e+00
2.020000000000000094e-03	-6.891228926809210564e-02	-1.166710301449424225e+00
2.030000000000000120e-03	-6.944939864309211675e-02	-1.174034520199424225e+00
2.040000000000000147e-03	-6.842400801809210564e-02	-1.163048192074424225e+00
2.050000000000000173e-03	-6.896111739309211675e-02	-1.170372410824424225e+00
2.060000000000000199e-03	-6.798455489309211675e-02	-1.158165379574424225e+00
2.069999999999999792e-03	-6.847283614309211675e-02	-1.165489598324424225e+00
2.079999999999999818e-03	-6.754510176809211397e-02	-1.153282567074424225e+00
2.089999999999999844e-03	-6.803338301809211397e-02	-1.160606785824424225e+00
2.099999999999999870e-03	-6.715447676809210842e-02	-1.149620457699424225e+00
2.109999999999999896e-03	-6.759392989309211119e-02	-1.156944676449424225e+00
2.119999999999999923e-03	-6.676385176809211675e-02	-1.144737645199424225e+00
2.129999999999999949e-03	-6.720330489309210564e-02	-1.152061863949424225e+00
2.139999999999999975e-03	-6.637322676809211119e-02	-1.141075535824424225e+00
2.150000000000000001e-03	-6.686150801809211119e-02	-1.148399754574424225e+00
2.160000000000000028e-03	-6.603142989309211675e-02	-1.136192723324424225e+00
2.170000000000000054e-03	-6.651971114309211675e-02	-1.143516942074424225e+00
2.180000000000000080e-03	-6.568963301809210842e-02	-1.131309910824424225e+00
2.190000000000000106e-03	-6.612908614309211119e-02	-1.138634129574424225e+00
2.200000000000000133e-03	-6.539666426809211119e-02	-1.127647801449424225e+00
2.210000000000000159e-03	-6.583611739309211397e-02	-1.134972020199424225e+00
2.220000000000000185e-03	-6.505486739309211675e-02	-1.122764988949424225e+00
2.230000000000000211e-03	-6.549432051809210564e-02	-1.130089207699424225e+00
2.239999999999999804e-03	-6.476189864309210564e-02	-1.119102879574424225e+00
2.249999999999999830e-03	-6.515252364309211119e-02	-1.126427098324424225e+00
2.259999999999999856e-03	-6.446892989309210842e-02	-1.114220067074424225e+00
2.269999999999999882e-03	-6.485955489309211397e-02	-1.121544285824424225e+00
2.279999999999999909e-03	-6.417596114309211119e-02	-1.109337254574424225e+00
2.289999999999999935e-03	-6.456658614309211675e-02	-1.116661473324424225e+00
2.299999999999999961e-03	-6.388299239309211397e-02	-1.105675145199424225e+00
2.309999999999999987e-03	-6.427361739309210564e-02	-1.112999363949424225e+00
2.320000000000000014e-03	-6.359002364309211675e-02	-1.100792332699424225e+00
2.330000000000000040e-03	-6.398064864309210842e-02	-1.108116551449424225e+00
2.340000000000000066e-03	-6.334588301809211675e-02	-1.097130223324424225e+00
2.350000000000000092e-03	-6.373650801809210842e-02	-1.104454442074424225e+00
2.360000000000000119e-03	-6.305291426809210564e-02	-1.092247410824424225e+00
2.370000000000000145e-03	-6.344353926809211119e-02	-1.099571629574424225e+00
2.380000000000000171e-03	-6.275994551809210842e-02	-1.087364598324424225e+00
2.390000000000000197e-03	-6.315057051809211397e-02	-1.094688817074424225e+00
2.399999999999999790e-03	-6.246697676809211119e-02	-1.083702488949424225e+00
2.409999999999999816e-03	-6.285760176809211675e-02	-1.091026707699424225e+00
2.419999999999999842e-03	-6.222283614309211119e-02	-1.078819676449424225e+00
2.429999999999999868e-03	-6.261346114309211675e-02	-1.086143895199424225e+00
2.439999999999999895e-03	-6.192986739309211397e-02	-1.075157567074424225e+00
2.449999999999999921e-03	-6.232049239309211258e-02	-1.082481785824424225e+00
2.459999999999999947e-03	-6.163689864309210981e-02	-1.070274754574424225e+00
2.469999999999999973e-03	-6.202752364309210842e-02	-1.077598973324424225e+00
2.480000000000000000e-03	-6.134392989309211258e-02	-1.065391942074424225e+00
2.490000000000000026e-03	-6.173455489309211119e-02	-1.072716160824424225e+00
2.500000000000000052e-03	-6.105096114309210842e-02	-1.061729832699424225e+00
2.510000000000000078e-03	-6.144158614309211397e-02	-1.069054051449424225e+00
2.520000000000000104e-03	-6.075799239309211119e-02	-1.056847020199424225e+00
2.530000000000000131e-03	-6.114861739309210981e-02	-1.064171238949424225e+00
2.540000000000000157e-03	-6.041619551809210981e-02	-1.051964207699424225e+00
2.550000000000000183e-03	-6.085564864309211258e-02	-1.060509129574424225e+00
2.560000000000000209e-03	-6.012322676809211258e-02	-1.048302098324424225e+00
2.569999999999999802e-03	-6.051385176809211119e-02	-1.055626317074424225e+00
2.579999999999999828e-03	-5.978142989309211119e-02	-1.043419285824424225e+00
2.589999999999999854e-03	-6.022088301809211397e-02	-1.051964207699424225e+00
2.599999999999999881e-03	-5.943963301809210981e-02	-1.039757176449424225e+00
2.609999999999999907e-03	-5.987908614309211258e-02	-1.047081395199424225e+00
2.619999999999999933e-03	-5.904900801809211119e-02	-1.034874363949424225e+00
2.629999999999999959e-03	-5.953728926809211119e-02	-1.043419285824424225e+00
2.639999999999999986e-03	-5.870721114309210981e-02	-1.031212254574424225e+00
2.650000000000000012e-03	-5.914666426809211258e-02	-1.038536473324424225e+00
2.660000000000000038e-03	-5.831658614309211119e-02	-1.026329442074424225e+00
2.670000000000000064e-03	-5.880486739309211119e-02	-1.033653660824424225e+00
2.680000000000000090e-03	-5.792596114309211258e-02	-1.022667332699424225e+00
2.690000000000000117e-03	-5.841424239309211258e-02	-1.029991551449424225e+00
2.700000000000000143e-03	-5.753533614309211397e-02	-1.017784520199424225e+00
2.710000000000000169e-03	-5.802361739309211397e-02	-1.025108738949424225e+00
2.720000000000000195e-03	-5.714471114309210842e-02	-1.012901707699424225e+00
2.729999999999999788e-03	-5.763299239309210842e-02	-1.021446629574424225e+00
2.739999999999999814e-03	-5.675408614309210981e-02	-1.009239598324424225e+00
2.749999999999999840e-03	-5.724236739309210981e-02	-1.016563817074424225e+00
2.759999999999999867e-03	-5.636346114309211119e-02	-1.004356785824424225e+00
2.769999999999999893e-03	-5.685174239309211119e-02	-1.012901707699424225e+00
2.779999999999999919e-03	-5.597283614309211258e-02	-1.000694676449424225e+00
2.789999999999999945e-03	-5.646111739309211258e-02	-1.008018895199424225e+00
2.799999999999999972e-03	-5.558221114309211397e-02	-9.958118639494242252e-01
2.809999999999999998e-03	-5.602166426809210981e-02	-1.003136082699424225e+00
2.820000000000000024e-03	-5.514275801809211119e-02	-9.909290514494242252e-01
2.830000000000000050e-03	-5.563103926809211119e-02	-9.994739733244242252e-01
2.840000000000000076e-03	-5.475213301809211258e-02	-9.872669420744242252e-01
2.850000000000000103e-03	-5.524041426809211258e-02	-9.945911608244242252e-01
2.860000000000000129e-03	-5.431267989309210981e-02	-9.823841295744242252e-01
2.870000000000000155e-03	-5.480096114309210981e-02	-9.897083483244242252e-01
2.880000000000000181e-03	-5.387322676809211397e-02	-9.787220201994242252e-01
2.890000000000000208e-03	-5.436150801809211397e-02	-9.860462389494242252e-01
2.899999999999999800e-03	-5.348260176809210842e-02	-9.738392076994242252e-01
2.909999999999999826e-03	-5.397088301809210842e-02	-9.811634264494242252e-01
2.919999999999999853e-03	-5.304314864309211258e-02	-9.689563951994242252e-01
2.929999999999999879e-03	-5.353142989309211258e-02	-9.762806139494242252e-01
2.939999999999999905e-03	-5.260369551809210981e-02	-9.652942858244242252e-01
2.949999999999999931e-03	-5.309197676809210981e-02	-9.726185045744242252e-01
2.959999999999999958e-03	-5.216424239309211397e-02	-9.604114733244242252e-01
2.969999999999999984e-03	-5.265252364309211397e-02	-9.677356920744242252e-01
2.980000000000000010e-03	-5.167596114309211397e-02	-9.567493639494242252e-01
2.990000000000000036e-03	-5.221307051809211119e-02	-9.640735826994242252e-01
3.000000000000000062e-03	-5.123650801809211119e-02	-9.518665514494242252e-01
3.010000000000000089e-03	-5.172478926809211119e-02	-9.591907701994242252e-01
3.020000000000000115e-03	-5.074822676809211119e-02	-9.469837389494242252e-01
3.030000000000000141e-03	-5.128533614309210842e-02	-9.543079576994242252e-01
3.040000000000000167e-03	-5.030877364309210842e-02	-9.433216295744242252e-01
3.050000000000000194e-03	-5.084588301809211258e-02	-9.506458483244242252e-01
3.059999999999999786e-03	-4.982049239309210842e-02	-9.384388170744242252e-01
3.069999999999999812e-03	-5.035760176809211258e-02	-9.457630358244242252e-01
3.079999999999999839e-03	-4.938103926809210564e-02	-9.347767076994242252e-01
3.089999999999999865e-03	-4.991814864309210287e-02	-9.421009264494242252e-01
3.099999999999999891e-03	-4.894158614309210287e-02	-9.298938951994242252e-01
3.109999999999999917e-03	-4.942986739309210287e-02	-9.372181139494242252e-01
3.119999999999999944e-03	-4.850213301809210703e-02	-9.250110826994242252e-01
3.129999999999999970e-03	-4.899041426809210703e-02	-9.323353014494242252e-01
3.139999999999999996e-03	-4.806267989309210426e-02	-9.213489733244242252e-01
3.150000000000000022e-03	-4.855096114309210426e-02	-9.286731920744242252e-01
3.160000000000000048e-03	-4.762322676809210842e-02	-9.164661608244242252e-01
3.170000000000000075e-03	-4.811150801809210842e-02	-9.250110826994242252e-01
3.180000000000000101e-03	-4.718377364309210564e-02	-9.128040514494242252e-01
3.190000000000000127e-03	-4.767205489309210564e-02	-9.201282701994242252e-01
3.200000000000000153e-03	-4.674432051809210287e-02	-9.079212389494242252e-01
3.210000000000000180e-03	-4.723260176809210287e-02	-9.152454576994242252e-01
3.220000000000000206e-03	-4.630486739309210703e-02	-9.042591295744242252e-01
3.229999999999999798e-03	-4.679314864309210703e-02	-9.115833483244242252e-01
3.239999999999999825e-03	-4.586541426809210426e-02	-8.993763170744242252e-01
3.249999999999999851e-03	-4.635369551809210426e-02	-9.067005358244242252e-01
3.259999999999999877e-03	-4.547478926809210564e-02	-8.944935045744242252e-01
3.269999999999999903e-03	-4.596307051809210564e-02	-9.018177233244242252e-01
3.279999999999999930e-03	-4.503533614309210287e-02	-8.908313951994242252e-01
3.289999999999999956e-03	-4.552361739309210287e-02	-8.981556139494242252e-01
3.299999999999999982e-03	-4.464471114309210426e-02	-8.859485826994242252e-01
3.310000000000000008e-03	-4.513299239309210426e-02	-8.932728014494242252e-01
3.320000000000000034e-03	-4.425408614309210564e-02	-8.822864733244242252e-01
3.330000000000000061e-03	-4.474236739309210564e-02	-8.896106920744242252e-01
3.340000000000000087e-03	-4.386346114309210703e-02	-8.774036608244242252e-01
3.350000000000000113e-03	-4.435174239309210703e-02	-8.847278795744242252e-01
3.360000000000000139e-03	-4.352166426809210564e-02	-8.725208483244242252e-01
3.370000000000000166e-03	-4.396111739309210842e-02	-8.798450670744242252e-01
3.380000000000000192e-03	-4.313103926809210703e-02	-8.688587389494242252e-01
3.389999999999999784e-03	-4.357049239309210287e-02	-8.761829576994242252e-01
3.399999999999999811e-03	-4.274041426809210842e-02	-8.639759264494242252e-01
3.409999999999999837e-03	-4.322869551809210842e-02	-8.713001451994242252e-01
3.419999999999999863e-03	-4.239861739309210703e-02	-8.603138170744242252e-01
3.429999999999999889e-03	-4.283807051809210287e-02	-8.676380358244242252e-01
3.439999999999999915e-03	-4.205682051809210564e-02	-8.554310045744242252e-01
3.449999999999999942e-03	-4.249627364309210842e-02	-8.627552233244242252e-01
3.459999999999999968e-03	-4.176385176809210842e-02	-8.517688951994242252e-01
3.469999999999999994e-03	-4.215447676809210703e-02	-8.590931139494242252e-01
3.480000000000000020e-03	-4.142205489309210703e-02	-8.468860826994242252e-01
3.490000000000000047e-03	-4.186150801809210287e-02	-8.542103014494242252e-01
3.500000000000000073e-03	-4.108025801809210564e-02	-8.420032701994242252e-01
3.510000000000000099e-03	-4.151971114309210842e-02	-8.493274889494242252e-01
3.520000000000000125e-03	-4.078728926809210842e-02	-8.383411608244242252e-01
3.530000000000000152e-03	-4.117791426809210703e-02	-8.456653795744242252e-01
3.540000000000000178e-03	-4.044549239309210703e-02	-8.334583483244242252e-01
3.550000000000000204e-03	-4.088494551809210287e-02	-8.407825670744242252e-01
3.559999999999999797e-03	-4.015252364309210287e-02	-8.285755358244242252e-01
3.569999999999999823e-03	-4.059197676809210564e-02	-8.371204576994242252e-01
3.579999999999999849e-03	-3.985955489309210564e-02	-8.249134264494242252e-01
3.589999999999999875e-03	-4.025017989309210426e-02	-8.322376451994242252e-01
3.599999999999999901e-03	-3.951775801809210426e-02	-8.200306139494242252e-01
3.609999999999999928e-03	-3.995721114309210703e-02	-8.273548326994242252e-01
3.619999999999999954e-03	-3.922478926809210703e-02	-8.163685045744242252e-01
3.629999999999999980e-03	-3.966424239309210287e-02	-8.236927233244242252e-01
3.640000000000000006e-03	-3.893182051809210287e-02	-8.114856920744242252e-01
3.650000000000000033e-03	-3.932244551809210842e-02	-8.188099108244242252e-01
3.660000000000000059e-03	-3.859002364309210842e-02	-8.078235826994242252e-01
3.670000000000000085e-03	-3.902947676809210426e-02	-8.139270983244242252e-01
3.680000000000000111e-03	-3.829705489309210426e-02	-8.029407701994242252e-01
3.690000000000000138e-03	-3.868767989309210287e-02	-8.102649889494242252e-01
3.700000000000000164e-03	-3.795525801809210287e-02	-7.980579576994242252e-01
3.710000000000000190e-03	-3.839471114309210564e-02	-8.053821764494242252e-01
3.720000000000000216e-03	-3.761346114309210842e-02	-7.943958483244242252e-01
3.729999999999999809e-03	-3.805291426809210426e-02	-8.017200670744242252e-01
3.739999999999999835e-03	-3.732049239309210426e-02	-7.895130358244242252e-01
3.749999999999999861e-03	-3.771111739309210287e-02	-7.968372545744242252e-01
3.759999999999999887e-03	-3.697869551809210287e-02	-7.858509264494242252e-01
3.769999999999999914e-03	-3.741814864309210564e-02	-7.931751451994242252e-01
3.779999999999999940e-03	-3.663689864309210148e-02	-7.809681139494242252e-01
3.789999999999999966e-03	-3.707635176809210426e-02	-7.882923326994242252e-01
3.799999999999999992e-03	-3.629510176809210703e-02	-7.760853014494242252e-01
3.810000000000000019e-03	-3.673455489309210287e-02	-7.834095201994242252e-01
3.820000000000000045e-03	-3.595330489309210564e-02	-7.724231920744242252e-01
3.830000000000000071e-03	-3.639275801809210148e-02	-7.797474108244242252e-01
3.840000000000000097e-03	-3.561150801809210426e-02	-7.675403795744242252e-01
3.850000000000000124e-03	-3.605096114309210703e-02	-7.748645983244242252e-01
3.860000000000000150e-03	-3.526971114309210287e-02	-7.638782701994242252e-01
3.870000000000000176e-03	-3.570916426809210564e-02	-7.712024889494242252e-01
3.880000000000000202e-03	-3.487908614309210426e-02	-7.589954576994242252e-01
3.889999999999999795e-03	-3.536736739309210426e-02	-7.663196764494242252e-01
3.899999999999999821e-03	-3.453728926809210287e-02	-7.541126451994242252e-01
3.910000000000000281e-03	-3.497674239309210564e-02	-7.626575670744242252e-01
3.919999999999999873e-03	-3.419549239309210148e-02	-7.504505358244242252e-01
3.930000000000000333e-03	-3.463494551809210426e-02	-7.577747545744242252e-01
3.939999999999999926e-03	-3.380486739309210287e-02	-7.467884264494242252e-01
3.950000000000000386e-03	-3.429314864309210287e-02	-7.541126451994242252e-01
3.959999999999999978e-03	-3.346307051809210148e-02	-7.419056139494242252e-01
3.969999999999999571e-03	-3.390252364309210426e-02	-7.492298326994242252e-01
3.980000000000000031e-03	-3.307244551809210287e-02	-7.370228014494242252e-01
3.989999999999999623e-03	-3.351189864309210564e-02	-7.443470201994242252e-01
4.000000000000000083e-03	-3.268182051809210426e-02	-7.333606920744242252e-01
4.009999999999999676e-03	-3.312127364309210703e-02	-7.406849108244242252e-01
4.020000000000000136e-03	-3.229119551809210564e-02	-7.284778795744242252e-01
4.029999999999999728e-03	-3.277947676809210564e-02	-7.358020983244242252e-01
4.040000000000000188e-03	-3.190057051809210703e-02	-7.235950670744242252e-01
4.049999999999999781e-03	-3.238885176809210703e-02	-7.321399889494242252e-01
4.060000000000000241e-03	-3.150994551809210148e-02	-7.199329576994242252e-01
4.069999999999999833e-03	-3.194939864309210426e-02	-7.272571764494242252e-01
4.080000000000000293e-03	-3.111932051809210287e-02	-7.150501451994242252e-01
4.089999999999999886e-03	-3.155877364309210564e-02	-7.223743639494242252e-01
4.100000000000000346e-03	-3.067986739309210356e-02	-7.113880358244242252e-01
4.109999999999999938e-03	-3.116814864309210356e-02	-7.187122545744242252e-01
4.120000000000000398e-03	-3.028924239309210495e-02	-7.065052233244242252e-01
4.129999999999999991e-03	-3.077752364309210495e-02	-7.138294420744242252e-01
4.139999999999999583e-03	-2.989861739309210287e-02	-7.028431139494242252e-01
4.150000000000000043e-03	-3.038689864309210287e-02	-7.101673326994242252e-01
4.159999999999999636e-03	-2.950799239309210426e-02	-6.979603014494242252e-01
4.170000000000000095e-03	-2.994744551809210356e-02	-7.052845201994242252e-01
4.179999999999999688e-03	-2.911736739309210564e-02	-6.942981920744242252e-01
4.190000000000000148e-03	-2.955682051809210495e-02	-7.016224108244242252e-01
4.199999999999999740e-03	-2.872674239309210356e-02	-6.894153795744242252e-01
4.210000000000000200e-03	-2.916619551809210287e-02	-6.967395983244242252e-01
4.219999999999999793e-03	-2.833611739309210495e-02	-6.845325670744242252e-01
4.230000000000000253e-03	-2.877557051809210426e-02	-6.918567858244242252e-01
4.239999999999999845e-03	-2.799432051809210356e-02	-6.808704576994242252e-01
4.250000000000000305e-03	-2.843377364309210287e-02	-6.881946764494242252e-01
4.259999999999999898e-03	-2.760369551809210495e-02	-6.759876451994242252e-01
4.270000000000000358e-03	-2.804314864309210426e-02	-6.833118639494242252e-01
4.279999999999999950e-03	-2.726189864309210356e-02	-6.723255358244242252e-01
4.290000000000000410e-03	-2.770135176809210287e-02	-6.796497545744242252e-01
4.300000000000000003e-03	-2.692010176809210564e-02	-6.674427233244242252e-01
4.309999999999999595e-03	-2.735955489309210495e-02	-6.747669420744242252e-01
4.320000000000000055e-03	-2.657830489309210426e-02	-6.625599108244242252e-01
4.329999999999999648e-03	-2.701775801809210356e-02	-6.711048326994242252e-01
4.340000000000000108e-03	-2.623650801809210287e-02	-6.588978014494242252e-01
4.349999999999999700e-03	-2.667596114309210564e-02	-6.662220201994242252e-01
4.360000000000000160e-03	-2.589471114309210495e-02	-6.540149889494242252e-01
4.369999999999999753e-03	-2.633416426809210426e-02	-6.613392076994242252e-01
4.380000000000000213e-03	-2.555291426809210356e-02	-6.491321764494242252e-01
4.389999999999999805e-03	-2.599236739309210287e-02	-6.576770983244242252e-01
4.400000000000000265e-03	-2.525994551809210287e-02	-6.454700670744242252e-01
4.409999999999999858e-03	-2.565057051809210495e-02	-6.527942858244242252e-01
4.420000000000000318e-03	-2.491814864309210842e-02	-6.418079576994242252e-01
4.429999999999999910e-03	-2.535760176809210426e-02	-6.491321764494242252e-01
4.440000000000000370e-03	-2.462517989309210772e-02	-6.369251451994242252e-01
4.449999999999999963e-03	-2.501580489309210287e-02	-6.442493639494242252e-01
4.460000000000000422e-03	-2.428338301809210634e-02	-6.320423326994242252e-01
4.470000000000000015e-03	-2.472283614309210564e-02	-6.393665514494242252e-01
4.479999999999999608e-03	-2.394158614309210842e-02	-6.283802233244242252e-01
4.490000000000000067e-03	-2.438103926809210772e-02	-6.357044420744242252e-01
4.499999999999999660e-03	-2.364861739309210772e-02	-6.234974108244243363e-01
4.510000000000000120e-03	-2.408807051809210703e-02	-6.308216295744242252e-01
4.519999999999999712e-03	-2.335564864309210703e-02	-6.186145983244243363e-01
4.530000000000000172e-03	-2.374627364309210564e-02	-6.259388170744242252e-01
4.539999999999999765e-03	-2.301385176809210564e-02	-6.149524889494243363e-01
4.550000000000000225e-03	-2.345330489309210842e-02	-6.222767076994243363e-01
4.559999999999999817e-03	-2.272088301809210842e-02	-6.112903795744243363e-01
4.570000000000000277e-03	-2.311150801809210703e-02	-6.186145983244243363e-01
4.579999999999999870e-03	-2.242791426809210772e-02	-6.064075670744243363e-01
4.590000000000000330e-03	-2.281853926809210634e-02	-6.137317858244243363e-01
4.599999999999999922e-03	-2.213494551809210703e-02	-6.027454576994243363e-01
4.610000000000000382e-03	-2.252557051809210564e-02	-6.100696764494243363e-01
4.619999999999999975e-03	-2.184197676809210634e-02	-5.978626451994243363e-01
4.629999999999999567e-03	-2.223260176809210842e-02	-6.051868639494243363e-01
4.640000000000000027e-03	-2.154900801809210564e-02	-5.929798326994243363e-01
4.649999999999999620e-03	-2.193963301809210772e-02	-6.003040514494243363e-01
4.660000000000000080e-03	-2.125603926809210842e-02	-5.893177233244243363e-01
4.669999999999999672e-03	-2.164666426809210703e-02	-5.966419420744243363e-01
4.680000000000000132e-03	-2.096307051809210772e-02	-5.844349108244243363e-01
4.689999999999999725e-03	-2.140252364309210703e-02	-5.917591295744243363e-01
4.700000000000000185e-03	-2.071892989309210772e-02	-5.807728014494243363e-01
4.709999999999999777e-03	-2.110955489309210634e-02	-5.880970201994243363e-01
4.720000000000000237e-03	-2.047478926809210772e-02	-5.758899889494243363e-01
4.729999999999999830e-03	-2.086541426809210634e-02	-5.832142076994243363e-01
4.740000000000000289e-03	-2.023064864309210772e-02	-5.722278795744243363e-01
4.749999999999999882e-03	-2.057244551809210564e-02	-5.795520983244243363e-01
4.760000000000000342e-03	-1.998650801809210772e-02	-5.673450670744243363e-01
4.769999999999999934e-03	-2.032830489309210564e-02	-5.746692858244243363e-01
4.780000000000000394e-03	-1.974236739309210772e-02	-5.636829576994243363e-01
4.789999999999999987e-03	-2.008416426809210564e-02	-5.710071764494243363e-01
4.799999999999999580e-03	-1.949822676809210772e-02	-5.588001451994243363e-01
4.810000000000000039e-03	-1.984002364309210564e-02	-5.661243639494243363e-01
4.819999999999999632e-03	-1.925408614309210772e-02	-5.551380358244243363e-01
4.830000000000000092e-03	-1.964471114309210634e-02	-5.624622545744243363e-01
4.839999999999999684e-03	-1.900994551809210772e-02	-5.502552233244243363e-01
4.850000000000000144e-03	-1.940057051809210634e-02	-5.575794420744243363e-01
4.859999999999999737e-03	-1.876580489309210772e-02	-5.465931139494243363e-01
4.870000000000000197e-03	-1.915642989309210634e-02	-5.539173326994243363e-01
4.879999999999999789e-03	-1.852166426809210772e-02	-5.417103014494243363e-01
4.890000000000000249e-03	-1.891228926809210634e-02	-5.490345201994243363e-01
4.899999999999999842e-03	-1.827752364309210772e-02	-5.368274889494243363e-01
4.910000000000000302e-03	-1.866814864309210634e-02	-5.453724108244243363e-01
4.919999999999999894e-03	-1.803338301809210772e-02	-5.331653795744243363e-01
4.930000000000000354e-03	-1.842400801809210634e-02	-5.404895983244243363e-01
4.939999999999999947e-03	-1.778924239309210772e-02	-5.282825670744243363e-01
4.950000000000000407e-03	-1.817986739309210634e-02	-5.356067858244243363e-01
4.959999999999999999e-03	-1.754510176809210772e-02	-5.246204576994243363e-01
4.969999999999999592e-03	-1.793572676809210634e-02	-5.319446764494243363e-01
4.980000000000000052e-03	-1.730096114309210772e-02	-5.197376451994243363e-01
4.989999999999999644e-03	-1.769158614309210634e-02	-5.270618639494243363e-01
5.000000000000000104e-03	-1.705682051809210772e-02	-5.160755358244243363e-01
5.009999999999999697e-03	-1.744744551809210634e-02	-5.233997545744243363e-01
5.020000000000000157e-03	-1.681267989309210772e-02	-5.111927233244243363e-01
5.029999999999999749e-03	-1.720330489309210634e-02	-5.185169420744243363e-01
5.040000000000000209e-03	-1.651971114309210703e-02	-5.075306139494243363e-01
5.049999999999999802e-03	-1.695916426809210634e-02	-5.148548326994243363e-01
5.060000000000000261e-03	-1.627557051809210703e-02	-5.026478014494243363e-01
5.069999999999999854e-03	-1.666619551809210564e-02	-5.099720201994243363e-01
5.080000000000000314e-03	-1.603142989309210703e-02	-4.989856920744243363e-01
5.089999999999999906e-03	-1.642205489309210564e-02	-5.063099108244243363e-01
5.100000000000000366e-03	-1.573846114309210634e-02	-4.941028795744243363e-01
5.109999999999999959e-03	-1.612908614309210495e-02	-5.014270983244243363e-01
5.120000000000000419e-03	-1.549432051809210634e-02	-4.904407701994243363e-01
5.130000000000000011e-03	-1.588494551809210495e-02	-4.977649889494243363e-01
5.139999999999999604e-03	-1.520135176809210564e-02	-4.855579576994243363e-01
5.150000000000000064e-03	-1.559197676809210599e-02	-4.928821764494243363e-01
5.159999999999999656e-03	-1.495721114309210564e-02	-4.818958483244243363e-01
5.170000000000000116e-03	-1.534783614309210599e-02	-4.892200670744243363e-01
5.179999999999999709e-03	-1.466424239309210668e-02	-4.770130358244243363e-01
5.190000000000000169e-03	-1.505486739309210703e-02	-4.843372545744243363e-01
5.199999999999999761e-03	-1.442010176809210668e-02	-4.733509264494243363e-01
5.210000000000000221e-03	-1.481072676809210703e-02	-4.806751451994243363e-01
5.219999999999999814e-03	-1.412713301809210599e-02	-4.684681139494243363e-01
5.230000000000000274e-03	-1.451775801809210634e-02	-4.757923326994243363e-01
5.239999999999999866e-03	-1.388299239309210599e-02	-4.635853014494243363e-01
5.250000000000000326e-03	-1.427361739309210634e-02	-4.721302233244243363e-01
5.259999999999999919e-03	-1.359002364309210703e-02	-4.599231920744243363e-01
5.270000000000000379e-03	-1.398064864309210564e-02	-4.672474108244243363e-01
5.279999999999999971e-03	-1.329705489309210634e-02	-4.562610826994243363e-01
5.290000000000000431e-03	-1.373650801809210564e-02	-4.635853014494243363e-01
5.300000000000000024e-03	-1.305291426809210634e-02	-4.513782701994243363e-01
5.309999999999999616e-03	-1.344353926809210668e-02	-4.587024889494243363e-01
5.320000000000000076e-03	-1.275994551809210564e-02	-4.464954576994243363e-01
5.329999999999999669e-03	-1.319939864309210668e-02	-4.550403795744243363e-01
5.340000000000000129e-03	-1.251580489309210564e-02	-4.428333483244243363e-01
5.349999999999999721e-03	-1.290642989309210599e-02	-4.501575670744243363e-01
5.360000000000000181e-03	-1.222283614309210668e-02	-4.391712389494243363e-01
5.369999999999999774e-03	-1.266228926809210599e-02	-4.452747545744243363e-01
5.380000000000000233e-03	-1.197869551809210668e-02	-4.342884264494243363e-01
5.389999999999999826e-03	-1.236932051809210703e-02	-4.416126451994243363e-01
5.400000000000000286e-03	-1.168572676809210599e-02	-4.306263170744243363e-01
5.409999999999999878e-03	-1.207635176809210634e-02	-4.367298326994243363e-01
5.420000000000000338e-03	-1.144158614309210599e-02	-4.257435045744243363e-01
5.429999999999999931e-03	-1.183221114309210634e-02	-4.330677233244243363e-01
5.440000000000000391e-03	-1.114861739309210703e-02	-4.220813951994243363e-01
5.449999999999999983e-03	-1.153924239309210564e-02	-4.294056139494243363e-01
5.459999999999999576e-03	-1.090447676809210703e-02	-4.171985826994243363e-01
5.470000000000000036e-03	-1.124627364309210668e-02	-4.245228014494243363e-01
5.479999999999999628e-03	-1.061150801809210634e-02	-4.135364733244243363e-01
5.490000000000000088e-03	-1.100213301809210668e-02	-4.208606920744243363e-01
5.499999999999999681e-03	-1.031853926809210564e-02	-4.086536608244243363e-01
5.510000000000000141e-03	-1.070916426809210599e-02	-4.159778795744243363e-01
5.519999999999999733e-03	-1.002557051809210668e-02	-4.049915514494243363e-01
5.530000000000000193e-03	-1.041619551809210703e-02	-4.123157701994243363e-01
5.539999999999999786e-03	-9.781429893092106684e-03	-4.001087389494243363e-01
5.550000000000000246e-03	-1.017205489309210703e-02	-4.074329576994243363e-01
5.559999999999999838e-03	-9.488461143092105990e-03	-3.964466295744243363e-01
5.570000000000000298e-03	-9.879086143092106337e-03	-4.037708483244243363e-01
5.579999999999999891e-03	-9.195492393092105296e-03	-3.915638170744243363e-01
5.590000000000000351e-03	-9.586117393092105643e-03	-3.988880358244243363e-01
5.599999999999999943e-03	-8.902523643092106337e-03	-3.879017076994243363e-01
5.610000000000000403e-03	-9.341976768092105643e-03	-3.952259264494243363e-01
5.619999999999999996e-03	-8.658383018092106337e-03	-3.830188951994243363e-01
5.629999999999999588e-03	-9.049008018092106684e-03	-3.903431139494243363e-01
5.640000000000000048e-03	-8.365414268092105643e-03	-3.793567858244243363e-01
5.649999999999999641e-03	-8.756039268092105990e-03	-3.866810045744243363e-01
5.660000000000000100e-03	-8.121273643092105643e-03	-3.744739733244243363e-01
5.669999999999999693e-03	-8.511898643092105990e-03	-3.817981920744243363e-01
5.680000000000000153e-03	-7.828304893092106684e-03	-3.708118639494243363e-01
5.689999999999999745e-03	-8.218929893092105296e-03	-3.781360826994243363e-01
5.700000000000000205e-03	-7.584164268092105816e-03	-3.659290514494243363e-01
5.709999999999999798e-03	-7.974789268092105296e-03	-3.732532701994243363e-01
5.720000000000000258e-03	-7.340023643092105816e-03	-3.622669420744243363e-01
5.729999999999999850e-03	-7.730648643092106163e-03	-3.695911608244243363e-01
5.740000000000000310e-03	-7.047054893092105990e-03	-3.573841295744243363e-01
5.749999999999999903e-03	-7.437679893092106337e-03	-3.647083483244243363e-01
5.760000000000000363e-03	-6.802914268092105990e-03	-3.537220201994243363e-01
5.769999999999999955e-03	-7.193539268092106337e-03	-3.610462389494243363e-01
5.780000000000000415e-03	-6.558773643092105990e-03	-3.488392076994243363e-01
5.790000000000000008e-03	-6.949398643092106337e-03	-3.561634264494243363e-01
5.799999999999999600e-03	-6.314633018092105990e-03	-3.451770983244243363e-01
5.810000000000000060e-03	-6.705258018092106337e-03	-3.525013170744243363e-01
5.819999999999999653e-03	-6.021664268092106163e-03	-3.402942858244243363e-01
5.830000000000000113e-03	-6.461117393092106337e-03	-3.476185045744243363e-01
5.839999999999999705e-03	-5.826351768092105990e-03	-3.366321764494243363e-01
5.850000000000000165e-03	-6.216976768092106337e-03	-3.439563951994243363e-01
5.859999999999999758e-03	-5.582211143092105990e-03	-3.317493639494243363e-01
5.870000000000000218e-03	-5.972836143092106337e-03	-3.390735826994243363e-01
5.879999999999999810e-03	-5.338070518092105990e-03	-3.280872545744243363e-01
5.890000000000000270e-03	-5.728695518092106337e-03	-3.354114733244243363e-01
5.899999999999999863e-03	-5.093929893092105990e-03	-3.232044420744243363e-01
5.910000000000000323e-03	-5.484554893092106337e-03	-3.305286608244243363e-01
5.919999999999999915e-03	-4.898617393092105816e-03	-3.195423326994243363e-01
5.930000000000000375e-03	-5.289242393092106163e-03	-3.268665514494243363e-01
5.939999999999999968e-03	-4.654476768092105816e-03	-3.158802233244243363e-01
5.950000000000000427e-03	-5.045101768092106163e-03	-3.219837389494243363e-01
5.960000000000000020e-03	-4.459164268092105643e-03	-3.109974108244243363e-01
5.969999999999999613e-03	-4.800961143092106163e-03	-3.183216295744243363e-01
5.980000000000000072e-03	-4.215023643092105643e-03	-3.061145983244243363e-01
5.989999999999999665e-03	-4.605648643092105990e-03	-3.134388170744243363e-01
6.000000000000000125e-03	-4.019711143092105469e-03	-3.024524889494243363e-01
6.009999999999999717e-03	-4.361508018092105990e-03	-3.097767076994243363e-01
6.020000000000000177e-03	-3.824398643092105730e-03	-2.987903795744243363e-01
6.029999999999999770e-03	-4.215023643092105643e-03	-3.061145983244243363e-01
6.040000000000000230e-03	-3.629086143092105990e-03	-2.939075670744243363e-01
6.049999999999999822e-03	-3.970883018092105643e-03	-3.012317858244243363e-01
6.060000000000000282e-03	-3.433773643092105816e-03	-2.890247545744243363e-01
6.069999999999999875e-03	-3.775570518092105903e-03	-2.975696764494243363e-01
6.080000000000000335e-03	-3.238461143092105643e-03	-2.853626451994243363e-01
6.089999999999999927e-03	-3.580258018092105730e-03	-2.926868639494243363e-01
6.100000000000000387e-03	-3.043148643092105469e-03	-2.817005358244243363e-01
6.109999999999999980e-03	-3.384945518092105990e-03	-2.890247545744243363e-01
6.119999999999999572e-03	-2.896664268092105556e-03	-2.768177233244243363e-01
6.130000000000000032e-03	-3.238461143092105643e-03	-2.841419420744243363e-01
6.139999999999999625e-03	-2.701351768092105383e-03	-2.731556139494243363e-01
6.150000000000000085e-03	-3.043148643092105469e-03	-2.804798326994243363e-01
6.159999999999999677e-03	-2.554867393092105469e-03	-2.682728014494243363e-01
6.170000000000000137e-03	-2.896664268092105556e-03	-2.755970201994243363e-01
6.179999999999999730e-03	-2.359554893092105296e-03	-2.633899889494243363e-01
6.190000000000000190e-03	-2.701351768092105383e-03	-2.719349108244243363e-01
6.199999999999999782e-03	-2.164242393092105556e-03	-2.597278795744243363e-01
6.210000000000000242e-03	-2.506039268092105643e-03	-2.670520983244243363e-01
6.219999999999999835e-03	-2.017758018092105209e-03	-2.560657701994243363e-01
6.230000000000000294e-03	-2.359554893092105296e-03	-2.633899889494243363e-01
6.239999999999999887e-03	-1.822445518092105469e-03	-2.511829576994243363e-01
6.250000000000000347e-03	-2.164242393092105556e-03	-2.585071764494243363e-01
6.259999999999999939e-03	-1.627133018092105296e-03	-2.475208483244243363e-01
6.270000000000000399e-03	-2.017758018092105209e-03	-2.548450670744243363e-01
6.279999999999999992e-03	-1.480648643092105383e-03	-2.438587389494243363e-01
6.289999999999999584e-03	-1.822445518092105469e-03	-2.499622545744243363e-01
6.300000000000000044e-03	-1.285336143092105426e-03	-2.389759264494243363e-01
6.309999999999999637e-03	-1.627133018092105296e-03	-2.463001451994243363e-01
6.320000000000000097e-03	-1.090023643092105253e-03	-2.340931139494243363e-01
6.329999999999999689e-03	-1.431820518092105339e-03	-2.426380358244243363e-01
6.340000000000000149e-03	-8.947111430921052960e-04	-2.304310045744243363e-01
6.349999999999999742e-03	-1.285336143092105426e-03	-2.377552233244243363e-01
6.360000000000000202e-03	-6.993986430921053394e-04	-2.267688951994243363e-01
6.369999999999999794e-03	-1.090023643092105253e-03	-2.340931139494243363e-01
6.380000000000000254e-03	-5.040861430921052743e-04	-2.218860826994243363e-01
6.389999999999999847e-03	-8.947111430921052960e-04	-2.292103014494243363e-01
6.400000000000000307e-03	-3.087736430921053177e-04	-2.182239733244243363e-01
6.409999999999999899e-03	-6.993986430921053394e-04	-2.255481920744243363e-01
6.420000000000000359e-03	-1.622892680921052960e-04	-2.133411608244243363e-01
6.429999999999999952e-03	-5.040861430921052743e-04	-2.206653795744243363e-01
6.440000000000000412e-03	3.302323190789470804e-05	-2.096790514494243363e-01
6.450000000000000004e-03	-3.087736430921053177e-04	-2.170032701994243363e-01
6.459999999999999597e-03	1.795076069078947094e-04	-2.060169420744243363e-01
6.470000000000000057e-03	-1.622892680921052960e-04	-2.121204576994243363e-01
6.479999999999999649e-03	3.748201069078947473e-04	-2.011341295744243363e-01
6.490000000000000109e-03	3.302323190789470804e-05	-2.084583483244243363e-01
6.499999999999999702e-03	5.213044819078947690e-04	-1.974720201994243363e-01
6.510000000000000162e-03	1.795076069078947094e-04	-2.035755358244243363e-01
6.519999999999999754e-03	6.189607319078947473e-04	-1.925892076994243363e-01
6.530000000000000214e-03	3.259919819078947040e-04	-1.999134264494243363e-01
6.539999999999999807e-03	7.654451069078947690e-04	-1.889270983244243363e-01
6.550000000000000266e-03	4.724763569078947257e-04	-1.950306139494243363e-01
6.559999999999999859e-03	9.119294819078947907e-04	-1.840442858244243363e-01
6.570000000000000319e-03	5.701326069078947040e-04	-1.913685045744243363e-01
6.579999999999999911e-03	1.058413856907894704e-03	-1.803821764494243363e-01
6.590000000000000371e-03	7.166169819078947257e-04	-1.877063951994243363e-01
6.599999999999999964e-03	1.156070106907894791e-03	-1.754993639494243363e-01
6.610000000000000424e-03	8.631013569078947473e-04	-1.828235826994243363e-01
6.620000000000000016e-03	1.302554481907894704e-03	-1.718372545744243363e-01
6.629999999999999609e-03	9.607576069078947257e-04	-1.791614733244243363e-01
6.640000000000000069e-03	1.449038856907894834e-03	-1.669544420744243363e-01
6.649999999999999661e-03	1.107241981907894747e-03	-1.742786608244243363e-01
6.660000000000000121e-03	1.595523231907894747e-03	-1.632923326994243363e-01
6.669999999999999714e-03	1.253726356907894877e-03	-1.706165514494243363e-01
6.680000000000000174e-03	1.742007606907894877e-03	-1.596302233244243363e-01
6.689999999999999766e-03	1.400210731907894791e-03	-1.669544420744243363e-01
6.700000000000000226e-03	1.839663856907894747e-03	-1.547474108244243363e-01
6.709999999999999819e-03	1.497866981907894877e-03	-1.620716295744243363e-01
6.720000000000000279e-03	1.986148231907894877e-03	-1.510853014494243363e-01
6.729999999999999871e-03	1.644351356907894791e-03	-1.584095201994243363e-01
6.740000000000000331e-03	2.132632606907894791e-03	-1.474231920744243363e-01
6.749999999999999924e-03	1.790835731907894704e-03	-1.535267076994243363e-01
6.760000000000000384e-03	2.279116981907894704e-03	-1.425403795744243363e-01
6.769999999999999976e-03	1.888491981907894791e-03	-1.498645983244243363e-01
6.779999999999999569e-03	2.425601356907895051e-03	-1.388782701994243363e-01
6.790000000000000029e-03	2.083804481907894964e-03	-1.462024889494243363e-01
6.799999999999999621e-03	2.523257606907894704e-03	-1.339954576994243363e-01
6.810000000000000081e-03	2.181460731907894617e-03	-1.413196764494243363e-01
6.819999999999999674e-03	2.669741981907895051e-03	-1.303333483244243363e-01
6.830000000000000134e-03	2.327945106907894964e-03	-1.376575670744243363e-01
6.839999999999999726e-03	2.816226356907894964e-03	-1.254505358244243363e-01
6.850000000000000186e-03	2.474429481907894877e-03	-1.327747545744243363e-01
6.859999999999999779e-03	2.962710731907894877e-03	-1.217884264494243501e-01
6.870000000000000238e-03	2.620913856907894791e-03	-1.291126451994243363e-01
6.879999999999999831e-03	3.060366981907894964e-03	-1.169056139494243501e-01
6.890000000000000291e-03	2.718570106907894877e-03	-1.242298326994243501e-01
6.899999999999999883e-03	3.158023231907894617e-03	-1.132435045744243501e-01
6.910000000000000343e-03	2.865054481907894791e-03	-1.205677233244243501e-01
6.919999999999999936e-03	3.304507606907894531e-03	-1.095813951994243501e-01
6.930000000000000396e-03	2.962710731907894877e-03	-1.156849108244243501e-01
6.939999999999999988e-03	3.353335731907894357e-03	-1.046985826994243501e-01
6.949999999999999581e-03	3.060366981907894964e-03	-1.120228014494243501e-01
6.960000000000000041e-03	3.450991981907894444e-03	-1.010364733244243501e-01
6.969999999999999633e-03	3.109195106907894791e-03	-1.083606920744243501e-01
6.980000000000000093e-03	3.499820106907894704e-03	-9.615366082442435014e-02
6.989999999999999686e-03	3.206851356907894444e-03	-1.034778795744243501e-01
7.000000000000000146e-03	3.597476356907894357e-03	-9.249155144942435014e-02
7.009999999999999738e-03	3.255679481907894704e-03	-9.981577019942435014e-02
7.020000000000000198e-03	3.597476356907894357e-03	-8.882944207442435014e-02
7.029999999999999791e-03	3.304507606907894531e-03	-9.493295769942435014e-02
7.040000000000000251e-03	3.646304481907894617e-03	-8.394662957442435014e-02
7.049999999999999843e-03	3.304507606907894531e-03	-9.127084832442435014e-02
7.060000000000000303e-03	3.695132606907894444e-03	-8.028452019942435014e-02
7.069999999999999896e-03	3.353335731907894357e-03	-8.760873894942435014e-02
7.080000000000000356e-03	3.695132606907894444e-03	-7.540170769942435014e-02
7.089999999999999948e-03	3.353335731907894357e-03	-8.272592644942435014e-02
7.100000000000000408e-03	3.743960731907894704e-03	-7.173959832442435014e-02
7.110000000000000001e-03	3.402163856907894617e-03	-7.906381707442435014e-02
7.119999999999999593e-03	3.743960731907894704e-03	-6.807748894942435014e-02
7.130000000000000053e-03	3.402163856907894617e-03	-7.540170769942435014e-02
7.139999999999999646e-03	3.792788856907894531e-03	-6.319467644942435014e-02
7.150000000000000105e-03	3.450991981907894444e-03	-7.051889519942435014e-02
7.159999999999999698e-03	3.792788856907894531e-03	-5.953256707442435014e-02
7.170000000000000158e-03	3.450991981907894444e-03	-6.685678582442435014e-02
7.179999999999999750e-03	3.841616981907894357e-03	-5.464975457442435014e-02
7.190000000000000210e-03	3.499820106907894704e-03	-6.197397332442435014e-02
7.199999999999999803e-03	3.841616981907894357e-03	-5.098764519942435014e-02
7.210000000000000263e-03	3.548648231907894531e-03	-5.831186394942435014e-02
7.219999999999999855e-03	3.890445106907894617e-03	-4.610483269942435014e-02
7.230000000000000315e-03	3.548648231907894531e-03	-5.342905144942435014e-02
7.239999999999999908e-03	3.939273231907894877e-03	-4.244272332442435014e-02
7.250000000000000368e-03	3.597476356907894357e-03	-4.976694207442435014e-02
7.259999999999999960e-03	3.988101356907894704e-03	-3.755991082442435014e-02
7.270000000000000420e-03	3.646304481907894617e-03	-4.610483269942435014e-02
7.280000000000000013e-03	3.988101356907894704e-03	-3.389780144942435014e-02
7.289999999999999605e-03	3.646304481907894617e-03	-4.122202019942435014e-02
7.300000000000000065e-03	4.036929481907894531e-03	-3.023569207442435014e-02
7.309999999999999658e-03	3.695132606907894444e-03	-3.755991082442435014e-02
7.320000000000000118e-03	4.036929481907894531e-03	-2.535287957442435014e-02
7.329999999999999710e-03	3.695132606907894444e-03	-3.267709832442435014e-02
7.340000000000000170e-03	4.036929481907894531e-03	-2.169077019942435014e-02
7.349999999999999763e-03	3.743960731907894704e-03	-2.901498894942435014e-02
7.360000000000000223e-03	4.085757606907894357e-03	-1.680795769942435014e-02
7.369999999999999815e-03	3.743960731907894704e-03	-2.413217644942435014e-02
7.380000000000000275e-03	4.085757606907894357e-03	-1.314584832442435014e-02
7.389999999999999868e-03	3.792788856907894531e-03	-2.047006707442435014e-02
7.400000000000000328e-03	4.134585731907894184e-03	-9.483738949424350140e-03
7.409999999999999920e-03	3.792788856907894531e-03	-1.680795769942435014e-02
7.420000000000000380e-03	4.085757606907894357e-03	-4.600926449424350140e-03
7.429999999999999973e-03	3.792788856907894531e-03	-1.192514519942435014e-02
7.440000000000000432e-03	4.134585731907894184e-03	-9.388170744243501398e-04
7.450000000000000025e-03	3.792788856907894531e-03	-8.263035824424350140e-03
7.459999999999999618e-03	4.085757606907894357e-03	3.943995425575649860e-03
7.470000000000000077e-03	3.792788856907894531e-03	-3.380223324424350140e-03
7.479999999999999670e-03	4.085757606907894357e-03	7.606104800575649860e-03
7.490000000000000130e-03	3.792788856907894531e-03	2.818860505756498602e-04
7.499999999999999722e-03	4.085757606907894357e-03	1.126821417557564986e-02
7.510000000000000182e-03	3.792788856907894531e-03	3.943995425575649860e-03
7.519999999999999775e-03	4.085757606907894357e-03	1.615102667557564986e-02
7.530000000000000235e-03	3.743960731907894704e-03	8.826807925575649860e-03
7.539999999999999827e-03	4.036929481907894531e-03	1.981313605057564986e-02
7.550000000000000287e-03	3.743960731907894704e-03	1.248891730057564986e-02
7.559999999999999880e-03	4.036929481907894531e-03	2.347524542557564986e-02
7.570000000000000340e-03	3.743960731907894704e-03	1.737172980057564986e-02
7.579999999999999932e-03	4.036929481907894531e-03	2.835805792557564986e-02
7.590000000000000392e-03	3.695132606907894444e-03	2.103383917557564986e-02
7.599999999999999985e-03	4.036929481907894531e-03	3.202016730057564986e-02
7.609999999999999577e-03	3.695132606907894444e-03	2.469594855057564986e-02
7.620000000000000037e-03	4.036929481907894531e-03	3.690297980057564986e-02
7.629999999999999630e-03	3.695132606907894444e-03	2.957876105057564986e-02
7.640000000000000090e-03	4.036929481907894531e-03	4.056508917557564986e-02
7.649999999999999682e-03	3.695132606907894444e-03	3.324087042557564986e-02
7.660000000000000142e-03	4.085757606907894357e-03	4.422719855057564986e-02
7.669999999999999735e-03	3.743960731907894704e-03	3.690297980057564986e-02
7.680000000000000195e-03	4.085757606907894357e-03	4.788930792557564986e-02
7.689999999999999787e-03	3.743960731907894704e-03	4.178579230057564986e-02
7.700000000000000247e-03	4.134585731907894184e-03	5.277212042557564986e-02
7.709999999999999840e-03	3.792788856907894531e-03	4.544790167557564986e-02
7.720000000000000299e-03	4.134585731907894184e-03	5.643422980057564986e-02
7.729999999999999892e-03	3.841616981907894357e-03	4.911001105057564986e-02
7.740000000000000352e-03	4.183413856907894877e-03	6.009633917557564986e-02
7.749999999999999944e-03	3.841616981907894357e-03	5.399282355057564986e-02
7.760000000000000404e-03	4.232241981907894704e-03	6.497915167557564986e-02
7.769999999999999997e-03	3.890445106907894617e-03	5.765493292557564986e-02
7.779999999999999589e-03	4.281070106907894531e-03	6.864126105057564986e-02
7.790000000000000049e-03	3.939273231907894877e-03	6.131704230057564986e-02
7.799999999999999642e-03	4.281070106907894531e-03	7.352407355057564986e-02
7.810000000000000102e-03	3.988101356907894704e-03	6.619985480057564986e-02
7.820000000000000562e-03	4.329898231907894357e-03	7.718618292557564986e-02
7.830000000000000154e-03	3.988101356907894704e-03	6.986196417557564986e-02
7.839999999999999747e-03	4.378726356907894184e-03	8.084829230057564986e-02
7.849999999999999339e-03	4.036929481907894531e-03	7.352407355057564986e-02
7.860000000000000667e-03	4.427554481907894877e-03	8.573110480057564986e-02
7.870000000000000259e-03	4.085757606907894357e-03	7.840688605057564986e-02
7.879999999999999852e-03	4.427554481907894877e-03	8.939321417557564986e-02
7.889999999999999444e-03	4.134585731907894184e-03	8.206899542557564986e-02
7.900000000000000772e-03	4.476382606907894704e-03	9.305532355057564986e-02
7.910000000000000364e-03	4.134585731907894184e-03	8.695180792557564986e-02
7.919999999999999957e-03	4.476382606907894704e-03	9.793813605057564986e-02
7.929999999999999549e-03	4.134585731907894184e-03	9.061391730057564986e-02
7.939999999999999142e-03	4.476382606907894704e-03	1.016002454255756499e-01
7.950000000000000469e-03	4.183413856907894877e-03	9.427602667557564986e-02
7.960000000000000062e-03	4.476382606907894704e-03	1.052623548005756499e-01
7.969999999999999654e-03	4.183413856907894877e-03	9.793813605057564986e-02
7.979999999999999247e-03	4.525210731907894531e-03	1.101451673005756499e-01
7.990000000000000574e-03	4.183413856907894877e-03	1.028209485505756499e-01
8.000000000000000167e-03	4.476382606907894704e-03	1.138072766755756499e-01
8.009999999999999759e-03	4.183413856907894877e-03	1.064830579255756499e-01
8.019999999999999352e-03	4.476382606907894704e-03	1.174693860505756499e-01
8.030000000000000679e-03	4.183413856907894877e-03	1.101451673005756499e-01
8.040000000000000271e-03	4.525210731907894531e-03	1.223521985505756499e-01
8.049999999999999864e-03	4.183413856907894877e-03	1.150279798005756499e-01
8.059999999999999457e-03	4.476382606907894704e-03	1.260143079255756637e-01
8.070000000000000784e-03	4.183413856907894877e-03	1.186900891755756499e-01
8.080000000000000376e-03	4.476382606907894704e-03	1.296764173005756637e-01
8.089999999999999969e-03	4.134585731907894184e-03	1.223521985505756499e-01
8.099999999999999561e-03	4.476382606907894704e-03	1.345592298005756637e-01
8.109999999999999154e-03	4.134585731907894184e-03	1.272350110505756637e-01
8.120000000000000481e-03	4.476382606907894704e-03	1.382213391755756637e-01
8.130000000000000074e-03	4.134585731907894184e-03	1.308971204255756637e-01
8.139999999999999666e-03	4.427554481907894877e-03	1.418834485505756637e-01
8.149999999999999259e-03	4.134585731907894184e-03	1.357799329255756637e-01
8.160000000000000586e-03	4.427554481907894877e-03	1.467662610505756637e-01
8.170000000000000179e-03	4.134585731907894184e-03	1.394420423005756637e-01
8.179999999999999771e-03	4.427554481907894877e-03	1.504283704255756637e-01
8.189999999999999364e-03	4.085757606907894357e-03	1.431041516755756637e-01
8.200000000000000691e-03	4.427554481907894877e-03	1.553111829255756637e-01
8.210000000000000284e-03	4.085757606907894357e-03	1.467662610505756637e-01
8.219999999999999876e-03	4.427554481907894877e-03	1.589732923005756637e-01
8.229999999999999469e-03	4.085757606907894357e-03	1.516490735505756637e-01
8.240000000000000796e-03	4.427554481907894877e-03	1.626354016755756637e-01
8.250000000000000389e-03	4.085757606907894357e-03	1.553111829255756637e-01
8.259999999999999981e-03	4.427554481907894877e-03	1.675182141755756637e-01
8.269999999999999574e-03	4.134585731907894184e-03	1.601939954255756637e-01
8.279999999999999166e-03	4.427554481907894877e-03	1.711803235505756637e-01
8.290000000000000493e-03	4.134585731907894184e-03	1.638561048005756637e-01
8.300000000000000086e-03	4.476382606907894704e-03	1.748424329255756637e-01
8.309999999999999679e-03	4.134585731907894184e-03	1.675182141755756637e-01
8.319999999999999271e-03	4.476382606907894704e-03	1.797252454255756637e-01
8.330000000000000598e-03	4.183413856907894877e-03	1.724010266755756637e-01
8.340000000000000191e-03	4.476382606907894704e-03	1.833873548005756637e-01
8.349999999999999784e-03	4.183413856907894877e-03	1.760631360505756637e-01
8.359999999999999376e-03	4.525210731907894531e-03	1.870494641755756637e-01
8.370000000000000703e-03	4.183413856907894877e-03	1.797252454255756637e-01
8.380000000000000296e-03	4.525210731907894531e-03	1.907115735505756637e-01
8.389999999999999888e-03	4.232241981907894704e-03	1.846080579255756637e-01
8.399999999999999481e-03	4.574038856907894357e-03	1.955943860505756637e-01
8.410000000000000808e-03	4.232241981907894704e-03	1.882701673005756637e-01
8.420000000000000401e-03	4.574038856907894357e-03	1.992564954255756637e-01
8.429999999999999993e-03	4.281070106907894531e-03	1.919322766755756637e-01
8.439999999999999586e-03	4.622866981907894184e-03	2.029186048005756637e-01
8.449999999999999178e-03	4.281070106907894531e-03	1.968150891755756637e-01
8.460000000000000506e-03	4.622866981907894184e-03	2.078014173005756637e-01
8.470000000000000098e-03	4.329898231907894357e-03	2.004771985505756637e-01
8.479999999999999691e-03	4.671695106907894877e-03	2.114635266755756637e-01
8.489999999999999283e-03	4.329898231907894357e-03	2.041393079255756637e-01
8.500000000000000611e-03	4.720523231907894704e-03	2.163463391755756637e-01
8.510000000000000203e-03	4.378726356907894184e-03	2.090221204255756637e-01
8.519999999999999796e-03	4.720523231907894704e-03	2.200084485505756637e-01
8.529999999999999388e-03	4.427554481907894877e-03	2.126842298005756637e-01
8.540000000000000716e-03	4.769351356907894531e-03	2.236705579255756637e-01
8.550000000000000308e-03	4.476382606907894704e-03	2.163463391755756637e-01
8.559999999999999901e-03	4.818179481907894357e-03	2.285533704255756637e-01
8.569999999999999493e-03	4.476382606907894704e-03	2.200084485505756637e-01
8.580000000000000820e-03	4.867007606907895051e-03	2.322154798005756637e-01
8.590000000000000413e-03	4.574038856907894357e-03	2.248912610505756637e-01
8.600000000000000006e-03	4.915835731907894877e-03	2.358775891755756637e-01
8.609999999999999598e-03	4.622866981907894184e-03	2.285533704255756637e-01
8.619999999999999191e-03	4.964663856907894704e-03	2.395396985505756637e-01
8.630000000000000518e-03	4.671695106907894877e-03	2.334361829255756637e-01
8.640000000000000110e-03	5.062320106907894357e-03	2.444225110505756637e-01
8.649999999999999703e-03	4.720523231907894704e-03	2.370982923005756637e-01
8.659999999999999296e-03	5.111148231907895051e-03	2.480846204255756637e-01
8.670000000000000623e-03	4.769351356907894531e-03	2.407604016755756637e-01
8.680000000000000215e-03	5.159976356907894877e-03	2.517467298005756637e-01
8.689999999999999808e-03	4.818179481907894357e-03	2.456432141755756637e-01
8.699999999999999400e-03	5.208804481907894704e-03	2.566295423005756637e-01
8.710000000000000728e-03	4.867007606907895051e-03	2.493053235505756637e-01
8.720000000000000320e-03	5.257632606907894531e-03	2.602916516755756637e-01
8.729999999999999913e-03	4.964663856907894704e-03	2.529674329255756637e-01
8.739999999999999505e-03	5.306460731907894357e-03	2.639537610505756637e-01
8.750000000000000833e-03	4.964663856907894704e-03	2.578502454255756637e-01
8.760000000000000425e-03	5.355288856907895051e-03	2.688365735505756637e-01
8.770000000000000018e-03	5.062320106907894357e-03	2.615123548005756637e-01
8.779999999999999610e-03	5.404116981907894877e-03	2.712779798005756637e-01
8.789999999999999203e-03	5.062320106907894357e-03	2.651744641755756637e-01
8.800000000000000530e-03	5.452945106907894704e-03	2.749400891755756637e-01
8.810000000000000123e-03	5.159976356907894877e-03	2.688365735505756637e-01
8.819999999999999715e-03	5.550601356907894357e-03	2.798229016755756637e-01
8.829999999999999308e-03	5.208804481907894704e-03	2.724986829255756637e-01
8.840000000000000635e-03	5.599429481907895051e-03	2.834850110505756637e-01
8.850000000000000228e-03	5.257632606907894531e-03	2.761607923005756637e-01
8.859999999999999820e-03	5.648257606907894877e-03	2.871471204255756637e-01
8.869999999999999413e-03	5.355288856907895051e-03	2.798229016755756637e-01
8.880000000000000740e-03	5.745913856907894531e-03	2.908092298005756637e-01
8.890000000000000333e-03	5.452945106907894704e-03	2.847057141755756637e-01
8.899999999999999925e-03	5.843570106907895051e-03	2.956920423005756637e-01
8.909999999999999518e-03	5.501773231907894531e-03	2.883678235505756637e-01
8.920000000000000845e-03	5.941226356907894704e-03	2.993541516755756637e-01
8.930000000000000437e-03	5.599429481907895051e-03	2.920299329255756637e-01
8.940000000000000030e-03	6.038882606907894357e-03	3.042369641755756637e-01
8.949999999999999623e-03	5.745913856907894531e-03	2.969127454255756637e-01
8.959999999999999215e-03	6.185366981907894704e-03	3.078990735505756637e-01
8.970000000000000542e-03	5.843570106907895051e-03	3.005748548005756637e-01
8.980000000000000135e-03	6.283023231907894357e-03	3.115611829255756637e-01
8.989999999999999727e-03	5.941226356907894704e-03	3.042369641755756637e-01
8.999999999999999320e-03	6.429507606907894704e-03	3.164439954255756637e-01
9.010000000000000647e-03	6.087710731907895051e-03	3.091197766755756637e-01
9.020000000000000240e-03	6.575991981907895051e-03	3.201061048005756637e-01
9.029999999999999832e-03	6.234195106907894531e-03	3.127818860505756637e-01
9.039999999999999425e-03	6.722476356907894531e-03	3.237682141755756637e-01
9.050000000000000752e-03	6.331851356907895051e-03	3.164439954255756637e-01
9.060000000000000345e-03	6.820132606907895051e-03	3.274303235505756637e-01
9.069999999999999937e-03	6.478335731907894531e-03	3.201061048005756637e-01
9.079999999999999530e-03	6.966616981907894531e-03	3.310924329255756637e-01
9.090000000000000857e-03	6.624820106907894877e-03	3.249889173005756637e-01
9.100000000000000450e-03	7.113101356907894877e-03	3.359752454255756637e-01
9.110000000000000042e-03	6.771304481907894357e-03	3.286510266755756637e-01
9.119999999999999635e-03	7.259585731907894357e-03	3.396373548005756637e-01
9.129999999999999227e-03	6.917788856907894704e-03	3.323131360505756637e-01
9.140000000000000555e-03	7.406070106907894704e-03	3.445201673005756637e-01
9.150000000000000147e-03	7.015445106907894357e-03	3.359752454255756637e-01
9.159999999999999740e-03	7.503726356907894357e-03	3.481822766755756637e-01
9.169999999999999332e-03	7.161929481907894704e-03	3.408580579255756637e-01
9.180000000000000659e-03	7.650210731907894704e-03	3.518443860505756637e-01
9.190000000000000252e-03	7.308413856907895051e-03	3.445201673005756637e-01
9.199999999999999845e-03	7.747866981907894357e-03	3.555064954255756637e-01
9.209999999999999437e-03	7.406070106907894704e-03	3.481822766755756637e-01
9.220000000000000764e-03	7.894351356907894704e-03	3.603893079255756637e-01
9.230000000000000357e-03	7.552554481907895051e-03	3.530650891755756637e-01
9.239999999999999949e-03	8.040835731907895051e-03	3.640514173005756637e-01
9.249999999999999542e-03	7.699038856907894531e-03	3.567271985505756637e-01
9.259999999999999135e-03	8.138491981907894704e-03	3.677135266755756637e-01
9.270000000000000462e-03	7.796695106907895051e-03	3.603893079255756637e-01
9.280000000000000054e-03	8.284976356907895051e-03	3.713756360505756637e-01
9.289999999999999647e-03	7.943179481907895398e-03	3.640514173005756637e-01
9.299999999999999239e-03	8.431460731907895398e-03	3.762584485505756637e-01
9.310000000000000567e-03	8.089663856907894010e-03	3.689342298005756637e-01
9.320000000000000159e-03	8.577945106907894010e-03	3.799205579255756637e-01
9.329999999999999752e-03	8.236148231907894357e-03	3.725963391755756637e-01
9.339999999999999344e-03	8.675601356907895398e-03	3.835826673005756637e-01
9.350000000000000672e-03	8.382632606907894704e-03	3.774791516755756637e-01
9.360000000000000264e-03	8.870913856907894704e-03	3.872447766755756637e-01
9.369999999999999857e-03	8.529116981907895051e-03	3.811412610505756637e-01
9.379999999999999449e-03	9.017398231907895051e-03	3.921275891755756637e-01
9.390000000000000777e-03	8.675601356907895398e-03	3.848033704255756637e-01
9.400000000000000369e-03	9.163882606907895398e-03	3.957896985505756637e-01
9.409999999999999962e-03	8.822085731907894010e-03	3.884654798005756637e-01
9.419999999999999554e-03	9.310366981907894010e-03	3.994518079255756637e-01
9.429999999999999147e-03	8.968570106907894357e-03	3.921275891755756637e-01
9.440000000000000474e-03	9.505679481907895051e-03	4.043346204255756637e-01
9.450000000000000067e-03	9.163882606907895398e-03	3.970104016755756637e-01
9.459999999999999659e-03	9.652163856907895398e-03	4.079967298005756637e-01
9.469999999999999252e-03	9.310366981907894010e-03	4.006725110505756637e-01
9.480000000000000579e-03	9.847476356907894704e-03	4.116588391755756637e-01
9.490000000000000172e-03	9.456851356907894357e-03	4.043346204255756637e-01
9.499999999999999764e-03	9.993960731907895051e-03	4.165416516755756637e-01
9.509999999999999357e-03	9.652163856907895398e-03	4.092174329255756637e-01
9.520000000000000684e-03	1.014044510690789540e-02	4.202037610505756637e-01
9.530000000000000276e-03	9.798648231907895745e-03	4.128795423005756637e-01
9.539999999999999869e-03	1.033575760690789470e-02	4.238658704255756637e-01
9.549999999999999462e-03	9.993960731907895051e-03	4.165416516755756637e-01
9.560000000000000789e-03	1.048224198190789505e-02	4.275279798005756637e-01
9.570000000000000381e-03	1.014044510690789540e-02	4.202037610505756637e-01
9.579999999999999974e-03	1.067755448190789436e-02	4.324107923005756637e-01
9.589999999999999566e-03	1.028692948190789574e-02	4.250865735505756637e-01
9.599999999999999159e-03	1.082403885690789470e-02	4.360729016755756637e-01
9.610000000000000486e-03	1.048224198190789505e-02	4.287486829255756637e-01
9.620000000000000079e-03	1.101935135690789574e-02	4.397350110505756637e-01
9.629999999999999671e-03	1.062872635690789540e-02	4.324107923005756637e-01
9.639999999999999264e-03	1.116583573190789436e-02	4.433971204255756637e-01
9.650000000000000591e-03	1.082403885690789470e-02	4.372936048005756637e-01
9.660000000000000184e-03	1.136114823190789540e-02	4.482799329255756637e-01
9.669999999999999776e-03	1.097052323190789505e-02	4.409557141755756637e-01
9.679999999999999369e-03	1.150763260690789574e-02	4.519420423005756637e-01
9.690000000000000696e-03	1.116583573190789436e-02	4.446178235505756637e-01
9.700000000000000289e-03	1.170294510690789505e-02	4.556041516755756637e-01
9.709999999999999881e-03	1.136114823190789540e-02	4.482799329255756637e-01
9.719999999999999474e-03	1.194708573190789505e-02	4.592662610505756637e-01
9.730000000000000801e-03	1.155646073190789470e-02	4.519420423005756637e-01
9.740000000000000394e-03	1.214239823190789436e-02	4.641490735505756637e-01
9.749999999999999986e-03	1.175177323190789574e-02	4.568248548005756637e-01
9.759999999999999579e-03	1.233771073190789540e-02	4.678111829255756637e-01
9.769999999999999171e-03	1.194708573190789505e-02	4.604869641755756637e-01
9.780000000000000498e-03	1.253302323190789470e-02	4.714732923005756637e-01
9.790000000000000091e-03	1.219122635690789505e-02	4.641490735505756637e-01
9.799999999999999684e-03	1.272833573190789574e-02	4.751354016755756637e-01
9.809999999999999276e-03	1.238653885690789436e-02	4.678111829255756637e-01
9.820000000000000603e-03	1.297247635690789574e-02	4.787975110505756637e-01
9.830000000000000196e-03	1.258185135690789540e-02	4.726939954255756637e-01
9.839999999999999789e-03	1.316778885690789505e-02	4.836803235505756637e-01
9.849999999999999381e-03	1.277716385690789470e-02	4.763561048005756637e-01
9.860000000000000708e-03	1.336310135690789436e-02	4.873424329255756637e-01
9.870000000000000301e-03	1.302130448190789470e-02	4.800182141755756637e-01
9.879999999999999893e-03	1.355841385690789540e-02	4.910045423005756637e-01
9.889999999999999486e-03	1.321661698190789574e-02	4.836803235505756637e-01
9.900000000000000813e-03	1.380255448190789540e-02	4.958873548005756637e-01
9.910000000000000406e-03	1.341192948190789505e-02	4.885631360505756637e-01
9.919999999999999998e-03	1.399786698190789470e-02	4.995494641755756637e-01
9.929999999999999591e-03	1.365607010690789505e-02	4.922252454255756637e-01
9.939999999999999183e-03	1.424200760690789470e-02	5.032115735505756637e-01
9.950000000000000511e-03	1.385138260690789436e-02	4.958873548005756637e-01
9.960000000000000103e-03	1.443732010690789574e-02	5.068736829255756637e-01
9.969999999999999696e-03	1.404669510690789540e-02	4.995494641755756637e-01
9.979999999999999288e-03	1.463263260690789505e-02	5.117564954255756637e-01
9.990000000000000616e-03	1.429083573190789540e-02	5.044322766755756637e-01
1.000000000000000021e-02	1.487677323190789505e-02	5.154186048005756637e-01
1.000999999999999980e-02	1.448614823190789470e-02	5.080943860505756637e-01
1.001999999999999939e-02	1.507208573190789436e-02	5.190807141755756637e-01
1.003000000000000072e-02	1.468146073190789574e-02	5.117564954255756637e-01
1.004000000000000031e-02	1.531622635690789436e-02	5.227428235505756637e-01
1.004999999999999991e-02	1.492560135690789574e-02	5.154186048005756637e-01
1.005999999999999950e-02	1.556036698190789436e-02	5.264049329255756637e-01
1.007000000000000083e-02	1.516974198190789574e-02	5.190807141755756637e-01
1.008000000000000042e-02	1.580450760690789436e-02	5.300670423005756637e-01
1.009000000000000001e-02	1.541388260690789574e-02	5.239635266755756637e-01
1.009999999999999960e-02	1.604864823190789436e-02	5.349498548005756637e-01
1.010999999999999920e-02	1.565802323190789574e-02	5.276256360505756637e-01
1.012000000000000052e-02	1.629278885690789436e-02	5.386119641755756637e-01
1.013000000000000012e-02	1.590216385690789574e-02	5.312877454255756637e-01
1.013999999999999971e-02	1.658575760690789505e-02	5.422740735505756637e-01
1.014999999999999930e-02	1.619513260690789644e-02	5.349498548005756637e-01
1.016000000000000063e-02	1.682989823190789505e-02	5.459361829255756637e-01
1.017000000000000022e-02	1.643927323190789644e-02	5.386119641755756637e-01
1.017999999999999981e-02	1.707403885690789505e-02	5.495982923005756637e-01
1.018999999999999941e-02	1.668341385690789644e-02	5.434947766755756637e-01
1.020000000000000073e-02	1.736700760690789574e-02	5.544811048005756637e-01
1.021000000000000033e-02	1.697638260690789366e-02	5.471568860505756637e-01
1.021999999999999992e-02	1.761114823190789574e-02	5.581432141755756637e-01
1.022999999999999951e-02	1.722052323190789366e-02	5.508189954255756637e-01
1.024000000000000084e-02	1.790411698190789644e-02	5.618053235505756637e-01
1.025000000000000043e-02	1.751349198190789436e-02	5.544811048005756637e-01
1.026000000000000002e-02	1.814825760690789644e-02	5.666881360505756637e-01
1.026999999999999962e-02	1.775763260690789436e-02	5.593639173005756637e-01
1.027999999999999921e-02	1.839239823190789644e-02	5.703502454255756637e-01
1.029000000000000054e-02	1.805060135690789505e-02	5.630260266755756637e-01
1.030000000000000013e-02	1.868536698190789366e-02	5.740123548005756637e-01
1.030999999999999972e-02	1.824591385690789436e-02	5.666881360505756637e-01
1.031999999999999931e-02	1.892950760690789713e-02	5.776744641755756637e-01
1.033000000000000064e-02	1.849005448190789436e-02	5.703502454255756637e-01
1.034000000000000023e-02	1.917364823190789713e-02	5.813365735505756637e-01
1.034999999999999983e-02	1.873419510690789436e-02	5.752330579255756637e-01
1.035999999999999942e-02	1.941778885690789713e-02	5.862193860505756637e-01
1.037000000000000074e-02	1.902716385690789505e-02	5.788951673005756637e-01
1.038000000000000034e-02	1.966192948190789713e-02	5.898814954255756637e-01
1.038999999999999993e-02	1.927130448190789505e-02	5.825572766755756637e-01
1.039999999999999952e-02	1.990607010690789713e-02	5.935436048005756637e-01
1.041000000000000085e-02	1.951544510690789505e-02	5.862193860505756637e-01
1.042000000000000044e-02	2.015021073190789713e-02	5.972057141755756637e-01
1.043000000000000003e-02	1.975958573190789505e-02	5.911021985505756637e-01
1.043999999999999963e-02	2.044317948190789436e-02	6.020885266755756637e-01
1.044999999999999922e-02	2.005255448190789574e-02	5.947643079255756637e-01
1.046000000000000055e-02	2.068732010690789436e-02	6.057506360505756637e-01
1.047000000000000014e-02	2.029669510690789574e-02	5.984264173005756637e-01
1.047999999999999973e-02	2.102911698190789574e-02	6.094127454255756637e-01
1.048999999999999932e-02	2.058966385690789644e-02	6.020885266755756637e-01
1.050000000000000065e-02	2.127325760690789574e-02	6.130748548005756637e-01
1.051000000000000024e-02	2.088263260690789713e-02	6.057506360505756637e-01
1.051999999999999984e-02	2.156622635690789644e-02	6.167369641755756637e-01
1.052999999999999943e-02	2.117560135690789436e-02	6.094127454255756637e-01
1.054000000000000076e-02	2.190802323190789436e-02	6.203990735505756637e-01
1.055000000000000035e-02	2.146857010690789505e-02	6.142955579255756637e-01
1.055999999999999994e-02	2.220099198190789505e-02	6.240611829255756637e-01
1.056999999999999953e-02	2.176153885690789574e-02	6.179576673005756637e-01
1.058000000000000086e-02	2.249396073190789574e-02	6.289439954255757748e-01
1.059000000000000045e-02	2.205450760690789644e-02	6.216197766755756637e-01
1.060000000000000005e-02	2.278692948190789644e-02	6.326061048005757748e-01
1.060999999999999964e-02	2.239630448190789436e-02	6.252818860505757748e-01
1.061999999999999923e-02	2.307989823190789713e-02	6.362682141755757748e-01
1.063000000000000056e-02	2.268927323190789505e-02	6.289439954255757748e-01
1.064000000000000015e-02	2.342169510690789505e-02	6.411510266755757748e-01
1.064999999999999974e-02	2.298224198190789574e-02	6.338268079255757748e-01
1.065999999999999934e-02	2.366583573190789505e-02	6.448131360505757748e-01
1.067000000000000066e-02	2.327521073190789644e-02	6.374889173005757748e-01
1.068000000000000026e-02	2.395880448190789574e-02	6.484752454255757748e-01
1.068999999999999985e-02	2.356817948190789713e-02	6.411510266755757748e-01
1.069999999999999944e-02	2.425177323190789644e-02	6.521373548005757748e-01
1.071000000000000077e-02	2.386114823190789436e-02	6.448131360505757748e-01
1.072000000000000036e-02	2.454474198190789713e-02	6.557994641755757748e-01
1.072999999999999995e-02	2.415411698190789505e-02	6.496959485505757748e-01
1.073999999999999955e-02	2.478888260690789713e-02	6.594615735505757748e-01
1.074999999999999914e-02	2.439825760690789505e-02	6.533580579255757748e-01
1.076000000000000047e-02	2.503302323190789713e-02	6.643443860505757748e-01
1.077000000000000006e-02	2.464239823190789505e-02	6.570201673005757748e-01
1.077999999999999965e-02	2.532599198190789783e-02	6.680064954255757748e-01
1.078999999999999924e-02	2.493536698190789574e-02	6.606822766755757748e-01
1.080000000000000057e-02	2.557013260690789783e-02	6.716686048005757748e-01
1.081000000000000016e-02	2.517950760690789921e-02	6.643443860505757748e-01
1.081999999999999976e-02	2.581427323190789783e-02	6.753307141755757748e-01
1.082999999999999935e-02	2.547247635690789991e-02	6.680064954255757748e-01
1.084000000000000068e-02	2.610724198190789852e-02	6.802135266755757748e-01
1.085000000000000027e-02	2.571661698190789991e-02	6.728893079255757748e-01
1.085999999999999986e-02	2.635138260690789852e-02	6.838756360505757748e-01
1.086999999999999945e-02	2.596075760690789991e-02	6.765514173005757748e-01
1.088000000000000078e-02	2.659552323190789852e-02	6.875377454255757748e-01
1.089000000000000037e-02	2.620489823190789991e-02	6.802135266755757748e-01
1.089999999999999997e-02	2.688849198190789921e-02	6.911998548005757748e-01
1.090999999999999956e-02	2.644903885690789991e-02	6.838756360505757748e-01
1.091999999999999915e-02	2.713263260690789921e-02	6.948619641755757748e-01
1.093000000000000048e-02	2.674200760690789713e-02	6.875377454255757748e-01
1.094000000000000007e-02	2.737677323190789921e-02	6.985240735505757748e-01
1.094999999999999966e-02	2.698614823190789713e-02	6.911998548005757748e-01
1.095999999999999926e-02	2.762091385690789921e-02	7.021861829255757748e-01
1.097000000000000058e-02	2.723028885690789713e-02	6.960826673005757748e-01
1.098000000000000018e-02	2.791388260690789991e-02	7.070689954255757748e-01
1.098999999999999977e-02	2.747442948190789713e-02	6.997447766755757748e-01
1.099999999999999936e-02	2.815802323190789991e-02	7.107311048005757748e-01
1.101000000000000069e-02	2.776739823190789783e-02	7.034068860505757748e-01
1.102000000000000028e-02	2.840216385690789991e-02	7.143932141755757748e-01
1.102999999999999987e-02	2.801153885690789783e-02	7.070689954255757748e-01
1.103999999999999947e-02	2.864630448190789991e-02	7.180553235505757748e-01
1.105000000000000079e-02	2.825567948190789783e-02	7.107311048005757748e-01
1.106000000000000039e-02	2.889044510690789991e-02	7.217174329255757748e-01
1.106999999999999998e-02	2.849982010690789783e-02	7.143932141755757748e-01
1.107999999999999957e-02	2.918341385690789713e-02	7.266002454255757748e-01
1.108999999999999916e-02	2.879278885690789852e-02	7.192760266755757748e-01
1.110000000000000049e-02	2.942755448190789713e-02	7.290416516755757748e-01
1.111000000000000008e-02	2.903692948190789852e-02	7.229381360505757748e-01
1.111999999999999968e-02	2.967169510690789713e-02	7.339244641755757748e-01
1.112999999999999927e-02	2.928107010690789852e-02	7.266002454255757748e-01
1.114000000000000060e-02	2.991583573190789713e-02	7.375865735505757748e-01
1.115000000000000019e-02	2.952521073190789852e-02	7.302623548005757748e-01
1.115999999999999978e-02	3.015997635690789713e-02	7.412486829255757748e-01
1.116999999999999937e-02	2.976935135690789852e-02	7.339244641755757748e-01
1.118000000000000070e-02	3.040411698190789713e-02	7.449107923005757748e-01
1.119000000000000029e-02	3.001349198190789852e-02	7.388072766755757748e-01
1.119999999999999989e-02	3.069708573190789783e-02	7.485729016755757748e-01
1.120999999999999948e-02	3.030646073190789921e-02	7.424693860505757748e-01
1.122000000000000081e-02	3.094122635690789783e-02	7.534557141755757748e-01
1.123000000000000040e-02	3.055060135690789921e-02	7.461314954255757748e-01
1.123999999999999999e-02	3.118536698190789783e-02	7.571178235505757748e-01
1.124999999999999958e-02	3.079474198190789921e-02	7.497936048005757748e-01
1.125999999999999918e-02	3.147833573190789852e-02	7.607799329255757748e-01
1.127000000000000050e-02	3.103888260690789921e-02	7.534557141755757748e-01
1.128000000000000010e-02	3.172247635690789852e-02	7.644420423005757748e-01
1.128999999999999969e-02	3.133185135690789991e-02	7.571178235505757748e-01
1.129999999999999928e-02	3.201544510690789574e-02	7.681041516755757748e-01
1.131000000000000061e-02	3.157599198190789991e-02	7.607799329255757748e-01
1.132000000000000020e-02	3.225958573190789574e-02	7.717662610505757748e-01
1.132999999999999979e-02	3.186896073190789713e-02	7.656627454255757748e-01
1.133999999999999939e-02	3.255255448190789991e-02	7.766490735505757748e-01
1.135000000000000071e-02	3.211310135690789713e-02	7.693248548005757748e-01
1.136000000000000031e-02	3.284552323190789713e-02	7.803111829255757748e-01
1.136999999999999990e-02	3.245489823190789852e-02	7.729869641755757748e-01
1.137999999999999949e-02	3.313849198190790130e-02	7.839732923005757748e-01
1.139000000000000082e-02	3.274786698190789574e-02	7.766490735505757748e-01
1.140000000000000041e-02	3.343146073190789852e-02	7.876354016755757748e-01
1.141000000000000000e-02	3.304083573190789991e-02	7.803111829255757748e-01
1.141999999999999960e-02	3.377325760690789991e-02	7.912975110505757748e-01
1.142999999999999919e-02	3.333380448190789713e-02	7.839732923005757748e-01
1.144000000000000052e-02	3.406622635690789713e-02	7.949596204255757748e-01
1.145000000000000011e-02	3.367560135690789852e-02	7.888561048005757748e-01
1.145999999999999970e-02	3.440802323190789852e-02	7.998424329255757748e-01
1.146999999999999929e-02	3.396857010690789574e-02	7.925182141755757748e-01
1.148000000000000062e-02	3.474982010690789991e-02	8.022838391755757748e-01
1.149000000000000021e-02	3.431036698190789713e-02	7.961803235505757748e-01
1.149999999999999981e-02	3.504278885690789713e-02	8.071666516755757748e-01
1.150999999999999940e-02	3.465216385690789852e-02	7.998424329255757748e-01
1.152000000000000073e-02	3.538458573190789852e-02	8.108287610505757748e-01
1.153000000000000032e-02	3.494513260690789574e-02	8.035045423005757748e-01
1.153999999999999991e-02	3.572638260690789991e-02	8.144908704255757748e-01
1.154999999999999950e-02	3.528692948190789713e-02	8.071666516755757748e-01
1.156000000000000083e-02	3.601935135690789713e-02	8.181529798005757748e-01
1.157000000000000042e-02	3.557989823190790130e-02	8.108287610505757748e-01
1.158000000000000002e-02	3.636114823190789852e-02	8.218150891755757748e-01
1.158999999999999961e-02	3.592169510690789574e-02	8.144908704255757748e-01
1.159999999999999920e-02	3.670294510690789991e-02	8.254771985505757748e-01
1.161000000000000053e-02	3.626349198190789713e-02	8.193736829255757748e-01
1.162000000000000012e-02	3.704474198190790130e-02	8.291393079255757748e-01
1.162999999999999971e-02	3.660528885690789852e-02	8.230357923005757748e-01
1.163999999999999931e-02	3.738653885690789574e-02	8.340221204255757748e-01
1.165000000000000063e-02	3.694708573190789991e-02	8.266979016755757748e-01
1.166000000000000023e-02	3.772833573190789713e-02	8.376842298005757748e-01
1.166999999999999982e-02	3.728888260690790130e-02	8.303600110505757748e-01
1.167999999999999941e-02	3.807013260690789852e-02	8.413463391755757748e-01
1.169000000000000074e-02	3.763067948190790268e-02	8.340221204255757748e-01
1.170000000000000033e-02	3.841192948190789991e-02	8.450084485505757748e-01
1.170999999999999992e-02	3.797247635690789713e-02	8.376842298005757748e-01
1.171999999999999952e-02	3.875372635690790130e-02	8.486705579255757748e-01
1.173000000000000084e-02	3.831427323190789852e-02	8.413463391755757748e-01
1.174000000000000044e-02	3.909552323190790268e-02	8.523326673005757748e-01
1.175000000000000003e-02	3.865607010690789991e-02	8.462291516755757748e-01
1.175999999999999962e-02	3.943732010690789713e-02	8.559947766755757748e-01
1.176999999999999921e-02	3.899786698190790130e-02	8.498912610505757748e-01
1.178000000000000054e-02	3.982794510690790268e-02	8.608775891755757748e-01
1.179000000000000013e-02	3.938849198190789991e-02	8.535533704255757748e-01
1.179999999999999973e-02	4.016974198190789713e-02	8.633189954255757748e-01
1.180999999999999932e-02	3.973028885690790130e-02	8.572154798005757748e-01
1.182000000000000065e-02	4.056036698190790268e-02	8.682018079255757748e-01
1.183000000000000024e-02	4.007208573190790268e-02	8.608775891755757748e-01
1.183999999999999983e-02	4.090216385690789713e-02	8.718639173005757748e-01
1.184999999999999942e-02	4.046271073190790130e-02	8.645396985505757748e-01
1.186000000000000075e-02	4.129278885690790268e-02	8.755260266755757748e-01
1.187000000000000034e-02	4.080450760690790268e-02	8.682018079255757748e-01
1.187999999999999994e-02	4.163458573190789713e-02	8.791881360505757748e-01
1.188999999999999953e-02	4.119513260690790130e-02	8.718639173005757748e-01
1.190000000000000085e-02	4.202521073190790268e-02	8.828502454255757748e-01
1.191000000000000045e-02	4.158575760690789991e-02	8.755260266755757748e-01
1.192000000000000004e-02	4.236700760690789713e-02	8.865123548005757748e-01
1.192999999999999963e-02	4.197638260690789852e-02	8.791881360505757748e-01
1.193999999999999923e-02	4.275763260690790268e-02	8.901744641755757748e-01
1.195000000000000055e-02	4.231817948190789991e-02	8.840709485505757748e-01
1.196000000000000014e-02	4.314825760690790130e-02	8.938365735505757748e-01
1.196999999999999974e-02	4.270880448190789852e-02	8.865123548005757748e-01
1.197999999999999933e-02	4.353888260690789991e-02	8.987193860505757748e-01
1.199000000000000066e-02	4.309942948190789713e-02	8.913951673005757748e-01
1.200000000000000025e-02	4.392950760690789852e-02	9.023814954255757748e-01
1.200999999999999984e-02	4.344122635690789852e-02	8.950572766755757748e-01
1.201999999999999943e-02	4.427130448190789991e-02	9.060436048005757748e-01
1.203000000000000076e-02	4.383185135690789713e-02	8.987193860505757748e-01
1.204000000000000035e-02	4.466192948190789852e-02	9.097057141755757748e-01
1.204999999999999995e-02	4.422247635690790268e-02	9.023814954255757748e-01
1.205999999999999954e-02	4.505255448190789713e-02	9.133678235505757748e-01
1.207000000000000087e-02	4.461310135690790130e-02	9.060436048005757748e-01
1.208000000000000046e-02	4.539435135690789852e-02	9.170299329255757748e-01
1.209000000000000005e-02	4.495489823190790268e-02	9.097057141755757748e-01
1.209999999999999964e-02	4.573614823190789991e-02	9.206920423005757748e-01
1.210999999999999924e-02	4.529669510690789713e-02	9.133678235505757748e-01
1.212000000000000056e-02	4.607794510690790130e-02	9.243541516755757748e-01
1.213000000000000016e-02	4.568732010690790268e-02	9.170299329255757748e-01
1.213999999999999975e-02	4.641974198190790268e-02	9.280162610505757748e-01
1.214999999999999934e-02	4.598028885690789991e-02	9.206920423005757748e-01
1.216000000000000067e-02	4.676153885690789713e-02	9.316783704255757748e-01
1.217000000000000026e-02	4.632208573190790130e-02	9.255748548005757748e-01
1.217999999999999985e-02	4.710333573190789852e-02	9.353404798005757748e-01
1.218999999999999945e-02	4.666388260690790268e-02	9.280162610505757748e-01
1.220000000000000077e-02	4.744513260690789991e-02	9.390025891755757748e-01
1.221000000000000037e-02	4.700567948190789713e-02	9.328990735505757748e-01
1.221999999999999996e-02	4.778692948190790130e-02	9.426646985505757748e-01
1.222999999999999955e-02	4.734747635690789852e-02	9.365611829255757748e-01
1.223999999999999914e-02	4.807989823190789852e-02	9.475475110505757748e-01
1.225000000000000047e-02	4.768927323190789991e-02	9.402232923005757748e-01
1.226000000000000006e-02	4.842169510690789991e-02	9.512096204255757748e-01
1.226999999999999966e-02	4.798224198190789713e-02	9.438854016755757748e-01
1.227999999999999925e-02	4.876349198190790130e-02	9.548717298005757748e-01
1.229000000000000058e-02	4.832403885690789852e-02	9.475475110505757748e-01
1.230000000000000017e-02	4.905646073190789852e-02	9.585338391755757748e-01
1.230999999999999976e-02	4.861700760690790268e-02	9.512096204255757748e-01
1.231999999999999935e-02	4.934942948190790268e-02	9.621959485505757748e-01
1.233000000000000068e-02	4.895880448190789713e-02	9.548717298005757748e-01
1.234000000000000027e-02	4.969122635690789713e-02	9.658580579255757748e-01
1.234999999999999987e-02	4.925177323190790130e-02	9.585338391755757748e-01
1.235999999999999946e-02	4.998419510690790130e-02	9.695201673005757748e-01
1.237000000000000079e-02	4.959357010690790268e-02	9.621959485505757748e-01
1.238000000000000038e-02	5.032599198190789574e-02	9.731822766755757748e-01
1.238999999999999997e-02	4.988653885690789991e-02	9.658580579255757748e-01
1.239999999999999956e-02	5.061896073190789297e-02	9.768443860505757748e-01
1.240999999999999916e-02	5.017950760690789713e-02	9.707408704255757748e-01
1.242000000000000048e-02	5.091192948190789713e-02	9.805064954255757748e-01
1.243000000000000008e-02	5.047247635690789436e-02	9.744029798005757748e-01
1.243999999999999967e-02	5.120489823190789436e-02	9.841686048005757748e-01
1.244999999999999926e-02	5.081427323190789574e-02	9.780650891755757748e-01
1.246000000000000059e-02	5.149786698190789158e-02	9.890514173005757748e-01
1.247000000000000018e-02	5.110724198190789297e-02	9.817271985505757748e-01
1.247999999999999977e-02	5.179083573190789574e-02	9.927135266755757748e-01
1.248999999999999937e-02	5.135138260690789297e-02	9.853893079255757748e-01
1.250000000000000069e-02	5.208380448190789297e-02	9.963756360505757748e-01
1.251000000000000029e-02	5.169317948190789436e-02	9.890514173005757748e-01
1.251999999999999988e-02	5.237677323190789713e-02	1.000037745425575775e+00
1.252999999999999947e-02	5.193732010690789436e-02	9.927135266755757748e-01
1.254000000000000080e-02	5.266974198190789436e-02	1.003699854800575775e+00
1.255000000000000039e-02	5.223028885690789158e-02	9.963756360505757748e-01
1.255999999999999998e-02	5.291388260690789436e-02	1.007361964175575775e+00
1.256999999999999958e-02	5.252325760690789574e-02	1.000037745425575775e+00
1.257999999999999917e-02	5.320685135690789158e-02	1.011024073550575775e+00
1.259000000000000050e-02	5.281622635690789297e-02	1.003699854800575775e+00
1.260000000000000009e-02	5.349982010690789574e-02	1.014686182925575775e+00
1.260999999999999968e-02	5.306036698190789297e-02	1.007361964175575775e+00
1.261999999999999927e-02	5.379278885690789297e-02	1.018348292300575775e+00
1.263000000000000060e-02	5.335333573190789713e-02	1.011024073550575775e+00
1.264000000000000019e-02	5.408575760690789713e-02	1.022010401675575775e+00
1.264999999999999979e-02	5.364630448190789436e-02	1.014686182925575775e+00
1.265999999999999938e-02	5.437872635690789436e-02	1.025672511050575775e+00
1.267000000000000071e-02	5.393927323190789158e-02	1.019568995425575775e+00
1.268000000000000030e-02	5.467169510690789158e-02	1.030555323550575775e+00
1.268999999999999989e-02	5.428107010690789297e-02	1.023231104800575775e+00
1.269999999999999948e-02	5.496466385690789574e-02	1.034217432925575775e+00
1.271000000000000081e-02	5.457403885690789713e-02	1.026893214175575775e+00
1.272000000000000040e-02	5.530646073190789713e-02	1.037879542300575775e+00
1.273000000000000000e-02	5.486700760690789436e-02	1.030555323550575775e+00
1.273999999999999959e-02	5.564825760690789158e-02	1.041541651675575775e+00
1.274999999999999918e-02	5.520880448190789574e-02	1.034217432925575775e+00
1.276000000000000051e-02	5.599005448190789297e-02	1.045203761050575775e+00
1.277000000000000010e-02	5.555060135690789713e-02	1.037879542300575775e+00
1.277999999999999969e-02	5.633185135690789436e-02	1.048865870425575775e+00
1.278999999999999929e-02	5.589239823190789158e-02	1.041541651675575775e+00
1.280000000000000061e-02	5.662482010690789158e-02	1.052527979800575775e+00
1.281000000000000021e-02	5.623419510690789297e-02	1.045203761050575775e+00
1.281999999999999980e-02	5.701544510690789713e-02	1.056190089175575775e+00
1.282999999999999939e-02	5.657599198190789436e-02	1.048865870425575775e+00
1.284000000000000072e-02	5.735724198190789158e-02	1.059852198550575775e+00
1.285000000000000031e-02	5.691778885690789574e-02	1.052527979800575775e+00
1.285999999999999990e-02	5.769903885690789297e-02	1.063514307925575775e+00
1.286999999999999950e-02	5.725958573190789713e-02	1.056190089175575775e+00
1.288000000000000082e-02	5.808966385690789158e-02	1.067176417300575775e+00
1.289000000000000042e-02	5.765021073190789574e-02	1.059852198550575775e+00
1.290000000000000001e-02	5.843146073190789297e-02	1.070838526675575775e+00
1.290999999999999960e-02	5.799200760690789713e-02	1.064735011050575775e+00
1.291999999999999919e-02	5.882208573190789158e-02	1.074500636050575775e+00
1.293000000000000052e-02	5.833380448190789158e-02	1.068397120425575775e+00
1.294000000000000011e-02	5.916388260690789297e-02	1.079383448550575775e+00
1.294999999999999971e-02	5.872442948190789713e-02	1.072059229800575775e+00
1.295999999999999930e-02	5.950567948190789436e-02	1.083045557925575775e+00
1.297000000000000063e-02	5.906622635690789158e-02	1.075721339175575775e+00
1.298000000000000022e-02	5.989630448190789297e-02	1.086707667300575775e+00
1.298999999999999981e-02	5.945685135690789713e-02	1.079383448550575775e+00
1.299999999999999940e-02	6.023810135690789436e-02	1.090369776675575775e+00
1.301000000000000073e-02	5.979864823190789158e-02	1.083045557925575775e+00
1.302000000000000032e-02	6.062872635690789297e-02	1.094031886050575775e+00
1.302999999999999992e-02	6.018927323190789713e-02	1.086707667300575775e+00
1.303999999999999951e-02	6.101935135690789158e-02	1.097693995425575775e+00
1.305000000000000084e-02	6.053107010690789158e-02	1.090369776675575775e+00
1.306000000000000043e-02	6.136114823190789297e-02	1.101356104800575775e+00
1.307000000000000002e-02	6.092169510690789713e-02	1.094031886050575775e+00
1.307999999999999961e-02	6.175177323190789158e-02	1.105018214175575775e+00
1.308999999999999921e-02	6.126349198190789158e-02	1.097693995425575775e+00
1.310000000000000053e-02	6.209357010690789297e-02	1.108680323550575775e+00
1.311000000000000013e-02	6.165411698190789713e-02	1.101356104800575775e+00
1.311999999999999972e-02	6.248419510690789158e-02	1.112342432925575775e+00
1.312999999999999931e-02	6.199591385690789158e-02	1.105018214175575775e+00
1.314000000000000064e-02	6.287482010690789713e-02	1.116004542300575775e+00
1.315000000000000023e-02	6.238653885690789713e-02	1.108680323550575775e+00
1.315999999999999982e-02	6.326544510690788881e-02	1.119666651675575775e+00
1.316999999999999942e-02	6.277716385690788881e-02	1.112342432925575775e+00
1.318000000000000074e-02	6.365607010690789436e-02	1.123328761050575775e+00
1.319000000000000034e-02	6.316778885690789436e-02	1.116004542300575775e+00
1.319999999999999993e-02	6.399786698190788881e-02	1.126990870425575775e+00
1.320999999999999952e-02	6.355841385690789991e-02	1.119666651675575775e+00
1.322000000000000085e-02	6.443732010690789158e-02	1.130652979800575775e+00
1.323000000000000044e-02	6.394903885690789158e-02	1.123328761050575775e+00
1.324000000000000003e-02	6.482794510690789713e-02	1.134315089175575775e+00
1.324999999999999963e-02	6.433966385690789713e-02	1.126990870425575775e+00
1.325999999999999922e-02	6.521857010690788881e-02	1.137977198550575775e+00
1.327000000000000055e-02	6.473028885690788881e-02	1.130652979800575775e+00
1.328000000000000014e-02	6.560919510690789436e-02	1.141639307925575775e+00
1.328999999999999973e-02	6.512091385690789436e-02	1.134315089175575775e+00
1.329999999999999932e-02	6.599982010690789991e-02	1.145301417300575775e+00
1.331000000000000065e-02	6.556036698190789713e-02	1.139197901675575775e+00
1.332000000000000024e-02	6.639044510690789158e-02	1.148963526675575775e+00
1.332999999999999984e-02	6.595099198190788881e-02	1.142860011050575775e+00
1.333999999999999943e-02	6.682989823190789436e-02	1.152625636050575775e+00
1.335000000000000075e-02	6.634161698190789436e-02	1.146522120425575775e+00
1.336000000000000035e-02	6.722052323190789991e-02	1.156287745425575775e+00
1.336999999999999994e-02	6.673224198190789991e-02	1.150184229800575775e+00
1.337999999999999953e-02	6.761114823190789158e-02	1.159949854800575775e+00
1.339000000000000086e-02	6.717169510690788881e-02	1.153846339175575775e+00
1.340000000000000045e-02	6.800177323190789713e-02	1.163611964175575775e+00
1.341000000000000004e-02	6.756232010690789436e-02	1.157508448550575775e+00
1.341999999999999964e-02	6.844122635690789991e-02	1.168494776675575775e+00
1.342999999999999923e-02	6.795294510690789991e-02	1.161170557925575775e+00
1.344000000000000056e-02	6.883185135690789158e-02	1.172156886050575775e+00
1.345000000000000015e-02	6.839239823190788881e-02	1.164832667300575775e+00
1.345999999999999974e-02	6.922247635690789713e-02	1.174598292300575775e+00
1.346999999999999933e-02	6.878302323190789436e-02	1.168494776675575775e+00
1.348000000000000066e-02	6.966192948190789991e-02	1.178260401675575775e+00
1.349000000000000025e-02	6.917364823190789991e-02	1.172156886050575775e+00
1.349999999999999985e-02	7.005255448190789158e-02	1.183143214175575775e+00
1.350999999999999944e-02	6.956427323190789158e-02	1.175818995425575775e+00
1.352000000000000077e-02	7.044317948190789713e-02	1.185584620425575775e+00
1.353000000000000036e-02	7.000372635690789436e-02	1.179481104800575775e+00
1.353999999999999995e-02	7.083380448190788881e-02	1.189246729800575775e+00
1.354999999999999954e-02	7.039435135690789991e-02	1.183143214175575775e+00
1.355999999999999914e-02	7.122442948190789436e-02	1.194129542300575775e+00
1.357000000000000046e-02	7.078497635690789158e-02	1.186805323550575775e+00
1.358000000000000006e-02	7.166388260690789713e-02	1.196570948550575775e+00
1.358999999999999965e-02	7.117560135690789713e-02	1.190467432925575775e+00
1.359999999999999924e-02	7.205450760690788881e-02	1.201453761050575775e+00
1.361000000000000057e-02	7.156622635690788881e-02	1.194129542300575775e+00
1.362000000000000016e-02	7.244513260690789436e-02	1.205115870425575775e+00
1.362999999999999975e-02	7.195685135690789436e-02	1.197791651675575775e+00
1.363999999999999935e-02	7.283575760690789991e-02	1.208777979800575775e+00
1.365000000000000067e-02	7.239630448190789713e-02	1.201453761050575775e+00
1.366000000000000027e-02	7.322638260690789158e-02	1.212440089175575775e+00
1.366999999999999986e-02	7.278692948190788881e-02	1.205115870425575775e+00
1.367999999999999945e-02	7.366583573190789436e-02	1.214881495425575775e+00
1.369000000000000078e-02	7.317755448190789436e-02	1.208777979800575775e+00
1.370000000000000037e-02	7.405646073190789991e-02	1.219764307925575775e+00
1.370999999999999996e-02	7.356817948190789991e-02	1.212440089175575775e+00
1.371999999999999956e-02	7.444708573190789158e-02	1.223426417300575775e+00
1.372999999999999915e-02	7.395880448190789158e-02	1.216102198550575775e+00
1.374000000000000048e-02	7.488653885690789436e-02	1.227088526675575775e+00
1.375000000000000007e-02	7.439825760690789436e-02	1.219764307925575775e+00
1.375999999999999966e-02	7.527716385690789991e-02	1.230750636050575775e+00
1.376999999999999925e-02	7.478888260690789991e-02	1.223426417300575775e+00
1.378000000000000058e-02	7.566778885690789158e-02	1.234412745425575775e+00
1.379000000000000017e-02	7.522833573190790268e-02	1.227088526675575775e+00
1.379999999999999977e-02	7.610724198190789436e-02	1.238074854800575775e+00
1.380999999999999936e-02	7.561896073190789436e-02	1.230750636050575775e+00
1.382000000000000069e-02	7.649786698190789991e-02	1.241736964175575775e+00
1.383000000000000028e-02	7.600958573190789991e-02	1.234412745425575775e+00
1.383999999999999987e-02	7.688849198190789158e-02	1.245399073550575775e+00
1.384999999999999946e-02	7.644903885690790268e-02	1.238074854800575775e+00
1.386000000000000079e-02	7.732794510690789436e-02	1.249061182925575775e+00
1.387000000000000038e-02	7.683966385690789436e-02	1.241736964175575775e+00
1.387999999999999998e-02	7.771857010690789991e-02	1.252723292300575775e+00
1.388999999999999957e-02	7.723028885690789991e-02	1.245399073550575775e+00
1.389999999999999916e-02	7.810919510690789158e-02	1.256385401675575775e+00
1.391000000000000049e-02	7.762091385690789158e-02	1.249061182925575775e+00
1.392000000000000008e-02	7.849982010690789713e-02	1.260047511050575775e+00
1.392999999999999967e-02	7.801153885690789713e-02	1.252723292300575775e+00
1.393999999999999927e-02	7.884161698190789158e-02	1.263709620425575775e+00
1.395000000000000059e-02	7.840216385690790268e-02	1.256385401675575775e+00
1.396000000000000019e-02	7.923224198190789713e-02	1.267371729800575775e+00
1.396999999999999978e-02	7.879278885690789436e-02	1.260047511050575775e+00
1.397999999999999937e-02	7.962286698190790268e-02	1.271033839175575775e+00
1.399000000000000070e-02	7.913458573190790268e-02	1.263709620425575775e+00
1.400000000000000029e-02	8.001349198190789436e-02	1.274695948550575775e+00
1.400999999999999988e-02	7.952521073190789436e-02	1.267371729800575775e+00
1.401999999999999948e-02	8.040411698190789991e-02	1.277137354800575775e+00
1.403000000000000080e-02	7.991583573190789991e-02	1.271033839175575775e+00
1.404000000000000040e-02	8.079474198190789158e-02	1.280799464175575775e+00
1.404999999999999999e-02	8.030646073190789158e-02	1.274695948550575775e+00
1.405999999999999958e-02	8.118536698190789713e-02	1.285682276675575775e+00
1.406999999999999917e-02	8.069708573190789713e-02	1.278358057925575775e+00
1.408000000000000050e-02	8.157599198190790268e-02	1.289344386050575775e+00
1.409000000000000009e-02	8.108771073190790268e-02	1.282020167300575775e+00
1.409999999999999969e-02	8.196661698190789436e-02	1.293006495425575775e+00
1.410999999999999928e-02	8.147833573190789436e-02	1.285682276675575775e+00
1.412000000000000061e-02	8.235724198190789991e-02	1.296668604800575775e+00
1.413000000000000020e-02	8.186896073190789991e-02	1.289344386050575775e+00
1.413999999999999979e-02	8.279669510690790268e-02	1.300330714175575775e+00
1.414999999999999938e-02	8.230841385690790268e-02	1.293006495425575775e+00
1.416000000000000071e-02	8.318732010690789436e-02	1.303992823550575775e+00
1.417000000000000030e-02	8.269903885690789436e-02	1.296668604800575775e+00
1.417999999999999990e-02	8.362677323190789713e-02	1.306434229800575775e+00
1.418999999999999949e-02	8.313849198190789713e-02	1.300330714175575775e+00
1.420000000000000082e-02	8.401739823190790268e-02	1.311317042300575775e+00
1.421000000000000041e-02	8.352911698190790268e-02	1.303992823550575775e+00
1.422000000000000000e-02	8.445685135690789158e-02	1.314979151675575775e+00
1.422999999999999959e-02	8.396857010690789158e-02	1.307654932925575775e+00
1.423999999999999919e-02	8.484747635690789713e-02	1.317420557925575775e+00
1.425000000000000051e-02	8.435919510690789713e-02	1.311317042300575775e+00
1.426000000000000011e-02	8.528692948190789991e-02	1.321082667300575775e+00
1.426999999999999970e-02	8.479864823190789991e-02	1.314979151675575775e+00
1.427999999999999929e-02	8.567755448190789158e-02	1.324744776675575775e+00
1.429000000000000062e-02	8.523810135690790268e-02	1.317420557925575775e+00
1.430000000000000021e-02	8.611700760690789436e-02	1.328406886050575775e+00
1.430999999999999980e-02	8.562872635690789436e-02	1.322303370425575775e+00
1.431999999999999940e-02	8.650763260690789991e-02	1.332068995425575775e+00
1.433000000000000072e-02	8.601935135690789991e-02	1.325965479800575775e+00
1.434000000000000032e-02	8.689825760690789158e-02	1.335731104800575775e+00
1.434999999999999991e-02	8.645880448190790268e-02	1.329627589175575775e+00
1.435999999999999950e-02	8.728888260690789713e-02	1.339393214175575775e+00
1.437000000000000083e-02	8.684942948190789436e-02	1.333289698550575775e+00
1.438000000000000042e-02	8.772833573190789991e-02	1.343055323550575775e+00
1.439000000000000001e-02	8.719122635690790268e-02	1.335731104800575775e+00
1.439999999999999961e-02	8.807013260690789436e-02	1.346717432925575775e+00
1.440999999999999920e-02	8.763067948190789158e-02	1.339393214175575775e+00
1.442000000000000053e-02	8.846075760690789991e-02	1.350379542300575775e+00
1.443000000000000012e-02	8.802130448190789713e-02	1.344276026675575775e+00
1.443999999999999971e-02	8.885138260690789158e-02	1.354041651675575775e+00
1.444999999999999930e-02	8.836310135690789158e-02	1.347938136050575775e+00
1.446000000000000063e-02	8.924200760690789713e-02	1.357703761050575775e+00
1.447000000000000022e-02	8.875372635690789713e-02	1.350379542300575775e+00
1.447999999999999982e-02	8.958380448190789158e-02	1.361365870425575775e+00
1.448999999999999941e-02	8.914435135690790268e-02	1.354041651675575775e+00
1.450000000000000074e-02	8.997442948190789713e-02	1.363807276675575775e+00
1.451000000000000033e-02	8.953497635690789436e-02	1.356483057925575775e+00
1.451999999999999992e-02	9.036505448190790268e-02	1.360145167300575775e+00
1.452999999999999951e-02	8.992560135690789991e-02	1.352820948550575775e+00
1.454000000000000084e-02	9.075567948190789436e-02	1.355262354800575775e+00
1.455000000000000043e-02	9.026739823190789436e-02	1.347938136050575775e+00
1.456000000000000003e-02	9.109747635690790268e-02	1.351600245425575775e+00
1.456999999999999962e-02	9.065802323190789991e-02	1.344276026675575775e+00
1.457999999999999921e-02	9.148810135690789436e-02	1.346717432925575775e+00
1.459000000000000054e-02	9.104864823190789158e-02	1.339393214175575775e+00
1.460000000000000013e-02	9.187872635690789991e-02	1.343055323550575775e+00
1.460999999999999972e-02	9.143927323190789713e-02	1.335731104800575775e+00
1.461999999999999932e-02	9.222052323190789436e-02	1.338172511050575775e+00
1.463000000000000064e-02	9.178107010690789158e-02	1.330848292300575775e+00
1.464000000000000024e-02	9.256232010690790268e-02	1.333289698550575775e+00
1.464999999999999983e-02	9.217169510690789713e-02	1.325965479800575775e+00
1.465999999999999942e-02	9.285528885690789991e-02	1.329627589175575775e+00
1.467000000000000075e-02	9.251349198190789158e-02	1.322303370425575775e+00
1.468000000000000034e-02	9.314825760690789713e-02	1.324744776675575775e+00
1.468999999999999993e-02	9.280646073190790268e-02	1.317420557925575775e+00
1.469999999999999953e-02	9.339239823190789713e-02	1.321082667300575775e+00
1.471000000000000085e-02	9.305060135690790268e-02	1.313758448550575775e+00
1.472000000000000045e-02	9.358771073190789991e-02	1.316199854800575775e+00
1.473000000000000004e-02	9.329474198190790268e-02	1.308875636050575775e+00
1.473999999999999963e-02	9.373419510690789158e-02	1.311317042300575775e+00
1.474999999999999922e-02	9.344122635690789436e-02	1.303992823550575775e+00
1.476000000000000055e-02	9.383185135690789991e-02	1.307654932925575775e+00
1.477000000000000014e-02	9.358771073190789991e-02	1.300330714175575775e+00
1.477999999999999974e-02	9.388067948190789713e-02	1.302772120425575775e+00
1.478999999999999933e-02	9.363653885690789713e-02	1.295447901675575775e+00
1.480000000000000066e-02	9.388067948190789713e-02	1.299110011050575775e+00
1.481000000000000025e-02	9.363653885690789713e-02	1.291785792300575775e+00
1.481999999999999984e-02	9.378302323190790268e-02	1.294227198550575775e+00
1.482999999999999943e-02	9.353888260690790268e-02	1.286902979800575775e+00
1.484000000000000076e-02	9.368536698190789436e-02	1.289344386050575775e+00
1.485000000000000035e-02	9.334357010690789991e-02	1.282020167300575775e+00
1.485999999999999995e-02	9.349005448190789158e-02	1.285682276675575775e+00
1.486999999999999954e-02	9.314825760690789713e-02	1.278358057925575775e+00
1.488000000000000086e-02	9.324591385690789158e-02	1.280799464175575775e+00
1.489000000000000046e-02	9.285528885690789991e-02	1.273475245425575775e+00
1.490000000000000005e-02	9.290411698190789713e-02	1.277137354800575775e+00
1.490999999999999964e-02	9.251349198190789158e-02	1.269813136050575775e+00
1.491999999999999924e-02	9.256232010690790268e-02	1.272254542300575775e+00
1.493000000000000056e-02	9.207403885690790268e-02	1.264930323550575775e+00
1.494000000000000015e-02	9.212286698190789991e-02	1.268592432925575775e+00
1.494999999999999975e-02	9.158575760690790268e-02	1.261268214175575775e+00
1.495999999999999934e-02	9.163458573190789991e-02	1.263709620425575775e+00
1.497000000000000067e-02	9.104864823190789158e-02	1.256385401675575775e+00
1.498000000000000026e-02	9.104864823190789158e-02	1.258826807925575775e+00
1.498999999999999985e-02	9.046271073190789713e-02	1.251502589175575775e+00
1.499999999999999944e-02	9.046271073190789713e-02	1.255164698550575775e+00
1.501000000000000077e-02	8.977911698190789436e-02	1.247840479800575775e+00
1.502000000000000036e-02	8.977911698190789436e-02	1.250281886050575775e+00
1.502999999999999996e-02	8.909552323190789158e-02	1.242957667300575775e+00
1.503999999999999955e-02	8.909552323190789158e-02	1.246619776675575775e+00
1.504999999999999914e-02	8.836310135690789158e-02	1.238074854800575775e+00
1.506000000000000047e-02	8.836310135690789158e-02	1.241736964175575775e+00
1.507000000000000006e-02	8.763067948190789158e-02	1.234412745425575775e+00
1.507999999999999965e-02	8.758185135690789436e-02	1.236854151675575775e+00
1.508999999999999925e-02	8.684942948190789436e-02	1.229529932925575775e+00
1.510000000000000057e-02	8.680060135690789713e-02	1.233192042300575775e+00
1.511000000000000017e-02	8.601935135690789991e-02	1.225867823550575775e+00
1.511999999999999976e-02	8.601935135690789991e-02	1.228309229800575775e+00
1.512999999999999935e-02	8.523810135690790268e-02	1.220985011050575775e+00
1.514000000000000068e-02	8.518927323190789158e-02	1.224647120425575775e+00
1.515000000000000027e-02	8.440802323190789436e-02	1.216102198550575775e+00
1.515999999999999986e-02	8.440802323190789436e-02	1.219764307925575775e+00
1.516999999999999946e-02	8.362677323190789713e-02	1.212440089175575775e+00
1.518000000000000078e-02	8.352911698190790268e-02	1.214881495425575775e+00
1.519000000000000038e-02	8.279669510690790268e-02	1.207557276675575775e+00
