time[s]	CH1[V]	CH2[V] (num. of cycles: 1)
0.000000000000000000e+00	2.000000000000000164e-05	4.000000000000000327e-05
6.000000000000000152e-05	8.000000000000000654e-05	1.000000000000000048e-04
1.200000000000000030e-04	1.399999999999999877e-04	1.600000000000000131e-04
1.800000000000000113e-04	2.000000000000000096e-04	2.200000000000000078e-04
2.400000000000000061e-04	2.599999999999999772e-04	2.799999999999999755e-04
2.999999999999999737e-04	3.200000000000000262e-04	3.400000000000000244e-04
3.600000000000000227e-04	3.800000000000000209e-04	4.000000000000000192e-04
4.200000000000000174e-04	4.400000000000000157e-04	4.600000000000000139e-04
4.800000000000000122e-04	5.000000000000000104e-04	5.199999999999999544e-04
5.400000000000000069e-04	5.599999999999999509e-04	5.800000000000000034e-04
5.999999999999999474e-04	6.199999999999999999e-04	6.400000000000000524e-04
6.599999999999999964e-04	6.800000000000000488e-04	6.999999999999999929e-04
7.200000000000000453e-04	7.399999999999999894e-04	7.600000000000000418e-04
7.799999999999999859e-04	8.000000000000000383e-04	8.199999999999999824e-04
8.400000000000000348e-04	8.599999999999999789e-04	8.800000000000000313e-04
8.999999999999999754e-04	9.200000000000000278e-04	9.399999999999999719e-04
9.600000000000000243e-04	9.799999999999999684e-04	1.000000000000000021e-03
1.020000000000000073e-03	1.039999999999999909e-03	1.059999999999999961e-03
1.080000000000000014e-03	1.100000000000000066e-03	1.119999999999999902e-03
1.139999999999999954e-03	1.160000000000000007e-03	1.180000000000000059e-03
1.199999999999999895e-03	1.219999999999999947e-03	1.240000000000000000e-03
1.260000000000000052e-03	1.280000000000000105e-03	1.299999999999999940e-03
1.319999999999999993e-03	1.340000000000000045e-03	1.360000000000000098e-03
1.379999999999999933e-03	1.399999999999999986e-03	1.420000000000000038e-03
1.440000000000000091e-03	1.459999999999999926e-03	1.479999999999999979e-03
1.500000000000000031e-03	1.520000000000000084e-03	1.539999999999999919e-03
1.559999999999999972e-03	1.580000000000000024e-03	1.600000000000000077e-03
1.619999999999999912e-03	1.639999999999999965e-03	1.660000000000000017e-03
1.680000000000000070e-03	1.699999999999999905e-03	1.719999999999999958e-03
1.740000000000000010e-03	1.760000000000000063e-03	1.779999999999999898e-03
1.799999999999999951e-03	1.820000000000000003e-03	1.840000000000000056e-03
1.860000000000000108e-03	1.879999999999999944e-03	1.899999999999999996e-03
1.920000000000000049e-03	1.940000000000000101e-03	1.959999999999999937e-03
1.979999999999999989e-03	2.000000000000000042e-03	2.020000000000000094e-03
2.040000000000000147e-03	2.060000000000000199e-03	2.079999999999999818e-03
2.099999999999999870e-03	2.119999999999999923e-03	2.139999999999999975e-03
2.160000000000000028e-03	2.180000000000000080e-03	2.200000000000000133e-03
2.220000000000000185e-03	2.239999999999999804e-03	2.259999999999999856e-03
2.279999999999999909e-03	2.299999999999999961e-03	2.320000000000000014e-03
2.340000000000000066e-03	2.360000000000000119e-03	2.380000000000000171e-03
2.399999999999999790e-03	2.419999999999999842e-03	2.439999999999999895e-03
2.459999999999999947e-03	2.480000000000000000e-03	2.500000000000000052e-03
2.520000000000000104e-03	2.540000000000000157e-03	2.560000000000000209e-03
2.579999999999999828e-03	2.599999999999999881e-03	2.619999999999999933e-03
2.639999999999999986e-03	2.660000000000000038e-03	2.680000000000000090e-03
2.700000000000000143e-03	2.720000000000000195e-03	2.739999999999999814e-03
2.759999999999999867e-03	2.779999999999999919e-03	2.799999999999999972e-03
2.820000000000000024e-03	2.840000000000000076e-03	2.860000000000000129e-03
2.880000000000000181e-03	2.899999999999999800e-03	2.919999999999999853e-03
2.939999999999999905e-03	2.959999999999999958e-03	2.980000000000000010e-03
3.000000000000000062e-03	3.020000000000000115e-03	3.040000000000000167e-03
3.059999999999999786e-03	3.079999999999999839e-03	3.099999999999999891e-03
3.119999999999999944e-03	3.139999999999999996e-03	3.160000000000000048e-03
3.180000000000000101e-03	3.200000000000000153e-03	3.220000000000000206e-03
3.239999999999999825e-03	3.259999999999999877e-03	3.279999999999999930e-03
3.299999999999999982e-03	3.320000000000000034e-03	3.340000000000000087e-03
3.360000000000000139e-03	3.380000000000000192e-03	3.399999999999999811e-03
3.419999999999999863e-03	3.439999999999999915e-03	3.459999999999999968e-03
3.480000000000000020e-03	3.500000000000000073e-03	3.520000000000000125e-03
3.540000000000000178e-03	3.559999999999999797e-03	3.579999999999999849e-03
3.599999999999999901e-03	3.619999999999999954e-03	3.640000000000000006e-03
3.660000000000000059e-03	3.680000000000000111e-03	3.700000000000000164e-03
3.720000000000000216e-03	3.739999999999999835e-03	3.759999999999999887e-03
3.779999999999999940e-03	3.799999999999999992e-03	3.820000000000000045e-03
3.840000000000000097e-03	3.860000000000000150e-03	3.880000000000000202e-03
3.899999999999999821e-03	3.919999999999999873e-03	3.939999999999999926e-03
3.959999999999999978e-03	3.980000000000000031e-03	4.000000000000000083e-03
4.020000000000000136e-03	4.040000000000000188e-03	4.060000000000000241e-03
4.080000000000000293e-03	4.100000000000000346e-03	4.120000000000000398e-03
4.139999999999999583e-03	4.159999999999999636e-03	4.179999999999999688e-03
4.199999999999999740e-03	4.219999999999999793e-03	4.239999999999999845e-03
4.259999999999999898e-03	4.279999999999999950e-03	4.300000000000000003e-03
4.320000000000000055e-03	4.340000000000000108e-03	4.360000000000000160e-03
4.380000000000000213e-03	4.400000000000000265e-03	4.420000000000000318e-03
4.440000000000000370e-03	4.460000000000000422e-03	4.479999999999999608e-03
4.499999999999999660e-03	4.519999999999999712e-03	4.539999999999999765e-03
4.559999999999999817e-03	4.579999999999999870e-03	4.599999999999999922e-03
4.619999999999999975e-03	4.640000000000000027e-03	4.660000000000000080e-03
4.680000000000000132e-03	4.700000000000000185e-03	4.720000000000000237e-03
4.740000000000000289e-03	4.760000000000000342e-03	4.780000000000000394e-03
4.799999999999999580e-03	4.819999999999999632e-03	4.839999999999999684e-03
4.859999999999999737e-03	4.879999999999999789e-03	4.899999999999999842e-03
4.919999999999999894e-03	4.939999999999999947e-03	4.959999999999999999e-03
4.980000000000000052e-03	5.000000000000000104e-03	5.020000000000000157e-03
5.040000000000000209e-03	5.060000000000000261e-03	5.080000000000000314e-03
5.100000000000000366e-03	5.120000000000000419e-03	5.139999999999999604e-03
5.159999999999999656e-03	5.179999999999999709e-03	5.199999999999999761e-03
5.219999999999999814e-03	5.239999999999999866e-03	5.259999999999999919e-03
5.279999999999999971e-03	5.300000000000000024e-03	5.320000000000000076e-03
5.340000000000000129e-03	5.360000000000000181e-03	5.380000000000000233e-03
5.400000000000000286e-03	5.420000000000000338e-03	5.440000000000000391e-03
5.459999999999999576e-03	5.479999999999999628e-03	5.499999999999999681e-03
5.519999999999999733e-03	5.539999999999999786e-03	5.559999999999999838e-03
5.579999999999999891e-03	5.599999999999999943e-03	5.619999999999999996e-03
5.640000000000000048e-03	5.660000000000000100e-03	5.680000000000000153e-03
5.700000000000000205e-03	5.720000000000000258e-03	5.740000000000000310e-03
5.760000000000000363e-03	5.780000000000000415e-03	5.799999999999999600e-03
5.819999999999999653e-03	5.839999999999999705e-03	5.859999999999999758e-03
5.879999999999999810e-03	5.899999999999999863e-03	5.919999999999999915e-03
5.939999999999999968e-03	5.960000000000000020e-03	5.980000000000000072e-03
6.000000000000000125e-03	6.020000000000000177e-03	6.040000000000000230e-03
6.060000000000000282e-03	6.080000000000000335e-03	6.100000000000000387e-03
6.119999999999999572e-03	6.139999999999999625e-03	6.159999999999999677e-03
6.179999999999999730e-03	6.199999999999999782e-03	6.219999999999999835e-03
6.239999999999999887e-03	6.259999999999999939e-03	6.279999999999999992e-03
6.300000000000000044e-03	6.320000000000000097e-03	6.340000000000000149e-03
6.360000000000000202e-03	6.380000000000000254e-03	6.400000000000000307e-03
6.420000000000000359e-03	6.440000000000000412e-03	6.459999999999999597e-03
6.479999999999999649e-03	6.499999999999999702e-03	6.519999999999999754e-03
6.539999999999999807e-03	6.559999999999999859e-03	6.579999999999999911e-03
6.599999999999999964e-03	6.620000000000000016e-03	6.640000000000000069e-03
6.660000000000000121e-03	6.680000000000000174e-03	6.700000000000000226e-03
6.720000000000000279e-03	6.740000000000000331e-03	6.760000000000000384e-03
6.779999999999999569e-03	6.799999999999999621e-03	6.819999999999999674e-03
6.839999999999999726e-03	6.859999999999999779e-03	6.879999999999999831e-03
6.899999999999999883e-03	6.919999999999999936e-03	6.939999999999999988e-03
6.960000000000000041e-03	6.980000000000000093e-03	7.000000000000000146e-03
7.020000000000000198e-03	7.040000000000000251e-03	7.060000000000000303e-03
7.080000000000000356e-03	7.100000000000000408e-03	7.119999999999999593e-03
7.139999999999999646e-03	7.159999999999999698e-03	7.179999999999999750e-03
7.199999999999999803e-03	7.219999999999999855e-03	7.239999999999999908e-03
7.259999999999999960e-03	7.280000000000000013e-03	7.300000000000000065e-03
7.320000000000000118e-03	7.340000000000000170e-03	7.360000000000000223e-03
7.380000000000000275e-03	7.400000000000000328e-03	7.420000000000000380e-03
7.440000000000000432e-03	7.459999999999999618e-03	7.479999999999999670e-03
7.499999999999999722e-03	7.519999999999999775e-03	7.539999999999999827e-03
7.559999999999999880e-03	7.579999999999999932e-03	7.599999999999999985e-03
7.620000000000000037e-03	7.640000000000000090e-03	7.660000000000000142e-03
7.680000000000000195e-03	7.700000000000000247e-03	7.720000000000000299e-03
7.740000000000000352e-03	7.760000000000000404e-03	7.779999999999999589e-03
7.799999999999999642e-03	7.820000000000000562e-03	7.839999999999999747e-03
7.860000000000000667e-03	7.879999999999999852e-03	7.900000000000000772e-03
7.919999999999999957e-03	7.939999999999999142e-03	7.960000000000000062e-03
7.979999999999999247e-03	8.000000000000000167e-03	8.019999999999999352e-03
8.040000000000000271e-03	8.059999999999999457e-03	8.080000000000000376e-03
8.099999999999999561e-03	8.120000000000000481e-03	8.139999999999999666e-03
8.160000000000000586e-03	8.179999999999999771e-03	8.200000000000000691e-03
8.219999999999999876e-03	8.240000000000000796e-03	8.259999999999999981e-03
8.279999999999999166e-03	8.300000000000000086e-03	8.319999999999999271e-03
8.340000000000000191e-03	8.359999999999999376e-03	8.380000000000000296e-03
8.399999999999999481e-03	8.420000000000000401e-03	8.439999999999999586e-03
8.460000000000000506e-03	8.479999999999999691e-03	8.500000000000000611e-03
8.519999999999999796e-03	8.540000000000000716e-03	8.559999999999999901e-03
8.580000000000000820e-03	8.600000000000000006e-03	8.619999999999999191e-03
8.640000000000000110e-03	8.659999999999999296e-03	8.680000000000000215e-03
8.699999999999999400e-03	8.720000000000000320e-03	8.739999999999999505e-03
8.760000000000000425e-03	8.779999999999999610e-03	8.800000000000000530e-03
8.819999999999999715e-03	8.840000000000000635e-03	8.859999999999999820e-03
8.880000000000000740e-03	8.899999999999999925e-03	8.920000000000000845e-03
8.940000000000000030e-03	8.959999999999999215e-03	8.980000000000000135e-03
8.999999999999999320e-03	9.020000000000000240e-03	9.039999999999999425e-03
9.060000000000000345e-03	9.079999999999999530e-03	9.100000000000000450e-03
9.119999999999999635e-03	9.140000000000000555e-03	9.159999999999999740e-03
9.180000000000000659e-03	9.199999999999999845e-03	9.220000000000000764e-03
9.239999999999999949e-03	9.259999999999999135e-03	9.280000000000000054e-03
9.299999999999999239e-03	9.320000000000000159e-03	9.339999999999999344e-03
9.360000000000000264e-03	9.379999999999999449e-03	9.400000000000000369e-03
9.419999999999999554e-03	9.440000000000000474e-03	9.459999999999999659e-03
9.480000000000000579e-03	9.499999999999999764e-03	9.520000000000000684e-03
9.539999999999999869e-03	9.560000000000000789e-03	9.579999999999999974e-03
9.599999999999999159e-03	9.620000000000000079e-03	9.639999999999999264e-03
9.660000000000000184e-03	9.679999999999999369e-03	9.700000000000000289e-03
9.719999999999999474e-03	9.740000000000000394e-03	9.759999999999999579e-03
9.780000000000000498e-03	9.799999999999999684e-03	9.820000000000000603e-03
9.839999999999999789e-03	9.860000000000000708e-03	9.879999999999999893e-03
9.900000000000000813e-03	9.919999999999999998e-03	9.939999999999999183e-03
9.960000000000000103e-03	9.979999999999999288e-03	1.000000000000000021e-02
1.001999999999999939e-02	1.004000000000000031e-02	1.005999999999999950e-02
1.008000000000000042e-02	1.009999999999999960e-02	1.012000000000000052e-02
1.013999999999999971e-02	1.016000000000000063e-02	1.017999999999999981e-02
1.020000000000000073e-02	1.021999999999999992e-02	1.024000000000000084e-02
1.026000000000000002e-02	1.027999999999999921e-02	1.030000000000000013e-02
1.031999999999999931e-02	1.034000000000000023e-02	1.035999999999999942e-02
1.038000000000000034e-02	1.039999999999999952e-02	1.042000000000000044e-02
1.043999999999999963e-02	1.046000000000000055e-02	1.047999999999999973e-02
1.050000000000000065e-02	1.051999999999999984e-02	1.054000000000000076e-02
1.055999999999999994e-02	1.058000000000000086e-02	1.060000000000000005e-02
1.061999999999999923e-02	1.064000000000000015e-02	1.065999999999999934e-02
1.068000000000000026e-02	1.069999999999999944e-02	1.072000000000000036e-02
1.073999999999999955e-02	1.076000000000000047e-02	1.077999999999999965e-02
1.080000000000000057e-02	1.081999999999999976e-02	1.084000000000000068e-02
1.085999999999999986e-02	1.088000000000000078e-02	1.089999999999999997e-02
1.091999999999999915e-02	1.094000000000000007e-02	1.095999999999999926e-02
1.098000000000000018e-02	1.099999999999999936e-02	1.102000000000000028e-02
1.103999999999999947e-02	1.106000000000000039e-02	1.107999999999999957e-02
1.110000000000000049e-02	1.111999999999999968e-02	1.114000000000000060e-02
1.115999999999999978e-02	1.118000000000000070e-02	1.119999999999999989e-02
1.122000000000000081e-02	1.123999999999999999e-02	1.125999999999999918e-02
1.128000000000000010e-02	1.129999999999999928e-02	1.132000000000000020e-02
1.133999999999999939e-02	1.136000000000000031e-02	1.137999999999999949e-02
1.140000000000000041e-02	1.141999999999999960e-02	1.144000000000000052e-02
1.145999999999999970e-02	1.148000000000000062e-02	1.149999999999999981e-02
1.152000000000000073e-02	1.153999999999999991e-02	1.156000000000000083e-02
1.158000000000000002e-02	1.159999999999999920e-02	1.162000000000000012e-02
1.163999999999999931e-02	1.166000000000000023e-02	1.167999999999999941e-02
1.170000000000000033e-02	1.171999999999999952e-02	1.174000000000000044e-02
1.175999999999999962e-02	1.178000000000000054e-02	1.179999999999999973e-02
1.182000000000000065e-02	1.183999999999999983e-02	1.186000000000000075e-02
1.187999999999999994e-02	1.190000000000000085e-02	1.192000000000000004e-02
1.193999999999999923e-02	1.196000000000000014e-02	1.197999999999999933e-02
1.200000000000000025e-02	1.201999999999999943e-02	1.204000000000000035e-02
1.205999999999999954e-02	1.208000000000000046e-02	1.209999999999999964e-02
1.212000000000000056e-02	1.213999999999999975e-02	1.216000000000000067e-02
1.217999999999999985e-02	1.220000000000000077e-02	1.221999999999999996e-02
1.223999999999999914e-02	1.226000000000000006e-02	1.227999999999999925e-02
1.230000000000000017e-02	1.231999999999999935e-02	1.234000000000000027e-02
1.235999999999999946e-02	1.238000000000000038e-02	1.239999999999999956e-02
1.242000000000000048e-02	1.243999999999999967e-02	1.246000000000000059e-02
1.247999999999999977e-02	1.250000000000000069e-02	1.251999999999999988e-02
1.254000000000000080e-02	1.255999999999999998e-02	1.257999999999999917e-02
1.260000000000000009e-02	1.261999999999999927e-02	1.264000000000000019e-02
1.265999999999999938e-02	1.268000000000000030e-02	1.269999999999999948e-02
1.272000000000000040e-02	1.273999999999999959e-02	1.276000000000000051e-02
1.277999999999999969e-02	1.280000000000000061e-02	1.281999999999999980e-02
1.284000000000000072e-02	1.285999999999999990e-02	1.288000000000000082e-02
1.290000000000000001e-02	1.291999999999999919e-02	1.294000000000000011e-02
1.295999999999999930e-02	1.298000000000000022e-02	1.299999999999999940e-02
1.302000000000000032e-02	1.303999999999999951e-02	1.306000000000000043e-02
1.307999999999999961e-02	1.310000000000000053e-02	1.311999999999999972e-02
1.314000000000000064e-02	1.315999999999999982e-02	1.318000000000000074e-02
1.319999999999999993e-02	1.322000000000000085e-02	1.324000000000000003e-02
1.325999999999999922e-02	1.328000000000000014e-02	1.329999999999999932e-02
1.332000000000000024e-02	1.333999999999999943e-02	1.336000000000000035e-02
1.337999999999999953e-02	1.340000000000000045e-02	1.341999999999999964e-02
1.344000000000000056e-02	1.345999999999999974e-02	1.348000000000000066e-02
1.349999999999999985e-02	1.352000000000000077e-02	1.353999999999999995e-02
1.355999999999999914e-02	1.358000000000000006e-02	1.359999999999999924e-02
1.362000000000000016e-02	1.363999999999999935e-02	1.366000000000000027e-02
1.367999999999999945e-02	1.370000000000000037e-02	1.371999999999999956e-02
1.374000000000000048e-02	1.375999999999999966e-02	1.378000000000000058e-02
1.379999999999999977e-02	1.382000000000000069e-02	1.383999999999999987e-02
1.386000000000000079e-02	1.387999999999999998e-02	1.389999999999999916e-02
1.392000000000000008e-02	1.393999999999999927e-02	1.396000000000000019e-02
1.397999999999999937e-02	1.400000000000000029e-02	1.401999999999999948e-02
1.404000000000000040e-02	1.405999999999999958e-02	1.408000000000000050e-02
1.409999999999999969e-02	1.412000000000000061e-02	1.413999999999999979e-02
1.416000000000000071e-02	1.417999999999999990e-02	1.420000000000000082e-02
1.422000000000000000e-02	1.423999999999999919e-02	1.426000000000000011e-02
1.427999999999999929e-02	1.430000000000000021e-02	1.431999999999999940e-02
1.434000000000000032e-02	1.435999999999999950e-02	1.438000000000000042e-02
1.439999999999999961e-02	1.442000000000000053e-02	1.443999999999999971e-02
1.446000000000000063e-02	1.447999999999999982e-02	1.450000000000000074e-02
1.451999999999999992e-02	1.454000000000000084e-02	1.456000000000000003e-02
1.457999999999999921e-02	1.460000000000000013e-02	1.461999999999999932e-02
1.464000000000000024e-02	1.465999999999999942e-02	1.468000000000000034e-02
1.469999999999999953e-02	1.472000000000000045e-02	1.473999999999999963e-02
1.476000000000000055e-02	1.477999999999999974e-02	1.480000000000000066e-02
1.481999999999999984e-02	1.484000000000000076e-02	1.485999999999999995e-02
1.488000000000000086e-02	1.490000000000000005e-02	1.491999999999999924e-02
1.494000000000000015e-02	1.495999999999999934e-02	1.498000000000000026e-02
1.499999999999999944e-02	1.502000000000000036e-02	1.503999999999999955e-02
1.506000000000000047e-02	1.507999999999999965e-02	1.510000000000000057e-02
1.511999999999999976e-02	1.514000000000000068e-02	1.515999999999999986e-02
1.518000000000000078e-02	1.519999999999999997e-02	1.521999999999999915e-02
1.524000000000000007e-02	1.525999999999999926e-02	1.528000000000000018e-02
1.529999999999999936e-02	1.532000000000000028e-02	1.533999999999999947e-02
1.536000000000000039e-02	1.537999999999999957e-02	1.540000000000000049e-02
1.541999999999999968e-02	1.544000000000000060e-02	1.545999999999999978e-02
1.548000000000000070e-02	1.549999999999999989e-02	1.552000000000000081e-02
1.553999999999999999e-02	1.555999999999999918e-02	1.558000000000000010e-02
1.559999999999999928e-02	1.562000000000000020e-02	1.564000000000000112e-02
1.566000000000000031e-02	1.567999999999999949e-02	1.569999999999999868e-02
1.572000000000000133e-02	1.574000000000000052e-02	1.575999999999999970e-02
1.577999999999999889e-02	1.580000000000000154e-02	1.582000000000000073e-02
1.583999999999999991e-02	1.585999999999999910e-02	1.587999999999999828e-02
1.590000000000000094e-02	1.592000000000000012e-02	1.593999999999999931e-02
1.595999999999999849e-02	1.598000000000000115e-02	1.600000000000000033e-02
1.601999999999999952e-02	1.603999999999999870e-02	1.606000000000000136e-02
1.608000000000000054e-02	1.609999999999999973e-02	1.611999999999999891e-02
1.614000000000000157e-02	1.616000000000000075e-02	1.617999999999999994e-02
1.619999999999999912e-02	1.621999999999999831e-02	1.624000000000000096e-02
1.626000000000000015e-02	1.627999999999999933e-02	1.629999999999999852e-02
1.632000000000000117e-02	1.634000000000000036e-02	1.635999999999999954e-02
1.637999999999999873e-02	1.640000000000000138e-02	1.642000000000000057e-02
1.643999999999999975e-02	1.645999999999999894e-02	1.648000000000000159e-02
1.650000000000000078e-02	1.651999999999999996e-02	1.653999999999999915e-02
1.655999999999999833e-02	1.658000000000000099e-02	1.660000000000000017e-02
1.661999999999999936e-02	1.663999999999999854e-02	1.666000000000000120e-02
1.668000000000000038e-02	1.669999999999999957e-02	1.671999999999999875e-02
1.674000000000000141e-02	1.676000000000000059e-02	1.677999999999999978e-02
1.679999999999999896e-02	1.682000000000000162e-02	1.684000000000000080e-02
1.685999999999999999e-02	1.687999999999999917e-02	1.689999999999999836e-02
1.692000000000000101e-02	1.694000000000000020e-02	1.695999999999999938e-02
1.697999999999999857e-02	1.700000000000000122e-02	1.702000000000000041e-02
1.703999999999999959e-02	1.705999999999999878e-02	1.708000000000000143e-02
1.710000000000000062e-02	1.711999999999999980e-02	1.713999999999999899e-02
1.716000000000000164e-02	1.718000000000000083e-02	1.720000000000000001e-02
1.721999999999999920e-02	1.723999999999999838e-02	1.726000000000000104e-02
1.728000000000000022e-02	1.729999999999999941e-02	1.731999999999999859e-02
1.734000000000000125e-02	1.736000000000000043e-02	1.737999999999999962e-02
1.739999999999999880e-02	1.742000000000000146e-02	1.744000000000000064e-02
1.745999999999999983e-02	1.747999999999999901e-02	1.750000000000000167e-02
1.752000000000000085e-02	1.754000000000000004e-02	1.755999999999999922e-02
1.757999999999999841e-02	1.760000000000000106e-02	1.762000000000000025e-02
1.763999999999999943e-02	1.765999999999999862e-02	1.768000000000000127e-02
1.770000000000000046e-02	1.771999999999999964e-02	1.773999999999999883e-02
1.776000000000000148e-02	1.778000000000000067e-02	1.779999999999999985e-02
1.781999999999999904e-02	1.784000000000000169e-02	1.786000000000000087e-02
1.788000000000000006e-02	1.789999999999999925e-02	1.791999999999999843e-02
1.794000000000000108e-02	1.796000000000000027e-02	1.797999999999999945e-02
1.799999999999999864e-02	1.802000000000000129e-02	1.804000000000000048e-02
1.805999999999999966e-02	1.807999999999999885e-02	1.810000000000000150e-02
1.812000000000000069e-02	1.813999999999999987e-02	1.815999999999999906e-02
1.818000000000000171e-02	1.820000000000000090e-02	1.822000000000000008e-02
1.823999999999999927e-02	1.825999999999999845e-02	1.828000000000000111e-02
1.830000000000000029e-02	1.831999999999999948e-02	1.833999999999999866e-02
1.836000000000000132e-02	1.838000000000000050e-02	1.839999999999999969e-02
1.841999999999999887e-02	1.844000000000000153e-02	1.846000000000000071e-02
1.847999999999999990e-02	1.849999999999999908e-02	1.851999999999999827e-02
1.854000000000000092e-02	1.856000000000000011e-02	1.857999999999999929e-02
1.859999999999999848e-02	1.862000000000000113e-02	1.864000000000000032e-02
1.865999999999999950e-02	1.867999999999999869e-02	1.870000000000000134e-02
1.872000000000000053e-02	1.873999999999999971e-02	1.875999999999999890e-02
1.878000000000000155e-02	1.880000000000000074e-02	1.881999999999999992e-02
1.883999999999999911e-02	1.885999999999999829e-02	1.888000000000000095e-02
1.890000000000000013e-02	1.891999999999999932e-02	1.893999999999999850e-02
1.896000000000000116e-02	1.898000000000000034e-02	1.899999999999999953e-02
1.901999999999999871e-02	1.904000000000000137e-02	1.906000000000000055e-02
1.907999999999999974e-02	1.909999999999999892e-02	1.912000000000000158e-02
1.914000000000000076e-02	1.915999999999999995e-02	1.917999999999999913e-02
1.919999999999999832e-02	1.922000000000000097e-02	1.924000000000000016e-02
1.925999999999999934e-02	1.927999999999999853e-02	1.930000000000000118e-02
1.932000000000000037e-02	1.933999999999999955e-02	1.935999999999999874e-02
1.938000000000000139e-02	1.940000000000000058e-02	1.941999999999999976e-02
1.943999999999999895e-02	1.946000000000000160e-02	1.948000000000000079e-02
1.949999999999999997e-02	1.951999999999999916e-02	1.953999999999999834e-02
1.956000000000000100e-02	1.958000000000000018e-02	1.959999999999999937e-02
1.961999999999999855e-02	1.964000000000000121e-02	1.966000000000000039e-02
1.967999999999999958e-02	1.969999999999999876e-02	1.972000000000000142e-02
1.974000000000000060e-02	1.975999999999999979e-02	1.977999999999999897e-02
1.980000000000000163e-02	1.982000000000000081e-02	1.984000000000000000e-02
1.985999999999999918e-02	1.987999999999999837e-02	1.990000000000000102e-02
1.992000000000000021e-02	1.993999999999999939e-02	1.995999999999999858e-02
1.998000000000000123e-02	2.000000000000000042e-02	2.001999999999999960e-02
2.003999999999999879e-02	2.006000000000000144e-02	2.008000000000000063e-02
2.009999999999999981e-02	2.011999999999999900e-02	2.014000000000000165e-02
2.016000000000000084e-02	2.018000000000000002e-02	2.019999999999999921e-02
2.021999999999999839e-02	2.024000000000000105e-02	2.026000000000000023e-02
2.027999999999999942e-02	2.029999999999999860e-02	2.032000000000000126e-02
2.034000000000000044e-02	2.035999999999999963e-02	2.037999999999999881e-02
2.040000000000000147e-02	2.042000000000000065e-02	2.043999999999999984e-02
2.045999999999999902e-02	2.048000000000000168e-02	2.050000000000000086e-02
2.052000000000000005e-02	2.053999999999999923e-02	2.055999999999999842e-02
2.058000000000000107e-02	2.060000000000000026e-02	2.061999999999999944e-02
2.063999999999999863e-02	2.066000000000000128e-02	2.068000000000000047e-02
2.069999999999999965e-02	2.071999999999999884e-02	2.074000000000000149e-02
2.076000000000000068e-02	2.077999999999999986e-02	2.079999999999999905e-02
2.082000000000000170e-02	2.084000000000000088e-02	2.086000000000000007e-02
2.087999999999999926e-02	2.089999999999999844e-02	2.092000000000000109e-02
2.094000000000000028e-02	2.095999999999999946e-02	2.097999999999999865e-02
2.100000000000000130e-02	2.102000000000000049e-02	2.103999999999999967e-02
2.105999999999999886e-02	2.108000000000000151e-02	2.110000000000000070e-02
2.111999999999999988e-02	2.113999999999999907e-02	2.116000000000000172e-02
2.118000000000000091e-02	2.120000000000000009e-02	2.121999999999999928e-02
2.123999999999999846e-02	2.126000000000000112e-02	2.128000000000000030e-02
2.129999999999999949e-02	2.131999999999999867e-02	2.134000000000000133e-02
2.136000000000000051e-02	2.137999999999999970e-02	2.139999999999999888e-02
2.142000000000000154e-02	2.144000000000000072e-02	2.145999999999999991e-02
2.147999999999999909e-02	2.149999999999999828e-02	2.152000000000000093e-02
2.154000000000000012e-02	2.155999999999999930e-02	2.157999999999999849e-02
2.160000000000000114e-02	2.162000000000000033e-02	2.163999999999999951e-02
2.165999999999999870e-02	2.168000000000000135e-02	2.170000000000000054e-02
2.171999999999999972e-02	2.173999999999999891e-02	2.176000000000000156e-02
2.178000000000000075e-02	2.179999999999999993e-02	2.181999999999999912e-02
2.183999999999999830e-02	2.186000000000000096e-02	2.188000000000000014e-02
2.189999999999999933e-02	2.191999999999999851e-02	2.194000000000000117e-02
2.196000000000000035e-02	2.197999999999999954e-02	2.199999999999999872e-02
2.202000000000000138e-02	2.204000000000000056e-02	2.205999999999999975e-02
2.207999999999999893e-02	2.210000000000000159e-02	2.212000000000000077e-02
2.213999999999999996e-02	2.215999999999999914e-02	2.217999999999999833e-02
2.220000000000000098e-02	2.222000000000000017e-02	2.223999999999999935e-02
2.225999999999999854e-02	2.228000000000000119e-02	2.230000000000000038e-02
2.231999999999999956e-02	2.233999999999999875e-02	2.236000000000000140e-02
2.238000000000000059e-02	2.239999999999999977e-02	2.241999999999999896e-02
2.244000000000000161e-02	2.246000000000000080e-02	2.247999999999999998e-02
2.249999999999999917e-02	2.251999999999999835e-02	2.254000000000000101e-02
2.256000000000000019e-02	2.257999999999999938e-02	2.259999999999999856e-02
2.262000000000000122e-02	2.264000000000000040e-02	2.265999999999999959e-02
2.267999999999999877e-02	2.270000000000000143e-02	2.272000000000000061e-02
2.273999999999999980e-02	2.275999999999999898e-02	2.278000000000000164e-02
2.280000000000000082e-02	2.282000000000000001e-02	2.283999999999999919e-02
2.285999999999999838e-02	2.288000000000000103e-02	2.290000000000000022e-02
2.291999999999999940e-02	2.293999999999999859e-02	2.296000000000000124e-02
2.298000000000000043e-02	2.299999999999999961e-02	2.301999999999999880e-02
2.304000000000000145e-02	2.306000000000000064e-02	2.307999999999999982e-02
2.309999999999999901e-02	2.312000000000000166e-02	2.314000000000000085e-02
2.316000000000000003e-02	2.317999999999999922e-02	2.319999999999999840e-02
2.322000000000000106e-02	2.324000000000000024e-02	2.325999999999999943e-02
2.327999999999999861e-02	2.330000000000000127e-02	2.332000000000000045e-02
2.333999999999999964e-02	2.335999999999999882e-02	2.338000000000000148e-02
2.340000000000000066e-02	2.341999999999999985e-02	2.343999999999999903e-02
2.346000000000000169e-02	2.348000000000000087e-02	2.350000000000000006e-02
2.351999999999999924e-02	2.353999999999999843e-02	2.356000000000000108e-02
2.358000000000000027e-02	2.359999999999999945e-02	2.361999999999999864e-02
2.364000000000000129e-02	2.366000000000000048e-02	2.367999999999999966e-02
2.369999999999999885e-02	2.372000000000000150e-02	2.374000000000000069e-02
2.375999999999999987e-02	2.377999999999999906e-02	2.380000000000000171e-02
2.382000000000000089e-02	2.384000000000000008e-02	2.385999999999999927e-02
2.387999999999999845e-02	2.390000000000000110e-02	2.392000000000000029e-02
2.393999999999999947e-02	2.395999999999999866e-02	2.398000000000000131e-02
2.400000000000000050e-02	2.401999999999999968e-02	2.403999999999999887e-02
2.406000000000000152e-02	2.408000000000000071e-02	2.409999999999999989e-02
2.411999999999999908e-02	2.414000000000000173e-02	2.416000000000000092e-02
2.418000000000000010e-02	2.419999999999999929e-02	2.421999999999999847e-02
2.424000000000000113e-02	2.426000000000000031e-02	2.427999999999999950e-02
2.429999999999999868e-02	2.432000000000000134e-02	2.434000000000000052e-02
2.435999999999999971e-02	2.437999999999999889e-02	2.440000000000000155e-02
2.442000000000000073e-02	2.443999999999999992e-02	2.445999999999999910e-02
2.447999999999999829e-02	2.450000000000000094e-02	2.452000000000000013e-02
2.453999999999999931e-02	2.455999999999999850e-02	2.458000000000000115e-02
2.460000000000000034e-02	2.461999999999999952e-02	2.463999999999999871e-02
2.466000000000000136e-02	2.468000000000000055e-02	2.469999999999999973e-02
2.471999999999999892e-02	2.474000000000000157e-02	2.476000000000000076e-02
2.477999999999999994e-02	2.479999999999999913e-02	2.481999999999999831e-02
2.484000000000000097e-02	2.486000000000000015e-02	2.487999999999999934e-02
2.489999999999999852e-02	2.492000000000000118e-02	2.494000000000000036e-02
2.495999999999999955e-02	2.497999999999999873e-02	2.500000000000000139e-02
2.502000000000000057e-02	2.503999999999999976e-02	2.505999999999999894e-02
2.508000000000000160e-02	2.510000000000000078e-02	2.511999999999999997e-02
2.513999999999999915e-02	2.515999999999999834e-02	2.518000000000000099e-02
2.520000000000000018e-02	2.521999999999999936e-02	2.523999999999999855e-02
2.526000000000000120e-02	2.528000000000000039e-02	2.529999999999999957e-02
2.531999999999999876e-02	2.534000000000000141e-02	2.536000000000000060e-02
2.537999999999999978e-02	2.539999999999999897e-02	2.542000000000000162e-02
2.544000000000000081e-02	2.545999999999999999e-02	2.547999999999999918e-02
2.549999999999999836e-02	2.552000000000000102e-02	2.554000000000000020e-02
2.555999999999999939e-02	2.557999999999999857e-02	2.560000000000000123e-02
2.562000000000000041e-02	2.563999999999999960e-02	2.565999999999999878e-02
2.568000000000000144e-02	2.570000000000000062e-02	2.571999999999999981e-02
2.573999999999999899e-02	2.576000000000000165e-02	2.578000000000000083e-02
2.580000000000000002e-02	2.581999999999999920e-02	2.583999999999999839e-02
2.586000000000000104e-02	2.588000000000000023e-02	2.589999999999999941e-02
2.591999999999999860e-02	2.594000000000000125e-02	2.596000000000000044e-02
2.597999999999999962e-02	2.599999999999999881e-02	2.602000000000000146e-02
2.604000000000000065e-02	2.605999999999999983e-02	2.607999999999999902e-02
2.610000000000000167e-02	2.612000000000000086e-02	2.614000000000000004e-02
2.615999999999999923e-02	2.617999999999999841e-02	2.620000000000000107e-02
2.622000000000000025e-02	2.623999999999999944e-02	2.625999999999999862e-02
2.628000000000000128e-02	2.630000000000000046e-02	2.631999999999999965e-02
2.633999999999999883e-02	2.636000000000000149e-02	2.638000000000000067e-02
2.639999999999999986e-02	2.641999999999999904e-02	2.644000000000000170e-02
2.646000000000000088e-02	2.648000000000000007e-02	2.649999999999999925e-02
2.651999999999999844e-02	2.654000000000000109e-02	2.656000000000000028e-02
2.657999999999999946e-02	2.659999999999999865e-02	2.662000000000000130e-02
2.664000000000000049e-02	2.665999999999999967e-02	2.667999999999999886e-02
2.670000000000000151e-02	2.672000000000000069e-02	2.673999999999999988e-02
2.675999999999999907e-02	2.678000000000000172e-02	2.680000000000000090e-02
2.682000000000000009e-02	2.683999999999999928e-02	2.685999999999999846e-02
2.688000000000000111e-02	2.690000000000000030e-02	2.691999999999999948e-02
2.693999999999999867e-02	2.696000000000000132e-02	2.698000000000000051e-02
2.699999999999999969e-02	2.701999999999999888e-02	2.704000000000000153e-02
2.706000000000000072e-02	2.707999999999999990e-02	2.709999999999999909e-02
2.711999999999999827e-02	2.714000000000000093e-02	2.716000000000000011e-02
2.717999999999999930e-02	2.719999999999999848e-02	2.722000000000000114e-02
2.724000000000000032e-02	2.725999999999999951e-02	2.727999999999999869e-02
2.730000000000000135e-02	2.732000000000000053e-02	2.733999999999999972e-02
2.735999999999999890e-02	2.738000000000000156e-02	2.740000000000000074e-02
2.741999999999999993e-02	2.743999999999999911e-02	2.745999999999999830e-02
2.748000000000000095e-02	2.750000000000000014e-02	2.751999999999999932e-02
2.753999999999999851e-02	2.756000000000000116e-02	2.758000000000000035e-02
2.759999999999999953e-02	2.761999999999999872e-02	2.764000000000000137e-02
2.766000000000000056e-02	2.767999999999999974e-02	2.769999999999999893e-02
2.772000000000000158e-02	2.774000000000000077e-02	2.775999999999999995e-02
2.777999999999999914e-02	2.779999999999999832e-02	2.782000000000000098e-02
2.784000000000000016e-02	2.785999999999999935e-02	2.787999999999999853e-02
2.790000000000000119e-02	2.792000000000000037e-02	2.793999999999999956e-02
2.795999999999999874e-02	2.798000000000000140e-02	2.800000000000000058e-02
2.801999999999999977e-02	2.803999999999999895e-02	2.806000000000000161e-02
2.808000000000000079e-02	2.809999999999999998e-02	2.811999999999999916e-02
2.813999999999999835e-02	2.816000000000000100e-02	2.818000000000000019e-02
2.819999999999999937e-02	2.821999999999999856e-02	2.824000000000000121e-02
2.826000000000000040e-02	2.827999999999999958e-02	2.829999999999999877e-02
2.832000000000000142e-02	2.834000000000000061e-02	2.835999999999999979e-02
2.837999999999999898e-02	2.840000000000000163e-02	2.842000000000000082e-02
2.844000000000000000e-02	2.845999999999999919e-02	2.847999999999999837e-02
2.850000000000000103e-02	2.852000000000000021e-02	2.853999999999999940e-02
2.855999999999999858e-02	2.858000000000000124e-02	2.860000000000000042e-02
2.861999999999999961e-02	2.863999999999999879e-02	2.866000000000000145e-02
2.868000000000000063e-02	2.869999999999999982e-02	2.871999999999999900e-02
2.874000000000000166e-02	2.876000000000000084e-02	2.878000000000000003e-02
2.879999999999999921e-02	2.881999999999999840e-02	2.884000000000000105e-02
2.886000000000000024e-02	2.887999999999999942e-02	2.889999999999999861e-02
2.892000000000000126e-02	2.894000000000000045e-02	2.895999999999999963e-02
2.897999999999999882e-02	2.900000000000000147e-02	2.902000000000000066e-02
2.903999999999999984e-02	2.905999999999999903e-02	2.908000000000000168e-02
2.910000000000000087e-02	2.912000000000000005e-02	2.913999999999999924e-02
2.915999999999999842e-02	2.918000000000000108e-02	2.920000000000000026e-02
2.921999999999999945e-02	2.923999999999999863e-02	2.926000000000000129e-02
2.928000000000000047e-02	2.929999999999999966e-02	2.931999999999999884e-02
2.934000000000000150e-02	2.936000000000000068e-02	2.937999999999999987e-02
2.939999999999999905e-02	2.942000000000000171e-02	2.944000000000000089e-02
2.946000000000000008e-02	2.947999999999999926e-02	2.949999999999999845e-02
2.952000000000000110e-02	2.954000000000000029e-02	2.955999999999999947e-02
2.957999999999999866e-02	2.960000000000000131e-02	2.962000000000000050e-02
2.963999999999999968e-02	2.965999999999999887e-02	2.968000000000000152e-02
2.970000000000000070e-02	2.971999999999999989e-02	2.973999999999999908e-02
2.976000000000000173e-02	2.978000000000000091e-02	2.980000000000000010e-02
2.981999999999999929e-02	2.983999999999999847e-02	2.986000000000000112e-02
2.988000000000000031e-02	2.989999999999999949e-02	2.991999999999999868e-02
2.994000000000000133e-02	2.996000000000000052e-02	2.997999999999999970e-02
2.999999999999999889e-02	3.002000000000000154e-02	3.004000000000000073e-02
3.005999999999999991e-02	3.007999999999999910e-02	3.009999999999999828e-02
3.012000000000000094e-02	3.014000000000000012e-02	3.015999999999999931e-02
3.017999999999999849e-02	3.020000000000000115e-02	3.022000000000000033e-02
3.023999999999999952e-02	3.025999999999999870e-02	3.028000000000000136e-02
3.030000000000000054e-02	3.031999999999999973e-02	3.033999999999999891e-02
3.036000000000000157e-02	3.038000000000000075e-02	2.913175884046052995e-03
2.913175884046052995e-03	3.352629009046053168e-03	2.962004009046052821e-03
3.401457134046052995e-03	3.010832134046053082e-03	3.450285259046052821e-03
3.010832134046053082e-03	3.499113384046053082e-03	3.108488384046053168e-03
3.499113384046053082e-03	3.108488384046053168e-03	3.547941509046052908e-03
3.108488384046053168e-03	3.547941509046052908e-03	3.157316509046052995e-03
3.499113384046053082e-03	3.108488384046053168e-03	3.499113384046053082e-03
3.108488384046053168e-03	3.450285259046052821e-03	3.059660259046052908e-03
3.352629009046053168e-03	3.059660259046052908e-03	3.303800884046052908e-03
2.962004009046052821e-03	3.254972759046053082e-03	2.864347759046053168e-03
3.206144634046052821e-03	2.766691509046053082e-03	3.108488384046053168e-03
2.717863384046052821e-03	3.059660259046052908e-03	2.620207134046053168e-03
3.010832134046053082e-03	2.571379009046052908e-03	2.962004009046052821e-03
2.571379009046052908e-03	2.962004009046052821e-03	2.620207134046053168e-03
3.059660259046052908e-03	2.620207134046053168e-03	3.108488384046053168e-03
2.717863384046052821e-03	3.254972759046053082e-03	2.815519634046052908e-03
3.352629009046053168e-03	2.962004009046052821e-03	3.352629009046053168e-03
2.962004009046052821e-03	3.401457134046052995e-03	3.010832134046053082e-03
3.401457134046052995e-03	2.962004009046052821e-03	3.352629009046053168e-03
2.962004009046052821e-03	3.352629009046053168e-03	2.913175884046052995e-03
3.254972759046053082e-03	2.913175884046052995e-03	3.254972759046053082e-03
2.815519634046052908e-03	3.206144634046052821e-03	2.766691509046053082e-03
3.108488384046053168e-03	2.669035259046052995e-03	3.010832134046053082e-03
2.522550884046053082e-03	2.864347759046053168e-03	2.473722759046052821e-03
2.717863384046052821e-03	2.278410259046053082e-03	2.620207134046053168e-03
2.180754009046052995e-03	2.424894634046052995e-03	2.034269634046053082e-03
2.229582134046052821e-03	1.838957134046052908e-03	2.083097759046052908e-03
1.643644634046052952e-03	1.838957134046052908e-03	1.399504009046052952e-03
1.594816509046052908e-03	1.106535259046052908e-03	1.301847759046052865e-03
8.623946340460529082e-04	1.008879009046052821e-03	5.694258840460528649e-04
6.670821340460528432e-04	2.276290090460528323e-04	3.252852590460528649e-04
-1.629959909539471894e-04	-6.533974095394718394e-05	-6.024491159539472002e-04
-5.536209909539471568e-04	-1.139558490953947135e-03	-1.090730365953947309e-03
-1.725495990953947222e-03	-1.725495990953947222e-03	-2.409089740953947179e-03
-2.360261615953947352e-03	-3.190339740953947439e-03	-3.141511615953947179e-03
-3.971589740953947699e-03	-3.971589740953947699e-03	-4.801667865953947352e-03
-4.801667865953947352e-03	-5.631745990953947872e-03	-5.631745990953947872e-03
-6.510652240953947352e-03	-6.559480365953947179e-03	-7.389558490953947699e-03
-7.389558490953947699e-03	-8.219636615953948219e-03	-8.268464740953947179e-03
-9.147370990953947525e-03	-9.196199115953948219e-03	-1.007510536595394857e-02
-1.012393349095394753e-02	-1.105166786595394857e-02	-1.110049599095394753e-02
-1.202823036595394857e-02	-1.207705849095394753e-02	-1.300479286595394683e-02
-1.305362099095394579e-02	-1.393252724095394614e-02	-1.398135536595394683e-02
-1.486026161595394718e-02	-1.490908974095394614e-02	-1.578799599095394648e-02
-1.583682411595394718e-02	-1.666690224095394510e-02	-1.671573036595394579e-02
-1.759463661595394787e-02	-1.759463661595394787e-02	-1.847354286595394648e-02
-1.857119911595394787e-02	-1.940127724095394579e-02	-1.945010536595394648e-02
-2.032901161595394857e-02	-2.037783974095394579e-02	-2.120791786595394718e-02
-2.125674599095394787e-02	-2.218448036595394718e-02	-2.218448036595394718e-02
-2.311221474095394648e-02	-2.311221474095394648e-02	-2.403994911595394579e-02
-2.408877724095394648e-02	-2.501651161595394579e-02	-2.506533974095394648e-02
-2.599307411595394579e-02	-2.604190224095394648e-02	-2.696963661595394579e-02
-2.701846474095394648e-02	-2.804385536595394718e-02	-2.809268349095394787e-02
-2.911807411595394857e-02	-2.921573036595394648e-02	-3.028994911595394787e-02
-3.038760536595394579e-02	-3.146182411595394718e-02	-3.155948036595394857e-02
-3.268252724095394718e-02	-3.278018349095394857e-02	-3.400088661595394857e-02
-3.404971474095394579e-02	-3.522158974095394857e-02	-3.531924599095394995e-02
-3.653994911595394995e-02	-3.663760536595394440e-02	-3.785830849095395134e-02
-3.795596474095394579e-02	-3.912783974095394857e-02	-3.927432411595394718e-02
-4.049502724095394718e-02	-4.059268349095394857e-02	-4.181338661595394857e-02
-4.191104286595394995e-02	-4.313174599095394995e-02	-4.327823036595394857e-02
-4.445010536595395134e-02	-4.454776161595394579e-02	-4.567080849095395134e-02
-4.576846474095394579e-02	-4.689151161595395134e-02	-4.698916786595394579e-02
-4.806338661595394718e-02	-4.816104286595394857e-02	-4.913760536595394857e-02
-4.923526161595394995e-02	-5.026065224095395412e-02	-5.030948036595395134e-02
-5.128604286595395134e-02	-5.133487099095395551e-02	-5.226260536595395134e-02
-5.236026161595395273e-02	-5.328799599095395551e-02	-5.333682411595395273e-02
-5.426455849095395551e-02	-5.431338661595395273e-02	-5.519229286595395134e-02
-5.528994911595395273e-02	-5.616885536595395134e-02	-5.621768349095395551e-02
-5.709658974095395412e-02	-5.719424599095395551e-02	-5.807315224095395412e-02
-5.812198036595395134e-02	-5.900088661595395689e-02	-5.909854286595395134e-02
-5.997744911595395689e-02	-6.002627724095395412e-02	-6.095401161595395689e-02
-6.100283974095395412e-02	-6.188174599095395273e-02	-6.197940224095395412e-02
-6.295596474095395412e-02	-6.300479286595395134e-02	-6.398135536595395134e-02
-6.403018349095394857e-02	-6.505557411595395967e-02	-6.515323036595395412e-02
-6.608096474095395689e-02	-6.617862099095395134e-02	-6.720401161595394857e-02
-6.725283974095395967e-02	-6.822940224095395967e-02	-6.832705849095395412e-02
-6.925479286595395689e-02	-6.930362099095395412e-02	-7.018252724095395967e-02
-7.023135536595395689e-02	-7.096377724095395689e-02	-7.091494911595395967e-02
-7.150088661595395412e-02	-7.135440224095394857e-02	-7.179385536595395134e-02
-7.135440224095394857e-02	-7.174502724095395412e-02	-7.091494911595395967e-02
-7.145205849095395689e-02	-7.003604286595395412e-02	-7.086612099095394857e-02
-6.886416786595395134e-02	-6.993838661595395967e-02	-6.739932411595395134e-02
-6.876651161595395689e-02	-6.573916786595394857e-02	-6.725283974095395967e-02
-6.398135536595395134e-02	-6.559268349095395689e-02	-6.202823036595395134e-02
-6.378604286595394857e-02	-6.002627724095395412e-02	-6.183291786595395551e-02
-5.802432411595395689e-02	-5.987979286595395551e-02	-5.592471474095395134e-02
-5.778018349095395689e-02	-5.387393349095395689e-02	-5.572940224095395551e-02
-5.187198036595395273e-02	-5.367862099095395412e-02	-4.991885536595394579e-02
-5.172549599095395412e-02	-4.811221474095395134e-02	-4.977237099095394718e-02
-4.630557411595394995e-02	-4.796573036595394579e-02	-4.474307411595394857e-02
-4.620791786595394857e-02	-4.318057411595394718e-02	-4.454776161595394579e-02
-4.181338661595394857e-02	-4.303408974095394857e-02	-4.059268349095394857e-02
-4.171573036595394718e-02	-3.946963661595394995e-02	-4.049502724095394718e-02
-3.849307411595394995e-02	-3.937198036595394857e-02	-3.756533974095394718e-02
-3.844424599095394579e-02	-3.673526161595394579e-02	-3.751651161595394995e-02
-3.590518349095394440e-02	-3.668643349095394857e-02	-3.507510536595394995e-02
-3.590518349095394440e-02	-3.429385536595394579e-02	-3.512393349095394718e-02
-3.346377724095394440e-02	-3.424502724095394857e-02	-3.263369911595394995e-02
-3.341494911595394718e-02	-3.170596474095394718e-02	-3.258487099095394579e-02
-3.087588661595394579e-02	-3.170596474095394718e-02	-2.994815224095394648e-02
-3.082705849095394857e-02	-2.902041786595394718e-02	-2.994815224095394648e-02
-2.809268349095394787e-02	-2.897158974095394648e-02	-2.701846474095394648e-02
-2.799502724095394648e-02	-2.589541786595394787e-02	-2.692080849095394857e-02
-2.467471474095394787e-02	-2.579776161595394648e-02	-2.345401161595394787e-02
-2.462588661595394718e-02	-2.218448036595394718e-02	-2.335635536595394648e-02
-2.091494911595394648e-02	-2.203799599095394857e-02	-1.964541786595394579e-02
-2.076846474095394787e-02	-1.847354286595394648e-02	-1.959658974095394857e-02
-1.725283974095394648e-02	-1.832705849095394787e-02	-1.603213661595394648e-02
-1.715518349095394510e-02	-1.486026161595394718e-02	-1.598330849095394579e-02
-1.368838661595394614e-02	-1.476260536595394579e-02	-1.251651161595394683e-02
-1.354190224095394579e-02	-1.134463661595394753e-02	-1.237002724095394822e-02
-1.027041786595394787e-02	-1.124698036595394787e-02	-9.293855365953947872e-03
-1.022158974095394718e-02	-8.317292865953947872e-03	-9.196199115953948219e-03
-7.438386615953947525e-03	-8.268464740953947179e-03	-6.608308490953947872e-03
-7.389558490953947699e-03	-5.778230365953947352e-03	-6.608308490953947872e-03
-5.045808490953947352e-03	-5.827058490953947179e-03	-4.362214740953947179e-03
-5.094636615953947179e-03	-3.678620990953947439e-03	-4.362214740953947179e-03
-2.995027240953947265e-03	-3.678620990953947439e-03	-2.360261615953947352e-03
-3.043855365953947525e-03	-1.725495990953947222e-03	-2.360261615953947352e-03
-1.041902240953947265e-03	-1.725495990953947222e-03	-4.071366159539471894e-04
-1.090730365953947309e-03	2.276290090460528323e-04	-4.559647409539471785e-04
8.623946340460529082e-04	1.788008840460528432e-04	1.497160259046052821e-03
8.135665090460528649e-04	2.083097759046052908e-03	1.448332134046052995e-03
2.717863384046052821e-03	2.034269634046053082e-03	3.303800884046052908e-03
2.669035259046052995e-03	3.889738384046052995e-03	3.303800884046052908e-03
4.426847759046052821e-03	3.840910259046053168e-03	4.963957134046053515e-03
4.426847759046052821e-03	5.452238384046053515e-03	4.915129009046052821e-03
5.891691509046052821e-03	5.354582134046052995e-03	6.184660259046053515e-03
5.745207134046053342e-03	6.477629009046053342e-03	6.087004009046052995e-03
6.770597759046053168e-03	6.331144634046052995e-03	6.965910259046053342e-03
6.575285259046052995e-03	7.112394634046052821e-03	6.721769634046053342e-03
7.258879009046053168e-03	6.917082134046053515e-03	7.307707134046052995e-03
6.965910259046053342e-03	7.356535259046052821e-03	7.014738384046053168e-03
7.356535259046052821e-03	7.014738384046053168e-03	7.307707134046052995e-03
6.917082134046053515e-03	7.210050884046053342e-03	6.819425884046052995e-03
7.112394634046052821e-03	6.672941509046053515e-03	6.965910259046053342e-03
6.526457134046053168e-03	6.770597759046053168e-03	6.379972759046052821e-03
6.575285259046052995e-03	6.233488384046053342e-03	6.477629009046053342e-03
6.087004009046052995e-03	6.282316509046053168e-03	5.940519634046053515e-03
6.184660259046053515e-03	5.842863384046052995e-03	6.135832134046052821e-03
5.745207134046053342e-03	6.038175884046053168e-03	5.696379009046053515e-03
5.989347759046053342e-03	5.598722759046052995e-03	5.891691509046052821e-03
5.549894634046053168e-03	5.891691509046052821e-03	5.501066509046053342e-03
5.891691509046052821e-03	5.501066509046053342e-03	5.940519634046053515e-03
5.549894634046053168e-03	5.989347759046053342e-03	5.598722759046052995e-03
6.087004009046052995e-03	5.696379009046053515e-03	6.184660259046053515e-03
5.842863384046052995e-03	6.282316509046053168e-03	5.940519634046053515e-03
6.379972759046052821e-03	6.038175884046053168e-03	6.477629009046053342e-03
6.184660259046053515e-03	6.575285259046052995e-03	6.233488384046053342e-03
6.721769634046053342e-03	6.331144634046052995e-03	6.868254009046052821e-03
6.477629009046053342e-03	7.014738384046053168e-03	6.575285259046052995e-03
7.161222759046053515e-03	6.721769634046053342e-03	7.258879009046053168e-03
6.868254009046052821e-03	7.405363384046053515e-03	7.063566509046052995e-03
7.503019634046053168e-03	7.161222759046053515e-03	7.600675884046052821e-03
7.258879009046053168e-03	7.698332134046053342e-03	7.356535259046052821e-03
7.795988384046052995e-03	7.405363384046053515e-03	7.795988384046052995e-03
7.454191509046053342e-03	7.844816509046052821e-03	7.503019634046053168e-03
7.893644634046053515e-03	7.503019634046053168e-03	7.942472759046052475e-03
7.551847759046052995e-03	7.942472759046052475e-03	7.600675884046052821e-03
7.991300884046053168e-03	7.649504009046053515e-03	8.040129009046053862e-03
7.698332134046053342e-03	8.088957134046052821e-03	7.747160259046053168e-03
8.137785259046053515e-03	7.747160259046053168e-03	8.137785259046053515e-03
7.795988384046052995e-03	8.137785259046053515e-03	7.747160259046053168e-03
8.088957134046052821e-03	7.698332134046053342e-03	8.040129009046053862e-03
7.649504009046053515e-03	7.942472759046052475e-03	7.600675884046052821e-03
7.893644634046053515e-03	7.551847759046052995e-03	7.844816509046052821e-03
7.503019634046053168e-03	7.795988384046052995e-03	7.454191509046053342e-03
7.795988384046052995e-03	7.454191509046053342e-03	7.747160259046053168e-03
7.356535259046052821e-03	7.649504009046053515e-03	7.307707134046052995e-03
7.600675884046052821e-03	7.210050884046053342e-03	7.551847759046052995e-03
7.161222759046053515e-03	7.503019634046053168e-03	7.063566509046052995e-03
7.454191509046053342e-03	7.063566509046052995e-03	7.356535259046052821e-03
6.965910259046053342e-03	7.356535259046052821e-03	7.014738384046053168e-03
7.356535259046052821e-03	7.063566509046052995e-03	7.405363384046053515e-03
7.063566509046052995e-03	7.454191509046053342e-03	7.161222759046053515e-03
7.551847759046052995e-03	7.210050884046053342e-03	7.649504009046053515e-03
7.307707134046052995e-03	7.747160259046053168e-03	7.405363384046053515e-03
7.844816509046052821e-03	7.454191509046053342e-03	7.893644634046053515e-03
7.551847759046052995e-03	7.991300884046053168e-03	7.649504009046053515e-03
8.040129009046053862e-03	7.698332134046053342e-03	8.088957134046052821e-03
7.747160259046053168e-03	8.137785259046053515e-03	7.795988384046052995e-03
8.235441509046053168e-03	7.844816509046052821e-03	8.333097759046052821e-03
7.942472759046052475e-03	8.381925884046053515e-03	8.040129009046053862e-03
8.479582134046053168e-03	8.137785259046053515e-03	8.528410259046053862e-03
8.186613384046052475e-03	8.626066509046053515e-03	8.284269634046053862e-03
8.674894634046052475e-03	8.333097759046052821e-03	8.723722759046053168e-03
8.381925884046053515e-03	8.723722759046053168e-03	8.381925884046053515e-03
8.723722759046053168e-03	8.381925884046053515e-03	8.723722759046053168e-03
8.381925884046053515e-03	8.723722759046053168e-03	8.381925884046053515e-03
8.723722759046053168e-03	8.381925884046053515e-03	8.674894634046052475e-03
8.381925884046053515e-03	8.723722759046053168e-03	8.333097759046052821e-03
8.772550884046053862e-03	8.381925884046053515e-03	8.772550884046053862e-03
8.430754009046052475e-03	8.821379009046052821e-03	8.479582134046053168e-03
8.870207134046053515e-03	8.528410259046053862e-03	8.967863384046053168e-03
8.577238384046052821e-03	9.016691509046053862e-03	8.674894634046052475e-03
9.114347759046053515e-03	8.723722759046053168e-03	9.163175884046052475e-03
8.821379009046052821e-03	9.163175884046052475e-03	8.821379009046052821e-03
9.163175884046052475e-03	8.821379009046052821e-03	9.163175884046052475e-03
8.821379009046052821e-03	9.114347759046053515e-03	8.772550884046053862e-03
9.065519634046052821e-03	8.723722759046053168e-03	9.016691509046053862e-03
8.674894634046052475e-03	9.016691509046053862e-03	8.626066509046053515e-03
9.016691509046053862e-03	8.626066509046053515e-03	8.967863384046053168e-03
8.626066509046053515e-03	8.967863384046053168e-03	8.577238384046052821e-03
8.919035259046052475e-03	8.577238384046052821e-03	8.870207134046053515e-03
8.528410259046053862e-03	8.821379009046052821e-03	8.479582134046053168e-03
8.821379009046052821e-03	8.430754009046052475e-03	8.772550884046053862e-03
8.381925884046053515e-03	8.723722759046053168e-03	8.381925884046053515e-03
8.723722759046053168e-03	8.333097759046052821e-03	8.723722759046053168e-03
8.381925884046053515e-03	8.772550884046053862e-03	8.381925884046053515e-03
8.821379009046052821e-03	8.381925884046053515e-03	8.870207134046053515e-03
8.430754009046052475e-03	8.919035259046052475e-03	8.479582134046053168e-03
8.967863384046053168e-03	8.577238384046052821e-03	9.016691509046053862e-03
8.577238384046052821e-03	9.065519634046052821e-03	8.674894634046052475e-03
9.114347759046053515e-03	8.723722759046053168e-03	9.163175884046052475e-03
8.723722759046053168e-03	9.212004009046053168e-03	8.821379009046052821e-03
9.212004009046053168e-03	8.870207134046053515e-03	9.260832134046053862e-03
8.870207134046053515e-03	9.309660259046052821e-03	8.919035259046052475e-03
9.358488384046053515e-03	8.967863384046053168e-03	9.358488384046053515e-03
9.016691509046053862e-03	9.407316509046054209e-03	9.065519634046052821e-03
9.407316509046054209e-03	9.065519634046052821e-03	9.407316509046054209e-03
9.065519634046052821e-03	9.456144634046053168e-03	9.114347759046053515e-03
9.456144634046053168e-03	9.114347759046053515e-03	9.553800884046052821e-03
9.163175884046052475e-03	9.602629009046053515e-03	9.260832134046053862e-03
9.651457134046054209e-03	9.260832134046053862e-03	9.700285259046053168e-03
9.358488384046053515e-03	9.749113384046053862e-03	9.358488384046053515e-03
9.797941509046052821e-03	9.407316509046054209e-03	9.895597759046054209e-03
9.504972759046053862e-03	9.944425884046053168e-03	9.553800884046052821e-03
9.993254009046053862e-03	9.651457134046054209e-03	1.013973838404605421e-02
9.749113384046053862e-03	1.028622275904605282e-02	9.944425884046053168e-03
1.048153525904605386e-02	1.009091025904605352e-02	1.072567588404605386e-02
1.028622275904605282e-02	1.106747275904605352e-02	1.057919150904605352e-02
1.140926963404605317e-02	1.092098838404605317e-02	1.179989463404605352e-02
1.126278525904605282e-02	1.228817588404605352e-02	1.170223838404605386e-02
1.282528525904605421e-02	1.219051963404605386e-02	1.346005088404605456e-02
1.272762900904605456e-02	1.409481650904605490e-02	1.336239463404605490e-02
1.477841025904605421e-02	1.404598838404605421e-02	1.555966025904605490e-02
1.477841025904605421e-02	1.634091025904605560e-02	1.555966025904605490e-02
1.721981650904605421e-02	1.634091025904605560e-02	1.814755088404605352e-02
1.726864463404605490e-02	1.917294150904605421e-02	1.824520713404605490e-02
2.019833213404605490e-02	1.922176963404605490e-02	2.127255088404605629e-02
2.029598838404605629e-02	2.229794150904605698e-02	2.132137900904605698e-02
2.327450400904605698e-02	2.234676963404605421e-02	2.420223838404605629e-02
2.332333213404605421e-02	2.512997275904605560e-02	2.425106650904605698e-02
2.600887900904605421e-02	2.517880088404605629e-02	2.688778525904605629e-02
2.605770713404605490e-02	2.781551963404605560e-02	2.698544150904605421e-02
2.874325400904605490e-02	2.786434775904605629e-02	2.962216025904605698e-02
2.879208213404605560e-02	3.054989463404605629e-02	2.971981650904605490e-02
3.147762900904605560e-02	3.059872275904605698e-02	3.235653525904605421e-02
3.147762900904605560e-02	3.323544150904605282e-02	3.240536338404605837e-02
3.411434775904605837e-02	3.328426963404605698e-02	3.499325400904605698e-02
3.416317588404605560e-02	3.587216025904605560e-02	3.499325400904605698e-02
3.675106650904605421e-02	3.592098838404605282e-02	3.767880088404605698e-02
3.679989463404605837e-02	3.870419150904605421e-02	3.772762900904605421e-02
3.977841025904605560e-02	3.875301963404605837e-02	4.085262900904605698e-02
3.982723838404605976e-02	4.197567588404605560e-02	4.095028525904605837e-02
4.314755088404605837e-02	4.207333213404605698e-02	4.436825400904605837e-02
4.324520713404605976e-02	4.558895713404605837e-02	4.446591025904605976e-02
4.685848838404605560e-02	4.568661338404605976e-02	4.817684775904605698e-02
4.700497275904605421e-02	4.949520713404605837e-02	4.822567588404605421e-02
5.086239463404605005e-02	4.964169150904605698e-02	5.222958213404604866e-02
5.100887900904604866e-02	5.359676963404605421e-02	5.237606650904605421e-02
5.496395713404605282e-02	5.374325400904605282e-02	5.623348838404605005e-02
5.506161338404605421e-02	5.750301963404605421e-02	5.637997275904604866e-02
5.872372275904605421e-02	5.760067588404604866e-02	5.994442588404605421e-02
5.877255088404605143e-02	6.111630088404605005e-02	5.999325400904605143e-02
6.228817588404605282e-02	6.121395713404605143e-02	6.346005088404604866e-02
6.233700400904605005e-02	6.463192588404605143e-02	6.355770713404605698e-02
6.575497275904605698e-02	6.468075400904604866e-02	6.678036338404605421e-02
6.580380088404605421e-02	6.770809775904605698e-02	6.682919150904605143e-02
6.863583213404604588e-02	6.780575400904605143e-02	6.941708213404605698e-02
6.863583213404604588e-02	7.024716025904605143e-02	6.941708213404605698e-02
7.102841025904604866e-02	7.024716025904605143e-02	7.190731650904605421e-02
7.107723838404604588e-02	7.273739463404604866e-02	7.190731650904605421e-02
7.366512900904605143e-02	7.283505088404605698e-02	7.464169150904605143e-02
7.376278525904604588e-02	7.552059775904605698e-02	7.469051963404604866e-02
7.649716025904605698e-02	7.561825400904605143e-02	7.747372275904605698e-02
7.659481650904605143e-02	7.845028525904605698e-02	7.752255088404605421e-02
7.942684775904605698e-02	7.854794150904605143e-02	8.040341025904605698e-02
7.952450400904605143e-02	8.147762900904605143e-02	8.050106650904605143e-02
8.245419150904605143e-02	8.152645713404604866e-02	8.333309775904605698e-02
8.250301963404604866e-02	8.411434775904605421e-02	8.333309775904605698e-02
8.460262900904605421e-02	8.406551963404605698e-02	8.479794150904605698e-02
8.440731650904605143e-02	8.479794150904605698e-02	8.435848838404605421e-02
8.445614463404604866e-02	8.377255088404605976e-02	8.372372275904604866e-02
8.279598838404605976e-02	8.269833213404605143e-02	8.152645713404604866e-02
8.137997275904605698e-02	8.001278525904605143e-02	7.986630088404605976e-02
7.835262900904604866e-02	7.820614463404605698e-02	7.664364463404604866e-02
7.649716025904605698e-02	7.488583213404605143e-02	7.469051963404604866e-02
7.303036338404604588e-02	7.288387900904605421e-02	7.117489463404605421e-02
7.097958213404605143e-02	6.927059775904605143e-02	6.907528525904604866e-02
6.731747275904605143e-02	6.712216025904604866e-02	6.546200400904604588e-02
6.526669150904605698e-02	6.355770713404605698e-02	6.341122275904605143e-02
6.179989463404605282e-02	6.165341025904605421e-02	6.018856650904605421e-02
6.004208213404604866e-02	5.867489463404605005e-02	5.852841025904605143e-02
5.730770713404605143e-02	5.721005088404605005e-02	5.598934775904605005e-02
5.594051963404605282e-02	5.491512900904604866e-02	5.481747275904605421e-02
5.384091025904605421e-02	5.379208213404605005e-02	5.291317588404605143e-02
5.281551963404605005e-02	5.193661338404605143e-02	5.188778525904605421e-02
5.100887900904604866e-02	5.100887900904604866e-02	5.017880088404605421e-02
5.008114463404605282e-02	4.934872275904605976e-02	4.934872275904605976e-02
4.846981650904605421e-02	4.846981650904605421e-02	4.768856650904605698e-02
4.768856650904605698e-02	4.685848838404605560e-02	4.685848838404605560e-02
4.602841025904605421e-02	4.602841025904605421e-02	4.510067588404605837e-02
4.505184775904605421e-02	4.417294150904605560e-02	4.412411338404605837e-02
4.319637900904605560e-02	4.314755088404605837e-02	4.212216025904605421e-02
4.202450400904605976e-02	4.099911338404605560e-02	4.090145713404605421e-02
3.982723838404605976e-02	3.972958213404605837e-02	3.855770713404605560e-02
3.850887900904605837e-02	3.728817588404605837e-02	3.714169150904605282e-02
3.596981650904605698e-02	3.582333213404605837e-02	3.460262900904605837e-02
3.450497275904605698e-02	3.328426963404605698e-02	3.318661338404605560e-02
3.201473838404605282e-02	3.191708213404605837e-02	3.074520713404605560e-02
3.064755088404605421e-02	2.957333213404605629e-02	2.952450400904605560e-02
2.840145713404605698e-02	2.830380088404605560e-02	2.727841025904605490e-02
2.718075400904605698e-02	2.615536338404605629e-02	2.610653525904605560e-02
2.508114463404605490e-02	2.508114463404605490e-02	2.410458213404605490e-02
2.405575400904605421e-02	2.317684775904605560e-02	2.307919150904605421e-02
2.220028525904605560e-02	2.215145713404605490e-02	2.127255088404605629e-02
2.127255088404605629e-02	2.044247275904605490e-02	2.039364463404605421e-02
1.956356650904605629e-02	1.956356650904605629e-02	1.878231650904605560e-02
1.873348838404605490e-02	1.800106650904605490e-02	1.790341025904605352e-02
1.717098838404605352e-02	1.717098838404605352e-02	1.638973838404605629e-02
1.638973838404605629e-02	1.565731650904605629e-02	1.565731650904605629e-02
1.497372275904605525e-02	1.492489463404605456e-02	1.414364463404605560e-02
1.414364463404605560e-02	1.341122275904605560e-02	1.336239463404605490e-02
1.258114463404605421e-02	1.258114463404605421e-02	1.184872275904605421e-02
1.184872275904605421e-02	1.106747275904605352e-02	1.106747275904605352e-02
1.033505088404605352e-02	1.033505088404605352e-02	9.700285259046053168e-03
9.700285259046053168e-03	9.065519634046052821e-03	9.114347759046053515e-03
8.430754009046052475e-03	8.577238384046052821e-03	7.942472759046052475e-03
8.040129009046053862e-03	7.503019634046053168e-03	7.649504009046053515e-03
7.112394634046052821e-03	7.258879009046053168e-03	6.770597759046053168e-03
7.014738384046053168e-03	6.526457134046053168e-03	6.770597759046053168e-03
6.331144634046052995e-03	6.624113384046052821e-03	6.184660259046053515e-03
6.526457134046053168e-03	6.184660259046053515e-03	6.477629009046053342e-03
6.087004009046052995e-03	6.477629009046053342e-03	6.087004009046052995e-03
6.477629009046053342e-03	6.087004009046052995e-03	6.477629009046053342e-03
6.087004009046052995e-03	6.477629009046053342e-03	6.087004009046052995e-03
6.428800884046053515e-03	6.087004009046052995e-03	6.428800884046053515e-03
6.087004009046052995e-03	6.477629009046053342e-03	6.087004009046052995e-03
6.526457134046053168e-03	6.087004009046052995e-03	6.575285259046052995e-03
6.184660259046053515e-03	6.624113384046052821e-03	6.184660259046053515e-03
6.672941509046053515e-03	6.282316509046053168e-03	6.770597759046053168e-03
6.379972759046052821e-03	6.819425884046052995e-03	6.428800884046053515e-03
6.868254009046052821e-03	6.477629009046053342e-03	6.917082134046053515e-03
6.526457134046053168e-03	6.917082134046053515e-03	6.526457134046053168e-03
6.868254009046052821e-03	6.477629009046053342e-03	6.819425884046052995e-03
6.379972759046052821e-03	6.721769634046053342e-03	6.282316509046053168e-03
6.624113384046052821e-03	6.184660259046053515e-03	6.428800884046053515e-03
5.989347759046053342e-03	6.282316509046053168e-03	5.794035259046053168e-03
6.135832134046052821e-03	5.647550884046052821e-03	5.940519634046053515e-03
5.501066509046053342e-03	5.794035259046053168e-03	5.305754009046053168e-03
5.598722759046052995e-03	5.159269634046052821e-03	5.452238384046053515e-03
5.061613384046053168e-03	5.354582134046052995e-03	4.915129009046052821e-03
5.208097759046053515e-03	4.817472759046053168e-03	5.110441509046052995e-03
4.719816509046053515e-03	5.012785259046053342e-03	4.622160259046052995e-03
4.915129009046052821e-03	4.524504009046053342e-03	4.817472759046053168e-03
4.475675884046052648e-03	4.768644634046053342e-03	4.378019634046052995e-03
4.719816509046053515e-03	4.329191509046053168e-03	4.719816509046053515e-03
4.329191509046053168e-03	4.719816509046053515e-03	4.329191509046053168e-03
4.768644634046053342e-03	4.378019634046052995e-03	4.768644634046053342e-03
4.378019634046052995e-03	4.768644634046053342e-03	4.378019634046052995e-03
4.768644634046053342e-03	4.426847759046052821e-03	4.768644634046053342e-03
4.378019634046052995e-03	4.768644634046053342e-03	4.378019634046052995e-03
4.719816509046053515e-03	4.378019634046052995e-03	4.719816509046053515e-03
4.378019634046052995e-03	4.719816509046053515e-03	4.426847759046052821e-03
4.768644634046053342e-03	4.426847759046052821e-03	4.817472759046053168e-03
4.475675884046052648e-03	4.866300884046052995e-03	4.475675884046052648e-03
4.915129009046052821e-03	4.524504009046053342e-03	4.963957134046053515e-03
4.573332134046053168e-03	5.012785259046053342e-03	4.622160259046052995e-03
5.061613384046053168e-03	4.670988384046052821e-03	5.110441509046052995e-03
4.719816509046053515e-03	5.159269634046052821e-03	4.817472759046053168e-03
5.159269634046052821e-03	4.817472759046053168e-03	5.208097759046053515e-03
4.817472759046053168e-03	5.208097759046053515e-03	4.817472759046053168e-03
5.159269634046052821e-03	4.817472759046053168e-03	5.159269634046052821e-03
4.817472759046053168e-03	5.110441509046052995e-03	4.768644634046053342e-03
5.061613384046053168e-03	4.670988384046052821e-03	5.012785259046053342e-03
4.622160259046052995e-03	4.963957134046053515e-03	4.622160259046052995e-03
4.915129009046052821e-03	4.524504009046053342e-03	4.915129009046052821e-03
4.524504009046053342e-03	4.915129009046052821e-03	4.524504009046053342e-03
4.866300884046052995e-03	4.475675884046052648e-03	4.866300884046052995e-03
4.475675884046052648e-03	4.817472759046053168e-03	4.475675884046052648e-03
4.768644634046053342e-03	4.426847759046052821e-03	4.768644634046053342e-03
4.426847759046052821e-03	4.719816509046053515e-03	4.378019634046052995e-03
4.719816509046053515e-03	4.378019634046052995e-03	4.670988384046052821e-03
4.329191509046053168e-03	4.622160259046052995e-03	4.280363384046053342e-03
4.622160259046052995e-03	4.280363384046053342e-03	4.573332134046053168e-03
4.280363384046053342e-03	4.573332134046053168e-03	4.280363384046053342e-03
4.622160259046052995e-03	4.280363384046053342e-03	4.622160259046052995e-03
4.231535259046052648e-03	4.573332134046053168e-03	4.231535259046052648e-03
4.524504009046053342e-03	4.182707134046052821e-03	4.475675884046052648e-03
4.133879009046052995e-03	4.378019634046052995e-03	4.085050884046053168e-03
4.329191509046053168e-03	3.987394634046052648e-03	4.280363384046053342e-03
3.889738384046052995e-03	4.231535259046052648e-03	3.889738384046052995e-03
4.231535259046052648e-03	3.840910259046053168e-03	4.182707134046052821e-03
3.792082134046052908e-03	4.182707134046052821e-03	3.792082134046052908e-03
4.133879009046052995e-03	3.792082134046052908e-03	4.133879009046052995e-03
3.694425884046052821e-03	3.987394634046052648e-03	3.694425884046052821e-03
3.938566509046052821e-03	3.596769634046053168e-03	3.889738384046052995e-03
3.499113384046053082e-03	3.792082134046052908e-03	3.450285259046052821e-03
3.743254009046053082e-03	3.352629009046053168e-03	3.645597759046052995e-03
3.254972759046053082e-03	3.547941509046052908e-03	3.157316509046052995e-03
3.450285259046052821e-03	3.108488384046053168e-03	3.401457134046052995e-03
3.010832134046053082e-03	3.303800884046052908e-03	2.962004009046052821e-03
3.254972759046053082e-03	2.913175884046052995e-03	3.254972759046053082e-03
2.913175884046052995e-03	3.303800884046052908e-03	2.913175884046052995e-03
3.352629009046053168e-03	3.010832134046053082e-03	3.450285259046052821e-03
3.059660259046052908e-03	3.596769634046053168e-03	3.206144634046052821e-03
3.694425884046052821e-03	3.303800884046052908e-03	3.792082134046052908e-03
3.450285259046052821e-03	3.889738384046052995e-03	3.547941509046052908e-03
3.938566509046052821e-03	3.596769634046053168e-03	3.987394634046052648e-03
3.596769634046053168e-03	3.987394634046052648e-03	3.596769634046053168e-03
3.987394634046052648e-03	3.645597759046052995e-03	3.987394634046052648e-03
3.645597759046052995e-03	4.036222759046053342e-03	3.645597759046052995e-03
4.085050884046053168e-03	3.645597759046052995e-03	4.085050884046053168e-03
3.694425884046052821e-03	4.085050884046053168e-03	3.694425884046052821e-03
4.085050884046053168e-03	3.694425884046052821e-03	4.036222759046053342e-03
3.645597759046052995e-03	3.938566509046052821e-03	3.547941509046052908e-03
3.889738384046052995e-03	3.499113384046053082e-03	3.792082134046052908e-03
3.401457134046052995e-03	3.694425884046052821e-03	3.303800884046052908e-03
3.596769634046053168e-03	3.254972759046053082e-03	3.547941509046052908e-03
3.254972759046053082e-03	3.596769634046053168e-03	3.206144634046052821e-03
3.596769634046053168e-03	3.206144634046052821e-03	3.596769634046053168e-03
3.206144634046052821e-03	3.596769634046053168e-03	3.206144634046052821e-03
3.547941509046052908e-03	3.206144634046052821e-03	3.450285259046052821e-03
3.108488384046053168e-03	3.401457134046052995e-03	3.010832134046053082e-03
3.303800884046052908e-03	2.913175884046052995e-03	3.254972759046053082e-03
2.815519634046052908e-03	3.157316509046052995e-03	2.766691509046053082e-03
3.059660259046052908e-03	2.717863384046052821e-03	3.010832134046053082e-03
2.669035259046052995e-03	2.962004009046052821e-03	2.620207134046053168e-03
2.864347759046053168e-03	2.571379009046052908e-03	2.815519634046052908e-03
2.424894634046052995e-03	2.669035259046052995e-03	2.327238384046052908e-03
2.522550884046053082e-03	2.131925884046052735e-03	2.327238384046052908e-03
1.887785259046052952e-03	2.083097759046052908e-03	1.594816509046052908e-03
1.741300884046052821e-03	1.253019634046052821e-03	1.448332134046052995e-03
9.112227590460528432e-04	1.008879009046052821e-03	5.205977590460528215e-04
6.670821340460528432e-04	1.299727590460528269e-04	2.276290090460528323e-04
-3.094803659539472110e-04	-2.118241159539471785e-04	-7.489334909539472219e-04
-6.512772409539472436e-04	-1.237214740953947222e-03	-1.139558490953947135e-03
-1.774324115953947265e-03	-1.676667865953947179e-03	-2.360261615953947352e-03
-2.311433490953947092e-03	-2.995027240953947265e-03	-2.995027240953947265e-03
-3.678620990953947439e-03	-3.678620990953947439e-03	-4.411042865953947005e-03
-4.362214740953947179e-03	-5.143464740953947872e-03	-5.143464740953947872e-03
-5.875886615953947872e-03	-5.875886615953947872e-03	-6.705964740953947525e-03
-6.705964740953947525e-03	-7.536042865953947179e-03	-7.584870990953947872e-03
-8.463777240953948219e-03	-8.463777240953948219e-03	-9.391511615953947525e-03
-9.440339740953948219e-03	-1.041690224095394822e-02	-1.046573036595394718e-02
-1.144229286595394718e-02	-1.144229286595394718e-02	-1.241885536595394718e-02
-1.246768349095394787e-02	-1.339541786595394718e-02	-1.344424599095394614e-02
-1.432315224095394648e-02	-1.437198036595394718e-02	-1.525088661595394579e-02
-1.525088661595394579e-02	-1.608096474095394718e-02	-1.612979286595394787e-02
-1.691104286595394510e-02	-1.695987099095394579e-02	-1.769229286595394579e-02
-1.774112099095394648e-02	-1.847354286595394648e-02	-1.852237099095394718e-02
-1.930362099095394787e-02	-1.935244911595394857e-02	-2.013369911595394579e-02
-2.018252724095394648e-02	-2.101260536595394787e-02	-2.106143349095394857e-02
-2.194033974095394718e-02	-2.198916786595394787e-02	-2.286807411595394648e-02
-2.296573036595394787e-02	-2.379580849095394579e-02	-2.389346474095394718e-02
-2.482119911595394648e-02	-2.487002724095394718e-02	-2.579776161595394648e-02
-2.589541786595394787e-02	-2.682315224095394718e-02	-2.687198036595394787e-02
-2.789737099095394857e-02	-2.794619911595394579e-02	-2.897158974095394648e-02
-2.906924599095394787e-02	-3.014346474095394579e-02	-3.024112099095394718e-02
-3.136416786595394579e-02	-3.151065224095394440e-02	-3.273135536595394440e-02
-3.278018349095394857e-02	-3.404971474095394579e-02	-3.414737099095394718e-02
-3.536807411595394718e-02	-3.551455849095394579e-02	-3.678408974095394995e-02
-3.688174599095394440e-02	-3.815127724095394857e-02	-3.829776161595394718e-02
-3.951846474095394718e-02	-3.961612099095394857e-02	-4.083682411595394857e-02
-4.098330849095394718e-02	-4.225283974095395134e-02	-4.235049599095394579e-02
-4.357119911595394579e-02	-4.366885536595394718e-02	-4.488955849095394718e-02
-4.498721474095394857e-02	-4.615908974095395134e-02	-4.625674599095394579e-02
-4.733096474095394718e-02	-4.742862099095394857e-02	-4.845401161595394579e-02
-4.855166786595394718e-02	-4.952823036595394718e-02	-4.962588661595394857e-02
-5.060244911595395551e-02	-5.070010536595395689e-02	-5.167666786595395689e-02
-5.172549599095395412e-02	-5.275088661595395134e-02	-5.275088661595395134e-02
-5.372744911595395134e-02	-5.382510536595395273e-02	-5.475283974095395551e-02
-5.480166786595395273e-02	-5.577823036595395273e-02	-5.582705849095395689e-02
-5.675479286595395273e-02	-5.685244911595395412e-02	-5.778018349095395689e-02
-5.782901161595395412e-02	-5.880557411595395412e-02	-5.880557411595395412e-02
-5.973330849095395689e-02	-5.978213661595395412e-02	-6.075869911595395412e-02
-6.080752724095395134e-02	-6.168643349095395689e-02	-6.173526161595395412e-02
-6.261416786595395967e-02	-6.271182411595395412e-02	-6.359073036595395967e-02
-6.359073036595395967e-02	-6.451846474095394857e-02	-6.456729286595395967e-02
-6.549502724095394857e-02	-6.559268349095395689e-02	-6.647158974095394857e-02
-6.656924599095395689e-02	-6.749698036595395967e-02	-6.759463661595395412e-02
-6.852237099095395689e-02	-6.857119911595395412e-02	-6.945010536595395967e-02
-6.949893349095395689e-02	-7.032901161595395134e-02	-7.037783974095394857e-02
-7.106143349095395134e-02	-7.101260536595395412e-02	-7.150088661595395412e-02
-7.135440224095394857e-02	-7.174502724095395412e-02	-7.125674599095395412e-02
-7.164737099095395967e-02	-7.067080849095395967e-02	-7.130557411595395134e-02
-6.974307411595395689e-02	-7.067080849095395967e-02	-6.847354286595395967e-02
-6.964541786595394857e-02	-6.691104286595395134e-02	-6.832705849095395412e-02
-6.520205849095395134e-02	-6.676455849095395967e-02	-6.329776161595394857e-02
-6.505557411595395967e-02	-6.139346474095395273e-02	-6.315127724095395689e-02
-5.934268349095395134e-02	-6.114932411595395273e-02	-5.729190224095395689e-02
-5.919619911595395273e-02	-5.524112099095395551e-02	-5.709658974095395412e-02
-5.314151161595395689e-02	-5.504580849095395273e-02	-5.118838661595395689e-02
-5.294619911595395412e-02	-4.923526161595394995e-02	-5.094424599095395689e-02
-4.737979286595395134e-02	-4.903994911595394718e-02	-4.571963661595394857e-02
-4.718448036595394857e-02	-4.415713661595394718e-02	-4.557315224095394995e-02
-4.278994911595394857e-02	-4.405948036595394579e-02	-4.152041786595395134e-02
-4.274112099095395134e-02	-4.039737099095394579e-02	-4.147158974095394718e-02
-3.932315224095395134e-02	-4.034854286595394857e-02	-3.839541786595394857e-02
-3.927432411595394718e-02	-3.746768349095394579e-02	-3.834658974095395134e-02
-3.668643349095394857e-02	-3.746768349095394579e-02	-3.585635536595394718e-02
-3.663760536595394440e-02	-3.512393349095394718e-02	-3.585635536595394718e-02
-3.429385536595394579e-02	-3.507510536595394995e-02	-3.351260536595394857e-02
-3.429385536595394579e-02	-3.268252724095394718e-02	-3.351260536595394857e-02
-3.180362099095394857e-02	-3.263369911595394995e-02	-3.082705849095394857e-02
-3.175479286595394440e-02	-1.573414049650493363e-01	-1.573414049650493363e-01
-1.548999987150493363e-01	-1.646656237150493363e-01	-1.634449205900493363e-01
-1.732105455900493363e-01	-1.707691393400493363e-01	-1.805347643400493363e-01
-1.793140612150493363e-01	-1.878589830900493363e-01	-1.866382799650493363e-01
-1.964039049650493363e-01	-1.939624987150493363e-01	-2.037281237150493363e-01
-2.012867174650493363e-01	-2.110523424650493363e-01	-2.086109362150493363e-01
-2.183765612150493363e-01	-2.171558580900493363e-01	-2.269214830900493363e-01
-2.244800768400493363e-01	-2.342457018400493363e-01	-2.318042955900493363e-01
-2.415699205900493363e-01	-2.391285143400493363e-01	-2.488941393400493363e-01
-2.476734362150493363e-01	-2.574390612150493363e-01	-2.549976549650493363e-01
-2.647632799650493363e-01	-2.635425768400493363e-01	-2.733082018400493363e-01
-2.708667955900493363e-01	-2.806324205900493363e-01	-2.781910143400493363e-01
-2.879566393400493363e-01	-2.867359362150493363e-01	-2.952808580900493363e-01
-2.940601549650493363e-01	-3.038257799650493363e-01	-3.013843737150493363e-01
-3.111499987150493363e-01	-3.099292955900493363e-01	-3.184742174650493363e-01
-3.172535143400493363e-01	-3.257984362150493363e-01	-3.245777330900493363e-01
-3.343433580900493363e-01	-3.319019518400493363e-01	-3.416675768400493363e-01
-3.404468737150493363e-01	-3.489917955900493363e-01	-3.477710924650493363e-01
-3.575367174650493363e-01	-3.563160143400493363e-01	-3.648609362150493363e-01
-3.636402330900493363e-01	-3.721851549650493363e-01	-3.709644518400493363e-01
-3.807300768400493363e-01	-3.782886705900493363e-01	-3.880542955900493363e-01
-3.868335924650493363e-01	-3.965992174650493363e-01	-3.941578112150493363e-01
-4.027027330900493363e-01	-4.014820299650493363e-01	-4.112476549650493363e-01
-4.100269518400493363e-01	-4.185718737150493363e-01	-4.173511705900493363e-01
-4.271167955900493363e-01	-4.246753893400493363e-01	-4.344410143400493363e-01
-4.332203112150493363e-01	-4.429859362150493363e-01	-4.405445299650493363e-01
-4.503101549650493363e-01	-4.478687487150493363e-01	-4.576343737150493363e-01
-4.564136705900493363e-01	-4.649585924650493363e-01	-4.637378893400493363e-01
-4.722828112150493363e-01	-4.722828112150493363e-01	-4.808277330900493363e-01
-4.796070299650493363e-01	-4.881519518400493363e-01	-4.869312487150493363e-01
-4.966968737150493363e-01	-4.942554674650493363e-01	-5.028003893400493363e-01
-5.015796862150493363e-01	-5.113453112150493363e-01	-5.101246080900493363e-01
-5.186695299650493363e-01	-5.174488268400493363e-01	-5.272144518400493363e-01
-5.247730455900493363e-01	-5.345386705900493363e-01	-5.320972643400493363e-01
-5.418628893400493363e-01	-5.406421862150493363e-01	-5.491871080900493363e-01
-5.479664049650493363e-01	-5.577320299650493363e-01	-5.552906237150493363e-01
-5.650562487150493363e-01	-5.638355455900493363e-01	-5.723804674650493363e-01
-5.711597643400493363e-01	-5.809253893400493363e-01	-5.784839830900493363e-01
-5.882496080900493363e-01	-5.870289049650493363e-01	-5.955738268400493363e-01
-5.943531237150493363e-01	-6.041187487150493363e-01	-6.016773424650493363e-01
-6.114429674650493363e-01	-6.102222643400493363e-01	-6.187671862150493363e-01
-6.175464830900493363e-01	-6.273121080900492252e-01	-6.248707018400493363e-01
-6.346363268400492252e-01	-6.321949205900492252e-01	-6.419605455900492252e-01
-6.407398424650492252e-01	-6.505054674650492252e-01	-6.480640612150492252e-01
-6.578296862150492252e-01	-6.553882799650492252e-01	-6.651539049650492252e-01
-6.639332018400492252e-01	-6.736988268400492252e-01	-6.712574205900492252e-01
-6.810230455900492252e-01	-6.798023424650492252e-01	-6.883472643400492252e-01
-6.871265612150492252e-01	-6.956714830900492252e-01	-6.944507799650492252e-01
-7.042164049650492252e-01	-7.017749987150492252e-01	-7.115406237150492252e-01
-7.103199205900492252e-01	-7.188648424650492252e-01	-7.176441393400492252e-01
-7.274097643400492252e-01	-7.249683580900492252e-01	-7.347339830900492252e-01
-7.322925768400492252e-01	-7.420582018400492252e-01	-7.408374987150492252e-01
-7.506031237150492252e-01	-7.481617174650492252e-01	-7.579273424650492252e-01
-7.554859362150492252e-01	-7.652515612150492252e-01	-7.640308580900492252e-01
-7.737964830900492252e-01	-7.713550768400492252e-01	-7.811207018400492252e-01
-7.786792955900492252e-01	-7.884449205900492252e-01	-7.860035143400492252e-01
-7.957691393400492252e-01	-7.933277330900492252e-01	-8.030933580900492252e-01
-8.018726549650492252e-01	-8.116382799650492252e-01	-8.091968737150492252e-01
-8.189624987150492252e-01	-8.177417955900492252e-01	-8.262867174650492252e-01
-8.250660143400492252e-01	-8.348316393400492252e-01	-8.323902330900492252e-01
-8.421558580900492252e-01	-8.409351549650492252e-01	-8.507007799650492252e-01
-8.482593737150492252e-01	-8.580249987150492252e-01	-8.555835924650492252e-01
-8.653492174650492252e-01	-8.629078112150492252e-01	-8.738941393400492252e-01
-8.714527330900492252e-01	-8.812183580900492252e-01	-8.799976549650492252e-01
-8.885425768400492252e-01	-8.873218737150492252e-01	-8.958667955900492252e-01
-8.946460924650492252e-01	-9.044117174650492252e-01	-9.031910143400492252e-01
-9.117359362150492252e-01	-9.105152330900492252e-01	-9.190601549650492252e-01
-9.178394518400492252e-01	-9.263843737150492252e-01	-9.251636705900492252e-01
-9.349292955900492252e-01	-9.324878893400492252e-01	-9.410328112150492252e-01
-9.398121080900492252e-01	-9.495777330900492252e-01	-9.483570299650492252e-01
-9.569019518400492252e-01	-9.556812487150492252e-01	-9.654468737150492252e-01
-9.630054674650492252e-01	-9.727710924650492252e-01	-9.703296862150492252e-01
-9.800953112150492252e-01	-9.788746080900492252e-01	-9.874195299650492252e-01
-9.861988268400492252e-01	-9.959644518400492252e-01	-9.935230455900492252e-01
-1.003288670590049225e+00	-1.002067967465049225e+00	-1.009392186215049225e+00
-9.971851549650492252e-01	-1.006950779965049225e+00	-9.910816393400492252e-01
-9.996265612150492252e-01	-9.825367174650492252e-01	-9.923023424650492252e-01
-9.752124987150492252e-01	-9.837574205900492252e-01	-9.678882799650492252e-01
-9.764332018400492252e-01	-9.605640612150492252e-01	-9.703296862150492252e-01
-9.532398424650492252e-01	-9.617847643400492252e-01	-9.446949205900492252e-01
-9.544605455900492252e-01	-9.373707018400492252e-01	-9.471363268400492252e-01
-9.300464830900492252e-01	-9.385914049650492252e-01	-9.227222643400492252e-01
-9.324878893400492252e-01	-9.166187487150492252e-01	-9.251636705900492252e-01
-9.080738268400492252e-01	-9.166187487150492252e-01	-8.995289049650492252e-01
-9.092945299650492252e-01	-8.922046862150492252e-01	-9.019703112150492252e-01
-8.848804674650492252e-01	-8.934253893400492252e-01	-8.775562487150492252e-01
-8.861011705900492252e-01	-8.702320299650492252e-01	-8.787769518400492252e-01
-8.629078112150492252e-01	-8.714527330900492252e-01	-8.543628893400492252e-01
-8.641285143400492252e-01	-8.470386705900492252e-01	-8.568042955900492252e-01
-8.397144518400492252e-01	-8.494800768400492252e-01	-8.311695299650492252e-01
-8.409351549650492252e-01	-8.238453112150492252e-01	-8.336109362150492252e-01
-8.165210924650492252e-01	-8.250660143400492252e-01	-8.091968737150492252e-01
-8.189624987150492252e-01	-8.006519518400492252e-01	-8.104175768400492252e-01
-7.933277330900492252e-01	-8.030933580900492252e-01	-7.860035143400492252e-01
-7.957691393400492252e-01	-7.786792955900492252e-01	-7.884449205900492252e-01
-7.713550768400492252e-01	-7.811207018400492252e-01	-7.640308580900492252e-01
-7.725757799650492252e-01	-7.554859362150492252e-01	-7.652515612150492252e-01
-7.481617174650492252e-01	-7.567066393400492252e-01	-7.408374987150492252e-01
-7.506031237150492252e-01	-7.322925768400492252e-01	-7.420582018400492252e-01
-7.261890612150492252e-01	-7.347339830900492252e-01	-7.176441393400492252e-01
-7.274097643400492252e-01	-7.103199205900492252e-01	-7.200855455900492252e-01
-7.029957018400492252e-01	-7.127613268400492252e-01	-6.944507799650492252e-01
-7.042164049650492252e-01	-6.871265612150492252e-01	-6.968921862150492252e-01
-6.798023424650492252e-01	-6.883472643400492252e-01	-6.724781237150492252e-01
-6.810230455900492252e-01	-6.639332018400492252e-01	-6.736988268400492252e-01
-6.578296862150492252e-01	-6.663746080900492252e-01	-6.492847643400492252e-01
-6.590503893400492252e-01	-6.419605455900492252e-01	-6.505054674650492252e-01
-6.346363268400492252e-01	-6.431812487150492252e-01	-6.260914049650492252e-01
-6.358570299650492252e-01	-6.187671862150493363e-01	-6.285328112150492252e-01
-6.102222643400493363e-01	-6.199878893400493363e-01	-6.041187487150493363e-01
-6.126636705900493363e-01	-5.955738268400493363e-01	-6.053394518400493363e-01
-5.882496080900493363e-01	-5.980152330900493363e-01	-5.809253893400493363e-01
-5.894703112150493363e-01	-5.723804674650493363e-01	-5.821460924650493363e-01
-5.650562487150493363e-01	-5.748218737150493363e-01	-5.577320299650493363e-01
-5.662769518400493363e-01	-5.504078112150493363e-01	-5.589527330900493363e-01
-5.418628893400493363e-01	-5.516285143400493363e-01	-5.345386705900493363e-01
-5.430835924650493363e-01	-5.259937487150493363e-01	-5.357593737150493363e-01
-5.186695299650493363e-01	-5.284351549650493363e-01	-5.113453112150493363e-01
-5.211109362150493363e-01	-5.040210924650493363e-01	-5.125660143400493363e-01
-4.954761705900493363e-01	-5.064624987150493363e-01	-4.881519518400493363e-01
-4.979175768400493363e-01	-4.808277330900493363e-01	-4.905933580900493363e-01
-4.735035143400493363e-01	-4.832691393400493363e-01	-4.649585924650493363e-01
-4.747242174650493363e-01	-4.588550768400493363e-01	-4.673999987150493363e-01
-4.503101549650493363e-01	-4.600757799650493363e-01	-4.429859362150493363e-01
-4.527515612150493363e-01	-4.356617174650493363e-01	-4.442066393400493363e-01
-4.271167955900493363e-01	-4.356617174650493363e-01	-4.197925768400493363e-01
-4.295582018400493363e-01	-4.112476549650493363e-01	-4.210132799650493363e-01
-4.051441393400493363e-01	-4.136890612150493363e-01	-3.965992174650493363e-01
-4.063648424650493363e-01	-3.880542955900493363e-01	-3.978199205900493363e-01
-3.819507799650493363e-01	-3.904957018400493363e-01	-3.734058580900493363e-01
-3.831714830900493363e-01	-3.660816393400493363e-01	-3.746265612150493363e-01
-3.575367174650493363e-01	-3.673023424650493363e-01	-3.502124987150493363e-01
-3.599781237150493363e-01	-3.428882799650493363e-01	-3.526539049650493363e-01
-3.355640612150493363e-01	-3.441089830900493363e-01	-3.270191393400493363e-01
-3.367847643400493363e-01	-3.196949205900493363e-01	-3.294605455900493363e-01
-3.123707018400493363e-01	-3.221363268400493363e-01	-3.050464830900493363e-01
-3.135914049650493363e-01	-2.977222643400493363e-01	-3.062671862150493363e-01
-2.891773424650493363e-01	-2.977222643400493363e-01	-2.818531237150493363e-01
-2.903980455900493363e-01	-2.733082018400493363e-01	-2.830738268400493363e-01
-2.659839830900493363e-01	-2.757496080900493363e-01	-2.586597643400493363e-01
-2.672046862150493363e-01	-2.501148424650493363e-01	-2.598804674650493363e-01
-2.427906237150493363e-01	-2.525562487150493363e-01	-2.354664049650493363e-01
-2.440113268400493363e-01	-2.269214830900493363e-01	-2.366871080900493363e-01
-2.195972643400493363e-01	-2.293628893400493363e-01	-2.122730455900493363e-01
-2.220386705900493363e-01	-2.037281237150493363e-01	-2.147144518400493363e-01
-1.976246080900493363e-01	-2.061695299650493363e-01	-1.890796862150493363e-01
-1.988453112150493363e-01	-1.817554674650493363e-01	-1.915210924650493363e-01
-1.744312487150493363e-01	-1.829761705900493363e-01	-1.658863268400493363e-01
-1.756519518400493363e-01	-1.585621080900493363e-01	-1.671070299650493363e-01
-1.512378893400493363e-01	-1.610035143400493363e-01	-1.426929674650493363e-01
-1.524585924650493363e-01	-1.353687487150493363e-01	-1.439136705900493363e-01
-1.280445299650493363e-01	-1.365894518400493363e-01	-1.194996080900493501e-01
-1.292652330900493363e-01	-1.121753893400493501e-01	-1.219410143400493501e-01
-1.048511705900493501e-01	-1.133960924650493501e-01	-9.630624871504935014e-02
-1.060718737150493501e-01	-8.898202996504935014e-02	-9.874765496504935014e-02
-8.165781121504935014e-02	-9.020273309004935014e-02	-7.311288934004935014e-02
-8.287851434004935014e-02	-6.578867059004935014e-02	-7.555429559004935014e-02
-5.846445184004935014e-02	-6.700937371504935014e-02	-5.114023309004935014e-02
-5.968515496504935014e-02	-4.259531121504935014e-02	-5.236093621504935014e-02
-3.527109246504935014e-02	-4.503671746504935014e-02	-2.794687371504935014e-02
-3.771249871504935014e-02	-2.062265496504935014e-02	-2.916757684004935014e-02
-1.329843621504935014e-02	-2.184335809004935014e-02	-4.753514340049350140e-03
-1.451913934004935014e-02	2.570704409950649860e-03	-7.194920590049350140e-03
1.111562628495064986e-02	1.350001284950649860e-03	1.843984503495064986e-02
8.674220034950649860e-03	2.576406378495064986e-02	1.599843878495064986e-02
3.430898565995064986e-02	2.454336065995064986e-02	4.163320440995064986e-02
3.308828253495064986e-02	5.017812628495064986e-02	4.041250128495064986e-02
5.750234503495064986e-02	4.773672003495064986e-02	6.482656378495064986e-02
5.506093878495064986e-02	7.215078253495064986e-02	6.360586065995064986e-02
7.947500128495064986e-02	7.093007940995064986e-02	8.801992315995064986e-02
7.825429815995064986e-02	9.534414190995064986e-02	8.679922003495064986e-02
1.026683606599506499e-01	9.412343878495064986e-02	1.112132825349506499e-01
1.014476575349506499e-01	1.185375012849506499e-01	1.087718762849506499e-01
1.258617200349506637e-01	1.160960950349506499e-01	1.331859387849506637e-01
1.246410169099506499e-01	1.417308606599506637e-01	1.319652356599506637e-01
1.490550794099506637e-01	1.392894544099506637e-01	1.576000012849506637e-01
1.478343762849506637e-01	1.624828137849506637e-01	1.551585950349506637e-01
1.710277356599506637e-01	1.624828137849506637e-01	1.783519544099506637e-01
1.698070325349506637e-01	1.868968762849506637e-01	1.771312512849506637e-01
1.930003919099506637e-01	1.844554700349506637e-01	2.015453137849506637e-01
1.917796887849506637e-01	2.088695325349506637e-01	1.991039075349506637e-01
2.174144544099506637e-01	2.076488294099506637e-01	2.247386731599506637e-01
2.149730481599506637e-01	2.320628919099506637e-01	2.235179700349506637e-01
2.406078137849506637e-01	2.296214856599506637e-01	2.467113294099506637e-01
2.381664075349506637e-01	2.552562512849506637e-01	2.454906262849506637e-01
2.638011731599506637e-01	2.528148450349506637e-01	2.711253919099506637e-01
2.613597669099506637e-01	2.784496106599506637e-01	2.686839856599506637e-01
2.857738294099506637e-01	2.772289075349506637e-01	2.943187512849506637e-01
2.845531262849506637e-01	3.016429700349506637e-01	2.930980481599506637e-01
3.089671887849506637e-01	3.004222669099506637e-01	3.175121106599506637e-01
3.077464856599506637e-01	3.248363294099506637e-01	3.162914075349506637e-01
3.333812512849506637e-01	3.236156262849506637e-01	3.407054700349506637e-01
3.309398450349506637e-01	3.480296887849506637e-01	3.394847669099506637e-01
3.565746106599506637e-01	3.468089856599506637e-01	3.638988294099506637e-01
3.541332044099506637e-01	3.724437512849506637e-01	3.626781262849506637e-01
3.797679700349506637e-01	3.700023450349506637e-01	3.870921887849506637e-01
3.773265637849506637e-01	3.944164075349506637e-01	3.846507825349506637e-01
4.017406262849506637e-01	3.931957044099506637e-01	4.102855481599506637e-01
4.005199231599506637e-01	4.176097669099506637e-01	4.078441419099506637e-01
4.249339856599506637e-01	4.163890637849506637e-01	4.334789075349506637e-01
4.237132825349506637e-01	4.408031262849506637e-01	4.322582044099506637e-01
4.481273450349506637e-01	4.383617200349506637e-01	4.566722669099506637e-01
4.469066419099506637e-01	4.639964856599506637e-01	4.554515637849506637e-01
4.713207044099506637e-01	4.615550794099506637e-01	4.786449231599506637e-01
4.701000012849506637e-01	4.871898450349506637e-01	4.774242200349506637e-01
4.945140637849506637e-01	4.859691419099506637e-01	5.030589856599506637e-01
4.932933606599506637e-01	5.103832044099506637e-01	5.006175794099506637e-01
5.177074231599506637e-01	5.091625012849506637e-01	5.250316419099506637e-01
5.164867200349506637e-01	5.323558606599506637e-01	5.238109387849506637e-01
5.409007825349506637e-01	5.311351575349506637e-01	5.482250012849506637e-01
5.384593762849506637e-01	5.567699231599506637e-01	5.470042981599506637e-01
5.640941419099506637e-01	5.543285169099506637e-01	5.714183606599506637e-01
5.628734387849506637e-01	5.787425794099506637e-01	5.701976575349506637e-01
5.872875012849506637e-01	5.775218762849506637e-01	5.946117200349506637e-01
5.860667981599506637e-01	6.019359387849506637e-01	5.933910169099506637e-01
6.104808606599506637e-01	6.007152356599506637e-01	6.178050794099506637e-01
6.092601575349506637e-01	6.251292981599507748e-01	6.165843762849506637e-01
6.336742200349507748e-01	6.239085950349506637e-01	6.422191419099507748e-01
6.312328137849507748e-01	6.483226575349507748e-01	6.397777356599507748e-01
6.556468762849507748e-01	6.471019544099507748e-01	6.641917981599507748e-01
6.544261731599507748e-01	6.715160169099507748e-01	6.629710950349507748e-01
6.800609387849507748e-01	6.702953137849507748e-01	6.861644544099507748e-01
6.776195325349507748e-01	6.947093762849507748e-01	6.849437512849507748e-01
7.020335950349507748e-01	6.934886731599507748e-01	7.105785169099507748e-01
7.008128919099507748e-01	7.179027356599507748e-01	7.081371106599507748e-01
7.252269544099507748e-01	7.154613294099507748e-01	7.325511731599507748e-01
7.240062512849507748e-01	7.410960950349507748e-01	7.313304700349507748e-01
7.484203137849507748e-01	7.398753919099507748e-01	7.569652356599507748e-01
7.471996106599507748e-01	7.642894544099507748e-01	7.545238294099507748e-01
7.716136731599507748e-01	7.630687512849507748e-01	7.801585950349507748e-01
7.703929700349507748e-01	7.874828137849507748e-01	7.777171887849507748e-01
7.948070325349507748e-01	7.862621106599507748e-01	8.021312512849507748e-01
7.935863294099507748e-01	8.106761731599507748e-01	8.009105481599507748e-01
8.180003919099507748e-01	8.082347669099507748e-01	8.253246106599507748e-01
8.167796887849507748e-01	8.326488294099507748e-01	8.241039075349507748e-01
8.399730481599507748e-01	8.314281262849507748e-01	8.485179700349507748e-01
8.387523450349507748e-01	8.558421887849507748e-01	8.460765637849507748e-01
8.631664075349507748e-01	8.546214856599507748e-01	8.717113294099507748e-01
8.619457044099507748e-01	8.790355481599507748e-01	8.704906262849507748e-01
8.863597669099507748e-01	8.778148450349507748e-01	8.949046887849507748e-01
8.851390637849507748e-01	9.022289075349507748e-01	8.924632825349507748e-01
9.095531262849507748e-01	9.010082044099507748e-01	9.180980481599507748e-01
9.083324231599507748e-01	9.242015637849507748e-01	9.156566419099507748e-01
9.327464856599507748e-01	9.229808606599507748e-01	9.400707044099507748e-01
9.315257825349507748e-01	9.486156262849507748e-01	9.388500012849507748e-01
9.559398450349507748e-01	9.473949231599507748e-01	9.632640637849507748e-01
9.547191419099507748e-01	9.718089856599507748e-01	9.620433606599507748e-01
9.791332044099507748e-01	9.705882825349507748e-01	9.876781262849507748e-01
9.779125012849507748e-01	9.950023450349507748e-01	9.852367200349507748e-01
1.002326563784950775e+00	9.925609387849507748e-01	1.009650782534950775e+00
9.998851575349507748e-01	1.016975001284950775e+00	1.008430079409950775e+00
1.025519923159950775e+00	1.015754298159950775e+00	1.034064845034950775e+00
1.024299220034950775e+00	1.041389063784950775e+00	1.031623438784950775e+00
1.047492579409950775e+00	1.038947657534950775e+00	1.056037501284950775e+00
1.046271876284950775e+00	1.064582423159950775e+00	1.054816798159950775e+00
1.070685938784950775e+00	1.062141016909950775e+00	1.079230860659950775e+00
1.069465235659950775e+00	1.086555079409950775e+00	1.076789454409950775e+00
1.093879298159950775e+00	1.085334376284950775e+00	1.102424220034950775e+00
1.093879298159950775e+00	1.109748438784950775e+00	1.101203516909950775e+00
1.118293360659950775e+00	1.108527735659950775e+00	1.125617579409950775e+00
1.115851954409950775e+00	1.132941798159950775e+00	1.123176173159950775e+00
1.140266016909950775e+00	1.131721095034950775e+00	1.148810938784950775e+00
1.139045313784950775e+00	1.156135157534950775e+00	1.146369532534950775e+00
1.164680079409950775e+00	1.153693751284950775e+00	1.170783595034950775e+00
1.162238673159950775e+00	1.178107813784950775e+00	1.169562891909950775e+00
1.186652735659950775e+00	1.176887110659950775e+00	1.193976954409950775e+00
1.185432032534950775e+00	1.201301173159950775e+00	1.192756251284950775e+00
1.209846095034950775e+00	1.200080470034950775e+00	1.218391016909950775e+00
1.208625391909950775e+00	1.225715235659950775e+00	1.215949610659950775e+00
1.233039454409950775e+00	1.224494532534950775e+00	1.240363673159950775e+00
1.231818751284950775e+00	1.247687891909950775e+00	1.239142970034950775e+00
1.256232813784950775e+00	1.246467188784950775e+00	1.263557032534950775e+00
1.253791407534950775e+00	1.270881251284950775e+00	1.261115626284950775e+00
1.279426173159950775e+00	1.269660548159950775e+00	1.286750391909950775e+00
1.276984766909950775e+00	1.294074610659950775e+00	1.284308985659950775e+00
1.301398829409950775e+00	1.292853907534950775e+00	1.309943751284950775e+00
1.300178126284950775e+00	1.317267970034950775e+00	1.307502345034950775e+00
1.324592188784950775e+00	1.316047266909950775e+00	1.330695704409950775e+00
1.322150782534950775e+00	1.328254298159950775e+00	1.318488673159950775e+00
1.319709376284950775e+00	1.311164454409950775e+00	1.311164454409950775e+00
1.302619532534950775e+00	1.305060938784950775e+00	1.295295313784950775e+00
1.296516016909950775e+00	1.287971095034950775e+00	1.289191798159950775e+00
1.280646876284950775e+00	1.281867579409950775e+00	1.272101954409950775e+00
1.274543360659950775e+00	1.264777735659950775e+00	1.267219141909950775e+00
1.257453516909950775e+00	1.259894923159950775e+00	1.250129298159950775e+00
1.251350001284950775e+00	1.241584376284950775e+00	1.244025782534950775e+00
1.234260157534950775e+00	1.235480860659950775e+00	1.226935938784950775e+00
1.229377345034950775e+00	1.219611720034950775e+00	1.222053126284950775e+00
1.212287501284950775e+00	1.213508204409950775e+00	1.204963282534950775e+00
1.206183985659950775e+00	1.197639063784950775e+00	1.198859766909950775e+00
1.189094141909950775e+00	1.191535548159950775e+00	1.181769923159950775e+00
1.184211329409950775e+00	1.173225001284950775e+00	1.175666407534950775e+00
1.167121485659950775e+00	1.168342188784950775e+00	1.158576563784950775e+00
1.161017970034950775e+00	1.151252345034950775e+00	1.153693751284950775e+00
1.143928126284950775e+00	1.146369532534950775e+00	1.136603907534950775e+00
1.137824610659950775e+00	1.129279688784950775e+00	1.130500391909950775e+00
1.121955470034950775e+00	1.123176173159950775e+00	1.113410548159950775e+00
1.115851954409950775e+00	1.106086329409950775e+00	1.108527735659950775e+00
1.097541407534950775e+00	1.101203516909950775e+00	1.091437891909950775e+00
1.092658595034950775e+00	1.082892970034950775e+00	1.085334376284950775e+00
1.075568751284950775e+00	1.078010157534950775e+00	1.068244532534950775e+00
1.069465235659950775e+00	1.060920313784950775e+00	1.062141016909950775e+00
1.052375391909950775e+00	1.054816798159950775e+00	1.045051173159950775e+00
1.046271876284950775e+00	1.037726954409950775e+00	1.038947657534950775e+00
1.029182032534950775e+00	1.031623438784950775e+00	1.023078516909950775e+00
1.024299220034950775e+00	1.014533595034950775e+00	1.016975001284950775e+00
1.007209376284950775e+00	1.008430079409950775e+00	9.998851575349507748e-01
1.001105860659950775e+00	9.925609387849507748e-01	9.937816419099507748e-01
9.840160169099507748e-01	9.864574231599507748e-01	9.766917981599507748e-01
9.779125012849507748e-01	9.693675794099507748e-01	9.705882825349507748e-01
9.620433606599507748e-01	9.632640637849507748e-01	9.534984387849507748e-01
9.559398450349507748e-01	9.461742200349507748e-01	9.473949231599507748e-01
9.388500012849507748e-01	9.400707044099507748e-01	9.303050794099507748e-01
9.327464856599507748e-01	9.229808606599507748e-01	9.254222669099507748e-01
9.156566419099507748e-01	9.180980481599507748e-01	9.083324231599507748e-01
9.095531262849507748e-01	8.997875012849507748e-01	9.022289075349507748e-01
8.924632825349507748e-01	8.936839856599507748e-01	8.851390637849507748e-01
8.863597669099507748e-01	8.778148450349507748e-01	8.790355481599507748e-01
8.692699231599507748e-01	8.717113294099507748e-01	8.619457044099507748e-01
8.643871106599507748e-01	8.546214856599507748e-01	8.570628919099507748e-01
8.460765637849507748e-01	8.485179700349507748e-01	8.399730481599507748e-01
8.411937512849507748e-01	8.314281262849507748e-01	8.338695325349507748e-01
8.241039075349507748e-01	8.253246106599507748e-01	8.167796887849507748e-01
8.192210950349507748e-01	8.082347669099507748e-01	8.118968762849507748e-01
8.009105481599507748e-01	8.021312512849507748e-01	7.935863294099507748e-01
7.948070325349507748e-01	7.862621106599507748e-01	7.874828137849507748e-01
7.789378919099507748e-01	7.801585950349507748e-01	7.703929700349507748e-01
7.728343762849507748e-01	7.630687512849507748e-01	7.642894544099507748e-01
7.557445325349507748e-01	7.569652356599507748e-01	7.471996106599507748e-01
7.484203137849507748e-01	7.398753919099507748e-01	7.410960950349507748e-01
7.325511731599507748e-01	7.337718762849507748e-01	7.240062512849507748e-01
7.264476575349507748e-01	7.166820325349507748e-01	7.191234387849507748e-01
7.093578137849507748e-01	7.105785169099507748e-01	7.020335950349507748e-01
7.032542981599507748e-01	6.934886731599507748e-01	6.959300794099507748e-01
6.861644544099507748e-01	6.886058606599507748e-01	6.776195325349507748e-01
6.800609387849507748e-01	6.715160169099507748e-01	6.727367200349507748e-01
6.629710950349507748e-01	6.654125012849507748e-01	6.556468762849507748e-01
6.568675794099507748e-01	6.483226575349507748e-01	6.507640637849507748e-01
6.409984387849507748e-01	6.422191419099507748e-01	6.324535169099507748e-01
6.348949231599507748e-01	6.251292981599507748e-01	6.263500012849507748e-01
6.165843762849506637e-01	6.190257825349506637e-01	6.092601575349506637e-01
6.117015637849506637e-01	6.019359387849506637e-01	6.031566419099506637e-01
5.933910169099506637e-01	5.958324231599506637e-01	5.860667981599506637e-01
5.885082044099506637e-01	5.787425794099506637e-01	5.811839856599506637e-01
5.714183606599506637e-01	5.738597669099506637e-01	5.640941419099506637e-01
5.653148450349506637e-01	5.555492200349506637e-01	5.579906262849506637e-01
5.482250012849506637e-01	5.494457044099506637e-01	5.409007825349506637e-01
5.421214856599506637e-01	5.323558606599506637e-01	5.347972669099506637e-01
5.250316419099506637e-01	5.274730481599506637e-01	5.177074231599506637e-01
5.189281262849506637e-01	5.091625012849506637e-01	5.116039075349506637e-01
5.018382825349506637e-01	5.042796887849506637e-01	4.945140637849506637e-01
4.957347669099506637e-01	4.871898450349506637e-01	4.884105481599506637e-01
4.786449231599506637e-01	4.810863294099506637e-01	4.713207044099506637e-01
4.725414075349506637e-01	4.639964856599506637e-01	4.652171887849506637e-01
4.554515637849506637e-01	4.578929700349506637e-01	4.481273450349506637e-01
4.493480481599506637e-01	4.408031262849506637e-01	4.420238294099506637e-01
4.334789075349506637e-01	4.346996106599506637e-01	4.261546887849506637e-01
4.273753919099506637e-01	4.176097669099506637e-01	4.188304700349506637e-01
4.102855481599506637e-01	4.115062512849506637e-01	4.029613294099506637e-01
4.041820325349506637e-01	3.944164075349506637e-01	3.968578137849506637e-01
3.870921887849506637e-01	3.883128919099506637e-01	3.785472669099506637e-01
3.809886731599506637e-01	3.712230481599506637e-01	3.736644544099506637e-01
3.638988294099506637e-01	3.651195325349506637e-01	3.553539075349506637e-01
3.577953137849506637e-01	3.480296887849506637e-01	3.504710950349506637e-01
3.407054700349506637e-01	3.419261731599506637e-01	3.333812512849506637e-01
3.346019544099506637e-01	3.248363294099506637e-01	3.260570325349506637e-01
3.175121106599506637e-01	3.187328137849506637e-01	3.101878919099506637e-01
3.114085950349506637e-01	3.016429700349506637e-01	3.028636731599506637e-01
2.943187512849506637e-01	2.955394544099506637e-01	2.857738294099506637e-01
2.882152356599506637e-01	2.784496106599506637e-01	2.808910169099506637e-01
2.711253919099506637e-01	2.723460950349506637e-01	2.625804700349506637e-01
2.650218762849506637e-01	2.552562512849506637e-01	2.576976575349506637e-01
2.479320325349506637e-01	2.503734387849506637e-01	2.406078137849506637e-01
2.430492200349506637e-01	2.332835950349506637e-01	2.345042981599506637e-01
2.259593762849506637e-01	2.271800794099506637e-01	2.174144544099506637e-01
2.186351575349506637e-01	2.088695325349506637e-01	2.113109387849506637e-01
2.015453137849506637e-01	2.039867200349506637e-01	1.942210950349506637e-01
1.954417981599506637e-01	1.868968762849506637e-01	1.881175794099506637e-01
1.783519544099506637e-01	1.795726575349506637e-01	1.710277356599506637e-01
1.734691419099506637e-01	1.624828137849506637e-01	1.649242200349506637e-01
1.576000012849506637e-01	1.588207044099506637e-01	1.490550794099506637e-01
1.514964856599506637e-01	1.417308606599506637e-01	1.429515637849506637e-01
1.344066419099506637e-01	1.356273450349506637e-01	1.258617200349506637e-01
1.283031262849506637e-01	1.185375012849506499e-01	1.197582044099506499e-01
1.099925794099506499e-01	1.124339856599506499e-01	1.026683606599506499e-01
1.051097669099506499e-01	9.534414190995064986e-02	9.778554815995064986e-02
8.679922003495064986e-02	8.924062628495064986e-02	7.947500128495064986e-02
8.069570440995064986e-02	7.215078253495064986e-02	7.337148565995064986e-02
6.482656378495064986e-02	6.604726690995064986e-02	5.628164190995064986e-02
5.872304815995064986e-02	4.895742315995064986e-02	5.139882940995064986e-02
4.163320440995064986e-02	4.285390753495064986e-02	3.430898565995064986e-02
3.430898565995064986e-02	2.576406378495064986e-02	2.820547003495064986e-02
1.843984503495064986e-02	1.966054815995064986e-02	1.111562628495064986e-02
1.233632940995064986e-02	2.570704409950649860e-03	3.791407534950649860e-03
-4.753514340049350140e-03	-2.312108090049350140e-03	-1.207773309004935014e-02
-1.085702996504935014e-02	-2.062265496504935014e-02	-1.940195184004935014e-02
-2.794687371504935014e-02	-2.672617059004935014e-02	-3.527109246504935014e-02
-3.405038934004935014e-02	-4.259531121504935014e-02	-4.137460809004935014e-02
-5.114023309004935014e-02	-4.869882684004935014e-02	-5.846445184004935014e-02
-5.724374871504935014e-02	-6.578867059004935014e-02	-6.456796746504935014e-02
-7.311288934004935014e-02	-7.189218621504935014e-02	-8.165781121504935014e-02
-8.043710809004935014e-02	-8.898202996504935014e-02	-8.776132684004935014e-02
-9.752695184004935014e-02	-9.508554559004935014e-02	-1.048511705900493501e-01
-1.036304674650493501e-01	-1.121753893400493501e-01	-1.109546862150493501e-01
-1.194996080900493501e-01	-1.182789049650493501e-01	-1.280445299650493363e-01
-1.268238268400493363e-01	-1.353687487150493363e-01	-1.341480455900493363e-01
-1.439136705900493363e-01	-1.414722643400493363e-01	-1.512378893400493363e-01
-1.500171862150493363e-01	-1.585621080900493363e-01	-1.573414049650493363e-01
-1.658863268400493363e-01	-1.646656237150493363e-01	-1.744312487150493363e-01
-1.719898424650493363e-01	-1.817554674650493363e-01	-1.805347643400493363e-01
-1.903003893400493363e-01	-1.878589830900493363e-01	-1.976246080900493363e-01
-1.951832018400493363e-01	-2.049488268400493363e-01	-2.037281237150493363e-01
-2.122730455900493363e-01	-2.110523424650493363e-01	-2.195972643400493363e-01
-2.183765612150493363e-01	-2.281421862150493363e-01	-2.269214830900493363e-01
-2.354664049650493363e-01	-2.342457018400493363e-01	-2.427906237150493363e-01
-2.427906237150493363e-01	-2.513355455900493363e-01	-2.501148424650493363e-01
-2.598804674650493363e-01	-2.574390612150493363e-01	-2.659839830900493363e-01
-2.647632799650493363e-01	-2.745289049650493363e-01	-2.720874987150493363e-01
-2.818531237150493363e-01	-2.806324205900493363e-01	-2.891773424650493363e-01
-2.879566393400493363e-01	-2.977222643400493363e-01	-2.965015612150493363e-01
-3.050464830900493363e-01	-3.038257799650493363e-01	-3.123707018400493363e-01
-3.111499987150493363e-01	-3.209156237150493363e-01	-3.184742174650493363e-01
-3.282398424650493363e-01	-3.270191393400493363e-01	-3.355640612150493363e-01
-3.343433580900493363e-01	-3.441089830900493363e-01	-3.416675768400493363e-01
-3.514332018400493363e-01	-3.502124987150493363e-01	-3.587574205900493363e-01
-3.575367174650493363e-01	-3.673023424650493363e-01	-3.648609362150493363e-01
-3.746265612150493363e-01	-3.734058580900493363e-01	-3.819507799650493363e-01
-3.807300768400493363e-01	-3.904957018400493363e-01	-3.892749987150493363e-01
-3.978199205900493363e-01	-3.965992174650493363e-01	-4.051441393400493363e-01
-4.051441393400493363e-01	-4.136890612150493363e-01	-4.112476549650493363e-01
-4.210132799650493363e-01	-4.185718737150493363e-01	-4.295582018400493363e-01
-4.271167955900493363e-01	-4.368824205900493363e-01	-4.344410143400493363e-01
-4.442066393400493363e-01	-4.417652330900493363e-01	-4.527515612150493363e-01
-4.503101549650493363e-01	-4.600757799650493363e-01	-4.576343737150493363e-01
-4.673999987150493363e-01	-4.649585924650493363e-01	-4.747242174650493363e-01
-4.722828112150493363e-01	-4.820484362150493363e-01	-4.808277330900493363e-01
-4.905933580900493363e-01	-4.881519518400493363e-01	-4.979175768400493363e-01
-4.966968737150493363e-01	-5.052417955900493363e-01	-5.040210924650493363e-01
-5.125660143400493363e-01	-5.113453112150493363e-01	-5.211109362150493363e-01
-5.186695299650493363e-01	-5.284351549650493363e-01	-5.272144518400493363e-01
-5.357593737150493363e-01	-5.345386705900493363e-01	-5.443042955900493363e-01
-5.418628893400493363e-01	-5.516285143400493363e-01	-5.504078112150493363e-01
-5.601734362150493363e-01	-5.577320299650493363e-01	-5.674976549650493363e-01
-5.650562487150493363e-01	-5.748218737150493363e-01	-5.723804674650493363e-01
-5.821460924650493363e-01	-5.809253893400493363e-01	-5.906910143400493363e-01
-5.882496080900493363e-01	-5.980152330900493363e-01	-5.967945299650493363e-01
-6.053394518400493363e-01	-6.028980455900493363e-01	-6.126636705900493363e-01
-6.114429674650493363e-01	-6.212085924650493363e-01	-6.187671862150493363e-01
-6.285328112150492252e-01	-6.273121080900492252e-01	-6.358570299650492252e-01
-6.346363268400492252e-01	-6.431812487150492252e-01	-6.419605455900492252e-01
-6.517261705900492252e-01	-6.492847643400492252e-01	-6.590503893400492252e-01
-6.566089830900492252e-01	-6.675953112150492252e-01	-6.651539049650492252e-01
-6.749195299650492252e-01	-6.736988268400492252e-01	-6.834644518400492252e-01
-6.810230455900492252e-01	-6.895679674650492252e-01	-6.883472643400492252e-01
-6.981128893400492252e-01	-6.968921862150492252e-01	-7.054371080900492252e-01
-7.042164049650492252e-01	-7.139820299650492252e-01	-7.115406237150492252e-01
-7.213062487150492252e-01	-7.188648424650492252e-01	-7.286304674650492252e-01
-7.261890612150492252e-01	-7.359546862150492252e-01	-7.347339830900492252e-01
-7.444996080900492252e-01	-7.432789049650492252e-01	-7.518238268400492252e-01
-7.506031237150492252e-01	-7.591480455900492252e-01	-7.579273424650492252e-01
-7.664722643400492252e-01	-7.652515612150492252e-01	-7.750171862150492252e-01
-7.737964830900492252e-01	-7.823414049650492252e-01	-7.798999987150492252e-01
-7.908863268400492252e-01	-7.884449205900492252e-01	-7.982105455900492252e-01
-7.957691393400492252e-01	-8.055347643400492252e-01	-8.030933580900492252e-01
-8.128589830900492252e-01	-8.116382799650492252e-01	-8.214039049650492252e-01
-8.189624987150492252e-01	-8.287281237150492252e-01	-8.275074205900492252e-01
-8.360523424650492252e-01	-8.348316393400492252e-01	-8.433765612150492252e-01
-8.421558580900492252e-01	-8.519214830900492252e-01	-8.507007799650492252e-01
-8.592457018400492252e-01	-8.580249987150492252e-01	-8.665699205900492252e-01
-8.665699205900492252e-01	-8.751148424650492252e-01	-8.726734362150492252e-01
-8.824390612150492252e-01	-8.812183580900492252e-01	-8.909839830900492252e-01
-8.885425768400492252e-01	-8.983082018400492252e-01	-8.958667955900492252e-01
-9.056324205900492252e-01	-9.044117174650492252e-01	-9.141773424650492252e-01
-9.117359362150492252e-01	-9.215015612150492252e-01	-9.190601549650492252e-01
-9.288257799650492252e-01	-9.263843737150492252e-01	-9.361499987150492252e-01
-9.337085924650492252e-01	-9.434742174650492252e-01	-9.422535143400492252e-01
-9.520191393400492252e-01	-9.495777330900492252e-01	-9.593433580900492252e-01
-9.569019518400492252e-01	-9.666675768400492252e-01	-9.654468737150492252e-01
-9.752124987150492252e-01	-9.715503893400492252e-01	-9.813160143400492252e-01
-9.800953112150492252e-01	-9.898609362150492252e-01	-9.886402330900492252e-01
-9.971851549650492252e-01	-9.959644518400492252e-01	-1.004509373715049225e+00
-1.002067967465049225e+00	-1.010612889340049225e+00	-9.959644518400492252e-01
-1.004509373715049225e+00	-9.886402330900492252e-01	-9.984058580900492252e-01
-9.813160143400492252e-01	-9.910816393400492252e-01	-9.727710924650492252e-01
-9.825367174650492252e-01	-9.666675768400492252e-01	-9.739917955900492252e-01
-9.593433580900492252e-01	-9.678882799650492252e-01	-9.507984362150492252e-01
-9.605640612150492252e-01	-9.434742174650492252e-01	-9.520191393400492252e-01
-9.361499987150492252e-01	-9.446949205900492252e-01	-9.288257799650492252e-01
-9.373707018400492252e-01	-9.215015612150492252e-01	-9.300464830900492252e-01
-9.129566393400492252e-01	-9.227222643400492252e-01	-9.056324205900492252e-01
-9.153980455900492252e-01	-8.983082018400492252e-01	-9.068531237150492252e-01
-8.909839830900492252e-01	-8.995289049650492252e-01	-8.824390612150492252e-01
-8.922046862150492252e-01	-8.751148424650492252e-01	-8.848804674650492252e-01
-8.677906237150492252e-01	-8.763355455900492252e-01	-8.604664049650492252e-01
-8.690113268400492252e-01	-8.519214830900492252e-01	-8.629078112150492252e-01
-8.445972643400492252e-01	-8.543628893400492252e-01	-8.372730455900492252e-01
-8.470386705900492252e-01	-8.299488268400492252e-01	-8.384937487150492252e-01
-8.214039049650492252e-01	-8.323902330900492252e-01	-8.140796862150492252e-01
-8.238453112150492252e-01	-8.067554674650492252e-01	-8.165210924650492252e-01
-7.994312487150492252e-01	-8.079761705900492252e-01	-7.921070299650492252e-01
-8.006519518400492252e-01	-7.847828112150492252e-01	-7.933277330900492252e-01
-7.762378893400492252e-01	-7.860035143400492252e-01	-7.689136705900492252e-01
-7.786792955900492252e-01	-7.615894518400492252e-01	-7.701343737150492252e-01
-7.530445299650492252e-01	-7.628101549650492252e-01	-7.457203112150492252e-01
-7.554859362150492252e-01	-7.383960924650492252e-01	-7.481617174650492252e-01
-7.310718737150492252e-01	-7.396167955900492252e-01	-7.237476549650492252e-01
-7.322925768400492252e-01	-7.164234362150492252e-01	-7.249683580900492252e-01
