time[s]	CH1[V]	CH2[V] (num. of cycles: 1)
0.000000000000000000e+00	1.000000000000000082e-05	2.000000000000000164e-05
3.000000000000000076e-05	4.000000000000000327e-05	5.000000000000000240e-05
6.000000000000000152e-05	6.999999999999999387e-05	8.000000000000000654e-05
9.000000000000000567e-05	1.000000000000000048e-04	1.100000000000000039e-04
1.200000000000000030e-04	1.299999999999999886e-04	1.399999999999999877e-04
1.499999999999999869e-04	1.600000000000000131e-04	1.700000000000000122e-04
1.800000000000000113e-04	1.900000000000000105e-04	2.000000000000000096e-04
2.100000000000000087e-04	2.200000000000000078e-04	2.300000000000000070e-04
2.400000000000000061e-04	2.500000000000000052e-04	2.599999999999999772e-04
2.700000000000000035e-04	2.799999999999999755e-04	2.900000000000000017e-04
2.999999999999999737e-04	3.099999999999999999e-04	3.200000000000000262e-04
3.299999999999999982e-04	3.400000000000000244e-04	3.499999999999999964e-04
3.600000000000000227e-04	3.699999999999999947e-04	3.800000000000000209e-04
3.899999999999999929e-04	4.000000000000000192e-04	4.099999999999999912e-04
4.200000000000000174e-04	4.299999999999999894e-04	4.400000000000000157e-04
4.499999999999999877e-04	4.600000000000000139e-04	4.699999999999999859e-04
4.800000000000000122e-04	4.899999999999999842e-04	5.000000000000000104e-04
5.100000000000000366e-04	5.199999999999999544e-04	5.299999999999999807e-04
5.400000000000000069e-04	5.500000000000000331e-04	5.599999999999999509e-04
5.699999999999999772e-04	5.800000000000000034e-04	5.900000000000000296e-04
5.999999999999999474e-04	6.099999999999999737e-04	6.199999999999999999e-04
6.300000000000000261e-04	6.400000000000000524e-04	6.499999999999999702e-04
6.599999999999999964e-04	6.700000000000000226e-04	6.800000000000000488e-04
6.899999999999999667e-04	6.999999999999999929e-04	7.100000000000000191e-04
7.200000000000000453e-04	7.299999999999999632e-04	7.399999999999999894e-04
7.500000000000000156e-04	7.600000000000000418e-04	7.699999999999999597e-04
7.799999999999999859e-04	7.900000000000000121e-04	8.000000000000000383e-04
8.099999999999999561e-04	8.199999999999999824e-04	8.300000000000000086e-04
8.400000000000000348e-04	8.499999999999999526e-04	8.599999999999999789e-04
8.700000000000000051e-04	8.800000000000000313e-04	8.899999999999999491e-04
8.999999999999999754e-04	9.100000000000000016e-04	9.200000000000000278e-04
9.300000000000000541e-04	9.399999999999999719e-04	9.499999999999999981e-04
9.600000000000000243e-04	9.700000000000000505e-04	9.799999999999999684e-04
9.899999999999999946e-04	1.000000000000000021e-03	1.010000000000000047e-03
1.020000000000000073e-03	1.030000000000000100e-03	1.039999999999999909e-03
1.049999999999999935e-03	1.059999999999999961e-03	1.069999999999999988e-03
1.080000000000000014e-03	1.090000000000000040e-03	1.100000000000000066e-03
1.110000000000000092e-03	1.119999999999999902e-03	1.129999999999999928e-03
1.139999999999999954e-03	1.149999999999999981e-03	1.160000000000000007e-03
1.170000000000000033e-03	1.180000000000000059e-03	1.190000000000000085e-03
1.199999999999999895e-03	1.209999999999999921e-03	1.219999999999999947e-03
1.229999999999999974e-03	1.240000000000000000e-03	1.250000000000000026e-03
1.260000000000000052e-03	1.270000000000000078e-03	1.280000000000000105e-03
1.289999999999999914e-03	1.299999999999999940e-03	1.309999999999999967e-03
1.319999999999999993e-03	1.330000000000000019e-03	1.340000000000000045e-03
1.350000000000000071e-03	1.360000000000000098e-03	1.369999999999999907e-03
1.379999999999999933e-03	1.389999999999999960e-03	1.399999999999999986e-03
1.410000000000000012e-03	1.420000000000000038e-03	1.430000000000000064e-03
1.440000000000000091e-03	1.449999999999999900e-03	1.459999999999999926e-03
1.469999999999999953e-03	1.479999999999999979e-03	1.490000000000000005e-03
1.500000000000000031e-03	1.510000000000000057e-03	1.520000000000000084e-03
1.529999999999999893e-03	1.539999999999999919e-03	1.549999999999999946e-03
1.559999999999999972e-03	1.569999999999999998e-03	1.580000000000000024e-03
1.590000000000000050e-03	1.600000000000000077e-03	1.610000000000000103e-03
1.619999999999999912e-03	1.629999999999999939e-03	1.639999999999999965e-03
1.649999999999999991e-03	1.660000000000000017e-03	1.670000000000000043e-03
1.680000000000000070e-03	1.690000000000000096e-03	1.699999999999999905e-03
1.709999999999999932e-03	1.719999999999999958e-03	1.729999999999999984e-03
1.740000000000000010e-03	1.750000000000000036e-03	1.760000000000000063e-03
1.770000000000000089e-03	1.779999999999999898e-03	1.789999999999999925e-03
1.799999999999999951e-03	1.809999999999999977e-03	1.820000000000000003e-03
1.830000000000000029e-03	1.840000000000000056e-03	1.850000000000000082e-03
1.860000000000000108e-03	1.869999999999999917e-03	1.879999999999999944e-03
1.889999999999999970e-03	1.899999999999999996e-03	1.910000000000000022e-03
1.920000000000000049e-03	1.930000000000000075e-03	1.940000000000000101e-03
1.949999999999999910e-03	1.959999999999999937e-03	1.969999999999999963e-03
1.979999999999999989e-03	1.990000000000000015e-03	2.000000000000000042e-03
2.010000000000000068e-03	2.020000000000000094e-03	2.030000000000000120e-03
2.040000000000000147e-03	2.050000000000000173e-03	2.060000000000000199e-03
2.069999999999999792e-03	2.079999999999999818e-03	2.089999999999999844e-03
2.099999999999999870e-03	2.109999999999999896e-03	2.119999999999999923e-03
2.129999999999999949e-03	2.139999999999999975e-03	2.150000000000000001e-03
2.160000000000000028e-03	2.170000000000000054e-03	2.180000000000000080e-03
2.190000000000000106e-03	2.200000000000000133e-03	2.210000000000000159e-03
2.220000000000000185e-03	2.230000000000000211e-03	2.239999999999999804e-03
2.249999999999999830e-03	2.259999999999999856e-03	2.269999999999999882e-03
2.279999999999999909e-03	2.289999999999999935e-03	2.299999999999999961e-03
2.309999999999999987e-03	2.320000000000000014e-03	2.330000000000000040e-03
2.340000000000000066e-03	2.350000000000000092e-03	2.360000000000000119e-03
2.370000000000000145e-03	2.380000000000000171e-03	2.390000000000000197e-03
2.399999999999999790e-03	2.409999999999999816e-03	2.419999999999999842e-03
2.429999999999999868e-03	2.439999999999999895e-03	2.449999999999999921e-03
2.459999999999999947e-03	2.469999999999999973e-03	2.480000000000000000e-03
2.490000000000000026e-03	2.500000000000000052e-03	2.510000000000000078e-03
2.520000000000000104e-03	2.530000000000000131e-03	2.540000000000000157e-03
2.550000000000000183e-03	2.560000000000000209e-03	2.569999999999999802e-03
2.579999999999999828e-03	2.589999999999999854e-03	2.599999999999999881e-03
2.609999999999999907e-03	2.619999999999999933e-03	2.629999999999999959e-03
2.639999999999999986e-03	2.650000000000000012e-03	2.660000000000000038e-03
2.670000000000000064e-03	2.680000000000000090e-03	2.690000000000000117e-03
2.700000000000000143e-03	2.710000000000000169e-03	2.720000000000000195e-03
2.729999999999999788e-03	2.739999999999999814e-03	2.749999999999999840e-03
2.759999999999999867e-03	2.769999999999999893e-03	2.779999999999999919e-03
2.789999999999999945e-03	2.799999999999999972e-03	2.809999999999999998e-03
2.820000000000000024e-03	2.830000000000000050e-03	2.840000000000000076e-03
2.850000000000000103e-03	2.860000000000000129e-03	2.870000000000000155e-03
2.880000000000000181e-03	2.890000000000000208e-03	2.899999999999999800e-03
2.909999999999999826e-03	2.919999999999999853e-03	2.929999999999999879e-03
2.939999999999999905e-03	2.949999999999999931e-03	2.959999999999999958e-03
2.969999999999999984e-03	2.980000000000000010e-03	2.990000000000000036e-03
3.000000000000000062e-03	3.010000000000000089e-03	3.020000000000000115e-03
3.030000000000000141e-03	3.040000000000000167e-03	3.050000000000000194e-03
3.059999999999999786e-03	3.069999999999999812e-03	3.079999999999999839e-03
3.089999999999999865e-03	3.099999999999999891e-03	3.109999999999999917e-03
3.119999999999999944e-03	3.129999999999999970e-03	3.139999999999999996e-03
3.150000000000000022e-03	3.160000000000000048e-03	3.170000000000000075e-03
3.180000000000000101e-03	3.190000000000000127e-03	3.200000000000000153e-03
3.210000000000000180e-03	3.220000000000000206e-03	3.229999999999999798e-03
3.239999999999999825e-03	3.249999999999999851e-03	3.259999999999999877e-03
3.269999999999999903e-03	3.279999999999999930e-03	3.289999999999999956e-03
3.299999999999999982e-03	3.310000000000000008e-03	3.320000000000000034e-03
3.330000000000000061e-03	3.340000000000000087e-03	3.350000000000000113e-03
3.360000000000000139e-03	3.370000000000000166e-03	3.380000000000000192e-03
3.389999999999999784e-03	3.399999999999999811e-03	3.409999999999999837e-03
3.419999999999999863e-03	3.429999999999999889e-03	3.439999999999999915e-03
3.449999999999999942e-03	3.459999999999999968e-03	3.469999999999999994e-03
3.480000000000000020e-03	3.490000000000000047e-03	3.500000000000000073e-03
3.510000000000000099e-03	3.520000000000000125e-03	3.530000000000000152e-03
3.540000000000000178e-03	3.550000000000000204e-03	3.559999999999999797e-03
3.569999999999999823e-03	3.579999999999999849e-03	3.589999999999999875e-03
3.599999999999999901e-03	3.609999999999999928e-03	3.619999999999999954e-03
3.629999999999999980e-03	3.640000000000000006e-03	3.650000000000000033e-03
3.660000000000000059e-03	3.670000000000000085e-03	3.680000000000000111e-03
3.690000000000000138e-03	3.700000000000000164e-03	3.710000000000000190e-03
3.720000000000000216e-03	3.729999999999999809e-03	3.739999999999999835e-03
3.749999999999999861e-03	3.759999999999999887e-03	3.769999999999999914e-03
3.779999999999999940e-03	3.789999999999999966e-03	3.799999999999999992e-03
3.810000000000000019e-03	3.820000000000000045e-03	3.830000000000000071e-03
3.840000000000000097e-03	3.850000000000000124e-03	3.860000000000000150e-03
3.870000000000000176e-03	3.880000000000000202e-03	3.889999999999999795e-03
3.899999999999999821e-03	3.910000000000000281e-03	3.919999999999999873e-03
3.930000000000000333e-03	3.939999999999999926e-03	3.950000000000000386e-03
3.959999999999999978e-03	3.969999999999999571e-03	3.980000000000000031e-03
3.989999999999999623e-03	4.000000000000000083e-03	4.009999999999999676e-03
4.020000000000000136e-03	4.029999999999999728e-03	4.040000000000000188e-03
4.049999999999999781e-03	4.060000000000000241e-03	4.069999999999999833e-03
4.080000000000000293e-03	4.089999999999999886e-03	4.100000000000000346e-03
4.109999999999999938e-03	4.120000000000000398e-03	4.129999999999999991e-03
4.139999999999999583e-03	4.150000000000000043e-03	4.159999999999999636e-03
4.170000000000000095e-03	4.179999999999999688e-03	4.190000000000000148e-03
4.199999999999999740e-03	4.210000000000000200e-03	4.219999999999999793e-03
4.230000000000000253e-03	4.239999999999999845e-03	4.250000000000000305e-03
4.259999999999999898e-03	4.270000000000000358e-03	4.279999999999999950e-03
4.290000000000000410e-03	4.300000000000000003e-03	4.309999999999999595e-03
4.320000000000000055e-03	4.329999999999999648e-03	4.340000000000000108e-03
4.349999999999999700e-03	4.360000000000000160e-03	4.369999999999999753e-03
4.380000000000000213e-03	4.389999999999999805e-03	4.400000000000000265e-03
4.409999999999999858e-03	4.420000000000000318e-03	4.429999999999999910e-03
4.440000000000000370e-03	4.449999999999999963e-03	4.460000000000000422e-03
4.470000000000000015e-03	4.479999999999999608e-03	4.490000000000000067e-03
4.499999999999999660e-03	4.510000000000000120e-03	4.519999999999999712e-03
4.530000000000000172e-03	4.539999999999999765e-03	4.550000000000000225e-03
4.559999999999999817e-03	4.570000000000000277e-03	4.579999999999999870e-03
4.590000000000000330e-03	4.599999999999999922e-03	4.610000000000000382e-03
4.619999999999999975e-03	4.629999999999999567e-03	4.640000000000000027e-03
4.649999999999999620e-03	4.660000000000000080e-03	4.669999999999999672e-03
4.680000000000000132e-03	4.689999999999999725e-03	4.700000000000000185e-03
4.709999999999999777e-03	4.720000000000000237e-03	4.729999999999999830e-03
4.740000000000000289e-03	4.749999999999999882e-03	4.760000000000000342e-03
4.769999999999999934e-03	4.780000000000000394e-03	4.789999999999999987e-03
4.799999999999999580e-03	4.810000000000000039e-03	4.819999999999999632e-03
4.830000000000000092e-03	4.839999999999999684e-03	4.850000000000000144e-03
4.859999999999999737e-03	4.870000000000000197e-03	4.879999999999999789e-03
4.890000000000000249e-03	4.899999999999999842e-03	4.910000000000000302e-03
4.919999999999999894e-03	4.930000000000000354e-03	4.939999999999999947e-03
4.950000000000000407e-03	4.959999999999999999e-03	4.969999999999999592e-03
4.980000000000000052e-03	4.989999999999999644e-03	5.000000000000000104e-03
5.009999999999999697e-03	5.020000000000000157e-03	5.029999999999999749e-03
5.040000000000000209e-03	5.049999999999999802e-03	5.060000000000000261e-03
5.069999999999999854e-03	5.080000000000000314e-03	5.089999999999999906e-03
5.100000000000000366e-03	5.109999999999999959e-03	5.120000000000000419e-03
5.130000000000000011e-03	5.139999999999999604e-03	5.150000000000000064e-03
5.159999999999999656e-03	5.170000000000000116e-03	5.179999999999999709e-03
5.190000000000000169e-03	5.199999999999999761e-03	5.210000000000000221e-03
5.219999999999999814e-03	5.230000000000000274e-03	5.239999999999999866e-03
5.250000000000000326e-03	5.259999999999999919e-03	5.270000000000000379e-03
5.279999999999999971e-03	5.290000000000000431e-03	5.300000000000000024e-03
5.309999999999999616e-03	5.320000000000000076e-03	5.329999999999999669e-03
5.340000000000000129e-03	5.349999999999999721e-03	5.360000000000000181e-03
5.369999999999999774e-03	5.380000000000000233e-03	5.389999999999999826e-03
5.400000000000000286e-03	5.409999999999999878e-03	5.420000000000000338e-03
5.429999999999999931e-03	5.440000000000000391e-03	5.449999999999999983e-03
5.459999999999999576e-03	5.470000000000000036e-03	5.479999999999999628e-03
5.490000000000000088e-03	5.499999999999999681e-03	5.510000000000000141e-03
5.519999999999999733e-03	5.530000000000000193e-03	5.539999999999999786e-03
5.550000000000000246e-03	5.559999999999999838e-03	5.570000000000000298e-03
5.579999999999999891e-03	5.590000000000000351e-03	5.599999999999999943e-03
5.610000000000000403e-03	5.619999999999999996e-03	5.629999999999999588e-03
5.640000000000000048e-03	5.649999999999999641e-03	5.660000000000000100e-03
5.669999999999999693e-03	5.680000000000000153e-03	5.689999999999999745e-03
5.700000000000000205e-03	5.709999999999999798e-03	5.720000000000000258e-03
5.729999999999999850e-03	5.740000000000000310e-03	5.749999999999999903e-03
5.760000000000000363e-03	5.769999999999999955e-03	5.780000000000000415e-03
5.790000000000000008e-03	5.799999999999999600e-03	5.810000000000000060e-03
5.819999999999999653e-03	5.830000000000000113e-03	5.839999999999999705e-03
5.850000000000000165e-03	5.859999999999999758e-03	5.870000000000000218e-03
5.879999999999999810e-03	5.890000000000000270e-03	5.899999999999999863e-03
5.910000000000000323e-03	5.919999999999999915e-03	5.930000000000000375e-03
5.939999999999999968e-03	5.950000000000000427e-03	5.960000000000000020e-03
5.969999999999999613e-03	5.980000000000000072e-03	5.989999999999999665e-03
6.000000000000000125e-03	6.009999999999999717e-03	6.020000000000000177e-03
6.029999999999999770e-03	6.040000000000000230e-03	6.049999999999999822e-03
6.060000000000000282e-03	6.069999999999999875e-03	6.080000000000000335e-03
6.089999999999999927e-03	6.100000000000000387e-03	6.109999999999999980e-03
6.119999999999999572e-03	6.130000000000000032e-03	6.139999999999999625e-03
6.150000000000000085e-03	6.159999999999999677e-03	6.170000000000000137e-03
6.179999999999999730e-03	6.190000000000000190e-03	6.199999999999999782e-03
6.210000000000000242e-03	6.219999999999999835e-03	6.230000000000000294e-03
6.239999999999999887e-03	6.250000000000000347e-03	6.259999999999999939e-03
6.270000000000000399e-03	6.279999999999999992e-03	6.289999999999999584e-03
6.300000000000000044e-03	6.309999999999999637e-03	6.320000000000000097e-03
6.329999999999999689e-03	6.340000000000000149e-03	6.349999999999999742e-03
6.360000000000000202e-03	6.369999999999999794e-03	6.380000000000000254e-03
6.389999999999999847e-03	6.400000000000000307e-03	6.409999999999999899e-03
6.420000000000000359e-03	6.429999999999999952e-03	6.440000000000000412e-03
6.450000000000000004e-03	6.459999999999999597e-03	6.470000000000000057e-03
6.479999999999999649e-03	6.490000000000000109e-03	6.499999999999999702e-03
6.510000000000000162e-03	6.519999999999999754e-03	6.530000000000000214e-03
6.539999999999999807e-03	6.550000000000000266e-03	6.559999999999999859e-03
6.570000000000000319e-03	6.579999999999999911e-03	6.590000000000000371e-03
6.599999999999999964e-03	6.610000000000000424e-03	6.620000000000000016e-03
6.629999999999999609e-03	6.640000000000000069e-03	6.649999999999999661e-03
6.660000000000000121e-03	6.669999999999999714e-03	6.680000000000000174e-03
6.689999999999999766e-03	6.700000000000000226e-03	6.709999999999999819e-03
6.720000000000000279e-03	6.729999999999999871e-03	6.740000000000000331e-03
6.749999999999999924e-03	6.760000000000000384e-03	6.769999999999999976e-03
6.779999999999999569e-03	6.790000000000000029e-03	6.799999999999999621e-03
6.810000000000000081e-03	6.819999999999999674e-03	6.830000000000000134e-03
6.839999999999999726e-03	6.850000000000000186e-03	6.859999999999999779e-03
6.870000000000000238e-03	6.879999999999999831e-03	6.890000000000000291e-03
6.899999999999999883e-03	6.910000000000000343e-03	6.919999999999999936e-03
6.930000000000000396e-03	6.939999999999999988e-03	6.949999999999999581e-03
6.960000000000000041e-03	6.969999999999999633e-03	6.980000000000000093e-03
6.989999999999999686e-03	7.000000000000000146e-03	7.009999999999999738e-03
7.020000000000000198e-03	7.029999999999999791e-03	7.040000000000000251e-03
7.049999999999999843e-03	7.060000000000000303e-03	7.069999999999999896e-03
7.080000000000000356e-03	7.089999999999999948e-03	7.100000000000000408e-03
7.110000000000000001e-03	7.119999999999999593e-03	7.130000000000000053e-03
7.139999999999999646e-03	7.150000000000000105e-03	7.159999999999999698e-03
7.170000000000000158e-03	7.179999999999999750e-03	7.190000000000000210e-03
7.199999999999999803e-03	7.210000000000000263e-03	7.219999999999999855e-03
7.230000000000000315e-03	7.239999999999999908e-03	7.250000000000000368e-03
7.259999999999999960e-03	7.270000000000000420e-03	7.280000000000000013e-03
7.289999999999999605e-03	7.300000000000000065e-03	7.309999999999999658e-03
7.320000000000000118e-03	7.329999999999999710e-03	7.340000000000000170e-03
7.349999999999999763e-03	7.360000000000000223e-03	7.369999999999999815e-03
7.380000000000000275e-03	7.389999999999999868e-03	7.400000000000000328e-03
7.409999999999999920e-03	7.420000000000000380e-03	7.429999999999999973e-03
7.440000000000000432e-03	7.450000000000000025e-03	7.459999999999999618e-03
7.470000000000000077e-03	7.479999999999999670e-03	7.490000000000000130e-03
7.499999999999999722e-03	7.510000000000000182e-03	7.519999999999999775e-03
7.530000000000000235e-03	7.539999999999999827e-03	7.550000000000000287e-03
7.559999999999999880e-03	7.570000000000000340e-03	7.579999999999999932e-03
7.590000000000000392e-03	7.599999999999999985e-03	7.609999999999999577e-03
7.620000000000000037e-03	7.629999999999999630e-03	7.640000000000000090e-03
7.649999999999999682e-03	7.660000000000000142e-03	7.669999999999999735e-03
7.680000000000000195e-03	7.689999999999999787e-03	7.700000000000000247e-03
7.709999999999999840e-03	7.720000000000000299e-03	7.729999999999999892e-03
7.740000000000000352e-03	7.749999999999999944e-03	7.760000000000000404e-03
7.769999999999999997e-03	7.779999999999999589e-03	7.790000000000000049e-03
7.799999999999999642e-03	7.810000000000000102e-03	7.820000000000000562e-03
7.830000000000000154e-03	7.839999999999999747e-03	7.849999999999999339e-03
7.860000000000000667e-03	7.870000000000000259e-03	7.879999999999999852e-03
7.889999999999999444e-03	7.900000000000000772e-03	7.910000000000000364e-03
7.919999999999999957e-03	7.929999999999999549e-03	7.939999999999999142e-03
7.950000000000000469e-03	7.960000000000000062e-03	7.969999999999999654e-03
7.979999999999999247e-03	7.990000000000000574e-03	8.000000000000000167e-03
8.009999999999999759e-03	8.019999999999999352e-03	8.030000000000000679e-03
8.040000000000000271e-03	8.049999999999999864e-03	8.059999999999999457e-03
8.070000000000000784e-03	8.080000000000000376e-03	8.089999999999999969e-03
8.099999999999999561e-03	8.109999999999999154e-03	8.120000000000000481e-03
8.130000000000000074e-03	8.139999999999999666e-03	8.149999999999999259e-03
8.160000000000000586e-03	8.170000000000000179e-03	8.179999999999999771e-03
8.189999999999999364e-03	8.200000000000000691e-03	8.210000000000000284e-03
8.219999999999999876e-03	8.229999999999999469e-03	8.240000000000000796e-03
8.250000000000000389e-03	8.259999999999999981e-03	8.269999999999999574e-03
8.279999999999999166e-03	8.290000000000000493e-03	8.300000000000000086e-03
8.309999999999999679e-03	8.319999999999999271e-03	8.330000000000000598e-03
8.340000000000000191e-03	8.349999999999999784e-03	8.359999999999999376e-03
8.370000000000000703e-03	8.380000000000000296e-03	8.389999999999999888e-03
8.399999999999999481e-03	8.410000000000000808e-03	8.420000000000000401e-03
8.429999999999999993e-03	8.439999999999999586e-03	8.449999999999999178e-03
8.460000000000000506e-03	8.470000000000000098e-03	8.479999999999999691e-03
8.489999999999999283e-03	8.500000000000000611e-03	8.510000000000000203e-03
8.519999999999999796e-03	8.529999999999999388e-03	8.540000000000000716e-03
8.550000000000000308e-03	8.559999999999999901e-03	8.569999999999999493e-03
8.580000000000000820e-03	8.590000000000000413e-03	8.600000000000000006e-03
8.609999999999999598e-03	8.619999999999999191e-03	8.630000000000000518e-03
8.640000000000000110e-03	8.649999999999999703e-03	8.659999999999999296e-03
8.670000000000000623e-03	8.680000000000000215e-03	8.689999999999999808e-03
8.699999999999999400e-03	8.710000000000000728e-03	8.720000000000000320e-03
8.729999999999999913e-03	8.739999999999999505e-03	8.750000000000000833e-03
8.760000000000000425e-03	8.770000000000000018e-03	8.779999999999999610e-03
8.789999999999999203e-03	8.800000000000000530e-03	8.810000000000000123e-03
8.819999999999999715e-03	8.829999999999999308e-03	8.840000000000000635e-03
8.850000000000000228e-03	8.859999999999999820e-03	8.869999999999999413e-03
8.880000000000000740e-03	8.890000000000000333e-03	8.899999999999999925e-03
8.909999999999999518e-03	8.920000000000000845e-03	8.930000000000000437e-03
8.940000000000000030e-03	8.949999999999999623e-03	8.959999999999999215e-03
8.970000000000000542e-03	8.980000000000000135e-03	8.989999999999999727e-03
8.999999999999999320e-03	9.010000000000000647e-03	9.020000000000000240e-03
9.029999999999999832e-03	9.039999999999999425e-03	9.050000000000000752e-03
9.060000000000000345e-03	9.069999999999999937e-03	9.079999999999999530e-03
9.090000000000000857e-03	9.100000000000000450e-03	9.110000000000000042e-03
9.119999999999999635e-03	9.129999999999999227e-03	9.140000000000000555e-03
9.150000000000000147e-03	9.159999999999999740e-03	9.169999999999999332e-03
9.180000000000000659e-03	9.190000000000000252e-03	9.199999999999999845e-03
9.209999999999999437e-03	9.220000000000000764e-03	9.230000000000000357e-03
9.239999999999999949e-03	9.249999999999999542e-03	9.259999999999999135e-03
9.270000000000000462e-03	9.280000000000000054e-03	9.289999999999999647e-03
9.299999999999999239e-03	9.310000000000000567e-03	9.320000000000000159e-03
9.329999999999999752e-03	9.339999999999999344e-03	9.350000000000000672e-03
9.360000000000000264e-03	9.369999999999999857e-03	9.379999999999999449e-03
9.390000000000000777e-03	9.400000000000000369e-03	9.409999999999999962e-03
9.419999999999999554e-03	9.429999999999999147e-03	9.440000000000000474e-03
9.450000000000000067e-03	9.459999999999999659e-03	9.469999999999999252e-03
9.480000000000000579e-03	9.490000000000000172e-03	9.499999999999999764e-03
9.509999999999999357e-03	9.520000000000000684e-03	9.530000000000000276e-03
9.539999999999999869e-03	9.549999999999999462e-03	9.560000000000000789e-03
9.570000000000000381e-03	9.579999999999999974e-03	9.589999999999999566e-03
9.599999999999999159e-03	9.610000000000000486e-03	9.620000000000000079e-03
9.629999999999999671e-03	9.639999999999999264e-03	9.650000000000000591e-03
9.660000000000000184e-03	9.669999999999999776e-03	9.679999999999999369e-03
9.690000000000000696e-03	9.700000000000000289e-03	9.709999999999999881e-03
9.719999999999999474e-03	9.730000000000000801e-03	9.740000000000000394e-03
9.749999999999999986e-03	9.759999999999999579e-03	9.769999999999999171e-03
9.780000000000000498e-03	9.790000000000000091e-03	9.799999999999999684e-03
9.809999999999999276e-03	9.820000000000000603e-03	9.830000000000000196e-03
9.839999999999999789e-03	9.849999999999999381e-03	9.860000000000000708e-03
9.870000000000000301e-03	9.879999999999999893e-03	9.889999999999999486e-03
9.900000000000000813e-03	9.910000000000000406e-03	9.919999999999999998e-03
9.929999999999999591e-03	9.939999999999999183e-03	9.950000000000000511e-03
9.960000000000000103e-03	9.969999999999999696e-03	9.979999999999999288e-03
9.990000000000000616e-03	1.000000000000000021e-02	1.000999999999999980e-02
1.001999999999999939e-02	1.003000000000000072e-02	1.004000000000000031e-02
1.004999999999999991e-02	1.005999999999999950e-02	1.007000000000000083e-02
1.008000000000000042e-02	1.009000000000000001e-02	1.009999999999999960e-02
1.010999999999999920e-02	1.012000000000000052e-02	1.013000000000000012e-02
1.013999999999999971e-02	1.014999999999999930e-02	1.016000000000000063e-02
1.017000000000000022e-02	1.017999999999999981e-02	1.018999999999999941e-02
1.020000000000000073e-02	1.021000000000000033e-02	1.021999999999999992e-02
1.022999999999999951e-02	1.024000000000000084e-02	1.025000000000000043e-02
1.026000000000000002e-02	1.026999999999999962e-02	1.027999999999999921e-02
1.029000000000000054e-02	1.030000000000000013e-02	1.030999999999999972e-02
1.031999999999999931e-02	1.033000000000000064e-02	1.034000000000000023e-02
1.034999999999999983e-02	1.035999999999999942e-02	1.037000000000000074e-02
1.038000000000000034e-02	1.038999999999999993e-02	1.039999999999999952e-02
1.041000000000000085e-02	1.042000000000000044e-02	1.043000000000000003e-02
1.043999999999999963e-02	1.044999999999999922e-02	1.046000000000000055e-02
1.047000000000000014e-02	1.047999999999999973e-02	1.048999999999999932e-02
1.050000000000000065e-02	1.051000000000000024e-02	1.051999999999999984e-02
1.052999999999999943e-02	1.054000000000000076e-02	1.055000000000000035e-02
1.055999999999999994e-02	1.056999999999999953e-02	1.058000000000000086e-02
1.059000000000000045e-02	1.060000000000000005e-02	1.060999999999999964e-02
1.061999999999999923e-02	1.063000000000000056e-02	1.064000000000000015e-02
1.064999999999999974e-02	1.065999999999999934e-02	1.067000000000000066e-02
1.068000000000000026e-02	1.068999999999999985e-02	1.069999999999999944e-02
1.071000000000000077e-02	1.072000000000000036e-02	1.072999999999999995e-02
1.073999999999999955e-02	1.074999999999999914e-02	1.076000000000000047e-02
1.077000000000000006e-02	1.077999999999999965e-02	1.078999999999999924e-02
1.080000000000000057e-02	1.081000000000000016e-02	1.081999999999999976e-02
1.082999999999999935e-02	1.084000000000000068e-02	1.085000000000000027e-02
1.085999999999999986e-02	1.086999999999999945e-02	1.088000000000000078e-02
1.089000000000000037e-02	1.089999999999999997e-02	1.090999999999999956e-02
1.091999999999999915e-02	1.093000000000000048e-02	1.094000000000000007e-02
1.094999999999999966e-02	1.095999999999999926e-02	1.097000000000000058e-02
1.098000000000000018e-02	1.098999999999999977e-02	1.099999999999999936e-02
1.101000000000000069e-02	1.102000000000000028e-02	1.102999999999999987e-02
1.103999999999999947e-02	1.105000000000000079e-02	1.106000000000000039e-02
1.106999999999999998e-02	1.107999999999999957e-02	1.108999999999999916e-02
1.110000000000000049e-02	1.111000000000000008e-02	1.111999999999999968e-02
1.112999999999999927e-02	1.114000000000000060e-02	1.115000000000000019e-02
1.115999999999999978e-02	1.116999999999999937e-02	1.118000000000000070e-02
1.119000000000000029e-02	1.119999999999999989e-02	1.120999999999999948e-02
1.122000000000000081e-02	1.123000000000000040e-02	1.123999999999999999e-02
1.124999999999999958e-02	1.125999999999999918e-02	1.127000000000000050e-02
1.128000000000000010e-02	1.128999999999999969e-02	1.129999999999999928e-02
1.131000000000000061e-02	1.132000000000000020e-02	1.132999999999999979e-02
1.133999999999999939e-02	1.135000000000000071e-02	1.136000000000000031e-02
1.136999999999999990e-02	1.137999999999999949e-02	1.139000000000000082e-02
1.140000000000000041e-02	1.141000000000000000e-02	1.141999999999999960e-02
1.142999999999999919e-02	1.144000000000000052e-02	1.145000000000000011e-02
1.145999999999999970e-02	1.146999999999999929e-02	1.148000000000000062e-02
1.149000000000000021e-02	1.149999999999999981e-02	1.150999999999999940e-02
1.152000000000000073e-02	1.153000000000000032e-02	1.153999999999999991e-02
1.154999999999999950e-02	1.156000000000000083e-02	1.157000000000000042e-02
1.158000000000000002e-02	1.158999999999999961e-02	1.159999999999999920e-02
1.161000000000000053e-02	1.162000000000000012e-02	1.162999999999999971e-02
1.163999999999999931e-02	1.165000000000000063e-02	1.166000000000000023e-02
1.166999999999999982e-02	1.167999999999999941e-02	1.169000000000000074e-02
1.170000000000000033e-02	1.170999999999999992e-02	1.171999999999999952e-02
1.173000000000000084e-02	1.174000000000000044e-02	1.175000000000000003e-02
1.175999999999999962e-02	1.176999999999999921e-02	1.178000000000000054e-02
1.179000000000000013e-02	1.179999999999999973e-02	1.180999999999999932e-02
1.182000000000000065e-02	1.183000000000000024e-02	1.183999999999999983e-02
1.184999999999999942e-02	1.186000000000000075e-02	1.187000000000000034e-02
1.187999999999999994e-02	1.188999999999999953e-02	1.190000000000000085e-02
1.191000000000000045e-02	1.192000000000000004e-02	1.192999999999999963e-02
1.193999999999999923e-02	1.195000000000000055e-02	1.196000000000000014e-02
1.196999999999999974e-02	1.197999999999999933e-02	1.199000000000000066e-02
1.200000000000000025e-02	1.200999999999999984e-02	1.201999999999999943e-02
1.203000000000000076e-02	1.204000000000000035e-02	1.204999999999999995e-02
1.205999999999999954e-02	1.207000000000000087e-02	1.208000000000000046e-02
1.209000000000000005e-02	1.209999999999999964e-02	1.210999999999999924e-02
1.212000000000000056e-02	1.213000000000000016e-02	1.213999999999999975e-02
1.214999999999999934e-02	1.216000000000000067e-02	1.217000000000000026e-02
1.217999999999999985e-02	1.218999999999999945e-02	1.220000000000000077e-02
1.221000000000000037e-02	1.221999999999999996e-02	1.222999999999999955e-02
1.223999999999999914e-02	1.225000000000000047e-02	1.226000000000000006e-02
1.226999999999999966e-02	1.227999999999999925e-02	1.229000000000000058e-02
1.230000000000000017e-02	1.230999999999999976e-02	1.231999999999999935e-02
1.233000000000000068e-02	1.234000000000000027e-02	1.234999999999999987e-02
1.235999999999999946e-02	1.237000000000000079e-02	1.238000000000000038e-02
1.238999999999999997e-02	1.239999999999999956e-02	1.240999999999999916e-02
1.242000000000000048e-02	1.243000000000000008e-02	1.243999999999999967e-02
1.244999999999999926e-02	1.246000000000000059e-02	1.247000000000000018e-02
1.247999999999999977e-02	1.248999999999999937e-02	1.250000000000000069e-02
1.251000000000000029e-02	1.251999999999999988e-02	1.252999999999999947e-02
1.254000000000000080e-02	1.255000000000000039e-02	1.255999999999999998e-02
1.256999999999999958e-02	1.257999999999999917e-02	1.259000000000000050e-02
1.260000000000000009e-02	1.260999999999999968e-02	1.261999999999999927e-02
1.263000000000000060e-02	1.264000000000000019e-02	1.264999999999999979e-02
1.265999999999999938e-02	1.267000000000000071e-02	1.268000000000000030e-02
1.268999999999999989e-02	1.269999999999999948e-02	1.271000000000000081e-02
1.272000000000000040e-02	1.273000000000000000e-02	1.273999999999999959e-02
1.274999999999999918e-02	1.276000000000000051e-02	1.277000000000000010e-02
1.277999999999999969e-02	1.278999999999999929e-02	1.280000000000000061e-02
1.281000000000000021e-02	1.281999999999999980e-02	1.282999999999999939e-02
1.284000000000000072e-02	1.285000000000000031e-02	1.285999999999999990e-02
1.286999999999999950e-02	1.288000000000000082e-02	1.289000000000000042e-02
1.290000000000000001e-02	1.290999999999999960e-02	1.291999999999999919e-02
1.293000000000000052e-02	1.294000000000000011e-02	1.294999999999999971e-02
1.295999999999999930e-02	1.297000000000000063e-02	1.298000000000000022e-02
1.298999999999999981e-02	1.299999999999999940e-02	1.301000000000000073e-02
1.302000000000000032e-02	1.302999999999999992e-02	1.303999999999999951e-02
1.305000000000000084e-02	1.306000000000000043e-02	1.307000000000000002e-02
1.307999999999999961e-02	1.308999999999999921e-02	1.310000000000000053e-02
1.311000000000000013e-02	1.311999999999999972e-02	1.312999999999999931e-02
1.314000000000000064e-02	1.315000000000000023e-02	1.315999999999999982e-02
1.316999999999999942e-02	1.318000000000000074e-02	1.319000000000000034e-02
1.319999999999999993e-02	1.320999999999999952e-02	1.322000000000000085e-02
1.323000000000000044e-02	1.324000000000000003e-02	1.324999999999999963e-02
1.325999999999999922e-02	1.327000000000000055e-02	1.328000000000000014e-02
1.328999999999999973e-02	1.329999999999999932e-02	1.331000000000000065e-02
1.332000000000000024e-02	1.332999999999999984e-02	1.333999999999999943e-02
1.335000000000000075e-02	1.336000000000000035e-02	1.336999999999999994e-02
1.337999999999999953e-02	1.339000000000000086e-02	1.340000000000000045e-02
1.341000000000000004e-02	1.341999999999999964e-02	1.342999999999999923e-02
1.344000000000000056e-02	1.345000000000000015e-02	1.345999999999999974e-02
1.346999999999999933e-02	1.348000000000000066e-02	1.349000000000000025e-02
1.349999999999999985e-02	1.350999999999999944e-02	1.352000000000000077e-02
1.353000000000000036e-02	1.353999999999999995e-02	1.354999999999999954e-02
1.355999999999999914e-02	1.357000000000000046e-02	1.358000000000000006e-02
1.358999999999999965e-02	1.359999999999999924e-02	1.361000000000000057e-02
1.362000000000000016e-02	1.362999999999999975e-02	1.363999999999999935e-02
1.365000000000000067e-02	1.366000000000000027e-02	1.366999999999999986e-02
1.367999999999999945e-02	1.369000000000000078e-02	1.370000000000000037e-02
1.370999999999999996e-02	1.371999999999999956e-02	1.372999999999999915e-02
1.374000000000000048e-02	1.375000000000000007e-02	1.375999999999999966e-02
1.376999999999999925e-02	1.378000000000000058e-02	1.379000000000000017e-02
1.379999999999999977e-02	1.380999999999999936e-02	1.382000000000000069e-02
1.383000000000000028e-02	1.383999999999999987e-02	1.384999999999999946e-02
1.386000000000000079e-02	1.387000000000000038e-02	1.387999999999999998e-02
1.388999999999999957e-02	1.389999999999999916e-02	1.391000000000000049e-02
1.392000000000000008e-02	1.392999999999999967e-02	1.393999999999999927e-02
1.395000000000000059e-02	1.396000000000000019e-02	1.396999999999999978e-02
1.397999999999999937e-02	1.399000000000000070e-02	1.400000000000000029e-02
1.400999999999999988e-02	1.401999999999999948e-02	1.403000000000000080e-02
1.404000000000000040e-02	1.404999999999999999e-02	1.405999999999999958e-02
1.406999999999999917e-02	1.408000000000000050e-02	1.409000000000000009e-02
1.409999999999999969e-02	1.410999999999999928e-02	1.412000000000000061e-02
1.413000000000000020e-02	1.413999999999999979e-02	1.414999999999999938e-02
1.416000000000000071e-02	1.417000000000000030e-02	1.417999999999999990e-02
1.418999999999999949e-02	1.420000000000000082e-02	1.421000000000000041e-02
1.422000000000000000e-02	1.422999999999999959e-02	1.423999999999999919e-02
1.425000000000000051e-02	1.426000000000000011e-02	1.426999999999999970e-02
1.427999999999999929e-02	1.429000000000000062e-02	1.430000000000000021e-02
1.430999999999999980e-02	1.431999999999999940e-02	1.433000000000000072e-02
1.434000000000000032e-02	1.434999999999999991e-02	1.435999999999999950e-02
1.437000000000000083e-02	1.438000000000000042e-02	1.439000000000000001e-02
1.439999999999999961e-02	1.440999999999999920e-02	1.442000000000000053e-02
1.443000000000000012e-02	1.443999999999999971e-02	1.444999999999999930e-02
1.446000000000000063e-02	1.447000000000000022e-02	1.447999999999999982e-02
1.448999999999999941e-02	1.450000000000000074e-02	1.451000000000000033e-02
1.451999999999999992e-02	1.452999999999999951e-02	1.454000000000000084e-02
1.455000000000000043e-02	1.456000000000000003e-02	1.456999999999999962e-02
1.457999999999999921e-02	1.459000000000000054e-02	1.460000000000000013e-02
1.460999999999999972e-02	1.461999999999999932e-02	1.463000000000000064e-02
1.464000000000000024e-02	1.464999999999999983e-02	1.465999999999999942e-02
1.467000000000000075e-02	1.468000000000000034e-02	1.468999999999999993e-02
1.469999999999999953e-02	1.471000000000000085e-02	1.472000000000000045e-02
1.473000000000000004e-02	1.473999999999999963e-02	1.474999999999999922e-02
1.476000000000000055e-02	1.477000000000000014e-02	1.477999999999999974e-02
1.478999999999999933e-02	1.480000000000000066e-02	1.481000000000000025e-02
1.481999999999999984e-02	1.482999999999999943e-02	1.484000000000000076e-02
1.485000000000000035e-02	1.485999999999999995e-02	1.486999999999999954e-02
1.488000000000000086e-02	1.489000000000000046e-02	1.490000000000000005e-02
1.490999999999999964e-02	1.491999999999999924e-02	1.493000000000000056e-02
1.494000000000000015e-02	1.494999999999999975e-02	1.495999999999999934e-02
1.497000000000000067e-02	1.498000000000000026e-02	1.498999999999999985e-02
1.499999999999999944e-02	1.501000000000000077e-02	1.502000000000000036e-02
1.502999999999999996e-02	1.503999999999999955e-02	1.504999999999999914e-02
1.506000000000000047e-02	1.507000000000000006e-02	1.507999999999999965e-02
1.508999999999999925e-02	1.510000000000000057e-02	1.511000000000000017e-02
1.511999999999999976e-02	1.512999999999999935e-02	1.514000000000000068e-02
1.515000000000000027e-02	1.515999999999999986e-02	1.516999999999999946e-02
1.518000000000000078e-02	1.519000000000000038e-02	-2.899981046977796045e-02
-2.899981046977796045e-02	-2.892656828227796115e-02	-2.929277921977796115e-02
-2.919512296977795976e-02	-2.958574796977796184e-02	-2.948809171977796045e-02
-2.990313078227796115e-02	-2.978106046977796115e-02	-3.017168546977795976e-02
-3.004961515727795976e-02	-3.044024015727796184e-02	-3.031816984477796184e-02
-3.070879484477796045e-02	-3.058672453227796045e-02	-3.100176359477796115e-02
-3.085527921977795907e-02	-3.129473234477796184e-02	-3.117266203227796184e-02
-3.156328703227796045e-02	-3.144121671977796045e-02	-3.185625578227795768e-02
-3.175859953227796323e-02	-3.217363859477796045e-02	-3.207598234477795907e-02
-3.246660734477795768e-02	-3.239336515727796184e-02	-3.280840421977795907e-02
-3.273516203227796323e-02	-3.315020109477796045e-02	-3.307695890727795768e-02
-3.351641203227796045e-02	-3.344316984477795768e-02	-3.388262296977796045e-02
-3.380938078227795768e-02	-3.424883390727796045e-02	-3.420000578227796323e-02
-3.463945890727795907e-02	-3.459063078227796184e-02	-3.500566984477795907e-02
-3.495684171977796184e-02	-3.537188078227795907e-02	-3.534746671977796045e-02
-3.573809171977795907e-02	-3.568926359477796184e-02	-3.607988859477796045e-02
-3.605547453227796184e-02	-3.642168546977796184e-02	-3.634844328227795907e-02
-3.671465421977795907e-02	-3.661699796977795768e-02	-3.693438078227796045e-02
-3.681231046977796045e-02	-3.712969328227796323e-02	-3.698320890727795768e-02
-3.727617765727796184e-02	-3.708086515727795907e-02	-3.734941984477795768e-02
-3.710527921977795768e-02	-3.737383390727796323e-02	-3.703203703227796184e-02
-3.734941984477795768e-02	-3.688555265727796323e-02	-3.722734953227795768e-02
-3.666582609477796184e-02	-3.705645109477796045e-02	-3.639727140727796323e-02
-3.681231046977796045e-02	-3.605547453227796184e-02	-3.649492765727795768e-02
-3.566484953227796323e-02	-3.615313078227796323e-02	-3.522539640727796045e-02
-3.573809171977795907e-02	-3.476152921977795907e-02	-3.529863859477796323e-02
-3.424883390727796045e-02	-3.478594328227795768e-02	-3.371172453227796323e-02
-3.424883390727796045e-02	-3.315020109477796045e-02	-3.371172453227796323e-02
-3.256426359477795907e-02	-3.315020109477796045e-02	-3.197832609477795768e-02
-3.256426359477795907e-02	-3.139238859477796323e-02	-3.197832609477795768e-02
-3.078203703227795976e-02	-3.136797453227795768e-02	-3.017168546977795976e-02
-3.075762296977796115e-02	-2.951250578227795907e-02	-3.012285734477795907e-02
-2.887774015727796045e-02	-2.948809171977796045e-02	-2.824297453227796184e-02
-2.885332609477796184e-02	-2.760820890727795976e-02	-2.821856046977795976e-02
-2.694902921977795907e-02	-2.758379484477796115e-02	-2.633867765727795907e-02
-2.694902921977795907e-02	-2.572832609477795907e-02	-2.631426359477796045e-02
-2.509356046977796045e-02	-2.567949796977796184e-02	-2.448320890727796045e-02
-2.509356046977796045e-02	-2.387285734477796045e-02	-2.445879484477796184e-02
-2.326250578227796045e-02	-2.384844328227796184e-02	-2.270098234477796115e-02
-2.326250578227796045e-02	-2.211504484477795976e-02	-2.267656828227795907e-02
-2.157793546977795907e-02	-2.211504484477795976e-02	-2.106524015727796045e-02
-2.157793546977795907e-02	-2.055254484477796184e-02	-2.106524015727796045e-02
-2.006426359477796184e-02	-2.057695890727796045e-02	-1.960039640727796045e-02
-2.008867765727796045e-02	-1.918535734477795976e-02	-1.962481046977795907e-02
-1.877031828227795907e-02	-1.923418546977796045e-02	-1.837969328227796045e-02
-1.881914640727795976e-02	-1.801348234477796045e-02	-1.845293546977795976e-02
-1.769609953227796115e-02	-1.811113859477795837e-02	-1.737871671977795837e-02
-1.781816984477796115e-02	-1.711016203227795976e-02	-1.752520109477796045e-02
-1.686602140727795976e-02	-1.725664640727795837e-02	-1.659746671977796115e-02
-1.698809171977795976e-02	-1.637774015727795976e-02	-1.676836515727795837e-02
-1.618242765727796045e-02	-1.654863859477796045e-02	-1.598711515727796115e-02
-1.635332609477796115e-02	-1.579180265727795837e-02	-1.613359953227795976e-02
-1.559649015727795907e-02	-1.593828703227796045e-02	-1.542559171977796011e-02
-1.574297453227796115e-02	-1.525469328227795941e-02	-1.554766203227796011e-02
-1.505938078227796011e-02	-1.537676359477795941e-02	-1.488848234477795941e-02
-1.520586515727796045e-02	-1.471758390727796045e-02	-1.501055265727795941e-02
-1.454668546977795976e-02	-1.483965421977796045e-02	-1.437578703227795907e-02
-1.466875578227795976e-02	-1.420488859477796011e-02	-1.449785734477795907e-02
-1.403399015727795941e-02	-1.432695890727796011e-02	-1.386309171977796045e-02
-1.415606046977795941e-02	-1.369219328227795976e-02	-1.398516203227796045e-02
-1.349688078227796045e-02	-1.381426359477795976e-02	-1.327715421977795907e-02
-1.361895109477796045e-02	-1.305742765727795941e-02	-1.339922453227795907e-02
-1.281328703227795941e-02	-1.315508390727795907e-02	-1.256914640727795941e-02
-1.293535734477795941e-02	-1.230059171977796080e-02	-1.266680265727795907e-02
-1.203203703227796045e-02	-1.242266203227796080e-02	-1.176348234477796184e-02
-1.215410734477796045e-02	-1.149492765727796149e-02	-1.188555265727796184e-02
-1.120195890727796080e-02	-1.161699796977796149e-02	-1.093340421977796045e-02
-1.132402921977796080e-02	-1.066484953227796184e-02	-1.103106046977796184e-02
-1.037188078227796115e-02	-1.073809171977796115e-02	-1.007891203227796045e-02
-1.046953703227796080e-02	-9.785943282277961494e-03	-1.017656828227796184e-02
-9.492974532277960800e-03	-9.883599532277961147e-03	-9.200005782277960106e-03
-9.590630782277960453e-03	-8.907037032277961147e-03	-9.297662032277961494e-03
-8.614068282277960453e-03	-8.980279219777960453e-03	-8.321099532277961494e-03
-8.711724532277960106e-03	-8.028130782277960800e-03	-8.418755782277961147e-03
-7.735162032277960974e-03	-8.125787032277960453e-03	-7.466607344777960627e-03
-7.832818282277961494e-03	-7.173638594777960800e-03	-7.539849532277960800e-03
-6.905083907277960453e-03	-7.271294844777960453e-03	-6.660943282277960453e-03
-7.027154219777960453e-03	-6.416802657277960453e-03	-6.758599532277960974e-03
-6.172662032277960453e-03	-6.514458907277960974e-03	-5.952935469777960800e-03
-6.270318282277960974e-03	-5.757622969777960627e-03	-6.075005782277960800e-03
-5.562310469777960453e-03	-5.879693282277960627e-03	-5.415826094777960974e-03
-5.708794844777960800e-03	-5.244927657277961147e-03	-5.562310469777960453e-03
-5.098443282277960800e-03	-5.391412032277960627e-03	-4.976372969777960800e-03
-5.269341719777960627e-03	-4.878716719777961147e-03	-5.171685469777960974e-03
-4.756646407277961147e-03	-5.074029219777960453e-03	-4.683404219777960974e-03
-5.000787032277961147e-03	-4.634576094777960280e-03	-4.951958907277960453e-03
-4.561333907277960974e-03	-4.903130782277960627e-03	-4.536919844777960627e-03
-4.878716719777961147e-03	-4.512505782277960280e-03	-4.854302657277960800e-03
-4.536919844777960627e-03	-4.854302657277960800e-03	-4.512505782277960280e-03
-4.854302657277960800e-03	-4.561333907277960974e-03	-4.878716719777961147e-03
-4.585747969777960453e-03	-4.927544844777960974e-03	-4.610162032277960800e-03
-4.951958907277960453e-03	-4.658990157277960627e-03	-5.000787032277961147e-03
-4.707818282277960453e-03	-5.025201094777960627e-03	-4.781060469777960627e-03
-5.074029219777960453e-03	-4.829888594777960453e-03	-5.122857344777961147e-03
-4.903130782277960627e-03	-5.196099532277960453e-03	-4.951958907277960453e-03
-5.244927657277961147e-03	-5.000787032277961147e-03	-5.293755782277960974e-03
-5.074029219777960453e-03	-5.366997969777961147e-03	-5.122857344777961147e-03
-5.415826094777960974e-03	-5.171685469777960974e-03	-5.464654219777960800e-03
-5.196099532277960453e-03	-5.513482344777960627e-03	-5.244927657277961147e-03
-5.537896407277960974e-03	-5.269341719777960627e-03	-5.562310469777960453e-03
-5.269341719777960627e-03	-5.586724532277960800e-03	-5.293755782277960974e-03
-5.586724532277960800e-03	-5.269341719777960627e-03	-5.586724532277960800e-03
-5.269341719777960627e-03	-5.562310469777960453e-03	-5.244927657277961147e-03
-5.537896407277960974e-03	-5.196099532277960453e-03	-5.513482344777960627e-03
-5.171685469777960974e-03	-5.464654219777960800e-03	-5.122857344777961147e-03
-5.440240157277960453e-03	-5.074029219777960453e-03	-5.391412032277960627e-03
-5.025201094777960627e-03	-5.342583907277960800e-03	-4.976372969777960800e-03
-5.269341719777960627e-03	-4.903130782277960627e-03	-5.196099532277960453e-03
-4.854302657277960800e-03	-5.147271407277960627e-03	-4.781060469777960627e-03
-5.098443282277960800e-03	-4.732232344777960800e-03	-5.025201094777960627e-03
-4.683404219777960974e-03	-4.976372969777960800e-03	-4.634576094777960280e-03
-4.927544844777960974e-03	-4.561333907277960974e-03	-4.854302657277960800e-03
-4.512505782277960280e-03	-4.781060469777960627e-03	-4.439263594777960974e-03
-4.732232344777960800e-03	-4.390435469777960280e-03	-4.658990157277960627e-03
-4.317193282277960974e-03	-4.610162032277960800e-03	-4.243951094777960800e-03
-4.536919844777960627e-03	-4.195122969777960974e-03	-4.488091719777960800e-03
-4.146294844777960280e-03	-4.414849532277960627e-03	-4.073052657277960974e-03
-4.366021407277960800e-03	-4.024224532277960280e-03	-4.317193282277960974e-03
-3.975396407277960453e-03	-4.268365157277960280e-03	-3.926568282277960627e-03
-4.219537032277960453e-03	-3.902154219777960713e-03	-4.195122969777960974e-03
-3.853326094777960453e-03	-4.170708907277960627e-03	-3.828912032277960540e-03
-4.146294844777960280e-03	-3.804497969777960627e-03	-4.121880782277960800e-03
-3.804497969777960627e-03	-4.097466719777960453e-03	-3.780083907277960713e-03
-4.073052657277960974e-03	-3.780083907277960713e-03	-4.073052657277960974e-03
-3.755669844777960800e-03	-4.073052657277960974e-03	-3.755669844777960800e-03
-4.073052657277960974e-03	-3.780083907277960713e-03	-4.073052657277960974e-03
-3.780083907277960713e-03	-4.073052657277960974e-03	-3.780083907277960713e-03
-4.097466719777960453e-03	-3.780083907277960713e-03	-4.121880782277960800e-03
-3.804497969777960627e-03	-4.121880782277960800e-03	-3.828912032277960540e-03
-4.146294844777960280e-03	-3.853326094777960453e-03	-4.146294844777960280e-03
-3.877740157277960800e-03	-4.170708907277960627e-03	-3.877740157277960800e-03
-4.195122969777960974e-03	-3.902154219777960713e-03	-4.170708907277960627e-03
-3.877740157277960800e-03	-4.195122969777960974e-03	-3.877740157277960800e-03
-4.170708907277960627e-03	-3.877740157277960800e-03	-4.170708907277960627e-03
-3.828912032277960540e-03	-4.146294844777960280e-03	-3.804497969777960627e-03
-4.121880782277960800e-03	-3.780083907277960713e-03	-4.097466719777960453e-03
-3.755669844777960800e-03	-4.048638594777960627e-03	-3.731255782277960453e-03
-4.024224532277960280e-03	-3.706841719777960540e-03	-3.999810469777960800e-03
-3.682427657277960627e-03	-3.999810469777960800e-03	-3.658013594777960713e-03
-3.975396407277960453e-03	-3.658013594777960713e-03	-3.975396407277960453e-03
-3.658013594777960713e-03	-3.975396407277960453e-03	-3.682427657277960627e-03
-3.975396407277960453e-03	-3.682427657277960627e-03	-3.999810469777960800e-03
-3.682427657277960627e-03	-3.975396407277960453e-03	-3.682427657277960627e-03
-3.999810469777960800e-03	-3.682427657277960627e-03	-3.975396407277960453e-03
-3.682427657277960627e-03	-3.975396407277960453e-03	-3.682427657277960627e-03
-3.950982344777960974e-03	-3.658013594777960713e-03	-3.950982344777960974e-03
-3.658013594777960713e-03	-3.926568282277960627e-03	-3.633599532277960800e-03
-3.902154219777960713e-03	-3.633599532277960800e-03	-3.902154219777960713e-03
-3.609185469777960453e-03	-3.902154219777960713e-03	-3.609185469777960453e-03
-3.902154219777960713e-03	-3.609185469777960453e-03	-3.902154219777960713e-03
-3.633599532277960800e-03	-3.926568282277960627e-03	-3.633599532277960800e-03
-3.926568282277960627e-03	-3.658013594777960713e-03	-3.950982344777960974e-03
-3.682427657277960627e-03	-3.999810469777960800e-03	-3.731255782277960453e-03
-4.024224532277960280e-03	-3.755669844777960800e-03	-4.073052657277960974e-03
-3.804497969777960627e-03	-4.097466719777960453e-03	-3.853326094777960453e-03
-4.170708907277960627e-03	-3.902154219777960713e-03	-4.195122969777960974e-03
-3.926568282277960627e-03	-4.243951094777960800e-03	-3.975396407277960453e-03
-4.292779219777960627e-03	-4.024224532277960280e-03	-4.341607344777960453e-03
-4.048638594777960627e-03	-4.390435469777960280e-03	-4.097466719777960453e-03
-4.390435469777960280e-03	-4.146294844777960280e-03	-4.439263594777960974e-03
-4.170708907277960627e-03	-4.488091719777960800e-03	-4.195122969777960974e-03
-4.512505782277960280e-03	-4.195122969777960974e-03	-4.512505782277960280e-03
-4.219537032277960453e-03	-4.536919844777960627e-03	-4.243951094777960800e-03
-4.536919844777960627e-03	-4.243951094777960800e-03	-4.536919844777960627e-03
-4.243951094777960800e-03	-4.536919844777960627e-03	-4.219537032277960453e-03
-4.512505782277960280e-03	-4.195122969777960974e-03	-4.488091719777960800e-03
-4.195122969777960974e-03	-4.463677657277960453e-03	-4.146294844777960280e-03
-4.439263594777960974e-03	-4.097466719777960453e-03	-4.390435469777960280e-03
-4.048638594777960627e-03	-4.341607344777960453e-03	-3.999810469777960800e-03
-4.292779219777960627e-03	-3.926568282277960627e-03	-4.219537032277960453e-03
-3.853326094777960453e-03	-4.170708907277960627e-03	-3.780083907277960713e-03
-4.073052657277960974e-03	-3.706841719777960540e-03	-3.999810469777960800e-03
-3.633599532277960800e-03	-3.926568282277960627e-03	-3.560357344777960627e-03
-3.853326094777960453e-03	-3.462701094777960540e-03	-3.755669844777960800e-03
-3.389458907277960800e-03	-3.682427657277960627e-03	-3.316216719777960627e-03
-3.609185469777960453e-03	-3.242974532277960453e-03	-3.535943282277960713e-03
-3.169732344777960713e-03	-3.462701094777960540e-03	-3.096490157277960540e-03
-3.389458907277960800e-03	-3.047662032277960713e-03	-3.340630782277960540e-03
-2.974419844777960540e-03	-3.291802657277960713e-03	-2.950005782277960627e-03
-3.218560469777960540e-03	-2.901177657277960800e-03	-3.169732344777960713e-03
-2.852349532277960540e-03	-3.120904219777960453e-03	-2.803521407277960713e-03
-3.072076094777960627e-03	-2.754693282277960453e-03	-3.023247969777960800e-03
-2.730279219777960540e-03	-2.998833907277960453e-03	-2.681451094777960713e-03
-2.974419844777960540e-03	-2.632622969777960453e-03	-2.925591719777960713e-03
-2.583794844777960627e-03	-2.876763594777960453e-03	-2.559380782277960713e-03
-2.852349532277960540e-03	-2.510552657277960453e-03	-2.779107344777960800e-03
-2.461724532277960627e-03	-2.754693282277960453e-03	-2.437310469777960713e-03
-2.705865157277960627e-03	-2.388482344777960453e-03	-2.657037032277960800e-03
-2.339654219777960627e-03	-2.608208907277960540e-03	-2.290826094777960367e-03
-2.559380782277960713e-03	-2.241997969777960540e-03	-2.534966719777960800e-03
-2.217583907277960627e-03	-2.486138594777960540e-03	-2.168755782277960367e-03
-2.437310469777960713e-03	-2.144341719777960453e-03	-2.412896407277960800e-03
-2.119927657277960540e-03	-2.388482344777960453e-03	-2.095513594777960627e-03
-2.364068282277960540e-03	-2.071099532277960713e-03	-2.339654219777960627e-03
-2.046685469777960367e-03	-2.315240157277960713e-03	-2.022271407277960453e-03
-2.290826094777960367e-03	-2.022271407277960453e-03	-2.290826094777960367e-03
-2.022271407277960453e-03	-2.266412032277960453e-03	-1.997857344777960540e-03
-2.241997969777960540e-03	-1.997857344777960540e-03	-2.241997969777960540e-03
-1.997857344777960540e-03	-2.241997969777960540e-03	-1.973443282277960627e-03
-2.241997969777960540e-03	-1.973443282277960627e-03	-2.241997969777960540e-03
-1.949029219777960497e-03	-2.217583907277960627e-03	-1.973443282277960627e-03
-2.217583907277960627e-03	-1.949029219777960497e-03	-2.217583907277960627e-03
-1.949029219777960497e-03	-2.193169844777960713e-03	-1.924615157277960583e-03
-2.193169844777960713e-03	-1.924615157277960583e-03	-2.193169844777960713e-03
-1.900201094777960453e-03	-2.168755782277960367e-03	-1.900201094777960453e-03
-2.168755782277960367e-03	-1.900201094777960453e-03	-2.144341719777960453e-03
-1.875787032277960540e-03	-2.119927657277960540e-03	-1.851372969777960627e-03
-2.119927657277960540e-03	-1.826958907277960497e-03	-2.095513594777960627e-03
-1.802544844777960583e-03	-2.071099532277960713e-03	-1.802544844777960583e-03
-2.046685469777960367e-03	-1.778130782277960453e-03	-2.046685469777960367e-03
-1.753716719777960540e-03	-2.022271407277960453e-03	-1.729302657277960627e-03
-1.997857344777960540e-03	-1.729302657277960627e-03	-1.973443282277960627e-03
-1.704888594777960497e-03	-1.949029219777960497e-03	-1.680474532277960583e-03
-1.924615157277960583e-03	-1.656060469777960453e-03	-1.900201094777960453e-03
-1.631646407277960540e-03	-1.900201094777960453e-03	-1.631646407277960540e-03
-1.875787032277960540e-03	-1.607232344777960627e-03	-1.875787032277960540e-03
-1.607232344777960627e-03	-1.851372969777960627e-03	-1.582818282277960497e-03
-1.851372969777960627e-03	-1.582818282277960497e-03	-1.826958907277960497e-03
-1.582818282277960497e-03	-1.826958907277960497e-03	-1.533990157277960453e-03
-1.802544844777960583e-03	-1.533990157277960453e-03	-1.778130782277960453e-03
-1.509576094777960540e-03	-1.778130782277960453e-03	-1.485162032277960627e-03
-1.753716719777960540e-03	-1.460747969777960497e-03	-1.729302657277960627e-03
-1.436333907277960583e-03	-1.704888594777960497e-03	-1.411919844777960453e-03
-1.680474532277960583e-03	-1.387505782277960540e-03	-1.631646407277960540e-03
-1.363091719777960627e-03	-1.607232344777960627e-03	-1.314263594777960583e-03
-1.582818282277960497e-03	-1.289849532277960453e-03	-1.533990157277960453e-03
-1.265435469777960540e-03	-1.509576094777960540e-03	-1.241021407277960627e-03
-1.509576094777960540e-03	-1.216607344777960497e-03	-1.460747969777960497e-03
-1.167779219777960453e-03	-1.436333907277960583e-03	-1.143365157277960540e-03
-1.411919844777960453e-03	-1.118951094777960410e-03	-1.387505782277960540e-03
-1.070122969777960583e-03	-1.338677657277960497e-03	-1.070122969777960583e-03
-1.314263594777960583e-03	-1.021294844777960540e-03	-1.289849532277960453e-03
-9.968807822779604099e-04	-1.265435469777960540e-03	-9.724667197779604966e-04
-1.216607344777960497e-03	-9.480526572779604750e-04	-1.216607344777960497e-03
-9.236385947779604533e-04	-1.167779219777960453e-03	-8.992245322779605400e-04
-1.143365157277960540e-03	-8.748104697779605183e-04	-1.118951094777960410e-03
-8.259823447779604750e-04	-1.070122969777960583e-03	-8.015682822779604533e-04
-1.045708907277960453e-03	-7.527401572779605183e-04	-9.968807822779604099e-04
-7.039120322779604750e-04	-9.724667197779604966e-04	-6.794979697779604533e-04
-9.480526572779604750e-04	-6.306698447779605183e-04	-8.992245322779605400e-04
-6.062557822779604966e-04	-8.503964072779604966e-04	-5.818417197779604750e-04
-8.259823447779604750e-04	-5.330135947779604316e-04	-8.015682822779604533e-04
-5.085995322779605183e-04	-7.527401572779605183e-04	-4.597714072779604750e-04
-7.283260947779604966e-04	-4.353573447779604533e-04	-7.039120322779604750e-04
-4.353573447779604533e-04	-6.550839072779605400e-04	-4.109432822779604858e-04
-6.550839072779605400e-04	-3.865292197779604641e-04	-6.306698447779605183e-04
-3.865292197779604641e-04	-6.306698447779605183e-04	-3.621151572779604966e-04
-6.306698447779605183e-04	-3.621151572779604966e-04	-6.062557822779604966e-04
-3.621151572779604966e-04	-6.062557822779604966e-04	-3.377010947779604750e-04
-6.062557822779604966e-04	-3.377010947779604750e-04	-6.062557822779604966e-04
-3.621151572779604966e-04	-6.062557822779604966e-04	-3.621151572779604966e-04
-6.062557822779604966e-04	-3.621151572779604966e-04	-6.306698447779605183e-04
-3.621151572779604966e-04	-6.306698447779605183e-04	-3.621151572779604966e-04
-6.306698447779605183e-04	-3.621151572779604966e-04	-6.306698447779605183e-04
-3.865292197779604641e-04	-6.550839072779605400e-04	-3.865292197779604641e-04
-6.550839072779605400e-04	-3.865292197779604641e-04	-6.550839072779605400e-04
-3.865292197779604641e-04	-6.550839072779605400e-04	-3.621151572779604966e-04
-6.550839072779605400e-04	-3.621151572779604966e-04	-6.306698447779605183e-04
-3.377010947779604750e-04	-6.062557822779604966e-04	-2.888729697779604858e-04
-5.818417197779604750e-04	-2.644589072779604641e-04	-5.574276572779604533e-04
-2.156307822779604750e-04	-5.085995322779605183e-04	-1.912167197779604533e-04
-4.597714072779604750e-04	-1.423885947779604641e-04	-4.109432822779604858e-04
-9.356046977796046141e-05	-3.865292197779604641e-04	-6.914640727796045327e-05
-3.377010947779604750e-04	-2.031828227796045395e-05	-2.888729697779604858e-04
4.095780222039546556e-06	-2.644589072779604641e-04	2.850984272203954876e-05
-2.400448447779604695e-04	5.292390522203954673e-05	-2.156307822779604750e-04
7.733796772203955486e-05	-1.912167197779604533e-04	7.733796772203955486e-05
-1.668026572779604587e-04	1.017520302220395494e-04	-1.423885947779604641e-04
1.261660927220395576e-04	-1.423885947779604641e-04	1.505801552220395521e-04
-1.179745322779604560e-04	1.749942177220395467e-04	-9.356046977796046141e-05
1.994082802220395684e-04	-6.914640727796045327e-05	2.238223427220395630e-04
-4.473234477796045870e-05	2.726504677220395793e-04	-2.031828227796045395e-05
2.970645302220395467e-04	2.850984272203954876e-05	3.458926552220395901e-04
7.733796772203955486e-05	3.947207802220395793e-04	1.261660927220395576e-04
4.679629677220395901e-04	1.749942177220395467e-04	5.167910927220395250e-04
2.482364052220395576e-04	5.900332802220395901e-04	2.970645302220395467e-04
6.388614052220396335e-04	3.703067177220395576e-04	7.121035927220395901e-04
4.435489052220395684e-04	7.609317177220396335e-04	4.923770302220396118e-04
8.341739052220395901e-04	5.656192177220395684e-04	9.074160927220395467e-04
6.144473427220396118e-04	9.562442177220395901e-04	6.876895302220395684e-04
1.005072342722039633e-03	7.121035927220395901e-04	1.053900467722039677e-03
7.853457802220395467e-04	1.102728592722039503e-03	8.097598427220395684e-04
1.127142655222039633e-03	8.585879677220396118e-04	1.175970780222039677e-03
8.830020302220396335e-04	1.175970780222039677e-03	9.074160927220395467e-04
1.224798905222039720e-03	9.318301552220395684e-04	1.224798905222039720e-03
9.806582802220395034e-04	1.249212967722039633e-03	9.806582802220395034e-04
1.273627030222039547e-03	1.005072342722039633e-03	1.298041092722039677e-03
1.029486405222039547e-03	1.298041092722039677e-03	1.029486405222039547e-03
1.298041092722039677e-03	1.029486405222039547e-03	1.322455155222039590e-03
1.053900467722039677e-03	1.322455155222039590e-03	1.053900467722039677e-03
1.322455155222039590e-03	1.053900467722039677e-03	1.322455155222039590e-03
1.029486405222039547e-03	1.298041092722039677e-03	1.029486405222039547e-03
1.298041092722039677e-03	1.005072342722039633e-03	1.249212967722039633e-03
9.562442177220395901e-04	1.224798905222039720e-03	9.318301552220395684e-04
1.151556717722039547e-03	8.585879677220396118e-04	1.102728592722039503e-03
8.097598427220395684e-04	1.029486405222039547e-03	7.365176552220396118e-04
9.562442177220395901e-04	6.632754677220395467e-04	8.830020302220396335e-04
5.900332802220395901e-04	8.097598427220395684e-04	5.167910927220395250e-04
7.365176552220396118e-04	4.435489052220395684e-04	6.632754677220395467e-04
3.458926552220395901e-04	5.900332802220395901e-04	2.970645302220395467e-04
5.167910927220395250e-04	2.238223427220395630e-04	4.679629677220395901e-04
1.749942177220395467e-04	4.191348427220395467e-04	1.261660927220395576e-04
3.703067177220395576e-04	5.292390522203954673e-05	3.214785927220395684e-04
2.850984272203954876e-05	2.726504677220395793e-04	-2.031828227796045395e-05
2.482364052220395576e-04	-4.473234477796045870e-05	1.994082802220395684e-04
-6.914640727796045327e-05	1.749942177220395467e-04	-1.179745322779604560e-04
1.505801552220395521e-04	-1.423885947779604641e-04	1.261660927220395576e-04
-1.668026572779604587e-04	1.017520302220395494e-04	-1.912167197779604533e-04
7.733796772203955486e-05	-1.912167197779604533e-04	5.292390522203954673e-05
-2.156307822779604750e-04	5.292390522203954673e-05	-2.156307822779604750e-04
7.733796772203955486e-05	-2.156307822779604750e-04	7.733796772203955486e-05
-1.912167197779604533e-04	1.261660927220395576e-04	-1.668026572779604587e-04
1.749942177220395467e-04	-1.179745322779604560e-04	2.238223427220395630e-04
-6.914640727796045327e-05	2.970645302220395467e-04	4.095780222039546556e-06
3.947207802220395793e-04	1.017520302220395494e-04	4.923770302220396118e-04
1.749942177220395467e-04	5.900332802220395901e-04	2.970645302220395467e-04
7.121035927220395901e-04	3.947207802220395793e-04	8.097598427220395684e-04
4.923770302220396118e-04	9.318301552220395684e-04	5.900332802220395901e-04
1.029486405222039547e-03	7.121035927220395901e-04	1.127142655222039633e-03
7.853457802220395467e-04	1.200384842722039590e-03	8.585879677220396118e-04
1.273627030222039547e-03	9.074160927220395467e-04	1.346869217722039720e-03
9.806582802220395034e-04	1.371283280222039633e-03	1.029486405222039547e-03
1.420111405222039677e-03	1.078314530222039590e-03	1.468939530222039720e-03
1.102728592722039503e-03	1.493353592722039633e-03	1.151556717722039547e-03
1.517767655222039547e-03	1.175970780222039677e-03	1.566595780222039590e-03
1.200384842722039590e-03	1.591009842722039720e-03	1.249212967722039633e-03
1.639837967722039547e-03	1.298041092722039677e-03	1.688666092722039590e-03
1.346869217722039720e-03	1.737494217722039633e-03	1.420111405222039677e-03
1.810736405222039590e-03	1.493353592722039633e-03	1.883978592722039547e-03
1.542181717722039677e-03	1.957220780222039720e-03	1.639837967722039547e-03
2.030462967722039460e-03	1.713080155222039720e-03	2.103705155222039633e-03
1.810736405222039590e-03	2.201361405222039720e-03	1.883978592722039547e-03
2.274603592722039460e-03	1.957220780222039720e-03	2.372259842722039547e-03
2.054877030222039807e-03	2.445502030222039720e-03	2.128119217722039547e-03
2.518744217722039894e-03	2.201361405222039720e-03	2.591986405222039633e-03
2.274603592722039460e-03	2.665228592722039807e-03	2.347845780222039633e-03
2.738470780222039547e-03	2.421087967722039807e-03	2.811712967722039720e-03
2.494330155222039547e-03	2.860541092722039547e-03	2.543158280222039807e-03
2.884955155222039894e-03	2.616400467722039547e-03	2.958197342722039633e-03
2.665228592722039807e-03	3.007025467722039894e-03	2.714056717722039633e-03
3.055853592722039720e-03	2.762884842722039894e-03	3.104681717722039547e-03
2.811712967722039720e-03	3.153509842722039807e-03	2.884955155222039894e-03
3.202337967722039633e-03	2.933783280222039720e-03	3.275580155222039807e-03
2.982611405222039547e-03	3.324408280222039633e-03	3.031439530222039807e-03
3.373236405222039894e-03	3.080267655222039633e-03	3.446478592722039633e-03
3.153509842722039807e-03	3.495306717722039894e-03	3.202337967722039633e-03
3.568548905222039633e-03	3.251166092722039894e-03	3.617377030222039894e-03
3.324408280222039633e-03	3.690619217722039633e-03	3.373236405222039894e-03
3.763861405222039807e-03	3.446478592722039633e-03	3.812689530222039633e-03
3.495306717722039894e-03	3.861517655222039894e-03	3.568548905222039633e-03
3.959173905222039547e-03	3.641791092722039807e-03	4.032416092722039720e-03
3.715033280222039547e-03	4.081244217722039547e-03	3.788275467722039720e-03
4.178900467722040067e-03	3.837103592722039547e-03	4.252142655222039373e-03
3.910345780222039720e-03	4.349798905222039894e-03	4.008002030222039373e-03
4.423041092722040067e-03	4.081244217722039547e-03	4.520697342722039720e-03
4.178900467722040067e-03	4.642767655222039720e-03	4.276556717722039720e-03
4.740423905222040241e-03	4.398627030222039720e-03	4.886908280222039720e-03
4.520697342722039720e-03	5.008978592722039720e-03	4.667181717722040067e-03
5.179877030222039547e-03	4.813666092722039547e-03	5.350775467722040241e-03
5.008978592722039720e-03	5.546087967722039547e-03	5.179877030222039547e-03
5.741400467722039720e-03	5.375189530222039720e-03	5.961127030222040241e-03
5.594916092722040241e-03	6.205267655222040241e-03	5.814642655222039894e-03
6.449408280222040241e-03	6.058783280222039894e-03	6.693548905222040241e-03
6.302923905222039894e-03	6.937689530222040241e-03	6.547064530222039894e-03
7.181830155222040241e-03	6.791205155222039894e-03	7.425970780222040241e-03
7.035345780222039894e-03	7.645697342722039894e-03	7.303900467722040241e-03
7.865423905222039547e-03	7.523627030222039894e-03	8.109564530222039547e-03
7.767767655222039894e-03	8.329291092722039200e-03	7.963080155222039200e-03
8.549017655222040588e-03	8.207220780222039200e-03	8.768744217722040241e-03
8.426947342722040588e-03	8.988470780222039894e-03	8.646673905222040241e-03
9.208197342722039547e-03	8.890814530222040241e-03	9.452337967722039547e-03
9.110541092722039894e-03	9.672064530222040935e-03	9.330267655222039547e-03
9.916205155222040935e-03	9.574408280222039547e-03	1.018475984272203955e-02
9.818548905222039547e-03	1.042890046772203955e-02	1.008710359272203989e-02
1.072186921772204024e-02	1.035565828022204024e-02	1.099042390522204059e-02
1.062421296772204059e-02	1.128339265522203955e-02	1.089276765522204093e-02
1.157636140522204024e-02	1.116132234272203955e-02	1.184491609272204059e-02
1.140546296772203955e-02	1.211347078022204093e-02	1.169843171772204024e-02
1.238202546772203955e-02	1.194257234272204024e-02	1.265058015522204163e-02
1.221112703022204059e-02	1.291913484272204198e-02	1.243085359272204024e-02
1.316327546772204198e-02	1.269940828022204232e-02	1.340741609272204198e-02
1.296796296772204093e-02	1.365155671772204198e-02	1.318768953022204232e-02
1.389569734272204198e-02	1.345624421772204093e-02	1.416425203022204232e-02
1.370038484272204093e-02	1.440839265522204232e-02	1.394452546772204093e-02
1.467694734272204093e-02	1.421308015522204128e-02	1.492108796772204093e-02
1.448163484272204163e-02	1.516522859272204093e-02	1.475018953022204198e-02
1.543378328022204128e-02	1.499433015522204198e-02	1.570233796772204163e-02
1.528729890522204093e-02	1.597089265522204024e-02	1.555585359272204128e-02
1.623944734272204232e-02	1.579999421772204302e-02	1.648358796772204232e-02
1.606854890522204163e-02	1.675214265522204093e-02	1.636151765522204232e-02
1.702069734272204302e-02	1.663007234272204093e-02	1.728925203022204163e-02
1.689862703022204302e-02	1.755780671772204024e-02	1.716718171772204163e-02
1.780194734272204024e-02	1.743573640522204024e-02	1.809491609272204093e-02
1.770429109272204232e-02	1.833905671772204093e-02	1.797284578022204093e-02
1.863202546772204163e-02	1.824140046772204302e-02	1.887616609272204163e-02
1.850995515522204163e-02	1.916913484272204232e-02	1.877850984272204371e-02
1.941327546772204232e-02	1.904706453022204232e-02	1.968183015522204093e-02
1.931561921772204093e-02	1.995038484272204302e-02	1.955975984272204093e-02
2.021893953022204163e-02	1.982831453022204302e-02	2.048749421772204371e-02
2.009686921772204163e-02	2.075604890522204232e-02	2.036542390522204371e-02
2.102460359272204093e-02	2.063397859272204232e-02	2.131757234272204163e-02
2.090253328022204093e-02	2.158612703022204371e-02	2.117108796772204302e-02
2.185468171772204232e-02	2.146405671772204371e-02	2.214765046772204302e-02
2.175702546772204093e-02	2.241620515522204163e-02	2.202558015522204302e-02
2.270917390522204232e-02	2.231854890522204371e-02	2.300214265522204302e-02
2.261151765522204093e-02	2.329511140522204371e-02	2.290448640522204163e-02
2.361249421772204302e-02	2.322186921772204093e-02	2.392987703022204232e-02
2.351483796772204163e-02	2.424725984272204163e-02	2.385663484272204302e-02
2.458905671772204302e-02	2.419843171772204093e-02	2.495526765522204302e-02
2.454022859272204232e-02	2.529706453022204093e-02	2.488202546772204371e-02
2.568768953022204302e-02	2.524823640522204371e-02	2.605390046772204302e-02
2.563886140522204232e-02	2.646893953022204371e-02	2.602948640522204093e-02
2.685956453022204232e-02	2.642011140522204302e-02	2.727460359272204302e-02
2.681073640522204163e-02	2.766522859272204163e-02	2.722577546772204232e-02
2.810468171772204093e-02	2.764081453022204302e-02	2.849530671772204302e-02
2.805585359272204371e-02	2.891034578022204371e-02	2.844647859272204232e-02
2.932538484272204093e-02	2.886151765522204302e-02	2.974042390522204163e-02
2.927655671772204371e-02	3.015546296772204232e-02	2.969159578022204093e-02
3.057050203022204302e-02	3.008222078022204302e-02	3.098554109272204371e-02
3.049725984272204371e-02	3.137616609272204232e-02	3.088788484272204232e-02
3.176679109272204093e-02	3.130292390522203955e-02	3.215741609272203955e-02
3.171796296772204371e-02	3.252362703022203955e-02	3.208417390522204371e-02
3.288983796772203955e-02	3.245038484272204371e-02	3.315839265522204510e-02
3.279218171772204510e-02	3.340253328022204510e-02	3.306073640522204371e-02
3.359784578022204093e-02	3.328046296772204510e-02	3.374433015522203955e-02
3.342694734272204371e-02	3.379315828022204371e-02	3.354901765522204371e-02
3.384198640522204093e-02	3.357343171772204232e-02	3.379315828022204371e-02
3.352460359272204510e-02	3.369550203022204232e-02	3.340253328022204510e-02
3.352460359272204510e-02	3.320722078022204232e-02	3.330487703022204371e-02
3.293866609272204371e-02	3.298749421772204093e-02	3.259686921772204232e-02
3.264569734272203955e-02	3.220624421772204371e-02	3.223065828022204232e-02
3.176679109272204093e-02	3.176679109272204093e-02	3.125409578022204232e-02
3.122968171772204371e-02	3.071698640522204163e-02	3.069257234272204302e-02
3.013104890522204371e-02	3.010663484272204163e-02	2.952069734272204371e-02
2.949628328022204163e-02	2.888593171772204163e-02	2.888593171772204163e-02
2.825116609272204302e-02	2.822675203022204093e-02	2.759198640522204232e-02
2.754315828022204163e-02	2.690839265522204302e-02	2.688397859272204093e-02
2.622479890522204371e-02	2.620038484272204163e-02	2.554120515522204093e-02
2.551679109272204232e-02	2.485761140522204163e-02	2.480878328022204093e-02
2.414960359272204371e-02	2.412518953022204163e-02	2.346600984272204093e-02
2.344159578022204232e-02	2.278241609272204163e-02	2.275800203022204302e-02
2.209882234272204232e-02	2.207440828022204371e-02	2.143964265522204163e-02
2.141522859272204302e-02	2.080487703022204302e-02	2.078046296772204093e-02
2.017011140522204093e-02	2.017011140522204093e-02	1.958417390522204302e-02
1.958417390522204302e-02	1.897382234272204302e-02	1.899823640522204163e-02
1.841229890522204024e-02	1.846112703022204093e-02	1.787518953022204302e-02
1.794843171772204232e-02	1.741132234272204163e-02	1.743573640522204024e-02
1.692304109272204163e-02	1.697186921772204232e-02	1.645917390522204024e-02
1.653241609272204302e-02	1.604413484272204302e-02	1.611737703022204232e-02
1.562909578022204232e-02	1.570233796772204163e-02	1.523847078022204198e-02
1.531171296772204128e-02	1.489667390522204232e-02	1.496991609272204163e-02
1.455487703022204093e-02	1.460370515522204163e-02	1.421308015522204128e-02
1.428632234272204232e-02	1.392011140522204232e-02	1.399335359272204163e-02
1.362714265522204163e-02	1.370038484272204093e-02	1.335858796772204128e-02
1.345624421772204093e-02	1.309003328022204093e-02	1.318768953022204232e-02
1.284589265522204093e-02	1.296796296772204093e-02	1.262616609272204128e-02
1.274823640522204128e-02	1.243085359272204024e-02	1.255292390522204198e-02
1.223554109272204093e-02	1.238202546772203955e-02	1.204022859272203989e-02
1.221112703022204059e-02	1.186933015522204093e-02	1.204022859272203989e-02
1.169843171772204024e-02	1.186933015522204093e-02	1.155194734272203989e-02
1.172284578022204059e-02	1.140546296772203955e-02	1.155194734272203989e-02
1.123456453022204059e-02	1.138104890522204093e-02	1.103925203022203955e-02
1.118573640522203989e-02	1.086835359272204059e-02	1.101483796772204093e-02
1.067304109272203955e-02	1.081952546772203989e-02	1.047772859272204024e-02
1.062421296772204059e-02	1.028241609272204093e-02	1.042890046772203955e-02
1.008710359272203989e-02	1.023358796772204024e-02	9.891791092722040588e-03
1.001386140522204059e-02	9.672064530222040935e-03	9.818548905222039547e-03
9.476752030222039894e-03	9.598822342722039894e-03	9.281439530222040588e-03
9.403509842722040588e-03	9.061712967722039200e-03	9.183783280222039200e-03
8.866400467722039894e-03	8.988470780222039894e-03	8.671087967722040588e-03
8.768744217722040241e-03	8.451361405222039200e-03	8.573431717722039200e-03
8.231634842722039547e-03	8.378119217722039894e-03	8.060736405222040588e-03
8.182806717722040588e-03	7.841009842722039200e-03	7.963080155222039200e-03
7.645697342722039894e-03	7.767767655222039894e-03	7.425970780222040241e-03
7.548041092722040241e-03	7.206244217722039720e-03	7.352728592722040067e-03
7.010931717722039547e-03	7.133002030222039547e-03	6.766791092722039547e-03
6.913275467722039894e-03	6.547064530222039894e-03	6.669134842722039894e-03
6.327337967722040241e-03	6.449408280222040241e-03	6.083197342722040241e-03
6.229681717722039720e-03	5.863470780222039720e-03	6.009955155222040067e-03
5.643744217722040067e-03	5.790228592722039547e-03	5.424017655222039547e-03
5.570502030222039894e-03	5.204291092722039894e-03	5.375189530222039720e-03
5.008978592722039720e-03	5.179877030222039547e-03	4.813666092722039547e-03
4.984564530222040241e-03	4.618353592722039373e-03	4.789252030222040067e-03
4.423041092722040067e-03	4.618353592722039373e-03	4.252142655222039373e-03
4.471869217722039894e-03	4.105658280222039894e-03	4.300970780222040067e-03
3.934759842722040067e-03	4.130072342722039373e-03	3.763861405222039807e-03
3.983587967722039894e-03	3.617377030222039894e-03	3.837103592722039547e-03
3.446478592722039633e-03	3.666205155222039720e-03	3.275580155222039807e-03
3.495306717722039894e-03	3.104681717722039547e-03	3.324408280222039633e-03
2.933783280222039720e-03	3.153509842722039807e-03	2.762884842722039894e-03
2.958197342722039633e-03	2.591986405222039633e-03	2.787298905222039807e-03
2.421087967722039807e-03	2.616400467722039547e-03	2.250189530222039547e-03
2.445502030222039720e-03	2.079291092722039720e-03	2.299017655222039807e-03
1.932806717722039590e-03	2.152533280222039460e-03	1.786322342722039677e-03
2.006048905222039547e-03	1.664252030222039677e-03	1.908392655222039677e-03
1.566595780222039590e-03	1.786322342722039677e-03	1.444525467722039590e-03
1.713080155222039720e-03	1.371283280222039633e-03	1.615423905222039633e-03
1.298041092722039677e-03	1.566595780222039590e-03	1.249212967722039633e-03
1.517767655222039547e-03	1.200384842722039590e-03	1.468939530222039720e-03
1.175970780222039677e-03	1.444525467722039590e-03	1.151556717722039547e-03
1.420111405222039677e-03	1.127142655222039633e-03	1.395697342722039547e-03
1.102728592722039503e-03	1.371283280222039633e-03	1.102728592722039503e-03
1.371283280222039633e-03	1.102728592722039503e-03	1.371283280222039633e-03
1.078314530222039590e-03	1.346869217722039720e-03	1.078314530222039590e-03
1.346869217722039720e-03	1.078314530222039590e-03	1.371283280222039633e-03
1.078314530222039590e-03	1.371283280222039633e-03	1.078314530222039590e-03
1.371283280222039633e-03	1.078314530222039590e-03	1.395697342722039547e-03
1.078314530222039590e-03	-9.471539949115953538e-01	-9.471539949115953538e-01
-9.422711824115953538e-01	-9.495954011615953538e-01	-9.459332917865953538e-01
-9.520368074115953538e-01	-9.483746980365953538e-01	-9.556989167865953538e-01
-9.520368074115953538e-01	-9.581403230365953538e-01	-9.544782136615953538e-01
-9.605817292865953538e-01	-9.569196199115953538e-01	-9.642438386615953538e-01
-9.593610261615953538e-01	-9.666852449115953538e-01	-9.630231355365953538e-01
-9.691266511615953538e-01	-9.654645417865953538e-01	-9.727887605365953538e-01
-9.691266511615953538e-01	-9.752301667865953538e-01	-9.715680574115953538e-01
-9.776715730365953538e-01	-9.740094636615953538e-01	-9.813336824115953538e-01
-9.776715730365953538e-01	-9.837750886615953538e-01	-9.776715730365953538e-01
-9.837750886615953538e-01	-9.740094636615953538e-01	-9.813336824115953538e-01
-9.715680574115953538e-01	-9.776715730365953538e-01	-9.691266511615953538e-01
-9.752301667865953538e-01	-9.654645417865953538e-01	-9.715680574115953538e-01
-9.630231355365953538e-01	-9.691266511615953538e-01	-9.593610261615953538e-01
-9.666852449115953538e-01	-9.569196199115953538e-01	-9.642438386615953538e-01
-9.544782136615953538e-01	-9.605817292865953538e-01	-9.520368074115953538e-01
-9.581403230365953538e-01	-9.483746980365953538e-01	-9.556989167865953538e-01
-9.459332917865953538e-01	-9.520368074115953538e-01	-9.422711824115953538e-01
-9.495954011615953538e-01	-9.398297761615953538e-01	-9.459332917865953538e-01
-9.373883699115953538e-01	-9.434918855365953538e-01	-9.349469636615953538e-01
-9.410504792865953538e-01	-9.312848542865953538e-01	-9.386090730365953538e-01
-9.288434480365953538e-01	-9.361676667865953538e-01	-9.264020417865953538e-01
-9.325055574115953538e-01	-9.227399324115953538e-01	-9.300641511615953538e-01
-9.202985261615953538e-01	-9.264020417865953538e-01	-9.178571199115953538e-01
-9.239606355365953538e-01	-9.141950105365953538e-01	-9.215192292865953538e-01
-9.117536042865953538e-01	-9.190778230365953538e-01	-9.093121980365953538e-01
-9.154157136615953538e-01	-9.068707917865953538e-01	-9.129743074115953538e-01
-9.032086824115953538e-01	-9.105329011615953538e-01	-9.007672761615953538e-01
-9.068707917865953538e-01	-8.971051667865953538e-01	-9.044293855365953538e-01
-8.946637605365953538e-01	-9.007672761615953538e-01	-8.922223542865953538e-01
-8.983258699115953538e-01	-8.885602449115953538e-01	-8.958844636615953538e-01
-8.861188386615953538e-01	-8.934430574115953538e-01	-8.836774324115953538e-01
-8.897809480365953538e-01	-8.800153230365953538e-01	-8.873395417865953538e-01
-8.775739167865953538e-01	-8.836774324115953538e-01	-8.751325105365953538e-01
-8.812360261615953538e-01	-8.714704011615953538e-01	-8.787946199115953538e-01
-8.690289949115953538e-01	-8.763532136615953538e-01	-8.665875886615953538e-01
-8.726911042865953538e-01	-8.629254792865953538e-01	-8.702496980365953538e-01
-8.604840730365953538e-01	-8.665875886615953538e-01	-8.580426667865953538e-01
-8.641461824115953538e-01	-8.543805574115953538e-01	-8.617047761615953538e-01
-8.519391511615953538e-01	-8.580426667865953538e-01	-8.494977449115953538e-01
-8.556012605365953538e-01	-8.458356355365953538e-01	-8.531598542865953538e-01
-8.433942292865953538e-01	-8.494977449115953538e-01	-8.409528230365953538e-01
-8.470563386615953538e-01	-8.372907136615953538e-01	-8.446149324115953538e-01
-8.348493074115953538e-01	-8.409528230365953538e-01	-8.324079011615953538e-01
-8.385114167865953538e-01	-8.287457917865953538e-01	-8.360700105365953538e-01
-8.263043855365953538e-01	-8.324079011615953538e-01	-8.238629792865953538e-01
-8.299664949115953538e-01	-8.202008699115953538e-01	-8.275250886615953538e-01
-8.177594636615953538e-01	-8.238629792865953538e-01	-8.153180574115953538e-01
-8.214215730365953538e-01	-8.116559480365953538e-01	-8.189801667865953538e-01
-8.092145417865953538e-01	-8.165387605365953538e-01	-8.067731355365953538e-01
-8.128766511615953538e-01	-8.031110261615953538e-01	-8.104352449115953538e-01
-8.006696199115953538e-01	-8.079938386615953538e-01	-7.970075105365953538e-01
-8.043317292865953538e-01	-7.945661042865953538e-01	-8.018903230365953538e-01
-7.921246980365953538e-01	-7.982282136615953538e-01	-7.896832917865953538e-01
-7.957868074115953538e-01	-7.860211824115953538e-01	-7.933454011615953538e-01
-7.835797761615953538e-01	-7.909039949115953538e-01	-7.811383699115953538e-01
-7.872418855365953538e-01	-7.774762605365953538e-01	-7.848004792865953538e-01
-7.750348542865953538e-01	-7.811383699115953538e-01	-7.725934480365953538e-01
-7.786969636615953538e-01	-7.689313386615953538e-01	-7.762555574115953538e-01
-7.664899324115953538e-01	-7.725934480365953538e-01	-7.628278230365953538e-01
-7.701520417865953538e-01	-7.603864167865953538e-01	-7.677106355365953538e-01
-7.579450105365953538e-01	-7.640485261615953538e-01	-7.555036042865953538e-01
-7.616071199115953538e-01	-7.518414949115953538e-01	-7.591657136615953538e-01
-7.494000886615953538e-01	-7.555036042865953538e-01	-7.469586824115953538e-01
-7.530621980365953538e-01	-7.432965730365953538e-01	-7.506207917865953538e-01
-7.408551667865953538e-01	-7.469586824115953538e-01	-7.371930574115953538e-01
-7.445172761615953538e-01	-7.347516511615953538e-01	-7.420758699115953538e-01
-7.323102449115953538e-01	-7.384137605365953538e-01	-7.286481355365953538e-01
-7.359723542865953538e-01	-7.262067292865953538e-01	-7.335309480365953538e-01
-7.237653230365953538e-01	-7.298688386615953538e-01	-7.213239167865953538e-01
-7.274274324115953538e-01	-7.176618074115953538e-01	-7.249860261615953538e-01
-7.152204011615953538e-01	-7.213239167865953538e-01	-7.115582917865953538e-01
-7.188825105365953538e-01	-7.091168855365953538e-01	-7.152204011615953538e-01
-7.066754792865953538e-01	-7.127789949115953538e-01	-7.030133699115953538e-01
-7.103375886615953538e-01	-7.005719636615953538e-01	-7.078961824115953538e-01
-6.981305574115953538e-01	-7.042340730365953538e-01	-6.944684480365953538e-01
-7.017926667865953538e-01	-6.920270417865953538e-01	-6.993512605365953538e-01
-6.895856355365953538e-01	-6.956891511615953538e-01	-6.871442292865953538e-01
-6.932477449115953538e-01	-6.834821199115953538e-01	-6.908063386615953538e-01
-6.810407136615953538e-01	-6.871442292865953538e-01	-6.785993074115953538e-01
-6.847028230365953538e-01	-6.749371980365953538e-01	-6.822614167865953538e-01
-6.724957917865953538e-01	-6.798200105365953538e-01	-6.688336824115953538e-01
-6.761579011615953538e-01	-6.663922761615953538e-01	-6.737164949115953538e-01
-6.639508699115953538e-01	-6.700543855365953538e-01	-6.602887605365953538e-01
-6.676129792865953538e-01	-6.578473542865953538e-01	-6.651715730365953538e-01
-6.554059480365953538e-01	-6.615094636615953538e-01	-6.529645417865953538e-01
-6.590680574115953538e-01	-6.493024324115953538e-01	-6.554059480365953538e-01
-6.468610261615953538e-01	-6.529645417865953538e-01	-6.444196199115953538e-01
-6.505231355365953538e-01	-6.407575105365953538e-01	-6.480817292865953538e-01
-6.383161042865953538e-01	-6.444196199115953538e-01	-6.346539949115953538e-01
-6.419782136615953538e-01	-6.322125886615953538e-01	-6.383161042865953538e-01
-6.285504792865953538e-01	-6.358746980365953538e-01	-6.261090730365953538e-01
-6.334332917865953538e-01	-6.236676667865953538e-01	-6.309918855365953538e-01
-6.212262605365953538e-01	-6.273297761615953538e-01	-6.175641511615953538e-01
-6.248883699115953538e-01	-6.151227449115953538e-01	-6.212262605365953538e-01
-6.114606355365953538e-01	-6.187848542865953538e-01	-6.090192292865953538e-01
-6.163434480365953538e-01	-6.065778230365953538e-01	-6.126813386615953538e-01
-6.029157136615953538e-01	-6.102399324115953538e-01	-6.004743074115953538e-01
-6.065778230365953538e-01	-5.980329011615953538e-01	-6.041364167865953538e-01
-5.955914949115953538e-01	-6.016950105365953538e-01	-5.919293855365953538e-01
-5.992536042865953538e-01	-5.894879792865953538e-01	-5.955914949115953538e-01
-5.870465730365953538e-01	-5.931500886615953538e-01	-5.833844636615953538e-01
-5.907086824115953538e-01	-5.809430574115953538e-01	-5.870465730365953538e-01
-5.772809480365953538e-01	-5.846051667865953538e-01	-5.748395417865953538e-01
-5.809430574115953538e-01	-5.723981355365953538e-01	-5.785016511615953538e-01
-5.687360261615953538e-01	-5.760602449115953538e-01	-5.662946199115953538e-01
-5.736188386615953538e-01	-5.626325105365953538e-01	-5.699567292865953538e-01
-5.601911042865953538e-01	-5.675153230365953538e-01	-5.577496980365953538e-01
-5.638532136615953538e-01	-5.540875886615953538e-01	-5.614118074115953538e-01
-5.516461824115953538e-01	-5.577496980365953538e-01	-5.492047761615953538e-01
-5.553082917865953538e-01	-5.455426667865953538e-01	-5.528668855365953538e-01
-5.431012605365953538e-01	-5.504254792865953538e-01	-5.406598542865953538e-01
-5.467633699115953538e-01	-5.369977449115953538e-01	-5.443219636615953538e-01
-5.345563386615953538e-01	-5.406598542865953538e-01	-5.308942292865953538e-01
-5.382184480365953538e-01	-5.284528230365953538e-01	-5.345563386615953538e-01
-5.260114167865953538e-01	-5.321149324115953538e-01	-5.223493074115953538e-01
-5.296735261615953538e-01	-5.199079011615953538e-01	-5.272321199115953538e-01
-5.174664949115953538e-01	-5.235700105365953538e-01	-5.138043855365953538e-01
-5.211286042865953538e-01	-5.113629792865953538e-01	-5.174664949115953538e-01
-5.077008699115953538e-01	-5.150250886615953538e-01	-5.052594636615953538e-01
-5.125836824115953538e-01	-5.028180574115953538e-01	-5.089215730365953538e-01
-4.991559480365953538e-01	-5.064801667865953538e-01	-4.967145417865953538e-01
-5.028180574115953538e-01	-4.942731355365953538e-01	-5.003766511615953538e-01
-4.906110261615953538e-01	-4.979352449115953538e-01	-4.881696199115953538e-01
-4.942731355365953538e-01	-4.857282136615953538e-01	-4.918317292865953538e-01
-4.820661042865953538e-01	-4.893903230365953538e-01	-4.796246980365953538e-01
-4.857282136615953538e-01	-4.771832917865953538e-01	-4.832868074115953538e-01
-4.735211824115953538e-01	-4.808454011615953538e-01	-4.710797761615953538e-01
-4.771832917865953538e-01	-4.686383699115953538e-01	-4.747418855365953538e-01
-4.649762605365953538e-01	-4.723004792865953538e-01	-4.625348542865953538e-01
-4.686383699115953538e-01	-4.588727449115953538e-01	-4.661969636615953538e-01
-4.564313386615953538e-01	-4.637555574115953538e-01	-4.539899324115953538e-01
-4.600934480365953538e-01	-4.503278230365953538e-01	-4.576520417865953538e-01
-4.478864167865953538e-01	-4.552106355365953538e-01	-4.454450105365953538e-01
-4.515485261615953538e-01	-4.417829011615953538e-01	-4.491071199115953538e-01
-4.393414949115953538e-01	-4.454450105365953538e-01	-4.369000886615953538e-01
-4.430036042865953538e-01	-4.332379792865953538e-01	-4.405621980365953538e-01
-4.307965730365953538e-01	-4.369000886615953538e-01	-4.283551667865953538e-01
-4.344586824115953538e-01	-4.246930574115953538e-01	-4.320172761615953538e-01
-4.222516511615953538e-01	-4.283551667865953538e-01	-4.185895417865953538e-01
-4.259137605365953538e-01	-4.161481355365953538e-01	-4.222516511615953538e-01
-4.137067292865953538e-01	-4.198102449115953538e-01	-4.100446199115953538e-01
-4.173688386615953538e-01	-4.076032136615953538e-01	-4.137067292865953538e-01
-4.051618074115953538e-01	-4.112653230365953538e-01	-4.014996980365953538e-01
-4.088239167865953538e-01	-3.990582917865953538e-01	-4.051618074115953538e-01
-3.953961824115953538e-01	-4.027204011615953538e-01	-3.929547761615953538e-01
-3.990582917865953538e-01	-3.905133699115953538e-01	-3.966168855365953538e-01
-3.868512605365953538e-01	-3.941754792865953538e-01	-3.844098542865953538e-01
-3.917340730365953538e-01	-3.819684480365953538e-01	-3.880719636615953538e-01
-3.783063386615953538e-01	-3.856305574115953538e-01	-3.758649324115953538e-01
-3.831891511615953538e-01	-3.734235261615953538e-01	-3.795270417865953538e-01
-3.697614167865953538e-01	-3.770856355365953538e-01	-3.673200105365953538e-01
-3.734235261615953538e-01	-3.636579011615953538e-01	-3.709821199115953538e-01
-3.612164949115953538e-01	-3.685407136615953538e-01	-3.587750886615953538e-01
-3.648786042865953538e-01	-3.551129792865953538e-01	-3.624371980365953538e-01
-3.526715730365953538e-01	-3.587750886615953538e-01	-3.502301667865953538e-01
-3.563336824115953538e-01	-3.465680574115953538e-01	-3.538922761615953538e-01
-3.441266511615953538e-01	-3.502301667865953538e-01	-3.416852449115953538e-01
-3.477887605365953538e-01	-3.380231355365953538e-01	-3.453473542865953538e-01
-3.355817292865953538e-01	-3.416852449115953538e-01	-3.319196199115953538e-01
-3.392438386615953538e-01	-3.294782136615953538e-01	-3.355817292865953538e-01
-3.270368074115953538e-01	-3.331403230365953538e-01	-3.233746980365953538e-01
-3.306989167865953538e-01	-3.209332917865953538e-01	-3.270368074115953538e-01
-3.184918855365953538e-01	-3.245954011615953538e-01	-3.148297761615953538e-01
-3.221539949115953538e-01	-3.123883699115954093e-01	-3.184918855365953538e-01
-3.087262605365954093e-01	-3.160504792865953538e-01	-3.062848542865954093e-01
-3.123883699115954093e-01	-3.038434480365954093e-01	-3.099469636615954093e-01
-3.001813386615954093e-01	-3.075055574115954093e-01	-2.977399324115954093e-01
-3.038434480365954093e-01	-2.952985261615954093e-01	-3.014020417865954093e-01
-2.916364167865954093e-01	-2.989606355365954093e-01	-2.891950105365954093e-01
-2.965192292865954093e-01	-2.855329011615954093e-01	-2.928571199115954093e-01
-2.830914949115954093e-01	-2.891950105365954093e-01	-2.806500886615954093e-01
-2.867536042865954093e-01	-2.769879792865954093e-01	-2.843121980365954093e-01
-2.745465730365954093e-01	-2.806500886615954093e-01	-2.721051667865954093e-01
-2.782086824115954093e-01	-2.684430574115954093e-01	-2.757672761615954093e-01
-2.660016511615954093e-01	-2.721051667865954093e-01	-2.635602449115954093e-01
-2.696637605365954093e-01	-2.598981355365954093e-01	-2.672223542865954093e-01
-2.574567292865954093e-01	-2.635602449115954093e-01	-2.550153230365954093e-01
-2.611188386615954093e-01	-2.513532136615954093e-01	-2.586774324115954093e-01
-2.489118074115953816e-01	-2.550153230365954093e-01	-2.464704011615953816e-01
-2.525739167865954093e-01	-2.428082917865953816e-01	-2.489118074115953816e-01
-2.403668855365953816e-01	-2.464704011615953816e-01	-2.379254792865953816e-01
-2.440289949115953816e-01	-2.342633699115953816e-01	-2.415875886615953816e-01
-2.318219636615953816e-01	-2.379254792865953816e-01	-2.281598542865953816e-01
-2.354840730365953816e-01	-2.257184480365953816e-01	-2.330426667865953816e-01
-2.232770417865953816e-01	-2.293805574115953816e-01	-2.196149324115953816e-01
-2.269391511615953816e-01	-2.171735261615953816e-01	-2.232770417865953816e-01
-2.147321199115953816e-01	-2.208356355365953816e-01	-2.110700105365953816e-01
-2.183942292865953816e-01	-2.086286042865953816e-01	-2.147321199115953816e-01
-2.049664949115953816e-01	-2.122907136615953816e-01	-2.025250886615953816e-01
-2.098493074115953816e-01	-2.000836824115953816e-01	-2.061871980365953816e-01
-1.964215730365953816e-01	-2.037457917865953816e-01	-1.939801667865953816e-01
-2.000836824115953816e-01	-1.915387605365953816e-01	-1.976422761615953816e-01
-1.878766511615953816e-01	-1.952008699115953816e-01	-1.854352449115953816e-01
-1.915387605365953816e-01	-1.817731355365953816e-01	-1.890973542865953816e-01
-1.793317292865953816e-01	-1.866559480365953816e-01	-1.768903230365953816e-01
-1.829938386615953816e-01	-1.732282136615953816e-01	-1.805524324115953816e-01
-1.707868074115953816e-01	-1.781110261615953816e-01	-1.683454011615953816e-01
-1.744489167865953816e-01	-1.646832917865953816e-01	-1.720075105365953816e-01
-1.622418855365953816e-01	-1.695661042865953816e-01	-1.598004792865953816e-01
-1.659039949115953816e-01	-1.561383699115953816e-01	-1.634625886615953816e-01
-1.536969636615953816e-01	-1.598004792865953816e-01	-1.500348542865953816e-01
-1.573590730365953816e-01	-1.475934480365953816e-01	-1.549176667865953816e-01
-1.451520417865953816e-01	-1.512555574115953816e-01	-1.414899324115953816e-01
-1.488141511615953816e-01	-1.390485261615953816e-01	-1.451520417865953816e-01
-1.366071199115953816e-01	-1.427106355365953816e-01	-1.329450105365953816e-01
-1.402692292865953816e-01	-1.305036042865953816e-01	-1.366071199115953816e-01
-1.268414949115953816e-01	-1.341657136615953816e-01	-1.244000886615953816e-01
-1.317243074115953816e-01	-1.219586824115953816e-01	-1.280621980365953816e-01
-1.182965730365953816e-01	-1.256207917865953816e-01	-1.158551667865953816e-01
-1.219586824115953816e-01	-1.134137605365953816e-01	-1.195172761615953816e-01
-1.097516511615953816e-01	-1.170758699115953816e-01	-1.073102449115953816e-01
-1.134137605365953816e-01	-1.048688386615953816e-01	-1.109723542865953816e-01
-1.036481355365953816e-01	-1.085309480365953816e-01	-9.998602616159538159e-02
-1.048688386615953816e-01	-9.754461991159538159e-02	-1.036481355365953816e-01
-9.388251053659538159e-02	-1.012067292865953816e-01	-9.144110428659538159e-02
-9.754461991159538159e-02	-8.777899491159538159e-02	-9.510321366159538159e-02
-8.533758866159538159e-02	-9.266180741159538159e-02	-8.289618241159538159e-02
-8.899969803659538159e-02	-7.923407303659538159e-02	-8.655829178659538159e-02
-7.679266678659538159e-02	-8.411688553659538159e-02	-7.435126053659538159e-02
-8.167547928659538159e-02	-7.190985428659538159e-02	-7.801336991159538159e-02
-6.824774491159538159e-02	-7.435126053659538159e-02	-6.580633866159538159e-02
-7.190985428659538159e-02	-6.214422928659538853e-02	-6.946844803659538159e-02
-5.970282303659538853e-02	-6.702704178659538159e-02	-5.726141678659538853e-02
-6.336493241159538159e-02	-5.359930741159538853e-02	-6.092352616159538853e-02
-5.115790116159538853e-02	-5.726141678659538853e-02	-4.871649491159538853e-02
-5.482001053659538853e-02	-4.505438553659538853e-02	-5.237860428659538853e-02
-4.261297928659538853e-02	-4.993719803659538853e-02	-4.017157303659538853e-02
-4.627508866159538853e-02	-3.650946366159538853e-02	-4.383368241159538853e-02
-3.406805741159538853e-02	-4.017157303659538853e-02	-3.162665116159538853e-02
-3.773016678659538853e-02	-2.796454178659538853e-02	-3.528876053659538853e-02
-2.552313553659538853e-02	-3.162665116159538853e-02	-2.186102616159538853e-02
-2.918524491159538853e-02	-1.941961991159538853e-02	-2.674383866159538853e-02
-1.697821366159538853e-02	-2.308172928659538853e-02	-1.331610428659538853e-02
-2.064032303659538853e-02	-1.087469803659538853e-02	-1.819891678659538853e-02
-7.212588661595388528e-03	-1.453680741159538853e-02	-4.771182411595388528e-03
-1.209540116159538853e-02	-2.329776161595388528e-03	-8.433291786595388528e-03
1.332333213404611472e-03	-5.991885536595388528e-03	3.773739463404611472e-03
-2.329776161595388528e-03	6.215145713404611472e-03	1.116300884046114716e-04
9.877255088404611472e-03	2.553036338404611472e-03	1.231866133840461147e-02
6.215145713404611472e-03	1.598077071340461147e-02	8.656551963404611472e-03
1.842217696340461147e-02	1.109795821340461147e-02	2.086358321340461147e-02
1.476006758840461147e-02	2.452569258840461147e-02	1.720147383840461147e-02
2.696709883840461147e-02	1.964288008840461147e-02	2.940850508840461147e-02
2.330498946340461147e-02	3.307061446340461147e-02	2.574639571340461147e-02
3.551202071340461147e-02	2.940850508840461147e-02	3.795342696340461147e-02
3.184991133840461147e-02	4.161553633840461147e-02	3.429131758840461147e-02
4.405694258840461147e-02	3.795342696340461147e-02	4.771905196340461147e-02
4.039483321340461147e-02	5.016045821340461147e-02	4.283623946340461147e-02
5.260186446340461147e-02	4.649834883840461147e-02	5.626397383840461147e-02
4.893975508840461147e-02	5.870538008840461147e-02	5.138116133840461147e-02
6.236748946340461147e-02	5.504327071340461147e-02	6.480889571340461841e-02
5.748467696340461147e-02	6.725030196340461841e-02	6.114678633840461147e-02
6.969170821340461841e-02	6.358819258840461841e-02	7.335381758840461841e-02
6.602959883840461841e-02	7.579522383840461841e-02	6.969170821340461841e-02
7.945733321340461841e-02	7.213311446340461841e-02	8.189873946340461841e-02
7.457452071340461841e-02	8.434014571340461841e-02	7.823663008840461841e-02
8.800225508840461841e-02	8.067803633840461841e-02	9.044366133840461841e-02
8.434014571340461841e-02	9.410577071340461841e-02	8.678155196340461841e-02
9.654717696340461841e-02	8.922295821340461841e-02	9.898858321340461841e-02
9.288506758840461841e-02	1.026506925884046184e-01	9.532647383840461841e-02
1.050920988384046184e-01	9.898858321340461841e-02	1.075335050884046184e-01
1.014299894634046184e-01	1.111956144634046184e-01	1.038713957134046184e-01
1.136370207134046184e-01	1.075335050884046184e-01	1.160784269634046184e-01
1.099749113384046184e-01	1.197405363384046184e-01	1.124163175884046184e-01
1.221819425884046184e-01	1.160784269634046184e-01	1.246233488384046184e-01
1.185198332134046184e-01	1.282854582134046184e-01	1.209612394634046184e-01
1.307268644634046184e-01	1.246233488384046184e-01	1.343889738384046184e-01
1.270647550884046184e-01	1.368303800884046184e-01	1.307268644634046184e-01
1.392717863384046184e-01	1.331682707134046184e-01	1.429338957134046184e-01
1.356096769634046184e-01	1.453753019634046184e-01	1.392717863384046184e-01
1.478167082134046184e-01	1.417131925884046184e-01	1.514788175884046184e-01
1.441545988384046184e-01	1.539202238384046184e-01	1.478167082134046184e-01
1.575823332134046184e-01	1.502581144634046184e-01	1.600237394634046184e-01
1.539202238384046184e-01	1.636858488384046184e-01	1.563616300884046184e-01
1.661272550884046184e-01	1.588030363384046184e-01	1.685686613384046184e-01
1.624651457134046184e-01	1.710100675884046184e-01	1.649065519634046184e-01
1.746721769634046184e-01	1.673479582134046184e-01	1.771135832134046184e-01
1.710100675884046184e-01	1.807756925884046184e-01	1.734514738384046184e-01
1.832170988384046184e-01	1.758928800884046184e-01	1.856585050884046184e-01
1.795549894634046184e-01	1.893206144634046184e-01	1.819963957134046184e-01
1.917620207134046184e-01	1.844378019634046184e-01	1.942034269634046184e-01
1.880999113384046184e-01	1.978655363384046184e-01	1.905413175884046184e-01
2.003069425884046184e-01	1.929827238384046184e-01	2.027483488384046184e-01
1.966448332134046184e-01	2.064104582134046184e-01	1.990862394634046184e-01
2.088518644634046184e-01	2.027483488384046184e-01	2.112932707134046184e-01
2.051897550884046184e-01	2.149553800884046184e-01	2.088518644634046184e-01
2.173967863384046184e-01	2.112932707134046184e-01	2.210588957134046184e-01
2.137346769634046184e-01	2.235003019634046184e-01	2.161760832134046184e-01
2.259417082134046184e-01	2.198381925884046184e-01	2.296038175884046184e-01
2.222795988384046184e-01	2.320452238384046184e-01	2.259417082134046184e-01
2.344866300884046184e-01	2.283831144634046184e-01	2.381487394634046184e-01
2.308245207134046184e-01	2.405901457134046184e-01	2.344866300884046184e-01
2.442522550884046184e-01	2.369280363384046184e-01	2.466936613384046184e-01
2.393694425884046184e-01	2.491350675884046184e-01	2.430315519634046184e-01
2.527971769634045907e-01	2.454729582134046184e-01	2.552385832134045907e-01
2.491350675884046184e-01	2.576799894634045907e-01	2.515764738384045907e-01
2.613420988384045907e-01	2.540178800884045907e-01	2.637835050884045907e-01
2.576799894634045907e-01	2.674456144634045907e-01	2.601213957134045907e-01
2.698870207134045907e-01	2.625628019634045907e-01	2.723284269634045907e-01
2.662249113384045907e-01	2.759905363384045907e-01	2.686663175884045907e-01
2.784319425884045907e-01	2.711077238384045907e-01	2.808733488384045907e-01
2.747698332134045907e-01	2.833147550884045907e-01	2.772112394634045907e-01
2.869768644634045907e-01	2.796526457134045907e-01	2.894182707134045907e-01
2.833147550884045907e-01	2.930803800884045907e-01	2.857561613384045907e-01
2.955217863384045907e-01	2.881975675884045907e-01	2.979631925884045907e-01
2.918596769634045907e-01	3.016253019634045907e-01	2.943010832134045907e-01
3.040667082134045907e-01	2.979631925884045907e-01	3.065081144634045907e-01
3.004045988384045907e-01	3.101702238384045907e-01	3.028460050884045907e-01
3.126116300884046462e-01	3.065081144634045907e-01	3.162737394634046462e-01
3.089495207134045907e-01	3.187151457134046462e-01	3.113909269634045907e-01
3.211565519634046462e-01	3.150530363384046462e-01	3.248186613384046462e-01
3.174944425884046462e-01	3.272600675884046462e-01	3.199358488384046462e-01
3.297014738384046462e-01	3.235979582134046462e-01	3.333635832134046462e-01
3.260393644634046462e-01	3.358049894634046462e-01	3.297014738384046462e-01
3.382463957134046462e-01	3.321428800884046462e-01	3.419085050884046462e-01
3.345842863384046462e-01	3.443499113384046462e-01	3.370256925884046462e-01
3.467913175884046462e-01	3.406878019634046462e-01	3.504534269634046462e-01
3.443499113384046462e-01	3.528948332134046462e-01	3.467913175884046462e-01
3.565569425884046462e-01	3.492327238384046462e-01	3.589983488384046462e-01
3.516741300884046462e-01	3.614397550884046462e-01	3.553362394634046462e-01
3.651018644634046462e-01	3.577776457134046462e-01	3.675432707134046462e-01
3.602190519634046462e-01	3.712053800884046462e-01	3.638811613384046462e-01
3.736467863384046462e-01	3.675432707134046462e-01	3.760881925884046462e-01
3.699846769634046462e-01	3.797503019634046462e-01	3.724260832134046462e-01
3.821917082134046462e-01	3.760881925884046462e-01	3.846331144634046462e-01
3.785295988384046462e-01	3.882952238384046462e-01	3.809710050884046462e-01
3.907366300884046462e-01	3.846331144634046462e-01	3.931780363384046462e-01
3.870745207134046462e-01	3.968401457134046462e-01	3.907366300884046462e-01
3.992815519634046462e-01	3.931780363384046462e-01	4.029436613384046462e-01
3.956194425884046462e-01	4.053850675884046462e-01	3.980608488384046462e-01
4.078264738384046462e-01	4.017229582134046462e-01	4.114885832134046462e-01
4.041643644634046462e-01	4.139299894634046462e-01	4.066057707134046462e-01
4.163713957134046462e-01	4.102678800884046462e-01	4.200335050884046462e-01
4.127092863384046462e-01	4.224749113384046462e-01	4.151506925884046462e-01
4.249163175884046462e-01	4.188128019634046462e-01	4.285784269634046462e-01
4.212542082134046462e-01	4.310198332134046462e-01	4.236956144634046462e-01
4.334612394634046462e-01	4.273577238384046462e-01	4.371233488384046462e-01
4.297991300884046462e-01	4.395647550884046462e-01	4.334612394634046462e-01
4.432268644634046462e-01	4.359026457134046462e-01	4.456682707134046462e-01
4.395647550884046462e-01	4.481096769634046462e-01	4.420061613384046462e-01
4.505510832134046462e-01	4.444475675884046462e-01	4.542131925884046462e-01
4.468889738384046462e-01	4.566545988384046462e-01	4.505510832134046462e-01
4.603167082134046462e-01	4.529924894634046462e-01	4.627581144634046462e-01
4.554338957134046462e-01	4.651995207134046462e-01	4.590960050884046462e-01
4.688616300884046462e-01	4.615374113384046462e-01	4.713030363384046462e-01
4.651995207134046462e-01	4.737444425884046462e-01	4.676409269634046462e-01
4.774065519634046462e-01	4.700823332134046462e-01	4.798479582134046462e-01
4.725237394634046462e-01	4.835100675884046462e-01	4.761858488384046462e-01
4.859514738384046462e-01	4.786272550884046462e-01	4.883928800884046462e-01
4.822893644634046462e-01	4.920549894634046462e-01	4.847307707134046462e-01
4.944963957134046462e-01	4.871721769634046462e-01	4.969378019634046462e-01
4.908342863384046462e-01	4.993792082134046462e-01	4.932756925884046462e-01
5.030413175884046462e-01	4.957170988384046462e-01	5.054827238384046462e-01
4.993792082134046462e-01	5.091448332134046462e-01	5.018206144634046462e-01
5.115862394634046462e-01	5.054827238384046462e-01	5.140276457134046462e-01
5.079241300884046462e-01	5.176897550884046462e-01	5.103655363384046462e-01
5.201311613384046462e-01	5.128069425884046462e-01	5.225725675884046462e-01
5.164690519634046462e-01	5.262346769634046462e-01	5.189104582134046462e-01
5.286760832134046462e-01	5.225725675884046462e-01	5.311174894634046462e-01
5.250139738384046462e-01	5.347795988384046462e-01	5.274553800884046462e-01
5.372210050884046462e-01	5.311174894634046462e-01	5.408831144634046462e-01
5.335588957134046462e-01	5.433245207134046462e-01	5.360003019634046462e-01
5.457659269634046462e-01	5.396624113384046462e-01	5.482073332134046462e-01
5.421038175884046462e-01	5.518694425884046462e-01	5.445452238384046462e-01
5.543108488384046462e-01	5.482073332134046462e-01	5.579729582134046462e-01
5.506487394634046462e-01	5.604143644634046462e-01	5.543108488384046462e-01
5.640764738384046462e-01	5.567522550884046462e-01	5.665178800884046462e-01
5.591936613384046462e-01	5.689592863384046462e-01	5.628557707134046462e-01
5.726213957134046462e-01	5.652971769634046462e-01	5.750628019634046462e-01
5.677385832134046462e-01	5.775042082134046462e-01	5.714006925884046462e-01
5.811663175884046462e-01	5.738420988384046462e-01	5.836077238384046462e-01
5.762835050884046462e-01	5.860491300884046462e-01	5.799456144634046462e-01
5.897112394634046462e-01	5.823870207134046462e-01	5.921526457134046462e-01
5.860491300884046462e-01	5.958147550884046462e-01	5.884905363384046462e-01
5.982561613384046462e-01	5.921526457134046462e-01	6.006975675884046462e-01
5.945940519634046462e-01	6.043596769634046462e-01	5.970354582134046462e-01
6.068010832134046462e-01	6.006975675884046462e-01	6.092424894634046462e-01
6.031389738384046462e-01	6.129045988384046462e-01	6.055803800884046462e-01
6.153460050884046462e-01	6.092424894634046462e-01	6.177874113384046462e-01
6.116838957134046462e-01	6.214495207134046462e-01	6.141253019634046462e-01
6.238909269634046462e-01	6.165667082134046462e-01	6.275530363384046462e-01
6.202288175884046462e-01	6.299944425884046462e-01	6.226702238384046462e-01
6.324358488384046462e-01	6.263323332134046462e-01	6.360979582134046462e-01
6.287737394634046462e-01	6.385393644634046462e-01	6.312151457134046462e-01
6.409807707134046462e-01	6.348772550884046462e-01	6.446428800884046462e-01
6.373186613384046462e-01	6.470842863384046462e-01	6.397600675884046462e-01
6.495256925884046462e-01	6.434221769634046462e-01	6.531878019634046462e-01
6.458635832134046462e-01	6.556292082134046462e-01	6.483049894634046462e-01
6.592913175884046462e-01	6.519670988384046462e-01	6.617327238384046462e-01
6.544085050884046462e-01	6.641741300884046462e-01	6.580706144634046462e-01
6.666155363384046462e-01	6.605120207134046462e-01	6.702776457134046462e-01
6.629534269634046462e-01	6.727190519634046462e-01	6.666155363384046462e-01
6.763811613384046462e-01	6.690569425884046462e-01	6.788225675884046462e-01
6.714983488384046462e-01	6.812639738384046462e-01	6.751604582134046462e-01
6.849260832134046462e-01	6.776018644634046462e-01	6.873674894634046462e-01
6.812639738384046462e-01	6.910295988384046462e-01	6.837053800884046462e-01
6.934710050884046462e-01	6.861467863384046462e-01	6.959124113384046462e-01
6.885881925884046462e-01	6.995745207134046462e-01	6.922503019634046462e-01
7.020159269634046462e-01	6.946917082134046462e-01	7.044573332134046462e-01
6.983538175884046462e-01	7.081194425884046462e-01	7.007952238384046462e-01
7.105608488384046462e-01	7.044573332134046462e-01	7.130022550884046462e-01
7.068987394634046462e-01	7.166643644634046462e-01	7.093401457134046462e-01
7.191057707134046462e-01	7.130022550884046462e-01	7.215471769634046462e-01
7.154436613384046462e-01	7.252092863384046462e-01	7.178850675884046462e-01
7.276506925884046462e-01	7.215471769634046462e-01	7.300920988384046462e-01
7.239885832134046462e-01	7.337542082134046462e-01	7.264299894634046462e-01
7.361956144634046462e-01	7.300920988384046462e-01	7.398577238384046462e-01
7.325335050884046462e-01	7.422991300884046462e-01	7.349749113384046462e-01
7.447405363384046462e-01	7.386370207134046462e-01	7.484026457134046462e-01
7.410784269634046462e-01	7.508440519634046462e-01	7.435198332134046462e-01
7.532854582134046462e-01	7.471819425884046462e-01	7.569475675884046462e-01
7.496233488384046462e-01	7.593889738384046462e-01	7.532854582134046462e-01
7.618303800884046462e-01	7.557268644634046462e-01	7.654924894634046462e-01
7.581682707134046462e-01	7.679338957134046462e-01	7.618303800884046462e-01
7.715960050884046462e-01	7.642717863384046462e-01	7.728167082134046462e-01
7.667131925884046462e-01	7.728167082134046462e-01	7.654924894634046462e-01
7.691545988384046462e-01	7.630510832134046462e-01	7.667131925884046462e-01
7.593889738384046462e-01	7.642717863384046462e-01	7.569475675884046462e-01
7.606096769634046462e-01	7.545061613384046462e-01	7.581682707134046462e-01
7.520647550884046462e-01	7.557268644634046462e-01	7.484026457134046462e-01
7.520647550884046462e-01	7.459612394634046462e-01	7.496233488384046462e-01
7.422991300884046462e-01	7.471819425884046462e-01	7.398577238384046462e-01
7.435198332134046462e-01	7.374163175884046462e-01	7.410784269634046462e-01
7.337542082134046462e-01	7.386370207134046462e-01	7.313128019634046462e-01
7.349749113384046462e-01	7.288713957134046462e-01	7.325335050884046462e-01
7.264299894634046462e-01	7.300920988384046462e-01	7.227678800884046462e-01
7.276506925884046462e-01	7.203264738384046462e-01	7.239885832134046462e-01
7.178850675884046462e-01	7.215471769634046462e-01	7.142229582134046462e-01
7.191057707134046462e-01	7.117815519634046462e-01	7.154436613384046462e-01
7.093401457134046462e-01	7.130022550884046462e-01	7.056780363384046462e-01
7.105608488384046462e-01	7.032366300884046462e-01	7.068987394634046462e-01
7.007952238384046462e-01	7.044573332134046462e-01	6.971331144634046462e-01
7.020159269634046462e-01	6.946917082134046462e-01	6.983538175884046462e-01
6.922503019634046462e-01	6.959124113384046462e-01	6.885881925884046462e-01
6.922503019634046462e-01	6.861467863384046462e-01	6.898088957134046462e-01
6.837053800884046462e-01	6.873674894634046462e-01	6.800432707134046462e-01
6.849260832134046462e-01	6.776018644634046462e-01	6.812639738384046462e-01
6.751604582134046462e-01	6.788225675884046462e-01	6.714983488384046462e-01
6.763811613384046462e-01	6.690569425884046462e-01	6.727190519634046462e-01
6.666155363384046462e-01	6.702776457134046462e-01	6.629534269634046462e-01
6.678362394634046462e-01	6.605120207134046462e-01	6.641741300884046462e-01
6.580706144634046462e-01	6.617327238384046462e-01	6.544085050884046462e-01
6.580706144634046462e-01	6.519670988384046462e-01	6.556292082134046462e-01
6.495256925884046462e-01	6.531878019634046462e-01	6.470842863384046462e-01
6.507463957134046462e-01	6.434221769634046462e-01	6.470842863384046462e-01
6.409807707134046462e-01	6.446428800884046462e-01	6.373186613384046462e-01
6.409807707134046462e-01	6.348772550884046462e-01	6.385393644634046462e-01
6.324358488384046462e-01	6.360979582134046462e-01	6.287737394634046462e-01
6.336565519634046462e-01	6.263323332134046462e-01	6.299944425884046462e-01
6.238909269634046462e-01	6.275530363384046462e-01	6.202288175884046462e-01
6.251116300884046462e-01	6.177874113384046462e-01	6.214495207134046462e-01
6.153460050884046462e-01	6.190081144634046462e-01	6.116838957134046462e-01
6.165667082134046462e-01	6.092424894634046462e-01	6.129045988384046462e-01
6.068010832134046462e-01	6.104631925884046462e-01	6.043596769634046462e-01
6.080217863384046462e-01	6.006975675884046462e-01	6.043596769634046462e-01
5.982561613384046462e-01	6.019182707134046462e-01	5.958147550884046462e-01
5.994768644634046462e-01	5.921526457134046462e-01	5.958147550884046462e-01
5.897112394634046462e-01	5.933733488384046462e-01	5.860491300884046462e-01
5.909319425884046462e-01	5.836077238384046462e-01	5.872698332134046462e-01
5.811663175884046462e-01	5.848284269634046462e-01	5.787249113384046462e-01
5.823870207134046462e-01	5.750628019634046462e-01	5.787249113384046462e-01
5.726213957134046462e-01	5.762835050884046462e-01	5.701799894634046462e-01
5.738420988384046462e-01	5.665178800884046462e-01	5.701799894634046462e-01
5.640764738384046462e-01	5.677385832134046462e-01	5.604143644634046462e-01
5.652971769634046462e-01	5.579729582134046462e-01	5.616350675884046462e-01
5.555315519634046462e-01	5.591936613384046462e-01	5.518694425884046462e-01
5.555315519634046462e-01	5.494280363384046462e-01	5.530901457134046462e-01
5.469866300884046462e-01	5.506487394634046462e-01	5.433245207134046462e-01
5.482073332134046462e-01	5.408831144634046462e-01	5.445452238384046462e-01
5.384417082134046462e-01	5.421038175884046462e-01	5.347795988384046462e-01
5.396624113384046462e-01	5.323381925884046462e-01	5.360003019634046462e-01
5.298967863384046462e-01	5.335588957134046462e-01	5.262346769634046462e-01
5.311174894634046462e-01	5.237932707134046462e-01	5.274553800884046462e-01
5.213518644634046462e-01	5.250139738384046462e-01	5.176897550884046462e-01
5.213518644634046462e-01	5.152483488384046462e-01	5.189104582134046462e-01
5.128069425884046462e-01	5.164690519634046462e-01	5.091448332134046462e-01
5.128069425884046462e-01	5.067034269634046462e-01	5.103655363384046462e-01
5.042620207134046462e-01	5.079241300884046462e-01	5.005999113384046462e-01
5.054827238384046462e-01	4.981585050884046462e-01	5.018206144634046462e-01
4.957170988384046462e-01	4.993792082134046462e-01	4.920549894634046462e-01
4.969378019634046462e-01	4.896135832134046462e-01	4.932756925884046462e-01
4.871721769634046462e-01	4.908342863384046462e-01	4.835100675884046462e-01
4.871721769634046462e-01	4.810686613384046462e-01	4.847307707134046462e-01
4.786272550884046462e-01	4.822893644634046462e-01	4.749651457134046462e-01
4.786272550884046462e-01	4.725237394634046462e-01	4.761858488384046462e-01
4.700823332134046462e-01	4.737444425884046462e-01	4.676409269634046462e-01
4.713030363384046462e-01	4.639788175884046462e-01	4.676409269634046462e-01
4.615374113384046462e-01	4.651995207134046462e-01	4.578753019634046462e-01
4.627581144634046462e-01	4.554338957134046462e-01	4.590960050884046462e-01
4.529924894634046462e-01	4.566545988384046462e-01	4.493303800884046462e-01
4.529924894634046462e-01	4.468889738384046462e-01	4.505510832134046462e-01
4.444475675884046462e-01	4.481096769634046462e-01	4.420061613384046462e-01
4.456682707134046462e-01	4.383440519634046462e-01	4.420061613384046462e-01
4.359026457134046462e-01	4.395647550884046462e-01	4.322405363384046462e-01
4.359026457134046462e-01	4.297991300884046462e-01	4.334612394634046462e-01
4.273577238384046462e-01	4.310198332134046462e-01	4.236956144634046462e-01
4.273577238384046462e-01	4.212542082134046462e-01	4.249163175884046462e-01
4.188128019634046462e-01	4.224749113384046462e-01	4.151506925884046462e-01
4.188128019634046462e-01	4.127092863384046462e-01	4.163713957134046462e-01
4.102678800884046462e-01	4.139299894634046462e-01	4.066057707134046462e-01
4.102678800884046462e-01	4.041643644634046462e-01	4.078264738384046462e-01
4.017229582134046462e-01	4.053850675884046462e-01	3.980608488384046462e-01
4.017229582134046462e-01	3.956194425884046462e-01	3.992815519634046462e-01
3.919573332134046462e-01	3.968401457134046462e-01	3.895159269634046462e-01
3.931780363384046462e-01	3.870745207134046462e-01	3.907366300884046462e-01
3.846331144634046462e-01	3.882952238384046462e-01	3.809710050884046462e-01
