time[s]	CH1[V]	CH2[V] (num. of cycles: 5)
0.000000000000000000e+00	2.000000000000000164e-05	4.000000000000000327e-05
6.000000000000000152e-05	8.000000000000000654e-05	1.000000000000000048e-04
1.200000000000000030e-04	1.399999999999999877e-04	1.600000000000000131e-04
1.800000000000000113e-04	2.000000000000000096e-04	2.200000000000000078e-04
2.400000000000000061e-04	2.599999999999999772e-04	2.799999999999999755e-04
2.999999999999999737e-04	3.200000000000000262e-04	3.400000000000000244e-04
3.600000000000000227e-04	3.800000000000000209e-04	4.000000000000000192e-04
4.200000000000000174e-04	4.400000000000000157e-04	4.600000000000000139e-04
4.800000000000000122e-04	5.000000000000000104e-04	5.199999999999999544e-04
5.400000000000000069e-04	5.599999999999999509e-04	5.800000000000000034e-04
5.999999999999999474e-04	6.199999999999999999e-04	6.400000000000000524e-04
6.599999999999999964e-04	6.800000000000000488e-04	6.999999999999999929e-04
7.200000000000000453e-04	7.399999999999999894e-04	7.600000000000000418e-04
7.799999999999999859e-04	8.000000000000000383e-04	8.199999999999999824e-04
8.400000000000000348e-04	8.599999999999999789e-04	8.800000000000000313e-04
8.999999999999999754e-04	9.200000000000000278e-04	9.399999999999999719e-04
9.600000000000000243e-04	9.799999999999999684e-04	1.000000000000000021e-03
1.020000000000000073e-03	1.039999999999999909e-03	1.059999999999999961e-03
1.080000000000000014e-03	1.100000000000000066e-03	1.119999999999999902e-03
1.139999999999999954e-03	1.160000000000000007e-03	1.180000000000000059e-03
1.199999999999999895e-03	1.219999999999999947e-03	1.240000000000000000e-03
1.260000000000000052e-03	1.280000000000000105e-03	1.299999999999999940e-03
1.319999999999999993e-03	1.340000000000000045e-03	1.360000000000000098e-03
1.379999999999999933e-03	1.399999999999999986e-03	1.420000000000000038e-03
1.440000000000000091e-03	1.459999999999999926e-03	1.479999999999999979e-03
1.500000000000000031e-03	1.520000000000000084e-03	1.539999999999999919e-03
1.559999999999999972e-03	1.580000000000000024e-03	1.600000000000000077e-03
1.619999999999999912e-03	1.639999999999999965e-03	1.660000000000000017e-03
1.680000000000000070e-03	1.699999999999999905e-03	1.719999999999999958e-03
1.740000000000000010e-03	1.760000000000000063e-03	1.779999999999999898e-03
1.799999999999999951e-03	1.820000000000000003e-03	1.840000000000000056e-03
1.860000000000000108e-03	1.879999999999999944e-03	1.899999999999999996e-03
1.920000000000000049e-03	1.940000000000000101e-03	1.959999999999999937e-03
1.979999999999999989e-03	2.000000000000000042e-03	2.020000000000000094e-03
2.040000000000000147e-03	2.060000000000000199e-03	2.079999999999999818e-03
2.099999999999999870e-03	2.119999999999999923e-03	2.139999999999999975e-03
2.160000000000000028e-03	2.180000000000000080e-03	2.200000000000000133e-03
2.220000000000000185e-03	2.239999999999999804e-03	2.259999999999999856e-03
2.279999999999999909e-03	2.299999999999999961e-03	2.320000000000000014e-03
2.340000000000000066e-03	2.360000000000000119e-03	2.380000000000000171e-03
2.399999999999999790e-03	2.419999999999999842e-03	2.439999999999999895e-03
2.459999999999999947e-03	2.480000000000000000e-03	2.500000000000000052e-03
2.520000000000000104e-03	2.540000000000000157e-03	2.560000000000000209e-03
2.579999999999999828e-03	2.599999999999999881e-03	2.619999999999999933e-03
2.639999999999999986e-03	2.660000000000000038e-03	2.680000000000000090e-03
2.700000000000000143e-03	2.720000000000000195e-03	2.739999999999999814e-03
2.759999999999999867e-03	2.779999999999999919e-03	2.799999999999999972e-03
2.820000000000000024e-03	2.840000000000000076e-03	2.860000000000000129e-03
2.880000000000000181e-03	2.899999999999999800e-03	2.919999999999999853e-03
2.939999999999999905e-03	2.959999999999999958e-03	2.980000000000000010e-03
3.000000000000000062e-03	3.020000000000000115e-03	3.040000000000000167e-03
3.059999999999999786e-03	3.079999999999999839e-03	3.099999999999999891e-03
3.119999999999999944e-03	3.139999999999999996e-03	3.160000000000000048e-03
3.180000000000000101e-03	3.200000000000000153e-03	3.220000000000000206e-03
3.239999999999999825e-03	3.259999999999999877e-03	3.279999999999999930e-03
3.299999999999999982e-03	3.320000000000000034e-03	3.340000000000000087e-03
3.360000000000000139e-03	3.380000000000000192e-03	3.399999999999999811e-03
3.419999999999999863e-03	3.439999999999999915e-03	3.459999999999999968e-03
3.480000000000000020e-03	3.500000000000000073e-03	3.520000000000000125e-03
3.540000000000000178e-03	3.559999999999999797e-03	3.579999999999999849e-03
3.599999999999999901e-03	3.619999999999999954e-03	3.640000000000000006e-03
3.660000000000000059e-03	3.680000000000000111e-03	3.700000000000000164e-03
3.720000000000000216e-03	3.739999999999999835e-03	3.759999999999999887e-03
3.779999999999999940e-03	3.799999999999999992e-03	3.820000000000000045e-03
3.840000000000000097e-03	3.860000000000000150e-03	3.880000000000000202e-03
3.899999999999999821e-03	3.919999999999999873e-03	3.939999999999999926e-03
3.959999999999999978e-03	3.980000000000000031e-03	4.000000000000000083e-03
4.020000000000000136e-03	4.040000000000000188e-03	4.060000000000000241e-03
4.080000000000000293e-03	4.100000000000000346e-03	4.120000000000000398e-03
4.139999999999999583e-03	4.159999999999999636e-03	4.179999999999999688e-03
4.199999999999999740e-03	4.219999999999999793e-03	4.239999999999999845e-03
4.259999999999999898e-03	4.279999999999999950e-03	4.300000000000000003e-03
4.320000000000000055e-03	4.340000000000000108e-03	4.360000000000000160e-03
4.380000000000000213e-03	4.400000000000000265e-03	4.420000000000000318e-03
4.440000000000000370e-03	4.460000000000000422e-03	4.479999999999999608e-03
4.499999999999999660e-03	4.519999999999999712e-03	4.539999999999999765e-03
4.559999999999999817e-03	4.579999999999999870e-03	4.599999999999999922e-03
4.619999999999999975e-03	4.640000000000000027e-03	4.660000000000000080e-03
4.680000000000000132e-03	4.700000000000000185e-03	4.720000000000000237e-03
4.740000000000000289e-03	4.760000000000000342e-03	4.780000000000000394e-03
4.799999999999999580e-03	4.819999999999999632e-03	4.839999999999999684e-03
4.859999999999999737e-03	4.879999999999999789e-03	4.899999999999999842e-03
4.919999999999999894e-03	4.939999999999999947e-03	4.959999999999999999e-03
4.980000000000000052e-03	5.000000000000000104e-03	5.020000000000000157e-03
5.040000000000000209e-03	5.060000000000000261e-03	5.080000000000000314e-03
5.100000000000000366e-03	5.120000000000000419e-03	5.139999999999999604e-03
5.159999999999999656e-03	5.179999999999999709e-03	5.199999999999999761e-03
5.219999999999999814e-03	5.239999999999999866e-03	5.259999999999999919e-03
5.279999999999999971e-03	5.300000000000000024e-03	5.320000000000000076e-03
5.340000000000000129e-03	5.360000000000000181e-03	5.380000000000000233e-03
5.400000000000000286e-03	5.420000000000000338e-03	5.440000000000000391e-03
5.459999999999999576e-03	5.479999999999999628e-03	5.499999999999999681e-03
5.519999999999999733e-03	5.539999999999999786e-03	5.559999999999999838e-03
5.579999999999999891e-03	5.599999999999999943e-03	5.619999999999999996e-03
5.640000000000000048e-03	5.660000000000000100e-03	5.680000000000000153e-03
5.700000000000000205e-03	5.720000000000000258e-03	5.740000000000000310e-03
5.760000000000000363e-03	5.780000000000000415e-03	5.799999999999999600e-03
5.819999999999999653e-03	5.839999999999999705e-03	5.859999999999999758e-03
5.879999999999999810e-03	5.899999999999999863e-03	5.919999999999999915e-03
5.939999999999999968e-03	5.960000000000000020e-03	5.980000000000000072e-03
6.000000000000000125e-03	6.020000000000000177e-03	6.040000000000000230e-03
6.060000000000000282e-03	6.080000000000000335e-03	6.100000000000000387e-03
6.119999999999999572e-03	6.139999999999999625e-03	6.159999999999999677e-03
6.179999999999999730e-03	6.199999999999999782e-03	6.219999999999999835e-03
6.239999999999999887e-03	6.259999999999999939e-03	6.279999999999999992e-03
6.300000000000000044e-03	6.320000000000000097e-03	6.340000000000000149e-03
6.360000000000000202e-03	6.380000000000000254e-03	6.400000000000000307e-03
6.420000000000000359e-03	6.440000000000000412e-03	6.459999999999999597e-03
6.479999999999999649e-03	6.499999999999999702e-03	6.519999999999999754e-03
6.539999999999999807e-03	6.559999999999999859e-03	6.579999999999999911e-03
6.599999999999999964e-03	6.620000000000000016e-03	6.640000000000000069e-03
6.660000000000000121e-03	6.680000000000000174e-03	6.700000000000000226e-03
6.720000000000000279e-03	6.740000000000000331e-03	6.760000000000000384e-03
6.779999999999999569e-03	6.799999999999999621e-03	6.819999999999999674e-03
6.839999999999999726e-03	6.859999999999999779e-03	6.879999999999999831e-03
6.899999999999999883e-03	6.919999999999999936e-03	6.939999999999999988e-03
6.960000000000000041e-03	6.980000000000000093e-03	7.000000000000000146e-03
7.020000000000000198e-03	7.040000000000000251e-03	7.060000000000000303e-03
7.080000000000000356e-03	7.100000000000000408e-03	7.119999999999999593e-03
7.139999999999999646e-03	7.159999999999999698e-03	7.179999999999999750e-03
7.199999999999999803e-03	7.219999999999999855e-03	7.239999999999999908e-03
7.259999999999999960e-03	7.280000000000000013e-03	7.300000000000000065e-03
7.320000000000000118e-03	7.340000000000000170e-03	7.360000000000000223e-03
7.380000000000000275e-03	7.400000000000000328e-03	7.420000000000000380e-03
7.440000000000000432e-03	7.459999999999999618e-03	7.479999999999999670e-03
7.499999999999999722e-03	7.519999999999999775e-03	7.539999999999999827e-03
7.559999999999999880e-03	7.579999999999999932e-03	7.599999999999999985e-03
7.620000000000000037e-03	7.640000000000000090e-03	7.660000000000000142e-03
7.680000000000000195e-03	7.700000000000000247e-03	7.720000000000000299e-03
7.740000000000000352e-03	7.760000000000000404e-03	7.779999999999999589e-03
7.799999999999999642e-03	7.820000000000000562e-03	7.839999999999999747e-03
7.860000000000000667e-03	7.879999999999999852e-03	7.900000000000000772e-03
7.919999999999999957e-03	7.939999999999999142e-03	7.960000000000000062e-03
7.979999999999999247e-03	8.000000000000000167e-03	8.019999999999999352e-03
8.040000000000000271e-03	8.059999999999999457e-03	8.080000000000000376e-03
8.099999999999999561e-03	8.120000000000000481e-03	8.139999999999999666e-03
8.160000000000000586e-03	8.179999999999999771e-03	8.200000000000000691e-03
8.219999999999999876e-03	8.240000000000000796e-03	8.259999999999999981e-03
8.279999999999999166e-03	8.300000000000000086e-03	8.319999999999999271e-03
8.340000000000000191e-03	8.359999999999999376e-03	8.380000000000000296e-03
8.399999999999999481e-03	8.420000000000000401e-03	8.439999999999999586e-03
8.460000000000000506e-03	8.479999999999999691e-03	8.500000000000000611e-03
8.519999999999999796e-03	8.540000000000000716e-03	8.559999999999999901e-03
8.580000000000000820e-03	8.600000000000000006e-03	8.619999999999999191e-03
8.640000000000000110e-03	8.659999999999999296e-03	8.680000000000000215e-03
8.699999999999999400e-03	8.720000000000000320e-03	8.739999999999999505e-03
8.760000000000000425e-03	8.779999999999999610e-03	8.800000000000000530e-03
8.819999999999999715e-03	8.840000000000000635e-03	8.859999999999999820e-03
8.880000000000000740e-03	8.899999999999999925e-03	8.920000000000000845e-03
8.940000000000000030e-03	8.959999999999999215e-03	8.980000000000000135e-03
8.999999999999999320e-03	9.020000000000000240e-03	9.039999999999999425e-03
9.060000000000000345e-03	9.079999999999999530e-03	9.100000000000000450e-03
9.119999999999999635e-03	9.140000000000000555e-03	9.159999999999999740e-03
9.180000000000000659e-03	9.199999999999999845e-03	9.220000000000000764e-03
9.239999999999999949e-03	9.259999999999999135e-03	9.280000000000000054e-03
9.299999999999999239e-03	9.320000000000000159e-03	9.339999999999999344e-03
9.360000000000000264e-03	9.379999999999999449e-03	9.400000000000000369e-03
9.419999999999999554e-03	9.440000000000000474e-03	9.459999999999999659e-03
9.480000000000000579e-03	9.499999999999999764e-03	9.520000000000000684e-03
9.539999999999999869e-03	9.560000000000000789e-03	9.579999999999999974e-03
9.599999999999999159e-03	9.620000000000000079e-03	9.639999999999999264e-03
9.660000000000000184e-03	9.679999999999999369e-03	9.700000000000000289e-03
9.719999999999999474e-03	9.740000000000000394e-03	9.759999999999999579e-03
9.780000000000000498e-03	9.799999999999999684e-03	9.820000000000000603e-03
9.839999999999999789e-03	9.860000000000000708e-03	9.879999999999999893e-03
9.900000000000000813e-03	9.919999999999999998e-03	9.939999999999999183e-03
9.960000000000000103e-03	9.979999999999999288e-03	1.000000000000000021e-02
1.001999999999999939e-02	1.004000000000000031e-02	1.005999999999999950e-02
1.008000000000000042e-02	1.009999999999999960e-02	1.012000000000000052e-02
1.013999999999999971e-02	1.016000000000000063e-02	1.017999999999999981e-02
1.020000000000000073e-02	1.021999999999999992e-02	1.024000000000000084e-02
1.026000000000000002e-02	1.027999999999999921e-02	1.030000000000000013e-02
1.031999999999999931e-02	1.034000000000000023e-02	1.035999999999999942e-02
1.038000000000000034e-02	1.039999999999999952e-02	1.042000000000000044e-02
1.043999999999999963e-02	1.046000000000000055e-02	1.047999999999999973e-02
1.050000000000000065e-02	1.051999999999999984e-02	1.054000000000000076e-02
1.055999999999999994e-02	1.058000000000000086e-02	1.060000000000000005e-02
1.061999999999999923e-02	1.064000000000000015e-02	1.065999999999999934e-02
1.068000000000000026e-02	1.069999999999999944e-02	1.072000000000000036e-02
1.073999999999999955e-02	1.076000000000000047e-02	1.077999999999999965e-02
1.080000000000000057e-02	1.081999999999999976e-02	1.084000000000000068e-02
1.085999999999999986e-02	1.088000000000000078e-02	1.089999999999999997e-02
1.091999999999999915e-02	1.094000000000000007e-02	1.095999999999999926e-02
1.098000000000000018e-02	1.099999999999999936e-02	1.102000000000000028e-02
1.103999999999999947e-02	1.106000000000000039e-02	1.107999999999999957e-02
1.110000000000000049e-02	1.111999999999999968e-02	1.114000000000000060e-02
1.115999999999999978e-02	1.118000000000000070e-02	1.119999999999999989e-02
1.122000000000000081e-02	1.123999999999999999e-02	1.125999999999999918e-02
1.128000000000000010e-02	1.129999999999999928e-02	1.132000000000000020e-02
1.133999999999999939e-02	1.136000000000000031e-02	1.137999999999999949e-02
1.140000000000000041e-02	1.141999999999999960e-02	1.144000000000000052e-02
1.145999999999999970e-02	1.148000000000000062e-02	1.149999999999999981e-02
1.152000000000000073e-02	1.153999999999999991e-02	1.156000000000000083e-02
1.158000000000000002e-02	1.159999999999999920e-02	1.162000000000000012e-02
1.163999999999999931e-02	1.166000000000000023e-02	1.167999999999999941e-02
1.170000000000000033e-02	1.171999999999999952e-02	1.174000000000000044e-02
1.175999999999999962e-02	1.178000000000000054e-02	1.179999999999999973e-02
1.182000000000000065e-02	1.183999999999999983e-02	1.186000000000000075e-02
1.187999999999999994e-02	1.190000000000000085e-02	1.192000000000000004e-02
1.193999999999999923e-02	1.196000000000000014e-02	1.197999999999999933e-02
1.200000000000000025e-02	1.201999999999999943e-02	1.204000000000000035e-02
1.205999999999999954e-02	1.208000000000000046e-02	1.209999999999999964e-02
1.212000000000000056e-02	1.213999999999999975e-02	1.216000000000000067e-02
1.217999999999999985e-02	1.220000000000000077e-02	1.221999999999999996e-02
1.223999999999999914e-02	1.226000000000000006e-02	1.227999999999999925e-02
1.230000000000000017e-02	1.231999999999999935e-02	1.234000000000000027e-02
1.235999999999999946e-02	1.238000000000000038e-02	1.239999999999999956e-02
1.242000000000000048e-02	1.243999999999999967e-02	1.246000000000000059e-02
1.247999999999999977e-02	1.250000000000000069e-02	1.251999999999999988e-02
1.254000000000000080e-02	1.255999999999999998e-02	1.257999999999999917e-02
1.260000000000000009e-02	1.261999999999999927e-02	1.264000000000000019e-02
1.265999999999999938e-02	1.268000000000000030e-02	1.269999999999999948e-02
1.272000000000000040e-02	1.273999999999999959e-02	1.276000000000000051e-02
1.277999999999999969e-02	1.280000000000000061e-02	1.281999999999999980e-02
1.284000000000000072e-02	1.285999999999999990e-02	1.288000000000000082e-02
1.290000000000000001e-02	1.291999999999999919e-02	1.294000000000000011e-02
1.295999999999999930e-02	1.298000000000000022e-02	1.299999999999999940e-02
1.302000000000000032e-02	1.303999999999999951e-02	1.306000000000000043e-02
1.307999999999999961e-02	1.310000000000000053e-02	1.311999999999999972e-02
1.314000000000000064e-02	1.315999999999999982e-02	1.318000000000000074e-02
1.319999999999999993e-02	1.322000000000000085e-02	1.324000000000000003e-02
1.325999999999999922e-02	1.328000000000000014e-02	1.329999999999999932e-02
1.332000000000000024e-02	1.333999999999999943e-02	1.336000000000000035e-02
1.337999999999999953e-02	1.340000000000000045e-02	1.341999999999999964e-02
1.344000000000000056e-02	1.345999999999999974e-02	1.348000000000000066e-02
1.349999999999999985e-02	1.352000000000000077e-02	1.353999999999999995e-02
1.355999999999999914e-02	1.358000000000000006e-02	1.359999999999999924e-02
1.362000000000000016e-02	1.363999999999999935e-02	1.366000000000000027e-02
1.367999999999999945e-02	1.370000000000000037e-02	1.371999999999999956e-02
1.374000000000000048e-02	1.375999999999999966e-02	1.378000000000000058e-02
1.379999999999999977e-02	1.382000000000000069e-02	1.383999999999999987e-02
1.386000000000000079e-02	1.387999999999999998e-02	1.389999999999999916e-02
1.392000000000000008e-02	1.393999999999999927e-02	1.396000000000000019e-02
1.397999999999999937e-02	1.400000000000000029e-02	1.401999999999999948e-02
1.404000000000000040e-02	1.405999999999999958e-02	1.408000000000000050e-02
1.409999999999999969e-02	1.412000000000000061e-02	1.413999999999999979e-02
1.416000000000000071e-02	1.417999999999999990e-02	1.420000000000000082e-02
1.422000000000000000e-02	1.423999999999999919e-02	1.426000000000000011e-02
1.427999999999999929e-02	1.430000000000000021e-02	1.431999999999999940e-02
1.434000000000000032e-02	1.435999999999999950e-02	1.438000000000000042e-02
1.439999999999999961e-02	1.442000000000000053e-02	1.443999999999999971e-02
1.446000000000000063e-02	1.447999999999999982e-02	1.450000000000000074e-02
1.451999999999999992e-02	1.454000000000000084e-02	1.456000000000000003e-02
1.457999999999999921e-02	1.460000000000000013e-02	1.461999999999999932e-02
1.464000000000000024e-02	1.465999999999999942e-02	1.468000000000000034e-02
1.469999999999999953e-02	1.472000000000000045e-02	1.473999999999999963e-02
1.476000000000000055e-02	1.477999999999999974e-02	1.480000000000000066e-02
1.481999999999999984e-02	1.484000000000000076e-02	1.485999999999999995e-02
1.488000000000000086e-02	1.490000000000000005e-02	1.491999999999999924e-02
1.494000000000000015e-02	1.495999999999999934e-02	1.498000000000000026e-02
1.499999999999999944e-02	1.502000000000000036e-02	1.503999999999999955e-02
1.506000000000000047e-02	1.507999999999999965e-02	1.510000000000000057e-02
1.511999999999999976e-02	1.514000000000000068e-02	1.515999999999999986e-02
1.518000000000000078e-02	1.519999999999999997e-02	1.521999999999999915e-02
1.524000000000000007e-02	1.525999999999999926e-02	1.528000000000000018e-02
1.529999999999999936e-02	1.532000000000000028e-02	1.533999999999999947e-02
1.536000000000000039e-02	1.537999999999999957e-02	1.540000000000000049e-02
1.541999999999999968e-02	1.544000000000000060e-02	1.545999999999999978e-02
1.548000000000000070e-02	1.549999999999999989e-02	1.552000000000000081e-02
1.553999999999999999e-02	1.555999999999999918e-02	1.558000000000000010e-02
1.559999999999999928e-02	1.562000000000000020e-02	1.564000000000000112e-02
1.566000000000000031e-02	1.567999999999999949e-02	1.569999999999999868e-02
1.572000000000000133e-02	1.574000000000000052e-02	1.575999999999999970e-02
1.577999999999999889e-02	1.580000000000000154e-02	1.582000000000000073e-02
1.583999999999999991e-02	1.585999999999999910e-02	1.587999999999999828e-02
1.590000000000000094e-02	1.592000000000000012e-02	1.593999999999999931e-02
1.595999999999999849e-02	1.598000000000000115e-02	1.600000000000000033e-02
1.601999999999999952e-02	1.603999999999999870e-02	1.606000000000000136e-02
1.608000000000000054e-02	1.609999999999999973e-02	1.611999999999999891e-02
1.614000000000000157e-02	1.616000000000000075e-02	1.617999999999999994e-02
1.619999999999999912e-02	1.621999999999999831e-02	1.624000000000000096e-02
1.626000000000000015e-02	1.627999999999999933e-02	1.629999999999999852e-02
1.632000000000000117e-02	1.634000000000000036e-02	1.635999999999999954e-02
1.637999999999999873e-02	1.640000000000000138e-02	1.642000000000000057e-02
1.643999999999999975e-02	1.645999999999999894e-02	1.648000000000000159e-02
1.650000000000000078e-02	1.651999999999999996e-02	1.653999999999999915e-02
1.655999999999999833e-02	1.658000000000000099e-02	1.660000000000000017e-02
1.661999999999999936e-02	1.663999999999999854e-02	1.666000000000000120e-02
1.668000000000000038e-02	1.669999999999999957e-02	1.671999999999999875e-02
1.674000000000000141e-02	1.676000000000000059e-02	1.677999999999999978e-02
1.679999999999999896e-02	1.682000000000000162e-02	1.684000000000000080e-02
1.685999999999999999e-02	1.687999999999999917e-02	1.689999999999999836e-02
1.692000000000000101e-02	1.694000000000000020e-02	1.695999999999999938e-02
1.697999999999999857e-02	1.700000000000000122e-02	1.702000000000000041e-02
1.703999999999999959e-02	1.705999999999999878e-02	1.708000000000000143e-02
1.710000000000000062e-02	1.711999999999999980e-02	1.713999999999999899e-02
1.716000000000000164e-02	1.718000000000000083e-02	1.720000000000000001e-02
1.721999999999999920e-02	1.723999999999999838e-02	1.726000000000000104e-02
1.728000000000000022e-02	1.729999999999999941e-02	1.731999999999999859e-02
1.734000000000000125e-02	1.736000000000000043e-02	1.737999999999999962e-02
1.739999999999999880e-02	1.742000000000000146e-02	1.744000000000000064e-02
1.745999999999999983e-02	1.747999999999999901e-02	1.750000000000000167e-02
1.752000000000000085e-02	1.754000000000000004e-02	1.755999999999999922e-02
1.757999999999999841e-02	1.760000000000000106e-02	1.762000000000000025e-02
1.763999999999999943e-02	1.765999999999999862e-02	1.768000000000000127e-02
1.770000000000000046e-02	1.771999999999999964e-02	1.773999999999999883e-02
1.776000000000000148e-02	1.778000000000000067e-02	1.779999999999999985e-02
1.781999999999999904e-02	1.784000000000000169e-02	1.786000000000000087e-02
1.788000000000000006e-02	1.789999999999999925e-02	1.791999999999999843e-02
1.794000000000000108e-02	1.796000000000000027e-02	1.797999999999999945e-02
1.799999999999999864e-02	1.802000000000000129e-02	1.804000000000000048e-02
1.805999999999999966e-02	1.807999999999999885e-02	1.810000000000000150e-02
1.812000000000000069e-02	1.813999999999999987e-02	1.815999999999999906e-02
1.818000000000000171e-02	1.820000000000000090e-02	1.822000000000000008e-02
1.823999999999999927e-02	1.825999999999999845e-02	1.828000000000000111e-02
1.830000000000000029e-02	1.831999999999999948e-02	1.833999999999999866e-02
1.836000000000000132e-02	1.838000000000000050e-02	1.839999999999999969e-02
1.841999999999999887e-02	1.844000000000000153e-02	1.846000000000000071e-02
1.847999999999999990e-02	1.849999999999999908e-02	1.851999999999999827e-02
1.854000000000000092e-02	1.856000000000000011e-02	1.857999999999999929e-02
1.859999999999999848e-02	1.862000000000000113e-02	1.864000000000000032e-02
1.865999999999999950e-02	1.867999999999999869e-02	1.870000000000000134e-02
1.872000000000000053e-02	1.873999999999999971e-02	1.875999999999999890e-02
1.878000000000000155e-02	1.880000000000000074e-02	1.881999999999999992e-02
1.883999999999999911e-02	1.885999999999999829e-02	1.888000000000000095e-02
1.890000000000000013e-02	1.891999999999999932e-02	1.893999999999999850e-02
1.896000000000000116e-02	1.898000000000000034e-02	1.899999999999999953e-02
1.901999999999999871e-02	1.904000000000000137e-02	1.906000000000000055e-02
1.907999999999999974e-02	1.909999999999999892e-02	1.912000000000000158e-02
1.914000000000000076e-02	1.915999999999999995e-02	1.917999999999999913e-02
1.919999999999999832e-02	1.922000000000000097e-02	1.924000000000000016e-02
1.925999999999999934e-02	1.927999999999999853e-02	1.930000000000000118e-02
1.932000000000000037e-02	1.933999999999999955e-02	1.935999999999999874e-02
1.938000000000000139e-02	1.940000000000000058e-02	1.941999999999999976e-02
1.943999999999999895e-02	1.946000000000000160e-02	1.948000000000000079e-02
1.949999999999999997e-02	1.951999999999999916e-02	1.953999999999999834e-02
1.956000000000000100e-02	1.958000000000000018e-02	1.959999999999999937e-02
1.961999999999999855e-02	1.964000000000000121e-02	1.966000000000000039e-02
1.967999999999999958e-02	1.969999999999999876e-02	1.972000000000000142e-02
1.974000000000000060e-02	1.975999999999999979e-02	1.977999999999999897e-02
1.980000000000000163e-02	1.982000000000000081e-02	1.984000000000000000e-02
1.985999999999999918e-02	1.987999999999999837e-02	1.990000000000000102e-02
1.992000000000000021e-02	1.993999999999999939e-02	1.995999999999999858e-02
1.998000000000000123e-02	2.000000000000000042e-02	2.001999999999999960e-02
2.003999999999999879e-02	2.006000000000000144e-02	2.008000000000000063e-02
2.009999999999999981e-02	2.011999999999999900e-02	2.014000000000000165e-02
2.016000000000000084e-02	2.018000000000000002e-02	2.019999999999999921e-02
2.021999999999999839e-02	2.024000000000000105e-02	2.026000000000000023e-02
2.027999999999999942e-02	2.029999999999999860e-02	2.032000000000000126e-02
2.034000000000000044e-02	2.035999999999999963e-02	2.037999999999999881e-02
2.040000000000000147e-02	2.042000000000000065e-02	2.043999999999999984e-02
2.045999999999999902e-02	2.048000000000000168e-02	2.050000000000000086e-02
2.052000000000000005e-02	2.053999999999999923e-02	2.055999999999999842e-02
2.058000000000000107e-02	2.060000000000000026e-02	2.061999999999999944e-02
2.063999999999999863e-02	2.066000000000000128e-02	2.068000000000000047e-02
2.069999999999999965e-02	2.071999999999999884e-02	2.074000000000000149e-02
2.076000000000000068e-02	2.077999999999999986e-02	2.079999999999999905e-02
2.082000000000000170e-02	2.084000000000000088e-02	2.086000000000000007e-02
2.087999999999999926e-02	2.089999999999999844e-02	2.092000000000000109e-02
2.094000000000000028e-02	2.095999999999999946e-02	2.097999999999999865e-02
2.100000000000000130e-02	2.102000000000000049e-02	2.103999999999999967e-02
2.105999999999999886e-02	2.108000000000000151e-02	2.110000000000000070e-02
2.111999999999999988e-02	2.113999999999999907e-02	2.116000000000000172e-02
2.118000000000000091e-02	2.120000000000000009e-02	2.121999999999999928e-02
2.123999999999999846e-02	2.126000000000000112e-02	2.128000000000000030e-02
2.129999999999999949e-02	2.131999999999999867e-02	2.134000000000000133e-02
2.136000000000000051e-02	2.137999999999999970e-02	2.139999999999999888e-02
2.142000000000000154e-02	2.144000000000000072e-02	2.145999999999999991e-02
2.147999999999999909e-02	2.149999999999999828e-02	2.152000000000000093e-02
2.154000000000000012e-02	2.155999999999999930e-02	2.157999999999999849e-02
2.160000000000000114e-02	2.162000000000000033e-02	2.163999999999999951e-02
2.165999999999999870e-02	2.168000000000000135e-02	2.170000000000000054e-02
2.171999999999999972e-02	2.173999999999999891e-02	2.176000000000000156e-02
2.178000000000000075e-02	2.179999999999999993e-02	2.181999999999999912e-02
2.183999999999999830e-02	2.186000000000000096e-02	2.188000000000000014e-02
2.189999999999999933e-02	2.191999999999999851e-02	2.194000000000000117e-02
2.196000000000000035e-02	2.197999999999999954e-02	2.199999999999999872e-02
2.202000000000000138e-02	2.204000000000000056e-02	2.205999999999999975e-02
2.207999999999999893e-02	2.210000000000000159e-02	2.212000000000000077e-02
2.213999999999999996e-02	2.215999999999999914e-02	2.217999999999999833e-02
2.220000000000000098e-02	2.222000000000000017e-02	2.223999999999999935e-02
2.225999999999999854e-02	2.228000000000000119e-02	2.230000000000000038e-02
2.231999999999999956e-02	2.233999999999999875e-02	2.236000000000000140e-02
2.238000000000000059e-02	2.239999999999999977e-02	2.241999999999999896e-02
2.244000000000000161e-02	2.246000000000000080e-02	2.247999999999999998e-02
2.249999999999999917e-02	2.251999999999999835e-02	2.254000000000000101e-02
2.256000000000000019e-02	2.257999999999999938e-02	2.259999999999999856e-02
2.262000000000000122e-02	2.264000000000000040e-02	2.265999999999999959e-02
2.267999999999999877e-02	2.270000000000000143e-02	2.272000000000000061e-02
2.273999999999999980e-02	2.275999999999999898e-02	2.278000000000000164e-02
2.280000000000000082e-02	2.282000000000000001e-02	2.283999999999999919e-02
2.285999999999999838e-02	2.288000000000000103e-02	2.290000000000000022e-02
2.291999999999999940e-02	2.293999999999999859e-02	2.296000000000000124e-02
2.298000000000000043e-02	2.299999999999999961e-02	2.301999999999999880e-02
2.304000000000000145e-02	2.306000000000000064e-02	2.307999999999999982e-02
2.309999999999999901e-02	2.312000000000000166e-02	2.314000000000000085e-02
2.316000000000000003e-02	2.317999999999999922e-02	2.319999999999999840e-02
2.322000000000000106e-02	2.324000000000000024e-02	2.325999999999999943e-02
2.327999999999999861e-02	2.330000000000000127e-02	2.332000000000000045e-02
2.333999999999999964e-02	2.335999999999999882e-02	2.338000000000000148e-02
2.340000000000000066e-02	2.341999999999999985e-02	2.343999999999999903e-02
2.346000000000000169e-02	2.348000000000000087e-02	2.350000000000000006e-02
2.351999999999999924e-02	2.353999999999999843e-02	2.356000000000000108e-02
2.358000000000000027e-02	2.359999999999999945e-02	2.361999999999999864e-02
2.364000000000000129e-02	2.366000000000000048e-02	2.367999999999999966e-02
2.369999999999999885e-02	2.372000000000000150e-02	2.374000000000000069e-02
2.375999999999999987e-02	2.377999999999999906e-02	2.380000000000000171e-02
2.382000000000000089e-02	2.384000000000000008e-02	2.385999999999999927e-02
2.387999999999999845e-02	2.390000000000000110e-02	2.392000000000000029e-02
2.393999999999999947e-02	2.395999999999999866e-02	2.398000000000000131e-02
2.400000000000000050e-02	2.401999999999999968e-02	2.403999999999999887e-02
2.406000000000000152e-02	2.408000000000000071e-02	2.409999999999999989e-02
2.411999999999999908e-02	2.414000000000000173e-02	2.416000000000000092e-02
2.418000000000000010e-02	2.419999999999999929e-02	2.421999999999999847e-02
2.424000000000000113e-02	2.426000000000000031e-02	2.427999999999999950e-02
2.429999999999999868e-02	2.432000000000000134e-02	2.434000000000000052e-02
2.435999999999999971e-02	2.437999999999999889e-02	2.440000000000000155e-02
2.442000000000000073e-02	2.443999999999999992e-02	2.445999999999999910e-02
2.447999999999999829e-02	2.450000000000000094e-02	2.452000000000000013e-02
2.453999999999999931e-02	2.455999999999999850e-02	2.458000000000000115e-02
2.460000000000000034e-02	2.461999999999999952e-02	2.463999999999999871e-02
2.466000000000000136e-02	2.468000000000000055e-02	2.469999999999999973e-02
2.471999999999999892e-02	2.474000000000000157e-02	2.476000000000000076e-02
2.477999999999999994e-02	2.479999999999999913e-02	2.481999999999999831e-02
2.484000000000000097e-02	2.486000000000000015e-02	2.487999999999999934e-02
2.489999999999999852e-02	2.492000000000000118e-02	2.494000000000000036e-02
2.495999999999999955e-02	2.497999999999999873e-02	2.500000000000000139e-02
2.502000000000000057e-02	2.503999999999999976e-02	2.505999999999999894e-02
2.508000000000000160e-02	2.510000000000000078e-02	2.511999999999999997e-02
2.513999999999999915e-02	2.515999999999999834e-02	2.518000000000000099e-02
2.520000000000000018e-02	2.521999999999999936e-02	2.523999999999999855e-02
2.526000000000000120e-02	2.528000000000000039e-02	2.529999999999999957e-02
2.531999999999999876e-02	2.534000000000000141e-02	2.536000000000000060e-02
2.537999999999999978e-02	2.539999999999999897e-02	2.542000000000000162e-02
2.544000000000000081e-02	2.545999999999999999e-02	2.547999999999999918e-02
2.549999999999999836e-02	2.552000000000000102e-02	2.554000000000000020e-02
2.555999999999999939e-02	2.557999999999999857e-02	2.560000000000000123e-02
2.562000000000000041e-02	2.563999999999999960e-02	2.565999999999999878e-02
2.568000000000000144e-02	2.570000000000000062e-02	2.571999999999999981e-02
2.573999999999999899e-02	2.576000000000000165e-02	2.578000000000000083e-02
2.580000000000000002e-02	2.581999999999999920e-02	2.583999999999999839e-02
2.586000000000000104e-02	2.588000000000000023e-02	2.589999999999999941e-02
2.591999999999999860e-02	2.594000000000000125e-02	2.596000000000000044e-02
2.597999999999999962e-02	2.599999999999999881e-02	2.602000000000000146e-02
2.604000000000000065e-02	2.605999999999999983e-02	2.607999999999999902e-02
2.610000000000000167e-02	2.612000000000000086e-02	2.614000000000000004e-02
2.615999999999999923e-02	2.617999999999999841e-02	2.620000000000000107e-02
2.622000000000000025e-02	2.623999999999999944e-02	2.625999999999999862e-02
2.628000000000000128e-02	2.630000000000000046e-02	2.631999999999999965e-02
2.633999999999999883e-02	2.636000000000000149e-02	2.638000000000000067e-02
2.639999999999999986e-02	2.641999999999999904e-02	2.644000000000000170e-02
2.646000000000000088e-02	2.648000000000000007e-02	2.649999999999999925e-02
2.651999999999999844e-02	2.654000000000000109e-02	2.656000000000000028e-02
2.657999999999999946e-02	2.659999999999999865e-02	2.662000000000000130e-02
2.664000000000000049e-02	2.665999999999999967e-02	2.667999999999999886e-02
2.670000000000000151e-02	2.672000000000000069e-02	2.673999999999999988e-02
2.675999999999999907e-02	2.678000000000000172e-02	2.680000000000000090e-02
2.682000000000000009e-02	2.683999999999999928e-02	2.685999999999999846e-02
2.688000000000000111e-02	2.690000000000000030e-02	2.691999999999999948e-02
2.693999999999999867e-02	2.696000000000000132e-02	2.698000000000000051e-02
2.699999999999999969e-02	2.701999999999999888e-02	2.704000000000000153e-02
2.706000000000000072e-02	2.707999999999999990e-02	2.709999999999999909e-02
2.711999999999999827e-02	2.714000000000000093e-02	2.716000000000000011e-02
2.717999999999999930e-02	2.719999999999999848e-02	2.722000000000000114e-02
2.724000000000000032e-02	2.725999999999999951e-02	2.727999999999999869e-02
2.730000000000000135e-02	2.732000000000000053e-02	2.733999999999999972e-02
2.735999999999999890e-02	2.738000000000000156e-02	2.740000000000000074e-02
2.741999999999999993e-02	2.743999999999999911e-02	2.745999999999999830e-02
2.748000000000000095e-02	2.750000000000000014e-02	2.751999999999999932e-02
2.753999999999999851e-02	2.756000000000000116e-02	2.758000000000000035e-02
2.759999999999999953e-02	2.761999999999999872e-02	2.764000000000000137e-02
2.766000000000000056e-02	2.767999999999999974e-02	2.769999999999999893e-02
2.772000000000000158e-02	2.774000000000000077e-02	2.775999999999999995e-02
2.777999999999999914e-02	2.779999999999999832e-02	2.782000000000000098e-02
2.784000000000000016e-02	2.785999999999999935e-02	2.787999999999999853e-02
2.790000000000000119e-02	2.792000000000000037e-02	2.793999999999999956e-02
2.795999999999999874e-02	2.798000000000000140e-02	2.800000000000000058e-02
2.801999999999999977e-02	2.803999999999999895e-02	2.806000000000000161e-02
2.808000000000000079e-02	2.809999999999999998e-02	2.811999999999999916e-02
2.813999999999999835e-02	2.816000000000000100e-02	2.818000000000000019e-02
2.819999999999999937e-02	2.821999999999999856e-02	2.824000000000000121e-02
2.826000000000000040e-02	2.827999999999999958e-02	2.829999999999999877e-02
2.832000000000000142e-02	2.834000000000000061e-02	2.835999999999999979e-02
2.837999999999999898e-02	2.840000000000000163e-02	2.842000000000000082e-02
2.844000000000000000e-02	2.845999999999999919e-02	2.847999999999999837e-02
2.850000000000000103e-02	2.852000000000000021e-02	2.853999999999999940e-02
2.855999999999999858e-02	2.858000000000000124e-02	2.860000000000000042e-02
2.861999999999999961e-02	2.863999999999999879e-02	2.866000000000000145e-02
2.868000000000000063e-02	2.869999999999999982e-02	2.871999999999999900e-02
2.874000000000000166e-02	2.876000000000000084e-02	2.878000000000000003e-02
2.879999999999999921e-02	2.881999999999999840e-02	2.884000000000000105e-02
2.886000000000000024e-02	2.887999999999999942e-02	2.889999999999999861e-02
2.892000000000000126e-02	2.894000000000000045e-02	2.895999999999999963e-02
2.897999999999999882e-02	2.900000000000000147e-02	2.902000000000000066e-02
2.903999999999999984e-02	2.905999999999999903e-02	2.908000000000000168e-02
2.910000000000000087e-02	2.912000000000000005e-02	2.913999999999999924e-02
2.915999999999999842e-02	2.918000000000000108e-02	2.920000000000000026e-02
2.921999999999999945e-02	2.923999999999999863e-02	2.926000000000000129e-02
2.928000000000000047e-02	2.929999999999999966e-02	2.931999999999999884e-02
2.934000000000000150e-02	2.936000000000000068e-02	2.937999999999999987e-02
2.939999999999999905e-02	2.942000000000000171e-02	2.944000000000000089e-02
2.946000000000000008e-02	2.947999999999999926e-02	2.949999999999999845e-02
2.952000000000000110e-02	2.954000000000000029e-02	2.955999999999999947e-02
2.957999999999999866e-02	2.960000000000000131e-02	2.962000000000000050e-02
2.963999999999999968e-02	2.965999999999999887e-02	2.968000000000000152e-02
2.970000000000000070e-02	2.971999999999999989e-02	2.973999999999999908e-02
2.976000000000000173e-02	2.978000000000000091e-02	2.980000000000000010e-02
2.981999999999999929e-02	2.983999999999999847e-02	2.986000000000000112e-02
2.988000000000000031e-02	2.989999999999999949e-02	2.991999999999999868e-02
2.994000000000000133e-02	2.996000000000000052e-02	2.997999999999999970e-02
2.999999999999999889e-02	3.002000000000000154e-02	3.004000000000000073e-02
3.005999999999999991e-02	3.007999999999999910e-02	3.009999999999999828e-02
3.012000000000000094e-02	3.014000000000000012e-02	3.015999999999999931e-02
3.017999999999999849e-02	3.020000000000000115e-02	3.022000000000000033e-02
3.023999999999999952e-02	3.025999999999999870e-02	3.028000000000000136e-02
3.030000000000000054e-02	3.031999999999999973e-02	3.033999999999999891e-02
3.036000000000000157e-02	3.038000000000000075e-02	-2.892263312088815680e-04
-2.892263312088815680e-04	1.502267937911184429e-04	-2.403982062088815788e-04
1.502267937911184429e-04	-2.159841437088815843e-04	1.746408562911184374e-04
-1.915700812088815897e-04	1.990549187911184320e-04	-1.671560187088815680e-04
2.234689812911184537e-04	-1.671560187088815680e-04	2.478830437911184212e-04
-1.183278937088815788e-04	2.722971062911184429e-04	-9.391383120888157070e-05
2.967111687911184645e-04	-6.949976870888157612e-05	2.967111687911184645e-04
-6.949976870888157612e-05	2.967111687911184645e-04	-6.949976870888157612e-05
2.722971062911184429e-04	-1.183278937088815788e-04	2.234689812911184537e-04
-1.427419562088815734e-04	1.746408562911184374e-04	-2.159841437088815843e-04
1.013986687911184401e-04	-2.892263312088815680e-04	5.257054379111843743e-05
-3.624685187088815788e-04	-2.067164370888157002e-05	-4.357107062088815897e-04
-9.391383120888157070e-05	-5.089528937088815463e-04	-1.915700812088815897e-04
-6.066091437088816330e-04	-2.648122687088816005e-04	-7.042653937088816114e-04
-3.380544562088816114e-04	-7.530935187088816547e-04	-3.868825812088816005e-04
-8.263357062088816114e-04	-4.357107062088815897e-04	-8.507497687088816330e-04
-4.845388312088815788e-04	-8.995778937088815680e-04	-5.577810187088815897e-04
-9.484060187088816114e-04	-6.066091437088816330e-04	-9.972341437088816547e-04
-6.798513312088815897e-04	-1.046062268708881698e-03	-7.286794562088816330e-04
-1.094890393708881525e-03	-8.019216437088815897e-04	-1.143718518708881568e-03
-8.507497687088816330e-04	-1.216960706208881741e-03	-9.239919562088815897e-04
-1.290202893708881698e-03	-9.972341437088816547e-04	-1.339031018708881741e-03
-1.046062268708881698e-03	-1.436687268708881611e-03	-1.119304456208881655e-03
-1.485515393708881655e-03	-1.216960706208881741e-03	-1.583171643708881741e-03
-1.265788831208881568e-03	-1.680827893708881611e-03	-1.339031018708881741e-03
-1.754070081208881568e-03	-1.387859143708881568e-03	-1.851726331208881655e-03
-1.485515393708881655e-03	-1.949382581208881741e-03	-1.583171643708881741e-03
-2.047038831208881828e-03	-1.680827893708881611e-03	-2.144695081208881481e-03
-1.802898206208881611e-03	-2.217937268708881655e-03	-1.900554456208881698e-03
-2.340007581208881655e-03	-1.998210706208881568e-03	-2.413249768708881828e-03
-2.071452893708881741e-03	-2.486491956208881568e-03	-2.144695081208881481e-03
-2.559734143708881741e-03	-2.217937268708881655e-03	-2.657390393708881828e-03
-2.340007581208881655e-03	-2.755046643708881915e-03	-2.462077893708881655e-03
-2.877116956208881915e-03	-2.608562268708881568e-03	-3.023601331208881828e-03
-2.803874768708881741e-03	-3.218913831208882002e-03	-2.974773206208881568e-03
-3.414226331208882175e-03	-3.170085706208882175e-03	-3.609538831208881915e-03
-3.389812268708882262e-03	-3.853679456208881915e-03	-3.609538831208881915e-03
-4.073406018708882435e-03	-3.829265393708882002e-03	-4.268718518708881741e-03
-4.073406018708882435e-03	-4.512859143708881741e-03	-4.293132581208882088e-03
-4.756999768708882609e-03	-4.537273206208882088e-03	-5.001140393708882609e-03
-4.805827893708882435e-03	-5.294109143708882435e-03	-5.098796643708882262e-03
-5.611491956208882609e-03	-5.440593518708881915e-03	-5.977702893708882609e-03
-5.757976331208882088e-03	-6.343913831208882609e-03	-6.099773206208882609e-03
-6.685710706208882262e-03	-6.417156018708881915e-03	-6.978679456208882088e-03
-6.710124768708882609e-03	-7.222820081208882088e-03	-6.978679456208882088e-03
-7.466960706208882088e-03	-7.198406018708882609e-03	-7.686687268708882609e-03
-7.491374768708882435e-03	-7.979656018708881568e-03	-7.784343518708882262e-03
-8.272624768708882262e-03	-8.101726331208881568e-03	-8.590007581208881568e-03
-8.443523206208882956e-03	-8.931804456208882956e-03	-8.760906018708882262e-03
-9.273601331208882609e-03	-9.102702893708881915e-03	-9.615398206208882262e-03
-9.420085706208882956e-03	-9.957195081208881915e-03	-9.761882581208882609e-03
-1.029899195620888330e-02	-1.012809351870888261e-02	-1.066520289370888330e-02
-1.049430445620888261e-02	-1.108024195620888226e-02	-1.095817164370888226e-02
-1.154410914370888191e-02	-1.144645289370888226e-02	-1.203239039370888191e-02
-1.195914820620888261e-02	-1.259391383120888122e-02	-1.252067164370888191e-02
-1.315543726870888053e-02	-1.308219508120888122e-02	-1.371696070620888157e-02
-1.364371851870888053e-02	-1.430289820620888122e-02	-1.418082789370888122e-02
-1.488883570620888087e-02	-1.471793726870888191e-02	-1.545035914370888191e-02
-1.525504664370888087e-02	-1.601188258120888122e-02	-1.581657008120888191e-02
-1.657340601870888053e-02	-1.642692164370888191e-02	-1.718375758120888053e-02
-1.706168726870888053e-02	-1.784293726870888122e-02	-1.779410914370888053e-02
-1.857535914370888122e-02	-1.852653101870888053e-02	-1.935660914370888191e-02
-1.933219508120888330e-02	-2.016227320620888122e-02	-2.016227320620888122e-02
-2.101676539370888122e-02	-2.099235133120888261e-02	-2.187125758120888122e-02
-2.184684351870888261e-02	-2.272574976870888122e-02	-2.272574976870888122e-02
-2.362907008120888191e-02	-2.360465601870888330e-02	-2.453239039370888261e-02
-2.455680445620888122e-02	-2.546012476870888191e-02	-2.550895289370888261e-02
-2.646110133120888053e-02	-2.653434351870888330e-02	-2.751090601870888330e-02
-2.760856226870888122e-02	-2.858512476870888122e-02	-2.865836695620888053e-02
-2.958610133120888330e-02	-2.963492945620888053e-02	-3.053824976870888122e-02
-3.058707789370888191e-02	-3.136832789370887914e-02	-3.139274195620888469e-02
-3.202750758120888330e-02	-3.200309351870888469e-02	-3.249137476870888469e-02
-3.232047633120888053e-02	-3.271110133120887914e-02	-3.222282008120887914e-02
-3.266227320620888191e-02	-3.175895289370888469e-02	-3.236930445620888469e-02
-3.095328883120888191e-02	-3.175895289370888469e-02	-2.990348414370888261e-02
-3.092887476870888330e-02	-2.868278101870888261e-02	-2.983024195620888330e-02
-2.731559351870888053e-02	-2.858512476870888122e-02	-2.587516383120888261e-02
-2.721793726870888261e-02	-2.438590601870888053e-02	-2.580192164370888330e-02
-2.284782008120888122e-02	-2.428824976870888261e-02	-2.126090601870888122e-02
-2.275016383120888330e-02	-1.974723414370888053e-02	-2.121207789370888053e-02
-1.825797633120888191e-02	-1.972282008120888191e-02	-1.686637476870888122e-02
-1.818473414370888261e-02	-1.547477320620888053e-02	-1.674430445620888122e-02
-1.418082789370888122e-02	-1.537711695620888087e-02	-1.303336695620888053e-02
-1.410758570620888191e-02	-1.198356226870888296e-02	-1.296012476870888122e-02
-1.105582789370888191e-02	-1.191032008120888191e-02	-1.027457789370888296e-02
-1.103141383120888330e-02	-9.590984143708881915e-03	-1.025016383120888261e-02
-9.053874768708882956e-03	-9.615398206208882262e-03	-8.590007581208881568e-03
-9.078288831208881568e-03	-8.174968518708882609e-03	-8.663249768708882609e-03
-7.857585706208881568e-03	-8.321452893708882956e-03	-7.564616956208882609e-03
-8.004070081208881915e-03	-7.271648206208881915e-03	-7.711101331208882088e-03
-7.027507581208881915e-03	-7.466960706208882088e-03	-6.783366956208881915e-03
-7.247234143708882435e-03	-6.588054456208882609e-03	-7.027507581208881915e-03
-6.417156018708881915e-03	-6.832195081208882609e-03	-6.246257581208882088e-03
-6.661296643708881915e-03	-6.075359143708882262e-03	-6.539226331208881915e-03
-5.928874768708881915e-03	-6.368327893708882088e-03	-5.757976331208882088e-03
-6.173015393708881915e-03	-5.538249768708882435e-03	-5.977702893708882609e-03
-5.294109143708882435e-03	-5.733562268708882609e-03	-5.025554456208882088e-03
-5.465007581208882262e-03	-4.732585706208882262e-03	-5.172038831208882435e-03
-4.415202893708882088e-03	-4.854656018708882262e-03	-4.097820081208881915e-03
-4.561687268708882435e-03	-3.804851331208882088e-03	-4.268718518708881741e-03
-3.487468518708881915e-03	-3.975749768708881915e-03	-3.194499768708882088e-03
-3.707195081208882002e-03	-2.901531018708881828e-03	-3.414226331208882175e-03
-2.608562268708881568e-03	-3.096843518708881568e-03	-2.315593518708881741e-03
-2.803874768708881741e-03	-2.022624768708881481e-03	-2.486491956208881568e-03
-1.754070081208881568e-03	-2.193523206208881741e-03	-1.509929456208881568e-03
-1.924968518708881611e-03	-1.290202893708881698e-03	-1.705241956208881741e-03
-1.070476331208881611e-03	-1.485515393708881655e-03	-8.995778937088815680e-04
-1.314616956208881611e-03	-7.775075812088815680e-04	-1.192546643708881611e-03
-6.310232062088816547e-04	-1.070476331208881611e-03	-5.089528937088815463e-04
-9.484060187088816114e-04	-4.112966437088815680e-04	-8.751638312088816547e-04
-3.136403937088815897e-04	-7.775075812088815680e-04	-2.403982062088815788e-04
-7.286794562088816330e-04	-2.159841437088815843e-04	-6.798513312088815897e-04
-2.159841437088815843e-04	-6.798513312088815897e-04	-2.159841437088815843e-04
-6.798513312088815897e-04	-2.648122687088816005e-04	-7.042653937088816114e-04
-2.892263312088815680e-04	-7.042653937088816114e-04	-3.380544562088816114e-04
-7.530935187088816547e-04	-3.624685187088815788e-04	-7.530935187088816547e-04
-3.624685187088815788e-04	-7.775075812088815680e-04	-3.868825812088816005e-04
-7.775075812088815680e-04	-3.868825812088816005e-04	-7.775075812088815680e-04
-3.624685187088815788e-04	-7.530935187088816547e-04	-3.624685187088815788e-04
-7.530935187088816547e-04	-3.380544562088816114e-04	-7.286794562088816330e-04
-3.380544562088816114e-04	-7.530935187088816547e-04	-3.380544562088816114e-04
-7.775075812088815680e-04	-3.624685187088815788e-04	-8.019216437088815897e-04
-3.868825812088816005e-04	-8.507497687088816330e-04	-4.112966437088815680e-04
-8.995778937088815680e-04	-4.112966437088815680e-04	-9.239919562088815897e-04
-3.868825812088816005e-04	-9.239919562088815897e-04	-3.380544562088816114e-04
-8.751638312088816547e-04	-2.648122687088816005e-04	-8.019216437088815897e-04
-1.671560187088815680e-04	-6.798513312088815897e-04	-4.508570620888156799e-05
-5.333669562088815680e-04	1.258127312911184483e-04	-3.624685187088815788e-04
2.722971062911184429e-04	-1.915700812088815897e-04	4.187814812911184645e-04
3.742418791118432178e-06	5.896799187911184537e-04	1.502267937911184429e-04
7.117502312911184537e-04	2.722971062911184429e-04	8.094064812911184320e-04
3.943674187911184429e-04	9.070627312911185187e-04	4.676096062911184537e-04
9.803049187911184754e-04	5.652658562911184320e-04	1.053547106291118432e-03
6.385080437911184971e-04	1.126789293791118389e-03	7.117502312911184537e-04
1.200031481291118562e-03	7.849924187911185187e-04	1.248859606291118605e-03
8.582346062911184754e-04	1.297687731291118432e-03	8.826486687911184971e-04
1.322101793791118562e-03	8.826486687911184971e-04	1.322101793791118562e-03
8.826486687911184971e-04	1.322101793791118562e-03	8.582346062911184754e-04
1.322101793791118562e-03	8.094064812911184320e-04	1.297687731291118432e-03
7.605783562911184971e-04	1.297687731291118432e-03	7.361642937911184754e-04
1.273273668791118519e-03	7.117502312911184537e-04	1.224445543791118475e-03
6.873361687911184320e-04	1.175617418791118432e-03	6.629221062911185187e-04
1.102375231291118475e-03	6.385080437911184971e-04	1.053547106291118432e-03
5.896799187911184537e-04	9.803049187911184754e-04	5.164377312911184971e-04
9.070627312911185187e-04	4.676096062911184537e-04	8.338205437911184537e-04
4.187814812911184645e-04	7.605783562911184971e-04	3.699533562911184754e-04
7.117502312911184537e-04	2.967111687911184645e-04	6.629221062911185187e-04
2.722971062911184429e-04	6.140939812911184754e-04	2.234689812911184537e-04
6.140939812911184754e-04	1.990549187911184320e-04	6.140939812911184754e-04
1.990549187911184320e-04	6.140939812911184754e-04	1.990549187911184320e-04
6.385080437911184971e-04	1.990549187911184320e-04	6.873361687911184320e-04
2.234689812911184537e-04	7.361642937911184754e-04	2.722971062911184429e-04
8.094064812911184320e-04	3.455392937911184537e-04	8.826486687911184971e-04
4.431955437911184320e-04	9.803049187911184754e-04	5.164377312911184971e-04
1.077961168791118562e-03	6.140939812911184754e-04	1.200031481291118562e-03
7.361642937911184754e-04	1.297687731291118432e-03	8.582346062911184754e-04
1.419758043791118432e-03	1.004718981291118389e-03	1.541828356291118432e-03
1.151203356291118519e-03	1.688312731291118562e-03	1.322101793791118562e-03
1.834797106291118475e-03	1.444172106291118562e-03	2.005695543791118519e-03
1.590656481291118475e-03	2.127765856291118519e-03	1.761554918791118519e-03
2.274250231291118432e-03	1.883625231291118519e-03	2.371906481291118519e-03
2.005695543791118519e-03	2.493976793791118519e-03	2.103351793791118605e-03
2.542804918791118779e-03	2.176593981291118345e-03	2.640461168791118432e-03
2.249836168791118519e-03	2.689289293791118692e-03	2.323078356291118692e-03
2.738117418791118519e-03	2.371906481291118519e-03	2.811359606291118692e-03
2.445148668791118692e-03	2.884601793791118432e-03	2.518390856291118432e-03
2.933429918791118692e-03	2.567218981291118692e-03	2.982258043791118519e-03
2.616047106291118519e-03	3.006672106291118432e-03	2.616047106291118519e-03
3.006672106291118432e-03	2.640461168791118432e-03	3.031086168791118779e-03
2.664875231291118779e-03	3.006672106291118432e-03	2.664875231291118779e-03
3.031086168791118779e-03	2.689289293791118692e-03	3.055500231291118692e-03
2.713703356291118605e-03	3.055500231291118692e-03	2.738117418791118519e-03
3.104328356291118519e-03	2.762531481291118432e-03	3.128742418791118432e-03
2.786945543791118779e-03	3.128742418791118432e-03	2.811359606291118692e-03
3.128742418791118432e-03	2.811359606291118692e-03	3.153156481291118345e-03
2.835773668791118605e-03	3.177570543791118259e-03	2.835773668791118605e-03
3.201984606291118172e-03	2.884601793791118432e-03	3.226398668791118085e-03
2.909015856291118779e-03	3.250812731291118432e-03	2.933429918791118692e-03
3.299640856291118259e-03	2.982258043791118519e-03	3.324054918791118172e-03
3.006672106291118432e-03	3.348468981291118085e-03	3.031086168791118779e-03
3.397297106291118345e-03	3.079914293791118605e-03	3.446125231291118172e-03
3.104328356291118519e-03	3.494953356291118432e-03	3.177570543791118259e-03
3.543781481291118259e-03	3.201984606291118172e-03	3.617023668791118432e-03
3.275226793791118345e-03	3.641437731291118345e-03	3.324054918791118172e-03
3.714679918791118085e-03	3.372883043791118432e-03	3.763508043791118345e-03
3.421711168791118259e-03	3.812336168791118172e-03	3.470539293791118085e-03
3.836750231291118085e-03	3.494953356291118432e-03	3.836750231291118085e-03
3.519367418791118345e-03	3.836750231291118085e-03	3.494953356291118432e-03
3.836750231291118085e-03	3.494953356291118432e-03	3.812336168791118172e-03
3.470539293791118085e-03	3.812336168791118172e-03	3.470539293791118085e-03
3.787922106291118259e-03	3.470539293791118085e-03	3.812336168791118172e-03
3.470539293791118085e-03	3.812336168791118172e-03	3.494953356291118432e-03
3.836750231291118085e-03	3.519367418791118345e-03	3.861164293791118432e-03
3.519367418791118345e-03	3.885578356291118345e-03	3.543781481291118259e-03
3.934406481291118605e-03	3.568195543791118172e-03	3.983234606291118432e-03
3.641437731291118345e-03	4.056476793791118605e-03	3.690265856291118172e-03
4.129718981291117912e-03	3.763508043791118345e-03	4.227375231291118432e-03
3.836750231291118085e-03	4.325031481291118085e-03	3.934406481291118605e-03
4.447101793791118085e-03	4.032062731291118259e-03	4.544758043791118605e-03
4.154133043791118259e-03	4.618000231291117912e-03	4.227375231291118432e-03
4.691242418791118085e-03	4.300617418791118605e-03	4.740070543791118779e-03
4.349445543791118432e-03	4.740070543791118779e-03	4.373859606291117912e-03
4.764484606291118259e-03	4.398273668791118259e-03	4.788898668791118605e-03
4.398273668791118259e-03	4.837726793791118432e-03	4.422687731291118605e-03
4.886554918791118259e-03	4.471515856291118432e-03	4.935383043791118085e-03
4.495929918791117912e-03	4.984211168791118779e-03	4.569172106291118085e-03
5.057453356291118085e-03	4.642414293791118259e-03	5.130695543791118259e-03
4.740070543791118779e-03	5.203937731291118432e-03	4.813312731291118085e-03
5.301593981291118085e-03	4.910968981291118605e-03	5.374836168791118259e-03
5.008625231291118259e-03	5.423664293791118085e-03	5.081867418791118432e-03
5.472492418791118779e-03	5.130695543791118259e-03	5.496906481291118259e-03
5.155109606291118605e-03	5.496906481291118259e-03	5.179523668791118085e-03
5.521320543791118605e-03	5.179523668791118085e-03	5.570148668791118432e-03
5.179523668791118085e-03	5.594562731291118779e-03	5.203937731291118432e-03
5.643390856291118605e-03	5.252765856291118259e-03	5.692218981291118432e-03
5.301593981291118085e-03	5.789875231291118085e-03	5.374836168791118259e-03
5.838703356291118779e-03	5.448078356291118432e-03	5.911945543791118085e-03
5.521320543791118605e-03	6.009601793791118605e-03	5.594562731291118779e-03
6.058429918791118432e-03	5.643390856291118605e-03	6.107258043791118259e-03
5.692218981291118432e-03	6.156086168791118085e-03	5.716633043791118779e-03
6.156086168791118085e-03	5.692218981291118432e-03	6.131672106291118605e-03
5.667804918791118085e-03	6.107258043791118259e-03	5.643390856291118605e-03
6.034015856291118085e-03	5.594562731291118779e-03	5.936359606291118432e-03
5.521320543791118605e-03	5.863117418791118259e-03	5.472492418791118779e-03
5.814289293791118432e-03	5.399250231291118605e-03	5.716633043791118779e-03
5.301593981291118085e-03	5.643390856291118605e-03	5.228351793791118779e-03
5.570148668791118432e-03	5.179523668791118085e-03	5.521320543791118605e-03
5.106281481291118779e-03	5.472492418791118779e-03	5.081867418791118432e-03
5.472492418791118779e-03	5.081867418791118432e-03	5.521320543791118605e-03
5.106281481291118779e-03	5.570148668791118432e-03	5.155109606291118605e-03
5.643390856291118605e-03	5.228351793791118779e-03	5.716633043791118779e-03
5.301593981291118085e-03	5.814289293791118432e-03	5.350422106291118779e-03
5.911945543791118085e-03	5.448078356291118432e-03	6.009601793791118605e-03
5.521320543791118605e-03	6.131672106291118605e-03	5.618976793791118259e-03
6.278156481291118085e-03	5.765461168791118605e-03	6.473468981291118259e-03
5.936359606291118432e-03	6.693195543791118779e-03	6.156086168791118085e-03
6.912922106291118432e-03	6.375812731291118605e-03	7.157062731291118432e-03
6.644367418791118085e-03	7.401203356291118432e-03	6.912922106291118432e-03
7.645343981291118432e-03	7.157062731291118432e-03	7.865070543791118085e-03
7.401203356291118432e-03	8.060383043791119126e-03	7.645343981291118432e-03
8.255695543791118432e-03	7.865070543791118085e-03	8.451008043791117738e-03
8.060383043791119126e-03	8.695148668791117738e-03	8.255695543791118432e-03
8.914875231291119126e-03	8.475422106291118085e-03	9.159015856291119126e-03
8.719562731291118085e-03	9.403156481291119126e-03	8.939289293791117738e-03
9.671711168791119473e-03	9.159015856291119126e-03	9.891437731291119126e-03
9.403156481291119126e-03	1.011116429379111878e-02	9.598468981291118432e-03
1.035530491879111878e-02	9.818195543791118085e-03	1.057503148129111843e-02
1.001350804379111913e-02	1.079475804379111809e-02	1.023323460629111878e-02
1.103889866879111809e-02	1.045296116879111843e-02	1.128303929379111809e-02
1.067268773129111809e-02	1.152717991879111809e-02	1.091682835629111809e-02
1.177132054379111809e-02	1.118538304379111843e-02	1.206428929379111878e-02
1.147835179379111913e-02	1.240608616879111843e-02	1.179573460629111843e-02
1.279671116879112051e-02	1.213753148129111809e-02	1.316292210629112051e-02
1.250374241879111982e-02	1.360237523129111982e-02	1.291878148129112051e-02
1.409065648129111982e-02	1.340706273129112051e-02	1.462776585629112051e-02
1.391975804379112086e-02	1.518928929379111982e-02	1.448128148129112017e-02
1.579964085629112155e-02	1.506721898129111982e-02	1.645882054379111878e-02
1.572639866879111878e-02	1.711800023129111947e-02	1.636116429379112086e-02
1.777717991879112017e-02	1.702034398129112155e-02	1.848518773129112155e-02
1.770393773129112086e-02	1.921760960629112155e-02	1.841194554379111878e-02
1.995003148129112155e-02	1.911995335629112017e-02	2.070686741879112017e-02
1.990120335629112086e-02	2.148811741879112086e-02	2.065803929379111947e-02
2.231819554379112225e-02	2.146370335629112225e-02	2.314827366879112017e-02
2.231819554379112225e-02	2.400276585629112017e-02	2.317268773129112225e-02
2.488167210629112225e-02	2.402717991879112225e-02	2.576057835629112086e-02
2.490608616879112086e-02	2.663948460629111947e-02	2.578499241879111947e-02
2.754280491879112017e-02	2.666389866879112155e-02	2.847053929379111947e-02
2.759163304379112086e-02	2.942268773129112086e-02	2.851936741879112017e-02
3.039925023129112086e-02	2.947151585629112155e-02	3.140022679379111947e-02
3.047249241879112017e-02	3.237678929379111947e-02	3.144905491879112364e-02
3.337776585629111809e-02	3.242561741879112364e-02	3.432991429379111947e-02
3.340217991879112364e-02	3.523323460629112364e-02	3.432991429379111947e-02
3.611214085629112225e-02	3.525764866879112225e-02	3.694221898129112364e-02
3.616096898129111947e-02	3.769905491879112225e-02	3.696663304379112225e-02
3.828499241879112364e-02	3.767464085629112364e-02	3.865120335629112364e-02
3.821175023129112086e-02	3.877327366879112364e-02	3.845589085629112086e-02
3.872444554379111947e-02	3.828499241879112364e-02	3.835823460629111947e-02
3.772346898129112086e-02	3.774788304379111947e-02	3.684456273129112225e-02
3.684456273129112225e-02	3.574592991879112225e-02	3.569710179379111809e-02
3.445198460629111947e-02	3.440315648129112225e-02	3.308479710629112086e-02
3.301155491879111809e-02	3.161995335629112086e-02	3.149788304379112086e-02
3.010628148129112017e-02	2.995979710629112155e-02	2.854378148129112225e-02
2.842171116879112225e-02	2.695686741879112225e-02	2.685921116879112086e-02
2.541878148129111947e-02	2.529671116879111947e-02	2.390510960629112225e-02
2.375862523129112017e-02	2.234260960629112086e-02	2.219612523129112225e-02
2.082893773129112017e-02	2.068245335629112155e-02	1.936409398129112017e-02
1.926643773129112225e-02	1.804573460629111878e-02	1.794807835629112086e-02
1.684944554379112086e-02	1.680061741879112017e-02	1.579964085629112155e-02
1.577522679379111947e-02	1.489632054379112086e-02	1.494514866879111982e-02
1.416389866879112086e-02	1.423714085629112017e-02	1.352913304379112051e-02
1.365120335629112051e-02	1.304085179379112051e-02	1.316292210629112051e-02
1.260139866879111947e-02	1.277229710629112017e-02	1.223518773129111947e-02
1.247932835629111947e-02	1.194221898129111878e-02	1.218635960629111878e-02
1.167366429379111843e-02	1.196663304379111913e-02	1.147835179379111913e-02
1.182014866879111878e-02	1.130745335629111843e-02	1.167366429379111843e-02
1.116096898129111809e-02	1.157600804379111878e-02	1.103889866879111809e-02
1.150276585629111947e-02	1.094124241879111843e-02	1.145393773129111878e-02
1.086800023129111913e-02	1.140510960629111809e-02	1.081917210629111843e-02
1.133186741879111878e-02	1.074592991879111913e-02	1.123421116879111913e-02
1.064827366879111947e-02	1.106331273129111843e-02	1.045296116879111843e-02
1.081917210629111843e-02	1.015999241879111947e-02	1.045296116879111843e-02
9.818195543791118085e-03	1.006233616879111809e-02	9.403156481291119126e-03
9.647297106291119126e-03	9.012531481291118779e-03	9.232258043791118432e-03
8.597492418791118085e-03	8.817218981291117738e-03	8.255695543791118432e-03
8.451008043791117738e-03	7.889484606291118432e-03	8.084797106291117738e-03
7.547687731291118779e-03	7.743000231291118085e-03	7.205890856291118259e-03
7.401203356291118432e-03	6.888508043791118085e-03	7.083820543791118259e-03
6.546711168791118432e-03	6.790851793791118432e-03	6.278156481291118085e-03
6.522297106291118085e-03	6.009601793791118605e-03	6.302570543791118432e-03
5.789875231291118085e-03	6.180500231291118432e-03	5.618976793791118259e-03
6.107258043791118259e-03	5.521320543791118605e-03	6.082843981291118779e-03
5.496906481291118259e-03	6.107258043791118259e-03	5.496906481291118259e-03
6.180500231291118432e-03	5.545734606291118085e-03	6.253742418791118605e-03
5.594562731291118779e-03	6.302570543791118432e-03	5.667804918791118085e-03
6.326984606291118779e-03	5.716633043791118779e-03	6.302570543791118432e-03
5.741047106291118259e-03	6.302570543791118432e-03	5.765461168791118605e-03
6.253742418791118605e-03	5.741047106291118259e-03	6.229328356291118259e-03
5.741047106291118259e-03	6.204914293791118779e-03	5.716633043791118779e-03
6.180500231291118432e-03	5.692218981291118432e-03	6.131672106291118605e-03
5.643390856291118605e-03	6.058429918791118432e-03	5.594562731291118779e-03
6.009601793791118605e-03	5.545734606291118085e-03	5.936359606291118432e-03
5.472492418791118779e-03	5.863117418791118259e-03	5.399250231291118605e-03
5.741047106291118259e-03	5.326008043791118432e-03	5.667804918791118085e-03
5.228351793791118779e-03	5.570148668791118432e-03	5.130695543791118259e-03
5.448078356291118432e-03	5.008625231291118259e-03	5.326008043791118432e-03
4.886554918791118259e-03	5.228351793791118779e-03	4.788898668791118605e-03
5.130695543791118259e-03	4.666828356291118605e-03	5.008625231291118259e-03
4.544758043791118605e-03	4.886554918791118259e-03	4.398273668791118259e-03
4.740070543791118779e-03	4.227375231291118432e-03	4.544758043791118605e-03
4.032062731291118259e-03	4.349445543791118432e-03	3.812336168791118172e-03
4.105304918791118432e-03	3.592609606291118085e-03	3.885578356291118345e-03
3.397297106291118345e-03	3.690265856291118172e-03	3.201984606291118172e-03
3.519367418791118345e-03	3.055500231291118692e-03	3.397297106291118345e-03
2.957843981291118605e-03	3.324054918791118172e-03	2.860187731291118519e-03
3.275226793791118345e-03	2.811359606291118692e-03	3.250812731291118432e-03
2.762531481291118432e-03	3.201984606291118172e-03	2.738117418791118519e-03
3.177570543791118259e-03	2.738117418791118519e-03	3.128742418791118432e-03
2.713703356291118605e-03	3.079914293791118605e-03	2.664875231291118779e-03
3.055500231291118692e-03	2.640461168791118432e-03	3.006672106291118432e-03
2.616047106291118519e-03	2.982258043791118519e-03	2.591633043791118605e-03
2.957843981291118605e-03	2.567218981291118692e-03	2.957843981291118605e-03
2.567218981291118692e-03	2.982258043791118519e-03	2.591633043791118605e-03
3.006672106291118432e-03	2.640461168791118432e-03	3.055500231291118692e-03
2.689289293791118692e-03	3.104328356291118519e-03	2.738117418791118519e-03
3.153156481291118345e-03	2.786945543791118779e-03	3.201984606291118172e-03
2.835773668791118605e-03	3.250812731291118432e-03	2.860187731291118519e-03
3.250812731291118432e-03	2.884601793791118432e-03	3.250812731291118432e-03
2.909015856291118779e-03	3.250812731291118432e-03	2.884601793791118432e-03
3.250812731291118432e-03	2.884601793791118432e-03	3.226398668791118085e-03
2.835773668791118605e-03	3.177570543791118259e-03	2.811359606291118692e-03
3.104328356291118519e-03	2.738117418791118519e-03	3.031086168791118779e-03
2.664875231291118779e-03	2.957843981291118605e-03	2.567218981291118692e-03
2.835773668791118605e-03	2.469562731291118605e-03	2.762531481291118432e-03
2.371906481291118519e-03	2.664875231291118779e-03	2.274250231291118432e-03
2.591633043791118605e-03	2.225422106291118605e-03	2.518390856291118432e-03
2.152179918791118432e-03	2.469562731291118605e-03	2.127765856291118519e-03
2.445148668791118692e-03	2.103351793791118605e-03	2.420734606291118779e-03
2.054523668791118345e-03	2.396320543791118432e-03	2.030109606291118432e-03
2.371906481291118519e-03	2.030109606291118432e-03	2.371906481291118519e-03
2.005695543791118519e-03	2.347492418791118605e-03	2.005695543791118519e-03
2.323078356291118692e-03	1.981281481291118605e-03	2.323078356291118692e-03
1.981281481291118605e-03	2.323078356291118692e-03	1.956867418791118692e-03
2.298664293791118345e-03	1.956867418791118692e-03	2.274250231291118432e-03
1.908039293791118432e-03	2.225422106291118605e-03	1.883625231291118519e-03
2.152179918791118432e-03	1.810383043791118562e-03	2.103351793791118605e-03
1.737140856291118605e-03	2.030109606291118432e-03	1.663898668791118432e-03
1.981281481291118605e-03	1.639484606291118519e-03	1.932453356291118562e-03
1.590656481291118475e-03	1.908039293791118432e-03	1.566242418791118562e-03
1.883625231291118519e-03	1.541828356291118432e-03	1.859211168791118605e-03
1.517414293791118519e-03	1.810383043791118562e-03	1.493000231291118605e-03
1.785968981291118432e-03	1.444172106291118562e-03	1.737140856291118605e-03
1.444172106291118562e-03	1.712726793791118475e-03	1.419758043791118432e-03
1.663898668791118432e-03	1.370929918791118605e-03	1.639484606291118519e-03
1.370929918791118605e-03	1.639484606291118519e-03	1.346515856291118475e-03
1.639484606291118519e-03	1.346515856291118475e-03	1.639484606291118519e-03
1.322101793791118562e-03	1.615070543791118605e-03	1.322101793791118562e-03
1.615070543791118605e-03	1.297687731291118432e-03	1.566242418791118562e-03
1.273273668791118519e-03	1.541828356291118432e-03	1.224445543791118475e-03
1.493000231291118605e-03	1.200031481291118562e-03	1.444172106291118562e-03
1.151203356291118519e-03	1.444172106291118562e-03	1.126789293791118389e-03
1.419758043791118432e-03	1.102375231291118475e-03	1.395343981291118519e-03
1.077961168791118562e-03	1.395343981291118519e-03	1.077961168791118562e-03
1.395343981291118519e-03	1.053547106291118432e-03	1.370929918791118605e-03
1.053547106291118432e-03	1.370929918791118605e-03	1.053547106291118432e-03
1.346515856291118475e-03	1.029133043791118519e-03	1.322101793791118562e-03
9.803049187911184754e-04	1.273273668791118519e-03	9.314767937911184320e-04
1.200031481291118562e-03	8.826486687911184971e-04	1.151203356291118519e-03
8.094064812911184320e-04	1.102375231291118475e-03	7.361642937911184754e-04
1.029133043791118519e-03	6.873361687911184320e-04	9.803049187911184754e-04
6.385080437911184971e-04	9.070627312911185187e-04	5.652658562911184320e-04
8.582346062911184754e-04	4.920236687911184754e-04	7.849924187911185187e-04
4.676096062911184537e-04	7.361642937911184754e-04	3.943674187911184429e-04
6.629221062911185187e-04	3.699533562911184754e-04	6.140939812911184754e-04
3.211252312911184320e-04	5.896799187911184537e-04	2.722971062911184429e-04
5.652658562911184320e-04	2.478830437911184212e-04	5.164377312911184971e-04
1.990549187911184320e-04	4.920236687911184754e-04	1.746408562911184374e-04
4.676096062911184537e-04	1.502267937911184429e-04	4.431955437911184320e-04
1.258127312911184483e-04	4.187814812911184645e-04	7.698460629111843201e-05
3.943674187911184429e-04	5.257054379111843743e-05	3.699533562911184754e-04
2.815648129111843269e-05	3.211252312911184320e-04	-2.067164370888157002e-05
2.967111687911184645e-04	-6.949976870888157612e-05	2.722971062911184429e-04
-9.391383120888157070e-05	2.478830437911184212e-04	-9.391383120888157070e-05
2.478830437911184212e-04	-9.391383120888157070e-05	2.478830437911184212e-04
-9.391383120888157070e-05	2.478830437911184212e-04	-9.391383120888157070e-05
2.234689812911184537e-04	-9.391383120888157070e-05	2.234689812911184537e-04
-1.183278937088815788e-04	1.990549187911184320e-04	-1.183278937088815788e-04
1.746408562911184374e-04	-1.427419562088815734e-04	1.746408562911184374e-04
-1.427419562088815734e-04	1.746408562911184374e-04	-1.427419562088815734e-04
1.746408562911184374e-04	-1.427419562088815734e-04	1.990549187911184320e-04
-1.427419562088815734e-04	1.990549187911184320e-04	-1.671560187088815680e-04
1.990549187911184320e-04	-1.915700812088815897e-04	1.502267937911184429e-04
-2.403982062088815788e-04	1.013986687911184401e-04	-3.136403937088815897e-04
5.257054379111843743e-05	-4.112966437088815680e-04	-4.508570620888156799e-05
-4.845388312088815788e-04	-9.391383120888157070e-05	-5.577810187088815897e-04
-1.427419562088815734e-04	-5.821950812088816114e-04	-1.671560187088815680e-04
-6.066091437088816330e-04	-1.671560187088815680e-04	-6.066091437088816330e-04
-1.671560187088815680e-04	-5.821950812088816114e-04	-1.183278937088815788e-04
-5.333669562088815680e-04	-9.391383120888157070e-05	-4.845388312088815788e-04
-6.949976870888157612e-05	-4.357107062088815897e-04	-4.508570620888156799e-05
-4.112966437088815680e-04	-4.508570620888156799e-05	-3.868825812088816005e-04
-4.508570620888156799e-05	-3.868825812088816005e-04	-4.508570620888156799e-05
-3.868825812088816005e-04	-6.949976870888157612e-05	-4.112966437088815680e-04
-6.949976870888157612e-05	-4.112966437088815680e-04	-6.949976870888157612e-05
-4.357107062088815897e-04	-9.391383120888157070e-05	-4.601247687088816114e-04
-1.183278937088815788e-04	-4.845388312088815788e-04	-1.427419562088815734e-04
-5.333669562088815680e-04	-1.671560187088815680e-04	-5.577810187088815897e-04
-1.671560187088815680e-04	-6.066091437088816330e-04	-1.671560187088815680e-04
-6.066091437088816330e-04	-1.427419562088815734e-04	-5.821950812088816114e-04
-1.183278937088815788e-04	-5.577810187088815897e-04	-9.391383120888157070e-05
-5.333669562088815680e-04	-9.391383120888157070e-05	-5.089528937088815463e-04
-9.391383120888157070e-05	-5.089528937088815463e-04	-1.183278937088815788e-04
-5.333669562088815680e-04	-1.915700812088815897e-04	-5.821950812088816114e-04
-2.403982062088815788e-04	-6.310232062088816547e-04	-2.892263312088815680e-04
-6.798513312088815897e-04	-3.624685187088815788e-04	-7.530935187088816547e-04
-4.601247687088816114e-04	-8.263357062088816114e-04	-5.333669562088815680e-04
-8.995778937088815680e-04	-6.310232062088816547e-04	-9.972341437088816547e-04
-7.530935187088816547e-04	-1.143718518708881568e-03	-8.995778937088815680e-04
-1.290202893708881698e-03	-1.070476331208881611e-03	-1.485515393708881655e-03
-1.265788831208881568e-03	-1.680827893708881611e-03	-1.461101331208881741e-03
-1.876140393708881568e-03	-1.631999768708881568e-03	-2.047038831208881828e-03
-1.802898206208881611e-03	-2.217937268708881655e-03	-1.949382581208881741e-03
-2.388835706208881915e-03	-2.095866956208881655e-03	-2.535320081208881828e-03
-2.242351331208881568e-03	-2.706218518708881655e-03	-2.437663831208881741e-03
-2.901531018708881828e-03	-2.657390393708881828e-03	-3.121257581208881915e-03
-2.925945081208881741e-03	-3.414226331208882175e-03	-3.243327893708881915e-03
-3.707195081208882002e-03	-3.560710706208882088e-03	-4.024577893708881741e-03
-3.878093518708882262e-03	-4.341960706208881915e-03	-4.146648206208881741e-03
-4.610515393708882262e-03	-4.415202893708882088e-03	-4.879070081208882609e-03
-4.683757581208882435e-03	-5.172038831208882435e-03	-4.952312268708881915e-03
-5.440593518708881915e-03	-5.245281018708882609e-03	-5.709148206208882262e-03
-5.513835706208882088e-03	-6.026531018708882435e-03	-5.831218518708882262e-03
-6.319499768708882262e-03	-6.148601331208882435e-03	-6.636882581208882435e-03
-6.465984143708882609e-03	-6.905437268708881915e-03	-6.758952893708882435e-03
-7.222820081208882088e-03	-7.076335706208882609e-03	-7.515788831208881915e-03
-7.393718518708881915e-03	-7.833171643708882956e-03	-7.711101331208882088e-03
-8.174968518708882609e-03	-8.077312268708882956e-03	-8.516765393708882262e-03
-8.443523206208882956e-03	-8.907390393708882609e-03	-8.858562268708881915e-03
-9.322429456208881568e-03	-9.249187268708882262e-03	-9.786296643708882956e-03
-9.713054456208881915e-03	-1.025016383120888261e-02	-1.017692164370888330e-02
-1.071403101870888226e-02	-1.066520289370888330e-02	-1.122672633120888261e-02
-1.115348414370888330e-02	-1.173942164370888296e-02	-1.166617945620888191e-02
-1.225211695620888330e-02	-1.220328883120888261e-02	-1.281364039370888087e-02
-1.274039820620888157e-02	-1.337516383120888191e-02	-1.327750758120888053e-02
-1.396110133120888157e-02	-1.388785914370888053e-02	-1.457145289370888157e-02
-1.449821070620888053e-02	-1.523063258120888053e-02	-1.513297633120888087e-02
-1.588981226870888122e-02	-1.584098414370888053e-02	-1.657340601870888053e-02
-1.650016383120888122e-02	-1.728141383120888191e-02	-1.723258570620888122e-02
-1.798942164370887983e-02	-1.798942164370887983e-02	-1.872184351870887983e-02
-1.874625758120888191e-02	-1.950309351870888053e-02	-1.952750758120888261e-02
-2.030875758120888330e-02	-2.033317164370888191e-02	-2.113883570620888122e-02
-2.116324976870888330e-02	-2.199332789370888122e-02	-2.201774195620888330e-02
-2.287223414370888330e-02	-2.292106226870888053e-02	-2.379996851870888261e-02
-2.384879664370888330e-02	-2.472770289370888191e-02	-2.480094508120888122e-02
-2.567985133120888330e-02	-2.577750758120888122e-02	-2.668082789370888191e-02
-2.675407008120888122e-02	-2.768180445620888053e-02	-2.773063258120888122e-02
-2.865836695620888053e-02	-2.870719508120888122e-02	-2.961051539370888191e-02
-2.965934351870888261e-02	-3.051383570620888261e-02	-3.053824976870888122e-02
-3.131949976870888191e-02	-3.129508570620888330e-02	-3.190543726870888330e-02
-3.183219508120888053e-02	-3.229606226870888191e-02	-3.207633570620888053e-02
-3.244254664370888053e-02	-3.190543726870888330e-02	-3.232047633120888053e-02
-3.134391383120888053e-02	-3.197867945620887914e-02	-3.046500758120888191e-02
-3.131949976870888191e-02	-2.931754664370888122e-02	-3.039176539370888261e-02
-2.804801539370888053e-02	-2.926871851870888053e-02	-2.665641383120888330e-02
-2.797477320620888122e-02	-2.521598414370888191e-02	-2.658317164370888053e-02
-2.372672633120888330e-02	-2.514274195620888261e-02	-2.223746851870888122e-02
-2.367789820620888261e-02	-2.077262476870888122e-02	-2.216422633120888191e-02
-1.925895289370888053e-02	-2.067496851870888330e-02	-1.781852320620888261e-02
-1.921012476870888330e-02	-1.640250758120887983e-02	-1.774528101870887983e-02
-1.508414820620888191e-02	-1.632926539370888053e-02	-1.383903101870888157e-02
-1.501090601870888087e-02	-1.271598414370888122e-02	-1.374137476870888191e-02
-1.169059351870888226e-02	-1.264274195620888191e-02	-1.081168726870888191e-02
-1.164176539370888330e-02	-1.003043726870888296e-02	-1.076285914370888296e-02
-9.346843518708881915e-03	-1.000602320620888261e-02	-8.736491956208881915e-03
-9.346843518708881915e-03	-8.223796643708881568e-03	-8.785320081208882609e-03
-7.808757581208882609e-03	-8.345866956208881568e-03	-7.491374768708882435e-03
-8.004070081208881915e-03	-7.271648206208881915e-03	-7.784343518708882262e-03
-7.149577893708881915e-03	-7.662273206208882262e-03	-7.125163831208882435e-03
-7.613445081208882435e-03	-7.100749768708882088e-03	-7.589031018708882088e-03
-7.076335706208882609e-03	-7.564616956208882609e-03	-7.003093518708882435e-03
-7.491374768708882435e-03	-6.881023206208882435e-03	-7.344890393708882088e-03
-6.710124768708882609e-03	-7.173991956208882262e-03	-6.514812268708882435e-03
-6.978679456208882088e-03	-6.319499768708882262e-03	-6.758952893708882435e-03
-6.124187268708882088e-03	-6.563640393708882262e-03	-5.904460706208882435e-03
-6.319499768708882262e-03	-5.660320081208882435e-03	-6.075359143708882262e-03
-5.391765393708882088e-03	-5.831218518708882262e-03	-5.098796643708882262e-03
-5.513835706208882088e-03	-4.756999768708882609e-03	-5.220866956208882262e-03
-4.439616956208882435e-03	-4.879070081208882609e-03	-4.073406018708882435e-03
-4.537273206208882088e-03	-1.785438939144736725e-01	-1.785438939144736725e-01
-1.761024876644736725e-01	-1.834267064144736725e-01	-1.809853001644736725e-01
-1.895302220394736725e-01	-1.870888157894736725e-01	-1.956337376644736725e-01
-1.931923314144736725e-01	-2.017372532894736725e-01	-1.992958470394736725e-01
-2.066200657894736725e-01	-2.041786595394736725e-01	-2.127235814144736725e-01
-2.102821751644736725e-01	-2.188270970394736725e-01	-2.163856907894736725e-01
-2.249306126644736725e-01	-2.224892064144736725e-01	-2.298134251644736725e-01
-2.273720189144736725e-01	-2.359169407894736725e-01	-2.334755345394736725e-01
-2.420204564144736725e-01	-2.395790501644736725e-01	-2.469032689144736725e-01
-2.444618626644736725e-01	-2.530067845394736725e-01	-2.505653782894736725e-01
-2.591103001644736725e-01	-2.566688939144736725e-01	-2.639931126644736725e-01
-2.627724095394736725e-01	-2.713173314144736725e-01	-2.676552220394736725e-01
-2.762001439144736725e-01	-2.737587376644736725e-01	-2.823036595394736725e-01
-2.798622532894736725e-01	-2.871864720394736725e-01	-2.859657689144736725e-01
-2.932899876644736725e-01	-2.908485814144736725e-01	-2.993935032894736725e-01
-2.969520970394736725e-01	-3.054970189144736725e-01	-3.030556126644736725e-01
-3.116005345394736725e-01	-3.091591282894736725e-01	-3.164833470394736725e-01
-3.140419407894736725e-01	-3.225868626644736725e-01	-3.201454564144736725e-01
-3.286903782894736725e-01	-3.262489720394736725e-01	-3.347938939144736725e-01
-3.323524876644736725e-01	-3.396767064144736725e-01	-3.372353001644736725e-01
-3.457802220394736725e-01	-3.433388157894736725e-01	-3.518837376644736725e-01
-3.494423314144736725e-01	-3.579872532894736725e-01	-3.555458470394736725e-01
-3.628700657894736725e-01	-3.604286595394736725e-01	-3.689735814144736725e-01
-3.665321751644736725e-01	-3.750770970394736725e-01	-3.726356907894736725e-01
-3.811806126644736725e-01	-3.787392064144736725e-01	-3.860634251644736725e-01
-3.836220189144736725e-01	-3.921669407894736725e-01	-3.897255345394736725e-01
-3.982704564144736725e-01	-3.958290501644736725e-01	-4.043739720394736725e-01
-4.007118626644736725e-01	-4.092567845394736725e-01	-4.068153782894736725e-01
-4.153603001644736725e-01	-4.129188939144736725e-01	-4.214638157894736725e-01
-4.190224095394736725e-01	-4.263466282894736725e-01	-4.239052220394736725e-01
-4.324501439144736725e-01	-4.300087376644736725e-01	-4.385536595394736725e-01
-4.361122532894736725e-01	-4.434364720394736725e-01	-4.422157689144736725e-01
-4.495399876644736725e-01	-4.470985814144736725e-01	-4.556435032894736725e-01
-4.532020970394736725e-01	-4.617470189144736725e-01	-4.593056126644736725e-01
-4.666298314144736725e-01	-4.641884251644736725e-01	-4.727333470394736725e-01
-4.702919407894736725e-01	-4.788368626644736725e-01	-4.763954564144736725e-01
-4.837196751644736725e-01	-4.812782689144736725e-01	-4.898231907894736725e-01
-4.873817845394736725e-01	-4.959267064144736725e-01	-4.934853001644736725e-01
-5.020302220394736725e-01	-4.995888157894736725e-01	-5.069130345394736725e-01
-5.044716282894736725e-01	-5.130165501644736725e-01	-5.105751439144736725e-01
-5.191200657894736725e-01	-5.166786595394736725e-01	-5.240028782894736725e-01
-5.227821751644736725e-01	-5.301063939144736725e-01	-5.276649876644736725e-01
-5.362099095394736725e-01	-5.337685032894736725e-01	-5.423134251644736725e-01
-5.398720189144736725e-01	-5.471962376644736725e-01	-5.447548314144736725e-01
-5.532997532894736725e-01	-5.508583470394736725e-01	-5.594032689144736725e-01
-5.569618626644736725e-01	-5.655067845394736725e-01	-5.630653782894736725e-01
-5.703895970394736725e-01	-5.679481907894736725e-01	-5.764931126644736725e-01
-5.740517064144736725e-01	-5.825966282894736725e-01	-5.801552220394736725e-01
-5.887001439144736725e-01	-5.850380345394736725e-01	-5.935829564144736725e-01
-5.911415501644736725e-01	-5.996864720394736725e-01	-5.972450657894736725e-01
-6.057899876644736725e-01	-6.033485814144736725e-01	-6.106728001644736725e-01
-6.082313939144736725e-01	-6.167763157894736725e-01	-6.143349095394736725e-01
-6.228798314144736725e-01	-6.204384251644736725e-01	-6.289833470394736725e-01
-6.265419407894736725e-01	-6.338661595394736725e-01	-6.314247532894736725e-01
-6.399696751644736725e-01	-6.375282689144736725e-01	-6.460731907894736725e-01
-6.436317845394736725e-01	-6.521767064144736725e-01	-6.485145970394736725e-01
-6.570595189144736725e-01	-6.546181126644736725e-01	-6.631630345394736725e-01
-6.607216282894736725e-01	-6.692665501644736725e-01	-6.668251439144736725e-01
-6.753700657894736725e-01	-6.729286595394736725e-01	-6.802528782894736725e-01
-6.778114720394736725e-01	-6.863563939144736725e-01	-6.839149876644736725e-01
-6.924599095394736725e-01	-6.900185032894736725e-01	-6.973427220394736725e-01
-6.949013157894736725e-01	-7.034462376644736725e-01	-7.010048314144736725e-01
-7.095497532894736725e-01	-7.071083470394736725e-01	-7.144325657894736725e-01
-7.119911595394736725e-01	-7.205360814144736725e-01	-7.180946751644736725e-01
-7.266395970394736725e-01	-7.241981907894736725e-01	-7.327431126644736725e-01
-7.303017064144736725e-01	-7.376259251644736725e-01	-7.364052220394736725e-01
-7.437294407894736725e-01	-7.412880345394736725e-01	-7.498329564144736725e-01
-7.461708470394736725e-01	-7.534950657894736725e-01	-7.412880345394736725e-01
-7.498329564144736725e-01	-7.351845189144736725e-01	-7.437294407894736725e-01
-7.303017064144736725e-01	-7.376259251644736725e-01	-7.241981907894736725e-01
-7.327431126644736725e-01	-7.180946751644736725e-01	-7.266395970394736725e-01
-7.119911595394736725e-01	-7.205360814144736725e-01	-7.071083470394736725e-01
-7.156532689144736725e-01	-7.010048314144736725e-01	-7.095497532894736725e-01
-6.961220189144736725e-01	-7.034462376644736725e-01	-6.900185032894736725e-01
-6.985634251644736725e-01	-6.839149876644736725e-01	-6.924599095394736725e-01
-6.790321751644736725e-01	-6.863563939144736725e-01	-6.729286595394736725e-01
-6.814735814144736725e-01	-6.680458470394736725e-01	-6.753700657894736725e-01
-6.619423314144736725e-01	-6.692665501644736725e-01	-6.558388157894736725e-01
-6.643837376644736725e-01	-6.497353001644736725e-01	-6.582802220394736725e-01
-6.448524876644736725e-01	-6.521767064144736725e-01	-6.387489720394736725e-01
-6.472938939144736725e-01	-6.326454564144736725e-01	-6.411903782894736725e-01
-6.277626439144736725e-01	-6.350868626644736725e-01	-6.216591282894736725e-01
-6.302040501644736725e-01	-6.155556126644736725e-01	-6.241005345394736725e-01
-6.106728001644736725e-01	-6.179970189144736725e-01	-6.045692845394736725e-01
-6.131142064144736725e-01	-5.984657689144736725e-01	-6.070106907894736725e-01
-5.935829564144736725e-01	-6.009071751644736725e-01	-5.874794407894736725e-01
-5.960243626644736725e-01	-5.825966282894736725e-01	-5.899208470394736725e-01
-5.764931126644736725e-01	-5.850380345394736725e-01	-5.703895970394736725e-01
-5.789345189144736725e-01	-5.642860814144736725e-01	-5.728310032894736725e-01
-5.594032689144736725e-01	-5.667274876644736725e-01	-5.532997532894736725e-01
-5.618446751644736725e-01	-5.471962376644736725e-01	-5.557411595394736725e-01
-5.423134251644736725e-01	-5.496376439144736725e-01	-5.362099095394736725e-01
-5.447548314144736725e-01	-5.313270970394736725e-01	-5.386513157894736725e-01
-5.252235814144736725e-01	-5.325478001644736725e-01	-5.191200657894736725e-01
-5.276649876644736725e-01	-5.130165501644736725e-01	-5.215614720394736725e-01
-5.081337376644736725e-01	-5.154579564144736725e-01	-5.020302220394736725e-01
-5.105751439144736725e-01	-4.959267064144736725e-01	-5.044716282894736725e-01
-4.898231907894736725e-01	-4.983681126644736725e-01	-4.849403782894736725e-01
-4.934853001644736725e-01	-4.788368626644736725e-01	-4.873817845394736725e-01
-4.727333470394736725e-01	-4.812782689144736725e-01	-4.678505345394736725e-01
-4.763954564144736725e-01	-4.617470189144736725e-01	-4.702919407894736725e-01
-4.568642064144736725e-01	-4.641884251644736725e-01	-4.507606907894736725e-01
-4.580849095394736725e-01	-4.446571751644736725e-01	-4.532020970394736725e-01
-4.397743626644736725e-01	-4.483192845394736725e-01	-4.336708470394736725e-01
-4.422157689144736725e-01	-4.275673314144736725e-01	-4.361122532894736725e-01
-4.226845189144736725e-01	-4.300087376644736725e-01	-4.165810032894736725e-01
-4.239052220394736725e-01	-4.104774876644736725e-01	-4.190224095394736725e-01
-4.043739720394736725e-01	-4.129188939144736725e-01	-3.994911595394736725e-01
-4.068153782894736725e-01	-3.933876439144736725e-01	-4.019325657894736725e-01
-3.885048314144736725e-01	-3.958290501644736725e-01	-3.824013157894736725e-01
-3.897255345394736725e-01	-3.762978001644736725e-01	-3.836220189144736725e-01
-3.701942845394736725e-01	-3.787392064144736725e-01	-3.653114720394736725e-01
-3.726356907894736725e-01	-3.592079564144736725e-01	-3.665321751644736725e-01
-3.531044407894736725e-01	-3.616493626644736725e-01	-3.482216282894736725e-01
-3.555458470394736725e-01	-3.421181126644736725e-01	-3.494423314144736725e-01
-3.360145970394736725e-01	-3.445595189144736725e-01	-3.299110814144736725e-01
-3.384560032894736725e-01	-3.238075657894736725e-01	-3.323524876644736725e-01
-3.189247532894736725e-01	-3.274696751644736725e-01	-3.128212376644736725e-01
-3.213661595394736725e-01	-3.067177220394736725e-01	-3.152626439144736725e-01
-3.006142064144736725e-01	-3.091591282894736725e-01	-2.957313939144736725e-01
-3.030556126644736725e-01	-2.896278782894736725e-01	-2.981728001644736725e-01
-2.835243626644736725e-01	-2.920692845394736725e-01	-2.786415501644736725e-01
-2.859657689144736725e-01	-2.725380345394736725e-01	-2.810829564144736725e-01
-2.664345189144736725e-01	-2.749794407894736725e-01	-2.603310032894736725e-01
-2.688759251644736725e-01	-2.554481907894736725e-01	-2.627724095394736725e-01
-2.493446751644736725e-01	-2.578895970394736725e-01	-2.432411595394736725e-01
-2.517860814144736725e-01	-2.383583470394736725e-01	-2.456825657894736725e-01
-2.322548314144736725e-01	-2.407997532894736725e-01	-2.261513157894736725e-01
-2.346962376644736725e-01	-2.200478001644736725e-01	-2.285927220394736725e-01
-2.151649876644736725e-01	-2.237099095394736725e-01	-2.090614720394736725e-01
-2.176063939144736725e-01	-2.029579564144736725e-01	-2.115028782894736725e-01
-1.980751439144736725e-01	-2.053993626644736725e-01	-1.919716282894736725e-01
-2.005165501644736725e-01	-1.858681126644736725e-01	-1.944130345394736725e-01
-1.797645970394736725e-01	-1.883095189144736725e-01	-1.748817845394736725e-01
-1.822060032894736725e-01	-1.687782689144736725e-01	-1.773231907894736725e-01
-1.626747532894736725e-01	-1.712196751644736725e-01	-1.565712376644736725e-01
-1.651161595394736725e-01	-1.516884251644736725e-01	-1.590126439144736725e-01
-1.455849095394736725e-01	-1.541298314144736725e-01	-1.394813939144736725e-01
-1.480263157894736725e-01	-1.345985814144736725e-01	-1.419228001644736725e-01
-1.284950657894736725e-01	-1.358192845394736725e-01	-1.223915501644736725e-01
-1.309364720394736725e-01	-1.162880345394736725e-01	-1.248329564144736725e-01
-1.114052220394736725e-01	-1.187294407894736725e-01	-1.053017064144736725e-01
-1.138466282894736725e-01	-9.919819078947367252e-02	-1.077431126644736725e-01
-9.309467516447367252e-02	-1.016395970394736725e-01	-8.821186266447367252e-02
-9.553608141447367252e-02	-8.210834703947367252e-02	-9.065326891447367252e-02
-7.600483141447367252e-02	-8.454975328947367252e-02	-7.112201891447367252e-02
-7.844623766447367252e-02	-6.501850328947367252e-02	-7.234272203947367252e-02
-5.891498766447367252e-02	-6.623920641447367252e-02	-5.281147203947367252e-02
-6.135639391447367252e-02	-4.670795641447367252e-02	-5.525287828947367252e-02
-4.060444078947367252e-02	-5.037006578947367252e-02	-3.572162828947367252e-02
-4.426655016447367252e-02	-2.961811266447367599e-02	-3.816303453947367252e-02
-2.473530016447367599e-02	-3.205951891447367252e-02	-1.863178453947367599e-02
-2.717670641447367599e-02	-1.252826891447367599e-02	-2.107319078947367599e-02
-7.645456414473675993e-03	-1.496967516447367599e-02	-1.541940789473675993e-03
-1.008686266447367599e-02	4.561574835526324007e-03	-3.983347039473675993e-03
1.066509046052632401e-02	2.120168585526324007e-03	1.554790296052632401e-02
8.223684210526324007e-03	2.165141858552632401e-02	1.310649671052632401e-02
2.775493421052632401e-02	1.921001233552632401e-02	3.263774671052632748e-02
2.531352796052632401e-02	3.874126233552632748e-02	3.141704358552632748e-02
4.484477796052632748e-02	3.629985608552632748e-02	5.094829358552632748e-02
4.240337171052632748e-02	5.583110608552632748e-02	4.850688733552632748e-02
6.193462171052632748e-02	5.461040296052632748e-02	6.803813733552632748e-02
5.949321546052632748e-02	7.414165296052632748e-02	6.559673108552632748e-02
7.902446546052632748e-02	7.170024671052632748e-02	8.512798108552632748e-02
7.780376233552632748e-02	9.123149671052632748e-02	8.268657483552632748e-02
9.733501233552632748e-02	8.879009046052632748e-02	1.022178248355263275e-01
9.489360608552632748e-02	1.083213404605263275e-01	9.977641858552632748e-02
1.144248560855263275e-01	1.058799342105263275e-01	1.205283717105263275e-01
1.119834498355263275e-01	1.254111842105263275e-01	1.180869654605263275e-01
1.302939967105263275e-01	1.229697779605263275e-01	1.363975123355263275e-01
1.278525904605263275e-01	1.412803248355263275e-01	1.339561060855263275e-01
1.473838404605263275e-01	1.388389185855263275e-01	1.534873560855263275e-01
1.449424342105263275e-01	1.583701685855263275e-01	1.510459498355263275e-01
1.644736842105263275e-01	1.559287623355263275e-01	1.705771998355263275e-01
1.620322779605263275e-01	1.766807154605263275e-01	1.681357935855263275e-01
1.815635279605263275e-01	1.742393092105263275e-01	1.876670435855263275e-01
1.791221217105263275e-01	1.937705592105263275e-01	1.852256373355263275e-01
1.986533717105263275e-01	1.913291529605263275e-01	2.047568873355263275e-01
1.962119654605263275e-01	2.108604029605263275e-01	2.023154810855263275e-01
2.169639185855263275e-01	2.084189967105263275e-01	2.218467310855263275e-01
2.145225123355263275e-01	2.279502467105263275e-01	2.206260279605263275e-01
2.340537623355263275e-01	2.255088404605263275e-01	2.401572779605263275e-01
2.316123560855263275e-01	2.450400904605263275e-01	2.377158717105263275e-01
2.511436060855263275e-01	2.425986842105263275e-01	2.572471217105263275e-01
2.487021998355263275e-01	2.633506373355263275e-01	2.548057154605263275e-01
2.682334498355263275e-01	2.609092310855263275e-01	2.743369654605263275e-01
2.657920435855263275e-01	2.804404810855263275e-01	2.718955592105263275e-01
2.865439967105263275e-01	2.779990748355263275e-01	2.914268092105263275e-01
2.841025904605263275e-01	2.975303248355263275e-01	2.889854029605263275e-01
3.036338404605263275e-01	2.950889185855263275e-01	3.097373560855263275e-01
3.011924342105263275e-01	3.158408717105263275e-01	3.072959498355263275e-01
3.207236842105263275e-01	3.133994654605263275e-01	3.268271998355263275e-01
3.182822779605263275e-01	3.329307154605263275e-01	3.243857935855263275e-01
3.378135279605263275e-01	3.304893092105263275e-01	3.439170435855263275e-01
3.353721217105263275e-01	3.500205592105263275e-01	3.414756373355263275e-01
3.549033717105263275e-01	3.475791529605263275e-01	3.610068873355263275e-01
3.536826685855263275e-01	3.671104029605263275e-01	3.585654810855263275e-01
3.732139185855263275e-01	3.646689967105263275e-01	3.780967310855263275e-01
3.707725123355263275e-01	3.842002467105263275e-01	3.768760279605263275e-01
3.903037623355263275e-01	3.817588404605263275e-01	3.964072779605263275e-01
3.878623560855263275e-01	4.012900904605263275e-01	3.939658717105263275e-01
4.073936060855263275e-01	4.000693873355263275e-01	4.134971217105263275e-01
4.049521998355263275e-01	4.196006373355263275e-01	4.110557154605263275e-01
4.244834498355263275e-01	4.171592310855263275e-01	4.305869654605263275e-01
4.220420435855263275e-01	4.366904810855263275e-01	4.281455592105263275e-01
4.415732935855263275e-01	4.342490748355263275e-01	4.476768092105263275e-01
4.403525904605263275e-01	4.537803248355263275e-01	4.452354029605263275e-01
4.598838404605263275e-01	4.513389185855263275e-01	4.647666529605263275e-01
4.574424342105263275e-01	4.708701685855263275e-01	4.635459498355263275e-01
4.769736842105263275e-01	4.684287623355263275e-01	4.830771998355263275e-01
4.745322779605263275e-01	4.891807154605263275e-01	4.806357935855263275e-01
4.940635279605263275e-01	4.855186060855263275e-01	5.001670435855263275e-01
4.916221217105263275e-01	5.062705592105263275e-01	4.977256373355263275e-01
5.111533717105263275e-01	5.038291529605263275e-01	5.172568873355263275e-01
5.087119654605263275e-01	5.233604029605263275e-01	5.148154810855263275e-01
5.282432154605263275e-01	5.209189967105263275e-01	5.343467310855263275e-01
5.258018092105263275e-01	5.404502467105263275e-01	5.319053248355263275e-01
5.465537623355263275e-01	5.380088404605263275e-01	5.514365748355263275e-01
5.441123560855263275e-01	5.575400904605263275e-01	5.489951685855263275e-01
5.636436060855263275e-01	5.550986842105263275e-01	5.685264185855263275e-01
5.612021998355263275e-01	5.746299342105263275e-01	5.660850123355263275e-01
5.807334498355263275e-01	5.721885279605263275e-01	5.868369654605263275e-01
5.782920435855263275e-01	5.917197779605263275e-01	5.843955592105263275e-01
5.978232935855263275e-01	5.892783717105263275e-01	6.039268092105263275e-01
5.953818873355263275e-01	6.100303248355263275e-01	6.014854029605263275e-01
6.161338404605263275e-01	6.075889185855263275e-01	6.210166529605263275e-01
6.124717310855263275e-01	6.271201685855263275e-01	6.185752467105263275e-01
6.332236842105263275e-01	6.246787623355263275e-01	6.381064967105263275e-01
6.307822779605263275e-01	6.442100123355263275e-01	6.356650904605263275e-01
6.503135279605263275e-01	6.417686060855263275e-01	6.551963404605263275e-01
6.478721217105263275e-01	6.612998560855263275e-01	6.539756373355263275e-01
6.674033717105263275e-01	6.588584498355263275e-01	6.722861842105263275e-01
6.649619654605263275e-01	6.783896998355263275e-01	6.698447779605263275e-01
6.844932154605263275e-01	6.759482935855263275e-01	6.905967310855263275e-01
6.820518092105263275e-01	6.967002467105263275e-01	6.881553248355263275e-01
7.015830592105263275e-01	6.930381373355263275e-01	7.076865748355263275e-01
6.991416529605263275e-01	7.137900904605263275e-01	7.052451685855263275e-01
7.186729029605263275e-01	7.113486842105263275e-01	7.247764185855263275e-01
7.162314967105263275e-01	7.308799342105263275e-01	7.223350123355263275e-01
7.357627467105263275e-01	7.284385279605263275e-01	7.418662623355263275e-01
7.333213404605263275e-01	7.479697779605263275e-01	7.394248560855263275e-01
7.540732935855263275e-01	7.455283717105263275e-01	7.589561060855263275e-01
7.504111842105263275e-01	7.650596217105263275e-01	7.565146998355263275e-01
7.711631373355263275e-01	7.626182154605263275e-01	7.760459498355263275e-01
7.687217310855263275e-01	7.821494654605263275e-01	7.736045435855263275e-01
7.882529810855263275e-01	7.797080592105263275e-01	7.931357935855263275e-01
7.858115748355263275e-01	7.992393092105263275e-01	7.906943873355263275e-01
8.053428248355263275e-01	7.967979029605263275e-01	8.114463404605263275e-01
8.029014185855263275e-01	8.163291529605263275e-01	8.090049342105263275e-01
8.224326685855263275e-01	8.138877467105263275e-01	8.285361842105263275e-01
8.199912623355263275e-01	8.346396998355263275e-01	8.260947779605263275e-01
8.395225123355263275e-01	8.321982935855263275e-01	8.456260279605263275e-01
8.370811060855263275e-01	8.517295435855263275e-01	8.431846217105263275e-01
8.578330592105263275e-01	8.492881373355263275e-01	8.627158717105263275e-01
8.541709498355263275e-01	8.688193873355263275e-01	8.602744654605263275e-01
8.749229029605263275e-01	8.663779810855263275e-01	8.798057154605263275e-01
8.724814967105263275e-01	8.859092310855263275e-01	8.773643092105263275e-01
8.920127467105263275e-01	8.834678248355263275e-01	8.968955592105263275e-01
8.895713404605263275e-01	9.029990748355263275e-01	8.944541529605263275e-01
9.091025904605263275e-01	9.005576685855263275e-01	9.152061060855263275e-01
9.066611842105263275e-01	9.200889185855263275e-01	9.127646998355263275e-01
9.261924342105263275e-01	9.176475123355263275e-01	9.322959498355263275e-01
9.237510279605263275e-01	9.383994654605263275e-01	9.298545435855263275e-01
9.445029810855263275e-01	9.359580592105263275e-01	9.493857935855263275e-01
9.420615748355263275e-01	9.554893092105263275e-01	9.469443873355263275e-01
9.603721217105263275e-01	9.530479029605263275e-01	9.664756373355263275e-01
9.579307154605263275e-01	9.725791529605263275e-01	9.640342310855263275e-01
9.786826685855263275e-01	9.701377467105263275e-01	9.835654810855263275e-01
9.762412623355263275e-01	9.896689967105263275e-01	9.811240748355263275e-01
9.957725123355263275e-01	9.872275904605263275e-01	1.000655324835526327e+00
9.933311060855263275e-01	1.004317434210526327e+00	9.969932154605263275e-01
9.994346217105263275e-01	9.921104029605263275e-01	9.945518092105263275e-01
9.860068873355263275e-01	9.884482935855263275e-01	9.799033717105263275e-01
9.823447779605263275e-01	9.750205592105263275e-01	9.774619654605263275e-01
9.689170435855263275e-01	9.713584498355263275e-01	9.628135279605263275e-01
9.652549342105263275e-01	9.579307154605263275e-01	9.603721217105263275e-01
9.518271998355263275e-01	9.542686060855263275e-01	9.469443873355263275e-01
9.481650904605263275e-01	9.408408717105263275e-01	9.432822779605263275e-01
9.347373560855263275e-01	9.371787623355263275e-01	9.286338404605263275e-01
9.310752467105263275e-01	9.237510279605263275e-01	9.261924342105263275e-01
9.176475123355263275e-01	9.200889185855263275e-01	9.115439967105263275e-01
9.139854029605263275e-01	9.066611842105263275e-01	9.091025904605263275e-01
9.005576685855263275e-01	9.029990748355263275e-01	8.956748560855263275e-01
8.981162623355263275e-01	8.895713404605263275e-01	8.920127467105263275e-01
8.834678248355263275e-01	8.859092310855263275e-01	8.773643092105263275e-01
8.798057154605263275e-01	8.724814967105263275e-01	8.749229029605263275e-01
8.663779810855263275e-01	8.688193873355263275e-01	8.602744654605263275e-01
8.639365748355263275e-01	8.553916529605263275e-01	8.578330592105263275e-01
8.492881373355263275e-01	8.517295435855263275e-01	8.444053248355263275e-01
8.456260279605263275e-01	8.383018092105263275e-01	8.407432154605263275e-01
8.321982935855263275e-01	8.346396998355263275e-01	8.273154810855263275e-01
8.297568873355263275e-01	8.212119654605263275e-01	8.236533717105263275e-01
8.151084498355263275e-01	8.175498560855263275e-01	8.102256373355263275e-01
8.126670435855263275e-01	8.041221217105263275e-01	8.065635279605263275e-01
7.980186060855263275e-01	8.004600123355263275e-01	7.919150904605263275e-01
7.955771998355263275e-01	7.870322779605263275e-01	7.894736842105263275e-01
7.809287623355263275e-01	7.833701685855263275e-01	7.748252467105263275e-01
7.772666529605263275e-01	7.699424342105263275e-01	7.723838404605263275e-01
7.638389185855263275e-01	7.662803248355263275e-01	7.577354029605263275e-01
7.601768092105263275e-01	7.528525904605263275e-01	7.552939967105263275e-01
7.467490748355263275e-01	7.491904810855263275e-01	7.418662623355263275e-01
7.430869654605263275e-01	7.357627467105263275e-01	7.382041529605263275e-01
7.296592310855263275e-01	7.321006373355263275e-01	7.235557154605263275e-01
7.259971217105263275e-01	7.186729029605263275e-01	7.211143092105263275e-01
7.125693873355263275e-01	7.150107935855263275e-01	7.064658717105263275e-01
7.089072779605263275e-01	7.015830592105263275e-01	7.040244654605263275e-01
6.954795435855263275e-01	6.979209498355263275e-01	6.893760279605263275e-01
6.918174342105263275e-01	6.844932154605263275e-01	6.869346217105263275e-01
6.783896998355263275e-01	6.808311060855263275e-01	6.722861842105263275e-01
6.747275904605263275e-01	6.674033717105263275e-01	6.698447779605263275e-01
6.612998560855263275e-01	6.637412623355263275e-01	6.551963404605263275e-01
6.576377467105263275e-01	6.503135279605263275e-01	6.527549342105263275e-01
6.442100123355263275e-01	6.466514185855263275e-01	6.381064967105263275e-01
6.405479029605263275e-01	6.332236842105263275e-01	6.356650904605263275e-01
6.271201685855263275e-01	6.295615748355263275e-01	6.210166529605263275e-01
6.234580592105263275e-01	6.161338404605263275e-01	6.185752467105263275e-01
6.100303248355263275e-01	6.124717310855263275e-01	6.039268092105263275e-01
6.063682154605263275e-01	5.978232935855263275e-01	6.002646998355263275e-01
5.929404810855263275e-01	5.953818873355263275e-01	5.868369654605263275e-01
5.892783717105263275e-01	5.807334498355263275e-01	5.831748560855263275e-01
5.746299342105263275e-01	5.782920435855263275e-01	5.697471217105263275e-01
5.721885279605263275e-01	5.636436060855263275e-01	5.660850123355263275e-01
5.575400904605263275e-01	5.599814967105263275e-01	5.526572779605263275e-01
5.550986842105263275e-01	5.465537623355263275e-01	5.489951685855263275e-01
5.404502467105263275e-01	5.428916529605263275e-01	5.343467310855263275e-01
5.380088404605263275e-01	5.294639185855263275e-01	5.319053248355263275e-01
5.233604029605263275e-01	5.258018092105263275e-01	5.172568873355263275e-01
5.196982935855263275e-01	5.123740748355263275e-01	5.148154810855263275e-01
5.062705592105263275e-01	5.087119654605263275e-01	5.001670435855263275e-01
5.026084498355263275e-01	4.952842310855263275e-01	4.977256373355263275e-01
4.891807154605263275e-01	4.916221217105263275e-01	4.830771998355263275e-01
4.855186060855263275e-01	4.781943873355263275e-01	4.806357935855263275e-01
4.720908717105263275e-01	4.745322779605263275e-01	4.659873560855263275e-01
4.684287623355263275e-01	4.598838404605263275e-01	4.623252467105263275e-01
4.550010279605263275e-01	4.574424342105263275e-01	4.488975123355263275e-01
4.513389185855263275e-01	4.427939967105263275e-01	4.452354029605263275e-01
4.366904810855263275e-01	4.391318873355263275e-01	4.318076685855263275e-01
4.342490748355263275e-01	4.257041529605263275e-01	4.281455592105263275e-01
4.196006373355263275e-01	4.220420435855263275e-01	4.147178248355263275e-01
4.171592310855263275e-01	4.086143092105263275e-01	4.110557154605263275e-01
4.025107935855263275e-01	4.049521998355263275e-01	3.976279810855263275e-01
3.988486842105263275e-01	3.915244654605263275e-01	3.939658717105263275e-01
3.854209498355263275e-01	3.878623560855263275e-01	3.793174342105263275e-01
3.817588404605263275e-01	3.744346217105263275e-01	3.768760279605263275e-01
3.683311060855263275e-01	3.707725123355263275e-01	3.622275904605263275e-01
3.646689967105263275e-01	3.561240748355263275e-01	3.585654810855263275e-01
3.512412623355263275e-01	3.536826685855263275e-01	3.451377467105263275e-01
3.475791529605263275e-01	3.390342310855263275e-01	3.414756373355263275e-01
3.329307154605263275e-01	3.353721217105263275e-01	3.280479029605263275e-01
3.304893092105263275e-01	3.219443873355263275e-01	3.243857935855263275e-01
3.158408717105263275e-01	3.182822779605263275e-01	3.097373560855263275e-01
3.121787623355263275e-01	3.048545435855263275e-01	3.072959498355263275e-01
2.987510279605263275e-01	3.011924342105263275e-01	2.926475123355263275e-01
2.950889185855263275e-01	2.877646998355263275e-01	2.902061060855263275e-01
2.816611842105263275e-01	2.841025904605263275e-01	2.755576685855263275e-01
2.779990748355263275e-01	2.694541529605263275e-01	2.718955592105263275e-01
2.645713404605263275e-01	2.670127467105263275e-01	2.584678248355263275e-01
2.609092310855263275e-01	2.523643092105263275e-01	2.548057154605263275e-01
2.462607935855263275e-01	2.487021998355263275e-01	2.413779810855263275e-01
2.438193873355263275e-01	2.352744654605263275e-01	2.377158717105263275e-01
2.291709498355263275e-01	2.316123560855263275e-01	2.230674342105263275e-01
2.255088404605263275e-01	2.181846217105263275e-01	2.206260279605263275e-01
2.120811060855263275e-01	2.145225123355263275e-01	2.059775904605263275e-01
2.084189967105263275e-01	1.998740748355263275e-01	2.023154810855263275e-01
1.949912623355263275e-01	1.962119654605263275e-01	1.888877467105263275e-01
1.913291529605263275e-01	1.827842310855263275e-01	1.852256373355263275e-01
1.779014185855263275e-01	1.803428248355263275e-01	1.717979029605263275e-01
1.742393092105263275e-01	1.656943873355263275e-01	1.681357935855263275e-01
1.595908717105263275e-01	1.620322779605263275e-01	1.534873560855263275e-01
1.571494654605263275e-01	1.486045435855263275e-01	1.510459498355263275e-01
1.425010279605263275e-01	1.449424342105263275e-01	1.376182154605263275e-01
1.388389185855263275e-01	1.315146998355263275e-01	1.339561060855263275e-01
1.266318873355263275e-01	1.278525904605263275e-01	1.205283717105263275e-01
1.229697779605263275e-01	1.144248560855263275e-01	1.180869654605263275e-01
1.095420435855263275e-01	1.119834498355263275e-01	1.034385279605263275e-01
1.058799342105263275e-01	9.733501233552632748e-02	9.977641858552632748e-02
9.245219983552632748e-02	9.367290296052632748e-02	8.634868421052632748e-02
8.879009046052632748e-02	8.024516858552632748e-02	8.268657483552632748e-02
7.536235608552632748e-02	7.658305921052632748e-02	6.925884046052632748e-02
7.170024671052632748e-02	6.315532483552632748e-02	6.559673108552632748e-02
5.705180921052632748e-02	5.949321546052632748e-02	5.216899671052632748e-02
5.461040296052632748e-02	4.606548108552632748e-02	4.850688733552632748e-02
3.996196546052632748e-02	4.240337171052632748e-02	3.385844983552632748e-02
3.629985608552632748e-02	2.897563733552632401e-02	3.141704358552632748e-02
2.287212171052632401e-02	2.531352796052632401e-02	1.676860608552632401e-02
1.921001233552632401e-02	1.066509046052632401e-02	1.310649671052632401e-02
5.782277960526324007e-03	8.223684210526324007e-03	-3.212376644736759934e-04
2.120168585526324007e-03	-6.424753289473675993e-03	-3.983347039473675993e-03
-1.130756578947367599e-02	-8.866159539473675993e-03	-1.741108141447367599e-02
-1.496967516447367599e-02	-2.351459703947367599e-02	-2.107319078947367599e-02
-2.961811266447367599e-02	-2.717670641447367599e-02	-3.450092516447367252e-02
-3.205951891447367252e-02	-4.060444078947367252e-02	-3.816303453947367252e-02
-4.670795641447367252e-02	-4.426655016447367252e-02	-5.159076891447367252e-02
-5.037006578947367252e-02	-5.769428453947367252e-02	-5.525287828947367252e-02
-6.379780016447367252e-02	-6.135639391447367252e-02	-6.990131578947367252e-02
-6.745990953947367252e-02	-7.478412828947367252e-02	-7.234272203947367252e-02
-8.088764391447367252e-02	-7.844623766447367252e-02	-8.699115953947367252e-02
-8.454975328947367252e-02	-9.309467516447367252e-02	-8.943256578947367252e-02
-9.797748766447367252e-02	-9.553608141447367252e-02	-1.040810032894736725e-01
-1.016395970394736725e-01	-1.101845189144736725e-01	-1.077431126644736725e-01
-1.162880345394736725e-01	-1.138466282894736725e-01	-1.211708470394736725e-01
-1.187294407894736725e-01	-1.272743626644736725e-01	-1.248329564144736725e-01
-1.333778782894736725e-01	-1.309364720394736725e-01	-1.394813939144736725e-01
-1.370399876644736725e-01	-1.455849095394736725e-01	-1.431435032894736725e-01
-1.504677220394736725e-01	-1.480263157894736725e-01	-1.565712376644736725e-01
-1.541298314144736725e-01	-1.614540501644736725e-01	-1.602333470394736725e-01
-1.675575657894736725e-01	-1.651161595394736725e-01	-1.736610814144736725e-01
-1.712196751644736725e-01	-1.797645970394736725e-01	-1.773231907894736725e-01
-1.846474095394736725e-01	-1.834267064144736725e-01	-1.919716282894736725e-01
-1.883095189144736725e-01	-1.968544407894736725e-01	-1.944130345394736725e-01
-2.029579564144736725e-01	-2.005165501644736725e-01	-2.090614720394736725e-01
-2.066200657894736725e-01	-2.139442845394736725e-01	-2.115028782894736725e-01
-2.200478001644736725e-01	-2.176063939144736725e-01	-2.261513157894736725e-01
-2.237099095394736725e-01	-2.322548314144736725e-01	-2.298134251644736725e-01
-2.371376439144736725e-01	-2.346962376644736725e-01	-2.432411595394736725e-01
-2.407997532894736725e-01	-2.493446751644736725e-01	-2.469032689144736725e-01
-2.554481907894736725e-01	-2.517860814144736725e-01	-2.603310032894736725e-01
-2.578895970394736725e-01	-2.664345189144736725e-01	-2.639931126644736725e-01
-2.713173314144736725e-01	-2.688759251644736725e-01	-2.774208470394736725e-01
-2.749794407894736725e-01	-2.835243626644736725e-01	-2.810829564144736725e-01
-2.896278782894736725e-01	-2.871864720394736725e-01	-2.957313939144736725e-01
-2.932899876644736725e-01	-3.006142064144736725e-01	-2.981728001644736725e-01
-3.067177220394736725e-01	-3.042763157894736725e-01	-3.128212376644736725e-01
-3.103798314144736725e-01	-3.189247532894736725e-01	-3.164833470394736725e-01
-3.238075657894736725e-01	-3.213661595394736725e-01	-3.299110814144736725e-01
-3.274696751644736725e-01	-3.360145970394736725e-01	-3.335731907894736725e-01
-3.421181126644736725e-01	-3.396767064144736725e-01	-3.482216282894736725e-01
-3.445595189144736725e-01	-3.531044407894736725e-01	-3.506630345394736725e-01
-3.592079564144736725e-01	-3.567665501644736725e-01	-3.653114720394736725e-01
-3.628700657894736725e-01	-3.701942845394736725e-01	-3.677528782894736725e-01
-3.762978001644736725e-01	-3.738563939144736725e-01	-3.824013157894736725e-01
-3.799599095394736725e-01	-3.872841282894736725e-01	-3.848427220394736725e-01
-3.933876439144736725e-01	-3.909462376644736725e-01	-3.994911595394736725e-01
-3.970497532894736725e-01	-4.055946751644736725e-01	-4.019325657894736725e-01
-4.116981907894736725e-01	-4.092567845394736725e-01	-4.165810032894736725e-01
-4.141395970394736725e-01	-4.226845189144736725e-01	-4.202431126644736725e-01
-4.275673314144736725e-01	-4.263466282894736725e-01	-4.336708470394736725e-01
-4.312294407894736725e-01	-4.397743626644736725e-01	-4.373329564144736725e-01
-4.458778782894736725e-01	-4.434364720394736725e-01	-4.507606907894736725e-01
-4.483192845394736725e-01	-4.568642064144736725e-01	-4.544228001644736725e-01
-4.629677220394736725e-01	-4.605263157894736725e-01	-4.678505345394736725e-01
-4.654091282894736725e-01	-4.739540501644736725e-01	-4.715126439144736725e-01
-4.800575657894736725e-01	-4.776161595394736725e-01	-4.849403782894736725e-01
-4.824989720394736725e-01	-4.910438939144736725e-01	-4.886024876644736725e-01
-4.971474095394736725e-01	-4.947060032894736725e-01	-5.032509251644736725e-01
-5.008095189144736725e-01	-5.081337376644736725e-01	-5.056923314144736725e-01
-5.142372532894736725e-01	-5.117958470394736725e-01	-5.203407689144736725e-01
-5.178993626644736725e-01	-5.264442845394736725e-01	-5.240028782894736725e-01
-5.313270970394736725e-01	-5.301063939144736725e-01	-5.374306126644736725e-01
-5.349892064144736725e-01	-5.435341282894736725e-01	-5.410927220394736725e-01
-5.496376439144736725e-01	-5.471962376644736725e-01	-5.545204564144736725e-01
-5.520790501644736725e-01	-5.606239720394736725e-01	-5.581825657894736725e-01
-5.667274876644736725e-01	-5.642860814144736725e-01	-5.728310032894736725e-01
-5.691688939144736725e-01	-5.777138157894736725e-01	-5.752724095394736725e-01
-5.838173314144736725e-01	-5.813759251644736725e-01	-5.899208470394736725e-01
-5.874794407894736725e-01	-5.948036595394736725e-01	-5.923622532894736725e-01
-6.009071751644736725e-01	-5.984657689144736725e-01	-6.070106907894736725e-01
-6.045692845394736725e-01	-6.131142064144736725e-01	-6.106728001644736725e-01
-6.179970189144736725e-01	-6.155556126644736725e-01	-6.241005345394736725e-01
-6.216591282894736725e-01	-6.302040501644736725e-01	-6.277626439144736725e-01
-6.363075657894736725e-01	-6.338661595394736725e-01	-6.411903782894736725e-01
-6.387489720394736725e-01	-6.472938939144736725e-01	-6.448524876644736725e-01
-6.533974095394736725e-01	-6.509560032894736725e-01	-6.595009251644736725e-01
-6.570595189144736725e-01	-6.643837376644736725e-01	-6.619423314144736725e-01
-6.704872532894736725e-01	-6.680458470394736725e-01	-6.765907689144736725e-01
-6.741493626644736725e-01	-6.826942845394736725e-01	-6.790321751644736725e-01
-6.875770970394736725e-01	-6.851356907894736725e-01	-6.936806126644736725e-01
-6.912392064144736725e-01	-6.997841282894736725e-01	-6.961220189144736725e-01
-7.046669407894736725e-01	-7.022255345394736725e-01	-7.107704564144736725e-01
-7.083290501644736725e-01	-7.168739720394736725e-01	-7.144325657894736725e-01
-7.217567845394736725e-01	-7.193153782894736725e-01	-7.278603001644736725e-01
-7.254188939144736725e-01	-7.339638157894736725e-01	-7.315224095394736725e-01
-7.388466282894736725e-01	-7.364052220394736725e-01	-7.449501439144736725e-01
-7.425087376644736725e-01	-7.510536595394736725e-01	-7.449501439144736725e-01
-7.522743626644736725e-01	-7.400673314144736725e-01	-7.486122532894736725e-01
-7.339638157894736725e-01	-7.425087376644736725e-01	-7.278603001644736725e-01
-7.364052220394736725e-01	-7.229774876644736725e-01	-7.303017064144736725e-01
-7.168739720394736725e-01	-7.254188939144736725e-01	-7.107704564144736725e-01
-7.193153782894736725e-01	-7.058876439144736725e-01	-7.144325657894736725e-01
-6.997841282894736725e-01	-7.083290501644736725e-01	-6.949013157894736725e-01
-7.022255345394736725e-01	-6.887978001644736725e-01	-6.973427220394736725e-01
-6.826942845394736725e-01	-6.912392064144736725e-01	-6.778114720394736725e-01
-6.851356907894736725e-01	-6.717079564144736725e-01	-6.802528782894736725e-01
-6.656044407894736725e-01	-6.741493626644736725e-01	-6.607216282894736725e-01
-6.680458470394736725e-01	-6.546181126644736725e-01	-6.631630345394736725e-01
-6.485145970394736725e-01	-6.570595189144736725e-01	-6.436317845394736725e-01
-6.509560032894736725e-01	-6.375282689144736725e-01	-6.460731907894736725e-01
-6.314247532894736725e-01	-6.399696751644736725e-01	-6.265419407894736725e-01
-6.338661595394736725e-01	-6.204384251644736725e-01	-6.289833470394736725e-01
-6.143349095394736725e-01	-6.228798314144736725e-01	-6.094520970394736725e-01
-6.167763157894736725e-01	-6.033485814144736725e-01	-6.106728001644736725e-01
-5.972450657894736725e-01	-6.057899876644736725e-01	-5.923622532894736725e-01
-5.996864720394736725e-01	-5.862587376644736725e-01	-5.948036595394736725e-01
-5.801552220394736725e-01	-5.887001439144736725e-01	-5.752724095394736725e-01
-5.825966282894736725e-01	-5.691688939144736725e-01	-5.777138157894736725e-01
-5.630653782894736725e-01	-5.716103001644736725e-01	-5.581825657894736725e-01
-5.655067845394736725e-01	-5.520790501644736725e-01	-5.606239720394736725e-01
-5.459755345394736725e-01	-5.545204564144736725e-01	-5.410927220394736725e-01
-5.484169407894736725e-01	-5.349892064144736725e-01	-5.435341282894736725e-01
-5.288856907894736725e-01	-5.374306126644736725e-01	-5.240028782894736725e-01
-5.313270970394736725e-01	-5.178993626644736725e-01	-5.264442845394736725e-01
-5.117958470394736725e-01	-5.203407689144736725e-01	-5.056923314144736725e-01
-5.142372532894736725e-01	-5.008095189144736725e-01	-5.081337376644736725e-01
-4.947060032894736725e-01	-5.032509251644736725e-01	-4.886024876644736725e-01
-4.971474095394736725e-01	-4.837196751644736725e-01	-4.910438939144736725e-01
-4.776161595394736725e-01	-4.861610814144736725e-01	-4.715126439144736725e-01
-4.800575657894736725e-01	-4.666298314144736725e-01	-4.739540501644736725e-01
0.000000000000000000e+00	2.000000000000000164e-05	4.000000000000000327e-05
6.000000000000000152e-05	8.000000000000000654e-05	1.000000000000000048e-04
1.200000000000000030e-04	1.399999999999999877e-04	1.600000000000000131e-04
1.800000000000000113e-04	2.000000000000000096e-04	2.200000000000000078e-04
2.400000000000000061e-04	2.599999999999999772e-04	2.799999999999999755e-04
2.999999999999999737e-04	3.200000000000000262e-04	3.400000000000000244e-04
3.600000000000000227e-04	3.800000000000000209e-04	4.000000000000000192e-04
4.200000000000000174e-04	4.400000000000000157e-04	4.600000000000000139e-04
4.800000000000000122e-04	5.000000000000000104e-04	5.199999999999999544e-04
5.400000000000000069e-04	5.599999999999999509e-04	5.800000000000000034e-04
5.999999999999999474e-04	6.199999999999999999e-04	6.400000000000000524e-04
6.599999999999999964e-04	6.800000000000000488e-04	6.999999999999999929e-04
7.200000000000000453e-04	7.399999999999999894e-04	7.600000000000000418e-04
7.799999999999999859e-04	8.000000000000000383e-04	8.199999999999999824e-04
8.400000000000000348e-04	8.599999999999999789e-04	8.800000000000000313e-04
8.999999999999999754e-04	9.200000000000000278e-04	9.399999999999999719e-04
9.600000000000000243e-04	9.799999999999999684e-04	1.000000000000000021e-03
1.020000000000000073e-03	1.039999999999999909e-03	1.059999999999999961e-03
1.080000000000000014e-03	1.100000000000000066e-03	1.119999999999999902e-03
1.139999999999999954e-03	1.160000000000000007e-03	1.180000000000000059e-03
1.199999999999999895e-03	1.219999999999999947e-03	1.240000000000000000e-03
1.260000000000000052e-03	1.280000000000000105e-03	1.299999999999999940e-03
1.319999999999999993e-03	1.340000000000000045e-03	1.360000000000000098e-03
1.379999999999999933e-03	1.399999999999999986e-03	1.420000000000000038e-03
1.440000000000000091e-03	1.459999999999999926e-03	1.479999999999999979e-03
1.500000000000000031e-03	1.520000000000000084e-03	1.539999999999999919e-03
1.559999999999999972e-03	1.580000000000000024e-03	1.600000000000000077e-03
1.619999999999999912e-03	1.639999999999999965e-03	1.660000000000000017e-03
1.680000000000000070e-03	1.699999999999999905e-03	1.719999999999999958e-03
1.740000000000000010e-03	1.760000000000000063e-03	1.779999999999999898e-03
1.799999999999999951e-03	1.820000000000000003e-03	1.840000000000000056e-03
1.860000000000000108e-03	1.879999999999999944e-03	1.899999999999999996e-03
1.920000000000000049e-03	1.940000000000000101e-03	1.959999999999999937e-03
1.979999999999999989e-03	2.000000000000000042e-03	2.020000000000000094e-03
2.040000000000000147e-03	2.060000000000000199e-03	2.079999999999999818e-03
2.099999999999999870e-03	2.119999999999999923e-03	2.139999999999999975e-03
2.160000000000000028e-03	2.180000000000000080e-03	2.200000000000000133e-03
2.220000000000000185e-03	2.239999999999999804e-03	2.259999999999999856e-03
2.279999999999999909e-03	2.299999999999999961e-03	2.320000000000000014e-03
2.340000000000000066e-03	2.360000000000000119e-03	2.380000000000000171e-03
2.399999999999999790e-03	2.419999999999999842e-03	2.439999999999999895e-03
2.459999999999999947e-03	2.480000000000000000e-03	2.500000000000000052e-03
2.520000000000000104e-03	2.540000000000000157e-03	2.560000000000000209e-03
2.579999999999999828e-03	2.599999999999999881e-03	2.619999999999999933e-03
2.639999999999999986e-03	2.660000000000000038e-03	2.680000000000000090e-03
2.700000000000000143e-03	2.720000000000000195e-03	2.739999999999999814e-03
2.759999999999999867e-03	2.779999999999999919e-03	2.799999999999999972e-03
2.820000000000000024e-03	2.840000000000000076e-03	2.860000000000000129e-03
2.880000000000000181e-03	2.899999999999999800e-03	2.919999999999999853e-03
2.939999999999999905e-03	2.959999999999999958e-03	2.980000000000000010e-03
3.000000000000000062e-03	3.020000000000000115e-03	3.040000000000000167e-03
3.059999999999999786e-03	3.079999999999999839e-03	3.099999999999999891e-03
3.119999999999999944e-03	3.139999999999999996e-03	3.160000000000000048e-03
3.180000000000000101e-03	3.200000000000000153e-03	3.220000000000000206e-03
3.239999999999999825e-03	3.259999999999999877e-03	3.279999999999999930e-03
3.299999999999999982e-03	3.320000000000000034e-03	3.340000000000000087e-03
3.360000000000000139e-03	3.380000000000000192e-03	3.399999999999999811e-03
3.419999999999999863e-03	3.439999999999999915e-03	3.459999999999999968e-03
3.480000000000000020e-03	3.500000000000000073e-03	3.520000000000000125e-03
3.540000000000000178e-03	3.559999999999999797e-03	3.579999999999999849e-03
3.599999999999999901e-03	3.619999999999999954e-03	3.640000000000000006e-03
3.660000000000000059e-03	3.680000000000000111e-03	3.700000000000000164e-03
3.720000000000000216e-03	3.739999999999999835e-03	3.759999999999999887e-03
3.779999999999999940e-03	3.799999999999999992e-03	3.820000000000000045e-03
3.840000000000000097e-03	3.860000000000000150e-03	3.880000000000000202e-03
3.899999999999999821e-03	3.919999999999999873e-03	3.939999999999999926e-03
3.959999999999999978e-03	3.980000000000000031e-03	4.000000000000000083e-03
4.020000000000000136e-03	4.040000000000000188e-03	4.060000000000000241e-03
4.080000000000000293e-03	4.100000000000000346e-03	4.120000000000000398e-03
4.139999999999999583e-03	4.159999999999999636e-03	4.179999999999999688e-03
4.199999999999999740e-03	4.219999999999999793e-03	4.239999999999999845e-03
4.259999999999999898e-03	4.279999999999999950e-03	4.300000000000000003e-03
4.320000000000000055e-03	4.340000000000000108e-03	4.360000000000000160e-03
4.380000000000000213e-03	4.400000000000000265e-03	4.420000000000000318e-03
4.440000000000000370e-03	4.460000000000000422e-03	4.479999999999999608e-03
4.499999999999999660e-03	4.519999999999999712e-03	4.539999999999999765e-03
4.559999999999999817e-03	4.579999999999999870e-03	4.599999999999999922e-03
4.619999999999999975e-03	4.640000000000000027e-03	4.660000000000000080e-03
4.680000000000000132e-03	4.700000000000000185e-03	4.720000000000000237e-03
4.740000000000000289e-03	4.760000000000000342e-03	4.780000000000000394e-03
4.799999999999999580e-03	4.819999999999999632e-03	4.839999999999999684e-03
4.859999999999999737e-03	4.879999999999999789e-03	4.899999999999999842e-03
4.919999999999999894e-03	4.939999999999999947e-03	4.959999999999999999e-03
4.980000000000000052e-03	5.000000000000000104e-03	5.020000000000000157e-03
5.040000000000000209e-03	5.060000000000000261e-03	5.080000000000000314e-03
5.100000000000000366e-03	5.120000000000000419e-03	5.139999999999999604e-03
5.159999999999999656e-03	5.179999999999999709e-03	5.199999999999999761e-03
5.219999999999999814e-03	5.239999999999999866e-03	5.259999999999999919e-03
5.279999999999999971e-03	5.300000000000000024e-03	5.320000000000000076e-03
5.340000000000000129e-03	5.360000000000000181e-03	5.380000000000000233e-03
5.400000000000000286e-03	5.420000000000000338e-03	5.440000000000000391e-03
5.459999999999999576e-03	5.479999999999999628e-03	5.499999999999999681e-03
5.519999999999999733e-03	5.539999999999999786e-03	5.559999999999999838e-03
5.579999999999999891e-03	5.599999999999999943e-03	5.619999999999999996e-03
5.640000000000000048e-03	5.660000000000000100e-03	5.680000000000000153e-03
5.700000000000000205e-03	5.720000000000000258e-03	5.740000000000000310e-03
5.760000000000000363e-03	5.780000000000000415e-03	5.799999999999999600e-03
5.819999999999999653e-03	5.839999999999999705e-03	5.859999999999999758e-03
5.879999999999999810e-03	5.899999999999999863e-03	5.919999999999999915e-03
5.939999999999999968e-03	5.960000000000000020e-03	5.980000000000000072e-03
6.000000000000000125e-03	6.020000000000000177e-03	6.040000000000000230e-03
6.060000000000000282e-03	6.080000000000000335e-03	6.100000000000000387e-03
6.119999999999999572e-03	6.139999999999999625e-03	6.159999999999999677e-03
6.179999999999999730e-03	6.199999999999999782e-03	6.219999999999999835e-03
6.239999999999999887e-03	6.259999999999999939e-03	6.279999999999999992e-03
6.300000000000000044e-03	6.320000000000000097e-03	6.340000000000000149e-03
6.360000000000000202e-03	6.380000000000000254e-03	6.400000000000000307e-03
6.420000000000000359e-03	6.440000000000000412e-03	6.459999999999999597e-03
6.479999999999999649e-03	6.499999999999999702e-03	6.519999999999999754e-03
6.539999999999999807e-03	6.559999999999999859e-03	6.579999999999999911e-03
6.599999999999999964e-03	6.620000000000000016e-03	6.640000000000000069e-03
6.660000000000000121e-03	6.680000000000000174e-03	6.700000000000000226e-03
6.720000000000000279e-03	6.740000000000000331e-03	6.760000000000000384e-03
6.779999999999999569e-03	6.799999999999999621e-03	6.819999999999999674e-03
6.839999999999999726e-03	6.859999999999999779e-03	6.879999999999999831e-03
6.899999999999999883e-03	6.919999999999999936e-03	6.939999999999999988e-03
6.960000000000000041e-03	6.980000000000000093e-03	7.000000000000000146e-03
7.020000000000000198e-03	7.040000000000000251e-03	7.060000000000000303e-03
7.080000000000000356e-03	7.100000000000000408e-03	7.119999999999999593e-03
7.139999999999999646e-03	7.159999999999999698e-03	7.179999999999999750e-03
7.199999999999999803e-03	7.219999999999999855e-03	7.239999999999999908e-03
7.259999999999999960e-03	7.280000000000000013e-03	7.300000000000000065e-03
7.320000000000000118e-03	7.340000000000000170e-03	7.360000000000000223e-03
7.380000000000000275e-03	7.400000000000000328e-03	7.420000000000000380e-03
7.440000000000000432e-03	7.459999999999999618e-03	7.479999999999999670e-03
7.499999999999999722e-03	7.519999999999999775e-03	7.539999999999999827e-03
7.559999999999999880e-03	7.579999999999999932e-03	7.599999999999999985e-03
7.620000000000000037e-03	7.640000000000000090e-03	7.660000000000000142e-03
7.680000000000000195e-03	7.700000000000000247e-03	7.720000000000000299e-03
7.740000000000000352e-03	7.760000000000000404e-03	7.779999999999999589e-03
7.799999999999999642e-03	7.820000000000000562e-03	7.839999999999999747e-03
7.860000000000000667e-03	7.879999999999999852e-03	7.900000000000000772e-03
7.919999999999999957e-03	7.939999999999999142e-03	7.960000000000000062e-03
7.979999999999999247e-03	8.000000000000000167e-03	8.019999999999999352e-03
8.040000000000000271e-03	8.059999999999999457e-03	8.080000000000000376e-03
8.099999999999999561e-03	8.120000000000000481e-03	8.139999999999999666e-03
8.160000000000000586e-03	8.179999999999999771e-03	8.200000000000000691e-03
8.219999999999999876e-03	8.240000000000000796e-03	8.259999999999999981e-03
8.279999999999999166e-03	8.300000000000000086e-03	8.319999999999999271e-03
8.340000000000000191e-03	8.359999999999999376e-03	8.380000000000000296e-03
8.399999999999999481e-03	8.420000000000000401e-03	8.439999999999999586e-03
8.460000000000000506e-03	8.479999999999999691e-03	8.500000000000000611e-03
8.519999999999999796e-03	8.540000000000000716e-03	8.559999999999999901e-03
8.580000000000000820e-03	8.600000000000000006e-03	8.619999999999999191e-03
8.640000000000000110e-03	8.659999999999999296e-03	8.680000000000000215e-03
8.699999999999999400e-03	8.720000000000000320e-03	8.739999999999999505e-03
8.760000000000000425e-03	8.779999999999999610e-03	8.800000000000000530e-03
8.819999999999999715e-03	8.840000000000000635e-03	8.859999999999999820e-03
8.880000000000000740e-03	8.899999999999999925e-03	8.920000000000000845e-03
8.940000000000000030e-03	8.959999999999999215e-03	8.980000000000000135e-03
8.999999999999999320e-03	9.020000000000000240e-03	9.039999999999999425e-03
9.060000000000000345e-03	9.079999999999999530e-03	9.100000000000000450e-03
9.119999999999999635e-03	9.140000000000000555e-03	9.159999999999999740e-03
9.180000000000000659e-03	9.199999999999999845e-03	9.220000000000000764e-03
9.239999999999999949e-03	9.259999999999999135e-03	9.280000000000000054e-03
9.299999999999999239e-03	9.320000000000000159e-03	9.339999999999999344e-03
9.360000000000000264e-03	9.379999999999999449e-03	9.400000000000000369e-03
9.419999999999999554e-03	9.440000000000000474e-03	9.459999999999999659e-03
9.480000000000000579e-03	9.499999999999999764e-03	9.520000000000000684e-03
9.539999999999999869e-03	9.560000000000000789e-03	9.579999999999999974e-03
9.599999999999999159e-03	9.620000000000000079e-03	9.639999999999999264e-03
9.660000000000000184e-03	9.679999999999999369e-03	9.700000000000000289e-03
9.719999999999999474e-03	9.740000000000000394e-03	9.759999999999999579e-03
9.780000000000000498e-03	9.799999999999999684e-03	9.820000000000000603e-03
9.839999999999999789e-03	9.860000000000000708e-03	9.879999999999999893e-03
9.900000000000000813e-03	9.919999999999999998e-03	9.939999999999999183e-03
9.960000000000000103e-03	9.979999999999999288e-03	1.000000000000000021e-02
1.001999999999999939e-02	1.004000000000000031e-02	1.005999999999999950e-02
1.008000000000000042e-02	1.009999999999999960e-02	1.012000000000000052e-02
1.013999999999999971e-02	1.016000000000000063e-02	1.017999999999999981e-02
1.020000000000000073e-02	1.021999999999999992e-02	1.024000000000000084e-02
1.026000000000000002e-02	1.027999999999999921e-02	1.030000000000000013e-02
1.031999999999999931e-02	1.034000000000000023e-02	1.035999999999999942e-02
1.038000000000000034e-02	1.039999999999999952e-02	1.042000000000000044e-02
1.043999999999999963e-02	1.046000000000000055e-02	1.047999999999999973e-02
1.050000000000000065e-02	1.051999999999999984e-02	1.054000000000000076e-02
1.055999999999999994e-02	1.058000000000000086e-02	1.060000000000000005e-02
1.061999999999999923e-02	1.064000000000000015e-02	1.065999999999999934e-02
1.068000000000000026e-02	1.069999999999999944e-02	1.072000000000000036e-02
1.073999999999999955e-02	1.076000000000000047e-02	1.077999999999999965e-02
1.080000000000000057e-02	1.081999999999999976e-02	1.084000000000000068e-02
1.085999999999999986e-02	1.088000000000000078e-02	1.089999999999999997e-02
1.091999999999999915e-02	1.094000000000000007e-02	1.095999999999999926e-02
1.098000000000000018e-02	1.099999999999999936e-02	1.102000000000000028e-02
1.103999999999999947e-02	1.106000000000000039e-02	1.107999999999999957e-02
1.110000000000000049e-02	1.111999999999999968e-02	1.114000000000000060e-02
1.115999999999999978e-02	1.118000000000000070e-02	1.119999999999999989e-02
1.122000000000000081e-02	1.123999999999999999e-02	1.125999999999999918e-02
1.128000000000000010e-02	1.129999999999999928e-02	1.132000000000000020e-02
1.133999999999999939e-02	1.136000000000000031e-02	1.137999999999999949e-02
1.140000000000000041e-02	1.141999999999999960e-02	1.144000000000000052e-02
1.145999999999999970e-02	1.148000000000000062e-02	1.149999999999999981e-02
1.152000000000000073e-02	1.153999999999999991e-02	1.156000000000000083e-02
1.158000000000000002e-02	1.159999999999999920e-02	1.162000000000000012e-02
1.163999999999999931e-02	1.166000000000000023e-02	1.167999999999999941e-02
1.170000000000000033e-02	1.171999999999999952e-02	1.174000000000000044e-02
1.175999999999999962e-02	1.178000000000000054e-02	1.179999999999999973e-02
1.182000000000000065e-02	1.183999999999999983e-02	1.186000000000000075e-02
1.187999999999999994e-02	1.190000000000000085e-02	1.192000000000000004e-02
1.193999999999999923e-02	1.196000000000000014e-02	1.197999999999999933e-02
1.200000000000000025e-02	1.201999999999999943e-02	1.204000000000000035e-02
1.205999999999999954e-02	1.208000000000000046e-02	1.209999999999999964e-02
1.212000000000000056e-02	1.213999999999999975e-02	1.216000000000000067e-02
1.217999999999999985e-02	1.220000000000000077e-02	1.221999999999999996e-02
1.223999999999999914e-02	1.226000000000000006e-02	1.227999999999999925e-02
1.230000000000000017e-02	1.231999999999999935e-02	1.234000000000000027e-02
1.235999999999999946e-02	1.238000000000000038e-02	1.239999999999999956e-02
1.242000000000000048e-02	1.243999999999999967e-02	1.246000000000000059e-02
1.247999999999999977e-02	1.250000000000000069e-02	1.251999999999999988e-02
1.254000000000000080e-02	1.255999999999999998e-02	1.257999999999999917e-02
1.260000000000000009e-02	1.261999999999999927e-02	1.264000000000000019e-02
1.265999999999999938e-02	1.268000000000000030e-02	1.269999999999999948e-02
1.272000000000000040e-02	1.273999999999999959e-02	1.276000000000000051e-02
1.277999999999999969e-02	1.280000000000000061e-02	1.281999999999999980e-02
1.284000000000000072e-02	1.285999999999999990e-02	1.288000000000000082e-02
1.290000000000000001e-02	1.291999999999999919e-02	1.294000000000000011e-02
1.295999999999999930e-02	1.298000000000000022e-02	1.299999999999999940e-02
1.302000000000000032e-02	1.303999999999999951e-02	1.306000000000000043e-02
1.307999999999999961e-02	1.310000000000000053e-02	1.311999999999999972e-02
1.314000000000000064e-02	1.315999999999999982e-02	1.318000000000000074e-02
1.319999999999999993e-02	1.322000000000000085e-02	1.324000000000000003e-02
1.325999999999999922e-02	1.328000000000000014e-02	1.329999999999999932e-02
1.332000000000000024e-02	1.333999999999999943e-02	1.336000000000000035e-02
1.337999999999999953e-02	1.340000000000000045e-02	1.341999999999999964e-02
1.344000000000000056e-02	1.345999999999999974e-02	1.348000000000000066e-02
1.349999999999999985e-02	1.352000000000000077e-02	1.353999999999999995e-02
1.355999999999999914e-02	1.358000000000000006e-02	1.359999999999999924e-02
1.362000000000000016e-02	1.363999999999999935e-02	1.366000000000000027e-02
1.367999999999999945e-02	1.370000000000000037e-02	1.371999999999999956e-02
1.374000000000000048e-02	1.375999999999999966e-02	1.378000000000000058e-02
1.379999999999999977e-02	1.382000000000000069e-02	1.383999999999999987e-02
1.386000000000000079e-02	1.387999999999999998e-02	1.389999999999999916e-02
1.392000000000000008e-02	1.393999999999999927e-02	1.396000000000000019e-02
1.397999999999999937e-02	1.400000000000000029e-02	1.401999999999999948e-02
1.404000000000000040e-02	1.405999999999999958e-02	1.408000000000000050e-02
1.409999999999999969e-02	1.412000000000000061e-02	1.413999999999999979e-02
1.416000000000000071e-02	1.417999999999999990e-02	1.420000000000000082e-02
1.422000000000000000e-02	1.423999999999999919e-02	1.426000000000000011e-02
1.427999999999999929e-02	1.430000000000000021e-02	1.431999999999999940e-02
1.434000000000000032e-02	1.435999999999999950e-02	1.438000000000000042e-02
1.439999999999999961e-02	1.442000000000000053e-02	1.443999999999999971e-02
1.446000000000000063e-02	1.447999999999999982e-02	1.450000000000000074e-02
1.451999999999999992e-02	1.454000000000000084e-02	1.456000000000000003e-02
1.457999999999999921e-02	1.460000000000000013e-02	1.461999999999999932e-02
1.464000000000000024e-02	1.465999999999999942e-02	1.468000000000000034e-02
1.469999999999999953e-02	1.472000000000000045e-02	1.473999999999999963e-02
1.476000000000000055e-02	1.477999999999999974e-02	1.480000000000000066e-02
1.481999999999999984e-02	1.484000000000000076e-02	1.485999999999999995e-02
1.488000000000000086e-02	1.490000000000000005e-02	1.491999999999999924e-02
1.494000000000000015e-02	1.495999999999999934e-02	1.498000000000000026e-02
1.499999999999999944e-02	1.502000000000000036e-02	1.503999999999999955e-02
1.506000000000000047e-02	1.507999999999999965e-02	1.510000000000000057e-02
1.511999999999999976e-02	1.514000000000000068e-02	1.515999999999999986e-02
1.518000000000000078e-02	1.519999999999999997e-02	1.521999999999999915e-02
1.524000000000000007e-02	1.525999999999999926e-02	1.528000000000000018e-02
1.529999999999999936e-02	1.532000000000000028e-02	1.533999999999999947e-02
1.536000000000000039e-02	1.537999999999999957e-02	1.540000000000000049e-02
1.541999999999999968e-02	1.544000000000000060e-02	1.545999999999999978e-02
1.548000000000000070e-02	1.549999999999999989e-02	1.552000000000000081e-02
1.553999999999999999e-02	1.555999999999999918e-02	1.558000000000000010e-02
1.559999999999999928e-02	1.562000000000000020e-02	1.564000000000000112e-02
1.566000000000000031e-02	1.567999999999999949e-02	1.569999999999999868e-02
1.572000000000000133e-02	1.574000000000000052e-02	1.575999999999999970e-02
1.577999999999999889e-02	1.580000000000000154e-02	1.582000000000000073e-02
1.583999999999999991e-02	1.585999999999999910e-02	1.587999999999999828e-02
1.590000000000000094e-02	1.592000000000000012e-02	1.593999999999999931e-02
1.595999999999999849e-02	1.598000000000000115e-02	1.600000000000000033e-02
1.601999999999999952e-02	1.603999999999999870e-02	1.606000000000000136e-02
1.608000000000000054e-02	1.609999999999999973e-02	1.611999999999999891e-02
1.614000000000000157e-02	1.616000000000000075e-02	1.617999999999999994e-02
1.619999999999999912e-02	1.621999999999999831e-02	1.624000000000000096e-02
1.626000000000000015e-02	1.627999999999999933e-02	1.629999999999999852e-02
1.632000000000000117e-02	1.634000000000000036e-02	1.635999999999999954e-02
1.637999999999999873e-02	1.640000000000000138e-02	1.642000000000000057e-02
1.643999999999999975e-02	1.645999999999999894e-02	1.648000000000000159e-02
1.650000000000000078e-02	1.651999999999999996e-02	1.653999999999999915e-02
1.655999999999999833e-02	1.658000000000000099e-02	1.660000000000000017e-02
1.661999999999999936e-02	1.663999999999999854e-02	1.666000000000000120e-02
1.668000000000000038e-02	1.669999999999999957e-02	1.671999999999999875e-02
1.674000000000000141e-02	1.676000000000000059e-02	1.677999999999999978e-02
1.679999999999999896e-02	1.682000000000000162e-02	1.684000000000000080e-02
1.685999999999999999e-02	1.687999999999999917e-02	1.689999999999999836e-02
1.692000000000000101e-02	1.694000000000000020e-02	1.695999999999999938e-02
1.697999999999999857e-02	1.700000000000000122e-02	1.702000000000000041e-02
1.703999999999999959e-02	1.705999999999999878e-02	1.708000000000000143e-02
1.710000000000000062e-02	1.711999999999999980e-02	1.713999999999999899e-02
1.716000000000000164e-02	1.718000000000000083e-02	1.720000000000000001e-02
1.721999999999999920e-02	1.723999999999999838e-02	1.726000000000000104e-02
1.728000000000000022e-02	1.729999999999999941e-02	1.731999999999999859e-02
1.734000000000000125e-02	1.736000000000000043e-02	1.737999999999999962e-02
1.739999999999999880e-02	1.742000000000000146e-02	1.744000000000000064e-02
1.745999999999999983e-02	1.747999999999999901e-02	1.750000000000000167e-02
1.752000000000000085e-02	1.754000000000000004e-02	1.755999999999999922e-02
1.757999999999999841e-02	1.760000000000000106e-02	1.762000000000000025e-02
1.763999999999999943e-02	1.765999999999999862e-02	1.768000000000000127e-02
1.770000000000000046e-02	1.771999999999999964e-02	1.773999999999999883e-02
1.776000000000000148e-02	1.778000000000000067e-02	1.779999999999999985e-02
1.781999999999999904e-02	1.784000000000000169e-02	1.786000000000000087e-02
1.788000000000000006e-02	1.789999999999999925e-02	1.791999999999999843e-02
1.794000000000000108e-02	1.796000000000000027e-02	1.797999999999999945e-02
1.799999999999999864e-02	1.802000000000000129e-02	1.804000000000000048e-02
1.805999999999999966e-02	1.807999999999999885e-02	1.810000000000000150e-02
1.812000000000000069e-02	1.813999999999999987e-02	1.815999999999999906e-02
1.818000000000000171e-02	1.820000000000000090e-02	1.822000000000000008e-02
1.823999999999999927e-02	1.825999999999999845e-02	1.828000000000000111e-02
1.830000000000000029e-02	1.831999999999999948e-02	1.833999999999999866e-02
1.836000000000000132e-02	1.838000000000000050e-02	1.839999999999999969e-02
1.841999999999999887e-02	1.844000000000000153e-02	1.846000000000000071e-02
1.847999999999999990e-02	1.849999999999999908e-02	1.851999999999999827e-02
1.854000000000000092e-02	1.856000000000000011e-02	1.857999999999999929e-02
1.859999999999999848e-02	1.862000000000000113e-02	1.864000000000000032e-02
1.865999999999999950e-02	1.867999999999999869e-02	1.870000000000000134e-02
1.872000000000000053e-02	1.873999999999999971e-02	1.875999999999999890e-02
1.878000000000000155e-02	1.880000000000000074e-02	1.881999999999999992e-02
1.883999999999999911e-02	1.885999999999999829e-02	1.888000000000000095e-02
1.890000000000000013e-02	1.891999999999999932e-02	1.893999999999999850e-02
1.896000000000000116e-02	1.898000000000000034e-02	1.899999999999999953e-02
1.901999999999999871e-02	1.904000000000000137e-02	1.906000000000000055e-02
1.907999999999999974e-02	1.909999999999999892e-02	1.912000000000000158e-02
1.914000000000000076e-02	1.915999999999999995e-02	1.917999999999999913e-02
1.919999999999999832e-02	1.922000000000000097e-02	1.924000000000000016e-02
1.925999999999999934e-02	1.927999999999999853e-02	1.930000000000000118e-02
1.932000000000000037e-02	1.933999999999999955e-02	1.935999999999999874e-02
1.938000000000000139e-02	1.940000000000000058e-02	1.941999999999999976e-02
1.943999999999999895e-02	1.946000000000000160e-02	1.948000000000000079e-02
1.949999999999999997e-02	1.951999999999999916e-02	1.953999999999999834e-02
1.956000000000000100e-02	1.958000000000000018e-02	1.959999999999999937e-02
1.961999999999999855e-02	1.964000000000000121e-02	1.966000000000000039e-02
1.967999999999999958e-02	1.969999999999999876e-02	1.972000000000000142e-02
1.974000000000000060e-02	1.975999999999999979e-02	1.977999999999999897e-02
1.980000000000000163e-02	1.982000000000000081e-02	1.984000000000000000e-02
1.985999999999999918e-02	1.987999999999999837e-02	1.990000000000000102e-02
1.992000000000000021e-02	1.993999999999999939e-02	1.995999999999999858e-02
1.998000000000000123e-02	2.000000000000000042e-02	2.001999999999999960e-02
2.003999999999999879e-02	2.006000000000000144e-02	2.008000000000000063e-02
2.009999999999999981e-02	2.011999999999999900e-02	2.014000000000000165e-02
2.016000000000000084e-02	2.018000000000000002e-02	2.019999999999999921e-02
2.021999999999999839e-02	2.024000000000000105e-02	2.026000000000000023e-02
2.027999999999999942e-02	2.029999999999999860e-02	2.032000000000000126e-02
2.034000000000000044e-02	2.035999999999999963e-02	2.037999999999999881e-02
2.040000000000000147e-02	2.042000000000000065e-02	2.043999999999999984e-02
2.045999999999999902e-02	2.048000000000000168e-02	2.050000000000000086e-02
2.052000000000000005e-02	2.053999999999999923e-02	2.055999999999999842e-02
2.058000000000000107e-02	2.060000000000000026e-02	2.061999999999999944e-02
2.063999999999999863e-02	2.066000000000000128e-02	2.068000000000000047e-02
2.069999999999999965e-02	2.071999999999999884e-02	2.074000000000000149e-02
2.076000000000000068e-02	2.077999999999999986e-02	2.079999999999999905e-02
2.082000000000000170e-02	2.084000000000000088e-02	2.086000000000000007e-02
2.087999999999999926e-02	2.089999999999999844e-02	2.092000000000000109e-02
2.094000000000000028e-02	2.095999999999999946e-02	2.097999999999999865e-02
2.100000000000000130e-02	2.102000000000000049e-02	2.103999999999999967e-02
2.105999999999999886e-02	2.108000000000000151e-02	2.110000000000000070e-02
2.111999999999999988e-02	2.113999999999999907e-02	2.116000000000000172e-02
2.118000000000000091e-02	2.120000000000000009e-02	2.121999999999999928e-02
2.123999999999999846e-02	2.126000000000000112e-02	2.128000000000000030e-02
2.129999999999999949e-02	2.131999999999999867e-02	2.134000000000000133e-02
2.136000000000000051e-02	2.137999999999999970e-02	2.139999999999999888e-02
2.142000000000000154e-02	2.144000000000000072e-02	2.145999999999999991e-02
2.147999999999999909e-02	2.149999999999999828e-02	2.152000000000000093e-02
2.154000000000000012e-02	2.155999999999999930e-02	2.157999999999999849e-02
2.160000000000000114e-02	2.162000000000000033e-02	2.163999999999999951e-02
2.165999999999999870e-02	2.168000000000000135e-02	2.170000000000000054e-02
2.171999999999999972e-02	2.173999999999999891e-02	2.176000000000000156e-02
2.178000000000000075e-02	2.179999999999999993e-02	2.181999999999999912e-02
2.183999999999999830e-02	2.186000000000000096e-02	2.188000000000000014e-02
2.189999999999999933e-02	2.191999999999999851e-02	2.194000000000000117e-02
2.196000000000000035e-02	2.197999999999999954e-02	2.199999999999999872e-02
2.202000000000000138e-02	2.204000000000000056e-02	2.205999999999999975e-02
2.207999999999999893e-02	2.210000000000000159e-02	2.212000000000000077e-02
2.213999999999999996e-02	2.215999999999999914e-02	2.217999999999999833e-02
2.220000000000000098e-02	2.222000000000000017e-02	2.223999999999999935e-02
2.225999999999999854e-02	2.228000000000000119e-02	2.230000000000000038e-02
2.231999999999999956e-02	2.233999999999999875e-02	2.236000000000000140e-02
2.238000000000000059e-02	2.239999999999999977e-02	2.241999999999999896e-02
2.244000000000000161e-02	2.246000000000000080e-02	2.247999999999999998e-02
2.249999999999999917e-02	2.251999999999999835e-02	2.254000000000000101e-02
2.256000000000000019e-02	2.257999999999999938e-02	2.259999999999999856e-02
2.262000000000000122e-02	2.264000000000000040e-02	2.265999999999999959e-02
2.267999999999999877e-02	2.270000000000000143e-02	2.272000000000000061e-02
2.273999999999999980e-02	2.275999999999999898e-02	2.278000000000000164e-02
2.280000000000000082e-02	2.282000000000000001e-02	2.283999999999999919e-02
2.285999999999999838e-02	2.288000000000000103e-02	2.290000000000000022e-02
2.291999999999999940e-02	2.293999999999999859e-02	2.296000000000000124e-02
2.298000000000000043e-02	2.299999999999999961e-02	2.301999999999999880e-02
2.304000000000000145e-02	2.306000000000000064e-02	2.307999999999999982e-02
2.309999999999999901e-02	2.312000000000000166e-02	2.314000000000000085e-02
2.316000000000000003e-02	2.317999999999999922e-02	2.319999999999999840e-02
2.322000000000000106e-02	2.324000000000000024e-02	2.325999999999999943e-02
2.327999999999999861e-02	2.330000000000000127e-02	2.332000000000000045e-02
2.333999999999999964e-02	2.335999999999999882e-02	2.338000000000000148e-02
2.340000000000000066e-02	2.341999999999999985e-02	2.343999999999999903e-02
2.346000000000000169e-02	2.348000000000000087e-02	2.350000000000000006e-02
2.351999999999999924e-02	2.353999999999999843e-02	2.356000000000000108e-02
2.358000000000000027e-02	2.359999999999999945e-02	2.361999999999999864e-02
2.364000000000000129e-02	2.366000000000000048e-02	2.367999999999999966e-02
2.369999999999999885e-02	2.372000000000000150e-02	2.374000000000000069e-02
2.375999999999999987e-02	2.377999999999999906e-02	2.380000000000000171e-02
2.382000000000000089e-02	2.384000000000000008e-02	2.385999999999999927e-02
2.387999999999999845e-02	2.390000000000000110e-02	2.392000000000000029e-02
2.393999999999999947e-02	2.395999999999999866e-02	2.398000000000000131e-02
2.400000000000000050e-02	2.401999999999999968e-02	2.403999999999999887e-02
2.406000000000000152e-02	2.408000000000000071e-02	2.409999999999999989e-02
2.411999999999999908e-02	2.414000000000000173e-02	2.416000000000000092e-02
2.418000000000000010e-02	2.419999999999999929e-02	2.421999999999999847e-02
2.424000000000000113e-02	2.426000000000000031e-02	2.427999999999999950e-02
2.429999999999999868e-02	2.432000000000000134e-02	2.434000000000000052e-02
2.435999999999999971e-02	2.437999999999999889e-02	2.440000000000000155e-02
2.442000000000000073e-02	2.443999999999999992e-02	2.445999999999999910e-02
2.447999999999999829e-02	2.450000000000000094e-02	2.452000000000000013e-02
2.453999999999999931e-02	2.455999999999999850e-02	2.458000000000000115e-02
2.460000000000000034e-02	2.461999999999999952e-02	2.463999999999999871e-02
2.466000000000000136e-02	2.468000000000000055e-02	2.469999999999999973e-02
2.471999999999999892e-02	2.474000000000000157e-02	2.476000000000000076e-02
2.477999999999999994e-02	2.479999999999999913e-02	2.481999999999999831e-02
2.484000000000000097e-02	2.486000000000000015e-02	2.487999999999999934e-02
2.489999999999999852e-02	2.492000000000000118e-02	2.494000000000000036e-02
2.495999999999999955e-02	2.497999999999999873e-02	2.500000000000000139e-02
2.502000000000000057e-02	2.503999999999999976e-02	2.505999999999999894e-02
2.508000000000000160e-02	2.510000000000000078e-02	2.511999999999999997e-02
2.513999999999999915e-02	2.515999999999999834e-02	2.518000000000000099e-02
2.520000000000000018e-02	2.521999999999999936e-02	2.523999999999999855e-02
2.526000000000000120e-02	2.528000000000000039e-02	2.529999999999999957e-02
2.531999999999999876e-02	2.534000000000000141e-02	2.536000000000000060e-02
2.537999999999999978e-02	2.539999999999999897e-02	2.542000000000000162e-02
2.544000000000000081e-02	2.545999999999999999e-02	2.547999999999999918e-02
2.549999999999999836e-02	2.552000000000000102e-02	2.554000000000000020e-02
2.555999999999999939e-02	2.557999999999999857e-02	2.560000000000000123e-02
2.562000000000000041e-02	2.563999999999999960e-02	2.565999999999999878e-02
2.568000000000000144e-02	2.570000000000000062e-02	2.571999999999999981e-02
2.573999999999999899e-02	2.576000000000000165e-02	2.578000000000000083e-02
2.580000000000000002e-02	2.581999999999999920e-02	2.583999999999999839e-02
2.586000000000000104e-02	2.588000000000000023e-02	2.589999999999999941e-02
2.591999999999999860e-02	2.594000000000000125e-02	2.596000000000000044e-02
2.597999999999999962e-02	2.599999999999999881e-02	2.602000000000000146e-02
2.604000000000000065e-02	2.605999999999999983e-02	2.607999999999999902e-02
2.610000000000000167e-02	2.612000000000000086e-02	2.614000000000000004e-02
2.615999999999999923e-02	2.617999999999999841e-02	2.620000000000000107e-02
2.622000000000000025e-02	2.623999999999999944e-02	2.625999999999999862e-02
2.628000000000000128e-02	2.630000000000000046e-02	2.631999999999999965e-02
2.633999999999999883e-02	2.636000000000000149e-02	2.638000000000000067e-02
2.639999999999999986e-02	2.641999999999999904e-02	2.644000000000000170e-02
2.646000000000000088e-02	2.648000000000000007e-02	2.649999999999999925e-02
2.651999999999999844e-02	2.654000000000000109e-02	2.656000000000000028e-02
2.657999999999999946e-02	2.659999999999999865e-02	2.662000000000000130e-02
2.664000000000000049e-02	2.665999999999999967e-02	2.667999999999999886e-02
2.670000000000000151e-02	2.672000000000000069e-02	2.673999999999999988e-02
2.675999999999999907e-02	2.678000000000000172e-02	2.680000000000000090e-02
2.682000000000000009e-02	2.683999999999999928e-02	2.685999999999999846e-02
2.688000000000000111e-02	2.690000000000000030e-02	2.691999999999999948e-02
2.693999999999999867e-02	2.696000000000000132e-02	2.698000000000000051e-02
2.699999999999999969e-02	2.701999999999999888e-02	2.704000000000000153e-02
2.706000000000000072e-02	2.707999999999999990e-02	2.709999999999999909e-02
2.711999999999999827e-02	2.714000000000000093e-02	2.716000000000000011e-02
2.717999999999999930e-02	2.719999999999999848e-02	2.722000000000000114e-02
2.724000000000000032e-02	2.725999999999999951e-02	2.727999999999999869e-02
2.730000000000000135e-02	2.732000000000000053e-02	2.733999999999999972e-02
2.735999999999999890e-02	2.738000000000000156e-02	2.740000000000000074e-02
2.741999999999999993e-02	2.743999999999999911e-02	2.745999999999999830e-02
2.748000000000000095e-02	2.750000000000000014e-02	2.751999999999999932e-02
2.753999999999999851e-02	2.756000000000000116e-02	2.758000000000000035e-02
2.759999999999999953e-02	2.761999999999999872e-02	2.764000000000000137e-02
2.766000000000000056e-02	2.767999999999999974e-02	2.769999999999999893e-02
2.772000000000000158e-02	2.774000000000000077e-02	2.775999999999999995e-02
2.777999999999999914e-02	2.779999999999999832e-02	2.782000000000000098e-02
2.784000000000000016e-02	2.785999999999999935e-02	2.787999999999999853e-02
2.790000000000000119e-02	2.792000000000000037e-02	2.793999999999999956e-02
2.795999999999999874e-02	2.798000000000000140e-02	2.800000000000000058e-02
2.801999999999999977e-02	2.803999999999999895e-02	2.806000000000000161e-02
2.808000000000000079e-02	2.809999999999999998e-02	2.811999999999999916e-02
2.813999999999999835e-02	2.816000000000000100e-02	2.818000000000000019e-02
2.819999999999999937e-02	2.821999999999999856e-02	2.824000000000000121e-02
2.826000000000000040e-02	2.827999999999999958e-02	2.829999999999999877e-02
2.832000000000000142e-02	2.834000000000000061e-02	2.835999999999999979e-02
2.837999999999999898e-02	2.840000000000000163e-02	2.842000000000000082e-02
2.844000000000000000e-02	2.845999999999999919e-02	2.847999999999999837e-02
2.850000000000000103e-02	2.852000000000000021e-02	2.853999999999999940e-02
2.855999999999999858e-02	2.858000000000000124e-02	2.860000000000000042e-02
2.861999999999999961e-02	2.863999999999999879e-02	2.866000000000000145e-02
2.868000000000000063e-02	2.869999999999999982e-02	2.871999999999999900e-02
2.874000000000000166e-02	2.876000000000000084e-02	2.878000000000000003e-02
2.879999999999999921e-02	2.881999999999999840e-02	2.884000000000000105e-02
2.886000000000000024e-02	2.887999999999999942e-02	2.889999999999999861e-02
2.892000000000000126e-02	2.894000000000000045e-02	2.895999999999999963e-02
2.897999999999999882e-02	2.900000000000000147e-02	2.902000000000000066e-02
2.903999999999999984e-02	2.905999999999999903e-02	2.908000000000000168e-02
2.910000000000000087e-02	2.912000000000000005e-02	2.913999999999999924e-02
2.915999999999999842e-02	2.918000000000000108e-02	2.920000000000000026e-02
2.921999999999999945e-02	2.923999999999999863e-02	2.926000000000000129e-02
2.928000000000000047e-02	2.929999999999999966e-02	2.931999999999999884e-02
2.934000000000000150e-02	2.936000000000000068e-02	2.937999999999999987e-02
2.939999999999999905e-02	2.942000000000000171e-02	2.944000000000000089e-02
2.946000000000000008e-02	2.947999999999999926e-02	2.949999999999999845e-02
2.952000000000000110e-02	2.954000000000000029e-02	2.955999999999999947e-02
2.957999999999999866e-02	2.960000000000000131e-02	2.962000000000000050e-02
2.963999999999999968e-02	2.965999999999999887e-02	2.968000000000000152e-02
2.970000000000000070e-02	2.971999999999999989e-02	2.973999999999999908e-02
2.976000000000000173e-02	2.978000000000000091e-02	2.980000000000000010e-02
2.981999999999999929e-02	2.983999999999999847e-02	2.986000000000000112e-02
2.988000000000000031e-02	2.989999999999999949e-02	2.991999999999999868e-02
2.994000000000000133e-02	2.996000000000000052e-02	2.997999999999999970e-02
2.999999999999999889e-02	3.002000000000000154e-02	3.004000000000000073e-02
3.005999999999999991e-02	3.007999999999999910e-02	3.009999999999999828e-02
3.012000000000000094e-02	3.014000000000000012e-02	3.015999999999999931e-02
3.017999999999999849e-02	3.020000000000000115e-02	3.022000000000000033e-02
3.023999999999999952e-02	3.025999999999999870e-02	3.028000000000000136e-02
3.030000000000000054e-02	3.031999999999999973e-02	3.033999999999999891e-02
3.036000000000000157e-02	3.038000000000000075e-02	-9.204583418996712015e-04
-9.204583418996712015e-04	-4.810052168996711364e-04	-8.716302168996711581e-04
-4.565911543996711147e-04	-8.472161543996711364e-04	-4.321770918996711472e-04
-8.472161543996711364e-04	-4.077630293996711256e-04	-8.228020918996711147e-04
-3.833489668996711581e-04	-7.983880293996712015e-04	-4.077630293996711256e-04
-7.983880293996712015e-04	-4.321770918996711472e-04	-8.472161543996711364e-04
-4.810052168996711364e-04	-8.960442793996711798e-04	-5.542474043996710930e-04
-9.448724043996711147e-04	-6.030755293996711364e-04	-1.018114591899671071e-03
-6.519036543996711798e-04	-1.091356779399671245e-03	-7.007317793996711147e-04
-1.164598966899671201e-03	-7.007317793996711147e-04	-1.213427091899671245e-03
-7.495599043996711581e-04	-1.237841154399671158e-03	-7.739739668996711798e-04
-1.262255216899671288e-03	-7.983880293996712015e-04	-1.286669279399671201e-03
-8.472161543996711364e-04	-1.335497404399671245e-03	-9.204583418996712015e-04
-1.384325529399671288e-03	-9.692864668996711364e-04	-1.433153654399671115e-03
-9.937005293996711581e-04	-1.457567716899671245e-03	-1.042528654399671201e-03
-1.506395841899671288e-03	-1.091356779399671245e-03	-1.579638029399671245e-03
-1.164598966899671201e-03	-1.652880216899671201e-03	-1.262255216899671288e-03
-1.750536466899671288e-03	-1.384325529399671288e-03	-1.872606779399671288e-03
-1.481981779399671158e-03	-1.970263029399671375e-03	-1.579638029399671245e-03
-2.092333341899671375e-03	-1.677294279399671115e-03	-2.189989591899671028e-03
-1.774950529399671201e-03	-2.263231779399671201e-03	-1.897020841899671201e-03
-2.360888029399671288e-03	-1.994677091899671288e-03	-2.458544279399671375e-03
-2.092333341899671375e-03	-2.580614591899671375e-03	-2.214403654399671375e-03
-2.727098966899671288e-03	-2.360888029399671288e-03	-2.873583341899671201e-03
-2.507372404399671201e-03	-3.068895841899671375e-03	-2.678270841899671462e-03
-3.239794279399671635e-03	-2.824755216899671375e-03	-3.410692716899671462e-03
-2.971239591899671288e-03	-3.532763029399671462e-03	-3.117723966899671201e-03
-3.654833341899671462e-03	-3.215380216899671722e-03	-3.728075529399671635e-03
-3.288622404399671462e-03	-3.801317716899671809e-03	-3.337450529399671722e-03
-3.898973966899671462e-03	-3.386278654399671548e-03	-3.972216154399671635e-03
-3.459520841899671722e-03	-4.069872404399671288e-03	-3.532763029399671462e-03
-4.167528654399671809e-03	-3.630419279399671548e-03	-4.265184904399671462e-03
-3.728075529399671635e-03	-4.362841154399671982e-03	-3.801317716899671809e-03
-4.411669279399671809e-03	-3.850145841899671635e-03	-4.460497404399671635e-03
-3.874559904399671548e-03	-4.484911466899671982e-03	-3.923388029399671809e-03
-4.509325529399671462e-03	-3.947802091899671288e-03	-4.533739591899671809e-03
-4.021044279399671462e-03	-4.606981779399671982e-03	-4.143114591899671462e-03
-4.704638029399671635e-03	-4.314013029399671288e-03	-4.875536466899671462e-03
-4.533739591899671809e-03	-5.095263029399671982e-03	-4.777880216899671809e-03
-5.388231779399671809e-03	-5.022020841899671809e-03	-5.656786466899672156e-03
-5.290575529399672156e-03	-5.925341154399671635e-03	-5.510302091899671809e-03
-6.193895841899671982e-03	-5.730028654399671462e-03	-6.438036466899671982e-03
-5.974169279399671462e-03	-6.657763029399671635e-03	-6.218309904399671462e-03
-6.901903654399671635e-03	-6.486864591899671809e-03	-7.170458341899671982e-03
-6.828661466899671462e-03	-7.512255216899671635e-03	-7.194872404399671462e-03
-7.829638029399671809e-03	-7.585497404399671809e-03	-8.195848966899671809e-03
-7.976122404399672156e-03	-8.586473966899672156e-03	-8.366747404399672502e-03
-8.952684904399672156e-03	-8.757372404399671115e-03	-9.318895841899672156e-03
-9.123583341899671115e-03	-9.709520841899672502e-03	-9.514208341899671462e-03
-1.010014584189967285e-02	-9.904833341899671809e-03	-1.051518490439967181e-02
-1.034428646689967285e-02	-1.095463802939967285e-02	-1.085698177939967146e-02
-1.146733334189967146e-02	-1.139409115439967216e-02	-1.202885677939967250e-02
-1.195561459189967146e-02	-1.261479427939967216e-02	-1.254155209189967285e-02
-1.322514584189967216e-02	-1.310307552939967216e-02	-1.385991146689967250e-02
-1.368901302939967181e-02	-1.442143490439967181e-02	-1.425053646689967285e-02
-1.500737240439967146e-02	-1.468998959189967216e-02	-1.556889584189967250e-02
-1.517827084189967216e-02	-1.605717709189967077e-02	-1.564213802939967354e-02
-1.654545834189967077e-02	-1.615483334189967216e-02	-1.705815365439967285e-02
-1.671635677939967146e-02	-1.759526302939967354e-02	-1.735112240439967354e-02
-1.823002865439967216e-02	-1.803471615439967285e-02	-1.886479427939967424e-02
-1.874272396689967077e-02	-1.957280209189967216e-02	-1.949955990439967285e-02
-2.030522396689967216e-02	-2.028080990439967354e-02	-2.103764584189967216e-02
-2.103764584189967216e-02	-2.179448177939967424e-02	-2.179448177939967424e-02
-2.260014584189967354e-02	-2.260014584189967354e-02	-2.338139584189967424e-02
-2.340580990439967285e-02	-2.421147396689967216e-02	-2.423588802939967424e-02
-2.506596615439967216e-02	-2.511479427939967285e-02	-2.594487240439967424e-02
-2.599370052939967146e-02	-2.687260677939967354e-02	-2.692143490439967424e-02
-2.782475521689967146e-02	-2.787358334189967216e-02	-2.880131771689967146e-02
-2.885014584189967216e-02	-2.972905209189967424e-02	-2.977788021689967146e-02
-3.068120052939967216e-02	-3.073002865439967285e-02	-3.158452084189967285e-02
-3.163334896689967007e-02	-3.239018490439967562e-02	-3.241459896689967424e-02
-3.304936459189967285e-02	-3.300053646689967562e-02	-3.351323177939967424e-02
-3.334233334189967007e-02	-3.373295834189967562e-02	-3.331791927939967146e-02
-3.370854427939967007e-02	-3.287846615439967562e-02	-3.346440365439967007e-02
-3.207280209189967285e-02	-3.287846615439967562e-02	-3.104741146689967216e-02
-3.202397396689967562e-02	-2.980229427939967354e-02	-3.094975521689967424e-02
-2.848393490439967216e-02	-2.972905209189967424e-02	-2.706791927939967285e-02
-2.836186459189967216e-02	-2.560307552939967285e-02	-2.694584896689967285e-02
-2.408940365439967216e-02	-2.545659115439967424e-02	-2.262455990439967216e-02
-2.396733334189967216e-02	-2.113530209189967354e-02	-2.247807552939967354e-02
-1.969487240439967216e-02	-2.098881771689967146e-02	-1.830327084189967146e-02
-1.954838802939967354e-02	-1.698491146689967354e-02	-1.818120052939967146e-02
-1.576420834189967354e-02	-1.688725521689967216e-02	-1.464116146689967146e-02
-1.571538021689967285e-02	-1.366459896689967146e-02	-1.464116146689967146e-02
-1.276127865439967250e-02	-1.366459896689967146e-02	-1.195561459189967146e-02
-1.276127865439967250e-02	-1.122319271689967146e-02	-1.195561459189967146e-02
-1.053959896689967216e-02	-1.124760677939967181e-02	-9.953661466899672502e-03
-1.061284115439967146e-02	-9.416552091899671809e-03	-1.007573177939967250e-02
-9.001513029399671115e-03	-9.636278654399671462e-03	-8.708544279399672156e-03
-9.318895841899672156e-03	-8.488817716899672502e-03	-9.074755216899672156e-03
-8.342333341899672156e-03	-8.952684904399672156e-03	-8.269091154399671115e-03
-8.830614591899672156e-03	-8.220263029399672156e-03	-8.757372404399671115e-03
-8.122606779399672502e-03	-8.635302091899671115e-03	-7.951708341899671809e-03
-8.464403654399672156e-03	-7.756395841899671635e-03	-8.244677091899672502e-03
-7.512255216899671635e-03	-8.000536466899672502e-03	-7.219286466899671809e-03
-7.731981779399672156e-03	-6.926317716899671982e-03	-7.439013029399671462e-03
-6.633348966899672156e-03	-7.146044279399671635e-03	-6.340380216899671462e-03
-6.877489591899672156e-03	-6.022997404399672156e-03	-6.584520841899671462e-03
-5.730028654399671462e-03	-6.291552091899671635e-03	-5.437059904399671635e-03
-5.974169279399671462e-03	-5.144091154399671809e-03	-5.632372404399671809e-03
-4.826708341899671635e-03	-5.314989591899671635e-03	-4.509325529399671462e-03
-4.997606779399671462e-03	-4.216356779399671635e-03	-4.704638029399671635e-03
-3.923388029399671809e-03	-4.460497404399671635e-03	-3.679247404399671809e-03
-4.240770841899671982e-03	-3.435106779399671809e-03	-4.021044279399671462e-03
-3.239794279399671635e-03	-3.850145841899671635e-03	-3.020067716899671115e-03
-3.679247404399671809e-03	-2.800341154399671462e-03	-3.483934904399671635e-03
-2.556200529399671462e-03	-3.264208341899671548e-03	-2.287645841899671115e-03
-2.971239591899671288e-03	-1.994677091899671288e-03	-2.653856779399671115e-03
-1.701708341899671245e-03	-2.336473966899671375e-03	-1.457567716899671245e-03
-2.043505216899671115e-03	-1.286669279399671201e-03	-1.823778654399671245e-03
-1.140184904399671071e-03	-1.652880216899671201e-03	-1.066942716899671115e-03
-1.530809904399671201e-03	-1.018114591899671071e-03	-1.457567716899671245e-03
-9.692864668996711364e-04	-1.384325529399671288e-03	-9.204583418996712015e-04
-1.359911466899671158e-03	-8.960442793996711798e-04	-1.335497404399671245e-03
-8.960442793996711798e-04	-1.335497404399671245e-03	-8.716302168996711581e-04
-1.359911466899671158e-03	-8.960442793996711798e-04	-1.408739591899671201e-03
-9.204583418996712015e-04	-1.481981779399671158e-03	-9.937005293996711581e-04
-1.555223966899671115e-03	-1.042528654399671201e-03	-1.604052091899671158e-03
-1.091356779399671245e-03	-1.677294279399671115e-03	-1.091356779399671245e-03
-1.701708341899671245e-03	-1.091356779399671245e-03	-1.677294279399671115e-03
-1.066942716899671115e-03	-1.652880216899671201e-03	-9.937005293996711581e-04
-1.604052091899671158e-03	-9.448724043996711147e-04	-1.530809904399671201e-03
-8.960442793996711798e-04	-1.506395841899671288e-03	-8.716302168996711581e-04
-1.457567716899671245e-03	-8.716302168996711581e-04	-1.433153654399671115e-03
-8.960442793996711798e-04	-1.408739591899671201e-03	-8.716302168996711581e-04
-1.359911466899671158e-03	-7.983880293996712015e-04	-1.311083341899671115e-03
-7.251458418996711364e-04	-1.237841154399671158e-03	-6.519036543996711798e-04
-1.164598966899671201e-03	-5.298333418996711798e-04	-1.066942716899671115e-03
-4.321770918996711472e-04	-9.937005293996711581e-04	-3.589349043996711364e-04
-8.960442793996711798e-04	-2.856927168996711256e-04	-8.228020918996711147e-04
-2.368645918996711364e-04	-7.739739668996711798e-04	-1.880364668996711201e-04
-7.007317793996711147e-04	-1.392083418996711310e-04	-6.519036543996711798e-04
-6.596615439967112014e-05	-5.786614668996711147e-04	5.610415810032888664e-05
-4.810052168996711364e-04	1.781744706003289070e-04	-3.589349043996711364e-04
3.002447831003289070e-04	-2.124505293996711147e-04	4.467291581003289287e-04
-9.038021689967111472e-05	5.687994706003289287e-04	8.051822060032888799e-05
6.908697831003289287e-04	2.025885331003289015e-04	7.885260331003289070e-04
3.246588456003289287e-04	9.105963456003289070e-04	4.467291581003289287e-04
1.057080720600328929e-03	5.932135331003289503e-04	1.227979158100328972e-03
7.396979081003289720e-04	1.374463533100328885e-03	9.105963456003289070e-04
1.545361970600328929e-03	1.081494783100328842e-03	1.691846345600329059e-03
1.252393220600328885e-03	1.813916658100329059e-03	1.398877595600329015e-03
1.935986970600329059e-03	1.520947908100329015e-03	2.009229158100328799e-03
1.618604158100328885e-03	2.106885408100328885e-03	1.667432283100328929e-03
2.131299470600328799e-03	1.716260408100328972e-03	2.155713533100329145e-03
1.740674470600328885e-03	2.180127595600329059e-03	1.789502595600328929e-03
2.204541658100328972e-03	1.813916658100329059e-03	2.204541658100328972e-03
1.813916658100329059e-03	2.228955720600328885e-03	1.813916658100329059e-03
2.228955720600328885e-03	1.838330720600328972e-03	2.228955720600328885e-03
1.838330720600328972e-03	2.228955720600328885e-03	1.813916658100329059e-03
2.204541658100328972e-03	1.813916658100329059e-03	2.204541658100328972e-03
1.813916658100329059e-03	2.180127595600329059e-03	1.813916658100329059e-03
2.180127595600329059e-03	1.765088533100329015e-03	2.155713533100329145e-03
1.765088533100329015e-03	2.131299470600328799e-03	1.740674470600328885e-03
2.131299470600328799e-03	1.740674470600328885e-03	2.131299470600328799e-03
1.765088533100329015e-03	2.131299470600328799e-03	1.765088533100329015e-03
2.131299470600328799e-03	1.789502595600328929e-03	2.131299470600328799e-03
1.789502595600328929e-03	2.155713533100329145e-03	1.813916658100329059e-03
2.155713533100329145e-03	1.813916658100329059e-03	2.204541658100328972e-03
1.862744783100328885e-03	2.277783845600329145e-03	1.935986970600329059e-03
2.351026033100328885e-03	2.009229158100328799e-03	2.473096345600328885e-03
2.106885408100328885e-03	2.595166658100328885e-03	2.228955720600328885e-03
2.717236970600328885e-03	2.351026033100328885e-03	2.863721345600329232e-03
2.473096345600328885e-03	2.985791658100329232e-03	2.595166658100328885e-03
3.107861970600329232e-03	2.717236970600328885e-03	3.181104158100328538e-03
2.839307283100328885e-03	3.254346345600328712e-03	2.912549470600329059e-03
3.303174470600328538e-03	2.961377595600328885e-03	3.352002595600328799e-03
3.010205720600329145e-03	3.376416658100328712e-03	3.034619783100329059e-03
3.400830720600328625e-03	3.059033845600328972e-03	3.400830720600328625e-03
3.083447908100328885e-03	3.449658845600328885e-03	3.107861970600329232e-03
3.498486970600328712e-03	3.156690095600328625e-03	3.522901033100328625e-03
3.181104158100328538e-03	3.547315095600328538e-03	3.205518220600328885e-03
3.596143220600328799e-03	3.254346345600328712e-03	3.596143220600328799e-03
3.278760408100328625e-03	3.596143220600328799e-03	3.278760408100328625e-03
3.596143220600328799e-03	3.254346345600328712e-03	3.596143220600328799e-03
3.278760408100328625e-03	3.596143220600328799e-03	3.278760408100328625e-03
3.644971345600328625e-03	3.303174470600328538e-03	3.669385408100328538e-03
3.352002595600328799e-03	3.718213533100328799e-03	3.400830720600328625e-03
3.791455720600328538e-03	3.449658845600328885e-03	3.840283845600328799e-03
3.498486970600328712e-03	3.889111970600328625e-03	3.547315095600328538e-03
3.913526033100328538e-03	3.596143220600328799e-03	3.937940095600328885e-03
3.620557283100328712e-03	3.937940095600328885e-03	3.620557283100328712e-03
3.962354158100328365e-03	3.620557283100328712e-03	3.962354158100328365e-03
3.669385408100328538e-03	3.986768220600328712e-03	3.669385408100328538e-03
4.011182283100329059e-03	3.718213533100328799e-03	4.084424470600328365e-03
3.742627595600328712e-03	4.133252595600329059e-03	3.791455720600328538e-03
4.206494783100328365e-03	3.864697908100328712e-03	4.255322908100329059e-03
3.937940095600328885e-03	4.352979158100328712e-03	4.011182283100329059e-03
4.401807283100328538e-03	4.060010408100328885e-03	4.475049470600328712e-03
4.108838533100328712e-03	4.523877595600328538e-03	4.157666658100328538e-03
4.572705720600328365e-03	4.206494783100328365e-03	4.621533845600329059e-03
4.279736970600328538e-03	4.694776033100329232e-03	4.328565095600328365e-03
4.768018220600328538e-03	4.401807283100328538e-03	4.865674470600329059e-03
4.499463533100329059e-03	4.963330720600328712e-03	4.597119783100328712e-03
5.060986970600329232e-03	4.719190095600328712e-03	5.158643220600328885e-03
4.816846345600329232e-03	5.280713533100328885e-03	4.938916658100329232e-03
5.402783845600328885e-03	5.012158845600328538e-03	5.476026033100329059e-03
5.134229158100328538e-03	5.622510408100328538e-03	5.207471345600328712e-03
5.720166658100329059e-03	5.329541658100328712e-03	5.817822908100328712e-03
5.427197908100329232e-03	5.939893220600328712e-03	5.524854158100328885e-03
6.037549470600329232e-03	5.622510408100328538e-03	6.135205720600328885e-03
5.720166658100329059e-03	6.257276033100328885e-03	5.817822908100328712e-03
6.330518220600329059e-03	5.915479158100329232e-03	6.403760408100329232e-03
5.964307283100329059e-03	6.452588533100329059e-03	6.013135408100328885e-03
6.477002595600328538e-03	6.037549470600329232e-03	6.525830720600329232e-03
6.061963533100328712e-03	6.525830720600329232e-03	6.086377595600329059e-03
6.525830720600329232e-03	6.086377595600329059e-03	6.501416658100328885e-03
6.086377595600329059e-03	6.477002595600328538e-03	6.061963533100328712e-03
6.452588533100329059e-03	6.037549470600329232e-03	6.403760408100329232e-03
5.988721345600328538e-03	6.354932283100328538e-03	5.939893220600328712e-03
6.281690095600329232e-03	5.866651033100328538e-03	6.232861970600328538e-03
5.793408845600329232e-03	6.159619783100329232e-03	5.744580720600328538e-03
6.135205720600328885e-03	5.695752595600328712e-03	6.135205720600328885e-03
5.671338533100329232e-03	6.135205720600328885e-03	5.646924470600328885e-03
6.135205720600328885e-03	5.646924470600328885e-03	6.159619783100329232e-03
5.622510408100328538e-03	6.135205720600328885e-03	5.622510408100328538e-03
6.110791658100328538e-03	5.598096345600329059e-03	6.086377595600329059e-03
5.573682283100328712e-03	6.110791658100328538e-03	5.573682283100328712e-03
6.110791658100328538e-03	5.573682283100328712e-03	6.135205720600328885e-03
5.622510408100328538e-03	6.184033845600328712e-03	5.671338533100329232e-03
6.232861970600328538e-03	5.720166658100329059e-03	6.281690095600329232e-03
5.793408845600329232e-03	6.354932283100328538e-03	5.842236970600329059e-03
6.428174470600328712e-03	5.891065095600328885e-03	6.477002595600328538e-03
5.964307283100329059e-03	6.574658845600329059e-03	6.061963533100328712e-03
6.647901033100329232e-03	6.135205720600328885e-03	6.745557283100328885e-03
6.281690095600329232e-03	6.892041658100329232e-03	6.403760408100329232e-03
7.014111970600329232e-03	6.525830720600329232e-03	7.136182283100329232e-03
6.672315095600328712e-03	7.307080720600329059e-03	6.818799470600329059e-03
7.477979158100328885e-03	6.989697908100328885e-03	7.697705720600328538e-03
7.160596345600328712e-03	7.893018220600329579e-03	7.380322908100329232e-03
8.137158845600329579e-03	7.624463533100329232e-03	8.356885408100329232e-03
7.819776033100328538e-03	8.576611970600328885e-03	8.039502595600328191e-03
8.796338533100328538e-03	8.259229158100329579e-03	8.991651033100329579e-03
8.430127595600328538e-03	9.186963533100328885e-03	8.625440095600329579e-03
9.357861970600329579e-03	8.796338533100328538e-03	9.553174470600328885e-03
8.967236970600329232e-03	9.772901033100328538e-03	9.138135408100328191e-03
9.943799470600329232e-03	9.333447908100329232e-03	1.013911197060032854e-02
9.528760408100328538e-03	1.035883853310032993e-02	9.724072908100329579e-03
1.057856509560032958e-02	9.919385408100328885e-03	1.077387759560032889e-02
1.013911197060032854e-02	1.094477603310032958e-02	1.035883853310032993e-02
1.109126040810032993e-02	1.052973697060032889e-02	1.123774478310032854e-02
1.070063540810032958e-02	1.131098697060032958e-02	1.082270572060032958e-02
1.138422915810032889e-02	1.092036197060032923e-02	1.145747134560032993e-02
1.099360415810032854e-02	1.157954165810032993e-02	1.109126040810032993e-02
1.170161197060032993e-02	1.123774478310032854e-02	1.187251040810032889e-02
1.138422915810032889e-02	1.209223697060032854e-02	1.157954165810032993e-02
1.233637759560032854e-02	1.177485415810032923e-02	1.258051822060032854e-02
1.201899478310032923e-02	1.284907290810032889e-02	1.226313540810032923e-02
1.309321353310032889e-02	1.253169009560032958e-02	1.336176822060032923e-02
1.280024478310032993e-02	1.365473697060032993e-02	1.309321353310032889e-02
1.399653384560032958e-02	1.343501040810032854e-02	1.436274478310032958e-02
1.377680728310032993e-02	1.477778384560032854e-02	1.414301822060032993e-02
1.524165103310032993e-02	1.453364322060032854e-02	1.570551822060032784e-02
1.499751040810032993e-02	1.621821353310032993e-02	1.548579165810032993e-02
1.675532290810033062e-02	1.597407290810032993e-02	1.726801822060032923e-02
1.648676822060032854e-02	1.778071353310032784e-02	1.702387759560032923e-02
1.826899478310032784e-02	1.756098697060032993e-02	1.875727603310033131e-02
1.807368228310032854e-02	1.929438540810032854e-02	1.861079165810032923e-02
1.985590884560033131e-02	1.917231509560032854e-02	2.046626040810033131e-02
1.978266665810032854e-02	2.112544009560032854e-02	2.041743228310033062e-02
2.180903384560033131e-02	2.110102603310032993e-02	2.254145572060033131e-02
2.180903384560033131e-02	2.327387759560033131e-02	2.254145572060033131e-02
2.400629947060033131e-02	2.324946353310032923e-02	2.471430728310032923e-02
2.398188540810032923e-02	2.547114322060033131e-02	2.468989322060033062e-02
2.625239322060032854e-02	2.544672915810032923e-02	2.700922915810033062e-02
2.622797915810032993e-02	2.781489322060032993e-02	2.700922915810033062e-02
2.862055728310032923e-02	2.779047915810033131e-02	2.945063540810033062e-02
2.864497134560033131e-02	3.025629947060032993e-02	2.945063540810033062e-02
3.111079165810032993e-02	3.025629947060032993e-02	3.191645572060033270e-02
3.103754947060033062e-02	3.274653384560032715e-02	3.179438540810033270e-02
3.352778384560033131e-02	3.260004947060032854e-02	3.435786197060033270e-02
3.343012759560032993e-02	3.516352603310032854e-02	3.423579165810033270e-02
3.594477603310033270e-02	3.506586978310032715e-02	3.667719790810033270e-02
3.587153384560032993e-02	3.731196353310033131e-02	3.660395572060032993e-02
3.782465884560032993e-02	3.723872134560032854e-02	3.816645572060033131e-02
3.770258853310032993e-02	3.828852603310033131e-02	3.792231509560033131e-02
3.821528384560032854e-02	3.777583072060033270e-02	3.789790103310033270e-02
3.731196353310033131e-02	3.731196353310033131e-02	3.653071353310032715e-02
3.650629947060032854e-02	3.548090884560033131e-02	3.543208072060032715e-02
3.426020572060033131e-02	3.418696353310032854e-02	3.294184634560032993e-02
3.284419009560032854e-02	3.150141665810032854e-02	3.140376040810032715e-02
3.001215884560032993e-02	2.991450259560032854e-02	2.852290103310033131e-02
2.842524478310032993e-02	2.703364322060032923e-02	2.693598697060033131e-02
2.556879947060032923e-02	2.547114322060033131e-02	2.410395572060032923e-02
2.400629947060033131e-02	2.271235415810032854e-02	2.263911197060032923e-02
2.139399478310033062e-02	2.136958072060032854e-02	2.019770572060032923e-02
2.019770572060032923e-02	1.912348697060033131e-02	1.914790103310032993e-02
1.817133853310032993e-02	1.824458072060032923e-02	1.736567447060033062e-02
1.748774478310033062e-02	1.670649478310032993e-02	1.677973697060032923e-02
1.612055728310032854e-02	1.621821353310032993e-02	1.560786197060032993e-02
1.572993228310032993e-02	1.516840884560032889e-02	1.533930728310032958e-02
1.485102603310032958e-02	1.507075259560032923e-02	1.458247134560032923e-02
1.482661197060032923e-02	1.436274478310032958e-02	1.463129947060032993e-02
1.414301822060032993e-02	1.443598697060032889e-02	1.394770572060032889e-02
1.424067447060032958e-02	1.372797915810032923e-02	1.404536197060032854e-02
1.355708072060032854e-02	1.387446353310032958e-02	1.336176822060032923e-02
1.370356509560032889e-02	1.321528384560032889e-02	1.358149478310032889e-02
1.306879947060032854e-02	1.343501040810032854e-02	1.294672915810032854e-02
1.328852603310032993e-02	1.280024478310032993e-02	1.311762759560032923e-02
1.262934634560032923e-02	1.292231509560032993e-02	1.243403384560032993e-02
1.270258853310032854e-02	1.216547915810032958e-02	1.243403384560032993e-02
1.187251040810032889e-02	1.209223697060032854e-02	1.150629947060032889e-02
1.170161197060032993e-02	1.109126040810032993e-02	1.123774478310032854e-02
1.062739322060032854e-02	1.077387759560032889e-02	1.018794009560032923e-02
1.031001040810032923e-02	9.748486970600329926e-03	9.870557283100329926e-03
9.309033845600328885e-03	9.479932283100329579e-03	8.918408845600328538e-03
9.089307283100329232e-03	8.576611970600328885e-03	8.747510408100329579e-03
8.234815095600329232e-03	8.454541658100328885e-03	7.917432283100328191e-03
8.137158845600329579e-03	7.648877595600328712e-03	7.844190095600328885e-03
7.380322908100329232e-03	7.575635408100328538e-03	7.136182283100329232e-03
7.355908845600328885e-03	6.916455720600328712e-03	7.160596345600328712e-03
6.721143220600328538e-03	7.014111970600329232e-03	6.550244783100328712e-03
6.892041658100329232e-03	6.403760408100329232e-03	6.769971345600329232e-03
6.257276033100328885e-03	6.623486970600328885e-03	6.110791658100328538e-03
6.501416658100328885e-03	5.964307283100329059e-03	6.379346345600328885e-03
5.817822908100328712e-03	6.281690095600329232e-03	5.720166658100329059e-03
6.208447908100329059e-03	5.646924470600328885e-03	6.208447908100329059e-03
5.622510408100328538e-03	6.257276033100328885e-03	5.671338533100329232e-03
6.354932283100328538e-03	5.768994783100328885e-03	6.452588533100329059e-03
5.866651033100328538e-03	6.550244783100328712e-03	5.988721345600328538e-03
6.623486970600328885e-03	6.086377595600329059e-03	6.623486970600328885e-03
6.135205720600328885e-03	6.599072908100328538e-03	6.135205720600328885e-03
6.550244783100328712e-03	6.086377595600329059e-03	6.477002595600328538e-03
6.013135408100328885e-03	6.403760408100329232e-03	5.939893220600328712e-03
6.330518220600329059e-03	5.866651033100328538e-03	6.257276033100328885e-03
5.793408845600329232e-03	6.208447908100329059e-03	5.744580720600328538e-03
6.159619783100329232e-03	5.720166658100329059e-03	6.135205720600328885e-03
5.695752595600328712e-03	6.110791658100328538e-03	5.671338533100329232e-03
6.086377595600329059e-03	5.622510408100328538e-03	6.086377595600329059e-03
5.598096345600329059e-03	6.110791658100328538e-03	5.573682283100328712e-03
6.135205720600328885e-03	5.598096345600329059e-03	6.159619783100329232e-03
5.598096345600329059e-03	6.159619783100329232e-03	5.622510408100328538e-03
6.159619783100329232e-03	5.598096345600329059e-03	6.086377595600329059e-03
5.524854158100328885e-03	5.964307283100329059e-03	5.402783845600328885e-03
5.793408845600329232e-03	5.231885408100329059e-03	5.622510408100328538e-03
5.036572908100328885e-03	5.402783845600328885e-03	4.816846345600329232e-03
5.183057283100329232e-03	4.645947908100328538e-03	5.012158845600328538e-03
4.499463533100329059e-03	4.865674470600329059e-03	4.352979158100328712e-03
4.743604158100329059e-03	4.279736970600328538e-03	4.670361970600328885e-03
4.230908845600328712e-03	4.572705720600328365e-03	4.157666658100328538e-03
4.523877595600328538e-03	4.084424470600328365e-03	4.450635408100328365e-03
4.035596345600328538e-03	4.426221345600328885e-03	3.986768220600328712e-03
4.401807283100328538e-03	3.962354158100328365e-03	4.426221345600328885e-03
3.937940095600328885e-03	4.450635408100328365e-03	3.962354158100328365e-03
4.475049470600328712e-03	3.986768220600328712e-03	4.499463533100329059e-03
4.011182283100329059e-03	4.523877595600328538e-03	4.011182283100329059e-03
4.499463533100329059e-03	3.986768220600328712e-03	4.401807283100328538e-03
3.913526033100328538e-03	4.304151033100328885e-03	3.791455720600328538e-03
4.182080720600328885e-03	3.644971345600328625e-03	4.060010408100328885e-03
3.522901033100328625e-03	3.962354158100328365e-03	3.425244783100328538e-03
3.864697908100328712e-03	3.352002595600328799e-03	3.815869783100328885e-03
3.327588533100328885e-03	3.791455720600328538e-03	3.352002595600328799e-03
3.791455720600328538e-03	3.400830720600328625e-03	3.815869783100328885e-03
3.400830720600328625e-03	3.815869783100328885e-03	3.425244783100328538e-03
3.840283845600328799e-03	3.449658845600328885e-03	3.840283845600328799e-03
3.449658845600328885e-03	3.840283845600328799e-03	3.449658845600328885e-03
3.864697908100328712e-03	3.449658845600328885e-03	3.889111970600328625e-03
3.474072908100328799e-03	3.913526033100328538e-03	3.474072908100328799e-03
3.913526033100328538e-03	3.474072908100328799e-03	3.913526033100328538e-03
3.474072908100328799e-03	3.889111970600328625e-03	3.449658845600328885e-03
3.840283845600328799e-03	3.400830720600328625e-03	3.791455720600328538e-03
3.352002595600328799e-03	3.693799470600328885e-03	3.254346345600328712e-03
3.596143220600328799e-03	3.181104158100328538e-03	3.498486970600328712e-03
3.107861970600329232e-03	3.376416658100328712e-03	2.985791658100329232e-03
3.229932283100328799e-03	2.863721345600329232e-03	3.132276033100328712e-03
2.741651033100329232e-03	2.985791658100329232e-03	2.595166658100328885e-03
2.839307283100328885e-03	2.424268220600329059e-03	2.692822908100328972e-03
2.277783845600329145e-03	2.546338533100329059e-03	2.155713533100329145e-03
2.424268220600329059e-03	2.033643220600329145e-03	2.302197908100329059e-03
1.911572908100328929e-03	2.204541658100328972e-03	1.838330720600328972e-03
2.155713533100329145e-03	1.789502595600328929e-03	2.106885408100328885e-03
1.765088533100329015e-03	2.082471345600328972e-03	1.740674470600328885e-03
2.058057283100329059e-03	1.716260408100328972e-03	2.033643220600329145e-03
1.716260408100328972e-03	2.009229158100328799e-03	1.691846345600329059e-03
1.984815095600328885e-03	1.691846345600329059e-03	1.960401033100328972e-03
1.667432283100328929e-03	1.935986970600329059e-03	1.618604158100328885e-03
1.887158845600329015e-03	1.594190095600328972e-03	1.862744783100328885e-03
1.545361970600328929e-03	1.838330720600328972e-03	1.496533845600328885e-03
1.813916658100329059e-03	1.496533845600328885e-03	1.813916658100329059e-03
1.472119783100328972e-03	1.813916658100329059e-03	1.472119783100328972e-03
1.789502595600328929e-03	1.447705720600329059e-03	1.765088533100329015e-03
1.423291658100328929e-03	1.716260408100328972e-03	1.398877595600329015e-03
1.667432283100328929e-03	1.325635408100329059e-03	1.569776033100329059e-03
1.252393220600328885e-03	1.472119783100328972e-03	1.154736970600329015e-03
1.374463533100328885e-03	1.032666658100329015e-03	1.276807283100329015e-03
9.350104081003289287e-04	1.179151033100328929e-03	8.373541581003289503e-04
1.081494783100328842e-03	7.152838456003289503e-04	9.838385331003289720e-04
6.420416581003288853e-04	9.105963456003289070e-04	5.443854081003289070e-04
8.617682206003289720e-04	4.711432206003288961e-04	7.885260331003289070e-04
4.223150956003289070e-04	7.396979081003289720e-04	3.734869706003289178e-04
6.908697831003289287e-04	3.490729081003288961e-04	6.664557206003289070e-04
3.246588456003289287e-04	6.420416581003288853e-04	3.002447831003289070e-04
6.176275956003289720e-04	3.002447831003289070e-04	6.420416581003288853e-04
3.002447831003289070e-04	6.176275956003289720e-04	2.758307206003288853e-04
6.176275956003289720e-04	2.758307206003288853e-04	5.932135331003289503e-04
2.514166581003289178e-04	5.932135331003289503e-04	2.514166581003289178e-04
5.687994706003289287e-04	2.270025956003288961e-04	5.687994706003289287e-04
2.025885331003289015e-04	5.687994706003289287e-04	2.025885331003289015e-04
5.687994706003289287e-04	1.781744706003289070e-04	5.443854081003289070e-04
1.537604081003288853e-04	5.199713456003288853e-04	1.293463456003288907e-04
4.711432206003288961e-04	8.051822060032888799e-05	3.979010331003288853e-04
7.276033100328885622e-06	3.490729081003288961e-04	-6.596615439967112014e-05
3.002447831003289070e-04	-9.038021689967111472e-05	2.270025956003288961e-04
-1.392083418996711310e-04	1.781744706003289070e-04	-1.880364668996711201e-04
1.293463456003288907e-04	-2.124505293996711147e-04	8.051822060032888799e-05
-2.612786543996711039e-04	3.169009560032888528e-05	-3.101067793996711472e-04
7.276033100328885622e-06	-3.345208418996711147e-04	-4.155209189967111878e-05
-3.833489668996711581e-04	-9.038021689967111472e-05	-4.321770918996711472e-04
-1.147942793996711228e-04	-4.810052168996711364e-04	-1.636224043996711256e-04
-5.054192793996711581e-04	-1.880364668996711201e-04	-5.542474043996710930e-04
-2.124505293996711147e-04	-5.786614668996711147e-04	-2.124505293996711147e-04
-5.786614668996711147e-04	-2.368645918996711364e-04	-5.786614668996711147e-04
-2.368645918996711364e-04	-6.274895918996711581e-04	-2.612786543996711039e-04
-6.519036543996711798e-04	-2.612786543996711039e-04	-6.519036543996711798e-04
-2.856927168996711256e-04	-6.763177168996712015e-04	-2.856927168996711256e-04
-7.251458418996711364e-04	-3.101067793996711472e-04	-7.495599043996711581e-04
-3.589349043996711364e-04	-7.983880293996712015e-04	-4.077630293996711256e-04
-8.472161543996711364e-04	-4.565911543996711147e-04	-8.960442793996711798e-04
-5.298333418996711798e-04	-9.692864668996711364e-04	-6.274895918996711581e-04
-1.066942716899671115e-03	-7.251458418996711364e-04	-1.189013029399671115e-03
-8.472161543996711364e-04	-1.311083341899671115e-03	-1.018114591899671071e-03
-1.457567716899671245e-03	-1.164598966899671201e-03	-1.628466154399671288e-03
-1.311083341899671115e-03	-1.774950529399671201e-03	-1.433153654399671115e-03
-1.897020841899671201e-03	-1.579638029399671245e-03	-2.019091154399671201e-03
-1.701708341899671245e-03	-2.141161466899671201e-03	-1.848192716899671158e-03
-2.238817716899671288e-03	-1.945848966899671245e-03	-2.360888029399671288e-03
-2.067919279399671028e-03	-2.482958341899671288e-03	-2.165575529399671115e-03
-2.629442716899671201e-03	-2.287645841899671115e-03	-2.751513029399671201e-03
-2.385302091899671201e-03	-2.849169279399671288e-03	-2.458544279399671375e-03
-2.971239591899671288e-03	-2.531786466899671115e-03	-3.020067716899671115e-03
-2.580614591899671375e-03	-3.068895841899671375e-03	-2.605028654399671288e-03
-3.093309904399671288e-03	-2.605028654399671288e-03	-3.093309904399671288e-03
-2.629442716899671201e-03	-3.093309904399671288e-03	-2.629442716899671201e-03
-3.068895841899671375e-03	-2.605028654399671288e-03	-3.044481779399671462e-03
-2.629442716899671201e-03	-3.044481779399671462e-03	-2.629442716899671201e-03
-3.044481779399671462e-03	-2.629442716899671201e-03	-3.068895841899671375e-03
-2.653856779399671115e-03	-3.093309904399671288e-03	-2.678270841899671462e-03
-3.142138029399671548e-03	-2.702684904399671375e-03	-3.166552091899671462e-03
-2.702684904399671375e-03	-3.215380216899671722e-03	-2.727098966899671288e-03
-3.239794279399671635e-03	-2.727098966899671288e-03	-3.264208341899671548e-03
-2.751513029399671201e-03	-3.288622404399671462e-03	-2.800341154399671462e-03
-3.313036466899671809e-03	-2.849169279399671288e-03	-3.337450529399671722e-03
-2.897997404399671115e-03	-3.386278654399671548e-03	-2.995653654399671201e-03
-3.483934904399671635e-03	-3.093309904399671288e-03	-3.606005216899671635e-03
-3.239794279399671635e-03	-3.752489591899671548e-03	-3.410692716899671462e-03
-3.972216154399671635e-03	-3.606005216899671635e-03	-4.191942716899671288e-03
-3.874559904399671548e-03	-4.460497404399671635e-03	-4.167528654399671809e-03
-4.802294279399672156e-03	-4.484911466899671982e-03	-5.144091154399671809e-03
-4.875536466899671462e-03	-5.559130216899671635e-03	-5.314989591899671635e-03
-5.998583341899671809e-03	-5.803270841899671635e-03	-6.486864591899671809e-03
-6.291552091899671635e-03	-6.950731779399671462e-03	-6.804247404399671982e-03
-7.463427091899671809e-03	-7.316942716899671462e-03	-7.951708341899671809e-03
-7.829638029399671809e-03	-8.464403654399672156e-03	-8.317919279399671809e-03
-8.977098966899672502e-03	-8.806200529399671809e-03	-9.440966154399672156e-03
-9.245653654399671115e-03	-9.904833341899671809e-03	-9.709520841899672502e-03
-1.034428646689967285e-02	-1.017338802939967216e-02	-1.083256771689967285e-02
-1.066166927939967216e-02	-1.129643490439967250e-02	-1.117436459189967250e-02
-1.180913021689967285e-02	-1.171147396689967146e-02	-1.234623959189967181e-02
-1.227299740439967250e-02	-1.293217709189967146e-02	-1.285893490439967216e-02
-1.356694271689967181e-02	-1.349370052939967250e-02	-1.420170834189967216e-02
-1.410405209189967250e-02	-1.486088802939967285e-02	-1.471440365439967250e-02
-1.549565365439967146e-02	-1.534916927939967285e-02	-1.615483334189967216e-02
-1.595952084189967285e-02	-1.676518490439967216e-02	-1.654545834189967077e-02
-1.737553646689967216e-02	-1.710698177939967354e-02	-1.796147396689967354e-02
-1.764409115439967077e-02	-1.854741146689967146e-02	-1.823002865439967216e-02
-1.915776302939967146e-02	-1.884038021689967216e-02	-1.976811459189967146e-02
-1.947514584189967424e-02	-2.040288021689967354e-02	-2.015873959189967354e-02
-2.103764584189967216e-02	-2.081791927939967424e-02	-2.164799740439967216e-02
-2.145268490439967285e-02	-2.223393490439967354e-02	-2.208745052939967146e-02
-2.284428646689967354e-02	-2.274663021689967216e-02	-2.350346615439967424e-02
-2.345463802939967354e-02	-2.421147396689967216e-02	-2.416264584189967146e-02
-2.496830990439967424e-02	-2.494389584189967216e-02	-2.574955990439967146e-02
-2.574955990439967146e-02	-2.657963802939967285e-02	-2.660405209189967146e-02
-2.745854427939967146e-02	-2.745854427939967146e-02	-2.831303646689967146e-02
-2.831303646689967146e-02	-2.914311459189967285e-02	-2.916752865439967146e-02
-2.994877865439967216e-02	-2.994877865439967216e-02	-3.075444271689967146e-02
-3.073002865439967285e-02	-3.151127865439967007e-02	-3.146245052939967285e-02
-3.219487240439967285e-02	-3.212163021689967007e-02	-3.275639584189967562e-02
-3.263432552939967562e-02	-3.314702084189967424e-02	-3.292729427939967285e-02
-3.331791927939967146e-02	-3.282963802939967146e-02	-3.324467709189967562e-02
-3.229252865439967424e-02	-3.295170834189967146e-02	-3.143803646689967424e-02
-3.231694271689967285e-02	-3.033940365439967424e-02	-3.138920834189967007e-02
-2.906987240439967354e-02	-3.026616146689967146e-02	-2.767827084189967285e-02
-2.897221615439967216e-02	-2.623784115439967146e-02	-2.758061459189967146e-02
-2.482182552939967216e-02	-2.616459896689967216e-02	-2.338139584189967424e-02
-2.469975521689967216e-02	-2.194096615439967285e-02	-2.325932552939967424e-02
-2.050053646689967146e-02	-2.179448177939967424e-02	-1.910893490439967424e-02
-2.037846615439967146e-02	-1.774174740439967216e-02	-1.898686459189967424e-02
-1.644780209189967285e-02	-1.764409115439967077e-02	-1.517827084189967216e-02
-1.632573177939967285e-02	-1.400639584189967285e-02	-1.510502865439967285e-02
-1.293217709189967146e-02	-1.393315365439967181e-02	-1.198002865439967181e-02
-1.288334896689967250e-02	-1.117436459189967250e-02	-1.198002865439967181e-02
-1.049077084189967146e-02	-1.122319271689967146e-02	-9.904833341899671809e-03
-1.058842709189967285e-02	-9.416552091899671809e-03	-1.005131771689967216e-02
-9.025927091899671462e-03	-9.611864591899672849e-03	-8.659716154399671462e-03
-9.221239591899672502e-03	-8.342333341899672156e-03	-8.879442716899671115e-03
-8.049364591899671462e-03	-8.562059904399671809e-03	-7.756395841899671635e-03
-8.244677091899672502e-03	-7.439013029399671462e-03	-7.951708341899671809e-03
-7.170458341899671982e-03	-7.683153654399671462e-03	-6.901903654399671635e-03
-7.414598966899671982e-03	-6.657763029399671635e-03	-7.170458341899671982e-03
-6.413622404399671635e-03	-6.950731779399671462e-03	-6.193895841899671982e-03
-6.731005216899671809e-03	-5.974169279399671462e-03	-6.535692716899671635e-03
-5.754442716899671809e-03	-6.291552091899671635e-03	-5.534716154399672156e-03
-6.071825529399671982e-03	-5.290575529399672156e-03	-5.827684904399671982e-03
-5.046434904399672156e-03	-5.583544279399671982e-03	-4.851122404399671982e-03
-5.314989591899671635e-03	-4.558153654399671288e-03	-5.070848966899671635e-03
-4.338427091899671635e-03	-4.802294279399672156e-03	-4.069872404399671288e-03
-4.582567716899671635e-03	-1.775536788137335731e-01	-1.775536788137335731e-01
-1.751122725637335731e-01	-1.836571944387335731e-01	-1.812157881887335731e-01
-1.897607100637335731e-01	-1.873193038137335731e-01	-1.946435225637335731e-01
-1.934228194387335731e-01	-2.007470381887335731e-01	-1.995263350637335731e-01
-2.068505538137335731e-01	-2.044091475637335731e-01	-2.129540694387335731e-01
-2.105126631887335731e-01	-2.190575850637335731e-01	-2.166161788137335731e-01
-2.251611006887335731e-01	-2.214989913137335731e-01	-2.300439131887335731e-01
-2.276025069387335731e-01	-2.361474288137335731e-01	-2.337060225637335731e-01
-2.422509444387335731e-01	-2.398095381887335731e-01	-2.471337569387335731e-01
-2.446923506887335731e-01	-2.532372725637335731e-01	-2.507958663137335731e-01
-2.593407881887335731e-01	-2.568993819387335731e-01	-2.642236006887335731e-01
-2.617821944387335731e-01	-2.703271163137335731e-01	-2.678857100637335731e-01
-2.764306319387335731e-01	-2.739892256887335731e-01	-2.825341475637335731e-01
-2.800927413137335731e-01	-2.874169600637335731e-01	-2.861962569387335731e-01
-2.935204756887335731e-01	-2.910790694387335731e-01	-2.996239913137335731e-01
-2.971825850637335731e-01	-3.057275069387335731e-01	-3.032861006887335731e-01
-3.106103194387335731e-01	-3.081689131887335731e-01	-3.167138350637335731e-01
-3.142724288137335731e-01	-3.228173506887335731e-01	-3.203759444387335731e-01
-3.289208663137335731e-01	-3.264794600637335731e-01	-3.350243819387335731e-01
-3.325829756887335731e-01	-3.411278975637335731e-01	-3.386864913137335731e-01
-3.460107100637335731e-01	-3.435693038137335731e-01	-3.521142256887335731e-01
-3.496728194387335731e-01	-3.569970381887335731e-01	-3.545556319387335731e-01
-3.631005538137335731e-01	-3.606591475637335731e-01	-3.692040694387335731e-01
-3.667626631887335731e-01	-3.740868819387335731e-01	-3.728661788137335731e-01
-3.801903975637335731e-01	-3.777489913137335731e-01	-3.862939131887335731e-01
-3.838525069387335731e-01	-3.911767256887335731e-01	-3.899560225637335731e-01
-3.972802413137335731e-01	-3.948388350637335731e-01	-4.033837569387335731e-01
-4.009423506887335731e-01	-4.094872725637335731e-01	-4.070458663137335731e-01
-4.155907881887335731e-01	-4.131493819387335731e-01	-4.204736006887335731e-01
-4.192528975637335731e-01	-4.265771163137335731e-01	-4.241357100637335731e-01
-4.326806319387335731e-01	-4.302392256887335731e-01	-4.387841475637335731e-01
-4.363427413137335731e-01	-4.436669600637335731e-01	-4.424462569387335731e-01
-4.497704756887335731e-01	-4.473290694387335731e-01	-4.558739913137335731e-01
-4.534325850637335731e-01	-4.619775069387335731e-01	-4.583153975637335731e-01
-4.668603194387335731e-01	-4.644189131887335731e-01	-4.729638350637335731e-01
-4.705224288137335731e-01	-4.778466475637335731e-01	-4.766259444387335731e-01
-4.839501631887335731e-01	-4.815087569387335731e-01	-4.900536788137335731e-01
-4.876122725637335731e-01	-4.961571944387335731e-01	-4.937157881887335731e-01
-5.010400069387335176e-01	-4.985986006887335731e-01	-5.071435225637335176e-01
-5.047021163137335176e-01	-5.132470381887335176e-01	-5.108056319387335176e-01
-5.193505538137335176e-01	-5.169091475637335176e-01	-5.242333663137335176e-01
-5.217919600637335176e-01	-5.303368819387335176e-01	-5.278954756887335176e-01
-5.364403975637335176e-01	-5.339989913137335176e-01	-5.425439131887335176e-01
-5.401025069387335176e-01	-5.474267256887335176e-01	-5.449853194387335176e-01
-5.535302413137335176e-01	-5.510888350637335176e-01	-5.596337569387335176e-01
-5.571923506887335176e-01	-5.645165694387335176e-01	-5.632958663137335176e-01
-5.706200850637335176e-01	-5.681786788137335176e-01	-5.767236006887335176e-01
-5.742821944387335176e-01	-5.828271163137335176e-01	-5.803857100637335176e-01
-5.877099288137335176e-01	-5.852685225637335176e-01	-5.938134444387335176e-01
-5.913720381887335176e-01	-5.999169600637335176e-01	-5.974755538137335176e-01
-6.047997725637335176e-01	-6.023583663137335176e-01	-6.109032881887335176e-01
-6.084618819387335176e-01	-6.170068038137335176e-01	-6.145653975637335176e-01
-6.231103194387335176e-01	-6.206689131887335176e-01	-6.279931319387335176e-01
-6.255517256887335176e-01	-6.340966475637335176e-01	-6.316552413137335176e-01
-6.402001631887335176e-01	-6.377587569387335176e-01	-6.463036788137335176e-01
-6.426415694387335176e-01	-6.511864913137335176e-01	-6.487450850637335176e-01
-6.572900069387335176e-01	-6.548486006887335176e-01	-6.633935225637335176e-01
-6.609521163137335176e-01	-6.694970381887335176e-01	-6.670556319387335176e-01
-6.743798506887335176e-01	-6.719384444387335176e-01	-6.804833663137335176e-01
-6.780419600637335176e-01	-6.865868819387335176e-01	-6.841454756887335176e-01
-6.914696944387335176e-01	-6.902489913137335176e-01	-6.975732100637335176e-01
-6.951318038137335176e-01	-7.036767256887335176e-01	-7.012353194387335176e-01
-7.097802413137335176e-01	-7.073388350637335176e-01	-7.146630538137335176e-01
-7.122216475637335176e-01	-7.207665694387335176e-01	-7.183251631887335176e-01
-7.268700850637335176e-01	-7.232079756887335176e-01	-7.317528975637335176e-01
-7.293114913137335176e-01	-7.378564131887335176e-01	-7.354150069387335176e-01
-7.439599288137335176e-01	-7.415185225637335176e-01	-7.488427413137335176e-01
-7.464013350637335176e-01	-7.537255538137335176e-01	-7.415185225637335176e-01
-7.500634444387335176e-01	-7.354150069387335176e-01	-7.439599288137335176e-01
-7.305321944387335176e-01	-7.378564131887335176e-01	-7.244286788137335176e-01
-7.329736006887335176e-01	-7.183251631887335176e-01	-7.268700850637335176e-01
-7.122216475637335176e-01	-7.207665694387335176e-01	-7.073388350637335176e-01
-7.146630538137335176e-01	-7.012353194387335176e-01	-7.097802413137335176e-01
-6.951318038137335176e-01	-7.036767256887335176e-01	-6.902489913137335176e-01
-6.975732100637335176e-01	-6.841454756887335176e-01	-6.926903975637335176e-01
-6.792626631887335176e-01	-6.865868819387335176e-01	-6.731591475637335176e-01
-6.817040694387335176e-01	-6.670556319387335176e-01	-6.756005538137335176e-01
-6.621728194387335176e-01	-6.694970381887335176e-01	-6.560693038137335176e-01
-6.646142256887335176e-01	-6.499657881887335176e-01	-6.585107100637335176e-01
-6.438622725637335176e-01	-6.524071944387335176e-01	-6.389794600637335176e-01
-6.475243819387335176e-01	-6.328759444387335176e-01	-6.414208663137335176e-01
-6.279931319387335176e-01	-6.353173506887335176e-01	-6.218896163137335176e-01
-6.304345381887335176e-01	-6.157861006887335176e-01	-6.243310225637335176e-01
-6.109032881887335176e-01	-6.182275069387335176e-01	-6.047997725637335176e-01
-6.121239913137335176e-01	-5.986962569387335176e-01	-6.072411788137335176e-01
-5.925927413137335176e-01	-6.011376631887335176e-01	-5.877099288137335176e-01
-5.962548506887335176e-01	-5.816064131887335176e-01	-5.901513350637335176e-01
-5.767236006887335176e-01	-5.840478194387335176e-01	-5.706200850637335176e-01
-5.791650069387335176e-01	-5.645165694387335176e-01	-5.730614913137335176e-01
-5.584130538137335176e-01	-5.669579756887335176e-01	-5.535302413137335176e-01
-5.620751631887335176e-01	-5.474267256887335176e-01	-5.559716475637335176e-01
-5.413232100637335176e-01	-5.498681319387335176e-01	-5.364403975637335176e-01
-5.449853194387335176e-01	-5.303368819387335176e-01	-5.388818038137335176e-01
-5.254540694387335176e-01	-5.327782881887335176e-01	-5.193505538137335176e-01
-5.266747725637335176e-01	-5.132470381887335176e-01	-5.217919600637335176e-01
-5.083642256887335176e-01	-5.156884444387335176e-01	-5.022607100637335176e-01
-5.108056319387335176e-01	-4.961571944387335731e-01	-5.047021163137335176e-01
-4.900536788137335731e-01	-4.985986006887335731e-01	-4.839501631887335731e-01
-4.924950850637335731e-01	-4.790673506887335731e-01	-4.876122725637335731e-01
-4.729638350637335731e-01	-4.815087569387335731e-01	-4.680810225637335731e-01
-4.754052413137335731e-01	-4.619775069387335731e-01	-4.705224288137335731e-01
-4.558739913137335731e-01	-4.644189131887335731e-01	-4.509911788137335731e-01
-4.583153975637335731e-01	-4.448876631887335731e-01	-4.534325850637335731e-01
-4.400048506887335731e-01	-4.473290694387335731e-01	-4.339013350637335731e-01
-4.412255538137335731e-01	-4.277978194387335731e-01	-4.363427413137335731e-01
-4.216943038137335731e-01	-4.302392256887335731e-01	-4.168114913137335731e-01
-4.241357100637335731e-01	-4.107079756887335731e-01	-4.192528975637335731e-01
-4.046044600637335731e-01	-4.131493819387335731e-01	-3.985009444387335731e-01
-4.070458663137335731e-01	-3.936181319387335731e-01	-4.021630538137335731e-01
-3.875146163137335731e-01	-3.960595381887335731e-01	-3.814111006887335731e-01
-3.899560225637335731e-01	-3.765282881887335731e-01	-3.838525069387335731e-01
-3.704247725637335731e-01	-3.777489913137335731e-01	-3.643212569387335731e-01
-3.728661788137335731e-01	-3.594384444387335731e-01	-3.667626631887335731e-01
-3.533349288137335731e-01	-3.618798506887335731e-01	-3.472314131887335731e-01
-3.557763350637335731e-01	-3.423486006887335731e-01	-3.496728194387335731e-01
-3.362450850637335731e-01	-3.435693038137335731e-01	-3.301415694387335731e-01
-3.386864913137335731e-01	-3.240380538137335731e-01	-3.325829756887335731e-01
-3.191552413137335731e-01	-3.264794600637335731e-01	-3.130517256887335731e-01
-3.203759444387335731e-01	-3.069482100637335731e-01	-3.154931319387335731e-01
-3.008446944387335731e-01	-3.093896163137335731e-01	-2.959618819387335731e-01
-3.032861006887335731e-01	-2.898583663137335731e-01	-2.971825850637335731e-01
-2.837548506887335731e-01	-2.922997725637335731e-01	-2.776513350637335731e-01
-2.861962569387335731e-01	-2.727685225637335731e-01	-2.800927413137335731e-01
-2.666650069387335731e-01	-2.752099288137335731e-01	-2.605614913137335731e-01
-2.691064131887335731e-01	-2.556786788137335731e-01	-2.630028975637335731e-01
-2.495751631887335731e-01	-2.581200850637335731e-01	-2.434716475637335731e-01
-2.520165694387335731e-01	-2.373681319387335731e-01	-2.459130538137335731e-01
-2.324853194387335731e-01	-2.398095381887335731e-01	-2.263818038137335731e-01
-2.349267256887335731e-01	-2.202782881887335731e-01	-2.288232100637335731e-01
-2.153954756887335731e-01	-2.227196944387335731e-01	-2.092919600637335731e-01
-2.166161788137335731e-01	-2.031884444387335731e-01	-2.117333663137335731e-01
-1.970849288137335731e-01	-2.056298506887335731e-01	-1.922021163137335731e-01
-1.995263350637335731e-01	-1.860986006887335731e-01	-1.934228194387335731e-01
-1.799950850637335731e-01	-1.885400069387335731e-01	-1.751122725637335731e-01
-1.824364913137335731e-01	-1.690087569387335731e-01	-1.763329756887335731e-01
-1.629052413137335731e-01	-1.714501631887335731e-01	-1.568017256887335731e-01
-1.653466475637335731e-01	-1.519189131887335453e-01	-1.592431319387335731e-01
-1.458153975637335453e-01	-1.531396163137335453e-01	-1.397118819387335453e-01
-1.482568038137335453e-01	-1.336083663137335453e-01	-1.421532881887335453e-01
-1.287255538137335453e-01	-1.360497725637335453e-01	-1.226220381887335592e-01
-1.311669600637335453e-01	-1.165185225637335592e-01	-1.250634444387335453e-01
-1.104150069387335592e-01	-1.189599288137335592e-01	-1.055321944387335592e-01
-1.128564131887335592e-01	-9.942867881373355921e-02	-1.079736006887335592e-01
-9.332516318873355921e-02	-1.018700850637335592e-01	-8.722164756373355921e-02
-9.576656943873355921e-02	-8.233883506373355921e-02	-8.966305381373355921e-02
-7.623531943873355921e-02	-8.478024131373355921e-02	-7.013180381373355921e-02
-7.867672568873355921e-02	-6.402828818873355921e-02	-7.257321006373355921e-02
-5.914547568873355921e-02	-6.646969443873355921e-02	-5.304196006373355921e-02
-6.158688193873355921e-02	-4.693844443873355921e-02	-5.548336631373355921e-02
-4.083492881373355921e-02	-4.937985068873355921e-02	-3.595211631373355921e-02
-4.449703818873355921e-02	-2.984860068873355574e-02	-3.839352256373355921e-02
-2.496578818873355574e-02	-3.229000693873355921e-02	-1.886227256373355574e-02
-2.618649131373355574e-02	-1.275875693873355574e-02	-2.130367881373355574e-02
-6.655241313733555736e-03	-1.520016318873355574e-02	-1.772428813733555736e-03
-9.096647563733555736e-03	4.331086811266444264e-03	-4.213835063733555736e-03
1.043460243626644426e-02	1.889680561266444264e-03	1.653811806126644426e-02
7.993196186266444264e-03	2.142093056126644426e-02	1.409671181126644426e-02
2.752444618626644426e-02	1.897952431126644426e-02	3.362796181126644079e-02
2.508303993626644426e-02	3.851077431126644079e-02	3.118655556126644426e-02
4.461428993626644079e-02	3.729007118626644079e-02	5.071780556126644079e-02
4.217288368626644079e-02	5.682132118626644079e-02	4.827639931126644079e-02
6.170413368626644079e-02	5.437991493626644079e-02	6.780764931126644079e-02
5.926272743626644079e-02	7.391116493626644079e-02	6.536624306126644079e-02
8.001468056126644079e-02	7.146975868626644079e-02	8.489749306126644079e-02
7.757327431126644079e-02	9.100100868626644079e-02	8.245608681126644079e-02
9.710452431126644079e-02	8.855960243626644079e-02	1.032080399362664408e-01
9.466311806126644079e-02	1.080908524362664408e-01	1.007666336862664408e-01
1.141943680612664408e-01	1.056494461862664408e-01	1.202978836862664408e-01
1.117529618112664408e-01	1.264013993112664547e-01	1.178564774362664408e-01
1.300635086862664547e-01	1.227392899362664408e-01	1.361670243112664547e-01
1.276221024362664547e-01	1.410498368112664547e-01	1.337256180612664547e-01
1.471533524362664547e-01	1.398291336862664547e-01	1.532568680612664547e-01
1.447119461862664547e-01	1.593603836862664269e-01	1.508154618112664547e-01
1.642431961862664269e-01	1.569189774362664269e-01	1.703467118112664269e-01
1.630224930612664269e-01	1.764502274362664269e-01	1.679053055612664269e-01
1.813330399362664269e-01	1.740088211862664269e-01	1.874365555612664269e-01
1.788916336862664269e-01	1.935400711862664269e-01	1.849951493112664269e-01
1.996435868112664269e-01	1.910986649362664269e-01	2.045263993112664269e-01
1.972021805612664269e-01	2.106299149362664269e-01	2.033056961862664269e-01
2.167334305612664269e-01	2.081885086862664269e-01	2.228369461862664269e-01
2.142920243112664269e-01	2.289404618112664269e-01	2.203955399362664269e-01
2.338232743112664269e-01	2.264990555612664269e-01	2.399267899362664269e-01
2.313818680612664269e-01	2.460303055612664269e-01	2.374853836862664269e-01
2.509131180612664269e-01	2.435888993112664269e-01	2.570166336862664269e-01
2.484717118112664269e-01	2.631201493112664269e-01	2.545752274362664269e-01
2.692236649362664269e-01	2.606787430612664269e-01	2.741064774362664269e-01
2.667822586862664269e-01	2.802099930612664269e-01	2.728857743112664269e-01
2.863135086862664269e-01	2.777685868112664269e-01	2.924170243112664269e-01
2.838721024362664269e-01	2.972998368112664269e-01	2.899756180612664269e-01
3.034033524362664269e-01	2.948584305612664269e-01	3.095068680612664269e-01
3.009619461862664269e-01	3.156103836862664269e-01	3.070654618112664269e-01
3.204931961862664269e-01	3.131689774362664269e-01	3.265967118112664269e-01
3.180517899362664269e-01	3.327002274362664269e-01	3.241553055612664269e-01
3.388037430612664269e-01	3.302588211862664269e-01	3.436865555612664269e-01
3.363623368112664269e-01	3.497900711862664269e-01	3.412451493112664269e-01
3.558935868112664269e-01	3.473486649362664269e-01	3.619971024362664269e-01
3.534521805612664269e-01	3.668799149362664269e-01	3.595556961862664269e-01
3.729834305612664269e-01	3.644385086862664269e-01	3.790869461862664269e-01
3.705420243112664269e-01	3.839697586862664269e-01	3.766455399362664269e-01
3.900732743112664269e-01	3.827490555612664269e-01	3.961767899362664269e-01
3.876318680612664269e-01	4.022803055612664269e-01	3.937353836862664269e-01
4.071631180612664269e-01	3.998388993112664269e-01	4.132666336862664269e-01
4.047217118112664269e-01	4.193701493112664269e-01	4.108252274362664269e-01
4.254736649362664269e-01	4.169287430612664269e-01	4.303564774362664269e-01
4.230322586862664269e-01	4.364599930612664269e-01	4.279150711862664269e-01
4.425635086862664269e-01	4.340185868112664269e-01	4.474463211862664269e-01
4.401221024362664269e-01	4.535498368112664269e-01	4.450049149362664269e-01
4.596533524362664269e-01	4.511084305612664269e-01	4.657568680612664269e-01
4.572119461862664269e-01	4.718603836862664269e-01	4.633154618112664269e-01
4.767431961862664269e-01	4.694189774362664269e-01	4.828467118112664269e-01
4.743017899362664269e-01	4.889502274362664269e-01	4.804053055612664269e-01
4.938330399362664269e-01	4.865088211862664269e-01	4.999365555612664269e-01
4.913916336862664269e-01	5.060400711862664824e-01	4.974951493112664269e-01
5.109228836862664824e-01	5.035986649362664824e-01	5.170263993112664824e-01
5.084814774362664824e-01	5.231299149362664824e-01	5.145849930612664824e-01
5.280127274362664824e-01	5.206885086862664824e-01	5.341162430612664824e-01
5.267920243112664824e-01	5.402197586862664824e-01	5.316748368112664824e-01
5.463232743112664824e-01	5.377783524362664824e-01	5.512060868112664824e-01
5.438818680612664824e-01	5.573096024362664824e-01	5.499853836862664824e-01
5.634131180612664824e-01	5.548681961862664824e-01	5.695166336862664824e-01
5.609717118112664824e-01	5.743994461862664824e-01	5.670752274362664824e-01
5.805029618112664824e-01	5.719580399362664824e-01	5.866064774362664824e-01
5.780615555612664824e-01	5.927099930612664824e-01	5.841650711862664824e-01
5.975928055612664824e-01	5.902685868112664824e-01	6.036963211862664824e-01
5.963721024362664824e-01	6.097998368112664824e-01	6.012549149362664824e-01
6.159033524362664824e-01	6.073584305612664824e-01	6.207861649362664824e-01
6.134619461862664824e-01	6.268896805612664824e-01	6.183447586862664824e-01
6.329931961862664824e-01	6.244482743112664824e-01	6.378760086862664824e-01
6.305517899362664824e-01	6.439795243112664824e-01	6.366553055612664824e-01
6.500830399362664824e-01	6.415381180612664824e-01	6.549658524362664824e-01
6.476416336862664824e-01	6.610693680612664824e-01	6.525244461862664824e-01
6.671728836862664824e-01	6.586279618112664824e-01	6.732763993112664824e-01
6.647314774362664824e-01	6.781592118112664824e-01	6.708349930612664824e-01
6.842627274362664824e-01	6.757178055612664824e-01	6.903662430612664824e-01
6.818213211862664824e-01	6.952490555612664824e-01	6.879248368112664824e-01
7.013525711862664824e-01	6.940283524362664824e-01	7.074560868112664824e-01
6.989111649362664824e-01	7.123388993112664824e-01	7.050146805612664824e-01
7.184424149362664824e-01	7.111181961862664824e-01	7.245459305612664824e-01
7.160010086862664824e-01	7.306494461862664824e-01	7.221045243112664824e-01
7.355322586862664824e-01	7.282080399362664824e-01	7.416357743112664824e-01
7.343115555612664824e-01	7.477392899362664824e-01	7.391943680612664824e-01
7.538428055612664824e-01	7.452978836862664824e-01	7.587256180612664824e-01
7.514013993112664824e-01	7.648291336862664824e-01	7.562842118112664824e-01
7.709326493112664824e-01	7.623877274362664824e-01	7.758154618112664824e-01
7.684912430612664824e-01	7.819189774362664824e-01	7.745947586862664824e-01
7.880224930612664824e-01	7.794775711862664824e-01	7.929053055612664824e-01
7.855810868112664824e-01	7.990088211862664824e-01	7.916846024362664824e-01
8.051123368112664824e-01	7.965674149362664824e-01	8.112158524362664824e-01
8.026709305612664824e-01	8.173193680612664824e-01	8.087744461862664824e-01
8.222021805612664824e-01	8.148779618112664824e-01	8.283056961862664824e-01
8.209814774362664824e-01	8.344092118112664824e-01	8.258642899362664824e-01
8.392920243112664824e-01	8.319678055612664824e-01	8.453955399362664824e-01
8.368506180612664824e-01	8.514990555612664824e-01	8.429541336862664824e-01
8.576025711862664824e-01	8.490576493112664824e-01	8.624853836862664824e-01
8.551611649362664824e-01	8.685888993112664824e-01	8.600439774362664824e-01
8.746924149362664824e-01	8.661474930612664824e-01	8.807959305612664824e-01
8.722510086862664824e-01	8.856787430612664824e-01	8.783545243112664824e-01
8.917822586862664824e-01	8.832373368112664824e-01	8.978857743112664824e-01
8.893408524362664824e-01	9.027685868112664824e-01	8.954443680612664824e-01
9.088721024362664824e-01	9.015478836862664824e-01	9.149756180612664824e-01
9.064306961862664824e-01	9.210791336862664824e-01	9.125342118112664824e-01
9.259619461862664824e-01	9.186377274362664824e-01	9.320654618112664824e-01
9.235205399362664824e-01	9.381689774362664824e-01	9.296240555612664824e-01
9.442724930612664824e-01	9.357275711862664824e-01	9.491553055612664824e-01
9.418310868112664824e-01	9.552588211862664824e-01	9.467138993112664824e-01
9.613623368112664824e-01	9.528174149362664824e-01	9.662451493112664824e-01
9.577002274362664824e-01	9.723486649362664824e-01	9.638037430612664824e-01
9.784521805612664824e-01	9.699072586862664824e-01	9.845556961862664824e-01
9.760107743112664824e-01	9.894385086862664824e-01	9.821142899362664824e-01
9.955420243112664824e-01	9.869971024362664824e-01	1.001645539936266482e+00
9.931006180612664824e-01	1.004086946186266482e+00	9.967627274362664824e-01
9.992041336862664824e-01	9.918799149362664824e-01	9.943213211862664824e-01
9.857763993112664824e-01	9.882178055612664824e-01	9.796728836862664824e-01
9.821142899362664824e-01	9.747900711862664824e-01	9.772314774362664824e-01
9.686865555612664824e-01	9.711279618112664824e-01	9.625830399362664824e-01
9.650244461862664824e-01	9.577002274362664824e-01	9.601416336862664824e-01
9.515967118112664824e-01	9.540381180612664824e-01	9.467138993112664824e-01
9.491553055612664824e-01	9.406103836862664824e-01	9.430517899362664824e-01
9.345068680612664824e-01	9.369482743112664824e-01	9.296240555612664824e-01
9.320654618112664824e-01	9.235205399362664824e-01	9.259619461862664824e-01
9.174170243112664824e-01	9.198584305612664824e-01	9.125342118112664824e-01
9.149756180612664824e-01	9.064306961862664824e-01	9.088721024362664824e-01
9.003271805612664824e-01	9.027685868112664824e-01	8.954443680612664824e-01
8.978857743112664824e-01	8.893408524362664824e-01	8.917822586862664824e-01
8.832373368112664824e-01	8.856787430612664824e-01	8.783545243112664824e-01
8.807959305612664824e-01	8.722510086862664824e-01	8.746924149362664824e-01
8.661474930612664824e-01	8.685888993112664824e-01	8.612646805612664824e-01
8.637060868112664824e-01	8.551611649362664824e-01	8.576025711862664824e-01
8.490576493112664824e-01	8.514990555612664824e-01	8.441748368112664824e-01
8.466162430612664824e-01	8.380713211862664824e-01	8.405127274362664824e-01
8.319678055612664824e-01	8.344092118112664824e-01	8.270849930612664824e-01
8.295263993112664824e-01	8.209814774362664824e-01	8.234228836862664824e-01
8.148779618112664824e-01	8.173193680612664824e-01	8.099951493112664824e-01
8.124365555612664824e-01	8.038916336862664824e-01	8.063330399362664824e-01
7.977881180612664824e-01	8.002295243112664824e-01	7.929053055612664824e-01
7.953467118112664824e-01	7.868017899362664824e-01	7.892431961862664824e-01
7.806982743112664824e-01	7.831396805612664824e-01	7.745947586862664824e-01
7.782568680612664824e-01	7.697119461862664824e-01	7.721533524362664824e-01
7.636084305612664824e-01	7.660498368112664824e-01	7.587256180612664824e-01
7.611670243112664824e-01	7.526221024362664824e-01	7.550635086862664824e-01
7.465185868112664824e-01	7.489599930612664824e-01	7.404150711862664824e-01
7.440771805612664824e-01	7.355322586862664824e-01	7.379736649362664824e-01
7.294287430612664824e-01	7.318701493112664824e-01	7.245459305612664824e-01
7.269873368112664824e-01	7.184424149362664824e-01	7.208838211862664824e-01
7.123388993112664824e-01	7.147803055612664824e-01	7.074560868112664824e-01
7.098974930612664824e-01	7.013525711862664824e-01	7.037939774362664824e-01
6.952490555612664824e-01	6.976904618112664824e-01	6.903662430612664824e-01
6.915869461862664824e-01	6.842627274362664824e-01	6.867041336862664824e-01
6.781592118112664824e-01	6.806006180612664824e-01	6.732763993112664824e-01
6.757178055612664824e-01	6.671728836862664824e-01	6.696142899362664824e-01
6.610693680612664824e-01	6.635107743112664824e-01	6.561865555612664824e-01
6.574072586862664824e-01	6.500830399362664824e-01	6.525244461862664824e-01
6.439795243112664824e-01	6.464209305612664824e-01	6.390967118112664824e-01
6.415381180612664824e-01	6.329931961862664824e-01	6.354346024362664824e-01
6.268896805612664824e-01	6.293310868112664824e-01	6.220068680612664824e-01
6.232275711862664824e-01	6.159033524362664824e-01	6.183447586862664824e-01
6.097998368112664824e-01	6.122412430612664824e-01	6.036963211862664824e-01
6.061377274362664824e-01	5.988135086862664824e-01	6.012549149362664824e-01
5.927099930612664824e-01	5.951513993112664824e-01	5.866064774362664824e-01
5.890478836862664824e-01	5.805029618112664824e-01	5.829443680612664824e-01
5.756201493112664824e-01	5.780615555612664824e-01	5.695166336862664824e-01
5.719580399362664824e-01	5.634131180612664824e-01	5.658545243112664824e-01
5.573096024362664824e-01	5.597510086862664824e-01	5.524267899362664824e-01
5.548681961862664824e-01	5.463232743112664824e-01	5.487646805612664824e-01
5.402197586862664824e-01	5.426611649362664824e-01	5.353369461862664824e-01
5.365576493112664824e-01	5.292334305612664824e-01	5.316748368112664824e-01
5.231299149362664824e-01	5.267920243112664824e-01	5.170263993112664824e-01
5.206885086862664824e-01	5.121435868112664824e-01	5.145849930612664824e-01
5.060400711862664824e-01	5.084814774362664824e-01	4.999365555612664269e-01
5.035986649362664824e-01	4.950537430612664269e-01	4.974951493112664269e-01
4.889502274362664269e-01	4.913916336862664269e-01	4.828467118112664269e-01
4.852881180612664269e-01	4.779638993112664269e-01	4.804053055612664269e-01
4.718603836862664269e-01	4.743017899362664269e-01	4.657568680612664269e-01
4.681982743112664269e-01	4.596533524362664269e-01	4.620947586862664269e-01
4.547705399362664269e-01	4.572119461862664269e-01	4.486670243112664269e-01
4.511084305612664269e-01	4.425635086862664269e-01	4.450049149362664269e-01
4.376806961862664269e-01	4.389013993112664269e-01	4.315771805612664269e-01
4.340185868112664269e-01	4.254736649362664269e-01	4.279150711862664269e-01
4.193701493112664269e-01	4.218115555612664269e-01	4.144873368112664269e-01
4.169287430612664269e-01	4.083838211862664269e-01	4.108252274362664269e-01
4.022803055612664269e-01	4.047217118112664269e-01	3.973974930612664269e-01
3.998388993112664269e-01	3.912939774362664269e-01	3.937353836862664269e-01
3.851904618112664269e-01	3.876318680612664269e-01	3.803076493112664269e-01
3.815283524362664269e-01	3.742041336862664269e-01	3.766455399362664269e-01
3.681006180612664269e-01	3.705420243112664269e-01	3.619971024362664269e-01
3.644385086862664269e-01	3.558935868112664269e-01	3.583349930612664269e-01
3.510107743112664269e-01	3.534521805612664269e-01	3.449072586862664269e-01
3.473486649362664269e-01	3.388037430612664269e-01	3.412451493112664269e-01
3.327002274362664269e-01	3.351416336862664269e-01	3.278174149362664269e-01
3.302588211862664269e-01	3.217138993112664269e-01	3.241553055612664269e-01
3.168310868112664269e-01	3.180517899362664269e-01	3.107275711862664269e-01
3.131689774362664269e-01	3.046240555612664269e-01	3.070654618112664269e-01
2.985205399362664269e-01	3.009619461862664269e-01	2.924170243112664269e-01
2.948584305612664269e-01	2.875342118112664269e-01	2.899756180612664269e-01
2.814306961862664269e-01	2.838721024362664269e-01	2.753271805612664269e-01
2.777685868112664269e-01	2.704443680612664269e-01	2.716650711862664269e-01
2.643408524362664269e-01	2.667822586862664269e-01	2.582373368112664269e-01
2.606787430612664269e-01	2.521338211862664269e-01	2.545752274362664269e-01
2.460303055612664269e-01	2.484717118112664269e-01	2.411474930612664269e-01
2.435888993112664269e-01	2.350439774362664269e-01	2.374853836862664269e-01
2.289404618112664269e-01	2.313818680612664269e-01	2.240576493112664269e-01
2.252783524362664269e-01	2.179541336862664269e-01	2.203955399362664269e-01
2.118506180612664269e-01	2.142920243112664269e-01	2.057471024362664269e-01
2.081885086862664269e-01	1.996435868112664269e-01	2.033056961862664269e-01
1.947607743112664269e-01	1.972021805612664269e-01	1.886572586862664269e-01
1.910986649362664269e-01	1.825537430612664269e-01	1.849951493112664269e-01
1.776709305612664269e-01	1.801123368112664269e-01	1.715674149362664269e-01
1.740088211862664269e-01	1.654638993112664269e-01	1.679053055612664269e-01
1.605810868112664269e-01	1.630224930612664269e-01	1.544775711862664547e-01
1.569189774362664269e-01	1.483740555612664547e-01	1.508154618112664547e-01
1.434912430612664547e-01	1.447119461862664547e-01	1.373877274362664547e-01
1.398291336862664547e-01	1.312842118112664547e-01	1.337256180612664547e-01
1.264013993112664547e-01	1.276221024362664547e-01	1.202978836862664408e-01
1.227392899362664408e-01	1.154150711862664408e-01	1.178564774362664408e-01
1.093115555612664408e-01	1.117529618112664408e-01	1.032080399362664408e-01
1.056494461862664408e-01	9.832522743626644079e-02	9.954593056126644079e-02
9.222171181126644079e-02	9.466311806126644079e-02	8.611819618626644079e-02
8.855960243626644079e-02	8.001468056126644079e-02	8.245608681126644079e-02
7.513186806126644079e-02	7.757327431126644079e-02	6.902835243626644079e-02
7.146975868626644079e-02	6.292483681126644079e-02	6.536624306126644079e-02
5.682132118626644079e-02	5.926272743626644079e-02	5.193850868626644079e-02
5.437991493626644079e-02	4.583499306126644079e-02	4.827639931126644079e-02
3.973147743626644079e-02	4.217288368626644079e-02	3.484866493626644079e-02
3.606936806126644079e-02	2.874514931126644426e-02	3.118655556126644426e-02
2.264163368626644426e-02	2.508303993626644426e-02	1.653811806126644426e-02
1.897952431126644426e-02	1.165530556126644426e-02	1.409671181126644426e-02
5.551789936266444264e-03	7.993196186266444264e-03	-5.517256887335557358e-04
1.889680561266444264e-03	-6.655241313733555736e-03	-4.213835063733555736e-03
-1.153805381373355574e-02	-9.096647563733555736e-03	-1.764156943873355574e-02
-1.520016318873355574e-02	-2.374508506373355574e-02	-2.130367881373355574e-02
-2.862789756373355574e-02	-2.618649131373355574e-02	-3.473141318873355921e-02
-3.229000693873355921e-02	-4.083492881373355921e-02	-3.839352256373355921e-02
-4.693844443873355921e-02	-4.327633506373355921e-02	-5.182125693873355921e-02
-4.937985068873355921e-02	-5.792477256373355921e-02	-5.548336631373355921e-02
-6.402828818873355921e-02	-6.158688193873355921e-02	-6.891110068873355921e-02
-6.769039756373355921e-02	-7.501461631373355921e-02	-7.257321006373355921e-02
-8.111813193873355921e-02	-7.867672568873355921e-02	-8.722164756373355921e-02
-8.478024131373355921e-02	-9.210446006373355921e-02	-9.088375693873355921e-02
-9.820797568873355921e-02	-9.576656943873355921e-02	-1.043114913137335592e-01
-1.018700850637335592e-01	-1.104150069387335592e-01	-1.079736006887335592e-01
-1.165185225637335592e-01	-1.128564131887335592e-01	-1.214013350637335592e-01
-1.189599288137335592e-01	-1.275048506887335453e-01	-1.250634444387335453e-01
-1.336083663137335453e-01	-1.311669600637335453e-01	-1.384911788137335453e-01
-1.360497725637335453e-01	-1.445946944387335453e-01	-1.421532881887335453e-01
-1.506982100637335453e-01	-1.482568038137335453e-01	-1.568017256887335731e-01
-1.543603194387335453e-01	-1.616845381887335731e-01	-1.604638350637335731e-01
-1.677880538137335731e-01	-1.653466475637335731e-01	-1.738915694387335731e-01
-1.714501631887335731e-01	-1.799950850637335731e-01	-1.763329756887335731e-01
-1.848778975637335731e-01	-1.836571944387335731e-01	-1.909814131887335731e-01
-1.885400069387335731e-01	-1.970849288137335731e-01	-1.946435225637335731e-01
-2.031884444387335731e-01	-2.007470381887335731e-01	-2.080712569387335731e-01
-2.056298506887335731e-01	-2.141747725637335731e-01	-2.117333663137335731e-01
-2.202782881887335731e-01	-2.178368819387335731e-01	-2.263818038137335731e-01
-2.239403975637335731e-01	-2.312646163137335731e-01	-2.288232100637335731e-01
-2.373681319387335731e-01	-2.349267256887335731e-01	-2.422509444387335731e-01
-2.410302413137335731e-01	-2.483544600637335731e-01	-2.459130538137335731e-01
-2.544579756887335731e-01	-2.520165694387335731e-01	-2.605614913137335731e-01
-2.581200850637335731e-01	-2.666650069387335731e-01	-2.642236006887335731e-01
-2.715478194387335731e-01	-2.691064131887335731e-01	-2.776513350637335731e-01
-2.752099288137335731e-01	-2.837548506887335731e-01	-2.813134444387335731e-01
-2.886376631887335731e-01	-2.874169600637335731e-01	-2.947411788137335731e-01
-2.922997725637335731e-01	-3.008446944387335731e-01	-2.984032881887335731e-01
-3.069482100637335731e-01	-3.045068038137335731e-01	-3.130517256887335731e-01
-3.106103194387335731e-01	-3.179345381887335731e-01	-3.154931319387335731e-01
-3.240380538137335731e-01	-3.215966475637335731e-01	-3.301415694387335731e-01
-3.277001631887335731e-01	-3.362450850637335731e-01	-3.338036788137335731e-01
-3.423486006887335731e-01	-3.399071944387335731e-01	-3.472314131887335731e-01
-3.447900069387335731e-01	-3.533349288137335731e-01	-3.508935225637335731e-01
-3.594384444387335731e-01	-3.569970381887335731e-01	-3.643212569387335731e-01
-3.618798506887335731e-01	-3.704247725637335731e-01	-3.679833663137335731e-01
-3.765282881887335731e-01	-3.740868819387335731e-01	-3.814111006887335731e-01
-3.801903975637335731e-01	-3.875146163137335731e-01	-3.850732100637335731e-01
-3.936181319387335731e-01	-3.911767256887335731e-01	-3.997216475637335731e-01
-3.972802413137335731e-01	-4.046044600637335731e-01	-4.021630538137335731e-01
-4.107079756887335731e-01	-4.082665694387335731e-01	-4.168114913137335731e-01
-4.143700850637335731e-01	-4.229150069387335731e-01	-4.204736006887335731e-01
-4.290185225637335731e-01	-4.265771163137335731e-01	-4.339013350637335731e-01
-4.314599288137335731e-01	-4.400048506887335731e-01	-4.375634444387335731e-01
-4.461083663137335731e-01	-4.436669600637335731e-01	-4.509911788137335731e-01
-4.485497725637335731e-01	-4.570946944387335731e-01	-4.546532881887335731e-01
-4.631982100637335731e-01	-4.607568038137335731e-01	-4.680810225637335731e-01
-4.656396163137335731e-01	-4.741845381887335731e-01	-4.717431319387335731e-01
-4.802880538137335731e-01	-4.778466475637335731e-01	-4.851708663137335731e-01
-4.827294600637335731e-01	-4.912743819387335731e-01	-4.888329756887335731e-01
-4.973778975637335731e-01	-4.949364913137335731e-01	-5.034814131887335176e-01
-5.010400069387335176e-01	-5.083642256887335176e-01	-5.059228194387335176e-01
-5.144677413137335176e-01	-5.120263350637335176e-01	-5.205712569387335176e-01
-5.181298506887335176e-01	-5.266747725637335176e-01	-5.242333663137335176e-01
-5.315575850637335176e-01	-5.291161788137335176e-01	-5.376611006887335176e-01
-5.352196944387335176e-01	-5.437646163137335176e-01	-5.413232100637335176e-01
-5.498681319387335176e-01	-5.462060225637335176e-01	-5.547509444387335176e-01
-5.523095381887335176e-01	-5.608544600637335176e-01	-5.584130538137335176e-01
-5.657372725637335176e-01	-5.645165694387335176e-01	-5.718407881887335176e-01
-5.693993819387335176e-01	-5.779443038137335176e-01	-5.755028975637335176e-01
-5.840478194387335176e-01	-5.816064131887335176e-01	-5.889306319387335176e-01
-5.864892256887335176e-01	-5.950341475637335176e-01	-5.925927413137335176e-01
-6.011376631887335176e-01	-5.986962569387335176e-01	-6.072411788137335176e-01
-6.035790694387335176e-01	-6.121239913137335176e-01	-6.096825850637335176e-01
-6.182275069387335176e-01	-6.157861006887335176e-01	-6.243310225637335176e-01
-6.218896163137335176e-01	-6.304345381887335176e-01	-6.279931319387335176e-01
-6.353173506887335176e-01	-6.328759444387335176e-01	-6.414208663137335176e-01
-6.389794600637335176e-01	-6.475243819387335176e-01	-6.450829756887335176e-01
-6.524071944387335176e-01	-6.499657881887335176e-01	-6.585107100637335176e-01
-6.560693038137335176e-01	-6.646142256887335176e-01	-6.621728194387335176e-01
-6.707177413137335176e-01	-6.682763350637335176e-01	-6.768212569387335176e-01
-6.731591475637335176e-01	-6.817040694387335176e-01	-6.792626631887335176e-01
-6.878075850637335176e-01	-6.853661788137335176e-01	-6.939111006887335176e-01
-6.914696944387335176e-01	-6.987939131887335176e-01	-6.963525069387335176e-01
-7.048974288137335176e-01	-7.024560225637335176e-01	-7.110009444387335176e-01
-7.085595381887335176e-01	-7.171044600637335176e-01	-7.146630538137335176e-01
-7.219872725637335176e-01	-7.195458663137335176e-01	-7.280907881887335176e-01
-7.256493819387335176e-01	-7.329736006887335176e-01	-7.305321944387335176e-01
-7.390771163137335176e-01	-7.366357100637335176e-01	-7.451806319387335176e-01
-7.427392256887335176e-01	-7.512841475637335176e-01	-7.451806319387335176e-01
-7.525048506887335176e-01	-7.402978194387335176e-01	-7.476220381887335176e-01
-7.341943038137335176e-01	-7.415185225637335176e-01	-7.280907881887335176e-01
-7.366357100637335176e-01	-7.219872725637335176e-01	-7.305321944387335176e-01
-7.171044600637335176e-01	-7.256493819387335176e-01	-7.110009444387335176e-01
-7.195458663137335176e-01	-7.061181319387335176e-01	-7.134423506887335176e-01
-7.000146163137335176e-01	-7.085595381887335176e-01	-6.939111006887335176e-01
-7.024560225637335176e-01	-6.890282881887335176e-01	-6.975732100637335176e-01
-6.829247725637335176e-01	-6.914696944387335176e-01	-6.780419600637335176e-01
-6.853661788137335176e-01	-6.719384444387335176e-01	-6.792626631887335176e-01
-6.658349288137335176e-01	-6.743798506887335176e-01	-6.609521163137335176e-01
-6.682763350637335176e-01	-6.548486006887335176e-01	-6.633935225637335176e-01
-6.487450850637335176e-01	-6.572900069387335176e-01	-6.426415694387335176e-01
-6.511864913137335176e-01	-6.377587569387335176e-01	-6.450829756887335176e-01
-6.316552413137335176e-01	-6.402001631887335176e-01	-6.255517256887335176e-01
-6.340966475637335176e-01	-6.206689131887335176e-01	-6.279931319387335176e-01
-6.145653975637335176e-01	-6.231103194387335176e-01	-6.084618819387335176e-01
-6.170068038137335176e-01	-6.035790694387335176e-01	-6.109032881887335176e-01
-5.974755538137335176e-01	-6.060204756887335176e-01	-5.913720381887335176e-01
-5.999169600637335176e-01	-5.864892256887335176e-01	-5.938134444387335176e-01
-5.803857100637335176e-01	-5.889306319387335176e-01	-5.742821944387335176e-01
-5.828271163137335176e-01	-5.693993819387335176e-01	-5.767236006887335176e-01
-5.632958663137335176e-01	-5.718407881887335176e-01	-5.571923506887335176e-01
-5.657372725637335176e-01	-5.523095381887335176e-01	-5.596337569387335176e-01
-5.462060225637335176e-01	-5.547509444387335176e-01	-5.401025069387335176e-01
-5.486474288137335176e-01	-5.352196944387335176e-01	-5.425439131887335176e-01
-5.291161788137335176e-01	-5.376611006887335176e-01	-5.230126631887335176e-01
-5.315575850637335176e-01	-5.181298506887335176e-01	-5.254540694387335176e-01
-5.120263350637335176e-01	-5.205712569387335176e-01	-5.059228194387335176e-01
-5.144677413137335176e-01	-5.010400069387335176e-01	-5.083642256887335176e-01
-4.949364913137335731e-01	-5.022607100637335176e-01	-4.888329756887335731e-01
-4.973778975637335731e-01	-4.839501631887335731e-01	-4.912743819387335731e-01
-4.778466475637335731e-01	-4.851708663137335731e-01	-4.717431319387335731e-01
-4.802880538137335731e-01	-4.656396163137335731e-01	-4.741845381887335731e-01
0.000000000000000000e+00	2.000000000000000164e-05	4.000000000000000327e-05
6.000000000000000152e-05	8.000000000000000654e-05	1.000000000000000048e-04
1.200000000000000030e-04	1.399999999999999877e-04	1.600000000000000131e-04
1.800000000000000113e-04	2.000000000000000096e-04	2.200000000000000078e-04
2.400000000000000061e-04	2.599999999999999772e-04	2.799999999999999755e-04
2.999999999999999737e-04	3.200000000000000262e-04	3.400000000000000244e-04
3.600000000000000227e-04	3.800000000000000209e-04	4.000000000000000192e-04
4.200000000000000174e-04	4.400000000000000157e-04	4.600000000000000139e-04
4.800000000000000122e-04	5.000000000000000104e-04	5.199999999999999544e-04
5.400000000000000069e-04	5.599999999999999509e-04	5.800000000000000034e-04
5.999999999999999474e-04	6.199999999999999999e-04	6.400000000000000524e-04
6.599999999999999964e-04	6.800000000000000488e-04	6.999999999999999929e-04
7.200000000000000453e-04	7.399999999999999894e-04	7.600000000000000418e-04
7.799999999999999859e-04	8.000000000000000383e-04	8.199999999999999824e-04
8.400000000000000348e-04	8.599999999999999789e-04	8.800000000000000313e-04
8.999999999999999754e-04	9.200000000000000278e-04	9.399999999999999719e-04
9.600000000000000243e-04	9.799999999999999684e-04	1.000000000000000021e-03
1.020000000000000073e-03	1.039999999999999909e-03	1.059999999999999961e-03
1.080000000000000014e-03	1.100000000000000066e-03	1.119999999999999902e-03
1.139999999999999954e-03	1.160000000000000007e-03	1.180000000000000059e-03
1.199999999999999895e-03	1.219999999999999947e-03	1.240000000000000000e-03
1.260000000000000052e-03	1.280000000000000105e-03	1.299999999999999940e-03
1.319999999999999993e-03	1.340000000000000045e-03	1.360000000000000098e-03
1.379999999999999933e-03	1.399999999999999986e-03	1.420000000000000038e-03
1.440000000000000091e-03	1.459999999999999926e-03	1.479999999999999979e-03
1.500000000000000031e-03	1.520000000000000084e-03	1.539999999999999919e-03
1.559999999999999972e-03	1.580000000000000024e-03	1.600000000000000077e-03
1.619999999999999912e-03	1.639999999999999965e-03	1.660000000000000017e-03
1.680000000000000070e-03	1.699999999999999905e-03	1.719999999999999958e-03
1.740000000000000010e-03	1.760000000000000063e-03	1.779999999999999898e-03
1.799999999999999951e-03	1.820000000000000003e-03	1.840000000000000056e-03
1.860000000000000108e-03	1.879999999999999944e-03	1.899999999999999996e-03
1.920000000000000049e-03	1.940000000000000101e-03	1.959999999999999937e-03
1.979999999999999989e-03	2.000000000000000042e-03	2.020000000000000094e-03
2.040000000000000147e-03	2.060000000000000199e-03	2.079999999999999818e-03
2.099999999999999870e-03	2.119999999999999923e-03	2.139999999999999975e-03
2.160000000000000028e-03	2.180000000000000080e-03	2.200000000000000133e-03
2.220000000000000185e-03	2.239999999999999804e-03	2.259999999999999856e-03
2.279999999999999909e-03	2.299999999999999961e-03	2.320000000000000014e-03
2.340000000000000066e-03	2.360000000000000119e-03	2.380000000000000171e-03
2.399999999999999790e-03	2.419999999999999842e-03	2.439999999999999895e-03
2.459999999999999947e-03	2.480000000000000000e-03	2.500000000000000052e-03
2.520000000000000104e-03	2.540000000000000157e-03	2.560000000000000209e-03
2.579999999999999828e-03	2.599999999999999881e-03	2.619999999999999933e-03
2.639999999999999986e-03	2.660000000000000038e-03	2.680000000000000090e-03
2.700000000000000143e-03	2.720000000000000195e-03	2.739999999999999814e-03
2.759999999999999867e-03	2.779999999999999919e-03	2.799999999999999972e-03
2.820000000000000024e-03	2.840000000000000076e-03	2.860000000000000129e-03
2.880000000000000181e-03	2.899999999999999800e-03	2.919999999999999853e-03
2.939999999999999905e-03	2.959999999999999958e-03	2.980000000000000010e-03
3.000000000000000062e-03	3.020000000000000115e-03	3.040000000000000167e-03
3.059999999999999786e-03	3.079999999999999839e-03	3.099999999999999891e-03
3.119999999999999944e-03	3.139999999999999996e-03	3.160000000000000048e-03
3.180000000000000101e-03	3.200000000000000153e-03	3.220000000000000206e-03
3.239999999999999825e-03	3.259999999999999877e-03	3.279999999999999930e-03
3.299999999999999982e-03	3.320000000000000034e-03	3.340000000000000087e-03
3.360000000000000139e-03	3.380000000000000192e-03	3.399999999999999811e-03
3.419999999999999863e-03	3.439999999999999915e-03	3.459999999999999968e-03
3.480000000000000020e-03	3.500000000000000073e-03	3.520000000000000125e-03
3.540000000000000178e-03	3.559999999999999797e-03	3.579999999999999849e-03
3.599999999999999901e-03	3.619999999999999954e-03	3.640000000000000006e-03
3.660000000000000059e-03	3.680000000000000111e-03	3.700000000000000164e-03
3.720000000000000216e-03	3.739999999999999835e-03	3.759999999999999887e-03
3.779999999999999940e-03	3.799999999999999992e-03	3.820000000000000045e-03
3.840000000000000097e-03	3.860000000000000150e-03	3.880000000000000202e-03
3.899999999999999821e-03	3.919999999999999873e-03	3.939999999999999926e-03
3.959999999999999978e-03	3.980000000000000031e-03	4.000000000000000083e-03
4.020000000000000136e-03	4.040000000000000188e-03	4.060000000000000241e-03
4.080000000000000293e-03	4.100000000000000346e-03	4.120000000000000398e-03
4.139999999999999583e-03	4.159999999999999636e-03	4.179999999999999688e-03
4.199999999999999740e-03	4.219999999999999793e-03	4.239999999999999845e-03
4.259999999999999898e-03	4.279999999999999950e-03	4.300000000000000003e-03
4.320000000000000055e-03	4.340000000000000108e-03	4.360000000000000160e-03
4.380000000000000213e-03	4.400000000000000265e-03	4.420000000000000318e-03
4.440000000000000370e-03	4.460000000000000422e-03	4.479999999999999608e-03
4.499999999999999660e-03	4.519999999999999712e-03	4.539999999999999765e-03
4.559999999999999817e-03	4.579999999999999870e-03	4.599999999999999922e-03
4.619999999999999975e-03	4.640000000000000027e-03	4.660000000000000080e-03
4.680000000000000132e-03	4.700000000000000185e-03	4.720000000000000237e-03
4.740000000000000289e-03	4.760000000000000342e-03	4.780000000000000394e-03
4.799999999999999580e-03	4.819999999999999632e-03	4.839999999999999684e-03
4.859999999999999737e-03	4.879999999999999789e-03	4.899999999999999842e-03
4.919999999999999894e-03	4.939999999999999947e-03	4.959999999999999999e-03
4.980000000000000052e-03	5.000000000000000104e-03	5.020000000000000157e-03
5.040000000000000209e-03	5.060000000000000261e-03	5.080000000000000314e-03
5.100000000000000366e-03	5.120000000000000419e-03	5.139999999999999604e-03
5.159999999999999656e-03	5.179999999999999709e-03	5.199999999999999761e-03
5.219999999999999814e-03	5.239999999999999866e-03	5.259999999999999919e-03
5.279999999999999971e-03	5.300000000000000024e-03	5.320000000000000076e-03
5.340000000000000129e-03	5.360000000000000181e-03	5.380000000000000233e-03
5.400000000000000286e-03	5.420000000000000338e-03	5.440000000000000391e-03
5.459999999999999576e-03	5.479999999999999628e-03	5.499999999999999681e-03
5.519999999999999733e-03	5.539999999999999786e-03	5.559999999999999838e-03
5.579999999999999891e-03	5.599999999999999943e-03	5.619999999999999996e-03
5.640000000000000048e-03	5.660000000000000100e-03	5.680000000000000153e-03
5.700000000000000205e-03	5.720000000000000258e-03	5.740000000000000310e-03
5.760000000000000363e-03	5.780000000000000415e-03	5.799999999999999600e-03
5.819999999999999653e-03	5.839999999999999705e-03	5.859999999999999758e-03
5.879999999999999810e-03	5.899999999999999863e-03	5.919999999999999915e-03
5.939999999999999968e-03	5.960000000000000020e-03	5.980000000000000072e-03
6.000000000000000125e-03	6.020000000000000177e-03	6.040000000000000230e-03
6.060000000000000282e-03	6.080000000000000335e-03	6.100000000000000387e-03
6.119999999999999572e-03	6.139999999999999625e-03	6.159999999999999677e-03
6.179999999999999730e-03	6.199999999999999782e-03	6.219999999999999835e-03
6.239999999999999887e-03	6.259999999999999939e-03	6.279999999999999992e-03
6.300000000000000044e-03	6.320000000000000097e-03	6.340000000000000149e-03
6.360000000000000202e-03	6.380000000000000254e-03	6.400000000000000307e-03
6.420000000000000359e-03	6.440000000000000412e-03	6.459999999999999597e-03
6.479999999999999649e-03	6.499999999999999702e-03	6.519999999999999754e-03
6.539999999999999807e-03	6.559999999999999859e-03	6.579999999999999911e-03
6.599999999999999964e-03	6.620000000000000016e-03	6.640000000000000069e-03
6.660000000000000121e-03	6.680000000000000174e-03	6.700000000000000226e-03
6.720000000000000279e-03	6.740000000000000331e-03	6.760000000000000384e-03
6.779999999999999569e-03	6.799999999999999621e-03	6.819999999999999674e-03
6.839999999999999726e-03	6.859999999999999779e-03	6.879999999999999831e-03
6.899999999999999883e-03	6.919999999999999936e-03	6.939999999999999988e-03
6.960000000000000041e-03	6.980000000000000093e-03	7.000000000000000146e-03
7.020000000000000198e-03	7.040000000000000251e-03	7.060000000000000303e-03
7.080000000000000356e-03	7.100000000000000408e-03	7.119999999999999593e-03
7.139999999999999646e-03	7.159999999999999698e-03	7.179999999999999750e-03
7.199999999999999803e-03	7.219999999999999855e-03	7.239999999999999908e-03
7.259999999999999960e-03	7.280000000000000013e-03	7.300000000000000065e-03
7.320000000000000118e-03	7.340000000000000170e-03	7.360000000000000223e-03
7.380000000000000275e-03	7.400000000000000328e-03	7.420000000000000380e-03
7.440000000000000432e-03	7.459999999999999618e-03	7.479999999999999670e-03
7.499999999999999722e-03	7.519999999999999775e-03	7.539999999999999827e-03
7.559999999999999880e-03	7.579999999999999932e-03	7.599999999999999985e-03
7.620000000000000037e-03	7.640000000000000090e-03	7.660000000000000142e-03
7.680000000000000195e-03	7.700000000000000247e-03	7.720000000000000299e-03
7.740000000000000352e-03	7.760000000000000404e-03	7.779999999999999589e-03
7.799999999999999642e-03	7.820000000000000562e-03	7.839999999999999747e-03
7.860000000000000667e-03	7.879999999999999852e-03	7.900000000000000772e-03
7.919999999999999957e-03	7.939999999999999142e-03	7.960000000000000062e-03
7.979999999999999247e-03	8.000000000000000167e-03	8.019999999999999352e-03
8.040000000000000271e-03	8.059999999999999457e-03	8.080000000000000376e-03
8.099999999999999561e-03	8.120000000000000481e-03	8.139999999999999666e-03
8.160000000000000586e-03	8.179999999999999771e-03	8.200000000000000691e-03
8.219999999999999876e-03	8.240000000000000796e-03	8.259999999999999981e-03
8.279999999999999166e-03	8.300000000000000086e-03	8.319999999999999271e-03
8.340000000000000191e-03	8.359999999999999376e-03	8.380000000000000296e-03
8.399999999999999481e-03	8.420000000000000401e-03	8.439999999999999586e-03
8.460000000000000506e-03	8.479999999999999691e-03	8.500000000000000611e-03
8.519999999999999796e-03	8.540000000000000716e-03	8.559999999999999901e-03
8.580000000000000820e-03	8.600000000000000006e-03	8.619999999999999191e-03
8.640000000000000110e-03	8.659999999999999296e-03	8.680000000000000215e-03
8.699999999999999400e-03	8.720000000000000320e-03	8.739999999999999505e-03
8.760000000000000425e-03	8.779999999999999610e-03	8.800000000000000530e-03
8.819999999999999715e-03	8.840000000000000635e-03	8.859999999999999820e-03
8.880000000000000740e-03	8.899999999999999925e-03	8.920000000000000845e-03
8.940000000000000030e-03	8.959999999999999215e-03	8.980000000000000135e-03
8.999999999999999320e-03	9.020000000000000240e-03	9.039999999999999425e-03
9.060000000000000345e-03	9.079999999999999530e-03	9.100000000000000450e-03
9.119999999999999635e-03	9.140000000000000555e-03	9.159999999999999740e-03
9.180000000000000659e-03	9.199999999999999845e-03	9.220000000000000764e-03
9.239999999999999949e-03	9.259999999999999135e-03	9.280000000000000054e-03
9.299999999999999239e-03	9.320000000000000159e-03	9.339999999999999344e-03
9.360000000000000264e-03	9.379999999999999449e-03	9.400000000000000369e-03
9.419999999999999554e-03	9.440000000000000474e-03	9.459999999999999659e-03
9.480000000000000579e-03	9.499999999999999764e-03	9.520000000000000684e-03
9.539999999999999869e-03	9.560000000000000789e-03	9.579999999999999974e-03
9.599999999999999159e-03	9.620000000000000079e-03	9.639999999999999264e-03
9.660000000000000184e-03	9.679999999999999369e-03	9.700000000000000289e-03
9.719999999999999474e-03	9.740000000000000394e-03	9.759999999999999579e-03
9.780000000000000498e-03	9.799999999999999684e-03	9.820000000000000603e-03
9.839999999999999789e-03	9.860000000000000708e-03	9.879999999999999893e-03
9.900000000000000813e-03	9.919999999999999998e-03	9.939999999999999183e-03
9.960000000000000103e-03	9.979999999999999288e-03	1.000000000000000021e-02
1.001999999999999939e-02	1.004000000000000031e-02	1.005999999999999950e-02
1.008000000000000042e-02	1.009999999999999960e-02	1.012000000000000052e-02
1.013999999999999971e-02	1.016000000000000063e-02	1.017999999999999981e-02
1.020000000000000073e-02	1.021999999999999992e-02	1.024000000000000084e-02
1.026000000000000002e-02	1.027999999999999921e-02	1.030000000000000013e-02
1.031999999999999931e-02	1.034000000000000023e-02	1.035999999999999942e-02
1.038000000000000034e-02	1.039999999999999952e-02	1.042000000000000044e-02
1.043999999999999963e-02	1.046000000000000055e-02	1.047999999999999973e-02
1.050000000000000065e-02	1.051999999999999984e-02	1.054000000000000076e-02
1.055999999999999994e-02	1.058000000000000086e-02	1.060000000000000005e-02
1.061999999999999923e-02	1.064000000000000015e-02	1.065999999999999934e-02
1.068000000000000026e-02	1.069999999999999944e-02	1.072000000000000036e-02
1.073999999999999955e-02	1.076000000000000047e-02	1.077999999999999965e-02
1.080000000000000057e-02	1.081999999999999976e-02	1.084000000000000068e-02
1.085999999999999986e-02	1.088000000000000078e-02	1.089999999999999997e-02
1.091999999999999915e-02	1.094000000000000007e-02	1.095999999999999926e-02
1.098000000000000018e-02	1.099999999999999936e-02	1.102000000000000028e-02
1.103999999999999947e-02	1.106000000000000039e-02	1.107999999999999957e-02
1.110000000000000049e-02	1.111999999999999968e-02	1.114000000000000060e-02
1.115999999999999978e-02	1.118000000000000070e-02	1.119999999999999989e-02
1.122000000000000081e-02	1.123999999999999999e-02	1.125999999999999918e-02
1.128000000000000010e-02	1.129999999999999928e-02	1.132000000000000020e-02
1.133999999999999939e-02	1.136000000000000031e-02	1.137999999999999949e-02
1.140000000000000041e-02	1.141999999999999960e-02	1.144000000000000052e-02
1.145999999999999970e-02	1.148000000000000062e-02	1.149999999999999981e-02
1.152000000000000073e-02	1.153999999999999991e-02	1.156000000000000083e-02
1.158000000000000002e-02	1.159999999999999920e-02	1.162000000000000012e-02
1.163999999999999931e-02	1.166000000000000023e-02	1.167999999999999941e-02
1.170000000000000033e-02	1.171999999999999952e-02	1.174000000000000044e-02
1.175999999999999962e-02	1.178000000000000054e-02	1.179999999999999973e-02
1.182000000000000065e-02	1.183999999999999983e-02	1.186000000000000075e-02
1.187999999999999994e-02	1.190000000000000085e-02	1.192000000000000004e-02
1.193999999999999923e-02	1.196000000000000014e-02	1.197999999999999933e-02
1.200000000000000025e-02	1.201999999999999943e-02	1.204000000000000035e-02
1.205999999999999954e-02	1.208000000000000046e-02	1.209999999999999964e-02
1.212000000000000056e-02	1.213999999999999975e-02	1.216000000000000067e-02
1.217999999999999985e-02	1.220000000000000077e-02	1.221999999999999996e-02
1.223999999999999914e-02	1.226000000000000006e-02	1.227999999999999925e-02
1.230000000000000017e-02	1.231999999999999935e-02	1.234000000000000027e-02
1.235999999999999946e-02	1.238000000000000038e-02	1.239999999999999956e-02
1.242000000000000048e-02	1.243999999999999967e-02	1.246000000000000059e-02
1.247999999999999977e-02	1.250000000000000069e-02	1.251999999999999988e-02
1.254000000000000080e-02	1.255999999999999998e-02	1.257999999999999917e-02
1.260000000000000009e-02	1.261999999999999927e-02	1.264000000000000019e-02
1.265999999999999938e-02	1.268000000000000030e-02	1.269999999999999948e-02
1.272000000000000040e-02	1.273999999999999959e-02	1.276000000000000051e-02
1.277999999999999969e-02	1.280000000000000061e-02	1.281999999999999980e-02
1.284000000000000072e-02	1.285999999999999990e-02	1.288000000000000082e-02
1.290000000000000001e-02	1.291999999999999919e-02	1.294000000000000011e-02
1.295999999999999930e-02	1.298000000000000022e-02	1.299999999999999940e-02
1.302000000000000032e-02	1.303999999999999951e-02	1.306000000000000043e-02
1.307999999999999961e-02	1.310000000000000053e-02	1.311999999999999972e-02
1.314000000000000064e-02	1.315999999999999982e-02	1.318000000000000074e-02
1.319999999999999993e-02	1.322000000000000085e-02	1.324000000000000003e-02
1.325999999999999922e-02	1.328000000000000014e-02	1.329999999999999932e-02
1.332000000000000024e-02	1.333999999999999943e-02	1.336000000000000035e-02
1.337999999999999953e-02	1.340000000000000045e-02	1.341999999999999964e-02
1.344000000000000056e-02	1.345999999999999974e-02	1.348000000000000066e-02
1.349999999999999985e-02	1.352000000000000077e-02	1.353999999999999995e-02
1.355999999999999914e-02	1.358000000000000006e-02	1.359999999999999924e-02
1.362000000000000016e-02	1.363999999999999935e-02	1.366000000000000027e-02
1.367999999999999945e-02	1.370000000000000037e-02	1.371999999999999956e-02
1.374000000000000048e-02	1.375999999999999966e-02	1.378000000000000058e-02
1.379999999999999977e-02	1.382000000000000069e-02	1.383999999999999987e-02
1.386000000000000079e-02	1.387999999999999998e-02	1.389999999999999916e-02
1.392000000000000008e-02	1.393999999999999927e-02	1.396000000000000019e-02
1.397999999999999937e-02	1.400000000000000029e-02	1.401999999999999948e-02
1.404000000000000040e-02	1.405999999999999958e-02	1.408000000000000050e-02
1.409999999999999969e-02	1.412000000000000061e-02	1.413999999999999979e-02
1.416000000000000071e-02	1.417999999999999990e-02	1.420000000000000082e-02
1.422000000000000000e-02	1.423999999999999919e-02	1.426000000000000011e-02
1.427999999999999929e-02	1.430000000000000021e-02	1.431999999999999940e-02
1.434000000000000032e-02	1.435999999999999950e-02	1.438000000000000042e-02
1.439999999999999961e-02	1.442000000000000053e-02	1.443999999999999971e-02
1.446000000000000063e-02	1.447999999999999982e-02	1.450000000000000074e-02
1.451999999999999992e-02	1.454000000000000084e-02	1.456000000000000003e-02
1.457999999999999921e-02	1.460000000000000013e-02	1.461999999999999932e-02
1.464000000000000024e-02	1.465999999999999942e-02	1.468000000000000034e-02
1.469999999999999953e-02	1.472000000000000045e-02	1.473999999999999963e-02
1.476000000000000055e-02	1.477999999999999974e-02	1.480000000000000066e-02
1.481999999999999984e-02	1.484000000000000076e-02	1.485999999999999995e-02
1.488000000000000086e-02	1.490000000000000005e-02	1.491999999999999924e-02
1.494000000000000015e-02	1.495999999999999934e-02	1.498000000000000026e-02
1.499999999999999944e-02	1.502000000000000036e-02	1.503999999999999955e-02
1.506000000000000047e-02	1.507999999999999965e-02	1.510000000000000057e-02
1.511999999999999976e-02	1.514000000000000068e-02	1.515999999999999986e-02
1.518000000000000078e-02	1.519999999999999997e-02	1.521999999999999915e-02
1.524000000000000007e-02	1.525999999999999926e-02	1.528000000000000018e-02
1.529999999999999936e-02	1.532000000000000028e-02	1.533999999999999947e-02
1.536000000000000039e-02	1.537999999999999957e-02	1.540000000000000049e-02
1.541999999999999968e-02	1.544000000000000060e-02	1.545999999999999978e-02
1.548000000000000070e-02	1.549999999999999989e-02	1.552000000000000081e-02
1.553999999999999999e-02	1.555999999999999918e-02	1.558000000000000010e-02
1.559999999999999928e-02	1.562000000000000020e-02	1.564000000000000112e-02
1.566000000000000031e-02	1.567999999999999949e-02	1.569999999999999868e-02
1.572000000000000133e-02	1.574000000000000052e-02	1.575999999999999970e-02
1.577999999999999889e-02	1.580000000000000154e-02	1.582000000000000073e-02
1.583999999999999991e-02	1.585999999999999910e-02	1.587999999999999828e-02
1.590000000000000094e-02	1.592000000000000012e-02	1.593999999999999931e-02
1.595999999999999849e-02	1.598000000000000115e-02	1.600000000000000033e-02
1.601999999999999952e-02	1.603999999999999870e-02	1.606000000000000136e-02
1.608000000000000054e-02	1.609999999999999973e-02	1.611999999999999891e-02
1.614000000000000157e-02	1.616000000000000075e-02	1.617999999999999994e-02
1.619999999999999912e-02	1.621999999999999831e-02	1.624000000000000096e-02
1.626000000000000015e-02	1.627999999999999933e-02	1.629999999999999852e-02
1.632000000000000117e-02	1.634000000000000036e-02	1.635999999999999954e-02
1.637999999999999873e-02	1.640000000000000138e-02	1.642000000000000057e-02
1.643999999999999975e-02	1.645999999999999894e-02	1.648000000000000159e-02
1.650000000000000078e-02	1.651999999999999996e-02	1.653999999999999915e-02
1.655999999999999833e-02	1.658000000000000099e-02	1.660000000000000017e-02
1.661999999999999936e-02	1.663999999999999854e-02	1.666000000000000120e-02
1.668000000000000038e-02	1.669999999999999957e-02	1.671999999999999875e-02
1.674000000000000141e-02	1.676000000000000059e-02	1.677999999999999978e-02
1.679999999999999896e-02	1.682000000000000162e-02	1.684000000000000080e-02
1.685999999999999999e-02	1.687999999999999917e-02	1.689999999999999836e-02
1.692000000000000101e-02	1.694000000000000020e-02	1.695999999999999938e-02
1.697999999999999857e-02	1.700000000000000122e-02	1.702000000000000041e-02
1.703999999999999959e-02	1.705999999999999878e-02	1.708000000000000143e-02
1.710000000000000062e-02	1.711999999999999980e-02	1.713999999999999899e-02
1.716000000000000164e-02	1.718000000000000083e-02	1.720000000000000001e-02
1.721999999999999920e-02	1.723999999999999838e-02	1.726000000000000104e-02
1.728000000000000022e-02	1.729999999999999941e-02	1.731999999999999859e-02
1.734000000000000125e-02	1.736000000000000043e-02	1.737999999999999962e-02
1.739999999999999880e-02	1.742000000000000146e-02	1.744000000000000064e-02
1.745999999999999983e-02	1.747999999999999901e-02	1.750000000000000167e-02
1.752000000000000085e-02	1.754000000000000004e-02	1.755999999999999922e-02
1.757999999999999841e-02	1.760000000000000106e-02	1.762000000000000025e-02
1.763999999999999943e-02	1.765999999999999862e-02	1.768000000000000127e-02
1.770000000000000046e-02	1.771999999999999964e-02	1.773999999999999883e-02
1.776000000000000148e-02	1.778000000000000067e-02	1.779999999999999985e-02
1.781999999999999904e-02	1.784000000000000169e-02	1.786000000000000087e-02
1.788000000000000006e-02	1.789999999999999925e-02	1.791999999999999843e-02
1.794000000000000108e-02	1.796000000000000027e-02	1.797999999999999945e-02
1.799999999999999864e-02	1.802000000000000129e-02	1.804000000000000048e-02
1.805999999999999966e-02	1.807999999999999885e-02	1.810000000000000150e-02
1.812000000000000069e-02	1.813999999999999987e-02	1.815999999999999906e-02
1.818000000000000171e-02	1.820000000000000090e-02	1.822000000000000008e-02
1.823999999999999927e-02	1.825999999999999845e-02	1.828000000000000111e-02
1.830000000000000029e-02	1.831999999999999948e-02	1.833999999999999866e-02
1.836000000000000132e-02	1.838000000000000050e-02	1.839999999999999969e-02
1.841999999999999887e-02	1.844000000000000153e-02	1.846000000000000071e-02
1.847999999999999990e-02	1.849999999999999908e-02	1.851999999999999827e-02
1.854000000000000092e-02	1.856000000000000011e-02	1.857999999999999929e-02
1.859999999999999848e-02	1.862000000000000113e-02	1.864000000000000032e-02
1.865999999999999950e-02	1.867999999999999869e-02	1.870000000000000134e-02
1.872000000000000053e-02	1.873999999999999971e-02	1.875999999999999890e-02
1.878000000000000155e-02	1.880000000000000074e-02	1.881999999999999992e-02
1.883999999999999911e-02	1.885999999999999829e-02	1.888000000000000095e-02
1.890000000000000013e-02	1.891999999999999932e-02	1.893999999999999850e-02
1.896000000000000116e-02	1.898000000000000034e-02	1.899999999999999953e-02
1.901999999999999871e-02	1.904000000000000137e-02	1.906000000000000055e-02
1.907999999999999974e-02	1.909999999999999892e-02	1.912000000000000158e-02
1.914000000000000076e-02	1.915999999999999995e-02	1.917999999999999913e-02
1.919999999999999832e-02	1.922000000000000097e-02	1.924000000000000016e-02
1.925999999999999934e-02	1.927999999999999853e-02	1.930000000000000118e-02
1.932000000000000037e-02	1.933999999999999955e-02	1.935999999999999874e-02
1.938000000000000139e-02	1.940000000000000058e-02	1.941999999999999976e-02
1.943999999999999895e-02	1.946000000000000160e-02	1.948000000000000079e-02
1.949999999999999997e-02	1.951999999999999916e-02	1.953999999999999834e-02
1.956000000000000100e-02	1.958000000000000018e-02	1.959999999999999937e-02
1.961999999999999855e-02	1.964000000000000121e-02	1.966000000000000039e-02
1.967999999999999958e-02	1.969999999999999876e-02	1.972000000000000142e-02
1.974000000000000060e-02	1.975999999999999979e-02	1.977999999999999897e-02
1.980000000000000163e-02	1.982000000000000081e-02	1.984000000000000000e-02
1.985999999999999918e-02	1.987999999999999837e-02	1.990000000000000102e-02
1.992000000000000021e-02	1.993999999999999939e-02	1.995999999999999858e-02
1.998000000000000123e-02	2.000000000000000042e-02	2.001999999999999960e-02
2.003999999999999879e-02	2.006000000000000144e-02	2.008000000000000063e-02
2.009999999999999981e-02	2.011999999999999900e-02	2.014000000000000165e-02
2.016000000000000084e-02	2.018000000000000002e-02	2.019999999999999921e-02
2.021999999999999839e-02	2.024000000000000105e-02	2.026000000000000023e-02
2.027999999999999942e-02	2.029999999999999860e-02	2.032000000000000126e-02
2.034000000000000044e-02	2.035999999999999963e-02	2.037999999999999881e-02
2.040000000000000147e-02	2.042000000000000065e-02	2.043999999999999984e-02
2.045999999999999902e-02	2.048000000000000168e-02	2.050000000000000086e-02
2.052000000000000005e-02	2.053999999999999923e-02	2.055999999999999842e-02
2.058000000000000107e-02	2.060000000000000026e-02	2.061999999999999944e-02
2.063999999999999863e-02	2.066000000000000128e-02	2.068000000000000047e-02
2.069999999999999965e-02	2.071999999999999884e-02	2.074000000000000149e-02
2.076000000000000068e-02	2.077999999999999986e-02	2.079999999999999905e-02
2.082000000000000170e-02	2.084000000000000088e-02	2.086000000000000007e-02
2.087999999999999926e-02	2.089999999999999844e-02	2.092000000000000109e-02
2.094000000000000028e-02	2.095999999999999946e-02	2.097999999999999865e-02
2.100000000000000130e-02	2.102000000000000049e-02	2.103999999999999967e-02
2.105999999999999886e-02	2.108000000000000151e-02	2.110000000000000070e-02
2.111999999999999988e-02	2.113999999999999907e-02	2.116000000000000172e-02
2.118000000000000091e-02	2.120000000000000009e-02	2.121999999999999928e-02
2.123999999999999846e-02	2.126000000000000112e-02	2.128000000000000030e-02
2.129999999999999949e-02	2.131999999999999867e-02	2.134000000000000133e-02
2.136000000000000051e-02	2.137999999999999970e-02	2.139999999999999888e-02
2.142000000000000154e-02	2.144000000000000072e-02	2.145999999999999991e-02
2.147999999999999909e-02	2.149999999999999828e-02	2.152000000000000093e-02
2.154000000000000012e-02	2.155999999999999930e-02	2.157999999999999849e-02
2.160000000000000114e-02	2.162000000000000033e-02	2.163999999999999951e-02
2.165999999999999870e-02	2.168000000000000135e-02	2.170000000000000054e-02
2.171999999999999972e-02	2.173999999999999891e-02	2.176000000000000156e-02
2.178000000000000075e-02	2.179999999999999993e-02	2.181999999999999912e-02
2.183999999999999830e-02	2.186000000000000096e-02	2.188000000000000014e-02
2.189999999999999933e-02	2.191999999999999851e-02	2.194000000000000117e-02
2.196000000000000035e-02	2.197999999999999954e-02	2.199999999999999872e-02
2.202000000000000138e-02	2.204000000000000056e-02	2.205999999999999975e-02
2.207999999999999893e-02	2.210000000000000159e-02	2.212000000000000077e-02
2.213999999999999996e-02	2.215999999999999914e-02	2.217999999999999833e-02
2.220000000000000098e-02	2.222000000000000017e-02	2.223999999999999935e-02
2.225999999999999854e-02	2.228000000000000119e-02	2.230000000000000038e-02
2.231999999999999956e-02	2.233999999999999875e-02	2.236000000000000140e-02
2.238000000000000059e-02	2.239999999999999977e-02	2.241999999999999896e-02
2.244000000000000161e-02	2.246000000000000080e-02	2.247999999999999998e-02
2.249999999999999917e-02	2.251999999999999835e-02	2.254000000000000101e-02
2.256000000000000019e-02	2.257999999999999938e-02	2.259999999999999856e-02
2.262000000000000122e-02	2.264000000000000040e-02	2.265999999999999959e-02
2.267999999999999877e-02	2.270000000000000143e-02	2.272000000000000061e-02
2.273999999999999980e-02	2.275999999999999898e-02	2.278000000000000164e-02
2.280000000000000082e-02	2.282000000000000001e-02	2.283999999999999919e-02
2.285999999999999838e-02	2.288000000000000103e-02	2.290000000000000022e-02
2.291999999999999940e-02	2.293999999999999859e-02	2.296000000000000124e-02
2.298000000000000043e-02	2.299999999999999961e-02	2.301999999999999880e-02
2.304000000000000145e-02	2.306000000000000064e-02	2.307999999999999982e-02
2.309999999999999901e-02	2.312000000000000166e-02	2.314000000000000085e-02
2.316000000000000003e-02	2.317999999999999922e-02	2.319999999999999840e-02
2.322000000000000106e-02	2.324000000000000024e-02	2.325999999999999943e-02
2.327999999999999861e-02	2.330000000000000127e-02	2.332000000000000045e-02
2.333999999999999964e-02	2.335999999999999882e-02	2.338000000000000148e-02
2.340000000000000066e-02	2.341999999999999985e-02	2.343999999999999903e-02
2.346000000000000169e-02	2.348000000000000087e-02	2.350000000000000006e-02
2.351999999999999924e-02	2.353999999999999843e-02	2.356000000000000108e-02
2.358000000000000027e-02	2.359999999999999945e-02	2.361999999999999864e-02
2.364000000000000129e-02	2.366000000000000048e-02	2.367999999999999966e-02
2.369999999999999885e-02	2.372000000000000150e-02	2.374000000000000069e-02
2.375999999999999987e-02	2.377999999999999906e-02	2.380000000000000171e-02
2.382000000000000089e-02	2.384000000000000008e-02	2.385999999999999927e-02
2.387999999999999845e-02	2.390000000000000110e-02	2.392000000000000029e-02
2.393999999999999947e-02	2.395999999999999866e-02	2.398000000000000131e-02
2.400000000000000050e-02	2.401999999999999968e-02	2.403999999999999887e-02
2.406000000000000152e-02	2.408000000000000071e-02	2.409999999999999989e-02
2.411999999999999908e-02	2.414000000000000173e-02	2.416000000000000092e-02
2.418000000000000010e-02	2.419999999999999929e-02	2.421999999999999847e-02
2.424000000000000113e-02	2.426000000000000031e-02	2.427999999999999950e-02
2.429999999999999868e-02	2.432000000000000134e-02	2.434000000000000052e-02
2.435999999999999971e-02	2.437999999999999889e-02	2.440000000000000155e-02
2.442000000000000073e-02	2.443999999999999992e-02	2.445999999999999910e-02
2.447999999999999829e-02	2.450000000000000094e-02	2.452000000000000013e-02
2.453999999999999931e-02	2.455999999999999850e-02	2.458000000000000115e-02
2.460000000000000034e-02	2.461999999999999952e-02	2.463999999999999871e-02
2.466000000000000136e-02	2.468000000000000055e-02	2.469999999999999973e-02
2.471999999999999892e-02	2.474000000000000157e-02	2.476000000000000076e-02
2.477999999999999994e-02	2.479999999999999913e-02	2.481999999999999831e-02
2.484000000000000097e-02	2.486000000000000015e-02	2.487999999999999934e-02
2.489999999999999852e-02	2.492000000000000118e-02	2.494000000000000036e-02
2.495999999999999955e-02	2.497999999999999873e-02	2.500000000000000139e-02
2.502000000000000057e-02	2.503999999999999976e-02	2.505999999999999894e-02
2.508000000000000160e-02	2.510000000000000078e-02	2.511999999999999997e-02
2.513999999999999915e-02	2.515999999999999834e-02	2.518000000000000099e-02
2.520000000000000018e-02	2.521999999999999936e-02	2.523999999999999855e-02
2.526000000000000120e-02	2.528000000000000039e-02	2.529999999999999957e-02
2.531999999999999876e-02	2.534000000000000141e-02	2.536000000000000060e-02
2.537999999999999978e-02	2.539999999999999897e-02	2.542000000000000162e-02
2.544000000000000081e-02	2.545999999999999999e-02	2.547999999999999918e-02
2.549999999999999836e-02	2.552000000000000102e-02	2.554000000000000020e-02
2.555999999999999939e-02	2.557999999999999857e-02	2.560000000000000123e-02
2.562000000000000041e-02	2.563999999999999960e-02	2.565999999999999878e-02
2.568000000000000144e-02	2.570000000000000062e-02	2.571999999999999981e-02
2.573999999999999899e-02	2.576000000000000165e-02	2.578000000000000083e-02
2.580000000000000002e-02	2.581999999999999920e-02	2.583999999999999839e-02
2.586000000000000104e-02	2.588000000000000023e-02	2.589999999999999941e-02
2.591999999999999860e-02	2.594000000000000125e-02	2.596000000000000044e-02
2.597999999999999962e-02	2.599999999999999881e-02	2.602000000000000146e-02
2.604000000000000065e-02	2.605999999999999983e-02	2.607999999999999902e-02
2.610000000000000167e-02	2.612000000000000086e-02	2.614000000000000004e-02
2.615999999999999923e-02	2.617999999999999841e-02	2.620000000000000107e-02
2.622000000000000025e-02	2.623999999999999944e-02	2.625999999999999862e-02
2.628000000000000128e-02	2.630000000000000046e-02	2.631999999999999965e-02
2.633999999999999883e-02	2.636000000000000149e-02	2.638000000000000067e-02
2.639999999999999986e-02	2.641999999999999904e-02	2.644000000000000170e-02
2.646000000000000088e-02	2.648000000000000007e-02	2.649999999999999925e-02
2.651999999999999844e-02	2.654000000000000109e-02	2.656000000000000028e-02
2.657999999999999946e-02	2.659999999999999865e-02	2.662000000000000130e-02
2.664000000000000049e-02	2.665999999999999967e-02	2.667999999999999886e-02
2.670000000000000151e-02	2.672000000000000069e-02	2.673999999999999988e-02
2.675999999999999907e-02	2.678000000000000172e-02	2.680000000000000090e-02
2.682000000000000009e-02	2.683999999999999928e-02	2.685999999999999846e-02
2.688000000000000111e-02	2.690000000000000030e-02	2.691999999999999948e-02
2.693999999999999867e-02	2.696000000000000132e-02	2.698000000000000051e-02
2.699999999999999969e-02	2.701999999999999888e-02	2.704000000000000153e-02
2.706000000000000072e-02	2.707999999999999990e-02	2.709999999999999909e-02
2.711999999999999827e-02	2.714000000000000093e-02	2.716000000000000011e-02
2.717999999999999930e-02	2.719999999999999848e-02	2.722000000000000114e-02
2.724000000000000032e-02	2.725999999999999951e-02	2.727999999999999869e-02
2.730000000000000135e-02	2.732000000000000053e-02	2.733999999999999972e-02
2.735999999999999890e-02	2.738000000000000156e-02	2.740000000000000074e-02
2.741999999999999993e-02	2.743999999999999911e-02	2.745999999999999830e-02
2.748000000000000095e-02	2.750000000000000014e-02	2.751999999999999932e-02
2.753999999999999851e-02	2.756000000000000116e-02	2.758000000000000035e-02
2.759999999999999953e-02	2.761999999999999872e-02	2.764000000000000137e-02
2.766000000000000056e-02	2.767999999999999974e-02	2.769999999999999893e-02
2.772000000000000158e-02	2.774000000000000077e-02	2.775999999999999995e-02
2.777999999999999914e-02	2.779999999999999832e-02	2.782000000000000098e-02
2.784000000000000016e-02	2.785999999999999935e-02	2.787999999999999853e-02
2.790000000000000119e-02	2.792000000000000037e-02	2.793999999999999956e-02
2.795999999999999874e-02	2.798000000000000140e-02	2.800000000000000058e-02
2.801999999999999977e-02	2.803999999999999895e-02	2.806000000000000161e-02
2.808000000000000079e-02	2.809999999999999998e-02	2.811999999999999916e-02
2.813999999999999835e-02	2.816000000000000100e-02	2.818000000000000019e-02
2.819999999999999937e-02	2.821999999999999856e-02	2.824000000000000121e-02
2.826000000000000040e-02	2.827999999999999958e-02	2.829999999999999877e-02
2.832000000000000142e-02	2.834000000000000061e-02	2.835999999999999979e-02
2.837999999999999898e-02	2.840000000000000163e-02	2.842000000000000082e-02
2.844000000000000000e-02	2.845999999999999919e-02	2.847999999999999837e-02
2.850000000000000103e-02	2.852000000000000021e-02	2.853999999999999940e-02
2.855999999999999858e-02	2.858000000000000124e-02	2.860000000000000042e-02
2.861999999999999961e-02	2.863999999999999879e-02	2.866000000000000145e-02
2.868000000000000063e-02	2.869999999999999982e-02	2.871999999999999900e-02
2.874000000000000166e-02	2.876000000000000084e-02	2.878000000000000003e-02
2.879999999999999921e-02	2.881999999999999840e-02	2.884000000000000105e-02
2.886000000000000024e-02	2.887999999999999942e-02	2.889999999999999861e-02
2.892000000000000126e-02	2.894000000000000045e-02	2.895999999999999963e-02
2.897999999999999882e-02	2.900000000000000147e-02	2.902000000000000066e-02
2.903999999999999984e-02	2.905999999999999903e-02	2.908000000000000168e-02
2.910000000000000087e-02	2.912000000000000005e-02	2.913999999999999924e-02
2.915999999999999842e-02	2.918000000000000108e-02	2.920000000000000026e-02
2.921999999999999945e-02	2.923999999999999863e-02	2.926000000000000129e-02
2.928000000000000047e-02	2.929999999999999966e-02	2.931999999999999884e-02
2.934000000000000150e-02	2.936000000000000068e-02	2.937999999999999987e-02
2.939999999999999905e-02	2.942000000000000171e-02	2.944000000000000089e-02
2.946000000000000008e-02	2.947999999999999926e-02	2.949999999999999845e-02
2.952000000000000110e-02	2.954000000000000029e-02	2.955999999999999947e-02
2.957999999999999866e-02	2.960000000000000131e-02	2.962000000000000050e-02
2.963999999999999968e-02	2.965999999999999887e-02	2.968000000000000152e-02
2.970000000000000070e-02	2.971999999999999989e-02	2.973999999999999908e-02
2.976000000000000173e-02	2.978000000000000091e-02	2.980000000000000010e-02
2.981999999999999929e-02	2.983999999999999847e-02	2.986000000000000112e-02
2.988000000000000031e-02	2.989999999999999949e-02	2.991999999999999868e-02
2.994000000000000133e-02	2.996000000000000052e-02	2.997999999999999970e-02
2.999999999999999889e-02	3.002000000000000154e-02	3.004000000000000073e-02
3.005999999999999991e-02	3.007999999999999910e-02	3.009999999999999828e-02
3.012000000000000094e-02	3.014000000000000012e-02	3.015999999999999931e-02
3.017999999999999849e-02	3.020000000000000115e-02	3.022000000000000033e-02
3.023999999999999952e-02	3.025999999999999870e-02	3.028000000000000136e-02
3.030000000000000054e-02	3.031999999999999973e-02	3.033999999999999891e-02
3.036000000000000157e-02	3.038000000000000075e-02	-1.281641909950658039e-03
-1.281641909950658039e-03	-9.154309724506579310e-04	-1.281641909950658039e-03
-9.154309724506579310e-04	-1.281641909950658039e-03	-9.398450349506579527e-04
-1.306055972450657953e-03	-9.398450349506579527e-04	-1.330470034950658083e-03
-9.642590974506579744e-04	-1.330470034950658083e-03	-9.642590974506579744e-04
-1.354884097450657996e-03	-9.886731599506579961e-04	-1.379298159950657909e-03
-9.642590974506579744e-04	-1.379298159950657909e-03	-9.642590974506579744e-04
-1.379298159950657909e-03	-9.154309724506579310e-04	-1.354884097450657996e-03
-8.910169099506579093e-04	-1.330470034950658083e-03	-8.421887849506579744e-04
-1.281641909950658039e-03	-8.177747224506579527e-04	-1.257227847450657909e-03
-7.689465974506579093e-04	-1.257227847450657909e-03	-7.689465974506579093e-04
-1.232813784950657996e-03	-7.689465974506579093e-04	-1.208399722450658083e-03
-7.689465974506579093e-04	-1.208399722450658083e-03	-7.689465974506579093e-04
-1.208399722450658083e-03	-7.933606599506579310e-04	-1.232813784950657996e-03
-8.177747224506579527e-04	-1.232813784950657996e-03	-8.910169099506579093e-04
-1.281641909950658039e-03	-9.398450349506579527e-04	-1.354884097450657996e-03
-1.037501284950658039e-03	-1.428126284950657953e-03	-1.159571597450658039e-03
-1.550196597450657953e-03	-1.281641909950658039e-03	-1.696680972450658083e-03
-1.452540347450658083e-03	-1.867579409950657909e-03	-1.599024722450657996e-03
-2.014063784950657823e-03	-1.745509097450657909e-03	-2.184962222450658083e-03
-1.867579409950657909e-03	-2.307032534950658083e-03	-2.014063784950657823e-03
-2.429102847450658083e-03	-2.111720034950657909e-03	-2.526759097450658170e-03
-2.209376284950657996e-03	-2.624415347450658256e-03	-2.307032534950658083e-03
-2.722071597450657909e-03	-2.404688784950658170e-03	-2.819727847450657996e-03
-2.502345034950658256e-03	-2.941798159950657996e-03	-2.624415347450658256e-03
-3.063868472450657996e-03	-2.770899722450658170e-03	-3.210352847450657909e-03
-2.917384097450658083e-03	-3.356837222450658256e-03	-3.088282534950657909e-03
-3.527735659950658083e-03	-3.234766909950658256e-03	-3.698634097450657909e-03
-3.405665347450658083e-03	-3.845118472450658256e-03	-3.552149722450657996e-03
-3.991602847450657736e-03	-3.723048159950658256e-03	-4.162501284950658430e-03
-3.869532534950658170e-03	-4.308985659950657909e-03	-4.016016909950658083e-03
-4.479884097450657736e-03	-4.186915347450657909e-03	-4.626368472450658083e-03
-4.357813784950657736e-03	-4.821680972450658256e-03	-4.553126284950657909e-03
-4.992579409950658083e-03	-4.724024722450658603e-03	-5.163477847450657909e-03
-4.919337222450657909e-03	-5.358790347450658083e-03	-5.114649722450658083e-03
-5.554102847450658256e-03	-5.285548159950657909e-03	-5.749415347450658430e-03
-5.480860659950658083e-03	-5.944727847450658603e-03	-5.700587222450658603e-03
-6.164454409950658256e-03	-5.920313784950658256e-03	-6.408595034950658256e-03
-6.188868472450658603e-03	-6.677149722450658603e-03	-6.457423159950658083e-03
-6.945704409950658083e-03	-6.725977847450658430e-03	-7.238673159950657909e-03
-7.018946597450658256e-03	-7.507227847450658256e-03	-7.287501284950658603e-03
-7.775782534950658603e-03	-7.531641909950658603e-03	-8.044337222450658950e-03
-7.775782534950658603e-03	-8.264063784950658603e-03	-8.019923159950658603e-03
-8.508204409950658603e-03	-8.239649722450658256e-03	-8.752345034950658603e-03
-8.508204409950658603e-03	-9.020899722450658950e-03	-8.776759097450658950e-03
-9.313868472450657909e-03	-9.045313784950657562e-03	-9.606837222450658603e-03
-9.338282534950658256e-03	-9.899805972450659297e-03	-9.655665347450659297e-03
-1.024160284745065895e-02	-9.973048159950658603e-03	-1.055898565995065826e-02
-1.033925909745065860e-02	-1.090078253495065791e-02	-1.070547003495065860e-02
-1.129140753495065826e-02	-1.107168097245065860e-02	-1.163320440995065791e-02
-1.146230597245065895e-02	-1.202382940995065826e-02	-1.185293097245065930e-02
-1.241445440995065860e-02	-1.226797003495065826e-02	-1.282949347245065930e-02
-1.268300909745066068e-02	-1.326894659745066034e-02	-1.314687628495066034e-02
-1.375722784745066034e-02	-1.363515753495066034e-02	-1.424550909745066034e-02
-1.414785284745066068e-02	-1.478261847245065930e-02	-1.468496222245065964e-02
-1.531972784745065999e-02	-1.527089972245065930e-02	-1.593007940995065999e-02
-1.588125128495065930e-02	-1.654043097245065999e-02	-1.651601690995066138e-02
-1.719961065995066068e-02	-1.719961065995066068e-02	-1.790761847245065860e-02
-1.790761847245065860e-02	-1.864004034745065860e-02	-1.861562628495065999e-02
-1.937246222245066207e-02	-1.934804815995065999e-02	-2.010488409745066207e-02
-2.008047003495065999e-02	-2.083730597245066207e-02	-2.078847784745066138e-02
-2.154531378495065999e-02	-2.152089972245066138e-02	-2.225332159745066138e-02
-2.220449347245066068e-02	-2.296132940995065930e-02	-2.293691534745066068e-02
-2.366933722245066068e-02	-2.366933722245066068e-02	-2.440175909745066068e-02
-2.440175909745066068e-02	-2.513418097245066068e-02	-2.513418097245066068e-02
-2.589101690995065930e-02	-2.589101690995065930e-02	-2.664785284745066138e-02
-2.664785284745066138e-02	-2.742910284745066207e-02	-2.742910284745066207e-02
-2.823476690995066138e-02	-2.823476690995066138e-02	-2.901601690995066207e-02
-2.904043097245066068e-02	-2.982168097245066138e-02	-2.984609503495065999e-02
-3.062734503495066068e-02	-3.065175909745065930e-02	-3.138418097245065930e-02
-3.138418097245065930e-02	-3.206777472245066207e-02	-3.204336065995066346e-02
-3.262929815995065791e-02	-3.255605597245066207e-02	-3.304433722245066207e-02
-3.280019659745066207e-02	-3.319082159745066068e-02	-3.267812628495066207e-02
-3.311757940995065791e-02	-3.221425909745066068e-02	-3.280019659745066207e-02
-3.138418097245065930e-02	-3.221425909745066068e-02	-3.030996222245066138e-02
-3.133535284745066207e-02	-2.908925909745066138e-02	-3.023672003495066207e-02
-2.772207159745065930e-02	-2.896718878495066138e-02	-2.630605597245065999e-02
-2.760000128495065930e-02	-2.486562628495066207e-02	-2.618398565995065999e-02
-2.344961065995065930e-02	-2.474355597245066207e-02	-2.203359503495065999e-02
-2.332754034745065930e-02	-2.064199347245065930e-02	-2.191152472245065999e-02
-1.932363409745066138e-02	-2.054433722245066138e-02	-1.802968878495065860e-02
-1.925039190995066207e-02	-1.683339972245066068e-02	-1.795644659745065930e-02
-1.573476690995066068e-02	-1.676015753495066138e-02	-1.470937628495065999e-02
-1.566152472245066138e-02	-1.383047003495065964e-02	-1.466054815995065930e-02
-1.304922003495066068e-02	-1.378164190995066068e-02	-1.236562628495065791e-02
-1.304922003495066068e-02	-1.180410284745065860e-02	-1.241445440995065860e-02
-1.131582159745065860e-02	-1.187734503495065791e-02	-1.090078253495065791e-02
-1.143789190995065860e-02	-1.053457159745065791e-02	-1.102285284745065791e-02
-1.019277472245065826e-02	-1.068105597245065826e-02	-9.924220034950657909e-03
-1.038808722245065930e-02	-9.655665347450659297e-03	-1.011953253495065895e-02
-9.435938784950657909e-03	-9.899805972450659297e-03	-9.240626284950658603e-03
-9.680079409950657909e-03	-9.045313784950657562e-03	-9.509180972450658950e-03
-8.874415347450658603e-03	-9.313868472450657909e-03	-8.654688784950658950e-03
-9.118555972450658603e-03	-8.434962222450657562e-03	-8.898829409950658950e-03
-8.166407534950658950e-03	-8.630274722450658603e-03	-7.873438784950658256e-03
-8.337305972450657909e-03	-7.580470034950658430e-03	-8.044337222450658950e-03
-7.238673159950657909e-03	-7.702540347450658430e-03	-6.896876284950658256e-03
-7.385157534950658256e-03	-6.530665347450658256e-03	-7.018946597450658256e-03
-6.140040347450657909e-03	-6.652735659950658256e-03	-5.798243472450658256e-03
-6.310938784950658603e-03	-5.432032534950658256e-03	-5.969141909950658083e-03
-5.090235659950658603e-03	-5.627345034950658430e-03	-4.772852847450658430e-03
-5.285548159950657909e-03	-4.455470034950658256e-03	-4.968165347450658603e-03
-4.186915347450657909e-03	-4.675196597450657909e-03	-3.918360659950658430e-03
-4.382227847450658083e-03	-3.674220034950657996e-03	-4.138087222450658083e-03
-3.454493472450657909e-03	-3.918360659950658430e-03	-3.259180972450658170e-03
-3.723048159950658256e-03	-3.088282534950657909e-03	-3.527735659950658083e-03
-2.941798159950657996e-03	-3.381251284950658170e-03	-2.819727847450657996e-03
-3.259180972450658170e-03	-2.722071597450657909e-03	-3.161524722450658083e-03
-2.624415347450658256e-03	-3.088282534950657909e-03	-2.551173159950658083e-03
-2.990626284950658256e-03	-2.502345034950658256e-03	-2.941798159950657996e-03
-2.453516909950657996e-03	-2.941798159950657996e-03	-2.477930972450657909e-03
-2.941798159950657996e-03	-2.477930972450657909e-03	-2.966212222450657909e-03
-2.502345034950658256e-03	-2.990626284950658256e-03	-2.502345034950658256e-03
-3.015040347450658170e-03	-2.502345034950658256e-03	-3.039454409950658083e-03
-2.477930972450657909e-03	-3.015040347450658170e-03	-2.429102847450658083e-03
-2.941798159950657996e-03	-2.355860659950657909e-03	-2.868555972450658256e-03
-2.282618472450658170e-03	-2.770899722450658170e-03	-2.209376284950657996e-03
-2.673243472450658083e-03	-2.160548159950658170e-03	-2.575587222450657996e-03
-2.062891909950658083e-03	-2.477930972450657909e-03	-1.965235659950657996e-03
-2.404688784950658170e-03	-1.867579409950657909e-03	-2.307032534950658083e-03
-1.769923159950658039e-03	-2.209376284950657996e-03	-1.647852847450658039e-03
-2.087305972450657996e-03	-1.525782534950658039e-03	-1.965235659950657996e-03
-1.403712222450658039e-03	-1.843165347450657996e-03	-1.281641909950658039e-03
-1.745509097450657909e-03	-1.159571597450658039e-03	-1.623438784950657909e-03
-1.037501284950658039e-03	-1.501368472450657909e-03	-9.398450349506579527e-04
-1.379298159950657909e-03	-8.177747224506579527e-04	-1.281641909950658039e-03
-7.201184724506579744e-04	-1.159571597450658039e-03	-5.980481599506579744e-04
-1.037501284950658039e-03	-4.759778474506579202e-04	-9.154309724506579310e-04
-3.294934724506579527e-04	-7.933606599506579310e-04	-1.830090974506579310e-04
-6.468762849506579093e-04	-3.652472245065790935e-05	-5.248059724506579093e-04
1.099596525493420988e-04	-3.539075349506579202e-04	2.564440275493420798e-04
-2.074231599506579256e-04	3.785143400493421340e-04	-8.535284745065791206e-05
4.761705900493421123e-04	1.230340254934209167e-05	5.249987150493421557e-04
1.099596525493420988e-04	5.982409025493421123e-04	1.587877775493421015e-04
6.470690275493421557e-04	2.076159025493420907e-04	6.958971525493420907e-04
2.320299650493421123e-04	7.203112150493421123e-04	2.564440275493420798e-04
7.447252775493421340e-04	2.808580900493421015e-04	7.691393400493421557e-04
3.052721525493421232e-04	8.179674650493420907e-04	3.296862150493420907e-04
8.667955900493421340e-04	3.785143400493421340e-04	9.400377775493420907e-04
4.761705900493421123e-04	1.013279965049342047e-03	5.494127775493420690e-04
1.110936215049342134e-03	6.470690275493421557e-04	1.184178402549342091e-03
7.203112150493421123e-04	1.233006527549342134e-03	7.691393400493421557e-04
1.281834652549342177e-03	8.423815275493421123e-04	1.306248715049342091e-03
8.667955900493421340e-04	1.355076840049342134e-03	8.912096525493421557e-04
1.379490902549342264e-03	9.156237150493421774e-04	1.379490902549342264e-03
9.644518400493421123e-04	1.403904965049342177e-03	9.888659025493421340e-04
1.428319027549342091e-03	1.037694027549342177e-03	1.452733090049342221e-03
1.062108090049342091e-03	1.477147152549342134e-03	1.062108090049342091e-03
1.501561215049342264e-03	1.110936215049342134e-03	1.501561215049342264e-03
1.110936215049342134e-03	1.525975277549342177e-03	1.135350277549342047e-03
1.550389340049342091e-03	1.184178402549342091e-03	1.599217465049342134e-03
1.233006527549342134e-03	1.648045590049342177e-03	1.281834652549342177e-03
1.696873715049342221e-03	1.330662777549342221e-03	1.745701840049342264e-03
1.379490902549342264e-03	1.794529965049342091e-03	1.428319027549342091e-03
1.867772152549342264e-03	1.477147152549342134e-03	1.892186215049342177e-03
1.525975277549342177e-03	1.941014340049342221e-03	1.574803402549342221e-03
1.989842465049342264e-03	1.599217465049342134e-03	2.014256527549342177e-03
1.672459652549342091e-03	2.063084652549342004e-03	1.721287777549342134e-03
2.111912777549342264e-03	1.794529965049342091e-03	2.185154965049342004e-03
1.867772152549342264e-03	2.282811215049342091e-03	1.941014340049342221e-03
2.380467465049342177e-03	2.014256527549342177e-03	2.478123715049342264e-03
2.111912777549342264e-03	2.575779965049342351e-03	2.209569027549342351e-03
2.673436215049342438e-03	2.307225277549342004e-03	2.795506527549342438e-03
2.429295590049342438e-03	2.893162777549342091e-03	2.551365902549342438e-03
3.015233090049342091e-03	2.649022152549342091e-03	3.137303402549342091e-03
2.771092465049342091e-03	3.259373715049342091e-03	2.893162777549342091e-03
3.381444027549342091e-03	3.015233090049342091e-03	3.479100277549342177e-03
3.112889340049342177e-03	3.552342465049342351e-03	3.186131527549342351e-03
3.625584652549342091e-03	3.283787777549342438e-03	3.698826840049342264e-03
3.381444027549342091e-03	3.772069027549342438e-03	3.454686215049342264e-03
3.820897152549342264e-03	3.527928402549342438e-03	3.918553402549341917e-03
3.601170590049342177e-03	3.967381527549342611e-03	3.674412777549342351e-03
4.040623715049341917e-03	3.723240902549342177e-03	4.089451840049342611e-03
3.772069027549342438e-03	4.138279965049342438e-03	3.820897152549342264e-03
4.187108090049342264e-03	3.894139340049342438e-03	4.211522152549342611e-03
3.918553402549341917e-03	4.284764340049341917e-03	3.967381527549342611e-03
4.333592465049342611e-03	3.991795590049342091e-03	4.406834652549341917e-03
4.040623715049341917e-03	4.480076840049342091e-03	4.138279965049342438e-03
4.528904965049341917e-03	4.211522152549342611e-03	4.626561215049342438e-03
4.284764340049341917e-03	4.675389340049342264e-03	4.358006527549342091e-03
4.748631527549342438e-03	4.406834652549341917e-03	4.821873715049342611e-03
4.480076840049342091e-03	4.870701840049342438e-03	4.528904965049341917e-03
4.919529965049342264e-03	4.602147152549342091e-03	4.968358090049342091e-03
4.650975277549341917e-03	5.017186215049342785e-03	4.699803402549342611e-03
5.066014340049342611e-03	4.724217465049342091e-03	5.114842465049342438e-03
4.773045590049342785e-03	5.163670590049342264e-03	4.797459652549342264e-03
5.212498715049342091e-03	4.821873715049342611e-03	5.285740902549342264e-03
4.895115902549342785e-03	5.358983090049342438e-03	4.992772152549342438e-03
5.432225277549342611e-03	5.090428402549342091e-03	5.554295590049342611e-03
5.188084652549342611e-03	5.676365902549342611e-03	5.310154965049342611e-03
5.774022152549342264e-03	5.432225277549342611e-03	5.896092465049342264e-03
5.529881527549342264e-03	5.969334652549342438e-03	5.578709652549342091e-03
6.042576840049342611e-03	5.651951840049342264e-03	6.091404965049342438e-03
5.725194027549342438e-03	6.164647152549342611e-03	5.798436215049342611e-03
6.237889340049342785e-03	5.847264340049342438e-03	6.286717465049342611e-03
5.920506527549342611e-03	6.384373715049342264e-03	5.993748715049342785e-03
6.433201840049342091e-03	6.066990902549342091e-03	6.482029965049342785e-03
6.091404965049342438e-03	6.530858090049342611e-03	6.140233090049342264e-03
6.555272152549342091e-03	6.164647152549342611e-03	6.579686215049342438e-03
6.164647152549342611e-03	6.579686215049342438e-03	6.189061215049342091e-03
6.628514340049342264e-03	6.213475277549342438e-03	6.677342465049342091e-03
6.262303402549342264e-03	6.774998715049342611e-03	6.335545590049342438e-03
6.848240902549342785e-03	6.433201840049342091e-03	6.945897152549342438e-03
6.530858090049342611e-03	7.019139340049342611e-03	6.604100277549342785e-03
7.067967465049342438e-03	6.652928402549342611e-03	7.092381527549342785e-03
6.677342465049342091e-03	7.067967465049342438e-03	6.677342465049342091e-03
7.043553402549342091e-03	6.652928402549342611e-03	7.019139340049342611e-03
6.604100277549342785e-03	6.970311215049342785e-03	6.604100277549342785e-03
6.970311215049342785e-03	6.604100277549342785e-03	6.994725277549342264e-03
6.628514340049342264e-03	7.019139340049342611e-03	6.628514340049342264e-03
7.067967465049342438e-03	6.677342465049342091e-03	7.092381527549342785e-03
6.701756527549342438e-03	7.116795590049342264e-03	6.726170590049342785e-03
7.141209652549342611e-03	6.726170590049342785e-03	7.165623715049342091e-03
6.726170590049342785e-03	7.165623715049342091e-03	6.750584652549342264e-03
7.214451840049342785e-03	6.774998715049342611e-03	7.238865902549342264e-03
6.823826840049342438e-03	7.287694027549342091e-03	6.872654965049342264e-03
7.360936215049342264e-03	6.921483090049342091e-03	7.434178402549342438e-03
6.994725277549342264e-03	7.507420590049342611e-03	7.067967465049342438e-03
7.556248715049342438e-03	7.116795590049342264e-03	7.605076840049342264e-03
7.190037777549342438e-03	7.678319027549342438e-03	7.263279965049342611e-03
7.727147152549342264e-03	7.312108090049342438e-03	7.800389340049342438e-03
7.385350277549342611e-03	7.898045590049342091e-03	7.458592465049342785e-03
7.995701840049341744e-03	7.580662777549342785e-03	8.093358090049343131e-03
7.678319027549342438e-03	8.215428402549343131e-03	7.775975277549342091e-03
8.337498715049343131e-03	7.898045590049342091e-03	8.435154965049342785e-03
7.995701840049341744e-03	8.532811215049342438e-03	8.117772152549341744e-03
8.606053402549341744e-03	8.215428402549343131e-03	8.703709652549343131e-03
8.288670590049342438e-03	8.776951840049342438e-03	8.361912777549341744e-03
8.850194027549341744e-03	8.435154965049342785e-03	8.923436215049342785e-03
8.532811215049342438e-03	8.996678402549342091e-03	8.581639340049343131e-03
9.045506527549342785e-03	8.654881527549342438e-03	9.143162777549342438e-03
8.703709652549343131e-03	9.191990902549343131e-03	8.752537777549342091e-03
9.265233090049342438e-03	8.801365902549342785e-03	9.314061215049343131e-03
8.874608090049342091e-03	9.362889340049342091e-03	8.923436215049342785e-03
9.411717465049342785e-03	8.972264340049341744e-03	9.460545590049343478e-03
8.996678402549342091e-03	9.509373715049342438e-03	9.045506527549342785e-03
9.533787777549342785e-03	9.094334652549341744e-03	9.582615902549343478e-03
9.143162777549342438e-03	9.655858090049342785e-03	9.216404965049341744e-03
9.704686215049343478e-03	9.289647152549342785e-03	9.802342465049343131e-03
9.362889340049342091e-03	9.899998715049342785e-03	9.460545590049343478e-03
1.002206902754934278e-02	9.558201840049343131e-03	1.014413934004934278e-02
9.680272152549343131e-03	1.029062371504934313e-02	9.851170590049342091e-03
1.046152215254934209e-02	9.997654965049342438e-03	1.063242059004934278e-02
1.019296746504934348e-02	1.082773309004934209e-02	1.038827996504934278e-02
1.107187371504934209e-02	1.060800652754934244e-02	1.136484246504934278e-02
1.087656121504934278e-02	1.165781121504934348e-02	1.114511590254934313e-02
1.197519402754934278e-02	1.143808465254934209e-02	1.231699090254934244e-02
1.177988152754934348e-02	1.268320184004934070e-02	1.212167840254934313e-02
1.307382684004934105e-02	1.248788934004934313e-02	1.348886590254934174e-02
1.287851434004934174e-02	1.392831902754934105e-02	1.331796746504934105e-02
1.439218621504934070e-02	1.378183465254934070e-02	1.485605340254934209e-02
1.427011590254934070e-02	1.536874871504934070e-02	1.475839715254934070e-02
1.588144402754934278e-02	1.529550652754934140e-02	1.641855340254934001e-02
1.583261590254934209e-02	1.695566277754934070e-02	1.634531121504934070e-02
1.751718621504934001e-02	1.690683465254934001e-02	1.810312371504934140e-02
1.744394402754934070e-02	1.866464715254934070e-02	1.802988152754934209e-02
1.925058465254934209e-02	1.859140496504934140e-02	1.988535027754934070e-02
1.920175652754934140e-02	2.054452996504934140e-02	1.983652215254934348e-02
2.122812371504934070e-02	2.049570184004934070e-02	2.193613152754934209e-02
2.120370965254934209e-02	2.269296746504934070e-02	2.191171746504934348e-02
2.344980340254934278e-02	2.266855340254934209e-02	2.423105340254934348e-02
2.342538934004934070e-02	2.496347527754934348e-02	2.420663934004934140e-02
2.574472527754934070e-02	2.496347527754934348e-02	2.652597527754934140e-02
2.572031121504934209e-02	2.728281121504934348e-02	2.647714715254934070e-02
2.806406121504934070e-02	2.725839715254934140e-02	2.884531121504934140e-02
2.803964715254934209e-02	2.965097527754934070e-02	2.882089715254934278e-02
3.043222527754934140e-02	2.962656121504934209e-02	3.118906121504934348e-02
3.043222527754934140e-02	3.197031121504934070e-02	3.121347527754934209e-02
3.275156121504934487e-02	3.199472527754933932e-02	3.348398309004934487e-02
3.272714715254933932e-02	3.424081902754934348e-02	3.345956902754933932e-02
3.499765496504934209e-02	3.419199090254933932e-02	3.573007684004934209e-02
3.494882684004934487e-02	3.653574090254934487e-02	3.570566277754934348e-02
3.726816277754934487e-02	3.648691277754934070e-02	3.800058465254934487e-02
3.726816277754934487e-02	3.868417840254934070e-02	3.800058465254934487e-02
3.919687371504934625e-02	3.863535027754934348e-02	3.953867059004934070e-02
3.909921746504934487e-02	3.966074090254934070e-02	3.931894402754934625e-02
3.958749871504934487e-02	3.917245965254934070e-02	3.924570184004934348e-02
3.865976434004934209e-02	3.865976434004934209e-02	3.785410027754934625e-02
3.778085809004934348e-02	3.682870965254934209e-02	3.673105340254934070e-02
3.560800652754934209e-02	3.553476434004933932e-02	3.431406121504933932e-02
3.421640496504934487e-02	3.294687371504934070e-02	3.282480340254934070e-02
3.153085809004934487e-02	3.140878777754934487e-02	3.009042840254934348e-02
2.996835809004934348e-02	2.862558465254934348e-02	2.847910027754934140e-02
2.716074090254934348e-02	2.706308465254934209e-02	2.574472527754934070e-02
2.562265496504934070e-02	2.437753777754934209e-02	2.427988152754934070e-02
2.308359246504934278e-02	2.301035027754934348e-02	2.188730340254934140e-02
2.186288934004934278e-02	2.081308465254934348e-02	2.081308465254934348e-02
1.986093621504934209e-02	1.988535027754934070e-02	1.903085809004934070e-02
1.905527215254934278e-02	1.829843621504934070e-02	1.834726434004934140e-02
1.766367059004934209e-02	1.771249871504934278e-02	1.710214715254934278e-02
1.717538934004934209e-02	1.661386590254934278e-02	1.668710809004934209e-02
1.614999871504934140e-02	1.627206902754934140e-02	1.575937371504934278e-02
1.593027215254934001e-02	1.541757684004934140e-02	1.561288934004934070e-02
1.510019402754934209e-02	1.531992059004934174e-02	1.483163934004934174e-02
1.505136590254934140e-02	1.458749871504934174e-02	1.480722527754934140e-02
1.436777215254934209e-02	1.458749871504934174e-02	1.412363152754934209e-02
1.434335809004934174e-02	1.387949090254934209e-02	1.409921746504934174e-02
1.361093621504934174e-02	1.383066277754934140e-02	1.334238152754934140e-02
1.353769402754934070e-02	1.304941277754934070e-02	1.324472527754934174e-02
1.273202996504934140e-02	1.292734246504934070e-02	1.239023309004934348e-02
1.256113152754934070e-02	1.199960809004934313e-02	1.214609246504934348e-02
1.158456902754934244e-02	1.173105340254934278e-02	1.112070184004934278e-02
1.129160027754934348e-02	1.068124871504934348e-02	1.082773309004934209e-02
1.019296746504934348e-02	1.033945184004934209e-02	9.753514340049342438e-03
9.924412777549343131e-03	9.338475277549341744e-03	9.509373715049342438e-03
8.972264340049341744e-03	9.143162777549342438e-03	8.630467465049342091e-03
8.801365902549342785e-03	8.337498715049343131e-03	8.532811215049342438e-03
8.093358090049343131e-03	8.288670590049342438e-03	7.849217465049343131e-03
8.068944027549342785e-03	7.653904965049342091e-03	7.873631527549341744e-03
7.458592465049342785e-03	7.702733090049342785e-03	7.287694027549342091e-03
7.556248715049342438e-03	7.165623715049342091e-03	7.434178402549342438e-03
7.043553402549342091e-03	7.360936215049342264e-03	6.945897152549342438e-03
7.287694027549342091e-03	6.872654965049342264e-03	7.214451840049342785e-03
6.774998715049342611e-03	7.165623715049342091e-03	6.701756527549342438e-03
7.092381527549342785e-03	6.628514340049342264e-03	7.019139340049342611e-03
6.555272152549342091e-03	6.970311215049342785e-03	6.530858090049342611e-03
6.897069027549342611e-03	6.482029965049342785e-03	6.848240902549342785e-03
6.433201840049342091e-03	6.823826840049342438e-03	6.384373715049342264e-03
6.823826840049342438e-03	6.384373715049342264e-03	6.823826840049342438e-03
6.359959652549342785e-03	6.799412777549342091e-03	6.359959652549342785e-03
6.799412777549342091e-03	6.359959652549342785e-03	6.799412777549342091e-03
6.384373715049342264e-03	6.799412777549342091e-03	6.359959652549342785e-03
6.774998715049342611e-03	6.359959652549342785e-03	6.750584652549342264e-03
6.311131527549342091e-03	6.726170590049342785e-03	6.286717465049342611e-03
6.677342465049342091e-03	6.213475277549342438e-03	6.604100277549342785e-03
6.164647152549342611e-03	6.530858090049342611e-03	6.066990902549342091e-03
6.457615902549342438e-03	5.993748715049342785e-03	6.384373715049342264e-03
5.920506527549342611e-03	6.311131527549342091e-03	5.847264340049342438e-03
6.262303402549342264e-03	5.822850277549342091e-03	6.237889340049342785e-03
5.798436215049342611e-03	6.213475277549342438e-03	5.774022152549342264e-03
6.213475277549342438e-03	5.749608090049342785e-03	6.164647152549342611e-03
5.749608090049342785e-03	6.115819027549342785e-03	5.700779965049342091e-03
6.091404965049342438e-03	5.676365902549342611e-03	6.018162777549342264e-03
5.651951840049342264e-03	5.993748715049342785e-03	5.603123715049342438e-03
5.944920590049342091e-03	5.554295590049342611e-03	5.896092465049342264e-03
5.505467465049342785e-03	5.871678402549342785e-03	5.481053402549342438e-03
5.822850277549342091e-03	5.432225277549342611e-03	5.774022152549342264e-03
5.358983090049342438e-03	5.749608090049342785e-03	5.310154965049342611e-03
5.700779965049342091e-03	5.285740902549342264e-03	5.651951840049342264e-03
5.236912777549342438e-03	5.627537777549342785e-03	5.188084652549342611e-03
5.603123715049342438e-03	5.163670590049342264e-03	5.554295590049342611e-03
5.114842465049342438e-03	5.529881527549342264e-03	5.090428402549342091e-03
5.456639340049342091e-03	5.041600277549342264e-03	5.407811215049342264e-03
4.992772152549342438e-03	5.310154965049342611e-03	4.895115902549342785e-03
5.236912777549342438e-03	4.797459652549342264e-03	5.139256527549342785e-03
4.699803402549342611e-03	5.017186215049342785e-03	4.602147152549342091e-03
4.919529965049342264e-03	4.504490902549342438e-03	4.821873715049342611e-03
4.406834652549341917e-03	4.748631527549342438e-03	4.333592465049342611e-03
4.675389340049342264e-03	4.284764340049341917e-03	4.650975277549341917e-03
4.260350277549342438e-03	4.602147152549342091e-03	4.211522152549342611e-03
4.553319027549342264e-03	4.162694027549341917e-03	4.528904965049341917e-03
4.138279965049342438e-03	4.504490902549342438e-03	4.089451840049342611e-03
4.455662777549342611e-03	4.040623715049341917e-03	4.431248715049342264e-03
4.016209652549342438e-03	4.406834652549341917e-03	3.991795590049342091e-03
4.406834652549341917e-03	3.991795590049342091e-03	4.382420590049342438e-03
3.967381527549342611e-03	4.333592465049342611e-03	3.942967465049342264e-03
4.309178402549342264e-03	3.894139340049342438e-03	4.235936215049342091e-03
3.845311215049342177e-03	4.162694027549341917e-03	3.772069027549342438e-03
4.065037777549342264e-03	3.674412777549342351e-03	3.942967465049342264e-03
3.552342465049342351e-03	3.820897152549342264e-03	3.454686215049342264e-03
3.723240902549342177e-03	3.332615902549342264e-03	3.601170590049342177e-03
3.234959652549342177e-03	3.527928402549342438e-03	3.137303402549342091e-03
3.430272152549342351e-03	3.064061215049342351e-03	3.357029965049342177e-03
2.990819027549342177e-03	3.308201840049342351e-03	2.941990902549342351e-03
3.259373715049342091e-03	2.893162777549342091e-03	3.210545590049342264e-03
2.844334652549342264e-03	3.186131527549342351e-03	2.795506527549342438e-03
3.137303402549342091e-03	2.746678402549342177e-03	3.064061215049342351e-03
2.697850277549342351e-03	2.990819027549342177e-03	2.624608090049342177e-03
2.917576840049342438e-03	2.575779965049342351e-03	2.868748715049342177e-03
2.502537777549342177e-03	2.795506527549342438e-03	2.429295590049342438e-03
2.722264340049342264e-03	2.380467465049342177e-03	2.649022152549342091e-03
2.331639340049342351e-03	2.600194027549342264e-03	2.282811215049342091e-03
2.551365902549342438e-03	2.209569027549342351e-03	2.478123715049342264e-03
2.136326840049342177e-03	2.429295590049342438e-03	2.087498715049342351e-03
2.356053402549342264e-03	2.014256527549342177e-03	2.282811215049342091e-03
1.965428402549342351e-03	2.209569027549342351e-03	1.916600277549342091e-03
2.136326840049342177e-03	1.843358090049342134e-03	2.087498715049342351e-03
1.770115902549342177e-03	2.014256527549342177e-03	1.696873715049342221e-03
1.941014340049342221e-03	1.623631527549342264e-03	1.867772152549342264e-03
1.525975277549342177e-03	1.770115902549342177e-03	1.428319027549342091e-03
1.672459652549342091e-03	1.330662777549342221e-03	1.599217465049342134e-03
1.257420590049342264e-03	1.501561215049342264e-03	1.159764340049342177e-03
1.403904965049342177e-03	1.086522152549342221e-03	1.330662777549342221e-03
9.888659025493421340e-04	1.257420590049342264e-03	9.400377775493420907e-04
1.208592465049342221e-03	8.667955900493421340e-04	1.135350277549342047e-03
8.179674650493420907e-04	1.110936215049342134e-03	7.691393400493421557e-04
1.037694027549342177e-03	7.203112150493421123e-04	9.888659025493421340e-04
6.470690275493421557e-04	9.400377775493420907e-04	5.982409025493421123e-04
8.912096525493421557e-04	5.494127775493420690e-04	8.179674650493420907e-04
4.761705900493421123e-04	7.447252775493421340e-04	4.273424650493421232e-04
6.958971525493420907e-04	3.785143400493421340e-04	6.226549650493421340e-04
3.052721525493421232e-04	5.494127775493420690e-04	2.320299650493421123e-04
5.005846525493421340e-04	1.587877775493421015e-04	4.273424650493421232e-04
8.554559004934209065e-05	3.541002775493421123e-04	-1.211065995065790968e-05
2.808580900493421015e-04	-6.093878495065791070e-05	2.320299650493421123e-04
-1.341809724506579148e-04	1.832018400493420961e-04	-1.830090974506579310e-04
1.343737150493421069e-04	-2.318372224506579202e-04	1.099596525493420988e-04
-2.806653474506579093e-04	6.113152754934209608e-05	-3.050794099506579310e-04
3.671746504934209472e-05	-3.294934724506579527e-04	1.230340254934209167e-05
-3.539075349506579202e-04	1.230340254934209167e-05	-3.783215974506579419e-04
-1.211065995065790968e-05	-3.783215974506579419e-04	-3.652472245065790935e-05
-4.027356599506579093e-04	-6.093878495065791070e-05	-4.027356599506579093e-04
-6.093878495065791070e-05	-4.271497224506579310e-04	-8.535284745065791206e-05
-4.515637849506579527e-04	-1.097669099506579202e-04	-4.515637849506579527e-04
-1.341809724506579148e-04	-5.003919099506578877e-04	-1.830090974506579310e-04
-5.492200349506579310e-04	-2.562512849506579419e-04	-6.224622224506579961e-04
-3.539075349506579202e-04	-7.201184724506579744e-04	-4.515637849506579527e-04
-8.177747224506579527e-04	-5.492200349506579310e-04	-9.154309724506579310e-04
-6.224622224506579961e-04	-1.013087222450657909e-03	-6.712903474506579310e-04
-1.061915347450657953e-03	-7.201184724506579744e-04	-1.110743472450657996e-03
-7.445325349506579961e-04	-1.159571597450658039e-03	-7.689465974506579093e-04
-1.159571597450658039e-03	-7.933606599506579310e-04	-1.183985659950657953e-03
-8.177747224506579527e-04	-1.257227847450657909e-03	-8.910169099506579093e-04
-1.330470034950658083e-03	-9.886731599506579961e-04	-1.403712222450658039e-03
-1.086329409950657866e-03	-1.550196597450657953e-03	-1.232813784950657996e-03
-1.696680972450658083e-03	-1.354884097450657996e-03	-1.818751284950658083e-03
-1.501368472450657909e-03	-1.940821597450658083e-03	-1.623438784950657909e-03
-2.062891909950658083e-03	-1.745509097450657909e-03	-2.160548159950658170e-03
-1.867579409950657909e-03	-2.258204409950657823e-03	-1.965235659950657996e-03
-2.355860659950657909e-03	-2.062891909950658083e-03	-2.453516909950657996e-03
-2.160548159950658170e-03	-2.551173159950658083e-03	-2.233790347450657909e-03
-2.624415347450658256e-03	-2.307032534950658083e-03	-2.697657534950657996e-03
-2.331446597450657996e-03	-2.770899722450658170e-03	-2.380274722450658256e-03
-2.819727847450657996e-03	-2.429102847450658083e-03	-2.868555972450658256e-03
-2.502345034950658256e-03	-2.941798159950657996e-03	-2.551173159950658083e-03
-3.015040347450658170e-03	-2.648829409950658170e-03	-3.137110659950658170e-03
-2.770899722450658170e-03	-3.259180972450658170e-03	-2.868555972450658256e-03
-3.405665347450658083e-03	-3.015040347450658170e-03	-3.503321597450658170e-03
-3.112696597450658256e-03	-3.625391909950658170e-03	-3.210352847450657909e-03
-3.698634097450657909e-03	-3.259180972450658170e-03	-3.771876284950658083e-03
-3.332423159950657909e-03	-3.845118472450658256e-03	-3.381251284950658170e-03
-3.869532534950658170e-03	-3.405665347450658083e-03	-3.893946597450658083e-03
-3.430079409950657996e-03	-3.918360659950658430e-03	-3.478907534950658256e-03
-3.967188784950658256e-03	-3.503321597450658170e-03	-3.991602847450657736e-03
-3.552149722450657996e-03	-3.991602847450657736e-03	-3.600977847450658256e-03
-4.040430972450658430e-03	-3.649805972450658083e-03	-4.089259097450658256e-03
-3.723048159950658256e-03	-4.162501284950658430e-03	-3.796290347450657996e-03
-4.260157534950658083e-03	-3.918360659950658430e-03	-4.406641909950658430e-03
-4.040430972450658430e-03	-4.528712222450658430e-03	-4.211329409950658256e-03
-4.675196597450657909e-03	-4.333399722450658256e-03	-4.821680972450658256e-03
-4.479884097450657736e-03	-4.968165347450658603e-03	-4.601954409950657736e-03
-5.114649722450658083e-03	-4.724024722450658603e-03	-5.261134097450658430e-03
-4.846095034950658603e-03	-5.407618472450657909e-03	-4.968165347450658603e-03
-5.529688784950657909e-03	-5.114649722450658083e-03	-5.676173159950658256e-03
-5.261134097450658430e-03	-5.822657534950658603e-03	-5.432032534950658256e-03
-5.969141909950658083e-03	-5.627345034950658430e-03	-6.140040347450657909e-03
-5.822657534950658603e-03	-6.359766909950658430e-03	-6.042384097450658256e-03
-6.555079409950658603e-03	-6.286524722450658256e-03	-6.799220034950658603e-03
-6.530665347450658256e-03	-7.043360659950658603e-03	-6.799220034950658603e-03
-7.336329409950658430e-03	-7.067774722450658083e-03	-7.629298159950658256e-03
-7.409571597450658603e-03	-7.971095034950657909e-03	-7.751368472450658256e-03
-8.312891909950657562e-03	-8.117579409950658256e-03	-8.679102847450657562e-03
-8.508204409950658603e-03	-9.045313784950657562e-03	-8.874415347450658603e-03
-9.435938784950657909e-03	-9.265040347450658950e-03	-9.826563784950658256e-03
-9.680079409950657909e-03	-1.024160284745065895e-02	-1.009511847245065860e-02
-1.068105597245065826e-02	-1.055898565995065826e-02	-1.112050909745065930e-02
-1.102285284745065791e-02	-1.160879034745065930e-02	-1.151113409745065791e-02
-1.209707159745065930e-02	-1.199941534745065791e-02	-1.263418097245065999e-02
-1.253652472245066034e-02	-1.314687628495066034e-02	-1.304922003495066068e-02
-1.368398565995065930e-02	-1.361074347245065999e-02	-1.426992315995066068e-02
-1.419668097245065964e-02	-1.485586065995066034e-02	-1.478261847245065930e-02
-1.541738409745065964e-02	-1.536855597245066068e-02	-1.600332159745065930e-02
-1.593007940995065999e-02	-1.658925909745066068e-02	-1.646718878495066068e-02
-1.717519659745065860e-02	-1.702871222245065999e-02	-1.771230597245065930e-02
-1.756582159745066068e-02	-1.824941534745065999e-02	-1.810293097245066138e-02
-1.878652472245066068e-02	-1.861562628495065999e-02	-1.932363409745066138e-02
-1.915273565995066068e-02	-1.986074347245066207e-02	-1.971425909745065999e-02
-2.044668097245065999e-02	-2.027578253495065930e-02	-2.100820440995065930e-02
-2.088613409745065930e-02	-2.161855597245065930e-02	-2.152089972245066138e-02
-2.222890753495065930e-02	-2.218007940995066207e-02	-2.288808722245065999e-02
-2.281484503495066068e-02	-2.357168097245065930e-02	-2.352285284745066207e-02
-2.423086065995065999e-02	-2.423086065995065999e-02	-2.493886847245066138e-02
-2.493886847245066138e-02	-2.569570440995065999e-02	-2.567129034745066138e-02
-2.645254034745066207e-02	-2.645254034745066207e-02	-2.720937628495066068e-02
-2.725820440995066138e-02	-2.801504034745065999e-02	-2.803945440995066207e-02
-2.884511847245066138e-02	-2.886953253495065999e-02	-2.965078253495066068e-02
-2.967519659745065930e-02	-3.045644659745065999e-02	-3.045644659745065999e-02
-3.116445440995066138e-02	-3.111562628495066068e-02	-3.175039190995065930e-02
-3.165273565995065791e-02	-3.214101690995065791e-02	-3.192129034745066346e-02
-3.231191534745066207e-02	-3.184804815995066068e-02	-3.228750128495066346e-02
-3.143300909745066346e-02	-3.199453253495065930e-02	-3.072500128495066207e-02
-3.148183722245066068e-02	-2.977285284745066068e-02	-3.067617315995066138e-02
-2.864980597245066207e-02	-2.969961065995066138e-02	-2.740468878495065999e-02
-2.855214972245066068e-02	-2.608632940995066207e-02	-2.730703253495066207e-02
-2.471914190995065999e-02	-2.598867315995066068e-02	-2.335195440995066138e-02
-2.462148565995066207e-02	-2.196035284745066068e-02	-2.325429815995065999e-02
-2.056875128495065999e-02	-2.186269659745065930e-02	-1.922597784745065999e-02
-2.047109503495066207e-02	-1.790761847245065860e-02	-1.910390753495065999e-02
-1.663808722245066138e-02	-1.778554815995065860e-02	-1.549062628495066068e-02
-1.656484503495065860e-02	-1.444082159745065964e-02	-1.541738409745065964e-02
-1.351308722245066034e-02	-1.439199347245066068e-02	-1.273183722245065964e-02
-1.348867315995065999e-02	-1.204824347245065860e-02	-1.273183722245065964e-02
-1.148672003495065930e-02	-1.207265753495065895e-02	-1.104726690995065826e-02
-1.155996222245065860e-02	-1.068105597245065826e-02	-1.114492315995065791e-02
-1.036367315995065895e-02	-1.080312628495065826e-02	-1.011953253495065895e-02
-1.053457159745065791e-02	-9.899805972450659297e-03	-1.031484503495065826e-02
-9.704493472450658256e-03	-1.011953253495065895e-02	-9.533595034950659297e-03
-9.948634097450658256e-03	-9.362696597450658603e-03	-9.777735659950659297e-03
-9.167384097450657562e-03	-9.606837222450658603e-03	-8.996485659950658603e-03
-9.435938784950657909e-03	-8.776759097450658950e-03	-9.240626284950658603e-03
-8.532618472450658950e-03	-8.996485659950658603e-03	-8.264063784950658603e-03
-8.727930972450658256e-03	-7.971095034950657909e-03	-8.459376284950657909e-03
-7.678126284950658083e-03	-8.141993472450658603e-03	-7.360743472450657909e-03
-7.849024722450657909e-03	-7.067774722450658083e-03	-7.556055972450658083e-03
-6.774805972450658256e-03	-7.287501284950658603e-03	-6.481837222450658430e-03
-6.994532534950657909e-03	-6.237696597450658430e-03	-6.725977847450658430e-03
-5.969141909950658083e-03	-6.481837222450658430e-03	-5.700587222450658603e-03
-6.213282534950658083e-03	-1.776918110094572456e-01	-1.776918110094572456e-01
-1.752504047594572456e-01	-1.837953266344572456e-01	-1.813539203844572456e-01
-1.898988422594572456e-01	-1.874574360094572456e-01	-1.947816547594572456e-01
-1.935609516344572456e-01	-2.008851703844572456e-01	-1.984437641344572456e-01
-2.069886860094572456e-01	-2.045472797594572456e-01	-2.118714985094572456e-01
-2.106507953844572456e-01	-2.179750141344572456e-01	-2.155336078844572456e-01
-2.240785297594572456e-01	-2.216371235094572456e-01	-2.301820453844572456e-01
-2.277406391344572456e-01	-2.350648578844572456e-01	-2.326234516344572456e-01
-2.411683735094572456e-01	-2.387269672594572456e-01	-2.472718891344572456e-01
-2.448304828844572456e-01	-2.533754047594572456e-01	-2.509339985094572456e-01
-2.582582172594572456e-01	-2.558168110094572456e-01	-2.643617328844572456e-01
-2.619203266344572456e-01	-2.704652485094572456e-01	-2.680238422594572456e-01
-2.765687641344572456e-01	-2.741273578844572456e-01	-2.814515766344572456e-01
-2.790101703844572456e-01	-2.875550922594572456e-01	-2.851136860094572456e-01
-2.936586078844572456e-01	-2.912172016344572456e-01	-2.985414203844572456e-01
-2.973207172594572456e-01	-3.046449360094572456e-01	-3.022035297594572456e-01
-3.107484516344572456e-01	-3.083070453844572456e-01	-3.168519672594572456e-01
-3.144105610094572456e-01	-3.229554828844572456e-01	-3.205140766344572456e-01
-3.278382953844572456e-01	-3.253968891344572456e-01	-3.339418110094572456e-01
-3.315004047594572456e-01	-3.400453266344572456e-01	-3.376039203844572456e-01
-3.461488422594572456e-01	-3.437074360094572456e-01	-3.510316547594572456e-01
-3.485902485094572456e-01	-3.571351703844572456e-01	-3.546937641344572456e-01
-3.632386860094572456e-01	-3.607972797594572456e-01	-3.681214985094572456e-01
-3.656800922594572456e-01	-3.742250141344572456e-01	-3.717836078844572456e-01
-3.803285297594572456e-01	-3.778871235094572456e-01	-3.852113422594572456e-01
-3.839906391344572456e-01	-3.913148578844572456e-01	-3.888734516344572456e-01
-3.974183735094572456e-01	-3.949769672594572456e-01	-4.035218891344572456e-01
-4.010804828844572456e-01	-4.096254047594572456e-01	-4.071839985094572456e-01
-4.145082172594572456e-01	-4.120668110094572456e-01	-4.206117328844572456e-01
-4.181703266344572456e-01	-4.267152485094572456e-01	-4.242738422594572456e-01
-4.315980610094572456e-01	-4.303773578844572456e-01	-4.377015766344572456e-01
-4.352601703844572456e-01	-4.438050922594572456e-01	-4.413636860094572456e-01
-4.499086078844572456e-01	-4.474672016344572456e-01	-4.547914203844572456e-01
-4.535707172594572456e-01	-4.608949360094572456e-01	-4.584535297594572456e-01
-4.669984516344572456e-01	-4.645570453844572456e-01	-4.718812641344572456e-01
-4.706605610094572456e-01	-4.779847797594572456e-01	-4.755433735094572456e-01
-4.840882953844572456e-01	-4.816468891344572456e-01	-4.901918110094572456e-01
-4.877504047594572456e-01	-4.950746235094572456e-01	-4.926332172594572456e-01
-5.011781391344573011e-01	-4.987367328844572456e-01	-5.072816547594573011e-01
-5.048402485094573011e-01	-5.121644672594573011e-01	-5.109437641344573011e-01
-5.182679828844573011e-01	-5.158265766344573011e-01	-5.243714985094573011e-01
-5.219300922594573011e-01	-5.304750141344573011e-01	-5.280336078844573011e-01
-5.365785297594573011e-01	-5.329164203844573011e-01	-5.414613422594573011e-01
-5.390199360094573011e-01	-5.475648578844573011e-01	-5.451234516344573011e-01
-5.536683735094573011e-01	-5.512269672594573011e-01	-5.585511860094573011e-01
-5.561097797594573011e-01	-5.646547016344573011e-01	-5.622132953844573011e-01
-5.707582172594573011e-01	-5.683168110094573011e-01	-5.768617328844573011e-01
-5.744203266344573011e-01	-5.817445453844573011e-01	-5.793031391344573011e-01
-5.878480610094573011e-01	-5.854066547594573011e-01	-5.939515766344573011e-01
-5.915101703844573011e-01	-5.988343891344573011e-01	-5.963929828844573011e-01
-6.049379047594573011e-01	-6.024964985094573011e-01	-6.110414203844573011e-01
-6.086000141344573011e-01	-6.171449360094573011e-01	-6.147035297594573011e-01
-6.220277485094573011e-01	-6.195863422594573011e-01	-6.281312641344571901e-01
-6.256898578844571901e-01	-6.342347797594571901e-01	-6.317933735094571901e-01
-6.391175922594571901e-01	-6.366761860094571901e-01	-6.452211078844571901e-01
-6.427797016344571901e-01	-6.513246235094571901e-01	-6.488832172594571901e-01
-6.574281391344571901e-01	-6.549867328844571901e-01	-6.635316547594571901e-01
-6.610902485094571901e-01	-6.684144672594571901e-01	-6.659730610094571901e-01
-6.745179828844571901e-01	-6.720765766344571901e-01	-6.806214985094571901e-01
-6.781800922594571901e-01	-6.855043110094571901e-01	-6.830629047594571901e-01
-6.916078266344571901e-01	-6.891664203844571901e-01	-6.977113422594571901e-01
-6.952699360094571901e-01	-7.038148578844571901e-01	-7.001527485094571901e-01
-7.086976703844571901e-01	-7.062562641344571901e-01	-7.148011860094571901e-01
-7.123597797594571901e-01	-7.209047016344571901e-01	-7.184632953844571901e-01
-7.257875141344571901e-01	-7.233461078844571901e-01	-7.318910297594571901e-01
-7.294496235094571901e-01	-7.379945453844571901e-01	-7.355531391344571901e-01
-7.428773578844571901e-01	-7.416566547594571901e-01	-7.489808735094571901e-01
-7.453187641344571901e-01	-7.526429828844571901e-01	-7.416566547594571901e-01
-7.502015766344571901e-01	-7.355531391344571901e-01	-7.440980610094571901e-01
-7.306703266344571901e-01	-7.379945453844571901e-01	-7.245668110094571901e-01
-7.331117328844571901e-01	-7.184632953844571901e-01	-7.270082172594571901e-01
-7.123597797594571901e-01	-7.209047016344571901e-01	-7.074769672594571901e-01
-7.148011860094571901e-01	-7.013734516344571901e-01	-7.099183735094571901e-01
-6.964906391344571901e-01	-7.038148578844571901e-01	-6.903871235094571901e-01
-6.989320453844571901e-01	-6.842836078844571901e-01	-6.928285297594571901e-01
-6.794007953844571901e-01	-6.867250141344571901e-01	-6.732972797594571901e-01
-6.818422016344571901e-01	-6.671937641344571901e-01	-6.757386860094571901e-01
-6.623109516344571901e-01	-6.696351703844571901e-01	-6.562074360094571901e-01
-6.647523578844571901e-01	-6.501039203844571901e-01	-6.586488422594571901e-01
-6.452211078844571901e-01	-6.525453266344571901e-01	-6.391175922594571901e-01
-6.476625141344571901e-01	-6.330140766344571901e-01	-6.415589985094571901e-01
-6.281312641344571901e-01	-6.354554828844571901e-01	-6.220277485094573011e-01
-6.305726703844571901e-01	-6.159242328844573011e-01	-6.244691547594573011e-01
-6.110414203844573011e-01	-6.183656391344573011e-01	-6.049379047594573011e-01
-6.134828266344573011e-01	-6.000550922594573011e-01	-6.073793110094573011e-01
-5.939515766344573011e-01	-6.012757953844573011e-01	-5.878480610094573011e-01
-5.963929828844573011e-01	-5.817445453844573011e-01	-5.902894672594573011e-01
-5.768617328844573011e-01	-5.841859516344573011e-01	-5.707582172594573011e-01
-5.793031391344573011e-01	-5.658754047594573011e-01	-5.731996235094573011e-01
-5.597718891344573011e-01	-5.670961078844573011e-01	-5.536683735094573011e-01
-5.622132953844573011e-01	-5.475648578844573011e-01	-5.561097797594573011e-01
-5.426820453844573011e-01	-5.500062641344573011e-01	-5.365785297594573011e-01
-5.451234516344573011e-01	-5.304750141344573011e-01	-5.390199360094573011e-01
-5.255922016344573011e-01	-5.329164203844573011e-01	-5.194886860094573011e-01
-5.280336078844573011e-01	-5.133851703844573011e-01	-5.219300922594573011e-01
-5.085023578844573011e-01	-5.158265766344573011e-01	-5.023988422594573011e-01
-5.097230610094573011e-01	-4.962953266344572456e-01	-5.048402485094573011e-01
-4.914125141344572456e-01	-4.987367328844572456e-01	-4.853089985094572456e-01
-4.926332172594572456e-01	-4.792054828844572456e-01	-4.877504047594572456e-01
-4.743226703844572456e-01	-4.816468891344572456e-01	-4.682191547594572456e-01
-4.767640766344572456e-01	-4.621156391344572456e-01	-4.706605610094572456e-01
-4.572328266344572456e-01	-4.645570453844572456e-01	-4.511293110094572456e-01
-4.596742328844572456e-01	-4.450257953844572456e-01	-4.535707172594572456e-01
-4.401429828844572456e-01	-4.474672016344572456e-01	-4.340394672594572456e-01
-4.413636860094572456e-01	-4.279359516344572456e-01	-4.364808735094572456e-01
-4.218324360094572456e-01	-4.303773578844572456e-01	-4.169496235094572456e-01
-4.254945453844572456e-01	-4.108461078844572456e-01	-4.193910297594572456e-01
-4.047425922594572456e-01	-4.132875141344572456e-01	-3.998597797594572456e-01
-4.071839985094572456e-01	-3.937562641344572456e-01	-4.023011860094572456e-01
-3.876527485094572456e-01	-3.961976703844572456e-01	-3.815492328844572456e-01
-3.900941547594572456e-01	-3.766664203844572456e-01	-3.852113422594572456e-01
-3.705629047594572456e-01	-3.791078266344572456e-01	-3.656800922594572456e-01
-3.730043110094572456e-01	-3.595765766344572456e-01	-3.681214985094572456e-01
-3.534730610094572456e-01	-3.620179828844572456e-01	-3.485902485094572456e-01
-3.559144672594572456e-01	-3.424867328844572456e-01	-3.498109516344572456e-01
-3.363832172594572456e-01	-3.449281391344572456e-01	-3.302797016344572456e-01
-3.388246235094572456e-01	-3.253968891344572456e-01	-3.327211078844572456e-01
-3.192933735094572456e-01	-3.266175922594572456e-01	-3.131898578844572456e-01
-3.217347797594572456e-01	-3.070863422594572456e-01	-3.156312641344572456e-01
-3.022035297594572456e-01	-3.095277485094572456e-01	-2.961000141344572456e-01
-3.046449360094572456e-01	-2.899964985094572456e-01	-2.985414203844572456e-01
-2.838929828844572456e-01	-2.924379047594572456e-01	-2.790101703844572456e-01
-2.863343891344572456e-01	-2.729066547594572456e-01	-2.814515766344572456e-01
-2.668031391344572456e-01	-2.753480610094572456e-01	-2.606996235094572456e-01
-2.692445453844572456e-01	-2.558168110094572456e-01	-2.631410297594572456e-01
-2.497132953844572456e-01	-2.582582172594572456e-01	-2.448304828844572456e-01
-2.521547016344572456e-01	-2.387269672594572456e-01	-2.472718891344572456e-01
-2.326234516344572456e-01	-2.411683735094572456e-01	-2.265199360094572456e-01
-2.350648578844572456e-01	-2.216371235094572456e-01	-2.289613422594572456e-01
-2.155336078844572456e-01	-2.240785297594572456e-01	-2.094300922594572456e-01
-2.179750141344572456e-01	-2.033265766344572456e-01	-2.118714985094572456e-01
-1.984437641344572456e-01	-2.057679828844572456e-01	-1.923402485094572456e-01
-1.996644672594572456e-01	-1.862367328844572456e-01	-1.947816547594572456e-01
-1.813539203844572456e-01	-1.886781391344572456e-01	-1.752504047594572456e-01
-1.825746235094572456e-01	-1.691468891344572456e-01	-1.776918110094572456e-01
-1.630433735094572456e-01	-1.715882953844572456e-01	-1.581605610094572456e-01
-1.654847797594572456e-01	-1.520570453844572456e-01	-1.606019672594572456e-01
-1.459535297594572456e-01	-1.544984516344572456e-01	-1.398500141344572456e-01
-1.483949360094572456e-01	-1.349672016344572456e-01	-1.422914203844572456e-01
-1.288636860094572456e-01	-1.374086078844572456e-01	-1.227601703844572456e-01
-1.313050922594572456e-01	-1.166566547594572456e-01	-1.252015766344572456e-01
-1.117738422594572456e-01	-1.203187641344572456e-01	-1.056703266344572456e-01
-1.142152485094572456e-01	-9.956681100945724561e-02	-1.081117328844572456e-01
-9.346329538445724561e-02	-1.020082172594572456e-01	-8.858048288445724561e-02
-9.590470163445724561e-02	-8.247696725945724561e-02	-9.102188913445724561e-02
-7.637345163445724561e-02	-8.491837350945724561e-02	-7.149063913445724561e-02
-7.881485788445724561e-02	-6.538712350945724561e-02	-7.271134225945724561e-02
-5.928360788445724561e-02	-6.782852975945724561e-02	-5.318009225945724561e-02
-6.172501413445724561e-02	-4.707657663445724561e-02	-5.562149850945724561e-02
-4.219376413445724561e-02	-5.073868600945724561e-02	-3.609024850945724561e-02
-4.463517038445724561e-02	-2.998673288445724214e-02	-3.853165475945724561e-02
-2.510392038445724214e-02	-3.242813913445724561e-02	-1.900040475945724214e-02
-2.754532663445724214e-02	-1.289688913445724214e-02	-2.144181100945724214e-02
-8.014076634457242138e-03	-1.533829538445724214e-02	-1.910561009457242138e-03
-1.045548288445724214e-02	4.192954615542757862e-03	-4.351967259457242138e-03
1.029647024054275786e-02	1.751548365542757862e-03	1.517928274054275786e-02
7.855063990542757862e-03	2.128279836554275786e-02	1.273787649054275786e-02
2.738631399054275786e-02	1.884139211554275786e-02	3.226912649054275439e-02
2.494490774054275786e-02	3.837264211554275439e-02	3.104842336554275786e-02
4.447615774054275439e-02	3.593123586554275439e-02	5.057967336554275439e-02
4.203475149054275439e-02	5.668318899054275439e-02	4.813826711554275439e-02
6.156600149054275439e-02	5.424178274054275439e-02	6.766951711554275439e-02
5.912459524054275439e-02	7.377303274054275439e-02	6.522811086554275439e-02
7.987654836554275439e-02	7.133162649054275439e-02	8.475936086554275439e-02
7.743514211554275439e-02	9.086287649054275439e-02	8.231795461554275439e-02
9.696639211554275439e-02	8.842147024054275439e-02	1.018492046155427544e-01
9.452498586554275439e-02	1.079527202405427544e-01	9.940779836554275439e-02
1.140562358655427544e-01	1.055113139905427544e-01	1.201597514905427544e-01
1.116148296155427544e-01	1.250425639905427544e-01	1.177183452405427544e-01
1.299253764905427544e-01	1.226011577405427544e-01	1.360288921155427544e-01
1.274839702405427544e-01	1.409117046155427544e-01	1.335874858655427544e-01
1.470152202405427544e-01	1.384702983655427544e-01	1.531187358655427544e-01
1.445738139905427544e-01	1.580015483655427544e-01	1.506773296155427544e-01
1.641050639905427544e-01	1.567808452405427544e-01	1.702085796155427544e-01
1.616636577405427544e-01	1.763120952405427544e-01	1.677671733655427544e-01
1.811949077405427544e-01	1.738706889905427544e-01	1.872984233655427544e-01
1.787535014905427544e-01	1.934019389905427544e-01	1.848570171155427544e-01
1.982847514905427544e-01	1.909605327405427544e-01	2.043882671155427544e-01
1.958433452405427544e-01	2.104917827405427544e-01	2.019468608655427544e-01
2.165952983655427544e-01	2.080503764905427544e-01	2.214781108655427544e-01
2.141538921155427544e-01	2.275816264905427544e-01	2.190367046155427544e-01
2.336851421155427544e-01	2.251402202405427544e-01	2.397886577405427544e-01
2.312437358655427544e-01	2.446714702405427544e-01	2.373472514905427544e-01
2.507749858655427544e-01	2.422300639905427544e-01	2.568785014905427544e-01
2.483335796155427544e-01	2.629820171155427544e-01	2.544370952405427544e-01
2.678648296155427544e-01	2.605406108655427544e-01	2.739683452405427544e-01
2.654234233655427544e-01	2.800718608655427544e-01	2.715269389905427544e-01
2.861753764905427544e-01	2.776304546155427544e-01	2.922788921155427544e-01
2.837339702405427544e-01	2.971617046155427544e-01	2.886167827405427544e-01
3.032652202405427544e-01	2.947202983655427544e-01	3.081480327405427544e-01
3.008238139905427544e-01	3.142515483655427544e-01	3.069273296155427544e-01
3.203550639905427544e-01	3.130308452405427544e-01	3.264585796155427544e-01
3.179136577405427544e-01	3.325620952405427544e-01	3.240171733655427544e-01
3.374449077405427544e-01	3.301206889905427544e-01	3.435484233655427544e-01
3.350035014905427544e-01	3.496519389905427544e-01	3.411070171155427544e-01
3.557554546155427544e-01	3.472105327405427544e-01	3.606382671155427544e-01
3.533140483655427544e-01	3.667417827405427544e-01	3.594175639905427544e-01
3.728452983655427544e-01	3.643003764905427544e-01	3.777281108655427544e-01
3.704038921155427544e-01	3.838316264905427544e-01	3.752867046155427544e-01
3.899351421155427544e-01	3.813902202405427544e-01	3.960386577405427544e-01
3.874937358655427544e-01	4.009214702405427544e-01	3.935972514905427544e-01
4.070249858655427544e-01	3.984800639905427544e-01	4.131285014905427544e-01
4.045835796155427544e-01	4.192320171155427544e-01	4.106870952405427544e-01
4.241148296155427544e-01	4.167906108655427544e-01	4.302183452405427544e-01
4.216734233655427544e-01	4.363218608655427544e-01	4.277769389905427544e-01
4.412046733655427544e-01	4.338804546155427544e-01	4.473081889905427544e-01
4.399839702405427544e-01	4.534117046155427544e-01	4.448667827405427544e-01
4.595152202405427544e-01	4.509702983655427544e-01	4.643980327405427544e-01
4.570738139905427544e-01	4.705015483655427544e-01	4.619566264905427544e-01
4.766050639905427544e-01	4.680601421155427544e-01	4.827085796155427544e-01
4.741636577405427544e-01	4.875913921155427544e-01	4.802671733655427544e-01
4.936949077405427544e-01	4.851499858655427544e-01	4.997984233655427544e-01
4.912535014905427544e-01	5.059019389905426989e-01	4.973570171155427544e-01
5.107847514905426989e-01	5.034605327405426989e-01	5.168882671155426989e-01
5.083433452405426989e-01	5.217710796155426989e-01	5.144468608655426989e-01
5.278745952405426989e-01	5.193296733655426989e-01	5.339781108655426989e-01
5.254331889905426989e-01	5.400816264905426989e-01	5.315367046155426989e-01
5.449644389905426989e-01	5.376402202405426989e-01	5.510679546155426989e-01
5.437437358655426989e-01	5.571714702405426989e-01	5.486265483655426989e-01
5.632749858655426989e-01	5.547300639905426989e-01	5.693785014905426989e-01
5.608335796155426989e-01	5.742613139905426989e-01	5.669370952405426989e-01
5.803648296155426989e-01	5.718199077405426989e-01	5.864683452405426989e-01
5.779234233655426989e-01	5.913511577405426989e-01	5.840269389905426989e-01
5.974546733655426989e-01	5.901304546155426989e-01	6.035581889905426989e-01
5.950132671155426989e-01	6.096617046155426989e-01	6.011167827405426989e-01
6.145445171155426989e-01	6.072202983655426989e-01	6.206480327405426989e-01
6.133238139905426989e-01	6.267515483655428099e-01	6.182066264905426989e-01
6.328550639905428099e-01	6.243101421155426989e-01	6.377378764905428099e-01
6.291929546155428099e-01	6.438413921155428099e-01	6.352964702405428099e-01
6.499449077405428099e-01	6.413999858655428099e-01	6.548277202405428099e-01
6.475035014905428099e-01	6.609312358655428099e-01	6.523863139905428099e-01
6.670347514905428099e-01	6.584898296155428099e-01	6.719175639905428099e-01
6.645933452405428099e-01	6.780210796155428099e-01	6.694761577405428099e-01
6.841245952405428099e-01	6.755796733655428099e-01	6.902281108655428099e-01
6.816831889905428099e-01	6.951109233655428099e-01	6.877867046155428099e-01
7.012144389905428099e-01	6.926695171155428099e-01	7.073179546155428099e-01
6.987730327405428099e-01	7.122007671155428099e-01	7.048765483655428099e-01
7.183042827405428099e-01	7.097593608655428099e-01	7.244077983655428099e-01
7.158628764905428099e-01	7.305113139905428099e-01	7.219663921155428099e-01
7.353941264905428099e-01	7.280699077405428099e-01	7.414976421155428099e-01
7.329527202405428099e-01	7.476011577405428099e-01	7.390562358655428099e-01
7.524839702405428099e-01	7.451597514905428099e-01	7.585874858655428099e-01
7.512632671155428099e-01	7.646910014905428099e-01	7.561460796155428099e-01
7.707945171155428099e-01	7.622495952405428099e-01	7.756773296155428099e-01
7.683531108655428099e-01	7.817808452405428099e-01	7.732359233655428099e-01
7.878843608655428099e-01	7.793394389905428099e-01	7.939878764905428099e-01
7.854429546155428099e-01	7.988706889905428099e-01	7.915464702405428099e-01
8.049742046155428099e-01	7.964292827405428099e-01	8.110777202405428099e-01
8.025327983655428099e-01	8.159605327405428099e-01	8.086363139905428099e-01
8.220640483655428099e-01	8.135191264905428099e-01	8.281675639905428099e-01
8.196226421155428099e-01	8.342710796155428099e-01	8.257261577405428099e-01
8.391538921155428099e-01	8.318296733655428099e-01	8.452574077405428099e-01
8.367124858655428099e-01	8.513609233655428099e-01	8.428160014905428099e-01
8.574644389905428099e-01	8.489195171155428099e-01	8.623472514905428099e-01
8.550230327405428099e-01	8.684507671155428099e-01	8.599058452405428099e-01
8.745542827405428099e-01	8.660093608655428099e-01	8.794370952405428099e-01
8.721128764905428099e-01	8.855406108655428099e-01	8.769956889905428099e-01
8.916441264905428099e-01	8.830992046155428099e-01	8.965269389905428099e-01
8.892027202405428099e-01	9.026304546155428099e-01	8.940855327405428099e-01
9.087339702405428099e-01	9.001890483655428099e-01	9.148374858655428099e-01
9.062925639905428099e-01	9.197202983655428099e-01	9.123960796155428099e-01
9.258238139905428099e-01	9.184995952405428099e-01	9.319273296155428099e-01
9.233824077405428099e-01	9.380308452405428099e-01	9.294859233655428099e-01
9.441343608655428099e-01	9.355894389905428099e-01	9.490171733655428099e-01
9.404722514905428099e-01	9.551206889905428099e-01	9.465757671155428099e-01
9.600035014905428099e-01	9.526792827405428099e-01	9.661070171155428099e-01
9.587827983655428099e-01	9.722105327405428099e-01	9.636656108655428099e-01
9.783140483655428099e-01	9.697691264905428099e-01	9.831968608655428099e-01
9.758726421155428099e-01	9.893003764905428099e-01	9.807554546155428099e-01
9.954038921155428099e-01	9.868589702405428099e-01	1.001507407740542810e+00
9.929624858655428099e-01	1.003948813990542810e+00	9.966245952405428099e-01
1.000286704615542810e+00	9.917417827405428099e-01	9.941831889905428099e-01
9.868589702405428099e-01	9.880796733655428099e-01	9.807554546155428099e-01
9.831968608655428099e-01	9.746519389905428099e-01	9.770933452405428099e-01
9.697691264905428099e-01	9.709898296155428099e-01	9.636656108655428099e-01
9.661070171155428099e-01	9.575620952405428099e-01	9.600035014905428099e-01
9.526792827405428099e-01	9.551206889905428099e-01	9.465757671155428099e-01
9.490171733655428099e-01	9.404722514905428099e-01	9.429136577405428099e-01
9.355894389905428099e-01	9.380308452405428099e-01	9.294859233655428099e-01
9.319273296155428099e-01	9.233824077405428099e-01	9.258238139905428099e-01
9.172788921155428099e-01	9.209410014905428099e-01	9.123960796155428099e-01
9.148374858655428099e-01	9.062925639905428099e-01	9.087339702405428099e-01
9.014097514905428099e-01	9.038511577405428099e-01	8.953062358655428099e-01
8.977476421155428099e-01	8.892027202405428099e-01	8.916441264905428099e-01
8.843199077405428099e-01	8.867613139905428099e-01	8.782163921155428099e-01
8.806577983655428099e-01	8.721128764905428099e-01	8.745542827405428099e-01
8.672300639905428099e-01	8.696714702405428099e-01	8.611265483655428099e-01
8.635679546155428099e-01	8.562437358655428099e-01	8.586851421155428099e-01
8.501402202405428099e-01	8.525816264905428099e-01	8.440367046155428099e-01
8.464781108655428099e-01	8.391538921155428099e-01	8.403745952405428099e-01
8.330503764905428099e-01	8.354917827405428099e-01	8.269468608655428099e-01
8.293882671155428099e-01	8.208433452405428099e-01	8.232847514905428099e-01
8.159605327405428099e-01	8.184019389905428099e-01	8.098570171155428099e-01
8.122984233655428099e-01	8.037535014905428099e-01	8.061949077405428099e-01
7.988706889905428099e-01	8.013120952405428099e-01	7.927671733655428099e-01
7.952085796155428099e-01	7.866636577405428099e-01	7.891050639905428099e-01
7.817808452405428099e-01	7.842222514905428099e-01	7.756773296155428099e-01
7.781187358655428099e-01	7.707945171155428099e-01	7.720152202405428099e-01
7.646910014905428099e-01	7.659117046155428099e-01	7.585874858655428099e-01
7.610288921155428099e-01	7.524839702405428099e-01	7.549253764905428099e-01
7.476011577405428099e-01	7.500425639905428099e-01	7.414976421155428099e-01
7.439390483655428099e-01	7.353941264905428099e-01	7.378355327405428099e-01
7.305113139905428099e-01	7.329527202405428099e-01	7.244077983655428099e-01
7.268492046155428099e-01	7.195249858655428099e-01	7.207456889905428099e-01
7.134214702405428099e-01	7.158628764905428099e-01	7.073179546155428099e-01
7.097593608655428099e-01	7.012144389905428099e-01	7.048765483655428099e-01
6.963316264905428099e-01	6.987730327405428099e-01	6.902281108655428099e-01
6.926695171155428099e-01	6.841245952405428099e-01	6.865660014905428099e-01
6.792417827405428099e-01	6.816831889905428099e-01	6.731382671155428099e-01
6.755796733655428099e-01	6.670347514905428099e-01	6.694761577405428099e-01
6.621519389905428099e-01	6.645933452405428099e-01	6.560484233655428099e-01
6.584898296155428099e-01	6.499449077405428099e-01	6.523863139905428099e-01
6.450620952405428099e-01	6.475035014905428099e-01	6.389585796155428099e-01
6.413999858655428099e-01	6.328550639905428099e-01	6.352964702405428099e-01
6.279722514905428099e-01	6.304136577405428099e-01	6.218687358655426989e-01
6.243101421155426989e-01	6.157652202405426989e-01	6.182066264905426989e-01
6.108824077405426989e-01	6.121031108655426989e-01	6.047788921155426989e-01
6.072202983655426989e-01	5.986753764905426989e-01	6.011167827405426989e-01
5.925718608655426989e-01	5.950132671155426989e-01	5.876890483655426989e-01
5.901304546155426989e-01	5.815855327405426989e-01	5.840269389905426989e-01
5.754820171155426989e-01	5.779234233655426989e-01	5.705992046155426989e-01
5.718199077405426989e-01	5.644956889905426989e-01	5.669370952405426989e-01
5.583921733655426989e-01	5.608335796155426989e-01	5.522886577405426989e-01
5.547300639905426989e-01	5.474058452405426989e-01	5.486265483655426989e-01
5.413023296155426989e-01	5.437437358655426989e-01	5.351988139905426989e-01
5.376402202405426989e-01	5.290952983655426989e-01	5.315367046155426989e-01
5.242124858655426989e-01	5.266538921155426989e-01	5.181089702405426989e-01
5.205503764905426989e-01	5.120054546155426989e-01	5.144468608655426989e-01
5.071226421155426989e-01	5.095640483655426989e-01	5.010191264905426989e-01
5.034605327405426989e-01	4.949156108655427544e-01	4.973570171155427544e-01
4.900327983655427544e-01	4.924742046155427544e-01	4.839292827405427544e-01
4.863706889905427544e-01	4.778257671155427544e-01	4.802671733655427544e-01
4.717222514905427544e-01	4.741636577405427544e-01	4.668394389905427544e-01
4.692808452405427544e-01	4.607359233655427544e-01	4.631773296155427544e-01
4.546324077405427544e-01	4.570738139905427544e-01	4.497495952405427544e-01
4.509702983655427544e-01	4.436460796155427544e-01	4.460874858655427544e-01
4.375425639905427544e-01	4.399839702405427544e-01	4.314390483655427544e-01
4.338804546155427544e-01	4.265562358655427544e-01	4.277769389905427544e-01
4.204527202405427544e-01	4.228941264905427544e-01	4.143492046155427544e-01
4.167906108655427544e-01	4.082456889905427544e-01	4.106870952405427544e-01
4.033628764905427544e-01	4.058042827405427544e-01	3.972593608655427544e-01
3.997007671155427544e-01	3.911558452405427544e-01	3.935972514905427544e-01
3.850523296155427544e-01	3.874937358655427544e-01	3.801695171155427544e-01
3.826109233655427544e-01	3.740660014905427544e-01	3.765074077405427544e-01
3.679624858655427544e-01	3.704038921155427544e-01	3.618589702405427544e-01
3.655210796155427544e-01	3.569761577405427544e-01	3.594175639905427544e-01
3.508726421155427544e-01	3.533140483655427544e-01	3.447691264905427544e-01
3.484312358655427544e-01	3.398863139905427544e-01	3.423277202405427544e-01
3.337827983655427544e-01	3.362242046155427544e-01	3.276792827405427544e-01
3.301206889905427544e-01	3.215757671155427544e-01	3.240171733655427544e-01
3.166929546155427544e-01	3.191343608655427544e-01	3.105894389905427544e-01
3.130308452405427544e-01	3.044859233655427544e-01	3.069273296155427544e-01
2.983824077405427544e-01	3.020445171155427544e-01	2.934995952405427544e-01
2.959410014905427544e-01	2.873960796155427544e-01	2.898374858655427544e-01
2.812925639905427544e-01	2.849546733655427544e-01	2.764097514905427544e-01
2.776304546155427544e-01	2.703062358655427544e-01	2.727476421155427544e-01
2.642027202405427544e-01	2.666441264905427544e-01	2.580992046155427544e-01
2.605406108655427544e-01	2.532163921155427544e-01	2.556577983655427544e-01
2.471128764905427544e-01	2.495542827405427544e-01	2.410093608655427544e-01
2.434507671155427544e-01	2.361265483655427544e-01	2.373472514905427544e-01
2.300230327405427544e-01	2.324644389905427544e-01	2.239195171155427544e-01
2.263609233655427544e-01	2.178160014905427544e-01	2.202574077405427544e-01
2.129331889905427544e-01	2.141538921155427544e-01	2.068296733655427544e-01
2.092710796155427544e-01	2.007261577405427544e-01	2.031675639905427544e-01
1.946226421155427544e-01	1.970640483655427544e-01	1.897398296155427544e-01
1.921812358655427544e-01	1.836363139905427544e-01	1.860777202405427544e-01
1.775327983655427544e-01	1.799742046155427544e-01	1.714292827405427544e-01
1.750913921155427544e-01	1.665464702405427544e-01	1.689878764905427544e-01
1.604429546155427544e-01	1.628843608655427544e-01	1.543394389905427544e-01
1.567808452405427544e-01	1.494566264905427544e-01	1.506773296155427544e-01
1.433531108655427544e-01	1.457945171155427544e-01	1.372495952405427544e-01
1.396910014905427544e-01	1.311460796155427544e-01	1.335874858655427544e-01
1.262632671155427544e-01	1.287046733655427544e-01	1.213804546155427544e-01
1.238218608655427544e-01	1.152769389905427544e-01	1.177183452405427544e-01
1.103941264905427544e-01	1.116148296155427544e-01	1.042906108655427544e-01
1.067320171155427544e-01	9.818709524054275439e-02	1.006285014905427544e-01
9.208357961554275439e-02	9.452498586554275439e-02	8.720076711554275439e-02
8.842147024054275439e-02	8.109725149054275439e-02	8.353865774054275439e-02
7.499373586554275439e-02	7.743514211554275439e-02	6.889022024054275439e-02
7.133162649054275439e-02	6.400740774054275439e-02	6.644881399054275439e-02
5.790389211554275439e-02	6.034529836554275439e-02	5.180037649054275439e-02
5.424178274054275439e-02	4.569686086554275439e-02	4.813826711554275439e-02
4.081404836554275439e-02	4.325545461554275439e-02	3.471053274054275439e-02
3.715193899054275439e-02	2.860701711554275786e-02	3.104842336554275786e-02
2.250350149054275786e-02	2.494490774054275786e-02	1.762068899054275786e-02
2.006209524054275786e-02	1.151717336554275786e-02	1.395857961554275786e-02
5.413657740542757862e-03	7.855063990542757862e-03	5.308452405427578624e-04
1.751548365542757862e-03	-5.572670384457242138e-03	-4.351967259457242138e-03
-1.167618600945724214e-02	-9.234779759457242138e-03	-1.655899850945724214e-02
-1.533829538445724214e-02	-2.266251413445724214e-02	-2.144181100945724214e-02
-2.876602975945724214e-02	-2.632462350945724214e-02	-3.486954538445724561e-02
-3.242813913445724561e-02	-3.975235788445724561e-02	-3.731095163445724561e-02
-4.585587350945724561e-02	-4.341446725945724561e-02	-5.195938913445724561e-02
-4.951798288445724561e-02	-5.806290475945724561e-02	-5.562149850945724561e-02
-6.294571725945724561e-02	-6.050431100945724561e-02	-6.904923288445724561e-02
-6.660782663445724561e-02	-7.515274850945724561e-02	-7.271134225945724561e-02
-8.003556100945724561e-02	-7.759415475945724561e-02	-8.613907663445724561e-02
-8.369767038445724561e-02	-9.224259225945724561e-02	-8.980118600945724561e-02
-9.834610788445724561e-02	-9.590470163445724561e-02	-1.044496235094572456e-01
-1.020082172594572456e-01	-1.093324360094572456e-01	-1.068910297594572456e-01
-1.154359516344572456e-01	-1.129945453844572456e-01	-1.215394672594572456e-01
-1.190980610094572456e-01	-1.276429828844572456e-01	-1.252015766344572456e-01
-1.325257953844572456e-01	-1.313050922594572456e-01	-1.386293110094572456e-01
-1.361879047594572456e-01	-1.447328266344572456e-01	-1.422914203844572456e-01
-1.496156391344572456e-01	-1.483949360094572456e-01	-1.557191547594572456e-01
-1.532777485094572456e-01	-1.618226703844572456e-01	-1.593812641344572456e-01
-1.679261860094572456e-01	-1.654847797594572456e-01	-1.728089985094572456e-01
-1.715882953844572456e-01	-1.789125141344572456e-01	-1.764711078844572456e-01
-1.850160297594572456e-01	-1.825746235094572456e-01	-1.911195453844572456e-01
-1.886781391344572456e-01	-1.972230610094572456e-01	-1.935609516344572456e-01
-2.021058735094572456e-01	-1.996644672594572456e-01	-2.082093891344572456e-01
-2.057679828844572456e-01	-2.130922016344572456e-01	-2.118714985094572456e-01
-2.191957172594572456e-01	-2.167543110094572456e-01	-2.252992328844572456e-01
-2.228578266344572456e-01	-2.314027485094572456e-01	-2.289613422594572456e-01
-2.375062641344572456e-01	-2.350648578844572456e-01	-2.423890766344572456e-01
-2.399476703844572456e-01	-2.484925922594572456e-01	-2.460511860094572456e-01
-2.545961078844572456e-01	-2.521547016344572456e-01	-2.606996235094572456e-01
-2.582582172594572456e-01	-2.655824360094572456e-01	-2.631410297594572456e-01
-2.716859516344572456e-01	-2.692445453844572456e-01	-2.777894672594572456e-01
-2.753480610094572456e-01	-2.838929828844572456e-01	-2.814515766344572456e-01
-2.887757953844572456e-01	-2.863343891344572456e-01	-2.948793110094572456e-01
-2.924379047594572456e-01	-3.009828266344572456e-01	-2.985414203844572456e-01
-3.058656391344572456e-01	-3.034242328844572456e-01	-3.119691547594572456e-01
-3.095277485094572456e-01	-3.180726703844572456e-01	-3.156312641344572456e-01
-3.241761860094572456e-01	-3.217347797594572456e-01	-3.290589985094572456e-01
-3.278382953844572456e-01	-3.351625141344572456e-01	-3.327211078844572456e-01
-3.412660297594572456e-01	-3.388246235094572456e-01	-3.473695453844572456e-01
-3.449281391344572456e-01	-3.522523578844572456e-01	-3.510316547594572456e-01
-3.595765766344572456e-01	-3.559144672594572456e-01	-3.644593891344572456e-01
-3.620179828844572456e-01	-3.705629047594572456e-01	-3.681214985094572456e-01
-3.754457172594572456e-01	-3.730043110094572456e-01	-3.815492328844572456e-01
-3.791078266344572456e-01	-3.876527485094572456e-01	-3.852113422594572456e-01
-3.925355610094572456e-01	-3.913148578844572456e-01	-3.986390766344572456e-01
-3.961976703844572456e-01	-4.047425922594572456e-01	-4.023011860094572456e-01
-4.108461078844572456e-01	-4.084047016344572456e-01	-4.169496235094572456e-01
-4.145082172594572456e-01	-4.218324360094572456e-01	-4.193910297594572456e-01
-4.279359516344572456e-01	-4.254945453844572456e-01	-4.340394672594572456e-01
-4.315980610094572456e-01	-4.401429828844572456e-01	-4.364808735094572456e-01
-4.450257953844572456e-01	-4.425843891344572456e-01	-4.511293110094572456e-01
-4.486879047594572456e-01	-4.560121235094572456e-01	-4.535707172594572456e-01
-4.621156391344572456e-01	-4.596742328844572456e-01	-4.682191547594572456e-01
-4.657777485094572456e-01	-4.743226703844572456e-01	-4.718812641344572456e-01
-4.792054828844572456e-01	-4.767640766344572456e-01	-4.853089985094572456e-01
-4.828675922594572456e-01	-4.914125141344572456e-01	-4.889711078844572456e-01
-4.962953266344572456e-01	-4.950746235094572456e-01	-5.023988422594573011e-01
-4.999574360094572456e-01	-5.085023578844573011e-01	-5.060609516344573011e-01
-5.146058735094573011e-01	-5.121644672594573011e-01	-5.194886860094573011e-01
-5.182679828844573011e-01	-5.255922016344573011e-01	-5.231507953844573011e-01
-5.316957172594573011e-01	-5.292543110094573011e-01	-5.365785297594573011e-01
-5.353578266344573011e-01	-5.426820453844573011e-01	-5.402406391344573011e-01
-5.487855610094573011e-01	-5.463441547594573011e-01	-5.548890766344573011e-01
-5.524476703844573011e-01	-5.609925922594573011e-01	-5.585511860094573011e-01
-5.658754047594573011e-01	-5.634339985094573011e-01	-5.719789203844573011e-01
-5.695375141344573011e-01	-5.780824360094573011e-01	-5.756410297594573011e-01
-5.829652485094573011e-01	-5.805238422594573011e-01	-5.890687641344573011e-01
-5.866273578844573011e-01	-5.951722797594573011e-01	-5.927308735094573011e-01
-6.012757953844573011e-01	-5.988343891344573011e-01	-6.061586078844573011e-01
-6.037172016344573011e-01	-6.122621235094573011e-01	-6.098207172594573011e-01
-6.183656391344573011e-01	-6.159242328844573011e-01	-6.232484516344573011e-01
-6.208070453844573011e-01	-6.293519672594571901e-01	-6.269105610094571901e-01
-6.354554828844571901e-01	-6.330140766344571901e-01	-6.415589985094571901e-01
-6.391175922594571901e-01	-6.464418110094571901e-01	-6.440004047594571901e-01
-6.525453266344571901e-01	-6.501039203844571901e-01	-6.586488422594571901e-01
-6.562074360094571901e-01	-6.647523578844571901e-01	-6.623109516344571901e-01
-6.696351703844571901e-01	-6.671937641344571901e-01	-6.757386860094571901e-01
-6.732972797594571901e-01	-6.818422016344571901e-01	-6.794007953844571901e-01
-6.867250141344571901e-01	-6.842836078844571901e-01	-6.928285297594571901e-01
-6.903871235094571901e-01	-6.989320453844571901e-01	-6.964906391344571901e-01
-7.050355610094571901e-01	-7.025941547594571901e-01	-7.099183735094571901e-01
-7.074769672594571901e-01	-7.160218891344571901e-01	-7.135804828844571901e-01
-7.221254047594571901e-01	-7.196839985094571901e-01	-7.270082172594571901e-01
-7.257875141344571901e-01	-7.331117328844571901e-01	-7.306703266344571901e-01
-7.392152485094571901e-01	-7.367738422594571901e-01	-7.453187641344571901e-01
-7.416566547594571901e-01	-7.514222797594571901e-01	-7.453187641344571901e-01
-7.526429828844571901e-01	-7.404359516344571901e-01	-7.477601703844571901e-01
-7.343324360094571901e-01	-7.428773578844571901e-01	-7.282289203844571901e-01
-7.367738422594571901e-01	-7.233461078844571901e-01	-7.306703266344571901e-01
-7.172425922594571901e-01	-7.257875141344571901e-01	-7.111390766344571901e-01
-7.196839985094571901e-01	-7.062562641344571901e-01	-7.135804828844571901e-01
-7.001527485094571901e-01	-7.086976703844571901e-01	-6.952699360094571901e-01
-7.025941547594571901e-01	-6.891664203844571901e-01	-6.977113422594571901e-01
-6.830629047594571901e-01	-6.916078266344571901e-01	-6.781800922594571901e-01
-6.855043110094571901e-01	-6.720765766344571901e-01	-6.806214985094571901e-01
-6.659730610094571901e-01	-6.745179828844571901e-01	-6.610902485094571901e-01
-6.684144672594571901e-01	-6.549867328844571901e-01	-6.635316547594571901e-01
-6.488832172594571901e-01	-6.574281391344571901e-01	-6.440004047594571901e-01
-6.513246235094571901e-01	-6.378968891344571901e-01	-6.464418110094571901e-01
-6.317933735094571901e-01	-6.403382953844571901e-01	-6.269105610094571901e-01
-6.342347797594571901e-01	-6.208070453844573011e-01	-6.293519672594571901e-01
-6.147035297594573011e-01	-6.232484516344573011e-01	-6.086000141344573011e-01
-6.171449360094573011e-01	-6.037172016344573011e-01	-6.122621235094573011e-01
-5.976136860094573011e-01	-6.061586078844573011e-01	-5.927308735094573011e-01
-6.000550922594573011e-01	-5.866273578844573011e-01	-5.951722797594573011e-01
-5.805238422594573011e-01	-5.890687641344573011e-01	-5.756410297594573011e-01
-5.829652485094573011e-01	-5.695375141344573011e-01	-5.780824360094573011e-01
-5.634339985094573011e-01	-5.719789203844573011e-01	-5.585511860094573011e-01
-5.658754047594573011e-01	-5.524476703844573011e-01	-5.609925922594573011e-01
-5.463441547594573011e-01	-5.548890766344573011e-01	-5.402406391344573011e-01
-5.487855610094573011e-01	-5.353578266344573011e-01	-5.439027485094573011e-01
-5.292543110094573011e-01	-5.377992328844573011e-01	-5.243714985094573011e-01
-5.316957172594573011e-01	-5.182679828844573011e-01	-5.268129047594573011e-01
-5.121644672594573011e-01	-5.207093891344573011e-01	-5.072816547594573011e-01
-5.146058735094573011e-01	-5.011781391344573011e-01	-5.085023578844573011e-01
-4.950746235094572456e-01	-5.036195453844573011e-01	-4.889711078844572456e-01
-4.975160297594572456e-01	-4.840882953844572456e-01	-4.914125141344572456e-01
-4.779847797594572456e-01	-4.865297016344572456e-01	-4.731019672594572456e-01
-4.804261860094572456e-01	-4.669984516344572456e-01	-4.743226703844572456e-01
0.000000000000000000e+00	2.000000000000000164e-05	4.000000000000000327e-05
6.000000000000000152e-05	8.000000000000000654e-05	1.000000000000000048e-04
1.200000000000000030e-04	1.399999999999999877e-04	1.600000000000000131e-04
1.800000000000000113e-04	2.000000000000000096e-04	2.200000000000000078e-04
2.400000000000000061e-04	2.599999999999999772e-04	2.799999999999999755e-04
2.999999999999999737e-04	3.200000000000000262e-04	3.400000000000000244e-04
3.600000000000000227e-04	3.800000000000000209e-04	4.000000000000000192e-04
4.200000000000000174e-04	4.400000000000000157e-04	4.600000000000000139e-04
4.800000000000000122e-04	5.000000000000000104e-04	5.199999999999999544e-04
5.400000000000000069e-04	5.599999999999999509e-04	5.800000000000000034e-04
5.999999999999999474e-04	6.199999999999999999e-04	6.400000000000000524e-04
6.599999999999999964e-04	6.800000000000000488e-04	6.999999999999999929e-04
7.200000000000000453e-04	7.399999999999999894e-04	7.600000000000000418e-04
7.799999999999999859e-04	8.000000000000000383e-04	8.199999999999999824e-04
8.400000000000000348e-04	8.599999999999999789e-04	8.800000000000000313e-04
8.999999999999999754e-04	9.200000000000000278e-04	9.399999999999999719e-04
9.600000000000000243e-04	9.799999999999999684e-04	1.000000000000000021e-03
1.020000000000000073e-03	1.039999999999999909e-03	1.059999999999999961e-03
1.080000000000000014e-03	1.100000000000000066e-03	1.119999999999999902e-03
1.139999999999999954e-03	1.160000000000000007e-03	1.180000000000000059e-03
1.199999999999999895e-03	1.219999999999999947e-03	1.240000000000000000e-03
1.260000000000000052e-03	1.280000000000000105e-03	1.299999999999999940e-03
1.319999999999999993e-03	1.340000000000000045e-03	1.360000000000000098e-03
1.379999999999999933e-03	1.399999999999999986e-03	1.420000000000000038e-03
1.440000000000000091e-03	1.459999999999999926e-03	1.479999999999999979e-03
1.500000000000000031e-03	1.520000000000000084e-03	1.539999999999999919e-03
1.559999999999999972e-03	1.580000000000000024e-03	1.600000000000000077e-03
1.619999999999999912e-03	1.639999999999999965e-03	1.660000000000000017e-03
1.680000000000000070e-03	1.699999999999999905e-03	1.719999999999999958e-03
1.740000000000000010e-03	1.760000000000000063e-03	1.779999999999999898e-03
1.799999999999999951e-03	1.820000000000000003e-03	1.840000000000000056e-03
1.860000000000000108e-03	1.879999999999999944e-03	1.899999999999999996e-03
1.920000000000000049e-03	1.940000000000000101e-03	1.959999999999999937e-03
1.979999999999999989e-03	2.000000000000000042e-03	2.020000000000000094e-03
2.040000000000000147e-03	2.060000000000000199e-03	2.079999999999999818e-03
2.099999999999999870e-03	2.119999999999999923e-03	2.139999999999999975e-03
2.160000000000000028e-03	2.180000000000000080e-03	2.200000000000000133e-03
2.220000000000000185e-03	2.239999999999999804e-03	2.259999999999999856e-03
2.279999999999999909e-03	2.299999999999999961e-03	2.320000000000000014e-03
2.340000000000000066e-03	2.360000000000000119e-03	2.380000000000000171e-03
2.399999999999999790e-03	2.419999999999999842e-03	2.439999999999999895e-03
2.459999999999999947e-03	2.480000000000000000e-03	2.500000000000000052e-03
2.520000000000000104e-03	2.540000000000000157e-03	2.560000000000000209e-03
2.579999999999999828e-03	2.599999999999999881e-03	2.619999999999999933e-03
2.639999999999999986e-03	2.660000000000000038e-03	2.680000000000000090e-03
2.700000000000000143e-03	2.720000000000000195e-03	2.739999999999999814e-03
2.759999999999999867e-03	2.779999999999999919e-03	2.799999999999999972e-03
2.820000000000000024e-03	2.840000000000000076e-03	2.860000000000000129e-03
2.880000000000000181e-03	2.899999999999999800e-03	2.919999999999999853e-03
2.939999999999999905e-03	2.959999999999999958e-03	2.980000000000000010e-03
3.000000000000000062e-03	3.020000000000000115e-03	3.040000000000000167e-03
3.059999999999999786e-03	3.079999999999999839e-03	3.099999999999999891e-03
3.119999999999999944e-03	3.139999999999999996e-03	3.160000000000000048e-03
3.180000000000000101e-03	3.200000000000000153e-03	3.220000000000000206e-03
3.239999999999999825e-03	3.259999999999999877e-03	3.279999999999999930e-03
3.299999999999999982e-03	3.320000000000000034e-03	3.340000000000000087e-03
3.360000000000000139e-03	3.380000000000000192e-03	3.399999999999999811e-03
3.419999999999999863e-03	3.439999999999999915e-03	3.459999999999999968e-03
3.480000000000000020e-03	3.500000000000000073e-03	3.520000000000000125e-03
3.540000000000000178e-03	3.559999999999999797e-03	3.579999999999999849e-03
3.599999999999999901e-03	3.619999999999999954e-03	3.640000000000000006e-03
3.660000000000000059e-03	3.680000000000000111e-03	3.700000000000000164e-03
3.720000000000000216e-03	3.739999999999999835e-03	3.759999999999999887e-03
3.779999999999999940e-03	3.799999999999999992e-03	3.820000000000000045e-03
3.840000000000000097e-03	3.860000000000000150e-03	3.880000000000000202e-03
3.899999999999999821e-03	3.919999999999999873e-03	3.939999999999999926e-03
3.959999999999999978e-03	3.980000000000000031e-03	4.000000000000000083e-03
4.020000000000000136e-03	4.040000000000000188e-03	4.060000000000000241e-03
4.080000000000000293e-03	4.100000000000000346e-03	4.120000000000000398e-03
4.139999999999999583e-03	4.159999999999999636e-03	4.179999999999999688e-03
4.199999999999999740e-03	4.219999999999999793e-03	4.239999999999999845e-03
4.259999999999999898e-03	4.279999999999999950e-03	4.300000000000000003e-03
4.320000000000000055e-03	4.340000000000000108e-03	4.360000000000000160e-03
4.380000000000000213e-03	4.400000000000000265e-03	4.420000000000000318e-03
4.440000000000000370e-03	4.460000000000000422e-03	4.479999999999999608e-03
4.499999999999999660e-03	4.519999999999999712e-03	4.539999999999999765e-03
4.559999999999999817e-03	4.579999999999999870e-03	4.599999999999999922e-03
4.619999999999999975e-03	4.640000000000000027e-03	4.660000000000000080e-03
4.680000000000000132e-03	4.700000000000000185e-03	4.720000000000000237e-03
4.740000000000000289e-03	4.760000000000000342e-03	4.780000000000000394e-03
4.799999999999999580e-03	4.819999999999999632e-03	4.839999999999999684e-03
4.859999999999999737e-03	4.879999999999999789e-03	4.899999999999999842e-03
4.919999999999999894e-03	4.939999999999999947e-03	4.959999999999999999e-03
4.980000000000000052e-03	5.000000000000000104e-03	5.020000000000000157e-03
5.040000000000000209e-03	5.060000000000000261e-03	5.080000000000000314e-03
5.100000000000000366e-03	5.120000000000000419e-03	5.139999999999999604e-03
5.159999999999999656e-03	5.179999999999999709e-03	5.199999999999999761e-03
5.219999999999999814e-03	5.239999999999999866e-03	5.259999999999999919e-03
5.279999999999999971e-03	5.300000000000000024e-03	5.320000000000000076e-03
5.340000000000000129e-03	5.360000000000000181e-03	5.380000000000000233e-03
5.400000000000000286e-03	5.420000000000000338e-03	5.440000000000000391e-03
5.459999999999999576e-03	5.479999999999999628e-03	5.499999999999999681e-03
5.519999999999999733e-03	5.539999999999999786e-03	5.559999999999999838e-03
5.579999999999999891e-03	5.599999999999999943e-03	5.619999999999999996e-03
5.640000000000000048e-03	5.660000000000000100e-03	5.680000000000000153e-03
5.700000000000000205e-03	5.720000000000000258e-03	5.740000000000000310e-03
5.760000000000000363e-03	5.780000000000000415e-03	5.799999999999999600e-03
5.819999999999999653e-03	5.839999999999999705e-03	5.859999999999999758e-03
5.879999999999999810e-03	5.899999999999999863e-03	5.919999999999999915e-03
5.939999999999999968e-03	5.960000000000000020e-03	5.980000000000000072e-03
6.000000000000000125e-03	6.020000000000000177e-03	6.040000000000000230e-03
6.060000000000000282e-03	6.080000000000000335e-03	6.100000000000000387e-03
6.119999999999999572e-03	6.139999999999999625e-03	6.159999999999999677e-03
6.179999999999999730e-03	6.199999999999999782e-03	6.219999999999999835e-03
6.239999999999999887e-03	6.259999999999999939e-03	6.279999999999999992e-03
6.300000000000000044e-03	6.320000000000000097e-03	6.340000000000000149e-03
6.360000000000000202e-03	6.380000000000000254e-03	6.400000000000000307e-03
6.420000000000000359e-03	6.440000000000000412e-03	6.459999999999999597e-03
6.479999999999999649e-03	6.499999999999999702e-03	6.519999999999999754e-03
6.539999999999999807e-03	6.559999999999999859e-03	6.579999999999999911e-03
6.599999999999999964e-03	6.620000000000000016e-03	6.640000000000000069e-03
6.660000000000000121e-03	6.680000000000000174e-03	6.700000000000000226e-03
6.720000000000000279e-03	6.740000000000000331e-03	6.760000000000000384e-03
6.779999999999999569e-03	6.799999999999999621e-03	6.819999999999999674e-03
6.839999999999999726e-03	6.859999999999999779e-03	6.879999999999999831e-03
6.899999999999999883e-03	6.919999999999999936e-03	6.939999999999999988e-03
6.960000000000000041e-03	6.980000000000000093e-03	7.000000000000000146e-03
7.020000000000000198e-03	7.040000000000000251e-03	7.060000000000000303e-03
7.080000000000000356e-03	7.100000000000000408e-03	7.119999999999999593e-03
7.139999999999999646e-03	7.159999999999999698e-03	7.179999999999999750e-03
7.199999999999999803e-03	7.219999999999999855e-03	7.239999999999999908e-03
7.259999999999999960e-03	7.280000000000000013e-03	7.300000000000000065e-03
7.320000000000000118e-03	7.340000000000000170e-03	7.360000000000000223e-03
7.380000000000000275e-03	7.400000000000000328e-03	7.420000000000000380e-03
7.440000000000000432e-03	7.459999999999999618e-03	7.479999999999999670e-03
7.499999999999999722e-03	7.519999999999999775e-03	7.539999999999999827e-03
7.559999999999999880e-03	7.579999999999999932e-03	7.599999999999999985e-03
7.620000000000000037e-03	7.640000000000000090e-03	7.660000000000000142e-03
7.680000000000000195e-03	7.700000000000000247e-03	7.720000000000000299e-03
7.740000000000000352e-03	7.760000000000000404e-03	7.779999999999999589e-03
7.799999999999999642e-03	7.820000000000000562e-03	7.839999999999999747e-03
7.860000000000000667e-03	7.879999999999999852e-03	7.900000000000000772e-03
7.919999999999999957e-03	7.939999999999999142e-03	7.960000000000000062e-03
7.979999999999999247e-03	8.000000000000000167e-03	8.019999999999999352e-03
8.040000000000000271e-03	8.059999999999999457e-03	8.080000000000000376e-03
8.099999999999999561e-03	8.120000000000000481e-03	8.139999999999999666e-03
8.160000000000000586e-03	8.179999999999999771e-03	8.200000000000000691e-03
8.219999999999999876e-03	8.240000000000000796e-03	8.259999999999999981e-03
8.279999999999999166e-03	8.300000000000000086e-03	8.319999999999999271e-03
8.340000000000000191e-03	8.359999999999999376e-03	8.380000000000000296e-03
8.399999999999999481e-03	8.420000000000000401e-03	8.439999999999999586e-03
8.460000000000000506e-03	8.479999999999999691e-03	8.500000000000000611e-03
8.519999999999999796e-03	8.540000000000000716e-03	8.559999999999999901e-03
8.580000000000000820e-03	8.600000000000000006e-03	8.619999999999999191e-03
8.640000000000000110e-03	8.659999999999999296e-03	8.680000000000000215e-03
8.699999999999999400e-03	8.720000000000000320e-03	8.739999999999999505e-03
8.760000000000000425e-03	8.779999999999999610e-03	8.800000000000000530e-03
8.819999999999999715e-03	8.840000000000000635e-03	8.859999999999999820e-03
8.880000000000000740e-03	8.899999999999999925e-03	8.920000000000000845e-03
8.940000000000000030e-03	8.959999999999999215e-03	8.980000000000000135e-03
8.999999999999999320e-03	9.020000000000000240e-03	9.039999999999999425e-03
9.060000000000000345e-03	9.079999999999999530e-03	9.100000000000000450e-03
9.119999999999999635e-03	9.140000000000000555e-03	9.159999999999999740e-03
9.180000000000000659e-03	9.199999999999999845e-03	9.220000000000000764e-03
9.239999999999999949e-03	9.259999999999999135e-03	9.280000000000000054e-03
9.299999999999999239e-03	9.320000000000000159e-03	9.339999999999999344e-03
9.360000000000000264e-03	9.379999999999999449e-03	9.400000000000000369e-03
9.419999999999999554e-03	9.440000000000000474e-03	9.459999999999999659e-03
9.480000000000000579e-03	9.499999999999999764e-03	9.520000000000000684e-03
9.539999999999999869e-03	9.560000000000000789e-03	9.579999999999999974e-03
9.599999999999999159e-03	9.620000000000000079e-03	9.639999999999999264e-03
9.660000000000000184e-03	9.679999999999999369e-03	9.700000000000000289e-03
9.719999999999999474e-03	9.740000000000000394e-03	9.759999999999999579e-03
9.780000000000000498e-03	9.799999999999999684e-03	9.820000000000000603e-03
9.839999999999999789e-03	9.860000000000000708e-03	9.879999999999999893e-03
9.900000000000000813e-03	9.919999999999999998e-03	9.939999999999999183e-03
9.960000000000000103e-03	9.979999999999999288e-03	1.000000000000000021e-02
1.001999999999999939e-02	1.004000000000000031e-02	1.005999999999999950e-02
1.008000000000000042e-02	1.009999999999999960e-02	1.012000000000000052e-02
1.013999999999999971e-02	1.016000000000000063e-02	1.017999999999999981e-02
1.020000000000000073e-02	1.021999999999999992e-02	1.024000000000000084e-02
1.026000000000000002e-02	1.027999999999999921e-02	1.030000000000000013e-02
1.031999999999999931e-02	1.034000000000000023e-02	1.035999999999999942e-02
1.038000000000000034e-02	1.039999999999999952e-02	1.042000000000000044e-02
1.043999999999999963e-02	1.046000000000000055e-02	1.047999999999999973e-02
1.050000000000000065e-02	1.051999999999999984e-02	1.054000000000000076e-02
1.055999999999999994e-02	1.058000000000000086e-02	1.060000000000000005e-02
1.061999999999999923e-02	1.064000000000000015e-02	1.065999999999999934e-02
1.068000000000000026e-02	1.069999999999999944e-02	1.072000000000000036e-02
1.073999999999999955e-02	1.076000000000000047e-02	1.077999999999999965e-02
1.080000000000000057e-02	1.081999999999999976e-02	1.084000000000000068e-02
1.085999999999999986e-02	1.088000000000000078e-02	1.089999999999999997e-02
1.091999999999999915e-02	1.094000000000000007e-02	1.095999999999999926e-02
1.098000000000000018e-02	1.099999999999999936e-02	1.102000000000000028e-02
1.103999999999999947e-02	1.106000000000000039e-02	1.107999999999999957e-02
1.110000000000000049e-02	1.111999999999999968e-02	1.114000000000000060e-02
1.115999999999999978e-02	1.118000000000000070e-02	1.119999999999999989e-02
1.122000000000000081e-02	1.123999999999999999e-02	1.125999999999999918e-02
1.128000000000000010e-02	1.129999999999999928e-02	1.132000000000000020e-02
1.133999999999999939e-02	1.136000000000000031e-02	1.137999999999999949e-02
1.140000000000000041e-02	1.141999999999999960e-02	1.144000000000000052e-02
1.145999999999999970e-02	1.148000000000000062e-02	1.149999999999999981e-02
1.152000000000000073e-02	1.153999999999999991e-02	1.156000000000000083e-02
1.158000000000000002e-02	1.159999999999999920e-02	1.162000000000000012e-02
1.163999999999999931e-02	1.166000000000000023e-02	1.167999999999999941e-02
1.170000000000000033e-02	1.171999999999999952e-02	1.174000000000000044e-02
1.175999999999999962e-02	1.178000000000000054e-02	1.179999999999999973e-02
1.182000000000000065e-02	1.183999999999999983e-02	1.186000000000000075e-02
1.187999999999999994e-02	1.190000000000000085e-02	1.192000000000000004e-02
1.193999999999999923e-02	1.196000000000000014e-02	1.197999999999999933e-02
1.200000000000000025e-02	1.201999999999999943e-02	1.204000000000000035e-02
1.205999999999999954e-02	1.208000000000000046e-02	1.209999999999999964e-02
1.212000000000000056e-02	1.213999999999999975e-02	1.216000000000000067e-02
1.217999999999999985e-02	1.220000000000000077e-02	1.221999999999999996e-02
1.223999999999999914e-02	1.226000000000000006e-02	1.227999999999999925e-02
1.230000000000000017e-02	1.231999999999999935e-02	1.234000000000000027e-02
1.235999999999999946e-02	1.238000000000000038e-02	1.239999999999999956e-02
1.242000000000000048e-02	1.243999999999999967e-02	1.246000000000000059e-02
1.247999999999999977e-02	1.250000000000000069e-02	1.251999999999999988e-02
1.254000000000000080e-02	1.255999999999999998e-02	1.257999999999999917e-02
1.260000000000000009e-02	1.261999999999999927e-02	1.264000000000000019e-02
1.265999999999999938e-02	1.268000000000000030e-02	1.269999999999999948e-02
1.272000000000000040e-02	1.273999999999999959e-02	1.276000000000000051e-02
1.277999999999999969e-02	1.280000000000000061e-02	1.281999999999999980e-02
1.284000000000000072e-02	1.285999999999999990e-02	1.288000000000000082e-02
1.290000000000000001e-02	1.291999999999999919e-02	1.294000000000000011e-02
1.295999999999999930e-02	1.298000000000000022e-02	1.299999999999999940e-02
1.302000000000000032e-02	1.303999999999999951e-02	1.306000000000000043e-02
1.307999999999999961e-02	1.310000000000000053e-02	1.311999999999999972e-02
1.314000000000000064e-02	1.315999999999999982e-02	1.318000000000000074e-02
1.319999999999999993e-02	1.322000000000000085e-02	1.324000000000000003e-02
1.325999999999999922e-02	1.328000000000000014e-02	1.329999999999999932e-02
1.332000000000000024e-02	1.333999999999999943e-02	1.336000000000000035e-02
1.337999999999999953e-02	1.340000000000000045e-02	1.341999999999999964e-02
1.344000000000000056e-02	1.345999999999999974e-02	1.348000000000000066e-02
1.349999999999999985e-02	1.352000000000000077e-02	1.353999999999999995e-02
1.355999999999999914e-02	1.358000000000000006e-02	1.359999999999999924e-02
1.362000000000000016e-02	1.363999999999999935e-02	1.366000000000000027e-02
1.367999999999999945e-02	1.370000000000000037e-02	1.371999999999999956e-02
1.374000000000000048e-02	1.375999999999999966e-02	1.378000000000000058e-02
1.379999999999999977e-02	1.382000000000000069e-02	1.383999999999999987e-02
1.386000000000000079e-02	1.387999999999999998e-02	1.389999999999999916e-02
1.392000000000000008e-02	1.393999999999999927e-02	1.396000000000000019e-02
1.397999999999999937e-02	1.400000000000000029e-02	1.401999999999999948e-02
1.404000000000000040e-02	1.405999999999999958e-02	1.408000000000000050e-02
1.409999999999999969e-02	1.412000000000000061e-02	1.413999999999999979e-02
1.416000000000000071e-02	1.417999999999999990e-02	1.420000000000000082e-02
1.422000000000000000e-02	1.423999999999999919e-02	1.426000000000000011e-02
1.427999999999999929e-02	1.430000000000000021e-02	1.431999999999999940e-02
1.434000000000000032e-02	1.435999999999999950e-02	1.438000000000000042e-02
1.439999999999999961e-02	1.442000000000000053e-02	1.443999999999999971e-02
1.446000000000000063e-02	1.447999999999999982e-02	1.450000000000000074e-02
1.451999999999999992e-02	1.454000000000000084e-02	1.456000000000000003e-02
1.457999999999999921e-02	1.460000000000000013e-02	1.461999999999999932e-02
1.464000000000000024e-02	1.465999999999999942e-02	1.468000000000000034e-02
1.469999999999999953e-02	1.472000000000000045e-02	1.473999999999999963e-02
1.476000000000000055e-02	1.477999999999999974e-02	1.480000000000000066e-02
1.481999999999999984e-02	1.484000000000000076e-02	1.485999999999999995e-02
1.488000000000000086e-02	1.490000000000000005e-02	1.491999999999999924e-02
1.494000000000000015e-02	1.495999999999999934e-02	1.498000000000000026e-02
1.499999999999999944e-02	1.502000000000000036e-02	1.503999999999999955e-02
1.506000000000000047e-02	1.507999999999999965e-02	1.510000000000000057e-02
1.511999999999999976e-02	1.514000000000000068e-02	1.515999999999999986e-02
1.518000000000000078e-02	1.519999999999999997e-02	1.521999999999999915e-02
1.524000000000000007e-02	1.525999999999999926e-02	1.528000000000000018e-02
1.529999999999999936e-02	1.532000000000000028e-02	1.533999999999999947e-02
1.536000000000000039e-02	1.537999999999999957e-02	1.540000000000000049e-02
1.541999999999999968e-02	1.544000000000000060e-02	1.545999999999999978e-02
1.548000000000000070e-02	1.549999999999999989e-02	1.552000000000000081e-02
1.553999999999999999e-02	1.555999999999999918e-02	1.558000000000000010e-02
1.559999999999999928e-02	1.562000000000000020e-02	1.564000000000000112e-02
1.566000000000000031e-02	1.567999999999999949e-02	1.569999999999999868e-02
1.572000000000000133e-02	1.574000000000000052e-02	1.575999999999999970e-02
1.577999999999999889e-02	1.580000000000000154e-02	1.582000000000000073e-02
1.583999999999999991e-02	1.585999999999999910e-02	1.587999999999999828e-02
1.590000000000000094e-02	1.592000000000000012e-02	1.593999999999999931e-02
1.595999999999999849e-02	1.598000000000000115e-02	1.600000000000000033e-02
1.601999999999999952e-02	1.603999999999999870e-02	1.606000000000000136e-02
1.608000000000000054e-02	1.609999999999999973e-02	1.611999999999999891e-02
1.614000000000000157e-02	1.616000000000000075e-02	1.617999999999999994e-02
1.619999999999999912e-02	1.621999999999999831e-02	1.624000000000000096e-02
1.626000000000000015e-02	1.627999999999999933e-02	1.629999999999999852e-02
1.632000000000000117e-02	1.634000000000000036e-02	1.635999999999999954e-02
1.637999999999999873e-02	1.640000000000000138e-02	1.642000000000000057e-02
1.643999999999999975e-02	1.645999999999999894e-02	1.648000000000000159e-02
1.650000000000000078e-02	1.651999999999999996e-02	1.653999999999999915e-02
1.655999999999999833e-02	1.658000000000000099e-02	1.660000000000000017e-02
1.661999999999999936e-02	1.663999999999999854e-02	1.666000000000000120e-02
1.668000000000000038e-02	1.669999999999999957e-02	1.671999999999999875e-02
1.674000000000000141e-02	1.676000000000000059e-02	1.677999999999999978e-02
1.679999999999999896e-02	1.682000000000000162e-02	1.684000000000000080e-02
1.685999999999999999e-02	1.687999999999999917e-02	1.689999999999999836e-02
1.692000000000000101e-02	1.694000000000000020e-02	1.695999999999999938e-02
1.697999999999999857e-02	1.700000000000000122e-02	1.702000000000000041e-02
1.703999999999999959e-02	1.705999999999999878e-02	1.708000000000000143e-02
1.710000000000000062e-02	1.711999999999999980e-02	1.713999999999999899e-02
1.716000000000000164e-02	1.718000000000000083e-02	1.720000000000000001e-02
1.721999999999999920e-02	1.723999999999999838e-02	1.726000000000000104e-02
1.728000000000000022e-02	1.729999999999999941e-02	1.731999999999999859e-02
1.734000000000000125e-02	1.736000000000000043e-02	1.737999999999999962e-02
1.739999999999999880e-02	1.742000000000000146e-02	1.744000000000000064e-02
1.745999999999999983e-02	1.747999999999999901e-02	1.750000000000000167e-02
1.752000000000000085e-02	1.754000000000000004e-02	1.755999999999999922e-02
1.757999999999999841e-02	1.760000000000000106e-02	1.762000000000000025e-02
1.763999999999999943e-02	1.765999999999999862e-02	1.768000000000000127e-02
1.770000000000000046e-02	1.771999999999999964e-02	1.773999999999999883e-02
1.776000000000000148e-02	1.778000000000000067e-02	1.779999999999999985e-02
1.781999999999999904e-02	1.784000000000000169e-02	1.786000000000000087e-02
1.788000000000000006e-02	1.789999999999999925e-02	1.791999999999999843e-02
1.794000000000000108e-02	1.796000000000000027e-02	1.797999999999999945e-02
1.799999999999999864e-02	1.802000000000000129e-02	1.804000000000000048e-02
1.805999999999999966e-02	1.807999999999999885e-02	1.810000000000000150e-02
1.812000000000000069e-02	1.813999999999999987e-02	1.815999999999999906e-02
1.818000000000000171e-02	1.820000000000000090e-02	1.822000000000000008e-02
1.823999999999999927e-02	1.825999999999999845e-02	1.828000000000000111e-02
1.830000000000000029e-02	1.831999999999999948e-02	1.833999999999999866e-02
1.836000000000000132e-02	1.838000000000000050e-02	1.839999999999999969e-02
1.841999999999999887e-02	1.844000000000000153e-02	1.846000000000000071e-02
1.847999999999999990e-02	1.849999999999999908e-02	1.851999999999999827e-02
1.854000000000000092e-02	1.856000000000000011e-02	1.857999999999999929e-02
1.859999999999999848e-02	1.862000000000000113e-02	1.864000000000000032e-02
1.865999999999999950e-02	1.867999999999999869e-02	1.870000000000000134e-02
1.872000000000000053e-02	1.873999999999999971e-02	1.875999999999999890e-02
1.878000000000000155e-02	1.880000000000000074e-02	1.881999999999999992e-02
1.883999999999999911e-02	1.885999999999999829e-02	1.888000000000000095e-02
1.890000000000000013e-02	1.891999999999999932e-02	1.893999999999999850e-02
1.896000000000000116e-02	1.898000000000000034e-02	1.899999999999999953e-02
1.901999999999999871e-02	1.904000000000000137e-02	1.906000000000000055e-02
1.907999999999999974e-02	1.909999999999999892e-02	1.912000000000000158e-02
1.914000000000000076e-02	1.915999999999999995e-02	1.917999999999999913e-02
1.919999999999999832e-02	1.922000000000000097e-02	1.924000000000000016e-02
1.925999999999999934e-02	1.927999999999999853e-02	1.930000000000000118e-02
1.932000000000000037e-02	1.933999999999999955e-02	1.935999999999999874e-02
1.938000000000000139e-02	1.940000000000000058e-02	1.941999999999999976e-02
1.943999999999999895e-02	1.946000000000000160e-02	1.948000000000000079e-02
1.949999999999999997e-02	1.951999999999999916e-02	1.953999999999999834e-02
1.956000000000000100e-02	1.958000000000000018e-02	1.959999999999999937e-02
1.961999999999999855e-02	1.964000000000000121e-02	1.966000000000000039e-02
1.967999999999999958e-02	1.969999999999999876e-02	1.972000000000000142e-02
1.974000000000000060e-02	1.975999999999999979e-02	1.977999999999999897e-02
1.980000000000000163e-02	1.982000000000000081e-02	1.984000000000000000e-02
1.985999999999999918e-02	1.987999999999999837e-02	1.990000000000000102e-02
1.992000000000000021e-02	1.993999999999999939e-02	1.995999999999999858e-02
1.998000000000000123e-02	2.000000000000000042e-02	2.001999999999999960e-02
2.003999999999999879e-02	2.006000000000000144e-02	2.008000000000000063e-02
2.009999999999999981e-02	2.011999999999999900e-02	2.014000000000000165e-02
2.016000000000000084e-02	2.018000000000000002e-02	2.019999999999999921e-02
2.021999999999999839e-02	2.024000000000000105e-02	2.026000000000000023e-02
2.027999999999999942e-02	2.029999999999999860e-02	2.032000000000000126e-02
2.034000000000000044e-02	2.035999999999999963e-02	2.037999999999999881e-02
2.040000000000000147e-02	2.042000000000000065e-02	2.043999999999999984e-02
2.045999999999999902e-02	2.048000000000000168e-02	2.050000000000000086e-02
2.052000000000000005e-02	2.053999999999999923e-02	2.055999999999999842e-02
2.058000000000000107e-02	2.060000000000000026e-02	2.061999999999999944e-02
2.063999999999999863e-02	2.066000000000000128e-02	2.068000000000000047e-02
2.069999999999999965e-02	2.071999999999999884e-02	2.074000000000000149e-02
2.076000000000000068e-02	2.077999999999999986e-02	2.079999999999999905e-02
2.082000000000000170e-02	2.084000000000000088e-02	2.086000000000000007e-02
2.087999999999999926e-02	2.089999999999999844e-02	2.092000000000000109e-02
2.094000000000000028e-02	2.095999999999999946e-02	2.097999999999999865e-02
2.100000000000000130e-02	2.102000000000000049e-02	2.103999999999999967e-02
2.105999999999999886e-02	2.108000000000000151e-02	2.110000000000000070e-02
2.111999999999999988e-02	2.113999999999999907e-02	2.116000000000000172e-02
2.118000000000000091e-02	2.120000000000000009e-02	2.121999999999999928e-02
2.123999999999999846e-02	2.126000000000000112e-02	2.128000000000000030e-02
2.129999999999999949e-02	2.131999999999999867e-02	2.134000000000000133e-02
2.136000000000000051e-02	2.137999999999999970e-02	2.139999999999999888e-02
2.142000000000000154e-02	2.144000000000000072e-02	2.145999999999999991e-02
2.147999999999999909e-02	2.149999999999999828e-02	2.152000000000000093e-02
2.154000000000000012e-02	2.155999999999999930e-02	2.157999999999999849e-02
2.160000000000000114e-02	2.162000000000000033e-02	2.163999999999999951e-02
2.165999999999999870e-02	2.168000000000000135e-02	2.170000000000000054e-02
2.171999999999999972e-02	2.173999999999999891e-02	2.176000000000000156e-02
2.178000000000000075e-02	2.179999999999999993e-02	2.181999999999999912e-02
2.183999999999999830e-02	2.186000000000000096e-02	2.188000000000000014e-02
2.189999999999999933e-02	2.191999999999999851e-02	2.194000000000000117e-02
2.196000000000000035e-02	2.197999999999999954e-02	2.199999999999999872e-02
2.202000000000000138e-02	2.204000000000000056e-02	2.205999999999999975e-02
2.207999999999999893e-02	2.210000000000000159e-02	2.212000000000000077e-02
2.213999999999999996e-02	2.215999999999999914e-02	2.217999999999999833e-02
2.220000000000000098e-02	2.222000000000000017e-02	2.223999999999999935e-02
2.225999999999999854e-02	2.228000000000000119e-02	2.230000000000000038e-02
2.231999999999999956e-02	2.233999999999999875e-02	2.236000000000000140e-02
2.238000000000000059e-02	2.239999999999999977e-02	2.241999999999999896e-02
2.244000000000000161e-02	2.246000000000000080e-02	2.247999999999999998e-02
2.249999999999999917e-02	2.251999999999999835e-02	2.254000000000000101e-02
2.256000000000000019e-02	2.257999999999999938e-02	2.259999999999999856e-02
2.262000000000000122e-02	2.264000000000000040e-02	2.265999999999999959e-02
2.267999999999999877e-02	2.270000000000000143e-02	2.272000000000000061e-02
2.273999999999999980e-02	2.275999999999999898e-02	2.278000000000000164e-02
2.280000000000000082e-02	2.282000000000000001e-02	2.283999999999999919e-02
2.285999999999999838e-02	2.288000000000000103e-02	2.290000000000000022e-02
2.291999999999999940e-02	2.293999999999999859e-02	2.296000000000000124e-02
2.298000000000000043e-02	2.299999999999999961e-02	2.301999999999999880e-02
2.304000000000000145e-02	2.306000000000000064e-02	2.307999999999999982e-02
2.309999999999999901e-02	2.312000000000000166e-02	2.314000000000000085e-02
2.316000000000000003e-02	2.317999999999999922e-02	2.319999999999999840e-02
2.322000000000000106e-02	2.324000000000000024e-02	2.325999999999999943e-02
2.327999999999999861e-02	2.330000000000000127e-02	2.332000000000000045e-02
2.333999999999999964e-02	2.335999999999999882e-02	2.338000000000000148e-02
2.340000000000000066e-02	2.341999999999999985e-02	2.343999999999999903e-02
2.346000000000000169e-02	2.348000000000000087e-02	2.350000000000000006e-02
2.351999999999999924e-02	2.353999999999999843e-02	2.356000000000000108e-02
2.358000000000000027e-02	2.359999999999999945e-02	2.361999999999999864e-02
2.364000000000000129e-02	2.366000000000000048e-02	2.367999999999999966e-02
2.369999999999999885e-02	2.372000000000000150e-02	2.374000000000000069e-02
2.375999999999999987e-02	2.377999999999999906e-02	2.380000000000000171e-02
2.382000000000000089e-02	2.384000000000000008e-02	2.385999999999999927e-02
2.387999999999999845e-02	2.390000000000000110e-02	2.392000000000000029e-02
2.393999999999999947e-02	2.395999999999999866e-02	2.398000000000000131e-02
2.400000000000000050e-02	2.401999999999999968e-02	2.403999999999999887e-02
2.406000000000000152e-02	2.408000000000000071e-02	2.409999999999999989e-02
2.411999999999999908e-02	2.414000000000000173e-02	2.416000000000000092e-02
2.418000000000000010e-02	2.419999999999999929e-02	2.421999999999999847e-02
2.424000000000000113e-02	2.426000000000000031e-02	2.427999999999999950e-02
2.429999999999999868e-02	2.432000000000000134e-02	2.434000000000000052e-02
2.435999999999999971e-02	2.437999999999999889e-02	2.440000000000000155e-02
2.442000000000000073e-02	2.443999999999999992e-02	2.445999999999999910e-02
2.447999999999999829e-02	2.450000000000000094e-02	2.452000000000000013e-02
2.453999999999999931e-02	2.455999999999999850e-02	2.458000000000000115e-02
2.460000000000000034e-02	2.461999999999999952e-02	2.463999999999999871e-02
2.466000000000000136e-02	2.468000000000000055e-02	2.469999999999999973e-02
2.471999999999999892e-02	2.474000000000000157e-02	2.476000000000000076e-02
2.477999999999999994e-02	2.479999999999999913e-02	2.481999999999999831e-02
2.484000000000000097e-02	2.486000000000000015e-02	2.487999999999999934e-02
2.489999999999999852e-02	2.492000000000000118e-02	2.494000000000000036e-02
2.495999999999999955e-02	2.497999999999999873e-02	2.500000000000000139e-02
2.502000000000000057e-02	2.503999999999999976e-02	2.505999999999999894e-02
2.508000000000000160e-02	2.510000000000000078e-02	2.511999999999999997e-02
2.513999999999999915e-02	2.515999999999999834e-02	2.518000000000000099e-02
2.520000000000000018e-02	2.521999999999999936e-02	2.523999999999999855e-02
2.526000000000000120e-02	2.528000000000000039e-02	2.529999999999999957e-02
2.531999999999999876e-02	2.534000000000000141e-02	2.536000000000000060e-02
2.537999999999999978e-02	2.539999999999999897e-02	2.542000000000000162e-02
2.544000000000000081e-02	2.545999999999999999e-02	2.547999999999999918e-02
2.549999999999999836e-02	2.552000000000000102e-02	2.554000000000000020e-02
2.555999999999999939e-02	2.557999999999999857e-02	2.560000000000000123e-02
2.562000000000000041e-02	2.563999999999999960e-02	2.565999999999999878e-02
2.568000000000000144e-02	2.570000000000000062e-02	2.571999999999999981e-02
2.573999999999999899e-02	2.576000000000000165e-02	2.578000000000000083e-02
2.580000000000000002e-02	2.581999999999999920e-02	2.583999999999999839e-02
2.586000000000000104e-02	2.588000000000000023e-02	2.589999999999999941e-02
2.591999999999999860e-02	2.594000000000000125e-02	2.596000000000000044e-02
2.597999999999999962e-02	2.599999999999999881e-02	2.602000000000000146e-02
2.604000000000000065e-02	2.605999999999999983e-02	2.607999999999999902e-02
2.610000000000000167e-02	2.612000000000000086e-02	2.614000000000000004e-02
2.615999999999999923e-02	2.617999999999999841e-02	2.620000000000000107e-02
2.622000000000000025e-02	2.623999999999999944e-02	2.625999999999999862e-02
2.628000000000000128e-02	2.630000000000000046e-02	2.631999999999999965e-02
2.633999999999999883e-02	2.636000000000000149e-02	2.638000000000000067e-02
2.639999999999999986e-02	2.641999999999999904e-02	2.644000000000000170e-02
2.646000000000000088e-02	2.648000000000000007e-02	2.649999999999999925e-02
2.651999999999999844e-02	2.654000000000000109e-02	2.656000000000000028e-02
2.657999999999999946e-02	2.659999999999999865e-02	2.662000000000000130e-02
2.664000000000000049e-02	2.665999999999999967e-02	2.667999999999999886e-02
2.670000000000000151e-02	2.672000000000000069e-02	2.673999999999999988e-02
2.675999999999999907e-02	2.678000000000000172e-02	2.680000000000000090e-02
2.682000000000000009e-02	2.683999999999999928e-02	2.685999999999999846e-02
2.688000000000000111e-02	2.690000000000000030e-02	2.691999999999999948e-02
2.693999999999999867e-02	2.696000000000000132e-02	2.698000000000000051e-02
2.699999999999999969e-02	2.701999999999999888e-02	2.704000000000000153e-02
2.706000000000000072e-02	2.707999999999999990e-02	2.709999999999999909e-02
2.711999999999999827e-02	2.714000000000000093e-02	2.716000000000000011e-02
2.717999999999999930e-02	2.719999999999999848e-02	2.722000000000000114e-02
2.724000000000000032e-02	2.725999999999999951e-02	2.727999999999999869e-02
2.730000000000000135e-02	2.732000000000000053e-02	2.733999999999999972e-02
2.735999999999999890e-02	2.738000000000000156e-02	2.740000000000000074e-02
2.741999999999999993e-02	2.743999999999999911e-02	2.745999999999999830e-02
2.748000000000000095e-02	2.750000000000000014e-02	2.751999999999999932e-02
2.753999999999999851e-02	2.756000000000000116e-02	2.758000000000000035e-02
2.759999999999999953e-02	2.761999999999999872e-02	2.764000000000000137e-02
2.766000000000000056e-02	2.767999999999999974e-02	2.769999999999999893e-02
2.772000000000000158e-02	2.774000000000000077e-02	2.775999999999999995e-02
2.777999999999999914e-02	2.779999999999999832e-02	2.782000000000000098e-02
2.784000000000000016e-02	2.785999999999999935e-02	2.787999999999999853e-02
2.790000000000000119e-02	2.792000000000000037e-02	2.793999999999999956e-02
2.795999999999999874e-02	2.798000000000000140e-02	2.800000000000000058e-02
2.801999999999999977e-02	2.803999999999999895e-02	2.806000000000000161e-02
2.808000000000000079e-02	2.809999999999999998e-02	2.811999999999999916e-02
2.813999999999999835e-02	2.816000000000000100e-02	2.818000000000000019e-02
2.819999999999999937e-02	2.821999999999999856e-02	2.824000000000000121e-02
2.826000000000000040e-02	2.827999999999999958e-02	2.829999999999999877e-02
2.832000000000000142e-02	2.834000000000000061e-02	2.835999999999999979e-02
2.837999999999999898e-02	2.840000000000000163e-02	2.842000000000000082e-02
2.844000000000000000e-02	2.845999999999999919e-02	2.847999999999999837e-02
2.850000000000000103e-02	2.852000000000000021e-02	2.853999999999999940e-02
2.855999999999999858e-02	2.858000000000000124e-02	2.860000000000000042e-02
2.861999999999999961e-02	2.863999999999999879e-02	2.866000000000000145e-02
2.868000000000000063e-02	2.869999999999999982e-02	2.871999999999999900e-02
2.874000000000000166e-02	2.876000000000000084e-02	2.878000000000000003e-02
2.879999999999999921e-02	2.881999999999999840e-02	2.884000000000000105e-02
2.886000000000000024e-02	2.887999999999999942e-02	2.889999999999999861e-02
2.892000000000000126e-02	2.894000000000000045e-02	2.895999999999999963e-02
2.897999999999999882e-02	2.900000000000000147e-02	2.902000000000000066e-02
2.903999999999999984e-02	2.905999999999999903e-02	2.908000000000000168e-02
2.910000000000000087e-02	2.912000000000000005e-02	2.913999999999999924e-02
2.915999999999999842e-02	2.918000000000000108e-02	2.920000000000000026e-02
2.921999999999999945e-02	2.923999999999999863e-02	2.926000000000000129e-02
2.928000000000000047e-02	2.929999999999999966e-02	2.931999999999999884e-02
2.934000000000000150e-02	2.936000000000000068e-02	2.937999999999999987e-02
2.939999999999999905e-02	2.942000000000000171e-02	2.944000000000000089e-02
2.946000000000000008e-02	2.947999999999999926e-02	2.949999999999999845e-02
2.952000000000000110e-02	2.954000000000000029e-02	2.955999999999999947e-02
2.957999999999999866e-02	2.960000000000000131e-02	2.962000000000000050e-02
2.963999999999999968e-02	2.965999999999999887e-02	2.968000000000000152e-02
2.970000000000000070e-02	2.971999999999999989e-02	2.973999999999999908e-02
2.976000000000000173e-02	2.978000000000000091e-02	2.980000000000000010e-02
2.981999999999999929e-02	2.983999999999999847e-02	2.986000000000000112e-02
2.988000000000000031e-02	2.989999999999999949e-02	2.991999999999999868e-02
2.994000000000000133e-02	2.996000000000000052e-02	2.997999999999999970e-02
2.999999999999999889e-02	3.002000000000000154e-02	3.004000000000000073e-02
3.005999999999999991e-02	3.007999999999999910e-02	3.009999999999999828e-02
3.012000000000000094e-02	3.014000000000000012e-02	3.015999999999999931e-02
3.017999999999999849e-02	3.020000000000000115e-02	3.022000000000000033e-02
3.023999999999999952e-02	3.025999999999999870e-02	3.028000000000000136e-02
3.030000000000000054e-02	3.031999999999999973e-02	3.033999999999999891e-02
3.036000000000000157e-02	3.038000000000000075e-02	-6.948531301398026307e-04
-6.948531301398026307e-04	-3.286421926398025765e-04	-6.948531301398026307e-04
-3.286421926398025765e-04	-6.704390676398026090e-04	-3.286421926398025765e-04
-6.704390676398026090e-04	-3.530562551398025439e-04	-6.948531301398026307e-04
-3.774703176398025656e-04	-7.192671926398025439e-04	-4.018843801398025873e-04
-7.680953176398025873e-04	-4.507125051398025765e-04	-8.413375051398025439e-04
-4.995406301398025656e-04	-8.901656301398025873e-04	-5.727828176398025222e-04
-9.878218801398026740e-04	-5.971968801398025439e-04	-1.036650005139802501e-03
-6.460250051398025873e-04	-1.085478130139802544e-03	-6.704390676398026090e-04
-1.109892192639802674e-03	-6.948531301398026307e-04	-1.158720317639802501e-03
-6.948531301398026307e-04	-1.158720317639802501e-03	-7.436812551398025656e-04
-1.183134380139802631e-03	-7.680953176398025873e-04	-1.207548442639802544e-03
-7.925093801398026090e-04	-1.231962505139802674e-03	-8.169234426398026307e-04
-1.231962505139802674e-03	-8.413375051398025439e-04	-1.231962505139802674e-03
-8.657515676398025656e-04	-1.256376567639802587e-03	-8.901656301398025873e-04
-1.256376567639802587e-03	-9.145796926398026090e-04	-1.256376567639802587e-03
-9.145796926398026090e-04	-1.305204692639802631e-03	-9.634078176398025439e-04
-1.354032817639802674e-03	-1.012235942639802587e-03	-1.427275005139802631e-03
-1.109892192639802674e-03	-1.524931255139802717e-03	-1.183134380139802631e-03
-1.622587505139802587e-03	-1.280790630139802717e-03	-1.720243755139802674e-03
-1.354032817639802674e-03	-1.817900005139802544e-03	-1.427275005139802631e-03
-1.891142192639802717e-03	-1.476103130139802674e-03	-1.915556255139802631e-03
-1.500517192639802587e-03	-1.939970317639802544e-03	-1.500517192639802587e-03
-1.939970317639802544e-03	-1.500517192639802587e-03	-1.939970317639802544e-03
-1.500517192639802587e-03	-1.939970317639802544e-03	-1.500517192639802587e-03
-1.964384380139802457e-03	-1.524931255139802717e-03	-1.964384380139802457e-03
-1.549345317639802631e-03	-2.013212505139802717e-03	-1.598173442639802674e-03
-2.062040630139802544e-03	-1.671415630139802631e-03	-2.110868755139802804e-03
-1.744657817639802587e-03	-2.184110942639802544e-03	-1.817900005139802544e-03
-2.281767192639802631e-03	-1.915556255139802631e-03	-2.355009380139802804e-03
-1.988798442639802804e-03	-2.428251567639802544e-03	-2.086454692639802457e-03
-2.525907817639802631e-03	-2.184110942639802544e-03	-2.623564067639802717e-03
-2.306181255139802544e-03	-2.721220317639802804e-03	-2.403837505139802631e-03
-2.818876567639802891e-03	-2.501493755139802717e-03	-2.892118755139802631e-03
-2.574735942639802891e-03	-3.014189067639802631e-03	-2.647978130139802631e-03
-3.087431255139802804e-03	-2.721220317639802804e-03	-3.185087505139802891e-03
-2.794462505139802544e-03	-3.282743755139802544e-03	-2.892118755139802631e-03
-3.404814067639802544e-03	-3.038603130139802544e-03	-3.526884380139802544e-03
-3.209501567639802804e-03	-3.697782817639802804e-03	-3.404814067639802544e-03
-3.893095317639802544e-03	-3.624540630139802631e-03	-4.088407817639802717e-03
-3.844267192639802717e-03	-4.308134380139802370e-03	-4.039579692639802891e-03
-4.503446880139802544e-03	-4.234892192639803064e-03	-4.723173442639803064e-03
-4.454618755139802717e-03	-4.967314067639803064e-03	-4.698759380139802717e-03
-5.211454692639803064e-03	-4.967314067639803064e-03	-5.480009380139802544e-03
-5.260282817639802891e-03	-5.797392192639802717e-03	-5.602079692639802544e-03
-6.163603130139802717e-03	-5.943876567639803064e-03	-6.554228130139803064e-03
-6.358915630139802891e-03	-6.944853130139802544e-03	-6.773954692639802717e-03
-7.359892192639803238e-03	-7.213407817639802891e-03	-7.799345317639802544e-03
-7.628446880139802717e-03	-8.238798442639803585e-03	-8.067900005139802891e-03
-8.702665630139803238e-03	-8.556181255139802891e-03	-9.166532817639802891e-03
-9.044462505139802891e-03	-9.679228130139803238e-03	-9.581571880139803585e-03
-1.019192344263980358e-02	-1.014309531763980289e-02	-1.075344688013980289e-02
-1.070461875513980393e-02	-1.136379844263980289e-02	-1.129055625513980358e-02
-1.199856406763980324e-02	-1.190090781763980358e-02	-1.260891563013980324e-02
-1.251125938013980358e-02	-1.324368125513980358e-02	-1.312161094263980358e-02
-1.385403281763980358e-02	-1.375637656763980393e-02	-1.448879844263980393e-02
-1.439114219263980254e-02	-1.514797813013980289e-02	-1.509915000513980393e-02
-1.585598594263980254e-02	-1.578274375513980324e-02	-1.656399375513980393e-02
-1.649075156763980463e-02	-1.729641563013980393e-02	-1.722317344263980463e-02
-1.805325156763980254e-02	-1.798000938013980324e-02	-1.878567344263980254e-02
-1.873684531763980185e-02	-1.956692344263980324e-02	-1.951809531763980254e-02
-2.032375938013980532e-02	-2.027493125513980463e-02	-2.110500938013980254e-02
-2.108059531763980393e-02	-2.188625938013980324e-02	-2.188625938013980324e-02
-2.271633750513980463e-02	-2.269192344263980254e-02	-2.354641563013980254e-02
-2.354641563013980254e-02	-2.437649375513980393e-02	-2.440090781763980254e-02
-2.523098594263980740e-02	-2.525540000513980601e-02	-2.610989219263980601e-02
-2.610989219263980601e-02	-2.693997031763980740e-02	-2.696438438013980601e-02
-2.777004844263980532e-02	-2.781887656763980601e-02	-2.862454063013980532e-02
-2.867336875513980601e-02	-2.950344688013980740e-02	-2.955227500513980810e-02
-3.035793906763980740e-02	-3.040676719263980810e-02	-3.118801719263980532e-02
-3.123684531763980601e-02	-3.196926719263980948e-02	-3.199368125513980810e-02
-3.262844688013980671e-02	-3.257961875513980948e-02	-3.306790000513980948e-02
-3.292141563013980393e-02	-3.326321250513980532e-02	-3.287258750513980671e-02
-3.323879844263980671e-02	-3.238430625513980671e-02	-3.297024375513980810e-02
-3.157864219263980393e-02	-3.238430625513980671e-02	-3.052883750513980810e-02
-3.152981406763980671e-02	-2.928372031763980601e-02	-3.043118125513980671e-02
-2.789211875513980532e-02	-2.916165000513980601e-02	-2.640286094263980671e-02
-2.777004844263980532e-02	-2.488918906763980254e-02	-2.628079063013980671e-02
-2.337551719263980532e-02	-2.476711875513980254e-02	-2.181301719263980393e-02
-2.322903281763980324e-02	-2.027493125513980463e-02	-2.166653281763980532e-02
-1.873684531763980185e-02	-2.012844688013980254e-02	-1.724758750513980324e-02
-1.861477500513980185e-02	-1.583157188013980393e-02	-1.712551719263980324e-02
-1.448879844263980393e-02	-1.570950156763980393e-02	-1.326809531763980393e-02
-1.439114219263980254e-02	-1.219387656763980254e-02	-1.317043906763980254e-02
-1.124172813013980289e-02	-1.209622031763980289e-02	-1.041165000513980324e-02
-1.119290000513980393e-02	-9.703642192639803585e-03	-1.036282188013980254e-02
-9.044462505139802891e-03	-9.679228130139803238e-03	-8.507353130139802197e-03
-9.068876567639803238e-03	-8.043485942639802544e-03	-8.556181255139802891e-03
-7.628446880139802717e-03	-8.092314067639803238e-03	-7.262235942639802717e-03
-7.701689067639802891e-03	-6.944853130139802544e-03	-7.384306255139802717e-03
-6.700712505139802544e-03	-7.115751567639803238e-03	-6.432157817639803064e-03
-6.871610942639803238e-03	-6.212431255139802544e-03	-6.651884380139802717e-03
-5.992704692639802891e-03	-6.432157817639803064e-03	-5.748564067639802891e-03
-6.212431255139802544e-03	-5.504423442639802891e-03	-5.968290630139802544e-03
-5.235868755139802544e-03	-5.675321880139802717e-03	-4.942900005139802717e-03
-5.382353130139802891e-03	-4.625517192639802544e-03	-5.064970317639802717e-03
-4.283720317639802891e-03	-4.747587505139802544e-03	-3.941923442639802370e-03
-4.405790630139802891e-03	-3.600126567639802717e-03	-4.088407817639802717e-03
-3.258329692639802631e-03	-3.771025005139802544e-03	-2.989775005139802717e-03
-3.453642192639802804e-03	-2.745634380139802717e-03	-3.209501567639802804e-03
-2.525907817639802631e-03	-2.989775005139802717e-03	-2.355009380139802804e-03
-2.794462505139802544e-03	-2.159696880139802631e-03	-2.623564067639802717e-03
-2.013212505139802717e-03	-2.477079692639802804e-03	-1.842314067639802674e-03
-2.330595317639802457e-03	-1.671415630139802631e-03	-2.159696880139802631e-03
-1.500517192639802587e-03	-1.988798442639802804e-03	-1.354032817639802674e-03
-1.817900005139802544e-03	-1.207548442639802544e-03	-1.647001567639802717e-03
-1.061064067639802631e-03	-1.524931255139802717e-03	-9.634078176398025439e-04
-1.402860942639802717e-03	-8.657515676398025656e-04	-1.305204692639802631e-03
-7.680953176398025873e-04	-1.207548442639802544e-03	-7.192671926398025439e-04
-1.158720317639802501e-03	-6.460250051398025873e-04	-1.085478130139802544e-03
-5.727828176398025222e-04	-1.012235942639802587e-03	-5.239546926398025873e-04
-9.634078176398025439e-04	-4.751265676398025439e-04	-9.145796926398026090e-04
-4.507125051398025765e-04	-8.657515676398025656e-04	-4.018843801398025873e-04
-8.169234426398026307e-04	-3.530562551398025439e-04	-7.680953176398025873e-04
-3.042281301398025548e-04	-7.192671926398025439e-04	-2.309859426398025439e-04
-6.460250051398025873e-04	-1.821578176398025548e-04	-5.727828176398025222e-04
-6.008750513980254800e-05	-4.995406301398025656e-04	3.756874486019745743e-05
-4.018843801398025873e-04	1.596390573601974778e-04	-3.042281301398025548e-04
2.817093698601974778e-04	-2.065718801398025494e-04	3.793656198601974561e-04
-1.089156301398025439e-04	4.526078073601974669e-04	-3.567344263980254664e-05
5.014359323601974561e-04	6.198280736019745878e-05	5.258499948601974778e-04
8.639686986019746691e-05	5.258499948601974778e-04	1.108109323601974615e-04
5.014359323601974561e-04	1.108109323601974615e-04	4.770218698601974886e-04
8.639686986019746691e-05	4.526078073601974669e-04	3.756874486019745743e-05
4.281937448601974994e-04	3.756874486019745743e-05	4.281937448601974994e-04
1.315468236019745607e-05	4.037796823601974778e-04	1.315468236019745607e-05
4.037796823601974778e-04	1.315468236019745607e-05	3.793656198601974561e-04
-1.125938013980254529e-05	3.549515573601974886e-04	-1.125938013980254529e-05
3.305374948601974669e-04	-1.125938013980254529e-05	3.305374948601974669e-04
-3.567344263980254664e-05	3.549515573601974886e-04	-1.125938013980254529e-05
3.793656198601974561e-04	3.756874486019745743e-05	4.281937448601974994e-04
8.639686986019746691e-05	5.014359323601974561e-04	1.352249948601974561e-04
5.746781198601975211e-04	2.084671823601974669e-04	6.235062448601974561e-04
2.572953073601974561e-04	6.723343698601974994e-04	2.817093698601974778e-04
6.967484323601975211e-04	3.061234323601974994e-04	7.211624948601975428e-04
3.305374948601974669e-04	7.211624948601975428e-04	3.305374948601974669e-04
7.211624948601975428e-04	3.305374948601974669e-04	7.211624948601975428e-04
3.305374948601974669e-04	7.211624948601975428e-04	3.305374948601974669e-04
7.455765573601974561e-04	3.793656198601974561e-04	7.944046823601974994e-04
4.037796823601974778e-04	8.676468698601974561e-04	4.770218698601974886e-04
9.408890573601975211e-04	5.502640573601974994e-04	1.038545307360197499e-03
6.479203073601974778e-04	1.160615619860197499e-03	7.699906198601974778e-04
1.282685932360197499e-03	8.920609323601974778e-04	1.380342182360197586e-03
9.897171823601974561e-04	1.502412494860197586e-03	1.111787494860197456e-03
1.575654682360197543e-03	1.185029682360197630e-03	1.624482807360197586e-03
1.258271869860197586e-03	1.648896869860197499e-03	1.307099994860197630e-03
1.697724994860197543e-03	1.355928119860197456e-03	1.770967182360197499e-03
1.404756244860197499e-03	1.819795307360197543e-03	1.477998432360197456e-03
1.893037494860197499e-03	1.551240619860197630e-03	1.941865619860197543e-03
1.624482807360197586e-03	2.015107807360197716e-03	1.648896869860197499e-03
2.088349994860197456e-03	1.697724994860197543e-03	2.112764057360197369e-03
1.746553119860197586e-03	2.137178119860197716e-03	1.795381244860197630e-03
2.161592182360197630e-03	1.819795307360197543e-03	2.161592182360197630e-03
1.795381244860197630e-03	2.137178119860197716e-03	1.795381244860197630e-03
2.137178119860197716e-03	1.770967182360197499e-03	2.137178119860197716e-03
1.746553119860197586e-03	2.112764057360197369e-03	1.746553119860197586e-03
2.112764057360197369e-03	1.746553119860197586e-03	2.112764057360197369e-03
1.746553119860197586e-03	2.112764057360197369e-03	1.770967182360197499e-03
2.137178119860197716e-03	1.795381244860197630e-03	2.161592182360197630e-03
1.819795307360197543e-03	2.210420307360197456e-03	1.868623432360197586e-03
2.234834369860197369e-03	1.893037494860197499e-03	2.283662494860197630e-03
1.941865619860197543e-03	2.332490619860197456e-03	1.990693744860197369e-03
2.405732807360197630e-03	2.039521869860197630e-03	2.478974994860197803e-03
2.112764057360197369e-03	2.552217182360197543e-03	2.210420307360197456e-03
2.649873432360197630e-03	2.283662494860197630e-03	2.723115619860197803e-03
2.381318744860197716e-03	2.796357807360197543e-03	2.454560932360197456e-03
2.845185932360197803e-03	2.527803119860197630e-03	2.918428119860197543e-03
2.576631244860197456e-03	2.967256244860197803e-03	2.649873432360197630e-03
2.991670307360197716e-03	2.674287494860197543e-03	3.016084369860197630e-03
2.723115619860197803e-03	3.064912494860197456e-03	2.747529682360197716e-03
3.089326557360197803e-03	2.771943744860197630e-03	3.113740619860197716e-03
2.796357807360197543e-03	3.162568744860197543e-03	2.820771869860197456e-03
3.211396869860197803e-03	2.869599994860197716e-03	3.235810932360197716e-03
2.918428119860197543e-03	3.260224994860197630e-03	2.942842182360197456e-03
3.309053119860197456e-03	2.967256244860197803e-03	3.309053119860197456e-03
2.991670307360197716e-03	3.309053119860197456e-03	2.991670307360197716e-03
3.309053119860197456e-03	2.991670307360197716e-03	3.309053119860197456e-03
2.991670307360197716e-03	3.309053119860197456e-03	3.016084369860197630e-03
3.333467182360197803e-03	3.016084369860197630e-03	3.357881244860197716e-03
3.040498432360197543e-03	3.406709369860197543e-03	3.089326557360197803e-03
3.431123432360197456e-03	3.113740619860197716e-03	3.504365619860197630e-03
3.186982807360197456e-03	3.553193744860197456e-03	3.235810932360197716e-03
3.650849994860197543e-03	3.309053119860197456e-03	3.699678119860197803e-03
3.382295307360197630e-03	3.772920307360197543e-03	3.455537494860197803e-03
3.821748432360197803e-03	3.504365619860197630e-03	3.846162494860197716e-03
3.528779682360197543e-03	3.894990619860197543e-03	3.553193744860197456e-03
3.919404682360197456e-03	3.602021869860197716e-03	3.968232807360197283e-03
3.650849994860197543e-03	4.041474994860197456e-03	3.724092182360197716e-03
4.114717182360197630e-03	3.797334369860197456e-03	4.212373432360197283e-03
3.894990619860197543e-03	4.310029682360197803e-03	3.992646869860197630e-03
4.407685932360197456e-03	4.065889057360197803e-03	4.456514057360197283e-03
4.139131244860197976e-03	4.505342182360197976e-03	4.163545307360197456e-03
4.529756244860197456e-03	4.187959369860197803e-03	4.554170307360197803e-03
4.212373432360197283e-03	4.602998432360197630e-03	4.236787494860197630e-03
4.627412494860197976e-03	4.261201557360197976e-03	4.676240619860197803e-03
4.310029682360197803e-03	4.725068744860197630e-03	4.334443744860197283e-03
4.749482807360197976e-03	4.383271869860197976e-03	4.773896869860197456e-03
4.383271869860197976e-03	4.773896869860197456e-03	4.407685932360197456e-03
4.798310932360197803e-03	4.407685932360197456e-03	4.798310932360197803e-03
4.432099994860197803e-03	4.822724994860198150e-03	4.432099994860197803e-03
4.847139057360197630e-03	4.480928119860197630e-03	4.871553119860197976e-03
4.505342182360197976e-03	4.895967182360197456e-03	4.554170307360197803e-03
4.920381244860197803e-03	4.554170307360197803e-03	4.920381244860197803e-03
4.554170307360197803e-03	4.920381244860197803e-03	4.554170307360197803e-03
4.871553119860197976e-03	4.505342182360197976e-03	4.847139057360197630e-03
4.480928119860197630e-03	4.822724994860198150e-03	4.456514057360197283e-03
4.822724994860198150e-03	4.456514057360197283e-03	4.822724994860198150e-03
4.480928119860197630e-03	4.847139057360197630e-03	4.480928119860197630e-03
4.871553119860197976e-03	4.505342182360197976e-03	4.871553119860197976e-03
4.505342182360197976e-03	4.871553119860197976e-03	4.480928119860197630e-03
4.847139057360197630e-03	4.456514057360197283e-03	4.822724994860198150e-03
4.432099994860197803e-03	4.798310932360197803e-03	4.407685932360197456e-03
4.798310932360197803e-03	4.383271869860197976e-03	4.798310932360197803e-03
4.407685932360197456e-03	4.822724994860198150e-03	4.432099994860197803e-03
4.847139057360197630e-03	4.456514057360197283e-03	4.847139057360197630e-03
4.456514057360197283e-03	4.847139057360197630e-03	4.480928119860197630e-03
4.847139057360197630e-03	4.456514057360197283e-03	4.822724994860198150e-03
4.456514057360197283e-03	4.822724994860198150e-03	4.456514057360197283e-03
4.822724994860198150e-03	4.456514057360197283e-03	4.871553119860197976e-03
4.505342182360197976e-03	4.920381244860197803e-03	4.529756244860197456e-03
4.969209369860197630e-03	4.602998432360197630e-03	5.066865619860198150e-03
4.676240619860197803e-03	5.115693744860197976e-03	4.725068744860197630e-03
5.188935932360198150e-03	4.798310932360197803e-03	5.237764057360197976e-03
4.847139057360197630e-03	5.311006244860198150e-03	4.920381244860197803e-03
5.384248432360197456e-03	4.993623432360197976e-03	5.481904682360197976e-03
5.091279682360197630e-03	5.603974994860197976e-03	5.213349994860197630e-03
5.726045307360197976e-03	5.311006244860198150e-03	5.848115619860197976e-03
5.433076557360198150e-03	5.945771869860197630e-03	5.555146869860198150e-03
6.043428119860198150e-03	5.652803119860197803e-03	6.116670307360197456e-03
5.726045307360197976e-03	6.214326557360197976e-03	5.823701557360197630e-03
6.311982807360197630e-03	5.921357807360198150e-03	6.409639057360198150e-03
6.019014057360197803e-03	6.556123432360197630e-03	6.165498432360198150e-03
6.702607807360197976e-03	6.287568744860198150e-03	6.873506244860197803e-03
6.434053119860197630e-03	6.995576557360197803e-03	6.604951557360197456e-03
7.142060932360198150e-03	6.727021869860197456e-03	7.288545307360197630e-03
6.873506244860197803e-03	7.410615619860197630e-03	6.971162494860197456e-03
7.532685932360197630e-03	7.093232807360197456e-03	7.679170307360197976e-03
7.239717182360197803e-03	7.850068744860197803e-03	7.410615619860197630e-03
8.045381244860197109e-03	7.605928119860197803e-03	8.240693744860198150e-03
7.801240619860197976e-03	8.460420307360197803e-03	8.020967182360198497e-03
8.704560932360197803e-03	8.240693744860198150e-03	8.924287494860197456e-03
8.484834369860198150e-03	9.144014057360197109e-03	8.704560932360197803e-03
9.412568744860197456e-03	8.948701557360197803e-03	9.656709369860197456e-03
9.217256244860198150e-03	9.949678119860198150e-03	9.485810932360198497e-03
1.026706093236019746e-02	9.803193744860197803e-03	1.058444374486019850e-02
1.009616249486019850e-02	1.092624061986019815e-02	1.041354530736019780e-02
1.126803749486019780e-02	1.075534218236019746e-02	1.163424843236019780e-02
1.109713905736019884e-02	1.195163124486019884e-02	1.146334999486019884e-02
1.229342811986019850e-02	1.178073280736019815e-02	1.261081093236019780e-02
1.212252968236019780e-02	1.297702186986019780e-02	1.248874061986019780e-02
1.336764686986019815e-02	1.283053749486019746e-02	1.375827186986019850e-02
1.322116249486019780e-02	1.422213905736019815e-02	1.366061561986019884e-02
1.466159218236019746e-02	1.410006874486019815e-02	1.514987343236019746e-02
1.458834999486019815e-02	1.563815468236019746e-02	1.507663124486019815e-02
1.615084999486019954e-02	1.558932655736019850e-02	1.666354530736019815e-02
1.610202186986019884e-02	1.717624061986019676e-02	1.663913124486019954e-02
1.768893593236019884e-02	1.715182655736019815e-02	1.822604530736019954e-02
1.766452186986019676e-02	1.878756874486019884e-02	1.817721718236019884e-02
1.937350624486020023e-02	1.873874061986019815e-02	1.995944374486019815e-02
1.932467811986019954e-02	2.064303749486019746e-02	1.998385780736020023e-02
2.132663124486020023e-02	2.064303749486019746e-02	2.205905311986020023e-02
2.135104530736019884e-02	2.279147499486020023e-02	2.205905311986020023e-02
2.349948280736019815e-02	2.274264686986019954e-02	2.418307655736019746e-02
2.345065468236019746e-02	2.489108436986019884e-02	2.413424843236020023e-02
2.559909218236019676e-02	2.484225624486019815e-02	2.630709999486019468e-02
2.555026405736019607e-02	2.703952186986019468e-02	2.625827186986019746e-02
2.779635780736019676e-02	2.701510780736019607e-02	2.857760780736019746e-02
2.777194374486019468e-02	2.940768593236019537e-02	2.857760780736019746e-02
3.026217811986019537e-02	2.940768593236019537e-02	3.109225624486019676e-02
3.023776405736019676e-02	3.194674843236019329e-02	3.109225624486019676e-02
3.275241249486019607e-02	3.192233436986019468e-02	3.353366249486019329e-02
3.275241249486019607e-02	3.431491249486019746e-02	3.355807655736019884e-02
3.509616249486019468e-02	3.431491249486019746e-02	3.582858436986019468e-02
3.509616249486019468e-02	3.653659218236019607e-02	3.585299843236019329e-02
3.709811561986019884e-02	3.651217811986019746e-02	3.748874061986019746e-02
3.704928749486019468e-02	3.765963905736019468e-02	3.731784218236019329e-02
3.761081093236019746e-02	3.722018593236019884e-02	3.729342811986019468e-02
3.670749061986019329e-02	3.670749061986019329e-02	3.592624061986019607e-02
3.585299843236019329e-02	3.485202186986019468e-02	3.475436561986019329e-02
3.360690468236019607e-02	3.348483436986019607e-02	3.221530311986019884e-02
3.209323280736019884e-02	3.079928749486019607e-02	3.065280311986019746e-02
2.931002968236019746e-02	2.918795936986019746e-02	2.784518593236019746e-02
2.769870155736019537e-02	2.635592811986019537e-02	2.620944374486019676e-02
2.486667030736020023e-02	2.474459999486020023e-02	2.342624061986019884e-02
2.327975624486020023e-02	2.198581093236019746e-02	2.186374061986019746e-02
2.064303749486019746e-02	2.054538124486019954e-02	1.939792030736019884e-02
1.930026405736019746e-02	1.827487343236019676e-02	1.817721718236019884e-02
1.727389686986019815e-02	1.720065468236019884e-02	1.639499061986019954e-02
1.637057655736019746e-02	1.566256874486019954e-02	1.566256874486019954e-02
1.502780311986019746e-02	1.505221718236019780e-02	1.451510780736019884e-02
1.456393593236019780e-02	1.407565468236019780e-02	1.417331093236019746e-02
1.373385780736019815e-02	1.388034218236019850e-02	1.344088905736019746e-02
1.363620155736019850e-02	1.319674843236019746e-02	1.346530311986019780e-02
1.305026405736019884e-02	1.331881874486019746e-02	1.290377968236019850e-02
1.324557655736019815e-02	1.283053749486019746e-02	1.317233436986019884e-02
1.275729530736019815e-02	1.312350624486019815e-02	1.268405311986019884e-02
1.305026405736019884e-02	1.261081093236019780e-02	1.295260780736019746e-02
1.253756874486019850e-02	1.283053749486019746e-02	1.241549843236019850e-02
1.265963905736019850e-02	1.224459999486019780e-02	1.243991249486019884e-02
1.200045936986019780e-02	1.217135780736019850e-02	1.173190468236019746e-02
1.187838905736019780e-02	1.143893593236019850e-02	1.156100624486019850e-02
1.109713905736019884e-02	1.119479530736019850e-02	1.073092811986019884e-02
1.082858436986019850e-02	1.036471718236019884e-02	1.046237343236019850e-02
9.998506244860198844e-03	1.009616249486019850e-02	9.607881244860198497e-03
9.705537494860198150e-03	9.217256244860198150e-03	9.314912494860197803e-03
8.826631244860197803e-03	8.924287494860197456e-03	8.411592182360197109e-03
8.533662494860197109e-03	8.020967182360198497e-03	8.143037494860198497e-03
7.654756244860197630e-03	7.752412494860198150e-03	7.288545307360197630e-03
7.410615619860197630e-03	6.922334369860197630e-03	7.068818744860197976e-03
6.580537494860197976e-03	6.751435932360197803e-03	6.287568744860198150e-03
6.458467182360197976e-03	5.994599994860197456e-03	6.165498432360198150e-03
5.701631244860197630e-03	5.896943744860197803e-03	5.433076557360198150e-03
5.628389057360197456e-03	5.164521869860197803e-03	5.408662494860197803e-03
4.944795307360198150e-03	5.188935932360198150e-03	4.749482807360197976e-03
4.993623432360197976e-03	4.578584369860197283e-03	4.822724994860198150e-03
4.407685932360197456e-03	4.676240619860197803e-03	4.285615619860197456e-03
4.554170307360197803e-03	4.187959369860197803e-03	4.456514057360197283e-03
4.065889057360197803e-03	4.383271869860197976e-03	4.017060932360197976e-03
4.334443744860197283e-03	3.968232807360197283e-03	4.310029682360197803e-03
3.943818744860197803e-03	4.310029682360197803e-03	3.943818744860197803e-03
4.310029682360197803e-03	3.943818744860197803e-03	4.310029682360197803e-03
3.943818744860197803e-03	4.334443744860197283e-03	3.943818744860197803e-03
4.358857807360197630e-03	3.943818744860197803e-03	4.383271869860197976e-03
3.968232807360197283e-03	4.407685932360197456e-03	3.968232807360197283e-03
4.407685932360197456e-03	3.968232807360197283e-03	4.407685932360197456e-03
3.992646869860197630e-03	4.407685932360197456e-03	3.992646869860197630e-03
4.407685932360197456e-03	3.968232807360197283e-03	4.407685932360197456e-03
3.968232807360197283e-03	4.407685932360197456e-03	3.968232807360197283e-03
4.383271869860197976e-03	3.968232807360197283e-03	4.383271869860197976e-03
3.943818744860197803e-03	4.358857807360197630e-03	3.919404682360197456e-03
4.358857807360197630e-03	3.894990619860197543e-03	4.334443744860197283e-03
3.846162494860197716e-03	4.285615619860197456e-03	3.797334369860197456e-03
4.236787494860197630e-03	3.772920307360197543e-03	4.212373432360197283e-03
3.748506244860197630e-03	4.187959369860197803e-03	3.748506244860197630e-03
4.163545307360197456e-03	3.724092182360197716e-03	4.139131244860197976e-03
3.724092182360197716e-03	4.114717182360197630e-03	3.724092182360197716e-03
4.090303119860197283e-03	3.699678119860197803e-03	4.065889057360197803e-03
3.650849994860197543e-03	4.017060932360197976e-03	3.577607807360197803e-03
3.919404682360197456e-03	3.504365619860197630e-03	3.821748432360197803e-03
3.431123432360197456e-03	3.724092182360197716e-03	3.333467182360197803e-03
3.626435932360197630e-03	3.235810932360197716e-03	3.528779682360197543e-03
3.138154682360197630e-03	3.455537494860197803e-03	3.064912494860197456e-03
3.382295307360197630e-03	2.967256244860197803e-03	3.309053119860197456e-03
2.869599994860197716e-03	3.211396869860197803e-03	2.796357807360197543e-03
3.138154682360197630e-03	2.723115619860197803e-03	3.016084369860197630e-03
2.625459369860197716e-03	2.894014057360197630e-03	2.478974994860197803e-03
2.771943744860197630e-03	2.356904682360197803e-03	2.674287494860197543e-03
2.259248432360197716e-03	2.552217182360197543e-03	2.161592182360197630e-03
2.527803119860197630e-03	2.112764057360197369e-03	2.527803119860197630e-03
2.112764057360197369e-03	2.576631244860197456e-03	2.161592182360197630e-03
2.649873432360197630e-03	2.234834369860197369e-03	2.747529682360197716e-03
2.332490619860197456e-03	2.845185932360197803e-03	2.405732807360197630e-03
2.918428119860197543e-03	2.503389057360197716e-03	2.942842182360197456e-03
2.552217182360197543e-03	2.967256244860197803e-03	2.576631244860197456e-03
2.967256244860197803e-03	2.625459369860197716e-03	2.967256244860197803e-03
2.625459369860197716e-03	2.991670307360197716e-03	2.649873432360197630e-03
2.991670307360197716e-03	2.674287494860197543e-03	3.016084369860197630e-03
2.674287494860197543e-03	3.040498432360197543e-03	2.698701557360197456e-03
3.064912494860197456e-03	2.698701557360197456e-03	3.064912494860197456e-03
2.723115619860197803e-03	3.089326557360197803e-03	2.723115619860197803e-03
3.089326557360197803e-03	2.698701557360197456e-03	3.064912494860197456e-03
2.698701557360197456e-03	3.040498432360197543e-03	2.674287494860197543e-03
3.016084369860197630e-03	2.625459369860197716e-03	2.991670307360197716e-03
2.625459369860197716e-03	2.991670307360197716e-03	2.601045307360197803e-03
2.967256244860197803e-03	2.601045307360197803e-03	2.967256244860197803e-03
2.601045307360197803e-03	2.942842182360197456e-03	2.576631244860197456e-03
2.894014057360197630e-03	2.527803119860197630e-03	2.820771869860197456e-03
2.454560932360197456e-03	2.747529682360197716e-03	2.356904682360197803e-03
2.625459369860197716e-03	2.259248432360197716e-03	2.503389057360197716e-03
2.161592182360197630e-03	2.405732807360197630e-03	2.063935932360197543e-03
2.283662494860197630e-03	1.941865619860197543e-03	2.186006244860197543e-03
1.844209369860197456e-03	2.063935932360197543e-03	1.746553119860197586e-03
1.966279682360197456e-03	1.648896869860197499e-03	1.868623432360197586e-03
1.575654682360197543e-03	1.770967182360197499e-03	1.477998432360197456e-03
1.697724994860197543e-03	1.404756244860197499e-03	1.624482807360197586e-03
1.331514057360197543e-03	1.600068744860197456e-03	1.282685932360197499e-03
1.551240619860197630e-03	1.233857807360197456e-03	1.526826557360197499e-03
1.185029682360197630e-03	1.477998432360197456e-03	1.136201557360197586e-03
1.429170307360197630e-03	1.087373432360197543e-03	1.380342182360197586e-03
1.038545307360197499e-03	1.307099994860197630e-03	9.897171823601974561e-04
1.258271869860197586e-03	9.408890573601975211e-04	1.233857807360197456e-03
9.164749948601974994e-04	1.209443744860197543e-03	9.164749948601974994e-04
1.209443744860197543e-03	9.164749948601974994e-04	1.209443744860197543e-03
9.164749948601974994e-04	1.209443744860197543e-03	9.164749948601974994e-04
1.209443744860197543e-03	8.920609323601974778e-04	1.185029682360197630e-03
8.676468698601974561e-04	1.160615619860197499e-03	8.432328073601975428e-04
1.136201557360197586e-03	8.188187448601975211e-04	1.087373432360197543e-03
7.944046823601974994e-04	1.087373432360197543e-03	7.699906198601974778e-04
1.087373432360197543e-03	7.699906198601974778e-04	1.087373432360197543e-03
7.699906198601974778e-04	1.087373432360197543e-03	7.455765573601974561e-04
1.038545307360197499e-03	7.211624948601975428e-04	1.014131244860197586e-03
6.967484323601975211e-04	9.897171823601974561e-04	6.479203073601974778e-04
9.408890573601975211e-04	5.990921823601975428e-04	8.920609323601974778e-04
5.502640573601974994e-04	8.432328073601975428e-04	5.014359323601974561e-04
8.188187448601975211e-04	4.770218698601974886e-04	7.944046823601974994e-04
4.526078073601974669e-04	7.699906198601974778e-04	4.281937448601974994e-04
7.211624948601975428e-04	3.793656198601974561e-04	6.479203073601974778e-04
3.061234323601974994e-04	5.746781198601975211e-04	2.328812448601974615e-04
4.770218698601974886e-04	1.352249948601974561e-04	4.037796823601974778e-04
6.198280736019745878e-05	3.305374948601974669e-04	1.315468236019745607e-05
2.817093698601974778e-04	-6.008750513980254800e-05	2.572953073601974561e-04
-1.333296926398025385e-04	1.840531198601974723e-04	-1.821578176398025548e-04
1.352249948601974561e-04	-2.309859426398025439e-04	8.639686986019746691e-05
-3.042281301398025548e-04	1.315468236019745607e-05	-3.530562551398025439e-04
-3.567344263980254664e-05	-4.018843801398025873e-04	-8.450156763980254935e-05
-4.507125051398025765e-04	-1.089156301398025439e-04	-4.507125051398025765e-04
-1.333296926398025385e-04	-4.751265676398025439e-04	-1.333296926398025385e-04
-4.995406301398025656e-04	-1.333296926398025385e-04	-4.995406301398025656e-04
-1.333296926398025385e-04	-4.751265676398025439e-04	-1.577437551398025602e-04
-4.995406301398025656e-04	-1.577437551398025602e-04	-5.239546926398025873e-04
-1.577437551398025602e-04	-5.239546926398025873e-04	-1.577437551398025602e-04
-5.483687551398026090e-04	-1.577437551398025602e-04	-5.483687551398026090e-04
-1.577437551398025602e-04	-5.483687551398026090e-04	-1.577437551398025602e-04
-5.483687551398026090e-04	-1.821578176398025548e-04	-5.971968801398025439e-04
-2.554000051398025656e-04	-6.460250051398025873e-04	-3.286421926398025765e-04
-7.436812551398025656e-04	-4.507125051398025765e-04	-8.657515676398025656e-04
-5.727828176398025222e-04	-9.878218801398026740e-04	-6.704390676398026090e-04
-1.109892192639802674e-03	-7.680953176398025873e-04	-1.183134380139802631e-03
-8.413375051398025439e-04	-1.256376567639802587e-03	-8.901656301398025873e-04
-1.280790630139802717e-03	-9.145796926398026090e-04	-1.305204692639802631e-03
-9.634078176398025439e-04	-1.329618755139802544e-03	-1.012235942639802587e-03
-1.378446880139802587e-03	-1.036650005139802501e-03	-1.427275005139802631e-03
-1.085478130139802544e-03	-1.451689067639802544e-03	-1.134306255139802587e-03
-1.524931255139802717e-03	-1.158720317639802501e-03	-1.549345317639802631e-03
-1.183134380139802631e-03	-1.598173442639802674e-03	-1.207548442639802544e-03
-1.622587505139802587e-03	-1.207548442639802544e-03	-1.622587505139802587e-03
-1.207548442639802544e-03	-1.622587505139802587e-03	-1.207548442639802544e-03
-1.622587505139802587e-03	-1.207548442639802544e-03	-1.647001567639802717e-03
-1.231962505139802674e-03	-1.671415630139802631e-03	-1.256376567639802587e-03
-1.720243755139802674e-03	-1.280790630139802717e-03	-1.744657817639802587e-03
-1.305204692639802631e-03	-1.793485942639802631e-03	-1.329618755139802544e-03
-1.817900005139802544e-03	-1.354032817639802674e-03	-1.817900005139802544e-03
-1.378446880139802587e-03	-1.817900005139802544e-03	-1.378446880139802587e-03
-1.817900005139802544e-03	-1.402860942639802717e-03	-1.842314067639802674e-03
-1.427275005139802631e-03	-1.842314067639802674e-03	-1.451689067639802544e-03
-1.866728130139802587e-03	-1.500517192639802587e-03	-1.939970317639802544e-03
-1.549345317639802631e-03	-1.988798442639802804e-03	-1.622587505139802587e-03
-2.062040630139802544e-03	-1.720243755139802674e-03	-2.159696880139802631e-03
-1.817900005139802544e-03	-2.257353130139802717e-03	-1.939970317639802544e-03
-2.379423442639802717e-03	-2.037626567639802631e-03	-2.501493755139802717e-03
-2.159696880139802631e-03	-2.623564067639802717e-03	-2.257353130139802717e-03
-2.745634380139802717e-03	-2.379423442639802717e-03	-2.843290630139802804e-03
-2.501493755139802717e-03	-2.989775005139802717e-03	-2.623564067639802717e-03
-3.111845317639802717e-03	-2.745634380139802717e-03	-3.209501567639802804e-03
-2.892118755139802631e-03	-3.355985942639802717e-03	-3.063017192639802891e-03
-3.502470317639802631e-03	-3.233915630139802717e-03	-3.697782817639802804e-03
-3.453642192639802804e-03	-3.893095317639802544e-03	-3.673368755139802891e-03
-4.112821880139803064e-03	-3.893095317639802544e-03	-4.381376567639802544e-03
-4.161650005139802891e-03	-4.625517192639802544e-03	-4.405790630139802891e-03
-4.894071880139802891e-03	-4.674345317639802370e-03	-5.187040630139802717e-03
-4.967314067639803064e-03	-5.504423442639802891e-03	-5.284696880139803238e-03
-5.821806255139803064e-03	-5.626493755139802891e-03	-6.163603130139802717e-03
-5.992704692639802891e-03	-6.529814067639802717e-03	-6.358915630139802891e-03
-6.920439067639803064e-03	-6.749540630139803238e-03	-7.311064067639802544e-03
-7.140165630139802717e-03	-7.726103130139803238e-03	-7.530790630139803064e-03
-8.141142192639802197e-03	-7.970243755139803238e-03	-8.580595317639803238e-03
-8.434110942639802891e-03	-9.020048442639802544e-03	-8.897978130139802544e-03
-9.483915630139803932e-03	-9.386259380139802544e-03	-9.972196880139803932e-03
-9.898954692639802891e-03	-1.050930625513980289e-02	-1.043606406763980358e-02
-1.104641563013980358e-02	-1.099758750513980289e-02	-1.163235313013980324e-02
-1.158352500513980254e-02	-1.226711875513980358e-02	-1.221829063013980289e-02
-1.290188438013980393e-02	-1.285305625513980324e-02	-1.358547813013980324e-02
-1.353665000513980254e-02	-1.426907188013980254e-02	-1.424465781763980393e-02
-1.497707969263980393e-02	-1.495266563013980358e-02	-1.568508750513980185e-02
-1.566067344263980324e-02	-1.641750938013980185e-02	-1.639309531763980324e-02
-1.714993125513980185e-02	-1.714993125513980185e-02	-1.790676719263980393e-02
-1.788235313013980185e-02	-1.866360313013980254e-02	-1.863918906763980393e-02
-1.942043906763980463e-02	-1.942043906763980463e-02	-2.017727500513980324e-02
-2.017727500513980324e-02	-2.098293906763980254e-02	-2.098293906763980254e-02
-2.178860313013980532e-02	-2.181301719263980393e-02	-2.261868125513980324e-02
-2.264309531763980532e-02	-2.347317344263980324e-02	-2.349758750513980532e-02
-2.435207969263980532e-02	-2.432766563013980324e-02	-2.518215781763980671e-02
-2.520657188013980532e-02	-2.603665000513980671e-02	-2.606106406763980532e-02
-2.691555625513980532e-02	-2.691555625513980532e-02	-2.774563438013980671e-02
-2.779446250513980740e-02	-2.862454063013980532e-02	-2.867336875513980601e-02
-2.950344688013980740e-02	-2.955227500513980810e-02	-3.038235313013980601e-02
-3.040676719263980810e-02	-3.118801719263980532e-02	-3.121243125513980740e-02
-3.194485313013980393e-02	-3.196926719263980948e-02	-3.255520469263980393e-02
-3.253079063013980532e-02	-3.297024375513980810e-02	-3.279934531763980393e-02
-3.314114219263980532e-02	-3.267727500513980393e-02	-3.311672813013980671e-02
-3.216457969263980532e-02	-3.279934531763980393e-02	-3.138332969263980810e-02
-3.223782188013980810e-02	-3.035793906763980740e-02	-3.138332969263980810e-02
-2.921047813013980671e-02	-3.035793906763980740e-02	-2.789211875513980532e-02
-2.913723594263980740e-02	-2.652493125513980671e-02	-2.781887656763980601e-02
-2.508450156763980532e-02	-2.642727500513980532e-02	-2.359524375513980324e-02
-2.496243125513980532e-02	-2.210598594263980463e-02	-2.347317344263980324e-02
-2.059231406763980393e-02	-2.195950156763980254e-02	-1.910305625513980532e-02
-2.047024375513980393e-02	-1.768704063013980254e-02	-1.898098594263980532e-02
-1.631985313013980393e-02	-1.756497031763980254e-02	-1.505032188013980324e-02
-1.622219688013980254e-02	-1.387844688013980393e-02	-1.497707969263980393e-02
-1.282864219263980289e-02	-1.382961875513980324e-02	-1.190090781763980358e-02
-1.280422813013980254e-02	-1.109524375513980254e-02	-1.187649375513980324e-02
-1.038723594263980289e-02	-1.109524375513980254e-02	-9.776884380139802891e-03
-1.041165000513980324e-02	-9.264189067639802544e-03	-9.850126567639803932e-03
-8.751493755139802197e-03	-9.313017192639803238e-03	-8.287626567639802544e-03
-8.824735942639803238e-03	-7.848173442639803238e-03	-8.360868755139803585e-03
-7.408720317639803064e-03	-7.921415630139802544e-03	-6.993681255139803238e-03
-7.530790630139803064e-03	-6.603056255139802891e-03	-7.140165630139802717e-03
-6.261259380139803238e-03	-6.773954692639802717e-03	-5.943876567639803064e-03
-6.480985942639802891e-03	-5.699735942639803064e-03	-6.212431255139802544e-03
-5.480009380139802544e-03	-5.968290630139802544e-03	-5.260282817639802891e-03
-5.748564067639802891e-03	-5.064970317639802717e-03	-5.528837505139803238e-03
-4.845243755139803064e-03	-5.309110942639802717e-03	-4.576689067639802717e-03
-5.064970317639802717e-03	-4.308134380139802370e-03	-4.772001567639802891e-03
-3.966337505139802717e-03	-4.454618755139802717e-03	-3.624540630139802631e-03
-4.088407817639802717e-03	-3.258329692639802631e-03	-3.746610942639802631e-03
-2.916532817639802544e-03	-3.404814067639802544e-03	-2.599150005139802804e-03
-3.087431255139802804e-03	-1.777102821751644635e-01	-1.777102821751644635e-01
-1.752688759251644635e-01	-1.838137978001644635e-01	-1.813723915501644635e-01
-1.886966103001644635e-01	-1.862552040501644635e-01	-1.948001259251644635e-01
-1.923587196751644635e-01	-2.009036415501644635e-01	-1.984622353001644635e-01
-2.070071571751644635e-01	-2.045657509251644635e-01	-2.131106728001644635e-01
-2.094485634251644635e-01	-2.179934853001644635e-01	-2.155520790501644635e-01
-2.240970009251644635e-01	-2.216555946751644635e-01	-2.302005165501644635e-01
-2.277591103001644635e-01	-2.350833290501644635e-01	-2.326419228001644635e-01
-2.411868446751644635e-01	-2.387454384251644635e-01	-2.472903603001644635e-01
-2.448489540501644635e-01	-2.521731728001644912e-01	-2.509524696751644912e-01
-2.582766884251644912e-01	-2.558352821751644912e-01	-2.643802040501644912e-01
-2.619387978001644912e-01	-2.704837196751644912e-01	-2.680423134251644912e-01
-2.765872353001644912e-01	-2.741458290501644912e-01	-2.814700478001644912e-01
-2.790286415501644912e-01	-2.875735634251644912e-01	-2.851321571751644912e-01
-2.936770790501644912e-01	-2.912356728001644912e-01	-2.997805946751644912e-01
-2.961184853001644912e-01	-3.046634071751644912e-01	-3.022220009251644912e-01
-3.107669228001644912e-01	-3.083255165501644912e-01	-3.168704384251644357e-01
-3.144290321751644357e-01	-3.217532509251644357e-01	-3.193118446751644357e-01
-3.278567665501644357e-01	-3.254153603001644357e-01	-3.339602821751644357e-01
-3.315188759251644357e-01	-3.400637978001644357e-01	-3.376223915501644357e-01
-3.461673134251644357e-01	-3.437259071751644357e-01	-3.510501259251644357e-01
-3.486087196751644357e-01	-3.571536415501644357e-01	-3.547122353001644357e-01
-3.632571571751644357e-01	-3.608157509251644357e-01	-3.681399696751644357e-01
-3.669192665501644357e-01	-3.742434853001644357e-01	-3.718020790501644357e-01
-3.803470009251644357e-01	-3.779055946751644357e-01	-3.852298134251644357e-01
-3.840091103001644357e-01	-3.913333290501644357e-01	-3.888919228001644357e-01
-3.974368446751644357e-01	-3.949954384251644357e-01	-4.035403603001644357e-01
-4.010989540501644357e-01	-4.084231728001644357e-01	-4.072024696751644357e-01
-4.145266884251644357e-01	-4.120852821751644357e-01	-4.206302040501644357e-01
-4.181887978001644357e-01	-4.267337196751644357e-01	-4.242923134251644357e-01
-4.316165321751644357e-01	-4.303958290501644357e-01	-4.377200478001644357e-01
-4.352786415501644357e-01	-4.438235634251644357e-01	-4.413821571751644357e-01
-4.487063759251644357e-01	-4.474856728001644357e-01	-4.548098915501644357e-01
-4.523684853001644357e-01	-4.609134071751644357e-01	-4.584720009251644357e-01
-4.670169228001644357e-01	-4.645755165501644357e-01	-4.718997353001644357e-01
-4.694583290501644357e-01	-4.780032509251644357e-01	-4.755618446751644357e-01
-4.841067665501644357e-01	-4.816653603001644357e-01	-4.889895790501644357e-01
-4.877688759251644357e-01	-4.950930946751644357e-01	-4.926516884251644357e-01
-5.011966103001643802e-01	-4.987552040501644357e-01	-5.073001259251643802e-01
-5.048587196751643802e-01	-5.121829384251643802e-01	-5.097415321751643802e-01
-5.182864540501643802e-01	-5.158450478001643802e-01	-5.243899696751643802e-01
-5.219485634251643802e-01	-5.304934853001643802e-01	-5.280520790501643802e-01
-5.353762978001643802e-01	-5.329348915501643802e-01	-5.414798134251643802e-01
-5.390384071751643802e-01	-5.475833290501643802e-01	-5.451419228001643802e-01
-5.536868446751643802e-01	-5.512454384251643802e-01	-5.585696571751643802e-01
-5.561282509251643802e-01	-5.646731728001643802e-01	-5.622317665501643802e-01
-5.707766884251643802e-01	-5.683352821751643802e-01	-5.756595009251643802e-01
-5.732180946751643802e-01	-5.817630165501643802e-01	-5.793216103001643802e-01
-5.878665321751643802e-01	-5.854251259251643802e-01	-5.939700478001643802e-01
-5.903079384251643802e-01	-5.988528603001643802e-01	-5.964114540501643802e-01
-6.049563759251643802e-01	-6.025149696751643802e-01	-6.110598915501643802e-01
-6.086184853001643802e-01	-6.159427040501643802e-01	-6.135012978001643802e-01
-6.220462196751643802e-01	-6.196048134251643802e-01	-6.281497353001643802e-01
-6.257083290501643802e-01	-6.342532509251643802e-01	-6.318118446751643802e-01
-6.391360634251643802e-01	-6.366946571751643802e-01	-6.452395790501643802e-01
-6.427981728001643802e-01	-6.513430946751643802e-01	-6.489016884251643802e-01
-6.574466103001643802e-01	-6.550052040501643802e-01	-6.623294228001643802e-01
-6.598880165501643802e-01	-6.684329384251643802e-01	-6.659915321751643802e-01
-6.745364540501643802e-01	-6.720950478001643802e-01	-6.806399696751643802e-01
-6.781985634251643802e-01	-6.855227821751643802e-01	-6.830813759251643802e-01
-6.916262978001643802e-01	-6.891848915501643802e-01	-6.977298134251643802e-01
-6.952884071751643802e-01	-7.026126259251643802e-01	-7.013919228001643802e-01
-7.087161415501643802e-01	-7.062747353001643802e-01	-7.148196571751643802e-01
-7.123782509251643802e-01	-7.197024696751643802e-01	-7.184817665501643802e-01
-7.258059853001643802e-01	-7.233645790501643802e-01	-7.319095009251643802e-01
-7.294680946751643802e-01	-7.380130165501643802e-01	-7.355716103001643802e-01
-7.428958290501643802e-01	-7.404544228001643802e-01	-7.489993446751643802e-01
-7.465579384251643802e-01	-7.526614540501643802e-01	-7.416751259251643802e-01
-7.502200478001643802e-01	-7.355716103001643802e-01	-7.441165321751643802e-01
-7.294680946751643802e-01	-7.380130165501643802e-01	-7.245852821751643802e-01
-7.331302040501643802e-01	-7.184817665501643802e-01	-7.270266884251643802e-01
-7.135989540501643802e-01	-7.209231728001643802e-01	-7.074954384251643802e-01
-7.160403603001643802e-01	-7.013919228001643802e-01	-7.099368446751643802e-01
-6.965091103001643802e-01	-7.038333290501643802e-01	-6.904055946751643802e-01
-6.989505165501643802e-01	-6.843020790501643802e-01	-6.928470009251643802e-01
-6.794192665501643802e-01	-6.867434853001643802e-01	-6.733157509251643802e-01
-6.818606728001643802e-01	-6.672122353001643802e-01	-6.757571571751643802e-01
-6.623294228001643802e-01	-6.708743446751643802e-01	-6.562259071751643802e-01
-6.647708290501643802e-01	-6.501223915501643802e-01	-6.586673134251643802e-01
-6.452395790501643802e-01	-6.525637978001643802e-01	-6.391360634251643802e-01
-6.476809853001643802e-01	-6.342532509251643802e-01	-6.415774696751643802e-01
-6.281497353001643802e-01	-6.354739540501643802e-01	-6.220462196751643802e-01
-6.305911415501643802e-01	-6.159427040501643802e-01	-6.244876259251643802e-01
-6.110598915501643802e-01	-6.183841103001643802e-01	-6.049563759251643802e-01
-6.135012978001643802e-01	-6.000735634251643802e-01	-6.073977821751643802e-01
-5.939700478001643802e-01	-6.012942665501643802e-01	-5.878665321751643802e-01
-5.964114540501643802e-01	-5.817630165501643802e-01	-5.903079384251643802e-01
-5.768802040501643802e-01	-5.842044228001643802e-01	-5.707766884251643802e-01
-5.793216103001643802e-01	-5.646731728001643802e-01	-5.732180946751643802e-01
-5.597903603001643802e-01	-5.683352821751643802e-01	-5.536868446751643802e-01
-5.622317665501643802e-01	-5.488040321751643802e-01	-5.561282509251643802e-01
-5.427005165501643802e-01	-5.500247353001643802e-01	-5.365970009251643802e-01
-5.451419228001643802e-01	-5.317141884251643802e-01	-5.390384071751643802e-01
-5.256106728001643802e-01	-5.329348915501643802e-01	-5.195071571751643802e-01
-5.280520790501643802e-01	-5.134036415501643802e-01	-5.219485634251643802e-01
-5.085208290501643802e-01	-5.158450478001643802e-01	-5.024173134251643802e-01
-5.109622353001643802e-01	-4.963137978001644357e-01	-5.048587196751643802e-01
-4.914309853001644357e-01	-4.987552040501644357e-01	-4.853274696751644357e-01
-4.926516884251644357e-01	-4.792239540501644357e-01	-4.877688759251644357e-01
-4.743411415501644357e-01	-4.816653603001644357e-01	-4.682376259251644357e-01
-4.767825478001644357e-01	-4.621341103001644357e-01	-4.706790321751644357e-01
-4.560305946751644357e-01	-4.645755165501644357e-01	-4.511477821751644357e-01
-4.596927040501644357e-01	-4.450442665501644357e-01	-4.535891884251644357e-01
-4.401614540501644357e-01	-4.487063759251644357e-01	-4.340579384251644357e-01
-4.426028603001644357e-01	-4.279544228001644357e-01	-4.364993446751644357e-01
-4.230716103001644357e-01	-4.303958290501644357e-01	-4.169680946751644357e-01
-4.255130165501644357e-01	-4.108645790501644357e-01	-4.194095009251644357e-01
-4.047610634251644357e-01	-4.133059853001644357e-01	-3.986575478001644357e-01
-4.072024696751644357e-01	-3.937747353001644357e-01	-4.023196571751644357e-01
-3.876712196751644357e-01	-3.962161415501644357e-01	-3.827884071751644357e-01
-3.901126259251644357e-01	-3.766848915501644357e-01	-3.840091103001644357e-01
-3.705813759251644357e-01	-3.791262978001644357e-01	-3.656985634251644357e-01
-3.730227821751644357e-01	-3.595950478001644357e-01	-3.681399696751644357e-01
-3.534915321751644357e-01	-3.620364540501644357e-01	-3.486087196751644357e-01
-3.559329384251644357e-01	-3.425052040501644357e-01	-3.498294228001644357e-01
-3.364016884251644357e-01	-3.449466103001644357e-01	-3.302981728001644357e-01
-3.388430946751644357e-01	-3.241946571751644357e-01	-3.327395790501644357e-01
-3.193118446751644357e-01	-3.266360634251644357e-01	-3.132083290501644357e-01
-3.217532509251644357e-01	-3.071048134251644912e-01	-3.156497353001644357e-01
-3.010012978001644912e-01	-3.095462196751644912e-01	-2.961184853001644912e-01
-3.046634071751644912e-01	-2.900149696751644912e-01	-2.985598915501644912e-01
-2.851321571751644912e-01	-2.924563759251644912e-01	-2.790286415501644912e-01
-2.863528603001644912e-01	-2.729251259251644912e-01	-2.814700478001644912e-01
-2.668216103001644912e-01	-2.753665321751644912e-01	-2.607180946751644912e-01
-2.692630165501644912e-01	-2.558352821751644912e-01	-2.631595009251644912e-01
-2.497317665501644635e-01	-2.582766884251644912e-01	-2.436282509251644635e-01
-2.521731728001644912e-01	-2.387454384251644635e-01	-2.460696571751644635e-01
-2.326419228001644635e-01	-2.411868446751644635e-01	-2.265384071751644635e-01
-2.350833290501644635e-01	-2.216555946751644635e-01	-2.289798134251644635e-01
-2.155520790501644635e-01	-2.228762978001644635e-01	-2.094485634251644635e-01
-2.179934853001644635e-01	-2.033450478001644635e-01	-2.118899696751644635e-01
-1.984622353001644635e-01	-2.057864540501644635e-01	-1.923587196751644635e-01
-1.996829384251644635e-01	-1.862552040501644635e-01	-1.948001259251644635e-01
-1.801516884251644635e-01	-1.886966103001644635e-01	-1.752688759251644635e-01
-1.825930946751644635e-01	-1.691653603001644635e-01	-1.777102821751644635e-01
-1.630618446751644635e-01	-1.716067665501644635e-01	-1.569583290501644635e-01
-1.655032509251644635e-01	-1.520755165501644635e-01	-1.593997353001644635e-01
-1.459720009251644635e-01	-1.545169228001644635e-01	-1.398684853001644635e-01
-1.484134071751644635e-01	-1.349856728001644635e-01	-1.423098915501644635e-01
-1.288821571751644635e-01	-1.362063759251644635e-01	-1.227786415501644635e-01
-1.313235634251644635e-01	-1.166751259251644635e-01	-1.252200478001644635e-01
-1.117923134251644635e-01	-1.191165321751644635e-01	-1.056887978001644635e-01
-1.142337196751644635e-01	-9.958528217516446346e-02	-1.081302040501644635e-01
-9.348176655016446346e-02	-1.020266884251644635e-01	-8.859895405016446346e-02
-9.592317280016446346e-02	-8.249543842516446346e-02	-9.104036030016446346e-02
-7.639192280016446346e-02	-8.493684467516446346e-02	-7.028840717516446346e-02
-7.883332905016446346e-02	-6.540559467516446346e-02	-7.272981342516446346e-02
-5.930207905016447040e-02	-6.784700092516446346e-02	-5.319856342516447040e-02
-6.174348530016447040e-02	-4.709504780016447040e-02	-5.563996967516447040e-02
-4.221223530016447040e-02	-5.075715717516447040e-02	-3.610871967516447040e-02
-4.465364155016447040e-02	-3.000520405016447040e-02	-3.855012592516447040e-02
-2.512239155016447040e-02	-3.244661030016447040e-02	-1.901887592516447040e-02
-2.756379780016447040e-02	-1.291536030016447040e-02	-2.146028217516447040e-02
-8.032547800164470397e-03	-1.535676655016447040e-02	-1.929032175164470397e-03
-1.047395405016447040e-02	4.174483449835529603e-03	-4.370438425164470397e-03
1.027799907483552960e-02	1.733077199835529603e-03	1.516081157483552960e-02
7.836592824835529603e-03	2.126432719983552960e-02	1.271940532483552960e-02
2.736784282483552960e-02	1.882292094983552960e-02	3.347135844983552960e-02
2.492643657483552960e-02	3.835417094983552960e-02	2.980924907483552960e-02
4.445768657483552960e-02	3.591276469983552960e-02	5.056120219983552960e-02
4.201628032483552960e-02	5.666471782483552960e-02	4.811979594983552960e-02
6.154753032483552960e-02	5.422331157483552960e-02	6.765104594983553654e-02
5.910612407483552960e-02	7.375456157483553654e-02	6.520963969983553654e-02
7.985807719983553654e-02	7.131315532483553654e-02	8.474088969983553654e-02
7.741667094983553654e-02	9.084440532483553654e-02	8.229948344983553654e-02
9.694792094983553654e-02	8.840299907483553654e-02	1.018307334498355365e-01
9.450651469983553654e-02	1.079342490748355365e-01	9.938932719983553654e-02
1.140377646998355365e-01	1.054928428248355365e-01	1.201412803248355365e-01
1.115963584498355365e-01	1.250240928248355365e-01	1.176998740748355365e-01
1.299069053248355365e-01	1.225826865748355365e-01	1.360104209498355365e-01
1.274654990748355365e-01	1.408932334498355365e-01	1.335690146998355365e-01
1.469967490748355365e-01	1.384518271998355365e-01	1.531002646998355365e-01
1.445553428248355365e-01	1.592037803248355365e-01	1.494381553248355365e-01
1.640865928248355365e-01	1.555416709498355365e-01	1.701901084498355365e-01
1.616451865748355365e-01	1.750729209498355365e-01	1.677487021998355365e-01
1.811764365748355365e-01	1.726315146998355365e-01	1.872799521998355365e-01
1.787350303248355365e-01	1.933834678248355365e-01	1.848385459498355365e-01
1.982662803248355365e-01	1.909420615748355365e-01	2.043697959498355365e-01
1.958248740748355365e-01	2.104733115748355365e-01	2.019283896998355365e-01
2.165768271998355365e-01	2.080319053248355365e-01	2.214596396998355365e-01
2.141354209498355365e-01	2.275631553248355365e-01	2.190182334498355365e-01
2.336666709498355365e-01	2.251217490748355365e-01	2.397701865748355365e-01
2.312252646998355365e-01	2.458737021998355365e-01	2.373287803248355365e-01
2.507565146998355088e-01	2.434322959498355365e-01	2.568600303248355088e-01
2.483151084498355365e-01	2.629635459498355088e-01	2.544186240748355088e-01
2.678463584498355088e-01	2.605221396998355088e-01	2.739498740748355088e-01
2.654049521998355088e-01	2.800533896998355088e-01	2.715084678248355088e-01
2.861569053248355088e-01	2.776119834498355088e-01	2.910397178248355088e-01
2.837154990748355088e-01	2.971432334498355088e-01	2.898190146998355088e-01
3.032467490748355088e-01	2.947018271998355088e-01	3.093502646998355088e-01
3.008053428248355088e-01	3.142330771998355643e-01	3.069088584498355088e-01
3.203365928248355643e-01	3.117916709498355088e-01	3.264401084498355643e-01
3.178951865748355643e-01	3.325436240748355643e-01	3.239987021998355643e-01
3.374264365748355643e-01	3.288815146998355643e-01	3.435299521998355643e-01
3.349850303248355643e-01	3.496334678248355643e-01	3.410885459498355643e-01
3.545162803248355643e-01	3.471920615748355643e-01	3.606197959498355643e-01
3.532955771998355643e-01	3.667233115748355643e-01	3.581783896998355643e-01
3.728268271998355643e-01	3.642819053248355643e-01	3.777096396998355643e-01
3.703854209498355643e-01	3.838131553248355643e-01	3.764889365748355643e-01
3.899166709498355643e-01	3.813717490748355643e-01	3.960201865748355643e-01
3.874752646998355643e-01	4.009029990748355643e-01	3.935787803248355643e-01
4.070065146998355643e-01	3.984615928248355643e-01	4.131100303248355643e-01
4.045651084498355643e-01	4.192135459498355643e-01	4.106686240748355643e-01
4.240963584498355643e-01	4.155514365748355643e-01	4.301998740748355643e-01
4.216549521998355643e-01	4.363033896998355643e-01	4.277584678248355643e-01
4.411862021998355643e-01	4.338619834498355643e-01	4.472897178248355643e-01
4.399654990748355643e-01	4.533932334498355643e-01	4.448483115748355643e-01
4.594967490748355643e-01	4.509518271998355643e-01	4.643795615748355643e-01
4.570553428248355643e-01	4.704830771998355643e-01	4.619381553248355643e-01
4.765865928248355643e-01	4.680416709498355643e-01	4.826901084498355643e-01
4.741451865748355643e-01	4.875729209498355643e-01	4.802487021998355643e-01
4.936764365748355643e-01	4.851315146998355643e-01	4.997799521998355643e-01
4.912350303248355643e-01	5.046627646998356198e-01	4.973385459498355643e-01
5.107662803248356198e-01	5.022213584498356198e-01	5.168697959498356198e-01
5.083248740748356198e-01	5.229733115748356198e-01	5.144283896998356198e-01
5.278561240748356198e-01	5.193112021998356198e-01	5.339596396998356198e-01
5.254147178248356198e-01	5.400631553248356198e-01	5.315182334498356198e-01
5.461666709498356198e-01	5.376217490748356198e-01	5.510494834498356198e-01
5.437252646998356198e-01	5.571529990748356198e-01	5.486080771998356198e-01
5.632565146998356198e-01	5.547115928248356198e-01	5.681393271998356198e-01
5.608151084498356198e-01	5.742428428248356198e-01	5.656979209498356198e-01
5.803463584498356198e-01	5.718014365748356198e-01	5.852291709498356198e-01
5.779049521998356198e-01	5.913326865748356198e-01	5.840084678248356198e-01
5.974362021998356198e-01	5.901119834498356198e-01	6.035397178248356198e-01
5.949947959498356198e-01	6.096432334498356198e-01	6.010983115748356198e-01
6.145260459498356198e-01	6.072018271998356198e-01	6.206295615748356198e-01
6.120846396998356198e-01	6.267330771998356198e-01	6.181881553248356198e-01
6.328365928248356198e-01	6.242916709498356198e-01	6.377194053248356198e-01
6.291744834498356198e-01	6.438229209498356198e-01	6.352779990748356198e-01
6.499264365748356198e-01	6.413815146998356198e-01	6.548092490748356198e-01
6.474850303248356198e-01	6.609127646998356198e-01	6.523678428248356198e-01
6.670162803248356198e-01	6.584713584498356198e-01	6.718990928248356198e-01
6.645748740748356198e-01	6.780026084498356198e-01	6.706783896998356198e-01
6.841061240748356198e-01	6.755612021998356198e-01	6.902096396998356198e-01
6.816647178248356198e-01	6.950924521998356198e-01	6.877682334498356198e-01
7.011959678248356198e-01	6.926510459498356198e-01	7.072994834498356198e-01
6.987545615748356198e-01	7.121822959498356198e-01	7.048580771998356198e-01
7.182858115748356198e-01	7.097408896998356198e-01	7.243893271998356198e-01
7.158444053248356198e-01	7.304928428248356198e-01	7.219479209498356198e-01
7.353756553248356198e-01	7.280514365748356198e-01	7.414791709498356198e-01
7.329342490748356198e-01	7.475826865748356198e-01	7.390377646998356198e-01
7.524654990748356198e-01	7.451412803248356198e-01	7.585690146998356198e-01
7.500240928248356198e-01	7.646725303248356198e-01	7.561276084498356198e-01
7.707760459498356198e-01	7.622311240748356198e-01	7.756588584498356198e-01
7.683346396998356198e-01	7.817623740748356198e-01	7.732174521998356198e-01
7.878658896998356198e-01	7.793209678248356198e-01	7.927487021998356198e-01
7.854244834498356198e-01	7.988522178248356198e-01	7.903072959498356198e-01
8.049557334498356198e-01	7.964108115748356198e-01	8.110592490748356198e-01
8.025143271998356198e-01	8.159420615748356198e-01	8.086178428248356198e-01
8.220455771998356198e-01	8.135006553248356198e-01	8.281490928248356198e-01
8.196041709498356198e-01	8.342526084498356198e-01	8.257076865748356198e-01
8.391354209498356198e-01	8.318112021998356198e-01	8.452389365748356198e-01
8.366940146998356198e-01	8.513424521998356198e-01	8.427975303248356198e-01
8.574459678248356198e-01	8.489010459498356198e-01	8.623287803248356198e-01
8.550045615748356198e-01	8.684322959498356198e-01	8.598873740748356198e-01
8.745358115748356198e-01	8.659908896998356198e-01	8.794186240748356198e-01
8.720944053248356198e-01	8.855221396998356198e-01	8.769772178248356198e-01
8.916256553248356198e-01	8.830807334498356198e-01	8.965084678248356198e-01
8.891842490748356198e-01	9.026119834498356198e-01	8.940670615748356198e-01
9.087154990748356198e-01	9.001705771998356198e-01	9.148190146998356198e-01
9.062740928248356198e-01	9.197018271998356198e-01	9.123776084498356198e-01
9.258053428248356198e-01	9.172604209498356198e-01	9.319088584498356198e-01
9.233639365748356198e-01	9.380123740748356198e-01	9.294674521998356198e-01
9.428951865748356198e-01	9.355709678248356198e-01	9.489987021998356198e-01
9.404537803248356198e-01	9.551022178248356198e-01	9.465572959498356198e-01
9.599850303248356198e-01	9.526608115748356198e-01	9.660885459498356198e-01
9.575436240748356198e-01	9.721920615748356198e-01	9.636471396998356198e-01
9.782955771998356198e-01	9.697506553248356198e-01	9.831783896998356198e-01
9.758541709498356198e-01	9.892819053248356198e-01	9.807369834498356198e-01
9.953854209498356198e-01	9.868404990748356198e-01	1.000268233449835620e+00
9.929440146998356198e-01	1.003930342824835620e+00	9.966061240748356198e-01
1.000268233449835620e+00	9.917233115748356198e-01	9.941647178248356198e-01
9.856197959498356198e-01	9.892819053248356198e-01	9.807369834498356198e-01
9.831783896998356198e-01	9.746334678248356198e-01	9.770748740748356198e-01
9.697506553248356198e-01	9.709713584498356198e-01	9.636471396998356198e-01
9.660885459498356198e-01	9.575436240748356198e-01	9.599850303248356198e-01
9.526608115748356198e-01	9.551022178248356198e-01	9.465572959498356198e-01
9.489987021998356198e-01	9.416744834498356198e-01	9.441158896998356198e-01
9.355709678248356198e-01	9.380123740748356198e-01	9.294674521998356198e-01
9.319088584498356198e-01	9.233639365748356198e-01	9.258053428248356198e-01
9.184811240748356198e-01	9.209225303248356198e-01	9.123776084498356198e-01
9.148190146998356198e-01	9.062740928248356198e-01	9.087154990748356198e-01
9.013912803248356198e-01	9.038326865748356198e-01	8.952877646998356198e-01
8.977291709498356198e-01	8.891842490748356198e-01	8.916256553248356198e-01
8.843014365748356198e-01	8.867428428248356198e-01	8.781979209498356198e-01
8.806393271998356198e-01	8.720944053248356198e-01	8.745358115748356198e-01
8.672115928248356198e-01	8.696529990748356198e-01	8.611080771998356198e-01
8.635494834498356198e-01	8.562252646998356198e-01	8.574459678248356198e-01
8.501217490748356198e-01	8.525631553248356198e-01	8.440182334498356198e-01
8.464596396998356198e-01	8.379147178248356198e-01	8.415768271998356198e-01
8.330319053248356198e-01	8.354733115748356198e-01	8.269283896998356198e-01
8.293697959498356198e-01	8.208248740748356198e-01	8.244869834498356198e-01
8.159420615748356198e-01	8.183834678248356198e-01	8.098385459498356198e-01
8.122799521998356198e-01	8.037350303248356198e-01	8.073971396998356198e-01
7.988522178248356198e-01	8.012936240748356198e-01	7.927487021998356198e-01
7.951901084498356198e-01	7.866451865748356198e-01	7.890865928248356198e-01
7.817623740748356198e-01	7.842037803248356198e-01	7.756588584498356198e-01
7.781002646998356198e-01	7.707760459498356198e-01	7.719967490748356198e-01
7.646725303248356198e-01	7.671139365748356198e-01	7.585690146998356198e-01
7.610104209498356198e-01	7.524654990748356198e-01	7.549069053248356198e-01
7.475826865748356198e-01	7.500240928248356198e-01	7.414791709498356198e-01
7.439205771998356198e-01	7.353756553248356198e-01	7.378170615748356198e-01
7.304928428248356198e-01	7.329342490748356198e-01	7.243893271998356198e-01
7.268307334498356198e-01	7.182858115748356198e-01	7.207272178248356198e-01
7.134029990748356198e-01	7.158444053248356198e-01	7.072994834498356198e-01
7.097408896998356198e-01	7.011959678248356198e-01	7.036373740748356198e-01
6.963131553248356198e-01	6.987545615748356198e-01	6.902096396998356198e-01
6.926510459498356198e-01	6.841061240748356198e-01	6.865475303248356198e-01
6.792233115748356198e-01	6.816647178248356198e-01	6.731197959498356198e-01
6.755612021998356198e-01	6.670162803248356198e-01	6.694576865748356198e-01
6.621334678248356198e-01	6.645748740748356198e-01	6.560299521998356198e-01
6.584713584498356198e-01	6.499264365748356198e-01	6.523678428248356198e-01
6.450436240748356198e-01	6.474850303248356198e-01	6.389401084498356198e-01
6.413815146998356198e-01	6.328365928248356198e-01	6.352779990748356198e-01
6.267330771998356198e-01	6.303951865748356198e-01	6.218502646998356198e-01
6.242916709498356198e-01	6.157467490748356198e-01	6.181881553248356198e-01
6.108639365748356198e-01	6.133053428248356198e-01	6.047604209498356198e-01
6.072018271998356198e-01	5.986569053248356198e-01	6.010983115748356198e-01
5.925533896998356198e-01	5.949947959498356198e-01	5.876705771998356198e-01
5.888912803248356198e-01	5.815670615748356198e-01	5.840084678248356198e-01
5.754635459498356198e-01	5.779049521998356198e-01	5.693600303248356198e-01
5.718014365748356198e-01	5.644772178248356198e-01	5.669186240748356198e-01
5.583737021998356198e-01	5.608151084498356198e-01	5.522701865748356198e-01
5.547115928248356198e-01	5.473873740748356198e-01	5.486080771998356198e-01
5.412838584498356198e-01	5.437252646998356198e-01	5.351803428248356198e-01
5.376217490748356198e-01	5.290768271998356198e-01	5.327389365748356198e-01
5.241940146998356198e-01	5.266354209498356198e-01	5.180904990748356198e-01
5.205319053248356198e-01	5.119869834498356198e-01	5.144283896998356198e-01
5.071041709498356198e-01	5.083248740748356198e-01	5.010006553248356198e-01
5.034420615748356198e-01	4.948971396998355643e-01	4.973385459498355643e-01
4.900143271998355643e-01	4.912350303248355643e-01	4.839108115748355643e-01
4.863522178248355643e-01	4.778072959498355643e-01	4.802487021998355643e-01
4.729244834498355643e-01	4.741451865748355643e-01	4.668209678248355643e-01
4.692623740748355643e-01	4.607174521998355643e-01	4.631588584498355643e-01
4.546139365748355643e-01	4.570553428248355643e-01	4.497311240748355643e-01
4.521725303248355643e-01	4.436276084498355643e-01	4.448483115748355643e-01
4.375240928248355643e-01	4.399654990748355643e-01	4.314205771998355643e-01
4.338619834498355643e-01	4.265377646998355643e-01	4.289791709498355643e-01
4.204342490748355643e-01	4.228756553248355643e-01	4.143307334498355643e-01
4.167721396998355643e-01	4.094479209498355643e-01	4.106686240748355643e-01
4.033444053248355643e-01	4.057858115748355643e-01	3.972408896998355643e-01
3.996822959498355643e-01	3.911373740748355643e-01	3.935787803248355643e-01
3.862545615748355643e-01	3.874752646998355643e-01	3.801510459498355643e-01
3.825924521998355643e-01	3.740475303248355643e-01	3.764889365748355643e-01
3.679440146998355643e-01	3.703854209498355643e-01	3.630612021998355643e-01
3.642819053248355643e-01	3.569576865748355643e-01	3.593990928248355643e-01
3.508541709498355643e-01	3.532955771998355643e-01	3.459713584498355643e-01
3.471920615748355643e-01	3.398678428248355643e-01	3.423092490748355643e-01
3.337643271998355643e-01	3.362057334498355643e-01	3.276608115748355643e-01
3.301022178248355643e-01	3.227779990748355643e-01	3.239987021998355643e-01
3.166744834498355643e-01	3.191158896998355643e-01	3.105709678248355088e-01
3.130123740748355643e-01	3.044674521998355088e-01	3.069088584498355088e-01
2.995846396998355088e-01	3.020260459498355088e-01	2.934811240748355088e-01
2.959225303248355088e-01	2.873776084498355088e-01	2.898190146998355088e-01
2.812740928248355088e-01	2.837154990748355088e-01	2.763912803248355088e-01
2.788326865748355088e-01	2.702877646998355088e-01	2.727291709498355088e-01
2.641842490748355088e-01	2.666256553248355088e-01	2.580807334498355088e-01
2.605221396998355088e-01	2.531979209498355088e-01	2.556393271998355088e-01
2.470944053248355365e-01	2.495358115748355365e-01	2.409908896998355365e-01
2.434322959498355365e-01	2.348873740748355365e-01	2.373287803248355365e-01
2.300045615748355365e-01	2.324459678248355365e-01	2.239010459498355365e-01
2.263424521998355365e-01	2.177975303248355365e-01	2.202389365748355365e-01
2.116940146998355365e-01	2.141354209498355365e-01	2.068112021998355365e-01
2.092526084498355365e-01	2.007076865748355365e-01	2.031490928248355365e-01
1.946041709498355365e-01	1.970455771998355365e-01	1.897213584498355365e-01
1.921627646998355365e-01	1.836178428248355365e-01	1.860592490748355365e-01
1.775143271998355365e-01	1.799557334498355365e-01	1.726315146998355365e-01
1.738522178248355365e-01	1.665279990748355365e-01	1.689694053248355365e-01
1.604244834498355365e-01	1.628658896998355365e-01	1.543209678248355365e-01
1.567623740748355365e-01	1.494381553248355365e-01	1.506588584498355365e-01
1.433346396998355365e-01	1.457760459498355365e-01	1.372311240748355365e-01
1.396725303248355365e-01	1.311276084498355365e-01	1.335690146998355365e-01
1.262447959498355365e-01	1.286862021998355365e-01	1.213619834498355365e-01
1.238033896998355365e-01	1.152584678248355365e-01	1.176998740748355365e-01
1.091549521998355365e-01	1.115963584498355365e-01	1.042721396998355365e-01
1.067135459498355365e-01	9.816862407483553654e-02	1.006100303248355365e-01
9.206510844983553654e-02	9.450651469983553654e-02	8.718229594983553654e-02
8.962370219983553654e-02	8.107878032483553654e-02	8.352018657483553654e-02
7.497526469983553654e-02	7.741667094983553654e-02	6.887174907483553654e-02
7.131315532483553654e-02	6.398893657483553654e-02	6.643034282483553654e-02
5.788542094983552960e-02	6.032682719983552960e-02	5.178190532483552960e-02
5.422331157483552960e-02	4.567838969983552960e-02	4.811979594983552960e-02
4.079557719983552960e-02	4.323698344983552960e-02	3.469206157483552960e-02
3.713346782483552960e-02	2.858854594983552960e-02	3.102995219983552960e-02
2.248503032483552960e-02	2.492643657483552960e-02	1.760221782483552960e-02
2.004362407483552960e-02	1.149870219983552960e-02	1.394010844983552960e-02
5.395186574835529603e-03	7.836592824835529603e-03	5.123740748355296026e-04
2.953780324835529603e-03	-5.591141550164470397e-03	-3.149735300164470397e-03
-1.169465717516447040e-02	-9.253250925164470397e-03	-1.779817280016447040e-02
-1.535676655016447040e-02	-2.268098530016447040e-02	-2.023957905016447040e-02
-2.878450092516447040e-02	-2.634309467516447040e-02	-3.488801655016447040e-02
-3.244661030016447040e-02	-3.977082905016447040e-02	-3.732942280016447040e-02
-4.587434467516447040e-02	-4.343293842516447040e-02	-5.197786030016447040e-02
-4.953645405016447040e-02	-5.808137592516447040e-02	-5.563996967516447040e-02
-6.296418842516446346e-02	-6.052278217516447040e-02	-6.906770405016446346e-02
-6.662629780016446346e-02	-7.517121967516446346e-02	-7.272981342516446346e-02
-8.005403217516446346e-02	-7.761262592516446346e-02	-8.615754780016446346e-02
-8.371614155016446346e-02	-9.226106342516446346e-02	-8.981965717516446346e-02
-9.836457905016446346e-02	-9.592317280016446346e-02	-1.032473915501644635e-01
-1.020266884251644635e-01	-1.093509071751644635e-01	-1.069095009251644635e-01
-1.154544228001644635e-01	-1.130130165501644635e-01	-1.215579384251644635e-01
-1.191165321751644635e-01	-1.264407509251644635e-01	-1.252200478001644635e-01
-1.325442665501644635e-01	-1.301028603001644635e-01	-1.386477821751644635e-01
-1.362063759251644635e-01	-1.447512978001644635e-01	-1.423098915501644635e-01
-1.508548134251644635e-01	-1.471927040501644635e-01	-1.557376259251644635e-01
-1.532962196751644635e-01	-1.618411415501644635e-01	-1.593997353001644635e-01
-1.679446571751644635e-01	-1.655032509251644635e-01	-1.728274696751644635e-01
-1.716067665501644635e-01	-1.789309853001644635e-01	-1.764895790501644635e-01
-1.850345009251644635e-01	-1.825930946751644635e-01	-1.911380165501644635e-01
-1.886966103001644635e-01	-1.972415321751644635e-01	-1.935794228001644635e-01
-2.021243446751644635e-01	-1.996829384251644635e-01	-2.082278603001644635e-01
-2.057864540501644635e-01	-2.143313759251644635e-01	-2.118899696751644635e-01
-2.192141884251644635e-01	-2.179934853001644635e-01	-2.253177040501644635e-01
-2.228762978001644635e-01	-2.314212196751644635e-01	-2.289798134251644635e-01
-2.375247353001644635e-01	-2.350833290501644635e-01	-2.424075478001644635e-01
-2.399661415501644635e-01	-2.485110634251644635e-01	-2.460696571751644635e-01
-2.546145790501644912e-01	-2.521731728001644912e-01	-2.594973915501644912e-01
-2.570559853001644912e-01	-2.656009071751644912e-01	-2.631595009251644912e-01
-2.717044228001644912e-01	-2.692630165501644912e-01	-2.778079384251644912e-01
-2.753665321751644912e-01	-2.826907509251644912e-01	-2.802493446751644912e-01
-2.887942665501644912e-01	-2.863528603001644912e-01	-2.948977821751644912e-01
-2.924563759251644912e-01	-3.010012978001644912e-01	-2.985598915501644912e-01
-3.058841103001644912e-01	-3.046634071751644912e-01	-3.119876259251644912e-01
-3.095462196751644912e-01	-3.180911415501644357e-01	-3.156497353001644357e-01
-3.241946571751644357e-01	-3.217532509251644357e-01	-3.302981728001644357e-01
-3.278567665501644357e-01	-3.351809853001644357e-01	-3.327395790501644357e-01
-3.412845009251644357e-01	-3.388430946751644357e-01	-3.461673134251644357e-01
-3.449466103001644357e-01	-3.522708290501644357e-01	-3.510501259251644357e-01
-3.583743446751644357e-01	-3.559329384251644357e-01	-3.644778603001644357e-01
-3.620364540501644357e-01	-3.705813759251644357e-01	-3.669192665501644357e-01
-3.754641884251644357e-01	-3.730227821751644357e-01	-3.815677040501644357e-01
-3.791262978001644357e-01	-3.876712196751644357e-01	-3.852298134251644357e-01
-3.925540321751644357e-01	-3.913333290501644357e-01	-3.986575478001644357e-01
-3.962161415501644357e-01	-4.047610634251644357e-01	-4.023196571751644357e-01
-4.108645790501644357e-01	-4.084231728001644357e-01	-4.169680946751644357e-01
-4.145266884251644357e-01	-4.218509071751644357e-01	-4.194095009251644357e-01
-4.279544228001644357e-01	-4.255130165501644357e-01	-4.340579384251644357e-01
-4.316165321751644357e-01	-4.389407509251644357e-01	-4.364993446751644357e-01
-4.450442665501644357e-01	-4.426028603001644357e-01	-4.511477821751644357e-01
-4.487063759251644357e-01	-4.560305946751644357e-01	-4.548098915501644357e-01
-4.621341103001644357e-01	-4.596927040501644357e-01	-4.682376259251644357e-01
-4.657962196751644357e-01	-4.743411415501644357e-01	-4.718997353001644357e-01
-4.792239540501644357e-01	-4.767825478001644357e-01	-4.853274696751644357e-01
-4.828860634251644357e-01	-4.914309853001644357e-01	-4.889895790501644357e-01
-4.963137978001644357e-01	-4.938723915501644357e-01	-5.024173134251643802e-01
-4.999759071751644357e-01	-5.085208290501643802e-01	-5.060794228001643802e-01
-5.146243446751643802e-01	-5.121829384251643802e-01	-5.195071571751643802e-01
-5.182864540501643802e-01	-5.256106728001643802e-01	-5.231692665501643802e-01
-5.317141884251643802e-01	-5.292727821751643802e-01	-5.365970009251643802e-01
-5.353762978001643802e-01	-5.427005165501643802e-01	-5.402591103001643802e-01
-5.488040321751643802e-01	-5.463626259251643802e-01	-5.549075478001643802e-01
-5.524661415501643802e-01	-5.610110634251643802e-01	-5.573489540501643802e-01
-5.658938759251643802e-01	-5.646731728001643802e-01	-5.719973915501643802e-01
-5.695559853001643802e-01	-5.781009071751643802e-01	-5.756595009251643802e-01
-5.829837196751643802e-01	-5.805423134251643802e-01	-5.890872353001643802e-01
-5.866458290501643802e-01	-5.951907509251643802e-01	-5.927493446751643802e-01
-6.012942665501643802e-01	-5.976321571751643802e-01	-6.061770790501643802e-01
-6.037356728001643802e-01	-6.122805946751643802e-01	-6.098391884251643802e-01
-6.183841103001643802e-01	-6.159427040501643802e-01	-6.232669228001643802e-01
-6.208255165501643802e-01	-6.293704384251643802e-01	-6.269290321751643802e-01
-6.354739540501643802e-01	-6.330325478001643802e-01	-6.415774696751643802e-01
-6.391360634251643802e-01	-6.464602821751643802e-01	-6.440188759251643802e-01
-6.525637978001643802e-01	-6.501223915501643802e-01	-6.586673134251643802e-01
-6.562259071751643802e-01	-6.635501259251643802e-01	-6.623294228001643802e-01
-6.696536415501643802e-01	-6.672122353001643802e-01	-6.757571571751643802e-01
-6.733157509251643802e-01	-6.818606728001643802e-01	-6.794192665501643802e-01
-6.879641884251643802e-01	-6.843020790501643802e-01	-6.928470009251643802e-01
-6.904055946751643802e-01	-6.989505165501643802e-01	-6.965091103001643802e-01
-7.050540321751643802e-01	-7.026126259251643802e-01	-7.099368446751643802e-01
-7.074954384251643802e-01	-7.160403603001643802e-01	-7.135989540501643802e-01
-7.221438759251643802e-01	-7.197024696751643802e-01	-7.270266884251643802e-01
-7.245852821751643802e-01	-7.331302040501643802e-01	-7.306887978001643802e-01
-7.392337196751643802e-01	-7.367923134251643802e-01	-7.453372353001643802e-01
-7.428958290501643802e-01	-7.502200478001643802e-01	-7.453372353001643802e-01
-7.526614540501643802e-01	-7.404544228001643802e-01	-7.489993446751643802e-01
-7.343509071751643802e-01	-7.428958290501643802e-01	-7.282473915501643802e-01
-7.367923134251643802e-01	-7.233645790501643802e-01	-7.306887978001643802e-01
-7.172610634251643802e-01	-7.258059853001643802e-01	-7.111575478001643802e-01
-7.197024696751643802e-01	-7.062747353001643802e-01	-7.148196571751643802e-01
-7.001712196751643802e-01	-7.087161415501643802e-01	-6.940677040501643802e-01
-7.026126259251643802e-01	-6.891848915501643802e-01	-6.977298134251643802e-01
-6.830813759251643802e-01	-6.916262978001643802e-01	-6.781985634251643802e-01
-6.855227821751643802e-01	-6.720950478001643802e-01	-6.806399696751643802e-01
-6.659915321751643802e-01	-6.745364540501643802e-01	-6.611087196751643802e-01
-6.696536415501643802e-01	-6.550052040501643802e-01	-6.635501259251643802e-01
-6.489016884251643802e-01	-6.574466103001643802e-01	-6.440188759251643802e-01
-6.513430946751643802e-01	-6.379153603001643802e-01	-6.464602821751643802e-01
-6.318118446751643802e-01	-6.403567665501643802e-01	-6.269290321751643802e-01
-6.342532509251643802e-01	-6.208255165501643802e-01	-6.293704384251643802e-01
-6.147220009251643802e-01	-6.232669228001643802e-01	-6.086184853001643802e-01
-6.171634071751643802e-01	-6.037356728001643802e-01	-6.122805946751643802e-01
-5.976321571751643802e-01	-6.061770790501643802e-01	-5.915286415501643802e-01
-6.000735634251643802e-01	-5.866458290501643802e-01	-5.939700478001643802e-01
-5.805423134251643802e-01	-5.890872353001643802e-01	-5.756595009251643802e-01
-5.829837196751643802e-01	-5.695559853001643802e-01	-5.781009071751643802e-01
-5.634524696751643802e-01	-5.719973915501643802e-01	-5.585696571751643802e-01
-5.658938759251643802e-01	-5.524661415501643802e-01	-5.610110634251643802e-01
-5.463626259251643802e-01	-5.549075478001643802e-01	-5.414798134251643802e-01
-5.488040321751643802e-01	-5.353762978001643802e-01	-5.439212196751643802e-01
-5.292727821751643802e-01	-5.378177040501643802e-01	-5.243899696751643802e-01
-5.317141884251643802e-01	-5.182864540501643802e-01	-5.268313759251643802e-01
-5.121829384251643802e-01	-5.207278603001643802e-01	-5.073001259251643802e-01
-5.146243446751643802e-01	-5.011966103001643802e-01	-5.085208290501643802e-01
-4.950930946751644357e-01	-5.036380165501643802e-01	-4.902102821751644357e-01
-4.975345009251644357e-01	-4.841067665501644357e-01	-4.914309853001644357e-01
-4.780032509251644357e-01	-4.853274696751644357e-01	-4.731204384251644357e-01
-4.804446571751644357e-01	-4.670169228001644357e-01	-4.743411415501644357e-01
0.000000000000000000e+00	2.000000000000000164e-05	4.000000000000000327e-05
6.000000000000000152e-05	8.000000000000000654e-05	1.000000000000000048e-04
1.200000000000000030e-04	1.399999999999999877e-04	1.600000000000000131e-04
1.800000000000000113e-04	2.000000000000000096e-04	2.200000000000000078e-04
2.400000000000000061e-04	2.599999999999999772e-04	2.799999999999999755e-04
2.999999999999999737e-04	3.200000000000000262e-04	3.400000000000000244e-04
3.600000000000000227e-04	3.800000000000000209e-04	4.000000000000000192e-04
4.200000000000000174e-04	4.400000000000000157e-04	4.600000000000000139e-04
4.800000000000000122e-04	5.000000000000000104e-04	5.199999999999999544e-04
5.400000000000000069e-04	5.599999999999999509e-04	5.800000000000000034e-04
5.999999999999999474e-04	6.199999999999999999e-04	6.400000000000000524e-04
6.599999999999999964e-04	6.800000000000000488e-04	6.999999999999999929e-04
7.200000000000000453e-04	7.399999999999999894e-04	7.600000000000000418e-04
7.799999999999999859e-04	8.000000000000000383e-04	8.199999999999999824e-04
8.400000000000000348e-04	8.599999999999999789e-04	8.800000000000000313e-04
8.999999999999999754e-04	9.200000000000000278e-04	9.399999999999999719e-04
9.600000000000000243e-04	9.799999999999999684e-04	1.000000000000000021e-03
1.020000000000000073e-03	1.039999999999999909e-03	1.059999999999999961e-03
1.080000000000000014e-03	1.100000000000000066e-03	1.119999999999999902e-03
1.139999999999999954e-03	1.160000000000000007e-03	1.180000000000000059e-03
1.199999999999999895e-03	1.219999999999999947e-03	1.240000000000000000e-03
1.260000000000000052e-03	1.280000000000000105e-03	1.299999999999999940e-03
1.319999999999999993e-03	1.340000000000000045e-03	1.360000000000000098e-03
1.379999999999999933e-03	1.399999999999999986e-03	1.420000000000000038e-03
1.440000000000000091e-03	1.459999999999999926e-03	1.479999999999999979e-03
1.500000000000000031e-03	1.520000000000000084e-03	1.539999999999999919e-03
1.559999999999999972e-03	1.580000000000000024e-03	1.600000000000000077e-03
1.619999999999999912e-03	1.639999999999999965e-03	1.660000000000000017e-03
1.680000000000000070e-03	1.699999999999999905e-03	1.719999999999999958e-03
1.740000000000000010e-03	1.760000000000000063e-03	1.779999999999999898e-03
1.799999999999999951e-03	1.820000000000000003e-03	1.840000000000000056e-03
1.860000000000000108e-03	1.879999999999999944e-03	1.899999999999999996e-03
1.920000000000000049e-03	1.940000000000000101e-03	1.959999999999999937e-03
1.979999999999999989e-03	2.000000000000000042e-03	2.020000000000000094e-03
2.040000000000000147e-03	2.060000000000000199e-03	2.079999999999999818e-03
2.099999999999999870e-03	2.119999999999999923e-03	2.139999999999999975e-03
2.160000000000000028e-03	2.180000000000000080e-03	2.200000000000000133e-03
2.220000000000000185e-03	2.239999999999999804e-03	2.259999999999999856e-03
2.279999999999999909e-03	2.299999999999999961e-03	2.320000000000000014e-03
2.340000000000000066e-03	2.360000000000000119e-03	2.380000000000000171e-03
2.399999999999999790e-03	2.419999999999999842e-03	2.439999999999999895e-03
2.459999999999999947e-03	2.480000000000000000e-03	2.500000000000000052e-03
2.520000000000000104e-03	2.540000000000000157e-03	2.560000000000000209e-03
2.579999999999999828e-03	2.599999999999999881e-03	2.619999999999999933e-03
2.639999999999999986e-03	2.660000000000000038e-03	2.680000000000000090e-03
2.700000000000000143e-03	2.720000000000000195e-03	2.739999999999999814e-03
2.759999999999999867e-03	2.779999999999999919e-03	2.799999999999999972e-03
2.820000000000000024e-03	2.840000000000000076e-03	2.860000000000000129e-03
2.880000000000000181e-03	2.899999999999999800e-03	2.919999999999999853e-03
2.939999999999999905e-03	2.959999999999999958e-03	2.980000000000000010e-03
3.000000000000000062e-03	3.020000000000000115e-03	3.040000000000000167e-03
3.059999999999999786e-03	3.079999999999999839e-03	3.099999999999999891e-03
3.119999999999999944e-03	3.139999999999999996e-03	3.160000000000000048e-03
3.180000000000000101e-03	3.200000000000000153e-03	3.220000000000000206e-03
3.239999999999999825e-03	3.259999999999999877e-03	3.279999999999999930e-03
3.299999999999999982e-03	3.320000000000000034e-03	3.340000000000000087e-03
3.360000000000000139e-03	3.380000000000000192e-03	3.399999999999999811e-03
3.419999999999999863e-03	3.439999999999999915e-03	3.459999999999999968e-03
3.480000000000000020e-03	3.500000000000000073e-03	3.520000000000000125e-03
3.540000000000000178e-03	3.559999999999999797e-03	3.579999999999999849e-03
3.599999999999999901e-03	3.619999999999999954e-03	3.640000000000000006e-03
3.660000000000000059e-03	3.680000000000000111e-03	3.700000000000000164e-03
3.720000000000000216e-03	3.739999999999999835e-03	3.759999999999999887e-03
3.779999999999999940e-03	3.799999999999999992e-03	3.820000000000000045e-03
3.840000000000000097e-03	3.860000000000000150e-03	3.880000000000000202e-03
3.899999999999999821e-03	3.919999999999999873e-03	3.939999999999999926e-03
3.959999999999999978e-03	3.980000000000000031e-03	4.000000000000000083e-03
4.020000000000000136e-03	4.040000000000000188e-03	4.060000000000000241e-03
4.080000000000000293e-03	4.100000000000000346e-03	4.120000000000000398e-03
4.139999999999999583e-03	4.159999999999999636e-03	4.179999999999999688e-03
4.199999999999999740e-03	4.219999999999999793e-03	4.239999999999999845e-03
4.259999999999999898e-03	4.279999999999999950e-03	4.300000000000000003e-03
4.320000000000000055e-03	4.340000000000000108e-03	4.360000000000000160e-03
4.380000000000000213e-03	4.400000000000000265e-03	4.420000000000000318e-03
4.440000000000000370e-03	4.460000000000000422e-03	4.479999999999999608e-03
4.499999999999999660e-03	4.519999999999999712e-03	4.539999999999999765e-03
4.559999999999999817e-03	4.579999999999999870e-03	4.599999999999999922e-03
4.619999999999999975e-03	4.640000000000000027e-03	4.660000000000000080e-03
4.680000000000000132e-03	4.700000000000000185e-03	4.720000000000000237e-03
4.740000000000000289e-03	4.760000000000000342e-03	4.780000000000000394e-03
4.799999999999999580e-03	4.819999999999999632e-03	4.839999999999999684e-03
4.859999999999999737e-03	4.879999999999999789e-03	4.899999999999999842e-03
4.919999999999999894e-03	4.939999999999999947e-03	4.959999999999999999e-03
4.980000000000000052e-03	5.000000000000000104e-03	5.020000000000000157e-03
5.040000000000000209e-03	5.060000000000000261e-03	5.080000000000000314e-03
5.100000000000000366e-03	5.120000000000000419e-03	5.139999999999999604e-03
5.159999999999999656e-03	5.179999999999999709e-03	5.199999999999999761e-03
5.219999999999999814e-03	5.239999999999999866e-03	5.259999999999999919e-03
5.279999999999999971e-03	5.300000000000000024e-03	5.320000000000000076e-03
5.340000000000000129e-03	5.360000000000000181e-03	5.380000000000000233e-03
5.400000000000000286e-03	5.420000000000000338e-03	5.440000000000000391e-03
5.459999999999999576e-03	5.479999999999999628e-03	5.499999999999999681e-03
5.519999999999999733e-03	5.539999999999999786e-03	5.559999999999999838e-03
5.579999999999999891e-03	5.599999999999999943e-03	5.619999999999999996e-03
5.640000000000000048e-03	5.660000000000000100e-03	5.680000000000000153e-03
5.700000000000000205e-03	5.720000000000000258e-03	5.740000000000000310e-03
5.760000000000000363e-03	5.780000000000000415e-03	5.799999999999999600e-03
5.819999999999999653e-03	5.839999999999999705e-03	5.859999999999999758e-03
5.879999999999999810e-03	5.899999999999999863e-03	5.919999999999999915e-03
5.939999999999999968e-03	5.960000000000000020e-03	5.980000000000000072e-03
6.000000000000000125e-03	6.020000000000000177e-03	6.040000000000000230e-03
6.060000000000000282e-03	6.080000000000000335e-03	6.100000000000000387e-03
6.119999999999999572e-03	6.139999999999999625e-03	6.159999999999999677e-03
6.179999999999999730e-03	6.199999999999999782e-03	6.219999999999999835e-03
6.239999999999999887e-03	6.259999999999999939e-03	6.279999999999999992e-03
6.300000000000000044e-03	6.320000000000000097e-03	6.340000000000000149e-03
6.360000000000000202e-03	6.380000000000000254e-03	6.400000000000000307e-03
6.420000000000000359e-03	6.440000000000000412e-03	6.459999999999999597e-03
6.479999999999999649e-03	6.499999999999999702e-03	6.519999999999999754e-03
6.539999999999999807e-03	6.559999999999999859e-03	6.579999999999999911e-03
6.599999999999999964e-03	6.620000000000000016e-03	6.640000000000000069e-03
6.660000000000000121e-03	6.680000000000000174e-03	6.700000000000000226e-03
6.720000000000000279e-03	6.740000000000000331e-03	6.760000000000000384e-03
6.779999999999999569e-03	6.799999999999999621e-03	6.819999999999999674e-03
6.839999999999999726e-03	6.859999999999999779e-03	6.879999999999999831e-03
6.899999999999999883e-03	6.919999999999999936e-03	6.939999999999999988e-03
6.960000000000000041e-03	6.980000000000000093e-03	7.000000000000000146e-03
7.020000000000000198e-03	7.040000000000000251e-03	7.060000000000000303e-03
7.080000000000000356e-03	7.100000000000000408e-03	7.119999999999999593e-03
7.139999999999999646e-03	7.159999999999999698e-03	7.179999999999999750e-03
7.199999999999999803e-03	7.219999999999999855e-03	7.239999999999999908e-03
7.259999999999999960e-03	7.280000000000000013e-03	7.300000000000000065e-03
7.320000000000000118e-03	7.340000000000000170e-03	7.360000000000000223e-03
7.380000000000000275e-03	7.400000000000000328e-03	7.420000000000000380e-03
7.440000000000000432e-03	7.459999999999999618e-03	7.479999999999999670e-03
7.499999999999999722e-03	7.519999999999999775e-03	7.539999999999999827e-03
7.559999999999999880e-03	7.579999999999999932e-03	7.599999999999999985e-03
7.620000000000000037e-03	7.640000000000000090e-03	7.660000000000000142e-03
7.680000000000000195e-03	7.700000000000000247e-03	7.720000000000000299e-03
7.740000000000000352e-03	7.760000000000000404e-03	7.779999999999999589e-03
7.799999999999999642e-03	7.820000000000000562e-03	7.839999999999999747e-03
7.860000000000000667e-03	7.879999999999999852e-03	7.900000000000000772e-03
7.919999999999999957e-03	7.939999999999999142e-03	7.960000000000000062e-03
7.979999999999999247e-03	8.000000000000000167e-03	8.019999999999999352e-03
8.040000000000000271e-03	8.059999999999999457e-03	8.080000000000000376e-03
8.099999999999999561e-03	8.120000000000000481e-03	8.139999999999999666e-03
8.160000000000000586e-03	8.179999999999999771e-03	8.200000000000000691e-03
8.219999999999999876e-03	8.240000000000000796e-03	8.259999999999999981e-03
8.279999999999999166e-03	8.300000000000000086e-03	8.319999999999999271e-03
8.340000000000000191e-03	8.359999999999999376e-03	8.380000000000000296e-03
8.399999999999999481e-03	8.420000000000000401e-03	8.439999999999999586e-03
8.460000000000000506e-03	8.479999999999999691e-03	8.500000000000000611e-03
8.519999999999999796e-03	8.540000000000000716e-03	8.559999999999999901e-03
8.580000000000000820e-03	8.600000000000000006e-03	8.619999999999999191e-03
8.640000000000000110e-03	8.659999999999999296e-03	8.680000000000000215e-03
8.699999999999999400e-03	8.720000000000000320e-03	8.739999999999999505e-03
8.760000000000000425e-03	8.779999999999999610e-03	8.800000000000000530e-03
8.819999999999999715e-03	8.840000000000000635e-03	8.859999999999999820e-03
8.880000000000000740e-03	8.899999999999999925e-03	8.920000000000000845e-03
8.940000000000000030e-03	8.959999999999999215e-03	8.980000000000000135e-03
8.999999999999999320e-03	9.020000000000000240e-03	9.039999999999999425e-03
9.060000000000000345e-03	9.079999999999999530e-03	9.100000000000000450e-03
9.119999999999999635e-03	9.140000000000000555e-03	9.159999999999999740e-03
9.180000000000000659e-03	9.199999999999999845e-03	9.220000000000000764e-03
9.239999999999999949e-03	9.259999999999999135e-03	9.280000000000000054e-03
9.299999999999999239e-03	9.320000000000000159e-03	9.339999999999999344e-03
9.360000000000000264e-03	9.379999999999999449e-03	9.400000000000000369e-03
9.419999999999999554e-03	9.440000000000000474e-03	9.459999999999999659e-03
9.480000000000000579e-03	9.499999999999999764e-03	9.520000000000000684e-03
9.539999999999999869e-03	9.560000000000000789e-03	9.579999999999999974e-03
9.599999999999999159e-03	9.620000000000000079e-03	9.639999999999999264e-03
9.660000000000000184e-03	9.679999999999999369e-03	9.700000000000000289e-03
9.719999999999999474e-03	9.740000000000000394e-03	9.759999999999999579e-03
9.780000000000000498e-03	9.799999999999999684e-03	9.820000000000000603e-03
9.839999999999999789e-03	9.860000000000000708e-03	9.879999999999999893e-03
9.900000000000000813e-03	9.919999999999999998e-03	9.939999999999999183e-03
9.960000000000000103e-03	9.979999999999999288e-03	1.000000000000000021e-02
1.001999999999999939e-02	1.004000000000000031e-02	1.005999999999999950e-02
1.008000000000000042e-02	1.009999999999999960e-02	1.012000000000000052e-02
1.013999999999999971e-02	1.016000000000000063e-02	1.017999999999999981e-02
1.020000000000000073e-02	1.021999999999999992e-02	1.024000000000000084e-02
1.026000000000000002e-02	1.027999999999999921e-02	1.030000000000000013e-02
1.031999999999999931e-02	1.034000000000000023e-02	1.035999999999999942e-02
1.038000000000000034e-02	1.039999999999999952e-02	1.042000000000000044e-02
1.043999999999999963e-02	1.046000000000000055e-02	1.047999999999999973e-02
1.050000000000000065e-02	1.051999999999999984e-02	1.054000000000000076e-02
1.055999999999999994e-02	1.058000000000000086e-02	1.060000000000000005e-02
1.061999999999999923e-02	1.064000000000000015e-02	1.065999999999999934e-02
1.068000000000000026e-02	1.069999999999999944e-02	1.072000000000000036e-02
1.073999999999999955e-02	1.076000000000000047e-02	1.077999999999999965e-02
1.080000000000000057e-02	1.081999999999999976e-02	1.084000000000000068e-02
1.085999999999999986e-02	1.088000000000000078e-02	1.089999999999999997e-02
1.091999999999999915e-02	1.094000000000000007e-02	1.095999999999999926e-02
1.098000000000000018e-02	1.099999999999999936e-02	1.102000000000000028e-02
1.103999999999999947e-02	1.106000000000000039e-02	1.107999999999999957e-02
1.110000000000000049e-02	1.111999999999999968e-02	1.114000000000000060e-02
1.115999999999999978e-02	1.118000000000000070e-02	1.119999999999999989e-02
1.122000000000000081e-02	1.123999999999999999e-02	1.125999999999999918e-02
1.128000000000000010e-02	1.129999999999999928e-02	1.132000000000000020e-02
1.133999999999999939e-02	1.136000000000000031e-02	1.137999999999999949e-02
1.140000000000000041e-02	1.141999999999999960e-02	1.144000000000000052e-02
1.145999999999999970e-02	1.148000000000000062e-02	1.149999999999999981e-02
1.152000000000000073e-02	1.153999999999999991e-02	1.156000000000000083e-02
1.158000000000000002e-02	1.159999999999999920e-02	1.162000000000000012e-02
1.163999999999999931e-02	1.166000000000000023e-02	1.167999999999999941e-02
1.170000000000000033e-02	1.171999999999999952e-02	1.174000000000000044e-02
1.175999999999999962e-02	1.178000000000000054e-02	1.179999999999999973e-02
1.182000000000000065e-02	1.183999999999999983e-02	1.186000000000000075e-02
1.187999999999999994e-02	1.190000000000000085e-02	1.192000000000000004e-02
1.193999999999999923e-02	1.196000000000000014e-02	1.197999999999999933e-02
1.200000000000000025e-02	1.201999999999999943e-02	1.204000000000000035e-02
1.205999999999999954e-02	1.208000000000000046e-02	1.209999999999999964e-02
1.212000000000000056e-02	1.213999999999999975e-02	1.216000000000000067e-02
1.217999999999999985e-02	1.220000000000000077e-02	1.221999999999999996e-02
1.223999999999999914e-02	1.226000000000000006e-02	1.227999999999999925e-02
1.230000000000000017e-02	1.231999999999999935e-02	1.234000000000000027e-02
1.235999999999999946e-02	1.238000000000000038e-02	1.239999999999999956e-02
1.242000000000000048e-02	1.243999999999999967e-02	1.246000000000000059e-02
1.247999999999999977e-02	1.250000000000000069e-02	1.251999999999999988e-02
1.254000000000000080e-02	1.255999999999999998e-02	1.257999999999999917e-02
1.260000000000000009e-02	1.261999999999999927e-02	1.264000000000000019e-02
1.265999999999999938e-02	1.268000000000000030e-02	1.269999999999999948e-02
1.272000000000000040e-02	1.273999999999999959e-02	1.276000000000000051e-02
1.277999999999999969e-02	1.280000000000000061e-02	1.281999999999999980e-02
1.284000000000000072e-02	1.285999999999999990e-02	1.288000000000000082e-02
1.290000000000000001e-02	1.291999999999999919e-02	1.294000000000000011e-02
1.295999999999999930e-02	1.298000000000000022e-02	1.299999999999999940e-02
1.302000000000000032e-02	1.303999999999999951e-02	1.306000000000000043e-02
1.307999999999999961e-02	1.310000000000000053e-02	1.311999999999999972e-02
1.314000000000000064e-02	1.315999999999999982e-02	1.318000000000000074e-02
1.319999999999999993e-02	1.322000000000000085e-02	1.324000000000000003e-02
1.325999999999999922e-02	1.328000000000000014e-02	1.329999999999999932e-02
1.332000000000000024e-02	1.333999999999999943e-02	1.336000000000000035e-02
1.337999999999999953e-02	1.340000000000000045e-02	1.341999999999999964e-02
1.344000000000000056e-02	1.345999999999999974e-02	1.348000000000000066e-02
1.349999999999999985e-02	1.352000000000000077e-02	1.353999999999999995e-02
1.355999999999999914e-02	1.358000000000000006e-02	1.359999999999999924e-02
1.362000000000000016e-02	1.363999999999999935e-02	1.366000000000000027e-02
1.367999999999999945e-02	1.370000000000000037e-02	1.371999999999999956e-02
1.374000000000000048e-02	1.375999999999999966e-02	1.378000000000000058e-02
1.379999999999999977e-02	1.382000000000000069e-02	1.383999999999999987e-02
1.386000000000000079e-02	1.387999999999999998e-02	1.389999999999999916e-02
1.392000000000000008e-02	1.393999999999999927e-02	1.396000000000000019e-02
1.397999999999999937e-02	1.400000000000000029e-02	1.401999999999999948e-02
1.404000000000000040e-02	1.405999999999999958e-02	1.408000000000000050e-02
1.409999999999999969e-02	1.412000000000000061e-02	1.413999999999999979e-02
1.416000000000000071e-02	1.417999999999999990e-02	1.420000000000000082e-02
1.422000000000000000e-02	1.423999999999999919e-02	1.426000000000000011e-02
1.427999999999999929e-02	1.430000000000000021e-02	1.431999999999999940e-02
1.434000000000000032e-02	1.435999999999999950e-02	1.438000000000000042e-02
1.439999999999999961e-02	1.442000000000000053e-02	1.443999999999999971e-02
1.446000000000000063e-02	1.447999999999999982e-02	1.450000000000000074e-02
1.451999999999999992e-02	1.454000000000000084e-02	1.456000000000000003e-02
1.457999999999999921e-02	1.460000000000000013e-02	1.461999999999999932e-02
1.464000000000000024e-02	1.465999999999999942e-02	1.468000000000000034e-02
1.469999999999999953e-02	1.472000000000000045e-02	1.473999999999999963e-02
1.476000000000000055e-02	1.477999999999999974e-02	1.480000000000000066e-02
1.481999999999999984e-02	1.484000000000000076e-02	1.485999999999999995e-02
1.488000000000000086e-02	1.490000000000000005e-02	1.491999999999999924e-02
1.494000000000000015e-02	1.495999999999999934e-02	1.498000000000000026e-02
1.499999999999999944e-02	1.502000000000000036e-02	1.503999999999999955e-02
1.506000000000000047e-02	1.507999999999999965e-02	1.510000000000000057e-02
1.511999999999999976e-02	1.514000000000000068e-02	1.515999999999999986e-02
1.518000000000000078e-02	1.519999999999999997e-02	1.521999999999999915e-02
1.524000000000000007e-02	1.525999999999999926e-02	1.528000000000000018e-02
1.529999999999999936e-02	1.532000000000000028e-02	1.533999999999999947e-02
1.536000000000000039e-02	1.537999999999999957e-02	1.540000000000000049e-02
1.541999999999999968e-02	1.544000000000000060e-02	1.545999999999999978e-02
1.548000000000000070e-02	1.549999999999999989e-02	1.552000000000000081e-02
1.553999999999999999e-02	1.555999999999999918e-02	1.558000000000000010e-02
1.559999999999999928e-02	1.562000000000000020e-02	1.564000000000000112e-02
1.566000000000000031e-02	1.567999999999999949e-02	1.569999999999999868e-02
1.572000000000000133e-02	1.574000000000000052e-02	1.575999999999999970e-02
1.577999999999999889e-02	1.580000000000000154e-02	1.582000000000000073e-02
1.583999999999999991e-02	1.585999999999999910e-02	1.587999999999999828e-02
1.590000000000000094e-02	1.592000000000000012e-02	1.593999999999999931e-02
1.595999999999999849e-02	1.598000000000000115e-02	1.600000000000000033e-02
1.601999999999999952e-02	1.603999999999999870e-02	1.606000000000000136e-02
1.608000000000000054e-02	1.609999999999999973e-02	1.611999999999999891e-02
1.614000000000000157e-02	1.616000000000000075e-02	1.617999999999999994e-02
1.619999999999999912e-02	1.621999999999999831e-02	1.624000000000000096e-02
1.626000000000000015e-02	1.627999999999999933e-02	1.629999999999999852e-02
1.632000000000000117e-02	1.634000000000000036e-02	1.635999999999999954e-02
1.637999999999999873e-02	1.640000000000000138e-02	1.642000000000000057e-02
1.643999999999999975e-02	1.645999999999999894e-02	1.648000000000000159e-02
1.650000000000000078e-02	1.651999999999999996e-02	1.653999999999999915e-02
1.655999999999999833e-02	1.658000000000000099e-02	1.660000000000000017e-02
1.661999999999999936e-02	1.663999999999999854e-02	1.666000000000000120e-02
1.668000000000000038e-02	1.669999999999999957e-02	1.671999999999999875e-02
1.674000000000000141e-02	1.676000000000000059e-02	1.677999999999999978e-02
1.679999999999999896e-02	1.682000000000000162e-02	1.684000000000000080e-02
1.685999999999999999e-02	1.687999999999999917e-02	1.689999999999999836e-02
1.692000000000000101e-02	1.694000000000000020e-02	1.695999999999999938e-02
1.697999999999999857e-02	1.700000000000000122e-02	1.702000000000000041e-02
1.703999999999999959e-02	1.705999999999999878e-02	1.708000000000000143e-02
1.710000000000000062e-02	1.711999999999999980e-02	1.713999999999999899e-02
1.716000000000000164e-02	1.718000000000000083e-02	1.720000000000000001e-02
1.721999999999999920e-02	1.723999999999999838e-02	1.726000000000000104e-02
1.728000000000000022e-02	1.729999999999999941e-02	1.731999999999999859e-02
1.734000000000000125e-02	1.736000000000000043e-02	1.737999999999999962e-02
1.739999999999999880e-02	1.742000000000000146e-02	1.744000000000000064e-02
1.745999999999999983e-02	1.747999999999999901e-02	1.750000000000000167e-02
1.752000000000000085e-02	1.754000000000000004e-02	1.755999999999999922e-02
1.757999999999999841e-02	1.760000000000000106e-02	1.762000000000000025e-02
1.763999999999999943e-02	1.765999999999999862e-02	1.768000000000000127e-02
1.770000000000000046e-02	1.771999999999999964e-02	1.773999999999999883e-02
1.776000000000000148e-02	1.778000000000000067e-02	1.779999999999999985e-02
1.781999999999999904e-02	1.784000000000000169e-02	1.786000000000000087e-02
1.788000000000000006e-02	1.789999999999999925e-02	1.791999999999999843e-02
1.794000000000000108e-02	1.796000000000000027e-02	1.797999999999999945e-02
1.799999999999999864e-02	1.802000000000000129e-02	1.804000000000000048e-02
1.805999999999999966e-02	1.807999999999999885e-02	1.810000000000000150e-02
1.812000000000000069e-02	1.813999999999999987e-02	1.815999999999999906e-02
1.818000000000000171e-02	1.820000000000000090e-02	1.822000000000000008e-02
1.823999999999999927e-02	1.825999999999999845e-02	1.828000000000000111e-02
1.830000000000000029e-02	1.831999999999999948e-02	1.833999999999999866e-02
1.836000000000000132e-02	1.838000000000000050e-02	1.839999999999999969e-02
1.841999999999999887e-02	1.844000000000000153e-02	1.846000000000000071e-02
1.847999999999999990e-02	1.849999999999999908e-02	1.851999999999999827e-02
1.854000000000000092e-02	1.856000000000000011e-02	1.857999999999999929e-02
1.859999999999999848e-02	1.862000000000000113e-02	1.864000000000000032e-02
1.865999999999999950e-02	1.867999999999999869e-02	1.870000000000000134e-02
1.872000000000000053e-02	1.873999999999999971e-02	1.875999999999999890e-02
1.878000000000000155e-02	1.880000000000000074e-02	1.881999999999999992e-02
1.883999999999999911e-02	1.885999999999999829e-02	1.888000000000000095e-02
1.890000000000000013e-02	1.891999999999999932e-02	1.893999999999999850e-02
1.896000000000000116e-02	1.898000000000000034e-02	1.899999999999999953e-02
1.901999999999999871e-02	1.904000000000000137e-02	1.906000000000000055e-02
1.907999999999999974e-02	1.909999999999999892e-02	1.912000000000000158e-02
1.914000000000000076e-02	1.915999999999999995e-02	1.917999999999999913e-02
1.919999999999999832e-02	1.922000000000000097e-02	1.924000000000000016e-02
1.925999999999999934e-02	1.927999999999999853e-02	1.930000000000000118e-02
1.932000000000000037e-02	1.933999999999999955e-02	1.935999999999999874e-02
1.938000000000000139e-02	1.940000000000000058e-02	1.941999999999999976e-02
1.943999999999999895e-02	1.946000000000000160e-02	1.948000000000000079e-02
1.949999999999999997e-02	1.951999999999999916e-02	1.953999999999999834e-02
1.956000000000000100e-02	1.958000000000000018e-02	1.959999999999999937e-02
1.961999999999999855e-02	1.964000000000000121e-02	1.966000000000000039e-02
1.967999999999999958e-02	1.969999999999999876e-02	1.972000000000000142e-02
1.974000000000000060e-02	1.975999999999999979e-02	1.977999999999999897e-02
1.980000000000000163e-02	1.982000000000000081e-02	1.984000000000000000e-02
1.985999999999999918e-02	1.987999999999999837e-02	1.990000000000000102e-02
1.992000000000000021e-02	1.993999999999999939e-02	1.995999999999999858e-02
1.998000000000000123e-02	2.000000000000000042e-02	2.001999999999999960e-02
2.003999999999999879e-02	2.006000000000000144e-02	2.008000000000000063e-02
2.009999999999999981e-02	2.011999999999999900e-02	2.014000000000000165e-02
2.016000000000000084e-02	2.018000000000000002e-02	2.019999999999999921e-02
2.021999999999999839e-02	2.024000000000000105e-02	2.026000000000000023e-02
2.027999999999999942e-02	2.029999999999999860e-02	2.032000000000000126e-02
2.034000000000000044e-02	2.035999999999999963e-02	2.037999999999999881e-02
2.040000000000000147e-02	2.042000000000000065e-02	2.043999999999999984e-02
2.045999999999999902e-02	2.048000000000000168e-02	2.050000000000000086e-02
2.052000000000000005e-02	2.053999999999999923e-02	2.055999999999999842e-02
2.058000000000000107e-02	2.060000000000000026e-02	2.061999999999999944e-02
2.063999999999999863e-02	2.066000000000000128e-02	2.068000000000000047e-02
2.069999999999999965e-02	2.071999999999999884e-02	2.074000000000000149e-02
2.076000000000000068e-02	2.077999999999999986e-02	2.079999999999999905e-02
2.082000000000000170e-02	2.084000000000000088e-02	2.086000000000000007e-02
2.087999999999999926e-02	2.089999999999999844e-02	2.092000000000000109e-02
2.094000000000000028e-02	2.095999999999999946e-02	2.097999999999999865e-02
2.100000000000000130e-02	2.102000000000000049e-02	2.103999999999999967e-02
2.105999999999999886e-02	2.108000000000000151e-02	2.110000000000000070e-02
2.111999999999999988e-02	2.113999999999999907e-02	2.116000000000000172e-02
2.118000000000000091e-02	2.120000000000000009e-02	2.121999999999999928e-02
2.123999999999999846e-02	2.126000000000000112e-02	2.128000000000000030e-02
2.129999999999999949e-02	2.131999999999999867e-02	2.134000000000000133e-02
2.136000000000000051e-02	2.137999999999999970e-02	2.139999999999999888e-02
2.142000000000000154e-02	2.144000000000000072e-02	2.145999999999999991e-02
2.147999999999999909e-02	2.149999999999999828e-02	2.152000000000000093e-02
2.154000000000000012e-02	2.155999999999999930e-02	2.157999999999999849e-02
2.160000000000000114e-02	2.162000000000000033e-02	2.163999999999999951e-02
2.165999999999999870e-02	2.168000000000000135e-02	2.170000000000000054e-02
2.171999999999999972e-02	2.173999999999999891e-02	2.176000000000000156e-02
2.178000000000000075e-02	2.179999999999999993e-02	2.181999999999999912e-02
2.183999999999999830e-02	2.186000000000000096e-02	2.188000000000000014e-02
2.189999999999999933e-02	2.191999999999999851e-02	2.194000000000000117e-02
2.196000000000000035e-02	2.197999999999999954e-02	2.199999999999999872e-02
2.202000000000000138e-02	2.204000000000000056e-02	2.205999999999999975e-02
2.207999999999999893e-02	2.210000000000000159e-02	2.212000000000000077e-02
2.213999999999999996e-02	2.215999999999999914e-02	2.217999999999999833e-02
2.220000000000000098e-02	2.222000000000000017e-02	2.223999999999999935e-02
2.225999999999999854e-02	2.228000000000000119e-02	2.230000000000000038e-02
2.231999999999999956e-02	2.233999999999999875e-02	2.236000000000000140e-02
2.238000000000000059e-02	2.239999999999999977e-02	2.241999999999999896e-02
2.244000000000000161e-02	2.246000000000000080e-02	2.247999999999999998e-02
2.249999999999999917e-02	2.251999999999999835e-02	2.254000000000000101e-02
2.256000000000000019e-02	2.257999999999999938e-02	2.259999999999999856e-02
2.262000000000000122e-02	2.264000000000000040e-02	2.265999999999999959e-02
2.267999999999999877e-02	2.270000000000000143e-02	2.272000000000000061e-02
2.273999999999999980e-02	2.275999999999999898e-02	2.278000000000000164e-02
2.280000000000000082e-02	2.282000000000000001e-02	2.283999999999999919e-02
2.285999999999999838e-02	2.288000000000000103e-02	2.290000000000000022e-02
2.291999999999999940e-02	2.293999999999999859e-02	2.296000000000000124e-02
2.298000000000000043e-02	2.299999999999999961e-02	2.301999999999999880e-02
2.304000000000000145e-02	2.306000000000000064e-02	2.307999999999999982e-02
2.309999999999999901e-02	2.312000000000000166e-02	2.314000000000000085e-02
2.316000000000000003e-02	2.317999999999999922e-02	2.319999999999999840e-02
2.322000000000000106e-02	2.324000000000000024e-02	2.325999999999999943e-02
2.327999999999999861e-02	2.330000000000000127e-02	2.332000000000000045e-02
2.333999999999999964e-02	2.335999999999999882e-02	2.338000000000000148e-02
2.340000000000000066e-02	2.341999999999999985e-02	2.343999999999999903e-02
2.346000000000000169e-02	2.348000000000000087e-02	2.350000000000000006e-02
2.351999999999999924e-02	2.353999999999999843e-02	2.356000000000000108e-02
2.358000000000000027e-02	2.359999999999999945e-02	2.361999999999999864e-02
2.364000000000000129e-02	2.366000000000000048e-02	2.367999999999999966e-02
2.369999999999999885e-02	2.372000000000000150e-02	2.374000000000000069e-02
2.375999999999999987e-02	2.377999999999999906e-02	2.380000000000000171e-02
2.382000000000000089e-02	2.384000000000000008e-02	2.385999999999999927e-02
2.387999999999999845e-02	2.390000000000000110e-02	2.392000000000000029e-02
2.393999999999999947e-02	2.395999999999999866e-02	2.398000000000000131e-02
2.400000000000000050e-02	2.401999999999999968e-02	2.403999999999999887e-02
2.406000000000000152e-02	2.408000000000000071e-02	2.409999999999999989e-02
2.411999999999999908e-02	2.414000000000000173e-02	2.416000000000000092e-02
2.418000000000000010e-02	2.419999999999999929e-02	2.421999999999999847e-02
2.424000000000000113e-02	2.426000000000000031e-02	2.427999999999999950e-02
2.429999999999999868e-02	2.432000000000000134e-02	2.434000000000000052e-02
2.435999999999999971e-02	2.437999999999999889e-02	2.440000000000000155e-02
2.442000000000000073e-02	2.443999999999999992e-02	2.445999999999999910e-02
2.447999999999999829e-02	2.450000000000000094e-02	2.452000000000000013e-02
2.453999999999999931e-02	2.455999999999999850e-02	2.458000000000000115e-02
2.460000000000000034e-02	2.461999999999999952e-02	2.463999999999999871e-02
2.466000000000000136e-02	2.468000000000000055e-02	2.469999999999999973e-02
2.471999999999999892e-02	2.474000000000000157e-02	2.476000000000000076e-02
2.477999999999999994e-02	2.479999999999999913e-02	2.481999999999999831e-02
2.484000000000000097e-02	2.486000000000000015e-02	2.487999999999999934e-02
2.489999999999999852e-02	2.492000000000000118e-02	2.494000000000000036e-02
2.495999999999999955e-02	2.497999999999999873e-02	2.500000000000000139e-02
2.502000000000000057e-02	2.503999999999999976e-02	2.505999999999999894e-02
2.508000000000000160e-02	2.510000000000000078e-02	2.511999999999999997e-02
2.513999999999999915e-02	2.515999999999999834e-02	2.518000000000000099e-02
2.520000000000000018e-02	2.521999999999999936e-02	2.523999999999999855e-02
2.526000000000000120e-02	2.528000000000000039e-02	2.529999999999999957e-02
2.531999999999999876e-02	2.534000000000000141e-02	2.536000000000000060e-02
2.537999999999999978e-02	2.539999999999999897e-02	2.542000000000000162e-02
2.544000000000000081e-02	2.545999999999999999e-02	2.547999999999999918e-02
2.549999999999999836e-02	2.552000000000000102e-02	2.554000000000000020e-02
2.555999999999999939e-02	2.557999999999999857e-02	2.560000000000000123e-02
2.562000000000000041e-02	2.563999999999999960e-02	2.565999999999999878e-02
2.568000000000000144e-02	2.570000000000000062e-02	2.571999999999999981e-02
2.573999999999999899e-02	2.576000000000000165e-02	2.578000000000000083e-02
2.580000000000000002e-02	2.581999999999999920e-02	2.583999999999999839e-02
2.586000000000000104e-02	2.588000000000000023e-02	2.589999999999999941e-02
2.591999999999999860e-02	2.594000000000000125e-02	2.596000000000000044e-02
2.597999999999999962e-02	2.599999999999999881e-02	2.602000000000000146e-02
2.604000000000000065e-02	2.605999999999999983e-02	2.607999999999999902e-02
2.610000000000000167e-02	2.612000000000000086e-02	2.614000000000000004e-02
2.615999999999999923e-02	2.617999999999999841e-02	2.620000000000000107e-02
2.622000000000000025e-02	2.623999999999999944e-02	2.625999999999999862e-02
2.628000000000000128e-02	2.630000000000000046e-02	2.631999999999999965e-02
2.633999999999999883e-02	2.636000000000000149e-02	2.638000000000000067e-02
2.639999999999999986e-02	2.641999999999999904e-02	2.644000000000000170e-02
2.646000000000000088e-02	2.648000000000000007e-02	2.649999999999999925e-02
2.651999999999999844e-02	2.654000000000000109e-02	2.656000000000000028e-02
2.657999999999999946e-02	2.659999999999999865e-02	2.662000000000000130e-02
2.664000000000000049e-02	2.665999999999999967e-02	2.667999999999999886e-02
2.670000000000000151e-02	2.672000000000000069e-02	2.673999999999999988e-02
2.675999999999999907e-02	2.678000000000000172e-02	2.680000000000000090e-02
2.682000000000000009e-02	2.683999999999999928e-02	2.685999999999999846e-02
2.688000000000000111e-02	2.690000000000000030e-02	2.691999999999999948e-02
2.693999999999999867e-02	2.696000000000000132e-02	2.698000000000000051e-02
2.699999999999999969e-02	2.701999999999999888e-02	2.704000000000000153e-02
2.706000000000000072e-02	2.707999999999999990e-02	2.709999999999999909e-02
2.711999999999999827e-02	2.714000000000000093e-02	2.716000000000000011e-02
2.717999999999999930e-02	2.719999999999999848e-02	2.722000000000000114e-02
2.724000000000000032e-02	2.725999999999999951e-02	2.727999999999999869e-02
2.730000000000000135e-02	2.732000000000000053e-02	2.733999999999999972e-02
2.735999999999999890e-02	2.738000000000000156e-02	2.740000000000000074e-02
2.741999999999999993e-02	2.743999999999999911e-02	2.745999999999999830e-02
2.748000000000000095e-02	2.750000000000000014e-02	2.751999999999999932e-02
2.753999999999999851e-02	2.756000000000000116e-02	2.758000000000000035e-02
2.759999999999999953e-02	2.761999999999999872e-02	2.764000000000000137e-02
2.766000000000000056e-02	2.767999999999999974e-02	2.769999999999999893e-02
2.772000000000000158e-02	2.774000000000000077e-02	2.775999999999999995e-02
2.777999999999999914e-02	2.779999999999999832e-02	2.782000000000000098e-02
2.784000000000000016e-02	2.785999999999999935e-02	2.787999999999999853e-02
2.790000000000000119e-02	2.792000000000000037e-02	2.793999999999999956e-02
2.795999999999999874e-02	2.798000000000000140e-02	2.800000000000000058e-02
2.801999999999999977e-02	2.803999999999999895e-02	2.806000000000000161e-02
2.808000000000000079e-02	2.809999999999999998e-02	2.811999999999999916e-02
2.813999999999999835e-02	2.816000000000000100e-02	2.818000000000000019e-02
2.819999999999999937e-02	2.821999999999999856e-02	2.824000000000000121e-02
2.826000000000000040e-02	2.827999999999999958e-02	2.829999999999999877e-02
2.832000000000000142e-02	2.834000000000000061e-02	2.835999999999999979e-02
2.837999999999999898e-02	2.840000000000000163e-02	2.842000000000000082e-02
2.844000000000000000e-02	2.845999999999999919e-02	2.847999999999999837e-02
2.850000000000000103e-02	2.852000000000000021e-02	2.853999999999999940e-02
2.855999999999999858e-02	2.858000000000000124e-02	2.860000000000000042e-02
2.861999999999999961e-02	2.863999999999999879e-02	2.866000000000000145e-02
2.868000000000000063e-02	2.869999999999999982e-02	2.871999999999999900e-02
2.874000000000000166e-02	2.876000000000000084e-02	2.878000000000000003e-02
2.879999999999999921e-02	2.881999999999999840e-02	2.884000000000000105e-02
2.886000000000000024e-02	2.887999999999999942e-02	2.889999999999999861e-02
2.892000000000000126e-02	2.894000000000000045e-02	2.895999999999999963e-02
2.897999999999999882e-02	2.900000000000000147e-02	2.902000000000000066e-02
2.903999999999999984e-02	2.905999999999999903e-02	2.908000000000000168e-02
2.910000000000000087e-02	2.912000000000000005e-02	2.913999999999999924e-02
2.915999999999999842e-02	2.918000000000000108e-02	2.920000000000000026e-02
2.921999999999999945e-02	2.923999999999999863e-02	2.926000000000000129e-02
2.928000000000000047e-02	2.929999999999999966e-02	2.931999999999999884e-02
2.934000000000000150e-02	2.936000000000000068e-02	2.937999999999999987e-02
2.939999999999999905e-02	2.942000000000000171e-02	2.944000000000000089e-02
2.946000000000000008e-02	2.947999999999999926e-02	2.949999999999999845e-02
2.952000000000000110e-02	2.954000000000000029e-02	2.955999999999999947e-02
2.957999999999999866e-02	2.960000000000000131e-02	2.962000000000000050e-02
2.963999999999999968e-02	2.965999999999999887e-02	2.968000000000000152e-02
2.970000000000000070e-02	2.971999999999999989e-02	2.973999999999999908e-02
2.976000000000000173e-02	2.978000000000000091e-02	2.980000000000000010e-02
2.981999999999999929e-02	2.983999999999999847e-02	2.986000000000000112e-02
2.988000000000000031e-02	2.989999999999999949e-02	2.991999999999999868e-02
2.994000000000000133e-02	2.996000000000000052e-02	2.997999999999999970e-02
2.999999999999999889e-02	3.002000000000000154e-02	3.004000000000000073e-02
3.005999999999999991e-02	3.007999999999999910e-02	3.009999999999999828e-02
3.012000000000000094e-02	3.014000000000000012e-02	3.015999999999999931e-02
3.017999999999999849e-02	3.020000000000000115e-02	3.022000000000000033e-02
3.023999999999999952e-02	3.025999999999999870e-02	3.028000000000000136e-02
3.030000000000000054e-02	3.031999999999999973e-02	3.033999999999999891e-02
3.036000000000000157e-02	3.038000000000000075e-02	9.943911903782902677e-05
9.943911903782902677e-05	5.144781815378290024e-04	1.482672440378290295e-04
5.633063065378290457e-04	1.726813065378290241e-04	6.365484940378291108e-04
1.970953690378290457e-04	6.609625565378290241e-04	2.215094315378290403e-04
6.365484940378291108e-04	2.215094315378290403e-04	6.121344315378290891e-04
1.970953690378290457e-04	5.633063065378290457e-04	1.482672440378290295e-04
4.900641190378290891e-04	7.502505653782903219e-05	4.412359940378290457e-04
1.782869037829024104e-06	3.924078690378290566e-04	-7.145931846217097594e-05
3.679938065378290349e-04	-1.202874434621709786e-04	3.435797440378290674e-04
-1.202874434621709786e-04	3.191656815378290457e-04	-9.587338096217098407e-05
3.435797440378290674e-04	-7.145931846217097594e-05	3.679938065378290349e-04
-4.704525596217098136e-05	4.168219315378290241e-04	1.782869037829024104e-06
4.656500565378290674e-04	7.502505653782903219e-05	5.388922440378290241e-04
1.238531815378290349e-04	5.877203690378290674e-04	1.726813065378290241e-04
6.365484940378291108e-04	2.215094315378290403e-04	6.609625565378290241e-04
2.459234940378290349e-04	6.853766190378290457e-04	2.459234940378290349e-04
6.853766190378290457e-04	2.459234940378290349e-04	6.609625565378290241e-04
2.215094315378290403e-04	6.365484940378291108e-04	2.215094315378290403e-04
6.121344315378290891e-04	1.726813065378290241e-04	5.633063065378290457e-04
1.482672440378290295e-04	4.900641190378290891e-04	7.502505653782903219e-05
4.412359940378290457e-04	1.782869037829024104e-06	3.435797440378290674e-04
-9.587338096217098407e-05	2.459234940378290349e-04	-2.179436934621709976e-04
1.238531815378290349e-04	-3.644280684621710193e-04	-4.704525596217098136e-05
-5.597405684621709759e-04	-2.423577559621709922e-04	-7.794671309621710627e-04
-4.864983809621710193e-04	-1.023607755962171063e-03	-7.550530684621710410e-04
-1.292162443462170976e-03	-1.048021818462170976e-03	-1.585131193462171019e-03
-1.340990568462171019e-03	-1.878099943462171063e-03	-1.658373380962170976e-03
-2.171068693462170889e-03	-1.951342130962171019e-03	-2.439623380962171236e-03
-2.244310880962171063e-03	-2.683764005962171236e-03	-2.439623380962171236e-03
-2.903490568462171323e-03	-2.610521818462171063e-03	-3.074389005962171149e-03
-2.732592130962171063e-03	-3.220873380962170629e-03	-2.781420255962171323e-03
-3.318529630962170716e-03	-2.830248380962171149e-03	-3.367357755962170976e-03
-2.830248380962171149e-03	-3.391771818462170889e-03	-2.854662443462171063e-03
-3.391771818462170889e-03	-2.879076505962170976e-03	-3.416185880962170802e-03
-2.927904630962171236e-03	-3.465014005962170629e-03	-3.049974943462171236e-03
-3.538256193462170802e-03	-3.147631193462170889e-03	-3.635912443462170889e-03
-3.269701505962170889e-03	-3.757982755962170889e-03	-3.440599943462170716e-03
-3.928881193462171149e-03	-3.635912443462170889e-03	-4.124193693462170456e-03
-3.806810880962170716e-03	-4.319506193462170629e-03	-4.002123380962170456e-03
-4.539232755962171149e-03	-4.197435880962170629e-03	-4.783373380962171149e-03
-4.392748380962170802e-03	-5.003099943462170802e-03	-4.563646818462170629e-03
-5.222826505962171323e-03	-4.758959318462170802e-03	-5.418139005962170629e-03
-4.954271818462170976e-03	-5.637865568462171149e-03	-5.198412443462170976e-03
-5.857592130962170802e-03	-5.466967130962171323e-03	-6.126146818462171149e-03
-5.808764005962170976e-03	-6.443529630962171323e-03	-6.199389005962171323e-03
-6.809740568462171323e-03	-6.614428068462171149e-03	-7.200365568462170802e-03
-7.078295255962170802e-03	-7.639818693462170976e-03	-7.566576505962170802e-03
-8.103685880962170629e-03	-8.030443693462171323e-03	-8.591967130962170629e-03
-8.494310880962170976e-03	-9.055834318462170282e-03	-8.958178068462170629e-03
-9.519701505962171670e-03	-9.373217130962171323e-03	-9.910326505962172017e-03
-9.763842130962171670e-03	-1.034977963096217132e-02	-1.015446713096217202e-02
-1.074040463096217167e-02	-1.056950619346217098e-02	-1.117985775596217098e-02
-1.098454525596217167e-02	-1.161931088096217202e-02	-1.142399838096217098e-02
-1.203434994346217098e-02	-1.186345150596217202e-02	-1.252263119346217271e-02
-1.232731869346217167e-02	-1.298649838096217236e-02	-1.284001400596217202e-02
-1.347477963096217236e-02	-1.335270931846217236e-02	-1.401188900596217306e-02
-1.391423275596217340e-02	-1.457341244346217236e-02	-1.452458431846217340e-02
-1.515934994346217202e-02	-1.513493588096217340e-02	-1.579411556846217410e-02
-1.579411556846217410e-02	-1.645329525596217132e-02	-1.645329525596217132e-02
-1.713688900596217410e-02	-1.713688900596217410e-02	-1.779606869346217132e-02
-1.782048275596217340e-02	-1.850407650596217271e-02	-1.850407650596217271e-02
-1.921208431846217410e-02	-1.918767025596217202e-02	-1.992009213096217202e-02
-1.992009213096217202e-02	-2.065251400596217202e-02	-2.065251400596217202e-02
-2.143376400596217271e-02	-2.143376400596217271e-02	-2.216618588096217271e-02
-2.219059994346217479e-02	-2.294743588096217340e-02	-2.297184994346217202e-02
-2.372868588096217410e-02	-2.372868588096217410e-02	-2.450993588096217479e-02
-2.453434994346217340e-02	-2.534001400596216924e-02	-2.536442806846217132e-02
-2.617009213096217063e-02	-2.617009213096217063e-02	-2.702458431846217063e-02
-2.704899838096216924e-02	-2.790349056846216924e-02	-2.792790463096217132e-02
-2.878239681846217132e-02	-2.883122494346217202e-02	-2.963688900596217132e-02
-2.968571713096217202e-02	-3.044255306846217063e-02	-3.046696713096216924e-02
-3.110173275596217132e-02	-3.107731869346216924e-02	-3.156559994346216924e-02
-3.141911556846217063e-02	-3.176091244346217202e-02	-3.137028744346217340e-02
-3.173649838096217340e-02	-3.093083431846217063e-02	-3.146794369346216785e-02
-3.014958431846216994e-02	-3.090642025596217202e-02	-2.909977963096217063e-02
-3.007634213096217063e-02	-2.787907650596217063e-02	-2.900212338096216924e-02
-2.656071713096216924e-02	-2.775700619346217063e-02	-2.514470150596216994e-02
-2.641423275596217063e-02	-2.367985775596217340e-02	-2.502263119346216994e-02
-2.216618588096217271e-02	-2.353337338096217479e-02	-2.062809994346217340e-02
-2.201970150596217410e-02	-1.906559994346217202e-02	-2.048161556846217479e-02
-1.755192806846217132e-02	-1.894352963096217202e-02	-1.603825619346217410e-02
-1.740544369346217271e-02	-1.462224056846217306e-02	-1.589177181846217202e-02
-1.330388119346217340e-02	-1.450017025596217306e-02	-1.210759213096217202e-02
-1.318181088096217340e-02	-1.103337338096217063e-02	-1.203434994346217098e-02
-1.013005306846217167e-02	-1.098454525596217167e-02	-9.324389005962170629e-03
-1.008122494346217098e-02	-8.665209318462171670e-03	-9.324389005962170629e-03
-8.103685880962170629e-03	-8.689623380962170282e-03	-7.664232755962171323e-03
-8.176928068462171670e-03	-7.322435880962170802e-03	-7.786303068462171323e-03
-7.102709318462171149e-03	-7.493334318462170629e-03	-6.931810880962171323e-03
-7.322435880962170802e-03	-6.858568693462171149e-03	-7.224779630962171149e-03
-6.834154630962170802e-03	-7.224779630962171149e-03	-6.834154630962170802e-03
-7.224779630962171149e-03	-6.858568693462171149e-03	-7.224779630962171149e-03
-6.858568693462171149e-03	-7.200365568462170802e-03	-6.809740568462171323e-03
-7.175951505962171323e-03	-6.760912443462170629e-03	-7.127123380962170629e-03
-6.638842130962170629e-03	-7.029467130962170976e-03	-6.492357755962171149e-03
-6.907396818462170976e-03	-6.321459318462171323e-03	-6.736498380962171149e-03
-6.101732755962170802e-03	-6.541185880962170976e-03	-5.857592130962170802e-03
-6.297045255962170976e-03	-5.589037443462171323e-03	-6.028490568462170629e-03
-5.296068693462170629e-03	-5.759935880962171149e-03	-4.978685880962171323e-03
-5.442553068462170976e-03	-4.636889005962170802e-03	-5.125170255962170802e-03
-4.295092130962171149e-03	-4.758959318462170802e-03	-3.928881193462171149e-03
-4.441576505962170629e-03	-3.587084318462170629e-03	-4.075365568462170629e-03
-3.220873380962170629e-03	-3.733568693462170976e-03	-2.854662443462171063e-03
-3.391771818462170889e-03	-2.512865568462170976e-03	-3.025560880962171323e-03
-2.146654630962170976e-03	-2.683764005962171236e-03	-1.829271818462171019e-03
-2.341967130962171149e-03	-1.463060880962171019e-03	-2.000170255962171063e-03
-1.121264005962170933e-03	-1.658373380962170976e-03	-7.794671309621710627e-04
-1.292162443462170976e-03	-4.132561934621710085e-04	-9.503655684621709976e-04
-9.587338096217098407e-05	-5.841546309621709976e-04	2.215094315378290403e-04
-2.667718184621709868e-04	4.900641190378290891e-04	2.619693153782902609e-05
7.097906815378290674e-04	2.947516190378290241e-04	9.051031815378290241e-04
5.144781815378290024e-04	1.076001619037829067e-03	6.853766190378290457e-04
1.198071931537829067e-03	8.318609940378290674e-04	1.295728181537829154e-03
9.295172440378290457e-04	1.344556306537829198e-03	1.002759431537829111e-03
1.368970369037829111e-03	1.027173494037829024e-03	1.368970369037829111e-03
9.783453690378289807e-04	1.320142244037829067e-03	9.295172440378290457e-04
1.271314119037829024e-03	8.562750565378290891e-04	1.222485994037829198e-03
7.830328690378290241e-04	1.173657869037829154e-03	7.097906815378290674e-04
1.124829744037829111e-03	7.097906815378290674e-04	1.124829744037829111e-03
6.853766190378290457e-04	1.149243806537829024e-03	7.097906815378290674e-04
1.173657869037829154e-03	7.342047440378290891e-04	1.173657869037829154e-03
7.342047440378290891e-04	1.149243806537829024e-03	6.853766190378290457e-04
1.076001619037829067e-03	6.121344315378290891e-04	9.783453690378289807e-04
5.144781815378290024e-04	8.562750565378290891e-04	3.924078690378290566e-04
7.342047440378290891e-04	2.947516190378290241e-04	6.365484940378291108e-04
2.215094315378290403e-04	5.877203690378290674e-04	1.726813065378290241e-04
5.633063065378290457e-04	1.482672440378290295e-04	5.633063065378290457e-04
1.726813065378290241e-04	5.877203690378290674e-04	1.970953690378290457e-04
6.365484940378291108e-04	2.459234940378290349e-04	7.097906815378290674e-04
2.947516190378290241e-04	7.830328690378290241e-04	3.679938065378290349e-04
8.806891190378291108e-04	4.412359940378290457e-04	9.783453690378289807e-04
5.633063065378290457e-04	1.100415681537828981e-03	6.365484940378291108e-04
1.246900056537829111e-03	7.586188065378291108e-04	1.393384431537829024e-03
9.051031815378290241e-04	1.491040681537829111e-03	1.002759431537829111e-03
1.613110994037829111e-03	1.124829744037829111e-03	1.686353181537829067e-03
1.222485994037829198e-03	1.759595369037829024e-03	1.295728181537829154e-03
1.784009431537829154e-03	1.368970369037829111e-03	1.808423494037829067e-03
1.417798494037829154e-03	1.857251619037829111e-03	1.442212556537829067e-03
1.881665681537829024e-03	1.466626619037829198e-03	1.930493806537829067e-03
1.515454744037829024e-03	1.979321931537829111e-03	1.539868806537829154e-03
2.003735994037829024e-03	1.564282869037829067e-03	2.003735994037829024e-03
1.613110994037829111e-03	2.003735994037829024e-03	1.588696931537829198e-03
1.979321931537829111e-03	1.613110994037829111e-03	1.979321931537829111e-03
1.613110994037829111e-03	1.979321931537829111e-03	1.637525056537829024e-03
2.003735994037829024e-03	1.661939119037829154e-03	2.052564119037829284e-03
1.710767244037829198e-03	2.101392244037829111e-03	1.735181306537829111e-03
2.150220369037828937e-03	1.808423494037829067e-03	2.247876619037829024e-03
1.857251619037829111e-03	2.321118806537829198e-03	1.930493806537829067e-03
2.394360994037829371e-03	2.028150056537828937e-03	2.516431306537829371e-03
2.125806306537829024e-03	2.614087556537829024e-03	2.199048494037829198e-03
2.711743806537829111e-03	2.321118806537829198e-03	2.784985994037829284e-03
2.394360994037829371e-03	2.858228181537829024e-03	2.492017244037829024e-03
2.931470369037829198e-03	2.565259431537829198e-03	2.955884431537829111e-03
2.589673494037829111e-03	2.955884431537829111e-03	2.614087556537829024e-03
2.955884431537829111e-03	2.589673494037829111e-03	2.931470369037829198e-03
2.540845369037829284e-03	2.858228181537829024e-03	2.492017244037829024e-03
2.833814119037829111e-03	2.443189119037829198e-03	2.784985994037829284e-03
2.418775056537829284e-03	2.736157869037829024e-03	2.394360994037829371e-03
2.711743806537829111e-03	2.369946931537829024e-03	2.687329744037829198e-03
2.345532869037829111e-03	2.687329744037829198e-03	2.345532869037829111e-03
2.687329744037829198e-03	2.345532869037829111e-03	2.711743806537829111e-03
2.369946931537829024e-03	2.736157869037829024e-03	2.394360994037829371e-03
2.784985994037829284e-03	2.443189119037829198e-03	2.809400056537829198e-03
2.467603181537829111e-03	2.858228181537829024e-03	2.516431306537829371e-03
2.882642244037829371e-03	2.540845369037829284e-03	2.931470369037829198e-03
2.589673494037829111e-03	2.931470369037829198e-03	2.589673494037829111e-03
2.955884431537829111e-03	2.589673494037829111e-03	2.955884431537829111e-03
2.589673494037829111e-03	2.931470369037829198e-03	2.589673494037829111e-03
2.955884431537829111e-03	2.589673494037829111e-03	2.955884431537829111e-03
2.589673494037829111e-03	3.004712556537829371e-03	2.638501619037829371e-03
3.077954744037829111e-03	2.711743806537829111e-03	3.151196931537829718e-03
2.784985994037829284e-03	3.273267244037829718e-03	2.882642244037829371e-03
3.370923494037829371e-03	3.004712556537829371e-03	3.468579744037829458e-03
3.102368806537829024e-03	3.541821931537829631e-03	3.200025056537829544e-03
3.615064119037829371e-03	3.297681306537829631e-03	3.688306306537829544e-03
3.370923494037829371e-03	3.737134431537829371e-03	3.419751619037829631e-03
3.785962556537829631e-03	3.468579744037829458e-03	3.810376619037829544e-03
3.517407869037829718e-03	3.859204744037829371e-03	3.541821931537829631e-03
3.883618806537829718e-03	3.566235994037829544e-03	3.883618806537829718e-03
3.566235994037829544e-03	3.908032869037829198e-03	3.590650056537829458e-03
3.883618806537829718e-03	3.590650056537829458e-03	3.883618806537829718e-03
3.566235994037829544e-03	3.859204744037829371e-03	3.541821931537829631e-03
3.859204744037829371e-03	3.541821931537829631e-03	3.834790681537829458e-03
3.517407869037829718e-03	3.834790681537829458e-03	3.492993806537829371e-03
3.785962556537829631e-03	3.468579744037829458e-03	3.785962556537829631e-03
3.419751619037829631e-03	3.737134431537829371e-03	3.370923494037829371e-03
3.712720369037829458e-03	3.346509431537829458e-03	3.712720369037829458e-03
3.297681306537829631e-03	3.712720369037829458e-03	3.297681306537829631e-03
3.737134431537829371e-03	3.297681306537829631e-03	3.761548494037829718e-03
3.322095369037829544e-03	3.785962556537829631e-03	3.370923494037829371e-03
3.810376619037829544e-03	3.444165681537829544e-03	3.859204744037829371e-03
3.492993806537829371e-03	3.908032869037829198e-03	3.566235994037829544e-03
3.932446931537829544e-03	3.615064119037829371e-03	3.981275056537829371e-03
3.663892244037829631e-03	4.030103181537829198e-03	3.712720369037829458e-03
4.103345369037829371e-03	3.785962556537829631e-03	4.176587556537829544e-03
3.810376619037829544e-03	4.249829744037829718e-03	3.883618806537829718e-03
4.298657869037829544e-03	3.932446931537829544e-03	4.347485994037829371e-03
4.005689119037829718e-03	4.396314119037829198e-03	4.078931306537829891e-03
4.469556306537829371e-03	4.127759431537829718e-03	4.518384431537829198e-03
4.176587556537829544e-03	4.591626619037829371e-03	4.201001619037829891e-03
4.640454744037829198e-03	4.274243806537829198e-03	4.713696931537829371e-03
4.347485994037829371e-03	4.762525056537830065e-03	4.396314119037829198e-03
4.786939119037829544e-03	4.420728181537829544e-03	4.811353181537829891e-03
4.420728181537829544e-03	4.811353181537829891e-03	4.371900056537829718e-03
4.762525056537830065e-03	4.323071931537829891e-03	4.713696931537829371e-03
4.274243806537829198e-03	4.640454744037829198e-03	4.225415681537829371e-03
4.567212556537829891e-03	4.152173494037829198e-03	4.493970369037829718e-03
4.103345369037829371e-03	4.420728181537829544e-03	4.078931306537829891e-03
4.371900056537829718e-03	4.030103181537829198e-03	4.323071931537829891e-03
4.005689119037829718e-03	4.298657869037829544e-03	3.956860994037829891e-03
4.298657869037829544e-03	3.932446931537829544e-03	4.274243806537829198e-03
3.883618806537829718e-03	4.249829744037829718e-03	3.859204744037829371e-03
4.225415681537829371e-03	3.834790681537829458e-03	4.201001619037829891e-03
3.834790681537829458e-03	4.176587556537829544e-03	3.810376619037829544e-03
4.176587556537829544e-03	3.785962556537829631e-03	4.152173494037829198e-03
3.785962556537829631e-03	4.176587556537829544e-03	3.810376619037829544e-03
4.176587556537829544e-03	3.810376619037829544e-03	4.201001619037829891e-03
3.810376619037829544e-03	4.225415681537829371e-03	3.834790681537829458e-03
4.249829744037829718e-03	3.859204744037829371e-03	4.274243806537829198e-03
3.883618806537829718e-03	4.323071931537829891e-03	3.932446931537829544e-03
4.396314119037829198e-03	4.005689119037829718e-03	4.493970369037829718e-03
4.103345369037829371e-03	4.591626619037829371e-03	4.176587556537829544e-03
4.689282869037829891e-03	4.298657869037829544e-03	4.811353181537829891e-03
4.420728181537829544e-03	4.909009431537829544e-03	4.518384431537829198e-03
5.006665681537830065e-03	4.640454744037829198e-03	5.079907869037829371e-03
4.713696931537829371e-03	5.153150056537829544e-03	4.811353181537829891e-03
5.226392244037829718e-03	4.860181306537829718e-03	5.275220369037829544e-03
4.909009431537829544e-03	5.299634431537829891e-03	4.933423494037829891e-03
5.348462556537829718e-03	4.957837556537829371e-03	5.372876619037830065e-03
4.982251619037829718e-03	5.397290681537829544e-03	5.006665681537830065e-03
5.446118806537829371e-03	5.055493806537829891e-03	5.519360994037829544e-03
5.104321931537829718e-03	5.592603181537829718e-03	5.153150056537829544e-03
5.665845369037829891e-03	5.226392244037829718e-03	5.739087556537830065e-03
5.324048494037829371e-03	5.812329744037829371e-03	5.397290681537829544e-03
5.861157869037830065e-03	5.446118806537829371e-03	5.909985994037829891e-03
5.494946931537830065e-03	5.934400056537829371e-03	5.519360994037829544e-03
5.958814119037829718e-03	5.543775056537829891e-03	5.958814119037829718e-03
5.543775056537829891e-03	6.007642244037829544e-03	5.592603181537829718e-03
6.056470369037829371e-03	5.617017244037830065e-03	6.129712556537829544e-03
5.690259431537829371e-03	6.202954744037829718e-03	5.787915681537829891e-03
6.300610994037829371e-03	5.885571931537829544e-03	6.422681306537829371e-03
6.007642244037829544e-03	6.520337556537829891e-03	6.129712556537829544e-03
6.642407869037829891e-03	6.251782869037829544e-03	6.788892244037829371e-03
6.373853181537829544e-03	6.935376619037829718e-03	6.495923494037829544e-03
7.106275056537829544e-03	6.666821931537829371e-03	7.277173494037829371e-03
6.862134431537829544e-03	7.496900056537829891e-03	7.057446931537829718e-03
7.716626619037829544e-03	7.301587556537829718e-03	7.985181306537829024e-03
7.545728181537829718e-03	8.253735994037829371e-03	7.814282869037830065e-03
8.595532869037829024e-03	8.082837556537830412e-03	8.937329744037830412e-03
8.400220369037829718e-03	9.352368806537829371e-03	8.766431306537829718e-03
9.816235994037830759e-03	9.205884431537829024e-03	1.037775943153783006e-02
9.694165681537830759e-03	1.101252505653783041e-02	1.030451724403783076e-02
1.174494693153783041e-02	1.098811099403783006e-02	1.255061099403782798e-02
1.176936099403783076e-02	1.342951724403782833e-02	1.257502505653782833e-02
1.433283755653782902e-02	1.347834536903782902e-02	1.516291568153782868e-02
1.435725161903782937e-02	1.599299380653783006e-02	1.518732974403782902e-02
1.679865786903782937e-02	1.604182193153782729e-02	1.757990786903783006e-02
1.684748599403783006e-02	1.838557193153782937e-02	1.760432193153782868e-02
1.919123599403782868e-02	1.840998599403782798e-02	1.999690005653782798e-02
1.921565005653783076e-02	2.082697818153782937e-02	2.002131411903783006e-02
2.165705630653783076e-02	2.085139224403782798e-02	2.248713443153782868e-02
2.165705630653783076e-02	2.329279849403782798e-02	2.248713443153782868e-02
2.412287661903782937e-02	2.334162661903782868e-02	2.495295474403783076e-02
2.414729068153782798e-02	2.578303286903783215e-02	2.497736880653782937e-02
2.663752505653783215e-02	2.580744693153783076e-02	2.746760318153783353e-02
2.663752505653783215e-02	2.829768130653783145e-02	2.746760318153783353e-02
2.915217349403783145e-02	2.832209536903783353e-02	2.998225161903783284e-02
2.915217349403783145e-02	3.081232974403783076e-02	2.998225161903783284e-02
3.164240786903783215e-02	3.076350161903783353e-02	3.239924380653783076e-02
3.149592349403783353e-02	3.308283755653783353e-02	3.217951724403782937e-02
3.376643130653782937e-02	3.288752505653783076e-02	3.445002505653783215e-02
3.357111880653783353e-02	3.513361880653783492e-02	3.430354068153783353e-02
3.581721255653783076e-02	3.503596255653783353e-02	3.650080630653783353e-02
3.576838443153783353e-02	3.708674380653783492e-02	3.647639224403783492e-02
3.759943911903783353e-02	3.708674380653783492e-02	3.791682193153783631e-02
3.755061099403783631e-02	3.803889224403783631e-02	3.772150943153783353e-02
3.794123599403783492e-02	3.752619693153783076e-02	3.759943911903783353e-02
3.698908755653783353e-02	3.696467349403783492e-02	3.615900943153783215e-02
3.608576724403782937e-02	3.510920474403782937e-02	3.503596255653783353e-02
3.388850161903782937e-02	3.381525943153783353e-02	3.257014224403783492e-02
3.249690005653783215e-02	3.120295474403783284e-02	3.110529849403783145e-02
2.976252505653783145e-02	2.966486880653783353e-02	2.832209536903783353e-02
2.820002505653783353e-02	2.683283755653783145e-02	2.671076724403783145e-02
2.536799380653783145e-02	2.519709536903783076e-02	2.387873599403782937e-02
2.373225161903783076e-02	2.243830630653782798e-02	2.229182193153782937e-02
2.104670474403783076e-02	2.092463443153783076e-02	1.972834536903782937e-02
1.963068911903782798e-02	1.850764224403782937e-02	1.840998599403782798e-02
1.738459536903782729e-02	1.731135318153782798e-02	1.638361880653782868e-02
1.633479068153782798e-02	1.545588443153782937e-02	1.540705630653782868e-02
1.462580630653782798e-02	1.460139224403782937e-02	1.389338443153782798e-02
1.389338443153782798e-02	1.323420474403782902e-02	1.323420474403782902e-02
1.264826724403782937e-02	1.267268130653782798e-02	1.208674380653783006e-02
1.213557193153783076e-02	1.159846255653783006e-02	1.164729068153783076e-02
1.113459536903783041e-02	1.120783755653782972e-02	1.069514224403782937e-02
1.076838443153783041e-02	1.028010318153783041e-02	1.035334536903782972e-02
9.889478181537830065e-03	9.962720369037829371e-03	9.498853181537829718e-03
9.596509431537829371e-03	9.108228181537829371e-03	9.230298494037829371e-03
8.717603181537829024e-03	8.912915681537830065e-03	8.375806306537829371e-03
8.546704744037830065e-03	8.034009431537829718e-03	8.229321931537829024e-03
7.716626619037829544e-03	7.911939119037829718e-03	7.423657869037829718e-03
7.618970369037829891e-03	7.155103181537829371e-03	7.326001619037830065e-03
6.886548494037829891e-03	7.081860994037830065e-03	6.666821931537829371e-03
6.862134431537829544e-03	6.447095369037829718e-03	6.666821931537829371e-03
6.276196931537829891e-03	6.471509431537830065e-03	6.056470369037829371e-03
6.300610994037829371e-03	5.885571931537829544e-03	6.105298494037830065e-03
5.714673494037829718e-03	5.934400056537829371e-03	5.543775056537829891e-03
5.787915681537829891e-03	5.372876619037830065e-03	5.617017244037830065e-03
5.226392244037829718e-03	5.494946931537830065e-03	5.104321931537829718e-03
5.372876619037830065e-03	4.982251619037829718e-03	5.250806306537830065e-03
4.860181306537829718e-03	5.153150056537829544e-03	4.762525056537830065e-03
5.055493806537829891e-03	4.664868806537829544e-03	4.933423494037829891e-03
4.567212556537829891e-03	4.835767244037829371e-03	4.469556306537829371e-03
4.713696931537829371e-03	4.347485994037829371e-03	4.591626619037829371e-03
4.225415681537829371e-03	4.493970369037829718e-03	4.127759431537829718e-03
4.396314119037829198e-03	4.005689119037829718e-03	4.323071931537829891e-03
3.908032869037829198e-03	4.274243806537829198e-03	3.834790681537829458e-03
4.274243806537829198e-03	3.834790681537829458e-03	4.347485994037829371e-03
3.883618806537829718e-03	4.445142244037829891e-03	3.956860994037829891e-03
4.591626619037829371e-03	4.103345369037829371e-03	4.738110994037829718e-03
4.249829744037829718e-03	4.909009431537829544e-03	4.420728181537829544e-03
5.079907869037829371e-03	4.567212556537829891e-03	5.201978181537829371e-03
4.689282869037829891e-03	5.275220369037829544e-03	4.811353181537829891e-03
5.348462556537829718e-03	4.884595369037830065e-03	5.372876619037830065e-03
4.933423494037829891e-03	5.397290681537829544e-03	4.982251619037829718e-03
5.372876619037830065e-03	4.982251619037829718e-03	5.348462556537829718e-03
4.957837556537829371e-03	5.299634431537829891e-03	4.909009431537829544e-03
5.226392244037829718e-03	4.835767244037829371e-03	5.104321931537829718e-03
4.713696931537829371e-03	4.982251619037829718e-03	4.591626619037829371e-03
4.860181306537829718e-03	4.445142244037829891e-03	4.738110994037829718e-03
4.298657869037829544e-03	4.591626619037829371e-03	4.176587556537829544e-03
4.493970369037829718e-03	4.054517244037829544e-03	4.420728181537829544e-03
3.956860994037829891e-03	4.347485994037829371e-03	3.859204744037829371e-03
4.274243806537829198e-03	3.810376619037829544e-03	4.225415681537829371e-03
3.737134431537829371e-03	4.176587556537829544e-03	3.663892244037829631e-03
4.103345369037829371e-03	3.590650056537829458e-03	3.981275056537829371e-03
3.492993806537829371e-03	3.859204744037829371e-03	3.370923494037829371e-03
3.663892244037829631e-03	3.224439119037829458e-03	3.517407869037829718e-03
3.029126619037829284e-03	3.322095369037829544e-03	2.882642244037829371e-03
3.151196931537829718e-03	2.711743806537829111e-03	3.004712556537829371e-03
2.589673494037829111e-03	2.882642244037829371e-03	2.492017244037829024e-03
2.784985994037829284e-03	2.394360994037829371e-03	2.711743806537829111e-03
2.321118806537829198e-03	2.638501619037829371e-03	2.247876619037829024e-03
2.589673494037829111e-03	2.199048494037829198e-03	2.565259431537829198e-03
2.174634431537829284e-03	2.565259431537829198e-03	2.174634431537829284e-03
2.565259431537829198e-03	2.174634431537829284e-03	2.589673494037829111e-03
2.199048494037829198e-03	2.614087556537829024e-03	2.199048494037829198e-03
2.662915681537829284e-03	2.247876619037829024e-03	2.687329744037829198e-03
2.272290681537828937e-03	2.711743806537829111e-03	2.296704744037829284e-03
2.736157869037829024e-03	2.345532869037829111e-03	2.784985994037829284e-03
2.394360994037829371e-03	2.809400056537829198e-03	2.443189119037829198e-03
2.858228181537829024e-03	2.492017244037829024e-03	2.882642244037829371e-03
2.540845369037829284e-03	2.931470369037829198e-03	2.589673494037829111e-03
2.980298494037829024e-03	2.614087556537829024e-03	3.004712556537829371e-03
2.662915681537829284e-03	3.029126619037829284e-03	2.662915681537829284e-03
3.029126619037829284e-03	2.662915681537829284e-03	3.029126619037829284e-03
2.638501619037829371e-03	3.004712556537829371e-03	2.638501619037829371e-03
2.980298494037829024e-03	2.589673494037829111e-03	2.931470369037829198e-03
2.540845369037829284e-03	2.882642244037829371e-03	2.492017244037829024e-03
2.809400056537829198e-03	2.443189119037829198e-03	2.736157869037829024e-03
2.369946931537829024e-03	2.662915681537829284e-03	2.296704744037829284e-03
2.614087556537829024e-03	2.247876619037829024e-03	2.540845369037829284e-03
2.174634431537829284e-03	2.492017244037829024e-03	2.150220369037828937e-03
2.443189119037829198e-03	2.101392244037829111e-03	2.418775056537829284e-03
2.076978181537829198e-03	2.369946931537829024e-03	2.028150056537828937e-03
2.345532869037829111e-03	2.003735994037829024e-03	2.321118806537829198e-03
1.954907869037829198e-03	2.272290681537828937e-03	1.906079744037829154e-03
2.223462556537829111e-03	1.832837556537829198e-03	2.150220369037828937e-03
1.808423494037829067e-03	2.101392244037829111e-03	1.759595369037829024e-03
2.052564119037829284e-03	1.735181306537829111e-03	2.052564119037829284e-03
1.710767244037829198e-03	2.052564119037829284e-03	1.735181306537829111e-03
2.052564119037829284e-03	1.735181306537829111e-03	2.052564119037829284e-03
1.735181306537829111e-03	2.052564119037829284e-03	1.735181306537829111e-03
2.028150056537828937e-03	1.735181306537829111e-03	2.003735994037829024e-03
1.710767244037829198e-03	2.003735994037829024e-03	1.686353181537829067e-03
2.003735994037829024e-03	1.686353181537829067e-03	2.003735994037829024e-03
1.686353181537829067e-03	2.028150056537828937e-03	1.710767244037829198e-03
2.052564119037829284e-03	1.735181306537829111e-03	2.076978181537829198e-03
1.759595369037829024e-03	2.076978181537829198e-03	1.759595369037829024e-03
2.052564119037829284e-03	1.735181306537829111e-03	2.003735994037829024e-03
1.710767244037829198e-03	1.954907869037829198e-03	1.637525056537829024e-03
1.881665681537829024e-03	1.564282869037829067e-03	1.832837556537829198e-03
1.491040681537829111e-03	1.759595369037829024e-03	1.442212556537829067e-03
1.710767244037829198e-03	1.393384431537829024e-03	1.637525056537829024e-03
1.344556306537829198e-03	1.588696931537829198e-03	1.295728181537829154e-03
1.539868806537829154e-03	1.246900056537829111e-03	1.491040681537829111e-03
1.198071931537829067e-03	1.466626619037829198e-03	1.149243806537829024e-03
1.417798494037829154e-03	1.100415681537828981e-03	1.368970369037829111e-03
1.051587556537829154e-03	1.344556306537829198e-03	1.027173494037829024e-03
1.295728181537829154e-03	9.783453690378289807e-04	1.271314119037829024e-03
9.295172440378290457e-04	1.246900056537829111e-03	9.295172440378290457e-04
1.198071931537829067e-03	8.806891190378291108e-04	1.173657869037829154e-03
8.562750565378290891e-04	1.124829744037829111e-03	7.830328690378290241e-04
1.051587556537829154e-03	7.097906815378290674e-04	1.002759431537829111e-03
6.365484940378291108e-04	9.295172440378290457e-04	5.633063065378290457e-04
8.562750565378290891e-04	4.900641190378290891e-04	7.830328690378290241e-04
4.168219315378290241e-04	7.097906815378290674e-04	3.435797440378290674e-04
6.365484940378291108e-04	2.947516190378290241e-04	5.877203690378290674e-04
2.215094315378290403e-04	5.388922440378290241e-04	1.970953690378290457e-04
5.388922440378290241e-04	1.726813065378290241e-04	5.388922440378290241e-04
1.482672440378290295e-04	5.633063065378290457e-04	1.970953690378290457e-04
6.121344315378290891e-04	2.215094315378290403e-04	6.609625565378290241e-04
2.947516190378290241e-04	7.097906815378290674e-04	3.435797440378290674e-04
7.830328690378290241e-04	4.168219315378290241e-04	8.318609940378290674e-04
4.900641190378290891e-04	8.562750565378290891e-04	5.388922440378290241e-04
9.051031815378290241e-04	5.633063065378290457e-04	9.295172440378290457e-04
6.121344315378290891e-04	9.539313065378290674e-04	6.121344315378290891e-04
9.539313065378290674e-04	6.121344315378290891e-04	9.539313065378290674e-04
6.121344315378290891e-04	9.539313065378290674e-04	5.877203690378290674e-04
9.295172440378290457e-04	5.633063065378290457e-04	9.051031815378290241e-04
5.388922440378290241e-04	8.806891190378291108e-04	5.144781815378290024e-04
8.562750565378290891e-04	4.900641190378290891e-04	8.562750565378290891e-04
4.656500565378290674e-04	8.562750565378290891e-04	4.900641190378290891e-04
8.562750565378290891e-04	5.144781815378290024e-04	8.806891190378291108e-04
5.144781815378290024e-04	9.051031815378290241e-04	5.144781815378290024e-04
8.806891190378291108e-04	4.900641190378290891e-04	8.806891190378291108e-04
4.412359940378290457e-04	8.074469315378290457e-04	3.924078690378290566e-04
7.097906815378290674e-04	3.191656815378290457e-04	6.121344315378290891e-04
2.215094315378290403e-04	5.144781815378290024e-04	9.943911903782902677e-05
3.924078690378290566e-04	1.782869037829024104e-06	2.703375565378290566e-04
-9.587338096217098407e-05	1.726813065378290241e-04	-1.935296309621709759e-04
7.502505653782903219e-05	-2.911858809621710085e-04	-4.704525596217098136e-05
-4.132561934621710085e-04	-1.202874434621709786e-04	-5.109124434621710410e-04
-1.691155684621709814e-04	-5.841546309621709976e-04	-2.179436934621709976e-04
-6.329827559621710410e-04	-2.179436934621709976e-04	-6.573968184621710627e-04
-1.935296309621709759e-04	-6.573968184621710627e-04	-1.691155684621709814e-04
-6.085686934621710193e-04	-1.202874434621709786e-04	-5.597405684621709759e-04
-9.587338096217098407e-05	-5.109124434621710410e-04	-7.145931846217097594e-05
-4.620843184621709976e-04	-9.587338096217098407e-05	-4.376702559621709759e-04
-7.145931846217097594e-05	-4.376702559621709759e-04	-7.145931846217097594e-05
-4.376702559621709759e-04	-7.145931846217097594e-05	-4.376702559621709759e-04
-9.587338096217098407e-05	-4.864983809621710193e-04	-1.202874434621709786e-04
-5.109124434621710410e-04	-1.691155684621709814e-04	-5.841546309621709976e-04
-2.423577559621709922e-04	-6.573968184621710627e-04	-3.400140059621709976e-04
-7.550530684621710410e-04	-4.620843184621709976e-04	-8.771233809621710410e-04
-5.841546309621709976e-04	-9.991936934621709326e-04	-7.306390059621710193e-04
-1.121264005962170933e-03	-8.527093184621710193e-04	-1.243334318462171149e-03
-9.747796309621710193e-04	-1.365404630962171149e-03	-1.072435880962171106e-03
-1.463060880962171019e-03	-1.170092130962170976e-03	-1.560717130962171106e-03
-1.243334318462171149e-03	-1.658373380962170976e-03	-1.316576505962171106e-03
-1.731615568462171149e-03	-1.389818693462171063e-03	-1.829271818462171019e-03
-1.487474943462171149e-03	-1.926928068462171106e-03	-1.609545255962171149e-03
-2.048998380962170889e-03	-1.756029630962171063e-03	-2.195482755962171236e-03
-1.902514005962170976e-03	-2.341967130962171149e-03	-2.097826505962171149e-03
-2.512865568462170976e-03	-2.293139005962170889e-03	-2.708178068462171149e-03
-2.512865568462170976e-03	-2.952318693462171149e-03	-2.781420255962171323e-03
-3.220873380962170629e-03	-3.074389005962171149e-03	-3.538256193462170802e-03
-3.440599943462170716e-03	-3.904467130962170802e-03	-3.806810880962170716e-03
-4.319506193462170629e-03	-4.246264005962170456e-03	-4.758959318462170802e-03
-4.685717130962170629e-03	-5.271654630962171149e-03	-5.173998380962170629e-03
-5.784349943462170629e-03	-5.686693693462170976e-03	-6.297045255962170976e-03
-6.199389005962171323e-03	-6.809740568462171323e-03	-6.712084318462170802e-03
-7.346849943462171149e-03	-7.249193693462170629e-03	-7.835131193462170282e-03
-7.761889005962170976e-03	-8.347826505962170629e-03	-8.274584318462171323e-03
-8.836107755962170629e-03	-8.738451505962170976e-03	-9.299974943462170282e-03
-9.202318693462170629e-03	-9.690599943462170629e-03	-9.592943693462170976e-03
-1.005681088096217063e-02	-9.934740568462170629e-03	-1.042302181846217063e-02
-1.027653744346217202e-02	-1.078923275596217063e-02	-1.064274838096217202e-02
-1.115544369346217063e-02	-1.103337338096217063e-02	-1.154606869346217098e-02
-1.144841244346217132e-02	-1.198552181846217202e-02	-1.188786556846217063e-02
-1.244938900596217167e-02	-1.240056088096217098e-02	-1.298649838096217236e-02
-1.291325619346217306e-02	-1.357243588096217202e-02	-1.352360775596217306e-02
-1.415837338096217340e-02	-1.410954525596217271e-02	-1.481755306846217236e-02
-1.474431088096217306e-02	-1.545231869346217271e-02	-1.535466244346217306e-02
-1.611149838096217340e-02	-1.591618588096217410e-02	-1.669743588096217132e-02
-1.645329525596217132e-02	-1.725895931846217410e-02	-1.696599056846217340e-02
-1.774724056846217410e-02	-1.745427181846217340e-02	-1.823552181846217410e-02
-1.796696713096217202e-02	-1.872380306846217410e-02	-1.852849056846217132e-02
-1.926091244346217479e-02	-1.909001400596217410e-02	-1.982243588096217410e-02
-1.972477963096217271e-02	-2.043278744346217410e-02	-2.038395931846217340e-02
-2.109196713096217479e-02	-2.106755306846217271e-02	-2.182438900596217479e-02
-2.182438900596217479e-02	-2.255681088096217479e-02	-2.258122494346217340e-02
-2.331364681846217340e-02	-2.333806088096217202e-02	-2.409489681846217410e-02
-2.414372494346217479e-02	-2.492497494346217202e-02	-2.497380306846217271e-02
-2.577946713096217202e-02	-2.582829525596216924e-02	-2.665837338096217063e-02
-2.670720150596217132e-02	-2.756169369346217132e-02	-2.761052181846217202e-02
-2.846501400596217202e-02	-2.851384213096216924e-02	-2.934392025596217063e-02
-2.939274838096217132e-02	-3.022282650596216924e-02	-3.022282650596216924e-02
-3.100407650596216994e-02	-3.095524838096216924e-02	-3.161442806846217340e-02
-3.146794369346216785e-02	-3.200505306846217202e-02	-3.171208431846216785e-02
-3.217595150596216924e-02	-3.156559994346216924e-02	-3.207829525596216785e-02
-3.107731869346216924e-02	-3.173649838096217340e-02	-3.024724056846217132e-02
-3.110173275596217132e-02	-2.919743588096217202e-02	-3.022282650596216924e-02
-2.795231869346216994e-02	-2.909977963096217063e-02	-2.656071713096216924e-02
-2.785466244346217202e-02	-2.507145931846217063e-02	-2.643864681846216924e-02
-2.353337338096217479e-02	-2.494938900596217410e-02	-2.194645931846217479e-02
-2.338688900596217271e-02	-2.035954525596217479e-02	-2.179997494346217271e-02
-1.879704525596217340e-02	-2.021306088096217271e-02	-1.728337338096217271e-02
-1.867497494346217340e-02	-1.581852963096217271e-02	-1.716130306846217271e-02
-1.447575619346217271e-02	-1.569645931846217271e-02	-1.320622494346217202e-02
-1.435368588096217271e-02	-1.208317806846217167e-02	-1.313298275596217271e-02
-1.110661556846217167e-02	-1.200993588096217063e-02	-1.027653744346217202e-02
-1.108220150596217132e-02	-9.617357755962171323e-03	-1.027653744346217202e-02
-9.055834318462170282e-03	-9.641771818462171670e-03	-8.665209318462171670e-03
-9.129076505962171323e-03	-8.323412443462170282e-03	-8.762865568462171323e-03
-8.079271818462170282e-03	-8.494310880962170976e-03	-7.859545255962170629e-03
-8.298998380962171670e-03	-7.664232755962171323e-03	-8.103685880962170629e-03
-7.468920255962171149e-03	-7.932787443462171670e-03	-7.273607755962170976e-03
-7.737474943462170629e-03	-7.102709318462171149e-03	-7.566576505962170802e-03
-6.882982755962170629e-03	-7.371264005962170629e-03	-6.712084318462170802e-03
-7.200365568462170802e-03	-6.541185880962170976e-03	-7.005053068462170629e-03
-6.370287443462171149e-03	-6.834154630962170802e-03	-6.223803068462170802e-03
-6.638842130962170629e-03	-6.052904630962170976e-03	-6.443529630962171323e-03
-5.857592130962170802e-03	-6.223803068462170802e-03	-5.589037443462171323e-03
-6.004076505962171149e-03	-5.296068693462170629e-03	-5.735521818462170802e-03
-4.954271818462170976e-03	-5.418139005962170629e-03	-4.539232755962171149e-03
-5.051928068462170629e-03	-4.124193693462170456e-03	-4.661303068462171149e-03
-3.684740568462170716e-03	-4.221849943462170976e-03	-3.220873380962170629e-03
-3.782396818462170802e-03	-1.775255705180921184e-01	-1.775255705180921184e-01
-1.750841642680921184e-01	-1.836290861430921184e-01	-1.811876798930921184e-01
-1.897326017680921184e-01	-1.872911955180921184e-01	-1.946154142680921184e-01
-1.933947111430921184e-01	-2.007189298930921184e-01	-1.982775236430921184e-01
-2.068224455180921184e-01	-2.043810392680921184e-01	-2.129259611430921184e-01
-2.104845548930921184e-01	-2.190294767680921184e-01	-2.153673673930921184e-01
-2.239122892680921184e-01	-2.214708830180921184e-01	-2.300158048930921184e-01
-2.275743986430921184e-01	-2.361193205180921184e-01	-2.336779142680921184e-01
-2.410021330180921184e-01	-2.385607267680921184e-01	-2.471056486430921184e-01
-2.446642423930921184e-01	-2.519884611430921462e-01	-2.507677580180921462e-01
-2.593126798930921462e-01	-2.556505705180921462e-01	-2.641954923930921462e-01
-2.617540861430921462e-01	-2.702990080180921462e-01	-2.678576017680921462e-01
-2.764025236430921462e-01	-2.739611173930921462e-01	-2.812853361430921462e-01
-2.788439298930921462e-01	-2.873888517680921462e-01	-2.849474455180921462e-01
-2.934923673930921462e-01	-2.910509611430921462e-01	-2.995958830180921462e-01
-2.971544767680921462e-01	-3.044786955180921462e-01	-3.032579923930921462e-01
-3.105822111430921462e-01	-3.081408048930921462e-01	-3.166857267680921462e-01
-3.142443205180921462e-01	-3.227892423930921462e-01	-3.203478361430921462e-01
-3.288927580180921462e-01	-3.264513517680921462e-01	-3.337755705180921462e-01
-3.325548673930921462e-01	-3.398790861430921462e-01	-3.374376798930921462e-01
-3.459826017680921462e-01	-3.435411955180921462e-01	-3.520861173930921462e-01
-3.496447111430921462e-01	-3.569689298930921462e-01	-3.545275236430921462e-01
-3.630724455180921462e-01	-3.606310392680921462e-01	-3.691759611430921462e-01
-3.667345548930921462e-01	-3.740587736430921462e-01	-3.716173673930921462e-01
-3.801622892680921462e-01	-3.777208830180921462e-01	-3.862658048930921462e-01
-3.838243986430921462e-01	-3.923693205180921462e-01	-3.899279142680921462e-01
-3.972521330180921462e-01	-3.948107267680921462e-01	-4.033556486430921462e-01
-4.009142423930921462e-01	-4.094591642680921462e-01	-4.070177580180921462e-01
-4.143419767680921462e-01	-4.131212736430921462e-01	-4.204454923930921462e-01
-4.180040861430921462e-01	-4.265490080180921462e-01	-4.241076017680921462e-01
-4.314318205180921462e-01	-4.302111173930921462e-01	-4.375353361430921462e-01
-4.350939298930921462e-01	-4.436388517680921462e-01	-4.411974455180921462e-01
-4.497423673930921462e-01	-4.473009611430921462e-01	-4.558458830180921462e-01
-4.521837736430921462e-01	-4.607286955180921462e-01	-4.582872892680921462e-01
-4.668322111430921462e-01	-4.643908048930921462e-01	-4.729357267680921462e-01
-4.704943205180921462e-01	-4.778185392680921462e-01	-4.753771330180921462e-01
-4.839220548930921462e-01	-4.814806486430921462e-01	-4.900255705180921462e-01
-4.875841642680921462e-01	-4.949083830180921462e-01	-4.924669767680921462e-01
-5.010118986430921462e-01	-4.985704923930921462e-01	-5.071154142680921462e-01
-5.046740080180921462e-01	-5.132189298930921462e-01	-5.107775236430921462e-01
-5.181017423930921462e-01	-5.168810392680921462e-01	-5.242052580180921462e-01
-5.217638517680921462e-01	-5.303087736430921462e-01	-5.278673673930921462e-01
-5.364122892680921462e-01	-5.339708830180921462e-01	-5.412951017680921462e-01
-5.388536955180921462e-01	-5.473986173930921462e-01	-5.449572111430921462e-01
-5.535021330180921462e-01	-5.510607267680921462e-01	-5.583849455180921462e-01
-5.559435392680921462e-01	-5.644884611430921462e-01	-5.620470548930921462e-01
-5.705919767680921462e-01	-5.681505705180921462e-01	-5.766954923930921462e-01
-5.742540861430921462e-01	-5.815783048930921462e-01	-5.791368986430921462e-01
-5.876818205180921462e-01	-5.852404142680921462e-01	-5.937853361430921462e-01
-5.913439298930921462e-01	-5.986681486430921462e-01	-5.974474455180921462e-01
-6.047716642680921462e-01	-6.023302580180921462e-01	-6.108751798930921462e-01
-6.084337736430921462e-01	-6.169786955180921462e-01	-6.145372892680921462e-01
-6.230822111430921462e-01	-6.194201017680921462e-01	-6.279650236430921462e-01
-6.255236173930921462e-01	-6.340685392680921462e-01	-6.316271330180921462e-01
-6.401720548930921462e-01	-6.377306486430921462e-01	-6.450548673930921462e-01
-6.426134611430921462e-01	-6.511583830180921462e-01	-6.487169767680921462e-01
-6.572618986430921462e-01	-6.548204923930921462e-01	-6.633654142680921462e-01
-6.609240080180921462e-01	-6.682482267680921462e-01	-6.670275236430921462e-01
-6.743517423930921462e-01	-6.719103361430921462e-01	-6.804552580180921462e-01
-6.780138517680921462e-01	-6.865587736430921462e-01	-6.841173673930921462e-01
-6.914415861430921462e-01	-6.890001798930921462e-01	-6.975451017680921462e-01
-6.951036955180921462e-01	-7.024279142680921462e-01	-7.012072111430921462e-01
-7.085314298930921462e-01	-7.060900236430921462e-01	-7.146349455180921462e-01
-7.121935392680921462e-01	-7.207384611430921462e-01	-7.182970548930921462e-01
-7.256212736430921462e-01	-7.231798673930921462e-01	-7.317247892680921462e-01
-7.292833830180921462e-01	-7.378283048930921462e-01	-7.353868986430921462e-01
-7.439318205180921462e-01	-7.402697111430921462e-01	-7.488146330180921462e-01
-7.463732267680921462e-01	-7.524767423930921462e-01	-7.414904142680921462e-01
-7.500353361430921462e-01	-7.353868986430921462e-01	-7.439318205180921462e-01
-7.305040861430921462e-01	-7.378283048930921462e-01	-7.244005705180921462e-01
-7.329454923930921462e-01	-7.182970548930921462e-01	-7.268419767680921462e-01
-7.134142423930921462e-01	-7.207384611430921462e-01	-7.073107267680921462e-01
-7.158556486430921462e-01	-7.012072111430921462e-01	-7.097521330180921462e-01
-6.963243986430921462e-01	-7.036486173930921462e-01	-6.902208830180921462e-01
-6.987658048930921462e-01	-6.853380705180921462e-01	-6.926622892680921462e-01
-6.792345548930921462e-01	-6.865587736430921462e-01	-6.731310392680921462e-01
-6.816759611430921462e-01	-6.670275236430921462e-01	-6.755724455180921462e-01
-6.621447111430921462e-01	-6.706896330180921462e-01	-6.560411955180921462e-01
-6.645861173930921462e-01	-6.499376798930921462e-01	-6.584826017680921462e-01
-6.450548673930921462e-01	-6.523790861430921462e-01	-6.389513517680921462e-01
-6.474962736430921462e-01	-6.340685392680921462e-01	-6.413927580180921462e-01
-6.279650236430921462e-01	-6.352892423930921462e-01	-6.218615080180921462e-01
-6.304064298930921462e-01	-6.157579923930921462e-01	-6.243029142680921462e-01
-6.108751798930921462e-01	-6.181993986430921462e-01	-6.047716642680921462e-01
-6.133165861430921462e-01	-5.986681486430921462e-01	-6.072130705180921462e-01
-5.937853361430921462e-01	-6.011095548930921462e-01	-5.876818205180921462e-01
-5.962267423930921462e-01	-5.827990080180921462e-01	-5.901232267680921462e-01
-5.766954923930921462e-01	-5.840197111430921462e-01	-5.705919767680921462e-01
-5.791368986430921462e-01	-5.644884611430921462e-01	-5.730333830180921462e-01
-5.596056486430921462e-01	-5.669298673930921462e-01	-5.535021330180921462e-01
-5.620470548930921462e-01	-5.486193205180921462e-01	-5.559435392680921462e-01
-5.425158048930921462e-01	-5.498400236430921462e-01	-5.364122892680921462e-01
-5.449572111430921462e-01	-5.303087736430921462e-01	-5.388536955180921462e-01
-5.254259611430921462e-01	-5.339708830180921462e-01	-5.193224455180921462e-01
-5.278673673930921462e-01	-5.132189298930921462e-01	-5.217638517680921462e-01
-5.083361173930921462e-01	-5.156603361430921462e-01	-5.022326017680921462e-01
-5.107775236430921462e-01	-4.961290861430921462e-01	-5.046740080180921462e-01
-4.912462736430921462e-01	-4.985704923930921462e-01	-4.851427580180921462e-01
-4.936876798930921462e-01	-4.790392423930921462e-01	-4.875841642680921462e-01
-4.741564298930921462e-01	-4.814806486430921462e-01	-4.680529142680921462e-01
-4.765978361430921462e-01	-4.619493986430921462e-01	-4.704943205180921462e-01
-4.570665861430921462e-01	-4.643908048930921462e-01	-4.509630705180921462e-01
-4.582872892680921462e-01	-4.448595548930921462e-01	-4.534044767680921462e-01
-4.399767423930921462e-01	-4.485216642680921462e-01	-4.338732267680921462e-01
-4.424181486430921462e-01	-4.277697111430921462e-01	-4.363146330180921462e-01
-4.228868986430921462e-01	-4.302111173930921462e-01	-4.167833830180921462e-01
-4.253283048930921462e-01	-4.106798673930921462e-01	-4.192247892680921462e-01
-4.045763517680921462e-01	-4.131212736430921462e-01	-3.996935392680921462e-01
-4.070177580180921462e-01	-3.935900236430921462e-01	-4.021349455180921462e-01
-3.887072111430921462e-01	-3.960314298930921462e-01	-3.826036955180921462e-01
-3.899279142680921462e-01	-3.765001798930921462e-01	-3.850451017680921462e-01
-3.703966642680921462e-01	-3.789415861430921462e-01	-3.655138517680921462e-01
-3.728380705180921462e-01	-3.594103361430921462e-01	-3.679552580180921462e-01
-3.533068205180921462e-01	-3.618517423930921462e-01	-3.472033048930921462e-01
-3.557482267680921462e-01	-3.423204923930921462e-01	-3.496447111430921462e-01
-3.362169767680921462e-01	-3.447618986430921462e-01	-3.301134611430921462e-01
-3.386583830180921462e-01	-3.252306486430921462e-01	-3.325548673930921462e-01
-3.191271330180921462e-01	-3.264513517680921462e-01	-3.130236173930921462e-01
-3.215685392680921462e-01	-3.069201017680921462e-01	-3.154650236430921462e-01
-3.020372892680921462e-01	-3.093615080180921462e-01	-2.959337736430921462e-01
-3.044786955180921462e-01	-2.898302580180921462e-01	-2.983751798930921462e-01
-2.837267423930921462e-01	-2.922716642680921462e-01	-2.788439298930921462e-01
-2.861681486430921462e-01	-2.727404142680921462e-01	-2.812853361430921462e-01
-2.666368986430921462e-01	-2.751818205180921462e-01	-2.605333830180921462e-01
-2.690783048930921462e-01	-2.556505705180921462e-01	-2.629747892680921462e-01
-2.495470548930921184e-01	-2.580919767680921462e-01	-2.434435392680921184e-01
-2.519884611430921462e-01	-2.373400236430921184e-01	-2.471056486430921184e-01
-2.324572111430921184e-01	-2.410021330180921184e-01	-2.263536955180921184e-01
-2.348986173930921184e-01	-2.202501798930921184e-01	-2.287951017680921184e-01
-2.153673673930921184e-01	-2.226915861430921184e-01	-2.092638517680921184e-01
-2.178087736430921184e-01	-2.031603361430921184e-01	-2.117052580180921184e-01
-1.982775236430921184e-01	-2.056017423930921184e-01	-1.921740080180921184e-01
-1.994982267680921184e-01	-1.860704923930921184e-01	-1.946154142680921184e-01
-1.799669767680921184e-01	-1.885118986430921184e-01	-1.750841642680921184e-01
-1.824083830180921184e-01	-1.689806486430921184e-01	-1.775255705180921184e-01
-1.628771330180921184e-01	-1.714220548930921184e-01	-1.567736173930921184e-01
-1.653185392680921184e-01	-1.506701017680920907e-01	-1.604357267680921184e-01
-1.457872892680920907e-01	-1.543322111430920907e-01	-1.396837736430920907e-01
-1.482286955180920907e-01	-1.348009611430920907e-01	-1.421251798930920907e-01
-1.286974455180920907e-01	-1.372423673930920907e-01	-1.225939298930921045e-01
-1.311388517680920907e-01	-1.164904142680921045e-01	-1.250353361430920907e-01
-1.116076017680921045e-01	-1.189318205180921045e-01	-1.055040861430921045e-01
-1.128283048930921045e-01	-9.940057051809210453e-02	-1.079454923930921045e-01
-9.329705489309210453e-02	-1.018419767680921045e-01	-8.841424239309210453e-02
-9.573846114309210453e-02	-8.231072676809210453e-02	-9.085564864309210453e-02
-7.620721114309210453e-02	-8.475213301809210453e-02	-7.010369551809210453e-02
-7.864861739309210453e-02	-6.522088301809210453e-02	-7.254510176809210453e-02
-5.911736739309210453e-02	-6.766228926809210453e-02	-5.301385176809210453e-02
-6.155877364309210453e-02	-4.813103926809210453e-02	-5.545525801809210453e-02
-4.202752364309210453e-02	-5.057244551809210453e-02	-3.592400801809210453e-02
-4.446892989309210453e-02	-2.982049239309210106e-02	-3.836541426809210453e-02
-2.493767989309210106e-02	-3.226189864309210453e-02	-1.883416426809210106e-02
-2.737908614309210106e-02	-1.273064864309210106e-02	-2.127557051809210106e-02
-7.847836143092101063e-03	-1.517205489309210106e-02	-1.744320518092101063e-03
-1.028924239309210106e-02	4.359195106907898937e-03	-4.185726768092101063e-03
1.046271073190789894e-02	1.917788856907898937e-03	1.534552323190789894e-02
8.021304481907898937e-03	2.144903885690789894e-02	1.290411698190789894e-02
2.755255448190789894e-02	1.900763260690789894e-02	3.365607010690789547e-02
2.511114823190789894e-02	3.853888260690789547e-02	2.999396073190789894e-02
4.464239823190789547e-02	3.609747635690789547e-02	5.074591385690789547e-02
4.220099198190789547e-02	5.562872635690789547e-02	4.830450760690789547e-02
6.173224198190789547e-02	5.318732010690789547e-02	6.783575760690789547e-02
5.929083573190789547e-02	7.393927323190789547e-02	6.539435135690789547e-02
7.882208573190789547e-02	7.149786698190789547e-02	8.492560135690789547e-02
7.638067948190789547e-02	9.102911698190789547e-02	8.248419510690789547e-02
9.713263260690789547e-02	8.858771073190789547e-02	1.020154451069078955e-01
9.347052323190789547e-02	1.081189607319078955e-01	9.957403885690789547e-02
1.142224763569078955e-01	1.056775544819078955e-01	1.203259919819078955e-01
1.117810701069078955e-01	1.252088044819079093e-01	1.178845857319078955e-01
1.300916169819079093e-01	1.227673982319078955e-01	1.349744294819079093e-01
1.276502107319079093e-01	1.410779451069079093e-01	1.337537263569079093e-01
1.471814607319079093e-01	1.386365388569079093e-01	1.532849763569079093e-01
1.447400544819079093e-01	1.581677888569078816e-01	1.508435701069079093e-01
1.642713044819078816e-01	1.569470857319078816e-01	1.703748201069078816e-01
1.618298982319078816e-01	1.764783357319078816e-01	1.679334138569078816e-01
1.813611482319078816e-01	1.740369294819078816e-01	1.874646638569078816e-01
1.789197419819078816e-01	1.935681794819078816e-01	1.850232576069078816e-01
1.984509919819078816e-01	1.911267732319078816e-01	2.045545076069078816e-01
1.960095857319078816e-01	2.106580232319078816e-01	2.021131013569078816e-01
2.167615388569078816e-01	2.082166169819078816e-01	2.216443513569078816e-01
2.130994294819078816e-01	2.277478669819078816e-01	2.192029451069078816e-01
2.338513826069078816e-01	2.253064607319078816e-01	2.399548982319078816e-01
2.314099763569078816e-01	2.448377107319078816e-01	2.362927888569078816e-01
2.509412263569078538e-01	2.436170076069078816e-01	2.570447419819078538e-01
2.484998201069078816e-01	2.631482576069078538e-01	2.546033357319078538e-01
2.680310701069078538e-01	2.607068513569078538e-01	2.741345857319078538e-01
2.655896638569078538e-01	2.802381013569078538e-01	2.716931794819078538e-01
2.863416169819078538e-01	2.777966951069078538e-01	2.912244294819078538e-01
2.839002107319078538e-01	2.973279451069078538e-01	2.887830232319078538e-01
3.034314607319078538e-01	2.948865388569078538e-01	3.095349763569078538e-01
3.009900544819078538e-01	3.144177888569078538e-01	3.070935701069078538e-01
3.205213044819078538e-01	3.131970857319078538e-01	3.266248201069078538e-01
3.180798982319078538e-01	3.315076326069078538e-01	3.241834138569078538e-01
3.376111482319078538e-01	3.302869294819078538e-01	3.437146638569078538e-01
3.351697419819078538e-01	3.498181794819078538e-01	3.412732576069078538e-01
3.559216951069078538e-01	3.473767732319078538e-01	3.608045076069078538e-01
3.534802888569078538e-01	3.669080232319078538e-01	3.583631013569078538e-01
3.730115388569078538e-01	3.644666169819078538e-01	3.778943513569078538e-01
3.705701326069078538e-01	3.839978669819078538e-01	3.766736482319078538e-01
3.901013826069078538e-01	3.815564607319078538e-01	3.949841951069078538e-01
3.876599763569078538e-01	4.010877107319078538e-01	3.937634919819078538e-01
4.071912263569078538e-01	3.986463044819078538e-01	4.132947419819078538e-01
4.047498201069078538e-01	4.193982576069078538e-01	4.108533357319078538e-01
4.242810701069078538e-01	4.169568513569078538e-01	4.303845857319078538e-01
4.218396638569078538e-01	4.364881013569078538e-01	4.279431794819078538e-01
4.413709138569078538e-01	4.328259919819078538e-01	4.474744294819078538e-01
4.389295076069078538e-01	4.535779451069078538e-01	4.450330232319078538e-01
4.584607576069078538e-01	4.511365388569078538e-01	4.645642732319078538e-01
4.572400544819078538e-01	4.706677888569078538e-01	4.633435701069078538e-01
4.767713044819078538e-01	4.682263826069078538e-01	4.816541169819078538e-01
4.743298982319078538e-01	4.877576326069078538e-01	4.804334138569078538e-01
4.938611482319078538e-01	4.853162263569078538e-01	4.999646638569078538e-01
4.914197419819078538e-01	5.048474763569078538e-01	4.975232576069078538e-01
5.109509919819078538e-01	5.024060701069078538e-01	5.170545076069078538e-01
5.085095857319078538e-01	5.231580232319078538e-01	5.146131013569078538e-01
5.280408357319078538e-01	5.194959138569078538e-01	5.341443513569078538e-01
5.255994294819078538e-01	5.402478669819078538e-01	5.317029451069078538e-01
5.451306794819078538e-01	5.378064607319078538e-01	5.512341951069078538e-01
5.439099763569078538e-01	5.573377107319078538e-01	5.487927888569078538e-01
5.634412263569078538e-01	5.548963044819078538e-01	5.683240388569078538e-01
5.609998201069078538e-01	5.744275544819078538e-01	5.658826326069078538e-01
5.805310701069078538e-01	5.719861482319078538e-01	5.866345857319078538e-01
5.780896638569078538e-01	5.915173982319078538e-01	5.841931794819078538e-01
5.976209138569078538e-01	5.890759919819078538e-01	6.037244294819078538e-01
5.951795076069078538e-01	6.098279451069078538e-01	6.012830232319078538e-01
6.147107576069078538e-01	6.073865388569078538e-01	6.208142732319078538e-01
6.122693513569078538e-01	6.269177888569078538e-01	6.183728669819078538e-01
6.318006013569078538e-01	6.244763826069078538e-01	6.379041169819078538e-01
6.293591951069078538e-01	6.440076326069078538e-01	6.354627107319078538e-01
6.501111482319078538e-01	6.415662263569078538e-01	6.549939607319078538e-01
6.476697419819078538e-01	6.610974763569078538e-01	6.525525544819078538e-01
6.672009919819078538e-01	6.586560701069078538e-01	6.733045076069078538e-01
6.647595857319078538e-01	6.781873201069078538e-01	6.708631013569078538e-01
6.842908357319078538e-01	6.757459138569078538e-01	6.903943513569078538e-01
6.818494294819078538e-01	6.952771638569078538e-01	6.867322419819078538e-01
7.013806794819078538e-01	6.928357576069078538e-01	7.074841951069078538e-01
6.989392732319078538e-01	7.123670076069078538e-01	7.050427888569078538e-01
7.184705232319078538e-01	7.099256013569078538e-01	7.245740388569078538e-01
7.160291169819078538e-01	7.306775544819078538e-01	7.221326326069078538e-01
7.355603669819078538e-01	7.282361482319078538e-01	7.416638826069078538e-01
7.331189607319078538e-01	7.477673982319078538e-01	7.392224763569078538e-01
7.526502107319078538e-01	7.453259919819078538e-01	7.587537263569078538e-01
7.502088044819078538e-01	7.648572419819078538e-01	7.563123201069078538e-01
7.697400544819078538e-01	7.624158357319078538e-01	7.758435701069078538e-01
7.685193513569078538e-01	7.819470857319078538e-01	7.734021638569078538e-01
7.880506013569078538e-01	7.795056794819078538e-01	7.929334138569078538e-01
7.856091951069078538e-01	7.990369294819078538e-01	7.904920076069078538e-01
8.051404451069078538e-01	7.965955232319078538e-01	8.112439607319078538e-01
8.026990388569078538e-01	8.161267732319078538e-01	8.088025544819078538e-01
8.222302888569078538e-01	8.149060701069078538e-01	8.283338044819078538e-01
8.197888826069078538e-01	8.332166169819078538e-01	8.258923982319078538e-01
8.393201326069078538e-01	8.307752107319078538e-01	8.454236482319078538e-01
8.368787263569078538e-01	8.515271638569078538e-01	8.429822419819078538e-01
8.564099763569078538e-01	8.490857576069078538e-01	8.625134919819078538e-01
8.539685701069078538e-01	8.686170076069078538e-01	8.600720857319078538e-01
8.734998201069078538e-01	8.661756013569078538e-01	8.796033357319078538e-01
8.710584138569078538e-01	8.857068513569078538e-01	8.771619294819078538e-01
8.918103669819078538e-01	8.832654451069078538e-01	8.966931794819078538e-01
8.893689607319078538e-01	9.027966951069078538e-01	8.942517732319078538e-01
9.089002107319078538e-01	9.003552888569078538e-01	9.150037263569078538e-01
9.064588044819078538e-01	9.198865388569078538e-01	9.125623201069078538e-01
9.259900544819078538e-01	9.174451326069078538e-01	9.320935701069078538e-01
9.235486482319078538e-01	9.381970857319078538e-01	9.296521638569078538e-01
9.430798982319078538e-01	9.357556794819078538e-01	9.491834138569078538e-01
9.406384919819078538e-01	9.552869294819078538e-01	9.467420076069078538e-01
9.601697419819078538e-01	9.516248201069078538e-01	9.662732576069078538e-01
9.577283357319078538e-01	9.723767732319078538e-01	9.638318513569078538e-01
9.772595857319078538e-01	9.699353669819078538e-01	9.833631013569078538e-01
9.748181794819078538e-01	9.894666169819078538e-01	9.809216951069078538e-01
9.955701326069078538e-01	9.870252107319078538e-01	1.000452945106907965e+00
9.931287263569078538e-01	1.004115054481907965e+00	9.967908357319078538e-01
9.992322419819078538e-01	9.919080232319078538e-01	9.943494294819078538e-01
9.858045076069078538e-01	9.882459138569078538e-01	9.809216951069078538e-01
9.821423982319078538e-01	9.748181794819078538e-01	9.772595857319078538e-01
9.687146638569078538e-01	9.711560701069078538e-01	9.626111482319078538e-01
9.662732576069078538e-01	9.577283357319078538e-01	9.601697419819078538e-01
9.516248201069078538e-01	9.540662263569078538e-01	9.467420076069078538e-01
9.491834138569078538e-01	9.406384919819078538e-01	9.430798982319078538e-01
9.357556794819078538e-01	9.381970857319078538e-01	9.296521638569078538e-01
9.320935701069078538e-01	9.235486482319078538e-01	9.259900544819078538e-01
9.174451326069078538e-01	9.198865388569078538e-01	9.125623201069078538e-01
9.150037263569078538e-01	9.064588044819078538e-01	9.089002107319078538e-01
9.003552888569078538e-01	9.027966951069078538e-01	8.954724763569078538e-01
8.979138826069078538e-01	8.893689607319078538e-01	8.918103669819078538e-01
8.844861482319078538e-01	8.857068513569078538e-01	8.783826326069078538e-01
8.808240388569078538e-01	8.722791169819078538e-01	8.747205232319078538e-01
8.661756013569078538e-01	8.686170076069078538e-01	8.612927888569078538e-01
8.637341951069078538e-01	8.551892732319078538e-01	8.576306794819078538e-01
8.490857576069078538e-01	8.515271638569078538e-01	8.442029451069078538e-01
8.466443513569078538e-01	8.380994294819078538e-01	8.405408357319078538e-01
8.332166169819078538e-01	8.356580232319078538e-01	8.271131013569078538e-01
8.295545076069078538e-01	8.210095857319078538e-01	8.234509919819078538e-01
8.149060701069078538e-01	8.185681794819078538e-01	8.100232576069078538e-01
8.124646638569078538e-01	8.039197419819078538e-01	8.063611482319078538e-01
7.978162263569078538e-01	8.002576326069078538e-01	7.929334138569078538e-01
7.953748201069078538e-01	7.868298982319078538e-01	7.892713044819078538e-01
7.807263826069078538e-01	7.831677888569078538e-01	7.758435701069078538e-01
7.782849763569078538e-01	7.697400544819078538e-01	7.721814607319078538e-01
7.636365388569078538e-01	7.660779451069078538e-01	7.587537263569078538e-01
7.611951326069078538e-01	7.526502107319078538e-01	7.550916169819078538e-01
7.465466951069078538e-01	7.489881013569078538e-01	7.416638826069078538e-01
7.441052888569078538e-01	7.355603669819078538e-01	7.380017732319078538e-01
7.294568513569078538e-01	7.318982576069078538e-01	7.245740388569078538e-01
7.270154451069078538e-01	7.184705232319078538e-01	7.209119294819078538e-01
7.123670076069078538e-01	7.148084138569078538e-01	7.074841951069078538e-01
7.099256013569078538e-01	7.013806794819078538e-01	7.038220857319078538e-01
6.952771638569078538e-01	6.977185701069078538e-01	6.903943513569078538e-01
6.928357576069078538e-01	6.842908357319078538e-01	6.867322419819078538e-01
6.781873201069078538e-01	6.806287263569078538e-01	6.733045076069078538e-01
6.757459138569078538e-01	6.672009919819078538e-01	6.696423982319078538e-01
6.610974763569078538e-01	6.635388826069078538e-01	6.549939607319078538e-01
6.586560701069078538e-01	6.501111482319078538e-01	6.525525544819078538e-01
6.440076326069078538e-01	6.464490388569078538e-01	6.391248201069078538e-01
6.415662263569078538e-01	6.330213044819078538e-01	6.354627107319078538e-01
6.269177888569078538e-01	6.293591951069078538e-01	6.220349763569078538e-01
6.232556794819078538e-01	6.159314607319078538e-01	6.183728669819078538e-01
6.098279451069078538e-01	6.122693513569078538e-01	6.037244294819078538e-01
6.061658357319078538e-01	5.988416169819078538e-01	6.012830232319078538e-01
5.927381013569078538e-01	5.951795076069078538e-01	5.866345857319078538e-01
5.890759919819078538e-01	5.817517732319078538e-01	5.841931794819078538e-01
5.756482576069078538e-01	5.780896638569078538e-01	5.695447419819078538e-01
5.719861482319078538e-01	5.634412263569078538e-01	5.658826326069078538e-01
5.585584138569078538e-01	5.609998201069078538e-01	5.524548982319078538e-01
5.548963044819078538e-01	5.463513826069078538e-01	5.487927888569078538e-01
5.414685701069078538e-01	5.439099763569078538e-01	5.353650544819078538e-01
5.378064607319078538e-01	5.292615388569078538e-01	5.317029451069078538e-01
5.243787263569078538e-01	5.255994294819078538e-01	5.182752107319078538e-01
5.207166169819078538e-01	5.121716951069078538e-01	5.146131013569078538e-01
5.060681794819078538e-01	5.097302888569078538e-01	5.011853669819078538e-01
5.036267732319078538e-01	4.950818513569078538e-01	4.975232576069078538e-01
4.901990388569078538e-01	4.914197419819078538e-01	4.840955232319078538e-01
4.865369294819078538e-01	4.779920076069078538e-01	4.804334138569078538e-01
4.718884919819078538e-01	4.743298982319078538e-01	4.657849763569078538e-01
4.682263826069078538e-01	4.609021638569078538e-01	4.633435701069078538e-01
4.547986482319078538e-01	4.572400544819078538e-01	4.486951326069078538e-01
4.511365388569078538e-01	4.438123201069078538e-01	4.450330232319078538e-01
4.377088044819078538e-01	4.401502107319078538e-01	4.316052888569078538e-01
4.340466951069078538e-01	4.255017732319078538e-01	4.279431794819078538e-01
4.206189607319078538e-01	4.230603669819078538e-01	4.145154451069078538e-01
4.169568513569078538e-01	4.084119294819078538e-01	4.108533357319078538e-01
4.035291169819078538e-01	4.047498201069078538e-01	3.974256013569078538e-01
3.998670076069078538e-01	3.913220857319078538e-01	3.937634919819078538e-01
3.852185701069078538e-01	3.876599763569078538e-01	3.803357576069078538e-01
3.827771638569078538e-01	3.742322419819078538e-01	3.766736482319078538e-01
3.681287263569078538e-01	3.705701326069078538e-01	3.620252107319078538e-01
3.644666169819078538e-01	3.571423982319078538e-01	3.595838044819078538e-01
3.510388826069078538e-01	3.534802888569078538e-01	3.449353669819078538e-01
3.473767732319078538e-01	3.388318513569078538e-01	3.424939607319078538e-01
3.339490388569078538e-01	3.363904451069078538e-01	3.278455232319078538e-01
3.302869294819078538e-01	3.217420076069078538e-01	3.241834138569078538e-01
3.168591951069078538e-01	3.180798982319078538e-01	3.107556794819078538e-01
3.131970857319078538e-01	3.046521638569078538e-01	3.070935701069078538e-01
2.985486482319078538e-01	3.009900544819078538e-01	2.936658357319078538e-01
2.961072419819078538e-01	2.875623201069078538e-01	2.900037263569078538e-01
2.814588044819078538e-01	2.839002107319078538e-01	2.753552888569078538e-01
2.777966951069078538e-01	2.704724763569078538e-01	2.729138826069078538e-01
2.643689607319078538e-01	2.668103669819078538e-01	2.582654451069078538e-01
2.607068513569078538e-01	2.521619294819078538e-01	2.546033357319078538e-01
2.472791169819078816e-01	2.497205232319078816e-01	2.411756013569078816e-01
2.436170076069078816e-01	2.350720857319078816e-01	2.375134919819078816e-01
2.289685701069078816e-01	2.314099763569078816e-01	2.240857576069078816e-01
2.253064607319078816e-01	2.179822419819078816e-01	2.204236482319078816e-01
2.118787263569078816e-01	2.143201326069078816e-01	2.069959138569078816e-01
2.082166169819078816e-01	2.008923982319078816e-01	2.021131013569078816e-01
1.947888826069078816e-01	1.972302888569078816e-01	1.886853669819078816e-01
1.911267732319078816e-01	1.825818513569078816e-01	1.850232576069078816e-01
1.776990388569078816e-01	1.801404451069078816e-01	1.715955232319078816e-01
1.740369294819078816e-01	1.654920076069078816e-01	1.679334138569078816e-01
1.606091951069078816e-01	1.630506013569078816e-01	1.545056794819079093e-01
1.569470857319078816e-01	1.484021638569079093e-01	1.508435701069079093e-01
1.435193513569079093e-01	1.447400544819079093e-01	1.374158357319079093e-01
1.398572419819079093e-01	1.313123201069079093e-01	1.337537263569079093e-01
1.264295076069079093e-01	1.276502107319079093e-01	1.215466951069078955e-01
1.239881013569078955e-01	1.154431794819078955e-01	1.178845857319078955e-01
1.093396638569078955e-01	1.117810701069078955e-01	1.044568513569078955e-01
1.056775544819078955e-01	9.713263260690789547e-02	1.007947419819078955e-01
9.224982010690789547e-02	9.469122635690789547e-02	8.736700760690789547e-02
8.858771073190789547e-02	8.126349198190789547e-02	8.370489823190789547e-02
7.515997635690789547e-02	7.760138260690789547e-02	6.905646073190789547e-02
7.149786698190789547e-02	6.295294510690789547e-02	6.539435135690789547e-02
5.807013260690789547e-02	6.051153885690789547e-02	5.196661698190789547e-02
5.440802323190789547e-02	4.586310135690789547e-02	4.830450760690789547e-02
4.098028885690789547e-02	4.220099198190789547e-02	3.487677323190789547e-02
3.731817948190789547e-02	2.877325760690789894e-02	3.121466385690789894e-02
2.266974198190789894e-02	2.511114823190789894e-02	1.656622635690789894e-02
2.022833573190789894e-02	1.168341385690789894e-02	1.412482010690789894e-02
5.579898231907898937e-03	8.021304481907898937e-03	-5.236173930921010633e-04
1.917788856907898937e-03	-5.406429893092101063e-03	-4.185726768092101063e-03
-1.150994551809210106e-02	-9.068539268092101063e-03	-1.761346114309210106e-02
-1.517205489309210106e-02	-2.249627364309210106e-02	-2.005486739309210106e-02
-2.859978926809210106e-02	-2.615838301809210106e-02	-3.470330489309210453e-02
-3.226189864309210453e-02	-4.080682051809210453e-02	-3.714471114309210453e-02
-4.568963301809210453e-02	-4.324822676809210453e-02	-5.179314864309210453e-02
-4.935174239309210453e-02	-5.789666426809210453e-02	-5.545525801809210453e-02
-6.277947676809210453e-02	-6.155877364309210453e-02	-6.888299239309210453e-02
-6.644158614309210453e-02	-7.498650801809210453e-02	-7.254510176809210453e-02
-7.986932051809210453e-02	-7.864861739309210453e-02	-8.719353926809210453e-02
-8.353142989309210453e-02	-9.207635176809210453e-02	-8.963494551809210453e-02
-9.817986739309210453e-02	-9.573846114309210453e-02	-1.042833830180921045e-01
-1.018419767680921045e-01	-1.091661955180921045e-01	-1.079454923930921045e-01
-1.152697111430921045e-01	-1.128283048930921045e-01	-1.213732267680921045e-01
-1.189318205180921045e-01	-1.274767423930920907e-01	-1.250353361430920907e-01
-1.323595548930920907e-01	-1.311388517680920907e-01	-1.384630705180920907e-01
-1.360216642680920907e-01	-1.445665861430920907e-01	-1.421251798930920907e-01
-1.506701017680920907e-01	-1.482286955180920907e-01	-1.555529142680920907e-01
-1.531115080180920907e-01	-1.616564298930921184e-01	-1.592150236430921184e-01
-1.677599455180921184e-01	-1.653185392680921184e-01	-1.738634611430921184e-01
-1.714220548930921184e-01	-1.787462736430921184e-01	-1.763048673930921184e-01
-1.848497892680921184e-01	-1.824083830180921184e-01	-1.909533048930921184e-01
-1.885118986430921184e-01	-1.970568205180921184e-01	-1.946154142680921184e-01
-2.019396330180921184e-01	-1.994982267680921184e-01	-2.080431486430921184e-01
-2.056017423930921184e-01	-2.141466642680921184e-01	-2.117052580180921184e-01
-2.202501798930921184e-01	-2.178087736430921184e-01	-2.251329923930921184e-01
-2.226915861430921184e-01	-2.312365080180921184e-01	-2.287951017680921184e-01
-2.373400236430921184e-01	-2.348986173930921184e-01	-2.422228361430921184e-01
-2.410021330180921184e-01	-2.483263517680921184e-01	-2.458849455180921184e-01
-2.544298673930921462e-01	-2.519884611430921462e-01	-2.605333830180921462e-01
-2.580919767680921462e-01	-2.654161955180921462e-01	-2.629747892680921462e-01
-2.715197111430921462e-01	-2.690783048930921462e-01	-2.776232267680921462e-01
-2.751818205180921462e-01	-2.825060392680921462e-01	-2.812853361430921462e-01
-2.898302580180921462e-01	-2.861681486430921462e-01	-2.947130705180921462e-01
-2.922716642680921462e-01	-3.008165861430921462e-01	-2.983751798930921462e-01
-3.069201017680921462e-01	-3.044786955180921462e-01	-3.118029142680921462e-01
-3.093615080180921462e-01	-3.179064298930921462e-01	-3.154650236430921462e-01
-3.240099455180921462e-01	-3.215685392680921462e-01	-3.301134611430921462e-01
-3.276720548930921462e-01	-3.349962736430921462e-01	-3.337755705180921462e-01
-3.410997892680921462e-01	-3.386583830180921462e-01	-3.472033048930921462e-01
-3.447618986430921462e-01	-3.533068205180921462e-01	-3.508654142680921462e-01
-3.581896330180921462e-01	-3.569689298930921462e-01	-3.642931486430921462e-01
-3.618517423930921462e-01	-3.703966642680921462e-01	-3.679552580180921462e-01
-3.765001798930921462e-01	-3.728380705180921462e-01	-3.813829923930921462e-01
-3.789415861430921462e-01	-3.874865080180921462e-01	-3.850451017680921462e-01
-3.935900236430921462e-01	-3.911486173930921462e-01	-3.984728361430921462e-01
-3.972521330180921462e-01	-4.045763517680921462e-01	-4.021349455180921462e-01
-4.106798673930921462e-01	-4.082384611430921462e-01	-4.167833830180921462e-01
-4.143419767680921462e-01	-4.216661955180921462e-01	-4.204454923930921462e-01
-4.277697111430921462e-01	-4.253283048930921462e-01	-4.338732267680921462e-01
-4.314318205180921462e-01	-4.399767423930921462e-01	-4.363146330180921462e-01
-4.448595548930921462e-01	-4.424181486430921462e-01	-4.509630705180921462e-01
-4.485216642680921462e-01	-4.570665861430921462e-01	-4.546251798930921462e-01
-4.619493986430921462e-01	-4.595079923930921462e-01	-4.680529142680921462e-01
-4.656115080180921462e-01	-4.741564298930921462e-01	-4.717150236430921462e-01
-4.802599455180921462e-01	-4.765978361430921462e-01	-4.851427580180921462e-01
-4.827013517680921462e-01	-4.912462736430921462e-01	-4.888048673930921462e-01
-4.973497892680921462e-01	-4.949083830180921462e-01	-5.022326017680921462e-01
-4.997911955180921462e-01	-5.083361173930921462e-01	-5.058947111430921462e-01
-5.144396330180921462e-01	-5.119982267680921462e-01	-5.205431486430921462e-01
-5.181017423930921462e-01	-5.254259611430921462e-01	-5.229845548930921462e-01
-5.315294767680921462e-01	-5.290880705180921462e-01	-5.376329923930921462e-01
-5.351915861430921462e-01	-5.425158048930921462e-01	-5.412951017680921462e-01
-5.486193205180921462e-01	-5.461779142680921462e-01	-5.547228361430921462e-01
-5.522814298930921462e-01	-5.608263517680921462e-01	-5.583849455180921462e-01
-5.657091642680921462e-01	-5.632677580180921462e-01	-5.718126798930921462e-01
-5.693712736430921462e-01	-5.779161955180921462e-01	-5.754747892680921462e-01
-5.840197111430921462e-01	-5.815783048930921462e-01	-5.901232267680921462e-01
-5.864611173930921462e-01	-5.950060392680921462e-01	-5.925646330180921462e-01
-6.011095548930921462e-01	-5.986681486430921462e-01	-6.059923673930921462e-01
-6.035509611430921462e-01	-6.120958830180921462e-01	-6.096544767680921462e-01
-6.181993986430921462e-01	-6.157579923930921462e-01	-6.243029142680921462e-01
-6.218615080180921462e-01	-6.291857267680921462e-01	-6.267443205180921462e-01
-6.352892423930921462e-01	-6.328478361430921462e-01	-6.413927580180921462e-01
-6.389513517680921462e-01	-6.474962736430921462e-01	-6.438341642680921462e-01
-6.523790861430921462e-01	-6.499376798930921462e-01	-6.584826017680921462e-01
-6.560411955180921462e-01	-6.645861173930921462e-01	-6.621447111430921462e-01
-6.706896330180921462e-01	-6.682482267680921462e-01	-6.755724455180921462e-01
-6.731310392680921462e-01	-6.816759611430921462e-01	-6.792345548930921462e-01
-6.877794767680921462e-01	-6.853380705180921462e-01	-6.926622892680921462e-01
-6.902208830180921462e-01	-6.987658048930921462e-01	-6.963243986430921462e-01
-7.048693205180921462e-01	-7.024279142680921462e-01	-7.109728361430921462e-01
-7.085314298930921462e-01	-7.158556486430921462e-01	-7.134142423930921462e-01
-7.219591642680921462e-01	-7.195177580180921462e-01	-7.268419767680921462e-01
-7.256212736430921462e-01	-7.329454923930921462e-01	-7.305040861430921462e-01
-7.390490080180921462e-01	-7.366076017680921462e-01	-7.451525236430921462e-01
-7.427111173930921462e-01	-7.500353361430921462e-01	-7.451525236430921462e-01
-7.536974455180921462e-01	-7.402697111430921462e-01	-7.488146330180921462e-01
-7.341661955180921462e-01	-7.427111173930921462e-01	-7.280626798930921462e-01
-7.366076017680921462e-01	-7.231798673930921462e-01	-7.305040861430921462e-01
-7.170763517680921462e-01	-7.256212736430921462e-01	-7.121935392680921462e-01
-7.195177580180921462e-01	-7.060900236430921462e-01	-7.146349455180921462e-01
-6.999865080180921462e-01	-7.085314298930921462e-01	-6.951036955180921462e-01
-7.024279142680921462e-01	-6.890001798930921462e-01	-6.975451017680921462e-01
-6.828966642680921462e-01	-6.914415861430921462e-01	-6.780138517680921462e-01
-6.865587736430921462e-01	-6.719103361430921462e-01	-6.804552580180921462e-01
-6.658068205180921462e-01	-6.743517423930921462e-01	-6.609240080180921462e-01
-6.682482267680921462e-01	-6.548204923930921462e-01	-6.633654142680921462e-01
-6.487169767680921462e-01	-6.572618986430921462e-01	-6.438341642680921462e-01
-6.511583830180921462e-01	-6.377306486430921462e-01	-6.462755705180921462e-01
-6.316271330180921462e-01	-6.401720548930921462e-01	-6.267443205180921462e-01
-6.340685392680921462e-01	-6.206408048930921462e-01	-6.279650236430921462e-01
-6.145372892680921462e-01	-6.230822111430921462e-01	-6.096544767680921462e-01
-6.169786955180921462e-01	-6.035509611430921462e-01	-6.120958830180921462e-01
-5.974474455180921462e-01	-6.059923673930921462e-01	-5.925646330180921462e-01
-5.998888517680921462e-01	-5.864611173930921462e-01	-5.950060392680921462e-01
-5.803576017680921462e-01	-5.889025236430921462e-01	-5.754747892680921462e-01
-5.827990080180921462e-01	-5.693712736430921462e-01	-5.779161955180921462e-01
-5.632677580180921462e-01	-5.718126798930921462e-01	-5.583849455180921462e-01
-5.657091642680921462e-01	-5.522814298930921462e-01	-5.608263517680921462e-01
-5.461779142680921462e-01	-5.547228361430921462e-01	-5.412951017680921462e-01
-5.486193205180921462e-01	-5.351915861430921462e-01	-5.437365080180921462e-01
-5.290880705180921462e-01	-5.376329923930921462e-01	-5.242052580180921462e-01
-5.315294767680921462e-01	-5.181017423930921462e-01	-5.266466642680921462e-01
-5.119982267680921462e-01	-5.205431486430921462e-01	-5.058947111430921462e-01
-5.144396330180921462e-01	-5.010118986430921462e-01	-5.095568205180921462e-01
-4.949083830180921462e-01	-5.034533048930921462e-01	-4.888048673930921462e-01
-4.973497892680921462e-01	-4.827013517680921462e-01	-4.924669767680921462e-01
-4.778185392680921462e-01	-4.863634611430921462e-01	-4.717150236430921462e-01
-4.802599455180921462e-01	-4.668322111430921462e-01	-4.753771330180921462e-01
