Record Length,16384,,Source,CH1,CH2
Sample Interval,CH1:0.0000002000000 CH2:0.0000002000000,,Second,Volt,Volt
Vertical Units,CH1:V CH2:V,,-0.00163840002,0.24000,5.04000
Vertical Scale,CH1:2.00 CH2:1.00,,-0.00163820002,0.24000,5.04000
Vertical Offset,CH1:-1.20000 CH2:-2.26000,,-0.00163800002,0.16000,5.04000
Horizontal Units,s,,-0.00163780001,0.16000,5.04000
Horizontal Scale,0.0001000000,,-0.00163760001,0.16000,5.04000
Model Number,SDS1052DL+,,-0.00163740001,0.24000,5.08000
Serial Number,SDS1MHEX6R3383,,-0.00163720001,0.16000,5.04000
Software Version,6.02.01.11,,-0.00163700001,0.24000,5.04000
,,,-0.00163680001,0.16000,5.04000
,,,-0.00163660001,0.16000,5.08000
,,,-0.00163640000,0.24000,5.04000
,,,-0.00163620000,0.24000,5.04000
,,,-0.00163600000,0.16000,5.04000
,,,-0.00163580000,0.24000,5.08000
,,,-0.00163560000,0.24000,5.08000
,,,-0.00163540000,0.24000,5.04000
,,,-0.00163519999,0.24000,5.04000
,,,-0.00163499999,0.16000,5.08000
,,,-0.00163479999,0.24000,5.04000
,,,-0.00163459999,0.16000,5.08000
,,,-0.00163439999,0.16000,5.04000
,,,-0.00163419999,0.24000,5.08000
,,,-0.00163399999,0.16000,5.04000
,,,-0.00163379998,0.16000,5.04000
,,,-0.00163359998,0.16000,5.08000
,,,-0.00163339998,0.16000,5.04000
,,,-0.00163319998,0.16000,5.08000
,,,-0.00163299998,0.24000,5.04000
,,,-0.00163279998,0.16000,5.04000
,,,-0.00163259997,0.16000,5.04000
,,,-0.00163239997,0.16000,5.08000
,,,-0.00163219997,0.16000,5.04000
,,,-0.00163199997,0.24000,5.04000
,,,-0.00163179997,0.24000,5.04000
,,,-0.00163159997,0.16000,5.08000
,,,-0.00163139997,0.16000,5.04000
,,,-0.00163119996,0.16000,5.04000
,,,-0.00163099996,0.24000,5.08000
,,,-0.00163079996,0.16000,5.04000
,,,-0.00163060008,0.16000,5.08000
,,,-0.00163040007,0.16000,5.04000
,,,-0.00163020007,0.16000,5.04000
,,,-0.00163000007,0.16000,5.04000
,,,-0.00162980007,0.16000,5.08000
,,,-0.00162960007,0.16000,5.00000
,,,-0.00162940007,0.16000,5.00000
,,,-0.00162920007,0.24000,5.04000
,,,-0.00162900006,0.16000,5.04000
,,,-0.00162880006,0.16000,5.04000
,,,-0.00162860006,0.16000,5.04000
,,,-0.00162840006,0.16000,5.04000
,,,-0.00162820006,0.16000,5.04000
,,,-0.00162800006,0.16000,5.04000
,,,-0.00162780005,0.16000,5.08000
,,,-0.00162760005,0.16000,5.08000
,,,-0.00162740005,0.16000,5.04000
,,,-0.00162720005,0.16000,5.04000
,,,-0.00162700005,0.16000,5.08000
,,,-0.00162680005,0.16000,5.04000
,,,-0.00162660005,0.16000,5.04000
,,,-0.00162640004,0.16000,5.04000
,,,-0.00162620004,0.16000,5.04000
,,,-0.00162600004,0.16000,5.08000
,,,-0.00162580004,0.16000,5.04000
,,,-0.00162560004,0.24000,5.04000
,,,-0.00162540004,0.16000,5.08000
,,,-0.00162520004,0.16000,5.04000
,,,-0.00162500003,0.24000,5.04000
,,,-0.00162480003,0.16000,5.08000
,,,-0.00162460003,0.24000,5.04000
,,,-0.00162440003,0.16000,5.08000
,,,-0.00162420003,0.16000,5.04000
,,,-0.00162400003,0.16000,5.08000
,,,-0.00162380002,0.16000,5.04000
,,,-0.00162360002,0.16000,5.04000
,,,-0.00162340002,0.16000,5.08000
,,,-0.00162320002,0.16000,5.04000
,,,-0.00162300002,0.24000,5.04000
,,,-0.00162280002,0.16000,5.04000
,,,-0.00162260002,0.24000,5.04000
,,,-0.00162240001,0.24000,5.08000
,,,-0.00162220001,0.16000,5.04000
,,,-0.00162200001,0.16000,5.08000
,,,-0.00162180001,0.24000,5.08000
,,,-0.00162160001,0.16000,5.04000
,,,-0.00162140001,0.16000,5.04000
,,,-0.00162120000,0.16000,5.04000
,,,-0.00162100000,0.16000,5.08000
,,,-0.00162080000,0.24000,5.04000
,,,-0.00162060000,0.16000,5.08000
,,,-0.00162040000,0.16000,5.04000
,,,-0.00162020000,0.16000,5.04000
,,,-0.00162000000,0.16000,5.00000
,,,-0.00161979999,0.16000,5.04000
,,,-0.00161959999,0.16000,5.04000
,,,-0.00161939999,0.16000,5.04000
,,,-0.00161919999,0.24000,5.08000
,,,-0.00161899999,0.16000,5.04000
,,,-0.00161879999,0.16000,5.04000
,,,-0.00161859998,0.16000,5.04000
,,,-0.00161839998,0.24000,5.04000
,,,-0.00161819998,0.16000,5.04000
,,,-0.00161799998,0.24000,5.04000
,,,-0.00161779998,0.24000,5.08000
,,,-0.00161759998,0.16000,5.08000
,,,-0.00161739998,0.16000,5.04000
,,,-0.00161719997,0.16000,5.04000
,,,-0.00161699997,0.24000,5.08000
,,,-0.00161679997,0.24000,5.04000
,,,-0.00161659997,0.16000,5.00000
,,,-0.00161639997,0.16000,5.08000
,,,-0.00161619997,0.24000,5.04000
,,,-0.00161599996,0.24000,5.04000
,,,-0.00161579996,0.16000,5.04000
,,,-0.00161559996,0.16000,5.04000
,,,-0.00161540008,0.24000,5.04000
,,,-0.00161520008,0.16000,5.04000
,,,-0.00161500007,0.16000,5.04000
,,,-0.00161480007,0.16000,5.04000
,,,-0.00161460007,0.16000,5.04000
,,,-0.00161440007,0.16000,5.04000
,,,-0.00161420007,0.16000,5.04000
,,,-0.00161400007,0.24000,5.04000
,,,-0.00161380006,0.16000,5.04000
,,,-0.00161360006,0.24000,5.04000
,,,-0.00161340006,0.24000,5.04000
,,,-0.00161320006,0.16000,5.04000
,,,-0.00161300006,0.24000,5.04000
,,,-0.00161280006,0.16000,5.08000
,,,-0.00161260006,0.16000,5.08000
,,,-0.00161240005,0.16000,5.08000
,,,-0.00161220005,0.24000,5.04000
,,,-0.00161200005,0.24000,5.00000
,,,-0.00161180005,0.24000,5.08000
,,,-0.00161160005,0.16000,5.08000
,,,-0.00161140005,0.24000,5.08000
,,,-0.00161120004,0.16000,5.04000
,,,-0.00161100004,0.16000,5.04000
,,,-0.00161080004,0.16000,5.04000
,,,-0.00161060004,0.16000,5.04000
,,,-0.00161040004,0.16000,5.08000
,,,-0.00161020004,0.16000,5.04000
,,,-0.00161000004,0.16000,5.04000
,,,-0.00160980003,0.24000,5.08000
,,,-0.00160960003,0.16000,5.08000
,,,-0.00160940003,0.16000,5.04000
,,,-0.00160920003,0.16000,5.04000
,,,-0.00160900003,0.24000,5.04000
,,,-0.00160880003,0.16000,5.04000
,,,-0.00160860003,0.24000,5.04000
,,,-0.00160840002,0.16000,5.04000
,,,-0.00160820002,0.16000,5.04000
,,,-0.00160800002,0.16000,5.04000
,,,-0.00160780002,0.16000,5.04000
,,,-0.00160760002,0.16000,5.04000
,,,-0.00160740002,0.16000,5.04000
,,,-0.00160720001,0.16000,5.04000
,,,-0.00160700001,0.24000,5.04000
,,,-0.00160680001,0.16000,5.08000
,,,-0.00160660001,0.16000,5.04000
,,,-0.00160640001,0.16000,5.04000
,,,-0.00160620001,0.16000,5.08000
,,,-0.00160600001,0.16000,5.04000
,,,-0.00160580000,0.24000,5.08000
,,,-0.00160560000,0.16000,5.04000
,,,-0.00160540000,0.24000,5.04000
,,,-0.00160520000,0.16000,5.08000
,,,-0.00160500000,0.16000,5.04000
,,,-0.00160480000,0.24000,5.04000
,,,-0.00160459999,0.16000,5.04000
,,,-0.00160439999,0.16000,5.08000
,,,-0.00160419999,0.24000,5.04000
,,,-0.00160399999,0.16000,5.04000
,,,-0.00160379999,0.16000,5.04000
,,,-0.00160359999,0.16000,5.08000
,,,-0.00160339999,0.16000,5.04000
,,,-0.00160319998,0.16000,5.04000
,,,-0.00160299998,0.16000,5.08000
,,,-0.00160279998,0.16000,5.04000
,,,-0.00160259998,0.24000,5.04000
,,,-0.00160239998,0.16000,5.08000
,,,-0.00160219998,0.16000,5.08000
,,,-0.00160199997,0.24000,5.08000
,,,-0.00160179997,0.24000,5.04000
,,,-0.00160159997,0.24000,5.04000
,,,-0.00160139997,0.16000,5.04000
,,,-0.00160119997,0.16000,5.08000
,,,-0.00160099997,0.16000,5.04000
,,,-0.00160079997,0.16000,5.04000
,,,-0.00160059996,0.16000,5.04000
,,,-0.00160039996,0.16000,5.04000
,,,-0.00160019996,0.16000,5.08000
,,,-0.00160000008,0.16000,5.04000
,,,-0.00159980007,0.16000,5.04000
,,,-0.00159960007,0.16000,5.04000
,,,-0.00159940007,0.16000,5.04000
,,,-0.00159920007,0.24000,5.08000
,,,-0.00159900007,0.16000,5.08000
,,,-0.00159880007,0.16000,5.04000
,,,-0.00159860007,0.16000,5.04000
,,,-0.00159840006,0.16000,5.04000
,,,-0.00159820006,0.24000,5.04000
,,,-0.00159800006,0.16000,5.04000
,,,-0.00159780006,0.16000,5.04000
,,,-0.00159760006,0.16000,5.04000
,,,-0.00159740006,0.16000,5.04000
,,,-0.00159720005,0.16000,5.04000
,,,-0.00159700005,0.16000,5.08000
,,,-0.00159680005,0.16000,5.04000
,,,-0.00159660005,0.16000,5.08000
,,,-0.00159640005,0.16000,5.04000
,,,-0.00159620005,0.16000,5.08000
,,,-0.00159600005,0.16000,5.08000
,,,-0.00159580004,0.16000,5.04000
,,,-0.00159560004,0.24000,5.04000
,,,-0.00159540004,0.16000,5.08000
,,,-0.00159520004,0.16000,5.04000
,,,-0.00159500004,0.24000,5.04000
,,,-0.00159480004,0.16000,5.04000
,,,-0.00159460003,0.24000,5.04000
,,,-0.00159440003,0.16000,5.04000
,,,-0.00159420003,0.24000,5.04000
,,,-0.00159400003,0.16000,5.04000
,,,-0.00159380003,0.16000,5.04000
,,,-0.00159360003,0.16000,5.04000
,,,-0.00159340003,0.16000,5.00000
,,,-0.00159320002,0.16000,5.08000
,,,-0.00159300002,0.16000,5.04000
,,,-0.00159280002,0.16000,5.04000
,,,-0.00159260002,0.24000,5.04000
,,,-0.00159240002,0.24000,5.08000
,,,-0.00159220002,0.24000,5.04000
,,,-0.00159200002,0.16000,5.04000
,,,-0.00159180001,0.24000,5.04000
,,,-0.00159160001,0.16000,5.04000
,,,-0.00159140001,0.24000,5.04000
,,,-0.00159120001,0.16000,5.04000
,,,-0.00159100001,0.16000,5.04000
,,,-0.00159080001,0.16000,5.04000
,,,-0.00159060000,0.16000,5.04000
,,,-0.00159040000,0.16000,5.04000
,,,-0.00159020000,0.16000,5.04000
,,,-0.00159000000,0.16000,5.04000
,,,-0.00158980000,0.16000,5.08000
,,,-0.00158960000,0.16000,5.04000
,,,-0.00158940000,0.16000,5.04000
,,,-0.00158919999,0.16000,5.04000
,,,-0.00158899999,0.16000,5.04000
,,,-0.00158879999,0.24000,5.00000
,,,-0.00158859999,0.24000,5.04000
,,,-0.00158839999,0.24000,5.04000
,,,-0.00158819999,0.16000,5.04000
,,,-0.00158799998,0.24000,5.04000
,,,-0.00158779998,0.16000,5.08000
,,,-0.00158759998,0.24000,5.08000
,,,-0.00158739998,0.16000,5.04000
,,,-0.00158719998,0.16000,5.08000
,,,-0.00158699998,0.16000,5.08000
,,,-0.00158679998,0.16000,5.04000
,,,-0.00158659997,0.16000,5.08000
,,,-0.00158639997,0.16000,5.08000
,,,-0.00158619997,0.16000,5.04000
,,,-0.00158599997,0.16000,5.04000
,,,-0.00158579997,0.24000,5.04000
,,,-0.00158559997,0.24000,5.04000
,,,-0.00158539996,0.16000,5.08000
,,,-0.00158519996,0.16000,5.04000
,,,-0.00158499996,0.16000,5.04000
,,,-0.00158480008,0.16000,5.04000
,,,-0.00158460008,0.16000,5.04000
,,,-0.00158440007,0.24000,5.04000
,,,-0.00158420007,0.16000,5.04000
,,,-0.00158400007,0.16000,5.08000
,,,-0.00158380007,0.16000,5.04000
,,,-0.00158360007,0.16000,5.08000
,,,-0.00158340007,0.16000,5.04000
,,,-0.00158320006,0.16000,5.08000
,,,-0.00158300006,0.16000,5.08000
,,,-0.00158280006,0.16000,5.08000
,,,-0.00158260006,0.16000,5.04000
,,,-0.00158240006,0.16000,5.04000
,,,-0.00158220006,0.16000,5.04000
,,,-0.00158200006,0.16000,5.08000
,,,-0.00158180005,0.24000,5.04000
,,,-0.00158160005,0.16000,5.04000
,,,-0.00158140005,0.16000,5.08000
,,,-0.00158120005,0.24000,5.04000
,,,-0.00158100005,0.16000,5.04000
,,,-0.00158080005,0.16000,5.04000
,,,-0.00158060004,0.16000,5.08000
,,,-0.00158040004,0.16000,5.08000
,,,-0.00158020004,0.16000,5.04000
,,,-0.00158000004,0.16000,5.08000
,,,-0.00157980004,0.16000,5.08000
,,,-0.00157960004,0.16000,5.04000
,,,-0.00157940004,0.16000,5.04000
,,,-0.00157920003,0.16000,5.04000
,,,-0.00157900003,0.16000,5.04000
,,,-0.00157880003,0.16000,5.04000
,,,-0.00157860003,0.24000,5.04000
,,,-0.00157840003,0.16000,5.04000
,,,-0.00157820003,0.16000,5.04000
,,,-0.00157800002,0.16000,5.04000
,,,-0.00157780002,0.16000,5.04000
,,,-0.00157760002,0.16000,5.08000
,,,-0.00157740002,0.16000,5.04000
,,,-0.00157720002,0.16000,5.08000
,,,-0.00157700002,0.24000,5.08000
,,,-0.00157680002,0.16000,5.04000
,,,-0.00157660001,0.16000,5.04000
,,,-0.00157640001,0.16000,5.04000
,,,-0.00157620001,0.16000,5.08000
,,,-0.00157600001,0.24000,5.04000
,,,-0.00157580001,0.24000,5.04000
,,,-0.00157560001,0.16000,5.04000
,,,-0.00157540001,0.16000,5.04000
,,,-0.00157520000,0.16000,5.04000
,,,-0.00157500000,0.24000,5.04000
,,,-0.00157480000,0.24000,5.04000
,,,-0.00157460000,0.16000,5.08000
,,,-0.00157440000,0.16000,5.08000
,,,-0.00157420000,0.16000,5.04000
,,,-0.00157399999,0.16000,5.08000
,,,-0.00157379999,0.16000,5.08000
,,,-0.00157359999,0.16000,5.04000
,,,-0.00157339999,0.24000,5.08000
,,,-0.00157319999,0.16000,5.08000
,,,-0.00157299999,0.16000,5.08000
,,,-0.00157279999,0.16000,5.04000
,,,-0.00157259998,0.16000,5.04000
,,,-0.00157239998,0.16000,5.04000
,,,-0.00157219998,0.16000,5.04000
,,,-0.00157199998,0.16000,5.08000
,,,-0.00157179998,0.16000,5.04000
,,,-0.00157159998,0.24000,5.04000
,,,-0.00157139997,0.16000,5.04000
,,,-0.00157119997,0.16000,5.00000
,,,-0.00157099997,0.16000,5.04000
,,,-0.00157079997,0.24000,5.04000
,,,-0.00157059997,0.16000,5.04000
,,,-0.00157039997,0.16000,5.04000
,,,-0.00157019997,0.16000,5.08000
,,,-0.00156999996,0.16000,5.00000
,,,-0.00156979996,0.16000,5.04000
,,,-0.00156959996,0.16000,5.04000
,,,-0.00156940008,0.16000,5.04000
,,,-0.00156920007,0.16000,5.04000
,,,-0.00156900007,0.24000,5.04000
,,,-0.00156880007,0.16000,5.04000
,,,-0.00156860007,0.16000,5.04000
,,,-0.00156840007,0.16000,5.00000
,,,-0.00156820007,0.24000,5.04000
,,,-0.00156800007,0.24000,5.08000
,,,-0.00156780006,0.16000,5.04000
,,,-0.00156760006,0.16000,5.04000
,,,-0.00156740006,0.24000,5.04000
,,,-0.00156720006,0.16000,5.08000
,,,-0.00156700006,0.16000,5.08000
,,,-0.00156680006,0.16000,5.04000
,,,-0.00156660005,0.24000,5.04000
,,,-0.00156640005,0.16000,5.04000
,,,-0.00156620005,0.16000,5.04000
,,,-0.00156600005,0.16000,5.08000
,,,-0.00156580005,0.16000,5.08000
,,,-0.00156560005,0.16000,5.04000
,,,-0.00156540005,0.24000,5.04000
,,,-0.00156520004,0.16000,5.04000
,,,-0.00156500004,0.24000,5.04000
,,,-0.00156480004,0.16000,5.04000
,,,-0.00156460004,0.24000,5.08000
,,,-0.00156440004,0.24000,5.04000
,,,-0.00156420004,0.24000,5.04000
,,,-0.00156400003,0.16000,5.04000
,,,-0.00156380003,0.16000,5.04000
,,,-0.00156360003,0.16000,5.08000
,,,-0.00156340003,0.16000,5.04000
,,,-0.00156320003,0.16000,5.08000
,,,-0.00156300003,0.16000,5.08000
,,,-0.00156280003,0.16000,5.04000
,,,-0.00156260002,0.16000,5.04000
,,,-0.00156240002,0.16000,5.08000
,,,-0.00156220002,0.16000,5.04000
,,,-0.00156200002,0.24000,5.08000
,,,-0.00156180002,0.16000,5.08000
,,,-0.00156160002,0.16000,5.08000
,,,-0.00156140001,0.24000,5.04000
,,,-0.00156120001,0.16000,5.04000
,,,-0.00156100001,0.16000,5.08000
,,,-0.00156080001,0.16000,5.08000
,,,-0.00156060001,0.16000,5.04000
,,,-0.00156040001,0.16000,5.08000
,,,-0.00156020001,0.16000,5.04000
,,,-0.00156000000,0.24000,5.08000
,,,-0.00155980000,0.16000,5.04000
,,,-0.00155960000,0.16000,5.04000
,,,-0.00155940000,0.24000,5.04000
,,,-0.00155920000,0.16000,5.00000
,,,-0.00155900000,0.16000,5.08000
,,,-0.00155880000,0.16000,5.04000
,,,-0.00155859999,0.16000,5.04000
,,,-0.00155839999,0.16000,5.08000
,,,-0.00155819999,0.24000,5.04000
,,,-0.00155799999,0.16000,5.04000
,,,-0.00155779999,0.24000,5.04000
,,,-0.00155759999,0.16000,5.04000
,,,-0.00155739998,0.24000,5.08000
,,,-0.00155719998,0.16000,5.08000
,,,-0.00155699998,0.16000,5.04000
,,,-0.00155679998,0.16000,5.04000
,,,-0.00155659998,0.16000,5.04000
,,,-0.00155639998,0.16000,5.04000
,,,-0.00155619998,0.16000,5.08000
,,,-0.00155599997,0.24000,5.04000
,,,-0.00155579997,0.16000,5.04000
,,,-0.00155559997,0.24000,5.08000
,,,-0.00155539997,0.16000,5.08000
,,,-0.00155519997,0.16000,5.04000
,,,-0.00155499997,0.16000,5.04000
,,,-0.00155479996,0.24000,5.08000
,,,-0.00155459996,0.16000,5.04000
,,,-0.00155439996,0.24000,5.04000
,,,-0.00155419996,0.16000,5.08000
,,,-0.00155400007,0.16000,5.04000
,,,-0.00155380007,0.16000,5.04000
,,,-0.00155360007,0.16000,5.04000
,,,-0.00155340007,0.16000,5.08000
,,,-0.00155320007,0.16000,5.04000
,,,-0.00155300007,0.16000,5.04000
,,,-0.00155280007,0.16000,5.04000
,,,-0.00155260006,0.16000,5.04000
,,,-0.00155240006,0.16000,5.04000
,,,-0.00155220006,0.16000,5.04000
,,,-0.00155200006,0.16000,5.04000
,,,-0.00155180006,0.16000,5.04000
,,,-0.00155160006,0.16000,5.04000
,,,-0.00155140006,0.16000,5.04000
,,,-0.00155120005,0.16000,5.04000
,,,-0.00155100005,0.16000,5.04000
,,,-0.00155080005,0.16000,5.08000
,,,-0.00155060005,0.16000,5.04000
,,,-0.00155040005,0.24000,5.04000
,,,-0.00155020005,0.16000,5.04000
,,,-0.00155000004,0.16000,5.04000
,,,-0.00154980004,0.16000,5.04000
,,,-0.00154960004,0.16000,5.08000
,,,-0.00154940004,0.24000,5.04000
,,,-0.00154920004,0.16000,5.08000
,,,-0.00154900004,0.16000,5.04000
,,,-0.00154880004,0.16000,5.08000
,,,-0.00154860003,0.16000,5.08000
,,,-0.00154840003,0.24000,5.04000
,,,-0.00154820003,0.16000,5.08000
,,,-0.00154800003,0.16000,5.04000
,,,-0.00154780003,0.16000,5.08000
,,,-0.00154760003,0.16000,5.08000
,,,-0.00154740002,0.16000,5.04000
,,,-0.00154720002,0.16000,5.08000
,,,-0.00154700002,0.16000,5.04000
,,,-0.00154680002,0.16000,5.08000
,,,-0.00154660002,0.16000,5.08000
,,,-0.00154640002,0.16000,5.04000
,,,-0.00154620002,0.16000,5.04000
,,,-0.00154600001,0.16000,5.08000
,,,-0.00154580001,0.16000,5.08000
,,,-0.00154560001,0.24000,5.04000
,,,-0.00154540001,0.24000,5.04000
,,,-0.00154520001,0.24000,5.04000
,,,-0.00154500001,0.24000,5.04000
,,,-0.00154480000,0.16000,5.00000
,,,-0.00154460000,0.16000,5.04000
,,,-0.00154440000,0.24000,5.04000
,,,-0.00154420000,0.16000,5.04000
,,,-0.00154400000,0.16000,5.04000
,,,-0.00154380000,0.16000,5.08000
,,,-0.00154360000,0.24000,5.04000
,,,-0.00154339999,0.16000,5.08000
,,,-0.00154319999,0.16000,5.04000
,,,-0.00154299999,0.16000,5.04000
,,,-0.00154279999,0.16000,5.08000
,,,-0.00154259999,0.16000,5.04000
,,,-0.00154239999,0.16000,5.04000
,,,-0.00154219999,0.16000,5.04000
,,,-0.00154199998,0.16000,5.04000
,,,-0.00154179998,0.16000,5.08000
,,,-0.00154159998,0.16000,5.08000
,,,-0.00154139998,0.16000,5.04000
,,,-0.00154119998,0.24000,5.08000
,,,-0.00154099998,0.16000,5.04000
,,,-0.00154079997,0.16000,5.04000
,,,-0.00154059997,0.24000,5.04000
,,,-0.00154039997,0.24000,5.04000
,,,-0.00154019997,0.16000,5.04000
,,,-0.00153999997,0.16000,5.08000
,,,-0.00153979997,0.16000,5.00000
,,,-0.00153959997,0.16000,5.04000
,,,-0.00153939996,0.16000,5.08000
,,,-0.00153919996,0.16000,5.04000
,,,-0.00153899996,0.16000,5.08000
,,,-0.00153880008,0.16000,5.04000
,,,-0.00153860007,0.16000,5.08000
,,,-0.00153840007,0.16000,5.04000
,,,-0.00153820007,0.24000,5.04000
,,,-0.00153800007,0.24000,5.04000
,,,-0.00153780007,0.24000,5.04000
,,,-0.00153760007,0.24000,5.04000
,,,-0.00153740006,0.16000,5.04000
,,,-0.00153720006,0.16000,5.04000
,,,-0.00153700006,0.16000,5.04000
,,,-0.00153680006,0.16000,5.04000
,,,-0.00153660006,0.24000,5.08000
,,,-0.00153640006,0.24000,5.08000
,,,-0.00153620006,0.16000,5.04000
,,,-0.00153600005,0.16000,5.08000
,,,-0.00153580005,0.16000,5.04000
,,,-0.00153560005,0.16000,5.04000
,,,-0.00153540005,0.16000,5.04000
,,,-0.00153520005,0.16000,5.04000
,,,-0.00153500005,0.16000,5.04000
,,,-0.00153480005,0.16000,5.08000
,,,-0.00153460004,0.24000,5.08000
,,,-0.00153440004,0.16000,5.04000
,,,-0.00153420004,0.16000,5.04000
,,,-0.00153400004,0.16000,5.08000
,,,-0.00153380004,0.24000,5.08000
,,,-0.00153360004,0.24000,5.04000
,,,-0.00153340003,0.16000,5.08000
,,,-0.00153320003,0.16000,5.04000
,,,-0.00153300003,0.16000,5.04000
,,,-0.00153280003,0.16000,5.04000
,,,-0.00153260003,0.16000,5.08000
,,,-0.00153240003,0.16000,5.04000
,,,-0.00153220003,0.16000,5.04000
,,,-0.00153200002,0.16000,5.04000
,,,-0.00153180002,0.16000,5.08000
,,,-0.00153160002,0.16000,5.04000
,,,-0.00153140002,0.16000,5.00000
,,,-0.00153120002,0.16000,5.04000
,,,-0.00153100002,0.16000,5.08000
,,,-0.00153080001,0.16000,5.08000
,,,-0.00153060001,0.24000,5.04000
,,,-0.00153040001,0.16000,5.04000
,,,-0.00153020001,0.24000,5.04000
,,,-0.00153000001,0.24000,5.04000
,,,-0.00152980001,0.16000,5.04000
,,,-0.00152960001,0.16000,5.04000
,,,-0.00152940000,0.16000,5.08000
,,,-0.00152920000,0.16000,5.04000
,,,-0.00152900000,0.16000,5.04000
,,,-0.00152880000,0.16000,5.04000
,,,-0.00152860000,0.16000,5.04000
,,,-0.00152840000,0.24000,5.04000
,,,-0.00152819999,0.24000,5.04000
,,,-0.00152799999,0.16000,5.00000
,,,-0.00152779999,0.16000,5.04000
,,,-0.00152759999,0.16000,5.04000
,,,-0.00152739999,0.16000,5.04000
,,,-0.00152719999,0.16000,5.08000
,,,-0.00152699999,0.16000,5.08000
,,,-0.00152679998,0.16000,5.04000
,,,-0.00152659998,0.24000,5.08000
,,,-0.00152639998,0.24000,5.08000
,,,-0.00152619998,0.16000,5.08000
,,,-0.00152599998,0.16000,5.08000
,,,-0.00152579998,0.16000,5.04000
,,,-0.00152559998,0.16000,5.08000
,,,-0.00152539997,0.16000,5.04000
,,,-0.00152519997,0.24000,5.04000
,,,-0.00152499997,0.24000,5.04000
,,,-0.00152479997,0.16000,5.04000
,,,-0.00152459997,0.16000,5.08000
,,,-0.00152439997,0.24000,5.04000
,,,-0.00152419996,0.16000,5.08000
,,,-0.00152399996,0.16000,5.04000
,,,-0.00152379996,0.16000,5.04000
,,,-0.00152359996,0.16000,5.04000
,,,-0.00152340007,0.16000,5.04000
,,,-0.00152320007,0.16000,5.08000
,,,-0.00152300007,0.16000,5.04000
,,,-0.00152280007,0.16000,5.04000
,,,-0.00152260007,0.16000,5.04000
,,,-0.00152240007,0.16000,5.04000
,,,-0.00152220007,0.16000,5.04000
,,,-0.00152200006,0.16000,5.04000
,,,-0.00152180006,0.24000,5.08000
,,,-0.00152160006,0.16000,5.04000
,,,-0.00152140006,0.16000,5.04000
,,,-0.00152120006,0.16000,5.04000
,,,-0.00152100006,0.16000,5.08000
,,,-0.00152080006,0.16000,5.04000
,,,-0.00152060005,0.16000,5.04000
,,,-0.00152040005,0.16000,5.04000
,,,-0.00152020005,0.16000,5.08000
,,,-0.00152000005,0.16000,5.04000
,,,-0.00151980005,0.16000,5.04000
,,,-0.00151960005,0.16000,5.04000
,,,-0.00151940004,0.16000,5.08000
,,,-0.00151920004,0.16000,5.04000
,,,-0.00151900004,0.16000,5.08000
,,,-0.00151880004,0.16000,5.08000
,,,-0.00151860004,0.16000,5.04000
,,,-0.00151840004,0.16000,5.08000
,,,-0.00151820004,0.16000,5.08000
,,,-0.00151800003,0.24000,5.04000
,,,-0.00151780003,0.16000,5.04000
,,,-0.00151760003,0.16000,5.04000
,,,-0.00151740003,0.16000,5.04000
,,,-0.00151720003,0.16000,5.04000
,,,-0.00151700003,0.16000,5.04000
,,,-0.00151680002,0.16000,5.04000
,,,-0.00151660002,0.16000,5.04000
,,,-0.00151640002,0.16000,5.04000
,,,-0.00151620002,0.16000,5.04000
,,,-0.00151600002,0.16000,5.04000
,,,-0.00151580002,0.16000,5.04000
,,,-0.00151560002,0.16000,5.04000
,,,-0.00151540001,0.16000,5.08000
,,,-0.00151520001,0.16000,5.08000
,,,-0.00151500001,0.24000,5.04000
,,,-0.00151480001,0.16000,5.04000
,,,-0.00151460001,0.16000,5.08000
,,,-0.00151440001,0.24000,5.04000
,,,-0.00151420000,0.24000,5.08000
,,,-0.00151400000,0.16000,5.04000
,,,-0.00151380000,0.16000,5.08000
,,,-0.00151360000,0.16000,5.04000
,,,-0.00151340000,0.24000,5.08000
,,,-0.00151320000,0.16000,5.08000
,,,-0.00151300000,0.16000,5.04000
,,,-0.00151279999,0.16000,5.04000
,,,-0.00151259999,0.16000,5.04000
,,,-0.00151239999,0.16000,5.00000
,,,-0.00151219999,0.16000,5.00000
,,,-0.00151199999,0.16000,5.04000
,,,-0.00151179999,0.16000,5.04000
,,,-0.00151159998,0.16000,5.04000
,,,-0.00151139998,0.24000,5.00000
,,,-0.00151119998,0.24000,5.08000
,,,-0.00151099998,0.16000,5.04000
,,,-0.00151079998,0.16000,5.04000
,,,-0.00151059998,0.16000,5.00000
,,,-0.00151039998,0.24000,5.08000
,,,-0.00151019997,0.16000,5.04000
,,,-0.00150999997,0.24000,5.08000
,,,-0.00150979997,0.16000,5.00000
,,,-0.00150959997,0.16000,5.08000
,,,-0.00150939997,0.16000,5.04000
,,,-0.00150919997,0.16000,5.04000
,,,-0.00150899997,0.16000,5.04000
,,,-0.00150879996,0.16000,5.04000
,,,-0.00150859996,0.16000,5.08000
,,,-0.00150839996,0.16000,5.04000
,,,-0.00150820008,0.24000,5.00000
,,,-0.00150800007,0.16000,5.04000
,,,-0.00150780007,0.16000,5.08000
,,,-0.00150760007,0.16000,5.04000
,,,-0.00150740007,0.16000,5.08000
,,,-0.00150720007,0.24000,5.08000
,,,-0.00150700007,0.24000,5.04000
,,,-0.00150680006,0.16000,5.08000
,,,-0.00150660006,0.16000,5.04000
,,,-0.00150640006,0.16000,5.04000
,,,-0.00150620006,0.16000,5.08000
,,,-0.00150600006,0.16000,5.04000
,,,-0.00150580006,0.16000,5.08000
,,,-0.00150560006,0.16000,5.04000
,,,-0.00150540005,0.16000,5.04000
,,,-0.00150520005,0.24000,5.04000
,,,-0.00150500005,0.16000,5.04000
,,,-0.00150480005,0.24000,5.04000
,,,-0.00150460005,0.24000,5.04000
,,,-0.00150440005,0.16000,5.04000
,,,-0.00150420005,0.16000,5.04000
,,,-0.00150400004,0.24000,5.04000
,,,-0.00150380004,0.16000,5.04000
,,,-0.00150360004,0.16000,5.08000
,,,-0.00150340004,0.16000,5.04000
,,,-0.00150320004,0.16000,5.08000
,,,-0.00150300004,0.16000,5.04000
,,,-0.00150280003,0.16000,5.04000
,,,-0.00150260003,0.16000,5.04000
,,,-0.00150240003,0.16000,5.08000
,,,-0.00150220003,0.16000,5.04000
,,,-0.00150200003,0.16000,5.04000
,,,-0.00150180003,0.16000,5.04000
,,,-0.00150160003,0.16000,5.04000
,,,-0.00150140002,0.16000,5.08000
,,,-0.00150120002,0.16000,5.04000
,,,-0.00150100002,0.16000,5.04000
,,,-0.00150080002,0.16000,5.04000
,,,-0.00150060002,0.16000,5.04000
,,,-0.00150040002,0.16000,5.04000
,,,-0.00150020001,0.16000,5.04000
,,,-0.00150000001,0.24000,5.08000
,,,-0.00149980001,0.24000,5.04000
,,,-0.00149960001,0.24000,5.08000
,,,-0.00149940001,0.16000,5.04000
,,,-0.00149920001,0.16000,5.08000
,,,-0.00149900001,0.16000,5.08000
,,,-0.00149880000,0.16000,5.04000
,,,-0.00149860000,0.16000,5.08000
,,,-0.00149840000,4.88000,0.12000
,,,-0.00149820000,4.80000,0.04000
,,,-0.00149800000,4.80000,0.04000
,,,-0.00149780000,4.88000,0.04000
,,,-0.00149759999,4.80000,0.04000
,,,-0.00149739999,4.80000,0.04000
,,,-0.00149719999,4.80000,0.04000
,,,-0.00149699999,4.80000,0.04000
,,,-0.00149679999,4.72000,0.04000
,,,-0.00149659999,4.72000,0.04000
,,,-0.00149639999,4.72000,0.04000
,,,-0.00149619998,4.64000,0.08000
,,,-0.00149599998,4.72000,0.12000
,,,-0.00149579998,4.64000,0.08000
,,,-0.00149559998,4.64000,0.04000
,,,-0.00149539998,4.64000,0.04000
,,,-0.00149519998,4.56000,0.08000
,,,-0.00149499997,4.56000,0.08000
,,,-0.00149479997,4.64000,0.08000
,,,-0.00149459997,4.56000,0.08000
,,,-0.00149439997,4.56000,0.08000
,,,-0.00149419997,4.48000,0.12000
,,,-0.00149399997,4.56000,0.12000
,,,-0.00149379997,4.56000,0.08000
,,,-0.00149359996,4.48000,0.08000
,,,-0.00149339996,4.48000,0.08000
,,,-0.00149319996,4.48000,0.08000
,,,-0.00149299996,4.48000,0.08000
,,,-0.00149280007,4.48000,0.12000
,,,-0.00149260007,4.48000,0.08000
,,,-0.00149240007,4.48000,0.12000
,,,-0.00149220007,4.48000,0.12000
,,,-0.00149200007,4.48000,0.08000
,,,-0.00149180007,4.48000,0.12000
,,,-0.00149160007,4.48000,0.08000
,,,-0.00149140006,4.40000,0.08000
,,,-0.00149120006,4.48000,0.08000
,,,-0.00149100006,4.48000,0.08000
,,,-0.00149080006,4.40000,0.12000
,,,-0.00149060006,4.40000,0.08000
,,,-0.00149040006,4.40000,0.12000
,,,-0.00149020005,4.32000,0.12000
,,,-0.00149000005,4.32000,0.12000
,,,-0.00148980005,4.32000,0.08000
,,,-0.00148960005,4.24000,0.08000
,,,-0.00148940005,4.24000,0.12000
,,,-0.00148920005,4.24000,0.12000
,,,-0.00148900005,4.24000,0.08000
,,,-0.00148880004,4.32000,0.12000
,,,-0.00148860004,4.24000,0.08000
,,,-0.00148840004,4.24000,0.12000
,,,-0.00148820004,4.24000,0.12000
,,,-0.00148800004,4.24000,0.08000
,,,-0.00148780004,4.24000,0.12000
,,,-0.00148760004,4.24000,0.08000
,,,-0.00148740003,4.24000,0.08000
,,,-0.00148720003,4.24000,0.12000
,,,-0.00148700003,4.16000,0.12000
,,,-0.00148680003,4.16000,0.12000
,,,-0.00148660003,4.16000,0.12000
,,,-0.00148640003,4.16000,0.12000
,,,-0.00148620002,4.16000,0.12000
,,,-0.00148600002,4.16000,0.04000
,,,-0.00148580002,4.16000,0.12000
,,,-0.00148560002,4.16000,0.12000
,,,-0.00148540002,4.08000,0.12000
,,,-0.00148520002,4.16000,0.12000
,,,-0.00148500002,4.16000,0.08000
,,,-0.00148480001,4.16000,0.08000
,,,-0.00148460001,4.16000,0.08000
,,,-0.00148440001,4.08000,0.04000
,,,-0.00148420001,4.08000,0.12000
,,,-0.00148400001,4.08000,0.12000
,,,-0.00148380001,4.08000,0.12000
,,,-0.00148360000,4.08000,0.08000
,,,-0.00148340000,4.08000,0.12000
,,,-0.00148320000,4.08000,0.08000
,,,-0.00148300000,4.00000,0.08000
,,,-0.00148280000,4.08000,0.08000
,,,-0.00148260000,4.00000,0.12000
,,,-0.00148240000,4.00000,0.08000
,,,-0.00148219999,4.00000,0.12000
,,,-0.00148199999,4.00000,0.12000
,,,-0.00148179999,4.00000,0.08000
,,,-0.00148159999,4.00000,0.08000
,,,-0.00148139999,4.00000,0.04000
,,,-0.00148119999,4.00000,0.12000
,,,-0.00148099998,4.00000,0.12000
,,,-0.00148079998,4.00000,0.12000
,,,-0.00148059998,4.00000,0.12000
,,,-0.00148039998,4.00000,0.12000
,,,-0.00148019998,4.00000,0.08000
,,,-0.00147999998,4.00000,0.12000
,,,-0.00147979998,4.00000,0.12000
,,,-0.00147959997,4.00000,0.08000
,,,-0.00147939997,4.00000,0.08000
,,,-0.00147919997,4.00000,0.08000
,,,-0.00147899997,3.92000,0.08000
,,,-0.00147879997,4.00000,0.08000
,,,-0.00147859997,4.00000,0.08000
,,,-0.00147839996,4.00000,0.08000
,,,-0.00147819996,4.00000,0.12000
,,,-0.00147799996,3.92000,0.12000
,,,-0.00147779996,4.00000,0.08000
,,,-0.00147760008,4.00000,0.08000
,,,-0.00147740007,4.00000,0.04000
,,,-0.00147720007,4.00000,0.12000
,,,-0.00147700007,4.00000,0.08000
,,,-0.00147680007,4.00000,0.08000
,,,-0.00147660007,3.92000,0.12000
,,,-0.00147640007,4.00000,0.08000
,,,-0.00147620006,4.00000,0.04000
,,,-0.00147600006,4.00000,0.12000
,,,-0.00147580006,4.00000,0.12000
,,,-0.00147560006,3.92000,0.08000
,,,-0.00147540006,3.92000,0.08000
,,,-0.00147520006,3.92000,0.12000
,,,-0.00147500006,3.92000,0.04000
,,,-0.00147480005,4.00000,0.08000
,,,-0.00147460005,4.00000,0.12000
,,,-0.00147440005,4.00000,0.12000
,,,-0.00147420005,4.00000,0.08000
,,,-0.00147400005,3.92000,0.12000
,,,-0.00147380005,3.92000,0.08000
,,,-0.00147360004,4.00000,0.12000
,,,-0.00147340004,3.92000,0.08000
,,,-0.00147320004,4.00000,0.08000
,,,-0.00147300004,3.92000,0.08000
,,,-0.00147280004,4.00000,0.12000
,,,-0.00147260004,4.00000,0.08000
,,,-0.00147240004,4.00000,0.12000
,,,-0.00147220003,4.00000,0.12000
,,,-0.00147200003,3.92000,0.04000
,,,-0.00147180003,4.00000,0.12000
,,,-0.00147160003,4.00000,0.12000
,,,-0.00147140003,3.92000,0.08000
,,,-0.00147120003,4.00000,0.08000
,,,-0.00147100003,4.00000,0.04000
,,,-0.00147080002,3.92000,0.12000
,,,-0.00147060002,4.00000,0.08000
,,,-0.00147040002,4.00000,0.08000
,,,-0.00147020002,4.00000,0.12000
,,,-0.00147000002,3.92000,0.08000
,,,-0.00146980002,3.92000,0.12000
,,,-0.00146960001,4.00000,0.12000
,,,-0.00146940001,3.92000,0.08000
,,,-0.00146920001,4.00000,0.08000
,,,-0.00146900001,3.92000,0.12000
,,,-0.00146880001,4.00000,0.12000
,,,-0.00146860001,4.00000,0.08000
,,,-0.00146840001,4.00000,0.12000
,,,-0.00146820000,4.00000,0.08000
,,,-0.00146800000,3.92000,0.04000
,,,-0.00146780000,4.00000,0.12000
,,,-0.00146760000,4.00000,0.08000
,,,-0.00146740000,3.92000,0.12000
,,,-0.00146720000,4.00000,0.12000
,,,-0.00146699999,3.92000,0.08000
,,,-0.00146679999,3.92000,0.12000
,,,-0.00146659999,3.92000,0.12000
,,,-0.00146639999,3.92000,0.12000
,,,-0.00146619999,3.92000,0.08000
,,,-0.00146599999,4.00000,0.12000
,,,-0.00146579999,3.92000,0.12000
,,,-0.00146559998,4.00000,0.04000
,,,-0.00146539998,3.92000,0.04000
,,,-0.00146519998,3.92000,0.08000
,,,-0.00146499998,3.92000,0.08000
,,,-0.00146479998,4.00000,0.08000
,,,-0.00146459998,4.00000,0.08000
,,,-0.00146439997,4.00000,0.12000
,,,-0.00146419997,4.00000,0.12000
,,,-0.00146399997,3.92000,0.08000
,,,-0.00146379997,3.92000,0.08000
,,,-0.00146359997,4.00000,0.12000
,,,-0.00146339997,3.92000,0.12000
,,,-0.00146319997,3.92000,0.08000
,,,-0.00146299996,4.00000,0.12000
,,,-0.00146279996,3.92000,0.12000
,,,-0.00146259996,3.92000,0.08000
,,,-0.00146239996,3.92000,0.12000
,,,-0.00146220007,3.92000,0.08000
,,,-0.00146200007,3.92000,0.12000
,,,-0.00146180007,4.00000,0.08000
,,,-0.00146160007,3.92000,0.12000
,,,-0.00146140007,4.00000,0.08000
,,,-0.00146120007,3.92000,0.08000
,,,-0.00146100007,3.92000,0.08000
,,,-0.00146080006,3.92000,0.08000
,,,-0.00146060006,4.00000,0.12000
,,,-0.00146040006,3.92000,0.08000
,,,-0.00146020006,4.00000,0.08000
,,,-0.00146000006,3.92000,0.12000
,,,-0.00145980006,3.92000,0.08000
,,,-0.00145960005,3.92000,0.08000
,,,-0.00145940005,3.92000,0.12000
,,,-0.00145920005,3.92000,0.12000
,,,-0.00145900005,3.92000,0.08000
,,,-0.00145880005,4.00000,0.12000
,,,-0.00145860005,3.92000,0.08000
,,,-0.00145840005,3.92000,0.08000
,,,-0.00145820004,3.92000,0.08000
,,,-0.00145800004,3.92000,0.08000
,,,-0.00145780004,4.00000,0.12000
,,,-0.00145760004,4.00000,0.08000
,,,-0.00145740004,3.92000,0.12000
,,,-0.00145720004,3.92000,0.12000
,,,-0.00145700003,3.92000,0.12000
,,,-0.00145680003,3.92000,0.12000
,,,-0.00145660003,3.92000,0.12000
,,,-0.00145640003,4.00000,0.12000
,,,-0.00145620003,3.92000,0.12000
,,,-0.00145600003,3.92000,0.08000
,,,-0.00145580003,3.92000,0.08000
,,,-0.00145560002,3.92000,0.12000
,,,-0.00145540002,4.00000,0.12000
,,,-0.00145520002,4.00000,0.12000
,,,-0.00145500002,3.92000,0.08000
,,,-0.00145480002,3.92000,0.12000
,,,-0.00145460002,3.92000,0.08000
,,,-0.00145440002,4.00000,0.08000
,,,-0.00145420001,4.00000,0.08000
,,,-0.00145400001,3.92000,0.08000
,,,-0.00145380001,3.92000,0.08000
,,,-0.00145360001,3.92000,0.12000
,,,-0.00145340001,4.00000,0.12000
,,,-0.00145320001,3.92000,0.08000
,,,-0.00145300000,3.92000,0.12000
,,,-0.00145280000,4.00000,0.12000
,,,-0.00145260000,4.00000,0.12000
,,,-0.00145240000,3.92000,0.12000
,,,-0.00145220000,4.00000,0.08000
,,,-0.00145200000,3.92000,0.08000
,,,-0.00145180000,3.92000,0.12000
,,,-0.00145159999,4.00000,0.08000
,,,-0.00145139999,4.00000,0.08000
,,,-0.00145119999,4.00000,0.08000
,,,-0.00145099999,4.00000,0.08000
,,,-0.00145079999,4.00000,0.08000
,,,-0.00145059999,4.00000,0.12000
,,,-0.00145039998,4.00000,0.08000
,,,-0.00145019998,4.00000,0.08000
,,,-0.00144999998,3.92000,0.12000
,,,-0.00144979998,4.00000,0.04000
,,,-0.00144959998,4.00000,0.08000
,,,-0.00144939998,4.00000,0.08000
,,,-0.00144919998,4.00000,0.12000
,,,-0.00144899997,3.92000,0.08000
,,,-0.00144879997,4.00000,0.12000
,,,-0.00144859997,3.92000,0.08000
,,,-0.00144839997,4.00000,0.12000
,,,-0.00144819997,4.00000,0.08000
,,,-0.00144799997,4.00000,0.08000
,,,-0.00144779996,4.00000,0.08000
,,,-0.00144759996,3.92000,0.08000
,,,-0.00144739996,4.00000,0.04000
,,,-0.00144719996,4.00000,0.08000
,,,-0.00144699996,4.00000,0.08000
,,,-0.00144680007,4.00000,0.08000
,,,-0.00144660007,4.00000,0.08000
,,,-0.00144640007,4.00000,0.12000
,,,-0.00144620007,4.00000,0.12000
,,,-0.00144600007,3.92000,0.12000
,,,-0.00144580007,3.92000,0.08000
,,,-0.00144560006,3.92000,0.12000
,,,-0.00144540006,4.00000,0.08000
,,,-0.00144520006,3.92000,0.12000
,,,-0.00144500006,4.00000,0.08000
,,,-0.00144480006,4.00000,0.08000
,,,-0.00144460006,4.00000,0.08000
,,,-0.00144440006,4.00000,0.08000
,,,-0.00144420005,4.00000,0.12000
,,,-0.00144400005,4.00000,0.08000
,,,-0.00144380005,4.00000,0.12000
,,,-0.00144360005,4.00000,0.12000
,,,-0.00144340005,4.00000,0.08000
,,,-0.00144320005,3.92000,0.12000
,,,-0.00144300004,4.00000,0.12000
,,,-0.00144280004,3.92000,0.08000
,,,-0.00144260004,4.00000,0.08000
,,,-0.00144240004,3.92000,0.12000
,,,-0.00144220004,3.92000,0.12000
,,,-0.00144200004,3.92000,0.08000
,,,-0.00144180004,3.92000,0.08000
,,,-0.00144160003,3.92000,0.12000
,,,-0.00144140003,3.92000,0.08000
,,,-0.00144120003,3.92000,0.08000
,,,-0.00144100003,3.92000,0.08000
,,,-0.00144080003,4.00000,0.08000
,,,-0.00144060003,3.92000,0.12000
,,,-0.00144040002,4.00000,0.12000
,,,-0.00144020002,3.92000,0.04000
,,,-0.00144000002,3.92000,0.12000
,,,-0.00143980002,4.00000,0.04000
,,,-0.00143960002,3.92000,0.04000
,,,-0.00143940002,4.00000,0.08000
,,,-0.00143920002,3.92000,0.12000
,,,-0.00143900001,3.92000,0.12000
,,,-0.00143880001,3.92000,0.08000
,,,-0.00143860001,4.00000,0.12000
,,,-0.00143840001,4.00000,0.12000
,,,-0.00143820001,3.92000,0.12000
,,,-0.00143800001,3.92000,0.12000
,,,-0.00143780001,4.00000,0.12000
,,,-0.00143760000,4.00000,0.12000
,,,-0.00143740000,4.00000,0.12000
,,,-0.00143720000,4.00000,0.12000
,,,-0.00143700000,4.00000,0.08000
,,,-0.00143680000,3.92000,0.12000
,,,-0.00143660000,4.00000,0.12000
,,,-0.00143639999,3.92000,0.12000
,,,-0.00143619999,4.00000,0.08000
,,,-0.00143599999,3.92000,0.08000
,,,-0.00143579999,3.92000,0.12000
,,,-0.00143559999,3.92000,0.12000
,,,-0.00143539999,3.92000,0.08000
,,,-0.00143519999,3.92000,0.08000
,,,-0.00143499998,3.92000,0.12000
,,,-0.00143479998,4.00000,0.08000
,,,-0.00143459998,3.92000,0.08000
,,,-0.00143439998,4.00000,0.08000
,,,-0.00143419998,3.92000,0.12000
,,,-0.00143399998,3.92000,0.12000
,,,-0.00143379997,4.00000,0.08000
,,,-0.00143359997,4.00000,0.04000
,,,-0.00143339997,4.00000,0.08000
,,,-0.00143319997,3.92000,0.08000
,,,-0.00143299997,3.92000,0.08000
,,,-0.00143279997,4.00000,0.12000
,,,-0.00143259997,3.92000,0.08000
,,,-0.00143239996,4.00000,0.12000
,,,-0.00143219996,3.92000,0.12000
,,,-0.00143199996,4.00000,0.12000
,,,-0.00143179996,3.92000,0.08000
,,,-0.00143160007,3.92000,0.08000
,,,-0.00143140007,4.00000,0.08000
,,,-0.00143120007,4.00000,0.08000
,,,-0.00143100007,3.92000,0.08000
,,,-0.00143080007,4.00000,0.08000
,,,-0.00143060007,4.00000,0.08000
,,,-0.00143040007,4.00000,0.04000
,,,-0.00143020006,3.92000,0.08000
,,,-0.00143000006,3.92000,0.12000
,,,-0.00142980006,4.00000,0.08000
,,,-0.00142960006,3.92000,0.12000
,,,-0.00142940006,3.92000,0.08000
,,,-0.00142920006,3.92000,0.12000
,,,-0.00142900005,3.92000,0.08000
,,,-0.00142880005,3.92000,0.08000
,,,-0.00142860005,4.00000,0.08000
,,,-0.00142840005,3.92000,0.12000
,,,-0.00142820005,3.92000,0.12000
,,,-0.00142800005,3.92000,0.08000
,,,-0.00142780005,3.92000,0.08000
,,,-0.00142760004,4.00000,0.12000
,,,-0.00142740004,4.00000,0.08000
,,,-0.00142720004,4.00000,0.08000
,,,-0.00142700004,3.92000,0.08000
,,,-0.00142680004,4.00000,0.12000
,,,-0.00142660004,4.00000,0.08000
,,,-0.00142640003,4.00000,0.12000
,,,-0.00142620003,3.92000,0.08000
,,,-0.00142600003,3.92000,0.12000
,,,-0.00142580003,3.92000,0.08000
,,,-0.00142560003,3.92000,0.08000
,,,-0.00142540003,3.92000,0.12000
,,,-0.00142520003,3.92000,0.08000
,,,-0.00142500002,4.00000,0.08000
,,,-0.00142480002,3.92000,0.08000
,,,-0.00142460002,4.00000,0.08000
,,,-0.00142440002,3.92000,0.08000
,,,-0.00142420002,4.00000,0.08000
,,,-0.00142400002,4.00000,0.12000
,,,-0.00142380001,3.92000,0.04000
,,,-0.00142360001,4.00000,0.12000
,,,-0.00142340001,4.00000,0.08000
,,,-0.00142320001,4.00000,0.08000
,,,-0.00142300001,3.92000,0.12000
,,,-0.00142280001,3.92000,0.12000
,,,-0.00142260001,3.92000,0.12000
,,,-0.00142240000,3.92000,0.08000
,,,-0.00142220000,4.00000,0.12000
,,,-0.00142200000,3.92000,0.12000
,,,-0.00142180000,3.92000,0.08000
,,,-0.00142160000,3.92000,0.08000
,,,-0.00142140000,4.00000,0.12000
,,,-0.00142120000,4.00000,0.12000
,,,-0.00142099999,3.92000,0.08000
,,,-0.00142079999,4.00000,0.08000
,,,-0.00142059999,4.00000,0.12000
,,,-0.00142039999,4.00000,0.08000
,,,-0.00142019999,3.92000,0.12000
,,,-0.00141999999,4.00000,0.08000
,,,-0.00141979998,3.92000,0.08000
,,,-0.00141959998,4.00000,0.08000
,,,-0.00141939998,3.92000,0.12000
,,,-0.00141919998,4.00000,0.08000
,,,-0.00141899998,3.92000,0.08000
,,,-0.00141879998,4.00000,0.12000
,,,-0.00141859998,3.92000,0.08000
,,,-0.00141839997,3.92000,0.12000
,,,-0.00141819997,3.92000,0.08000
,,,-0.00141799997,3.92000,0.08000
,,,-0.00141779997,3.92000,0.08000
,,,-0.00141759997,4.00000,0.08000
,,,-0.00141739997,4.00000,0.08000
,,,-0.00141719996,3.92000,0.12000
,,,-0.00141699996,4.00000,0.08000
,,,-0.00141679996,4.00000,0.08000
,,,-0.00141659996,3.92000,0.08000
,,,-0.00141639996,3.92000,0.12000
,,,-0.00141620007,4.00000,0.12000
,,,-0.00141600007,4.00000,0.12000
,,,-0.00141580007,3.92000,0.08000
,,,-0.00141560007,3.92000,0.12000
,,,-0.00141540007,3.92000,0.12000
,,,-0.00141520007,4.00000,0.08000
,,,-0.00141500006,3.92000,0.08000
,,,-0.00141480006,3.92000,0.08000
,,,-0.00141460006,3.92000,0.08000
,,,-0.00141440006,4.00000,0.04000
,,,-0.00141420006,3.92000,0.08000
,,,-0.00141400006,4.00000,0.08000
,,,-0.00141380006,4.00000,0.04000
,,,-0.00141360005,4.00000,0.08000
,,,-0.00141340005,3.92000,0.12000
,,,-0.00141320005,4.00000,0.12000
,,,-0.00141300005,3.92000,0.12000
,,,-0.00141280005,3.92000,0.12000
,,,-0.00141260005,3.92000,0.12000
,,,-0.00141240004,3.92000,0.12000
,,,-0.00141220004,3.92000,0.04000
,,,-0.00141200004,3.92000,0.08000
,,,-0.00141180004,3.92000,0.08000
,,,-0.00141160004,4.00000,0.08000
,,,-0.00141140004,3.92000,0.08000
,,,-0.00141120004,4.00000,0.12000
,,,-0.00141100003,3.92000,0.12000
,,,-0.00141080003,4.00000,0.12000
,,,-0.00141060003,4.00000,0.08000
,,,-0.00141040003,4.00000,0.12000
,,,-0.00141020003,4.00000,0.08000
,,,-0.00141000003,3.92000,0.04000
,,,-0.00140980002,3.92000,0.12000
,,,-0.00140960002,3.92000,0.12000
,,,-0.00140940002,3.92000,0.12000
,,,-0.00140920002,3.92000,0.12000
,,,-0.00140900002,3.92000,0.12000
,,,-0.00140880002,4.00000,0.12000
,,,-0.00140860002,3.92000,0.12000
,,,-0.00140840001,3.92000,0.08000
,,,-0.00140820001,3.92000,0.08000
,,,-0.00140800001,3.92000,0.08000
,,,-0.00140780001,3.92000,0.08000
,,,-0.00140760001,4.00000,0.08000
,,,-0.00140740001,3.92000,0.12000
,,,-0.00140720000,3.92000,0.08000
,,,-0.00140700000,4.00000,0.12000
,,,-0.00140680000,4.00000,0.12000
,,,-0.00140660000,4.00000,0.12000
,,,-0.00140640000,3.92000,0.12000
,,,-0.00140620000,4.00000,0.08000
,,,-0.00140600000,4.00000,0.12000
,,,-0.00140579999,3.92000,0.08000
,,,-0.00140559999,3.92000,0.08000
,,,-0.00140539999,3.92000,0.08000
,,,-0.00140519999,4.00000,0.12000
,,,-0.00140499999,3.92000,0.08000
,,,-0.00140479999,4.00000,0.12000
,,,-0.00140459999,3.92000,0.08000
,,,-0.00140439998,4.00000,0.08000
,,,-0.00140419998,4.00000,0.12000
,,,-0.00140399998,4.00000,0.08000
,,,-0.00140379998,3.92000,0.12000
,,,-0.00140359998,4.00000,0.04000
,,,-0.00140339998,3.92000,0.12000
,,,-0.00140319997,4.00000,0.08000
,,,-0.00140299997,3.92000,0.08000
,,,-0.00140279997,3.92000,0.12000
,,,-0.00140259997,4.00000,0.12000
,,,-0.00140239997,4.00000,0.12000
,,,-0.00140219997,3.92000,0.12000
,,,-0.00140199997,4.00000,0.08000
,,,-0.00140179996,4.00000,0.12000
,,,-0.00140159996,3.92000,0.04000
,,,-0.00140139996,3.92000,0.08000
,,,-0.00140119996,4.00000,0.08000
,,,-0.00140100007,3.92000,0.12000
,,,-0.00140080007,4.00000,0.12000
,,,-0.00140060007,3.92000,0.08000
,,,-0.00140040007,4.00000,0.12000
,,,-0.00140020007,3.92000,0.08000
,,,-0.00140000007,4.00000,0.12000
,,,-0.00139980006,4.00000,0.08000
,,,-0.00139960006,3.92000,0.08000
,,,-0.00139940006,3.92000,0.12000
,,,-0.00139920006,3.92000,0.08000
,,,-0.00139900006,4.00000,0.08000
,,,-0.00139880006,4.00000,0.08000
,,,-0.00139860006,3.92000,0.08000
,,,-0.00139840005,3.92000,0.08000
,,,-0.00139820005,4.00000,0.08000
,,,-0.00139800005,4.00000,0.08000
,,,-0.00139780005,3.92000,0.12000
,,,-0.00139760005,4.00000,0.08000
,,,-0.00139740005,3.92000,0.12000
,,,-0.00139720005,3.92000,0.08000
,,,-0.00139700004,4.00000,0.08000
,,,-0.00139680004,3.92000,0.08000
,,,-0.00139660004,3.92000,0.04000
,,,-0.00139640004,4.00000,0.08000
,,,-0.00139620004,3.92000,0.08000
,,,-0.00139600004,3.92000,0.12000
,,,-0.00139580003,4.00000,0.12000
,,,-0.00139560003,3.92000,0.12000
,,,-0.00139540003,4.00000,0.08000
,,,-0.00139520003,3.92000,0.12000
,,,-0.00139500003,4.00000,0.12000
,,,-0.00139480003,4.00000,0.08000
,,,-0.00139460003,4.00000,0.08000
,,,-0.00139440002,4.00000,0.12000
,,,-0.00139420002,4.00000,0.08000
,,,-0.00139400002,4.00000,0.12000
,,,-0.00139380002,4.00000,0.08000
,,,-0.00139360002,4.00000,0.12000
,,,-0.00139340002,3.92000,0.08000
,,,-0.00139320001,4.00000,0.12000
,,,-0.00139300001,3.92000,0.04000
,,,-0.00139280001,4.00000,0.12000
,,,-0.00139260001,3.92000,0.08000
,,,-0.00139240001,3.92000,0.08000
,,,-0.00139220001,3.92000,0.08000
,,,-0.00139200001,3.92000,0.12000
,,,-0.00139180000,3.92000,0.12000
,,,-0.00139160000,3.92000,0.12000
,,,-0.00139140000,4.00000,0.08000
,,,-0.00139120000,4.00000,0.12000
,,,-0.00139100000,3.92000,0.08000
,,,-0.00139080000,4.00000,0.08000
,,,-0.00139059999,4.00000,0.08000
,,,-0.00139039999,3.92000,0.12000
,,,-0.00139019999,4.00000,0.08000
,,,-0.00138999999,4.00000,0.08000
,,,-0.00138979999,3.92000,0.12000
,,,-0.00138959999,3.92000,0.12000
,,,-0.00138939999,4.00000,0.12000
,,,-0.00138919998,4.00000,0.08000
,,,-0.00138899998,3.92000,0.12000
,,,-0.00138879998,3.92000,0.12000
,,,-0.00138859998,4.00000,0.08000
,,,-0.00138839998,4.00000,0.08000
,,,-0.00138819998,4.00000,0.08000
,,,-0.00138799998,4.00000,0.12000
,,,-0.00138779997,4.00000,0.08000
,,,-0.00138759997,3.92000,0.12000
,,,-0.00138739997,4.00000,0.12000
,,,-0.00138719997,3.92000,0.08000
,,,-0.00138699997,4.00000,0.04000
,,,-0.00138679997,4.00000,0.12000
,,,-0.00138659996,3.92000,0.12000
,,,-0.00138639996,4.00000,0.12000
,,,-0.00138619996,4.00000,0.12000
,,,-0.00138599996,3.92000,0.08000
,,,-0.00138579996,4.00000,0.12000
,,,-0.00138560007,3.92000,0.12000
,,,-0.00138540007,4.00000,0.12000
,,,-0.00138520007,3.92000,0.12000
,,,-0.00138500007,3.92000,0.08000
,,,-0.00138480007,3.92000,0.08000
,,,-0.00138460007,4.00000,0.08000
,,,-0.00138440006,4.00000,0.08000
,,,-0.00138420006,3.92000,0.08000
,,,-0.00138400006,4.00000,0.08000
,,,-0.00138380006,4.00000,0.08000
,,,-0.00138360006,4.00000,0.12000
,,,-0.00138340006,3.92000,0.12000
,,,-0.00138320005,4.00000,0.12000
,,,-0.00138300005,4.00000,0.12000
,,,-0.00138280005,3.92000,0.12000
,,,-0.00138260005,3.92000,0.08000
,,,-0.00138240005,4.00000,0.12000
,,,-0.00138220005,4.00000,0.08000
,,,-0.00138200005,3.92000,0.08000
,,,-0.00138180004,3.92000,0.08000
,,,-0.00138160004,4.00000,0.12000
,,,-0.00138140004,4.00000,0.04000
,,,-0.00138120004,3.92000,0.08000
,,,-0.00138100004,4.00000,0.04000
,,,-0.00138080004,4.00000,0.08000
,,,-0.00138060004,4.00000,0.08000
,,,-0.00138040003,4.00000,0.12000
,,,-0.00138020003,3.92000,0.08000
,,,-0.00138000003,4.00000,0.08000
,,,-0.00137980003,4.00000,0.08000
,,,-0.00137960003,4.00000,0.04000
,,,-0.00137940003,3.92000,0.08000
,,,-0.00137920002,4.00000,0.12000
,,,-0.00137900002,3.92000,0.08000
,,,-0.00137880002,3.92000,0.12000
,,,-0.00137860002,3.92000,0.12000
,,,-0.00137840002,3.92000,0.12000
,,,-0.00137820002,4.00000,0.12000
,,,-0.00137800002,3.92000,0.08000
,,,-0.00137780001,3.92000,0.12000
,,,-0.00137760001,3.92000,0.08000
,,,-0.00137740001,4.00000,0.08000
,,,-0.00137720001,4.00000,0.08000
,,,-0.00137700001,4.00000,0.08000
,,,-0.00137680001,4.00000,0.08000
,,,-0.00137660000,3.92000,0.08000
,,,-0.00137640000,4.00000,0.12000
,,,-0.00137620000,4.00000,0.08000
,,,-0.00137600000,3.92000,0.12000
,,,-0.00137580000,3.92000,0.12000
,,,-0.00137560000,4.00000,0.12000
,,,-0.00137540000,4.00000,0.08000
,,,-0.00137519999,4.00000,0.08000
,,,-0.00137499999,3.92000,0.12000
,,,-0.00137479999,3.92000,0.08000
,,,-0.00137459999,3.92000,0.12000
,,,-0.00137439999,3.92000,0.08000
,,,-0.00137419999,4.00000,0.12000
,,,-0.00137399998,3.92000,0.08000
,,,-0.00137379998,4.00000,0.08000
,,,-0.00137359998,4.00000,0.04000
,,,-0.00137339998,4.00000,0.12000
,,,-0.00137319998,3.92000,0.12000
,,,-0.00137299998,4.00000,0.08000
,,,-0.00137279998,4.00000,0.08000
,,,-0.00137259997,4.00000,0.08000
,,,-0.00137239997,3.92000,0.12000
,,,-0.00137219997,3.92000,0.08000
,,,-0.00137199997,3.92000,0.08000
,,,-0.00137179997,4.00000,0.04000
,,,-0.00137159997,4.00000,0.08000
,,,-0.00137139997,3.92000,0.04000
,,,-0.00137119996,3.92000,0.12000
,,,-0.00137099996,3.92000,0.08000
,,,-0.00137079996,4.00000,0.08000
,,,-0.00137059996,4.00000,0.08000
,,,-0.00137040007,4.00000,0.08000
,,,-0.00137020007,3.92000,0.12000
,,,-0.00137000007,4.00000,0.08000
,,,-0.00136980007,3.92000,0.12000
,,,-0.00136960007,3.92000,0.08000
,,,-0.00136940007,3.92000,0.12000
,,,-0.00136920006,4.00000,0.08000
,,,-0.00136900006,3.92000,0.12000
,,,-0.00136880006,3.92000,0.12000
,,,-0.00136860006,4.00000,0.12000
,,,-0.00136840006,3.92000,0.08000
,,,-0.00136820006,4.00000,0.12000
,,,-0.00136800006,3.92000,0.08000
,,,-0.00136780005,4.00000,0.08000
,,,-0.00136760005,3.92000,0.08000
,,,-0.00136740005,4.00000,0.12000
,,,-0.00136720005,4.00000,0.12000
,,,-0.00136700005,4.00000,0.12000
,,,-0.00136680005,4.00000,0.08000
,,,-0.00136660005,3.92000,0.08000
,,,-0.00136640004,4.00000,0.12000
,,,-0.00136620004,4.00000,0.08000
,,,-0.00136600004,4.00000,0.08000
,,,-0.00136580004,4.00000,0.12000
,,,-0.00136560004,3.92000,0.12000
,,,-0.00136540004,3.92000,0.08000
,,,-0.00136520003,3.92000,0.04000
,,,-0.00136500003,3.92000,0.08000
,,,-0.00136480003,4.00000,0.12000
,,,-0.00136460003,4.00000,0.08000
,,,-0.00136440003,3.92000,0.12000
,,,-0.00136420003,4.00000,0.12000
,,,-0.00136400003,4.00000,0.12000
,,,-0.00136380002,3.92000,0.12000
,,,-0.00136360002,4.00000,0.12000
,,,-0.00136340002,4.00000,0.12000
,,,-0.00136320002,3.92000,0.08000
,,,-0.00136300002,3.92000,0.12000
,,,-0.00136280002,3.92000,0.12000
,,,-0.00136260001,4.00000,0.12000
,,,-0.00136240001,4.00000,0.08000
,,,-0.00136220001,3.92000,0.12000
,,,-0.00136200001,3.92000,0.12000
,,,-0.00136180001,3.92000,0.08000
,,,-0.00136160001,4.00000,0.08000
,,,-0.00136140001,3.92000,0.08000
,,,-0.00136120000,4.00000,0.08000
,,,-0.00136100000,4.00000,0.08000
,,,-0.00136080000,4.00000,0.12000
,,,-0.00136060000,4.00000,0.08000
,,,-0.00136040000,4.00000,0.08000
,,,-0.00136020000,4.00000,0.08000
,,,-0.00135999999,4.00000,0.12000
,,,-0.00135979999,3.92000,0.12000
,,,-0.00135959999,3.92000,0.08000
,,,-0.00135939999,3.92000,0.12000
,,,-0.00135919999,3.92000,0.08000
,,,-0.00135899999,3.92000,0.04000
,,,-0.00135879999,3.92000,0.12000
,,,-0.00135859998,4.00000,0.04000
,,,-0.00135839998,3.92000,0.12000
,,,-0.00135819998,4.00000,0.12000
,,,-0.00135799998,4.00000,0.12000
,,,-0.00135779998,3.92000,0.12000
,,,-0.00135759998,4.00000,0.08000
,,,-0.00135739997,4.00000,0.12000
,,,-0.00135719997,4.00000,0.08000
,,,-0.00135699997,4.00000,0.08000
,,,-0.00135679997,4.00000,0.12000
,,,-0.00135659997,4.00000,0.08000
,,,-0.00135639997,3.92000,0.08000
,,,-0.00135619997,3.92000,0.12000
,,,-0.00135599996,3.92000,0.08000
,,,-0.00135579996,4.00000,0.12000
,,,-0.00135559996,3.92000,0.04000
,,,-0.00135539996,3.92000,0.12000
,,,-0.00135519996,3.92000,0.08000
,,,-0.00135500007,3.92000,0.04000
,,,-0.00135480007,3.92000,0.08000
,,,-0.00135460007,4.00000,0.12000
,,,-0.00135440007,4.00000,0.08000
,,,-0.00135420007,4.00000,0.08000
,,,-0.00135400007,3.92000,0.08000
,,,-0.00135380006,3.92000,0.08000
,,,-0.00135360006,3.92000,0.08000
,,,-0.00135340006,3.92000,0.08000
,,,-0.00135320006,3.92000,0.08000
,,,-0.00135300006,4.00000,0.08000
,,,-0.00135280006,3.92000,0.08000
,,,-0.00135260005,3.92000,0.12000
,,,-0.00135240005,3.92000,0.12000
,,,-0.00135220005,4.00000,0.08000
,,,-0.00135200005,3.92000,0.08000
,,,-0.00135180005,4.00000,0.04000
,,,-0.00135160005,3.92000,0.08000
,,,-0.00135140005,4.00000,0.08000
,,,-0.00135120004,4.00000,0.12000
,,,-0.00135100004,4.00000,0.12000
,,,-0.00135080004,4.00000,0.12000
,,,-0.00135060004,3.92000,0.12000
,,,-0.00135040004,4.00000,0.12000
,,,-0.00135020004,3.92000,0.12000
,,,-0.00135000004,3.92000,0.08000
,,,-0.00134980003,4.00000,0.08000
,,,-0.00134960003,3.92000,0.12000
,,,-0.00134940003,3.92000,0.12000
,,,-0.00134920003,3.92000,0.08000
,,,-0.00134900003,3.92000,0.12000
,,,-0.00134880003,3.92000,0.08000
,,,-0.00134860002,3.92000,0.12000
,,,-0.00134840002,4.00000,0.08000
,,,-0.00134820002,3.92000,0.08000
,,,-0.00134800002,3.92000,0.12000
,,,-0.00134780002,3.92000,0.04000
,,,-0.00134760002,3.92000,0.12000
,,,-0.00134740002,3.92000,0.08000
,,,-0.00134720001,4.00000,0.08000
,,,-0.00134700001,4.00000,0.08000
,,,-0.00134680001,4.00000,0.08000
,,,-0.00134660001,3.92000,0.12000
,,,-0.00134640001,3.92000,0.12000
,,,-0.00134620001,4.00000,0.08000
,,,-0.00134600000,3.92000,0.12000
,,,-0.00134580000,3.92000,0.12000
,,,-0.00134560000,3.92000,0.12000
,,,-0.00134540000,4.00000,0.12000
,,,-0.00134520000,3.92000,0.08000
,,,-0.00134500000,3.92000,0.12000
,,,-0.00134480000,4.00000,0.08000
,,,-0.00134459999,4.00000,0.12000
,,,-0.00134439999,4.00000,0.12000
,,,-0.00134419999,4.00000,0.08000
,,,-0.00134399999,4.00000,0.08000
,,,-0.00134379999,4.00000,0.12000
,,,-0.00134359999,3.92000,0.08000
,,,-0.00134339998,4.00000,0.08000
,,,-0.00134319998,4.00000,0.04000
,,,-0.00134299998,4.00000,0.12000
,,,-0.00134279998,3.92000,0.08000
,,,-0.00134259998,3.92000,0.12000
,,,-0.00134239998,4.00000,0.08000
,,,-0.00134219998,3.92000,0.12000
,,,-0.00134199997,3.92000,0.08000
,,,-0.00134179997,4.00000,0.12000
,,,-0.00134159997,4.00000,0.12000
,,,-0.00134139997,4.00000,0.08000
,,,-0.00134119997,3.92000,0.08000
,,,-0.00134099997,4.00000,0.08000
,,,-0.00134079996,4.00000,0.08000
,,,-0.00134059996,4.00000,0.12000
,,,-0.00134039996,4.00000,0.08000
,,,-0.00134019996,3.92000,0.08000
,,,-0.00133999996,4.00000,0.08000
,,,-0.00133980007,3.92000,0.08000
,,,-0.00133960007,3.92000,0.08000
,,,-0.00133940007,4.00000,0.08000
,,,-0.00133920007,4.00000,0.12000
,,,-0.00133900007,3.92000,0.08000
,,,-0.00133880007,3.92000,0.12000
,,,-0.00133860006,4.00000,0.08000
,,,-0.00133840006,3.92000,0.12000
,,,-0.00133820006,4.00000,0.12000
,,,-0.00133800006,4.00000,0.08000
,,,-0.00133780006,4.00000,0.08000
,,,-0.00133760006,4.00000,0.12000
,,,-0.00133740006,4.00000,0.08000
,,,-0.00133720005,3.92000,0.12000
,,,-0.00133700005,4.00000,0.12000
,,,-0.00133680005,4.00000,0.12000
,,,-0.00133660005,4.00000,0.08000
,,,-0.00133640005,4.00000,0.04000
,,,-0.00133620005,4.00000,0.12000
,,,-0.00133600004,3.92000,0.12000
,,,-0.00133580004,4.00000,0.12000
,,,-0.00133560004,4.00000,0.08000
,,,-0.00133540004,4.00000,0.12000
,,,-0.00133520004,3.92000,0.12000
,,,-0.00133500004,3.92000,0.12000
,,,-0.00133480004,4.00000,0.08000
,,,-0.00133460003,4.00000,0.12000
,,,-0.00133440003,4.00000,0.08000
,,,-0.00133420003,4.00000,0.08000
,,,-0.00133400003,3.92000,0.08000
,,,-0.00133380003,4.00000,0.12000
,,,-0.00133360003,4.00000,0.08000
,,,-0.00133340003,4.00000,0.12000
,,,-0.00133320002,4.00000,0.12000
,,,-0.00133300002,4.00000,0.08000
,,,-0.00133280002,4.00000,0.08000
,,,-0.00133260002,4.00000,0.08000
,,,-0.00133240002,3.92000,0.12000
,,,-0.00133220002,3.92000,0.12000
,,,-0.00133200001,3.92000,0.12000
,,,-0.00133180001,3.92000,0.04000
,,,-0.00133160001,3.92000,0.08000
,,,-0.00133140001,3.92000,0.12000
,,,-0.00133120001,4.00000,0.12000
,,,-0.00133100001,3.92000,0.04000
,,,-0.00133080001,3.92000,0.08000
,,,-0.00133060000,4.00000,0.08000
,,,-0.00133040000,4.00000,0.08000
,,,-0.00133020000,4.00000,0.08000
,,,-0.00133000000,4.00000,0.08000
,,,-0.00132980000,4.00000,0.08000
,,,-0.00132960000,3.92000,0.08000
,,,-0.00132939999,4.00000,0.08000
,,,-0.00132919999,4.00000,0.12000
,,,-0.00132899999,4.00000,0.08000
,,,-0.00132879999,4.00000,0.12000
,,,-0.00132859999,3.92000,0.12000
,,,-0.00132839999,3.92000,0.08000
,,,-0.00132819999,4.00000,0.08000
,,,-0.00132799998,3.92000,0.12000
,,,-0.00132779998,3.92000,0.08000
,,,-0.00132759998,3.92000,0.08000
,,,-0.00132739998,4.00000,0.12000
,,,-0.00132719998,4.00000,0.08000
,,,-0.00132699998,4.00000,0.08000
,,,-0.00132679997,4.00000,0.08000
,,,-0.00132659997,4.00000,0.12000
,,,-0.00132639997,4.00000,0.08000
,,,-0.00132619997,4.00000,0.08000
,,,-0.00132599997,4.00000,0.08000
,,,-0.00132579997,4.00000,0.08000
,,,-0.00132559997,3.92000,0.12000
,,,-0.00132539996,3.92000,0.12000
,,,-0.00132519996,3.92000,0.08000
,,,-0.00132499996,3.92000,0.08000
,,,-0.00132479996,3.92000,0.08000
,,,-0.00132459996,4.00000,0.08000
,,,-0.00132440007,4.00000,0.12000
,,,-0.00132420007,4.00000,0.08000
,,,-0.00132400007,4.00000,0.08000
,,,-0.00132380007,3.92000,0.12000
,,,-0.00132360007,3.92000,0.08000
,,,-0.00132340007,4.00000,0.12000
,,,-0.00132320006,3.92000,0.08000
,,,-0.00132300006,3.92000,0.12000
,,,-0.00132280006,3.92000,0.12000
,,,-0.00132260006,4.00000,0.08000
,,,-0.00132240006,3.92000,0.08000
,,,-0.00132220006,4.00000,0.08000
,,,-0.00132200005,4.00000,0.12000
,,,-0.00132180005,3.92000,0.12000
,,,-0.00132160005,3.92000,0.08000
,,,-0.00132140005,3.92000,0.08000
,,,-0.00132120005,4.00000,0.12000
,,,-0.00132100005,4.00000,0.12000
,,,-0.00132080005,3.92000,0.12000
,,,-0.00132060004,4.00000,0.08000
,,,-0.00132040004,3.92000,0.08000
,,,-0.00132020004,4.00000,0.12000
,,,-0.00132000004,4.00000,0.08000
,,,-0.00131980004,4.00000,0.08000
,,,-0.00131960004,4.00000,0.12000
,,,-0.00131940003,3.92000,0.12000
,,,-0.00131920003,4.00000,0.12000
,,,-0.00131900003,4.00000,0.08000
,,,-0.00131880003,3.92000,0.12000
,,,-0.00131860003,3.92000,0.08000
,,,-0.00131840003,4.00000,0.12000
,,,-0.00131820003,3.92000,0.12000
,,,-0.00131800002,3.92000,0.12000
,,,-0.00131780002,3.92000,0.12000
,,,-0.00131760002,4.00000,0.12000
,,,-0.00131740002,4.00000,0.12000
,,,-0.00131720002,4.00000,0.12000
,,,-0.00131700002,4.00000,0.08000
,,,-0.00131680002,4.00000,0.12000
,,,-0.00131660001,3.92000,0.08000
,,,-0.00131640001,4.00000,0.08000
,,,-0.00131620001,4.00000,0.12000
,,,-0.00131600001,4.00000,0.08000
,,,-0.00131580001,4.00000,0.08000
,,,-0.00131560001,3.92000,0.08000
,,,-0.00131540000,3.92000,0.08000
,,,-0.00131520000,3.92000,0.08000
,,,-0.00131500000,3.92000,0.08000
,,,-0.00131480000,4.00000,0.08000
,,,-0.00131460000,4.00000,0.12000
,,,-0.00131440000,3.92000,0.12000
,,,-0.00131420000,4.00000,0.08000
,,,-0.00131399999,4.00000,0.12000
,,,-0.00131379999,4.00000,0.04000
,,,-0.00131359999,4.00000,0.08000
,,,-0.00131339999,3.92000,0.08000
,,,-0.00131319999,4.00000,0.12000
,,,-0.00131299999,3.92000,0.12000
,,,-0.00131279998,4.00000,0.12000
,,,-0.00131259998,3.92000,0.08000
,,,-0.00131239998,4.00000,0.08000
,,,-0.00131219998,4.00000,0.12000
,,,-0.00131199998,4.00000,0.08000
,,,-0.00131179998,4.00000,0.12000
,,,-0.00131159998,4.00000,0.08000
,,,-0.00131139997,3.92000,0.12000
,,,-0.00131119997,3.92000,0.08000
,,,-0.00131099997,4.00000,0.08000
,,,-0.00131079997,4.00000,0.08000
,,,-0.00131059997,4.00000,0.08000
,,,-0.00131039997,4.00000,0.08000
,,,-0.00131019996,4.00000,0.08000
,,,-0.00130999996,4.00000,0.08000
,,,-0.00130979996,3.92000,0.04000
,,,-0.00130959996,4.00000,0.08000
,,,-0.00130939996,4.00000,0.08000
,,,-0.00130919996,3.92000,0.12000
,,,-0.00130900007,4.00000,0.12000
,,,-0.00130880007,3.92000,0.08000
,,,-0.00130860007,4.00000,0.12000
,,,-0.00130840007,3.92000,0.12000
,,,-0.00130820007,3.92000,0.04000
,,,-0.00130800006,3.92000,0.08000
,,,-0.00130780006,4.00000,0.08000
,,,-0.00130760006,3.92000,0.08000
,,,-0.00130740006,4.00000,0.04000
,,,-0.00130720006,4.00000,0.08000
,,,-0.00130700006,4.00000,0.04000
,,,-0.00130680006,4.00000,0.12000
,,,-0.00130660005,3.92000,0.12000
,,,-0.00130640005,4.00000,0.08000
,,,-0.00130620005,3.92000,0.08000
,,,-0.00130600005,3.92000,0.12000
,,,-0.00130580005,3.92000,0.08000
,,,-0.00130560005,3.92000,0.08000
,,,-0.00130540004,4.00000,0.08000
,,,-0.00130520004,3.92000,0.08000
,,,-0.00130500004,3.92000,0.08000
,,,-0.00130480004,4.00000,0.08000
,,,-0.00130460004,3.92000,0.04000
,,,-0.00130440004,4.00000,0.12000
,,,-0.00130420004,3.92000,0.08000
,,,-0.00130400003,3.92000,0.08000
,,,-0.00130380003,4.00000,0.08000
,,,-0.00130360003,4.00000,0.08000
,,,-0.00130340003,4.00000,0.08000
,,,-0.00130320003,4.00000,0.08000
,,,-0.00130300003,4.00000,0.08000
,,,-0.00130280002,3.92000,0.08000
,,,-0.00130260002,4.00000,0.08000
,,,-0.00130240002,3.92000,0.12000
,,,-0.00130220002,3.92000,0.08000
,,,-0.00130200002,3.92000,0.12000
,,,-0.00130180002,3.92000,0.08000
,,,-0.00130160002,3.92000,0.12000
,,,-0.00130140001,3.92000,0.12000
,,,-0.00130120001,4.00000,0.08000
,,,-0.00130100001,4.00000,0.08000
,,,-0.00130080001,4.00000,0.04000
,,,-0.00130060001,3.92000,0.12000
,,,-0.00130040001,3.92000,0.08000
,,,-0.00130020001,4.00000,0.12000
,,,-0.00130000000,4.00000,0.12000
,,,-0.00129980000,3.92000,0.12000
,,,-0.00129960000,4.00000,0.08000
,,,-0.00129940000,4.00000,0.12000
,,,-0.00129920000,4.00000,0.12000
,,,-0.00129900000,3.92000,0.12000
,,,-0.00129879999,3.92000,0.08000
,,,-0.00129859999,4.00000,0.08000
,,,-0.00129839999,4.00000,0.04000
,,,-0.00129819999,4.00000,0.08000
,,,-0.00129799999,3.92000,0.08000
,,,-0.00129779999,3.92000,0.08000
,,,-0.00129759999,3.92000,0.08000
,,,-0.00129739998,4.00000,0.08000
,,,-0.00129719998,4.00000,0.08000
,,,-0.00129699998,4.00000,0.12000
,,,-0.00129679998,4.00000,0.08000
,,,-0.00129659998,3.92000,0.12000
,,,-0.00129639998,4.00000,0.04000
,,,-0.00129619997,4.00000,0.08000
,,,-0.00129599997,3.92000,0.12000
,,,-0.00129579997,3.92000,0.12000
,,,-0.00129559997,3.92000,0.12000
,,,-0.00129539997,4.00000,0.12000
,,,-0.00129519997,3.92000,0.08000
,,,-0.00129499997,3.92000,0.12000
,,,-0.00129479996,3.92000,0.12000
,,,-0.00129459996,4.00000,0.08000
,,,-0.00129439996,3.92000,0.08000
,,,-0.00129419996,3.92000,0.08000
,,,-0.00129399996,4.00000,0.08000
,,,-0.00129380007,4.00000,0.12000
,,,-0.00129360007,4.00000,0.12000
,,,-0.00129340007,4.00000,0.08000
,,,-0.00129320007,4.00000,0.08000
,,,-0.00129300007,4.00000,0.08000
,,,-0.00129280007,4.00000,0.08000
,,,-0.00129260006,4.00000,0.08000
,,,-0.00129240006,3.92000,0.08000
,,,-0.00129220006,4.00000,0.12000
,,,-0.00129200006,3.92000,0.04000
,,,-0.00129180006,3.92000,0.08000
,,,-0.00129160006,4.00000,0.04000
,,,-0.00129140005,3.92000,0.04000
,,,-0.00129120005,3.92000,0.12000
,,,-0.00129100005,4.00000,0.12000
,,,-0.00129080005,3.92000,0.12000
,,,-0.00129060005,4.00000,0.08000
,,,-0.00129040005,4.00000,0.08000
,,,-0.00129020005,3.92000,0.12000
,,,-0.00129000004,4.00000,0.08000
,,,-0.00128980004,4.00000,0.08000
,,,-0.00128960004,3.92000,0.08000
,,,-0.00128940004,4.00000,0.12000
,,,-0.00128920004,4.00000,0.12000
,,,-0.00128900004,3.92000,0.08000
,,,-0.00128880003,4.00000,0.08000
,,,-0.00128860003,3.92000,0.12000
,,,-0.00128840003,3.92000,0.12000
,,,-0.00128820003,4.00000,0.12000
,,,-0.00128800003,3.92000,0.12000
,,,-0.00128780003,4.00000,0.08000
,,,-0.00128760003,3.92000,0.12000
,,,-0.00128740002,4.00000,0.08000
,,,-0.00128720002,4.00000,0.12000
,,,-0.00128700002,3.92000,0.08000
,,,-0.00128680002,4.00000,0.08000
,,,-0.00128660002,4.00000,0.08000
,,,-0.00128640002,4.00000,0.12000
,,,-0.00128620001,3.92000,0.12000
,,,-0.00128600001,3.92000,0.08000
,,,-0.00128580001,3.92000,0.08000
,,,-0.00128560001,4.00000,0.08000
,,,-0.00128540001,3.92000,0.08000
,,,-0.00128520001,3.92000,0.12000
,,,-0.00128500001,3.92000,0.08000
,,,-0.00128480000,3.92000,0.08000
,,,-0.00128460000,3.92000,0.08000
,,,-0.00128440000,4.00000,0.08000
,,,-0.00128420000,4.00000,0.12000
,,,-0.00128400000,4.00000,0.08000
,,,-0.00128380000,4.00000,0.08000
,,,-0.00128360000,4.00000,0.12000
,,,-0.00128339999,4.00000,0.08000
,,,-0.00128319999,3.92000,0.08000
,,,-0.00128299999,4.00000,0.12000
,,,-0.00128279999,4.00000,0.12000
,,,-0.00128259999,4.00000,0.04000
,,,-0.00128239999,3.92000,0.08000
,,,-0.00128219998,4.00000,0.08000
,,,-0.00128199998,3.92000,0.12000
,,,-0.00128179998,3.92000,0.08000
,,,-0.00128159998,4.00000,0.08000
,,,-0.00128139998,4.00000,0.08000
,,,-0.00128119998,3.92000,0.12000
,,,-0.00128099998,3.92000,0.08000
,,,-0.00128079997,3.92000,0.08000
,,,-0.00128059997,4.00000,0.12000
,,,-0.00128039997,4.00000,0.08000
,,,-0.00128019997,4.00000,0.08000
,,,-0.00127999997,4.00000,0.08000
,,,-0.00127979997,4.00000,0.04000
,,,-0.00127959996,4.00000,0.12000
,,,-0.00127939996,4.00000,0.12000
,,,-0.00127919996,4.00000,0.08000
,,,-0.00127899996,4.00000,0.04000
,,,-0.00127879996,4.00000,0.08000
,,,-0.00127859996,3.92000,0.08000
,,,-0.00127840007,3.92000,0.08000
,,,-0.00127820007,4.00000,0.12000
,,,-0.00127800007,3.92000,0.12000
,,,-0.00127780007,4.00000,0.08000
,,,-0.00127760007,3.92000,0.08000
,,,-0.00127740006,4.00000,0.12000
,,,-0.00127720006,4.00000,0.08000
,,,-0.00127700006,4.00000,0.12000
,,,-0.00127680006,4.00000,0.12000
,,,-0.00127660006,4.00000,0.12000
,,,-0.00127640006,4.00000,0.12000
,,,-0.00127620006,3.92000,0.08000
,,,-0.00127600005,4.00000,0.12000
,,,-0.00127580005,4.00000,0.12000
,,,-0.00127560005,4.00000,0.08000
,,,-0.00127540005,3.92000,0.12000
,,,-0.00127520005,3.92000,0.12000
,,,-0.00127500005,3.92000,0.12000
,,,-0.00127480004,4.00000,0.08000
,,,-0.00127460004,3.92000,0.12000
,,,-0.00127440004,3.92000,0.08000
,,,-0.00127420004,3.92000,0.12000
,,,-0.00127400004,4.00000,0.12000
,,,-0.00127380004,3.92000,0.08000
,,,-0.00127360004,4.00000,0.12000
,,,-0.00127340003,4.00000,0.08000
,,,-0.00127320003,4.00000,0.08000
,,,-0.00127300003,4.00000,0.08000
,,,-0.00127280003,4.00000,0.08000
,,,-0.00127260003,4.00000,0.12000
,,,-0.00127240003,4.00000,0.12000
,,,-0.00127220002,3.92000,0.08000
,,,-0.00127200002,4.00000,0.08000
,,,-0.00127180002,3.92000,0.12000
,,,-0.00127160002,4.00000,0.08000
,,,-0.00127140002,4.00000,0.12000
,,,-0.00127120002,3.92000,0.12000
,,,-0.00127100002,4.00000,0.08000
,,,-0.00127080001,3.92000,0.04000
,,,-0.00127060001,4.00000,0.08000
,,,-0.00127040001,3.92000,0.08000
,,,-0.00127020001,4.00000,0.12000
,,,-0.00127000001,4.00000,0.08000
,,,-0.00126980001,4.00000,0.08000
,,,-0.00126960000,4.00000,0.08000
,,,-0.00126940000,4.00000,0.08000
,,,-0.00126920000,3.92000,0.12000
,,,-0.00126900000,4.00000,0.08000
,,,-0.00126880000,4.00000,0.12000
,,,-0.00126860000,3.92000,0.12000
,,,-0.00126840000,4.00000,0.08000
,,,-0.00126819999,4.00000,0.12000
,,,-0.00126799999,3.92000,0.08000
,,,-0.00126779999,3.92000,0.12000
,,,-0.00126759999,3.92000,0.12000
,,,-0.00126739999,3.92000,0.12000
,,,-0.00126719999,4.00000,0.08000
,,,-0.00126699999,3.92000,0.08000
,,,-0.00126679998,4.00000,0.12000
,,,-0.00126659998,4.00000,0.08000
,,,-0.00126639998,4.00000,0.12000
,,,-0.00126619998,4.00000,0.12000
,,,-0.00126599998,4.00000,0.08000
,,,-0.00126579998,3.92000,0.08000
,,,-0.00126559997,4.00000,0.08000
,,,-0.00126539997,3.92000,0.12000
,,,-0.00126519997,4.00000,0.12000
,,,-0.00126499997,3.92000,0.12000
,,,-0.00126479997,4.00000,0.08000
,,,-0.00126459997,3.92000,0.12000
,,,-0.00126439997,3.92000,0.08000
,,,-0.00126419996,3.92000,0.08000
,,,-0.00126399996,3.92000,0.12000
,,,-0.00126379996,3.92000,0.08000
,,,-0.00126359996,4.00000,0.08000
,,,-0.00126339996,3.92000,0.08000
,,,-0.00126320007,3.92000,0.08000
,,,-0.00126300007,4.00000,0.08000
,,,-0.00126280007,3.92000,0.12000
,,,-0.00126260007,4.00000,0.12000
,,,-0.00126240007,3.92000,0.04000
,,,-0.00126220006,3.92000,0.12000
,,,-0.00126200006,3.92000,0.12000
,,,-0.00126180006,3.92000,0.12000
,,,-0.00126160006,3.92000,0.12000
,,,-0.00126140006,3.92000,0.08000
,,,-0.00126120006,3.92000,0.08000
,,,-0.00126100006,3.92000,0.12000
,,,-0.00126080005,3.92000,0.08000
,,,-0.00126060005,4.00000,0.12000
,,,-0.00126040005,4.00000,0.12000
,,,-0.00126020005,3.92000,0.08000
,,,-0.00126000005,4.00000,0.08000
,,,-0.00125980005,4.00000,0.08000
,,,-0.00125960005,4.00000,0.12000
,,,-0.00125940004,4.00000,0.08000
,,,-0.00125920004,4.00000,0.12000
,,,-0.00125900004,3.92000,0.08000
,,,-0.00125880004,3.92000,0.12000
,,,-0.00125860004,4.00000,0.08000
,,,-0.00125840004,4.00000,0.08000
,,,-0.00125820003,3.92000,0.12000
,,,-0.00125800003,3.92000,0.08000
,,,-0.00125780003,3.92000,0.08000
,,,-0.00125760003,3.92000,0.08000
,,,-0.00125740003,4.00000,0.12000
,,,-0.00125720003,4.00000,0.08000
,,,-0.00125700003,3.92000,0.08000
,,,-0.00125680002,3.92000,0.08000
,,,-0.00125660002,4.00000,0.12000
,,,-0.00125640002,4.00000,0.12000
,,,-0.00125620002,4.00000,0.12000
,,,-0.00125600002,4.00000,0.12000
,,,-0.00125580002,4.00000,0.08000
,,,-0.00125560001,4.00000,0.08000
,,,-0.00125540001,3.92000,0.08000
,,,-0.00125520001,4.00000,0.08000
,,,-0.00125500001,3.92000,0.12000
,,,-0.00125480001,3.92000,0.08000
,,,-0.00125460001,3.92000,0.08000
,,,-0.00125440001,3.92000,0.04000
,,,-0.00125420000,4.00000,0.12000
,,,-0.00125400000,4.00000,0.08000
,,,-0.00125380000,4.00000,0.12000
,,,-0.00125360000,4.00000,0.08000
,,,-0.00125340000,4.00000,0.08000
,,,-0.00125320000,4.00000,0.08000
,,,-0.00125299999,3.92000,0.08000
,,,-0.00125279999,3.92000,0.08000
,,,-0.00125259999,4.00000,0.08000
,,,-0.00125239999,4.00000,0.08000
,,,-0.00125219999,3.92000,0.12000
,,,-0.00125199999,3.92000,0.12000
,,,-0.00125179999,3.92000,0.12000
,,,-0.00125159998,3.92000,0.08000
,,,-0.00125139998,4.00000,0.08000
,,,-0.00125119998,3.92000,0.12000
,,,-0.00125099998,4.00000,0.12000
,,,-0.00125079998,4.00000,0.12000
,,,-0.00125059998,4.00000,0.08000
,,,-0.00125039998,4.00000,0.08000
,,,-0.00125019997,4.00000,0.08000
,,,-0.00124999997,4.00000,0.08000
,,,-0.00124979997,3.92000,0.12000
,,,-0.00124959997,4.00000,0.08000
,,,-0.00124939997,4.00000,0.12000
,,,-0.00124919997,4.00000,0.12000
,,,-0.00124899996,3.92000,0.04000
,,,-0.00124879996,4.00000,0.12000
,,,-0.00124859996,3.92000,0.08000
,,,-0.00124839996,3.92000,0.08000
,,,-0.00124819996,3.92000,0.08000
,,,-0.00124799996,3.92000,0.12000
,,,-0.00124780007,4.00000,0.12000
,,,-0.00124760007,4.00000,0.08000
,,,-0.00124740007,3.92000,0.12000
,,,-0.00124720007,3.92000,0.12000
,,,-0.00124700007,4.00000,0.08000
,,,-0.00124680006,4.00000,0.08000
,,,-0.00124660006,4.00000,0.08000
,,,-0.00124640006,4.00000,0.08000
,,,-0.00124620006,3.92000,0.08000
,,,-0.00124600006,4.00000,0.08000
,,,-0.00124580006,4.00000,0.08000
,,,-0.00124560005,3.92000,0.08000
,,,-0.00124540005,3.92000,0.08000
,,,-0.00124520005,3.92000,0.08000
,,,-0.00124500005,4.00000,0.12000
,,,-0.00124480005,4.00000,0.08000
,,,-0.00124460005,4.00000,0.12000
,,,-0.00124440005,3.92000,0.12000
,,,-0.00124420004,4.00000,0.12000
,,,-0.00124400004,4.00000,0.08000
,,,-0.00124380004,4.00000,0.12000
,,,-0.00124360004,3.92000,0.08000
,,,-0.00124340004,4.00000,0.08000
,,,-0.00124320004,3.92000,0.12000
,,,-0.00124300004,4.00000,0.08000
,,,-0.00124280003,4.00000,0.08000
,,,-0.00124260003,4.00000,0.12000
,,,-0.00124240003,4.00000,0.08000
,,,-0.00124220003,3.92000,0.12000
,,,-0.00124200003,4.00000,0.12000
,,,-0.00124180003,4.00000,0.12000
,,,-0.00124160002,4.00000,0.12000
,,,-0.00124140002,4.00000,0.12000
,,,-0.00124120002,3.92000,0.12000
,,,-0.00124100002,4.00000,0.12000
,,,-0.00124080002,3.92000,0.12000
,,,-0.00124060002,3.92000,0.08000
,,,-0.00124040002,3.92000,0.12000
,,,-0.00124020001,3.92000,0.12000
,,,-0.00124000001,4.00000,0.08000
,,,-0.00123980001,4.00000,0.12000
,,,-0.00123960001,4.00000,0.12000
,,,-0.00123940001,4.00000,0.08000
,,,-0.00123920001,4.00000,0.12000
,,,-0.00123900000,3.92000,0.12000
,,,-0.00123880000,3.92000,0.08000
,,,-0.00123860000,3.92000,0.12000
,,,-0.00123840000,4.00000,0.08000
,,,-0.00123820000,3.92000,0.08000
,,,-0.00123800000,3.92000,0.08000
,,,-0.00123780000,4.00000,0.12000
,,,-0.00123759999,3.92000,0.04000
,,,-0.00123739999,4.00000,0.08000
,,,-0.00123719999,4.00000,0.08000
,,,-0.00123699999,4.00000,0.08000
,,,-0.00123679999,4.00000,0.12000
,,,-0.00123659999,4.00000,0.12000
,,,-0.00123639998,4.00000,0.12000
,,,-0.00123619998,4.00000,0.12000
,,,-0.00123599998,3.92000,0.08000
,,,-0.00123579998,4.00000,0.08000
,,,-0.00123559998,3.92000,0.12000
,,,-0.00123539998,3.92000,0.08000
,,,-0.00123519998,4.00000,0.12000
,,,-0.00123499997,3.92000,0.08000
,,,-0.00123479997,4.00000,0.12000
,,,-0.00123459997,3.92000,0.12000
,,,-0.00123439997,3.92000,0.12000
,,,-0.00123419997,4.00000,0.12000
,,,-0.00123399997,3.92000,0.12000
,,,-0.00123379997,3.92000,0.08000
,,,-0.00123359996,3.92000,0.08000
,,,-0.00123339996,3.92000,0.08000
,,,-0.00123319996,3.92000,0.04000
,,,-0.00123299996,3.92000,0.04000
,,,-0.00123279996,4.00000,0.08000
,,,-0.00123260007,4.00000,0.12000
,,,-0.00123240007,4.00000,0.08000
,,,-0.00123220007,4.00000,0.04000
,,,-0.00123200007,3.92000,0.12000
,,,-0.00123180007,4.00000,0.08000
,,,-0.00123160006,3.92000,0.12000
,,,-0.00123140006,3.92000,0.04000
,,,-0.00123120006,3.92000,0.08000
,,,-0.00123100006,3.92000,0.08000
,,,-0.00123080006,3.92000,0.12000
,,,-0.00123060006,3.92000,0.12000
,,,-0.00123040006,4.00000,0.04000
,,,-0.00123020005,3.92000,0.08000
,,,-0.00123000005,4.00000,0.08000
,,,-0.00122980005,4.00000,0.08000
,,,-0.00122960005,3.92000,0.08000
,,,-0.00122940005,3.92000,0.08000
,,,-0.00122920005,4.00000,0.08000
,,,-0.00122900004,4.00000,0.12000
,,,-0.00122880004,3.92000,0.08000
,,,-0.00122860004,4.00000,0.12000
,,,-0.00122840004,3.92000,0.12000
,,,-0.00122820004,3.92000,0.12000
,,,-0.00122800004,4.00000,0.12000
,,,-0.00122780004,4.00000,0.12000
,,,-0.00122760003,3.92000,0.12000
,,,-0.00122740003,3.92000,0.12000
,,,-0.00122720003,3.92000,0.08000
,,,-0.00122700003,4.00000,0.08000
,,,-0.00122680003,3.92000,0.08000
,,,-0.00122660003,4.00000,0.12000
,,,-0.00122640003,3.92000,0.08000
,,,-0.00122620002,4.00000,0.08000
,,,-0.00122600002,4.00000,0.12000
,,,-0.00122580002,3.92000,0.08000
,,,-0.00122560002,4.00000,0.08000
,,,-0.00122540002,4.00000,0.08000
,,,-0.00122520002,3.92000,0.08000
,,,-0.00122500001,4.00000,0.12000
,,,-0.00122480001,4.00000,0.08000
,,,-0.00122460001,3.92000,0.08000
,,,-0.00122440001,4.00000,0.12000
,,,-0.00122420001,4.00000,0.12000
,,,-0.00122400001,3.92000,0.12000
,,,-0.00122380001,3.92000,0.08000
,,,-0.00122360000,4.00000,0.08000
,,,-0.00122340000,4.00000,0.08000
,,,-0.00122320000,4.00000,0.08000
,,,-0.00122300000,4.00000,0.08000
,,,-0.00122280000,4.00000,0.12000
,,,-0.00122260000,4.00000,0.08000
,,,-0.00122239999,4.00000,0.08000
,,,-0.00122219999,3.92000,0.08000
,,,-0.00122199999,3.92000,0.08000
,,,-0.00122179999,3.92000,0.12000
,,,-0.00122159999,3.92000,0.12000
,,,-0.00122139999,3.92000,0.08000
,,,-0.00122119999,3.92000,0.08000
,,,-0.00122099998,3.92000,0.12000
,,,-0.00122079998,4.00000,0.08000
,,,-0.00122059998,3.92000,0.08000
,,,-0.00122039998,3.92000,0.08000
,,,-0.00122019998,4.00000,0.08000
,,,-0.00121999998,3.92000,0.08000
,,,-0.00121979997,3.92000,0.12000
,,,-0.00121959997,4.00000,0.12000
,,,-0.00121939997,4.00000,0.04000
,,,-0.00121919997,4.00000,0.08000
,,,-0.00121899997,4.00000,0.12000
,,,-0.00121879997,3.92000,0.08000
,,,-0.00121859997,4.00000,0.12000
,,,-0.00121839996,4.00000,0.08000
,,,-0.00121819996,4.00000,0.08000
,,,-0.00121799996,3.92000,0.08000
,,,-0.00121779996,3.92000,0.08000
,,,-0.00121759996,4.00000,0.08000
,,,-0.00121739996,4.00000,0.08000
,,,-0.00121720007,3.92000,0.12000
,,,-0.00121700007,3.92000,0.12000
,,,-0.00121680007,4.00000,0.08000
,,,-0.00121660007,4.00000,0.08000
,,,-0.00121640007,4.00000,0.12000
,,,-0.00121620006,3.92000,0.08000
,,,-0.00121600006,4.00000,0.08000
,,,-0.00121580006,4.00000,0.08000
,,,-0.00121560006,4.00000,0.08000
,,,-0.00121540006,3.92000,0.12000
,,,-0.00121520006,4.00000,0.12000
,,,-0.00121500005,4.00000,0.12000
,,,-0.00121480005,3.92000,0.12000
,,,-0.00121460005,3.92000,0.04000
,,,-0.00121440005,3.92000,0.08000
,,,-0.00121420005,3.92000,0.12000
,,,-0.00121400005,3.92000,0.08000
,,,-0.00121380005,4.00000,0.08000
,,,-0.00121360004,4.00000,0.08000
,,,-0.00121340004,4.00000,0.12000
,,,-0.00121320004,3.92000,0.12000
,,,-0.00121300004,3.92000,0.08000
,,,-0.00121280004,4.00000,0.08000
,,,-0.00121260004,4.00000,0.12000
,,,-0.00121240004,4.00000,0.08000
,,,-0.00121220003,3.92000,0.08000
,,,-0.00121200003,4.00000,0.12000
,,,-0.00121180003,4.00000,0.08000
,,,-0.00121160003,3.92000,0.08000
,,,-0.00121140003,4.00000,0.12000
,,,-0.00121120003,4.00000,0.08000
,,,-0.00121100002,3.92000,0.12000
,,,-0.00121080002,3.92000,0.12000
,,,-0.00121060002,3.92000,0.08000
,,,-0.00121040002,3.92000,0.08000
,,,-0.00121020002,4.00000,0.12000
,,,-0.00121000002,4.00000,0.08000
,,,-0.00120980002,4.00000,0.08000
,,,-0.00120960001,4.00000,0.08000
,,,-0.00120940001,4.00000,0.08000
,,,-0.00120920001,4.00000,0.08000
,,,-0.00120900001,3.92000,0.12000
,,,-0.00120880001,4.00000,0.08000
,,,-0.00120860001,3.92000,0.08000
,,,-0.00120840000,4.00000,0.12000
,,,-0.00120820000,3.92000,0.12000
,,,-0.00120800000,3.92000,0.12000
,,,-0.00120780000,3.92000,0.12000
,,,-0.00120760000,3.92000,0.08000
,,,-0.00120740000,4.00000,0.12000
,,,-0.00120720000,4.00000,0.08000
,,,-0.00120699999,4.00000,0.08000
,,,-0.00120679999,3.92000,0.08000
,,,-0.00120659999,4.00000,0.08000
,,,-0.00120639999,3.92000,0.12000
,,,-0.00120619999,3.92000,0.08000
,,,-0.00120599999,3.92000,0.08000
,,,-0.00120579998,4.00000,0.12000
,,,-0.00120559998,4.00000,0.12000
,,,-0.00120539998,4.00000,0.12000
,,,-0.00120519998,4.00000,0.12000
,,,-0.00120499998,3.92000,0.12000
,,,-0.00120479998,3.92000,0.12000
,,,-0.00120459998,4.00000,0.12000
,,,-0.00120439997,4.00000,0.08000
,,,-0.00120419997,3.92000,0.08000
,,,-0.00120399997,4.00000,0.08000
,,,-0.00120379997,4.00000,0.08000
,,,-0.00120359997,4.00000,0.08000
,,,-0.00120339997,4.00000,0.08000
,,,-0.00120319996,4.00000,0.08000
,,,-0.00120299996,4.00000,0.12000
,,,-0.00120279996,3.92000,0.08000
,,,-0.00120259996,3.92000,0.08000
,,,-0.00120239996,4.00000,0.12000
,,,-0.00120219996,4.00000,0.08000
,,,-0.00120200007,3.92000,0.08000
,,,-0.00120180007,3.92000,0.12000
,,,-0.00120160007,3.92000,0.12000
,,,-0.00120140007,3.92000,0.08000
,,,-0.00120120007,3.92000,0.08000
,,,-0.00120100006,3.92000,0.12000
,,,-0.00120080006,4.00000,0.12000
,,,-0.00120060006,4.00000,0.08000
,,,-0.00120040006,3.92000,0.08000
,,,-0.00120020006,3.92000,0.08000
,,,-0.00120000006,4.00000,0.04000
,,,-0.00119980006,4.00000,0.08000
,,,-0.00119960005,3.92000,0.12000
,,,-0.00119940005,4.00000,0.12000
,,,-0.00119920005,4.00000,0.04000
,,,-0.00119900005,4.00000,0.12000
,,,-0.00119880005,4.00000,0.08000
,,,-0.00119860005,4.00000,0.08000
,,,-0.00119840004,3.92000,0.08000
,,,-0.00119820004,3.92000,0.08000
,,,-0.00119800004,3.92000,0.04000
,,,-0.00119780004,3.92000,0.12000
,,,-0.00119760004,3.92000,0.08000
,,,-0.00119740004,3.92000,0.12000
,,,-0.00119720004,3.92000,0.08000
,,,-0.00119700003,3.92000,0.08000
,,,-0.00119680003,3.92000,0.04000
,,,-0.00119660003,4.00000,0.08000
,,,-0.00119640003,4.00000,0.08000
,,,-0.00119620003,4.00000,0.08000
,,,-0.00119600003,3.92000,0.08000
,,,-0.00119580003,3.92000,0.12000
,,,-0.00119560002,4.00000,0.12000
,,,-0.00119540002,4.00000,0.12000
,,,-0.00119520002,3.92000,0.04000
,,,-0.00119500002,3.92000,0.12000
,,,-0.00119480002,3.92000,0.08000
,,,-0.00119460002,3.92000,0.08000
,,,-0.00119440001,3.92000,0.08000
,,,-0.00119420001,4.00000,0.08000
,,,-0.00119400001,3.92000,0.12000
,,,-0.00119380001,3.92000,0.08000
,,,-0.00119360001,4.00000,0.12000
,,,-0.00119340001,4.00000,0.12000
,,,-0.00119320001,4.00000,0.08000
,,,-0.00119300000,4.00000,0.12000
,,,-0.00119280000,3.92000,0.08000
,,,-0.00119260000,4.00000,0.08000
,,,-0.00119240000,4.00000,0.08000
,,,-0.00119220000,4.00000,0.12000
,,,-0.00119200000,3.92000,0.12000
,,,-0.00119179999,3.92000,0.12000
,,,-0.00119159999,3.92000,0.12000
,,,-0.00119139999,3.92000,0.08000
,,,-0.00119119999,3.92000,0.12000
,,,-0.00119099999,4.00000,0.08000
,,,-0.00119079999,3.92000,0.12000
,,,-0.00119059999,4.00000,0.08000
,,,-0.00119039998,4.00000,0.08000
,,,-0.00119019998,4.00000,0.12000
,,,-0.00118999998,4.00000,0.08000
,,,-0.00118979998,4.00000,0.08000
,,,-0.00118959998,4.00000,0.12000
,,,-0.00118939998,4.00000,0.08000
,,,-0.00118919997,4.00000,0.08000
,,,-0.00118899997,3.92000,0.08000
,,,-0.00118879997,4.00000,0.08000
,,,-0.00118859997,3.92000,0.12000
,,,-0.00118839997,3.92000,0.08000
,,,-0.00118819997,3.92000,0.08000
,,,-0.00118799997,3.92000,0.08000
,,,-0.00118779996,4.00000,0.08000
,,,-0.00118759996,3.92000,0.08000
,,,-0.00118739996,3.92000,0.12000
,,,-0.00118719996,4.00000,0.08000
,,,-0.00118699996,4.00000,0.08000
,,,-0.00118679996,3.92000,0.08000
,,,-0.00118660007,4.00000,0.08000
,,,-0.00118640007,4.00000,0.08000
,,,-0.00118620007,4.00000,0.12000
,,,-0.00118600007,4.00000,0.12000
,,,-0.00118580007,4.00000,0.08000
,,,-0.00118560006,3.92000,0.12000
,,,-0.00118540006,4.00000,0.08000
,,,-0.00118520006,3.92000,0.08000
,,,-0.00118500006,4.00000,0.12000
,,,-0.00118480006,3.92000,0.12000
,,,-0.00118460006,3.92000,0.08000
,,,-0.00118440005,3.92000,0.12000
,,,-0.00118420005,4.00000,0.08000
,,,-0.00118400005,3.92000,0.08000
,,,-0.00118380005,3.92000,0.08000
,,,-0.00118360005,4.00000,0.08000
,,,-0.00118340005,3.92000,0.08000
,,,-0.00118320005,3.92000,0.08000
,,,-0.00118300004,3.92000,0.04000
,,,-0.00118280004,4.00000,0.08000
,,,-0.00118260004,4.00000,0.12000
,,,-0.00118240004,3.92000,0.08000
,,,-0.00118220004,4.00000,0.12000
,,,-0.00118200004,4.00000,0.12000
,,,-0.00118180003,3.92000,0.08000
,,,-0.00118160003,4.00000,0.12000
,,,-0.00118140003,3.92000,0.08000
,,,-0.00118120003,4.00000,0.08000
,,,-0.00118100003,4.00000,0.12000
,,,-0.00118080003,3.92000,0.08000
,,,-0.00118060003,4.00000,0.04000
,,,-0.00118040002,3.92000,0.08000
,,,-0.00118020002,4.00000,0.08000
,,,-0.00118000002,4.00000,0.12000
,,,-0.00117980002,3.92000,0.12000
,,,-0.00117960002,4.00000,0.08000
,,,-0.00117940002,4.00000,0.12000
,,,-0.00117920002,4.00000,0.12000
,,,-0.00117900001,4.00000,0.12000
,,,-0.00117880001,4.00000,0.08000
,,,-0.00117860001,4.00000,0.08000
,,,-0.00117840001,4.00000,0.08000
,,,-0.00117820001,3.92000,0.12000
,,,-0.00117800001,4.00000,0.12000
,,,-0.00117780000,3.92000,0.08000
,,,-0.00117760000,3.92000,0.12000
,,,-0.00117740000,3.92000,0.12000
,,,-0.00117720000,4.00000,0.12000
,,,-0.00117700000,3.92000,0.08000
,,,-0.00117680000,3.92000,0.12000
,,,-0.00117660000,4.00000,0.08000
,,,-0.00117639999,4.00000,0.12000
,,,-0.00117619999,4.00000,0.08000
,,,-0.00117599999,4.00000,0.12000
,,,-0.00117579999,4.00000,0.08000
,,,-0.00117559999,4.00000,0.08000
,,,-0.00117539999,3.92000,0.12000
,,,-0.00117519998,3.92000,0.12000
,,,-0.00117499998,3.92000,0.12000
,,,-0.00117479998,3.92000,0.08000
,,,-0.00117459998,4.00000,0.12000
,,,-0.00117439998,3.92000,0.08000
,,,-0.00117419998,4.00000,0.12000
,,,-0.00117399998,3.92000,0.12000
,,,-0.00117379997,3.92000,0.12000
,,,-0.00117359997,3.92000,0.08000
,,,-0.00117339997,3.92000,0.08000
,,,-0.00117319997,3.92000,0.12000
,,,-0.00117299997,4.00000,0.08000
,,,-0.00117279997,4.00000,0.12000
,,,-0.00117259996,4.00000,0.08000
,,,-0.00117239996,3.92000,0.12000
,,,-0.00117219996,4.00000,0.08000
,,,-0.00117199996,4.00000,0.08000
,,,-0.00117179996,3.92000,0.08000
,,,-0.00117159996,4.00000,0.08000
,,,-0.00117139996,4.00000,0.12000
,,,-0.00117120007,3.92000,0.08000
,,,-0.00117100007,3.92000,0.12000
,,,-0.00117080007,3.92000,0.12000
,,,-0.00117060007,3.92000,0.08000
,,,-0.00117040006,3.92000,0.08000
,,,-0.00117020006,4.00000,0.08000
,,,-0.00117000006,3.92000,0.08000
,,,-0.00116980006,3.92000,0.08000
,,,-0.00116960006,4.00000,0.04000
,,,-0.00116940006,4.00000,0.08000
,,,-0.00116920006,4.00000,0.08000
,,,-0.00116900005,4.00000,0.12000
,,,-0.00116880005,4.00000,0.08000
,,,-0.00116860005,4.00000,0.08000
,,,-0.00116840005,3.92000,0.08000
,,,-0.00116820005,3.92000,0.12000
,,,-0.00116800005,3.92000,0.12000
,,,-0.00116780004,3.92000,0.12000
,,,-0.00116760004,3.92000,0.12000
,,,-0.00116740004,3.92000,0.08000
,,,-0.00116720004,3.92000,0.08000
,,,-0.00116700004,3.92000,0.08000
,,,-0.00116680004,4.00000,0.08000
,,,-0.00116660004,3.92000,0.08000
,,,-0.00116640003,4.00000,0.12000
,,,-0.00116620003,3.92000,0.08000
,,,-0.00116600003,4.00000,0.04000
,,,-0.00116580003,4.00000,0.08000
,,,-0.00116560003,4.00000,0.08000
,,,-0.00116540003,4.00000,0.12000
,,,-0.00116520002,4.00000,0.08000
,,,-0.00116500002,4.00000,0.12000
,,,-0.00116480002,4.00000,0.12000
,,,-0.00116460002,3.92000,0.12000
,,,-0.00116440002,4.00000,0.08000
,,,-0.00116420002,4.00000,0.08000
,,,-0.00116400002,3.92000,0.08000
,,,-0.00116380001,3.92000,0.08000
,,,-0.00116360001,3.92000,0.08000
,,,-0.00116340001,4.00000,0.08000
,,,-0.00116320001,4.00000,0.08000
,,,-0.00116300001,3.92000,0.08000
,,,-0.00116280001,4.00000,0.12000
,,,-0.00116260001,4.00000,0.12000
,,,-0.00116240000,3.92000,0.12000
,,,-0.00116220000,4.00000,0.08000
,,,-0.00116200000,4.00000,0.12000
,,,-0.00116180000,4.00000,0.12000
,,,-0.00116160000,4.00000,0.12000
,,,-0.00116140000,3.92000,0.04000
,,,-0.00116119999,4.00000,0.12000
,,,-0.00116099999,4.00000,0.12000
,,,-0.00116079999,3.92000,0.08000
,,,-0.00116059999,3.92000,0.12000
,,,-0.00116039999,4.00000,0.12000
,,,-0.00116019999,3.92000,0.08000
,,,-0.00115999999,4.00000,0.08000
,,,-0.00115979998,4.00000,0.08000
,,,-0.00115959998,3.92000,0.08000
,,,-0.00115939998,4.00000,0.08000
,,,-0.00115919998,4.00000,0.08000
,,,-0.00115899998,4.00000,0.12000
,,,-0.00115879998,4.00000,0.08000
,,,-0.00115859997,3.92000,0.12000
,,,-0.00115839997,3.92000,0.12000
,,,-0.00115819997,4.00000,0.12000
,,,-0.00115799997,3.92000,0.12000
,,,-0.00115779997,4.00000,0.08000
,,,-0.00115759997,3.92000,0.12000
,,,-0.00115739997,3.92000,0.08000
,,,-0.00115719996,4.00000,0.12000
,,,-0.00115699996,3.92000,0.04000
,,,-0.00115679996,3.92000,0.12000
,,,-0.00115659996,4.00000,0.08000
,,,-0.00115639996,3.92000,0.08000
,,,-0.00115619996,4.00000,0.08000
,,,-0.00115600007,4.00000,0.08000
,,,-0.00115580007,4.00000,0.08000
,,,-0.00115560007,4.00000,0.12000
,,,-0.00115540007,4.00000,0.08000
,,,-0.00115520007,4.00000,0.08000
,,,-0.00115500006,3.92000,0.12000
,,,-0.00115480006,3.92000,0.12000
,,,-0.00115460006,3.92000,0.12000
,,,-0.00115440006,3.92000,0.12000
,,,-0.00115420006,3.92000,0.12000
,,,-0.00115400006,4.00000,0.12000
,,,-0.00115380005,3.92000,0.12000
,,,-0.00115360005,3.92000,0.08000
,,,-0.00115340005,4.00000,0.08000
,,,-0.00115320005,4.00000,0.08000
,,,-0.00115300005,4.00000,0.12000
,,,-0.00115280005,4.00000,0.04000
,,,-0.00115260005,4.00000,0.08000
,,,-0.00115240004,4.00000,0.08000
,,,-0.00115220004,3.92000,0.12000
,,,-0.00115200004,4.00000,0.08000
,,,-0.00115180004,3.92000,0.08000
,,,-0.00115160004,3.92000,0.08000
,,,-0.00115140004,3.92000,0.12000
,,,-0.00115120003,4.00000,0.12000
,,,-0.00115100003,4.00000,0.08000
,,,-0.00115080003,4.00000,0.08000
,,,-0.00115060003,4.00000,0.08000
,,,-0.00115040003,4.00000,0.12000
,,,-0.00115020003,4.00000,0.12000
,,,-0.00115000003,4.00000,0.12000
,,,-0.00114980002,3.92000,0.08000
,,,-0.00114960002,4.00000,0.08000
,,,-0.00114940002,4.00000,0.12000
,,,-0.00114920002,3.92000,0.08000
,,,-0.00114900002,3.92000,0.08000
,,,-0.00114880002,3.92000,0.12000
,,,-0.00114860001,4.00000,0.12000
,,,-0.00114840001,4.00000,0.08000
,,,-0.00114820001,4.00000,0.12000
,,,-0.00114800001,3.92000,0.08000
,,,-0.00114780001,4.00000,0.08000
,,,-0.00114760001,4.00000,0.12000
,,,-0.00114740001,4.00000,0.12000
,,,-0.00114720000,4.00000,0.04000
,,,-0.00114700000,4.00000,0.08000
,,,-0.00114680000,4.00000,0.08000
,,,-0.00114660000,4.00000,0.04000
,,,-0.00114640000,3.92000,0.08000
,,,-0.00114620000,3.92000,0.08000
,,,-0.00114600000,4.00000,0.08000
,,,-0.00114579999,4.00000,0.08000
,,,-0.00114559999,4.00000,0.08000
,,,-0.00114539999,4.00000,0.08000
,,,-0.00114519999,3.92000,0.08000
,,,-0.00114499999,4.00000,0.08000
,,,-0.00114479999,4.00000,0.04000
,,,-0.00114459998,3.92000,0.08000
,,,-0.00114439998,3.92000,0.12000
,,,-0.00114419998,4.00000,0.08000
,,,-0.00114399998,4.00000,0.12000
,,,-0.00114379998,4.00000,0.08000
,,,-0.00114359998,3.92000,0.12000
,,,-0.00114339998,4.00000,0.08000
,,,-0.00114319997,3.92000,0.08000
,,,-0.00114299997,4.00000,0.08000
,,,-0.00114279997,4.00000,0.08000
,,,-0.00114259997,4.00000,0.08000
,,,-0.00114239997,3.92000,0.08000
,,,-0.00114219997,4.00000,0.08000
,,,-0.00114199996,4.00000,0.04000
,,,-0.00114179996,4.00000,0.08000
,,,-0.00114159996,3.92000,0.12000
,,,-0.00114139996,3.92000,0.08000
,,,-0.00114119996,4.00000,0.12000
,,,-0.00114099996,4.00000,0.12000
,,,-0.00114079996,3.92000,0.12000
,,,-0.00114060007,3.92000,0.08000
,,,-0.00114040007,3.92000,0.12000
,,,-0.00114020007,3.92000,0.12000
,,,-0.00114000007,4.00000,0.04000
,,,-0.00113980006,4.00000,0.08000
,,,-0.00113960006,3.92000,0.04000
,,,-0.00113940006,4.00000,0.04000
,,,-0.00113920006,4.00000,0.08000
,,,-0.00113900006,4.00000,0.08000
,,,-0.00113880006,3.92000,0.12000
,,,-0.00113860006,3.92000,0.08000
,,,-0.00113840005,4.00000,0.12000
,,,-0.00113820005,4.00000,0.08000
,,,-0.00113800005,3.92000,0.08000
,,,-0.00113780005,4.00000,0.08000
,,,-0.00113760005,3.92000,0.08000
,,,-0.00113740005,3.92000,0.04000
,,,-0.00113720004,4.00000,0.12000
,,,-0.00113700004,3.92000,0.12000
,,,-0.00113680004,3.92000,0.08000
,,,-0.00113660004,3.92000,0.08000
,,,-0.00113640004,4.00000,0.08000
,,,-0.00113620004,4.00000,0.08000
,,,-0.00113600004,4.00000,0.08000
,,,-0.00113580003,4.00000,0.08000
,,,-0.00113560003,4.00000,0.12000
,,,-0.00113540003,4.00000,0.08000
,,,-0.00113520003,4.00000,0.08000
,,,-0.00113500003,3.92000,0.12000
,,,-0.00113480003,4.00000,0.08000
,,,-0.00113460002,4.00000,0.12000
,,,-0.00113440002,4.00000,0.12000
,,,-0.00113420002,3.92000,0.08000
,,,-0.00113400002,3.92000,0.08000
,,,-0.00113380002,4.00000,0.12000
,,,-0.00113360002,4.00000,0.08000
,,,-0.00113340002,4.00000,0.08000
,,,-0.00113320001,4.00000,0.08000
,,,-0.00113300001,4.00000,0.08000
,,,-0.00113280001,4.00000,0.08000
,,,-0.00113260001,4.00000,0.08000
,,,-0.00113240001,4.00000,0.08000
,,,-0.00113220001,4.00000,0.08000
,,,-0.00113200000,4.00000,0.08000
,,,-0.00113180000,4.00000,0.08000
,,,-0.00113160000,3.92000,0.12000
,,,-0.00113140000,4.00000,0.12000
,,,-0.00113120000,3.92000,0.12000
,,,-0.00113100000,4.00000,0.12000
,,,-0.00113080000,4.00000,0.08000
,,,-0.00113059999,3.92000,0.08000
,,,-0.00113039999,4.00000,0.12000
,,,-0.00113019999,3.92000,0.12000
,,,-0.00112999999,4.00000,0.12000
,,,-0.00112979999,3.92000,0.08000
,,,-0.00112959999,4.00000,0.08000
,,,-0.00112939999,4.00000,0.08000
,,,-0.00112919998,4.00000,0.08000
,,,-0.00112899998,3.92000,0.08000
,,,-0.00112879998,4.00000,0.12000
,,,-0.00112859998,4.00000,0.08000
,,,-0.00112839998,3.92000,0.12000
,,,-0.00112819998,4.00000,0.12000
,,,-0.00112799997,4.00000,0.08000
,,,-0.00112779997,3.92000,0.08000
,,,-0.00112759997,3.92000,0.04000
,,,-0.00112739997,3.92000,0.12000
,,,-0.00112719997,4.00000,0.12000
,,,-0.00112699997,3.92000,0.08000
,,,-0.00112679997,4.00000,0.12000
,,,-0.00112659996,3.92000,0.12000
,,,-0.00112639996,4.00000,0.04000
,,,-0.00112619996,4.00000,0.08000
,,,-0.00112599996,4.00000,0.12000
,,,-0.00112579996,3.92000,0.12000
,,,-0.00112559996,4.00000,0.08000
,,,-0.00112540007,4.00000,0.08000
,,,-0.00112520007,4.00000,0.08000
,,,-0.00112500007,4.00000,0.12000
,,,-0.00112480007,3.92000,0.08000
,,,-0.00112460006,3.92000,0.08000
,,,-0.00112440006,4.00000,0.12000
,,,-0.00112420006,3.92000,0.12000
,,,-0.00112400006,3.92000,0.12000
,,,-0.00112380006,3.92000,0.12000
,,,-0.00112360006,3.92000,0.08000
,,,-0.00112340006,3.92000,0.08000
,,,-0.00112320005,3.92000,0.04000
,,,-0.00112300005,4.00000,0.08000
,,,-0.00112280005,3.92000,0.08000
,,,-0.00112260005,4.00000,0.08000
,,,-0.00112240005,4.00000,0.08000
,,,-0.00112220005,4.00000,0.08000
,,,-0.00112200005,4.00000,0.12000
,,,-0.00112180004,4.00000,0.08000
,,,-0.00112160004,4.00000,0.12000
,,,-0.00112140004,4.00000,0.12000
,,,-0.00112120004,4.00000,0.12000
,,,-0.00112100004,4.00000,0.08000
,,,-0.00112080004,3.92000,0.08000
,,,-0.00112060003,3.92000,0.08000
,,,-0.00112040003,4.00000,0.12000
,,,-0.00112020003,3.92000,0.12000
,,,-0.00112000003,3.92000,0.08000
,,,-0.00111980003,3.92000,0.08000
,,,-0.00111960003,4.00000,0.08000
,,,-0.00111940003,4.00000,0.08000
,,,-0.00111920002,3.92000,0.04000
,,,-0.00111900002,4.00000,0.12000
,,,-0.00111880002,4.00000,0.08000
,,,-0.00111860002,4.00000,0.08000
,,,-0.00111840002,4.00000,0.08000
,,,-0.00111820002,3.92000,0.08000
,,,-0.00111800001,4.00000,0.12000
,,,-0.00111780001,4.00000,0.08000
,,,-0.00111760001,3.92000,0.08000
,,,-0.00111740001,4.00000,0.12000
,,,-0.00111720001,4.00000,0.12000
,,,-0.00111700001,4.00000,0.08000
,,,-0.00111680001,4.00000,0.12000
,,,-0.00111660000,3.92000,0.08000
,,,-0.00111640000,4.00000,0.08000
,,,-0.00111620000,4.00000,0.08000
,,,-0.00111600000,4.00000,0.12000
,,,-0.00111580000,4.00000,0.12000
,,,-0.00111560000,4.00000,0.12000
,,,-0.00111539999,3.92000,0.12000
,,,-0.00111519999,3.92000,0.12000
,,,-0.00111499999,3.92000,0.08000
,,,-0.00111479999,4.00000,0.08000
,,,-0.00111459999,3.92000,0.12000
,,,-0.00111439999,4.00000,0.12000
,,,-0.00111419999,4.00000,0.08000
,,,-0.00111399998,4.00000,0.12000
,,,-0.00111379998,3.92000,0.12000
,,,-0.00111359998,4.00000,0.08000
,,,-0.00111339998,4.00000,0.04000
,,,-0.00111319998,3.92000,0.08000
,,,-0.00111299998,4.00000,0.12000
,,,-0.00111279998,4.00000,0.08000
,,,-0.00111259997,3.92000,0.08000
,,,-0.00111239997,4.00000,0.08000
,,,-0.00111219997,4.00000,0.04000
,,,-0.00111199997,4.00000,0.08000
,,,-0.00111179997,4.00000,0.04000
,,,-0.00111159997,4.00000,0.12000
,,,-0.00111139996,4.00000,0.12000
,,,-0.00111119996,4.00000,0.08000
,,,-0.00111099996,3.92000,0.08000
,,,-0.00111079996,3.92000,0.12000
,,,-0.00111059996,4.00000,0.12000
,,,-0.00111039996,4.00000,0.12000
,,,-0.00111019996,3.92000,0.12000
,,,-0.00111000007,3.92000,0.12000
,,,-0.00110980007,4.00000,0.08000
,,,-0.00110960007,4.00000,0.08000
,,,-0.00110940007,4.00000,0.08000
,,,-0.00110920006,4.00000,0.08000
,,,-0.00110900006,4.00000,0.12000
,,,-0.00110880006,4.00000,0.08000
,,,-0.00110860006,4.08000,0.08000
,,,-0.00110840006,4.00000,0.12000
,,,-0.00110820006,4.00000,0.12000
,,,-0.00110800005,3.92000,0.12000
,,,-0.00110780005,3.92000,0.12000
,,,-0.00110760005,3.92000,0.08000
,,,-0.00110740005,4.00000,0.08000
,,,-0.00110720005,3.92000,0.12000
,,,-0.00110700005,3.92000,0.08000
,,,-0.00110680005,3.92000,0.04000
,,,-0.00110660004,3.92000,0.08000
,,,-0.00110640004,4.00000,0.12000
,,,-0.00110620004,4.00000,0.12000
,,,-0.00110600004,4.00000,0.08000
,,,-0.00110580004,4.00000,0.12000
,,,-0.00110560004,4.00000,0.08000
,,,-0.00110540004,4.00000,0.08000
,,,-0.00110520003,3.92000,0.08000
,,,-0.00110500003,4.00000,0.12000
,,,-0.00110480003,4.00000,0.12000
,,,-0.00110460003,3.92000,0.08000
,,,-0.00110440003,4.00000,0.08000
,,,-0.00110420003,4.00000,0.08000
,,,-0.00110400002,3.92000,0.04000
,,,-0.00110380002,4.00000,0.08000
,,,-0.00110360002,3.92000,0.08000
,,,-0.00110340002,4.00000,0.04000
,,,-0.00110320002,4.00000,0.08000
,,,-0.00110300002,4.00000,0.04000
,,,-0.00110280002,3.92000,0.04000
,,,-0.00110260001,4.00000,0.08000
,,,-0.00110240001,4.00000,0.08000
,,,-0.00110220001,4.00000,0.08000
,,,-0.00110200001,4.00000,0.12000
,,,-0.00110180001,3.92000,0.08000
,,,-0.00110160001,4.00000,0.12000
,,,-0.00110140000,4.00000,0.08000
,,,-0.00110120000,3.92000,0.12000
,,,-0.00110100000,4.00000,0.12000
,,,-0.00110080000,4.00000,0.08000
,,,-0.00110060000,3.92000,0.08000
,,,-0.00110040000,4.00000,0.12000
,,,-0.00110020000,4.00000,0.08000
,,,-0.00109999999,4.00000,0.12000
,,,-0.00109979999,4.00000,0.08000
,,,-0.00109959999,4.00000,0.12000
,,,-0.00109939999,4.00000,0.12000
,,,-0.00109919999,4.00000,0.08000
,,,-0.00109899999,4.00000,0.04000
,,,-0.00109879998,4.00000,0.04000
,,,-0.00109859998,3.92000,0.08000
,,,-0.00109839998,4.00000,0.08000
,,,-0.00109819998,4.00000,0.12000
,,,-0.00109799998,4.00000,0.08000
,,,-0.00109779998,3.92000,0.12000
,,,-0.00109759998,3.92000,0.08000
,,,-0.00109739997,3.92000,0.04000
,,,-0.00109719997,3.92000,0.12000
,,,-0.00109699997,3.92000,0.08000
,,,-0.00109679997,3.92000,0.08000
,,,-0.00109659997,3.92000,0.08000
,,,-0.00109639997,4.00000,0.08000
,,,-0.00109619997,4.00000,0.04000
,,,-0.00109599996,3.92000,0.08000
,,,-0.00109579996,3.92000,0.08000
,,,-0.00109559996,4.00000,0.08000
,,,-0.00109539996,3.92000,0.08000
,,,-0.00109519996,3.92000,0.08000
,,,-0.00109499996,3.92000,0.08000
,,,-0.00109480007,4.00000,0.08000
,,,-0.00109460007,4.00000,0.12000
,,,-0.00109440007,4.00000,0.12000
,,,-0.00109420007,4.00000,0.08000
,,,-0.00109400006,3.92000,0.12000
,,,-0.00109380006,3.92000,0.12000
,,,-0.00109360006,4.00000,0.08000
,,,-0.00109340006,3.92000,0.08000
,,,-0.00109320006,4.00000,0.04000
,,,-0.00109300006,4.00000,0.08000
,,,-0.00109280006,4.00000,0.08000
,,,-0.00109260005,4.00000,0.04000
,,,-0.00109240005,3.92000,0.08000
,,,-0.00109220005,3.92000,0.12000
,,,-0.00109200005,3.92000,0.12000
,,,-0.00109180005,4.00000,0.08000
,,,-0.00109160005,3.92000,0.12000
,,,-0.00109140004,3.92000,0.08000
,,,-0.00109120004,3.92000,0.12000
,,,-0.00109100004,3.92000,0.12000
,,,-0.00109080004,3.92000,0.12000
,,,-0.00109060004,3.92000,0.12000
,,,-0.00109040004,4.00000,0.08000
,,,-0.00109020004,3.92000,0.04000
,,,-0.00109000003,3.92000,0.08000
,,,-0.00108980003,3.92000,0.08000
,,,-0.00108960003,4.00000,0.08000
,,,-0.00108940003,4.00000,0.08000
,,,-0.00108920003,3.92000,0.04000
,,,-0.00108900003,3.92000,0.08000
,,,-0.00108880003,4.00000,0.12000
,,,-0.00108860002,4.00000,0.12000
,,,-0.00108840002,4.00000,0.12000
,,,-0.00108820002,3.92000,0.08000
,,,-0.00108800002,3.92000,0.12000
,,,-0.00108780002,3.92000,0.08000
,,,-0.00108760002,4.00000,0.12000
,,,-0.00108740001,3.92000,0.12000
,,,-0.00108720001,3.92000,0.12000
,,,-0.00108700001,4.00000,0.12000
,,,-0.00108680001,4.00000,0.08000
,,,-0.00108660001,4.00000,0.08000
,,,-0.00108640001,4.00000,0.08000
,,,-0.00108620001,4.00000,0.08000
,,,-0.00108600000,4.00000,0.12000
,,,-0.00108580000,3.92000,0.04000
,,,-0.00108560000,3.92000,0.04000
,,,-0.00108540000,4.00000,0.12000
,,,-0.00108520000,4.00000,0.08000
,,,-0.00108500000,4.00000,0.12000
,,,-0.00108479999,4.00000,0.12000
,,,-0.00108459999,4.00000,0.08000
,,,-0.00108439999,4.00000,0.12000
,,,-0.00108419999,3.92000,0.08000
,,,-0.00108399999,4.00000,0.12000
,,,-0.00108379999,3.92000,0.08000
,,,-0.00108359999,4.00000,0.08000
,,,-0.00108339998,3.92000,0.08000
,,,-0.00108319998,3.92000,0.12000
,,,-0.00108299998,4.00000,0.08000
,,,-0.00108279998,4.00000,0.12000
,,,-0.00108259998,4.00000,0.08000
,,,-0.00108239998,4.00000,0.08000
,,,-0.00108219997,4.00000,0.12000
,,,-0.00108199997,3.92000,0.12000
,,,-0.00108179997,4.00000,0.12000
,,,-0.00108159997,3.92000,0.04000
,,,-0.00108139997,4.00000,0.12000
,,,-0.00108119997,3.92000,0.04000
,,,-0.00108099997,4.00000,0.12000
,,,-0.00108079996,3.92000,0.08000
,,,-0.00108059996,3.92000,0.12000
,,,-0.00108039996,3.92000,0.12000
,,,-0.00108019996,4.00000,0.12000
,,,-0.00107999996,4.00000,0.12000
,,,-0.00107979996,3.92000,0.08000
,,,-0.00107959996,3.92000,0.04000
,,,-0.00107940007,4.00000,0.08000
,,,-0.00107920007,4.00000,0.08000
,,,-0.00107900007,4.00000,0.08000
,,,-0.00107880007,4.00000,0.12000
,,,-0.00107860006,3.92000,0.08000
,,,-0.00107840006,3.92000,0.08000
,,,-0.00107820006,4.00000,0.08000
,,,-0.00107800006,4.00000,0.04000
,,,-0.00107780006,4.00000,0.08000
,,,-0.00107760006,3.92000,0.08000
,,,-0.00107740005,4.00000,0.12000
,,,-0.00107720005,3.92000,0.12000
,,,-0.00107700005,3.92000,0.08000
,,,-0.00107680005,3.92000,0.08000
,,,-0.00107660005,3.92000,0.12000
,,,-0.00107640005,4.00000,0.08000
,,,-0.00107620005,4.00000,0.08000
,,,-0.00107600004,4.00000,0.08000
,,,-0.00107580004,4.00000,0.08000
,,,-0.00107560004,4.00000,0.08000
,,,-0.00107540004,4.00000,0.12000
,,,-0.00107520004,4.00000,0.12000
,,,-0.00107500004,4.00000,0.04000
,,,-0.00107480003,4.00000,0.08000
,,,-0.00107460003,4.00000,0.12000
,,,-0.00107440003,3.92000,0.08000
,,,-0.00107420003,3.92000,0.12000
,,,-0.00107400003,4.00000,0.08000
,,,-0.00107380003,4.00000,0.12000
,,,-0.00107360003,3.92000,0.12000
,,,-0.00107340002,4.00000,0.08000
,,,-0.00107320002,4.00000,0.12000
,,,-0.00107300002,4.00000,0.08000
,,,-0.00107280002,3.92000,0.08000
,,,-0.00107260002,3.92000,0.08000
,,,-0.00107240002,4.00000,0.08000
,,,-0.00107220002,3.92000,0.04000
,,,-0.00107200001,3.92000,0.08000
,,,-0.00107180001,4.00000,0.08000
,,,-0.00107160001,4.00000,0.08000
,,,-0.00107140001,3.92000,0.12000
,,,-0.00107120001,3.92000,0.04000
,,,-0.00107100001,4.00000,0.12000
,,,-0.00107080000,3.92000,0.12000
,,,-0.00107060000,4.00000,0.08000
,,,-0.00107040000,3.92000,0.08000
,,,-0.00107020000,3.92000,0.08000
,,,-0.00107000000,4.00000,0.08000
,,,-0.00106980000,4.00000,0.08000
,,,-0.00106960000,3.92000,0.08000
,,,-0.00106939999,4.00000,0.08000
,,,-0.00106919999,4.00000,0.12000
,,,-0.00106899999,3.92000,0.08000
,,,-0.00106879999,4.00000,0.08000
,,,-0.00106859999,4.00000,0.12000
,,,-0.00106839999,3.92000,0.12000
,,,-0.00106819998,4.00000,0.08000
,,,-0.00106799998,4.00000,0.12000
,,,-0.00106779998,3.92000,0.12000
,,,-0.00106759998,4.00000,0.12000
,,,-0.00106739998,3.92000,0.08000
,,,-0.00106719998,4.00000,0.12000
,,,-0.00106699998,4.00000,0.12000
,,,-0.00106679997,4.00000,0.08000
,,,-0.00106659997,4.00000,0.12000
,,,-0.00106639997,4.00000,0.08000
,,,-0.00106619997,4.00000,0.12000
,,,-0.00106599997,4.00000,0.08000
,,,-0.00106579997,4.00000,0.08000
,,,-0.00106559996,4.00000,0.08000
,,,-0.00106539996,3.92000,0.08000
,,,-0.00106519996,3.92000,0.08000
,,,-0.00106499996,3.92000,0.12000
,,,-0.00106479996,4.00000,0.08000
,,,-0.00106459996,3.92000,0.12000
,,,-0.00106439996,3.92000,0.12000
,,,-0.00106419995,4.00000,0.08000
,,,-0.00106400007,3.92000,0.08000
,,,-0.00106380007,3.92000,0.12000
,,,-0.00106360007,3.92000,0.08000
,,,-0.00106340006,4.00000,0.04000
,,,-0.00106320006,4.00000,0.08000
,,,-0.00106300006,4.00000,0.04000
,,,-0.00106280006,4.00000,0.08000
,,,-0.00106260006,3.92000,0.08000
,,,-0.00106240006,4.00000,0.08000
,,,-0.00106220006,3.92000,0.08000
,,,-0.00106200005,4.00000,0.08000
,,,-0.00106180005,4.00000,0.08000
,,,-0.00106160005,4.00000,0.08000
,,,-0.00106140005,4.00000,0.08000
,,,-0.00106120005,4.00000,0.08000
,,,-0.00106100005,4.00000,0.12000
,,,-0.00106080004,4.00000,0.08000
,,,-0.00106060004,4.00000,0.12000
,,,-0.00106040004,4.00000,0.12000
,,,-0.00106020004,3.92000,0.12000
,,,-0.00106000004,3.92000,0.08000
,,,-0.00105980004,3.92000,0.08000
,,,-0.00105960004,4.00000,0.08000
,,,-0.00105940003,4.00000,0.08000
,,,-0.00105920003,4.00000,0.12000
,,,-0.00105900003,4.00000,0.12000
,,,-0.00105880003,4.00000,0.08000
,,,-0.00105860003,3.92000,0.08000
,,,-0.00105840003,3.92000,0.08000
,,,-0.00105820002,4.00000,0.04000
,,,-0.00105800002,4.00000,0.08000
,,,-0.00105780002,4.00000,0.12000
,,,-0.00105760002,3.92000,0.12000
,,,-0.00105740002,3.92000,0.08000
,,,-0.00105720002,4.00000,0.08000
,,,-0.00105700002,4.00000,0.08000
,,,-0.00105680001,3.92000,0.12000
,,,-0.00105660001,3.92000,0.12000
,,,-0.00105640001,4.00000,0.12000
,,,-0.00105620001,3.92000,0.08000
,,,-0.00105600001,3.92000,0.12000
,,,-0.00105580001,4.00000,0.12000
,,,-0.00105560001,4.00000,0.04000
,,,-0.00105540000,3.92000,0.08000
,,,-0.00105520000,3.92000,0.08000
,,,-0.00105500000,4.08000,0.08000
,,,-0.00105480000,4.00000,0.08000
,,,-0.00105460000,3.92000,0.12000
,,,-0.00105440000,4.00000,0.12000
,,,-0.00105419999,3.92000,0.12000
,,,-0.00105399999,3.92000,0.08000
,,,-0.00105379999,3.92000,0.04000
,,,-0.00105359999,4.00000,0.12000
,,,-0.00105339999,3.92000,0.12000
,,,-0.00105319999,4.00000,0.12000
,,,-0.00105299999,3.92000,0.12000
,,,-0.00105279998,3.92000,0.08000
,,,-0.00105259998,3.92000,0.12000
,,,-0.00105239998,4.00000,0.08000
,,,-0.00105219998,3.92000,0.08000
,,,-0.00105199998,3.92000,0.08000
,,,-0.00105179998,3.92000,0.08000
,,,-0.00105159997,3.92000,0.12000
,,,-0.00105139997,4.00000,0.04000
,,,-0.00105119997,4.00000,0.12000
,,,-0.00105099997,4.00000,0.12000
,,,-0.00105079997,4.00000,0.08000
,,,-0.00105059997,4.00000,0.08000
,,,-0.00105039997,4.00000,0.08000
,,,-0.00105019996,4.00000,0.08000
,,,-0.00104999996,4.00000,0.04000
,,,-0.00104979996,3.92000,0.12000
,,,-0.00104959996,4.00000,0.12000
,,,-0.00104939996,4.00000,0.08000
,,,-0.00104919996,4.00000,0.04000
,,,-0.00104899995,4.00000,0.12000
,,,-0.00104880007,4.08000,0.08000
,,,-0.00104860007,3.92000,0.12000
,,,-0.00104840007,4.00000,0.08000
,,,-0.00104820007,4.00000,0.12000
,,,-0.00104800006,4.00000,0.12000
,,,-0.00104780006,4.00000,0.08000
,,,-0.00104760006,3.92000,0.08000
,,,-0.00104740006,4.00000,0.04000
,,,-0.00104720006,3.92000,0.08000
,,,-0.00104700006,3.92000,0.12000
,,,-0.00104680005,4.00000,0.08000
,,,-0.00104660005,4.00000,0.08000
,,,-0.00104640005,4.00000,0.08000
,,,-0.00104620005,4.00000,0.08000
,,,-0.00104600005,3.92000,0.12000
,,,-0.00104580005,4.00000,0.12000
,,,-0.00104560005,3.92000,0.08000
,,,-0.00104540004,4.00000,0.12000
,,,-0.00104520004,4.00000,0.08000
,,,-0.00104500004,4.00000,0.08000
,,,-0.00104480004,4.00000,0.08000
,,,-0.00104460004,3.92000,0.12000
,,,-0.00104440004,3.92000,0.04000
,,,-0.00104420003,4.00000,0.04000
,,,-0.00104400003,4.00000,0.12000
,,,-0.00104380003,4.00000,0.08000
,,,-0.00104360003,4.00000,0.08000
,,,-0.00104340003,4.00000,0.08000
,,,-0.00104320003,4.00000,0.12000
,,,-0.00104300003,4.00000,0.08000
,,,-0.00104280002,4.00000,0.12000
,,,-0.00104260002,4.00000,0.08000
,,,-0.00104240002,4.00000,0.08000
,,,-0.00104220002,4.00000,0.12000
,,,-0.00104200002,4.00000,0.08000
,,,-0.00104180002,4.00000,0.08000
,,,-0.00104160002,4.00000,0.12000
,,,-0.00104140001,3.92000,0.08000
,,,-0.00104120001,4.00000,0.08000
,,,-0.00104100001,3.92000,0.08000
,,,-0.00104080001,4.00000,0.12000
,,,-0.00104060001,3.92000,0.12000
,,,-0.00104040001,4.00000,0.08000
,,,-0.00104020000,3.92000,0.12000
,,,-0.00104000000,4.00000,0.08000
,,,-0.00103980000,3.92000,0.12000
,,,-0.00103960000,4.00000,0.08000
,,,-0.00103940000,4.00000,0.08000
,,,-0.00103920000,4.00000,0.08000
,,,-0.00103900000,4.00000,0.12000
,,,-0.00103879999,4.00000,0.08000
,,,-0.00103859999,3.92000,0.12000
,,,-0.00103839999,4.00000,0.12000
,,,-0.00103819999,4.00000,0.04000
,,,-0.00103799999,4.00000,0.08000
,,,-0.00103779999,4.00000,0.12000
,,,-0.00103759998,3.92000,0.08000
,,,-0.00103739998,3.92000,0.12000
,,,-0.00103719998,3.92000,0.12000
,,,-0.00103699998,3.92000,0.08000
,,,-0.00103679998,3.92000,0.08000
,,,-0.00103659998,3.92000,0.08000
,,,-0.00103639998,3.92000,0.08000
,,,-0.00103619997,4.00000,0.12000
,,,-0.00103599997,4.00000,0.08000
,,,-0.00103579997,4.00000,0.04000
,,,-0.00103559997,4.00000,0.04000
,,,-0.00103539997,4.00000,0.08000
,,,-0.00103519997,3.92000,0.08000
,,,-0.00103499996,3.92000,0.08000
,,,-0.00103479996,4.00000,0.12000
,,,-0.00103459996,4.00000,0.12000
,,,-0.00103439996,4.00000,0.12000
,,,-0.00103419996,3.92000,0.12000
,,,-0.00103399996,3.92000,0.08000
,,,-0.00103379996,3.92000,0.08000
,,,-0.00103359995,4.00000,0.08000
,,,-0.00103340007,3.92000,0.12000
,,,-0.00103320007,3.92000,0.12000
,,,-0.00103300007,3.92000,0.08000
,,,-0.00103280006,4.00000,0.08000
,,,-0.00103260006,3.92000,0.12000
,,,-0.00103240006,3.92000,0.04000
,,,-0.00103220006,4.00000,0.08000
,,,-0.00103200006,4.00000,0.12000
,,,-0.00103180006,4.00000,0.08000
,,,-0.00103160006,4.00000,0.08000
,,,-0.00103140005,3.92000,0.12000
,,,-0.00103120005,3.92000,0.08000
,,,-0.00103100005,4.00000,0.12000
,,,-0.00103080005,4.00000,0.08000
,,,-0.00103060005,4.00000,0.08000
,,,-0.00103040005,3.92000,0.12000
,,,-0.00103020004,3.92000,0.12000
,,,-0.00103000004,4.00000,0.08000
,,,-0.00102980004,3.92000,0.12000
,,,-0.00102960004,3.92000,0.08000
,,,-0.00102940004,3.92000,0.08000
,,,-0.00102920004,3.92000,0.04000
,,,-0.00102900004,3.92000,0.04000
,,,-0.00102880003,3.92000,0.04000
,,,-0.00102860003,4.00000,0.08000
,,,-0.00102840003,4.00000,0.08000
,,,-0.00102820003,3.92000,0.08000
,,,-0.00102800003,4.00000,0.08000
,,,-0.00102780003,3.92000,0.08000
,,,-0.00102760002,3.92000,0.12000
,,,-0.00102740002,4.00000,0.08000
,,,-0.00102720002,3.92000,0.12000
,,,-0.00102700002,3.92000,0.12000
,,,-0.00102680002,4.00000,0.08000
,,,-0.00102660002,4.00000,0.08000
,,,-0.00102640002,4.00000,0.08000
,,,-0.00102620001,3.92000,0.12000
,,,-0.00102600001,4.00000,0.12000
,,,-0.00102580001,4.00000,0.08000
,,,-0.00102560001,3.92000,0.08000
,,,-0.00102540001,3.92000,0.12000
,,,-0.00102520001,3.92000,0.08000
,,,-0.00102500001,3.92000,0.08000
,,,-0.00102480000,3.92000,0.04000
,,,-0.00102460000,3.92000,0.12000
,,,-0.00102440000,4.00000,0.08000
,,,-0.00102420000,3.92000,0.08000
,,,-0.00102400000,4.00000,0.12000
,,,-0.00102380000,3.92000,0.08000
,,,-0.00102359999,4.00000,0.08000
,,,-0.00102339999,4.00000,0.08000
,,,-0.00102319999,4.00000,0.08000
,,,-0.00102299999,4.00000,0.08000
,,,-0.00102279999,4.00000,0.08000
,,,-0.00102259999,4.00000,0.12000
,,,-0.00102239999,3.92000,0.08000
,,,-0.00102219998,4.00000,0.08000
,,,-0.00102199998,4.00000,0.12000
,,,-0.00102179998,4.00000,0.08000
,,,-0.00102159998,4.00000,0.08000
,,,-0.00102139998,3.92000,0.08000
,,,-0.00102119998,3.92000,0.08000
,,,-0.00102099997,3.92000,0.12000
,,,-0.00102079997,4.00000,0.08000
,,,-0.00102059997,3.92000,0.08000
,,,-0.00102039997,4.00000,0.08000
,,,-0.00102019997,4.00000,0.08000
,,,-0.00101999997,4.00000,0.08000
,,,-0.00101979997,4.00000,0.08000
,,,-0.00101959996,3.92000,0.08000
,,,-0.00101939996,3.92000,0.08000
,,,-0.00101919996,4.00000,0.08000
,,,-0.00101899996,3.92000,0.12000
,,,-0.00101879996,4.00000,0.08000
,,,-0.00101859996,4.00000,0.12000
,,,-0.00101839995,4.00000,0.04000
,,,-0.00101820007,3.92000,0.08000
,,,-0.00101800007,4.00000,0.08000
,,,-0.00101780007,4.00000,0.08000
,,,-0.00101760007,3.92000,0.12000
,,,-0.00101740006,4.00000,0.12000
,,,-0.00101720006,4.00000,0.12000
,,,-0.00101700006,4.00000,0.08000
,,,-0.00101680006,3.92000,0.08000
,,,-0.00101660006,4.00000,0.08000
,,,-0.00101640006,4.00000,0.08000
,,,-0.00101620005,3.92000,0.12000
,,,-0.00101600005,3.92000,0.08000
,,,-0.00101580005,4.00000,0.08000
,,,-0.00101560005,4.00000,0.12000
,,,-0.00101540005,4.00000,0.08000
,,,-0.00101520005,4.00000,0.08000
,,,-0.00101500005,4.00000,0.08000
,,,-0.00101480004,4.00000,0.12000
,,,-0.00101460004,4.00000,0.12000
,,,-0.00101440004,4.00000,0.08000
,,,-0.00101420004,4.00000,0.08000
,,,-0.00101400004,4.00000,0.08000
,,,-0.00101380004,4.00000,0.12000
,,,-0.00101360003,4.00000,0.12000
,,,-0.00101340003,3.92000,0.12000
,,,-0.00101320003,3.92000,0.04000
,,,-0.00101300003,3.92000,0.08000
,,,-0.00101280003,3.92000,0.08000
,,,-0.00101260003,4.00000,0.12000
,,,-0.00101240003,3.92000,0.12000
,,,-0.00101220002,4.00000,0.08000
,,,-0.00101200002,4.00000,0.04000
,,,-0.00101180002,4.00000,0.08000
,,,-0.00101160002,4.00000,0.04000
,,,-0.00101140002,4.00000,0.08000
,,,-0.00101120002,3.92000,0.08000
,,,-0.00101100001,4.00000,0.12000
,,,-0.00101080001,3.92000,0.08000
,,,-0.00101060001,3.92000,0.12000
,,,-0.00101040001,4.00000,0.12000
,,,-0.00101020001,4.00000,0.12000
,,,-0.00101000001,3.92000,0.12000
,,,-0.00100980001,3.92000,0.08000
,,,-0.00100960000,4.00000,0.12000
,,,-0.00100940000,4.00000,0.08000
,,,-0.00100920000,4.00000,0.12000
,,,-0.00100900000,4.00000,0.08000
,,,-0.00100880000,4.00000,0.08000
,,,-0.00100860000,4.00000,0.08000
,,,-0.00100840000,3.92000,0.08000
,,,-0.00100819999,4.00000,0.12000
,,,-0.00100799999,3.92000,0.08000
,,,-0.00100779999,4.00000,0.08000
,,,-0.00100759999,4.00000,0.08000
,,,-0.00100739999,4.00000,0.12000
,,,-0.00100719999,3.92000,0.12000
,,,-0.00100699998,3.92000,0.12000
,,,-0.00100679998,4.00000,0.08000
,,,-0.00100659998,4.00000,0.08000
,,,-0.00100639998,3.92000,0.08000
,,,-0.00100619998,3.92000,0.04000
,,,-0.00100599998,3.92000,0.08000
,,,-0.00100579998,4.00000,0.08000
,,,-0.00100559997,3.92000,0.12000
,,,-0.00100539997,4.00000,0.04000
,,,-0.00100519997,4.00000,0.08000
,,,-0.00100499997,3.92000,0.12000
,,,-0.00100479997,4.00000,0.12000
,,,-0.00100459997,3.92000,0.12000
,,,-0.00100439996,3.92000,0.08000
,,,-0.00100419996,4.00000,0.08000
,,,-0.00100399996,3.92000,0.08000
,,,-0.00100379996,4.00000,0.12000
,,,-0.00100359996,3.92000,0.12000
,,,-0.00100339996,3.92000,0.12000
,,,-0.00100319996,4.00000,0.08000
,,,-0.00100299995,4.00000,0.08000
,,,-0.00100280007,4.00000,0.04000
,,,-0.00100260007,4.00000,0.08000
,,,-0.00100240007,4.00000,0.08000
,,,-0.00100220006,4.00000,0.12000
,,,-0.00100200006,3.92000,0.08000
,,,-0.00100180006,3.92000,0.08000
,,,-0.00100160006,4.00000,0.08000
,,,-0.00100140006,3.92000,0.08000
,,,-0.00100120006,4.00000,0.04000
,,,-0.00100100006,3.92000,0.08000
,,,-0.00100080005,3.92000,0.12000
,,,-0.00100060005,3.92000,0.08000
,,,-0.00100040005,3.92000,0.08000
,,,-0.00100020005,3.92000,0.08000
,,,-0.00100000005,3.92000,0.08000
,,,-0.00099980005,3.92000,0.12000
,,,-0.00099960004,4.00000,0.08000
,,,-0.00099940004,4.00000,0.12000
,,,-0.00099920004,4.00000,0.12000
,,,-0.00099900004,4.00000,0.12000
,,,-0.00099880004,4.00000,0.12000
,,,-0.00099860004,4.00000,0.12000
,,,-0.00099840004,0.00,5.08000
,,,-0.00099820003,0.16000,5.08000
,,,-0.00099800003,0.16000,5.08000
,,,-0.00099780003,0.16000,5.08000
,,,-0.00099760003,0.16000,5.08000
,,,-0.00099740003,0.16000,5.12000
,,,-0.00099720003,0.16000,5.08000
,,,-0.00099700002,0.16000,5.08000
,,,-0.00099680002,0.08000,5.08000
,,,-0.00099660002,0.08000,5.08000
,,,-0.00099640002,0.16000,5.08000
,,,-0.00099620002,0.16000,5.08000
,,,-0.00099600002,0.16000,5.08000
,,,-0.00099580002,0.16000,5.04000
,,,-0.00099560001,0.08000,5.08000
,,,-0.00099540001,0.16000,5.08000
,,,-0.00099520001,0.16000,5.08000
,,,-0.00099500001,0.16000,5.08000
,,,-0.00099480001,0.16000,5.04000
,,,-0.00099460001,0.16000,5.04000
,,,-0.00099440000,0.16000,5.08000
,,,-0.00099420000,0.16000,5.04000
,,,-0.00099400000,0.16000,5.04000
,,,-0.00099380000,0.16000,5.04000
,,,-0.00099360000,0.16000,5.04000
,,,-0.00099340000,0.24000,5.04000
,,,-0.00099320000,0.16000,5.04000
,,,-0.00099299999,0.16000,5.04000
,,,-0.00099279999,0.16000,5.04000
,,,-0.00099259999,0.16000,5.04000
,,,-0.00099239999,0.16000,5.08000
,,,-0.00099219999,0.16000,5.04000
,,,-0.00099199999,0.24000,5.08000
,,,-0.00099179999,0.24000,5.04000
,,,-0.00099159998,0.16000,5.04000
,,,-0.00099139998,0.16000,5.00000
,,,-0.00099119998,0.16000,5.04000
,,,-0.00099099998,0.16000,5.08000
,,,-0.00099079998,0.24000,5.04000
,,,-0.00099059998,0.16000,5.04000
,,,-0.00099039997,0.16000,5.08000
,,,-0.00099019997,0.24000,5.04000
,,,-0.00098999997,0.24000,5.04000
,,,-0.00098979997,0.16000,5.04000
,,,-0.00098959997,0.16000,5.04000
,,,-0.00098939997,0.16000,5.04000
,,,-0.00098919997,0.16000,5.04000
,,,-0.00098899996,0.24000,5.04000
,,,-0.00098879996,0.24000,5.04000
,,,-0.00098859996,0.24000,5.04000
,,,-0.00098839996,0.16000,5.04000
,,,-0.00098819996,0.16000,5.00000
,,,-0.00098799996,0.24000,5.04000
,,,-0.00098779995,0.16000,5.04000
,,,-0.00098760007,0.24000,5.08000
,,,-0.00098740007,0.16000,5.08000
,,,-0.00098720007,0.16000,5.04000
,,,-0.00098700006,0.16000,5.04000
,,,-0.00098680006,0.16000,5.04000
,,,-0.00098660006,0.16000,5.04000
,,,-0.00098640006,0.16000,5.04000
,,,-0.00098620006,0.16000,5.04000
,,,-0.00098600006,0.16000,5.08000
,,,-0.00098580006,0.16000,5.04000
,,,-0.00098560005,0.16000,5.04000
,,,-0.00098540005,0.24000,5.04000
,,,-0.00098520005,0.16000,5.04000
,,,-0.00098500005,0.16000,5.08000
,,,-0.00098480005,0.24000,5.04000
,,,-0.00098460005,0.24000,5.08000
,,,-0.00098440005,0.24000,5.08000
,,,-0.00098420004,0.16000,5.04000
,,,-0.00098400004,0.16000,5.04000
,,,-0.00098380004,0.16000,5.08000
,,,-0.00098360004,0.16000,5.08000
,,,-0.00098340004,0.16000,5.04000
,,,-0.00098320004,0.24000,5.04000
,,,-0.00098300003,0.16000,5.04000
,,,-0.00098280003,0.24000,5.04000
,,,-0.00098260003,0.24000,5.04000
,,,-0.00098240003,0.24000,5.04000
,,,-0.00098220003,0.16000,5.04000
,,,-0.00098200003,0.24000,5.04000
,,,-0.00098180003,0.16000,5.04000
,,,-0.00098160002,0.16000,5.04000
,,,-0.00098140002,0.24000,5.04000
,,,-0.00098120002,0.16000,5.04000
,,,-0.00098100002,0.16000,5.08000
,,,-0.00098080002,0.24000,5.08000
,,,-0.00098060002,0.16000,5.04000
,,,-0.00098040001,0.16000,5.08000
,,,-0.00098020001,0.16000,5.08000
,,,-0.00098000001,0.16000,5.04000
,,,-0.00097980001,0.24000,5.00000
,,,-0.00097960001,0.16000,5.04000
,,,-0.00097940001,0.24000,5.04000
,,,-0.00097920001,0.16000,5.04000
,,,-0.00097900000,0.16000,5.04000
,,,-0.00097880000,0.16000,5.04000
,,,-0.00097860000,0.24000,5.04000
,,,-0.00097840000,0.24000,5.04000
,,,-0.00097820000,0.16000,5.04000
,,,-0.00097800000,0.24000,5.08000
,,,-0.00097779999,0.16000,5.08000
,,,-0.00097759999,0.24000,5.04000
,,,-0.00097739999,0.24000,5.08000
,,,-0.00097719999,0.16000,5.08000
,,,-0.00097699999,0.24000,5.08000
,,,-0.00097679999,0.16000,5.08000
,,,-0.00097659999,0.16000,5.08000
,,,-0.00097639998,0.16000,5.04000
,,,-0.00097619998,0.16000,5.08000
,,,-0.00097600004,0.16000,5.08000
,,,-0.00097580004,0.24000,5.04000
,,,-0.00097560004,0.24000,5.08000
,,,-0.00097540003,0.24000,5.04000
,,,-0.00097520003,0.24000,5.04000
,,,-0.00097500003,0.24000,5.08000
,,,-0.00097480003,0.24000,5.04000
,,,-0.00097460003,0.24000,5.04000
,,,-0.00097440003,0.16000,5.04000
,,,-0.00097420003,0.16000,5.08000
,,,-0.00097400002,0.16000,5.04000
,,,-0.00097380002,0.16000,5.04000
,,,-0.00097360002,0.16000,5.04000
,,,-0.00097340002,0.16000,5.04000
,,,-0.00097320002,0.16000,5.04000
,,,-0.00097300002,0.16000,5.04000
,,,-0.00097280002,0.16000,5.04000
,,,-0.00097260001,0.16000,5.04000
,,,-0.00097240001,0.16000,5.04000
,,,-0.00097220001,0.16000,5.08000
,,,-0.00097200001,0.16000,5.04000
,,,-0.00097180001,0.24000,5.08000
,,,-0.00097160001,0.16000,5.04000
,,,-0.00097140000,0.16000,5.04000
,,,-0.00097120000,0.16000,5.04000
,,,-0.00097100000,0.16000,5.04000
,,,-0.00097080000,0.16000,5.04000
,,,-0.00097060000,0.16000,5.08000
,,,-0.00097040000,0.16000,5.04000
,,,-0.00097020000,0.16000,5.08000
,,,-0.00096999999,0.16000,5.04000
,,,-0.00096979999,0.16000,5.04000
,,,-0.00096959999,0.16000,5.04000
,,,-0.00096939999,0.16000,5.04000
,,,-0.00096919999,0.24000,5.00000
,,,-0.00096899999,0.24000,5.04000
,,,-0.00096879998,0.16000,5.04000
,,,-0.00096859998,0.24000,5.04000
,,,-0.00096840004,0.24000,5.04000
,,,-0.00096820004,0.16000,5.00000
,,,-0.00096800004,0.24000,5.00000
,,,-0.00096780004,0.16000,5.04000
,,,-0.00096760003,0.24000,5.04000
,,,-0.00096740003,0.16000,5.08000
,,,-0.00096720003,0.24000,5.08000
,,,-0.00096700003,0.24000,5.08000
,,,-0.00096680003,0.16000,5.08000
,,,-0.00096660003,0.16000,5.00000
,,,-0.00096640002,0.16000,5.08000
,,,-0.00096620002,0.16000,5.04000
,,,-0.00096600002,0.16000,5.04000
,,,-0.00096580002,0.16000,5.04000
,,,-0.00096560002,0.24000,5.04000
,,,-0.00096540002,0.24000,5.04000
,,,-0.00096520002,0.16000,5.04000
,,,-0.00096500001,0.16000,5.00000
,,,-0.00096480001,0.16000,5.04000
,,,-0.00096460001,0.16000,5.04000
,,,-0.00096440001,0.24000,5.04000
,,,-0.00096420001,0.24000,5.04000
,,,-0.00096400001,0.16000,5.04000
,,,-0.00096380000,0.24000,5.08000
,,,-0.00096360000,0.16000,5.04000
,,,-0.00096340000,0.16000,5.04000
,,,-0.00096320000,0.16000,5.04000
,,,-0.00096300000,0.24000,5.04000
,,,-0.00096280000,0.16000,5.04000
,,,-0.00096260000,0.24000,5.08000
,,,-0.00096239999,0.16000,5.04000
,,,-0.00096219999,0.16000,5.04000
,,,-0.00096199999,0.24000,5.04000
,,,-0.00096179999,0.24000,5.04000
,,,-0.00096159999,0.16000,5.04000
,,,-0.00096139999,0.24000,5.00000
,,,-0.00096119998,0.24000,5.04000
,,,-0.00096099998,0.16000,5.04000
,,,-0.00096080004,0.16000,5.04000
,,,-0.00096060004,0.24000,5.04000
,,,-0.00096040004,0.16000,5.04000
,,,-0.00096020004,0.16000,5.08000
,,,-0.00096000003,0.16000,5.08000
,,,-0.00095980003,0.16000,5.08000
,,,-0.00095960003,0.16000,5.04000
,,,-0.00095940003,0.16000,5.04000
,,,-0.00095920003,0.16000,5.04000
,,,-0.00095900003,0.16000,5.04000
,,,-0.00095880002,0.24000,5.04000
,,,-0.00095860002,0.24000,5.04000
,,,-0.00095840002,0.16000,5.08000
,,,-0.00095820002,0.24000,5.04000
,,,-0.00095800002,0.24000,5.04000
,,,-0.00095780002,0.16000,5.00000
,,,-0.00095760002,0.24000,5.08000
,,,-0.00095740001,0.24000,5.04000
,,,-0.00095720001,0.24000,5.04000
,,,-0.00095700001,0.16000,5.08000
,,,-0.00095680001,0.24000,5.08000
,,,-0.00095660001,0.24000,5.08000
,,,-0.00095640001,0.16000,5.04000
,,,-0.00095620001,0.16000,5.00000
,,,-0.00095600000,0.16000,5.04000
,,,-0.00095580000,0.24000,5.04000
,,,-0.00095560000,0.16000,5.04000
,,,-0.00095540000,0.24000,5.04000
,,,-0.00095520000,0.16000,5.04000
,,,-0.00095500000,0.16000,5.00000
,,,-0.00095479999,0.24000,5.04000
,,,-0.00095459999,0.16000,5.04000
,,,-0.00095439999,0.16000,5.04000
,,,-0.00095419999,0.16000,5.08000
,,,-0.00095399999,0.24000,5.04000
,,,-0.00095379999,0.24000,5.04000
,,,-0.00095359999,0.16000,5.04000
,,,-0.00095339998,0.16000,5.04000
,,,-0.00095319998,0.16000,5.08000
,,,-0.00095300004,0.16000,5.08000
,,,-0.00095280004,0.24000,5.04000
,,,-0.00095260004,0.16000,5.08000
,,,-0.00095240003,0.16000,5.04000
,,,-0.00095220003,0.24000,5.04000
,,,-0.00095200003,0.24000,5.04000
,,,-0.00095180003,0.16000,5.04000
,,,-0.00095160003,0.16000,5.00000
,,,-0.00095140003,0.24000,5.08000
,,,-0.00095120003,0.16000,5.04000
,,,-0.00095100002,0.16000,5.08000
,,,-0.00095080002,0.24000,5.04000
,,,-0.00095060002,0.24000,5.04000
,,,-0.00095040002,0.16000,5.04000
,,,-0.00095020002,0.16000,5.04000
,,,-0.00095000002,0.16000,5.08000
,,,-0.00094980001,0.16000,5.08000
,,,-0.00094960001,0.16000,5.04000
,,,-0.00094940001,0.16000,5.08000
,,,-0.00094920001,0.16000,5.08000
,,,-0.00094900001,0.16000,5.04000
,,,-0.00094880001,0.16000,5.04000
,,,-0.00094860001,0.24000,5.04000
,,,-0.00094840000,0.16000,5.04000
,,,-0.00094820000,0.24000,5.04000
,,,-0.00094800000,0.24000,5.04000
,,,-0.00094780000,0.24000,5.08000
,,,-0.00094760000,0.24000,5.04000
,,,-0.00094740000,0.16000,5.08000
,,,-0.00094719999,0.16000,5.08000
,,,-0.00094699999,0.16000,5.08000
,,,-0.00094679999,0.16000,5.04000
,,,-0.00094659999,0.24000,5.04000
,,,-0.00094639999,0.16000,5.04000
,,,-0.00094619999,0.16000,5.08000
,,,-0.00094599999,0.16000,5.08000
,,,-0.00094579998,0.24000,5.08000
,,,-0.00094559998,0.24000,5.04000
,,,-0.00094540004,0.16000,5.04000
,,,-0.00094520004,0.24000,5.00000
,,,-0.00094500004,0.16000,5.08000
,,,-0.00094480003,0.24000,5.08000
,,,-0.00094460003,0.24000,5.04000
,,,-0.00094440003,0.16000,5.04000
,,,-0.00094420003,0.16000,5.04000
,,,-0.00094400003,0.16000,5.04000
,,,-0.00094380003,0.16000,5.04000
,,,-0.00094360003,0.16000,5.08000
,,,-0.00094340002,0.16000,5.04000
,,,-0.00094320002,0.16000,5.04000
,,,-0.00094300002,0.24000,5.04000
,,,-0.00094280002,0.16000,5.04000
,,,-0.00094260002,0.16000,5.04000
,,,-0.00094240002,0.16000,5.04000
,,,-0.00094220001,0.16000,5.04000
,,,-0.00094200001,0.24000,5.08000
,,,-0.00094180001,0.24000,5.04000
,,,-0.00094160001,0.16000,5.04000
,,,-0.00094140001,0.16000,5.04000
,,,-0.00094120001,0.16000,5.04000
,,,-0.00094100001,0.16000,5.08000
,,,-0.00094080000,0.16000,5.08000
,,,-0.00094060000,0.16000,5.04000
,,,-0.00094040000,0.16000,5.08000
,,,-0.00094020000,0.16000,5.04000
,,,-0.00094000000,0.16000,5.04000
,,,-0.00093980000,0.16000,5.04000
,,,-0.00093960000,0.16000,5.04000
,,,-0.00093939999,0.16000,5.04000
,,,-0.00093919999,0.24000,5.04000
,,,-0.00093899999,0.16000,5.04000
,,,-0.00093879999,0.24000,5.04000
,,,-0.00093859999,0.16000,5.08000
,,,-0.00093839999,0.24000,5.04000
,,,-0.00093819998,0.16000,5.04000
,,,-0.00093799998,0.24000,5.04000
,,,-0.00093780004,0.24000,5.04000
,,,-0.00093760004,0.24000,5.04000
,,,-0.00093740004,0.16000,5.04000
,,,-0.00093720003,0.16000,5.08000
,,,-0.00093700003,0.16000,5.04000
,,,-0.00093680003,0.16000,5.04000
,,,-0.00093660003,0.16000,5.04000
,,,-0.00093640003,0.24000,5.04000
,,,-0.00093620003,0.16000,5.04000
,,,-0.00093600003,0.16000,5.04000
,,,-0.00093580002,0.16000,5.04000
,,,-0.00093560002,0.24000,5.04000
,,,-0.00093540002,0.24000,5.04000
,,,-0.00093520002,0.16000,5.04000
,,,-0.00093500002,0.16000,5.04000
,,,-0.00093480002,0.24000,5.08000
,,,-0.00093460002,0.16000,5.04000
,,,-0.00093440001,0.24000,5.08000
,,,-0.00093420001,0.24000,5.08000
,,,-0.00093400001,0.24000,5.04000
,,,-0.00093380001,0.16000,5.04000
,,,-0.00093360001,0.24000,5.08000
,,,-0.00093340001,0.16000,5.04000
,,,-0.00093320000,0.16000,5.04000
,,,-0.00093300000,0.24000,5.08000
,,,-0.00093280000,0.24000,5.04000
,,,-0.00093260000,0.16000,5.08000
,,,-0.00093240000,0.24000,5.04000
,,,-0.00093220000,0.16000,5.04000
,,,-0.00093200000,0.16000,5.04000
,,,-0.00093179999,0.24000,5.04000
,,,-0.00093159999,0.24000,5.04000
,,,-0.00093139999,0.16000,5.08000
,,,-0.00093119999,0.16000,5.08000
,,,-0.00093099999,0.16000,5.04000
,,,-0.00093079999,0.16000,5.08000
,,,-0.00093059998,0.16000,5.04000
,,,-0.00093039998,0.16000,5.04000
,,,-0.00093020004,0.16000,5.04000
,,,-0.00093000004,0.16000,5.08000
,,,-0.00092980004,0.16000,5.04000
,,,-0.00092960004,0.24000,5.04000
,,,-0.00092940003,0.16000,5.08000
,,,-0.00092920003,0.16000,5.04000
,,,-0.00092900003,0.24000,5.08000
,,,-0.00092880003,0.24000,5.04000
,,,-0.00092860003,0.24000,5.04000
,,,-0.00092840003,0.24000,5.04000
,,,-0.00092820002,0.16000,5.08000
,,,-0.00092800002,0.24000,5.04000
,,,-0.00092780002,0.24000,5.08000
,,,-0.00092760002,0.16000,5.04000
,,,-0.00092740002,0.16000,5.08000
,,,-0.00092720002,0.16000,5.04000
,,,-0.00092700002,0.16000,5.04000
,,,-0.00092680001,0.16000,5.08000
,,,-0.00092660001,0.24000,5.08000
,,,-0.00092640001,0.16000,5.04000
,,,-0.00092620001,0.16000,5.04000
,,,-0.00092600001,0.24000,5.04000
,,,-0.00092580001,0.24000,5.04000
,,,-0.00092560000,0.16000,5.04000
,,,-0.00092540000,0.16000,5.04000
,,,-0.00092520000,0.16000,5.08000
,,,-0.00092500000,0.16000,5.04000
,,,-0.00092480000,0.24000,5.04000
,,,-0.00092460000,0.24000,5.08000
,,,-0.00092440000,0.16000,5.08000
,,,-0.00092419999,0.16000,5.04000
,,,-0.00092399999,0.16000,5.08000
,,,-0.00092379999,0.16000,5.04000
,,,-0.00092359999,0.16000,5.04000
,,,-0.00092339999,0.08000,5.00000
,,,-0.00092319999,0.16000,5.04000
,,,-0.00092299999,0.24000,5.08000
,,,-0.00092279998,0.16000,5.04000
,,,-0.00092259998,0.16000,5.04000
,,,-0.00092240004,0.16000,5.00000
,,,-0.00092220004,0.24000,5.04000
,,,-0.00092200004,0.24000,5.00000
,,,-0.00092180003,0.16000,5.00000
,,,-0.00092160003,0.16000,5.04000
,,,-0.00092140003,0.16000,5.04000
,,,-0.00092120003,0.24000,5.04000
,,,-0.00092100003,0.16000,5.04000
,,,-0.00092080003,0.24000,5.08000
,,,-0.00092060002,0.24000,5.08000
,,,-0.00092040002,0.16000,5.04000
,,,-0.00092020002,0.16000,5.04000
,,,-0.00092000002,0.16000,5.08000
,,,-0.00091980002,0.16000,5.04000
,,,-0.00091960002,0.16000,5.04000
,,,-0.00091940002,0.16000,5.08000
,,,-0.00091920001,0.16000,5.04000
,,,-0.00091900001,0.24000,5.04000
,,,-0.00091880001,0.24000,5.04000
,,,-0.00091860001,0.24000,5.04000
,,,-0.00091840001,0.24000,5.04000
,,,-0.00091820001,0.24000,5.04000
,,,-0.00091800001,0.24000,5.04000
,,,-0.00091780000,0.16000,5.04000
,,,-0.00091760000,0.16000,5.04000
,,,-0.00091740000,0.16000,5.04000
,,,-0.00091720000,0.16000,5.04000
,,,-0.00091700000,0.16000,5.08000
,,,-0.00091680000,0.16000,5.04000
,,,-0.00091659999,0.16000,5.04000
,,,-0.00091639999,0.16000,5.04000
,,,-0.00091619999,0.24000,5.08000
,,,-0.00091599999,0.16000,5.04000
,,,-0.00091579999,0.16000,5.04000
,,,-0.00091559999,0.16000,5.04000
,,,-0.00091539999,0.16000,5.04000
,,,-0.00091519998,0.16000,5.04000
,,,-0.00091499998,0.24000,5.04000
,,,-0.00091480004,0.24000,5.08000
,,,-0.00091460004,0.16000,5.04000
,,,-0.00091440004,0.16000,5.04000
,,,-0.00091420003,0.16000,5.04000
,,,-0.00091400003,0.16000,5.04000
,,,-0.00091380003,0.16000,5.08000
,,,-0.00091360003,0.24000,5.08000
,,,-0.00091340003,0.16000,5.04000
,,,-0.00091320003,0.16000,5.04000
,,,-0.00091300003,0.16000,5.04000
,,,-0.00091280002,0.16000,5.04000
,,,-0.00091260002,0.16000,5.08000
,,,-0.00091240002,0.16000,5.04000
,,,-0.00091220002,0.16000,5.08000
,,,-0.00091200002,0.24000,5.04000
,,,-0.00091180002,0.24000,5.04000
,,,-0.00091160001,0.16000,5.04000
,,,-0.00091140001,0.24000,5.04000
,,,-0.00091120001,0.24000,5.04000
,,,-0.00091100001,0.24000,5.04000
,,,-0.00091080001,0.24000,5.04000
,,,-0.00091060001,0.24000,5.08000
,,,-0.00091040001,0.16000,5.08000
,,,-0.00091020000,0.16000,5.08000
,,,-0.00091000000,0.16000,5.04000
,,,-0.00090980000,0.16000,5.08000
,,,-0.00090960000,0.16000,5.08000
,,,-0.00090940000,0.16000,5.08000
,,,-0.00090920000,0.16000,5.04000
,,,-0.00090899999,0.16000,5.04000
,,,-0.00090879999,0.16000,5.04000
,,,-0.00090859999,0.24000,5.08000
,,,-0.00090839999,0.16000,5.04000
,,,-0.00090819999,0.16000,5.04000
,,,-0.00090799999,0.24000,5.04000
,,,-0.00090779999,0.24000,5.04000
,,,-0.00090759998,0.24000,5.04000
,,,-0.00090739998,0.24000,5.04000
,,,-0.00090720004,0.24000,5.04000
,,,-0.00090700004,0.16000,5.04000
,,,-0.00090680004,0.16000,5.04000
,,,-0.00090660003,0.24000,5.08000
,,,-0.00090640003,0.16000,5.04000
,,,-0.00090620003,0.16000,5.04000
,,,-0.00090600003,0.16000,5.08000
,,,-0.00090580003,0.24000,5.04000
,,,-0.00090560003,0.16000,5.08000
,,,-0.00090540003,0.24000,5.04000
,,,-0.00090520002,0.16000,5.04000
,,,-0.00090500002,0.24000,5.04000
,,,-0.00090480002,0.16000,5.00000
,,,-0.00090460002,0.24000,5.04000
,,,-0.00090440002,0.24000,5.04000
,,,-0.00090420002,0.16000,5.04000
,,,-0.00090400001,0.24000,5.08000
,,,-0.00090380001,0.16000,5.08000
,,,-0.00090360001,0.16000,5.04000
,,,-0.00090340001,0.24000,5.04000
,,,-0.00090320001,0.24000,5.04000
,,,-0.00090300001,0.16000,5.04000
,,,-0.00090280001,0.16000,5.08000
,,,-0.00090260000,0.16000,5.04000
,,,-0.00090240000,0.16000,5.04000
,,,-0.00090220000,0.16000,5.04000
,,,-0.00090200000,0.24000,5.04000
,,,-0.00090180000,0.24000,5.04000
,,,-0.00090160000,0.16000,5.04000
,,,-0.00090140000,0.24000,5.08000
,,,-0.00090119999,0.16000,5.04000
,,,-0.00090099999,0.16000,5.04000
,,,-0.00090079999,0.16000,5.04000
,,,-0.00090059999,0.24000,5.04000
,,,-0.00090039999,0.24000,5.04000
,,,-0.00090019999,0.16000,5.08000
,,,-0.00089999998,0.24000,5.04000
,,,-0.00089979998,0.16000,5.08000
,,,-0.00089959998,0.16000,5.04000
,,,-0.00089940004,0.24000,5.04000
,,,-0.00089920004,0.24000,5.00000
,,,-0.00089900004,0.24000,5.04000
,,,-0.00089880003,0.24000,5.04000
,,,-0.00089860003,0.16000,5.04000
,,,-0.00089840003,0.24000,5.08000
,,,-0.00089820003,0.24000,5.04000
,,,-0.00089800003,0.24000,5.04000
,,,-0.00089780003,0.16000,5.04000
,,,-0.00089760002,0.24000,5.04000
,,,-0.00089740002,0.16000,5.04000
,,,-0.00089720002,0.16000,5.08000
,,,-0.00089700002,0.24000,5.08000
,,,-0.00089680002,0.16000,5.04000
,,,-0.00089660002,0.16000,5.04000
,,,-0.00089640002,0.24000,5.04000
,,,-0.00089620001,0.16000,5.04000
,,,-0.00089600001,0.16000,5.04000
,,,-0.00089580001,0.16000,5.08000
,,,-0.00089560001,0.24000,5.08000
,,,-0.00089540001,0.24000,5.04000
,,,-0.00089520001,0.16000,5.08000
,,,-0.00089500000,0.24000,5.00000
,,,-0.00089480000,0.24000,5.04000
,,,-0.00089460000,0.24000,5.04000
,,,-0.00089440000,0.24000,5.04000
,,,-0.00089420000,0.24000,5.00000
,,,-0.00089400000,0.24000,5.04000
,,,-0.00089380000,0.24000,5.08000
,,,-0.00089359999,0.16000,5.04000
,,,-0.00089339999,0.24000,5.04000
,,,-0.00089319999,0.16000,5.04000
,,,-0.00089299999,0.16000,5.04000
,,,-0.00089279999,0.16000,5.04000
,,,-0.00089259999,0.16000,5.04000
,,,-0.00089239998,0.16000,5.04000
,,,-0.00089219998,0.16000,5.00000
,,,-0.00089199998,0.24000,5.04000
,,,-0.00089180004,0.16000,5.04000
,,,-0.00089160004,0.24000,5.04000
,,,-0.00089140004,0.24000,5.04000
,,,-0.00089120003,0.24000,5.08000
,,,-0.00089100003,0.16000,5.04000
,,,-0.00089080003,0.16000,5.04000
,,,-0.00089060003,0.24000,5.04000
,,,-0.00089040003,0.24000,5.04000
,,,-0.00089020003,0.16000,5.04000
,,,-0.00089000002,0.16000,5.04000
,,,-0.00088980002,0.24000,5.04000
,,,-0.00088960002,0.16000,5.04000
,,,-0.00088940002,0.16000,5.08000
,,,-0.00088920002,0.16000,5.08000
,,,-0.00088900002,0.16000,5.04000
,,,-0.00088880002,0.16000,5.04000
,,,-0.00088860001,0.16000,5.04000
,,,-0.00088840001,0.16000,5.04000
,,,-0.00088820001,0.16000,5.04000
,,,-0.00088800001,0.16000,5.04000
,,,-0.00088780001,0.16000,5.04000
,,,-0.00088760001,0.24000,5.04000
,,,-0.00088740001,0.16000,5.08000
,,,-0.00088720000,0.16000,5.04000
,,,-0.00088700000,0.16000,5.04000
,,,-0.00088680000,0.16000,5.04000
,,,-0.00088660000,0.16000,5.04000
,,,-0.00088640000,0.16000,5.08000
,,,-0.00088620000,0.16000,5.08000
,,,-0.00088599999,0.16000,5.04000
,,,-0.00088579999,0.16000,5.04000
,,,-0.00088559999,0.16000,5.08000
,,,-0.00088539999,0.16000,5.04000
,,,-0.00088519999,0.16000,5.04000
,,,-0.00088499999,0.24000,5.04000
,,,-0.00088479999,0.24000,5.04000
,,,-0.00088459998,0.24000,5.08000
,,,-0.00088439998,0.24000,5.00000
,,,-0.00088420004,0.24000,5.08000
,,,-0.00088400004,0.24000,5.08000
,,,-0.00088380004,0.24000,5.08000
,,,-0.00088360003,0.16000,5.04000
,,,-0.00088340003,0.16000,5.08000
,,,-0.00088320003,0.24000,5.08000
,,,-0.00088300003,0.16000,5.04000
,,,-0.00088280003,0.16000,5.04000
,,,-0.00088260003,0.24000,5.04000
,,,-0.00088240003,0.16000,5.04000
,,,-0.00088220002,0.16000,5.04000
,,,-0.00088200002,0.24000,5.04000
,,,-0.00088180002,0.24000,5.00000
,,,-0.00088160002,0.16000,5.04000
,,,-0.00088140002,0.24000,5.04000
,,,-0.00088120002,0.16000,5.04000
,,,-0.00088100001,0.24000,5.04000
,,,-0.00088080001,0.16000,5.04000
,,,-0.00088060001,0.24000,5.08000
,,,-0.00088040001,0.24000,5.08000
,,,-0.00088020001,0.16000,5.04000
,,,-0.00088000001,0.16000,5.04000
,,,-0.00087980001,0.16000,5.04000
,,,-0.00087960000,0.16000,5.04000
,,,-0.00087940000,0.16000,5.08000
,,,-0.00087920000,0.16000,5.04000
,,,-0.00087900000,0.16000,5.04000
,,,-0.00087880000,0.16000,5.04000
,,,-0.00087860000,0.16000,5.04000
,,,-0.00087839999,0.16000,5.00000
,,,-0.00087819999,0.16000,5.04000
,,,-0.00087799999,0.24000,5.04000
,,,-0.00087779999,0.16000,5.04000
,,,-0.00087759999,0.24000,5.04000
,,,-0.00087739999,0.16000,5.04000
,,,-0.00087719999,0.24000,5.04000
,,,-0.00087699998,0.16000,5.04000
,,,-0.00087679998,0.24000,5.04000
,,,-0.00087660004,0.16000,5.08000
,,,-0.00087640004,0.16000,5.04000
,,,-0.00087620004,0.16000,5.04000
,,,-0.00087600003,0.16000,5.04000
,,,-0.00087580003,0.16000,5.04000
,,,-0.00087560003,0.24000,5.04000
,,,-0.00087540003,0.16000,5.08000
,,,-0.00087520003,0.24000,5.04000
,,,-0.00087500003,0.24000,5.04000
,,,-0.00087480003,0.24000,5.04000
,,,-0.00087460002,0.24000,5.08000
,,,-0.00087440002,0.24000,5.08000
,,,-0.00087420002,0.24000,5.04000
,,,-0.00087400002,0.24000,5.04000
,,,-0.00087380002,0.24000,5.08000
,,,-0.00087360002,0.24000,5.04000
,,,-0.00087340001,0.24000,5.08000
,,,-0.00087320001,0.16000,5.04000
,,,-0.00087300001,0.16000,5.04000
,,,-0.00087280001,0.24000,5.04000
,,,-0.00087260001,0.16000,5.08000
,,,-0.00087240001,0.24000,5.04000
,,,-0.00087220001,0.16000,5.04000
,,,-0.00087200000,0.16000,5.04000
,,,-0.00087180000,0.24000,5.04000
,,,-0.00087160000,0.24000,5.04000
,,,-0.00087140000,0.16000,5.04000
,,,-0.00087120000,0.24000,5.04000
,,,-0.00087100000,0.16000,5.00000
,,,-0.00087080000,0.24000,5.08000
,,,-0.00087059999,0.16000,5.08000
,,,-0.00087039999,0.16000,5.04000
,,,-0.00087019999,0.24000,5.04000
,,,-0.00086999999,0.24000,5.04000
,,,-0.00086979999,0.16000,5.04000
,,,-0.00086959999,0.16000,5.08000
,,,-0.00086939998,0.16000,5.04000
,,,-0.00086919998,0.16000,5.04000
,,,-0.00086899998,0.24000,5.04000
,,,-0.00086880004,0.16000,5.04000
,,,-0.00086860004,0.16000,5.08000
,,,-0.00086840003,0.24000,5.04000
,,,-0.00086820003,0.16000,5.04000
,,,-0.00086800003,0.24000,5.04000
,,,-0.00086780003,0.16000,5.08000
,,,-0.00086760003,0.24000,5.08000
,,,-0.00086740003,0.24000,5.08000
,,,-0.00086720003,0.16000,5.04000
,,,-0.00086700002,0.16000,5.04000
,,,-0.00086680002,0.16000,5.04000
,,,-0.00086660002,0.16000,5.08000
,,,-0.00086640002,0.24000,5.08000
,,,-0.00086620002,0.16000,5.04000
,,,-0.00086600002,0.16000,5.08000
,,,-0.00086580002,0.16000,5.04000
,,,-0.00086560001,0.16000,5.08000
,,,-0.00086540001,0.16000,5.04000
,,,-0.00086520001,0.24000,5.08000
,,,-0.00086500001,0.16000,5.08000
,,,-0.00086480001,0.24000,5.04000
,,,-0.00086460001,0.16000,5.08000
,,,-0.00086440000,0.24000,5.04000
,,,-0.00086420000,0.24000,5.04000
,,,-0.00086400000,0.16000,5.04000
,,,-0.00086380000,0.16000,5.04000
,,,-0.00086360000,0.24000,5.04000
,,,-0.00086340000,0.24000,5.08000
,,,-0.00086320000,0.24000,5.08000
,,,-0.00086299999,0.16000,5.04000
,,,-0.00086279999,0.24000,5.04000
,,,-0.00086259999,0.16000,5.04000
,,,-0.00086239999,0.16000,5.04000
,,,-0.00086219999,0.16000,5.04000
,,,-0.00086199999,0.24000,5.04000
,,,-0.00086179998,0.16000,5.04000
,,,-0.00086159998,0.16000,5.04000
,,,-0.00086139998,0.16000,5.04000
,,,-0.00086120004,0.24000,5.04000
,,,-0.00086100004,0.16000,5.04000
,,,-0.00086080004,0.24000,5.04000
,,,-0.00086060003,0.24000,5.04000
,,,-0.00086040003,0.24000,5.08000
,,,-0.00086020003,0.24000,5.04000
,,,-0.00086000003,0.16000,5.08000
,,,-0.00085980003,0.16000,5.04000
,,,-0.00085960003,0.24000,5.08000
,,,-0.00085940002,0.24000,5.08000
,,,-0.00085920002,0.16000,5.08000
,,,-0.00085900002,0.24000,5.04000
,,,-0.00085880002,0.24000,5.08000
,,,-0.00085860002,0.24000,5.08000
,,,-0.00085840002,0.16000,5.04000
,,,-0.00085820002,0.24000,5.04000
,,,-0.00085800001,0.16000,5.04000
,,,-0.00085780001,0.16000,5.04000
,,,-0.00085760001,0.24000,5.08000
,,,-0.00085740001,0.24000,5.08000
,,,-0.00085720001,0.24000,5.04000
,,,-0.00085700001,0.24000,5.08000
,,,-0.00085680000,0.16000,5.04000
,,,-0.00085660000,0.24000,5.04000
,,,-0.00085640000,0.16000,5.08000
,,,-0.00085620000,0.16000,5.04000
,,,-0.00085600000,0.16000,5.00000
,,,-0.00085580000,0.16000,5.04000
,,,-0.00085560000,0.16000,5.08000
,,,-0.00085539999,0.16000,5.08000
,,,-0.00085519999,0.24000,5.04000
,,,-0.00085499999,0.24000,5.04000
,,,-0.00085479999,0.16000,5.00000
,,,-0.00085459999,0.24000,5.04000
,,,-0.00085439999,0.16000,5.04000
,,,-0.00085419999,0.24000,5.04000
,,,-0.00085399998,0.24000,5.04000
,,,-0.00085379998,0.24000,5.04000
,,,-0.00085360004,0.24000,5.08000
,,,-0.00085340004,0.16000,5.08000
,,,-0.00085320004,0.24000,5.04000
,,,-0.00085300003,0.16000,5.08000
,,,-0.00085280003,0.16000,5.08000
,,,-0.00085260003,0.16000,5.04000
,,,-0.00085240003,0.16000,5.08000
,,,-0.00085220003,0.24000,5.04000
,,,-0.00085200003,0.24000,5.04000
,,,-0.00085180002,0.24000,5.04000
,,,-0.00085160002,0.16000,5.04000
,,,-0.00085140002,0.16000,5.04000
,,,-0.00085120002,0.24000,5.08000
,,,-0.00085100002,0.24000,5.04000
,,,-0.00085080002,0.16000,5.08000
,,,-0.00085060002,0.24000,5.04000
,,,-0.00085040001,0.24000,5.08000
,,,-0.00085020001,0.16000,5.04000
,,,-0.00085000001,0.24000,5.04000
,,,-0.00084980001,0.16000,5.04000
,,,-0.00084960001,0.16000,5.04000
,,,-0.00084940001,0.24000,5.04000
,,,-0.00084920001,0.16000,5.04000
,,,-0.00084900000,0.16000,5.04000
,,,-0.00084880000,0.16000,5.04000
,,,-0.00084860000,0.24000,5.08000
,,,-0.00084840000,0.16000,5.04000
,,,-0.00084820000,0.16000,5.04000
,,,-0.00084800000,0.24000,5.08000
,,,-0.00084779999,0.16000,5.04000
,,,-0.00084759999,0.24000,5.04000
,,,-0.00084739999,0.24000,5.04000
,,,-0.00084719999,0.24000,5.04000
,,,-0.00084699999,0.24000,5.04000
,,,-0.00084679999,0.16000,5.04000
,,,-0.00084659999,0.16000,5.04000
,,,-0.00084639998,0.24000,5.04000
,,,-0.00084619998,0.16000,5.08000
,,,-0.00084599998,0.16000,5.08000
,,,-0.00084580004,0.24000,5.04000
,,,-0.00084560004,0.24000,5.04000
,,,-0.00084540003,0.16000,5.00000
,,,-0.00084520003,0.16000,5.04000
,,,-0.00084500003,0.16000,5.04000
,,,-0.00084480003,0.24000,5.04000
,,,-0.00084460003,0.24000,5.08000
,,,-0.00084440003,0.24000,5.04000
,,,-0.00084420003,0.24000,5.04000
,,,-0.00084400002,0.16000,5.04000
,,,-0.00084380002,0.24000,5.04000
,,,-0.00084360002,0.16000,5.04000
,,,-0.00084340002,0.24000,5.04000
,,,-0.00084320002,0.24000,5.08000
,,,-0.00084300002,0.16000,5.08000
,,,-0.00084280001,0.16000,5.08000
,,,-0.00084260001,0.24000,5.04000
,,,-0.00084240001,0.16000,5.04000
,,,-0.00084220001,0.16000,5.04000
,,,-0.00084200001,0.16000,5.08000
,,,-0.00084180001,0.16000,5.00000
,,,-0.00084160001,0.24000,5.04000
,,,-0.00084140000,0.16000,5.04000
,,,-0.00084120000,0.24000,5.04000
,,,-0.00084100000,0.16000,5.04000
,,,-0.00084080000,0.24000,5.04000
,,,-0.00084060000,0.24000,5.04000
,,,-0.00084040000,0.24000,5.04000
,,,-0.00084019999,0.24000,5.08000
,,,-0.00083999999,0.16000,5.08000
,,,-0.00083979999,0.16000,5.04000
,,,-0.00083959999,0.16000,5.04000
,,,-0.00083939999,0.16000,5.04000
,,,-0.00083919999,0.24000,5.04000
,,,-0.00083899999,0.16000,5.04000
,,,-0.00083879998,0.16000,5.04000
,,,-0.00083859998,0.16000,5.04000
,,,-0.00083839998,0.24000,5.04000
,,,-0.00083820004,0.16000,5.04000
,,,-0.00083800004,0.24000,5.04000
,,,-0.00083780003,0.16000,5.08000
,,,-0.00083760003,0.16000,5.04000
,,,-0.00083740003,0.16000,5.04000
,,,-0.00083720003,0.16000,5.08000
,,,-0.00083700003,0.24000,5.08000
,,,-0.00083680003,0.16000,5.04000
,,,-0.00083660003,0.16000,5.04000
,,,-0.00083640002,0.16000,5.04000
,,,-0.00083620002,0.16000,5.04000
,,,-0.00083600002,0.16000,5.08000
,,,-0.00083580002,0.16000,5.04000
,,,-0.00083560002,0.24000,5.04000
,,,-0.00083540002,0.16000,5.04000
,,,-0.00083520001,0.16000,5.04000
,,,-0.00083500001,0.24000,5.08000
,,,-0.00083480001,0.16000,5.04000
,,,-0.00083460001,0.16000,5.08000
,,,-0.00083440001,0.24000,5.04000
,,,-0.00083420001,0.16000,5.04000
,,,-0.00083400001,0.24000,5.04000
,,,-0.00083380000,0.16000,5.04000
,,,-0.00083360000,0.16000,5.08000
,,,-0.00083340000,0.24000,5.04000
,,,-0.00083320000,0.16000,5.04000
,,,-0.00083300000,0.16000,5.04000
,,,-0.00083280000,0.16000,5.04000
,,,-0.00083260000,0.16000,5.04000
,,,-0.00083239999,0.16000,5.04000
,,,-0.00083219999,0.16000,5.08000
,,,-0.00083199999,0.16000,5.04000
,,,-0.00083179999,0.16000,5.04000
,,,-0.00083159999,0.16000,5.04000
,,,-0.00083139999,0.24000,5.04000
,,,-0.00083119998,0.24000,5.04000
,,,-0.00083099998,0.24000,5.04000
,,,-0.00083079998,0.24000,5.08000
,,,-0.00083060004,0.16000,5.08000
,,,-0.00083040004,0.24000,5.08000
,,,-0.00083020004,0.16000,5.04000
,,,-0.00083000003,0.16000,5.08000
,,,-0.00082980003,0.16000,5.08000
,,,-0.00082960003,0.16000,5.04000
,,,-0.00082940003,0.16000,5.04000
,,,-0.00082920003,0.16000,5.04000
,,,-0.00082900003,0.24000,5.04000
,,,-0.00082880002,0.16000,5.04000
,,,-0.00082860002,0.16000,5.04000
,,,-0.00082840002,0.24000,5.04000
,,,-0.00082820002,0.16000,5.04000
,,,-0.00082800002,0.16000,5.04000
,,,-0.00082780002,0.16000,5.04000
,,,-0.00082760002,0.24000,5.08000
,,,-0.00082740001,0.16000,5.08000
,,,-0.00082720001,0.16000,5.04000
,,,-0.00082700001,0.24000,5.08000
,,,-0.00082680001,0.16000,5.08000
,,,-0.00082660001,0.16000,5.08000
,,,-0.00082640001,0.24000,5.04000
,,,-0.00082620000,0.16000,5.04000
,,,-0.00082600000,0.16000,5.08000
,,,-0.00082580000,0.16000,5.04000
,,,-0.00082560000,0.24000,5.04000
,,,-0.00082540000,0.16000,5.04000
,,,-0.00082520000,0.16000,5.04000
,,,-0.00082500000,0.16000,5.04000
,,,-0.00082479999,0.16000,5.04000
,,,-0.00082459999,0.16000,5.04000
,,,-0.00082439999,0.24000,5.04000
,,,-0.00082419999,0.16000,5.04000
,,,-0.00082399999,0.24000,5.04000
,,,-0.00082379999,0.24000,5.04000
,,,-0.00082359998,0.24000,5.04000
,,,-0.00082339998,0.16000,5.08000
,,,-0.00082319998,0.16000,5.04000
,,,-0.00082300004,0.16000,5.08000
,,,-0.00082280004,0.16000,5.04000
,,,-0.00082260004,0.24000,5.08000
,,,-0.00082240003,0.16000,5.04000
,,,-0.00082220003,0.16000,5.08000
,,,-0.00082200003,0.24000,5.04000
,,,-0.00082180003,0.16000,5.04000
,,,-0.00082160003,0.24000,5.04000
,,,-0.00082140003,0.16000,5.04000
,,,-0.00082120002,0.24000,5.08000
,,,-0.00082100002,0.24000,5.04000
,,,-0.00082080002,0.16000,5.04000
,,,-0.00082060002,0.24000,5.04000
,,,-0.00082040002,0.16000,5.04000
,,,-0.00082020002,0.16000,5.04000
,,,-0.00082000002,0.24000,5.04000
,,,-0.00081980001,0.16000,5.04000
,,,-0.00081960001,0.16000,5.08000
,,,-0.00081940001,0.16000,5.04000
,,,-0.00081920001,0.16000,5.04000
,,,-0.00081900001,0.16000,5.04000
,,,-0.00081880001,0.16000,5.04000
,,,-0.00081860001,0.24000,5.04000
,,,-0.00081840000,0.16000,5.04000
,,,-0.00081820000,0.24000,5.04000
,,,-0.00081800000,0.24000,5.04000
,,,-0.00081780000,0.24000,5.04000
,,,-0.00081760000,0.24000,5.04000
,,,-0.00081740000,0.16000,5.00000
,,,-0.00081719999,0.24000,5.08000
,,,-0.00081699999,0.16000,5.04000
,,,-0.00081679999,0.16000,5.04000
,,,-0.00081659999,0.16000,5.04000
,,,-0.00081639999,0.16000,5.04000
,,,-0.00081619999,0.16000,5.04000
,,,-0.00081599999,0.16000,5.04000
,,,-0.00081579998,0.16000,5.04000
,,,-0.00081559998,0.24000,5.04000
,,,-0.00081539998,0.16000,5.04000
,,,-0.00081520004,0.16000,5.04000
,,,-0.00081500004,0.24000,5.04000
,,,-0.00081480003,0.24000,5.04000
,,,-0.00081460003,0.24000,5.04000
,,,-0.00081440003,0.16000,5.08000
,,,-0.00081420003,0.24000,5.04000
,,,-0.00081400003,0.16000,5.04000
,,,-0.00081380003,0.24000,5.04000
,,,-0.00081360003,0.16000,5.08000
,,,-0.00081340002,0.24000,5.00000
,,,-0.00081320002,0.16000,5.04000
,,,-0.00081300002,0.16000,5.04000
,,,-0.00081280002,0.16000,5.04000
,,,-0.00081260002,0.16000,5.04000
,,,-0.00081240002,0.16000,5.04000
,,,-0.00081220001,0.16000,5.08000
,,,-0.00081200001,0.16000,5.04000
,,,-0.00081180001,0.16000,5.04000
,,,-0.00081160001,0.16000,5.04000
,,,-0.00081140001,0.24000,5.00000
,,,-0.00081120001,0.24000,5.04000
,,,-0.00081100001,0.24000,5.00000
,,,-0.00081080000,0.24000,5.08000
,,,-0.00081060000,0.24000,5.04000
,,,-0.00081040000,0.24000,5.00000
,,,-0.00081020000,0.16000,5.04000
,,,-0.00081000000,0.16000,5.08000
,,,-0.00080980000,0.16000,5.04000
,,,-0.00080959999,0.16000,5.04000
,,,-0.00080939999,0.16000,5.04000
,,,-0.00080919999,0.16000,5.04000
,,,-0.00080899999,0.16000,5.04000
,,,-0.00080879999,0.16000,5.04000
,,,-0.00080859999,0.16000,5.08000
,,,-0.00080839999,0.24000,5.04000
,,,-0.00080819998,0.16000,5.04000
,,,-0.00080799998,0.16000,5.04000
,,,-0.00080779998,0.24000,5.04000
,,,-0.00080760004,0.16000,5.04000
,,,-0.00080740004,0.24000,5.04000
,,,-0.00080720003,0.16000,5.04000
,,,-0.00080700003,0.24000,5.08000
,,,-0.00080680003,0.16000,5.04000
,,,-0.00080660003,0.24000,5.04000
,,,-0.00080640003,0.16000,5.08000
,,,-0.00080620003,0.24000,5.04000
,,,-0.00080600003,0.16000,5.04000
,,,-0.00080580002,0.16000,5.04000
,,,-0.00080560002,0.16000,5.08000
,,,-0.00080540002,0.16000,5.04000
,,,-0.00080520002,0.24000,5.04000
,,,-0.00080500002,0.16000,5.04000
,,,-0.00080480002,0.16000,5.00000
,,,-0.00080460001,0.24000,5.04000
,,,-0.00080440001,0.16000,5.04000
,,,-0.00080420001,0.24000,5.04000
,,,-0.00080400001,0.24000,5.08000
,,,-0.00080380001,0.16000,5.04000
,,,-0.00080360001,0.16000,5.04000
,,,-0.00080340001,0.16000,5.04000
,,,-0.00080320000,0.16000,5.04000
,,,-0.00080300000,0.16000,5.04000
,,,-0.00080280000,0.16000,5.08000
,,,-0.00080260000,0.16000,5.04000
,,,-0.00080240000,0.16000,5.04000
,,,-0.00080220000,0.16000,5.04000
,,,-0.00080200000,0.16000,5.04000
,,,-0.00080179999,0.16000,5.08000
,,,-0.00080159999,0.24000,5.08000
,,,-0.00080139999,0.24000,5.04000
,,,-0.00080119999,0.24000,5.04000
,,,-0.00080099999,0.16000,5.04000
,,,-0.00080079999,0.24000,5.04000
,,,-0.00080059998,0.16000,5.08000
,,,-0.00080039998,0.16000,5.08000
,,,-0.00080019998,0.16000,5.08000
,,,-0.00080000004,0.16000,5.08000
,,,-0.00079980004,0.16000,5.08000
,,,-0.00079960003,0.16000,5.04000
,,,-0.00079940003,0.16000,5.04000
,,,-0.00079920003,0.16000,5.04000
,,,-0.00079900003,0.24000,5.08000
,,,-0.00079880003,0.16000,5.04000
,,,-0.00079860003,0.16000,5.04000
,,,-0.00079840003,0.16000,5.04000
,,,-0.00079820002,0.16000,5.04000
,,,-0.00079800002,0.16000,5.04000
,,,-0.00079780002,0.16000,5.00000
,,,-0.00079760002,0.24000,5.04000
,,,-0.00079740002,0.24000,5.04000
,,,-0.00079720002,0.16000,5.04000
,,,-0.00079700002,0.24000,5.04000
,,,-0.00079680001,0.16000,5.04000
,,,-0.00079660001,0.16000,5.04000
,,,-0.00079640001,0.16000,5.08000
,,,-0.00079620001,0.16000,5.08000
,,,-0.00079600001,0.16000,5.04000
,,,-0.00079580001,0.16000,5.04000
,,,-0.00079560000,0.08000,5.04000
,,,-0.00079540000,0.16000,5.08000
,,,-0.00079520000,0.24000,5.08000
,,,-0.00079500000,0.16000,5.04000
,,,-0.00079480000,0.16000,5.08000
,,,-0.00079460000,0.24000,5.04000
,,,-0.00079440000,0.24000,5.04000
,,,-0.00079419999,0.16000,5.04000
,,,-0.00079399999,0.16000,5.04000
,,,-0.00079379999,0.16000,5.04000
,,,-0.00079359999,0.24000,5.04000
,,,-0.00079339999,0.24000,5.04000
,,,-0.00079319999,0.16000,5.04000
,,,-0.00079299998,0.16000,5.08000
,,,-0.00079279998,0.16000,5.04000
,,,-0.00079259998,0.16000,5.08000
,,,-0.00079240004,0.16000,5.04000
,,,-0.00079220004,0.16000,5.08000
,,,-0.00079200004,0.16000,5.04000
,,,-0.00079180003,0.24000,5.04000
,,,-0.00079160003,0.24000,5.08000
,,,-0.00079140003,0.24000,5.04000
,,,-0.00079120003,0.16000,5.08000
,,,-0.00079100003,0.16000,5.04000
,,,-0.00079080003,0.24000,5.04000
,,,-0.00079060002,0.24000,5.04000
,,,-0.00079040002,0.16000,5.08000
,,,-0.00079020002,0.24000,5.04000
,,,-0.00079000002,0.24000,5.08000
,,,-0.00078980002,0.16000,5.04000
,,,-0.00078960002,0.24000,5.08000
,,,-0.00078940002,0.16000,5.04000
,,,-0.00078920001,0.16000,5.04000
,,,-0.00078900001,0.16000,5.04000
,,,-0.00078880001,0.16000,5.04000
,,,-0.00078860001,0.16000,5.04000
,,,-0.00078840001,0.16000,5.04000
,,,-0.00078820001,0.16000,5.04000
,,,-0.00078800000,0.24000,5.04000
,,,-0.00078780000,0.24000,5.08000
,,,-0.00078760000,0.16000,5.04000
,,,-0.00078740000,0.16000,5.08000
,,,-0.00078720000,0.16000,5.04000
,,,-0.00078700000,0.16000,5.04000
,,,-0.00078680000,0.16000,5.04000
,,,-0.00078659999,0.16000,5.08000
,,,-0.00078639999,0.16000,5.08000
,,,-0.00078619999,0.16000,5.08000
,,,-0.00078599999,0.16000,5.04000
,,,-0.00078579999,0.24000,5.08000
,,,-0.00078559999,0.16000,5.04000
,,,-0.00078539999,0.16000,5.08000
,,,-0.00078519998,0.24000,5.04000
,,,-0.00078499998,0.24000,5.04000
,,,-0.00078479998,0.24000,5.08000
,,,-0.00078460004,0.24000,5.00000
,,,-0.00078440004,0.24000,5.04000
,,,-0.00078420003,0.24000,5.00000
,,,-0.00078400003,0.24000,5.04000
,,,-0.00078380003,0.16000,5.04000
,,,-0.00078360003,0.24000,5.04000
,,,-0.00078340003,0.24000,5.08000
,,,-0.00078320003,0.16000,5.04000
,,,-0.00078300002,0.16000,5.04000
,,,-0.00078280002,0.16000,5.04000
,,,-0.00078260002,0.16000,5.04000
,,,-0.00078240002,0.16000,5.08000
,,,-0.00078220002,0.16000,5.04000
,,,-0.00078200002,0.16000,5.04000
,,,-0.00078180002,0.16000,5.04000
,,,-0.00078160001,0.24000,5.04000
,,,-0.00078140001,0.16000,5.08000
,,,-0.00078120001,0.24000,5.04000
,,,-0.00078100001,0.16000,5.04000
,,,-0.00078080001,0.24000,5.00000
,,,-0.00078060001,0.16000,5.08000
,,,-0.00078040001,0.24000,5.04000
,,,-0.00078020000,0.16000,5.04000
,,,-0.00078000000,0.16000,5.04000
,,,-0.00077980000,0.24000,5.04000
,,,-0.00077960000,0.16000,5.04000
,,,-0.00077940000,0.16000,5.04000
,,,-0.00077920000,0.16000,5.04000
,,,-0.00077899999,0.16000,5.04000
,,,-0.00077879999,0.24000,5.04000
,,,-0.00077859999,0.24000,5.04000
,,,-0.00077839999,0.24000,5.08000
,,,-0.00077819999,0.24000,5.04000
,,,-0.00077799999,0.24000,5.04000
,,,-0.00077779999,0.24000,5.04000
,,,-0.00077759998,0.24000,5.04000
,,,-0.00077739998,0.16000,5.04000
,,,-0.00077719998,0.24000,5.04000
,,,-0.00077700004,0.16000,5.00000
,,,-0.00077680004,0.24000,5.04000
,,,-0.00077660003,0.16000,5.04000
,,,-0.00077640003,0.24000,5.04000
,,,-0.00077620003,0.16000,5.04000
,,,-0.00077600003,0.16000,5.08000
,,,-0.00077580003,0.16000,5.04000
,,,-0.00077560003,0.24000,5.04000
,,,-0.00077540003,0.24000,5.04000
,,,-0.00077520002,0.24000,5.08000
,,,-0.00077500002,0.16000,5.00000
,,,-0.00077480002,0.16000,5.04000
,,,-0.00077460002,0.16000,5.04000
,,,-0.00077440002,0.24000,5.04000
,,,-0.00077420002,0.16000,5.08000
,,,-0.00077400001,0.24000,5.04000
,,,-0.00077380001,0.16000,5.04000
,,,-0.00077360001,0.24000,5.04000
,,,-0.00077340001,0.24000,5.08000
,,,-0.00077320001,0.24000,5.04000
,,,-0.00077300001,0.16000,5.04000
,,,-0.00077280001,0.24000,5.04000
,,,-0.00077260000,0.16000,5.04000
,,,-0.00077240000,0.16000,5.04000
,,,-0.00077220000,0.16000,5.04000
,,,-0.00077200000,0.16000,5.08000
,,,-0.00077180000,0.16000,5.00000
,,,-0.00077160000,0.16000,5.04000
,,,-0.00077139999,0.16000,5.04000
,,,-0.00077119999,0.16000,5.08000
,,,-0.00077099999,0.16000,5.04000
,,,-0.00077079999,0.24000,5.04000
,,,-0.00077059999,0.24000,5.04000
,,,-0.00077039999,0.24000,5.08000
,,,-0.00077019999,0.16000,5.08000
,,,-0.00076999998,0.24000,5.04000
,,,-0.00076979998,0.16000,5.04000
,,,-0.00076959998,0.16000,5.04000
,,,-0.00076940004,0.16000,5.04000
,,,-0.00076920004,0.24000,5.04000
,,,-0.00076900003,0.16000,5.00000
,,,-0.00076880003,0.16000,5.04000
,,,-0.00076860003,0.24000,5.04000
,,,-0.00076840003,0.24000,5.04000
,,,-0.00076820003,0.16000,5.08000
,,,-0.00076800003,0.16000,5.08000
,,,-0.00076780003,0.16000,5.04000
,,,-0.00076760002,0.16000,5.04000
,,,-0.00076740002,0.24000,5.04000
,,,-0.00076720002,0.16000,5.04000
,,,-0.00076700002,0.24000,5.04000
,,,-0.00076680002,0.16000,5.04000
,,,-0.00076660002,0.16000,5.04000
,,,-0.00076640001,0.16000,5.04000
,,,-0.00076620001,0.16000,5.04000
,,,-0.00076600001,0.16000,5.08000
,,,-0.00076580001,0.16000,5.08000
,,,-0.00076560001,0.16000,5.04000
,,,-0.00076540001,0.24000,5.04000
,,,-0.00076520001,0.24000,5.04000
,,,-0.00076500000,0.16000,5.00000
,,,-0.00076480000,0.24000,5.04000
,,,-0.00076460000,0.24000,5.04000
,,,-0.00076440000,0.24000,5.04000
,,,-0.00076420000,0.16000,5.04000
,,,-0.00076400000,0.16000,5.04000
,,,-0.00076380000,0.24000,5.04000
,,,-0.00076359999,0.16000,5.04000
,,,-0.00076339999,0.24000,5.04000
,,,-0.00076319999,0.24000,5.04000
,,,-0.00076299999,0.16000,5.08000
,,,-0.00076279999,0.16000,5.04000
,,,-0.00076259999,0.16000,5.04000
,,,-0.00076239998,0.24000,5.04000
,,,-0.00076219998,0.24000,5.08000
,,,-0.00076199998,0.24000,5.00000
,,,-0.00076179998,0.16000,5.04000
,,,-0.00076160004,0.24000,5.08000
,,,-0.00076140004,0.16000,5.04000
,,,-0.00076120003,0.16000,5.04000
,,,-0.00076100003,0.16000,5.04000
,,,-0.00076080003,0.16000,5.04000
,,,-0.00076060003,0.24000,5.04000
,,,-0.00076040003,0.16000,5.04000
,,,-0.00076020003,0.16000,5.04000
,,,-0.00076000002,0.24000,5.08000
,,,-0.00075980002,0.16000,5.08000
,,,-0.00075960002,0.24000,5.04000
,,,-0.00075940002,0.16000,5.04000
,,,-0.00075920002,0.16000,5.04000
,,,-0.00075900002,0.24000,5.08000
,,,-0.00075880002,0.16000,5.04000
,,,-0.00075860001,0.16000,5.08000
,,,-0.00075840001,0.24000,5.04000
,,,-0.00075820001,0.24000,5.04000
,,,-0.00075800001,0.24000,5.04000
,,,-0.00075780001,0.24000,5.04000
,,,-0.00075760001,0.24000,5.04000
,,,-0.00075740000,0.16000,5.08000
,,,-0.00075720000,0.16000,5.04000
,,,-0.00075700000,0.16000,5.04000
,,,-0.00075680000,0.16000,5.04000
,,,-0.00075660000,0.16000,5.04000
,,,-0.00075640000,0.24000,5.04000
,,,-0.00075620000,0.16000,5.04000
,,,-0.00075599999,0.24000,5.08000
,,,-0.00075579999,0.24000,5.04000
,,,-0.00075559999,0.16000,5.04000
,,,-0.00075539999,0.16000,5.04000
,,,-0.00075519999,0.16000,5.04000
,,,-0.00075499999,0.16000,5.04000
,,,-0.00075479998,0.24000,5.04000
,,,-0.00075459998,0.16000,5.00000
,,,-0.00075439998,0.24000,5.04000
,,,-0.00075419998,0.24000,5.04000
,,,-0.00075400004,0.24000,5.04000
,,,-0.00075380004,0.24000,5.04000
,,,-0.00075360003,0.24000,5.08000
,,,-0.00075340003,0.16000,5.04000
,,,-0.00075320003,0.24000,5.04000
,,,-0.00075300003,0.24000,5.04000
,,,-0.00075280003,0.24000,5.04000
,,,-0.00075260003,0.16000,5.04000
,,,-0.00075240002,0.16000,5.04000
,,,-0.00075220002,0.24000,5.04000
,,,-0.00075200002,0.16000,5.08000
,,,-0.00075180002,0.16000,5.04000
,,,-0.00075160002,0.16000,5.04000
,,,-0.00075140002,0.16000,5.08000
,,,-0.00075120002,0.24000,5.04000
,,,-0.00075100001,0.16000,5.08000
,,,-0.00075080001,0.16000,5.04000
,,,-0.00075060001,0.16000,5.08000
,,,-0.00075040001,0.16000,5.08000
,,,-0.00075020001,0.24000,5.04000
,,,-0.00075000001,0.16000,5.04000
,,,-0.00074980000,0.16000,5.04000
,,,-0.00074960000,0.16000,5.04000
,,,-0.00074940000,0.16000,5.08000
,,,-0.00074920000,0.16000,5.04000
,,,-0.00074900000,0.16000,5.00000
,,,-0.00074880000,0.16000,5.04000
,,,-0.00074860000,0.16000,5.08000
,,,-0.00074839999,0.16000,5.04000
,,,-0.00074819999,0.16000,5.04000
,,,-0.00074799999,0.24000,5.08000
,,,-0.00074779999,0.16000,5.04000
,,,-0.00074759999,0.24000,5.08000
,,,-0.00074739999,0.24000,5.04000
,,,-0.00074719999,0.16000,5.04000
,,,-0.00074699998,0.24000,5.04000
,,,-0.00074679998,0.16000,5.04000
,,,-0.00074659998,0.16000,5.08000
,,,-0.00074640004,0.16000,5.04000
,,,-0.00074620004,0.24000,5.04000
,,,-0.00074600003,0.24000,5.04000
,,,-0.00074580003,0.16000,5.04000
,,,-0.00074560003,0.16000,5.04000
,,,-0.00074540003,0.16000,5.04000
,,,-0.00074520003,0.16000,5.04000
,,,-0.00074500003,0.16000,5.04000
,,,-0.00074480003,0.16000,5.04000
,,,-0.00074460002,0.16000,5.04000
,,,-0.00074440002,0.24000,5.04000
,,,-0.00074420002,0.24000,5.04000
,,,-0.00074400002,0.24000,5.04000
,,,-0.00074380002,0.24000,5.04000
,,,-0.00074360002,0.16000,5.00000
,,,-0.00074340001,0.16000,5.04000
,,,-0.00074320001,0.16000,5.04000
,,,-0.00074300001,0.16000,5.04000
,,,-0.00074280001,0.24000,5.04000
,,,-0.00074260001,0.24000,5.08000
,,,-0.00074240001,0.16000,5.08000
,,,-0.00074220001,0.16000,5.04000
,,,-0.00074200000,0.16000,5.04000
,,,-0.00074180000,0.16000,5.04000
,,,-0.00074160000,0.16000,5.04000
,,,-0.00074140000,0.16000,5.04000
,,,-0.00074120000,0.16000,5.04000
,,,-0.00074100000,0.16000,5.04000
,,,-0.00074079999,0.24000,5.04000
,,,-0.00074059999,0.16000,5.04000
,,,-0.00074039999,0.24000,5.04000
,,,-0.00074019999,0.24000,5.04000
,,,-0.00073999999,0.24000,5.04000
,,,-0.00073979999,0.24000,5.08000
,,,-0.00073959999,0.16000,5.04000
,,,-0.00073939998,0.16000,5.04000
,,,-0.00073919998,0.16000,5.08000
,,,-0.00073899998,0.16000,5.08000
,,,-0.00073880004,0.24000,5.04000
,,,-0.00073860004,0.16000,5.00000
,,,-0.00073840003,0.24000,5.04000
,,,-0.00073820003,0.16000,5.08000
,,,-0.00073800003,0.24000,5.08000
,,,-0.00073780003,0.16000,5.04000
,,,-0.00073760003,0.16000,5.04000
,,,-0.00073740003,0.16000,5.04000
,,,-0.00073720003,0.24000,5.04000
,,,-0.00073700002,0.24000,5.04000
,,,-0.00073680002,0.16000,5.04000
,,,-0.00073660002,0.24000,5.08000
,,,-0.00073640002,0.24000,5.04000
,,,-0.00073620002,0.16000,5.04000
,,,-0.00073600002,0.16000,5.04000
,,,-0.00073580001,0.16000,5.04000
,,,-0.00073560001,0.16000,5.08000
,,,-0.00073540001,0.16000,5.04000
,,,-0.00073520001,0.24000,5.04000
,,,-0.00073500001,0.24000,5.04000
,,,-0.00073480001,0.24000,5.08000
,,,-0.00073460001,0.16000,5.04000
,,,-0.00073440000,0.24000,5.08000
,,,-0.00073420000,0.16000,5.08000
,,,-0.00073400000,0.16000,5.04000
,,,-0.00073380000,0.24000,5.04000
,,,-0.00073360000,0.16000,5.04000
,,,-0.00073340000,0.16000,5.08000
,,,-0.00073320000,0.16000,5.04000
,,,-0.00073299999,0.16000,5.08000
,,,-0.00073279999,0.16000,5.00000
,,,-0.00073259999,0.16000,5.08000
,,,-0.00073239999,0.16000,5.04000
,,,-0.00073219999,0.24000,5.08000
,,,-0.00073199999,0.24000,5.04000
,,,-0.00073179998,0.24000,5.04000
,,,-0.00073159998,0.16000,5.04000
,,,-0.00073139998,0.16000,5.08000
,,,-0.00073119998,0.16000,5.04000
,,,-0.00073100004,0.24000,5.04000
,,,-0.00073080003,0.24000,5.04000
,,,-0.00073060003,0.24000,5.04000
,,,-0.00073040003,0.16000,5.04000
,,,-0.00073020003,0.16000,5.08000
,,,-0.00073000003,0.24000,5.04000
,,,-0.00072980003,0.16000,5.04000
,,,-0.00072960003,0.16000,5.04000
,,,-0.00072940002,0.16000,5.04000
,,,-0.00072920002,0.16000,5.08000
,,,-0.00072900002,0.24000,5.04000
,,,-0.00072880002,0.16000,5.08000
,,,-0.00072860002,0.24000,5.04000
,,,-0.00072840002,0.16000,5.04000
,,,-0.00072820002,0.16000,5.04000
,,,-0.00072800001,0.16000,5.04000
,,,-0.00072780001,0.24000,5.08000
,,,-0.00072760001,0.16000,5.04000
,,,-0.00072740001,0.16000,5.04000
,,,-0.00072720001,0.16000,5.08000
,,,-0.00072700001,0.16000,5.04000
,,,-0.00072680000,0.16000,5.04000
,,,-0.00072660000,0.16000,5.08000
,,,-0.00072640000,0.16000,5.04000
,,,-0.00072620000,0.24000,5.08000
,,,-0.00072600000,0.16000,5.04000
,,,-0.00072580000,0.24000,5.08000
,,,-0.00072560000,0.16000,5.08000
,,,-0.00072539999,0.16000,5.04000
,,,-0.00072519999,0.16000,5.04000
,,,-0.00072499999,0.24000,5.08000
,,,-0.00072479999,0.24000,5.04000
,,,-0.00072459999,0.16000,5.04000
,,,-0.00072439999,0.24000,5.04000
,,,-0.00072419998,0.16000,5.08000
,,,-0.00072399998,0.16000,5.08000
,,,-0.00072379998,0.16000,5.04000
,,,-0.00072359998,0.16000,5.04000
,,,-0.00072340004,0.16000,5.04000
,,,-0.00072320004,0.16000,5.04000
,,,-0.00072300003,0.16000,5.08000
,,,-0.00072280003,0.16000,5.04000
,,,-0.00072260003,0.16000,5.04000
,,,-0.00072240003,0.16000,5.08000
,,,-0.00072220003,0.16000,5.04000
,,,-0.00072200003,0.24000,5.04000
,,,-0.00072180002,0.16000,5.08000
,,,-0.00072160002,0.16000,5.04000
,,,-0.00072140002,0.16000,5.08000
,,,-0.00072120002,0.16000,5.04000
,,,-0.00072100002,0.16000,5.04000
,,,-0.00072080002,0.24000,5.04000
,,,-0.00072060002,0.24000,5.04000
,,,-0.00072040001,0.24000,5.08000
,,,-0.00072020001,0.24000,5.04000
,,,-0.00072000001,0.24000,5.04000
,,,-0.00071980001,0.24000,5.04000
,,,-0.00071960001,0.24000,5.04000
,,,-0.00071940001,0.16000,5.04000
,,,-0.00071920000,0.16000,5.04000
,,,-0.00071900000,0.24000,5.04000
,,,-0.00071880000,0.16000,5.08000
,,,-0.00071860000,0.16000,5.08000
,,,-0.00071840000,0.16000,5.08000
,,,-0.00071820000,0.16000,5.04000
,,,-0.00071800000,0.24000,5.08000
,,,-0.00071779999,0.24000,5.08000
,,,-0.00071759999,0.16000,5.04000
,,,-0.00071739999,0.16000,5.04000
,,,-0.00071719999,0.16000,5.04000
,,,-0.00071699999,0.16000,5.04000
,,,-0.00071679999,0.16000,5.04000
,,,-0.00071659999,0.16000,5.04000
,,,-0.00071639998,0.16000,5.04000
,,,-0.00071619998,0.24000,5.04000
,,,-0.00071599998,0.16000,5.08000
,,,-0.00071580004,0.16000,5.08000
,,,-0.00071560004,0.16000,5.04000
,,,-0.00071540003,0.16000,5.04000
,,,-0.00071520003,0.16000,5.04000
,,,-0.00071500003,0.24000,5.04000
,,,-0.00071480003,0.16000,5.04000
,,,-0.00071460003,0.16000,5.04000
,,,-0.00071440003,0.24000,5.00000
,,,-0.00071420002,0.24000,5.04000
,,,-0.00071400002,0.16000,5.04000
,,,-0.00071380002,0.16000,5.04000
,,,-0.00071360002,0.16000,5.08000
,,,-0.00071340002,0.24000,5.08000
,,,-0.00071320002,0.16000,5.04000
,,,-0.00071300002,0.24000,5.04000
,,,-0.00071280001,0.24000,5.04000
,,,-0.00071260001,0.16000,5.04000
,,,-0.00071240001,0.16000,5.08000
,,,-0.00071220001,0.16000,5.04000
,,,-0.00071200001,0.16000,5.04000
,,,-0.00071180001,0.16000,5.08000
,,,-0.00071160001,0.16000,5.08000
,,,-0.00071140000,0.24000,5.04000
,,,-0.00071120000,0.24000,5.04000
,,,-0.00071100000,0.24000,5.04000
,,,-0.00071080000,0.24000,5.04000
,,,-0.00071060000,0.24000,5.08000
,,,-0.00071040000,0.24000,5.04000
,,,-0.00071019999,0.24000,5.04000
,,,-0.00070999999,0.24000,5.08000
,,,-0.00070979999,0.24000,5.04000
,,,-0.00070959999,0.16000,5.08000
,,,-0.00070939999,0.16000,5.08000
,,,-0.00070919999,0.16000,5.08000
,,,-0.00070899999,0.16000,5.04000
,,,-0.00070879998,0.16000,5.04000
,,,-0.00070859998,0.16000,5.08000
,,,-0.00070839998,0.16000,5.04000
,,,-0.00070819998,0.24000,5.08000
,,,-0.00070800004,0.16000,5.04000
,,,-0.00070780003,0.16000,5.04000
,,,-0.00070760003,0.24000,5.08000
,,,-0.00070740003,0.24000,5.04000
,,,-0.00070720003,0.16000,5.04000
,,,-0.00070700003,0.24000,5.04000
,,,-0.00070680003,0.24000,5.04000
,,,-0.00070660003,0.24000,5.08000
,,,-0.00070640002,0.16000,5.04000
,,,-0.00070620002,0.16000,5.04000
,,,-0.00070600002,0.24000,5.04000
,,,-0.00070580002,0.24000,5.08000
,,,-0.00070560002,0.24000,5.04000
,,,-0.00070540002,0.16000,5.08000
,,,-0.00070520001,0.16000,5.04000
,,,-0.00070500001,0.16000,5.00000
,,,-0.00070480001,0.24000,5.04000
,,,-0.00070460001,0.16000,5.04000
,,,-0.00070440001,0.16000,5.04000
,,,-0.00070420001,0.24000,5.04000
,,,-0.00070400001,0.16000,5.04000
,,,-0.00070380000,0.24000,5.04000
,,,-0.00070360000,0.16000,5.04000
,,,-0.00070340000,0.16000,5.04000
,,,-0.00070320000,0.24000,5.04000
,,,-0.00070300000,0.16000,5.08000
,,,-0.00070280000,0.24000,5.04000
,,,-0.00070259999,0.16000,5.08000
,,,-0.00070239999,0.16000,5.04000
,,,-0.00070219999,0.16000,5.04000
,,,-0.00070199999,0.24000,5.04000
,,,-0.00070179999,0.16000,5.04000
,,,-0.00070159999,0.24000,5.04000
,,,-0.00070139999,0.24000,5.04000
,,,-0.00070119998,0.16000,5.04000
,,,-0.00070099998,0.16000,5.08000
,,,-0.00070079998,0.16000,5.04000
,,,-0.00070059998,0.24000,5.04000
,,,-0.00070040004,0.24000,5.04000
,,,-0.00070020003,0.16000,5.08000
,,,-0.00070000003,0.16000,5.04000
,,,-0.00069980003,0.16000,5.04000
,,,-0.00069960003,0.16000,5.04000
,,,-0.00069940003,0.16000,5.04000
,,,-0.00069920003,0.16000,5.08000
,,,-0.00069900003,0.16000,5.08000
,,,-0.00069880002,0.24000,5.04000
,,,-0.00069860002,0.16000,5.04000
,,,-0.00069840002,0.16000,5.08000
,,,-0.00069820002,0.16000,5.04000
,,,-0.00069800002,0.24000,5.04000
,,,-0.00069780002,0.16000,5.04000
,,,-0.00069760001,0.24000,5.04000
,,,-0.00069740001,0.24000,5.04000
,,,-0.00069720001,0.24000,5.04000
,,,-0.00069700001,0.24000,5.04000
,,,-0.00069680001,0.24000,5.08000
,,,-0.00069660001,0.16000,5.04000
,,,-0.00069640001,0.16000,5.04000
,,,-0.00069620000,0.24000,5.04000
,,,-0.00069600000,0.16000,5.04000
,,,-0.00069580000,0.16000,5.04000
,,,-0.00069560000,0.16000,5.08000
,,,-0.00069540000,0.16000,5.08000
,,,-0.00069520000,0.16000,5.04000
,,,-0.00069500000,0.16000,5.04000
,,,-0.00069479999,0.24000,5.08000
,,,-0.00069459999,0.16000,5.04000
,,,-0.00069439999,0.24000,5.04000
,,,-0.00069419999,0.16000,5.08000
,,,-0.00069399999,0.24000,5.04000
,,,-0.00069379999,0.24000,5.04000
,,,-0.00069359998,0.24000,5.04000
,,,-0.00069339998,0.24000,5.04000
,,,-0.00069319998,0.24000,5.08000
,,,-0.00069299998,0.16000,5.04000
,,,-0.00069280004,0.24000,5.04000
,,,-0.00069260004,0.24000,5.04000
,,,-0.00069240003,0.24000,5.04000
,,,-0.00069220003,0.16000,5.04000
,,,-0.00069200003,0.24000,5.04000
,,,-0.00069180003,0.16000,5.04000
,,,-0.00069160003,0.16000,5.08000
,,,-0.00069140003,0.16000,5.04000
,,,-0.00069120002,0.16000,5.08000
,,,-0.00069100002,0.24000,5.04000
,,,-0.00069080002,0.24000,5.04000
,,,-0.00069060002,0.24000,5.04000
,,,-0.00069040002,0.16000,5.04000
,,,-0.00069020002,0.24000,5.04000
,,,-0.00069000002,0.24000,5.04000
,,,-0.00068980001,0.24000,5.08000
,,,-0.00068960001,0.16000,5.00000
,,,-0.00068940001,0.16000,5.04000
,,,-0.00068920001,0.16000,5.04000
,,,-0.00068900001,0.24000,5.04000
,,,-0.00068880001,0.16000,5.04000
,,,-0.00068860000,0.16000,5.04000
,,,-0.00068840000,0.24000,5.08000
,,,-0.00068820000,0.16000,5.04000
,,,-0.00068800000,0.16000,5.04000
,,,-0.00068780000,0.24000,5.04000
,,,-0.00068760000,0.16000,5.04000
,,,-0.00068740000,0.16000,5.04000
,,,-0.00068719999,0.24000,5.00000
,,,-0.00068699999,0.24000,5.04000
,,,-0.00068679999,0.24000,5.04000
,,,-0.00068659999,0.16000,5.04000
,,,-0.00068639999,0.16000,5.04000
,,,-0.00068619999,0.16000,5.04000
,,,-0.00068599998,0.24000,5.08000
,,,-0.00068579998,0.16000,5.04000
,,,-0.00068559998,0.16000,5.08000
,,,-0.00068539998,0.24000,5.04000
,,,-0.00068520004,0.16000,5.04000
,,,-0.00068500004,0.24000,5.04000
,,,-0.00068480003,0.16000,5.00000
,,,-0.00068460003,0.16000,5.04000
,,,-0.00068440003,0.24000,5.04000
,,,-0.00068420003,0.16000,5.04000
,,,-0.00068400003,0.16000,5.04000
,,,-0.00068380003,0.16000,5.04000
,,,-0.00068360002,0.16000,5.04000
,,,-0.00068340002,0.16000,5.04000
,,,-0.00068320002,0.24000,5.04000
,,,-0.00068300002,0.24000,5.04000
,,,-0.00068280002,0.24000,5.08000
,,,-0.00068260002,0.16000,5.04000
,,,-0.00068240002,0.16000,5.04000
,,,-0.00068220001,0.16000,5.08000
,,,-0.00068200001,0.16000,5.08000
,,,-0.00068180001,0.16000,5.08000
,,,-0.00068160001,0.16000,5.04000
,,,-0.00068140001,0.24000,5.08000
,,,-0.00068120001,0.16000,5.08000
,,,-0.00068100000,0.24000,5.04000
,,,-0.00068080000,0.24000,5.04000
,,,-0.00068060000,0.24000,5.04000
,,,-0.00068040000,0.16000,5.04000
,,,-0.00068020000,0.24000,5.04000
,,,-0.00068000000,0.24000,5.08000
,,,-0.00067980000,0.16000,5.08000
,,,-0.00067959999,0.16000,5.04000
,,,-0.00067939999,0.16000,5.08000
,,,-0.00067919999,0.16000,5.08000
,,,-0.00067899999,0.16000,5.08000
,,,-0.00067879999,0.24000,5.04000
,,,-0.00067859999,0.16000,5.04000
,,,-0.00067839999,0.16000,5.04000
,,,-0.00067819998,0.16000,5.04000
,,,-0.00067799998,0.24000,5.04000
,,,-0.00067779998,0.16000,5.04000
,,,-0.00067759998,0.24000,5.08000
,,,-0.00067740004,0.16000,5.04000
,,,-0.00067720003,0.24000,5.04000
,,,-0.00067700003,0.16000,5.04000
,,,-0.00067680003,0.24000,5.04000
,,,-0.00067660003,0.24000,5.04000
,,,-0.00067640003,0.24000,5.04000
,,,-0.00067620003,0.24000,5.04000
,,,-0.00067600003,0.16000,5.04000
,,,-0.00067580002,0.08000,5.08000
,,,-0.00067560002,0.16000,5.08000
,,,-0.00067540002,0.16000,5.04000
,,,-0.00067520002,0.16000,5.04000
,,,-0.00067500002,0.16000,5.04000
,,,-0.00067480002,0.16000,5.04000
,,,-0.00067460001,0.24000,5.04000
,,,-0.00067440001,0.16000,5.04000
,,,-0.00067420001,0.16000,5.04000
,,,-0.00067400001,0.16000,5.04000
,,,-0.00067380001,0.16000,5.04000
,,,-0.00067360001,0.16000,5.08000
,,,-0.00067340001,0.16000,5.04000
,,,-0.00067320000,0.16000,5.04000
,,,-0.00067300000,0.16000,5.04000
,,,-0.00067280000,0.16000,5.04000
,,,-0.00067260000,0.16000,5.08000
,,,-0.00067240000,0.16000,5.00000
,,,-0.00067220000,0.16000,5.04000
,,,-0.00067199999,0.16000,5.04000
,,,-0.00067179999,0.16000,5.04000
,,,-0.00067159999,0.16000,5.04000
,,,-0.00067139999,0.24000,5.08000
,,,-0.00067119999,0.16000,5.04000
,,,-0.00067099999,0.16000,5.04000
,,,-0.00067079999,0.16000,5.04000
,,,-0.00067059998,0.16000,5.04000
,,,-0.00067039998,0.24000,5.04000
,,,-0.00067019998,0.16000,5.04000
,,,-0.00066999998,0.16000,5.04000
,,,-0.00066980004,0.16000,5.08000
,,,-0.00066960003,0.24000,5.08000
,,,-0.00066940003,0.16000,5.08000
,,,-0.00066920003,0.16000,5.08000
,,,-0.00066900003,0.16000,5.04000
,,,-0.00066880003,0.16000,5.04000
,,,-0.00066860003,0.16000,5.04000
,,,-0.00066840003,0.16000,5.04000
,,,-0.00066820002,0.24000,5.08000
,,,-0.00066800002,0.24000,5.00000
,,,-0.00066780002,0.24000,5.04000
,,,-0.00066760002,0.16000,5.04000
,,,-0.00066740002,0.24000,5.04000
,,,-0.00066720002,0.16000,5.04000
,,,-0.00066700001,0.24000,5.04000
,,,-0.00066680001,0.24000,5.04000
,,,-0.00066660001,0.24000,5.04000
,,,-0.00066640001,0.16000,5.08000
,,,-0.00066620001,0.24000,5.08000
,,,-0.00066600001,0.24000,5.04000
,,,-0.00066580001,0.16000,5.08000
,,,-0.00066560000,0.16000,5.04000
,,,-0.00066540000,0.16000,5.04000
,,,-0.00066520000,0.16000,5.04000
,,,-0.00066500000,0.16000,5.04000
,,,-0.00066480000,0.16000,5.04000
,,,-0.00066460000,0.16000,5.08000
,,,-0.00066440000,0.16000,5.04000
,,,-0.00066419999,0.24000,5.04000
,,,-0.00066399999,0.16000,5.04000
,,,-0.00066379999,0.16000,5.04000
,,,-0.00066359999,0.16000,5.04000
,,,-0.00066339999,0.16000,5.04000
,,,-0.00066319999,0.16000,5.04000
,,,-0.00066299998,0.16000,5.04000
,,,-0.00066279998,0.16000,5.04000
,,,-0.00066259998,0.16000,5.08000
,,,-0.00066239998,0.24000,5.04000
,,,-0.00066220004,0.24000,5.08000
,,,-0.00066200003,0.16000,5.04000
,,,-0.00066180003,0.16000,5.04000
,,,-0.00066160003,0.24000,5.04000
,,,-0.00066140003,0.24000,5.04000
,,,-0.00066120003,0.24000,5.04000
,,,-0.00066100003,0.24000,5.04000
,,,-0.00066080003,0.16000,5.04000
,,,-0.00066060002,0.24000,5.04000
,,,-0.00066040002,0.24000,5.04000
,,,-0.00066020002,0.16000,5.04000
,,,-0.00066000002,0.16000,5.04000
,,,-0.00065980002,0.24000,5.04000
,,,-0.00065960002,0.16000,5.04000
,,,-0.00065940002,0.24000,5.08000
,,,-0.00065920001,0.16000,5.04000
,,,-0.00065900001,0.16000,5.04000
,,,-0.00065880001,0.16000,5.04000
,,,-0.00065860001,0.16000,5.08000
,,,-0.00065840001,0.24000,5.04000
,,,-0.00065820001,0.16000,5.04000
,,,-0.00065800000,0.16000,5.08000
,,,-0.00065780000,0.16000,5.04000
,,,-0.00065760000,0.24000,5.04000
,,,-0.00065740000,0.24000,5.04000
,,,-0.00065720000,0.16000,5.04000
,,,-0.00065700000,0.16000,5.08000
,,,-0.00065680000,0.24000,5.04000
,,,-0.00065659999,0.24000,5.04000
,,,-0.00065639999,0.16000,5.04000
,,,-0.00065619999,0.16000,5.04000
,,,-0.00065599999,0.16000,5.04000
,,,-0.00065579999,0.16000,5.08000
,,,-0.00065559999,0.16000,5.04000
,,,-0.00065539998,0.16000,5.04000
,,,-0.00065519998,0.16000,5.04000
,,,-0.00065499998,0.16000,5.04000
,,,-0.00065479998,0.16000,5.04000
,,,-0.00065459998,0.16000,5.00000
,,,-0.00065440004,0.16000,5.04000
,,,-0.00065420003,0.16000,5.04000
,,,-0.00065400003,0.24000,5.04000
,,,-0.00065380003,0.24000,5.04000
,,,-0.00065360003,0.16000,5.04000
,,,-0.00065340003,0.24000,5.04000
,,,-0.00065320003,0.24000,5.04000
,,,-0.00065300002,0.24000,5.08000
,,,-0.00065280002,0.24000,5.08000
,,,-0.00065260002,0.24000,5.04000
,,,-0.00065240002,0.16000,5.08000
,,,-0.00065220002,0.16000,5.08000
,,,-0.00065200002,0.16000,5.04000
,,,-0.00065180002,0.16000,5.04000
,,,-0.00065160001,0.16000,5.08000
,,,-0.00065140001,0.16000,5.08000
,,,-0.00065120001,0.16000,5.04000
,,,-0.00065100001,0.16000,5.04000
,,,-0.00065080001,0.16000,5.04000
,,,-0.00065060001,0.16000,5.00000
,,,-0.00065040000,0.24000,5.00000
,,,-0.00065020000,0.24000,5.04000
,,,-0.00065000000,0.16000,5.04000
,,,-0.00064980000,0.16000,5.04000
,,,-0.00064960000,0.16000,5.04000
,,,-0.00064940000,0.16000,5.04000
,,,-0.00064920000,0.24000,5.04000
,,,-0.00064899999,0.24000,5.08000
,,,-0.00064879999,0.16000,5.04000
,,,-0.00064859999,0.16000,5.04000
,,,-0.00064839999,0.16000,5.04000
,,,-0.00064819999,0.16000,5.04000
,,,-0.00064799999,0.24000,5.04000
,,,-0.00064779999,0.24000,5.04000
,,,-0.00064759998,0.16000,5.08000
,,,-0.00064739998,0.16000,5.04000
,,,-0.00064719998,0.16000,5.04000
,,,-0.00064699998,0.16000,5.04000
,,,-0.00064680004,0.16000,5.04000
,,,-0.00064660003,0.16000,5.04000
,,,-0.00064640003,0.16000,5.08000
,,,-0.00064620003,0.16000,5.04000
,,,-0.00064600003,0.16000,5.04000
,,,-0.00064580003,0.16000,5.04000
,,,-0.00064560003,0.16000,5.08000
,,,-0.00064540002,0.16000,5.04000
,,,-0.00064520002,0.16000,5.04000
,,,-0.00064500002,0.16000,5.04000
,,,-0.00064480002,0.16000,5.04000
,,,-0.00064460002,0.24000,5.04000
,,,-0.00064440002,0.16000,5.04000
,,,-0.00064420002,0.16000,5.04000
,,,-0.00064400001,0.24000,5.04000
,,,-0.00064380001,0.16000,5.04000
,,,-0.00064360001,0.24000,5.04000
,,,-0.00064340001,0.24000,5.04000
,,,-0.00064320001,0.16000,5.04000
,,,-0.00064300001,0.16000,5.04000
,,,-0.00064280001,0.16000,5.04000
,,,-0.00064260000,0.16000,5.08000
,,,-0.00064240000,0.16000,5.04000
,,,-0.00064220000,0.24000,5.08000
,,,-0.00064200000,0.16000,5.04000
,,,-0.00064180000,0.16000,5.04000
,,,-0.00064160000,0.16000,5.04000
,,,-0.00064139999,0.16000,5.04000
,,,-0.00064119999,0.24000,5.04000
,,,-0.00064099999,0.16000,5.04000
,,,-0.00064079999,0.16000,5.04000
,,,-0.00064059999,0.16000,5.08000
,,,-0.00064039999,0.16000,5.04000
,,,-0.00064019999,0.16000,5.04000
,,,-0.00063999998,0.16000,5.04000
,,,-0.00063979998,0.16000,5.04000
,,,-0.00063959998,0.16000,5.04000
,,,-0.00063939998,0.24000,5.04000
,,,-0.00063920004,0.16000,5.04000
,,,-0.00063900003,0.16000,5.04000
,,,-0.00063880003,0.16000,5.04000
,,,-0.00063860003,0.16000,5.04000
,,,-0.00063840003,0.16000,5.04000
,,,-0.00063820003,0.24000,5.00000
,,,-0.00063800003,0.24000,5.04000
,,,-0.00063780003,0.16000,5.08000
,,,-0.00063760002,0.16000,5.04000
,,,-0.00063740002,0.24000,5.08000
,,,-0.00063720002,0.24000,5.04000
,,,-0.00063700002,0.24000,5.08000
,,,-0.00063680002,0.24000,5.08000
,,,-0.00063660002,0.16000,5.04000
,,,-0.00063640001,0.16000,5.08000
,,,-0.00063620001,0.16000,5.04000
,,,-0.00063600001,0.24000,5.08000
,,,-0.00063580001,0.16000,5.04000
,,,-0.00063560001,0.16000,5.04000
,,,-0.00063540001,0.16000,5.08000
,,,-0.00063520001,0.16000,5.08000
,,,-0.00063500000,0.16000,5.04000
,,,-0.00063480000,0.16000,5.00000
,,,-0.00063460000,0.16000,5.04000
,,,-0.00063440000,0.16000,5.04000
,,,-0.00063420000,0.16000,5.04000
,,,-0.00063400000,0.24000,5.04000
,,,-0.00063379999,0.24000,5.08000
,,,-0.00063359999,0.24000,5.08000
,,,-0.00063339999,0.16000,5.04000
,,,-0.00063319999,0.24000,5.08000
,,,-0.00063299999,0.16000,5.04000
,,,-0.00063279999,0.16000,5.04000
,,,-0.00063259999,0.16000,5.08000
,,,-0.00063239998,0.16000,5.08000
,,,-0.00063219998,0.24000,5.04000
,,,-0.00063199998,0.16000,5.04000
,,,-0.00063179998,0.16000,5.08000
,,,-0.00063160004,0.16000,5.04000
,,,-0.00063140003,0.16000,5.08000
,,,-0.00063120003,0.16000,5.08000
,,,-0.00063100003,0.24000,5.04000
,,,-0.00063080003,0.16000,5.04000
,,,-0.00063060003,0.16000,5.08000
,,,-0.00063040003,0.24000,5.08000
,,,-0.00063020003,0.24000,5.04000
,,,-0.00063000002,0.16000,5.04000
,,,-0.00062980002,0.24000,5.04000
,,,-0.00062960002,0.24000,5.04000
,,,-0.00062940002,0.24000,5.04000
,,,-0.00062920002,0.16000,5.04000
,,,-0.00062900002,0.16000,5.04000
,,,-0.00062880001,0.16000,5.08000
,,,-0.00062860001,0.16000,5.08000
,,,-0.00062840001,0.16000,5.04000
,,,-0.00062820001,0.16000,5.04000
,,,-0.00062800001,0.16000,5.04000
,,,-0.00062780001,0.16000,5.08000
,,,-0.00062760001,0.24000,5.04000
,,,-0.00062740000,0.24000,5.04000
,,,-0.00062720000,0.16000,5.04000
,,,-0.00062700000,0.16000,5.00000
,,,-0.00062680000,0.24000,5.08000
,,,-0.00062660000,0.16000,5.04000
,,,-0.00062640000,0.24000,5.08000
,,,-0.00062620000,0.24000,5.04000
,,,-0.00062599999,0.16000,5.04000
,,,-0.00062579999,0.16000,5.04000
,,,-0.00062559999,0.16000,5.04000
,,,-0.00062539999,0.16000,5.04000
,,,-0.00062519999,0.16000,5.04000
,,,-0.00062499999,0.16000,5.08000
,,,-0.00062479998,0.16000,5.04000
,,,-0.00062459998,0.16000,5.04000
,,,-0.00062439998,0.16000,5.04000
,,,-0.00062419998,0.16000,5.04000
,,,-0.00062399998,0.16000,5.04000
,,,-0.00062380004,0.24000,5.00000
,,,-0.00062360003,0.24000,5.08000
,,,-0.00062340003,0.24000,5.04000
,,,-0.00062320003,0.24000,5.04000
,,,-0.00062300003,0.24000,5.04000
,,,-0.00062280003,0.24000,5.08000
,,,-0.00062260003,0.24000,5.04000
,,,-0.00062240002,0.16000,5.08000
,,,-0.00062220002,0.16000,5.04000
,,,-0.00062200002,0.16000,5.04000
,,,-0.00062180002,0.24000,5.08000
,,,-0.00062160002,0.16000,5.04000
,,,-0.00062140002,0.16000,5.04000
,,,-0.00062120002,0.16000,5.04000
,,,-0.00062100001,0.16000,5.04000
,,,-0.00062080001,0.16000,5.04000
,,,-0.00062060001,0.24000,5.04000
,,,-0.00062040001,0.24000,5.08000
,,,-0.00062020001,0.24000,5.04000
,,,-0.00062000001,0.24000,5.04000
,,,-0.00061980000,0.16000,5.04000
,,,-0.00061960000,0.24000,5.04000
,,,-0.00061940000,0.16000,5.04000
,,,-0.00061920000,0.24000,5.04000
,,,-0.00061900000,0.24000,5.04000
,,,-0.00061880000,0.16000,5.04000
,,,-0.00061860000,0.16000,5.08000
,,,-0.00061839999,0.16000,5.04000
,,,-0.00061819999,0.16000,5.04000
,,,-0.00061799999,0.16000,5.08000
,,,-0.00061779999,0.16000,5.04000
,,,-0.00061759999,0.16000,5.04000
,,,-0.00061739999,0.16000,5.08000
,,,-0.00061719998,0.24000,5.08000
,,,-0.00061699998,0.16000,5.04000
,,,-0.00061679998,0.16000,5.08000
,,,-0.00061659998,0.24000,5.04000
,,,-0.00061639998,0.24000,5.08000
,,,-0.00061620004,0.24000,5.08000
,,,-0.00061600003,0.16000,5.08000
,,,-0.00061580003,0.16000,5.08000
,,,-0.00061560003,0.16000,5.04000
,,,-0.00061540003,0.16000,5.04000
,,,-0.00061520003,0.16000,5.04000
,,,-0.00061500003,0.16000,5.04000
,,,-0.00061480002,0.16000,5.08000
,,,-0.00061460002,0.16000,5.04000
,,,-0.00061440002,0.24000,5.04000
,,,-0.00061420002,0.24000,5.04000
,,,-0.00061400002,0.16000,5.08000
,,,-0.00061380002,0.16000,5.04000
,,,-0.00061360002,0.16000,5.04000
,,,-0.00061340001,0.16000,5.04000
,,,-0.00061320001,0.24000,5.08000
,,,-0.00061300001,0.16000,5.08000
,,,-0.00061280001,0.16000,5.04000
,,,-0.00061260001,0.24000,5.08000
,,,-0.00061240001,0.16000,5.08000
,,,-0.00061220000,0.16000,5.08000
,,,-0.00061200000,0.16000,5.04000
,,,-0.00061180000,0.16000,5.04000
,,,-0.00061160000,0.16000,5.08000
,,,-0.00061140000,0.16000,5.04000
,,,-0.00061120000,0.16000,5.04000
,,,-0.00061100000,0.16000,5.04000
,,,-0.00061079999,0.16000,5.04000
,,,-0.00061059999,0.16000,5.04000
,,,-0.00061039999,0.24000,5.04000
,,,-0.00061019999,0.24000,5.04000
,,,-0.00060999999,0.24000,5.04000
,,,-0.00060979999,0.24000,5.08000
,,,-0.00060959999,0.24000,5.04000
,,,-0.00060939998,0.16000,5.08000
,,,-0.00060919998,0.16000,5.08000
,,,-0.00060899998,0.24000,5.08000
,,,-0.00060879998,0.16000,5.04000
,,,-0.00060860004,0.16000,5.08000
,,,-0.00060840003,0.16000,5.04000
,,,-0.00060820003,0.16000,5.04000
,,,-0.00060800003,0.16000,5.08000
,,,-0.00060780003,0.16000,5.04000
,,,-0.00060760003,0.16000,5.04000
,,,-0.00060740003,0.24000,5.08000
,,,-0.00060720003,0.16000,5.08000
,,,-0.00060700002,0.16000,5.04000
,,,-0.00060680002,0.24000,5.04000
,,,-0.00060660002,0.24000,5.04000
,,,-0.00060640002,0.24000,5.04000
,,,-0.00060620002,0.16000,5.04000
,,,-0.00060600002,0.16000,5.08000
,,,-0.00060580001,0.24000,5.08000
,,,-0.00060560001,0.16000,5.04000
,,,-0.00060540001,0.24000,5.04000
,,,-0.00060520001,0.16000,5.04000
,,,-0.00060500001,0.16000,5.04000
,,,-0.00060480001,0.16000,5.04000
,,,-0.00060460001,0.24000,5.04000
,,,-0.00060440000,0.24000,5.08000
,,,-0.00060420000,0.16000,5.04000
,,,-0.00060400000,0.16000,5.04000
,,,-0.00060380000,0.16000,5.04000
,,,-0.00060360000,0.24000,5.04000
,,,-0.00060340000,0.16000,5.04000
,,,-0.00060319999,0.16000,5.04000
,,,-0.00060299999,0.16000,5.04000
,,,-0.00060279999,0.24000,5.04000
,,,-0.00060259999,0.16000,5.04000
,,,-0.00060239999,0.16000,5.08000
,,,-0.00060219999,0.16000,5.04000
,,,-0.00060199999,0.16000,5.08000
,,,-0.00060179998,0.16000,5.04000
,,,-0.00060159998,0.24000,5.04000
,,,-0.00060139998,0.24000,5.04000
,,,-0.00060119998,0.16000,5.04000
,,,-0.00060100004,0.16000,5.04000
,,,-0.00060080003,0.24000,5.04000
,,,-0.00060060003,0.24000,5.04000
,,,-0.00060040003,0.24000,5.04000
,,,-0.00060020003,0.24000,5.08000
,,,-0.00060000003,0.16000,5.04000
,,,-0.00059980003,0.16000,5.04000
,,,-0.00059960003,0.24000,5.04000
,,,-0.00059940002,0.16000,5.08000
,,,-0.00059920002,0.16000,5.04000
,,,-0.00059900002,0.16000,5.04000
,,,-0.00059880002,0.24000,5.04000
,,,-0.00059860002,0.24000,5.04000
,,,-0.00059840002,0.16000,5.04000
,,,-0.00059820001,0.16000,5.04000
,,,-0.00059800001,0.16000,5.08000
,,,-0.00059780001,0.16000,5.04000
,,,-0.00059760001,0.16000,5.04000
,,,-0.00059740001,0.24000,5.04000
,,,-0.00059720001,0.16000,5.04000
,,,-0.00059700001,0.24000,5.04000
,,,-0.00059680000,0.24000,5.04000
,,,-0.00059660000,0.24000,5.04000
,,,-0.00059640000,0.16000,5.04000
,,,-0.00059620000,0.16000,5.04000
,,,-0.00059600000,0.16000,5.04000
,,,-0.00059580000,0.16000,5.04000
,,,-0.00059559999,0.16000,5.08000
,,,-0.00059539999,0.16000,5.00000
,,,-0.00059519999,0.16000,5.04000
,,,-0.00059499999,0.16000,5.04000
,,,-0.00059479999,0.16000,5.04000
,,,-0.00059459999,0.16000,5.04000
,,,-0.00059439999,0.24000,5.04000
,,,-0.00059419998,0.24000,5.00000
,,,-0.00059399998,0.24000,5.04000
,,,-0.00059379998,0.16000,5.00000
,,,-0.00059359998,0.16000,5.04000
,,,-0.00059339998,0.16000,5.08000
,,,-0.00059320003,0.24000,5.08000
,,,-0.00059300003,0.16000,5.04000
,,,-0.00059280003,0.16000,5.04000
,,,-0.00059260003,0.16000,5.04000
,,,-0.00059240003,0.16000,5.04000
,,,-0.00059220003,0.16000,5.08000
,,,-0.00059200003,0.16000,5.08000
,,,-0.00059180002,0.16000,5.08000
,,,-0.00059160002,0.16000,5.08000
,,,-0.00059140002,0.16000,5.04000
,,,-0.00059120002,0.16000,5.08000
,,,-0.00059100002,0.24000,5.04000
,,,-0.00059080002,0.16000,5.04000
,,,-0.00059060002,0.24000,5.04000
,,,-0.00059040001,0.16000,5.04000
,,,-0.00059020001,0.16000,5.08000
,,,-0.00059000001,0.16000,5.04000
,,,-0.00058980001,0.24000,5.04000
,,,-0.00058960001,0.16000,5.04000
,,,-0.00058940001,0.16000,5.04000
,,,-0.00058920000,0.16000,5.08000
,,,-0.00058900000,0.16000,5.04000
,,,-0.00058880000,0.16000,5.08000
,,,-0.00058860000,0.16000,5.08000
,,,-0.00058840000,0.16000,5.04000
,,,-0.00058820000,0.16000,5.04000
,,,-0.00058800000,0.16000,5.04000
,,,-0.00058779999,0.16000,5.04000
,,,-0.00058759999,0.16000,5.04000
,,,-0.00058739999,0.16000,5.00000
,,,-0.00058719999,0.16000,5.08000
,,,-0.00058699999,0.16000,5.04000
,,,-0.00058679999,0.16000,5.04000
,,,-0.00058659998,0.24000,5.08000
,,,-0.00058639998,0.24000,5.04000
,,,-0.00058619998,0.24000,5.04000
,,,-0.00058599998,0.16000,5.04000
,,,-0.00058579998,0.16000,5.08000
,,,-0.00058560004,0.16000,5.04000
,,,-0.00058540003,0.16000,5.08000
,,,-0.00058520003,0.16000,5.04000
,,,-0.00058500003,0.16000,5.08000
,,,-0.00058480003,0.16000,5.04000
,,,-0.00058460003,0.16000,5.04000
,,,-0.00058440003,0.24000,5.08000
,,,-0.00058420002,0.24000,5.04000
,,,-0.00058400002,0.16000,5.04000
,,,-0.00058380002,0.24000,5.04000
,,,-0.00058360002,0.24000,5.00000
,,,-0.00058340002,0.24000,5.08000
,,,-0.00058320002,0.24000,5.04000
,,,-0.00058300002,0.16000,5.04000
,,,-0.00058280001,0.24000,5.04000
,,,-0.00058260001,0.24000,5.04000
,,,-0.00058240001,0.16000,5.04000
,,,-0.00058220001,0.16000,5.08000
,,,-0.00058200001,0.24000,5.04000
,,,-0.00058180001,0.16000,5.08000
,,,-0.00058160000,0.16000,5.04000
,,,-0.00058140000,0.16000,5.04000
,,,-0.00058120000,0.16000,5.04000
,,,-0.00058100000,0.24000,5.04000
,,,-0.00058080000,0.16000,5.08000
,,,-0.00058060000,0.24000,5.08000
,,,-0.00058040000,0.24000,5.04000
,,,-0.00058019999,0.16000,5.04000
,,,-0.00057999999,0.24000,5.04000
,,,-0.00057979999,0.24000,5.04000
,,,-0.00057959999,0.16000,5.04000
,,,-0.00057939999,0.16000,5.04000
,,,-0.00057919999,0.16000,5.08000
,,,-0.00057899999,0.24000,5.08000
,,,-0.00057879998,0.16000,5.08000
,,,-0.00057859998,0.16000,5.00000
,,,-0.00057839998,0.16000,5.04000
,,,-0.00057819998,0.16000,5.04000
,,,-0.00057800004,0.16000,5.04000
,,,-0.00057780003,0.24000,5.04000
,,,-0.00057760003,0.24000,5.04000
,,,-0.00057740003,0.16000,5.04000
,,,-0.00057720003,0.16000,5.04000
,,,-0.00057700003,0.16000,5.04000
,,,-0.00057680003,0.24000,5.08000
,,,-0.00057660002,0.24000,5.04000
,,,-0.00057640002,0.24000,5.04000
,,,-0.00057620002,0.24000,5.04000
,,,-0.00057600002,0.24000,5.08000
,,,-0.00057580002,0.16000,5.04000
,,,-0.00057560002,0.24000,5.08000
,,,-0.00057540002,0.16000,5.04000
,,,-0.00057520001,0.16000,5.04000
,,,-0.00057500001,0.16000,5.04000
,,,-0.00057480001,0.16000,5.04000
,,,-0.00057460001,0.16000,5.04000
,,,-0.00057440001,0.16000,5.04000
,,,-0.00057420001,0.24000,5.04000
,,,-0.00057400001,0.16000,5.04000
,,,-0.00057380000,0.16000,5.04000
,,,-0.00057360000,0.16000,5.04000
,,,-0.00057340000,0.24000,5.04000
,,,-0.00057320000,0.16000,5.04000
,,,-0.00057300000,0.16000,5.04000
,,,-0.00057280000,0.24000,5.04000
,,,-0.00057259999,0.16000,5.04000
,,,-0.00057239999,0.16000,5.04000
,,,-0.00057219999,0.16000,5.04000
,,,-0.00057199999,0.16000,5.08000
,,,-0.00057179999,0.16000,5.04000
,,,-0.00057159999,0.16000,5.08000
,,,-0.00057139999,0.16000,5.04000
,,,-0.00057119998,0.16000,5.04000
,,,-0.00057099998,0.24000,5.04000
,,,-0.00057079998,0.16000,5.04000
,,,-0.00057059998,0.16000,5.04000
,,,-0.00057039998,0.24000,5.04000
,,,-0.00057020003,0.16000,5.04000
,,,-0.00057000003,0.24000,5.04000
,,,-0.00056980003,0.16000,5.08000
,,,-0.00056960003,0.24000,5.04000
,,,-0.00056940003,0.16000,5.08000
,,,-0.00056920003,0.16000,5.08000
,,,-0.00056900003,0.16000,5.08000
,,,-0.00056880002,0.16000,5.04000
,,,-0.00056860002,0.16000,5.04000
,,,-0.00056840002,0.24000,5.04000
,,,-0.00056820002,0.16000,5.04000
,,,-0.00056800002,0.24000,5.00000
,,,-0.00056780002,0.16000,5.04000
,,,-0.00056760001,0.16000,5.04000
,,,-0.00056740001,0.24000,5.04000
,,,-0.00056720001,0.16000,5.04000
,,,-0.00056700001,0.24000,5.04000
,,,-0.00056680001,0.24000,5.04000
,,,-0.00056660001,0.16000,5.04000
,,,-0.00056640001,0.24000,5.04000
,,,-0.00056620000,0.16000,5.08000
,,,-0.00056600000,0.16000,5.04000
,,,-0.00056580000,0.16000,5.04000
,,,-0.00056560000,0.16000,5.08000
,,,-0.00056540000,0.16000,5.08000
,,,-0.00056520000,0.16000,5.04000
,,,-0.00056499999,0.16000,5.08000
,,,-0.00056479999,0.16000,5.04000
,,,-0.00056459999,0.16000,5.04000
,,,-0.00056439999,0.16000,5.08000
,,,-0.00056419999,0.16000,5.04000
,,,-0.00056399999,0.24000,5.00000
,,,-0.00056379999,0.16000,5.04000
,,,-0.00056359998,0.16000,5.04000
,,,-0.00056339998,0.24000,5.08000
,,,-0.00056319998,0.24000,5.04000
,,,-0.00056299998,0.16000,5.08000
,,,-0.00056279998,0.16000,5.08000
,,,-0.00056260003,0.16000,5.04000
,,,-0.00056240003,0.16000,5.04000
,,,-0.00056220003,0.16000,5.04000
,,,-0.00056200003,0.16000,5.04000
,,,-0.00056180003,0.16000,5.08000
,,,-0.00056160003,0.16000,5.04000
,,,-0.00056140003,0.16000,5.08000
,,,-0.00056120002,0.16000,5.04000
,,,-0.00056100002,0.24000,5.00000
,,,-0.00056080002,0.16000,5.04000
,,,-0.00056060002,0.16000,5.04000
,,,-0.00056040002,0.16000,5.08000
,,,-0.00056020002,0.24000,5.04000
,,,-0.00056000001,0.16000,5.04000
,,,-0.00055980001,0.24000,5.04000
,,,-0.00055960001,0.24000,5.08000
,,,-0.00055940001,0.16000,5.04000
,,,-0.00055920001,0.24000,5.08000
,,,-0.00055900001,0.16000,5.08000
,,,-0.00055880001,0.16000,5.04000
,,,-0.00055860000,0.16000,5.08000
,,,-0.00055840000,0.16000,5.04000
,,,-0.00055820000,0.16000,5.08000
,,,-0.00055800000,0.16000,5.04000
,,,-0.00055780000,0.16000,5.08000
,,,-0.00055760000,0.24000,5.04000
,,,-0.00055740000,0.16000,5.04000
,,,-0.00055719999,0.24000,5.08000
,,,-0.00055699999,0.24000,5.04000
,,,-0.00055679999,0.16000,5.04000
,,,-0.00055659999,0.24000,5.04000
,,,-0.00055639999,0.24000,5.04000
,,,-0.00055619999,0.16000,5.04000
,,,-0.00055599998,0.24000,5.04000
,,,-0.00055579998,0.16000,5.04000
,,,-0.00055559998,0.24000,5.04000
,,,-0.00055539998,0.16000,5.08000
,,,-0.00055519998,0.16000,5.04000
,,,-0.00055500004,0.16000,5.04000
,,,-0.00055480003,0.16000,5.08000
,,,-0.00055460003,0.16000,5.04000
,,,-0.00055440003,0.16000,5.04000
,,,-0.00055420003,0.24000,5.04000
,,,-0.00055400003,0.16000,5.04000
,,,-0.00055380003,0.16000,5.04000
,,,-0.00055360002,0.16000,5.04000
,,,-0.00055340002,0.24000,5.08000
,,,-0.00055320002,0.16000,5.04000
,,,-0.00055300002,0.24000,5.04000
,,,-0.00055280002,0.16000,5.04000
,,,-0.00055260002,0.16000,5.04000
,,,-0.00055240002,0.24000,5.04000
,,,-0.00055220001,0.16000,5.08000
,,,-0.00055200001,0.16000,5.08000
,,,-0.00055180001,0.16000,5.04000
,,,-0.00055160001,0.16000,5.04000
,,,-0.00055140001,0.16000,5.04000
,,,-0.00055120001,0.16000,5.04000
,,,-0.00055100000,0.16000,5.04000
,,,-0.00055080000,0.24000,5.08000
,,,-0.00055060000,0.16000,5.04000
,,,-0.00055040000,0.16000,5.04000
,,,-0.00055020000,0.16000,5.04000
,,,-0.00055000000,0.16000,5.04000
,,,-0.00054980000,0.16000,5.08000
,,,-0.00054959999,0.16000,5.04000
,,,-0.00054939999,0.16000,5.08000
,,,-0.00054919999,0.24000,5.04000
,,,-0.00054899999,0.24000,5.04000
,,,-0.00054879999,0.16000,5.04000
,,,-0.00054859999,0.16000,5.08000
,,,-0.00054839998,0.24000,5.08000
,,,-0.00054819998,0.16000,5.08000
,,,-0.00054799998,0.16000,5.04000
,,,-0.00054779998,0.16000,5.04000
,,,-0.00054759998,0.16000,5.04000
,,,-0.00054740004,0.16000,5.04000
,,,-0.00054720003,0.24000,5.04000
,,,-0.00054700003,0.16000,5.04000
,,,-0.00054680003,0.24000,5.04000
,,,-0.00054660003,0.24000,5.04000
,,,-0.00054640003,0.24000,5.04000
,,,-0.00054620003,0.16000,5.04000
,,,-0.00054600002,0.24000,5.04000
,,,-0.00054580002,0.24000,5.08000
,,,-0.00054560002,0.24000,5.04000
,,,-0.00054540002,0.24000,5.08000
,,,-0.00054520002,0.16000,5.08000
,,,-0.00054500002,0.16000,5.04000
,,,-0.00054480002,0.16000,5.04000
,,,-0.00054460001,0.16000,5.08000
,,,-0.00054440001,0.24000,5.04000
,,,-0.00054420001,0.16000,5.04000
,,,-0.00054400001,0.08000,5.04000
,,,-0.00054380001,0.24000,5.08000
,,,-0.00054360001,0.24000,5.04000
,,,-0.00054340000,0.24000,5.08000
,,,-0.00054320000,0.24000,5.08000
,,,-0.00054300000,0.16000,5.04000
,,,-0.00054280000,0.16000,5.04000
,,,-0.00054260000,0.16000,5.04000
,,,-0.00054240000,0.24000,5.04000
,,,-0.00054220000,0.24000,5.08000
,,,-0.00054199999,0.16000,5.08000
,,,-0.00054179999,0.16000,5.04000
,,,-0.00054159999,0.16000,5.04000
,,,-0.00054139999,0.16000,5.04000
,,,-0.00054119999,0.16000,5.04000
,,,-0.00054099999,0.16000,5.08000
,,,-0.00054079999,0.16000,5.04000
,,,-0.00054059998,0.16000,5.04000
,,,-0.00054039998,0.24000,5.04000
,,,-0.00054019998,0.16000,5.04000
,,,-0.00053999998,0.16000,5.08000
,,,-0.00053979998,0.24000,5.08000
,,,-0.00053960003,0.24000,5.08000
,,,-0.00053940003,0.16000,5.08000
,,,-0.00053920003,0.16000,5.08000
,,,-0.00053900003,0.16000,5.08000
,,,-0.00053880003,0.16000,5.08000
,,,-0.00053860003,0.16000,5.04000
,,,-0.00053840003,0.16000,5.04000
,,,-0.00053820002,0.24000,5.08000
,,,-0.00053800002,0.16000,5.08000
,,,-0.00053780002,0.16000,5.04000
,,,-0.00053760002,0.16000,5.08000
,,,-0.00053740002,0.24000,5.04000
,,,-0.00053720002,0.16000,5.04000
,,,-0.00053700001,0.16000,5.04000
,,,-0.00053680001,0.24000,5.04000
,,,-0.00053660001,0.16000,5.08000
,,,-0.00053640001,0.24000,5.04000
,,,-0.00053620001,0.24000,5.04000
,,,-0.00053600001,0.16000,5.04000
,,,-0.00053580001,0.24000,5.04000
,,,-0.00053560000,0.16000,5.04000
,,,-0.00053540000,0.16000,5.08000
,,,-0.00053520000,0.16000,5.04000
,,,-0.00053500000,0.16000,5.04000
,,,-0.00053480000,0.16000,5.08000
,,,-0.00053460000,0.24000,5.04000
,,,-0.00053439999,0.16000,5.08000
,,,-0.00053419999,0.24000,5.04000
,,,-0.00053399999,0.24000,5.08000
,,,-0.00053379999,0.16000,5.04000
,,,-0.00053359999,0.16000,5.04000
,,,-0.00053339999,0.24000,5.04000
,,,-0.00053319999,0.24000,5.04000
,,,-0.00053299998,0.24000,5.08000
,,,-0.00053279998,0.16000,5.04000
,,,-0.00053259998,0.24000,5.04000
,,,-0.00053239998,0.24000,5.04000
,,,-0.00053219998,0.16000,5.08000
,,,-0.00053200003,0.16000,5.04000
,,,-0.00053180003,0.16000,5.08000
,,,-0.00053160003,0.16000,5.04000
,,,-0.00053140003,0.16000,5.04000
,,,-0.00053120003,0.16000,5.08000
,,,-0.00053100003,0.16000,5.04000
,,,-0.00053080003,0.16000,5.04000
,,,-0.00053060002,0.24000,5.04000
,,,-0.00053040002,0.16000,5.04000
,,,-0.00053020002,0.24000,5.04000
,,,-0.00053000002,0.24000,5.08000
,,,-0.00052980002,0.24000,5.04000
,,,-0.00052960002,0.16000,5.04000
,,,-0.00052940001,0.16000,5.04000
,,,-0.00052920001,0.16000,5.04000
,,,-0.00052900001,0.24000,5.04000
,,,-0.00052880001,0.16000,5.04000
,,,-0.00052860001,0.24000,5.04000
,,,-0.00052840001,0.16000,5.08000
,,,-0.00052820001,0.16000,5.08000
,,,-0.00052800000,0.24000,5.04000
,,,-0.00052780000,0.16000,5.00000
,,,-0.00052760000,0.24000,5.08000
,,,-0.00052740000,0.24000,5.00000
,,,-0.00052720000,0.16000,5.04000
,,,-0.00052700000,0.24000,5.04000
,,,-0.00052679999,0.16000,5.04000
,,,-0.00052659999,0.16000,5.00000
,,,-0.00052639999,0.24000,5.08000
,,,-0.00052619999,0.24000,5.08000
,,,-0.00052599999,0.16000,5.08000
,,,-0.00052579999,0.24000,5.04000
,,,-0.00052559999,0.16000,5.04000
,,,-0.00052539998,0.16000,5.04000
,,,-0.00052519998,0.16000,5.04000
,,,-0.00052499998,0.16000,5.08000
,,,-0.00052479998,0.24000,5.04000
,,,-0.00052459998,0.16000,5.04000
,,,-0.00052440003,0.16000,5.08000
,,,-0.00052420003,0.24000,5.08000
,,,-0.00052400003,0.24000,5.04000
,,,-0.00052380003,0.16000,5.04000
,,,-0.00052360003,0.24000,5.04000
,,,-0.00052340003,0.16000,5.04000
,,,-0.00052320003,0.16000,5.08000
,,,-0.00052300002,0.16000,5.08000
,,,-0.00052280002,0.24000,5.04000
,,,-0.00052260002,0.24000,5.08000
,,,-0.00052240002,0.16000,5.04000
,,,-0.00052220002,0.16000,5.04000
,,,-0.00052200002,0.16000,5.04000
,,,-0.00052180002,0.16000,5.04000
,,,-0.00052160001,0.16000,5.04000
,,,-0.00052140001,0.16000,5.04000
,,,-0.00052120001,0.24000,5.08000
,,,-0.00052100001,0.16000,5.08000
,,,-0.00052080001,0.24000,5.04000
,,,-0.00052060001,0.16000,5.08000
,,,-0.00052040000,0.16000,5.08000
,,,-0.00052020000,0.24000,5.08000
,,,-0.00052000000,0.16000,5.04000
,,,-0.00051980000,0.16000,5.08000
,,,-0.00051960000,0.16000,5.04000
,,,-0.00051940000,0.24000,5.04000
,,,-0.00051920000,0.16000,5.04000
,,,-0.00051899999,0.16000,5.08000
,,,-0.00051879999,0.16000,5.08000
,,,-0.00051859999,0.16000,5.04000
,,,-0.00051839999,0.16000,5.04000
,,,-0.00051819999,0.24000,5.04000
,,,-0.00051799999,0.24000,5.04000
,,,-0.00051779998,0.16000,5.08000
,,,-0.00051759998,0.24000,5.04000
,,,-0.00051739998,0.24000,5.04000
,,,-0.00051719998,0.24000,5.04000
,,,-0.00051699998,0.24000,5.04000
,,,-0.00051679998,0.24000,5.04000
,,,-0.00051660003,0.24000,5.04000
,,,-0.00051640003,0.16000,5.04000
,,,-0.00051620003,0.16000,5.04000
,,,-0.00051600003,0.16000,5.08000
,,,-0.00051580003,0.16000,5.04000
,,,-0.00051560003,0.16000,5.04000
,,,-0.00051540002,0.16000,5.00000
,,,-0.00051520002,0.16000,5.04000
,,,-0.00051500002,0.16000,5.08000
,,,-0.00051480002,0.16000,5.04000
,,,-0.00051460002,0.16000,5.04000
,,,-0.00051440002,0.24000,5.04000
,,,-0.00051420002,0.16000,5.04000
,,,-0.00051400001,0.24000,5.00000
,,,-0.00051380001,0.24000,5.04000
,,,-0.00051360001,0.24000,5.04000
,,,-0.00051340001,0.24000,5.04000
,,,-0.00051320001,0.24000,5.08000
,,,-0.00051300001,0.24000,5.08000
,,,-0.00051280000,0.16000,5.08000
,,,-0.00051260000,0.16000,5.04000
,,,-0.00051240000,0.24000,5.08000
,,,-0.00051220000,0.16000,5.08000
,,,-0.00051200000,0.16000,5.08000
,,,-0.00051180000,0.16000,5.04000
,,,-0.00051160000,0.16000,5.04000
,,,-0.00051139999,0.16000,5.04000
,,,-0.00051119999,0.16000,5.04000
,,,-0.00051099999,0.16000,5.08000
,,,-0.00051079999,0.16000,5.04000
,,,-0.00051059999,0.24000,5.04000
,,,-0.00051039999,0.16000,5.04000
,,,-0.00051019999,0.24000,5.04000
,,,-0.00050999998,0.16000,5.08000
,,,-0.00050979998,0.16000,5.04000
,,,-0.00050959998,0.16000,5.04000
,,,-0.00050939998,0.16000,5.08000
,,,-0.00050919998,0.24000,5.08000
,,,-0.00050900003,0.08000,5.04000
,,,-0.00050880003,0.16000,5.08000
,,,-0.00050860003,0.16000,5.04000
,,,-0.00050840003,0.16000,5.04000
,,,-0.00050820003,0.16000,5.04000
,,,-0.00050800003,0.16000,5.04000
,,,-0.00050780002,0.16000,5.04000
,,,-0.00050760002,0.16000,5.04000
,,,-0.00050740002,0.24000,5.04000
,,,-0.00050720002,0.16000,5.04000
,,,-0.00050700002,0.16000,5.04000
,,,-0.00050680002,0.16000,5.04000
,,,-0.00050660002,0.16000,5.04000
,,,-0.00050640001,0.24000,5.04000
,,,-0.00050620001,0.16000,5.04000
,,,-0.00050600001,0.16000,5.04000
,,,-0.00050580001,0.16000,5.08000
,,,-0.00050560001,0.16000,5.08000
,,,-0.00050540001,0.16000,5.04000
,,,-0.00050520001,0.24000,5.04000
,,,-0.00050500000,0.16000,5.08000
,,,-0.00050480000,0.24000,5.04000
,,,-0.00050460000,0.16000,5.04000
,,,-0.00050440000,0.16000,5.04000
,,,-0.00050420000,0.24000,5.08000
,,,-0.00050400000,0.24000,5.04000
,,,-0.00050379999,0.24000,5.04000
,,,-0.00050359999,0.16000,5.08000
,,,-0.00050339999,0.24000,5.04000
,,,-0.00050319999,0.24000,5.04000
,,,-0.00050299999,0.16000,5.04000
,,,-0.00050279999,0.16000,5.08000
,,,-0.00050259999,0.16000,5.04000
,,,-0.00050239998,0.16000,5.04000
,,,-0.00050219998,0.16000,5.04000
,,,-0.00050199998,0.24000,5.04000
,,,-0.00050179998,0.16000,5.04000
,,,-0.00050159998,0.24000,5.04000
,,,-0.00050140003,0.16000,5.08000
,,,-0.00050120003,0.16000,5.08000
,,,-0.00050100003,0.16000,5.04000
,,,-0.00050080003,0.16000,5.04000
,,,-0.00050060003,0.16000,5.08000
,,,-0.00050040003,0.16000,5.04000
,,,-0.00050020003,0.16000,5.04000
,,,-0.00050000002,0.24000,5.04000
,,,-0.00049980002,0.24000,5.04000
,,,-0.00049960002,0.24000,5.08000
,,,-0.00049940002,0.24000,5.08000
,,,-0.00049920002,0.16000,5.04000
,,,-0.00049900002,0.16000,5.04000
,,,-0.00049880001,0.16000,5.04000
,,,-0.00049860001,0.24000,5.04000
,,,-0.00049840001,4.88000,0.12000
,,,-0.00049820001,4.80000,0.04000
,,,-0.00049800001,4.80000,0.04000
,,,-0.00049780001,4.80000,0.00
,,,-0.00049760001,4.80000,0.04000
,,,-0.00049740000,4.80000,0.04000
,,,-0.00049720000,4.80000,0.04000
,,,-0.00049700000,4.80000,0.04000
,,,-0.00049680000,4.80000,0.04000
,,,-0.00049660000,4.72000,0.04000
,,,-0.00049640000,4.72000,0.08000
,,,-0.00049619999,4.64000,0.04000
,,,-0.00049599999,4.64000,0.08000
,,,-0.00049579999,4.64000,0.04000
,,,-0.00049559999,4.64000,0.04000
,,,-0.00049539999,4.56000,0.08000
,,,-0.00049519999,4.56000,0.04000
,,,-0.00049499999,4.56000,0.04000
,,,-0.00049479998,4.56000,0.08000
,,,-0.00049459998,4.56000,0.08000
,,,-0.00049439998,4.56000,0.08000
,,,-0.00049419998,4.56000,0.04000
,,,-0.00049399998,4.56000,0.08000
,,,-0.00049380003,4.56000,0.08000
,,,-0.00049360003,4.56000,0.08000
,,,-0.00049340003,4.56000,0.08000
,,,-0.00049320003,4.56000,0.08000
,,,-0.00049300003,4.48000,0.12000
,,,-0.00049280003,4.48000,0.12000
,,,-0.00049260003,4.48000,0.08000
,,,-0.00049240002,4.48000,0.12000
,,,-0.00049220002,4.48000,0.08000
,,,-0.00049200002,4.48000,0.12000
,,,-0.00049180002,4.48000,0.08000
,,,-0.00049160002,4.48000,0.12000
,,,-0.00049140002,4.40000,0.04000
,,,-0.00049120001,4.40000,0.12000
,,,-0.00049100001,4.40000,0.12000
,,,-0.00049080001,4.40000,0.12000
,,,-0.00049060001,4.40000,0.12000
,,,-0.00049040001,4.32000,0.12000
,,,-0.00049020001,4.40000,0.12000
,,,-0.00049000001,4.32000,0.12000
,,,-0.00048980000,4.32000,0.12000
,,,-0.00048960000,4.32000,0.12000
,,,-0.00048940000,4.24000,0.12000
,,,-0.00048920000,4.32000,0.12000
,,,-0.00048900000,4.24000,0.08000
,,,-0.00048880000,4.24000,0.12000
,,,-0.00048860000,4.24000,0.12000
,,,-0.00048839999,4.24000,0.08000
,,,-0.00048819999,4.24000,0.12000
,,,-0.00048800002,4.24000,0.12000
,,,-0.00048780002,4.24000,0.08000
,,,-0.00048760002,4.16000,0.08000
,,,-0.00048740002,4.24000,0.08000
,,,-0.00048720001,4.24000,0.12000
,,,-0.00048700001,4.16000,0.12000
,,,-0.00048680001,4.16000,0.08000
,,,-0.00048660001,4.16000,0.08000
,,,-0.00048640001,4.16000,0.08000
,,,-0.00048620001,4.16000,0.08000
,,,-0.00048600000,4.16000,0.12000
,,,-0.00048580000,4.16000,0.12000
,,,-0.00048560000,4.16000,0.08000
,,,-0.00048540000,4.16000,0.08000
,,,-0.00048520000,4.16000,0.08000
,,,-0.00048500000,4.08000,0.12000
,,,-0.00048480000,4.08000,0.08000
,,,-0.00048459999,4.16000,0.12000
,,,-0.00048439999,4.08000,0.04000
,,,-0.00048420002,4.08000,0.08000
,,,-0.00048400002,4.16000,0.12000
,,,-0.00048380002,4.16000,0.04000
,,,-0.00048360002,4.08000,0.08000
,,,-0.00048340001,4.08000,0.08000
,,,-0.00048320001,4.08000,0.08000
,,,-0.00048300001,4.00000,0.12000
,,,-0.00048280001,4.00000,0.12000
,,,-0.00048260001,4.08000,0.12000
,,,-0.00048240001,4.08000,0.12000
,,,-0.00048220000,4.00000,0.12000
,,,-0.00048200000,4.00000,0.12000
,,,-0.00048180000,4.00000,0.12000
,,,-0.00048160000,4.00000,0.12000
,,,-0.00048140000,4.00000,0.08000
,,,-0.00048120000,4.00000,0.12000
,,,-0.00048100000,4.00000,0.08000
,,,-0.00048079999,4.00000,0.04000
,,,-0.00048059999,4.00000,0.08000
,,,-0.00048040002,4.00000,0.12000
,,,-0.00048020002,3.92000,0.08000
,,,-0.00048000002,4.00000,0.08000
,,,-0.00047980002,4.00000,0.12000
,,,-0.00047960001,4.08000,0.08000
,,,-0.00047940001,4.00000,0.12000
,,,-0.00047920001,4.00000,0.12000
,,,-0.00047900001,3.92000,0.04000
,,,-0.00047880001,3.92000,0.08000
,,,-0.00047860001,3.92000,0.12000
,,,-0.00047840000,4.00000,0.12000
,,,-0.00047820000,4.00000,0.12000
,,,-0.00047800000,4.00000,0.08000
,,,-0.00047780000,3.92000,0.08000
,,,-0.00047760000,3.92000,0.08000
,,,-0.00047740000,3.92000,0.12000
,,,-0.00047720000,3.92000,0.12000
,,,-0.00047699999,3.92000,0.12000
,,,-0.00047679999,4.00000,0.08000
,,,-0.00047659999,4.00000,0.08000
,,,-0.00047640002,3.92000,0.08000
,,,-0.00047620002,4.00000,0.04000
,,,-0.00047600002,4.00000,0.12000
,,,-0.00047580001,3.92000,0.08000
,,,-0.00047560001,3.92000,0.12000
,,,-0.00047540001,3.92000,0.12000
,,,-0.00047520001,3.92000,0.08000
,,,-0.00047500001,4.00000,0.12000
,,,-0.00047480001,3.92000,0.08000
,,,-0.00047460000,3.92000,0.08000
,,,-0.00047440000,4.00000,0.08000
,,,-0.00047420000,4.00000,0.08000
,,,-0.00047400000,4.00000,0.08000
,,,-0.00047380000,4.00000,0.08000
,,,-0.00047360000,4.00000,0.08000
,,,-0.00047340000,4.00000,0.08000
,,,-0.00047319999,4.00000,0.08000
,,,-0.00047299999,3.92000,0.12000
,,,-0.00047279999,4.00000,0.12000
,,,-0.00047260002,3.92000,0.08000
,,,-0.00047240002,4.00000,0.12000
,,,-0.00047220002,4.00000,0.12000
,,,-0.00047200001,3.92000,0.12000
,,,-0.00047180001,3.92000,0.08000
,,,-0.00047160001,4.00000,0.12000
,,,-0.00047140001,4.00000,0.08000
,,,-0.00047120001,4.00000,0.12000
,,,-0.00047100001,4.00000,0.08000
,,,-0.00047080001,4.08000,0.08000
,,,-0.00047060000,3.92000,0.04000
,,,-0.00047040000,4.00000,0.08000
,,,-0.00047020000,4.00000,0.12000
,,,-0.00047000000,4.00000,0.12000
,,,-0.00046980000,3.92000,0.12000
,,,-0.00046960000,4.00000,0.04000
,,,-0.00046939999,3.92000,0.08000
,,,-0.00046919999,3.92000,0.12000
,,,-0.00046899999,3.92000,0.12000
,,,-0.00046880002,4.00000,0.12000
,,,-0.00046860002,3.92000,0.12000
,,,-0.00046840002,3.92000,0.04000
,,,-0.00046820001,4.00000,0.08000
,,,-0.00046800001,4.00000,0.12000
,,,-0.00046780001,3.92000,0.08000
,,,-0.00046760001,4.00000,0.08000
,,,-0.00046740001,4.00000,0.08000
,,,-0.00046720001,4.00000,0.08000
,,,-0.00046700001,4.00000,0.12000
,,,-0.00046680000,4.00000,0.08000
,,,-0.00046660000,3.92000,0.08000
,,,-0.00046640000,4.00000,0.12000
,,,-0.00046620000,4.00000,0.12000
,,,-0.00046600000,3.92000,0.08000
,,,-0.00046580000,4.00000,0.12000
,,,-0.00046559999,3.92000,0.08000
,,,-0.00046539999,3.92000,0.12000
,,,-0.00046519999,4.00000,0.08000
,,,-0.00046500002,4.00000,0.08000
,,,-0.00046480002,4.00000,0.08000
,,,-0.00046460002,4.00000,0.08000
,,,-0.00046440001,3.92000,0.12000
,,,-0.00046420001,4.00000,0.04000
,,,-0.00046400001,4.00000,0.12000
,,,-0.00046380001,4.00000,0.08000
,,,-0.00046360001,4.00000,0.12000
,,,-0.00046340001,4.00000,0.08000
,,,-0.00046320001,4.00000,0.08000
,,,-0.00046300000,3.92000,0.12000
,,,-0.00046280000,3.92000,0.12000
,,,-0.00046260000,4.00000,0.08000
,,,-0.00046240000,4.00000,0.12000
,,,-0.00046220000,4.00000,0.12000
,,,-0.00046200000,3.92000,0.08000
,,,-0.00046179999,3.92000,0.12000
,,,-0.00046159999,4.00000,0.08000
,,,-0.00046139999,3.92000,0.12000
,,,-0.00046120002,4.00000,0.08000
,,,-0.00046100002,4.00000,0.04000
,,,-0.00046080002,4.00000,0.12000
,,,-0.00046060001,4.00000,0.08000
,,,-0.00046040001,4.00000,0.08000
,,,-0.00046020001,4.00000,0.08000
,,,-0.00046000001,4.00000,0.08000
,,,-0.00045980001,3.92000,0.12000
,,,-0.00045960001,4.00000,0.12000
,,,-0.00045940001,4.00000,0.12000
,,,-0.00045920000,3.92000,0.12000
,,,-0.00045900000,4.00000,0.12000
,,,-0.00045880000,3.92000,0.12000
,,,-0.00045860000,3.92000,0.08000
,,,-0.00045840000,4.00000,0.08000
,,,-0.00045820000,4.00000,0.08000
,,,-0.00045799999,4.00000,0.08000
,,,-0.00045779999,4.00000,0.12000
,,,-0.00045759999,3.92000,0.12000
,,,-0.00045740002,4.00000,0.08000
,,,-0.00045720002,3.92000,0.12000
,,,-0.00045700002,4.00000,0.08000
,,,-0.00045680001,4.00000,0.08000
,,,-0.00045660001,4.00000,0.12000
,,,-0.00045640001,4.00000,0.12000
,,,-0.00045620001,3.92000,0.12000
,,,-0.00045600001,4.00000,0.12000
,,,-0.00045580001,3.92000,0.08000
,,,-0.00045560001,3.92000,0.08000
,,,-0.00045540000,3.92000,0.12000
,,,-0.00045520000,3.92000,0.12000
,,,-0.00045500000,4.00000,0.08000
,,,-0.00045480000,4.00000,0.08000
,,,-0.00045460000,3.92000,0.08000
,,,-0.00045440000,3.92000,0.08000
,,,-0.00045420000,4.00000,0.08000
,,,-0.00045399999,3.92000,0.12000
,,,-0.00045379999,3.92000,0.08000
,,,-0.00045360002,3.92000,0.12000
,,,-0.00045340002,4.00000,0.08000
,,,-0.00045320002,3.92000,0.12000
,,,-0.00045300002,4.00000,0.08000
,,,-0.00045280001,4.00000,0.12000
,,,-0.00045260001,3.92000,0.08000
,,,-0.00045240001,3.92000,0.08000
,,,-0.00045220001,4.00000,0.08000
,,,-0.00045200001,3.92000,0.04000
,,,-0.00045180001,3.92000,0.12000
,,,-0.00045160000,3.92000,0.12000
,,,-0.00045140000,3.92000,0.08000
,,,-0.00045120000,3.92000,0.12000
,,,-0.00045100000,4.00000,0.08000
,,,-0.00045080000,4.00000,0.08000
,,,-0.00045060000,3.92000,0.12000
,,,-0.00045040000,3.92000,0.12000
,,,-0.00045019999,3.92000,0.12000
,,,-0.00044999999,3.92000,0.08000
,,,-0.00044979999,4.00000,0.08000
,,,-0.00044960002,4.00000,0.12000
,,,-0.00044940002,4.00000,0.12000
,,,-0.00044920002,3.92000,0.08000
,,,-0.00044900001,4.00000,0.08000
,,,-0.00044880001,3.92000,0.08000
,,,-0.00044860001,4.00000,0.08000
,,,-0.00044840001,3.92000,0.12000
,,,-0.00044820001,4.00000,0.08000
,,,-0.00044800001,4.00000,0.08000
,,,-0.00044780000,3.92000,0.08000
,,,-0.00044760000,3.92000,0.08000
,,,-0.00044740000,3.92000,0.12000
,,,-0.00044720000,3.92000,0.08000
,,,-0.00044700000,4.00000,0.08000
,,,-0.00044680000,4.00000,0.08000
,,,-0.00044660000,4.00000,0.12000
,,,-0.00044639999,4.00000,0.08000
,,,-0.00044619999,3.92000,0.12000
,,,-0.00044599999,4.00000,0.04000
,,,-0.00044580002,3.92000,0.08000
,,,-0.00044560002,3.92000,0.08000
,,,-0.00044540002,4.00000,0.08000
,,,-0.00044520001,4.00000,0.08000
,,,-0.00044500001,4.00000,0.12000
,,,-0.00044480001,4.00000,0.08000
,,,-0.00044460001,4.00000,0.08000
,,,-0.00044440001,3.92000,0.08000
,,,-0.00044420001,4.00000,0.08000
,,,-0.00044400000,4.00000,0.12000
,,,-0.00044380000,4.00000,0.12000
,,,-0.00044360000,4.00000,0.12000
,,,-0.00044340000,4.00000,0.12000
,,,-0.00044320000,4.00000,0.12000
,,,-0.00044300000,3.92000,0.12000
,,,-0.00044280000,4.00000,0.08000
,,,-0.00044259999,3.92000,0.08000
,,,-0.00044239999,3.92000,0.08000
,,,-0.00044219999,3.92000,0.12000
,,,-0.00044200002,3.92000,0.12000
,,,-0.00044180002,4.00000,0.12000
,,,-0.00044160002,3.92000,0.08000
,,,-0.00044140001,4.00000,0.08000
,,,-0.00044120001,4.00000,0.12000
,,,-0.00044100001,4.00000,0.08000
,,,-0.00044080001,3.92000,0.12000
,,,-0.00044060001,4.00000,0.08000
,,,-0.00044040001,3.92000,0.08000
,,,-0.00044020000,3.92000,0.12000
,,,-0.00044000000,4.00000,0.04000
,,,-0.00043980000,3.92000,0.12000
,,,-0.00043960000,4.00000,0.08000
,,,-0.00043940000,4.00000,0.08000
,,,-0.00043920000,4.00000,0.12000
,,,-0.00043900000,4.00000,0.08000
,,,-0.00043879999,3.92000,0.08000
,,,-0.00043859999,3.92000,0.12000
,,,-0.00043839999,3.92000,0.12000
,,,-0.00043820002,3.92000,0.08000
,,,-0.00043800002,3.92000,0.12000
,,,-0.00043780002,4.00000,0.12000
,,,-0.00043760001,4.00000,0.12000
,,,-0.00043740001,4.00000,0.12000
,,,-0.00043720001,3.92000,0.08000
,,,-0.00043700001,3.92000,0.08000
,,,-0.00043680001,4.00000,0.08000
,,,-0.00043660001,3.92000,0.12000
,,,-0.00043640001,4.00000,0.12000
,,,-0.00043620000,4.00000,0.12000
,,,-0.00043600000,4.00000,0.12000
,,,-0.00043580000,3.92000,0.08000
,,,-0.00043560000,4.00000,0.12000
,,,-0.00043540000,4.00000,0.12000
,,,-0.00043520000,4.00000,0.12000
,,,-0.00043499999,3.92000,0.12000
,,,-0.00043479999,3.92000,0.08000
,,,-0.00043459999,4.00000,0.12000
,,,-0.00043440002,4.00000,0.08000
,,,-0.00043420002,3.92000,0.12000
,,,-0.00043400002,4.00000,0.08000
,,,-0.00043380001,4.00000,0.12000
,,,-0.00043360001,4.00000,0.12000
,,,-0.00043340001,4.00000,0.12000
,,,-0.00043320001,4.00000,0.08000
,,,-0.00043300001,3.92000,0.12000
,,,-0.00043280001,3.92000,0.12000
,,,-0.00043260001,4.00000,0.12000
,,,-0.00043240000,4.00000,0.12000
,,,-0.00043220000,3.92000,0.08000
,,,-0.00043200000,4.00000,0.08000
,,,-0.00043180000,3.92000,0.12000
,,,-0.00043160000,4.00000,0.08000
,,,-0.00043140000,4.00000,0.12000
,,,-0.00043119999,4.00000,0.08000
,,,-0.00043099999,3.92000,0.08000
,,,-0.00043079999,3.92000,0.08000
,,,-0.00043060002,3.92000,0.04000
,,,-0.00043040002,4.00000,0.04000
,,,-0.00043020002,4.00000,0.08000
,,,-0.00043000001,3.92000,0.08000
,,,-0.00042980001,3.92000,0.04000
,,,-0.00042960001,3.92000,0.08000
,,,-0.00042940001,4.00000,0.04000
,,,-0.00042920001,3.92000,0.08000
,,,-0.00042900001,3.92000,0.08000
,,,-0.00042880001,4.00000,0.08000
,,,-0.00042860000,3.92000,0.08000
,,,-0.00042840000,3.92000,0.12000
,,,-0.00042820000,3.92000,0.08000
,,,-0.00042800000,3.92000,0.12000
,,,-0.00042780000,4.00000,0.12000
,,,-0.00042760000,3.92000,0.12000
,,,-0.00042739999,4.00000,0.12000
,,,-0.00042719999,3.92000,0.12000
,,,-0.00042699999,4.00000,0.08000
,,,-0.00042680002,4.00000,0.08000
,,,-0.00042660002,4.00000,0.08000
,,,-0.00042640002,4.00000,0.12000
,,,-0.00042620001,3.92000,0.12000
,,,-0.00042600001,4.00000,0.08000
,,,-0.00042580001,3.92000,0.12000
,,,-0.00042560001,3.92000,0.12000
,,,-0.00042540001,4.00000,0.08000
,,,-0.00042520001,3.92000,0.08000
,,,-0.00042500001,4.00000,0.08000
,,,-0.00042480000,4.00000,0.04000
,,,-0.00042460000,3.92000,0.08000
,,,-0.00042440000,3.92000,0.08000
,,,-0.00042420000,4.00000,0.12000
,,,-0.00042400000,4.00000,0.08000
,,,-0.00042380000,4.00000,0.12000
,,,-0.00042359999,4.00000,0.12000
,,,-0.00042339999,3.92000,0.12000
,,,-0.00042319999,4.00000,0.08000
,,,-0.00042299999,4.00000,0.08000
,,,-0.00042280002,3.92000,0.12000
,,,-0.00042260002,3.92000,0.12000
,,,-0.00042240001,4.00000,0.08000
,,,-0.00042220001,3.92000,0.12000
,,,-0.00042200001,4.00000,0.12000
,,,-0.00042180001,3.92000,0.08000
,,,-0.00042160001,3.92000,0.08000
,,,-0.00042140001,4.00000,0.08000
,,,-0.00042120001,3.92000,0.12000
,,,-0.00042100000,4.00000,0.08000
,,,-0.00042080000,4.00000,0.08000
,,,-0.00042060000,4.00000,0.08000
,,,-0.00042040000,4.00000,0.08000
,,,-0.00042020000,4.00000,0.12000
,,,-0.00042000000,3.92000,0.08000
,,,-0.00041980000,3.92000,0.08000
,,,-0.00041959999,3.92000,0.08000
,,,-0.00041939999,4.00000,0.12000
,,,-0.00041919999,3.92000,0.12000
,,,-0.00041900002,3.92000,0.08000
,,,-0.00041880002,3.92000,0.08000
,,,-0.00041860002,3.92000,0.12000
,,,-0.00041840001,3.92000,0.08000
,,,-0.00041820001,4.00000,0.08000
,,,-0.00041800001,3.92000,0.08000
,,,-0.00041780001,4.00000,0.04000
,,,-0.00041760001,3.92000,0.08000
,,,-0.00041740001,4.00000,0.08000
,,,-0.00041720000,4.00000,0.08000
,,,-0.00041700000,3.92000,0.08000
,,,-0.00041680000,4.00000,0.08000
,,,-0.00041660000,4.00000,0.12000
,,,-0.00041640000,3.92000,0.12000
,,,-0.00041620000,3.92000,0.08000
,,,-0.00041600000,3.92000,0.12000
,,,-0.00041579999,3.92000,0.12000
,,,-0.00041559999,3.92000,0.12000
,,,-0.00041539999,3.92000,0.12000
,,,-0.00041520002,4.00000,0.12000
,,,-0.00041500002,3.92000,0.08000
,,,-0.00041480002,3.92000,0.12000
,,,-0.00041460001,4.00000,0.04000
,,,-0.00041440001,4.00000,0.08000
,,,-0.00041420001,4.00000,0.12000
,,,-0.00041400001,4.00000,0.08000
,,,-0.00041380001,4.00000,0.12000
,,,-0.00041360001,4.00000,0.08000
,,,-0.00041340000,3.92000,0.08000
,,,-0.00041320000,4.00000,0.12000
,,,-0.00041300000,3.92000,0.08000
,,,-0.00041280000,4.00000,0.08000
,,,-0.00041260000,3.92000,0.12000
,,,-0.00041240000,3.92000,0.08000
,,,-0.00041220000,3.92000,0.04000
,,,-0.00041199999,4.00000,0.04000
,,,-0.00041179999,4.00000,0.08000
,,,-0.00041159999,4.00000,0.12000
,,,-0.00041140002,3.92000,0.08000
,,,-0.00041120002,4.00000,0.08000
,,,-0.00041100002,3.92000,0.08000
,,,-0.00041080001,4.00000,0.12000
,,,-0.00041060001,3.92000,0.08000
,,,-0.00041040001,4.00000,0.12000
,,,-0.00041020001,4.00000,0.12000
,,,-0.00041000001,3.92000,0.08000
,,,-0.00040980001,3.92000,0.12000
,,,-0.00040960000,4.00000,0.08000
,,,-0.00040940000,3.92000,0.12000
,,,-0.00040920000,4.00000,0.08000
,,,-0.00040900000,4.00000,0.08000
,,,-0.00040880000,4.00000,0.12000
,,,-0.00040860000,3.92000,0.08000
,,,-0.00040840000,3.92000,0.08000
,,,-0.00040819999,3.92000,0.12000
,,,-0.00040799999,4.00000,0.08000
,,,-0.00040779999,4.00000,0.08000
,,,-0.00040760002,4.00000,0.12000
,,,-0.00040740002,4.00000,0.08000
,,,-0.00040720002,4.00000,0.08000
,,,-0.00040700001,3.92000,0.08000
,,,-0.00040680001,3.92000,0.12000
,,,-0.00040660001,4.00000,0.08000
,,,-0.00040640001,4.00000,0.08000
,,,-0.00040620001,3.92000,0.04000
,,,-0.00040600001,3.92000,0.08000
,,,-0.00040580000,3.92000,0.12000
,,,-0.00040560000,3.92000,0.08000
,,,-0.00040540000,3.92000,0.08000
,,,-0.00040520000,4.00000,0.08000
,,,-0.00040500000,4.00000,0.08000
,,,-0.00040480000,4.00000,0.12000
,,,-0.00040460000,4.00000,0.12000
,,,-0.00040439999,4.00000,0.12000
,,,-0.00040419999,4.00000,0.08000
,,,-0.00040399999,4.00000,0.08000
,,,-0.00040380002,4.00000,0.08000
,,,-0.00040360002,4.00000,0.08000
,,,-0.00040340002,3.92000,0.08000
,,,-0.00040320001,4.00000,0.08000
,,,-0.00040300001,4.00000,0.08000
,,,-0.00040280001,4.00000,0.08000
,,,-0.00040260001,3.92000,0.08000
,,,-0.00040240001,3.92000,0.12000
,,,-0.00040220001,3.92000,0.08000
,,,-0.00040200001,3.92000,0.08000
,,,-0.00040180000,4.00000,0.12000
,,,-0.00040160000,3.92000,0.08000
,,,-0.00040140000,3.92000,0.12000
,,,-0.00040120000,3.92000,0.12000
,,,-0.00040100000,4.00000,0.08000
,,,-0.00040080000,3.92000,0.08000
,,,-0.00040059999,4.00000,0.12000
,,,-0.00040039999,3.92000,0.12000
,,,-0.00040019999,3.92000,0.12000
,,,-0.00040000002,4.00000,0.04000
,,,-0.00039980002,4.00000,0.12000
,,,-0.00039960002,4.00000,0.08000
,,,-0.00039940001,3.92000,0.12000
,,,-0.00039920001,3.92000,0.12000
,,,-0.00039900001,3.92000,0.12000
,,,-0.00039880001,4.00000,0.08000
,,,-0.00039860001,3.92000,0.12000
,,,-0.00039840001,3.92000,0.08000
,,,-0.00039820001,4.00000,0.04000
,,,-0.00039800000,3.92000,0.08000
,,,-0.00039780000,4.00000,0.12000
,,,-0.00039760000,4.00000,0.08000
,,,-0.00039740000,3.92000,0.08000
,,,-0.00039720000,4.00000,0.08000
,,,-0.00039700000,4.00000,0.12000
,,,-0.00039679999,3.92000,0.04000
,,,-0.00039659999,4.00000,0.08000
,,,-0.00039639999,4.00000,0.08000
,,,-0.00039620002,4.00000,0.12000
,,,-0.00039600002,3.92000,0.04000
,,,-0.00039580002,3.92000,0.12000
,,,-0.00039560001,3.92000,0.12000
,,,-0.00039540001,3.92000,0.08000
,,,-0.00039520001,4.00000,0.12000
,,,-0.00039500001,3.92000,0.12000
,,,-0.00039480001,3.92000,0.08000
,,,-0.00039460001,4.00000,0.08000
,,,-0.00039440001,4.00000,0.08000
,,,-0.00039420000,3.92000,0.04000
,,,-0.00039400000,4.00000,0.08000
,,,-0.00039380000,3.92000,0.12000
,,,-0.00039360000,3.92000,0.08000
,,,-0.00039340000,4.00000,0.08000
,,,-0.00039320000,4.00000,0.12000
,,,-0.00039299999,4.00000,0.12000
,,,-0.00039279999,4.00000,0.08000
,,,-0.00039259999,4.00000,0.12000
,,,-0.00039239999,3.92000,0.12000
,,,-0.00039220002,3.92000,0.12000
,,,-0.00039200002,4.00000,0.08000
,,,-0.00039180001,4.00000,0.12000
,,,-0.00039160001,3.92000,0.08000
,,,-0.00039140001,3.92000,0.08000
,,,-0.00039120001,4.00000,0.08000
,,,-0.00039100001,3.92000,0.08000
,,,-0.00039080001,3.92000,0.12000
,,,-0.00039060001,4.00000,0.08000
,,,-0.00039040000,4.00000,0.04000
,,,-0.00039020000,3.92000,0.08000
,,,-0.00039000000,4.00000,0.12000
,,,-0.00038980000,4.00000,0.12000
,,,-0.00038960000,3.92000,0.08000
,,,-0.00038940000,4.00000,0.12000
,,,-0.00038919999,4.00000,0.08000
,,,-0.00038899999,4.00000,0.08000
,,,-0.00038879999,4.00000,0.12000
,,,-0.00038859999,3.92000,0.08000
,,,-0.00038840002,4.00000,0.08000
,,,-0.00038820002,3.92000,0.04000
,,,-0.00038800001,3.92000,0.12000
,,,-0.00038780001,4.00000,0.12000
,,,-0.00038760001,4.00000,0.12000
,,,-0.00038740001,3.92000,0.12000
,,,-0.00038720001,4.00000,0.12000
,,,-0.00038700001,3.92000,0.04000
,,,-0.00038680001,4.00000,0.08000
,,,-0.00038660000,3.92000,0.12000
,,,-0.00038640000,4.00000,0.08000
,,,-0.00038620000,4.00000,0.12000
,,,-0.00038600000,4.00000,0.12000
,,,-0.00038580000,4.00000,0.08000
,,,-0.00038560000,4.00000,0.12000
,,,-0.00038540000,3.92000,0.12000
,,,-0.00038519999,4.00000,0.12000
,,,-0.00038499999,4.00000,0.08000
,,,-0.00038479999,4.00000,0.12000
,,,-0.00038460002,4.00000,0.08000
,,,-0.00038440002,4.00000,0.08000
,,,-0.00038420002,3.92000,0.12000
,,,-0.00038400001,4.00000,0.08000
,,,-0.00038380001,4.00000,0.12000
,,,-0.00038360001,4.00000,0.08000
,,,-0.00038340001,4.00000,0.08000
,,,-0.00038320001,4.00000,0.12000
,,,-0.00038300001,4.00000,0.12000
,,,-0.00038280000,4.00000,0.08000
,,,-0.00038260000,3.92000,0.12000
,,,-0.00038240000,4.00000,0.08000
,,,-0.00038220000,3.92000,0.12000
,,,-0.00038200000,3.92000,0.12000
,,,-0.00038180000,3.92000,0.12000
,,,-0.00038160000,4.00000,0.12000
,,,-0.00038139999,3.92000,0.08000
,,,-0.00038119999,4.00000,0.12000
,,,-0.00038099999,3.92000,0.12000
,,,-0.00038080002,4.00000,0.08000
,,,-0.00038060002,4.00000,0.12000
,,,-0.00038040002,4.00000,0.12000
,,,-0.00038020001,4.00000,0.08000
,,,-0.00038000001,4.00000,0.08000
,,,-0.00037980001,4.00000,0.08000
,,,-0.00037960001,4.00000,0.08000
,,,-0.00037940001,3.92000,0.12000
,,,-0.00037920001,4.00000,0.12000
,,,-0.00037900000,4.00000,0.12000
,,,-0.00037880000,4.00000,0.12000
,,,-0.00037860000,4.00000,0.12000
,,,-0.00037840000,4.00000,0.12000
,,,-0.00037820000,4.00000,0.04000
,,,-0.00037800000,3.92000,0.12000
,,,-0.00037780000,4.00000,0.12000
,,,-0.00037759999,3.92000,0.12000
,,,-0.00037739999,3.92000,0.12000
,,,-0.00037719999,4.00000,0.12000
,,,-0.00037700002,4.00000,0.12000
,,,-0.00037680002,4.00000,0.12000
,,,-0.00037660002,4.00000,0.08000
,,,-0.00037640001,4.00000,0.08000
,,,-0.00037620001,4.00000,0.12000
,,,-0.00037600001,3.92000,0.12000
,,,-0.00037580001,4.00000,0.08000
,,,-0.00037560001,3.92000,0.04000
,,,-0.00037540001,3.92000,0.08000
,,,-0.00037520000,3.92000,0.12000
,,,-0.00037500000,3.92000,0.12000
,,,-0.00037480000,4.00000,0.12000
,,,-0.00037460000,3.92000,0.08000
,,,-0.00037440000,4.00000,0.12000
,,,-0.00037420000,3.92000,0.12000
,,,-0.00037400000,3.92000,0.08000
,,,-0.00037379999,4.00000,0.08000
,,,-0.00037359999,3.92000,0.08000
,,,-0.00037339999,3.92000,0.04000
,,,-0.00037320002,3.92000,0.08000
,,,-0.00037300002,4.00000,0.12000
,,,-0.00037280002,4.00000,0.08000
,,,-0.00037260001,4.00000,0.12000
,,,-0.00037240001,3.92000,0.08000
,,,-0.00037220001,3.92000,0.08000
,,,-0.00037200001,3.92000,0.12000
,,,-0.00037180001,4.00000,0.08000
,,,-0.00037160001,4.00000,0.08000
,,,-0.00037140000,3.92000,0.12000
,,,-0.00037120000,4.00000,0.08000
,,,-0.00037100000,4.00000,0.12000
,,,-0.00037080000,3.92000,0.12000
,,,-0.00037060000,4.00000,0.08000
,,,-0.00037040000,4.00000,0.08000
,,,-0.00037020000,4.00000,0.08000
,,,-0.00036999999,4.00000,0.12000
,,,-0.00036979999,4.00000,0.08000
,,,-0.00036959999,4.00000,0.08000
,,,-0.00036940002,4.00000,0.12000
,,,-0.00036920002,4.00000,0.08000
,,,-0.00036900002,4.00000,0.08000
,,,-0.00036880001,4.00000,0.08000
,,,-0.00036860001,3.92000,0.12000
,,,-0.00036840001,3.92000,0.08000
,,,-0.00036820001,3.92000,0.08000
,,,-0.00036800001,3.92000,0.08000
,,,-0.00036780001,4.00000,0.08000
,,,-0.00036760001,4.00000,0.08000
,,,-0.00036740000,3.92000,0.08000
,,,-0.00036720000,3.92000,0.12000
,,,-0.00036700000,4.00000,0.12000
,,,-0.00036680000,4.00000,0.12000
,,,-0.00036660000,3.92000,0.08000
,,,-0.00036640000,3.92000,0.08000
,,,-0.00036619999,4.00000,0.12000
,,,-0.00036599999,4.00000,0.08000
,,,-0.00036579999,4.00000,0.08000
,,,-0.00036559999,3.92000,0.08000
,,,-0.00036540002,4.00000,0.08000
,,,-0.00036520002,4.00000,0.08000
,,,-0.00036500001,3.92000,0.12000
,,,-0.00036480001,4.00000,0.08000
,,,-0.00036460001,4.00000,0.12000
,,,-0.00036440001,4.00000,0.08000
,,,-0.00036420001,4.00000,0.12000
,,,-0.00036400001,4.00000,0.08000
,,,-0.00036380001,3.92000,0.08000
,,,-0.00036360000,4.00000,0.08000
,,,-0.00036340000,4.00000,0.08000
,,,-0.00036320000,3.92000,0.08000
,,,-0.00036300000,4.00000,0.08000
,,,-0.00036280000,4.00000,0.08000
,,,-0.00036260000,3.92000,0.12000
,,,-0.00036239999,3.92000,0.08000
,,,-0.00036219999,4.00000,0.12000
,,,-0.00036199999,3.92000,0.12000
,,,-0.00036179999,3.92000,0.12000
,,,-0.00036160002,3.92000,0.08000
,,,-0.00036140002,4.00000,0.12000
,,,-0.00036120001,4.00000,0.12000
,,,-0.00036100001,3.92000,0.12000
,,,-0.00036080001,4.00000,0.08000
,,,-0.00036060001,4.00000,0.04000
,,,-0.00036040001,3.92000,0.04000
,,,-0.00036020001,4.00000,0.12000
,,,-0.00036000001,4.00000,0.12000
,,,-0.00035980000,4.00000,0.12000
,,,-0.00035960000,3.92000,0.08000
,,,-0.00035940000,4.00000,0.08000
,,,-0.00035920000,3.92000,0.08000
,,,-0.00035900000,4.00000,0.12000
,,,-0.00035880000,3.92000,0.12000
,,,-0.00035859999,4.00000,0.12000
,,,-0.00035839999,3.92000,0.08000
,,,-0.00035819999,3.92000,0.12000
,,,-0.00035799999,3.92000,0.12000
,,,-0.00035780002,3.92000,0.08000
,,,-0.00035760002,4.00000,0.12000
,,,-0.00035740001,4.00000,0.04000
,,,-0.00035720001,4.00000,0.08000
,,,-0.00035700001,4.00000,0.04000
,,,-0.00035680001,4.00000,0.08000
,,,-0.00035660001,4.00000,0.08000
,,,-0.00035640001,4.00000,0.12000
,,,-0.00035620001,4.00000,0.08000
,,,-0.00035600000,4.00000,0.12000
,,,-0.00035580000,3.92000,0.12000
,,,-0.00035560000,3.92000,0.12000
,,,-0.00035540000,4.00000,0.08000
,,,-0.00035520000,4.00000,0.12000
,,,-0.00035500000,3.92000,0.08000
,,,-0.00035479999,4.00000,0.08000
,,,-0.00035459999,4.00000,0.08000
,,,-0.00035439999,4.00000,0.08000
,,,-0.00035419999,4.00000,0.08000
,,,-0.00035400002,4.00000,0.08000
,,,-0.00035380002,4.00000,0.08000
,,,-0.00035360001,3.92000,0.08000
,,,-0.00035340001,4.00000,0.08000
,,,-0.00035320001,3.92000,0.12000
,,,-0.00035300001,4.00000,0.08000
,,,-0.00035280001,4.00000,0.08000
,,,-0.00035260001,3.92000,0.08000
,,,-0.00035240001,3.92000,0.08000
,,,-0.00035220000,3.92000,0.12000
,,,-0.00035200000,3.92000,0.12000
,,,-0.00035180000,3.92000,0.12000
,,,-0.00035160000,4.00000,0.12000
,,,-0.00035140000,4.00000,0.12000
,,,-0.00035120000,3.92000,0.08000
,,,-0.00035100000,3.92000,0.12000
,,,-0.00035079999,4.00000,0.08000
,,,-0.00035059999,4.00000,0.08000
,,,-0.00035039999,4.00000,0.08000
,,,-0.00035020002,3.92000,0.04000
,,,-0.00035000002,4.00000,0.08000
,,,-0.00034980002,4.00000,0.08000
,,,-0.00034960001,3.92000,0.12000
,,,-0.00034940001,3.92000,0.08000
,,,-0.00034920001,3.92000,0.12000
,,,-0.00034900001,3.92000,0.08000
,,,-0.00034880001,3.92000,0.08000
,,,-0.00034860001,3.92000,0.12000
,,,-0.00034840000,4.00000,0.08000
,,,-0.00034820000,4.00000,0.08000
,,,-0.00034800000,3.92000,0.08000
,,,-0.00034780000,4.00000,0.12000
,,,-0.00034760000,4.00000,0.08000
,,,-0.00034740000,3.92000,0.12000
,,,-0.00034720000,4.00000,0.08000
,,,-0.00034699999,3.92000,0.08000
,,,-0.00034679999,4.00000,0.12000
,,,-0.00034659999,3.92000,0.12000
,,,-0.00034640002,4.00000,0.12000
,,,-0.00034620002,4.00000,0.12000
,,,-0.00034600002,4.00000,0.12000
,,,-0.00034580001,3.92000,0.08000
,,,-0.00034560001,3.92000,0.08000
,,,-0.00034540001,3.92000,0.08000
,,,-0.00034520001,4.00000,0.12000
,,,-0.00034500001,4.00000,0.08000
,,,-0.00034480001,4.00000,0.12000
,,,-0.00034460000,3.92000,0.04000
,,,-0.00034440000,4.00000,0.08000
,,,-0.00034420000,4.00000,0.08000
,,,-0.00034400000,3.92000,0.12000
,,,-0.00034380000,4.00000,0.08000
,,,-0.00034360000,4.00000,0.04000
,,,-0.00034340000,4.00000,0.08000
,,,-0.00034319999,3.92000,0.12000
,,,-0.00034299999,4.00000,0.08000
,,,-0.00034279999,4.00000,0.08000
,,,-0.00034260002,3.92000,0.08000
,,,-0.00034240002,4.00000,0.12000
,,,-0.00034220002,4.00000,0.08000
,,,-0.00034200001,4.00000,0.08000
,,,-0.00034180001,3.92000,0.08000
,,,-0.00034160001,3.92000,0.08000
,,,-0.00034140001,4.00000,0.08000
,,,-0.00034120001,4.00000,0.08000
,,,-0.00034100001,3.92000,0.04000
,,,-0.00034080000,4.00000,0.12000
,,,-0.00034060000,4.00000,0.12000
,,,-0.00034040000,4.08000,0.08000
,,,-0.00034020000,4.00000,0.04000
,,,-0.00034000000,4.00000,0.04000
,,,-0.00033980000,4.00000,0.08000
,,,-0.00033960000,3.92000,0.08000
,,,-0.00033939999,4.00000,0.12000
,,,-0.00033919999,4.00000,0.12000
,,,-0.00033899999,4.00000,0.12000
,,,-0.00033879999,3.92000,0.12000
,,,-0.00033860002,3.92000,0.08000
,,,-0.00033840002,3.92000,0.08000
,,,-0.00033820001,3.92000,0.08000
,,,-0.00033800001,3.92000,0.08000
,,,-0.00033780001,4.00000,0.04000
,,,-0.00033760001,4.00000,0.04000
,,,-0.00033740001,4.00000,0.08000
,,,-0.00033720001,4.00000,0.12000
,,,-0.00033700000,4.00000,0.08000
,,,-0.00033680000,4.00000,0.08000
,,,-0.00033660000,4.00000,0.12000
,,,-0.00033640000,4.00000,0.08000
,,,-0.00033620000,3.92000,0.12000
,,,-0.00033600000,4.00000,0.08000
,,,-0.00033580000,3.92000,0.12000
,,,-0.00033559999,4.00000,0.12000
,,,-0.00033539999,4.00000,0.12000
,,,-0.00033519999,3.92000,0.12000
,,,-0.00033499999,3.92000,0.08000
,,,-0.00033480002,3.92000,0.12000
,,,-0.00033460002,3.92000,0.12000
,,,-0.00033440001,4.00000,0.08000
,,,-0.00033420001,4.00000,0.08000
,,,-0.00033400001,3.92000,0.08000
,,,-0.00033380001,4.00000,0.08000
,,,-0.00033360001,4.00000,0.08000
,,,-0.00033340001,3.92000,0.08000
,,,-0.00033320001,4.00000,0.08000
,,,-0.00033300000,4.00000,0.08000
,,,-0.00033280000,3.92000,0.08000
,,,-0.00033260000,3.92000,0.12000
,,,-0.00033240000,4.00000,0.08000
,,,-0.00033220000,4.00000,0.12000
,,,-0.00033200000,4.00000,0.08000
,,,-0.00033179999,4.00000,0.08000
,,,-0.00033159999,3.92000,0.12000
,,,-0.00033139999,4.00000,0.08000
,,,-0.00033119999,4.00000,0.08000
,,,-0.00033100002,3.92000,0.08000
,,,-0.00033080002,4.00000,0.04000
,,,-0.00033060001,3.92000,0.08000
,,,-0.00033040001,4.00000,0.08000
,,,-0.00033020001,3.92000,0.08000
,,,-0.00033000001,4.00000,0.08000
,,,-0.00032980001,4.00000,0.08000
,,,-0.00032960001,4.00000,0.04000
,,,-0.00032940001,3.92000,0.08000
,,,-0.00032920000,3.92000,0.12000
,,,-0.00032900000,4.00000,0.12000
,,,-0.00032880000,3.92000,0.08000
,,,-0.00032860000,3.92000,0.08000
,,,-0.00032840000,3.92000,0.12000
,,,-0.00032820000,3.92000,0.08000
,,,-0.00032799999,4.00000,0.12000
,,,-0.00032779999,4.00000,0.04000
,,,-0.00032759999,4.00000,0.12000
,,,-0.00032739999,4.00000,0.08000
,,,-0.00032720002,3.92000,0.12000
,,,-0.00032700002,4.00000,0.04000
,,,-0.00032680001,3.92000,0.12000
,,,-0.00032660001,3.92000,0.12000
,,,-0.00032640001,4.00000,0.08000
,,,-0.00032620001,4.00000,0.08000
,,,-0.00032600001,4.00000,0.08000
,,,-0.00032580001,3.92000,0.08000
,,,-0.00032560001,4.00000,0.08000
,,,-0.00032540000,4.00000,0.12000
,,,-0.00032520000,3.92000,0.12000
,,,-0.00032500000,3.92000,0.12000
,,,-0.00032480000,3.92000,0.12000
,,,-0.00032460000,3.92000,0.04000
,,,-0.00032440000,3.92000,0.08000
,,,-0.00032419999,3.92000,0.08000
,,,-0.00032399999,4.00000,0.12000
,,,-0.00032379999,3.92000,0.08000
,,,-0.00032359999,4.00000,0.12000
,,,-0.00032340002,4.00000,0.08000
,,,-0.00032320002,4.00000,0.08000
,,,-0.00032300001,4.00000,0.12000
,,,-0.00032280001,4.00000,0.08000
,,,-0.00032260001,4.00000,0.08000
,,,-0.00032240001,4.00000,0.08000
,,,-0.00032220001,3.92000,0.08000
,,,-0.00032200001,4.00000,0.12000
,,,-0.00032180001,3.92000,0.12000
,,,-0.00032160000,3.92000,0.12000
,,,-0.00032140000,3.92000,0.12000
,,,-0.00032120000,4.00000,0.08000
,,,-0.00032100000,3.92000,0.12000
,,,-0.00032080000,3.92000,0.08000
,,,-0.00032060000,3.92000,0.12000
,,,-0.00032039999,3.92000,0.12000
,,,-0.00032019999,4.00000,0.12000
,,,-0.00031999999,4.00000,0.08000
,,,-0.00031979999,4.00000,0.12000
,,,-0.00031960002,3.92000,0.08000
,,,-0.00031940002,3.92000,0.08000
,,,-0.00031920001,4.00000,0.08000
,,,-0.00031900001,3.92000,0.12000
,,,-0.00031880001,3.92000,0.12000
,,,-0.00031860001,3.92000,0.12000
,,,-0.00031840001,3.92000,0.12000
,,,-0.00031820001,3.92000,0.12000
,,,-0.00031800001,4.00000,0.08000
,,,-0.00031780000,4.00000,0.12000
,,,-0.00031760000,4.00000,0.08000
,,,-0.00031740000,4.00000,0.08000
,,,-0.00031720000,3.92000,0.08000
,,,-0.00031700000,4.00000,0.12000
,,,-0.00031680000,4.00000,0.08000
,,,-0.00031660000,3.92000,0.08000
,,,-0.00031639999,4.00000,0.12000
,,,-0.00031619999,4.00000,0.08000
,,,-0.00031599999,4.00000,0.12000
,,,-0.00031580002,4.00000,0.12000
,,,-0.00031560002,3.92000,0.12000
,,,-0.00031540002,3.92000,0.08000
,,,-0.00031520001,4.00000,0.08000
,,,-0.00031500001,4.00000,0.08000
,,,-0.00031480001,3.92000,0.12000
,,,-0.00031460001,4.00000,0.12000
,,,-0.00031440001,3.92000,0.08000
,,,-0.00031420001,3.92000,0.08000
,,,-0.00031400000,4.00000,0.08000
,,,-0.00031380000,3.92000,0.08000
,,,-0.00031360000,4.00000,0.08000
,,,-0.00031340000,4.00000,0.08000
,,,-0.00031320000,4.00000,0.12000
,,,-0.00031300000,3.92000,0.12000
,,,-0.00031280000,3.92000,0.08000
,,,-0.00031259999,4.00000,0.12000
,,,-0.00031239999,3.92000,0.12000
,,,-0.00031219999,4.00000,0.12000
,,,-0.00031199999,3.92000,0.12000
,,,-0.00031180002,4.00000,0.04000
,,,-0.00031160002,4.00000,0.12000
,,,-0.00031140001,4.00000,0.08000
,,,-0.00031120001,3.92000,0.08000
,,,-0.00031100001,3.92000,0.08000
,,,-0.00031080001,3.92000,0.12000
,,,-0.00031060001,3.92000,0.04000
,,,-0.00031040001,3.92000,0.08000
,,,-0.00031020000,3.92000,0.12000
,,,-0.00031000000,4.00000,0.12000
,,,-0.00030980000,3.92000,0.08000
,,,-0.00030960000,3.92000,0.12000
,,,-0.00030940000,4.00000,0.12000
,,,-0.00030920000,4.00000,0.08000
,,,-0.00030900000,4.00000,0.12000
,,,-0.00030879999,4.00000,0.12000
,,,-0.00030859999,4.00000,0.08000
,,,-0.00030839999,4.00000,0.12000
,,,-0.00030819999,3.92000,0.08000
,,,-0.00030800002,3.92000,0.08000
,,,-0.00030780002,4.00000,0.12000
,,,-0.00030760001,4.00000,0.12000
,,,-0.00030740001,3.92000,0.08000
,,,-0.00030720001,3.92000,0.12000
,,,-0.00030700001,3.92000,0.08000
,,,-0.00030680001,4.00000,0.12000
,,,-0.00030660001,3.92000,0.04000
,,,-0.00030640000,3.92000,0.08000
,,,-0.00030620000,4.00000,0.08000
,,,-0.00030600000,4.00000,0.08000
,,,-0.00030580000,4.00000,0.08000
,,,-0.00030560000,4.00000,0.12000
,,,-0.00030540000,3.92000,0.08000
,,,-0.00030520000,4.00000,0.08000
,,,-0.00030499999,4.00000,0.08000
,,,-0.00030479999,4.00000,0.08000
,,,-0.00030459999,3.92000,0.08000
,,,-0.00030439999,3.92000,0.08000
,,,-0.00030420002,3.92000,0.12000
,,,-0.00030400002,4.00000,0.12000
,,,-0.00030380001,3.92000,0.08000
,,,-0.00030360001,4.00000,0.04000
,,,-0.00030340001,3.92000,0.12000
,,,-0.00030320001,4.00000,0.08000
,,,-0.00030300001,4.00000,0.08000
,,,-0.00030280001,4.00000,0.08000
,,,-0.00030260000,4.00000,0.08000
,,,-0.00030240000,3.92000,0.12000
,,,-0.00030220000,3.92000,0.12000
,,,-0.00030200000,3.92000,0.08000
,,,-0.00030180000,4.00000,0.08000
,,,-0.00030160000,4.00000,0.08000
,,,-0.00030140000,3.92000,0.08000
,,,-0.00030119999,4.00000,0.08000
,,,-0.00030099999,4.00000,0.04000
,,,-0.00030079999,3.92000,0.12000
,,,-0.00030059999,4.00000,0.08000
,,,-0.00030040002,4.00000,0.08000
,,,-0.00030020002,4.00000,0.08000
,,,-0.00030000001,3.92000,0.04000
,,,-0.00029980001,4.00000,0.08000
,,,-0.00029960001,4.00000,0.08000
,,,-0.00029940001,3.92000,0.08000
,,,-0.00029920001,4.00000,0.08000
,,,-0.00029900001,3.92000,0.12000
,,,-0.00029880001,3.92000,0.08000
,,,-0.00029860000,3.92000,0.08000
,,,-0.00029840000,3.92000,0.08000
,,,-0.00029820000,4.00000,0.12000
,,,-0.00029800000,4.00000,0.04000
,,,-0.00029780000,4.00000,0.12000
,,,-0.00029760000,3.92000,0.08000
,,,-0.00029739999,3.92000,0.12000
,,,-0.00029719999,4.00000,0.12000
,,,-0.00029699999,3.92000,0.08000
,,,-0.00029679999,3.92000,0.08000
,,,-0.00029660002,3.92000,0.12000
,,,-0.00029640002,4.00000,0.08000
,,,-0.00029620001,4.00000,0.08000
,,,-0.00029600001,3.92000,0.12000
,,,-0.00029580001,4.00000,0.12000
,,,-0.00029560001,4.00000,0.12000
,,,-0.00029540001,4.00000,0.12000
,,,-0.00029520001,4.00000,0.08000
,,,-0.00029500001,3.92000,0.08000
,,,-0.00029480000,3.92000,0.12000
,,,-0.00029460000,4.00000,0.08000
,,,-0.00029440000,4.00000,0.08000
,,,-0.00029420000,4.00000,0.04000
,,,-0.00029400000,4.00000,0.08000
,,,-0.00029380000,4.00000,0.08000
,,,-0.00029359999,3.92000,0.08000
,,,-0.00029339999,4.00000,0.08000
,,,-0.00029319999,4.00000,0.08000
,,,-0.00029299999,3.92000,0.12000
,,,-0.00029280002,4.00000,0.12000
,,,-0.00029260002,3.92000,0.08000
,,,-0.00029240001,3.92000,0.08000
,,,-0.00029220001,3.92000,0.12000
,,,-0.00029200001,4.00000,0.12000
,,,-0.00029180001,3.92000,0.12000
,,,-0.00029160001,3.92000,0.08000
,,,-0.00029140001,3.92000,0.08000
,,,-0.00029120001,3.92000,0.12000
,,,-0.00029100000,3.92000,0.08000
,,,-0.00029080000,3.92000,0.08000
,,,-0.00029060000,3.92000,0.04000
,,,-0.00029040000,4.00000,0.12000
,,,-0.00029020000,4.00000,0.08000
,,,-0.00029000000,3.92000,0.08000
,,,-0.00028979999,4.00000,0.08000
,,,-0.00028959999,4.00000,0.12000
,,,-0.00028939999,4.00000,0.08000
,,,-0.00028919999,3.92000,0.08000
,,,-0.00028900002,3.92000,0.08000
,,,-0.00028880002,3.92000,0.12000
,,,-0.00028860001,4.00000,0.08000
,,,-0.00028840001,3.92000,0.12000
,,,-0.00028820001,4.00000,0.04000
,,,-0.00028800001,3.92000,0.08000
,,,-0.00028780001,4.00000,0.12000
,,,-0.00028760001,4.00000,0.08000
,,,-0.00028740001,3.92000,0.08000
,,,-0.00028720000,3.92000,0.08000
,,,-0.00028700000,4.00000,0.08000
,,,-0.00028680000,4.00000,0.08000
,,,-0.00028660000,3.92000,0.08000
,,,-0.00028640000,4.00000,0.08000
,,,-0.00028620000,3.92000,0.12000
,,,-0.00028599999,4.00000,0.08000
,,,-0.00028579999,4.00000,0.08000
,,,-0.00028559999,4.00000,0.12000
,,,-0.00028539999,3.92000,0.08000
,,,-0.00028519999,3.92000,0.08000
,,,-0.00028500002,3.92000,0.08000
,,,-0.00028480001,3.92000,0.12000
,,,-0.00028460001,4.00000,0.08000
,,,-0.00028440001,3.92000,0.08000
,,,-0.00028420001,4.00000,0.08000
,,,-0.00028400001,4.00000,0.08000
,,,-0.00028380001,4.00000,0.08000
,,,-0.00028360001,4.00000,0.04000
,,,-0.00028340000,4.00000,0.12000
,,,-0.00028320000,4.00000,0.08000
,,,-0.00028300000,4.00000,0.08000
,,,-0.00028280000,4.00000,0.08000
,,,-0.00028260000,4.00000,0.12000
,,,-0.00028240000,3.92000,0.12000
,,,-0.00028220000,3.92000,0.08000
,,,-0.00028199999,4.00000,0.12000
,,,-0.00028179999,4.00000,0.08000
,,,-0.00028159999,4.00000,0.08000
,,,-0.00028139999,4.00000,0.12000
,,,-0.00028120002,3.92000,0.12000
,,,-0.00028100002,4.00000,0.12000
,,,-0.00028080001,4.00000,0.12000
,,,-0.00028060001,3.92000,0.08000
,,,-0.00028040001,4.00000,0.12000
,,,-0.00028020001,4.00000,0.08000
,,,-0.00028000001,4.00000,0.12000
,,,-0.00027980001,4.00000,0.08000
,,,-0.00027960000,3.92000,0.08000
,,,-0.00027940000,4.00000,0.04000
,,,-0.00027920000,4.00000,0.12000
,,,-0.00027900000,4.00000,0.08000
,,,-0.00027880000,4.00000,0.12000
,,,-0.00027860000,4.00000,0.08000
,,,-0.00027840000,4.00000,0.12000
,,,-0.00027819999,4.00000,0.08000
,,,-0.00027799999,3.92000,0.04000
,,,-0.00027779999,4.00000,0.12000
,,,-0.00027759999,4.00000,0.08000
,,,-0.00027740002,4.00000,0.12000
,,,-0.00027720002,3.92000,0.08000
,,,-0.00027700001,3.92000,0.08000
,,,-0.00027680001,3.92000,0.08000
,,,-0.00027660001,4.00000,0.08000
,,,-0.00027640001,3.92000,0.12000
,,,-0.00027620001,3.92000,0.12000
,,,-0.00027600001,4.00000,0.12000
,,,-0.00027580000,4.00000,0.08000
,,,-0.00027560000,4.00000,0.08000
,,,-0.00027540000,4.00000,0.12000
,,,-0.00027520000,4.00000,0.12000
,,,-0.00027500000,4.00000,0.08000
,,,-0.00027480000,3.92000,0.12000
,,,-0.00027460000,4.00000,0.12000
,,,-0.00027439999,3.92000,0.12000
,,,-0.00027419999,4.00000,0.08000
,,,-0.00027399999,4.00000,0.12000
,,,-0.00027379999,3.92000,0.08000
,,,-0.00027360002,4.00000,0.08000
,,,-0.00027340002,4.00000,0.08000
,,,-0.00027320001,4.00000,0.12000
,,,-0.00027300001,4.00000,0.08000
,,,-0.00027280001,4.00000,0.12000
,,,-0.00027260001,4.00000,0.08000
,,,-0.00027240001,3.92000,0.12000
,,,-0.00027220001,4.00000,0.12000
,,,-0.00027200000,3.92000,0.04000
,,,-0.00027180000,3.92000,0.12000
,,,-0.00027160000,3.92000,0.12000
,,,-0.00027140000,4.00000,0.04000
,,,-0.00027120000,4.00000,0.08000
,,,-0.00027100000,3.92000,0.04000
,,,-0.00027080000,3.92000,0.08000
,,,-0.00027059999,4.00000,0.08000
,,,-0.00027039999,4.00000,0.12000
,,,-0.00027019999,4.00000,0.08000
,,,-0.00026999999,3.92000,0.08000
,,,-0.00026980002,3.92000,0.08000
,,,-0.00026960002,3.92000,0.12000
,,,-0.00026940001,4.00000,0.08000
,,,-0.00026920001,3.92000,0.08000
,,,-0.00026900001,4.00000,0.12000
,,,-0.00026880001,4.00000,0.12000
,,,-0.00026860001,4.00000,0.08000
,,,-0.00026840001,4.00000,0.12000
,,,-0.00026820000,3.92000,0.12000
,,,-0.00026800000,4.00000,0.08000
,,,-0.00026780000,3.92000,0.08000
,,,-0.00026760000,3.92000,0.08000
,,,-0.00026740000,4.00000,0.12000
,,,-0.00026720000,4.00000,0.12000
,,,-0.00026700000,3.92000,0.04000
,,,-0.00026679999,4.00000,0.12000
,,,-0.00026659999,4.00000,0.12000
,,,-0.00026639999,4.00000,0.12000
,,,-0.00026619999,4.00000,0.12000
,,,-0.00026600002,4.00000,0.08000
,,,-0.00026580002,3.92000,0.12000
,,,-0.00026560001,3.92000,0.12000
,,,-0.00026540001,4.00000,0.08000
,,,-0.00026520001,3.92000,0.12000
,,,-0.00026500001,4.00000,0.12000
,,,-0.00026480001,4.00000,0.08000
,,,-0.00026460001,3.92000,0.12000
,,,-0.00026440001,4.00000,0.08000
,,,-0.00026420000,3.92000,0.04000
,,,-0.00026400000,3.92000,0.08000
,,,-0.00026380000,4.00000,0.08000
,,,-0.00026360000,3.92000,0.08000
,,,-0.00026340000,3.92000,0.04000
,,,-0.00026320000,3.92000,0.08000
,,,-0.00026299999,4.00000,0.08000
,,,-0.00026279999,4.00000,0.12000
,,,-0.00026259999,3.92000,0.04000
,,,-0.00026239999,3.92000,0.08000
,,,-0.00026220002,3.92000,0.12000
,,,-0.00026200002,4.00000,0.12000
,,,-0.00026180001,3.92000,0.08000
,,,-0.00026160001,4.00000,0.08000
,,,-0.00026140001,4.00000,0.12000
,,,-0.00026120001,4.00000,0.12000
,,,-0.00026100001,3.92000,0.08000
,,,-0.00026080001,4.00000,0.12000
,,,-0.00026060001,3.92000,0.08000
,,,-0.00026040000,4.00000,0.08000
,,,-0.00026020000,4.00000,0.12000
,,,-0.00026000000,3.92000,0.12000
,,,-0.00025980000,4.00000,0.08000
,,,-0.00025960000,4.00000,0.08000
,,,-0.00025940000,4.00000,0.12000
,,,-0.00025919999,3.92000,0.12000
,,,-0.00025899999,4.00000,0.12000
,,,-0.00025879999,3.92000,0.08000
,,,-0.00025859999,3.92000,0.08000
,,,-0.00025839999,3.92000,0.12000
,,,-0.00025820002,4.00000,0.12000
,,,-0.00025800001,4.00000,0.12000
,,,-0.00025780001,3.92000,0.08000
,,,-0.00025760001,3.92000,0.08000
,,,-0.00025740001,3.92000,0.08000
,,,-0.00025720001,4.00000,0.08000
,,,-0.00025700001,4.00000,0.08000
,,,-0.00025680001,4.00000,0.08000
,,,-0.00025660000,4.00000,0.08000
,,,-0.00025640000,4.00000,0.04000
,,,-0.00025620000,4.00000,0.08000
,,,-0.00025600000,4.00000,0.08000
,,,-0.00025580000,3.92000,0.12000
,,,-0.00025560000,4.00000,0.08000
,,,-0.00025539999,4.00000,0.12000
,,,-0.00025519999,4.00000,0.08000
,,,-0.00025499999,4.00000,0.08000
,,,-0.00025479999,3.92000,0.12000
,,,-0.00025459999,3.92000,0.12000
,,,-0.00025440002,4.00000,0.08000
,,,-0.00025420001,3.92000,0.08000
,,,-0.00025400001,3.92000,0.12000
,,,-0.00025380001,4.00000,0.08000
,,,-0.00025360001,4.00000,0.08000
,,,-0.00025340001,4.00000,0.08000
,,,-0.00025320001,4.00000,0.08000
,,,-0.00025300001,4.00000,0.08000
,,,-0.00025280000,4.00000,0.08000
,,,-0.00025260000,4.00000,0.08000
,,,-0.00025240000,4.00000,0.08000
,,,-0.00025220000,4.00000,0.12000
,,,-0.00025200000,4.00000,0.08000
,,,-0.00025180000,3.92000,0.12000
,,,-0.00025159999,4.00000,0.12000
,,,-0.00025139999,4.00000,0.12000
,,,-0.00025119999,3.92000,0.08000
,,,-0.00025099999,3.92000,0.12000
,,,-0.00025079999,4.00000,0.08000
,,,-0.00025060002,3.92000,0.08000
,,,-0.00025040001,4.00000,0.08000
,,,-0.00025020001,4.00000,0.12000
,,,-0.00025000001,4.00000,0.12000
,,,-0.00024980001,3.92000,0.08000
,,,-0.00024960001,4.00000,0.08000
,,,-0.00024940001,4.00000,0.12000
,,,-0.00024920001,3.92000,0.12000
,,,-0.00024900000,3.92000,0.08000
,,,-0.00024880000,3.92000,0.12000
,,,-0.00024860000,3.92000,0.12000
,,,-0.00024840000,4.00000,0.08000
,,,-0.00024820000,3.92000,0.12000
,,,-0.00024800000,3.92000,0.08000
,,,-0.00024780000,4.00000,0.08000
,,,-0.00024759999,4.00000,0.08000
,,,-0.00024739999,3.92000,0.08000
,,,-0.00024719999,4.00000,0.08000
,,,-0.00024699999,3.92000,0.12000
,,,-0.00024680002,4.00000,0.08000
,,,-0.00024660002,3.92000,0.08000
,,,-0.00024640001,4.00000,0.08000
,,,-0.00024620001,4.00000,0.12000
,,,-0.00024600001,4.00000,0.08000
,,,-0.00024580001,3.92000,0.08000
,,,-0.00024560001,3.92000,0.12000
,,,-0.00024540001,4.00000,0.08000
,,,-0.00024520000,4.00000,0.08000
,,,-0.00024500000,3.92000,0.12000
,,,-0.00024480000,4.00000,0.08000
,,,-0.00024460000,4.00000,0.08000
,,,-0.00024440000,3.92000,0.08000
,,,-0.00024420000,4.00000,0.12000
,,,-0.00024400001,4.00000,0.04000
,,,-0.00024380001,3.92000,0.12000
,,,-0.00024360001,3.92000,0.12000
,,,-0.00024340001,3.92000,0.12000
,,,-0.00024320000,4.00000,0.08000
,,,-0.00024300000,3.92000,0.08000
,,,-0.00024280000,3.92000,0.08000
,,,-0.00024260000,4.00000,0.12000
,,,-0.00024240000,4.00000,0.12000
,,,-0.00024220000,3.92000,0.12000
,,,-0.00024200001,4.00000,0.12000
,,,-0.00024180001,3.92000,0.08000
,,,-0.00024160001,4.00000,0.12000
,,,-0.00024140000,4.00000,0.12000
,,,-0.00024120000,3.92000,0.12000
,,,-0.00024100000,4.00000,0.08000
,,,-0.00024080000,3.92000,0.12000
,,,-0.00024060000,3.92000,0.08000
,,,-0.00024040000,3.92000,0.08000
,,,-0.00024020001,3.92000,0.04000
,,,-0.00024000001,4.00000,0.08000
,,,-0.00023980001,4.00000,0.08000
,,,-0.00023960001,3.92000,0.08000
,,,-0.00023940000,3.92000,0.08000
,,,-0.00023920000,3.92000,0.12000
,,,-0.00023900000,4.00000,0.08000
,,,-0.00023880000,3.92000,0.12000
,,,-0.00023860000,4.00000,0.08000
,,,-0.00023840000,3.92000,0.08000
,,,-0.00023820001,3.92000,0.08000
,,,-0.00023800001,3.92000,0.08000
,,,-0.00023780001,3.92000,0.08000
,,,-0.00023760000,4.00000,0.08000
,,,-0.00023740000,4.00000,0.08000
,,,-0.00023720000,4.00000,0.12000
,,,-0.00023700000,4.00000,0.12000
,,,-0.00023680000,3.92000,0.08000
,,,-0.00023660000,4.00000,0.08000
,,,-0.00023640000,3.92000,0.12000
,,,-0.00023620001,3.92000,0.12000
,,,-0.00023600001,4.00000,0.08000
,,,-0.00023580001,4.00000,0.08000
,,,-0.00023560000,3.92000,0.12000
,,,-0.00023540000,4.00000,0.08000
,,,-0.00023520000,3.92000,0.12000
,,,-0.00023500000,4.00000,0.08000
,,,-0.00023480000,3.92000,0.08000
,,,-0.00023460000,3.92000,0.08000
,,,-0.00023440001,3.92000,0.04000
,,,-0.00023420001,4.00000,0.08000
,,,-0.00023400001,3.92000,0.12000
,,,-0.00023380000,4.00000,0.12000
,,,-0.00023360000,3.92000,0.08000
,,,-0.00023340000,4.00000,0.08000
,,,-0.00023320000,4.00000,0.08000
,,,-0.00023300000,4.00000,0.08000
,,,-0.00023280000,4.00000,0.12000
,,,-0.00023260000,4.00000,0.08000
,,,-0.00023240001,3.92000,0.08000
,,,-0.00023220001,4.00000,0.12000
,,,-0.00023200001,3.92000,0.08000
,,,-0.00023180000,4.00000,0.12000
,,,-0.00023160000,3.92000,0.08000
,,,-0.00023140000,4.00000,0.08000
,,,-0.00023120000,3.92000,0.08000
,,,-0.00023100000,4.00000,0.12000
,,,-0.00023080000,3.92000,0.08000
,,,-0.00023060001,3.92000,0.12000
,,,-0.00023040001,3.92000,0.12000
,,,-0.00023020001,4.00000,0.08000
,,,-0.00023000001,4.00000,0.12000
,,,-0.00022980000,4.00000,0.08000
,,,-0.00022960000,4.00000,0.08000
,,,-0.00022940000,3.92000,0.12000
,,,-0.00022920000,3.92000,0.08000
,,,-0.00022900000,4.00000,0.04000
,,,-0.00022880000,4.00000,0.12000
,,,-0.00022860001,4.00000,0.08000
,,,-0.00022840001,4.00000,0.08000
,,,-0.00022820001,3.92000,0.08000
,,,-0.00022800000,4.00000,0.08000
,,,-0.00022780000,4.00000,0.12000
,,,-0.00022760000,4.00000,0.08000
,,,-0.00022740000,4.00000,0.08000
,,,-0.00022720000,4.00000,0.12000
,,,-0.00022700000,3.92000,0.12000
,,,-0.00022680001,3.92000,0.08000
,,,-0.00022660001,4.00000,0.12000
,,,-0.00022640001,4.00000,0.08000
,,,-0.00022620001,4.00000,0.08000
,,,-0.00022600000,4.00000,0.08000
,,,-0.00022580000,4.00000,0.08000
,,,-0.00022560000,4.00000,0.08000
,,,-0.00022540000,4.00000,0.12000
,,,-0.00022520000,4.00000,0.08000
,,,-0.00022500000,4.00000,0.08000
,,,-0.00022480001,4.00000,0.08000
,,,-0.00022460001,4.00000,0.12000
,,,-0.00022440001,3.92000,0.08000
,,,-0.00022420000,3.92000,0.08000
,,,-0.00022400000,3.92000,0.08000
,,,-0.00022380000,4.00000,0.08000
,,,-0.00022360000,4.00000,0.08000
,,,-0.00022340000,4.00000,0.04000
,,,-0.00022320000,3.92000,0.08000
,,,-0.00022300000,4.00000,0.04000
,,,-0.00022280001,3.92000,0.12000
,,,-0.00022260001,4.00000,0.08000
,,,-0.00022240001,4.00000,0.04000
,,,-0.00022220000,4.00000,0.12000
,,,-0.00022200000,3.92000,0.12000
,,,-0.00022180000,4.00000,0.08000
,,,-0.00022160000,4.00000,0.08000
,,,-0.00022140000,3.92000,0.12000
,,,-0.00022120000,3.92000,0.08000
,,,-0.00022100001,3.92000,0.08000
,,,-0.00022080001,3.92000,0.08000
,,,-0.00022060001,4.00000,0.08000
,,,-0.00022040000,4.00000,0.04000
,,,-0.00022020000,3.92000,0.04000
,,,-0.00022000000,4.00000,0.08000
,,,-0.00021980000,4.00000,0.08000
,,,-0.00021960000,3.92000,0.12000
,,,-0.00021940000,4.00000,0.12000
,,,-0.00021920000,3.92000,0.12000
,,,-0.00021900001,4.00000,0.08000
,,,-0.00021880001,4.00000,0.12000
,,,-0.00021860001,4.00000,0.12000
,,,-0.00021840000,4.00000,0.08000
,,,-0.00021820000,4.00000,0.08000
,,,-0.00021800000,4.00000,0.12000
,,,-0.00021780000,4.00000,0.08000
,,,-0.00021760000,3.92000,0.08000
,,,-0.00021740000,4.00000,0.12000
,,,-0.00021720001,4.00000,0.08000
,,,-0.00021700001,3.92000,0.08000
,,,-0.00021680001,4.00000,0.08000
,,,-0.00021660000,4.00000,0.08000
,,,-0.00021640000,3.92000,0.08000
,,,-0.00021620000,4.00000,0.12000
,,,-0.00021600000,4.00000,0.12000
,,,-0.00021580000,3.92000,0.08000
,,,-0.00021560000,4.00000,0.12000
,,,-0.00021540000,4.00000,0.08000
,,,-0.00021520001,4.00000,0.08000
,,,-0.00021500001,3.92000,0.12000
,,,-0.00021480001,3.92000,0.12000
,,,-0.00021460000,3.92000,0.12000
,,,-0.00021440000,3.92000,0.12000
,,,-0.00021420000,3.92000,0.08000
,,,-0.00021400000,4.00000,0.08000
,,,-0.00021380000,3.92000,0.08000
,,,-0.00021360000,3.92000,0.12000
,,,-0.00021340001,4.00000,0.08000
,,,-0.00021320001,3.92000,0.08000
,,,-0.00021300001,3.92000,0.08000
,,,-0.00021280001,4.00000,0.04000
,,,-0.00021260000,4.00000,0.08000
,,,-0.00021240000,4.00000,0.12000
,,,-0.00021220000,4.00000,0.08000
,,,-0.00021200000,3.92000,0.08000
,,,-0.00021180000,4.00000,0.12000
,,,-0.00021160000,3.92000,0.12000
,,,-0.00021140001,3.92000,0.12000
,,,-0.00021120001,4.00000,0.08000
,,,-0.00021100001,4.00000,0.08000
,,,-0.00021080000,3.92000,0.08000
,,,-0.00021060000,3.92000,0.08000
,,,-0.00021040000,4.00000,0.12000
,,,-0.00021020000,3.92000,0.08000
,,,-0.00021000000,4.00000,0.08000
,,,-0.00020980000,4.00000,0.12000
,,,-0.00020960000,4.00000,0.08000
,,,-0.00020940001,4.00000,0.12000
,,,-0.00020920001,4.00000,0.08000
,,,-0.00020900001,4.00000,0.12000
,,,-0.00020880000,3.92000,0.12000
,,,-0.00020860000,3.92000,0.08000
,,,-0.00020840000,4.00000,0.08000
,,,-0.00020820000,4.00000,0.12000
,,,-0.00020800000,4.00000,0.12000
,,,-0.00020780000,4.00000,0.08000
,,,-0.00020760001,3.92000,0.08000
,,,-0.00020740001,4.00000,0.12000
,,,-0.00020720001,4.00000,0.12000
,,,-0.00020700000,3.92000,0.12000
,,,-0.00020680000,3.92000,0.12000
,,,-0.00020660000,4.00000,0.12000
,,,-0.00020640000,4.00000,0.08000
,,,-0.00020620000,3.92000,0.08000
,,,-0.00020600000,4.00000,0.12000
,,,-0.00020580000,4.00000,0.12000
,,,-0.00020560001,3.92000,0.08000
,,,-0.00020540001,3.92000,0.08000
,,,-0.00020520001,4.00000,0.08000
,,,-0.00020500000,4.00000,0.12000
,,,-0.00020480000,4.00000,0.08000
,,,-0.00020460000,3.92000,0.08000
,,,-0.00020440000,4.00000,0.08000
,,,-0.00020420000,3.92000,0.08000
,,,-0.00020400000,3.92000,0.08000
,,,-0.00020380001,4.00000,0.12000
,,,-0.00020360001,4.00000,0.08000
,,,-0.00020340001,4.00000,0.08000
,,,-0.00020320000,4.00000,0.12000
,,,-0.00020300000,3.92000,0.08000
,,,-0.00020280000,4.00000,0.12000
,,,-0.00020260000,4.00000,0.08000
,,,-0.00020240000,3.92000,0.08000
,,,-0.00020220000,3.92000,0.08000
,,,-0.00020200000,3.92000,0.12000
,,,-0.00020180001,4.00000,0.12000
,,,-0.00020160001,4.00000,0.12000
,,,-0.00020140001,3.92000,0.08000
,,,-0.00020120000,4.00000,0.08000
,,,-0.00020100000,4.00000,0.08000
,,,-0.00020080000,3.92000,0.08000
,,,-0.00020060000,4.00000,0.12000
,,,-0.00020040000,4.00000,0.08000
,,,-0.00020020000,3.92000,0.08000
,,,-0.00020000001,4.00000,0.08000
,,,-0.00019980001,4.00000,0.12000
,,,-0.00019960001,4.00000,0.08000
,,,-0.00019940000,4.00000,0.08000
,,,-0.00019920000,3.92000,0.08000
,,,-0.00019900000,4.00000,0.12000
,,,-0.00019880000,3.92000,0.08000
,,,-0.00019860000,4.00000,0.12000
,,,-0.00019840000,3.92000,0.08000
,,,-0.00019820000,4.00000,0.08000
,,,-0.00019800001,4.00000,0.12000
,,,-0.00019780001,4.00000,0.08000
,,,-0.00019760001,3.92000,0.08000
,,,-0.00019740000,4.00000,0.12000
,,,-0.00019720000,4.00000,0.12000
,,,-0.00019700000,4.00000,0.08000
,,,-0.00019680000,4.00000,0.12000
,,,-0.00019660000,4.00000,0.04000
,,,-0.00019640000,3.92000,0.08000
,,,-0.00019620000,3.92000,0.08000
,,,-0.00019600001,4.00000,0.08000
,,,-0.00019580001,4.00000,0.08000
,,,-0.00019560001,3.92000,0.08000
,,,-0.00019540000,4.00000,0.12000
,,,-0.00019520000,4.00000,0.08000
,,,-0.00019500000,4.00000,0.08000
,,,-0.00019480000,3.92000,0.08000
,,,-0.00019460000,3.92000,0.08000
,,,-0.00019440000,3.92000,0.08000
,,,-0.00019420001,3.92000,0.08000
,,,-0.00019400001,3.92000,0.08000
,,,-0.00019380001,3.92000,0.08000
,,,-0.00019360000,4.00000,0.08000
,,,-0.00019340000,4.00000,0.12000
,,,-0.00019320000,4.00000,0.12000
,,,-0.00019300000,4.00000,0.08000
,,,-0.00019280000,4.00000,0.12000
,,,-0.00019260000,4.00000,0.08000
,,,-0.00019240000,3.92000,0.08000
,,,-0.00019220001,4.00000,0.12000
,,,-0.00019200001,3.92000,0.08000
,,,-0.00019180001,4.00000,0.12000
,,,-0.00019160000,4.00000,0.12000
,,,-0.00019140000,4.00000,0.08000
,,,-0.00019120000,3.92000,0.08000
,,,-0.00019100000,4.00000,0.12000
,,,-0.00019080000,3.92000,0.08000
,,,-0.00019060000,4.00000,0.08000
,,,-0.00019040001,4.00000,0.08000
,,,-0.00019020001,4.00000,0.04000
,,,-0.00019000001,4.00000,0.08000
,,,-0.00018980000,4.00000,0.04000
,,,-0.00018960000,3.92000,0.08000
,,,-0.00018940000,4.00000,0.12000
,,,-0.00018920000,4.00000,0.08000
,,,-0.00018900000,4.00000,0.08000
,,,-0.00018880000,4.00000,0.08000
,,,-0.00018860000,4.00000,0.12000
,,,-0.00018840001,3.92000,0.08000
,,,-0.00018820001,3.92000,0.12000
,,,-0.00018800001,3.92000,0.12000
,,,-0.00018780000,4.00000,0.08000
,,,-0.00018760000,4.00000,0.08000
,,,-0.00018740000,3.92000,0.08000
,,,-0.00018720000,3.92000,0.08000
,,,-0.00018700000,3.92000,0.12000
,,,-0.00018680000,3.92000,0.12000
,,,-0.00018660001,4.00000,0.12000
,,,-0.00018640001,4.00000,0.12000
,,,-0.00018620001,4.00000,0.12000
,,,-0.00018600000,3.92000,0.08000
,,,-0.00018580000,4.00000,0.04000
,,,-0.00018560000,3.92000,0.08000
,,,-0.00018540000,4.00000,0.12000
,,,-0.00018520000,4.00000,0.08000
,,,-0.00018500000,3.92000,0.08000
,,,-0.00018480000,4.00000,0.12000
,,,-0.00018460001,3.92000,0.08000
,,,-0.00018440001,4.00000,0.08000
,,,-0.00018420001,3.92000,0.08000
,,,-0.00018400000,4.00000,0.12000
,,,-0.00018380000,3.92000,0.12000
,,,-0.00018360000,4.00000,0.04000
,,,-0.00018340000,4.00000,0.08000
,,,-0.00018320000,4.00000,0.12000
,,,-0.00018300000,4.00000,0.12000
,,,-0.00018279999,4.00000,0.08000
,,,-0.00018260001,4.00000,0.08000
,,,-0.00018240001,4.00000,0.12000
,,,-0.00018220000,3.92000,0.04000
,,,-0.00018200000,3.92000,0.12000
,,,-0.00018180000,4.00000,0.08000
,,,-0.00018160000,3.92000,0.08000
,,,-0.00018140000,3.92000,0.12000
,,,-0.00018120000,4.00000,0.12000
,,,-0.00018100000,3.92000,0.08000
,,,-0.00018080001,4.00000,0.08000
,,,-0.00018060001,3.92000,0.08000
,,,-0.00018040001,4.00000,0.08000
,,,-0.00018020000,4.00000,0.08000
,,,-0.00018000000,3.92000,0.12000
,,,-0.00017980000,4.00000,0.12000
,,,-0.00017960000,4.00000,0.12000
,,,-0.00017940000,4.00000,0.08000
,,,-0.00017920000,4.00000,0.12000
,,,-0.00017900000,3.92000,0.08000
,,,-0.00017880001,3.92000,0.08000
,,,-0.00017860001,3.92000,0.08000
,,,-0.00017840001,4.00000,0.12000
,,,-0.00017820000,4.00000,0.04000
,,,-0.00017800000,4.00000,0.12000
,,,-0.00017780000,4.00000,0.08000
,,,-0.00017760000,3.92000,0.12000
,,,-0.00017740000,4.00000,0.08000
,,,-0.00017720000,3.92000,0.12000
,,,-0.00017700001,3.92000,0.04000
,,,-0.00017680001,4.00000,0.08000
,,,-0.00017660001,4.00000,0.08000
,,,-0.00017640000,4.00000,0.08000
,,,-0.00017620000,4.00000,0.12000
,,,-0.00017600000,4.00000,0.08000
,,,-0.00017580000,4.00000,0.08000
,,,-0.00017560000,3.92000,0.12000
,,,-0.00017540000,4.00000,0.12000
,,,-0.00017520000,4.00000,0.08000
,,,-0.00017500001,4.00000,0.08000
,,,-0.00017480001,3.92000,0.08000
,,,-0.00017460001,4.00000,0.12000
,,,-0.00017440000,4.00000,0.08000
,,,-0.00017420000,4.00000,0.12000
,,,-0.00017400000,3.92000,0.08000
,,,-0.00017380000,3.92000,0.12000
,,,-0.00017360000,3.92000,0.08000
,,,-0.00017340000,3.92000,0.12000
,,,-0.00017320001,3.92000,0.08000
,,,-0.00017300001,4.00000,0.08000
,,,-0.00017280001,3.92000,0.08000
,,,-0.00017260000,4.00000,0.12000
,,,-0.00017240000,4.00000,0.08000
,,,-0.00017220000,4.00000,0.04000
,,,-0.00017200000,4.00000,0.12000
,,,-0.00017180000,4.00000,0.12000
,,,-0.00017160000,3.92000,0.08000
,,,-0.00017140000,4.00000,0.12000
,,,-0.00017120001,4.00000,0.04000
,,,-0.00017100001,3.92000,0.08000
,,,-0.00017080001,3.92000,0.08000
,,,-0.00017060000,4.00000,0.08000
,,,-0.00017040000,4.00000,0.08000
,,,-0.00017020000,4.00000,0.08000
,,,-0.00017000000,3.92000,0.08000
,,,-0.00016980000,4.00000,0.08000
,,,-0.00016960000,3.92000,0.12000
,,,-0.00016939999,4.00000,0.08000
,,,-0.00016920001,4.00000,0.12000
,,,-0.00016900001,4.00000,0.12000
,,,-0.00016880000,4.00000,0.12000
,,,-0.00016860000,4.00000,0.08000
,,,-0.00016840000,3.92000,0.08000
,,,-0.00016820000,4.00000,0.12000
,,,-0.00016800000,4.00000,0.08000
,,,-0.00016780000,3.92000,0.08000
,,,-0.00016760000,4.00000,0.12000
,,,-0.00016740001,3.92000,0.12000
,,,-0.00016720001,3.92000,0.12000
,,,-0.00016700001,4.00000,0.08000
,,,-0.00016680000,4.00000,0.08000
,,,-0.00016660000,4.00000,0.12000
,,,-0.00016640000,4.00000,0.08000
,,,-0.00016620000,4.00000,0.08000
,,,-0.00016600000,4.00000,0.08000
,,,-0.00016580000,4.00000,0.12000
,,,-0.00016559999,4.00000,0.12000
,,,-0.00016540001,4.00000,0.08000
,,,-0.00016520001,4.00000,0.12000
,,,-0.00016500000,4.00000,0.08000
,,,-0.00016480000,3.92000,0.12000
,,,-0.00016460000,3.92000,0.08000
,,,-0.00016440000,3.92000,0.08000
,,,-0.00016420000,3.92000,0.12000
,,,-0.00016400000,3.92000,0.08000
,,,-0.00016380000,4.00000,0.08000
,,,-0.00016360001,3.92000,0.12000
,,,-0.00016340001,3.92000,0.08000
,,,-0.00016320001,4.00000,0.08000
,,,-0.00016300000,3.92000,0.08000
,,,-0.00016280000,4.00000,0.08000
,,,-0.00016260000,4.00000,0.08000
,,,-0.00016240000,3.92000,0.08000
,,,-0.00016220000,4.00000,0.08000
,,,-0.00016200000,4.00000,0.04000
,,,-0.00016180000,3.92000,0.08000
,,,-0.00016160001,4.00000,0.08000
,,,-0.00016140001,3.92000,0.08000
,,,-0.00016120001,4.00000,0.12000
,,,-0.00016100000,3.92000,0.08000
,,,-0.00016080000,3.92000,0.08000
,,,-0.00016060000,3.92000,0.08000
,,,-0.00016040000,4.00000,0.12000
,,,-0.00016020000,3.92000,0.08000
,,,-0.00016000000,4.00000,0.04000
,,,-0.00015980001,3.92000,0.12000
,,,-0.00015960001,4.00000,0.08000
,,,-0.00015940001,4.00000,0.08000
,,,-0.00015920000,4.00000,0.12000
,,,-0.00015900000,4.00000,0.12000
,,,-0.00015880000,4.00000,0.08000
,,,-0.00015860000,3.92000,0.08000
,,,-0.00015840000,3.92000,0.12000
,,,-0.00015820000,4.00000,0.12000
,,,-0.00015800000,4.00000,0.12000
,,,-0.00015780001,4.00000,0.08000
,,,-0.00015760001,4.00000,0.12000
,,,-0.00015740001,3.92000,0.08000
,,,-0.00015720000,3.92000,0.12000
,,,-0.00015700000,3.92000,0.08000
,,,-0.00015680000,3.92000,0.04000
,,,-0.00015660000,4.00000,0.08000
,,,-0.00015640000,4.00000,0.12000
,,,-0.00015620000,4.00000,0.08000
,,,-0.00015599999,4.00000,0.08000
,,,-0.00015580001,4.00000,0.08000
,,,-0.00015560001,3.92000,0.04000
,,,-0.00015540000,4.00000,0.08000
,,,-0.00015520000,3.92000,0.08000
,,,-0.00015500000,3.92000,0.12000
,,,-0.00015480000,4.00000,0.08000
,,,-0.00015460000,3.92000,0.08000
,,,-0.00015440000,3.92000,0.08000
,,,-0.00015420000,3.92000,0.08000
,,,-0.00015400001,3.92000,0.12000
,,,-0.00015380001,3.92000,0.12000
,,,-0.00015360001,4.00000,0.12000
,,,-0.00015340000,4.00000,0.08000
,,,-0.00015320000,3.92000,0.08000
,,,-0.00015300000,4.00000,0.08000
,,,-0.00015280000,4.00000,0.08000
,,,-0.00015260000,4.00000,0.08000
,,,-0.00015240000,4.00000,0.12000
,,,-0.00015219999,4.00000,0.12000
,,,-0.00015200001,4.00000,0.12000
,,,-0.00015180001,4.00000,0.08000
,,,-0.00015160000,4.00000,0.08000
,,,-0.00015140000,4.00000,0.12000
,,,-0.00015120000,4.00000,0.12000
,,,-0.00015100000,4.00000,0.12000
,,,-0.00015080000,3.92000,0.12000
,,,-0.00015060000,3.92000,0.08000
,,,-0.00015040000,4.00000,0.12000
,,,-0.00015020001,4.00000,0.08000
,,,-0.00015000001,4.00000,0.04000
,,,-0.00014980001,4.00000,0.04000
,,,-0.00014960000,4.00000,0.08000
,,,-0.00014940000,4.00000,0.12000
,,,-0.00014920000,4.00000,0.12000
,,,-0.00014900000,3.92000,0.08000
,,,-0.00014880000,4.00000,0.12000
,,,-0.00014860000,4.00000,0.12000
,,,-0.00014839999,3.92000,0.12000
,,,-0.00014820001,3.92000,0.08000
,,,-0.00014800001,3.92000,0.12000
,,,-0.00014780000,3.92000,0.12000
,,,-0.00014760000,3.92000,0.12000
,,,-0.00014740000,3.92000,0.12000
,,,-0.00014720000,4.00000,0.12000
,,,-0.00014700000,4.00000,0.12000
,,,-0.00014680000,4.00000,0.12000
,,,-0.00014660000,3.92000,0.08000
,,,-0.00014640001,4.00000,0.04000
,,,-0.00014620001,4.00000,0.08000
,,,-0.00014600001,4.00000,0.12000
,,,-0.00014580000,3.92000,0.08000
,,,-0.00014560000,4.00000,0.12000
,,,-0.00014540000,3.92000,0.12000
,,,-0.00014520000,4.00000,0.08000
,,,-0.00014500000,4.00000,0.08000
,,,-0.00014480000,4.00000,0.12000
,,,-0.00014460000,4.00000,0.12000
,,,-0.00014440001,3.92000,0.12000
,,,-0.00014420001,3.92000,0.08000
,,,-0.00014400001,3.92000,0.08000
,,,-0.00014380000,3.92000,0.12000
,,,-0.00014360000,3.92000,0.12000
,,,-0.00014340000,3.92000,0.12000
,,,-0.00014320000,4.00000,0.12000
,,,-0.00014300000,4.00000,0.12000
,,,-0.00014280000,4.00000,0.08000
,,,-0.00014259999,3.92000,0.12000
,,,-0.00014240001,4.00000,0.12000
,,,-0.00014220001,3.92000,0.12000
,,,-0.00014200000,4.00000,0.08000
,,,-0.00014180000,3.92000,0.08000
,,,-0.00014160000,3.92000,0.08000
,,,-0.00014140000,4.00000,0.12000
,,,-0.00014120000,3.92000,0.12000
,,,-0.00014100000,4.00000,0.12000
,,,-0.00014080000,3.92000,0.08000
,,,-0.00014060001,3.92000,0.04000
,,,-0.00014040001,3.92000,0.08000
,,,-0.00014020001,3.92000,0.08000
,,,-0.00014000000,3.92000,0.08000
,,,-0.00013980000,3.92000,0.04000
,,,-0.00013960000,4.00000,0.08000
,,,-0.00013940000,3.92000,0.12000
,,,-0.00013920000,4.00000,0.12000
,,,-0.00013900000,4.00000,0.08000
,,,-0.00013879999,4.00000,0.12000
,,,-0.00013860001,3.92000,0.08000
,,,-0.00013840001,4.00000,0.08000
,,,-0.00013820000,3.92000,0.12000
,,,-0.00013800000,3.92000,0.08000
,,,-0.00013780000,4.00000,0.08000
,,,-0.00013760000,3.92000,0.08000
,,,-0.00013740000,3.92000,0.08000
,,,-0.00013720000,4.00000,0.12000
,,,-0.00013700000,3.92000,0.08000
,,,-0.00013680001,4.00000,0.08000
,,,-0.00013660001,3.92000,0.08000
,,,-0.00013640001,3.92000,0.08000
,,,-0.00013620000,4.00000,0.12000
,,,-0.00013600000,4.00000,0.12000
,,,-0.00013580000,4.00000,0.08000
,,,-0.00013560000,4.00000,0.08000
,,,-0.00013540000,4.00000,0.08000
,,,-0.00013520000,4.00000,0.08000
,,,-0.00013499999,4.00000,0.12000
,,,-0.00013480001,3.92000,0.12000
,,,-0.00013460001,3.92000,0.08000
,,,-0.00013440000,4.00000,0.08000
,,,-0.00013420000,3.92000,0.12000
,,,-0.00013400000,4.00000,0.12000
,,,-0.00013380000,4.00000,0.08000
,,,-0.00013360000,4.00000,0.04000
,,,-0.00013340000,3.92000,0.08000
,,,-0.00013320000,4.00000,0.04000
,,,-0.00013300001,4.00000,0.12000
,,,-0.00013280001,4.00000,0.04000
,,,-0.00013260001,4.00000,0.08000
,,,-0.00013240000,4.00000,0.08000
,,,-0.00013220000,4.00000,0.04000
,,,-0.00013200000,4.00000,0.08000
,,,-0.00013180000,4.00000,0.12000
,,,-0.00013160000,4.00000,0.12000
,,,-0.00013140000,4.00000,0.12000
,,,-0.00013119999,4.00000,0.08000
,,,-0.00013100001,4.00000,0.08000
,,,-0.00013080001,3.92000,0.04000
,,,-0.00013060000,4.00000,0.12000
,,,-0.00013040000,4.00000,0.08000
,,,-0.00013020000,4.00000,0.08000
,,,-0.00013000000,3.92000,0.04000
,,,-0.00012980000,3.92000,0.08000
,,,-0.00012960000,4.00000,0.08000
,,,-0.00012940000,3.92000,0.08000
,,,-0.00012919999,4.00000,0.08000
,,,-0.00012900001,4.00000,0.08000
,,,-0.00012880001,4.00000,0.04000
,,,-0.00012860000,4.00000,0.08000
,,,-0.00012840000,4.00000,0.08000
,,,-0.00012820000,4.00000,0.08000
,,,-0.00012800000,3.92000,0.12000
,,,-0.00012780000,3.92000,0.12000
,,,-0.00012760000,4.00000,0.08000
,,,-0.00012740000,3.92000,0.08000
,,,-0.00012720001,3.92000,0.12000
,,,-0.00012700001,3.92000,0.08000
,,,-0.00012680001,4.00000,0.08000
,,,-0.00012660000,3.92000,0.04000
,,,-0.00012640000,4.00000,0.12000
,,,-0.00012620000,4.00000,0.08000
,,,-0.00012600000,3.92000,0.08000
,,,-0.00012580000,4.00000,0.08000
,,,-0.00012560000,4.00000,0.04000
,,,-0.00012539999,4.00000,0.08000
,,,-0.00012520001,4.00000,0.08000
,,,-0.00012500001,4.00000,0.08000
,,,-0.00012480000,4.00000,0.08000
,,,-0.00012460000,3.92000,0.12000
,,,-0.00012440000,3.92000,0.08000
,,,-0.00012420000,3.92000,0.12000
,,,-0.00012400000,3.92000,0.08000
,,,-0.00012380000,4.00000,0.08000
,,,-0.00012360000,4.00000,0.04000
,,,-0.00012340001,3.92000,0.04000
,,,-0.00012320001,3.92000,0.12000
,,,-0.00012300001,4.00000,0.08000
,,,-0.00012280000,4.00000,0.08000
,,,-0.00012260000,4.00000,0.08000
,,,-0.00012240000,4.00000,0.08000
,,,-0.00012220000,4.00000,0.04000
,,,-0.00012200000,4.00000,0.08000
,,,-0.00012180000,3.92000,0.08000
,,,-0.00012160000,3.92000,0.08000
,,,-0.00012140000,3.92000,0.08000
,,,-0.00012120000,3.92000,0.12000
,,,-0.00012100000,3.92000,0.12000
,,,-0.00012080000,3.92000,0.12000
,,,-0.00012060000,3.92000,0.12000
,,,-0.00012040000,3.92000,0.12000
,,,-0.00012020000,3.92000,0.12000
,,,-0.00012000000,4.00000,0.08000
,,,-0.00011980000,4.00000,0.12000
,,,-0.00011960000,4.00000,0.12000
,,,-0.00011940000,4.00000,0.08000
,,,-0.00011920000,4.00000,0.12000
,,,-0.00011900000,4.00000,0.12000
,,,-0.00011880000,4.00000,0.12000
,,,-0.00011860000,4.00000,0.08000
,,,-0.00011840000,3.92000,0.04000
,,,-0.00011820000,3.92000,0.12000
,,,-0.00011800000,3.92000,0.12000
,,,-0.00011780000,4.00000,0.12000
,,,-0.00011760000,3.92000,0.08000
,,,-0.00011740000,4.00000,0.08000
,,,-0.00011720000,3.92000,0.08000
,,,-0.00011700000,3.92000,0.12000
,,,-0.00011680000,4.00000,0.08000
,,,-0.00011660000,3.92000,0.08000
,,,-0.00011640000,3.92000,0.12000
,,,-0.00011620000,4.00000,0.08000
,,,-0.00011600000,4.00000,0.08000
,,,-0.00011580000,4.00000,0.08000
,,,-0.00011560000,3.92000,0.12000
,,,-0.00011540000,4.00000,0.04000
,,,-0.00011520000,3.92000,0.08000
,,,-0.00011500000,4.00000,0.12000
,,,-0.00011480000,4.00000,0.08000
,,,-0.00011460000,3.92000,0.08000
,,,-0.00011440000,4.00000,0.04000
,,,-0.00011420000,4.00000,0.08000
,,,-0.00011400000,3.92000,0.08000
,,,-0.00011380000,3.92000,0.08000
,,,-0.00011360000,3.92000,0.08000
,,,-0.00011340000,3.92000,0.08000
,,,-0.00011320000,3.92000,0.08000
,,,-0.00011300000,3.92000,0.08000
,,,-0.00011280000,4.00000,0.08000
,,,-0.00011260000,4.00000,0.08000
,,,-0.00011240000,4.00000,0.08000
,,,-0.00011220000,4.00000,0.08000
,,,-0.00011200000,3.92000,0.08000
,,,-0.00011180000,4.00000,0.12000
,,,-0.00011160000,4.00000,0.08000
,,,-0.00011140000,3.92000,0.08000
,,,-0.00011120000,3.92000,0.08000
,,,-0.00011100000,3.92000,0.12000
,,,-0.00011080000,3.92000,0.08000
,,,-0.00011060000,3.92000,0.08000
,,,-0.00011040000,4.00000,0.08000
,,,-0.00011020000,3.92000,0.08000
,,,-0.00011000000,3.92000,0.08000
,,,-0.00010980000,3.92000,0.08000
,,,-0.00010960000,4.00000,0.12000
,,,-0.00010940000,4.00000,0.12000
,,,-0.00010920000,4.00000,0.08000
,,,-0.00010900000,4.00000,0.12000
,,,-0.00010880000,4.00000,0.04000
,,,-0.00010860000,4.00000,0.04000
,,,-0.00010840000,4.00000,0.08000
,,,-0.00010820000,3.92000,0.12000
,,,-0.00010800000,3.92000,0.08000
,,,-0.00010780000,3.92000,0.08000
,,,-0.00010760000,4.00000,0.12000
,,,-0.00010740000,3.92000,0.08000
,,,-0.00010720000,4.00000,0.08000
,,,-0.00010700000,4.00000,0.04000
,,,-0.00010680000,4.00000,0.08000
,,,-0.00010660000,3.92000,0.08000
,,,-0.00010640000,3.92000,0.12000
,,,-0.00010620000,4.00000,0.08000
,,,-0.00010600000,4.00000,0.12000
,,,-0.00010580000,4.00000,0.08000
,,,-0.00010560000,3.92000,0.08000
,,,-0.00010540000,3.92000,0.12000
,,,-0.00010520000,3.92000,0.08000
,,,-0.00010500000,3.92000,0.08000
,,,-0.00010480000,3.92000,0.12000
,,,-0.00010460000,4.00000,0.08000
,,,-0.00010440000,4.00000,0.12000
,,,-0.00010420000,3.92000,0.08000
,,,-0.00010400000,3.92000,0.12000
,,,-0.00010380000,3.92000,0.08000
,,,-0.00010360000,4.00000,0.12000
,,,-0.00010340000,3.92000,0.08000
,,,-0.00010320000,4.00000,0.08000
,,,-0.00010300000,3.92000,0.08000
,,,-0.00010280000,4.00000,0.08000
,,,-0.00010260000,4.00000,0.08000
,,,-0.00010240000,4.00000,0.08000
,,,-0.00010220000,3.92000,0.08000
,,,-0.00010200000,4.00000,0.08000
,,,-0.00010180000,4.00000,0.08000
,,,-0.00010160000,4.00000,0.08000
,,,-0.00010140000,4.00000,0.08000
,,,-0.00010120000,4.00000,0.12000
,,,-0.00010100000,4.00000,0.08000
,,,-0.00010080000,3.92000,0.08000
,,,-0.00010060000,4.00000,0.08000
,,,-0.00010040000,3.92000,0.12000
,,,-0.00010020000,3.92000,0.12000
,,,-0.00010000000,4.00000,0.08000
,,,-0.00009980000,4.00000,0.08000
,,,-0.00009960000,4.00000,0.08000
,,,-0.00009940000,4.00000,0.04000
,,,-0.00009920000,4.00000,0.08000
,,,-0.00009900000,4.00000,0.08000
,,,-0.00009880000,4.00000,0.08000
,,,-0.00009860000,4.00000,0.08000
,,,-0.00009840000,4.00000,0.12000
,,,-0.00009820000,3.92000,0.12000
,,,-0.00009800000,3.92000,0.08000
,,,-0.00009780000,3.92000,0.12000
,,,-0.00009760000,3.92000,0.08000
,,,-0.00009740000,4.00000,0.12000
,,,-0.00009720000,3.92000,0.08000
,,,-0.00009700000,3.92000,0.12000
,,,-0.00009680000,4.00000,0.08000
,,,-0.00009660000,3.92000,0.08000
,,,-0.00009640000,4.00000,0.12000
,,,-0.00009620000,3.92000,0.08000
,,,-0.00009600000,4.00000,0.12000
,,,-0.00009580000,4.00000,0.08000
,,,-0.00009560000,4.00000,0.08000
,,,-0.00009540000,4.00000,0.08000
,,,-0.00009520000,4.00000,0.08000
,,,-0.00009500000,4.00000,0.08000
,,,-0.00009480000,4.00000,0.08000
,,,-0.00009460000,3.92000,0.12000
,,,-0.00009440000,3.92000,0.08000
,,,-0.00009420000,3.92000,0.12000
,,,-0.00009400000,3.92000,0.08000
,,,-0.00009380000,4.00000,0.12000
,,,-0.00009360000,4.00000,0.12000
,,,-0.00009340000,3.92000,0.08000
,,,-0.00009320000,4.00000,0.08000
,,,-0.00009300000,4.00000,0.08000
,,,-0.00009280000,3.92000,0.12000
,,,-0.00009260000,4.00000,0.08000
,,,-0.00009240000,4.00000,0.12000
,,,-0.00009220000,4.00000,0.08000
,,,-0.00009200000,4.00000,0.12000
,,,-0.00009180000,3.92000,0.08000
,,,-0.00009160000,4.00000,0.08000
,,,-0.00009140000,4.00000,0.08000
,,,-0.00009120000,4.00000,0.08000
,,,-0.00009100000,4.00000,0.08000
,,,-0.00009080000,4.00000,0.08000
,,,-0.00009060000,3.92000,0.08000
,,,-0.00009040000,3.92000,0.08000
,,,-0.00009020000,3.92000,0.08000
,,,-0.00009000000,3.92000,0.12000
,,,-0.00008980000,4.00000,0.12000
,,,-0.00008960000,4.00000,0.08000
,,,-0.00008940000,3.92000,0.08000
,,,-0.00008920000,4.00000,0.12000
,,,-0.00008900000,4.00000,0.08000
,,,-0.00008880000,4.00000,0.08000
,,,-0.00008860000,4.00000,0.08000
,,,-0.00008840000,4.00000,0.08000
,,,-0.00008820000,3.92000,0.08000
,,,-0.00008800000,4.00000,0.12000
,,,-0.00008780000,3.92000,0.12000
,,,-0.00008760000,3.92000,0.08000
,,,-0.00008740000,3.92000,0.12000
,,,-0.00008720000,3.92000,0.12000
,,,-0.00008700000,4.00000,0.08000
,,,-0.00008680000,4.00000,0.12000
,,,-0.00008660000,4.00000,0.12000
,,,-0.00008640000,4.00000,0.08000
,,,-0.00008620000,4.00000,0.08000
,,,-0.00008600000,4.00000,0.08000
,,,-0.00008580000,4.00000,0.08000
,,,-0.00008560000,4.00000,0.08000
,,,-0.00008540000,4.00000,0.08000
,,,-0.00008520000,4.00000,0.08000
,,,-0.00008500000,4.00000,0.08000
,,,-0.00008480000,4.00000,0.12000
,,,-0.00008460000,4.00000,0.12000
,,,-0.00008440000,4.00000,0.12000
,,,-0.00008420000,3.92000,0.12000
,,,-0.00008400000,3.92000,0.12000
,,,-0.00008380000,4.00000,0.12000
,,,-0.00008360000,3.92000,0.08000
,,,-0.00008340000,3.92000,0.08000
,,,-0.00008320000,3.92000,0.08000
,,,-0.00008300000,4.00000,0.08000
,,,-0.00008280000,3.92000,0.08000
,,,-0.00008260000,4.00000,0.12000
,,,-0.00008240000,4.00000,0.08000
,,,-0.00008220000,4.00000,0.12000
,,,-0.00008200000,4.00000,0.08000
,,,-0.00008180000,4.00000,0.08000
,,,-0.00008160000,3.92000,0.08000
,,,-0.00008140000,4.00000,0.12000
,,,-0.00008120000,4.00000,0.08000
,,,-0.00008100000,3.92000,0.12000
,,,-0.00008080000,3.92000,0.12000
,,,-0.00008060000,3.92000,0.12000
,,,-0.00008040000,4.00000,0.12000
,,,-0.00008020000,4.00000,0.08000
,,,-0.00008000000,4.00000,0.08000
,,,-0.00007980000,4.00000,0.04000
,,,-0.00007960000,3.92000,0.08000
,,,-0.00007940000,4.00000,0.08000
,,,-0.00007920000,4.00000,0.12000
,,,-0.00007900000,4.00000,0.12000
,,,-0.00007880000,4.00000,0.08000
,,,-0.00007860000,4.00000,0.08000
,,,-0.00007840000,4.00000,0.12000
,,,-0.00007820000,3.92000,0.12000
,,,-0.00007800000,4.00000,0.12000
,,,-0.00007780000,3.92000,0.08000
,,,-0.00007760000,3.92000,0.12000
,,,-0.00007740000,3.92000,0.08000
,,,-0.00007720000,3.92000,0.08000
,,,-0.00007700000,3.92000,0.08000
,,,-0.00007680000,4.00000,0.08000
,,,-0.00007660000,3.92000,0.12000
,,,-0.00007640000,3.92000,0.12000
,,,-0.00007620000,3.92000,0.12000
,,,-0.00007600000,4.00000,0.08000
,,,-0.00007580000,3.92000,0.08000
,,,-0.00007560000,4.00000,0.08000
,,,-0.00007540000,4.00000,0.08000
,,,-0.00007520000,3.92000,0.08000
,,,-0.00007500000,4.00000,0.08000
,,,-0.00007480000,3.92000,0.12000
,,,-0.00007460000,4.00000,0.12000
,,,-0.00007440000,4.00000,0.08000
,,,-0.00007420000,4.00000,0.12000
,,,-0.00007400000,4.00000,0.12000
,,,-0.00007380000,4.00000,0.08000
,,,-0.00007360000,4.00000,0.12000
,,,-0.00007340000,3.92000,0.08000
,,,-0.00007320000,4.00000,0.12000
,,,-0.00007300000,4.00000,0.08000
,,,-0.00007280000,3.92000,0.08000
,,,-0.00007260000,4.00000,0.04000
,,,-0.00007240000,3.92000,0.04000
,,,-0.00007220000,4.00000,0.12000
,,,-0.00007200000,4.00000,0.08000
,,,-0.00007180000,3.92000,0.12000
,,,-0.00007160000,4.00000,0.08000
,,,-0.00007140000,4.00000,0.12000
,,,-0.00007120000,4.00000,0.08000
,,,-0.00007100000,4.00000,0.08000
,,,-0.00007080000,3.92000,0.08000
,,,-0.00007060000,4.00000,0.08000
,,,-0.00007040000,3.92000,0.08000
,,,-0.00007020000,4.00000,0.08000
,,,-0.00007000000,4.00000,0.08000
,,,-0.00006980000,3.92000,0.08000
,,,-0.00006960000,3.92000,0.08000
,,,-0.00006940000,3.92000,0.08000
,,,-0.00006920000,4.00000,0.08000
,,,-0.00006900000,3.92000,0.12000
,,,-0.00006880000,4.00000,0.08000
,,,-0.00006860000,4.00000,0.08000
,,,-0.00006840000,4.00000,0.08000
,,,-0.00006820000,3.92000,0.12000
,,,-0.00006800000,4.00000,0.08000
,,,-0.00006780000,4.00000,0.12000
,,,-0.00006760000,4.00000,0.12000
,,,-0.00006740000,4.00000,0.08000
,,,-0.00006720000,4.00000,0.08000
,,,-0.00006700000,4.00000,0.12000
,,,-0.00006680000,4.00000,0.12000
,,,-0.00006660000,3.92000,0.12000
,,,-0.00006640000,3.92000,0.08000
,,,-0.00006620000,4.00000,0.12000
,,,-0.00006600000,4.00000,0.08000
,,,-0.00006580000,4.00000,0.12000
,,,-0.00006560000,4.00000,0.12000
,,,-0.00006540000,4.00000,0.08000
,,,-0.00006520000,4.00000,0.12000
,,,-0.00006500000,4.00000,0.08000
,,,-0.00006480000,3.92000,0.08000
,,,-0.00006460000,4.00000,0.08000
,,,-0.00006440000,3.92000,0.12000
,,,-0.00006420000,3.92000,0.12000
,,,-0.00006400000,4.00000,0.12000
,,,-0.00006380000,3.92000,0.08000
,,,-0.00006360000,4.00000,0.08000
,,,-0.00006340000,3.92000,0.12000
,,,-0.00006320000,3.92000,0.12000
,,,-0.00006300000,4.00000,0.12000
,,,-0.00006280000,3.92000,0.08000
,,,-0.00006260000,3.92000,0.08000
,,,-0.00006240000,3.92000,0.12000
,,,-0.00006220000,4.00000,0.08000
,,,-0.00006200000,4.00000,0.08000
,,,-0.00006180000,4.00000,0.08000
,,,-0.00006160000,4.00000,0.08000
,,,-0.00006140000,4.00000,0.12000
,,,-0.00006120000,4.00000,0.08000
,,,-0.00006100000,4.00000,0.12000
,,,-0.00006080000,4.00000,0.12000
,,,-0.00006060000,4.00000,0.08000
,,,-0.00006040000,4.00000,0.08000
,,,-0.00006020000,4.00000,0.08000
,,,-0.00006000000,3.92000,0.08000
,,,-0.00005980000,3.92000,0.08000
,,,-0.00005960000,4.00000,0.08000
,,,-0.00005940000,3.92000,0.12000
,,,-0.00005920000,3.92000,0.12000
,,,-0.00005900000,4.00000,0.08000
,,,-0.00005880000,4.00000,0.12000
,,,-0.00005860000,4.00000,0.08000
,,,-0.00005840000,4.00000,0.08000
,,,-0.00005820000,4.00000,0.08000
,,,-0.00005800000,4.00000,0.08000
,,,-0.00005780000,4.00000,0.08000
,,,-0.00005760000,4.00000,0.08000
,,,-0.00005740000,4.00000,0.12000
,,,-0.00005720000,4.00000,0.08000
,,,-0.00005700000,3.92000,0.04000
,,,-0.00005680000,4.00000,0.12000
,,,-0.00005660000,3.92000,0.12000
,,,-0.00005640000,4.00000,0.08000
,,,-0.00005620000,3.92000,0.08000
,,,-0.00005600000,4.00000,0.08000
,,,-0.00005580000,4.00000,0.08000
,,,-0.00005560000,3.92000,0.08000
,,,-0.00005540000,4.00000,0.12000
,,,-0.00005520000,4.00000,0.08000
,,,-0.00005500000,4.00000,0.04000
,,,-0.00005480000,4.00000,0.08000
,,,-0.00005460000,4.00000,0.12000
,,,-0.00005440000,4.00000,0.08000
,,,-0.00005420000,4.00000,0.08000
,,,-0.00005400000,3.92000,0.12000
,,,-0.00005380000,4.00000,0.12000
,,,-0.00005360000,3.92000,0.12000
,,,-0.00005340000,4.00000,0.12000
,,,-0.00005320000,4.00000,0.12000
,,,-0.00005300000,3.92000,0.08000
,,,-0.00005280000,4.00000,0.08000
,,,-0.00005260000,3.92000,0.08000
,,,-0.00005240000,4.00000,0.08000
,,,-0.00005220000,4.00000,0.08000
,,,-0.00005200000,4.00000,0.08000
,,,-0.00005180000,4.00000,0.08000
,,,-0.00005160000,4.00000,0.04000
,,,-0.00005140000,4.00000,0.12000
,,,-0.00005120000,3.92000,0.08000
,,,-0.00005100000,4.00000,0.12000
,,,-0.00005080000,3.92000,0.12000
,,,-0.00005060000,4.00000,0.12000
,,,-0.00005040000,3.92000,0.08000
,,,-0.00005020000,3.92000,0.08000
,,,-0.00005000000,3.92000,0.12000
,,,-0.00004980000,3.92000,0.08000
,,,-0.00004960000,3.92000,0.12000
,,,-0.00004940000,3.92000,0.08000
,,,-0.00004920000,4.00000,0.08000
,,,-0.00004900000,4.00000,0.12000
,,,-0.00004880000,4.00000,0.08000
,,,-0.00004860000,3.92000,0.04000
,,,-0.00004840000,4.00000,0.12000
,,,-0.00004820000,4.00000,0.12000
,,,-0.00004800000,4.00000,0.12000
,,,-0.00004780000,4.00000,0.08000
,,,-0.00004760000,4.00000,0.08000
,,,-0.00004740000,3.92000,0.08000
,,,-0.00004720000,3.92000,0.08000
,,,-0.00004700000,4.00000,0.12000
,,,-0.00004680000,4.00000,0.08000
,,,-0.00004660000,4.00000,0.12000
,,,-0.00004640000,4.00000,0.12000
,,,-0.00004620000,4.00000,0.12000
,,,-0.00004600000,3.92000,0.08000
,,,-0.00004580000,3.92000,0.08000
,,,-0.00004560000,4.00000,0.08000
,,,-0.00004540000,4.00000,0.12000
,,,-0.00004520000,4.00000,0.12000
,,,-0.00004500000,4.00000,0.08000
,,,-0.00004480000,4.00000,0.08000
,,,-0.00004460000,4.00000,0.08000
,,,-0.00004440000,4.00000,0.08000
,,,-0.00004420000,4.00000,0.08000
,,,-0.00004400000,3.92000,0.12000
,,,-0.00004380000,4.00000,0.12000
,,,-0.00004360000,4.00000,0.08000
,,,-0.00004340000,4.00000,0.12000
,,,-0.00004320000,4.00000,0.08000
,,,-0.00004300000,3.92000,0.12000
,,,-0.00004280000,3.92000,0.08000
,,,-0.00004260000,3.92000,0.08000
,,,-0.00004240000,4.00000,0.12000
,,,-0.00004220000,4.00000,0.04000
,,,-0.00004200000,4.08000,0.12000
,,,-0.00004180000,4.00000,0.08000
,,,-0.00004160000,4.00000,0.04000
,,,-0.00004140000,4.00000,0.12000
,,,-0.00004120000,4.00000,0.08000
,,,-0.00004100000,4.00000,0.08000
,,,-0.00004080000,4.00000,0.12000
,,,-0.00004060000,4.00000,0.08000
,,,-0.00004040000,3.92000,0.08000
,,,-0.00004020000,4.00000,0.12000
,,,-0.00004000000,3.92000,0.12000
,,,-0.00003980000,4.00000,0.08000
,,,-0.00003960000,4.00000,0.08000
,,,-0.00003940000,4.00000,0.12000
,,,-0.00003920000,3.92000,0.08000
,,,-0.00003900000,4.00000,0.08000
,,,-0.00003880000,3.92000,0.08000
,,,-0.00003860000,4.00000,0.12000
,,,-0.00003840000,3.92000,0.08000
,,,-0.00003820000,4.00000,0.08000
,,,-0.00003800000,3.92000,0.12000
,,,-0.00003780000,4.00000,0.12000
,,,-0.00003760000,4.00000,0.12000
,,,-0.00003740000,4.00000,0.12000
,,,-0.00003720000,3.92000,0.12000
,,,-0.00003700000,4.00000,0.08000
,,,-0.00003680000,4.00000,0.08000
,,,-0.00003660000,4.00000,0.08000
,,,-0.00003640000,4.00000,0.08000
,,,-0.00003620000,4.00000,0.08000
,,,-0.00003600000,4.00000,0.08000
,,,-0.00003580000,4.00000,0.08000
,,,-0.00003560000,3.92000,0.12000
,,,-0.00003540000,4.00000,0.08000
,,,-0.00003520000,4.00000,0.08000
,,,-0.00003500000,3.92000,0.12000
,,,-0.00003480000,4.00000,0.12000
,,,-0.00003460000,4.00000,0.08000
,,,-0.00003440000,4.00000,0.08000
,,,-0.00003420000,3.92000,0.12000
,,,-0.00003400000,4.00000,0.08000
,,,-0.00003380000,4.00000,0.08000
,,,-0.00003360000,4.00000,0.08000
,,,-0.00003340000,4.00000,0.08000
,,,-0.00003320000,3.92000,0.08000
,,,-0.00003300000,4.00000,0.08000
,,,-0.00003280000,3.92000,0.08000
,,,-0.00003260000,4.00000,0.04000
,,,-0.00003240000,3.92000,0.08000
,,,-0.00003220000,4.00000,0.12000
,,,-0.00003200000,4.00000,0.08000
,,,-0.00003180000,4.00000,0.12000
,,,-0.00003160000,3.92000,0.12000
,,,-0.00003140000,4.00000,0.12000
,,,-0.00003120000,3.92000,0.12000
,,,-0.00003100000,4.00000,0.12000
,,,-0.00003080000,4.00000,0.08000
,,,-0.00003060000,3.92000,0.08000
,,,-0.00003040000,3.92000,0.12000
,,,-0.00003020000,4.00000,0.08000
,,,-0.00003000000,3.92000,0.12000
,,,-0.00002980000,4.00000,0.08000
,,,-0.00002960000,4.00000,0.12000
,,,-0.00002940000,4.00000,0.08000
,,,-0.00002920000,3.92000,0.12000
,,,-0.00002900000,4.00000,0.08000
,,,-0.00002880000,3.92000,0.12000
,,,-0.00002860000,4.00000,0.12000
,,,-0.00002840000,4.00000,0.08000
,,,-0.00002820000,4.00000,0.04000
,,,-0.00002800000,3.92000,0.08000
,,,-0.00002780000,4.00000,0.12000
,,,-0.00002760000,3.92000,0.08000
,,,-0.00002740000,4.00000,0.12000
,,,-0.00002720000,3.92000,0.12000
,,,-0.00002700000,3.92000,0.08000
,,,-0.00002680000,4.00000,0.08000
,,,-0.00002660000,4.00000,0.08000
,,,-0.00002640000,3.92000,0.12000
,,,-0.00002620000,4.00000,0.08000
,,,-0.00002600000,4.00000,0.08000
,,,-0.00002580000,4.00000,0.08000
,,,-0.00002560000,4.00000,0.08000
,,,-0.00002540000,4.00000,0.12000
,,,-0.00002520000,4.00000,0.08000
,,,-0.00002500000,4.00000,0.08000
,,,-0.00002480000,4.00000,0.08000
,,,-0.00002460000,4.00000,0.08000
,,,-0.00002440000,3.92000,0.12000
,,,-0.00002420000,4.00000,0.08000
,,,-0.00002400000,4.00000,0.12000
,,,-0.00002380000,4.00000,0.08000
,,,-0.00002360000,4.00000,0.12000
,,,-0.00002340000,4.00000,0.12000
,,,-0.00002320000,4.00000,0.12000
,,,-0.00002300000,3.92000,0.08000
,,,-0.00002280000,3.92000,0.12000
,,,-0.00002260000,4.00000,0.08000
,,,-0.00002240000,3.92000,0.08000
,,,-0.00002220000,4.00000,0.12000
,,,-0.00002200000,4.00000,0.04000
,,,-0.00002180000,4.00000,0.08000
,,,-0.00002160000,4.00000,0.12000
,,,-0.00002140000,4.00000,0.04000
,,,-0.00002120000,4.00000,0.12000
,,,-0.00002100000,4.00000,0.08000
,,,-0.00002080000,4.00000,0.08000
,,,-0.00002060000,4.00000,0.08000
,,,-0.00002040000,3.92000,0.08000
,,,-0.00002020000,3.92000,0.08000
,,,-0.00002000000,4.00000,0.08000
,,,-0.00001980000,4.00000,0.08000
,,,-0.00001960000,3.92000,0.08000
,,,-0.00001940000,3.92000,0.12000
,,,-0.00001920000,3.92000,0.12000
,,,-0.00001900000,3.92000,0.12000
,,,-0.00001880000,4.00000,0.08000
,,,-0.00001860000,3.92000,0.08000
,,,-0.00001840000,4.00000,0.08000
,,,-0.00001820000,4.00000,0.08000
,,,-0.00001800000,4.00000,0.12000
,,,-0.00001780000,3.92000,0.12000
,,,-0.00001760000,3.92000,0.08000
,,,-0.00001740000,4.00000,0.08000
,,,-0.00001720000,3.92000,0.08000
,,,-0.00001700000,4.00000,0.12000
,,,-0.00001680000,4.00000,0.08000
,,,-0.00001660000,4.00000,0.12000
,,,-0.00001640000,3.92000,0.08000
,,,-0.00001620000,4.00000,0.08000
,,,-0.00001600000,3.92000,0.12000
,,,-0.00001580000,4.00000,0.12000
,,,-0.00001560000,4.00000,0.12000
,,,-0.00001540000,4.00000,0.08000
,,,-0.00001520000,4.00000,0.08000
,,,-0.00001500000,4.00000,0.04000
,,,-0.00001480000,4.00000,0.08000
,,,-0.00001460000,4.00000,0.08000
,,,-0.00001440000,4.00000,0.12000
,,,-0.00001420000,4.00000,0.12000
,,,-0.00001400000,4.00000,0.08000
,,,-0.00001380000,3.92000,0.12000
,,,-0.00001360000,4.00000,0.12000
,,,-0.00001340000,3.92000,0.12000
,,,-0.00001320000,3.92000,0.12000
,,,-0.00001300000,3.92000,0.08000
,,,-0.00001280000,4.00000,0.12000
,,,-0.00001260000,4.00000,0.08000
,,,-0.00001240000,3.92000,0.12000
,,,-0.00001220000,4.00000,0.08000
,,,-0.00001200000,4.00000,0.12000
,,,-0.00001180000,4.00000,0.08000
,,,-0.00001160000,3.92000,0.08000
,,,-0.00001140000,4.00000,0.08000
,,,-0.00001120000,4.00000,0.12000
,,,-0.00001100000,4.00000,0.04000
,,,-0.00001080000,4.00000,0.08000
,,,-0.00001060000,4.00000,0.12000
,,,-0.00001040000,4.00000,0.08000
,,,-0.00001020000,4.00000,0.12000
,,,-0.00001000000,4.00000,0.08000
,,,-0.00000980000,3.92000,0.08000
,,,-0.00000960000,3.92000,0.08000
,,,-0.00000940000,4.00000,0.08000
,,,-0.00000920000,3.92000,0.12000
,,,-0.00000900000,4.00000,0.08000
,,,-0.00000880000,3.92000,0.04000
,,,-0.00000860000,4.00000,0.08000
,,,-0.00000840000,4.00000,0.04000
,,,-0.00000820000,4.00000,0.08000
,,,-0.00000800000,4.00000,0.08000
,,,-0.00000780000,4.00000,0.12000
,,,-0.00000760000,4.00000,0.12000
,,,-0.00000740000,4.00000,0.12000
,,,-0.00000720000,4.00000,0.12000
,,,-0.00000700000,4.00000,0.12000
,,,-0.00000680000,3.92000,0.12000
,,,-0.00000660000,4.00000,0.12000
,,,-0.00000640000,4.00000,0.12000
,,,-0.00000620000,4.00000,0.04000
,,,-0.00000600000,3.92000,0.04000
,,,-0.00000580000,4.00000,0.08000
,,,-0.00000560000,4.00000,0.08000
,,,-0.00000540000,4.00000,0.12000
,,,-0.00000520000,4.00000,0.12000
,,,-0.00000500000,4.00000,0.12000
,,,-0.00000480000,3.92000,0.08000
,,,-0.00000460000,4.00000,0.08000
,,,-0.00000440000,4.00000,0.08000
,,,-0.00000420000,4.00000,0.12000
,,,-0.00000400000,3.92000,0.08000
,,,-0.00000380000,4.00000,0.08000
,,,-0.00000360000,3.92000,0.08000
,,,-0.00000340000,3.92000,0.08000
,,,-0.00000320000,3.92000,0.12000
,,,-0.00000300000,3.92000,0.12000
,,,-0.00000280000,3.92000,0.08000
,,,-0.00000260000,4.00000,0.04000
,,,-0.00000240000,4.00000,0.08000
,,,-0.00000220000,4.00000,0.08000
,,,-0.00000200000,4.00000,0.08000
,,,-0.00000180000,4.00000,0.08000
,,,-0.00000160000,4.00000,0.08000
,,,-0.00000140000,3.92000,0.08000
,,,-0.00000120000,4.00000,0.08000
,,,-0.00000100000,3.92000,0.08000
,,,-0.00000080000,4.00000,0.08000
,,,-0.00000060000,4.00000,0.08000
,,,-0.00000040000,4.00000,0.08000
,,,-0.00000020000,4.00000,0.08000
,,, 0.00000000000,4.00000,0.12000
,,, 0.00000020000,4.00000,0.08000
,,, 0.00000040000,4.00000,0.08000
,,, 0.00000060000,4.00000,0.08000
,,, 0.00000080000,3.92000,0.04000
,,, 0.00000100000,4.00000,0.08000
,,, 0.00000120000,4.00000,0.08000
,,, 0.00000140000,4.00000,0.12000
,,, 0.00000160000,0.00,5.08000
,,, 0.00000180000,0.16000,5.08000
,,, 0.00000200000,0.16000,5.12000
,,, 0.00000220000,0.16000,5.08000
,,, 0.00000240000,0.16000,5.08000
,,, 0.00000260000,0.16000,5.16000
,,, 0.00000280000,0.08000,5.08000
,,, 0.00000300000,0.08000,5.08000
,,, 0.00000320000,0.08000,5.08000
,,, 0.00000340000,0.16000,5.12000
,,, 0.00000360000,0.16000,5.08000
,,, 0.00000380000,0.16000,5.08000
,,, 0.00000400000,0.08000,5.08000
,,, 0.00000420000,0.16000,5.08000
,,, 0.00000440000,0.24000,5.08000
,,, 0.00000460000,0.16000,5.08000
,,, 0.00000480000,0.16000,5.04000
,,, 0.00000500000,0.16000,5.04000
,,, 0.00000520000,0.16000,5.04000
,,, 0.00000540000,0.16000,5.04000
,,, 0.00000560000,0.16000,5.04000
,,, 0.00000580000,0.16000,5.04000
,,, 0.00000600000,0.16000,5.08000
,,, 0.00000620000,0.16000,5.08000
,,, 0.00000640000,0.16000,5.04000
,,, 0.00000660000,0.16000,5.08000
,,, 0.00000680000,0.16000,5.04000
,,, 0.00000700000,0.24000,5.08000
,,, 0.00000720000,0.16000,5.08000
,,, 0.00000740000,0.24000,5.04000
,,, 0.00000760000,0.16000,5.08000
,,, 0.00000780000,0.16000,5.08000
,,, 0.00000800000,0.24000,5.08000
,,, 0.00000820000,0.16000,5.04000
,,, 0.00000840000,0.24000,5.04000
,,, 0.00000860000,0.24000,5.00000
,,, 0.00000880000,0.16000,5.04000
,,, 0.00000900000,0.24000,5.04000
,,, 0.00000920000,0.16000,5.04000
,,, 0.00000940000,0.24000,5.04000
,,, 0.00000960000,0.16000,5.04000
,,, 0.00000980000,0.16000,5.04000
,,, 0.00001000000,0.16000,5.04000
,,, 0.00001020000,0.16000,5.08000
,,, 0.00001040000,0.16000,5.04000
,,, 0.00001060000,0.24000,5.04000
,,, 0.00001080000,0.16000,5.04000
,,, 0.00001100000,0.16000,5.00000
,,, 0.00001120000,0.24000,5.04000
,,, 0.00001140000,0.24000,5.04000
,,, 0.00001160000,0.16000,5.04000
,,, 0.00001180000,0.24000,5.04000
,,, 0.00001200000,0.24000,5.08000
,,, 0.00001220000,0.16000,5.04000
,,, 0.00001240000,0.24000,5.04000
,,, 0.00001260000,0.24000,5.08000
,,, 0.00001280000,0.16000,5.04000
,,, 0.00001300000,0.24000,5.04000
,,, 0.00001320000,0.16000,5.04000
,,, 0.00001340000,0.24000,5.04000
,,, 0.00001360000,0.16000,5.04000
,,, 0.00001380000,0.16000,5.04000
,,, 0.00001400000,0.16000,5.04000
,,, 0.00001420000,0.24000,5.04000
,,, 0.00001440000,0.24000,5.04000
,,, 0.00001460000,0.24000,5.04000
,,, 0.00001480000,0.24000,5.04000
,,, 0.00001500000,0.16000,5.04000
,,, 0.00001520000,0.16000,5.04000
,,, 0.00001540000,0.16000,5.08000
,,, 0.00001560000,0.24000,5.08000
,,, 0.00001580000,0.24000,5.04000
,,, 0.00001600000,0.16000,5.04000
,,, 0.00001620000,0.24000,5.04000
,,, 0.00001640000,0.16000,5.08000
,,, 0.00001660000,0.24000,5.04000
,,, 0.00001680000,0.16000,5.08000
,,, 0.00001700000,0.16000,5.04000
,,, 0.00001720000,0.24000,5.08000
,,, 0.00001740000,0.16000,5.08000
,,, 0.00001760000,0.16000,5.04000
,,, 0.00001780000,0.16000,5.04000
,,, 0.00001800000,0.24000,5.04000
,,, 0.00001820000,0.24000,5.04000
,,, 0.00001840000,0.24000,5.04000
,,, 0.00001860000,0.16000,5.00000
,,, 0.00001880000,0.16000,5.08000
,,, 0.00001900000,0.16000,5.04000
,,, 0.00001920000,0.24000,5.08000
,,, 0.00001940000,0.16000,5.08000
,,, 0.00001960000,0.16000,5.08000
,,, 0.00001980000,0.16000,5.08000
,,, 0.00002000000,0.24000,5.04000
,,, 0.00002020000,0.16000,5.08000
,,, 0.00002040000,0.16000,5.08000
,,, 0.00002060000,0.24000,5.04000
,,, 0.00002080000,0.24000,5.04000
,,, 0.00002100000,0.24000,5.08000
,,, 0.00002120000,0.24000,5.04000
,,, 0.00002140000,0.24000,5.04000
,,, 0.00002160000,0.16000,5.04000
,,, 0.00002180000,0.24000,5.04000
,,, 0.00002200000,0.24000,5.04000
,,, 0.00002220000,0.16000,5.04000
,,, 0.00002240000,0.24000,5.08000
,,, 0.00002260000,0.24000,5.08000
,,, 0.00002280000,0.16000,5.04000
,,, 0.00002300000,0.16000,5.08000
,,, 0.00002320000,0.16000,5.08000
,,, 0.00002340000,0.24000,5.04000
,,, 0.00002360000,0.16000,5.08000
,,, 0.00002380000,0.16000,5.04000
,,, 0.00002400000,0.24000,5.08000
,,, 0.00002420000,0.16000,5.08000
,,, 0.00002440000,0.24000,5.04000
,,, 0.00002460000,0.16000,5.04000
,,, 0.00002480000,0.24000,5.08000
,,, 0.00002500000,0.24000,5.04000
,,, 0.00002520000,0.16000,5.08000
,,, 0.00002540000,0.24000,5.04000
,,, 0.00002560000,0.24000,5.04000
,,, 0.00002580000,0.16000,5.04000
,,, 0.00002600000,0.16000,5.04000
,,, 0.00002620000,0.16000,5.08000
,,, 0.00002640000,0.16000,5.04000
,,, 0.00002660000,0.16000,5.04000
,,, 0.00002680000,0.16000,5.04000
,,, 0.00002700000,0.08000,5.04000
,,, 0.00002720000,0.24000,5.08000
,,, 0.00002740000,0.16000,5.04000
,,, 0.00002760000,0.16000,5.04000
,,, 0.00002780000,0.24000,5.04000
,,, 0.00002800000,0.24000,5.08000
,,, 0.00002820000,0.16000,5.04000
,,, 0.00002840000,0.16000,5.04000
,,, 0.00002860000,0.24000,5.04000
,,, 0.00002880000,0.16000,5.08000
,,, 0.00002900000,0.24000,5.04000
,,, 0.00002920000,0.24000,5.04000
,,, 0.00002940000,0.24000,5.04000
,,, 0.00002960000,0.16000,5.04000
,,, 0.00002980000,0.16000,5.04000
,,, 0.00003000000,0.24000,5.04000
,,, 0.00003020000,0.24000,5.04000
,,, 0.00003040000,0.24000,5.08000
,,, 0.00003060000,0.16000,5.08000
,,, 0.00003080000,0.16000,5.04000
,,, 0.00003100000,0.16000,5.08000
,,, 0.00003120000,0.16000,5.04000
,,, 0.00003140000,0.24000,5.04000
,,, 0.00003160000,0.16000,5.08000
,,, 0.00003180000,0.24000,5.08000
,,, 0.00003200000,0.24000,5.04000
,,, 0.00003220000,0.24000,5.04000
,,, 0.00003240000,0.16000,5.08000
,,, 0.00003260000,0.24000,5.08000
,,, 0.00003280000,0.16000,5.04000
,,, 0.00003300000,0.24000,5.08000
,,, 0.00003320000,0.24000,5.04000
,,, 0.00003340000,0.16000,5.04000
,,, 0.00003360000,0.16000,5.04000
,,, 0.00003380000,0.16000,5.04000
,,, 0.00003400000,0.16000,5.04000
,,, 0.00003420000,0.16000,5.04000
,,, 0.00003440000,0.16000,5.04000
,,, 0.00003460000,0.16000,5.04000
,,, 0.00003480000,0.24000,5.04000
,,, 0.00003500000,0.24000,5.04000
,,, 0.00003520000,0.16000,5.08000
,,, 0.00003540000,0.16000,5.08000
,,, 0.00003560000,0.24000,5.04000
,,, 0.00003580000,0.16000,5.00000
,,, 0.00003600000,0.24000,5.08000
,,, 0.00003620000,0.16000,5.04000
,,, 0.00003640000,0.16000,5.08000
,,, 0.00003660000,0.24000,5.08000
,,, 0.00003680000,0.16000,5.04000
,,, 0.00003700000,0.16000,5.04000
,,, 0.00003720000,0.24000,5.04000
,,, 0.00003740000,0.16000,5.04000
,,, 0.00003760000,0.24000,5.08000
,,, 0.00003780000,0.16000,5.04000
,,, 0.00003800000,0.24000,5.04000
,,, 0.00003820000,0.24000,5.04000
,,, 0.00003840000,0.24000,5.08000
,,, 0.00003860000,0.16000,5.04000
,,, 0.00003880000,0.16000,5.04000
,,, 0.00003900000,0.24000,5.00000
,,, 0.00003920000,0.16000,5.04000
,,, 0.00003940000,0.16000,5.04000
,,, 0.00003960000,0.16000,5.08000
,,, 0.00003980000,0.24000,5.08000
,,, 0.00004000000,0.24000,5.08000
,,, 0.00004020000,0.16000,5.04000
,,, 0.00004040000,0.16000,5.04000
,,, 0.00004060000,0.16000,5.04000
,,, 0.00004080000,0.24000,5.00000
,,, 0.00004100000,0.24000,5.04000
,,, 0.00004120000,0.16000,5.04000
,,, 0.00004140000,0.16000,5.04000
,,, 0.00004160000,0.24000,5.04000
,,, 0.00004180000,0.24000,5.04000
,,, 0.00004200000,0.24000,5.04000
,,, 0.00004220000,0.24000,5.04000
,,, 0.00004240000,0.24000,5.04000
,,, 0.00004260000,0.24000,5.04000
,,, 0.00004280000,0.24000,5.04000
,,, 0.00004300000,0.16000,5.04000
,,, 0.00004320000,0.24000,5.08000
,,, 0.00004340000,0.24000,5.04000
,,, 0.00004360000,0.16000,5.04000
,,, 0.00004380000,0.16000,5.08000
,,, 0.00004400000,0.24000,5.04000
,,, 0.00004420000,0.24000,5.04000
,,, 0.00004440000,0.24000,5.04000
,,, 0.00004460000,0.16000,5.04000
,,, 0.00004480000,0.24000,5.04000
,,, 0.00004500000,0.24000,5.04000
,,, 0.00004520000,0.16000,5.04000
,,, 0.00004540000,0.16000,5.04000
,,, 0.00004560000,0.24000,5.04000
,,, 0.00004580000,0.24000,5.04000
,,, 0.00004600000,0.16000,5.04000
,,, 0.00004620000,0.24000,5.04000
,,, 0.00004640000,0.16000,5.08000
,,, 0.00004660000,0.24000,5.04000
,,, 0.00004680000,0.24000,5.04000
,,, 0.00004700000,0.24000,5.04000
,,, 0.00004720000,0.24000,5.04000
,,, 0.00004740000,0.16000,5.04000
,,, 0.00004760000,0.24000,5.04000
,,, 0.00004780000,0.16000,5.04000
,,, 0.00004800000,0.24000,5.04000
,,, 0.00004820000,0.24000,5.04000
,,, 0.00004840000,0.16000,5.04000
,,, 0.00004860000,0.24000,5.08000
,,, 0.00004880000,0.24000,5.04000
,,, 0.00004900000,0.16000,5.04000
,,, 0.00004920000,0.16000,5.04000
,,, 0.00004940000,0.24000,5.04000
,,, 0.00004960000,0.16000,5.04000
,,, 0.00004980000,0.16000,5.08000
,,, 0.00005000000,0.16000,5.04000
,,, 0.00005020000,0.16000,5.04000
,,, 0.00005040000,0.16000,5.04000
,,, 0.00005060000,0.16000,5.04000
,,, 0.00005080000,0.16000,5.00000
,,, 0.00005100000,0.24000,5.04000
,,, 0.00005120000,0.24000,5.04000
,,, 0.00005140000,0.16000,5.04000
,,, 0.00005160000,0.24000,5.04000
,,, 0.00005180000,0.16000,5.04000
,,, 0.00005200000,0.24000,5.04000
,,, 0.00005220000,0.24000,5.04000
,,, 0.00005240000,0.24000,5.04000
,,, 0.00005260000,0.24000,5.04000
,,, 0.00005280000,0.24000,5.04000
,,, 0.00005300000,0.16000,5.08000
,,, 0.00005320000,0.24000,5.04000
,,, 0.00005340000,0.16000,5.08000
,,, 0.00005360000,0.16000,5.08000
,,, 0.00005380000,0.16000,5.04000
,,, 0.00005400000,0.16000,5.08000
,,, 0.00005420000,0.24000,5.04000
,,, 0.00005440000,0.16000,5.04000
,,, 0.00005460000,0.24000,5.04000
,,, 0.00005480000,0.16000,5.04000
,,, 0.00005500000,0.24000,5.04000
,,, 0.00005520000,0.24000,5.04000
,,, 0.00005540000,0.24000,5.04000
,,, 0.00005560000,0.16000,5.08000
,,, 0.00005580000,0.16000,5.08000
,,, 0.00005600000,0.24000,5.04000
,,, 0.00005620000,0.16000,5.08000
,,, 0.00005640000,0.16000,5.04000
,,, 0.00005660000,0.16000,5.08000
,,, 0.00005680000,0.16000,5.08000
,,, 0.00005700000,0.16000,5.04000
,,, 0.00005720000,0.16000,5.04000
,,, 0.00005740000,0.24000,5.04000
,,, 0.00005760000,0.16000,5.08000
,,, 0.00005780000,0.24000,5.04000
,,, 0.00005800000,0.24000,5.04000
,,, 0.00005820000,0.24000,5.04000
,,, 0.00005840000,0.24000,5.08000
,,, 0.00005860000,0.24000,5.04000
,,, 0.00005880000,0.24000,5.08000
,,, 0.00005900000,0.24000,5.04000
,,, 0.00005920000,0.16000,5.08000
,,, 0.00005940000,0.24000,5.08000
,,, 0.00005960000,0.24000,5.04000
,,, 0.00005980000,0.16000,5.08000
,,, 0.00006000000,0.16000,5.04000
,,, 0.00006020000,0.16000,5.04000
,,, 0.00006040000,0.24000,5.04000
,,, 0.00006060000,0.16000,5.04000
,,, 0.00006080000,0.24000,5.04000
,,, 0.00006100000,0.24000,5.08000
,,, 0.00006120000,0.24000,5.04000
,,, 0.00006140000,0.24000,5.08000
,,, 0.00006160000,0.24000,5.04000
,,, 0.00006180000,0.24000,5.04000
,,, 0.00006200000,0.16000,5.08000
,,, 0.00006220000,0.16000,5.08000
,,, 0.00006240000,0.24000,5.04000
,,, 0.00006260000,0.16000,5.08000
,,, 0.00006280000,0.16000,5.08000
,,, 0.00006300000,0.16000,5.08000
,,, 0.00006320000,0.16000,5.08000
,,, 0.00006340000,0.16000,5.04000
,,, 0.00006360000,0.16000,5.04000
,,, 0.00006380000,0.24000,5.04000
,,, 0.00006400000,0.16000,5.04000
,,, 0.00006420000,0.24000,5.04000
,,, 0.00006440000,0.24000,5.04000
,,, 0.00006460000,0.16000,5.04000
,,, 0.00006480000,0.24000,5.04000
,,, 0.00006500000,0.24000,5.04000
,,, 0.00006520000,0.24000,5.04000
,,, 0.00006540000,0.24000,5.08000
,,, 0.00006560000,0.24000,5.04000
,,, 0.00006580000,0.24000,5.08000
,,, 0.00006600000,0.24000,5.04000
,,, 0.00006620000,0.24000,5.04000
,,, 0.00006640000,0.16000,5.04000
,,, 0.00006660000,0.16000,5.08000
,,, 0.00006680000,0.16000,5.04000
,,, 0.00006700000,0.24000,5.04000
,,, 0.00006720000,0.24000,5.04000
,,, 0.00006740000,0.24000,5.04000
,,, 0.00006760000,0.24000,5.04000
,,, 0.00006780000,0.24000,5.04000
,,, 0.00006800000,0.16000,5.00000
,,, 0.00006820000,0.24000,5.08000
,,, 0.00006840000,0.24000,5.04000
,,, 0.00006860000,0.16000,5.04000
,,, 0.00006880000,0.16000,5.04000
,,, 0.00006900000,0.16000,5.08000
,,, 0.00006920000,0.16000,5.08000
,,, 0.00006940000,0.16000,5.08000
,,, 0.00006960000,0.24000,5.04000
,,, 0.00006980000,0.16000,5.08000
,,, 0.00007000000,0.24000,5.08000
,,, 0.00007020000,0.24000,5.04000
,,, 0.00007040000,0.24000,5.04000
,,, 0.00007060000,0.16000,5.08000
,,, 0.00007080000,0.16000,5.04000
,,, 0.00007100000,0.24000,5.04000
,,, 0.00007120000,0.24000,5.08000
,,, 0.00007140000,0.24000,5.04000
,,, 0.00007160000,0.24000,5.04000
,,, 0.00007180000,0.24000,5.04000
,,, 0.00007200000,0.24000,5.04000
,,, 0.00007220000,0.24000,5.08000
,,, 0.00007240000,0.16000,5.04000
,,, 0.00007260000,0.16000,5.04000
,,, 0.00007280000,0.24000,5.04000
,,, 0.00007300000,0.08000,5.04000
,,, 0.00007320000,0.24000,5.04000
,,, 0.00007340000,0.24000,5.04000
,,, 0.00007360000,0.16000,5.04000
,,, 0.00007380000,0.24000,5.00000
,,, 0.00007400000,0.16000,5.04000
,,, 0.00007420000,0.16000,5.04000
,,, 0.00007440000,0.24000,5.00000
,,, 0.00007460000,0.16000,5.04000
,,, 0.00007480000,0.24000,5.04000
,,, 0.00007500000,0.24000,5.08000
,,, 0.00007520000,0.16000,5.04000
,,, 0.00007540000,0.24000,5.04000
,,, 0.00007560000,0.24000,5.04000
,,, 0.00007580000,0.16000,5.04000
,,, 0.00007600000,0.16000,5.04000
,,, 0.00007620000,0.24000,5.08000
,,, 0.00007640000,0.16000,5.04000
,,, 0.00007660000,0.16000,5.04000
,,, 0.00007680000,0.16000,5.08000
,,, 0.00007700000,0.24000,5.04000
,,, 0.00007720000,0.24000,5.04000
,,, 0.00007740000,0.24000,5.04000
,,, 0.00007760000,0.24000,5.04000
,,, 0.00007780000,0.24000,5.04000
,,, 0.00007800000,0.16000,5.04000
,,, 0.00007820000,0.16000,5.04000
,,, 0.00007840000,0.16000,5.04000
,,, 0.00007860000,0.16000,5.04000
,,, 0.00007880000,0.16000,5.04000
,,, 0.00007900000,0.16000,5.04000
,,, 0.00007920000,0.16000,5.04000
,,, 0.00007940000,0.16000,5.04000
,,, 0.00007960000,0.16000,5.04000
,,, 0.00007980000,0.16000,5.04000
,,, 0.00008000000,0.16000,5.04000
,,, 0.00008020000,0.16000,5.04000
,,, 0.00008040000,0.24000,5.04000
,,, 0.00008060000,0.24000,5.08000
,,, 0.00008080000,0.24000,5.04000
,,, 0.00008100000,0.24000,5.04000
,,, 0.00008120000,0.16000,5.04000
,,, 0.00008140000,0.24000,5.04000
,,, 0.00008160000,0.24000,5.04000
,,, 0.00008180000,0.24000,5.04000
,,, 0.00008200000,0.24000,5.04000
,,, 0.00008220000,0.16000,5.04000
,,, 0.00008240000,0.16000,5.04000
,,, 0.00008260000,0.16000,5.00000
,,, 0.00008280000,0.16000,5.04000
,,, 0.00008300000,0.16000,5.04000
,,, 0.00008320000,0.16000,5.04000
,,, 0.00008340000,0.16000,5.04000
,,, 0.00008360000,0.16000,5.04000
,,, 0.00008380000,0.16000,5.08000
,,, 0.00008400000,0.24000,5.04000
,,, 0.00008420000,0.24000,5.04000
,,, 0.00008440000,0.24000,5.04000
,,, 0.00008460000,0.24000,5.04000
,,, 0.00008480000,0.16000,5.04000
,,, 0.00008500000,0.16000,5.08000
,,, 0.00008520000,0.24000,5.04000
,,, 0.00008540000,0.24000,5.08000
,,, 0.00008560000,0.24000,5.04000
,,, 0.00008580000,0.16000,5.08000
,,, 0.00008600000,0.16000,5.08000
,,, 0.00008620000,0.16000,5.04000
,,, 0.00008640000,0.16000,5.08000
,,, 0.00008660000,0.24000,5.00000
,,, 0.00008680000,0.16000,5.08000
,,, 0.00008700000,0.16000,5.04000
,,, 0.00008720000,0.24000,5.04000
,,, 0.00008740000,0.16000,5.00000
,,, 0.00008760000,0.16000,5.08000
,,, 0.00008780000,0.24000,5.08000
,,, 0.00008800000,0.16000,5.04000
,,, 0.00008820000,0.24000,5.04000
,,, 0.00008840000,0.16000,5.08000
,,, 0.00008860000,0.24000,5.04000
,,, 0.00008880000,0.16000,5.08000
,,, 0.00008900000,0.24000,5.04000
,,, 0.00008920000,0.24000,5.04000
,,, 0.00008940000,0.16000,5.08000
,,, 0.00008960000,0.16000,5.08000
,,, 0.00008980000,0.16000,5.04000
,,, 0.00009000000,0.16000,5.08000
,,, 0.00009020000,0.16000,5.04000
,,, 0.00009040000,0.24000,5.04000
,,, 0.00009060000,0.16000,5.04000
,,, 0.00009080000,0.24000,5.08000
,,, 0.00009100000,0.16000,5.08000
,,, 0.00009120000,0.24000,5.04000
,,, 0.00009140000,0.24000,5.04000
,,, 0.00009160000,0.24000,5.04000
,,, 0.00009180000,0.16000,5.00000
,,, 0.00009200000,0.24000,5.04000
,,, 0.00009220000,0.24000,5.04000
,,, 0.00009240000,0.24000,5.04000
,,, 0.00009260000,0.16000,5.08000
,,, 0.00009280000,0.16000,5.04000
,,, 0.00009300000,0.16000,5.04000
,,, 0.00009320000,0.24000,5.08000
,,, 0.00009340000,0.16000,5.00000
,,, 0.00009360000,0.16000,5.04000
,,, 0.00009380000,0.16000,5.04000
,,, 0.00009400000,0.16000,5.04000
,,, 0.00009420000,0.24000,5.04000
,,, 0.00009440000,0.16000,5.04000
,,, 0.00009460000,0.16000,5.00000
,,, 0.00009480000,0.24000,5.04000
,,, 0.00009500000,0.24000,5.08000
,,, 0.00009520000,0.24000,5.08000
,,, 0.00009540000,0.16000,5.08000
,,, 0.00009560000,0.16000,5.08000
,,, 0.00009580000,0.16000,5.04000
,,, 0.00009600000,0.24000,5.08000
,,, 0.00009620000,0.16000,5.04000
,,, 0.00009640000,0.16000,5.04000
,,, 0.00009660000,0.16000,5.04000
,,, 0.00009680000,0.24000,5.08000
,,, 0.00009700000,0.24000,5.08000
,,, 0.00009720000,0.16000,5.04000
,,, 0.00009740000,0.16000,5.08000
,,, 0.00009760000,0.16000,5.04000
,,, 0.00009780000,0.16000,5.04000
,,, 0.00009800000,0.24000,5.04000
,,, 0.00009820000,0.16000,5.04000
,,, 0.00009840000,0.16000,5.08000
,,, 0.00009860000,0.16000,5.04000
,,, 0.00009880000,0.16000,5.04000
,,, 0.00009900000,0.16000,5.08000
,,, 0.00009920000,0.24000,5.04000
,,, 0.00009940000,0.16000,5.08000
,,, 0.00009960000,0.16000,5.04000
,,, 0.00009980000,0.16000,5.08000
,,, 0.00010000000,0.16000,5.04000
,,, 0.00010020000,0.16000,5.04000
,,, 0.00010040000,0.16000,5.04000
,,, 0.00010060000,0.16000,5.04000
,,, 0.00010080000,0.24000,5.04000
,,, 0.00010100000,0.16000,5.04000
,,, 0.00010120000,0.24000,5.08000
,,, 0.00010140000,0.24000,5.08000
,,, 0.00010160000,0.16000,5.04000
,,, 0.00010180000,0.24000,5.08000
,,, 0.00010200000,0.24000,5.04000
,,, 0.00010220000,0.24000,5.04000
,,, 0.00010240000,0.24000,5.04000
,,, 0.00010260000,0.16000,5.04000
,,, 0.00010280000,0.16000,5.04000
,,, 0.00010300000,0.16000,5.04000
,,, 0.00010320000,0.16000,5.04000
,,, 0.00010340000,0.16000,5.04000
,,, 0.00010360000,0.16000,5.04000
,,, 0.00010380000,0.16000,5.08000
,,, 0.00010400000,0.16000,5.04000
,,, 0.00010420000,0.16000,5.04000
,,, 0.00010440000,0.16000,5.04000
,,, 0.00010460000,0.24000,5.04000
,,, 0.00010480000,0.24000,5.04000
,,, 0.00010500000,0.24000,5.04000
,,, 0.00010520000,0.24000,5.04000
,,, 0.00010540000,0.24000,5.04000
,,, 0.00010560000,0.16000,5.04000
,,, 0.00010580000,0.24000,5.04000
,,, 0.00010600000,0.16000,5.08000
,,, 0.00010620000,0.24000,5.08000
,,, 0.00010640000,0.24000,5.00000
,,, 0.00010660000,0.24000,5.08000
,,, 0.00010680000,0.16000,5.08000
,,, 0.00010700000,0.16000,5.04000
,,, 0.00010720000,0.24000,5.04000
,,, 0.00010740000,0.16000,5.04000
,,, 0.00010760000,0.24000,5.04000
,,, 0.00010780000,0.16000,5.04000
,,, 0.00010800000,0.24000,5.08000
,,, 0.00010820000,0.24000,5.04000
,,, 0.00010840000,0.24000,5.04000
,,, 0.00010860000,0.16000,5.04000
,,, 0.00010880000,0.16000,5.08000
,,, 0.00010900000,0.24000,5.04000
,,, 0.00010920000,0.16000,5.04000
,,, 0.00010940000,0.16000,5.04000
,,, 0.00010960000,0.24000,5.08000
,,, 0.00010980000,0.16000,5.04000
,,, 0.00011000000,0.16000,5.04000
,,, 0.00011020000,0.16000,5.04000
,,, 0.00011040000,0.24000,5.04000
,,, 0.00011060000,0.24000,5.08000
,,, 0.00011080000,0.24000,5.04000
,,, 0.00011100000,0.24000,5.04000
,,, 0.00011120000,0.16000,5.04000
,,, 0.00011140000,0.24000,5.04000
,,, 0.00011160000,0.24000,5.04000
,,, 0.00011180000,0.24000,5.00000
,,, 0.00011200000,0.24000,5.04000
,,, 0.00011220000,0.16000,5.04000
,,, 0.00011240000,0.16000,5.04000
,,, 0.00011260000,0.16000,5.04000
,,, 0.00011280000,0.16000,5.04000
,,, 0.00011300000,0.24000,5.08000
,,, 0.00011320000,0.16000,5.04000
,,, 0.00011340000,0.16000,5.04000
,,, 0.00011360000,0.16000,5.04000
,,, 0.00011380000,0.16000,5.04000
,,, 0.00011400000,0.16000,5.04000
,,, 0.00011420000,0.16000,5.04000
,,, 0.00011440000,0.16000,5.04000
,,, 0.00011460000,0.24000,5.04000
,,, 0.00011480000,0.24000,5.04000
,,, 0.00011500000,0.16000,5.04000
,,, 0.00011520000,0.16000,5.08000
,,, 0.00011540000,0.24000,5.04000
,,, 0.00011560000,0.16000,5.04000
,,, 0.00011580000,0.16000,5.04000
,,, 0.00011600000,0.16000,5.08000
,,, 0.00011620000,0.16000,5.04000
,,, 0.00011640000,0.16000,5.04000
,,, 0.00011660000,0.16000,5.04000
,,, 0.00011680000,0.16000,5.04000
,,, 0.00011700000,0.16000,5.04000
,,, 0.00011720000,0.16000,5.04000
,,, 0.00011740000,0.16000,5.08000
,,, 0.00011760000,0.16000,5.04000
,,, 0.00011780000,0.16000,5.04000
,,, 0.00011800000,0.24000,5.04000
,,, 0.00011820000,0.16000,5.04000
,,, 0.00011840000,0.16000,5.08000
,,, 0.00011860000,0.24000,5.08000
,,, 0.00011880000,0.16000,5.08000
,,, 0.00011900000,0.16000,5.04000
,,, 0.00011920000,0.24000,5.04000
,,, 0.00011940000,0.16000,5.08000
,,, 0.00011960000,0.16000,5.04000
,,, 0.00011980000,0.16000,5.04000
,,, 0.00012000000,0.16000,5.04000
,,, 0.00012020000,0.16000,5.08000
,,, 0.00012040000,0.16000,5.04000
,,, 0.00012060000,0.16000,5.08000
,,, 0.00012080000,0.16000,5.08000
,,, 0.00012100000,0.24000,5.04000
,,, 0.00012120000,0.16000,5.00000
,,, 0.00012140000,0.24000,5.04000
,,, 0.00012160000,0.16000,5.04000
,,, 0.00012180000,0.24000,5.04000
,,, 0.00012200000,0.24000,5.04000
,,, 0.00012220000,0.16000,5.04000
,,, 0.00012240000,0.24000,5.04000
,,, 0.00012260000,0.24000,5.04000
,,, 0.00012280000,0.24000,5.08000
,,, 0.00012300001,0.24000,5.04000
,,, 0.00012320001,0.16000,5.08000
,,, 0.00012340001,0.16000,5.04000
,,, 0.00012360000,0.24000,5.08000
,,, 0.00012380000,0.16000,5.04000
,,, 0.00012400000,0.16000,5.04000
,,, 0.00012420000,0.16000,5.04000
,,, 0.00012440000,0.16000,5.08000
,,, 0.00012460000,0.16000,5.04000
,,, 0.00012480000,0.24000,5.04000
,,, 0.00012500001,0.24000,5.04000
,,, 0.00012520001,0.16000,5.04000
,,, 0.00012539999,0.24000,5.04000
,,, 0.00012560000,0.24000,5.08000
,,, 0.00012580000,0.16000,5.04000
,,, 0.00012600000,0.24000,5.04000
,,, 0.00012620000,0.24000,5.08000
,,, 0.00012640000,0.16000,5.04000
,,, 0.00012660000,0.16000,5.04000
,,, 0.00012680001,0.24000,5.04000
,,, 0.00012700001,0.24000,5.04000
,,, 0.00012720001,0.24000,5.04000
,,, 0.00012740000,0.16000,5.04000
,,, 0.00012760000,0.16000,5.04000
,,, 0.00012780000,0.16000,5.04000
,,, 0.00012800000,0.24000,5.08000
,,, 0.00012820000,0.16000,5.04000
,,, 0.00012840000,0.16000,5.08000
,,, 0.00012860000,0.16000,5.04000
,,, 0.00012880001,0.16000,5.04000
,,, 0.00012900001,0.16000,5.04000
,,, 0.00012919999,0.24000,5.04000
,,, 0.00012940000,0.16000,5.00000
,,, 0.00012960000,0.24000,5.04000
,,, 0.00012980000,0.16000,5.04000
,,, 0.00013000000,0.16000,5.04000
,,, 0.00013020000,0.16000,5.08000
,,, 0.00013040000,0.24000,5.04000
,,, 0.00013060000,0.24000,5.04000
,,, 0.00013080001,0.16000,5.04000
,,, 0.00013100001,0.24000,5.04000
,,, 0.00013119999,0.16000,5.04000
,,, 0.00013140000,0.24000,5.04000
,,, 0.00013160000,0.16000,5.04000
,,, 0.00013180000,0.16000,5.04000
,,, 0.00013200000,0.24000,5.08000
,,, 0.00013220000,0.24000,5.08000
,,, 0.00013240000,0.24000,5.08000
,,, 0.00013260001,0.16000,5.04000
,,, 0.00013280001,0.16000,5.04000
,,, 0.00013300001,0.16000,5.04000
,,, 0.00013320000,0.16000,5.04000
,,, 0.00013340000,0.16000,5.04000
,,, 0.00013360000,0.16000,5.08000
,,, 0.00013380000,0.24000,5.04000
,,, 0.00013400000,0.16000,5.04000
,,, 0.00013420000,0.16000,5.04000
,,, 0.00013440000,0.16000,5.04000
,,, 0.00013460001,0.16000,5.00000
,,, 0.00013480001,0.24000,5.04000
,,, 0.00013499999,0.24000,5.04000
,,, 0.00013520000,0.16000,5.04000
,,, 0.00013540000,0.24000,5.04000
,,, 0.00013560000,0.24000,5.04000
,,, 0.00013580000,0.24000,5.04000
,,, 0.00013600000,0.16000,5.08000
,,, 0.00013620000,0.16000,5.04000
,,, 0.00013640001,0.24000,5.04000
,,, 0.00013660001,0.08000,5.04000
,,, 0.00013680001,0.24000,5.04000
,,, 0.00013700000,0.16000,5.08000
,,, 0.00013720000,0.16000,5.08000
,,, 0.00013740000,0.16000,5.04000
,,, 0.00013760000,0.16000,5.04000
,,, 0.00013780000,0.16000,5.04000
,,, 0.00013800000,0.24000,5.08000
,,, 0.00013820000,0.16000,5.04000
,,, 0.00013840001,0.24000,5.04000
,,, 0.00013860001,0.24000,5.04000
,,, 0.00013879999,0.24000,5.04000
,,, 0.00013900000,0.24000,5.04000
,,, 0.00013920000,0.16000,5.08000
,,, 0.00013940000,0.16000,5.04000
,,, 0.00013960000,0.16000,5.04000
,,, 0.00013980000,0.16000,5.08000
,,, 0.00014000000,0.24000,5.08000
,,, 0.00014020001,0.24000,5.04000
,,, 0.00014040001,0.16000,5.04000
,,, 0.00014060001,0.16000,5.04000
,,, 0.00014080000,0.24000,5.04000
,,, 0.00014100000,0.24000,5.04000
,,, 0.00014120000,0.24000,5.04000
,,, 0.00014140000,0.24000,5.04000
,,, 0.00014160000,0.32000,5.04000
,,, 0.00014180000,0.16000,5.04000
,,, 0.00014200000,0.16000,5.04000
,,, 0.00014220001,0.24000,5.04000
,,, 0.00014240001,0.16000,5.04000
,,, 0.00014259999,0.16000,5.04000
,,, 0.00014280000,0.24000,5.08000
,,, 0.00014300000,0.16000,5.08000
,,, 0.00014320000,0.16000,5.08000
,,, 0.00014340000,0.16000,5.08000
,,, 0.00014360000,0.16000,5.04000
,,, 0.00014380000,0.16000,5.08000
,,, 0.00014400001,0.24000,5.04000
,,, 0.00014420001,0.24000,5.04000
,,, 0.00014440001,0.24000,5.04000
,,, 0.00014460000,0.24000,5.08000
,,, 0.00014480000,0.24000,5.04000
,,, 0.00014500000,0.24000,5.08000
,,, 0.00014520000,0.24000,5.04000
,,, 0.00014540000,0.16000,5.04000
,,, 0.00014560000,0.24000,5.04000
,,, 0.00014580000,0.16000,5.04000
,,, 0.00014600001,0.16000,5.04000
,,, 0.00014620001,0.16000,5.04000
,,, 0.00014640001,0.16000,5.04000
,,, 0.00014660000,0.24000,5.08000
,,, 0.00014680000,0.16000,5.00000
,,, 0.00014700000,0.16000,5.04000
,,, 0.00014720000,0.24000,5.04000
,,, 0.00014740000,0.16000,5.08000
,,, 0.00014760000,0.16000,5.04000
,,, 0.00014780000,0.16000,5.04000
,,, 0.00014800001,0.24000,5.04000
,,, 0.00014820001,0.24000,5.04000
,,, 0.00014839999,0.24000,5.04000
,,, 0.00014860000,0.24000,5.04000
,,, 0.00014880000,0.24000,5.08000
,,, 0.00014900000,0.24000,5.04000
,,, 0.00014920000,0.24000,5.04000
,,, 0.00014940000,0.24000,5.04000
,,, 0.00014960000,0.16000,5.04000
,,, 0.00014980001,0.16000,5.04000
,,, 0.00015000001,0.16000,5.08000
,,, 0.00015020001,0.16000,5.04000
,,, 0.00015040000,0.16000,5.04000
,,, 0.00015060000,0.16000,5.08000
,,, 0.00015080000,0.16000,5.04000
,,, 0.00015100000,0.16000,5.04000
,,, 0.00015120000,0.16000,5.04000
,,, 0.00015140000,0.24000,5.08000
,,, 0.00015160000,0.24000,5.04000
,,, 0.00015180001,0.24000,5.04000
,,, 0.00015200001,0.24000,5.00000
,,, 0.00015219999,0.16000,5.08000
,,, 0.00015240000,0.16000,5.04000
,,, 0.00015260000,0.16000,5.08000
,,, 0.00015280000,0.16000,5.08000
,,, 0.00015300000,0.24000,5.04000
,,, 0.00015320000,0.16000,5.08000
,,, 0.00015340000,0.16000,5.04000
,,, 0.00015360001,0.16000,5.08000
,,, 0.00015380001,0.16000,5.08000
,,, 0.00015400001,0.24000,5.04000
,,, 0.00015420000,0.24000,5.00000
,,, 0.00015440000,0.24000,5.04000
,,, 0.00015460000,0.16000,5.04000
,,, 0.00015480000,0.16000,5.04000
,,, 0.00015500000,0.16000,5.04000
,,, 0.00015520000,0.16000,5.04000
,,, 0.00015540000,0.24000,5.04000
,,, 0.00015560001,0.24000,5.04000
,,, 0.00015580001,0.24000,5.04000
,,, 0.00015599999,0.16000,5.04000
,,, 0.00015620000,0.16000,5.04000
,,, 0.00015640000,0.16000,5.08000
,,, 0.00015660000,0.24000,5.04000
,,, 0.00015680000,0.16000,5.04000
,,, 0.00015700000,0.16000,5.04000
,,, 0.00015720000,0.16000,5.04000
,,, 0.00015740001,0.16000,5.04000
,,, 0.00015760001,0.16000,5.04000
,,, 0.00015780001,0.16000,5.04000
,,, 0.00015800000,0.16000,5.04000
,,, 0.00015820000,0.24000,5.08000
,,, 0.00015840000,0.24000,5.04000
,,, 0.00015860000,0.24000,5.04000
,,, 0.00015880000,0.24000,5.04000
,,, 0.00015900000,0.24000,5.08000
,,, 0.00015920000,0.16000,5.04000
,,, 0.00015940001,0.24000,5.04000
,,, 0.00015960001,0.16000,5.04000
,,, 0.00015980001,0.24000,5.04000
,,, 0.00016000000,0.16000,5.04000
,,, 0.00016020000,0.16000,5.04000
,,, 0.00016040000,0.24000,5.04000
,,, 0.00016060000,0.16000,5.04000
,,, 0.00016080000,0.24000,5.04000
,,, 0.00016100000,0.16000,5.08000
,,, 0.00016120001,0.16000,5.00000
,,, 0.00016140001,0.16000,5.08000
,,, 0.00016160001,0.16000,5.08000
,,, 0.00016180000,0.24000,5.08000
,,, 0.00016200000,0.16000,5.04000
,,, 0.00016220000,0.24000,5.04000
,,, 0.00016240000,0.16000,5.04000
,,, 0.00016260000,0.24000,5.04000
,,, 0.00016280000,0.16000,5.04000
,,, 0.00016300000,0.16000,5.04000
,,, 0.00016320001,0.16000,5.04000
,,, 0.00016340001,0.16000,5.00000
,,, 0.00016360001,0.24000,5.04000
,,, 0.00016380000,0.16000,5.04000
,,, 0.00016400000,0.24000,5.04000
,,, 0.00016420000,0.24000,5.04000
,,, 0.00016440000,0.16000,5.04000
,,, 0.00016460000,0.24000,5.04000
,,, 0.00016480000,0.24000,5.00000
,,, 0.00016500000,0.16000,5.04000
,,, 0.00016520001,0.16000,5.04000
,,, 0.00016540001,0.24000,5.04000
,,, 0.00016559999,0.24000,5.00000
,,, 0.00016580000,0.16000,5.08000
,,, 0.00016600000,0.16000,5.04000
,,, 0.00016620000,0.16000,5.08000
,,, 0.00016640000,0.16000,5.04000
,,, 0.00016660000,0.16000,5.04000
,,, 0.00016680000,0.24000,5.04000
,,, 0.00016700001,0.24000,5.04000
,,, 0.00016720001,0.16000,5.04000
,,, 0.00016740001,0.24000,5.04000
,,, 0.00016760000,0.24000,5.04000
,,, 0.00016780000,0.16000,5.08000
,,, 0.00016800000,0.24000,5.04000
,,, 0.00016820000,0.16000,5.04000
,,, 0.00016840000,0.24000,5.04000
,,, 0.00016860000,0.24000,5.04000
,,, 0.00016880000,0.24000,5.04000
,,, 0.00016900001,0.16000,5.04000
,,, 0.00016920001,0.24000,5.00000
,,, 0.00016939999,0.16000,5.04000
,,, 0.00016960000,0.16000,5.04000
,,, 0.00016980000,0.16000,5.04000
,,, 0.00017000000,0.16000,5.04000
,,, 0.00017020000,0.16000,5.04000
,,, 0.00017040000,0.16000,5.04000
,,, 0.00017060000,0.16000,5.04000
,,, 0.00017080001,0.16000,5.04000
,,, 0.00017100001,0.24000,5.04000
,,, 0.00017120001,0.24000,5.04000
,,, 0.00017140000,0.24000,5.04000
,,, 0.00017160000,0.24000,5.04000
,,, 0.00017180000,0.24000,5.04000
,,, 0.00017200000,0.24000,5.08000
,,, 0.00017220000,0.16000,5.04000
,,, 0.00017240000,0.24000,5.08000
,,, 0.00017260000,0.16000,5.04000
,,, 0.00017280001,0.24000,5.04000
,,, 0.00017300001,0.24000,5.08000
,,, 0.00017320001,0.16000,5.04000
,,, 0.00017340000,0.16000,5.04000
,,, 0.00017360000,0.24000,5.08000
,,, 0.00017380000,0.24000,5.04000
,,, 0.00017400000,0.24000,5.04000
,,, 0.00017420000,0.24000,5.04000
,,, 0.00017440000,0.16000,5.04000
,,, 0.00017460001,0.24000,5.04000
,,, 0.00017480001,0.24000,5.08000
,,, 0.00017500001,0.16000,5.08000
,,, 0.00017520000,0.24000,5.04000
,,, 0.00017540000,0.16000,5.04000
,,, 0.00017560000,0.16000,5.04000
,,, 0.00017580000,0.16000,5.04000
,,, 0.00017600000,0.16000,5.08000
,,, 0.00017620000,0.16000,5.04000
,,, 0.00017640000,0.16000,5.04000
,,, 0.00017660001,0.16000,5.04000
,,, 0.00017680001,0.16000,5.04000
,,, 0.00017700001,0.16000,5.04000
,,, 0.00017720000,0.16000,5.08000
,,, 0.00017740000,0.16000,5.08000
,,, 0.00017760000,0.24000,5.08000
,,, 0.00017780000,0.24000,5.04000
,,, 0.00017800000,0.24000,5.04000
,,, 0.00017820000,0.24000,5.08000
,,, 0.00017840001,0.24000,5.04000
,,, 0.00017860001,0.16000,5.08000
,,, 0.00017880001,0.24000,5.04000
,,, 0.00017900000,0.16000,5.04000
,,, 0.00017920000,0.24000,5.04000
,,, 0.00017940000,0.24000,5.04000
,,, 0.00017960000,0.16000,5.04000
,,, 0.00017980000,0.16000,5.04000
,,, 0.00018000000,0.16000,5.04000
,,, 0.00018020000,0.16000,5.04000
,,, 0.00018040001,0.16000,5.00000
,,, 0.00018060001,0.24000,5.04000
,,, 0.00018080001,0.24000,5.04000
,,, 0.00018100000,0.16000,5.08000
,,, 0.00018120000,0.24000,5.08000
,,, 0.00018140000,0.16000,5.04000
,,, 0.00018160000,0.24000,5.04000
,,, 0.00018180000,0.16000,5.08000
,,, 0.00018200000,0.24000,5.04000
,,, 0.00018220000,0.16000,5.04000
,,, 0.00018240001,0.24000,5.08000
,,, 0.00018260001,0.24000,5.08000
,,, 0.00018279999,0.16000,5.08000
,,, 0.00018300000,0.16000,5.04000
,,, 0.00018320000,0.16000,5.08000
,,, 0.00018340000,0.16000,5.04000
,,, 0.00018360000,0.24000,5.04000
,,, 0.00018380000,0.16000,5.04000
,,, 0.00018400000,0.24000,5.04000
,,, 0.00018420001,0.16000,5.04000
,,, 0.00018440001,0.24000,5.04000
,,, 0.00018460001,0.24000,5.04000
,,, 0.00018480000,0.16000,5.04000
,,, 0.00018500000,0.24000,5.04000
,,, 0.00018520000,0.16000,5.04000
,,, 0.00018540000,0.16000,5.04000
,,, 0.00018560000,0.16000,5.04000
,,, 0.00018580000,0.24000,5.08000
,,, 0.00018600000,0.16000,5.04000
,,, 0.00018620001,0.16000,5.04000
,,, 0.00018640001,0.24000,5.04000
,,, 0.00018660001,0.24000,5.08000
,,, 0.00018680000,0.16000,5.04000
,,, 0.00018700000,0.16000,5.08000
,,, 0.00018720000,0.16000,5.04000
,,, 0.00018740000,0.16000,5.04000
,,, 0.00018760000,0.16000,5.04000
,,, 0.00018780000,0.16000,5.04000
,,, 0.00018800001,0.24000,5.04000
,,, 0.00018820001,0.16000,5.04000
,,, 0.00018840001,0.16000,5.04000
,,, 0.00018860000,0.16000,5.04000
,,, 0.00018880000,0.24000,5.04000
,,, 0.00018900000,0.16000,5.04000
,,, 0.00018920000,0.24000,5.04000
,,, 0.00018940000,0.24000,5.08000
,,, 0.00018960000,0.16000,5.00000
,,, 0.00018980000,0.16000,5.04000
,,, 0.00019000001,0.16000,5.08000
,,, 0.00019020001,0.16000,5.08000
,,, 0.00019040001,0.24000,5.08000
,,, 0.00019060000,0.16000,5.08000
,,, 0.00019080000,0.16000,5.08000
,,, 0.00019100000,0.24000,5.04000
,,, 0.00019120000,0.24000,5.04000
,,, 0.00019140000,0.24000,5.04000
,,, 0.00019160000,0.24000,5.04000
,,, 0.00019180001,0.16000,5.04000
,,, 0.00019200001,0.24000,5.08000
,,, 0.00019220001,0.24000,5.04000
,,, 0.00019240000,0.16000,5.04000
,,, 0.00019260000,0.16000,5.04000
,,, 0.00019280000,0.24000,5.04000
,,, 0.00019300000,0.16000,5.04000
,,, 0.00019320000,0.16000,5.08000
,,, 0.00019340000,0.16000,5.04000
,,, 0.00019360000,0.16000,5.04000
,,, 0.00019380001,0.24000,5.04000
,,, 0.00019400001,0.24000,5.08000
,,, 0.00019420001,0.16000,5.04000
,,, 0.00019440000,0.24000,5.00000
,,, 0.00019460000,0.24000,5.08000
,,, 0.00019480000,0.24000,5.04000
,,, 0.00019500000,0.24000,5.04000
,,, 0.00019520000,0.24000,5.04000
,,, 0.00019540000,0.24000,5.04000
,,, 0.00019560001,0.24000,5.04000
,,, 0.00019580001,0.24000,5.04000
,,, 0.00019600001,0.16000,5.04000
,,, 0.00019620000,0.16000,5.04000
,,, 0.00019640000,0.24000,5.04000
,,, 0.00019660000,0.16000,5.08000
,,, 0.00019680000,0.16000,5.08000
,,, 0.00019700000,0.16000,5.08000
,,, 0.00019720000,0.16000,5.04000
,,, 0.00019740000,0.16000,5.04000
,,, 0.00019760001,0.16000,5.04000
,,, 0.00019780001,0.16000,5.08000
,,, 0.00019800001,0.16000,5.04000
,,, 0.00019820000,0.16000,5.04000
,,, 0.00019840000,0.24000,5.04000
,,, 0.00019860000,0.16000,5.04000
,,, 0.00019880000,0.16000,5.04000
,,, 0.00019900000,0.24000,5.04000
,,, 0.00019920000,0.24000,5.08000
,,, 0.00019940000,0.16000,5.08000
,,, 0.00019960001,0.24000,5.04000
,,, 0.00019980001,0.24000,5.04000
,,, 0.00020000001,0.16000,5.08000
,,, 0.00020020000,0.24000,5.04000
,,, 0.00020040000,0.24000,5.08000
,,, 0.00020060000,0.16000,5.04000
,,, 0.00020080000,0.16000,5.08000
,,, 0.00020100000,0.16000,5.08000
,,, 0.00020120000,0.24000,5.04000
,,, 0.00020140001,0.16000,5.04000
,,, 0.00020160001,0.24000,5.04000
,,, 0.00020180001,0.24000,5.04000
,,, 0.00020200000,0.24000,5.08000
,,, 0.00020220000,0.16000,5.04000
,,, 0.00020240000,0.16000,5.04000
,,, 0.00020260000,0.16000,5.08000
,,, 0.00020280000,0.24000,5.04000
,,, 0.00020300000,0.16000,5.04000
,,, 0.00020320000,0.24000,5.04000
,,, 0.00020340001,0.16000,5.04000
,,, 0.00020360001,0.16000,5.04000
,,, 0.00020380001,0.16000,5.04000
,,, 0.00020400000,0.16000,5.04000
,,, 0.00020420000,0.16000,5.08000
,,, 0.00020440000,0.24000,5.04000
,,, 0.00020460000,0.16000,5.04000
,,, 0.00020480000,0.24000,5.04000
,,, 0.00020500000,0.16000,5.04000
,,, 0.00020520001,0.16000,5.04000
,,, 0.00020540001,0.16000,5.08000
,,, 0.00020560001,0.24000,5.04000
,,, 0.00020580000,0.16000,5.08000
,,, 0.00020600000,0.16000,5.04000
,,, 0.00020620000,0.24000,5.04000
,,, 0.00020640000,0.16000,5.00000
,,, 0.00020660000,0.16000,5.08000
,,, 0.00020680000,0.16000,5.08000
,,, 0.00020700000,0.16000,5.08000
,,, 0.00020720001,0.16000,5.04000
,,, 0.00020740001,0.24000,5.04000
,,, 0.00020760001,0.16000,5.08000
,,, 0.00020780000,0.24000,5.04000
,,, 0.00020800000,0.16000,5.04000
,,, 0.00020820000,0.24000,5.04000
,,, 0.00020840000,0.16000,5.04000
,,, 0.00020860000,0.24000,5.04000
,,, 0.00020880000,0.16000,5.04000
,,, 0.00020900001,0.16000,5.08000
,,, 0.00020920001,0.24000,5.08000
,,, 0.00020940001,0.24000,5.04000
,,, 0.00020960000,0.16000,5.04000
,,, 0.00020980000,0.16000,5.08000
,,, 0.00021000000,0.16000,5.04000
,,, 0.00021020000,0.16000,5.08000
,,, 0.00021040000,0.16000,5.04000
,,, 0.00021060000,0.24000,5.04000
,,, 0.00021080000,0.16000,5.04000
,,, 0.00021100001,0.16000,5.04000
,,, 0.00021120001,0.24000,5.04000
,,, 0.00021140001,0.24000,5.04000
,,, 0.00021160000,0.16000,5.04000
,,, 0.00021180000,0.24000,5.04000
,,, 0.00021200000,0.24000,5.04000
,,, 0.00021220000,0.24000,5.08000
,,, 0.00021240000,0.24000,5.04000
,,, 0.00021260000,0.16000,5.04000
,,, 0.00021280001,0.24000,5.04000
,,, 0.00021300001,0.16000,5.08000
,,, 0.00021320001,0.16000,5.08000
,,, 0.00021340001,0.16000,5.04000
,,, 0.00021360000,0.16000,5.04000
,,, 0.00021380000,0.16000,5.04000
,,, 0.00021400000,0.16000,5.04000
,,, 0.00021420000,0.24000,5.04000
,,, 0.00021440000,0.24000,5.00000
,,, 0.00021460000,0.16000,5.04000
,,, 0.00021480001,0.24000,5.04000
,,, 0.00021500001,0.16000,5.00000
,,, 0.00021520001,0.24000,5.04000
,,, 0.00021540000,0.24000,5.08000
,,, 0.00021560000,0.24000,5.04000
,,, 0.00021580000,0.16000,5.04000
,,, 0.00021600000,0.16000,5.08000
,,, 0.00021620000,0.24000,5.08000
,,, 0.00021640000,0.16000,5.04000
,,, 0.00021660000,0.16000,5.08000
,,, 0.00021680001,0.16000,5.08000
,,, 0.00021700001,0.16000,5.08000
,,, 0.00021720001,0.16000,5.08000
,,, 0.00021740000,0.16000,5.04000
,,, 0.00021760000,0.24000,5.04000
,,, 0.00021780000,0.24000,5.04000
,,, 0.00021800000,0.16000,5.04000
,,, 0.00021820000,0.16000,5.04000
,,, 0.00021840000,0.24000,5.04000
,,, 0.00021860001,0.24000,5.04000
,,, 0.00021880001,0.16000,5.04000
,,, 0.00021900001,0.16000,5.04000
,,, 0.00021920000,0.16000,5.08000
,,, 0.00021940000,0.16000,5.08000
,,, 0.00021960000,0.16000,5.04000
,,, 0.00021980000,0.16000,5.04000
,,, 0.00022000000,0.16000,5.04000
,,, 0.00022020000,0.24000,5.08000
,,, 0.00022040000,0.16000,5.04000
,,, 0.00022060001,0.24000,5.04000
,,, 0.00022080001,0.24000,5.04000
,,, 0.00022100001,0.24000,5.04000
,,, 0.00022120000,0.24000,5.04000
,,, 0.00022140000,0.16000,5.04000
,,, 0.00022160000,0.16000,5.08000
,,, 0.00022180000,0.16000,5.04000
,,, 0.00022200000,0.16000,5.08000
,,, 0.00022220000,0.24000,5.08000
,,, 0.00022240001,0.16000,5.04000
,,, 0.00022260001,0.16000,5.08000
,,, 0.00022280001,0.16000,5.04000
,,, 0.00022300000,0.16000,5.08000
,,, 0.00022320000,0.16000,5.08000
,,, 0.00022340000,0.24000,5.04000
,,, 0.00022360000,0.24000,5.08000
,,, 0.00022380000,0.16000,5.04000
,,, 0.00022400000,0.16000,5.04000
,,, 0.00022420000,0.24000,5.04000
,,, 0.00022440001,0.24000,5.04000
,,, 0.00022460001,0.24000,5.04000
,,, 0.00022480001,0.24000,5.00000
,,, 0.00022500000,0.16000,5.04000
,,, 0.00022520000,0.16000,5.08000
,,, 0.00022540000,0.24000,5.04000
,,, 0.00022560000,0.16000,5.08000
,,, 0.00022580000,0.24000,5.04000
,,, 0.00022600000,0.16000,5.08000
,,, 0.00022620001,0.16000,5.04000
,,, 0.00022640001,0.16000,5.04000
,,, 0.00022660001,0.16000,5.04000
,,, 0.00022680001,0.16000,5.04000
,,, 0.00022700000,0.16000,5.08000
,,, 0.00022720000,0.16000,5.04000
,,, 0.00022740000,0.24000,5.04000
,,, 0.00022760000,0.16000,5.04000
,,, 0.00022780000,0.24000,5.04000
,,, 0.00022800000,0.16000,5.08000
,,, 0.00022820001,0.24000,5.04000
,,, 0.00022840001,0.16000,5.04000
,,, 0.00022860001,0.16000,5.04000
,,, 0.00022880000,0.16000,5.04000
,,, 0.00022900000,0.24000,5.08000
,,, 0.00022920000,0.16000,5.08000
,,, 0.00022940000,0.16000,5.04000
,,, 0.00022960000,0.16000,5.04000
,,, 0.00022980000,0.16000,5.04000
,,, 0.00023000001,0.24000,5.04000
,,, 0.00023020001,0.24000,5.04000
,,, 0.00023040001,0.16000,5.04000
,,, 0.00023060001,0.16000,5.04000
,,, 0.00023080000,0.24000,5.04000
,,, 0.00023100000,0.16000,5.04000
,,, 0.00023120000,0.16000,5.08000
,,, 0.00023140000,0.24000,5.04000
,,, 0.00023160000,0.24000,5.04000
,,, 0.00023180000,0.16000,5.08000
,,, 0.00023200001,0.16000,5.04000
,,, 0.00023220001,0.24000,5.04000
,,, 0.00023240001,0.16000,5.04000
,,, 0.00023260000,0.16000,5.04000
,,, 0.00023280000,0.16000,5.08000
,,, 0.00023300000,0.16000,5.04000
,,, 0.00023320000,0.16000,5.04000
,,, 0.00023340000,0.16000,5.04000
,,, 0.00023360000,0.16000,5.08000
,,, 0.00023380000,0.24000,5.04000
,,, 0.00023400001,0.16000,5.04000
,,, 0.00023420001,0.16000,5.08000
,,, 0.00023440001,0.16000,5.04000
,,, 0.00023460000,0.16000,5.04000
,,, 0.00023480000,0.24000,5.04000
,,, 0.00023500000,0.24000,5.04000
,,, 0.00023520000,0.24000,5.04000
,,, 0.00023540000,0.24000,5.04000
,,, 0.00023560000,0.24000,5.04000
,,, 0.00023580001,0.24000,5.04000
,,, 0.00023600001,0.16000,5.08000
,,, 0.00023620001,0.24000,5.04000
,,, 0.00023640000,0.16000,5.04000
,,, 0.00023660000,0.16000,5.04000
,,, 0.00023680000,0.16000,5.08000
,,, 0.00023700000,0.16000,5.04000
,,, 0.00023720000,0.16000,5.04000
,,, 0.00023740000,0.16000,5.04000
,,, 0.00023760000,0.24000,5.04000
,,, 0.00023780001,0.16000,5.04000
,,, 0.00023800001,0.16000,5.04000
,,, 0.00023820001,0.24000,5.08000
,,, 0.00023840000,0.16000,5.08000
,,, 0.00023860000,0.24000,5.04000
,,, 0.00023880000,0.24000,5.04000
,,, 0.00023900000,0.16000,5.08000
,,, 0.00023920000,0.24000,5.04000
,,, 0.00023940000,0.24000,5.08000
,,, 0.00023960001,0.16000,5.04000
,,, 0.00023980001,0.16000,5.04000
,,, 0.00024000001,0.16000,5.04000
,,, 0.00024020001,0.16000,5.08000
,,, 0.00024040000,0.24000,5.04000
,,, 0.00024060000,0.24000,5.04000
,,, 0.00024080000,0.24000,5.04000
,,, 0.00024100000,0.24000,5.04000
,,, 0.00024120000,0.16000,5.04000
,,, 0.00024140000,0.16000,5.04000
,,, 0.00024160001,0.24000,5.08000
,,, 0.00024180001,0.16000,5.04000
,,, 0.00024200001,0.16000,5.04000
,,, 0.00024220000,0.16000,5.04000
,,, 0.00024240000,0.16000,5.04000
,,, 0.00024260000,0.16000,5.04000
,,, 0.00024280000,0.24000,5.04000
,,, 0.00024300000,0.16000,5.08000
,,, 0.00024320000,0.24000,5.04000
,,, 0.00024340001,0.16000,5.04000
,,, 0.00024360001,0.16000,5.08000
,,, 0.00024380001,0.16000,5.08000
,,, 0.00024400001,0.16000,5.08000
,,, 0.00024420000,0.16000,5.04000
,,, 0.00024440000,0.16000,5.04000
,,, 0.00024460000,0.24000,5.04000
,,, 0.00024480000,0.24000,5.04000
,,, 0.00024500000,0.16000,5.04000
,,, 0.00024520000,0.24000,5.04000
,,, 0.00024540001,0.16000,5.04000
,,, 0.00024560001,0.24000,5.04000
,,, 0.00024580001,0.24000,5.08000
,,, 0.00024600001,0.16000,5.08000
,,, 0.00024620001,0.16000,5.04000
,,, 0.00024640001,0.16000,5.08000
,,, 0.00024660002,0.24000,5.04000
,,, 0.00024680002,0.16000,5.00000
,,, 0.00024699999,0.24000,5.04000
,,, 0.00024719999,0.16000,5.08000
,,, 0.00024739999,0.16000,5.04000
,,, 0.00024759999,0.16000,5.08000
,,, 0.00024780000,0.16000,5.04000
,,, 0.00024800000,0.16000,5.04000
,,, 0.00024820000,0.16000,5.04000
,,, 0.00024840000,0.16000,5.08000
,,, 0.00024860000,0.24000,5.04000
,,, 0.00024880000,0.24000,5.04000
,,, 0.00024900000,0.16000,5.04000
,,, 0.00024920001,0.24000,5.08000
,,, 0.00024940001,0.24000,5.04000
,,, 0.00024960001,0.24000,5.08000
,,, 0.00024980001,0.24000,5.04000
,,, 0.00025000001,0.16000,5.08000
,,, 0.00025020001,0.16000,5.08000
,,, 0.00025040001,0.16000,5.04000
,,, 0.00025060002,0.16000,5.08000
,,, 0.00025079999,0.16000,5.08000
,,, 0.00025099999,0.16000,5.04000
,,, 0.00025119999,0.16000,5.04000
,,, 0.00025139999,0.24000,5.04000
,,, 0.00025159999,0.24000,5.04000
,,, 0.00025180000,0.24000,5.08000
,,, 0.00025200000,0.16000,5.08000
,,, 0.00025220000,0.24000,5.08000
,,, 0.00025240000,0.16000,5.04000
,,, 0.00025260000,0.24000,5.04000
,,, 0.00025280000,0.16000,5.04000
,,, 0.00025300001,0.24000,5.04000
,,, 0.00025320001,0.16000,5.08000
,,, 0.00025340001,0.16000,5.08000
,,, 0.00025360001,0.16000,5.08000
,,, 0.00025380001,0.16000,5.04000
,,, 0.00025400001,0.24000,5.04000
,,, 0.00025420001,0.16000,5.04000
,,, 0.00025440002,0.16000,5.04000
,,, 0.00025459999,0.16000,5.04000
,,, 0.00025479999,0.24000,5.04000
,,, 0.00025499999,0.24000,5.04000
,,, 0.00025519999,0.16000,5.08000
,,, 0.00025539999,0.24000,5.04000
,,, 0.00025560000,0.24000,5.04000
,,, 0.00025580000,0.16000,5.00000
,,, 0.00025600000,0.16000,5.08000
,,, 0.00025620000,0.16000,5.08000
,,, 0.00025640000,0.16000,5.08000
,,, 0.00025660000,0.16000,5.04000
,,, 0.00025680001,0.16000,5.04000
,,, 0.00025700001,0.16000,5.04000
,,, 0.00025720001,0.24000,5.04000
,,, 0.00025740001,0.16000,5.04000
,,, 0.00025760001,0.24000,5.04000
,,, 0.00025780001,0.24000,5.04000
,,, 0.00025800001,0.24000,5.04000
,,, 0.00025820002,0.24000,5.04000
,,, 0.00025839999,0.16000,5.04000
,,, 0.00025859999,0.16000,5.04000
,,, 0.00025879999,0.24000,5.08000
,,, 0.00025899999,0.16000,5.08000
,,, 0.00025919999,0.16000,5.04000
,,, 0.00025940000,0.16000,5.08000
,,, 0.00025960000,0.16000,5.04000
,,, 0.00025980000,0.16000,5.00000
,,, 0.00026000000,0.08000,5.04000
,,, 0.00026020000,0.16000,5.04000
,,, 0.00026040000,0.16000,5.04000
,,, 0.00026060001,0.16000,5.04000
,,, 0.00026080001,0.24000,5.08000
,,, 0.00026100001,0.16000,5.08000
,,, 0.00026120001,0.24000,5.04000
,,, 0.00026140001,0.16000,5.08000
,,, 0.00026160001,0.24000,5.04000
,,, 0.00026180001,0.16000,5.04000
,,, 0.00026200002,0.16000,5.04000
,,, 0.00026220002,0.16000,5.04000
,,, 0.00026239999,0.16000,5.08000
,,, 0.00026259999,0.16000,5.04000
,,, 0.00026279999,0.24000,5.08000
,,, 0.00026299999,0.08000,5.08000
,,, 0.00026320000,0.16000,5.04000
,,, 0.00026340000,0.16000,5.04000
,,, 0.00026360000,0.16000,5.04000
,,, 0.00026380000,0.16000,5.04000
,,, 0.00026400000,0.16000,5.04000
,,, 0.00026420000,0.16000,5.00000
,,, 0.00026440001,0.16000,5.08000
,,, 0.00026460001,0.16000,5.04000
,,, 0.00026480001,0.24000,5.04000
,,, 0.00026500001,0.24000,5.04000
,,, 0.00026520001,0.24000,5.04000
,,, 0.00026540001,0.24000,5.08000
,,, 0.00026560001,0.16000,5.04000
,,, 0.00026580002,0.16000,5.04000
,,, 0.00026600002,0.24000,5.04000
,,, 0.00026619999,0.16000,5.04000
,,, 0.00026639999,0.16000,5.04000
,,, 0.00026659999,0.16000,5.04000
,,, 0.00026679999,0.16000,5.04000
,,, 0.00026700000,0.16000,5.04000
,,, 0.00026720000,0.16000,5.04000
,,, 0.00026740000,0.24000,5.08000
,,, 0.00026760000,0.24000,5.04000
,,, 0.00026780000,0.24000,5.08000
,,, 0.00026800000,0.24000,5.04000
,,, 0.00026820000,0.16000,5.08000
,,, 0.00026840001,0.24000,5.04000
,,, 0.00026860001,0.16000,5.08000
,,, 0.00026880001,0.24000,5.08000
,,, 0.00026900001,0.16000,5.04000
,,, 0.00026920001,0.24000,5.08000
,,, 0.00026940001,0.16000,5.08000
,,, 0.00026960002,0.16000,5.04000
,,, 0.00026980002,0.16000,5.04000
,,, 0.00026999999,0.24000,5.08000
,,, 0.00027019999,0.16000,5.04000
,,, 0.00027039999,0.16000,5.08000
,,, 0.00027059999,0.16000,5.08000
,,, 0.00027080000,0.16000,5.08000
,,, 0.00027100000,0.24000,5.08000
,,, 0.00027120000,0.16000,5.04000
,,, 0.00027140000,0.24000,5.04000
,,, 0.00027160000,0.24000,5.08000
,,, 0.00027180000,0.16000,5.04000
,,, 0.00027200000,0.16000,5.04000
,,, 0.00027220001,0.16000,5.04000
,,, 0.00027240001,0.16000,5.08000
,,, 0.00027260001,0.16000,5.04000
,,, 0.00027280001,0.24000,5.08000
,,, 0.00027300001,0.16000,5.04000
,,, 0.00027320001,0.16000,5.04000
,,, 0.00027340002,0.16000,5.04000
,,, 0.00027360002,0.16000,5.04000
,,, 0.00027379999,0.24000,5.08000
,,, 0.00027399999,0.24000,5.04000
,,, 0.00027419999,0.16000,5.04000
,,, 0.00027439999,0.24000,5.04000
,,, 0.00027460000,0.16000,5.04000
,,, 0.00027480000,0.16000,5.04000
,,, 0.00027500000,0.24000,5.04000
,,, 0.00027520000,0.16000,5.08000
,,, 0.00027540000,0.24000,5.04000
,,, 0.00027560000,0.16000,5.04000
,,, 0.00027580000,0.16000,5.08000
,,, 0.00027600001,0.16000,5.08000
,,, 0.00027620001,0.16000,5.08000
,,, 0.00027640001,0.16000,5.04000
,,, 0.00027660001,0.16000,5.04000
,,, 0.00027680001,0.16000,5.08000
,,, 0.00027700001,0.16000,5.04000
,,, 0.00027720002,0.16000,5.04000
,,, 0.00027740002,0.16000,5.08000
,,, 0.00027759999,0.24000,5.04000
,,, 0.00027779999,0.24000,5.04000
,,, 0.00027799999,0.24000,5.04000
,,, 0.00027819999,0.16000,5.04000
,,, 0.00027840000,0.16000,5.04000
,,, 0.00027860000,0.24000,5.04000
,,, 0.00027880000,0.24000,5.08000
,,, 0.00027900000,0.24000,5.04000
,,, 0.00027920000,0.24000,5.04000
,,, 0.00027940000,0.24000,5.08000
,,, 0.00027960000,0.16000,5.04000
,,, 0.00027980001,0.16000,5.08000
,,, 0.00028000001,0.16000,5.04000
,,, 0.00028020001,0.16000,5.04000
,,, 0.00028040001,0.16000,5.04000
,,, 0.00028060001,0.16000,5.04000
,,, 0.00028080001,0.24000,5.04000
,,, 0.00028100002,0.24000,5.04000
,,, 0.00028120002,0.16000,5.04000
,,, 0.00028139999,0.16000,5.04000
,,, 0.00028159999,0.24000,5.04000
,,, 0.00028179999,0.24000,5.08000
,,, 0.00028199999,0.24000,5.04000
,,, 0.00028220000,0.16000,5.08000
,,, 0.00028240000,0.16000,5.08000
,,, 0.00028260000,0.16000,5.08000
,,, 0.00028280000,0.16000,5.04000
,,, 0.00028300000,0.16000,5.08000
,,, 0.00028320000,0.24000,5.04000
,,, 0.00028340000,0.24000,5.04000
,,, 0.00028360001,0.16000,5.04000
,,, 0.00028380001,0.16000,5.04000
,,, 0.00028400001,0.16000,5.04000
,,, 0.00028420001,0.24000,5.04000
,,, 0.00028440001,0.16000,5.08000
,,, 0.00028460001,0.16000,5.04000
,,, 0.00028480001,0.24000,5.04000
,,, 0.00028500002,0.24000,5.08000
,,, 0.00028519999,0.24000,5.08000
,,, 0.00028539999,0.16000,5.04000
,,, 0.00028559999,0.16000,5.08000
,,, 0.00028579999,0.24000,5.08000
,,, 0.00028599999,0.24000,5.08000
,,, 0.00028620000,0.24000,5.04000
,,, 0.00028640000,0.24000,5.04000
,,, 0.00028660000,0.16000,5.08000
,,, 0.00028680000,0.16000,5.04000
,,, 0.00028700000,0.24000,5.08000
,,, 0.00028720000,0.16000,5.04000
,,, 0.00028740001,0.16000,5.04000
,,, 0.00028760001,0.16000,5.04000
,,, 0.00028780001,0.24000,5.04000
,,, 0.00028800001,0.16000,5.04000
,,, 0.00028820001,0.16000,5.08000
,,, 0.00028840001,0.24000,5.04000
,,, 0.00028860001,0.24000,5.08000
,,, 0.00028880002,0.16000,5.04000
,,, 0.00028900002,0.16000,5.04000
,,, 0.00028919999,0.16000,5.08000
,,, 0.00028939999,0.24000,5.08000
,,, 0.00028959999,0.24000,5.08000
,,, 0.00028979999,0.24000,5.04000
,,, 0.00029000000,0.16000,5.04000
,,, 0.00029020000,0.24000,5.04000
,,, 0.00029040000,0.16000,5.04000
,,, 0.00029060000,0.16000,5.04000
,,, 0.00029080000,0.16000,5.04000
,,, 0.00029100000,0.24000,5.04000
,,, 0.00029120001,0.16000,5.04000
,,, 0.00029140001,0.24000,5.04000
,,, 0.00029160001,0.16000,5.04000
,,, 0.00029180001,0.16000,5.04000
,,, 0.00029200001,0.16000,5.08000
,,, 0.00029220001,0.16000,5.04000
,,, 0.00029240001,0.16000,5.04000
,,, 0.00029260002,0.16000,5.04000
,,, 0.00029280002,0.24000,5.08000
,,, 0.00029299999,0.16000,5.08000
,,, 0.00029319999,0.16000,5.04000
,,, 0.00029339999,0.16000,5.08000
,,, 0.00029359999,0.24000,5.04000
,,, 0.00029380000,0.16000,5.04000
,,, 0.00029400000,0.16000,5.08000
,,, 0.00029420000,0.16000,5.04000
,,, 0.00029440000,0.16000,5.04000
,,, 0.00029460000,0.24000,5.08000
,,, 0.00029480000,0.16000,5.04000
,,, 0.00029500001,0.24000,5.04000
,,, 0.00029520001,0.16000,5.04000
,,, 0.00029540001,0.24000,5.04000
,,, 0.00029560001,0.24000,5.04000
,,, 0.00029580001,0.16000,5.04000
,,, 0.00029600001,0.16000,5.08000
,,, 0.00029620001,0.16000,5.08000
,,, 0.00029640002,0.16000,5.08000
,,, 0.00029660002,0.16000,5.08000
,,, 0.00029679999,0.16000,5.04000
,,, 0.00029699999,0.16000,5.04000
,,, 0.00029719999,0.16000,5.04000
,,, 0.00029739999,0.16000,5.04000
,,, 0.00029760000,0.16000,5.04000
,,, 0.00029780000,0.16000,5.04000
,,, 0.00029800000,0.16000,5.04000
,,, 0.00029820000,0.16000,5.04000
,,, 0.00029840000,0.24000,5.04000
,,, 0.00029860000,0.24000,5.04000
,,, 0.00029880001,0.16000,5.08000
,,, 0.00029900001,0.24000,5.08000
,,, 0.00029920001,0.16000,5.04000
,,, 0.00029940001,0.16000,5.04000
,,, 0.00029960001,0.16000,5.08000
,,, 0.00029980001,0.16000,5.04000
,,, 0.00030000001,0.16000,5.04000
,,, 0.00030020002,0.16000,5.04000
,,, 0.00030040002,0.24000,5.08000
,,, 0.00030059999,0.24000,5.04000
,,, 0.00030079999,0.16000,5.04000
,,, 0.00030099999,0.16000,5.04000
,,, 0.00030119999,0.16000,5.04000
,,, 0.00030140000,0.24000,5.04000
,,, 0.00030160000,0.24000,5.08000
,,, 0.00030180000,0.16000,5.08000
,,, 0.00030200000,0.16000,5.04000
,,, 0.00030220000,0.24000,5.08000
,,, 0.00030240000,0.16000,5.04000
,,, 0.00030260000,0.16000,5.08000
,,, 0.00030280001,0.16000,5.04000
,,, 0.00030300001,0.16000,5.04000
,,, 0.00030320001,0.24000,5.08000
,,, 0.00030340001,0.24000,5.04000
,,, 0.00030360001,0.24000,5.04000
,,, 0.00030380001,0.24000,5.08000
,,, 0.00030400002,0.16000,5.08000
,,, 0.00030420002,0.16000,5.04000
,,, 0.00030439999,0.16000,5.04000
,,, 0.00030459999,0.16000,5.08000
,,, 0.00030479999,0.16000,5.08000
,,, 0.00030499999,0.24000,5.08000
,,, 0.00030520000,0.16000,5.04000
,,, 0.00030540000,0.24000,5.04000
,,, 0.00030560000,0.16000,5.04000
,,, 0.00030580000,0.16000,5.08000
,,, 0.00030600000,0.16000,5.04000
,,, 0.00030620000,0.16000,5.04000
,,, 0.00030640000,0.16000,5.04000
,,, 0.00030660001,0.08000,5.04000
,,, 0.00030680001,0.16000,5.04000
,,, 0.00030700001,0.16000,5.04000
,,, 0.00030720001,0.16000,5.04000
,,, 0.00030740001,0.16000,5.08000
,,, 0.00030760001,0.16000,5.04000
,,, 0.00030780002,0.16000,5.08000
,,, 0.00030800002,0.16000,5.08000
,,, 0.00030819999,0.24000,5.04000
,,, 0.00030839999,0.16000,5.04000
,,, 0.00030859999,0.16000,5.04000
,,, 0.00030879999,0.16000,5.04000
,,, 0.00030900000,0.24000,5.08000
,,, 0.00030920000,0.24000,5.04000
,,, 0.00030940000,0.16000,5.04000
,,, 0.00030960000,0.16000,5.08000
,,, 0.00030980000,0.24000,5.04000
,,, 0.00031000000,0.16000,5.04000
,,, 0.00031020000,0.16000,5.08000
,,, 0.00031040001,0.16000,5.04000
,,, 0.00031060001,0.16000,5.04000
,,, 0.00031080001,0.16000,5.08000
,,, 0.00031100001,0.16000,5.04000
,,, 0.00031120001,0.16000,5.08000
,,, 0.00031140001,0.24000,5.08000
,,, 0.00031160002,0.16000,5.00000
,,, 0.00031180002,0.16000,5.08000
,,, 0.00031199999,0.16000,5.04000
,,, 0.00031219999,0.24000,5.04000
,,, 0.00031239999,0.24000,5.08000
,,, 0.00031259999,0.16000,5.08000
,,, 0.00031280000,0.24000,5.08000
,,, 0.00031300000,0.16000,5.04000
,,, 0.00031320000,0.16000,5.00000
,,, 0.00031340000,0.16000,5.08000
,,, 0.00031360000,0.16000,5.08000
,,, 0.00031380000,0.24000,5.04000
,,, 0.00031400000,0.24000,5.04000
,,, 0.00031420001,0.16000,5.08000
,,, 0.00031440001,0.16000,5.04000
,,, 0.00031460001,0.16000,5.04000
,,, 0.00031480001,0.16000,5.04000
,,, 0.00031500001,0.16000,5.04000
,,, 0.00031520001,0.24000,5.04000
,,, 0.00031540002,0.16000,5.04000
,,, 0.00031560002,0.24000,5.04000
,,, 0.00031580002,0.16000,5.04000
,,, 0.00031599999,0.16000,5.04000
,,, 0.00031619999,0.24000,5.04000
,,, 0.00031639999,0.16000,5.04000
,,, 0.00031660000,0.16000,5.08000
,,, 0.00031680000,0.16000,5.08000
,,, 0.00031700000,0.16000,5.04000
,,, 0.00031720000,0.16000,5.08000
,,, 0.00031740000,0.24000,5.04000
,,, 0.00031760000,0.16000,5.04000
,,, 0.00031780000,0.24000,5.08000
,,, 0.00031800001,0.16000,5.04000
,,, 0.00031820001,0.16000,5.08000
,,, 0.00031840001,0.24000,5.08000
,,, 0.00031860001,0.24000,5.04000
,,, 0.00031880001,0.16000,5.04000
,,, 0.00031900001,0.16000,5.04000
,,, 0.00031920001,0.16000,5.08000
,,, 0.00031940002,0.24000,5.04000
,,, 0.00031960002,0.16000,5.04000
,,, 0.00031979999,0.16000,5.04000
,,, 0.00031999999,0.16000,5.04000
,,, 0.00032019999,0.16000,5.04000
,,, 0.00032039999,0.16000,5.08000
,,, 0.00032060000,0.24000,5.04000
,,, 0.00032080000,0.24000,5.08000
,,, 0.00032100000,0.24000,5.08000
,,, 0.00032120000,0.24000,5.08000
,,, 0.00032140000,0.16000,5.04000
,,, 0.00032160000,0.16000,5.04000
,,, 0.00032180001,0.16000,5.04000
,,, 0.00032200001,0.16000,5.04000
,,, 0.00032220001,0.16000,5.04000
,,, 0.00032240001,0.24000,5.08000
,,, 0.00032260001,0.16000,5.04000
,,, 0.00032280001,0.24000,5.04000
,,, 0.00032300001,0.16000,5.04000
,,, 0.00032320002,0.16000,5.04000
,,, 0.00032340002,0.16000,5.04000
,,, 0.00032359999,0.16000,5.08000
,,, 0.00032379999,0.16000,5.04000
,,, 0.00032399999,0.16000,5.04000
,,, 0.00032419999,0.24000,5.08000
,,, 0.00032440000,0.24000,5.04000
,,, 0.00032460000,0.16000,5.04000
,,, 0.00032480000,0.16000,5.04000
,,, 0.00032500000,0.16000,5.04000
,,, 0.00032520000,0.24000,5.04000
,,, 0.00032540000,0.24000,5.04000
,,, 0.00032560001,0.16000,5.04000
,,, 0.00032580001,0.24000,5.04000
,,, 0.00032600001,0.24000,5.04000
,,, 0.00032620001,0.16000,5.04000
,,, 0.00032640001,0.16000,5.04000
,,, 0.00032660001,0.16000,5.04000
,,, 0.00032680001,0.24000,5.04000
,,, 0.00032700002,0.16000,5.04000
,,, 0.00032720002,0.24000,5.04000
,,, 0.00032739999,0.24000,5.04000
,,, 0.00032759999,0.16000,5.04000
,,, 0.00032779999,0.24000,5.08000
,,, 0.00032799999,0.16000,5.04000
,,, 0.00032820000,0.24000,5.08000
,,, 0.00032840000,0.16000,5.04000
,,, 0.00032860000,0.16000,5.08000
,,, 0.00032880000,0.16000,5.04000
,,, 0.00032900000,0.24000,5.04000
,,, 0.00032920000,0.24000,5.08000
,,, 0.00032940001,0.16000,5.04000
,,, 0.00032960001,0.16000,5.08000
,,, 0.00032980001,0.16000,5.04000
,,, 0.00033000001,0.16000,5.08000
,,, 0.00033020001,0.16000,5.04000
,,, 0.00033040001,0.16000,5.04000
,,, 0.00033060001,0.24000,5.04000
,,, 0.00033080002,0.16000,5.04000
,,, 0.00033100002,0.24000,5.04000
,,, 0.00033119999,0.16000,5.04000
,,, 0.00033139999,0.24000,5.04000
,,, 0.00033159999,0.24000,5.04000
,,, 0.00033179999,0.16000,5.04000
,,, 0.00033200000,0.16000,5.04000
,,, 0.00033220000,0.16000,5.00000
,,, 0.00033240000,0.16000,5.08000
,,, 0.00033260000,0.16000,5.08000
,,, 0.00033280000,0.24000,5.08000
,,, 0.00033300000,0.24000,5.08000
,,, 0.00033320001,0.08000,5.08000
,,, 0.00033340001,0.16000,5.08000
,,, 0.00033360001,0.16000,5.04000
,,, 0.00033380001,0.16000,5.04000
,,, 0.00033400001,0.24000,5.08000
,,, 0.00033420001,0.24000,5.04000
,,, 0.00033440001,0.16000,5.08000
,,, 0.00033460002,0.24000,5.04000
,,, 0.00033480002,0.24000,5.04000
,,, 0.00033499999,0.24000,5.04000
,,, 0.00033519999,0.24000,5.04000
,,, 0.00033539999,0.16000,5.08000
,,, 0.00033559999,0.24000,5.08000
,,, 0.00033580000,0.16000,5.08000
,,, 0.00033600000,0.24000,5.08000
,,, 0.00033620000,0.16000,5.04000
,,, 0.00033640000,0.16000,5.04000
,,, 0.00033660000,0.24000,5.04000
,,, 0.00033680000,0.16000,5.04000
,,, 0.00033700000,0.16000,5.04000
,,, 0.00033720001,0.16000,5.04000
,,, 0.00033740001,0.16000,5.04000
,,, 0.00033760001,0.16000,5.04000
,,, 0.00033780001,0.16000,5.04000
,,, 0.00033800001,0.16000,5.04000
,,, 0.00033820001,0.16000,5.08000
,,, 0.00033840002,0.24000,5.04000
,,, 0.00033860002,0.24000,5.08000
,,, 0.00033879999,0.16000,5.08000
,,, 0.00033899999,0.16000,5.04000
,,, 0.00033919999,0.16000,5.08000
,,, 0.00033939999,0.24000,5.04000
,,, 0.00033960000,0.16000,5.04000
,,, 0.00033980000,0.16000,5.04000
,,, 0.00034000000,0.16000,5.08000
,,, 0.00034020000,0.16000,5.08000
,,, 0.00034040000,0.16000,5.04000
,,, 0.00034060000,0.24000,5.04000
,,, 0.00034080000,0.16000,5.08000
,,, 0.00034100001,0.16000,5.04000
,,, 0.00034120001,0.16000,5.04000
,,, 0.00034140001,0.24000,5.08000
,,, 0.00034160001,0.24000,5.04000
,,, 0.00034180001,0.16000,5.04000
,,, 0.00034200001,0.24000,5.04000
,,, 0.00034220002,0.24000,5.04000
,,, 0.00034240002,0.24000,5.04000
,,, 0.00034260002,0.16000,5.08000
,,, 0.00034279999,0.16000,5.04000
,,, 0.00034299999,0.16000,5.04000
,,, 0.00034319999,0.16000,5.08000
,,, 0.00034340000,0.24000,5.04000
,,, 0.00034360000,0.16000,5.08000
,,, 0.00034380000,0.16000,5.08000
,,, 0.00034400000,0.16000,5.04000
,,, 0.00034420000,0.16000,5.00000
,,, 0.00034440000,0.16000,5.04000
,,, 0.00034460000,0.24000,5.04000
,,, 0.00034480001,0.16000,5.04000
,,, 0.00034500001,0.16000,5.04000
,,, 0.00034520001,0.24000,5.04000
,,, 0.00034540001,0.24000,5.04000
,,, 0.00034560001,0.24000,5.04000
,,, 0.00034580001,0.16000,5.04000
,,, 0.00034600002,0.24000,5.08000
,,, 0.00034620002,0.16000,5.04000
,,, 0.00034640002,0.16000,5.08000
,,, 0.00034659999,0.16000,5.04000
,,, 0.00034679999,0.24000,5.08000
,,, 0.00034699999,0.16000,5.04000
,,, 0.00034720000,0.16000,5.08000
,,, 0.00034740000,0.16000,5.04000
,,, 0.00034760000,0.16000,5.08000
,,, 0.00034780000,0.16000,5.04000
,,, 0.00034800000,0.24000,5.04000
,,, 0.00034820000,0.24000,5.04000
,,, 0.00034840000,0.16000,5.04000
,,, 0.00034860001,0.24000,5.04000
,,, 0.00034880001,0.24000,5.04000
,,, 0.00034900001,0.16000,5.08000
,,, 0.00034920001,0.16000,5.04000
,,, 0.00034940001,0.16000,5.04000
,,, 0.00034960001,0.16000,5.04000
,,, 0.00034980002,0.16000,5.08000
,,, 0.00035000002,0.16000,5.04000
,,, 0.00035020002,0.16000,5.08000
,,, 0.00035039999,0.16000,5.08000
,,, 0.00035059999,0.16000,5.04000
,,, 0.00035079999,0.16000,5.04000
,,, 0.00035100000,0.24000,5.04000
,,, 0.00035120000,0.16000,5.04000
,,, 0.00035140000,0.24000,5.04000
,,, 0.00035160000,0.24000,5.04000
,,, 0.00035180000,0.16000,5.08000
,,, 0.00035200000,0.16000,5.04000
,,, 0.00035220000,0.16000,5.04000
,,, 0.00035240001,0.16000,5.04000
,,, 0.00035260001,0.16000,5.08000
,,, 0.00035280001,0.16000,5.08000
,,, 0.00035300001,0.16000,5.04000
,,, 0.00035320001,0.16000,5.04000
,,, 0.00035340001,0.16000,5.08000
,,, 0.00035360001,0.16000,5.08000
,,, 0.00035380002,0.24000,5.04000
,,, 0.00035400002,0.16000,5.04000
,,, 0.00035419999,0.24000,5.08000
,,, 0.00035439999,0.24000,5.04000
,,, 0.00035459999,0.24000,5.04000
,,, 0.00035479999,0.16000,5.04000
,,, 0.00035500000,0.24000,5.00000
,,, 0.00035520000,0.16000,5.08000
,,, 0.00035540000,0.16000,5.04000
,,, 0.00035560000,0.16000,5.08000
,,, 0.00035580000,0.24000,5.04000
,,, 0.00035600000,0.16000,5.04000
,,, 0.00035620001,0.16000,5.04000
,,, 0.00035640001,0.24000,5.04000
,,, 0.00035660001,0.16000,5.08000
,,, 0.00035680001,0.16000,5.04000
,,, 0.00035700001,0.16000,5.04000
,,, 0.00035720001,0.16000,5.04000
,,, 0.00035740001,0.16000,5.08000
,,, 0.00035760002,0.24000,5.08000
,,, 0.00035780002,0.24000,5.04000
,,, 0.00035799999,0.24000,5.04000
,,, 0.00035819999,0.16000,5.08000
,,, 0.00035839999,0.24000,5.04000
,,, 0.00035859999,0.16000,5.08000
,,, 0.00035880000,0.16000,5.04000
,,, 0.00035900000,0.24000,5.04000
,,, 0.00035920000,0.16000,5.04000
,,, 0.00035940000,0.16000,5.08000
,,, 0.00035960000,0.16000,5.04000
,,, 0.00035980000,0.16000,5.04000
,,, 0.00036000001,0.24000,5.04000
,,, 0.00036020001,0.16000,5.04000
,,, 0.00036040001,0.16000,5.04000
,,, 0.00036060001,0.16000,5.04000
,,, 0.00036080001,0.16000,5.08000
,,, 0.00036100001,0.24000,5.04000
,,, 0.00036120001,0.24000,5.04000
,,, 0.00036140002,0.16000,5.04000
,,, 0.00036160002,0.16000,5.04000
,,, 0.00036179999,0.24000,5.04000
,,, 0.00036199999,0.24000,5.04000
,,, 0.00036219999,0.16000,5.08000
,,, 0.00036239999,0.24000,5.04000
,,, 0.00036260000,0.24000,5.04000
,,, 0.00036280000,0.16000,5.04000
,,, 0.00036300000,0.16000,5.08000
,,, 0.00036320000,0.16000,5.04000
,,, 0.00036340000,0.16000,5.08000
,,, 0.00036360000,0.16000,5.04000
,,, 0.00036380001,0.16000,5.04000
,,, 0.00036400001,0.16000,5.08000
,,, 0.00036420001,0.16000,5.04000
,,, 0.00036440001,0.16000,5.08000
,,, 0.00036460001,0.24000,5.08000
,,, 0.00036480001,0.16000,5.04000
,,, 0.00036500001,0.16000,5.04000
,,, 0.00036520002,0.24000,5.04000
,,, 0.00036540002,0.24000,5.04000
,,, 0.00036559999,0.24000,5.08000
,,, 0.00036579999,0.24000,5.04000
,,, 0.00036599999,0.16000,5.04000
,,, 0.00036619999,0.16000,5.08000
,,, 0.00036640000,0.16000,5.04000
,,, 0.00036660000,0.16000,5.04000
,,, 0.00036680000,0.16000,5.04000
,,, 0.00036700000,0.16000,5.08000
,,, 0.00036720000,0.16000,5.08000
,,, 0.00036740000,0.16000,5.04000
,,, 0.00036760001,0.16000,5.04000
,,, 0.00036780001,0.16000,5.00000
,,, 0.00036800001,0.16000,5.04000
,,, 0.00036820001,0.16000,5.04000
,,, 0.00036840001,0.16000,5.04000
,,, 0.00036860001,0.16000,5.08000
,,, 0.00036880001,0.16000,5.04000
,,, 0.00036900002,0.24000,5.08000
,,, 0.00036920002,0.16000,5.04000
,,, 0.00036940002,0.24000,5.00000
,,, 0.00036959999,0.24000,5.04000
,,, 0.00036979999,0.16000,5.04000
,,, 0.00036999999,0.16000,5.04000
,,, 0.00037020000,0.16000,5.08000
,,, 0.00037040000,0.16000,5.08000
,,, 0.00037060000,0.24000,5.04000
,,, 0.00037080000,0.16000,5.08000
,,, 0.00037100000,0.24000,5.04000
,,, 0.00037120000,0.24000,5.00000
,,, 0.00037140000,0.16000,5.04000
,,, 0.00037160001,0.16000,5.04000
,,, 0.00037180001,0.24000,5.04000
,,, 0.00037200001,0.16000,5.04000
,,, 0.00037220001,0.16000,5.04000
,,, 0.00037240001,0.16000,5.04000
,,, 0.00037260001,0.16000,5.08000
,,, 0.00037280002,0.24000,5.04000
,,, 0.00037300002,0.16000,5.04000
,,, 0.00037320002,0.24000,5.08000
,,, 0.00037339999,0.16000,5.04000
,,, 0.00037359999,0.16000,5.04000
,,, 0.00037379999,0.16000,5.04000
,,, 0.00037400000,0.16000,5.04000
,,, 0.00037420000,0.16000,5.04000
,,, 0.00037440000,0.16000,5.04000
,,, 0.00037460000,0.16000,5.08000
,,, 0.00037480000,0.16000,5.04000
,,, 0.00037500000,0.16000,5.04000
,,, 0.00037520000,0.16000,5.04000
,,, 0.00037540001,0.24000,5.04000
,,, 0.00037560001,0.24000,5.04000
,,, 0.00037580001,0.24000,5.04000
,,, 0.00037600001,0.16000,5.04000
,,, 0.00037620001,0.16000,5.04000
,,, 0.00037640001,0.16000,5.08000
,,, 0.00037660002,0.16000,5.08000
,,, 0.00037680002,0.16000,5.04000
,,, 0.00037700002,0.16000,5.04000
,,, 0.00037719999,0.24000,5.04000
,,, 0.00037739999,0.24000,5.04000
,,, 0.00037759999,0.16000,5.08000
,,, 0.00037780000,0.24000,5.08000
,,, 0.00037800000,0.16000,5.08000
,,, 0.00037820000,0.16000,5.04000
,,, 0.00037840000,0.16000,5.04000
,,, 0.00037860000,0.24000,5.04000
,,, 0.00037880000,0.16000,5.04000
,,, 0.00037900000,0.24000,5.04000
,,, 0.00037920001,0.16000,5.08000
,,, 0.00037940001,0.24000,5.04000
,,, 0.00037960001,0.16000,5.08000
,,, 0.00037980001,0.16000,5.04000
,,, 0.00038000001,0.16000,5.08000
,,, 0.00038020001,0.24000,5.08000
,,, 0.00038040002,0.24000,5.04000
,,, 0.00038060002,0.16000,5.04000
,,, 0.00038080002,0.24000,5.04000
,,, 0.00038099999,0.16000,5.04000
,,, 0.00038119999,0.16000,5.04000
,,, 0.00038139999,0.16000,5.04000
,,, 0.00038160000,0.24000,5.00000
,,, 0.00038180000,0.24000,5.04000
,,, 0.00038200000,0.16000,5.04000
,,, 0.00038220000,0.16000,5.08000
,,, 0.00038240000,0.24000,5.04000
,,, 0.00038260000,0.16000,5.04000
,,, 0.00038280000,0.16000,5.08000
,,, 0.00038300001,0.16000,5.04000
,,, 0.00038320001,0.24000,5.04000
,,, 0.00038340001,0.16000,5.08000
,,, 0.00038360001,0.16000,5.00000
,,, 0.00038380001,0.16000,5.08000
,,, 0.00038400001,0.24000,5.08000
,,, 0.00038420002,0.16000,5.04000
,,, 0.00038440002,0.24000,5.08000
,,, 0.00038460002,0.24000,5.04000
,,, 0.00038479999,0.24000,5.04000
,,, 0.00038499999,0.24000,5.04000
,,, 0.00038519999,0.24000,5.04000
,,, 0.00038540000,0.24000,5.04000
,,, 0.00038560000,0.16000,5.04000
,,, 0.00038580000,0.16000,5.04000
,,, 0.00038600000,0.16000,5.08000
,,, 0.00038620000,0.24000,5.04000
,,, 0.00038640000,0.16000,5.08000
,,, 0.00038660000,0.24000,5.04000
,,, 0.00038680001,0.24000,5.08000
,,, 0.00038700001,0.16000,5.08000
,,, 0.00038720001,0.16000,5.04000
,,, 0.00038740001,0.24000,5.04000
,,, 0.00038760001,0.16000,5.08000
,,, 0.00038780001,0.16000,5.04000
,,, 0.00038800001,0.16000,5.04000
,,, 0.00038820002,0.24000,5.08000
,,, 0.00038840002,0.16000,5.00000
,,, 0.00038859999,0.24000,5.04000
,,, 0.00038879999,0.16000,5.04000
,,, 0.00038899999,0.16000,5.08000
,,, 0.00038919999,0.16000,5.08000
,,, 0.00038940000,0.16000,5.04000
,,, 0.00038960000,0.16000,5.08000
,,, 0.00038980000,0.24000,5.04000
,,, 0.00039000000,0.16000,5.04000
,,, 0.00039020000,0.16000,5.04000
,,, 0.00039040000,0.16000,5.08000
,,, 0.00039060001,0.24000,5.04000
,,, 0.00039080001,0.16000,5.04000
,,, 0.00039100001,0.24000,5.04000
,,, 0.00039120001,0.16000,5.04000
,,, 0.00039140001,0.16000,5.04000
,,, 0.00039160001,0.24000,5.04000
,,, 0.00039180001,0.16000,5.04000
,,, 0.00039200002,0.24000,5.08000
,,, 0.00039220002,0.24000,5.04000
,,, 0.00039239999,0.24000,5.08000
,,, 0.00039259999,0.16000,5.08000
,,, 0.00039279999,0.24000,5.04000
,,, 0.00039299999,0.16000,5.04000
,,, 0.00039320000,0.16000,5.08000
,,, 0.00039340000,0.16000,5.08000
,,, 0.00039360000,0.24000,5.04000
,,, 0.00039380000,0.16000,5.04000
,,, 0.00039400000,0.16000,5.04000
,,, 0.00039420000,0.16000,5.04000
,,, 0.00039440001,0.16000,5.04000
,,, 0.00039460001,0.24000,5.04000
,,, 0.00039480001,0.16000,5.04000
,,, 0.00039500001,0.16000,5.04000
,,, 0.00039520001,0.24000,5.04000
,,, 0.00039540001,0.24000,5.08000
,,, 0.00039560001,0.16000,5.08000
,,, 0.00039580002,0.24000,5.08000
,,, 0.00039600002,0.24000,5.04000
,,, 0.00039620002,0.16000,5.04000
,,, 0.00039639999,0.24000,5.08000
,,, 0.00039659999,0.24000,5.08000
,,, 0.00039679999,0.16000,5.08000
,,, 0.00039700000,0.16000,5.04000
,,, 0.00039720000,0.16000,5.04000
,,, 0.00039740000,0.24000,5.04000
,,, 0.00039760000,0.16000,5.04000
,,, 0.00039780000,0.16000,5.04000
,,, 0.00039800000,0.24000,5.04000
,,, 0.00039820001,0.16000,5.08000
,,, 0.00039840001,0.16000,5.04000
,,, 0.00039860001,0.16000,5.08000
,,, 0.00039880001,0.24000,5.04000
,,, 0.00039900001,0.16000,5.04000
,,, 0.00039920001,0.24000,5.04000
,,, 0.00039940001,0.24000,5.04000
,,, 0.00039960002,0.16000,5.08000
,,, 0.00039980002,0.16000,5.04000
,,, 0.00040000002,0.16000,5.08000
,,, 0.00040019999,0.16000,5.04000
,,, 0.00040039999,0.16000,5.08000
,,, 0.00040059999,0.16000,5.08000
,,, 0.00040080000,0.16000,5.04000
,,, 0.00040100000,0.24000,5.08000
,,, 0.00040120000,0.24000,5.04000
,,, 0.00040140000,0.16000,5.04000
,,, 0.00040160000,0.24000,5.08000
,,, 0.00040180000,0.24000,5.04000
,,, 0.00040200001,0.24000,5.08000
,,, 0.00040220001,0.24000,5.04000
,,, 0.00040240001,0.16000,5.04000
,,, 0.00040260001,0.24000,5.08000
,,, 0.00040280001,0.16000,5.04000
,,, 0.00040300001,0.16000,5.08000
,,, 0.00040320001,0.16000,5.08000
,,, 0.00040340002,0.16000,5.04000
,,, 0.00040360002,0.24000,5.04000
,,, 0.00040380002,0.16000,5.04000
,,, 0.00040399999,0.24000,5.08000
,,, 0.00040419999,0.16000,5.04000
,,, 0.00040439999,0.24000,5.04000
,,, 0.00040460000,0.16000,5.04000
,,, 0.00040480000,0.24000,5.00000
,,, 0.00040500000,0.24000,5.04000
,,, 0.00040520000,0.16000,5.04000
,,, 0.00040540000,0.16000,5.04000
,,, 0.00040560000,0.24000,5.04000
,,, 0.00040580000,0.24000,5.04000
,,, 0.00040600001,0.16000,5.04000
,,, 0.00040620001,0.16000,5.04000
,,, 0.00040640001,0.24000,5.08000
,,, 0.00040660001,0.24000,5.08000
,,, 0.00040680001,0.24000,5.04000
,,, 0.00040700001,0.16000,5.04000
,,, 0.00040720002,0.16000,5.04000
,,, 0.00040740002,0.16000,5.04000
,,, 0.00040760002,0.16000,5.04000
,,, 0.00040779999,0.24000,5.04000
,,, 0.00040799999,0.16000,5.08000
,,, 0.00040819999,0.16000,5.04000
,,, 0.00040840000,0.24000,5.04000
,,, 0.00040860000,0.24000,5.04000
,,, 0.00040880000,0.16000,5.04000
,,, 0.00040900000,0.24000,5.04000
,,, 0.00040920000,0.24000,5.08000
,,, 0.00040940000,0.24000,5.08000
,,, 0.00040960000,0.24000,5.04000
,,, 0.00040980001,0.24000,5.04000
,,, 0.00041000001,0.16000,5.08000
,,, 0.00041020001,0.16000,5.08000
,,, 0.00041040001,0.16000,5.08000
,,, 0.00041060001,0.16000,5.08000
,,, 0.00041080001,0.16000,5.04000
,,, 0.00041100002,0.16000,5.08000
,,, 0.00041120002,0.24000,5.08000
,,, 0.00041140002,0.16000,5.08000
,,, 0.00041159999,0.16000,5.04000
,,, 0.00041179999,0.16000,5.04000
,,, 0.00041199999,0.24000,5.04000
,,, 0.00041220000,0.24000,5.04000
,,, 0.00041240000,0.24000,5.04000
,,, 0.00041260000,0.16000,5.04000
,,, 0.00041280000,0.24000,5.04000
,,, 0.00041300000,0.16000,5.04000
,,, 0.00041320000,0.16000,5.08000
,,, 0.00041340000,0.24000,5.04000
,,, 0.00041360001,0.24000,5.04000
,,, 0.00041380001,0.16000,5.04000
,,, 0.00041400001,0.24000,5.08000
,,, 0.00041420001,0.16000,5.04000
,,, 0.00041440001,0.24000,5.08000
,,, 0.00041460001,0.16000,5.04000
,,, 0.00041480002,0.16000,5.04000
,,, 0.00041500002,0.16000,5.08000
,,, 0.00041520002,0.16000,5.04000
,,, 0.00041539999,0.24000,5.08000
,,, 0.00041559999,0.16000,5.04000
,,, 0.00041579999,0.16000,5.04000
,,, 0.00041600000,0.16000,5.04000
,,, 0.00041620000,0.24000,5.08000
,,, 0.00041640000,0.24000,5.08000
,,, 0.00041660000,0.24000,5.04000
,,, 0.00041680000,0.16000,5.04000
,,, 0.00041700000,0.16000,5.04000
,,, 0.00041720000,0.24000,5.04000
,,, 0.00041740001,0.24000,5.04000
,,, 0.00041760001,0.24000,5.04000
,,, 0.00041780001,0.16000,5.04000
,,, 0.00041800001,0.16000,5.04000
,,, 0.00041820001,0.24000,5.08000
,,, 0.00041840001,0.24000,5.04000
,,, 0.00041860002,0.16000,5.00000
,,, 0.00041880002,0.16000,5.04000
,,, 0.00041900002,0.16000,5.04000
,,, 0.00041919999,0.16000,5.08000
,,, 0.00041939999,0.16000,5.08000
,,, 0.00041959999,0.16000,5.08000
,,, 0.00041980000,0.24000,5.08000
,,, 0.00042000000,0.16000,5.08000
,,, 0.00042020000,0.16000,5.04000
,,, 0.00042040000,0.24000,5.04000
,,, 0.00042060000,0.16000,5.04000
,,, 0.00042080000,0.16000,5.04000
,,, 0.00042100000,0.16000,5.04000
,,, 0.00042120001,0.24000,5.00000
,,, 0.00042140001,0.24000,5.04000
,,, 0.00042160001,0.24000,5.04000
,,, 0.00042180001,0.24000,5.04000
,,, 0.00042200001,0.16000,5.04000
,,, 0.00042220001,0.16000,5.08000
,,, 0.00042240001,0.24000,5.08000
,,, 0.00042260002,0.24000,5.04000
,,, 0.00042280002,0.16000,5.08000
,,, 0.00042299999,0.16000,5.04000
,,, 0.00042319999,0.16000,5.04000
,,, 0.00042339999,0.16000,5.08000
,,, 0.00042359999,0.16000,5.08000
,,, 0.00042380000,0.16000,5.04000
,,, 0.00042400000,0.16000,5.08000
,,, 0.00042420000,0.16000,5.04000
,,, 0.00042440000,0.24000,5.04000
,,, 0.00042460000,0.16000,5.04000
,,, 0.00042480000,0.24000,5.04000
,,, 0.00042500001,0.24000,5.04000
,,, 0.00042520001,0.24000,5.04000
,,, 0.00042540001,0.16000,5.04000
,,, 0.00042560001,0.16000,5.04000
,,, 0.00042580001,0.24000,5.04000
,,, 0.00042600001,0.16000,5.00000
,,, 0.00042620001,0.16000,5.04000
,,, 0.00042640002,0.24000,5.04000
,,, 0.00042660002,0.16000,5.04000
,,, 0.00042680002,0.16000,5.04000
,,, 0.00042699999,0.16000,5.00000
,,, 0.00042719999,0.24000,5.08000
,,, 0.00042739999,0.24000,5.08000
,,, 0.00042760000,0.16000,5.04000
,,, 0.00042780000,0.24000,5.04000
,,, 0.00042800000,0.16000,5.04000
,,, 0.00042820000,0.24000,5.04000
,,, 0.00042840000,0.24000,5.04000
,,, 0.00042860000,0.16000,5.08000
,,, 0.00042880001,0.24000,5.04000
,,, 0.00042900001,0.16000,5.04000
,,, 0.00042920001,0.16000,5.04000
,,, 0.00042940001,0.16000,5.04000
,,, 0.00042960001,0.16000,5.08000
,,, 0.00042980001,0.24000,5.04000
,,, 0.00043000001,0.16000,5.08000
,,, 0.00043020002,0.16000,5.08000
,,, 0.00043040002,0.16000,5.08000
,,, 0.00043060002,0.16000,5.04000
,,, 0.00043079999,0.16000,5.04000
,,, 0.00043099999,0.24000,5.04000
,,, 0.00043119999,0.24000,5.08000
,,, 0.00043140000,0.16000,5.04000
,,, 0.00043160000,0.24000,5.08000
,,, 0.00043180000,0.24000,5.04000
,,, 0.00043200000,0.24000,5.04000
,,, 0.00043220000,0.16000,5.04000
,,, 0.00043240000,0.24000,5.04000
,,, 0.00043260001,0.24000,5.08000
,,, 0.00043280001,0.16000,5.08000
,,, 0.00043300001,0.16000,5.04000
,,, 0.00043320001,0.16000,5.04000
,,, 0.00043340001,0.16000,5.04000
,,, 0.00043360001,0.16000,5.04000
,,, 0.00043380001,0.16000,5.04000
,,, 0.00043400002,0.16000,5.08000
,,, 0.00043420002,0.16000,5.04000
,,, 0.00043440002,0.16000,5.04000
,,, 0.00043459999,0.24000,5.08000
,,, 0.00043479999,0.16000,5.04000
,,, 0.00043499999,0.24000,5.04000
,,, 0.00043520000,0.16000,5.08000
,,, 0.00043540000,0.24000,5.08000
,,, 0.00043560000,0.24000,5.04000
,,, 0.00043580000,0.16000,5.04000
,,, 0.00043600000,0.16000,5.08000
,,, 0.00043620000,0.16000,5.08000
,,, 0.00043640001,0.24000,5.04000
,,, 0.00043660001,0.16000,5.08000
,,, 0.00043680001,0.16000,5.08000
,,, 0.00043700001,0.16000,5.04000
,,, 0.00043720001,0.16000,5.04000
,,, 0.00043740001,0.16000,5.04000
,,, 0.00043760001,0.16000,5.04000
,,, 0.00043780002,0.16000,5.04000
,,, 0.00043800002,0.16000,5.04000
,,, 0.00043820002,0.16000,5.08000
,,, 0.00043839999,0.24000,5.04000
,,, 0.00043859999,0.16000,5.04000
,,, 0.00043879999,0.24000,5.04000
,,, 0.00043900000,0.16000,5.04000
,,, 0.00043920000,0.16000,5.04000
,,, 0.00043940000,0.16000,5.00000
,,, 0.00043960000,0.16000,5.04000
,,, 0.00043980000,0.16000,5.08000
,,, 0.00044000000,0.16000,5.08000
,,, 0.00044020000,0.24000,5.08000
,,, 0.00044040001,0.16000,5.04000
,,, 0.00044060001,0.24000,5.08000
,,, 0.00044080001,0.16000,5.04000
,,, 0.00044100001,0.24000,5.04000
,,, 0.00044120001,0.24000,5.04000
,,, 0.00044140001,0.24000,5.04000
,,, 0.00044160002,0.16000,5.04000
,,, 0.00044180002,0.24000,5.04000
,,, 0.00044200002,0.16000,5.04000
,,, 0.00044219999,0.24000,5.04000
,,, 0.00044239999,0.16000,5.08000
,,, 0.00044259999,0.24000,5.04000
,,, 0.00044280000,0.24000,5.08000
,,, 0.00044300000,0.16000,5.08000
,,, 0.00044320000,0.16000,5.04000
,,, 0.00044340000,0.16000,5.04000
,,, 0.00044360000,0.16000,5.08000
,,, 0.00044380000,0.16000,5.04000
,,, 0.00044400000,0.16000,5.08000
,,, 0.00044420001,0.24000,5.04000
,,, 0.00044440001,0.24000,5.04000
,,, 0.00044460001,0.24000,5.04000
,,, 0.00044480001,0.24000,5.04000
,,, 0.00044500001,0.32000,5.04000
,,, 0.00044520001,0.16000,5.04000
,,, 0.00044540002,0.24000,5.04000
,,, 0.00044560002,0.24000,5.04000
,,, 0.00044580002,0.16000,5.04000
,,, 0.00044599999,0.16000,5.08000
,,, 0.00044619999,0.16000,5.04000
,,, 0.00044639999,0.24000,5.08000
,,, 0.00044660000,0.16000,5.04000
,,, 0.00044680000,0.16000,5.04000
,,, 0.00044700000,0.16000,5.08000
,,, 0.00044720000,0.16000,5.04000
,,, 0.00044740000,0.16000,5.00000
,,, 0.00044760000,0.16000,5.04000
,,, 0.00044780000,0.24000,5.04000
,,, 0.00044800001,0.16000,5.04000
,,, 0.00044820001,0.16000,5.00000
,,, 0.00044840001,0.16000,5.04000
,,, 0.00044860001,0.16000,5.04000
,,, 0.00044880001,0.24000,5.04000
,,, 0.00044900001,0.24000,5.04000
,,, 0.00044920002,0.24000,5.08000
,,, 0.00044940002,0.24000,5.04000
,,, 0.00044960002,0.24000,5.08000
,,, 0.00044979999,0.24000,5.08000
,,, 0.00044999999,0.16000,5.00000
,,, 0.00045019999,0.24000,5.08000
,,, 0.00045040000,0.16000,5.08000
,,, 0.00045060000,0.16000,5.08000
,,, 0.00045080000,0.16000,5.04000
,,, 0.00045100000,0.24000,5.08000
,,, 0.00045120000,0.16000,5.04000
,,, 0.00045140000,0.24000,5.08000
,,, 0.00045160000,0.24000,5.08000
,,, 0.00045180001,0.24000,5.04000
,,, 0.00045200001,0.16000,5.04000
,,, 0.00045220001,0.24000,5.04000
,,, 0.00045240001,0.24000,5.08000
,,, 0.00045260001,0.16000,5.04000
,,, 0.00045280001,0.24000,5.04000
,,, 0.00045300002,0.16000,5.08000
,,, 0.00045320002,0.16000,5.08000
,,, 0.00045340002,0.16000,5.08000
,,, 0.00045360002,0.16000,5.04000
,,, 0.00045379999,0.16000,5.08000
,,, 0.00045399999,0.24000,5.08000
,,, 0.00045420000,0.16000,5.04000
,,, 0.00045440000,0.16000,5.08000
,,, 0.00045460000,0.16000,5.08000
,,, 0.00045480000,0.16000,5.04000
,,, 0.00045500000,0.24000,5.08000
,,, 0.00045520000,0.24000,5.04000
,,, 0.00045540000,0.16000,5.04000
,,, 0.00045560001,0.16000,5.04000
,,, 0.00045580001,0.24000,5.04000
,,, 0.00045600001,0.16000,5.08000
,,, 0.00045620001,0.16000,5.04000
,,, 0.00045640001,0.24000,5.04000
,,, 0.00045660001,0.24000,5.04000
,,, 0.00045680001,0.16000,5.08000
,,, 0.00045700002,0.16000,5.04000
,,, 0.00045720002,0.16000,5.04000
,,, 0.00045740002,0.16000,5.04000
,,, 0.00045759999,0.16000,5.04000
,,, 0.00045779999,0.16000,5.08000
,,, 0.00045799999,0.16000,5.04000
,,, 0.00045820000,0.16000,5.04000
,,, 0.00045840000,0.16000,5.08000
,,, 0.00045860000,0.16000,5.04000
,,, 0.00045880000,0.16000,5.04000
,,, 0.00045900000,0.24000,5.04000
,,, 0.00045920000,0.24000,5.04000
,,, 0.00045940001,0.16000,5.08000
,,, 0.00045960001,0.16000,5.08000
,,, 0.00045980001,0.16000,5.04000
,,, 0.00046000001,0.16000,5.04000
,,, 0.00046020001,0.16000,5.08000
,,, 0.00046040001,0.24000,5.08000
,,, 0.00046060001,0.16000,5.04000
,,, 0.00046080002,0.16000,5.04000
,,, 0.00046100002,0.24000,5.08000
,,, 0.00046120002,0.16000,5.00000
,,, 0.00046139999,0.16000,5.08000
,,, 0.00046159999,0.24000,5.04000
,,, 0.00046179999,0.24000,5.04000
,,, 0.00046200000,0.24000,5.04000
,,, 0.00046220000,0.16000,5.08000
,,, 0.00046240000,0.16000,5.00000
,,, 0.00046260000,0.24000,5.04000
,,, 0.00046280000,0.24000,5.00000
,,, 0.00046300000,0.24000,5.08000
,,, 0.00046320001,0.16000,5.04000
,,, 0.00046340001,0.16000,5.04000
,,, 0.00046360001,0.16000,5.04000
,,, 0.00046380001,0.16000,5.08000
,,, 0.00046400001,0.16000,5.04000
,,, 0.00046420001,0.16000,5.04000
,,, 0.00046440001,0.16000,5.04000
,,, 0.00046460002,0.16000,5.04000
,,, 0.00046480002,0.16000,5.04000
,,, 0.00046500002,0.16000,5.04000
,,, 0.00046519999,0.24000,5.04000
,,, 0.00046539999,0.16000,5.04000
,,, 0.00046559999,0.24000,5.08000
,,, 0.00046580000,0.24000,5.04000
,,, 0.00046600000,0.24000,5.04000
,,, 0.00046620000,0.16000,5.08000
,,, 0.00046640000,0.16000,5.04000
,,, 0.00046660000,0.16000,5.04000
,,, 0.00046680000,0.24000,5.08000
,,, 0.00046700001,0.16000,5.04000
,,, 0.00046720001,0.16000,5.04000
,,, 0.00046740001,0.16000,5.04000
,,, 0.00046760001,0.16000,5.04000
,,, 0.00046780001,0.16000,5.04000
,,, 0.00046800001,0.16000,5.08000
,,, 0.00046820001,0.24000,5.04000
,,, 0.00046840002,0.16000,5.04000
,,, 0.00046860002,0.24000,5.04000
,,, 0.00046880002,0.16000,5.08000
,,, 0.00046899999,0.16000,5.08000
,,, 0.00046919999,0.24000,5.08000
,,, 0.00046939999,0.24000,5.04000
,,, 0.00046960000,0.16000,5.08000
,,, 0.00046980000,0.16000,5.08000
,,, 0.00047000000,0.16000,5.04000
,,, 0.00047020000,0.16000,5.04000
,,, 0.00047040000,0.16000,5.04000
,,, 0.00047060000,0.24000,5.04000
,,, 0.00047080001,0.16000,5.04000
,,, 0.00047100001,0.16000,5.04000
,,, 0.00047120001,0.16000,5.04000
,,, 0.00047140001,0.24000,5.04000
,,, 0.00047160001,0.16000,5.04000
,,, 0.00047180001,0.24000,5.08000
,,, 0.00047200001,0.16000,5.08000
,,, 0.00047220002,0.16000,5.08000
,,, 0.00047240002,0.24000,5.04000
,,, 0.00047260002,0.16000,5.04000
,,, 0.00047279999,0.24000,5.04000
,,, 0.00047299999,0.16000,5.04000
,,, 0.00047319999,0.24000,5.04000
,,, 0.00047340000,0.16000,5.04000
,,, 0.00047360000,0.16000,5.04000
,,, 0.00047380000,0.16000,5.04000
,,, 0.00047400000,0.16000,5.04000
,,, 0.00047420000,0.16000,5.04000
,,, 0.00047440000,0.16000,5.04000
,,, 0.00047460000,0.16000,5.04000
,,, 0.00047480001,0.16000,5.04000
,,, 0.00047500001,0.16000,5.04000
,,, 0.00047520001,0.24000,5.04000
,,, 0.00047540001,0.16000,5.04000
,,, 0.00047560001,0.24000,5.04000
,,, 0.00047580001,0.16000,5.04000
,,, 0.00047600002,0.24000,5.04000
,,, 0.00047620002,0.24000,5.04000
,,, 0.00047640002,0.16000,5.04000
,,, 0.00047659999,0.16000,5.04000
,,, 0.00047679999,0.16000,5.04000
,,, 0.00047699999,0.16000,5.04000
,,, 0.00047720000,0.24000,5.04000
,,, 0.00047740000,0.24000,5.08000
,,, 0.00047760000,0.24000,5.08000
,,, 0.00047780000,0.16000,5.08000
,,, 0.00047800000,0.16000,5.08000
,,, 0.00047820000,0.16000,5.04000
,,, 0.00047840000,0.16000,5.04000
,,, 0.00047860001,0.16000,5.04000
,,, 0.00047880001,0.24000,5.04000
,,, 0.00047900001,0.24000,5.04000
,,, 0.00047920001,0.16000,5.04000
,,, 0.00047940001,0.24000,5.04000
,,, 0.00047960001,0.16000,5.04000
,,, 0.00047980002,0.24000,5.08000
,,, 0.00048000002,0.24000,5.08000
,,, 0.00048020002,0.16000,5.04000
,,, 0.00048040002,0.16000,5.04000
,,, 0.00048059999,0.16000,5.04000
,,, 0.00048079999,0.16000,5.04000
,,, 0.00048100000,0.24000,5.04000
,,, 0.00048120000,0.16000,5.04000
,,, 0.00048140000,0.24000,5.08000
,,, 0.00048160000,0.24000,5.04000
,,, 0.00048180000,0.24000,5.08000
,,, 0.00048200000,0.24000,5.04000
,,, 0.00048220000,0.24000,5.04000
,,, 0.00048240001,0.24000,5.04000
,,, 0.00048260001,0.16000,5.04000
,,, 0.00048280001,0.16000,5.08000
,,, 0.00048300001,0.16000,5.04000
,,, 0.00048320001,0.16000,5.04000
,,, 0.00048340001,0.16000,5.08000
,,, 0.00048360002,0.16000,5.08000
,,, 0.00048380002,0.24000,5.04000
,,, 0.00048400002,0.24000,5.04000
,,, 0.00048420002,0.16000,5.04000
,,, 0.00048439999,0.24000,5.04000
,,, 0.00048459999,0.16000,5.04000
,,, 0.00048480000,0.16000,5.04000
,,, 0.00048500000,0.24000,5.04000
,,, 0.00048520000,0.24000,5.04000
,,, 0.00048540000,0.16000,5.04000
,,, 0.00048560000,0.24000,5.04000
,,, 0.00048580000,0.16000,5.08000
,,, 0.00048600000,0.24000,5.04000
,,, 0.00048620001,0.24000,5.04000
,,, 0.00048640001,0.24000,5.08000
,,, 0.00048660001,0.24000,5.04000
,,, 0.00048680001,0.16000,5.08000
,,, 0.00048700001,0.16000,5.04000
,,, 0.00048720001,0.16000,5.04000
,,, 0.00048740002,0.24000,5.04000
,,, 0.00048760002,0.16000,5.04000
,,, 0.00048780002,0.16000,5.04000
,,, 0.00048800002,0.16000,5.08000
,,, 0.00048819999,0.24000,5.04000
,,, 0.00048839999,0.16000,5.04000
,,, 0.00048860000,0.24000,5.04000
,,, 0.00048880000,0.24000,5.04000
,,, 0.00048900000,0.16000,5.08000
,,, 0.00048920000,0.16000,5.04000
,,, 0.00048940000,0.16000,5.04000
,,, 0.00048960000,0.16000,5.08000
,,, 0.00048980000,0.16000,5.08000
,,, 0.00049000001,0.16000,5.04000
,,, 0.00049020001,0.16000,5.08000
,,, 0.00049040001,0.08000,5.04000
,,, 0.00049060001,0.16000,5.04000
,,, 0.00049080001,0.16000,5.04000
,,, 0.00049100001,0.16000,5.04000
,,, 0.00049120001,0.16000,5.08000
,,, 0.00049140002,0.16000,5.04000
,,, 0.00049160002,0.16000,5.04000
,,, 0.00049180002,0.16000,5.04000
,,, 0.00049200002,0.16000,5.08000
,,, 0.00049220002,0.16000,5.08000
,,, 0.00049240002,0.16000,5.08000
,,, 0.00049260003,0.16000,5.08000
,,, 0.00049280003,0.24000,5.08000
,,, 0.00049300003,0.24000,5.08000
,,, 0.00049320003,0.16000,5.08000
,,, 0.00049340003,0.16000,5.04000
,,, 0.00049360003,0.16000,5.08000
,,, 0.00049380003,0.16000,5.04000
,,, 0.00049399998,0.16000,5.04000
,,, 0.00049419998,0.16000,5.08000
,,, 0.00049439998,0.24000,5.04000
,,, 0.00049459998,0.16000,5.04000
,,, 0.00049479998,0.16000,5.08000
,,, 0.00049499999,0.16000,5.04000
,,, 0.00049519999,0.16000,5.04000
,,, 0.00049539999,0.24000,5.04000
,,, 0.00049559999,0.16000,5.04000
,,, 0.00049579999,0.24000,5.04000
,,, 0.00049599999,0.24000,5.08000
,,, 0.00049619999,0.16000,5.08000
,,, 0.00049640000,0.16000,5.08000
,,, 0.00049660000,0.24000,5.08000
,,, 0.00049680000,0.16000,5.08000
,,, 0.00049700000,0.16000,5.08000
,,, 0.00049720000,0.16000,5.04000
,,, 0.00049740000,0.24000,5.04000
,,, 0.00049760001,0.24000,5.08000
,,, 0.00049780001,0.16000,5.04000
,,, 0.00049800001,0.24000,5.04000
,,, 0.00049820001,0.16000,5.04000
,,, 0.00049840001,0.16000,5.04000
,,, 0.00049860001,0.24000,5.04000
,,, 0.00049880001,0.24000,5.08000
,,, 0.00049900002,0.16000,5.04000
,,, 0.00049920002,0.16000,5.04000
,,, 0.00049940002,0.16000,5.08000
,,, 0.00049960002,0.24000,5.08000
,,, 0.00049980002,0.16000,5.04000
,,, 0.00050000002,0.24000,5.08000
,,, 0.00050020003,0.16000,5.08000
,,, 0.00050040003,0.16000,5.04000
,,, 0.00050060003,0.24000,5.08000
,,, 0.00050080003,0.16000,5.04000
,,, 0.00050100003,0.16000,5.04000
,,, 0.00050120003,0.16000,5.04000
,,, 0.00050140003,0.16000,5.04000
,,, 0.00050159998,4.88000,0.08000
,,, 0.00050179998,4.88000,0.04000
,,, 0.00050199998,4.88000,0.04000
,,, 0.00050219998,4.80000,0.04000
,,, 0.00050239998,4.80000,0.04000
,,, 0.00050259999,4.80000,0.04000
,,, 0.00050279999,4.80000,0.04000
,,, 0.00050299999,4.80000,0.04000
,,, 0.00050319999,4.72000,0.04000
,,, 0.00050339999,4.72000,0.04000
,,, 0.00050359999,4.72000,0.08000
,,, 0.00050379999,4.72000,0.08000
,,, 0.00050400000,4.64000,0.04000
,,, 0.00050420000,4.64000,0.08000
,,, 0.00050440000,4.64000,0.08000
,,, 0.00050460000,4.64000,0.12000
,,, 0.00050480000,4.64000,0.08000
,,, 0.00050500000,4.56000,0.08000
,,, 0.00050520001,4.56000,0.08000
,,, 0.00050540001,4.56000,0.12000
,,, 0.00050560001,4.56000,0.12000
,,, 0.00050580001,4.56000,0.08000
,,, 0.00050600001,4.56000,0.08000
,,, 0.00050620001,4.56000,0.08000
,,, 0.00050640001,4.48000,0.08000
,,, 0.00050660002,4.48000,0.12000
,,, 0.00050680002,4.48000,0.12000
,,, 0.00050700002,4.48000,0.12000
,,, 0.00050720002,4.48000,0.12000
,,, 0.00050740002,4.48000,0.12000
,,, 0.00050760002,4.48000,0.12000
,,, 0.00050780002,4.40000,0.08000
,,, 0.00050800003,4.48000,0.08000
,,, 0.00050820003,4.48000,0.04000
,,, 0.00050840003,4.48000,0.08000
,,, 0.00050860003,4.40000,0.04000
,,, 0.00050880003,4.40000,0.04000
,,, 0.00050900003,4.48000,0.12000
,,, 0.00050919998,4.40000,0.12000
,,, 0.00050939998,4.40000,0.12000
,,, 0.00050959998,4.40000,0.04000
,,, 0.00050979998,4.32000,0.12000
,,, 0.00050999998,4.32000,0.12000
,,, 0.00051019999,4.32000,0.08000
,,, 0.00051039999,4.32000,0.08000
,,, 0.00051059999,4.32000,0.12000
,,, 0.00051079999,4.32000,0.08000
,,, 0.00051099999,4.32000,0.12000
,,, 0.00051119999,4.32000,0.12000
,,, 0.00051139999,4.24000,0.08000
,,, 0.00051160000,4.24000,0.08000
,,, 0.00051180000,4.24000,0.12000
,,, 0.00051200000,4.24000,0.12000
,,, 0.00051220000,4.24000,0.12000
,,, 0.00051240000,4.24000,0.08000
,,, 0.00051260000,4.24000,0.08000
,,, 0.00051280000,4.24000,0.12000
,,, 0.00051300001,4.24000,0.12000
,,, 0.00051320001,4.16000,0.12000
,,, 0.00051340001,4.24000,0.08000
,,, 0.00051360001,4.16000,0.12000
,,, 0.00051380001,4.16000,0.08000
,,, 0.00051400001,4.16000,0.12000
,,, 0.00051420002,4.16000,0.08000
,,, 0.00051440002,4.16000,0.08000
,,, 0.00051460002,4.16000,0.08000
,,, 0.00051480002,4.08000,0.08000
,,, 0.00051500002,4.08000,0.12000
,,, 0.00051520002,4.08000,0.08000
,,, 0.00051540002,4.08000,0.08000
,,, 0.00051560003,4.16000,0.04000
,,, 0.00051580003,4.08000,0.12000
,,, 0.00051600003,4.08000,0.08000
,,, 0.00051620003,4.16000,0.08000
,,, 0.00051640003,4.08000,0.12000
,,, 0.00051660003,4.08000,0.12000
,,, 0.00051679998,4.08000,0.08000
,,, 0.00051699998,4.00000,0.08000
,,, 0.00051719998,4.00000,0.08000
,,, 0.00051739998,4.08000,0.12000
,,, 0.00051759998,4.00000,0.12000
,,, 0.00051779998,4.00000,0.08000
,,, 0.00051799999,4.08000,0.08000
,,, 0.00051819999,4.00000,0.12000
,,, 0.00051839999,4.00000,0.12000
,,, 0.00051859999,4.00000,0.12000
,,, 0.00051879999,4.00000,0.12000
,,, 0.00051899999,4.00000,0.08000
,,, 0.00051920000,4.00000,0.08000
,,, 0.00051940000,4.00000,0.12000
,,, 0.00051960000,4.00000,0.08000
,,, 0.00051980000,4.00000,0.08000
,,, 0.00052000000,4.00000,0.08000
,,, 0.00052020000,4.00000,0.08000
,,, 0.00052040000,3.92000,0.08000
,,, 0.00052060001,4.00000,0.08000
,,, 0.00052080001,4.00000,0.12000
,,, 0.00052100001,4.00000,0.08000
,,, 0.00052120001,3.92000,0.12000
,,, 0.00052140001,3.92000,0.12000
,,, 0.00052160001,4.00000,0.12000
,,, 0.00052180002,4.00000,0.08000
,,, 0.00052200002,4.00000,0.08000
,,, 0.00052220002,4.00000,0.08000
,,, 0.00052240002,4.00000,0.08000
,,, 0.00052260002,4.00000,0.08000
,,, 0.00052280002,4.00000,0.08000
,,, 0.00052300002,4.00000,0.08000
,,, 0.00052320003,4.00000,0.12000
,,, 0.00052340003,3.92000,0.12000
,,, 0.00052360003,4.00000,0.12000
,,, 0.00052380003,4.00000,0.12000
,,, 0.00052400003,3.92000,0.12000
,,, 0.00052420003,3.92000,0.08000
,,, 0.00052440003,4.00000,0.08000
,,, 0.00052459998,4.00000,0.12000
,,, 0.00052479998,3.92000,0.08000
,,, 0.00052499998,3.92000,0.12000
,,, 0.00052519998,4.00000,0.08000
,,, 0.00052539998,4.00000,0.12000
,,, 0.00052559999,4.00000,0.08000
,,, 0.00052579999,4.00000,0.12000
,,, 0.00052599999,3.92000,0.08000
,,, 0.00052619999,4.00000,0.08000
,,, 0.00052639999,4.00000,0.08000
,,, 0.00052659999,4.00000,0.12000
,,, 0.00052679999,3.92000,0.08000
,,, 0.00052700000,4.00000,0.12000
,,, 0.00052720000,4.00000,0.12000
,,, 0.00052740000,4.00000,0.12000
,,, 0.00052760000,3.92000,0.08000
,,, 0.00052780000,4.00000,0.12000
,,, 0.00052800000,4.00000,0.08000
,,, 0.00052820001,3.92000,0.08000
,,, 0.00052840001,4.00000,0.08000
,,, 0.00052860001,4.00000,0.08000
,,, 0.00052880001,4.00000,0.04000
,,, 0.00052900001,4.00000,0.08000
,,, 0.00052920001,4.00000,0.08000
,,, 0.00052940001,3.92000,0.12000
,,, 0.00052960002,4.00000,0.12000
,,, 0.00052980002,3.92000,0.12000
,,, 0.00053000002,3.92000,0.12000
,,, 0.00053020002,4.00000,0.12000
,,, 0.00053040002,4.00000,0.12000
,,, 0.00053060002,4.00000,0.08000
,,, 0.00053080003,4.00000,0.08000
,,, 0.00053100003,4.00000,0.12000
,,, 0.00053120003,4.00000,0.12000
,,, 0.00053140003,3.92000,0.08000
,,, 0.00053160003,3.92000,0.08000
,,, 0.00053180003,4.00000,0.08000
,,, 0.00053200003,3.92000,0.08000
,,, 0.00053219998,3.92000,0.08000
,,, 0.00053239998,3.92000,0.04000
,,, 0.00053259998,3.92000,0.08000
,,, 0.00053279998,3.92000,0.08000
,,, 0.00053299998,3.92000,0.12000
,,, 0.00053319999,3.92000,0.08000
,,, 0.00053339999,3.92000,0.12000
,,, 0.00053359999,3.92000,0.08000
,,, 0.00053379999,3.92000,0.08000
,,, 0.00053399999,4.00000,0.04000
,,, 0.00053419999,4.00000,0.08000
,,, 0.00053439999,3.92000,0.08000
,,, 0.00053460000,4.00000,0.04000
,,, 0.00053480000,3.92000,0.12000
,,, 0.00053500000,3.92000,0.08000
,,, 0.00053520000,3.92000,0.08000
,,, 0.00053540000,4.00000,0.12000
,,, 0.00053560000,4.00000,0.08000
,,, 0.00053580001,4.00000,0.08000
,,, 0.00053600001,3.92000,0.08000
,,, 0.00053620001,3.92000,0.08000
,,, 0.00053640001,4.00000,0.12000
,,, 0.00053660001,4.00000,0.12000
,,, 0.00053680001,3.92000,0.12000
,,, 0.00053700001,4.00000,0.08000
,,, 0.00053720002,4.00000,0.12000
,,, 0.00053740002,4.00000,0.08000
,,, 0.00053760002,4.00000,0.08000
,,, 0.00053780002,4.00000,0.04000
,,, 0.00053800002,3.92000,0.12000
,,, 0.00053820002,4.00000,0.12000
,,, 0.00053840003,4.00000,0.04000
,,, 0.00053860003,4.00000,0.08000
,,, 0.00053880003,4.00000,0.12000
,,, 0.00053900003,3.92000,0.12000
,,, 0.00053920003,3.92000,0.08000
,,, 0.00053940003,3.92000,0.04000
,,, 0.00053960003,4.00000,0.12000
,,, 0.00053979998,3.92000,0.08000
,,, 0.00053999998,3.92000,0.08000
,,, 0.00054019998,3.92000,0.12000
,,, 0.00054039998,3.92000,0.12000
,,, 0.00054059998,3.92000,0.08000
,,, 0.00054079999,3.92000,0.12000
,,, 0.00054099999,3.92000,0.08000
,,, 0.00054119999,3.92000,0.08000
,,, 0.00054139999,4.00000,0.08000
,,, 0.00054159999,4.00000,0.08000
,,, 0.00054179999,3.92000,0.12000
,,, 0.00054199999,3.92000,0.08000
,,, 0.00054220000,3.92000,0.12000
,,, 0.00054240000,3.92000,0.04000
,,, 0.00054260000,3.92000,0.12000
,,, 0.00054280000,3.92000,0.12000
,,, 0.00054300000,4.00000,0.12000
,,, 0.00054320000,3.92000,0.08000
,,, 0.00054340000,3.92000,0.08000
,,, 0.00054360001,3.92000,0.12000
,,, 0.00054380001,3.92000,0.12000
,,, 0.00054400001,3.92000,0.12000
,,, 0.00054420001,4.00000,0.12000
,,, 0.00054440001,3.92000,0.08000
,,, 0.00054460001,4.00000,0.12000
,,, 0.00054480002,4.00000,0.08000
,,, 0.00054500002,3.92000,0.08000
,,, 0.00054520002,4.00000,0.12000
,,, 0.00054540002,4.00000,0.12000
,,, 0.00054560002,3.92000,0.12000
,,, 0.00054580002,4.00000,0.12000
,,, 0.00054600002,4.00000,0.08000
,,, 0.00054620003,4.00000,0.12000
,,, 0.00054640003,4.00000,0.08000
,,, 0.00054660003,3.92000,0.08000
,,, 0.00054680003,3.92000,0.12000
,,, 0.00054700003,3.92000,0.12000
,,, 0.00054720003,3.92000,0.12000
,,, 0.00054740004,3.92000,0.12000
,,, 0.00054759998,4.00000,0.12000
,,, 0.00054779998,3.92000,0.12000
,,, 0.00054799998,4.00000,0.08000
,,, 0.00054819998,3.92000,0.08000
,,, 0.00054839998,3.92000,0.04000
,,, 0.00054859999,4.00000,0.12000
,,, 0.00054879999,3.92000,0.08000
,,, 0.00054899999,4.00000,0.12000
,,, 0.00054919999,4.00000,0.12000
,,, 0.00054939999,3.92000,0.12000
,,, 0.00054959999,4.00000,0.08000
,,, 0.00054980000,4.00000,0.12000
,,, 0.00055000000,4.00000,0.12000
,,, 0.00055020000,3.92000,0.12000
,,, 0.00055040000,3.92000,0.12000
,,, 0.00055060000,4.00000,0.12000
,,, 0.00055080000,3.92000,0.08000
,,, 0.00055100000,3.92000,0.08000
,,, 0.00055120001,3.92000,0.12000
,,, 0.00055140001,3.92000,0.08000
,,, 0.00055160001,4.00000,0.08000
,,, 0.00055180001,4.00000,0.12000
,,, 0.00055200001,4.00000,0.08000
,,, 0.00055220001,4.00000,0.04000
,,, 0.00055240002,4.00000,0.12000
,,, 0.00055260002,4.00000,0.08000
,,, 0.00055280002,3.92000,0.08000
,,, 0.00055300002,4.00000,0.12000
,,, 0.00055320002,3.92000,0.08000
,,, 0.00055340002,4.00000,0.12000
,,, 0.00055360002,4.00000,0.12000
,,, 0.00055380003,3.92000,0.12000
,,, 0.00055400003,3.92000,0.08000
,,, 0.00055420003,4.00000,0.08000
,,, 0.00055440003,3.92000,0.08000
,,, 0.00055460003,4.00000,0.12000
,,, 0.00055480003,3.92000,0.08000
,,, 0.00055500004,4.00000,0.08000
,,, 0.00055519998,4.00000,0.12000
,,, 0.00055539998,3.92000,0.12000
,,, 0.00055559998,4.08000,0.08000
,,, 0.00055579998,4.00000,0.12000
,,, 0.00055599998,3.92000,0.04000
,,, 0.00055619999,4.00000,0.12000
,,, 0.00055639999,3.92000,0.12000
,,, 0.00055659999,4.00000,0.12000
,,, 0.00055679999,4.00000,0.12000
,,, 0.00055699999,3.92000,0.12000
,,, 0.00055719999,3.92000,0.12000
,,, 0.00055740000,3.92000,0.12000
,,, 0.00055760000,4.00000,0.12000
,,, 0.00055780000,4.00000,0.08000
,,, 0.00055800000,4.00000,0.08000
,,, 0.00055820000,3.92000,0.08000
,,, 0.00055840000,4.00000,0.12000
,,, 0.00055860000,3.92000,0.08000
,,, 0.00055880001,4.00000,0.08000
,,, 0.00055900001,4.00000,0.12000
,,, 0.00055920001,4.00000,0.08000
,,, 0.00055940001,4.00000,0.12000
,,, 0.00055960001,4.00000,0.12000
,,, 0.00055980001,4.00000,0.12000
,,, 0.00056000001,3.92000,0.08000
,,, 0.00056020002,4.00000,0.08000
,,, 0.00056040002,4.00000,0.12000
,,, 0.00056060002,3.92000,0.12000
,,, 0.00056080002,4.00000,0.12000
,,, 0.00056100002,3.92000,0.08000
,,, 0.00056120002,3.92000,0.08000
,,, 0.00056140003,3.92000,0.08000
,,, 0.00056160003,4.00000,0.12000
,,, 0.00056180003,3.92000,0.08000
,,, 0.00056200003,4.00000,0.12000
,,, 0.00056220003,3.92000,0.08000
,,, 0.00056240003,4.00000,0.12000
,,, 0.00056260003,3.92000,0.12000
,,, 0.00056279998,3.92000,0.12000
,,, 0.00056299998,3.92000,0.08000
,,, 0.00056319998,3.92000,0.08000
,,, 0.00056339998,3.92000,0.08000
,,, 0.00056359998,3.92000,0.12000
,,, 0.00056379999,3.92000,0.12000
,,, 0.00056399999,4.00000,0.08000
,,, 0.00056419999,3.92000,0.08000
,,, 0.00056439999,4.00000,0.08000
,,, 0.00056459999,3.92000,0.12000
,,, 0.00056479999,3.92000,0.12000
,,, 0.00056499999,3.92000,0.08000
,,, 0.00056520000,4.00000,0.08000
,,, 0.00056540000,4.00000,0.08000
,,, 0.00056560000,4.00000,0.08000
,,, 0.00056580000,4.00000,0.12000
,,, 0.00056600000,3.92000,0.08000
,,, 0.00056620000,3.92000,0.08000
,,, 0.00056640001,4.00000,0.08000
,,, 0.00056660001,4.00000,0.08000
,,, 0.00056680001,3.92000,0.08000
,,, 0.00056700001,4.00000,0.08000
,,, 0.00056720001,3.92000,0.08000
,,, 0.00056740001,3.92000,0.08000
,,, 0.00056760001,3.92000,0.08000
,,, 0.00056780002,3.92000,0.12000
,,, 0.00056800002,4.00000,0.12000
,,, 0.00056820002,4.00000,0.12000
,,, 0.00056840002,4.00000,0.04000
,,, 0.00056860002,3.92000,0.08000
,,, 0.00056880002,3.92000,0.08000
,,, 0.00056900003,4.00000,0.08000
,,, 0.00056920003,3.92000,0.08000
,,, 0.00056940003,4.00000,0.12000
,,, 0.00056960003,4.00000,0.08000
,,, 0.00056980003,4.00000,0.08000
,,, 0.00057000003,4.00000,0.08000
,,, 0.00057020003,4.00000,0.12000
,,, 0.00057039998,4.00000,0.12000
,,, 0.00057059998,3.92000,0.08000
,,, 0.00057079998,3.92000,0.12000
,,, 0.00057099998,4.00000,0.08000
,,, 0.00057119998,3.92000,0.12000
,,, 0.00057139999,4.00000,0.12000
,,, 0.00057159999,3.92000,0.12000
,,, 0.00057179999,3.92000,0.12000
,,, 0.00057199999,3.92000,0.08000
,,, 0.00057219999,4.00000,0.12000
,,, 0.00057239999,4.00000,0.08000
,,, 0.00057259999,4.00000,0.04000
,,, 0.00057280000,4.00000,0.12000
,,, 0.00057300000,3.92000,0.08000
,,, 0.00057320000,4.00000,0.08000
,,, 0.00057340000,4.00000,0.08000
,,, 0.00057360000,3.92000,0.12000
,,, 0.00057380000,4.00000,0.12000
,,, 0.00057400001,3.92000,0.08000
,,, 0.00057420001,3.92000,0.08000
,,, 0.00057440001,4.00000,0.12000
,,, 0.00057460001,3.92000,0.08000
,,, 0.00057480001,4.00000,0.08000
,,, 0.00057500001,4.00000,0.12000
,,, 0.00057520001,3.92000,0.12000
,,, 0.00057540002,4.00000,0.08000
,,, 0.00057560002,4.00000,0.08000
,,, 0.00057580002,4.00000,0.04000
,,, 0.00057600002,3.92000,0.08000
,,, 0.00057620002,3.92000,0.08000
,,, 0.00057640002,3.92000,0.08000
,,, 0.00057660002,4.00000,0.08000
,,, 0.00057680003,3.92000,0.12000
,,, 0.00057700003,3.92000,0.08000
,,, 0.00057720003,3.92000,0.08000
,,, 0.00057740003,3.92000,0.08000
,,, 0.00057760003,3.92000,0.08000
,,, 0.00057780003,3.92000,0.08000
,,, 0.00057800004,4.00000,0.12000
,,, 0.00057819998,3.92000,0.08000
,,, 0.00057839998,4.00000,0.08000
,,, 0.00057859998,4.00000,0.12000
,,, 0.00057879998,4.00000,0.08000
,,, 0.00057899999,4.00000,0.08000
,,, 0.00057919999,4.00000,0.08000
,,, 0.00057939999,4.00000,0.12000
,,, 0.00057959999,3.92000,0.12000
,,, 0.00057979999,4.00000,0.12000
,,, 0.00057999999,3.92000,0.12000
,,, 0.00058019999,3.92000,0.08000
,,, 0.00058040000,4.00000,0.12000
,,, 0.00058060000,3.92000,0.08000
,,, 0.00058080000,3.92000,0.04000
,,, 0.00058100000,4.00000,0.12000
,,, 0.00058120000,4.00000,0.08000
,,, 0.00058140000,3.92000,0.12000
,,, 0.00058160000,3.92000,0.08000
,,, 0.00058180001,4.00000,0.08000
,,, 0.00058200001,4.00000,0.12000
,,, 0.00058220001,4.00000,0.08000
,,, 0.00058240001,4.00000,0.12000
,,, 0.00058260001,4.00000,0.08000
,,, 0.00058280001,3.92000,0.08000
,,, 0.00058300002,3.92000,0.12000
,,, 0.00058320002,4.00000,0.12000
,,, 0.00058340002,3.92000,0.04000
,,, 0.00058360002,4.00000,0.08000
,,, 0.00058380002,3.92000,0.12000
,,, 0.00058400002,3.92000,0.08000
,,, 0.00058420002,4.00000,0.08000
,,, 0.00058440003,4.00000,0.08000
,,, 0.00058460003,4.00000,0.08000
,,, 0.00058480003,4.00000,0.12000
,,, 0.00058500003,4.00000,0.12000
,,, 0.00058520003,3.92000,0.12000
,,, 0.00058540003,4.00000,0.08000
,,, 0.00058560004,4.00000,0.12000
,,, 0.00058579998,3.92000,0.04000
,,, 0.00058599998,4.00000,0.12000
,,, 0.00058619998,3.92000,0.12000
,,, 0.00058639998,3.92000,0.12000
,,, 0.00058659998,4.00000,0.12000
,,, 0.00058679999,4.00000,0.12000
,,, 0.00058699999,3.92000,0.08000
,,, 0.00058719999,3.92000,0.08000
,,, 0.00058739999,4.00000,0.08000
,,, 0.00058759999,3.92000,0.08000
,,, 0.00058779999,4.00000,0.12000
,,, 0.00058800000,4.00000,0.12000
,,, 0.00058820000,4.00000,0.12000
,,, 0.00058840000,3.92000,0.08000
,,, 0.00058860000,4.00000,0.08000
,,, 0.00058880000,3.92000,0.12000
,,, 0.00058900000,4.00000,0.12000
,,, 0.00058920000,4.00000,0.08000
,,, 0.00058940001,4.00000,0.08000
,,, 0.00058960001,4.00000,0.08000
,,, 0.00058980001,4.00000,0.08000
,,, 0.00059000001,4.00000,0.12000
,,, 0.00059020001,3.92000,0.08000
,,, 0.00059040001,3.92000,0.08000
,,, 0.00059060002,3.92000,0.12000
,,, 0.00059080002,3.92000,0.08000
,,, 0.00059100002,3.92000,0.12000
,,, 0.00059120002,3.92000,0.08000
,,, 0.00059140002,4.00000,0.08000
,,, 0.00059160002,4.00000,0.08000
,,, 0.00059180002,3.92000,0.04000
,,, 0.00059200003,4.00000,0.12000
,,, 0.00059220003,4.00000,0.08000
,,, 0.00059240003,4.00000,0.04000
,,, 0.00059260003,4.00000,0.12000
,,, 0.00059280003,4.00000,0.08000
,,, 0.00059300003,3.92000,0.12000
,,, 0.00059320003,3.92000,0.04000
,,, 0.00059339998,3.92000,0.08000
,,, 0.00059359998,4.00000,0.12000
,,, 0.00059379998,3.92000,0.12000
,,, 0.00059399998,3.92000,0.08000
,,, 0.00059419998,4.00000,0.08000
,,, 0.00059439999,4.00000,0.12000
,,, 0.00059459999,3.92000,0.08000
,,, 0.00059479999,4.00000,0.04000
,,, 0.00059499999,4.00000,0.08000
,,, 0.00059519999,4.00000,0.12000
,,, 0.00059539999,4.00000,0.04000
,,, 0.00059559999,4.00000,0.08000
,,, 0.00059580000,3.92000,0.08000
,,, 0.00059600000,3.92000,0.04000
,,, 0.00059620000,3.92000,0.08000
,,, 0.00059640000,3.92000,0.12000
,,, 0.00059660000,4.00000,0.12000
,,, 0.00059680000,3.92000,0.12000
,,, 0.00059700001,4.00000,0.08000
,,, 0.00059720001,4.00000,0.12000
,,, 0.00059740001,3.92000,0.08000
,,, 0.00059760001,4.00000,0.08000
,,, 0.00059780001,3.92000,0.12000
,,, 0.00059800001,4.00000,0.08000
,,, 0.00059820001,4.00000,0.08000
,,, 0.00059840002,4.00000,0.12000
,,, 0.00059860002,4.00000,0.08000
,,, 0.00059880002,4.00000,0.08000
,,, 0.00059900002,4.00000,0.12000
,,, 0.00059920002,4.00000,0.12000
,,, 0.00059940002,3.92000,0.12000
,,, 0.00059960003,3.92000,0.12000
,,, 0.00059980003,3.92000,0.12000
,,, 0.00060000003,4.00000,0.12000
,,, 0.00060020003,4.00000,0.12000
,,, 0.00060040003,4.00000,0.08000
,,, 0.00060060003,4.00000,0.12000
,,, 0.00060080003,3.92000,0.12000
,,, 0.00060100004,4.00000,0.08000
,,, 0.00060119998,3.92000,0.12000
,,, 0.00060139998,4.00000,0.08000
,,, 0.00060159998,4.00000,0.08000
,,, 0.00060179998,4.00000,0.08000
,,, 0.00060199999,4.00000,0.08000
,,, 0.00060219999,4.00000,0.08000
,,, 0.00060239999,4.00000,0.08000
,,, 0.00060259999,4.00000,0.12000
,,, 0.00060279999,4.00000,0.08000
,,, 0.00060299999,3.92000,0.12000
,,, 0.00060319999,3.92000,0.12000
,,, 0.00060340000,4.00000,0.08000
,,, 0.00060360000,4.00000,0.12000
,,, 0.00060380000,4.00000,0.08000
,,, 0.00060400000,4.00000,0.12000
,,, 0.00060420000,4.00000,0.12000
,,, 0.00060440000,3.92000,0.12000
,,, 0.00060460001,4.00000,0.12000
,,, 0.00060480001,4.00000,0.12000
,,, 0.00060500001,4.00000,0.08000
,,, 0.00060520001,4.00000,0.08000
,,, 0.00060540001,4.00000,0.12000
,,, 0.00060560001,4.00000,0.12000
,,, 0.00060580001,4.00000,0.08000
,,, 0.00060600002,3.92000,0.12000
,,, 0.00060620002,4.00000,0.12000
,,, 0.00060640002,3.92000,0.12000
,,, 0.00060660002,3.92000,0.08000
,,, 0.00060680002,3.92000,0.12000
,,, 0.00060700002,3.92000,0.12000
,,, 0.00060720003,4.00000,0.08000
,,, 0.00060740003,4.00000,0.08000
,,, 0.00060760003,4.00000,0.08000
,,, 0.00060780003,4.00000,0.12000
,,, 0.00060800003,4.00000,0.08000
,,, 0.00060820003,4.00000,0.04000
,,, 0.00060840003,4.00000,0.12000
,,, 0.00060860004,4.00000,0.08000
,,, 0.00060879998,3.92000,0.08000
,,, 0.00060899998,4.00000,0.08000
,,, 0.00060919998,4.00000,0.12000
,,, 0.00060939998,3.92000,0.08000
,,, 0.00060959999,4.00000,0.12000
,,, 0.00060979999,3.92000,0.08000
,,, 0.00060999999,3.92000,0.08000
,,, 0.00061019999,3.92000,0.08000
,,, 0.00061039999,4.00000,0.08000
,,, 0.00061059999,3.92000,0.12000
,,, 0.00061079999,4.00000,0.12000
,,, 0.00061100000,3.92000,0.08000
,,, 0.00061120000,4.00000,0.12000
,,, 0.00061140000,3.92000,0.08000
,,, 0.00061160000,4.00000,0.08000
,,, 0.00061180000,4.00000,0.12000
,,, 0.00061200000,4.00000,0.08000
,,, 0.00061220000,4.00000,0.08000
,,, 0.00061240001,3.92000,0.12000
,,, 0.00061260001,4.00000,0.08000
,,, 0.00061280001,4.00000,0.08000
,,, 0.00061300001,3.92000,0.08000
,,, 0.00061320001,3.92000,0.12000
,,, 0.00061340001,3.92000,0.08000
,,, 0.00061360002,3.92000,0.08000
,,, 0.00061380002,4.00000,0.12000
,,, 0.00061400002,3.92000,0.12000
,,, 0.00061420002,4.00000,0.12000
,,, 0.00061440002,4.00000,0.08000
,,, 0.00061460002,4.00000,0.12000
,,, 0.00061480002,4.00000,0.12000
,,, 0.00061500003,4.00000,0.08000
,,, 0.00061520003,4.00000,0.08000
,,, 0.00061540003,4.00000,0.12000
,,, 0.00061560003,4.00000,0.08000
,,, 0.00061580003,4.00000,0.12000
,,, 0.00061600003,3.92000,0.04000
,,, 0.00061620004,3.92000,0.08000
,,, 0.00061639998,4.00000,0.08000
,,, 0.00061659998,4.00000,0.12000
,,, 0.00061679998,4.00000,0.08000
,,, 0.00061699998,4.00000,0.08000
,,, 0.00061719998,4.00000,0.08000
,,, 0.00061739999,3.92000,0.08000
,,, 0.00061759999,3.92000,0.08000
,,, 0.00061779999,4.00000,0.08000
,,, 0.00061799999,4.00000,0.12000
,,, 0.00061819999,3.92000,0.12000
,,, 0.00061839999,3.92000,0.08000
,,, 0.00061860000,3.92000,0.08000
,,, 0.00061880000,4.00000,0.12000
,,, 0.00061900000,4.00000,0.08000
,,, 0.00061920000,4.00000,0.12000
,,, 0.00061940000,3.92000,0.12000
,,, 0.00061960000,3.92000,0.12000
,,, 0.00061980000,3.92000,0.04000
,,, 0.00062000001,4.00000,0.08000
,,, 0.00062020001,3.92000,0.12000
,,, 0.00062040001,3.92000,0.08000
,,, 0.00062060001,4.00000,0.04000
,,, 0.00062080001,4.00000,0.12000
,,, 0.00062100001,3.92000,0.12000
,,, 0.00062120002,3.92000,0.12000
,,, 0.00062140002,3.92000,0.08000
,,, 0.00062160002,4.00000,0.12000
,,, 0.00062180002,4.00000,0.08000
,,, 0.00062200002,4.00000,0.04000
,,, 0.00062220002,3.92000,0.12000
,,, 0.00062240002,4.00000,0.08000
,,, 0.00062260003,4.00000,0.08000
,,, 0.00062280003,4.00000,0.08000
,,, 0.00062300003,4.00000,0.08000
,,, 0.00062320003,3.92000,0.04000
,,, 0.00062340003,3.92000,0.04000
,,, 0.00062360003,3.92000,0.12000
,,, 0.00062380004,3.92000,0.08000
,,, 0.00062399998,3.92000,0.08000
,,, 0.00062419998,4.00000,0.12000
,,, 0.00062439998,4.00000,0.12000
,,, 0.00062459998,4.00000,0.08000
,,, 0.00062479998,4.00000,0.12000
,,, 0.00062499999,4.00000,0.08000
,,, 0.00062519999,4.00000,0.08000
,,, 0.00062539999,4.00000,0.08000
,,, 0.00062559999,4.00000,0.08000
,,, 0.00062579999,3.92000,0.08000
,,, 0.00062599999,4.00000,0.12000
,,, 0.00062620000,4.00000,0.12000
,,, 0.00062640000,3.92000,0.12000
,,, 0.00062660000,4.00000,0.08000
,,, 0.00062680000,4.00000,0.08000
,,, 0.00062700000,4.00000,0.04000
,,, 0.00062720000,4.00000,0.08000
,,, 0.00062740000,4.00000,0.12000
,,, 0.00062760001,3.92000,0.12000
,,, 0.00062780001,3.92000,0.04000
,,, 0.00062800001,3.92000,0.12000
,,, 0.00062820001,3.92000,0.04000
,,, 0.00062840001,3.92000,0.12000
,,, 0.00062860001,4.00000,0.12000
,,, 0.00062880001,4.00000,0.08000
,,, 0.00062900002,4.00000,0.12000
,,, 0.00062920002,4.00000,0.08000
,,, 0.00062940002,4.00000,0.08000
,,, 0.00062960002,3.92000,0.08000
,,, 0.00062980002,3.92000,0.08000
,,, 0.00063000002,4.00000,0.08000
,,, 0.00063020003,3.92000,0.12000
,,, 0.00063040003,3.92000,0.12000
,,, 0.00063060003,4.00000,0.12000
,,, 0.00063080003,3.92000,0.12000
,,, 0.00063100003,3.92000,0.12000
,,, 0.00063120003,3.92000,0.08000
,,, 0.00063140003,4.00000,0.08000
,,, 0.00063160004,4.00000,0.08000
,,, 0.00063179998,3.92000,0.08000
,,, 0.00063199998,4.00000,0.08000
,,, 0.00063219998,4.00000,0.12000
,,, 0.00063239998,4.00000,0.08000
,,, 0.00063259999,4.00000,0.08000
,,, 0.00063279999,3.92000,0.08000
,,, 0.00063299999,4.00000,0.08000
,,, 0.00063319999,3.92000,0.12000
,,, 0.00063339999,3.92000,0.12000
,,, 0.00063359999,4.00000,0.12000
,,, 0.00063379999,3.92000,0.12000
,,, 0.00063400000,4.00000,0.12000
,,, 0.00063420000,4.00000,0.08000
,,, 0.00063440000,3.92000,0.12000
,,, 0.00063460000,4.00000,0.12000
,,, 0.00063480000,3.92000,0.12000
,,, 0.00063500000,4.00000,0.04000
,,, 0.00063520001,4.00000,0.08000
,,, 0.00063540001,4.00000,0.12000
,,, 0.00063560001,3.92000,0.12000
,,, 0.00063580001,4.00000,0.08000
,,, 0.00063600001,4.00000,0.08000
,,, 0.00063620001,4.00000,0.12000
,,, 0.00063640001,4.00000,0.08000
,,, 0.00063660002,4.00000,0.12000
,,, 0.00063680002,4.00000,0.12000
,,, 0.00063700002,3.92000,0.08000
,,, 0.00063720002,3.92000,0.12000
,,, 0.00063740002,4.00000,0.12000
,,, 0.00063760002,3.92000,0.08000
,,, 0.00063780003,3.92000,0.08000
,,, 0.00063800003,4.00000,0.08000
,,, 0.00063820003,4.00000,0.12000
,,, 0.00063840003,3.92000,0.12000
,,, 0.00063860003,4.00000,0.08000
,,, 0.00063880003,3.92000,0.04000
,,, 0.00063900003,3.92000,0.04000
,,, 0.00063920004,3.92000,0.12000
,,, 0.00063939998,3.92000,0.08000
,,, 0.00063959998,4.00000,0.08000
,,, 0.00063979998,3.92000,0.08000
,,, 0.00063999998,3.92000,0.12000
,,, 0.00064019999,4.00000,0.08000
,,, 0.00064039999,3.92000,0.12000
,,, 0.00064059999,4.00000,0.08000
,,, 0.00064079999,4.00000,0.12000
,,, 0.00064099999,4.00000,0.08000
,,, 0.00064119999,3.92000,0.08000
,,, 0.00064139999,3.92000,0.04000
,,, 0.00064160000,4.00000,0.08000
,,, 0.00064180000,3.92000,0.08000
,,, 0.00064200000,3.92000,0.08000
,,, 0.00064220000,4.00000,0.08000
,,, 0.00064240000,3.92000,0.08000
,,, 0.00064260000,4.00000,0.08000
,,, 0.00064280001,4.00000,0.12000
,,, 0.00064300001,3.92000,0.12000
,,, 0.00064320001,3.92000,0.12000
,,, 0.00064340001,4.00000,0.08000
,,, 0.00064360001,3.92000,0.12000
,,, 0.00064380001,4.00000,0.12000
,,, 0.00064400001,3.92000,0.12000
,,, 0.00064420002,4.00000,0.12000
,,, 0.00064440002,4.00000,0.12000
,,, 0.00064460002,4.00000,0.08000
,,, 0.00064480002,3.92000,0.08000
,,, 0.00064500002,3.92000,0.08000
,,, 0.00064520002,4.00000,0.08000
,,, 0.00064540002,3.92000,0.12000
,,, 0.00064560003,3.92000,0.08000
,,, 0.00064580003,3.92000,0.12000
,,, 0.00064600003,4.00000,0.08000
,,, 0.00064620003,4.00000,0.12000
,,, 0.00064640003,3.92000,0.08000
,,, 0.00064660003,4.00000,0.08000
,,, 0.00064680004,4.00000,0.08000
,,, 0.00064699998,3.92000,0.12000
,,, 0.00064719998,3.92000,0.08000
,,, 0.00064739998,4.00000,0.08000
,,, 0.00064759998,4.00000,0.12000
,,, 0.00064779999,3.92000,0.08000
,,, 0.00064799999,4.00000,0.08000
,,, 0.00064819999,4.00000,0.12000
,,, 0.00064839999,4.00000,0.12000
,,, 0.00064859999,4.00000,0.08000
,,, 0.00064879999,4.00000,0.08000
,,, 0.00064899999,4.00000,0.08000
,,, 0.00064920000,4.00000,0.12000
,,, 0.00064940000,3.92000,0.08000
,,, 0.00064960000,3.92000,0.12000
,,, 0.00064980000,4.00000,0.08000
,,, 0.00065000000,4.00000,0.12000
,,, 0.00065020000,3.92000,0.12000
,,, 0.00065040000,4.00000,0.08000
,,, 0.00065060001,3.92000,0.12000
,,, 0.00065080001,4.00000,0.08000
,,, 0.00065100001,3.92000,0.08000
,,, 0.00065120001,4.00000,0.12000
,,, 0.00065140001,3.92000,0.12000
,,, 0.00065160001,3.92000,0.08000
,,, 0.00065180002,4.00000,0.04000
,,, 0.00065200002,3.92000,0.12000
,,, 0.00065220002,4.00000,0.12000
,,, 0.00065240002,4.00000,0.08000
,,, 0.00065260002,3.92000,0.12000
,,, 0.00065280002,3.92000,0.08000
,,, 0.00065300002,3.92000,0.08000
,,, 0.00065320003,4.00000,0.08000
,,, 0.00065340003,3.92000,0.12000
,,, 0.00065360003,4.00000,0.08000
,,, 0.00065380003,3.92000,0.12000
,,, 0.00065400003,3.92000,0.08000
,,, 0.00065420003,3.92000,0.12000
,,, 0.00065440004,4.00000,0.12000
,,, 0.00065459998,4.00000,0.12000
,,, 0.00065479998,4.00000,0.08000
,,, 0.00065499998,4.00000,0.12000
,,, 0.00065519998,4.00000,0.12000
,,, 0.00065539998,4.00000,0.08000
,,, 0.00065559999,4.00000,0.08000
,,, 0.00065579999,4.00000,0.12000
,,, 0.00065599999,3.92000,0.08000
,,, 0.00065619999,4.00000,0.12000
,,, 0.00065639999,4.00000,0.12000
,,, 0.00065659999,4.00000,0.12000
,,, 0.00065680000,3.92000,0.08000
,,, 0.00065700000,3.92000,0.08000
,,, 0.00065720000,3.92000,0.12000
,,, 0.00065740000,3.92000,0.12000
,,, 0.00065760000,3.92000,0.12000
,,, 0.00065780000,4.00000,0.08000
,,, 0.00065800000,4.00000,0.04000
,,, 0.00065820001,4.00000,0.12000
,,, 0.00065840001,4.00000,0.04000
,,, 0.00065860001,4.00000,0.12000
,,, 0.00065880001,4.00000,0.08000
,,, 0.00065900001,3.92000,0.04000
,,, 0.00065920001,4.00000,0.08000
,,, 0.00065940002,3.92000,0.08000
,,, 0.00065960002,4.00000,0.12000
,,, 0.00065980002,3.92000,0.08000
,,, 0.00066000002,4.00000,0.08000
,,, 0.00066020002,4.00000,0.08000
,,, 0.00066040002,3.92000,0.08000
,,, 0.00066060002,3.92000,0.12000
,,, 0.00066080003,3.92000,0.08000
,,, 0.00066100003,3.92000,0.08000
,,, 0.00066120003,4.00000,0.12000
,,, 0.00066140003,3.92000,0.12000
,,, 0.00066160003,3.92000,0.08000
,,, 0.00066180003,4.00000,0.12000
,,, 0.00066200003,4.00000,0.08000
,,, 0.00066220004,4.00000,0.04000
,,, 0.00066239998,4.00000,0.08000
,,, 0.00066259998,3.92000,0.08000
,,, 0.00066279998,4.00000,0.08000
,,, 0.00066299998,4.00000,0.12000
,,, 0.00066319999,4.00000,0.12000
,,, 0.00066339999,4.00000,0.12000
,,, 0.00066359999,3.92000,0.08000
,,, 0.00066379999,4.00000,0.12000
,,, 0.00066399999,4.00000,0.08000
,,, 0.00066419999,3.92000,0.08000
,,, 0.00066440000,3.92000,0.08000
,,, 0.00066460000,3.92000,0.08000
,,, 0.00066480000,4.00000,0.08000
,,, 0.00066500000,4.00000,0.08000
,,, 0.00066520000,4.00000,0.08000
,,, 0.00066540000,4.00000,0.08000
,,, 0.00066560000,4.00000,0.04000
,,, 0.00066580001,4.00000,0.12000
,,, 0.00066600001,3.92000,0.08000
,,, 0.00066620001,4.00000,0.08000
,,, 0.00066640001,4.00000,0.12000
,,, 0.00066660001,4.00000,0.12000
,,, 0.00066680001,4.00000,0.08000
,,, 0.00066700001,4.00000,0.12000
,,, 0.00066720002,3.92000,0.12000
,,, 0.00066740002,3.92000,0.04000
,,, 0.00066760002,4.00000,0.08000
,,, 0.00066780002,4.00000,0.08000
,,, 0.00066800002,3.92000,0.08000
,,, 0.00066820002,4.00000,0.08000
,,, 0.00066840003,4.00000,0.12000
,,, 0.00066860003,4.00000,0.08000
,,, 0.00066880003,4.00000,0.08000
,,, 0.00066900003,3.92000,0.08000
,,, 0.00066920003,4.00000,0.12000
,,, 0.00066940003,4.00000,0.12000
,,, 0.00066960003,4.00000,0.12000
,,, 0.00066980004,4.00000,0.12000
,,, 0.00066999998,4.00000,0.12000
,,, 0.00067019998,3.92000,0.08000
,,, 0.00067039998,4.00000,0.08000
,,, 0.00067059998,4.00000,0.08000
,,, 0.00067079999,4.00000,0.08000
,,, 0.00067099999,4.00000,0.08000
,,, 0.00067119999,3.92000,0.08000
,,, 0.00067139999,3.92000,0.08000
,,, 0.00067159999,4.00000,0.08000
,,, 0.00067179999,4.00000,0.08000
,,, 0.00067199999,4.00000,0.12000
,,, 0.00067220000,3.92000,0.08000
,,, 0.00067240000,4.00000,0.12000
,,, 0.00067260000,3.92000,0.12000
,,, 0.00067280000,4.00000,0.08000
,,, 0.00067300000,3.92000,0.12000
,,, 0.00067320000,3.92000,0.08000
,,, 0.00067340001,4.00000,0.12000
,,, 0.00067360001,3.92000,0.08000
,,, 0.00067380001,3.92000,0.12000
,,, 0.00067400001,4.00000,0.04000
,,, 0.00067420001,3.92000,0.08000
,,, 0.00067440001,3.92000,0.12000
,,, 0.00067460001,4.00000,0.12000
,,, 0.00067480002,4.00000,0.08000
,,, 0.00067500002,4.00000,0.08000
,,, 0.00067520002,4.00000,0.08000
,,, 0.00067540002,4.00000,0.08000
,,, 0.00067560002,4.00000,0.08000
,,, 0.00067580002,3.92000,0.08000
,,, 0.00067600003,4.00000,0.12000
,,, 0.00067620003,3.92000,0.08000
,,, 0.00067640003,4.00000,0.08000
,,, 0.00067660003,4.00000,0.12000
,,, 0.00067680003,4.00000,0.12000
,,, 0.00067700003,4.00000,0.12000
,,, 0.00067720003,3.92000,0.08000
,,, 0.00067740004,3.92000,0.12000
,,, 0.00067759998,3.92000,0.08000
,,, 0.00067779998,4.00000,0.12000
,,, 0.00067799998,4.00000,0.12000
,,, 0.00067819998,3.92000,0.08000
,,, 0.00067839999,4.00000,0.08000
,,, 0.00067859999,4.00000,0.08000
,,, 0.00067879999,4.00000,0.12000
,,, 0.00067899999,3.92000,0.12000
,,, 0.00067919999,4.00000,0.08000
,,, 0.00067939999,4.00000,0.12000
,,, 0.00067959999,4.00000,0.12000
,,, 0.00067980000,4.00000,0.08000
,,, 0.00068000000,4.00000,0.08000
,,, 0.00068020000,4.00000,0.08000
,,, 0.00068040000,4.00000,0.12000
,,, 0.00068060000,3.92000,0.12000
,,, 0.00068080000,3.92000,0.12000
,,, 0.00068100000,3.92000,0.08000
,,, 0.00068120001,3.92000,0.08000
,,, 0.00068140001,4.00000,0.12000
,,, 0.00068160001,3.92000,0.12000
,,, 0.00068180001,4.00000,0.04000
,,, 0.00068200001,4.00000,0.12000
,,, 0.00068220001,4.00000,0.12000
,,, 0.00068240002,4.00000,0.08000
,,, 0.00068260002,4.00000,0.12000
,,, 0.00068280002,4.00000,0.12000
,,, 0.00068300002,4.00000,0.12000
,,, 0.00068320002,3.92000,0.04000
,,, 0.00068340002,3.92000,0.12000
,,, 0.00068360002,4.00000,0.12000
,,, 0.00068380003,3.92000,0.12000
,,, 0.00068400003,4.00000,0.08000
,,, 0.00068420003,3.92000,0.12000
,,, 0.00068440003,4.00000,0.12000
,,, 0.00068460003,3.92000,0.08000
,,, 0.00068480003,4.00000,0.12000
,,, 0.00068500004,4.00000,0.08000
,,, 0.00068520004,3.92000,0.08000
,,, 0.00068539998,4.00000,0.12000
,,, 0.00068559998,4.00000,0.08000
,,, 0.00068579998,3.92000,0.12000
,,, 0.00068599998,3.92000,0.08000
,,, 0.00068619999,4.00000,0.08000
,,, 0.00068639999,3.92000,0.12000
,,, 0.00068659999,3.92000,0.08000
,,, 0.00068679999,3.92000,0.12000
,,, 0.00068699999,3.92000,0.12000
,,, 0.00068719999,3.92000,0.08000
,,, 0.00068740000,4.00000,0.12000
,,, 0.00068760000,3.92000,0.08000
,,, 0.00068780000,4.00000,0.08000
,,, 0.00068800000,4.00000,0.08000
,,, 0.00068820000,4.00000,0.08000
,,, 0.00068840000,4.00000,0.08000
,,, 0.00068860000,4.00000,0.12000
,,, 0.00068880001,3.92000,0.12000
,,, 0.00068900001,4.00000,0.04000
,,, 0.00068920001,4.00000,0.12000
,,, 0.00068940001,4.00000,0.08000
,,, 0.00068960001,3.92000,0.08000
,,, 0.00068980001,3.92000,0.08000
,,, 0.00069000002,3.92000,0.12000
,,, 0.00069020002,3.92000,0.12000
,,, 0.00069040002,3.92000,0.08000
,,, 0.00069060002,3.92000,0.12000
,,, 0.00069080002,3.92000,0.12000
,,, 0.00069100002,4.00000,0.12000
,,, 0.00069120002,4.00000,0.12000
,,, 0.00069140003,4.00000,0.08000
,,, 0.00069160003,4.00000,0.04000
,,, 0.00069180003,4.00000,0.04000
,,, 0.00069200003,4.00000,0.12000
,,, 0.00069220003,4.00000,0.08000
,,, 0.00069240003,4.00000,0.08000
,,, 0.00069260004,4.00000,0.08000
,,, 0.00069280004,3.92000,0.08000
,,, 0.00069299998,3.92000,0.08000
,,, 0.00069319998,3.92000,0.12000
,,, 0.00069339998,3.92000,0.12000
,,, 0.00069359998,4.00000,0.12000
,,, 0.00069379999,4.00000,0.08000
,,, 0.00069399999,3.92000,0.12000
,,, 0.00069419999,3.92000,0.08000
,,, 0.00069439999,4.00000,0.08000
,,, 0.00069459999,3.92000,0.08000
,,, 0.00069479999,3.92000,0.08000
,,, 0.00069500000,4.00000,0.08000
,,, 0.00069520000,3.92000,0.12000
,,, 0.00069540000,4.00000,0.08000
,,, 0.00069560000,4.00000,0.12000
,,, 0.00069580000,4.00000,0.12000
,,, 0.00069600000,4.00000,0.12000
,,, 0.00069620000,4.00000,0.12000
,,, 0.00069640001,4.00000,0.12000
,,, 0.00069660001,3.92000,0.12000
,,, 0.00069680001,3.92000,0.08000
,,, 0.00069700001,3.92000,0.08000
,,, 0.00069720001,3.92000,0.12000
,,, 0.00069740001,4.00000,0.08000
,,, 0.00069760001,4.00000,0.12000
,,, 0.00069780002,4.00000,0.08000
,,, 0.00069800002,3.92000,0.12000
,,, 0.00069820002,4.00000,0.08000
,,, 0.00069840002,4.00000,0.08000
,,, 0.00069860002,4.00000,0.08000
,,, 0.00069880002,4.00000,0.08000
,,, 0.00069900003,3.92000,0.08000
,,, 0.00069920003,4.00000,0.12000
,,, 0.00069940003,3.92000,0.04000
,,, 0.00069960003,3.92000,0.08000
,,, 0.00069980003,4.00000,0.08000
,,, 0.00070000003,3.92000,0.12000
,,, 0.00070020003,3.92000,0.08000
,,, 0.00070040004,4.00000,0.12000
,,, 0.00070059998,4.00000,0.12000
,,, 0.00070079998,4.00000,0.04000
,,, 0.00070099998,3.92000,0.08000
,,, 0.00070119998,3.92000,0.08000
,,, 0.00070139999,4.00000,0.04000
,,, 0.00070159999,4.00000,0.08000
,,, 0.00070179999,4.00000,0.12000
,,, 0.00070199999,4.00000,0.08000
,,, 0.00070219999,4.00000,0.08000
,,, 0.00070239999,4.00000,0.08000
,,, 0.00070259999,4.00000,0.04000
,,, 0.00070280000,4.00000,0.08000
,,, 0.00070300000,3.92000,0.08000
,,, 0.00070320000,4.00000,0.08000
,,, 0.00070340000,3.92000,0.08000
,,, 0.00070360000,3.92000,0.12000
,,, 0.00070380000,3.92000,0.12000
,,, 0.00070400001,4.00000,0.12000
,,, 0.00070420001,3.92000,0.08000
,,, 0.00070440001,4.00000,0.08000
,,, 0.00070460001,4.00000,0.08000
,,, 0.00070480001,4.00000,0.08000
,,, 0.00070500001,4.00000,0.12000
,,, 0.00070520001,4.00000,0.08000
,,, 0.00070540002,4.00000,0.08000
,,, 0.00070560002,4.00000,0.08000
,,, 0.00070580002,4.00000,0.12000
,,, 0.00070600002,4.00000,0.12000
,,, 0.00070620002,4.00000,0.12000
,,, 0.00070640002,4.00000,0.12000
,,, 0.00070660003,3.92000,0.12000
,,, 0.00070680003,4.00000,0.12000
,,, 0.00070700003,4.00000,0.08000
,,, 0.00070720003,3.92000,0.08000
,,, 0.00070740003,4.00000,0.08000
,,, 0.00070760003,3.92000,0.12000
,,, 0.00070780003,3.92000,0.12000
,,, 0.00070800004,4.00000,0.12000
,,, 0.00070819998,3.92000,0.08000
,,, 0.00070839998,4.00000,0.08000
,,, 0.00070859998,3.92000,0.08000
,,, 0.00070879998,4.00000,0.08000
,,, 0.00070899999,4.00000,0.08000
,,, 0.00070919999,3.92000,0.12000
,,, 0.00070939999,3.92000,0.08000
,,, 0.00070959999,4.00000,0.08000
,,, 0.00070979999,3.92000,0.08000
,,, 0.00070999999,4.00000,0.12000
,,, 0.00071019999,4.00000,0.12000
,,, 0.00071040000,3.92000,0.08000
,,, 0.00071060000,3.92000,0.08000
,,, 0.00071080000,3.92000,0.08000
,,, 0.00071100000,4.00000,0.08000
,,, 0.00071120000,4.00000,0.12000
,,, 0.00071140000,3.92000,0.12000
,,, 0.00071160001,4.00000,0.08000
,,, 0.00071180001,3.92000,0.04000
,,, 0.00071200001,4.00000,0.08000
,,, 0.00071220001,3.92000,0.08000
,,, 0.00071240001,4.00000,0.08000
,,, 0.00071260001,4.00000,0.04000
,,, 0.00071280001,4.00000,0.08000
,,, 0.00071300002,4.00000,0.12000
,,, 0.00071320002,3.92000,0.08000
,,, 0.00071340002,3.92000,0.08000
,,, 0.00071360002,3.92000,0.12000
,,, 0.00071380002,4.00000,0.12000
,,, 0.00071400002,4.00000,0.08000
,,, 0.00071420002,3.92000,0.08000
,,, 0.00071440003,4.00000,0.08000
,,, 0.00071460003,3.92000,0.12000
,,, 0.00071480003,4.00000,0.12000
,,, 0.00071500003,4.00000,0.08000
,,, 0.00071520003,3.92000,0.08000
,,, 0.00071540003,4.00000,0.08000
,,, 0.00071560004,4.00000,0.12000
,,, 0.00071580004,4.00000,0.08000
,,, 0.00071599998,3.92000,0.12000
,,, 0.00071619998,3.92000,0.08000
,,, 0.00071639998,3.92000,0.08000
,,, 0.00071659999,4.00000,0.08000
,,, 0.00071679999,4.00000,0.12000
,,, 0.00071699999,3.92000,0.12000
,,, 0.00071719999,4.00000,0.12000
,,, 0.00071739999,4.00000,0.08000
,,, 0.00071759999,4.00000,0.08000
,,, 0.00071779999,3.92000,0.08000
,,, 0.00071800000,4.00000,0.12000
,,, 0.00071820000,3.92000,0.08000
,,, 0.00071840000,4.00000,0.08000
,,, 0.00071860000,4.00000,0.08000
,,, 0.00071880000,3.92000,0.12000
,,, 0.00071900000,4.00000,0.08000
,,, 0.00071920000,3.92000,0.08000
,,, 0.00071940001,4.00000,0.12000
,,, 0.00071960001,4.00000,0.12000
,,, 0.00071980001,4.00000,0.12000
,,, 0.00072000001,4.00000,0.08000
,,, 0.00072020001,3.92000,0.12000
,,, 0.00072040001,3.92000,0.08000
,,, 0.00072060002,3.92000,0.08000
,,, 0.00072080002,4.00000,0.08000
,,, 0.00072100002,4.00000,0.12000
,,, 0.00072120002,3.92000,0.08000
,,, 0.00072140002,4.00000,0.08000
,,, 0.00072160002,4.00000,0.04000
,,, 0.00072180002,3.92000,0.08000
,,, 0.00072200003,4.00000,0.08000
,,, 0.00072220003,4.00000,0.08000
,,, 0.00072240003,4.00000,0.08000
,,, 0.00072260003,3.92000,0.08000
,,, 0.00072280003,4.00000,0.12000
,,, 0.00072300003,4.00000,0.12000
,,, 0.00072320004,4.00000,0.12000
,,, 0.00072340004,3.92000,0.12000
,,, 0.00072359998,4.00000,0.12000
,,, 0.00072379998,3.92000,0.12000
,,, 0.00072399998,4.00000,0.08000
,,, 0.00072419998,3.92000,0.12000
,,, 0.00072439999,3.92000,0.08000
,,, 0.00072459999,3.92000,0.08000
,,, 0.00072479999,4.00000,0.12000
,,, 0.00072499999,3.92000,0.12000
,,, 0.00072519999,4.00000,0.08000
,,, 0.00072539999,4.00000,0.08000
,,, 0.00072560000,4.00000,0.04000
,,, 0.00072580000,4.00000,0.08000
,,, 0.00072600000,4.00000,0.08000
,,, 0.00072620000,3.92000,0.08000
,,, 0.00072640000,3.92000,0.08000
,,, 0.00072660000,4.00000,0.12000
,,, 0.00072680000,3.92000,0.12000
,,, 0.00072700001,3.92000,0.08000
,,, 0.00072720001,4.00000,0.12000
,,, 0.00072740001,4.00000,0.12000
,,, 0.00072760001,3.92000,0.08000
,,, 0.00072780001,4.00000,0.12000
,,, 0.00072800001,3.92000,0.08000
,,, 0.00072820002,3.92000,0.12000
,,, 0.00072840002,4.00000,0.08000
,,, 0.00072860002,4.00000,0.12000
,,, 0.00072880002,4.00000,0.08000
,,, 0.00072900002,4.00000,0.04000
,,, 0.00072920002,4.00000,0.12000
,,, 0.00072940002,4.00000,0.12000
,,, 0.00072960003,4.00000,0.08000
,,, 0.00072980003,4.00000,0.12000
,,, 0.00073000003,3.92000,0.08000
,,, 0.00073020003,3.92000,0.08000
,,, 0.00073040003,3.92000,0.12000
,,, 0.00073060003,4.00000,0.08000
,,, 0.00073080003,4.00000,0.08000
,,, 0.00073100004,3.92000,0.04000
,,, 0.00073119998,4.00000,0.08000
,,, 0.00073139998,4.00000,0.08000
,,, 0.00073159998,4.00000,0.08000
,,, 0.00073179998,4.00000,0.08000
,,, 0.00073199999,4.00000,0.08000
,,, 0.00073219999,4.00000,0.08000
,,, 0.00073239999,3.92000,0.08000
,,, 0.00073259999,4.00000,0.12000
,,, 0.00073279999,3.92000,0.12000
,,, 0.00073299999,4.00000,0.08000
,,, 0.00073320000,4.00000,0.12000
,,, 0.00073340000,3.92000,0.08000
,,, 0.00073360000,4.00000,0.08000
,,, 0.00073380000,4.00000,0.08000
,,, 0.00073400000,4.00000,0.08000
,,, 0.00073420000,4.00000,0.08000
,,, 0.00073440000,4.00000,0.12000
,,, 0.00073460001,3.92000,0.08000
,,, 0.00073480001,4.00000,0.08000
,,, 0.00073500001,4.00000,0.12000
,,, 0.00073520001,4.00000,0.08000
,,, 0.00073540001,4.00000,0.08000
,,, 0.00073560001,4.00000,0.12000
,,, 0.00073580001,4.00000,0.08000
,,, 0.00073600002,4.00000,0.12000
,,, 0.00073620002,4.00000,0.12000
,,, 0.00073640002,4.00000,0.08000
,,, 0.00073660002,3.92000,0.12000
,,, 0.00073680002,3.92000,0.12000
,,, 0.00073700002,4.00000,0.12000
,,, 0.00073720003,4.00000,0.08000
,,, 0.00073740003,3.92000,0.12000
,,, 0.00073760003,4.00000,0.08000
,,, 0.00073780003,3.92000,0.12000
,,, 0.00073800003,3.92000,0.12000
,,, 0.00073820003,4.00000,0.12000
,,, 0.00073840003,4.00000,0.08000
,,, 0.00073860004,4.00000,0.12000
,,, 0.00073880004,4.00000,0.04000
,,, 0.00073899998,4.00000,0.08000
,,, 0.00073919998,3.92000,0.08000
,,, 0.00073939998,4.00000,0.08000
,,, 0.00073959999,4.00000,0.08000
,,, 0.00073979999,4.00000,0.12000
,,, 0.00073999999,3.92000,0.12000
,,, 0.00074019999,3.92000,0.12000
,,, 0.00074039999,3.92000,0.08000
,,, 0.00074059999,4.00000,0.08000
,,, 0.00074079999,3.92000,0.08000
,,, 0.00074100000,3.92000,0.08000
,,, 0.00074120000,4.00000,0.12000
,,, 0.00074140000,4.00000,0.08000
,,, 0.00074160000,4.00000,0.08000
,,, 0.00074180000,4.00000,0.12000
,,, 0.00074200000,4.00000,0.08000
,,, 0.00074220001,4.00000,0.08000
,,, 0.00074240001,4.00000,0.08000
,,, 0.00074260001,3.92000,0.08000
,,, 0.00074280001,4.00000,0.12000
,,, 0.00074300001,3.92000,0.12000
,,, 0.00074320001,4.00000,0.12000
,,, 0.00074340001,3.92000,0.08000
,,, 0.00074360002,3.92000,0.08000
,,, 0.00074380002,4.00000,0.12000
,,, 0.00074400002,3.92000,0.12000
,,, 0.00074420002,3.92000,0.12000
,,, 0.00074440002,4.00000,0.08000
,,, 0.00074460002,3.92000,0.12000
,,, 0.00074480003,4.00000,0.08000
,,, 0.00074500003,3.92000,0.12000
,,, 0.00074520003,4.00000,0.12000
,,, 0.00074540003,4.00000,0.04000
,,, 0.00074560003,4.00000,0.12000
,,, 0.00074580003,3.92000,0.08000
,,, 0.00074600003,3.92000,0.12000
,,, 0.00074620004,3.92000,0.08000
,,, 0.00074640004,3.92000,0.12000
,,, 0.00074659998,4.00000,0.12000
,,, 0.00074679998,4.00000,0.08000
,,, 0.00074699998,3.92000,0.12000
,,, 0.00074719999,4.00000,0.12000
,,, 0.00074739999,4.00000,0.08000
,,, 0.00074759999,4.00000,0.12000
,,, 0.00074779999,3.92000,0.12000
,,, 0.00074799999,4.00000,0.12000
,,, 0.00074819999,4.00000,0.12000
,,, 0.00074839999,4.00000,0.08000
,,, 0.00074860000,4.00000,0.12000
,,, 0.00074880000,4.00000,0.08000
,,, 0.00074900000,4.00000,0.12000
,,, 0.00074920000,4.00000,0.12000
,,, 0.00074940000,4.00000,0.12000
,,, 0.00074960000,4.00000,0.12000
,,, 0.00074980000,3.92000,0.12000
,,, 0.00075000001,4.00000,0.12000
,,, 0.00075020001,3.92000,0.12000
,,, 0.00075040001,3.92000,0.12000
,,, 0.00075060001,4.00000,0.08000
,,, 0.00075080001,4.00000,0.12000
,,, 0.00075100001,3.92000,0.12000
,,, 0.00075120002,4.00000,0.04000
,,, 0.00075140002,3.92000,0.08000
,,, 0.00075160002,4.00000,0.08000
,,, 0.00075180002,4.00000,0.08000
,,, 0.00075200002,3.92000,0.04000
,,, 0.00075220002,4.00000,0.08000
,,, 0.00075240002,3.92000,0.08000
,,, 0.00075260003,3.92000,0.12000
,,, 0.00075280003,3.92000,0.12000
,,, 0.00075300003,3.92000,0.08000
,,, 0.00075320003,4.00000,0.12000
,,, 0.00075340003,4.00000,0.08000
,,, 0.00075360003,4.00000,0.12000
,,, 0.00075380004,4.00000,0.08000
,,, 0.00075400004,4.00000,0.12000
,,, 0.00075419998,3.92000,0.08000
,,, 0.00075439998,4.00000,0.08000
,,, 0.00075459998,4.00000,0.08000
,,, 0.00075479998,4.00000,0.08000
,,, 0.00075499999,4.00000,0.12000
,,, 0.00075519999,4.00000,0.08000
,,, 0.00075539999,4.00000,0.12000
,,, 0.00075559999,4.00000,0.08000
,,, 0.00075579999,4.00000,0.08000
,,, 0.00075599999,4.00000,0.08000
,,, 0.00075620000,4.00000,0.08000
,,, 0.00075640000,4.00000,0.12000
,,, 0.00075660000,3.92000,0.12000
,,, 0.00075680000,3.92000,0.12000
,,, 0.00075700000,3.92000,0.08000
,,, 0.00075720000,3.92000,0.08000
,,, 0.00075740000,4.00000,0.12000
,,, 0.00075760001,4.00000,0.08000
,,, 0.00075780001,4.00000,0.08000
,,, 0.00075800001,4.00000,0.04000
,,, 0.00075820001,4.00000,0.08000
,,, 0.00075840001,4.00000,0.12000
,,, 0.00075860001,4.00000,0.08000
,,, 0.00075880002,3.92000,0.12000
,,, 0.00075900002,4.00000,0.08000
,,, 0.00075920002,4.00000,0.08000
,,, 0.00075940002,3.92000,0.08000
,,, 0.00075960002,4.00000,0.08000
,,, 0.00075980002,3.92000,0.08000
,,, 0.00076000002,4.00000,0.12000
,,, 0.00076020003,4.00000,0.08000
,,, 0.00076040003,4.00000,0.12000
,,, 0.00076060003,4.00000,0.08000
,,, 0.00076080003,4.00000,0.08000
,,, 0.00076100003,4.00000,0.12000
,,, 0.00076120003,4.00000,0.08000
,,, 0.00076140004,4.00000,0.12000
,,, 0.00076160004,4.00000,0.08000
,,, 0.00076179998,4.00000,0.08000
,,, 0.00076199998,4.00000,0.12000
,,, 0.00076219998,4.00000,0.08000
,,, 0.00076239998,3.92000,0.08000
,,, 0.00076259999,4.00000,0.12000
,,, 0.00076279999,3.92000,0.08000
,,, 0.00076299999,4.00000,0.04000
,,, 0.00076319999,4.00000,0.08000
,,, 0.00076339999,4.00000,0.12000
,,, 0.00076359999,3.92000,0.12000
,,, 0.00076380000,3.92000,0.08000
,,, 0.00076400000,4.00000,0.08000
,,, 0.00076420000,3.92000,0.04000
,,, 0.00076440000,4.00000,0.08000
,,, 0.00076460000,3.92000,0.08000
,,, 0.00076480000,4.00000,0.08000
,,, 0.00076500000,4.00000,0.08000
,,, 0.00076520001,3.92000,0.12000
,,, 0.00076540001,4.00000,0.12000
,,, 0.00076560001,4.00000,0.12000
,,, 0.00076580001,4.00000,0.08000
,,, 0.00076600001,3.92000,0.12000
,,, 0.00076620001,4.00000,0.12000
,,, 0.00076640001,3.92000,0.08000
,,, 0.00076660002,4.00000,0.12000
,,, 0.00076680002,4.00000,0.08000
,,, 0.00076700002,4.00000,0.12000
,,, 0.00076720002,3.92000,0.08000
,,, 0.00076740002,4.00000,0.08000
,,, 0.00076760002,4.00000,0.04000
,,, 0.00076780003,4.00000,0.12000
,,, 0.00076800003,4.00000,0.12000
,,, 0.00076820003,4.00000,0.08000
,,, 0.00076840003,4.00000,0.08000
,,, 0.00076860003,4.00000,0.12000
,,, 0.00076880003,4.00000,0.08000
,,, 0.00076900003,4.00000,0.08000
,,, 0.00076920004,3.92000,0.12000
,,, 0.00076940004,4.00000,0.08000
,,, 0.00076959998,3.92000,0.12000
,,, 0.00076979998,3.92000,0.12000
,,, 0.00076999998,3.92000,0.08000
,,, 0.00077019999,3.92000,0.08000
,,, 0.00077039999,4.00000,0.08000
,,, 0.00077059999,4.00000,0.04000
,,, 0.00077079999,4.00000,0.12000
,,, 0.00077099999,3.92000,0.12000
,,, 0.00077119999,3.92000,0.12000
,,, 0.00077139999,4.00000,0.08000
,,, 0.00077160000,4.00000,0.12000
,,, 0.00077180000,4.00000,0.08000
,,, 0.00077200000,4.00000,0.12000
,,, 0.00077220000,3.92000,0.08000
,,, 0.00077240000,4.00000,0.08000
,,, 0.00077260000,4.00000,0.12000
,,, 0.00077280001,4.00000,0.12000
,,, 0.00077300001,4.00000,0.08000
,,, 0.00077320001,4.00000,0.08000
,,, 0.00077340001,3.92000,0.12000
,,, 0.00077360001,3.92000,0.12000
,,, 0.00077380001,3.92000,0.12000
,,, 0.00077400001,3.92000,0.08000
,,, 0.00077420002,3.92000,0.08000
,,, 0.00077440002,4.00000,0.08000
,,, 0.00077460002,4.00000,0.08000
,,, 0.00077480002,4.00000,0.12000
,,, 0.00077500002,4.00000,0.08000
,,, 0.00077520002,4.00000,0.12000
,,, 0.00077540003,4.00000,0.12000
,,, 0.00077560003,4.00000,0.08000
,,, 0.00077580003,3.92000,0.08000
,,, 0.00077600003,3.92000,0.12000
,,, 0.00077620003,4.00000,0.08000
,,, 0.00077640003,3.92000,0.08000
,,, 0.00077660003,3.92000,0.12000
,,, 0.00077680004,3.92000,0.08000
,,, 0.00077700004,4.00000,0.12000
,,, 0.00077719998,3.92000,0.08000
,,, 0.00077739998,3.92000,0.08000
,,, 0.00077759998,4.00000,0.04000
,,, 0.00077779999,4.00000,0.08000
,,, 0.00077799999,4.00000,0.08000
,,, 0.00077819999,3.92000,0.04000
,,, 0.00077839999,4.00000,0.04000
,,, 0.00077859999,4.00000,0.08000
,,, 0.00077879999,4.00000,0.12000
,,, 0.00077899999,3.92000,0.08000
,,, 0.00077920000,4.00000,0.04000
,,, 0.00077940000,3.92000,0.08000
,,, 0.00077960000,4.00000,0.12000
,,, 0.00077980000,4.00000,0.12000
,,, 0.00078000000,4.00000,0.12000
,,, 0.00078020000,3.92000,0.12000
,,, 0.00078040001,3.92000,0.08000
,,, 0.00078060001,4.00000,0.12000
,,, 0.00078080001,3.92000,0.04000
,,, 0.00078100001,3.92000,0.08000
,,, 0.00078120001,4.00000,0.08000
,,, 0.00078140001,4.00000,0.04000
,,, 0.00078160001,4.00000,0.08000
,,, 0.00078180002,3.92000,0.08000
,,, 0.00078200002,4.00000,0.08000
,,, 0.00078220002,4.00000,0.12000
,,, 0.00078240002,4.00000,0.08000
,,, 0.00078260002,4.00000,0.12000
,,, 0.00078280002,4.00000,0.08000
,,, 0.00078300002,4.00000,0.08000
,,, 0.00078320003,4.00000,0.12000
,,, 0.00078340003,3.92000,0.12000
,,, 0.00078360003,4.00000,0.12000
,,, 0.00078380003,4.00000,0.12000
,,, 0.00078400003,4.00000,0.08000
,,, 0.00078420003,4.00000,0.08000
,,, 0.00078440004,3.92000,0.04000
,,, 0.00078460004,3.92000,0.08000
,,, 0.00078479998,4.00000,0.12000
,,, 0.00078499998,4.00000,0.08000
,,, 0.00078519998,4.00000,0.12000
,,, 0.00078539999,4.00000,0.08000
,,, 0.00078559999,3.92000,0.12000
,,, 0.00078579999,4.00000,0.08000
,,, 0.00078599999,3.92000,0.12000
,,, 0.00078619999,4.00000,0.12000
,,, 0.00078639999,4.00000,0.08000
,,, 0.00078659999,4.00000,0.04000
,,, 0.00078680000,4.00000,0.08000
,,, 0.00078700000,4.00000,0.08000
,,, 0.00078720000,4.00000,0.08000
,,, 0.00078740000,3.92000,0.08000
,,, 0.00078760000,3.92000,0.04000
,,, 0.00078780000,3.92000,0.08000
,,, 0.00078800000,4.00000,0.04000
,,, 0.00078820001,4.00000,0.08000
,,, 0.00078840001,4.00000,0.08000
,,, 0.00078860001,3.92000,0.08000
,,, 0.00078880001,4.00000,0.12000
,,, 0.00078900001,4.00000,0.12000
,,, 0.00078920001,4.00000,0.08000
,,, 0.00078940002,3.92000,0.12000
,,, 0.00078960002,4.00000,0.08000
,,, 0.00078980002,3.92000,0.08000
,,, 0.00079000002,3.92000,0.12000
,,, 0.00079020002,3.92000,0.12000
,,, 0.00079040002,3.92000,0.12000
,,, 0.00079060002,4.00000,0.12000
,,, 0.00079080003,3.92000,0.12000
,,, 0.00079100003,4.00000,0.12000
,,, 0.00079120003,4.00000,0.08000
,,, 0.00079140003,3.92000,0.08000
,,, 0.00079160003,4.00000,0.08000
,,, 0.00079180003,4.00000,0.08000
,,, 0.00079200004,4.00000,0.12000
,,, 0.00079220004,3.92000,0.12000
,,, 0.00079240004,4.00000,0.08000
,,, 0.00079259998,4.00000,0.08000
,,, 0.00079279998,3.92000,0.12000
,,, 0.00079299998,4.00000,0.08000
,,, 0.00079319999,4.00000,0.08000
,,, 0.00079339999,4.00000,0.12000
,,, 0.00079359999,3.92000,0.12000
,,, 0.00079379999,3.92000,0.12000
,,, 0.00079399999,3.92000,0.12000
,,, 0.00079419999,3.92000,0.12000
,,, 0.00079440000,3.92000,0.08000
,,, 0.00079460000,3.92000,0.08000
,,, 0.00079480000,3.92000,0.12000
,,, 0.00079500000,4.00000,0.08000
,,, 0.00079520000,4.00000,0.08000
,,, 0.00079540000,3.92000,0.12000
,,, 0.00079560000,4.00000,0.12000
,,, 0.00079580001,4.00000,0.08000
,,, 0.00079600001,3.92000,0.08000
,,, 0.00079620001,4.00000,0.12000
,,, 0.00079640001,3.92000,0.08000
,,, 0.00079660001,4.00000,0.12000
,,, 0.00079680001,4.00000,0.12000
,,, 0.00079700002,4.00000,0.08000
,,, 0.00079720002,3.92000,0.12000
,,, 0.00079740002,4.00000,0.12000
,,, 0.00079760002,3.92000,0.08000
,,, 0.00079780002,4.00000,0.12000
,,, 0.00079800002,3.92000,0.12000
,,, 0.00079820002,4.00000,0.08000
,,, 0.00079840003,3.92000,0.04000
,,, 0.00079860003,3.92000,0.08000
,,, 0.00079880003,4.00000,0.08000
,,, 0.00079900003,3.92000,0.12000
,,, 0.00079920003,4.00000,0.08000
,,, 0.00079940003,3.92000,0.12000
,,, 0.00079960003,4.00000,0.12000
,,, 0.00079980004,4.00000,0.08000
,,, 0.00080000004,3.92000,0.12000
,,, 0.00080019998,3.92000,0.08000
,,, 0.00080039998,4.00000,0.08000
,,, 0.00080059998,3.92000,0.08000
,,, 0.00080079999,4.00000,0.12000
,,, 0.00080099999,4.00000,0.08000
,,, 0.00080119999,4.00000,0.12000
,,, 0.00080139999,3.92000,0.12000
,,, 0.00080159999,4.00000,0.12000
,,, 0.00080179999,4.00000,0.12000
,,, 0.00080200000,3.92000,0.08000
,,, 0.00080220000,4.00000,0.12000
,,, 0.00080240000,4.00000,0.12000
,,, 0.00080260000,3.92000,0.12000
,,, 0.00080280000,3.92000,0.12000
,,, 0.00080300000,3.92000,0.12000
,,, 0.00080320000,4.00000,0.12000
,,, 0.00080340001,3.92000,0.08000
,,, 0.00080360001,3.92000,0.08000
,,, 0.00080380001,3.92000,0.12000
,,, 0.00080400001,4.00000,0.12000
,,, 0.00080420001,4.00000,0.08000
,,, 0.00080440001,4.00000,0.08000
,,, 0.00080460001,4.00000,0.12000
,,, 0.00080480002,4.00000,0.08000
,,, 0.00080500002,4.00000,0.12000
,,, 0.00080520002,3.92000,0.12000
,,, 0.00080540002,4.00000,0.08000
,,, 0.00080560002,4.00000,0.08000
,,, 0.00080580002,4.00000,0.08000
,,, 0.00080600003,4.00000,0.12000
,,, 0.00080620003,3.92000,0.12000
,,, 0.00080640003,4.00000,0.12000
,,, 0.00080660003,3.92000,0.08000
,,, 0.00080680003,3.92000,0.08000
,,, 0.00080700003,3.92000,0.12000
,,, 0.00080720003,4.00000,0.08000
,,, 0.00080740004,4.00000,0.08000
,,, 0.00080760004,4.00000,0.08000
,,, 0.00080779998,4.00000,0.08000
,,, 0.00080799998,4.00000,0.08000
,,, 0.00080819998,4.00000,0.08000
,,, 0.00080839999,4.00000,0.08000
,,, 0.00080859999,3.92000,0.12000
,,, 0.00080879999,4.00000,0.08000
,,, 0.00080899999,4.00000,0.08000
,,, 0.00080919999,4.00000,0.08000
,,, 0.00080939999,4.00000,0.12000
,,, 0.00080959999,4.00000,0.12000
,,, 0.00080980000,4.00000,0.08000
,,, 0.00081000000,3.92000,0.12000
,,, 0.00081020000,3.92000,0.12000
,,, 0.00081040000,4.00000,0.12000
,,, 0.00081060000,4.00000,0.12000
,,, 0.00081080000,3.92000,0.08000
,,, 0.00081100001,3.92000,0.08000
,,, 0.00081120001,4.00000,0.08000
,,, 0.00081140001,4.00000,0.08000
,,, 0.00081160001,4.00000,0.08000
,,, 0.00081180001,4.00000,0.08000
,,, 0.00081200001,4.00000,0.08000
,,, 0.00081220001,3.92000,0.08000
,,, 0.00081240002,3.92000,0.08000
,,, 0.00081260002,3.92000,0.12000
,,, 0.00081280002,3.92000,0.08000
,,, 0.00081300002,4.00000,0.12000
,,, 0.00081320002,3.92000,0.08000
,,, 0.00081340002,4.00000,0.08000
,,, 0.00081360003,3.92000,0.12000
,,, 0.00081380003,3.92000,0.12000
,,, 0.00081400003,4.00000,0.12000
,,, 0.00081420003,4.00000,0.08000
,,, 0.00081440003,4.00000,0.12000
,,, 0.00081460003,4.00000,0.08000
,,, 0.00081480003,3.92000,0.12000
,,, 0.00081500004,3.92000,0.12000
,,, 0.00081520004,4.00000,0.08000
,,, 0.00081539998,4.00000,0.08000
,,, 0.00081559998,4.00000,0.12000
,,, 0.00081579998,4.00000,0.12000
,,, 0.00081599999,4.00000,0.08000
,,, 0.00081619999,4.00000,0.08000
,,, 0.00081639999,4.00000,0.08000
,,, 0.00081659999,4.00000,0.12000
,,, 0.00081679999,3.92000,0.12000
,,, 0.00081699999,3.92000,0.12000
,,, 0.00081719999,4.00000,0.08000
,,, 0.00081740000,4.00000,0.12000
,,, 0.00081760000,4.00000,0.08000
,,, 0.00081780000,4.00000,0.08000
,,, 0.00081800000,4.00000,0.08000
,,, 0.00081820000,3.92000,0.08000
,,, 0.00081840000,4.00000,0.08000
,,, 0.00081860001,4.00000,0.08000
,,, 0.00081880001,4.00000,0.12000
,,, 0.00081900001,4.00000,0.08000
,,, 0.00081920001,4.00000,0.12000
,,, 0.00081940001,4.00000,0.12000
,,, 0.00081960001,4.00000,0.12000
,,, 0.00081980001,3.92000,0.12000
,,, 0.00082000002,3.92000,0.08000
,,, 0.00082020002,3.92000,0.12000
,,, 0.00082040002,3.92000,0.08000
,,, 0.00082060002,4.00000,0.12000
,,, 0.00082080002,3.92000,0.08000
,,, 0.00082100002,3.92000,0.12000
,,, 0.00082120002,4.00000,0.12000
,,, 0.00082140003,4.00000,0.12000
,,, 0.00082160003,4.00000,0.08000
,,, 0.00082180003,4.00000,0.12000
,,, 0.00082200003,4.00000,0.08000
,,, 0.00082220003,4.00000,0.08000
,,, 0.00082240003,4.00000,0.08000
,,, 0.00082260004,3.92000,0.08000
,,, 0.00082280004,4.00000,0.08000
,,, 0.00082300004,3.92000,0.12000
,,, 0.00082319998,4.00000,0.12000
,,, 0.00082339998,3.92000,0.08000
,,, 0.00082359998,3.92000,0.08000
,,, 0.00082379999,4.00000,0.08000
,,, 0.00082399999,4.00000,0.12000
,,, 0.00082419999,3.92000,0.08000
,,, 0.00082439999,4.00000,0.12000
,,, 0.00082459999,4.00000,0.12000
,,, 0.00082479999,4.00000,0.08000
,,, 0.00082500000,3.92000,0.08000
,,, 0.00082520000,4.00000,0.08000
,,, 0.00082540000,4.00000,0.08000
,,, 0.00082560000,4.00000,0.12000
,,, 0.00082580000,4.00000,0.08000
,,, 0.00082600000,4.00000,0.12000
,,, 0.00082620000,3.92000,0.12000
,,, 0.00082640001,4.00000,0.12000
,,, 0.00082660001,3.92000,0.12000
,,, 0.00082680001,3.92000,0.12000
,,, 0.00082700001,4.00000,0.08000
,,, 0.00082720001,3.92000,0.12000
,,, 0.00082740001,4.00000,0.12000
,,, 0.00082760002,4.00000,0.08000
,,, 0.00082780002,4.00000,0.12000
,,, 0.00082800002,4.00000,0.12000
,,, 0.00082820002,4.00000,0.08000
,,, 0.00082840002,4.00000,0.12000
,,, 0.00082860002,3.92000,0.08000
,,, 0.00082880002,3.92000,0.08000
,,, 0.00082900003,4.00000,0.12000
,,, 0.00082920003,4.00000,0.08000
,,, 0.00082940003,4.00000,0.08000
,,, 0.00082960003,4.00000,0.12000
,,, 0.00082980003,3.92000,0.12000
,,, 0.00083000003,3.92000,0.08000
,,, 0.00083020004,4.00000,0.08000
,,, 0.00083040004,4.00000,0.08000
,,, 0.00083060004,4.00000,0.12000
,,, 0.00083079998,4.00000,0.08000
,,, 0.00083099998,4.00000,0.08000
,,, 0.00083119998,3.92000,0.08000
,,, 0.00083139999,4.00000,0.08000
,,, 0.00083159999,4.00000,0.12000
,,, 0.00083179999,3.92000,0.04000
,,, 0.00083199999,3.92000,0.08000
,,, 0.00083219999,4.00000,0.08000
,,, 0.00083239999,4.00000,0.12000
,,, 0.00083260000,3.92000,0.12000
,,, 0.00083280000,3.92000,0.08000
,,, 0.00083300000,4.00000,0.08000
,,, 0.00083320000,3.92000,0.08000
,,, 0.00083340000,3.92000,0.08000
,,, 0.00083360000,3.92000,0.12000
,,, 0.00083380000,3.92000,0.08000
,,, 0.00083400001,4.00000,0.12000
,,, 0.00083420001,3.92000,0.08000
,,, 0.00083440001,4.00000,0.12000
,,, 0.00083460001,4.00000,0.12000
,,, 0.00083480001,4.00000,0.12000
,,, 0.00083500001,4.00000,0.12000
,,, 0.00083520001,4.00000,0.12000
,,, 0.00083540002,4.00000,0.12000
,,, 0.00083560002,3.92000,0.12000
,,, 0.00083580002,4.00000,0.08000
,,, 0.00083600002,4.00000,0.12000
,,, 0.00083620002,3.92000,0.12000
,,, 0.00083640002,4.00000,0.12000
,,, 0.00083660003,3.92000,0.12000
,,, 0.00083680003,3.92000,0.08000
,,, 0.00083700003,4.00000,0.08000
,,, 0.00083720003,4.00000,0.08000
,,, 0.00083740003,4.00000,0.04000
,,, 0.00083760003,4.00000,0.12000
,,, 0.00083780003,4.00000,0.08000
,,, 0.00083800004,4.00000,0.08000
,,, 0.00083820004,4.00000,0.08000
,,, 0.00083839998,4.00000,0.12000
,,, 0.00083859998,4.00000,0.08000
,,, 0.00083879998,3.92000,0.08000
,,, 0.00083899999,3.92000,0.12000
,,, 0.00083919999,4.00000,0.12000
,,, 0.00083939999,4.00000,0.12000
,,, 0.00083959999,4.00000,0.12000
,,, 0.00083979999,3.92000,0.08000
,,, 0.00083999999,4.00000,0.08000
,,, 0.00084019999,3.92000,0.12000
,,, 0.00084040000,4.00000,0.12000
,,, 0.00084060000,4.00000,0.12000
,,, 0.00084080000,4.00000,0.12000
,,, 0.00084100000,4.00000,0.08000
,,, 0.00084120000,4.00000,0.08000
,,, 0.00084140000,4.00000,0.08000
,,, 0.00084160001,4.00000,0.12000
,,, 0.00084180001,4.00000,0.12000
,,, 0.00084200001,3.92000,0.08000
,,, 0.00084220001,4.00000,0.12000
,,, 0.00084240001,3.92000,0.08000
,,, 0.00084260001,3.92000,0.08000
,,, 0.00084280001,4.00000,0.08000
,,, 0.00084300002,3.92000,0.12000
,,, 0.00084320002,3.92000,0.12000
,,, 0.00084340002,3.92000,0.08000
,,, 0.00084360002,4.00000,0.08000
,,, 0.00084380002,4.00000,0.08000
,,, 0.00084400002,4.00000,0.08000
,,, 0.00084420003,4.00000,0.08000
,,, 0.00084440003,3.92000,0.12000
,,, 0.00084460003,4.00000,0.12000
,,, 0.00084480003,4.00000,0.04000
,,, 0.00084500003,4.00000,0.08000
,,, 0.00084520003,4.00000,0.08000
,,, 0.00084540003,4.00000,0.08000
,,, 0.00084560004,4.00000,0.08000
,,, 0.00084580004,4.00000,0.08000
,,, 0.00084599998,4.00000,0.08000
,,, 0.00084619998,3.92000,0.08000
,,, 0.00084639998,4.00000,0.12000
,,, 0.00084659999,3.92000,0.12000
,,, 0.00084679999,4.00000,0.12000
,,, 0.00084699999,3.92000,0.08000
,,, 0.00084719999,4.00000,0.12000
,,, 0.00084739999,4.00000,0.08000
,,, 0.00084759999,4.00000,0.08000
,,, 0.00084779999,4.00000,0.12000
,,, 0.00084800000,4.00000,0.12000
,,, 0.00084820000,4.00000,0.12000
,,, 0.00084840000,4.00000,0.12000
,,, 0.00084860000,4.00000,0.12000
,,, 0.00084880000,4.00000,0.12000
,,, 0.00084900000,4.00000,0.08000
,,, 0.00084920001,3.92000,0.08000
,,, 0.00084940001,4.00000,0.08000
,,, 0.00084960001,4.00000,0.12000
,,, 0.00084980001,4.00000,0.12000
,,, 0.00085000001,3.92000,0.12000
,,, 0.00085020001,4.00000,0.08000
,,, 0.00085040001,4.00000,0.08000
,,, 0.00085060002,4.00000,0.08000
,,, 0.00085080002,4.00000,0.08000
,,, 0.00085100002,3.92000,0.04000
,,, 0.00085120002,4.00000,0.08000
,,, 0.00085140002,4.00000,0.12000
,,, 0.00085160002,3.92000,0.08000
,,, 0.00085180002,4.00000,0.08000
,,, 0.00085200003,4.00000,0.08000
,,, 0.00085220003,3.92000,0.08000
,,, 0.00085240003,3.92000,0.12000
,,, 0.00085260003,4.00000,0.12000
,,, 0.00085280003,4.00000,0.12000
,,, 0.00085300003,4.00000,0.08000
,,, 0.00085320004,3.92000,0.08000
,,, 0.00085340004,3.92000,0.08000
,,, 0.00085360004,4.00000,0.08000
,,, 0.00085379998,4.00000,0.08000
,,, 0.00085399998,4.00000,0.08000
,,, 0.00085419999,4.00000,0.08000
,,, 0.00085439999,4.00000,0.08000
,,, 0.00085459999,4.00000,0.12000
,,, 0.00085479999,4.00000,0.04000
,,, 0.00085499999,4.00000,0.08000
,,, 0.00085519999,3.92000,0.08000
,,, 0.00085539999,4.00000,0.12000
,,, 0.00085560000,4.00000,0.12000
,,, 0.00085580000,3.92000,0.08000
,,, 0.00085600000,3.92000,0.08000
,,, 0.00085620000,4.00000,0.04000
,,, 0.00085640000,3.92000,0.12000
,,, 0.00085660000,4.00000,0.08000
,,, 0.00085680000,4.00000,0.12000
,,, 0.00085700001,4.00000,0.12000
,,, 0.00085720001,4.00000,0.08000
,,, 0.00085740001,3.92000,0.04000
,,, 0.00085760001,4.00000,0.08000
,,, 0.00085780001,3.92000,0.04000
,,, 0.00085800001,3.92000,0.08000
,,, 0.00085820002,4.00000,0.12000
,,, 0.00085840002,4.00000,0.12000
,,, 0.00085860002,4.00000,0.08000
,,, 0.00085880002,4.00000,0.12000
,,, 0.00085900002,3.92000,0.08000
,,, 0.00085920002,3.92000,0.08000
,,, 0.00085940002,4.00000,0.12000
,,, 0.00085960003,3.92000,0.04000
,,, 0.00085980003,3.92000,0.12000
,,, 0.00086000003,3.92000,0.08000
,,, 0.00086020003,4.00000,0.08000
,,, 0.00086040003,4.00000,0.12000
,,, 0.00086060003,4.00000,0.08000
,,, 0.00086080004,4.00000,0.08000
,,, 0.00086100004,4.00000,0.12000
,,, 0.00086120004,4.00000,0.08000
,,, 0.00086139998,4.00000,0.08000
,,, 0.00086159998,3.92000,0.12000
,,, 0.00086179998,3.92000,0.08000
,,, 0.00086199999,3.92000,0.12000
,,, 0.00086219999,4.00000,0.12000
,,, 0.00086239999,4.00000,0.08000
,,, 0.00086259999,4.00000,0.12000
,,, 0.00086279999,4.00000,0.12000
,,, 0.00086299999,3.92000,0.08000
,,, 0.00086320000,3.92000,0.08000
,,, 0.00086340000,4.00000,0.08000
,,, 0.00086360000,4.00000,0.04000
,,, 0.00086380000,3.92000,0.08000
,,, 0.00086400000,4.00000,0.12000
,,, 0.00086420000,4.00000,0.08000
,,, 0.00086440000,4.00000,0.08000
,,, 0.00086460001,4.00000,0.12000
,,, 0.00086480001,3.92000,0.08000
,,, 0.00086500001,4.00000,0.12000
,,, 0.00086520001,4.00000,0.08000
,,, 0.00086540001,4.00000,0.12000
,,, 0.00086560001,4.00000,0.12000
,,, 0.00086580002,3.92000,0.12000
,,, 0.00086600002,4.00000,0.08000
,,, 0.00086620002,4.00000,0.12000
,,, 0.00086640002,4.00000,0.12000
,,, 0.00086660002,4.00000,0.08000
,,, 0.00086680002,3.92000,0.08000
,,, 0.00086700002,3.92000,0.08000
,,, 0.00086720003,4.00000,0.12000
,,, 0.00086740003,4.00000,0.08000
,,, 0.00086760003,4.00000,0.08000
,,, 0.00086780003,4.00000,0.08000
,,, 0.00086800003,4.00000,0.12000
,,, 0.00086820003,3.92000,0.12000
,,, 0.00086840003,3.92000,0.08000
,,, 0.00086860004,4.00000,0.08000
,,, 0.00086880004,4.00000,0.08000
,,, 0.00086899998,3.92000,0.12000
,,, 0.00086919998,3.92000,0.08000
,,, 0.00086939998,3.92000,0.08000
,,, 0.00086959999,4.00000,0.12000
,,, 0.00086979999,4.00000,0.08000
,,, 0.00086999999,4.00000,0.08000
,,, 0.00087019999,4.00000,0.12000
,,, 0.00087039999,4.00000,0.08000
,,, 0.00087059999,3.92000,0.08000
,,, 0.00087080000,4.00000,0.08000
,,, 0.00087100000,4.00000,0.08000
,,, 0.00087120000,3.92000,0.08000
,,, 0.00087140000,4.00000,0.12000
,,, 0.00087160000,3.92000,0.12000
,,, 0.00087180000,3.92000,0.08000
,,, 0.00087200000,4.00000,0.12000
,,, 0.00087220001,4.00000,0.08000
,,, 0.00087240001,4.00000,0.12000
,,, 0.00087260001,3.92000,0.08000
,,, 0.00087280001,3.92000,0.08000
,,, 0.00087300001,4.00000,0.08000
,,, 0.00087320001,4.00000,0.08000
,,, 0.00087340001,4.00000,0.12000
,,, 0.00087360002,3.92000,0.08000
,,, 0.00087380002,4.00000,0.08000
,,, 0.00087400002,4.00000,0.12000
,,, 0.00087420002,3.92000,0.12000
,,, 0.00087440002,4.00000,0.08000
,,, 0.00087460002,4.00000,0.12000
,,, 0.00087480003,3.92000,0.08000
,,, 0.00087500003,4.00000,0.08000
,,, 0.00087520003,4.00000,0.12000
,,, 0.00087540003,4.00000,0.08000
,,, 0.00087560003,3.92000,0.12000
,,, 0.00087580003,4.00000,0.12000
,,, 0.00087600003,4.00000,0.12000
,,, 0.00087620004,4.00000,0.12000
,,, 0.00087640004,4.00000,0.12000
,,, 0.00087660004,4.00000,0.12000
,,, 0.00087679998,3.92000,0.12000
,,, 0.00087699998,4.00000,0.12000
,,, 0.00087719999,4.00000,0.08000
,,, 0.00087739999,3.92000,0.08000
,,, 0.00087759999,4.00000,0.08000
,,, 0.00087779999,3.92000,0.08000
,,, 0.00087799999,3.92000,0.08000
,,, 0.00087819999,4.00000,0.08000
,,, 0.00087839999,4.00000,0.12000
,,, 0.00087860000,3.92000,0.08000
,,, 0.00087880000,4.00000,0.08000
,,, 0.00087900000,3.92000,0.08000
,,, 0.00087920000,4.00000,0.08000
,,, 0.00087940000,4.00000,0.08000
,,, 0.00087960000,3.92000,0.12000
,,, 0.00087980001,3.92000,0.08000
,,, 0.00088000001,4.00000,0.08000
,,, 0.00088020001,4.00000,0.08000
,,, 0.00088040001,3.92000,0.12000
,,, 0.00088060001,4.00000,0.08000
,,, 0.00088080001,4.00000,0.08000
,,, 0.00088100001,4.00000,0.08000
,,, 0.00088120002,4.00000,0.08000
,,, 0.00088140002,4.00000,0.08000
,,, 0.00088160002,3.92000,0.04000
,,, 0.00088180002,3.92000,0.08000
,,, 0.00088200002,4.00000,0.12000
,,, 0.00088220002,4.00000,0.08000
,,, 0.00088240003,4.00000,0.08000
,,, 0.00088260003,4.00000,0.12000
,,, 0.00088280003,3.92000,0.08000
,,, 0.00088300003,3.92000,0.08000
,,, 0.00088320003,4.00000,0.12000
,,, 0.00088340003,4.00000,0.12000
,,, 0.00088360003,3.92000,0.08000
,,, 0.00088380004,3.92000,0.08000
,,, 0.00088400004,4.00000,0.08000
,,, 0.00088420004,3.92000,0.12000
,,, 0.00088439998,4.00000,0.08000
,,, 0.00088459998,4.00000,0.08000
,,, 0.00088479999,4.00000,0.12000
,,, 0.00088499999,4.00000,0.08000
,,, 0.00088519999,3.92000,0.12000
,,, 0.00088539999,4.00000,0.08000
,,, 0.00088559999,3.92000,0.12000
,,, 0.00088579999,3.92000,0.12000
,,, 0.00088599999,4.00000,0.12000
,,, 0.00088620000,3.92000,0.12000
,,, 0.00088640000,3.92000,0.08000
,,, 0.00088660000,3.92000,0.12000
,,, 0.00088680000,3.92000,0.08000
,,, 0.00088700000,3.92000,0.08000
,,, 0.00088720000,4.00000,0.12000
,,, 0.00088740001,4.00000,0.12000
,,, 0.00088760001,4.00000,0.08000
,,, 0.00088780001,4.00000,0.08000
,,, 0.00088800001,4.00000,0.08000
,,, 0.00088820001,4.00000,0.12000
,,, 0.00088840001,4.00000,0.12000
,,, 0.00088860001,4.00000,0.12000
,,, 0.00088880002,3.92000,0.12000
,,, 0.00088900002,4.00000,0.12000
,,, 0.00088920002,4.00000,0.04000
,,, 0.00088940002,4.00000,0.12000
,,, 0.00088960002,4.00000,0.12000
,,, 0.00088980002,3.92000,0.08000
,,, 0.00089000002,4.00000,0.12000
,,, 0.00089020003,4.00000,0.12000
,,, 0.00089040003,4.00000,0.08000
,,, 0.00089060003,3.92000,0.08000
,,, 0.00089080003,4.00000,0.08000
,,, 0.00089100003,4.00000,0.04000
,,, 0.00089120003,4.00000,0.12000
,,, 0.00089140004,4.00000,0.08000
,,, 0.00089160004,3.92000,0.08000
,,, 0.00089180004,4.00000,0.08000
,,, 0.00089199998,3.92000,0.04000
,,, 0.00089219998,4.00000,0.08000
,,, 0.00089239998,4.00000,0.12000
,,, 0.00089259999,4.00000,0.08000
,,, 0.00089279999,4.00000,0.08000
,,, 0.00089299999,3.92000,0.08000
,,, 0.00089319999,3.92000,0.12000
,,, 0.00089339999,4.00000,0.08000
,,, 0.00089359999,4.00000,0.08000
,,, 0.00089380000,3.92000,0.08000
,,, 0.00089400000,4.00000,0.12000
,,, 0.00089420000,4.00000,0.12000
,,, 0.00089440000,4.00000,0.08000
,,, 0.00089460000,4.00000,0.12000
,,, 0.00089480000,3.92000,0.08000
,,, 0.00089500000,4.00000,0.04000
,,, 0.00089520001,4.00000,0.12000
,,, 0.00089540001,4.00000,0.08000
,,, 0.00089560001,4.00000,0.12000
,,, 0.00089580001,3.92000,0.12000
,,, 0.00089600001,3.92000,0.08000
,,, 0.00089620001,3.92000,0.08000
,,, 0.00089640002,4.00000,0.12000
,,, 0.00089660002,4.00000,0.12000
,,, 0.00089680002,3.92000,0.08000
,,, 0.00089700002,4.00000,0.04000
,,, 0.00089720002,4.00000,0.08000
,,, 0.00089740002,3.92000,0.08000
,,, 0.00089760002,4.00000,0.12000
,,, 0.00089780003,4.00000,0.08000
,,, 0.00089800003,4.00000,0.04000
,,, 0.00089820003,4.00000,0.08000
,,, 0.00089840003,4.00000,0.12000
,,, 0.00089860003,3.92000,0.08000
,,, 0.00089880003,3.92000,0.12000
,,, 0.00089900004,3.92000,0.12000
,,, 0.00089920004,3.92000,0.12000
,,, 0.00089940004,3.92000,0.12000
,,, 0.00089959998,4.00000,0.08000
,,, 0.00089979998,4.00000,0.08000
,,, 0.00089999998,4.00000,0.12000
,,, 0.00090019999,4.00000,0.12000
,,, 0.00090039999,3.92000,0.08000
,,, 0.00090059999,4.00000,0.12000
,,, 0.00090079999,4.00000,0.08000
,,, 0.00090099999,4.00000,0.08000
,,, 0.00090119999,4.00000,0.08000
,,, 0.00090140000,4.00000,0.04000
,,, 0.00090160000,3.92000,0.12000
,,, 0.00090180000,4.00000,0.12000
,,, 0.00090200000,3.92000,0.08000
,,, 0.00090220000,3.92000,0.08000
,,, 0.00090240000,4.00000,0.12000
,,, 0.00090260000,3.92000,0.08000
,,, 0.00090280001,4.00000,0.08000
,,, 0.00090300001,3.92000,0.08000
,,, 0.00090320001,3.92000,0.04000
,,, 0.00090340001,4.00000,0.04000
,,, 0.00090360001,4.00000,0.08000
,,, 0.00090380001,4.00000,0.08000
,,, 0.00090400001,3.92000,0.08000
,,, 0.00090420002,4.00000,0.12000
,,, 0.00090440002,3.92000,0.12000
,,, 0.00090460002,3.92000,0.12000
,,, 0.00090480002,4.00000,0.12000
,,, 0.00090500002,3.92000,0.08000
,,, 0.00090520002,3.92000,0.08000
,,, 0.00090540003,4.00000,0.08000
,,, 0.00090560003,4.00000,0.12000
,,, 0.00090580003,3.92000,0.12000
,,, 0.00090600003,3.92000,0.12000
,,, 0.00090620003,3.92000,0.08000
,,, 0.00090640003,3.92000,0.12000
,,, 0.00090660003,4.00000,0.08000
,,, 0.00090680004,3.92000,0.12000
,,, 0.00090700004,4.00000,0.04000
,,, 0.00090720004,4.00000,0.08000
,,, 0.00090739998,3.92000,0.08000
,,, 0.00090759998,4.00000,0.08000
,,, 0.00090779999,3.92000,0.08000
,,, 0.00090799999,4.00000,0.08000
,,, 0.00090819999,4.00000,0.08000
,,, 0.00090839999,3.92000,0.12000
,,, 0.00090859999,3.92000,0.08000
,,, 0.00090879999,4.00000,0.12000
,,, 0.00090899999,4.00000,0.04000
,,, 0.00090920000,4.00000,0.08000
,,, 0.00090940000,3.92000,0.08000
,,, 0.00090960000,4.00000,0.08000
,,, 0.00090980000,4.00000,0.08000
,,, 0.00091000000,4.00000,0.12000
,,, 0.00091020000,3.92000,0.12000
,,, 0.00091040001,4.00000,0.08000
,,, 0.00091060001,4.00000,0.08000
,,, 0.00091080001,4.00000,0.12000
,,, 0.00091100001,4.00000,0.12000
,,, 0.00091120001,4.00000,0.08000
,,, 0.00091140001,3.92000,0.08000
,,, 0.00091160001,3.92000,0.12000
,,, 0.00091180002,4.00000,0.12000
,,, 0.00091200002,4.00000,0.08000
,,, 0.00091220002,3.92000,0.08000
,,, 0.00091240002,3.92000,0.08000
,,, 0.00091260002,4.00000,0.12000
,,, 0.00091280002,4.00000,0.08000
,,, 0.00091300003,4.00000,0.08000
,,, 0.00091320003,4.00000,0.12000
,,, 0.00091340003,4.00000,0.12000
,,, 0.00091360003,4.00000,0.12000
,,, 0.00091380003,4.00000,0.08000
,,, 0.00091400003,4.00000,0.12000
,,, 0.00091420003,4.00000,0.08000
,,, 0.00091440004,4.00000,0.12000
,,, 0.00091460004,4.00000,0.12000
,,, 0.00091480004,4.00000,0.08000
,,, 0.00091499998,3.92000,0.12000
,,, 0.00091519998,4.00000,0.12000
,,, 0.00091539999,4.00000,0.12000
,,, 0.00091559999,3.92000,0.08000
,,, 0.00091579999,3.92000,0.08000
,,, 0.00091599999,3.92000,0.12000
,,, 0.00091619999,4.00000,0.08000
,,, 0.00091639999,4.00000,0.08000
,,, 0.00091659999,4.00000,0.08000
,,, 0.00091680000,3.92000,0.12000
,,, 0.00091700000,4.00000,0.12000
,,, 0.00091720000,4.00000,0.12000
,,, 0.00091740000,3.92000,0.12000
,,, 0.00091760000,4.00000,0.12000
,,, 0.00091780000,4.00000,0.08000
,,, 0.00091800001,4.00000,0.08000
,,, 0.00091820001,4.00000,0.08000
,,, 0.00091840001,4.00000,0.12000
,,, 0.00091860001,4.00000,0.08000
,,, 0.00091880001,3.92000,0.08000
,,, 0.00091900001,3.92000,0.08000
,,, 0.00091920001,3.92000,0.08000
,,, 0.00091940002,4.00000,0.04000
,,, 0.00091960002,4.00000,0.12000
,,, 0.00091980002,3.92000,0.08000
,,, 0.00092000002,4.00000,0.08000
,,, 0.00092020002,3.92000,0.04000
,,, 0.00092040002,4.00000,0.08000
,,, 0.00092060002,4.00000,0.08000
,,, 0.00092080003,4.00000,0.04000
,,, 0.00092100003,4.00000,0.12000
,,, 0.00092120003,4.00000,0.08000
,,, 0.00092140003,3.92000,0.08000
,,, 0.00092160003,4.00000,0.12000
,,, 0.00092180003,3.92000,0.12000
,,, 0.00092200004,4.00000,0.08000
,,, 0.00092220004,3.92000,0.12000
,,, 0.00092240004,3.92000,0.08000
,,, 0.00092259998,4.00000,0.08000
,,, 0.00092279998,4.00000,0.12000
,,, 0.00092299999,3.92000,0.08000
,,, 0.00092319999,4.00000,0.08000
,,, 0.00092339999,4.00000,0.12000
,,, 0.00092359999,4.00000,0.08000
,,, 0.00092379999,4.00000,0.08000
,,, 0.00092399999,4.00000,0.12000
,,, 0.00092419999,4.00000,0.08000
,,, 0.00092440000,4.00000,0.12000
,,, 0.00092460000,4.00000,0.12000
,,, 0.00092480000,3.92000,0.08000
,,, 0.00092500000,4.00000,0.08000
,,, 0.00092520000,3.92000,0.08000
,,, 0.00092540000,3.92000,0.12000
,,, 0.00092560000,4.00000,0.08000
,,, 0.00092580001,3.92000,0.12000
,,, 0.00092600001,4.00000,0.12000
,,, 0.00092620001,4.00000,0.08000
,,, 0.00092640001,4.00000,0.08000
,,, 0.00092660001,4.00000,0.08000
,,, 0.00092680001,4.00000,0.08000
,,, 0.00092700002,3.92000,0.08000
,,, 0.00092720002,4.00000,0.08000
,,, 0.00092740002,3.92000,0.08000
,,, 0.00092760002,3.92000,0.08000
,,, 0.00092780002,4.00000,0.12000
,,, 0.00092800002,4.00000,0.08000
,,, 0.00092820002,3.92000,0.12000
,,, 0.00092840003,4.00000,0.08000
,,, 0.00092860003,3.92000,0.08000
,,, 0.00092880003,3.92000,0.12000
,,, 0.00092900003,3.92000,0.08000
,,, 0.00092920003,4.00000,0.12000
,,, 0.00092940003,3.92000,0.08000
,,, 0.00092960004,4.00000,0.12000
,,, 0.00092980004,3.92000,0.08000
,,, 0.00093000004,3.92000,0.08000
,,, 0.00093020004,4.00000,0.04000
,,, 0.00093039998,4.00000,0.08000
,,, 0.00093059998,3.92000,0.12000
,,, 0.00093079999,4.00000,0.08000
,,, 0.00093099999,4.00000,0.08000
,,, 0.00093119999,4.00000,0.12000
,,, 0.00093139999,4.00000,0.12000
,,, 0.00093159999,4.00000,0.08000
,,, 0.00093179999,3.92000,0.08000
,,, 0.00093200000,4.00000,0.08000
,,, 0.00093220000,3.92000,0.08000
,,, 0.00093240000,4.00000,0.12000
,,, 0.00093260000,4.00000,0.08000
,,, 0.00093280000,3.92000,0.12000
,,, 0.00093300000,4.00000,0.08000
,,, 0.00093320000,4.00000,0.08000
,,, 0.00093340001,4.00000,0.08000
,,, 0.00093360001,4.00000,0.12000
,,, 0.00093380001,4.00000,0.12000
,,, 0.00093400001,3.92000,0.12000
,,, 0.00093420001,4.00000,0.08000
,,, 0.00093440001,4.00000,0.12000
,,, 0.00093460002,4.00000,0.08000
,,, 0.00093480002,4.00000,0.08000
,,, 0.00093500002,3.92000,0.08000
,,, 0.00093520002,3.92000,0.12000
,,, 0.00093540002,4.00000,0.08000
,,, 0.00093560002,3.92000,0.12000
,,, 0.00093580002,3.92000,0.08000
,,, 0.00093600003,4.00000,0.12000
,,, 0.00093620003,4.00000,0.08000
,,, 0.00093640003,3.92000,0.12000
,,, 0.00093660003,3.92000,0.08000
,,, 0.00093680003,4.00000,0.04000
,,, 0.00093700003,4.00000,0.08000
,,, 0.00093720003,4.00000,0.08000
,,, 0.00093740004,4.00000,0.08000
,,, 0.00093760004,4.00000,0.04000
,,, 0.00093780004,4.00000,0.08000
,,, 0.00093799998,3.92000,0.08000
,,, 0.00093819998,3.92000,0.08000
,,, 0.00093839999,3.92000,0.04000
,,, 0.00093859999,3.92000,0.12000
,,, 0.00093879999,3.92000,0.12000
,,, 0.00093899999,3.92000,0.08000
,,, 0.00093919999,4.00000,0.12000
,,, 0.00093939999,4.00000,0.08000
,,, 0.00093960000,3.92000,0.08000
,,, 0.00093980000,4.00000,0.12000
,,, 0.00094000000,3.92000,0.12000
,,, 0.00094020000,4.00000,0.08000
,,, 0.00094040000,3.92000,0.12000
,,, 0.00094060000,4.00000,0.12000
,,, 0.00094080000,4.00000,0.08000
,,, 0.00094100001,4.00000,0.08000
,,, 0.00094120001,3.92000,0.08000
,,, 0.00094140001,3.92000,0.12000
,,, 0.00094160001,4.00000,0.12000
,,, 0.00094180001,4.00000,0.12000
,,, 0.00094200001,4.00000,0.08000
,,, 0.00094220001,3.92000,0.08000
,,, 0.00094240002,4.00000,0.12000
,,, 0.00094260002,3.92000,0.08000
,,, 0.00094280002,4.00000,0.12000
,,, 0.00094300002,3.92000,0.08000
,,, 0.00094320002,4.00000,0.08000
,,, 0.00094340002,4.00000,0.08000
,,, 0.00094360003,4.00000,0.04000
,,, 0.00094380003,4.00000,0.08000
,,, 0.00094400003,4.00000,0.12000
,,, 0.00094420003,4.00000,0.08000
,,, 0.00094440003,4.00000,0.12000
,,, 0.00094460003,3.92000,0.12000
,,, 0.00094480003,4.00000,0.12000
,,, 0.00094500004,4.00000,0.12000
,,, 0.00094520004,4.00000,0.12000
,,, 0.00094540004,3.92000,0.12000
,,, 0.00094559998,3.92000,0.12000
,,, 0.00094579998,4.00000,0.08000
,,, 0.00094599999,4.00000,0.08000
,,, 0.00094619999,4.00000,0.12000
,,, 0.00094639999,4.00000,0.12000
,,, 0.00094659999,4.00000,0.12000
,,, 0.00094679999,4.00000,0.08000
,,, 0.00094699999,4.00000,0.04000
,,, 0.00094719999,4.00000,0.08000
,,, 0.00094740000,3.92000,0.12000
,,, 0.00094760000,3.92000,0.12000
,,, 0.00094780000,3.92000,0.12000
,,, 0.00094800000,4.00000,0.12000
,,, 0.00094820000,4.00000,0.08000
,,, 0.00094840000,3.92000,0.12000
,,, 0.00094860001,4.00000,0.12000
,,, 0.00094880001,3.92000,0.12000
,,, 0.00094900001,3.92000,0.12000
,,, 0.00094920001,4.00000,0.08000
,,, 0.00094940001,3.92000,0.08000
,,, 0.00094960001,4.00000,0.04000
,,, 0.00094980001,4.00000,0.12000
,,, 0.00095000002,4.00000,0.12000
,,, 0.00095020002,4.00000,0.12000
,,, 0.00095040002,4.08000,0.12000
,,, 0.00095060002,4.00000,0.12000
,,, 0.00095080002,4.00000,0.08000
,,, 0.00095100002,3.92000,0.12000
,,, 0.00095120003,3.92000,0.08000
,,, 0.00095140003,4.00000,0.08000
,,, 0.00095160003,4.00000,0.12000
,,, 0.00095180003,3.92000,0.12000
,,, 0.00095200003,4.00000,0.08000
,,, 0.00095220003,3.92000,0.08000
,,, 0.00095240003,4.00000,0.08000
,,, 0.00095260004,4.00000,0.12000
,,, 0.00095280004,3.92000,0.08000
,,, 0.00095300004,4.00000,0.08000
,,, 0.00095319998,4.00000,0.08000
,,, 0.00095339998,4.00000,0.08000
,,, 0.00095359999,4.00000,0.04000
,,, 0.00095379999,4.00000,0.08000
,,, 0.00095399999,3.92000,0.12000
,,, 0.00095419999,4.00000,0.08000
,,, 0.00095439999,4.00000,0.08000
,,, 0.00095459999,4.00000,0.08000
,,, 0.00095479999,4.00000,0.12000
,,, 0.00095500000,3.92000,0.08000
,,, 0.00095520000,4.00000,0.12000
,,, 0.00095540000,4.00000,0.12000
,,, 0.00095560000,3.92000,0.12000
,,, 0.00095580000,3.92000,0.08000
,,, 0.00095600000,4.00000,0.12000
,,, 0.00095620001,3.92000,0.08000
,,, 0.00095640001,4.00000,0.12000
,,, 0.00095660001,4.00000,0.12000
,,, 0.00095680001,4.00000,0.12000
,,, 0.00095700001,4.00000,0.08000
,,, 0.00095720001,4.00000,0.08000
,,, 0.00095740001,4.00000,0.12000
,,, 0.00095760002,4.00000,0.08000
,,, 0.00095780002,3.92000,0.04000
,,, 0.00095800002,3.92000,0.08000
,,, 0.00095820002,3.92000,0.08000
,,, 0.00095840002,4.00000,0.08000
,,, 0.00095860002,3.92000,0.12000
,,, 0.00095880002,4.00000,0.08000
,,, 0.00095900003,3.92000,0.12000
,,, 0.00095920003,3.92000,0.12000
,,, 0.00095940003,4.00000,0.04000
,,, 0.00095960003,4.00000,0.04000
,,, 0.00095980003,3.92000,0.08000
,,, 0.00096000003,4.00000,0.12000
,,, 0.00096020004,3.92000,0.08000
,,, 0.00096040004,4.00000,0.12000
,,, 0.00096060004,4.00000,0.12000
,,, 0.00096080004,3.92000,0.08000
,,, 0.00096099998,4.00000,0.12000
,,, 0.00096119998,4.00000,0.12000
,,, 0.00096139999,4.00000,0.12000
,,, 0.00096159999,3.92000,0.12000
,,, 0.00096179999,4.00000,0.08000
,,, 0.00096199999,3.92000,0.08000
,,, 0.00096219999,3.92000,0.12000
,,, 0.00096239999,3.92000,0.08000
,,, 0.00096260000,4.00000,0.12000
,,, 0.00096280000,4.00000,0.12000
,,, 0.00096300000,4.00000,0.12000
,,, 0.00096320000,4.00000,0.08000
,,, 0.00096340000,4.00000,0.08000
,,, 0.00096360000,4.00000,0.08000
,,, 0.00096380000,4.00000,0.12000
,,, 0.00096400001,4.00000,0.08000
,,, 0.00096420001,4.00000,0.12000
,,, 0.00096440001,4.00000,0.12000
,,, 0.00096460001,4.00000,0.12000
,,, 0.00096480001,4.00000,0.12000
,,, 0.00096500001,4.00000,0.12000
,,, 0.00096520002,3.92000,0.08000
,,, 0.00096540002,3.92000,0.08000
,,, 0.00096560002,4.00000,0.08000
,,, 0.00096580002,4.00000,0.08000
,,, 0.00096600002,3.92000,0.08000
,,, 0.00096620002,3.92000,0.12000
,,, 0.00096640002,4.00000,0.12000
,,, 0.00096660003,4.00000,0.12000
,,, 0.00096680003,3.92000,0.12000
,,, 0.00096700003,4.00000,0.12000
,,, 0.00096720003,4.00000,0.08000
,,, 0.00096740003,3.92000,0.12000
,,, 0.00096760003,3.92000,0.12000
,,, 0.00096780004,4.00000,0.12000
,,, 0.00096800004,4.00000,0.12000
,,, 0.00096820004,3.92000,0.08000
,,, 0.00096840004,3.92000,0.12000
,,, 0.00096859998,3.92000,0.12000
,,, 0.00096879998,4.00000,0.08000
,,, 0.00096899999,3.92000,0.12000
,,, 0.00096919999,3.92000,0.08000
,,, 0.00096939999,4.00000,0.08000
,,, 0.00096959999,3.92000,0.12000
,,, 0.00096979999,4.00000,0.12000
,,, 0.00096999999,4.00000,0.12000
,,, 0.00097020000,4.00000,0.08000
,,, 0.00097040000,3.92000,0.12000
,,, 0.00097060000,4.00000,0.12000
,,, 0.00097080000,4.00000,0.12000
,,, 0.00097100000,4.00000,0.08000
,,, 0.00097120000,3.92000,0.12000
,,, 0.00097140000,3.92000,0.08000
,,, 0.00097160001,4.00000,0.08000
,,, 0.00097180001,3.92000,0.12000
,,, 0.00097200001,3.92000,0.12000
,,, 0.00097220001,3.92000,0.08000
,,, 0.00097240001,4.00000,0.08000
,,, 0.00097260001,4.00000,0.12000
,,, 0.00097280002,4.00000,0.08000
,,, 0.00097300002,3.92000,0.08000
,,, 0.00097320002,4.00000,0.08000
,,, 0.00097340002,4.00000,0.12000
,,, 0.00097360002,4.00000,0.04000
,,, 0.00097380002,4.00000,0.12000
,,, 0.00097400002,3.92000,0.08000
,,, 0.00097420003,4.00000,0.08000
,,, 0.00097440003,4.00000,0.12000
,,, 0.00097460003,3.92000,0.12000
,,, 0.00097480003,3.92000,0.08000
,,, 0.00097500003,3.92000,0.12000
,,, 0.00097520003,4.00000,0.12000
,,, 0.00097540003,4.00000,0.12000
,,, 0.00097560004,4.00000,0.12000
,,, 0.00097580004,4.00000,0.12000
,,, 0.00097600004,4.00000,0.12000
,,, 0.00097619998,3.92000,0.12000
,,, 0.00097639998,3.92000,0.12000
,,, 0.00097659999,4.00000,0.08000
,,, 0.00097679999,4.00000,0.08000
,,, 0.00097699999,3.92000,0.08000
,,, 0.00097719999,4.00000,0.12000
,,, 0.00097739999,3.92000,0.04000
,,, 0.00097759999,4.00000,0.12000
,,, 0.00097779999,4.00000,0.08000
,,, 0.00097800000,3.92000,0.12000
,,, 0.00097820000,3.92000,0.12000
,,, 0.00097840000,4.00000,0.08000
,,, 0.00097860000,3.92000,0.08000
,,, 0.00097880000,4.00000,0.12000
,,, 0.00097900000,4.00000,0.04000
,,, 0.00097920001,4.00000,0.12000
,,, 0.00097940001,4.00000,0.12000
,,, 0.00097960001,4.00000,0.12000
,,, 0.00097980001,4.00000,0.12000
,,, 0.00098000001,4.00000,0.08000
,,, 0.00098020001,3.92000,0.12000
,,, 0.00098040001,4.00000,0.08000
,,, 0.00098060002,4.00000,0.08000
,,, 0.00098080002,4.00000,0.08000
,,, 0.00098100002,4.00000,0.12000
,,, 0.00098120002,4.00000,0.08000
,,, 0.00098140002,3.92000,0.12000
,,, 0.00098160002,4.00000,0.12000
,,, 0.00098180003,3.92000,0.08000
,,, 0.00098200003,4.00000,0.08000
,,, 0.00098220003,4.00000,0.08000
,,, 0.00098240003,3.92000,0.08000
,,, 0.00098260003,4.00000,0.08000
,,, 0.00098280003,3.92000,0.08000
,,, 0.00098300003,4.00000,0.04000
,,, 0.00098320004,3.92000,0.08000
,,, 0.00098340004,4.00000,0.08000
,,, 0.00098360004,4.00000,0.08000
,,, 0.00098380004,4.00000,0.12000
,,, 0.00098400004,4.00000,0.12000
,,, 0.00098420004,4.00000,0.12000
,,, 0.00098440005,3.92000,0.08000
,,, 0.00098460005,4.00000,0.12000
,,, 0.00098480005,4.00000,0.12000
,,, 0.00098500005,3.92000,0.12000
,,, 0.00098520005,4.00000,0.12000
,,, 0.00098540005,3.92000,0.12000
,,, 0.00098560005,3.92000,0.08000
,,, 0.00098580006,4.00000,0.12000
,,, 0.00098600006,3.92000,0.08000
,,, 0.00098620006,4.00000,0.08000
,,, 0.00098640006,3.92000,0.08000
,,, 0.00098660006,4.00000,0.08000
,,, 0.00098680006,4.00000,0.08000
,,, 0.00098700006,4.00000,0.08000
,,, 0.00098720007,4.00000,0.08000
,,, 0.00098740007,4.00000,0.08000
,,, 0.00098760007,3.92000,0.12000
,,, 0.00098779995,4.00000,0.08000
,,, 0.00098799996,4.00000,0.12000
,,, 0.00098819996,4.00000,0.08000
,,, 0.00098839996,4.00000,0.12000
,,, 0.00098859996,4.00000,0.12000
,,, 0.00098879996,4.00000,0.12000
,,, 0.00098899996,4.00000,0.08000
,,, 0.00098919997,4.00000,0.08000
,,, 0.00098939997,4.00000,0.08000
,,, 0.00098959997,3.92000,0.12000
,,, 0.00098979997,4.00000,0.12000
,,, 0.00098999997,4.00000,0.12000
,,, 0.00099019997,4.00000,0.12000
,,, 0.00099039997,4.00000,0.08000
,,, 0.00099059998,4.00000,0.12000
,,, 0.00099079998,4.00000,0.12000
,,, 0.00099099998,3.92000,0.12000
,,, 0.00099119998,4.00000,0.08000
,,, 0.00099139998,4.00000,0.12000
,,, 0.00099159998,3.92000,0.08000
,,, 0.00099179999,4.00000,0.12000
,,, 0.00099199999,3.92000,0.12000
,,, 0.00099219999,4.00000,0.08000
,,, 0.00099239999,4.00000,0.08000
,,, 0.00099259999,4.00000,0.08000
,,, 0.00099279999,3.92000,0.08000
,,, 0.00099299999,4.00000,0.08000
,,, 0.00099320000,3.92000,0.08000
,,, 0.00099340000,4.00000,0.12000
,,, 0.00099360000,3.92000,0.12000
,,, 0.00099380000,3.92000,0.08000
,,, 0.00099400000,4.00000,0.08000
,,, 0.00099420000,4.00000,0.12000
,,, 0.00099440000,4.00000,0.08000
,,, 0.00099460001,4.00000,0.12000
,,, 0.00099480001,3.92000,0.12000
,,, 0.00099500001,3.92000,0.12000
,,, 0.00099520001,3.92000,0.12000
,,, 0.00099540001,3.92000,0.08000
,,, 0.00099560001,4.00000,0.12000
,,, 0.00099580002,4.00000,0.12000
,,, 0.00099600002,4.00000,0.04000
,,, 0.00099620002,4.00000,0.08000
,,, 0.00099640002,4.00000,0.08000
,,, 0.00099660002,4.00000,0.12000
,,, 0.00099680002,4.00000,0.12000
,,, 0.00099700002,4.00000,0.08000
,,, 0.00099720003,4.00000,0.08000
,,, 0.00099740003,4.00000,0.08000
,,, 0.00099760003,4.00000,0.08000
,,, 0.00099780003,3.92000,0.12000
,,, 0.00099800003,3.92000,0.08000
,,, 0.00099820003,4.00000,0.08000
,,, 0.00099840004,3.92000,0.12000
,,, 0.00099860004,3.92000,0.08000
,,, 0.00099880004,3.92000,0.04000
,,, 0.00099900004,3.92000,0.08000
,,, 0.00099920004,4.00000,0.12000
,,, 0.00099940004,4.00000,0.08000
,,, 0.00099960004,4.00000,0.08000
,,, 0.00099980005,4.00000,0.08000
,,, 0.00100000005,3.92000,0.12000
,,, 0.00100020005,4.00000,0.08000
,,, 0.00100040005,4.00000,0.12000
,,, 0.00100060005,3.92000,0.12000
,,, 0.00100080005,3.92000,0.12000
,,, 0.00100100006,3.92000,0.12000
,,, 0.00100120006,4.00000,0.12000
,,, 0.00100140006,3.92000,0.12000
,,, 0.00100160006,0.00,5.08000
,,, 0.00100180006,0.08000,5.08000
,,, 0.00100200006,0.16000,5.12000
,,, 0.00100220006,0.08000,5.08000
,,, 0.00100240007,0.08000,5.08000
,,, 0.00100260007,0.16000,5.12000
,,, 0.00100280007,0.16000,5.16000
,,, 0.00100299995,0.16000,5.08000
,,, 0.00100319996,0.16000,5.08000
,,, 0.00100339996,0.16000,5.08000
,,, 0.00100359996,0.16000,5.08000
,,, 0.00100379996,0.16000,5.04000
,,, 0.00100399996,0.16000,5.08000
,,, 0.00100419996,0.16000,5.08000
,,, 0.00100439996,0.16000,5.08000
,,, 0.00100459997,0.16000,5.08000
,,, 0.00100479997,0.16000,5.08000
,,, 0.00100499997,0.16000,5.08000
,,, 0.00100519997,0.16000,5.08000
,,, 0.00100539997,0.16000,5.08000
,,, 0.00100559997,0.16000,5.08000
,,, 0.00100579998,0.16000,5.04000
,,, 0.00100599998,0.16000,5.04000
,,, 0.00100619998,0.16000,5.04000
,,, 0.00100639998,0.16000,5.04000
,,, 0.00100659998,0.24000,5.04000
,,, 0.00100679998,0.16000,5.04000
,,, 0.00100699998,0.24000,5.04000
,,, 0.00100719999,0.16000,5.04000
,,, 0.00100739999,0.24000,5.04000
,,, 0.00100759999,0.24000,5.04000
,,, 0.00100779999,0.16000,5.08000
,,, 0.00100799999,0.16000,5.04000
,,, 0.00100819999,0.16000,5.04000
,,, 0.00100840000,0.16000,5.08000
,,, 0.00100860000,0.16000,5.04000
,,, 0.00100880000,0.16000,5.04000
,,, 0.00100900000,0.24000,5.04000
,,, 0.00100920000,0.24000,5.04000
,,, 0.00100940000,0.16000,5.04000
,,, 0.00100960000,0.24000,5.04000
,,, 0.00100980001,0.16000,5.04000
,,, 0.00101000001,0.24000,5.08000
,,, 0.00101020001,0.24000,5.08000
,,, 0.00101040001,0.24000,5.08000
,,, 0.00101060001,0.24000,5.04000
,,, 0.00101080001,0.24000,5.04000
,,, 0.00101100001,0.24000,5.04000
,,, 0.00101120002,0.24000,5.08000
,,, 0.00101140002,0.16000,5.08000
,,, 0.00101160002,0.16000,5.04000
,,, 0.00101180002,0.16000,5.08000
,,, 0.00101200002,0.16000,5.04000
,,, 0.00101220002,0.16000,5.08000
,,, 0.00101240003,0.16000,5.00000
,,, 0.00101260003,0.16000,5.08000
,,, 0.00101280003,0.16000,5.04000
,,, 0.00101300003,0.16000,5.04000
,,, 0.00101320003,0.16000,5.04000
,,, 0.00101340003,0.24000,5.04000
,,, 0.00101360003,0.24000,5.04000
,,, 0.00101380004,0.16000,5.04000
,,, 0.00101400004,0.24000,5.04000
,,, 0.00101420004,0.16000,5.08000
,,, 0.00101440004,0.16000,5.04000
,,, 0.00101460004,0.16000,5.08000
,,, 0.00101480004,0.16000,5.08000
,,, 0.00101500005,0.16000,5.04000
,,, 0.00101520005,0.16000,5.04000
,,, 0.00101540005,0.16000,5.04000
,,, 0.00101560005,0.24000,5.04000
,,, 0.00101580005,0.16000,5.04000
,,, 0.00101600005,0.16000,5.04000
,,, 0.00101620005,0.24000,5.04000
,,, 0.00101640006,0.16000,5.08000
,,, 0.00101660006,0.16000,5.04000
,,, 0.00101680006,0.16000,5.04000
,,, 0.00101700006,0.16000,5.08000
,,, 0.00101720006,0.16000,5.04000
,,, 0.00101740006,0.24000,5.04000
,,, 0.00101760007,0.24000,5.08000
,,, 0.00101780007,0.16000,5.04000
,,, 0.00101800007,0.16000,5.04000
,,, 0.00101820007,0.24000,5.08000
,,, 0.00101839995,0.24000,5.08000
,,, 0.00101859996,0.24000,5.04000
,,, 0.00101879996,0.16000,5.04000
,,, 0.00101899996,0.16000,5.04000
,,, 0.00101919996,0.16000,5.04000
,,, 0.00101939996,0.24000,5.04000
,,, 0.00101959996,0.24000,5.00000
,,, 0.00101979997,0.24000,5.04000
,,, 0.00101999997,0.16000,5.04000
,,, 0.00102019997,0.24000,5.04000
,,, 0.00102039997,0.16000,5.04000
,,, 0.00102059997,0.16000,5.04000
,,, 0.00102079997,0.24000,5.04000
,,, 0.00102099997,0.16000,5.08000
,,, 0.00102119998,0.16000,5.08000
,,, 0.00102139998,0.16000,5.04000
,,, 0.00102159998,0.16000,5.04000
,,, 0.00102179998,0.16000,5.08000
,,, 0.00102199998,0.16000,5.04000
,,, 0.00102219998,0.16000,5.04000
,,, 0.00102239999,0.16000,5.04000
,,, 0.00102259999,0.16000,5.04000
,,, 0.00102279999,0.16000,5.04000
,,, 0.00102299999,0.16000,5.04000
,,, 0.00102319999,0.16000,5.04000
,,, 0.00102339999,0.24000,5.04000
,,, 0.00102359999,0.16000,5.04000
,,, 0.00102380000,0.24000,5.08000
,,, 0.00102400000,0.24000,5.04000
,,, 0.00102420000,0.24000,5.04000
,,, 0.00102440000,0.24000,5.04000
,,, 0.00102460000,0.16000,5.08000
,,, 0.00102480000,0.24000,5.04000
,,, 0.00102500001,0.16000,5.04000
,,, 0.00102520001,0.16000,5.04000
,,, 0.00102540001,0.16000,5.04000
,,, 0.00102560001,0.16000,5.04000
,,, 0.00102580001,0.24000,5.08000
,,, 0.00102600001,0.16000,5.04000
,,, 0.00102620001,0.24000,5.04000
,,, 0.00102640002,0.16000,5.08000
,,, 0.00102660002,0.16000,5.08000
,,, 0.00102680002,0.24000,5.04000
,,, 0.00102700002,0.24000,5.04000
,,, 0.00102720002,0.16000,5.04000
,,, 0.00102740002,0.16000,5.04000
,,, 0.00102760002,0.16000,5.04000
,,, 0.00102780003,0.16000,5.08000
,,, 0.00102800003,0.16000,5.08000
,,, 0.00102820003,0.24000,5.08000
,,, 0.00102840003,0.16000,5.04000
,,, 0.00102860003,0.16000,5.04000
,,, 0.00102880003,0.16000,5.04000
,,, 0.00102900004,0.16000,5.08000
,,, 0.00102920004,0.16000,5.08000
,,, 0.00102940004,0.16000,5.08000
,,, 0.00102960004,0.24000,5.04000
,,, 0.00102980004,0.16000,5.04000
,,, 0.00103000004,0.16000,5.04000
,,, 0.00103020004,0.24000,5.04000
,,, 0.00103040005,0.24000,5.04000
,,, 0.00103060005,0.16000,5.04000
,,, 0.00103080005,0.16000,5.04000
,,, 0.00103100005,0.16000,5.08000
,,, 0.00103120005,0.16000,5.08000
,,, 0.00103140005,0.16000,5.04000
,,, 0.00103160006,0.16000,5.04000
,,, 0.00103180006,0.24000,5.08000
,,, 0.00103200006,0.16000,5.08000
,,, 0.00103220006,0.16000,5.04000
,,, 0.00103240006,0.16000,5.04000
,,, 0.00103260006,0.24000,5.04000
,,, 0.00103280006,0.24000,5.04000
,,, 0.00103300007,0.24000,5.04000
,,, 0.00103320007,0.24000,5.04000
,,, 0.00103340007,0.16000,5.04000
,,, 0.00103359995,0.16000,5.04000
,,, 0.00103379996,0.16000,5.08000
,,, 0.00103399996,0.16000,5.04000
,,, 0.00103419996,0.16000,5.08000
,,, 0.00103439996,0.16000,5.08000
,,, 0.00103459996,0.16000,5.04000
,,, 0.00103479996,0.16000,5.04000
,,, 0.00103499996,0.16000,5.04000
,,, 0.00103519997,0.16000,5.08000
,,, 0.00103539997,0.24000,5.04000
,,, 0.00103559997,0.16000,5.04000
,,, 0.00103579997,0.24000,5.04000
,,, 0.00103599997,0.16000,5.04000
,,, 0.00103619997,0.16000,5.08000
,,, 0.00103639998,0.24000,5.04000
,,, 0.00103659998,0.16000,5.04000
,,, 0.00103679998,0.16000,5.04000
,,, 0.00103699998,0.24000,5.04000
,,, 0.00103719998,0.24000,5.04000
,,, 0.00103739998,0.16000,5.04000
,,, 0.00103759998,0.16000,5.08000
,,, 0.00103779999,0.24000,5.04000
,,, 0.00103799999,0.24000,5.04000
,,, 0.00103819999,0.16000,5.04000
,,, 0.00103839999,0.24000,5.04000
,,, 0.00103859999,0.16000,5.04000
,,, 0.00103879999,0.16000,5.04000
,,, 0.00103900000,0.16000,5.04000
,,, 0.00103920000,0.24000,5.04000
,,, 0.00103940000,0.16000,5.00000
,,, 0.00103960000,0.16000,5.00000
,,, 0.00103980000,0.24000,5.04000
,,, 0.00104000000,0.16000,5.04000
,,, 0.00104020000,0.24000,5.08000
,,, 0.00104040001,0.16000,5.04000
,,, 0.00104060001,0.24000,5.04000
,,, 0.00104080001,0.16000,5.04000
,,, 0.00104100001,0.16000,5.04000
,,, 0.00104120001,0.24000,5.08000
,,, 0.00104140001,0.16000,5.04000
,,, 0.00104160002,0.24000,5.08000
,,, 0.00104180002,0.24000,5.04000
,,, 0.00104200002,0.16000,5.04000
,,, 0.00104220002,0.16000,5.04000
,,, 0.00104240002,0.24000,5.04000
,,, 0.00104260002,0.24000,5.04000
,,, 0.00104280002,0.24000,5.04000
,,, 0.00104300003,0.16000,5.08000
,,, 0.00104320003,0.24000,5.04000
,,, 0.00104340003,0.24000,5.04000
,,, 0.00104360003,0.16000,5.04000
,,, 0.00104380003,0.24000,5.08000
,,, 0.00104400003,0.16000,5.04000
,,, 0.00104420003,0.16000,5.08000
,,, 0.00104440004,0.16000,5.04000
,,, 0.00104460004,0.16000,5.04000
,,, 0.00104480004,0.16000,5.04000
,,, 0.00104500004,0.24000,5.08000
,,, 0.00104520004,0.16000,5.04000
,,, 0.00104540004,0.16000,5.08000
,,, 0.00104560005,0.16000,5.04000
,,, 0.00104580005,0.16000,5.08000
,,, 0.00104600005,0.24000,5.04000
,,, 0.00104620005,0.24000,5.04000
,,, 0.00104640005,0.24000,5.04000
,,, 0.00104660005,0.16000,5.04000
,,, 0.00104680005,0.24000,5.04000
,,, 0.00104700006,0.16000,5.04000
,,, 0.00104720006,0.24000,5.04000
,,, 0.00104740006,0.24000,5.04000
,,, 0.00104760006,0.24000,5.08000
,,, 0.00104780006,0.24000,5.04000
,,, 0.00104800006,0.16000,5.04000
,,, 0.00104820007,0.24000,5.04000
,,, 0.00104840007,0.16000,5.04000
,,, 0.00104860007,0.16000,5.04000
,,, 0.00104880007,0.16000,5.08000
,,, 0.00104899995,0.24000,5.04000
,,, 0.00104919996,0.24000,5.04000
,,, 0.00104939996,0.24000,5.08000
,,, 0.00104959996,0.16000,5.04000
,,, 0.00104979996,0.24000,5.08000
,,, 0.00104999996,0.16000,5.08000
,,, 0.00105019996,0.24000,5.04000
,,, 0.00105039997,0.24000,5.04000
,,, 0.00105059997,0.16000,5.04000
,,, 0.00105079997,0.16000,5.08000
,,, 0.00105099997,0.24000,5.04000
,,, 0.00105119997,0.16000,5.08000
,,, 0.00105139997,0.16000,5.08000
,,, 0.00105159997,0.16000,5.04000
,,, 0.00105179998,0.16000,5.04000
,,, 0.00105199998,0.16000,5.04000
,,, 0.00105219998,0.16000,5.08000
,,, 0.00105239998,0.16000,5.04000
,,, 0.00105259998,0.16000,5.04000
,,, 0.00105279998,0.16000,5.08000
,,, 0.00105299999,0.16000,5.04000
,,, 0.00105319999,0.16000,5.04000
,,, 0.00105339999,0.24000,5.04000
,,, 0.00105359999,0.16000,5.00000
,,, 0.00105379999,0.24000,5.04000
,,, 0.00105399999,0.16000,5.08000
,,, 0.00105419999,0.16000,5.08000
,,, 0.00105440000,0.16000,5.08000
,,, 0.00105460000,0.24000,5.04000
,,, 0.00105480000,0.16000,5.08000
,,, 0.00105500000,0.16000,5.08000
,,, 0.00105520000,0.16000,5.08000
,,, 0.00105540000,0.24000,5.04000
,,, 0.00105560001,0.16000,5.08000
,,, 0.00105580001,0.16000,5.08000
,,, 0.00105600001,0.16000,5.04000
,,, 0.00105620001,0.16000,5.04000
,,, 0.00105640001,0.24000,5.04000
,,, 0.00105660001,0.24000,5.00000
,,, 0.00105680001,0.24000,5.08000
,,, 0.00105700002,0.16000,5.08000
,,, 0.00105720002,0.16000,5.04000
,,, 0.00105740002,0.16000,5.08000
,,, 0.00105760002,0.16000,5.08000
,,, 0.00105780002,0.16000,5.04000
,,, 0.00105800002,0.16000,5.08000
,,, 0.00105820002,0.16000,5.08000
,,, 0.00105840003,0.24000,5.08000
,,, 0.00105860003,0.16000,5.08000
,,, 0.00105880003,0.16000,5.04000
,,, 0.00105900003,0.16000,5.08000
,,, 0.00105920003,0.24000,5.04000
,,, 0.00105940003,0.24000,5.04000
,,, 0.00105960004,0.24000,5.04000
,,, 0.00105980004,0.16000,5.04000
,,, 0.00106000004,0.16000,5.04000
,,, 0.00106020004,0.24000,5.04000
,,, 0.00106040004,0.24000,5.04000
,,, 0.00106060004,0.24000,5.00000
,,, 0.00106080004,0.16000,5.08000
,,, 0.00106100005,0.16000,5.08000
,,, 0.00106120005,0.24000,5.04000
,,, 0.00106140005,0.24000,5.08000
,,, 0.00106160005,0.16000,5.04000
,,, 0.00106180005,0.16000,5.08000
,,, 0.00106200005,0.16000,5.08000
,,, 0.00106220006,0.16000,5.04000
,,, 0.00106240006,0.16000,5.04000
,,, 0.00106260006,0.16000,5.04000
,,, 0.00106280006,0.24000,5.04000
,,, 0.00106300006,0.24000,5.04000
,,, 0.00106320006,0.24000,5.04000
,,, 0.00106340006,0.24000,5.04000
,,, 0.00106360007,0.24000,5.04000
,,, 0.00106380007,0.24000,5.04000
,,, 0.00106400007,0.24000,5.04000
,,, 0.00106419995,0.24000,5.04000
,,, 0.00106439996,0.16000,5.04000
,,, 0.00106459996,0.16000,5.04000
,,, 0.00106479996,0.16000,5.08000
,,, 0.00106499996,0.24000,5.08000
,,, 0.00106519996,0.24000,5.08000
,,, 0.00106539996,0.16000,5.04000
,,, 0.00106559996,0.16000,5.04000
,,, 0.00106579997,0.16000,5.04000
,,, 0.00106599997,0.24000,5.04000
,,, 0.00106619997,0.24000,5.04000
,,, 0.00106639997,0.16000,5.08000
,,, 0.00106659997,0.24000,5.04000
,,, 0.00106679997,0.16000,5.04000
,,, 0.00106699998,0.16000,5.04000
,,, 0.00106719998,0.24000,5.04000
,,, 0.00106739998,0.24000,5.04000
,,, 0.00106759998,0.16000,5.04000
,,, 0.00106779998,0.16000,5.04000
,,, 0.00106799998,0.16000,5.04000
,,, 0.00106819998,0.16000,5.08000
,,, 0.00106839999,0.16000,5.04000
,,, 0.00106859999,0.24000,5.08000
,,, 0.00106879999,0.16000,5.04000
,,, 0.00106899999,0.16000,5.04000
,,, 0.00106919999,0.24000,5.04000
,,, 0.00106939999,0.24000,5.04000
,,, 0.00106960000,0.24000,5.04000
,,, 0.00106980000,0.16000,5.04000
,,, 0.00107000000,0.24000,5.08000
,,, 0.00107020000,0.24000,5.04000
,,, 0.00107040000,0.24000,5.04000
,,, 0.00107060000,0.16000,5.04000
,,, 0.00107080000,0.16000,5.04000
,,, 0.00107100001,0.16000,5.08000
,,, 0.00107120001,0.16000,5.04000
,,, 0.00107140001,0.16000,5.04000
,,, 0.00107160001,0.24000,5.04000
,,, 0.00107180001,0.16000,5.08000
,,, 0.00107200001,0.16000,5.04000
,,, 0.00107220002,0.24000,5.04000
,,, 0.00107240002,0.16000,5.04000
,,, 0.00107260002,0.16000,5.04000
,,, 0.00107280002,0.24000,5.04000
,,, 0.00107300002,0.24000,5.08000
,,, 0.00107320002,0.16000,5.04000
,,, 0.00107340002,0.16000,5.04000
,,, 0.00107360003,0.16000,5.04000
,,, 0.00107380003,0.24000,5.04000
,,, 0.00107400003,0.16000,5.04000
,,, 0.00107420003,0.16000,5.08000
,,, 0.00107440003,0.24000,5.04000
,,, 0.00107460003,0.16000,5.08000
,,, 0.00107480003,0.16000,5.04000
,,, 0.00107500004,0.16000,5.04000
,,, 0.00107520004,0.16000,5.04000
,,, 0.00107540004,0.16000,5.08000
,,, 0.00107560004,0.16000,5.04000
,,, 0.00107580004,0.16000,5.04000
,,, 0.00107600004,0.24000,5.04000
,,, 0.00107620005,0.24000,5.04000
,,, 0.00107640005,0.16000,5.04000
,,, 0.00107660005,0.24000,5.04000
,,, 0.00107680005,0.24000,5.08000
,,, 0.00107700005,0.24000,5.04000
,,, 0.00107720005,0.16000,5.08000
,,, 0.00107740005,0.24000,5.04000
,,, 0.00107760006,0.16000,5.04000
,,, 0.00107780006,0.24000,5.04000
,,, 0.00107800006,0.16000,5.04000
,,, 0.00107820006,0.24000,5.08000
,,, 0.00107840006,0.16000,5.08000
,,, 0.00107860006,0.16000,5.08000
,,, 0.00107880007,0.24000,5.04000
,,, 0.00107900007,0.24000,5.04000
,,, 0.00107920007,0.16000,5.04000
,,, 0.00107940007,0.24000,5.04000
,,, 0.00107959996,0.24000,5.04000
,,, 0.00107979996,0.16000,5.04000
,,, 0.00107999996,0.16000,5.04000
,,, 0.00108019996,0.24000,5.04000
,,, 0.00108039996,0.16000,5.04000
,,, 0.00108059996,0.16000,5.04000
,,, 0.00108079996,0.16000,5.04000
,,, 0.00108099997,0.16000,5.08000
,,, 0.00108119997,0.16000,5.08000
,,, 0.00108139997,0.24000,5.04000
,,, 0.00108159997,0.24000,5.08000
,,, 0.00108179997,0.16000,5.08000
,,, 0.00108199997,0.16000,5.04000
,,, 0.00108219997,0.16000,5.04000
,,, 0.00108239998,0.24000,5.08000
,,, 0.00108259998,0.24000,5.04000
,,, 0.00108279998,0.24000,5.04000
,,, 0.00108299998,0.16000,5.04000
,,, 0.00108319998,0.24000,5.08000
,,, 0.00108339998,0.24000,5.04000
,,, 0.00108359999,0.16000,5.04000
,,, 0.00108379999,0.24000,5.04000
,,, 0.00108399999,0.24000,5.08000
,,, 0.00108419999,0.16000,5.08000
,,, 0.00108439999,0.16000,5.08000
,,, 0.00108459999,0.16000,5.08000
,,, 0.00108479999,0.16000,5.04000
,,, 0.00108500000,0.16000,5.08000
,,, 0.00108520000,0.16000,5.08000
,,, 0.00108540000,0.16000,5.04000
,,, 0.00108560000,0.24000,5.04000
,,, 0.00108580000,0.24000,5.04000
,,, 0.00108600000,0.16000,5.08000
,,, 0.00108620001,0.24000,5.04000
,,, 0.00108640001,0.16000,5.08000
,,, 0.00108660001,0.16000,5.04000
,,, 0.00108680001,0.16000,5.04000
,,, 0.00108700001,0.16000,5.04000
,,, 0.00108720001,0.24000,5.08000
,,, 0.00108740001,0.24000,5.04000
,,, 0.00108760002,0.16000,5.08000
,,, 0.00108780002,0.16000,5.08000
,,, 0.00108800002,0.16000,5.04000
,,, 0.00108820002,0.24000,5.08000
,,, 0.00108840002,0.16000,5.08000
,,, 0.00108860002,0.16000,5.04000
,,, 0.00108880003,0.16000,5.04000
,,, 0.00108900003,0.16000,5.08000
,,, 0.00108920003,0.24000,5.04000
,,, 0.00108940003,0.24000,5.04000
,,, 0.00108960003,0.16000,5.04000
,,, 0.00108980003,0.16000,5.04000
,,, 0.00109000003,0.16000,5.04000
,,, 0.00109020004,0.24000,5.04000
,,, 0.00109040004,0.24000,5.04000
,,, 0.00109060004,0.16000,5.04000
,,, 0.00109080004,0.24000,5.08000
,,, 0.00109100004,0.24000,5.04000
,,, 0.00109120004,0.16000,5.08000
,,, 0.00109140004,0.16000,5.08000
,,, 0.00109160005,0.16000,5.08000
,,, 0.00109180005,0.16000,5.04000
,,, 0.00109200005,0.16000,5.04000
,,, 0.00109220005,0.24000,5.08000
,,, 0.00109240005,0.16000,5.04000
,,, 0.00109260005,0.16000,5.04000
,,, 0.00109280006,0.24000,5.04000
,,, 0.00109300006,0.24000,5.04000
,,, 0.00109320006,0.24000,5.04000
,,, 0.00109340006,0.16000,5.04000
,,, 0.00109360006,0.24000,5.00000
,,, 0.00109380006,0.24000,5.04000
,,, 0.00109400006,0.24000,5.04000
,,, 0.00109420007,0.24000,5.04000
,,, 0.00109440007,0.24000,5.08000
,,, 0.00109460007,0.24000,5.04000
,,, 0.00109480007,0.16000,5.04000
,,, 0.00109499996,0.16000,5.08000
,,, 0.00109519996,0.24000,5.08000
,,, 0.00109539996,0.16000,5.04000
,,, 0.00109559996,0.16000,5.04000
,,, 0.00109579996,0.24000,5.04000
,,, 0.00109599996,0.24000,5.04000
,,, 0.00109619997,0.16000,5.08000
,,, 0.00109639997,0.24000,5.08000
,,, 0.00109659997,0.24000,5.04000
,,, 0.00109679997,0.16000,5.04000
,,, 0.00109699997,0.24000,5.04000
,,, 0.00109719997,0.24000,5.04000
,,, 0.00109739997,0.24000,5.04000
,,, 0.00109759998,0.16000,5.08000
,,, 0.00109779998,0.16000,5.04000
,,, 0.00109799998,0.16000,5.08000
,,, 0.00109819998,0.24000,5.04000
,,, 0.00109839998,0.16000,5.00000
,,, 0.00109859998,0.16000,5.04000
,,, 0.00109879998,0.16000,5.08000
,,, 0.00109899999,0.16000,5.04000
,,, 0.00109919999,0.24000,5.04000
,,, 0.00109939999,0.16000,5.08000
,,, 0.00109959999,0.24000,5.04000
,,, 0.00109979999,0.24000,5.04000
,,, 0.00109999999,0.16000,5.08000
,,, 0.00110020000,0.24000,5.08000
,,, 0.00110040000,0.16000,5.04000
,,, 0.00110060000,0.24000,5.04000
,,, 0.00110080000,0.24000,5.08000
,,, 0.00110100000,0.24000,5.04000
,,, 0.00110120000,0.16000,5.08000
,,, 0.00110140000,0.24000,5.04000
,,, 0.00110160001,0.16000,5.04000
,,, 0.00110180001,0.24000,5.04000
,,, 0.00110200001,0.16000,5.04000
,,, 0.00110220001,0.16000,5.08000
,,, 0.00110240001,0.24000,5.04000
,,, 0.00110260001,0.16000,5.04000
,,, 0.00110280002,0.24000,5.08000
,,, 0.00110300002,0.24000,5.04000
,,, 0.00110320002,0.16000,5.04000
,,, 0.00110340002,0.24000,5.04000
,,, 0.00110360002,0.24000,5.08000
,,, 0.00110380002,0.16000,5.04000
,,, 0.00110400002,0.24000,5.08000
,,, 0.00110420003,0.16000,5.04000
,,, 0.00110440003,0.16000,5.04000
,,, 0.00110460003,0.16000,5.08000
,,, 0.00110480003,0.16000,5.08000
,,, 0.00110500003,0.16000,5.04000
,,, 0.00110520003,0.16000,5.04000
,,, 0.00110540004,0.24000,5.04000
,,, 0.00110560004,0.24000,5.04000
,,, 0.00110580004,0.24000,5.04000
,,, 0.00110600004,0.24000,5.08000
,,, 0.00110620004,0.16000,5.04000
,,, 0.00110640004,0.24000,5.04000
,,, 0.00110660004,0.24000,5.04000
,,, 0.00110680005,0.24000,5.04000
,,, 0.00110700005,0.24000,5.08000
,,, 0.00110720005,0.16000,5.04000
,,, 0.00110740005,0.24000,5.04000
,,, 0.00110760005,0.16000,5.04000
,,, 0.00110780005,0.24000,5.04000
,,, 0.00110800005,0.16000,5.08000
,,, 0.00110820006,0.24000,5.04000
,,, 0.00110840006,0.24000,5.04000
,,, 0.00110860006,0.16000,5.04000
,,, 0.00110880006,0.16000,5.04000
,,, 0.00110900006,0.24000,5.04000
,,, 0.00110920006,0.24000,5.04000
,,, 0.00110940007,0.16000,5.04000
,,, 0.00110960007,0.24000,5.04000
,,, 0.00110980007,0.24000,5.08000
,,, 0.00111000007,0.16000,5.00000
,,, 0.00111019996,0.24000,5.04000
,,, 0.00111039996,0.24000,5.08000
,,, 0.00111059996,0.16000,5.08000
,,, 0.00111079996,0.16000,5.08000
,,, 0.00111099996,0.16000,5.04000
,,, 0.00111119996,0.16000,5.08000
,,, 0.00111139996,0.16000,5.08000
,,, 0.00111159997,0.24000,5.08000
,,, 0.00111179997,0.16000,5.08000
,,, 0.00111199997,0.16000,5.04000
,,, 0.00111219997,0.16000,5.04000
,,, 0.00111239997,0.24000,5.04000
,,, 0.00111259997,0.24000,5.08000
,,, 0.00111279998,0.24000,5.04000
,,, 0.00111299998,0.16000,5.04000
,,, 0.00111319998,0.24000,5.04000
,,, 0.00111339998,0.24000,5.04000
,,, 0.00111359998,0.16000,5.04000
,,, 0.00111379998,0.16000,5.08000
,,, 0.00111399998,0.16000,5.08000
,,, 0.00111419999,0.16000,5.04000
,,, 0.00111439999,0.16000,5.08000
,,, 0.00111459999,0.24000,5.04000
,,, 0.00111479999,0.24000,5.04000
,,, 0.00111499999,0.16000,5.04000
,,, 0.00111519999,0.16000,5.08000
,,, 0.00111539999,0.16000,5.04000
,,, 0.00111560000,0.24000,5.04000
,,, 0.00111580000,0.16000,5.04000
,,, 0.00111600000,0.16000,5.04000
,,, 0.00111620000,0.24000,5.04000
,,, 0.00111640000,0.16000,5.04000
,,, 0.00111660000,0.24000,5.04000
,,, 0.00111680001,0.24000,5.04000
,,, 0.00111700001,0.24000,5.04000
,,, 0.00111720001,0.16000,5.04000
,,, 0.00111740001,0.16000,5.08000
,,, 0.00111760001,0.24000,5.08000
,,, 0.00111780001,0.16000,5.04000
,,, 0.00111800001,0.16000,5.08000
,,, 0.00111820002,0.16000,5.04000
,,, 0.00111840002,0.24000,5.04000
,,, 0.00111860002,0.16000,5.08000
,,, 0.00111880002,0.16000,5.04000
,,, 0.00111900002,0.16000,5.04000
,,, 0.00111920002,0.16000,5.08000
,,, 0.00111940003,0.16000,5.04000
,,, 0.00111960003,0.16000,5.04000
,,, 0.00111980003,0.24000,5.04000
,,, 0.00112000003,0.24000,5.04000
,,, 0.00112020003,0.16000,5.04000
,,, 0.00112040003,0.16000,5.04000
,,, 0.00112060003,0.24000,5.04000
,,, 0.00112080004,0.16000,5.08000
,,, 0.00112100004,0.24000,5.04000
,,, 0.00112120004,0.24000,5.04000
,,, 0.00112140004,0.16000,5.04000
,,, 0.00112160004,0.24000,5.08000
,,, 0.00112180004,0.16000,5.04000
,,, 0.00112200005,0.24000,5.04000
,,, 0.00112220005,0.24000,5.04000
,,, 0.00112240005,0.24000,5.04000
,,, 0.00112260005,0.24000,5.04000
,,, 0.00112280005,0.24000,5.04000
,,, 0.00112300005,0.24000,5.04000
,,, 0.00112320005,0.24000,5.04000
,,, 0.00112340006,0.16000,5.04000
,,, 0.00112360006,0.16000,5.04000
,,, 0.00112380006,0.24000,5.08000
,,, 0.00112400006,0.16000,5.04000
,,, 0.00112420006,0.24000,5.04000
,,, 0.00112440006,0.16000,5.08000
,,, 0.00112460006,0.24000,5.08000
,,, 0.00112480007,0.16000,5.04000
,,, 0.00112500007,0.16000,5.04000
,,, 0.00112520007,0.24000,5.04000
,,, 0.00112540007,0.16000,5.04000
,,, 0.00112559996,0.16000,5.04000
,,, 0.00112579996,0.24000,5.08000
,,, 0.00112599996,0.24000,5.04000
,,, 0.00112619996,0.24000,5.04000
,,, 0.00112639996,0.16000,5.08000
,,, 0.00112659996,0.24000,5.08000
,,, 0.00112679997,0.24000,5.08000
,,, 0.00112699997,0.24000,5.04000
,,, 0.00112719997,0.16000,5.04000
,,, 0.00112739997,0.24000,5.08000
,,, 0.00112759997,0.24000,5.08000
,,, 0.00112779997,0.16000,5.04000
,,, 0.00112799997,0.16000,5.08000
,,, 0.00112819998,0.24000,5.04000
,,, 0.00112839998,0.16000,5.04000
,,, 0.00112859998,0.24000,5.04000
,,, 0.00112879998,0.16000,5.04000
,,, 0.00112899998,0.24000,5.04000
,,, 0.00112919998,0.16000,5.04000
,,, 0.00112939999,0.24000,5.08000
,,, 0.00112959999,0.24000,5.08000
,,, 0.00112979999,0.24000,5.04000
,,, 0.00112999999,0.24000,5.08000
,,, 0.00113019999,0.16000,5.04000
,,, 0.00113039999,0.16000,5.04000
,,, 0.00113059999,0.16000,5.04000
,,, 0.00113080000,0.16000,5.04000
,,, 0.00113100000,0.24000,5.04000
,,, 0.00113120000,0.16000,5.04000
,,, 0.00113140000,0.16000,5.04000
,,, 0.00113160000,0.16000,5.04000
,,, 0.00113180000,0.16000,5.04000
,,, 0.00113200000,0.24000,5.08000
,,, 0.00113220001,0.24000,5.04000
,,, 0.00113240001,0.16000,5.04000
,,, 0.00113260001,0.16000,5.08000
,,, 0.00113280001,0.16000,5.04000
,,, 0.00113300001,0.24000,5.04000
,,, 0.00113320001,0.24000,5.04000
,,, 0.00113340002,0.24000,5.04000
,,, 0.00113360002,0.16000,5.04000
,,, 0.00113380002,0.24000,5.04000
,,, 0.00113400002,0.16000,5.04000
,,, 0.00113420002,0.16000,5.08000
,,, 0.00113440002,0.16000,5.00000
,,, 0.00113460002,0.16000,5.04000
,,, 0.00113480003,0.16000,5.08000
,,, 0.00113500003,0.24000,5.08000
,,, 0.00113520003,0.24000,5.04000
,,, 0.00113540003,0.16000,5.04000
,,, 0.00113560003,0.24000,5.04000
,,, 0.00113580003,0.16000,5.04000
,,, 0.00113600004,0.24000,5.04000
,,, 0.00113620004,0.24000,5.04000
,,, 0.00113640004,0.16000,5.04000
,,, 0.00113660004,0.16000,5.08000
,,, 0.00113680004,0.24000,5.08000
,,, 0.00113700004,0.24000,5.04000
,,, 0.00113720004,0.24000,5.04000
,,, 0.00113740005,0.24000,5.08000
,,, 0.00113760005,0.16000,5.04000
,,, 0.00113780005,0.16000,5.04000
,,, 0.00113800005,0.16000,5.04000
,,, 0.00113820005,0.16000,5.04000
,,, 0.00113840005,0.16000,5.04000
,,, 0.00113860006,0.16000,5.04000
,,, 0.00113880006,0.16000,5.08000
,,, 0.00113900006,0.16000,5.08000
,,, 0.00113920006,0.16000,5.08000
,,, 0.00113940006,0.24000,5.04000
,,, 0.00113960006,0.16000,5.04000
,,, 0.00113980006,0.24000,5.04000
,,, 0.00114000007,0.16000,5.04000
,,, 0.00114020007,0.24000,5.08000
,,, 0.00114040007,0.24000,5.04000
,,, 0.00114060007,0.16000,5.08000
,,, 0.00114079996,0.16000,5.04000
,,, 0.00114099996,0.24000,5.04000
,,, 0.00114119996,0.24000,5.04000
,,, 0.00114139996,0.16000,5.04000
,,, 0.00114159996,0.16000,5.08000
,,, 0.00114179996,0.16000,5.04000
,,, 0.00114199996,0.16000,5.04000
,,, 0.00114219997,0.16000,5.08000
,,, 0.00114239997,0.16000,5.04000
,,, 0.00114259997,0.16000,5.04000
,,, 0.00114279997,0.24000,5.04000
,,, 0.00114299997,0.24000,5.04000
,,, 0.00114319997,0.16000,5.04000
,,, 0.00114339998,0.24000,5.04000
,,, 0.00114359998,0.24000,5.04000
,,, 0.00114379998,0.24000,5.04000
,,, 0.00114399998,0.24000,5.04000
,,, 0.00114419998,0.24000,5.04000
,,, 0.00114439998,0.24000,5.04000
,,, 0.00114459998,0.16000,5.04000
,,, 0.00114479999,0.16000,5.04000
,,, 0.00114499999,0.16000,5.04000
,,, 0.00114519999,0.16000,5.04000
,,, 0.00114539999,0.16000,5.04000
,,, 0.00114559999,0.16000,5.04000
,,, 0.00114579999,0.16000,5.04000
,,, 0.00114600000,0.16000,5.04000
,,, 0.00114620000,0.24000,5.04000
,,, 0.00114640000,0.16000,5.04000
,,, 0.00114660000,0.16000,5.04000
,,, 0.00114680000,0.16000,5.04000
,,, 0.00114700000,0.24000,5.08000
,,, 0.00114720000,0.24000,5.00000
,,, 0.00114740001,0.24000,5.04000
,,, 0.00114760001,0.24000,5.04000
,,, 0.00114780001,0.16000,5.00000
,,, 0.00114800001,0.16000,5.08000
,,, 0.00114820001,0.24000,5.08000
,,, 0.00114840001,0.16000,5.08000
,,, 0.00114860001,0.16000,5.04000
,,, 0.00114880002,0.16000,5.08000
,,, 0.00114900002,0.24000,5.00000
,,, 0.00114920002,0.16000,5.04000
,,, 0.00114940002,0.24000,5.04000
,,, 0.00114960002,0.16000,5.08000
,,, 0.00114980002,0.16000,5.04000
,,, 0.00115000003,0.24000,5.04000
,,, 0.00115020003,0.24000,5.08000
,,, 0.00115040003,0.16000,5.08000
,,, 0.00115060003,0.24000,5.08000
,,, 0.00115080003,0.24000,5.04000
,,, 0.00115100003,0.24000,5.04000
,,, 0.00115120003,0.16000,5.08000
,,, 0.00115140004,0.16000,5.08000
,,, 0.00115160004,0.24000,5.04000
,,, 0.00115180004,0.24000,5.04000
,,, 0.00115200004,0.16000,5.04000
,,, 0.00115220004,0.24000,5.04000
,,, 0.00115240004,0.16000,5.04000
,,, 0.00115260005,0.16000,5.04000
,,, 0.00115280005,0.24000,5.04000
,,, 0.00115300005,0.16000,5.04000
,,, 0.00115320005,0.16000,5.04000
,,, 0.00115340005,0.16000,5.00000
,,, 0.00115360005,0.24000,5.08000
,,, 0.00115380005,0.24000,5.04000
,,, 0.00115400006,0.24000,5.04000
,,, 0.00115420006,0.24000,5.08000
,,, 0.00115440006,0.16000,5.08000
,,, 0.00115460006,0.16000,5.08000
,,, 0.00115480006,0.16000,5.04000
,,, 0.00115500006,0.24000,5.04000
,,, 0.00115520007,0.16000,5.04000
,,, 0.00115540007,0.24000,5.04000
,,, 0.00115560007,0.24000,5.04000
,,, 0.00115580007,0.16000,5.08000
,,, 0.00115600007,0.16000,5.04000
,,, 0.00115619996,0.24000,5.04000
,,, 0.00115639996,0.24000,5.04000
,,, 0.00115659996,0.24000,5.00000
,,, 0.00115679996,0.16000,5.04000
,,, 0.00115699996,0.24000,5.04000
,,, 0.00115719996,0.24000,5.04000
,,, 0.00115739997,0.16000,5.04000
,,, 0.00115759997,0.16000,5.04000
,,, 0.00115779997,0.16000,5.04000
,,, 0.00115799997,0.16000,5.04000
,,, 0.00115819997,0.16000,5.04000
,,, 0.00115839997,0.16000,5.04000
,,, 0.00115859997,0.16000,5.08000
,,, 0.00115879998,0.16000,5.04000
,,, 0.00115899998,0.16000,5.08000
,,, 0.00115919998,0.24000,5.08000
,,, 0.00115939998,0.24000,5.04000
,,, 0.00115959998,0.16000,5.04000
,,, 0.00115979998,0.24000,5.04000
,,, 0.00115999999,0.24000,5.04000
,,, 0.00116019999,0.24000,5.04000
,,, 0.00116039999,0.24000,5.04000
,,, 0.00116059999,0.16000,5.04000
,,, 0.00116079999,0.24000,5.08000
,,, 0.00116099999,0.16000,5.04000
,,, 0.00116119999,0.16000,5.04000
,,, 0.00116140000,0.16000,5.08000
,,, 0.00116160000,0.16000,5.08000
,,, 0.00116180000,0.16000,5.08000
,,, 0.00116200000,0.24000,5.04000
,,, 0.00116220000,0.16000,5.08000
,,, 0.00116240000,0.16000,5.04000
,,, 0.00116260001,0.16000,5.08000
,,, 0.00116280001,0.24000,5.08000
,,, 0.00116300001,0.16000,5.04000
,,, 0.00116320001,0.24000,5.04000
,,, 0.00116340001,0.24000,5.04000
,,, 0.00116360001,0.24000,5.04000
,,, 0.00116380001,0.24000,5.08000
,,, 0.00116400002,0.16000,5.04000
,,, 0.00116420002,0.16000,5.04000
,,, 0.00116440002,0.16000,5.04000
,,, 0.00116460002,0.16000,5.04000
,,, 0.00116480002,0.16000,5.08000
,,, 0.00116500002,0.16000,5.04000
,,, 0.00116520002,0.16000,5.04000
,,, 0.00116540003,0.16000,5.08000
,,, 0.00116560003,0.16000,5.04000
,,, 0.00116580003,0.16000,5.04000
,,, 0.00116600003,0.16000,5.04000
,,, 0.00116620003,0.24000,5.04000
,,, 0.00116640003,0.16000,5.04000
,,, 0.00116660004,0.24000,5.04000
,,, 0.00116680004,0.16000,5.04000
,,, 0.00116700004,0.24000,5.04000
,,, 0.00116720004,0.24000,5.08000
,,, 0.00116740004,0.16000,5.08000
,,, 0.00116760004,0.16000,5.04000
,,, 0.00116780004,0.16000,5.08000
,,, 0.00116800005,0.16000,5.04000
,,, 0.00116820005,0.16000,5.04000
,,, 0.00116840005,0.16000,5.08000
,,, 0.00116860005,0.16000,5.00000
,,, 0.00116880005,0.16000,5.00000
,,, 0.00116900005,0.16000,5.04000
,,, 0.00116920006,0.24000,5.04000
,,, 0.00116940006,0.24000,5.04000
,,, 0.00116960006,0.24000,5.04000
,,, 0.00116980006,0.24000,5.04000
,,, 0.00117000006,0.24000,5.04000
,,, 0.00117020006,0.16000,5.04000
,,, 0.00117040006,0.16000,5.04000
,,, 0.00117060007,0.16000,5.08000
,,, 0.00117080007,0.16000,5.04000
,,, 0.00117100007,0.16000,5.08000
,,, 0.00117120007,0.16000,5.04000
,,, 0.00117139996,0.24000,5.04000
,,, 0.00117159996,0.24000,5.08000
,,, 0.00117179996,0.16000,5.04000
,,, 0.00117199996,0.16000,5.04000
,,, 0.00117219996,0.16000,5.04000
,,, 0.00117239996,0.16000,5.08000
,,, 0.00117259996,0.16000,5.04000
,,, 0.00117279997,0.16000,5.08000
,,, 0.00117299997,0.16000,5.04000
,,, 0.00117319997,0.24000,5.04000
,,, 0.00117339997,0.24000,5.04000
,,, 0.00117359997,0.24000,5.08000
,,, 0.00117379997,0.16000,5.04000
,,, 0.00117399998,0.24000,5.04000
,,, 0.00117419998,0.24000,5.04000
,,, 0.00117439998,0.24000,5.04000
,,, 0.00117459998,0.24000,5.08000
,,, 0.00117479998,0.24000,5.04000
,,, 0.00117499998,0.16000,5.04000
,,, 0.00117519998,0.16000,5.04000
,,, 0.00117539999,0.16000,5.04000
,,, 0.00117559999,0.16000,5.08000
,,, 0.00117579999,0.16000,5.04000
,,, 0.00117599999,0.24000,5.04000
,,, 0.00117619999,0.24000,5.04000
,,, 0.00117639999,0.24000,5.04000
,,, 0.00117660000,0.16000,5.04000
,,, 0.00117680000,0.24000,5.04000
,,, 0.00117700000,0.24000,5.08000
,,, 0.00117720000,0.24000,5.04000
,,, 0.00117740000,0.24000,5.04000
,,, 0.00117760000,0.16000,5.08000
,,, 0.00117780000,0.24000,5.04000
,,, 0.00117800001,0.16000,5.04000
,,, 0.00117820001,0.16000,5.08000
,,, 0.00117840001,0.16000,5.08000
,,, 0.00117860001,0.24000,5.04000
,,, 0.00117880001,0.16000,5.04000
,,, 0.00117900001,0.16000,5.08000
,,, 0.00117920002,0.16000,5.04000
,,, 0.00117940002,0.24000,5.00000
,,, 0.00117960002,0.16000,5.00000
,,, 0.00117980002,0.16000,5.08000
,,, 0.00118000002,0.24000,5.04000
,,, 0.00118020002,0.16000,5.04000
,,, 0.00118040002,0.24000,5.04000
,,, 0.00118060003,0.16000,5.04000
,,, 0.00118080003,0.24000,5.04000
,,, 0.00118100003,0.16000,5.08000
,,, 0.00118120003,0.24000,5.04000
,,, 0.00118140003,0.16000,5.04000
,,, 0.00118160003,0.24000,5.08000
,,, 0.00118180003,0.24000,5.08000
,,, 0.00118200004,0.16000,5.04000
,,, 0.00118220004,0.24000,5.08000
,,, 0.00118240004,0.24000,5.04000
,,, 0.00118260004,0.16000,5.04000
,,, 0.00118280004,0.16000,5.04000
,,, 0.00118300004,0.24000,5.04000
,,, 0.00118320005,0.16000,5.04000
,,, 0.00118340005,0.24000,5.04000
,,, 0.00118360005,0.16000,5.00000
,,, 0.00118380005,0.16000,5.08000
,,, 0.00118400005,0.16000,5.04000
,,, 0.00118420005,0.16000,5.04000
,,, 0.00118440005,0.16000,5.04000
,,, 0.00118460006,0.16000,5.04000
,,, 0.00118480006,0.24000,5.00000
,,, 0.00118500006,0.16000,5.04000
,,, 0.00118520006,0.16000,5.00000
,,, 0.00118540006,0.16000,5.00000
,,, 0.00118560006,0.16000,5.04000
,,, 0.00118580007,0.24000,5.04000
,,, 0.00118600007,0.16000,5.04000
,,, 0.00118620007,0.24000,5.04000
,,, 0.00118640007,0.24000,5.04000
,,, 0.00118660007,0.24000,5.04000
,,, 0.00118679996,0.24000,5.04000
,,, 0.00118699996,0.16000,5.04000
,,, 0.00118719996,0.24000,5.04000
,,, 0.00118739996,0.24000,5.04000
,,, 0.00118759996,0.24000,5.04000
,,, 0.00118779996,0.16000,5.08000
,,, 0.00118799997,0.24000,5.04000
,,, 0.00118819997,0.16000,5.04000
,,, 0.00118839997,0.16000,5.04000
,,, 0.00118859997,0.24000,5.04000
,,, 0.00118879997,0.16000,5.08000
,,, 0.00118899997,0.16000,5.04000
,,, 0.00118919997,0.16000,5.08000
,,, 0.00118939998,0.16000,5.04000
,,, 0.00118959998,0.16000,5.04000
,,, 0.00118979998,0.24000,5.04000
,,, 0.00118999998,0.24000,5.04000
,,, 0.00119019998,0.16000,5.08000
,,, 0.00119039998,0.16000,5.04000
,,, 0.00119059999,0.24000,5.04000
,,, 0.00119079999,0.24000,5.08000
,,, 0.00119099999,0.16000,5.08000
,,, 0.00119119999,0.16000,5.04000
,,, 0.00119139999,0.24000,5.08000
,,, 0.00119159999,0.16000,5.04000
,,, 0.00119179999,0.16000,5.04000
,,, 0.00119200000,0.16000,5.04000
,,, 0.00119220000,0.16000,5.08000
,,, 0.00119240000,0.16000,5.04000
,,, 0.00119260000,0.16000,5.08000
,,, 0.00119280000,0.24000,5.04000
,,, 0.00119300000,0.24000,5.04000
,,, 0.00119320001,0.24000,5.04000
,,, 0.00119340001,0.24000,5.08000
,,, 0.00119360001,0.24000,5.04000
,,, 0.00119380001,0.16000,5.08000
,,, 0.00119400001,0.24000,5.04000
,,, 0.00119420001,0.24000,5.04000
,,, 0.00119440001,0.16000,5.04000
,,, 0.00119460002,0.24000,5.04000
,,, 0.00119480002,0.16000,5.04000
,,, 0.00119500002,0.16000,5.04000
,,, 0.00119520002,0.16000,5.04000
,,, 0.00119540002,0.24000,5.08000
,,, 0.00119560002,0.16000,5.04000
,,, 0.00119580003,0.16000,5.04000
,,, 0.00119600003,0.24000,5.04000
,,, 0.00119620003,0.24000,5.08000
,,, 0.00119640003,0.24000,5.08000
,,, 0.00119660003,0.24000,5.04000
,,, 0.00119680003,0.16000,5.08000
,,, 0.00119700003,0.24000,5.04000
,,, 0.00119720004,0.24000,5.04000
,,, 0.00119740004,0.24000,5.04000
,,, 0.00119760004,0.24000,5.04000
,,, 0.00119780004,0.16000,5.04000
,,, 0.00119800004,0.16000,5.04000
,,, 0.00119820004,0.16000,5.04000
,,, 0.00119840004,0.16000,5.04000
,,, 0.00119860005,0.24000,5.08000
,,, 0.00119880005,0.24000,5.04000
,,, 0.00119900005,0.16000,5.08000
,,, 0.00119920005,0.16000,5.04000
,,, 0.00119940005,0.16000,5.08000
,,, 0.00119960005,0.24000,5.04000
,,, 0.00119980006,0.16000,5.04000
,,, 0.00120000006,0.16000,5.04000
,,, 0.00120020006,0.24000,5.08000
,,, 0.00120040006,0.24000,5.04000
,,, 0.00120060006,0.24000,5.08000
,,, 0.00120080006,0.16000,5.08000
,,, 0.00120100006,0.16000,5.08000
,,, 0.00120120007,0.16000,5.08000
,,, 0.00120140007,0.24000,5.04000
,,, 0.00120160007,0.24000,5.08000
,,, 0.00120180007,0.24000,5.04000
,,, 0.00120200007,0.24000,5.04000
,,, 0.00120219996,0.16000,5.04000
,,, 0.00120239996,0.16000,5.04000
,,, 0.00120259996,0.16000,5.04000
,,, 0.00120279996,0.24000,5.04000
,,, 0.00120299996,0.16000,5.04000
,,, 0.00120319996,0.24000,5.08000
,,, 0.00120339997,0.16000,5.08000
,,, 0.00120359997,0.16000,5.08000
,,, 0.00120379997,0.16000,5.04000
,,, 0.00120399997,0.16000,5.04000
,,, 0.00120419997,0.16000,5.00000
,,, 0.00120439997,0.24000,5.04000
,,, 0.00120459998,0.16000,5.04000
,,, 0.00120479998,0.24000,5.08000
,,, 0.00120499998,0.16000,5.04000
,,, 0.00120519998,0.24000,5.04000
,,, 0.00120539998,0.16000,5.08000
,,, 0.00120559998,0.16000,5.04000
,,, 0.00120579998,0.24000,5.04000
,,, 0.00120599999,0.16000,5.04000
,,, 0.00120619999,0.24000,5.08000
,,, 0.00120639999,0.16000,5.04000
,,, 0.00120659999,0.16000,5.08000
,,, 0.00120679999,0.24000,5.08000
,,, 0.00120699999,0.24000,5.04000
,,, 0.00120720000,0.16000,5.04000
,,, 0.00120740000,0.24000,5.04000
,,, 0.00120760000,0.16000,5.04000
,,, 0.00120780000,0.16000,5.04000
,,, 0.00120800000,0.24000,5.08000
,,, 0.00120820000,0.16000,5.08000
,,, 0.00120840000,0.16000,5.04000
,,, 0.00120860001,0.24000,5.08000
,,, 0.00120880001,0.24000,5.04000
,,, 0.00120900001,0.16000,5.04000
,,, 0.00120920001,0.24000,5.08000
,,, 0.00120940001,0.16000,5.04000
,,, 0.00120960001,0.24000,5.04000
,,, 0.00120980002,0.24000,5.08000
,,, 0.00121000002,0.24000,5.04000
,,, 0.00121020002,0.24000,5.04000
,,, 0.00121040002,0.16000,5.04000
,,, 0.00121060002,0.24000,5.04000
,,, 0.00121080002,0.24000,5.04000
,,, 0.00121100002,0.24000,5.08000
,,, 0.00121120003,0.24000,5.04000
,,, 0.00121140003,0.24000,5.04000
,,, 0.00121160003,0.16000,5.08000
,,, 0.00121180003,0.16000,5.08000
,,, 0.00121200003,0.16000,5.04000
,,, 0.00121220003,0.16000,5.04000
,,, 0.00121240004,0.24000,5.04000
,,, 0.00121260004,0.16000,5.04000
,,, 0.00121280004,0.24000,5.08000
,,, 0.00121300004,0.16000,5.04000
,,, 0.00121320004,0.16000,5.04000
,,, 0.00121340004,0.24000,5.00000
,,, 0.00121360004,0.16000,5.04000
,,, 0.00121380005,0.24000,5.04000
,,, 0.00121400005,0.24000,5.00000
,,, 0.00121420005,0.16000,5.04000
,,, 0.00121440005,0.16000,5.04000
,,, 0.00121460005,0.16000,5.08000
,,, 0.00121480005,0.16000,5.08000
,,, 0.00121500005,0.16000,5.04000
,,, 0.00121520006,0.24000,5.08000
,,, 0.00121540006,0.16000,5.04000
,,, 0.00121560006,0.24000,5.04000
,,, 0.00121580006,0.24000,5.04000
,,, 0.00121600006,0.24000,5.04000
,,, 0.00121620006,0.16000,5.04000
,,, 0.00121640007,0.24000,5.04000
,,, 0.00121660007,0.24000,5.04000
,,, 0.00121680007,0.16000,5.08000
,,, 0.00121700007,0.24000,5.04000
,,, 0.00121720007,0.24000,5.04000
,,, 0.00121739996,0.24000,5.04000
,,, 0.00121759996,0.16000,5.04000
,,, 0.00121779996,0.16000,5.04000
,,, 0.00121799996,0.24000,5.04000
,,, 0.00121819996,0.16000,5.08000
,,, 0.00121839996,0.16000,5.08000
,,, 0.00121859997,0.24000,5.04000
,,, 0.00121879997,0.24000,5.04000
,,, 0.00121899997,0.16000,5.04000
,,, 0.00121919997,0.16000,5.04000
,,, 0.00121939997,0.16000,5.04000
,,, 0.00121959997,0.24000,5.04000
,,, 0.00121979997,0.16000,5.00000
,,, 0.00121999998,0.16000,5.04000
,,, 0.00122019998,0.24000,5.04000
,,, 0.00122039998,0.24000,5.08000
,,, 0.00122059998,0.24000,5.04000
,,, 0.00122079998,0.24000,5.08000
,,, 0.00122099998,0.16000,5.08000
,,, 0.00122119999,0.24000,5.04000
,,, 0.00122139999,0.24000,5.04000
,,, 0.00122159999,0.16000,5.04000
,,, 0.00122179999,0.16000,5.04000
,,, 0.00122199999,0.16000,5.08000
,,, 0.00122219999,0.16000,5.08000
,,, 0.00122239999,0.16000,5.04000
,,, 0.00122260000,0.24000,5.04000
,,, 0.00122280000,0.24000,5.08000
,,, 0.00122300000,0.16000,5.04000
,,, 0.00122320000,0.24000,5.04000
,,, 0.00122340000,0.24000,5.04000
,,, 0.00122360000,0.24000,5.08000
,,, 0.00122380001,0.16000,5.04000
,,, 0.00122400001,0.16000,5.04000
,,, 0.00122420001,0.16000,5.04000
,,, 0.00122440001,0.16000,5.08000
,,, 0.00122460001,0.24000,5.04000
,,, 0.00122480001,0.16000,5.04000
,,, 0.00122500001,0.16000,5.04000
,,, 0.00122520002,0.16000,5.04000
,,, 0.00122540002,0.16000,5.04000
,,, 0.00122560002,0.16000,5.08000
,,, 0.00122580002,0.16000,5.04000
,,, 0.00122600002,0.24000,5.04000
,,, 0.00122620002,0.24000,5.04000
,,, 0.00122640003,0.16000,5.04000
,,, 0.00122660003,0.16000,5.04000
,,, 0.00122680003,0.24000,5.04000
,,, 0.00122700003,0.16000,5.04000
,,, 0.00122720003,0.24000,5.04000
,,, 0.00122740003,0.24000,5.08000
,,, 0.00122760003,0.24000,5.08000
,,, 0.00122780004,0.16000,5.04000
,,, 0.00122800004,0.16000,5.08000
,,, 0.00122820004,0.16000,5.04000
,,, 0.00122840004,0.16000,5.08000
,,, 0.00122860004,0.16000,5.04000
,,, 0.00122880004,0.16000,5.04000
,,, 0.00122900004,0.16000,5.04000
,,, 0.00122920005,0.16000,5.04000
,,, 0.00122940005,0.24000,5.08000
,,, 0.00122960005,0.24000,5.04000
,,, 0.00122980005,0.24000,5.08000
,,, 0.00123000005,0.24000,5.04000
,,, 0.00123020005,0.16000,5.04000
,,, 0.00123040006,0.24000,5.04000
,,, 0.00123060006,0.16000,5.08000
,,, 0.00123080006,0.24000,5.04000
,,, 0.00123100006,0.16000,5.04000
,,, 0.00123120006,0.16000,5.04000
,,, 0.00123140006,0.16000,5.04000
,,, 0.00123160006,0.16000,5.04000
,,, 0.00123180007,0.16000,5.08000
,,, 0.00123200007,0.16000,5.04000
,,, 0.00123220007,0.16000,5.04000
,,, 0.00123240007,0.16000,5.04000
,,, 0.00123260007,0.24000,5.08000
,,, 0.00123279996,0.16000,5.04000
,,, 0.00123299996,0.24000,5.04000
,,, 0.00123319996,0.16000,5.04000
,,, 0.00123339996,0.24000,5.08000
,,, 0.00123359996,0.16000,5.04000
,,, 0.00123379997,0.16000,5.04000
,,, 0.00123399997,0.24000,5.08000
,,, 0.00123419997,0.24000,5.04000
,,, 0.00123439997,0.24000,5.04000
,,, 0.00123459997,0.16000,5.04000
,,, 0.00123479997,0.24000,5.04000
,,, 0.00123499997,0.16000,5.04000
,,, 0.00123519998,0.16000,5.08000
,,, 0.00123539998,0.16000,5.08000
,,, 0.00123559998,0.16000,5.04000
,,, 0.00123579998,0.16000,5.04000
,,, 0.00123599998,0.24000,5.04000
,,, 0.00123619998,0.16000,5.04000
,,, 0.00123639998,0.16000,5.04000
,,, 0.00123659999,0.24000,5.04000
,,, 0.00123679999,0.24000,5.08000
,,, 0.00123699999,0.16000,5.04000
,,, 0.00123719999,0.24000,5.04000
,,, 0.00123739999,0.16000,5.04000
,,, 0.00123759999,0.16000,5.04000
,,, 0.00123780000,0.16000,5.04000
,,, 0.00123800000,0.16000,5.04000
,,, 0.00123820000,0.24000,5.04000
,,, 0.00123840000,0.24000,5.08000
,,, 0.00123860000,0.16000,5.08000
,,, 0.00123880000,0.16000,5.04000
,,, 0.00123900000,0.16000,5.04000
,,, 0.00123920001,0.16000,5.04000
,,, 0.00123940001,0.24000,5.04000
,,, 0.00123960001,0.24000,5.04000
,,, 0.00123980001,0.24000,5.04000
,,, 0.00124000001,0.24000,5.04000
,,, 0.00124020001,0.24000,5.08000
,,, 0.00124040002,0.24000,5.04000
,,, 0.00124060002,0.24000,5.04000
,,, 0.00124080002,0.16000,5.08000
,,, 0.00124100002,0.24000,5.04000
,,, 0.00124120002,0.16000,5.08000
,,, 0.00124140002,0.16000,5.08000
,,, 0.00124160002,0.16000,5.00000
,,, 0.00124180003,0.16000,5.08000
,,, 0.00124200003,0.24000,5.08000
,,, 0.00124220003,0.16000,5.04000
,,, 0.00124240003,0.16000,5.04000
,,, 0.00124260003,0.24000,5.04000
,,, 0.00124280003,0.16000,5.04000
,,, 0.00124300004,0.24000,5.04000
,,, 0.00124320004,0.24000,5.00000
,,, 0.00124340004,0.16000,5.00000
,,, 0.00124360004,0.16000,5.08000
,,, 0.00124380004,0.24000,5.04000
,,, 0.00124400004,0.16000,5.04000
,,, 0.00124420004,0.16000,5.08000
,,, 0.00124440005,0.16000,5.04000
,,, 0.00124460005,0.16000,5.08000
,,, 0.00124480005,0.24000,5.04000
,,, 0.00124500005,0.16000,5.08000
,,, 0.00124520005,0.16000,5.04000
,,, 0.00124540005,0.16000,5.08000
,,, 0.00124560005,0.24000,5.04000
,,, 0.00124580006,0.16000,5.04000
,,, 0.00124600006,0.16000,5.04000
,,, 0.00124620006,0.16000,5.04000
,,, 0.00124640006,0.16000,5.04000
,,, 0.00124660006,0.24000,5.00000
,,, 0.00124680006,0.24000,5.04000
,,, 0.00124700007,0.16000,5.04000
,,, 0.00124720007,0.16000,5.08000
,,, 0.00124740007,0.24000,5.04000
,,, 0.00124760007,0.24000,5.04000
,,, 0.00124780007,0.16000,5.04000
,,, 0.00124799996,0.24000,5.04000
,,, 0.00124819996,0.16000,5.04000
,,, 0.00124839996,0.16000,5.04000
,,, 0.00124859996,0.16000,5.04000
,,, 0.00124879996,0.24000,5.04000
,,, 0.00124899996,0.08000,5.04000
,,, 0.00124919997,0.24000,5.04000
,,, 0.00124939997,0.16000,5.04000
,,, 0.00124959997,0.16000,5.00000
,,, 0.00124979997,0.16000,5.04000
,,, 0.00124999997,0.16000,5.04000
,,, 0.00125019997,0.24000,5.04000
,,, 0.00125039998,0.24000,5.04000
,,, 0.00125059998,0.16000,5.08000
,,, 0.00125079998,0.16000,5.08000
,,, 0.00125099998,0.24000,5.08000
,,, 0.00125119998,0.24000,5.04000
,,, 0.00125139998,0.16000,5.08000
,,, 0.00125159998,0.16000,5.08000
,,, 0.00125179999,0.16000,5.04000
,,, 0.00125199999,0.16000,5.04000
,,, 0.00125219999,0.16000,5.04000
,,, 0.00125239999,0.24000,5.04000
,,, 0.00125259999,0.24000,5.04000
,,, 0.00125279999,0.24000,5.08000
,,, 0.00125299999,0.24000,5.04000
,,, 0.00125320000,0.24000,5.00000
,,, 0.00125340000,0.16000,5.04000
,,, 0.00125360000,0.16000,5.08000
,,, 0.00125380000,0.16000,5.08000
,,, 0.00125400000,0.24000,5.04000
,,, 0.00125420000,0.16000,5.04000
,,, 0.00125440001,0.16000,5.04000
,,, 0.00125460001,0.16000,5.04000
,,, 0.00125480001,0.16000,5.08000
,,, 0.00125500001,0.16000,5.04000
,,, 0.00125520001,0.16000,5.04000
,,, 0.00125540001,0.16000,5.04000
,,, 0.00125560001,0.16000,5.04000
,,, 0.00125580002,0.24000,5.04000
,,, 0.00125600002,0.16000,5.08000
,,, 0.00125620002,0.16000,5.04000
,,, 0.00125640002,0.24000,5.08000
,,, 0.00125660002,0.24000,5.08000
,,, 0.00125680002,0.16000,5.04000
,,, 0.00125700003,0.16000,5.04000
,,, 0.00125720003,0.16000,5.08000
,,, 0.00125740003,0.24000,5.04000
,,, 0.00125760003,0.16000,5.04000
,,, 0.00125780003,0.16000,5.04000
,,, 0.00125800003,0.24000,5.04000
,,, 0.00125820003,0.16000,5.04000
,,, 0.00125840004,0.16000,5.04000
,,, 0.00125860004,0.16000,5.08000
,,, 0.00125880004,0.24000,5.04000
,,, 0.00125900004,0.16000,5.04000
,,, 0.00125920004,0.16000,5.04000
,,, 0.00125940004,0.24000,5.08000
,,, 0.00125960005,0.16000,5.04000
,,, 0.00125980005,0.24000,5.04000
,,, 0.00126000005,0.16000,5.04000
,,, 0.00126020005,0.24000,5.04000
,,, 0.00126040005,0.24000,5.04000
,,, 0.00126060005,0.24000,5.08000
,,, 0.00126080005,0.24000,5.04000
,,, 0.00126100006,0.24000,5.04000
,,, 0.00126120006,0.16000,5.08000
,,, 0.00126140006,0.24000,5.04000
,,, 0.00126160006,0.16000,5.04000
,,, 0.00126180006,0.16000,5.04000
,,, 0.00126200006,0.16000,5.04000
,,, 0.00126220006,0.16000,5.00000
,,, 0.00126240007,0.16000,5.08000
,,, 0.00126260007,0.24000,5.04000
,,, 0.00126280007,0.16000,5.04000
,,, 0.00126300007,0.24000,5.04000
,,, 0.00126320007,0.16000,5.08000
,,, 0.00126339996,0.16000,5.04000
,,, 0.00126359996,0.16000,5.04000
,,, 0.00126379996,0.16000,5.08000
,,, 0.00126399996,0.16000,5.04000
,,, 0.00126419996,0.24000,5.08000
,,, 0.00126439997,0.16000,5.04000
,,, 0.00126459997,0.24000,5.04000
,,, 0.00126479997,0.16000,5.08000
,,, 0.00126499997,0.16000,5.08000
,,, 0.00126519997,0.24000,5.04000
,,, 0.00126539997,0.16000,5.04000
,,, 0.00126559997,0.24000,5.08000
,,, 0.00126579998,0.16000,5.04000
,,, 0.00126599998,0.16000,5.08000
,,, 0.00126619998,0.16000,5.08000
,,, 0.00126639998,0.16000,5.04000
,,, 0.00126659998,0.24000,5.08000
,,, 0.00126679998,0.16000,5.04000
,,, 0.00126699999,0.24000,5.04000
,,, 0.00126719999,0.16000,5.08000
,,, 0.00126739999,0.16000,5.08000
,,, 0.00126759999,0.24000,5.08000
,,, 0.00126779999,0.24000,5.04000
,,, 0.00126799999,0.24000,5.04000
,,, 0.00126819999,0.16000,5.04000
,,, 0.00126840000,0.16000,5.04000
,,, 0.00126860000,0.24000,5.04000
,,, 0.00126880000,0.16000,5.08000
,,, 0.00126900000,0.16000,5.04000
,,, 0.00126920000,0.24000,5.04000
,,, 0.00126940000,0.24000,5.08000
,,, 0.00126960000,0.16000,5.08000
,,, 0.00126980001,0.24000,5.04000
,,, 0.00127000001,0.16000,5.04000
,,, 0.00127020001,0.24000,5.04000
,,, 0.00127040001,0.24000,5.04000
,,, 0.00127060001,0.16000,5.04000
,,, 0.00127080001,0.24000,5.04000
,,, 0.00127100002,0.16000,5.04000
,,, 0.00127120002,0.16000,5.08000
,,, 0.00127140002,0.16000,5.08000
,,, 0.00127160002,0.08000,5.08000
,,, 0.00127180002,0.16000,5.04000
,,, 0.00127200002,0.16000,5.04000
,,, 0.00127220002,0.16000,5.04000
,,, 0.00127240003,0.16000,5.08000
,,, 0.00127260003,0.16000,5.00000
,,, 0.00127280003,0.16000,5.04000
,,, 0.00127300003,0.16000,5.04000
,,, 0.00127320003,0.24000,5.04000
,,, 0.00127340003,0.24000,5.04000
,,, 0.00127360004,0.24000,5.04000
,,, 0.00127380004,0.16000,5.04000
,,, 0.00127400004,0.24000,5.04000
,,, 0.00127420004,0.24000,5.04000
,,, 0.00127440004,0.16000,5.08000
,,, 0.00127460004,0.16000,5.00000
,,, 0.00127480004,0.24000,5.08000
,,, 0.00127500005,0.24000,5.04000
,,, 0.00127520005,0.16000,5.04000
,,, 0.00127540005,0.16000,5.04000
,,, 0.00127560005,0.16000,5.04000
,,, 0.00127580005,0.16000,5.04000
,,, 0.00127600005,0.24000,5.08000
,,, 0.00127620006,0.16000,5.04000
,,, 0.00127640006,0.16000,5.04000
,,, 0.00127660006,0.24000,5.08000
,,, 0.00127680006,0.24000,5.04000
,,, 0.00127700006,0.24000,5.04000
,,, 0.00127720006,0.16000,5.04000
,,, 0.00127740006,0.24000,5.08000
,,, 0.00127760007,0.16000,5.08000
,,, 0.00127780007,0.16000,5.04000
,,, 0.00127800007,0.16000,5.04000
,,, 0.00127820007,0.16000,5.08000
,,, 0.00127840007,0.24000,5.04000
,,, 0.00127859996,0.24000,5.04000
,,, 0.00127879996,0.24000,5.04000
,,, 0.00127899996,0.24000,5.00000
,,, 0.00127919996,0.16000,5.04000
,,, 0.00127939996,0.16000,5.08000
,,, 0.00127959996,0.16000,5.00000
,,, 0.00127979997,0.24000,5.08000
,,, 0.00127999997,0.24000,5.04000
,,, 0.00128019997,0.24000,5.04000
,,, 0.00128039997,0.16000,5.04000
,,, 0.00128059997,0.16000,5.04000
,,, 0.00128079997,0.16000,5.04000
,,, 0.00128099998,0.16000,5.04000
,,, 0.00128119998,0.16000,5.08000
,,, 0.00128139998,0.16000,5.04000
,,, 0.00128159998,0.16000,5.04000
,,, 0.00128179998,0.16000,5.00000
,,, 0.00128199998,0.16000,5.04000
,,, 0.00128219998,0.16000,5.04000
,,, 0.00128239999,0.16000,5.04000
,,, 0.00128259999,0.16000,5.04000
,,, 0.00128279999,0.16000,5.04000
,,, 0.00128299999,0.16000,5.04000
,,, 0.00128319999,0.24000,5.04000
,,, 0.00128339999,0.24000,5.08000
,,, 0.00128360000,0.16000,5.00000
,,, 0.00128380000,0.24000,5.04000
,,, 0.00128400000,0.16000,5.04000
,,, 0.00128420000,0.16000,5.04000
,,, 0.00128440000,0.16000,5.04000
,,, 0.00128460000,0.24000,5.04000
,,, 0.00128480000,0.16000,5.08000
,,, 0.00128500001,0.16000,5.08000
,,, 0.00128520001,0.24000,5.08000
,,, 0.00128540001,0.16000,5.04000
,,, 0.00128560001,0.16000,5.08000
,,, 0.00128580001,0.16000,5.04000
,,, 0.00128600001,0.16000,5.04000
,,, 0.00128620001,0.16000,5.08000
,,, 0.00128640002,0.16000,5.04000
,,, 0.00128660002,0.16000,5.04000
,,, 0.00128680002,0.16000,5.04000
,,, 0.00128700002,0.16000,5.08000
,,, 0.00128720002,0.24000,5.04000
,,, 0.00128740002,0.24000,5.08000
,,, 0.00128760003,0.24000,5.04000
,,, 0.00128780003,0.16000,5.04000
,,, 0.00128800003,0.24000,5.04000
,,, 0.00128820003,0.16000,5.04000
,,, 0.00128840003,0.16000,5.04000
,,, 0.00128860003,0.16000,5.04000
,,, 0.00128880003,0.16000,5.04000
,,, 0.00128900004,0.24000,5.04000
,,, 0.00128920004,0.16000,5.04000
,,, 0.00128940004,0.16000,5.04000
,,, 0.00128960004,0.16000,5.04000
,,, 0.00128980004,0.16000,5.08000
,,, 0.00129000004,0.24000,5.04000
,,, 0.00129020005,0.24000,5.04000
,,, 0.00129040005,0.16000,5.08000
,,, 0.00129060005,0.24000,5.08000
,,, 0.00129080005,0.24000,5.04000
,,, 0.00129100005,0.24000,5.08000
,,, 0.00129120005,0.16000,5.04000
,,, 0.00129140005,0.24000,5.04000
,,, 0.00129160006,0.16000,5.08000
,,, 0.00129180006,0.16000,5.04000
,,, 0.00129200006,0.16000,5.04000
,,, 0.00129220006,0.24000,5.04000
,,, 0.00129240006,0.16000,5.08000
,,, 0.00129260006,0.16000,5.04000
,,, 0.00129280007,0.16000,5.04000
,,, 0.00129300007,0.16000,5.04000
,,, 0.00129320007,0.24000,5.04000
,,, 0.00129340007,0.16000,5.04000
,,, 0.00129360007,0.24000,5.04000
,,, 0.00129380007,0.16000,5.04000
,,, 0.00129399996,0.24000,5.04000
,,, 0.00129419996,0.24000,5.04000
,,, 0.00129439996,0.16000,5.00000
,,, 0.00129459996,0.24000,5.04000
,,, 0.00129479996,0.16000,5.04000
,,, 0.00129499997,0.16000,5.04000
,,, 0.00129519997,0.16000,5.04000
,,, 0.00129539997,0.16000,5.08000
,,, 0.00129559997,0.16000,5.08000
,,, 0.00129579997,0.16000,5.08000
,,, 0.00129599997,0.24000,5.04000
,,, 0.00129619997,0.16000,5.04000
,,, 0.00129639998,0.16000,5.04000
,,, 0.00129659998,0.16000,5.04000
,,, 0.00129679998,0.24000,5.04000
,,, 0.00129699998,0.16000,5.04000
,,, 0.00129719998,0.16000,5.04000
,,, 0.00129739998,0.24000,5.08000
,,, 0.00129759999,0.16000,5.00000
,,, 0.00129779999,0.24000,5.04000
,,, 0.00129799999,0.16000,5.08000
,,, 0.00129819999,0.16000,5.04000
,,, 0.00129839999,0.16000,5.04000
,,, 0.00129859999,0.16000,5.04000
,,, 0.00129879999,0.24000,5.04000
,,, 0.00129900000,0.16000,5.04000
,,, 0.00129920000,0.24000,5.04000
,,, 0.00129940000,0.16000,5.08000
,,, 0.00129960000,0.24000,5.04000
,,, 0.00129980000,0.16000,5.08000
,,, 0.00130000000,0.16000,5.04000
,,, 0.00130020001,0.16000,5.04000
,,, 0.00130040001,0.16000,5.08000
,,, 0.00130060001,0.16000,5.04000
,,, 0.00130080001,0.24000,5.04000
,,, 0.00130100001,0.24000,5.04000
,,, 0.00130120001,0.16000,5.04000
,,, 0.00130140001,0.16000,5.08000
,,, 0.00130160002,0.16000,5.04000
,,, 0.00130180002,0.16000,5.08000
,,, 0.00130200002,0.16000,5.08000
,,, 0.00130220002,0.16000,5.08000
,,, 0.00130240002,0.24000,5.04000
,,, 0.00130260002,0.16000,5.04000
,,, 0.00130280002,0.16000,5.08000
,,, 0.00130300003,0.16000,5.04000
,,, 0.00130320003,0.16000,5.04000
,,, 0.00130340003,0.16000,5.04000
,,, 0.00130360003,0.16000,5.04000
,,, 0.00130380003,0.16000,5.08000
,,, 0.00130400003,0.16000,5.04000
,,, 0.00130420004,0.24000,5.08000
,,, 0.00130440004,0.24000,5.04000
,,, 0.00130460004,0.16000,5.04000
,,, 0.00130480004,0.16000,5.04000
,,, 0.00130500004,0.16000,5.08000
,,, 0.00130520004,0.16000,5.04000
,,, 0.00130540004,0.16000,5.04000
,,, 0.00130560005,0.16000,5.08000
,,, 0.00130580005,0.16000,5.08000
,,, 0.00130600005,0.16000,5.04000
,,, 0.00130620005,0.16000,5.04000
,,, 0.00130640005,0.16000,5.04000
,,, 0.00130660005,0.16000,5.08000
,,, 0.00130680006,0.16000,5.08000
,,, 0.00130700006,0.16000,5.04000
,,, 0.00130720006,0.16000,5.04000
,,, 0.00130740006,0.16000,5.08000
,,, 0.00130760006,0.24000,5.04000
,,, 0.00130780006,0.16000,5.08000
,,, 0.00130800006,0.24000,5.04000
,,, 0.00130820007,0.16000,5.04000
,,, 0.00130840007,0.24000,5.08000
,,, 0.00130860007,0.16000,5.04000
,,, 0.00130880007,0.16000,5.04000
,,, 0.00130900007,0.24000,5.08000
,,, 0.00130919996,0.16000,5.04000
,,, 0.00130939996,0.16000,5.08000
,,, 0.00130959996,0.16000,5.04000
,,, 0.00130979996,0.16000,5.04000
,,, 0.00130999996,0.16000,5.04000
,,, 0.00131019996,0.16000,5.04000
,,, 0.00131039997,0.16000,5.04000
,,, 0.00131059997,0.16000,5.04000
,,, 0.00131079997,0.16000,5.04000
,,, 0.00131099997,0.16000,5.04000
,,, 0.00131119997,0.16000,5.04000
,,, 0.00131139997,0.16000,5.04000
,,, 0.00131159998,0.24000,5.08000
,,, 0.00131179998,0.16000,5.08000
,,, 0.00131199998,0.16000,5.04000
,,, 0.00131219998,0.16000,5.04000
,,, 0.00131239998,0.16000,5.04000
,,, 0.00131259998,0.16000,5.04000
,,, 0.00131279998,0.16000,5.04000
,,, 0.00131299999,0.24000,5.00000
,,, 0.00131319999,0.24000,5.08000
,,, 0.00131339999,0.24000,5.04000
,,, 0.00131359999,0.24000,5.04000
,,, 0.00131379999,0.16000,5.04000
,,, 0.00131399999,0.16000,5.04000
,,, 0.00131420000,0.24000,5.04000
,,, 0.00131440000,0.16000,5.04000
,,, 0.00131460000,0.16000,5.04000
,,, 0.00131480000,0.16000,5.04000
,,, 0.00131500000,0.24000,5.04000
,,, 0.00131520000,0.16000,5.04000
,,, 0.00131540000,0.16000,5.04000
,,, 0.00131560001,0.24000,5.04000
,,, 0.00131580001,0.16000,5.04000
,,, 0.00131600001,0.16000,5.04000
,,, 0.00131620001,0.24000,5.08000
,,, 0.00131640001,0.24000,5.04000
,,, 0.00131660001,0.16000,5.04000
,,, 0.00131680002,0.24000,5.04000
,,, 0.00131700002,0.24000,5.04000
,,, 0.00131720002,0.24000,5.04000
,,, 0.00131740002,0.16000,5.04000
,,, 0.00131760002,0.16000,5.08000
,,, 0.00131780002,0.24000,5.04000
,,, 0.00131800002,0.16000,5.04000
,,, 0.00131820003,0.24000,5.04000
,,, 0.00131840003,0.16000,5.04000
,,, 0.00131860003,0.16000,5.04000
,,, 0.00131880003,0.16000,5.04000
,,, 0.00131900003,0.16000,5.00000
,,, 0.00131920003,0.16000,5.04000
,,, 0.00131940003,0.24000,5.08000
,,, 0.00131960004,0.16000,5.04000
,,, 0.00131980004,0.24000,5.04000
,,, 0.00132000004,0.16000,5.04000
,,, 0.00132020004,0.16000,5.04000
,,, 0.00132040004,0.24000,5.04000
,,, 0.00132060004,0.24000,5.04000
,,, 0.00132080005,0.24000,5.08000
,,, 0.00132100005,0.16000,5.04000
,,, 0.00132120005,0.16000,5.04000
,,, 0.00132140005,0.24000,5.08000
,,, 0.00132160005,0.16000,5.04000
,,, 0.00132180005,0.16000,5.08000
,,, 0.00132200005,0.16000,5.08000
,,, 0.00132220006,0.16000,5.04000
,,, 0.00132240006,0.16000,5.04000
,,, 0.00132260006,0.16000,5.08000
,,, 0.00132280006,0.24000,5.04000
,,, 0.00132300006,0.16000,5.08000
,,, 0.00132320006,0.16000,5.08000
,,, 0.00132340007,0.24000,5.04000
,,, 0.00132360007,0.24000,5.08000
,,, 0.00132380007,0.24000,5.04000
,,, 0.00132400007,0.16000,5.04000
,,, 0.00132420007,0.16000,5.04000
,,, 0.00132440007,0.16000,5.04000
,,, 0.00132459996,0.16000,5.08000
,,, 0.00132479996,0.16000,5.04000
,,, 0.00132499996,0.16000,5.04000
,,, 0.00132519996,0.16000,5.08000
,,, 0.00132539996,0.16000,5.04000
,,, 0.00132559997,0.16000,5.04000
,,, 0.00132579997,0.16000,5.04000
,,, 0.00132599997,0.16000,5.04000
,,, 0.00132619997,0.24000,5.04000
,,, 0.00132639997,0.16000,5.04000
,,, 0.00132659997,0.16000,5.08000
,,, 0.00132679997,0.24000,5.04000
,,, 0.00132699998,0.16000,5.08000
,,, 0.00132719998,0.16000,5.08000
,,, 0.00132739998,0.16000,5.08000
,,, 0.00132759998,0.16000,5.04000
,,, 0.00132779998,0.24000,5.04000
,,, 0.00132799998,0.16000,5.04000
,,, 0.00132819999,0.16000,5.04000
,,, 0.00132839999,0.16000,5.08000
,,, 0.00132859999,0.16000,5.04000
,,, 0.00132879999,0.16000,5.08000
,,, 0.00132899999,0.16000,5.04000
,,, 0.00132919999,0.16000,5.04000
,,, 0.00132939999,0.16000,5.08000
,,, 0.00132960000,0.16000,5.04000
,,, 0.00132980000,0.24000,5.08000
,,, 0.00133000000,0.24000,5.08000
,,, 0.00133020000,0.16000,5.04000
,,, 0.00133040000,0.24000,5.04000
,,, 0.00133060000,0.16000,5.08000
,,, 0.00133080001,0.24000,5.04000
,,, 0.00133100001,0.16000,5.04000
,,, 0.00133120001,0.16000,5.08000
,,, 0.00133140001,0.24000,5.12000
,,, 0.00133160001,0.16000,5.04000
,,, 0.00133180001,0.16000,5.04000
,,, 0.00133200001,0.16000,5.04000
,,, 0.00133220002,0.16000,5.04000
,,, 0.00133240002,0.16000,5.08000
,,, 0.00133260002,0.24000,5.04000
,,, 0.00133280002,0.16000,5.08000
,,, 0.00133300002,0.16000,5.08000
,,, 0.00133320002,0.16000,5.04000
,,, 0.00133340003,0.24000,5.04000
,,, 0.00133360003,0.16000,5.04000
,,, 0.00133380003,0.16000,5.00000
,,, 0.00133400003,0.24000,5.04000
,,, 0.00133420003,0.16000,5.04000
,,, 0.00133440003,0.24000,5.08000
,,, 0.00133460003,0.16000,5.04000
,,, 0.00133480004,0.16000,5.04000
,,, 0.00133500004,0.24000,5.08000
,,, 0.00133520004,0.16000,5.04000
,,, 0.00133540004,0.16000,5.08000
,,, 0.00133560004,0.16000,5.04000
,,, 0.00133580004,0.16000,5.04000
,,, 0.00133600004,0.16000,5.04000
,,, 0.00133620005,0.16000,5.04000
,,, 0.00133640005,0.16000,5.04000
,,, 0.00133660005,0.16000,5.04000
,,, 0.00133680005,0.24000,5.08000
,,, 0.00133700005,0.24000,5.04000
,,, 0.00133720005,0.16000,5.04000
,,, 0.00133740006,0.24000,5.08000
,,, 0.00133760006,0.24000,5.04000
,,, 0.00133780006,0.16000,5.04000
,,, 0.00133800006,0.16000,5.04000
,,, 0.00133820006,0.16000,5.04000
,,, 0.00133840006,0.16000,5.08000
,,, 0.00133860006,0.16000,5.04000
,,, 0.00133880007,0.24000,5.04000
,,, 0.00133900007,0.24000,5.04000
,,, 0.00133920007,0.16000,5.00000
,,, 0.00133940007,0.24000,5.04000
,,, 0.00133960007,0.16000,5.04000
,,, 0.00133980007,0.24000,5.04000
,,, 0.00133999996,0.24000,5.04000
,,, 0.00134019996,0.16000,5.04000
,,, 0.00134039996,0.16000,5.04000
,,, 0.00134059996,0.16000,5.04000
,,, 0.00134079996,0.24000,5.04000
,,, 0.00134099997,0.24000,5.08000
,,, 0.00134119997,0.16000,5.08000
,,, 0.00134139997,0.16000,5.04000
,,, 0.00134159997,0.16000,5.04000
,,, 0.00134179997,0.16000,5.08000
,,, 0.00134199997,0.24000,5.04000
,,, 0.00134219998,0.16000,5.04000
,,, 0.00134239998,0.16000,5.08000
,,, 0.00134259998,0.16000,5.08000
,,, 0.00134279998,0.16000,5.08000
,,, 0.00134299998,0.24000,5.04000
,,, 0.00134319998,0.16000,5.04000
,,, 0.00134339998,0.24000,5.04000
,,, 0.00134359999,0.16000,5.04000
,,, 0.00134379999,0.16000,5.08000
,,, 0.00134399999,0.16000,5.08000
,,, 0.00134419999,0.24000,5.04000
,,, 0.00134439999,0.16000,5.04000
,,, 0.00134459999,0.24000,5.04000
,,, 0.00134480000,0.16000,5.08000
,,, 0.00134500000,0.16000,5.04000
,,, 0.00134520000,0.16000,5.04000
,,, 0.00134540000,0.16000,5.08000
,,, 0.00134560000,0.24000,5.04000
,,, 0.00134580000,0.16000,5.08000
,,, 0.00134600000,0.16000,5.04000
,,, 0.00134620001,0.16000,5.04000
,,, 0.00134640001,0.16000,5.04000
,,, 0.00134660001,0.24000,5.04000
,,, 0.00134680001,0.24000,5.04000
,,, 0.00134700001,0.24000,5.08000
,,, 0.00134720001,0.16000,5.08000
,,, 0.00134740002,0.16000,5.00000
,,, 0.00134760002,0.24000,5.04000
,,, 0.00134780002,0.16000,5.08000
,,, 0.00134800002,0.16000,5.04000
,,, 0.00134820002,0.16000,5.04000
,,, 0.00134840002,0.16000,5.08000
,,, 0.00134860002,0.24000,5.04000
,,, 0.00134880003,0.24000,5.04000
,,, 0.00134900003,0.16000,5.04000
,,, 0.00134920003,0.16000,5.08000
,,, 0.00134940003,0.24000,5.04000
,,, 0.00134960003,0.16000,5.08000
,,, 0.00134980003,0.16000,5.04000
,,, 0.00135000004,0.16000,5.08000
,,, 0.00135020004,0.16000,5.08000
,,, 0.00135040004,0.16000,5.04000
,,, 0.00135060004,0.24000,5.04000
,,, 0.00135080004,0.16000,5.00000
,,, 0.00135100004,0.24000,5.04000
,,, 0.00135120004,0.16000,5.04000
,,, 0.00135140005,0.16000,5.08000
,,, 0.00135160005,0.16000,5.04000
,,, 0.00135180005,0.16000,5.04000
,,, 0.00135200005,0.16000,5.04000
,,, 0.00135220005,0.16000,5.04000
,,, 0.00135240005,0.16000,5.08000
,,, 0.00135260005,0.24000,5.04000
,,, 0.00135280006,0.24000,5.04000
,,, 0.00135300006,0.16000,5.08000
,,, 0.00135320006,0.16000,5.04000
,,, 0.00135340006,0.24000,5.04000
,,, 0.00135360006,0.16000,5.04000
,,, 0.00135380006,0.16000,5.04000
,,, 0.00135400007,0.16000,5.04000
,,, 0.00135420007,0.16000,5.04000
,,, 0.00135440007,0.16000,5.04000
,,, 0.00135460007,0.16000,5.04000
,,, 0.00135480007,0.24000,5.08000
,,, 0.00135500007,0.16000,5.04000
,,, 0.00135519996,0.16000,5.04000
,,, 0.00135539996,0.16000,5.04000
,,, 0.00135559996,0.16000,5.08000
,,, 0.00135579996,0.16000,5.08000
,,, 0.00135599996,0.16000,5.04000
,,, 0.00135619997,0.16000,5.04000
,,, 0.00135639997,0.16000,5.04000
,,, 0.00135659997,0.16000,5.04000
,,, 0.00135679997,0.24000,5.04000
,,, 0.00135699997,0.16000,5.04000
,,, 0.00135719997,0.24000,5.08000
,,, 0.00135739997,0.24000,5.04000
,,, 0.00135759998,0.16000,5.04000
,,, 0.00135779998,0.16000,5.04000
,,, 0.00135799998,0.16000,5.04000
,,, 0.00135819998,0.24000,5.04000
,,, 0.00135839998,0.24000,5.04000
,,, 0.00135859998,0.16000,5.08000
,,, 0.00135879999,0.16000,5.08000
,,, 0.00135899999,0.24000,5.08000
,,, 0.00135919999,0.16000,5.04000
,,, 0.00135939999,0.16000,5.04000
,,, 0.00135959999,0.16000,5.04000
,,, 0.00135979999,0.16000,5.08000
,,, 0.00135999999,0.24000,5.04000
,,, 0.00136020000,0.24000,5.04000
,,, 0.00136040000,0.16000,5.04000
,,, 0.00136060000,0.16000,5.00000
,,, 0.00136080000,0.24000,5.08000
,,, 0.00136100000,0.24000,5.04000
,,, 0.00136120000,0.16000,5.08000
,,, 0.00136140001,0.24000,5.04000
,,, 0.00136160001,0.16000,5.04000
,,, 0.00136180001,0.16000,5.04000
,,, 0.00136200001,0.24000,5.04000
,,, 0.00136220001,0.16000,5.04000
,,, 0.00136240001,0.16000,5.04000
,,, 0.00136260001,0.16000,5.08000
,,, 0.00136280002,0.24000,5.04000
,,, 0.00136300002,0.24000,5.04000
,,, 0.00136320002,0.16000,5.04000
,,, 0.00136340002,0.24000,5.04000
,,, 0.00136360002,0.16000,5.04000
,,, 0.00136380002,0.16000,5.04000
,,, 0.00136400003,0.24000,5.04000
,,, 0.00136420003,0.16000,5.08000
,,, 0.00136440003,0.16000,5.04000
,,, 0.00136460003,0.24000,5.04000
,,, 0.00136480003,0.24000,5.04000
,,, 0.00136500003,0.16000,5.04000
,,, 0.00136520003,0.16000,5.08000
,,, 0.00136540004,0.16000,5.04000
,,, 0.00136560004,0.16000,5.08000
,,, 0.00136580004,0.16000,5.04000
,,, 0.00136600004,0.24000,5.08000
,,, 0.00136620004,0.16000,5.08000
,,, 0.00136640004,0.16000,5.04000
,,, 0.00136660005,0.16000,5.08000
,,, 0.00136680005,0.16000,5.04000
,,, 0.00136700005,0.16000,5.04000
,,, 0.00136720005,0.24000,5.04000
,,, 0.00136740005,0.24000,5.04000
,,, 0.00136760005,0.16000,5.08000
,,, 0.00136780005,0.24000,5.04000
,,, 0.00136800006,0.24000,5.04000
,,, 0.00136820006,0.24000,5.08000
,,, 0.00136840006,0.16000,5.08000
,,, 0.00136860006,0.16000,5.08000
,,, 0.00136880006,0.24000,5.08000
,,, 0.00136900006,0.16000,5.04000
,,, 0.00136920006,0.24000,5.08000
,,, 0.00136940007,0.16000,5.04000
,,, 0.00136960007,0.24000,5.04000
,,, 0.00136980007,0.16000,5.04000
,,, 0.00137000007,0.24000,5.04000
,,, 0.00137020007,0.24000,5.04000
,,, 0.00137040007,0.16000,5.08000
,,, 0.00137059996,0.16000,5.04000
,,, 0.00137079996,0.16000,5.04000
,,, 0.00137099996,0.24000,5.04000
,,, 0.00137119996,0.16000,5.08000
,,, 0.00137139997,0.16000,5.04000
,,, 0.00137159997,0.24000,5.04000
,,, 0.00137179997,0.24000,5.04000
,,, 0.00137199997,0.08000,5.04000
,,, 0.00137219997,0.24000,5.08000
,,, 0.00137239997,0.16000,5.04000
,,, 0.00137259997,0.24000,5.04000
,,, 0.00137279998,0.16000,5.04000
,,, 0.00137299998,0.24000,5.04000
,,, 0.00137319998,0.16000,5.04000
,,, 0.00137339998,0.16000,5.04000
,,, 0.00137359998,0.24000,5.08000
,,, 0.00137379998,0.16000,5.04000
,,, 0.00137399998,0.16000,5.04000
,,, 0.00137419999,0.16000,5.08000
,,, 0.00137439999,0.24000,5.04000
,,, 0.00137459999,0.24000,5.08000
,,, 0.00137479999,0.16000,5.08000
,,, 0.00137499999,0.24000,5.04000
,,, 0.00137519999,0.16000,5.04000
,,, 0.00137540000,0.16000,5.04000
,,, 0.00137560000,0.24000,5.04000
,,, 0.00137580000,0.16000,5.04000
,,, 0.00137600000,0.16000,5.04000
,,, 0.00137620000,0.16000,5.08000
,,, 0.00137640000,0.16000,5.04000
,,, 0.00137660000,0.24000,5.04000
,,, 0.00137680001,0.16000,5.04000
,,, 0.00137700001,0.16000,5.08000
,,, 0.00137720001,0.24000,5.04000
,,, 0.00137740001,0.16000,5.04000
,,, 0.00137760001,0.16000,5.04000
,,, 0.00137780001,0.24000,5.04000
,,, 0.00137800002,0.16000,5.04000
,,, 0.00137820002,0.16000,5.04000
,,, 0.00137840002,0.16000,5.04000
,,, 0.00137860002,0.24000,5.04000
,,, 0.00137880002,0.16000,5.04000
,,, 0.00137900002,0.16000,5.04000
,,, 0.00137920002,0.16000,5.04000
,,, 0.00137940003,0.24000,5.04000
,,, 0.00137960003,0.16000,5.04000
,,, 0.00137980003,0.16000,5.04000
,,, 0.00138000003,0.24000,5.04000
,,, 0.00138020003,0.16000,5.04000
,,, 0.00138040003,0.24000,5.04000
,,, 0.00138060004,0.16000,5.04000
,,, 0.00138080004,0.24000,5.08000
,,, 0.00138100004,0.16000,5.00000
,,, 0.00138120004,0.16000,5.04000
,,, 0.00138140004,0.16000,5.04000
,,, 0.00138160004,0.16000,5.04000
,,, 0.00138180004,0.16000,5.04000
,,, 0.00138200005,0.16000,5.08000
,,, 0.00138220005,0.16000,5.04000
,,, 0.00138240005,0.24000,5.04000
,,, 0.00138260005,0.16000,5.08000
,,, 0.00138280005,0.16000,5.04000
,,, 0.00138300005,0.16000,5.08000
,,, 0.00138320005,0.24000,5.04000
,,, 0.00138340006,0.24000,5.04000
,,, 0.00138360006,0.24000,5.04000
,,, 0.00138380006,0.16000,5.04000
,,, 0.00138400006,0.24000,5.08000
,,, 0.00138420006,0.24000,5.04000
,,, 0.00138440006,0.24000,5.08000
,,, 0.00138460007,0.24000,5.04000
,,, 0.00138480007,0.24000,5.08000
,,, 0.00138500007,0.24000,5.04000
,,, 0.00138520007,0.16000,5.04000
,,, 0.00138540007,0.16000,5.04000
,,, 0.00138560007,0.16000,5.04000
,,, 0.00138579996,0.16000,5.04000
,,, 0.00138599996,0.16000,5.04000
,,, 0.00138619996,0.16000,5.04000
,,, 0.00138639996,0.16000,5.04000
,,, 0.00138659996,0.16000,5.04000
,,, 0.00138679997,0.24000,5.04000
,,, 0.00138699997,0.24000,5.04000
,,, 0.00138719997,0.24000,5.04000
,,, 0.00138739997,0.16000,5.04000
,,, 0.00138759997,0.16000,5.08000
,,, 0.00138779997,0.16000,5.04000
,,, 0.00138799998,0.16000,5.04000
,,, 0.00138819998,0.16000,5.08000
,,, 0.00138839998,0.16000,5.04000
,,, 0.00138859998,0.24000,5.04000
,,, 0.00138879998,0.16000,5.04000
,,, 0.00138899998,0.16000,5.08000
,,, 0.00138919998,0.16000,5.04000
,,, 0.00138939999,0.16000,5.04000
,,, 0.00138959999,0.24000,5.04000
,,, 0.00138979999,0.24000,5.04000
,,, 0.00138999999,0.24000,5.04000
,,, 0.00139019999,0.16000,5.04000
,,, 0.00139039999,0.16000,5.04000
,,, 0.00139059999,0.16000,5.04000
,,, 0.00139080000,0.16000,5.04000
,,, 0.00139100000,0.24000,5.04000
,,, 0.00139120000,0.16000,5.08000
,,, 0.00139140000,0.16000,5.08000
,,, 0.00139160000,0.16000,5.04000
,,, 0.00139180000,0.24000,5.04000
,,, 0.00139200001,0.16000,5.04000
,,, 0.00139220001,0.24000,5.04000
,,, 0.00139240001,0.24000,5.04000
,,, 0.00139260001,0.16000,5.04000
,,, 0.00139280001,0.16000,5.04000
,,, 0.00139300001,0.16000,5.04000
,,, 0.00139320001,0.24000,5.04000
,,, 0.00139340002,0.24000,5.08000
,,, 0.00139360002,0.16000,5.04000
,,, 0.00139380002,0.16000,5.04000
,,, 0.00139400002,0.16000,5.04000
,,, 0.00139420002,0.16000,5.04000
,,, 0.00139440002,0.24000,5.08000
,,, 0.00139460003,0.16000,5.04000
,,, 0.00139480003,0.16000,5.08000
,,, 0.00139500003,0.24000,5.08000
,,, 0.00139520003,0.16000,5.08000
,,, 0.00139540003,0.16000,5.08000
,,, 0.00139560003,0.16000,5.04000
,,, 0.00139580003,0.16000,5.04000
,,, 0.00139600004,0.16000,5.04000
,,, 0.00139620004,0.16000,5.04000
,,, 0.00139640004,0.16000,5.08000
,,, 0.00139660004,0.16000,5.04000
,,, 0.00139680004,0.24000,5.08000
,,, 0.00139700004,0.16000,5.04000
,,, 0.00139720005,0.16000,5.08000
,,, 0.00139740005,0.24000,5.04000
,,, 0.00139760005,0.24000,5.08000
,,, 0.00139780005,0.24000,5.08000
,,, 0.00139800005,0.24000,5.04000
,,, 0.00139820005,0.16000,5.04000
,,, 0.00139840005,0.16000,5.08000
,,, 0.00139860006,0.24000,5.04000
,,, 0.00139880006,0.16000,5.04000
,,, 0.00139900006,0.16000,5.04000
,,, 0.00139920006,0.16000,5.04000
,,, 0.00139940006,0.16000,5.08000
,,, 0.00139960006,0.16000,5.04000
,,, 0.00139980006,0.24000,5.08000
,,, 0.00140000007,0.24000,5.04000
,,, 0.00140020007,0.24000,5.08000
,,, 0.00140040007,0.24000,5.04000
,,, 0.00140060007,0.16000,5.08000
,,, 0.00140080007,0.24000,5.04000
,,, 0.00140100007,0.16000,5.04000
,,, 0.00140119996,0.24000,5.04000
,,, 0.00140139996,0.16000,5.04000
,,, 0.00140159996,0.16000,5.04000
,,, 0.00140179996,0.24000,5.04000
,,, 0.00140199997,0.16000,5.04000
,,, 0.00140219997,0.24000,5.04000
,,, 0.00140239997,0.16000,5.04000
,,, 0.00140259997,0.16000,5.04000
,,, 0.00140279997,0.16000,5.04000
,,, 0.00140299997,0.16000,5.04000
,,, 0.00140319997,0.24000,5.04000
,,, 0.00140339998,0.24000,5.04000
,,, 0.00140359998,0.16000,5.04000
,,, 0.00140379998,0.24000,5.04000
,,, 0.00140399998,0.24000,5.04000
,,, 0.00140419998,0.16000,5.04000
,,, 0.00140439998,0.24000,5.04000
,,, 0.00140459999,0.16000,5.04000
,,, 0.00140479999,0.24000,5.08000
,,, 0.00140499999,0.16000,5.04000
,,, 0.00140519999,0.16000,5.08000
,,, 0.00140539999,0.16000,5.08000
,,, 0.00140559999,0.16000,5.04000
,,, 0.00140579999,0.16000,5.08000
,,, 0.00140600000,0.24000,5.08000
,,, 0.00140620000,0.24000,5.04000
,,, 0.00140640000,0.16000,5.04000
,,, 0.00140660000,0.16000,5.04000
,,, 0.00140680000,0.24000,5.00000
,,, 0.00140700000,0.16000,5.00000
,,, 0.00140720000,0.16000,5.04000
,,, 0.00140740001,0.24000,5.04000
,,, 0.00140760001,0.16000,5.04000
,,, 0.00140780001,0.24000,5.08000
,,, 0.00140800001,0.24000,5.08000
,,, 0.00140820001,0.16000,5.08000
,,, 0.00140840001,0.16000,5.04000
,,, 0.00140860002,0.16000,5.04000
,,, 0.00140880002,0.16000,5.08000
,,, 0.00140900002,0.24000,5.04000
,,, 0.00140920002,0.16000,5.04000
,,, 0.00140940002,0.24000,5.04000
,,, 0.00140960002,0.16000,5.04000
,,, 0.00140980002,0.16000,5.04000
,,, 0.00141000003,0.16000,5.04000
,,, 0.00141020003,0.16000,5.04000
,,, 0.00141040003,0.24000,5.04000
,,, 0.00141060003,0.24000,5.04000
,,, 0.00141080003,0.24000,5.04000
,,, 0.00141100003,0.16000,5.08000
,,, 0.00141120004,0.16000,5.04000
,,, 0.00141140004,0.16000,5.04000
,,, 0.00141160004,0.16000,5.04000
,,, 0.00141180004,0.24000,5.04000
,,, 0.00141200004,0.16000,5.04000
,,, 0.00141220004,0.16000,5.04000
,,, 0.00141240004,0.24000,5.08000
,,, 0.00141260005,0.16000,5.04000
,,, 0.00141280005,0.24000,5.04000
,,, 0.00141300005,0.24000,5.04000
,,, 0.00141320005,0.24000,5.04000
,,, 0.00141340005,0.16000,5.04000
,,, 0.00141360005,0.24000,5.04000
,,, 0.00141380006,0.16000,5.08000
,,, 0.00141400006,0.24000,5.04000
,,, 0.00141420006,0.16000,5.04000
,,, 0.00141440006,0.16000,5.04000
,,, 0.00141460006,0.24000,5.04000
,,, 0.00141480006,0.24000,5.04000
,,, 0.00141500006,0.16000,5.04000
,,, 0.00141520007,0.16000,5.08000
,,, 0.00141540007,0.24000,5.04000
,,, 0.00141560007,0.16000,5.04000
,,, 0.00141580007,0.16000,5.04000
,,, 0.00141600007,0.16000,5.00000
,,, 0.00141620007,0.16000,5.04000
,,, 0.00141639996,0.16000,5.04000
,,, 0.00141659996,0.16000,5.04000
,,, 0.00141679996,0.16000,5.04000
,,, 0.00141699996,0.16000,5.04000
,,, 0.00141719996,0.24000,5.08000
,,, 0.00141739997,0.24000,5.04000
,,, 0.00141759997,0.24000,5.04000
,,, 0.00141779997,0.16000,5.04000
,,, 0.00141799997,0.24000,5.04000
,,, 0.00141819997,0.24000,5.04000
,,, 0.00141839997,0.16000,5.08000
,,, 0.00141859998,0.16000,5.04000
,,, 0.00141879998,0.24000,5.04000
,,, 0.00141899998,0.16000,5.04000
,,, 0.00141919998,0.16000,5.04000
,,, 0.00141939998,0.16000,5.04000
,,, 0.00141959998,0.24000,5.04000
,,, 0.00141979998,0.16000,5.04000
,,, 0.00141999999,0.16000,5.00000
,,, 0.00142019999,0.24000,5.04000
,,, 0.00142039999,0.24000,5.04000
,,, 0.00142059999,0.24000,5.04000
,,, 0.00142079999,0.24000,5.04000
,,, 0.00142099999,0.16000,5.04000
,,, 0.00142120000,0.16000,5.04000
,,, 0.00142140000,0.16000,5.04000
,,, 0.00142160000,0.24000,5.08000
,,, 0.00142180000,0.16000,5.08000
,,, 0.00142200000,0.16000,5.04000
,,, 0.00142220000,0.16000,5.08000
,,, 0.00142240000,0.24000,5.04000
,,, 0.00142260001,0.24000,5.08000
,,, 0.00142280001,0.16000,5.04000
,,, 0.00142300001,0.24000,5.04000
,,, 0.00142320001,0.24000,5.04000
,,, 0.00142340001,0.16000,5.08000
,,, 0.00142360001,0.24000,5.08000
,,, 0.00142380001,0.16000,5.04000
,,, 0.00142400002,0.24000,5.04000
,,, 0.00142420002,0.24000,5.08000
,,, 0.00142440002,0.16000,5.04000
,,, 0.00142460002,0.24000,5.08000
,,, 0.00142480002,0.16000,5.04000
,,, 0.00142500002,0.16000,5.04000
,,, 0.00142520003,0.24000,5.08000
,,, 0.00142540003,0.16000,5.04000
,,, 0.00142560003,0.16000,5.08000
,,, 0.00142580003,0.24000,5.04000
,,, 0.00142600003,0.16000,5.04000
,,, 0.00142620003,0.16000,5.04000
,,, 0.00142640003,0.16000,5.08000
,,, 0.00142660004,0.24000,5.08000
,,, 0.00142680004,0.24000,5.08000
,,, 0.00142700004,0.16000,5.08000
,,, 0.00142720004,0.24000,5.04000
,,, 0.00142740004,0.16000,5.04000
,,, 0.00142760004,0.16000,5.08000
,,, 0.00142780005,0.24000,5.08000
,,, 0.00142800005,0.16000,5.04000
,,, 0.00142820005,0.16000,5.08000
,,, 0.00142840005,0.16000,5.04000
,,, 0.00142860005,0.24000,5.04000
,,, 0.00142880005,0.16000,5.04000
,,, 0.00142900005,0.16000,5.04000
,,, 0.00142920006,0.16000,5.08000
,,, 0.00142940006,0.24000,5.04000
,,, 0.00142960006,0.16000,5.08000
,,, 0.00142980006,0.24000,5.04000
,,, 0.00143000006,0.24000,5.00000
,,, 0.00143020006,0.24000,5.04000
,,, 0.00143040007,0.24000,5.04000
,,, 0.00143060007,0.24000,5.04000
,,, 0.00143080007,0.16000,5.04000
,,, 0.00143100007,0.16000,5.04000
,,, 0.00143120007,0.16000,5.04000
,,, 0.00143140007,0.24000,5.04000
,,, 0.00143160007,0.16000,5.08000
,,, 0.00143179996,0.24000,5.08000
,,, 0.00143199996,0.24000,5.04000
,,, 0.00143219996,0.16000,5.08000
,,, 0.00143239996,0.16000,5.08000
,,, 0.00143259997,0.16000,5.08000
,,, 0.00143279997,0.16000,5.08000
,,, 0.00143299997,0.16000,5.08000
,,, 0.00143319997,0.16000,5.08000
,,, 0.00143339997,0.16000,5.08000
,,, 0.00143359997,0.16000,5.04000
,,, 0.00143379997,0.24000,5.08000
,,, 0.00143399998,0.16000,5.04000
,,, 0.00143419998,0.16000,5.08000
,,, 0.00143439998,0.24000,5.04000
,,, 0.00143459998,0.24000,5.04000
,,, 0.00143479998,0.24000,5.08000
,,, 0.00143499998,0.16000,5.08000
,,, 0.00143519999,0.24000,5.08000
,,, 0.00143539999,0.16000,5.04000
,,, 0.00143559999,0.16000,5.04000
,,, 0.00143579999,0.16000,5.04000
,,, 0.00143599999,0.16000,5.04000
,,, 0.00143619999,0.16000,5.04000
,,, 0.00143639999,0.16000,5.04000
,,, 0.00143660000,0.16000,5.04000
,,, 0.00143680000,0.16000,5.08000
,,, 0.00143700000,0.24000,5.04000
,,, 0.00143720000,0.24000,5.04000
,,, 0.00143740000,0.16000,5.04000
,,, 0.00143760000,0.16000,5.04000
,,, 0.00143780001,0.24000,5.04000
,,, 0.00143800001,0.16000,5.04000
,,, 0.00143820001,0.16000,5.08000
,,, 0.00143840001,0.16000,5.08000
,,, 0.00143860001,0.16000,5.04000
,,, 0.00143880001,0.16000,5.04000
,,, 0.00143900001,0.16000,5.04000
,,, 0.00143920002,0.16000,5.04000
,,, 0.00143940002,0.16000,5.04000
,,, 0.00143960002,0.16000,5.04000
,,, 0.00143980002,0.16000,5.04000
,,, 0.00144000002,0.16000,5.00000
,,, 0.00144020002,0.32000,5.08000
,,, 0.00144040002,0.16000,5.08000
,,, 0.00144060003,0.16000,5.08000
,,, 0.00144080003,0.24000,5.08000
,,, 0.00144100003,0.24000,5.04000
,,, 0.00144120003,0.16000,5.08000
,,, 0.00144140003,0.24000,5.04000
,,, 0.00144160003,0.16000,5.08000
,,, 0.00144180004,0.16000,5.08000
,,, 0.00144200004,0.16000,5.08000
,,, 0.00144220004,0.16000,5.04000
,,, 0.00144240004,0.16000,5.04000
,,, 0.00144260004,0.24000,5.04000
,,, 0.00144280004,0.16000,5.04000
,,, 0.00144300004,0.16000,5.04000
,,, 0.00144320005,0.16000,5.04000
,,, 0.00144340005,0.24000,5.04000
,,, 0.00144360005,0.16000,5.04000
,,, 0.00144380005,0.16000,5.04000
,,, 0.00144400005,0.16000,5.04000
,,, 0.00144420005,0.16000,5.04000
,,, 0.00144440006,0.16000,5.04000
,,, 0.00144460006,0.16000,5.00000
,,, 0.00144480006,0.16000,5.04000
,,, 0.00144500006,0.16000,5.08000
,,, 0.00144520006,0.16000,5.00000
,,, 0.00144540006,0.16000,5.08000
,,, 0.00144560006,0.16000,5.04000
,,, 0.00144580007,0.16000,5.04000
,,, 0.00144600007,0.16000,5.04000
,,, 0.00144620007,0.24000,5.08000
,,, 0.00144640007,0.24000,5.08000
,,, 0.00144660007,0.16000,5.04000
,,, 0.00144680007,0.24000,5.04000
,,, 0.00144699996,0.24000,5.08000
,,, 0.00144719996,0.24000,5.08000
,,, 0.00144739996,0.16000,5.04000
,,, 0.00144759996,0.16000,5.00000
,,, 0.00144779996,0.16000,5.08000
,,, 0.00144799997,0.16000,5.08000
,,, 0.00144819997,0.24000,5.04000
,,, 0.00144839997,0.16000,5.00000
,,, 0.00144859997,0.16000,5.04000
,,, 0.00144879997,0.16000,5.04000
,,, 0.00144899997,0.16000,5.04000
,,, 0.00144919998,0.16000,5.08000
,,, 0.00144939998,0.16000,5.04000
,,, 0.00144959998,0.24000,5.04000
,,, 0.00144979998,0.16000,5.04000
,,, 0.00144999998,0.16000,5.04000
,,, 0.00145019998,0.16000,5.04000
,,, 0.00145039998,0.24000,5.04000
,,, 0.00145059999,0.16000,5.04000
,,, 0.00145079999,0.16000,5.04000
,,, 0.00145099999,0.16000,5.04000
,,, 0.00145119999,0.24000,5.04000
,,, 0.00145139999,0.16000,5.04000
,,, 0.00145159999,0.16000,5.04000
,,, 0.00145180000,0.16000,5.08000
,,, 0.00145200000,0.16000,5.08000
,,, 0.00145220000,0.16000,5.08000
,,, 0.00145240000,0.24000,5.04000
,,, 0.00145260000,0.16000,5.04000
,,, 0.00145280000,0.24000,5.04000
,,, 0.00145300000,0.16000,5.04000
,,, 0.00145320001,0.16000,5.08000
,,, 0.00145340001,0.24000,5.04000
,,, 0.00145360001,0.16000,5.04000
,,, 0.00145380001,0.16000,5.04000
,,, 0.00145400001,0.24000,5.04000
,,, 0.00145420001,0.24000,5.04000
,,, 0.00145440002,0.16000,5.08000
,,, 0.00145460002,0.24000,5.08000
,,, 0.00145480002,0.16000,5.04000
,,, 0.00145500002,0.16000,5.08000
,,, 0.00145520002,0.16000,5.08000
,,, 0.00145540002,0.24000,5.04000
,,, 0.00145560002,0.16000,5.08000
,,, 0.00145580003,0.16000,5.08000
,,, 0.00145600003,0.16000,5.04000
,,, 0.00145620003,0.16000,5.04000
,,, 0.00145640003,0.16000,5.04000
,,, 0.00145660003,0.24000,5.08000
,,, 0.00145680003,0.24000,5.04000
,,, 0.00145700003,0.24000,5.04000
,,, 0.00145720004,0.24000,5.04000
,,, 0.00145740004,0.16000,5.08000
,,, 0.00145760004,0.16000,5.04000
,,, 0.00145780004,0.24000,5.04000
,,, 0.00145800004,0.16000,5.04000
,,, 0.00145820004,0.16000,5.04000
,,, 0.00145840005,0.16000,5.08000
,,, 0.00145860005,0.16000,5.08000
,,, 0.00145880005,0.24000,5.08000
,,, 0.00145900005,0.16000,5.04000
,,, 0.00145920005,0.16000,5.04000
,,, 0.00145940005,0.16000,5.08000
,,, 0.00145960005,0.16000,5.04000
,,, 0.00145980006,0.24000,5.04000
,,, 0.00146000006,0.24000,5.08000
,,, 0.00146020006,0.24000,5.04000
,,, 0.00146040006,0.16000,5.00000
,,, 0.00146060006,0.24000,5.08000
,,, 0.00146080006,0.24000,5.04000
,,, 0.00146100007,0.24000,5.04000
,,, 0.00146120007,0.16000,5.04000
,,, 0.00146140007,0.24000,5.04000
,,, 0.00146160007,0.16000,5.08000
,,, 0.00146180007,0.16000,5.08000
,,, 0.00146200007,0.16000,5.08000
,,, 0.00146220007,0.16000,5.08000
,,, 0.00146239996,0.24000,5.08000
,,, 0.00146259996,0.16000,5.08000
,,, 0.00146279996,0.24000,5.08000
,,, 0.00146299996,0.16000,5.04000
,,, 0.00146319997,0.16000,5.04000
,,, 0.00146339997,0.16000,5.04000
,,, 0.00146359997,0.24000,5.04000
,,, 0.00146379997,0.16000,5.04000
,,, 0.00146399997,0.24000,5.04000
,,, 0.00146419997,0.16000,5.04000
,,, 0.00146439997,0.24000,5.08000
,,, 0.00146459998,0.16000,5.00000
,,, 0.00146479998,0.24000,5.08000
,,, 0.00146499998,0.24000,5.08000
,,, 0.00146519998,0.16000,5.04000
,,, 0.00146539998,0.16000,5.04000
,,, 0.00146559998,0.16000,5.08000
,,, 0.00146579999,0.16000,5.04000
,,, 0.00146599999,0.16000,5.08000
,,, 0.00146619999,0.16000,5.04000
,,, 0.00146639999,0.16000,5.08000
,,, 0.00146659999,0.16000,5.08000
,,, 0.00146679999,0.16000,5.04000
,,, 0.00146699999,0.16000,5.08000
,,, 0.00146720000,0.24000,5.04000
,,, 0.00146740000,0.24000,5.04000
,,, 0.00146760000,0.16000,5.04000
,,, 0.00146780000,0.24000,5.08000
,,, 0.00146800000,0.16000,5.04000
,,, 0.00146820000,0.16000,5.08000
,,, 0.00146840001,0.16000,5.08000
,,, 0.00146860001,0.16000,5.04000
,,, 0.00146880001,0.08000,5.04000
,,, 0.00146900001,0.24000,5.04000
,,, 0.00146920001,0.16000,5.08000
,,, 0.00146940001,0.16000,5.04000
,,, 0.00146960001,0.24000,5.04000
,,, 0.00146980002,0.24000,5.04000
,,, 0.00147000002,0.16000,5.04000
,,, 0.00147020002,0.24000,5.04000
,,, 0.00147040002,0.16000,5.04000
,,, 0.00147060002,0.24000,5.04000
,,, 0.00147080002,0.16000,5.04000
,,, 0.00147100003,0.24000,5.08000
,,, 0.00147120003,0.24000,5.08000
,,, 0.00147140003,0.16000,5.04000
,,, 0.00147160003,0.24000,5.04000
,,, 0.00147180003,0.16000,5.04000
,,, 0.00147200003,0.16000,5.04000
,,, 0.00147220003,0.16000,5.04000
,,, 0.00147240004,0.16000,5.08000
,,, 0.00147260004,0.16000,5.04000
,,, 0.00147280004,0.24000,5.04000
,,, 0.00147300004,0.16000,5.00000
,,, 0.00147320004,0.24000,5.04000
,,, 0.00147340004,0.24000,5.04000
,,, 0.00147360004,0.24000,5.04000
,,, 0.00147380005,0.16000,5.04000
,,, 0.00147400005,0.24000,5.08000
,,, 0.00147420005,0.24000,5.04000
,,, 0.00147440005,0.16000,5.04000
,,, 0.00147460005,0.16000,5.08000
,,, 0.00147480005,0.16000,5.04000
,,, 0.00147500006,0.16000,5.04000
,,, 0.00147520006,0.24000,5.04000
,,, 0.00147540006,0.16000,5.04000
,,, 0.00147560006,0.16000,5.04000
,,, 0.00147580006,0.16000,5.08000
,,, 0.00147600006,0.16000,5.04000
,,, 0.00147620006,0.16000,5.04000
,,, 0.00147640007,0.24000,5.04000
,,, 0.00147660007,0.24000,5.04000
,,, 0.00147680007,0.16000,5.08000
,,, 0.00147700007,0.24000,5.04000
,,, 0.00147720007,0.24000,5.04000
,,, 0.00147740007,0.24000,5.08000
,,, 0.00147760008,0.24000,5.04000
,,, 0.00147779996,0.24000,5.08000
,,, 0.00147799996,0.16000,5.04000
,,, 0.00147819996,0.16000,5.08000
,,, 0.00147839996,0.16000,5.08000
,,, 0.00147859997,0.16000,5.04000
,,, 0.00147879997,0.16000,5.04000
,,, 0.00147899997,0.16000,5.08000
,,, 0.00147919997,0.24000,5.04000
,,, 0.00147939997,0.16000,5.04000
,,, 0.00147959997,0.24000,5.08000
,,, 0.00147979998,0.16000,5.04000
,,, 0.00147999998,0.24000,5.04000
,,, 0.00148019998,0.24000,5.04000
,,, 0.00148039998,0.24000,5.04000
,,, 0.00148059998,0.24000,5.04000
,,, 0.00148079998,0.24000,5.04000
,,, 0.00148099998,0.16000,5.08000
,,, 0.00148119999,0.16000,5.04000
,,, 0.00148139999,0.24000,5.08000
,,, 0.00148159999,0.16000,5.04000
,,, 0.00148179999,0.16000,5.04000
,,, 0.00148199999,0.16000,5.04000
,,, 0.00148219999,0.16000,5.04000
,,, 0.00148240000,0.16000,5.04000
,,, 0.00148260000,0.24000,5.08000
,,, 0.00148280000,0.16000,5.04000
,,, 0.00148300000,0.16000,5.04000
,,, 0.00148320000,0.16000,5.04000
,,, 0.00148340000,0.16000,5.00000
,,, 0.00148360000,0.24000,5.04000
,,, 0.00148380001,0.24000,5.08000
,,, 0.00148400001,0.16000,5.04000
,,, 0.00148420001,0.16000,5.08000
,,, 0.00148440001,0.16000,5.04000
,,, 0.00148460001,0.24000,5.04000
,,, 0.00148480001,0.24000,5.04000
,,, 0.00148500002,0.16000,5.04000
,,, 0.00148520002,0.16000,5.08000
,,, 0.00148540002,0.16000,5.04000
,,, 0.00148560002,0.24000,5.08000
,,, 0.00148580002,0.16000,5.04000
,,, 0.00148600002,0.16000,5.04000
,,, 0.00148620002,0.16000,5.04000
,,, 0.00148640003,0.24000,5.04000
,,, 0.00148660003,0.16000,5.04000
,,, 0.00148680003,0.24000,5.04000
,,, 0.00148700003,0.16000,5.04000
,,, 0.00148720003,0.24000,5.04000
,,, 0.00148740003,0.16000,5.08000
,,, 0.00148760004,0.24000,5.04000
,,, 0.00148780004,0.24000,5.04000
,,, 0.00148800004,0.16000,5.04000
,,, 0.00148820004,0.16000,5.04000
,,, 0.00148840004,0.16000,5.08000
,,, 0.00148860004,0.16000,5.08000
,,, 0.00148880004,0.16000,5.04000
,,, 0.00148900005,0.16000,5.04000
,,, 0.00148920005,0.16000,5.08000
,,, 0.00148940005,0.24000,5.04000
,,, 0.00148960005,0.24000,5.04000
,,, 0.00148980005,0.16000,5.04000
,,, 0.00149000005,0.24000,5.04000
,,, 0.00149020005,0.24000,5.04000
,,, 0.00149040006,0.16000,5.04000
,,, 0.00149060006,0.16000,5.04000
,,, 0.00149080006,0.16000,5.04000
,,, 0.00149100006,0.16000,5.04000
,,, 0.00149120006,0.24000,5.08000
,,, 0.00149140006,0.16000,5.08000
,,, 0.00149160007,0.16000,5.12000
,,, 0.00149180007,0.16000,5.08000
,,, 0.00149200007,0.16000,5.04000
,,, 0.00149220007,0.16000,5.04000
,,, 0.00149240007,0.16000,5.04000
,,, 0.00149260007,0.16000,5.04000
,,, 0.00149280007,0.16000,5.08000
,,, 0.00149299996,0.24000,5.08000
,,, 0.00149319996,0.24000,5.04000
,,, 0.00149339996,0.16000,5.04000
,,, 0.00149359996,0.16000,5.08000
,,, 0.00149379997,0.24000,5.08000
,,, 0.00149399997,0.16000,5.04000
,,, 0.00149419997,0.16000,5.04000
,,, 0.00149439997,0.24000,5.08000
,,, 0.00149459997,0.16000,5.04000
,,, 0.00149479997,0.16000,5.04000
,,, 0.00149499997,0.16000,5.08000
,,, 0.00149519998,0.16000,5.04000
,,, 0.00149539998,0.16000,5.04000
,,, 0.00149559998,0.16000,5.04000
,,, 0.00149579998,0.24000,5.08000
,,, 0.00149599998,0.16000,5.04000
,,, 0.00149619998,0.16000,5.04000
,,, 0.00149639999,0.16000,5.04000
,,, 0.00149659999,0.24000,5.04000
,,, 0.00149679999,0.16000,5.04000
,,, 0.00149699999,0.24000,5.04000
,,, 0.00149719999,0.16000,5.08000
,,, 0.00149739999,0.16000,5.04000
,,, 0.00149759999,0.16000,5.08000
,,, 0.00149780000,0.16000,5.08000
,,, 0.00149800000,0.16000,5.08000
,,, 0.00149820000,0.16000,5.04000
,,, 0.00149840000,0.16000,5.08000
,,, 0.00149860000,0.16000,5.08000
,,, 0.00149880000,0.16000,5.08000
,,, 0.00149900001,0.24000,5.04000
,,, 0.00149920001,0.16000,5.04000
,,, 0.00149940001,0.16000,5.04000
,,, 0.00149960001,0.24000,5.08000
,,, 0.00149980001,0.24000,5.04000
,,, 0.00150000001,0.16000,5.04000
,,, 0.00150020001,0.24000,5.08000
,,, 0.00150040002,0.16000,5.08000
,,, 0.00150060002,0.16000,5.04000
,,, 0.00150080002,0.16000,5.04000
,,, 0.00150100002,0.24000,5.04000
,,, 0.00150120002,0.16000,5.04000
,,, 0.00150140002,0.16000,5.04000
,,, 0.00150160003,4.80000,0.04000
,,, 0.00150180003,4.80000,0.04000
,,, 0.00150200003,4.80000,0.04000
,,, 0.00150220003,4.80000,0.04000
,,, 0.00150240003,4.80000,0.04000
,,, 0.00150260003,4.80000,0.04000
,,, 0.00150280003,4.80000,0.04000
,,, 0.00150300004,4.80000,0.08000
,,, 0.00150320004,4.72000,0.04000
,,, 0.00150340004,4.80000,0.04000
,,, 0.00150360004,4.72000,0.04000
,,, 0.00150380004,4.72000,0.08000
,,, 0.00150400004,4.64000,0.04000
,,, 0.00150420005,4.64000,0.04000
,,, 0.00150440005,4.64000,0.08000
,,, 0.00150460005,4.64000,0.08000
,,, 0.00150480005,4.64000,0.08000
,,, 0.00150500005,4.56000,0.08000
,,, 0.00150520005,4.56000,0.12000
,,, 0.00150540005,4.56000,0.08000
,,, 0.00150560006,4.56000,0.12000
,,, 0.00150580006,4.56000,0.08000
,,, 0.00150600006,4.56000,0.12000
,,, 0.00150620006,4.56000,0.12000
,,, 0.00150640006,4.56000,0.08000
,,, 0.00150660006,4.48000,0.12000
,,, 0.00150680006,4.48000,0.04000
,,, 0.00150700007,4.48000,0.12000
,,, 0.00150720007,4.48000,0.12000
,,, 0.00150740007,4.48000,0.04000
,,, 0.00150760007,4.48000,0.12000
,,, 0.00150780007,4.48000,0.08000
,,, 0.00150800007,4.48000,0.08000
,,, 0.00150820008,4.48000,0.08000
,,, 0.00150839996,4.40000,0.08000
,,, 0.00150859996,4.48000,0.12000
,,, 0.00150879996,4.40000,0.08000
,,, 0.00150899997,4.32000,0.08000
,,, 0.00150919997,4.40000,0.12000
,,, 0.00150939997,4.32000,0.12000
,,, 0.00150959997,4.40000,0.08000
,,, 0.00150979997,4.32000,0.08000
,,, 0.00150999997,4.32000,0.08000
,,, 0.00151019997,4.32000,0.12000
,,, 0.00151039998,4.32000,0.08000
,,, 0.00151059998,4.32000,0.08000
,,, 0.00151079998,4.24000,0.08000
,,, 0.00151099998,4.32000,0.12000
,,, 0.00151119998,4.24000,0.08000
,,, 0.00151139998,4.24000,0.12000
,,, 0.00151159998,4.24000,0.12000
,,, 0.00151179999,4.24000,0.12000
,,, 0.00151199999,4.24000,0.08000
,,, 0.00151219999,4.24000,0.12000
,,, 0.00151239999,4.16000,0.12000
,,, 0.00151259999,4.24000,0.12000
,,, 0.00151279999,4.24000,0.08000
,,, 0.00151300000,4.16000,0.12000
,,, 0.00151320000,4.24000,0.08000
,,, 0.00151340000,4.16000,0.08000
,,, 0.00151360000,4.16000,0.08000
,,, 0.00151380000,4.16000,0.08000
,,, 0.00151400000,4.16000,0.08000
,,, 0.00151420000,4.16000,0.08000
,,, 0.00151440001,4.16000,0.08000
,,, 0.00151460001,4.16000,0.12000
,,, 0.00151480001,4.16000,0.12000
,,, 0.00151500001,4.16000,0.08000
,,, 0.00151520001,4.16000,0.12000
,,, 0.00151540001,4.08000,0.08000
,,, 0.00151560002,4.08000,0.08000
,,, 0.00151580002,4.08000,0.12000
,,, 0.00151600002,4.08000,0.12000
,,, 0.00151620002,4.00000,0.08000
,,, 0.00151640002,4.08000,0.12000
,,, 0.00151660002,4.08000,0.08000
,,, 0.00151680002,4.08000,0.08000
,,, 0.00151700003,4.08000,0.08000
,,, 0.00151720003,4.08000,0.12000
,,, 0.00151740003,4.08000,0.08000
,,, 0.00151760003,4.00000,0.08000
,,, 0.00151780003,4.00000,0.12000
,,, 0.00151800003,4.00000,0.08000
,,, 0.00151820004,4.00000,0.08000
,,, 0.00151840004,4.00000,0.12000
,,, 0.00151860004,4.00000,0.08000
,,, 0.00151880004,4.00000,0.12000
,,, 0.00151900004,4.00000,0.12000
,,, 0.00151920004,3.92000,0.08000
,,, 0.00151940004,3.92000,0.08000
,,, 0.00151960005,4.00000,0.08000
,,, 0.00151980005,4.00000,0.12000
,,, 0.00152000005,4.00000,0.08000
,,, 0.00152020005,4.00000,0.08000
,,, 0.00152040005,4.00000,0.08000
,,, 0.00152060005,4.00000,0.12000
,,, 0.00152080006,4.00000,0.12000
,,, 0.00152100006,4.00000,0.08000
,,, 0.00152120006,4.00000,0.08000
,,, 0.00152140006,3.92000,0.12000
,,, 0.00152160006,4.00000,0.12000
,,, 0.00152180006,3.92000,0.12000
,,, 0.00152200006,3.92000,0.08000
,,, 0.00152220007,4.00000,0.12000
,,, 0.00152240007,3.92000,0.12000
,,, 0.00152260007,4.00000,0.12000
,,, 0.00152280007,4.00000,0.08000
,,, 0.00152300007,4.00000,0.12000
,,, 0.00152320007,4.00000,0.08000
,,, 0.00152340007,4.00000,0.08000
,,, 0.00152359996,4.00000,0.12000
,,, 0.00152379996,4.00000,0.08000
,,, 0.00152399996,4.00000,0.04000
,,, 0.00152419996,3.92000,0.12000
,,, 0.00152439997,4.00000,0.04000
,,, 0.00152459997,4.00000,0.12000
,,, 0.00152479997,4.00000,0.12000
,,, 0.00152499997,4.00000,0.08000
,,, 0.00152519997,3.92000,0.12000
,,, 0.00152539997,4.00000,0.12000
,,, 0.00152559998,3.92000,0.12000
,,, 0.00152579998,3.92000,0.08000
,,, 0.00152599998,4.00000,0.12000
,,, 0.00152619998,4.00000,0.08000
,,, 0.00152639998,4.00000,0.12000
,,, 0.00152659998,4.00000,0.12000
,,, 0.00152679998,4.00000,0.04000
,,, 0.00152699999,3.92000,0.08000
,,, 0.00152719999,4.00000,0.12000
,,, 0.00152739999,4.00000,0.08000
,,, 0.00152759999,4.08000,0.08000
,,, 0.00152779999,3.92000,0.12000
,,, 0.00152799999,3.92000,0.08000
,,, 0.00152819999,4.00000,0.12000
,,, 0.00152840000,3.92000,0.12000
,,, 0.00152860000,4.00000,0.12000
,,, 0.00152880000,4.00000,0.08000
,,, 0.00152900000,4.00000,0.08000
,,, 0.00152920000,4.00000,0.08000
,,, 0.00152940000,3.92000,0.12000
,,, 0.00152960001,3.92000,0.12000
,,, 0.00152980001,3.92000,0.12000
,,, 0.00153000001,4.00000,0.08000
,,, 0.00153020001,4.00000,0.08000
,,, 0.00153040001,3.92000,0.08000
,,, 0.00153060001,3.92000,0.12000
,,, 0.00153080001,4.00000,0.08000
,,, 0.00153100002,4.00000,0.08000
,,, 0.00153120002,3.92000,0.04000
,,, 0.00153140002,4.00000,0.12000
,,, 0.00153160002,3.92000,0.08000
,,, 0.00153180002,3.92000,0.08000
,,, 0.00153200002,4.00000,0.08000
,,, 0.00153220003,4.00000,0.08000
,,, 0.00153240003,4.00000,0.12000
,,, 0.00153260003,4.00000,0.08000
,,, 0.00153280003,3.92000,0.12000
,,, 0.00153300003,3.92000,0.12000
,,, 0.00153320003,4.00000,0.08000
,,, 0.00153340003,3.92000,0.08000
,,, 0.00153360004,3.92000,0.08000
,,, 0.00153380004,4.00000,0.12000
,,, 0.00153400004,4.00000,0.12000
,,, 0.00153420004,3.92000,0.12000
,,, 0.00153440004,3.92000,0.08000
,,, 0.00153460004,3.92000,0.12000
,,, 0.00153480005,3.92000,0.04000
,,, 0.00153500005,3.92000,0.12000
,,, 0.00153520005,3.92000,0.12000
,,, 0.00153540005,3.92000,0.12000
,,, 0.00153560005,3.92000,0.08000
,,, 0.00153580005,3.92000,0.08000
,,, 0.00153600005,4.00000,0.12000
,,, 0.00153620006,3.92000,0.08000
,,, 0.00153640006,4.00000,0.08000
,,, 0.00153660006,4.00000,0.12000
,,, 0.00153680006,3.92000,0.08000
,,, 0.00153700006,3.92000,0.08000
,,, 0.00153720006,4.00000,0.12000
,,, 0.00153740006,4.00000,0.08000
,,, 0.00153760007,3.92000,0.08000
,,, 0.00153780007,3.92000,0.12000
,,, 0.00153800007,4.00000,0.04000
,,, 0.00153820007,4.00000,0.12000
,,, 0.00153840007,3.92000,0.12000
,,, 0.00153860007,4.00000,0.08000
,,, 0.00153880008,3.92000,0.12000
,,, 0.00153899996,3.92000,0.12000
,,, 0.00153919996,3.92000,0.12000
,,, 0.00153939996,4.00000,0.12000
,,, 0.00153959997,3.92000,0.08000
,,, 0.00153979997,4.00000,0.08000
,,, 0.00153999997,4.00000,0.08000
,,, 0.00154019997,4.00000,0.12000
,,, 0.00154039997,4.00000,0.08000
,,, 0.00154059997,4.00000,0.08000
,,, 0.00154079997,4.00000,0.08000
,,, 0.00154099998,3.92000,0.08000
,,, 0.00154119998,3.92000,0.12000
,,, 0.00154139998,4.00000,0.08000
,,, 0.00154159998,4.00000,0.12000
,,, 0.00154179998,4.00000,0.08000
,,, 0.00154199998,3.92000,0.12000
,,, 0.00154219999,3.92000,0.08000
,,, 0.00154239999,4.00000,0.12000
,,, 0.00154259999,4.00000,0.08000
,,, 0.00154279999,3.92000,0.12000
,,, 0.00154299999,4.00000,0.08000
,,, 0.00154319999,3.92000,0.08000
,,, 0.00154339999,3.92000,0.12000
,,, 0.00154360000,3.92000,0.12000
,,, 0.00154380000,3.92000,0.08000
,,, 0.00154400000,4.00000,0.12000
,,, 0.00154420000,4.00000,0.12000
,,, 0.00154440000,3.92000,0.08000
,,, 0.00154460000,3.92000,0.08000
,,, 0.00154480000,4.00000,0.08000
,,, 0.00154500001,3.92000,0.12000
,,, 0.00154520001,4.00000,0.08000
,,, 0.00154540001,3.92000,0.08000
,,, 0.00154560001,4.00000,0.08000
,,, 0.00154580001,4.00000,0.12000
,,, 0.00154600001,3.92000,0.12000
,,, 0.00154620002,3.92000,0.08000
,,, 0.00154640002,4.00000,0.12000
,,, 0.00154660002,3.92000,0.12000
,,, 0.00154680002,4.00000,0.08000
,,, 0.00154700002,4.00000,0.08000
,,, 0.00154720002,4.00000,0.12000
,,, 0.00154740002,4.00000,0.08000
,,, 0.00154760003,3.92000,0.08000
,,, 0.00154780003,3.92000,0.12000
,,, 0.00154800003,3.92000,0.12000
,,, 0.00154820003,4.00000,0.08000
,,, 0.00154840003,4.00000,0.08000
,,, 0.00154860003,3.92000,0.08000
,,, 0.00154880004,4.00000,0.08000
,,, 0.00154900004,3.92000,0.12000
,,, 0.00154920004,3.92000,0.04000
,,, 0.00154940004,3.92000,0.08000
,,, 0.00154960004,3.92000,0.12000
,,, 0.00154980004,3.92000,0.12000
,,, 0.00155000004,3.92000,0.08000
,,, 0.00155020005,3.92000,0.12000
,,, 0.00155040005,3.92000,0.08000
,,, 0.00155060005,4.00000,0.12000
,,, 0.00155080005,3.92000,0.12000
,,, 0.00155100005,4.00000,0.12000
,,, 0.00155120005,4.00000,0.12000
,,, 0.00155140006,4.00000,0.08000
,,, 0.00155160006,4.00000,0.12000
,,, 0.00155180006,3.92000,0.08000
,,, 0.00155200006,3.92000,0.12000
,,, 0.00155220006,3.92000,0.12000
,,, 0.00155240006,4.00000,0.12000
,,, 0.00155260006,4.00000,0.08000
,,, 0.00155280007,4.00000,0.12000
,,, 0.00155300007,4.00000,0.08000
,,, 0.00155320007,4.00000,0.08000
,,, 0.00155340007,4.00000,0.04000
,,, 0.00155360007,4.00000,0.08000
,,, 0.00155380007,4.00000,0.08000
,,, 0.00155400007,3.92000,0.12000
,,, 0.00155419996,4.00000,0.08000
,,, 0.00155439996,3.92000,0.12000
,,, 0.00155459996,3.92000,0.08000
,,, 0.00155479996,3.92000,0.08000
,,, 0.00155499997,4.00000,0.12000
,,, 0.00155519997,3.92000,0.08000
,,, 0.00155539997,3.92000,0.08000
,,, 0.00155559997,4.00000,0.08000
,,, 0.00155579997,3.92000,0.08000
,,, 0.00155599997,3.92000,0.08000
,,, 0.00155619998,4.00000,0.12000
,,, 0.00155639998,4.00000,0.08000
,,, 0.00155659998,4.00000,0.12000
,,, 0.00155679998,4.00000,0.04000
,,, 0.00155699998,4.00000,0.08000
,,, 0.00155719998,4.00000,0.12000
,,, 0.00155739998,4.00000,0.08000
,,, 0.00155759999,3.92000,0.08000
,,, 0.00155779999,3.92000,0.08000
,,, 0.00155799999,3.92000,0.08000
,,, 0.00155819999,4.00000,0.08000
,,, 0.00155839999,3.92000,0.08000
,,, 0.00155859999,3.92000,0.12000
,,, 0.00155880000,4.00000,0.12000
,,, 0.00155900000,4.00000,0.08000
,,, 0.00155920000,3.92000,0.12000
,,, 0.00155940000,3.92000,0.12000
,,, 0.00155960000,4.00000,0.08000
,,, 0.00155980000,4.00000,0.08000
,,, 0.00156000000,4.00000,0.12000
,,, 0.00156020001,4.00000,0.12000
,,, 0.00156040001,4.00000,0.08000
,,, 0.00156060001,4.00000,0.08000
,,, 0.00156080001,4.00000,0.08000
,,, 0.00156100001,3.92000,0.12000
,,, 0.00156120001,4.00000,0.12000
,,, 0.00156140001,3.92000,0.12000
,,, 0.00156160002,4.00000,0.08000
,,, 0.00156180002,4.00000,0.08000
,,, 0.00156200002,3.92000,0.12000
,,, 0.00156220002,3.92000,0.08000
,,, 0.00156240002,3.92000,0.08000
,,, 0.00156260002,3.92000,0.08000
,,, 0.00156280003,3.92000,0.12000
,,, 0.00156300003,3.92000,0.08000
,,, 0.00156320003,3.92000,0.08000
,,, 0.00156340003,4.00000,0.04000
,,, 0.00156360003,4.00000,0.08000
,,, 0.00156380003,4.00000,0.08000
,,, 0.00156400003,3.92000,0.08000
,,, 0.00156420004,3.92000,0.08000
,,, 0.00156440004,4.00000,0.08000
,,, 0.00156460004,3.92000,0.08000
,,, 0.00156480004,4.00000,0.04000
,,, 0.00156500004,4.00000,0.08000
,,, 0.00156520004,3.92000,0.12000
,,, 0.00156540005,3.92000,0.12000
,,, 0.00156560005,4.00000,0.12000
,,, 0.00156580005,4.00000,0.08000
,,, 0.00156600005,4.00000,0.12000
,,, 0.00156620005,3.92000,0.08000
,,, 0.00156640005,3.92000,0.08000
,,, 0.00156660005,3.92000,0.08000
,,, 0.00156680006,3.92000,0.08000
,,, 0.00156700006,4.00000,0.04000
,,, 0.00156720006,4.00000,0.08000
,,, 0.00156740006,4.00000,0.12000
,,, 0.00156760006,4.00000,0.08000
,,, 0.00156780006,4.00000,0.08000
,,, 0.00156800007,4.00000,0.12000
,,, 0.00156820007,3.92000,0.08000
,,, 0.00156840007,3.92000,0.04000
,,, 0.00156860007,3.92000,0.08000
,,, 0.00156880007,4.00000,0.08000
,,, 0.00156900007,3.92000,0.08000
,,, 0.00156920007,4.00000,0.08000
,,, 0.00156940008,3.92000,0.08000
,,, 0.00156959996,4.00000,0.08000
,,, 0.00156979996,3.92000,0.08000
,,, 0.00156999996,3.92000,0.04000
,,, 0.00157019997,4.00000,0.08000
,,, 0.00157039997,3.92000,0.08000
,,, 0.00157059997,4.00000,0.04000
,,, 0.00157079997,4.00000,0.08000
,,, 0.00157099997,4.00000,0.08000
,,, 0.00157119997,4.00000,0.08000
,,, 0.00157139997,4.00000,0.12000
,,, 0.00157159998,4.00000,0.12000
,,, 0.00157179998,4.00000,0.08000
,,, 0.00157199998,4.00000,0.12000
,,, 0.00157219998,3.92000,0.12000
,,, 0.00157239998,3.92000,0.12000
,,, 0.00157259998,3.92000,0.12000
,,, 0.00157279999,3.92000,0.08000
,,, 0.00157299999,3.92000,0.08000
,,, 0.00157319999,3.92000,0.08000
,,, 0.00157339999,3.92000,0.04000
,,, 0.00157359999,3.92000,0.08000
,,, 0.00157379999,4.00000,0.08000
,,, 0.00157399999,3.92000,0.12000
,,, 0.00157420000,4.00000,0.12000
,,, 0.00157440000,4.00000,0.08000
,,, 0.00157460000,4.00000,0.08000
,,, 0.00157480000,3.92000,0.12000
,,, 0.00157500000,3.92000,0.08000
,,, 0.00157520000,4.00000,0.12000
,,, 0.00157540001,3.92000,0.08000
,,, 0.00157560001,3.92000,0.08000
,,, 0.00157580001,3.92000,0.12000
,,, 0.00157600001,4.00000,0.12000
,,, 0.00157620001,3.92000,0.08000
,,, 0.00157640001,3.92000,0.08000
,,, 0.00157660001,4.00000,0.08000
,,, 0.00157680002,4.00000,0.12000
,,, 0.00157700002,3.92000,0.12000
,,, 0.00157720002,4.00000,0.08000
,,, 0.00157740002,3.92000,0.08000
,,, 0.00157760002,4.00000,0.08000
,,, 0.00157780002,4.00000,0.08000
,,, 0.00157800002,4.00000,0.12000
,,, 0.00157820003,4.00000,0.08000
,,, 0.00157840003,3.92000,0.12000
,,, 0.00157860003,4.00000,0.12000
,,, 0.00157880003,3.92000,0.12000
,,, 0.00157900003,4.00000,0.12000
,,, 0.00157920003,4.00000,0.12000
,,, 0.00157940004,4.00000,0.12000
,,, 0.00157960004,4.00000,0.12000
,,, 0.00157980004,4.00000,0.12000
,,, 0.00158000004,3.92000,0.12000
,,, 0.00158020004,3.92000,0.12000
,,, 0.00158040004,4.00000,0.12000
,,, 0.00158060004,3.92000,0.08000
,,, 0.00158080005,3.92000,0.08000
,,, 0.00158100005,3.92000,0.12000
,,, 0.00158120005,4.00000,0.08000
,,, 0.00158140005,3.92000,0.12000
,,, 0.00158160005,4.00000,0.08000
,,, 0.00158180005,4.00000,0.08000
,,, 0.00158200006,3.92000,0.12000
,,, 0.00158220006,4.00000,0.12000
,,, 0.00158240006,3.92000,0.12000
,,, 0.00158260006,3.92000,0.12000
,,, 0.00158280006,3.92000,0.08000
,,, 0.00158300006,3.92000,0.08000
,,, 0.00158320006,4.00000,0.08000
,,, 0.00158340007,4.00000,0.12000
,,, 0.00158360007,3.92000,0.08000
,,, 0.00158380007,4.00000,0.12000
,,, 0.00158400007,3.92000,0.08000
,,, 0.00158420007,3.92000,0.12000
,,, 0.00158440007,4.00000,0.08000
,,, 0.00158460008,3.92000,0.08000
,,, 0.00158480008,4.00000,0.08000
,,, 0.00158499996,4.00000,0.12000
,,, 0.00158519996,3.92000,0.12000
,,, 0.00158539996,3.92000,0.12000
,,, 0.00158559997,4.00000,0.08000
,,, 0.00158579997,3.92000,0.12000
,,, 0.00158599997,3.92000,0.08000
,,, 0.00158619997,4.00000,0.08000
,,, 0.00158639997,3.92000,0.08000
,,, 0.00158659997,3.92000,0.04000
,,, 0.00158679998,4.00000,0.08000
,,, 0.00158699998,3.92000,0.12000
,,, 0.00158719998,3.92000,0.04000
,,, 0.00158739998,4.00000,0.12000
,,, 0.00158759998,4.00000,0.12000
,,, 0.00158779998,4.00000,0.08000
,,, 0.00158799998,3.92000,0.12000
,,, 0.00158819999,4.00000,0.12000
,,, 0.00158839999,3.92000,0.12000
,,, 0.00158859999,4.00000,0.12000
,,, 0.00158879999,3.92000,0.12000
,,, 0.00158899999,3.92000,0.12000
,,, 0.00158919999,4.00000,0.12000
,,, 0.00158940000,4.00000,0.04000
,,, 0.00158960000,4.00000,0.04000
,,, 0.00158980000,4.00000,0.08000
,,, 0.00159000000,4.00000,0.08000
,,, 0.00159020000,4.00000,0.12000
,,, 0.00159040000,4.00000,0.08000
,,, 0.00159060000,4.00000,0.08000
,,, 0.00159080001,3.92000,0.08000
,,, 0.00159100001,4.00000,0.08000
,,, 0.00159120001,4.00000,0.08000
,,, 0.00159140001,3.92000,0.12000
,,, 0.00159160001,3.92000,0.12000
,,, 0.00159180001,4.00000,0.08000
,,, 0.00159200002,3.92000,0.08000
,,, 0.00159220002,4.00000,0.12000
,,, 0.00159240002,3.92000,0.08000
,,, 0.00159260002,3.92000,0.08000
,,, 0.00159280002,3.92000,0.08000
,,, 0.00159300002,3.92000,0.08000
,,, 0.00159320002,4.00000,0.12000
,,, 0.00159340003,4.00000,0.08000
,,, 0.00159360003,4.00000,0.08000
,,, 0.00159380003,4.00000,0.12000
,,, 0.00159400003,4.00000,0.12000
,,, 0.00159420003,4.00000,0.12000
,,, 0.00159440003,4.00000,0.12000
,,, 0.00159460003,4.00000,0.12000
,,, 0.00159480004,4.00000,0.12000
,,, 0.00159500004,3.92000,0.08000
,,, 0.00159520004,3.92000,0.08000
,,, 0.00159540004,4.00000,0.08000
,,, 0.00159560004,3.92000,0.08000
,,, 0.00159580004,3.92000,0.12000
,,, 0.00159600005,4.00000,0.08000
,,, 0.00159620005,4.00000,0.12000
,,, 0.00159640005,3.92000,0.08000
,,, 0.00159660005,4.00000,0.08000
,,, 0.00159680005,3.92000,0.08000
,,, 0.00159700005,4.00000,0.04000
,,, 0.00159720005,3.92000,0.08000
,,, 0.00159740006,4.00000,0.08000
,,, 0.00159760006,4.00000,0.12000
,,, 0.00159780006,4.00000,0.08000
,,, 0.00159800006,4.00000,0.12000
,,, 0.00159820006,3.92000,0.08000
,,, 0.00159840006,4.00000,0.08000
,,, 0.00159860007,3.92000,0.08000
,,, 0.00159880007,3.92000,0.08000
,,, 0.00159900007,4.00000,0.08000
,,, 0.00159920007,4.00000,0.08000
,,, 0.00159940007,4.00000,0.12000
,,, 0.00159960007,4.00000,0.08000
,,, 0.00159980007,4.00000,0.12000
,,, 0.00160000008,4.00000,0.08000
,,, 0.00160019996,4.00000,0.12000
,,, 0.00160039996,4.00000,0.08000
,,, 0.00160059996,4.00000,0.08000
,,, 0.00160079997,3.92000,0.08000
,,, 0.00160099997,4.00000,0.08000
,,, 0.00160119997,4.00000,0.08000
,,, 0.00160139997,4.00000,0.12000
,,, 0.00160159997,4.00000,0.08000
,,, 0.00160179997,4.00000,0.12000
,,, 0.00160199997,3.92000,0.08000
,,, 0.00160219998,3.92000,0.08000
,,, 0.00160239998,3.92000,0.12000
,,, 0.00160259998,4.00000,0.12000
,,, 0.00160279998,3.92000,0.12000
,,, 0.00160299998,4.00000,0.12000
,,, 0.00160319998,3.92000,0.08000
,,, 0.00160339999,4.00000,0.12000
,,, 0.00160359999,4.00000,0.08000
,,, 0.00160379999,3.92000,0.08000
,,, 0.00160399999,4.00000,0.12000
,,, 0.00160419999,3.92000,0.12000
,,, 0.00160439999,4.00000,0.12000
,,, 0.00160459999,3.92000,0.12000
,,, 0.00160480000,4.00000,0.12000
,,, 0.00160500000,3.92000,0.08000
,,, 0.00160520000,3.92000,0.08000
,,, 0.00160540000,4.00000,0.08000
,,, 0.00160560000,3.92000,0.12000
,,, 0.00160580000,4.00000,0.12000
,,, 0.00160600001,4.00000,0.12000
,,, 0.00160620001,3.92000,0.12000
,,, 0.00160640001,3.92000,0.12000
,,, 0.00160660001,3.92000,0.12000
,,, 0.00160680001,4.00000,0.08000
,,, 0.00160700001,4.00000,0.12000
,,, 0.00160720001,4.00000,0.08000
,,, 0.00160740002,4.00000,0.12000
,,, 0.00160760002,4.00000,0.12000
,,, 0.00160780002,3.92000,0.08000
,,, 0.00160800002,3.92000,0.08000
,,, 0.00160820002,3.92000,0.12000
,,, 0.00160840002,3.92000,0.08000
,,, 0.00160860003,4.00000,0.08000
,,, 0.00160880003,3.92000,0.04000
,,, 0.00160900003,4.00000,0.12000
,,, 0.00160920003,3.92000,0.08000
,,, 0.00160940003,4.00000,0.08000
,,, 0.00160960003,4.00000,0.08000
,,, 0.00160980003,3.92000,0.12000
,,, 0.00161000004,3.92000,0.08000
,,, 0.00161020004,4.00000,0.08000
,,, 0.00161040004,4.00000,0.04000
,,, 0.00161060004,4.00000,0.12000
,,, 0.00161080004,4.00000,0.12000
,,, 0.00161100004,4.00000,0.12000
,,, 0.00161120004,4.00000,0.12000
,,, 0.00161140005,3.92000,0.08000
,,, 0.00161160005,4.00000,0.12000
,,, 0.00161180005,4.00000,0.12000
,,, 0.00161200005,3.92000,0.12000
,,, 0.00161220005,4.00000,0.12000
,,, 0.00161240005,3.92000,0.12000
,,, 0.00161260006,3.92000,0.12000
,,, 0.00161280006,3.92000,0.08000
,,, 0.00161300006,4.00000,0.12000
,,, 0.00161320006,3.92000,0.12000
,,, 0.00161340006,3.92000,0.08000
,,, 0.00161360006,4.00000,0.08000
,,, 0.00161380006,4.00000,0.08000
,,, 0.00161400007,4.00000,0.12000
,,, 0.00161420007,4.00000,0.12000
,,, 0.00161440007,4.00000,0.12000
,,, 0.00161460007,4.00000,0.08000
,,, 0.00161480007,3.92000,0.08000
,,, 0.00161500007,3.92000,0.12000
,,, 0.00161520008,4.00000,0.12000
,,, 0.00161540008,3.92000,0.12000
,,, 0.00161559996,3.92000,0.12000
,,, 0.00161579996,3.92000,0.08000
,,, 0.00161599996,3.92000,0.08000
,,, 0.00161619997,4.00000,0.08000
,,, 0.00161639997,4.00000,0.08000
,,, 0.00161659997,3.92000,0.08000
,,, 0.00161679997,4.00000,0.08000
,,, 0.00161699997,4.00000,0.12000
,,, 0.00161719997,3.92000,0.12000
,,, 0.00161739998,4.00000,0.08000
,,, 0.00161759998,3.92000,0.08000
,,, 0.00161779998,4.00000,0.08000
,,, 0.00161799998,4.00000,0.12000
,,, 0.00161819998,3.92000,0.12000
,,, 0.00161839998,3.92000,0.12000
,,, 0.00161859998,3.92000,0.08000
,,, 0.00161879999,3.92000,0.08000
,,, 0.00161899999,3.92000,0.08000
,,, 0.00161919999,4.00000,0.08000
,,, 0.00161939999,4.00000,0.08000
,,, 0.00161959999,4.00000,0.12000
,,, 0.00161979999,4.00000,0.12000
,,, 0.00162000000,3.92000,0.12000
,,, 0.00162020000,3.92000,0.08000
,,, 0.00162040000,4.00000,0.08000
,,, 0.00162060000,4.00000,0.12000
,,, 0.00162080000,4.00000,0.08000
,,, 0.00162100000,4.00000,0.12000
,,, 0.00162120000,3.92000,0.08000
,,, 0.00162140001,3.92000,0.08000
,,, 0.00162160001,4.00000,0.12000
,,, 0.00162180001,3.92000,0.12000
,,, 0.00162200001,4.00000,0.08000
,,, 0.00162220001,4.00000,0.08000
,,, 0.00162240001,3.92000,0.12000
,,, 0.00162260002,4.00000,0.12000
,,, 0.00162280002,3.92000,0.08000
,,, 0.00162300002,4.00000,0.08000
,,, 0.00162320002,3.92000,0.12000
,,, 0.00162340002,4.00000,0.12000
,,, 0.00162360002,3.92000,0.08000
,,, 0.00162380002,4.00000,0.08000
,,, 0.00162400003,4.00000,0.12000
,,, 0.00162420003,4.00000,0.12000
,,, 0.00162440003,4.00000,0.08000
,,, 0.00162460003,3.92000,0.08000
,,, 0.00162480003,4.00000,0.08000
,,, 0.00162500003,3.92000,0.08000
,,, 0.00162520004,3.92000,0.08000
,,, 0.00162540004,4.00000,0.08000
,,, 0.00162560004,4.00000,0.12000
,,, 0.00162580004,3.92000,0.08000
,,, 0.00162600004,4.00000,0.08000
,,, 0.00162620004,4.00000,0.08000
,,, 0.00162640004,4.00000,0.08000
,,, 0.00162660005,3.92000,0.08000
,,, 0.00162680005,3.92000,0.08000
,,, 0.00162700005,4.00000,0.04000
,,, 0.00162720005,4.00000,0.12000
,,, 0.00162740005,4.00000,0.12000
,,, 0.00162760005,4.00000,0.12000
,,, 0.00162780005,4.00000,0.04000
,,, 0.00162800006,4.00000,0.08000
,,, 0.00162820006,4.00000,0.12000
,,, 0.00162840006,3.92000,0.08000
,,, 0.00162860006,4.00000,0.12000
,,, 0.00162880006,3.92000,0.12000
,,, 0.00162900006,4.00000,0.12000
,,, 0.00162920007,4.00000,0.08000
,,, 0.00162940007,3.92000,0.08000
,,, 0.00162960007,4.00000,0.08000
,,, 0.00162980007,4.00000,0.08000
,,, 0.00163000007,4.00000,0.12000
,,, 0.00163020007,3.92000,0.04000
,,, 0.00163040007,4.00000,0.08000
,,, 0.00163060008,4.00000,0.08000
,,, 0.00163079996,3.92000,0.08000
,,, 0.00163099996,4.00000,0.12000
,,, 0.00163119996,4.00000,0.12000
,,, 0.00163139997,4.00000,0.12000
,,, 0.00163159997,3.92000,0.12000
,,, 0.00163179997,3.92000,0.12000
,,, 0.00163199997,4.00000,0.12000
,,, 0.00163219997,4.00000,0.08000
,,, 0.00163239997,4.00000,0.12000
,,, 0.00163259997,3.92000,0.12000
,,, 0.00163279998,4.00000,0.08000
,,, 0.00163299998,4.00000,0.12000
,,, 0.00163319998,3.92000,0.08000
,,, 0.00163339998,3.92000,0.08000
,,, 0.00163359998,4.00000,0.08000
,,, 0.00163379998,4.00000,0.12000
,,, 0.00163399999,4.00000,0.12000
,,, 0.00163419999,4.00000,0.08000
,,, 0.00163439999,4.00000,0.12000
,,, 0.00163459999,4.00000,0.08000
,,, 0.00163479999,4.00000,0.08000
,,, 0.00163499999,4.00000,0.08000
,,, 0.00163519999,4.00000,0.12000
,,, 0.00163540000,4.00000,0.12000
,,, 0.00163560000,4.00000,0.08000
,,, 0.00163580000,3.92000,0.12000
,,, 0.00163600000,4.00000,0.08000
,,, 0.00163620000,4.00000,0.08000
,,, 0.00163640000,4.00000,0.08000
,,, 0.00163660001,4.00000,0.08000
,,, 0.00163680001,3.92000,0.04000
,,, 0.00163700001,3.92000,0.12000
,,, 0.00163720001,3.92000,0.08000
,,, 0.00163740001,4.00000,0.08000
,,, 0.00163760001,4.00000,0.12000
,,, 0.00163780001,3.92000,0.08000
,,, 0.00163800002,3.92000,0.08000
,,, 0.00163820002,4.00000,0.12000
